{
  "P7_JTAG_AXI_SAFE_STAGE": "PASS",
  "generated_at_utc": "2026-07-16T11:58:51.730964+00:00",
  "stage_name": "p7_p6_frame_regression_m1",
  "semantic_mode": "rfap",
  "requested_execute_hardware": true,
  "hardware_actions_executed": true,
  "programmed_fpga": true,
  "programmed_candidate": true,
  "programmed_shutdown_before": true,
  "programmed_shutdown_after": true,
  "started_ps_elf": false,
  "drove_tfdu_txd": true,
  "enabled_tfdu_receiver": true,
  "uart_access": false,
  "ethernet_used": false,
  "motion_used": false,
  "hardware_acceptance": "PENDING_HW",
  "diagnostic_only": true,
  "coverage_claimed": false,
  "HARDWARE_ACCEPTANCE": "PENDING_HW",
  "stage66_diagnostic_campaign": {
    "campaign_id": "p7_stage66_stationary_diagnostic_20260715",
    "run_id": "p7_20260716_stationary_app_r67_diag_stage66_c04",
    "hardware_attempt_number": 4,
    "maximum_actual_hardware_attempts": 10,
    "full_stage_ordinal": 2,
    "formal_acceptance_coverage": false
  },
  "safety_validation": {
    "P7_HARDWARE_SAFETY": "PASS",
    "ready_for_hardware_preflight": true,
    "hardware_actions_executed": false,
    "programmed_fpga": false,
    "drove_tfdu_txd": false,
    "started_ps_elf": false,
    "authorization_environment_present": true,
    "authorization": {
      "exists": true,
      "path": "D:\\CodexWorktrees\\stage66prep_ed417a3\\RF_COMM_MULTILANE\\.hardware_authorization\\p7_20260716_stationary_app_r67_diag_stage66_c04_002_p7_p6_frame_regression_m1.txt",
      "actual_sha256": "3e1cd8c3d35b6b51e667cb8bc5c695d722c9a9ea9a4a559ec5f442ab04a01693",
      "expected_sha256": "3e1cd8c3d35b6b51e667cb8bc5c695d722c9a9ea9a4a559ec5f442ab04a01693",
      "markers": [
        "P7_STATIONARY_APP_LAYER_APPROVED"
      ],
      "duplicate_keys": []
    },
    "authorization_fields": {
      "AUTHORIZED_STAGE": "P7_STATIONARY_LOCAL_APPLICATION_LAYER_NO_ETHERNET",
      "USER_HARDWARE_AUTHORIZATION_FOR_P7": "GRANTED",
      "BOARD_ID": "210512180081",
      "EXPECTED_PART": "xc7z010clg400-1",
      "EXPECTED_TARGET": "localhost:3121/xilinx_tcf/Digilent/210512180081",
      "SOURCE_COMMIT": "ed417a345798a2cf118b847ddf8eca0693479a41",
      "MAX_RUNTIME_SEC": "960",
      "SHUTDOWN_ON_EXIT": "required",
      "NO_ETHERNET": "true",
      "NO_MOTION": "true",
      "LANE_COUNT": "2",
      "MAX_LANE_MASK": "0x3",
      "P7_EXECUTION_MODE": "DIAGNOSTIC_ONLY",
      "P7_COVERAGE_CLAIMED": "false",
      "HARDWARE_ACCEPTANCE": "PENDING_HW",
      "P7_FULL_STAGE_ORDINAL": "2",
      "P7_STAGE66_DIAGNOSTIC_CAMPAIGN": "true",
      "P7_STAGE66_CAMPAIGN_ID": "p7_stage66_stationary_diagnostic_20260715",
      "P7_STAGE66_CAMPAIGN_RUN_ID": "p7_20260716_stationary_app_r67_diag_stage66_c04",
      "P7_STAGE66_CAMPAIGN_ATTEMPT_NUMBER": "4",
      "P7_STAGE66_CAMPAIGN_MAX_HARDWARE_ATTEMPTS": "10",
      "P7_STAGE66_CAMPAIGN_POLICY_PATH": "D:\\CodexWorktrees\\stage66prep_ed417a3\\RF_COMM_MULTILANE\\config\\p7_stage66_diagnostic_campaign_policy.json",
      "P7_STAGE66_CAMPAIGN_POLICY_SHA256": "6d151c61f096cdc0be248d9445649c0a6898c84ecb9b5ca1684991505c844e74",
      "P7_STAGE66_CAMPAIGN_LEDGER_PATH": "D:\\CodexWorktrees\\stage66prep_ed417a3\\RF_COMM_MULTILANE\\evidence\\hardware\\p7\\stage66_diagnostic_campaign\\p7_stage66_stationary_diagnostic_20260715\\campaign_ledger.json",
      "P7_STAGE66_CAMPAIGN_PRIOR_LEDGER_SHA256": "4402422c6f36f31c880aec6658bd56cb1af3f9cb485006876cace54f1f3e6e88",
      "P7_PLAN_PATH": "D:\\CodexWorktrees\\stage66prep_ed417a3\\RF_COMM_MULTILANE\\evidence\\hardware\\p7\\artifacts\\p7_plan_c6db9d8348c3bc518fa5985595adfcdada1a08f11c9246c6103ec378b43b58dd.md",
      "P7_PLAN_SHA256": "c6db9d8348c3bc518fa5985595adfcdada1a08f11c9246c6103ec378b43b58dd",
      "BITSTREAM_PATH": "D:\\CodexWorktrees\\stage66prep_ed417a3\\RF_COMM_MULTILANE\\evidence\\hardware\\p6\\bitstreams\\p6_jtag_dynamic_transport_798b0194029638fa27a254dd58db5d6fd28b65d91c5cf2c9e32c0f9076ee3c0f.bit",
      "BITSTREAM_SHA256": "798b0194029638fa27a254dd58db5d6fd28b65d91c5cf2c9e32c0f9076ee3c0f",
      "XSA_PATH": "D:\\CodexWorktrees\\stage66prep_ed417a3\\RF_COMM_MULTILANE\\evidence\\hardware\\p6\\bitstreams\\p6_ps_dynamic_transport_45e39fa92e0199eef24892968e49e8abdaa9a7d9e4f571866b188316c6dc4cf0.xsa",
      "XSA_SHA256": "45e39fa92e0199eef24892968e49e8abdaa9a7d9e4f571866b188316c6dc4cf0",
      "ELF_PATH": "D:\\CodexWorktrees\\stage66prep_ed417a3\\RF_COMM_MULTILANE\\evidence\\hardware\\p7\\artifacts\\p7_runtime_0e77e4ffa1e3b6ded782361fd45c70f52a45332402e1d31edbbd210d28468fc3.elf",
      "ELF_SHA256": "0e77e4ffa1e3b6ded782361fd45c70f52a45332402e1d31edbbd210d28468fc3",
      "PROFILE_PATH": "D:\\CodexWorktrees\\stage66prep_ed417a3\\RF_COMM_MULTILANE\\profiles\\p7\\p7_stationary_app_30min.json",
      "PROFILE_SHA256": "65a36a8318e7fd1e3b647997aceca773c69e76eee85cb8fae922148ccd8f3c94",
      "ACTIVE_XDC_PATH": "D:\\CodexWorktrees\\stage66prep_ed417a3\\RF_COMM_MULTILANE\\constraints\\active\\PORT1.generated.xdc",
      "ACTIVE_XDC_SHA256": "f53239e233c25509b6f15b5d0154be07f686c83c1568524a9ecf2e4bcbaa1344",
      "PINMAP_PATH": "D:\\CodexWorktrees\\stage66prep_ed417a3\\RF_COMM_MULTILANE\\board_profiles\\ax7010_tfdu_j10_j11_pinmap.csv",
      "PINMAP_SHA256": "583a0151cb1e968f7d0782e38d20e1e4b9df387310966561c14fb2383a8541cd",
      "REGISTER_MAP_PATH": "D:\\CodexWorktrees\\stage66prep_ed417a3\\RF_COMM_MULTILANE\\config\\register_map\\ir_axi_regs.yaml",
      "REGISTER_MAP_SHA256": "d5b0bf1476d815a3ed69988c72097827356d4eade48813c8913fc1b2d448983d",
      "SHUTDOWN_BITSTREAM_PATH": "D:\\CodexWorktrees\\stage66prep_ed417a3\\RF_COMM_MULTILANE\\shutdown_bitstream\\tfdu_shutdown_j10_j11.bit",
      "SHUTDOWN_BITSTREAM_SHA256": "bac60b58912f0acd771dc830a6761535ec8f6a92befb1ae4cb7d928745af5810",
      "LTX_PATH": "D:\\CodexWorktrees\\stage66prep_ed417a3\\RF_COMM_MULTILANE\\evidence\\hardware\\p6\\bitstreams\\p6_jtag_dynamic_transport_76fe1ec47871946a7d357b0caa1f669500de827b796d6154dcc54678e0ac7083.ltx",
      "LTX_SHA256": "76fe1ec47871946a7d357b0caa1f669500de827b796d6154dcc54678e0ac7083",
      "P7_JTAG_STAGE_NAME": "p7_p6_frame_regression_m1",
      "P7_JTAG_SEMANTIC_MODE": "rfap",
      "P7_JTAG_TRANSACTION_PATH": "D:\\CodexWorktrees\\stage66prep_ed417a3\\RF_COMM_MULTILANE\\build\\p7_authorized_sequence\\p7_20260716_stationary_app_r67_diag_stage66_c04\\transactions\\002_p7_p6_frame_regression_m1.transactions.txt",
      "P7_JTAG_TRANSACTION_SHA256": "4569a727fa2fc7f64afbdbf9f029b6da1489ca48e84262bd7e9c45d51a909fbd",
      "P7_JTAG_FREQUENCY_HZ": "1000000",
      "P7_JTAG_AXI_BASE": "0x43c00000",
      "P7_JTAG_BACKEND_MANIFEST_PATH": "D:\\CodexWorktrees\\stage66prep_ed417a3\\RF_COMM_MULTILANE\\build\\p7_authorized_sequence\\p7_20260716_stationary_app_r67_diag_stage66_c04\\manifests\\002_p7_p6_frame_regression_m1.manifest.json",
      "P7_JTAG_BACKEND_MANIFEST_SHA256": "5baadba02d157521b063ed04883cb5d973547ba1b384e1637882fde4ade1a784"
    },
    "source_commit_requested": "ed417a345798a2cf118b847ddf8eca0693479a41",
    "source_commit_current": "ed417a345798a2cf118b847ddf8eca0693479a41",
    "dirty_files": [
      " M evidence/generated/p7_2lane_scope_summary.md",
      " M evidence/generated/p7_application_protocol_summary.md",
      " M evidence/generated/p7_artifact_provenance_summary.json",
      " M evidence/generated/p7_artifact_provenance_summary.md",
      " M evidence/generated/p7_backend_conformance_summary.md",
      " M evidence/generated/p7_fault_recovery_summary.md",
      " M evidence/generated/p7_file_integrity_summary.md",
      " M evidence/generated/p7_fragmentation_reassembly_summary.md",
      " M evidence/generated/p7_lane1_promotion_summary.json",
      " M evidence/generated/p7_lane_scheduler_summary.md",
      " M evidence/generated/p7_no_ethernet_summary.md",
      " M evidence/generated/p7_no_motion_summary.md",
      " M evidence/generated/p7_offline_gate_summary.json",
      " M evidence/generated/p7_offline_gate_summary.md",
      " M evidence/generated/p7_offline_test_run.json",
      " M evidence/generated/p7_protocol_vector_summary.json",
      " M evidence/generated/p7_protocol_vector_summary.md",
      " M evidence/generated/p7_ps_core_hardware_readiness.json",
      " M evidence/generated/p7_ps_core_hardware_readiness.md",
      " M evidence/generated/p7_ps_runtime_build_summary.json",
      " M evidence/generated/p7_ps_runtime_build_summary.md",
      " M evidence/generated/p7_ps_runtime_summary.md",
      " M evidence/generated/p7_queue_backpressure_summary.md",
      " M evidence/generated/p7_repo_intake.md",
      " M evidence/generated/p7_repo_intake_summary.json",
      " M evidence/generated/p7_repo_intake_summary.md",
      " M evidence/generated/p7_segmentation_reassembly_summary.md",
      " M evidence/generated/vitis/p7_ps_runtime/p7_ps7_board_contract.json",
      " M evidence/generated/vitis/p7_ps_runtime/p7_ps_runtime_build.log",
      " M evidence/generated/vitis/p7_ps_runtime/p7_ps_runtime_build_summary.json",
      " M evidence/generated/vitis/p7_ps_runtime/p7_ps_runtime_build_summary.md",
      " M evidence/generated/vitis/p7_ps_runtime/p7_runtime.map",
      " M evidence/generated/vitis/p7_ps_runtime/p7_runtime_disassembly.txt",
      " M evidence/generated/vitis/p7_ps_runtime/p7_runtime_sections.txt",
      " M evidence/generated/vitis/p7_ps_runtime/p7_runtime_size.txt",
      " M evidence/generated/vitis/p7_ps_runtime/p7_runtime_stack_usage.txt",
      "?? evidence/hardware/p7/artifacts/p7_runtime_a13bd4bbdb0e7e6d7ea10f5346cf5e56cb22905e263ebd5b28c87c2715d14687.map",
      "?? evidence/hardware/p7/authorized_sequence/p7_20260716_stationary_app_r67_diag_stage66_c04/",
      "?? evidence/hardware/p7/stage66_diagnostic_campaign/"
    ],
    "max_runtime_sec": 960,
    "lane_count": 2,
    "max_lane_mask": "0x3",
    "no_ethernet": true,
    "no_motion": true,
    "shutdown_on_exit": true,
    "abort_file": "D:\\CodexWorktrees\\stage66prep_ed417a3\\RF_COMM_MULTILANE\\.hardware_authorization\\ABORT_NOW.txt",
    "abort_file_present": false,
    "hw_server_url": "localhost:3121",
    "preflight_tcl": "D:\\CodexWorktrees\\stage66prep_ed417a3\\RF_COMM_MULTILANE\\scripts\\hw\\p7_hw_preflight.tcl",
    "preflight_tcl_sha256": "95bfbdf7e6c429e6637c1b4224a9dcecaa1fd756a1f665b21a797d54afbfc464",
    "artifacts": {
      "plan": {
        "path": "D:\\CodexWorktrees\\stage66prep_ed417a3\\RF_COMM_MULTILANE\\evidence\\hardware\\p7\\artifacts\\p7_plan_c6db9d8348c3bc518fa5985595adfcdada1a08f11c9246c6103ec378b43b58dd.md",
        "expected_sha256": "c6db9d8348c3bc518fa5985595adfcdada1a08f11c9246c6103ec378b43b58dd",
        "exists": true,
        "actual_sha256": "c6db9d8348c3bc518fa5985595adfcdada1a08f11c9246c6103ec378b43b58dd"
      },
      "bitstream": {
        "path": "D:\\CodexWorktrees\\stage66prep_ed417a3\\RF_COMM_MULTILANE\\evidence\\hardware\\p6\\bitstreams\\p6_jtag_dynamic_transport_798b0194029638fa27a254dd58db5d6fd28b65d91c5cf2c9e32c0f9076ee3c0f.bit",
        "expected_sha256": "798b0194029638fa27a254dd58db5d6fd28b65d91c5cf2c9e32c0f9076ee3c0f",
        "exists": true,
        "actual_sha256": "798b0194029638fa27a254dd58db5d6fd28b65d91c5cf2c9e32c0f9076ee3c0f"
      },
      "xsa": {
        "path": "D:\\CodexWorktrees\\stage66prep_ed417a3\\RF_COMM_MULTILANE\\evidence\\hardware\\p6\\bitstreams\\p6_ps_dynamic_transport_45e39fa92e0199eef24892968e49e8abdaa9a7d9e4f571866b188316c6dc4cf0.xsa",
        "expected_sha256": "45e39fa92e0199eef24892968e49e8abdaa9a7d9e4f571866b188316c6dc4cf0",
        "exists": true,
        "actual_sha256": "45e39fa92e0199eef24892968e49e8abdaa9a7d9e4f571866b188316c6dc4cf0"
      },
      "elf": {
        "path": "D:\\CodexWorktrees\\stage66prep_ed417a3\\RF_COMM_MULTILANE\\evidence\\hardware\\p7\\artifacts\\p7_runtime_0e77e4ffa1e3b6ded782361fd45c70f52a45332402e1d31edbbd210d28468fc3.elf",
        "expected_sha256": "0e77e4ffa1e3b6ded782361fd45c70f52a45332402e1d31edbbd210d28468fc3",
        "exists": true,
        "actual_sha256": "0e77e4ffa1e3b6ded782361fd45c70f52a45332402e1d31edbbd210d28468fc3"
      },
      "profile": {
        "path": "D:\\CodexWorktrees\\stage66prep_ed417a3\\RF_COMM_MULTILANE\\profiles\\p7\\p7_stationary_app_30min.json",
        "expected_sha256": "65a36a8318e7fd1e3b647997aceca773c69e76eee85cb8fae922148ccd8f3c94",
        "exists": true,
        "actual_sha256": "65a36a8318e7fd1e3b647997aceca773c69e76eee85cb8fae922148ccd8f3c94"
      },
      "active_xdc": {
        "path": "D:\\CodexWorktrees\\stage66prep_ed417a3\\RF_COMM_MULTILANE\\constraints\\active\\PORT1.generated.xdc",
        "expected_sha256": "f53239e233c25509b6f15b5d0154be07f686c83c1568524a9ecf2e4bcbaa1344",
        "exists": true,
        "actual_sha256": "f53239e233c25509b6f15b5d0154be07f686c83c1568524a9ecf2e4bcbaa1344"
      },
      "pinmap": {
        "path": "D:\\CodexWorktrees\\stage66prep_ed417a3\\RF_COMM_MULTILANE\\board_profiles\\ax7010_tfdu_j10_j11_pinmap.csv",
        "expected_sha256": "583a0151cb1e968f7d0782e38d20e1e4b9df387310966561c14fb2383a8541cd",
        "exists": true,
        "actual_sha256": "583a0151cb1e968f7d0782e38d20e1e4b9df387310966561c14fb2383a8541cd"
      },
      "register_map": {
        "path": "D:\\CodexWorktrees\\stage66prep_ed417a3\\RF_COMM_MULTILANE\\config\\register_map\\ir_axi_regs.yaml",
        "expected_sha256": "d5b0bf1476d815a3ed69988c72097827356d4eade48813c8913fc1b2d448983d",
        "exists": true,
        "actual_sha256": "d5b0bf1476d815a3ed69988c72097827356d4eade48813c8913fc1b2d448983d"
      },
      "shutdown_bitstream": {
        "path": "D:\\CodexWorktrees\\stage66prep_ed417a3\\RF_COMM_MULTILANE\\shutdown_bitstream\\tfdu_shutdown_j10_j11.bit",
        "expected_sha256": "bac60b58912f0acd771dc830a6761535ec8f6a92befb1ae4cb7d928745af5810",
        "exists": true,
        "actual_sha256": "bac60b58912f0acd771dc830a6761535ec8f6a92befb1ae4cb7d928745af5810"
      },
      "ltx": {
        "path": "D:\\CodexWorktrees\\stage66prep_ed417a3\\RF_COMM_MULTILANE\\evidence\\hardware\\p6\\bitstreams\\p6_jtag_dynamic_transport_76fe1ec47871946a7d357b0caa1f669500de827b796d6154dcc54678e0ac7083.ltx",
        "expected_sha256": "76fe1ec47871946a7d357b0caa1f669500de827b796d6154dcc54678e0ac7083",
        "exists": true,
        "actual_sha256": "76fe1ec47871946a7d357b0caa1f669500de827b796d6154dcc54678e0ac7083"
      }
    },
    "errors": [],
    "warnings": [
      "workspace has uncommitted changes; frozen artifact hashes remain authoritative"
    ]
  },
  "stage_validation_errors": [],
  "transaction_validation": {
    "format": "P7_JTAG_AXI_TRANSACTIONS_V1",
    "path": "D:\\CodexWorktrees\\stage66prep_ed417a3\\RF_COMM_MULTILANE\\build\\p7_authorized_sequence\\p7_20260716_stationary_app_r67_diag_stage66_c04\\transactions\\002_p7_p6_frame_regression_m1.transactions.txt",
    "expected_sha256": "4569a727fa2fc7f64afbdbf9f029b6da1489ca48e84262bd7e9c45d51a909fbd",
    "actual_sha256": "4569a727fa2fc7f64afbdbf9f029b6da1489ca48e84262bd7e9c45d51a909fbd",
    "operation_count": 4269,
    "poll_operation_count": 40,
    "poll_iteration_ceiling": 240000,
    "metadata": {
      "BACKEND": "p7_jtag_backend",
      "LANE_POLICY": "LANE0_ONLY"
    },
    "errors": [],
    "size_bytes": 130270,
    "start_operation_count": 20,
    "commit_operation_count": 20,
    "payload_write_count": 1189,
    "logical_axi_operation_count": 4269,
    "minimum_run_hw_axi_call_count": 246,
    "multi_transaction_batch_count": 122,
    "batched_single_word_transaction_count": 4145,
    "max_batch_transactions": 62,
    "axi4_incr_burst_count": 60,
    "axi4_incr_burst_word_count": 3567,
    "max_axi4_incr_burst_words": 62,
    "queued_single_run_hw_axi_call_count": 83,
    "queued_single_multi_transaction_batch_count": 62,
    "queued_single_transaction_count": 599,
    "max_queued_single_transactions": 16,
    "ordered_control_write_run_hw_axi_call_count": 63,
    "queued_control_write_transaction_count": 0,
    "standalone_run_hw_axi_call_count": 124,
    "result_keys": [
      "P7F00000_ACK_SEEN",
      "P7F00000_ACK_SENT",
      "P7F00000_COMMIT",
      "P7F00000_COMMIT_POLLS",
      "P7F00000_CRC_BAD",
      "P7F00000_DONE",
      "P7F00000_DONE_POLLS",
      "P7F00000_DUTY_VIOLATION",
      "P7F00000_ERROR_CODE",
      "P7F00000_FRAME_BAD",
      "P7F00000_FRAME_GOOD",
      "P7F00000_MAILBOX",
      "P7F00000_PAYLOAD_MISMATCH",
      "P7F00000_RAW_RX_PULSES",
      "P7F00000_RAW_TX_PULSES",
      "P7F00000_RETRY_COUNT",
      "P7F00000_RETRY_EXHAUSTED",
      "P7F00000_RXW000",
      "P7F00000_RXW001",
      "P7F00000_RXW002",
      "P7F00000_RXW003",
      "P7F00000_RXW004",
      "P7F00000_RXW005",
      "P7F00000_RXW006",
      "P7F00000_RXW007",
      "P7F00000_RXW008",
      "P7F00000_RXW009",
      "P7F00000_RXW010",
      "P7F00000_RXW011",
      "P7F00000_RXW012",
      "P7F00000_RXW013",
      "P7F00000_RXW014",
      "P7F00000_RXW015",
      "P7F00000_RXW016",
      "P7F00000_RXW017",
      "P7F00000_RXW018",
      "P7F00000_RXW019",
      "P7F00000_RXW020",
      "P7F00000_RXW021",
      "P7F00000_RXW022",
      "P7F00000_RXW023",
      "P7F00000_RXW024",
      "P7F00000_RXW025",
      "P7F00000_RXW026",
      "P7F00000_RXW027",
      "P7F00000_RXW028",
      "P7F00000_RXW029",
      "P7F00000_RXW030",
      "P7F00000_RXW031",
      "P7F00000_RXW032",
      "P7F00000_RXW033",
      "P7F00000_RXW034",
      "P7F00000_RXW035",
      "P7F00000_RXW036",
      "P7F00000_RXW037",
      "P7F00000_RXW038",
      "P7F00000_RXW039",
      "P7F00000_RXW040",
      "P7F00000_RXW041",
      "P7F00000_RXW042",
      "P7F00000_RXW043",
      "P7F00000_RXW044",
      "P7F00000_RXW045",
      "P7F00000_RXW046",
      "P7F00000_RXW047",
      "P7F00000_RXW048",
      "P7F00000_RXW049",
      "P7F00000_RXW050",
      "P7F00000_RXW051",
      "P7F00000_RXW052",
      "P7F00000_RXW053",
      "P7F00000_RXW054",
      "P7F00000_RXW055",
      "P7F00000_RXW056",
      "P7F00000_RXW057",
      "P7F00000_RXW058",
      "P7F00000_RXW059",
      "P7F00000_RXW060",
      "P7F00000_RXW061",
      "P7F00000_RX_CRC32",
      "P7F00000_RX_DIGEST",
      "P7F00000_RX_GOOD_COUNT_L0",
      "P7F00000_RX_GOOD_COUNT_L1",
      "P7F00000_RX_LEN",
      "P7F00000_STATUS",
      "P7F00000_STICKY_ERROR",
      "P7F00000_TXD_HIGH_MAX",
      "P7F00000_TXW000",
      "P7F00000_TXW001",
      "P7F00000_TXW002",
      "P7F00000_TXW003",
      "P7F00000_TXW004",
      "P7F00000_TXW005",
      "P7F00000_TXW006",
      "P7F00000_TXW007",
      "P7F00000_TXW008",
      "P7F00000_TXW009",
      "P7F00000_TXW010",
      "P7F00000_TXW011",
      "P7F00000_TXW012",
      "P7F00000_TXW013",
      "P7F00000_TXW014",
      "P7F00000_TXW015",
      "P7F00000_TXW016",
      "P7F00000_TXW017",
      "P7F00000_TXW018",
      "P7F00000_TXW019",
      "P7F00000_TXW020",
      "P7F00000_TXW021",
      "P7F00000_TXW022",
      "P7F00000_TXW023",
      "P7F00000_TXW024",
      "P7F00000_TXW025",
      "P7F00000_TXW026",
      "P7F00000_TXW027",
      "P7F00000_TXW028",
      "P7F00000_TXW029",
      "P7F00000_TXW030",
      "P7F00000_TXW031",
      "P7F00000_TXW032",
      "P7F00000_TXW033",
      "P7F00000_TXW034",
      "P7F00000_TXW035",
      "P7F00000_TXW036",
      "P7F00000_TXW037",
      "P7F00000_TXW038",
      "P7F00000_TXW039",
      "P7F00000_TXW040",
      "P7F00000_TXW041",
      "P7F00000_TXW042",
      "P7F00000_TXW043",
      "P7F00000_TXW044",
      "P7F00000_TXW045",
      "P7F00000_TXW046",
      "P7F00000_TXW047",
      "P7F00000_TXW048",
      "P7F00000_TXW049",
      "P7F00000_TXW050",
      "P7F00000_TXW051",
      "P7F00000_TXW052",
      "P7F00000_TXW053",
      "P7F00000_TXW054",
      "P7F00000_TXW055",
      "P7F00000_TXW056",
      "P7F00000_TXW057",
      "P7F00000_TXW058",
      "P7F00000_TXW059",
      "P7F00000_TXW060",
      "P7F00000_TXW061",
      "P7F00000_TX_COUNT",
      "P7F00000_TX_CRC32",
      "P7F00000_TX_FAIL",
      "P7F00001_ACK_SEEN",
      "P7F00001_ACK_SENT",
      "P7F00001_COMMIT",
      "P7F00001_COMMIT_POLLS",
      "P7F00001_CRC_BAD",
      "P7F00001_DONE",
      "P7F00001_DONE_POLLS",
      "P7F00001_DUTY_VIOLATION",
      "P7F00001_ERROR_CODE",
      "P7F00001_FRAME_BAD",
      "P7F00001_FRAME_GOOD",
      "P7F00001_MAILBOX",
      "P7F00001_PAYLOAD_MISMATCH",
      "P7F00001_RAW_RX_PULSES",
      "P7F00001_RAW_TX_PULSES",
      "P7F00001_RETRY_COUNT",
      "P7F00001_RETRY_EXHAUSTED",
      "P7F00001_RXW000",
      "P7F00001_RXW001",
      "P7F00001_RXW002",
      "P7F00001_RXW003",
      "P7F00001_RXW004",
      "P7F00001_RXW005",
      "P7F00001_RXW006",
      "P7F00001_RXW007",
      "P7F00001_RXW008",
      "P7F00001_RXW009",
      "P7F00001_RXW010",
      "P7F00001_RXW011",
      "P7F00001_RXW012",
      "P7F00001_RXW013",
      "P7F00001_RXW014",
      "P7F00001_RXW015",
      "P7F00001_RXW016",
      "P7F00001_RXW017",
      "P7F00001_RXW018",
      "P7F00001_RXW019",
      "P7F00001_RXW020",
      "P7F00001_RXW021",
      "P7F00001_RXW022",
      "P7F00001_RXW023",
      "P7F00001_RXW024",
      "P7F00001_RXW025",
      "P7F00001_RXW026",
      "P7F00001_RXW027",
      "P7F00001_RXW028",
      "P7F00001_RXW029",
      "P7F00001_RXW030",
      "P7F00001_RXW031",
      "P7F00001_RXW032",
      "P7F00001_RXW033",
      "P7F00001_RXW034",
      "P7F00001_RXW035",
      "P7F00001_RXW036",
      "P7F00001_RXW037",
      "P7F00001_RXW038",
      "P7F00001_RXW039",
      "P7F00001_RXW040",
      "P7F00001_RXW041",
      "P7F00001_RXW042",
      "P7F00001_RXW043",
      "P7F00001_RXW044",
      "P7F00001_RXW045",
      "P7F00001_RXW046",
      "P7F00001_RXW047",
      "P7F00001_RXW048",
      "P7F00001_RXW049",
      "P7F00001_RXW050",
      "P7F00001_RXW051",
      "P7F00001_RXW052",
      "P7F00001_RXW053",
      "P7F00001_RXW054",
      "P7F00001_RXW055",
      "P7F00001_RXW056",
      "P7F00001_RXW057",
      "P7F00001_RXW058",
      "P7F00001_RXW059",
      "P7F00001_RXW060",
      "P7F00001_RXW061",
      "P7F00001_RX_CRC32",
      "P7F00001_RX_DIGEST",
      "P7F00001_RX_GOOD_COUNT_L0",
      "P7F00001_RX_GOOD_COUNT_L1",
      "P7F00001_RX_LEN",
      "P7F00001_STATUS",
      "P7F00001_STICKY_ERROR",
      "P7F00001_TXD_HIGH_MAX",
      "P7F00001_TXW000",
      "P7F00001_TXW001",
      "P7F00001_TXW002",
      "P7F00001_TXW003",
      "P7F00001_TXW004",
      "P7F00001_TXW005",
      "P7F00001_TXW006",
      "P7F00001_TXW007",
      "P7F00001_TXW008",
      "P7F00001_TXW009",
      "P7F00001_TXW010",
      "P7F00001_TXW011",
      "P7F00001_TXW012",
      "P7F00001_TXW013",
      "P7F00001_TXW014",
      "P7F00001_TXW015",
      "P7F00001_TXW016",
      "P7F00001_TXW017",
      "P7F00001_TXW018",
      "P7F00001_TXW019",
      "P7F00001_TXW020",
      "P7F00001_TXW021",
      "P7F00001_TXW022",
      "P7F00001_TXW023",
      "P7F00001_TXW024",
      "P7F00001_TXW025",
      "P7F00001_TXW026",
      "P7F00001_TXW027",
      "P7F00001_TXW028",
      "P7F00001_TXW029",
      "P7F00001_TXW030",
      "P7F00001_TXW031",
      "P7F00001_TXW032",
      "P7F00001_TXW033",
      "P7F00001_TXW034",
      "P7F00001_TXW035",
      "P7F00001_TXW036",
      "P7F00001_TXW037",
      "P7F00001_TXW038",
      "P7F00001_TXW039",
      "P7F00001_TXW040",
      "P7F00001_TXW041",
      "P7F00001_TXW042",
      "P7F00001_TXW043",
      "P7F00001_TXW044",
      "P7F00001_TXW045",
      "P7F00001_TXW046",
      "P7F00001_TXW047",
      "P7F00001_TXW048",
      "P7F00001_TXW049",
      "P7F00001_TXW050",
      "P7F00001_TXW051",
      "P7F00001_TXW052",
      "P7F00001_TXW053",
      "P7F00001_TXW054",
      "P7F00001_TXW055",
      "P7F00001_TXW056",
      "P7F00001_TXW057",
      "P7F00001_TXW058",
      "P7F00001_TXW059",
      "P7F00001_TXW060",
      "P7F00001_TXW061",
      "P7F00001_TX_COUNT",
      "P7F00001_TX_CRC32",
      "P7F00001_TX_FAIL",
      "P7F00002_ACK_SEEN",
      "P7F00002_ACK_SENT",
      "P7F00002_COMMIT",
      "P7F00002_COMMIT_POLLS",
      "P7F00002_CRC_BAD",
      "P7F00002_DONE",
      "P7F00002_DONE_POLLS",
      "P7F00002_DUTY_VIOLATION",
      "P7F00002_ERROR_CODE",
      "P7F00002_FRAME_BAD",
      "P7F00002_FRAME_GOOD",
      "P7F00002_MAILBOX",
      "P7F00002_PAYLOAD_MISMATCH",
      "P7F00002_RAW_RX_PULSES",
      "P7F00002_RAW_TX_PULSES",
      "P7F00002_RETRY_COUNT",
      "P7F00002_RETRY_EXHAUSTED",
      "P7F00002_RXW000",
      "P7F00002_RXW001",
      "P7F00002_RXW002",
      "P7F00002_RXW003",
      "P7F00002_RXW004",
      "P7F00002_RXW005",
      "P7F00002_RXW006",
      "P7F00002_RXW007",
      "P7F00002_RXW008",
      "P7F00002_RXW009",
      "P7F00002_RXW010",
      "P7F00002_RXW011",
      "P7F00002_RXW012",
      "P7F00002_RXW013",
      "P7F00002_RXW014",
      "P7F00002_RXW015",
      "P7F00002_RXW016",
      "P7F00002_RXW017",
      "P7F00002_RXW018",
      "P7F00002_RXW019",
      "P7F00002_RXW020",
      "P7F00002_RXW021",
      "P7F00002_RXW022",
      "P7F00002_RXW023",
      "P7F00002_RXW024",
      "P7F00002_RXW025",
      "P7F00002_RXW026",
      "P7F00002_RXW027",
      "P7F00002_RXW028",
      "P7F00002_RXW029",
      "P7F00002_RXW030",
      "P7F00002_RXW031",
      "P7F00002_RXW032",
      "P7F00002_RXW033",
      "P7F00002_RXW034",
      "P7F00002_RXW035",
      "P7F00002_RXW036",
      "P7F00002_RXW037",
      "P7F00002_RXW038",
      "P7F00002_RXW039",
      "P7F00002_RXW040",
      "P7F00002_RXW041",
      "P7F00002_RXW042",
      "P7F00002_RXW043",
      "P7F00002_RXW044",
      "P7F00002_RXW045",
      "P7F00002_RXW046",
      "P7F00002_RXW047",
      "P7F00002_RXW048",
      "P7F00002_RXW049",
      "P7F00002_RXW050",
      "P7F00002_RXW051",
      "P7F00002_RXW052",
      "P7F00002_RXW053",
      "P7F00002_RXW054",
      "P7F00002_RXW055",
      "P7F00002_RXW056",
      "P7F00002_RXW057",
      "P7F00002_RXW058",
      "P7F00002_RXW059",
      "P7F00002_RXW060",
      "P7F00002_RXW061",
      "P7F00002_RX_CRC32",
      "P7F00002_RX_DIGEST",
      "P7F00002_RX_GOOD_COUNT_L0",
      "P7F00002_RX_GOOD_COUNT_L1",
      "P7F00002_RX_LEN",
      "P7F00002_STATUS",
      "P7F00002_STICKY_ERROR",
      "P7F00002_TXD_HIGH_MAX",
      "P7F00002_TXW000",
      "P7F00002_TXW001",
      "P7F00002_TXW002",
      "P7F00002_TXW003",
      "P7F00002_TXW004",
      "P7F00002_TXW005",
      "P7F00002_TXW006",
      "P7F00002_TXW007",
      "P7F00002_TXW008",
      "P7F00002_TXW009",
      "P7F00002_TXW010",
      "P7F00002_TXW011",
      "P7F00002_TXW012",
      "P7F00002_TXW013",
      "P7F00002_TXW014",
      "P7F00002_TXW015",
      "P7F00002_TXW016",
      "P7F00002_TXW017",
      "P7F00002_TXW018",
      "P7F00002_TXW019",
      "P7F00002_TXW020",
      "P7F00002_TXW021",
      "P7F00002_TXW022",
      "P7F00002_TXW023",
      "P7F00002_TXW024",
      "P7F00002_TXW025",
      "P7F00002_TXW026",
      "P7F00002_TXW027",
      "P7F00002_TXW028",
      "P7F00002_TXW029",
      "P7F00002_TXW030",
      "P7F00002_TXW031",
      "P7F00002_TXW032",
      "P7F00002_TXW033",
      "P7F00002_TXW034",
      "P7F00002_TXW035",
      "P7F00002_TXW036",
      "P7F00002_TXW037",
      "P7F00002_TXW038",
      "P7F00002_TXW039",
      "P7F00002_TXW040",
      "P7F00002_TXW041",
      "P7F00002_TXW042",
      "P7F00002_TXW043",
      "P7F00002_TXW044",
      "P7F00002_TXW045",
      "P7F00002_TXW046",
      "P7F00002_TXW047",
      "P7F00002_TXW048",
      "P7F00002_TXW049",
      "P7F00002_TXW050",
      "P7F00002_TXW051",
      "P7F00002_TXW052",
      "P7F00002_TXW053",
      "P7F00002_TXW054",
      "P7F00002_TXW055",
      "P7F00002_TXW056",
      "P7F00002_TXW057",
      "P7F00002_TXW058",
      "P7F00002_TXW059",
      "P7F00002_TXW060",
      "P7F00002_TXW061",
      "P7F00002_TX_COUNT",
      "P7F00002_TX_CRC32",
      "P7F00002_TX_FAIL",
      "P7F00003_ACK_SEEN",
      "P7F00003_ACK_SENT",
      "P7F00003_COMMIT",
      "P7F00003_COMMIT_POLLS",
      "P7F00003_CRC_BAD",
      "P7F00003_DONE",
      "P7F00003_DONE_POLLS",
      "P7F00003_DUTY_VIOLATION",
      "P7F00003_ERROR_CODE",
      "P7F00003_FRAME_BAD",
      "P7F00003_FRAME_GOOD",
      "P7F00003_MAILBOX",
      "P7F00003_PAYLOAD_MISMATCH",
      "P7F00003_RAW_RX_PULSES",
      "P7F00003_RAW_TX_PULSES",
      "P7F00003_RETRY_COUNT",
      "P7F00003_RETRY_EXHAUSTED",
      "P7F00003_RXW000",
      "P7F00003_RXW001",
      "P7F00003_RXW002",
      "P7F00003_RXW003",
      "P7F00003_RXW004",
      "P7F00003_RXW005",
      "P7F00003_RXW006",
      "P7F00003_RXW007",
      "P7F00003_RXW008",
      "P7F00003_RXW009",
      "P7F00003_RXW010",
      "P7F00003_RXW011",
      "P7F00003_RXW012",
      "P7F00003_RXW013",
      "P7F00003_RXW014",
      "P7F00003_RXW015",
      "P7F00003_RXW016",
      "P7F00003_RXW017",
      "P7F00003_RXW018",
      "P7F00003_RXW019",
      "P7F00003_RXW020",
      "P7F00003_RXW021",
      "P7F00003_RXW022",
      "P7F00003_RXW023",
      "P7F00003_RXW024",
      "P7F00003_RXW025",
      "P7F00003_RXW026",
      "P7F00003_RXW027",
      "P7F00003_RXW028",
      "P7F00003_RXW029",
      "P7F00003_RXW030",
      "P7F00003_RXW031",
      "P7F00003_RXW032",
      "P7F00003_RXW033",
      "P7F00003_RXW034",
      "P7F00003_RXW035",
      "P7F00003_RXW036",
      "P7F00003_RXW037",
      "P7F00003_RXW038",
      "P7F00003_RXW039",
      "P7F00003_RXW040",
      "P7F00003_RXW041",
      "P7F00003_RXW042",
      "P7F00003_RXW043",
      "P7F00003_RXW044",
      "P7F00003_RXW045",
      "P7F00003_RXW046",
      "P7F00003_RXW047",
      "P7F00003_RXW048",
      "P7F00003_RXW049",
      "P7F00003_RXW050",
      "P7F00003_RXW051",
      "P7F00003_RXW052",
      "P7F00003_RXW053",
      "P7F00003_RXW054",
      "P7F00003_RXW055",
      "P7F00003_RXW056",
      "P7F00003_RXW057",
      "P7F00003_RXW058",
      "P7F00003_RXW059",
      "P7F00003_RXW060",
      "P7F00003_RXW061",
      "P7F00003_RX_CRC32",
      "P7F00003_RX_DIGEST",
      "P7F00003_RX_GOOD_COUNT_L0",
      "P7F00003_RX_GOOD_COUNT_L1",
      "P7F00003_RX_LEN",
      "P7F00003_STATUS",
      "P7F00003_STICKY_ERROR",
      "P7F00003_TXD_HIGH_MAX",
      "P7F00003_TXW000",
      "P7F00003_TXW001",
      "P7F00003_TXW002",
      "P7F00003_TXW003",
      "P7F00003_TXW004",
      "P7F00003_TXW005",
      "P7F00003_TXW006",
      "P7F00003_TXW007",
      "P7F00003_TXW008",
      "P7F00003_TXW009",
      "P7F00003_TXW010",
      "P7F00003_TXW011",
      "P7F00003_TXW012",
      "P7F00003_TXW013",
      "P7F00003_TXW014",
      "P7F00003_TXW015",
      "P7F00003_TXW016",
      "P7F00003_TXW017",
      "P7F00003_TXW018",
      "P7F00003_TXW019",
      "P7F00003_TXW020",
      "P7F00003_TXW021",
      "P7F00003_TXW022",
      "P7F00003_TXW023",
      "P7F00003_TXW024",
      "P7F00003_TXW025",
      "P7F00003_TXW026",
      "P7F00003_TXW027",
      "P7F00003_TXW028",
      "P7F00003_TXW029",
      "P7F00003_TXW030",
      "P7F00003_TXW031",
      "P7F00003_TXW032",
      "P7F00003_TXW033",
      "P7F00003_TXW034",
      "P7F00003_TXW035",
      "P7F00003_TXW036",
      "P7F00003_TXW037",
      "P7F00003_TXW038",
      "P7F00003_TXW039",
      "P7F00003_TXW040",
      "P7F00003_TXW041",
      "P7F00003_TXW042",
      "P7F00003_TXW043",
      "P7F00003_TXW044",
      "P7F00003_TXW045",
      "P7F00003_TXW046",
      "P7F00003_TXW047",
      "P7F00003_TXW048",
      "P7F00003_TXW049",
      "P7F00003_TXW050",
      "P7F00003_TXW051",
      "P7F00003_TXW052",
      "P7F00003_TXW053",
      "P7F00003_TXW054",
      "P7F00003_TXW055",
      "P7F00003_TXW056",
      "P7F00003_TXW057",
      "P7F00003_TXW058",
      "P7F00003_TXW059",
      "P7F00003_TXW060",
      "P7F00003_TXW061",
      "P7F00003_TX_COUNT",
      "P7F00003_TX_CRC32",
      "P7F00003_TX_FAIL",
      "P7F00004_ACK_SEEN",
      "P7F00004_ACK_SENT",
      "P7F00004_COMMIT",
      "P7F00004_COMMIT_POLLS",
      "P7F00004_CRC_BAD",
      "P7F00004_DONE",
      "P7F00004_DONE_POLLS",
      "P7F00004_DUTY_VIOLATION",
      "P7F00004_ERROR_CODE",
      "P7F00004_FRAME_BAD",
      "P7F00004_FRAME_GOOD",
      "P7F00004_MAILBOX",
      "P7F00004_PAYLOAD_MISMATCH",
      "P7F00004_RAW_RX_PULSES",
      "P7F00004_RAW_TX_PULSES",
      "P7F00004_RETRY_COUNT",
      "P7F00004_RETRY_EXHAUSTED",
      "P7F00004_RXW000",
      "P7F00004_RXW001",
      "P7F00004_RXW002",
      "P7F00004_RXW003",
      "P7F00004_RXW004",
      "P7F00004_RXW005",
      "P7F00004_RXW006",
      "P7F00004_RXW007",
      "P7F00004_RXW008",
      "P7F00004_RXW009",
      "P7F00004_RXW010",
      "P7F00004_RXW011",
      "P7F00004_RXW012",
      "P7F00004_RXW013",
      "P7F00004_RXW014",
      "P7F00004_RXW015",
      "P7F00004_RXW016",
      "P7F00004_RXW017",
      "P7F00004_RXW018",
      "P7F00004_RXW019",
      "P7F00004_RXW020",
      "P7F00004_RXW021",
      "P7F00004_RXW022",
      "P7F00004_RXW023",
      "P7F00004_RXW024",
      "P7F00004_RXW025",
      "P7F00004_RXW026",
      "P7F00004_RXW027",
      "P7F00004_RXW028",
      "P7F00004_RXW029",
      "P7F00004_RXW030",
      "P7F00004_RXW031",
      "P7F00004_RXW032",
      "P7F00004_RXW033",
      "P7F00004_RXW034",
      "P7F00004_RXW035",
      "P7F00004_RXW036",
      "P7F00004_RXW037",
      "P7F00004_RXW038",
      "P7F00004_RXW039",
      "P7F00004_RXW040",
      "P7F00004_RXW041",
      "P7F00004_RXW042",
      "P7F00004_RXW043",
      "P7F00004_RXW044",
      "P7F00004_RXW045",
      "P7F00004_RXW046",
      "P7F00004_RXW047",
      "P7F00004_RXW048",
      "P7F00004_RXW049",
      "P7F00004_RXW050",
      "P7F00004_RXW051",
      "P7F00004_RXW052",
      "P7F00004_RXW053",
      "P7F00004_RXW054",
      "P7F00004_RXW055",
      "P7F00004_RXW056",
      "P7F00004_RXW057",
      "P7F00004_RXW058",
      "P7F00004_RXW059",
      "P7F00004_RXW060",
      "P7F00004_RXW061",
      "P7F00004_RX_CRC32",
      "P7F00004_RX_DIGEST",
      "P7F00004_RX_GOOD_COUNT_L0",
      "P7F00004_RX_GOOD_COUNT_L1",
      "P7F00004_RX_LEN",
      "P7F00004_STATUS",
      "P7F00004_STICKY_ERROR",
      "P7F00004_TXD_HIGH_MAX",
      "P7F00004_TXW000",
      "P7F00004_TXW001",
      "P7F00004_TXW002",
      "P7F00004_TXW003",
      "P7F00004_TXW004",
      "P7F00004_TXW005",
      "P7F00004_TXW006",
      "P7F00004_TXW007",
      "P7F00004_TXW008",
      "P7F00004_TXW009",
      "P7F00004_TXW010",
      "P7F00004_TXW011",
      "P7F00004_TXW012",
      "P7F00004_TXW013",
      "P7F00004_TXW014",
      "P7F00004_TXW015",
      "P7F00004_TXW016",
      "P7F00004_TXW017",
      "P7F00004_TXW018",
      "P7F00004_TXW019",
      "P7F00004_TXW020",
      "P7F00004_TXW021",
      "P7F00004_TXW022",
      "P7F00004_TXW023",
      "P7F00004_TXW024",
      "P7F00004_TXW025",
      "P7F00004_TXW026",
      "P7F00004_TXW027",
      "P7F00004_TXW028",
      "P7F00004_TXW029",
      "P7F00004_TXW030",
      "P7F00004_TXW031",
      "P7F00004_TXW032",
      "P7F00004_TXW033",
      "P7F00004_TXW034",
      "P7F00004_TXW035",
      "P7F00004_TXW036",
      "P7F00004_TXW037",
      "P7F00004_TXW038",
      "P7F00004_TXW039",
      "P7F00004_TXW040",
      "P7F00004_TXW041",
      "P7F00004_TXW042",
      "P7F00004_TXW043",
      "P7F00004_TXW044",
      "P7F00004_TXW045",
      "P7F00004_TXW046",
      "P7F00004_TXW047",
      "P7F00004_TXW048",
      "P7F00004_TXW049",
      "P7F00004_TXW050",
      "P7F00004_TXW051",
      "P7F00004_TXW052",
      "P7F00004_TXW053",
      "P7F00004_TXW054",
      "P7F00004_TXW055",
      "P7F00004_TXW056",
      "P7F00004_TXW057",
      "P7F00004_TXW058",
      "P7F00004_TXW059",
      "P7F00004_TXW060",
      "P7F00004_TXW061",
      "P7F00004_TX_COUNT",
      "P7F00004_TX_CRC32",
      "P7F00004_TX_FAIL",
      "P7F00005_ACK_SEEN",
      "P7F00005_ACK_SENT",
      "P7F00005_COMMIT",
      "P7F00005_COMMIT_POLLS",
      "P7F00005_CRC_BAD",
      "P7F00005_DONE",
      "P7F00005_DONE_POLLS",
      "P7F00005_DUTY_VIOLATION",
      "P7F00005_ERROR_CODE",
      "P7F00005_FRAME_BAD",
      "P7F00005_FRAME_GOOD",
      "P7F00005_MAILBOX",
      "P7F00005_PAYLOAD_MISMATCH",
      "P7F00005_RAW_RX_PULSES",
      "P7F00005_RAW_TX_PULSES",
      "P7F00005_RETRY_COUNT",
      "P7F00005_RETRY_EXHAUSTED",
      "P7F00005_RXW000",
      "P7F00005_RXW001",
      "P7F00005_RXW002",
      "P7F00005_RXW003",
      "P7F00005_RXW004",
      "P7F00005_RXW005",
      "P7F00005_RXW006",
      "P7F00005_RXW007",
      "P7F00005_RXW008",
      "P7F00005_RXW009",
      "P7F00005_RXW010",
      "P7F00005_RXW011",
      "P7F00005_RXW012",
      "P7F00005_RXW013",
      "P7F00005_RXW014",
      "P7F00005_RXW015",
      "P7F00005_RXW016",
      "P7F00005_RXW017",
      "P7F00005_RXW018",
      "P7F00005_RXW019",
      "P7F00005_RXW020",
      "P7F00005_RXW021",
      "P7F00005_RXW022",
      "P7F00005_RXW023",
      "P7F00005_RXW024",
      "P7F00005_RXW025",
      "P7F00005_RXW026",
      "P7F00005_RXW027",
      "P7F00005_RXW028",
      "P7F00005_RXW029",
      "P7F00005_RXW030",
      "P7F00005_RXW031",
      "P7F00005_RXW032",
      "P7F00005_RXW033",
      "P7F00005_RXW034",
      "P7F00005_RXW035",
      "P7F00005_RXW036",
      "P7F00005_RXW037",
      "P7F00005_RXW038",
      "P7F00005_RXW039",
      "P7F00005_RXW040",
      "P7F00005_RXW041",
      "P7F00005_RXW042",
      "P7F00005_RXW043",
      "P7F00005_RXW044",
      "P7F00005_RXW045",
      "P7F00005_RXW046",
      "P7F00005_RXW047",
      "P7F00005_RXW048",
      "P7F00005_RXW049",
      "P7F00005_RXW050",
      "P7F00005_RXW051",
      "P7F00005_RXW052",
      "P7F00005_RXW053",
      "P7F00005_RXW054",
      "P7F00005_RXW055",
      "P7F00005_RXW056",
      "P7F00005_RXW057",
      "P7F00005_RXW058",
      "P7F00005_RXW059",
      "P7F00005_RXW060",
      "P7F00005_RXW061",
      "P7F00005_RX_CRC32",
      "P7F00005_RX_DIGEST",
      "P7F00005_RX_GOOD_COUNT_L0",
      "P7F00005_RX_GOOD_COUNT_L1",
      "P7F00005_RX_LEN",
      "P7F00005_STATUS",
      "P7F00005_STICKY_ERROR",
      "P7F00005_TXD_HIGH_MAX",
      "P7F00005_TXW000",
      "P7F00005_TXW001",
      "P7F00005_TXW002",
      "P7F00005_TXW003",
      "P7F00005_TXW004",
      "P7F00005_TXW005",
      "P7F00005_TXW006",
      "P7F00005_TXW007",
      "P7F00005_TXW008",
      "P7F00005_TXW009",
      "P7F00005_TXW010",
      "P7F00005_TXW011",
      "P7F00005_TXW012",
      "P7F00005_TXW013",
      "P7F00005_TXW014",
      "P7F00005_TXW015",
      "P7F00005_TXW016",
      "P7F00005_TXW017",
      "P7F00005_TXW018",
      "P7F00005_TXW019",
      "P7F00005_TXW020",
      "P7F00005_TXW021",
      "P7F00005_TXW022",
      "P7F00005_TXW023",
      "P7F00005_TXW024",
      "P7F00005_TXW025",
      "P7F00005_TXW026",
      "P7F00005_TXW027",
      "P7F00005_TXW028",
      "P7F00005_TXW029",
      "P7F00005_TXW030",
      "P7F00005_TXW031",
      "P7F00005_TXW032",
      "P7F00005_TXW033",
      "P7F00005_TXW034",
      "P7F00005_TXW035",
      "P7F00005_TXW036",
      "P7F00005_TXW037",
      "P7F00005_TXW038",
      "P7F00005_TXW039",
      "P7F00005_TXW040",
      "P7F00005_TXW041",
      "P7F00005_TXW042",
      "P7F00005_TXW043",
      "P7F00005_TXW044",
      "P7F00005_TXW045",
      "P7F00005_TXW046",
      "P7F00005_TXW047",
      "P7F00005_TXW048",
      "P7F00005_TXW049",
      "P7F00005_TXW050",
      "P7F00005_TXW051",
      "P7F00005_TXW052",
      "P7F00005_TXW053",
      "P7F00005_TXW054",
      "P7F00005_TXW055",
      "P7F00005_TXW056",
      "P7F00005_TXW057",
      "P7F00005_TXW058",
      "P7F00005_TXW059",
      "P7F00005_TXW060",
      "P7F00005_TXW061",
      "P7F00005_TX_COUNT",
      "P7F00005_TX_CRC32",
      "P7F00005_TX_FAIL",
      "P7F00006_ACK_SEEN",
      "P7F00006_ACK_SENT",
      "P7F00006_COMMIT",
      "P7F00006_COMMIT_POLLS",
      "P7F00006_CRC_BAD",
      "P7F00006_DONE",
      "P7F00006_DONE_POLLS",
      "P7F00006_DUTY_VIOLATION",
      "P7F00006_ERROR_CODE",
      "P7F00006_FRAME_BAD",
      "P7F00006_FRAME_GOOD",
      "P7F00006_MAILBOX",
      "P7F00006_PAYLOAD_MISMATCH",
      "P7F00006_RAW_RX_PULSES",
      "P7F00006_RAW_TX_PULSES",
      "P7F00006_RETRY_COUNT",
      "P7F00006_RETRY_EXHAUSTED",
      "P7F00006_RXW000",
      "P7F00006_RXW001",
      "P7F00006_RXW002",
      "P7F00006_RXW003",
      "P7F00006_RXW004",
      "P7F00006_RXW005",
      "P7F00006_RXW006",
      "P7F00006_RXW007",
      "P7F00006_RXW008",
      "P7F00006_RXW009",
      "P7F00006_RXW010",
      "P7F00006_RXW011",
      "P7F00006_RXW012",
      "P7F00006_RXW013",
      "P7F00006_RXW014",
      "P7F00006_RXW015",
      "P7F00006_RXW016",
      "P7F00006_RXW017",
      "P7F00006_RXW018",
      "P7F00006_RXW019",
      "P7F00006_RXW020",
      "P7F00006_RXW021",
      "P7F00006_RXW022",
      "P7F00006_RXW023",
      "P7F00006_RXW024",
      "P7F00006_RXW025",
      "P7F00006_RXW026",
      "P7F00006_RXW027",
      "P7F00006_RXW028",
      "P7F00006_RXW029",
      "P7F00006_RXW030",
      "P7F00006_RXW031",
      "P7F00006_RXW032",
      "P7F00006_RXW033",
      "P7F00006_RXW034",
      "P7F00006_RXW035",
      "P7F00006_RXW036",
      "P7F00006_RXW037",
      "P7F00006_RXW038",
      "P7F00006_RXW039",
      "P7F00006_RXW040",
      "P7F00006_RXW041",
      "P7F00006_RXW042",
      "P7F00006_RXW043",
      "P7F00006_RXW044",
      "P7F00006_RXW045",
      "P7F00006_RXW046",
      "P7F00006_RXW047",
      "P7F00006_RXW048",
      "P7F00006_RXW049",
      "P7F00006_RXW050",
      "P7F00006_RXW051",
      "P7F00006_RXW052",
      "P7F00006_RXW053",
      "P7F00006_RXW054",
      "P7F00006_RXW055",
      "P7F00006_RXW056",
      "P7F00006_RXW057",
      "P7F00006_RXW058",
      "P7F00006_RXW059",
      "P7F00006_RXW060",
      "P7F00006_RXW061",
      "P7F00006_RX_CRC32",
      "P7F00006_RX_DIGEST",
      "P7F00006_RX_GOOD_COUNT_L0",
      "P7F00006_RX_GOOD_COUNT_L1",
      "P7F00006_RX_LEN",
      "P7F00006_STATUS",
      "P7F00006_STICKY_ERROR",
      "P7F00006_TXD_HIGH_MAX",
      "P7F00006_TXW000",
      "P7F00006_TXW001",
      "P7F00006_TXW002",
      "P7F00006_TXW003",
      "P7F00006_TXW004",
      "P7F00006_TXW005",
      "P7F00006_TXW006",
      "P7F00006_TXW007",
      "P7F00006_TXW008",
      "P7F00006_TXW009",
      "P7F00006_TXW010",
      "P7F00006_TXW011",
      "P7F00006_TXW012",
      "P7F00006_TXW013",
      "P7F00006_TXW014",
      "P7F00006_TXW015",
      "P7F00006_TXW016",
      "P7F00006_TXW017",
      "P7F00006_TXW018",
      "P7F00006_TXW019",
      "P7F00006_TXW020",
      "P7F00006_TXW021",
      "P7F00006_TXW022",
      "P7F00006_TXW023",
      "P7F00006_TXW024",
      "P7F00006_TXW025",
      "P7F00006_TXW026",
      "P7F00006_TXW027",
      "P7F00006_TXW028",
      "P7F00006_TXW029",
      "P7F00006_TXW030",
      "P7F00006_TXW031",
      "P7F00006_TXW032",
      "P7F00006_TXW033",
      "P7F00006_TXW034",
      "P7F00006_TXW035",
      "P7F00006_TXW036",
      "P7F00006_TXW037",
      "P7F00006_TXW038",
      "P7F00006_TXW039",
      "P7F00006_TXW040",
      "P7F00006_TXW041",
      "P7F00006_TXW042",
      "P7F00006_TXW043",
      "P7F00006_TXW044",
      "P7F00006_TXW045",
      "P7F00006_TXW046",
      "P7F00006_TXW047",
      "P7F00006_TXW048",
      "P7F00006_TXW049",
      "P7F00006_TXW050",
      "P7F00006_TXW051",
      "P7F00006_TXW052",
      "P7F00006_TXW053",
      "P7F00006_TXW054",
      "P7F00006_TXW055",
      "P7F00006_TXW056",
      "P7F00006_TXW057",
      "P7F00006_TXW058",
      "P7F00006_TXW059",
      "P7F00006_TXW060",
      "P7F00006_TXW061",
      "P7F00006_TX_COUNT",
      "P7F00006_TX_CRC32",
      "P7F00006_TX_FAIL",
      "P7F00007_ACK_SEEN",
      "P7F00007_ACK_SENT",
      "P7F00007_COMMIT",
      "P7F00007_COMMIT_POLLS",
      "P7F00007_CRC_BAD",
      "P7F00007_DONE",
      "P7F00007_DONE_POLLS",
      "P7F00007_DUTY_VIOLATION",
      "P7F00007_ERROR_CODE",
      "P7F00007_FRAME_BAD",
      "P7F00007_FRAME_GOOD",
      "P7F00007_MAILBOX",
      "P7F00007_PAYLOAD_MISMATCH",
      "P7F00007_RAW_RX_PULSES",
      "P7F00007_RAW_TX_PULSES",
      "P7F00007_RETRY_COUNT",
      "P7F00007_RETRY_EXHAUSTED",
      "P7F00007_RXW000",
      "P7F00007_RXW001",
      "P7F00007_RXW002",
      "P7F00007_RXW003",
      "P7F00007_RXW004",
      "P7F00007_RXW005",
      "P7F00007_RXW006",
      "P7F00007_RXW007",
      "P7F00007_RXW008",
      "P7F00007_RXW009",
      "P7F00007_RXW010",
      "P7F00007_RXW011",
      "P7F00007_RXW012",
      "P7F00007_RXW013",
      "P7F00007_RXW014",
      "P7F00007_RXW015",
      "P7F00007_RXW016",
      "P7F00007_RXW017",
      "P7F00007_RXW018",
      "P7F00007_RXW019",
      "P7F00007_RXW020",
      "P7F00007_RXW021",
      "P7F00007_RXW022",
      "P7F00007_RXW023",
      "P7F00007_RXW024",
      "P7F00007_RXW025",
      "P7F00007_RXW026",
      "P7F00007_RXW027",
      "P7F00007_RXW028",
      "P7F00007_RXW029",
      "P7F00007_RXW030",
      "P7F00007_RXW031",
      "P7F00007_RXW032",
      "P7F00007_RXW033",
      "P7F00007_RXW034",
      "P7F00007_RXW035",
      "P7F00007_RXW036",
      "P7F00007_RXW037",
      "P7F00007_RXW038",
      "P7F00007_RXW039",
      "P7F00007_RXW040",
      "P7F00007_RXW041",
      "P7F00007_RXW042",
      "P7F00007_RXW043",
      "P7F00007_RXW044",
      "P7F00007_RXW045",
      "P7F00007_RXW046",
      "P7F00007_RXW047",
      "P7F00007_RXW048",
      "P7F00007_RXW049",
      "P7F00007_RXW050",
      "P7F00007_RXW051",
      "P7F00007_RXW052",
      "P7F00007_RXW053",
      "P7F00007_RXW054",
      "P7F00007_RXW055",
      "P7F00007_RXW056",
      "P7F00007_RXW057",
      "P7F00007_RXW058",
      "P7F00007_RXW059",
      "P7F00007_RXW060",
      "P7F00007_RXW061",
      "P7F00007_RX_CRC32",
      "P7F00007_RX_DIGEST",
      "P7F00007_RX_GOOD_COUNT_L0",
      "P7F00007_RX_GOOD_COUNT_L1",
      "P7F00007_RX_LEN",
      "P7F00007_STATUS",
      "P7F00007_STICKY_ERROR",
      "P7F00007_TXD_HIGH_MAX",
      "P7F00007_TXW000",
      "P7F00007_TXW001",
      "P7F00007_TXW002",
      "P7F00007_TXW003",
      "P7F00007_TXW004",
      "P7F00007_TXW005",
      "P7F00007_TXW006",
      "P7F00007_TXW007",
      "P7F00007_TXW008",
      "P7F00007_TXW009",
      "P7F00007_TXW010",
      "P7F00007_TXW011",
      "P7F00007_TXW012",
      "P7F00007_TXW013",
      "P7F00007_TXW014",
      "P7F00007_TXW015",
      "P7F00007_TXW016",
      "P7F00007_TXW017",
      "P7F00007_TXW018",
      "P7F00007_TXW019",
      "P7F00007_TXW020",
      "P7F00007_TXW021",
      "P7F00007_TXW022",
      "P7F00007_TXW023",
      "P7F00007_TXW024",
      "P7F00007_TXW025",
      "P7F00007_TXW026",
      "P7F00007_TXW027",
      "P7F00007_TXW028",
      "P7F00007_TXW029",
      "P7F00007_TXW030",
      "P7F00007_TXW031",
      "P7F00007_TXW032",
      "P7F00007_TXW033",
      "P7F00007_TXW034",
      "P7F00007_TXW035",
      "P7F00007_TXW036",
      "P7F00007_TXW037",
      "P7F00007_TXW038",
      "P7F00007_TXW039",
      "P7F00007_TXW040",
      "P7F00007_TXW041",
      "P7F00007_TXW042",
      "P7F00007_TXW043",
      "P7F00007_TXW044",
      "P7F00007_TXW045",
      "P7F00007_TXW046",
      "P7F00007_TXW047",
      "P7F00007_TXW048",
      "P7F00007_TXW049",
      "P7F00007_TXW050",
      "P7F00007_TXW051",
      "P7F00007_TXW052",
      "P7F00007_TXW053",
      "P7F00007_TXW054",
      "P7F00007_TXW055",
      "P7F00007_TXW056",
      "P7F00007_TXW057",
      "P7F00007_TXW058",
      "P7F00007_TXW059",
      "P7F00007_TXW060",
      "P7F00007_TXW061",
      "P7F00007_TX_COUNT",
      "P7F00007_TX_CRC32",
      "P7F00007_TX_FAIL",
      "P7F00008_ACK_SEEN",
      "P7F00008_ACK_SENT",
      "P7F00008_COMMIT",
      "P7F00008_COMMIT_POLLS",
      "P7F00008_CRC_BAD",
      "P7F00008_DONE",
      "P7F00008_DONE_POLLS",
      "P7F00008_DUTY_VIOLATION",
      "P7F00008_ERROR_CODE",
      "P7F00008_FRAME_BAD",
      "P7F00008_FRAME_GOOD",
      "P7F00008_MAILBOX",
      "P7F00008_PAYLOAD_MISMATCH",
      "P7F00008_RAW_RX_PULSES",
      "P7F00008_RAW_TX_PULSES",
      "P7F00008_RETRY_COUNT",
      "P7F00008_RETRY_EXHAUSTED",
      "P7F00008_RXW000",
      "P7F00008_RXW001",
      "P7F00008_RXW002",
      "P7F00008_RXW003",
      "P7F00008_RXW004",
      "P7F00008_RXW005",
      "P7F00008_RXW006",
      "P7F00008_RXW007",
      "P7F00008_RXW008",
      "P7F00008_RXW009",
      "P7F00008_RXW010",
      "P7F00008_RXW011",
      "P7F00008_RXW012",
      "P7F00008_RXW013",
      "P7F00008_RXW014",
      "P7F00008_RXW015",
      "P7F00008_RXW016",
      "P7F00008_RXW017",
      "P7F00008_RXW018",
      "P7F00008_RXW019",
      "P7F00008_RXW020",
      "P7F00008_RXW021",
      "P7F00008_RXW022",
      "P7F00008_RXW023",
      "P7F00008_RXW024",
      "P7F00008_RXW025",
      "P7F00008_RXW026",
      "P7F00008_RXW027",
      "P7F00008_RXW028",
      "P7F00008_RXW029",
      "P7F00008_RXW030",
      "P7F00008_RXW031",
      "P7F00008_RXW032",
      "P7F00008_RXW033",
      "P7F00008_RXW034",
      "P7F00008_RXW035",
      "P7F00008_RXW036",
      "P7F00008_RXW037",
      "P7F00008_RXW038",
      "P7F00008_RXW039",
      "P7F00008_RXW040",
      "P7F00008_RXW041",
      "P7F00008_RXW042",
      "P7F00008_RXW043",
      "P7F00008_RXW044",
      "P7F00008_RXW045",
      "P7F00008_RXW046",
      "P7F00008_RXW047",
      "P7F00008_RXW048",
      "P7F00008_RXW049",
      "P7F00008_RXW050",
      "P7F00008_RXW051",
      "P7F00008_RXW052",
      "P7F00008_RXW053",
      "P7F00008_RXW054",
      "P7F00008_RXW055",
      "P7F00008_RXW056",
      "P7F00008_RXW057",
      "P7F00008_RXW058",
      "P7F00008_RXW059",
      "P7F00008_RXW060",
      "P7F00008_RXW061",
      "P7F00008_RX_CRC32",
      "P7F00008_RX_DIGEST",
      "P7F00008_RX_GOOD_COUNT_L0",
      "P7F00008_RX_GOOD_COUNT_L1",
      "P7F00008_RX_LEN",
      "P7F00008_STATUS",
      "P7F00008_STICKY_ERROR",
      "P7F00008_TXD_HIGH_MAX",
      "P7F00008_TXW000",
      "P7F00008_TXW001",
      "P7F00008_TXW002",
      "P7F00008_TXW003",
      "P7F00008_TXW004",
      "P7F00008_TXW005",
      "P7F00008_TXW006",
      "P7F00008_TXW007",
      "P7F00008_TXW008",
      "P7F00008_TXW009",
      "P7F00008_TXW010",
      "P7F00008_TXW011",
      "P7F00008_TXW012",
      "P7F00008_TXW013",
      "P7F00008_TXW014",
      "P7F00008_TXW015",
      "P7F00008_TXW016",
      "P7F00008_TXW017",
      "P7F00008_TXW018",
      "P7F00008_TXW019",
      "P7F00008_TXW020",
      "P7F00008_TXW021",
      "P7F00008_TXW022",
      "P7F00008_TXW023",
      "P7F00008_TXW024",
      "P7F00008_TXW025",
      "P7F00008_TXW026",
      "P7F00008_TXW027",
      "P7F00008_TXW028",
      "P7F00008_TXW029",
      "P7F00008_TXW030",
      "P7F00008_TXW031",
      "P7F00008_TXW032",
      "P7F00008_TXW033",
      "P7F00008_TXW034",
      "P7F00008_TXW035",
      "P7F00008_TXW036",
      "P7F00008_TXW037",
      "P7F00008_TXW038",
      "P7F00008_TXW039",
      "P7F00008_TXW040",
      "P7F00008_TXW041",
      "P7F00008_TXW042",
      "P7F00008_TXW043",
      "P7F00008_TXW044",
      "P7F00008_TXW045",
      "P7F00008_TXW046",
      "P7F00008_TXW047",
      "P7F00008_TXW048",
      "P7F00008_TXW049",
      "P7F00008_TXW050",
      "P7F00008_TXW051",
      "P7F00008_TXW052",
      "P7F00008_TXW053",
      "P7F00008_TXW054",
      "P7F00008_TXW055",
      "P7F00008_TXW056",
      "P7F00008_TXW057",
      "P7F00008_TXW058",
      "P7F00008_TXW059",
      "P7F00008_TXW060",
      "P7F00008_TXW061",
      "P7F00008_TX_COUNT",
      "P7F00008_TX_CRC32",
      "P7F00008_TX_FAIL",
      "P7F00009_ACK_SEEN",
      "P7F00009_ACK_SENT",
      "P7F00009_COMMIT",
      "P7F00009_COMMIT_POLLS",
      "P7F00009_CRC_BAD",
      "P7F00009_DONE",
      "P7F00009_DONE_POLLS",
      "P7F00009_DUTY_VIOLATION",
      "P7F00009_ERROR_CODE",
      "P7F00009_FRAME_BAD",
      "P7F00009_FRAME_GOOD",
      "P7F00009_MAILBOX",
      "P7F00009_PAYLOAD_MISMATCH",
      "P7F00009_RAW_RX_PULSES",
      "P7F00009_RAW_TX_PULSES",
      "P7F00009_RETRY_COUNT",
      "P7F00009_RETRY_EXHAUSTED",
      "P7F00009_RXW000",
      "P7F00009_RXW001",
      "P7F00009_RXW002",
      "P7F00009_RXW003",
      "P7F00009_RXW004",
      "P7F00009_RXW005",
      "P7F00009_RXW006",
      "P7F00009_RXW007",
      "P7F00009_RXW008",
      "P7F00009_RXW009",
      "P7F00009_RXW010",
      "P7F00009_RXW011",
      "P7F00009_RXW012",
      "P7F00009_RXW013",
      "P7F00009_RXW014",
      "P7F00009_RXW015",
      "P7F00009_RXW016",
      "P7F00009_RXW017",
      "P7F00009_RXW018",
      "P7F00009_RXW019",
      "P7F00009_RXW020",
      "P7F00009_RXW021",
      "P7F00009_RXW022",
      "P7F00009_RXW023",
      "P7F00009_RXW024",
      "P7F00009_RXW025",
      "P7F00009_RXW026",
      "P7F00009_RXW027",
      "P7F00009_RXW028",
      "P7F00009_RXW029",
      "P7F00009_RXW030",
      "P7F00009_RXW031",
      "P7F00009_RXW032",
      "P7F00009_RXW033",
      "P7F00009_RXW034",
      "P7F00009_RXW035",
      "P7F00009_RXW036",
      "P7F00009_RXW037",
      "P7F00009_RXW038",
      "P7F00009_RXW039",
      "P7F00009_RXW040",
      "P7F00009_RXW041",
      "P7F00009_RXW042",
      "P7F00009_RXW043",
      "P7F00009_RXW044",
      "P7F00009_RXW045",
      "P7F00009_RXW046",
      "P7F00009_RXW047",
      "P7F00009_RXW048",
      "P7F00009_RXW049",
      "P7F00009_RXW050",
      "P7F00009_RXW051",
      "P7F00009_RXW052",
      "P7F00009_RXW053",
      "P7F00009_RXW054",
      "P7F00009_RXW055",
      "P7F00009_RXW056",
      "P7F00009_RXW057",
      "P7F00009_RXW058",
      "P7F00009_RXW059",
      "P7F00009_RXW060",
      "P7F00009_RXW061",
      "P7F00009_RX_CRC32",
      "P7F00009_RX_DIGEST",
      "P7F00009_RX_GOOD_COUNT_L0",
      "P7F00009_RX_GOOD_COUNT_L1",
      "P7F00009_RX_LEN",
      "P7F00009_STATUS",
      "P7F00009_STICKY_ERROR",
      "P7F00009_TXD_HIGH_MAX",
      "P7F00009_TXW000",
      "P7F00009_TXW001",
      "P7F00009_TXW002",
      "P7F00009_TXW003",
      "P7F00009_TXW004",
      "P7F00009_TXW005",
      "P7F00009_TXW006",
      "P7F00009_TXW007",
      "P7F00009_TXW008",
      "P7F00009_TXW009",
      "P7F00009_TXW010",
      "P7F00009_TXW011",
      "P7F00009_TXW012",
      "P7F00009_TXW013",
      "P7F00009_TXW014",
      "P7F00009_TXW015",
      "P7F00009_TXW016",
      "P7F00009_TXW017",
      "P7F00009_TXW018",
      "P7F00009_TXW019",
      "P7F00009_TXW020",
      "P7F00009_TXW021",
      "P7F00009_TXW022",
      "P7F00009_TXW023",
      "P7F00009_TXW024",
      "P7F00009_TXW025",
      "P7F00009_TXW026",
      "P7F00009_TXW027",
      "P7F00009_TXW028",
      "P7F00009_TXW029",
      "P7F00009_TXW030",
      "P7F00009_TXW031",
      "P7F00009_TXW032",
      "P7F00009_TXW033",
      "P7F00009_TXW034",
      "P7F00009_TXW035",
      "P7F00009_TXW036",
      "P7F00009_TXW037",
      "P7F00009_TXW038",
      "P7F00009_TXW039",
      "P7F00009_TXW040",
      "P7F00009_TXW041",
      "P7F00009_TXW042",
      "P7F00009_TXW043",
      "P7F00009_TXW044",
      "P7F00009_TXW045",
      "P7F00009_TXW046",
      "P7F00009_TXW047",
      "P7F00009_TXW048",
      "P7F00009_TXW049",
      "P7F00009_TXW050",
      "P7F00009_TXW051",
      "P7F00009_TXW052",
      "P7F00009_TXW053",
      "P7F00009_TXW054",
      "P7F00009_TXW055",
      "P7F00009_TXW056",
      "P7F00009_TXW057",
      "P7F00009_TXW058",
      "P7F00009_TXW059",
      "P7F00009_TXW060",
      "P7F00009_TXW061",
      "P7F00009_TX_COUNT",
      "P7F00009_TX_CRC32",
      "P7F00009_TX_FAIL",
      "P7F00010_ACK_SEEN",
      "P7F00010_ACK_SENT",
      "P7F00010_COMMIT",
      "P7F00010_COMMIT_POLLS",
      "P7F00010_CRC_BAD",
      "P7F00010_DONE",
      "P7F00010_DONE_POLLS",
      "P7F00010_DUTY_VIOLATION",
      "P7F00010_ERROR_CODE",
      "P7F00010_FRAME_BAD",
      "P7F00010_FRAME_GOOD",
      "P7F00010_MAILBOX",
      "P7F00010_PAYLOAD_MISMATCH",
      "P7F00010_RAW_RX_PULSES",
      "P7F00010_RAW_TX_PULSES",
      "P7F00010_RETRY_COUNT",
      "P7F00010_RETRY_EXHAUSTED",
      "P7F00010_RXW000",
      "P7F00010_RXW001",
      "P7F00010_RXW002",
      "P7F00010_RXW003",
      "P7F00010_RXW004",
      "P7F00010_RXW005",
      "P7F00010_RXW006",
      "P7F00010_RXW007",
      "P7F00010_RXW008",
      "P7F00010_RXW009",
      "P7F00010_RXW010",
      "P7F00010_RXW011",
      "P7F00010_RXW012",
      "P7F00010_RXW013",
      "P7F00010_RXW014",
      "P7F00010_RXW015",
      "P7F00010_RXW016",
      "P7F00010_RXW017",
      "P7F00010_RXW018",
      "P7F00010_RXW019",
      "P7F00010_RXW020",
      "P7F00010_RXW021",
      "P7F00010_RXW022",
      "P7F00010_RXW023",
      "P7F00010_RXW024",
      "P7F00010_RXW025",
      "P7F00010_RXW026",
      "P7F00010_RXW027",
      "P7F00010_RXW028",
      "P7F00010_RXW029",
      "P7F00010_RXW030",
      "P7F00010_RXW031",
      "P7F00010_RXW032",
      "P7F00010_RXW033",
      "P7F00010_RXW034",
      "P7F00010_RXW035",
      "P7F00010_RXW036",
      "P7F00010_RXW037",
      "P7F00010_RXW038",
      "P7F00010_RXW039",
      "P7F00010_RXW040",
      "P7F00010_RXW041",
      "P7F00010_RXW042",
      "P7F00010_RXW043",
      "P7F00010_RXW044",
      "P7F00010_RXW045",
      "P7F00010_RXW046",
      "P7F00010_RXW047",
      "P7F00010_RXW048",
      "P7F00010_RXW049",
      "P7F00010_RXW050",
      "P7F00010_RXW051",
      "P7F00010_RXW052",
      "P7F00010_RXW053",
      "P7F00010_RXW054",
      "P7F00010_RXW055",
      "P7F00010_RXW056",
      "P7F00010_RXW057",
      "P7F00010_RXW058",
      "P7F00010_RXW059",
      "P7F00010_RXW060",
      "P7F00010_RXW061",
      "P7F00010_RX_CRC32",
      "P7F00010_RX_DIGEST",
      "P7F00010_RX_GOOD_COUNT_L0",
      "P7F00010_RX_GOOD_COUNT_L1",
      "P7F00010_RX_LEN",
      "P7F00010_STATUS",
      "P7F00010_STICKY_ERROR",
      "P7F00010_TXD_HIGH_MAX",
      "P7F00010_TXW000",
      "P7F00010_TXW001",
      "P7F00010_TXW002",
      "P7F00010_TXW003",
      "P7F00010_TXW004",
      "P7F00010_TXW005",
      "P7F00010_TXW006",
      "P7F00010_TXW007",
      "P7F00010_TXW008",
      "P7F00010_TXW009",
      "P7F00010_TXW010",
      "P7F00010_TXW011",
      "P7F00010_TXW012",
      "P7F00010_TXW013",
      "P7F00010_TXW014",
      "P7F00010_TXW015",
      "P7F00010_TXW016",
      "P7F00010_TXW017",
      "P7F00010_TXW018",
      "P7F00010_TXW019",
      "P7F00010_TXW020",
      "P7F00010_TXW021",
      "P7F00010_TXW022",
      "P7F00010_TXW023",
      "P7F00010_TXW024",
      "P7F00010_TXW025",
      "P7F00010_TXW026",
      "P7F00010_TXW027",
      "P7F00010_TXW028",
      "P7F00010_TXW029",
      "P7F00010_TXW030",
      "P7F00010_TXW031",
      "P7F00010_TXW032",
      "P7F00010_TXW033",
      "P7F00010_TXW034",
      "P7F00010_TXW035",
      "P7F00010_TXW036",
      "P7F00010_TXW037",
      "P7F00010_TXW038",
      "P7F00010_TXW039",
      "P7F00010_TXW040",
      "P7F00010_TXW041",
      "P7F00010_TXW042",
      "P7F00010_TXW043",
      "P7F00010_TXW044",
      "P7F00010_TXW045",
      "P7F00010_TXW046",
      "P7F00010_TXW047",
      "P7F00010_TXW048",
      "P7F00010_TXW049",
      "P7F00010_TXW050",
      "P7F00010_TXW051",
      "P7F00010_TXW052",
      "P7F00010_TXW053",
      "P7F00010_TXW054",
      "P7F00010_TXW055",
      "P7F00010_TXW056",
      "P7F00010_TXW057",
      "P7F00010_TXW058",
      "P7F00010_TXW059",
      "P7F00010_TXW060",
      "P7F00010_TXW061",
      "P7F00010_TX_COUNT",
      "P7F00010_TX_CRC32",
      "P7F00010_TX_FAIL",
      "P7F00011_ACK_SEEN",
      "P7F00011_ACK_SENT",
      "P7F00011_COMMIT",
      "P7F00011_COMMIT_POLLS",
      "P7F00011_CRC_BAD",
      "P7F00011_DONE",
      "P7F00011_DONE_POLLS",
      "P7F00011_DUTY_VIOLATION",
      "P7F00011_ERROR_CODE",
      "P7F00011_FRAME_BAD",
      "P7F00011_FRAME_GOOD",
      "P7F00011_MAILBOX",
      "P7F00011_PAYLOAD_MISMATCH",
      "P7F00011_RAW_RX_PULSES",
      "P7F00011_RAW_TX_PULSES",
      "P7F00011_RETRY_COUNT",
      "P7F00011_RETRY_EXHAUSTED",
      "P7F00011_RXW000",
      "P7F00011_RXW001",
      "P7F00011_RXW002",
      "P7F00011_RXW003",
      "P7F00011_RXW004",
      "P7F00011_RXW005",
      "P7F00011_RXW006",
      "P7F00011_RXW007",
      "P7F00011_RXW008",
      "P7F00011_RXW009",
      "P7F00011_RXW010",
      "P7F00011_RXW011",
      "P7F00011_RXW012",
      "P7F00011_RXW013",
      "P7F00011_RXW014",
      "P7F00011_RXW015",
      "P7F00011_RXW016",
      "P7F00011_RXW017",
      "P7F00011_RXW018",
      "P7F00011_RXW019",
      "P7F00011_RXW020",
      "P7F00011_RXW021",
      "P7F00011_RXW022",
      "P7F00011_RXW023",
      "P7F00011_RXW024",
      "P7F00011_RXW025",
      "P7F00011_RXW026",
      "P7F00011_RXW027",
      "P7F00011_RXW028",
      "P7F00011_RXW029",
      "P7F00011_RXW030",
      "P7F00011_RXW031",
      "P7F00011_RXW032",
      "P7F00011_RXW033",
      "P7F00011_RXW034",
      "P7F00011_RXW035",
      "P7F00011_RXW036",
      "P7F00011_RXW037",
      "P7F00011_RXW038",
      "P7F00011_RXW039",
      "P7F00011_RXW040",
      "P7F00011_RXW041",
      "P7F00011_RXW042",
      "P7F00011_RXW043",
      "P7F00011_RXW044",
      "P7F00011_RXW045",
      "P7F00011_RXW046",
      "P7F00011_RXW047",
      "P7F00011_RXW048",
      "P7F00011_RXW049",
      "P7F00011_RXW050",
      "P7F00011_RXW051",
      "P7F00011_RXW052",
      "P7F00011_RXW053",
      "P7F00011_RXW054",
      "P7F00011_RXW055",
      "P7F00011_RXW056",
      "P7F00011_RXW057",
      "P7F00011_RXW058",
      "P7F00011_RXW059",
      "P7F00011_RXW060",
      "P7F00011_RXW061",
      "P7F00011_RX_CRC32",
      "P7F00011_RX_DIGEST",
      "P7F00011_RX_GOOD_COUNT_L0",
      "P7F00011_RX_GOOD_COUNT_L1",
      "P7F00011_RX_LEN",
      "P7F00011_STATUS",
      "P7F00011_STICKY_ERROR",
      "P7F00011_TXD_HIGH_MAX",
      "P7F00011_TXW000",
      "P7F00011_TXW001",
      "P7F00011_TXW002",
      "P7F00011_TXW003",
      "P7F00011_TXW004",
      "P7F00011_TXW005",
      "P7F00011_TXW006",
      "P7F00011_TXW007",
      "P7F00011_TXW008",
      "P7F00011_TXW009",
      "P7F00011_TXW010",
      "P7F00011_TXW011",
      "P7F00011_TXW012",
      "P7F00011_TXW013",
      "P7F00011_TXW014",
      "P7F00011_TXW015",
      "P7F00011_TXW016",
      "P7F00011_TXW017",
      "P7F00011_TXW018",
      "P7F00011_TXW019",
      "P7F00011_TXW020",
      "P7F00011_TXW021",
      "P7F00011_TXW022",
      "P7F00011_TXW023",
      "P7F00011_TXW024",
      "P7F00011_TXW025",
      "P7F00011_TXW026",
      "P7F00011_TXW027",
      "P7F00011_TXW028",
      "P7F00011_TXW029",
      "P7F00011_TXW030",
      "P7F00011_TXW031",
      "P7F00011_TXW032",
      "P7F00011_TXW033",
      "P7F00011_TXW034",
      "P7F00011_TXW035",
      "P7F00011_TXW036",
      "P7F00011_TXW037",
      "P7F00011_TXW038",
      "P7F00011_TXW039",
      "P7F00011_TXW040",
      "P7F00011_TXW041",
      "P7F00011_TXW042",
      "P7F00011_TXW043",
      "P7F00011_TXW044",
      "P7F00011_TXW045",
      "P7F00011_TXW046",
      "P7F00011_TXW047",
      "P7F00011_TXW048",
      "P7F00011_TXW049",
      "P7F00011_TXW050",
      "P7F00011_TXW051",
      "P7F00011_TXW052",
      "P7F00011_TXW053",
      "P7F00011_TXW054",
      "P7F00011_TXW055",
      "P7F00011_TXW056",
      "P7F00011_TXW057",
      "P7F00011_TXW058",
      "P7F00011_TXW059",
      "P7F00011_TXW060",
      "P7F00011_TXW061",
      "P7F00011_TX_COUNT",
      "P7F00011_TX_CRC32",
      "P7F00011_TX_FAIL",
      "P7F00012_ACK_SEEN",
      "P7F00012_ACK_SENT",
      "P7F00012_COMMIT",
      "P7F00012_COMMIT_POLLS",
      "P7F00012_CRC_BAD",
      "P7F00012_DONE",
      "P7F00012_DONE_POLLS",
      "P7F00012_DUTY_VIOLATION",
      "P7F00012_ERROR_CODE",
      "P7F00012_FRAME_BAD",
      "P7F00012_FRAME_GOOD",
      "P7F00012_MAILBOX",
      "P7F00012_PAYLOAD_MISMATCH",
      "P7F00012_RAW_RX_PULSES",
      "P7F00012_RAW_TX_PULSES",
      "P7F00012_RETRY_COUNT",
      "P7F00012_RETRY_EXHAUSTED",
      "P7F00012_RXW000",
      "P7F00012_RXW001",
      "P7F00012_RXW002",
      "P7F00012_RXW003",
      "P7F00012_RXW004",
      "P7F00012_RXW005",
      "P7F00012_RXW006",
      "P7F00012_RXW007",
      "P7F00012_RXW008",
      "P7F00012_RXW009",
      "P7F00012_RXW010",
      "P7F00012_RXW011",
      "P7F00012_RXW012",
      "P7F00012_RXW013",
      "P7F00012_RXW014",
      "P7F00012_RXW015",
      "P7F00012_RXW016",
      "P7F00012_RXW017",
      "P7F00012_RXW018",
      "P7F00012_RXW019",
      "P7F00012_RXW020",
      "P7F00012_RXW021",
      "P7F00012_RXW022",
      "P7F00012_RXW023",
      "P7F00012_RXW024",
      "P7F00012_RXW025",
      "P7F00012_RXW026",
      "P7F00012_RXW027",
      "P7F00012_RXW028",
      "P7F00012_RXW029",
      "P7F00012_RXW030",
      "P7F00012_RXW031",
      "P7F00012_RXW032",
      "P7F00012_RXW033",
      "P7F00012_RXW034",
      "P7F00012_RXW035",
      "P7F00012_RXW036",
      "P7F00012_RXW037",
      "P7F00012_RXW038",
      "P7F00012_RXW039",
      "P7F00012_RXW040",
      "P7F00012_RXW041",
      "P7F00012_RXW042",
      "P7F00012_RXW043",
      "P7F00012_RXW044",
      "P7F00012_RXW045",
      "P7F00012_RXW046",
      "P7F00012_RXW047",
      "P7F00012_RXW048",
      "P7F00012_RXW049",
      "P7F00012_RXW050",
      "P7F00012_RXW051",
      "P7F00012_RXW052",
      "P7F00012_RXW053",
      "P7F00012_RXW054",
      "P7F00012_RXW055",
      "P7F00012_RXW056",
      "P7F00012_RXW057",
      "P7F00012_RXW058",
      "P7F00012_RXW059",
      "P7F00012_RXW060",
      "P7F00012_RXW061",
      "P7F00012_RX_CRC32",
      "P7F00012_RX_DIGEST",
      "P7F00012_RX_GOOD_COUNT_L0",
      "P7F00012_RX_GOOD_COUNT_L1",
      "P7F00012_RX_LEN",
      "P7F00012_STATUS",
      "P7F00012_STICKY_ERROR",
      "P7F00012_TXD_HIGH_MAX",
      "P7F00012_TXW000",
      "P7F00012_TXW001",
      "P7F00012_TXW002",
      "P7F00012_TXW003",
      "P7F00012_TXW004",
      "P7F00012_TXW005",
      "P7F00012_TXW006",
      "P7F00012_TXW007",
      "P7F00012_TXW008",
      "P7F00012_TXW009",
      "P7F00012_TXW010",
      "P7F00012_TXW011",
      "P7F00012_TXW012",
      "P7F00012_TXW013",
      "P7F00012_TXW014",
      "P7F00012_TXW015",
      "P7F00012_TXW016",
      "P7F00012_TXW017",
      "P7F00012_TXW018",
      "P7F00012_TXW019",
      "P7F00012_TXW020",
      "P7F00012_TXW021",
      "P7F00012_TXW022",
      "P7F00012_TXW023",
      "P7F00012_TXW024",
      "P7F00012_TXW025",
      "P7F00012_TXW026",
      "P7F00012_TXW027",
      "P7F00012_TXW028",
      "P7F00012_TXW029",
      "P7F00012_TXW030",
      "P7F00012_TXW031",
      "P7F00012_TXW032",
      "P7F00012_TXW033",
      "P7F00012_TXW034",
      "P7F00012_TXW035",
      "P7F00012_TXW036",
      "P7F00012_TXW037",
      "P7F00012_TXW038",
      "P7F00012_TXW039",
      "P7F00012_TXW040",
      "P7F00012_TXW041",
      "P7F00012_TXW042",
      "P7F00012_TXW043",
      "P7F00012_TXW044",
      "P7F00012_TXW045",
      "P7F00012_TXW046",
      "P7F00012_TXW047",
      "P7F00012_TXW048",
      "P7F00012_TXW049",
      "P7F00012_TXW050",
      "P7F00012_TXW051",
      "P7F00012_TXW052",
      "P7F00012_TXW053",
      "P7F00012_TXW054",
      "P7F00012_TXW055",
      "P7F00012_TXW056",
      "P7F00012_TXW057",
      "P7F00012_TXW058",
      "P7F00012_TXW059",
      "P7F00012_TXW060",
      "P7F00012_TXW061",
      "P7F00012_TX_COUNT",
      "P7F00012_TX_CRC32",
      "P7F00012_TX_FAIL",
      "P7F00013_ACK_SEEN",
      "P7F00013_ACK_SENT",
      "P7F00013_COMMIT",
      "P7F00013_COMMIT_POLLS",
      "P7F00013_CRC_BAD",
      "P7F00013_DONE",
      "P7F00013_DONE_POLLS",
      "P7F00013_DUTY_VIOLATION",
      "P7F00013_ERROR_CODE",
      "P7F00013_FRAME_BAD",
      "P7F00013_FRAME_GOOD",
      "P7F00013_MAILBOX",
      "P7F00013_PAYLOAD_MISMATCH",
      "P7F00013_RAW_RX_PULSES",
      "P7F00013_RAW_TX_PULSES",
      "P7F00013_RETRY_COUNT",
      "P7F00013_RETRY_EXHAUSTED",
      "P7F00013_RXW000",
      "P7F00013_RXW001",
      "P7F00013_RXW002",
      "P7F00013_RXW003",
      "P7F00013_RXW004",
      "P7F00013_RXW005",
      "P7F00013_RXW006",
      "P7F00013_RXW007",
      "P7F00013_RXW008",
      "P7F00013_RXW009",
      "P7F00013_RXW010",
      "P7F00013_RXW011",
      "P7F00013_RXW012",
      "P7F00013_RXW013",
      "P7F00013_RXW014",
      "P7F00013_RXW015",
      "P7F00013_RXW016",
      "P7F00013_RXW017",
      "P7F00013_RXW018",
      "P7F00013_RXW019",
      "P7F00013_RXW020",
      "P7F00013_RXW021",
      "P7F00013_RXW022",
      "P7F00013_RXW023",
      "P7F00013_RXW024",
      "P7F00013_RXW025",
      "P7F00013_RXW026",
      "P7F00013_RXW027",
      "P7F00013_RXW028",
      "P7F00013_RXW029",
      "P7F00013_RXW030",
      "P7F00013_RXW031",
      "P7F00013_RXW032",
      "P7F00013_RXW033",
      "P7F00013_RXW034",
      "P7F00013_RXW035",
      "P7F00013_RXW036",
      "P7F00013_RXW037",
      "P7F00013_RXW038",
      "P7F00013_RXW039",
      "P7F00013_RXW040",
      "P7F00013_RXW041",
      "P7F00013_RXW042",
      "P7F00013_RXW043",
      "P7F00013_RXW044",
      "P7F00013_RXW045",
      "P7F00013_RXW046",
      "P7F00013_RXW047",
      "P7F00013_RXW048",
      "P7F00013_RXW049",
      "P7F00013_RXW050",
      "P7F00013_RXW051",
      "P7F00013_RXW052",
      "P7F00013_RXW053",
      "P7F00013_RXW054",
      "P7F00013_RXW055",
      "P7F00013_RXW056",
      "P7F00013_RXW057",
      "P7F00013_RXW058",
      "P7F00013_RXW059",
      "P7F00013_RXW060",
      "P7F00013_RXW061",
      "P7F00013_RX_CRC32",
      "P7F00013_RX_DIGEST",
      "P7F00013_RX_GOOD_COUNT_L0",
      "P7F00013_RX_GOOD_COUNT_L1",
      "P7F00013_RX_LEN",
      "P7F00013_STATUS",
      "P7F00013_STICKY_ERROR",
      "P7F00013_TXD_HIGH_MAX",
      "P7F00013_TXW000",
      "P7F00013_TXW001",
      "P7F00013_TXW002",
      "P7F00013_TXW003",
      "P7F00013_TXW004",
      "P7F00013_TXW005",
      "P7F00013_TXW006",
      "P7F00013_TXW007",
      "P7F00013_TXW008",
      "P7F00013_TXW009",
      "P7F00013_TXW010",
      "P7F00013_TXW011",
      "P7F00013_TXW012",
      "P7F00013_TXW013",
      "P7F00013_TXW014",
      "P7F00013_TXW015",
      "P7F00013_TXW016",
      "P7F00013_TXW017",
      "P7F00013_TXW018",
      "P7F00013_TXW019",
      "P7F00013_TXW020",
      "P7F00013_TXW021",
      "P7F00013_TXW022",
      "P7F00013_TXW023",
      "P7F00013_TXW024",
      "P7F00013_TXW025",
      "P7F00013_TXW026",
      "P7F00013_TXW027",
      "P7F00013_TXW028",
      "P7F00013_TXW029",
      "P7F00013_TXW030",
      "P7F00013_TXW031",
      "P7F00013_TXW032",
      "P7F00013_TXW033",
      "P7F00013_TXW034",
      "P7F00013_TXW035",
      "P7F00013_TXW036",
      "P7F00013_TXW037",
      "P7F00013_TXW038",
      "P7F00013_TXW039",
      "P7F00013_TXW040",
      "P7F00013_TXW041",
      "P7F00013_TXW042",
      "P7F00013_TXW043",
      "P7F00013_TXW044",
      "P7F00013_TXW045",
      "P7F00013_TXW046",
      "P7F00013_TXW047",
      "P7F00013_TXW048",
      "P7F00013_TXW049",
      "P7F00013_TXW050",
      "P7F00013_TXW051",
      "P7F00013_TXW052",
      "P7F00013_TXW053",
      "P7F00013_TXW054",
      "P7F00013_TXW055",
      "P7F00013_TXW056",
      "P7F00013_TXW057",
      "P7F00013_TXW058",
      "P7F00013_TXW059",
      "P7F00013_TXW060",
      "P7F00013_TXW061",
      "P7F00013_TX_COUNT",
      "P7F00013_TX_CRC32",
      "P7F00013_TX_FAIL",
      "P7F00014_ACK_SEEN",
      "P7F00014_ACK_SENT",
      "P7F00014_COMMIT",
      "P7F00014_COMMIT_POLLS",
      "P7F00014_CRC_BAD",
      "P7F00014_DONE",
      "P7F00014_DONE_POLLS",
      "P7F00014_DUTY_VIOLATION",
      "P7F00014_ERROR_CODE",
      "P7F00014_FRAME_BAD",
      "P7F00014_FRAME_GOOD",
      "P7F00014_MAILBOX",
      "P7F00014_PAYLOAD_MISMATCH",
      "P7F00014_RAW_RX_PULSES",
      "P7F00014_RAW_TX_PULSES",
      "P7F00014_RETRY_COUNT",
      "P7F00014_RETRY_EXHAUSTED",
      "P7F00014_RXW000",
      "P7F00014_RXW001",
      "P7F00014_RXW002",
      "P7F00014_RXW003",
      "P7F00014_RXW004",
      "P7F00014_RXW005",
      "P7F00014_RXW006",
      "P7F00014_RXW007",
      "P7F00014_RXW008",
      "P7F00014_RXW009",
      "P7F00014_RXW010",
      "P7F00014_RXW011",
      "P7F00014_RXW012",
      "P7F00014_RXW013",
      "P7F00014_RXW014",
      "P7F00014_RXW015",
      "P7F00014_RXW016",
      "P7F00014_RXW017",
      "P7F00014_RXW018",
      "P7F00014_RXW019",
      "P7F00014_RXW020",
      "P7F00014_RXW021",
      "P7F00014_RXW022",
      "P7F00014_RXW023",
      "P7F00014_RXW024",
      "P7F00014_RXW025",
      "P7F00014_RXW026",
      "P7F00014_RXW027",
      "P7F00014_RXW028",
      "P7F00014_RXW029",
      "P7F00014_RXW030",
      "P7F00014_RXW031",
      "P7F00014_RXW032",
      "P7F00014_RXW033",
      "P7F00014_RXW034",
      "P7F00014_RXW035",
      "P7F00014_RXW036",
      "P7F00014_RXW037",
      "P7F00014_RXW038",
      "P7F00014_RXW039",
      "P7F00014_RXW040",
      "P7F00014_RXW041",
      "P7F00014_RXW042",
      "P7F00014_RXW043",
      "P7F00014_RXW044",
      "P7F00014_RXW045",
      "P7F00014_RXW046",
      "P7F00014_RXW047",
      "P7F00014_RXW048",
      "P7F00014_RXW049",
      "P7F00014_RXW050",
      "P7F00014_RXW051",
      "P7F00014_RXW052",
      "P7F00014_RXW053",
      "P7F00014_RXW054",
      "P7F00014_RXW055",
      "P7F00014_RXW056",
      "P7F00014_RXW057",
      "P7F00014_RXW058",
      "P7F00014_RXW059",
      "P7F00014_RXW060",
      "P7F00014_RXW061",
      "P7F00014_RX_CRC32",
      "P7F00014_RX_DIGEST",
      "P7F00014_RX_GOOD_COUNT_L0",
      "P7F00014_RX_GOOD_COUNT_L1",
      "P7F00014_RX_LEN",
      "P7F00014_STATUS",
      "P7F00014_STICKY_ERROR",
      "P7F00014_TXD_HIGH_MAX",
      "P7F00014_TXW000",
      "P7F00014_TXW001",
      "P7F00014_TXW002",
      "P7F00014_TXW003",
      "P7F00014_TXW004",
      "P7F00014_TXW005",
      "P7F00014_TXW006",
      "P7F00014_TXW007",
      "P7F00014_TXW008",
      "P7F00014_TXW009",
      "P7F00014_TXW010",
      "P7F00014_TXW011",
      "P7F00014_TXW012",
      "P7F00014_TXW013",
      "P7F00014_TXW014",
      "P7F00014_TXW015",
      "P7F00014_TXW016",
      "P7F00014_TXW017",
      "P7F00014_TXW018",
      "P7F00014_TXW019",
      "P7F00014_TXW020",
      "P7F00014_TXW021",
      "P7F00014_TXW022",
      "P7F00014_TXW023",
      "P7F00014_TXW024",
      "P7F00014_TXW025",
      "P7F00014_TXW026",
      "P7F00014_TXW027",
      "P7F00014_TXW028",
      "P7F00014_TXW029",
      "P7F00014_TXW030",
      "P7F00014_TXW031",
      "P7F00014_TXW032",
      "P7F00014_TXW033",
      "P7F00014_TXW034",
      "P7F00014_TXW035",
      "P7F00014_TXW036",
      "P7F00014_TXW037",
      "P7F00014_TXW038",
      "P7F00014_TXW039",
      "P7F00014_TXW040",
      "P7F00014_TXW041",
      "P7F00014_TXW042",
      "P7F00014_TXW043",
      "P7F00014_TXW044",
      "P7F00014_TXW045",
      "P7F00014_TXW046",
      "P7F00014_TXW047",
      "P7F00014_TXW048",
      "P7F00014_TXW049",
      "P7F00014_TXW050",
      "P7F00014_TXW051",
      "P7F00014_TXW052",
      "P7F00014_TXW053",
      "P7F00014_TXW054",
      "P7F00014_TXW055",
      "P7F00014_TXW056",
      "P7F00014_TXW057",
      "P7F00014_TXW058",
      "P7F00014_TXW059",
      "P7F00014_TXW060",
      "P7F00014_TXW061",
      "P7F00014_TX_COUNT",
      "P7F00014_TX_CRC32",
      "P7F00014_TX_FAIL",
      "P7F00015_ACK_SEEN",
      "P7F00015_ACK_SENT",
      "P7F00015_COMMIT",
      "P7F00015_COMMIT_POLLS",
      "P7F00015_CRC_BAD",
      "P7F00015_DONE",
      "P7F00015_DONE_POLLS",
      "P7F00015_DUTY_VIOLATION",
      "P7F00015_ERROR_CODE",
      "P7F00015_FRAME_BAD",
      "P7F00015_FRAME_GOOD",
      "P7F00015_MAILBOX",
      "P7F00015_PAYLOAD_MISMATCH",
      "P7F00015_RAW_RX_PULSES",
      "P7F00015_RAW_TX_PULSES",
      "P7F00015_RETRY_COUNT",
      "P7F00015_RETRY_EXHAUSTED",
      "P7F00015_RXW000",
      "P7F00015_RXW001",
      "P7F00015_RXW002",
      "P7F00015_RXW003",
      "P7F00015_RXW004",
      "P7F00015_RXW005",
      "P7F00015_RXW006",
      "P7F00015_RXW007",
      "P7F00015_RXW008",
      "P7F00015_RXW009",
      "P7F00015_RXW010",
      "P7F00015_RXW011",
      "P7F00015_RXW012",
      "P7F00015_RXW013",
      "P7F00015_RXW014",
      "P7F00015_RXW015",
      "P7F00015_RXW016",
      "P7F00015_RXW017",
      "P7F00015_RXW018",
      "P7F00015_RXW019",
      "P7F00015_RXW020",
      "P7F00015_RXW021",
      "P7F00015_RXW022",
      "P7F00015_RXW023",
      "P7F00015_RXW024",
      "P7F00015_RXW025",
      "P7F00015_RXW026",
      "P7F00015_RXW027",
      "P7F00015_RXW028",
      "P7F00015_RXW029",
      "P7F00015_RXW030",
      "P7F00015_RXW031",
      "P7F00015_RXW032",
      "P7F00015_RXW033",
      "P7F00015_RXW034",
      "P7F00015_RXW035",
      "P7F00015_RXW036",
      "P7F00015_RXW037",
      "P7F00015_RXW038",
      "P7F00015_RXW039",
      "P7F00015_RXW040",
      "P7F00015_RXW041",
      "P7F00015_RXW042",
      "P7F00015_RXW043",
      "P7F00015_RXW044",
      "P7F00015_RXW045",
      "P7F00015_RXW046",
      "P7F00015_RXW047",
      "P7F00015_RXW048",
      "P7F00015_RXW049",
      "P7F00015_RXW050",
      "P7F00015_RXW051",
      "P7F00015_RXW052",
      "P7F00015_RXW053",
      "P7F00015_RXW054",
      "P7F00015_RXW055",
      "P7F00015_RXW056",
      "P7F00015_RXW057",
      "P7F00015_RXW058",
      "P7F00015_RXW059",
      "P7F00015_RXW060",
      "P7F00015_RXW061",
      "P7F00015_RX_CRC32",
      "P7F00015_RX_DIGEST",
      "P7F00015_RX_GOOD_COUNT_L0",
      "P7F00015_RX_GOOD_COUNT_L1",
      "P7F00015_RX_LEN",
      "P7F00015_STATUS",
      "P7F00015_STICKY_ERROR",
      "P7F00015_TXD_HIGH_MAX",
      "P7F00015_TXW000",
      "P7F00015_TXW001",
      "P7F00015_TXW002",
      "P7F00015_TXW003",
      "P7F00015_TXW004",
      "P7F00015_TXW005",
      "P7F00015_TXW006",
      "P7F00015_TXW007",
      "P7F00015_TXW008",
      "P7F00015_TXW009",
      "P7F00015_TXW010",
      "P7F00015_TXW011",
      "P7F00015_TXW012",
      "P7F00015_TXW013",
      "P7F00015_TXW014",
      "P7F00015_TXW015",
      "P7F00015_TXW016",
      "P7F00015_TXW017",
      "P7F00015_TXW018",
      "P7F00015_TXW019",
      "P7F00015_TXW020",
      "P7F00015_TXW021",
      "P7F00015_TXW022",
      "P7F00015_TXW023",
      "P7F00015_TXW024",
      "P7F00015_TXW025",
      "P7F00015_TXW026",
      "P7F00015_TXW027",
      "P7F00015_TXW028",
      "P7F00015_TXW029",
      "P7F00015_TXW030",
      "P7F00015_TXW031",
      "P7F00015_TXW032",
      "P7F00015_TXW033",
      "P7F00015_TXW034",
      "P7F00015_TXW035",
      "P7F00015_TXW036",
      "P7F00015_TXW037",
      "P7F00015_TXW038",
      "P7F00015_TXW039",
      "P7F00015_TXW040",
      "P7F00015_TXW041",
      "P7F00015_TXW042",
      "P7F00015_TXW043",
      "P7F00015_TXW044",
      "P7F00015_TXW045",
      "P7F00015_TXW046",
      "P7F00015_TXW047",
      "P7F00015_TXW048",
      "P7F00015_TXW049",
      "P7F00015_TXW050",
      "P7F00015_TXW051",
      "P7F00015_TXW052",
      "P7F00015_TXW053",
      "P7F00015_TXW054",
      "P7F00015_TXW055",
      "P7F00015_TXW056",
      "P7F00015_TXW057",
      "P7F00015_TXW058",
      "P7F00015_TXW059",
      "P7F00015_TXW060",
      "P7F00015_TXW061",
      "P7F00015_TX_COUNT",
      "P7F00015_TX_CRC32",
      "P7F00015_TX_FAIL",
      "P7F00016_ACK_SEEN",
      "P7F00016_ACK_SENT",
      "P7F00016_COMMIT",
      "P7F00016_COMMIT_POLLS",
      "P7F00016_CRC_BAD",
      "P7F00016_DONE",
      "P7F00016_DONE_POLLS",
      "P7F00016_DUTY_VIOLATION",
      "P7F00016_ERROR_CODE",
      "P7F00016_FRAME_BAD",
      "P7F00016_FRAME_GOOD",
      "P7F00016_MAILBOX",
      "P7F00016_PAYLOAD_MISMATCH",
      "P7F00016_RAW_RX_PULSES",
      "P7F00016_RAW_TX_PULSES",
      "P7F00016_RETRY_COUNT",
      "P7F00016_RETRY_EXHAUSTED",
      "P7F00016_RXW000",
      "P7F00016_RXW001",
      "P7F00016_RXW002",
      "P7F00016_RXW003",
      "P7F00016_RXW004",
      "P7F00016_RXW005",
      "P7F00016_RXW006",
      "P7F00016_RXW007",
      "P7F00016_RXW008",
      "P7F00016_RXW009",
      "P7F00016_RXW010",
      "P7F00016_RXW011",
      "P7F00016_RXW012",
      "P7F00016_RXW013",
      "P7F00016_RXW014",
      "P7F00016_RXW015",
      "P7F00016_RXW016",
      "P7F00016_RXW017",
      "P7F00016_RXW018",
      "P7F00016_RXW019",
      "P7F00016_RXW020",
      "P7F00016_RXW021",
      "P7F00016_RXW022",
      "P7F00016_RXW023",
      "P7F00016_RXW024",
      "P7F00016_RXW025",
      "P7F00016_RXW026",
      "P7F00016_RXW027",
      "P7F00016_RXW028",
      "P7F00016_RXW029",
      "P7F00016_RXW030",
      "P7F00016_RXW031",
      "P7F00016_RXW032",
      "P7F00016_RXW033",
      "P7F00016_RXW034",
      "P7F00016_RXW035",
      "P7F00016_RXW036",
      "P7F00016_RXW037",
      "P7F00016_RXW038",
      "P7F00016_RXW039",
      "P7F00016_RXW040",
      "P7F00016_RXW041",
      "P7F00016_RXW042",
      "P7F00016_RXW043",
      "P7F00016_RXW044",
      "P7F00016_RXW045",
      "P7F00016_RXW046",
      "P7F00016_RXW047",
      "P7F00016_RXW048",
      "P7F00016_RXW049",
      "P7F00016_RXW050",
      "P7F00016_RXW051",
      "P7F00016_RXW052",
      "P7F00016_RXW053",
      "P7F00016_RXW054",
      "P7F00016_RXW055",
      "P7F00016_RXW056",
      "P7F00016_RXW057",
      "P7F00016_RXW058",
      "P7F00016_RXW059",
      "P7F00016_RXW060",
      "P7F00016_RXW061",
      "P7F00016_RX_CRC32",
      "P7F00016_RX_DIGEST",
      "P7F00016_RX_GOOD_COUNT_L0",
      "P7F00016_RX_GOOD_COUNT_L1",
      "P7F00016_RX_LEN",
      "P7F00016_STATUS",
      "P7F00016_STICKY_ERROR",
      "P7F00016_TXD_HIGH_MAX",
      "P7F00016_TXW000",
      "P7F00016_TXW001",
      "P7F00016_TXW002",
      "P7F00016_TXW003",
      "P7F00016_TXW004",
      "P7F00016_TXW005",
      "P7F00016_TXW006",
      "P7F00016_TXW007",
      "P7F00016_TXW008",
      "P7F00016_TXW009",
      "P7F00016_TXW010",
      "P7F00016_TXW011",
      "P7F00016_TXW012",
      "P7F00016_TXW013",
      "P7F00016_TXW014",
      "P7F00016_TXW015",
      "P7F00016_TXW016",
      "P7F00016_TXW017",
      "P7F00016_TXW018",
      "P7F00016_TXW019",
      "P7F00016_TXW020",
      "P7F00016_TXW021",
      "P7F00016_TXW022",
      "P7F00016_TXW023",
      "P7F00016_TXW024",
      "P7F00016_TXW025",
      "P7F00016_TXW026",
      "P7F00016_TXW027",
      "P7F00016_TXW028",
      "P7F00016_TXW029",
      "P7F00016_TXW030",
      "P7F00016_TXW031",
      "P7F00016_TXW032",
      "P7F00016_TXW033",
      "P7F00016_TXW034",
      "P7F00016_TXW035",
      "P7F00016_TXW036",
      "P7F00016_TXW037",
      "P7F00016_TXW038",
      "P7F00016_TXW039",
      "P7F00016_TXW040",
      "P7F00016_TXW041",
      "P7F00016_TXW042",
      "P7F00016_TXW043",
      "P7F00016_TXW044",
      "P7F00016_TXW045",
      "P7F00016_TXW046",
      "P7F00016_TXW047",
      "P7F00016_TXW048",
      "P7F00016_TXW049",
      "P7F00016_TXW050",
      "P7F00016_TXW051",
      "P7F00016_TXW052",
      "P7F00016_TXW053",
      "P7F00016_TXW054",
      "P7F00016_TXW055",
      "P7F00016_TXW056",
      "P7F00016_TXW057",
      "P7F00016_TXW058",
      "P7F00016_TXW059",
      "P7F00016_TXW060",
      "P7F00016_TXW061",
      "P7F00016_TX_COUNT",
      "P7F00016_TX_CRC32",
      "P7F00016_TX_FAIL",
      "P7F00017_ACK_SEEN",
      "P7F00017_ACK_SENT",
      "P7F00017_COMMIT",
      "P7F00017_COMMIT_POLLS",
      "P7F00017_CRC_BAD",
      "P7F00017_DONE",
      "P7F00017_DONE_POLLS",
      "P7F00017_DUTY_VIOLATION",
      "P7F00017_ERROR_CODE",
      "P7F00017_FRAME_BAD",
      "P7F00017_FRAME_GOOD",
      "P7F00017_MAILBOX",
      "P7F00017_PAYLOAD_MISMATCH",
      "P7F00017_RAW_RX_PULSES",
      "P7F00017_RAW_TX_PULSES",
      "P7F00017_RETRY_COUNT",
      "P7F00017_RETRY_EXHAUSTED",
      "P7F00017_RXW000",
      "P7F00017_RXW001",
      "P7F00017_RXW002",
      "P7F00017_RXW003",
      "P7F00017_RXW004",
      "P7F00017_RXW005",
      "P7F00017_RXW006",
      "P7F00017_RXW007",
      "P7F00017_RXW008",
      "P7F00017_RXW009",
      "P7F00017_RXW010",
      "P7F00017_RXW011",
      "P7F00017_RXW012",
      "P7F00017_RXW013",
      "P7F00017_RXW014",
      "P7F00017_RXW015",
      "P7F00017_RXW016",
      "P7F00017_RXW017",
      "P7F00017_RXW018",
      "P7F00017_RXW019",
      "P7F00017_RXW020",
      "P7F00017_RXW021",
      "P7F00017_RXW022",
      "P7F00017_RXW023",
      "P7F00017_RXW024",
      "P7F00017_RXW025",
      "P7F00017_RXW026",
      "P7F00017_RXW027",
      "P7F00017_RXW028",
      "P7F00017_RXW029",
      "P7F00017_RXW030",
      "P7F00017_RXW031",
      "P7F00017_RXW032",
      "P7F00017_RXW033",
      "P7F00017_RXW034",
      "P7F00017_RXW035",
      "P7F00017_RXW036",
      "P7F00017_RXW037",
      "P7F00017_RXW038",
      "P7F00017_RXW039",
      "P7F00017_RXW040",
      "P7F00017_RXW041",
      "P7F00017_RXW042",
      "P7F00017_RXW043",
      "P7F00017_RXW044",
      "P7F00017_RXW045",
      "P7F00017_RXW046",
      "P7F00017_RXW047",
      "P7F00017_RXW048",
      "P7F00017_RXW049",
      "P7F00017_RXW050",
      "P7F00017_RXW051",
      "P7F00017_RXW052",
      "P7F00017_RXW053",
      "P7F00017_RXW054",
      "P7F00017_RXW055",
      "P7F00017_RXW056",
      "P7F00017_RXW057",
      "P7F00017_RXW058",
      "P7F00017_RXW059",
      "P7F00017_RXW060",
      "P7F00017_RXW061",
      "P7F00017_RX_CRC32",
      "P7F00017_RX_DIGEST",
      "P7F00017_RX_GOOD_COUNT_L0",
      "P7F00017_RX_GOOD_COUNT_L1",
      "P7F00017_RX_LEN",
      "P7F00017_STATUS",
      "P7F00017_STICKY_ERROR",
      "P7F00017_TXD_HIGH_MAX",
      "P7F00017_TXW000",
      "P7F00017_TXW001",
      "P7F00017_TXW002",
      "P7F00017_TXW003",
      "P7F00017_TXW004",
      "P7F00017_TXW005",
      "P7F00017_TXW006",
      "P7F00017_TXW007",
      "P7F00017_TXW008",
      "P7F00017_TXW009",
      "P7F00017_TXW010",
      "P7F00017_TXW011",
      "P7F00017_TXW012",
      "P7F00017_TXW013",
      "P7F00017_TXW014",
      "P7F00017_TXW015",
      "P7F00017_TXW016",
      "P7F00017_TXW017",
      "P7F00017_TXW018",
      "P7F00017_TXW019",
      "P7F00017_TXW020",
      "P7F00017_TXW021",
      "P7F00017_TXW022",
      "P7F00017_TXW023",
      "P7F00017_TXW024",
      "P7F00017_TXW025",
      "P7F00017_TXW026",
      "P7F00017_TXW027",
      "P7F00017_TXW028",
      "P7F00017_TXW029",
      "P7F00017_TXW030",
      "P7F00017_TXW031",
      "P7F00017_TXW032",
      "P7F00017_TXW033",
      "P7F00017_TXW034",
      "P7F00017_TXW035",
      "P7F00017_TXW036",
      "P7F00017_TXW037",
      "P7F00017_TXW038",
      "P7F00017_TXW039",
      "P7F00017_TXW040",
      "P7F00017_TXW041",
      "P7F00017_TXW042",
      "P7F00017_TXW043",
      "P7F00017_TXW044",
      "P7F00017_TXW045",
      "P7F00017_TXW046",
      "P7F00017_TXW047",
      "P7F00017_TXW048",
      "P7F00017_TXW049",
      "P7F00017_TXW050",
      "P7F00017_TXW051",
      "P7F00017_TXW052",
      "P7F00017_TXW053",
      "P7F00017_TXW054",
      "P7F00017_TXW055",
      "P7F00017_TXW056",
      "P7F00017_TXW057",
      "P7F00017_TXW058",
      "P7F00017_TXW059",
      "P7F00017_TXW060",
      "P7F00017_TXW061",
      "P7F00017_TX_COUNT",
      "P7F00017_TX_CRC32",
      "P7F00017_TX_FAIL",
      "P7F00018_ACK_SEEN",
      "P7F00018_ACK_SENT",
      "P7F00018_COMMIT",
      "P7F00018_COMMIT_POLLS",
      "P7F00018_CRC_BAD",
      "P7F00018_DONE",
      "P7F00018_DONE_POLLS",
      "P7F00018_DUTY_VIOLATION",
      "P7F00018_ERROR_CODE",
      "P7F00018_FRAME_BAD",
      "P7F00018_FRAME_GOOD",
      "P7F00018_MAILBOX",
      "P7F00018_PAYLOAD_MISMATCH",
      "P7F00018_RAW_RX_PULSES",
      "P7F00018_RAW_TX_PULSES",
      "P7F00018_RETRY_COUNT",
      "P7F00018_RETRY_EXHAUSTED",
      "P7F00018_RXW000",
      "P7F00018_RXW001",
      "P7F00018_RXW002",
      "P7F00018_RXW003",
      "P7F00018_RXW004",
      "P7F00018_RXW005",
      "P7F00018_RXW006",
      "P7F00018_RXW007",
      "P7F00018_RXW008",
      "P7F00018_RXW009",
      "P7F00018_RXW010",
      "P7F00018_RXW011",
      "P7F00018_RXW012",
      "P7F00018_RXW013",
      "P7F00018_RXW014",
      "P7F00018_RXW015",
      "P7F00018_RXW016",
      "P7F00018_RXW017",
      "P7F00018_RXW018",
      "P7F00018_RXW019",
      "P7F00018_RXW020",
      "P7F00018_RXW021",
      "P7F00018_RXW022",
      "P7F00018_RXW023",
      "P7F00018_RXW024",
      "P7F00018_RXW025",
      "P7F00018_RXW026",
      "P7F00018_RXW027",
      "P7F00018_RXW028",
      "P7F00018_RXW029",
      "P7F00018_RXW030",
      "P7F00018_RXW031",
      "P7F00018_RXW032",
      "P7F00018_RXW033",
      "P7F00018_RXW034",
      "P7F00018_RXW035",
      "P7F00018_RXW036",
      "P7F00018_RXW037",
      "P7F00018_RXW038",
      "P7F00018_RXW039",
      "P7F00018_RXW040",
      "P7F00018_RXW041",
      "P7F00018_RXW042",
      "P7F00018_RXW043",
      "P7F00018_RXW044",
      "P7F00018_RXW045",
      "P7F00018_RXW046",
      "P7F00018_RXW047",
      "P7F00018_RXW048",
      "P7F00018_RXW049",
      "P7F00018_RXW050",
      "P7F00018_RXW051",
      "P7F00018_RXW052",
      "P7F00018_RXW053",
      "P7F00018_RXW054",
      "P7F00018_RXW055",
      "P7F00018_RXW056",
      "P7F00018_RXW057",
      "P7F00018_RXW058",
      "P7F00018_RXW059",
      "P7F00018_RXW060",
      "P7F00018_RXW061",
      "P7F00018_RX_CRC32",
      "P7F00018_RX_DIGEST",
      "P7F00018_RX_GOOD_COUNT_L0",
      "P7F00018_RX_GOOD_COUNT_L1",
      "P7F00018_RX_LEN",
      "P7F00018_STATUS",
      "P7F00018_STICKY_ERROR",
      "P7F00018_TXD_HIGH_MAX",
      "P7F00018_TXW000",
      "P7F00018_TXW001",
      "P7F00018_TXW002",
      "P7F00018_TXW003",
      "P7F00018_TXW004",
      "P7F00018_TXW005",
      "P7F00018_TXW006",
      "P7F00018_TXW007",
      "P7F00018_TXW008",
      "P7F00018_TXW009",
      "P7F00018_TXW010",
      "P7F00018_TXW011",
      "P7F00018_TXW012",
      "P7F00018_TXW013",
      "P7F00018_TXW014",
      "P7F00018_TXW015",
      "P7F00018_TXW016",
      "P7F00018_TXW017",
      "P7F00018_TXW018",
      "P7F00018_TXW019",
      "P7F00018_TXW020",
      "P7F00018_TXW021",
      "P7F00018_TXW022",
      "P7F00018_TXW023",
      "P7F00018_TXW024",
      "P7F00018_TXW025",
      "P7F00018_TXW026",
      "P7F00018_TXW027",
      "P7F00018_TXW028",
      "P7F00018_TXW029",
      "P7F00018_TXW030",
      "P7F00018_TXW031",
      "P7F00018_TXW032",
      "P7F00018_TXW033",
      "P7F00018_TXW034",
      "P7F00018_TXW035",
      "P7F00018_TXW036",
      "P7F00018_TXW037",
      "P7F00018_TXW038",
      "P7F00018_TXW039",
      "P7F00018_TXW040",
      "P7F00018_TXW041",
      "P7F00018_TXW042",
      "P7F00018_TXW043",
      "P7F00018_TXW044",
      "P7F00018_TXW045",
      "P7F00018_TXW046",
      "P7F00018_TXW047",
      "P7F00018_TXW048",
      "P7F00018_TXW049",
      "P7F00018_TXW050",
      "P7F00018_TXW051",
      "P7F00018_TXW052",
      "P7F00018_TXW053",
      "P7F00018_TXW054",
      "P7F00018_TXW055",
      "P7F00018_TXW056",
      "P7F00018_TXW057",
      "P7F00018_TXW058",
      "P7F00018_TXW059",
      "P7F00018_TXW060",
      "P7F00018_TXW061",
      "P7F00018_TX_COUNT",
      "P7F00018_TX_CRC32",
      "P7F00018_TX_FAIL",
      "P7F00019_ACK_SEEN",
      "P7F00019_ACK_SENT",
      "P7F00019_COMMIT",
      "P7F00019_COMMIT_POLLS",
      "P7F00019_CRC_BAD",
      "P7F00019_DONE",
      "P7F00019_DONE_POLLS",
      "P7F00019_DUTY_VIOLATION",
      "P7F00019_ERROR_CODE",
      "P7F00019_FRAME_BAD",
      "P7F00019_FRAME_GOOD",
      "P7F00019_MAILBOX",
      "P7F00019_PAYLOAD_MISMATCH",
      "P7F00019_RAW_RX_PULSES",
      "P7F00019_RAW_TX_PULSES",
      "P7F00019_RETRY_COUNT",
      "P7F00019_RETRY_EXHAUSTED",
      "P7F00019_RXW000",
      "P7F00019_RXW001",
      "P7F00019_RXW002",
      "P7F00019_RXW003",
      "P7F00019_RXW004",
      "P7F00019_RXW005",
      "P7F00019_RXW006",
      "P7F00019_RXW007",
      "P7F00019_RXW008",
      "P7F00019_RXW009",
      "P7F00019_RXW010",
      "P7F00019_RX_CRC32",
      "P7F00019_RX_DIGEST",
      "P7F00019_RX_GOOD_COUNT_L0",
      "P7F00019_RX_GOOD_COUNT_L1",
      "P7F00019_RX_LEN",
      "P7F00019_STATUS",
      "P7F00019_STICKY_ERROR",
      "P7F00019_TXD_HIGH_MAX",
      "P7F00019_TXW000",
      "P7F00019_TXW001",
      "P7F00019_TXW002",
      "P7F00019_TXW003",
      "P7F00019_TXW004",
      "P7F00019_TXW005",
      "P7F00019_TXW006",
      "P7F00019_TXW007",
      "P7F00019_TXW008",
      "P7F00019_TXW009",
      "P7F00019_TXW010",
      "P7F00019_TX_COUNT",
      "P7F00019_TX_CRC32",
      "P7F00019_TX_FAIL",
      "P7_BASE_ACK_SEEN",
      "P7_BASE_ACK_SENT",
      "P7_BASE_CRC_BAD",
      "P7_BASE_DUTY_VIOLATION",
      "P7_BASE_ERROR_CODE",
      "P7_BASE_FRAME_BAD",
      "P7_BASE_FRAME_GOOD",
      "P7_BASE_PAYLOAD_MISMATCH",
      "P7_BASE_RAW_RX_PULSES",
      "P7_BASE_RAW_TX_PULSES",
      "P7_BASE_RETRY_COUNT",
      "P7_BASE_RETRY_EXHAUSTED",
      "P7_BASE_RX_GOOD_COUNT_L0",
      "P7_BASE_RX_GOOD_COUNT_L1",
      "P7_BASE_STICKY_ERROR",
      "P7_BASE_TXD_HIGH_MAX",
      "P7_BASE_TX_COUNT",
      "P7_BASE_TX_FAIL",
      "P7_FINAL_SHUTDOWN_REASON"
    ],
    "write_operations": [
      {
        "offset": "0x100",
        "value": "0x00000002"
      },
      {
        "offset": "0x100",
        "value": "0x00000002"
      },
      {
        "offset": "0x200",
        "value": "0x50414652"
      },
      {
        "offset": "0x204",
        "value": "0x00200101"
      },
      {
        "offset": "0x208",
        "value": "0x50370002"
      },
      {
        "offset": "0x20c",
        "value": "0x00000002"
      },
      {
        "offset": "0x210",
        "value": "0x00001000"
      },
      {
        "offset": "0x214",
        "value": "0x00140000"
      },
      {
        "offset": "0x218",
        "value": "0x000000d7"
      },
      {
        "offset": "0x21c",
        "value": "0xe39b1851"
      },
      {
        "offset": "0x220",
        "value": "0x05040302"
      },
      {
        "offset": "0x224",
        "value": "0x09080706"
      },
      {
        "offset": "0x228",
        "value": "0x0d0c0b0a"
      },
      {
        "offset": "0x22c",
        "value": "0x11100f0e"
      },
      {
        "offset": "0x230",
        "value": "0x15141312"
      },
      {
        "offset": "0x234",
        "value": "0x19181716"
      },
      {
        "offset": "0x238",
        "value": "0x1d1c1b1a"
      },
      {
        "offset": "0x23c",
        "value": "0x21201f1e"
      },
      {
        "offset": "0x240",
        "value": "0x25242322"
      },
      {
        "offset": "0x244",
        "value": "0x29282726"
      },
      {
        "offset": "0x248",
        "value": "0x2d2c2b2a"
      },
      {
        "offset": "0x24c",
        "value": "0x31302f2e"
      },
      {
        "offset": "0x250",
        "value": "0x35343332"
      },
      {
        "offset": "0x254",
        "value": "0x39383736"
      },
      {
        "offset": "0x258",
        "value": "0x3d3c3b3a"
      },
      {
        "offset": "0x25c",
        "value": "0x41403f3e"
      },
      {
        "offset": "0x260",
        "value": "0x45444342"
      },
      {
        "offset": "0x264",
        "value": "0x49484746"
      },
      {
        "offset": "0x268",
        "value": "0x4d4c4b4a"
      },
      {
        "offset": "0x26c",
        "value": "0x51504f4e"
      },
      {
        "offset": "0x270",
        "value": "0x55545352"
      },
      {
        "offset": "0x274",
        "value": "0x59585756"
      },
      {
        "offset": "0x278",
        "value": "0x5d5c5b5a"
      },
      {
        "offset": "0x27c",
        "value": "0x61605f5e"
      },
      {
        "offset": "0x280",
        "value": "0x65646362"
      },
      {
        "offset": "0x284",
        "value": "0x69686766"
      },
      {
        "offset": "0x288",
        "value": "0x6d6c6b6a"
      },
      {
        "offset": "0x28c",
        "value": "0x71706f6e"
      },
      {
        "offset": "0x290",
        "value": "0x75747372"
      },
      {
        "offset": "0x294",
        "value": "0x79787776"
      },
      {
        "offset": "0x298",
        "value": "0x7d7c7b7a"
      },
      {
        "offset": "0x29c",
        "value": "0x81807f7e"
      },
      {
        "offset": "0x2a0",
        "value": "0x85848382"
      },
      {
        "offset": "0x2a4",
        "value": "0x89888786"
      },
      {
        "offset": "0x2a8",
        "value": "0x8d8c8b8a"
      },
      {
        "offset": "0x2ac",
        "value": "0x91908f8e"
      },
      {
        "offset": "0x2b0",
        "value": "0x95949392"
      },
      {
        "offset": "0x2b4",
        "value": "0x99989796"
      },
      {
        "offset": "0x2b8",
        "value": "0x9d9c9b9a"
      },
      {
        "offset": "0x2bc",
        "value": "0xa1a09f9e"
      },
      {
        "offset": "0x2c0",
        "value": "0xa5a4a3a2"
      },
      {
        "offset": "0x2c4",
        "value": "0xa9a8a7a6"
      },
      {
        "offset": "0x2c8",
        "value": "0xadacabaa"
      },
      {
        "offset": "0x2cc",
        "value": "0xb1b0afae"
      },
      {
        "offset": "0x2d0",
        "value": "0xb5b4b3b2"
      },
      {
        "offset": "0x2d4",
        "value": "0xb9b8b7b6"
      },
      {
        "offset": "0x2d8",
        "value": "0xbdbcbbba"
      },
      {
        "offset": "0x2dc",
        "value": "0xc1c0bfbe"
      },
      {
        "offset": "0x2e0",
        "value": "0xc5c4c3c2"
      },
      {
        "offset": "0x2e4",
        "value": "0xc9c8c7c6"
      },
      {
        "offset": "0x2e8",
        "value": "0xcdcccbca"
      },
      {
        "offset": "0x2ec",
        "value": "0xd1d0cfce"
      },
      {
        "offset": "0x2f0",
        "value": "0xd5d4d3d2"
      },
      {
        "offset": "0x2f4",
        "value": "0x00d8d7d6"
      },
      {
        "offset": "0x108",
        "value": "0x00002201"
      },
      {
        "offset": "0x10c",
        "value": "0x00000001"
      },
      {
        "offset": "0x110",
        "value": "0x00000001"
      },
      {
        "offset": "0x114",
        "value": "0x000000f7"
      },
      {
        "offset": "0x15c",
        "value": "0x0061a800"
      },
      {
        "offset": "0x100",
        "value": "0x00000004"
      },
      {
        "offset": "0x100",
        "value": "0x00000008"
      },
      {
        "offset": "0x100",
        "value": "0x00000002"
      },
      {
        "offset": "0x200",
        "value": "0x50414652"
      },
      {
        "offset": "0x204",
        "value": "0x00200001"
      },
      {
        "offset": "0x208",
        "value": "0x50370002"
      },
      {
        "offset": "0x20c",
        "value": "0x00000002"
      },
      {
        "offset": "0x210",
        "value": "0x00001000"
      },
      {
        "offset": "0x214",
        "value": "0x00140001"
      },
      {
        "offset": "0x218",
        "value": "0x000000d7"
      },
      {
        "offset": "0x21c",
        "value": "0xe39b1851"
      },
      {
        "offset": "0x220",
        "value": "0xdcdbdad9"
      },
      {
        "offset": "0x224",
        "value": "0xe0dfdedd"
      },
      {
        "offset": "0x228",
        "value": "0xe4e3e2e1"
      },
      {
        "offset": "0x22c",
        "value": "0xe8e7e6e5"
      },
      {
        "offset": "0x230",
        "value": "0xecebeae9"
      },
      {
        "offset": "0x234",
        "value": "0xf0efeeed"
      },
      {
        "offset": "0x238",
        "value": "0xf4f3f2f1"
      },
      {
        "offset": "0x23c",
        "value": "0xf8f7f6f5"
      },
      {
        "offset": "0x240",
        "value": "0xfcfbfaf9"
      },
      {
        "offset": "0x244",
        "value": "0x00fffefd"
      },
      {
        "offset": "0x248",
        "value": "0x04030201"
      },
      {
        "offset": "0x24c",
        "value": "0x08070605"
      },
      {
        "offset": "0x250",
        "value": "0x0c0b0a09"
      },
      {
        "offset": "0x254",
        "value": "0x100f0e0d"
      },
      {
        "offset": "0x258",
        "value": "0x14131211"
      },
      {
        "offset": "0x25c",
        "value": "0x18171615"
      },
      {
        "offset": "0x260",
        "value": "0x1c1b1a19"
      },
      {
        "offset": "0x264",
        "value": "0x201f1e1d"
      },
      {
        "offset": "0x268",
        "value": "0x24232221"
      },
      {
        "offset": "0x26c",
        "value": "0x28272625"
      },
      {
        "offset": "0x270",
        "value": "0x2c2b2a29"
      },
      {
        "offset": "0x274",
        "value": "0x302f2e2d"
      },
      {
        "offset": "0x278",
        "value": "0x34333231"
      },
      {
        "offset": "0x27c",
        "value": "0x38373635"
      },
      {
        "offset": "0x280",
        "value": "0x3c3b3a39"
      },
      {
        "offset": "0x284",
        "value": "0x403f3e3d"
      },
      {
        "offset": "0x288",
        "value": "0x44434241"
      },
      {
        "offset": "0x28c",
        "value": "0x48474645"
      },
      {
        "offset": "0x290",
        "value": "0x4c4b4a49"
      },
      {
        "offset": "0x294",
        "value": "0x504f4e4d"
      },
      {
        "offset": "0x298",
        "value": "0x54535251"
      },
      {
        "offset": "0x29c",
        "value": "0x58575655"
      },
      {
        "offset": "0x2a0",
        "value": "0x5c5b5a59"
      },
      {
        "offset": "0x2a4",
        "value": "0x605f5e5d"
      },
      {
        "offset": "0x2a8",
        "value": "0x64636261"
      },
      {
        "offset": "0x2ac",
        "value": "0x68676665"
      },
      {
        "offset": "0x2b0",
        "value": "0x6c6b6a69"
      },
      {
        "offset": "0x2b4",
        "value": "0x706f6e6d"
      },
      {
        "offset": "0x2b8",
        "value": "0x74737271"
      },
      {
        "offset": "0x2bc",
        "value": "0x78777675"
      },
      {
        "offset": "0x2c0",
        "value": "0x7c7b7a79"
      },
      {
        "offset": "0x2c4",
        "value": "0x807f7e7d"
      },
      {
        "offset": "0x2c8",
        "value": "0x84838281"
      },
      {
        "offset": "0x2cc",
        "value": "0x88878685"
      },
      {
        "offset": "0x2d0",
        "value": "0x8c8b8a89"
      },
      {
        "offset": "0x2d4",
        "value": "0x908f8e8d"
      },
      {
        "offset": "0x2d8",
        "value": "0x94939291"
      },
      {
        "offset": "0x2dc",
        "value": "0x98979695"
      },
      {
        "offset": "0x2e0",
        "value": "0x9c9b9a99"
      },
      {
        "offset": "0x2e4",
        "value": "0xa09f9e9d"
      },
      {
        "offset": "0x2e8",
        "value": "0xa4a3a2a1"
      },
      {
        "offset": "0x2ec",
        "value": "0xa8a7a6a5"
      },
      {
        "offset": "0x2f0",
        "value": "0xacabaaa9"
      },
      {
        "offset": "0x2f4",
        "value": "0x00afaead"
      },
      {
        "offset": "0x108",
        "value": "0x00002201"
      },
      {
        "offset": "0x10c",
        "value": "0x00000001"
      },
      {
        "offset": "0x110",
        "value": "0x00000001"
      },
      {
        "offset": "0x114",
        "value": "0x000000f7"
      },
      {
        "offset": "0x15c",
        "value": "0x0061a800"
      },
      {
        "offset": "0x100",
        "value": "0x00000004"
      },
      {
        "offset": "0x100",
        "value": "0x00000008"
      },
      {
        "offset": "0x100",
        "value": "0x00000002"
      },
      {
        "offset": "0x200",
        "value": "0x50414652"
      },
      {
        "offset": "0x204",
        "value": "0x00200001"
      },
      {
        "offset": "0x208",
        "value": "0x50370002"
      },
      {
        "offset": "0x20c",
        "value": "0x00000002"
      },
      {
        "offset": "0x210",
        "value": "0x00001000"
      },
      {
        "offset": "0x214",
        "value": "0x00140002"
      },
      {
        "offset": "0x218",
        "value": "0x000000d7"
      },
      {
        "offset": "0x21c",
        "value": "0xe39b1851"
      },
      {
        "offset": "0x220",
        "value": "0xb3b2b1b0"
      },
      {
        "offset": "0x224",
        "value": "0xb7b6b5b4"
      },
      {
        "offset": "0x228",
        "value": "0xbbbab9b8"
      },
      {
        "offset": "0x22c",
        "value": "0xbfbebdbc"
      },
      {
        "offset": "0x230",
        "value": "0xc3c2c1c0"
      },
      {
        "offset": "0x234",
        "value": "0xc7c6c5c4"
      },
      {
        "offset": "0x238",
        "value": "0xcbcac9c8"
      },
      {
        "offset": "0x23c",
        "value": "0xcfcecdcc"
      },
      {
        "offset": "0x240",
        "value": "0xd3d2d1d0"
      },
      {
        "offset": "0x244",
        "value": "0xd7d6d5d4"
      },
      {
        "offset": "0x248",
        "value": "0xdbdad9d8"
      },
      {
        "offset": "0x24c",
        "value": "0xdfdedddc"
      },
      {
        "offset": "0x250",
        "value": "0xe3e2e1e0"
      },
      {
        "offset": "0x254",
        "value": "0xe7e6e5e4"
      },
      {
        "offset": "0x258",
        "value": "0xebeae9e8"
      },
      {
        "offset": "0x25c",
        "value": "0xefeeedec"
      },
      {
        "offset": "0x260",
        "value": "0xf3f2f1f0"
      },
      {
        "offset": "0x264",
        "value": "0xf7f6f5f4"
      },
      {
        "offset": "0x268",
        "value": "0xfbfaf9f8"
      },
      {
        "offset": "0x26c",
        "value": "0xfffefdfc"
      },
      {
        "offset": "0x270",
        "value": "0x03020100"
      },
      {
        "offset": "0x274",
        "value": "0x07060504"
      },
      {
        "offset": "0x278",
        "value": "0x0b0a0908"
      },
      {
        "offset": "0x27c",
        "value": "0x0f0e0d0c"
      },
      {
        "offset": "0x280",
        "value": "0x13121110"
      },
      {
        "offset": "0x284",
        "value": "0x17161514"
      },
      {
        "offset": "0x288",
        "value": "0x1b1a1918"
      },
      {
        "offset": "0x28c",
        "value": "0x1f1e1d1c"
      },
      {
        "offset": "0x290",
        "value": "0x23222120"
      },
      {
        "offset": "0x294",
        "value": "0x27262524"
      },
      {
        "offset": "0x298",
        "value": "0x2b2a2928"
      },
      {
        "offset": "0x29c",
        "value": "0x2f2e2d2c"
      },
      {
        "offset": "0x2a0",
        "value": "0x33323130"
      },
      {
        "offset": "0x2a4",
        "value": "0x37363534"
      },
      {
        "offset": "0x2a8",
        "value": "0x3b3a3938"
      },
      {
        "offset": "0x2ac",
        "value": "0x3f3e3d3c"
      },
      {
        "offset": "0x2b0",
        "value": "0x43424140"
      },
      {
        "offset": "0x2b4",
        "value": "0x47464544"
      },
      {
        "offset": "0x2b8",
        "value": "0x4b4a4948"
      },
      {
        "offset": "0x2bc",
        "value": "0x4f4e4d4c"
      },
      {
        "offset": "0x2c0",
        "value": "0x53525150"
      },
      {
        "offset": "0x2c4",
        "value": "0x57565554"
      },
      {
        "offset": "0x2c8",
        "value": "0x5b5a5958"
      },
      {
        "offset": "0x2cc",
        "value": "0x5f5e5d5c"
      },
      {
        "offset": "0x2d0",
        "value": "0x63626160"
      },
      {
        "offset": "0x2d4",
        "value": "0x67666564"
      },
      {
        "offset": "0x2d8",
        "value": "0x6b6a6968"
      },
      {
        "offset": "0x2dc",
        "value": "0x6f6e6d6c"
      },
      {
        "offset": "0x2e0",
        "value": "0x73727170"
      },
      {
        "offset": "0x2e4",
        "value": "0x77767574"
      },
      {
        "offset": "0x2e8",
        "value": "0x7b7a7978"
      },
      {
        "offset": "0x2ec",
        "value": "0x7f7e7d7c"
      },
      {
        "offset": "0x2f0",
        "value": "0x83828180"
      },
      {
        "offset": "0x2f4",
        "value": "0x00868584"
      },
      {
        "offset": "0x108",
        "value": "0x00002201"
      },
      {
        "offset": "0x10c",
        "value": "0x00000001"
      },
      {
        "offset": "0x110",
        "value": "0x00000001"
      },
      {
        "offset": "0x114",
        "value": "0x000000f7"
      },
      {
        "offset": "0x15c",
        "value": "0x0061a800"
      },
      {
        "offset": "0x100",
        "value": "0x00000004"
      },
      {
        "offset": "0x100",
        "value": "0x00000008"
      },
      {
        "offset": "0x100",
        "value": "0x00000002"
      },
      {
        "offset": "0x200",
        "value": "0x50414652"
      },
      {
        "offset": "0x204",
        "value": "0x00200001"
      },
      {
        "offset": "0x208",
        "value": "0x50370002"
      },
      {
        "offset": "0x20c",
        "value": "0x00000002"
      },
      {
        "offset": "0x210",
        "value": "0x00001000"
      },
      {
        "offset": "0x214",
        "value": "0x00140003"
      },
      {
        "offset": "0x218",
        "value": "0x000000d7"
      },
      {
        "offset": "0x21c",
        "value": "0xe39b1851"
      },
      {
        "offset": "0x220",
        "value": "0x8a898887"
      },
      {
        "offset": "0x224",
        "value": "0x8e8d8c8b"
      },
      {
        "offset": "0x228",
        "value": "0x9291908f"
      },
      {
        "offset": "0x22c",
        "value": "0x96959493"
      },
      {
        "offset": "0x230",
        "value": "0x9a999897"
      },
      {
        "offset": "0x234",
        "value": "0x9e9d9c9b"
      },
      {
        "offset": "0x238",
        "value": "0xa2a1a09f"
      },
      {
        "offset": "0x23c",
        "value": "0xa6a5a4a3"
      },
      {
        "offset": "0x240",
        "value": "0xaaa9a8a7"
      },
      {
        "offset": "0x244",
        "value": "0xaeadacab"
      },
      {
        "offset": "0x248",
        "value": "0xb2b1b0af"
      },
      {
        "offset": "0x24c",
        "value": "0xb6b5b4b3"
      },
      {
        "offset": "0x250",
        "value": "0xbab9b8b7"
      },
      {
        "offset": "0x254",
        "value": "0xbebdbcbb"
      },
      {
        "offset": "0x258",
        "value": "0xc2c1c0bf"
      },
      {
        "offset": "0x25c",
        "value": "0xc6c5c4c3"
      },
      {
        "offset": "0x260",
        "value": "0xcac9c8c7"
      },
      {
        "offset": "0x264",
        "value": "0xcecdcccb"
      },
      {
        "offset": "0x268",
        "value": "0xd2d1d0cf"
      },
      {
        "offset": "0x26c",
        "value": "0xd6d5d4d3"
      },
      {
        "offset": "0x270",
        "value": "0xdad9d8d7"
      },
      {
        "offset": "0x274",
        "value": "0xdedddcdb"
      },
      {
        "offset": "0x278",
        "value": "0xe2e1e0df"
      },
      {
        "offset": "0x27c",
        "value": "0xe6e5e4e3"
      },
      {
        "offset": "0x280",
        "value": "0xeae9e8e7"
      },
      {
        "offset": "0x284",
        "value": "0xeeedeceb"
      },
      {
        "offset": "0x288",
        "value": "0xf2f1f0ef"
      },
      {
        "offset": "0x28c",
        "value": "0xf6f5f4f3"
      },
      {
        "offset": "0x290",
        "value": "0xfaf9f8f7"
      },
      {
        "offset": "0x294",
        "value": "0xfefdfcfb"
      },
      {
        "offset": "0x298",
        "value": "0x020100ff"
      },
      {
        "offset": "0x29c",
        "value": "0x06050403"
      },
      {
        "offset": "0x2a0",
        "value": "0x0a090807"
      },
      {
        "offset": "0x2a4",
        "value": "0x0e0d0c0b"
      },
      {
        "offset": "0x2a8",
        "value": "0x1211100f"
      },
      {
        "offset": "0x2ac",
        "value": "0x16151413"
      },
      {
        "offset": "0x2b0",
        "value": "0x1a191817"
      },
      {
        "offset": "0x2b4",
        "value": "0x1e1d1c1b"
      },
      {
        "offset": "0x2b8",
        "value": "0x2221201f"
      },
      {
        "offset": "0x2bc",
        "value": "0x26252423"
      },
      {
        "offset": "0x2c0",
        "value": "0x2a292827"
      },
      {
        "offset": "0x2c4",
        "value": "0x2e2d2c2b"
      },
      {
        "offset": "0x2c8",
        "value": "0x3231302f"
      },
      {
        "offset": "0x2cc",
        "value": "0x36353433"
      },
      {
        "offset": "0x2d0",
        "value": "0x3a393837"
      },
      {
        "offset": "0x2d4",
        "value": "0x3e3d3c3b"
      },
      {
        "offset": "0x2d8",
        "value": "0x4241403f"
      },
      {
        "offset": "0x2dc",
        "value": "0x46454443"
      },
      {
        "offset": "0x2e0",
        "value": "0x4a494847"
      },
      {
        "offset": "0x2e4",
        "value": "0x4e4d4c4b"
      },
      {
        "offset": "0x2e8",
        "value": "0x5251504f"
      },
      {
        "offset": "0x2ec",
        "value": "0x56555453"
      },
      {
        "offset": "0x2f0",
        "value": "0x5a595857"
      },
      {
        "offset": "0x2f4",
        "value": "0x005d5c5b"
      },
      {
        "offset": "0x108",
        "value": "0x00002201"
      },
      {
        "offset": "0x10c",
        "value": "0x00000001"
      },
      {
        "offset": "0x110",
        "value": "0x00000001"
      },
      {
        "offset": "0x114",
        "value": "0x000000f7"
      },
      {
        "offset": "0x15c",
        "value": "0x0061a800"
      },
      {
        "offset": "0x100",
        "value": "0x00000004"
      },
      {
        "offset": "0x100",
        "value": "0x00000008"
      },
      {
        "offset": "0x100",
        "value": "0x00000002"
      },
      {
        "offset": "0x200",
        "value": "0x50414652"
      },
      {
        "offset": "0x204",
        "value": "0x00200001"
      },
      {
        "offset": "0x208",
        "value": "0x50370002"
      },
      {
        "offset": "0x20c",
        "value": "0x00000002"
      },
      {
        "offset": "0x210",
        "value": "0x00001000"
      },
      {
        "offset": "0x214",
        "value": "0x00140004"
      },
      {
        "offset": "0x218",
        "value": "0x000000d7"
      },
      {
        "offset": "0x21c",
        "value": "0xe39b1851"
      },
      {
        "offset": "0x220",
        "value": "0x61605f5e"
      },
      {
        "offset": "0x224",
        "value": "0x65646362"
      },
      {
        "offset": "0x228",
        "value": "0x69686766"
      },
      {
        "offset": "0x22c",
        "value": "0x6d6c6b6a"
      },
      {
        "offset": "0x230",
        "value": "0x71706f6e"
      },
      {
        "offset": "0x234",
        "value": "0x75747372"
      },
      {
        "offset": "0x238",
        "value": "0x79787776"
      },
      {
        "offset": "0x23c",
        "value": "0x7d7c7b7a"
      },
      {
        "offset": "0x240",
        "value": "0x81807f7e"
      },
      {
        "offset": "0x244",
        "value": "0x85848382"
      },
      {
        "offset": "0x248",
        "value": "0x89888786"
      },
      {
        "offset": "0x24c",
        "value": "0x8d8c8b8a"
      },
      {
        "offset": "0x250",
        "value": "0x91908f8e"
      },
      {
        "offset": "0x254",
        "value": "0x95949392"
      },
      {
        "offset": "0x258",
        "value": "0x99989796"
      },
      {
        "offset": "0x25c",
        "value": "0x9d9c9b9a"
      },
      {
        "offset": "0x260",
        "value": "0xa1a09f9e"
      },
      {
        "offset": "0x264",
        "value": "0xa5a4a3a2"
      },
      {
        "offset": "0x268",
        "value": "0xa9a8a7a6"
      },
      {
        "offset": "0x26c",
        "value": "0xadacabaa"
      },
      {
        "offset": "0x270",
        "value": "0xb1b0afae"
      },
      {
        "offset": "0x274",
        "value": "0xb5b4b3b2"
      },
      {
        "offset": "0x278",
        "value": "0xb9b8b7b6"
      },
      {
        "offset": "0x27c",
        "value": "0xbdbcbbba"
      },
      {
        "offset": "0x280",
        "value": "0xc1c0bfbe"
      },
      {
        "offset": "0x284",
        "value": "0xc5c4c3c2"
      },
      {
        "offset": "0x288",
        "value": "0xc9c8c7c6"
      },
      {
        "offset": "0x28c",
        "value": "0xcdcccbca"
      },
      {
        "offset": "0x290",
        "value": "0xd1d0cfce"
      },
      {
        "offset": "0x294",
        "value": "0xd5d4d3d2"
      },
      {
        "offset": "0x298",
        "value": "0xd9d8d7d6"
      },
      {
        "offset": "0x29c",
        "value": "0xdddcdbda"
      },
      {
        "offset": "0x2a0",
        "value": "0xe1e0dfde"
      },
      {
        "offset": "0x2a4",
        "value": "0xe5e4e3e2"
      },
      {
        "offset": "0x2a8",
        "value": "0xe9e8e7e6"
      },
      {
        "offset": "0x2ac",
        "value": "0xedecebea"
      },
      {
        "offset": "0x2b0",
        "value": "0xf1f0efee"
      },
      {
        "offset": "0x2b4",
        "value": "0xf5f4f3f2"
      },
      {
        "offset": "0x2b8",
        "value": "0xf9f8f7f6"
      },
      {
        "offset": "0x2bc",
        "value": "0xfdfcfbfa"
      },
      {
        "offset": "0x2c0",
        "value": "0x0100fffe"
      },
      {
        "offset": "0x2c4",
        "value": "0x05040302"
      },
      {
        "offset": "0x2c8",
        "value": "0x09080706"
      },
      {
        "offset": "0x2cc",
        "value": "0x0d0c0b0a"
      },
      {
        "offset": "0x2d0",
        "value": "0x11100f0e"
      },
      {
        "offset": "0x2d4",
        "value": "0x15141312"
      },
      {
        "offset": "0x2d8",
        "value": "0x19181716"
      },
      {
        "offset": "0x2dc",
        "value": "0x1d1c1b1a"
      },
      {
        "offset": "0x2e0",
        "value": "0x21201f1e"
      },
      {
        "offset": "0x2e4",
        "value": "0x25242322"
      },
      {
        "offset": "0x2e8",
        "value": "0x29282726"
      },
      {
        "offset": "0x2ec",
        "value": "0x2d2c2b2a"
      },
      {
        "offset": "0x2f0",
        "value": "0x31302f2e"
      },
      {
        "offset": "0x2f4",
        "value": "0x00343332"
      },
      {
        "offset": "0x108",
        "value": "0x00002201"
      },
      {
        "offset": "0x10c",
        "value": "0x00000001"
      },
      {
        "offset": "0x110",
        "value": "0x00000001"
      },
      {
        "offset": "0x114",
        "value": "0x000000f7"
      },
      {
        "offset": "0x15c",
        "value": "0x0061a800"
      },
      {
        "offset": "0x100",
        "value": "0x00000004"
      },
      {
        "offset": "0x100",
        "value": "0x00000008"
      },
      {
        "offset": "0x100",
        "value": "0x00000002"
      },
      {
        "offset": "0x200",
        "value": "0x50414652"
      },
      {
        "offset": "0x204",
        "value": "0x00200001"
      },
      {
        "offset": "0x208",
        "value": "0x50370002"
      },
      {
        "offset": "0x20c",
        "value": "0x00000002"
      },
      {
        "offset": "0x210",
        "value": "0x00001000"
      },
      {
        "offset": "0x214",
        "value": "0x00140005"
      },
      {
        "offset": "0x218",
        "value": "0x000000d7"
      },
      {
        "offset": "0x21c",
        "value": "0xe39b1851"
      },
      {
        "offset": "0x220",
        "value": "0x38373635"
      },
      {
        "offset": "0x224",
        "value": "0x3c3b3a39"
      },
      {
        "offset": "0x228",
        "value": "0x403f3e3d"
      },
      {
        "offset": "0x22c",
        "value": "0x44434241"
      },
      {
        "offset": "0x230",
        "value": "0x48474645"
      },
      {
        "offset": "0x234",
        "value": "0x4c4b4a49"
      },
      {
        "offset": "0x238",
        "value": "0x504f4e4d"
      },
      {
        "offset": "0x23c",
        "value": "0x54535251"
      },
      {
        "offset": "0x240",
        "value": "0x58575655"
      },
      {
        "offset": "0x244",
        "value": "0x5c5b5a59"
      },
      {
        "offset": "0x248",
        "value": "0x605f5e5d"
      },
      {
        "offset": "0x24c",
        "value": "0x64636261"
      },
      {
        "offset": "0x250",
        "value": "0x68676665"
      },
      {
        "offset": "0x254",
        "value": "0x6c6b6a69"
      },
      {
        "offset": "0x258",
        "value": "0x706f6e6d"
      },
      {
        "offset": "0x25c",
        "value": "0x74737271"
      },
      {
        "offset": "0x260",
        "value": "0x78777675"
      },
      {
        "offset": "0x264",
        "value": "0x7c7b7a79"
      },
      {
        "offset": "0x268",
        "value": "0x807f7e7d"
      },
      {
        "offset": "0x26c",
        "value": "0x84838281"
      },
      {
        "offset": "0x270",
        "value": "0x88878685"
      },
      {
        "offset": "0x274",
        "value": "0x8c8b8a89"
      },
      {
        "offset": "0x278",
        "value": "0x908f8e8d"
      },
      {
        "offset": "0x27c",
        "value": "0x94939291"
      },
      {
        "offset": "0x280",
        "value": "0x98979695"
      },
      {
        "offset": "0x284",
        "value": "0x9c9b9a99"
      },
      {
        "offset": "0x288",
        "value": "0xa09f9e9d"
      },
      {
        "offset": "0x28c",
        "value": "0xa4a3a2a1"
      },
      {
        "offset": "0x290",
        "value": "0xa8a7a6a5"
      },
      {
        "offset": "0x294",
        "value": "0xacabaaa9"
      },
      {
        "offset": "0x298",
        "value": "0xb0afaead"
      },
      {
        "offset": "0x29c",
        "value": "0xb4b3b2b1"
      },
      {
        "offset": "0x2a0",
        "value": "0xb8b7b6b5"
      },
      {
        "offset": "0x2a4",
        "value": "0xbcbbbab9"
      },
      {
        "offset": "0x2a8",
        "value": "0xc0bfbebd"
      },
      {
        "offset": "0x2ac",
        "value": "0xc4c3c2c1"
      },
      {
        "offset": "0x2b0",
        "value": "0xc8c7c6c5"
      },
      {
        "offset": "0x2b4",
        "value": "0xcccbcac9"
      },
      {
        "offset": "0x2b8",
        "value": "0xd0cfcecd"
      },
      {
        "offset": "0x2bc",
        "value": "0xd4d3d2d1"
      },
      {
        "offset": "0x2c0",
        "value": "0xd8d7d6d5"
      },
      {
        "offset": "0x2c4",
        "value": "0xdcdbdad9"
      },
      {
        "offset": "0x2c8",
        "value": "0xe0dfdedd"
      },
      {
        "offset": "0x2cc",
        "value": "0xe4e3e2e1"
      },
      {
        "offset": "0x2d0",
        "value": "0xe8e7e6e5"
      },
      {
        "offset": "0x2d4",
        "value": "0xecebeae9"
      },
      {
        "offset": "0x2d8",
        "value": "0xf0efeeed"
      },
      {
        "offset": "0x2dc",
        "value": "0xf4f3f2f1"
      },
      {
        "offset": "0x2e0",
        "value": "0xf8f7f6f5"
      },
      {
        "offset": "0x2e4",
        "value": "0xfcfbfaf9"
      },
      {
        "offset": "0x2e8",
        "value": "0x00fffefd"
      },
      {
        "offset": "0x2ec",
        "value": "0x04030201"
      },
      {
        "offset": "0x2f0",
        "value": "0x08070605"
      },
      {
        "offset": "0x2f4",
        "value": "0x000b0a09"
      },
      {
        "offset": "0x108",
        "value": "0x00002201"
      },
      {
        "offset": "0x10c",
        "value": "0x00000001"
      },
      {
        "offset": "0x110",
        "value": "0x00000001"
      },
      {
        "offset": "0x114",
        "value": "0x000000f7"
      },
      {
        "offset": "0x15c",
        "value": "0x0061a800"
      },
      {
        "offset": "0x100",
        "value": "0x00000004"
      },
      {
        "offset": "0x100",
        "value": "0x00000008"
      },
      {
        "offset": "0x100",
        "value": "0x00000002"
      },
      {
        "offset": "0x200",
        "value": "0x50414652"
      },
      {
        "offset": "0x204",
        "value": "0x00200001"
      },
      {
        "offset": "0x208",
        "value": "0x50370002"
      },
      {
        "offset": "0x20c",
        "value": "0x00000002"
      },
      {
        "offset": "0x210",
        "value": "0x00001000"
      },
      {
        "offset": "0x214",
        "value": "0x00140006"
      },
      {
        "offset": "0x218",
        "value": "0x000000d7"
      },
      {
        "offset": "0x21c",
        "value": "0xe39b1851"
      },
      {
        "offset": "0x220",
        "value": "0x0f0e0d0c"
      },
      {
        "offset": "0x224",
        "value": "0x13121110"
      },
      {
        "offset": "0x228",
        "value": "0x17161514"
      },
      {
        "offset": "0x22c",
        "value": "0x1b1a1918"
      },
      {
        "offset": "0x230",
        "value": "0x1f1e1d1c"
      },
      {
        "offset": "0x234",
        "value": "0x23222120"
      },
      {
        "offset": "0x238",
        "value": "0x27262524"
      },
      {
        "offset": "0x23c",
        "value": "0x2b2a2928"
      },
      {
        "offset": "0x240",
        "value": "0x2f2e2d2c"
      },
      {
        "offset": "0x244",
        "value": "0x33323130"
      },
      {
        "offset": "0x248",
        "value": "0x37363534"
      },
      {
        "offset": "0x24c",
        "value": "0x3b3a3938"
      },
      {
        "offset": "0x250",
        "value": "0x3f3e3d3c"
      },
      {
        "offset": "0x254",
        "value": "0x43424140"
      },
      {
        "offset": "0x258",
        "value": "0x47464544"
      },
      {
        "offset": "0x25c",
        "value": "0x4b4a4948"
      },
      {
        "offset": "0x260",
        "value": "0x4f4e4d4c"
      },
      {
        "offset": "0x264",
        "value": "0x53525150"
      },
      {
        "offset": "0x268",
        "value": "0x57565554"
      },
      {
        "offset": "0x26c",
        "value": "0x5b5a5958"
      },
      {
        "offset": "0x270",
        "value": "0x5f5e5d5c"
      },
      {
        "offset": "0x274",
        "value": "0x63626160"
      },
      {
        "offset": "0x278",
        "value": "0x67666564"
      },
      {
        "offset": "0x27c",
        "value": "0x6b6a6968"
      },
      {
        "offset": "0x280",
        "value": "0x6f6e6d6c"
      },
      {
        "offset": "0x284",
        "value": "0x73727170"
      },
      {
        "offset": "0x288",
        "value": "0x77767574"
      },
      {
        "offset": "0x28c",
        "value": "0x7b7a7978"
      },
      {
        "offset": "0x290",
        "value": "0x7f7e7d7c"
      },
      {
        "offset": "0x294",
        "value": "0x83828180"
      },
      {
        "offset": "0x298",
        "value": "0x87868584"
      },
      {
        "offset": "0x29c",
        "value": "0x8b8a8988"
      },
      {
        "offset": "0x2a0",
        "value": "0x8f8e8d8c"
      },
      {
        "offset": "0x2a4",
        "value": "0x93929190"
      },
      {
        "offset": "0x2a8",
        "value": "0x97969594"
      },
      {
        "offset": "0x2ac",
        "value": "0x9b9a9998"
      },
      {
        "offset": "0x2b0",
        "value": "0x9f9e9d9c"
      },
      {
        "offset": "0x2b4",
        "value": "0xa3a2a1a0"
      },
      {
        "offset": "0x2b8",
        "value": "0xa7a6a5a4"
      },
      {
        "offset": "0x2bc",
        "value": "0xabaaa9a8"
      },
      {
        "offset": "0x2c0",
        "value": "0xafaeadac"
      },
      {
        "offset": "0x2c4",
        "value": "0xb3b2b1b0"
      },
      {
        "offset": "0x2c8",
        "value": "0xb7b6b5b4"
      },
      {
        "offset": "0x2cc",
        "value": "0xbbbab9b8"
      },
      {
        "offset": "0x2d0",
        "value": "0xbfbebdbc"
      },
      {
        "offset": "0x2d4",
        "value": "0xc3c2c1c0"
      },
      {
        "offset": "0x2d8",
        "value": "0xc7c6c5c4"
      },
      {
        "offset": "0x2dc",
        "value": "0xcbcac9c8"
      },
      {
        "offset": "0x2e0",
        "value": "0xcfcecdcc"
      },
      {
        "offset": "0x2e4",
        "value": "0xd3d2d1d0"
      },
      {
        "offset": "0x2e8",
        "value": "0xd7d6d5d4"
      },
      {
        "offset": "0x2ec",
        "value": "0xdbdad9d8"
      },
      {
        "offset": "0x2f0",
        "value": "0xdfdedddc"
      },
      {
        "offset": "0x2f4",
        "value": "0x00e2e1e0"
      },
      {
        "offset": "0x108",
        "value": "0x00002201"
      },
      {
        "offset": "0x10c",
        "value": "0x00000001"
      },
      {
        "offset": "0x110",
        "value": "0x00000001"
      },
      {
        "offset": "0x114",
        "value": "0x000000f7"
      },
      {
        "offset": "0x15c",
        "value": "0x0061a800"
      },
      {
        "offset": "0x100",
        "value": "0x00000004"
      },
      {
        "offset": "0x100",
        "value": "0x00000008"
      },
      {
        "offset": "0x100",
        "value": "0x00000002"
      },
      {
        "offset": "0x200",
        "value": "0x50414652"
      },
      {
        "offset": "0x204",
        "value": "0x00200001"
      },
      {
        "offset": "0x208",
        "value": "0x50370002"
      },
      {
        "offset": "0x20c",
        "value": "0x00000002"
      },
      {
        "offset": "0x210",
        "value": "0x00001000"
      },
      {
        "offset": "0x214",
        "value": "0x00140007"
      },
      {
        "offset": "0x218",
        "value": "0x000000d7"
      },
      {
        "offset": "0x21c",
        "value": "0xe39b1851"
      },
      {
        "offset": "0x220",
        "value": "0xe6e5e4e3"
      },
      {
        "offset": "0x224",
        "value": "0xeae9e8e7"
      },
      {
        "offset": "0x228",
        "value": "0xeeedeceb"
      },
      {
        "offset": "0x22c",
        "value": "0xf2f1f0ef"
      },
      {
        "offset": "0x230",
        "value": "0xf6f5f4f3"
      },
      {
        "offset": "0x234",
        "value": "0xfaf9f8f7"
      },
      {
        "offset": "0x238",
        "value": "0xfefdfcfb"
      },
      {
        "offset": "0x23c",
        "value": "0x020100ff"
      },
      {
        "offset": "0x240",
        "value": "0x06050403"
      },
      {
        "offset": "0x244",
        "value": "0x0a090807"
      },
      {
        "offset": "0x248",
        "value": "0x0e0d0c0b"
      },
      {
        "offset": "0x24c",
        "value": "0x1211100f"
      },
      {
        "offset": "0x250",
        "value": "0x16151413"
      },
      {
        "offset": "0x254",
        "value": "0x1a191817"
      },
      {
        "offset": "0x258",
        "value": "0x1e1d1c1b"
      },
      {
        "offset": "0x25c",
        "value": "0x2221201f"
      },
      {
        "offset": "0x260",
        "value": "0x26252423"
      },
      {
        "offset": "0x264",
        "value": "0x2a292827"
      },
      {
        "offset": "0x268",
        "value": "0x2e2d2c2b"
      },
      {
        "offset": "0x26c",
        "value": "0x3231302f"
      },
      {
        "offset": "0x270",
        "value": "0x36353433"
      },
      {
        "offset": "0x274",
        "value": "0x3a393837"
      },
      {
        "offset": "0x278",
        "value": "0x3e3d3c3b"
      },
      {
        "offset": "0x27c",
        "value": "0x4241403f"
      },
      {
        "offset": "0x280",
        "value": "0x46454443"
      },
      {
        "offset": "0x284",
        "value": "0x4a494847"
      },
      {
        "offset": "0x288",
        "value": "0x4e4d4c4b"
      },
      {
        "offset": "0x28c",
        "value": "0x5251504f"
      },
      {
        "offset": "0x290",
        "value": "0x56555453"
      },
      {
        "offset": "0x294",
        "value": "0x5a595857"
      },
      {
        "offset": "0x298",
        "value": "0x5e5d5c5b"
      },
      {
        "offset": "0x29c",
        "value": "0x6261605f"
      },
      {
        "offset": "0x2a0",
        "value": "0x66656463"
      },
      {
        "offset": "0x2a4",
        "value": "0x6a696867"
      },
      {
        "offset": "0x2a8",
        "value": "0x6e6d6c6b"
      },
      {
        "offset": "0x2ac",
        "value": "0x7271706f"
      },
      {
        "offset": "0x2b0",
        "value": "0x76757473"
      },
      {
        "offset": "0x2b4",
        "value": "0x7a797877"
      },
      {
        "offset": "0x2b8",
        "value": "0x7e7d7c7b"
      },
      {
        "offset": "0x2bc",
        "value": "0x8281807f"
      },
      {
        "offset": "0x2c0",
        "value": "0x86858483"
      },
      {
        "offset": "0x2c4",
        "value": "0x8a898887"
      },
      {
        "offset": "0x2c8",
        "value": "0x8e8d8c8b"
      },
      {
        "offset": "0x2cc",
        "value": "0x9291908f"
      },
      {
        "offset": "0x2d0",
        "value": "0x96959493"
      },
      {
        "offset": "0x2d4",
        "value": "0x9a999897"
      },
      {
        "offset": "0x2d8",
        "value": "0x9e9d9c9b"
      },
      {
        "offset": "0x2dc",
        "value": "0xa2a1a09f"
      },
      {
        "offset": "0x2e0",
        "value": "0xa6a5a4a3"
      },
      {
        "offset": "0x2e4",
        "value": "0xaaa9a8a7"
      },
      {
        "offset": "0x2e8",
        "value": "0xaeadacab"
      },
      {
        "offset": "0x2ec",
        "value": "0xb2b1b0af"
      },
      {
        "offset": "0x2f0",
        "value": "0xb6b5b4b3"
      },
      {
        "offset": "0x2f4",
        "value": "0x00b9b8b7"
      },
      {
        "offset": "0x108",
        "value": "0x00002201"
      },
      {
        "offset": "0x10c",
        "value": "0x00000001"
      },
      {
        "offset": "0x110",
        "value": "0x00000001"
      },
      {
        "offset": "0x114",
        "value": "0x000000f7"
      },
      {
        "offset": "0x15c",
        "value": "0x0061a800"
      },
      {
        "offset": "0x100",
        "value": "0x00000004"
      },
      {
        "offset": "0x100",
        "value": "0x00000008"
      },
      {
        "offset": "0x100",
        "value": "0x00000002"
      },
      {
        "offset": "0x200",
        "value": "0x50414652"
      },
      {
        "offset": "0x204",
        "value": "0x00200001"
      },
      {
        "offset": "0x208",
        "value": "0x50370002"
      },
      {
        "offset": "0x20c",
        "value": "0x00000002"
      },
      {
        "offset": "0x210",
        "value": "0x00001000"
      },
      {
        "offset": "0x214",
        "value": "0x00140008"
      },
      {
        "offset": "0x218",
        "value": "0x000000d7"
      },
      {
        "offset": "0x21c",
        "value": "0xe39b1851"
      },
      {
        "offset": "0x220",
        "value": "0xbdbcbbba"
      },
      {
        "offset": "0x224",
        "value": "0xc1c0bfbe"
      },
      {
        "offset": "0x228",
        "value": "0xc5c4c3c2"
      },
      {
        "offset": "0x22c",
        "value": "0xc9c8c7c6"
      },
      {
        "offset": "0x230",
        "value": "0xcdcccbca"
      },
      {
        "offset": "0x234",
        "value": "0xd1d0cfce"
      },
      {
        "offset": "0x238",
        "value": "0xd5d4d3d2"
      },
      {
        "offset": "0x23c",
        "value": "0xd9d8d7d6"
      },
      {
        "offset": "0x240",
        "value": "0xdddcdbda"
      },
      {
        "offset": "0x244",
        "value": "0xe1e0dfde"
      },
      {
        "offset": "0x248",
        "value": "0xe5e4e3e2"
      },
      {
        "offset": "0x24c",
        "value": "0xe9e8e7e6"
      },
      {
        "offset": "0x250",
        "value": "0xedecebea"
      },
      {
        "offset": "0x254",
        "value": "0xf1f0efee"
      },
      {
        "offset": "0x258",
        "value": "0xf5f4f3f2"
      },
      {
        "offset": "0x25c",
        "value": "0xf9f8f7f6"
      },
      {
        "offset": "0x260",
        "value": "0xfdfcfbfa"
      },
      {
        "offset": "0x264",
        "value": "0x0100fffe"
      },
      {
        "offset": "0x268",
        "value": "0x05040302"
      },
      {
        "offset": "0x26c",
        "value": "0x09080706"
      },
      {
        "offset": "0x270",
        "value": "0x0d0c0b0a"
      },
      {
        "offset": "0x274",
        "value": "0x11100f0e"
      },
      {
        "offset": "0x278",
        "value": "0x15141312"
      },
      {
        "offset": "0x27c",
        "value": "0x19181716"
      },
      {
        "offset": "0x280",
        "value": "0x1d1c1b1a"
      },
      {
        "offset": "0x284",
        "value": "0x21201f1e"
      },
      {
        "offset": "0x288",
        "value": "0x25242322"
      },
      {
        "offset": "0x28c",
        "value": "0x29282726"
      },
      {
        "offset": "0x290",
        "value": "0x2d2c2b2a"
      },
      {
        "offset": "0x294",
        "value": "0x31302f2e"
      },
      {
        "offset": "0x298",
        "value": "0x35343332"
      },
      {
        "offset": "0x29c",
        "value": "0x39383736"
      },
      {
        "offset": "0x2a0",
        "value": "0x3d3c3b3a"
      },
      {
        "offset": "0x2a4",
        "value": "0x41403f3e"
      },
      {
        "offset": "0x2a8",
        "value": "0x45444342"
      },
      {
        "offset": "0x2ac",
        "value": "0x49484746"
      },
      {
        "offset": "0x2b0",
        "value": "0x4d4c4b4a"
      },
      {
        "offset": "0x2b4",
        "value": "0x51504f4e"
      },
      {
        "offset": "0x2b8",
        "value": "0x55545352"
      },
      {
        "offset": "0x2bc",
        "value": "0x59585756"
      },
      {
        "offset": "0x2c0",
        "value": "0x5d5c5b5a"
      },
      {
        "offset": "0x2c4",
        "value": "0x61605f5e"
      },
      {
        "offset": "0x2c8",
        "value": "0x65646362"
      },
      {
        "offset": "0x2cc",
        "value": "0x69686766"
      },
      {
        "offset": "0x2d0",
        "value": "0x6d6c6b6a"
      },
      {
        "offset": "0x2d4",
        "value": "0x71706f6e"
      },
      {
        "offset": "0x2d8",
        "value": "0x75747372"
      },
      {
        "offset": "0x2dc",
        "value": "0x79787776"
      },
      {
        "offset": "0x2e0",
        "value": "0x7d7c7b7a"
      },
      {
        "offset": "0x2e4",
        "value": "0x81807f7e"
      },
      {
        "offset": "0x2e8",
        "value": "0x85848382"
      },
      {
        "offset": "0x2ec",
        "value": "0x89888786"
      },
      {
        "offset": "0x2f0",
        "value": "0x8d8c8b8a"
      },
      {
        "offset": "0x2f4",
        "value": "0x00908f8e"
      },
      {
        "offset": "0x108",
        "value": "0x00002201"
      },
      {
        "offset": "0x10c",
        "value": "0x00000001"
      },
      {
        "offset": "0x110",
        "value": "0x00000001"
      },
      {
        "offset": "0x114",
        "value": "0x000000f7"
      },
      {
        "offset": "0x15c",
        "value": "0x0061a800"
      },
      {
        "offset": "0x100",
        "value": "0x00000004"
      },
      {
        "offset": "0x100",
        "value": "0x00000008"
      },
      {
        "offset": "0x100",
        "value": "0x00000002"
      },
      {
        "offset": "0x200",
        "value": "0x50414652"
      },
      {
        "offset": "0x204",
        "value": "0x00200001"
      },
      {
        "offset": "0x208",
        "value": "0x50370002"
      },
      {
        "offset": "0x20c",
        "value": "0x00000002"
      },
      {
        "offset": "0x210",
        "value": "0x00001000"
      },
      {
        "offset": "0x214",
        "value": "0x00140009"
      },
      {
        "offset": "0x218",
        "value": "0x000000d7"
      },
      {
        "offset": "0x21c",
        "value": "0xe39b1851"
      },
      {
        "offset": "0x220",
        "value": "0x94939291"
      },
      {
        "offset": "0x224",
        "value": "0x98979695"
      },
      {
        "offset": "0x228",
        "value": "0x9c9b9a99"
      },
      {
        "offset": "0x22c",
        "value": "0xa09f9e9d"
      },
      {
        "offset": "0x230",
        "value": "0xa4a3a2a1"
      },
      {
        "offset": "0x234",
        "value": "0xa8a7a6a5"
      },
      {
        "offset": "0x238",
        "value": "0xacabaaa9"
      },
      {
        "offset": "0x23c",
        "value": "0xb0afaead"
      },
      {
        "offset": "0x240",
        "value": "0xb4b3b2b1"
      },
      {
        "offset": "0x244",
        "value": "0xb8b7b6b5"
      },
      {
        "offset": "0x248",
        "value": "0xbcbbbab9"
      },
      {
        "offset": "0x24c",
        "value": "0xc0bfbebd"
      },
      {
        "offset": "0x250",
        "value": "0xc4c3c2c1"
      },
      {
        "offset": "0x254",
        "value": "0xc8c7c6c5"
      },
      {
        "offset": "0x258",
        "value": "0xcccbcac9"
      },
      {
        "offset": "0x25c",
        "value": "0xd0cfcecd"
      },
      {
        "offset": "0x260",
        "value": "0xd4d3d2d1"
      },
      {
        "offset": "0x264",
        "value": "0xd8d7d6d5"
      },
      {
        "offset": "0x268",
        "value": "0xdcdbdad9"
      },
      {
        "offset": "0x26c",
        "value": "0xe0dfdedd"
      },
      {
        "offset": "0x270",
        "value": "0xe4e3e2e1"
      },
      {
        "offset": "0x274",
        "value": "0xe8e7e6e5"
      },
      {
        "offset": "0x278",
        "value": "0xecebeae9"
      },
      {
        "offset": "0x27c",
        "value": "0xf0efeeed"
      },
      {
        "offset": "0x280",
        "value": "0xf4f3f2f1"
      },
      {
        "offset": "0x284",
        "value": "0xf8f7f6f5"
      },
      {
        "offset": "0x288",
        "value": "0xfcfbfaf9"
      },
      {
        "offset": "0x28c",
        "value": "0x00fffefd"
      },
      {
        "offset": "0x290",
        "value": "0x04030201"
      },
      {
        "offset": "0x294",
        "value": "0x08070605"
      },
      {
        "offset": "0x298",
        "value": "0x0c0b0a09"
      },
      {
        "offset": "0x29c",
        "value": "0x100f0e0d"
      },
      {
        "offset": "0x2a0",
        "value": "0x14131211"
      },
      {
        "offset": "0x2a4",
        "value": "0x18171615"
      },
      {
        "offset": "0x2a8",
        "value": "0x1c1b1a19"
      },
      {
        "offset": "0x2ac",
        "value": "0x201f1e1d"
      },
      {
        "offset": "0x2b0",
        "value": "0x24232221"
      },
      {
        "offset": "0x2b4",
        "value": "0x28272625"
      },
      {
        "offset": "0x2b8",
        "value": "0x2c2b2a29"
      },
      {
        "offset": "0x2bc",
        "value": "0x302f2e2d"
      },
      {
        "offset": "0x2c0",
        "value": "0x34333231"
      },
      {
        "offset": "0x2c4",
        "value": "0x38373635"
      },
      {
        "offset": "0x2c8",
        "value": "0x3c3b3a39"
      },
      {
        "offset": "0x2cc",
        "value": "0x403f3e3d"
      },
      {
        "offset": "0x2d0",
        "value": "0x44434241"
      },
      {
        "offset": "0x2d4",
        "value": "0x48474645"
      },
      {
        "offset": "0x2d8",
        "value": "0x4c4b4a49"
      },
      {
        "offset": "0x2dc",
        "value": "0x504f4e4d"
      },
      {
        "offset": "0x2e0",
        "value": "0x54535251"
      },
      {
        "offset": "0x2e4",
        "value": "0x58575655"
      },
      {
        "offset": "0x2e8",
        "value": "0x5c5b5a59"
      },
      {
        "offset": "0x2ec",
        "value": "0x605f5e5d"
      },
      {
        "offset": "0x2f0",
        "value": "0x64636261"
      },
      {
        "offset": "0x2f4",
        "value": "0x00676665"
      },
      {
        "offset": "0x108",
        "value": "0x00002201"
      },
      {
        "offset": "0x10c",
        "value": "0x00000001"
      },
      {
        "offset": "0x110",
        "value": "0x00000001"
      },
      {
        "offset": "0x114",
        "value": "0x000000f7"
      },
      {
        "offset": "0x15c",
        "value": "0x0061a800"
      },
      {
        "offset": "0x100",
        "value": "0x00000004"
      },
      {
        "offset": "0x100",
        "value": "0x00000008"
      },
      {
        "offset": "0x100",
        "value": "0x00000002"
      },
      {
        "offset": "0x200",
        "value": "0x50414652"
      },
      {
        "offset": "0x204",
        "value": "0x00200001"
      },
      {
        "offset": "0x208",
        "value": "0x50370002"
      },
      {
        "offset": "0x20c",
        "value": "0x00000002"
      },
      {
        "offset": "0x210",
        "value": "0x00001000"
      },
      {
        "offset": "0x214",
        "value": "0x0014000a"
      },
      {
        "offset": "0x218",
        "value": "0x000000d7"
      },
      {
        "offset": "0x21c",
        "value": "0xe39b1851"
      },
      {
        "offset": "0x220",
        "value": "0x6b6a6968"
      },
      {
        "offset": "0x224",
        "value": "0x6f6e6d6c"
      },
      {
        "offset": "0x228",
        "value": "0x73727170"
      },
      {
        "offset": "0x22c",
        "value": "0x77767574"
      },
      {
        "offset": "0x230",
        "value": "0x7b7a7978"
      },
      {
        "offset": "0x234",
        "value": "0x7f7e7d7c"
      },
      {
        "offset": "0x238",
        "value": "0x83828180"
      },
      {
        "offset": "0x23c",
        "value": "0x87868584"
      },
      {
        "offset": "0x240",
        "value": "0x8b8a8988"
      },
      {
        "offset": "0x244",
        "value": "0x8f8e8d8c"
      },
      {
        "offset": "0x248",
        "value": "0x93929190"
      },
      {
        "offset": "0x24c",
        "value": "0x97969594"
      },
      {
        "offset": "0x250",
        "value": "0x9b9a9998"
      },
      {
        "offset": "0x254",
        "value": "0x9f9e9d9c"
      },
      {
        "offset": "0x258",
        "value": "0xa3a2a1a0"
      },
      {
        "offset": "0x25c",
        "value": "0xa7a6a5a4"
      },
      {
        "offset": "0x260",
        "value": "0xabaaa9a8"
      },
      {
        "offset": "0x264",
        "value": "0xafaeadac"
      },
      {
        "offset": "0x268",
        "value": "0xb3b2b1b0"
      },
      {
        "offset": "0x26c",
        "value": "0xb7b6b5b4"
      },
      {
        "offset": "0x270",
        "value": "0xbbbab9b8"
      },
      {
        "offset": "0x274",
        "value": "0xbfbebdbc"
      },
      {
        "offset": "0x278",
        "value": "0xc3c2c1c0"
      },
      {
        "offset": "0x27c",
        "value": "0xc7c6c5c4"
      },
      {
        "offset": "0x280",
        "value": "0xcbcac9c8"
      },
      {
        "offset": "0x284",
        "value": "0xcfcecdcc"
      },
      {
        "offset": "0x288",
        "value": "0xd3d2d1d0"
      },
      {
        "offset": "0x28c",
        "value": "0xd7d6d5d4"
      },
      {
        "offset": "0x290",
        "value": "0xdbdad9d8"
      },
      {
        "offset": "0x294",
        "value": "0xdfdedddc"
      },
      {
        "offset": "0x298",
        "value": "0xe3e2e1e0"
      },
      {
        "offset": "0x29c",
        "value": "0xe7e6e5e4"
      },
      {
        "offset": "0x2a0",
        "value": "0xebeae9e8"
      },
      {
        "offset": "0x2a4",
        "value": "0xefeeedec"
      },
      {
        "offset": "0x2a8",
        "value": "0xf3f2f1f0"
      },
      {
        "offset": "0x2ac",
        "value": "0xf7f6f5f4"
      },
      {
        "offset": "0x2b0",
        "value": "0xfbfaf9f8"
      },
      {
        "offset": "0x2b4",
        "value": "0xfffefdfc"
      },
      {
        "offset": "0x2b8",
        "value": "0x03020100"
      },
      {
        "offset": "0x2bc",
        "value": "0x07060504"
      },
      {
        "offset": "0x2c0",
        "value": "0x0b0a0908"
      },
      {
        "offset": "0x2c4",
        "value": "0x0f0e0d0c"
      },
      {
        "offset": "0x2c8",
        "value": "0x13121110"
      },
      {
        "offset": "0x2cc",
        "value": "0x17161514"
      },
      {
        "offset": "0x2d0",
        "value": "0x1b1a1918"
      },
      {
        "offset": "0x2d4",
        "value": "0x1f1e1d1c"
      },
      {
        "offset": "0x2d8",
        "value": "0x23222120"
      },
      {
        "offset": "0x2dc",
        "value": "0x27262524"
      },
      {
        "offset": "0x2e0",
        "value": "0x2b2a2928"
      },
      {
        "offset": "0x2e4",
        "value": "0x2f2e2d2c"
      },
      {
        "offset": "0x2e8",
        "value": "0x33323130"
      },
      {
        "offset": "0x2ec",
        "value": "0x37363534"
      },
      {
        "offset": "0x2f0",
        "value": "0x3b3a3938"
      },
      {
        "offset": "0x2f4",
        "value": "0x003e3d3c"
      },
      {
        "offset": "0x108",
        "value": "0x00002201"
      },
      {
        "offset": "0x10c",
        "value": "0x00000001"
      },
      {
        "offset": "0x110",
        "value": "0x00000001"
      },
      {
        "offset": "0x114",
        "value": "0x000000f7"
      },
      {
        "offset": "0x15c",
        "value": "0x0061a800"
      },
      {
        "offset": "0x100",
        "value": "0x00000004"
      },
      {
        "offset": "0x100",
        "value": "0x00000008"
      },
      {
        "offset": "0x100",
        "value": "0x00000002"
      },
      {
        "offset": "0x200",
        "value": "0x50414652"
      },
      {
        "offset": "0x204",
        "value": "0x00200001"
      },
      {
        "offset": "0x208",
        "value": "0x50370002"
      },
      {
        "offset": "0x20c",
        "value": "0x00000002"
      },
      {
        "offset": "0x210",
        "value": "0x00001000"
      },
      {
        "offset": "0x214",
        "value": "0x0014000b"
      },
      {
        "offset": "0x218",
        "value": "0x000000d7"
      },
      {
        "offset": "0x21c",
        "value": "0xe39b1851"
      },
      {
        "offset": "0x220",
        "value": "0x4241403f"
      },
      {
        "offset": "0x224",
        "value": "0x46454443"
      },
      {
        "offset": "0x228",
        "value": "0x4a494847"
      },
      {
        "offset": "0x22c",
        "value": "0x4e4d4c4b"
      },
      {
        "offset": "0x230",
        "value": "0x5251504f"
      },
      {
        "offset": "0x234",
        "value": "0x56555453"
      },
      {
        "offset": "0x238",
        "value": "0x5a595857"
      },
      {
        "offset": "0x23c",
        "value": "0x5e5d5c5b"
      },
      {
        "offset": "0x240",
        "value": "0x6261605f"
      },
      {
        "offset": "0x244",
        "value": "0x66656463"
      },
      {
        "offset": "0x248",
        "value": "0x6a696867"
      },
      {
        "offset": "0x24c",
        "value": "0x6e6d6c6b"
      },
      {
        "offset": "0x250",
        "value": "0x7271706f"
      },
      {
        "offset": "0x254",
        "value": "0x76757473"
      },
      {
        "offset": "0x258",
        "value": "0x7a797877"
      },
      {
        "offset": "0x25c",
        "value": "0x7e7d7c7b"
      },
      {
        "offset": "0x260",
        "value": "0x8281807f"
      },
      {
        "offset": "0x264",
        "value": "0x86858483"
      },
      {
        "offset": "0x268",
        "value": "0x8a898887"
      },
      {
        "offset": "0x26c",
        "value": "0x8e8d8c8b"
      },
      {
        "offset": "0x270",
        "value": "0x9291908f"
      },
      {
        "offset": "0x274",
        "value": "0x96959493"
      },
      {
        "offset": "0x278",
        "value": "0x9a999897"
      },
      {
        "offset": "0x27c",
        "value": "0x9e9d9c9b"
      },
      {
        "offset": "0x280",
        "value": "0xa2a1a09f"
      },
      {
        "offset": "0x284",
        "value": "0xa6a5a4a3"
      },
      {
        "offset": "0x288",
        "value": "0xaaa9a8a7"
      },
      {
        "offset": "0x28c",
        "value": "0xaeadacab"
      },
      {
        "offset": "0x290",
        "value": "0xb2b1b0af"
      },
      {
        "offset": "0x294",
        "value": "0xb6b5b4b3"
      },
      {
        "offset": "0x298",
        "value": "0xbab9b8b7"
      },
      {
        "offset": "0x29c",
        "value": "0xbebdbcbb"
      },
      {
        "offset": "0x2a0",
        "value": "0xc2c1c0bf"
      },
      {
        "offset": "0x2a4",
        "value": "0xc6c5c4c3"
      },
      {
        "offset": "0x2a8",
        "value": "0xcac9c8c7"
      },
      {
        "offset": "0x2ac",
        "value": "0xcecdcccb"
      },
      {
        "offset": "0x2b0",
        "value": "0xd2d1d0cf"
      },
      {
        "offset": "0x2b4",
        "value": "0xd6d5d4d3"
      },
      {
        "offset": "0x2b8",
        "value": "0xdad9d8d7"
      },
      {
        "offset": "0x2bc",
        "value": "0xdedddcdb"
      },
      {
        "offset": "0x2c0",
        "value": "0xe2e1e0df"
      },
      {
        "offset": "0x2c4",
        "value": "0xe6e5e4e3"
      },
      {
        "offset": "0x2c8",
        "value": "0xeae9e8e7"
      },
      {
        "offset": "0x2cc",
        "value": "0xeeedeceb"
      },
      {
        "offset": "0x2d0",
        "value": "0xf2f1f0ef"
      },
      {
        "offset": "0x2d4",
        "value": "0xf6f5f4f3"
      },
      {
        "offset": "0x2d8",
        "value": "0xfaf9f8f7"
      },
      {
        "offset": "0x2dc",
        "value": "0xfefdfcfb"
      },
      {
        "offset": "0x2e0",
        "value": "0x020100ff"
      },
      {
        "offset": "0x2e4",
        "value": "0x06050403"
      },
      {
        "offset": "0x2e8",
        "value": "0x0a090807"
      },
      {
        "offset": "0x2ec",
        "value": "0x0e0d0c0b"
      },
      {
        "offset": "0x2f0",
        "value": "0x1211100f"
      },
      {
        "offset": "0x2f4",
        "value": "0x00151413"
      },
      {
        "offset": "0x108",
        "value": "0x00002201"
      },
      {
        "offset": "0x10c",
        "value": "0x00000001"
      },
      {
        "offset": "0x110",
        "value": "0x00000001"
      },
      {
        "offset": "0x114",
        "value": "0x000000f7"
      },
      {
        "offset": "0x15c",
        "value": "0x0061a800"
      },
      {
        "offset": "0x100",
        "value": "0x00000004"
      },
      {
        "offset": "0x100",
        "value": "0x00000008"
      },
      {
        "offset": "0x100",
        "value": "0x00000002"
      },
      {
        "offset": "0x200",
        "value": "0x50414652"
      },
      {
        "offset": "0x204",
        "value": "0x00200001"
      },
      {
        "offset": "0x208",
        "value": "0x50370002"
      },
      {
        "offset": "0x20c",
        "value": "0x00000002"
      },
      {
        "offset": "0x210",
        "value": "0x00001000"
      },
      {
        "offset": "0x214",
        "value": "0x0014000c"
      },
      {
        "offset": "0x218",
        "value": "0x000000d7"
      },
      {
        "offset": "0x21c",
        "value": "0xe39b1851"
      },
      {
        "offset": "0x220",
        "value": "0x19181716"
      },
      {
        "offset": "0x224",
        "value": "0x1d1c1b1a"
      },
      {
        "offset": "0x228",
        "value": "0x21201f1e"
      },
      {
        "offset": "0x22c",
        "value": "0x25242322"
      },
      {
        "offset": "0x230",
        "value": "0x29282726"
      },
      {
        "offset": "0x234",
        "value": "0x2d2c2b2a"
      },
      {
        "offset": "0x238",
        "value": "0x31302f2e"
      },
      {
        "offset": "0x23c",
        "value": "0x35343332"
      },
      {
        "offset": "0x240",
        "value": "0x39383736"
      },
      {
        "offset": "0x244",
        "value": "0x3d3c3b3a"
      },
      {
        "offset": "0x248",
        "value": "0x41403f3e"
      },
      {
        "offset": "0x24c",
        "value": "0x45444342"
      },
      {
        "offset": "0x250",
        "value": "0x49484746"
      },
      {
        "offset": "0x254",
        "value": "0x4d4c4b4a"
      },
      {
        "offset": "0x258",
        "value": "0x51504f4e"
      },
      {
        "offset": "0x25c",
        "value": "0x55545352"
      },
      {
        "offset": "0x260",
        "value": "0x59585756"
      },
      {
        "offset": "0x264",
        "value": "0x5d5c5b5a"
      },
      {
        "offset": "0x268",
        "value": "0x61605f5e"
      },
      {
        "offset": "0x26c",
        "value": "0x65646362"
      },
      {
        "offset": "0x270",
        "value": "0x69686766"
      },
      {
        "offset": "0x274",
        "value": "0x6d6c6b6a"
      },
      {
        "offset": "0x278",
        "value": "0x71706f6e"
      },
      {
        "offset": "0x27c",
        "value": "0x75747372"
      },
      {
        "offset": "0x280",
        "value": "0x79787776"
      },
      {
        "offset": "0x284",
        "value": "0x7d7c7b7a"
      },
      {
        "offset": "0x288",
        "value": "0x81807f7e"
      },
      {
        "offset": "0x28c",
        "value": "0x85848382"
      },
      {
        "offset": "0x290",
        "value": "0x89888786"
      },
      {
        "offset": "0x294",
        "value": "0x8d8c8b8a"
      },
      {
        "offset": "0x298",
        "value": "0x91908f8e"
      },
      {
        "offset": "0x29c",
        "value": "0x95949392"
      },
      {
        "offset": "0x2a0",
        "value": "0x99989796"
      },
      {
        "offset": "0x2a4",
        "value": "0x9d9c9b9a"
      },
      {
        "offset": "0x2a8",
        "value": "0xa1a09f9e"
      },
      {
        "offset": "0x2ac",
        "value": "0xa5a4a3a2"
      },
      {
        "offset": "0x2b0",
        "value": "0xa9a8a7a6"
      },
      {
        "offset": "0x2b4",
        "value": "0xadacabaa"
      },
      {
        "offset": "0x2b8",
        "value": "0xb1b0afae"
      },
      {
        "offset": "0x2bc",
        "value": "0xb5b4b3b2"
      },
      {
        "offset": "0x2c0",
        "value": "0xb9b8b7b6"
      },
      {
        "offset": "0x2c4",
        "value": "0xbdbcbbba"
      },
      {
        "offset": "0x2c8",
        "value": "0xc1c0bfbe"
      },
      {
        "offset": "0x2cc",
        "value": "0xc5c4c3c2"
      },
      {
        "offset": "0x2d0",
        "value": "0xc9c8c7c6"
      },
      {
        "offset": "0x2d4",
        "value": "0xcdcccbca"
      },
      {
        "offset": "0x2d8",
        "value": "0xd1d0cfce"
      },
      {
        "offset": "0x2dc",
        "value": "0xd5d4d3d2"
      },
      {
        "offset": "0x2e0",
        "value": "0xd9d8d7d6"
      },
      {
        "offset": "0x2e4",
        "value": "0xdddcdbda"
      },
      {
        "offset": "0x2e8",
        "value": "0xe1e0dfde"
      },
      {
        "offset": "0x2ec",
        "value": "0xe5e4e3e2"
      },
      {
        "offset": "0x2f0",
        "value": "0xe9e8e7e6"
      },
      {
        "offset": "0x2f4",
        "value": "0x00ecebea"
      },
      {
        "offset": "0x108",
        "value": "0x00002201"
      },
      {
        "offset": "0x10c",
        "value": "0x00000001"
      },
      {
        "offset": "0x110",
        "value": "0x00000001"
      },
      {
        "offset": "0x114",
        "value": "0x000000f7"
      },
      {
        "offset": "0x15c",
        "value": "0x0061a800"
      },
      {
        "offset": "0x100",
        "value": "0x00000004"
      },
      {
        "offset": "0x100",
        "value": "0x00000008"
      },
      {
        "offset": "0x100",
        "value": "0x00000002"
      },
      {
        "offset": "0x200",
        "value": "0x50414652"
      },
      {
        "offset": "0x204",
        "value": "0x00200001"
      },
      {
        "offset": "0x208",
        "value": "0x50370002"
      },
      {
        "offset": "0x20c",
        "value": "0x00000002"
      },
      {
        "offset": "0x210",
        "value": "0x00001000"
      },
      {
        "offset": "0x214",
        "value": "0x0014000d"
      },
      {
        "offset": "0x218",
        "value": "0x000000d7"
      },
      {
        "offset": "0x21c",
        "value": "0xe39b1851"
      },
      {
        "offset": "0x220",
        "value": "0xf0efeeed"
      },
      {
        "offset": "0x224",
        "value": "0xf4f3f2f1"
      },
      {
        "offset": "0x228",
        "value": "0xf8f7f6f5"
      },
      {
        "offset": "0x22c",
        "value": "0xfcfbfaf9"
      },
      {
        "offset": "0x230",
        "value": "0x00fffefd"
      },
      {
        "offset": "0x234",
        "value": "0x04030201"
      },
      {
        "offset": "0x238",
        "value": "0x08070605"
      },
      {
        "offset": "0x23c",
        "value": "0x0c0b0a09"
      },
      {
        "offset": "0x240",
        "value": "0x100f0e0d"
      },
      {
        "offset": "0x244",
        "value": "0x14131211"
      },
      {
        "offset": "0x248",
        "value": "0x18171615"
      },
      {
        "offset": "0x24c",
        "value": "0x1c1b1a19"
      },
      {
        "offset": "0x250",
        "value": "0x201f1e1d"
      },
      {
        "offset": "0x254",
        "value": "0x24232221"
      },
      {
        "offset": "0x258",
        "value": "0x28272625"
      },
      {
        "offset": "0x25c",
        "value": "0x2c2b2a29"
      },
      {
        "offset": "0x260",
        "value": "0x302f2e2d"
      },
      {
        "offset": "0x264",
        "value": "0x34333231"
      },
      {
        "offset": "0x268",
        "value": "0x38373635"
      },
      {
        "offset": "0x26c",
        "value": "0x3c3b3a39"
      },
      {
        "offset": "0x270",
        "value": "0x403f3e3d"
      },
      {
        "offset": "0x274",
        "value": "0x44434241"
      },
      {
        "offset": "0x278",
        "value": "0x48474645"
      },
      {
        "offset": "0x27c",
        "value": "0x4c4b4a49"
      },
      {
        "offset": "0x280",
        "value": "0x504f4e4d"
      },
      {
        "offset": "0x284",
        "value": "0x54535251"
      },
      {
        "offset": "0x288",
        "value": "0x58575655"
      },
      {
        "offset": "0x28c",
        "value": "0x5c5b5a59"
      },
      {
        "offset": "0x290",
        "value": "0x605f5e5d"
      },
      {
        "offset": "0x294",
        "value": "0x64636261"
      },
      {
        "offset": "0x298",
        "value": "0x68676665"
      },
      {
        "offset": "0x29c",
        "value": "0x6c6b6a69"
      },
      {
        "offset": "0x2a0",
        "value": "0x706f6e6d"
      },
      {
        "offset": "0x2a4",
        "value": "0x74737271"
      },
      {
        "offset": "0x2a8",
        "value": "0x78777675"
      },
      {
        "offset": "0x2ac",
        "value": "0x7c7b7a79"
      },
      {
        "offset": "0x2b0",
        "value": "0x807f7e7d"
      },
      {
        "offset": "0x2b4",
        "value": "0x84838281"
      },
      {
        "offset": "0x2b8",
        "value": "0x88878685"
      },
      {
        "offset": "0x2bc",
        "value": "0x8c8b8a89"
      },
      {
        "offset": "0x2c0",
        "value": "0x908f8e8d"
      },
      {
        "offset": "0x2c4",
        "value": "0x94939291"
      },
      {
        "offset": "0x2c8",
        "value": "0x98979695"
      },
      {
        "offset": "0x2cc",
        "value": "0x9c9b9a99"
      },
      {
        "offset": "0x2d0",
        "value": "0xa09f9e9d"
      },
      {
        "offset": "0x2d4",
        "value": "0xa4a3a2a1"
      },
      {
        "offset": "0x2d8",
        "value": "0xa8a7a6a5"
      },
      {
        "offset": "0x2dc",
        "value": "0xacabaaa9"
      },
      {
        "offset": "0x2e0",
        "value": "0xb0afaead"
      },
      {
        "offset": "0x2e4",
        "value": "0xb4b3b2b1"
      },
      {
        "offset": "0x2e8",
        "value": "0xb8b7b6b5"
      },
      {
        "offset": "0x2ec",
        "value": "0xbcbbbab9"
      },
      {
        "offset": "0x2f0",
        "value": "0xc0bfbebd"
      },
      {
        "offset": "0x2f4",
        "value": "0x00c3c2c1"
      },
      {
        "offset": "0x108",
        "value": "0x00002201"
      },
      {
        "offset": "0x10c",
        "value": "0x00000001"
      },
      {
        "offset": "0x110",
        "value": "0x00000001"
      },
      {
        "offset": "0x114",
        "value": "0x000000f7"
      },
      {
        "offset": "0x15c",
        "value": "0x0061a800"
      },
      {
        "offset": "0x100",
        "value": "0x00000004"
      },
      {
        "offset": "0x100",
        "value": "0x00000008"
      },
      {
        "offset": "0x100",
        "value": "0x00000002"
      },
      {
        "offset": "0x200",
        "value": "0x50414652"
      },
      {
        "offset": "0x204",
        "value": "0x00200001"
      },
      {
        "offset": "0x208",
        "value": "0x50370002"
      },
      {
        "offset": "0x20c",
        "value": "0x00000002"
      },
      {
        "offset": "0x210",
        "value": "0x00001000"
      },
      {
        "offset": "0x214",
        "value": "0x0014000e"
      },
      {
        "offset": "0x218",
        "value": "0x000000d7"
      },
      {
        "offset": "0x21c",
        "value": "0xe39b1851"
      },
      {
        "offset": "0x220",
        "value": "0xc7c6c5c4"
      },
      {
        "offset": "0x224",
        "value": "0xcbcac9c8"
      },
      {
        "offset": "0x228",
        "value": "0xcfcecdcc"
      },
      {
        "offset": "0x22c",
        "value": "0xd3d2d1d0"
      },
      {
        "offset": "0x230",
        "value": "0xd7d6d5d4"
      },
      {
        "offset": "0x234",
        "value": "0xdbdad9d8"
      },
      {
        "offset": "0x238",
        "value": "0xdfdedddc"
      },
      {
        "offset": "0x23c",
        "value": "0xe3e2e1e0"
      },
      {
        "offset": "0x240",
        "value": "0xe7e6e5e4"
      },
      {
        "offset": "0x244",
        "value": "0xebeae9e8"
      },
      {
        "offset": "0x248",
        "value": "0xefeeedec"
      },
      {
        "offset": "0x24c",
        "value": "0xf3f2f1f0"
      },
      {
        "offset": "0x250",
        "value": "0xf7f6f5f4"
      },
      {
        "offset": "0x254",
        "value": "0xfbfaf9f8"
      },
      {
        "offset": "0x258",
        "value": "0xfffefdfc"
      },
      {
        "offset": "0x25c",
        "value": "0x03020100"
      },
      {
        "offset": "0x260",
        "value": "0x07060504"
      },
      {
        "offset": "0x264",
        "value": "0x0b0a0908"
      },
      {
        "offset": "0x268",
        "value": "0x0f0e0d0c"
      },
      {
        "offset": "0x26c",
        "value": "0x13121110"
      },
      {
        "offset": "0x270",
        "value": "0x17161514"
      },
      {
        "offset": "0x274",
        "value": "0x1b1a1918"
      },
      {
        "offset": "0x278",
        "value": "0x1f1e1d1c"
      },
      {
        "offset": "0x27c",
        "value": "0x23222120"
      },
      {
        "offset": "0x280",
        "value": "0x27262524"
      },
      {
        "offset": "0x284",
        "value": "0x2b2a2928"
      },
      {
        "offset": "0x288",
        "value": "0x2f2e2d2c"
      },
      {
        "offset": "0x28c",
        "value": "0x33323130"
      },
      {
        "offset": "0x290",
        "value": "0x37363534"
      },
      {
        "offset": "0x294",
        "value": "0x3b3a3938"
      },
      {
        "offset": "0x298",
        "value": "0x3f3e3d3c"
      },
      {
        "offset": "0x29c",
        "value": "0x43424140"
      },
      {
        "offset": "0x2a0",
        "value": "0x47464544"
      },
      {
        "offset": "0x2a4",
        "value": "0x4b4a4948"
      },
      {
        "offset": "0x2a8",
        "value": "0x4f4e4d4c"
      },
      {
        "offset": "0x2ac",
        "value": "0x53525150"
      },
      {
        "offset": "0x2b0",
        "value": "0x57565554"
      },
      {
        "offset": "0x2b4",
        "value": "0x5b5a5958"
      },
      {
        "offset": "0x2b8",
        "value": "0x5f5e5d5c"
      },
      {
        "offset": "0x2bc",
        "value": "0x63626160"
      },
      {
        "offset": "0x2c0",
        "value": "0x67666564"
      },
      {
        "offset": "0x2c4",
        "value": "0x6b6a6968"
      },
      {
        "offset": "0x2c8",
        "value": "0x6f6e6d6c"
      },
      {
        "offset": "0x2cc",
        "value": "0x73727170"
      },
      {
        "offset": "0x2d0",
        "value": "0x77767574"
      },
      {
        "offset": "0x2d4",
        "value": "0x7b7a7978"
      },
      {
        "offset": "0x2d8",
        "value": "0x7f7e7d7c"
      },
      {
        "offset": "0x2dc",
        "value": "0x83828180"
      },
      {
        "offset": "0x2e0",
        "value": "0x87868584"
      },
      {
        "offset": "0x2e4",
        "value": "0x8b8a8988"
      },
      {
        "offset": "0x2e8",
        "value": "0x8f8e8d8c"
      },
      {
        "offset": "0x2ec",
        "value": "0x93929190"
      },
      {
        "offset": "0x2f0",
        "value": "0x97969594"
      },
      {
        "offset": "0x2f4",
        "value": "0x009a9998"
      },
      {
        "offset": "0x108",
        "value": "0x00002201"
      },
      {
        "offset": "0x10c",
        "value": "0x00000001"
      },
      {
        "offset": "0x110",
        "value": "0x00000001"
      },
      {
        "offset": "0x114",
        "value": "0x000000f7"
      },
      {
        "offset": "0x15c",
        "value": "0x0061a800"
      },
      {
        "offset": "0x100",
        "value": "0x00000004"
      },
      {
        "offset": "0x100",
        "value": "0x00000008"
      },
      {
        "offset": "0x100",
        "value": "0x00000002"
      },
      {
        "offset": "0x200",
        "value": "0x50414652"
      },
      {
        "offset": "0x204",
        "value": "0x00200001"
      },
      {
        "offset": "0x208",
        "value": "0x50370002"
      },
      {
        "offset": "0x20c",
        "value": "0x00000002"
      },
      {
        "offset": "0x210",
        "value": "0x00001000"
      },
      {
        "offset": "0x214",
        "value": "0x0014000f"
      },
      {
        "offset": "0x218",
        "value": "0x000000d7"
      },
      {
        "offset": "0x21c",
        "value": "0xe39b1851"
      },
      {
        "offset": "0x220",
        "value": "0x9e9d9c9b"
      },
      {
        "offset": "0x224",
        "value": "0xa2a1a09f"
      },
      {
        "offset": "0x228",
        "value": "0xa6a5a4a3"
      },
      {
        "offset": "0x22c",
        "value": "0xaaa9a8a7"
      },
      {
        "offset": "0x230",
        "value": "0xaeadacab"
      },
      {
        "offset": "0x234",
        "value": "0xb2b1b0af"
      },
      {
        "offset": "0x238",
        "value": "0xb6b5b4b3"
      },
      {
        "offset": "0x23c",
        "value": "0xbab9b8b7"
      },
      {
        "offset": "0x240",
        "value": "0xbebdbcbb"
      },
      {
        "offset": "0x244",
        "value": "0xc2c1c0bf"
      },
      {
        "offset": "0x248",
        "value": "0xc6c5c4c3"
      },
      {
        "offset": "0x24c",
        "value": "0xcac9c8c7"
      },
      {
        "offset": "0x250",
        "value": "0xcecdcccb"
      },
      {
        "offset": "0x254",
        "value": "0xd2d1d0cf"
      },
      {
        "offset": "0x258",
        "value": "0xd6d5d4d3"
      },
      {
        "offset": "0x25c",
        "value": "0xdad9d8d7"
      },
      {
        "offset": "0x260",
        "value": "0xdedddcdb"
      },
      {
        "offset": "0x264",
        "value": "0xe2e1e0df"
      },
      {
        "offset": "0x268",
        "value": "0xe6e5e4e3"
      },
      {
        "offset": "0x26c",
        "value": "0xeae9e8e7"
      },
      {
        "offset": "0x270",
        "value": "0xeeedeceb"
      },
      {
        "offset": "0x274",
        "value": "0xf2f1f0ef"
      },
      {
        "offset": "0x278",
        "value": "0xf6f5f4f3"
      },
      {
        "offset": "0x27c",
        "value": "0xfaf9f8f7"
      },
      {
        "offset": "0x280",
        "value": "0xfefdfcfb"
      },
      {
        "offset": "0x284",
        "value": "0x020100ff"
      },
      {
        "offset": "0x288",
        "value": "0x06050403"
      },
      {
        "offset": "0x28c",
        "value": "0x0a090807"
      },
      {
        "offset": "0x290",
        "value": "0x0e0d0c0b"
      },
      {
        "offset": "0x294",
        "value": "0x1211100f"
      },
      {
        "offset": "0x298",
        "value": "0x16151413"
      },
      {
        "offset": "0x29c",
        "value": "0x1a191817"
      },
      {
        "offset": "0x2a0",
        "value": "0x1e1d1c1b"
      },
      {
        "offset": "0x2a4",
        "value": "0x2221201f"
      },
      {
        "offset": "0x2a8",
        "value": "0x26252423"
      },
      {
        "offset": "0x2ac",
        "value": "0x2a292827"
      },
      {
        "offset": "0x2b0",
        "value": "0x2e2d2c2b"
      },
      {
        "offset": "0x2b4",
        "value": "0x3231302f"
      },
      {
        "offset": "0x2b8",
        "value": "0x36353433"
      },
      {
        "offset": "0x2bc",
        "value": "0x3a393837"
      },
      {
        "offset": "0x2c0",
        "value": "0x3e3d3c3b"
      },
      {
        "offset": "0x2c4",
        "value": "0x4241403f"
      },
      {
        "offset": "0x2c8",
        "value": "0x46454443"
      },
      {
        "offset": "0x2cc",
        "value": "0x4a494847"
      },
      {
        "offset": "0x2d0",
        "value": "0x4e4d4c4b"
      },
      {
        "offset": "0x2d4",
        "value": "0x5251504f"
      },
      {
        "offset": "0x2d8",
        "value": "0x56555453"
      },
      {
        "offset": "0x2dc",
        "value": "0x5a595857"
      },
      {
        "offset": "0x2e0",
        "value": "0x5e5d5c5b"
      },
      {
        "offset": "0x2e4",
        "value": "0x6261605f"
      },
      {
        "offset": "0x2e8",
        "value": "0x66656463"
      },
      {
        "offset": "0x2ec",
        "value": "0x6a696867"
      },
      {
        "offset": "0x2f0",
        "value": "0x6e6d6c6b"
      },
      {
        "offset": "0x2f4",
        "value": "0x0071706f"
      },
      {
        "offset": "0x108",
        "value": "0x00002201"
      },
      {
        "offset": "0x10c",
        "value": "0x00000001"
      },
      {
        "offset": "0x110",
        "value": "0x00000001"
      },
      {
        "offset": "0x114",
        "value": "0x000000f7"
      },
      {
        "offset": "0x15c",
        "value": "0x0061a800"
      },
      {
        "offset": "0x100",
        "value": "0x00000004"
      },
      {
        "offset": "0x100",
        "value": "0x00000008"
      },
      {
        "offset": "0x100",
        "value": "0x00000002"
      },
      {
        "offset": "0x200",
        "value": "0x50414652"
      },
      {
        "offset": "0x204",
        "value": "0x00200001"
      },
      {
        "offset": "0x208",
        "value": "0x50370002"
      },
      {
        "offset": "0x20c",
        "value": "0x00000002"
      },
      {
        "offset": "0x210",
        "value": "0x00001000"
      },
      {
        "offset": "0x214",
        "value": "0x00140010"
      },
      {
        "offset": "0x218",
        "value": "0x000000d7"
      },
      {
        "offset": "0x21c",
        "value": "0xe39b1851"
      },
      {
        "offset": "0x220",
        "value": "0x75747372"
      },
      {
        "offset": "0x224",
        "value": "0x79787776"
      },
      {
        "offset": "0x228",
        "value": "0x7d7c7b7a"
      },
      {
        "offset": "0x22c",
        "value": "0x81807f7e"
      },
      {
        "offset": "0x230",
        "value": "0x85848382"
      },
      {
        "offset": "0x234",
        "value": "0x89888786"
      },
      {
        "offset": "0x238",
        "value": "0x8d8c8b8a"
      },
      {
        "offset": "0x23c",
        "value": "0x91908f8e"
      },
      {
        "offset": "0x240",
        "value": "0x95949392"
      },
      {
        "offset": "0x244",
        "value": "0x99989796"
      },
      {
        "offset": "0x248",
        "value": "0x9d9c9b9a"
      },
      {
        "offset": "0x24c",
        "value": "0xa1a09f9e"
      },
      {
        "offset": "0x250",
        "value": "0xa5a4a3a2"
      },
      {
        "offset": "0x254",
        "value": "0xa9a8a7a6"
      },
      {
        "offset": "0x258",
        "value": "0xadacabaa"
      },
      {
        "offset": "0x25c",
        "value": "0xb1b0afae"
      },
      {
        "offset": "0x260",
        "value": "0xb5b4b3b2"
      },
      {
        "offset": "0x264",
        "value": "0xb9b8b7b6"
      },
      {
        "offset": "0x268",
        "value": "0xbdbcbbba"
      },
      {
        "offset": "0x26c",
        "value": "0xc1c0bfbe"
      },
      {
        "offset": "0x270",
        "value": "0xc5c4c3c2"
      },
      {
        "offset": "0x274",
        "value": "0xc9c8c7c6"
      },
      {
        "offset": "0x278",
        "value": "0xcdcccbca"
      },
      {
        "offset": "0x27c",
        "value": "0xd1d0cfce"
      },
      {
        "offset": "0x280",
        "value": "0xd5d4d3d2"
      },
      {
        "offset": "0x284",
        "value": "0xd9d8d7d6"
      },
      {
        "offset": "0x288",
        "value": "0xdddcdbda"
      },
      {
        "offset": "0x28c",
        "value": "0xe1e0dfde"
      },
      {
        "offset": "0x290",
        "value": "0xe5e4e3e2"
      },
      {
        "offset": "0x294",
        "value": "0xe9e8e7e6"
      },
      {
        "offset": "0x298",
        "value": "0xedecebea"
      },
      {
        "offset": "0x29c",
        "value": "0xf1f0efee"
      },
      {
        "offset": "0x2a0",
        "value": "0xf5f4f3f2"
      },
      {
        "offset": "0x2a4",
        "value": "0xf9f8f7f6"
      },
      {
        "offset": "0x2a8",
        "value": "0xfdfcfbfa"
      },
      {
        "offset": "0x2ac",
        "value": "0x0100fffe"
      },
      {
        "offset": "0x2b0",
        "value": "0x05040302"
      },
      {
        "offset": "0x2b4",
        "value": "0x09080706"
      },
      {
        "offset": "0x2b8",
        "value": "0x0d0c0b0a"
      },
      {
        "offset": "0x2bc",
        "value": "0x11100f0e"
      },
      {
        "offset": "0x2c0",
        "value": "0x15141312"
      },
      {
        "offset": "0x2c4",
        "value": "0x19181716"
      },
      {
        "offset": "0x2c8",
        "value": "0x1d1c1b1a"
      },
      {
        "offset": "0x2cc",
        "value": "0x21201f1e"
      },
      {
        "offset": "0x2d0",
        "value": "0x25242322"
      },
      {
        "offset": "0x2d4",
        "value": "0x29282726"
      },
      {
        "offset": "0x2d8",
        "value": "0x2d2c2b2a"
      },
      {
        "offset": "0x2dc",
        "value": "0x31302f2e"
      },
      {
        "offset": "0x2e0",
        "value": "0x35343332"
      },
      {
        "offset": "0x2e4",
        "value": "0x39383736"
      },
      {
        "offset": "0x2e8",
        "value": "0x3d3c3b3a"
      },
      {
        "offset": "0x2ec",
        "value": "0x41403f3e"
      },
      {
        "offset": "0x2f0",
        "value": "0x45444342"
      },
      {
        "offset": "0x2f4",
        "value": "0x00484746"
      },
      {
        "offset": "0x108",
        "value": "0x00002201"
      },
      {
        "offset": "0x10c",
        "value": "0x00000001"
      },
      {
        "offset": "0x110",
        "value": "0x00000001"
      },
      {
        "offset": "0x114",
        "value": "0x000000f7"
      },
      {
        "offset": "0x15c",
        "value": "0x0061a800"
      },
      {
        "offset": "0x100",
        "value": "0x00000004"
      },
      {
        "offset": "0x100",
        "value": "0x00000008"
      },
      {
        "offset": "0x100",
        "value": "0x00000002"
      },
      {
        "offset": "0x200",
        "value": "0x50414652"
      },
      {
        "offset": "0x204",
        "value": "0x00200001"
      },
      {
        "offset": "0x208",
        "value": "0x50370002"
      },
      {
        "offset": "0x20c",
        "value": "0x00000002"
      },
      {
        "offset": "0x210",
        "value": "0x00001000"
      },
      {
        "offset": "0x214",
        "value": "0x00140011"
      },
      {
        "offset": "0x218",
        "value": "0x000000d7"
      },
      {
        "offset": "0x21c",
        "value": "0xe39b1851"
      },
      {
        "offset": "0x220",
        "value": "0x4c4b4a49"
      },
      {
        "offset": "0x224",
        "value": "0x504f4e4d"
      },
      {
        "offset": "0x228",
        "value": "0x54535251"
      },
      {
        "offset": "0x22c",
        "value": "0x58575655"
      },
      {
        "offset": "0x230",
        "value": "0x5c5b5a59"
      },
      {
        "offset": "0x234",
        "value": "0x605f5e5d"
      },
      {
        "offset": "0x238",
        "value": "0x64636261"
      },
      {
        "offset": "0x23c",
        "value": "0x68676665"
      },
      {
        "offset": "0x240",
        "value": "0x6c6b6a69"
      },
      {
        "offset": "0x244",
        "value": "0x706f6e6d"
      },
      {
        "offset": "0x248",
        "value": "0x74737271"
      },
      {
        "offset": "0x24c",
        "value": "0x78777675"
      },
      {
        "offset": "0x250",
        "value": "0x7c7b7a79"
      },
      {
        "offset": "0x254",
        "value": "0x807f7e7d"
      },
      {
        "offset": "0x258",
        "value": "0x84838281"
      },
      {
        "offset": "0x25c",
        "value": "0x88878685"
      },
      {
        "offset": "0x260",
        "value": "0x8c8b8a89"
      },
      {
        "offset": "0x264",
        "value": "0x908f8e8d"
      },
      {
        "offset": "0x268",
        "value": "0x94939291"
      },
      {
        "offset": "0x26c",
        "value": "0x98979695"
      },
      {
        "offset": "0x270",
        "value": "0x9c9b9a99"
      },
      {
        "offset": "0x274",
        "value": "0xa09f9e9d"
      },
      {
        "offset": "0x278",
        "value": "0xa4a3a2a1"
      },
      {
        "offset": "0x27c",
        "value": "0xa8a7a6a5"
      },
      {
        "offset": "0x280",
        "value": "0xacabaaa9"
      },
      {
        "offset": "0x284",
        "value": "0xb0afaead"
      },
      {
        "offset": "0x288",
        "value": "0xb4b3b2b1"
      },
      {
        "offset": "0x28c",
        "value": "0xb8b7b6b5"
      },
      {
        "offset": "0x290",
        "value": "0xbcbbbab9"
      },
      {
        "offset": "0x294",
        "value": "0xc0bfbebd"
      },
      {
        "offset": "0x298",
        "value": "0xc4c3c2c1"
      },
      {
        "offset": "0x29c",
        "value": "0xc8c7c6c5"
      },
      {
        "offset": "0x2a0",
        "value": "0xcccbcac9"
      },
      {
        "offset": "0x2a4",
        "value": "0xd0cfcecd"
      },
      {
        "offset": "0x2a8",
        "value": "0xd4d3d2d1"
      },
      {
        "offset": "0x2ac",
        "value": "0xd8d7d6d5"
      },
      {
        "offset": "0x2b0",
        "value": "0xdcdbdad9"
      },
      {
        "offset": "0x2b4",
        "value": "0xe0dfdedd"
      },
      {
        "offset": "0x2b8",
        "value": "0xe4e3e2e1"
      },
      {
        "offset": "0x2bc",
        "value": "0xe8e7e6e5"
      },
      {
        "offset": "0x2c0",
        "value": "0xecebeae9"
      },
      {
        "offset": "0x2c4",
        "value": "0xf0efeeed"
      },
      {
        "offset": "0x2c8",
        "value": "0xf4f3f2f1"
      },
      {
        "offset": "0x2cc",
        "value": "0xf8f7f6f5"
      },
      {
        "offset": "0x2d0",
        "value": "0xfcfbfaf9"
      },
      {
        "offset": "0x2d4",
        "value": "0x00fffefd"
      },
      {
        "offset": "0x2d8",
        "value": "0x04030201"
      },
      {
        "offset": "0x2dc",
        "value": "0x08070605"
      },
      {
        "offset": "0x2e0",
        "value": "0x0c0b0a09"
      },
      {
        "offset": "0x2e4",
        "value": "0x100f0e0d"
      },
      {
        "offset": "0x2e8",
        "value": "0x14131211"
      },
      {
        "offset": "0x2ec",
        "value": "0x18171615"
      },
      {
        "offset": "0x2f0",
        "value": "0x1c1b1a19"
      },
      {
        "offset": "0x2f4",
        "value": "0x001f1e1d"
      },
      {
        "offset": "0x108",
        "value": "0x00002201"
      },
      {
        "offset": "0x10c",
        "value": "0x00000001"
      },
      {
        "offset": "0x110",
        "value": "0x00000001"
      },
      {
        "offset": "0x114",
        "value": "0x000000f7"
      },
      {
        "offset": "0x15c",
        "value": "0x0061a800"
      },
      {
        "offset": "0x100",
        "value": "0x00000004"
      },
      {
        "offset": "0x100",
        "value": "0x00000008"
      },
      {
        "offset": "0x100",
        "value": "0x00000002"
      },
      {
        "offset": "0x200",
        "value": "0x50414652"
      },
      {
        "offset": "0x204",
        "value": "0x00200001"
      },
      {
        "offset": "0x208",
        "value": "0x50370002"
      },
      {
        "offset": "0x20c",
        "value": "0x00000002"
      },
      {
        "offset": "0x210",
        "value": "0x00001000"
      },
      {
        "offset": "0x214",
        "value": "0x00140012"
      },
      {
        "offset": "0x218",
        "value": "0x000000d7"
      },
      {
        "offset": "0x21c",
        "value": "0xe39b1851"
      },
      {
        "offset": "0x220",
        "value": "0x23222120"
      },
      {
        "offset": "0x224",
        "value": "0x27262524"
      },
      {
        "offset": "0x228",
        "value": "0x2b2a2928"
      },
      {
        "offset": "0x22c",
        "value": "0x2f2e2d2c"
      },
      {
        "offset": "0x230",
        "value": "0x33323130"
      },
      {
        "offset": "0x234",
        "value": "0x37363534"
      },
      {
        "offset": "0x238",
        "value": "0x3b3a3938"
      },
      {
        "offset": "0x23c",
        "value": "0x3f3e3d3c"
      },
      {
        "offset": "0x240",
        "value": "0x43424140"
      },
      {
        "offset": "0x244",
        "value": "0x47464544"
      },
      {
        "offset": "0x248",
        "value": "0x4b4a4948"
      },
      {
        "offset": "0x24c",
        "value": "0x4f4e4d4c"
      },
      {
        "offset": "0x250",
        "value": "0x53525150"
      },
      {
        "offset": "0x254",
        "value": "0x57565554"
      },
      {
        "offset": "0x258",
        "value": "0x5b5a5958"
      },
      {
        "offset": "0x25c",
        "value": "0x5f5e5d5c"
      },
      {
        "offset": "0x260",
        "value": "0x63626160"
      },
      {
        "offset": "0x264",
        "value": "0x67666564"
      },
      {
        "offset": "0x268",
        "value": "0x6b6a6968"
      },
      {
        "offset": "0x26c",
        "value": "0x6f6e6d6c"
      },
      {
        "offset": "0x270",
        "value": "0x73727170"
      },
      {
        "offset": "0x274",
        "value": "0x77767574"
      },
      {
        "offset": "0x278",
        "value": "0x7b7a7978"
      },
      {
        "offset": "0x27c",
        "value": "0x7f7e7d7c"
      },
      {
        "offset": "0x280",
        "value": "0x83828180"
      },
      {
        "offset": "0x284",
        "value": "0x87868584"
      },
      {
        "offset": "0x288",
        "value": "0x8b8a8988"
      },
      {
        "offset": "0x28c",
        "value": "0x8f8e8d8c"
      },
      {
        "offset": "0x290",
        "value": "0x93929190"
      },
      {
        "offset": "0x294",
        "value": "0x97969594"
      },
      {
        "offset": "0x298",
        "value": "0x9b9a9998"
      },
      {
        "offset": "0x29c",
        "value": "0x9f9e9d9c"
      },
      {
        "offset": "0x2a0",
        "value": "0xa3a2a1a0"
      },
      {
        "offset": "0x2a4",
        "value": "0xa7a6a5a4"
      },
      {
        "offset": "0x2a8",
        "value": "0xabaaa9a8"
      },
      {
        "offset": "0x2ac",
        "value": "0xafaeadac"
      },
      {
        "offset": "0x2b0",
        "value": "0xb3b2b1b0"
      },
      {
        "offset": "0x2b4",
        "value": "0xb7b6b5b4"
      },
      {
        "offset": "0x2b8",
        "value": "0xbbbab9b8"
      },
      {
        "offset": "0x2bc",
        "value": "0xbfbebdbc"
      },
      {
        "offset": "0x2c0",
        "value": "0xc3c2c1c0"
      },
      {
        "offset": "0x2c4",
        "value": "0xc7c6c5c4"
      },
      {
        "offset": "0x2c8",
        "value": "0xcbcac9c8"
      },
      {
        "offset": "0x2cc",
        "value": "0xcfcecdcc"
      },
      {
        "offset": "0x2d0",
        "value": "0xd3d2d1d0"
      },
      {
        "offset": "0x2d4",
        "value": "0xd7d6d5d4"
      },
      {
        "offset": "0x2d8",
        "value": "0xdbdad9d8"
      },
      {
        "offset": "0x2dc",
        "value": "0xdfdedddc"
      },
      {
        "offset": "0x2e0",
        "value": "0xe3e2e1e0"
      },
      {
        "offset": "0x2e4",
        "value": "0xe7e6e5e4"
      },
      {
        "offset": "0x2e8",
        "value": "0xebeae9e8"
      },
      {
        "offset": "0x2ec",
        "value": "0xefeeedec"
      },
      {
        "offset": "0x2f0",
        "value": "0xf3f2f1f0"
      },
      {
        "offset": "0x2f4",
        "value": "0x00f6f5f4"
      },
      {
        "offset": "0x108",
        "value": "0x00002201"
      },
      {
        "offset": "0x10c",
        "value": "0x00000001"
      },
      {
        "offset": "0x110",
        "value": "0x00000001"
      },
      {
        "offset": "0x114",
        "value": "0x000000f7"
      },
      {
        "offset": "0x15c",
        "value": "0x0061a800"
      },
      {
        "offset": "0x100",
        "value": "0x00000004"
      },
      {
        "offset": "0x100",
        "value": "0x00000008"
      },
      {
        "offset": "0x100",
        "value": "0x00000002"
      },
      {
        "offset": "0x200",
        "value": "0x50414652"
      },
      {
        "offset": "0x204",
        "value": "0x00200201"
      },
      {
        "offset": "0x208",
        "value": "0x50370002"
      },
      {
        "offset": "0x20c",
        "value": "0x00000002"
      },
      {
        "offset": "0x210",
        "value": "0x00001000"
      },
      {
        "offset": "0x214",
        "value": "0x00140013"
      },
      {
        "offset": "0x218",
        "value": "0x0000000b"
      },
      {
        "offset": "0x21c",
        "value": "0xe39b1851"
      },
      {
        "offset": "0x220",
        "value": "0xfaf9f8f7"
      },
      {
        "offset": "0x224",
        "value": "0xfefdfcfb"
      },
      {
        "offset": "0x228",
        "value": "0x000100ff"
      },
      {
        "offset": "0x108",
        "value": "0x00002201"
      },
      {
        "offset": "0x10c",
        "value": "0x00000001"
      },
      {
        "offset": "0x110",
        "value": "0x00000001"
      },
      {
        "offset": "0x114",
        "value": "0x0000002b"
      },
      {
        "offset": "0x15c",
        "value": "0x0061a800"
      },
      {
        "offset": "0x100",
        "value": "0x00000004"
      },
      {
        "offset": "0x100",
        "value": "0x00000008"
      },
      {
        "offset": "0x100",
        "value": "0x00000030"
      },
      {
        "offset": "0x100",
        "value": "0x00000030"
      }
    ],
    "runtime_feasibility": {
      "jtag_frequency_hz": 1000000,
      "reference_jtag_frequency_hz": 1000000,
      "estimated_axi_operation_us_at_1mhz": 1250,
      "estimated_stage_fixed_overhead_seconds": 30.0,
      "estimate_model": "one_axi_read_per_poll_operation_global_deadline_authoritative",
      "estimated_stage_runtime_seconds": 35.33625,
      "minimum_stage_runtime_sec": 36,
      "authorized_runtime_sec": 960,
      "feasible_within_authorized_runtime": true,
      "containment_initial_empty_wait_seconds": 0,
      "expected_tool_daemon_grace_seconds": 30,
      "containment_total_exit_window_seconds": 30,
      "containment_topology_revalidation_interval_seconds": 0.1,
      "containment_forced_cleanup_wait_seconds": 10,
      "containment_failure_bound_seconds": 40,
      "jtag_wrapper_vivado_process_count": 4,
      "jtag_wrapper_containment_allowance_seconds": 120,
      "jtag_wrapper_max_forced_cleanup_events": 2,
      "jtag_wrapper_forced_cleanup_reserve_seconds": 20,
      "jtag_wrapper_other_guard_seconds": 65,
      "jtag_wrapper_bookkeeping_guard_seconds": 45,
      "jtag_wrapper_other_guard_after_forced_cleanup_seconds": 45,
      "global_runtime_budget": {
        "minimum_estimated_global_runtime_sec": 401,
        "configured_global_timeout_ceiling_sec": 915,
        "authorized_global_runtime_sec": 960,
        "containment_initial_empty_wait_seconds": 0,
        "expected_tool_daemon_grace_seconds": 30,
        "containment_total_exit_window_seconds": 30,
        "containment_topology_revalidation_interval_seconds": 0.1,
        "containment_success_bound_seconds_each": 30,
        "containment_failure_bound_seconds_each": 40,
        "contained_vivado_process_count": 4,
        "containment_allowance_seconds": 120,
        "max_forced_cleanup_events": 2,
        "forced_cleanup_wait_seconds": 10,
        "forced_cleanup_reserve_seconds": 20,
        "other_guard_seconds": 65,
        "bookkeeping_guard_seconds": 45,
        "other_guard_after_forced_cleanup_seconds": 45,
        "configured_unallocated_margin_seconds": 45,
        "estimated_unallocated_margin_seconds": 559,
        "minimum_stage_fits_configured_timeout": true,
        "feasible": true
      }
    },
    "valid": true,
    "backend_manifest": {
      "path": "D:\\CodexWorktrees\\stage66prep_ed417a3\\RF_COMM_MULTILANE\\build\\p7_authorized_sequence\\p7_20260716_stationary_app_r67_diag_stage66_c04\\manifests\\002_p7_p6_frame_regression_m1.manifest.json",
      "expected_sha256": "5baadba02d157521b063ed04883cb5d973547ba1b384e1637882fde4ade1a784",
      "actual_sha256": "5baadba02d157521b063ed04883cb5d973547ba1b384e1637882fde4ade1a784",
      "schema": "rfap-p7-jtag-axi-dry-run-v1",
      "input_length": 4096,
      "input_sha256": "d63320acd81e8ea9e08c7932552f04ca8bd45a673c40003ff4f7b6143d91081d",
      "lane_policy": "LANE0_ONLY",
      "transaction_operation_count": 4269
    },
    "global_runtime_budget": {
      "minimum_estimated_global_runtime_sec": 401,
      "configured_global_timeout_ceiling_sec": 915,
      "authorized_global_runtime_sec": 960,
      "containment_initial_empty_wait_seconds": 0,
      "expected_tool_daemon_grace_seconds": 30,
      "containment_total_exit_window_seconds": 30,
      "containment_topology_revalidation_interval_seconds": 0.1,
      "containment_success_bound_seconds_each": 30,
      "containment_failure_bound_seconds_each": 40,
      "contained_vivado_process_count": 4,
      "containment_allowance_seconds": 120,
      "max_forced_cleanup_events": 2,
      "forced_cleanup_wait_seconds": 10,
      "forced_cleanup_reserve_seconds": 20,
      "other_guard_seconds": 65,
      "bookkeeping_guard_seconds": 45,
      "other_guard_after_forced_cleanup_seconds": 45,
      "configured_unallocated_margin_seconds": 45,
      "estimated_unallocated_margin_seconds": 559,
      "minimum_stage_fits_configured_timeout": true,
      "feasible": true
    }
  },
  "exit_code_policy": "returncode_must_be_exactly_zero_and_required_markers_must_match",
  "transaction_format_boundary": "strict_P7_JTAG_AXI_TRANSACTIONS_V1_no_source_no_eval_no_external_commands",
  "hardware_execution_lock": {
    "path": "D:\\CodexWorktrees\\stage66prep_ed417a3\\RF_COMM_MULTILANE\\.hardware_authorization\\P7_HARDWARE_EXECUTION.lock",
    "token_sha256": "d173841d396ea40c9ab548ee29e3f0b7fca53c55b2f4a29fefb0f8764cbbea1d",
    "owner": {
      "schema": "rf-comm-p7-hardware-execution-lock-v1",
      "pid": 2056,
      "wrapper": "run_p7_jtag_axi_stage_safe.py",
      "stage_name": "p7_p6_frame_regression_m1",
      "acquired_at_utc": "2026-07-16T11:58:51.731209+00:00",
      "evidence_dir": "D:\\CodexWorktrees\\stage66prep_ed417a3\\RF_COMM_MULTILANE\\evidence\\hardware\\p7\\authorized_sequence\\p7_20260716_stationary_app_r67_diag_stage66_c04\\002_p7_p6_frame_regression_m1"
    },
    "acquired": true,
    "stale_lock_auto_recovery": false
  },
  "global_runtime_deadline_source": "host_monotonic",
  "global_runtime_guard_seconds": 65,
  "global_runtime_budget_components": {
    "contained_vivado_process_count": 4,
    "initial_empty_wait_seconds_per_process": 0,
    "expected_tool_daemon_grace_seconds_per_process": 30,
    "total_containment_window_seconds_per_process": 30,
    "topology_revalidation_interval_seconds": 0.1,
    "containment_allowance_seconds": 120,
    "forced_cleanup_wait_seconds": 10,
    "failure_containment_bound_seconds_per_failed_process": 40,
    "max_forced_cleanup_events": 2,
    "forced_cleanup_reserve_seconds": 20,
    "bookkeeping_guard_seconds": 45,
    "other_guard_seconds": 65
  },
  "evidence_dir": "D:\\CodexWorktrees\\stage66prep_ed417a3\\RF_COMM_MULTILANE\\evidence\\hardware\\p7\\authorized_sequence\\p7_20260716_stationary_app_r67_diag_stage66_c04\\002_p7_p6_frame_regression_m1",
  "event_log": "D:\\CodexWorktrees\\stage66prep_ed417a3\\RF_COMM_MULTILANE\\evidence\\hardware\\p7\\authorized_sequence\\p7_20260716_stationary_app_r67_diag_stage66_c04\\002_p7_p6_frame_regression_m1\\p7_jtag_axi_stage_events.jsonl",
  "vivado_helper_identity_validation": {
    "schema": "rf-comm-p7-vivado-helper-identity-validation-v1",
    "phase": "VIVADO_HELPER_IDENTITY",
    "status": "PASS",
    "error_code": "NONE",
    "hardware_actions_executed": false,
    "hardware_connection_attempted": false,
    "tfdu_touched": false,
    "ethernet_transport_used": false,
    "motion_used": false,
    "campaign_lock_created": false,
    "campaign_attempt_created": false,
    "manifest": {
      "path": "D:\\CodexWorktrees\\stage66prep_ed417a3\\RF_COMM_MULTILANE\\config\\p7_vivado_helper_identity_profiles.json",
      "sha256": "67645bc53ae6c484204604ae3741bbce2d24fb7dbff6a5e63e8ea1a68972ed94",
      "manifest_id": "p7_vivado_2023_1_helper_identity_20260716"
    },
    "runtime_profile_id": "vivado_2023_1_windows_26200_8875_system_helpers",
    "errors": [],
    "vivado_launcher": "D:\\Xilinx\\Vivado\\2023.1\\bin\\vivado.bat",
    "derived_helper_paths": {
      "cs_server": "D:\\Xilinx\\Vivado\\2023.1\\bin\\unwrapped\\win64.o\\cs_server.exe",
      "rdi_xsdb": "D:\\Xilinx\\Vivado\\2023.1\\bin\\unwrapped\\win64.o\\rdi_xsdb.exe",
      "cmd": "C:\\Windows\\System32\\cmd.exe",
      "conhost": "C:\\Windows\\System32\\conhost.exe"
    },
    "observed_file_records": {
      "cs_server": {
        "path": "D:\\Xilinx\\Vivado\\2023.1\\bin\\unwrapped\\win64.o\\cs_server.exe",
        "sha256": "9bf0e15ffe162a96679c14b8117cf8ebe8a47b8032bee4ab8cb0317c112df536",
        "bytes": 12408496
      },
      "rdi_xsdb": {
        "path": "D:\\Xilinx\\Vivado\\2023.1\\bin\\unwrapped\\win64.o\\rdi_xsdb.exe",
        "sha256": "3193d8c4e7115e82e5b4ea6c2eb1aa8a7566bd5a9f9c78e9d901b9eab9d4ebfc",
        "bytes": 29288
      },
      "cmd": {
        "path": "C:\\Windows\\System32\\cmd.exe",
        "sha256": "65ec268add3973b6dca64222985da47caeaee44a340b0ec1466782914fd743d9",
        "bytes": 344064
      },
      "conhost": {
        "path": "C:\\Windows\\System32\\conhost.exe",
        "sha256": "32e45de7f02912f3907083690043df4abdc4705eea28300719788eaa4a339d0b",
        "bytes": 1007616
      }
    },
    "observed_sha256_by_role": {
      "cs_server": "9bf0e15ffe162a96679c14b8117cf8ebe8a47b8032bee4ab8cb0317c112df536",
      "rdi_xsdb": "3193d8c4e7115e82e5b4ea6c2eb1aa8a7566bd5a9f9c78e9d901b9eab9d4ebfc",
      "cmd": "65ec268add3973b6dca64222985da47caeaee44a340b0ec1466782914fd743d9",
      "conhost": "32e45de7f02912f3907083690043df4abdc4705eea28300719788eaa4a339d0b"
    },
    "observed_complete_hash_profile_id": "vivado_2023_1_windows_26200_8875_system_helpers",
    "identity_probe": {
      "path": "D:\\CodexWorktrees\\stage66prep_ed417a3\\RF_COMM_MULTILANE\\scripts\\hw\\p7_helper_identity_probe.ps1",
      "sha256": "46ae65f7eea40c1cdda5595a69b36acc6d1add7e231b6319674304100385ea25"
    },
    "probe_host_file_record": {
      "path": "C:\\Windows\\System32\\WindowsPowerShell\\v1.0\\powershell.exe",
      "sha256": "7600ffe12da441fe89d035b13801e8e91d064bc544a27b19a5cf49f6ab8b18f5",
      "bytes": 454656
    },
    "probe_exact_argv": [
      "C:\\Windows\\System32\\WindowsPowerShell\\v1.0\\powershell.exe",
      "-NoLogo",
      "-NoProfile",
      "-NonInteractive",
      "-ExecutionPolicy",
      "Bypass",
      "-File",
      "D:\\CodexWorktrees\\stage66prep_ed417a3\\RF_COMM_MULTILANE\\scripts\\hw\\p7_helper_identity_probe.ps1",
      "-CsServer",
      "D:\\Xilinx\\Vivado\\2023.1\\bin\\unwrapped\\win64.o\\cs_server.exe",
      "-RdiXsdb",
      "D:\\Xilinx\\Vivado\\2023.1\\bin\\unwrapped\\win64.o\\rdi_xsdb.exe",
      "-Cmd",
      "C:\\Windows\\System32\\cmd.exe",
      "-Conhost",
      "C:\\Windows\\System32\\conhost.exe"
    ],
    "probe_environment": {
      "SystemRoot": "C:\\Windows",
      "WINDIR": "C:\\Windows",
      "COMSPEC": "C:\\Windows\\System32\\cmd.exe",
      "PATH": "C:\\Windows\\System32;C:\\Windows\\System32\\WindowsPowerShell\\v1.0",
      "TEMP": "C:\\Users\\user\\AppData\\Local\\Temp",
      "TMP": "C:\\Users\\user\\AppData\\Local\\Temp",
      "ALLUSERSPROFILE": "C:\\ProgramData",
      "APPDATA": "C:\\Users\\user\\AppData\\Roaming",
      "CommonProgramFiles": "C:\\Program Files\\Common Files",
      "CommonProgramFiles(x86)": "C:\\Program Files (x86)\\Common Files",
      "CommonProgramW6432": "C:\\Program Files\\Common Files",
      "HOMEDRIVE": "C:",
      "HOMEPATH": "\\Users\\user",
      "LOCALAPPDATA": "C:\\Users\\user\\AppData\\Local",
      "NUMBER_OF_PROCESSORS": "28",
      "OS": "Windows_NT",
      "PROCESSOR_ARCHITECTURE": "AMD64",
      "PROCESSOR_IDENTIFIER": "Intel64 Family 6 Model 183 Stepping 1, GenuineIntel",
      "PROCESSOR_LEVEL": "6",
      "PROCESSOR_REVISION": "b701",
      "ProgramData": "C:\\ProgramData",
      "ProgramFiles": "C:\\Program Files",
      "ProgramFiles(x86)": "C:\\Program Files (x86)",
      "ProgramW6432": "C:\\Program Files",
      "PSModulePath": "C:\\Users\\user\\Documents\\WindowsPowerShell\\Modules;C:\\Program Files\\WindowsPowerShell\\Modules;C:\\WINDOWS\\system32\\WindowsPowerShell\\v1.0\\Modules",
      "PUBLIC": "C:\\Users\\Public",
      "SystemDrive": "C:",
      "USERDOMAIN": "DESKTOP-PU0AECA",
      "USERNAME": "user",
      "USERPROFILE": "C:\\Users\\user"
    },
    "probe_returncode": 0,
    "probe_stderr": "",
    "probe_payload": {
      "schema": "rf-comm-p7-vivado-helper-identity-probe-v1",
      "probe_host": {
        "role": "probe_host",
        "path": "C:\\Windows\\System32\\WindowsPowerShell\\v1.0\\powershell.exe",
        "bytes": 454656,
        "file_version": "10.0.26100.8875",
        "product_version": "10.0.26100.8875",
        "company_name": "Microsoft Corporation",
        "signature_status": "Valid",
        "signature_type": "Catalog",
        "signer_subject": "CN=Microsoft Windows, O=Microsoft Corporation, L=Redmond, S=Washington, C=US",
        "signer_thumbprint": "DC91E564D5BC1E3A8E02D6A8508682ABEA8A2443"
      },
      "records": [
        {
          "role": "cs_server",
          "path": "D:\\Xilinx\\Vivado\\2023.1\\bin\\unwrapped\\win64.o\\cs_server.exe",
          "bytes": 12408496,
          "file_version": "0.0.0.0",
          "product_version": "0.0.0.0",
          "company_name": "",
          "signature_status": "Valid",
          "signature_type": "Authenticode",
          "signer_subject": "CN=Xilinx Inc., O=Xilinx Inc., S=Colorado, C=US, OID.2.5.4.15=Private Organization, OID.1.3.6.1.4.1.311.60.2.1.2=Delaware, OID.1.3.6.1.4.1.311.60.2.1.3=US, SERIALNUMBER=2221167",
          "signer_thumbprint": "F5BF7E059AA73C3F69350328C95EF3C0C7B654CB"
        },
        {
          "role": "rdi_xsdb",
          "path": "D:\\Xilinx\\Vivado\\2023.1\\bin\\unwrapped\\win64.o\\rdi_xsdb.exe",
          "bytes": 29288,
          "file_version": "0.0.0.0",
          "product_version": "0.0.0.0",
          "company_name": "",
          "signature_status": "Valid",
          "signature_type": "Authenticode",
          "signer_subject": "CN=Xilinx Inc., O=Xilinx Inc., S=Colorado, C=US, OID.2.5.4.15=Private Organization, OID.1.3.6.1.4.1.311.60.2.1.2=Delaware, OID.1.3.6.1.4.1.311.60.2.1.3=US, SERIALNUMBER=2221167",
          "signer_thumbprint": "F5BF7E059AA73C3F69350328C95EF3C0C7B654CB"
        },
        {
          "role": "cmd",
          "path": "C:\\Windows\\System32\\cmd.exe",
          "bytes": 344064,
          "file_version": "10.0.26100.8737",
          "product_version": "10.0.26100.8737",
          "company_name": "Microsoft Corporation",
          "signature_status": "Valid",
          "signature_type": "Catalog",
          "signer_subject": "CN=Microsoft Windows, O=Microsoft Corporation, L=Redmond, S=Washington, C=US",
          "signer_thumbprint": "DC91E564D5BC1E3A8E02D6A8508682ABEA8A2443"
        },
        {
          "role": "conhost",
          "path": "C:\\Windows\\System32\\conhost.exe",
          "bytes": 1007616,
          "file_version": "10.0.26100.8737",
          "product_version": "10.0.26100.8737",
          "company_name": "Microsoft Corporation",
          "signature_status": "Valid",
          "signature_type": "Catalog",
          "signer_subject": "CN=Microsoft Windows, O=Microsoft Corporation, L=Redmond, S=Washington, C=US",
          "signer_thumbprint": "85DF8AC9B594E3C055692AE52D3E8E93889D9EC9"
        }
      ]
    }
  },
  "preflight_process": {
    "name": "preflight",
    "returncode": 0,
    "stdout_path": "D:\\CodexWorktrees\\stage66prep_ed417a3\\RF_COMM_MULTILANE\\evidence\\hardware\\p7\\authorized_sequence\\p7_20260716_stationary_app_r67_diag_stage66_c04\\002_p7_p6_frame_regression_m1\\p7_preflight.stdout.log",
    "stderr_path": "D:\\CodexWorktrees\\stage66prep_ed417a3\\RF_COMM_MULTILANE\\evidence\\hardware\\p7\\authorized_sequence\\p7_20260716_stationary_app_r67_diag_stage66_c04\\002_p7_p6_frame_regression_m1\\p7_preflight.stderr.log",
    "elapsed_seconds": 31.427975,
    "argv": [
      "D:\\Xilinx\\Vivado\\2023.1\\bin\\vivado.bat",
      "-mode",
      "batch",
      "-source",
      "D:\\CodexWorktrees\\stage66prep_ed417a3\\RF_COMM_MULTILANE\\scripts\\hw\\p7_hw_preflight.tcl",
      "-tclargs",
      "D:\\CodexWorktrees\\stage66prep_ed417a3\\RF_COMM_MULTILANE",
      "D:\\CodexWorktrees\\stage66prep_ed417a3\\RF_COMM_MULTILANE\\.hardware_authorization\\p7_20260716_stationary_app_r67_diag_stage66_c04_002_p7_p6_frame_regression_m1.txt",
      "210512180081",
      "xc7z010clg400-1",
      "localhost:3121/xilinx_tcf/Digilent/210512180081",
      "localhost:3121",
      "D:\\CodexWorktrees\\stage66prep_ed417a3\\RF_COMM_MULTILANE\\evidence\\hardware\\p7\\authorized_sequence\\p7_20260716_stationary_app_r67_diag_stage66_c04\\002_p7_p6_frame_regression_m1\\p7_preflight_result.txt"
    ],
    "started_at_utc": "2026-07-16T11:58:52.031238+00:00",
    "ended_at_utc": "2026-07-16T11:59:23.459218+00:00",
    "timed_out": false,
    "abort_seen": false,
    "interrupted": false,
    "process_tree_terminated": false,
    "process_tree_reaped": true,
    "containment_kind": "WINDOWS_JOB_OBJECT_KILL_ON_CLOSE",
    "containment_assigned": true,
    "containment_closed": true,
    "descendant_count_after": 0,
    "expected_tool_daemon_grace_used": true,
    "expected_tool_daemon_grace_seconds": 30.0,
    "expected_tool_daemon_paths": [
      "D:\\Xilinx\\Vivado\\2023.1\\bin\\unwrapped\\win64.o\\cs_server.exe",
      "D:\\Xilinx\\Vivado\\2023.1\\bin\\unwrapped\\win64.o\\rdi_xsdb.exe",
      "C:\\Windows\\System32\\cmd.exe",
      "C:\\Windows\\System32\\conhost.exe"
    ],
    "descendant_paths_seen": [
      "C:\\Windows\\System32\\cmd.exe",
      "C:\\Windows\\System32\\conhost.exe",
      "D:\\Xilinx\\Vivado\\2023.1\\bin\\unwrapped\\win64.o\\cs_server.exe",
      "D:\\Xilinx\\Vivado\\2023.1\\bin\\unwrapped\\win64.o\\cs_server.exe",
      "C:\\Windows\\System32\\conhost.exe",
      "D:\\Xilinx\\Vivado\\2023.1\\bin\\unwrapped\\win64.o\\rdi_xsdb.exe"
    ],
    "descendant_processes_seen": [
      {
        "pid": 3904,
        "parent_pid": 25944,
        "parent_active_globally": false,
        "image_path": "C:\\Windows\\System32\\cmd.exe",
        "creation_time_100ns": 134286767413490580
      },
      {
        "pid": 5964,
        "parent_pid": 17560,
        "parent_active_globally": false,
        "image_path": "C:\\Windows\\System32\\conhost.exe",
        "creation_time_100ns": 134286767400658837
      },
      {
        "pid": 10216,
        "parent_pid": 13972,
        "parent_active_globally": false,
        "image_path": "D:\\Xilinx\\Vivado\\2023.1\\bin\\unwrapped\\win64.o\\cs_server.exe",
        "creation_time_100ns": 134286767408320146
      },
      {
        "pid": 10604,
        "parent_pid": 10216,
        "parent_active_globally": true,
        "image_path": "D:\\Xilinx\\Vivado\\2023.1\\bin\\unwrapped\\win64.o\\cs_server.exe",
        "creation_time_100ns": 134286767409276100
      },
      {
        "pid": 11440,
        "parent_pid": 3904,
        "parent_active_globally": true,
        "image_path": "C:\\Windows\\System32\\conhost.exe",
        "creation_time_100ns": 134286767413558006
      },
      {
        "pid": 20352,
        "parent_pid": 3904,
        "parent_active_globally": true,
        "image_path": "D:\\Xilinx\\Vivado\\2023.1\\bin\\unwrapped\\win64.o\\rdi_xsdb.exe",
        "creation_time_100ns": 134286767416990877
      }
    ],
    "expected_tool_daemon_classification": "EXACT_R2_VIVADO_EXIT_HELPER_FOREST",
    "expected_tool_daemon_topology_snapshots": [
      {
        "classification": "EXACT_R2_VIVADO_EXIT_HELPER_FOREST",
        "elapsed_seconds": 0.004537,
        "processes": [
          {
            "pid": 3904,
            "parent_pid": 25944,
            "parent_active_globally": false,
            "image_path": "C:\\Windows\\System32\\cmd.exe",
            "creation_time_100ns": 134286767413490580
          },
          {
            "pid": 5964,
            "parent_pid": 17560,
            "parent_active_globally": false,
            "image_path": "C:\\Windows\\System32\\conhost.exe",
            "creation_time_100ns": 134286767400658837
          },
          {
            "pid": 10216,
            "parent_pid": 13972,
            "parent_active_globally": false,
            "image_path": "D:\\Xilinx\\Vivado\\2023.1\\bin\\unwrapped\\win64.o\\cs_server.exe",
            "creation_time_100ns": 134286767408320146
          },
          {
            "pid": 10604,
            "parent_pid": 10216,
            "parent_active_globally": true,
            "image_path": "D:\\Xilinx\\Vivado\\2023.1\\bin\\unwrapped\\win64.o\\cs_server.exe",
            "creation_time_100ns": 134286767409276100
          },
          {
            "pid": 11440,
            "parent_pid": 3904,
            "parent_active_globally": true,
            "image_path": "C:\\Windows\\System32\\conhost.exe",
            "creation_time_100ns": 134286767413558006
          },
          {
            "pid": 20352,
            "parent_pid": 3904,
            "parent_active_globally": true,
            "image_path": "D:\\Xilinx\\Vivado\\2023.1\\bin\\unwrapped\\win64.o\\rdi_xsdb.exe",
            "creation_time_100ns": 134286767416990877
          }
        ]
      },
      {
        "classification": "STRICT_SHRINK_SUBSET_OF_EXACT_R2_VIVADO_EXIT_HELPER_FOREST",
        "elapsed_seconds": 19.709227,
        "processes": [
          {
            "pid": 5964,
            "parent_pid": 17560,
            "parent_active_globally": false,
            "image_path": "C:\\Windows\\System32\\conhost.exe",
            "creation_time_100ns": 134286767400658837
          },
          {
            "pid": 10216,
            "parent_pid": 13972,
            "parent_active_globally": false,
            "image_path": "D:\\Xilinx\\Vivado\\2023.1\\bin\\unwrapped\\win64.o\\cs_server.exe",
            "creation_time_100ns": 134286767408320146
          },
          {
            "pid": 10604,
            "parent_pid": 10216,
            "parent_active_globally": true,
            "image_path": "D:\\Xilinx\\Vivado\\2023.1\\bin\\unwrapped\\win64.o\\cs_server.exe",
            "creation_time_100ns": 134286767409276100
          }
        ]
      },
      {
        "classification": "EMPTY",
        "elapsed_seconds": 20.758289,
        "processes": []
      }
    ],
    "expected_tool_daemon_topology_revalidation_count": 196,
    "expected_tool_daemon_topology_monotonic": true,
    "expected_tool_daemon_topology_sample_elapsed_seconds": [
      4.6e-05,
      0.004537,
      0.111171,
      0.21718,
      0.322659,
      0.4286,
      0.535062,
      0.641023,
      0.746631,
      0.852971,
      0.958963,
      1.06484,
      1.171121,
      1.276962,
      1.382703,
      1.488952,
      1.594943,
      1.701247,
      1.807205,
      1.913551,
      2.019451,
      2.125439,
      2.231587,
      2.336939,
      2.443246,
      2.548456,
      2.654162,
      2.759455,
      2.864654,
      2.969954,
      3.075806,
      3.181481,
      3.28683,
      3.393214,
      3.498691,
      3.604071,
      3.709716,
      3.815496,
      3.92238,
      4.028197,
      4.133616,
      4.23958,
      4.345211,
      4.450333,
      4.555931,
      4.661705,
      4.767541,
      4.875547,
      4.981349,
      5.08705,
      5.192433,
      5.298364,
      5.404416,
      5.510342,
      5.616242,
      5.721418,
      5.827234,
      5.933084,
      6.038096,
      6.143702,
      6.249017,
      6.353959,
      6.45887,
      6.564023,
      6.669588,
      6.774733,
      6.880088,
      6.985635,
      7.091276,
      7.196867,
      7.302179,
      7.40719,
      7.51312,
      7.618194,
      7.723278,
      7.829096,
      7.934465,
      8.039982,
      8.146524,
      8.252062,
      8.357466,
      8.462859,
      8.56838,
      8.673243,
      8.778547,
      8.88397,
      8.989346,
      9.094467,
      9.200608,
      9.305662,
      9.410975,
      9.515978,
      9.621212,
      9.72687,
      9.83299,
      9.938636,
      10.044395,
      10.150257,
      10.255808,
      10.361401,
      10.467367,
      10.573573,
      10.679079,
      10.785132,
      10.891153,
      10.996344,
      11.10242,
      11.208444,
      11.314545,
      11.420201,
      11.525836,
      11.631243,
      11.736465,
      11.841998,
      11.947628,
      12.053098,
      12.158288,
      12.263586,
      12.369203,
      12.47415,
      12.579212,
      12.684157,
      12.789576,
      12.894895,
      13.000462,
      13.106408,
      13.21182,
      13.317217,
      13.422262,
      13.527678,
      13.63347,
      13.738442,
      13.843895,
      13.949472,
      14.054787,
      14.160216,
      14.266273,
      14.372302,
      14.478508,
      14.584317,
      14.689744,
      14.795898,
      14.901483,
      15.007435,
      15.113669,
      15.219176,
      15.324962,
      15.430682,
      15.536258,
      15.641839,
      15.747467,
      15.853505,
      15.959347,
      16.065461,
      16.17157,
      16.277472,
      16.382587,
      16.487719,
      16.593222,
      16.698725,
      16.804016,
      16.909688,
      17.015118,
      17.120167,
      17.225214,
      17.329945,
      17.43512,
      17.540646,
      17.646096,
      17.751444,
      17.858573,
      17.964238,
      18.06978,
      18.175438,
      18.280885,
      18.386166,
      18.491716,
      18.597296,
      18.70241,
      18.807908,
      18.914097,
      19.019652,
      19.125693,
      19.231183,
      19.337635,
      19.442824,
      19.548059,
      19.709227,
      19.814782,
      19.920631,
      20.025442,
      20.130306,
      20.235587,
      20.341418,
      20.446549,
      20.551747,
      20.657499,
      20.758289
    ],
    "expected_tool_daemon_topology_max_sample_gap_seconds": 0.161168,
    "expected_tool_daemon_grace_elapsed_seconds": 20.758313,
    "expected_tool_daemon_hashes_verified": true,
    "expected_tool_daemon_sha256_by_role": {
      "cs_server": "9bf0e15ffe162a96679c14b8117cf8ebe8a47b8032bee4ab8cb0317c112df536",
      "rdi_xsdb": "3193d8c4e7115e82e5b4ea6c2eb1aa8a7566bd5a9f9c78e9d901b9eab9d4ebfc",
      "cmd": "65ec268add3973b6dca64222985da47caeaee44a340b0ec1466782914fd743d9",
      "conhost": "32e45de7f02912f3907083690043df4abdc4705eea28300719788eaa4a339d0b"
    },
    "expected_tool_daemon_hash_error": "",
    "expected_tool_daemon_prelaunch_hashes_verified": true,
    "expected_tool_daemon_prelaunch_sha256_by_role": {
      "cs_server": "9bf0e15ffe162a96679c14b8117cf8ebe8a47b8032bee4ab8cb0317c112df536",
      "rdi_xsdb": "3193d8c4e7115e82e5b4ea6c2eb1aa8a7566bd5a9f9c78e9d901b9eab9d4ebfc",
      "cmd": "65ec268add3973b6dca64222985da47caeaee44a340b0ec1466782914fd743d9",
      "conhost": "32e45de7f02912f3907083690043df4abdc4705eea28300719788eaa4a339d0b"
    },
    "expected_tool_daemon_prelaunch_hash_error": "",
    "expected_tool_daemon_postexit_hashes_verified": true,
    "expected_tool_daemon_postexit_sha256_by_role": {
      "cs_server": "9bf0e15ffe162a96679c14b8117cf8ebe8a47b8032bee4ab8cb0317c112df536",
      "rdi_xsdb": "3193d8c4e7115e82e5b4ea6c2eb1aa8a7566bd5a9f9c78e9d901b9eab9d4ebfc",
      "cmd": "65ec268add3973b6dca64222985da47caeaee44a340b0ec1466782914fd743d9",
      "conhost": "32e45de7f02912f3907083690043df4abdc4705eea28300719788eaa4a339d0b"
    },
    "expected_tool_daemon_postexit_hash_error": "",
    "expected_tool_daemon_topology_error": "",
    "expected_tool_daemon_topology_terminal_empty": true,
    "process_identity_query_retry_count": 1,
    "process_exit_race_recheck_count": 1,
    "process_identity_query_transient_errors": [],
    "containment_cleanup_attempted": false,
    "containment_cleanup_terminated": false,
    "process_exit_race_rechecked": true,
    "process_identity_query_retried": true,
    "containment_query_error": "",
    "launch_error": ""
  },
  "preflight_result_file": "D:\\CodexWorktrees\\stage66prep_ed417a3\\RF_COMM_MULTILANE\\evidence\\hardware\\p7\\authorized_sequence\\p7_20260716_stationary_app_r67_diag_stage66_c04\\002_p7_p6_frame_regression_m1\\p7_preflight_result.txt",
  "preflight_failures": [],
  "target_identity": {
    "P7_HW_PREFLIGHT_AUTHORIZED": "1",
    "P7_HW_PREFLIGHT_READ_ONLY": "1",
    "P7_HW_PREFLIGHT_BOARD_ID": "210512180081",
    "P7_HW_PREFLIGHT_TARGET": "localhost:3121/xilinx_tcf/Digilent/210512180081",
    "P7_HW_PREFLIGHT_DEVICE": "xc7z010_1",
    "P7_HW_PREFLIGHT_PART": "xc7z010clg400-1",
    "P7_HW_PREFLIGHT_IDCODE": "00010011011100100010000010010011",
    "P7_HW_PREFLIGHT_CANONICAL_PART": "xc7z010clg400-1",
    "P7_HW_PREFLIGHT_LIVE_PART": "xc7z010",
    "P7_HW_PREFLIGHT_LIVE_DEVICE": "xc7z010_1",
    "P7_HW_PREFLIGHT_LIVE_IDCODE": "00010011011100100010000010010011",
    "P7_HW_PREFLIGHT_RESULT": "PASS"
  },
  "shutdown_before": {
    "name": "shutdown_before",
    "returncode": 0,
    "stdout_path": "D:\\CodexWorktrees\\stage66prep_ed417a3\\RF_COMM_MULTILANE\\evidence\\hardware\\p7\\authorized_sequence\\p7_20260716_stationary_app_r67_diag_stage66_c04\\002_p7_p6_frame_regression_m1\\p7_shutdown_before.stdout.log",
    "stderr_path": "D:\\CodexWorktrees\\stage66prep_ed417a3\\RF_COMM_MULTILANE\\evidence\\hardware\\p7\\authorized_sequence\\p7_20260716_stationary_app_r67_diag_stage66_c04\\002_p7_p6_frame_regression_m1\\p7_shutdown_before.stderr.log",
    "elapsed_seconds": 48.37955,
    "argv": [
      "D:\\Xilinx\\Vivado\\2023.1\\bin\\vivado.bat",
      "-mode",
      "batch",
      "-source",
      "D:\\CodexWorktrees\\stage66prep_ed417a3\\RF_COMM_MULTILANE\\scripts\\hw\\p7_jtag_axi_transactions.tcl",
      "-tclargs",
      "D:\\CodexWorktrees\\stage66prep_ed417a3\\RF_COMM_MULTILANE",
      "SHUTDOWN",
      "D:\\CodexWorktrees\\stage66prep_ed417a3\\RF_COMM_MULTILANE\\.hardware_authorization\\p7_20260716_stationary_app_r67_diag_stage66_c04_002_p7_p6_frame_regression_m1.txt",
      "210512180081",
      "xc7z010clg400-1",
      "localhost:3121/xilinx_tcf/Digilent/210512180081",
      "localhost:3121",
      "1000000",
      "D:\\CodexWorktrees\\stage66prep_ed417a3\\RF_COMM_MULTILANE\\shutdown_bitstream\\tfdu_shutdown_j10_j11.bit",
      "-",
      "-",
      "D:\\CodexWorktrees\\stage66prep_ed417a3\\RF_COMM_MULTILANE\\evidence\\hardware\\p7\\authorized_sequence\\p7_20260716_stationary_app_r67_diag_stage66_c04\\002_p7_p6_frame_regression_m1\\p7_shutdown_before_result.txt",
      "0x43c00000",
      "1100000",
      "134217728",
      "550",
      "D:\\CodexWorktrees\\stage66prep_ed417a3\\RF_COMM_MULTILANE\\shutdown_bitstream\\tfdu_shutdown_j10_j11.bit"
    ],
    "started_at_utc": "2026-07-16T11:59:23.470133+00:00",
    "ended_at_utc": "2026-07-16T12:00:11.849690+00:00",
    "timed_out": false,
    "abort_seen": false,
    "interrupted": false,
    "process_tree_terminated": false,
    "process_tree_reaped": true,
    "containment_kind": "WINDOWS_JOB_OBJECT_KILL_ON_CLOSE",
    "containment_assigned": true,
    "containment_closed": true,
    "descendant_count_after": 0,
    "expected_tool_daemon_grace_used": true,
    "expected_tool_daemon_grace_seconds": 30.0,
    "expected_tool_daemon_paths": [
      "D:\\Xilinx\\Vivado\\2023.1\\bin\\unwrapped\\win64.o\\cs_server.exe",
      "D:\\Xilinx\\Vivado\\2023.1\\bin\\unwrapped\\win64.o\\rdi_xsdb.exe",
      "C:\\Windows\\System32\\cmd.exe",
      "C:\\Windows\\System32\\conhost.exe"
    ],
    "descendant_paths_seen": [
      "C:\\Windows\\System32\\cmd.exe",
      "D:\\Xilinx\\Vivado\\2023.1\\bin\\unwrapped\\win64.o\\cs_server.exe",
      "D:\\Xilinx\\Vivado\\2023.1\\bin\\unwrapped\\win64.o\\cs_server.exe",
      "C:\\Windows\\System32\\conhost.exe",
      "C:\\Windows\\System32\\conhost.exe",
      "D:\\Xilinx\\Vivado\\2023.1\\bin\\unwrapped\\win64.o\\rdi_xsdb.exe"
    ],
    "descendant_processes_seen": [
      {
        "pid": 2548,
        "parent_pid": 3136,
        "parent_active_globally": false,
        "image_path": "C:\\Windows\\System32\\cmd.exe",
        "creation_time_100ns": 134286767725112068
      },
      {
        "pid": 2996,
        "parent_pid": 572,
        "parent_active_globally": false,
        "image_path": "D:\\Xilinx\\Vivado\\2023.1\\bin\\unwrapped\\win64.o\\cs_server.exe",
        "creation_time_100ns": 134286767720174814
      },
      {
        "pid": 9348,
        "parent_pid": 2996,
        "parent_active_globally": true,
        "image_path": "D:\\Xilinx\\Vivado\\2023.1\\bin\\unwrapped\\win64.o\\cs_server.exe",
        "creation_time_100ns": 134286767721094637
      },
      {
        "pid": 18572,
        "parent_pid": 2548,
        "parent_active_globally": true,
        "image_path": "C:\\Windows\\System32\\conhost.exe",
        "creation_time_100ns": 134286767725166844
      },
      {
        "pid": 19872,
        "parent_pid": 14780,
        "parent_active_globally": false,
        "image_path": "C:\\Windows\\System32\\conhost.exe",
        "creation_time_100ns": 134286767713288534
      },
      {
        "pid": 23592,
        "parent_pid": 2548,
        "parent_active_globally": true,
        "image_path": "D:\\Xilinx\\Vivado\\2023.1\\bin\\unwrapped\\win64.o\\rdi_xsdb.exe",
        "creation_time_100ns": 134286767728429285
      }
    ],
    "expected_tool_daemon_classification": "EXACT_R2_VIVADO_EXIT_HELPER_FOREST",
    "expected_tool_daemon_topology_snapshots": [
      {
        "classification": "EXACT_R2_VIVADO_EXIT_HELPER_FOREST",
        "elapsed_seconds": 0.004334,
        "processes": [
          {
            "pid": 2548,
            "parent_pid": 3136,
            "parent_active_globally": false,
            "image_path": "C:\\Windows\\System32\\cmd.exe",
            "creation_time_100ns": 134286767725112068
          },
          {
            "pid": 2996,
            "parent_pid": 572,
            "parent_active_globally": false,
            "image_path": "D:\\Xilinx\\Vivado\\2023.1\\bin\\unwrapped\\win64.o\\cs_server.exe",
            "creation_time_100ns": 134286767720174814
          },
          {
            "pid": 9348,
            "parent_pid": 2996,
            "parent_active_globally": true,
            "image_path": "D:\\Xilinx\\Vivado\\2023.1\\bin\\unwrapped\\win64.o\\cs_server.exe",
            "creation_time_100ns": 134286767721094637
          },
          {
            "pid": 18572,
            "parent_pid": 2548,
            "parent_active_globally": true,
            "image_path": "C:\\Windows\\System32\\conhost.exe",
            "creation_time_100ns": 134286767725166844
          },
          {
            "pid": 19872,
            "parent_pid": 14780,
            "parent_active_globally": false,
            "image_path": "C:\\Windows\\System32\\conhost.exe",
            "creation_time_100ns": 134286767713288534
          },
          {
            "pid": 23592,
            "parent_pid": 2548,
            "parent_active_globally": true,
            "image_path": "D:\\Xilinx\\Vivado\\2023.1\\bin\\unwrapped\\win64.o\\rdi_xsdb.exe",
            "creation_time_100ns": 134286767728429285
          }
        ]
      },
      {
        "classification": "STRICT_SHRINK_SUBSET_OF_EXACT_R2_VIVADO_EXIT_HELPER_FOREST",
        "elapsed_seconds": 19.506052,
        "processes": [
          {
            "pid": 2996,
            "parent_pid": 572,
            "parent_active_globally": false,
            "image_path": "D:\\Xilinx\\Vivado\\2023.1\\bin\\unwrapped\\win64.o\\cs_server.exe",
            "creation_time_100ns": 134286767720174814
          },
          {
            "pid": 9348,
            "parent_pid": 2996,
            "parent_active_globally": true,
            "image_path": "D:\\Xilinx\\Vivado\\2023.1\\bin\\unwrapped\\win64.o\\cs_server.exe",
            "creation_time_100ns": 134286767721094637
          },
          {
            "pid": 19872,
            "parent_pid": 14780,
            "parent_active_globally": false,
            "image_path": "C:\\Windows\\System32\\conhost.exe",
            "creation_time_100ns": 134286767713288534
          }
        ]
      },
      {
        "classification": "EMPTY",
        "elapsed_seconds": 20.659376,
        "processes": []
      }
    ],
    "expected_tool_daemon_topology_revalidation_count": 196,
    "expected_tool_daemon_topology_monotonic": true,
    "expected_tool_daemon_topology_sample_elapsed_seconds": [
      4.7e-05,
      0.004334,
      0.110378,
      0.21538,
      0.320611,
      0.426835,
      0.532599,
      0.638182,
      0.743622,
      0.849222,
      0.953996,
      1.060649,
      1.166117,
      1.271735,
      1.376705,
      1.481827,
      1.586719,
      1.691616,
      1.796572,
      1.901639,
      2.00664,
      2.112191,
      2.217087,
      2.322245,
      2.427752,
      2.532989,
      2.638197,
      2.743591,
      2.84883,
      2.953708,
      3.059625,
      3.165355,
      3.270534,
      3.37567,
      3.481051,
      3.586347,
      3.691392,
      3.796573,
      3.90155,
      4.006904,
      4.11222,
      4.217437,
      4.322746,
      4.428399,
      4.533769,
      4.639379,
      4.744609,
      4.849446,
      4.954303,
      5.059808,
      5.165095,
      5.270834,
      5.37679,
      5.48318,
      5.588597,
      5.693744,
      5.79912,
      5.904654,
      6.010237,
      6.115753,
      6.220632,
      6.325746,
      6.430947,
      6.535909,
      6.641419,
      6.746542,
      6.851673,
      6.957055,
      7.062691,
      7.168015,
      7.273439,
      7.378688,
      7.483904,
      7.588962,
      7.694181,
      7.799045,
      7.903864,
      8.008918,
      8.114554,
      8.219739,
      8.324724,
      8.429883,
      8.536269,
      8.641466,
      8.746573,
      8.852129,
      8.958063,
      9.063529,
      9.169364,
      9.274542,
      9.380717,
      9.485979,
      9.591275,
      9.6966,
      9.801762,
      9.90727,
      10.012385,
      10.118121,
      10.22326,
      10.328663,
      10.4346,
      10.539806,
      10.645238,
      10.75057,
      10.855976,
      10.960933,
      11.066772,
      11.17231,
      11.278046,
      11.383974,
      11.489521,
      11.595355,
      11.700317,
      11.805696,
      11.910599,
      12.016018,
      12.121894,
      12.227473,
      12.332753,
      12.438535,
      12.543952,
      12.649547,
      12.754414,
      12.85933,
      12.964554,
      13.069884,
      13.175351,
      13.280533,
      13.386235,
      13.491275,
      13.596344,
      13.702166,
      13.807468,
      13.91326,
      14.018367,
      14.125009,
      14.230762,
      14.336376,
      14.442445,
      14.548343,
      14.653936,
      14.75903,
      14.864557,
      14.970098,
      15.075583,
      15.181688,
      15.286895,
      15.392853,
      15.498745,
      15.604058,
      15.70943,
      15.814645,
      15.920382,
      16.025996,
      16.131377,
      16.236654,
      16.341966,
      16.447635,
      16.552938,
      16.65884,
      16.764041,
      16.868902,
      16.973885,
      17.079401,
      17.184855,
      17.289665,
      17.395295,
      17.501184,
      17.606498,
      17.71221,
      17.817037,
      17.922408,
      18.027826,
      18.134391,
      18.239865,
      18.345363,
      18.450841,
      18.55666,
      18.662121,
      18.767364,
      18.872588,
      18.977837,
      19.082787,
      19.187799,
      19.293568,
      19.399801,
      19.506052,
      19.612143,
      19.717461,
      19.822103,
      19.92691,
      20.032001,
      20.137222,
      20.242068,
      20.347093,
      20.452235,
      20.55822,
      20.659376
    ],
    "expected_tool_daemon_topology_max_sample_gap_seconds": 0.106653,
    "expected_tool_daemon_grace_elapsed_seconds": 20.659394,
    "expected_tool_daemon_hashes_verified": true,
    "expected_tool_daemon_sha256_by_role": {
      "cs_server": "9bf0e15ffe162a96679c14b8117cf8ebe8a47b8032bee4ab8cb0317c112df536",
      "rdi_xsdb": "3193d8c4e7115e82e5b4ea6c2eb1aa8a7566bd5a9f9c78e9d901b9eab9d4ebfc",
      "cmd": "65ec268add3973b6dca64222985da47caeaee44a340b0ec1466782914fd743d9",
      "conhost": "32e45de7f02912f3907083690043df4abdc4705eea28300719788eaa4a339d0b"
    },
    "expected_tool_daemon_hash_error": "",
    "expected_tool_daemon_prelaunch_hashes_verified": true,
    "expected_tool_daemon_prelaunch_sha256_by_role": {
      "cs_server": "9bf0e15ffe162a96679c14b8117cf8ebe8a47b8032bee4ab8cb0317c112df536",
      "rdi_xsdb": "3193d8c4e7115e82e5b4ea6c2eb1aa8a7566bd5a9f9c78e9d901b9eab9d4ebfc",
      "cmd": "65ec268add3973b6dca64222985da47caeaee44a340b0ec1466782914fd743d9",
      "conhost": "32e45de7f02912f3907083690043df4abdc4705eea28300719788eaa4a339d0b"
    },
    "expected_tool_daemon_prelaunch_hash_error": "",
    "expected_tool_daemon_postexit_hashes_verified": true,
    "expected_tool_daemon_postexit_sha256_by_role": {
      "cs_server": "9bf0e15ffe162a96679c14b8117cf8ebe8a47b8032bee4ab8cb0317c112df536",
      "rdi_xsdb": "3193d8c4e7115e82e5b4ea6c2eb1aa8a7566bd5a9f9c78e9d901b9eab9d4ebfc",
      "cmd": "65ec268add3973b6dca64222985da47caeaee44a340b0ec1466782914fd743d9",
      "conhost": "32e45de7f02912f3907083690043df4abdc4705eea28300719788eaa4a339d0b"
    },
    "expected_tool_daemon_postexit_hash_error": "",
    "expected_tool_daemon_topology_error": "",
    "expected_tool_daemon_topology_terminal_empty": true,
    "process_identity_query_retry_count": 0,
    "process_exit_race_recheck_count": 0,
    "process_identity_query_transient_errors": [],
    "containment_cleanup_attempted": false,
    "containment_cleanup_terminated": false,
    "process_exit_race_rechecked": false,
    "process_identity_query_retried": false,
    "containment_query_error": "",
    "launch_error": "",
    "attempted": true,
    "programming_attempted": true,
    "result_file": "D:\\CodexWorktrees\\stage66prep_ed417a3\\RF_COMM_MULTILANE\\evidence\\hardware\\p7\\authorized_sequence\\p7_20260716_stationary_app_r67_diag_stage66_c04\\002_p7_p6_frame_regression_m1\\p7_shutdown_before_result.txt",
    "passed": true,
    "failures": []
  },
  "shutdown_after": {
    "name": "shutdown_after",
    "returncode": 0,
    "stdout_path": "D:\\CodexWorktrees\\stage66prep_ed417a3\\RF_COMM_MULTILANE\\evidence\\hardware\\p7\\authorized_sequence\\p7_20260716_stationary_app_r67_diag_stage66_c04\\002_p7_p6_frame_regression_m1\\p7_shutdown_after.stdout.log",
    "stderr_path": "D:\\CodexWorktrees\\stage66prep_ed417a3\\RF_COMM_MULTILANE\\evidence\\hardware\\p7\\authorized_sequence\\p7_20260716_stationary_app_r67_diag_stage66_c04\\002_p7_p6_frame_regression_m1\\p7_shutdown_after.stderr.log",
    "elapsed_seconds": 48.304671,
    "argv": [
      "D:\\Xilinx\\Vivado\\2023.1\\bin\\vivado.bat",
      "-mode",
      "batch",
      "-source",
      "D:\\CodexWorktrees\\stage66prep_ed417a3\\RF_COMM_MULTILANE\\scripts\\hw\\p7_jtag_axi_transactions.tcl",
      "-tclargs",
      "D:\\CodexWorktrees\\stage66prep_ed417a3\\RF_COMM_MULTILANE",
      "SHUTDOWN",
      "D:\\CodexWorktrees\\stage66prep_ed417a3\\RF_COMM_MULTILANE\\.hardware_authorization\\p7_20260716_stationary_app_r67_diag_stage66_c04_002_p7_p6_frame_regression_m1.txt",
      "210512180081",
      "xc7z010clg400-1",
      "localhost:3121/xilinx_tcf/Digilent/210512180081",
      "localhost:3121",
      "1000000",
      "D:\\CodexWorktrees\\stage66prep_ed417a3\\RF_COMM_MULTILANE\\shutdown_bitstream\\tfdu_shutdown_j10_j11.bit",
      "-",
      "-",
      "D:\\CodexWorktrees\\stage66prep_ed417a3\\RF_COMM_MULTILANE\\evidence\\hardware\\p7\\authorized_sequence\\p7_20260716_stationary_app_r67_diag_stage66_c04\\002_p7_p6_frame_regression_m1\\p7_shutdown_after_result.txt",
      "0x43c00000",
      "1100000",
      "134217728",
      "550",
      "D:\\CodexWorktrees\\stage66prep_ed417a3\\RF_COMM_MULTILANE\\shutdown_bitstream\\tfdu_shutdown_j10_j11.bit"
    ],
    "started_at_utc": "2026-07-16T12:01:03.214238+00:00",
    "ended_at_utc": "2026-07-16T12:01:51.518913+00:00",
    "timed_out": false,
    "abort_seen": false,
    "interrupted": false,
    "process_tree_terminated": false,
    "process_tree_reaped": true,
    "containment_kind": "WINDOWS_JOB_OBJECT_KILL_ON_CLOSE",
    "containment_assigned": true,
    "containment_closed": true,
    "descendant_count_after": 0,
    "expected_tool_daemon_grace_used": true,
    "expected_tool_daemon_grace_seconds": 30.0,
    "expected_tool_daemon_paths": [
      "D:\\Xilinx\\Vivado\\2023.1\\bin\\unwrapped\\win64.o\\cs_server.exe",
      "D:\\Xilinx\\Vivado\\2023.1\\bin\\unwrapped\\win64.o\\rdi_xsdb.exe",
      "C:\\Windows\\System32\\cmd.exe",
      "C:\\Windows\\System32\\conhost.exe"
    ],
    "descendant_paths_seen": [
      "D:\\Xilinx\\Vivado\\2023.1\\bin\\unwrapped\\win64.o\\cs_server.exe",
      "D:\\Xilinx\\Vivado\\2023.1\\bin\\unwrapped\\win64.o\\cs_server.exe",
      "D:\\Xilinx\\Vivado\\2023.1\\bin\\unwrapped\\win64.o\\rdi_xsdb.exe",
      "C:\\Windows\\System32\\cmd.exe",
      "C:\\Windows\\System32\\conhost.exe",
      "C:\\Windows\\System32\\conhost.exe"
    ],
    "descendant_processes_seen": [
      {
        "pid": 2232,
        "parent_pid": 8844,
        "parent_active_globally": true,
        "image_path": "D:\\Xilinx\\Vivado\\2023.1\\bin\\unwrapped\\win64.o\\cs_server.exe",
        "creation_time_100ns": 134286768718085991
      },
      {
        "pid": 8844,
        "parent_pid": 20836,
        "parent_active_globally": false,
        "image_path": "D:\\Xilinx\\Vivado\\2023.1\\bin\\unwrapped\\win64.o\\cs_server.exe",
        "creation_time_100ns": 134286768717121749
      },
      {
        "pid": 9732,
        "parent_pid": 11240,
        "parent_active_globally": true,
        "image_path": "D:\\Xilinx\\Vivado\\2023.1\\bin\\unwrapped\\win64.o\\rdi_xsdb.exe",
        "creation_time_100ns": 134286768725474187
      },
      {
        "pid": 11240,
        "parent_pid": 4000,
        "parent_active_globally": false,
        "image_path": "C:\\Windows\\System32\\cmd.exe",
        "creation_time_100ns": 134286768722211699
      },
      {
        "pid": 12984,
        "parent_pid": 19432,
        "parent_active_globally": false,
        "image_path": "C:\\Windows\\System32\\conhost.exe",
        "creation_time_100ns": 134286768710199959
      },
      {
        "pid": 13656,
        "parent_pid": 11240,
        "parent_active_globally": true,
        "image_path": "C:\\Windows\\System32\\conhost.exe",
        "creation_time_100ns": 134286768722266098
      }
    ],
    "expected_tool_daemon_classification": "EXACT_R2_VIVADO_EXIT_HELPER_FOREST",
    "expected_tool_daemon_topology_snapshots": [
      {
        "classification": "EXACT_R2_VIVADO_EXIT_HELPER_FOREST",
        "elapsed_seconds": 0.004264,
        "processes": [
          {
            "pid": 2232,
            "parent_pid": 8844,
            "parent_active_globally": true,
            "image_path": "D:\\Xilinx\\Vivado\\2023.1\\bin\\unwrapped\\win64.o\\cs_server.exe",
            "creation_time_100ns": 134286768718085991
          },
          {
            "pid": 8844,
            "parent_pid": 20836,
            "parent_active_globally": false,
            "image_path": "D:\\Xilinx\\Vivado\\2023.1\\bin\\unwrapped\\win64.o\\cs_server.exe",
            "creation_time_100ns": 134286768717121749
          },
          {
            "pid": 9732,
            "parent_pid": 11240,
            "parent_active_globally": true,
            "image_path": "D:\\Xilinx\\Vivado\\2023.1\\bin\\unwrapped\\win64.o\\rdi_xsdb.exe",
            "creation_time_100ns": 134286768725474187
          },
          {
            "pid": 11240,
            "parent_pid": 4000,
            "parent_active_globally": false,
            "image_path": "C:\\Windows\\System32\\cmd.exe",
            "creation_time_100ns": 134286768722211699
          },
          {
            "pid": 12984,
            "parent_pid": 19432,
            "parent_active_globally": false,
            "image_path": "C:\\Windows\\System32\\conhost.exe",
            "creation_time_100ns": 134286768710199959
          },
          {
            "pid": 13656,
            "parent_pid": 11240,
            "parent_active_globally": true,
            "image_path": "C:\\Windows\\System32\\conhost.exe",
            "creation_time_100ns": 134286768722266098
          }
        ]
      },
      {
        "classification": "STRICT_SHRINK_SUBSET_OF_EXACT_R2_VIVADO_EXIT_HELPER_FOREST",
        "elapsed_seconds": 19.533485,
        "processes": [
          {
            "pid": 2232,
            "parent_pid": 8844,
            "parent_active_globally": true,
            "image_path": "D:\\Xilinx\\Vivado\\2023.1\\bin\\unwrapped\\win64.o\\cs_server.exe",
            "creation_time_100ns": 134286768718085991
          },
          {
            "pid": 8844,
            "parent_pid": 20836,
            "parent_active_globally": false,
            "image_path": "D:\\Xilinx\\Vivado\\2023.1\\bin\\unwrapped\\win64.o\\cs_server.exe",
            "creation_time_100ns": 134286768717121749
          },
          {
            "pid": 12984,
            "parent_pid": 19432,
            "parent_active_globally": false,
            "image_path": "C:\\Windows\\System32\\conhost.exe",
            "creation_time_100ns": 134286768710199959
          }
        ]
      },
      {
        "classification": "EMPTY",
        "elapsed_seconds": 20.686786,
        "processes": []
      }
    ],
    "expected_tool_daemon_topology_revalidation_count": 196,
    "expected_tool_daemon_topology_monotonic": true,
    "expected_tool_daemon_topology_sample_elapsed_seconds": [
      3.5e-05,
      0.004264,
      0.110185,
      0.215775,
      0.321654,
      0.427511,
      0.533189,
      0.639314,
      0.745387,
      0.851283,
      0.95698,
      1.063152,
      1.168736,
      1.274323,
      1.380667,
      1.48672,
      1.592604,
      1.698091,
      1.803691,
      1.909283,
      2.01461,
      2.120311,
      2.225938,
      2.331139,
      2.436728,
      2.542349,
      2.647577,
      2.75354,
      2.858797,
      2.964859,
      3.07026,
      3.175272,
      3.280458,
      3.385471,
      3.490893,
      3.597056,
      3.702782,
      3.80828,
      3.913532,
      4.018838,
      4.123808,
      4.229296,
      4.335109,
      4.440665,
      4.546891,
      4.652702,
      4.758726,
      4.864781,
      4.970752,
      5.076254,
      5.182112,
      5.287497,
      5.392698,
      5.498628,
      5.604706,
      5.710276,
      5.816001,
      5.921296,
      6.027068,
      6.133057,
      6.238148,
      6.34315,
      6.448841,
      6.553743,
      6.659309,
      6.76562,
      6.87171,
      6.977743,
      7.082877,
      7.18874,
      7.294128,
      7.399331,
      7.504554,
      7.609685,
      7.715465,
      7.820633,
      7.92615,
      8.031503,
      8.137174,
      8.242829,
      8.349063,
      8.454745,
      8.561255,
      8.667118,
      8.772642,
      8.878823,
      8.984413,
      9.090453,
      9.195902,
      9.301692,
      9.407718,
      9.51385,
      9.619658,
      9.72591,
      9.831867,
      9.937736,
      10.043881,
      10.149855,
      10.255703,
      10.361379,
      10.46713,
      10.572418,
      10.677558,
      10.782781,
      10.88768,
      10.993307,
      11.098603,
      11.203771,
      11.309458,
      11.415193,
      11.520477,
      11.625743,
      11.731361,
      11.837795,
      11.943155,
      12.048922,
      12.154009,
      12.259157,
      12.364458,
      12.47053,
      12.575812,
      12.681466,
      12.786722,
      12.891568,
      12.996682,
      13.101981,
      13.207968,
      13.313256,
      13.419233,
      13.524686,
      13.629875,
      13.73591,
      13.841627,
      13.947833,
      14.053101,
      14.158068,
      14.264037,
      14.369582,
      14.474939,
      14.579735,
      14.684543,
      14.78972,
      14.894998,
      15.000445,
      15.105497,
      15.210606,
      15.315832,
      15.420867,
      15.525813,
      15.63072,
      15.736285,
      15.843209,
      15.948869,
      16.05567,
      16.161101,
      16.265892,
      16.371255,
      16.476485,
      16.581424,
      16.686356,
      16.791992,
      16.897066,
      17.00266,
      17.108001,
      17.212757,
      17.318222,
      17.423521,
      17.528337,
      17.633513,
      17.738619,
      17.84495,
      17.95083,
      18.055814,
      18.160969,
      18.266408,
      18.37218,
      18.477842,
      18.58332,
      18.688442,
      18.794062,
      18.899453,
      19.005552,
      19.110448,
      19.216648,
      19.322367,
      19.428035,
      19.533485,
      19.638955,
      19.744449,
      19.849481,
      19.954143,
      20.059683,
      20.165134,
      20.27002,
      20.375781,
      20.480594,
      20.585423,
      20.686786
    ],
    "expected_tool_daemon_topology_max_sample_gap_seconds": 0.106924,
    "expected_tool_daemon_grace_elapsed_seconds": 20.686802,
    "expected_tool_daemon_hashes_verified": true,
    "expected_tool_daemon_sha256_by_role": {
      "cs_server": "9bf0e15ffe162a96679c14b8117cf8ebe8a47b8032bee4ab8cb0317c112df536",
      "rdi_xsdb": "3193d8c4e7115e82e5b4ea6c2eb1aa8a7566bd5a9f9c78e9d901b9eab9d4ebfc",
      "cmd": "65ec268add3973b6dca64222985da47caeaee44a340b0ec1466782914fd743d9",
      "conhost": "32e45de7f02912f3907083690043df4abdc4705eea28300719788eaa4a339d0b"
    },
    "expected_tool_daemon_hash_error": "",
    "expected_tool_daemon_prelaunch_hashes_verified": true,
    "expected_tool_daemon_prelaunch_sha256_by_role": {
      "cs_server": "9bf0e15ffe162a96679c14b8117cf8ebe8a47b8032bee4ab8cb0317c112df536",
      "rdi_xsdb": "3193d8c4e7115e82e5b4ea6c2eb1aa8a7566bd5a9f9c78e9d901b9eab9d4ebfc",
      "cmd": "65ec268add3973b6dca64222985da47caeaee44a340b0ec1466782914fd743d9",
      "conhost": "32e45de7f02912f3907083690043df4abdc4705eea28300719788eaa4a339d0b"
    },
    "expected_tool_daemon_prelaunch_hash_error": "",
    "expected_tool_daemon_postexit_hashes_verified": true,
    "expected_tool_daemon_postexit_sha256_by_role": {
      "cs_server": "9bf0e15ffe162a96679c14b8117cf8ebe8a47b8032bee4ab8cb0317c112df536",
      "rdi_xsdb": "3193d8c4e7115e82e5b4ea6c2eb1aa8a7566bd5a9f9c78e9d901b9eab9d4ebfc",
      "cmd": "65ec268add3973b6dca64222985da47caeaee44a340b0ec1466782914fd743d9",
      "conhost": "32e45de7f02912f3907083690043df4abdc4705eea28300719788eaa4a339d0b"
    },
    "expected_tool_daemon_postexit_hash_error": "",
    "expected_tool_daemon_topology_error": "",
    "expected_tool_daemon_topology_terminal_empty": true,
    "process_identity_query_retry_count": 0,
    "process_exit_race_recheck_count": 0,
    "process_identity_query_transient_errors": [],
    "containment_cleanup_attempted": false,
    "containment_cleanup_terminated": false,
    "process_exit_race_rechecked": false,
    "process_identity_query_retried": false,
    "containment_query_error": "",
    "launch_error": "",
    "passed": true,
    "failures": [],
    "attempted": true,
    "programming_attempted": true,
    "result_file": "D:\\CodexWorktrees\\stage66prep_ed417a3\\RF_COMM_MULTILANE\\evidence\\hardware\\p7\\authorized_sequence\\p7_20260716_stationary_app_r67_diag_stage66_c04\\002_p7_p6_frame_regression_m1\\p7_shutdown_after_result.txt"
  },
  "tfdu_activity_semantics": "conservative_true_once_transmitting_candidate_command_is_launched",
  "stage_process": {
    "name": "jtag_axi_stage",
    "returncode": 0,
    "stdout_path": "D:\\CodexWorktrees\\stage66prep_ed417a3\\RF_COMM_MULTILANE\\evidence\\hardware\\p7\\authorized_sequence\\p7_20260716_stationary_app_r67_diag_stage66_c04\\002_p7_p6_frame_regression_m1\\p7_jtag_axi_stage.stdout.log",
    "stderr_path": "D:\\CodexWorktrees\\stage66prep_ed417a3\\RF_COMM_MULTILANE\\evidence\\hardware\\p7\\authorized_sequence\\p7_20260716_stationary_app_r67_diag_stage66_c04\\002_p7_p6_frame_regression_m1\\p7_jtag_axi_stage.stderr.log",
    "elapsed_seconds": 51.341726,
    "argv": [
      "D:\\Xilinx\\Vivado\\2023.1\\bin\\vivado.bat",
      "-mode",
      "batch",
      "-source",
      "D:\\CodexWorktrees\\stage66prep_ed417a3\\RF_COMM_MULTILANE\\scripts\\hw\\p7_jtag_axi_transactions.tcl",
      "-tclargs",
      "D:\\CodexWorktrees\\stage66prep_ed417a3\\RF_COMM_MULTILANE",
      "STAGE",
      "D:\\CodexWorktrees\\stage66prep_ed417a3\\RF_COMM_MULTILANE\\.hardware_authorization\\p7_20260716_stationary_app_r67_diag_stage66_c04_002_p7_p6_frame_regression_m1.txt",
      "210512180081",
      "xc7z010clg400-1",
      "localhost:3121/xilinx_tcf/Digilent/210512180081",
      "localhost:3121",
      "1000000",
      "D:\\CodexWorktrees\\stage66prep_ed417a3\\RF_COMM_MULTILANE\\evidence\\hardware\\p6\\bitstreams\\p6_jtag_dynamic_transport_798b0194029638fa27a254dd58db5d6fd28b65d91c5cf2c9e32c0f9076ee3c0f.bit",
      "D:\\CodexWorktrees\\stage66prep_ed417a3\\RF_COMM_MULTILANE\\evidence\\hardware\\p6\\bitstreams\\p6_jtag_dynamic_transport_76fe1ec47871946a7d357b0caa1f669500de827b796d6154dcc54678e0ac7083.ltx",
      "D:\\CodexWorktrees\\stage66prep_ed417a3\\RF_COMM_MULTILANE\\build\\p7_authorized_sequence\\p7_20260716_stationary_app_r67_diag_stage66_c04\\transactions\\002_p7_p6_frame_regression_m1.transactions.txt",
      "D:\\CodexWorktrees\\stage66prep_ed417a3\\RF_COMM_MULTILANE\\evidence\\hardware\\p7\\authorized_sequence\\p7_20260716_stationary_app_r67_diag_stage66_c04\\002_p7_p6_frame_regression_m1\\p7_jtag_axi_raw_result.txt",
      "0x43c00000",
      "1100000",
      "134217728",
      "550",
      "D:\\CodexWorktrees\\stage66prep_ed417a3\\RF_COMM_MULTILANE\\shutdown_bitstream\\tfdu_shutdown_j10_j11.bit"
    ],
    "started_at_utc": "2026-07-16T12:00:11.858222+00:00",
    "ended_at_utc": "2026-07-16T12:01:03.199954+00:00",
    "timed_out": false,
    "abort_seen": false,
    "interrupted": false,
    "process_tree_terminated": false,
    "process_tree_reaped": true,
    "containment_kind": "WINDOWS_JOB_OBJECT_KILL_ON_CLOSE",
    "containment_assigned": true,
    "containment_closed": true,
    "descendant_count_after": 0,
    "expected_tool_daemon_grace_used": true,
    "expected_tool_daemon_grace_seconds": 30.0,
    "expected_tool_daemon_paths": [
      "D:\\Xilinx\\Vivado\\2023.1\\bin\\unwrapped\\win64.o\\cs_server.exe",
      "D:\\Xilinx\\Vivado\\2023.1\\bin\\unwrapped\\win64.o\\rdi_xsdb.exe",
      "C:\\Windows\\System32\\cmd.exe",
      "C:\\Windows\\System32\\conhost.exe"
    ],
    "descendant_paths_seen": [
      "D:\\Xilinx\\Vivado\\2023.1\\bin\\unwrapped\\win64.o\\rdi_xsdb.exe",
      "C:\\Windows\\System32\\cmd.exe",
      "C:\\Windows\\System32\\conhost.exe",
      "C:\\Windows\\System32\\conhost.exe",
      "D:\\Xilinx\\Vivado\\2023.1\\bin\\unwrapped\\win64.o\\cs_server.exe",
      "D:\\Xilinx\\Vivado\\2023.1\\bin\\unwrapped\\win64.o\\cs_server.exe"
    ],
    "descendant_processes_seen": [
      {
        "pid": 6708,
        "parent_pid": 9464,
        "parent_active_globally": true,
        "image_path": "D:\\Xilinx\\Vivado\\2023.1\\bin\\unwrapped\\win64.o\\rdi_xsdb.exe",
        "creation_time_100ns": 134286768212302540
      },
      {
        "pid": 9464,
        "parent_pid": 16252,
        "parent_active_globally": false,
        "image_path": "C:\\Windows\\System32\\cmd.exe",
        "creation_time_100ns": 134286768208901857
      },
      {
        "pid": 16516,
        "parent_pid": 5332,
        "parent_active_globally": false,
        "image_path": "C:\\Windows\\System32\\conhost.exe",
        "creation_time_100ns": 134286768196924153
      },
      {
        "pid": 23240,
        "parent_pid": 9464,
        "parent_active_globally": true,
        "image_path": "C:\\Windows\\System32\\conhost.exe",
        "creation_time_100ns": 134286768208957571
      },
      {
        "pid": 23304,
        "parent_pid": 2748,
        "parent_active_globally": false,
        "image_path": "D:\\Xilinx\\Vivado\\2023.1\\bin\\unwrapped\\win64.o\\cs_server.exe",
        "creation_time_100ns": 134286768203916825
      },
      {
        "pid": 25120,
        "parent_pid": 23304,
        "parent_active_globally": true,
        "image_path": "D:\\Xilinx\\Vivado\\2023.1\\bin\\unwrapped\\win64.o\\cs_server.exe",
        "creation_time_100ns": 134286768204842384
      }
    ],
    "expected_tool_daemon_classification": "EXACT_R2_VIVADO_EXIT_HELPER_FOREST",
    "expected_tool_daemon_topology_snapshots": [
      {
        "classification": "EXACT_R2_VIVADO_EXIT_HELPER_FOREST",
        "elapsed_seconds": 0.004351,
        "processes": [
          {
            "pid": 6708,
            "parent_pid": 9464,
            "parent_active_globally": true,
            "image_path": "D:\\Xilinx\\Vivado\\2023.1\\bin\\unwrapped\\win64.o\\rdi_xsdb.exe",
            "creation_time_100ns": 134286768212302540
          },
          {
            "pid": 9464,
            "parent_pid": 16252,
            "parent_active_globally": false,
            "image_path": "C:\\Windows\\System32\\cmd.exe",
            "creation_time_100ns": 134286768208901857
          },
          {
            "pid": 16516,
            "parent_pid": 5332,
            "parent_active_globally": false,
            "image_path": "C:\\Windows\\System32\\conhost.exe",
            "creation_time_100ns": 134286768196924153
          },
          {
            "pid": 23240,
            "parent_pid": 9464,
            "parent_active_globally": true,
            "image_path": "C:\\Windows\\System32\\conhost.exe",
            "creation_time_100ns": 134286768208957571
          },
          {
            "pid": 23304,
            "parent_pid": 2748,
            "parent_active_globally": false,
            "image_path": "D:\\Xilinx\\Vivado\\2023.1\\bin\\unwrapped\\win64.o\\cs_server.exe",
            "creation_time_100ns": 134286768203916825
          },
          {
            "pid": 25120,
            "parent_pid": 23304,
            "parent_active_globally": true,
            "image_path": "D:\\Xilinx\\Vivado\\2023.1\\bin\\unwrapped\\win64.o\\cs_server.exe",
            "creation_time_100ns": 134286768204842384
          }
        ]
      },
      {
        "classification": "STRICT_SHRINK_SUBSET_OF_EXACT_R2_VIVADO_EXIT_HELPER_FOREST",
        "elapsed_seconds": 20.089607,
        "processes": [
          {
            "pid": 16516,
            "parent_pid": 5332,
            "parent_active_globally": false,
            "image_path": "C:\\Windows\\System32\\conhost.exe",
            "creation_time_100ns": 134286768196924153
          },
          {
            "pid": 23304,
            "parent_pid": 2748,
            "parent_active_globally": false,
            "image_path": "D:\\Xilinx\\Vivado\\2023.1\\bin\\unwrapped\\win64.o\\cs_server.exe",
            "creation_time_100ns": 134286768203916825
          },
          {
            "pid": 25120,
            "parent_pid": 23304,
            "parent_active_globally": true,
            "image_path": "D:\\Xilinx\\Vivado\\2023.1\\bin\\unwrapped\\win64.o\\cs_server.exe",
            "creation_time_100ns": 134286768204842384
          }
        ]
      },
      {
        "classification": "EMPTY",
        "elapsed_seconds": 20.192041,
        "processes": []
      }
    ],
    "expected_tool_daemon_topology_revalidation_count": 191,
    "expected_tool_daemon_topology_monotonic": true,
    "expected_tool_daemon_topology_sample_elapsed_seconds": [
      3.9e-05,
      0.004351,
      0.110253,
      0.215548,
      0.321512,
      0.426773,
      0.532065,
      0.637621,
      0.743284,
      0.849004,
      0.954452,
      1.060634,
      1.16548,
      1.270463,
      1.375686,
      1.481502,
      1.586995,
      1.692295,
      1.798001,
      1.903883,
      2.009546,
      2.115216,
      2.220631,
      2.3257,
      2.430762,
      2.535882,
      2.642223,
      2.74757,
      2.85309,
      2.958263,
      3.06388,
      3.169097,
      3.274892,
      3.380699,
      3.486267,
      3.592081,
      3.697837,
      3.803682,
      3.90868,
      4.013864,
      4.118796,
      4.223929,
      4.328767,
      4.433514,
      4.538563,
      4.644047,
      4.750134,
      4.855758,
      4.961127,
      5.066133,
      5.171091,
      5.276605,
      5.381586,
      5.486757,
      5.592221,
      5.697666,
      5.803609,
      5.908532,
      6.013899,
      6.118644,
      6.22347,
      6.328439,
      6.433511,
      6.538643,
      6.644043,
      6.749907,
      6.855004,
      6.960381,
      7.065457,
      7.171462,
      7.277021,
      7.382584,
      7.488088,
      7.593818,
      7.699101,
      7.805181,
      7.910438,
      8.016784,
      8.123261,
      8.22853,
      8.334489,
      8.439887,
      8.545453,
      8.650917,
      8.756439,
      8.862208,
      8.967845,
      9.073053,
      9.179006,
      9.284553,
      9.389789,
      9.494707,
      9.600511,
      9.706139,
      9.81183,
      9.917257,
      10.022872,
      10.127948,
      10.233003,
      10.338208,
      10.443428,
      10.54914,
      10.655256,
      10.761192,
      10.867255,
      10.972459,
      11.077448,
      11.182553,
      11.288082,
      11.394419,
      11.500435,
      11.606888,
      11.712089,
      11.817352,
      11.922299,
      12.027244,
      12.132347,
      12.237595,
      12.342454,
      12.447698,
      12.553034,
      12.658661,
      12.763982,
      12.869786,
      12.974891,
      13.079907,
      13.185594,
      13.291493,
      13.396338,
      13.501812,
      13.607536,
      13.712961,
      13.818901,
      13.924289,
      14.029559,
      14.134587,
      14.239473,
      14.344419,
      14.449152,
      14.554696,
      14.659838,
      14.765051,
      14.870365,
      14.975695,
      15.080572,
      15.185333,
      15.29045,
      15.395516,
      15.500335,
      15.605722,
      15.710725,
      15.815957,
      15.921441,
      16.027028,
      16.132503,
      16.238356,
      16.344146,
      16.449753,
      16.555966,
      16.661489,
      16.767121,
      16.87308,
      16.97917,
      17.084737,
      17.189726,
      17.295605,
      17.400899,
      17.506484,
      17.611805,
      17.717264,
      17.822639,
      17.928327,
      18.033573,
      18.138581,
      18.243689,
      18.348856,
      18.453959,
      18.559483,
      18.664998,
      18.770622,
      18.875849,
      18.981078,
      19.085741,
      19.19097,
      19.297029,
      19.402144,
      19.50727,
      19.612534,
      19.718041,
      19.823216,
      19.929368,
      20.089607,
      20.192041
    ],
    "expected_tool_daemon_topology_max_sample_gap_seconds": 0.160239,
    "expected_tool_daemon_grace_elapsed_seconds": 20.192071,
    "expected_tool_daemon_hashes_verified": true,
    "expected_tool_daemon_sha256_by_role": {
      "cs_server": "9bf0e15ffe162a96679c14b8117cf8ebe8a47b8032bee4ab8cb0317c112df536",
      "rdi_xsdb": "3193d8c4e7115e82e5b4ea6c2eb1aa8a7566bd5a9f9c78e9d901b9eab9d4ebfc",
      "cmd": "65ec268add3973b6dca64222985da47caeaee44a340b0ec1466782914fd743d9",
      "conhost": "32e45de7f02912f3907083690043df4abdc4705eea28300719788eaa4a339d0b"
    },
    "expected_tool_daemon_hash_error": "",
    "expected_tool_daemon_prelaunch_hashes_verified": true,
    "expected_tool_daemon_prelaunch_sha256_by_role": {
      "cs_server": "9bf0e15ffe162a96679c14b8117cf8ebe8a47b8032bee4ab8cb0317c112df536",
      "rdi_xsdb": "3193d8c4e7115e82e5b4ea6c2eb1aa8a7566bd5a9f9c78e9d901b9eab9d4ebfc",
      "cmd": "65ec268add3973b6dca64222985da47caeaee44a340b0ec1466782914fd743d9",
      "conhost": "32e45de7f02912f3907083690043df4abdc4705eea28300719788eaa4a339d0b"
    },
    "expected_tool_daemon_prelaunch_hash_error": "",
    "expected_tool_daemon_postexit_hashes_verified": true,
    "expected_tool_daemon_postexit_sha256_by_role": {
      "cs_server": "9bf0e15ffe162a96679c14b8117cf8ebe8a47b8032bee4ab8cb0317c112df536",
      "rdi_xsdb": "3193d8c4e7115e82e5b4ea6c2eb1aa8a7566bd5a9f9c78e9d901b9eab9d4ebfc",
      "cmd": "65ec268add3973b6dca64222985da47caeaee44a340b0ec1466782914fd743d9",
      "conhost": "32e45de7f02912f3907083690043df4abdc4705eea28300719788eaa4a339d0b"
    },
    "expected_tool_daemon_postexit_hash_error": "",
    "expected_tool_daemon_topology_error": "",
    "expected_tool_daemon_topology_terminal_empty": true,
    "process_identity_query_retry_count": 1,
    "process_exit_race_recheck_count": 1,
    "process_identity_query_transient_errors": [],
    "containment_cleanup_attempted": false,
    "containment_cleanup_terminated": false,
    "process_exit_race_rechecked": true,
    "process_identity_query_retried": true,
    "containment_query_error": "",
    "launch_error": "",
    "passed": true,
    "failures": [],
    "result_file": "D:\\CodexWorktrees\\stage66prep_ed417a3\\RF_COMM_MULTILANE\\evidence\\hardware\\p7\\authorized_sequence\\p7_20260716_stationary_app_r67_diag_stage66_c04\\002_p7_p6_frame_regression_m1\\p7_jtag_axi_raw_result.txt"
  },
  "stage_result_markers": {
    "P7_HW_TARGET": "localhost:3121/xilinx_tcf/Digilent/210512180081",
    "P7_HW_DEVICE": "xc7z010_1",
    "P7_HW_PART": "xc7z010clg400-1",
    "P7_HW_IDCODE": "00010011011100100010000010010011",
    "P7_HW_CANONICAL_PART": "xc7z010clg400-1",
    "P7_HW_LIVE_PART": "xc7z010",
    "P7_HW_LIVE_DEVICE": "xc7z010_1",
    "P7_HW_LIVE_IDCODE": "00010011011100100010000010010011",
    "P7_CANDIDATE_PROGRAMMED": "1",
    "P7_HW_AXI": "hw_axi_1",
    "P7_TXN_META_BACKEND": "p7_jtag_backend",
    "P7_TXN_META_LANE_POLICY": "LANE0_ONLY",
    "P7_BASE_TX_COUNT": "00000000",
    "P7_BASE_RX_GOOD_COUNT_L0": "00000000",
    "P7_BASE_RX_GOOD_COUNT_L1": "00000000",
    "P7_BASE_CRC_BAD": "00000000",
    "P7_BASE_PAYLOAD_MISMATCH": "00000000",
    "P7_BASE_RETRY_COUNT": "00000000",
    "P7_BASE_RETRY_EXHAUSTED": "00000000",
    "P7_BASE_TX_FAIL": "00000000",
    "P7_BASE_DUTY_VIOLATION": "00000000",
    "P7_BASE_RAW_TX_PULSES": "00000000",
    "P7_BASE_RAW_RX_PULSES": "00000000",
    "P7_BASE_FRAME_GOOD": "00000000",
    "P7_BASE_FRAME_BAD": "00000000",
    "P7_BASE_ACK_SENT": "00000000",
    "P7_BASE_ACK_SEEN": "00000000",
    "P7_BASE_TXD_HIGH_MAX": "00000000",
    "P7_BASE_ERROR_CODE": "00000000",
    "P7_BASE_STICKY_ERROR": "00000000",
    "P7F00000_TXW000": "50414652",
    "P7F00000_TXW001": "00200101",
    "P7F00000_TXW002": "50370002",
    "P7F00000_TXW003": "00000002",
    "P7F00000_TXW004": "00001000",
    "P7F00000_TXW005": "00140000",
    "P7F00000_TXW006": "000000D7",
    "P7F00000_TXW007": "E39B1851",
    "P7F00000_TXW008": "05040302",
    "P7F00000_TXW009": "09080706",
    "P7F00000_TXW010": "0D0C0B0A",
    "P7F00000_TXW011": "11100F0E",
    "P7F00000_TXW012": "15141312",
    "P7F00000_TXW013": "19181716",
    "P7F00000_TXW014": "1D1C1B1A",
    "P7F00000_TXW015": "21201F1E",
    "P7F00000_TXW016": "25242322",
    "P7F00000_TXW017": "29282726",
    "P7F00000_TXW018": "2D2C2B2A",
    "P7F00000_TXW019": "31302F2E",
    "P7F00000_TXW020": "35343332",
    "P7F00000_TXW021": "39383736",
    "P7F00000_TXW022": "3D3C3B3A",
    "P7F00000_TXW023": "41403F3E",
    "P7F00000_TXW024": "45444342",
    "P7F00000_TXW025": "49484746",
    "P7F00000_TXW026": "4D4C4B4A",
    "P7F00000_TXW027": "51504F4E",
    "P7F00000_TXW028": "55545352",
    "P7F00000_TXW029": "59585756",
    "P7F00000_TXW030": "5D5C5B5A",
    "P7F00000_TXW031": "61605F5E",
    "P7F00000_TXW032": "65646362",
    "P7F00000_TXW033": "69686766",
    "P7F00000_TXW034": "6D6C6B6A",
    "P7F00000_TXW035": "71706F6E",
    "P7F00000_TXW036": "75747372",
    "P7F00000_TXW037": "79787776",
    "P7F00000_TXW038": "7D7C7B7A",
    "P7F00000_TXW039": "81807F7E",
    "P7F00000_TXW040": "85848382",
    "P7F00000_TXW041": "89888786",
    "P7F00000_TXW042": "8D8C8B8A",
    "P7F00000_TXW043": "91908F8E",
    "P7F00000_TXW044": "95949392",
    "P7F00000_TXW045": "99989796",
    "P7F00000_TXW046": "9D9C9B9A",
    "P7F00000_TXW047": "A1A09F9E",
    "P7F00000_TXW048": "A5A4A3A2",
    "P7F00000_TXW049": "A9A8A7A6",
    "P7F00000_TXW050": "ADACABAA",
    "P7F00000_TXW051": "B1B0AFAE",
    "P7F00000_TXW052": "B5B4B3B2",
    "P7F00000_TXW053": "B9B8B7B6",
    "P7F00000_TXW054": "BDBCBBBA",
    "P7F00000_TXW055": "C1C0BFBE",
    "P7F00000_TXW056": "C5C4C3C2",
    "P7F00000_TXW057": "C9C8C7C6",
    "P7F00000_TXW058": "CDCCCBCA",
    "P7F00000_TXW059": "D1D0CFCE",
    "P7F00000_TXW060": "D5D4D3D2",
    "P7F00000_TXW061": "00D8D7D6",
    "P7F00000_COMMIT": "00000007",
    "P7F00000_COMMIT_POLLS": "1",
    "P7F00000_TX_CRC32": "3ED470A1",
    "P7F00000_DONE": "00000017",
    "P7F00000_DONE_POLLS": "1",
    "P7F00000_STATUS": "00000017",
    "P7F00000_MAILBOX": "50364F4B",
    "P7F00000_RX_LEN": "000000F7",
    "P7F00000_RX_CRC32": "3ED470A1",
    "P7F00000_RX_DIGEST": "3ED470A1",
    "P7F00000_TX_COUNT": "00000001",
    "P7F00000_RX_GOOD_COUNT_L0": "00000001",
    "P7F00000_RX_GOOD_COUNT_L1": "00000000",
    "P7F00000_CRC_BAD": "00000000",
    "P7F00000_PAYLOAD_MISMATCH": "00000000",
    "P7F00000_RETRY_COUNT": "00000000",
    "P7F00000_RETRY_EXHAUSTED": "00000000",
    "P7F00000_TX_FAIL": "00000000",
    "P7F00000_DUTY_VIOLATION": "00000000",
    "P7F00000_RAW_TX_PULSES": "00000460",
    "P7F00000_RAW_RX_PULSES": "000008C0",
    "P7F00000_FRAME_GOOD": "00000001",
    "P7F00000_FRAME_BAD": "00000000",
    "P7F00000_ACK_SENT": "00000001",
    "P7F00000_ACK_SEEN": "00000001",
    "P7F00000_TXD_HIGH_MAX": "00000008",
    "P7F00000_ERROR_CODE": "00000000",
    "P7F00000_STICKY_ERROR": "00000000",
    "P7F00000_RXW000": "50414652",
    "P7F00000_RXW001": "00200101",
    "P7F00000_RXW002": "50370002",
    "P7F00000_RXW003": "00000002",
    "P7F00000_RXW004": "00001000",
    "P7F00000_RXW005": "00140000",
    "P7F00000_RXW006": "000000D7",
    "P7F00000_RXW007": "E39B1851",
    "P7F00000_RXW008": "05040302",
    "P7F00000_RXW009": "09080706",
    "P7F00000_RXW010": "0D0C0B0A",
    "P7F00000_RXW011": "11100F0E",
    "P7F00000_RXW012": "15141312",
    "P7F00000_RXW013": "19181716",
    "P7F00000_RXW014": "1D1C1B1A",
    "P7F00000_RXW015": "21201F1E",
    "P7F00000_RXW016": "25242322",
    "P7F00000_RXW017": "29282726",
    "P7F00000_RXW018": "2D2C2B2A",
    "P7F00000_RXW019": "31302F2E",
    "P7F00000_RXW020": "35343332",
    "P7F00000_RXW021": "39383736",
    "P7F00000_RXW022": "3D3C3B3A",
    "P7F00000_RXW023": "41403F3E",
    "P7F00000_RXW024": "45444342",
    "P7F00000_RXW025": "49484746",
    "P7F00000_RXW026": "4D4C4B4A",
    "P7F00000_RXW027": "51504F4E",
    "P7F00000_RXW028": "55545352",
    "P7F00000_RXW029": "59585756",
    "P7F00000_RXW030": "5D5C5B5A",
    "P7F00000_RXW031": "61605F5E",
    "P7F00000_RXW032": "65646362",
    "P7F00000_RXW033": "69686766",
    "P7F00000_RXW034": "6D6C6B6A",
    "P7F00000_RXW035": "71706F6E",
    "P7F00000_RXW036": "75747372",
    "P7F00000_RXW037": "79787776",
    "P7F00000_RXW038": "7D7C7B7A",
    "P7F00000_RXW039": "81807F7E",
    "P7F00000_RXW040": "85848382",
    "P7F00000_RXW041": "89888786",
    "P7F00000_RXW042": "8D8C8B8A",
    "P7F00000_RXW043": "91908F8E",
    "P7F00000_RXW044": "95949392",
    "P7F00000_RXW045": "99989796",
    "P7F00000_RXW046": "9D9C9B9A",
    "P7F00000_RXW047": "A1A09F9E",
    "P7F00000_RXW048": "A5A4A3A2",
    "P7F00000_RXW049": "A9A8A7A6",
    "P7F00000_RXW050": "ADACABAA",
    "P7F00000_RXW051": "B1B0AFAE",
    "P7F00000_RXW052": "B5B4B3B2",
    "P7F00000_RXW053": "B9B8B7B6",
    "P7F00000_RXW054": "BDBCBBBA",
    "P7F00000_RXW055": "C1C0BFBE",
    "P7F00000_RXW056": "C5C4C3C2",
    "P7F00000_RXW057": "C9C8C7C6",
    "P7F00000_RXW058": "CDCCCBCA",
    "P7F00000_RXW059": "D1D0CFCE",
    "P7F00000_RXW060": "D5D4D3D2",
    "P7F00000_RXW061": "00D8D7D6",
    "P7F00001_TXW000": "50414652",
    "P7F00001_TXW001": "00200001",
    "P7F00001_TXW002": "50370002",
    "P7F00001_TXW003": "00000002",
    "P7F00001_TXW004": "00001000",
    "P7F00001_TXW005": "00140001",
    "P7F00001_TXW006": "000000D7",
    "P7F00001_TXW007": "E39B1851",
    "P7F00001_TXW008": "DCDBDAD9",
    "P7F00001_TXW009": "E0DFDEDD",
    "P7F00001_TXW010": "E4E3E2E1",
    "P7F00001_TXW011": "E8E7E6E5",
    "P7F00001_TXW012": "ECEBEAE9",
    "P7F00001_TXW013": "F0EFEEED",
    "P7F00001_TXW014": "F4F3F2F1",
    "P7F00001_TXW015": "F8F7F6F5",
    "P7F00001_TXW016": "FCFBFAF9",
    "P7F00001_TXW017": "00FFFEFD",
    "P7F00001_TXW018": "04030201",
    "P7F00001_TXW019": "08070605",
    "P7F00001_TXW020": "0C0B0A09",
    "P7F00001_TXW021": "100F0E0D",
    "P7F00001_TXW022": "14131211",
    "P7F00001_TXW023": "18171615",
    "P7F00001_TXW024": "1C1B1A19",
    "P7F00001_TXW025": "201F1E1D",
    "P7F00001_TXW026": "24232221",
    "P7F00001_TXW027": "28272625",
    "P7F00001_TXW028": "2C2B2A29",
    "P7F00001_TXW029": "302F2E2D",
    "P7F00001_TXW030": "34333231",
    "P7F00001_TXW031": "38373635",
    "P7F00001_TXW032": "3C3B3A39",
    "P7F00001_TXW033": "403F3E3D",
    "P7F00001_TXW034": "44434241",
    "P7F00001_TXW035": "48474645",
    "P7F00001_TXW036": "4C4B4A49",
    "P7F00001_TXW037": "504F4E4D",
    "P7F00001_TXW038": "54535251",
    "P7F00001_TXW039": "58575655",
    "P7F00001_TXW040": "5C5B5A59",
    "P7F00001_TXW041": "605F5E5D",
    "P7F00001_TXW042": "64636261",
    "P7F00001_TXW043": "68676665",
    "P7F00001_TXW044": "6C6B6A69",
    "P7F00001_TXW045": "706F6E6D",
    "P7F00001_TXW046": "74737271",
    "P7F00001_TXW047": "78777675",
    "P7F00001_TXW048": "7C7B7A79",
    "P7F00001_TXW049": "807F7E7D",
    "P7F00001_TXW050": "84838281",
    "P7F00001_TXW051": "88878685",
    "P7F00001_TXW052": "8C8B8A89",
    "P7F00001_TXW053": "908F8E8D",
    "P7F00001_TXW054": "94939291",
    "P7F00001_TXW055": "98979695",
    "P7F00001_TXW056": "9C9B9A99",
    "P7F00001_TXW057": "A09F9E9D",
    "P7F00001_TXW058": "A4A3A2A1",
    "P7F00001_TXW059": "A8A7A6A5",
    "P7F00001_TXW060": "ACABAAA9",
    "P7F00001_TXW061": "00AFAEAD",
    "P7F00001_COMMIT": "00000007",
    "P7F00001_COMMIT_POLLS": "1",
    "P7F00001_TX_CRC32": "5E3D9EEE",
    "P7F00001_DONE": "00000017",
    "P7F00001_DONE_POLLS": "1",
    "P7F00001_STATUS": "00000017",
    "P7F00001_MAILBOX": "50364F4B",
    "P7F00001_RX_LEN": "000000F7",
    "P7F00001_RX_CRC32": "5E3D9EEE",
    "P7F00001_RX_DIGEST": "5E3D9EEE",
    "P7F00001_TX_COUNT": "00000002",
    "P7F00001_RX_GOOD_COUNT_L0": "00000002",
    "P7F00001_RX_GOOD_COUNT_L1": "00000000",
    "P7F00001_CRC_BAD": "00000000",
    "P7F00001_PAYLOAD_MISMATCH": "00000000",
    "P7F00001_RETRY_COUNT": "00000000",
    "P7F00001_RETRY_EXHAUSTED": "00000000",
    "P7F00001_TX_FAIL": "00000000",
    "P7F00001_DUTY_VIOLATION": "00000000",
    "P7F00001_RAW_TX_PULSES": "00000460",
    "P7F00001_RAW_RX_PULSES": "000008C1",
    "P7F00001_FRAME_GOOD": "00000002",
    "P7F00001_FRAME_BAD": "00000000",
    "P7F00001_ACK_SENT": "00000002",
    "P7F00001_ACK_SEEN": "00000002",
    "P7F00001_TXD_HIGH_MAX": "00000008",
    "P7F00001_ERROR_CODE": "00000000",
    "P7F00001_STICKY_ERROR": "00000000",
    "P7F00001_RXW000": "50414652",
    "P7F00001_RXW001": "00200001",
    "P7F00001_RXW002": "50370002",
    "P7F00001_RXW003": "00000002",
    "P7F00001_RXW004": "00001000",
    "P7F00001_RXW005": "00140001",
    "P7F00001_RXW006": "000000D7",
    "P7F00001_RXW007": "E39B1851",
    "P7F00001_RXW008": "DCDBDAD9",
    "P7F00001_RXW009": "E0DFDEDD",
    "P7F00001_RXW010": "E4E3E2E1",
    "P7F00001_RXW011": "E8E7E6E5",
    "P7F00001_RXW012": "ECEBEAE9",
    "P7F00001_RXW013": "F0EFEEED",
    "P7F00001_RXW014": "F4F3F2F1",
    "P7F00001_RXW015": "F8F7F6F5",
    "P7F00001_RXW016": "FCFBFAF9",
    "P7F00001_RXW017": "00FFFEFD",
    "P7F00001_RXW018": "04030201",
    "P7F00001_RXW019": "08070605",
    "P7F00001_RXW020": "0C0B0A09",
    "P7F00001_RXW021": "100F0E0D",
    "P7F00001_RXW022": "14131211",
    "P7F00001_RXW023": "18171615",
    "P7F00001_RXW024": "1C1B1A19",
    "P7F00001_RXW025": "201F1E1D",
    "P7F00001_RXW026": "24232221",
    "P7F00001_RXW027": "28272625",
    "P7F00001_RXW028": "2C2B2A29",
    "P7F00001_RXW029": "302F2E2D",
    "P7F00001_RXW030": "34333231",
    "P7F00001_RXW031": "38373635",
    "P7F00001_RXW032": "3C3B3A39",
    "P7F00001_RXW033": "403F3E3D",
    "P7F00001_RXW034": "44434241",
    "P7F00001_RXW035": "48474645",
    "P7F00001_RXW036": "4C4B4A49",
    "P7F00001_RXW037": "504F4E4D",
    "P7F00001_RXW038": "54535251",
    "P7F00001_RXW039": "58575655",
    "P7F00001_RXW040": "5C5B5A59",
    "P7F00001_RXW041": "605F5E5D",
    "P7F00001_RXW042": "64636261",
    "P7F00001_RXW043": "68676665",
    "P7F00001_RXW044": "6C6B6A69",
    "P7F00001_RXW045": "706F6E6D",
    "P7F00001_RXW046": "74737271",
    "P7F00001_RXW047": "78777675",
    "P7F00001_RXW048": "7C7B7A79",
    "P7F00001_RXW049": "807F7E7D",
    "P7F00001_RXW050": "84838281",
    "P7F00001_RXW051": "88878685",
    "P7F00001_RXW052": "8C8B8A89",
    "P7F00001_RXW053": "908F8E8D",
    "P7F00001_RXW054": "94939291",
    "P7F00001_RXW055": "98979695",
    "P7F00001_RXW056": "9C9B9A99",
    "P7F00001_RXW057": "A09F9E9D",
    "P7F00001_RXW058": "A4A3A2A1",
    "P7F00001_RXW059": "A8A7A6A5",
    "P7F00001_RXW060": "ACABAAA9",
    "P7F00001_RXW061": "00AFAEAD",
    "P7F00002_TXW000": "50414652",
    "P7F00002_TXW001": "00200001",
    "P7F00002_TXW002": "50370002",
    "P7F00002_TXW003": "00000002",
    "P7F00002_TXW004": "00001000",
    "P7F00002_TXW005": "00140002",
    "P7F00002_TXW006": "000000D7",
    "P7F00002_TXW007": "E39B1851",
    "P7F00002_TXW008": "B3B2B1B0",
    "P7F00002_TXW009": "B7B6B5B4",
    "P7F00002_TXW010": "BBBAB9B8",
    "P7F00002_TXW011": "BFBEBDBC",
    "P7F00002_TXW012": "C3C2C1C0",
    "P7F00002_TXW013": "C7C6C5C4",
    "P7F00002_TXW014": "CBCAC9C8",
    "P7F00002_TXW015": "CFCECDCC",
    "P7F00002_TXW016": "D3D2D1D0",
    "P7F00002_TXW017": "D7D6D5D4",
    "P7F00002_TXW018": "DBDAD9D8",
    "P7F00002_TXW019": "DFDEDDDC",
    "P7F00002_TXW020": "E3E2E1E0",
    "P7F00002_TXW021": "E7E6E5E4",
    "P7F00002_TXW022": "EBEAE9E8",
    "P7F00002_TXW023": "EFEEEDEC",
    "P7F00002_TXW024": "F3F2F1F0",
    "P7F00002_TXW025": "F7F6F5F4",
    "P7F00002_TXW026": "FBFAF9F8",
    "P7F00002_TXW027": "FFFEFDFC",
    "P7F00002_TXW028": "03020100",
    "P7F00002_TXW029": "07060504",
    "P7F00002_TXW030": "0B0A0908",
    "P7F00002_TXW031": "0F0E0D0C",
    "P7F00002_TXW032": "13121110",
    "P7F00002_TXW033": "17161514",
    "P7F00002_TXW034": "1B1A1918",
    "P7F00002_TXW035": "1F1E1D1C",
    "P7F00002_TXW036": "23222120",
    "P7F00002_TXW037": "27262524",
    "P7F00002_TXW038": "2B2A2928",
    "P7F00002_TXW039": "2F2E2D2C",
    "P7F00002_TXW040": "33323130",
    "P7F00002_TXW041": "37363534",
    "P7F00002_TXW042": "3B3A3938",
    "P7F00002_TXW043": "3F3E3D3C",
    "P7F00002_TXW044": "43424140",
    "P7F00002_TXW045": "47464544",
    "P7F00002_TXW046": "4B4A4948",
    "P7F00002_TXW047": "4F4E4D4C",
    "P7F00002_TXW048": "53525150",
    "P7F00002_TXW049": "57565554",
    "P7F00002_TXW050": "5B5A5958",
    "P7F00002_TXW051": "5F5E5D5C",
    "P7F00002_TXW052": "63626160",
    "P7F00002_TXW053": "67666564",
    "P7F00002_TXW054": "6B6A6968",
    "P7F00002_TXW055": "6F6E6D6C",
    "P7F00002_TXW056": "73727170",
    "P7F00002_TXW057": "77767574",
    "P7F00002_TXW058": "7B7A7978",
    "P7F00002_TXW059": "7F7E7D7C",
    "P7F00002_TXW060": "83828180",
    "P7F00002_TXW061": "00868584",
    "P7F00002_COMMIT": "00000007",
    "P7F00002_COMMIT_POLLS": "1",
    "P7F00002_TX_CRC32": "ED8E3319",
    "P7F00002_DONE": "00000017",
    "P7F00002_DONE_POLLS": "1",
    "P7F00002_STATUS": "00000017",
    "P7F00002_MAILBOX": "50364F4B",
    "P7F00002_RX_LEN": "000000F7",
    "P7F00002_RX_CRC32": "ED8E3319",
    "P7F00002_RX_DIGEST": "ED8E3319",
    "P7F00002_TX_COUNT": "00000003",
    "P7F00002_RX_GOOD_COUNT_L0": "00000003",
    "P7F00002_RX_GOOD_COUNT_L1": "00000000",
    "P7F00002_CRC_BAD": "00000000",
    "P7F00002_PAYLOAD_MISMATCH": "00000000",
    "P7F00002_RETRY_COUNT": "00000000",
    "P7F00002_RETRY_EXHAUSTED": "00000000",
    "P7F00002_TX_FAIL": "00000000",
    "P7F00002_DUTY_VIOLATION": "00000000",
    "P7F00002_RAW_TX_PULSES": "00000460",
    "P7F00002_RAW_RX_PULSES": "000008C1",
    "P7F00002_FRAME_GOOD": "00000003",
    "P7F00002_FRAME_BAD": "00000000",
    "P7F00002_ACK_SENT": "00000003",
    "P7F00002_ACK_SEEN": "00000003",
    "P7F00002_TXD_HIGH_MAX": "00000008",
    "P7F00002_ERROR_CODE": "00000000",
    "P7F00002_STICKY_ERROR": "00000000",
    "P7F00002_RXW000": "50414652",
    "P7F00002_RXW001": "00200001",
    "P7F00002_RXW002": "50370002",
    "P7F00002_RXW003": "00000002",
    "P7F00002_RXW004": "00001000",
    "P7F00002_RXW005": "00140002",
    "P7F00002_RXW006": "000000D7",
    "P7F00002_RXW007": "E39B1851",
    "P7F00002_RXW008": "B3B2B1B0",
    "P7F00002_RXW009": "B7B6B5B4",
    "P7F00002_RXW010": "BBBAB9B8",
    "P7F00002_RXW011": "BFBEBDBC",
    "P7F00002_RXW012": "C3C2C1C0",
    "P7F00002_RXW013": "C7C6C5C4",
    "P7F00002_RXW014": "CBCAC9C8",
    "P7F00002_RXW015": "CFCECDCC",
    "P7F00002_RXW016": "D3D2D1D0",
    "P7F00002_RXW017": "D7D6D5D4",
    "P7F00002_RXW018": "DBDAD9D8",
    "P7F00002_RXW019": "DFDEDDDC",
    "P7F00002_RXW020": "E3E2E1E0",
    "P7F00002_RXW021": "E7E6E5E4",
    "P7F00002_RXW022": "EBEAE9E8",
    "P7F00002_RXW023": "EFEEEDEC",
    "P7F00002_RXW024": "F3F2F1F0",
    "P7F00002_RXW025": "F7F6F5F4",
    "P7F00002_RXW026": "FBFAF9F8",
    "P7F00002_RXW027": "FFFEFDFC",
    "P7F00002_RXW028": "03020100",
    "P7F00002_RXW029": "07060504",
    "P7F00002_RXW030": "0B0A0908",
    "P7F00002_RXW031": "0F0E0D0C",
    "P7F00002_RXW032": "13121110",
    "P7F00002_RXW033": "17161514",
    "P7F00002_RXW034": "1B1A1918",
    "P7F00002_RXW035": "1F1E1D1C",
    "P7F00002_RXW036": "23222120",
    "P7F00002_RXW037": "27262524",
    "P7F00002_RXW038": "2B2A2928",
    "P7F00002_RXW039": "2F2E2D2C",
    "P7F00002_RXW040": "33323130",
    "P7F00002_RXW041": "37363534",
    "P7F00002_RXW042": "3B3A3938",
    "P7F00002_RXW043": "3F3E3D3C",
    "P7F00002_RXW044": "43424140",
    "P7F00002_RXW045": "47464544",
    "P7F00002_RXW046": "4B4A4948",
    "P7F00002_RXW047": "4F4E4D4C",
    "P7F00002_RXW048": "53525150",
    "P7F00002_RXW049": "57565554",
    "P7F00002_RXW050": "5B5A5958",
    "P7F00002_RXW051": "5F5E5D5C",
    "P7F00002_RXW052": "63626160",
    "P7F00002_RXW053": "67666564",
    "P7F00002_RXW054": "6B6A6968",
    "P7F00002_RXW055": "6F6E6D6C",
    "P7F00002_RXW056": "73727170",
    "P7F00002_RXW057": "77767574",
    "P7F00002_RXW058": "7B7A7978",
    "P7F00002_RXW059": "7F7E7D7C",
    "P7F00002_RXW060": "83828180",
    "P7F00002_RXW061": "00868584",
    "P7F00003_TXW000": "50414652",
    "P7F00003_TXW001": "00200001",
    "P7F00003_TXW002": "50370002",
    "P7F00003_TXW003": "00000002",
    "P7F00003_TXW004": "00001000",
    "P7F00003_TXW005": "00140003",
    "P7F00003_TXW006": "000000D7",
    "P7F00003_TXW007": "E39B1851",
    "P7F00003_TXW008": "8A898887",
    "P7F00003_TXW009": "8E8D8C8B",
    "P7F00003_TXW010": "9291908F",
    "P7F00003_TXW011": "96959493",
    "P7F00003_TXW012": "9A999897",
    "P7F00003_TXW013": "9E9D9C9B",
    "P7F00003_TXW014": "A2A1A09F",
    "P7F00003_TXW015": "A6A5A4A3",
    "P7F00003_TXW016": "AAA9A8A7",
    "P7F00003_TXW017": "AEADACAB",
    "P7F00003_TXW018": "B2B1B0AF",
    "P7F00003_TXW019": "B6B5B4B3",
    "P7F00003_TXW020": "BAB9B8B7",
    "P7F00003_TXW021": "BEBDBCBB",
    "P7F00003_TXW022": "C2C1C0BF",
    "P7F00003_TXW023": "C6C5C4C3",
    "P7F00003_TXW024": "CAC9C8C7",
    "P7F00003_TXW025": "CECDCCCB",
    "P7F00003_TXW026": "D2D1D0CF",
    "P7F00003_TXW027": "D6D5D4D3",
    "P7F00003_TXW028": "DAD9D8D7",
    "P7F00003_TXW029": "DEDDDCDB",
    "P7F00003_TXW030": "E2E1E0DF",
    "P7F00003_TXW031": "E6E5E4E3",
    "P7F00003_TXW032": "EAE9E8E7",
    "P7F00003_TXW033": "EEEDECEB",
    "P7F00003_TXW034": "F2F1F0EF",
    "P7F00003_TXW035": "F6F5F4F3",
    "P7F00003_TXW036": "FAF9F8F7",
    "P7F00003_TXW037": "FEFDFCFB",
    "P7F00003_TXW038": "020100FF",
    "P7F00003_TXW039": "06050403",
    "P7F00003_TXW040": "0A090807",
    "P7F00003_TXW041": "0E0D0C0B",
    "P7F00003_TXW042": "1211100F",
    "P7F00003_TXW043": "16151413",
    "P7F00003_TXW044": "1A191817",
    "P7F00003_TXW045": "1E1D1C1B",
    "P7F00003_TXW046": "2221201F",
    "P7F00003_TXW047": "26252423",
    "P7F00003_TXW048": "2A292827",
    "P7F00003_TXW049": "2E2D2C2B",
    "P7F00003_TXW050": "3231302F",
    "P7F00003_TXW051": "36353433",
    "P7F00003_TXW052": "3A393837",
    "P7F00003_TXW053": "3E3D3C3B",
    "P7F00003_TXW054": "4241403F",
    "P7F00003_TXW055": "46454443",
    "P7F00003_TXW056": "4A494847",
    "P7F00003_TXW057": "4E4D4C4B",
    "P7F00003_TXW058": "5251504F",
    "P7F00003_TXW059": "56555453",
    "P7F00003_TXW060": "5A595857",
    "P7F00003_TXW061": "005D5C5B",
    "P7F00003_COMMIT": "00000007",
    "P7F00003_COMMIT_POLLS": "1",
    "P7F00003_TX_CRC32": "AB2A6100",
    "P7F00003_DONE": "00000017",
    "P7F00003_DONE_POLLS": "1",
    "P7F00003_STATUS": "00000017",
    "P7F00003_MAILBOX": "50364F4B",
    "P7F00003_RX_LEN": "000000F7",
    "P7F00003_RX_CRC32": "AB2A6100",
    "P7F00003_RX_DIGEST": "AB2A6100",
    "P7F00003_TX_COUNT": "00000004",
    "P7F00003_RX_GOOD_COUNT_L0": "00000004",
    "P7F00003_RX_GOOD_COUNT_L1": "00000000",
    "P7F00003_CRC_BAD": "00000000",
    "P7F00003_PAYLOAD_MISMATCH": "00000000",
    "P7F00003_RETRY_COUNT": "00000000",
    "P7F00003_RETRY_EXHAUSTED": "00000000",
    "P7F00003_TX_FAIL": "00000000",
    "P7F00003_DUTY_VIOLATION": "00000000",
    "P7F00003_RAW_TX_PULSES": "00000460",
    "P7F00003_RAW_RX_PULSES": "000008C1",
    "P7F00003_FRAME_GOOD": "00000004",
    "P7F00003_FRAME_BAD": "00000000",
    "P7F00003_ACK_SENT": "00000004",
    "P7F00003_ACK_SEEN": "00000004",
    "P7F00003_TXD_HIGH_MAX": "00000008",
    "P7F00003_ERROR_CODE": "00000000",
    "P7F00003_STICKY_ERROR": "00000000",
    "P7F00003_RXW000": "50414652",
    "P7F00003_RXW001": "00200001",
    "P7F00003_RXW002": "50370002",
    "P7F00003_RXW003": "00000002",
    "P7F00003_RXW004": "00001000",
    "P7F00003_RXW005": "00140003",
    "P7F00003_RXW006": "000000D7",
    "P7F00003_RXW007": "E39B1851",
    "P7F00003_RXW008": "8A898887",
    "P7F00003_RXW009": "8E8D8C8B",
    "P7F00003_RXW010": "9291908F",
    "P7F00003_RXW011": "96959493",
    "P7F00003_RXW012": "9A999897",
    "P7F00003_RXW013": "9E9D9C9B",
    "P7F00003_RXW014": "A2A1A09F",
    "P7F00003_RXW015": "A6A5A4A3",
    "P7F00003_RXW016": "AAA9A8A7",
    "P7F00003_RXW017": "AEADACAB",
    "P7F00003_RXW018": "B2B1B0AF",
    "P7F00003_RXW019": "B6B5B4B3",
    "P7F00003_RXW020": "BAB9B8B7",
    "P7F00003_RXW021": "BEBDBCBB",
    "P7F00003_RXW022": "C2C1C0BF",
    "P7F00003_RXW023": "C6C5C4C3",
    "P7F00003_RXW024": "CAC9C8C7",
    "P7F00003_RXW025": "CECDCCCB",
    "P7F00003_RXW026": "D2D1D0CF",
    "P7F00003_RXW027": "D6D5D4D3",
    "P7F00003_RXW028": "DAD9D8D7",
    "P7F00003_RXW029": "DEDDDCDB",
    "P7F00003_RXW030": "E2E1E0DF",
    "P7F00003_RXW031": "E6E5E4E3",
    "P7F00003_RXW032": "EAE9E8E7",
    "P7F00003_RXW033": "EEEDECEB",
    "P7F00003_RXW034": "F2F1F0EF",
    "P7F00003_RXW035": "F6F5F4F3",
    "P7F00003_RXW036": "FAF9F8F7",
    "P7F00003_RXW037": "FEFDFCFB",
    "P7F00003_RXW038": "020100FF",
    "P7F00003_RXW039": "06050403",
    "P7F00003_RXW040": "0A090807",
    "P7F00003_RXW041": "0E0D0C0B",
    "P7F00003_RXW042": "1211100F",
    "P7F00003_RXW043": "16151413",
    "P7F00003_RXW044": "1A191817",
    "P7F00003_RXW045": "1E1D1C1B",
    "P7F00003_RXW046": "2221201F",
    "P7F00003_RXW047": "26252423",
    "P7F00003_RXW048": "2A292827",
    "P7F00003_RXW049": "2E2D2C2B",
    "P7F00003_RXW050": "3231302F",
    "P7F00003_RXW051": "36353433",
    "P7F00003_RXW052": "3A393837",
    "P7F00003_RXW053": "3E3D3C3B",
    "P7F00003_RXW054": "4241403F",
    "P7F00003_RXW055": "46454443",
    "P7F00003_RXW056": "4A494847",
    "P7F00003_RXW057": "4E4D4C4B",
    "P7F00003_RXW058": "5251504F",
    "P7F00003_RXW059": "56555453",
    "P7F00003_RXW060": "5A595857",
    "P7F00003_RXW061": "005D5C5B",
    "P7F00004_TXW000": "50414652",
    "P7F00004_TXW001": "00200001",
    "P7F00004_TXW002": "50370002",
    "P7F00004_TXW003": "00000002",
    "P7F00004_TXW004": "00001000",
    "P7F00004_TXW005": "00140004",
    "P7F00004_TXW006": "000000D7",
    "P7F00004_TXW007": "E39B1851",
    "P7F00004_TXW008": "61605F5E",
    "P7F00004_TXW009": "65646362",
    "P7F00004_TXW010": "69686766",
    "P7F00004_TXW011": "6D6C6B6A",
    "P7F00004_TXW012": "71706F6E",
    "P7F00004_TXW013": "75747372",
    "P7F00004_TXW014": "79787776",
    "P7F00004_TXW015": "7D7C7B7A",
    "P7F00004_TXW016": "81807F7E",
    "P7F00004_TXW017": "85848382",
    "P7F00004_TXW018": "89888786",
    "P7F00004_TXW019": "8D8C8B8A",
    "P7F00004_TXW020": "91908F8E",
    "P7F00004_TXW021": "95949392",
    "P7F00004_TXW022": "99989796",
    "P7F00004_TXW023": "9D9C9B9A",
    "P7F00004_TXW024": "A1A09F9E",
    "P7F00004_TXW025": "A5A4A3A2",
    "P7F00004_TXW026": "A9A8A7A6",
    "P7F00004_TXW027": "ADACABAA",
    "P7F00004_TXW028": "B1B0AFAE",
    "P7F00004_TXW029": "B5B4B3B2",
    "P7F00004_TXW030": "B9B8B7B6",
    "P7F00004_TXW031": "BDBCBBBA",
    "P7F00004_TXW032": "C1C0BFBE",
    "P7F00004_TXW033": "C5C4C3C2",
    "P7F00004_TXW034": "C9C8C7C6",
    "P7F00004_TXW035": "CDCCCBCA",
    "P7F00004_TXW036": "D1D0CFCE",
    "P7F00004_TXW037": "D5D4D3D2",
    "P7F00004_TXW038": "D9D8D7D6",
    "P7F00004_TXW039": "DDDCDBDA",
    "P7F00004_TXW040": "E1E0DFDE",
    "P7F00004_TXW041": "E5E4E3E2",
    "P7F00004_TXW042": "E9E8E7E6",
    "P7F00004_TXW043": "EDECEBEA",
    "P7F00004_TXW044": "F1F0EFEE",
    "P7F00004_TXW045": "F5F4F3F2",
    "P7F00004_TXW046": "F9F8F7F6",
    "P7F00004_TXW047": "FDFCFBFA",
    "P7F00004_TXW048": "0100FFFE",
    "P7F00004_TXW049": "05040302",
    "P7F00004_TXW050": "09080706",
    "P7F00004_TXW051": "0D0C0B0A",
    "P7F00004_TXW052": "11100F0E",
    "P7F00004_TXW053": "15141312",
    "P7F00004_TXW054": "19181716",
    "P7F00004_TXW055": "1D1C1B1A",
    "P7F00004_TXW056": "21201F1E",
    "P7F00004_TXW057": "25242322",
    "P7F00004_TXW058": "29282726",
    "P7F00004_TXW059": "2D2C2B2A",
    "P7F00004_TXW060": "31302F2E",
    "P7F00004_TXW061": "00343332",
    "P7F00004_COMMIT": "00000007",
    "P7F00004_COMMIT_POLLS": "1",
    "P7F00004_TX_CRC32": "6BFA5E3B",
    "P7F00004_DONE": "00000017",
    "P7F00004_DONE_POLLS": "1",
    "P7F00004_STATUS": "00000017",
    "P7F00004_MAILBOX": "50364F4B",
    "P7F00004_RX_LEN": "000000F7",
    "P7F00004_RX_CRC32": "6BFA5E3B",
    "P7F00004_RX_DIGEST": "6BFA5E3B",
    "P7F00004_TX_COUNT": "00000005",
    "P7F00004_RX_GOOD_COUNT_L0": "00000005",
    "P7F00004_RX_GOOD_COUNT_L1": "00000000",
    "P7F00004_CRC_BAD": "00000000",
    "P7F00004_PAYLOAD_MISMATCH": "00000000",
    "P7F00004_RETRY_COUNT": "00000000",
    "P7F00004_RETRY_EXHAUSTED": "00000000",
    "P7F00004_TX_FAIL": "00000000",
    "P7F00004_DUTY_VIOLATION": "00000000",
    "P7F00004_RAW_TX_PULSES": "00000460",
    "P7F00004_RAW_RX_PULSES": "000008C1",
    "P7F00004_FRAME_GOOD": "00000005",
    "P7F00004_FRAME_BAD": "00000000",
    "P7F00004_ACK_SENT": "00000005",
    "P7F00004_ACK_SEEN": "00000005",
    "P7F00004_TXD_HIGH_MAX": "00000008",
    "P7F00004_ERROR_CODE": "00000000",
    "P7F00004_STICKY_ERROR": "00000000",
    "P7F00004_RXW000": "50414652",
    "P7F00004_RXW001": "00200001",
    "P7F00004_RXW002": "50370002",
    "P7F00004_RXW003": "00000002",
    "P7F00004_RXW004": "00001000",
    "P7F00004_RXW005": "00140004",
    "P7F00004_RXW006": "000000D7",
    "P7F00004_RXW007": "E39B1851",
    "P7F00004_RXW008": "61605F5E",
    "P7F00004_RXW009": "65646362",
    "P7F00004_RXW010": "69686766",
    "P7F00004_RXW011": "6D6C6B6A",
    "P7F00004_RXW012": "71706F6E",
    "P7F00004_RXW013": "75747372",
    "P7F00004_RXW014": "79787776",
    "P7F00004_RXW015": "7D7C7B7A",
    "P7F00004_RXW016": "81807F7E",
    "P7F00004_RXW017": "85848382",
    "P7F00004_RXW018": "89888786",
    "P7F00004_RXW019": "8D8C8B8A",
    "P7F00004_RXW020": "91908F8E",
    "P7F00004_RXW021": "95949392",
    "P7F00004_RXW022": "99989796",
    "P7F00004_RXW023": "9D9C9B9A",
    "P7F00004_RXW024": "A1A09F9E",
    "P7F00004_RXW025": "A5A4A3A2",
    "P7F00004_RXW026": "A9A8A7A6",
    "P7F00004_RXW027": "ADACABAA",
    "P7F00004_RXW028": "B1B0AFAE",
    "P7F00004_RXW029": "B5B4B3B2",
    "P7F00004_RXW030": "B9B8B7B6",
    "P7F00004_RXW031": "BDBCBBBA",
    "P7F00004_RXW032": "C1C0BFBE",
    "P7F00004_RXW033": "C5C4C3C2",
    "P7F00004_RXW034": "C9C8C7C6",
    "P7F00004_RXW035": "CDCCCBCA",
    "P7F00004_RXW036": "D1D0CFCE",
    "P7F00004_RXW037": "D5D4D3D2",
    "P7F00004_RXW038": "D9D8D7D6",
    "P7F00004_RXW039": "DDDCDBDA",
    "P7F00004_RXW040": "E1E0DFDE",
    "P7F00004_RXW041": "E5E4E3E2",
    "P7F00004_RXW042": "E9E8E7E6",
    "P7F00004_RXW043": "EDECEBEA",
    "P7F00004_RXW044": "F1F0EFEE",
    "P7F00004_RXW045": "F5F4F3F2",
    "P7F00004_RXW046": "F9F8F7F6",
    "P7F00004_RXW047": "FDFCFBFA",
    "P7F00004_RXW048": "0100FFFE",
    "P7F00004_RXW049": "05040302",
    "P7F00004_RXW050": "09080706",
    "P7F00004_RXW051": "0D0C0B0A",
    "P7F00004_RXW052": "11100F0E",
    "P7F00004_RXW053": "15141312",
    "P7F00004_RXW054": "19181716",
    "P7F00004_RXW055": "1D1C1B1A",
    "P7F00004_RXW056": "21201F1E",
    "P7F00004_RXW057": "25242322",
    "P7F00004_RXW058": "29282726",
    "P7F00004_RXW059": "2D2C2B2A",
    "P7F00004_RXW060": "31302F2E",
    "P7F00004_RXW061": "00343332",
    "P7F00005_TXW000": "50414652",
    "P7F00005_TXW001": "00200001",
    "P7F00005_TXW002": "50370002",
    "P7F00005_TXW003": "00000002",
    "P7F00005_TXW004": "00001000",
    "P7F00005_TXW005": "00140005",
    "P7F00005_TXW006": "000000D7",
    "P7F00005_TXW007": "E39B1851",
    "P7F00005_TXW008": "38373635",
    "P7F00005_TXW009": "3C3B3A39",
    "P7F00005_TXW010": "403F3E3D",
    "P7F00005_TXW011": "44434241",
    "P7F00005_TXW012": "48474645",
    "P7F00005_TXW013": "4C4B4A49",
    "P7F00005_TXW014": "504F4E4D",
    "P7F00005_TXW015": "54535251",
    "P7F00005_TXW016": "58575655",
    "P7F00005_TXW017": "5C5B5A59",
    "P7F00005_TXW018": "605F5E5D",
    "P7F00005_TXW019": "64636261",
    "P7F00005_TXW020": "68676665",
    "P7F00005_TXW021": "6C6B6A69",
    "P7F00005_TXW022": "706F6E6D",
    "P7F00005_TXW023": "74737271",
    "P7F00005_TXW024": "78777675",
    "P7F00005_TXW025": "7C7B7A79",
    "P7F00005_TXW026": "807F7E7D",
    "P7F00005_TXW027": "84838281",
    "P7F00005_TXW028": "88878685",
    "P7F00005_TXW029": "8C8B8A89",
    "P7F00005_TXW030": "908F8E8D",
    "P7F00005_TXW031": "94939291",
    "P7F00005_TXW032": "98979695",
    "P7F00005_TXW033": "9C9B9A99",
    "P7F00005_TXW034": "A09F9E9D",
    "P7F00005_TXW035": "A4A3A2A1",
    "P7F00005_TXW036": "A8A7A6A5",
    "P7F00005_TXW037": "ACABAAA9",
    "P7F00005_TXW038": "B0AFAEAD",
    "P7F00005_TXW039": "B4B3B2B1",
    "P7F00005_TXW040": "B8B7B6B5",
    "P7F00005_TXW041": "BCBBBAB9",
    "P7F00005_TXW042": "C0BFBEBD",
    "P7F00005_TXW043": "C4C3C2C1",
    "P7F00005_TXW044": "C8C7C6C5",
    "P7F00005_TXW045": "CCCBCAC9",
    "P7F00005_TXW046": "D0CFCECD",
    "P7F00005_TXW047": "D4D3D2D1",
    "P7F00005_TXW048": "D8D7D6D5",
    "P7F00005_TXW049": "DCDBDAD9",
    "P7F00005_TXW050": "E0DFDEDD",
    "P7F00005_TXW051": "E4E3E2E1",
    "P7F00005_TXW052": "E8E7E6E5",
    "P7F00005_TXW053": "ECEBEAE9",
    "P7F00005_TXW054": "F0EFEEED",
    "P7F00005_TXW055": "F4F3F2F1",
    "P7F00005_TXW056": "F8F7F6F5",
    "P7F00005_TXW057": "FCFBFAF9",
    "P7F00005_TXW058": "00FFFEFD",
    "P7F00005_TXW059": "04030201",
    "P7F00005_TXW060": "08070605",
    "P7F00005_TXW061": "000B0A09",
    "P7F00005_COMMIT": "00000007",
    "P7F00005_COMMIT_POLLS": "1",
    "P7F00005_TX_CRC32": "C2925555",
    "P7F00005_DONE": "00000017",
    "P7F00005_DONE_POLLS": "1",
    "P7F00005_STATUS": "00000017",
    "P7F00005_MAILBOX": "50364F4B",
    "P7F00005_RX_LEN": "000000F7",
    "P7F00005_RX_CRC32": "C2925555",
    "P7F00005_RX_DIGEST": "C2925555",
    "P7F00005_TX_COUNT": "00000006",
    "P7F00005_RX_GOOD_COUNT_L0": "00000006",
    "P7F00005_RX_GOOD_COUNT_L1": "00000000",
    "P7F00005_CRC_BAD": "00000000",
    "P7F00005_PAYLOAD_MISMATCH": "00000000",
    "P7F00005_RETRY_COUNT": "00000000",
    "P7F00005_RETRY_EXHAUSTED": "00000000",
    "P7F00005_TX_FAIL": "00000000",
    "P7F00005_DUTY_VIOLATION": "00000000",
    "P7F00005_RAW_TX_PULSES": "00000460",
    "P7F00005_RAW_RX_PULSES": "000008C1",
    "P7F00005_FRAME_GOOD": "00000006",
    "P7F00005_FRAME_BAD": "00000000",
    "P7F00005_ACK_SENT": "00000006",
    "P7F00005_ACK_SEEN": "00000006",
    "P7F00005_TXD_HIGH_MAX": "00000008",
    "P7F00005_ERROR_CODE": "00000000",
    "P7F00005_STICKY_ERROR": "00000000",
    "P7F00005_RXW000": "50414652",
    "P7F00005_RXW001": "00200001",
    "P7F00005_RXW002": "50370002",
    "P7F00005_RXW003": "00000002",
    "P7F00005_RXW004": "00001000",
    "P7F00005_RXW005": "00140005",
    "P7F00005_RXW006": "000000D7",
    "P7F00005_RXW007": "E39B1851",
    "P7F00005_RXW008": "38373635",
    "P7F00005_RXW009": "3C3B3A39",
    "P7F00005_RXW010": "403F3E3D",
    "P7F00005_RXW011": "44434241",
    "P7F00005_RXW012": "48474645",
    "P7F00005_RXW013": "4C4B4A49",
    "P7F00005_RXW014": "504F4E4D",
    "P7F00005_RXW015": "54535251",
    "P7F00005_RXW016": "58575655",
    "P7F00005_RXW017": "5C5B5A59",
    "P7F00005_RXW018": "605F5E5D",
    "P7F00005_RXW019": "64636261",
    "P7F00005_RXW020": "68676665",
    "P7F00005_RXW021": "6C6B6A69",
    "P7F00005_RXW022": "706F6E6D",
    "P7F00005_RXW023": "74737271",
    "P7F00005_RXW024": "78777675",
    "P7F00005_RXW025": "7C7B7A79",
    "P7F00005_RXW026": "807F7E7D",
    "P7F00005_RXW027": "84838281",
    "P7F00005_RXW028": "88878685",
    "P7F00005_RXW029": "8C8B8A89",
    "P7F00005_RXW030": "908F8E8D",
    "P7F00005_RXW031": "94939291",
    "P7F00005_RXW032": "98979695",
    "P7F00005_RXW033": "9C9B9A99",
    "P7F00005_RXW034": "A09F9E9D",
    "P7F00005_RXW035": "A4A3A2A1",
    "P7F00005_RXW036": "A8A7A6A5",
    "P7F00005_RXW037": "ACABAAA9",
    "P7F00005_RXW038": "B0AFAEAD",
    "P7F00005_RXW039": "B4B3B2B1",
    "P7F00005_RXW040": "B8B7B6B5",
    "P7F00005_RXW041": "BCBBBAB9",
    "P7F00005_RXW042": "C0BFBEBD",
    "P7F00005_RXW043": "C4C3C2C1",
    "P7F00005_RXW044": "C8C7C6C5",
    "P7F00005_RXW045": "CCCBCAC9",
    "P7F00005_RXW046": "D0CFCECD",
    "P7F00005_RXW047": "D4D3D2D1",
    "P7F00005_RXW048": "D8D7D6D5",
    "P7F00005_RXW049": "DCDBDAD9",
    "P7F00005_RXW050": "E0DFDEDD",
    "P7F00005_RXW051": "E4E3E2E1",
    "P7F00005_RXW052": "E8E7E6E5",
    "P7F00005_RXW053": "ECEBEAE9",
    "P7F00005_RXW054": "F0EFEEED",
    "P7F00005_RXW055": "F4F3F2F1",
    "P7F00005_RXW056": "F8F7F6F5",
    "P7F00005_RXW057": "FCFBFAF9",
    "P7F00005_RXW058": "00FFFEFD",
    "P7F00005_RXW059": "04030201",
    "P7F00005_RXW060": "08070605",
    "P7F00005_RXW061": "000B0A09",
    "P7F00006_TXW000": "50414652",
    "P7F00006_TXW001": "00200001",
    "P7F00006_TXW002": "50370002",
    "P7F00006_TXW003": "00000002",
    "P7F00006_TXW004": "00001000",
    "P7F00006_TXW005": "00140006",
    "P7F00006_TXW006": "000000D7",
    "P7F00006_TXW007": "E39B1851",
    "P7F00006_TXW008": "0F0E0D0C",
    "P7F00006_TXW009": "13121110",
    "P7F00006_TXW010": "17161514",
    "P7F00006_TXW011": "1B1A1918",
    "P7F00006_TXW012": "1F1E1D1C",
    "P7F00006_TXW013": "23222120",
    "P7F00006_TXW014": "27262524",
    "P7F00006_TXW015": "2B2A2928",
    "P7F00006_TXW016": "2F2E2D2C",
    "P7F00006_TXW017": "33323130",
    "P7F00006_TXW018": "37363534",
    "P7F00006_TXW019": "3B3A3938",
    "P7F00006_TXW020": "3F3E3D3C",
    "P7F00006_TXW021": "43424140",
    "P7F00006_TXW022": "47464544",
    "P7F00006_TXW023": "4B4A4948",
    "P7F00006_TXW024": "4F4E4D4C",
    "P7F00006_TXW025": "53525150",
    "P7F00006_TXW026": "57565554",
    "P7F00006_TXW027": "5B5A5958",
    "P7F00006_TXW028": "5F5E5D5C",
    "P7F00006_TXW029": "63626160",
    "P7F00006_TXW030": "67666564",
    "P7F00006_TXW031": "6B6A6968",
    "P7F00006_TXW032": "6F6E6D6C",
    "P7F00006_TXW033": "73727170",
    "P7F00006_TXW034": "77767574",
    "P7F00006_TXW035": "7B7A7978",
    "P7F00006_TXW036": "7F7E7D7C",
    "P7F00006_TXW037": "83828180",
    "P7F00006_TXW038": "87868584",
    "P7F00006_TXW039": "8B8A8988",
    "P7F00006_TXW040": "8F8E8D8C",
    "P7F00006_TXW041": "93929190",
    "P7F00006_TXW042": "97969594",
    "P7F00006_TXW043": "9B9A9998",
    "P7F00006_TXW044": "9F9E9D9C",
    "P7F00006_TXW045": "A3A2A1A0",
    "P7F00006_TXW046": "A7A6A5A4",
    "P7F00006_TXW047": "ABAAA9A8",
    "P7F00006_TXW048": "AFAEADAC",
    "P7F00006_TXW049": "B3B2B1B0",
    "P7F00006_TXW050": "B7B6B5B4",
    "P7F00006_TXW051": "BBBAB9B8",
    "P7F00006_TXW052": "BFBEBDBC",
    "P7F00006_TXW053": "C3C2C1C0",
    "P7F00006_TXW054": "C7C6C5C4",
    "P7F00006_TXW055": "CBCAC9C8",
    "P7F00006_TXW056": "CFCECDCC",
    "P7F00006_TXW057": "D3D2D1D0",
    "P7F00006_TXW058": "D7D6D5D4",
    "P7F00006_TXW059": "DBDAD9D8",
    "P7F00006_TXW060": "DFDEDDDC",
    "P7F00006_TXW061": "00E2E1E0",
    "P7F00006_COMMIT": "00000007",
    "P7F00006_COMMIT_POLLS": "1",
    "P7F00006_TX_CRC32": "E9B695D4",
    "P7F00006_DONE": "00000017",
    "P7F00006_DONE_POLLS": "1",
    "P7F00006_STATUS": "00000017",
    "P7F00006_MAILBOX": "50364F4B",
    "P7F00006_RX_LEN": "000000F7",
    "P7F00006_RX_CRC32": "E9B695D4",
    "P7F00006_RX_DIGEST": "E9B695D4",
    "P7F00006_TX_COUNT": "00000007",
    "P7F00006_RX_GOOD_COUNT_L0": "00000007",
    "P7F00006_RX_GOOD_COUNT_L1": "00000000",
    "P7F00006_CRC_BAD": "00000000",
    "P7F00006_PAYLOAD_MISMATCH": "00000000",
    "P7F00006_RETRY_COUNT": "00000000",
    "P7F00006_RETRY_EXHAUSTED": "00000000",
    "P7F00006_TX_FAIL": "00000000",
    "P7F00006_DUTY_VIOLATION": "00000000",
    "P7F00006_RAW_TX_PULSES": "00000460",
    "P7F00006_RAW_RX_PULSES": "000008C1",
    "P7F00006_FRAME_GOOD": "00000007",
    "P7F00006_FRAME_BAD": "00000000",
    "P7F00006_ACK_SENT": "00000007",
    "P7F00006_ACK_SEEN": "00000007",
    "P7F00006_TXD_HIGH_MAX": "00000008",
    "P7F00006_ERROR_CODE": "00000000",
    "P7F00006_STICKY_ERROR": "00000000",
    "P7F00006_RXW000": "50414652",
    "P7F00006_RXW001": "00200001",
    "P7F00006_RXW002": "50370002",
    "P7F00006_RXW003": "00000002",
    "P7F00006_RXW004": "00001000",
    "P7F00006_RXW005": "00140006",
    "P7F00006_RXW006": "000000D7",
    "P7F00006_RXW007": "E39B1851",
    "P7F00006_RXW008": "0F0E0D0C",
    "P7F00006_RXW009": "13121110",
    "P7F00006_RXW010": "17161514",
    "P7F00006_RXW011": "1B1A1918",
    "P7F00006_RXW012": "1F1E1D1C",
    "P7F00006_RXW013": "23222120",
    "P7F00006_RXW014": "27262524",
    "P7F00006_RXW015": "2B2A2928",
    "P7F00006_RXW016": "2F2E2D2C",
    "P7F00006_RXW017": "33323130",
    "P7F00006_RXW018": "37363534",
    "P7F00006_RXW019": "3B3A3938",
    "P7F00006_RXW020": "3F3E3D3C",
    "P7F00006_RXW021": "43424140",
    "P7F00006_RXW022": "47464544",
    "P7F00006_RXW023": "4B4A4948",
    "P7F00006_RXW024": "4F4E4D4C",
    "P7F00006_RXW025": "53525150",
    "P7F00006_RXW026": "57565554",
    "P7F00006_RXW027": "5B5A5958",
    "P7F00006_RXW028": "5F5E5D5C",
    "P7F00006_RXW029": "63626160",
    "P7F00006_RXW030": "67666564",
    "P7F00006_RXW031": "6B6A6968",
    "P7F00006_RXW032": "6F6E6D6C",
    "P7F00006_RXW033": "73727170",
    "P7F00006_RXW034": "77767574",
    "P7F00006_RXW035": "7B7A7978",
    "P7F00006_RXW036": "7F7E7D7C",
    "P7F00006_RXW037": "83828180",
    "P7F00006_RXW038": "87868584",
    "P7F00006_RXW039": "8B8A8988",
    "P7F00006_RXW040": "8F8E8D8C",
    "P7F00006_RXW041": "93929190",
    "P7F00006_RXW042": "97969594",
    "P7F00006_RXW043": "9B9A9998",
    "P7F00006_RXW044": "9F9E9D9C",
    "P7F00006_RXW045": "A3A2A1A0",
    "P7F00006_RXW046": "A7A6A5A4",
    "P7F00006_RXW047": "ABAAA9A8",
    "P7F00006_RXW048": "AFAEADAC",
    "P7F00006_RXW049": "B3B2B1B0",
    "P7F00006_RXW050": "B7B6B5B4",
    "P7F00006_RXW051": "BBBAB9B8",
    "P7F00006_RXW052": "BFBEBDBC",
    "P7F00006_RXW053": "C3C2C1C0",
    "P7F00006_RXW054": "C7C6C5C4",
    "P7F00006_RXW055": "CBCAC9C8",
    "P7F00006_RXW056": "CFCECDCC",
    "P7F00006_RXW057": "D3D2D1D0",
    "P7F00006_RXW058": "D7D6D5D4",
    "P7F00006_RXW059": "DBDAD9D8",
    "P7F00006_RXW060": "DFDEDDDC",
    "P7F00006_RXW061": "00E2E1E0",
    "P7F00007_TXW000": "50414652",
    "P7F00007_TXW001": "00200001",
    "P7F00007_TXW002": "50370002",
    "P7F00007_TXW003": "00000002",
    "P7F00007_TXW004": "00001000",
    "P7F00007_TXW005": "00140007",
    "P7F00007_TXW006": "000000D7",
    "P7F00007_TXW007": "E39B1851",
    "P7F00007_TXW008": "E6E5E4E3",
    "P7F00007_TXW009": "EAE9E8E7",
    "P7F00007_TXW010": "EEEDECEB",
    "P7F00007_TXW011": "F2F1F0EF",
    "P7F00007_TXW012": "F6F5F4F3",
    "P7F00007_TXW013": "FAF9F8F7",
    "P7F00007_TXW014": "FEFDFCFB",
    "P7F00007_TXW015": "020100FF",
    "P7F00007_TXW016": "06050403",
    "P7F00007_TXW017": "0A090807",
    "P7F00007_TXW018": "0E0D0C0B",
    "P7F00007_TXW019": "1211100F",
    "P7F00007_TXW020": "16151413",
    "P7F00007_TXW021": "1A191817",
    "P7F00007_TXW022": "1E1D1C1B",
    "P7F00007_TXW023": "2221201F",
    "P7F00007_TXW024": "26252423",
    "P7F00007_TXW025": "2A292827",
    "P7F00007_TXW026": "2E2D2C2B",
    "P7F00007_TXW027": "3231302F",
    "P7F00007_TXW028": "36353433",
    "P7F00007_TXW029": "3A393837",
    "P7F00007_TXW030": "3E3D3C3B",
    "P7F00007_TXW031": "4241403F",
    "P7F00007_TXW032": "46454443",
    "P7F00007_TXW033": "4A494847",
    "P7F00007_TXW034": "4E4D4C4B",
    "P7F00007_TXW035": "5251504F",
    "P7F00007_TXW036": "56555453",
    "P7F00007_TXW037": "5A595857",
    "P7F00007_TXW038": "5E5D5C5B",
    "P7F00007_TXW039": "6261605F",
    "P7F00007_TXW040": "66656463",
    "P7F00007_TXW041": "6A696867",
    "P7F00007_TXW042": "6E6D6C6B",
    "P7F00007_TXW043": "7271706F",
    "P7F00007_TXW044": "76757473",
    "P7F00007_TXW045": "7A797877",
    "P7F00007_TXW046": "7E7D7C7B",
    "P7F00007_TXW047": "8281807F",
    "P7F00007_TXW048": "86858483",
    "P7F00007_TXW049": "8A898887",
    "P7F00007_TXW050": "8E8D8C8B",
    "P7F00007_TXW051": "9291908F",
    "P7F00007_TXW052": "96959493",
    "P7F00007_TXW053": "9A999897",
    "P7F00007_TXW054": "9E9D9C9B",
    "P7F00007_TXW055": "A2A1A09F",
    "P7F00007_TXW056": "A6A5A4A3",
    "P7F00007_TXW057": "AAA9A8A7",
    "P7F00007_TXW058": "AEADACAB",
    "P7F00007_TXW059": "B2B1B0AF",
    "P7F00007_TXW060": "B6B5B4B3",
    "P7F00007_TXW061": "00B9B8B7",
    "P7F00007_COMMIT": "00000007",
    "P7F00007_COMMIT_POLLS": "1",
    "P7F00007_TX_CRC32": "BB44ECF1",
    "P7F00007_DONE": "00000017",
    "P7F00007_DONE_POLLS": "1",
    "P7F00007_STATUS": "00000017",
    "P7F00007_MAILBOX": "50364F4B",
    "P7F00007_RX_LEN": "000000F7",
    "P7F00007_RX_CRC32": "BB44ECF1",
    "P7F00007_RX_DIGEST": "BB44ECF1",
    "P7F00007_TX_COUNT": "00000008",
    "P7F00007_RX_GOOD_COUNT_L0": "00000008",
    "P7F00007_RX_GOOD_COUNT_L1": "00000000",
    "P7F00007_CRC_BAD": "00000000",
    "P7F00007_PAYLOAD_MISMATCH": "00000000",
    "P7F00007_RETRY_COUNT": "00000000",
    "P7F00007_RETRY_EXHAUSTED": "00000000",
    "P7F00007_TX_FAIL": "00000000",
    "P7F00007_DUTY_VIOLATION": "00000000",
    "P7F00007_RAW_TX_PULSES": "00000460",
    "P7F00007_RAW_RX_PULSES": "000008C1",
    "P7F00007_FRAME_GOOD": "00000008",
    "P7F00007_FRAME_BAD": "00000000",
    "P7F00007_ACK_SENT": "00000008",
    "P7F00007_ACK_SEEN": "00000008",
    "P7F00007_TXD_HIGH_MAX": "00000008",
    "P7F00007_ERROR_CODE": "00000000",
    "P7F00007_STICKY_ERROR": "00000000",
    "P7F00007_RXW000": "50414652",
    "P7F00007_RXW001": "00200001",
    "P7F00007_RXW002": "50370002",
    "P7F00007_RXW003": "00000002",
    "P7F00007_RXW004": "00001000",
    "P7F00007_RXW005": "00140007",
    "P7F00007_RXW006": "000000D7",
    "P7F00007_RXW007": "E39B1851",
    "P7F00007_RXW008": "E6E5E4E3",
    "P7F00007_RXW009": "EAE9E8E7",
    "P7F00007_RXW010": "EEEDECEB",
    "P7F00007_RXW011": "F2F1F0EF",
    "P7F00007_RXW012": "F6F5F4F3",
    "P7F00007_RXW013": "FAF9F8F7",
    "P7F00007_RXW014": "FEFDFCFB",
    "P7F00007_RXW015": "020100FF",
    "P7F00007_RXW016": "06050403",
    "P7F00007_RXW017": "0A090807",
    "P7F00007_RXW018": "0E0D0C0B",
    "P7F00007_RXW019": "1211100F",
    "P7F00007_RXW020": "16151413",
    "P7F00007_RXW021": "1A191817",
    "P7F00007_RXW022": "1E1D1C1B",
    "P7F00007_RXW023": "2221201F",
    "P7F00007_RXW024": "26252423",
    "P7F00007_RXW025": "2A292827",
    "P7F00007_RXW026": "2E2D2C2B",
    "P7F00007_RXW027": "3231302F",
    "P7F00007_RXW028": "36353433",
    "P7F00007_RXW029": "3A393837",
    "P7F00007_RXW030": "3E3D3C3B",
    "P7F00007_RXW031": "4241403F",
    "P7F00007_RXW032": "46454443",
    "P7F00007_RXW033": "4A494847",
    "P7F00007_RXW034": "4E4D4C4B",
    "P7F00007_RXW035": "5251504F",
    "P7F00007_RXW036": "56555453",
    "P7F00007_RXW037": "5A595857",
    "P7F00007_RXW038": "5E5D5C5B",
    "P7F00007_RXW039": "6261605F",
    "P7F00007_RXW040": "66656463",
    "P7F00007_RXW041": "6A696867",
    "P7F00007_RXW042": "6E6D6C6B",
    "P7F00007_RXW043": "7271706F",
    "P7F00007_RXW044": "76757473",
    "P7F00007_RXW045": "7A797877",
    "P7F00007_RXW046": "7E7D7C7B",
    "P7F00007_RXW047": "8281807F",
    "P7F00007_RXW048": "86858483",
    "P7F00007_RXW049": "8A898887",
    "P7F00007_RXW050": "8E8D8C8B",
    "P7F00007_RXW051": "9291908F",
    "P7F00007_RXW052": "96959493",
    "P7F00007_RXW053": "9A999897",
    "P7F00007_RXW054": "9E9D9C9B",
    "P7F00007_RXW055": "A2A1A09F",
    "P7F00007_RXW056": "A6A5A4A3",
    "P7F00007_RXW057": "AAA9A8A7",
    "P7F00007_RXW058": "AEADACAB",
    "P7F00007_RXW059": "B2B1B0AF",
    "P7F00007_RXW060": "B6B5B4B3",
    "P7F00007_RXW061": "00B9B8B7",
    "P7F00008_TXW000": "50414652",
    "P7F00008_TXW001": "00200001",
    "P7F00008_TXW002": "50370002",
    "P7F00008_TXW003": "00000002",
    "P7F00008_TXW004": "00001000",
    "P7F00008_TXW005": "00140008",
    "P7F00008_TXW006": "000000D7",
    "P7F00008_TXW007": "E39B1851",
    "P7F00008_TXW008": "BDBCBBBA",
    "P7F00008_TXW009": "C1C0BFBE",
    "P7F00008_TXW010": "C5C4C3C2",
    "P7F00008_TXW011": "C9C8C7C6",
    "P7F00008_TXW012": "CDCCCBCA",
    "P7F00008_TXW013": "D1D0CFCE",
    "P7F00008_TXW014": "D5D4D3D2",
    "P7F00008_TXW015": "D9D8D7D6",
    "P7F00008_TXW016": "DDDCDBDA",
    "P7F00008_TXW017": "E1E0DFDE",
    "P7F00008_TXW018": "E5E4E3E2",
    "P7F00008_TXW019": "E9E8E7E6",
    "P7F00008_TXW020": "EDECEBEA",
    "P7F00008_TXW021": "F1F0EFEE",
    "P7F00008_TXW022": "F5F4F3F2",
    "P7F00008_TXW023": "F9F8F7F6",
    "P7F00008_TXW024": "FDFCFBFA",
    "P7F00008_TXW025": "0100FFFE",
    "P7F00008_TXW026": "05040302",
    "P7F00008_TXW027": "09080706",
    "P7F00008_TXW028": "0D0C0B0A",
    "P7F00008_TXW029": "11100F0E",
    "P7F00008_TXW030": "15141312",
    "P7F00008_TXW031": "19181716",
    "P7F00008_TXW032": "1D1C1B1A",
    "P7F00008_TXW033": "21201F1E",
    "P7F00008_TXW034": "25242322",
    "P7F00008_TXW035": "29282726",
    "P7F00008_TXW036": "2D2C2B2A",
    "P7F00008_TXW037": "31302F2E",
    "P7F00008_TXW038": "35343332",
    "P7F00008_TXW039": "39383736",
    "P7F00008_TXW040": "3D3C3B3A",
    "P7F00008_TXW041": "41403F3E",
    "P7F00008_TXW042": "45444342",
    "P7F00008_TXW043": "49484746",
    "P7F00008_TXW044": "4D4C4B4A",
    "P7F00008_TXW045": "51504F4E",
    "P7F00008_TXW046": "55545352",
    "P7F00008_TXW047": "59585756",
    "P7F00008_TXW048": "5D5C5B5A",
    "P7F00008_TXW049": "61605F5E",
    "P7F00008_TXW050": "65646362",
    "P7F00008_TXW051": "69686766",
    "P7F00008_TXW052": "6D6C6B6A",
    "P7F00008_TXW053": "71706F6E",
    "P7F00008_TXW054": "75747372",
    "P7F00008_TXW055": "79787776",
    "P7F00008_TXW056": "7D7C7B7A",
    "P7F00008_TXW057": "81807F7E",
    "P7F00008_TXW058": "85848382",
    "P7F00008_TXW059": "89888786",
    "P7F00008_TXW060": "8D8C8B8A",
    "P7F00008_TXW061": "00908F8E",
    "P7F00008_COMMIT": "00000007",
    "P7F00008_COMMIT_POLLS": "1",
    "P7F00008_TX_CRC32": "FAD73618",
    "P7F00008_DONE": "00000017",
    "P7F00008_DONE_POLLS": "1",
    "P7F00008_STATUS": "00000017",
    "P7F00008_MAILBOX": "50364F4B",
    "P7F00008_RX_LEN": "000000F7",
    "P7F00008_RX_CRC32": "FAD73618",
    "P7F00008_RX_DIGEST": "FAD73618",
    "P7F00008_TX_COUNT": "00000009",
    "P7F00008_RX_GOOD_COUNT_L0": "00000009",
    "P7F00008_RX_GOOD_COUNT_L1": "00000000",
    "P7F00008_CRC_BAD": "00000000",
    "P7F00008_PAYLOAD_MISMATCH": "00000000",
    "P7F00008_RETRY_COUNT": "00000000",
    "P7F00008_RETRY_EXHAUSTED": "00000000",
    "P7F00008_TX_FAIL": "00000000",
    "P7F00008_DUTY_VIOLATION": "00000000",
    "P7F00008_RAW_TX_PULSES": "00000460",
    "P7F00008_RAW_RX_PULSES": "000008C1",
    "P7F00008_FRAME_GOOD": "00000009",
    "P7F00008_FRAME_BAD": "00000000",
    "P7F00008_ACK_SENT": "00000009",
    "P7F00008_ACK_SEEN": "00000009",
    "P7F00008_TXD_HIGH_MAX": "00000008",
    "P7F00008_ERROR_CODE": "00000000",
    "P7F00008_STICKY_ERROR": "00000000",
    "P7F00008_RXW000": "50414652",
    "P7F00008_RXW001": "00200001",
    "P7F00008_RXW002": "50370002",
    "P7F00008_RXW003": "00000002",
    "P7F00008_RXW004": "00001000",
    "P7F00008_RXW005": "00140008",
    "P7F00008_RXW006": "000000D7",
    "P7F00008_RXW007": "E39B1851",
    "P7F00008_RXW008": "BDBCBBBA",
    "P7F00008_RXW009": "C1C0BFBE",
    "P7F00008_RXW010": "C5C4C3C2",
    "P7F00008_RXW011": "C9C8C7C6",
    "P7F00008_RXW012": "CDCCCBCA",
    "P7F00008_RXW013": "D1D0CFCE",
    "P7F00008_RXW014": "D5D4D3D2",
    "P7F00008_RXW015": "D9D8D7D6",
    "P7F00008_RXW016": "DDDCDBDA",
    "P7F00008_RXW017": "E1E0DFDE",
    "P7F00008_RXW018": "E5E4E3E2",
    "P7F00008_RXW019": "E9E8E7E6",
    "P7F00008_RXW020": "EDECEBEA",
    "P7F00008_RXW021": "F1F0EFEE",
    "P7F00008_RXW022": "F5F4F3F2",
    "P7F00008_RXW023": "F9F8F7F6",
    "P7F00008_RXW024": "FDFCFBFA",
    "P7F00008_RXW025": "0100FFFE",
    "P7F00008_RXW026": "05040302",
    "P7F00008_RXW027": "09080706",
    "P7F00008_RXW028": "0D0C0B0A",
    "P7F00008_RXW029": "11100F0E",
    "P7F00008_RXW030": "15141312",
    "P7F00008_RXW031": "19181716",
    "P7F00008_RXW032": "1D1C1B1A",
    "P7F00008_RXW033": "21201F1E",
    "P7F00008_RXW034": "25242322",
    "P7F00008_RXW035": "29282726",
    "P7F00008_RXW036": "2D2C2B2A",
    "P7F00008_RXW037": "31302F2E",
    "P7F00008_RXW038": "35343332",
    "P7F00008_RXW039": "39383736",
    "P7F00008_RXW040": "3D3C3B3A",
    "P7F00008_RXW041": "41403F3E",
    "P7F00008_RXW042": "45444342",
    "P7F00008_RXW043": "49484746",
    "P7F00008_RXW044": "4D4C4B4A",
    "P7F00008_RXW045": "51504F4E",
    "P7F00008_RXW046": "55545352",
    "P7F00008_RXW047": "59585756",
    "P7F00008_RXW048": "5D5C5B5A",
    "P7F00008_RXW049": "61605F5E",
    "P7F00008_RXW050": "65646362",
    "P7F00008_RXW051": "69686766",
    "P7F00008_RXW052": "6D6C6B6A",
    "P7F00008_RXW053": "71706F6E",
    "P7F00008_RXW054": "75747372",
    "P7F00008_RXW055": "79787776",
    "P7F00008_RXW056": "7D7C7B7A",
    "P7F00008_RXW057": "81807F7E",
    "P7F00008_RXW058": "85848382",
    "P7F00008_RXW059": "89888786",
    "P7F00008_RXW060": "8D8C8B8A",
    "P7F00008_RXW061": "00908F8E",
    "P7F00009_TXW000": "50414652",
    "P7F00009_TXW001": "00200001",
    "P7F00009_TXW002": "50370002",
    "P7F00009_TXW003": "00000002",
    "P7F00009_TXW004": "00001000",
    "P7F00009_TXW005": "00140009",
    "P7F00009_TXW006": "000000D7",
    "P7F00009_TXW007": "E39B1851",
    "P7F00009_TXW008": "94939291",
    "P7F00009_TXW009": "98979695",
    "P7F00009_TXW010": "9C9B9A99",
    "P7F00009_TXW011": "A09F9E9D",
    "P7F00009_TXW012": "A4A3A2A1",
    "P7F00009_TXW013": "A8A7A6A5",
    "P7F00009_TXW014": "ACABAAA9",
    "P7F00009_TXW015": "B0AFAEAD",
    "P7F00009_TXW016": "B4B3B2B1",
    "P7F00009_TXW017": "B8B7B6B5",
    "P7F00009_TXW018": "BCBBBAB9",
    "P7F00009_TXW019": "C0BFBEBD",
    "P7F00009_TXW020": "C4C3C2C1",
    "P7F00009_TXW021": "C8C7C6C5",
    "P7F00009_TXW022": "CCCBCAC9",
    "P7F00009_TXW023": "D0CFCECD",
    "P7F00009_TXW024": "D4D3D2D1",
    "P7F00009_TXW025": "D8D7D6D5",
    "P7F00009_TXW026": "DCDBDAD9",
    "P7F00009_TXW027": "E0DFDEDD",
    "P7F00009_TXW028": "E4E3E2E1",
    "P7F00009_TXW029": "E8E7E6E5",
    "P7F00009_TXW030": "ECEBEAE9",
    "P7F00009_TXW031": "F0EFEEED",
    "P7F00009_TXW032": "F4F3F2F1",
    "P7F00009_TXW033": "F8F7F6F5",
    "P7F00009_TXW034": "FCFBFAF9",
    "P7F00009_TXW035": "00FFFEFD",
    "P7F00009_TXW036": "04030201",
    "P7F00009_TXW037": "08070605",
    "P7F00009_TXW038": "0C0B0A09",
    "P7F00009_TXW039": "100F0E0D",
    "P7F00009_TXW040": "14131211",
    "P7F00009_TXW041": "18171615",
    "P7F00009_TXW042": "1C1B1A19",
    "P7F00009_TXW043": "201F1E1D",
    "P7F00009_TXW044": "24232221",
    "P7F00009_TXW045": "28272625",
    "P7F00009_TXW046": "2C2B2A29",
    "P7F00009_TXW047": "302F2E2D",
    "P7F00009_TXW048": "34333231",
    "P7F00009_TXW049": "38373635",
    "P7F00009_TXW050": "3C3B3A39",
    "P7F00009_TXW051": "403F3E3D",
    "P7F00009_TXW052": "44434241",
    "P7F00009_TXW053": "48474645",
    "P7F00009_TXW054": "4C4B4A49",
    "P7F00009_TXW055": "504F4E4D",
    "P7F00009_TXW056": "54535251",
    "P7F00009_TXW057": "58575655",
    "P7F00009_TXW058": "5C5B5A59",
    "P7F00009_TXW059": "605F5E5D",
    "P7F00009_TXW060": "64636261",
    "P7F00009_TXW061": "00676665",
    "P7F00009_COMMIT": "00000007",
    "P7F00009_COMMIT_POLLS": "1",
    "P7F00009_TX_CRC32": "B82AA7E9",
    "P7F00009_DONE": "00000017",
    "P7F00009_DONE_POLLS": "1",
    "P7F00009_STATUS": "00000017",
    "P7F00009_MAILBOX": "50364F4B",
    "P7F00009_RX_LEN": "000000F7",
    "P7F00009_RX_CRC32": "B82AA7E9",
    "P7F00009_RX_DIGEST": "B82AA7E9",
    "P7F00009_TX_COUNT": "0000000A",
    "P7F00009_RX_GOOD_COUNT_L0": "0000000A",
    "P7F00009_RX_GOOD_COUNT_L1": "00000000",
    "P7F00009_CRC_BAD": "00000000",
    "P7F00009_PAYLOAD_MISMATCH": "00000000",
    "P7F00009_RETRY_COUNT": "00000000",
    "P7F00009_RETRY_EXHAUSTED": "00000000",
    "P7F00009_TX_FAIL": "00000000",
    "P7F00009_DUTY_VIOLATION": "00000000",
    "P7F00009_RAW_TX_PULSES": "00000460",
    "P7F00009_RAW_RX_PULSES": "000008C1",
    "P7F00009_FRAME_GOOD": "0000000A",
    "P7F00009_FRAME_BAD": "00000000",
    "P7F00009_ACK_SENT": "0000000A",
    "P7F00009_ACK_SEEN": "0000000A",
    "P7F00009_TXD_HIGH_MAX": "00000008",
    "P7F00009_ERROR_CODE": "00000000",
    "P7F00009_STICKY_ERROR": "00000000",
    "P7F00009_RXW000": "50414652",
    "P7F00009_RXW001": "00200001",
    "P7F00009_RXW002": "50370002",
    "P7F00009_RXW003": "00000002",
    "P7F00009_RXW004": "00001000",
    "P7F00009_RXW005": "00140009",
    "P7F00009_RXW006": "000000D7",
    "P7F00009_RXW007": "E39B1851",
    "P7F00009_RXW008": "94939291",
    "P7F00009_RXW009": "98979695",
    "P7F00009_RXW010": "9C9B9A99",
    "P7F00009_RXW011": "A09F9E9D",
    "P7F00009_RXW012": "A4A3A2A1",
    "P7F00009_RXW013": "A8A7A6A5",
    "P7F00009_RXW014": "ACABAAA9",
    "P7F00009_RXW015": "B0AFAEAD",
    "P7F00009_RXW016": "B4B3B2B1",
    "P7F00009_RXW017": "B8B7B6B5",
    "P7F00009_RXW018": "BCBBBAB9",
    "P7F00009_RXW019": "C0BFBEBD",
    "P7F00009_RXW020": "C4C3C2C1",
    "P7F00009_RXW021": "C8C7C6C5",
    "P7F00009_RXW022": "CCCBCAC9",
    "P7F00009_RXW023": "D0CFCECD",
    "P7F00009_RXW024": "D4D3D2D1",
    "P7F00009_RXW025": "D8D7D6D5",
    "P7F00009_RXW026": "DCDBDAD9",
    "P7F00009_RXW027": "E0DFDEDD",
    "P7F00009_RXW028": "E4E3E2E1",
    "P7F00009_RXW029": "E8E7E6E5",
    "P7F00009_RXW030": "ECEBEAE9",
    "P7F00009_RXW031": "F0EFEEED",
    "P7F00009_RXW032": "F4F3F2F1",
    "P7F00009_RXW033": "F8F7F6F5",
    "P7F00009_RXW034": "FCFBFAF9",
    "P7F00009_RXW035": "00FFFEFD",
    "P7F00009_RXW036": "04030201",
    "P7F00009_RXW037": "08070605",
    "P7F00009_RXW038": "0C0B0A09",
    "P7F00009_RXW039": "100F0E0D",
    "P7F00009_RXW040": "14131211",
    "P7F00009_RXW041": "18171615",
    "P7F00009_RXW042": "1C1B1A19",
    "P7F00009_RXW043": "201F1E1D",
    "P7F00009_RXW044": "24232221",
    "P7F00009_RXW045": "28272625",
    "P7F00009_RXW046": "2C2B2A29",
    "P7F00009_RXW047": "302F2E2D",
    "P7F00009_RXW048": "34333231",
    "P7F00009_RXW049": "38373635",
    "P7F00009_RXW050": "3C3B3A39",
    "P7F00009_RXW051": "403F3E3D",
    "P7F00009_RXW052": "44434241",
    "P7F00009_RXW053": "48474645",
    "P7F00009_RXW054": "4C4B4A49",
    "P7F00009_RXW055": "504F4E4D",
    "P7F00009_RXW056": "54535251",
    "P7F00009_RXW057": "58575655",
    "P7F00009_RXW058": "5C5B5A59",
    "P7F00009_RXW059": "605F5E5D",
    "P7F00009_RXW060": "64636261",
    "P7F00009_RXW061": "00676665",
    "P7F00010_TXW000": "50414652",
    "P7F00010_TXW001": "00200001",
    "P7F00010_TXW002": "50370002",
    "P7F00010_TXW003": "00000002",
    "P7F00010_TXW004": "00001000",
    "P7F00010_TXW005": "0014000A",
    "P7F00010_TXW006": "000000D7",
    "P7F00010_TXW007": "E39B1851",
    "P7F00010_TXW008": "6B6A6968",
    "P7F00010_TXW009": "6F6E6D6C",
    "P7F00010_TXW010": "73727170",
    "P7F00010_TXW011": "77767574",
    "P7F00010_TXW012": "7B7A7978",
    "P7F00010_TXW013": "7F7E7D7C",
    "P7F00010_TXW014": "83828180",
    "P7F00010_TXW015": "87868584",
    "P7F00010_TXW016": "8B8A8988",
    "P7F00010_TXW017": "8F8E8D8C",
    "P7F00010_TXW018": "93929190",
    "P7F00010_TXW019": "97969594",
    "P7F00010_TXW020": "9B9A9998",
    "P7F00010_TXW021": "9F9E9D9C",
    "P7F00010_TXW022": "A3A2A1A0",
    "P7F00010_TXW023": "A7A6A5A4",
    "P7F00010_TXW024": "ABAAA9A8",
    "P7F00010_TXW025": "AFAEADAC",
    "P7F00010_TXW026": "B3B2B1B0",
    "P7F00010_TXW027": "B7B6B5B4",
    "P7F00010_TXW028": "BBBAB9B8",
    "P7F00010_TXW029": "BFBEBDBC",
    "P7F00010_TXW030": "C3C2C1C0",
    "P7F00010_TXW031": "C7C6C5C4",
    "P7F00010_TXW032": "CBCAC9C8",
    "P7F00010_TXW033": "CFCECDCC",
    "P7F00010_TXW034": "D3D2D1D0",
    "P7F00010_TXW035": "D7D6D5D4",
    "P7F00010_TXW036": "DBDAD9D8",
    "P7F00010_TXW037": "DFDEDDDC",
    "P7F00010_TXW038": "E3E2E1E0",
    "P7F00010_TXW039": "E7E6E5E4",
    "P7F00010_TXW040": "EBEAE9E8",
    "P7F00010_TXW041": "EFEEEDEC",
    "P7F00010_TXW042": "F3F2F1F0",
    "P7F00010_TXW043": "F7F6F5F4",
    "P7F00010_TXW044": "FBFAF9F8",
    "P7F00010_TXW045": "FFFEFDFC",
    "P7F00010_TXW046": "03020100",
    "P7F00010_TXW047": "07060504",
    "P7F00010_TXW048": "0B0A0908",
    "P7F00010_TXW049": "0F0E0D0C",
    "P7F00010_TXW050": "13121110",
    "P7F00010_TXW051": "17161514",
    "P7F00010_TXW052": "1B1A1918",
    "P7F00010_TXW053": "1F1E1D1C",
    "P7F00010_TXW054": "23222120",
    "P7F00010_TXW055": "27262524",
    "P7F00010_TXW056": "2B2A2928",
    "P7F00010_TXW057": "2F2E2D2C",
    "P7F00010_TXW058": "33323130",
    "P7F00010_TXW059": "37363534",
    "P7F00010_TXW060": "3B3A3938",
    "P7F00010_TXW061": "003E3D3C",
    "P7F00010_COMMIT": "00000007",
    "P7F00010_COMMIT_POLLS": "1",
    "P7F00010_TX_CRC32": "A394F789",
    "P7F00010_DONE": "00000017",
    "P7F00010_DONE_POLLS": "1",
    "P7F00010_STATUS": "00000017",
    "P7F00010_MAILBOX": "50364F4B",
    "P7F00010_RX_LEN": "000000F7",
    "P7F00010_RX_CRC32": "A394F789",
    "P7F00010_RX_DIGEST": "A394F789",
    "P7F00010_TX_COUNT": "0000000B",
    "P7F00010_RX_GOOD_COUNT_L0": "0000000B",
    "P7F00010_RX_GOOD_COUNT_L1": "00000000",
    "P7F00010_CRC_BAD": "00000000",
    "P7F00010_PAYLOAD_MISMATCH": "00000000",
    "P7F00010_RETRY_COUNT": "00000000",
    "P7F00010_RETRY_EXHAUSTED": "00000000",
    "P7F00010_TX_FAIL": "00000000",
    "P7F00010_DUTY_VIOLATION": "00000000",
    "P7F00010_RAW_TX_PULSES": "00000460",
    "P7F00010_RAW_RX_PULSES": "000008C1",
    "P7F00010_FRAME_GOOD": "0000000B",
    "P7F00010_FRAME_BAD": "00000000",
    "P7F00010_ACK_SENT": "0000000B",
    "P7F00010_ACK_SEEN": "0000000B",
    "P7F00010_TXD_HIGH_MAX": "00000008",
    "P7F00010_ERROR_CODE": "00000000",
    "P7F00010_STICKY_ERROR": "00000000",
    "P7F00010_RXW000": "50414652",
    "P7F00010_RXW001": "00200001",
    "P7F00010_RXW002": "50370002",
    "P7F00010_RXW003": "00000002",
    "P7F00010_RXW004": "00001000",
    "P7F00010_RXW005": "0014000A",
    "P7F00010_RXW006": "000000D7",
    "P7F00010_RXW007": "E39B1851",
    "P7F00010_RXW008": "6B6A6968",
    "P7F00010_RXW009": "6F6E6D6C",
    "P7F00010_RXW010": "73727170",
    "P7F00010_RXW011": "77767574",
    "P7F00010_RXW012": "7B7A7978",
    "P7F00010_RXW013": "7F7E7D7C",
    "P7F00010_RXW014": "83828180",
    "P7F00010_RXW015": "87868584",
    "P7F00010_RXW016": "8B8A8988",
    "P7F00010_RXW017": "8F8E8D8C",
    "P7F00010_RXW018": "93929190",
    "P7F00010_RXW019": "97969594",
    "P7F00010_RXW020": "9B9A9998",
    "P7F00010_RXW021": "9F9E9D9C",
    "P7F00010_RXW022": "A3A2A1A0",
    "P7F00010_RXW023": "A7A6A5A4",
    "P7F00010_RXW024": "ABAAA9A8",
    "P7F00010_RXW025": "AFAEADAC",
    "P7F00010_RXW026": "B3B2B1B0",
    "P7F00010_RXW027": "B7B6B5B4",
    "P7F00010_RXW028": "BBBAB9B8",
    "P7F00010_RXW029": "BFBEBDBC",
    "P7F00010_RXW030": "C3C2C1C0",
    "P7F00010_RXW031": "C7C6C5C4",
    "P7F00010_RXW032": "CBCAC9C8",
    "P7F00010_RXW033": "CFCECDCC",
    "P7F00010_RXW034": "D3D2D1D0",
    "P7F00010_RXW035": "D7D6D5D4",
    "P7F00010_RXW036": "DBDAD9D8",
    "P7F00010_RXW037": "DFDEDDDC",
    "P7F00010_RXW038": "E3E2E1E0",
    "P7F00010_RXW039": "E7E6E5E4",
    "P7F00010_RXW040": "EBEAE9E8",
    "P7F00010_RXW041": "EFEEEDEC",
    "P7F00010_RXW042": "F3F2F1F0",
    "P7F00010_RXW043": "F7F6F5F4",
    "P7F00010_RXW044": "FBFAF9F8",
    "P7F00010_RXW045": "FFFEFDFC",
    "P7F00010_RXW046": "03020100",
    "P7F00010_RXW047": "07060504",
    "P7F00010_RXW048": "0B0A0908",
    "P7F00010_RXW049": "0F0E0D0C",
    "P7F00010_RXW050": "13121110",
    "P7F00010_RXW051": "17161514",
    "P7F00010_RXW052": "1B1A1918",
    "P7F00010_RXW053": "1F1E1D1C",
    "P7F00010_RXW054": "23222120",
    "P7F00010_RXW055": "27262524",
    "P7F00010_RXW056": "2B2A2928",
    "P7F00010_RXW057": "2F2E2D2C",
    "P7F00010_RXW058": "33323130",
    "P7F00010_RXW059": "37363534",
    "P7F00010_RXW060": "3B3A3938",
    "P7F00010_RXW061": "003E3D3C",
    "P7F00011_TXW000": "50414652",
    "P7F00011_TXW001": "00200001",
    "P7F00011_TXW002": "50370002",
    "P7F00011_TXW003": "00000002",
    "P7F00011_TXW004": "00001000",
    "P7F00011_TXW005": "0014000B",
    "P7F00011_TXW006": "000000D7",
    "P7F00011_TXW007": "E39B1851",
    "P7F00011_TXW008": "4241403F",
    "P7F00011_TXW009": "46454443",
    "P7F00011_TXW010": "4A494847",
    "P7F00011_TXW011": "4E4D4C4B",
    "P7F00011_TXW012": "5251504F",
    "P7F00011_TXW013": "56555453",
    "P7F00011_TXW014": "5A595857",
    "P7F00011_TXW015": "5E5D5C5B",
    "P7F00011_TXW016": "6261605F",
    "P7F00011_TXW017": "66656463",
    "P7F00011_TXW018": "6A696867",
    "P7F00011_TXW019": "6E6D6C6B",
    "P7F00011_TXW020": "7271706F",
    "P7F00011_TXW021": "76757473",
    "P7F00011_TXW022": "7A797877",
    "P7F00011_TXW023": "7E7D7C7B",
    "P7F00011_TXW024": "8281807F",
    "P7F00011_TXW025": "86858483",
    "P7F00011_TXW026": "8A898887",
    "P7F00011_TXW027": "8E8D8C8B",
    "P7F00011_TXW028": "9291908F",
    "P7F00011_TXW029": "96959493",
    "P7F00011_TXW030": "9A999897",
    "P7F00011_TXW031": "9E9D9C9B",
    "P7F00011_TXW032": "A2A1A09F",
    "P7F00011_TXW033": "A6A5A4A3",
    "P7F00011_TXW034": "AAA9A8A7",
    "P7F00011_TXW035": "AEADACAB",
    "P7F00011_TXW036": "B2B1B0AF",
    "P7F00011_TXW037": "B6B5B4B3",
    "P7F00011_TXW038": "BAB9B8B7",
    "P7F00011_TXW039": "BEBDBCBB",
    "P7F00011_TXW040": "C2C1C0BF",
    "P7F00011_TXW041": "C6C5C4C3",
    "P7F00011_TXW042": "CAC9C8C7",
    "P7F00011_TXW043": "CECDCCCB",
    "P7F00011_TXW044": "D2D1D0CF",
    "P7F00011_TXW045": "D6D5D4D3",
    "P7F00011_TXW046": "DAD9D8D7",
    "P7F00011_TXW047": "DEDDDCDB",
    "P7F00011_TXW048": "E2E1E0DF",
    "P7F00011_TXW049": "E6E5E4E3",
    "P7F00011_TXW050": "EAE9E8E7",
    "P7F00011_TXW051": "EEEDECEB",
    "P7F00011_TXW052": "F2F1F0EF",
    "P7F00011_TXW053": "F6F5F4F3",
    "P7F00011_TXW054": "FAF9F8F7",
    "P7F00011_TXW055": "FEFDFCFB",
    "P7F00011_TXW056": "020100FF",
    "P7F00011_TXW057": "06050403",
    "P7F00011_TXW058": "0A090807",
    "P7F00011_TXW059": "0E0D0C0B",
    "P7F00011_TXW060": "1211100F",
    "P7F00011_TXW061": "00151413",
    "P7F00011_COMMIT": "00000007",
    "P7F00011_COMMIT_POLLS": "1",
    "P7F00011_TX_CRC32": "8AF7094E",
    "P7F00011_DONE": "00000017",
    "P7F00011_DONE_POLLS": "1",
    "P7F00011_STATUS": "00000017",
    "P7F00011_MAILBOX": "50364F4B",
    "P7F00011_RX_LEN": "000000F7",
    "P7F00011_RX_CRC32": "8AF7094E",
    "P7F00011_RX_DIGEST": "8AF7094E",
    "P7F00011_TX_COUNT": "0000000C",
    "P7F00011_RX_GOOD_COUNT_L0": "0000000C",
    "P7F00011_RX_GOOD_COUNT_L1": "00000000",
    "P7F00011_CRC_BAD": "00000000",
    "P7F00011_PAYLOAD_MISMATCH": "00000000",
    "P7F00011_RETRY_COUNT": "00000000",
    "P7F00011_RETRY_EXHAUSTED": "00000000",
    "P7F00011_TX_FAIL": "00000000",
    "P7F00011_DUTY_VIOLATION": "00000000",
    "P7F00011_RAW_TX_PULSES": "00000460",
    "P7F00011_RAW_RX_PULSES": "000008C1",
    "P7F00011_FRAME_GOOD": "0000000C",
    "P7F00011_FRAME_BAD": "00000000",
    "P7F00011_ACK_SENT": "0000000C",
    "P7F00011_ACK_SEEN": "0000000C",
    "P7F00011_TXD_HIGH_MAX": "00000008",
    "P7F00011_ERROR_CODE": "00000000",
    "P7F00011_STICKY_ERROR": "00000000",
    "P7F00011_RXW000": "50414652",
    "P7F00011_RXW001": "00200001",
    "P7F00011_RXW002": "50370002",
    "P7F00011_RXW003": "00000002",
    "P7F00011_RXW004": "00001000",
    "P7F00011_RXW005": "0014000B",
    "P7F00011_RXW006": "000000D7",
    "P7F00011_RXW007": "E39B1851",
    "P7F00011_RXW008": "4241403F",
    "P7F00011_RXW009": "46454443",
    "P7F00011_RXW010": "4A494847",
    "P7F00011_RXW011": "4E4D4C4B",
    "P7F00011_RXW012": "5251504F",
    "P7F00011_RXW013": "56555453",
    "P7F00011_RXW014": "5A595857",
    "P7F00011_RXW015": "5E5D5C5B",
    "P7F00011_RXW016": "6261605F",
    "P7F00011_RXW017": "66656463",
    "P7F00011_RXW018": "6A696867",
    "P7F00011_RXW019": "6E6D6C6B",
    "P7F00011_RXW020": "7271706F",
    "P7F00011_RXW021": "76757473",
    "P7F00011_RXW022": "7A797877",
    "P7F00011_RXW023": "7E7D7C7B",
    "P7F00011_RXW024": "8281807F",
    "P7F00011_RXW025": "86858483",
    "P7F00011_RXW026": "8A898887",
    "P7F00011_RXW027": "8E8D8C8B",
    "P7F00011_RXW028": "9291908F",
    "P7F00011_RXW029": "96959493",
    "P7F00011_RXW030": "9A999897",
    "P7F00011_RXW031": "9E9D9C9B",
    "P7F00011_RXW032": "A2A1A09F",
    "P7F00011_RXW033": "A6A5A4A3",
    "P7F00011_RXW034": "AAA9A8A7",
    "P7F00011_RXW035": "AEADACAB",
    "P7F00011_RXW036": "B2B1B0AF",
    "P7F00011_RXW037": "B6B5B4B3",
    "P7F00011_RXW038": "BAB9B8B7",
    "P7F00011_RXW039": "BEBDBCBB",
    "P7F00011_RXW040": "C2C1C0BF",
    "P7F00011_RXW041": "C6C5C4C3",
    "P7F00011_RXW042": "CAC9C8C7",
    "P7F00011_RXW043": "CECDCCCB",
    "P7F00011_RXW044": "D2D1D0CF",
    "P7F00011_RXW045": "D6D5D4D3",
    "P7F00011_RXW046": "DAD9D8D7",
    "P7F00011_RXW047": "DEDDDCDB",
    "P7F00011_RXW048": "E2E1E0DF",
    "P7F00011_RXW049": "E6E5E4E3",
    "P7F00011_RXW050": "EAE9E8E7",
    "P7F00011_RXW051": "EEEDECEB",
    "P7F00011_RXW052": "F2F1F0EF",
    "P7F00011_RXW053": "F6F5F4F3",
    "P7F00011_RXW054": "FAF9F8F7",
    "P7F00011_RXW055": "FEFDFCFB",
    "P7F00011_RXW056": "020100FF",
    "P7F00011_RXW057": "06050403",
    "P7F00011_RXW058": "0A090807",
    "P7F00011_RXW059": "0E0D0C0B",
    "P7F00011_RXW060": "1211100F",
    "P7F00011_RXW061": "00151413",
    "P7F00012_TXW000": "50414652",
    "P7F00012_TXW001": "00200001",
    "P7F00012_TXW002": "50370002",
    "P7F00012_TXW003": "00000002",
    "P7F00012_TXW004": "00001000",
    "P7F00012_TXW005": "0014000C",
    "P7F00012_TXW006": "000000D7",
    "P7F00012_TXW007": "E39B1851",
    "P7F00012_TXW008": "19181716",
    "P7F00012_TXW009": "1D1C1B1A",
    "P7F00012_TXW010": "21201F1E",
    "P7F00012_TXW011": "25242322",
    "P7F00012_TXW012": "29282726",
    "P7F00012_TXW013": "2D2C2B2A",
    "P7F00012_TXW014": "31302F2E",
    "P7F00012_TXW015": "35343332",
    "P7F00012_TXW016": "39383736",
    "P7F00012_TXW017": "3D3C3B3A",
    "P7F00012_TXW018": "41403F3E",
    "P7F00012_TXW019": "45444342",
    "P7F00012_TXW020": "49484746",
    "P7F00012_TXW021": "4D4C4B4A",
    "P7F00012_TXW022": "51504F4E",
    "P7F00012_TXW023": "55545352",
    "P7F00012_TXW024": "59585756",
    "P7F00012_TXW025": "5D5C5B5A",
    "P7F00012_TXW026": "61605F5E",
    "P7F00012_TXW027": "65646362",
    "P7F00012_TXW028": "69686766",
    "P7F00012_TXW029": "6D6C6B6A",
    "P7F00012_TXW030": "71706F6E",
    "P7F00012_TXW031": "75747372",
    "P7F00012_TXW032": "79787776",
    "P7F00012_TXW033": "7D7C7B7A",
    "P7F00012_TXW034": "81807F7E",
    "P7F00012_TXW035": "85848382",
    "P7F00012_TXW036": "89888786",
    "P7F00012_TXW037": "8D8C8B8A",
    "P7F00012_TXW038": "91908F8E",
    "P7F00012_TXW039": "95949392",
    "P7F00012_TXW040": "99989796",
    "P7F00012_TXW041": "9D9C9B9A",
    "P7F00012_TXW042": "A1A09F9E",
    "P7F00012_TXW043": "A5A4A3A2",
    "P7F00012_TXW044": "A9A8A7A6",
    "P7F00012_TXW045": "ADACABAA",
    "P7F00012_TXW046": "B1B0AFAE",
    "P7F00012_TXW047": "B5B4B3B2",
    "P7F00012_TXW048": "B9B8B7B6",
    "P7F00012_TXW049": "BDBCBBBA",
    "P7F00012_TXW050": "C1C0BFBE",
    "P7F00012_TXW051": "C5C4C3C2",
    "P7F00012_TXW052": "C9C8C7C6",
    "P7F00012_TXW053": "CDCCCBCA",
    "P7F00012_TXW054": "D1D0CFCE",
    "P7F00012_TXW055": "D5D4D3D2",
    "P7F00012_TXW056": "D9D8D7D6",
    "P7F00012_TXW057": "DDDCDBDA",
    "P7F00012_TXW058": "E1E0DFDE",
    "P7F00012_TXW059": "E5E4E3E2",
    "P7F00012_TXW060": "E9E8E7E6",
    "P7F00012_TXW061": "00ECEBEA",
    "P7F00012_COMMIT": "00000007",
    "P7F00012_COMMIT_POLLS": "1",
    "P7F00012_TX_CRC32": "B2213E67",
    "P7F00012_DONE": "00000017",
    "P7F00012_DONE_POLLS": "1",
    "P7F00012_STATUS": "00000017",
    "P7F00012_MAILBOX": "50364F4B",
    "P7F00012_RX_LEN": "000000F7",
    "P7F00012_RX_CRC32": "B2213E67",
    "P7F00012_RX_DIGEST": "B2213E67",
    "P7F00012_TX_COUNT": "0000000D",
    "P7F00012_RX_GOOD_COUNT_L0": "0000000D",
    "P7F00012_RX_GOOD_COUNT_L1": "00000000",
    "P7F00012_CRC_BAD": "00000000",
    "P7F00012_PAYLOAD_MISMATCH": "00000000",
    "P7F00012_RETRY_COUNT": "00000000",
    "P7F00012_RETRY_EXHAUSTED": "00000000",
    "P7F00012_TX_FAIL": "00000000",
    "P7F00012_DUTY_VIOLATION": "00000000",
    "P7F00012_RAW_TX_PULSES": "00000460",
    "P7F00012_RAW_RX_PULSES": "000008C1",
    "P7F00012_FRAME_GOOD": "0000000D",
    "P7F00012_FRAME_BAD": "00000000",
    "P7F00012_ACK_SENT": "0000000D",
    "P7F00012_ACK_SEEN": "0000000D",
    "P7F00012_TXD_HIGH_MAX": "00000008",
    "P7F00012_ERROR_CODE": "00000000",
    "P7F00012_STICKY_ERROR": "00000000",
    "P7F00012_RXW000": "50414652",
    "P7F00012_RXW001": "00200001",
    "P7F00012_RXW002": "50370002",
    "P7F00012_RXW003": "00000002",
    "P7F00012_RXW004": "00001000",
    "P7F00012_RXW005": "0014000C",
    "P7F00012_RXW006": "000000D7",
    "P7F00012_RXW007": "E39B1851",
    "P7F00012_RXW008": "19181716",
    "P7F00012_RXW009": "1D1C1B1A",
    "P7F00012_RXW010": "21201F1E",
    "P7F00012_RXW011": "25242322",
    "P7F00012_RXW012": "29282726",
    "P7F00012_RXW013": "2D2C2B2A",
    "P7F00012_RXW014": "31302F2E",
    "P7F00012_RXW015": "35343332",
    "P7F00012_RXW016": "39383736",
    "P7F00012_RXW017": "3D3C3B3A",
    "P7F00012_RXW018": "41403F3E",
    "P7F00012_RXW019": "45444342",
    "P7F00012_RXW020": "49484746",
    "P7F00012_RXW021": "4D4C4B4A",
    "P7F00012_RXW022": "51504F4E",
    "P7F00012_RXW023": "55545352",
    "P7F00012_RXW024": "59585756",
    "P7F00012_RXW025": "5D5C5B5A",
    "P7F00012_RXW026": "61605F5E",
    "P7F00012_RXW027": "65646362",
    "P7F00012_RXW028": "69686766",
    "P7F00012_RXW029": "6D6C6B6A",
    "P7F00012_RXW030": "71706F6E",
    "P7F00012_RXW031": "75747372",
    "P7F00012_RXW032": "79787776",
    "P7F00012_RXW033": "7D7C7B7A",
    "P7F00012_RXW034": "81807F7E",
    "P7F00012_RXW035": "85848382",
    "P7F00012_RXW036": "89888786",
    "P7F00012_RXW037": "8D8C8B8A",
    "P7F00012_RXW038": "91908F8E",
    "P7F00012_RXW039": "95949392",
    "P7F00012_RXW040": "99989796",
    "P7F00012_RXW041": "9D9C9B9A",
    "P7F00012_RXW042": "A1A09F9E",
    "P7F00012_RXW043": "A5A4A3A2",
    "P7F00012_RXW044": "A9A8A7A6",
    "P7F00012_RXW045": "ADACABAA",
    "P7F00012_RXW046": "B1B0AFAE",
    "P7F00012_RXW047": "B5B4B3B2",
    "P7F00012_RXW048": "B9B8B7B6",
    "P7F00012_RXW049": "BDBCBBBA",
    "P7F00012_RXW050": "C1C0BFBE",
    "P7F00012_RXW051": "C5C4C3C2",
    "P7F00012_RXW052": "C9C8C7C6",
    "P7F00012_RXW053": "CDCCCBCA",
    "P7F00012_RXW054": "D1D0CFCE",
    "P7F00012_RXW055": "D5D4D3D2",
    "P7F00012_RXW056": "D9D8D7D6",
    "P7F00012_RXW057": "DDDCDBDA",
    "P7F00012_RXW058": "E1E0DFDE",
    "P7F00012_RXW059": "E5E4E3E2",
    "P7F00012_RXW060": "E9E8E7E6",
    "P7F00012_RXW061": "00ECEBEA",
    "P7F00013_TXW000": "50414652",
    "P7F00013_TXW001": "00200001",
    "P7F00013_TXW002": "50370002",
    "P7F00013_TXW003": "00000002",
    "P7F00013_TXW004": "00001000",
    "P7F00013_TXW005": "0014000D",
    "P7F00013_TXW006": "000000D7",
    "P7F00013_TXW007": "E39B1851",
    "P7F00013_TXW008": "F0EFEEED",
    "P7F00013_TXW009": "F4F3F2F1",
    "P7F00013_TXW010": "F8F7F6F5",
    "P7F00013_TXW011": "FCFBFAF9",
    "P7F00013_TXW012": "00FFFEFD",
    "P7F00013_TXW013": "04030201",
    "P7F00013_TXW014": "08070605",
    "P7F00013_TXW015": "0C0B0A09",
    "P7F00013_TXW016": "100F0E0D",
    "P7F00013_TXW017": "14131211",
    "P7F00013_TXW018": "18171615",
    "P7F00013_TXW019": "1C1B1A19",
    "P7F00013_TXW020": "201F1E1D",
    "P7F00013_TXW021": "24232221",
    "P7F00013_TXW022": "28272625",
    "P7F00013_TXW023": "2C2B2A29",
    "P7F00013_TXW024": "302F2E2D",
    "P7F00013_TXW025": "34333231",
    "P7F00013_TXW026": "38373635",
    "P7F00013_TXW027": "3C3B3A39",
    "P7F00013_TXW028": "403F3E3D",
    "P7F00013_TXW029": "44434241",
    "P7F00013_TXW030": "48474645",
    "P7F00013_TXW031": "4C4B4A49",
    "P7F00013_TXW032": "504F4E4D",
    "P7F00013_TXW033": "54535251",
    "P7F00013_TXW034": "58575655",
    "P7F00013_TXW035": "5C5B5A59",
    "P7F00013_TXW036": "605F5E5D",
    "P7F00013_TXW037": "64636261",
    "P7F00013_TXW038": "68676665",
    "P7F00013_TXW039": "6C6B6A69",
    "P7F00013_TXW040": "706F6E6D",
    "P7F00013_TXW041": "74737271",
    "P7F00013_TXW042": "78777675",
    "P7F00013_TXW043": "7C7B7A79",
    "P7F00013_TXW044": "807F7E7D",
    "P7F00013_TXW045": "84838281",
    "P7F00013_TXW046": "88878685",
    "P7F00013_TXW047": "8C8B8A89",
    "P7F00013_TXW048": "908F8E8D",
    "P7F00013_TXW049": "94939291",
    "P7F00013_TXW050": "98979695",
    "P7F00013_TXW051": "9C9B9A99",
    "P7F00013_TXW052": "A09F9E9D",
    "P7F00013_TXW053": "A4A3A2A1",
    "P7F00013_TXW054": "A8A7A6A5",
    "P7F00013_TXW055": "ACABAAA9",
    "P7F00013_TXW056": "B0AFAEAD",
    "P7F00013_TXW057": "B4B3B2B1",
    "P7F00013_TXW058": "B8B7B6B5",
    "P7F00013_TXW059": "BCBBBAB9",
    "P7F00013_TXW060": "C0BFBEBD",
    "P7F00013_TXW061": "00C3C2C1",
    "P7F00013_COMMIT": "00000007",
    "P7F00013_COMMIT_POLLS": "1",
    "P7F00013_TX_CRC32": "748C2ED9",
    "P7F00013_DONE": "00000017",
    "P7F00013_DONE_POLLS": "1",
    "P7F00013_STATUS": "00000017",
    "P7F00013_MAILBOX": "50364F4B",
    "P7F00013_RX_LEN": "000000F7",
    "P7F00013_RX_CRC32": "748C2ED9",
    "P7F00013_RX_DIGEST": "748C2ED9",
    "P7F00013_TX_COUNT": "0000000E",
    "P7F00013_RX_GOOD_COUNT_L0": "0000000E",
    "P7F00013_RX_GOOD_COUNT_L1": "00000000",
    "P7F00013_CRC_BAD": "00000000",
    "P7F00013_PAYLOAD_MISMATCH": "00000000",
    "P7F00013_RETRY_COUNT": "00000000",
    "P7F00013_RETRY_EXHAUSTED": "00000000",
    "P7F00013_TX_FAIL": "00000000",
    "P7F00013_DUTY_VIOLATION": "00000000",
    "P7F00013_RAW_TX_PULSES": "00000460",
    "P7F00013_RAW_RX_PULSES": "000008C1",
    "P7F00013_FRAME_GOOD": "0000000E",
    "P7F00013_FRAME_BAD": "00000000",
    "P7F00013_ACK_SENT": "0000000E",
    "P7F00013_ACK_SEEN": "0000000E",
    "P7F00013_TXD_HIGH_MAX": "00000008",
    "P7F00013_ERROR_CODE": "00000000",
    "P7F00013_STICKY_ERROR": "00000000",
    "P7F00013_RXW000": "50414652",
    "P7F00013_RXW001": "00200001",
    "P7F00013_RXW002": "50370002",
    "P7F00013_RXW003": "00000002",
    "P7F00013_RXW004": "00001000",
    "P7F00013_RXW005": "0014000D",
    "P7F00013_RXW006": "000000D7",
    "P7F00013_RXW007": "E39B1851",
    "P7F00013_RXW008": "F0EFEEED",
    "P7F00013_RXW009": "F4F3F2F1",
    "P7F00013_RXW010": "F8F7F6F5",
    "P7F00013_RXW011": "FCFBFAF9",
    "P7F00013_RXW012": "00FFFEFD",
    "P7F00013_RXW013": "04030201",
    "P7F00013_RXW014": "08070605",
    "P7F00013_RXW015": "0C0B0A09",
    "P7F00013_RXW016": "100F0E0D",
    "P7F00013_RXW017": "14131211",
    "P7F00013_RXW018": "18171615",
    "P7F00013_RXW019": "1C1B1A19",
    "P7F00013_RXW020": "201F1E1D",
    "P7F00013_RXW021": "24232221",
    "P7F00013_RXW022": "28272625",
    "P7F00013_RXW023": "2C2B2A29",
    "P7F00013_RXW024": "302F2E2D",
    "P7F00013_RXW025": "34333231",
    "P7F00013_RXW026": "38373635",
    "P7F00013_RXW027": "3C3B3A39",
    "P7F00013_RXW028": "403F3E3D",
    "P7F00013_RXW029": "44434241",
    "P7F00013_RXW030": "48474645",
    "P7F00013_RXW031": "4C4B4A49",
    "P7F00013_RXW032": "504F4E4D",
    "P7F00013_RXW033": "54535251",
    "P7F00013_RXW034": "58575655",
    "P7F00013_RXW035": "5C5B5A59",
    "P7F00013_RXW036": "605F5E5D",
    "P7F00013_RXW037": "64636261",
    "P7F00013_RXW038": "68676665",
    "P7F00013_RXW039": "6C6B6A69",
    "P7F00013_RXW040": "706F6E6D",
    "P7F00013_RXW041": "74737271",
    "P7F00013_RXW042": "78777675",
    "P7F00013_RXW043": "7C7B7A79",
    "P7F00013_RXW044": "807F7E7D",
    "P7F00013_RXW045": "84838281",
    "P7F00013_RXW046": "88878685",
    "P7F00013_RXW047": "8C8B8A89",
    "P7F00013_RXW048": "908F8E8D",
    "P7F00013_RXW049": "94939291",
    "P7F00013_RXW050": "98979695",
    "P7F00013_RXW051": "9C9B9A99",
    "P7F00013_RXW052": "A09F9E9D",
    "P7F00013_RXW053": "A4A3A2A1",
    "P7F00013_RXW054": "A8A7A6A5",
    "P7F00013_RXW055": "ACABAAA9",
    "P7F00013_RXW056": "B0AFAEAD",
    "P7F00013_RXW057": "B4B3B2B1",
    "P7F00013_RXW058": "B8B7B6B5",
    "P7F00013_RXW059": "BCBBBAB9",
    "P7F00013_RXW060": "C0BFBEBD",
    "P7F00013_RXW061": "00C3C2C1",
    "P7F00014_TXW000": "50414652",
    "P7F00014_TXW001": "00200001",
    "P7F00014_TXW002": "50370002",
    "P7F00014_TXW003": "00000002",
    "P7F00014_TXW004": "00001000",
    "P7F00014_TXW005": "0014000E",
    "P7F00014_TXW006": "000000D7",
    "P7F00014_TXW007": "E39B1851",
    "P7F00014_TXW008": "C7C6C5C4",
    "P7F00014_TXW009": "CBCAC9C8",
    "P7F00014_TXW010": "CFCECDCC",
    "P7F00014_TXW011": "D3D2D1D0",
    "P7F00014_TXW012": "D7D6D5D4",
    "P7F00014_TXW013": "DBDAD9D8",
    "P7F00014_TXW014": "DFDEDDDC",
    "P7F00014_TXW015": "E3E2E1E0",
    "P7F00014_TXW016": "E7E6E5E4",
    "P7F00014_TXW017": "EBEAE9E8",
    "P7F00014_TXW018": "EFEEEDEC",
    "P7F00014_TXW019": "F3F2F1F0",
    "P7F00014_TXW020": "F7F6F5F4",
    "P7F00014_TXW021": "FBFAF9F8",
    "P7F00014_TXW022": "FFFEFDFC",
    "P7F00014_TXW023": "03020100",
    "P7F00014_TXW024": "07060504",
    "P7F00014_TXW025": "0B0A0908",
    "P7F00014_TXW026": "0F0E0D0C",
    "P7F00014_TXW027": "13121110",
    "P7F00014_TXW028": "17161514",
    "P7F00014_TXW029": "1B1A1918",
    "P7F00014_TXW030": "1F1E1D1C",
    "P7F00014_TXW031": "23222120",
    "P7F00014_TXW032": "27262524",
    "P7F00014_TXW033": "2B2A2928",
    "P7F00014_TXW034": "2F2E2D2C",
    "P7F00014_TXW035": "33323130",
    "P7F00014_TXW036": "37363534",
    "P7F00014_TXW037": "3B3A3938",
    "P7F00014_TXW038": "3F3E3D3C",
    "P7F00014_TXW039": "43424140",
    "P7F00014_TXW040": "47464544",
    "P7F00014_TXW041": "4B4A4948",
    "P7F00014_TXW042": "4F4E4D4C",
    "P7F00014_TXW043": "53525150",
    "P7F00014_TXW044": "57565554",
    "P7F00014_TXW045": "5B5A5958",
    "P7F00014_TXW046": "5F5E5D5C",
    "P7F00014_TXW047": "63626160",
    "P7F00014_TXW048": "67666564",
    "P7F00014_TXW049": "6B6A6968",
    "P7F00014_TXW050": "6F6E6D6C",
    "P7F00014_TXW051": "73727170",
    "P7F00014_TXW052": "77767574",
    "P7F00014_TXW053": "7B7A7978",
    "P7F00014_TXW054": "7F7E7D7C",
    "P7F00014_TXW055": "83828180",
    "P7F00014_TXW056": "87868584",
    "P7F00014_TXW057": "8B8A8988",
    "P7F00014_TXW058": "8F8E8D8C",
    "P7F00014_TXW059": "93929190",
    "P7F00014_TXW060": "97969594",
    "P7F00014_TXW061": "009A9998",
    "P7F00014_COMMIT": "00000007",
    "P7F00014_COMMIT_POLLS": "1",
    "P7F00014_TX_CRC32": "D9FC44AC",
    "P7F00014_DONE": "00000017",
    "P7F00014_DONE_POLLS": "1",
    "P7F00014_STATUS": "00000017",
    "P7F00014_MAILBOX": "50364F4B",
    "P7F00014_RX_LEN": "000000F7",
    "P7F00014_RX_CRC32": "D9FC44AC",
    "P7F00014_RX_DIGEST": "D9FC44AC",
    "P7F00014_TX_COUNT": "0000000F",
    "P7F00014_RX_GOOD_COUNT_L0": "0000000F",
    "P7F00014_RX_GOOD_COUNT_L1": "00000000",
    "P7F00014_CRC_BAD": "00000000",
    "P7F00014_PAYLOAD_MISMATCH": "00000000",
    "P7F00014_RETRY_COUNT": "00000000",
    "P7F00014_RETRY_EXHAUSTED": "00000000",
    "P7F00014_TX_FAIL": "00000000",
    "P7F00014_DUTY_VIOLATION": "00000000",
    "P7F00014_RAW_TX_PULSES": "00000460",
    "P7F00014_RAW_RX_PULSES": "000008C1",
    "P7F00014_FRAME_GOOD": "0000000F",
    "P7F00014_FRAME_BAD": "00000000",
    "P7F00014_ACK_SENT": "0000000F",
    "P7F00014_ACK_SEEN": "0000000F",
    "P7F00014_TXD_HIGH_MAX": "00000008",
    "P7F00014_ERROR_CODE": "00000000",
    "P7F00014_STICKY_ERROR": "00000000",
    "P7F00014_RXW000": "50414652",
    "P7F00014_RXW001": "00200001",
    "P7F00014_RXW002": "50370002",
    "P7F00014_RXW003": "00000002",
    "P7F00014_RXW004": "00001000",
    "P7F00014_RXW005": "0014000E",
    "P7F00014_RXW006": "000000D7",
    "P7F00014_RXW007": "E39B1851",
    "P7F00014_RXW008": "C7C6C5C4",
    "P7F00014_RXW009": "CBCAC9C8",
    "P7F00014_RXW010": "CFCECDCC",
    "P7F00014_RXW011": "D3D2D1D0",
    "P7F00014_RXW012": "D7D6D5D4",
    "P7F00014_RXW013": "DBDAD9D8",
    "P7F00014_RXW014": "DFDEDDDC",
    "P7F00014_RXW015": "E3E2E1E0",
    "P7F00014_RXW016": "E7E6E5E4",
    "P7F00014_RXW017": "EBEAE9E8",
    "P7F00014_RXW018": "EFEEEDEC",
    "P7F00014_RXW019": "F3F2F1F0",
    "P7F00014_RXW020": "F7F6F5F4",
    "P7F00014_RXW021": "FBFAF9F8",
    "P7F00014_RXW022": "FFFEFDFC",
    "P7F00014_RXW023": "03020100",
    "P7F00014_RXW024": "07060504",
    "P7F00014_RXW025": "0B0A0908",
    "P7F00014_RXW026": "0F0E0D0C",
    "P7F00014_RXW027": "13121110",
    "P7F00014_RXW028": "17161514",
    "P7F00014_RXW029": "1B1A1918",
    "P7F00014_RXW030": "1F1E1D1C",
    "P7F00014_RXW031": "23222120",
    "P7F00014_RXW032": "27262524",
    "P7F00014_RXW033": "2B2A2928",
    "P7F00014_RXW034": "2F2E2D2C",
    "P7F00014_RXW035": "33323130",
    "P7F00014_RXW036": "37363534",
    "P7F00014_RXW037": "3B3A3938",
    "P7F00014_RXW038": "3F3E3D3C",
    "P7F00014_RXW039": "43424140",
    "P7F00014_RXW040": "47464544",
    "P7F00014_RXW041": "4B4A4948",
    "P7F00014_RXW042": "4F4E4D4C",
    "P7F00014_RXW043": "53525150",
    "P7F00014_RXW044": "57565554",
    "P7F00014_RXW045": "5B5A5958",
    "P7F00014_RXW046": "5F5E5D5C",
    "P7F00014_RXW047": "63626160",
    "P7F00014_RXW048": "67666564",
    "P7F00014_RXW049": "6B6A6968",
    "P7F00014_RXW050": "6F6E6D6C",
    "P7F00014_RXW051": "73727170",
    "P7F00014_RXW052": "77767574",
    "P7F00014_RXW053": "7B7A7978",
    "P7F00014_RXW054": "7F7E7D7C",
    "P7F00014_RXW055": "83828180",
    "P7F00014_RXW056": "87868584",
    "P7F00014_RXW057": "8B8A8988",
    "P7F00014_RXW058": "8F8E8D8C",
    "P7F00014_RXW059": "93929190",
    "P7F00014_RXW060": "97969594",
    "P7F00014_RXW061": "009A9998",
    "P7F00015_TXW000": "50414652",
    "P7F00015_TXW001": "00200001",
    "P7F00015_TXW002": "50370002",
    "P7F00015_TXW003": "00000002",
    "P7F00015_TXW004": "00001000",
    "P7F00015_TXW005": "0014000F",
    "P7F00015_TXW006": "000000D7",
    "P7F00015_TXW007": "E39B1851",
    "P7F00015_TXW008": "9E9D9C9B",
    "P7F00015_TXW009": "A2A1A09F",
    "P7F00015_TXW010": "A6A5A4A3",
    "P7F00015_TXW011": "AAA9A8A7",
    "P7F00015_TXW012": "AEADACAB",
    "P7F00015_TXW013": "B2B1B0AF",
    "P7F00015_TXW014": "B6B5B4B3",
    "P7F00015_TXW015": "BAB9B8B7",
    "P7F00015_TXW016": "BEBDBCBB",
    "P7F00015_TXW017": "C2C1C0BF",
    "P7F00015_TXW018": "C6C5C4C3",
    "P7F00015_TXW019": "CAC9C8C7",
    "P7F00015_TXW020": "CECDCCCB",
    "P7F00015_TXW021": "D2D1D0CF",
    "P7F00015_TXW022": "D6D5D4D3",
    "P7F00015_TXW023": "DAD9D8D7",
    "P7F00015_TXW024": "DEDDDCDB",
    "P7F00015_TXW025": "E2E1E0DF",
    "P7F00015_TXW026": "E6E5E4E3",
    "P7F00015_TXW027": "EAE9E8E7",
    "P7F00015_TXW028": "EEEDECEB",
    "P7F00015_TXW029": "F2F1F0EF",
    "P7F00015_TXW030": "F6F5F4F3",
    "P7F00015_TXW031": "FAF9F8F7",
    "P7F00015_TXW032": "FEFDFCFB",
    "P7F00015_TXW033": "020100FF",
    "P7F00015_TXW034": "06050403",
    "P7F00015_TXW035": "0A090807",
    "P7F00015_TXW036": "0E0D0C0B",
    "P7F00015_TXW037": "1211100F",
    "P7F00015_TXW038": "16151413",
    "P7F00015_TXW039": "1A191817",
    "P7F00015_TXW040": "1E1D1C1B",
    "P7F00015_TXW041": "2221201F",
    "P7F00015_TXW042": "26252423",
    "P7F00015_TXW043": "2A292827",
    "P7F00015_TXW044": "2E2D2C2B",
    "P7F00015_TXW045": "3231302F",
    "P7F00015_TXW046": "36353433",
    "P7F00015_TXW047": "3A393837",
    "P7F00015_TXW048": "3E3D3C3B",
    "P7F00015_TXW049": "4241403F",
    "P7F00015_TXW050": "46454443",
    "P7F00015_TXW051": "4A494847",
    "P7F00015_TXW052": "4E4D4C4B",
    "P7F00015_TXW053": "5251504F",
    "P7F00015_TXW054": "56555453",
    "P7F00015_TXW055": "5A595857",
    "P7F00015_TXW056": "5E5D5C5B",
    "P7F00015_TXW057": "6261605F",
    "P7F00015_TXW058": "66656463",
    "P7F00015_TXW059": "6A696867",
    "P7F00015_TXW060": "6E6D6C6B",
    "P7F00015_TXW061": "0071706F",
    "P7F00015_COMMIT": "00000007",
    "P7F00015_COMMIT_POLLS": "1",
    "P7F00015_TX_CRC32": "13F5550D",
    "P7F00015_DONE": "00000017",
    "P7F00015_DONE_POLLS": "1",
    "P7F00015_STATUS": "00000017",
    "P7F00015_MAILBOX": "50364F4B",
    "P7F00015_RX_LEN": "000000F7",
    "P7F00015_RX_CRC32": "13F5550D",
    "P7F00015_RX_DIGEST": "13F5550D",
    "P7F00015_TX_COUNT": "00000010",
    "P7F00015_RX_GOOD_COUNT_L0": "00000010",
    "P7F00015_RX_GOOD_COUNT_L1": "00000000",
    "P7F00015_CRC_BAD": "00000000",
    "P7F00015_PAYLOAD_MISMATCH": "00000000",
    "P7F00015_RETRY_COUNT": "00000000",
    "P7F00015_RETRY_EXHAUSTED": "00000000",
    "P7F00015_TX_FAIL": "00000000",
    "P7F00015_DUTY_VIOLATION": "00000000",
    "P7F00015_RAW_TX_PULSES": "00000460",
    "P7F00015_RAW_RX_PULSES": "000008C1",
    "P7F00015_FRAME_GOOD": "00000010",
    "P7F00015_FRAME_BAD": "00000000",
    "P7F00015_ACK_SENT": "00000010",
    "P7F00015_ACK_SEEN": "00000010",
    "P7F00015_TXD_HIGH_MAX": "00000008",
    "P7F00015_ERROR_CODE": "00000000",
    "P7F00015_STICKY_ERROR": "00000000",
    "P7F00015_RXW000": "50414652",
    "P7F00015_RXW001": "00200001",
    "P7F00015_RXW002": "50370002",
    "P7F00015_RXW003": "00000002",
    "P7F00015_RXW004": "00001000",
    "P7F00015_RXW005": "0014000F",
    "P7F00015_RXW006": "000000D7",
    "P7F00015_RXW007": "E39B1851",
    "P7F00015_RXW008": "9E9D9C9B",
    "P7F00015_RXW009": "A2A1A09F",
    "P7F00015_RXW010": "A6A5A4A3",
    "P7F00015_RXW011": "AAA9A8A7",
    "P7F00015_RXW012": "AEADACAB",
    "P7F00015_RXW013": "B2B1B0AF",
    "P7F00015_RXW014": "B6B5B4B3",
    "P7F00015_RXW015": "BAB9B8B7",
    "P7F00015_RXW016": "BEBDBCBB",
    "P7F00015_RXW017": "C2C1C0BF",
    "P7F00015_RXW018": "C6C5C4C3",
    "P7F00015_RXW019": "CAC9C8C7",
    "P7F00015_RXW020": "CECDCCCB",
    "P7F00015_RXW021": "D2D1D0CF",
    "P7F00015_RXW022": "D6D5D4D3",
    "P7F00015_RXW023": "DAD9D8D7",
    "P7F00015_RXW024": "DEDDDCDB",
    "P7F00015_RXW025": "E2E1E0DF",
    "P7F00015_RXW026": "E6E5E4E3",
    "P7F00015_RXW027": "EAE9E8E7",
    "P7F00015_RXW028": "EEEDECEB",
    "P7F00015_RXW029": "F2F1F0EF",
    "P7F00015_RXW030": "F6F5F4F3",
    "P7F00015_RXW031": "FAF9F8F7",
    "P7F00015_RXW032": "FEFDFCFB",
    "P7F00015_RXW033": "020100FF",
    "P7F00015_RXW034": "06050403",
    "P7F00015_RXW035": "0A090807",
    "P7F00015_RXW036": "0E0D0C0B",
    "P7F00015_RXW037": "1211100F",
    "P7F00015_RXW038": "16151413",
    "P7F00015_RXW039": "1A191817",
    "P7F00015_RXW040": "1E1D1C1B",
    "P7F00015_RXW041": "2221201F",
    "P7F00015_RXW042": "26252423",
    "P7F00015_RXW043": "2A292827",
    "P7F00015_RXW044": "2E2D2C2B",
    "P7F00015_RXW045": "3231302F",
    "P7F00015_RXW046": "36353433",
    "P7F00015_RXW047": "3A393837",
    "P7F00015_RXW048": "3E3D3C3B",
    "P7F00015_RXW049": "4241403F",
    "P7F00015_RXW050": "46454443",
    "P7F00015_RXW051": "4A494847",
    "P7F00015_RXW052": "4E4D4C4B",
    "P7F00015_RXW053": "5251504F",
    "P7F00015_RXW054": "56555453",
    "P7F00015_RXW055": "5A595857",
    "P7F00015_RXW056": "5E5D5C5B",
    "P7F00015_RXW057": "6261605F",
    "P7F00015_RXW058": "66656463",
    "P7F00015_RXW059": "6A696867",
    "P7F00015_RXW060": "6E6D6C6B",
    "P7F00015_RXW061": "0071706F",
    "P7F00016_TXW000": "50414652",
    "P7F00016_TXW001": "00200001",
    "P7F00016_TXW002": "50370002",
    "P7F00016_TXW003": "00000002",
    "P7F00016_TXW004": "00001000",
    "P7F00016_TXW005": "00140010",
    "P7F00016_TXW006": "000000D7",
    "P7F00016_TXW007": "E39B1851",
    "P7F00016_TXW008": "75747372",
    "P7F00016_TXW009": "79787776",
    "P7F00016_TXW010": "7D7C7B7A",
    "P7F00016_TXW011": "81807F7E",
    "P7F00016_TXW012": "85848382",
    "P7F00016_TXW013": "89888786",
    "P7F00016_TXW014": "8D8C8B8A",
    "P7F00016_TXW015": "91908F8E",
    "P7F00016_TXW016": "95949392",
    "P7F00016_TXW017": "99989796",
    "P7F00016_TXW018": "9D9C9B9A",
    "P7F00016_TXW019": "A1A09F9E",
    "P7F00016_TXW020": "A5A4A3A2",
    "P7F00016_TXW021": "A9A8A7A6",
    "P7F00016_TXW022": "ADACABAA",
    "P7F00016_TXW023": "B1B0AFAE",
    "P7F00016_TXW024": "B5B4B3B2",
    "P7F00016_TXW025": "B9B8B7B6",
    "P7F00016_TXW026": "BDBCBBBA",
    "P7F00016_TXW027": "C1C0BFBE",
    "P7F00016_TXW028": "C5C4C3C2",
    "P7F00016_TXW029": "C9C8C7C6",
    "P7F00016_TXW030": "CDCCCBCA",
    "P7F00016_TXW031": "D1D0CFCE",
    "P7F00016_TXW032": "D5D4D3D2",
    "P7F00016_TXW033": "D9D8D7D6",
    "P7F00016_TXW034": "DDDCDBDA",
    "P7F00016_TXW035": "E1E0DFDE",
    "P7F00016_TXW036": "E5E4E3E2",
    "P7F00016_TXW037": "E9E8E7E6",
    "P7F00016_TXW038": "EDECEBEA",
    "P7F00016_TXW039": "F1F0EFEE",
    "P7F00016_TXW040": "F5F4F3F2",
    "P7F00016_TXW041": "F9F8F7F6",
    "P7F00016_TXW042": "FDFCFBFA",
    "P7F00016_TXW043": "0100FFFE",
    "P7F00016_TXW044": "05040302",
    "P7F00016_TXW045": "09080706",
    "P7F00016_TXW046": "0D0C0B0A",
    "P7F00016_TXW047": "11100F0E",
    "P7F00016_TXW048": "15141312",
    "P7F00016_TXW049": "19181716",
    "P7F00016_TXW050": "1D1C1B1A",
    "P7F00016_TXW051": "21201F1E",
    "P7F00016_TXW052": "25242322",
    "P7F00016_TXW053": "29282726",
    "P7F00016_TXW054": "2D2C2B2A",
    "P7F00016_TXW055": "31302F2E",
    "P7F00016_TXW056": "35343332",
    "P7F00016_TXW057": "39383736",
    "P7F00016_TXW058": "3D3C3B3A",
    "P7F00016_TXW059": "41403F3E",
    "P7F00016_TXW060": "45444342",
    "P7F00016_TXW061": "00484746",
    "P7F00016_COMMIT": "00000007",
    "P7F00016_COMMIT_POLLS": "1",
    "P7F00016_TX_CRC32": "4951BB6E",
    "P7F00016_DONE": "00000017",
    "P7F00016_DONE_POLLS": "1",
    "P7F00016_STATUS": "00000017",
    "P7F00016_MAILBOX": "50364F4B",
    "P7F00016_RX_LEN": "000000F7",
    "P7F00016_RX_CRC32": "4951BB6E",
    "P7F00016_RX_DIGEST": "4951BB6E",
    "P7F00016_TX_COUNT": "00000011",
    "P7F00016_RX_GOOD_COUNT_L0": "00000011",
    "P7F00016_RX_GOOD_COUNT_L1": "00000000",
    "P7F00016_CRC_BAD": "00000000",
    "P7F00016_PAYLOAD_MISMATCH": "00000000",
    "P7F00016_RETRY_COUNT": "00000000",
    "P7F00016_RETRY_EXHAUSTED": "00000000",
    "P7F00016_TX_FAIL": "00000000",
    "P7F00016_DUTY_VIOLATION": "00000000",
    "P7F00016_RAW_TX_PULSES": "00000460",
    "P7F00016_RAW_RX_PULSES": "000008C1",
    "P7F00016_FRAME_GOOD": "00000011",
    "P7F00016_FRAME_BAD": "00000000",
    "P7F00016_ACK_SENT": "00000011",
    "P7F00016_ACK_SEEN": "00000011",
    "P7F00016_TXD_HIGH_MAX": "00000008",
    "P7F00016_ERROR_CODE": "00000000",
    "P7F00016_STICKY_ERROR": "00000000",
    "P7F00016_RXW000": "50414652",
    "P7F00016_RXW001": "00200001",
    "P7F00016_RXW002": "50370002",
    "P7F00016_RXW003": "00000002",
    "P7F00016_RXW004": "00001000",
    "P7F00016_RXW005": "00140010",
    "P7F00016_RXW006": "000000D7",
    "P7F00016_RXW007": "E39B1851",
    "P7F00016_RXW008": "75747372",
    "P7F00016_RXW009": "79787776",
    "P7F00016_RXW010": "7D7C7B7A",
    "P7F00016_RXW011": "81807F7E",
    "P7F00016_RXW012": "85848382",
    "P7F00016_RXW013": "89888786",
    "P7F00016_RXW014": "8D8C8B8A",
    "P7F00016_RXW015": "91908F8E",
    "P7F00016_RXW016": "95949392",
    "P7F00016_RXW017": "99989796",
    "P7F00016_RXW018": "9D9C9B9A",
    "P7F00016_RXW019": "A1A09F9E",
    "P7F00016_RXW020": "A5A4A3A2",
    "P7F00016_RXW021": "A9A8A7A6",
    "P7F00016_RXW022": "ADACABAA",
    "P7F00016_RXW023": "B1B0AFAE",
    "P7F00016_RXW024": "B5B4B3B2",
    "P7F00016_RXW025": "B9B8B7B6",
    "P7F00016_RXW026": "BDBCBBBA",
    "P7F00016_RXW027": "C1C0BFBE",
    "P7F00016_RXW028": "C5C4C3C2",
    "P7F00016_RXW029": "C9C8C7C6",
    "P7F00016_RXW030": "CDCCCBCA",
    "P7F00016_RXW031": "D1D0CFCE",
    "P7F00016_RXW032": "D5D4D3D2",
    "P7F00016_RXW033": "D9D8D7D6",
    "P7F00016_RXW034": "DDDCDBDA",
    "P7F00016_RXW035": "E1E0DFDE",
    "P7F00016_RXW036": "E5E4E3E2",
    "P7F00016_RXW037": "E9E8E7E6",
    "P7F00016_RXW038": "EDECEBEA",
    "P7F00016_RXW039": "F1F0EFEE",
    "P7F00016_RXW040": "F5F4F3F2",
    "P7F00016_RXW041": "F9F8F7F6",
    "P7F00016_RXW042": "FDFCFBFA",
    "P7F00016_RXW043": "0100FFFE",
    "P7F00016_RXW044": "05040302",
    "P7F00016_RXW045": "09080706",
    "P7F00016_RXW046": "0D0C0B0A",
    "P7F00016_RXW047": "11100F0E",
    "P7F00016_RXW048": "15141312",
    "P7F00016_RXW049": "19181716",
    "P7F00016_RXW050": "1D1C1B1A",
    "P7F00016_RXW051": "21201F1E",
    "P7F00016_RXW052": "25242322",
    "P7F00016_RXW053": "29282726",
    "P7F00016_RXW054": "2D2C2B2A",
    "P7F00016_RXW055": "31302F2E",
    "P7F00016_RXW056": "35343332",
    "P7F00016_RXW057": "39383736",
    "P7F00016_RXW058": "3D3C3B3A",
    "P7F00016_RXW059": "41403F3E",
    "P7F00016_RXW060": "45444342",
    "P7F00016_RXW061": "00484746",
    "P7F00017_TXW000": "50414652",
    "P7F00017_TXW001": "00200001",
    "P7F00017_TXW002": "50370002",
    "P7F00017_TXW003": "00000002",
    "P7F00017_TXW004": "00001000",
    "P7F00017_TXW005": "00140011",
    "P7F00017_TXW006": "000000D7",
    "P7F00017_TXW007": "E39B1851",
    "P7F00017_TXW008": "4C4B4A49",
    "P7F00017_TXW009": "504F4E4D",
    "P7F00017_TXW010": "54535251",
    "P7F00017_TXW011": "58575655",
    "P7F00017_TXW012": "5C5B5A59",
    "P7F00017_TXW013": "605F5E5D",
    "P7F00017_TXW014": "64636261",
    "P7F00017_TXW015": "68676665",
    "P7F00017_TXW016": "6C6B6A69",
    "P7F00017_TXW017": "706F6E6D",
    "P7F00017_TXW018": "74737271",
    "P7F00017_TXW019": "78777675",
    "P7F00017_TXW020": "7C7B7A79",
    "P7F00017_TXW021": "807F7E7D",
    "P7F00017_TXW022": "84838281",
    "P7F00017_TXW023": "88878685",
    "P7F00017_TXW024": "8C8B8A89",
    "P7F00017_TXW025": "908F8E8D",
    "P7F00017_TXW026": "94939291",
    "P7F00017_TXW027": "98979695",
    "P7F00017_TXW028": "9C9B9A99",
    "P7F00017_TXW029": "A09F9E9D",
    "P7F00017_TXW030": "A4A3A2A1",
    "P7F00017_TXW031": "A8A7A6A5",
    "P7F00017_TXW032": "ACABAAA9",
    "P7F00017_TXW033": "B0AFAEAD",
    "P7F00017_TXW034": "B4B3B2B1",
    "P7F00017_TXW035": "B8B7B6B5",
    "P7F00017_TXW036": "BCBBBAB9",
    "P7F00017_TXW037": "C0BFBEBD",
    "P7F00017_TXW038": "C4C3C2C1",
    "P7F00017_TXW039": "C8C7C6C5",
    "P7F00017_TXW040": "CCCBCAC9",
    "P7F00017_TXW041": "D0CFCECD",
    "P7F00017_TXW042": "D4D3D2D1",
    "P7F00017_TXW043": "D8D7D6D5",
    "P7F00017_TXW044": "DCDBDAD9",
    "P7F00017_TXW045": "E0DFDEDD",
    "P7F00017_TXW046": "E4E3E2E1",
    "P7F00017_TXW047": "E8E7E6E5",
    "P7F00017_TXW048": "ECEBEAE9",
    "P7F00017_TXW049": "F0EFEEED",
    "P7F00017_TXW050": "F4F3F2F1",
    "P7F00017_TXW051": "F8F7F6F5",
    "P7F00017_TXW052": "FCFBFAF9",
    "P7F00017_TXW053": "00FFFEFD",
    "P7F00017_TXW054": "04030201",
    "P7F00017_TXW055": "08070605",
    "P7F00017_TXW056": "0C0B0A09",
    "P7F00017_TXW057": "100F0E0D",
    "P7F00017_TXW058": "14131211",
    "P7F00017_TXW059": "18171615",
    "P7F00017_TXW060": "1C1B1A19",
    "P7F00017_TXW061": "001F1E1D",
    "P7F00017_COMMIT": "00000007",
    "P7F00017_COMMIT_POLLS": "1",
    "P7F00017_TX_CRC32": "47336D6B",
    "P7F00017_DONE": "00000017",
    "P7F00017_DONE_POLLS": "1",
    "P7F00017_STATUS": "00000017",
    "P7F00017_MAILBOX": "50364F4B",
    "P7F00017_RX_LEN": "000000F7",
    "P7F00017_RX_CRC32": "47336D6B",
    "P7F00017_RX_DIGEST": "47336D6B",
    "P7F00017_TX_COUNT": "00000012",
    "P7F00017_RX_GOOD_COUNT_L0": "00000012",
    "P7F00017_RX_GOOD_COUNT_L1": "00000000",
    "P7F00017_CRC_BAD": "00000000",
    "P7F00017_PAYLOAD_MISMATCH": "00000000",
    "P7F00017_RETRY_COUNT": "00000000",
    "P7F00017_RETRY_EXHAUSTED": "00000000",
    "P7F00017_TX_FAIL": "00000000",
    "P7F00017_DUTY_VIOLATION": "00000000",
    "P7F00017_RAW_TX_PULSES": "00000460",
    "P7F00017_RAW_RX_PULSES": "000008C1",
    "P7F00017_FRAME_GOOD": "00000012",
    "P7F00017_FRAME_BAD": "00000000",
    "P7F00017_ACK_SENT": "00000012",
    "P7F00017_ACK_SEEN": "00000012",
    "P7F00017_TXD_HIGH_MAX": "00000008",
    "P7F00017_ERROR_CODE": "00000000",
    "P7F00017_STICKY_ERROR": "00000000",
    "P7F00017_RXW000": "50414652",
    "P7F00017_RXW001": "00200001",
    "P7F00017_RXW002": "50370002",
    "P7F00017_RXW003": "00000002",
    "P7F00017_RXW004": "00001000",
    "P7F00017_RXW005": "00140011",
    "P7F00017_RXW006": "000000D7",
    "P7F00017_RXW007": "E39B1851",
    "P7F00017_RXW008": "4C4B4A49",
    "P7F00017_RXW009": "504F4E4D",
    "P7F00017_RXW010": "54535251",
    "P7F00017_RXW011": "58575655",
    "P7F00017_RXW012": "5C5B5A59",
    "P7F00017_RXW013": "605F5E5D",
    "P7F00017_RXW014": "64636261",
    "P7F00017_RXW015": "68676665",
    "P7F00017_RXW016": "6C6B6A69",
    "P7F00017_RXW017": "706F6E6D",
    "P7F00017_RXW018": "74737271",
    "P7F00017_RXW019": "78777675",
    "P7F00017_RXW020": "7C7B7A79",
    "P7F00017_RXW021": "807F7E7D",
    "P7F00017_RXW022": "84838281",
    "P7F00017_RXW023": "88878685",
    "P7F00017_RXW024": "8C8B8A89",
    "P7F00017_RXW025": "908F8E8D",
    "P7F00017_RXW026": "94939291",
    "P7F00017_RXW027": "98979695",
    "P7F00017_RXW028": "9C9B9A99",
    "P7F00017_RXW029": "A09F9E9D",
    "P7F00017_RXW030": "A4A3A2A1",
    "P7F00017_RXW031": "A8A7A6A5",
    "P7F00017_RXW032": "ACABAAA9",
    "P7F00017_RXW033": "B0AFAEAD",
    "P7F00017_RXW034": "B4B3B2B1",
    "P7F00017_RXW035": "B8B7B6B5",
    "P7F00017_RXW036": "BCBBBAB9",
    "P7F00017_RXW037": "C0BFBEBD",
    "P7F00017_RXW038": "C4C3C2C1",
    "P7F00017_RXW039": "C8C7C6C5",
    "P7F00017_RXW040": "CCCBCAC9",
    "P7F00017_RXW041": "D0CFCECD",
    "P7F00017_RXW042": "D4D3D2D1",
    "P7F00017_RXW043": "D8D7D6D5",
    "P7F00017_RXW044": "DCDBDAD9",
    "P7F00017_RXW045": "E0DFDEDD",
    "P7F00017_RXW046": "E4E3E2E1",
    "P7F00017_RXW047": "E8E7E6E5",
    "P7F00017_RXW048": "ECEBEAE9",
    "P7F00017_RXW049": "F0EFEEED",
    "P7F00017_RXW050": "F4F3F2F1",
    "P7F00017_RXW051": "F8F7F6F5",
    "P7F00017_RXW052": "FCFBFAF9",
    "P7F00017_RXW053": "00FFFEFD",
    "P7F00017_RXW054": "04030201",
    "P7F00017_RXW055": "08070605",
    "P7F00017_RXW056": "0C0B0A09",
    "P7F00017_RXW057": "100F0E0D",
    "P7F00017_RXW058": "14131211",
    "P7F00017_RXW059": "18171615",
    "P7F00017_RXW060": "1C1B1A19",
    "P7F00017_RXW061": "001F1E1D",
    "P7F00018_TXW000": "50414652",
    "P7F00018_TXW001": "00200001",
    "P7F00018_TXW002": "50370002",
    "P7F00018_TXW003": "00000002",
    "P7F00018_TXW004": "00001000",
    "P7F00018_TXW005": "00140012",
    "P7F00018_TXW006": "000000D7",
    "P7F00018_TXW007": "E39B1851",
    "P7F00018_TXW008": "23222120",
    "P7F00018_TXW009": "27262524",
    "P7F00018_TXW010": "2B2A2928",
    "P7F00018_TXW011": "2F2E2D2C",
    "P7F00018_TXW012": "33323130",
    "P7F00018_TXW013": "37363534",
    "P7F00018_TXW014": "3B3A3938",
    "P7F00018_TXW015": "3F3E3D3C",
    "P7F00018_TXW016": "43424140",
    "P7F00018_TXW017": "47464544",
    "P7F00018_TXW018": "4B4A4948",
    "P7F00018_TXW019": "4F4E4D4C",
    "P7F00018_TXW020": "53525150",
    "P7F00018_TXW021": "57565554",
    "P7F00018_TXW022": "5B5A5958",
    "P7F00018_TXW023": "5F5E5D5C",
    "P7F00018_TXW024": "63626160",
    "P7F00018_TXW025": "67666564",
    "P7F00018_TXW026": "6B6A6968",
    "P7F00018_TXW027": "6F6E6D6C",
    "P7F00018_TXW028": "73727170",
    "P7F00018_TXW029": "77767574",
    "P7F00018_TXW030": "7B7A7978",
    "P7F00018_TXW031": "7F7E7D7C",
    "P7F00018_TXW032": "83828180",
    "P7F00018_TXW033": "87868584",
    "P7F00018_TXW034": "8B8A8988",
    "P7F00018_TXW035": "8F8E8D8C",
    "P7F00018_TXW036": "93929190",
    "P7F00018_TXW037": "97969594",
    "P7F00018_TXW038": "9B9A9998",
    "P7F00018_TXW039": "9F9E9D9C",
    "P7F00018_TXW040": "A3A2A1A0",
    "P7F00018_TXW041": "A7A6A5A4",
    "P7F00018_TXW042": "ABAAA9A8",
    "P7F00018_TXW043": "AFAEADAC",
    "P7F00018_TXW044": "B3B2B1B0",
    "P7F00018_TXW045": "B7B6B5B4",
    "P7F00018_TXW046": "BBBAB9B8",
    "P7F00018_TXW047": "BFBEBDBC",
    "P7F00018_TXW048": "C3C2C1C0",
    "P7F00018_TXW049": "C7C6C5C4",
    "P7F00018_TXW050": "CBCAC9C8",
    "P7F00018_TXW051": "CFCECDCC",
    "P7F00018_TXW052": "D3D2D1D0",
    "P7F00018_TXW053": "D7D6D5D4",
    "P7F00018_TXW054": "DBDAD9D8",
    "P7F00018_TXW055": "DFDEDDDC",
    "P7F00018_TXW056": "E3E2E1E0",
    "P7F00018_TXW057": "E7E6E5E4",
    "P7F00018_TXW058": "EBEAE9E8",
    "P7F00018_TXW059": "EFEEEDEC",
    "P7F00018_TXW060": "F3F2F1F0",
    "P7F00018_TXW061": "00F6F5F4",
    "P7F00018_COMMIT": "00000007",
    "P7F00018_COMMIT_POLLS": "1",
    "P7F00018_TX_CRC32": "EA846C7B",
    "P7F00018_DONE": "00000017",
    "P7F00018_DONE_POLLS": "1",
    "P7F00018_STATUS": "00000017",
    "P7F00018_MAILBOX": "50364F4B",
    "P7F00018_RX_LEN": "000000F7",
    "P7F00018_RX_CRC32": "EA846C7B",
    "P7F00018_RX_DIGEST": "EA846C7B",
    "P7F00018_TX_COUNT": "00000013",
    "P7F00018_RX_GOOD_COUNT_L0": "00000013",
    "P7F00018_RX_GOOD_COUNT_L1": "00000000",
    "P7F00018_CRC_BAD": "00000000",
    "P7F00018_PAYLOAD_MISMATCH": "00000000",
    "P7F00018_RETRY_COUNT": "00000000",
    "P7F00018_RETRY_EXHAUSTED": "00000000",
    "P7F00018_TX_FAIL": "00000000",
    "P7F00018_DUTY_VIOLATION": "00000000",
    "P7F00018_RAW_TX_PULSES": "00000460",
    "P7F00018_RAW_RX_PULSES": "000008C1",
    "P7F00018_FRAME_GOOD": "00000013",
    "P7F00018_FRAME_BAD": "00000000",
    "P7F00018_ACK_SENT": "00000013",
    "P7F00018_ACK_SEEN": "00000013",
    "P7F00018_TXD_HIGH_MAX": "00000008",
    "P7F00018_ERROR_CODE": "00000000",
    "P7F00018_STICKY_ERROR": "00000000",
    "P7F00018_RXW000": "50414652",
    "P7F00018_RXW001": "00200001",
    "P7F00018_RXW002": "50370002",
    "P7F00018_RXW003": "00000002",
    "P7F00018_RXW004": "00001000",
    "P7F00018_RXW005": "00140012",
    "P7F00018_RXW006": "000000D7",
    "P7F00018_RXW007": "E39B1851",
    "P7F00018_RXW008": "23222120",
    "P7F00018_RXW009": "27262524",
    "P7F00018_RXW010": "2B2A2928",
    "P7F00018_RXW011": "2F2E2D2C",
    "P7F00018_RXW012": "33323130",
    "P7F00018_RXW013": "37363534",
    "P7F00018_RXW014": "3B3A3938",
    "P7F00018_RXW015": "3F3E3D3C",
    "P7F00018_RXW016": "43424140",
    "P7F00018_RXW017": "47464544",
    "P7F00018_RXW018": "4B4A4948",
    "P7F00018_RXW019": "4F4E4D4C",
    "P7F00018_RXW020": "53525150",
    "P7F00018_RXW021": "57565554",
    "P7F00018_RXW022": "5B5A5958",
    "P7F00018_RXW023": "5F5E5D5C",
    "P7F00018_RXW024": "63626160",
    "P7F00018_RXW025": "67666564",
    "P7F00018_RXW026": "6B6A6968",
    "P7F00018_RXW027": "6F6E6D6C",
    "P7F00018_RXW028": "73727170",
    "P7F00018_RXW029": "77767574",
    "P7F00018_RXW030": "7B7A7978",
    "P7F00018_RXW031": "7F7E7D7C",
    "P7F00018_RXW032": "83828180",
    "P7F00018_RXW033": "87868584",
    "P7F00018_RXW034": "8B8A8988",
    "P7F00018_RXW035": "8F8E8D8C",
    "P7F00018_RXW036": "93929190",
    "P7F00018_RXW037": "97969594",
    "P7F00018_RXW038": "9B9A9998",
    "P7F00018_RXW039": "9F9E9D9C",
    "P7F00018_RXW040": "A3A2A1A0",
    "P7F00018_RXW041": "A7A6A5A4",
    "P7F00018_RXW042": "ABAAA9A8",
    "P7F00018_RXW043": "AFAEADAC",
    "P7F00018_RXW044": "B3B2B1B0",
    "P7F00018_RXW045": "B7B6B5B4",
    "P7F00018_RXW046": "BBBAB9B8",
    "P7F00018_RXW047": "BFBEBDBC",
    "P7F00018_RXW048": "C3C2C1C0",
    "P7F00018_RXW049": "C7C6C5C4",
    "P7F00018_RXW050": "CBCAC9C8",
    "P7F00018_RXW051": "CFCECDCC",
    "P7F00018_RXW052": "D3D2D1D0",
    "P7F00018_RXW053": "D7D6D5D4",
    "P7F00018_RXW054": "DBDAD9D8",
    "P7F00018_RXW055": "DFDEDDDC",
    "P7F00018_RXW056": "E3E2E1E0",
    "P7F00018_RXW057": "E7E6E5E4",
    "P7F00018_RXW058": "EBEAE9E8",
    "P7F00018_RXW059": "EFEEEDEC",
    "P7F00018_RXW060": "F3F2F1F0",
    "P7F00018_RXW061": "00F6F5F4",
    "P7F00019_TXW000": "50414652",
    "P7F00019_TXW001": "00200201",
    "P7F00019_TXW002": "50370002",
    "P7F00019_TXW003": "00000002",
    "P7F00019_TXW004": "00001000",
    "P7F00019_TXW005": "00140013",
    "P7F00019_TXW006": "0000000B",
    "P7F00019_TXW007": "E39B1851",
    "P7F00019_TXW008": "FAF9F8F7",
    "P7F00019_TXW009": "FEFDFCFB",
    "P7F00019_TXW010": "000100FF",
    "P7F00019_COMMIT": "00000007",
    "P7F00019_COMMIT_POLLS": "1",
    "P7F00019_TX_CRC32": "CA359591",
    "P7F00019_DONE": "00000017",
    "P7F00019_DONE_POLLS": "1",
    "P7F00019_STATUS": "00000017",
    "P7F00019_MAILBOX": "50364F4B",
    "P7F00019_RX_LEN": "0000002B",
    "P7F00019_RX_CRC32": "CA359591",
    "P7F00019_RX_DIGEST": "CA359591",
    "P7F00019_TX_COUNT": "00000014",
    "P7F00019_RX_GOOD_COUNT_L0": "00000014",
    "P7F00019_RX_GOOD_COUNT_L1": "00000000",
    "P7F00019_CRC_BAD": "00000000",
    "P7F00019_PAYLOAD_MISMATCH": "00000000",
    "P7F00019_RETRY_COUNT": "00000000",
    "P7F00019_RETRY_EXHAUSTED": "00000000",
    "P7F00019_TX_FAIL": "00000000",
    "P7F00019_DUTY_VIOLATION": "00000000",
    "P7F00019_RAW_TX_PULSES": "00000130",
    "P7F00019_RAW_RX_PULSES": "00000261",
    "P7F00019_FRAME_GOOD": "00000014",
    "P7F00019_FRAME_BAD": "00000000",
    "P7F00019_ACK_SENT": "00000014",
    "P7F00019_ACK_SEEN": "00000014",
    "P7F00019_TXD_HIGH_MAX": "00000008",
    "P7F00019_ERROR_CODE": "00000000",
    "P7F00019_STICKY_ERROR": "00000000",
    "P7F00019_RXW000": "50414652",
    "P7F00019_RXW001": "00200201",
    "P7F00019_RXW002": "50370002",
    "P7F00019_RXW003": "00000002",
    "P7F00019_RXW004": "00001000",
    "P7F00019_RXW005": "00140013",
    "P7F00019_RXW006": "0000000B",
    "P7F00019_RXW007": "E39B1851",
    "P7F00019_RXW008": "FAF9F8F7",
    "P7F00019_RXW009": "FEFDFCFB",
    "P7F00019_RXW010": "2B0100FF",
    "P7_FINAL_SHUTDOWN_REASON": "54464455",
    "P7_TCL_PROGRAMMING_ATTEMPTED": "1",
    "P7_TRANSACTION_COUNT": "4269",
    "P7_JTAG_AXI_TRANSACTIONS": "PASS",
    "P7_JTAG_STAGE_RESULT": "PASS"
  },
  "child_reaped_before_shutdown_after": true,
  "backend_parse": {
    "passed": true,
    "semantic_mode": "rfap",
    "summary_file": "D:\\CodexWorktrees\\stage66prep_ed417a3\\RF_COMM_MULTILANE\\evidence\\hardware\\p7\\authorized_sequence\\p7_20260716_stationary_app_r67_diag_stage66_c04\\002_p7_p6_frame_regression_m1\\p7_jtag_backend_parse_summary.json",
    "summary_sha256": "db927a2a0b79eaa7b4264ec444aef82c661fadbec70860e38f80590f29d214c8",
    "output_file": "D:\\CodexWorktrees\\stage66prep_ed417a3\\RF_COMM_MULTILANE\\evidence\\hardware\\p7\\authorized_sequence\\p7_20260716_stationary_app_r67_diag_stage66_c04\\002_p7_p6_frame_regression_m1\\p7_jtag_reassembled_output.bin",
    "output_sha256": "d63320acd81e8ea9e08c7932552f04ca8bd45a673c40003ff4f7b6143d91081d",
    "object_length": 4096,
    "object_crc32": 3818592337,
    "object_sha256": "d63320acd81e8ea9e08c7932552f04ca8bd45a673c40003ff4f7b6143d91081d",
    "lane_policy": "LANE0_ONLY",
    "fragment_count": 20,
    "missing_fragments": 0,
    "duplicate_fragments": 0,
    "error_counter_increments": 0,
    "fragment_latency_upper_bound_us": {
      "sample_count": 20,
      "min": 2000,
      "mean": 2000.0,
      "p50": 2000,
      "p95": 2000,
      "p99": 2000,
      "max": 2000,
      "percentile_method": "nearest_rank",
      "semantics": "upper_bound",
      "source": "bounded_commit_plus_transfer_poll_counts_x_manifest_poll_period"
    },
    "object_transport_latency_upper_bound_us": 40000,
    "object_transport_latency_semantics": "sum_of_sequential_fragment_poll_upper_bounds",
    "poll_bound_application_goodput_lower_bound_bps": 819200,
    "poll_bound_goodput_semantics": "lower_bound_from_object_bytes_over_transport_latency_upper_bound",
    "host_end_to_end_elapsed_seconds": 51.341726,
    "host_end_to_end_goodput_bps": 638.233315,
    "host_end_to_end_time_source": "host_monotonic_child_process_elapsed",
    "host_end_to_end_semantics": "includes Vivado startup, FPGA programming, JTAG/AXI operations, polling, and host overhead; not optical-only fragment latency",
    "raw_log_bound_to_this_hardware_process": true
  },
  "internal_error": "",
  "stage_failures": [],
  "backend_parse_failure": "",
  "global_runtime": {
    "elapsed_seconds": 179.806605,
    "authorized_max_seconds": 960,
    "within_authorized_limit": true
  },
  "reason": "authorized direct JTAG/AXI stage, strict byte/counter parser, and both shutdown barriers passed"
}
