{
  "P7_JTAG_AXI_SAFE_STAGE": "FAIL_STAGE",
  "generated_at_utc": "2026-07-11T15:25:54.926074+00:00",
  "stage_name": "p7_p6_frame_regression_m1",
  "semantic_mode": "rfap",
  "requested_execute_hardware": true,
  "hardware_actions_executed": true,
  "programmed_fpga": true,
  "programmed_candidate": true,
  "programmed_shutdown_before": true,
  "programmed_shutdown_after": true,
  "started_ps_elf": false,
  "drove_tfdu_txd": true,
  "enabled_tfdu_receiver": true,
  "uart_access": false,
  "ethernet_used": false,
  "motion_used": false,
  "hardware_acceptance": "PENDING_HW",
  "safety_validation": {
    "P7_HARDWARE_SAFETY": "PASS",
    "ready_for_hardware_preflight": true,
    "hardware_actions_executed": false,
    "programmed_fpga": false,
    "drove_tfdu_txd": false,
    "started_ps_elf": false,
    "authorization_environment_present": true,
    "authorization": {
      "exists": true,
      "path": "C:\\Users\\user\\Documents\\RF_COMM_MULTILANE\\.hardware_authorization\\p7_20260711_stationary_app_r12_diag_suffix55_002_p7_p6_frame_regression_m1.txt",
      "actual_sha256": "c514fee1bf048ab3021c33f3c7e03e523a5e16511766577780929f68a31970ac",
      "expected_sha256": "c514fee1bf048ab3021c33f3c7e03e523a5e16511766577780929f68a31970ac",
      "markers": [
        "P7_STATIONARY_APP_LAYER_APPROVED"
      ],
      "duplicate_keys": []
    },
    "authorization_fields": {
      "AUTHORIZED_STAGE": "P7_STATIONARY_LOCAL_APPLICATION_LAYER_NO_ETHERNET",
      "USER_HARDWARE_AUTHORIZATION_FOR_P7": "GRANTED",
      "BOARD_ID": "210512180081",
      "EXPECTED_PART": "xc7z010clg400-1",
      "EXPECTED_TARGET": "localhost:3121/xilinx_tcf/Digilent/210512180081",
      "SOURCE_COMMIT": "999cbc327009459fcd768380fe25918c5213a763",
      "MAX_RUNTIME_SEC": "960",
      "SHUTDOWN_ON_EXIT": "required",
      "NO_ETHERNET": "true",
      "NO_MOTION": "true",
      "LANE_COUNT": "2",
      "MAX_LANE_MASK": "0x3",
      "P7_EXECUTION_MODE": "DIAGNOSTIC_ONLY",
      "P7_COVERAGE_CLAIMED": "false",
      "HARDWARE_ACCEPTANCE": "PENDING_HW",
      "P7_FULL_STAGE_ORDINAL": "2",
      "P7_PLAN_PATH": "C:\\Users\\user\\Documents\\RF_COMM_MULTILANE\\evidence\\hardware\\p7\\artifacts\\p7_plan_c6db9d8348c3bc518fa5985595adfcdada1a08f11c9246c6103ec378b43b58dd.md",
      "P7_PLAN_SHA256": "c6db9d8348c3bc518fa5985595adfcdada1a08f11c9246c6103ec378b43b58dd",
      "BITSTREAM_PATH": "C:\\Users\\user\\Documents\\RF_COMM_MULTILANE\\evidence\\hardware\\p6\\bitstreams\\p6_jtag_dynamic_transport_4830d547d6a667edda8deebae855c3a7154478e298efca70e2526e6f3570b23c.bit",
      "BITSTREAM_SHA256": "4830d547d6a667edda8deebae855c3a7154478e298efca70e2526e6f3570b23c",
      "XSA_PATH": "C:\\Users\\user\\Documents\\RF_COMM_MULTILANE\\evidence\\hardware\\p6\\bitstreams\\p6_ps_dynamic_transport_b5d1174eb46d12eb395ceabbbea3c132c5771ca6777194138e68c2eacb2e4fc9.xsa",
      "XSA_SHA256": "b5d1174eb46d12eb395ceabbbea3c132c5771ca6777194138e68c2eacb2e4fc9",
      "ELF_PATH": "C:\\Users\\user\\Documents\\RF_COMM_MULTILANE\\evidence\\hardware\\p7\\artifacts\\p7_runtime_14450369d4c6cbe27899bc69f210278e3b2076573e0122859d266fe63cc8e0ce.elf",
      "ELF_SHA256": "14450369d4c6cbe27899bc69f210278e3b2076573e0122859d266fe63cc8e0ce",
      "PROFILE_PATH": "C:\\Users\\user\\Documents\\RF_COMM_MULTILANE\\profiles\\p7\\p7_stationary_app_30min.json",
      "PROFILE_SHA256": "65a36a8318e7fd1e3b647997aceca773c69e76eee85cb8fae922148ccd8f3c94",
      "ACTIVE_XDC_PATH": "C:\\Users\\user\\Documents\\RF_COMM_MULTILANE\\constraints\\active\\PORT1.generated.xdc",
      "ACTIVE_XDC_SHA256": "cf23a0d34a2fa76521faf4c91f3858cff2117fa6020d302d1a6109f10254f990",
      "PINMAP_PATH": "C:\\Users\\user\\Documents\\RF_COMM_MULTILANE\\board_profiles\\ax7010_tfdu_j10_j11_pinmap.csv",
      "PINMAP_SHA256": "4c7d5f0836a2ab48df7672e00f99455e582fbf477b04ed2b3b44ef38506a8a6a",
      "REGISTER_MAP_PATH": "C:\\Users\\user\\Documents\\RF_COMM_MULTILANE\\config\\register_map\\ir_axi_regs.yaml",
      "REGISTER_MAP_SHA256": "d5b0bf1476d815a3ed69988c72097827356d4eade48813c8913fc1b2d448983d",
      "SHUTDOWN_BITSTREAM_PATH": "C:\\Users\\user\\Documents\\RF_COMM_MULTILANE\\shutdown_bitstream\\tfdu_shutdown_j10_j11.bit",
      "SHUTDOWN_BITSTREAM_SHA256": "bac60b58912f0acd771dc830a6761535ec8f6a92befb1ae4cb7d928745af5810",
      "LTX_PATH": "C:\\Users\\user\\Documents\\RF_COMM_MULTILANE\\evidence\\hardware\\p6\\bitstreams\\p6_jtag_dynamic_transport_76fe1ec47871946a7d357b0caa1f669500de827b796d6154dcc54678e0ac7083.ltx",
      "LTX_SHA256": "76fe1ec47871946a7d357b0caa1f669500de827b796d6154dcc54678e0ac7083",
      "P7_JTAG_STAGE_NAME": "p7_p6_frame_regression_m1",
      "P7_JTAG_SEMANTIC_MODE": "rfap",
      "P7_JTAG_TRANSACTION_PATH": "C:\\Users\\user\\Documents\\RF_COMM_MULTILANE\\build\\p7_authorized_sequence\\p7_20260711_stationary_app_r12_diag_suffix55\\transactions\\002_p7_p6_frame_regression_m1.transactions.txt",
      "P7_JTAG_TRANSACTION_SHA256": "4569a727fa2fc7f64afbdbf9f029b6da1489ca48e84262bd7e9c45d51a909fbd",
      "P7_JTAG_FREQUENCY_HZ": "1000000",
      "P7_JTAG_AXI_BASE": "0x43c00000",
      "P7_JTAG_BACKEND_MANIFEST_PATH": "C:\\Users\\user\\Documents\\RF_COMM_MULTILANE\\build\\p7_authorized_sequence\\p7_20260711_stationary_app_r12_diag_suffix55\\manifests\\002_p7_p6_frame_regression_m1.manifest.json",
      "P7_JTAG_BACKEND_MANIFEST_SHA256": "c2ac4c709a0f8869da9baf30747b775a4e7fd0f3a47fcef9db093db2aec8b6df"
    },
    "source_commit_requested": "999cbc327009459fcd768380fe25918c5213a763",
    "source_commit_current": "999cbc327009459fcd768380fe25918c5213a763",
    "dirty_files": [
      " M evidence/generated/p7_2lane_scope_summary.md",
      " M evidence/generated/p7_application_protocol_summary.md",
      " M evidence/generated/p7_artifact_provenance_summary.json",
      " M evidence/generated/p7_artifact_provenance_summary.md",
      " M evidence/generated/p7_backend_conformance_summary.md",
      " M evidence/generated/p7_fault_recovery_summary.md",
      " M evidence/generated/p7_file_integrity_summary.md",
      " M evidence/generated/p7_fragmentation_reassembly_summary.md",
      " M evidence/generated/p7_lane1_promotion_summary.json",
      " M evidence/generated/p7_lane_scheduler_summary.md",
      " M evidence/generated/p7_no_ethernet_summary.md",
      " M evidence/generated/p7_no_motion_summary.md",
      " M evidence/generated/p7_offline_gate_summary.json",
      " M evidence/generated/p7_offline_gate_summary.md",
      " M evidence/generated/p7_offline_test_run.json",
      " M evidence/generated/p7_protocol_vector_summary.md",
      " M evidence/generated/p7_ps_core_hardware_readiness.json",
      " M evidence/generated/p7_ps_runtime_build_summary.json",
      " M evidence/generated/p7_ps_runtime_summary.md",
      " M evidence/generated/p7_queue_backpressure_summary.md",
      " M evidence/generated/p7_repo_intake.md",
      " M evidence/generated/p7_repo_intake_summary.json",
      " M evidence/generated/p7_repo_intake_summary.md",
      " M evidence/generated/p7_segmentation_reassembly_summary.md",
      " M evidence/generated/vitis/p7_ps_runtime/p7_ps_runtime_build_summary.json",
      "?? evidence/hardware/p7/authorized_sequence/p7_20260711_stationary_app_r12_diag_suffix55/"
    ],
    "max_runtime_sec": 960,
    "lane_count": 2,
    "max_lane_mask": "0x3",
    "no_ethernet": true,
    "no_motion": true,
    "shutdown_on_exit": true,
    "abort_file": "C:\\Users\\user\\Documents\\RF_COMM_MULTILANE\\.hardware_authorization\\ABORT_NOW.txt",
    "abort_file_present": false,
    "hw_server_url": "localhost:3121",
    "preflight_tcl": "C:\\Users\\user\\Documents\\RF_COMM_MULTILANE\\scripts\\hw\\p7_hw_preflight.tcl",
    "preflight_tcl_sha256": "95bfbdf7e6c429e6637c1b4224a9dcecaa1fd756a1f665b21a797d54afbfc464",
    "artifacts": {
      "plan": {
        "path": "C:\\Users\\user\\Documents\\RF_COMM_MULTILANE\\evidence\\hardware\\p7\\artifacts\\p7_plan_c6db9d8348c3bc518fa5985595adfcdada1a08f11c9246c6103ec378b43b58dd.md",
        "expected_sha256": "c6db9d8348c3bc518fa5985595adfcdada1a08f11c9246c6103ec378b43b58dd",
        "exists": true,
        "actual_sha256": "c6db9d8348c3bc518fa5985595adfcdada1a08f11c9246c6103ec378b43b58dd"
      },
      "bitstream": {
        "path": "C:\\Users\\user\\Documents\\RF_COMM_MULTILANE\\evidence\\hardware\\p6\\bitstreams\\p6_jtag_dynamic_transport_4830d547d6a667edda8deebae855c3a7154478e298efca70e2526e6f3570b23c.bit",
        "expected_sha256": "4830d547d6a667edda8deebae855c3a7154478e298efca70e2526e6f3570b23c",
        "exists": true,
        "actual_sha256": "4830d547d6a667edda8deebae855c3a7154478e298efca70e2526e6f3570b23c"
      },
      "xsa": {
        "path": "C:\\Users\\user\\Documents\\RF_COMM_MULTILANE\\evidence\\hardware\\p6\\bitstreams\\p6_ps_dynamic_transport_b5d1174eb46d12eb395ceabbbea3c132c5771ca6777194138e68c2eacb2e4fc9.xsa",
        "expected_sha256": "b5d1174eb46d12eb395ceabbbea3c132c5771ca6777194138e68c2eacb2e4fc9",
        "exists": true,
        "actual_sha256": "b5d1174eb46d12eb395ceabbbea3c132c5771ca6777194138e68c2eacb2e4fc9"
      },
      "elf": {
        "path": "C:\\Users\\user\\Documents\\RF_COMM_MULTILANE\\evidence\\hardware\\p7\\artifacts\\p7_runtime_14450369d4c6cbe27899bc69f210278e3b2076573e0122859d266fe63cc8e0ce.elf",
        "expected_sha256": "14450369d4c6cbe27899bc69f210278e3b2076573e0122859d266fe63cc8e0ce",
        "exists": true,
        "actual_sha256": "14450369d4c6cbe27899bc69f210278e3b2076573e0122859d266fe63cc8e0ce"
      },
      "profile": {
        "path": "C:\\Users\\user\\Documents\\RF_COMM_MULTILANE\\profiles\\p7\\p7_stationary_app_30min.json",
        "expected_sha256": "65a36a8318e7fd1e3b647997aceca773c69e76eee85cb8fae922148ccd8f3c94",
        "exists": true,
        "actual_sha256": "65a36a8318e7fd1e3b647997aceca773c69e76eee85cb8fae922148ccd8f3c94"
      },
      "active_xdc": {
        "path": "C:\\Users\\user\\Documents\\RF_COMM_MULTILANE\\constraints\\active\\PORT1.generated.xdc",
        "expected_sha256": "cf23a0d34a2fa76521faf4c91f3858cff2117fa6020d302d1a6109f10254f990",
        "exists": true,
        "actual_sha256": "cf23a0d34a2fa76521faf4c91f3858cff2117fa6020d302d1a6109f10254f990"
      },
      "pinmap": {
        "path": "C:\\Users\\user\\Documents\\RF_COMM_MULTILANE\\board_profiles\\ax7010_tfdu_j10_j11_pinmap.csv",
        "expected_sha256": "4c7d5f0836a2ab48df7672e00f99455e582fbf477b04ed2b3b44ef38506a8a6a",
        "exists": true,
        "actual_sha256": "4c7d5f0836a2ab48df7672e00f99455e582fbf477b04ed2b3b44ef38506a8a6a"
      },
      "register_map": {
        "path": "C:\\Users\\user\\Documents\\RF_COMM_MULTILANE\\config\\register_map\\ir_axi_regs.yaml",
        "expected_sha256": "d5b0bf1476d815a3ed69988c72097827356d4eade48813c8913fc1b2d448983d",
        "exists": true,
        "actual_sha256": "d5b0bf1476d815a3ed69988c72097827356d4eade48813c8913fc1b2d448983d"
      },
      "shutdown_bitstream": {
        "path": "C:\\Users\\user\\Documents\\RF_COMM_MULTILANE\\shutdown_bitstream\\tfdu_shutdown_j10_j11.bit",
        "expected_sha256": "bac60b58912f0acd771dc830a6761535ec8f6a92befb1ae4cb7d928745af5810",
        "exists": true,
        "actual_sha256": "bac60b58912f0acd771dc830a6761535ec8f6a92befb1ae4cb7d928745af5810"
      },
      "ltx": {
        "path": "C:\\Users\\user\\Documents\\RF_COMM_MULTILANE\\evidence\\hardware\\p6\\bitstreams\\p6_jtag_dynamic_transport_76fe1ec47871946a7d357b0caa1f669500de827b796d6154dcc54678e0ac7083.ltx",
        "expected_sha256": "76fe1ec47871946a7d357b0caa1f669500de827b796d6154dcc54678e0ac7083",
        "exists": true,
        "actual_sha256": "76fe1ec47871946a7d357b0caa1f669500de827b796d6154dcc54678e0ac7083"
      }
    },
    "errors": [],
    "warnings": [
      "workspace has uncommitted changes; frozen artifact hashes remain authoritative"
    ]
  },
  "stage_validation_errors": [],
  "transaction_validation": {
    "format": "P7_JTAG_AXI_TRANSACTIONS_V1",
    "path": "C:\\Users\\user\\Documents\\RF_COMM_MULTILANE\\build\\p7_authorized_sequence\\p7_20260711_stationary_app_r12_diag_suffix55\\transactions\\002_p7_p6_frame_regression_m1.transactions.txt",
    "expected_sha256": "4569a727fa2fc7f64afbdbf9f029b6da1489ca48e84262bd7e9c45d51a909fbd",
    "actual_sha256": "4569a727fa2fc7f64afbdbf9f029b6da1489ca48e84262bd7e9c45d51a909fbd",
    "operation_count": 4269,
    "poll_operation_count": 40,
    "poll_iteration_ceiling": 240000,
    "metadata": {
      "BACKEND": "p7_jtag_backend",
      "LANE_POLICY": "LANE0_ONLY"
    },
    "errors": [],
    "size_bytes": 130270,
    "start_operation_count": 20,
    "commit_operation_count": 20,
    "payload_write_count": 1189,
    "minimum_single_word_axi4lite_transaction_count": 4269,
    "minimum_run_hw_axi_call_count": 933,
    "multi_transaction_batch_count": 231,
    "batched_single_word_transaction_count": 3567,
    "max_batch_transactions": 16,
    "standalone_run_hw_axi_call_count": 702,
    "result_keys": [
      "P7F00000_ACK_SEEN",
      "P7F00000_ACK_SENT",
      "P7F00000_COMMIT",
      "P7F00000_COMMIT_POLLS",
      "P7F00000_CRC_BAD",
      "P7F00000_DONE",
      "P7F00000_DONE_POLLS",
      "P7F00000_DUTY_VIOLATION",
      "P7F00000_ERROR_CODE",
      "P7F00000_FRAME_BAD",
      "P7F00000_FRAME_GOOD",
      "P7F00000_MAILBOX",
      "P7F00000_PAYLOAD_MISMATCH",
      "P7F00000_RAW_RX_PULSES",
      "P7F00000_RAW_TX_PULSES",
      "P7F00000_RETRY_COUNT",
      "P7F00000_RETRY_EXHAUSTED",
      "P7F00000_RXW000",
      "P7F00000_RXW001",
      "P7F00000_RXW002",
      "P7F00000_RXW003",
      "P7F00000_RXW004",
      "P7F00000_RXW005",
      "P7F00000_RXW006",
      "P7F00000_RXW007",
      "P7F00000_RXW008",
      "P7F00000_RXW009",
      "P7F00000_RXW010",
      "P7F00000_RXW011",
      "P7F00000_RXW012",
      "P7F00000_RXW013",
      "P7F00000_RXW014",
      "P7F00000_RXW015",
      "P7F00000_RXW016",
      "P7F00000_RXW017",
      "P7F00000_RXW018",
      "P7F00000_RXW019",
      "P7F00000_RXW020",
      "P7F00000_RXW021",
      "P7F00000_RXW022",
      "P7F00000_RXW023",
      "P7F00000_RXW024",
      "P7F00000_RXW025",
      "P7F00000_RXW026",
      "P7F00000_RXW027",
      "P7F00000_RXW028",
      "P7F00000_RXW029",
      "P7F00000_RXW030",
      "P7F00000_RXW031",
      "P7F00000_RXW032",
      "P7F00000_RXW033",
      "P7F00000_RXW034",
      "P7F00000_RXW035",
      "P7F00000_RXW036",
      "P7F00000_RXW037",
      "P7F00000_RXW038",
      "P7F00000_RXW039",
      "P7F00000_RXW040",
      "P7F00000_RXW041",
      "P7F00000_RXW042",
      "P7F00000_RXW043",
      "P7F00000_RXW044",
      "P7F00000_RXW045",
      "P7F00000_RXW046",
      "P7F00000_RXW047",
      "P7F00000_RXW048",
      "P7F00000_RXW049",
      "P7F00000_RXW050",
      "P7F00000_RXW051",
      "P7F00000_RXW052",
      "P7F00000_RXW053",
      "P7F00000_RXW054",
      "P7F00000_RXW055",
      "P7F00000_RXW056",
      "P7F00000_RXW057",
      "P7F00000_RXW058",
      "P7F00000_RXW059",
      "P7F00000_RXW060",
      "P7F00000_RXW061",
      "P7F00000_RX_CRC32",
      "P7F00000_RX_DIGEST",
      "P7F00000_RX_GOOD_COUNT_L0",
      "P7F00000_RX_GOOD_COUNT_L1",
      "P7F00000_RX_LEN",
      "P7F00000_STATUS",
      "P7F00000_STICKY_ERROR",
      "P7F00000_TXD_HIGH_MAX",
      "P7F00000_TXW000",
      "P7F00000_TXW001",
      "P7F00000_TXW002",
      "P7F00000_TXW003",
      "P7F00000_TXW004",
      "P7F00000_TXW005",
      "P7F00000_TXW006",
      "P7F00000_TXW007",
      "P7F00000_TXW008",
      "P7F00000_TXW009",
      "P7F00000_TXW010",
      "P7F00000_TXW011",
      "P7F00000_TXW012",
      "P7F00000_TXW013",
      "P7F00000_TXW014",
      "P7F00000_TXW015",
      "P7F00000_TXW016",
      "P7F00000_TXW017",
      "P7F00000_TXW018",
      "P7F00000_TXW019",
      "P7F00000_TXW020",
      "P7F00000_TXW021",
      "P7F00000_TXW022",
      "P7F00000_TXW023",
      "P7F00000_TXW024",
      "P7F00000_TXW025",
      "P7F00000_TXW026",
      "P7F00000_TXW027",
      "P7F00000_TXW028",
      "P7F00000_TXW029",
      "P7F00000_TXW030",
      "P7F00000_TXW031",
      "P7F00000_TXW032",
      "P7F00000_TXW033",
      "P7F00000_TXW034",
      "P7F00000_TXW035",
      "P7F00000_TXW036",
      "P7F00000_TXW037",
      "P7F00000_TXW038",
      "P7F00000_TXW039",
      "P7F00000_TXW040",
      "P7F00000_TXW041",
      "P7F00000_TXW042",
      "P7F00000_TXW043",
      "P7F00000_TXW044",
      "P7F00000_TXW045",
      "P7F00000_TXW046",
      "P7F00000_TXW047",
      "P7F00000_TXW048",
      "P7F00000_TXW049",
      "P7F00000_TXW050",
      "P7F00000_TXW051",
      "P7F00000_TXW052",
      "P7F00000_TXW053",
      "P7F00000_TXW054",
      "P7F00000_TXW055",
      "P7F00000_TXW056",
      "P7F00000_TXW057",
      "P7F00000_TXW058",
      "P7F00000_TXW059",
      "P7F00000_TXW060",
      "P7F00000_TXW061",
      "P7F00000_TX_COUNT",
      "P7F00000_TX_CRC32",
      "P7F00000_TX_FAIL",
      "P7F00001_ACK_SEEN",
      "P7F00001_ACK_SENT",
      "P7F00001_COMMIT",
      "P7F00001_COMMIT_POLLS",
      "P7F00001_CRC_BAD",
      "P7F00001_DONE",
      "P7F00001_DONE_POLLS",
      "P7F00001_DUTY_VIOLATION",
      "P7F00001_ERROR_CODE",
      "P7F00001_FRAME_BAD",
      "P7F00001_FRAME_GOOD",
      "P7F00001_MAILBOX",
      "P7F00001_PAYLOAD_MISMATCH",
      "P7F00001_RAW_RX_PULSES",
      "P7F00001_RAW_TX_PULSES",
      "P7F00001_RETRY_COUNT",
      "P7F00001_RETRY_EXHAUSTED",
      "P7F00001_RXW000",
      "P7F00001_RXW001",
      "P7F00001_RXW002",
      "P7F00001_RXW003",
      "P7F00001_RXW004",
      "P7F00001_RXW005",
      "P7F00001_RXW006",
      "P7F00001_RXW007",
      "P7F00001_RXW008",
      "P7F00001_RXW009",
      "P7F00001_RXW010",
      "P7F00001_RXW011",
      "P7F00001_RXW012",
      "P7F00001_RXW013",
      "P7F00001_RXW014",
      "P7F00001_RXW015",
      "P7F00001_RXW016",
      "P7F00001_RXW017",
      "P7F00001_RXW018",
      "P7F00001_RXW019",
      "P7F00001_RXW020",
      "P7F00001_RXW021",
      "P7F00001_RXW022",
      "P7F00001_RXW023",
      "P7F00001_RXW024",
      "P7F00001_RXW025",
      "P7F00001_RXW026",
      "P7F00001_RXW027",
      "P7F00001_RXW028",
      "P7F00001_RXW029",
      "P7F00001_RXW030",
      "P7F00001_RXW031",
      "P7F00001_RXW032",
      "P7F00001_RXW033",
      "P7F00001_RXW034",
      "P7F00001_RXW035",
      "P7F00001_RXW036",
      "P7F00001_RXW037",
      "P7F00001_RXW038",
      "P7F00001_RXW039",
      "P7F00001_RXW040",
      "P7F00001_RXW041",
      "P7F00001_RXW042",
      "P7F00001_RXW043",
      "P7F00001_RXW044",
      "P7F00001_RXW045",
      "P7F00001_RXW046",
      "P7F00001_RXW047",
      "P7F00001_RXW048",
      "P7F00001_RXW049",
      "P7F00001_RXW050",
      "P7F00001_RXW051",
      "P7F00001_RXW052",
      "P7F00001_RXW053",
      "P7F00001_RXW054",
      "P7F00001_RXW055",
      "P7F00001_RXW056",
      "P7F00001_RXW057",
      "P7F00001_RXW058",
      "P7F00001_RXW059",
      "P7F00001_RXW060",
      "P7F00001_RXW061",
      "P7F00001_RX_CRC32",
      "P7F00001_RX_DIGEST",
      "P7F00001_RX_GOOD_COUNT_L0",
      "P7F00001_RX_GOOD_COUNT_L1",
      "P7F00001_RX_LEN",
      "P7F00001_STATUS",
      "P7F00001_STICKY_ERROR",
      "P7F00001_TXD_HIGH_MAX",
      "P7F00001_TXW000",
      "P7F00001_TXW001",
      "P7F00001_TXW002",
      "P7F00001_TXW003",
      "P7F00001_TXW004",
      "P7F00001_TXW005",
      "P7F00001_TXW006",
      "P7F00001_TXW007",
      "P7F00001_TXW008",
      "P7F00001_TXW009",
      "P7F00001_TXW010",
      "P7F00001_TXW011",
      "P7F00001_TXW012",
      "P7F00001_TXW013",
      "P7F00001_TXW014",
      "P7F00001_TXW015",
      "P7F00001_TXW016",
      "P7F00001_TXW017",
      "P7F00001_TXW018",
      "P7F00001_TXW019",
      "P7F00001_TXW020",
      "P7F00001_TXW021",
      "P7F00001_TXW022",
      "P7F00001_TXW023",
      "P7F00001_TXW024",
      "P7F00001_TXW025",
      "P7F00001_TXW026",
      "P7F00001_TXW027",
      "P7F00001_TXW028",
      "P7F00001_TXW029",
      "P7F00001_TXW030",
      "P7F00001_TXW031",
      "P7F00001_TXW032",
      "P7F00001_TXW033",
      "P7F00001_TXW034",
      "P7F00001_TXW035",
      "P7F00001_TXW036",
      "P7F00001_TXW037",
      "P7F00001_TXW038",
      "P7F00001_TXW039",
      "P7F00001_TXW040",
      "P7F00001_TXW041",
      "P7F00001_TXW042",
      "P7F00001_TXW043",
      "P7F00001_TXW044",
      "P7F00001_TXW045",
      "P7F00001_TXW046",
      "P7F00001_TXW047",
      "P7F00001_TXW048",
      "P7F00001_TXW049",
      "P7F00001_TXW050",
      "P7F00001_TXW051",
      "P7F00001_TXW052",
      "P7F00001_TXW053",
      "P7F00001_TXW054",
      "P7F00001_TXW055",
      "P7F00001_TXW056",
      "P7F00001_TXW057",
      "P7F00001_TXW058",
      "P7F00001_TXW059",
      "P7F00001_TXW060",
      "P7F00001_TXW061",
      "P7F00001_TX_COUNT",
      "P7F00001_TX_CRC32",
      "P7F00001_TX_FAIL",
      "P7F00002_ACK_SEEN",
      "P7F00002_ACK_SENT",
      "P7F00002_COMMIT",
      "P7F00002_COMMIT_POLLS",
      "P7F00002_CRC_BAD",
      "P7F00002_DONE",
      "P7F00002_DONE_POLLS",
      "P7F00002_DUTY_VIOLATION",
      "P7F00002_ERROR_CODE",
      "P7F00002_FRAME_BAD",
      "P7F00002_FRAME_GOOD",
      "P7F00002_MAILBOX",
      "P7F00002_PAYLOAD_MISMATCH",
      "P7F00002_RAW_RX_PULSES",
      "P7F00002_RAW_TX_PULSES",
      "P7F00002_RETRY_COUNT",
      "P7F00002_RETRY_EXHAUSTED",
      "P7F00002_RXW000",
      "P7F00002_RXW001",
      "P7F00002_RXW002",
      "P7F00002_RXW003",
      "P7F00002_RXW004",
      "P7F00002_RXW005",
      "P7F00002_RXW006",
      "P7F00002_RXW007",
      "P7F00002_RXW008",
      "P7F00002_RXW009",
      "P7F00002_RXW010",
      "P7F00002_RXW011",
      "P7F00002_RXW012",
      "P7F00002_RXW013",
      "P7F00002_RXW014",
      "P7F00002_RXW015",
      "P7F00002_RXW016",
      "P7F00002_RXW017",
      "P7F00002_RXW018",
      "P7F00002_RXW019",
      "P7F00002_RXW020",
      "P7F00002_RXW021",
      "P7F00002_RXW022",
      "P7F00002_RXW023",
      "P7F00002_RXW024",
      "P7F00002_RXW025",
      "P7F00002_RXW026",
      "P7F00002_RXW027",
      "P7F00002_RXW028",
      "P7F00002_RXW029",
      "P7F00002_RXW030",
      "P7F00002_RXW031",
      "P7F00002_RXW032",
      "P7F00002_RXW033",
      "P7F00002_RXW034",
      "P7F00002_RXW035",
      "P7F00002_RXW036",
      "P7F00002_RXW037",
      "P7F00002_RXW038",
      "P7F00002_RXW039",
      "P7F00002_RXW040",
      "P7F00002_RXW041",
      "P7F00002_RXW042",
      "P7F00002_RXW043",
      "P7F00002_RXW044",
      "P7F00002_RXW045",
      "P7F00002_RXW046",
      "P7F00002_RXW047",
      "P7F00002_RXW048",
      "P7F00002_RXW049",
      "P7F00002_RXW050",
      "P7F00002_RXW051",
      "P7F00002_RXW052",
      "P7F00002_RXW053",
      "P7F00002_RXW054",
      "P7F00002_RXW055",
      "P7F00002_RXW056",
      "P7F00002_RXW057",
      "P7F00002_RXW058",
      "P7F00002_RXW059",
      "P7F00002_RXW060",
      "P7F00002_RXW061",
      "P7F00002_RX_CRC32",
      "P7F00002_RX_DIGEST",
      "P7F00002_RX_GOOD_COUNT_L0",
      "P7F00002_RX_GOOD_COUNT_L1",
      "P7F00002_RX_LEN",
      "P7F00002_STATUS",
      "P7F00002_STICKY_ERROR",
      "P7F00002_TXD_HIGH_MAX",
      "P7F00002_TXW000",
      "P7F00002_TXW001",
      "P7F00002_TXW002",
      "P7F00002_TXW003",
      "P7F00002_TXW004",
      "P7F00002_TXW005",
      "P7F00002_TXW006",
      "P7F00002_TXW007",
      "P7F00002_TXW008",
      "P7F00002_TXW009",
      "P7F00002_TXW010",
      "P7F00002_TXW011",
      "P7F00002_TXW012",
      "P7F00002_TXW013",
      "P7F00002_TXW014",
      "P7F00002_TXW015",
      "P7F00002_TXW016",
      "P7F00002_TXW017",
      "P7F00002_TXW018",
      "P7F00002_TXW019",
      "P7F00002_TXW020",
      "P7F00002_TXW021",
      "P7F00002_TXW022",
      "P7F00002_TXW023",
      "P7F00002_TXW024",
      "P7F00002_TXW025",
      "P7F00002_TXW026",
      "P7F00002_TXW027",
      "P7F00002_TXW028",
      "P7F00002_TXW029",
      "P7F00002_TXW030",
      "P7F00002_TXW031",
      "P7F00002_TXW032",
      "P7F00002_TXW033",
      "P7F00002_TXW034",
      "P7F00002_TXW035",
      "P7F00002_TXW036",
      "P7F00002_TXW037",
      "P7F00002_TXW038",
      "P7F00002_TXW039",
      "P7F00002_TXW040",
      "P7F00002_TXW041",
      "P7F00002_TXW042",
      "P7F00002_TXW043",
      "P7F00002_TXW044",
      "P7F00002_TXW045",
      "P7F00002_TXW046",
      "P7F00002_TXW047",
      "P7F00002_TXW048",
      "P7F00002_TXW049",
      "P7F00002_TXW050",
      "P7F00002_TXW051",
      "P7F00002_TXW052",
      "P7F00002_TXW053",
      "P7F00002_TXW054",
      "P7F00002_TXW055",
      "P7F00002_TXW056",
      "P7F00002_TXW057",
      "P7F00002_TXW058",
      "P7F00002_TXW059",
      "P7F00002_TXW060",
      "P7F00002_TXW061",
      "P7F00002_TX_COUNT",
      "P7F00002_TX_CRC32",
      "P7F00002_TX_FAIL",
      "P7F00003_ACK_SEEN",
      "P7F00003_ACK_SENT",
      "P7F00003_COMMIT",
      "P7F00003_COMMIT_POLLS",
      "P7F00003_CRC_BAD",
      "P7F00003_DONE",
      "P7F00003_DONE_POLLS",
      "P7F00003_DUTY_VIOLATION",
      "P7F00003_ERROR_CODE",
      "P7F00003_FRAME_BAD",
      "P7F00003_FRAME_GOOD",
      "P7F00003_MAILBOX",
      "P7F00003_PAYLOAD_MISMATCH",
      "P7F00003_RAW_RX_PULSES",
      "P7F00003_RAW_TX_PULSES",
      "P7F00003_RETRY_COUNT",
      "P7F00003_RETRY_EXHAUSTED",
      "P7F00003_RXW000",
      "P7F00003_RXW001",
      "P7F00003_RXW002",
      "P7F00003_RXW003",
      "P7F00003_RXW004",
      "P7F00003_RXW005",
      "P7F00003_RXW006",
      "P7F00003_RXW007",
      "P7F00003_RXW008",
      "P7F00003_RXW009",
      "P7F00003_RXW010",
      "P7F00003_RXW011",
      "P7F00003_RXW012",
      "P7F00003_RXW013",
      "P7F00003_RXW014",
      "P7F00003_RXW015",
      "P7F00003_RXW016",
      "P7F00003_RXW017",
      "P7F00003_RXW018",
      "P7F00003_RXW019",
      "P7F00003_RXW020",
      "P7F00003_RXW021",
      "P7F00003_RXW022",
      "P7F00003_RXW023",
      "P7F00003_RXW024",
      "P7F00003_RXW025",
      "P7F00003_RXW026",
      "P7F00003_RXW027",
      "P7F00003_RXW028",
      "P7F00003_RXW029",
      "P7F00003_RXW030",
      "P7F00003_RXW031",
      "P7F00003_RXW032",
      "P7F00003_RXW033",
      "P7F00003_RXW034",
      "P7F00003_RXW035",
      "P7F00003_RXW036",
      "P7F00003_RXW037",
      "P7F00003_RXW038",
      "P7F00003_RXW039",
      "P7F00003_RXW040",
      "P7F00003_RXW041",
      "P7F00003_RXW042",
      "P7F00003_RXW043",
      "P7F00003_RXW044",
      "P7F00003_RXW045",
      "P7F00003_RXW046",
      "P7F00003_RXW047",
      "P7F00003_RXW048",
      "P7F00003_RXW049",
      "P7F00003_RXW050",
      "P7F00003_RXW051",
      "P7F00003_RXW052",
      "P7F00003_RXW053",
      "P7F00003_RXW054",
      "P7F00003_RXW055",
      "P7F00003_RXW056",
      "P7F00003_RXW057",
      "P7F00003_RXW058",
      "P7F00003_RXW059",
      "P7F00003_RXW060",
      "P7F00003_RXW061",
      "P7F00003_RX_CRC32",
      "P7F00003_RX_DIGEST",
      "P7F00003_RX_GOOD_COUNT_L0",
      "P7F00003_RX_GOOD_COUNT_L1",
      "P7F00003_RX_LEN",
      "P7F00003_STATUS",
      "P7F00003_STICKY_ERROR",
      "P7F00003_TXD_HIGH_MAX",
      "P7F00003_TXW000",
      "P7F00003_TXW001",
      "P7F00003_TXW002",
      "P7F00003_TXW003",
      "P7F00003_TXW004",
      "P7F00003_TXW005",
      "P7F00003_TXW006",
      "P7F00003_TXW007",
      "P7F00003_TXW008",
      "P7F00003_TXW009",
      "P7F00003_TXW010",
      "P7F00003_TXW011",
      "P7F00003_TXW012",
      "P7F00003_TXW013",
      "P7F00003_TXW014",
      "P7F00003_TXW015",
      "P7F00003_TXW016",
      "P7F00003_TXW017",
      "P7F00003_TXW018",
      "P7F00003_TXW019",
      "P7F00003_TXW020",
      "P7F00003_TXW021",
      "P7F00003_TXW022",
      "P7F00003_TXW023",
      "P7F00003_TXW024",
      "P7F00003_TXW025",
      "P7F00003_TXW026",
      "P7F00003_TXW027",
      "P7F00003_TXW028",
      "P7F00003_TXW029",
      "P7F00003_TXW030",
      "P7F00003_TXW031",
      "P7F00003_TXW032",
      "P7F00003_TXW033",
      "P7F00003_TXW034",
      "P7F00003_TXW035",
      "P7F00003_TXW036",
      "P7F00003_TXW037",
      "P7F00003_TXW038",
      "P7F00003_TXW039",
      "P7F00003_TXW040",
      "P7F00003_TXW041",
      "P7F00003_TXW042",
      "P7F00003_TXW043",
      "P7F00003_TXW044",
      "P7F00003_TXW045",
      "P7F00003_TXW046",
      "P7F00003_TXW047",
      "P7F00003_TXW048",
      "P7F00003_TXW049",
      "P7F00003_TXW050",
      "P7F00003_TXW051",
      "P7F00003_TXW052",
      "P7F00003_TXW053",
      "P7F00003_TXW054",
      "P7F00003_TXW055",
      "P7F00003_TXW056",
      "P7F00003_TXW057",
      "P7F00003_TXW058",
      "P7F00003_TXW059",
      "P7F00003_TXW060",
      "P7F00003_TXW061",
      "P7F00003_TX_COUNT",
      "P7F00003_TX_CRC32",
      "P7F00003_TX_FAIL",
      "P7F00004_ACK_SEEN",
      "P7F00004_ACK_SENT",
      "P7F00004_COMMIT",
      "P7F00004_COMMIT_POLLS",
      "P7F00004_CRC_BAD",
      "P7F00004_DONE",
      "P7F00004_DONE_POLLS",
      "P7F00004_DUTY_VIOLATION",
      "P7F00004_ERROR_CODE",
      "P7F00004_FRAME_BAD",
      "P7F00004_FRAME_GOOD",
      "P7F00004_MAILBOX",
      "P7F00004_PAYLOAD_MISMATCH",
      "P7F00004_RAW_RX_PULSES",
      "P7F00004_RAW_TX_PULSES",
      "P7F00004_RETRY_COUNT",
      "P7F00004_RETRY_EXHAUSTED",
      "P7F00004_RXW000",
      "P7F00004_RXW001",
      "P7F00004_RXW002",
      "P7F00004_RXW003",
      "P7F00004_RXW004",
      "P7F00004_RXW005",
      "P7F00004_RXW006",
      "P7F00004_RXW007",
      "P7F00004_RXW008",
      "P7F00004_RXW009",
      "P7F00004_RXW010",
      "P7F00004_RXW011",
      "P7F00004_RXW012",
      "P7F00004_RXW013",
      "P7F00004_RXW014",
      "P7F00004_RXW015",
      "P7F00004_RXW016",
      "P7F00004_RXW017",
      "P7F00004_RXW018",
      "P7F00004_RXW019",
      "P7F00004_RXW020",
      "P7F00004_RXW021",
      "P7F00004_RXW022",
      "P7F00004_RXW023",
      "P7F00004_RXW024",
      "P7F00004_RXW025",
      "P7F00004_RXW026",
      "P7F00004_RXW027",
      "P7F00004_RXW028",
      "P7F00004_RXW029",
      "P7F00004_RXW030",
      "P7F00004_RXW031",
      "P7F00004_RXW032",
      "P7F00004_RXW033",
      "P7F00004_RXW034",
      "P7F00004_RXW035",
      "P7F00004_RXW036",
      "P7F00004_RXW037",
      "P7F00004_RXW038",
      "P7F00004_RXW039",
      "P7F00004_RXW040",
      "P7F00004_RXW041",
      "P7F00004_RXW042",
      "P7F00004_RXW043",
      "P7F00004_RXW044",
      "P7F00004_RXW045",
      "P7F00004_RXW046",
      "P7F00004_RXW047",
      "P7F00004_RXW048",
      "P7F00004_RXW049",
      "P7F00004_RXW050",
      "P7F00004_RXW051",
      "P7F00004_RXW052",
      "P7F00004_RXW053",
      "P7F00004_RXW054",
      "P7F00004_RXW055",
      "P7F00004_RXW056",
      "P7F00004_RXW057",
      "P7F00004_RXW058",
      "P7F00004_RXW059",
      "P7F00004_RXW060",
      "P7F00004_RXW061",
      "P7F00004_RX_CRC32",
      "P7F00004_RX_DIGEST",
      "P7F00004_RX_GOOD_COUNT_L0",
      "P7F00004_RX_GOOD_COUNT_L1",
      "P7F00004_RX_LEN",
      "P7F00004_STATUS",
      "P7F00004_STICKY_ERROR",
      "P7F00004_TXD_HIGH_MAX",
      "P7F00004_TXW000",
      "P7F00004_TXW001",
      "P7F00004_TXW002",
      "P7F00004_TXW003",
      "P7F00004_TXW004",
      "P7F00004_TXW005",
      "P7F00004_TXW006",
      "P7F00004_TXW007",
      "P7F00004_TXW008",
      "P7F00004_TXW009",
      "P7F00004_TXW010",
      "P7F00004_TXW011",
      "P7F00004_TXW012",
      "P7F00004_TXW013",
      "P7F00004_TXW014",
      "P7F00004_TXW015",
      "P7F00004_TXW016",
      "P7F00004_TXW017",
      "P7F00004_TXW018",
      "P7F00004_TXW019",
      "P7F00004_TXW020",
      "P7F00004_TXW021",
      "P7F00004_TXW022",
      "P7F00004_TXW023",
      "P7F00004_TXW024",
      "P7F00004_TXW025",
      "P7F00004_TXW026",
      "P7F00004_TXW027",
      "P7F00004_TXW028",
      "P7F00004_TXW029",
      "P7F00004_TXW030",
      "P7F00004_TXW031",
      "P7F00004_TXW032",
      "P7F00004_TXW033",
      "P7F00004_TXW034",
      "P7F00004_TXW035",
      "P7F00004_TXW036",
      "P7F00004_TXW037",
      "P7F00004_TXW038",
      "P7F00004_TXW039",
      "P7F00004_TXW040",
      "P7F00004_TXW041",
      "P7F00004_TXW042",
      "P7F00004_TXW043",
      "P7F00004_TXW044",
      "P7F00004_TXW045",
      "P7F00004_TXW046",
      "P7F00004_TXW047",
      "P7F00004_TXW048",
      "P7F00004_TXW049",
      "P7F00004_TXW050",
      "P7F00004_TXW051",
      "P7F00004_TXW052",
      "P7F00004_TXW053",
      "P7F00004_TXW054",
      "P7F00004_TXW055",
      "P7F00004_TXW056",
      "P7F00004_TXW057",
      "P7F00004_TXW058",
      "P7F00004_TXW059",
      "P7F00004_TXW060",
      "P7F00004_TXW061",
      "P7F00004_TX_COUNT",
      "P7F00004_TX_CRC32",
      "P7F00004_TX_FAIL",
      "P7F00005_ACK_SEEN",
      "P7F00005_ACK_SENT",
      "P7F00005_COMMIT",
      "P7F00005_COMMIT_POLLS",
      "P7F00005_CRC_BAD",
      "P7F00005_DONE",
      "P7F00005_DONE_POLLS",
      "P7F00005_DUTY_VIOLATION",
      "P7F00005_ERROR_CODE",
      "P7F00005_FRAME_BAD",
      "P7F00005_FRAME_GOOD",
      "P7F00005_MAILBOX",
      "P7F00005_PAYLOAD_MISMATCH",
      "P7F00005_RAW_RX_PULSES",
      "P7F00005_RAW_TX_PULSES",
      "P7F00005_RETRY_COUNT",
      "P7F00005_RETRY_EXHAUSTED",
      "P7F00005_RXW000",
      "P7F00005_RXW001",
      "P7F00005_RXW002",
      "P7F00005_RXW003",
      "P7F00005_RXW004",
      "P7F00005_RXW005",
      "P7F00005_RXW006",
      "P7F00005_RXW007",
      "P7F00005_RXW008",
      "P7F00005_RXW009",
      "P7F00005_RXW010",
      "P7F00005_RXW011",
      "P7F00005_RXW012",
      "P7F00005_RXW013",
      "P7F00005_RXW014",
      "P7F00005_RXW015",
      "P7F00005_RXW016",
      "P7F00005_RXW017",
      "P7F00005_RXW018",
      "P7F00005_RXW019",
      "P7F00005_RXW020",
      "P7F00005_RXW021",
      "P7F00005_RXW022",
      "P7F00005_RXW023",
      "P7F00005_RXW024",
      "P7F00005_RXW025",
      "P7F00005_RXW026",
      "P7F00005_RXW027",
      "P7F00005_RXW028",
      "P7F00005_RXW029",
      "P7F00005_RXW030",
      "P7F00005_RXW031",
      "P7F00005_RXW032",
      "P7F00005_RXW033",
      "P7F00005_RXW034",
      "P7F00005_RXW035",
      "P7F00005_RXW036",
      "P7F00005_RXW037",
      "P7F00005_RXW038",
      "P7F00005_RXW039",
      "P7F00005_RXW040",
      "P7F00005_RXW041",
      "P7F00005_RXW042",
      "P7F00005_RXW043",
      "P7F00005_RXW044",
      "P7F00005_RXW045",
      "P7F00005_RXW046",
      "P7F00005_RXW047",
      "P7F00005_RXW048",
      "P7F00005_RXW049",
      "P7F00005_RXW050",
      "P7F00005_RXW051",
      "P7F00005_RXW052",
      "P7F00005_RXW053",
      "P7F00005_RXW054",
      "P7F00005_RXW055",
      "P7F00005_RXW056",
      "P7F00005_RXW057",
      "P7F00005_RXW058",
      "P7F00005_RXW059",
      "P7F00005_RXW060",
      "P7F00005_RXW061",
      "P7F00005_RX_CRC32",
      "P7F00005_RX_DIGEST",
      "P7F00005_RX_GOOD_COUNT_L0",
      "P7F00005_RX_GOOD_COUNT_L1",
      "P7F00005_RX_LEN",
      "P7F00005_STATUS",
      "P7F00005_STICKY_ERROR",
      "P7F00005_TXD_HIGH_MAX",
      "P7F00005_TXW000",
      "P7F00005_TXW001",
      "P7F00005_TXW002",
      "P7F00005_TXW003",
      "P7F00005_TXW004",
      "P7F00005_TXW005",
      "P7F00005_TXW006",
      "P7F00005_TXW007",
      "P7F00005_TXW008",
      "P7F00005_TXW009",
      "P7F00005_TXW010",
      "P7F00005_TXW011",
      "P7F00005_TXW012",
      "P7F00005_TXW013",
      "P7F00005_TXW014",
      "P7F00005_TXW015",
      "P7F00005_TXW016",
      "P7F00005_TXW017",
      "P7F00005_TXW018",
      "P7F00005_TXW019",
      "P7F00005_TXW020",
      "P7F00005_TXW021",
      "P7F00005_TXW022",
      "P7F00005_TXW023",
      "P7F00005_TXW024",
      "P7F00005_TXW025",
      "P7F00005_TXW026",
      "P7F00005_TXW027",
      "P7F00005_TXW028",
      "P7F00005_TXW029",
      "P7F00005_TXW030",
      "P7F00005_TXW031",
      "P7F00005_TXW032",
      "P7F00005_TXW033",
      "P7F00005_TXW034",
      "P7F00005_TXW035",
      "P7F00005_TXW036",
      "P7F00005_TXW037",
      "P7F00005_TXW038",
      "P7F00005_TXW039",
      "P7F00005_TXW040",
      "P7F00005_TXW041",
      "P7F00005_TXW042",
      "P7F00005_TXW043",
      "P7F00005_TXW044",
      "P7F00005_TXW045",
      "P7F00005_TXW046",
      "P7F00005_TXW047",
      "P7F00005_TXW048",
      "P7F00005_TXW049",
      "P7F00005_TXW050",
      "P7F00005_TXW051",
      "P7F00005_TXW052",
      "P7F00005_TXW053",
      "P7F00005_TXW054",
      "P7F00005_TXW055",
      "P7F00005_TXW056",
      "P7F00005_TXW057",
      "P7F00005_TXW058",
      "P7F00005_TXW059",
      "P7F00005_TXW060",
      "P7F00005_TXW061",
      "P7F00005_TX_COUNT",
      "P7F00005_TX_CRC32",
      "P7F00005_TX_FAIL",
      "P7F00006_ACK_SEEN",
      "P7F00006_ACK_SENT",
      "P7F00006_COMMIT",
      "P7F00006_COMMIT_POLLS",
      "P7F00006_CRC_BAD",
      "P7F00006_DONE",
      "P7F00006_DONE_POLLS",
      "P7F00006_DUTY_VIOLATION",
      "P7F00006_ERROR_CODE",
      "P7F00006_FRAME_BAD",
      "P7F00006_FRAME_GOOD",
      "P7F00006_MAILBOX",
      "P7F00006_PAYLOAD_MISMATCH",
      "P7F00006_RAW_RX_PULSES",
      "P7F00006_RAW_TX_PULSES",
      "P7F00006_RETRY_COUNT",
      "P7F00006_RETRY_EXHAUSTED",
      "P7F00006_RXW000",
      "P7F00006_RXW001",
      "P7F00006_RXW002",
      "P7F00006_RXW003",
      "P7F00006_RXW004",
      "P7F00006_RXW005",
      "P7F00006_RXW006",
      "P7F00006_RXW007",
      "P7F00006_RXW008",
      "P7F00006_RXW009",
      "P7F00006_RXW010",
      "P7F00006_RXW011",
      "P7F00006_RXW012",
      "P7F00006_RXW013",
      "P7F00006_RXW014",
      "P7F00006_RXW015",
      "P7F00006_RXW016",
      "P7F00006_RXW017",
      "P7F00006_RXW018",
      "P7F00006_RXW019",
      "P7F00006_RXW020",
      "P7F00006_RXW021",
      "P7F00006_RXW022",
      "P7F00006_RXW023",
      "P7F00006_RXW024",
      "P7F00006_RXW025",
      "P7F00006_RXW026",
      "P7F00006_RXW027",
      "P7F00006_RXW028",
      "P7F00006_RXW029",
      "P7F00006_RXW030",
      "P7F00006_RXW031",
      "P7F00006_RXW032",
      "P7F00006_RXW033",
      "P7F00006_RXW034",
      "P7F00006_RXW035",
      "P7F00006_RXW036",
      "P7F00006_RXW037",
      "P7F00006_RXW038",
      "P7F00006_RXW039",
      "P7F00006_RXW040",
      "P7F00006_RXW041",
      "P7F00006_RXW042",
      "P7F00006_RXW043",
      "P7F00006_RXW044",
      "P7F00006_RXW045",
      "P7F00006_RXW046",
      "P7F00006_RXW047",
      "P7F00006_RXW048",
      "P7F00006_RXW049",
      "P7F00006_RXW050",
      "P7F00006_RXW051",
      "P7F00006_RXW052",
      "P7F00006_RXW053",
      "P7F00006_RXW054",
      "P7F00006_RXW055",
      "P7F00006_RXW056",
      "P7F00006_RXW057",
      "P7F00006_RXW058",
      "P7F00006_RXW059",
      "P7F00006_RXW060",
      "P7F00006_RXW061",
      "P7F00006_RX_CRC32",
      "P7F00006_RX_DIGEST",
      "P7F00006_RX_GOOD_COUNT_L0",
      "P7F00006_RX_GOOD_COUNT_L1",
      "P7F00006_RX_LEN",
      "P7F00006_STATUS",
      "P7F00006_STICKY_ERROR",
      "P7F00006_TXD_HIGH_MAX",
      "P7F00006_TXW000",
      "P7F00006_TXW001",
      "P7F00006_TXW002",
      "P7F00006_TXW003",
      "P7F00006_TXW004",
      "P7F00006_TXW005",
      "P7F00006_TXW006",
      "P7F00006_TXW007",
      "P7F00006_TXW008",
      "P7F00006_TXW009",
      "P7F00006_TXW010",
      "P7F00006_TXW011",
      "P7F00006_TXW012",
      "P7F00006_TXW013",
      "P7F00006_TXW014",
      "P7F00006_TXW015",
      "P7F00006_TXW016",
      "P7F00006_TXW017",
      "P7F00006_TXW018",
      "P7F00006_TXW019",
      "P7F00006_TXW020",
      "P7F00006_TXW021",
      "P7F00006_TXW022",
      "P7F00006_TXW023",
      "P7F00006_TXW024",
      "P7F00006_TXW025",
      "P7F00006_TXW026",
      "P7F00006_TXW027",
      "P7F00006_TXW028",
      "P7F00006_TXW029",
      "P7F00006_TXW030",
      "P7F00006_TXW031",
      "P7F00006_TXW032",
      "P7F00006_TXW033",
      "P7F00006_TXW034",
      "P7F00006_TXW035",
      "P7F00006_TXW036",
      "P7F00006_TXW037",
      "P7F00006_TXW038",
      "P7F00006_TXW039",
      "P7F00006_TXW040",
      "P7F00006_TXW041",
      "P7F00006_TXW042",
      "P7F00006_TXW043",
      "P7F00006_TXW044",
      "P7F00006_TXW045",
      "P7F00006_TXW046",
      "P7F00006_TXW047",
      "P7F00006_TXW048",
      "P7F00006_TXW049",
      "P7F00006_TXW050",
      "P7F00006_TXW051",
      "P7F00006_TXW052",
      "P7F00006_TXW053",
      "P7F00006_TXW054",
      "P7F00006_TXW055",
      "P7F00006_TXW056",
      "P7F00006_TXW057",
      "P7F00006_TXW058",
      "P7F00006_TXW059",
      "P7F00006_TXW060",
      "P7F00006_TXW061",
      "P7F00006_TX_COUNT",
      "P7F00006_TX_CRC32",
      "P7F00006_TX_FAIL",
      "P7F00007_ACK_SEEN",
      "P7F00007_ACK_SENT",
      "P7F00007_COMMIT",
      "P7F00007_COMMIT_POLLS",
      "P7F00007_CRC_BAD",
      "P7F00007_DONE",
      "P7F00007_DONE_POLLS",
      "P7F00007_DUTY_VIOLATION",
      "P7F00007_ERROR_CODE",
      "P7F00007_FRAME_BAD",
      "P7F00007_FRAME_GOOD",
      "P7F00007_MAILBOX",
      "P7F00007_PAYLOAD_MISMATCH",
      "P7F00007_RAW_RX_PULSES",
      "P7F00007_RAW_TX_PULSES",
      "P7F00007_RETRY_COUNT",
      "P7F00007_RETRY_EXHAUSTED",
      "P7F00007_RXW000",
      "P7F00007_RXW001",
      "P7F00007_RXW002",
      "P7F00007_RXW003",
      "P7F00007_RXW004",
      "P7F00007_RXW005",
      "P7F00007_RXW006",
      "P7F00007_RXW007",
      "P7F00007_RXW008",
      "P7F00007_RXW009",
      "P7F00007_RXW010",
      "P7F00007_RXW011",
      "P7F00007_RXW012",
      "P7F00007_RXW013",
      "P7F00007_RXW014",
      "P7F00007_RXW015",
      "P7F00007_RXW016",
      "P7F00007_RXW017",
      "P7F00007_RXW018",
      "P7F00007_RXW019",
      "P7F00007_RXW020",
      "P7F00007_RXW021",
      "P7F00007_RXW022",
      "P7F00007_RXW023",
      "P7F00007_RXW024",
      "P7F00007_RXW025",
      "P7F00007_RXW026",
      "P7F00007_RXW027",
      "P7F00007_RXW028",
      "P7F00007_RXW029",
      "P7F00007_RXW030",
      "P7F00007_RXW031",
      "P7F00007_RXW032",
      "P7F00007_RXW033",
      "P7F00007_RXW034",
      "P7F00007_RXW035",
      "P7F00007_RXW036",
      "P7F00007_RXW037",
      "P7F00007_RXW038",
      "P7F00007_RXW039",
      "P7F00007_RXW040",
      "P7F00007_RXW041",
      "P7F00007_RXW042",
      "P7F00007_RXW043",
      "P7F00007_RXW044",
      "P7F00007_RXW045",
      "P7F00007_RXW046",
      "P7F00007_RXW047",
      "P7F00007_RXW048",
      "P7F00007_RXW049",
      "P7F00007_RXW050",
      "P7F00007_RXW051",
      "P7F00007_RXW052",
      "P7F00007_RXW053",
      "P7F00007_RXW054",
      "P7F00007_RXW055",
      "P7F00007_RXW056",
      "P7F00007_RXW057",
      "P7F00007_RXW058",
      "P7F00007_RXW059",
      "P7F00007_RXW060",
      "P7F00007_RXW061",
      "P7F00007_RX_CRC32",
      "P7F00007_RX_DIGEST",
      "P7F00007_RX_GOOD_COUNT_L0",
      "P7F00007_RX_GOOD_COUNT_L1",
      "P7F00007_RX_LEN",
      "P7F00007_STATUS",
      "P7F00007_STICKY_ERROR",
      "P7F00007_TXD_HIGH_MAX",
      "P7F00007_TXW000",
      "P7F00007_TXW001",
      "P7F00007_TXW002",
      "P7F00007_TXW003",
      "P7F00007_TXW004",
      "P7F00007_TXW005",
      "P7F00007_TXW006",
      "P7F00007_TXW007",
      "P7F00007_TXW008",
      "P7F00007_TXW009",
      "P7F00007_TXW010",
      "P7F00007_TXW011",
      "P7F00007_TXW012",
      "P7F00007_TXW013",
      "P7F00007_TXW014",
      "P7F00007_TXW015",
      "P7F00007_TXW016",
      "P7F00007_TXW017",
      "P7F00007_TXW018",
      "P7F00007_TXW019",
      "P7F00007_TXW020",
      "P7F00007_TXW021",
      "P7F00007_TXW022",
      "P7F00007_TXW023",
      "P7F00007_TXW024",
      "P7F00007_TXW025",
      "P7F00007_TXW026",
      "P7F00007_TXW027",
      "P7F00007_TXW028",
      "P7F00007_TXW029",
      "P7F00007_TXW030",
      "P7F00007_TXW031",
      "P7F00007_TXW032",
      "P7F00007_TXW033",
      "P7F00007_TXW034",
      "P7F00007_TXW035",
      "P7F00007_TXW036",
      "P7F00007_TXW037",
      "P7F00007_TXW038",
      "P7F00007_TXW039",
      "P7F00007_TXW040",
      "P7F00007_TXW041",
      "P7F00007_TXW042",
      "P7F00007_TXW043",
      "P7F00007_TXW044",
      "P7F00007_TXW045",
      "P7F00007_TXW046",
      "P7F00007_TXW047",
      "P7F00007_TXW048",
      "P7F00007_TXW049",
      "P7F00007_TXW050",
      "P7F00007_TXW051",
      "P7F00007_TXW052",
      "P7F00007_TXW053",
      "P7F00007_TXW054",
      "P7F00007_TXW055",
      "P7F00007_TXW056",
      "P7F00007_TXW057",
      "P7F00007_TXW058",
      "P7F00007_TXW059",
      "P7F00007_TXW060",
      "P7F00007_TXW061",
      "P7F00007_TX_COUNT",
      "P7F00007_TX_CRC32",
      "P7F00007_TX_FAIL",
      "P7F00008_ACK_SEEN",
      "P7F00008_ACK_SENT",
      "P7F00008_COMMIT",
      "P7F00008_COMMIT_POLLS",
      "P7F00008_CRC_BAD",
      "P7F00008_DONE",
      "P7F00008_DONE_POLLS",
      "P7F00008_DUTY_VIOLATION",
      "P7F00008_ERROR_CODE",
      "P7F00008_FRAME_BAD",
      "P7F00008_FRAME_GOOD",
      "P7F00008_MAILBOX",
      "P7F00008_PAYLOAD_MISMATCH",
      "P7F00008_RAW_RX_PULSES",
      "P7F00008_RAW_TX_PULSES",
      "P7F00008_RETRY_COUNT",
      "P7F00008_RETRY_EXHAUSTED",
      "P7F00008_RXW000",
      "P7F00008_RXW001",
      "P7F00008_RXW002",
      "P7F00008_RXW003",
      "P7F00008_RXW004",
      "P7F00008_RXW005",
      "P7F00008_RXW006",
      "P7F00008_RXW007",
      "P7F00008_RXW008",
      "P7F00008_RXW009",
      "P7F00008_RXW010",
      "P7F00008_RXW011",
      "P7F00008_RXW012",
      "P7F00008_RXW013",
      "P7F00008_RXW014",
      "P7F00008_RXW015",
      "P7F00008_RXW016",
      "P7F00008_RXW017",
      "P7F00008_RXW018",
      "P7F00008_RXW019",
      "P7F00008_RXW020",
      "P7F00008_RXW021",
      "P7F00008_RXW022",
      "P7F00008_RXW023",
      "P7F00008_RXW024",
      "P7F00008_RXW025",
      "P7F00008_RXW026",
      "P7F00008_RXW027",
      "P7F00008_RXW028",
      "P7F00008_RXW029",
      "P7F00008_RXW030",
      "P7F00008_RXW031",
      "P7F00008_RXW032",
      "P7F00008_RXW033",
      "P7F00008_RXW034",
      "P7F00008_RXW035",
      "P7F00008_RXW036",
      "P7F00008_RXW037",
      "P7F00008_RXW038",
      "P7F00008_RXW039",
      "P7F00008_RXW040",
      "P7F00008_RXW041",
      "P7F00008_RXW042",
      "P7F00008_RXW043",
      "P7F00008_RXW044",
      "P7F00008_RXW045",
      "P7F00008_RXW046",
      "P7F00008_RXW047",
      "P7F00008_RXW048",
      "P7F00008_RXW049",
      "P7F00008_RXW050",
      "P7F00008_RXW051",
      "P7F00008_RXW052",
      "P7F00008_RXW053",
      "P7F00008_RXW054",
      "P7F00008_RXW055",
      "P7F00008_RXW056",
      "P7F00008_RXW057",
      "P7F00008_RXW058",
      "P7F00008_RXW059",
      "P7F00008_RXW060",
      "P7F00008_RXW061",
      "P7F00008_RX_CRC32",
      "P7F00008_RX_DIGEST",
      "P7F00008_RX_GOOD_COUNT_L0",
      "P7F00008_RX_GOOD_COUNT_L1",
      "P7F00008_RX_LEN",
      "P7F00008_STATUS",
      "P7F00008_STICKY_ERROR",
      "P7F00008_TXD_HIGH_MAX",
      "P7F00008_TXW000",
      "P7F00008_TXW001",
      "P7F00008_TXW002",
      "P7F00008_TXW003",
      "P7F00008_TXW004",
      "P7F00008_TXW005",
      "P7F00008_TXW006",
      "P7F00008_TXW007",
      "P7F00008_TXW008",
      "P7F00008_TXW009",
      "P7F00008_TXW010",
      "P7F00008_TXW011",
      "P7F00008_TXW012",
      "P7F00008_TXW013",
      "P7F00008_TXW014",
      "P7F00008_TXW015",
      "P7F00008_TXW016",
      "P7F00008_TXW017",
      "P7F00008_TXW018",
      "P7F00008_TXW019",
      "P7F00008_TXW020",
      "P7F00008_TXW021",
      "P7F00008_TXW022",
      "P7F00008_TXW023",
      "P7F00008_TXW024",
      "P7F00008_TXW025",
      "P7F00008_TXW026",
      "P7F00008_TXW027",
      "P7F00008_TXW028",
      "P7F00008_TXW029",
      "P7F00008_TXW030",
      "P7F00008_TXW031",
      "P7F00008_TXW032",
      "P7F00008_TXW033",
      "P7F00008_TXW034",
      "P7F00008_TXW035",
      "P7F00008_TXW036",
      "P7F00008_TXW037",
      "P7F00008_TXW038",
      "P7F00008_TXW039",
      "P7F00008_TXW040",
      "P7F00008_TXW041",
      "P7F00008_TXW042",
      "P7F00008_TXW043",
      "P7F00008_TXW044",
      "P7F00008_TXW045",
      "P7F00008_TXW046",
      "P7F00008_TXW047",
      "P7F00008_TXW048",
      "P7F00008_TXW049",
      "P7F00008_TXW050",
      "P7F00008_TXW051",
      "P7F00008_TXW052",
      "P7F00008_TXW053",
      "P7F00008_TXW054",
      "P7F00008_TXW055",
      "P7F00008_TXW056",
      "P7F00008_TXW057",
      "P7F00008_TXW058",
      "P7F00008_TXW059",
      "P7F00008_TXW060",
      "P7F00008_TXW061",
      "P7F00008_TX_COUNT",
      "P7F00008_TX_CRC32",
      "P7F00008_TX_FAIL",
      "P7F00009_ACK_SEEN",
      "P7F00009_ACK_SENT",
      "P7F00009_COMMIT",
      "P7F00009_COMMIT_POLLS",
      "P7F00009_CRC_BAD",
      "P7F00009_DONE",
      "P7F00009_DONE_POLLS",
      "P7F00009_DUTY_VIOLATION",
      "P7F00009_ERROR_CODE",
      "P7F00009_FRAME_BAD",
      "P7F00009_FRAME_GOOD",
      "P7F00009_MAILBOX",
      "P7F00009_PAYLOAD_MISMATCH",
      "P7F00009_RAW_RX_PULSES",
      "P7F00009_RAW_TX_PULSES",
      "P7F00009_RETRY_COUNT",
      "P7F00009_RETRY_EXHAUSTED",
      "P7F00009_RXW000",
      "P7F00009_RXW001",
      "P7F00009_RXW002",
      "P7F00009_RXW003",
      "P7F00009_RXW004",
      "P7F00009_RXW005",
      "P7F00009_RXW006",
      "P7F00009_RXW007",
      "P7F00009_RXW008",
      "P7F00009_RXW009",
      "P7F00009_RXW010",
      "P7F00009_RXW011",
      "P7F00009_RXW012",
      "P7F00009_RXW013",
      "P7F00009_RXW014",
      "P7F00009_RXW015",
      "P7F00009_RXW016",
      "P7F00009_RXW017",
      "P7F00009_RXW018",
      "P7F00009_RXW019",
      "P7F00009_RXW020",
      "P7F00009_RXW021",
      "P7F00009_RXW022",
      "P7F00009_RXW023",
      "P7F00009_RXW024",
      "P7F00009_RXW025",
      "P7F00009_RXW026",
      "P7F00009_RXW027",
      "P7F00009_RXW028",
      "P7F00009_RXW029",
      "P7F00009_RXW030",
      "P7F00009_RXW031",
      "P7F00009_RXW032",
      "P7F00009_RXW033",
      "P7F00009_RXW034",
      "P7F00009_RXW035",
      "P7F00009_RXW036",
      "P7F00009_RXW037",
      "P7F00009_RXW038",
      "P7F00009_RXW039",
      "P7F00009_RXW040",
      "P7F00009_RXW041",
      "P7F00009_RXW042",
      "P7F00009_RXW043",
      "P7F00009_RXW044",
      "P7F00009_RXW045",
      "P7F00009_RXW046",
      "P7F00009_RXW047",
      "P7F00009_RXW048",
      "P7F00009_RXW049",
      "P7F00009_RXW050",
      "P7F00009_RXW051",
      "P7F00009_RXW052",
      "P7F00009_RXW053",
      "P7F00009_RXW054",
      "P7F00009_RXW055",
      "P7F00009_RXW056",
      "P7F00009_RXW057",
      "P7F00009_RXW058",
      "P7F00009_RXW059",
      "P7F00009_RXW060",
      "P7F00009_RXW061",
      "P7F00009_RX_CRC32",
      "P7F00009_RX_DIGEST",
      "P7F00009_RX_GOOD_COUNT_L0",
      "P7F00009_RX_GOOD_COUNT_L1",
      "P7F00009_RX_LEN",
      "P7F00009_STATUS",
      "P7F00009_STICKY_ERROR",
      "P7F00009_TXD_HIGH_MAX",
      "P7F00009_TXW000",
      "P7F00009_TXW001",
      "P7F00009_TXW002",
      "P7F00009_TXW003",
      "P7F00009_TXW004",
      "P7F00009_TXW005",
      "P7F00009_TXW006",
      "P7F00009_TXW007",
      "P7F00009_TXW008",
      "P7F00009_TXW009",
      "P7F00009_TXW010",
      "P7F00009_TXW011",
      "P7F00009_TXW012",
      "P7F00009_TXW013",
      "P7F00009_TXW014",
      "P7F00009_TXW015",
      "P7F00009_TXW016",
      "P7F00009_TXW017",
      "P7F00009_TXW018",
      "P7F00009_TXW019",
      "P7F00009_TXW020",
      "P7F00009_TXW021",
      "P7F00009_TXW022",
      "P7F00009_TXW023",
      "P7F00009_TXW024",
      "P7F00009_TXW025",
      "P7F00009_TXW026",
      "P7F00009_TXW027",
      "P7F00009_TXW028",
      "P7F00009_TXW029",
      "P7F00009_TXW030",
      "P7F00009_TXW031",
      "P7F00009_TXW032",
      "P7F00009_TXW033",
      "P7F00009_TXW034",
      "P7F00009_TXW035",
      "P7F00009_TXW036",
      "P7F00009_TXW037",
      "P7F00009_TXW038",
      "P7F00009_TXW039",
      "P7F00009_TXW040",
      "P7F00009_TXW041",
      "P7F00009_TXW042",
      "P7F00009_TXW043",
      "P7F00009_TXW044",
      "P7F00009_TXW045",
      "P7F00009_TXW046",
      "P7F00009_TXW047",
      "P7F00009_TXW048",
      "P7F00009_TXW049",
      "P7F00009_TXW050",
      "P7F00009_TXW051",
      "P7F00009_TXW052",
      "P7F00009_TXW053",
      "P7F00009_TXW054",
      "P7F00009_TXW055",
      "P7F00009_TXW056",
      "P7F00009_TXW057",
      "P7F00009_TXW058",
      "P7F00009_TXW059",
      "P7F00009_TXW060",
      "P7F00009_TXW061",
      "P7F00009_TX_COUNT",
      "P7F00009_TX_CRC32",
      "P7F00009_TX_FAIL",
      "P7F00010_ACK_SEEN",
      "P7F00010_ACK_SENT",
      "P7F00010_COMMIT",
      "P7F00010_COMMIT_POLLS",
      "P7F00010_CRC_BAD",
      "P7F00010_DONE",
      "P7F00010_DONE_POLLS",
      "P7F00010_DUTY_VIOLATION",
      "P7F00010_ERROR_CODE",
      "P7F00010_FRAME_BAD",
      "P7F00010_FRAME_GOOD",
      "P7F00010_MAILBOX",
      "P7F00010_PAYLOAD_MISMATCH",
      "P7F00010_RAW_RX_PULSES",
      "P7F00010_RAW_TX_PULSES",
      "P7F00010_RETRY_COUNT",
      "P7F00010_RETRY_EXHAUSTED",
      "P7F00010_RXW000",
      "P7F00010_RXW001",
      "P7F00010_RXW002",
      "P7F00010_RXW003",
      "P7F00010_RXW004",
      "P7F00010_RXW005",
      "P7F00010_RXW006",
      "P7F00010_RXW007",
      "P7F00010_RXW008",
      "P7F00010_RXW009",
      "P7F00010_RXW010",
      "P7F00010_RXW011",
      "P7F00010_RXW012",
      "P7F00010_RXW013",
      "P7F00010_RXW014",
      "P7F00010_RXW015",
      "P7F00010_RXW016",
      "P7F00010_RXW017",
      "P7F00010_RXW018",
      "P7F00010_RXW019",
      "P7F00010_RXW020",
      "P7F00010_RXW021",
      "P7F00010_RXW022",
      "P7F00010_RXW023",
      "P7F00010_RXW024",
      "P7F00010_RXW025",
      "P7F00010_RXW026",
      "P7F00010_RXW027",
      "P7F00010_RXW028",
      "P7F00010_RXW029",
      "P7F00010_RXW030",
      "P7F00010_RXW031",
      "P7F00010_RXW032",
      "P7F00010_RXW033",
      "P7F00010_RXW034",
      "P7F00010_RXW035",
      "P7F00010_RXW036",
      "P7F00010_RXW037",
      "P7F00010_RXW038",
      "P7F00010_RXW039",
      "P7F00010_RXW040",
      "P7F00010_RXW041",
      "P7F00010_RXW042",
      "P7F00010_RXW043",
      "P7F00010_RXW044",
      "P7F00010_RXW045",
      "P7F00010_RXW046",
      "P7F00010_RXW047",
      "P7F00010_RXW048",
      "P7F00010_RXW049",
      "P7F00010_RXW050",
      "P7F00010_RXW051",
      "P7F00010_RXW052",
      "P7F00010_RXW053",
      "P7F00010_RXW054",
      "P7F00010_RXW055",
      "P7F00010_RXW056",
      "P7F00010_RXW057",
      "P7F00010_RXW058",
      "P7F00010_RXW059",
      "P7F00010_RXW060",
      "P7F00010_RXW061",
      "P7F00010_RX_CRC32",
      "P7F00010_RX_DIGEST",
      "P7F00010_RX_GOOD_COUNT_L0",
      "P7F00010_RX_GOOD_COUNT_L1",
      "P7F00010_RX_LEN",
      "P7F00010_STATUS",
      "P7F00010_STICKY_ERROR",
      "P7F00010_TXD_HIGH_MAX",
      "P7F00010_TXW000",
      "P7F00010_TXW001",
      "P7F00010_TXW002",
      "P7F00010_TXW003",
      "P7F00010_TXW004",
      "P7F00010_TXW005",
      "P7F00010_TXW006",
      "P7F00010_TXW007",
      "P7F00010_TXW008",
      "P7F00010_TXW009",
      "P7F00010_TXW010",
      "P7F00010_TXW011",
      "P7F00010_TXW012",
      "P7F00010_TXW013",
      "P7F00010_TXW014",
      "P7F00010_TXW015",
      "P7F00010_TXW016",
      "P7F00010_TXW017",
      "P7F00010_TXW018",
      "P7F00010_TXW019",
      "P7F00010_TXW020",
      "P7F00010_TXW021",
      "P7F00010_TXW022",
      "P7F00010_TXW023",
      "P7F00010_TXW024",
      "P7F00010_TXW025",
      "P7F00010_TXW026",
      "P7F00010_TXW027",
      "P7F00010_TXW028",
      "P7F00010_TXW029",
      "P7F00010_TXW030",
      "P7F00010_TXW031",
      "P7F00010_TXW032",
      "P7F00010_TXW033",
      "P7F00010_TXW034",
      "P7F00010_TXW035",
      "P7F00010_TXW036",
      "P7F00010_TXW037",
      "P7F00010_TXW038",
      "P7F00010_TXW039",
      "P7F00010_TXW040",
      "P7F00010_TXW041",
      "P7F00010_TXW042",
      "P7F00010_TXW043",
      "P7F00010_TXW044",
      "P7F00010_TXW045",
      "P7F00010_TXW046",
      "P7F00010_TXW047",
      "P7F00010_TXW048",
      "P7F00010_TXW049",
      "P7F00010_TXW050",
      "P7F00010_TXW051",
      "P7F00010_TXW052",
      "P7F00010_TXW053",
      "P7F00010_TXW054",
      "P7F00010_TXW055",
      "P7F00010_TXW056",
      "P7F00010_TXW057",
      "P7F00010_TXW058",
      "P7F00010_TXW059",
      "P7F00010_TXW060",
      "P7F00010_TXW061",
      "P7F00010_TX_COUNT",
      "P7F00010_TX_CRC32",
      "P7F00010_TX_FAIL",
      "P7F00011_ACK_SEEN",
      "P7F00011_ACK_SENT",
      "P7F00011_COMMIT",
      "P7F00011_COMMIT_POLLS",
      "P7F00011_CRC_BAD",
      "P7F00011_DONE",
      "P7F00011_DONE_POLLS",
      "P7F00011_DUTY_VIOLATION",
      "P7F00011_ERROR_CODE",
      "P7F00011_FRAME_BAD",
      "P7F00011_FRAME_GOOD",
      "P7F00011_MAILBOX",
      "P7F00011_PAYLOAD_MISMATCH",
      "P7F00011_RAW_RX_PULSES",
      "P7F00011_RAW_TX_PULSES",
      "P7F00011_RETRY_COUNT",
      "P7F00011_RETRY_EXHAUSTED",
      "P7F00011_RXW000",
      "P7F00011_RXW001",
      "P7F00011_RXW002",
      "P7F00011_RXW003",
      "P7F00011_RXW004",
      "P7F00011_RXW005",
      "P7F00011_RXW006",
      "P7F00011_RXW007",
      "P7F00011_RXW008",
      "P7F00011_RXW009",
      "P7F00011_RXW010",
      "P7F00011_RXW011",
      "P7F00011_RXW012",
      "P7F00011_RXW013",
      "P7F00011_RXW014",
      "P7F00011_RXW015",
      "P7F00011_RXW016",
      "P7F00011_RXW017",
      "P7F00011_RXW018",
      "P7F00011_RXW019",
      "P7F00011_RXW020",
      "P7F00011_RXW021",
      "P7F00011_RXW022",
      "P7F00011_RXW023",
      "P7F00011_RXW024",
      "P7F00011_RXW025",
      "P7F00011_RXW026",
      "P7F00011_RXW027",
      "P7F00011_RXW028",
      "P7F00011_RXW029",
      "P7F00011_RXW030",
      "P7F00011_RXW031",
      "P7F00011_RXW032",
      "P7F00011_RXW033",
      "P7F00011_RXW034",
      "P7F00011_RXW035",
      "P7F00011_RXW036",
      "P7F00011_RXW037",
      "P7F00011_RXW038",
      "P7F00011_RXW039",
      "P7F00011_RXW040",
      "P7F00011_RXW041",
      "P7F00011_RXW042",
      "P7F00011_RXW043",
      "P7F00011_RXW044",
      "P7F00011_RXW045",
      "P7F00011_RXW046",
      "P7F00011_RXW047",
      "P7F00011_RXW048",
      "P7F00011_RXW049",
      "P7F00011_RXW050",
      "P7F00011_RXW051",
      "P7F00011_RXW052",
      "P7F00011_RXW053",
      "P7F00011_RXW054",
      "P7F00011_RXW055",
      "P7F00011_RXW056",
      "P7F00011_RXW057",
      "P7F00011_RXW058",
      "P7F00011_RXW059",
      "P7F00011_RXW060",
      "P7F00011_RXW061",
      "P7F00011_RX_CRC32",
      "P7F00011_RX_DIGEST",
      "P7F00011_RX_GOOD_COUNT_L0",
      "P7F00011_RX_GOOD_COUNT_L1",
      "P7F00011_RX_LEN",
      "P7F00011_STATUS",
      "P7F00011_STICKY_ERROR",
      "P7F00011_TXD_HIGH_MAX",
      "P7F00011_TXW000",
      "P7F00011_TXW001",
      "P7F00011_TXW002",
      "P7F00011_TXW003",
      "P7F00011_TXW004",
      "P7F00011_TXW005",
      "P7F00011_TXW006",
      "P7F00011_TXW007",
      "P7F00011_TXW008",
      "P7F00011_TXW009",
      "P7F00011_TXW010",
      "P7F00011_TXW011",
      "P7F00011_TXW012",
      "P7F00011_TXW013",
      "P7F00011_TXW014",
      "P7F00011_TXW015",
      "P7F00011_TXW016",
      "P7F00011_TXW017",
      "P7F00011_TXW018",
      "P7F00011_TXW019",
      "P7F00011_TXW020",
      "P7F00011_TXW021",
      "P7F00011_TXW022",
      "P7F00011_TXW023",
      "P7F00011_TXW024",
      "P7F00011_TXW025",
      "P7F00011_TXW026",
      "P7F00011_TXW027",
      "P7F00011_TXW028",
      "P7F00011_TXW029",
      "P7F00011_TXW030",
      "P7F00011_TXW031",
      "P7F00011_TXW032",
      "P7F00011_TXW033",
      "P7F00011_TXW034",
      "P7F00011_TXW035",
      "P7F00011_TXW036",
      "P7F00011_TXW037",
      "P7F00011_TXW038",
      "P7F00011_TXW039",
      "P7F00011_TXW040",
      "P7F00011_TXW041",
      "P7F00011_TXW042",
      "P7F00011_TXW043",
      "P7F00011_TXW044",
      "P7F00011_TXW045",
      "P7F00011_TXW046",
      "P7F00011_TXW047",
      "P7F00011_TXW048",
      "P7F00011_TXW049",
      "P7F00011_TXW050",
      "P7F00011_TXW051",
      "P7F00011_TXW052",
      "P7F00011_TXW053",
      "P7F00011_TXW054",
      "P7F00011_TXW055",
      "P7F00011_TXW056",
      "P7F00011_TXW057",
      "P7F00011_TXW058",
      "P7F00011_TXW059",
      "P7F00011_TXW060",
      "P7F00011_TXW061",
      "P7F00011_TX_COUNT",
      "P7F00011_TX_CRC32",
      "P7F00011_TX_FAIL",
      "P7F00012_ACK_SEEN",
      "P7F00012_ACK_SENT",
      "P7F00012_COMMIT",
      "P7F00012_COMMIT_POLLS",
      "P7F00012_CRC_BAD",
      "P7F00012_DONE",
      "P7F00012_DONE_POLLS",
      "P7F00012_DUTY_VIOLATION",
      "P7F00012_ERROR_CODE",
      "P7F00012_FRAME_BAD",
      "P7F00012_FRAME_GOOD",
      "P7F00012_MAILBOX",
      "P7F00012_PAYLOAD_MISMATCH",
      "P7F00012_RAW_RX_PULSES",
      "P7F00012_RAW_TX_PULSES",
      "P7F00012_RETRY_COUNT",
      "P7F00012_RETRY_EXHAUSTED",
      "P7F00012_RXW000",
      "P7F00012_RXW001",
      "P7F00012_RXW002",
      "P7F00012_RXW003",
      "P7F00012_RXW004",
      "P7F00012_RXW005",
      "P7F00012_RXW006",
      "P7F00012_RXW007",
      "P7F00012_RXW008",
      "P7F00012_RXW009",
      "P7F00012_RXW010",
      "P7F00012_RXW011",
      "P7F00012_RXW012",
      "P7F00012_RXW013",
      "P7F00012_RXW014",
      "P7F00012_RXW015",
      "P7F00012_RXW016",
      "P7F00012_RXW017",
      "P7F00012_RXW018",
      "P7F00012_RXW019",
      "P7F00012_RXW020",
      "P7F00012_RXW021",
      "P7F00012_RXW022",
      "P7F00012_RXW023",
      "P7F00012_RXW024",
      "P7F00012_RXW025",
      "P7F00012_RXW026",
      "P7F00012_RXW027",
      "P7F00012_RXW028",
      "P7F00012_RXW029",
      "P7F00012_RXW030",
      "P7F00012_RXW031",
      "P7F00012_RXW032",
      "P7F00012_RXW033",
      "P7F00012_RXW034",
      "P7F00012_RXW035",
      "P7F00012_RXW036",
      "P7F00012_RXW037",
      "P7F00012_RXW038",
      "P7F00012_RXW039",
      "P7F00012_RXW040",
      "P7F00012_RXW041",
      "P7F00012_RXW042",
      "P7F00012_RXW043",
      "P7F00012_RXW044",
      "P7F00012_RXW045",
      "P7F00012_RXW046",
      "P7F00012_RXW047",
      "P7F00012_RXW048",
      "P7F00012_RXW049",
      "P7F00012_RXW050",
      "P7F00012_RXW051",
      "P7F00012_RXW052",
      "P7F00012_RXW053",
      "P7F00012_RXW054",
      "P7F00012_RXW055",
      "P7F00012_RXW056",
      "P7F00012_RXW057",
      "P7F00012_RXW058",
      "P7F00012_RXW059",
      "P7F00012_RXW060",
      "P7F00012_RXW061",
      "P7F00012_RX_CRC32",
      "P7F00012_RX_DIGEST",
      "P7F00012_RX_GOOD_COUNT_L0",
      "P7F00012_RX_GOOD_COUNT_L1",
      "P7F00012_RX_LEN",
      "P7F00012_STATUS",
      "P7F00012_STICKY_ERROR",
      "P7F00012_TXD_HIGH_MAX",
      "P7F00012_TXW000",
      "P7F00012_TXW001",
      "P7F00012_TXW002",
      "P7F00012_TXW003",
      "P7F00012_TXW004",
      "P7F00012_TXW005",
      "P7F00012_TXW006",
      "P7F00012_TXW007",
      "P7F00012_TXW008",
      "P7F00012_TXW009",
      "P7F00012_TXW010",
      "P7F00012_TXW011",
      "P7F00012_TXW012",
      "P7F00012_TXW013",
      "P7F00012_TXW014",
      "P7F00012_TXW015",
      "P7F00012_TXW016",
      "P7F00012_TXW017",
      "P7F00012_TXW018",
      "P7F00012_TXW019",
      "P7F00012_TXW020",
      "P7F00012_TXW021",
      "P7F00012_TXW022",
      "P7F00012_TXW023",
      "P7F00012_TXW024",
      "P7F00012_TXW025",
      "P7F00012_TXW026",
      "P7F00012_TXW027",
      "P7F00012_TXW028",
      "P7F00012_TXW029",
      "P7F00012_TXW030",
      "P7F00012_TXW031",
      "P7F00012_TXW032",
      "P7F00012_TXW033",
      "P7F00012_TXW034",
      "P7F00012_TXW035",
      "P7F00012_TXW036",
      "P7F00012_TXW037",
      "P7F00012_TXW038",
      "P7F00012_TXW039",
      "P7F00012_TXW040",
      "P7F00012_TXW041",
      "P7F00012_TXW042",
      "P7F00012_TXW043",
      "P7F00012_TXW044",
      "P7F00012_TXW045",
      "P7F00012_TXW046",
      "P7F00012_TXW047",
      "P7F00012_TXW048",
      "P7F00012_TXW049",
      "P7F00012_TXW050",
      "P7F00012_TXW051",
      "P7F00012_TXW052",
      "P7F00012_TXW053",
      "P7F00012_TXW054",
      "P7F00012_TXW055",
      "P7F00012_TXW056",
      "P7F00012_TXW057",
      "P7F00012_TXW058",
      "P7F00012_TXW059",
      "P7F00012_TXW060",
      "P7F00012_TXW061",
      "P7F00012_TX_COUNT",
      "P7F00012_TX_CRC32",
      "P7F00012_TX_FAIL",
      "P7F00013_ACK_SEEN",
      "P7F00013_ACK_SENT",
      "P7F00013_COMMIT",
      "P7F00013_COMMIT_POLLS",
      "P7F00013_CRC_BAD",
      "P7F00013_DONE",
      "P7F00013_DONE_POLLS",
      "P7F00013_DUTY_VIOLATION",
      "P7F00013_ERROR_CODE",
      "P7F00013_FRAME_BAD",
      "P7F00013_FRAME_GOOD",
      "P7F00013_MAILBOX",
      "P7F00013_PAYLOAD_MISMATCH",
      "P7F00013_RAW_RX_PULSES",
      "P7F00013_RAW_TX_PULSES",
      "P7F00013_RETRY_COUNT",
      "P7F00013_RETRY_EXHAUSTED",
      "P7F00013_RXW000",
      "P7F00013_RXW001",
      "P7F00013_RXW002",
      "P7F00013_RXW003",
      "P7F00013_RXW004",
      "P7F00013_RXW005",
      "P7F00013_RXW006",
      "P7F00013_RXW007",
      "P7F00013_RXW008",
      "P7F00013_RXW009",
      "P7F00013_RXW010",
      "P7F00013_RXW011",
      "P7F00013_RXW012",
      "P7F00013_RXW013",
      "P7F00013_RXW014",
      "P7F00013_RXW015",
      "P7F00013_RXW016",
      "P7F00013_RXW017",
      "P7F00013_RXW018",
      "P7F00013_RXW019",
      "P7F00013_RXW020",
      "P7F00013_RXW021",
      "P7F00013_RXW022",
      "P7F00013_RXW023",
      "P7F00013_RXW024",
      "P7F00013_RXW025",
      "P7F00013_RXW026",
      "P7F00013_RXW027",
      "P7F00013_RXW028",
      "P7F00013_RXW029",
      "P7F00013_RXW030",
      "P7F00013_RXW031",
      "P7F00013_RXW032",
      "P7F00013_RXW033",
      "P7F00013_RXW034",
      "P7F00013_RXW035",
      "P7F00013_RXW036",
      "P7F00013_RXW037",
      "P7F00013_RXW038",
      "P7F00013_RXW039",
      "P7F00013_RXW040",
      "P7F00013_RXW041",
      "P7F00013_RXW042",
      "P7F00013_RXW043",
      "P7F00013_RXW044",
      "P7F00013_RXW045",
      "P7F00013_RXW046",
      "P7F00013_RXW047",
      "P7F00013_RXW048",
      "P7F00013_RXW049",
      "P7F00013_RXW050",
      "P7F00013_RXW051",
      "P7F00013_RXW052",
      "P7F00013_RXW053",
      "P7F00013_RXW054",
      "P7F00013_RXW055",
      "P7F00013_RXW056",
      "P7F00013_RXW057",
      "P7F00013_RXW058",
      "P7F00013_RXW059",
      "P7F00013_RXW060",
      "P7F00013_RXW061",
      "P7F00013_RX_CRC32",
      "P7F00013_RX_DIGEST",
      "P7F00013_RX_GOOD_COUNT_L0",
      "P7F00013_RX_GOOD_COUNT_L1",
      "P7F00013_RX_LEN",
      "P7F00013_STATUS",
      "P7F00013_STICKY_ERROR",
      "P7F00013_TXD_HIGH_MAX",
      "P7F00013_TXW000",
      "P7F00013_TXW001",
      "P7F00013_TXW002",
      "P7F00013_TXW003",
      "P7F00013_TXW004",
      "P7F00013_TXW005",
      "P7F00013_TXW006",
      "P7F00013_TXW007",
      "P7F00013_TXW008",
      "P7F00013_TXW009",
      "P7F00013_TXW010",
      "P7F00013_TXW011",
      "P7F00013_TXW012",
      "P7F00013_TXW013",
      "P7F00013_TXW014",
      "P7F00013_TXW015",
      "P7F00013_TXW016",
      "P7F00013_TXW017",
      "P7F00013_TXW018",
      "P7F00013_TXW019",
      "P7F00013_TXW020",
      "P7F00013_TXW021",
      "P7F00013_TXW022",
      "P7F00013_TXW023",
      "P7F00013_TXW024",
      "P7F00013_TXW025",
      "P7F00013_TXW026",
      "P7F00013_TXW027",
      "P7F00013_TXW028",
      "P7F00013_TXW029",
      "P7F00013_TXW030",
      "P7F00013_TXW031",
      "P7F00013_TXW032",
      "P7F00013_TXW033",
      "P7F00013_TXW034",
      "P7F00013_TXW035",
      "P7F00013_TXW036",
      "P7F00013_TXW037",
      "P7F00013_TXW038",
      "P7F00013_TXW039",
      "P7F00013_TXW040",
      "P7F00013_TXW041",
      "P7F00013_TXW042",
      "P7F00013_TXW043",
      "P7F00013_TXW044",
      "P7F00013_TXW045",
      "P7F00013_TXW046",
      "P7F00013_TXW047",
      "P7F00013_TXW048",
      "P7F00013_TXW049",
      "P7F00013_TXW050",
      "P7F00013_TXW051",
      "P7F00013_TXW052",
      "P7F00013_TXW053",
      "P7F00013_TXW054",
      "P7F00013_TXW055",
      "P7F00013_TXW056",
      "P7F00013_TXW057",
      "P7F00013_TXW058",
      "P7F00013_TXW059",
      "P7F00013_TXW060",
      "P7F00013_TXW061",
      "P7F00013_TX_COUNT",
      "P7F00013_TX_CRC32",
      "P7F00013_TX_FAIL",
      "P7F00014_ACK_SEEN",
      "P7F00014_ACK_SENT",
      "P7F00014_COMMIT",
      "P7F00014_COMMIT_POLLS",
      "P7F00014_CRC_BAD",
      "P7F00014_DONE",
      "P7F00014_DONE_POLLS",
      "P7F00014_DUTY_VIOLATION",
      "P7F00014_ERROR_CODE",
      "P7F00014_FRAME_BAD",
      "P7F00014_FRAME_GOOD",
      "P7F00014_MAILBOX",
      "P7F00014_PAYLOAD_MISMATCH",
      "P7F00014_RAW_RX_PULSES",
      "P7F00014_RAW_TX_PULSES",
      "P7F00014_RETRY_COUNT",
      "P7F00014_RETRY_EXHAUSTED",
      "P7F00014_RXW000",
      "P7F00014_RXW001",
      "P7F00014_RXW002",
      "P7F00014_RXW003",
      "P7F00014_RXW004",
      "P7F00014_RXW005",
      "P7F00014_RXW006",
      "P7F00014_RXW007",
      "P7F00014_RXW008",
      "P7F00014_RXW009",
      "P7F00014_RXW010",
      "P7F00014_RXW011",
      "P7F00014_RXW012",
      "P7F00014_RXW013",
      "P7F00014_RXW014",
      "P7F00014_RXW015",
      "P7F00014_RXW016",
      "P7F00014_RXW017",
      "P7F00014_RXW018",
      "P7F00014_RXW019",
      "P7F00014_RXW020",
      "P7F00014_RXW021",
      "P7F00014_RXW022",
      "P7F00014_RXW023",
      "P7F00014_RXW024",
      "P7F00014_RXW025",
      "P7F00014_RXW026",
      "P7F00014_RXW027",
      "P7F00014_RXW028",
      "P7F00014_RXW029",
      "P7F00014_RXW030",
      "P7F00014_RXW031",
      "P7F00014_RXW032",
      "P7F00014_RXW033",
      "P7F00014_RXW034",
      "P7F00014_RXW035",
      "P7F00014_RXW036",
      "P7F00014_RXW037",
      "P7F00014_RXW038",
      "P7F00014_RXW039",
      "P7F00014_RXW040",
      "P7F00014_RXW041",
      "P7F00014_RXW042",
      "P7F00014_RXW043",
      "P7F00014_RXW044",
      "P7F00014_RXW045",
      "P7F00014_RXW046",
      "P7F00014_RXW047",
      "P7F00014_RXW048",
      "P7F00014_RXW049",
      "P7F00014_RXW050",
      "P7F00014_RXW051",
      "P7F00014_RXW052",
      "P7F00014_RXW053",
      "P7F00014_RXW054",
      "P7F00014_RXW055",
      "P7F00014_RXW056",
      "P7F00014_RXW057",
      "P7F00014_RXW058",
      "P7F00014_RXW059",
      "P7F00014_RXW060",
      "P7F00014_RXW061",
      "P7F00014_RX_CRC32",
      "P7F00014_RX_DIGEST",
      "P7F00014_RX_GOOD_COUNT_L0",
      "P7F00014_RX_GOOD_COUNT_L1",
      "P7F00014_RX_LEN",
      "P7F00014_STATUS",
      "P7F00014_STICKY_ERROR",
      "P7F00014_TXD_HIGH_MAX",
      "P7F00014_TXW000",
      "P7F00014_TXW001",
      "P7F00014_TXW002",
      "P7F00014_TXW003",
      "P7F00014_TXW004",
      "P7F00014_TXW005",
      "P7F00014_TXW006",
      "P7F00014_TXW007",
      "P7F00014_TXW008",
      "P7F00014_TXW009",
      "P7F00014_TXW010",
      "P7F00014_TXW011",
      "P7F00014_TXW012",
      "P7F00014_TXW013",
      "P7F00014_TXW014",
      "P7F00014_TXW015",
      "P7F00014_TXW016",
      "P7F00014_TXW017",
      "P7F00014_TXW018",
      "P7F00014_TXW019",
      "P7F00014_TXW020",
      "P7F00014_TXW021",
      "P7F00014_TXW022",
      "P7F00014_TXW023",
      "P7F00014_TXW024",
      "P7F00014_TXW025",
      "P7F00014_TXW026",
      "P7F00014_TXW027",
      "P7F00014_TXW028",
      "P7F00014_TXW029",
      "P7F00014_TXW030",
      "P7F00014_TXW031",
      "P7F00014_TXW032",
      "P7F00014_TXW033",
      "P7F00014_TXW034",
      "P7F00014_TXW035",
      "P7F00014_TXW036",
      "P7F00014_TXW037",
      "P7F00014_TXW038",
      "P7F00014_TXW039",
      "P7F00014_TXW040",
      "P7F00014_TXW041",
      "P7F00014_TXW042",
      "P7F00014_TXW043",
      "P7F00014_TXW044",
      "P7F00014_TXW045",
      "P7F00014_TXW046",
      "P7F00014_TXW047",
      "P7F00014_TXW048",
      "P7F00014_TXW049",
      "P7F00014_TXW050",
      "P7F00014_TXW051",
      "P7F00014_TXW052",
      "P7F00014_TXW053",
      "P7F00014_TXW054",
      "P7F00014_TXW055",
      "P7F00014_TXW056",
      "P7F00014_TXW057",
      "P7F00014_TXW058",
      "P7F00014_TXW059",
      "P7F00014_TXW060",
      "P7F00014_TXW061",
      "P7F00014_TX_COUNT",
      "P7F00014_TX_CRC32",
      "P7F00014_TX_FAIL",
      "P7F00015_ACK_SEEN",
      "P7F00015_ACK_SENT",
      "P7F00015_COMMIT",
      "P7F00015_COMMIT_POLLS",
      "P7F00015_CRC_BAD",
      "P7F00015_DONE",
      "P7F00015_DONE_POLLS",
      "P7F00015_DUTY_VIOLATION",
      "P7F00015_ERROR_CODE",
      "P7F00015_FRAME_BAD",
      "P7F00015_FRAME_GOOD",
      "P7F00015_MAILBOX",
      "P7F00015_PAYLOAD_MISMATCH",
      "P7F00015_RAW_RX_PULSES",
      "P7F00015_RAW_TX_PULSES",
      "P7F00015_RETRY_COUNT",
      "P7F00015_RETRY_EXHAUSTED",
      "P7F00015_RXW000",
      "P7F00015_RXW001",
      "P7F00015_RXW002",
      "P7F00015_RXW003",
      "P7F00015_RXW004",
      "P7F00015_RXW005",
      "P7F00015_RXW006",
      "P7F00015_RXW007",
      "P7F00015_RXW008",
      "P7F00015_RXW009",
      "P7F00015_RXW010",
      "P7F00015_RXW011",
      "P7F00015_RXW012",
      "P7F00015_RXW013",
      "P7F00015_RXW014",
      "P7F00015_RXW015",
      "P7F00015_RXW016",
      "P7F00015_RXW017",
      "P7F00015_RXW018",
      "P7F00015_RXW019",
      "P7F00015_RXW020",
      "P7F00015_RXW021",
      "P7F00015_RXW022",
      "P7F00015_RXW023",
      "P7F00015_RXW024",
      "P7F00015_RXW025",
      "P7F00015_RXW026",
      "P7F00015_RXW027",
      "P7F00015_RXW028",
      "P7F00015_RXW029",
      "P7F00015_RXW030",
      "P7F00015_RXW031",
      "P7F00015_RXW032",
      "P7F00015_RXW033",
      "P7F00015_RXW034",
      "P7F00015_RXW035",
      "P7F00015_RXW036",
      "P7F00015_RXW037",
      "P7F00015_RXW038",
      "P7F00015_RXW039",
      "P7F00015_RXW040",
      "P7F00015_RXW041",
      "P7F00015_RXW042",
      "P7F00015_RXW043",
      "P7F00015_RXW044",
      "P7F00015_RXW045",
      "P7F00015_RXW046",
      "P7F00015_RXW047",
      "P7F00015_RXW048",
      "P7F00015_RXW049",
      "P7F00015_RXW050",
      "P7F00015_RXW051",
      "P7F00015_RXW052",
      "P7F00015_RXW053",
      "P7F00015_RXW054",
      "P7F00015_RXW055",
      "P7F00015_RXW056",
      "P7F00015_RXW057",
      "P7F00015_RXW058",
      "P7F00015_RXW059",
      "P7F00015_RXW060",
      "P7F00015_RXW061",
      "P7F00015_RX_CRC32",
      "P7F00015_RX_DIGEST",
      "P7F00015_RX_GOOD_COUNT_L0",
      "P7F00015_RX_GOOD_COUNT_L1",
      "P7F00015_RX_LEN",
      "P7F00015_STATUS",
      "P7F00015_STICKY_ERROR",
      "P7F00015_TXD_HIGH_MAX",
      "P7F00015_TXW000",
      "P7F00015_TXW001",
      "P7F00015_TXW002",
      "P7F00015_TXW003",
      "P7F00015_TXW004",
      "P7F00015_TXW005",
      "P7F00015_TXW006",
      "P7F00015_TXW007",
      "P7F00015_TXW008",
      "P7F00015_TXW009",
      "P7F00015_TXW010",
      "P7F00015_TXW011",
      "P7F00015_TXW012",
      "P7F00015_TXW013",
      "P7F00015_TXW014",
      "P7F00015_TXW015",
      "P7F00015_TXW016",
      "P7F00015_TXW017",
      "P7F00015_TXW018",
      "P7F00015_TXW019",
      "P7F00015_TXW020",
      "P7F00015_TXW021",
      "P7F00015_TXW022",
      "P7F00015_TXW023",
      "P7F00015_TXW024",
      "P7F00015_TXW025",
      "P7F00015_TXW026",
      "P7F00015_TXW027",
      "P7F00015_TXW028",
      "P7F00015_TXW029",
      "P7F00015_TXW030",
      "P7F00015_TXW031",
      "P7F00015_TXW032",
      "P7F00015_TXW033",
      "P7F00015_TXW034",
      "P7F00015_TXW035",
      "P7F00015_TXW036",
      "P7F00015_TXW037",
      "P7F00015_TXW038",
      "P7F00015_TXW039",
      "P7F00015_TXW040",
      "P7F00015_TXW041",
      "P7F00015_TXW042",
      "P7F00015_TXW043",
      "P7F00015_TXW044",
      "P7F00015_TXW045",
      "P7F00015_TXW046",
      "P7F00015_TXW047",
      "P7F00015_TXW048",
      "P7F00015_TXW049",
      "P7F00015_TXW050",
      "P7F00015_TXW051",
      "P7F00015_TXW052",
      "P7F00015_TXW053",
      "P7F00015_TXW054",
      "P7F00015_TXW055",
      "P7F00015_TXW056",
      "P7F00015_TXW057",
      "P7F00015_TXW058",
      "P7F00015_TXW059",
      "P7F00015_TXW060",
      "P7F00015_TXW061",
      "P7F00015_TX_COUNT",
      "P7F00015_TX_CRC32",
      "P7F00015_TX_FAIL",
      "P7F00016_ACK_SEEN",
      "P7F00016_ACK_SENT",
      "P7F00016_COMMIT",
      "P7F00016_COMMIT_POLLS",
      "P7F00016_CRC_BAD",
      "P7F00016_DONE",
      "P7F00016_DONE_POLLS",
      "P7F00016_DUTY_VIOLATION",
      "P7F00016_ERROR_CODE",
      "P7F00016_FRAME_BAD",
      "P7F00016_FRAME_GOOD",
      "P7F00016_MAILBOX",
      "P7F00016_PAYLOAD_MISMATCH",
      "P7F00016_RAW_RX_PULSES",
      "P7F00016_RAW_TX_PULSES",
      "P7F00016_RETRY_COUNT",
      "P7F00016_RETRY_EXHAUSTED",
      "P7F00016_RXW000",
      "P7F00016_RXW001",
      "P7F00016_RXW002",
      "P7F00016_RXW003",
      "P7F00016_RXW004",
      "P7F00016_RXW005",
      "P7F00016_RXW006",
      "P7F00016_RXW007",
      "P7F00016_RXW008",
      "P7F00016_RXW009",
      "P7F00016_RXW010",
      "P7F00016_RXW011",
      "P7F00016_RXW012",
      "P7F00016_RXW013",
      "P7F00016_RXW014",
      "P7F00016_RXW015",
      "P7F00016_RXW016",
      "P7F00016_RXW017",
      "P7F00016_RXW018",
      "P7F00016_RXW019",
      "P7F00016_RXW020",
      "P7F00016_RXW021",
      "P7F00016_RXW022",
      "P7F00016_RXW023",
      "P7F00016_RXW024",
      "P7F00016_RXW025",
      "P7F00016_RXW026",
      "P7F00016_RXW027",
      "P7F00016_RXW028",
      "P7F00016_RXW029",
      "P7F00016_RXW030",
      "P7F00016_RXW031",
      "P7F00016_RXW032",
      "P7F00016_RXW033",
      "P7F00016_RXW034",
      "P7F00016_RXW035",
      "P7F00016_RXW036",
      "P7F00016_RXW037",
      "P7F00016_RXW038",
      "P7F00016_RXW039",
      "P7F00016_RXW040",
      "P7F00016_RXW041",
      "P7F00016_RXW042",
      "P7F00016_RXW043",
      "P7F00016_RXW044",
      "P7F00016_RXW045",
      "P7F00016_RXW046",
      "P7F00016_RXW047",
      "P7F00016_RXW048",
      "P7F00016_RXW049",
      "P7F00016_RXW050",
      "P7F00016_RXW051",
      "P7F00016_RXW052",
      "P7F00016_RXW053",
      "P7F00016_RXW054",
      "P7F00016_RXW055",
      "P7F00016_RXW056",
      "P7F00016_RXW057",
      "P7F00016_RXW058",
      "P7F00016_RXW059",
      "P7F00016_RXW060",
      "P7F00016_RXW061",
      "P7F00016_RX_CRC32",
      "P7F00016_RX_DIGEST",
      "P7F00016_RX_GOOD_COUNT_L0",
      "P7F00016_RX_GOOD_COUNT_L1",
      "P7F00016_RX_LEN",
      "P7F00016_STATUS",
      "P7F00016_STICKY_ERROR",
      "P7F00016_TXD_HIGH_MAX",
      "P7F00016_TXW000",
      "P7F00016_TXW001",
      "P7F00016_TXW002",
      "P7F00016_TXW003",
      "P7F00016_TXW004",
      "P7F00016_TXW005",
      "P7F00016_TXW006",
      "P7F00016_TXW007",
      "P7F00016_TXW008",
      "P7F00016_TXW009",
      "P7F00016_TXW010",
      "P7F00016_TXW011",
      "P7F00016_TXW012",
      "P7F00016_TXW013",
      "P7F00016_TXW014",
      "P7F00016_TXW015",
      "P7F00016_TXW016",
      "P7F00016_TXW017",
      "P7F00016_TXW018",
      "P7F00016_TXW019",
      "P7F00016_TXW020",
      "P7F00016_TXW021",
      "P7F00016_TXW022",
      "P7F00016_TXW023",
      "P7F00016_TXW024",
      "P7F00016_TXW025",
      "P7F00016_TXW026",
      "P7F00016_TXW027",
      "P7F00016_TXW028",
      "P7F00016_TXW029",
      "P7F00016_TXW030",
      "P7F00016_TXW031",
      "P7F00016_TXW032",
      "P7F00016_TXW033",
      "P7F00016_TXW034",
      "P7F00016_TXW035",
      "P7F00016_TXW036",
      "P7F00016_TXW037",
      "P7F00016_TXW038",
      "P7F00016_TXW039",
      "P7F00016_TXW040",
      "P7F00016_TXW041",
      "P7F00016_TXW042",
      "P7F00016_TXW043",
      "P7F00016_TXW044",
      "P7F00016_TXW045",
      "P7F00016_TXW046",
      "P7F00016_TXW047",
      "P7F00016_TXW048",
      "P7F00016_TXW049",
      "P7F00016_TXW050",
      "P7F00016_TXW051",
      "P7F00016_TXW052",
      "P7F00016_TXW053",
      "P7F00016_TXW054",
      "P7F00016_TXW055",
      "P7F00016_TXW056",
      "P7F00016_TXW057",
      "P7F00016_TXW058",
      "P7F00016_TXW059",
      "P7F00016_TXW060",
      "P7F00016_TXW061",
      "P7F00016_TX_COUNT",
      "P7F00016_TX_CRC32",
      "P7F00016_TX_FAIL",
      "P7F00017_ACK_SEEN",
      "P7F00017_ACK_SENT",
      "P7F00017_COMMIT",
      "P7F00017_COMMIT_POLLS",
      "P7F00017_CRC_BAD",
      "P7F00017_DONE",
      "P7F00017_DONE_POLLS",
      "P7F00017_DUTY_VIOLATION",
      "P7F00017_ERROR_CODE",
      "P7F00017_FRAME_BAD",
      "P7F00017_FRAME_GOOD",
      "P7F00017_MAILBOX",
      "P7F00017_PAYLOAD_MISMATCH",
      "P7F00017_RAW_RX_PULSES",
      "P7F00017_RAW_TX_PULSES",
      "P7F00017_RETRY_COUNT",
      "P7F00017_RETRY_EXHAUSTED",
      "P7F00017_RXW000",
      "P7F00017_RXW001",
      "P7F00017_RXW002",
      "P7F00017_RXW003",
      "P7F00017_RXW004",
      "P7F00017_RXW005",
      "P7F00017_RXW006",
      "P7F00017_RXW007",
      "P7F00017_RXW008",
      "P7F00017_RXW009",
      "P7F00017_RXW010",
      "P7F00017_RXW011",
      "P7F00017_RXW012",
      "P7F00017_RXW013",
      "P7F00017_RXW014",
      "P7F00017_RXW015",
      "P7F00017_RXW016",
      "P7F00017_RXW017",
      "P7F00017_RXW018",
      "P7F00017_RXW019",
      "P7F00017_RXW020",
      "P7F00017_RXW021",
      "P7F00017_RXW022",
      "P7F00017_RXW023",
      "P7F00017_RXW024",
      "P7F00017_RXW025",
      "P7F00017_RXW026",
      "P7F00017_RXW027",
      "P7F00017_RXW028",
      "P7F00017_RXW029",
      "P7F00017_RXW030",
      "P7F00017_RXW031",
      "P7F00017_RXW032",
      "P7F00017_RXW033",
      "P7F00017_RXW034",
      "P7F00017_RXW035",
      "P7F00017_RXW036",
      "P7F00017_RXW037",
      "P7F00017_RXW038",
      "P7F00017_RXW039",
      "P7F00017_RXW040",
      "P7F00017_RXW041",
      "P7F00017_RXW042",
      "P7F00017_RXW043",
      "P7F00017_RXW044",
      "P7F00017_RXW045",
      "P7F00017_RXW046",
      "P7F00017_RXW047",
      "P7F00017_RXW048",
      "P7F00017_RXW049",
      "P7F00017_RXW050",
      "P7F00017_RXW051",
      "P7F00017_RXW052",
      "P7F00017_RXW053",
      "P7F00017_RXW054",
      "P7F00017_RXW055",
      "P7F00017_RXW056",
      "P7F00017_RXW057",
      "P7F00017_RXW058",
      "P7F00017_RXW059",
      "P7F00017_RXW060",
      "P7F00017_RXW061",
      "P7F00017_RX_CRC32",
      "P7F00017_RX_DIGEST",
      "P7F00017_RX_GOOD_COUNT_L0",
      "P7F00017_RX_GOOD_COUNT_L1",
      "P7F00017_RX_LEN",
      "P7F00017_STATUS",
      "P7F00017_STICKY_ERROR",
      "P7F00017_TXD_HIGH_MAX",
      "P7F00017_TXW000",
      "P7F00017_TXW001",
      "P7F00017_TXW002",
      "P7F00017_TXW003",
      "P7F00017_TXW004",
      "P7F00017_TXW005",
      "P7F00017_TXW006",
      "P7F00017_TXW007",
      "P7F00017_TXW008",
      "P7F00017_TXW009",
      "P7F00017_TXW010",
      "P7F00017_TXW011",
      "P7F00017_TXW012",
      "P7F00017_TXW013",
      "P7F00017_TXW014",
      "P7F00017_TXW015",
      "P7F00017_TXW016",
      "P7F00017_TXW017",
      "P7F00017_TXW018",
      "P7F00017_TXW019",
      "P7F00017_TXW020",
      "P7F00017_TXW021",
      "P7F00017_TXW022",
      "P7F00017_TXW023",
      "P7F00017_TXW024",
      "P7F00017_TXW025",
      "P7F00017_TXW026",
      "P7F00017_TXW027",
      "P7F00017_TXW028",
      "P7F00017_TXW029",
      "P7F00017_TXW030",
      "P7F00017_TXW031",
      "P7F00017_TXW032",
      "P7F00017_TXW033",
      "P7F00017_TXW034",
      "P7F00017_TXW035",
      "P7F00017_TXW036",
      "P7F00017_TXW037",
      "P7F00017_TXW038",
      "P7F00017_TXW039",
      "P7F00017_TXW040",
      "P7F00017_TXW041",
      "P7F00017_TXW042",
      "P7F00017_TXW043",
      "P7F00017_TXW044",
      "P7F00017_TXW045",
      "P7F00017_TXW046",
      "P7F00017_TXW047",
      "P7F00017_TXW048",
      "P7F00017_TXW049",
      "P7F00017_TXW050",
      "P7F00017_TXW051",
      "P7F00017_TXW052",
      "P7F00017_TXW053",
      "P7F00017_TXW054",
      "P7F00017_TXW055",
      "P7F00017_TXW056",
      "P7F00017_TXW057",
      "P7F00017_TXW058",
      "P7F00017_TXW059",
      "P7F00017_TXW060",
      "P7F00017_TXW061",
      "P7F00017_TX_COUNT",
      "P7F00017_TX_CRC32",
      "P7F00017_TX_FAIL",
      "P7F00018_ACK_SEEN",
      "P7F00018_ACK_SENT",
      "P7F00018_COMMIT",
      "P7F00018_COMMIT_POLLS",
      "P7F00018_CRC_BAD",
      "P7F00018_DONE",
      "P7F00018_DONE_POLLS",
      "P7F00018_DUTY_VIOLATION",
      "P7F00018_ERROR_CODE",
      "P7F00018_FRAME_BAD",
      "P7F00018_FRAME_GOOD",
      "P7F00018_MAILBOX",
      "P7F00018_PAYLOAD_MISMATCH",
      "P7F00018_RAW_RX_PULSES",
      "P7F00018_RAW_TX_PULSES",
      "P7F00018_RETRY_COUNT",
      "P7F00018_RETRY_EXHAUSTED",
      "P7F00018_RXW000",
      "P7F00018_RXW001",
      "P7F00018_RXW002",
      "P7F00018_RXW003",
      "P7F00018_RXW004",
      "P7F00018_RXW005",
      "P7F00018_RXW006",
      "P7F00018_RXW007",
      "P7F00018_RXW008",
      "P7F00018_RXW009",
      "P7F00018_RXW010",
      "P7F00018_RXW011",
      "P7F00018_RXW012",
      "P7F00018_RXW013",
      "P7F00018_RXW014",
      "P7F00018_RXW015",
      "P7F00018_RXW016",
      "P7F00018_RXW017",
      "P7F00018_RXW018",
      "P7F00018_RXW019",
      "P7F00018_RXW020",
      "P7F00018_RXW021",
      "P7F00018_RXW022",
      "P7F00018_RXW023",
      "P7F00018_RXW024",
      "P7F00018_RXW025",
      "P7F00018_RXW026",
      "P7F00018_RXW027",
      "P7F00018_RXW028",
      "P7F00018_RXW029",
      "P7F00018_RXW030",
      "P7F00018_RXW031",
      "P7F00018_RXW032",
      "P7F00018_RXW033",
      "P7F00018_RXW034",
      "P7F00018_RXW035",
      "P7F00018_RXW036",
      "P7F00018_RXW037",
      "P7F00018_RXW038",
      "P7F00018_RXW039",
      "P7F00018_RXW040",
      "P7F00018_RXW041",
      "P7F00018_RXW042",
      "P7F00018_RXW043",
      "P7F00018_RXW044",
      "P7F00018_RXW045",
      "P7F00018_RXW046",
      "P7F00018_RXW047",
      "P7F00018_RXW048",
      "P7F00018_RXW049",
      "P7F00018_RXW050",
      "P7F00018_RXW051",
      "P7F00018_RXW052",
      "P7F00018_RXW053",
      "P7F00018_RXW054",
      "P7F00018_RXW055",
      "P7F00018_RXW056",
      "P7F00018_RXW057",
      "P7F00018_RXW058",
      "P7F00018_RXW059",
      "P7F00018_RXW060",
      "P7F00018_RXW061",
      "P7F00018_RX_CRC32",
      "P7F00018_RX_DIGEST",
      "P7F00018_RX_GOOD_COUNT_L0",
      "P7F00018_RX_GOOD_COUNT_L1",
      "P7F00018_RX_LEN",
      "P7F00018_STATUS",
      "P7F00018_STICKY_ERROR",
      "P7F00018_TXD_HIGH_MAX",
      "P7F00018_TXW000",
      "P7F00018_TXW001",
      "P7F00018_TXW002",
      "P7F00018_TXW003",
      "P7F00018_TXW004",
      "P7F00018_TXW005",
      "P7F00018_TXW006",
      "P7F00018_TXW007",
      "P7F00018_TXW008",
      "P7F00018_TXW009",
      "P7F00018_TXW010",
      "P7F00018_TXW011",
      "P7F00018_TXW012",
      "P7F00018_TXW013",
      "P7F00018_TXW014",
      "P7F00018_TXW015",
      "P7F00018_TXW016",
      "P7F00018_TXW017",
      "P7F00018_TXW018",
      "P7F00018_TXW019",
      "P7F00018_TXW020",
      "P7F00018_TXW021",
      "P7F00018_TXW022",
      "P7F00018_TXW023",
      "P7F00018_TXW024",
      "P7F00018_TXW025",
      "P7F00018_TXW026",
      "P7F00018_TXW027",
      "P7F00018_TXW028",
      "P7F00018_TXW029",
      "P7F00018_TXW030",
      "P7F00018_TXW031",
      "P7F00018_TXW032",
      "P7F00018_TXW033",
      "P7F00018_TXW034",
      "P7F00018_TXW035",
      "P7F00018_TXW036",
      "P7F00018_TXW037",
      "P7F00018_TXW038",
      "P7F00018_TXW039",
      "P7F00018_TXW040",
      "P7F00018_TXW041",
      "P7F00018_TXW042",
      "P7F00018_TXW043",
      "P7F00018_TXW044",
      "P7F00018_TXW045",
      "P7F00018_TXW046",
      "P7F00018_TXW047",
      "P7F00018_TXW048",
      "P7F00018_TXW049",
      "P7F00018_TXW050",
      "P7F00018_TXW051",
      "P7F00018_TXW052",
      "P7F00018_TXW053",
      "P7F00018_TXW054",
      "P7F00018_TXW055",
      "P7F00018_TXW056",
      "P7F00018_TXW057",
      "P7F00018_TXW058",
      "P7F00018_TXW059",
      "P7F00018_TXW060",
      "P7F00018_TXW061",
      "P7F00018_TX_COUNT",
      "P7F00018_TX_CRC32",
      "P7F00018_TX_FAIL",
      "P7F00019_ACK_SEEN",
      "P7F00019_ACK_SENT",
      "P7F00019_COMMIT",
      "P7F00019_COMMIT_POLLS",
      "P7F00019_CRC_BAD",
      "P7F00019_DONE",
      "P7F00019_DONE_POLLS",
      "P7F00019_DUTY_VIOLATION",
      "P7F00019_ERROR_CODE",
      "P7F00019_FRAME_BAD",
      "P7F00019_FRAME_GOOD",
      "P7F00019_MAILBOX",
      "P7F00019_PAYLOAD_MISMATCH",
      "P7F00019_RAW_RX_PULSES",
      "P7F00019_RAW_TX_PULSES",
      "P7F00019_RETRY_COUNT",
      "P7F00019_RETRY_EXHAUSTED",
      "P7F00019_RXW000",
      "P7F00019_RXW001",
      "P7F00019_RXW002",
      "P7F00019_RXW003",
      "P7F00019_RXW004",
      "P7F00019_RXW005",
      "P7F00019_RXW006",
      "P7F00019_RXW007",
      "P7F00019_RXW008",
      "P7F00019_RXW009",
      "P7F00019_RXW010",
      "P7F00019_RX_CRC32",
      "P7F00019_RX_DIGEST",
      "P7F00019_RX_GOOD_COUNT_L0",
      "P7F00019_RX_GOOD_COUNT_L1",
      "P7F00019_RX_LEN",
      "P7F00019_STATUS",
      "P7F00019_STICKY_ERROR",
      "P7F00019_TXD_HIGH_MAX",
      "P7F00019_TXW000",
      "P7F00019_TXW001",
      "P7F00019_TXW002",
      "P7F00019_TXW003",
      "P7F00019_TXW004",
      "P7F00019_TXW005",
      "P7F00019_TXW006",
      "P7F00019_TXW007",
      "P7F00019_TXW008",
      "P7F00019_TXW009",
      "P7F00019_TXW010",
      "P7F00019_TX_COUNT",
      "P7F00019_TX_CRC32",
      "P7F00019_TX_FAIL",
      "P7_BASE_ACK_SEEN",
      "P7_BASE_ACK_SENT",
      "P7_BASE_CRC_BAD",
      "P7_BASE_DUTY_VIOLATION",
      "P7_BASE_ERROR_CODE",
      "P7_BASE_FRAME_BAD",
      "P7_BASE_FRAME_GOOD",
      "P7_BASE_PAYLOAD_MISMATCH",
      "P7_BASE_RAW_RX_PULSES",
      "P7_BASE_RAW_TX_PULSES",
      "P7_BASE_RETRY_COUNT",
      "P7_BASE_RETRY_EXHAUSTED",
      "P7_BASE_RX_GOOD_COUNT_L0",
      "P7_BASE_RX_GOOD_COUNT_L1",
      "P7_BASE_STICKY_ERROR",
      "P7_BASE_TXD_HIGH_MAX",
      "P7_BASE_TX_COUNT",
      "P7_BASE_TX_FAIL",
      "P7_FINAL_SHUTDOWN_REASON"
    ],
    "write_operations": [
      {
        "offset": "0x100",
        "value": "0x00000002"
      },
      {
        "offset": "0x100",
        "value": "0x00000002"
      },
      {
        "offset": "0x200",
        "value": "0x50414652"
      },
      {
        "offset": "0x204",
        "value": "0x00200101"
      },
      {
        "offset": "0x208",
        "value": "0x50370002"
      },
      {
        "offset": "0x20c",
        "value": "0x00000002"
      },
      {
        "offset": "0x210",
        "value": "0x00001000"
      },
      {
        "offset": "0x214",
        "value": "0x00140000"
      },
      {
        "offset": "0x218",
        "value": "0x000000d7"
      },
      {
        "offset": "0x21c",
        "value": "0xe39b1851"
      },
      {
        "offset": "0x220",
        "value": "0x05040302"
      },
      {
        "offset": "0x224",
        "value": "0x09080706"
      },
      {
        "offset": "0x228",
        "value": "0x0d0c0b0a"
      },
      {
        "offset": "0x22c",
        "value": "0x11100f0e"
      },
      {
        "offset": "0x230",
        "value": "0x15141312"
      },
      {
        "offset": "0x234",
        "value": "0x19181716"
      },
      {
        "offset": "0x238",
        "value": "0x1d1c1b1a"
      },
      {
        "offset": "0x23c",
        "value": "0x21201f1e"
      },
      {
        "offset": "0x240",
        "value": "0x25242322"
      },
      {
        "offset": "0x244",
        "value": "0x29282726"
      },
      {
        "offset": "0x248",
        "value": "0x2d2c2b2a"
      },
      {
        "offset": "0x24c",
        "value": "0x31302f2e"
      },
      {
        "offset": "0x250",
        "value": "0x35343332"
      },
      {
        "offset": "0x254",
        "value": "0x39383736"
      },
      {
        "offset": "0x258",
        "value": "0x3d3c3b3a"
      },
      {
        "offset": "0x25c",
        "value": "0x41403f3e"
      },
      {
        "offset": "0x260",
        "value": "0x45444342"
      },
      {
        "offset": "0x264",
        "value": "0x49484746"
      },
      {
        "offset": "0x268",
        "value": "0x4d4c4b4a"
      },
      {
        "offset": "0x26c",
        "value": "0x51504f4e"
      },
      {
        "offset": "0x270",
        "value": "0x55545352"
      },
      {
        "offset": "0x274",
        "value": "0x59585756"
      },
      {
        "offset": "0x278",
        "value": "0x5d5c5b5a"
      },
      {
        "offset": "0x27c",
        "value": "0x61605f5e"
      },
      {
        "offset": "0x280",
        "value": "0x65646362"
      },
      {
        "offset": "0x284",
        "value": "0x69686766"
      },
      {
        "offset": "0x288",
        "value": "0x6d6c6b6a"
      },
      {
        "offset": "0x28c",
        "value": "0x71706f6e"
      },
      {
        "offset": "0x290",
        "value": "0x75747372"
      },
      {
        "offset": "0x294",
        "value": "0x79787776"
      },
      {
        "offset": "0x298",
        "value": "0x7d7c7b7a"
      },
      {
        "offset": "0x29c",
        "value": "0x81807f7e"
      },
      {
        "offset": "0x2a0",
        "value": "0x85848382"
      },
      {
        "offset": "0x2a4",
        "value": "0x89888786"
      },
      {
        "offset": "0x2a8",
        "value": "0x8d8c8b8a"
      },
      {
        "offset": "0x2ac",
        "value": "0x91908f8e"
      },
      {
        "offset": "0x2b0",
        "value": "0x95949392"
      },
      {
        "offset": "0x2b4",
        "value": "0x99989796"
      },
      {
        "offset": "0x2b8",
        "value": "0x9d9c9b9a"
      },
      {
        "offset": "0x2bc",
        "value": "0xa1a09f9e"
      },
      {
        "offset": "0x2c0",
        "value": "0xa5a4a3a2"
      },
      {
        "offset": "0x2c4",
        "value": "0xa9a8a7a6"
      },
      {
        "offset": "0x2c8",
        "value": "0xadacabaa"
      },
      {
        "offset": "0x2cc",
        "value": "0xb1b0afae"
      },
      {
        "offset": "0x2d0",
        "value": "0xb5b4b3b2"
      },
      {
        "offset": "0x2d4",
        "value": "0xb9b8b7b6"
      },
      {
        "offset": "0x2d8",
        "value": "0xbdbcbbba"
      },
      {
        "offset": "0x2dc",
        "value": "0xc1c0bfbe"
      },
      {
        "offset": "0x2e0",
        "value": "0xc5c4c3c2"
      },
      {
        "offset": "0x2e4",
        "value": "0xc9c8c7c6"
      },
      {
        "offset": "0x2e8",
        "value": "0xcdcccbca"
      },
      {
        "offset": "0x2ec",
        "value": "0xd1d0cfce"
      },
      {
        "offset": "0x2f0",
        "value": "0xd5d4d3d2"
      },
      {
        "offset": "0x2f4",
        "value": "0x00d8d7d6"
      },
      {
        "offset": "0x108",
        "value": "0x00002201"
      },
      {
        "offset": "0x10c",
        "value": "0x00000001"
      },
      {
        "offset": "0x110",
        "value": "0x00000001"
      },
      {
        "offset": "0x114",
        "value": "0x000000f7"
      },
      {
        "offset": "0x15c",
        "value": "0x0061a800"
      },
      {
        "offset": "0x100",
        "value": "0x00000004"
      },
      {
        "offset": "0x100",
        "value": "0x00000008"
      },
      {
        "offset": "0x100",
        "value": "0x00000002"
      },
      {
        "offset": "0x200",
        "value": "0x50414652"
      },
      {
        "offset": "0x204",
        "value": "0x00200001"
      },
      {
        "offset": "0x208",
        "value": "0x50370002"
      },
      {
        "offset": "0x20c",
        "value": "0x00000002"
      },
      {
        "offset": "0x210",
        "value": "0x00001000"
      },
      {
        "offset": "0x214",
        "value": "0x00140001"
      },
      {
        "offset": "0x218",
        "value": "0x000000d7"
      },
      {
        "offset": "0x21c",
        "value": "0xe39b1851"
      },
      {
        "offset": "0x220",
        "value": "0xdcdbdad9"
      },
      {
        "offset": "0x224",
        "value": "0xe0dfdedd"
      },
      {
        "offset": "0x228",
        "value": "0xe4e3e2e1"
      },
      {
        "offset": "0x22c",
        "value": "0xe8e7e6e5"
      },
      {
        "offset": "0x230",
        "value": "0xecebeae9"
      },
      {
        "offset": "0x234",
        "value": "0xf0efeeed"
      },
      {
        "offset": "0x238",
        "value": "0xf4f3f2f1"
      },
      {
        "offset": "0x23c",
        "value": "0xf8f7f6f5"
      },
      {
        "offset": "0x240",
        "value": "0xfcfbfaf9"
      },
      {
        "offset": "0x244",
        "value": "0x00fffefd"
      },
      {
        "offset": "0x248",
        "value": "0x04030201"
      },
      {
        "offset": "0x24c",
        "value": "0x08070605"
      },
      {
        "offset": "0x250",
        "value": "0x0c0b0a09"
      },
      {
        "offset": "0x254",
        "value": "0x100f0e0d"
      },
      {
        "offset": "0x258",
        "value": "0x14131211"
      },
      {
        "offset": "0x25c",
        "value": "0x18171615"
      },
      {
        "offset": "0x260",
        "value": "0x1c1b1a19"
      },
      {
        "offset": "0x264",
        "value": "0x201f1e1d"
      },
      {
        "offset": "0x268",
        "value": "0x24232221"
      },
      {
        "offset": "0x26c",
        "value": "0x28272625"
      },
      {
        "offset": "0x270",
        "value": "0x2c2b2a29"
      },
      {
        "offset": "0x274",
        "value": "0x302f2e2d"
      },
      {
        "offset": "0x278",
        "value": "0x34333231"
      },
      {
        "offset": "0x27c",
        "value": "0x38373635"
      },
      {
        "offset": "0x280",
        "value": "0x3c3b3a39"
      },
      {
        "offset": "0x284",
        "value": "0x403f3e3d"
      },
      {
        "offset": "0x288",
        "value": "0x44434241"
      },
      {
        "offset": "0x28c",
        "value": "0x48474645"
      },
      {
        "offset": "0x290",
        "value": "0x4c4b4a49"
      },
      {
        "offset": "0x294",
        "value": "0x504f4e4d"
      },
      {
        "offset": "0x298",
        "value": "0x54535251"
      },
      {
        "offset": "0x29c",
        "value": "0x58575655"
      },
      {
        "offset": "0x2a0",
        "value": "0x5c5b5a59"
      },
      {
        "offset": "0x2a4",
        "value": "0x605f5e5d"
      },
      {
        "offset": "0x2a8",
        "value": "0x64636261"
      },
      {
        "offset": "0x2ac",
        "value": "0x68676665"
      },
      {
        "offset": "0x2b0",
        "value": "0x6c6b6a69"
      },
      {
        "offset": "0x2b4",
        "value": "0x706f6e6d"
      },
      {
        "offset": "0x2b8",
        "value": "0x74737271"
      },
      {
        "offset": "0x2bc",
        "value": "0x78777675"
      },
      {
        "offset": "0x2c0",
        "value": "0x7c7b7a79"
      },
      {
        "offset": "0x2c4",
        "value": "0x807f7e7d"
      },
      {
        "offset": "0x2c8",
        "value": "0x84838281"
      },
      {
        "offset": "0x2cc",
        "value": "0x88878685"
      },
      {
        "offset": "0x2d0",
        "value": "0x8c8b8a89"
      },
      {
        "offset": "0x2d4",
        "value": "0x908f8e8d"
      },
      {
        "offset": "0x2d8",
        "value": "0x94939291"
      },
      {
        "offset": "0x2dc",
        "value": "0x98979695"
      },
      {
        "offset": "0x2e0",
        "value": "0x9c9b9a99"
      },
      {
        "offset": "0x2e4",
        "value": "0xa09f9e9d"
      },
      {
        "offset": "0x2e8",
        "value": "0xa4a3a2a1"
      },
      {
        "offset": "0x2ec",
        "value": "0xa8a7a6a5"
      },
      {
        "offset": "0x2f0",
        "value": "0xacabaaa9"
      },
      {
        "offset": "0x2f4",
        "value": "0x00afaead"
      },
      {
        "offset": "0x108",
        "value": "0x00002201"
      },
      {
        "offset": "0x10c",
        "value": "0x00000001"
      },
      {
        "offset": "0x110",
        "value": "0x00000001"
      },
      {
        "offset": "0x114",
        "value": "0x000000f7"
      },
      {
        "offset": "0x15c",
        "value": "0x0061a800"
      },
      {
        "offset": "0x100",
        "value": "0x00000004"
      },
      {
        "offset": "0x100",
        "value": "0x00000008"
      },
      {
        "offset": "0x100",
        "value": "0x00000002"
      },
      {
        "offset": "0x200",
        "value": "0x50414652"
      },
      {
        "offset": "0x204",
        "value": "0x00200001"
      },
      {
        "offset": "0x208",
        "value": "0x50370002"
      },
      {
        "offset": "0x20c",
        "value": "0x00000002"
      },
      {
        "offset": "0x210",
        "value": "0x00001000"
      },
      {
        "offset": "0x214",
        "value": "0x00140002"
      },
      {
        "offset": "0x218",
        "value": "0x000000d7"
      },
      {
        "offset": "0x21c",
        "value": "0xe39b1851"
      },
      {
        "offset": "0x220",
        "value": "0xb3b2b1b0"
      },
      {
        "offset": "0x224",
        "value": "0xb7b6b5b4"
      },
      {
        "offset": "0x228",
        "value": "0xbbbab9b8"
      },
      {
        "offset": "0x22c",
        "value": "0xbfbebdbc"
      },
      {
        "offset": "0x230",
        "value": "0xc3c2c1c0"
      },
      {
        "offset": "0x234",
        "value": "0xc7c6c5c4"
      },
      {
        "offset": "0x238",
        "value": "0xcbcac9c8"
      },
      {
        "offset": "0x23c",
        "value": "0xcfcecdcc"
      },
      {
        "offset": "0x240",
        "value": "0xd3d2d1d0"
      },
      {
        "offset": "0x244",
        "value": "0xd7d6d5d4"
      },
      {
        "offset": "0x248",
        "value": "0xdbdad9d8"
      },
      {
        "offset": "0x24c",
        "value": "0xdfdedddc"
      },
      {
        "offset": "0x250",
        "value": "0xe3e2e1e0"
      },
      {
        "offset": "0x254",
        "value": "0xe7e6e5e4"
      },
      {
        "offset": "0x258",
        "value": "0xebeae9e8"
      },
      {
        "offset": "0x25c",
        "value": "0xefeeedec"
      },
      {
        "offset": "0x260",
        "value": "0xf3f2f1f0"
      },
      {
        "offset": "0x264",
        "value": "0xf7f6f5f4"
      },
      {
        "offset": "0x268",
        "value": "0xfbfaf9f8"
      },
      {
        "offset": "0x26c",
        "value": "0xfffefdfc"
      },
      {
        "offset": "0x270",
        "value": "0x03020100"
      },
      {
        "offset": "0x274",
        "value": "0x07060504"
      },
      {
        "offset": "0x278",
        "value": "0x0b0a0908"
      },
      {
        "offset": "0x27c",
        "value": "0x0f0e0d0c"
      },
      {
        "offset": "0x280",
        "value": "0x13121110"
      },
      {
        "offset": "0x284",
        "value": "0x17161514"
      },
      {
        "offset": "0x288",
        "value": "0x1b1a1918"
      },
      {
        "offset": "0x28c",
        "value": "0x1f1e1d1c"
      },
      {
        "offset": "0x290",
        "value": "0x23222120"
      },
      {
        "offset": "0x294",
        "value": "0x27262524"
      },
      {
        "offset": "0x298",
        "value": "0x2b2a2928"
      },
      {
        "offset": "0x29c",
        "value": "0x2f2e2d2c"
      },
      {
        "offset": "0x2a0",
        "value": "0x33323130"
      },
      {
        "offset": "0x2a4",
        "value": "0x37363534"
      },
      {
        "offset": "0x2a8",
        "value": "0x3b3a3938"
      },
      {
        "offset": "0x2ac",
        "value": "0x3f3e3d3c"
      },
      {
        "offset": "0x2b0",
        "value": "0x43424140"
      },
      {
        "offset": "0x2b4",
        "value": "0x47464544"
      },
      {
        "offset": "0x2b8",
        "value": "0x4b4a4948"
      },
      {
        "offset": "0x2bc",
        "value": "0x4f4e4d4c"
      },
      {
        "offset": "0x2c0",
        "value": "0x53525150"
      },
      {
        "offset": "0x2c4",
        "value": "0x57565554"
      },
      {
        "offset": "0x2c8",
        "value": "0x5b5a5958"
      },
      {
        "offset": "0x2cc",
        "value": "0x5f5e5d5c"
      },
      {
        "offset": "0x2d0",
        "value": "0x63626160"
      },
      {
        "offset": "0x2d4",
        "value": "0x67666564"
      },
      {
        "offset": "0x2d8",
        "value": "0x6b6a6968"
      },
      {
        "offset": "0x2dc",
        "value": "0x6f6e6d6c"
      },
      {
        "offset": "0x2e0",
        "value": "0x73727170"
      },
      {
        "offset": "0x2e4",
        "value": "0x77767574"
      },
      {
        "offset": "0x2e8",
        "value": "0x7b7a7978"
      },
      {
        "offset": "0x2ec",
        "value": "0x7f7e7d7c"
      },
      {
        "offset": "0x2f0",
        "value": "0x83828180"
      },
      {
        "offset": "0x2f4",
        "value": "0x00868584"
      },
      {
        "offset": "0x108",
        "value": "0x00002201"
      },
      {
        "offset": "0x10c",
        "value": "0x00000001"
      },
      {
        "offset": "0x110",
        "value": "0x00000001"
      },
      {
        "offset": "0x114",
        "value": "0x000000f7"
      },
      {
        "offset": "0x15c",
        "value": "0x0061a800"
      },
      {
        "offset": "0x100",
        "value": "0x00000004"
      },
      {
        "offset": "0x100",
        "value": "0x00000008"
      },
      {
        "offset": "0x100",
        "value": "0x00000002"
      },
      {
        "offset": "0x200",
        "value": "0x50414652"
      },
      {
        "offset": "0x204",
        "value": "0x00200001"
      },
      {
        "offset": "0x208",
        "value": "0x50370002"
      },
      {
        "offset": "0x20c",
        "value": "0x00000002"
      },
      {
        "offset": "0x210",
        "value": "0x00001000"
      },
      {
        "offset": "0x214",
        "value": "0x00140003"
      },
      {
        "offset": "0x218",
        "value": "0x000000d7"
      },
      {
        "offset": "0x21c",
        "value": "0xe39b1851"
      },
      {
        "offset": "0x220",
        "value": "0x8a898887"
      },
      {
        "offset": "0x224",
        "value": "0x8e8d8c8b"
      },
      {
        "offset": "0x228",
        "value": "0x9291908f"
      },
      {
        "offset": "0x22c",
        "value": "0x96959493"
      },
      {
        "offset": "0x230",
        "value": "0x9a999897"
      },
      {
        "offset": "0x234",
        "value": "0x9e9d9c9b"
      },
      {
        "offset": "0x238",
        "value": "0xa2a1a09f"
      },
      {
        "offset": "0x23c",
        "value": "0xa6a5a4a3"
      },
      {
        "offset": "0x240",
        "value": "0xaaa9a8a7"
      },
      {
        "offset": "0x244",
        "value": "0xaeadacab"
      },
      {
        "offset": "0x248",
        "value": "0xb2b1b0af"
      },
      {
        "offset": "0x24c",
        "value": "0xb6b5b4b3"
      },
      {
        "offset": "0x250",
        "value": "0xbab9b8b7"
      },
      {
        "offset": "0x254",
        "value": "0xbebdbcbb"
      },
      {
        "offset": "0x258",
        "value": "0xc2c1c0bf"
      },
      {
        "offset": "0x25c",
        "value": "0xc6c5c4c3"
      },
      {
        "offset": "0x260",
        "value": "0xcac9c8c7"
      },
      {
        "offset": "0x264",
        "value": "0xcecdcccb"
      },
      {
        "offset": "0x268",
        "value": "0xd2d1d0cf"
      },
      {
        "offset": "0x26c",
        "value": "0xd6d5d4d3"
      },
      {
        "offset": "0x270",
        "value": "0xdad9d8d7"
      },
      {
        "offset": "0x274",
        "value": "0xdedddcdb"
      },
      {
        "offset": "0x278",
        "value": "0xe2e1e0df"
      },
      {
        "offset": "0x27c",
        "value": "0xe6e5e4e3"
      },
      {
        "offset": "0x280",
        "value": "0xeae9e8e7"
      },
      {
        "offset": "0x284",
        "value": "0xeeedeceb"
      },
      {
        "offset": "0x288",
        "value": "0xf2f1f0ef"
      },
      {
        "offset": "0x28c",
        "value": "0xf6f5f4f3"
      },
      {
        "offset": "0x290",
        "value": "0xfaf9f8f7"
      },
      {
        "offset": "0x294",
        "value": "0xfefdfcfb"
      },
      {
        "offset": "0x298",
        "value": "0x020100ff"
      },
      {
        "offset": "0x29c",
        "value": "0x06050403"
      },
      {
        "offset": "0x2a0",
        "value": "0x0a090807"
      },
      {
        "offset": "0x2a4",
        "value": "0x0e0d0c0b"
      },
      {
        "offset": "0x2a8",
        "value": "0x1211100f"
      },
      {
        "offset": "0x2ac",
        "value": "0x16151413"
      },
      {
        "offset": "0x2b0",
        "value": "0x1a191817"
      },
      {
        "offset": "0x2b4",
        "value": "0x1e1d1c1b"
      },
      {
        "offset": "0x2b8",
        "value": "0x2221201f"
      },
      {
        "offset": "0x2bc",
        "value": "0x26252423"
      },
      {
        "offset": "0x2c0",
        "value": "0x2a292827"
      },
      {
        "offset": "0x2c4",
        "value": "0x2e2d2c2b"
      },
      {
        "offset": "0x2c8",
        "value": "0x3231302f"
      },
      {
        "offset": "0x2cc",
        "value": "0x36353433"
      },
      {
        "offset": "0x2d0",
        "value": "0x3a393837"
      },
      {
        "offset": "0x2d4",
        "value": "0x3e3d3c3b"
      },
      {
        "offset": "0x2d8",
        "value": "0x4241403f"
      },
      {
        "offset": "0x2dc",
        "value": "0x46454443"
      },
      {
        "offset": "0x2e0",
        "value": "0x4a494847"
      },
      {
        "offset": "0x2e4",
        "value": "0x4e4d4c4b"
      },
      {
        "offset": "0x2e8",
        "value": "0x5251504f"
      },
      {
        "offset": "0x2ec",
        "value": "0x56555453"
      },
      {
        "offset": "0x2f0",
        "value": "0x5a595857"
      },
      {
        "offset": "0x2f4",
        "value": "0x005d5c5b"
      },
      {
        "offset": "0x108",
        "value": "0x00002201"
      },
      {
        "offset": "0x10c",
        "value": "0x00000001"
      },
      {
        "offset": "0x110",
        "value": "0x00000001"
      },
      {
        "offset": "0x114",
        "value": "0x000000f7"
      },
      {
        "offset": "0x15c",
        "value": "0x0061a800"
      },
      {
        "offset": "0x100",
        "value": "0x00000004"
      },
      {
        "offset": "0x100",
        "value": "0x00000008"
      },
      {
        "offset": "0x100",
        "value": "0x00000002"
      },
      {
        "offset": "0x200",
        "value": "0x50414652"
      },
      {
        "offset": "0x204",
        "value": "0x00200001"
      },
      {
        "offset": "0x208",
        "value": "0x50370002"
      },
      {
        "offset": "0x20c",
        "value": "0x00000002"
      },
      {
        "offset": "0x210",
        "value": "0x00001000"
      },
      {
        "offset": "0x214",
        "value": "0x00140004"
      },
      {
        "offset": "0x218",
        "value": "0x000000d7"
      },
      {
        "offset": "0x21c",
        "value": "0xe39b1851"
      },
      {
        "offset": "0x220",
        "value": "0x61605f5e"
      },
      {
        "offset": "0x224",
        "value": "0x65646362"
      },
      {
        "offset": "0x228",
        "value": "0x69686766"
      },
      {
        "offset": "0x22c",
        "value": "0x6d6c6b6a"
      },
      {
        "offset": "0x230",
        "value": "0x71706f6e"
      },
      {
        "offset": "0x234",
        "value": "0x75747372"
      },
      {
        "offset": "0x238",
        "value": "0x79787776"
      },
      {
        "offset": "0x23c",
        "value": "0x7d7c7b7a"
      },
      {
        "offset": "0x240",
        "value": "0x81807f7e"
      },
      {
        "offset": "0x244",
        "value": "0x85848382"
      },
      {
        "offset": "0x248",
        "value": "0x89888786"
      },
      {
        "offset": "0x24c",
        "value": "0x8d8c8b8a"
      },
      {
        "offset": "0x250",
        "value": "0x91908f8e"
      },
      {
        "offset": "0x254",
        "value": "0x95949392"
      },
      {
        "offset": "0x258",
        "value": "0x99989796"
      },
      {
        "offset": "0x25c",
        "value": "0x9d9c9b9a"
      },
      {
        "offset": "0x260",
        "value": "0xa1a09f9e"
      },
      {
        "offset": "0x264",
        "value": "0xa5a4a3a2"
      },
      {
        "offset": "0x268",
        "value": "0xa9a8a7a6"
      },
      {
        "offset": "0x26c",
        "value": "0xadacabaa"
      },
      {
        "offset": "0x270",
        "value": "0xb1b0afae"
      },
      {
        "offset": "0x274",
        "value": "0xb5b4b3b2"
      },
      {
        "offset": "0x278",
        "value": "0xb9b8b7b6"
      },
      {
        "offset": "0x27c",
        "value": "0xbdbcbbba"
      },
      {
        "offset": "0x280",
        "value": "0xc1c0bfbe"
      },
      {
        "offset": "0x284",
        "value": "0xc5c4c3c2"
      },
      {
        "offset": "0x288",
        "value": "0xc9c8c7c6"
      },
      {
        "offset": "0x28c",
        "value": "0xcdcccbca"
      },
      {
        "offset": "0x290",
        "value": "0xd1d0cfce"
      },
      {
        "offset": "0x294",
        "value": "0xd5d4d3d2"
      },
      {
        "offset": "0x298",
        "value": "0xd9d8d7d6"
      },
      {
        "offset": "0x29c",
        "value": "0xdddcdbda"
      },
      {
        "offset": "0x2a0",
        "value": "0xe1e0dfde"
      },
      {
        "offset": "0x2a4",
        "value": "0xe5e4e3e2"
      },
      {
        "offset": "0x2a8",
        "value": "0xe9e8e7e6"
      },
      {
        "offset": "0x2ac",
        "value": "0xedecebea"
      },
      {
        "offset": "0x2b0",
        "value": "0xf1f0efee"
      },
      {
        "offset": "0x2b4",
        "value": "0xf5f4f3f2"
      },
      {
        "offset": "0x2b8",
        "value": "0xf9f8f7f6"
      },
      {
        "offset": "0x2bc",
        "value": "0xfdfcfbfa"
      },
      {
        "offset": "0x2c0",
        "value": "0x0100fffe"
      },
      {
        "offset": "0x2c4",
        "value": "0x05040302"
      },
      {
        "offset": "0x2c8",
        "value": "0x09080706"
      },
      {
        "offset": "0x2cc",
        "value": "0x0d0c0b0a"
      },
      {
        "offset": "0x2d0",
        "value": "0x11100f0e"
      },
      {
        "offset": "0x2d4",
        "value": "0x15141312"
      },
      {
        "offset": "0x2d8",
        "value": "0x19181716"
      },
      {
        "offset": "0x2dc",
        "value": "0x1d1c1b1a"
      },
      {
        "offset": "0x2e0",
        "value": "0x21201f1e"
      },
      {
        "offset": "0x2e4",
        "value": "0x25242322"
      },
      {
        "offset": "0x2e8",
        "value": "0x29282726"
      },
      {
        "offset": "0x2ec",
        "value": "0x2d2c2b2a"
      },
      {
        "offset": "0x2f0",
        "value": "0x31302f2e"
      },
      {
        "offset": "0x2f4",
        "value": "0x00343332"
      },
      {
        "offset": "0x108",
        "value": "0x00002201"
      },
      {
        "offset": "0x10c",
        "value": "0x00000001"
      },
      {
        "offset": "0x110",
        "value": "0x00000001"
      },
      {
        "offset": "0x114",
        "value": "0x000000f7"
      },
      {
        "offset": "0x15c",
        "value": "0x0061a800"
      },
      {
        "offset": "0x100",
        "value": "0x00000004"
      },
      {
        "offset": "0x100",
        "value": "0x00000008"
      },
      {
        "offset": "0x100",
        "value": "0x00000002"
      },
      {
        "offset": "0x200",
        "value": "0x50414652"
      },
      {
        "offset": "0x204",
        "value": "0x00200001"
      },
      {
        "offset": "0x208",
        "value": "0x50370002"
      },
      {
        "offset": "0x20c",
        "value": "0x00000002"
      },
      {
        "offset": "0x210",
        "value": "0x00001000"
      },
      {
        "offset": "0x214",
        "value": "0x00140005"
      },
      {
        "offset": "0x218",
        "value": "0x000000d7"
      },
      {
        "offset": "0x21c",
        "value": "0xe39b1851"
      },
      {
        "offset": "0x220",
        "value": "0x38373635"
      },
      {
        "offset": "0x224",
        "value": "0x3c3b3a39"
      },
      {
        "offset": "0x228",
        "value": "0x403f3e3d"
      },
      {
        "offset": "0x22c",
        "value": "0x44434241"
      },
      {
        "offset": "0x230",
        "value": "0x48474645"
      },
      {
        "offset": "0x234",
        "value": "0x4c4b4a49"
      },
      {
        "offset": "0x238",
        "value": "0x504f4e4d"
      },
      {
        "offset": "0x23c",
        "value": "0x54535251"
      },
      {
        "offset": "0x240",
        "value": "0x58575655"
      },
      {
        "offset": "0x244",
        "value": "0x5c5b5a59"
      },
      {
        "offset": "0x248",
        "value": "0x605f5e5d"
      },
      {
        "offset": "0x24c",
        "value": "0x64636261"
      },
      {
        "offset": "0x250",
        "value": "0x68676665"
      },
      {
        "offset": "0x254",
        "value": "0x6c6b6a69"
      },
      {
        "offset": "0x258",
        "value": "0x706f6e6d"
      },
      {
        "offset": "0x25c",
        "value": "0x74737271"
      },
      {
        "offset": "0x260",
        "value": "0x78777675"
      },
      {
        "offset": "0x264",
        "value": "0x7c7b7a79"
      },
      {
        "offset": "0x268",
        "value": "0x807f7e7d"
      },
      {
        "offset": "0x26c",
        "value": "0x84838281"
      },
      {
        "offset": "0x270",
        "value": "0x88878685"
      },
      {
        "offset": "0x274",
        "value": "0x8c8b8a89"
      },
      {
        "offset": "0x278",
        "value": "0x908f8e8d"
      },
      {
        "offset": "0x27c",
        "value": "0x94939291"
      },
      {
        "offset": "0x280",
        "value": "0x98979695"
      },
      {
        "offset": "0x284",
        "value": "0x9c9b9a99"
      },
      {
        "offset": "0x288",
        "value": "0xa09f9e9d"
      },
      {
        "offset": "0x28c",
        "value": "0xa4a3a2a1"
      },
      {
        "offset": "0x290",
        "value": "0xa8a7a6a5"
      },
      {
        "offset": "0x294",
        "value": "0xacabaaa9"
      },
      {
        "offset": "0x298",
        "value": "0xb0afaead"
      },
      {
        "offset": "0x29c",
        "value": "0xb4b3b2b1"
      },
      {
        "offset": "0x2a0",
        "value": "0xb8b7b6b5"
      },
      {
        "offset": "0x2a4",
        "value": "0xbcbbbab9"
      },
      {
        "offset": "0x2a8",
        "value": "0xc0bfbebd"
      },
      {
        "offset": "0x2ac",
        "value": "0xc4c3c2c1"
      },
      {
        "offset": "0x2b0",
        "value": "0xc8c7c6c5"
      },
      {
        "offset": "0x2b4",
        "value": "0xcccbcac9"
      },
      {
        "offset": "0x2b8",
        "value": "0xd0cfcecd"
      },
      {
        "offset": "0x2bc",
        "value": "0xd4d3d2d1"
      },
      {
        "offset": "0x2c0",
        "value": "0xd8d7d6d5"
      },
      {
        "offset": "0x2c4",
        "value": "0xdcdbdad9"
      },
      {
        "offset": "0x2c8",
        "value": "0xe0dfdedd"
      },
      {
        "offset": "0x2cc",
        "value": "0xe4e3e2e1"
      },
      {
        "offset": "0x2d0",
        "value": "0xe8e7e6e5"
      },
      {
        "offset": "0x2d4",
        "value": "0xecebeae9"
      },
      {
        "offset": "0x2d8",
        "value": "0xf0efeeed"
      },
      {
        "offset": "0x2dc",
        "value": "0xf4f3f2f1"
      },
      {
        "offset": "0x2e0",
        "value": "0xf8f7f6f5"
      },
      {
        "offset": "0x2e4",
        "value": "0xfcfbfaf9"
      },
      {
        "offset": "0x2e8",
        "value": "0x00fffefd"
      },
      {
        "offset": "0x2ec",
        "value": "0x04030201"
      },
      {
        "offset": "0x2f0",
        "value": "0x08070605"
      },
      {
        "offset": "0x2f4",
        "value": "0x000b0a09"
      },
      {
        "offset": "0x108",
        "value": "0x00002201"
      },
      {
        "offset": "0x10c",
        "value": "0x00000001"
      },
      {
        "offset": "0x110",
        "value": "0x00000001"
      },
      {
        "offset": "0x114",
        "value": "0x000000f7"
      },
      {
        "offset": "0x15c",
        "value": "0x0061a800"
      },
      {
        "offset": "0x100",
        "value": "0x00000004"
      },
      {
        "offset": "0x100",
        "value": "0x00000008"
      },
      {
        "offset": "0x100",
        "value": "0x00000002"
      },
      {
        "offset": "0x200",
        "value": "0x50414652"
      },
      {
        "offset": "0x204",
        "value": "0x00200001"
      },
      {
        "offset": "0x208",
        "value": "0x50370002"
      },
      {
        "offset": "0x20c",
        "value": "0x00000002"
      },
      {
        "offset": "0x210",
        "value": "0x00001000"
      },
      {
        "offset": "0x214",
        "value": "0x00140006"
      },
      {
        "offset": "0x218",
        "value": "0x000000d7"
      },
      {
        "offset": "0x21c",
        "value": "0xe39b1851"
      },
      {
        "offset": "0x220",
        "value": "0x0f0e0d0c"
      },
      {
        "offset": "0x224",
        "value": "0x13121110"
      },
      {
        "offset": "0x228",
        "value": "0x17161514"
      },
      {
        "offset": "0x22c",
        "value": "0x1b1a1918"
      },
      {
        "offset": "0x230",
        "value": "0x1f1e1d1c"
      },
      {
        "offset": "0x234",
        "value": "0x23222120"
      },
      {
        "offset": "0x238",
        "value": "0x27262524"
      },
      {
        "offset": "0x23c",
        "value": "0x2b2a2928"
      },
      {
        "offset": "0x240",
        "value": "0x2f2e2d2c"
      },
      {
        "offset": "0x244",
        "value": "0x33323130"
      },
      {
        "offset": "0x248",
        "value": "0x37363534"
      },
      {
        "offset": "0x24c",
        "value": "0x3b3a3938"
      },
      {
        "offset": "0x250",
        "value": "0x3f3e3d3c"
      },
      {
        "offset": "0x254",
        "value": "0x43424140"
      },
      {
        "offset": "0x258",
        "value": "0x47464544"
      },
      {
        "offset": "0x25c",
        "value": "0x4b4a4948"
      },
      {
        "offset": "0x260",
        "value": "0x4f4e4d4c"
      },
      {
        "offset": "0x264",
        "value": "0x53525150"
      },
      {
        "offset": "0x268",
        "value": "0x57565554"
      },
      {
        "offset": "0x26c",
        "value": "0x5b5a5958"
      },
      {
        "offset": "0x270",
        "value": "0x5f5e5d5c"
      },
      {
        "offset": "0x274",
        "value": "0x63626160"
      },
      {
        "offset": "0x278",
        "value": "0x67666564"
      },
      {
        "offset": "0x27c",
        "value": "0x6b6a6968"
      },
      {
        "offset": "0x280",
        "value": "0x6f6e6d6c"
      },
      {
        "offset": "0x284",
        "value": "0x73727170"
      },
      {
        "offset": "0x288",
        "value": "0x77767574"
      },
      {
        "offset": "0x28c",
        "value": "0x7b7a7978"
      },
      {
        "offset": "0x290",
        "value": "0x7f7e7d7c"
      },
      {
        "offset": "0x294",
        "value": "0x83828180"
      },
      {
        "offset": "0x298",
        "value": "0x87868584"
      },
      {
        "offset": "0x29c",
        "value": "0x8b8a8988"
      },
      {
        "offset": "0x2a0",
        "value": "0x8f8e8d8c"
      },
      {
        "offset": "0x2a4",
        "value": "0x93929190"
      },
      {
        "offset": "0x2a8",
        "value": "0x97969594"
      },
      {
        "offset": "0x2ac",
        "value": "0x9b9a9998"
      },
      {
        "offset": "0x2b0",
        "value": "0x9f9e9d9c"
      },
      {
        "offset": "0x2b4",
        "value": "0xa3a2a1a0"
      },
      {
        "offset": "0x2b8",
        "value": "0xa7a6a5a4"
      },
      {
        "offset": "0x2bc",
        "value": "0xabaaa9a8"
      },
      {
        "offset": "0x2c0",
        "value": "0xafaeadac"
      },
      {
        "offset": "0x2c4",
        "value": "0xb3b2b1b0"
      },
      {
        "offset": "0x2c8",
        "value": "0xb7b6b5b4"
      },
      {
        "offset": "0x2cc",
        "value": "0xbbbab9b8"
      },
      {
        "offset": "0x2d0",
        "value": "0xbfbebdbc"
      },
      {
        "offset": "0x2d4",
        "value": "0xc3c2c1c0"
      },
      {
        "offset": "0x2d8",
        "value": "0xc7c6c5c4"
      },
      {
        "offset": "0x2dc",
        "value": "0xcbcac9c8"
      },
      {
        "offset": "0x2e0",
        "value": "0xcfcecdcc"
      },
      {
        "offset": "0x2e4",
        "value": "0xd3d2d1d0"
      },
      {
        "offset": "0x2e8",
        "value": "0xd7d6d5d4"
      },
      {
        "offset": "0x2ec",
        "value": "0xdbdad9d8"
      },
      {
        "offset": "0x2f0",
        "value": "0xdfdedddc"
      },
      {
        "offset": "0x2f4",
        "value": "0x00e2e1e0"
      },
      {
        "offset": "0x108",
        "value": "0x00002201"
      },
      {
        "offset": "0x10c",
        "value": "0x00000001"
      },
      {
        "offset": "0x110",
        "value": "0x00000001"
      },
      {
        "offset": "0x114",
        "value": "0x000000f7"
      },
      {
        "offset": "0x15c",
        "value": "0x0061a800"
      },
      {
        "offset": "0x100",
        "value": "0x00000004"
      },
      {
        "offset": "0x100",
        "value": "0x00000008"
      },
      {
        "offset": "0x100",
        "value": "0x00000002"
      },
      {
        "offset": "0x200",
        "value": "0x50414652"
      },
      {
        "offset": "0x204",
        "value": "0x00200001"
      },
      {
        "offset": "0x208",
        "value": "0x50370002"
      },
      {
        "offset": "0x20c",
        "value": "0x00000002"
      },
      {
        "offset": "0x210",
        "value": "0x00001000"
      },
      {
        "offset": "0x214",
        "value": "0x00140007"
      },
      {
        "offset": "0x218",
        "value": "0x000000d7"
      },
      {
        "offset": "0x21c",
        "value": "0xe39b1851"
      },
      {
        "offset": "0x220",
        "value": "0xe6e5e4e3"
      },
      {
        "offset": "0x224",
        "value": "0xeae9e8e7"
      },
      {
        "offset": "0x228",
        "value": "0xeeedeceb"
      },
      {
        "offset": "0x22c",
        "value": "0xf2f1f0ef"
      },
      {
        "offset": "0x230",
        "value": "0xf6f5f4f3"
      },
      {
        "offset": "0x234",
        "value": "0xfaf9f8f7"
      },
      {
        "offset": "0x238",
        "value": "0xfefdfcfb"
      },
      {
        "offset": "0x23c",
        "value": "0x020100ff"
      },
      {
        "offset": "0x240",
        "value": "0x06050403"
      },
      {
        "offset": "0x244",
        "value": "0x0a090807"
      },
      {
        "offset": "0x248",
        "value": "0x0e0d0c0b"
      },
      {
        "offset": "0x24c",
        "value": "0x1211100f"
      },
      {
        "offset": "0x250",
        "value": "0x16151413"
      },
      {
        "offset": "0x254",
        "value": "0x1a191817"
      },
      {
        "offset": "0x258",
        "value": "0x1e1d1c1b"
      },
      {
        "offset": "0x25c",
        "value": "0x2221201f"
      },
      {
        "offset": "0x260",
        "value": "0x26252423"
      },
      {
        "offset": "0x264",
        "value": "0x2a292827"
      },
      {
        "offset": "0x268",
        "value": "0x2e2d2c2b"
      },
      {
        "offset": "0x26c",
        "value": "0x3231302f"
      },
      {
        "offset": "0x270",
        "value": "0x36353433"
      },
      {
        "offset": "0x274",
        "value": "0x3a393837"
      },
      {
        "offset": "0x278",
        "value": "0x3e3d3c3b"
      },
      {
        "offset": "0x27c",
        "value": "0x4241403f"
      },
      {
        "offset": "0x280",
        "value": "0x46454443"
      },
      {
        "offset": "0x284",
        "value": "0x4a494847"
      },
      {
        "offset": "0x288",
        "value": "0x4e4d4c4b"
      },
      {
        "offset": "0x28c",
        "value": "0x5251504f"
      },
      {
        "offset": "0x290",
        "value": "0x56555453"
      },
      {
        "offset": "0x294",
        "value": "0x5a595857"
      },
      {
        "offset": "0x298",
        "value": "0x5e5d5c5b"
      },
      {
        "offset": "0x29c",
        "value": "0x6261605f"
      },
      {
        "offset": "0x2a0",
        "value": "0x66656463"
      },
      {
        "offset": "0x2a4",
        "value": "0x6a696867"
      },
      {
        "offset": "0x2a8",
        "value": "0x6e6d6c6b"
      },
      {
        "offset": "0x2ac",
        "value": "0x7271706f"
      },
      {
        "offset": "0x2b0",
        "value": "0x76757473"
      },
      {
        "offset": "0x2b4",
        "value": "0x7a797877"
      },
      {
        "offset": "0x2b8",
        "value": "0x7e7d7c7b"
      },
      {
        "offset": "0x2bc",
        "value": "0x8281807f"
      },
      {
        "offset": "0x2c0",
        "value": "0x86858483"
      },
      {
        "offset": "0x2c4",
        "value": "0x8a898887"
      },
      {
        "offset": "0x2c8",
        "value": "0x8e8d8c8b"
      },
      {
        "offset": "0x2cc",
        "value": "0x9291908f"
      },
      {
        "offset": "0x2d0",
        "value": "0x96959493"
      },
      {
        "offset": "0x2d4",
        "value": "0x9a999897"
      },
      {
        "offset": "0x2d8",
        "value": "0x9e9d9c9b"
      },
      {
        "offset": "0x2dc",
        "value": "0xa2a1a09f"
      },
      {
        "offset": "0x2e0",
        "value": "0xa6a5a4a3"
      },
      {
        "offset": "0x2e4",
        "value": "0xaaa9a8a7"
      },
      {
        "offset": "0x2e8",
        "value": "0xaeadacab"
      },
      {
        "offset": "0x2ec",
        "value": "0xb2b1b0af"
      },
      {
        "offset": "0x2f0",
        "value": "0xb6b5b4b3"
      },
      {
        "offset": "0x2f4",
        "value": "0x00b9b8b7"
      },
      {
        "offset": "0x108",
        "value": "0x00002201"
      },
      {
        "offset": "0x10c",
        "value": "0x00000001"
      },
      {
        "offset": "0x110",
        "value": "0x00000001"
      },
      {
        "offset": "0x114",
        "value": "0x000000f7"
      },
      {
        "offset": "0x15c",
        "value": "0x0061a800"
      },
      {
        "offset": "0x100",
        "value": "0x00000004"
      },
      {
        "offset": "0x100",
        "value": "0x00000008"
      },
      {
        "offset": "0x100",
        "value": "0x00000002"
      },
      {
        "offset": "0x200",
        "value": "0x50414652"
      },
      {
        "offset": "0x204",
        "value": "0x00200001"
      },
      {
        "offset": "0x208",
        "value": "0x50370002"
      },
      {
        "offset": "0x20c",
        "value": "0x00000002"
      },
      {
        "offset": "0x210",
        "value": "0x00001000"
      },
      {
        "offset": "0x214",
        "value": "0x00140008"
      },
      {
        "offset": "0x218",
        "value": "0x000000d7"
      },
      {
        "offset": "0x21c",
        "value": "0xe39b1851"
      },
      {
        "offset": "0x220",
        "value": "0xbdbcbbba"
      },
      {
        "offset": "0x224",
        "value": "0xc1c0bfbe"
      },
      {
        "offset": "0x228",
        "value": "0xc5c4c3c2"
      },
      {
        "offset": "0x22c",
        "value": "0xc9c8c7c6"
      },
      {
        "offset": "0x230",
        "value": "0xcdcccbca"
      },
      {
        "offset": "0x234",
        "value": "0xd1d0cfce"
      },
      {
        "offset": "0x238",
        "value": "0xd5d4d3d2"
      },
      {
        "offset": "0x23c",
        "value": "0xd9d8d7d6"
      },
      {
        "offset": "0x240",
        "value": "0xdddcdbda"
      },
      {
        "offset": "0x244",
        "value": "0xe1e0dfde"
      },
      {
        "offset": "0x248",
        "value": "0xe5e4e3e2"
      },
      {
        "offset": "0x24c",
        "value": "0xe9e8e7e6"
      },
      {
        "offset": "0x250",
        "value": "0xedecebea"
      },
      {
        "offset": "0x254",
        "value": "0xf1f0efee"
      },
      {
        "offset": "0x258",
        "value": "0xf5f4f3f2"
      },
      {
        "offset": "0x25c",
        "value": "0xf9f8f7f6"
      },
      {
        "offset": "0x260",
        "value": "0xfdfcfbfa"
      },
      {
        "offset": "0x264",
        "value": "0x0100fffe"
      },
      {
        "offset": "0x268",
        "value": "0x05040302"
      },
      {
        "offset": "0x26c",
        "value": "0x09080706"
      },
      {
        "offset": "0x270",
        "value": "0x0d0c0b0a"
      },
      {
        "offset": "0x274",
        "value": "0x11100f0e"
      },
      {
        "offset": "0x278",
        "value": "0x15141312"
      },
      {
        "offset": "0x27c",
        "value": "0x19181716"
      },
      {
        "offset": "0x280",
        "value": "0x1d1c1b1a"
      },
      {
        "offset": "0x284",
        "value": "0x21201f1e"
      },
      {
        "offset": "0x288",
        "value": "0x25242322"
      },
      {
        "offset": "0x28c",
        "value": "0x29282726"
      },
      {
        "offset": "0x290",
        "value": "0x2d2c2b2a"
      },
      {
        "offset": "0x294",
        "value": "0x31302f2e"
      },
      {
        "offset": "0x298",
        "value": "0x35343332"
      },
      {
        "offset": "0x29c",
        "value": "0x39383736"
      },
      {
        "offset": "0x2a0",
        "value": "0x3d3c3b3a"
      },
      {
        "offset": "0x2a4",
        "value": "0x41403f3e"
      },
      {
        "offset": "0x2a8",
        "value": "0x45444342"
      },
      {
        "offset": "0x2ac",
        "value": "0x49484746"
      },
      {
        "offset": "0x2b0",
        "value": "0x4d4c4b4a"
      },
      {
        "offset": "0x2b4",
        "value": "0x51504f4e"
      },
      {
        "offset": "0x2b8",
        "value": "0x55545352"
      },
      {
        "offset": "0x2bc",
        "value": "0x59585756"
      },
      {
        "offset": "0x2c0",
        "value": "0x5d5c5b5a"
      },
      {
        "offset": "0x2c4",
        "value": "0x61605f5e"
      },
      {
        "offset": "0x2c8",
        "value": "0x65646362"
      },
      {
        "offset": "0x2cc",
        "value": "0x69686766"
      },
      {
        "offset": "0x2d0",
        "value": "0x6d6c6b6a"
      },
      {
        "offset": "0x2d4",
        "value": "0x71706f6e"
      },
      {
        "offset": "0x2d8",
        "value": "0x75747372"
      },
      {
        "offset": "0x2dc",
        "value": "0x79787776"
      },
      {
        "offset": "0x2e0",
        "value": "0x7d7c7b7a"
      },
      {
        "offset": "0x2e4",
        "value": "0x81807f7e"
      },
      {
        "offset": "0x2e8",
        "value": "0x85848382"
      },
      {
        "offset": "0x2ec",
        "value": "0x89888786"
      },
      {
        "offset": "0x2f0",
        "value": "0x8d8c8b8a"
      },
      {
        "offset": "0x2f4",
        "value": "0x00908f8e"
      },
      {
        "offset": "0x108",
        "value": "0x00002201"
      },
      {
        "offset": "0x10c",
        "value": "0x00000001"
      },
      {
        "offset": "0x110",
        "value": "0x00000001"
      },
      {
        "offset": "0x114",
        "value": "0x000000f7"
      },
      {
        "offset": "0x15c",
        "value": "0x0061a800"
      },
      {
        "offset": "0x100",
        "value": "0x00000004"
      },
      {
        "offset": "0x100",
        "value": "0x00000008"
      },
      {
        "offset": "0x100",
        "value": "0x00000002"
      },
      {
        "offset": "0x200",
        "value": "0x50414652"
      },
      {
        "offset": "0x204",
        "value": "0x00200001"
      },
      {
        "offset": "0x208",
        "value": "0x50370002"
      },
      {
        "offset": "0x20c",
        "value": "0x00000002"
      },
      {
        "offset": "0x210",
        "value": "0x00001000"
      },
      {
        "offset": "0x214",
        "value": "0x00140009"
      },
      {
        "offset": "0x218",
        "value": "0x000000d7"
      },
      {
        "offset": "0x21c",
        "value": "0xe39b1851"
      },
      {
        "offset": "0x220",
        "value": "0x94939291"
      },
      {
        "offset": "0x224",
        "value": "0x98979695"
      },
      {
        "offset": "0x228",
        "value": "0x9c9b9a99"
      },
      {
        "offset": "0x22c",
        "value": "0xa09f9e9d"
      },
      {
        "offset": "0x230",
        "value": "0xa4a3a2a1"
      },
      {
        "offset": "0x234",
        "value": "0xa8a7a6a5"
      },
      {
        "offset": "0x238",
        "value": "0xacabaaa9"
      },
      {
        "offset": "0x23c",
        "value": "0xb0afaead"
      },
      {
        "offset": "0x240",
        "value": "0xb4b3b2b1"
      },
      {
        "offset": "0x244",
        "value": "0xb8b7b6b5"
      },
      {
        "offset": "0x248",
        "value": "0xbcbbbab9"
      },
      {
        "offset": "0x24c",
        "value": "0xc0bfbebd"
      },
      {
        "offset": "0x250",
        "value": "0xc4c3c2c1"
      },
      {
        "offset": "0x254",
        "value": "0xc8c7c6c5"
      },
      {
        "offset": "0x258",
        "value": "0xcccbcac9"
      },
      {
        "offset": "0x25c",
        "value": "0xd0cfcecd"
      },
      {
        "offset": "0x260",
        "value": "0xd4d3d2d1"
      },
      {
        "offset": "0x264",
        "value": "0xd8d7d6d5"
      },
      {
        "offset": "0x268",
        "value": "0xdcdbdad9"
      },
      {
        "offset": "0x26c",
        "value": "0xe0dfdedd"
      },
      {
        "offset": "0x270",
        "value": "0xe4e3e2e1"
      },
      {
        "offset": "0x274",
        "value": "0xe8e7e6e5"
      },
      {
        "offset": "0x278",
        "value": "0xecebeae9"
      },
      {
        "offset": "0x27c",
        "value": "0xf0efeeed"
      },
      {
        "offset": "0x280",
        "value": "0xf4f3f2f1"
      },
      {
        "offset": "0x284",
        "value": "0xf8f7f6f5"
      },
      {
        "offset": "0x288",
        "value": "0xfcfbfaf9"
      },
      {
        "offset": "0x28c",
        "value": "0x00fffefd"
      },
      {
        "offset": "0x290",
        "value": "0x04030201"
      },
      {
        "offset": "0x294",
        "value": "0x08070605"
      },
      {
        "offset": "0x298",
        "value": "0x0c0b0a09"
      },
      {
        "offset": "0x29c",
        "value": "0x100f0e0d"
      },
      {
        "offset": "0x2a0",
        "value": "0x14131211"
      },
      {
        "offset": "0x2a4",
        "value": "0x18171615"
      },
      {
        "offset": "0x2a8",
        "value": "0x1c1b1a19"
      },
      {
        "offset": "0x2ac",
        "value": "0x201f1e1d"
      },
      {
        "offset": "0x2b0",
        "value": "0x24232221"
      },
      {
        "offset": "0x2b4",
        "value": "0x28272625"
      },
      {
        "offset": "0x2b8",
        "value": "0x2c2b2a29"
      },
      {
        "offset": "0x2bc",
        "value": "0x302f2e2d"
      },
      {
        "offset": "0x2c0",
        "value": "0x34333231"
      },
      {
        "offset": "0x2c4",
        "value": "0x38373635"
      },
      {
        "offset": "0x2c8",
        "value": "0x3c3b3a39"
      },
      {
        "offset": "0x2cc",
        "value": "0x403f3e3d"
      },
      {
        "offset": "0x2d0",
        "value": "0x44434241"
      },
      {
        "offset": "0x2d4",
        "value": "0x48474645"
      },
      {
        "offset": "0x2d8",
        "value": "0x4c4b4a49"
      },
      {
        "offset": "0x2dc",
        "value": "0x504f4e4d"
      },
      {
        "offset": "0x2e0",
        "value": "0x54535251"
      },
      {
        "offset": "0x2e4",
        "value": "0x58575655"
      },
      {
        "offset": "0x2e8",
        "value": "0x5c5b5a59"
      },
      {
        "offset": "0x2ec",
        "value": "0x605f5e5d"
      },
      {
        "offset": "0x2f0",
        "value": "0x64636261"
      },
      {
        "offset": "0x2f4",
        "value": "0x00676665"
      },
      {
        "offset": "0x108",
        "value": "0x00002201"
      },
      {
        "offset": "0x10c",
        "value": "0x00000001"
      },
      {
        "offset": "0x110",
        "value": "0x00000001"
      },
      {
        "offset": "0x114",
        "value": "0x000000f7"
      },
      {
        "offset": "0x15c",
        "value": "0x0061a800"
      },
      {
        "offset": "0x100",
        "value": "0x00000004"
      },
      {
        "offset": "0x100",
        "value": "0x00000008"
      },
      {
        "offset": "0x100",
        "value": "0x00000002"
      },
      {
        "offset": "0x200",
        "value": "0x50414652"
      },
      {
        "offset": "0x204",
        "value": "0x00200001"
      },
      {
        "offset": "0x208",
        "value": "0x50370002"
      },
      {
        "offset": "0x20c",
        "value": "0x00000002"
      },
      {
        "offset": "0x210",
        "value": "0x00001000"
      },
      {
        "offset": "0x214",
        "value": "0x0014000a"
      },
      {
        "offset": "0x218",
        "value": "0x000000d7"
      },
      {
        "offset": "0x21c",
        "value": "0xe39b1851"
      },
      {
        "offset": "0x220",
        "value": "0x6b6a6968"
      },
      {
        "offset": "0x224",
        "value": "0x6f6e6d6c"
      },
      {
        "offset": "0x228",
        "value": "0x73727170"
      },
      {
        "offset": "0x22c",
        "value": "0x77767574"
      },
      {
        "offset": "0x230",
        "value": "0x7b7a7978"
      },
      {
        "offset": "0x234",
        "value": "0x7f7e7d7c"
      },
      {
        "offset": "0x238",
        "value": "0x83828180"
      },
      {
        "offset": "0x23c",
        "value": "0x87868584"
      },
      {
        "offset": "0x240",
        "value": "0x8b8a8988"
      },
      {
        "offset": "0x244",
        "value": "0x8f8e8d8c"
      },
      {
        "offset": "0x248",
        "value": "0x93929190"
      },
      {
        "offset": "0x24c",
        "value": "0x97969594"
      },
      {
        "offset": "0x250",
        "value": "0x9b9a9998"
      },
      {
        "offset": "0x254",
        "value": "0x9f9e9d9c"
      },
      {
        "offset": "0x258",
        "value": "0xa3a2a1a0"
      },
      {
        "offset": "0x25c",
        "value": "0xa7a6a5a4"
      },
      {
        "offset": "0x260",
        "value": "0xabaaa9a8"
      },
      {
        "offset": "0x264",
        "value": "0xafaeadac"
      },
      {
        "offset": "0x268",
        "value": "0xb3b2b1b0"
      },
      {
        "offset": "0x26c",
        "value": "0xb7b6b5b4"
      },
      {
        "offset": "0x270",
        "value": "0xbbbab9b8"
      },
      {
        "offset": "0x274",
        "value": "0xbfbebdbc"
      },
      {
        "offset": "0x278",
        "value": "0xc3c2c1c0"
      },
      {
        "offset": "0x27c",
        "value": "0xc7c6c5c4"
      },
      {
        "offset": "0x280",
        "value": "0xcbcac9c8"
      },
      {
        "offset": "0x284",
        "value": "0xcfcecdcc"
      },
      {
        "offset": "0x288",
        "value": "0xd3d2d1d0"
      },
      {
        "offset": "0x28c",
        "value": "0xd7d6d5d4"
      },
      {
        "offset": "0x290",
        "value": "0xdbdad9d8"
      },
      {
        "offset": "0x294",
        "value": "0xdfdedddc"
      },
      {
        "offset": "0x298",
        "value": "0xe3e2e1e0"
      },
      {
        "offset": "0x29c",
        "value": "0xe7e6e5e4"
      },
      {
        "offset": "0x2a0",
        "value": "0xebeae9e8"
      },
      {
        "offset": "0x2a4",
        "value": "0xefeeedec"
      },
      {
        "offset": "0x2a8",
        "value": "0xf3f2f1f0"
      },
      {
        "offset": "0x2ac",
        "value": "0xf7f6f5f4"
      },
      {
        "offset": "0x2b0",
        "value": "0xfbfaf9f8"
      },
      {
        "offset": "0x2b4",
        "value": "0xfffefdfc"
      },
      {
        "offset": "0x2b8",
        "value": "0x03020100"
      },
      {
        "offset": "0x2bc",
        "value": "0x07060504"
      },
      {
        "offset": "0x2c0",
        "value": "0x0b0a0908"
      },
      {
        "offset": "0x2c4",
        "value": "0x0f0e0d0c"
      },
      {
        "offset": "0x2c8",
        "value": "0x13121110"
      },
      {
        "offset": "0x2cc",
        "value": "0x17161514"
      },
      {
        "offset": "0x2d0",
        "value": "0x1b1a1918"
      },
      {
        "offset": "0x2d4",
        "value": "0x1f1e1d1c"
      },
      {
        "offset": "0x2d8",
        "value": "0x23222120"
      },
      {
        "offset": "0x2dc",
        "value": "0x27262524"
      },
      {
        "offset": "0x2e0",
        "value": "0x2b2a2928"
      },
      {
        "offset": "0x2e4",
        "value": "0x2f2e2d2c"
      },
      {
        "offset": "0x2e8",
        "value": "0x33323130"
      },
      {
        "offset": "0x2ec",
        "value": "0x37363534"
      },
      {
        "offset": "0x2f0",
        "value": "0x3b3a3938"
      },
      {
        "offset": "0x2f4",
        "value": "0x003e3d3c"
      },
      {
        "offset": "0x108",
        "value": "0x00002201"
      },
      {
        "offset": "0x10c",
        "value": "0x00000001"
      },
      {
        "offset": "0x110",
        "value": "0x00000001"
      },
      {
        "offset": "0x114",
        "value": "0x000000f7"
      },
      {
        "offset": "0x15c",
        "value": "0x0061a800"
      },
      {
        "offset": "0x100",
        "value": "0x00000004"
      },
      {
        "offset": "0x100",
        "value": "0x00000008"
      },
      {
        "offset": "0x100",
        "value": "0x00000002"
      },
      {
        "offset": "0x200",
        "value": "0x50414652"
      },
      {
        "offset": "0x204",
        "value": "0x00200001"
      },
      {
        "offset": "0x208",
        "value": "0x50370002"
      },
      {
        "offset": "0x20c",
        "value": "0x00000002"
      },
      {
        "offset": "0x210",
        "value": "0x00001000"
      },
      {
        "offset": "0x214",
        "value": "0x0014000b"
      },
      {
        "offset": "0x218",
        "value": "0x000000d7"
      },
      {
        "offset": "0x21c",
        "value": "0xe39b1851"
      },
      {
        "offset": "0x220",
        "value": "0x4241403f"
      },
      {
        "offset": "0x224",
        "value": "0x46454443"
      },
      {
        "offset": "0x228",
        "value": "0x4a494847"
      },
      {
        "offset": "0x22c",
        "value": "0x4e4d4c4b"
      },
      {
        "offset": "0x230",
        "value": "0x5251504f"
      },
      {
        "offset": "0x234",
        "value": "0x56555453"
      },
      {
        "offset": "0x238",
        "value": "0x5a595857"
      },
      {
        "offset": "0x23c",
        "value": "0x5e5d5c5b"
      },
      {
        "offset": "0x240",
        "value": "0x6261605f"
      },
      {
        "offset": "0x244",
        "value": "0x66656463"
      },
      {
        "offset": "0x248",
        "value": "0x6a696867"
      },
      {
        "offset": "0x24c",
        "value": "0x6e6d6c6b"
      },
      {
        "offset": "0x250",
        "value": "0x7271706f"
      },
      {
        "offset": "0x254",
        "value": "0x76757473"
      },
      {
        "offset": "0x258",
        "value": "0x7a797877"
      },
      {
        "offset": "0x25c",
        "value": "0x7e7d7c7b"
      },
      {
        "offset": "0x260",
        "value": "0x8281807f"
      },
      {
        "offset": "0x264",
        "value": "0x86858483"
      },
      {
        "offset": "0x268",
        "value": "0x8a898887"
      },
      {
        "offset": "0x26c",
        "value": "0x8e8d8c8b"
      },
      {
        "offset": "0x270",
        "value": "0x9291908f"
      },
      {
        "offset": "0x274",
        "value": "0x96959493"
      },
      {
        "offset": "0x278",
        "value": "0x9a999897"
      },
      {
        "offset": "0x27c",
        "value": "0x9e9d9c9b"
      },
      {
        "offset": "0x280",
        "value": "0xa2a1a09f"
      },
      {
        "offset": "0x284",
        "value": "0xa6a5a4a3"
      },
      {
        "offset": "0x288",
        "value": "0xaaa9a8a7"
      },
      {
        "offset": "0x28c",
        "value": "0xaeadacab"
      },
      {
        "offset": "0x290",
        "value": "0xb2b1b0af"
      },
      {
        "offset": "0x294",
        "value": "0xb6b5b4b3"
      },
      {
        "offset": "0x298",
        "value": "0xbab9b8b7"
      },
      {
        "offset": "0x29c",
        "value": "0xbebdbcbb"
      },
      {
        "offset": "0x2a0",
        "value": "0xc2c1c0bf"
      },
      {
        "offset": "0x2a4",
        "value": "0xc6c5c4c3"
      },
      {
        "offset": "0x2a8",
        "value": "0xcac9c8c7"
      },
      {
        "offset": "0x2ac",
        "value": "0xcecdcccb"
      },
      {
        "offset": "0x2b0",
        "value": "0xd2d1d0cf"
      },
      {
        "offset": "0x2b4",
        "value": "0xd6d5d4d3"
      },
      {
        "offset": "0x2b8",
        "value": "0xdad9d8d7"
      },
      {
        "offset": "0x2bc",
        "value": "0xdedddcdb"
      },
      {
        "offset": "0x2c0",
        "value": "0xe2e1e0df"
      },
      {
        "offset": "0x2c4",
        "value": "0xe6e5e4e3"
      },
      {
        "offset": "0x2c8",
        "value": "0xeae9e8e7"
      },
      {
        "offset": "0x2cc",
        "value": "0xeeedeceb"
      },
      {
        "offset": "0x2d0",
        "value": "0xf2f1f0ef"
      },
      {
        "offset": "0x2d4",
        "value": "0xf6f5f4f3"
      },
      {
        "offset": "0x2d8",
        "value": "0xfaf9f8f7"
      },
      {
        "offset": "0x2dc",
        "value": "0xfefdfcfb"
      },
      {
        "offset": "0x2e0",
        "value": "0x020100ff"
      },
      {
        "offset": "0x2e4",
        "value": "0x06050403"
      },
      {
        "offset": "0x2e8",
        "value": "0x0a090807"
      },
      {
        "offset": "0x2ec",
        "value": "0x0e0d0c0b"
      },
      {
        "offset": "0x2f0",
        "value": "0x1211100f"
      },
      {
        "offset": "0x2f4",
        "value": "0x00151413"
      },
      {
        "offset": "0x108",
        "value": "0x00002201"
      },
      {
        "offset": "0x10c",
        "value": "0x00000001"
      },
      {
        "offset": "0x110",
        "value": "0x00000001"
      },
      {
        "offset": "0x114",
        "value": "0x000000f7"
      },
      {
        "offset": "0x15c",
        "value": "0x0061a800"
      },
      {
        "offset": "0x100",
        "value": "0x00000004"
      },
      {
        "offset": "0x100",
        "value": "0x00000008"
      },
      {
        "offset": "0x100",
        "value": "0x00000002"
      },
      {
        "offset": "0x200",
        "value": "0x50414652"
      },
      {
        "offset": "0x204",
        "value": "0x00200001"
      },
      {
        "offset": "0x208",
        "value": "0x50370002"
      },
      {
        "offset": "0x20c",
        "value": "0x00000002"
      },
      {
        "offset": "0x210",
        "value": "0x00001000"
      },
      {
        "offset": "0x214",
        "value": "0x0014000c"
      },
      {
        "offset": "0x218",
        "value": "0x000000d7"
      },
      {
        "offset": "0x21c",
        "value": "0xe39b1851"
      },
      {
        "offset": "0x220",
        "value": "0x19181716"
      },
      {
        "offset": "0x224",
        "value": "0x1d1c1b1a"
      },
      {
        "offset": "0x228",
        "value": "0x21201f1e"
      },
      {
        "offset": "0x22c",
        "value": "0x25242322"
      },
      {
        "offset": "0x230",
        "value": "0x29282726"
      },
      {
        "offset": "0x234",
        "value": "0x2d2c2b2a"
      },
      {
        "offset": "0x238",
        "value": "0x31302f2e"
      },
      {
        "offset": "0x23c",
        "value": "0x35343332"
      },
      {
        "offset": "0x240",
        "value": "0x39383736"
      },
      {
        "offset": "0x244",
        "value": "0x3d3c3b3a"
      },
      {
        "offset": "0x248",
        "value": "0x41403f3e"
      },
      {
        "offset": "0x24c",
        "value": "0x45444342"
      },
      {
        "offset": "0x250",
        "value": "0x49484746"
      },
      {
        "offset": "0x254",
        "value": "0x4d4c4b4a"
      },
      {
        "offset": "0x258",
        "value": "0x51504f4e"
      },
      {
        "offset": "0x25c",
        "value": "0x55545352"
      },
      {
        "offset": "0x260",
        "value": "0x59585756"
      },
      {
        "offset": "0x264",
        "value": "0x5d5c5b5a"
      },
      {
        "offset": "0x268",
        "value": "0x61605f5e"
      },
      {
        "offset": "0x26c",
        "value": "0x65646362"
      },
      {
        "offset": "0x270",
        "value": "0x69686766"
      },
      {
        "offset": "0x274",
        "value": "0x6d6c6b6a"
      },
      {
        "offset": "0x278",
        "value": "0x71706f6e"
      },
      {
        "offset": "0x27c",
        "value": "0x75747372"
      },
      {
        "offset": "0x280",
        "value": "0x79787776"
      },
      {
        "offset": "0x284",
        "value": "0x7d7c7b7a"
      },
      {
        "offset": "0x288",
        "value": "0x81807f7e"
      },
      {
        "offset": "0x28c",
        "value": "0x85848382"
      },
      {
        "offset": "0x290",
        "value": "0x89888786"
      },
      {
        "offset": "0x294",
        "value": "0x8d8c8b8a"
      },
      {
        "offset": "0x298",
        "value": "0x91908f8e"
      },
      {
        "offset": "0x29c",
        "value": "0x95949392"
      },
      {
        "offset": "0x2a0",
        "value": "0x99989796"
      },
      {
        "offset": "0x2a4",
        "value": "0x9d9c9b9a"
      },
      {
        "offset": "0x2a8",
        "value": "0xa1a09f9e"
      },
      {
        "offset": "0x2ac",
        "value": "0xa5a4a3a2"
      },
      {
        "offset": "0x2b0",
        "value": "0xa9a8a7a6"
      },
      {
        "offset": "0x2b4",
        "value": "0xadacabaa"
      },
      {
        "offset": "0x2b8",
        "value": "0xb1b0afae"
      },
      {
        "offset": "0x2bc",
        "value": "0xb5b4b3b2"
      },
      {
        "offset": "0x2c0",
        "value": "0xb9b8b7b6"
      },
      {
        "offset": "0x2c4",
        "value": "0xbdbcbbba"
      },
      {
        "offset": "0x2c8",
        "value": "0xc1c0bfbe"
      },
      {
        "offset": "0x2cc",
        "value": "0xc5c4c3c2"
      },
      {
        "offset": "0x2d0",
        "value": "0xc9c8c7c6"
      },
      {
        "offset": "0x2d4",
        "value": "0xcdcccbca"
      },
      {
        "offset": "0x2d8",
        "value": "0xd1d0cfce"
      },
      {
        "offset": "0x2dc",
        "value": "0xd5d4d3d2"
      },
      {
        "offset": "0x2e0",
        "value": "0xd9d8d7d6"
      },
      {
        "offset": "0x2e4",
        "value": "0xdddcdbda"
      },
      {
        "offset": "0x2e8",
        "value": "0xe1e0dfde"
      },
      {
        "offset": "0x2ec",
        "value": "0xe5e4e3e2"
      },
      {
        "offset": "0x2f0",
        "value": "0xe9e8e7e6"
      },
      {
        "offset": "0x2f4",
        "value": "0x00ecebea"
      },
      {
        "offset": "0x108",
        "value": "0x00002201"
      },
      {
        "offset": "0x10c",
        "value": "0x00000001"
      },
      {
        "offset": "0x110",
        "value": "0x00000001"
      },
      {
        "offset": "0x114",
        "value": "0x000000f7"
      },
      {
        "offset": "0x15c",
        "value": "0x0061a800"
      },
      {
        "offset": "0x100",
        "value": "0x00000004"
      },
      {
        "offset": "0x100",
        "value": "0x00000008"
      },
      {
        "offset": "0x100",
        "value": "0x00000002"
      },
      {
        "offset": "0x200",
        "value": "0x50414652"
      },
      {
        "offset": "0x204",
        "value": "0x00200001"
      },
      {
        "offset": "0x208",
        "value": "0x50370002"
      },
      {
        "offset": "0x20c",
        "value": "0x00000002"
      },
      {
        "offset": "0x210",
        "value": "0x00001000"
      },
      {
        "offset": "0x214",
        "value": "0x0014000d"
      },
      {
        "offset": "0x218",
        "value": "0x000000d7"
      },
      {
        "offset": "0x21c",
        "value": "0xe39b1851"
      },
      {
        "offset": "0x220",
        "value": "0xf0efeeed"
      },
      {
        "offset": "0x224",
        "value": "0xf4f3f2f1"
      },
      {
        "offset": "0x228",
        "value": "0xf8f7f6f5"
      },
      {
        "offset": "0x22c",
        "value": "0xfcfbfaf9"
      },
      {
        "offset": "0x230",
        "value": "0x00fffefd"
      },
      {
        "offset": "0x234",
        "value": "0x04030201"
      },
      {
        "offset": "0x238",
        "value": "0x08070605"
      },
      {
        "offset": "0x23c",
        "value": "0x0c0b0a09"
      },
      {
        "offset": "0x240",
        "value": "0x100f0e0d"
      },
      {
        "offset": "0x244",
        "value": "0x14131211"
      },
      {
        "offset": "0x248",
        "value": "0x18171615"
      },
      {
        "offset": "0x24c",
        "value": "0x1c1b1a19"
      },
      {
        "offset": "0x250",
        "value": "0x201f1e1d"
      },
      {
        "offset": "0x254",
        "value": "0x24232221"
      },
      {
        "offset": "0x258",
        "value": "0x28272625"
      },
      {
        "offset": "0x25c",
        "value": "0x2c2b2a29"
      },
      {
        "offset": "0x260",
        "value": "0x302f2e2d"
      },
      {
        "offset": "0x264",
        "value": "0x34333231"
      },
      {
        "offset": "0x268",
        "value": "0x38373635"
      },
      {
        "offset": "0x26c",
        "value": "0x3c3b3a39"
      },
      {
        "offset": "0x270",
        "value": "0x403f3e3d"
      },
      {
        "offset": "0x274",
        "value": "0x44434241"
      },
      {
        "offset": "0x278",
        "value": "0x48474645"
      },
      {
        "offset": "0x27c",
        "value": "0x4c4b4a49"
      },
      {
        "offset": "0x280",
        "value": "0x504f4e4d"
      },
      {
        "offset": "0x284",
        "value": "0x54535251"
      },
      {
        "offset": "0x288",
        "value": "0x58575655"
      },
      {
        "offset": "0x28c",
        "value": "0x5c5b5a59"
      },
      {
        "offset": "0x290",
        "value": "0x605f5e5d"
      },
      {
        "offset": "0x294",
        "value": "0x64636261"
      },
      {
        "offset": "0x298",
        "value": "0x68676665"
      },
      {
        "offset": "0x29c",
        "value": "0x6c6b6a69"
      },
      {
        "offset": "0x2a0",
        "value": "0x706f6e6d"
      },
      {
        "offset": "0x2a4",
        "value": "0x74737271"
      },
      {
        "offset": "0x2a8",
        "value": "0x78777675"
      },
      {
        "offset": "0x2ac",
        "value": "0x7c7b7a79"
      },
      {
        "offset": "0x2b0",
        "value": "0x807f7e7d"
      },
      {
        "offset": "0x2b4",
        "value": "0x84838281"
      },
      {
        "offset": "0x2b8",
        "value": "0x88878685"
      },
      {
        "offset": "0x2bc",
        "value": "0x8c8b8a89"
      },
      {
        "offset": "0x2c0",
        "value": "0x908f8e8d"
      },
      {
        "offset": "0x2c4",
        "value": "0x94939291"
      },
      {
        "offset": "0x2c8",
        "value": "0x98979695"
      },
      {
        "offset": "0x2cc",
        "value": "0x9c9b9a99"
      },
      {
        "offset": "0x2d0",
        "value": "0xa09f9e9d"
      },
      {
        "offset": "0x2d4",
        "value": "0xa4a3a2a1"
      },
      {
        "offset": "0x2d8",
        "value": "0xa8a7a6a5"
      },
      {
        "offset": "0x2dc",
        "value": "0xacabaaa9"
      },
      {
        "offset": "0x2e0",
        "value": "0xb0afaead"
      },
      {
        "offset": "0x2e4",
        "value": "0xb4b3b2b1"
      },
      {
        "offset": "0x2e8",
        "value": "0xb8b7b6b5"
      },
      {
        "offset": "0x2ec",
        "value": "0xbcbbbab9"
      },
      {
        "offset": "0x2f0",
        "value": "0xc0bfbebd"
      },
      {
        "offset": "0x2f4",
        "value": "0x00c3c2c1"
      },
      {
        "offset": "0x108",
        "value": "0x00002201"
      },
      {
        "offset": "0x10c",
        "value": "0x00000001"
      },
      {
        "offset": "0x110",
        "value": "0x00000001"
      },
      {
        "offset": "0x114",
        "value": "0x000000f7"
      },
      {
        "offset": "0x15c",
        "value": "0x0061a800"
      },
      {
        "offset": "0x100",
        "value": "0x00000004"
      },
      {
        "offset": "0x100",
        "value": "0x00000008"
      },
      {
        "offset": "0x100",
        "value": "0x00000002"
      },
      {
        "offset": "0x200",
        "value": "0x50414652"
      },
      {
        "offset": "0x204",
        "value": "0x00200001"
      },
      {
        "offset": "0x208",
        "value": "0x50370002"
      },
      {
        "offset": "0x20c",
        "value": "0x00000002"
      },
      {
        "offset": "0x210",
        "value": "0x00001000"
      },
      {
        "offset": "0x214",
        "value": "0x0014000e"
      },
      {
        "offset": "0x218",
        "value": "0x000000d7"
      },
      {
        "offset": "0x21c",
        "value": "0xe39b1851"
      },
      {
        "offset": "0x220",
        "value": "0xc7c6c5c4"
      },
      {
        "offset": "0x224",
        "value": "0xcbcac9c8"
      },
      {
        "offset": "0x228",
        "value": "0xcfcecdcc"
      },
      {
        "offset": "0x22c",
        "value": "0xd3d2d1d0"
      },
      {
        "offset": "0x230",
        "value": "0xd7d6d5d4"
      },
      {
        "offset": "0x234",
        "value": "0xdbdad9d8"
      },
      {
        "offset": "0x238",
        "value": "0xdfdedddc"
      },
      {
        "offset": "0x23c",
        "value": "0xe3e2e1e0"
      },
      {
        "offset": "0x240",
        "value": "0xe7e6e5e4"
      },
      {
        "offset": "0x244",
        "value": "0xebeae9e8"
      },
      {
        "offset": "0x248",
        "value": "0xefeeedec"
      },
      {
        "offset": "0x24c",
        "value": "0xf3f2f1f0"
      },
      {
        "offset": "0x250",
        "value": "0xf7f6f5f4"
      },
      {
        "offset": "0x254",
        "value": "0xfbfaf9f8"
      },
      {
        "offset": "0x258",
        "value": "0xfffefdfc"
      },
      {
        "offset": "0x25c",
        "value": "0x03020100"
      },
      {
        "offset": "0x260",
        "value": "0x07060504"
      },
      {
        "offset": "0x264",
        "value": "0x0b0a0908"
      },
      {
        "offset": "0x268",
        "value": "0x0f0e0d0c"
      },
      {
        "offset": "0x26c",
        "value": "0x13121110"
      },
      {
        "offset": "0x270",
        "value": "0x17161514"
      },
      {
        "offset": "0x274",
        "value": "0x1b1a1918"
      },
      {
        "offset": "0x278",
        "value": "0x1f1e1d1c"
      },
      {
        "offset": "0x27c",
        "value": "0x23222120"
      },
      {
        "offset": "0x280",
        "value": "0x27262524"
      },
      {
        "offset": "0x284",
        "value": "0x2b2a2928"
      },
      {
        "offset": "0x288",
        "value": "0x2f2e2d2c"
      },
      {
        "offset": "0x28c",
        "value": "0x33323130"
      },
      {
        "offset": "0x290",
        "value": "0x37363534"
      },
      {
        "offset": "0x294",
        "value": "0x3b3a3938"
      },
      {
        "offset": "0x298",
        "value": "0x3f3e3d3c"
      },
      {
        "offset": "0x29c",
        "value": "0x43424140"
      },
      {
        "offset": "0x2a0",
        "value": "0x47464544"
      },
      {
        "offset": "0x2a4",
        "value": "0x4b4a4948"
      },
      {
        "offset": "0x2a8",
        "value": "0x4f4e4d4c"
      },
      {
        "offset": "0x2ac",
        "value": "0x53525150"
      },
      {
        "offset": "0x2b0",
        "value": "0x57565554"
      },
      {
        "offset": "0x2b4",
        "value": "0x5b5a5958"
      },
      {
        "offset": "0x2b8",
        "value": "0x5f5e5d5c"
      },
      {
        "offset": "0x2bc",
        "value": "0x63626160"
      },
      {
        "offset": "0x2c0",
        "value": "0x67666564"
      },
      {
        "offset": "0x2c4",
        "value": "0x6b6a6968"
      },
      {
        "offset": "0x2c8",
        "value": "0x6f6e6d6c"
      },
      {
        "offset": "0x2cc",
        "value": "0x73727170"
      },
      {
        "offset": "0x2d0",
        "value": "0x77767574"
      },
      {
        "offset": "0x2d4",
        "value": "0x7b7a7978"
      },
      {
        "offset": "0x2d8",
        "value": "0x7f7e7d7c"
      },
      {
        "offset": "0x2dc",
        "value": "0x83828180"
      },
      {
        "offset": "0x2e0",
        "value": "0x87868584"
      },
      {
        "offset": "0x2e4",
        "value": "0x8b8a8988"
      },
      {
        "offset": "0x2e8",
        "value": "0x8f8e8d8c"
      },
      {
        "offset": "0x2ec",
        "value": "0x93929190"
      },
      {
        "offset": "0x2f0",
        "value": "0x97969594"
      },
      {
        "offset": "0x2f4",
        "value": "0x009a9998"
      },
      {
        "offset": "0x108",
        "value": "0x00002201"
      },
      {
        "offset": "0x10c",
        "value": "0x00000001"
      },
      {
        "offset": "0x110",
        "value": "0x00000001"
      },
      {
        "offset": "0x114",
        "value": "0x000000f7"
      },
      {
        "offset": "0x15c",
        "value": "0x0061a800"
      },
      {
        "offset": "0x100",
        "value": "0x00000004"
      },
      {
        "offset": "0x100",
        "value": "0x00000008"
      },
      {
        "offset": "0x100",
        "value": "0x00000002"
      },
      {
        "offset": "0x200",
        "value": "0x50414652"
      },
      {
        "offset": "0x204",
        "value": "0x00200001"
      },
      {
        "offset": "0x208",
        "value": "0x50370002"
      },
      {
        "offset": "0x20c",
        "value": "0x00000002"
      },
      {
        "offset": "0x210",
        "value": "0x00001000"
      },
      {
        "offset": "0x214",
        "value": "0x0014000f"
      },
      {
        "offset": "0x218",
        "value": "0x000000d7"
      },
      {
        "offset": "0x21c",
        "value": "0xe39b1851"
      },
      {
        "offset": "0x220",
        "value": "0x9e9d9c9b"
      },
      {
        "offset": "0x224",
        "value": "0xa2a1a09f"
      },
      {
        "offset": "0x228",
        "value": "0xa6a5a4a3"
      },
      {
        "offset": "0x22c",
        "value": "0xaaa9a8a7"
      },
      {
        "offset": "0x230",
        "value": "0xaeadacab"
      },
      {
        "offset": "0x234",
        "value": "0xb2b1b0af"
      },
      {
        "offset": "0x238",
        "value": "0xb6b5b4b3"
      },
      {
        "offset": "0x23c",
        "value": "0xbab9b8b7"
      },
      {
        "offset": "0x240",
        "value": "0xbebdbcbb"
      },
      {
        "offset": "0x244",
        "value": "0xc2c1c0bf"
      },
      {
        "offset": "0x248",
        "value": "0xc6c5c4c3"
      },
      {
        "offset": "0x24c",
        "value": "0xcac9c8c7"
      },
      {
        "offset": "0x250",
        "value": "0xcecdcccb"
      },
      {
        "offset": "0x254",
        "value": "0xd2d1d0cf"
      },
      {
        "offset": "0x258",
        "value": "0xd6d5d4d3"
      },
      {
        "offset": "0x25c",
        "value": "0xdad9d8d7"
      },
      {
        "offset": "0x260",
        "value": "0xdedddcdb"
      },
      {
        "offset": "0x264",
        "value": "0xe2e1e0df"
      },
      {
        "offset": "0x268",
        "value": "0xe6e5e4e3"
      },
      {
        "offset": "0x26c",
        "value": "0xeae9e8e7"
      },
      {
        "offset": "0x270",
        "value": "0xeeedeceb"
      },
      {
        "offset": "0x274",
        "value": "0xf2f1f0ef"
      },
      {
        "offset": "0x278",
        "value": "0xf6f5f4f3"
      },
      {
        "offset": "0x27c",
        "value": "0xfaf9f8f7"
      },
      {
        "offset": "0x280",
        "value": "0xfefdfcfb"
      },
      {
        "offset": "0x284",
        "value": "0x020100ff"
      },
      {
        "offset": "0x288",
        "value": "0x06050403"
      },
      {
        "offset": "0x28c",
        "value": "0x0a090807"
      },
      {
        "offset": "0x290",
        "value": "0x0e0d0c0b"
      },
      {
        "offset": "0x294",
        "value": "0x1211100f"
      },
      {
        "offset": "0x298",
        "value": "0x16151413"
      },
      {
        "offset": "0x29c",
        "value": "0x1a191817"
      },
      {
        "offset": "0x2a0",
        "value": "0x1e1d1c1b"
      },
      {
        "offset": "0x2a4",
        "value": "0x2221201f"
      },
      {
        "offset": "0x2a8",
        "value": "0x26252423"
      },
      {
        "offset": "0x2ac",
        "value": "0x2a292827"
      },
      {
        "offset": "0x2b0",
        "value": "0x2e2d2c2b"
      },
      {
        "offset": "0x2b4",
        "value": "0x3231302f"
      },
      {
        "offset": "0x2b8",
        "value": "0x36353433"
      },
      {
        "offset": "0x2bc",
        "value": "0x3a393837"
      },
      {
        "offset": "0x2c0",
        "value": "0x3e3d3c3b"
      },
      {
        "offset": "0x2c4",
        "value": "0x4241403f"
      },
      {
        "offset": "0x2c8",
        "value": "0x46454443"
      },
      {
        "offset": "0x2cc",
        "value": "0x4a494847"
      },
      {
        "offset": "0x2d0",
        "value": "0x4e4d4c4b"
      },
      {
        "offset": "0x2d4",
        "value": "0x5251504f"
      },
      {
        "offset": "0x2d8",
        "value": "0x56555453"
      },
      {
        "offset": "0x2dc",
        "value": "0x5a595857"
      },
      {
        "offset": "0x2e0",
        "value": "0x5e5d5c5b"
      },
      {
        "offset": "0x2e4",
        "value": "0x6261605f"
      },
      {
        "offset": "0x2e8",
        "value": "0x66656463"
      },
      {
        "offset": "0x2ec",
        "value": "0x6a696867"
      },
      {
        "offset": "0x2f0",
        "value": "0x6e6d6c6b"
      },
      {
        "offset": "0x2f4",
        "value": "0x0071706f"
      },
      {
        "offset": "0x108",
        "value": "0x00002201"
      },
      {
        "offset": "0x10c",
        "value": "0x00000001"
      },
      {
        "offset": "0x110",
        "value": "0x00000001"
      },
      {
        "offset": "0x114",
        "value": "0x000000f7"
      },
      {
        "offset": "0x15c",
        "value": "0x0061a800"
      },
      {
        "offset": "0x100",
        "value": "0x00000004"
      },
      {
        "offset": "0x100",
        "value": "0x00000008"
      },
      {
        "offset": "0x100",
        "value": "0x00000002"
      },
      {
        "offset": "0x200",
        "value": "0x50414652"
      },
      {
        "offset": "0x204",
        "value": "0x00200001"
      },
      {
        "offset": "0x208",
        "value": "0x50370002"
      },
      {
        "offset": "0x20c",
        "value": "0x00000002"
      },
      {
        "offset": "0x210",
        "value": "0x00001000"
      },
      {
        "offset": "0x214",
        "value": "0x00140010"
      },
      {
        "offset": "0x218",
        "value": "0x000000d7"
      },
      {
        "offset": "0x21c",
        "value": "0xe39b1851"
      },
      {
        "offset": "0x220",
        "value": "0x75747372"
      },
      {
        "offset": "0x224",
        "value": "0x79787776"
      },
      {
        "offset": "0x228",
        "value": "0x7d7c7b7a"
      },
      {
        "offset": "0x22c",
        "value": "0x81807f7e"
      },
      {
        "offset": "0x230",
        "value": "0x85848382"
      },
      {
        "offset": "0x234",
        "value": "0x89888786"
      },
      {
        "offset": "0x238",
        "value": "0x8d8c8b8a"
      },
      {
        "offset": "0x23c",
        "value": "0x91908f8e"
      },
      {
        "offset": "0x240",
        "value": "0x95949392"
      },
      {
        "offset": "0x244",
        "value": "0x99989796"
      },
      {
        "offset": "0x248",
        "value": "0x9d9c9b9a"
      },
      {
        "offset": "0x24c",
        "value": "0xa1a09f9e"
      },
      {
        "offset": "0x250",
        "value": "0xa5a4a3a2"
      },
      {
        "offset": "0x254",
        "value": "0xa9a8a7a6"
      },
      {
        "offset": "0x258",
        "value": "0xadacabaa"
      },
      {
        "offset": "0x25c",
        "value": "0xb1b0afae"
      },
      {
        "offset": "0x260",
        "value": "0xb5b4b3b2"
      },
      {
        "offset": "0x264",
        "value": "0xb9b8b7b6"
      },
      {
        "offset": "0x268",
        "value": "0xbdbcbbba"
      },
      {
        "offset": "0x26c",
        "value": "0xc1c0bfbe"
      },
      {
        "offset": "0x270",
        "value": "0xc5c4c3c2"
      },
      {
        "offset": "0x274",
        "value": "0xc9c8c7c6"
      },
      {
        "offset": "0x278",
        "value": "0xcdcccbca"
      },
      {
        "offset": "0x27c",
        "value": "0xd1d0cfce"
      },
      {
        "offset": "0x280",
        "value": "0xd5d4d3d2"
      },
      {
        "offset": "0x284",
        "value": "0xd9d8d7d6"
      },
      {
        "offset": "0x288",
        "value": "0xdddcdbda"
      },
      {
        "offset": "0x28c",
        "value": "0xe1e0dfde"
      },
      {
        "offset": "0x290",
        "value": "0xe5e4e3e2"
      },
      {
        "offset": "0x294",
        "value": "0xe9e8e7e6"
      },
      {
        "offset": "0x298",
        "value": "0xedecebea"
      },
      {
        "offset": "0x29c",
        "value": "0xf1f0efee"
      },
      {
        "offset": "0x2a0",
        "value": "0xf5f4f3f2"
      },
      {
        "offset": "0x2a4",
        "value": "0xf9f8f7f6"
      },
      {
        "offset": "0x2a8",
        "value": "0xfdfcfbfa"
      },
      {
        "offset": "0x2ac",
        "value": "0x0100fffe"
      },
      {
        "offset": "0x2b0",
        "value": "0x05040302"
      },
      {
        "offset": "0x2b4",
        "value": "0x09080706"
      },
      {
        "offset": "0x2b8",
        "value": "0x0d0c0b0a"
      },
      {
        "offset": "0x2bc",
        "value": "0x11100f0e"
      },
      {
        "offset": "0x2c0",
        "value": "0x15141312"
      },
      {
        "offset": "0x2c4",
        "value": "0x19181716"
      },
      {
        "offset": "0x2c8",
        "value": "0x1d1c1b1a"
      },
      {
        "offset": "0x2cc",
        "value": "0x21201f1e"
      },
      {
        "offset": "0x2d0",
        "value": "0x25242322"
      },
      {
        "offset": "0x2d4",
        "value": "0x29282726"
      },
      {
        "offset": "0x2d8",
        "value": "0x2d2c2b2a"
      },
      {
        "offset": "0x2dc",
        "value": "0x31302f2e"
      },
      {
        "offset": "0x2e0",
        "value": "0x35343332"
      },
      {
        "offset": "0x2e4",
        "value": "0x39383736"
      },
      {
        "offset": "0x2e8",
        "value": "0x3d3c3b3a"
      },
      {
        "offset": "0x2ec",
        "value": "0x41403f3e"
      },
      {
        "offset": "0x2f0",
        "value": "0x45444342"
      },
      {
        "offset": "0x2f4",
        "value": "0x00484746"
      },
      {
        "offset": "0x108",
        "value": "0x00002201"
      },
      {
        "offset": "0x10c",
        "value": "0x00000001"
      },
      {
        "offset": "0x110",
        "value": "0x00000001"
      },
      {
        "offset": "0x114",
        "value": "0x000000f7"
      },
      {
        "offset": "0x15c",
        "value": "0x0061a800"
      },
      {
        "offset": "0x100",
        "value": "0x00000004"
      },
      {
        "offset": "0x100",
        "value": "0x00000008"
      },
      {
        "offset": "0x100",
        "value": "0x00000002"
      },
      {
        "offset": "0x200",
        "value": "0x50414652"
      },
      {
        "offset": "0x204",
        "value": "0x00200001"
      },
      {
        "offset": "0x208",
        "value": "0x50370002"
      },
      {
        "offset": "0x20c",
        "value": "0x00000002"
      },
      {
        "offset": "0x210",
        "value": "0x00001000"
      },
      {
        "offset": "0x214",
        "value": "0x00140011"
      },
      {
        "offset": "0x218",
        "value": "0x000000d7"
      },
      {
        "offset": "0x21c",
        "value": "0xe39b1851"
      },
      {
        "offset": "0x220",
        "value": "0x4c4b4a49"
      },
      {
        "offset": "0x224",
        "value": "0x504f4e4d"
      },
      {
        "offset": "0x228",
        "value": "0x54535251"
      },
      {
        "offset": "0x22c",
        "value": "0x58575655"
      },
      {
        "offset": "0x230",
        "value": "0x5c5b5a59"
      },
      {
        "offset": "0x234",
        "value": "0x605f5e5d"
      },
      {
        "offset": "0x238",
        "value": "0x64636261"
      },
      {
        "offset": "0x23c",
        "value": "0x68676665"
      },
      {
        "offset": "0x240",
        "value": "0x6c6b6a69"
      },
      {
        "offset": "0x244",
        "value": "0x706f6e6d"
      },
      {
        "offset": "0x248",
        "value": "0x74737271"
      },
      {
        "offset": "0x24c",
        "value": "0x78777675"
      },
      {
        "offset": "0x250",
        "value": "0x7c7b7a79"
      },
      {
        "offset": "0x254",
        "value": "0x807f7e7d"
      },
      {
        "offset": "0x258",
        "value": "0x84838281"
      },
      {
        "offset": "0x25c",
        "value": "0x88878685"
      },
      {
        "offset": "0x260",
        "value": "0x8c8b8a89"
      },
      {
        "offset": "0x264",
        "value": "0x908f8e8d"
      },
      {
        "offset": "0x268",
        "value": "0x94939291"
      },
      {
        "offset": "0x26c",
        "value": "0x98979695"
      },
      {
        "offset": "0x270",
        "value": "0x9c9b9a99"
      },
      {
        "offset": "0x274",
        "value": "0xa09f9e9d"
      },
      {
        "offset": "0x278",
        "value": "0xa4a3a2a1"
      },
      {
        "offset": "0x27c",
        "value": "0xa8a7a6a5"
      },
      {
        "offset": "0x280",
        "value": "0xacabaaa9"
      },
      {
        "offset": "0x284",
        "value": "0xb0afaead"
      },
      {
        "offset": "0x288",
        "value": "0xb4b3b2b1"
      },
      {
        "offset": "0x28c",
        "value": "0xb8b7b6b5"
      },
      {
        "offset": "0x290",
        "value": "0xbcbbbab9"
      },
      {
        "offset": "0x294",
        "value": "0xc0bfbebd"
      },
      {
        "offset": "0x298",
        "value": "0xc4c3c2c1"
      },
      {
        "offset": "0x29c",
        "value": "0xc8c7c6c5"
      },
      {
        "offset": "0x2a0",
        "value": "0xcccbcac9"
      },
      {
        "offset": "0x2a4",
        "value": "0xd0cfcecd"
      },
      {
        "offset": "0x2a8",
        "value": "0xd4d3d2d1"
      },
      {
        "offset": "0x2ac",
        "value": "0xd8d7d6d5"
      },
      {
        "offset": "0x2b0",
        "value": "0xdcdbdad9"
      },
      {
        "offset": "0x2b4",
        "value": "0xe0dfdedd"
      },
      {
        "offset": "0x2b8",
        "value": "0xe4e3e2e1"
      },
      {
        "offset": "0x2bc",
        "value": "0xe8e7e6e5"
      },
      {
        "offset": "0x2c0",
        "value": "0xecebeae9"
      },
      {
        "offset": "0x2c4",
        "value": "0xf0efeeed"
      },
      {
        "offset": "0x2c8",
        "value": "0xf4f3f2f1"
      },
      {
        "offset": "0x2cc",
        "value": "0xf8f7f6f5"
      },
      {
        "offset": "0x2d0",
        "value": "0xfcfbfaf9"
      },
      {
        "offset": "0x2d4",
        "value": "0x00fffefd"
      },
      {
        "offset": "0x2d8",
        "value": "0x04030201"
      },
      {
        "offset": "0x2dc",
        "value": "0x08070605"
      },
      {
        "offset": "0x2e0",
        "value": "0x0c0b0a09"
      },
      {
        "offset": "0x2e4",
        "value": "0x100f0e0d"
      },
      {
        "offset": "0x2e8",
        "value": "0x14131211"
      },
      {
        "offset": "0x2ec",
        "value": "0x18171615"
      },
      {
        "offset": "0x2f0",
        "value": "0x1c1b1a19"
      },
      {
        "offset": "0x2f4",
        "value": "0x001f1e1d"
      },
      {
        "offset": "0x108",
        "value": "0x00002201"
      },
      {
        "offset": "0x10c",
        "value": "0x00000001"
      },
      {
        "offset": "0x110",
        "value": "0x00000001"
      },
      {
        "offset": "0x114",
        "value": "0x000000f7"
      },
      {
        "offset": "0x15c",
        "value": "0x0061a800"
      },
      {
        "offset": "0x100",
        "value": "0x00000004"
      },
      {
        "offset": "0x100",
        "value": "0x00000008"
      },
      {
        "offset": "0x100",
        "value": "0x00000002"
      },
      {
        "offset": "0x200",
        "value": "0x50414652"
      },
      {
        "offset": "0x204",
        "value": "0x00200001"
      },
      {
        "offset": "0x208",
        "value": "0x50370002"
      },
      {
        "offset": "0x20c",
        "value": "0x00000002"
      },
      {
        "offset": "0x210",
        "value": "0x00001000"
      },
      {
        "offset": "0x214",
        "value": "0x00140012"
      },
      {
        "offset": "0x218",
        "value": "0x000000d7"
      },
      {
        "offset": "0x21c",
        "value": "0xe39b1851"
      },
      {
        "offset": "0x220",
        "value": "0x23222120"
      },
      {
        "offset": "0x224",
        "value": "0x27262524"
      },
      {
        "offset": "0x228",
        "value": "0x2b2a2928"
      },
      {
        "offset": "0x22c",
        "value": "0x2f2e2d2c"
      },
      {
        "offset": "0x230",
        "value": "0x33323130"
      },
      {
        "offset": "0x234",
        "value": "0x37363534"
      },
      {
        "offset": "0x238",
        "value": "0x3b3a3938"
      },
      {
        "offset": "0x23c",
        "value": "0x3f3e3d3c"
      },
      {
        "offset": "0x240",
        "value": "0x43424140"
      },
      {
        "offset": "0x244",
        "value": "0x47464544"
      },
      {
        "offset": "0x248",
        "value": "0x4b4a4948"
      },
      {
        "offset": "0x24c",
        "value": "0x4f4e4d4c"
      },
      {
        "offset": "0x250",
        "value": "0x53525150"
      },
      {
        "offset": "0x254",
        "value": "0x57565554"
      },
      {
        "offset": "0x258",
        "value": "0x5b5a5958"
      },
      {
        "offset": "0x25c",
        "value": "0x5f5e5d5c"
      },
      {
        "offset": "0x260",
        "value": "0x63626160"
      },
      {
        "offset": "0x264",
        "value": "0x67666564"
      },
      {
        "offset": "0x268",
        "value": "0x6b6a6968"
      },
      {
        "offset": "0x26c",
        "value": "0x6f6e6d6c"
      },
      {
        "offset": "0x270",
        "value": "0x73727170"
      },
      {
        "offset": "0x274",
        "value": "0x77767574"
      },
      {
        "offset": "0x278",
        "value": "0x7b7a7978"
      },
      {
        "offset": "0x27c",
        "value": "0x7f7e7d7c"
      },
      {
        "offset": "0x280",
        "value": "0x83828180"
      },
      {
        "offset": "0x284",
        "value": "0x87868584"
      },
      {
        "offset": "0x288",
        "value": "0x8b8a8988"
      },
      {
        "offset": "0x28c",
        "value": "0x8f8e8d8c"
      },
      {
        "offset": "0x290",
        "value": "0x93929190"
      },
      {
        "offset": "0x294",
        "value": "0x97969594"
      },
      {
        "offset": "0x298",
        "value": "0x9b9a9998"
      },
      {
        "offset": "0x29c",
        "value": "0x9f9e9d9c"
      },
      {
        "offset": "0x2a0",
        "value": "0xa3a2a1a0"
      },
      {
        "offset": "0x2a4",
        "value": "0xa7a6a5a4"
      },
      {
        "offset": "0x2a8",
        "value": "0xabaaa9a8"
      },
      {
        "offset": "0x2ac",
        "value": "0xafaeadac"
      },
      {
        "offset": "0x2b0",
        "value": "0xb3b2b1b0"
      },
      {
        "offset": "0x2b4",
        "value": "0xb7b6b5b4"
      },
      {
        "offset": "0x2b8",
        "value": "0xbbbab9b8"
      },
      {
        "offset": "0x2bc",
        "value": "0xbfbebdbc"
      },
      {
        "offset": "0x2c0",
        "value": "0xc3c2c1c0"
      },
      {
        "offset": "0x2c4",
        "value": "0xc7c6c5c4"
      },
      {
        "offset": "0x2c8",
        "value": "0xcbcac9c8"
      },
      {
        "offset": "0x2cc",
        "value": "0xcfcecdcc"
      },
      {
        "offset": "0x2d0",
        "value": "0xd3d2d1d0"
      },
      {
        "offset": "0x2d4",
        "value": "0xd7d6d5d4"
      },
      {
        "offset": "0x2d8",
        "value": "0xdbdad9d8"
      },
      {
        "offset": "0x2dc",
        "value": "0xdfdedddc"
      },
      {
        "offset": "0x2e0",
        "value": "0xe3e2e1e0"
      },
      {
        "offset": "0x2e4",
        "value": "0xe7e6e5e4"
      },
      {
        "offset": "0x2e8",
        "value": "0xebeae9e8"
      },
      {
        "offset": "0x2ec",
        "value": "0xefeeedec"
      },
      {
        "offset": "0x2f0",
        "value": "0xf3f2f1f0"
      },
      {
        "offset": "0x2f4",
        "value": "0x00f6f5f4"
      },
      {
        "offset": "0x108",
        "value": "0x00002201"
      },
      {
        "offset": "0x10c",
        "value": "0x00000001"
      },
      {
        "offset": "0x110",
        "value": "0x00000001"
      },
      {
        "offset": "0x114",
        "value": "0x000000f7"
      },
      {
        "offset": "0x15c",
        "value": "0x0061a800"
      },
      {
        "offset": "0x100",
        "value": "0x00000004"
      },
      {
        "offset": "0x100",
        "value": "0x00000008"
      },
      {
        "offset": "0x100",
        "value": "0x00000002"
      },
      {
        "offset": "0x200",
        "value": "0x50414652"
      },
      {
        "offset": "0x204",
        "value": "0x00200201"
      },
      {
        "offset": "0x208",
        "value": "0x50370002"
      },
      {
        "offset": "0x20c",
        "value": "0x00000002"
      },
      {
        "offset": "0x210",
        "value": "0x00001000"
      },
      {
        "offset": "0x214",
        "value": "0x00140013"
      },
      {
        "offset": "0x218",
        "value": "0x0000000b"
      },
      {
        "offset": "0x21c",
        "value": "0xe39b1851"
      },
      {
        "offset": "0x220",
        "value": "0xfaf9f8f7"
      },
      {
        "offset": "0x224",
        "value": "0xfefdfcfb"
      },
      {
        "offset": "0x228",
        "value": "0x000100ff"
      },
      {
        "offset": "0x108",
        "value": "0x00002201"
      },
      {
        "offset": "0x10c",
        "value": "0x00000001"
      },
      {
        "offset": "0x110",
        "value": "0x00000001"
      },
      {
        "offset": "0x114",
        "value": "0x0000002b"
      },
      {
        "offset": "0x15c",
        "value": "0x0061a800"
      },
      {
        "offset": "0x100",
        "value": "0x00000004"
      },
      {
        "offset": "0x100",
        "value": "0x00000008"
      },
      {
        "offset": "0x100",
        "value": "0x00000030"
      },
      {
        "offset": "0x100",
        "value": "0x00000030"
      }
    ],
    "runtime_feasibility": {
      "jtag_frequency_hz": 1000000,
      "reference_jtag_frequency_hz": 1000000,
      "estimated_axi_operation_us_at_1mhz": 1250,
      "estimated_stage_fixed_overhead_seconds": 30.0,
      "estimate_model": "one_axi_read_per_poll_operation_global_deadline_authoritative",
      "estimated_stage_runtime_seconds": 35.33625,
      "minimum_stage_runtime_sec": 36,
      "authorized_runtime_sec": 960,
      "feasible_within_authorized_runtime": true,
      "containment_initial_empty_wait_seconds": 0,
      "expected_tool_daemon_grace_seconds": 30,
      "containment_total_exit_window_seconds": 30,
      "containment_topology_revalidation_interval_seconds": 0.1,
      "containment_forced_cleanup_wait_seconds": 10,
      "containment_failure_bound_seconds": 40,
      "jtag_wrapper_vivado_process_count": 4,
      "jtag_wrapper_containment_allowance_seconds": 120,
      "jtag_wrapper_max_forced_cleanup_events": 2,
      "jtag_wrapper_forced_cleanup_reserve_seconds": 20,
      "jtag_wrapper_other_guard_seconds": 65,
      "jtag_wrapper_bookkeeping_guard_seconds": 45,
      "jtag_wrapper_other_guard_after_forced_cleanup_seconds": 45,
      "global_runtime_budget": {
        "minimum_estimated_global_runtime_sec": 401,
        "configured_global_timeout_ceiling_sec": 915,
        "authorized_global_runtime_sec": 960,
        "containment_initial_empty_wait_seconds": 0,
        "expected_tool_daemon_grace_seconds": 30,
        "containment_total_exit_window_seconds": 30,
        "containment_topology_revalidation_interval_seconds": 0.1,
        "containment_success_bound_seconds_each": 30,
        "containment_failure_bound_seconds_each": 40,
        "contained_vivado_process_count": 4,
        "containment_allowance_seconds": 120,
        "max_forced_cleanup_events": 2,
        "forced_cleanup_wait_seconds": 10,
        "forced_cleanup_reserve_seconds": 20,
        "other_guard_seconds": 65,
        "bookkeeping_guard_seconds": 45,
        "other_guard_after_forced_cleanup_seconds": 45,
        "configured_unallocated_margin_seconds": 45,
        "estimated_unallocated_margin_seconds": 559,
        "minimum_stage_fits_configured_timeout": true,
        "feasible": true
      }
    },
    "valid": true,
    "backend_manifest": {
      "path": "C:\\Users\\user\\Documents\\RF_COMM_MULTILANE\\build\\p7_authorized_sequence\\p7_20260711_stationary_app_r12_diag_suffix55\\manifests\\002_p7_p6_frame_regression_m1.manifest.json",
      "expected_sha256": "c2ac4c709a0f8869da9baf30747b775a4e7fd0f3a47fcef9db093db2aec8b6df",
      "actual_sha256": "c2ac4c709a0f8869da9baf30747b775a4e7fd0f3a47fcef9db093db2aec8b6df",
      "schema": "rfap-p7-jtag-axi-dry-run-v1",
      "input_length": 4096,
      "input_sha256": "d63320acd81e8ea9e08c7932552f04ca8bd45a673c40003ff4f7b6143d91081d",
      "lane_policy": "LANE0_ONLY",
      "transaction_operation_count": 4269
    },
    "global_runtime_budget": {
      "minimum_estimated_global_runtime_sec": 401,
      "configured_global_timeout_ceiling_sec": 915,
      "authorized_global_runtime_sec": 960,
      "containment_initial_empty_wait_seconds": 0,
      "expected_tool_daemon_grace_seconds": 30,
      "containment_total_exit_window_seconds": 30,
      "containment_topology_revalidation_interval_seconds": 0.1,
      "containment_success_bound_seconds_each": 30,
      "containment_failure_bound_seconds_each": 40,
      "contained_vivado_process_count": 4,
      "containment_allowance_seconds": 120,
      "max_forced_cleanup_events": 2,
      "forced_cleanup_wait_seconds": 10,
      "forced_cleanup_reserve_seconds": 20,
      "other_guard_seconds": 65,
      "bookkeeping_guard_seconds": 45,
      "other_guard_after_forced_cleanup_seconds": 45,
      "configured_unallocated_margin_seconds": 45,
      "estimated_unallocated_margin_seconds": 559,
      "minimum_stage_fits_configured_timeout": true,
      "feasible": true
    }
  },
  "exit_code_policy": "returncode_must_be_exactly_zero_and_required_markers_must_match",
  "transaction_format_boundary": "strict_P7_JTAG_AXI_TRANSACTIONS_V1_no_source_no_eval_no_external_commands",
  "hardware_execution_lock": {
    "path": "C:\\Users\\user\\Documents\\RF_COMM_MULTILANE\\.hardware_authorization\\P7_HARDWARE_EXECUTION.lock",
    "token_sha256": "c4e8fa4a2dcab7d313b3b4d1d9963b6626664d061b2cd73d57d31f56cde36c2f",
    "owner": {
      "schema": "rf-comm-p7-hardware-execution-lock-v1",
      "pid": 14200,
      "wrapper": "run_p7_jtag_axi_stage_safe.py",
      "stage_name": "p7_p6_frame_regression_m1",
      "acquired_at_utc": "2026-07-11T15:25:54.926317+00:00",
      "evidence_dir": "C:\\Users\\user\\Documents\\RF_COMM_MULTILANE\\evidence\\hardware\\p7\\authorized_sequence\\p7_20260711_stationary_app_r12_diag_suffix55\\002_p7_p6_frame_regression_m1"
    },
    "acquired": true,
    "stale_lock_auto_recovery": false
  },
  "global_runtime_deadline_source": "host_monotonic",
  "global_runtime_guard_seconds": 65,
  "global_runtime_budget_components": {
    "contained_vivado_process_count": 4,
    "initial_empty_wait_seconds_per_process": 0,
    "expected_tool_daemon_grace_seconds_per_process": 30,
    "total_containment_window_seconds_per_process": 30,
    "topology_revalidation_interval_seconds": 0.1,
    "containment_allowance_seconds": 120,
    "forced_cleanup_wait_seconds": 10,
    "failure_containment_bound_seconds_per_failed_process": 40,
    "max_forced_cleanup_events": 2,
    "forced_cleanup_reserve_seconds": 20,
    "bookkeeping_guard_seconds": 45,
    "other_guard_seconds": 65
  },
  "evidence_dir": "C:\\Users\\user\\Documents\\RF_COMM_MULTILANE\\evidence\\hardware\\p7\\authorized_sequence\\p7_20260711_stationary_app_r12_diag_suffix55\\002_p7_p6_frame_regression_m1",
  "event_log": "C:\\Users\\user\\Documents\\RF_COMM_MULTILANE\\evidence\\hardware\\p7\\authorized_sequence\\p7_20260711_stationary_app_r12_diag_suffix55\\002_p7_p6_frame_regression_m1\\p7_jtag_axi_stage_events.jsonl",
  "preflight_process": {
    "name": "preflight",
    "returncode": 0,
    "stdout_path": "C:\\Users\\user\\Documents\\RF_COMM_MULTILANE\\evidence\\hardware\\p7\\authorized_sequence\\p7_20260711_stationary_app_r12_diag_suffix55\\002_p7_p6_frame_regression_m1\\p7_preflight.stdout.log",
    "stderr_path": "C:\\Users\\user\\Documents\\RF_COMM_MULTILANE\\evidence\\hardware\\p7\\authorized_sequence\\p7_20260711_stationary_app_r12_diag_suffix55\\002_p7_p6_frame_regression_m1\\p7_preflight.stderr.log",
    "elapsed_seconds": 31.394009,
    "argv": [
      "D:\\Xilinx\\Vivado\\2023.1\\bin\\vivado.bat",
      "-mode",
      "batch",
      "-source",
      "C:\\Users\\user\\Documents\\RF_COMM_MULTILANE\\scripts\\hw\\p7_hw_preflight.tcl",
      "-tclargs",
      "C:\\Users\\user\\Documents\\RF_COMM_MULTILANE",
      "C:\\Users\\user\\Documents\\RF_COMM_MULTILANE\\.hardware_authorization\\p7_20260711_stationary_app_r12_diag_suffix55_002_p7_p6_frame_regression_m1.txt",
      "210512180081",
      "xc7z010clg400-1",
      "localhost:3121/xilinx_tcf/Digilent/210512180081",
      "localhost:3121",
      "C:\\Users\\user\\Documents\\RF_COMM_MULTILANE\\evidence\\hardware\\p7\\authorized_sequence\\p7_20260711_stationary_app_r12_diag_suffix55\\002_p7_p6_frame_regression_m1\\p7_preflight_result.txt"
    ],
    "started_at_utc": "2026-07-11T15:25:54.929055+00:00",
    "ended_at_utc": "2026-07-11T15:26:26.323072+00:00",
    "timed_out": false,
    "abort_seen": false,
    "interrupted": false,
    "process_tree_terminated": false,
    "process_tree_reaped": true,
    "containment_kind": "WINDOWS_JOB_OBJECT_KILL_ON_CLOSE",
    "containment_assigned": true,
    "containment_closed": true,
    "descendant_count_after": 0,
    "expected_tool_daemon_grace_used": true,
    "expected_tool_daemon_grace_seconds": 30.0,
    "expected_tool_daemon_paths": [
      "D:\\Xilinx\\Vivado\\2023.1\\bin\\unwrapped\\win64.o\\cs_server.exe",
      "D:\\Xilinx\\Vivado\\2023.1\\bin\\unwrapped\\win64.o\\rdi_xsdb.exe",
      "C:\\Windows\\System32\\cmd.exe",
      "C:\\Windows\\System32\\conhost.exe"
    ],
    "descendant_paths_seen": [
      "C:\\Windows\\System32\\cmd.exe",
      "D:\\Xilinx\\Vivado\\2023.1\\bin\\unwrapped\\win64.o\\cs_server.exe",
      "C:\\Windows\\System32\\conhost.exe",
      "C:\\Windows\\System32\\conhost.exe",
      "D:\\Xilinx\\Vivado\\2023.1\\bin\\unwrapped\\win64.o\\rdi_xsdb.exe",
      "D:\\Xilinx\\Vivado\\2023.1\\bin\\unwrapped\\win64.o\\cs_server.exe"
    ],
    "descendant_processes_seen": [
      {
        "pid": 7400,
        "parent_pid": 7872,
        "parent_active_globally": false,
        "image_path": "C:\\Windows\\System32\\cmd.exe",
        "creation_time_100ns": 134282571641864743
      },
      {
        "pid": 15420,
        "parent_pid": 36568,
        "parent_active_globally": true,
        "image_path": "D:\\Xilinx\\Vivado\\2023.1\\bin\\unwrapped\\win64.o\\cs_server.exe",
        "creation_time_100ns": 134282571637357762
      },
      {
        "pid": 26764,
        "parent_pid": 31752,
        "parent_active_globally": false,
        "image_path": "C:\\Windows\\System32\\conhost.exe",
        "creation_time_100ns": 134282571629522675
      },
      {
        "pid": 28180,
        "parent_pid": 7400,
        "parent_active_globally": true,
        "image_path": "C:\\Windows\\System32\\conhost.exe",
        "creation_time_100ns": 134282571641917978
      },
      {
        "pid": 36280,
        "parent_pid": 7400,
        "parent_active_globally": true,
        "image_path": "D:\\Xilinx\\Vivado\\2023.1\\bin\\unwrapped\\win64.o\\rdi_xsdb.exe",
        "creation_time_100ns": 134282571645037647
      },
      {
        "pid": 36568,
        "parent_pid": 16480,
        "parent_active_globally": false,
        "image_path": "D:\\Xilinx\\Vivado\\2023.1\\bin\\unwrapped\\win64.o\\cs_server.exe",
        "creation_time_100ns": 134282571636345260
      }
    ],
    "expected_tool_daemon_classification": "EXACT_R2_VIVADO_EXIT_HELPER_FOREST",
    "expected_tool_daemon_topology_snapshots": [
      {
        "classification": "EXACT_R2_VIVADO_EXIT_HELPER_FOREST",
        "elapsed_seconds": 0.00768,
        "processes": [
          {
            "pid": 7400,
            "parent_pid": 7872,
            "parent_active_globally": false,
            "image_path": "C:\\Windows\\System32\\cmd.exe",
            "creation_time_100ns": 134282571641864743
          },
          {
            "pid": 15420,
            "parent_pid": 36568,
            "parent_active_globally": true,
            "image_path": "D:\\Xilinx\\Vivado\\2023.1\\bin\\unwrapped\\win64.o\\cs_server.exe",
            "creation_time_100ns": 134282571637357762
          },
          {
            "pid": 26764,
            "parent_pid": 31752,
            "parent_active_globally": false,
            "image_path": "C:\\Windows\\System32\\conhost.exe",
            "creation_time_100ns": 134282571629522675
          },
          {
            "pid": 28180,
            "parent_pid": 7400,
            "parent_active_globally": true,
            "image_path": "C:\\Windows\\System32\\conhost.exe",
            "creation_time_100ns": 134282571641917978
          },
          {
            "pid": 36280,
            "parent_pid": 7400,
            "parent_active_globally": true,
            "image_path": "D:\\Xilinx\\Vivado\\2023.1\\bin\\unwrapped\\win64.o\\rdi_xsdb.exe",
            "creation_time_100ns": 134282571645037647
          },
          {
            "pid": 36568,
            "parent_pid": 16480,
            "parent_active_globally": false,
            "image_path": "D:\\Xilinx\\Vivado\\2023.1\\bin\\unwrapped\\win64.o\\cs_server.exe",
            "creation_time_100ns": 134282571636345260
          }
        ]
      },
      {
        "classification": "STRICT_SHRINK_SUBSET_OF_EXACT_R2_VIVADO_EXIT_HELPER_FOREST",
        "elapsed_seconds": 19.635439,
        "processes": [
          {
            "pid": 15420,
            "parent_pid": 36568,
            "parent_active_globally": true,
            "image_path": "D:\\Xilinx\\Vivado\\2023.1\\bin\\unwrapped\\win64.o\\cs_server.exe",
            "creation_time_100ns": 134282571637357762
          },
          {
            "pid": 26764,
            "parent_pid": 31752,
            "parent_active_globally": false,
            "image_path": "C:\\Windows\\System32\\conhost.exe",
            "creation_time_100ns": 134282571629522675
          },
          {
            "pid": 36568,
            "parent_pid": 16480,
            "parent_active_globally": false,
            "image_path": "D:\\Xilinx\\Vivado\\2023.1\\bin\\unwrapped\\win64.o\\cs_server.exe",
            "creation_time_100ns": 134282571636345260
          }
        ]
      },
      {
        "classification": "EMPTY",
        "elapsed_seconds": 20.728597,
        "processes": []
      }
    ],
    "expected_tool_daemon_topology_revalidation_count": 191,
    "expected_tool_daemon_topology_monotonic": true,
    "expected_tool_daemon_topology_sample_elapsed_seconds": [
      5.3e-05,
      0.00768,
      0.116602,
      0.224981,
      0.333863,
      0.441056,
      0.549113,
      0.658095,
      0.76656,
      0.87453,
      0.983084,
      1.091962,
      1.199775,
      1.308397,
      1.416973,
      1.525648,
      1.633773,
      1.742226,
      1.851189,
      1.960309,
      2.068805,
      2.179166,
      2.288157,
      2.396552,
      2.505125,
      2.613626,
      2.721842,
      2.830458,
      2.937408,
      3.045817,
      3.154202,
      3.262532,
      3.371413,
      3.480379,
      3.588639,
      3.696453,
      3.805367,
      3.914054,
      4.021429,
      4.129852,
      4.237398,
      4.345036,
      4.453233,
      4.5616,
      4.670258,
      4.778643,
      4.88767,
      4.996112,
      5.104034,
      5.211624,
      5.318882,
      5.427271,
      5.535408,
      5.643849,
      5.752224,
      5.860203,
      5.968708,
      6.077334,
      6.185771,
      6.294277,
      6.403099,
      6.51054,
      6.619283,
      6.727635,
      6.836315,
      6.945701,
      7.054309,
      7.161781,
      7.269977,
      7.378684,
      7.487733,
      7.596313,
      7.704527,
      7.811852,
      7.920011,
      8.028541,
      8.137009,
      8.245295,
      8.35399,
      8.46243,
      8.570548,
      8.678961,
      8.786944,
      8.896315,
      9.004965,
      9.113297,
      9.221306,
      9.329504,
      9.43651,
      9.54322,
      9.650019,
      9.758826,
      9.870538,
      9.979048,
      10.087632,
      10.196559,
      10.303721,
      10.412358,
      10.520795,
      10.629049,
      10.737526,
      10.844743,
      10.951894,
      11.060598,
      11.16911,
      11.277251,
      11.386032,
      11.49456,
      11.603361,
      11.712251,
      11.821318,
      11.92811,
      12.03683,
      12.145211,
      12.253142,
      12.361061,
      12.469317,
      12.578475,
      12.687485,
      12.796684,
      12.904298,
      13.012756,
      13.120329,
      13.228812,
      13.337011,
      13.446321,
      13.555263,
      13.664254,
      13.772947,
      13.880865,
      13.989369,
      14.097973,
      14.208384,
      14.316768,
      14.424833,
      14.533889,
      14.641227,
      14.749494,
      14.858334,
      14.966172,
      15.074956,
      15.182734,
      15.289203,
      15.39834,
      15.507273,
      15.615405,
      15.72384,
      15.832212,
      15.941145,
      16.049612,
      16.157872,
      16.266293,
      16.375306,
      16.484353,
      16.592032,
      16.700335,
      16.808277,
      16.916147,
      17.024129,
      17.132553,
      17.241671,
      17.350674,
      17.457706,
      17.566205,
      17.6752,
      17.783648,
      17.892379,
      18.000626,
      18.107983,
      18.216941,
      18.325694,
      18.433878,
      18.542495,
      18.650364,
      18.757492,
      18.866599,
      18.975143,
      19.083704,
      19.192819,
      19.300073,
      19.408946,
      19.517861,
      19.635439,
      19.748237,
      19.858116,
      19.972895,
      20.085994,
      20.194016,
      20.302685,
      20.411378,
      20.518705,
      20.627572,
      20.728597
    ],
    "expected_tool_daemon_topology_max_sample_gap_seconds": 0.117578,
    "expected_tool_daemon_grace_elapsed_seconds": 20.728617,
    "expected_tool_daemon_hashes_verified": true,
    "expected_tool_daemon_sha256_by_role": {
      "cs_server": "9bf0e15ffe162a96679c14b8117cf8ebe8a47b8032bee4ab8cb0317c112df536",
      "rdi_xsdb": "3193d8c4e7115e82e5b4ea6c2eb1aa8a7566bd5a9f9c78e9d901b9eab9d4ebfc",
      "cmd": "75320a519959cc6d089ea3eba33c38caccb7f138a025ea439bc9686cdb79ded4",
      "conhost": "a93cbb36b9c02364be6a72817174c46f94b66715549f279c6592ed659d237911"
    },
    "expected_tool_daemon_hash_error": "",
    "expected_tool_daemon_prelaunch_hashes_verified": true,
    "expected_tool_daemon_prelaunch_sha256_by_role": {
      "cs_server": "9bf0e15ffe162a96679c14b8117cf8ebe8a47b8032bee4ab8cb0317c112df536",
      "rdi_xsdb": "3193d8c4e7115e82e5b4ea6c2eb1aa8a7566bd5a9f9c78e9d901b9eab9d4ebfc",
      "cmd": "75320a519959cc6d089ea3eba33c38caccb7f138a025ea439bc9686cdb79ded4",
      "conhost": "a93cbb36b9c02364be6a72817174c46f94b66715549f279c6592ed659d237911"
    },
    "expected_tool_daemon_prelaunch_hash_error": "",
    "expected_tool_daemon_postexit_hashes_verified": true,
    "expected_tool_daemon_postexit_sha256_by_role": {
      "cs_server": "9bf0e15ffe162a96679c14b8117cf8ebe8a47b8032bee4ab8cb0317c112df536",
      "rdi_xsdb": "3193d8c4e7115e82e5b4ea6c2eb1aa8a7566bd5a9f9c78e9d901b9eab9d4ebfc",
      "cmd": "75320a519959cc6d089ea3eba33c38caccb7f138a025ea439bc9686cdb79ded4",
      "conhost": "a93cbb36b9c02364be6a72817174c46f94b66715549f279c6592ed659d237911"
    },
    "expected_tool_daemon_postexit_hash_error": "",
    "expected_tool_daemon_topology_error": "",
    "expected_tool_daemon_topology_terminal_empty": true,
    "process_identity_query_retry_count": 0,
    "process_exit_race_recheck_count": 0,
    "process_identity_query_transient_errors": [],
    "containment_cleanup_attempted": false,
    "containment_cleanup_terminated": false,
    "process_exit_race_rechecked": false,
    "process_identity_query_retried": false,
    "containment_query_error": "",
    "launch_error": ""
  },
  "preflight_result_file": "C:\\Users\\user\\Documents\\RF_COMM_MULTILANE\\evidence\\hardware\\p7\\authorized_sequence\\p7_20260711_stationary_app_r12_diag_suffix55\\002_p7_p6_frame_regression_m1\\p7_preflight_result.txt",
  "preflight_failures": [],
  "target_identity": {
    "P7_HW_PREFLIGHT_AUTHORIZED": "1",
    "P7_HW_PREFLIGHT_READ_ONLY": "1",
    "P7_HW_PREFLIGHT_BOARD_ID": "210512180081",
    "P7_HW_PREFLIGHT_TARGET": "localhost:3121/xilinx_tcf/Digilent/210512180081",
    "P7_HW_PREFLIGHT_DEVICE": "xc7z010_1",
    "P7_HW_PREFLIGHT_PART": "xc7z010clg400-1",
    "P7_HW_PREFLIGHT_IDCODE": "00010011011100100010000010010011",
    "P7_HW_PREFLIGHT_CANONICAL_PART": "xc7z010clg400-1",
    "P7_HW_PREFLIGHT_LIVE_PART": "xc7z010",
    "P7_HW_PREFLIGHT_LIVE_DEVICE": "xc7z010_1",
    "P7_HW_PREFLIGHT_LIVE_IDCODE": "00010011011100100010000010010011",
    "P7_HW_PREFLIGHT_RESULT": "PASS"
  },
  "shutdown_before": {
    "name": "shutdown_before",
    "returncode": 0,
    "stdout_path": "C:\\Users\\user\\Documents\\RF_COMM_MULTILANE\\evidence\\hardware\\p7\\authorized_sequence\\p7_20260711_stationary_app_r12_diag_suffix55\\002_p7_p6_frame_regression_m1\\p7_shutdown_before.stdout.log",
    "stderr_path": "C:\\Users\\user\\Documents\\RF_COMM_MULTILANE\\evidence\\hardware\\p7\\authorized_sequence\\p7_20260711_stationary_app_r12_diag_suffix55\\002_p7_p6_frame_regression_m1\\p7_shutdown_before.stderr.log",
    "elapsed_seconds": 48.64742,
    "argv": [
      "D:\\Xilinx\\Vivado\\2023.1\\bin\\vivado.bat",
      "-mode",
      "batch",
      "-source",
      "C:\\Users\\user\\Documents\\RF_COMM_MULTILANE\\scripts\\hw\\p7_jtag_axi_transactions.tcl",
      "-tclargs",
      "C:\\Users\\user\\Documents\\RF_COMM_MULTILANE",
      "SHUTDOWN",
      "C:\\Users\\user\\Documents\\RF_COMM_MULTILANE\\.hardware_authorization\\p7_20260711_stationary_app_r12_diag_suffix55_002_p7_p6_frame_regression_m1.txt",
      "210512180081",
      "xc7z010clg400-1",
      "localhost:3121/xilinx_tcf/Digilent/210512180081",
      "localhost:3121",
      "1000000",
      "C:\\Users\\user\\Documents\\RF_COMM_MULTILANE\\shutdown_bitstream\\tfdu_shutdown_j10_j11.bit",
      "-",
      "-",
      "C:\\Users\\user\\Documents\\RF_COMM_MULTILANE\\evidence\\hardware\\p7\\authorized_sequence\\p7_20260711_stationary_app_r12_diag_suffix55\\002_p7_p6_frame_regression_m1\\p7_shutdown_before_result.txt",
      "0x43c00000",
      "1100000",
      "134217728",
      "550",
      "C:\\Users\\user\\Documents\\RF_COMM_MULTILANE\\shutdown_bitstream\\tfdu_shutdown_j10_j11.bit"
    ],
    "started_at_utc": "2026-07-11T15:26:26.333666+00:00",
    "ended_at_utc": "2026-07-11T15:27:14.981095+00:00",
    "timed_out": false,
    "abort_seen": false,
    "interrupted": false,
    "process_tree_terminated": false,
    "process_tree_reaped": true,
    "containment_kind": "WINDOWS_JOB_OBJECT_KILL_ON_CLOSE",
    "containment_assigned": true,
    "containment_closed": true,
    "descendant_count_after": 0,
    "expected_tool_daemon_grace_used": true,
    "expected_tool_daemon_grace_seconds": 30.0,
    "expected_tool_daemon_paths": [
      "D:\\Xilinx\\Vivado\\2023.1\\bin\\unwrapped\\win64.o\\cs_server.exe",
      "D:\\Xilinx\\Vivado\\2023.1\\bin\\unwrapped\\win64.o\\rdi_xsdb.exe",
      "C:\\Windows\\System32\\cmd.exe",
      "C:\\Windows\\System32\\conhost.exe"
    ],
    "descendant_paths_seen": [
      "C:\\Windows\\System32\\conhost.exe",
      "D:\\Xilinx\\Vivado\\2023.1\\bin\\unwrapped\\win64.o\\cs_server.exe",
      "C:\\Windows\\System32\\cmd.exe",
      "D:\\Xilinx\\Vivado\\2023.1\\bin\\unwrapped\\win64.o\\rdi_xsdb.exe",
      "C:\\Windows\\System32\\conhost.exe",
      "D:\\Xilinx\\Vivado\\2023.1\\bin\\unwrapped\\win64.o\\cs_server.exe"
    ],
    "descendant_processes_seen": [
      {
        "pid": 8588,
        "parent_pid": 28328,
        "parent_active_globally": true,
        "image_path": "C:\\Windows\\System32\\conhost.exe",
        "creation_time_100ns": 134282571956581223
      },
      {
        "pid": 23676,
        "parent_pid": 47504,
        "parent_active_globally": true,
        "image_path": "D:\\Xilinx\\Vivado\\2023.1\\bin\\unwrapped\\win64.o\\cs_server.exe",
        "creation_time_100ns": 134282571952469592
      },
      {
        "pid": 28328,
        "parent_pid": 42732,
        "parent_active_globally": false,
        "image_path": "C:\\Windows\\System32\\cmd.exe",
        "creation_time_100ns": 134282571956521919
      },
      {
        "pid": 32424,
        "parent_pid": 28328,
        "parent_active_globally": true,
        "image_path": "D:\\Xilinx\\Vivado\\2023.1\\bin\\unwrapped\\win64.o\\rdi_xsdb.exe",
        "creation_time_100ns": 134282571959824901
      },
      {
        "pid": 41836,
        "parent_pid": 19852,
        "parent_active_globally": false,
        "image_path": "C:\\Windows\\System32\\conhost.exe",
        "creation_time_100ns": 134282571944683332
      },
      {
        "pid": 47504,
        "parent_pid": 29604,
        "parent_active_globally": false,
        "image_path": "D:\\Xilinx\\Vivado\\2023.1\\bin\\unwrapped\\win64.o\\cs_server.exe",
        "creation_time_100ns": 134282571951501885
      }
    ],
    "expected_tool_daemon_classification": "EXACT_R2_VIVADO_EXIT_HELPER_FOREST",
    "expected_tool_daemon_topology_snapshots": [
      {
        "classification": "EXACT_R2_VIVADO_EXIT_HELPER_FOREST",
        "elapsed_seconds": 0.007634,
        "processes": [
          {
            "pid": 8588,
            "parent_pid": 28328,
            "parent_active_globally": true,
            "image_path": "C:\\Windows\\System32\\conhost.exe",
            "creation_time_100ns": 134282571956581223
          },
          {
            "pid": 23676,
            "parent_pid": 47504,
            "parent_active_globally": true,
            "image_path": "D:\\Xilinx\\Vivado\\2023.1\\bin\\unwrapped\\win64.o\\cs_server.exe",
            "creation_time_100ns": 134282571952469592
          },
          {
            "pid": 28328,
            "parent_pid": 42732,
            "parent_active_globally": false,
            "image_path": "C:\\Windows\\System32\\cmd.exe",
            "creation_time_100ns": 134282571956521919
          },
          {
            "pid": 32424,
            "parent_pid": 28328,
            "parent_active_globally": true,
            "image_path": "D:\\Xilinx\\Vivado\\2023.1\\bin\\unwrapped\\win64.o\\rdi_xsdb.exe",
            "creation_time_100ns": 134282571959824901
          },
          {
            "pid": 41836,
            "parent_pid": 19852,
            "parent_active_globally": false,
            "image_path": "C:\\Windows\\System32\\conhost.exe",
            "creation_time_100ns": 134282571944683332
          },
          {
            "pid": 47504,
            "parent_pid": 29604,
            "parent_active_globally": false,
            "image_path": "D:\\Xilinx\\Vivado\\2023.1\\bin\\unwrapped\\win64.o\\cs_server.exe",
            "creation_time_100ns": 134282571951501885
          }
        ]
      },
      {
        "classification": "STRICT_SHRINK_SUBSET_OF_EXACT_R2_VIVADO_EXIT_HELPER_FOREST",
        "elapsed_seconds": 19.148172,
        "processes": [
          {
            "pid": 23676,
            "parent_pid": 47504,
            "parent_active_globally": true,
            "image_path": "D:\\Xilinx\\Vivado\\2023.1\\bin\\unwrapped\\win64.o\\cs_server.exe",
            "creation_time_100ns": 134282571952469592
          },
          {
            "pid": 41836,
            "parent_pid": 19852,
            "parent_active_globally": false,
            "image_path": "C:\\Windows\\System32\\conhost.exe",
            "creation_time_100ns": 134282571944683332
          },
          {
            "pid": 47504,
            "parent_pid": 29604,
            "parent_active_globally": false,
            "image_path": "D:\\Xilinx\\Vivado\\2023.1\\bin\\unwrapped\\win64.o\\cs_server.exe",
            "creation_time_100ns": 134282571951501885
          }
        ]
      },
      {
        "classification": "EMPTY",
        "elapsed_seconds": 20.331263,
        "processes": []
      }
    ],
    "expected_tool_daemon_topology_revalidation_count": 187,
    "expected_tool_daemon_topology_monotonic": true,
    "expected_tool_daemon_topology_sample_elapsed_seconds": [
      4.4e-05,
      0.007634,
      0.116714,
      0.225328,
      0.334343,
      0.449635,
      0.565915,
      0.679102,
      0.795555,
      0.905516,
      1.013841,
      1.123411,
      1.231966,
      1.339484,
      1.449212,
      1.557991,
      1.666375,
      1.779788,
      1.889869,
      1.999331,
      2.106174,
      2.215912,
      2.325534,
      2.433795,
      2.542077,
      2.651577,
      2.76037,
      2.86944,
      2.979046,
      3.087275,
      3.196835,
      3.305653,
      3.414091,
      3.523128,
      3.631981,
      3.741058,
      3.849137,
      3.958206,
      4.066722,
      4.175135,
      4.284206,
      4.393118,
      4.502161,
      4.609677,
      4.726474,
      4.840268,
      4.94932,
      5.058003,
      5.165974,
      5.274057,
      5.386516,
      5.496651,
      5.605675,
      5.714025,
      5.822594,
      5.930606,
      6.039054,
      6.1479,
      6.255363,
      6.364071,
      6.472617,
      6.581891,
      6.691562,
      6.800021,
      6.908381,
      7.017369,
      7.126311,
      7.233867,
      7.342523,
      7.449974,
      7.558569,
      7.667558,
      7.776701,
      7.885924,
      7.993949,
      8.102867,
      8.211973,
      8.32048,
      8.428762,
      8.536632,
      8.645393,
      8.754413,
      8.86189,
      8.970205,
      9.0789,
      9.187182,
      9.295386,
      9.403405,
      9.510072,
      9.619041,
      9.727506,
      9.835698,
      9.943635,
      10.050571,
      10.157319,
      10.266361,
      10.374949,
      10.482783,
      10.590701,
      10.699804,
      10.807952,
      10.91608,
      11.024126,
      11.132185,
      11.24036,
      11.349233,
      11.457491,
      11.566379,
      11.674718,
      11.782745,
      11.891643,
      12.000648,
      12.107381,
      12.216183,
      12.324393,
      12.433042,
      12.540952,
      12.649472,
      12.75824,
      12.867458,
      12.975098,
      13.083806,
      13.19188,
      13.299251,
      13.407641,
      13.515208,
      13.62258,
      13.730762,
      13.839215,
      13.947194,
      14.055819,
      14.164212,
      14.272967,
      14.381761,
      14.489046,
      14.597104,
      14.704969,
      14.813826,
      14.9223,
      15.031013,
      15.137565,
      15.245977,
      15.35425,
      15.463337,
      15.571028,
      15.679731,
      15.788223,
      15.89659,
      16.008178,
      16.115647,
      16.223365,
      16.331459,
      16.440471,
      16.548983,
      16.657267,
      16.765954,
      16.87387,
      16.982331,
      17.091106,
      17.199173,
      17.307535,
      17.415539,
      17.522645,
      17.633148,
      17.741307,
      17.849956,
      17.958045,
      18.065894,
      18.174524,
      18.283228,
      18.391183,
      18.499228,
      18.607441,
      18.715095,
      18.823666,
      18.931441,
      19.03955,
      19.148172,
      19.255952,
      19.364314,
      19.472508,
      19.58063,
      19.689004,
      19.797325,
      19.905157,
      20.013704,
      20.121557,
      20.23032,
      20.331263
    ],
    "expected_tool_daemon_topology_max_sample_gap_seconds": 0.116797,
    "expected_tool_daemon_grace_elapsed_seconds": 20.331283,
    "expected_tool_daemon_hashes_verified": true,
    "expected_tool_daemon_sha256_by_role": {
      "cs_server": "9bf0e15ffe162a96679c14b8117cf8ebe8a47b8032bee4ab8cb0317c112df536",
      "rdi_xsdb": "3193d8c4e7115e82e5b4ea6c2eb1aa8a7566bd5a9f9c78e9d901b9eab9d4ebfc",
      "cmd": "75320a519959cc6d089ea3eba33c38caccb7f138a025ea439bc9686cdb79ded4",
      "conhost": "a93cbb36b9c02364be6a72817174c46f94b66715549f279c6592ed659d237911"
    },
    "expected_tool_daemon_hash_error": "",
    "expected_tool_daemon_prelaunch_hashes_verified": true,
    "expected_tool_daemon_prelaunch_sha256_by_role": {
      "cs_server": "9bf0e15ffe162a96679c14b8117cf8ebe8a47b8032bee4ab8cb0317c112df536",
      "rdi_xsdb": "3193d8c4e7115e82e5b4ea6c2eb1aa8a7566bd5a9f9c78e9d901b9eab9d4ebfc",
      "cmd": "75320a519959cc6d089ea3eba33c38caccb7f138a025ea439bc9686cdb79ded4",
      "conhost": "a93cbb36b9c02364be6a72817174c46f94b66715549f279c6592ed659d237911"
    },
    "expected_tool_daemon_prelaunch_hash_error": "",
    "expected_tool_daemon_postexit_hashes_verified": true,
    "expected_tool_daemon_postexit_sha256_by_role": {
      "cs_server": "9bf0e15ffe162a96679c14b8117cf8ebe8a47b8032bee4ab8cb0317c112df536",
      "rdi_xsdb": "3193d8c4e7115e82e5b4ea6c2eb1aa8a7566bd5a9f9c78e9d901b9eab9d4ebfc",
      "cmd": "75320a519959cc6d089ea3eba33c38caccb7f138a025ea439bc9686cdb79ded4",
      "conhost": "a93cbb36b9c02364be6a72817174c46f94b66715549f279c6592ed659d237911"
    },
    "expected_tool_daemon_postexit_hash_error": "",
    "expected_tool_daemon_topology_error": "",
    "expected_tool_daemon_topology_terminal_empty": true,
    "process_identity_query_retry_count": 0,
    "process_exit_race_recheck_count": 0,
    "process_identity_query_transient_errors": [],
    "containment_cleanup_attempted": false,
    "containment_cleanup_terminated": false,
    "process_exit_race_rechecked": false,
    "process_identity_query_retried": false,
    "containment_query_error": "",
    "launch_error": "",
    "attempted": true,
    "programming_attempted": true,
    "result_file": "C:\\Users\\user\\Documents\\RF_COMM_MULTILANE\\evidence\\hardware\\p7\\authorized_sequence\\p7_20260711_stationary_app_r12_diag_suffix55\\002_p7_p6_frame_regression_m1\\p7_shutdown_before_result.txt",
    "passed": true,
    "failures": []
  },
  "shutdown_after": {
    "name": "shutdown_after",
    "returncode": 0,
    "stdout_path": "C:\\Users\\user\\Documents\\RF_COMM_MULTILANE\\evidence\\hardware\\p7\\authorized_sequence\\p7_20260711_stationary_app_r12_diag_suffix55\\002_p7_p6_frame_regression_m1\\p7_shutdown_after.stdout.log",
    "stderr_path": "C:\\Users\\user\\Documents\\RF_COMM_MULTILANE\\evidence\\hardware\\p7\\authorized_sequence\\p7_20260711_stationary_app_r12_diag_suffix55\\002_p7_p6_frame_regression_m1\\p7_shutdown_after.stderr.log",
    "elapsed_seconds": 48.36427,
    "argv": [
      "D:\\Xilinx\\Vivado\\2023.1\\bin\\vivado.bat",
      "-mode",
      "batch",
      "-source",
      "C:\\Users\\user\\Documents\\RF_COMM_MULTILANE\\scripts\\hw\\p7_jtag_axi_transactions.tcl",
      "-tclargs",
      "C:\\Users\\user\\Documents\\RF_COMM_MULTILANE",
      "SHUTDOWN",
      "C:\\Users\\user\\Documents\\RF_COMM_MULTILANE\\.hardware_authorization\\p7_20260711_stationary_app_r12_diag_suffix55_002_p7_p6_frame_regression_m1.txt",
      "210512180081",
      "xc7z010clg400-1",
      "localhost:3121/xilinx_tcf/Digilent/210512180081",
      "localhost:3121",
      "1000000",
      "C:\\Users\\user\\Documents\\RF_COMM_MULTILANE\\shutdown_bitstream\\tfdu_shutdown_j10_j11.bit",
      "-",
      "-",
      "C:\\Users\\user\\Documents\\RF_COMM_MULTILANE\\evidence\\hardware\\p7\\authorized_sequence\\p7_20260711_stationary_app_r12_diag_suffix55\\002_p7_p6_frame_regression_m1\\p7_shutdown_after_result.txt",
      "0x43c00000",
      "1100000",
      "134217728",
      "550",
      "C:\\Users\\user\\Documents\\RF_COMM_MULTILANE\\shutdown_bitstream\\tfdu_shutdown_j10_j11.bit"
    ],
    "started_at_utc": "2026-07-11T15:28:21.725645+00:00",
    "ended_at_utc": "2026-07-11T15:29:10.089921+00:00",
    "timed_out": false,
    "abort_seen": false,
    "interrupted": false,
    "process_tree_terminated": false,
    "process_tree_reaped": true,
    "containment_kind": "WINDOWS_JOB_OBJECT_KILL_ON_CLOSE",
    "containment_assigned": true,
    "containment_closed": true,
    "descendant_count_after": 0,
    "expected_tool_daemon_grace_used": true,
    "expected_tool_daemon_grace_seconds": 30.0,
    "expected_tool_daemon_paths": [
      "D:\\Xilinx\\Vivado\\2023.1\\bin\\unwrapped\\win64.o\\cs_server.exe",
      "D:\\Xilinx\\Vivado\\2023.1\\bin\\unwrapped\\win64.o\\rdi_xsdb.exe",
      "C:\\Windows\\System32\\cmd.exe",
      "C:\\Windows\\System32\\conhost.exe"
    ],
    "descendant_paths_seen": [
      "C:\\Windows\\System32\\conhost.exe",
      "C:\\Windows\\System32\\conhost.exe",
      "C:\\Windows\\System32\\cmd.exe",
      "D:\\Xilinx\\Vivado\\2023.1\\bin\\unwrapped\\win64.o\\cs_server.exe",
      "D:\\Xilinx\\Vivado\\2023.1\\bin\\unwrapped\\win64.o\\cs_server.exe",
      "D:\\Xilinx\\Vivado\\2023.1\\bin\\unwrapped\\win64.o\\rdi_xsdb.exe"
    ],
    "descendant_processes_seen": [
      {
        "pid": 512,
        "parent_pid": 15160,
        "parent_active_globally": false,
        "image_path": "C:\\Windows\\System32\\conhost.exe",
        "creation_time_100ns": 134282573097320076
      },
      {
        "pid": 9428,
        "parent_pid": 15580,
        "parent_active_globally": true,
        "image_path": "C:\\Windows\\System32\\conhost.exe",
        "creation_time_100ns": 134282573109142058
      },
      {
        "pid": 15580,
        "parent_pid": 29400,
        "parent_active_globally": false,
        "image_path": "C:\\Windows\\System32\\cmd.exe",
        "creation_time_100ns": 134282573109086758
      },
      {
        "pid": 26940,
        "parent_pid": 37952,
        "parent_active_globally": true,
        "image_path": "D:\\Xilinx\\Vivado\\2023.1\\bin\\unwrapped\\win64.o\\cs_server.exe",
        "creation_time_100ns": 134282573105008087
      },
      {
        "pid": 37952,
        "parent_pid": 39876,
        "parent_active_globally": false,
        "image_path": "D:\\Xilinx\\Vivado\\2023.1\\bin\\unwrapped\\win64.o\\cs_server.exe",
        "creation_time_100ns": 134282573104076877
      },
      {
        "pid": 44988,
        "parent_pid": 15580,
        "parent_active_globally": true,
        "image_path": "D:\\Xilinx\\Vivado\\2023.1\\bin\\unwrapped\\win64.o\\rdi_xsdb.exe",
        "creation_time_100ns": 134282573112153236
      }
    ],
    "expected_tool_daemon_classification": "EXACT_R2_VIVADO_EXIT_HELPER_FOREST",
    "expected_tool_daemon_topology_snapshots": [
      {
        "classification": "EXACT_R2_VIVADO_EXIT_HELPER_FOREST",
        "elapsed_seconds": 0.007558,
        "processes": [
          {
            "pid": 512,
            "parent_pid": 15160,
            "parent_active_globally": false,
            "image_path": "C:\\Windows\\System32\\conhost.exe",
            "creation_time_100ns": 134282573097320076
          },
          {
            "pid": 9428,
            "parent_pid": 15580,
            "parent_active_globally": true,
            "image_path": "C:\\Windows\\System32\\conhost.exe",
            "creation_time_100ns": 134282573109142058
          },
          {
            "pid": 15580,
            "parent_pid": 29400,
            "parent_active_globally": false,
            "image_path": "C:\\Windows\\System32\\cmd.exe",
            "creation_time_100ns": 134282573109086758
          },
          {
            "pid": 26940,
            "parent_pid": 37952,
            "parent_active_globally": true,
            "image_path": "D:\\Xilinx\\Vivado\\2023.1\\bin\\unwrapped\\win64.o\\cs_server.exe",
            "creation_time_100ns": 134282573105008087
          },
          {
            "pid": 37952,
            "parent_pid": 39876,
            "parent_active_globally": false,
            "image_path": "D:\\Xilinx\\Vivado\\2023.1\\bin\\unwrapped\\win64.o\\cs_server.exe",
            "creation_time_100ns": 134282573104076877
          },
          {
            "pid": 44988,
            "parent_pid": 15580,
            "parent_active_globally": true,
            "image_path": "D:\\Xilinx\\Vivado\\2023.1\\bin\\unwrapped\\win64.o\\rdi_xsdb.exe",
            "creation_time_100ns": 134282573112153236
          }
        ]
      },
      {
        "classification": "STRICT_SHRINK_SUBSET_OF_EXACT_R2_VIVADO_EXIT_HELPER_FOREST",
        "elapsed_seconds": 19.283589,
        "processes": [
          {
            "pid": 512,
            "parent_pid": 15160,
            "parent_active_globally": false,
            "image_path": "C:\\Windows\\System32\\conhost.exe",
            "creation_time_100ns": 134282573097320076
          },
          {
            "pid": 26940,
            "parent_pid": 37952,
            "parent_active_globally": true,
            "image_path": "D:\\Xilinx\\Vivado\\2023.1\\bin\\unwrapped\\win64.o\\cs_server.exe",
            "creation_time_100ns": 134282573105008087
          },
          {
            "pid": 37952,
            "parent_pid": 39876,
            "parent_active_globally": false,
            "image_path": "D:\\Xilinx\\Vivado\\2023.1\\bin\\unwrapped\\win64.o\\cs_server.exe",
            "creation_time_100ns": 134282573104076877
          }
        ]
      },
      {
        "classification": "EMPTY",
        "elapsed_seconds": 20.355351,
        "processes": []
      }
    ],
    "expected_tool_daemon_topology_revalidation_count": 188,
    "expected_tool_daemon_topology_monotonic": true,
    "expected_tool_daemon_topology_sample_elapsed_seconds": [
      4.4e-05,
      0.007558,
      0.116816,
      0.225133,
      0.333185,
      0.440208,
      0.54878,
      0.657973,
      0.76607,
      0.87451,
      0.983319,
      1.092403,
      1.201749,
      1.310595,
      1.418022,
      1.526199,
      1.634883,
      1.743089,
      1.851285,
      1.960238,
      2.069578,
      2.177479,
      2.285245,
      2.394288,
      2.500861,
      2.610404,
      2.719093,
      2.828139,
      2.936811,
      3.04577,
      3.153934,
      3.262588,
      3.369652,
      3.478347,
      3.586555,
      3.695113,
      3.803871,
      3.912262,
      4.020352,
      4.127915,
      4.236312,
      4.344173,
      4.453193,
      4.561658,
      4.669877,
      4.778142,
      4.886139,
      4.994418,
      5.102555,
      5.210123,
      5.317779,
      5.426421,
      5.534895,
      5.642766,
      5.751431,
      5.86004,
      5.968577,
      6.076748,
      6.185216,
      6.294244,
      6.40331,
      6.51082,
      6.619147,
      6.726827,
      6.833683,
      6.942786,
      7.051048,
      7.159998,
      7.267171,
      7.374878,
      7.482888,
      7.5909,
      7.699297,
      7.807925,
      7.915628,
      8.023875,
      8.132229,
      8.239871,
      8.347669,
      8.45467,
      8.563636,
      8.672453,
      8.780635,
      8.889049,
      8.997597,
      9.104652,
      9.213093,
      9.321257,
      9.429859,
      9.537646,
      9.645472,
      9.753716,
      9.862469,
      9.971184,
      10.080563,
      10.189166,
      10.297708,
      10.405456,
      10.513478,
      10.622436,
      10.730836,
      10.839632,
      10.946779,
      11.055413,
      11.163395,
      11.271773,
      11.379689,
      11.488187,
      11.59651,
      11.705541,
      11.814043,
      11.921158,
      12.029899,
      12.138399,
      12.246937,
      12.35577,
      12.464382,
      12.572526,
      12.680246,
      12.788224,
      12.89713,
      13.005379,
      13.113162,
      13.22137,
      13.329042,
      13.437933,
      13.546427,
      13.654173,
      13.762419,
      13.871761,
      13.978684,
      14.087255,
      14.196417,
      14.305011,
      14.413309,
      14.520747,
      14.628217,
      14.736862,
      14.845172,
      14.953051,
      15.061397,
      15.169422,
      15.276982,
      15.38477,
      15.491887,
      15.600346,
      15.708716,
      15.816676,
      15.924463,
      16.032631,
      16.14161,
      16.250301,
      16.358816,
      16.466949,
      16.575022,
      16.683574,
      16.790898,
      16.899642,
      17.008011,
      17.115294,
      17.224064,
      17.332472,
      17.440338,
      17.548065,
      17.656699,
      17.764914,
      17.873001,
      17.981673,
      18.090244,
      18.19864,
      18.307265,
      18.415409,
      18.523442,
      18.632273,
      18.741658,
      18.85022,
      18.95905,
      19.067266,
      19.175196,
      19.283589,
      19.389557,
      19.498074,
      19.60648,
      19.714192,
      19.822054,
      19.930462,
      20.03793,
      20.145701,
      20.254283,
      20.355351
    ],
    "expected_tool_daemon_topology_max_sample_gap_seconds": 0.109543,
    "expected_tool_daemon_grace_elapsed_seconds": 20.355368,
    "expected_tool_daemon_hashes_verified": true,
    "expected_tool_daemon_sha256_by_role": {
      "cs_server": "9bf0e15ffe162a96679c14b8117cf8ebe8a47b8032bee4ab8cb0317c112df536",
      "rdi_xsdb": "3193d8c4e7115e82e5b4ea6c2eb1aa8a7566bd5a9f9c78e9d901b9eab9d4ebfc",
      "cmd": "75320a519959cc6d089ea3eba33c38caccb7f138a025ea439bc9686cdb79ded4",
      "conhost": "a93cbb36b9c02364be6a72817174c46f94b66715549f279c6592ed659d237911"
    },
    "expected_tool_daemon_hash_error": "",
    "expected_tool_daemon_prelaunch_hashes_verified": true,
    "expected_tool_daemon_prelaunch_sha256_by_role": {
      "cs_server": "9bf0e15ffe162a96679c14b8117cf8ebe8a47b8032bee4ab8cb0317c112df536",
      "rdi_xsdb": "3193d8c4e7115e82e5b4ea6c2eb1aa8a7566bd5a9f9c78e9d901b9eab9d4ebfc",
      "cmd": "75320a519959cc6d089ea3eba33c38caccb7f138a025ea439bc9686cdb79ded4",
      "conhost": "a93cbb36b9c02364be6a72817174c46f94b66715549f279c6592ed659d237911"
    },
    "expected_tool_daemon_prelaunch_hash_error": "",
    "expected_tool_daemon_postexit_hashes_verified": true,
    "expected_tool_daemon_postexit_sha256_by_role": {
      "cs_server": "9bf0e15ffe162a96679c14b8117cf8ebe8a47b8032bee4ab8cb0317c112df536",
      "rdi_xsdb": "3193d8c4e7115e82e5b4ea6c2eb1aa8a7566bd5a9f9c78e9d901b9eab9d4ebfc",
      "cmd": "75320a519959cc6d089ea3eba33c38caccb7f138a025ea439bc9686cdb79ded4",
      "conhost": "a93cbb36b9c02364be6a72817174c46f94b66715549f279c6592ed659d237911"
    },
    "expected_tool_daemon_postexit_hash_error": "",
    "expected_tool_daemon_topology_error": "",
    "expected_tool_daemon_topology_terminal_empty": true,
    "process_identity_query_retry_count": 0,
    "process_exit_race_recheck_count": 0,
    "process_identity_query_transient_errors": [],
    "containment_cleanup_attempted": false,
    "containment_cleanup_terminated": false,
    "process_exit_race_rechecked": false,
    "process_identity_query_retried": false,
    "containment_query_error": "",
    "launch_error": "",
    "passed": true,
    "failures": [],
    "attempted": true,
    "programming_attempted": true,
    "result_file": "C:\\Users\\user\\Documents\\RF_COMM_MULTILANE\\evidence\\hardware\\p7\\authorized_sequence\\p7_20260711_stationary_app_r12_diag_suffix55\\002_p7_p6_frame_regression_m1\\p7_shutdown_after_result.txt"
  },
  "tfdu_activity_semantics": "conservative_true_once_transmitting_candidate_command_is_launched",
  "stage_process": {
    "name": "jtag_axi_stage",
    "returncode": 41,
    "stdout_path": "C:\\Users\\user\\Documents\\RF_COMM_MULTILANE\\evidence\\hardware\\p7\\authorized_sequence\\p7_20260711_stationary_app_r12_diag_suffix55\\002_p7_p6_frame_regression_m1\\p7_jtag_axi_stage.stdout.log",
    "stderr_path": "C:\\Users\\user\\Documents\\RF_COMM_MULTILANE\\evidence\\hardware\\p7\\authorized_sequence\\p7_20260711_stationary_app_r12_diag_suffix55\\002_p7_p6_frame_regression_m1\\p7_jtag_axi_stage.stderr.log",
    "elapsed_seconds": 66.723333,
    "argv": [
      "D:\\Xilinx\\Vivado\\2023.1\\bin\\vivado.bat",
      "-mode",
      "batch",
      "-source",
      "C:\\Users\\user\\Documents\\RF_COMM_MULTILANE\\scripts\\hw\\p7_jtag_axi_transactions.tcl",
      "-tclargs",
      "C:\\Users\\user\\Documents\\RF_COMM_MULTILANE",
      "STAGE",
      "C:\\Users\\user\\Documents\\RF_COMM_MULTILANE\\.hardware_authorization\\p7_20260711_stationary_app_r12_diag_suffix55_002_p7_p6_frame_regression_m1.txt",
      "210512180081",
      "xc7z010clg400-1",
      "localhost:3121/xilinx_tcf/Digilent/210512180081",
      "localhost:3121",
      "1000000",
      "C:\\Users\\user\\Documents\\RF_COMM_MULTILANE\\evidence\\hardware\\p6\\bitstreams\\p6_jtag_dynamic_transport_4830d547d6a667edda8deebae855c3a7154478e298efca70e2526e6f3570b23c.bit",
      "C:\\Users\\user\\Documents\\RF_COMM_MULTILANE\\evidence\\hardware\\p6\\bitstreams\\p6_jtag_dynamic_transport_76fe1ec47871946a7d357b0caa1f669500de827b796d6154dcc54678e0ac7083.ltx",
      "C:\\Users\\user\\Documents\\RF_COMM_MULTILANE\\build\\p7_authorized_sequence\\p7_20260711_stationary_app_r12_diag_suffix55\\transactions\\002_p7_p6_frame_regression_m1.transactions.txt",
      "C:\\Users\\user\\Documents\\RF_COMM_MULTILANE\\evidence\\hardware\\p7\\authorized_sequence\\p7_20260711_stationary_app_r12_diag_suffix55\\002_p7_p6_frame_regression_m1\\p7_jtag_axi_raw_result.txt",
      "0x43c00000",
      "1100000",
      "134217728",
      "550",
      "C:\\Users\\user\\Documents\\RF_COMM_MULTILANE\\shutdown_bitstream\\tfdu_shutdown_j10_j11.bit"
    ],
    "started_at_utc": "2026-07-11T15:27:14.989754+00:00",
    "ended_at_utc": "2026-07-11T15:28:21.713093+00:00",
    "timed_out": false,
    "abort_seen": false,
    "interrupted": false,
    "process_tree_terminated": false,
    "process_tree_reaped": true,
    "containment_kind": "WINDOWS_JOB_OBJECT_KILL_ON_CLOSE",
    "containment_assigned": true,
    "containment_closed": true,
    "descendant_count_after": 0,
    "expected_tool_daemon_grace_used": true,
    "expected_tool_daemon_grace_seconds": 30.0,
    "expected_tool_daemon_paths": [
      "D:\\Xilinx\\Vivado\\2023.1\\bin\\unwrapped\\win64.o\\cs_server.exe",
      "D:\\Xilinx\\Vivado\\2023.1\\bin\\unwrapped\\win64.o\\rdi_xsdb.exe",
      "C:\\Windows\\System32\\cmd.exe",
      "C:\\Windows\\System32\\conhost.exe"
    ],
    "descendant_paths_seen": [
      "C:\\Windows\\System32\\cmd.exe",
      "C:\\Windows\\System32\\conhost.exe",
      "D:\\Xilinx\\Vivado\\2023.1\\bin\\unwrapped\\win64.o\\cs_server.exe",
      "D:\\Xilinx\\Vivado\\2023.1\\bin\\unwrapped\\win64.o\\cs_server.exe",
      "C:\\Windows\\System32\\conhost.exe",
      "D:\\Xilinx\\Vivado\\2023.1\\bin\\unwrapped\\win64.o\\rdi_xsdb.exe"
    ],
    "descendant_processes_seen": [
      {
        "pid": 18992,
        "parent_pid": 3480,
        "parent_active_globally": false,
        "image_path": "C:\\Windows\\System32\\cmd.exe",
        "creation_time_100ns": 134282572442702479
      },
      {
        "pid": 21752,
        "parent_pid": 46836,
        "parent_active_globally": false,
        "image_path": "C:\\Windows\\System32\\conhost.exe",
        "creation_time_100ns": 134282572430361932
      },
      {
        "pid": 27076,
        "parent_pid": 31176,
        "parent_active_globally": true,
        "image_path": "D:\\Xilinx\\Vivado\\2023.1\\bin\\unwrapped\\win64.o\\cs_server.exe",
        "creation_time_100ns": 134282572438093661
      },
      {
        "pid": 31176,
        "parent_pid": 24604,
        "parent_active_globally": false,
        "image_path": "D:\\Xilinx\\Vivado\\2023.1\\bin\\unwrapped\\win64.o\\cs_server.exe",
        "creation_time_100ns": 134282572437092743
      },
      {
        "pid": 32412,
        "parent_pid": 18992,
        "parent_active_globally": true,
        "image_path": "C:\\Windows\\System32\\conhost.exe",
        "creation_time_100ns": 134282572442779047
      },
      {
        "pid": 48192,
        "parent_pid": 18992,
        "parent_active_globally": true,
        "image_path": "D:\\Xilinx\\Vivado\\2023.1\\bin\\unwrapped\\win64.o\\rdi_xsdb.exe",
        "creation_time_100ns": 134282572446234077
      }
    ],
    "expected_tool_daemon_classification": "EXACT_R2_VIVADO_EXIT_HELPER_FOREST",
    "expected_tool_daemon_topology_snapshots": [
      {
        "classification": "EXACT_R2_VIVADO_EXIT_HELPER_FOREST",
        "elapsed_seconds": 0.007547,
        "processes": [
          {
            "pid": 18992,
            "parent_pid": 3480,
            "parent_active_globally": false,
            "image_path": "C:\\Windows\\System32\\cmd.exe",
            "creation_time_100ns": 134282572442702479
          },
          {
            "pid": 21752,
            "parent_pid": 46836,
            "parent_active_globally": false,
            "image_path": "C:\\Windows\\System32\\conhost.exe",
            "creation_time_100ns": 134282572430361932
          },
          {
            "pid": 27076,
            "parent_pid": 31176,
            "parent_active_globally": true,
            "image_path": "D:\\Xilinx\\Vivado\\2023.1\\bin\\unwrapped\\win64.o\\cs_server.exe",
            "creation_time_100ns": 134282572438093661
          },
          {
            "pid": 31176,
            "parent_pid": 24604,
            "parent_active_globally": false,
            "image_path": "D:\\Xilinx\\Vivado\\2023.1\\bin\\unwrapped\\win64.o\\cs_server.exe",
            "creation_time_100ns": 134282572437092743
          },
          {
            "pid": 32412,
            "parent_pid": 18992,
            "parent_active_globally": true,
            "image_path": "C:\\Windows\\System32\\conhost.exe",
            "creation_time_100ns": 134282572442779047
          },
          {
            "pid": 48192,
            "parent_pid": 18992,
            "parent_active_globally": true,
            "image_path": "D:\\Xilinx\\Vivado\\2023.1\\bin\\unwrapped\\win64.o\\rdi_xsdb.exe",
            "creation_time_100ns": 134282572446234077
          }
        ]
      },
      {
        "classification": "STRICT_SHRINK_SUBSET_OF_EXACT_R2_VIVADO_EXIT_HELPER_FOREST",
        "elapsed_seconds": 19.846829,
        "processes": [
          {
            "pid": 21752,
            "parent_pid": 46836,
            "parent_active_globally": false,
            "image_path": "C:\\Windows\\System32\\conhost.exe",
            "creation_time_100ns": 134282572430361932
          },
          {
            "pid": 27076,
            "parent_pid": 31176,
            "parent_active_globally": true,
            "image_path": "D:\\Xilinx\\Vivado\\2023.1\\bin\\unwrapped\\win64.o\\cs_server.exe",
            "creation_time_100ns": 134282572438093661
          },
          {
            "pid": 31176,
            "parent_pid": 24604,
            "parent_active_globally": false,
            "image_path": "D:\\Xilinx\\Vivado\\2023.1\\bin\\unwrapped\\win64.o\\cs_server.exe",
            "creation_time_100ns": 134282572437092743
          }
        ]
      },
      {
        "classification": "EMPTY",
        "elapsed_seconds": 20.925977,
        "processes": []
      }
    ],
    "expected_tool_daemon_topology_revalidation_count": 193,
    "expected_tool_daemon_topology_monotonic": true,
    "expected_tool_daemon_topology_sample_elapsed_seconds": [
      4.1e-05,
      0.007547,
      0.117175,
      0.2258,
      0.333963,
      0.442237,
      0.55018,
      0.659315,
      0.768455,
      0.877683,
      0.986416,
      1.094387,
      1.20304,
      1.311942,
      1.420376,
      1.529096,
      1.637679,
      1.746606,
      1.855487,
      1.963975,
      2.072272,
      2.180189,
      2.288674,
      2.396772,
      2.505784,
      2.614353,
      2.722845,
      2.831382,
      2.939123,
      3.046306,
      3.155396,
      3.264001,
      3.371891,
      3.480392,
      3.588413,
      3.696784,
      3.805493,
      3.913805,
      4.021291,
      4.129178,
      4.237754,
      4.345954,
      4.453618,
      4.56188,
      4.669693,
      4.779647,
      4.887373,
      4.995562,
      5.10452,
      5.213779,
      5.321425,
      5.43012,
      5.539263,
      5.648278,
      5.757001,
      5.864696,
      5.972776,
      6.081662,
      6.189159,
      6.297705,
      6.40583,
      6.514217,
      6.62235,
      6.730912,
      6.839717,
      6.948786,
      7.057269,
      7.167124,
      7.274199,
      7.383187,
      7.491657,
      7.599942,
      7.707932,
      7.816322,
      7.925219,
      8.033739,
      8.141653,
      8.249563,
      8.357525,
      8.46642,
      8.575049,
      8.683526,
      8.792628,
      8.900772,
      9.009729,
      9.117349,
      9.226073,
      9.334475,
      9.443092,
      9.551674,
      9.659295,
      9.768039,
      9.875929,
      9.984245,
      10.092568,
      10.201558,
      10.308248,
      10.416997,
      10.525106,
      10.634253,
      10.743109,
      10.850595,
      10.958034,
      11.066856,
      11.174988,
      11.283047,
      11.391186,
      11.500077,
      11.609191,
      11.718689,
      11.827428,
      11.935978,
      12.043162,
      12.151364,
      12.260167,
      12.368413,
      12.476909,
      12.584674,
      12.692049,
      12.800315,
      12.90884,
      13.017682,
      13.126471,
      13.235052,
      13.343678,
      13.450174,
      13.556901,
      13.664166,
      13.772587,
      13.880929,
      13.987774,
      14.096457,
      14.205046,
      14.312859,
      14.421049,
      14.529707,
      14.637337,
      14.746071,
      14.854635,
      14.963566,
      15.071851,
      15.180978,
      15.289258,
      15.397277,
      15.51287,
      15.621453,
      15.730286,
      15.838064,
      15.946319,
      16.055029,
      16.163418,
      16.272216,
      16.380779,
      16.487053,
      16.595963,
      16.704533,
      16.812909,
      16.919532,
      17.02796,
      17.136439,
      17.244991,
      17.353689,
      17.46221,
      17.569377,
      17.67839,
      17.786915,
      17.89485,
      18.003512,
      18.111604,
      18.220248,
      18.329671,
      18.438142,
      18.546285,
      18.654838,
      18.763313,
      18.871046,
      18.979837,
      19.088821,
      19.196744,
      19.305275,
      19.414502,
      19.52223,
      19.630052,
      19.738738,
      19.846829,
      19.957614,
      20.066101,
      20.173541,
      20.281644,
      20.388476,
      20.497036,
      20.604444,
      20.712507,
      20.82488,
      20.925977
    ],
    "expected_tool_daemon_topology_max_sample_gap_seconds": 0.115593,
    "expected_tool_daemon_grace_elapsed_seconds": 20.925994,
    "expected_tool_daemon_hashes_verified": true,
    "expected_tool_daemon_sha256_by_role": {
      "cs_server": "9bf0e15ffe162a96679c14b8117cf8ebe8a47b8032bee4ab8cb0317c112df536",
      "rdi_xsdb": "3193d8c4e7115e82e5b4ea6c2eb1aa8a7566bd5a9f9c78e9d901b9eab9d4ebfc",
      "cmd": "75320a519959cc6d089ea3eba33c38caccb7f138a025ea439bc9686cdb79ded4",
      "conhost": "a93cbb36b9c02364be6a72817174c46f94b66715549f279c6592ed659d237911"
    },
    "expected_tool_daemon_hash_error": "",
    "expected_tool_daemon_prelaunch_hashes_verified": true,
    "expected_tool_daemon_prelaunch_sha256_by_role": {
      "cs_server": "9bf0e15ffe162a96679c14b8117cf8ebe8a47b8032bee4ab8cb0317c112df536",
      "rdi_xsdb": "3193d8c4e7115e82e5b4ea6c2eb1aa8a7566bd5a9f9c78e9d901b9eab9d4ebfc",
      "cmd": "75320a519959cc6d089ea3eba33c38caccb7f138a025ea439bc9686cdb79ded4",
      "conhost": "a93cbb36b9c02364be6a72817174c46f94b66715549f279c6592ed659d237911"
    },
    "expected_tool_daemon_prelaunch_hash_error": "",
    "expected_tool_daemon_postexit_hashes_verified": true,
    "expected_tool_daemon_postexit_sha256_by_role": {
      "cs_server": "9bf0e15ffe162a96679c14b8117cf8ebe8a47b8032bee4ab8cb0317c112df536",
      "rdi_xsdb": "3193d8c4e7115e82e5b4ea6c2eb1aa8a7566bd5a9f9c78e9d901b9eab9d4ebfc",
      "cmd": "75320a519959cc6d089ea3eba33c38caccb7f138a025ea439bc9686cdb79ded4",
      "conhost": "a93cbb36b9c02364be6a72817174c46f94b66715549f279c6592ed659d237911"
    },
    "expected_tool_daemon_postexit_hash_error": "",
    "expected_tool_daemon_topology_error": "",
    "expected_tool_daemon_topology_terminal_empty": true,
    "process_identity_query_retry_count": 0,
    "process_exit_race_recheck_count": 0,
    "process_identity_query_transient_errors": [],
    "containment_cleanup_attempted": false,
    "containment_cleanup_terminated": false,
    "process_exit_race_rechecked": false,
    "process_identity_query_retried": false,
    "containment_query_error": "",
    "launch_error": "",
    "passed": false,
    "failures": [
      "stage process returned nonzero exit code: 41",
      "stage marker mismatch: P7_JTAG_STAGE_RESULT expected=PASS observed=FAIL",
      "stage marker mismatch: P7_JTAG_AXI_TRANSACTIONS expected=PASS observed=MISSING",
      "stage marker mismatch: P7_TRANSACTION_COUNT expected=4269 observed=MISSING",
      "stage PASS marker missing from stdout"
    ],
    "result_file": "C:\\Users\\user\\Documents\\RF_COMM_MULTILANE\\evidence\\hardware\\p7\\authorized_sequence\\p7_20260711_stationary_app_r12_diag_suffix55\\002_p7_p6_frame_regression_m1\\p7_jtag_axi_raw_result.txt"
  },
  "stage_result_markers": {
    "P7_HW_TARGET": "localhost:3121/xilinx_tcf/Digilent/210512180081",
    "P7_HW_DEVICE": "xc7z010_1",
    "P7_HW_PART": "xc7z010clg400-1",
    "P7_HW_IDCODE": "00010011011100100010000010010011",
    "P7_HW_CANONICAL_PART": "xc7z010clg400-1",
    "P7_HW_LIVE_PART": "xc7z010",
    "P7_HW_LIVE_DEVICE": "xc7z010_1",
    "P7_HW_LIVE_IDCODE": "00010011011100100010000010010011",
    "P7_CANDIDATE_PROGRAMMED": "1",
    "P7_HW_AXI": "hw_axi_1",
    "P7_TXN_META_BACKEND": "p7_jtag_backend",
    "P7_TXN_META_LANE_POLICY": "LANE0_ONLY",
    "P7_BASE_TX_COUNT": "00000000",
    "P7_BASE_RX_GOOD_COUNT_L0": "00000000",
    "P7_BASE_RX_GOOD_COUNT_L1": "00000000",
    "P7_BASE_CRC_BAD": "00000000",
    "P7_BASE_PAYLOAD_MISMATCH": "00000000",
    "P7_BASE_RETRY_COUNT": "00000000",
    "P7_BASE_RETRY_EXHAUSTED": "00000000",
    "P7_BASE_TX_FAIL": "00000000",
    "P7_BASE_DUTY_VIOLATION": "00000000",
    "P7_BASE_RAW_TX_PULSES": "00000000",
    "P7_BASE_RAW_RX_PULSES": "00000000",
    "P7_BASE_FRAME_GOOD": "00000000",
    "P7_BASE_FRAME_BAD": "00000000",
    "P7_BASE_ACK_SENT": "00000000",
    "P7_BASE_ACK_SEEN": "00000000",
    "P7_BASE_TXD_HIGH_MAX": "00000000",
    "P7_BASE_ERROR_CODE": "00000000",
    "P7_BASE_STICKY_ERROR": "00000000",
    "P7_TCL_EMERGENCY_SHUTDOWN_PROGRAMMED": "1",
    "P7_TCL_PROGRAMMING_ATTEMPTED": "1",
    "P7_JTAG_STAGE_RESULT": "FAIL",
    "P7_JTAG_STAGE_ERROR": "ERROR: [Common 17-39] 'run_hw_axi' failed due to earlier errors."
  },
  "child_reaped_before_shutdown_after": true,
  "internal_error": "",
  "stage_failures": [
    "stage process returned nonzero exit code: 41",
    "stage marker mismatch: P7_JTAG_STAGE_RESULT expected=PASS observed=FAIL",
    "stage marker mismatch: P7_JTAG_AXI_TRANSACTIONS expected=PASS observed=MISSING",
    "stage marker mismatch: P7_TRANSACTION_COUNT expected=4269 observed=MISSING",
    "stage PASS marker missing from stdout"
  ],
  "backend_parse_failure": "",
  "global_runtime": {
    "elapsed_seconds": 195.163218,
    "authorized_max_seconds": 960,
    "within_authorized_limit": true
  },
  "reason": "stage return code/markers failed; nonzero return codes can never be promoted"
}
