captured_ms|sequence|label|role|admission_snapshot_words_csv|ps_runtime_words_csv|pl_perf_snapshot_words_csv
1785678576593|1001|stationary_30min_warmup_f2r_0000_4194304|fixed|2,1378943233,293,6126971,6082264,6092000,6082264,6092000,6082264,5820,5809,5809,5809,0,0,371,0,179311911,179148792,4096,4096,0,0,5810,5809,362093516,362075648,362093524,362075656,0,0,0,0,0,0,0,0,4096,256,131072,4,3|4,0,4194304,262144,16,0,0,0,0,56,0,44,0,14,11,0,1,56,0|4,1005431551,0,2891488,0,0,0,0,0,3065180,0,11,0,320131622,0,320131622,0,2080,314082658,0,8349914,0,0,0,0,0
1785678576593|1001|stationary_30min_warmup_f2r_0000_4194304|rotating|2,1378943233,560,6190265,6144450,35350,0,35350,0,750,0,375,0,0,0,5869,5869,2395152,0,4096,0,0,0,375,0,347300015,0,347300023,0,0,0,0,0,0,0,0,0,4096,256,131072,4,3|4,0,4194304,262144,16,0,0,0,0,56,0,44,0,14,11,0,1,56,0|4,395111027,0,0,0,2883584,0,2883584,0,8885,0,0,11,0,0,0,0,0,0,0,6880273,0,0,0,0,0
1785678584367|1002|stationary_30min_warmup_f2r_0001_16777216|fixed|6,1378943233,304,6525297,6481054,6490042,6481054,6490042,6481054,11693,11682,5841,5841,0,0,374,0,180323352,180143744,4096,4096,0,0,5841,5841,859311185,859289750,859311193,859289758,0,0,0,0,0,0,0,0,4096,256,131072,4,3|4,0,16777216,262144,64,0,0,0,0,56,0,44,0,14,11,0,1,56,0|12,1502948826,0,2907296,0,0,0,0,0,3268831,0,11,0,320707007,0,320707007,0,2080,316083490,0,6455955,0,0,0,0,0
1785678584367|1002|stationary_30min_warmup_f2r_0001_16777216|rotating|6,1378943233,560,6602712,6558057,35635,0,35635,0,756,0,378,0,0,0,5910,5910,2414336,0,4096,0,0,0,378,0,845394623,0,845394631,0,0,0,0,0,0,0,0,0,4096,256,131072,4,3|4,0,16777216,262144,64,0,0,0,0,56,0,44,0,14,11,0,1,56,0|12,892654319,0,0,0,2883584,0,2883584,0,8955,0,0,11,0,0,0,0,0,0,0,4993319,0,0,0,0,0
1785678589369|1002|stationary_30min_warmup_f2r_0001_16777216|fixed|8,1378943233,271,13158160,13069171,13087083,13069171,13087083,13069171,23586,23562,11780,11780,0,0,754,0,363678181,363318712,4096,4096,0,0,11781,11781,1179879195,1179879208,1179879203,1179879216,0,0,0,0,0,0,0,0,4096,256,131072,4,3|4,0,16777216,262144,64,0,0,0,0,100,0,88,0,25,22,0,1,100,0|14,1824040088,0,5846208,0,0,0,0,0,6571852,0,22,0,641063541,0,641063541,0,2080,635599863,0,7876739,0,0,0,0,0
1785678589369|1002|stationary_30min_warmup_f2r_0001_16777216|rotating|8,1378943233,560,13247975,13158497,71548,0,71548,0,1518,0,759,0,0,0,11860,11860,4847752,0,4096,0,0,0,759,0,1166563641,0,1166563649,0,0,0,0,0,0,0,0,0,4096,256,131072,4,3|4,0,16777216,262144,64,0,0,0,0,100,0,88,0,25,22,0,1,100,0|14,1213902016,0,0,0,5767168,0,5767168,0,17934,0,0,22,0,0,0,0,0,0,0,5012821,0,0,0,0,0
1785678594376|1002|stationary_30min_warmup_f2r_0001_16777216|fixed|10,1378943233,271,19788641,19654945,19681838,19654945,19681838,19654945,35466,35430,17715,17715,0,0,1133,0,546893956,546354799,4096,4096,0,0,17715,17715,1500058385,1500058718,1500058393,1500058726,0,0,0,0,0,0,0,0,4096,256,131072,4,3|4,0,16777216,262144,64,0,0,0,0,144,0,132,0,36,33,0,1,144,0|16,2143596879,0,8769312,0,0,0,0,0,9860410,0,33,0,959889556,0,959889556,0,2080,953579078,0,9300768,0,0,0,0,0
1785678594376|1002|stationary_30min_warmup_f2r_0001_16777216|rotating|10,1378943233,560,19869008,19734807,107278,0,107278,0,2276,0,1138,0,0,0,17786,17786,7268480,0,4096,0,0,0,1138,0,1486016853,0,1486016861,0,0,0,0,0,0,0,0,0,4096,256,131072,4,3|4,0,16777216,262144,64,0,0,0,0,144,0,132,0,36,33,0,1,144,0|16,1533529924,0,0,0,8650752,0,8650752,0,26866,0,0,33,0,0,0,0,0,0,0,5041662,0,0,0,0,0
1785678599396|1002|stationary_30min_warmup_f2r_0001_16777216|fixed|12,1378943233,304,26441452,26262734,26298636,26262734,26298636,26262734,47387,47340,23670,23670,0,0,1515,0,730740240,730021808,4096,4096,0,0,23670,23670,1821340074,1821340407,1821340082,1821340415,0,0,0,0,0,0,0,0,4096,256,131072,4,3|4,0,16777216,262144,64,0,0,0,0,188,0,176,0,47,44,0,1,188,0|18,2464929791,0,11716128,0,0,0,0,0,13167073,0,44,0,1280485764,0,1280485764,0,2080,1273331524,0,10726850,0,0,0,0,0
1785678599396|1002|stationary_30min_warmup_f2r_0001_16777216|rotating|12,1378943233,560,26521533,26342425,143193,0,143193,0,3038,0,1519,0,0,0,23741,23741,9701960,0,4096,0,0,0,1519,0,1807191211,0,1807191219,0,0,0,0,0,0,0,0,0,4096,256,131072,4,3|4,0,16777216,262144,64,0,0,0,0,188,0,176,0,47,44,0,1,188,0|18,1854884724,0,0,0,11534336,0,11534336,0,35844,0,0,44,0,0,0,0,0,0,0,5067041,0,0,0,0,0
1785678604413|1002|stationary_30min_warmup_f2r_0001_16777216|fixed|14,1378943233,304,33086136,32862431,32907408,32862431,32907408,32862431,59302,59244,29622,29622,0,0,1896,0,914490384,913592344,4096,4096,0,0,29622,29622,2142459769,2142460102,2142459777,2142460110,0,0,0,0,0,0,0,0,4096,256,131072,4,3|4,0,16777216,262144,64,0,0,0,0,232,0,220,0,58,55,0,1,232,0|20,2787196469,0,14662944,0,0,0,0,0,16481052,0,55,0,1602015738,0,1602015738,0,2080,1594018564,0,12152104,0,0,0,0,0
1785678604413|1002|stationary_30min_warmup_f2r_0001_16777216|rotating|14,1378943233,560,33190201,32965990,179196,0,179196,0,3802,0,1901,0,0,0,29715,29715,12141824,0,4096,0,0,0,1901,0,2129224233,0,2129224241,0,0,0,0,0,0,0,0,0,4096,256,131072,4,3|5,0,16777216,262144,64,0,0,0,0,236,0,224,0,59,56,0,1,236,0|20,2177130953,0,0,0,14680064,0,14680064,0,44870,0,0,56,0,0,0,0,0,0,0,5093522,0,0,0,0,0
1785678613549|1003|stationary_30min_warmup_f2r_0002_4194304|fixed|18,1378943233,304,6529242,6484996,6493987,6484996,6493987,6484996,5861,5849,5849,5849,0,0,374,0,180476744,180297224,4096,4096,0,0,5849,5849,2727126838,2727127171,2727126846,2727127179,0,0,0,0,0,0,0,0,4096,256,131072,4,3|4,0,4194304,262144,16,0,0,0,0,56,0,44,0,14,11,0,1,56,0|28,3370792676,0,2915200,0,0,0,0,0,3272329,0,11,0,321287415,0,321287415,0,2080,316666293,0,6455408,0,0,0,0,0
1785678613549|1003|stationary_30min_warmup_f2r_0002_4194304|rotating|18,1378943233,560,6610457,6565722,35729,0,35729,0,758,0,379,0,0,0,5921,5921,2420720,0,4096,0,0,0,379,0,2713515436,0,2713515444,0,0,0,0,0,0,0,0,0,4096,256,131072,4,3|4,0,4194304,262144,16,0,0,0,0,56,0,44,0,14,11,0,1,56,0|28,2760926754,0,0,0,2883584,0,2883584,0,8979,0,0,11,0,0,0,0,0,0,0,4993485,0,0,0,0,0
1785678636646|1009|stationary_30min_warmup_r2f_0000_4194304|fixed|32,1378943233,304,6124986,6081442,34937,0,34937,0,742,0,371,0,0,0,5807,5807,2370272,0,4096,0,0,0,371,0,4205356982,0,4205356990,0,0,0,0,0,0,0,0,0,4096,256,131072,4,3|5,0,4194304,262144,16,0,0,0,0,56,0,44,0,14,11,0,1,56,0|66,553887538,1,0,0,2883584,0,2883584,0,8805,0,0,11,0,0,0,0,0,0,0,6870840,0,0,0,0,0
1785678636646|1009|stationary_30min_warmup_r2f_0000_4194304|rotating|32,1378943233,527,6197000,6152172,6161590,6152172,6161590,6152172,5888,5877,5875,5875,0,0,376,0,181352948,181173679,4096,4096,0,0,5876,5876,4191715139,4191715160,4191715155,4191715168,0,0,0,0,0,0,0,0,4096,256,131072,4,3|4,0,4194304,262144,16,0,0,0,0,56,0,44,0,14,11,0,1,56,0|66,4238852946,0,2923104,0,0,0,0,0,3096866,0,11,0,323340001,0,323340001,0,2080,317293434,0,8355803,0,0,0,0,0
1785678644316|1010|stationary_30min_warmup_r2f_0001_16777216|fixed|36,1378943233,304,6530325,6486123,35222,0,35222,0,748,0,374,0,0,0,5845,5845,2389464,0,4096,0,0,0,374,0,401036292,0,401036300,0,0,0,0,0,0,0,0,0,4096,256,131072,4,3|4,0,16777216,262144,64,0,0,0,0,56,0,44,0,14,11,0,1,56,0|74,1044980285,1,0,0,2883584,0,2883584,0,8876,0,0,11,0,0,0,0,0,0,0,4995308,0,0,0,0,0
1785678644316|1010|stationary_30min_warmup_r2f_0001_16777216|rotating|36,1378943233,560,6609922,6565329,6574324,6565329,6574324,6565329,11846,11835,5917,5917,0,0,378,0,182669624,182490016,4096,4096,0,0,5917,5917,387747355,387747688,387747363,387747696,0,0,0,0,0,0,0,0,4096,256,131072,4,3|4,0,16777216,262144,64,0,0,0,0,56,0,44,0,14,11,0,1,56,0|74,434777958,1,2938912,0,0,0,0,0,3303230,0,11,0,324038065,0,324038065,0,2080,319419264,0,6459605,0,0,0,0,0
1785678649326|1010|stationary_30min_warmup_r2f_0001_16777216|fixed|38,1378943233,304,13172415,13083592,71009,0,71009,0,1508,0,754,0,0,0,11793,11793,4817248,0,4096,0,0,0,754,0,721470658,0,721470666,0,0,0,0,0,0,0,0,0,4096,256,131072,4,3|4,0,16777216,262144,64,0,0,0,0,100,0,88,0,25,22,0,1,100,0|76,1366514362,1,0,0,5767168,0,5767168,0,17846,0,0,22,0,0,0,0,0,0,0,5020467,0,0,0,0,0
1785678649326|1010|stationary_30min_warmup_r2f_0001_16777216|rotating|38,1378943233,527,13267586,13178170,13196010,13178170,13196010,13178170,23781,23759,11878,11878,0,0,760,0,366710251,366350784,4096,4096,0,0,11879,11879,709381131,709381144,709381139,709381120,0,0,0,0,0,0,0,0,4096,256,131072,4,3|4,0,16777216,262144,64,0,0,0,0,100,0,88,0,25,22,0,1,100,0|76,756572942,1,5885728,0,0,0,0,0,6613619,0,22,0,645096345,0,645096345,0,2080,639638879,0,7880590,0,0,0,0,0
1785678654338|1010|stationary_30min_warmup_r2f_0001_16777216|fixed|40,1378943233,304,19815401,19681643,106893,0,106893,0,2270,0,1135,0,0,0,17739,17739,7251464,0,4096,0,0,0,1135,0,1042633138,0,1042633146,0,0,0,0,0,0,0,0,0,4096,256,131072,4,3|4,0,16777216,262144,64,0,0,0,0,144,0,132,0,36,33,0,1,144,0|78,1686636658,1,0,0,8650752,0,8650752,0,26793,0,0,33,0,0,0,0,0,0,0,5042576,0,0,0,0,0
1785678654338|1010|stationary_30min_warmup_r2f_0001_16777216|rotating|40,1378943233,527,19885874,19751718,19778604,19751718,19778604,19751718,35640,35607,17802,17802,0,0,1139,0,549591456,549052385,4096,4096,0,0,17803,17803,1028979769,1028979750,1028979745,1028979758,0,0,0,0,0,0,0,0,4096,256,131072,4,3|4,0,16777216,262144,64,0,0,0,0,144,0,132,0,36,33,0,1,144,0|78,1076113365,1,8808832,0,0,0,0,0,9902022,0,33,0,963905992,0,963905992,0,2080,957611355,0,9294990,0,0,0,0,0
1785678659340|1010|stationary_30min_warmup_r2f_0001_16777216|fixed|42,1378943233,304,26462417,26283854,142773,0,142773,0,3032,0,1516,0,0,0,23689,23689,9685648,0,4096,0,0,0,1516,0,1363796200,0,1363796208,0,0,0,0,0,0,0,0,0,4096,256,131072,4,3|4,0,16777216,262144,64,0,0,0,0,188,0,176,0,47,44,0,1,188,0|80,2007282509,1,0,0,11534336,0,11534336,0,35740,0,0,44,0,0,0,0,0,0,0,5068604,0,0,0,0,0
1785678659340|1010|stationary_30min_warmup_r2f_0001_16777216|rotating|42,1378943233,527,26566498,26387335,26423159,26387335,26423159,26387335,47611,47567,23782,23782,0,0,1522,0,734209790,733491112,4096,4096,0,0,23783,23783,1351598393,1351598406,1351598401,1351598382,0,0,0,0,0,0,0,0,4096,256,131072,4,3|4,0,16777216,262144,64,0,0,0,0,188,0,176,0,47,44,0,1,188,0|80,1398673833,1,11763552,0,0,0,0,0,13221411,0,44,0,1285727780,0,1285727780,0,2080,1278602191,0,10709959,0,0,0,0,0
1785678664344|1010|stationary_30min_warmup_r2f_0001_16777216|fixed|44,1378943233,304,33087648,32864225,178561,0,178561,0,3792,0,1896,0,0,0,29624,29624,12113392,0,4096,0,0,0,1896,0,1684100652,0,1684100660,0,0,0,0,0,0,0,0,0,4096,256,131072,4,3|4,0,16777216,262144,64,0,0,0,0,232,0,220,0,58,55,0,1,232,0|82,2328040045,1,0,0,14417920,0,14417920,0,44709,0,0,55,0,0,0,0,0,0,0,5087762,0,0,0,0,0
1785678664344|1010|stationary_30min_warmup_r2f_0001_16777216|rotating|44,1378943233,527,33193373,32969362,33014251,32969362,33014251,32969362,59494,59439,29718,29718,0,0,1902,0,917476409,916578116,4096,4096,0,0,29719,29719,1671863084,1671863097,1671863092,1671863105,0,0,0,0,0,0,0,0,4096,256,131072,4,3|4,0,16777216,262144,64,0,0,0,0,236,0,224,0,59,56,0,1,236,0|82,1719312062,1,14695872,0,0,0,0,0,16517005,0,56,0,1605632929,0,1605632929,0,2080,1597536924,0,12255004,0,0,0,0,0
1785678673454|1011|stationary_30min_warmup_r2f_0002_4194304|fixed|48,1378943233,304,6532871,6488668,35222,0,35222,0,748,0,374,0,0,0,5852,5852,2389464,0,4096,0,0,0,374,0,2265619968,0,2265619976,0,0,0,0,0,0,0,0,0,4096,256,131072,4,3|4,0,4194304,262144,16,0,0,0,0,56,0,44,0,14,11,0,1,56,0|90,2909754424,1,0,0,2883584,0,2883584,0,8876,0,0,11,0,0,0,0,0,0,0,4995140,0,0,0,0,0
1785678673454|1011|stationary_30min_warmup_r2f_0002_4194304|rotating|48,1378943233,560,6610624,6565952,6574931,6565952,6574931,6565952,5934,5923,5922,5922,0,0,379,0,182729232,182549712,4096,4096,0,0,5922,5922,2252599903,2252600236,2252599911,2252600244,0,0,0,0,0,0,0,0,4096,256,131072,4,3|4,0,4194304,262144,16,0,0,0,0,56,0,44,0,14,11,0,1,56,0|90,2299790126,1,2946816,0,0,0,0,0,3305180,0,11,0,324458916,0,324458916,0,2064,319847199,0,6454206,0,0,0,0,0
1785678696615|1017|stationary_30min_formal_f2r_0000_4194304|fixed|62,1378943233,271,6122674,6079689,6087797,6079689,6087797,6079689,5817,5806,5805,5805,0,0,370,0,179209968,179046058,4096,4096,0,0,5806,5806,3748653733,3748653730,3748653693,3748653738,0,0,0,0,0,0,0,0,4096,256,131072,4,3|4,0,4194304,262144,16,0,0,0,0,56,0,44,0,14,11,0,1,56,0|128,97229164,2,2891488,0,0,0,0,0,3065386,0,11,0,320152400,0,320152400,0,2080,314101443,0,8351963,0,0,0,0,0
1785678696615|1017|stationary_30min_formal_f2r_0000_4194304|rotating|62,1378943233,560,6189758,6145648,35350,0,35350,0,750,0,375,0,0,0,5869,5869,2395152,0,4096,0,0,0,375,0,3734047956,0,3734047964,0,0,0,0,0,0,0,0,0,4096,256,131072,4,3|4,0,4194304,262144,16,0,0,0,0,56,0,44,0,14,11,0,1,56,0|128,3782028448,1,0,0,2883584,0,2883584,0,8908,0,0,11,0,0,0,0,0,0,0,6870532,0,0,0,0,0
1785678704347|1018|stationary_30min_formal_f2r_0001_16777216|fixed|66,1378943233,271,6529274,6485002,6494019,6485002,6494019,6485002,11702,11690,5844,5844,0,0,374,0,180433811,180253952,4096,4096,0,0,5845,5845,4243532637,4243532650,4243532645,4243532626,0,0,0,0,0,0,0,0,4096,256,131072,4,3|4,0,16777216,262144,64,0,0,0,0,56,0,44,0,14,11,0,1,56,0|136,592011285,2,2915200,0,0,0,0,0,3270058,0,11,0,320840557,0,320840557,0,2080,316219610,0,6455108,0,0,0,0,0
1785678704347|1018|stationary_30min_formal_f2r_0001_16777216|rotating|66,1378943233,560,6606286,6561624,35635,0,35635,0,756,0,378,0,0,0,5913,5913,2414336,0,4096,0,0,0,378,0,4229289780,0,4229289788,0,0,0,0,0,0,0,0,0,4096,256,131072,4,3|4,0,16777216,262144,64,0,0,0,0,56,0,44,0,14,11,0,1,56,0|136,4276872082,1,0,0,2883584,0,2883584,0,8955,0,0,11,0,0,0,0,0,0,0,4995121,0,0,0,0,0
1785678709358|1018|stationary_30min_formal_f2r_0001_16777216|fixed|68,1378943233,271,13174320,13085017,13103149,13085017,13103149,13085017,23613,23590,11794,11794,0,0,755,0,364124292,363764831,4096,4096,0,0,11795,11795,269579035,269579016,269579043,269579024,0,0,0,0,0,0,0,0,4096,256,131072,4,3|4,0,16777216,262144,64,0,0,0,0,100,0,88,0,25,22,0,1,100,0|138,912884015,2,5846208,0,0,0,0,0,6571009,0,22,0,640980535,0,640980535,0,2080,635514605,0,7879017,0,0,0,0,0
1785678709358|1018|stationary_30min_formal_f2r_0001_16777216|rotating|68,1378943233,560,13243780,13154189,71454,0,71454,0,1516,0,758,0,0,0,11857,11857,4841376,0,4096,0,0,0,758,0,254635081,0,254635097,0,0,0,0,0,0,0,0,0,4096,256,131072,4,3|4,0,16777216,262144,64,0,0,0,0,100,0,88,0,25,22,0,1,100,0|138,303221651,2,0,0,5767168,0,5767168,0,17934,0,0,22,0,0,0,0,0,0,0,5012838,0,0,0,0,0
1785678714364|1018|stationary_30min_formal_f2r_0001_16777216|fixed|70,1378943233,271,19803101,19669150,19696203,19669150,19696203,19669150,35491,35457,17728,17728,0,0,1134,0,547300161,546761084,4096,4096,0,0,17729,17729,589706508,589706521,589706516,589706529,0,0,0,0,0,0,0,0,4096,256,131072,4,3|4,0,16777216,262144,64,0,0,0,0,144,0,132,0,36,33,0,1,144,0|140,1233105649,2,8777216,0,0,0,0,0,9866323,0,33,0,960469417,0,960469417,0,2080,954157607,0,9303823,0,0,0,0,0
1785678714364|1018|stationary_30min_formal_f2r_0001_16777216|rotating|70,1378943233,560,19879381,19744938,107373,0,107373,0,2278,0,1139,0,0,0,17796,17796,7274864,0,4096,0,0,0,1139,0,575808148,0,575808156,0,0,0,0,0,0,0,0,0,4096,256,131072,4,3|4,0,16777216,262144,64,0,0,0,0,144,0,132,0,36,33,0,1,144,0|140,623466821,2,0,0,8650752,0,8650752,0,26890,0,0,33,0,0,0,0,0,0,0,5027942,0,0,0,0,0
1785678719374|1018|stationary_30min_formal_f2r_0001_16777216|fixed|72,1378943233,271,26442900,26264047,26300084,26264047,26300084,26264047,47389,47344,23671,23671,0,0,1515,0,730786969,730068284,4096,4096,0,0,23672,23672,910359929,910359942,910359937,910359950,0,0,0,0,0,0,0,0,4096,256,131072,4,3|4,0,16777216,262144,64,0,0,0,0,188,0,176,0,47,44,0,1,188,0|142,1554753409,2,11724032,0,0,0,0,0,13176286,0,44,0,1281380473,0,1281380473,0,2080,1274227879,0,10726927,0,0,0,0,0
1785678719374|1018|stationary_30min_formal_f2r_0001_16777216|rotating|72,1378943233,560,26541417,26362068,143286,0,143286,0,3040,0,1520,0,0,0,23759,23759,9708352,0,4096,0,0,0,1520,0,896979504,0,896979512,0,0,0,0,0,0,0,0,0,4096,256,131072,4,3|4,0,16777216,262144,64,0,0,0,0,188,0,176,0,47,44,0,1,188,0|142,944741595,2,0,0,11534336,0,11534336,0,35868,0,0,44,0,0,0,0,0,0,0,5047033,0,0,0,0,0
1785678724375|1018|stationary_30min_formal_f2r_0001_16777216|fixed|74,1378943233,271,33069094,32845388,32890460,32845388,32890460,32845388,59271,59215,29607,29607,0,0,1895,0,914029846,913131553,4096,4096,0,0,29608,29608,1230603797,1230603794,1230603805,1230603802,0,0,0,0,0,0,0,0,4096,256,131072,4,3|4,0,16777216,262144,64,0,0,0,0,232,0,220,0,58,55,0,1,232,0|144,1874186248,2,14647136,0,0,0,0,0,16460782,0,55,0,1600082536,0,1600082536,0,2080,1592080468,0,12153630,0,0,0,0,0
1785678724375|1018|stationary_30min_formal_f2r_0001_16777216|rotating|74,1378943233,560,33141433,32917334,179008,0,179008,0,3798,0,1899,0,0,0,29672,29672,12129072,0,4096,0,0,0,1899,0,1216435355,0,1216435363,0,0,0,0,0,0,0,0,0,4096,256,131072,4,3|4,0,16777216,262144,64,0,0,0,0,232,0,220,0,58,55,0,1,232,0|144,1264536467,2,0,0,14417920,0,14417920,0,44822,0,0,55,0,0,0,0,0,0,0,5063378,0,0,0,0,0
1785678733469|1019|stationary_30min_formal_f2r_0002_67108864|fixed|78,1378943233,271,6521299,6477112,6486044,6477112,6486044,6477112,5854,5842,5841,5841,0,0,374,0,180254160,180074390,4096,4096,0,0,5842,5842,1812586514,1812586495,1812586490,1812586503,0,0,0,0,0,0,0,0,4096,256,131072,4,3|4,0,67108864,262144,256,0,0,0,0,56,0,44,0,14,11,0,1,56,0|152,2455852070,2,2907296,0,0,0,0,0,3264144,0,11,0,320508776,0,320508776,0,2080,315886908,0,6454398,0,0,0,0,0
1785678733469|1019|stationary_30min_formal_f2r_0002_67108864|rotating|78,1378943233,560,6605422,6560849,35635,0,35635,0,756,0,378,0,0,0,5917,5917,2414336,0,4096,0,0,0,378,0,1798496670,0,1798496678,0,0,0,0,0,0,0,0,0,4096,256,131072,4,3|4,0,67108864,262144,256,0,0,0,0,56,0,44,0,14,11,0,1,56,0|152,1847023111,2,0,0,2883584,0,2883584,0,8979,0,0,11,0,0,0,0,0,0,0,4996329,0,0,0,0,0
1785678738472|1019|stationary_30min_formal_f2r_0002_67108864|fixed|80,1378943233,304,13145622,13056631,13074638,13056631,13074638,13056631,11800,11777,11777,11777,0,0,753,0,363391112,363032072,4096,4096,0,0,11777,11777,2132794649,2132794982,2132794657,2132794990,0,0,0,0,0,0,0,0,4096,256,131072,4,3|4,0,67108864,262144,256,0,0,0,0,100,0,88,0,25,22,0,1,100,0|154,2776279930,2,5838304,0,0,0,0,0,6558434,0,22,0,640203884,0,640203884,0,2080,634737329,0,7878011,0,0,0,0,0
1785678738472|1019|stationary_30min_formal_f2r_0002_67108864|rotating|80,1378943233,560,13218030,13128632,71361,0,71361,0,1514,0,757,0,0,0,11841,11841,4835000,0,4096,0,0,0,757,0,2117949433,0,2117949441,0,0,0,0,0,0,0,0,0,4096,256,131072,4,3|4,0,67108864,262144,256,0,0,0,0,100,0,88,0,25,22,0,1,100,0|154,2166114882,2,0,0,5767168,0,5767168,0,17910,0,0,22,0,0,0,0,0,0,0,5016129,0,0,0,0,0
1785678743479|1019|stationary_30min_formal_f2r_0002_67108864|fixed|82,1378943233,271,19774343,19640609,19667540,19640609,19667540,19640609,17749,17715,17714,17714,0,0,1133,0,546594008,546055201,4096,4096,0,0,17715,17715,2453141368,2453141349,2453141344,2453141357,0,0,0,0,0,0,0,0,4096,256,131072,4,3|4,0,67108864,262144,256,0,0,0,0,144,0,132,0,36,33,0,1,144,0|156,3097191546,2,8777216,0,0,0,0,0,9858644,0,33,0,960380772,0,960380772,0,2080,954069218,0,9303633,0,0,0,0,0
1785678743479|1019|stationary_30min_formal_f2r_0002_67108864|rotating|82,1378943233,560,19864171,19729931,107278,0,107278,0,2276,0,1138,0,0,0,17794,17794,7268480,0,4096,0,0,0,1138,0,2439123281,0,2439123289,0,0,0,0,0,0,0,0,0,4096,256,131072,4,3|4,0,67108864,262144,256,0,0,0,0,144,0,132,0,36,33,0,1,144,0|156,2487260618,2,0,0,8650752,0,8650752,0,26890,0,0,33,0,0,0,0,0,0,0,5032510,0,0,0,0,0
1785678748491|1019|stationary_30min_formal_f2r_0002_67108864|fixed|84,1378943233,271,26415465,26236885,26272743,26236885,26272743,26236885,23708,23663,23662,23662,0,0,1514,0,730140161,729421836,4096,4096,0,0,23663,23663,2774063166,2774063147,2774063174,2774063155,0,0,0,0,0,0,0,0,4096,256,131072,4,3|4,0,67108864,262144,256,0,0,0,0,188,0,176,0,47,44,0,1,188,0|158,3418407675,2,11716128,0,0,0,0,0,13161941,0,44,0,1280862173,0,1280862173,0,2080,1273708555,0,10726320,0,0,0,0,0
1785678748491|1019|stationary_30min_formal_f2r_0002_67108864|rotating|84,1378943233,560,26509322,26330275,143193,0,143193,0,3038,0,1519,0,0,0,23747,23747,9701960,0,4096,0,0,0,1519,0,2760294208,0,2760294216,0,0,0,0,0,0,0,0,0,4096,256,131072,4,3|4,0,67108864,262144,256,0,0,0,0,188,0,176,0,47,44,0,1,188,0|158,2808379874,2,0,0,11534336,0,11534336,0,35868,0,0,44,0,0,0,0,0,0,0,5047309,0,0,0,0,0
1785678753491|1019|stationary_30min_formal_f2r_0002_67108864|fixed|86,1378943233,271,33032920,32809485,32854379,32809485,32854379,32809485,29652,29596,29595,29595,0,0,1894,0,913185235,912287384,4096,4096,0,0,29596,29596,3094128150,3094128163,3094128158,3094128139,0,0,0,0,0,0,0,0,4096,256,131072,4,3|4,0,67108864,262144,256,0,0,0,0,232,0,220,0,58,55,0,1,232,0|160,3737706650,2,14639232,0,0,0,0,0,16442708,0,55,0,1599430372,0,1599430372,0,2080,1591431304,0,12148999,0,0,0,0,0
1785678753491|1019|stationary_30min_formal_f2r_0002_67108864|rotating|86,1378943233,560,33104643,32880820,178915,0,178915,0,3796,0,1898,0,0,0,29659,29659,12122688,0,4096,0,0,0,1898,0,3079746032,0,3079746040,0,0,0,0,0,0,0,0,0,4096,256,131072,4,3|4,0,67108864,262144,256,0,0,0,0,232,0,220,0,58,55,0,1,232,0|160,3127277743,2,0,0,14417920,0,14417920,0,44775,0,0,55,0,0,0,0,0,0,0,5067431,0,0,0,0,0
1785678758496|1019|stationary_30min_formal_f2r_0002_67108864|fixed|88,1378943233,304,39654012,39385916,39439655,39385916,39439655,39385916,35596,35530,35529,35529,0,0,2274,0,1096282824,1095205704,4096,4096,0,0,35529,35529,3414258747,3414259080,3414258755,3414259088,0,0,0,0,0,0,0,0,4096,256,131072,4,3|4,0,67108864,262144,256,0,0,0,0,276,0,264,0,69,66,0,1,276,0|162,4057787193,2,17563648,0,0,0,0,0,19732464,0,67,0,1918779811,0,1918779811,0,2080,1909934315,0,13572705,0,0,0,0,0
1785678758496|1019|stationary_30min_formal_f2r_0002_67108864|rotating|88,1378943233,560,39729581,39460320,214830,0,214830,0,4558,0,2279,0,0,0,35596,35596,14556112,0,4096,0,0,0,2279,0,3400343896,0,3400343904,0,0,0,0,0,0,0,0,0,4096,256,131072,4,3|4,0,67108864,262144,256,0,0,0,0,280,0,268,0,70,67,0,1,280,0|162,3448072190,2,0,0,17563648,0,17563648,0,53755,0,0,67,0,0,0,0,0,0,0,5092711,0,0,0,0,0
1785678763501|1019|stationary_30min_formal_f2r_0002_67108864|fixed|90,1378943233,271,46277390,45963788,46027210,45963788,46027210,45963788,41543,41465,41463,41463,0,0,2654,0,1279390601,1278117388,4096,4096,0,0,41464,41464,3734564045,3734564058,3734564053,3734564066,0,0,0,0,0,0,0,0,4096,256,131072,4,3|4,0,67108864,262144,256,0,0,0,0,324,0,312,0,81,78,0,1,324,0|164,83120148,3,20494656,0,0,0,0,0,23023997,0,78,0,2238347310,0,2238347310,0,2080,2228522790,0,15126309,0,0,0,0,0
1785678763501|1019|stationary_30min_formal_f2r_0002_67108864|rotating|90,1378943233,560,46357135,46043041,250651,0,250651,0,5318,0,2659,0,0,0,41534,41534,16983192,0,4096,0,0,0,2659,0,3720657075,0,3720657083,0,0,0,0,0,0,0,0,0,4096,256,131072,4,3|4,0,67108864,262144,256,0,0,0,0,324,0,312,0,81,78,0,1,324,0|164,3767918818,2,0,0,20447232,0,20447232,0,62710,0,0,78,0,0,0,0,0,0,0,5119101,0,0,0,0,0
1785678768515|1019|stationary_30min_formal_f2r_0002_67108864|fixed|92,1378943233,271,52923952,52565425,52637856,52565425,52637856,52565425,47507,47418,47416,47416,0,0,3035,0,1463092572,1461639839,4096,4096,0,0,47417,47417,4055756515,4055756528,4055756523,4055756536,0,0,0,0,0,0,0,0,4096,256,131072,4,3|4,0,67108864,262144,256,0,0,0,0,368,0,356,0,92,89,0,1,368,0|166,404049929,3,23433568,0,0,0,0,0,26324197,0,89,0,2558542363,0,2558542363,0,2080,2547875761,0,16549014,0,0,0,0,0
1785678768515|1019|stationary_30min_formal_f2r_0002_67108864|rotating|92,1378943233,560,52994178,52635257,286473,0,286473,0,6078,0,3039,0,0,0,47479,47479,19410256,0,4096,0,0,0,3039,0,4040968497,0,4040968505,0,0,0,0,0,0,0,0,0,4096,256,131072,4,3|4,0,67108864,262144,256,0,0,0,0,368,0,356,0,92,89,0,1,368,0|166,4088826926,2,0,0,23330816,0,23330816,0,71689,0,0,89,0,0,0,0,0,0,0,5147799,0,0,0,0,0
1785678773526|1019|stationary_30min_formal_f2r_0002_67108864|fixed|94,1378943233,271,59555658,59152241,59233645,59152241,59233645,59152241,53460,53359,53357,53357,0,0,3416,0,1646386952,1644754702,4096,4096,0,0,53358,53358,81288684,81288665,81288660,81288673,0,0,0,0,0,0,0,0,4096,256,131072,4,3|4,0,67108864,262144,256,0,0,0,0,412,0,400,0,103,100,0,1,412,0|168,724775627,3,26364576,0,0,0,0,0,29622425,0,100,0,2878535309,0,2878535309,0,2080,2867023554,0,17973093,0,0,0,0,0
1785678773526|1019|stationary_30min_formal_f2r_0002_67108864|rotating|94,1378943233,560,59635884,59232093,322390,0,322390,0,6840,0,3420,0,0,0,53429,53429,21843728,0,4096,0,0,0,3420,0,67173511,0,67173519,0,0,0,0,0,0,0,0,0,4096,256,131072,4,3|4,0,67108864,262144,256,0,0,0,0,412,0,400,0,103,100,0,1,412,0|168,114835620,3,0,0,26214400,0,26214400,0,80644,0,0,100,0,0,0,0,0,0,0,5163889,0,0,0,0,0
1785678778531|1019|stationary_30min_formal_f2r_0002_67108864|fixed|96,1378943233,271,66187948,65739774,65830114,65739774,65830114,65739774,59411,59301,59297,59297,0,0,3796,0,1829681090,1827869317,4096,4096,0,0,59298,59298,401776295,401776308,401776303,401776316,0,0,0,0,0,0,0,0,4096,256,131072,4,3|4,0,67108864,262144,256,0,0,0,0,456,0,444,0,114,111,0,1,456,0|170,1045285896,3,29303488,0,0,0,0,0,32918490,0,111,0,3198310850,0,3198310850,0,2080,3185954537,0,19398274,0,0,0,0,0
1785678778531|1019|stationary_30min_formal_f2r_0002_67108864|rotating|96,1378943233,560,66259949,65811401,358208,0,358208,0,7600,0,3800,0,0,0,59362,59362,24270864,0,4096,0,0,0,3800,0,387487396,0,387487404,0,0,0,0,0,0,0,0,0,4096,256,131072,4,3|4,0,67108864,262144,256,0,0,0,0,456,0,444,0,114,111,0,1,456,0|170,434849344,3,0,0,29097984,0,29097984,0,89598,0,0,111,0,0,0,0,0,0,0,5188123,0,0,0,0,0
1785678783546|1019|stationary_30min_formal_f2r_0002_67108864|fixed|98,1378943233,271,72829795,72336869,72436052,72336869,72436052,72336869,65371,65250,65247,65247,0,0,4177,0,2013260356,2011268983,4096,4096,0,0,65247,65247,722752873,722753206,722752881,722753214,0,0,0,0,0,0,0,0,4096,256,131072,4,3|4,0,67108864,262144,256,0,0,0,0,500,0,488,0,125,122,0,1,500,0|172,1365262166,3,32226592,0,0,0,0,0,36208758,0,122,0,3517556344,0,3517556344,0,2080,3504352533,0,20823001,0,0,0,0,0
1785678783546|1019|stationary_30min_formal_f2r_0002_67108864|rotating|98,1378943233,560,72883321,72390110,394025,0,394025,0,8360,0,4180,0,0,0,65295,65295,26697920,0,4096,0,0,0,4180,0,707800792,0,707800808,0,0,0,0,0,0,0,0,0,4096,256,131072,4,3|5,0,67108864,262144,256,0,0,0,0,504,0,492,0,126,123,0,1,504,0|172,754797620,3,0,0,32243712,0,32243712,0,98553,0,0,123,0,0,0,0,0,0,0,5209322,0,0,0,0,0
1785678788558|1019|stationary_30min_formal_f2r_0002_67108864|fixed|100,1378943233,271,79464280,78925718,79034620,78925718,79034620,78925718,71326,71193,71189,71189,0,0,4558,0,2196627253,2194440128,4096,4096,0,0,71190,71190,1043502007,1043501988,1043502015,1043501996,0,0,0,0,0,0,0,0,4096,256,131072,4,3|4,0,67108864,262144,256,0,0,0,0,548,0,536,0,137,134,0,1,548,0|174,1687009379,3,35174720,0,0,0,0,0,39516078,0,134,0,3838566525,0,3838566525,0,2080,3824388009,0,22375729,0,0,0,0,0
1785678788558|1019|stationary_30min_formal_f2r_0002_67108864|rotating|100,1378943233,560,79547343,79008388,430037,0,430037,0,9124,0,4562,0,0,0,71264,71264,29137776,0,4096,0,0,0,4562,0,1029258102,0,1029258118,0,0,0,0,0,0,0,0,0,4096,256,131072,4,3|4,0,67108864,262144,256,0,0,0,0,548,0,536,0,137,134,0,1,548,0|174,1077893421,3,0,0,35127296,0,35127296,0,107580,0,0,134,0,0,0,0,0,0,0,5238069,0,0,0,0,0
1785678793568|1019|stationary_30min_formal_f2r_0002_67108864|fixed|102,1378943233,271,86099033,85515642,85633552,85515642,85633552,85515642,77282,77138,77134,77134,0,0,4938,0,2380054343,2377687696,4096,4096,0,0,77135,77135,1364228233,1364228246,1364228241,1364228222,0,0,0,0,0,0,0,0,4096,256,131072,4,3|4,0,67108864,262144,256,0,0,0,0,592,0,580,0,148,145,0,1,592,0|176,2007726481,3,38105728,0,0,0,0,0,42813222,0,145,0,4158550875,0,4158550875,0,2080,4143527680,0,23799334,0,0,0,0,0
1785678793568|1019|stationary_30min_formal_f2r_0002_67108864|rotating|102,1378943233,560,86169020,85585255,465858,0,465858,0,9884,0,4942,0,0,0,77197,77197,31564824,0,4096,0,0,0,4942,0,1349570418,0,1349570426,0,0,0,0,0,0,0,0,0,4096,256,131072,4,3|4,0,67108864,262144,256,0,0,0,0,592,0,580,0,148,145,0,1,592,0|176,1397230937,3,0,0,38010880,0,38010880,0,116512,0,0,145,0,0,0,0,0,0,0,5261394,0,0,0,0,0
1785678798579|1019|stationary_30min_formal_f2r_0002_67108864|fixed|104,1378943233,271,92737962,92109701,92236564,92109701,92236564,92109701,83239,83084,83080,83080,0,0,5319,0,2563537710,2560991537,4096,4096,0,0,83081,83081,1685042293,1685042306,1685042301,1685042314,0,0,0,0,0,0,0,0,4096,256,131072,4,3|4,0,67108864,262144,256,0,0,0,0,636,0,624,0,159,156,0,1,636,0|178,2327572730,3,41036736,0,0,0,0,0,46102407,0,156,0,182697076,1,182697076,1,2080,166828978,1,25223163,0,0,0,0,0
1785678798579|1019|stationary_30min_formal_f2r_0002_67108864|rotating|104,1378943233,560,92805733,92177079,501776,0,501776,0,10646,0,5323,0,0,0,83141,83141,33998296,0,4096,0,0,0,5323,0,1670742464,0,1670742472,0,0,0,0,0,0,0,0,0,4096,256,131072,4,3|4,0,67108864,262144,256,0,0,0,0,636,0,624,0,159,156,0,1,636,0|178,1717919672,3,0,0,40894464,0,40894464,0,125491,0,0,156,0,0,0,0,0,0,0,5278816,0,0,0,0,0
1785678803592|1019|stationary_30min_formal_f2r_0002_67108864|fixed|106,1378943233,271,99370806,98697579,98833586,98697579,98833586,98697579,89191,89025,89022,89022,0,0,5699,0,2746860806,2744135033,4096,4096,0,0,89022,89022,2005576041,2005576374,2005576049,2005576382,0,0,0,0,0,0,0,0,4096,256,131072,4,3|4,0,67108864,262144,256,0,0,0,0,680,0,668,0,170,167,0,1,680,0|180,2649141018,3,43975648,0,0,0,0,0,49409398,0,167,0,503530636,1,503530636,1,2080,486820324,1,26646000,0,0,0,0,0
1785678803592|1019|stationary_30min_formal_f2r_0002_67108864|rotating|106,1378943233,560,99448908,98775297,537594,0,537594,0,11406,0,5703,0,0,0,89092,89092,36425424,0,4096,0,0,0,5703,0,1991054008,0,1991054016,0,0,0,0,0,0,0,0,0,4096,256,131072,4,3|4,0,67108864,262144,256,0,0,0,0,680,0,668,0,170,167,0,1,680,0|180,2038859275,3,0,0,43778048,0,43778048,0,134445,0,0,167,0,0,0,0,0,0,0,5293862,0,0,0,0,0
1785678808606|1019|stationary_30min_formal_f2r_0002_67108864|fixed|108,1378943233,304,106011048,105293110,105437918,105293110,105437918,105293110,95151,94973,94970,94970,0,0,6080,0,2930394320,2927489360,4096,4096,0,0,94970,94970,2326480823,2326481156,2326480831,2326481164,0,0,0,0,0,0,0,0,4096,256,131072,4,3|4,0,67108864,262144,256,0,0,0,0,724,0,712,0,181,178,0,1,724,0|182,2970781972,3,46922464,0,0,0,0,0,52716833,0,178,0,824434886,1,824434886,1,2080,806881674,1,28071220,0,0,0,0,0
1785678808606|1019|stationary_30min_formal_f2r_0002_67108864|rotating|108,1378943233,560,106119822,105400512,573790,0,573790,0,12174,0,6087,0,0,0,95067,95067,38878032,0,4096,0,0,0,6087,0,2314231996,0,2314232004,0,0,0,0,0,0,0,0,0,4096,256,131072,4,3|4,0,67108864,262144,256,0,0,0,0,728,0,716,0,182,179,0,1,728,0|182,2361882035,3,0,0,46923776,0,46923776,0,143495,0,0,179,0,0,0,0,0,0,0,5316582,0,0,0,0,0
1785678813611|1019|stationary_30min_formal_f2r_0002_67108864|fixed|110,1378943233,271,112636816,111873497,112027866,111873497,112027866,111873497,101098,100908,100904,100904,0,0,6460,0,3113508392,3110407339,4096,4096,0,0,100905,100905,2646793634,2646793647,2646793642,2646793655,0,0,0,0,0,0,0,0,4096,256,131072,4,3|4,0,67108864,262144,256,0,0,0,0,772,0,760,0,193,190,0,1,772,0|184,3290378984,3,49838976,0,0,0,0,0,56002231,0,190,0,1143302770,1,1143302770,1,2080,1124768063,1,29623950,0,0,0,0,0
1785678813611|1019|stationary_30min_formal_f2r_0002_67108864|rotating|110,1378943233,560,112718057,111954252,609424,0,609424,0,12930,0,6465,0,0,0,100977,100977,41292360,0,4096,0,0,0,6465,0,2632825230,0,2632825238,0,0,0,0,0,0,0,0,0,4096,256,131072,4,3|4,0,67108864,262144,256,0,0,0,0,772,0,760,0,193,190,0,1,772,0|184,2682109276,3,0,0,49807360,0,49807360,0,152450,0,0,190,0,0,0,0,0,0,0,5337811,0,0,0,0,0
1785678818623|1019|stationary_30min_formal_f2r_0002_67108864|fixed|112,1378943233,271,119272679,118464408,118627813,118464408,118627813,118464408,107058,106857,106853,106853,0,0,6841,0,3297077216,3293796648,4096,4096,0,0,106854,106854,2967759190,2967759171,2967759166,2967759179,0,0,0,0,0,0,0,0,4096,256,131072,4,3|4,0,67108864,262144,256,0,0,0,0,816,0,804,0,204,201,0,1,816,0|186,3611352240,3,52777888,0,0,0,0,0,59299800,0,201,0,1463541298,1,1463541298,1,2080,1444163611,1,31047553,0,0,0,0,0
1785678818623|1019|stationary_30min_formal_f2r_0002_67108864|rotating|112,1378943233,560,119360568,118551805,645338,0,645338,0,13692,0,6846,0,0,0,106932,106932,43725784,0,4096,0,0,0,6846,0,2953997073,0,2953997081,0,0,0,0,0,0,0,0,0,4096,256,131072,4,3|4,0,67108864,262144,256,0,0,0,0,816,0,804,0,204,201,0,1,816,0|186,3002296654,3,0,0,52690944,0,52690944,0,161405,0,0,201,0,0,0,0,0,0,0,5358325,0,0,0,0,0
1785678823627|1019|stationary_30min_formal_f2r_0002_67108864|fixed|114,1378943233,271,125892203,125039091,125211515,125039091,125211515,125039091,113006,112794,112790,112790,0,0,7221,0,3480255762,3476795672,4096,4096,0,0,112791,112791,3288054454,3288054467,3288054462,3288054443,0,0,0,0,0,0,0,0,4096,256,131072,4,3|4,0,67108864,262144,256,0,0,0,0,860,0,848,0,215,212,0,1,860,0|188,3931734084,3,55708896,0,0,0,0,0,62590460,0,212,0,1783190390,1,1783190390,1,2080,1762966947,1,32472235,0,0,0,0,0
1785678823627|1019|stationary_30min_formal_f2r_0002_67108864|rotating|114,1378943233,560,125963321,125109819,681068,0,681068,0,14450,0,7225,0,0,0,112854,112854,46146504,0,4096,0,0,0,7225,0,3273450898,0,3273450906,0,0,0,0,0,0,0,0,0,4096,256,131072,4,3|4,0,67108864,262144,256,0,0,0,0,860,0,848,0,215,212,0,1,860,0|188,3321131063,3,0,0,55574528,0,55574528,0,170314,0,0,212,0,0,0,0,0,0,0,5383217,0,0,0,0,0
1785678828640|1019|stationary_30min_formal_f2r_0002_67108864|fixed|116,1378943233,271,132521513,131623360,131804908,131623360,131804908,131623360,118961,118737,118733,118733,0,0,7602,0,3663627325,3659987720,4096,4096,0,0,118734,118734,3608682326,3608682307,3608682334,3608682315,0,0,0,0,0,0,0,0,4096,256,131072,4,3|4,0,67108864,262144,256,0,0,0,0,904,0,892,0,226,223,0,1,904,0|190,4252294031,3,58647808,0,0,0,0,0,65884227,0,223,0,2103015609,1,2103015609,1,2080,2081948364,1,33896660,0,0,0,0,0
1785678828640|1019|stationary_30min_formal_f2r_0002_67108864|rotating|116,1378943233,560,132601663,131703124,716981,0,716981,0,15212,0,7606,0,0,0,118804,118804,48579992,0,4096,0,0,0,7606,0,3594623551,0,3594623559,0,0,0,0,0,0,0,0,0,4096,256,131072,4,3|4,0,67108864,262144,256,0,0,0,0,904,0,892,0,226,223,0,1,904,0|190,3642004018,3,0,0,58458112,0,58458112,0,179292,0,0,223,0,0,0,0,0,0,0,5404091,0,0,0,0,0
1785678833661|1019|stationary_30min_formal_f2r_0002_67108864|fixed|118,1378943233,293,139165799,138222865,138413282,138222865,138413282,138222865,124928,124693,124690,124690,0,0,7983,0,3847434799,3843615760,4096,4096,0,0,124691,124690,3930067201,3930049301,3930067209,3930049309,0,0,0,0,0,0,0,0,4096,256,131072,4,3|4,0,67108864,262144,256,0,0,0,0,948,0,936,0,237,234,0,1,948,0|192,278641346,4,61586720,0,0,0,0,0,69185493,0,234,0,2423595492,1,2423595492,1,2065,2401684743,1,35320787,0,0,0,0,0
1785678833661|1019|stationary_30min_formal_f2r_0002_67108864|rotating|118,1378943233,560,139256033,138312630,752985,0,752985,0,15976,0,7988,0,0,0,124771,124771,51019840,0,4096,0,0,0,7988,0,3916655409,0,3916655425,0,0,0,0,0,0,0,0,0,4096,256,131072,4,3|5,0,67108864,262144,256,0,0,0,0,952,0,940,0,238,235,0,1,952,0|192,3964091463,3,0,0,61603840,0,61603840,0,188317,0,0,235,0,0,0,0,0,0,0,5433554,0,0,0,0,0
1785678838672|1019|stationary_30min_formal_f2r_0002_67108864|fixed|120,1378943233,271,145794929,144806550,145006499,144806550,145006499,144806550,130884,130637,130633,130633,0,0,8364,0,4030821590,4026806617,4096,4096,0,0,130634,130634,4250840230,4250840243,4250840238,4250840251,0,0,0,0,0,0,0,0,4096,256,131072,4,3|4,0,67108864,262144,256,0,0,0,0,996,0,984,0,249,246,0,1,996,0|194,599515604,4,64519040,0,0,0,0,0,72480773,0,246,0,2743736670,1,2743736670,1,2080,2720846423,1,36874914,0,0,0,0,0
1785678838672|1019|stationary_30min_formal_f2r_0002_67108864|rotating|120,1378943233,560,145873733,144884958,788810,0,788810,0,16736,0,8368,0,0,0,130704,130704,53446936,0,4096,0,0,0,8368,0,4236395055,0,4236395063,0,0,0,0,0,0,0,0,0,4096,256,131072,4,3|4,0,67108864,262144,256,0,0,0,0,996,0,984,0,249,246,0,1,996,0|194,4284157749,3,0,0,64487424,0,64487424,0,197249,0,0,246,0,0,0,0,0,0,0,5451322,0,0,0,0,0
1785678848553|1020|stationary_30min_formal_f2r_0003_4194304|fixed|124,1378943233,304,6183914,6140172,6148564,6140172,6148564,6140172,5877,5865,5865,5865,0,0,375,0,181042968,180863464,4096,4096,0,0,5865,5865,588206839,588207188,588206847,588207196,0,0,0,0,0,0,0,0,4096,256,131072,4,3|4,0,4194304,262144,16,0,0,0,0,56,0,44,0,14,11,0,1,56,0|202,1232240472,4,2931008,0,0,0,0,0,3101784,0,11,0,322586855,0,322586855,0,2080,317893076,0,6555689,0,0,0,0,0
1785678848553|1020|stationary_30min_formal_f2r_0003_4194304|rotating|124,1378943233,560,6285763,6241402,35916,0,35916,0,762,0,381,0,0,0,5961,5961,2433472,0,4096,0,0,0,381,0,575458137,0,575458145,0,0,0,0,0,0,0,0,0,4096,256,131072,4,3|4,0,4194304,262144,16,0,0,0,0,56,0,44,0,14,11,0,1,56,0|202,623953367,4,0,0,2883584,0,2883584,0,9049,0,0,11,0,0,0,0,0,0,0,5105629,0,0,0,0,0
1785678856177|1021|stationary_30min_formal_f2r_0004_16777216|fixed|128,1378943233,271,6114508,6070968,6079253,6070968,6079253,6070968,5855,5843,5843,5843,0,0,374,0,180352168,180175739,4096,4096,0,0,5843,5843,1076222265,1076222598,1076222281,1076222614,0,0,0,0,0,0,0,0,4096,256,131072,4,3|4,0,16777216,262144,64,0,0,0,0,56,0,44,0,14,11,0,1,56,0|210,1719818740,4,2915200,0,0,0,0,0,3062658,0,11,0,321283572,0,321283572,0,2080,316274599,0,6937329,0,0,0,0,0
1785678856177|1021|stationary_30min_formal_f2r_0004_16777216|rotating|128,1378943233,560,6188765,6144794,35635,0,35635,0,756,0,378,0,0,0,5914,5914,2414336,0,4096,0,0,0,378,0,1062076945,0,1062076953,0,0,0,0,0,0,0,0,0,4096,256,131072,4,3|4,0,16777216,262144,64,0,0,0,0,56,0,44,0,14,11,0,1,56,0|210,1109735735,4,0,0,2883584,0,2883584,0,8955,0,0,11,0,0,0,0,0,0,0,5462693,0,0,0,0,0
1785678861186|1021|stationary_30min_formal_f2r_0004_16777216|fixed|130,1378943233,271,12334455,12246447,12263378,12246447,12263378,12246447,11809,11786,11786,11785,0,0,754,0,363797135,363438618,4096,4096,0,0,11786,11786,1396857733,1396857890,1396857741,1396857898,0,0,0,0,0,0,0,0,4096,256,131072,4,3|4,0,16777216,262144,64,0,0,0,0,100,0,88,0,25,22,0,1,100,0|212,2040848289,4,5846208,0,0,0,0,0,6156468,0,22,0,641580369,0,641580369,0,2080,635725838,0,8361813,0,0,0,0,0
1785678861186|1021|stationary_30min_formal_f2r_0004_16777216|rotating|130,1378943233,560,12415507,12327003,71548,0,71548,0,1518,0,759,0,0,0,11863,11863,4847752,0,4096,0,0,0,759,0,1383249656,0,1383249664,0,0,0,0,0,0,0,0,0,4096,256,131072,4,3|4,0,16777216,262144,64,0,0,0,0,100,0,88,0,25,22,0,1,100,0|212,1430859050,4,0,0,5767168,0,5767168,0,17934,0,0,22,0,0,0,0,0,0,0,5485769,0,0,0,0,0
1785678866206|1021|stationary_30min_formal_f2r_0004_16777216|fixed|132,1378943233,304,18566218,18433920,18459225,18433920,18459225,18433920,17774,17740,17740,17740,0,0,1135,0,547583992,547047608,4096,4096,0,0,17740,17740,1718093741,1718094074,1718093749,1718094082,0,0,0,0,0,0,0,0,4096,256,131072,4,3|4,0,16777216,262144,64,0,0,0,0,144,0,132,0,36,33,0,1,144,0|214,2361522505,4,8785120,0,0,0,0,0,9246766,0,33,0,961519857,0,961519857,0,2080,954811811,0,9795951,0,0,0,0,0
1785678866206|1021|stationary_30min_formal_f2r_0004_16777216|rotating|132,1378943233,560,18637089,18504354,107373,0,107373,0,2278,0,1139,0,0,0,17807,17807,7274864,0,4096,0,0,0,1139,0,1703572499,0,1703572507,0,0,0,0,0,0,0,0,0,4096,256,131072,4,3|4,0,16777216,262144,64,0,0,0,0,144,0,132,0,36,33,0,1,144,0|214,1751282781,4,0,0,8650752,0,8650752,0,26890,0,0,33,0,0,0,0,0,0,0,5509140,0,0,0,0,0
1785678871218|1021|stationary_30min_formal_f2r_0004_16777216|fixed|134,1378943233,271,24790001,24613363,24647091,24613363,24647091,24613363,23731,23686,23685,23685,0,0,1516,0,731115460,730399351,4096,4096,0,0,23686,23686,2038893121,2038893126,2038893129,2038893134,0,0,0,0,0,0,0,0,4096,256,131072,4,3|4,0,16777216,262144,64,0,0,0,0,188,0,176,0,47,44,0,1,188,0|216,2682501319,4,11724032,0,0,0,0,0,12340402,0,44,0,1281763943,0,1281763943,0,2080,1274207770,0,11224701,0,0,0,0,0
1785678871218|1021|stationary_30min_formal_f2r_0004_16777216|rotating|134,1378943233,560,24864278,24687284,143286,0,143286,0,3040,0,1520,0,0,0,23757,23757,9708352,0,4096,0,0,0,1520,0,2024749495,0,2024749503,0,0,0,0,0,0,0,0,0,4096,256,131072,4,3|4,0,16777216,262144,64,0,0,0,0,188,0,176,0,47,44,0,1,188,0|216,2072247506,4,0,0,11534336,0,11534336,0,35868,0,0,44,0,0,0,0,0,0,0,5528118,0,0,0,0,0
1785678876229|1021|stationary_30min_formal_f2r_0004_16777216|fixed|136,1378943233,271,31008458,30787461,30829730,30787461,30829730,30787461,29689,29634,29632,29632,0,0,1896,0,914681177,913784172,4096,4096,0,0,29633,29633,2359741913,2359741894,2359741921,2359741902,0,0,0,0,0,0,0,0,4096,256,131072,4,3|4,0,16777216,262144,64,0,0,0,0,232,0,220,0,58,55,0,1,232,0|218,3004032532,4,14662944,0,0,0,0,0,15436055,0,55,0,1602560428,0,1602560428,0,2080,1594158555,0,12651024,0,0,0,0,0
1785678876229|1021|stationary_30min_formal_f2r_0004_16777216|rotating|136,1378943233,560,31098337,30876741,179290,0,179290,0,3804,0,1902,0,0,0,29718,29718,12148200,0,4096,0,0,0,1902,0,2346783559,0,2346783575,0,0,0,0,0,0,0,0,0,4096,256,131072,4,3|5,0,16777216,262144,64,0,0,0,0,236,0,224,0,59,56,0,1,236,0|218,2393944446,4,0,0,14680064,0,14680064,0,44870,0,0,56,0,0,0,0,0,0,0,5551153,0,0,0,0,0
1785678885369|1022|stationary_30min_formal_f2r_0005_67108864|fixed|140,1378943233,271,6130295,6086835,6095324,6086835,6095324,6086835,5826,5815,5814,5814,0,0,371,0,179473269,179311016,4096,4096,0,0,5815,5815,2944620729,2944620734,2944620737,2944620702,0,0,0,0,0,0,0,0,4096,256,131072,4,3|4,0,67108864,262144,256,0,0,0,0,56,0,44,0,14,11,0,1,56,0|226,3589277057,4,2907296,0,0,0,0,0,3079867,0,11,0,321727389,0,321727389,0,2080,315679496,0,8352308,0,0,0,0,0
1785678885369|1022|stationary_30min_formal_f2r_0005_67108864|rotating|140,1378943233,560,6229000,6184294,35635,0,35635,0,756,0,378,0,0,0,5907,5907,2414336,0,4096,0,0,0,378,0,2932131040,0,2932131048,0,0,0,0,0,0,0,0,0,4096,256,131072,4,3|4,0,67108864,262144,256,0,0,0,0,56,0,44,0,14,11,0,1,56,0|226,2980161275,4,0,0,2883584,0,2883584,0,8979,0,0,11,0,0,0,0,0,0,0,6874377,0,0,0,0,0
1785678890391|1022|stationary_30min_formal_f2r_0005_67108864|fixed|142,1378943233,271,12413661,12325408,12342677,12325408,12342677,12325408,11796,11773,11772,11772,0,0,753,0,363393518,363035185,4096,4096,0,0,11773,11773,3266206650,3266206679,3266206666,3266206687,0,0,0,0,0,0,0,0,4096,256,131072,4,3|4,0,67108864,262144,256,0,0,0,0,100,0,88,0,25,22,0,1,100,0|228,3909633096,4,5838304,0,0,0,0,0,6190803,0,22,0,641350676,0,641350676,0,2080,634449617,0,9784400,0,0,0,0,0
1785678890391|1022|stationary_30min_formal_f2r_0005_67108864|rotating|142,1378943233,560,12479375,12390640,71361,0,71361,0,1514,0,757,0,0,0,11834,11834,4835000,0,4096,0,0,0,757,0,3251592288,0,3251592296,0,0,0,0,0,0,0,0,0,4096,256,131072,4,3|4,0,67108864,262144,256,0,0,0,0,100,0,88,0,25,22,0,1,100,0|228,3299214782,4,0,0,5767168,0,5767168,0,17887,0,0,22,0,0,0,0,0,0,0,6892614,0,0,0,0,0
1785678895392|1022|stationary_30min_formal_f2r_0005_67108864|fixed|144,1378943233,271,18671466,18540270,18564663,18540270,18564663,18540270,17741,17707,17706,17706,0,0,1133,0,546573773,546034936,4096,4096,0,0,17707,17707,3586381915,3586381928,3586381923,3586381936,0,0,0,0,0,0,0,0,4096,256,131072,4,3|4,0,67108864,262144,256,0,0,0,0,144,0,132,0,36,33,0,1,144,0|230,4230654064,4,8777216,0,0,0,0,0,9308248,0,33,0,961636916,0,961636916,0,2080,953880418,0,11220462,0,0,0,0,0
1785678895392|1022|stationary_30min_formal_f2r_0005_67108864|rotating|144,1378943233,560,18756729,18625037,107278,0,107278,0,2276,0,1138,0,0,0,17787,17787,7268480,0,4096,0,0,0,1138,0,3572776585,0,3572776593,0,0,0,0,0,0,0,0,0,4096,256,131072,4,3|4,0,67108864,262144,256,0,0,0,0,144,0,132,0,36,33,0,1,144,0|230,3620425902,4,0,0,8650752,0,8650752,0,26866,0,0,33,0,0,0,0,0,0,0,6911311,0,0,0,0,0
1785678900392|1022|stationary_30min_formal_f2r_0005_67108864|fixed|146,1378943233,271,24919778,24743717,24777245,24743717,24777245,24743717,23677,23632,23631,23631,0,0,1512,0,729464566,728746265,4096,4096,0,0,23632,23632,3906059846,3906059827,3906059854,3906059835,0,0,0,0,0,0,0,0,4096,256,131072,4,3|4,0,67108864,262144,256,0,0,0,0,188,0,176,0,47,44,0,1,188,0|232,254831266,5,11692416,0,0,0,0,0,12407033,0,44,0,1280052614,0,1280052614,0,2080,1271435413,0,12656697,0,0,0,0,0
1785678900392|1022|stationary_30min_formal_f2r_0005_67108864|rotating|146,1378943233,560,24995841,24819152,143005,0,143005,0,3034,0,1517,0,0,0,23703,23703,9689160,0,4096,0,0,0,1517,0,3892242004,0,3892242012,0,0,0,0,0,0,0,0,0,4096,256,131072,4,3|4,0,67108864,262144,256,0,0,0,0,188,0,176,0,47,44,0,1,188,0|232,3939883410,4,0,0,11534336,0,11534336,0,35798,0,0,44,0,0,0,0,0,0,0,6929947,0,0,0,0,0
1785678905406|1022|stationary_30min_formal_f2r_0005_67108864|fixed|148,1378943233,271,31191831,30969159,31013383,30969159,31013383,30969159,29640,29585,29583,29583,0,0,1893,0,913174872,912276472,4096,4096,0,0,29584,29584,4227166331,4227166328,4227166315,4227166288,0,0,0,0,0,0,0,0,4096,256,131072,4,3|4,0,67108864,262144,256,0,0,0,0,232,0,220,0,58,55,0,1,232,0|234,575583581,5,14631328,0,0,0,0,0,15519069,0,55,0,1600070201,0,1600070201,0,2080,1590600934,0,14089386,0,0,0,0,0
1785678905406|1022|stationary_30min_formal_f2r_0005_67108864|rotating|148,1378943233,560,31258887,31035911,178822,0,178822,0,3794,0,1897,0,0,0,29647,29647,12116304,0,4096,0,0,0,1897,0,4212563413,0,4212563421,0,0,0,0,0,0,0,0,0,4096,256,131072,4,3|4,0,67108864,262144,256,0,0,0,0,232,0,220,0,58,55,0,1,232,0|234,4260264649,4,0,0,14417920,0,14417920,0,44752,0,0,55,0,0,0,0,0,0,0,6956344,0,0,0,0,0
1785678910406|1022|stationary_30min_formal_f2r_0005_67108864|fixed|150,1378943233,271,37445038,37178795,37230775,37178795,37230775,37178795,35582,35516,35514,35514,0,0,2273,0,1096265646,1095187177,4096,4096,0,0,35515,35515,252217381,252217386,252217389,252217394,0,0,0,0,0,0,0,0,4096,256,131072,4,3|4,0,67108864,262144,256,0,0,0,0,276,0,264,0,69,66,0,1,276,0|236,895494895,5,17554432,0,0,0,0,0,18624602,0,66,0,1919250739,0,1919250739,0,2080,1908923139,0,15524948,0,0,0,0,0
1785678910406|1022|stationary_30min_formal_f2r_0005_67108864|rotating|150,1378943233,560,37513935,37246498,214735,0,214735,0,4556,0,2278,0,0,0,35580,35580,14549720,0,4096,0,0,0,2278,0,238081156,0,238081164,0,0,0,0,0,0,0,0,0,4096,256,131072,4,3|4,0,67108864,262144,256,0,0,0,0,280,0,268,0,70,67,0,1,280,0|236,285961741,5,0,0,17563648,0,17563648,0,53731,0,0,67,0,0,0,0,0,0,0,6978488,0,0,0,0,0
1785678915429|1022|stationary_30min_formal_f2r_0005_67108864|fixed|152,1378943233,271,43721768,43410230,43471493,43410230,43471493,43410230,41547,41469,41467,41467,0,0,2655,0,1280019152,1278744096,4096,4096,0,0,41468,41468,573517308,573517297,573517276,573517305,0,0,0,0,0,0,0,0,4096,256,131072,4,3|4,0,67108864,262144,256,0,0,0,0,324,0,312,0,81,78,0,1,324,0|238,1217102549,5,20502560,0,0,0,0,0,21745776,0,78,0,2240121361,0,2240121361,0,2080,2228808917,0,17087815,0,0,0,0,0
1785678915429|1022|stationary_30min_formal_f2r_0005_67108864|rotating|152,1378943233,560,43807434,43495417,250746,0,250746,0,5320,0,2660,0,0,0,41549,41549,16989576,0,4096,0,0,0,2660,0,560247356,0,560247364,0,0,0,0,0,0,0,0,0,4096,256,131072,4,3|4,0,67108864,262144,256,0,0,0,0,324,0,312,0,81,78,0,1,324,0|238,607633310,5,0,0,20447232,0,20447232,0,62733,0,0,78,0,0,0,0,0,0,0,7005877,0,0,0,0,0
1785678920439|1022|stationary_30min_formal_f2r_0005_67108864|fixed|154,1378943233,304,49990238,49634040,49704142,49634040,49704142,49634040,47501,47412,47411,47411,0,0,3035,0,1463483808,1462028888,4096,4096,0,0,47411,47411,894177774,894178115,894177782,894178123,0,0,0,0,0,0,0,0,4096,256,131072,4,3|4,0,67108864,262144,256,0,0,0,0,368,0,356,0,92,89,0,1,368,0|240,1537663555,5,23433568,0,0,0,0,0,24858734,0,89,0,2559949615,0,2559949615,0,2080,2547781588,0,18522324,0,0,0,0,0
1785678920439|1022|stationary_30min_formal_f2r_0005_67108864|rotating|154,1378943233,560,50064905,49708369,286473,0,286473,0,6078,0,3039,0,0,0,47481,47481,19410256,0,4096,0,0,0,3039,0,879711019,0,879711027,0,0,0,0,0,0,0,0,0,4096,256,131072,4,3|4,0,67108864,262144,256,0,0,0,0,368,0,356,0,92,89,0,1,368,0|240,927844267,5,0,0,23330816,0,23330816,0,71689,0,0,89,0,0,0,0,0,0,0,7026421,0,0,0,0,0
1785678925454|1022|stationary_30min_formal_f2r_0005_67108864|fixed|156,1378943233,271,56266735,55866814,55944722,55866814,55944722,55866814,53465,53365,53362,53362,0,0,3416,0,1647196356,1645562095,4096,4096,0,0,53363,53363,1215293130,1215293119,1215293138,1215293127,0,0,0,0,0,0,0,0,4096,256,131072,4,3|4,0,67108864,262144,256,0,0,0,0,412,0,400,0,103,100,0,1,412,0|242,1858787468,5,26372480,0,0,0,0,0,27977248,0,100,0,2880338800,0,2880338800,0,2080,2867316955,0,19956765,0,0,0,0,0
1785678925454|1022|stationary_30min_formal_f2r_0005_67108864|rotating|156,1378943233,560,56333642,55933273,322390,0,322390,0,6840,0,3420,0,0,0,53425,53425,21843728,0,4096,0,0,0,3420,0,1200893675,0,1200893683,0,0,0,0,0,0,0,0,0,4096,256,131072,4,3|4,0,67108864,262144,256,0,0,0,0,412,0,400,0,103,100,0,1,412,0|242,1248439284,5,0,0,26214400,0,26214400,0,80644,0,0,100,0,0,0,0,0,0,0,7047803,0,0,0,0,0
1785678930510|1022|stationary_30min_formal_f2r_0005_67108864|fixed|158,1378943233,271,62590227,62144533,62232019,62144533,62232019,62144533,59472,59362,59358,59358,0,0,3800,0,1832267615,1830452946,4096,4096,0,0,59359,59359,1538767895,1538767916,1538767903,1538767924,0,0,0,0,0,0,0,0,4096,256,131072,4,3|4,0,67108864,262144,256,0,0,0,0,456,0,444,0,114,111,0,1,456,0|244,2182327075,5,29335104,0,0,0,0,0,31119233,0,111,0,3203137751,0,3203137751,0,2080,3189267399,0,21390986,0,0,0,0,0
1785678930510|1022|stationary_30min_formal_f2r_0005_67108864|rotating|158,1378943233,560,62664195,62218056,358582,0,358582,0,7608,0,3804,0,0,0,59428,59428,24296408,0,4096,0,0,0,3804,0,1524654718,0,1524654726,0,0,0,0,0,0,0,0,0,4096,256,131072,4,3|4,0,67108864,262144,256,0,0,0,0,456,0,444,0,114,111,0,1,460,0|244,1572711735,5,0,0,29360128,0,29360128,0,89740,0,0,112,0,0,0,0,0,0,0,7068744,0,0,0,0,0
1785678935516|1022|stationary_30min_formal_f2r_0005_67108864|fixed|160,1378943233,271,68858380,68367917,68464355,68367917,68464355,68367917,65425,65304,65300,65300,0,0,4180,0,2015685873,2013692748,4096,4096,0,0,65301,65301,1859362109,1859362106,1859362125,1859362114,0,0,0,0,0,0,0,0,4096,256,131072,4,3|4,0,67108864,262144,256,0,0,0,0,504,0,492,0,126,123,0,1,504,0|246,2502920035,5,32267424,0,0,0,0,0,34231869,0,123,0,3522997631,0,3522997631,0,2080,3508136148,0,22956746,0,0,0,0,0
1785678935516|1022|stationary_30min_formal_f2r_0005_67108864|rotating|160,1378943233,560,68924370,68432661,394500,0,394500,0,8370,0,4185,0,0,0,65362,65362,26729872,0,4096,0,0,0,4185,0,1845265543,0,1845265551,0,0,0,0,0,0,0,0,0,4096,256,131072,4,3|4,0,67108864,262144,256,0,0,0,0,504,0,492,0,126,123,0,1,504,0|246,1893278663,5,0,0,32243712,0,32243712,0,98695,0,0,123,0,0,0,0,0,0,0,7085225,0,0,0,0,0
1785678940531|1022|stationary_30min_formal_f2r_0005_67108864|fixed|162,1378943233,271,75127953,74593028,74698009,74593028,74698009,74593028,71381,71248,71244,71244,0,0,4561,0,2199178208,2196990195,4096,4096,0,0,71245,71245,2180206748,2180206737,2180206700,2180206745,0,0,0,0,0,0,0,0,4096,256,131072,4,3|4,0,67108864,262144,256,0,0,0,0,548,0,536,0,137,134,0,1,548,0|248,2823401217,5,35198432,0,0,0,0,0,37344264,0,134,0,3842746061,0,3842746061,0,2080,3827027825,0,24392425,0,0,0,0,0
1785678940531|1022|stationary_30min_formal_f2r_0005_67108864|rotating|162,1378943233,560,75202226,74666645,430414,0,430414,0,9132,0,4566,0,0,0,71315,71315,29163296,0,4096,0,0,0,4566,0,2166449422,0,2166449438,0,0,0,0,0,0,0,0,0,4096,256,131072,4,3|4,0,67108864,262144,256,0,0,0,0,548,0,536,0,137,134,0,1,548,0|248,2213694151,5,0,0,35127296,0,35127296,0,107650,0,0,134,0,0,0,0,0,0,0,7109023,0,0,0,0,0
1785678945532|1022|stationary_30min_formal_f2r_0005_67108864|fixed|164,1378943233,271,81382616,80801946,80916853,80801946,80916853,80801946,77324,77180,77176,77176,0,0,4941,0,2382275070,2379908121,4096,4096,0,0,77177,77177,2500243728,2500243765,2500243736,2500243773,0,0,0,0,0,0,0,0,4096,256,131072,4,3|4,0,67108864,262144,256,0,0,0,0,592,0,580,0,148,145,0,1,592,0|250,3143673389,5,38129440,0,0,0,0,0,40453618,0,145,0,4162285481,0,4162285481,0,2080,4145712751,0,25825845,0,0,0,0,0
1785678945532|1022|stationary_30min_formal_f2r_0005_67108864|rotating|164,1378943233,560,81460363,80879280,466143,0,466143,0,9890,0,4945,0,0,0,77250,77250,31584016,0,4096,0,0,0,4945,0,2485912032,0,2485912040,0,0,0,0,0,0,0,0,0,4096,256,131072,4,3|4,0,67108864,262144,256,0,0,0,0,592,0,580,0,148,145,0,1,592,0|250,2534454757,5,0,0,38010880,0,38010880,0,116606,0,0,145,0,0,0,0,0,0,0,7136096,0,0,0,0,0
1785678950534|1022|stationary_30min_formal_f2r_0005_67108864|fixed|166,1378943233,271,87644470,87018779,87142882,87018779,87142882,87018779,83271,83116,83112,83112,0,0,5321,0,2565505687,2562960328,4096,4096,0,0,83113,83113,2820508945,2820508966,2820508953,2820508942,0,0,0,0,0,0,0,0,4096,256,131072,4,3|4,0,67108864,262144,256,0,0,0,0,636,0,624,0,159,156,0,1,636,0|252,3464811395,5,41068352,0,0,0,0,0,43572848,0,156,0,187721463,1,187721463,1,2080,170296590,1,27258611,0,0,0,0,0
1785678950534|1022|stationary_30min_formal_f2r_0005_67108864|rotating|166,1378943233,560,87728207,87101934,502059,0,502059,0,10652,0,5326,0,0,0,83191,83191,34017480,0,4096,0,0,0,5326,0,2807093029,0,2807093037,0,0,0,0,0,0,0,0,0,4096,256,131072,4,3|4,0,67108864,262144,256,0,0,0,0,636,0,624,0,159,156,0,1,636,0|252,2854434483,5,0,0,40894464,0,40894464,0,125561,0,0,156,0,0,0,0,0,0,0,7154572,0,0,0,0,0
1785678955548|1022|stationary_30min_formal_f2r_0005_67108864|fixed|168,1378943233,271,93913334,93243203,93375926,93243203,93375926,93243203,89227,89060,89056,89056,0,0,5701,0,2749000768,2746275798,4096,4096,0,0,89057,89057,3141227539,3141227528,3141227531,3141227536,0,0,0,0,0,0,0,0,4096,256,131072,4,3|4,0,67108864,262144,256,0,0,0,0,680,0,668,0,170,167,0,1,680,0|254,3784754415,5,43991456,0,0,0,0,0,46679549,0,167,0,506933707,1,506933707,1,2080,488652297,1,28692377,0,0,0,0,0
1785678955548|1022|stationary_30min_formal_f2r_0005_67108864|rotating|168,1378943233,560,93981194,93310467,537782,0,537782,0,11410,0,5705,0,0,0,89121,89121,36438224,0,4096,0,0,0,5705,0,3126555956,0,3126555964,0,0,0,0,0,0,0,0,0,4096,256,131072,4,3|4,0,67108864,262144,256,0,0,0,0,680,0,668,0,170,167,0,1,680,0|254,3174732937,5,0,0,43778048,0,43778048,0,134515,0,0,167,0,0,0,0,0,0,0,7183090,0,0,0,0,0
1785678960562|1022|stationary_30min_formal_f2r_0005_67108864|fixed|170,1378943233,271,100186918,99472787,99613601,99472787,99613601,99472787,95187,95009,95005,95005,0,0,6082,0,2932632992,2929727920,4096,4096,0,0,95006,95006,3462192495,3462192492,3462192479,3462192484,0,0,0,0,0,0,0,0,4096,256,131072,4,3|4,0,67108864,262144,256,0,0,0,0,728,0,716,0,182,179,0,1,728,0|256,4105945453,5,46931680,0,0,0,0,0,49797192,0,179,0,827389689,1,827389689,1,2080,808120366,1,30256616,0,0,0,0,0
1785678960562|1022|stationary_30min_formal_f2r_0005_67108864|rotating|170,1378943233,560,100264091,99548773,573790,0,573790,0,12174,0,6087,0,0,0,95078,95078,38878032,0,4096,0,0,0,6087,0,3448024768,0,3448024776,0,0,0,0,0,0,0,0,0,4096,256,131072,4,3|4,0,67108864,262144,256,0,0,0,0,728,0,716,0,182,179,0,1,728,0|256,3497422910,5,0,0,46923776,0,46923776,0,143542,0,0,179,0,0,0,0,0,0,0,7202525,0,0,0,0,0
1785678965562|1022|stationary_30min_formal_f2r_0005_67108864|fixed|172,1378943233,271,106439421,105679999,105830281,105679999,105830281,105679999,101128,100938,100934,100934,0,0,6462,0,3115653928,3112550046,4096,4096,0,0,100935,100935,3782214592,3782214581,3782214576,3782214589,0,0,0,0,0,0,0,0,4096,256,131072,4,3|4,0,67108864,262144,256,0,0,0,0,772,0,760,0,193,190,0,1,772,0|258,130554015,6,49854784,0,0,0,0,0,52900163,0,190,0,1146234771,1,1146234771,1,2080,1126108543,1,31690750,0,0,0,0,0
1785678965562|1022|stationary_30min_formal_f2r_0005_67108864|rotating|172,1378943233,560,106505234,105745429,609517,0,609517,0,12932,0,6466,0,0,0,100997,100997,41298736,0,4096,0,0,0,6466,0,3767488041,0,3767488057,0,0,0,0,0,0,0,0,0,4096,256,131072,4,3|4,0,67108864,262144,256,0,0,0,0,772,0,760,0,193,190,0,1,772,0|258,3815410041,5,0,0,49807360,0,49807360,0,152450,0,0,190,0,0,0,0,0,0,0,7219691,0,0,0,0,0
1785678970563|1022|stationary_30min_formal_f2r_0005_67108864|fixed|174,1378943233,271,112687146,111884030,112042185,111884030,112042185,111884030,107070,106869,106865,106865,0,0,6842,0,3298734049,3295450352,4096,4096,0,0,106866,106866,4102216743,4102216748,4102216751,4102216708,0,0,0,0,0,0,0,0,4096,256,131072,4,3|4,0,67108864,262144,256,0,0,0,0,816,0,804,0,204,201,0,1,816,0|260,450966110,6,52785792,0,0,0,0,0,56008055,0,201,0,1465914114,1,1465914114,1,2080,1444934019,1,33123543,0,0,0,0,0
1785678970563|1022|stationary_30min_formal_f2r_0005_67108864|rotating|174,1378943233,560,112778328,111974618,645433,0,645433,0,13694,0,6847,0,0,0,106952,106952,43732176,0,4096,0,0,0,6847,0,4088669087,0,4088669095,0,0,0,0,0,0,0,0,0,4096,256,131072,4,3|4,0,67108864,262144,256,0,0,0,0,816,0,804,0,204,201,0,1,816,0|260,4136508907,5,0,0,52690944,0,52690944,0,161429,0,0,201,0,0,0,0,0,0,0,7239621,0,0,0,0,0
1785678975565|1022|stationary_30min_formal_f2r_0005_67108864|fixed|176,1378943233,304,118942442,118094184,118261659,118094184,118261659,118094184,113018,112806,112803,112803,0,0,7222,0,3482005672,3478542864,4096,4096,0,0,112803,112803,127577663,127577988,127577671,127577996,0,0,0,0,0,0,0,0,4096,256,131072,4,3|4,0,67108864,262144,256,0,0,0,0,860,0,848,0,215,212,0,1,860,0|262,771183165,6,55716800,0,0,0,0,0,59114397,0,212,0,1785398417,1,1785398417,1,2080,1763562860,1,34557931,0,0,0,0,0
1785678975565|1022|stationary_30min_formal_f2r_0005_67108864|rotating|176,1378943233,560,119009655,118160933,681162,0,681162,0,14452,0,7226,0,0,0,112866,112866,46152880,0,4096,0,0,0,7226,0,113165292,0,113165300,0,0,0,0,0,0,0,0,0,4096,256,131072,4,3|4,0,67108864,262144,256,0,0,0,0,860,0,848,0,215,212,0,1,860,0|262,161757570,6,0,0,55574528,0,55574528,0,170361,0,0,212,0,0,0,0,0,0,0,7261152,0,0,0,0,0
1785678980578|1022|stationary_30min_formal_f2r_0005_67108864|fixed|178,1378943233,304,125227243,124334111,124510449,124334111,124510449,124334111,118994,118770,118767,118767,0,0,7604,0,3666103712,3662459632,4096,4096,0,0,118767,118767,449351631,449351940,449351639,449351948,0,0,0,0,0,0,0,0,4096,256,131072,4,3|4,0,67108864,262144,256,0,0,0,0,904,0,892,0,226,223,0,1,904,0|264,1092910676,6,58663616,0,0,0,0,0,62236183,0,223,0,2106389224,1,2106389224,1,2080,2083701124,1,35992794,0,0,0,0,0
1785678980578|1022|stationary_30min_formal_f2r_0005_67108864|rotating|178,1378943233,560,125309508,124415834,717262,0,717262,0,15218,0,7609,0,0,0,118845,118845,48599184,0,4096,0,0,0,7609,0,436067472,0,436067480,0,0,0,0,0,0,0,0,0,4096,256,131072,4,3|4,0,67108864,262144,256,0,0,0,0,904,0,892,0,226,223,0,1,904,0|264,483846041,6,0,0,58458112,0,58458112,0,179362,0,0,223,0,0,0,0,0,0,0,7282714,0,0,0,0,0
1785678985592|1022|stationary_30min_formal_f2r_0005_67108864|fixed|180,1378943233,271,131473557,130534818,130721040,130534818,130721040,130534818,124933,124698,124694,124694,0,0,7983,0,3849081776,3845257582,4096,4096,0,0,124695,124695,769185734,769185707,769185726,769185715,0,0,0,0,0,0,0,0,4096,256,131072,4,3|4,0,67108864,262144,256,0,0,0,0,948,0,936,0,237,234,0,1,948,0|266,1413479078,6,61594624,0,0,0,0,0,65346005,0,234,0,2426224874,1,2426224874,1,2080,2402681412,1,37427082,0,0,0,0,0
1785678985592|1022|stationary_30min_formal_f2r_0005_67108864|rotating|180,1378943233,560,131568022,130628433,753080,0,753080,0,15978,0,7989,0,0,0,124784,124785,51026216,0,4096,0,0,0,7989,0,756390434,0,756390442,0,0,0,0,0,0,0,0,0,4096,256,131072,4,3|5,0,67108864,262144,256,0,0,0,0,952,0,940,0,238,235,0,1,952,0|266,803486552,6,0,0,61603840,0,61603840,0,188317,0,0,235,0,0,0,0,0,0,0,7307850,0,0,0,0,0
1785678990599|1022|stationary_30min_formal_f2r_0005_67108864|fixed|182,1378943233,271,137727833,136744208,136939403,136744208,136939403,136744208,130882,130635,130631,130631,0,0,8364,0,4032328070,4028306113,4096,4096,0,0,130632,130632,1089609723,1089609720,1089609731,1089609728,0,0,0,0,0,0,0,0,4096,256,131072,4,3|4,0,67108864,262144,256,0,0,0,0,996,0,984,0,249,246,0,1,996,0|268,1733088850,6,64519040,0,0,0,0,0,68445287,0,246,0,2745103542,1,2745103542,1,2080,2720569175,1,38990919,0,0,0,0,0
1785678990599|1022|stationary_30min_formal_f2r_0005_67108864|rotating|182,1378943233,560,137800614,136816599,788810,0,788810,0,16736,0,8368,0,0,0,130700,130700,53446936,0,4096,0,0,0,8368,0,1075280257,0,1075280265,0,0,0,0,0,0,0,0,0,4096,256,131072,4,3|4,0,67108864,262144,256,0,0,0,0,996,0,984,0,249,246,0,1,996,0|268,1124357938,6,0,0,64487424,0,64487424,0,197296,0,0,246,0,0,0,0,0,0,0,7336481,0,0,0,0,0
1785679000531|1023|stationary_30min_formal_f2r_0006_4194304|fixed|186,1378943233,304,6523672,6479273,6488417,6479273,6488417,6479273,11693,11682,5841,5841,0,0,374,0,180323352,180143744,4096,4096,0,0,5841,5841,1725154422,1725132987,1725154430,1725132995,0,0,0,0,0,0,0,0,4096,256,131072,4,3|4,0,4194304,262144,16,0,0,0,0,56,0,44,0,14,11,0,1,56,0|276,2368875332,6,2915200,0,0,0,0,0,3268748,0,11,0,320787742,0,320787742,0,2080,316167249,0,6454620,0,0,0,0,0
1785679000531|1023|stationary_30min_formal_f2r_0006_4194304|rotating|186,1378943233,560,6603262,6558464,35635,0,35635,0,756,0,378,0,0,0,5912,5912,2414336,0,4096,0,0,0,378,0,1711242843,0,1711242851,0,0,0,0,0,0,0,0,0,4096,256,131072,4,3|4,0,4194304,262144,16,0,0,0,0,56,0,44,0,14,11,0,1,56,0|276,1758838114,6,0,0,2883584,0,2883584,0,8955,0,0,11,0,0,0,0,0,0,0,4995450,0,0,0,0,0
1785679008223|1024|stationary_30min_formal_f2r_0007_16777216|fixed|190,1378943233,271,6522956,6478642,6487701,6478642,6487701,6478642,5857,5845,5844,5844,0,0,374,0,180330720,180150950,4096,4096,0,0,5845,5845,2217673435,2217673416,2217673411,2217673424,0,0,0,0,0,0,0,0,4096,256,131072,4,3|4,0,16777216,262144,64,0,0,0,0,56,0,44,0,14,11,0,1,56,0|284,2861094568,6,2915200,0,0,0,0,0,3266791,0,11,0,320805825,0,320805825,0,2080,316182024,0,6457979,0,0,0,0,0
1785679008223|1024|stationary_30min_formal_f2r_0007_16777216|rotating|190,1378943233,560,6600019,6555308,35635,0,35635,0,756,0,378,0,0,0,5913,5913,2414336,0,4096,0,0,0,378,0,2203447450,0,2203447458,0,0,0,0,0,0,0,0,0,4096,256,131072,4,3|4,0,16777216,262144,64,0,0,0,0,56,0,44,0,14,11,0,1,56,0|284,2251957632,6,0,0,2883584,0,2883584,0,8979,0,0,11,0,0,0,0,0,0,0,4988169,0,0,0,0,0
1785679013238|1024|stationary_30min_formal_f2r_0007_16777216|fixed|192,1378943233,271,13167888,13078556,13096717,13078556,13096717,13078556,11820,11797,11796,11796,0,0,755,0,363988350,363629064,4096,4096,0,0,11797,11797,2538794147,2538794160,2538794155,2538794136,0,0,0,0,0,0,0,0,4096,256,131072,4,3|4,0,16777216,262144,64,0,0,0,0,100,0,88,0,25,22,0,1,100,0|286,3182387359,6,5854112,0,0,0,0,0,6570793,0,22,0,641363888,0,641363888,0,2080,635898057,0,7880632,0,0,0,0,0
1785679013238|1024|stationary_30min_formal_f2r_0007_16777216|rotating|192,1378943233,560,13239093,13149375,71548,0,71548,0,1518,0,759,0,0,0,11860,11860,4847752,0,4096,0,0,0,759,0,2524618348,0,2524618356,0,0,0,0,0,0,0,0,0,4096,256,131072,4,3|4,0,16777216,262144,64,0,0,0,0,100,0,88,0,25,22,0,1,100,0|286,2571956533,6,0,0,5767168,0,5767168,0,17934,0,0,22,0,0,0,0,0,0,0,5010739,0,0,0,0,0
1785679018241|1024|stationary_30min_formal_f2r_0007_16777216|fixed|194,1378943233,271,19826587,19692476,19719499,19692476,19719499,19692476,17795,17761,17761,17761,0,0,1136,0,548029811,547490918,4096,4096,0,0,17761,17761,2860580062,2860580395,2860580070,2860580403,0,0,0,0,0,0,0,0,4096,256,131072,4,3|4,0,16777216,262144,64,0,0,0,0,144,0,132,0,36,33,0,1,144,0|288,3504099730,6,8793024,0,0,0,0,0,9879099,0,33,0,962341531,0,962341531,0,2080,956030569,0,9306386,0,0,0,0,0
1785679018241|1024|stationary_30min_formal_f2r_0007_16777216|rotating|194,1378943233,560,19908153,19773559,107561,0,107561,0,2282,0,1141,0,0,0,17834,17834,7287616,0,4096,0,0,0,1141,0,2846651884,0,2846651892,0,0,0,0,0,0,0,0,0,4096,256,131072,4,3|4,0,16777216,262144,64,0,0,0,0,144,0,132,0,36,33,0,1,144,0|288,2894179388,6,0,0,8650752,0,8650752,0,26937,0,0,33,0,0,0,0,0,0,0,5031548,0,0,0,0,0
1785679023263|1024|stationary_30min_formal_f2r_0007_16777216|fixed|196,1378943233,304,26439608,26260687,26296698,26260687,26296698,26260687,23731,23686,23686,23686,0,0,1516,0,730855216,730137136,4096,4096,0,0,23686,23686,3180247197,3180247530,3180247205,3180247538,0,0,0,0,0,0,0,0,4096,256,131072,4,3|4,0,16777216,262144,64,0,0,0,0,188,0,176,0,47,44,0,1,188,0|290,3824727099,6,11731936,0,0,0,0,0,13175359,0,44,0,1282234172,0,1282234172,0,2080,1275080676,0,10729543,0,0,0,0,0
1785679023263|1024|stationary_30min_formal_f2r_0007_16777216|rotating|196,1378943233,560,26555284,26375764,143473,0,143473,0,3044,0,1522,0,0,0,23789,23789,9721144,0,4096,0,0,0,1522,0,3167823309,0,3167823317,0,0,0,0,0,0,0,0,0,4096,256,131072,4,3|4,0,16777216,262144,64,0,0,0,0,188,0,176,0,47,44,0,1,188,0|290,3216526916,6,0,0,11534336,0,11534336,0,35961,0,0,44,0,0,0,0,0,0,0,5056984,0,0,0,0,0
1785679028267|1024|stationary_30min_formal_f2r_0007_16777216|fixed|198,1378943233,271,33059999,32836424,32881271,32836424,32881271,32836424,29678,29623,29621,29621,0,0,1896,0,913992989,913095136,4096,4096,0,0,29622,29622,3500480951,3500480964,3500480959,3500480972,0,0,0,0,0,0,0,0,4096,256,131072,4,3|4,0,16777216,262144,64,0,0,0,0,232,0,220,0,58,55,0,1,232,0|292,4144812287,6,14655040,0,0,0,0,0,16463938,0,55,0,1601588584,0,1601588584,0,2080,1593587640,0,12154220,0,0,0,0,0
1785679028267|1024|stationary_30min_formal_f2r_0007_16777216|rotating|198,1378943233,560,33160444,32936384,179196,0,179196,0,3802,0,1901,0,0,0,29711,29711,12141824,0,4096,0,0,0,1901,0,3487277151,0,3487277159,0,0,0,0,0,0,0,0,0,4096,256,131072,4,3|4,0,16777216,262144,64,0,0,0,0,236,0,224,0,59,56,0,1,236,0|292,3536483954,6,0,0,14680064,0,14680064,0,44917,0,0,56,0,0,0,0,0,0,0,5083335,0,0,0,0,0
1785679037410|1025|stationary_30min_formal_f2r_0008_67108864|fixed|202,1378943233,304,6158237,6114475,6122982,6114475,6122982,6114475,5852,5841,5841,5841,0,0,374,0,180302136,180122552,4096,4096,0,0,5841,5841,4085612294,4085590867,4085612302,4085590875,0,0,0,0,0,0,0,0,4096,256,131072,4,3|4,0,67108864,262144,256,0,0,0,0,56,0,44,0,14,11,0,1,56,0|300,434204694,7,2907296,0,0,0,0,0,3083083,0,11,0,320714955,0,320714955,0,2080,316006323,0,6565421,0,0,0,0,0
1785679037410|1025|stationary_30min_formal_f2r_0008_67108864|rotating|202,1378943233,560,6230448,6186251,35635,0,35635,0,756,0,378,0,0,0,5909,5909,2414336,0,4096,0,0,0,378,0,4071701331,0,4071701339,0,0,0,0,0,0,0,0,0,4096,256,131072,4,3|4,0,67108864,262144,256,0,0,0,0,56,0,44,0,14,11,0,1,56,0|300,4119000075,6,0,0,2883584,0,2883584,0,8955,0,0,11,0,0,0,0,0,0,0,5106983,0,0,0,0,0
1785679042410|1025|stationary_30min_formal_f2r_0008_67108864|fixed|204,1378943233,271,12435119,12346797,12364042,12346797,12364042,12346797,11816,11793,11792,11792,0,0,754,0,364025344,363665896,4096,4096,0,0,11793,11793,111897131,111897104,111897091,111897112,0,0,0,0,0,0,0,0,4096,256,131072,4,3|4,0,67108864,262144,256,0,0,0,0,100,0,88,0,25,22,0,1,100,0|302,755285069,7,5846208,0,0,0,0,0,6201013,0,22,0,641060602,0,641060602,0,2080,635497507,0,8000507,0,0,0,0,0
1785679042410|1025|stationary_30min_formal_f2r_0008_67108864|rotating|204,1378943233,560,12533818,12444919,71643,0,71643,0,1520,0,760,0,0,0,11886,11886,4854144,0,4096,0,0,0,760,0,98776908,0,98776916,0,0,0,0,0,0,0,0,0,4096,256,131072,4,3|4,0,67108864,262144,256,0,0,0,0,100,0,88,0,25,22,0,1,100,0|302,146518040,7,0,0,5767168,0,5767168,0,17958,0,0,22,0,0,0,0,0,0,0,5123668,0,0,0,0,0
1785679047430|1025|stationary_30min_formal_f2r_0008_67108864|fixed|206,1378943233,271,18692507,18559939,18585609,18559939,18585609,18559939,17761,17727,17726,17726,0,0,1134,0,547184864,546645894,4096,4096,0,0,17727,17727,432043425,432043406,432043393,432043422,0,0,0,0,0,0,0,0,4096,256,131072,4,3|4,0,67108864,262144,256,0,0,0,0,144,0,132,0,36,33,0,1,144,0|304,1076420102,7,8785120,0,0,0,0,0,9319479,0,33,0,961460907,0,961460907,0,2080,955041975,0,9436967,0,0,0,0,0
1785679047430|1025|stationary_30min_formal_f2r_0008_67108864|rotating|206,1378943233,560,18785427,18652243,107467,0,107467,0,2280,0,1140,0,0,0,17814,17814,7281240,0,4096,0,0,0,1140,0,419102050,0,419102058,0,0,0,0,0,0,0,0,0,4096,256,131072,4,3|4,0,67108864,262144,256,0,0,0,0,144,0,132,0,36,33,0,1,144,0|304,466338794,7,0,0,8650752,0,8650752,0,26913,0,0,33,0,0,0,0,0,0,0,5141215,0,0,0,0,0
1785679052444|1025|stationary_30min_formal_f2r_0008_67108864|fixed|208,1378943233,304,24965591,24788413,24822775,24788413,24822775,24788413,23722,23677,23677,23677,0,0,1515,0,730870360,730152072,4096,4096,0,0,23677,23677,753084596,753084929,753084604,753084937,0,0,0,0,0,0,0,0,4096,256,131072,4,3|4,0,67108864,262144,256,0,0,0,0,188,0,176,0,47,44,0,1,188,0|306,1396671604,7,11716128,0,0,0,0,0,12427965,0,44,0,1280979657,0,1280979657,0,2080,1273704866,0,10871752,0,0,0,0,0
1785679052444|1025|stationary_30min_formal_f2r_0008_67108864|rotating|208,1378943233,560,25033055,24855504,143193,0,143193,0,3038,0,1519,0,0,0,23741,23741,9701960,0,4096,0,0,0,1519,0,738566017,0,738566025,0,0,0,0,0,0,0,0,0,4096,256,131072,4,3|4,0,67108864,262144,256,0,0,0,0,188,0,176,0,47,44,0,1,188,0|306,786236815,7,0,0,11534336,0,11534336,0,35844,0,0,44,0,0,0,0,0,0,0,5160059,0,0,0,0,0
1785679057463|1025|stationary_30min_formal_f2r_0008_67108864|fixed|210,1378943233,304,31239120,31017545,31060392,31017545,31060392,31017545,29687,29632,29631,29631,0,0,1896,0,914660456,913762672,4096,4096,0,0,29631,29631,1074323491,1074323832,1074323499,1074323840,0,0,0,0,0,0,0,0,4096,256,131072,4,3|4,0,67108864,262144,256,0,0,0,0,232,0,220,0,58,55,0,1,232,0|308,1718541977,7,14662944,0,0,0,0,0,15550870,0,55,0,1602113326,0,1602113326,0,2080,1593983846,0,12308761,0,0,0,0,0
1785679057463|1025|stationary_30min_formal_f2r_0008_67108864|rotating|210,1378943233,560,31321202,31099146,179196,0,179196,0,3802,0,1901,0,0,0,29709,29709,12141824,0,4096,0,0,0,1901,0,1060610772,0,1060610780,0,0,0,0,0,0,0,0,0,4096,256,131072,4,3|5,0,67108864,262144,256,0,0,0,0,236,0,224,0,59,56,0,1,236,0|308,1108226585,7,0,0,14680064,0,14680064,0,44870,0,0,56,0,0,0,0,0,0,0,5185704,0,0,0,0,0
1785679062470|1025|stationary_30min_formal_f2r_0008_67108864|fixed|212,1378943233,304,37500960,37235012,37286415,37235012,37286415,37235012,35636,35570,35569,35569,0,0,2276,0,1097956680,1096879656,4096,4096,0,0,35569,35569,1394705236,1394705569,1394705244,1394705577,0,0,0,0,0,0,0,0,4096,256,131072,4,3|4,0,67108864,262144,256,0,0,0,0,280,0,268,0,70,67,0,1,280,0|310,2038119700,7,17587360,0,0,0,0,0,18652580,0,67,0,1920959945,0,1920959945,0,2080,1911833490,0,13878668,0,0,0,0,0
1785679062470|1025|stationary_30min_formal_f2r_0008_67108864|rotating|212,1378943233,560,37573664,37306579,215020,0,215020,0,4562,0,2281,0,0,0,35637,35637,14568912,0,4096,0,0,0,2281,0,1380366216,0,1380366224,0,0,0,0,0,0,0,0,0,4096,256,131072,4,3|4,0,67108864,262144,256,0,0,0,0,280,0,268,0,70,67,0,1,280,0|310,1428958210,7,0,0,17563648,0,17563648,0,53825,0,0,67,0,0,0,0,0,0,0,5206533,0,0,0,0,0
1785679067474|1025|stationary_30min_formal_f2r_0008_67108864|fixed|214,1378943233,271,43758426,43447190,43507962,43447190,43507962,43447190,41584,41506,41504,41504,0,0,2657,0,1281169996,1279896935,4096,4096,0,0,41505,41505,1715079591,1715079580,1715079599,1715079588,0,0,0,0,0,0,0,0,4096,256,131072,4,3|4,0,67108864,262144,256,0,0,0,0,324,0,312,0,81,78,0,1,324,0|312,2358662531,7,20518368,0,0,0,0,0,21764149,0,78,0,2240770024,0,2240770024,0,2080,2230785963,0,15315200,0,0,0,0,0
1785679067474|1025|stationary_30min_formal_f2r_0008_67108864|rotating|214,1378943233,560,43826565,43514956,250841,0,250841,0,5322,0,2661,0,0,0,41569,41569,16995960,0,4096,0,0,0,2661,0,1700691418,0,1700691426,0,0,0,0,0,0,0,0,0,4096,256,131072,4,3|4,0,67108864,262144,256,0,0,0,0,324,0,312,0,81,78,0,1,324,0|312,1748260892,7,0,0,20447232,0,20447232,0,62757,0,0,78,0,0,0,0,0,0,0,5229919,0,0,0,0,0
1785679072488|1025|stationary_30min_formal_f2r_0008_67108864|fixed|216,1378943233,304,50032251,49676824,49745873,49676824,49745873,49676824,47544,47454,47453,47453,0,0,3038,0,1464796168,1463344000,4096,4096,0,0,47453,47453,2036020054,2036020403,2036020062,2036020411,0,0,0,0,0,0,0,0,4096,256,131072,4,3|4,0,67108864,262144,256,0,0,0,0,368,0,356,0,92,89,0,1,368,0|314,2679435738,7,23449376,0,0,0,0,0,24879284,0,89,0,2560810479,0,2560810479,0,2080,2549967209,0,16753335,0,0,0,0,0
1785679072488|1025|stationary_30min_formal_f2r_0008_67108864|rotating|216,1378943233,560,50127177,49771235,286853,0,286853,0,6086,0,3043,0,0,0,47543,47543,19435824,0,4096,0,0,0,3043,0,2022737332,0,2022737340,0,0,0,0,0,0,0,0,0,4096,256,131072,4,3|4,0,67108864,262144,256,0,0,0,0,368,0,356,0,92,89,0,1,368,0|314,2070874654,7,0,0,23330816,0,23330816,0,71783,0,0,89,0,0,0,0,0,0,0,5252152,0,0,0,0,0
1785679077501|1025|stationary_30min_formal_f2r_0008_67108864|fixed|218,1378943233,271,56299681,55899838,55977479,55899838,55977479,55899838,53498,53399,53396,53395,0,0,3418,0,1648242909,1646610824,4096,4096,0,0,53396,53396,2356670155,2356670336,2356670171,2356670344,0,0,0,0,0,0,0,0,4096,256,131072,4,3|4,0,67108864,262144,256,0,0,0,0,412,0,400,0,103,100,0,1,412,0|316,3000229232,7,26388288,0,0,0,0,0,27994373,0,100,0,2880869245,0,2880869245,0,2080,2869167444,0,18192489,0,0,0,0,0
1785679077501|1025|stationary_30min_formal_f2r_0008_67108864|rotating|218,1378943233,549,56392575,55992159,322766,0,322766,0,6848,0,3424,0,0,0,53484,53484,21868454,0,4096,0,0,0,3424,0,2343924741,0,2343924749,0,0,0,0,0,0,0,0,0,4096,256,131072,4,3|4,0,67108864,262144,256,0,0,0,0,412,0,400,0,103,100,0,1,412,0|316,2390906713,7,0,0,26214400,0,26214400,0,80738,0,0,100,0,0,0,0,0,0,0,5277233,0,0,0,0,0
1785679082502|1025|stationary_30min_formal_f2r_0008_67108864|fixed|220,1378943233,271,62555328,62111118,62197307,62111118,62197307,62111118,59441,59331,59327,59327,0,0,3798,0,1831346978,1829535133,4096,4096,0,0,59328,59328,2676718652,2676718641,2676718668,2676718649,0,0,0,0,0,0,0,0,4096,256,131072,4,3|4,0,67108864,262144,256,0,0,0,0,456,0,444,0,114,111,0,1,456,0|318,3320186930,7,29319296,0,0,0,0,0,31101295,0,111,0,3200094191,0,3200094191,0,2080,3187533404,0,19630401,0,0,0,0,0
1785679082502|1025|stationary_30min_formal_f2r_0008_67108864|rotating|220,1378943233,560,62629279,62184688,358395,0,358395,0,7604,0,3802,0,0,0,59398,59398,24283648,0,4096,0,0,0,3802,0,2662532288,0,2662532296,0,0,0,0,0,0,0,0,0,4096,256,131072,4,3|4,0,67108864,262144,256,0,0,0,0,456,0,444,0,114,111,0,1,456,0|318,2710151462,7,0,0,29097984,0,29097984,0,89645,0,0,111,0,0,0,0,0,0,0,5302067,0,0,0,0,0
1785679087503|1025|stationary_30min_formal_f2r_0008_67108864|fixed|222,1378943233,271,68816686,68328221,68422849,68328221,68422849,68328221,65389,65268,65264,65264,0,0,4178,0,2014610122,2012618968,4096,4096,0,0,65265,65265,2997044286,2997044291,2997044294,2997044243,0,0,0,0,0,0,0,0,4096,256,131072,4,3|4,0,67108864,262144,256,0,0,0,0,500,0,488,0,125,122,0,1,500,0|320,3640683736,7,32243712,0,0,0,0,0,34212934,0,123,0,3519859893,0,3519859893,0,2080,3506386286,0,21116184,0,0,0,0,0
1785679087503|1025|stationary_30min_formal_f2r_0008_67108864|rotating|222,1378943233,560,68882903,68393411,394215,0,394215,0,8364,0,4182,0,0,0,65327,65327,26710680,0,4096,0,0,0,4182,0,2982162343,0,2982162351,0,0,0,0,0,0,0,0,0,4096,256,131072,4,3|4,0,67108864,262144,256,0,0,0,0,504,0,492,0,126,123,0,1,504,0|320,3030583434,7,0,0,32243712,0,32243712,0,98625,0,0,123,0,0,0,0,0,0,0,5324768,0,0,0,0,0
1785679092512|1025|stationary_30min_formal_f2r_0008_67108864|fixed|224,1378943233,271,75075331,74541777,74645671,74541777,74645671,74541777,71337,71204,71200,71200,0,0,4558,0,2197836490,2195649296,4096,4096,0,0,71201,71201,3317429634,3317429647,3317429642,3317429623,0,0,0,0,0,0,0,0,4096,256,131072,4,3|4,0,67108864,262144,256,0,0,0,0,548,0,536,0,137,134,0,1,548,0|322,3961021894,7,35174720,0,0,0,0,0,37322368,0,134,0,3839465299,0,3839465299,0,2080,3825049811,0,22636960,0,0,0,0,0
1785679092512|1025|stationary_30min_formal_f2r_0008_67108864|rotating|224,1378943233,560,75150153,74616132,430131,0,430131,0,9126,0,4563,0,0,0,71271,71271,29144152,0,4096,0,0,0,4563,0,3303472615,0,3303472623,0,0,0,0,0,0,0,0,0,4096,256,131072,4,3|4,0,67108864,262144,256,0,0,0,0,548,0,536,0,137,134,0,1,548,0|322,3350966951,7,0,0,35127296,0,35127296,0,107580,0,0,134,0,0,0,0,0,0,0,5342247,0,0,0,0,0
1785679097513|1025|stationary_30min_formal_f2r_0008_67108864|fixed|226,1378943233,271,81330329,80752643,80864848,80752643,80864848,80752643,77280,77136,77132,77132,0,0,4938,0,2380953254,2378586785,4096,4096,0,0,77133,77133,3637492098,3637492095,3637492106,3637492103,0,0,0,0,0,0,0,0,4096,256,131072,4,3|4,0,67108864,262144,256,0,0,0,0,592,0,580,0,148,145,0,1,592,0|324,4280956690,7,38105728,0,0,0,0,0,40428547,0,145,0,4158667343,0,4158667343,0,2080,4143395845,0,24071896,0,0,0,0,0
1785679097513|1025|stationary_30min_formal_f2r_0008_67108864|rotating|226,1378943233,560,81403916,80825820,465858,0,465858,0,9884,0,4942,0,0,0,77202,77202,31564824,0,4096,0,0,0,4942,0,3622936741,0,3622936749,0,0,0,0,0,0,0,0,0,4096,256,131072,4,3|4,0,67108864,262144,256,0,0,0,0,592,0,580,0,148,145,0,1,592,0|324,3671067351,7,0,0,38010880,0,38010880,0,116535,0,0,145,0,0,0,0,0,0,0,5365117,0,0,0,0,0
1785679102514|1025|stationary_30min_formal_f2r_0008_67108864|fixed|228,1378943233,271,87590052,86968026,87088749,86968026,87088749,86968026,83227,83072,83068,83068,0,0,5318,0,2564176677,2561630680,4096,4096,0,0,83069,83069,3957747630,3957747651,3957747638,3957747619,0,0,0,0,0,0,0,0,4096,256,131072,4,3|4,0,67108864,262144,256,0,0,0,0,636,0,624,0,159,156,0,1,636,0|326,306325993,8,41036736,0,0,0,0,0,43539308,0,156,0,183303894,1,183303894,1,2080,167175561,1,25507657,0,0,0,0,0
1785679102514|1025|stationary_30min_formal_f2r_0008_67108864|rotating|228,1378943233,560,87657460,87035046,501682,0,501682,0,10644,0,5322,0,0,0,83132,83132,33991920,0,4096,0,0,0,5322,0,3943261184,0,3943261192,0,0,0,0,0,0,0,0,0,4096,256,131072,4,3|4,0,67108864,262144,256,0,0,0,0,636,0,624,0,159,156,0,1,636,0|326,3990976546,7,0,0,40894464,0,40894464,0,125467,0,0,156,0,0,0,0,0,0,0,5387449,0,0,0,0,0
1785679107519|1025|stationary_30min_formal_f2r_0008_67108864|fixed|230,1378943233,271,93848920,93182788,93311795,93182788,93311795,93182788,89173,89006,89002,89002,0,0,5698,0,2747360320,2744634530,4096,4096,0,0,89003,89003,4277922044,4277922033,4277922020,4277922041,0,0,0,0,0,0,0,0,4096,256,131072,4,3|4,0,67108864,262144,256,0,0,0,0,680,0,668,0,170,167,0,1,680,0|328,626475043,8,43967744,0,0,0,0,0,46648386,0,167,0,502720192,1,502720192,1,2080,485737844,1,26940598,0,0,0,0,0
1785679107519|1025|stationary_30min_formal_f2r_0008_67108864|rotating|230,1378943233,560,93924313,93257785,537501,0,537501,0,11404,0,5702,0,0,0,89074,89074,36419032,0,4096,0,0,0,5702,0,4263582843,0,4263582851,0,0,0,0,0,0,0,0,0,4096,256,131072,4,3|4,0,67108864,262144,256,0,0,0,0,680,0,668,0,170,167,0,1,680,0|328,16627028,8,0,0,43778048,0,43778048,0,134445,0,0,167,0,0,0,0,0,0,0,5408748,0,0,0,0,0
1785679112529|1025|stationary_30min_formal_f2r_0008_67108864|fixed|232,1378943233,271,100119832,99409629,99546889,99409629,99546889,99409629,95130,94952,94948,94948,0,0,6078,0,2930916165,2928011064,4096,4096,0,0,94949,94949,303779655,303779660,303779663,303779668,0,0,0,0,0,0,0,0,4096,256,131072,4,3|4,0,67108864,262144,256,0,0,0,0,724,0,712,0,181,178,0,1,724,0|330,947079954,8,46898752,0,0,0,0,0,49761654,0,178,0,822592351,1,822592351,1,2080,804752670,1,28376857,0,0,0,0,0
1785679112529|1025|stationary_30min_formal_f2r_0008_67108864|rotating|232,1378943233,560,100209443,99498681,573505,0,573505,0,12168,0,6084,0,0,0,95034,95034,38858880,0,4096,0,0,0,6084,0,290659569,0,290659585,0,0,0,0,0,0,0,0,0,4096,256,131072,4,3|5,0,67108864,262144,256,0,0,0,0,728,0,716,0,182,179,0,1,728,0|330,338411970,8,0,0,46923776,0,46923776,0,143447,0,0,179,0,0,0,0,0,0,0,5433263,0,0,0,0,0
1785679117543|1025|stationary_30min_formal_f2r_0008_67108864|fixed|234,1378943233,304,106383163,105627745,105774213,105627745,105774213,105627745,101084,100894,100891,100891,0,0,6460,0,3114340896,3111240128,4096,4096,0,0,100891,100891,624501170,624501511,624501178,624501519,0,0,0,0,0,0,0,0,4096,256,131072,4,3|4,0,67108864,262144,256,0,0,0,0,772,0,760,0,193,190,0,1,772,0|332,1268110945,8,49838976,0,0,0,0,0,52875983,0,190,0,1142888286,1,1142888286,1,2080,1124056702,1,29945086,0,0,0,0,0
1785679117543|1025|stationary_30min_formal_f2r_0008_67108864|rotating|234,1378943233,560,106457951,105702155,609330,0,609330,0,12928,0,6464,0,0,0,100962,100962,41285976,0,4096,0,0,0,6464,0,610413329,0,610413337,0,0,0,0,0,0,0,0,0,4096,256,131072,4,3|4,0,67108864,262144,256,0,0,0,0,772,0,760,0,193,190,0,1,772,0|332,658721269,8,0,0,49807360,0,49807360,0,152402,0,0,190,0,0,0,0,0,0,0,5452518,0,0,0,0,0
1785679122548|1025|stationary_30min_formal_f2r_0008_67108864|fixed|236,1378943233,271,112636821,111837268,111992049,111837268,111992049,111837268,107033,106832,106828,106828,0,0,6840,0,3297608584,3294328010,4096,4096,0,0,106829,106829,944849624,944849613,944849616,944849621,0,0,0,0,0,0,0,0,4096,256,131072,4,3|4,0,67108864,262144,256,0,0,0,0,816,0,804,0,204,201,0,1,816,0|334,1588393542,8,52769984,0,0,0,0,0,55982356,0,201,0,1462438131,1,1462438131,1,2080,1442746393,1,31384166,0,0,0,0,0
1785679122548|1025|stationary_30min_formal_f2r_0008_67108864|rotating|236,1378943233,560,112709378,111909424,645149,0,645149,0,13688,0,6844,0,0,0,106897,106897,43713016,0,4096,0,0,0,6844,0,930741096,0,930741112,0,0,0,0,0,0,0,0,0,4096,256,131072,4,3|4,0,67108864,262144,256,0,0,0,0,816,0,804,0,204,201,0,1,816,0|334,978196004,8,0,0,52690944,0,52690944,0,161334,0,0,201,0,0,0,0,0,0,0,5477067,0,0,0,0,0
1785679127559|1025|stationary_30min_formal_f2r_0008_67108864|fixed|238,1378943233,271,118903360,118059549,118222767,118059549,118222767,118059549,112991,112779,112775,112775,0,0,7220,0,3481205823,3477745930,4096,4096,0,0,112776,112776,1265745707,1265745728,1265745715,1265745736,0,0,0,0,0,0,0,0,4096,256,131072,4,3|4,0,67108864,262144,256,0,0,0,0,860,0,848,0,215,212,0,1,860,0|336,1909414184,8,55700992,0,0,0,0,0,59096685,0,212,0,1782726021,1,1782726021,1,2080,1762173632,1,32823743,0,0,0,0,0
1785679127559|1025|stationary_30min_formal_f2r_0008_67108864|rotating|238,1378943233,560,118970911,118126714,680973,0,680973,0,14448,0,7224,0,0,0,112840,112840,46140120,0,4096,0,0,0,7224,0,1251069398,0,1251069406,0,0,0,0,0,0,0,0,0,4096,256,131072,4,3|4,0,67108864,262144,256,0,0,0,0,860,0,848,0,215,212,0,1,860,0|336,1298884085,8,0,0,55574528,0,55574528,0,170290,0,0,212,0,0,0,0,0,0,0,5508069,0,0,0,0,0
1785679132569|1025|stationary_30min_formal_f2r_0008_67108864|fixed|240,1378943233,271,125165433,124277114,124448922,124277114,124448922,124277114,118947,118723,118719,118719,0,0,7601,0,3664669965,3661030416,4096,4096,0,0,118720,118720,1586422469,1586422450,1586422477,1586422458,0,0,0,0,0,0,0,0,4096,256,131072,4,3|4,0,67108864,262144,256,0,0,0,0,904,0,892,0,226,223,0,1,904,0|338,2229884772,8,58639904,0,0,0,0,0,62205636,0,223,0,2102461881,1,2102461881,1,2080,2081054504,1,34259354,0,0,0,0,0
1785679132569|1025|stationary_30min_formal_f2r_0008_67108864|rotating|240,1378943233,560,125232623,124343909,716888,0,716888,0,15210,0,7605,0,0,0,118783,118783,48573600,0,4096,0,0,0,7605,0,1572253287,0,1572253295,0,0,0,0,0,0,0,0,0,4096,256,131072,4,3|4,0,67108864,262144,256,0,0,0,0,904,0,892,0,226,223,0,1,904,0|338,1619905947,8,0,0,58458112,0,58458112,0,179268,0,0,223,0,0,0,0,0,0,0,5537132,0,0,0,0,0
1785679137575|1025|stationary_30min_formal_f2r_0008_67108864|fixed|242,1378943233,271,131417941,130485480,130665705,130485480,130665705,130485480,124892,124657,124653,124653,0,0,7980,0,3847842816,3844023715,4096,4096,0,0,124654,124654,1906590448,1906590461,1906590456,1906590469,0,0,0,0,0,0,0,0,4096,256,131072,4,3|4,0,67108864,262144,256,0,0,0,0,948,0,936,0,237,234,0,1,948,0|340,2550787720,8,61570912,0,0,0,0,0,65319035,0,234,0,2422632077,1,2422632077,1,2080,2400362954,1,35700026,0,0,0,0,0
1785679137575|1025|stationary_30min_formal_f2r_0008_67108864|rotating|242,1378943233,560,131511611,130578564,752797,0,752797,0,15972,0,7986,0,0,0,124742,124742,51007088,0,4096,0,0,0,7986,0,1893442183,0,1893442191,0,0,0,0,0,0,0,0,0,4096,256,131072,4,3|4,0,67108864,262144,256,0,0,0,0,948,0,936,0,237,234,0,1,948,0|340,1941280330,8,0,0,61341696,0,61341696,0,188270,0,0,234,0,0,0,0,0,0,0,5558506,0,0,0,0,0
1785679142584|1025|stationary_30min_formal_f2r_0008_67108864|fixed|244,1378943233,271,137681926,136704882,136893780,136704882,136893780,136704882,130848,130602,130598,130598,0,0,8361,0,4031365701,4027366992,4096,4096,0,0,130599,130599,2227362114,2227362127,2227362122,2227362135,0,0,0,0,0,0,0,0,4096,256,131072,4,3|4,0,67108864,262144,256,0,0,0,0,996,0,984,0,249,246,0,1,996,0|342,2872358111,8,64511136,0,0,0,0,0,68437389,0,246,0,2743467412,1,2743467412,1,2080,2720203731,1,37270910,0,0,0,0,0
1785679142584|1025|stationary_30min_formal_f2r_0008_67108864|rotating|244,1378943233,560,137792963,136814620,788810,0,788810,0,16736,0,8368,0,0,0,130704,130704,53446936,0,4096,0,0,0,8368,0,2214917675,0,2214917683,0,0,0,0,0,0,0,0,0,4096,256,131072,4,3|4,0,67108864,262144,256,0,0,0,0,996,0,984,0,249,246,0,1,996,0|342,2264523454,8,0,0,64487424,0,64487424,0,197320,0,0,246,0,0,0,0,0,0,0,5577535,0,0,0,0,0
1785679152546|1026|stationary_30min_formal_f2r_0009_4194304|fixed|248,1378943233,271,6107632,6064822,6072567,6064822,6072567,6064822,5849,5838,5837,5837,0,0,372,0,180183111,180023064,4096,4096,0,0,5838,5838,2864939984,2864940005,2864939992,2864939981,0,0,0,0,0,0,0,0,4096,256,131072,4,3|4,0,4194304,262144,16,0,0,0,0,56,0,44,0,14,11,0,1,56,0|350,3508578864,8,2907296,0,0,0,0,0,3058611,0,11,0,320965553,0,320965553,0,2080,315903247,0,7039580,0,0,0,0,0
1785679152546|1026|stationary_30min_formal_f2r_0009_4194304|rotating|248,1378943233,560,6183666,6139640,35635,0,35635,0,756,0,378,0,0,0,5909,5909,2414336,0,4096,0,0,0,378,0,2851213058,0,2851213066,0,0,0,0,0,0,0,0,0,4096,256,131072,4,3|4,0,4194304,262144,16,0,0,0,0,56,0,44,0,14,11,0,1,56,0|350,2899344755,8,0,0,2883584,0,2883584,0,8979,0,0,11,0,0,0,0,0,0,0,5526279,0,0,0,0,0
1785679160246|1027|stationary_30min_formal_f2r_0010_16777216|fixed|252,1378943233,304,6133424,6090740,6098453,6090740,6098453,6090740,5829,5818,5818,5818,0,0,371,0,179590856,179428168,4096,4096,0,0,5818,5818,3357764610,3357764959,3357764626,3357764967,0,0,0,0,0,0,0,0,4096,256,131072,4,3|4,0,16777216,262144,64,0,0,0,0,56,0,44,0,14,11,0,1,56,0|358,4001817529,8,2899392,0,0,0,0,0,3075701,0,11,0,321312266,0,321312266,0,2080,315263262,0,8351644,0,0,0,0,0
1785679160246|1027|stationary_30min_formal_f2r_0010_16777216|rotating|252,1378943233,560,6215984,6172072,35540,0,35540,0,754,0,377,0,0,0,5896,5896,2407952,0,4096,0,0,0,377,0,3344232569,0,3344232577,0,0,0,0,0,0,0,0,0,4096,256,131072,4,3|4,0,16777216,262144,64,0,0,0,0,56,0,44,0,14,11,0,1,56,0|358,3392848074,8,0,0,2883584,0,2883584,0,8955,0,0,11,0,0,0,0,0,0,0,6880563,0,0,0,0,0
1785679165253|1027|stationary_30min_formal_f2r_0010_16777216|fixed|254,1378943233,271,12397025,12309791,12326135,12309791,12326135,12309791,11781,11758,11757,11757,0,0,752,0,362918782,362559769,4096,4096,0,0,11758,11758,3678342430,3678342443,3678342438,3678342451,0,0,0,0,0,0,0,0,4096,256,131072,4,3|4,0,16777216,262144,64,0,0,0,0,100,0,88,0,25,22,0,1,100,0|360,26669729,9,5830400,0,0,0,0,0,6181485,0,22,0,640399010,0,640399010,0,2080,633493196,0,9787380,0,0,0,0,0
1785679165253|1027|stationary_30min_formal_f2r_0010_16777216|rotating|254,1378943233,560,12462362,12374611,71266,0,71266,0,1512,0,756,0,0,0,11819,11819,4828616,0,4096,0,0,0,756,0,3663697460,0,3663697468,0,0,0,0,0,0,0,0,0,4096,256,131072,4,3|4,0,16777216,262144,64,0,0,0,0,100,0,88,0,25,22,0,1,100,0|360,3711375867,8,0,0,5767168,0,5767168,0,17863,0,0,22,0,0,0,0,0,0,0,6898228,0,0,0,0,0
1785679170254|1027|stationary_30min_formal_f2r_0010_16777216|fixed|256,1378943233,271,18648210,18516809,18541501,18516809,18541501,18516809,17719,17685,17684,17684,0,0,1132,0,545883312,545345438,4096,4096,0,0,17685,17685,3998142496,3998142485,3998142464,3998142493,0,0,0,0,0,0,0,0,4096,256,131072,4,3|4,0,16777216,262144,64,0,0,0,0,144,0,132,0,36,33,0,1,144,0|362,346037625,9,8753504,0,0,0,0,0,9282817,0,33,0,959036130,0,959036130,0,2080,951273752,0,11221173,0,0,0,0,0
1785679170254|1027|stationary_30min_formal_f2r_0010_16777216|rotating|256,1378943233,560,18699374,18567668,106993,0,106993,0,2270,0,1135,0,0,0,17733,17733,7249296,0,4096,0,0,0,1135,0,3983160447,0,3983160455,0,0,0,0,0,0,0,0,0,4096,256,131072,4,3|4,0,16777216,262144,64,0,0,0,0,144,0,132,0,36,33,0,1,144,0|362,4030453917,8,0,0,8650752,0,8650752,0,26795,0,0,33,0,0,0,0,0,0,0,6915290,0,0,0,0,0
1785679175266|1027|stationary_30min_formal_f2r_0010_16777216|fixed|258,1378943233,304,24915265,24740218,24772732,24740218,24772732,24740218,23676,23631,23631,23631,0,0,1512,0,729443120,728725680,4096,4096,0,0,23631,23631,23999220,23999569,23999236,23999577,0,0,0,0,0,0,0,0,4096,256,131072,4,3|4,0,16777216,262144,64,0,0,0,0,188,0,176,0,47,44,0,1,188,0|364,666842667,9,11684512,0,0,0,0,0,12396174,0,44,0,1279108420,0,1279108420,0,2080,1270491227,0,12654914,0,0,0,0,0
1785679175266|1027|stationary_30min_formal_f2r_0010_16777216|rotating|258,1378943233,560,24987428,24811808,142910,0,142910,0,3032,0,1516,0,0,0,23699,23699,9682768,0,4096,0,0,0,1516,0,9375128,0,9375136,0,0,0,0,0,0,0,0,0,4096,256,131072,4,3|4,0,16777216,262144,64,0,0,0,0,188,0,176,0,47,44,0,1,188,0|364,58183184,9,0,0,11534336,0,11534336,0,35821,0,0,44,0,0,0,0,0,0,0,6931874,0,0,0,0,0
1785679180266|1027|stationary_30min_formal_f2r_0010_16777216|fixed|260,1378943233,271,31171273,30949826,30992919,30949826,30992919,30949826,29622,29567,29566,29566,0,0,1892,0,912641760,911744243,4096,4096,0,0,29566,29566,344212449,344212782,344212457,344212790,0,0,0,0,0,0,0,0,4096,256,131072,4,3|4,0,16777216,262144,64,0,0,0,0,232,0,220,0,58,55,0,1,232,0|366,987787061,9,14623424,0,0,0,0,0,15510902,0,55,0,1599318086,0,1599318086,0,2080,1589849498,0,14086932,0,0,0,0,0
1785679180266|1027|stationary_30min_formal_f2r_0010_16777216|rotating|260,1378943233,560,31238761,31017065,178728,0,178728,0,3792,0,1896,0,0,0,29630,29630,12109904,0,4096,0,0,0,1896,0,329695856,0,329695864,0,0,0,0,0,0,0,0,0,4096,256,131072,4,3|4,0,16777216,262144,64,0,0,0,0,232,0,220,0,58,55,0,1,232,0|366,377397028,9,0,0,14417920,0,14417920,0,44728,0,0,55,0,0,0,0,0,0,0,6951858,0,0,0,0,0
1785679189404|1028|stationary_30min_formal_f2r_0011_67108864|fixed|264,1378943233,271,6525236,6480865,6489981,6480865,6489981,6480865,11698,11686,5842,5842,0,0,374,0,180378067,180198208,4096,4096,0,0,5843,5843,928920814,928920827,928920822,928920803,0,0,0,0,0,0,0,0,4096,256,131072,4,3|4,0,67108864,262144,256,0,0,0,0,56,0,44,0,14,11,0,1,56,0|374,1572387901,9,2907296,0,0,0,0,0,3268339,0,11,0,320764211,0,320764211,0,2080,316141592,0,6455069,0,0,0,0,0
1785679189404|1028|stationary_30min_formal_f2r_0011_67108864|rotating|264,1378943233,560,6602003,6557240,35635,0,35635,0,756,0,378,0,0,0,5911,5911,2414336,0,4096,0,0,0,378,0,914784355,0,914784363,0,0,0,0,0,0,0,0,0,4096,256,131072,4,3|4,0,67108864,262144,256,0,0,0,0,56,0,44,0,14,11,0,1,56,0|374,963381396,9,0,0,2883584,0,2883584,0,8979,0,0,11,0,0,0,0,0,0,0,5018698,0,0,0,0,0
1785679194411|1028|stationary_30min_formal_f2r_0011_67108864|fixed|266,1378943233,271,13159198,13070120,13088121,13070120,13088121,13070120,23585,23562,11780,11780,0,0,754,0,363692752,363333285,4096,4096,0,0,11781,11781,1249283778,1249283759,1249283754,1249283767,0,0,0,0,0,0,0,0,4096,256,131072,4,3|4,0,67108864,262144,256,0,0,0,0,100,0,88,0,25,22,0,1,100,0|376,1893470945,9,5846208,0,0,0,0,0,6572477,0,22,0,641112527,0,641112527,0,2080,635645595,0,7880005,0,0,0,0,0
1785679194411|1028|stationary_30min_formal_f2r_0011_67108864|rotating|266,1378943233,560,13267800,13178154,71643,0,71643,0,1520,0,760,0,0,0,11878,11878,4854144,0,4096,0,0,0,760,0,1236817087,0,1236817095,0,0,0,0,0,0,0,0,0,4096,256,131072,4,3|4,0,67108864,262144,256,0,0,0,0,100,0,88,0,25,22,0,1,100,0|376,1284610683,9,0,0,5767168,0,5767168,0,17958,0,0,22,0,0,0,0,0,0,0,5043134,0,0,0,0,0
1785679199426|1028|stationary_30min_formal_f2r_0011_67108864|fixed|268,1378943233,271,19806214,19672393,19699316,19672393,19699316,19672393,35496,35462,17730,17730,0,0,1134,0,547385460,546846384,4096,4096,0,0,17731,17731,1570301184,1570301197,1570301192,1570301173,0,0,0,0,0,0,0,0,4096,256,131072,4,3|4,0,67108864,262144,256,0,0,0,0,144,0,132,0,36,33,0,1,144,0|378,2213831354,9,8777216,0,0,0,0,0,9869097,0,33,0,960740184,0,960740184,0,2080,954427503,0,9304680,0,0,0,0,0
1785679199426|1028|stationary_30min_formal_f2r_0011_67108864|rotating|268,1378943233,560,19884099,19749768,107373,0,107373,0,2278,0,1139,0,0,0,17800,17800,7274864,0,4096,0,0,0,1139,0,1556270940,0,1556270948,0,0,0,0,0,0,0,0,0,4096,256,131072,4,3|4,0,67108864,262144,256,0,0,0,0,144,0,132,0,36,33,0,1,144,0|378,1603783341,9,0,0,8650752,0,8650752,0,26890,0,0,33,0,0,0,0,0,0,0,5066103,0,0,0,0,0
1785679204453|1028|stationary_30min_formal_f2r_0011_67108864|fixed|270,1378943233,271,26467629,26288722,26324719,26288722,26324719,26288722,47441,47396,23697,23697,0,0,1516,0,731584012,730865335,4096,4096,0,0,23698,23698,1892204146,1892204127,1892204154,1892204135,0,0,0,0,0,0,0,0,4096,256,131072,4,3|4,0,67108864,262144,256,0,0,0,0,188,0,176,0,47,44,0,1,188,0|380,2535529883,9,11724032,0,0,0,0,0,13177589,0,44,0,1281702009,0,1281702009,0,2080,1274549395,0,10726933,0,0,0,0,0
1785679204453|1028|stationary_30min_formal_f2r_0011_67108864|rotating|270,1378943233,560,26558719,26379325,143379,0,143379,0,3042,0,1521,0,0,0,23779,23779,9714744,0,4096,0,0,0,1521,0,1878300993,0,1878301001,0,0,0,0,0,0,0,0,0,4096,256,131072,4,3|4,0,67108864,262144,256,0,0,0,0,188,0,176,0,47,44,0,1,188,0|380,1926858272,9,0,0,11534336,0,11534336,0,35915,0,0,44,0,0,0,0,0,0,0,5096762,0,0,0,0,0
1785679209480|1028|stationary_30min_formal_f2r_0011_67108864|fixed|272,1378943233,304,33121360,32897506,32942445,32897506,32942445,32897506,59370,59315,29657,29657,0,0,1898,0,915570904,914672864,4096,4096,0,0,29657,29657,2213721384,2213721717,2213721392,2213721725,0,0,0,0,0,0,0,0,4096,256,131072,4,3|4,0,67108864,262144,256,0,0,0,0,232,0,220,0,58,55,0,1,232,0|382,2858145112,9,14678752,0,0,0,0,0,16495435,0,55,0,1603578558,0,1603578558,0,2080,1595585275,0,12151619,0,0,0,0,0
1785679209480|1028|stationary_30min_formal_f2r_0011_67108864|rotating|272,1378943233,560,33222657,32997521,179480,0,179480,0,3808,0,1904,0,0,0,29747,29747,12160960,0,4096,0,0,0,1904,0,2200494241,0,2200494249,0,0,0,0,0,0,0,0,0,4096,256,131072,4,3|4,0,67108864,262144,256,0,0,0,0,236,0,224,0,59,56,0,1,236,0|382,2248345518,9,0,0,14680064,0,14680064,0,44917,0,0,56,0,0,0,0,0,0,0,5124458,0,0,0,0,0
1785679214496|1028|stationary_30min_formal_f2r_0011_67108864|fixed|274,1378943233,271,39765531,39496104,39550701,39496104,39550701,39496104,71280,71213,35605,35605,0,0,2279,0,1099211552,1098117327,4096,4096,0,0,35606,35606,2534787938,2534787919,2534787914,2534787927,0,0,0,0,0,0,0,0,4096,256,131072,4,3|4,0,67108864,262144,256,0,0,0,0,280,0,268,0,70,67,0,1,280,0|384,3179518563,9,17618976,0,0,0,0,0,19800288,0,67,0,1924216953,0,1924216953,0,2080,1915244872,0,13706743,0,0,0,0,0
1785679214496|1028|stationary_30min_formal_f2r_0011_67108864|rotating|274,1378943233,549,39858769,39588791,215359,0,215359,0,4569,0,2284,0,0,0,35689,35689,14589467,0,4096,0,0,0,2285,0,2521792022,0,2521792030,0,0,0,0,0,0,0,0,0,4096,256,131072,4,3|4,0,67108864,262144,256,0,0,0,0,280,0,268,0,70,67,0,1,280,0|384,2569219349,9,0,0,17563648,0,17563648,0,53896,0,0,67,0,0,0,0,0,0,0,5153945,0,0,0,0,0
1785679219504|1028|stationary_30min_formal_f2r_0011_67108864|fixed|276,1378943233,271,46406011,46091557,46155265,46091557,46155265,46091557,83181,83103,41550,41550,0,0,2660,0,1282746360,1281472527,4096,4096,0,0,41551,41551,2855529965,2855529946,2855529941,2855529954,0,0,0,0,0,0,0,0,4096,256,131072,4,3|4,0,67108864,262144,256,0,0,0,0,324,0,312,0,81,78,0,1,324,0|386,3499956628,9,20549984,0,0,0,0,0,23097258,0,78,0,2243922266,0,2243922266,0,2080,2234106503,0,15129351,0,0,0,0,0
1785679219504|1028|stationary_30min_formal_f2r_0011_67108864|rotating|276,1378943233,560,46513802,46198791,251313,0,251313,0,5332,0,2666,0,0,0,41647,41647,17027896,0,4096,0,0,0,2666,0,2842964067,0,2842964075,0,0,0,0,0,0,0,0,0,4096,256,131072,4,3|4,0,67108864,262144,256,0,0,0,0,324,0,312,0,81,78,0,1,324,0|386,2891241742,9,0,0,20447232,0,20447232,0,62899,0,0,78,0,0,0,0,0,0,0,5178770,0,0,0,0,0
1785679224531|1028|stationary_30min_formal_f2r_0011_67108864|fixed|278,1378943233,271,53064077,52704755,52777414,52704755,52777414,52704755,95113,95023,47510,47510,0,0,3041,0,1466741721,1465288276,4096,4096,0,0,47511,47511,3177077812,3177077825,3177077820,3177077833,0,0,0,0,0,0,0,0,4096,256,131072,4,3|4,0,67108864,262144,256,0,0,0,0,368,0,356,0,92,89,0,1,368,0|388,3820627486,9,23480992,0,0,0,0,0,26396954,0,89,0,2563860372,0,2563860372,0,2080,2553197532,0,16555354,0,0,0,0,0
1785679224531|1028|stationary_30min_formal_f2r_0011_67108864|rotating|278,1378943233,560,53141845,52782028,287135,0,287135,0,6092,0,3046,0,0,0,47580,47580,19454968,0,4096,0,0,0,3046,0,3163278783,0,3163278791,0,0,0,0,0,0,0,0,0,4096,256,131072,4,3|4,0,67108864,262144,256,0,0,0,0,368,0,356,0,92,89,0,1,368,0|388,3211017962,9,0,0,23330816,0,23330816,0,71831,0,0,89,0,0,0,0,0,0,0,5205895,0,0,0,0,0
1785679229558|1028|stationary_30min_formal_f2r_0011_67108864|fixed|280,1378943233,271,59726794,59322498,59404121,59322498,59404121,59322498,107051,106952,53474,53474,0,0,3423,0,1650850312,1649217262,4096,4096,0,0,53475,53475,3498823265,3498823246,3498823249,3498823254,0,0,0,0,0,0,0,0,4096,256,131072,4,3|4,0,67108864,262144,256,0,0,0,0,412,0,400,0,103,100,0,1,412,0|390,4144106353,9,26443616,0,0,0,0,0,29726039,0,100,0,2886598583,0,2886598583,0,2080,2875099100,0,17977711,0,0,0,0,0
1785679229558|1028|stationary_30min_formal_f2r_0011_67108864|rotating|280,1378943233,560,59857294,59452327,323327,0,323327,0,6860,0,3430,0,0,0,53591,53591,21907648,0,4096,0,0,0,3430,0,3487027989,0,3487027997,0,0,0,0,0,0,0,0,0,4096,256,131072,4,3|4,0,67108864,262144,256,0,0,0,0,416,0,404,0,104,101,0,1,416,0|390,3535346868,9,0,0,26476544,0,26476544,0,80926,0,0,101,0,0,0,0,0,0,0,5230163,0,0,0,0,0
1785679234569|1028|stationary_30min_formal_f2r_0011_67108864|fixed|282,1378943233,304,66370264,65921056,66011682,65921056,66011682,65921056,118955,118845,59421,59421,0,0,3804,0,1834445112,1832632704,4096,4096,0,0,59421,59421,3819651701,3819652034,3819651709,3819652042,0,0,0,0,0,0,0,0,4096,256,131072,4,3|4,0,67108864,262144,256,0,0,0,0,460,0,448,0,115,112,0,1,460,0|392,168986477,10,29368032,0,0,0,0,0,33015772,0,112,0,3205714899,0,3205714899,0,2080,3193237263,0,19528796,0,0,0,0,0
1785679234569|1028|stationary_30min_formal_f2r_0011_67108864|rotating|282,1378943233,560,66475685,66025197,359150,0,359150,0,7620,0,3810,0,0,0,59515,59515,24334712,0,4096,0,0,0,3810,0,3806764639,0,3806764647,0,0,0,0,0,0,0,0,0,4096,256,131072,4,3|4,0,67108864,262144,256,0,0,0,0,460,0,448,0,115,112,0,1,460,0|392,3855787845,9,0,0,29360128,0,29360128,0,89881,0,0,112,0,0,0,0,0,0,0,5246769,0,0,0,0,0
1785679239583|1028|stationary_30min_formal_f2r_0011_67108864|fixed|284,1378943233,271,73013680,72518854,72619180,72518854,72619180,72518854,130861,130739,65367,65367,0,0,4185,0,2018030568,2016021977,4096,4096,0,0,65368,65368,4140617381,4140617362,4140617357,4140617370,0,0,0,0,0,0,0,0,4096,256,131072,4,3|4,0,67108864,262144,256,0,0,0,0,504,0,492,0,126,123,0,1,504,0|394,490001245,10,32306944,0,0,0,0,0,36319155,0,123,0,3525994939,0,3525994939,0,2080,3512674119,0,20952603,0,0,0,0,0
1785679239583|1028|stationary_30min_formal_f2r_0011_67108864|rotating|284,1378943233,560,73110060,72614744,394971,0,394971,0,8380,0,4190,0,0,0,65454,65454,26761776,0,4096,0,0,0,4190,0,4127077159,0,4127077167,0,0,0,0,0,0,0,0,0,4096,256,131072,4,3|4,0,67108864,262144,256,0,0,0,0,504,0,492,0,126,123,0,1,504,0|394,4175872380,9,0,0,32243712,0,32243712,0,98837,0,0,123,0,0,0,0,0,0,0,5264380,0,0,0,0,0
1785679244599|1028|stationary_30min_formal_f2r_0011_67108864|fixed|286,1378943233,271,79674485,79134610,79243977,79134610,79243977,79134610,142800,142667,71331,71331,0,0,4567,0,2202142916,2199954711,4096,4096,0,0,71332,71332,167401094,167401107,167401102,167401115,0,0,0,0,0,0,0,0,4096,256,131072,4,3|4,0,67108864,262144,256,0,0,0,0,548,0,536,0,137,134,0,1,548,0|396,810999935,10,35245856,0,0,0,0,0,39621634,0,134,0,3846258901,0,3846258901,0,2080,3832095752,0,22375555,0,0,0,0,0
1785679244599|1028|stationary_30min_formal_f2r_0011_67108864|rotating|286,1378943233,560,79776153,79235759,430983,0,430983,0,9144,0,4572,0,0,0,71422,71422,29201640,0,4096,0,0,0,4572,0,154140603,0,154140611,0,0,0,0,0,0,0,0,0,4096,256,131072,4,3|4,0,67108864,262144,256,0,0,0,0,548,0,536,0,137,134,0,1,548,0|396,202071343,10,0,0,35127296,0,35127296,0,107816,0,0,134,0,0,0,0,0,0,0,5288964,0,0,0,0,0
1785679249604|1028|stationary_30min_formal_f2r_0011_67108864|fixed|288,1378943233,304,86292052,85707454,85825814,85707454,85825814,85707454,154657,154513,77255,77255,0,0,4946,0,2385016360,2382648800,4096,4096,0,0,77255,77255,486977932,486978265,486977940,486978273,0,0,0,0,0,0,0,0,4096,256,131072,4,3|4,0,67108864,262144,256,0,0,0,0,592,0,580,0,148,145,0,1,592,0|398,1132668015,10,38184768,0,0,0,0,0,42931800,0,145,0,4167192253,0,4167192253,0,2080,4152188770,0,23796512,0,0,0,0,0
1785679249604|1028|stationary_30min_formal_f2r_0011_67108864|rotating|288,1378943233,560,86435657,85850276,466991,0,466991,0,9908,0,4954,0,0,0,77383,77383,31641512,0,4096,0,0,0,4954,0,476169359,0,476169367,0,0,0,0,0,0,0,0,0,4096,256,131072,4,3|4,0,67108864,262144,256,0,0,0,0,592,0,580,0,148,145,0,1,592,0|398,523640542,10,0,0,38010880,0,38010880,0,116794,0,0,145,0,0,0,0,0,0,0,5305939,0,0,0,0,0
1785679254612|1028|stationary_30min_formal_f2r_0011_67108864|fixed|290,1378943233,271,92930230,92300678,92428171,92300678,92428171,92300678,166552,166397,83197,83196,0,0,5326,0,2568453736,2565906312,4096,4096,0,0,83197,83197,807560073,807560126,807560081,807560078,0,0,0,0,0,0,0,0,4096,256,131072,4,3|4,0,67108864,262144,256,0,0,0,0,636,0,624,0,159,156,0,1,636,0|400,1450946184,10,41099968,0,0,0,0,0,46206883,0,156,0,189774326,1,189774326,1,2080,173921470,1,25221417,0,0,0,0,0
1785679254612|1028|stationary_30min_formal_f2r_0011_67108864|rotating|290,1378943233,560,93014202,92384160,502527,0,502527,0,10662,0,5331,0,0,0,83272,83272,34049464,0,4096,0,0,0,5331,0,793904374,0,793904382,0,0,0,0,0,0,0,0,0,4096,256,131072,4,3|4,0,67108864,262144,256,0,0,0,0,636,0,624,0,159,156,0,1,636,0|400,842091992,10,0,0,40894464,0,40894464,0,125701,0,0,156,0,0,0,0,0,0,0,5327605,0,0,0,0,0
1785679259617|1028|stationary_30min_formal_f2r_0011_67108864|fixed|292,1378943233,304,99563128,98888964,99025253,98888964,99025253,98888964,178438,178271,89134,89134,0,0,5706,0,2751744848,2749018072,4096,4096,0,0,89134,89134,1127874404,1127874737,1127874412,1127874745,0,0,0,0,0,0,0,0,4096,256,131072,4,3|4,0,67108864,262144,256,0,0,0,0,680,0,668,0,170,167,0,1,680,0|402,1771491409,10,44030976,0,0,0,0,0,49505661,0,167,0,509586799,1,509586799,1,2080,492887166,1,26647120,0,0,0,0,0
1785679259617|1028|stationary_30min_formal_f2r_0011_67108864|rotating|292,1378943233,560,99634549,98959981,538250,0,538250,0,11420,0,5710,0,0,0,89198,89198,36470120,0,4096,0,0,0,5710,0,1113359218,0,1113359234,0,0,0,0,0,0,0,0,0,4096,256,131072,4,3|5,0,67108864,262144,256,0,0,0,0,684,0,672,0,171,168,0,1,684,0|402,1161068115,10,0,0,44040192,0,44040192,0,134633,0,0,168,0,0,0,0,0,0,0,5354444,0,0,0,0,0
1785679264633|1028|stationary_30min_formal_f2r_0011_67108864|fixed|294,1378943233,271,106208447,105488551,105634562,105488551,105634562,105488551,190348,190169,95082,95082,0,0,6088,0,2935383258,2932460293,4096,4096,0,0,95083,95083,1448935503,1448935516,1448935511,1448935524,0,0,0,0,0,0,0,0,4096,256,131072,4,3|4,0,67108864,262144,256,0,0,0,0,728,0,716,0,182,179,0,1,728,0|404,2092128009,10,46963296,0,0,0,0,0,52803573,0,179,0,829490319,1,829490319,1,2080,811812637,1,28199798,0,0,0,0,0
1785679264633|1028|stationary_30min_formal_f2r_0011_67108864|rotating|294,1378943233,560,106277187,105557003,574169,0,574169,0,12182,0,6091,0,0,0,95144,95144,38903600,0,4096,0,0,0,6091,0,1433956976,0,1433956984,0,0,0,0,0,0,0,0,0,4096,256,131072,4,3|4,0,67108864,262144,256,0,0,0,0,728,0,716,0,182,179,0,1,728,0|404,1482529496,10,0,0,46923776,0,46923776,0,143612,0,0,179,0,0,0,0,0,0,0,5376078,0,0,0,0,0
1785679269634|1028|stationary_30min_formal_f2r_0011_67108864|fixed|296,1378943233,271,112830848,112066210,112221237,112066210,112221237,112066210,202223,202033,101014,101014,0,0,6467,0,3118524205,3115421640,4096,4096,0,0,101015,101015,1768991564,1768991545,1768991572,1768991553,0,0,0,0,0,0,0,0,4096,256,131072,4,3|4,0,67108864,262144,256,0,0,0,0,772,0,760,0,193,190,0,1,772,0|406,2412218811,10,49894304,0,0,0,0,0,56094881,0,190,0,1148848369,1,1148848369,1,2080,1130324585,1,29624826,0,0,0,0,0
1785679269634|1028|stationary_30min_formal_f2r_0011_67108864|rotating|296,1378943233,560,112898916,112133898,609988,0,609988,0,12942,0,6471,0,0,0,101075,101075,41330632,0,4096,0,0,0,6471,0,1754270717,0,1754270725,0,0,0,0,0,0,0,0,0,4096,256,131072,4,3|4,0,67108864,262144,256,0,0,0,0,772,0,760,0,193,190,0,1,772,0|406,1802567302,10,0,0,49807360,0,49807360,0,152568,0,0,190,0,0,0,0,0,0,0,5397971,0,0,0,0,0
1785679274638|1028|stationary_30min_formal_f2r_0011_67108864|fixed|298,1378943233,304,119453441,118643932,118808008,118643932,118808008,118643932,214104,213903,106950,106950,0,0,6847,0,3301760400,3298478472,4096,4096,0,0,106950,106950,2089205667,2089206000,2089205675,2089206008,0,0,0,0,0,0,0,0,4096,256,131072,4,3|4,0,67108864,262144,256,0,0,0,0,816,0,804,0,204,201,0,1,816,0|408,2731710865,10,52817408,0,0,0,0,0,59378536,0,201,0,1467609647,1,1467609647,1,2080,1448239214,1,31048704,0,0,0,0,0
1785679274638|1028|stationary_30min_formal_f2r_0011_67108864|rotating|298,1378943233,560,119508585,118698774,645718,0,645718,0,13700,0,6850,0,0,0,106999,106999,43751360,0,4096,0,0,0,6850,0,2073723782,0,2073723790,0,0,0,0,0,0,0,0,0,4096,256,131072,4,3|4,0,67108864,262144,256,0,0,0,0,816,0,804,0,204,201,0,1,816,0|408,2121637394,10,0,0,52690944,0,52690944,0,161500,0,0,201,0,0,0,0,0,0,0,5415735,0,0,0,0,0
1785679279645|1028|stationary_30min_formal_f2r_0011_67108864|fixed|300,1378943233,304,126087407,125232928,125406057,125232928,125406057,125232928,226001,225789,112893,112893,0,0,7228,0,3485232696,3481771160,4096,4096,0,0,112893,112893,2409840086,2409840419,2409840094,2409840427,0,0,0,0,0,0,0,0,4096,256,131072,4,3|4,0,67108864,262144,256,0,0,0,0,860,0,848,0,215,212,0,1,860,0|410,3053723153,10,55764224,0,0,0,0,0,62689613,0,212,0,1788885231,1,1788885231,1,2080,1768673656,1,32472166,0,0,0,0,0
1785679279645|1028|stationary_30min_formal_f2r_0011_67108864|rotating|300,1378943233,560,126167759,125312889,681726,0,681726,0,14464,0,7232,0,0,0,112965,112965,46191232,0,4096,0,0,0,7232,0,2395755040,0,2395755048,0,0,0,0,0,0,0,0,0,4096,256,131072,4,3|4,0,67108864,262144,256,0,0,0,0,860,0,848,0,215,212,0,1,860,0|410,2443231675,10,0,0,55574528,0,55574528,0,170478,0,0,212,0,0,0,0,0,0,0,5435101,0,0,0,0,0
1785679284657|1028|stationary_30min_formal_f2r_0011_67108864|fixed|302,1378943233,304,132723994,131824663,132006826,131824663,132006826,131824663,237904,237681,118839,118839,0,0,7608,0,3668797608,3665156464,4096,4096,0,0,118839,118839,2730635182,2730635515,2730635190,2730635523,0,0,0,0,0,0,0,0,4096,256,131072,4,3|4,0,67108864,262144,256,0,0,0,0,904,0,892,0,226,223,0,1,904,0|412,3373940442,10,58695232,0,0,0,0,0,65981708,0,223,0,2108369768,1,2108369768,1,2080,2087314142,1,33895143,0,0,0,0,0
1785679284657|1028|stationary_30min_formal_f2r_0011_67108864|rotating|302,1378943233,560,132793540,131893808,717542,0,717542,0,15224,0,7612,0,0,0,118901,118901,48618328,0,4096,0,0,0,7612,0,2716066725,0,2716066733,0,0,0,0,0,0,0,0,0,4096,256,131072,4,3|4,0,67108864,262144,256,0,0,0,0,904,0,892,0,226,223,0,1,904,0|412,2763767282,10,0,0,58458112,0,58458112,0,179432,0,0,223,0,0,0,0,0,0,0,5460661,0,0,0,0,0
1785679289658|1028|stationary_30min_formal_f2r_0011_67108864|fixed|304,1378943233,271,139340045,138395984,138587060,138395984,138587060,138395984,249771,249537,124766,124766,0,0,7988,0,3851794089,3847973084,4096,4096,0,0,124767,124767,3050454736,3050454749,3050454744,3050454757,0,0,0,0,0,0,0,0,4096,256,131072,4,3|4,0,67108864,262144,256,0,0,0,0,952,0,940,0,238,235,0,1,952,0|414,3694083523,10,61619648,0,0,0,0,0,69271519,0,235,0,2427781745,1,2427781745,1,2080,2405743928,1,35450266,0,0,0,0,0
1785679289658|1028|stationary_30min_formal_f2r_0011_67108864|rotating|304,1378943233,560,139416521,138471296,753460,0,753460,0,15986,0,7993,0,0,0,124835,124835,51051792,0,4096,0,0,0,7993,0,3036666940,0,3036666948,0,0,0,0,0,0,0,0,0,4096,256,131072,4,3|4,0,67108864,262144,256,0,0,0,0,952,0,940,0,238,235,0,1,952,0|414,3083744774,10,0,0,61603840,0,61603840,0,188412,0,0,235,0,0,0,0,0,0,0,5487034,0,0,0,0,0
1785679294679|1028|stationary_30min_formal_f2r_0011_67108864|fixed|306,1378943233,271,145990715,145001105,145201718,145001105,145201718,145001105,261699,261453,130724,130724,0,0,8370,0,4035715616,4031698675,4096,4096,0,0,130725,130725,3372002956,3372002969,3372002964,3372002977,0,0,0,0,0,0,0,0,4096,256,131072,4,3|4,0,67108864,262144,256,0,0,0,0,996,0,984,0,249,246,0,1,996,0|416,4015193441,10,64558560,0,0,0,0,0,72573436,0,246,0,2748156935,1,2748156935,1,2080,2725274190,1,36875817,0,0,0,0,0
1785679294679|1028|stationary_30min_formal_f2r_0011_67108864|rotating|306,1378943233,560,146058585,145068678,789281,0,789281,0,16746,0,8373,0,0,0,130785,130785,53478840,0,4096,0,0,0,8373,0,3356981191,0,3356981199,0,0,0,0,0,0,0,0,0,4096,256,131072,4,3|4,0,67108864,262144,256,0,0,0,0,996,0,984,0,249,246,0,1,996,0|416,3406284925,10,0,0,64487424,0,64487424,0,197414,0,0,246,0,0,0,0,0,0,0,5505080,0,0,0,0,0
1785679304529|1029|stationary_30min_formal_f2r_0012_4194304|fixed|310,1378943233,271,6520619,6476285,6485364,6476285,6485364,6476285,5855,5843,5842,5842,0,0,374,0,180278968,180099196,4096,4096,0,0,5843,5843,4002155970,4002155951,4002155946,4002155959,0,0,0,0,0,0,0,0,4096,256,131072,4,3|4,0,4194304,262144,16,0,0,0,0,56,0,44,0,14,11,0,1,56,0|424,350670618,11,2907856,0,0,0,0,0,3266139,0,11,0,320770059,0,320770059,0,2080,316148676,0,6453575,0,0,0,0,0
1785679304529|1029|stationary_30min_formal_f2r_0012_4194304|rotating|310,1378943233,560,6598883,6554159,35635,0,35635,0,756,0,378,0,0,0,5912,5912,2414336,0,4096,0,0,0,378,0,3988029068,0,3988029076,0,0,0,0,0,0,0,0,0,4096,256,131072,4,3|4,0,4194304,262144,16,0,0,0,0,56,0,44,0,14,11,0,1,56,0|424,4035397163,10,0,0,2883584,0,2883584,0,8955,0,0,11,0,0,0,0,0,0,0,5005352,0,0,0,0,0
1785679312207|1030|stationary_30min_formal_f2r_0013_16777216|fixed|314,1378943233,304,6158351,6114493,6123096,6114493,6123096,6114493,5852,5841,5841,5841,0,0,374,0,180302136,180122552,4096,4096,0,0,5841,5841,198553474,198532047,198553482,198532055,0,0,0,0,0,0,0,0,4096,256,131072,4,3|4,0,16777216,262144,64,0,0,0,0,56,0,44,0,14,11,0,1,56,0|432,842378537,11,2915200,0,0,0,0,0,3085698,0,11,0,320973470,0,320973470,0,2080,316269940,0,6561927,0,0,0,0,0
1785679312207|1030|stationary_30min_formal_f2r_0013_16777216|rotating|314,1378943233,560,6234764,6190491,35635,0,35635,0,756,0,378,0,0,0,5913,5913,2414336,0,4096,0,0,0,378,0,184648556,0,184648564,0,0,0,0,0,0,0,0,0,4096,256,131072,4,3|4,0,16777216,262144,64,0,0,0,0,56,0,44,0,14,11,0,1,56,0|432,232864601,11,0,0,2883584,0,2883584,0,8979,0,0,11,0,0,0,0,0,0,0,5104861,0,0,0,0,0
1785679317220|1030|stationary_30min_formal_f2r_0013_16777216|fixed|316,1378943233,271,12432792,12344506,12361715,12344506,12361715,12344506,11814,11791,11790,11790,0,0,754,0,363944864,363585422,4096,4096,0,0,11791,11791,519676178,519676127,519676170,519676135,0,0,0,0,0,0,0,0,4096,256,131072,4,3|4,0,16777216,262144,64,0,0,0,0,100,0,88,0,25,22,0,1,100,0|434,1164501323,11,5862016,0,0,0,0,0,6214045,0,22,0,642359552,0,642359552,0,2080,636801730,0,7998539,0,0,0,0,0
1785679317220|1030|stationary_30min_formal_f2r_0013_16777216|rotating|316,1378943233,560,12532735,12443873,71643,0,71643,0,1520,0,760,0,0,0,11885,11885,4854144,0,4096,0,0,0,760,0,506692972,0,506692980,0,0,0,0,0,0,0,0,0,4096,256,131072,4,3|4,0,16777216,262144,64,0,0,0,0,100,0,88,0,25,22,0,1,100,0|434,555643128,11,0,0,5767168,0,5767168,0,18005,0,0,22,0,0,0,0,0,0,0,5125665,0,0,0,0,0
1785679322221|1030|stationary_30min_formal_f2r_0013_16777216|fixed|318,1378943233,304,18688423,18555860,18581525,18555860,18581525,18555860,17756,17722,17722,17722,0,0,1134,0,547049152,546510440,4096,4096,0,0,17722,17722,839705020,839705345,839705028,839705353,0,0,0,0,0,0,0,0,4096,256,131072,4,3|4,0,16777216,262144,64,0,0,0,0,144,0,132,0,36,33,0,1,144,0|436,1483067357,11,8777216,0,0,0,0,0,9307427,0,33,0,960196786,0,960196786,0,2080,953778686,0,9434349,0,0,0,0,0
1785679322221|1030|stationary_30min_formal_f2r_0013_16777216|rotating|318,1378943233,560,18749255,18616286,107278,0,107278,0,2276,0,1138,0,0,0,17779,17779,7268480,0,4096,0,0,0,1138,0,825298414,0,825298422,0,0,0,0,0,0,0,0,0,4096,256,131072,4,3|4,0,16777216,262144,64,0,0,0,0,144,0,132,0,36,33,0,1,144,0|436,872895419,11,0,0,8650752,0,8650752,0,26866,0,0,33,0,0,0,0,0,0,0,5148235,0,0,0,0,0
1785679327239|1030|stationary_30min_formal_f2r_0013_16777216|fixed|320,1378943233,271,24958133,24781077,24815317,24781077,24815317,24781077,23717,23672,23671,23671,0,0,1515,0,730711048,729992528,4096,4096,0,0,23672,23672,1160725131,1160725136,1160725123,1160725088,0,0,0,0,0,0,0,0,4096,256,131072,4,3|4,0,16777216,262144,64,0,0,0,0,188,0,176,0,47,44,0,1,188,0|438,1804236239,11,11716128,0,0,0,0,0,12423683,0,44,0,1280630940,0,1280630940,0,2080,1273359230,0,10868582,0,0,0,0,0
1785679327239|1030|stationary_30min_formal_f2r_0013_16777216|rotating|320,1378943233,560,25031922,24854487,143193,0,143193,0,3038,0,1519,0,0,0,23742,23742,9701960,0,4096,0,0,0,1519,0,1146480921,0,1146480929,0,0,0,0,0,0,0,0,0,4096,256,131072,4,3|4,0,16777216,262144,64,0,0,0,0,188,0,176,0,47,44,0,1,188,0|438,1194061886,11,0,0,11534336,0,11534336,0,35844,0,0,44,0,0,0,0,0,0,0,5175881,0,0,0,0,0
1785679332243|1030|stationary_30min_formal_f2r_0013_16777216|fixed|322,1378943233,304,31218983,30997695,31040349,30997695,31040349,30997695,29668,29613,29612,29612,0,0,1895,0,914073896,913176192,4096,4096,0,0,29612,29612,1481208832,1481209165,1481208840,1481209173,0,0,0,0,0,0,0,0,4096,256,131072,4,3|4,0,16777216,262144,64,0,0,0,0,232,0,220,0,58,55,0,1,232,0|440,2124577530,11,14647136,0,0,0,0,0,15532541,0,55,0,1600239479,0,1600239479,0,2080,1592113905,0,12301372,0,0,0,0,0
1785679332243|1030|stationary_30min_formal_f2r_0013_16777216|rotating|322,1378943233,560,31283449,31061757,179008,0,179008,0,3798,0,1899,0,0,0,29673,29673,12129072,0,4096,0,0,0,1899,0,1466802408,0,1466802416,0,0,0,0,0,0,0,0,0,4096,256,131072,4,3|4,0,16777216,262144,64,0,0,0,0,232,0,220,0,58,55,0,1,232,0|440,1514794144,11,0,0,14417920,0,14417920,0,44822,0,0,55,0,0,0,0,0,0,0,5192831,0,0,0,0,0
1785679341394|1031|stationary_30min_formal_f2r_0014_67108864|fixed|326,1378943233,271,6134948,6091156,6099598,6091156,6099598,6091156,5875,5863,5862,5862,0,0,375,0,180953256,180776784,4096,4096,0,0,5863,5863,2066684408,2066684413,2066684384,2066684389,0,0,0,0,0,0,0,0,4096,256,131072,4,3|4,0,67108864,262144,256,0,0,0,0,56,0,44,0,14,11,0,1,56,0|448,2711350219,11,2931008,0,0,0,0,0,3083395,0,11,0,323396358,0,323396358,0,2080,318396874,0,6930356,0,0,0,0,0
1785679341394|1031|stationary_30min_formal_f2r_0014_67108864|rotating|326,1378943233,560,6223984,6179699,35822,0,35822,0,760,0,380,0,0,0,5947,5947,2427096,0,4096,0,0,0,380,0,2053212315,0,2053212331,0,0,0,0,0,0,0,0,0,4096,256,131072,4,3|4,0,67108864,262144,256,0,0,0,0,56,0,44,0,14,11,0,1,56,0|448,2100914018,11,0,0,2883584,0,2883584,0,9002,0,0,11,0,0,0,0,0,0,0,5469110,0,0,0,0,0
1785679346407|1031|stationary_30min_formal_f2r_0014_67108864|fixed|328,1378943233,271,12363308,12275047,12292042,12275047,12292042,12275047,11836,11813,11813,11813,0,0,756,0,364633968,364275555,4096,4096,0,0,11813,11813,2387723080,2387723397,2387723088,2387723405,0,0,0,0,0,0,0,0,4096,256,131072,4,3|4,0,67108864,262144,256,0,0,0,0,100,0,88,0,25,22,0,1,100,0|450,3031876301,11,5862016,0,0,0,0,0,6172390,0,22,0,643189688,0,643189688,0,2080,637338411,0,8361075,0,0,0,0,0
1785679346407|1031|stationary_30min_formal_f2r_0014_67108864|rotating|328,1378943233,560,12461726,12372920,71833,0,71833,0,1524,0,762,0,0,0,11907,11907,4866936,0,4096,0,0,0,762,0,2375250850,0,2375250858,0,0,0,0,0,0,0,0,0,4096,256,131072,4,3|4,0,67108864,262144,256,0,0,0,0,100,0,88,0,25,22,0,1,100,0|450,2423466245,11,0,0,5767168,0,5767168,0,18029,0,0,22,0,0,0,0,0,0,0,5495502,0,0,0,0,0
1785679351415|1031|stationary_30min_formal_f2r_0014_67108864|fixed|330,1378943233,271,18577846,18445539,18470758,18445539,18470758,18445539,17784,17750,17750,17750,0,0,1136,0,547892342,547355569,4096,4096,0,0,17750,17750,2708042928,2708043269,2708042936,2708043277,0,0,0,0,0,0,0,0,4096,256,131072,4,3|4,0,67108864,262144,256,0,0,0,0,144,0,132,0,36,33,0,1,144,0|452,3351546930,11,8793024,0,0,0,0,0,9253388,0,33,0,962127565,0,962127565,0,2080,955423970,0,9792319,0,0,0,0,0
1785679351415|1031|stationary_30min_formal_f2r_0014_67108864|rotating|330,1378943233,560,18651126,18518404,107467,0,107467,0,2280,0,1140,0,0,0,17820,17820,7281240,0,4096,0,0,0,1140,0,2693851708,0,2693851716,0,0,0,0,0,0,0,0,0,4096,256,131072,4,3|4,0,67108864,262144,256,0,0,0,0,144,0,132,0,36,33,0,1,144,0|452,2742235087,11,0,0,8650752,0,8650752,0,26937,0,0,33,0,0,0,0,0,0,0,5519069,0,0,0,0,0
1785679356427|1031|stationary_30min_formal_f2r_0014_67108864|fixed|332,1378943233,271,24794826,24618220,24651916,24618220,24651916,24618220,23741,23697,23695,23695,0,0,1516,0,731404047,730687970,4096,4096,0,0,23696,23696,3028808135,3028808124,3028808143,3028808140,0,0,0,0,0,0,0,0,4096,256,131072,4,3|4,0,67108864,262144,256,0,0,0,0,188,0,176,0,47,44,0,1,188,0|454,3672318505,11,11724032,0,0,0,0,0,12341921,0,44,0,1282166388,0,1282166388,0,2080,1274620357,0,11213681,0,0,0,0,0
1785679356427|1031|stationary_30min_formal_f2r_0014_67108864|rotating|332,1378943233,560,24867883,24690817,143379,0,143379,0,3042,0,1521,0,0,0,23765,23765,9714744,0,4096,0,0,0,1521,0,3015021328,0,3015021336,0,0,0,0,0,0,0,0,0,4096,256,131072,4,3|4,0,67108864,262144,256,0,0,0,0,188,0,176,0,47,44,0,1,188,0|454,3062257845,11,0,0,11534336,0,11534336,0,35891,0,0,44,0,0,0,0,0,0,0,5538388,0,0,0,0,0
1785679361438|1031|stationary_30min_formal_f2r_0014_67108864|fixed|334,1378943233,271,31017916,30796975,30839094,30796975,30839094,30796975,29700,29645,29643,29643,0,0,1897,0,915012705,914115640,4096,4096,0,0,29644,29644,3349729001,3349729022,3349729009,3349728998,0,0,0,0,0,0,0,0,4096,256,131072,4,3|4,0,67108864,262144,256,0,0,0,0,232,0,220,0,58,55,0,1,232,0|456,3993007710,11,14662944,0,0,0,0,0,15431075,0,55,0,1602120865,0,1602120865,0,2080,1593726831,0,12642307,0,0,0,0,0
1785679361438|1031|stationary_30min_formal_f2r_0014_67108864|rotating|334,1378943233,560,31076872,30855633,179102,0,179102,0,3800,0,1900,0,0,0,29700,29700,12135448,0,4096,0,0,0,1900,0,3334479103,0,3334479111,0,0,0,0,0,0,0,0,0,4096,256,131072,4,3|4,0,67108864,262144,256,0,0,0,0,236,0,224,0,59,56,0,1,236,0|456,3382888400,11,0,0,14680064,0,14680064,0,44870,0,0,56,0,0,0,0,0,0,0,5561435,0,0,0,0,0
1785679366439|1031|stationary_30min_formal_f2r_0014_67108864|fixed|336,1378943233,271,37225550,36960421,37010910,36960421,37010910,36960421,35644,35577,35576,35576,0,0,2277,0,1098132070,1097058441,4096,4096,0,0,35577,35577,3669809978,3669809991,3669809986,3669809999,0,0,0,0,0,0,0,0,4096,256,131072,4,3|4,0,67108864,262144,256,0,0,0,0,280,0,268,0,70,67,0,1,280,0|458,18056233,12,17587360,0,0,0,0,0,18513046,0,67,0,1921405580,0,1921405580,0,2080,1912029282,0,14197503,0,0,0,0,0
1785679366439|1031|stationary_30min_formal_f2r_0014_67108864|rotating|336,1378943233,560,37305237,37038947,215115,0,215115,0,4564,0,2282,0,0,0,35652,35652,14575296,0,4096,0,0,0,2282,0,3655938898,0,3655938906,0,0,0,0,0,0,0,0,0,4096,256,131072,4,3|4,0,67108864,262144,256,0,0,0,0,280,0,268,0,70,67,0,1,280,0|458,3704247850,11,0,0,17563648,0,17563648,0,53849,0,0,67,0,0,0,0,0,0,0,5583263,0,0,0,0,0
1785679371452|1031|stationary_30min_formal_f2r_0014_67108864|fixed|338,1378943233,271,43448172,43137825,43197615,43137825,43197615,43137825,41600,41522,41520,41520,0,0,2658,0,1281634591,1280362362,4096,4096,0,0,41521,41521,3990662218,3990662223,3990662226,3990662231,0,0,0,0,0,0,0,0,4096,256,131072,4,3|4,0,67108864,262144,256,0,0,0,0,324,0,312,0,81,78,0,1,324,0|460,339224811,12,20526272,0,0,0,0,0,21608305,0,78,0,2241839430,0,2241839430,0,2080,2231614855,0,15626403,0,0,0,0,0
1785679371452|1031|stationary_30min_formal_f2r_0014_67108864|rotating|338,1378943233,560,43516167,43205459,250934,0,250934,0,5324,0,2662,0,0,0,41586,41586,17002336,0,4096,0,0,0,2662,0,3976256488,0,3976256504,0,0,0,0,0,0,0,0,0,4096,256,131072,4,3|4,0,67108864,262144,256,0,0,0,0,324,0,312,0,81,78,0,1,324,0|460,4023855303,11,0,0,20447232,0,20447232,0,62780,0,0,78,0,0,0,0,0,0,0,5606690,0,0,0,0,0
1785679376457|1031|stationary_30min_formal_f2r_0014_67108864|fixed|340,1378943233,304,49662211,49307691,49375833,49307691,49375833,49307691,47549,47460,47458,47458,0,0,3038,0,1464896872,1463446864,4096,4096,0,0,47458,47458,16008790,16009115,16008798,16009123,0,0,0,0,0,0,0,0,4096,256,131072,4,3|4,0,67108864,262144,256,0,0,0,0,368,0,356,0,92,89,0,1,368,0|462,659551124,12,23457280,0,0,0,0,0,24695493,0,89,0,2561432991,0,2561432991,0,2080,2550362193,0,17051552,0,0,0,0,0
1785679376457|1031|stationary_30min_formal_f2r_0014_67108864|rotating|340,1378943233,560,49759824,49404678,286947,0,286947,0,6088,0,3044,0,0,0,47551,47551,19442200,0,4096,0,0,0,3044,0,3322137,0,3322145,0,0,0,0,0,0,0,0,0,4096,256,131072,4,3|4,0,67108864,262144,256,0,0,0,0,368,0,356,0,92,89,0,1,368,0|462,50874639,12,0,0,23330816,0,23330816,0,71783,0,0,89,0,0,0,0,0,0,0,5632136,0,0,0,0,0
1785679381461|1031|stationary_30min_formal_f2r_0014_67108864|fixed|342,1378943233,304,55872677,55473906,55550475,55473906,55550475,55473906,53493,53394,53391,53391,0,0,3418,0,1648032376,1646402712,4096,4096,0,0,53391,53391,336106522,336106863,336106530,336106871,0,0,0,0,0,0,0,0,4096,256,131072,4,3|4,0,67108864,262144,256,0,0,0,0,412,0,400,0,103,100,0,1,412,0|464,979580921,12,26388288,0,0,0,0,0,27780045,0,100,0,2880730036,0,2880730036,0,2080,2868814185,0,18475531,0,0,0,0,0
1785679381461|1031|stationary_30min_formal_f2r_0014_67108864|rotating|342,1378943233,560,55945938,55546798,322579,0,322579,0,6844,0,3422,0,0,0,53461,53461,21856520,0,4096,0,0,0,3422,0,321915777,0,321915785,0,0,0,0,0,0,0,0,0,4096,256,131072,4,3|4,0,67108864,262144,256,0,0,0,0,412,0,400,0,103,100,0,1,412,0|464,369694465,12,0,0,26214400,0,26214400,0,80691,0,0,100,0,0,0,0,0,0,0,5650793,0,0,0,0,0
1785679386472|1031|stationary_30min_formal_f2r_0014_67108864|fixed|344,1378943233,271,62114287,61671341,61756173,61671341,61756173,61671341,59469,59358,59354,59354,0,0,3799,0,1832106415,1830295890,4096,4096,0,0,59355,59355,657856365,657856354,657856373,657856362,0,0,0,0,0,0,0,0,4096,256,131072,4,3|4,0,67108864,262144,256,0,0,0,0,456,0,444,0,114,111,0,1,456,0|466,1301256226,12,29327200,0,0,0,0,0,30880150,0,111,0,3201670613,0,3201670613,0,2080,3188905040,0,19905876,0,0,0,0,0
1785679386472|1031|stationary_30min_formal_f2r_0014_67108864|rotating|344,1378943233,560,62199977,61756516,358582,0,358582,0,7608,0,3804,0,0,0,59436,59436,24296408,0,4096,0,0,0,3804,0,643953882,0,643953890,0,0,0,0,0,0,0,0,0,4096,256,131072,4,3|4,0,67108864,262144,256,0,0,0,0,456,0,444,0,115,112,0,1,460,0|466,692133261,12,0,0,29360128,0,29360128,0,89740,0,0,112,0,0,0,0,0,0,0,5672087,0,0,0,0,0
1785679391481|1031|stationary_30min_formal_f2r_0014_67108864|fixed|346,1378943233,271,68317238,67829969,67923307,67829969,67923307,67829969,65406,65284,65280,65280,0,0,4179,0,2015033528,2013045856,4096,4096,0,0,65281,65281,977592258,977592255,977592226,977592231,0,0,0,0,0,0,0,0,4096,256,131072,4,3|4,0,67108864,262144,256,0,0,0,0,504,0,492,0,126,123,0,1,504,0|468,1621133287,12,32251616,0,0,0,0,0,33961678,0,123,0,3520816570,0,3520816570,0,2080,3507067856,0,21461949,0,0,0,0,0
1785679391481|1031|stationary_30min_formal_f2r_0014_67108864|rotating|346,1378943233,560,68380257,67891996,394310,0,394310,0,8366,0,4183,0,0,0,65341,65341,26717072,0,4096,0,0,0,4183,0,962835958,0,962835966,0,0,0,0,0,0,0,0,0,4096,256,131072,4,3|4,0,67108864,262144,256,0,0,0,0,504,0,492,0,126,123,0,1,504,0|468,1010653272,12,0,0,32243712,0,32243712,0,98625,0,0,123,0,0,0,0,0,0,0,5698241,0,0,0,0,0
1785679396487|1031|stationary_30min_formal_f2r_0014_67108864|fixed|348,1378943233,271,74525780,73993416,74096025,73993416,74096025,73993416,71352,71218,71214,71214,0,0,4559,0,2198188848,2196002589,4096,4096,0,0,71215,71215,1297857688,1297857677,1297857664,1297857685,0,0,0,0,0,0,0,0,4096,256,131072,4,3|4,0,67108864,262144,256,0,0,0,0,548,0,536,0,137,134,0,1,548,0|470,1940656200,12,35174720,0,0,0,0,0,37039899,0,134,0,3839608707,0,3839608707,0,2080,3825007804,0,22891367,0,0,0,0,0
1785679396487|1031|stationary_30min_formal_f2r_0014_67108864|rotating|348,1378943233,560,74578542,74045903,430037,0,430037,0,9124,0,4562,0,0,0,71264,71264,29137776,0,4096,0,0,0,4562,0,1282294516,0,1282294532,0,0,0,0,0,0,0,0,0,4096,256,131072,4,3|4,0,67108864,262144,256,0,0,0,0,548,0,536,0,137,134,0,1,548,0|470,1330206199,12,0,0,35127296,0,35127296,0,107580,0,0,134,0,0,0,0,0,0,0,5718490,0,0,0,0,0
1785679401492|1031|stationary_30min_formal_f2r_0014_67108864|fixed|350,1378943233,271,80740495,80163878,80274919,80163878,80274919,80163878,77300,77155,77151,77151,0,0,4939,0,2381447274,2379083661,4096,4096,0,0,77152,77152,1618173279,1618173268,1618173287,1618173276,0,0,0,0,0,0,0,0,4096,256,131072,4,3|4,0,67108864,262144,256,0,0,0,0,592,0,580,0,148,145,0,1,592,0|472,2261673764,12,38113632,0,0,0,0,0,40133983,0,145,0,4159891543,0,4159891543,0,2080,4144445133,0,24317497,0,0,0,0,0
1785679401492|1031|stationary_30min_formal_f2r_0014_67108864|rotating|350,1378943233,560,80818527,80241403,466048,0,466048,0,9888,0,4944,0,0,0,77225,77225,31577616,0,4096,0,0,0,4944,0,1604328443,0,1604328451,0,0,0,0,0,0,0,0,0,4096,256,131072,4,3|4,0,67108864,262144,256,0,0,0,0,592,0,580,0,148,145,0,1,592,0|472,1651806456,12,0,0,38010880,0,38010880,0,116559,0,0,145,0,0,0,0,0,0,0,5741583,0,0,0,0,0
1785679406499|1031|stationary_30min_formal_f2r_0014_67108864|fixed|352,1378943233,271,86974275,86353195,86472782,86353195,86472782,86353195,83267,83111,83107,83107,0,0,5320,0,2565285201,2562741316,4096,4096,0,0,83108,83108,1939504616,1939504629,1939504624,1939504637,0,0,0,0,0,0,0,0,4096,256,131072,4,3|4,0,67108864,262144,256,0,0,0,0,636,0,624,0,159,156,0,1,636,0|474,2583372130,12,41060448,0,0,0,0,0,43234529,0,156,0,185885909,1,185885909,1,2080,169589353,1,25749963,0,0,0,0,0
1785679406499|1031|stationary_30min_formal_f2r_0014_67108864|rotating|352,1378943233,560,87074601,86452960,502059,0,502059,0,10652,0,5326,0,0,0,83202,83202,34017480,0,4096,0,0,0,5326,0,1926368687,0,1926368695,0,0,0,0,0,0,0,0,0,4096,256,131072,4,3|4,0,67108864,262144,256,0,0,0,0,636,0,624,0,159,156,0,1,636,0|474,1975098694,12,0,0,40894464,0,40894464,0,125608,0,0,156,0,0,0,0,0,0,0,5764411,0,0,0,0,0
1785679411499|1031|stationary_30min_formal_f2r_0014_67108864|fixed|354,1378943233,304,93169528,92504340,92632308,92504340,92632308,92504340,89197,89029,89026,89026,0,0,5699,0,2747987216,2745263632,4096,4096,0,0,89026,89026,2258831602,2258831911,2258831610,2258831919,0,0,0,0,0,0,0,0,4096,256,131072,4,3|4,0,67108864,262144,256,0,0,0,0,680,0,668,0,170,167,0,1,680,0|476,2903023382,12,43983552,0,0,0,0,0,46315073,0,167,0,504806385,1,504806385,1,2080,487661753,1,27175268,0,0,0,0,0
1785679411499|1031|stationary_30min_formal_f2r_0014_67108864|rotating|354,1378943233,560,93279381,92613487,537875,0,537875,0,11412,0,5706,0,0,0,89130,89130,36444608,0,4096,0,0,0,5706,0,2246682676,0,2246682684,0,0,0,0,0,0,0,0,0,4096,256,131072,4,3|4,0,67108864,262144,256,0,0,0,0,680,0,668,0,170,167,0,1,680,0|476,2294473652,12,0,0,43778048,0,43778048,0,134515,0,0,167,0,0,0,0,0,0,0,5787953,0,0,0,0,0
1785679416511|1031|stationary_30min_formal_f2r_0014_67108864|fixed|356,1378943233,304,99392000,98682747,98818870,98682747,98818870,98682747,95153,94974,94971,94971,0,0,6080,0,2931492064,2928590848,4096,4096,0,0,94971,94971,2579576002,2579576359,2579576010,2579576367,0,0,0,0,0,0,0,0,4096,256,131072,4,3|4,0,67108864,262144,256,0,0,0,0,724,0,712,0,181,178,0,1,724,0|478,3223803107,12,46922464,0,0,0,0,0,49406553,0,178,0,824851382,1,824851382,1,2048,806861344,1,28601297,0,0,0,0,0
1785679416511|1031|stationary_30min_formal_f2r_0014_67108864|rotating|356,1378943233,560,99491354,98780804,573790,0,573790,0,12174,0,6087,0,0,0,95066,95066,38878032,0,4096,0,0,0,6087,0,2567285258,0,2567285266,0,0,0,0,0,0,0,0,0,4096,256,131072,4,3|4,0,67108864,262144,256,0,0,0,0,728,0,716,0,182,179,0,1,728,0|478,2614838882,12,0,0,46923776,0,46923776,0,143495,0,0,179,0,0,0,0,0,0,0,5810162,0,0,0,0,0
1785679421513|1031|stationary_30min_formal_f2r_0014_67108864|fixed|358,1378943233,304,105608675,104854199,104999630,104854199,104999630,104854199,101110,100919,100916,100916,0,0,6461,0,3114999360,3111899424,4096,4096,0,0,100916,100916,2900448655,2900449012,2900448663,2900449020,0,0,0,0,0,0,0,0,4096,256,131072,4,3|4,0,67108864,262144,256,0,0,0,0,772,0,760,0,193,190,0,1,772,0|480,3543941891,12,49846880,0,0,0,0,0,52487559,0,190,0,1144259062,1,1144259062,1,2080,1125282886,1,30160367,0,0,0,0,0
1785679421513|1031|stationary_30min_formal_f2r_0014_67108864|rotating|358,1378943233,560,105686037,104931095,609517,0,609517,0,12932,0,6466,0,0,0,100990,100990,41298736,0,4096,0,0,0,6466,0,2886741978,0,2886741994,0,0,0,0,0,0,0,0,0,4096,256,131072,4,3|4,0,67108864,262144,256,0,0,0,0,772,0,760,0,193,190,0,1,772,0|480,2934893491,12,0,0,49807360,0,49807360,0,152450,0,0,190,0,0,0,0,0,0,0,5831824,0,0,0,0,0
1785679426522|1031|stationary_30min_formal_f2r_0014_67108864|fixed|360,1378943233,271,111802694,111004028,111157922,111004028,111157922,111004028,107047,106845,106841,106841,0,0,6840,0,3297897864,3294620776,4096,4096,0,0,106842,106842,3220152508,3220152505,3220152484,3220152489,0,0,0,0,0,0,0,0,4096,256,131072,4,3|4,0,67108864,262144,256,0,0,0,0,816,0,804,0,204,201,0,1,816,0|482,3863619090,12,52769984,0,0,0,0,0,55564475,0,201,0,1463205485,1,1463205485,1,2080,1443379837,1,31587068,0,0,0,0,0
1785679426522|1031|stationary_30min_formal_f2r_0014_67108864|rotating|360,1378943233,560,111875511,111076346,645243,0,645243,0,13690,0,6845,0,0,0,106911,106911,43719392,0,4096,0,0,0,6845,0,3206197855,0,3206197863,0,0,0,0,0,0,0,0,0,4096,256,131072,4,3|4,0,67108864,262144,256,0,0,0,0,816,0,804,0,204,201,0,1,816,0|482,3254382758,12,0,0,52690944,0,52690944,0,161382,0,0,201,0,0,0,0,0,0,0,5861488,0,0,0,0,0
1785679431532|1031|stationary_30min_formal_f2r_0014_67108864|fixed|362,1378943233,271,118019008,117175821,117338320,117175821,117338320,117175821,113003,112789,112785,112785,0,0,7221,0,3481374808,3477917011,4096,4096,0,0,112786,112786,3540843577,3540843574,3540843585,3540843582,0,0,0,0,0,0,0,0,4096,256,131072,4,3|4,0,67108864,262144,256,0,0,0,0,860,0,848,0,215,212,0,1,860,0|484,4184407513,12,55708896,0,0,0,0,0,58653441,0,212,0,1783259180,1,1783259180,1,2080,1762589625,1,33011598,0,0,0,0,0
1785679431532|1031|stationary_30min_formal_f2r_0014_67108864|rotating|362,1378943233,560,118092974,117249397,681068,0,681068,0,14450,0,7225,0,0,0,112856,112856,46146504,0,4096,0,0,0,7225,0,3526511103,0,3526511111,0,0,0,0,0,0,0,0,0,4096,256,131072,4,3|4,0,67108864,262144,256,0,0,0,0,860,0,848,0,215,212,0,1,860,0|484,3574292981,12,0,0,55574528,0,55574528,0,170314,0,0,212,0,0,0,0,0,0,0,5881106,0,0,0,0,0
1785679436537|1031|stationary_30min_formal_f2r_0014_67108864|fixed|364,1378943233,271,124230850,123343634,123514339,123343634,123514339,123343634,118954,118729,118726,118726,0,0,7601,0,3664741067,3661103662,4096,4096,0,0,118726,118726,3861342868,3861343177,3861342876,3861343185,0,0,0,0,0,0,0,0,4096,256,131072,4,3|4,0,67108864,262144,256,0,0,0,0,904,0,892,0,226,223,0,1,904,0|486,209775083,13,58639904,0,0,0,0,0,61737788,0,223,0,2102861294,1,2102861294,1,2080,2081339868,1,34442395,0,0,0,0,0
1785679436537|1031|stationary_30min_formal_f2r_0014_67108864|rotating|364,1378943233,560,124293805,123406191,716888,0,716888,0,15210,0,7605,0,0,0,118786,118786,48573600,0,4096,0,0,0,7605,0,3846830626,0,3846830634,0,0,0,0,0,0,0,0,0,4096,256,131072,4,3|4,0,67108864,262144,256,0,0,0,0,904,0,892,0,226,223,0,1,904,0|486,3894383698,12,0,0,58458112,0,58458112,0,179268,0,0,223,0,0,0,0,0,0,0,5906541,0,0,0,0,0
1785679441551|1031|stationary_30min_formal_f2r_0014_67108864|fixed|366,1378943233,271,130450791,129519352,129698368,129519352,129698368,129519352,124914,124678,124674,124674,0,0,7982,0,3848349119,3844533618,4096,4096,0,0,124675,124675,4182275928,4182275933,4182275936,4182275941,0,0,0,0,0,0,0,0,4096,256,131072,4,3|4,0,67108864,262144,256,0,0,0,0,948,0,936,0,237,234,0,1,948,0|488,530897067,13,61578816,0,0,0,0,0,64829636,0,234,0,2423248550,1,2423248550,1,2080,2400881497,1,35868645,0,0,0,0,0
1785679441551|1031|stationary_30min_formal_f2r_0014_67108864|rotating|366,1378943233,560,130518032,129586223,752797,0,752797,0,15972,0,7986,0,0,0,124738,124738,51007088,0,4096,0,0,0,7986,0,4168005092,0,4168005100,0,0,0,0,0,0,0,0,0,4096,256,131072,4,3|4,0,67108864,262144,256,0,0,0,0,948,0,936,0,237,234,0,1,948,0|488,4215608586,12,0,0,61341696,0,61341696,0,188246,0,0,234,0,0,0,0,0,0,0,5933917,0,0,0,0,0
1785679446561|1031|stationary_30min_formal_f2r_0014_67108864|fixed|368,1378943233,304,136662770,135687011,135874530,135687011,135874530,135687011,130863,130616,130613,130613,0,0,8362,0,4031664024,4027666776,4096,4096,0,0,130613,130613,207701673,207702022,207701681,207702030,0,0,0,0,0,0,0,0,4096,256,131072,4,3|4,0,67108864,262144,256,0,0,0,0,996,0,984,0,249,246,0,1,996,0|490,851555122,13,64511136,0,0,0,0,0,67916722,0,246,0,2743173525,1,2743173525,1,2080,2719825824,1,37423922,0,0,0,0,0
1785679446561|1031|stationary_30min_formal_f2r_0014_67108864|rotating|368,1378943233,560,136739227,135762337,788715,0,788715,0,16734,0,8367,0,0,0,130686,130686,53440552,0,4096,0,0,0,8367,0,193638156,0,193638164,0,0,0,0,0,0,0,0,0,4096,256,131072,4,3|4,0,67108864,262144,256,0,0,0,0,996,0,984,0,249,246,0,1,996,0|490,241619490,13,0,0,64487424,0,64487424,0,197249,0,0,246,0,0,0,0,0,0,0,5954274,0,0,0,0,0
1785679456503|1032|stationary_30min_formal_f2r_0015_4194304|fixed|372,1378943233,271,6147834,6104556,6112769,6104556,6112769,6104556,5841,5830,5829,5829,0,0,372,0,179954097,179791088,4096,4096,0,0,5830,5830,844054061,844054066,844054069,844054018,0,0,0,0,0,0,0,0,4096,256,131072,4,3|4,0,4194304,262144,16,0,0,0,0,56,0,44,0,14,11,0,1,56,0|498,1487563267,13,2907296,0,0,0,0,0,3077407,0,11,0,321408498,0,321408498,0,2080,315361322,0,8351610,0,0,0,0,0
1785679456503|1032|stationary_30min_formal_f2r_0015_4194304|rotating|372,1378943233,560,6216859,6172474,35540,0,35540,0,754,0,377,0,0,0,5895,5895,2407952,0,4096,0,0,0,377,0,829884930,0,829884938,0,0,0,0,0,0,0,0,0,4096,256,131072,4,3|4,0,4194304,262144,16,0,0,0,0,56,0,44,0,14,11,0,1,56,0|498,877422320,13,0,0,2883584,0,2883584,0,8932,0,0,11,0,0,0,0,0,0,0,6874015,0,0,0,0,0
1785679464167|1033|stationary_30min_formal_f2r_0016_16777216|fixed|376,1378943233,304,6531939,6487661,6496684,6487661,6496684,6487661,11706,11694,5847,5847,0,0,374,0,180508584,180328976,4096,4096,0,0,5847,5847,1334775887,1334776220,1334775895,1334776228,0,0,0,0,0,0,0,0,4096,256,131072,4,3|4,0,16777216,262144,64,0,0,0,0,56,0,44,0,14,11,0,1,56,0|506,1978770772,13,2915200,0,0,0,0,0,3277154,0,11,0,321507822,0,321507822,0,2080,316887913,0,6454072,0,0,0,0,0
1785679464167|1033|stationary_30min_formal_f2r_0016_16777216|rotating|376,1378943233,560,6627919,6583136,35729,0,35729,0,758,0,379,0,0,0,5932,5932,2420720,0,4096,0,0,0,379,0,1321284724,0,1321284732,0,0,0,0,0,0,0,0,0,4096,256,131072,4,3|4,0,16777216,262144,64,0,0,0,0,56,0,44,0,14,11,0,1,56,0|506,1370275860,13,0,0,2883584,0,2883584,0,9026,0,0,11,0,0,0,0,0,0,0,5001458,0,0,0,0,0
1785679469208|1033|stationary_30min_formal_f2r_0016_16777216|fixed|378,1378943233,304,13208980,13119656,13137714,13119656,13137714,13119656,23671,23648,11824,11824,0,0,756,0,365030528,364671312,4096,4096,0,0,11824,11824,1657239933,1657240266,1657239941,1657240274,0,0,0,0,0,0,0,0,4096,256,131072,4,3|4,0,16777216,262144,64,0,0,0,0,100,0,88,0,25,22,0,1,100,0|508,2300749554,13,5862016,0,0,0,0,0,6590385,0,22,0,642749900,0,642749900,0,2080,637285734,0,7880649,0,0,0,0,0
1785679469208|1033|stationary_30min_formal_f2r_0016_16777216|rotating|378,1378943233,560,13286167,13196348,71738,0,71738,0,1522,0,761,0,0,0,11893,11893,4860536,0,4096,0,0,0,761,0,1643319086,0,1643319094,0,0,0,0,0,0,0,0,0,4096,256,131072,4,3|4,0,16777216,262144,64,0,0,0,0,100,0,88,0,25,22,0,1,100,0|508,1690583102,13,0,0,5767168,0,5767168,0,17982,0,0,22,0,0,0,0,0,0,0,5023391,0,0,0,0,0
1785679474219|1033|stationary_30min_formal_f2r_0016_16777216|fixed|380,1378943233,271,19852768,19718577,19745585,19718577,19745585,19718577,35578,35544,17771,17771,0,0,1137,0,548635048,548095971,4096,4096,0,0,17772,17772,1978117668,1978117681,1978117676,1978117689,0,0,0,0,0,0,0,0,4096,256,131072,4,3|4,0,16777216,262144,64,0,0,0,0,144,0,132,0,36,33,0,1,144,0|510,2621672920,13,8800928,0,0,0,0,0,9892518,0,33,0,962938538,0,962938538,0,2080,956632739,0,9302905,0,0,0,0,0
1785679474219|1033|stationary_30min_formal_f2r_0016_16777216|rotating|380,1378943233,560,19924400,19789815,107561,0,107561,0,2282,0,1141,0,0,0,17835,17835,7287616,0,4096,0,0,0,1141,0,1963630031,0,1963630039,0,0,0,0,0,0,0,0,0,4096,256,131072,4,3|4,0,16777216,262144,64,0,0,0,0,144,0,132,0,36,33,0,1,144,0|510,2011004045,13,0,0,8650752,0,8650752,0,26937,0,0,33,0,0,0,0,0,0,0,5041322,0,0,0,0,0
1785679479229|1033|stationary_30min_formal_f2r_0016_16777216|fixed|382,1378943233,271,26482823,26303868,26339818,26303868,26339818,26303868,47469,47425,23711,23711,0,0,1517,0,732018777,731300092,4096,4096,0,0,23712,23712,2298598971,2298598984,2298598979,2298598992,0,0,0,0,0,0,0,0,4096,256,131072,4,3|4,0,16777216,262144,64,0,0,0,0,188,0,176,0,47,44,0,1,188,0|512,2941418605,13,11724032,0,0,0,0,0,13179855,0,44,0,1281953447,0,1281953447,0,2080,1274798775,0,10729007,0,0,0,0,0
1785679479229|1033|stationary_30min_formal_f2r_0016_16777216|rotating|382,1378943233,560,26536992,26357762,143286,0,143286,0,3040,0,1520,0,0,0,23760,23760,9708352,0,4096,0,0,0,1520,0,2283085310,0,2283085318,0,0,0,0,0,0,0,0,0,4096,256,131072,4,3|4,0,16777216,262144,64,0,0,0,0,188,0,176,0,47,44,0,1,188,0|512,2330885645,13,0,0,11534336,0,11534336,0,35868,0,0,44,0,0,0,0,0,0,0,5066744,0,0,0,0,0
1785679484242|1033|stationary_30min_formal_f2r_0016_16777216|fixed|384,1378943233,304,33128489,32904660,32949574,32904660,32949574,32904660,59380,59325,29662,29662,0,0,1898,0,915725264,914827224,4096,4096,0,0,29662,29662,2619629724,2619630057,2619629732,2619630065,0,0,0,0,0,0,0,0,4096,256,131072,4,3|4,0,16777216,262144,64,0,0,0,0,232,0,220,0,58,55,0,1,232,0|514,3263166742,13,14670848,0,0,0,0,0,16489703,0,55,0,1602964880,0,1602964880,0,2054,1594967449,0,12154086,0,0,0,0,0
1785679484242|1033|stationary_30min_formal_f2r_0016_16777216|rotating|384,1378943233,560,33213437,32988332,179480,0,179480,0,3808,0,1904,0,0,0,29738,29738,12160960,0,4096,0,0,0,1904,0,2606138482,0,2606138490,0,0,0,0,0,0,0,0,0,4096,256,131072,4,3|4,0,16777216,262144,64,0,0,0,0,236,0,224,0,59,56,0,1,236,0|514,2655028493,13,0,0,14680064,0,14680064,0,44965,0,0,56,0,0,0,0,0,0,0,5086070,0,0,0,0,0
1785679493497|1034|stationary_30min_formal_f2r_0017_4194304|fixed|388,1378943233,304,6520850,6476602,6485595,6476602,6485595,6476602,5852,5841,5841,5841,0,0,374,0,180229896,180050376,4096,4096,0,0,5841,5841,3211760230,3211738803,3211760238,3211738811,0,0,0,0,0,0,0,0,4096,256,131072,4,3|4,0,4194304,262144,16,0,0,0,0,56,0,44,0,14,11,0,1,56,0|522,3855293748,13,2907296,0,0,0,0,0,3265537,0,11,0,320602771,0,320602771,0,2080,315979323,0,6455976,0,0,0,0,0
1785679493497|1034|stationary_30min_formal_f2r_0017_4194304|rotating|388,1378943233,560,6598353,6553672,35635,0,35635,0,756,0,378,0,0,0,5910,5910,2414336,0,4096,0,0,0,378,0,3197857476,0,3197857484,0,0,0,0,0,0,0,0,0,4096,256,131072,4,3|4,0,4194304,262144,16,0,0,0,0,56,0,44,0,14,11,0,1,56,0|522,3245524289,13,0,0,2883584,0,2883584,0,8955,0,0,11,0,0,0,0,0,0,0,5015319,0,0,0,0,0
1785679501140|1035|stationary_30min_formal_f2r_0018_4194304|fixed|392,1378943233,271,6163627,6119741,6128372,6119741,6128372,6119741,5857,5845,5844,5844,0,0,374,0,180409900,180230104,4096,4096,0,0,5845,5845,3700999779,3700999816,3700999787,3700999808,0,0,0,0,0,0,0,0,4096,256,131072,4,3|4,0,4194304,262144,16,0,0,0,0,56,0,44,0,14,11,0,1,56,0|530,49614828,14,2915200,0,0,0,0,0,3087407,0,11,0,321056604,0,321056604,0,2080,316352437,0,6562756,0,0,0,0,0
1785679501140|1035|stationary_30min_formal_f2r_0018_4194304|rotating|392,1378943233,560,6237889,6193604,35635,0,35635,0,756,0,378,0,0,0,5914,5914,2414336,0,4096,0,0,0,378,0,3686772562,0,3686772570,0,0,0,0,0,0,0,0,0,4096,256,131072,4,3|4,0,4194304,262144,16,0,0,0,0,56,0,44,0,14,11,0,1,56,0|530,3734395646,13,0,0,2883584,0,2883584,0,8955,0,0,11,0,0,0,0,0,0,0,5098589,0,0,0,0,0
1785679508817|1036|stationary_30min_formal_f2r_0019_4194304|fixed|396,1378943233,304,6113569,6069888,6078314,6069888,6078314,6069888,5852,5841,5841,5841,0,0,374,0,180293904,180117832,4096,4096,0,0,5841,5841,4192422953,4192401526,4192422961,4192401534,0,0,0,0,0,0,0,0,4096,256,131072,4,3|4,0,4194304,262144,16,0,0,0,0,56,0,44,0,14,11,0,1,56,0|538,539913857,14,2899392,0,0,0,0,0,3050047,0,11,0,319912624,0,319912624,0,2080,314902787,0,6985261,0,0,0,0,0
1785679508817|1036|stationary_30min_formal_f2r_0019_4194304|rotating|396,1378943233,560,6175348,6131363,35540,0,35540,0,754,0,377,0,0,0,5900,5900,2407952,0,4096,0,0,0,377,0,4177662363,0,4177662371,0,0,0,0,0,0,0,0,0,4096,256,131072,4,3|4,0,4194304,262144,16,0,0,0,0,56,0,44,0,14,11,0,1,56,0|538,4225556850,13,0,0,2883584,0,2883584,0,8955,0,0,11,0,0,0,0,0,0,0,5367416,0,0,0,0,0
1785679516494|1037|stationary_30min_formal_f2r_0020_4194304|fixed|400,1378943233,304,6141896,6097759,6106831,6097759,6106831,6097759,5834,5823,5823,5823,0,0,372,0,179744312,179581960,4096,4096,0,0,5823,5823,388701546,388701887,388701554,388701895,0,0,0,0,0,0,0,0,4096,256,131072,4,3|4,0,4194304,262144,16,0,0,0,0,56,0,44,0,14,11,0,1,56,0|546,1032163885,14,2899392,0,0,0,0,0,3073801,0,11,0,320989605,0,320989605,0,2080,314940540,0,8351747,0,0,0,0,0
1785679516494|1037|stationary_30min_formal_f2r_0020_4194304|rotating|400,1378943233,560,6225289,6179932,35540,0,35540,0,754,0,377,0,0,0,5902,5902,2407952,0,4096,0,0,0,377,0,374907449,0,374907457,0,0,0,0,0,0,0,0,0,4096,256,131072,4,3|4,0,4194304,262144,16,0,0,0,0,56,0,44,0,14,11,0,1,56,0|546,423272344,14,0,0,2883584,0,2883584,0,8955,0,0,11,0,0,0,0,0,0,0,6880891,0,0,0,0,0
1785679536632|1041|stationary_30min_formal_r2f_0000_4194304|fixed|410,1378943233,304,6145652,6103578,35032,0,35032,0,744,0,372,0,0,0,5827,5827,2376672,0,4096,0,0,0,372,0,1677487996,0,1677488004,0,0,0,0,0,0,0,0,0,4096,256,131072,4,3|5,0,4194304,262144,16,0,0,0,0,56,0,44,0,14,11,0,1,56,0|572,2321079271,14,0,0,2883584,0,2883584,0,8829,0,0,11,0,0,0,0,0,0,0,6864142,0,0,0,0,0
1785679536632|1041|stationary_30min_formal_r2f_0000_4194304|rotating|410,1378943233,560,6207977,6164872,6172567,6164872,6172567,6164872,5899,5887,5887,5887,0,0,376,0,181719424,181541232,4096,4096,0,0,5887,5887,1663622130,1663622479,1663622138,1663622487,0,0,0,0,0,0,0,0,4096,256,131072,4,3|4,0,4194304,262144,16,0,0,0,0,56,0,44,0,14,11,0,1,56,0|572,1710748951,14,2931008,0,0,0,0,0,3102626,0,11,0,323949925,0,323949925,0,2080,317904123,0,8356779,0,0,0,0,0
1785679544322|1042|stationary_30min_formal_r2f_0001_16777216|fixed|414,1378943233,304,6527508,6483276,35222,0,35222,0,748,0,374,0,0,0,5843,5843,2389464,0,4096,0,0,0,374,0,2169745957,0,2169745965,0,0,0,0,0,0,0,0,0,4096,256,131072,4,3|4,0,16777216,262144,64,0,0,0,0,56,0,44,0,14,11,0,1,56,0|580,2813294456,14,0,0,2883584,0,2883584,0,8852,0,0,11,0,0,0,0,0,0,0,4997008,0,0,0,0,0
1785679544322|1042|stationary_30min_formal_r2f_0001_16777216|rotating|414,1378943233,527,6595558,6551023,6560054,6551023,6560054,6551023,11821,11808,5904,5904,0,0,377,0,182268681,182088824,4096,4096,0,0,5905,5905,2155790701,2155790706,2155790709,2155790682,0,0,0,0,0,0,0,0,4096,256,131072,4,3|4,0,16777216,262144,64,0,0,0,0,56,0,44,0,14,11,0,1,56,0|580,2203703027,14,2946816,0,0,0,0,0,3305376,0,11,0,324237336,0,324237336,0,2080,319620883,0,6458969,0,0,0,0,0
1785679549325|1042|stationary_30min_formal_r2f_0001_16777216|fixed|416,1378943233,304,13151202,13062100,70915,0,70915,0,1506,0,753,0,0,0,11773,11773,4810848,0,4096,0,0,0,753,0,2489321134,0,2489321142,0,0,0,0,0,0,0,0,0,4096,256,131072,4,3|4,0,16777216,262144,64,0,0,0,0,100,0,88,0,25,22,0,1,100,0|582,3134536451,14,0,0,5767168,0,5767168,0,17822,0,0,22,0,0,0,0,0,0,0,5020624,0,0,0,0,0
1785679549325|1042|stationary_30min_formal_r2f_0001_16777216|rotating|416,1378943233,527,13250704,13161024,13179223,13161024,13179223,13161024,23749,23726,11863,11863,0,0,759,0,366233878,365874329,4096,4096,0,0,11863,11863,2477263983,2477264316,2477263991,2477264324,0,0,0,0,0,0,0,0,4096,256,131072,4,3|4,0,16777216,262144,64,0,0,0,0,100,0,88,0,25,22,0,1,100,0|582,2524371292,14,5877824,0,0,0,0,0,6604101,0,22,0,644172849,0,644172849,0,2080,638713989,0,7880302,0,0,0,0,0
1785679554329|1042|stationary_30min_formal_r2f_0001_16777216|fixed|418,1378943233,304,19783940,19650159,106703,0,106703,0,2266,0,1133,0,0,0,17710,17710,7238696,0,4096,0,0,0,1133,0,2809626398,0,2809626406,0,0,0,0,0,0,0,0,0,4096,256,131072,4,3|4,0,16777216,262144,64,0,0,0,0,144,0,132,0,36,33,0,1,144,0|584,3453734942,14,0,0,8650752,0,8650752,0,26746,0,0,33,0,0,0,0,0,0,0,5045345,0,0,0,0,0
1785679554329|1042|stationary_30min_formal_r2f_0001_16777216|rotating|418,1378943233,560,19862536,19728277,19755361,19728277,19755361,19728277,35596,35562,17781,17781,0,0,1138,0,548935032,548396208,4096,4096,0,0,17781,17781,2796548602,2796548935,2796548610,2796548943,0,0,0,0,0,0,0,0,4096,256,131072,4,3|4,0,16777216,262144,64,0,0,0,0,144,0,132,0,36,33,0,1,144,0|584,2846292238,14,8824640,0,0,0,0,0,9917236,0,33,0,965357091,0,965357091,0,2080,959063862,0,9296991,0,0,0,0,0
1785679559330|1042|stationary_30min_formal_r2f_0001_16777216|fixed|420,1378943233,304,26416779,26238184,142492,0,142492,0,3026,0,1513,0,0,0,23648,23648,9666464,0,4096,0,0,0,1513,0,3129929989,0,3129929997,0,0,0,0,0,0,0,0,0,4096,256,131072,4,3|4,0,16777216,262144,64,0,0,0,0,188,0,176,0,47,44,0,1,188,0|586,3774673247,14,0,0,11534336,0,11534336,0,35717,0,0,44,0,0,0,0,0,0,0,5066659,0,0,0,0,0
1785679559330|1042|stationary_30min_formal_r2f_0001_16777216|rotating|420,1378943233,527,26496918,26317824,26353955,26317824,26353955,26317824,47485,47440,23719,23719,0,0,1518,0,732270611,731551934,4096,4096,0,0,23720,23720,3116947542,3116947523,3116947550,3116947531,0,0,0,0,0,0,0,0,4096,256,131072,4,3|4,0,16777216,262144,64,0,0,0,0,188,0,176,0,47,44,0,1,188,0|586,3164024318,14,11731936,0,0,0,0,0,13186788,0,44,0,1282362347,0,1282362347,0,2080,1275227907,0,10712037,0,0,0,0,0
1785679564331|1042|stationary_30min_formal_r2f_0001_16777216|fixed|422,1378943233,304,33034604,32811181,178280,0,178280,0,3786,0,1893,0,0,0,29575,29575,12094248,0,4096,0,0,0,1893,0,3450234696,0,3450234704,0,0,0,0,0,0,0,0,0,4096,256,131072,4,3|4,0,16777216,262144,64,0,0,0,0,232,0,220,0,58,55,0,1,232,0|588,4093872757,14,0,0,14417920,0,14417920,0,44640,0,0,55,0,0,0,0,0,0,0,5079690,0,0,0,0,0
1785679564331|1042|stationary_30min_formal_r2f_0001_16777216|rotating|422,1378943233,527,33115405,32891590,32936751,32891590,32936751,32891590,59354,59298,29648,29648,0,0,1897,0,915303528,914405240,4096,4096,0,0,29649,29649,3436813006,3436813019,3436813014,3436812995,0,0,0,0,0,0,0,0,4096,256,131072,4,3|4,0,16777216,262144,64,0,0,0,0,232,0,220,0,58,55,0,1,232,0|588,3483800289,14,14655040,0,0,0,0,0,16475052,0,55,0,1601407542,0,1601407542,0,2080,1593434162,0,12128206,0,0,0,0,0
1785679573482|1043|stationary_30min_formal_r2f_0002_67108864|fixed|426,1378943233,304,6523995,6479841,35222,0,35222,0,748,0,374,0,0,0,5844,5844,2389464,0,4096,0,0,0,374,0,4036081400,0,4036081408,0,0,0,0,0,0,0,0,0,4096,256,131072,4,3|4,0,67108864,262144,256,0,0,0,0,56,0,44,0,14,11,0,1,56,0|596,384848036,15,0,0,2883584,0,2883584,0,8876,0,0,11,0,0,0,0,0,0,0,4984956,0,0,0,0,0
1785679573482|1043|stationary_30min_formal_r2f_0002_67108864|rotating|426,1378943233,527,6593643,6549111,6558045,6549111,6558045,6549111,5919,5907,5906,5906,0,0,378,0,182254098,182074328,4096,4096,0,0,5907,5907,4022257378,4022257391,4022257386,4022257367,0,0,0,0,0,0,0,0,4096,256,131072,4,3|4,0,67108864,262144,256,0,0,0,0,56,0,44,0,14,11,0,1,56,0|596,4070084176,14,2946816,0,0,0,0,0,3303326,0,11,0,324277469,0,324277469,0,2080,319667004,0,6452937,0,0,0,0,0
1785679578496|1043|stationary_30min_formal_r2f_0002_67108864|fixed|428,1378943233,304,13160631,13071583,71009,0,71009,0,1508,0,754,0,0,0,11790,11790,4817248,0,4096,0,0,0,754,0,61541754,0,61541762,0,0,0,0,0,0,0,0,0,4096,256,131072,4,3|4,0,67108864,262144,256,0,0,0,0,100,0,88,0,25,22,0,1,100,0|598,705391309,15,0,0,5767168,0,5767168,0,17822,0,0,22,0,0,0,0,0,0,0,5007089,0,0,0,0,0
1785679578496|1043|stationary_30min_formal_r2f_0002_67108864|rotating|428,1378943233,527,13245190,13155659,13173709,13155659,13173709,13155659,11890,11867,11866,11866,0,0,759,0,366139168,365779881,4096,4096,0,0,11867,11867,48807156,48807137,48807148,48807145,0,0,0,0,0,0,0,0,4096,256,131072,4,3|4,0,67108864,262144,256,0,0,0,0,100,0,88,0,25,22,0,1,100,0|598,96479314,15,5885728,0,0,0,0,0,6607358,0,22,0,644905175,0,644905175,0,2080,639460236,0,7868034,0,0,0,0,0
1785679583522|1043|stationary_30min_formal_r2f_0002_67108864|fixed|430,1378943233,304,19814248,19680288,106986,0,106986,0,2272,0,1136,0,0,0,17749,17749,7257840,0,4096,0,0,0,1136,0,383565045,0,383565061,0,0,0,0,0,0,0,0,0,4096,256,131072,4,3|4,0,67108864,262144,256,0,0,0,0,144,0,132,0,36,33,0,1,144,0|600,1027186669,15,0,0,8650752,0,8650752,0,26817,0,0,33,0,0,0,0,0,0,0,5026418,0,0,0,0,0
1785679583522|1043|stationary_30min_formal_r2f_0002_67108864|rotating|430,1378943233,527,19902998,19768551,19795541,19768551,19795541,19768551,17864,17830,17829,17829,0,0,1141,0,550144214,549605401,4096,4096,0,0,17830,17830,370522495,370522508,370522503,370522516,0,0,0,0,0,0,0,0,4096,256,131072,4,3|4,0,67108864,262144,256,0,0,0,0,144,0,132,0,36,33,0,1,144,0|600,417495865,15,8824640,0,0,0,0,0,9908791,0,33,0,965186998,0,965186998,0,2080,958906985,0,9283731,0,0,0,0,0
1785679588532|1043|stationary_30min_formal_r2f_0002_67108864|fixed|432,1378943233,304,26452566,26273851,142773,0,142773,0,3032,0,1516,0,0,0,23695,23695,9685648,0,4096,0,0,0,1516,0,703868952,0,703868960,0,0,0,0,0,0,0,0,0,4096,256,131072,4,3|4,0,67108864,262144,256,0,0,0,0,188,0,176,0,47,44,0,1,188,0|602,1349172560,15,0,0,11534336,0,11534336,0,35811,0,0,44,0,0,0,0,0,0,0,5047420,0,0,0,0,0
1785679588532|1043|stationary_30min_formal_r2f_0002_67108864|rotating|432,1378943233,527,26557985,26378687,26414646,26378687,26414646,26378687,23836,23791,23790,23790,0,0,1522,0,734074054,733355721,4096,4096,0,0,23791,23791,692112055,692112068,692112063,692112076,0,0,0,0,0,0,0,0,4096,256,131072,4,3|4,0,67108864,262144,256,0,0,0,0,188,0,176,0,47,44,0,1,188,0|602,739386716,15,11764892,0,0,0,0,0,13219206,0,44,0,1286342786,0,1286342786,0,2080,1279228114,0,10699069,0,0,0,0,0
1785679593537|1043|stationary_30min_formal_r2f_0002_67108864|fixed|434,1378943233,304,33073332,32849813,178561,0,178561,0,3792,0,1896,0,0,0,29631,29631,12113392,0,4096,0,0,0,1896,0,1024170541,0,1024170549,0,0,0,0,0,0,0,0,0,4096,256,131072,4,3|4,0,67108864,262144,256,0,0,0,0,232,0,220,0,58,55,0,1,232,0|604,1668213063,15,0,0,14417920,0,14417920,0,44709,0,0,55,0,0,0,0,0,0,0,5071732,0,0,0,0,0
1785679593537|1043|stationary_30min_formal_r2f_0002_67108864|rotating|434,1378943233,527,33152077,32928065,32973050,32928065,32973050,32928065,29758,29702,29701,29701,0,0,1901,0,916473306,915575461,4096,4096,0,0,29702,29702,1011029593,1011029574,1011029601,1011029582,0,0,0,0,0,0,0,0,4096,256,131072,4,3|4,0,67108864,262144,256,0,0,0,0,232,0,220,0,58,55,0,1,232,0|604,1058223037,15,14680064,0,0,0,0,0,16494113,0,56,0,1604450314,0,1604450314,0,2080,1596403514,0,12202407,0,0,0,0,0
1785679598547|1043|stationary_30min_formal_r2f_0002_67108864|fixed|436,1378943233,304,39708002,39439032,214534,0,214534,0,4556,0,2278,0,0,0,35577,35577,14554008,0,4096,0,0,0,2278,0,1345493982,0,1345493990,0,0,0,0,0,0,0,0,0,4096,256,131072,4,3|4,0,67108864,262144,256,0,0,0,0,280,0,268,0,70,67,0,1,280,0|606,1988921068,15,0,0,17563648,0,17563648,0,53680,0,0,67,0,0,0,0,0,0,0,5100150,0,0,0,0,0
1785679598547|1043|stationary_30min_formal_r2f_0002_67108864|rotating|436,1378943233,527,39775589,39506317,39560773,39506317,39560773,39506317,35706,35638,35637,35637,0,0,2281,0,1099631105,1098537412,4096,4096,0,0,35638,35638,1331398710,1331398723,1331398718,1331398731,0,0,0,0,0,0,0,0,4096,256,131072,4,3|4,0,67108864,262144,256,0,0,0,0,280,0,268,0,70,67,0,1,280,0|606,1378586882,15,17618976,0,0,0,0,0,19786780,0,67,0,1924079431,0,1924079431,0,2080,1915159916,0,13655714,0,0,0,0,0
1785679603550|1043|stationary_30min_formal_r2f_0002_67108864|fixed|438,1378943233,304,46330553,46016804,250227,0,250227,0,5314,0,2657,0,0,0,41510,41510,16975392,0,4096,0,0,0,2657,0,1665059876,0,1665059884,0,0,0,0,0,0,0,0,0,4096,256,131072,4,3|4,0,67108864,262144,256,0,0,0,0,324,0,312,0,81,78,0,1,324,0|608,2309144592,15,0,0,20447232,0,20447232,0,62627,0,0,78,0,0,0,0,0,0,0,5124129,0,0,0,0,0
1785679603550|1043|stationary_30min_formal_r2f_0002_67108864|rotating|438,1378943233,560,46417070,46102838,46166372,46102838,46166372,46102838,41667,41588,41588,41588,0,0,2662,0,1283239328,1281966368,4096,4096,0,0,41588,41588,1652412562,1652412895,1652412570,1652412903,0,0,0,0,0,0,0,0,4096,256,131072,4,3|4,0,67108864,262144,256,0,0,0,0,324,0,312,0,81,78,0,1,324,0|608,1700171303,15,20557888,0,0,0,0,0,23093100,0,78,0,2244929124,0,2244929124,0,2080,2235177982,0,15067964,0,0,0,0,0
1785679608561|1043|stationary_30min_formal_r2f_0002_67108864|fixed|440,1378943233,304,52967086,52608399,286110,0,286110,0,6076,0,3038,0,0,0,47455,47455,19409624,0,4096,0,0,0,3038,0,1986222304,0,1986222312,0,0,0,0,0,0,0,0,0,4096,256,131072,4,3|4,0,67108864,262144,256,0,0,0,0,368,0,356,0,92,89,0,1,368,0|610,2630064026,15,0,0,23330816,0,23330816,0,71598,0,0,89,0,0,0,0,0,0,0,5146948,0,0,0,0,0
1785679608561|1043|stationary_30min_formal_r2f_0002_67108864|rotating|440,1378943233,527,53038493,52679410,52752006,52679410,52752006,52679410,47609,47519,47518,47518,0,0,3042,0,1466240254,1464787528,4096,4096,0,0,47519,47519,1972390638,1972390651,1972390646,1972390627,0,0,0,0,0,0,0,0,4096,256,131072,4,3|4,0,67108864,262144,256,0,0,0,0,368,0,356,0,92,89,0,1,368,0|610,2020267800,15,23488896,0,0,0,0,0,26384924,0,89,0,2564292869,0,2564292869,0,2080,2553706314,0,16482303,0,0,0,0,0
1785679613574|1043|stationary_30min_formal_r2f_0002_67108864|fixed|442,1378943233,304,59602263,59198826,321897,0,321897,0,6836,0,3418,0,0,0,53398,53398,21837408,0,4096,0,0,0,3418,0,2306524479,0,2306524487,0,0,0,0,0,0,0,0,0,4096,256,131072,4,3|4,0,67108864,262144,256,0,0,0,0,412,0,400,0,103,100,0,1,412,0|612,2950425743,15,0,0,26214400,0,26214400,0,80545,0,0,100,0,0,0,0,0,0,0,5173270,0,0,0,0,0
1785679613574|1043|stationary_30min_formal_r2f_0002_67108864|rotating|442,1378943233,527,59678978,59275156,59356703,59275156,59356703,59275156,53569,53468,53467,53467,0,0,3422,0,1649780341,1648148080,4096,4096,0,0,53468,53468,2293307811,2293307840,2293307819,2293307832,0,0,0,0,0,0,0,0,4096,256,131072,4,3|4,0,67108864,262144,256,0,0,0,0,412,0,400,0,103,100,0,1,412,0|612,2340443341,15,26419904,0,0,0,0,0,29677419,0,100,0,2883735658,0,2883735658,0,2080,2872314433,0,17895899,0,0,0,0,0
1785679618577|1043|stationary_30min_formal_r2f_0002_67108864|fixed|444,1378943233,304,66230312,65782141,357686,0,357686,0,7596,0,3798,0,0,0,59334,59334,24265176,0,4096,0,0,0,3798,0,2626828361,0,2626828369,0,0,0,0,0,0,0,0,0,4096,256,131072,4,3|4,0,67108864,262144,256,0,0,0,0,456,0,444,0,114,111,0,1,456,0|614,3270869110,15,0,0,29097984,0,29097984,0,89491,0,0,111,0,0,0,0,0,0,0,5191830,0,0,0,0,0
1785679618577|1043|stationary_30min_formal_r2f_0002_67108864|rotating|444,1378943233,560,66309650,65861005,65951499,65861005,65951499,65861005,59518,59406,59406,59406,0,0,3803,0,1833031536,1831220016,4096,4096,0,0,59406,59406,2613697778,2613698111,2613697786,2613698119,0,0,0,0,0,0,0,0,4096,256,131072,4,3|4,0,67108864,262144,256,0,0,0,0,456,0,444,0,114,111,0,1,456,0|614,2660854931,15,29350912,0,0,0,0,0,32972607,0,111,0,3203414496,0,3203414496,0,2080,3191156852,0,19311244,0,0,0,0,0
1785679623581|1043|stationary_30min_formal_r2f_0002_67108864|fixed|446,1378943233,304,72857206,72364424,393467,0,393467,0,8356,0,4178,0,0,0,65271,65271,26692960,0,4096,0,0,0,4178,0,2947132241,0,2947132249,0,0,0,0,0,0,0,0,0,4096,256,131072,4,3|4,0,67108864,262144,256,0,0,0,0,500,0,488,0,126,123,0,1,504,0|616,3591055665,15,0,0,32243712,0,32243712,0,98461,0,0,123,0,0,0,0,0,0,0,5211950,0,0,0,0,0
1785679623581|1043|stationary_30min_formal_r2f_0002_67108864|rotating|446,1378943233,560,72933161,72439224,72539221,72439224,72539221,72439224,65463,65339,65339,65339,0,0,4183,0,2016100184,2014092824,4096,4096,0,0,65339,65339,2933910306,2933910639,2933910314,2933910647,0,0,0,0,0,0,0,0,4096,256,131072,4,3|4,0,67108864,262144,256,0,0,0,0,504,0,492,0,126,123,0,1,504,0|616,2981165980,15,32275328,0,0,0,0,0,36265159,0,123,0,3522994441,0,3522994441,0,2080,3509766132,0,20854841,0,0,0,0,0
1785679628593|1043|stationary_30min_formal_r2f_0002_67108864|fixed|448,1378943233,304,79492142,78953748,429350,0,429350,0,9118,0,4559,0,0,0,71214,71214,29127152,0,4096,0,0,0,4559,0,3267720091,0,3267720099,0,0,0,0,0,0,0,0,0,4096,256,131072,4,3|4,0,67108864,262144,256,0,0,0,0,548,0,536,0,137,134,0,1,548,0|618,3911903643,15,0,0,35127296,0,35127296,0,107408,0,0,134,0,0,0,0,0,0,0,5233118,0,0,0,0,0
1785679628593|1043|stationary_30min_formal_r2f_0002_67108864|rotating|448,1378943233,560,79570166,79031299,79140346,79031299,79140346,79031299,71419,71284,71284,71284,0,0,4564,0,2199539104,2197352224,4096,4096,0,0,71284,71284,3254643396,3254643729,3254643404,3254643737,0,0,0,0,0,0,0,0,4096,256,131072,4,3|4,0,67108864,262144,256,0,0,0,0,548,0,536,0,137,134,0,1,548,0|618,3301574820,15,35214240,0,0,0,0,0,39560126,0,134,0,3842668553,0,3842668553,0,2080,3828606175,0,22269533,0,0,0,0,0
1785679633602|1043|stationary_30min_formal_r2f_0002_67108864|fixed|450,1378943233,304,86127147,85543863,465232,0,465232,0,9880,0,4940,0,0,0,77159,77159,31561384,0,4096,0,0,0,4940,0,3588884103,0,3588884111,0,0,0,0,0,0,0,0,0,4096,256,131072,4,3|4,0,67108864,262144,256,0,0,0,0,592,0,580,0,148,145,0,1,592,0|620,4232774685,15,0,0,38010880,0,38010880,0,116379,0,0,145,0,0,0,0,0,0,0,5252121,0,0,0,0,0
1785679633602|1043|stationary_30min_formal_r2f_0002_67108864|rotating|450,1378943233,560,86223089,85639312,85757385,85639312,85757385,85639312,77391,77245,77245,77245,0,0,4945,0,2383471720,2381105320,4096,4096,0,0,77245,77245,3576237226,3576237559,3576237234,3576237567,0,0,0,0,0,0,0,0,4096,256,131072,4,3|4,0,67108864,262144,256,0,0,0,0,592,0,580,0,148,145,0,1,592,0|620,3623535476,15,38153152,0,0,0,0,0,42870264,0,145,0,4163894481,0,4163894481,0,2080,4148996832,0,23685427,0,0,0,0,0
1785679638604|1043|stationary_30min_formal_r2f_0002_67108864|fixed|452,1378943233,304,92751986,92123990,501021,0,501021,0,10640,0,5320,0,0,0,83093,83093,33989160,0,4096,0,0,0,5320,0,3909190101,0,3909190109,0,0,0,0,0,0,0,0,0,4096,256,131072,4,3|4,0,67108864,262144,256,0,0,0,0,636,0,624,0,159,156,0,1,636,0|622,258033937,16,0,0,40894464,0,40894464,0,125325,0,0,156,0,0,0,0,0,0,0,5275992,0,0,0,0,0
1785679638604|1043|stationary_30min_formal_r2f_0002_67108864|rotating|452,1378943233,560,92846885,92218397,92345393,92218397,92345393,92218397,83335,83178,83178,83178,0,0,5325,0,2566540368,2563994448,4096,4096,0,0,83178,83178,3896328434,3896328767,3896328442,3896328775,0,0,0,0,0,0,0,0,4096,256,131072,4,3|4,0,67108864,262144,256,0,0,0,0,636,0,624,0,159,156,0,1,636,0|622,3943315428,15,41084160,0,0,0,0,0,46158723,0,156,0,187974385,1,187974385,1,2080,172238201,1,25102888,0,0,0,0,0
1785679643604|1043|stationary_30min_formal_r2f_0002_67108864|fixed|454,1378943233,304,99371936,98699076,536714,0,536714,0,11398,0,5699,0,0,0,89022,89022,36410584,0,4096,0,0,0,5699,0,4228636501,0,4228636509,0,0,0,0,0,0,0,0,0,4096,256,131072,4,3|4,0,67108864,262144,256,0,0,0,0,680,0,668,0,170,167,0,1,680,0|624,578076792,16,0,0,43778048,0,43778048,0,134249,0,0,167,0,0,0,0,0,0,0,5300267,0,0,0,0,0
1785679643604|1043|stationary_30min_formal_r2f_0002_67108864|rotating|454,1378943233,527,99460552,98787208,98923367,98787208,98923367,98787208,89271,89103,89102,89102,0,0,5704,0,2749336676,2746610984,4096,4096,0,0,89103,89103,4215961253,4215961266,4215961261,4215961242,0,0,0,0,0,0,0,0,4096,256,131072,4,3|4,0,67108864,262144,256,0,0,0,0,680,0,668,0,170,167,0,1,680,0|624,4263661031,15,44015168,0,0,0,0,0,49453039,0,167,0,507587236,1,507587236,1,2080,491012583,1,26520283,0,0,0,0,0
1785679648607|1043|stationary_30min_formal_r2f_0002_67108864|fixed|456,1378943233,304,105996626,105279244,572500,0,572500,0,12158,0,6079,0,0,0,94957,94957,38838320,0,4096,0,0,0,6079,0,253971522,0,253971530,0,0,0,0,0,0,0,0,0,4096,256,131072,4,3|4,0,67108864,262144,256,0,0,0,0,724,0,712,0,181,178,0,1,724,0|626,897826674,16,0,0,46661632,0,46661632,0,143194,0,0,178,0,0,0,0,0,0,0,5322686,0,0,0,0,0
1785679648607|1043|stationary_30min_formal_r2f_0002_67108864|rotating|456,1378943233,560,106073525,105355767,105500652,105355767,105500652,105355767,95205,95026,95026,95026,0,0,6083,0,2932122256,2929217296,4096,4096,0,0,95026,95026,240572815,240573148,240572823,240573156,0,0,0,0,0,0,0,0,4096,256,131072,4,3|4,0,67108864,262144,256,0,0,0,0,728,0,716,0,182,179,0,1,728,0|626,287846557,16,46931680,0,0,0,0,0,52733363,0,179,0,826010930,1,826010930,1,2080,808463046,1,28064749,0,0,0,0,0
1785679653622|1043|stationary_30min_formal_r2f_0002_67108864|fixed|458,1378943233,304,112640374,111877459,608474,0,608474,0,12922,0,6461,0,0,0,100907,100907,41278944,0,4096,0,0,0,6461,0,575423631,0,575423639,0,0,0,0,0,0,0,0,0,4096,256,131072,4,3|4,0,67108864,262144,256,0,0,0,0,772,0,760,0,193,190,0,1,772,0|628,1218897649,16,0,0,49807360,0,49807360,0,152165,0,0,190,0,0,0,0,0,0,0,5352294,0,0,0,0,0
1785679653622|1043|stationary_30min_formal_r2f_0002_67108864|rotating|458,1378943233,527,112710448,111947143,112101597,111947143,112101597,111947143,101162,100972,100970,100970,0,0,6465,0,3115543343,3112442290,4096,4096,0,0,100971,100971,561415719,561415732,561415727,561415740,0,0,0,0,0,0,0,0,4096,256,131072,4,3|4,0,67108864,262144,256,0,0,0,0,772,0,760,0,193,190,0,1,772,0|628,609063440,16,49870592,0,0,0,0,0,56036869,0,190,0,1146493085,1,1146493085,1,2080,1128108860,1,29481713,0,0,0,0,0
1785679658623|1043|stationary_30min_formal_r2f_0002_67108864|fixed|460,1378943233,304,119253937,118446297,644167,0,644167,0,13680,0,6840,0,0,0,106837,106837,43700344,0,4096,0,0,0,6840,0,894870904,0,894870912,0,0,0,0,0,0,0,0,0,4096,256,131072,4,3|4,0,67108864,262144,256,0,0,0,0,816,0,804,0,204,201,0,1,816,0|630,1538887289,16,0,0,52690944,0,52690944,0,161112,0,0,201,0,0,0,0,0,0,0,5377650,0,0,0,0,0
1785679658623|1043|stationary_30min_formal_r2f_0002_67108864|rotating|460,1378943233,527,119333064,118524946,118688425,118524946,118688425,118524946,107110,106909,106908,106908,0,0,6845,0,3298751987,3295471334,4096,4096,0,0,106908,106908,881740931,881741264,881740939,881741272,0,0,0,0,0,0,0,0,4096,256,131072,4,3|4,0,67108864,262144,256,0,0,0,0,816,0,804,0,204,201,0,1,816,0|630,928942445,16,52801600,0,0,0,0,0,59323325,0,201,0,1465639338,1,1465639338,1,2080,1446415800,1,30899952,0,0,0,0,0
1785679663633|1043|stationary_30min_formal_r2f_0002_67108864|fixed|462,1378943233,304,125899458,125046853,680144,0,680144,0,14444,0,7222,0,0,0,112797,112796,46140936,0,4096,0,0,0,7222,0,1216893768,0,1216893784,0,0,0,0,0,0,0,0,0,4096,256,131072,4,3|4,0,67108864,262144,256,0,0,0,0,860,0,848,0,215,212,0,1,860,0|632,1860486749,16,0,0,55574528,0,55574528,0,170107,0,0,212,0,0,0,0,0,0,0,5395785,0,0,0,0,0
1785679663633|1043|stationary_30min_formal_r2f_0002_67108864|rotating|462,1378943233,527,126000305,125147191,125319690,125147191,125319690,125147191,113101,112889,112887,112887,0,0,7227,0,3483252697,3479792612,4096,4096,0,0,112888,112888,1204334375,1204334356,1204334383,1204334364,0,0,0,0,0,0,0,0,4096,256,131072,4,3|4,0,67108864,262144,256,0,0,0,0,860,0,848,0,215,212,0,1,860,0|632,1252143685,16,55756320,0,0,0,0,0,62643128,0,212,0,1788101898,1,1788101898,1,2080,1768047107,1,32315222,0,0,0,0,0
1785679668641|1043|stationary_30min_formal_r2f_0002_67108864|fixed|464,1378943233,304,132508152,131610703,715837,0,715837,0,15202,0,7601,0,0,0,118721,118721,48562360,0,4096,0,0,0,7601,0,1536340360,0,1536340368,0,0,0,0,0,0,0,0,0,4096,256,131072,4,3|4,0,67108864,262144,256,0,0,0,0,904,0,892,0,226,223,0,1,904,0|634,2181901653,16,0,0,58458112,0,58458112,0,179077,0,0,223,0,0,0,0,0,0,0,5417754,0,0,0,0,0
1785679668641|1043|stationary_30min_formal_r2f_0002_67108864|rotating|464,1378943233,527,132627443,131729403,131911040,131729403,131911040,131729403,119053,118830,118828,118828,0,0,7607,0,3666569892,3662930279,4096,4096,0,0,118829,118829,1524857670,1524857683,1524857678,1524857691,0,0,0,0,0,0,0,0,4096,256,131072,4,3|4,0,67108864,262144,256,0,0,0,0,904,0,892,0,226,223,0,1,904,0|634,1571797305,16,58679424,0,0,0,0,0,65927566,0,223,0,2107024742,1,2107024742,1,2054,2086129637,1,33732765,0,0,0,0,0
1785679673652|1043|stationary_30min_formal_r2f_0002_67108864|fixed|466,1378943233,304,139143308,138201164,751719,0,751719,0,15964,0,7982,0,0,0,124670,124670,50996488,0,4096,0,0,0,7982,0,1857503129,0,1857503137,0,0,0,0,0,0,0,0,0,4096,256,131072,4,3|4,0,67108864,262144,256,0,0,0,0,948,0,936,0,237,234,0,1,948,0|636,2500765862,16,0,0,61341696,0,61341696,0,187976,0,0,234,0,0,0,0,0,0,0,5434211,0,0,0,0,0
1785679673652|1043|stationary_30min_formal_r2f_0002_67108864|rotating|466,1378943233,527,139205224,138262790,138453227,138262790,138453227,138262790,124961,124727,124725,124725,0,0,7985,0,3848539056,3844719929,4096,4096,0,0,124726,124726,1843027288,1843027269,1843027264,1843027277,0,0,0,0,0,0,0,0,4096,256,131072,4,3|4,0,67108864,262144,256,0,0,0,0,948,0,936,0,237,234,0,1,948,0|636,1890486224,16,61602528,0,0,0,0,0,69201762,0,234,0,2424982885,1,2424982885,1,2080,2403250318,1,35147456,0,0,0,0,0
1785679678652|1043|stationary_30min_formal_r2f_0002_67108864|fixed|468,1378943233,304,145759056,144772378,787407,0,787407,0,16722,0,8361,0,0,0,130601,130601,53417912,0,4096,0,0,0,8361,0,2176951763,0,2176951771,0,0,0,0,0,0,0,0,0,4096,256,131072,4,3|5,0,67108864,262144,256,0,0,0,0,996,0,984,0,249,246,0,1,996,0|638,2820919666,16,0,0,64487424,0,64487424,0,196946,0,0,246,0,0,0,0,0,0,0,5454657,0,0,0,0,0
1785679678652|1043|stationary_30min_formal_r2f_0002_67108864|rotating|468,1378943233,527,145860716,144872677,145072648,144872677,145072648,144872677,130941,130694,130692,130692,0,0,8368,0,4032656959,4028641992,4096,4096,0,0,130693,130693,2165070861,2165070874,2165070869,2165070850,0,0,0,0,0,0,0,0,4096,256,131072,4,3|4,0,67108864,262144,256,0,0,0,0,996,0,984,0,249,246,0,1,996,0|638,2212409441,16,64542752,0,0,0,0,0,72507807,0,246,0,2746171046,1,2746171046,1,2080,2723466869,1,36695392,0,0,0,0,0
1785679688586|1044|stationary_30min_formal_r2f_0003_4194304|fixed|472,1378943233,304,6161959,6118266,35222,0,35222,0,748,0,374,0,0,0,5843,5843,2389464,0,4096,0,0,0,374,0,2812862536,0,2812862544,0,0,0,0,0,0,0,0,0,4096,256,131072,4,3|4,0,4194304,262144,16,0,0,0,0,56,0,44,0,14,11,0,1,56,0|646,3456548355,16,0,0,2883584,0,2883584,0,8852,0,0,11,0,0,0,0,0,0,0,5090449,0,0,0,0,0
1785679688586|1044|stationary_30min_formal_r2f_0003_4194304|rotating|472,1378943233,527,6249815,6205625,6214122,6205625,6214122,6205625,5940,5928,5927,5927,0,0,379,0,182965352,182785390,4096,4096,0,0,5928,5928,2800157462,2800157451,2800157430,2800157459,0,0,0,0,0,0,0,0,4096,256,131072,4,3|4,0,4194304,262144,16,0,0,0,0,56,0,44,0,14,11,0,1,56,0|646,2847404476,16,2946816,0,0,0,0,0,3124391,0,11,0,324901641,0,324901641,0,2080,320201987,0,6573205,0,0,0,0,0
1785679696244|1045|stationary_30min_formal_r2f_0004_16777216|fixed|476,1378943233,304,6112558,6068981,35222,0,35222,0,748,0,374,0,0,0,5841,5841,2389464,0,4096,0,0,0,374,0,3303302601,0,3303302609,0,0,0,0,0,0,0,0,0,4096,256,131072,4,3|4,0,16777216,262144,64,0,0,0,0,56,0,44,0,14,11,0,1,56,0|654,3946931076,16,0,0,2883584,0,2883584,0,8852,0,0,11,0,0,0,0,0,0,0,5463279,0,0,0,0,0
1785679696244|1045|stationary_30min_formal_r2f_0004_16777216|rotating|476,1378943233,527,6178814,6134908,6143310,6134908,6143310,6134908,5917,5905,5904,5904,0,0,377,0,182249961,182073220,4096,4096,0,0,5905,5905,3289366054,3289366059,3289366062,3289366067,0,0,0,0,0,0,0,0,4096,256,131072,4,3|4,0,16777216,262144,64,0,0,0,0,56,0,44,0,14,11,0,1,56,0|654,3336517752,16,2938912,0,0,0,0,0,3088016,0,11,0,323780741,0,323780741,0,2080,318874924,0,6840635,0,0,0,0,0
1785679701248|1045|stationary_30min_formal_r2f_0004_16777216|fixed|478,1378943233,304,12322129,12234155,70915,0,70915,0,1506,0,753,0,0,0,11774,11774,4810848,0,4096,0,0,0,753,0,3622881749,0,3622881757,0,0,0,0,0,0,0,0,0,4096,256,131072,4,3|4,0,16777216,262144,64,0,0,0,0,100,0,88,0,25,22,0,1,100,0|656,4266993217,16,0,0,5767168,0,5767168,0,17799,0,0,22,0,0,0,0,0,0,0,5483495,0,0,0,0,0
1785679701248|1045|stationary_30min_formal_r2f_0004_16777216|rotating|478,1378943233,527,12391875,12303513,12320584,12303513,12320584,12303513,11864,11841,11840,11840,0,0,757,0,365486077,365127984,4096,4096,0,0,11841,11841,3609633809,3609633806,3609633817,3609633814,0,0,0,0,0,0,0,0,4096,256,131072,4,3|4,0,16777216,262144,64,0,0,0,0,100,0,88,0,25,22,0,1,100,0|656,3657108048,16,5869920,0,0,0,0,0,6177530,0,22,0,643638285,0,643638285,0,2080,637888142,0,8263887,0,0,0,0,0
1785679706260|1045|stationary_30min_formal_r2f_0004_16777216|fixed|480,1378943233,304,18545963,18413679,106798,0,106798,0,2268,0,1134,0,0,0,17720,17720,7245080,0,4096,0,0,0,1134,0,3944064890,0,3944064898,0,0,0,0,0,0,0,0,0,4096,256,131072,4,3|4,0,16777216,262144,64,0,0,0,0,144,0,132,0,36,33,0,1,144,0|658,292879718,17,0,0,8650752,0,8650752,0,26770,0,0,33,0,0,0,0,0,0,0,5508112,0,0,0,0,0
1785679706260|1045|stationary_30min_formal_r2f_0004_16777216|rotating|480,1378943233,527,18619994,18487292,18512819,18487292,18512819,18487292,17825,17791,17791,17791,0,0,1138,0,549157739,548620726,4096,4096,0,0,17791,17791,3930667059,3930667408,3930667067,3930667416,0,0,0,0,0,0,0,0,4096,256,131072,4,3|4,0,16777216,262144,64,0,0,0,0,144,0,132,0,36,33,0,1,144,0|658,3977917065,16,8808832,0,0,0,0,0,9269283,0,33,0,963712574,0,963712574,0,2080,957107990,0,9698951,0,0,0,0,0
1785679711274|1045|stationary_30min_formal_r2f_0004_16777216|fixed|482,1378943233,304,24771932,24595448,142679,0,142679,0,3030,0,1515,0,0,0,23668,23668,9679264,0,4096,0,0,0,1515,0,4265240316,0,4265240324,0,0,0,0,0,0,0,0,0,4096,256,131072,4,3|4,0,16777216,262144,64,0,0,0,0,188,0,176,0,47,44,0,1,188,0|660,613791898,17,0,0,11534336,0,11534336,0,35717,0,0,44,0,0,0,0,0,0,0,5525969,0,0,0,0,0
1785679711274|1045|stationary_30min_formal_r2f_0004_16777216|rotating|482,1378943233,527,24845780,24668910,24702722,24668910,24702722,24668910,23784,23739,23738,23738,0,0,1519,0,732751931,732036086,4096,4096,0,0,23739,23739,4251573297,4251573302,4251573305,4251573318,0,0,0,0,0,0,0,0,4096,256,131072,4,3|4,0,16777216,262144,64,0,0,0,0,188,0,176,0,47,44,0,1,188,0|660,3697716,17,11739840,0,0,0,0,0,12360589,0,44,0,1283727769,0,1283727769,0,2080,1276274784,0,11126278,0,0,0,0,0
1785679716283|1045|stationary_30min_formal_r2f_0004_16777216|fixed|484,1378943233,304,30985557,30764787,178467,0,178467,0,3790,0,1895,0,0,0,29610,29610,12107016,0,4096,0,0,0,1895,0,290591306,0,290591314,0,0,0,0,0,0,0,0,0,4096,256,131072,4,3|4,0,16777216,262144,64,0,0,0,0,232,0,220,0,58,55,0,1,232,0|662,934418443,17,0,0,14417920,0,14417920,0,44686,0,0,55,0,0,0,0,0,0,0,5549087,0,0,0,0,0
1785679716283|1045|stationary_30min_formal_r2f_0004_16777216|rotating|484,1378943233,527,31057871,30836707,30879032,30836707,30879032,30836707,29736,29680,29679,29679,0,0,1899,0,916131153,915233828,4096,4096,0,0,29680,29680,277133803,277133808,277133811,277133816,0,0,0,0,0,0,0,0,4096,256,131072,4,3|4,0,16777216,262144,64,0,0,0,0,232,0,220,0,58,55,0,1,232,0|662,324373554,17,14670848,0,0,0,0,0,15448124,0,55,0,1603670855,0,1603670855,0,2080,1595367051,0,12556023,0,0,0,0,0
1785679725421|1046|stationary_30min_formal_r2f_0005_67108864|fixed|488,1378943233,304,6133763,6091475,34937,0,34937,0,742,0,371,0,0,0,5817,5817,2370272,0,4096,0,0,0,371,0,875378428,0,875378436,0,0,0,0,0,0,0,0,0,4096,256,131072,4,3|5,0,67108864,262144,256,0,0,0,0,56,0,44,0,14,11,0,1,56,0|670,1519472783,17,0,0,2883584,0,2883584,0,8829,0,0,11,0,0,0,0,0,0,0,6866994,0,0,0,0,0
1785679725421|1046|stationary_30min_formal_r2f_0005_67108864|rotating|488,1378943233,527,6197806,6154403,6162396,6154403,6162396,6154403,5891,5879,5878,5878,0,0,376,0,181458450,181280357,4096,4096,0,0,5879,5879,861932582,861932571,861932590,861932579,0,0,0,0,0,0,0,0,4096,256,131072,4,3|4,0,67108864,262144,256,0,0,0,0,56,0,44,0,14,11,0,1,56,0|670,909094603,17,2923104,0,0,0,0,0,3097766,0,11,0,323543798,0,323543798,0,2080,317497276,0,8355757,0,0,0,0,0
1785679730421|1046|stationary_30min_formal_r2f_0005_67108864|fixed|490,1378943233,304,12384586,12298795,70726,0,70726,0,1502,0,751,0,0,0,11745,11745,4798064,0,4096,0,0,0,751,0,1195126342,0,1195126350,0,0,0,0,0,0,0,0,0,4096,256,131072,4,3|4,0,67108864,262144,256,0,0,0,0,100,0,88,0,25,22,0,1,100,0|672,1839270262,17,0,0,5767168,0,5767168,0,17752,0,0,22,0,0,0,0,0,0,0,6886314,0,0,0,0,0
1785679730421|1046|stationary_30min_formal_r2f_0005_67108864|rotating|490,1378943233,527,12462217,12375948,12391021,12375948,12391021,12375948,11842,11819,11818,11818,0,0,756,0,364818603,364460438,4096,4096,0,0,11819,11819,1182419789,1182419786,1182419797,1182419794,0,0,0,0,0,0,0,0,4096,256,131072,4,3|4,0,67108864,262144,256,0,0,0,0,100,0,88,0,25,22,0,1,100,0|672,1230162215,17,5862016,0,0,0,0,0,6215951,0,22,0,643876682,0,643876682,0,2080,636978466,0,9788074,0,0,0,0,0
1785679735422|1046|stationary_30min_formal_r2f_0005_67108864|fixed|492,1378943233,304,18637495,18507677,106513,0,106513,0,2262,0,1131,0,0,0,17673,17673,7225896,0,4096,0,0,0,1131,0,1515443638,0,1515443646,0,0,0,0,0,0,0,0,0,4096,256,131072,4,3|4,0,67108864,262144,256,0,0,0,0,144,0,132,0,36,33,0,1,144,0|674,2160913009,17,0,0,8650752,0,8650752,0,26746,0,0,33,0,0,0,0,0,0,0,6910462,0,0,0,0,0
1785679735422|1046|stationary_30min_formal_r2f_0005_67108864|rotating|492,1378943233,527,18740506,18609966,18633426,18609966,18633426,18609966,17806,17772,17771,17771,0,0,1137,0,548559973,548023920,4096,4096,0,0,17772,17772,1503577220,1503577217,1503577228,1503577225,0,0,0,0,0,0,0,0,4096,256,131072,4,3|4,0,67108864,262144,256,0,0,0,0,144,0,132,0,36,33,0,1,144,0|674,1550517444,17,8793024,0,0,0,0,0,9327418,0,33,0,963499159,0,963499159,0,2080,955751147,0,11216796,0,0,0,0,0
1785679740433|1046|stationary_30min_formal_r2f_0005_67108864|fixed|494,1378943233,304,24909832,24735200,142397,0,142397,0,3024,0,1512,0,0,0,23621,23621,9660072,0,4096,0,0,0,1512,0,1836619991,0,1836619999,0,0,0,0,0,0,0,0,0,4096,256,131072,4,3|4,0,67108864,262144,256,0,0,0,0,188,0,176,0,47,44,0,1,188,0|676,2480705057,17,0,0,11534336,0,11534336,0,35669,0,0,44,0,0,0,0,0,0,0,6926460,0,0,0,0,0
1785679740433|1046|stationary_30min_formal_r2f_0005_67108864|rotating|494,1378943233,527,24994410,24819316,24851542,24819316,24851542,24819316,23747,23702,23701,23701,0,0,1517,0,731605628,730890095,4096,4096,0,0,23702,23702,1823516343,1823516340,1823516351,1823516348,0,0,0,0,0,0,0,0,4096,256,131072,4,3|4,0,67108864,262144,256,0,0,0,0,188,0,176,0,47,44,0,1,188,0|676,1871733844,17,11731936,0,0,0,0,0,12446671,0,44,0,1283980831,0,1283980831,0,2080,1275385198,0,12645040,0,0,0,0,0
1785679745442|1046|stationary_30min_formal_r2f_0005_67108864|fixed|496,1378943233,304,31171550,30952307,178185,0,178185,0,3784,0,1892,0,0,0,29564,29564,12087872,0,4096,0,0,0,1892,0,2156937416,0,2156937424,0,0,0,0,0,0,0,0,0,4096,256,131072,4,3|4,0,67108864,262144,256,0,0,0,0,232,0,220,0,58,55,0,1,232,0|678,2801013577,17,0,0,14417920,0,14417920,0,44616,0,0,55,0,0,0,0,0,0,0,6948980,0,0,0,0,0
1785679745442|1046|stationary_30min_formal_r2f_0005_67108864|rotating|496,1378943233,527,31262551,31042793,31083897,31042793,31083897,31042793,29707,29652,29650,29650,0,0,1897,0,915244483,914349318,4096,4096,0,0,29651,29651,2144484566,2144484539,2144484574,2144484547,0,0,0,0,0,0,0,0,4096,256,131072,4,3|4,0,67108864,262144,256,0,0,0,0,232,0,220,0,58,55,0,1,232,0|678,2191674208,17,14662944,0,0,0,0,0,15550506,0,55,0,1603188443,0,1603188443,0,2080,1593742857,0,14073919,0,0,0,0,0
1785679750445|1046|stationary_30min_formal_r2f_0005_67108864|fixed|498,1378943233,304,37431073,37167370,213968,0,213968,0,4544,0,2272,0,0,0,35500,35500,14515624,0,4096,0,0,0,2272,0,2477255006,0,2477255014,0,0,0,0,0,0,0,0,0,4096,256,131072,4,3|5,0,67108864,262144,256,0,0,0,0,280,0,268,0,70,67,0,1,280,0|680,3123977648,17,0,0,17563648,0,17563648,0,53657,0,0,67,0,0,0,0,0,0,0,6973918,0,0,0,0,0
1785679750445|1046|stationary_30min_formal_r2f_0005_67108864|rotating|498,1378943233,527,37653431,37387662,37438145,37387662,37438145,37387662,35780,35713,35711,35711,0,0,2286,0,1102329050,1101237661,4096,4096,0,0,35712,35712,2471580021,2471580018,2471580029,2471580026,0,0,0,0,0,0,0,0,4096,256,131072,4,3|4,0,67108864,262144,256,0,0,0,0,280,0,268,0,70,67,0,1,280,0|680,2520102818,17,17666400,0,0,0,0,0,18738373,0,67,0,1930866189,0,1930866189,0,2080,1920452059,0,15632365,0,0,0,0,0
1785679755459|1046|stationary_30min_formal_r2f_0005_67108864|fixed|500,1378943233,304,43693587,43385183,249850,0,249850,0,5306,0,2653,0,0,0,41440,41440,16949856,0,4096,0,0,0,2653,0,2797856495,0,2797856503,0,0,0,0,0,0,0,0,0,4096,256,131072,4,3|4,0,67108864,262144,256,0,0,0,0,324,0,312,0,81,78,0,1,324,0|682,3441117417,17,0,0,20447232,0,20447232,0,62509,0,0,78,0,0,0,0,0,0,0,7001795,0,0,0,0,0
1785679755459|1046|stationary_30min_formal_r2f_0005_67108864|rotating|500,1378943233,527,43783104,43474148,43532783,43474148,43532783,43474148,41604,41526,41525,41525,0,0,2658,0,1281789655,1280518314,4096,4096,0,0,41525,41525,2785265174,2785265507,2785265182,2785265515,0,0,0,0,0,0,0,0,4096,256,131072,4,3|4,0,67108864,262144,256,0,0,0,0,324,0,312,0,81,78,0,1,324,0|682,2833153675,17,20526272,0,0,0,0,0,21777365,0,78,0,2243202078,0,2243202078,0,2080,2231924448,0,17059518,0,0,0,0,0
1785679760470|1046|stationary_30min_formal_r2f_0005_67108864|fixed|502,1378943233,304,49969406,49616684,285730,0,285730,0,6068,0,3034,0,0,0,47390,47390,19384048,0,4096,0,0,0,3034,0,3119031990,0,3119031998,0,0,0,0,0,0,0,0,0,4096,256,131072,4,3|4,0,67108864,262144,256,0,0,0,0,368,0,356,0,92,89,0,1,368,0|684,3762786210,17,0,0,23330816,0,23330816,0,71503,0,0,89,0,0,0,0,0,0,0,7021687,0,0,0,0,0
1785679760470|1046|stationary_30min_formal_r2f_0005_67108864|rotating|502,1378943233,527,50061738,49708525,49775533,49708525,49775533,49708525,47568,47479,47478,47478,0,0,3039,0,1465547284,1464096991,4096,4096,0,0,47478,47478,3106440745,3106441062,3106440753,3106441070,0,0,0,0,0,0,0,0,4096,256,131072,4,3|4,0,67108864,262144,256,0,0,0,0,368,0,356,0,92,89,0,1,368,0|684,3162045331,17,23536320,0,0,0,0,0,24971971,0,89,0,2571341222,0,2571341222,0,2080,2559232094,0,18486912,0,0,0,0,0
1785679765484|1046|stationary_30min_formal_r2f_0005_67108864|fixed|504,1378943233,304,56236193,55840169,321520,0,321520,0,6828,0,3414,0,0,0,53333,53333,21811848,0,4096,0,0,0,3414,0,3439346253,0,3439346269,0,0,0,0,0,0,0,0,0,4096,256,131072,4,3|4,0,67108864,262144,256,0,0,0,0,412,0,400,0,103,100,0,1,412,0|686,4084673734,17,0,0,26214400,0,26214400,0,80497,0,0,100,0,0,0,0,0,0,0,7040153,0,0,0,0,0
1785679765484|1046|stationary_30min_formal_r2f_0005_67108864|rotating|504,1378943233,527,56327860,55931284,56005775,55931284,56005775,55931284,53522,53422,53420,53420,0,0,3420,0,1648982404,1647353591,4096,4096,0,0,53421,53421,3427062519,3427062564,3427062535,3427062572,0,0,0,0,0,0,0,0,4096,256,131072,4,3|4,0,67108864,262144,256,0,0,0,0,412,0,400,0,103,100,0,1,412,0|686,3474821894,17,26396192,0,0,0,0,0,28008626,0,100,0,2883402817,0,2883402817,0,2080,2870431612,0,19912642,0,0,0,0,0
1785679770484|1046|stationary_30min_formal_r2f_0005_67108864|fixed|506,1378943233,304,62490187,62050467,357307,0,357307,0,7588,0,3794,0,0,0,59264,59264,24239656,0,4096,0,0,0,3794,0,3759665194,0,3759665202,0,0,0,0,0,0,0,0,0,4096,256,131072,4,3|4,0,67108864,262144,256,0,0,0,0,456,0,444,0,114,111,0,1,456,0|688,108471418,18,0,0,29097984,0,29097984,0,89398,0,0,111,0,0,0,0,0,0,0,7067095,0,0,0,0,0
1785679770484|1046|stationary_30min_formal_r2f_0005_67108864|rotating|506,1378943233,527,62565082,62124913,62207396,62124913,62207396,62124913,59448,59337,59335,59335,0,0,3798,0,1831560134,1829750017,4096,4096,0,0,59336,59336,3746190141,3746190114,3746190149,3746190122,0,0,0,0,0,0,0,0,4096,256,131072,4,3|4,0,67108864,262144,256,0,0,0,0,456,0,444,0,114,111,0,1,456,0|688,3793431486,17,29311392,0,0,0,0,0,31102473,0,111,0,3201283609,0,3201283609,0,2080,3187457569,0,21343009,0,0,0,0,0
1785679775499|1046|stationary_30min_formal_r2f_0005_67108864|fixed|508,1378943233,304,68766261,68281893,393188,0,393188,0,8350,0,4175,0,0,0,65214,65214,26673776,0,4096,0,0,0,4175,0,4080839797,0,4080839805,0,0,0,0,0,0,0,0,0,4096,256,131072,4,3|4,0,67108864,262144,256,0,0,0,0,500,0,488,0,125,122,0,1,500,0|690,429889784,18,0,0,31981568,0,31981568,0,98366,0,0,122,0,0,0,0,0,0,0,7087072,0,0,0,0,0
1785679775499|1046|stationary_30min_formal_r2f_0005_67108864|rotating|508,1378943233,560,68857246,68372343,68463590,68372343,68463590,68372343,65424,65302,65301,65301,0,0,4180,0,2015709512,2013722024,4096,4096,0,0,65301,65301,4068033905,4068034230,4068033913,4068034238,0,0,0,0,0,0,0,0,4096,256,131072,4,3|4,0,67108864,262144,256,0,0,0,0,504,0,492,0,126,123,0,1,504,0|690,4115592978,17,32259520,0,0,0,0,0,34230012,0,123,0,3522708069,0,3522708069,0,2080,3507903326,0,22899735,0,0,0,0,0
1785679780505|1046|stationary_30min_formal_r2f_0005_67108864|fixed|510,1378943233,304,75030468,74500404,429068,0,429068,0,9112,0,4556,0,0,0,71154,71154,29108016,0,4096,0,0,0,4556,0,106347516,0,106347524,0,0,0,0,0,0,0,0,0,4096,256,131072,4,3|4,0,67108864,262144,256,0,0,0,0,548,0,536,0,137,134,0,1,548,0|692,751005274,18,0,0,35127296,0,35127296,0,107361,0,0,134,0,0,0,0,0,0,0,7103937,0,0,0,0,0
1785679780505|1046|stationary_30min_formal_r2f_0005_67108864|rotating|510,1378943233,527,75139206,74608648,74709573,74608648,74709573,74608648,71393,71259,71257,71257,0,0,4562,0,2199562464,2197380307,4096,4096,0,0,71258,71258,94550227,94550240,94550235,94550248,0,0,0,0,0,0,0,0,4096,256,131072,4,3|4,0,67108864,262144,256,0,0,0,0,548,0,536,0,137,134,0,1,548,0|692,142361454,18,35206336,0,0,0,0,0,37354657,0,134,0,3843707137,0,3843707137,0,2080,3828059040,0,24325409,0,0,0,0,0
1785679785509|1046|stationary_30min_formal_r2f_0005_67108864|fixed|512,1378943233,304,81302267,80728552,464855,0,464855,0,9872,0,4936,0,0,0,77102,77102,31535800,0,4096,0,0,0,4936,0,426788436,0,426788444,0,0,0,0,0,0,0,0,0,4096,256,131072,4,3|4,0,67108864,262144,256,0,0,0,0,592,0,580,0,148,145,0,1,592,0|694,1069916162,18,0,0,38010880,0,38010880,0,116260,0,0,145,0,0,0,0,0,0,0,7123048,0,0,0,0,0
1785679785509|1046|stationary_30min_formal_r2f_0005_67108864|rotating|512,1378943233,560,81360846,80786665,80895614,80786665,80895614,80786665,77304,77159,77158,77158,0,0,4940,0,2381710968,2379348464,4096,4096,0,0,77158,77158,412908246,412908611,412908262,412908619,0,0,0,0,0,0,0,0,4096,256,131072,4,3|4,0,67108864,262144,256,0,0,0,0,592,0,580,0,148,145,0,1,592,0|694,459931778,18,38113632,0,0,0,0,0,40437846,0,145,0,4160550637,0,4160550637,0,2080,4144049773,0,25752011,0,0,0,0,0
1785679790519|1046|stationary_30min_formal_r2f_0005_67108864|fixed|514,1378943233,304,87554406,86935025,500644,0,500644,0,10632,0,5316,0,0,0,83030,83030,33963632,0,4096,0,0,0,5316,0,747103413,0,747103421,0,0,0,0,0,0,0,0,0,4096,256,131072,4,3|4,0,67108864,262144,256,0,0,0,0,636,0,624,0,159,156,0,1,636,0|696,1390818902,18,0,0,40894464,0,40894464,0,125231,0,0,156,0,0,0,0,0,0,0,7143557,0,0,0,0,0
1785679790519|1046|stationary_30min_formal_r2f_0005_67108864|rotating|514,1378943233,560,87628239,87008517,87127218,87008517,87127218,87008517,83257,83101,83100,83100,0,0,5320,0,2565128712,2562586248,4096,4096,0,0,83100,83100,733491954,733492271,733491962,733492279,0,0,0,0,0,0,0,0,4096,256,131072,4,3|4,0,67108864,262144,256,0,0,0,0,636,0,624,0,159,156,0,1,636,0|696,780654918,18,41044640,0,0,0,0,0,43552429,0,156,0,185573729,1,185573729,1,2080,168225342,1,27178460,0,0,0,0,0
1785679795522|1046|stationary_30min_formal_r2f_0005_67108864|fixed|516,1378943233,304,93816561,93154178,536431,0,536431,0,11392,0,5696,0,0,0,88968,88968,36391416,0,4096,0,0,0,5696,0,1067421405,0,1067421413,0,0,0,0,0,0,0,0,0,4096,256,131072,4,3|4,0,67108864,262144,256,0,0,0,0,680,0,668,0,170,167,0,1,680,0|698,1710392461,18,0,0,43778048,0,43778048,0,134154,0,0,167,0,0,0,0,0,0,0,7166485,0,0,0,0,0
1785679795522|1046|stationary_30min_formal_r2f_0005_67108864|rotating|516,1378943233,527,93914362,93251414,93377458,93251414,93377458,93251414,89229,89062,89060,89060,0,0,5701,0,2749124349,2746402208,4096,4096,0,0,89061,89061,1055094923,1055094920,1055094931,1055094928,0,0,0,0,0,0,0,0,4096,256,131072,4,3|4,0,67108864,262144,256,0,0,0,0,680,0,668,0,170,167,0,1,680,0|698,1104591092,18,44007264,0,0,0,0,0,46698560,0,167,0,508769247,1,508769247,1,2080,490577129,1,28607905,0,0,0,0,0
1785679800531|1046|stationary_30min_formal_r2f_0005_67108864|fixed|518,1378943233,304,100082364,99375711,572220,0,572220,0,12152,0,6076,0,0,0,94909,94909,38819184,0,4096,0,0,0,6076,0,1387738679,0,1387738687,0,0,0,0,0,0,0,0,0,4096,256,131072,4,3|4,0,67108864,262144,256,0,0,0,0,724,0,712,0,181,178,0,1,724,0|700,2031605739,18,0,0,46661632,0,46661632,0,143125,0,0,178,0,0,0,0,0,0,0,7185065,0,0,0,0,0
1785679800531|1046|stationary_30min_formal_r2f_0005_67108864|rotating|518,1378943233,527,100150495,99443544,99577903,99443544,99577903,99443544,95154,94976,94974,94974,0,0,6080,0,2931662161,2928761024,4096,4096,0,0,94975,94975,1374156852,1374156857,1374156860,1374156833,0,0,0,0,0,0,0,0,4096,256,131072,4,3|4,0,67108864,262144,256,0,0,0,0,724,0,712,0,181,178,0,1,724,0|700,1421236434,18,46906656,0,0,0,0,0,49773144,0,178,0,824689741,1,824689741,1,2080,805641014,1,30036652,0,0,0,0,0
1785679805532|1046|stationary_30min_formal_r2f_0005_67108864|fixed|520,1378943233,304,106337948,105587624,608001,0,608001,0,12912,0,6456,0,0,0,100842,100842,41246968,0,4096,0,0,0,6456,0,1708052960,0,1708052968,0,0,0,0,0,0,0,0,0,4096,256,131072,4,3|5,0,67108864,262144,256,0,0,0,0,772,0,760,0,193,190,0,1,772,0|702,2352402633,18,0,0,49807360,0,49807360,0,152095,0,0,190,0,0,0,0,0,0,0,7207872,0,0,0,0,0
1785679805532|1046|stationary_30min_formal_r2f_0005_67108864|rotating|520,1378943233,527,106438673,105687066,105830011,105687066,105830011,105687066,101130,100941,100938,100938,0,0,6463,0,3115756584,3112660859,4096,4096,0,0,100939,100939,1696044291,1696044312,1696044299,1696044320,0,0,0,0,0,0,0,0,4096,256,131072,4,3|4,0,67108864,262144,256,0,0,0,0,772,0,760,0,193,190,0,1,772,0|702,1743299988,18,49854784,0,0,0,0,0,52898837,0,190,0,1146016263,1,1146016263,1,2080,1125990357,1,31591854,0,0,0,0,0
1785679810546|1046|stationary_30min_formal_r2f_0005_67108864|fixed|522,1378943233,304,112596999,111803295,643884,0,643884,0,13674,0,6837,0,0,0,106785,106785,43681160,0,4096,0,0,0,6837,0,2028652317,0,2028652325,0,0,0,0,0,0,0,0,0,4096,256,131072,4,3|4,0,67108864,262144,256,0,0,0,0,816,0,804,0,204,201,0,1,816,0|704,2672497266,18,0,0,52690944,0,52690944,0,161041,0,0,201,0,0,0,0,0,0,0,7233252,0,0,0,0,0
1785679810546|1046|stationary_30min_formal_r2f_0005_67108864|rotating|522,1378943233,527,112670075,111875827,112025815,111875827,112025815,111875827,107057,106857,106854,106854,0,0,6841,0,3298386705,3295111812,4096,4096,0,0,106855,106855,2015249245,2015249242,2015249253,2015249250,0,0,0,0,0,0,0,0,4096,256,131072,4,3|4,0,67108864,262144,256,0,0,0,0,816,0,804,0,204,201,0,1,816,0|704,2062530704,18,52777888,0,0,0,0,0,55995090,0,201,0,1464516203,1,1464516203,1,2080,1443642500,1,33016880,0,0,0,0,0
1785679815560|1046|stationary_30min_formal_r2f_0005_67108864|fixed|524,1378943233,304,118863585,118025887,679766,0,679766,0,14436,0,7218,0,0,0,112733,112733,46115392,0,4096,0,0,0,7218,0,2349828432,0,2349828440,0,0,0,0,0,0,0,0,0,4096,256,131072,4,3|4,0,67108864,262144,256,0,0,0,0,860,0,848,0,215,212,0,1,860,0|706,2993499240,18,0,0,55574528,0,55574528,0,170012,0,0,212,0,0,0,0,0,0,0,7255343,0,0,0,0,0
1785679815560|1046|stationary_30min_formal_r2f_0005_67108864|rotating|524,1378943233,527,118939094,118101027,118258950,118101027,118258950,118101027,113019,112808,112805,112805,0,0,7222,0,3482063366,3478608705,4096,4096,0,0,112806,112806,2336292919,2336292956,2336292927,2336292964,0,0,0,0,0,0,0,0,4096,256,131072,4,3|4,0,67108864,262144,256,0,0,0,0,860,0,848,0,215,212,0,1,860,0|706,2383387360,18,55708896,0,0,0,0,0,59108021,0,212,0,1784640107,1,1784640107,1,2080,1762917309,1,34444901,0,0,0,0,0
1785679820566|1046|stationary_30min_formal_r2f_0005_67108864|fixed|526,1378943233,304,125125107,124241645,715555,0,715555,0,15196,0,7598,0,0,0,118675,118675,48543168,0,4096,0,0,0,7598,0,2670141996,0,2670142004,0,0,0,0,0,0,0,0,0,4096,256,131072,4,3|4,0,67108864,262144,256,0,0,0,0,904,0,892,0,226,223,0,1,904,0|708,3313962353,18,0,0,58458112,0,58458112,0,178959,0,0,223,0,0,0,0,0,0,0,7268970,0,0,0,0,0
1785679820566|1046|stationary_30min_formal_r2f_0005_67108864|rotating|526,1378943233,527,125190281,124306444,124474350,124306444,124474350,124306444,118962,118740,118737,118737,0,0,7602,0,3665172258,3661537221,4096,4096,0,0,118738,118738,2656336855,2656336868,2656336863,2656336876,0,0,0,0,0,0,0,0,4096,256,131072,4,3|4,0,67108864,262144,256,0,0,0,0,904,0,892,0,226,223,0,1,904,0|708,2703521203,18,58639904,0,0,0,0,0,62214012,0,223,0,2104041198,1,2104041198,1,2080,2081472294,1,35869933,0,0,0,0,0
1785679825570|1046|stationary_30min_formal_r2f_0005_67108864|fixed|528,1378943233,304,131377335,130448164,751343,0,751343,0,15956,0,7978,0,0,0,124608,124608,50970968,0,4096,0,0,0,7978,0,2990457277,0,2990457285,0,0,0,0,0,0,0,0,0,4096,256,131072,4,3|4,0,67108864,262144,256,0,0,0,0,948,0,936,0,237,234,0,1,948,0|710,3634102348,18,0,0,61341696,0,61341696,0,187906,0,0,234,0,0,0,0,0,0,0,7294203,0,0,0,0,0
1785679825570|1046|stationary_30min_formal_r2f_0005_67108864|rotating|528,1378943233,527,131451163,130521570,130699444,130521570,130699444,130521570,124914,124681,124678,124678,0,0,7982,0,3848559563,3844746734,4096,4096,0,0,124679,124679,2976869551,2976869548,2976869559,2976869556,0,0,0,0,0,0,0,0,4096,256,131072,4,3|4,0,67108864,262144,256,0,0,0,0,948,0,936,0,237,234,0,1,948,0|710,3026790477,18,61594624,0,0,0,0,0,65350698,0,234,0,2426571792,1,2426571792,1,2054,2403160155,1,37296683,0,0,0,0,0
1785679830573|1046|stationary_30min_formal_r2f_0005_67108864|fixed|530,1378943233,304,137633931,136660708,787126,0,787126,0,16716,0,8358,0,0,0,130547,130547,53398720,0,4096,0,0,0,8358,0,3310772555,0,3310772563,0,0,0,0,0,0,0,0,0,4096,256,131072,4,3|4,0,67108864,262144,256,0,0,0,0,992,0,980,0,248,245,0,1,992,0|712,3954195267,18,0,0,64225280,0,64225280,0,196828,0,0,245,0,0,0,0,0,0,0,7317029,0,0,0,0,0
1785679830573|1046|stationary_30min_formal_r2f_0005_67108864|rotating|530,1378943233,527,137693501,136719977,136906094,136719977,136906094,136719977,130851,130606,130603,130603,0,0,8361,0,4031465345,4027473988,4096,4096,0,0,130604,130604,3296558497,3296558486,3296558505,3296558494,0,0,0,0,0,0,0,0,4096,256,131072,4,3|4,0,67108864,262144,256,0,0,0,0,996,0,984,0,249,246,0,1,996,0|712,3344718780,18,64503232,0,0,0,0,0,68433437,0,246,0,2743772943,1,2743772943,1,2080,2719374773,1,38852754,0,0,0,0,0
1785679840530|1047|stationary_30min_formal_r2f_0006_4194304|fixed|534,1378943233,304,6530181,6485798,35222,0,35222,0,748,0,374,0,0,0,5846,5846,2389464,0,4096,0,0,0,374,0,3947794624,0,3947794632,0,0,0,0,0,0,0,0,0,4096,256,131072,4,3|4,0,4194304,262144,16,0,0,0,0,56,0,44,0,14,11,0,1,56,0|720,296700671,19,0,0,2883584,0,2883584,0,8876,0,0,11,0,0,0,0,0,0,0,5000354,0,0,0,0,0
1785679840530|1047|stationary_30min_formal_r2f_0006_4194304|rotating|534,1378943233,527,6616459,6571613,6580766,6571613,6580766,6571613,11860,11848,5924,5923,0,0,379,0,182881895,182701970,4096,4096,0,0,5924,5924,3934898909,3934899170,3934898917,3934899178,0,0,0,0,0,0,0,0,4096,256,131072,4,3|4,0,4194304,262144,16,0,0,0,0,56,0,44,0,14,11,0,1,56,0|720,3982587234,18,2953372,0,0,0,0,0,3313082,0,11,0,325060043,0,325060043,0,2080,320452478,0,6451456,0,0,0,0,0
1785679848141|1048|stationary_30min_formal_r2f_0007_16777216|fixed|538,1378943233,304,6524914,6480617,35222,0,35222,0,748,0,374,0,0,0,5846,5846,2389464,0,4096,0,0,0,374,0,140078519,0,140078527,0,0,0,0,0,0,0,0,0,4096,256,131072,4,3|4,0,16777216,262144,64,0,0,0,0,56,0,44,0,14,11,0,1,56,0|728,783762059,19,0,0,2883584,0,2883584,0,8852,0,0,11,0,0,0,0,0,0,0,4995858,0,0,0,0,0
1785679848141|1048|stationary_30min_formal_r2f_0007_16777216|rotating|538,1378943233,527,6594267,6549577,6558669,6549577,6558669,6549577,5921,5909,5908,5908,0,0,378,0,182299859,182120086,4096,4096,0,0,5909,5909,126345701,126345722,126345717,126345730,0,0,0,0,0,0,0,0,4096,256,131072,4,3|4,0,16777216,262144,64,0,0,0,0,56,0,44,0,14,11,0,1,56,0|728,173551132,19,2938912,0,0,0,0,0,3297330,0,11,0,323751117,0,323751117,0,2080,319132078,0,6459841,0,0,0,0,0
1785679853154|1048|stationary_30min_formal_r2f_0007_16777216|fixed|540,1378943233,304,13162323,13073114,71009,0,71009,0,1508,0,754,0,0,0,11791,11791,4817248,0,4096,0,0,0,754,0,460513222,0,460513230,0,0,0,0,0,0,0,0,0,4096,256,131072,4,3|4,0,16777216,262144,64,0,0,0,0,100,0,88,0,25,22,0,1,100,0|730,1105416006,19,0,0,5767168,0,5767168,0,17846,0,0,22,0,0,0,0,0,0,0,5012372,0,0,0,0,0
1785679853154|1048|stationary_30min_formal_r2f_0007_16777216|rotating|540,1378943233,527,13247438,13157733,13175957,13157733,13175957,13157733,11891,11868,11867,11867,0,0,759,0,366183967,365824674,4096,4096,0,0,11868,11868,447855175,447855188,447855183,447855196,0,0,0,0,0,0,0,0,4096,256,131072,4,3|4,0,16777216,262144,64,0,0,0,0,100,0,88,0,25,22,0,1,100,0|730,494990421,19,5877824,0,0,0,0,0,6602885,0,22,0,644455678,0,644455678,0,2080,638995878,0,7881225,0,0,0,0,0
1785679858166|1048|stationary_30min_formal_r2f_0007_16777216|fixed|542,1378943233,304,19796138,19662199,106893,0,106893,0,2270,0,1135,0,0,0,17733,17733,7251464,0,4096,0,0,0,1135,0,781682658,0,781682666,0,0,0,0,0,0,0,0,0,4096,256,131072,4,3|4,0,16777216,262144,64,0,0,0,0,144,0,132,0,36,33,0,1,144,0|732,1425399195,19,0,0,8650752,0,8650752,0,26793,0,0,33,0,0,0,0,0,0,0,5034432,0,0,0,0,0
1785679858166|1048|stationary_30min_formal_r2f_0007_16777216|rotating|542,1378943233,527,19874903,19740571,19767633,19740571,19767633,19740571,17839,17805,17804,17804,0,0,1139,0,549361995,548823182,4096,4096,0,0,17805,17805,768146486,768146483,768146494,768146491,0,0,0,0,0,0,0,0,4096,256,131072,4,3|4,0,16777216,262144,64,0,0,0,0,144,0,132,0,36,33,0,1,144,0|732,815141221,19,8808832,0,0,0,0,0,9895164,0,33,0,963873726,0,963873726,0,2080,957571474,0,9302603,0,0,0,0,0
1785679863170|1048|stationary_30min_formal_r2f_0007_16777216|fixed|544,1378943233,304,26422730,26244034,142679,0,142679,0,3030,0,1515,0,0,0,23670,23670,9679264,0,4096,0,0,0,1515,0,1101992549,0,1101992557,0,0,0,0,0,0,0,0,0,4096,256,131072,4,3|4,0,16777216,262144,64,0,0,0,0,188,0,176,0,47,44,0,1,188,0|734,1745558237,19,0,0,11534336,0,11534336,0,35720,0,0,44,0,0,0,0,0,0,0,5053874,0,0,0,0,0
1785679863170|1048|stationary_30min_formal_r2f_0007_16777216|rotating|544,1378943233,527,26508059,26328977,26365001,26328977,26365001,26328977,23793,23748,23747,23747,0,0,1519,0,732744070,732025737,4096,4096,0,0,23748,23748,1088785252,1088785265,1088785260,1088785273,0,0,0,0,0,0,0,0,4096,256,131072,4,3|4,0,16777216,262144,64,0,0,0,0,188,0,176,0,47,44,0,1,188,0|734,1136167070,19,11747744,0,0,0,0,0,13195506,0,44,0,1284164847,0,1284164847,0,2080,1277021878,0,10723943,0,0,0,0,0
1785679868173|1048|stationary_30min_formal_r2f_0007_16777216|fixed|546,1378943233,304,33046523,32823165,178467,0,178467,0,3790,0,1895,0,0,0,29608,29608,12107016,0,4096,0,0,0,1895,0,1422302462,0,1422302470,0,0,0,0,0,0,0,0,0,4096,256,131072,4,3|4,0,16777216,262144,64,0,0,0,0,232,0,220,0,58,55,0,1,232,0|736,2066021163,19,0,0,14417920,0,14417920,0,44686,0,0,55,0,0,0,0,0,0,0,5070676,0,0,0,0,0
1785679868173|1048|stationary_30min_formal_r2f_0007_16777216|rotating|546,1378943233,527,33116249,32892505,32937410,32892505,32937410,32892505,29728,29672,29671,29671,0,0,1899,0,915541765,914643912,4096,4096,0,0,29672,29672,1408405887,1408405900,1408405895,1408405908,0,0,0,0,0,0,0,0,4096,256,131072,4,3|4,0,16777216,262144,64,0,0,0,0,232,0,220,0,58,55,0,1,232,0|736,1455873291,19,14670848,0,0,0,0,0,16480368,0,55,0,1603140292,0,1603140292,0,2080,1595153167,0,12145328,0,0,0,0,0
1785679877326|1049|stationary_30min_formal_r2f_0008_67108864|fixed|550,1378943233,304,6160457,6116614,35222,0,35222,0,748,0,374,0,0,0,5843,5843,2389464,0,4096,0,0,0,374,0,2007870916,0,2007870924,0,0,0,0,0,0,0,0,0,4096,256,131072,4,3|4,0,67108864,262144,256,0,0,0,0,56,0,44,0,14,11,0,1,56,0|744,2651554518,19,0,0,2883584,0,2883584,0,8852,0,0,11,0,0,0,0,0,0,0,5089259,0,0,0,0,0
1785679877326|1049|stationary_30min_formal_r2f_0008_67108864|rotating|550,1378943233,527,6235106,6190855,6199508,6190855,6199508,6190855,5926,5914,5913,5913,0,0,378,0,182547472,182367544,4096,4096,0,0,5914,5914,1994435487,1994435444,1994435439,1994435452,0,0,0,0,0,0,0,0,4096,256,131072,4,3|4,0,67108864,262144,256,0,0,0,0,56,0,44,0,14,11,0,1,56,0|744,2041356577,19,2938912,0,0,0,0,0,3113855,0,11,0,323845861,0,323845861,0,2080,319143288,0,6567700,0,0,0,0,0
1785679882336|1049|stationary_30min_formal_r2f_0008_67108864|fixed|552,1378943233,304,12429231,12340798,71009,0,71009,0,1508,0,754,0,0,0,11787,11787,4817248,0,4096,0,0,0,754,0,2328317026,0,2328317034,0,0,0,0,0,0,0,0,0,4096,256,131072,4,3|4,0,67108864,262144,256,0,0,0,0,100,0,88,0,25,22,0,1,100,0|746,2973378965,19,0,0,5767168,0,5767168,0,17846,0,0,22,0,0,0,0,0,0,0,5112607,0,0,0,0,0
1785679882336|1049|stationary_30min_formal_r2f_0008_67108864|rotating|552,1378943233,527,12534358,12445351,12462782,12445351,12462782,12445351,11910,11887,11886,11886,0,0,760,0,366923979,366564358,4096,4096,0,0,11887,11887,2316688882,2316688871,2316688890,2316688879,0,0,0,0,0,0,0,0,4096,256,131072,4,3|4,0,67108864,262144,256,0,0,0,0,100,0,88,0,25,22,0,1,100,0|746,2363730637,19,5885728,0,0,0,0,0,6244435,0,22,0,645483217,0,645483217,0,2080,639931527,0,7999137,0,0,0,0,0
1785679887349|1049|stationary_30min_formal_r2f_0008_67108864|fixed|554,1378943233,304,18701740,18569166,106893,0,106893,0,2270,0,1135,0,0,0,17734,17734,7251464,0,4096,0,0,0,1135,0,2649492550,0,2649492558,0,0,0,0,0,0,0,0,0,4096,256,131072,4,3|4,0,67108864,262144,256,0,0,0,0,144,0,132,0,36,33,0,1,144,0|748,3293029484,19,0,0,8650752,0,8650752,0,26770,0,0,33,0,0,0,0,0,0,0,5134087,0,0,0,0,0
1785679887349|1049|stationary_30min_formal_r2f_0008_67108864|rotating|554,1378943233,527,18785719,18652627,18678356,18652627,18678356,18652627,17849,17815,17814,17814,0,0,1140,0,549903891,549365054,4096,4096,0,0,17815,17815,2636511527,2636511524,2636511535,2636511532,0,0,0,0,0,0,0,0,4096,256,131072,4,3|4,0,67108864,262144,256,0,0,0,0,144,0,132,0,36,33,0,1,144,0|748,2683725652,19,8816736,0,0,0,0,0,9351864,0,33,0,964745480,0,964745480,0,2080,958345261,0,9426592,0,0,0,0,0
1785679892352|1049|stationary_30min_formal_r2f_0008_67108864|fixed|556,1378943233,304,24959405,24782581,142679,0,142679,0,3030,0,1515,0,0,0,23671,23671,9679264,0,4096,0,0,0,1515,0,2969814766,0,2969814774,0,0,0,0,0,0,0,0,0,4096,256,131072,4,3|4,0,67108864,262144,256,0,0,0,0,188,0,176,0,47,44,0,1,188,0|750,3614279393,19,0,0,11534336,0,11534336,0,35764,0,0,44,0,0,0,0,0,0,0,5154879,0,0,0,0,0
1785679892352|1049|stationary_30min_formal_r2f_0008_67108864|rotating|556,1378943233,527,25048660,24871349,24905508,24871349,24905508,24871349,23801,23756,23755,23755,0,0,1520,0,733296806,732578449,4096,4096,0,0,23756,23756,2957054019,2957054032,2957054027,2957054040,0,0,0,0,0,0,0,0,4096,256,131072,4,3|4,0,67108864,262144,256,0,0,0,0,188,0,176,0,47,44,0,1,188,0|750,3004703224,19,11755648,0,0,0,0,0,12467434,0,44,0,1284988324,0,1284988324,0,2080,1277735068,0,10860252,0,0,0,0,0
1785679897361|1049|stationary_30min_formal_r2f_0008_67108864|fixed|558,1378943233,304,31221725,31000751,178467,0,178467,0,3790,0,1895,0,0,0,29614,29614,12107016,0,4096,0,0,0,1895,0,3290132500,0,3290132508,0,0,0,0,0,0,0,0,0,4096,256,131072,4,3|4,0,67108864,262144,256,0,0,0,0,232,0,220,0,58,55,0,1,232,0|752,3934049256,19,0,0,14417920,0,14417920,0,44686,0,0,55,0,0,0,0,0,0,0,5175401,0,0,0,0,0
1785679897361|1049|stationary_30min_formal_r2f_0008_67108864|rotating|558,1378943233,549,31303408,31081959,31124475,31081959,31124475,31081959,29748,29692,29692,29692,0,0,1900,0,916543480,915645744,4096,4096,0,0,29693,29692,3277346902,3277329058,3277346878,3277329066,0,0,0,0,0,0,0,0,4096,256,131072,4,3|4,0,67108864,262144,256,0,0,0,0,232,0,220,0,59,56,0,1,236,0|752,3325257253,19,14687968,0,0,0,0,0,15576133,0,56,0,1604809273,0,1604809273,0,2080,1596570804,0,12420094,0,0,0,0,0
1785679902366|1049|stationary_30min_formal_r2f_0008_67108864|fixed|560,1378943233,304,37478868,37213348,214249,0,214249,0,4550,0,2275,0,0,0,35547,35547,14534816,0,4096,0,0,0,2275,0,3610454062,0,3610454070,0,0,0,0,0,0,0,0,0,4096,256,131072,4,3|5,0,67108864,262144,256,0,0,0,0,280,0,268,0,70,67,0,1,280,0|754,4254206225,19,0,0,17563648,0,17563648,0,53633,0,0,67,0,0,0,0,0,0,0,5196032,0,0,0,0,0
1785679902366|1049|stationary_30min_formal_r2f_0008_67108864|rotating|560,1378943233,527,37549642,37282993,37334920,37282993,37334920,37282993,35683,35615,35614,35614,0,0,2280,0,1099366699,1098273110,4096,4096,0,0,35615,35615,3597015457,3597015454,3597015465,3597015462,0,0,0,0,0,0,0,0,4096,256,131072,4,3|4,0,67108864,262144,256,0,0,0,0,280,0,268,0,70,67,0,1,280,0|754,3644489371,19,17603168,0,0,0,0,0,18676109,0,67,0,1923312591,0,1923312591,0,2080,1914217490,0,13852258,0,0,0,0,0
1785679907373|1049|stationary_30min_formal_r2f_0008_67108864|fixed|562,1378943233,304,43737651,43426708,250132,0,250132,0,5312,0,2656,0,0,0,41484,41484,16969000,0,4096,0,0,0,2656,0,3931059888,0,3931059896,0,0,0,0,0,0,0,0,0,4096,256,131072,4,3|4,0,67108864,262144,256,0,0,0,0,324,0,312,0,81,78,0,1,324,0|756,279731157,20,0,0,20447232,0,20447232,0,62603,0,0,78,0,0,0,0,0,0,0,5214707,0,0,0,0,0
1785679907373|1049|stationary_30min_formal_r2f_0008_67108864|rotating|562,1378943233,527,43811838,43500503,43561330,43500503,43561330,43500503,41634,41555,41554,41554,0,0,2660,0,1282721296,1281447957,4096,4096,0,0,41555,41555,3917491702,3917491675,3917491694,3917491683,0,0,0,0,0,0,0,0,4096,256,131072,4,3|4,0,67108864,262144,256,0,0,0,0,324,0,312,0,81,78,0,1,324,0|756,3964667608,19,20534176,0,0,0,0,0,21784168,0,78,0,2242758076,0,2242758076,0,2080,2232810729,0,15283430,0,0,0,0,0
1785679912384|1049|stationary_30min_formal_r2f_0008_67108864|fixed|564,1378943233,304,50007883,49652663,285920,0,285920,0,6072,0,3036,0,0,0,47429,47429,19396840,0,4096,0,0,0,3036,0,4251374875,0,4251374883,0,0,0,0,0,0,0,0,0,4096,256,131072,4,3|4,0,67108864,262144,256,0,0,0,0,368,0,356,0,92,89,0,1,368,0|758,600545868,20,0,0,23330816,0,23330816,0,71551,0,0,89,0,0,0,0,0,0,0,5238897,0,0,0,0,0
1785679912384|1049|stationary_30min_formal_r2f_0008_67108864|rotating|564,1378943233,527,50082713,49727002,49796321,49727002,49796321,49727002,47591,47501,47500,47500,0,0,3041,0,1466253538,1464800917,4096,4096,0,0,47501,47501,4238275694,4238275699,4238275710,4238275707,0,0,0,0,0,0,0,0,4096,256,131072,4,3|4,0,67108864,262144,256,0,0,0,0,368,0,356,0,92,89,0,1,368,0|758,4285361546,19,23473088,0,0,0,0,0,24898742,0,89,0,2562717286,0,2562717286,0,2080,2551924110,0,16709882,0,0,0,0,0
1785679917390|1049|stationary_30min_formal_r2f_0008_67108864|fixed|566,1378943233,304,56271808,55872260,321709,0,321709,0,6832,0,3416,0,0,0,53369,53369,21824616,0,4096,0,0,0,3416,0,276726126,0,276726134,0,0,0,0,0,0,0,0,0,4096,256,131072,4,3|4,0,67108864,262144,256,0,0,0,0,412,0,400,0,103,100,0,1,412,0|760,920789172,20,0,0,26214400,0,26214400,0,80497,0,0,100,0,0,0,0,0,0,0,5255924,0,0,0,0,0
1785679917390|1049|stationary_30min_formal_r2f_0008_67108864|rotating|566,1378943233,527,56344028,55943999,56021848,55943999,56021848,55943999,53539,53438,53437,53437,0,0,3421,0,1649523046,1647890993,4096,4096,0,0,53438,53438,263632558,263632579,263632566,263632587,0,0,0,0,0,0,0,0,4096,256,131072,4,3|4,0,67108864,262144,256,0,0,0,0,412,0,400,0,103,100,0,1,412,0|760,311285461,20,26404096,0,0,0,0,0,28014865,0,100,0,2882875745,0,2882875745,0,2080,2871231479,0,18139898,0,0,0,0,0
1785679922396|1049|stationary_30min_formal_r2f_0008_67108864|fixed|568,1378943233,304,62532990,62089188,357497,0,357497,0,7592,0,3796,0,0,0,59306,59306,24252416,0,4096,0,0,0,3796,0,597042521,0,597042529,0,0,0,0,0,0,0,0,0,4096,256,131072,4,3|4,0,67108864,262144,256,0,0,0,0,456,0,444,0,114,111,0,1,456,0|762,1241260897,20,0,0,29097984,0,29097984,0,89444,0,0,111,0,0,0,0,0,0,0,5276831,0,0,0,0,0
1785679922396|1049|stationary_30min_formal_r2f_0008_67108864|rotating|568,1378943233,527,62617138,62172828,62259172,62172828,62259172,62172828,59498,59386,59385,59385,0,0,3801,0,1833140711,1831329114,4096,4096,0,0,59386,59386,584556701,584556714,584556709,584556722,0,0,0,0,0,0,0,0,4096,256,131072,4,3|4,0,67108864,262144,256,0,0,0,0,456,0,444,0,114,111,0,1,456,0|762,631519255,20,29335104,0,0,0,0,0,31124606,0,111,0,3202376787,0,3202376787,0,2080,3189883570,0,19567775,0,0,0,0,0
1785679927404|1049|stationary_30min_formal_r2f_0008_67108864|fixed|570,1378943233,304,68799811,68311718,393373,0,393373,0,8354,0,4177,0,0,0,65248,65248,26686560,0,4096,0,0,0,4177,0,918221340,0,918221348,0,0,0,0,0,0,0,0,0,4096,256,131072,4,3|4,0,67108864,262144,256,0,0,0,0,500,0,488,0,125,122,0,1,500,0|764,1561883913,20,0,0,31981568,0,31981568,0,98414,0,0,122,0,0,0,0,0,0,0,5301438,0,0,0,0,0
1785679927404|1049|stationary_30min_formal_r2f_0008_67108864|rotating|570,1378943233,527,68872424,68383177,68478578,68383177,68478578,68383177,65441,65317,65316,65316,0,0,4182,0,2016220704,2014213346,4096,4096,0,0,65317,65317,904677322,904677311,904677274,904677319,0,0,0,0,0,0,0,0,4096,256,131072,4,3|4,0,67108864,262144,256,0,0,0,0,504,0,492,0,126,123,0,1,504,0|764,951938869,20,32267424,0,0,0,0,0,34234898,0,123,0,3522063321,0,3522063321,0,2080,3508585242,0,21127266,0,0,0,0,0
1785679932410|1049|stationary_30min_formal_r2f_0008_67108864|fixed|572,1378943233,304,75062452,74528973,429256,0,429256,0,9116,0,4558,0,0,0,71187,71187,29120776,0,4096,0,0,0,4558,0,1238824384,0,1238824400,0,0,0,0,0,0,0,0,0,4096,256,131072,4,3|4,0,67108864,262144,256,0,0,0,0,548,0,536,0,137,134,0,1,548,0|766,1882264180,20,0,0,35127296,0,35127296,0,107361,0,0,134,0,0,0,0,0,0,0,5327219,0,0,0,0,0
1785679932410|1049|stationary_30min_formal_r2f_0008_67108864|rotating|572,1378943233,560,75129485,74595635,74699852,74595635,74699852,74595635,71386,71251,71251,71251,0,0,4562,0,2199401800,2197214872,4096,4096,0,0,71251,71251,1224839447,1224839780,1224839455,1224839788,0,0,0,0,0,0,0,0,4096,256,131072,4,3|4,0,67108864,262144,256,0,0,0,0,548,0,536,0,137,134,0,1,548,0|766,1271791067,20,35198432,0,0,0,0,0,37340304,0,134,0,3841182767,0,3841182767,0,2080,3826854171,0,22556709,0,0,0,0,0
1785679937415|1049|stationary_30min_formal_r2f_0008_67108864|fixed|574,1378943233,304,81321633,80743837,465042,0,465042,0,9876,0,4938,0,0,0,77123,77123,31548592,0,4096,0,0,0,4938,0,1559144257,0,1559144265,0,0,0,0,0,0,0,0,0,4096,256,131072,4,3|4,0,67108864,262144,256,0,0,0,0,592,0,580,0,148,145,0,1,592,0|768,2202842370,20,0,0,38010880,0,38010880,0,116331,0,0,145,0,0,0,0,0,0,0,5347687,0,0,0,0,0
1785679937415|1049|stationary_30min_formal_r2f_0008_67108864|rotating|574,1378943233,527,81389714,80811517,80924292,80811517,80924292,80811517,77335,77189,77188,77188,0,0,4942,0,2382671455,2380304800,4096,4096,0,0,77189,77189,1545182885,1545182898,1545182893,1545182890,0,0,0,0,0,0,0,0,4096,256,131072,4,3|4,0,67108864,262144,256,0,0,0,0,592,0,580,0,148,145,0,1,592,0|768,1592392947,20,38129440,0,0,0,0,0,40453167,0,145,0,4161051895,0,4161051895,0,2080,4145870905,0,23988029,0,0,0,0,0
1785679942426|1049|stationary_30min_formal_r2f_0008_67108864|fixed|576,1378943233,304,87590443,86968355,500832,0,500832,0,10636,0,5318,0,0,0,83068,83068,33976392,0,4096,0,0,0,5318,0,1879458952,0,1879458968,0,0,0,0,0,0,0,0,0,4096,256,131072,4,3|4,0,67108864,262144,256,0,0,0,0,636,0,624,0,159,156,0,1,636,0|770,2523516661,20,0,0,40894464,0,40894464,0,125279,0,0,156,0,0,0,0,0,0,0,5370801,0,0,0,0,0
1785679942426|1049|stationary_30min_formal_r2f_0008_67108864|rotating|576,1378943233,527,87657733,87035239,87156524,87035239,87156524,87035239,83289,83132,83131,83131,0,0,5322,0,2566138871,2563592674,4096,4096,0,0,83132,83132,1865842010,1865842023,1865842018,1865842031,0,0,0,0,0,0,0,0,4096,256,131072,4,3|4,0,67108864,262144,256,0,0,0,0,636,0,624,0,159,156,0,1,636,0|770,1912998839,20,41060448,0,0,0,0,0,43566420,0,156,0,185957739,1,185957739,1,2080,169929500,1,25414204,0,0,0,0,0
1785679947431|1049|stationary_30min_formal_r2f_0008_67108864|fixed|578,1378943233,304,93848829,93182708,536619,0,536619,0,11396,0,5698,0,0,0,89002,89002,36404200,0,4096,0,0,0,5698,0,2199778524,0,2199778532,0,0,0,0,0,0,0,0,0,4096,256,131072,4,3|4,0,67108864,262144,256,0,0,0,0,680,0,668,0,170,167,0,1,680,0|772,2843594988,20,0,0,43778048,0,43778048,0,134226,0,0,167,0,0,0,0,0,0,0,5387285,0,0,0,0,0
1785679947431|1049|stationary_30min_formal_r2f_0008_67108864|rotating|578,1378943233,560,93923640,93257126,93386642,93257126,93386642,93257126,89241,89073,89073,89073,0,0,5702,0,2749538200,2746812752,4096,4096,0,0,89073,89073,2186384782,2186385099,2186384790,2186385107,0,0,0,0,0,0,0,0,4096,256,131072,4,3|4,0,67108864,262144,256,0,0,0,0,680,0,668,0,170,167,0,1,680,0|772,2233690964,20,43999360,0,0,0,0,0,46680833,0,167,0,505915136,1,505915136,1,2080,489036502,1,26845222,0,0,0,0,0
1785679952439|1049|stationary_30min_formal_r2f_0008_67108864|fixed|580,1378943233,304,100113976,99403894,572407,0,572407,0,12156,0,6078,0,0,0,94943,94943,38831944,0,4096,0,0,0,6078,0,2520094781,0,2520094789,0,0,0,0,0,0,0,0,0,4096,256,131072,4,3|4,0,67108864,262144,256,0,0,0,0,724,0,712,0,181,178,0,1,724,0|774,3163985081,20,0,0,46661632,0,46661632,0,143171,0,0,178,0,0,0,0,0,0,0,5414118,0,0,0,0,0
1785679952439|1049|stationary_30min_formal_r2f_0008_67108864|rotating|580,1378943233,527,100198228,99487674,99625355,99487674,99625355,99487674,95203,95024,95023,95023,0,0,6083,0,2933210211,2930305320,4096,4096,0,0,95024,95024,2507424454,2507424475,2507424462,2507424451,0,0,0,0,0,0,0,0,4096,256,131072,4,3|4,0,67108864,262144,256,0,0,0,0,728,0,716,0,182,179,0,1,728,0|774,2555105255,20,46939584,0,0,0,0,0,49800542,0,179,0,826594371,1,826594371,1,2080,808734448,1,28402837,0,0,0,0,0
1785679957443|1049|stationary_30min_formal_r2f_0008_67108864|fixed|582,1378943233,304,106374273,105619826,608190,0,608190,0,12916,0,6458,0,0,0,100882,100882,41259768,0,4096,0,0,0,6458,0,2840414582,0,2840414590,0,0,0,0,0,0,0,0,0,4096,256,131072,4,3|4,0,67108864,262144,256,0,0,0,0,772,0,760,0,193,190,0,1,772,0|776,3485271637,20,0,0,49807360,0,49807360,0,152165,0,0,190,0,0,0,0,0,0,0,5441780,0,0,0,0,0
1785679957443|1049|stationary_30min_formal_r2f_0008_67108864|rotating|582,1378943233,527,106466991,105711261,105858140,105711261,105858140,105711261,101162,100972,100970,100970,0,0,6465,0,3116791816,3113691016,4096,4096,0,0,100971,100971,2828417052,2828417049,2828417044,2828417009,0,0,0,0,0,0,0,0,4096,256,131072,4,3|4,0,67108864,262144,256,0,0,0,0,772,0,760,0,193,190,0,1,772,0|776,2876544779,20,49878496,0,0,0,0,0,52920379,0,190,0,1147299167,1,1147299167,1,2080,1128587903,1,29834801,0,0,0,0,0
1785679962452|1049|stationary_30min_formal_r2f_0008_67108864|fixed|584,1378943233,304,112631930,111832623,644073,0,644073,0,13678,0,6839,0,0,0,106823,106823,43693944,0,4096,0,0,0,6839,0,3161020796,0,3161020804,0,0,0,0,0,0,0,0,0,4096,256,131072,4,3|4,0,67108864,262144,256,0,0,0,0,816,0,804,0,204,201,0,1,816,0|778,3804974837,20,0,0,52690944,0,52690944,0,161088,0,0,201,0,0,0,0,0,0,0,5465850,0,0,0,0,0
1785679962452|1049|stationary_30min_formal_r2f_0008_67108864|rotating|584,1378943233,527,112708873,111909068,112064329,111909068,112064329,111909068,107099,106898,106896,106896,0,0,6844,0,3299719786,3296439301,4096,4096,0,0,106897,106897,3148147763,3148147776,3148147771,3148147784,0,0,0,0,0,0,0,0,4096,256,131072,4,3|4,0,67108864,262144,256,0,0,0,0,816,0,804,0,204,201,0,1,816,0|778,3195959000,20,52801600,0,0,0,0,0,56018227,0,201,0,1465982612,1,1465982612,1,2080,1446417855,1,31265523,0,0,0,0,0
1785679967458|1049|stationary_30min_formal_r2f_0008_67108864|fixed|586,1378943233,304,118887238,118043612,679861,0,679861,0,14438,0,7219,0,0,0,112760,112760,46121792,0,4096,0,0,0,7219,0,3481336504,0,3481336512,0,0,0,0,0,0,0,0,0,4096,256,131072,4,3|4,0,67108864,262144,256,0,0,0,0,860,0,848,0,215,212,0,1,860,0|780,4125518175,20,0,0,55574528,0,55574528,0,170036,0,0,212,0,0,0,0,0,0,0,5488673,0,0,0,0,0
1785679967458|1049|stationary_30min_formal_r2f_0008_67108864|rotating|586,1378943233,560,118953954,118109950,118273716,118109950,118273716,118109950,113037,112825,112824,112824,0,0,7223,0,3482693416,3479233584,4096,4096,0,0,112824,112824,3467943102,3467943451,3467943118,3467943459,0,0,0,0,0,0,0,0,4096,256,131072,4,3|4,0,67108864,262144,256,0,0,0,0,860,0,848,0,215,212,0,1,860,0|780,3515278694,20,55724704,0,0,0,0,0,59116157,0,212,0,1784571530,1,1784571530,1,2080,1764156826,1,32692699,0,0,0,0,0
1785679972471|1049|stationary_30min_formal_r2f_0008_67108864|fixed|588,1378943233,304,125152159,124264216,715743,0,715743,0,15200,0,7600,0,0,0,118707,118707,48555960,0,4096,0,0,0,7600,0,3802515016,0,3802515024,0,0,0,0,0,0,0,0,0,4096,256,131072,4,3|4,0,67108864,262144,256,0,0,0,0,904,0,892,0,226,223,0,1,904,0|782,151146480,21,0,0,58458112,0,58458112,0,179006,0,0,223,0,0,0,0,0,0,0,5509173,0,0,0,0,0
1785679972471|1049|stationary_30min_formal_r2f_0008_67108864|rotating|588,1378943233,560,125211156,124322893,124495130,124322893,124495130,124322893,118987,118764,118763,118763,0,0,7603,0,3666020832,3662381328,4096,4096,0,0,118763,118763,3788369640,3788369981,3788369648,3788369989,0,0,0,0,0,0,0,0,4096,256,131072,4,3|4,0,67108864,262144,256,0,0,0,0,904,0,892,0,226,223,0,1,904,0|782,3836049278,20,58655712,0,0,0,0,0,62228088,0,223,0,2104609362,1,2104609362,1,2080,2083343141,1,34123142,0,0,0,0,0
1785679977481|1049|stationary_30min_formal_r2f_0008_67108864|fixed|590,1378943233,304,131433047,130501039,751625,0,751625,0,15962,0,7981,0,0,0,124668,124668,50990112,0,4096,0,0,0,7981,0,4123696010,0,4123696018,0,0,0,0,0,0,0,0,0,4096,256,131072,4,3|4,0,67108864,262144,256,0,0,0,0,948,0,936,0,237,234,0,1,948,0|784,472841932,21,0,0,61341696,0,61341696,0,187976,0,0,234,0,0,0,0,0,0,0,5528994,0,0,0,0,0
1785679977481|1049|stationary_30min_formal_r2f_0008_67108864|rotating|590,1378943233,527,131504299,130571812,130752208,130571812,130752208,130571812,124971,124737,124735,124735,0,0,7986,0,3850389442,3846570165,4096,4096,0,0,124736,124736,4110619500,4110619521,4110619508,4110619529,0,0,0,0,0,0,0,0,4096,256,131072,4,3|4,0,67108864,262144,256,0,0,0,0,948,0,936,0,237,234,0,1,948,0|784,4157422779,20,61594624,0,0,0,0,0,65346050,0,234,0,2425248135,1,2425248135,1,2048,2403129598,1,35556081,0,0,0,0,0
1785679982488|1049|stationary_30min_formal_r2f_0008_67108864|fixed|592,1378943233,304,137668820,136692655,787313,0,787313,0,16720,0,8360,0,0,0,130587,130587,53411512,0,4096,0,0,0,8360,0,148187320,0,148187328,0,0,0,0,0,0,0,0,0,4096,256,131072,4,3|5,0,67108864,262144,256,0,0,0,0,996,0,984,0,249,246,0,1,996,0|786,792940955,21,0,0,64487424,0,64487424,0,196946,0,0,246,0,0,0,0,0,0,0,5551142,0,0,0,0,0
1785679982488|1049|stationary_30min_formal_r2f_0008_67108864|rotating|592,1378943233,527,137748344,136770943,136960464,136770943,136960464,136770943,130911,130664,130662,130662,0,0,8366,0,4033333499,4029318574,4096,4096,0,0,130663,130663,135541299,135541312,135541307,135541320,0,0,0,0,0,0,0,0,4096,256,131072,4,3|4,0,67108864,262144,256,0,0,0,0,996,0,984,0,249,246,0,1,996,0|786,183248217,21,64534848,0,0,0,0,0,68456765,0,246,0,2745305813,1,2745305813,1,2080,2722204184,1,37115499,0,0,0,0,0
1785679992415|1050|stationary_30min_formal_r2f_0009_4194304|fixed|596,1378943233,304,6133861,6090121,35316,0,35316,0,750,0,375,0,0,0,5862,5862,2395848,0,4096,0,0,0,375,0,785241286,0,785241294,0,0,0,0,0,0,0,0,0,4096,256,131072,4,3|4,0,4194304,262144,16,0,0,0,0,56,0,44,0,14,11,0,1,56,0|794,1430409092,21,0,0,2883584,0,2883584,0,8923,0,0,11,0,0,0,0,0,0,0,5415841,0,0,0,0,0
1785679992415|1050|stationary_30min_formal_r2f_0009_4194304|rotating|596,1378943233,527,6243037,6198663,6207157,6198663,6207157,6198663,5979,5967,5966,5966,0,0,381,0,184171660,183994527,4096,4096,0,0,5967,5967,773664454,773664443,773664470,773664451,0,0,0,0,0,0,0,0,4096,256,131072,4,3|4,0,4194304,262144,16,0,0,0,0,56,0,44,0,14,11,0,1,56,0|794,821078040,21,2970528,0,0,0,0,0,3122425,0,11,0,327476833,0,327476833,0,2080,322476724,0,6941570,0,0,0,0,0
1785680000092|1051|stationary_30min_formal_r2f_0010_16777216|fixed|600,1378943233,304,6130564,6087505,34937,0,34937,0,742,0,371,0,0,0,5815,5815,2370272,0,4096,0,0,0,371,0,1275137479,0,1275137487,0,0,0,0,0,0,0,0,0,4096,256,131072,4,3|5,0,16777216,262144,64,0,0,0,0,56,0,44,0,14,11,0,1,56,0|802,1919088210,21,0,0,2883584,0,2883584,0,8829,0,0,11,0,0,0,0,0,0,0,6866484,0,0,0,0,0
1785680000092|1051|stationary_30min_formal_r2f_0010_16777216|rotating|600,1378943233,560,6202228,6157982,6166818,6157982,6166818,6157982,5895,5883,5883,5883,0,0,376,0,181597424,181417016,4096,4096,0,0,5883,5883,1261923814,1261924139,1261923822,1261924147,0,0,0,0,0,0,0,0,4096,256,131072,4,3|4,0,16777216,262144,64,0,0,0,0,56,0,44,0,14,11,0,1,56,0|802,1309790459,21,2931008,0,0,0,0,0,3106632,0,11,0,324473897,0,324473897,0,2080,318429076,0,8355752,0,0,0,0,0
1785680005092|1051|stationary_30min_formal_r2f_0010_16777216|fixed|602,1378943233,304,12382172,12295859,70726,0,70726,0,1502,0,751,0,0,0,11742,11742,4798064,0,4096,0,0,0,751,0,1594885586,0,1594885594,0,0,0,0,0,0,0,0,0,4096,256,131072,4,3|4,0,16777216,262144,64,0,0,0,0,100,0,88,0,25,22,0,1,100,0|804,2239073364,21,0,0,5767168,0,5767168,0,17752,0,0,22,0,0,0,0,0,0,0,6887617,0,0,0,0,0
1785680005092|1051|stationary_30min_formal_r2f_0010_16777216|rotating|602,1378943233,527,12456682,12369924,12385486,12369924,12385486,12369924,11837,11814,11813,11813,0,0,756,0,364650390,364291000,4096,4096,0,0,11814,11814,1581894703,1581894724,1581894711,1581894692,0,0,0,0,0,0,0,0,4096,256,131072,4,3|4,0,16777216,262144,64,0,0,0,0,100,0,88,0,25,22,0,1,100,0|804,1629044096,21,5854112,0,0,0,0,0,6207428,0,22,0,642996758,0,642996758,0,2080,636096606,0,9788312,0,0,0,0,0
1785680010107|1051|stationary_30min_formal_r2f_0010_16777216|fixed|604,1378943233,304,18657639,18527515,106608,0,106608,0,2264,0,1132,0,0,0,17692,17692,7232296,0,4096,0,0,0,1132,0,1916066031,0,1916066039,0,0,0,0,0,0,0,0,0,4096,256,131072,4,3|4,0,16777216,262144,64,0,0,0,0,144,0,132,0,36,33,0,1,144,0|806,2561400703,21,0,0,8650752,0,8650752,0,26770,0,0,33,0,0,0,0,0,0,0,6906650,0,0,0,0,0
1785680010107|1051|stationary_30min_formal_r2f_0010_16777216|rotating|604,1378943233,560,18786729,18655804,18679366,18655804,18679366,18655804,17849,17815,17815,17815,0,0,1140,0,549915240,549375112,4096,4096,0,0,17815,17815,1905681764,1905682097,1905681772,1905682105,0,0,0,0,0,0,0,0,4096,256,131072,4,3|4,0,16777216,262144,64,0,0,0,0,144,0,132,0,36,33,0,1,144,0|806,1953570898,21,8824640,0,0,0,0,0,9359514,0,33,0,966780928,0,966780928,0,2080,959035868,0,11220631,0,0,0,0,0
1785680015121|1051|stationary_30min_formal_r2f_0010_16777216|fixed|606,1378943233,304,24926576,24752104,142492,0,142492,0,3026,0,1513,0,0,0,23640,23640,9666464,0,4096,0,0,0,1513,0,2237245409,0,2237245417,0,0,0,0,0,0,0,0,0,4096,256,131072,4,3|4,0,16777216,262144,64,0,0,0,0,188,0,176,0,47,44,0,1,188,0|808,2880942937,21,0,0,11534336,0,11534336,0,35693,0,0,44,0,0,0,0,0,0,0,6927593,0,0,0,0,0
1785680015121|1051|stationary_30min_formal_r2f_0010_16777216|rotating|606,1378943233,560,25002458,24827601,24859590,24827601,24859590,24827601,23757,23712,23712,23712,0,0,1517,0,731943800,731223432,4096,4096,0,0,23712,23712,2223852866,2223853183,2223852874,2223853191,0,0,0,0,0,0,0,0,4096,256,131072,4,3|4,0,16777216,262144,64,0,0,0,0,188,0,176,0,47,44,0,1,188,0|808,2270989881,21,11724032,0,0,0,0,0,12440136,0,44,0,1283475063,0,1283475063,0,2080,1274870844,0,12651928,0,0,0,0,0
1785680020133|1051|stationary_30min_formal_r2f_0010_16777216|fixed|608,1378943233,304,31196150,30976642,178280,0,178280,0,3786,0,1893,0,0,0,29588,29588,12094248,0,4096,0,0,0,1893,0,2557558634,0,2557558642,0,0,0,0,0,0,0,0,0,4096,256,131072,4,3|4,0,16777216,262144,64,0,0,0,0,232,0,220,0,58,55,0,1,232,0|810,3200797665,21,0,0,14417920,0,14417920,0,44616,0,0,55,0,0,0,0,0,0,0,6946466,0,0,0,0,0
1785680020133|1051|stationary_30min_formal_r2f_0010_16777216|rotating|608,1378943233,527,31248195,31028323,31069541,31028323,31069541,31028323,29695,29639,29638,29638,0,0,1897,0,914870872,913968568,4096,4096,0,0,29639,29639,2543597492,2543597513,2543597500,2543597481,0,0,0,0,0,0,0,0,4096,256,131072,4,3|4,0,16777216,262144,64,0,0,0,0,232,0,220,0,58,55,0,1,232,0|810,2590937941,21,14655040,0,0,0,0,0,15544789,0,55,0,1602690371,0,1602690371,0,2080,1593240399,0,14076607,0,0,0,0,0
1785680029247|1052|stationary_30min_formal_r2f_0011_67108864|fixed|612,1378943233,304,6553445,6508964,35316,0,35316,0,750,0,375,0,0,0,5868,5868,2395848,0,4096,0,0,0,375,0,3140962974,0,3140962982,0,0,0,0,0,0,0,0,0,4096,256,131072,4,3|4,0,67108864,262144,256,0,0,0,0,56,0,44,0,14,11,0,1,56,0|818,3785028406,21,0,0,2883584,0,2883584,0,8899,0,0,11,0,0,0,0,0,0,0,4982647,0,0,0,0,0
1785680029247|1052|stationary_30min_formal_r2f_0011_67108864|rotating|612,1378943233,527,6636909,6591950,6601122,6591950,6601122,6591950,11898,11886,5942,5942,0,0,380,0,183462327,183282466,4096,4096,0,0,5943,5943,3128099976,3128099989,3128099984,3128099997,0,0,0,0,0,0,0,0,4096,256,131072,4,3|4,0,67108864,262144,256,0,0,0,0,56,0,44,0,14,11,0,1,56,0|818,3175901784,21,2962624,0,0,0,0,0,3324491,0,11,0,326186055,0,326186055,0,2080,321578523,0,6453419,0,0,0,0,0
1785680034261|1052|stationary_30min_formal_r2f_0011_67108864|fixed|614,1378943233,304,13198770,13109503,71196,0,71196,0,1512,0,756,0,0,0,11816,11816,4830040,0,4096,0,0,0,756,0,3462127879,0,3462127887,0,0,0,0,0,0,0,0,0,4096,256,131072,4,3|4,0,67108864,262144,256,0,0,0,0,100,0,88,0,25,22,0,1,100,0|820,4105887250,21,0,0,5767168,0,5767168,0,17870,0,0,22,0,0,0,0,0,0,0,5005416,0,0,0,0,0
1785680034261|1052|stationary_30min_formal_r2f_0011_67108864|rotating|614,1378943233,560,13279071,13189427,13207495,13189427,13207495,13189427,23799,23776,11888,11888,0,0,760,0,367006336,366647120,4096,4096,0,0,11888,11888,3448843046,3448843379,3448843054,3448843387,0,0,0,0,0,0,0,0,4096,256,131072,4,3|4,0,67108864,262144,256,0,0,0,0,100,0,88,0,25,22,0,1,100,0|820,3496735662,21,5893632,0,0,0,0,0,6626471,0,22,0,646287181,0,646287181,0,2080,640841758,0,7870236,0,0,0,0,0
1785680039282|1052|stationary_30min_formal_r2f_0011_67108864|fixed|616,1378943233,304,19854122,19719977,107080,0,107080,0,2274,0,1137,0,0,0,17773,17773,7264216,0,4096,0,0,0,1137,0,3783291223,0,3783291231,0,0,0,0,0,0,0,0,0,4096,256,131072,4,3|4,0,67108864,262144,256,0,0,0,0,144,0,132,0,36,33,0,1,144,0|822,132474834,22,0,0,8650752,0,8650752,0,26840,0,0,33,0,0,0,0,0,0,0,5032480,0,0,0,0,0
1785680039282|1052|stationary_30min_formal_r2f_0011_67108864|rotating|616,1378943233,527,19934146,19799524,19826595,19799524,19826595,19799524,35726,35692,17845,17845,0,0,1142,0,550914344,550375273,4096,4096,0,0,17846,17846,3770244061,3770244042,3770244037,3770244050,0,0,0,0,0,0,0,0,4096,256,131072,4,3|4,0,67108864,262144,256,0,0,0,0,144,0,132,0,36,33,0,1,144,0|822,3817380316,21,8832544,0,0,0,0,0,9926023,0,33,0,966197107,0,966197107,0,2080,959917041,0,9285502,0,0,0,0,0
1785680044296|1052|stationary_30min_formal_r2f_0011_67108864|fixed|618,1378943233,304,26498090,26319065,142963,0,142963,0,3036,0,1518,0,0,0,23724,23724,9698408,0,4096,0,0,0,1518,0,4104452789,0,4104452797,0,0,0,0,0,0,0,0,0,4096,256,131072,4,3|4,0,67108864,262144,256,0,0,0,0,188,0,176,0,47,44,0,1,188,0|824,454196788,22,0,0,11534336,0,11534336,0,35834,0,0,44,0,0,0,0,0,0,0,5053375,0,0,0,0,0
1785680044296|1052|stationary_30min_formal_r2f_0011_67108864|rotating|618,1378943233,560,26604718,26425106,26461194,26425106,26461194,26425106,47685,47640,23820,23820,0,0,1524,0,735371040,734652608,4096,4096,0,0,23820,23820,4092564868,4092565201,4092564876,4092565209,0,0,0,0,0,0,0,0,4096,256,131072,4,3|4,0,67108864,262144,256,0,0,0,0,188,0,176,0,47,44,0,1,188,0|824,4140461499,21,11787264,0,0,0,0,0,13248739,0,44,0,1288539610,0,1288539610,0,2080,1281430083,0,10698980,0,0,0,0,0
1785680049307|1052|stationary_30min_formal_r2f_0011_67108864|fixed|620,1378943233,304,33134819,32911088,178746,0,178746,0,3796,0,1898,0,0,0,29668,29668,12126160,0,4096,0,0,0,1898,0,129790186,0,129790194,0,0,0,0,0,0,0,0,0,4096,256,131072,4,3|4,0,67108864,262144,256,0,0,0,0,232,0,220,0,58,55,0,1,232,0|826,773151875,22,0,0,14417920,0,14417920,0,44733,0,0,55,0,0,0,0,0,0,0,5074329,0,0,0,0,0
1785680049307|1052|stationary_30min_formal_r2f_0011_67108864|rotating|620,1378943233,527,33190011,32965878,33010889,32965878,33010889,32965878,59494,59438,29718,29718,0,0,1902,0,917459736,916561450,4096,4096,0,0,29719,29719,115832740,115832721,115832716,115832729,0,0,0,0,0,0,0,0,4096,256,131072,4,3|4,0,67108864,262144,256,0,0,0,0,236,0,224,0,59,56,0,1,236,0|826,163721865,22,14695872,0,0,0,0,0,16520008,0,56,0,1606040120,0,1606040120,0,2080,1597955691,0,12243420,0,0,0,0,0
1785680054335|1052|stationary_30min_formal_r2f_0011_67108864|fixed|622,1378943233,304,39792373,39522832,214816,0,214816,0,4562,0,2281,0,0,0,35629,35629,14573144,0,4096,0,0,0,2281,0,452099892,0,452099900,0,0,0,0,0,0,0,0,0,4096,256,131072,4,3|4,0,67108864,262144,256,0,0,0,0,280,0,268,0,70,67,0,1,280,0|828,1096481309,22,0,0,17563648,0,17563648,0,53774,0,0,67,0,0,0,0,0,0,0,5090947,0,0,0,0,0
1785680054335|1052|stationary_30min_formal_r2f_0011_67108864|rotating|622,1378943233,527,39911763,39641628,39696382,39641628,39696382,39641628,71542,71474,35736,35736,0,0,2287,0,1103246329,1102152108,4096,4096,0,0,35737,35737,440612229,440612210,440612237,440612218,0,0,0,0,0,0,0,0,4096,256,131072,4,3|4,0,67108864,262144,256,0,0,0,0,280,0,268,0,70,67,0,1,280,0|828,488464921,22,17666400,0,0,0,0,0,19861474,0,67,0,1930040544,0,1930040544,0,2080,1921126105,0,13660841,0,0,0,0,0
1785680059338|1052|stationary_30min_formal_r2f_0011_67108864|fixed|624,1378943233,304,46425979,46111558,250603,0,250603,0,5322,0,2661,0,0,0,41568,41568,17000976,0,4096,0,0,0,2661,0,772404341,0,772404349,0,0,0,0,0,0,0,0,0,4096,256,131072,4,3|4,0,67108864,262144,256,0,0,0,0,324,0,312,0,81,78,0,1,324,0|830,1417046785,22,0,0,20447232,0,20447232,0,62745,0,0,78,0,0,0,0,0,0,0,5108062,0,0,0,0,0
1785680059338|1052|stationary_30min_formal_r2f_0011_67108864|rotating|624,1378943233,527,46513492,46198577,46262416,46198577,46262416,46198577,83373,83294,41646,41646,0,0,2666,0,1285703074,1284429240,4096,4096,0,0,41647,41647,759470570,759470583,759470578,759470559,0,0,0,0,0,0,0,0,4096,256,131072,4,3|4,0,67108864,262144,256,0,0,0,0,324,0,312,0,81,78,0,1,324,0|830,808251309,22,20597408,0,0,0,0,0,23151777,0,78,0,2249094180,0,2249094180,0,2080,2239342777,0,15076731,0,0,0,0,0
1785680064346|1052|stationary_30min_formal_r2f_0011_67108864|fixed|626,1378943233,304,53062399,52703209,286392,0,286392,0,6082,0,3041,0,0,0,47508,47508,19428760,0,4096,0,0,0,3041,0,1092709499,0,1092709507,0,0,0,0,0,0,0,0,0,4096,256,131072,4,3|4,0,67108864,262144,256,0,0,0,0,368,0,356,0,92,89,0,1,368,0|832,1736722421,22,0,0,23330816,0,23330816,0,71668,0,0,89,0,0,0,0,0,0,0,5129387,0,0,0,0,0
1785680064346|1052|stationary_30min_formal_r2f_0011_67108864|rotating|626,1378943233,527,53132877,52773296,52846108,52773296,52846108,52773296,95234,95144,47571,47571,0,0,3045,0,1468627047,1467173602,4096,4096,0,0,47572,47572,1079140989,1079141002,1079140997,1079141010,0,0,0,0,0,0,0,0,4096,256,131072,4,3|4,0,67108864,262144,256,0,0,0,0,368,0,356,0,92,89,0,1,368,0|832,1126322112,22,23504704,0,0,0,0,0,26424762,0,89,0,2566438159,0,2566438159,0,2080,2555843975,0,16493347,0,0,0,0,0
1785680069360|1052|stationary_30min_formal_r2f_0011_67108864|fixed|628,1378943233,304,59707664,59303626,322275,0,322275,0,6844,0,3422,0,0,0,53456,53456,21862952,0,4096,0,0,0,3422,0,1413871287,0,1413871295,0,0,0,0,0,0,0,0,0,4096,256,131072,4,3|4,0,67108864,262144,256,0,0,0,0,412,0,400,0,103,100,0,1,412,0|834,2057441260,22,0,0,26214400,0,26214400,0,80639,0,0,100,0,0,0,0,0,0,0,5146843,0,0,0,0,0
1785680069360|1052|stationary_30min_formal_r2f_0011_67108864|rotating|628,1378943233,527,59791045,59386619,59468394,59386619,59468394,59386619,107165,107063,53531,53531,0,0,3426,0,1652612147,1650979094,4096,4096,0,0,53532,53532,1400662863,1400662876,1400662871,1400662884,0,0,0,0,0,0,0,0,4096,256,131072,4,3|4,0,67108864,262144,256,0,0,0,0,412,0,400,0,103,100,0,1,412,0|834,1448288537,22,26451520,0,0,0,0,0,29738293,0,100,0,2887667880,0,2887667880,0,2080,2876242326,0,17907037,0,0,0,0,0
1785680074366|1052|stationary_30min_formal_r2f_0011_67108864|fixed|630,1378943233,304,66338265,65889434,358058,0,358058,0,7604,0,3802,0,0,0,59391,59391,24290704,0,4096,0,0,0,3802,0,1734174404,0,1734174412,0,0,0,0,0,0,0,0,0,4096,256,131072,4,3|4,0,67108864,262144,256,0,0,0,0,456,0,444,0,114,111,0,1,456,0|836,2377828470,22,0,0,29097984,0,29097984,0,89584,0,0,111,0,0,0,0,0,0,0,5158943,0,0,0,0,0
1785680074366|1052|stationary_30min_formal_r2f_0011_67108864|rotating|630,1378943233,527,66416678,65967460,66058244,65967460,66058244,65967460,119037,118925,59462,59462,0,0,3806,0,1835711887,1833899232,4096,4096,0,0,59463,59463,1720640931,1720640952,1720640939,1720640920,0,0,0,0,0,0,0,0,4096,256,131072,4,3|4,0,67108864,262144,256,0,0,0,0,460,0,448,0,115,112,0,1,460,0|836,1767821079,22,29375936,0,0,0,0,0,33025057,0,112,0,3206469318,0,3206469318,0,2080,3194073674,0,19450059,0,0,0,0,0
1785680079375|1052|stationary_30min_formal_r2f_0011_67108864|fixed|632,1378943233,304,72974348,72479948,393940,0,393940,0,8366,0,4183,0,0,0,65332,65332,26724936,0,4096,0,0,0,4183,0,2054763513,0,2054763521,0,0,0,0,0,0,0,0,0,4096,256,131072,4,3|4,0,67108864,262144,256,0,0,0,0,504,0,492,0,126,123,0,1,504,0|838,2699494690,22,0,0,32243712,0,32243712,0,98579,0,0,123,0,0,0,0,0,0,0,5184125,0,0,0,0,0
1785680079375|1052|stationary_30min_formal_r2f_0011_67108864|rotating|632,1378943233,527,73072962,72578058,72678551,72578058,72678551,72578058,130966,130842,65420,65420,0,0,4188,0,2019654061,2017645464,4096,4096,0,0,65421,65421,2042206159,2042206172,2042206167,2042206180,0,0,0,0,0,0,0,0,4096,256,131072,4,3|4,0,67108864,262144,256,0,0,0,0,504,0,492,0,126,123,0,1,504,0|838,2089409829,22,32314848,0,0,0,0,0,36334393,0,123,0,3527323340,0,3527323340,0,2080,3514092580,0,20865798,0,0,0,0,0
1785680084389|1052|stationary_30min_formal_r2f_0011_67108864|fixed|634,1378943233,304,79621187,79081874,429820,0,429820,0,9128,0,4564,0,0,0,71283,71283,29159128,0,4096,0,0,0,4564,0,2375928298,0,2375928306,0,0,0,0,0,0,0,0,0,4096,256,131072,4,3|4,0,67108864,262144,256,0,0,0,0,548,0,536,0,137,134,0,1,548,0|840,3019455570,22,0,0,35127296,0,35127296,0,107502,0,0,134,0,0,0,0,0,0,0,5205019,0,0,0,0,0
1785680084389|1052|stationary_30min_formal_r2f_0011_67108864|rotating|634,1378943233,527,79695890,79156164,79265690,79156164,79265690,79156164,142837,142702,71350,71350,0,0,4568,0,2202722096,2200533896,4096,4096,0,0,71351,71351,2362131561,2362131542,2362131537,2362131550,0,0,0,0,0,0,0,0,4096,256,131072,4,3|4,0,67108864,262144,256,0,0,0,0,548,0,536,0,137,134,0,1,548,0|840,2408922044,22,35245856,0,0,0,0,0,39621485,0,134,0,3846102803,0,3846102803,0,2080,3832034278,0,22282489,0,0,0,0,0
1785680089396|1052|stationary_30min_formal_r2f_0011_67108864|fixed|636,1378943233,304,86253339,85669246,465610,0,465610,0,9888,0,4944,0,0,0,77220,77220,31586928,0,4096,0,0,0,4944,0,2696232598,0,2696232614,0,0,0,0,0,0,0,0,0,4096,256,131072,4,3|4,0,67108864,262144,256,0,0,0,0,592,0,580,0,148,145,0,1,592,0|842,3339967738,22,0,0,38010880,0,38010880,0,116473,0,0,145,0,0,0,0,0,0,0,5222888,0,0,0,0,0
1785680089396|1052|stationary_30min_formal_r2f_0011_67108864|rotating|636,1378943233,560,86333719,85749237,85867732,85749237,85867732,85749237,154730,154584,77292,77292,0,0,4948,0,2386158624,2383791064,4096,4096,0,0,77292,77292,2682680009,2682680342,2682680017,2682680350,0,0,0,0,0,0,0,0,4096,256,131072,4,3|4,0,67108864,262144,256,0,0,0,0,592,0,580,0,148,145,0,1,592,0|842,2729795718,22,38176864,0,0,0,0,0,42923409,0,145,0,4166243725,0,4166243725,0,2080,4151338359,0,23698256,0,0,0,0,0
1785680094404|1052|stationary_30min_formal_r2f_0011_67108864|fixed|638,1378943233,304,92890228,92261244,501397,0,501397,0,10648,0,5324,0,0,0,83161,83161,34014736,0,4096,0,0,0,5324,0,3016537569,0,3016537577,0,0,0,0,0,0,0,0,0,4096,256,131072,4,3|4,0,67108864,262144,256,0,0,0,0,636,0,624,0,159,156,0,1,636,0|844,3661306754,22,0,0,40894464,0,40894464,0,125444,0,0,156,0,0,0,0,0,0,0,5242895,0,0,0,0,0
1785680094404|1052|stationary_30min_formal_r2f_0011_67108864|rotating|638,1378943233,527,92988801,92359325,92486932,92359325,92486932,92359325,166657,166500,83249,83249,0,0,5329,0,2570070489,2567523068,4096,4096,0,0,83250,83250,3004087270,3004087283,3004087278,3004087291,0,0,0,0,0,0,0,0,4096,256,131072,4,3|4,0,67108864,262144,256,0,0,0,0,636,0,624,0,159,156,0,1,636,0|844,3051234153,22,41123680,0,0,0,0,0,46231182,0,156,0,191978160,1,191978160,1,2080,176238719,1,25114651,0,0,0,0,0
1785680099409|1052|stationary_30min_formal_r2f_0011_67108864|fixed|640,1378943233,304,99524442,98850904,537185,0,537185,0,11408,0,5704,0,0,0,89099,89099,36442480,0,4096,0,0,0,5704,0,3336839592,0,3336839600,0,0,0,0,0,0,0,0,0,4096,256,131072,4,3|4,0,67108864,262144,256,0,0,0,0,680,0,668,0,170,167,0,1,680,0|846,3980072076,22,0,0,43778048,0,43778048,0,134342,0,0,167,0,0,0,0,0,0,0,5261978,0,0,0,0,0
1785680099409|1052|stationary_30min_formal_r2f_0011_67108864|rotating|640,1378943233,527,99602877,98928943,99065320,98928943,99065320,98928943,178508,178340,89169,89169,0,0,5708,0,2752841120,2750114096,4096,4096,0,0,89170,89170,3323487314,3323487327,3323487322,3323487303,0,0,0,0,0,0,0,0,4096,256,131072,4,3|4,0,67108864,262144,256,0,0,0,0,680,0,668,0,170,167,0,1,680,0|846,3370442116,22,44038880,0,0,0,0,0,49516046,0,167,0,510457323,1,510457323,1,2080,493879943,1,26528122,0,0,0,0,0
1785680104420|1052|stationary_30min_formal_r2f_0011_67108864|fixed|642,1378943233,304,106165884,105447486,572968,0,572968,0,12168,0,6084,0,0,0,95044,95044,38870304,0,4096,0,0,0,6084,0,3657143442,0,3657143450,0,0,0,0,0,0,0,0,0,4096,256,131072,4,3|4,0,67108864,262144,256,0,0,0,0,728,0,716,0,182,179,0,1,728,0|848,6463748,23,0,0,46923776,0,46923776,0,143336,0,0,179,0,0,0,0,0,0,0,5291548,0,0,0,0,0
1785680104420|1052|stationary_30min_formal_r2f_0011_67108864|rotating|642,1378943233,527,106301617,105581658,105727801,105581658,105727801,105581658,190512,190332,95165,95165,0,0,6093,0,2937956608,2935033648,4096,4096,0,0,95166,95166,3647094426,3647094407,3647094402,3647094415,0,0,0,0,0,0,0,0,4096,256,131072,4,3|4,0,67108864,262144,256,0,0,0,0,728,0,716,0,182,179,0,1,728,0|848,3694447082,22,47002816,0,0,0,0,0,52849088,0,179,0,833721305,1,833721305,1,2080,816180896,1,28072568,0,0,0,0,0
1785680109420|1052|stationary_30min_formal_r2f_0011_67108864|fixed|644,1378943233,304,112788584,112024664,608851,0,608851,0,12930,0,6465,0,0,0,100977,100977,41304480,0,4096,0,0,0,6465,0,3977733646,0,3977733654,0,0,0,0,0,0,0,0,0,4096,256,131072,4,3|4,0,67108864,262144,256,0,0,0,0,772,0,760,0,193,190,0,1,772,0|850,326444539,23,0,0,49807360,0,49807360,0,152283,0,0,190,0,0,0,0,0,0,0,5308163,0,0,0,0,0
1785680109420|1052|stationary_30min_formal_r2f_0011_67108864|rotating|644,1378943233,538,112868875,112104567,112259648,112104567,112259648,112104567,202289,202098,101049,101049,0,0,6469,0,3119584728,3116482304,4096,4096,0,0,101049,101049,3964503631,3964503964,3964503639,3964503972,0,0,0,0,0,0,0,0,4096,256,131072,4,3|4,0,67108864,262144,256,0,0,0,0,772,0,760,0,193,190,0,1,772,0|850,4012346251,22,49910112,0,0,0,0,0,56117708,0,190,0,1150893650,1,1150893650,1,2080,1132510958,1,29488686,0,0,0,0,0
1785680114420|1052|stationary_30min_formal_r2f_0011_67108864|fixed|646,1378943233,304,119406265,118597516,644639,0,644639,0,13690,0,6845,0,0,0,106908,106908,43732328,0,4096,0,0,0,6845,0,3071315,0,3071323,0,0,0,0,0,0,0,0,0,4096,256,131072,4,3|4,0,67108864,262144,256,0,0,0,0,816,0,804,0,204,201,0,1,816,0|852,646667852,23,0,0,52690944,0,52690944,0,161230,0,0,201,0,0,0,0,0,0,0,5332963,0,0,0,0,0
1785680114420|1052|stationary_30min_formal_r2f_0011_67108864|rotating|646,1378943233,527,119477301,118668157,118832285,118668157,118832285,118668157,214146,213944,106971,106971,0,0,6849,0,3302425027,3299142846,4096,4096,0,0,106972,106972,4284042591,4284042604,4284042599,4284042612,0,0,0,0,0,0,0,0,4096,256,131072,4,3|4,0,67108864,262144,256,0,0,0,0,816,0,804,0,204,201,0,1,816,0|852,36287117,23,52833216,0,0,0,0,0,59395326,0,201,0,1469071036,1,1469071036,1,2080,1449849181,1,30905078,0,0,0,0,0
1785680119428|1052|stationary_30min_formal_r2f_0011_67108864|fixed|648,1378943233,304,126034781,125181202,680428,0,680428,0,14450,0,7225,0,0,0,112846,112846,46160096,0,4096,0,0,0,7225,0,323374913,0,323374921,0,0,0,0,0,0,0,0,0,4096,256,131072,4,3|4,0,67108864,262144,256,0,0,0,0,860,0,848,0,215,212,0,1,860,0|854,966876070,23,0,0,55574528,0,55574528,0,170153,0,0,212,0,0,0,0,0,0,0,5348808,0,0,0,0,0
1785680119428|1052|stationary_30min_formal_r2f_0011_67108864|rotating|648,1378943233,527,126108374,125254383,125427570,125254383,125427570,125254383,226039,225826,112912,112912,0,0,7229,0,3485824520,3482362735,4096,4096,0,0,112913,112913,309579130,309579111,309579106,309579119,0,0,0,0,0,0,0,0,4096,256,131072,4,3|4,0,67108864,262144,256,0,0,0,0,860,0,848,0,215,212,0,1,860,0|854,357488102,23,55772128,0,0,0,0,0,62698058,0,212,0,1789537293,1,1789537293,1,2080,1769481022,1,32320117,0,0,0,0,0
1785680124441|1052|stationary_30min_formal_r2f_0011_67108864|fixed|650,1378943233,304,132676380,131777974,716216,0,716216,0,15210,0,7605,0,0,0,118796,118796,48587880,0,4096,0,0,0,7605,0,643680876,0,643680884,0,0,0,0,0,0,0,0,0,4096,256,131072,4,3|4,0,67108864,262144,256,0,0,0,0,904,0,892,0,226,223,0,1,904,0|856,1288093137,23,0,0,58458112,0,58458112,0,179124,0,0,223,0,0,0,0,0,0,0,5373658,0,0,0,0,0
1785680124441|1052|stationary_30min_formal_r2f_0011_67108864|rotating|650,1378943233,560,132744543,131845771,132027953,131845771,132027953,131845771,237940,237716,118858,118858,0,0,7609,0,3669384176,3665743032,4096,4096,0,0,118858,118858,630343633,630343966,630343641,630343974,0,0,0,0,0,0,0,0,4096,256,131072,4,3|4,0,67108864,262144,256,0,0,0,0,904,0,892,0,226,223,0,1,904,0|856,677633060,23,58703136,0,0,0,0,0,65989407,0,223,0,2108949499,1,2108949499,1,2080,2088054737,1,33737534,0,0,0,0,0
1785680129443|1052|stationary_30min_formal_r2f_0011_67108864|fixed|652,1378943233,304,139298350,138355294,751997,0,751997,0,15970,0,7985,0,0,0,124730,124730,51015648,0,4096,0,0,0,7985,0,963986419,0,963986427,0,0,0,0,0,0,0,0,0,4096,256,131072,4,3|4,0,67108864,262144,256,0,0,0,0,948,0,936,0,237,234,0,1,948,0|858,1608157572,23,0,0,61341696,0,61341696,0,188070,0,0,234,0,0,0,0,0,0,0,5388800,0,0,0,0,0
1785680129443|1052|stationary_30min_formal_r2f_0011_67108864|rotating|652,1378943233,527,139367072,138422833,138614602,138422833,138614602,138422833,249820,249584,124791,124791,0,0,7990,0,3852561649,3848724324,4096,4096,0,0,124792,124792,950594484,950594465,950594492,950594473,0,0,0,0,0,0,0,0,4096,256,131072,4,3|4,0,67108864,262144,256,0,0,0,0,952,0,940,0,238,235,0,1,952,0|858,997744407,23,61627552,0,0,0,0,0,69279036,0,235,0,2428329742,1,2428329742,1,2080,2406462549,1,35282897,0,0,0,0,0
1785680134451|1052|stationary_30min_formal_r2f_0011_67108864|fixed|654,1378943233,304,145928312,144939802,787880,0,787880,0,16732,0,8366,0,0,0,130669,130669,53449864,0,4096,0,0,0,8366,0,1284572550,0,1284572566,0,0,0,0,0,0,0,0,0,4096,256,131072,4,3|4,0,67108864,262144,256,0,0,0,0,996,0,984,0,249,246,0,1,996,0|860,1928515779,23,0,0,64487424,0,64487424,0,197040,0,0,246,0,0,0,0,0,0,0,5408087,0,0,0,0,0
1785680134451|1052|stationary_30min_formal_r2f_0011_67108864|rotating|654,1378943233,560,146004183,145015291,145215926,145015291,145215926,145015291,261721,261474,130737,130737,0,0,8370,0,4036112664,4032095976,4096,4096,0,0,130737,130737,1271342893,1271343226,1271342901,1271343234,0,0,0,0,0,0,0,0,4096,256,131072,4,3|4,0,67108864,262144,256,0,0,0,0,996,0,984,0,249,246,0,1,996,0|860,1318965532,23,64566464,0,0,0,0,0,72582242,0,246,0,2748816139,1,2748816139,1,2080,2726116726,1,36695740,0,0,0,0,0
1785680144319|1053|stationary_30min_formal_r2f_0012_4194304|fixed|658,1378943233,304,6518835,6474499,35222,0,35222,0,748,0,374,0,0,0,5841,5841,2389464,0,4096,0,0,0,374,0,1916522826,0,1916522834,0,0,0,0,0,0,0,0,0,4096,256,131072,4,3|4,0,4194304,262144,16,0,0,0,0,56,0,44,0,14,11,0,1,56,0|868,2560659343,23,0,0,2883584,0,2883584,0,8876,0,0,11,0,0,0,0,0,0,0,4993639,0,0,0,0,0
1785680144319|1053|stationary_30min_formal_r2f_0012_4194304|rotating|658,1378943233,527,6603617,6558889,6568019,6558889,6568019,6558889,5929,5917,5916,5916,0,0,378,0,182570381,182390616,4096,4096,0,0,5917,5917,1903255355,1903255336,1903255363,1903255344,0,0,0,0,0,0,0,0,4096,256,131072,4,3|4,0,4194304,262144,16,0,0,0,0,56,0,44,0,14,11,0,1,56,0|868,1950254816,23,2938912,0,0,0,0,0,3299625,0,11,0,324004482,0,324004482,0,2080,319387461,0,6457780,0,0,0,0,0
1785680152007|1054|stationary_30min_formal_r2f_0013_16777216|fixed|662,1378943233,304,6162389,6118577,35222,0,35222,0,748,0,374,0,0,0,5844,5844,2389464,0,4096,0,0,0,374,0,2408480249,0,2408480257,0,0,0,0,0,0,0,0,0,4096,256,131072,4,3|4,0,16777216,262144,64,0,0,0,0,56,0,44,0,14,11,0,1,56,0|876,3052371281,23,0,0,2883584,0,2883584,0,8876,0,0,11,0,0,0,0,0,0,0,5091855,0,0,0,0,0
1785680152007|1054|stationary_30min_formal_r2f_0013_16777216|rotating|662,1378943233,560,6228943,6184748,6193345,6184748,6193345,6184748,5920,5908,5908,5908,0,0,378,0,182370360,182190648,4096,4096,0,0,5908,5908,2394731629,2394731954,2394731637,2394731962,0,0,0,0,0,0,0,0,4096,256,131072,4,3|4,0,16777216,262144,64,0,0,0,0,56,0,44,0,14,11,0,1,56,0|876,2441973538,23,2938912,0,0,0,0,0,3113932,0,11,0,323841501,0,323841501,0,2080,319147083,0,6562506,0,0,0,0,0
1785680157015|1054|stationary_30min_formal_r2f_0013_16777216|fixed|664,1378943233,304,12429289,12341158,71009,0,71009,0,1508,0,754,0,0,0,11787,11787,4817248,0,4096,0,0,0,754,0,2728928007,0,2728928015,0,0,0,0,0,0,0,0,0,4096,256,131072,4,3|4,0,16777216,262144,64,0,0,0,0,100,0,88,0,25,22,0,1,100,0|878,3373101535,23,0,0,5767168,0,5767168,0,17822,0,0,22,0,0,0,0,0,0,0,5113380,0,0,0,0,0
1785680157015|1054|stationary_30min_formal_r2f_0013_16777216|rotating|664,1378943233,527,12523593,12434860,12452017,12434860,12452017,12434860,11900,11877,11876,11876,0,0,760,0,366605646,366246040,4096,4096,0,0,11877,11877,2716754261,2716754274,2716754269,2716754242,0,0,0,0,0,0,0,0,4096,256,131072,4,3|4,0,16777216,262144,64,0,0,0,0,100,0,88,0,25,22,0,1,100,0|878,2771099988,23,5948960,0,0,0,0,0,6310474,0,22,0,652215439,0,652215439,0,2080,646683176,0,7996247,0,0,0,0,0
1785680162027|1054|stationary_30min_formal_r2f_0013_16777216|fixed|666,1378943233,304,18699468,18566879,106893,0,106893,0,2270,0,1135,0,0,0,17732,17732,7251464,0,4096,0,0,0,1135,0,3050107034,0,3050107042,0,0,0,0,0,0,0,0,0,4096,256,131072,4,3|4,0,16777216,262144,64,0,0,0,0,144,0,132,0,36,33,0,1,144,0|880,3693636125,23,0,0,8650752,0,8650752,0,26770,0,0,33,0,0,0,0,0,0,0,5135707,0,0,0,0,0
1785680162027|1054|stationary_30min_formal_r2f_0013_16777216|rotating|666,1378943233,527,18764300,18631419,18657125,18631419,18657125,18631419,17828,17794,17793,17793,0,0,1138,0,549265212,548726479,4096,4096,0,0,17794,17794,3036015139,3036015112,3036015147,3036015128,0,0,0,0,0,0,0,0,4096,256,131072,4,3|4,0,16777216,262144,64,0,0,0,0,144,0,132,0,36,33,0,1,144,0|880,3083265001,23,8808832,0,0,0,0,0,9341589,0,33,0,963665484,0,963665484,0,2080,957265928,0,9427193,0,0,0,0,0
1785680167036|1054|stationary_30min_formal_r2f_0013_16777216|fixed|668,1378943233,304,24959074,24782128,142679,0,142679,0,3030,0,1515,0,0,0,23672,23672,9679264,0,4096,0,0,0,1515,0,3370424268,0,3370424276,0,0,0,0,0,0,0,0,0,4096,256,131072,4,3|4,0,16777216,262144,64,0,0,0,0,188,0,176,0,47,44,0,1,188,0|882,4014266809,23,0,0,11534336,0,11534336,0,35740,0,0,44,0,0,0,0,0,0,0,5151293,0,0,0,0,0
1785680167036|1054|stationary_30min_formal_r2f_0013_16777216|rotating|668,1378943233,527,25026074,24848752,24883016,24848752,24883016,24848752,23782,23737,23736,23736,0,0,1519,0,732698873,731980504,4096,4096,0,0,23737,23737,3356632049,3356632054,3356632057,3356632046,0,0,0,0,0,0,0,0,4096,256,131072,4,3|4,0,16777216,262144,64,0,0,0,0,188,0,176,0,47,44,0,1,188,0|882,3403840435,23,11739840,0,0,0,0,0,12452089,0,44,0,1283508166,0,1283508166,0,2080,1276258871,0,10855858,0,0,0,0,0
1785680172041|1054|stationary_30min_formal_r2f_0013_16777216|fixed|670,1378943233,304,31214248,30993146,178467,0,178467,0,3790,0,1895,0,0,0,29607,29607,12107016,0,4096,0,0,0,1895,0,3690741421,0,3690741429,0,0,0,0,0,0,0,0,0,4096,256,131072,4,3|4,0,16777216,262144,64,0,0,0,0,232,0,220,0,58,55,0,1,232,0|884,41235683,24,0,0,14417920,0,14417920,0,44733,0,0,55,0,0,0,0,0,0,0,5172337,0,0,0,0,0
1785680172041|1054|stationary_30min_formal_r2f_0013_16777216|rotating|670,1378943233,527,31325810,31104122,31146783,31104122,31146783,31104122,29770,29715,29713,29713,0,0,1901,0,917199513,916301688,4096,4096,0,0,29714,29714,3679098761,3679098782,3679098769,3679098758,0,0,0,0,0,0,0,0,4096,256,131072,4,3|4,0,16777216,262144,64,0,0,0,0,236,0,224,0,59,56,0,1,236,0|884,3727144074,23,14695872,0,0,0,0,0,15588622,0,56,0,1606072797,0,1606072797,0,2080,1597843799,0,12415281,0,0,0,0,0
1785680181153|1055|stationary_30min_formal_r2f_0014_67108864|fixed|674,1378943233,304,6112569,6068943,35222,0,35222,0,748,0,374,0,0,0,5841,5841,2389464,0,4096,0,0,0,374,0,4274129808,0,4274129816,0,0,0,0,0,0,0,0,0,4096,256,131072,4,3|5,0,67108864,262144,256,0,0,0,0,56,0,44,0,14,11,0,1,56,0|892,621720931,24,0,0,2883584,0,2883584,0,8829,0,0,11,0,0,0,0,0,0,0,5517330,0,0,0,0,0
1785680181153|1055|stationary_30min_formal_r2f_0014_67108864|rotating|674,1378943233,560,6192082,6148058,6156484,6148058,6156484,6148058,5929,5917,5917,5917,0,0,378,0,182640048,182463496,4096,4096,0,0,5917,5917,4260863684,4260863993,4260863692,4260864001,0,0,0,0,0,0,0,0,4096,256,131072,4,3|4,0,67108864,262144,256,0,0,0,0,56,0,44,0,14,11,0,1,56,0|892,12983713,24,2938912,0,0,0,0,0,3093828,0,11,0,324419768,0,324419768,0,2080,319476001,0,6929318,0,0,0,0,0
1785680186159|1055|stationary_30min_formal_r2f_0014_67108864|fixed|676,1378943233,304,12325632,12237740,70915,0,70915,0,1506,0,753,0,0,0,11777,11776,4810848,0,4096,0,0,0,753,0,298741449,0,298741457,0,0,0,0,0,0,0,0,0,4096,256,131072,4,3|4,0,67108864,262144,256,0,0,0,0,100,0,88,0,25,22,0,1,100,0|894,942964935,24,0,0,5767168,0,5767168,0,17799,0,0,22,0,0,0,0,0,0,0,5537226,0,0,0,0,0
1785680186159|1055|stationary_30min_formal_r2f_0014_67108864|rotating|676,1378943233,527,12403634,12315261,12332248,12315261,12332248,12315261,11875,11852,11851,11851,0,0,758,0,365821390,365463329,4096,4096,0,0,11852,11852,286086613,286086634,286086629,286086642,0,0,0,0,0,0,0,0,4096,256,131072,4,3|4,0,67108864,262144,256,0,0,0,0,100,0,88,0,25,22,0,1,100,0|894,333773858,24,5877824,0,0,0,0,0,6185542,0,22,0,644475185,0,644475185,0,2080,638686171,0,8355188,0,0,0,0,0
1785680191164|1055|stationary_30min_formal_r2f_0014_67108864|fixed|678,1378943233,304,18543313,18411169,106798,0,106798,0,2268,0,1134,0,0,0,17716,17716,7245080,0,4096,0,0,0,1134,0,619914291,0,619914299,0,0,0,0,0,0,0,0,0,4096,256,131072,4,3|4,0,67108864,262144,256,0,0,0,0,144,0,132,0,36,33,0,1,144,0|896,1263723108,24,0,0,8650752,0,8650752,0,26770,0,0,33,0,0,0,0,0,0,0,5558042,0,0,0,0,0
1785680191164|1055|stationary_30min_formal_r2f_0014_67108864|rotating|678,1378943233,527,18642564,18509817,18535201,18509817,18535201,18509817,17847,17812,17811,17811,0,0,1140,0,549791464,549254392,4096,4096,0,0,17812,17812,607637605,607637610,607637581,607637586,0,0,0,0,0,0,0,0,4096,256,131072,4,3|4,0,67108864,262144,256,0,0,0,0,144,0,132,0,36,33,0,1,144,0|896,655082068,24,8816736,0,0,0,0,0,9282426,0,33,0,965048667,0,965048667,0,2080,958415521,0,9779943,0,0,0,0,0
1785680196164|1055|stationary_30min_formal_r2f_0014_67108864|fixed|680,1378943233,304,24746884,24570500,142492,0,142492,0,3026,0,1513,0,0,0,23649,23649,9666464,0,4096,0,0,0,1513,0,939373695,0,939373703,0,0,0,0,0,0,0,0,0,4096,256,131072,4,3|4,0,67108864,262144,256,0,0,0,0,188,0,176,0,47,44,0,1,188,0|898,1583608153,24,0,0,11534336,0,11534336,0,35693,0,0,44,0,0,0,0,0,0,0,5576380,0,0,0,0,0
1785680196164|1055|stationary_30min_formal_r2f_0014_67108864|rotating|680,1378943233,560,24811671,24634942,24668803,24634942,24668803,24634942,23757,23711,23711,23711,0,0,1517,0,731892288,731176568,4096,4096,0,0,23711,23711,925930017,925930350,925930025,925930358,0,0,0,0,0,0,0,0,4096,256,131072,4,3|4,0,67108864,262144,256,0,0,0,0,188,0,176,0,47,44,0,1,188,0|898,973185423,24,11728084,0,0,0,0,0,12345186,0,44,0,1282424185,0,1282424185,0,2080,1274935235,0,11210316,0,0,0,0,0
1785680201173|1055|stationary_30min_formal_r2f_0014_67108864|fixed|682,1378943233,304,30959137,30738637,178280,0,178280,0,3786,0,1893,0,0,0,29587,29587,12094248,0,4096,0,0,0,1893,0,1259690399,0,1259690407,0,0,0,0,0,0,0,0,0,4096,256,131072,4,3|4,0,67108864,262144,256,0,0,0,0,232,0,220,0,58,55,0,1,232,0|900,1903955642,24,0,0,14417920,0,14417920,0,44640,0,0,55,0,0,0,0,0,0,0,5601179,0,0,0,0,0
1785680201173|1055|stationary_30min_formal_r2f_0014_67108864|rotating|682,1378943233,560,31033414,30812412,30854668,30812412,30854668,30812412,29715,29659,29658,29658,0,0,1898,0,915460688,914563768,4096,4096,0,0,29658,29658,1246784030,1246784339,1246784038,1246784347,0,0,0,0,0,0,0,0,4096,256,131072,4,3|4,0,67108864,262144,256,0,0,0,0,232,0,220,0,58,55,0,1,232,0|900,1294019255,24,14662944,0,0,0,0,0,15435905,0,55,0,1602524302,0,1602524302,0,2080,1594187070,0,12638487,0,0,0,0,0
1785680206205|1055|stationary_30min_formal_r2f_0014_67108864|fixed|684,1378943233,304,37227057,36961276,214534,0,214534,0,4556,0,2278,0,0,0,35577,35577,14554008,0,4096,0,0,0,2278,0,1583601914,0,1583601922,0,0,0,0,0,0,0,0,0,4096,256,131072,4,3|4,0,67108864,262144,256,0,0,0,0,280,0,268,0,70,67,0,1,280,0|902,2227058045,24,0,0,17563648,0,17563648,0,53680,0,0,67,0,0,0,0,0,0,0,5616197,0,0,0,0,0
1785680206205|1055|stationary_30min_formal_r2f_0014_67108864|rotating|684,1378943233,527,37320206,37053922,37105201,37053922,37105201,37053922,35735,35667,35666,35666,0,0,2283,0,1100909096,1099818563,4096,4096,0,0,35666,35666,1571036383,1571036692,1571036391,1571036700,0,0,0,0,0,0,0,0,4096,256,131072,4,3|4,0,67108864,262144,256,0,0,0,0,280,0,268,0,70,67,0,1,280,0|902,1618567401,24,17634784,0,0,0,0,0,18561661,0,67,0,1926329488,0,1926329488,0,2080,1917021025,0,14192832,0,0,0,0,0
1785680211217|1055|stationary_30min_formal_r2f_0014_67108864|fixed|686,1378943233,304,43426647,43116535,250227,0,250227,0,5314,0,2657,0,0,0,41500,41500,16975392,0,4096,0,0,0,2657,0,1903186346,0,1903186354,0,0,0,0,0,0,0,0,0,4096,256,131072,4,3|4,0,67108864,262144,256,0,0,0,0,324,0,312,0,81,78,0,1,324,0|904,2546820489,24,0,0,20447232,0,20447232,0,62627,0,0,78,0,0,0,0,0,0,0,5636225,0,0,0,0,0
1785680211217|1055|stationary_30min_formal_r2f_0014_67108864|rotating|686,1378943233,527,43500022,43189530,43249419,43189530,43249419,43189530,41651,41572,41570,41570,0,0,2661,0,1283155606,1281883705,4096,4096,0,0,41571,41571,1889605789,1889605786,1889605797,1889605794,0,0,0,0,0,0,0,0,4096,256,131072,4,3|4,0,67108864,262144,256,0,0,0,0,324,0,312,0,81,78,0,1,324,0|904,1936758941,24,20542080,0,0,0,0,0,21628231,0,78,0,2243794204,0,2243794204,0,2080,2233630056,0,15622352,0,0,0,0,0
1785680216219|1055|stationary_30min_formal_r2f_0014_67108864|fixed|688,1378943233,304,49636918,49282778,285920,0,285920,0,6072,0,3036,0,0,0,47433,47433,19396840,0,4096,0,0,0,3036,0,2222641124,0,2222641132,0,0,0,0,0,0,0,0,0,4096,256,131072,4,3|4,0,67108864,262144,256,0,0,0,0,368,0,356,0,92,89,0,1,368,0|906,2867902136,24,0,0,23330816,0,23330816,0,71574,0,0,89,0,0,0,0,0,0,0,5660176,0,0,0,0,0
1785680216219|1055|stationary_30min_formal_r2f_0014_67108864|rotating|688,1378943233,527,49724751,49370011,49438264,49370011,49438264,49370011,47609,47519,47517,47517,0,0,3042,0,1466724168,1465273488,4096,4096,0,0,47518,47518,2210459215,2210459236,2210459223,2210459212,0,0,0,0,0,0,0,0,4096,256,131072,4,3|4,0,67108864,262144,256,0,0,0,0,368,0,356,0,92,89,0,1,368,0|906,2258886107,24,23488896,0,0,0,0,0,24732830,0,89,0,2565184666,0,2565184666,0,2080,2554177087,0,17048103,0,0,0,0,0
1785680221227|1055|stationary_30min_formal_r2f_0014_67108864|fixed|690,1378943233,304,55873552,55474968,321897,0,321897,0,6836,0,3418,0,0,0,53391,53391,21837408,0,4096,0,0,0,3418,0,2544675398,0,2544675406,0,0,0,0,0,0,0,0,0,4096,256,131072,4,3|4,0,67108864,262144,256,0,0,0,0,412,0,400,0,103,100,0,1,412,0|908,3188660897,24,0,0,26214400,0,26214400,0,80545,0,0,100,0,0,0,0,0,0,0,5678651,0,0,0,0,0
1785680221227|1055|stationary_30min_formal_r2f_0014_67108864|rotating|690,1378943233,527,55945499,55546560,55623224,55546560,55623224,55546560,53563,53462,53460,53460,0,0,3422,0,1650162625,1648533204,4096,4096,0,0,53461,53461,2531089821,2531089810,2531089829,2531089818,0,0,0,0,0,0,0,0,4096,256,131072,4,3|4,0,67108864,262144,256,0,0,0,0,412,0,400,0,103,100,0,1,412,0|908,2579605592,24,26427808,0,0,0,0,0,27824161,0,100,0,2885169423,0,2885169423,0,2080,2873315816,0,18474754,0,0,0,0,0
1785680226230|1055|stationary_30min_formal_r2f_0014_67108864|fixed|692,1378943233,304,62067431,61624920,357497,0,357497,0,7592,0,3796,0,0,0,59308,59308,24252416,0,4096,0,0,0,3796,0,2863269692,0,2863269700,0,0,0,0,0,0,0,0,0,4096,256,131072,4,3|4,0,67108864,262144,256,0,0,0,0,456,0,444,0,114,111,0,1,456,0|910,3508329890,24,0,0,29097984,0,29097984,0,89468,0,0,111,0,0,0,0,0,0,0,5706398,0,0,0,0,0
1785680226230|1055|stationary_30min_formal_r2f_0014_67108864|rotating|692,1378943233,560,62178333,61735133,61820182,61735133,61820182,61735133,59528,59416,59415,59415,0,0,3803,0,1833977432,1832166736,4096,4096,0,0,59415,59415,2852351364,2852351689,2852351372,2852351697,0,0,0,0,0,0,0,0,4096,256,131072,4,3|4,0,67108864,262144,256,0,0,0,0,456,0,444,0,114,111,0,1,456,0|910,2899303380,24,29350912,0,0,0,0,0,30905155,0,111,0,3204136435,0,3204136435,0,2080,3191435226,0,19899585,0,0,0,0,0
1785680231238|1055|stationary_30min_formal_r2f_0014_67108864|fixed|694,1378943233,304,68288652,67801847,393373,0,393373,0,8354,0,4177,0,0,0,65252,65252,26686560,0,4096,0,0,0,4177,0,3184445219,0,3184445227,0,0,0,0,0,0,0,0,0,4096,256,131072,4,3|4,0,67108864,262144,256,0,0,0,0,500,0,488,0,125,122,0,1,500,0|912,3828300647,24,0,0,31981568,0,31981568,0,98414,0,0,122,0,0,0,0,0,0,0,5725208,0,0,0,0,0
1785680231238|1055|stationary_30min_formal_r2f_0014_67108864|rotating|694,1378943233,527,68352255,67864360,67958409,67864360,67958409,67864360,65439,65315,65313,65313,0,0,4182,0,2016047129,2014043348,4096,4096,0,0,65314,65314,3170737835,3170737824,3170737843,3170737832,0,0,0,0,0,0,0,0,4096,256,131072,4,3|4,0,67108864,262144,256,0,0,0,0,504,0,492,0,126,123,0,1,504,0|912,3217876793,24,32267424,0,0,0,0,0,33973979,0,123,0,3521980720,0,3521980720,0,2080,3508292476,0,21457855,0,0,0,0,0
1785680236244|1055|stationary_30min_formal_r2f_0014_67108864|fixed|696,1378943233,304,74496593,73964714,429256,0,429256,0,9116,0,4558,0,0,0,71186,71186,29120776,0,4096,0,0,0,4558,0,3505054194,0,3505054210,0,0,0,0,0,0,0,0,0,4096,256,131072,4,3|4,0,67108864,262144,256,0,0,0,0,548,0,536,0,137,134,0,1,548,0|914,4148986449,24,0,0,35127296,0,35127296,0,107384,0,0,134,0,0,0,0,0,0,0,5747343,0,0,0,0,0
1785680236244|1055|stationary_30min_formal_r2f_0014_67108864|rotating|696,1378943233,527,74576694,74044429,74147061,74044429,74147061,74044429,71399,71264,71262,71262,0,0,4562,0,2199677256,2197491315,4096,4096,0,0,71263,71263,3491703681,3491703662,3491703689,3491703670,0,0,0,0,0,0,0,0,4096,256,131072,4,3|4,0,67108864,262144,256,0,0,0,0,548,0,536,0,137,134,0,1,548,0|914,3538758163,24,35198432,0,0,0,0,0,37065254,0,134,0,3842129338,0,3842129338,0,2080,3827586783,0,22891092,0,0,0,0,0
1785680241252|1055|stationary_30min_formal_r2f_0014_67108864|fixed|698,1378943233,304,80718306,80142329,465042,0,465042,0,9876,0,4938,0,0,0,77129,77129,31548592,0,4096,0,0,0,4938,0,3825374224,0,3825374232,0,0,0,0,0,0,0,0,0,4096,256,131072,4,3|4,0,67108864,262144,256,0,0,0,0,592,0,580,0,148,145,0,1,592,0|916,174281702,25,0,0,38010880,0,38010880,0,116331,0,0,145,0,0,0,0,0,0,0,5772454,0,0,0,0,0
1785680241252|1055|stationary_30min_formal_r2f_0014_67108864|rotating|698,1378943233,527,80784403,80208019,80318981,80208019,80318981,80208019,77341,77195,77193,77193,0,0,4942,0,2382736340,2380372503,4096,4096,0,0,77194,77194,3811683058,3811683071,3811683066,3811683079,0,0,0,0,0,0,0,0,4096,256,131072,4,3|4,0,67108864,262144,256,0,0,0,0,592,0,580,0,148,145,0,1,592,0|916,3858803728,24,38129440,0,0,0,0,0,40149937,0,145,0,4161442151,0,4161442151,0,2080,4146047083,0,24322531,0,0,0,0,0
1785680246265|1055|stationary_30min_formal_r2f_0014_67108864|fixed|700,1378943233,304,86962925,86342332,501021,0,501021,0,10640,0,5320,0,0,0,83096,83096,33989160,0,4096,0,0,0,5320,0,4147408962,0,4147408970,0,0,0,0,0,0,0,0,0,4096,256,131072,4,3|4,0,67108864,262144,256,0,0,0,0,636,0,624,0,159,156,0,1,636,0|918,496411921,25,0,0,40894464,0,40894464,0,125325,0,0,156,0,0,0,0,0,0,0,5794201,0,0,0,0,0
1785680246265|1055|stationary_30min_formal_r2f_0014_67108864|rotating|700,1378943233,560,87052938,86431879,86551446,86431879,86551446,86431879,83340,83183,83182,83182,0,0,5325,0,2567598488,2565055400,4096,4096,0,0,83182,83182,4134771834,4134772151,4134771842,4134772159,0,0,0,0,0,0,0,0,4096,256,131072,4,3|4,0,67108864,262144,256,0,0,0,0,636,0,624,0,159,156,0,1,636,0|918,4182443588,24,41092064,0,0,0,0,0,43269258,0,156,0,189374059,1,189374059,1,2080,173137603,1,25749633,0,0,0,0,0
1785680251273|1055|stationary_30min_formal_r2f_0014_67108864|fixed|702,1378943233,304,93157430,92492820,536714,0,536714,0,11398,0,5699,0,0,0,89014,89014,36410584,0,4096,0,0,0,5699,0,171899707,0,171899715,0,0,0,0,0,0,0,0,0,4096,256,131072,4,3|4,0,67108864,262144,256,0,0,0,0,680,0,668,0,170,167,0,1,680,0|920,815739282,25,0,0,43778048,0,43778048,0,134249,0,0,167,0,0,0,0,0,0,0,5812617,0,0,0,0,0
1785680251273|1055|stationary_30min_formal_r2f_0014_67108864|rotating|702,1378943233,527,93231559,92566540,92694468,92566540,92694468,92566540,89255,89087,89085,89085,0,0,5703,0,2749813816,2747089664,4096,4096,0,0,89086,89086,158320742,158320715,158320718,158320723,0,0,0,0,0,0,0,0,4096,256,131072,4,3|4,0,67108864,262144,256,0,0,0,0,680,0,668,0,170,167,0,1,680,0|920,205283040,25,43999360,0,0,0,0,0,46331772,0,167,0,506453983,1,506453983,1,2080,489362338,1,27178657,0,0,0,0,0
1785680256285|1055|stationary_30min_formal_r2f_0014_67108864|fixed|704,1378943233,304,99384612,98675993,572500,0,572500,0,12158,0,6079,0,0,0,94964,94964,38838320,0,4096,0,0,0,6079,0,492216422,0,492216430,0,0,0,0,0,0,0,0,0,4096,256,131072,4,3|4,0,67108864,262144,256,0,0,0,0,724,0,712,0,181,178,0,1,724,0|922,1136352683,25,0,0,46661632,0,46661632,0,143194,0,0,178,0,0,0,0,0,0,0,5834482,0,0,0,0,0
1785680256285|1055|stationary_30min_formal_r2f_0014_67108864|rotating|704,1378943233,527,99463455,98754357,98890487,98754357,98890487,98754357,95220,95042,95039,95039,0,0,6084,0,2933603252,2930702224,4096,4096,0,0,95040,95040,479560327,479560332,479560335,479560300,0,0,0,0,0,0,0,0,4096,256,131072,4,3|4,0,67108864,262144,256,0,0,0,0,728,0,716,0,182,179,0,1,728,0|922,527443480,25,46947488,0,0,0,0,0,49435250,0,179,0,827877391,1,827877391,1,2063,809804575,1,28737851,0,0,0,0,0
1785680261289|1055|stationary_30min_formal_r2f_0014_67108864|fixed|706,1378943233,304,105589304,104835526,608380,0,608380,0,12920,0,6460,0,0,0,100897,100897,41272560,0,4096,0,0,0,6460,0,812696918,0,812696926,0,0,0,0,0,0,0,0,0,4096,256,131072,4,3|4,0,67108864,262144,256,0,0,0,0,772,0,760,0,193,190,0,1,772,0|924,1457229758,25,0,0,49807360,0,49807360,0,152165,0,0,190,0,0,0,0,0,0,0,5857550,0,0,0,0,0
1785680261289|1055|stationary_30min_formal_r2f_0014_67108864|rotating|706,1378943233,527,105690829,104936483,105081884,104936483,105081884,104936483,101187,100997,100994,100994,0,0,6466,0,3117428515,3114328806,4096,4096,0,0,100995,100995,800983955,800983936,800983963,800983944,0,0,0,0,0,0,0,0,4096,256,131072,4,3|4,0,67108864,262144,256,0,0,0,0,772,0,760,0,193,190,0,1,772,0|924,848027649,25,49878496,0,0,0,0,0,52521814,0,190,0,1147728808,1,1147728808,1,2080,1128805526,1,30167243,0,0,0,0,0
1785680266295|1055|stationary_30min_formal_r2f_0014_67108864|fixed|708,1378943233,304,111797217,110999277,644167,0,644167,0,13680,0,6840,0,0,0,106836,106836,43700344,0,4096,0,0,0,6840,0,1133136498,0,1133136506,0,0,0,0,0,0,0,0,0,4096,256,131072,4,3|4,0,67108864,262144,256,0,0,0,0,816,0,804,0,204,201,0,1,816,0|926,1777179499,25,0,0,52690944,0,52690944,0,161112,0,0,201,0,0,0,0,0,0,0,5875264,0,0,0,0,0
1785680266295|1055|stationary_30min_formal_r2f_0014_67108864|rotating|708,1378943233,527,111881237,111082789,111236598,111082789,111236598,111082789,107120,106919,106916,106916,0,0,6845,0,3300225528,3296947928,4096,4096,0,0,106917,106917,1120495579,1120495576,1120495571,1120495544,0,0,0,0,0,0,0,0,4096,256,131072,4,3|4,0,67108864,262144,256,0,0,0,0,816,0,804,0,204,201,0,1,816,0|926,1167616734,25,52801600,0,0,0,0,0,55597868,0,201,0,1466587117,1,1466587117,1,2080,1446814887,1,31593420,0,0,0,0,0
1785680271297|1055|stationary_30min_formal_r2f_0014_67108864|fixed|710,1378943233,304,118003269,117160947,679956,0,679956,0,14440,0,7220,0,0,0,112771,112771,46128176,0,4096,0,0,0,7220,0,1453445836,0,1453445844,0,0,0,0,0,0,0,0,0,4096,256,131072,4,3|4,0,67108864,262144,256,0,0,0,0,860,0,848,0,215,212,0,1,860,0|928,2096292418,25,0,0,55574528,0,55574528,0,170036,0,0,212,0,0,0,0,0,0,0,5896986,0,0,0,0,0
1785680271297|1055|stationary_30min_formal_r2f_0014_67108864|rotating|710,1378943233,560,118052450,117209837,117372212,117209837,117372212,117209837,113032,112820,112818,112818,0,0,7223,0,3482380576,3478923216,4096,4096,0,0,112818,112818,1438875137,1438875454,1438875145,1438875462,0,0,0,0,0,0,0,0,4096,256,131072,4,3|4,0,67108864,262144,256,0,0,0,0,860,0,848,0,215,212,0,1,860,0|928,1486201771,25,55716800,0,0,0,0,0,58665471,0,212,0,1784443354,1,1784443354,1,2080,1763825850,1,33014226,0,0,0,0,0
1785680276309|1055|stationary_30min_formal_r2f_0014_67108864|fixed|712,1378943233,304,124219394,123333031,715743,0,715743,0,15200,0,7600,0,0,0,118715,118715,48555960,0,4096,0,0,0,7600,0,1773760365,0,1773760373,0,0,0,0,0,0,0,0,0,4096,256,131072,4,3|4,0,67108864,262144,256,0,0,0,0,904,0,892,0,226,223,0,1,904,0|930,2418001558,25,0,0,58458112,0,58458112,0,179006,0,0,223,0,0,0,0,0,0,0,5914305,0,0,0,0,0
1785680276309|1055|stationary_30min_formal_r2f_0014_67108864|rotating|712,1378943233,560,124284587,123397810,123568466,123397810,123568466,123397810,119003,118780,118778,118778,0,0,7604,0,3666349704,3662712264,4096,4096,0,0,118778,118778,1760425297,1760425614,1760425305,1760425622,0,0,0,0,0,0,0,0,4096,256,131072,4,3|4,0,67108864,262144,256,0,0,0,0,904,0,892,0,226,223,0,1,904,0|930,1807639347,25,58663616,0,0,0,0,0,61760405,0,223,0,2105144226,1,2105144226,1,2080,2083683086,1,34440182,0,0,0,0,0
1785680281309|1055|stationary_30min_formal_r2f_0014_67108864|fixed|714,1378943233,304,130421891,129491368,751532,0,751532,0,15960,0,7980,0,0,0,124647,124647,50983728,0,4096,0,0,0,7980,0,2094075856,0,2094075864,0,0,0,0,0,0,0,0,0,4096,256,131072,4,3|4,0,67108864,262144,256,0,0,0,0,948,0,936,0,237,234,0,1,948,0|932,2738914978,25,0,0,61341696,0,61341696,0,187976,0,0,234,0,0,0,0,0,0,0,5934859,0,0,0,0,0
1785680281309|1055|stationary_30min_formal_r2f_0014_67108864|rotating|714,1378943233,527,130511312,129580320,129759315,129580320,129759315,129580320,124970,124735,124733,124733,0,0,7985,0,3850160703,3846345450,4096,4096,0,0,124733,124733,2081707839,2081708196,2081707847,2081708204,0,0,0,0,0,0,0,0,4096,256,131072,4,3|4,0,67108864,262144,256,0,0,0,0,948,0,936,0,237,234,0,1,948,0|932,2128693013,25,61594624,0,0,0,0,0,64851522,0,234,0,2425465140,1,2425465140,1,2080,2403155977,1,35867131,0,0,0,0,0
1785680286330|1055|stationary_30min_formal_r2f_0014_67108864|fixed|716,1378943233,304,136648458,135673483,787407,0,787407,0,16722,0,8361,0,0,0,130599,130599,53417912,0,4096,0,0,0,8361,0,2415258622,0,2415258630,0,0,0,0,0,0,0,0,0,4096,256,131072,4,3|5,0,67108864,262144,256,0,0,0,0,996,0,984,0,249,246,0,1,996,0|934,3059160495,25,0,0,64487424,0,64487424,0,196946,0,0,246,0,0,0,0,0,0,0,5954410,0,0,0,0,0
1785680286330|1055|stationary_30min_formal_r2f_0014_67108864|rotating|716,1378943233,527,136718279,135742175,135930399,135742175,135930399,135742175,130916,130669,130666,130666,0,0,8366,0,4033317256,4029303584,4096,4096,0,0,130667,130667,2401981935,2401981924,2401981911,2401981932,0,0,0,0,0,0,0,0,4096,256,131072,4,3|4,0,67108864,262144,256,0,0,0,0,996,0,984,0,249,246,0,1,996,0|934,2450084210,25,64534848,0,0,0,0,0,67945758,0,246,0,2746121281,1,2746121281,1,2080,2722824385,1,37431190,0,0,0,0,0
1785680296298|1056|stationary_30min_formal_r2f_0015_4194304|fixed|720,1378943233,304,6124868,6081839,34937,0,34937,0,742,0,371,0,0,0,5808,5808,2370272,0,4096,0,0,0,371,0,3053641088,0,3053641096,0,0,0,0,0,0,0,0,0,4096,256,131072,4,3|5,0,4194304,262144,16,0,0,0,0,56,0,44,0,14,11,0,1,56,0|942,3697222997,25,0,0,2883584,0,2883584,0,8805,0,0,11,0,0,0,0,0,0,0,6867842,0,0,0,0,0
1785680296298|1056|stationary_30min_formal_r2f_0015_4194304|rotating|720,1378943233,527,6207520,6163326,6172110,6163326,6172110,6163326,5899,5887,5886,5886,0,0,376,0,181698666,181518488,4096,4096,0,0,5887,5887,3040624032,3040624053,3040624040,3040624013,0,0,0,0,0,0,0,0,4096,256,131072,4,3|4,0,4194304,262144,16,0,0,0,0,56,0,44,0,14,11,0,1,56,0|942,3088668041,25,2938912,0,0,0,0,0,3111104,0,11,0,324837400,0,324837400,0,2080,318798582,0,8351475,0,0,0,0,0
1785680303981|1057|stationary_30min_formal_r2f_0016_16777216|fixed|724,1378943233,304,6525302,6481054,35222,0,35222,0,748,0,374,0,0,0,5841,5841,2389464,0,4096,0,0,0,374,0,3545354253,0,3545354261,0,0,0,0,0,0,0,0,0,4096,256,131072,4,3|4,0,16777216,262144,64,0,0,0,0,56,0,44,0,14,11,0,1,56,0|950,4189598037,25,0,0,2883584,0,2883584,0,8876,0,0,11,0,0,0,0,0,0,0,4995720,0,0,0,0,0
1785680303981|1057|stationary_30min_formal_r2f_0016_16777216|rotating|724,1378943233,527,6654912,6609963,6619032,6609963,6619032,6609963,11927,11914,5957,5957,0,0,381,0,183905056,183725201,4096,4096,0,0,5958,5958,3534258231,3534258220,3534258183,3534258228,0,0,0,0,0,0,0,0,4096,256,131072,4,3|4,0,16777216,262144,64,0,0,0,0,56,0,44,0,14,11,0,1,56,0|950,3581682327,25,2962624,0,0,0,0,0,3329800,0,11,0,326592761,0,326592761,0,2080,321979515,0,6459133,0,0,0,0,0
1785680308983|1057|stationary_30min_formal_r2f_0016_16777216|fixed|726,1378943233,304,13154238,13065231,70915,0,70915,0,1506,0,753,0,0,0,11774,11774,4810848,0,4096,0,0,0,753,0,3864929431,0,3864929439,0,0,0,0,0,0,0,0,0,4096,256,131072,4,3|4,0,16777216,262144,64,0,0,0,0,100,0,88,0,25,22,0,1,100,0|952,214058385,26,0,0,5767168,0,5767168,0,17799,0,0,22,0,0,0,0,0,0,0,5019527,0,0,0,0,0
1785680308983|1057|stationary_30min_formal_r2f_0016_16777216|rotating|726,1378943233,527,13249172,13159578,13177691,13159578,13177691,13159578,23743,23720,11859,11859,0,0,759,0,366132312,365772843,4096,4096,0,0,11860,11860,3852715604,3852715617,3852715612,3852715625,0,0,0,0,0,0,0,0,4096,256,131072,4,3|4,0,16777216,262144,64,0,0,0,0,100,0,88,0,25,22,0,1,100,0|952,3900593225,25,5885728,0,0,0,0,0,6611428,0,22,0,644772883,0,644772883,0,2080,639315481,0,7880518,0,0,0,0,0
1785680313989|1057|stationary_30min_formal_r2f_0016_16777216|fixed|728,1378943233,304,19792153,19658347,106798,0,106798,0,2268,0,1134,0,0,0,17716,17716,7245080,0,4096,0,0,0,1134,0,4186098906,0,4186098914,0,0,0,0,0,0,0,0,0,4096,256,131072,4,3|4,0,16777216,262144,64,0,0,0,0,144,0,132,0,36,33,0,1,144,0|954,534645913,26,0,0,8650752,0,8650752,0,26746,0,0,33,0,0,0,0,0,0,0,5041074,0,0,0,0,0
1785680313989|1057|stationary_30min_formal_r2f_0016_16777216|rotating|728,1378943233,560,19861605,19727400,19754430,19727400,19754430,19727400,35592,35558,17779,17779,0,0,1138,0,548873288,548334464,4096,4096,0,0,17779,17779,4172066018,4172066351,4172066026,4172066359,0,0,0,0,0,0,0,0,4096,256,131072,4,3|4,0,16777216,262144,64,0,0,0,0,144,0,132,0,36,33,0,1,144,0|954,4219242209,25,8800928,0,0,0,0,0,9890263,0,33,0,962693067,0,962693067,0,2080,956389811,0,9301904,0,0,0,0,0
1785680318989|1057|stationary_30min_formal_r2f_0016_16777216|fixed|730,1378943233,304,26412186,26233741,142492,0,142492,0,3026,0,1513,0,0,0,23648,23648,9666464,0,4096,0,0,0,1513,0,210582025,0,210582033,0,0,0,0,0,0,0,0,0,4096,256,131072,4,3|4,0,16777216,262144,64,0,0,0,0,188,0,176,0,47,44,0,1,188,0|956,854506936,26,0,0,11534336,0,11534336,0,35693,0,0,44,0,0,0,0,0,0,0,5062339,0,0,0,0,0
1785680318989|1057|stationary_30min_formal_r2f_0016_16777216|rotating|730,1378943233,527,26482399,26303556,26339531,26303556,26339531,26303556,47467,47422,23710,23710,0,0,1517,0,731998585,731279900,4096,4096,0,0,23711,23711,197135692,197135705,197135700,197135713,0,0,0,0,0,0,0,0,4096,256,131072,4,3|4,0,16777216,262144,64,0,0,0,0,188,0,176,0,47,44,0,1,188,0|956,244315826,26,11724032,0,0,0,0,0,13180647,0,44,0,1282003204,0,1282003204,0,2080,1274855803,0,10723278,0,0,0,0,0
1785680324001|1057|stationary_30min_formal_r2f_0016_16777216|fixed|732,1378943233,304,33049329,32825984,178374,0,178374,0,3788,0,1894,0,0,0,29590,29590,12100632,0,4096,0,0,0,1894,0,531752605,0,531752613,0,0,0,0,0,0,0,0,0,4096,256,131072,4,3|4,0,16777216,262144,64,0,0,0,0,232,0,220,0,58,55,0,1,232,0|958,1175367192,26,0,0,14417920,0,14417920,0,44663,0,0,55,0,0,0,0,0,0,0,5080656,0,0,0,0,0
1785680324001|1057|stationary_30min_formal_r2f_0016_16777216|rotating|732,1378943233,560,33127719,32903995,32948973,32903995,32948973,32903995,59378,59322,29661,29661,0,0,1898,0,915694392,914796352,4096,4096,0,0,29661,29661,518149611,518149944,518149619,518149952,0,0,0,0,0,0,0,0,4096,256,131072,4,3|4,0,16777216,262144,64,0,0,0,0,232,0,220,0,58,55,0,1,232,0|958,565388411,26,14662944,0,0,0,0,0,16483727,0,55,0,1602341061,0,1602341061,0,2080,1594351801,0,12145760,0,0,0,0,0
1785680333119|1058|stationary_30min_formal_r2f_0017_4194304|fixed|736,1378943233,304,6532324,6488043,35222,0,35222,0,748,0,374,0,0,0,5851,5851,2389464,0,4096,0,0,0,374,0,1114891719,0,1114891727,0,0,0,0,0,0,0,0,0,4096,256,131072,4,3|4,0,4194304,262144,16,0,0,0,0,56,0,44,0,14,11,0,1,56,0|966,1759185217,26,0,0,2883584,0,2883584,0,8876,0,0,11,0,0,0,0,0,0,0,4990834,0,0,0,0,0
1785680333119|1058|stationary_30min_formal_r2f_0017_4194304|rotating|736,1378943233,527,6602047,6557366,6566449,6557366,6566449,6557366,5926,5914,5913,5913,0,0,378,0,182469634,182289864,4096,4096,0,0,5914,5914,1101455740,1101455753,1101455748,1101455729,0,0,0,0,0,0,0,0,4096,256,131072,4,3|4,0,4194304,262144,16,0,0,0,0,56,0,44,0,14,11,0,1,56,0|966,1149851349,26,2954720,0,0,0,0,0,3313323,0,11,0,325224980,0,325224980,0,2080,320610976,0,6458202,0,0,0,0,0
1785680340771|1059|stationary_30min_formal_r2f_0018_4194304|fixed|740,1378943233,304,6179323,6135429,35316,0,35316,0,750,0,375,0,0,0,5859,5859,2395848,0,4096,0,0,0,375,0,1605007906,0,1605007914,0,0,0,0,0,0,0,0,0,4096,256,131072,4,3|4,0,4194304,262144,16,0,0,0,0,56,0,44,0,14,11,0,1,56,0|974,2248599029,26,0,0,2883584,0,2883584,0,8899,0,0,11,0,0,0,0,0,0,0,5089206,0,0,0,0,0
1785680340771|1059|stationary_30min_formal_r2f_0018_4194304|rotating|740,1378943233,527,6255252,6210943,6219559,6210943,6219559,6210943,5944,5932,5931,5931,0,0,379,0,183091864,182911900,4096,4096,0,0,5932,5932,1591545991,1591545980,1591545943,1591545988,0,0,0,0,0,0,0,0,4096,256,131072,4,3|4,0,4194304,262144,16,0,0,0,0,56,0,44,0,14,11,0,1,56,0|974,1638744605,26,2946816,0,0,0,0,0,3126643,0,11,0,325083077,0,325083077,0,2080,320372502,0,6582939,0,0,0,0,0
1785680348422|1060|stationary_30min_formal_r2f_0019_4194304|fixed|744,1378943233,304,6115731,6072081,35222,0,35222,0,748,0,374,0,0,0,5843,5843,2389464,0,4096,0,0,0,374,0,2094577858,0,2094577866,0,0,0,0,0,0,0,0,0,4096,256,131072,4,3|4,0,4194304,262144,16,0,0,0,0,56,0,44,0,14,11,0,1,56,0|982,2738324204,26,0,0,2883584,0,2883584,0,8876,0,0,11,0,0,0,0,0,0,0,5490403,0,0,0,0,0
1785680348422|1060|stationary_30min_formal_r2f_0019_4194304|rotating|744,1378943233,560,6187959,6143903,6152361,6143903,6152361,6143903,5924,5912,5912,5912,0,0,378,0,182485696,182309176,4096,4096,0,0,5912,5912,2081045420,2081045785,2081045436,2081045793,0,0,0,0,0,0,0,0,4096,256,131072,4,3|4,0,4194304,262144,16,0,0,0,0,56,0,44,0,14,11,0,1,56,0|982,2128213180,26,2938912,0,0,0,0,0,3092508,0,11,0,324255156,0,324255156,0,2080,319287793,0,6901778,0,0,0,0,0
1785680356272|1061|stationary_30min_formal_r2f_0020_4194304|fixed|748,1378943233,304,6140498,6096736,34937,0,34937,0,742,0,371,0,0,0,5821,5821,2370272,0,4096,0,0,0,371,0,2596634636,0,2596634644,0,0,0,0,0,0,0,0,0,4096,256,131072,4,3|5,0,4194304,262144,16,0,0,0,0,56,0,44,0,14,11,0,1,56,0|990,3240973202,26,0,0,2883584,0,2883584,0,8829,0,0,11,0,0,0,0,0,0,0,6867639,0,0,0,0,0
1785680356272|1061|stationary_30min_formal_r2f_0020_4194304|rotating|748,1378943233,527,6232609,6187585,6197011,6187585,6197011,6187585,5921,5909,5908,5908,0,0,378,0,182394170,182214325,4096,4096,0,0,5909,5909,2584822208,2584822197,2584822216,2584822205,0,0,0,0,0,0,0,0,4096,256,131072,4,3|4,0,4194304,262144,16,0,0,0,0,56,0,44,0,14,11,0,1,56,0|990,2632227296,26,2938912,0,0,0,0,0,3117128,0,11,0,325406505,0,325406505,0,2080,319363364,0,8355809,0,0,0,0,0
