captured_ms|sequence|label|role|admission_snapshot_words_csv|ps_runtime_words_csv|pl_perf_snapshot_words_csv
1785979270648|1001|stream128_f2r_01|fixed|2,1378943233,16781056,6146380,6062592,6076628,6062592,6076628,6062592,5811,5789,5789,5789,0,0,739,0,178694752,178352760,4096,4096,0,0,5789,5789,359611796,359612145,359611804,359612153,0,0,0,0,0,0,0,0,4096,256,131072,4,15|4,0,134217728,262144,512,0,0,0,0,96,0,84,0,24,21,0,1,96,0|4,1083882670,0,5757952,0,0,0,0,0,6109964,0,21,0,319827460,0,319827460,0,2080,313071893,0,9626450,0,0,0,0,0
1785979270648|1001|stream128_f2r_01|rotating|2,1378943233,33558272,6219465,6134189,70598,0,70598,0,1496,0,748,0,0,0,5857,5857,4778928,4778928,4096,4096,0,0,748,748,344571585,344571585,344571593,344571593,0,0,0,0,0,0,0,0,4096,256,131072,4,15|4,0,134217728,262144,512,0,0,0,0,100,0,88,0,25,22,0,1,100,0|4,390189826,0,0,0,5767168,0,5767168,0,17744,0,0,22,0,0,0,0,0,0,0,6910062,0,0,0,0,0
1785979275648|1001|stream128_f2r_01|fixed|4,1378943233,16777471,12416637,12245793,12275631,12245793,12275631,12245793,11742,11698,11697,11697,0,0,1494,0,361077595,360377446,4096,4096,0,0,11698,11698,679762992,679762989,679763000,679762997,0,0,0,0,0,0,0,0,4096,256,131072,4,15|4,0,134217728,262144,512,0,0,0,0,188,0,176,0,47,44,0,1,188,0|6,1404079799,0,11573856,0,0,0,0,0,12290714,0,44,0,638570613,0,638570613,0,2080,629993842,0,12591027,0,0,0,0,0
1785979275648|1001|stream128_f2r_01|rotating|4,1378943233,33558272,12480740,12308564,141764,0,141764,0,3004,0,1502,0,0,0,11758,11758,9596192,9596192,4096,4096,0,0,1502,1502,664380942,664380942,664380950,664380950,0,0,0,0,0,0,0,0,4096,256,131072,4,15|4,0,134217728,262144,512,0,0,0,0,188,0,176,0,47,44,0,1,188,0|6,710051156,0,0,0,11534336,0,11534336,0,35559,0,0,44,0,0,0,0,0,0,0,6949825,0,0,0,0,0
1785979280657|1001|stream128_f2r_01|fixed|6,1378943233,16779144,18690087,18433518,18477725,18433518,18477725,18433518,17677,17609,17609,17609,0,0,2250,0,543553664,542479760,4096,4096,0,0,17609,17609,1000178410,1000178727,1000178418,1000178743,0,0,0,0,0,0,0,0,4096,256,131072,4,15|4,0,134217728,262144,512,0,0,0,0,276,0,264,0,69,66,0,1,276,0|8,1724659685,0,17404256,0,0,0,0,0,18483352,0,66,0,957692899,0,957692899,0,2080,947430768,0,15427451,0,0,0,0,0
1785979280657|1001|stream128_f2r_01|rotating|6,1378943233,33558272,18775036,18517457,213308,0,213308,0,4520,0,2260,0,0,0,17689,17689,14439016,14439016,4096,4096,0,0,2260,2260,985784555,985784555,985784563,985784563,0,0,0,0,0,0,0,0,4096,256,131072,4,15|4,0,134217728,262144,512,0,0,0,0,276,0,264,0,69,66,0,1,276,0|8,1041215186,0,0,0,17563648,0,17563648,0,53987,0,0,67,0,0,0,0,0,0,0,6993586,0,0,0,0,0
1785979285660|1001|stream128_f2r_01|fixed|8,1378943233,16777471,24968938,24624623,24685220,24624623,24685220,24624623,23613,23523,23522,23522,0,0,3006,0,726100278,724667873,4096,4096,0,0,23523,23523,1320612752,1320612757,1320612760,1320612765,0,0,0,0,0,0,0,0,4096,256,131072,4,15|4,0,134217728,262144,512,0,0,0,0,364,0,352,0,91,88,0,1,364,0|10,2045023672,0,23234656,0,0,0,0,0,24673241,0,88,0,1276599286,0,1276599286,0,2080,1264651949,0,18263721,0,0,0,0,0
1785979285660|1001|stream128_f2r_01|rotating|8,1378943233,33558272,25060726,24715507,284755,0,284755,0,6034,0,3017,0,0,0,23609,23609,19275400,19275400,4096,4096,0,0,3017,3017,1306758213,1306758213,1306758221,1306758221,0,0,0,0,0,0,0,0,4096,256,131072,4,15|4,0,134217728,262144,512,0,0,0,0,364,0,352,0,91,88,0,1,364,0|10,1353024179,0,0,0,23068672,0,23068672,0,71329,0,0,88,0,0,0,0,0,0,0,7034420,0,0,0,0,0
1785979290714|1001|stream128_f2r_01|fixed|10,1378943233,16777471,31328835,30896859,30972920,30896859,30972920,30896859,29625,29513,29512,29512,0,0,3771,0,910997853,909207536,4096,4096,0,0,29513,29513,1645128221,1645128194,1645128229,1645128202,0,0,0,0,0,0,0,0,4096,256,131072,4,15|4,0,134217728,262144,512,0,0,0,0,456,0,444,0,114,111,0,1,456,0|12,2369185430,0,29129600,0,0,0,0,0,30935049,0,111,0,1599287308,0,1599287308,0,2080,1585536889,0,21227146,0,0,0,0,0
1785979290714|1001|stream128_f2r_01|rotating|10,1378943233,33558272,31426661,30992737,357051,0,357051,0,7566,0,3783,0,0,0,29604,29604,24169392,24169392,4096,4096,0,0,3783,3783,1631399853,1631399853,1631399861,1631399861,0,0,0,0,0,0,0,0,4096,256,131072,4,15|4,0,134217728,262144,512,0,0,0,0,456,0,444,0,114,111,0,1,456,0|12,1677859550,0,0,0,29097984,0,29097984,0,89428,0,0,111,0,0,0,0,0,0,0,7088385,0,0,0,0,0
1785979295719|1001|stream128_f2r_01|fixed|12,1378943233,16781056,37581176,37061941,37154095,37061941,37154095,37061941,35537,35402,35402,35402,0,0,4525,0,1092786848,1090622224,4096,4096,0,0,35402,35402,1964350634,1964350967,1964350642,1964350975,0,0,0,0,0,0,0,0,4096,256,131072,4,15|4,0,134217728,262144,512,0,0,0,0,544,0,532,0,136,133,0,1,544,0|14,2688761779,0,34944192,0,0,0,0,0,37109067,0,133,0,1917410009,0,1917410009,0,2080,1901969992,0,24064414,0,0,0,0,0
1785979295719|1001|stream128_f2r_01|rotating|12,1378943233,33558272,37649487,37129386,427839,0,427839,0,9066,0,4533,0,0,0,35466,35466,28961104,28961104,4096,4096,0,0,4533,4533,1949366156,1949366156,1949366164,1949366164,0,0,0,0,0,0,0,0,4096,256,131072,4,15|4,0,134217728,262144,512,0,0,0,0,544,0,532,0,136,133,0,1,544,0|14,1994814176,0,0,0,34865152,0,34865152,0,107054,0,0,133,0,0,0,0,0,0,0,7137063,0,0,0,0,0
1785979300721|1001|stream128_f2r_01|fixed|14,1378943233,16781056,43851687,43245765,43353440,43245765,43353440,43245765,41465,41308,41308,41308,0,0,5279,0,1275091776,1272570312,4096,4096,0,0,41308,41308,2284355776,2284356117,2284355784,2284356125,0,0,0,0,0,0,0,0,4096,256,131072,4,15|4,0,134217728,262144,512,0,0,0,0,632,0,620,0,158,155,0,1,632,0|16,3008589691,0,40758784,0,0,0,0,0,43288952,0,155,0,2235784273,0,2235784273,0,2072,2218657097,0,26899243,0,0,0,0,0
1785979300721|1001|stream128_f2r_01|rotating|14,1378943233,33558272,43927044,43320357,499099,0,499099,0,10576,0,5288,0,0,0,41379,41379,33784744,33784744,4096,4096,0,0,5288,5288,2269478864,2269478864,2269478872,2269478872,0,0,0,0,0,0,0,0,4096,256,131072,4,15|4,0,134217728,262144,512,0,0,0,0,632,0,620,0,158,155,0,1,632,0|16,2315098035,0,0,0,40632320,0,40632320,0,124892,0,0,155,0,0,0,0,0,0,0,7173595,0,0,0,0,0
1785979305727|1001|stream128_f2r_01|fixed|16,1378943233,16777471,50129101,49436238,49559499,49436238,49559499,49436238,47401,47223,47221,47221,0,0,6035,0,1457615425,1454735656,4096,4096,0,0,47222,47222,2604758907,2604758912,2604758915,2604758872,0,0,0,0,0,0,0,0,4096,256,131072,4,15|4,0,134217728,262144,512,0,0,0,0,720,0,708,0,180,177,0,1,720,0|18,3328985357,0,46589184,0,0,0,0,0,49479766,0,177,0,2554722339,0,2554722339,0,2080,2535910684,0,29734786,0,0,0,0,0
1785979305727|1001|stream128_f2r_01|rotating|16,1378943233,33558272,50202411,49508681,570450,0,570450,0,12088,0,6044,0,0,0,47290,47290,38614720,38614720,4096,4096,0,0,6044,6044,2590022052,2590022052,2590022060,2590022060,0,0,0,0,0,0,0,0,4096,256,131072,4,15|4,0,134217728,262144,512,0,0,0,0,720,0,708,0,180,177,0,1,720,0|18,2635159575,0,0,0,46399488,0,46399488,0,142682,0,0,177,0,0,0,0,0,0,0,7224883,0,0,0,0,0
1785979310742|1001|stream128_f2r_01|fixed|18,1378943233,16781056,56411080,55633547,55770032,55633547,55770032,55633547,53346,53146,53145,53145,0,0,6792,0,1640474736,1637237192,4096,4096,0,0,53145,53145,2925709804,2925710137,2925709812,2925710145,0,0,0,0,0,0,0,0,4096,256,131072,4,15|4,0,134217728,262144,512,0,0,0,0,808,0,796,0,202,199,0,1,808,0|20,3650016431,0,52427488,0,0,0,0,0,55676109,0,199,0,2874293837,0,2874293837,0,2080,2853800168,0,32569561,0,0,0,0,0
1785979310742|1001|stream128_f2r_01|rotating|18,1378943233,33558272,56483684,55704722,641894,0,641894,0,13602,0,6801,0,0,0,53213,53213,43451176,43451176,4096,4096,0,0,6801,6801,2910796289,2910796289,2910796305,2910796305,0,0,0,0,0,0,0,0,4096,256,131072,4,15|4,0,134217728,262144,512,0,0,0,0,812,0,800,0,203,200,0,1,812,0|20,2956557819,0,0,0,52428800,0,52428800,0,160592,0,0,200,0,0,0,0,0,0,0,7271450,0,0,0,0,0
1785979315744|1001|stream128_f2r_01|fixed|20,1378943233,16777471,62678692,61814193,61966294,61814193,61966294,61814193,59279,59056,59054,59054,0,0,7548,0,1822885536,1819271984,4096,4096,0,0,59055,59055,3246032564,3246032585,3246032572,3246032545,0,0,0,0,0,0,0,0,4096,256,131072,4,15|4,0,134217728,262144,512,0,0,0,0,900,0,888,0,225,222,0,1,900,0|22,3970440588,0,58251296,0,0,0,0,0,61858762,0,222,0,3193262042,0,3193262042,0,2080,3170950589,0,35532415,0,0,0,0,0
1785979315744|1001|stream128_f2r_01|rotating|20,1378943233,33558272,62746131,61880854,713155,0,713155,0,15112,0,7556,0,0,0,59118,59118,48274856,48274856,4096,4096,0,0,7556,7556,3230907860,3230907860,3230907868,3230907868,0,0,0,0,0,0,0,0,4096,256,131072,4,15|4,0,134217728,262144,512,0,0,0,0,900,0,888,0,225,222,0,1,900,0|22,3276320065,0,0,0,58195968,0,58195968,0,178383,0,0,222,0,0,0,0,0,0,0,7314351,0,0,0,0,0
1785979320747|1001|stream128_f2r_01|fixed|22,1378943233,16777471,68967956,68016082,68184108,68016082,68184108,68016082,65229,64985,64982,64982,0,0,8305,0,2005867820,2001896648,4096,4096,0,0,64983,64983,3567217388,3567217409,3567217396,3567217393,0,0,0,0,0,0,0,0,4096,256,131072,4,15|4,0,134217728,262144,512,0,0,0,0,988,0,976,0,247,244,0,1,988,0|24,4291541204,0,64089600,0,0,0,0,0,68058863,0,244,0,3512903082,0,3512903082,0,2080,3488908618,0,38368187,0,0,0,0,0
1785979320747|1001|stream128_f2r_01|rotating|22,1378943233,33558272,69036883,68084098,784605,0,784605,0,16626,0,8313,0,0,0,65047,65047,53111288,53111288,4096,4096,0,0,8313,8313,3551881050,3551881050,3551881058,3551881058,0,0,0,0,0,0,0,0,4096,256,131072,4,15|4,0,134217728,262144,512,0,0,0,0,988,0,976,0,247,244,0,1,988,0|24,3597565527,0,0,0,63963136,0,63963136,0,196269,0,0,244,0,0,0,0,0,0,0,7352537,0,0,0,0,0
1785979325778|1001|stream128_f2r_01|fixed|24,1378943233,16781056,75254439,74215284,74399141,74215284,74399141,74215284,71172,70906,70904,70904,0,0,9062,0,2188658784,2184329280,4096,4096,0,0,70904,70904,3888052373,3888052706,3888052381,3888052714,0,0,0,0,0,0,0,0,4096,256,131072,4,15|4,0,134217728,262144,512,0,0,0,0,1076,0,1064,0,269,266,0,1,1076,0|26,317369156,1,69927904,0,0,0,0,0,74256841,0,266,0,3832238754,0,3832238754,0,2080,3806561841,0,41203397,0,0,0,0,0
1785979325778|1001|stream128_f2r_01|rotating|24,1378943233,33558272,75329798,74289700,856144,0,856144,0,18142,0,9071,0,0,0,70975,70975,57954040,57954040,4096,4096,0,0,9071,9071,3873283436,3873283436,3873283444,3873283444,0,0,0,0,0,0,0,0,4096,256,131072,4,15|4,0,134217728,262144,512,0,0,0,0,1076,0,1064,0,269,266,0,1,1076,0|26,3918782187,0,0,0,69730304,0,69730304,0,214129,0,0,266,0,0,0,0,0,0,0,7402804,0,0,0,0,0
1785979330778|1001|stream128_f2r_01|fixed|26,1378943233,16781056,81526891,80400323,80600336,80400323,80600336,80400323,77102,76814,76812,76812,0,0,9817,0,2371026944,2366338312,4096,4096,0,0,76812,76812,4208166736,4208167069,4208166744,4208167077,0,0,0,0,0,0,0,0,4096,256,131072,4,15|4,0,134217728,262144,512,0,0,0,0,1164,0,1152,0,291,288,0,1,1164,0|28,637495501,1,75750400,0,0,0,0,0,80442419,0,288,0,4150909475,0,4150909475,0,2048,4123545359,0,44039967,0,0,0,0,0
1785979330778|1001|stream128_f2r_01|rotating|26,1378943233,33558272,81596902,80468878,927401,0,927401,0,19652,0,9826,0,0,0,76878,76878,62777736,62777736,4096,4096,0,0,9826,9826,4193074085,4193074085,4193074093,4193074093,0,0,0,0,0,0,0,0,4096,256,131072,4,15|4,0,134217728,262144,512,0,0,0,0,1168,0,1156,0,292,289,0,1,1168,0|28,4239525845,0,0,0,75759616,0,75759616,0,231992,0,0,289,0,0,0,0,0,0,0,7448241,0,0,0,0,0
1785979335787|1001|stream128_f2r_01|fixed|28,1378943233,16781056,87803119,86589840,86805120,86589840,86805120,86589840,83041,82730,82728,82728,0,0,10574,0,2553641448,2548577944,4096,4096,0,0,82728,82728,233868812,233869177,233868828,233869185,0,0,0,0,0,0,0,0,4096,256,131072,4,15|4,0,134217728,262144,512,0,0,0,0,1256,0,1244,0,314,311,0,1,1256,0|30,958298724,1,81582112,0,0,0,0,0,86633579,0,311,0,175287474,1,175287474,1,2080,146103450,1,47006642,0,0,0,0,0
1785979335787|1001|stream128_f2r_01|rotating|28,1378943233,33558272,87872179,86658163,998756,0,998756,0,21164,0,10582,0,0,0,82793,82793,67607792,67607792,4096,4096,0,0,10582,10582,218777806,218777806,218777814,218777814,0,0,0,0,0,0,0,0,4096,256,131072,4,15|4,0,134217728,262144,512,0,0,0,0,1256,0,1244,0,314,311,0,1,1256,0|30,265804427,1,0,0,81526784,0,81526784,0,249878,0,0,311,0,0,0,0,0,0,0,7493985,0,0,0,0,0
1785979340794|1001|stream128_f2r_01|fixed|30,1378943233,16777471,94082791,92782925,93013437,92782925,93013437,92782925,88979,88646,88643,88643,0,0,11330,0,2736235831,2730813514,4096,4096,0,0,88644,88644,554391076,554391073,554391084,554391081,0,0,0,0,0,0,0,0,4096,256,131072,4,15|4,0,134217728,262144,512,0,0,0,0,1344,0,1332,0,336,333,0,1,1344,0|32,1279385371,1,87420416,0,0,0,0,0,92837421,0,333,0,494914545,1,494914545,1,2080,464047690,1,49842234,0,0,0,0,0
1785979340794|1001|stream128_f2r_01|rotating|30,1378943233,33558272,94177533,92876614,1070395,0,1070395,0,22682,0,11341,0,0,0,88732,88732,72457008,72457008,4096,4096,0,0,11341,11341,540610360,540610360,540610368,540610368,0,0,0,0,0,0,0,0,4096,256,131072,4,15|4,0,134217728,262144,512,0,0,0,0,1344,0,1332,0,336,333,0,1,1344,0|32,587038067,1,0,0,87293952,0,87293952,0,267740,0,0,333,0,0,0,0,0,0,0,7544225,0,0,0,0,0
1785979345802|1001|stream128_f2r_01|fixed|32,1378943233,16777471,100359508,98973356,99218893,98973356,99218893,98973356,94913,94558,94555,94555,0,0,12085,0,2918741640,2912959077,4096,4096,0,0,94556,94556,874737702,874737691,874737678,874737699,0,0,0,0,0,0,0,0,4096,256,131072,4,15|4,0,134217728,262144,512,0,0,0,0,1432,0,1420,0,358,355,0,1,1432,0|34,1599165128,1,93235008,0,0,0,0,0,99016477,0,355,0,813240654,1,813240654,1,2080,780686549,1,52677154,0,0,0,0,0
1785979345802|1001|stream128_f2r_01|rotating|32,1378943233,33558272,100451077,99063759,1141652,0,1141652,0,24192,0,12096,0,0,0,94642,94642,77280592,77280592,4096,4096,0,0,12096,12096,860723168,860723168,860723176,860723176,0,0,0,0,0,0,0,0,4096,256,131072,4,15|4,0,134217728,262144,512,0,0,0,0,1432,0,1420,0,358,355,0,1,1432,0|34,906521277,1,0,0,93061120,0,93061120,0,285530,0,0,355,0,0,0,0,0,0,0,7586961,0,0,0,0,0
1785979350816|1001|stream128_f2r_01|fixed|34,1378943233,16777471,106647125,105173440,105435063,105173440,105435063,105173440,100857,100481,100477,100477,0,0,12842,0,3101537823,3095396818,4096,4096,0,0,100478,100478,1195597860,1195597865,1195597868,1195597873,0,0,0,0,0,0,0,0,4096,256,131072,4,15|4,0,134217728,262144,512,0,0,0,0,1520,0,1508,0,380,377,0,1,1520,0|36,1920665207,1,99089120,0,0,0,0,0,105229161,0,377,0,1133277205,1,1133277205,1,2080,1099044782,1,55511627,0,0,0,0,0
1785979350816|1001|stream128_f2r_01|rotating|34,1378943233,33558272,106733213,105257821,1213096,0,1213096,0,25706,0,12853,0,0,0,100559,100559,82117048,82117048,4096,4096,0,0,12853,12853,1181497003,1181497003,1181497019,1181497019,0,0,0,0,0,0,0,0,4096,256,131072,4,15|4,0,134217728,262144,512,0,0,0,0,1524,0,1512,0,381,378,0,1,1524,0|36,1227659195,1,0,0,99090432,0,99090432,0,303416,0,0,378,0,0,0,0,0,0,0,7644944,0,0,0,0,0
1785979355820|1001|stream128_f2r_01|fixed|36,1378943233,16780339,112924450,111363964,111641040,111363964,111641040,111363964,106793,106395,106392,106392,0,0,13598,0,3284100262,3277600280,4096,4096,0,0,106393,106393,1516057828,1516057841,1516057836,1516039808,0,0,0,0,0,0,0,0,4096,256,131072,4,15|4,0,134217728,262144,512,0,0,0,0,1612,0,1600,0,403,400,0,1,1612,0|38,2240592650,1,104905024,0,0,0,0,0,111406251,0,400,0,1451750672,1,1451750672,1,2080,1415697498,1,58475751,0,0,0,0,0
1785979355820|1001|stream128_f2r_01|rotating|36,1378943233,33558272,113011504,111449260,1284452,0,1284452,0,27218,0,13609,0,0,0,106474,106474,86947128,86947128,4096,4096,0,0,13609,13609,1502039746,1502039746,1502039754,1502039754,0,0,0,0,0,0,0,0,4096,256,131072,4,15|4,0,134217728,262144,512,0,0,0,0,1612,0,1600,0,403,400,0,1,1612,0|38,1548277933,1,0,0,104857600,0,104857600,0,321255,0,0,400,0,0,0,0,0,0,0,7696702,0,0,0,0,0
1785979360828|1001|stream128_f2r_01|fixed|38,1378943233,16777471,119199614,117551228,117844848,117551228,117844848,117551228,112727,112306,112302,112302,0,0,14354,0,3466547856,3459672345,4096,4096,0,0,112303,112303,1836424511,1836424508,1836424503,1836424516,0,0,0,0,0,0,0,0,4096,256,131072,4,15|4,0,134217728,262144,512,0,0,0,0,1700,0,1688,0,425,422,0,1,1700,0|40,2560141208,1,110711712,0,0,0,0,0,117580665,0,422,0,1769847558,1,1769847558,1,2080,1732107358,1,61308750,0,0,0,0,0
1785979360828|1001|stream128_f2r_01|rotating|38,1378943233,33558272,119252410,117603459,1355335,0,1355335,0,28720,0,14360,0,0,0,112352,112352,91745216,91745216,4096,4096,0,0,14360,14360,1820431548,1820431548,1820431556,1820431556,0,0,0,0,0,0,0,0,4096,256,131072,4,15|4,0,134217728,262144,512,0,0,0,0,1700,0,1688,0,425,422,0,1,1700,0|40,1866717083,1,0,0,110624768,0,110624768,0,338975,0,0,422,0,0,0,0,0,0,0,7744534,0,0,0,0,0
1785979365837|1001|stream128_f2r_01|fixed|40,1378943233,16781056,125481346,123745555,124055224,123745555,124055224,123745555,118665,118222,118219,118219,0,0,15110,0,3649174936,3641940704,4096,4096,0,0,118219,118219,2156976635,2156976992,2156976643,2156977000,0,0,0,0,0,0,0,0,4096,256,131072,4,15|4,0,134217728,262144,512,0,0,0,0,1788,0,1776,0,447,444,0,1,1788,0|42,2881494418,1,116557920,0,0,0,0,0,123790017,0,444,0,2089739216,1,2089739216,1,2080,2050319607,1,64142617,0,0,0,0,0
1785979365837|1001|stream128_f2r_01|rotating|40,1378943233,33558272,125587309,123850489,1427253,0,1427253,0,30244,0,15122,0,0,0,118319,118319,96613528,96613528,4096,4096,0,0,15122,15122,2143551704,2143551704,2143551712,2143551712,0,0,0,0,0,0,0,0,4096,256,131072,4,15|4,0,134217728,262144,512,0,0,0,0,1788,0,1776,0,447,444,0,1,1788,0|42,2189801117,1,0,0,116391936,0,116391936,0,356953,0,0,444,0,0,0,0,0,0,0,7790302,0,0,0,0,0
1785979370837|1001|stream128_f2r_01|fixed|42,1378943233,16777471,131755065,129934026,130257684,129934026,130257684,129934026,124598,124134,124129,124129,0,0,15865,0,3831606645,3824013768,4096,4096,0,0,124130,124130,2477218046,2477218067,2477218054,2477218059,0,0,0,0,0,0,0,0,4096,256,131072,4,15|4,0,134217728,262144,512,0,0,0,0,1876,0,1864,0,469,466,0,1,1876,0|44,3201398797,1,122380416,0,0,0,0,0,129970901,0,466,0,2408187971,1,2408187971,1,2080,2367082680,1,66977666,0,0,0,0,0
1785979370837|1001|stream128_f2r_01|rotating|42,1378943233,33558272,131835683,130013647,1498319,0,1498319,0,31750,0,15875,0,0,0,124205,124205,101424424,101424424,4096,4096,0,0,15875,15875,2462805127,2462805127,2462805135,2462805135,0,0,0,0,0,0,0,0,4096,256,131072,4,15|5,0,134217728,262144,512,0,0,0,0,1880,0,1868,0,470,467,0,1,1880,0|44,2508576162,1,0,0,122421248,0,122421248,0,374698,0,0,467,0,0,0,0,0,0,0,7839509,0,0,0,0,0
1785979375842|1001|stream128_f2r_01|fixed|44,1378943233,16781056,138032442,136124319,136463713,136124319,136463713,136124319,130531,130045,130041,130041,0,0,16621,0,4014095688,4006144160,4096,4096,0,0,130041,130041,2797524363,2797524712,2797524371,2797524720,0,0,0,0,0,0,0,0,4096,256,131072,4,15|4,0,134217728,262144,512,0,0,0,0,1968,0,1956,0,492,489,0,1,1968,0|46,3521710477,1,128204224,0,0,0,0,0,136157412,0,489,0,2727043699,1,2727043699,1,2069,2684119903,1,69941241,0,0,0,0,0
1785979375842|1001|stream128_f2r_01|rotating|44,1378943233,33558272,138098272,136188727,1569485,0,1569485,0,33258,0,16629,0,0,0,130103,130103,106241680,106241680,4096,4096,0,0,16629,16629,2782289685,2782289685,2782289693,2782289693,0,0,0,0,0,0,0,0,4096,256,131072,4,15|4,0,134217728,262144,512,0,0,0,0,1968,0,1956,0,492,489,0,1,1968,0|46,2827862373,1,0,0,128188416,0,128188416,0,392489,0,0,489,0,0,0,0,0,0,0,7888916,0,0,0,0,0
1785979380855|1001|stream128_f2r_01|fixed|46,1378943233,16777471,144316014,142319747,142675836,142319747,142675836,142319747,136473,135964,135959,135959,0,0,17378,0,4196794359,4188468418,4096,4096,0,0,135960,135960,3118346232,3118346237,3118346240,3118346245,0,0,0,0,0,0,0,0,4096,256,131072,4,15|4,0,134217728,262144,512,0,0,0,0,2048,0,2044,0,512,511,0,1,2048,0|48,3842919180,1,134042528,0,0,0,0,0,142363601,0,511,0,3046792826,1,3046792826,1,2080,3002187723,1,72775309,0,0,0,0,0
1785979380855|1001|stream128_f2r_01|rotating|46,1378943233,33558272,144386216,142388997,1640936,0,1640936,0,34772,0,17386,0,0,0,136026,136026,111078152,111078152,4096,4096,0,0,17386,17386,3103261172,3103261172,3103261180,3103261180,0,0,0,0,0,0,0,0,4096,256,131072,4,15|4,0,134217728,262144,512,0,0,0,0,2048,0,2044,0,512,511,0,1,2048,0|48,3148903376,1,0,0,133955584,0,133955584,0,410352,0,0,511,0,0,0,0,0,0,0,7926178,0,0,0,0,0
1785979386787|1002|stream128_f2r_02|fixed|50,1378943233,16777471,6150777,6065614,6081025,6065614,6081025,6065614,5815,5794,5792,5792,0,0,739,0,178798376,178455545,4096,4096,0,0,5793,5793,3498056730,3498056695,3498056706,3498056703,0,0,0,0,0,0,0,0,4096,256,131072,4,15|4,0,134217728,262144,512,0,0,0,0,96,0,84,0,24,21,0,1,96,0|56,4222304617,1,5757952,0,0,0,0,0,6113385,0,21,0,319998619,0,319998619,0,2051,313243451,0,9626021,0,0,0,0,0
1785979386787|1002|stream128_f2r_02|rotating|50,1378943233,33558272,6215113,6128473,70598,0,70598,0,1496,0,748,0,0,0,5852,5852,4778928,4778928,4096,4096,0,0,748,748,3482824645,3482824645,3482824653,3482824653,0,0,0,0,0,0,0,0,4096,256,131072,4,15|4,0,134217728,262144,512,0,0,0,0,100,0,88,0,25,22,0,1,100,0|56,3528318575,1,0,0,5767168,0,5767168,0,17744,0,0,22,0,0,0,0,0,0,0,6899733,0,0,0,0,0
1785979391800|1002|stream128_f2r_02|fixed|52,1378943233,16777471,12429981,12256900,12288785,12256900,12288785,12256900,11755,11711,11709,11709,0,0,1496,0,361450431,360731194,4096,4096,0,0,11710,11710,3818783298,3818783311,3818783306,3818783319,0,0,0,0,0,0,0,0,4096,256,131072,4,15|4,0,134217728,262144,512,0,0,0,0,188,0,176,0,47,44,0,1,188,0|58,248183820,2,11589664,0,0,0,0,0,12306650,0,44,0,639387190,0,639387190,0,2080,630815758,0,12589052,0,0,0,0,0
1785979391800|1002|stream128_f2r_02|rotating|52,1378943233,33558272,12522624,12348499,142238,0,142238,0,3014,0,1507,0,0,0,11797,11797,9628168,9628168,4096,4096,0,0,1507,1507,3804781325,3804781325,3804781333,3804781333,0,0,0,0,0,0,0,0,4096,256,131072,4,15|4,0,134217728,262144,512,0,0,0,0,188,0,176,0,47,44,0,1,188,0|58,3851061390,1,0,0,11534336,0,11534336,0,35701,0,0,44,0,0,0,0,0,0,0,6946438,0,0,0,0,0
1785979396802|1002|stream128_f2r_02|fixed|54,1378943233,16777471,18701010,18441328,18488554,18441328,18488554,18441328,17687,17621,17618,17618,0,0,2251,0,543836781,542758264,4096,4096,0,0,17619,17619,4138931479,4138931444,4138931487,4138931452,0,0,0,0,0,0,0,0,4096,256,131072,4,15|4,0,134217728,262144,512,0,0,0,0,276,0,264,0,69,66,0,1,276,0|60,568395606,2,17412160,0,0,0,0,0,18492180,0,66,0,958143352,0,958143352,0,2080,947886218,0,15424121,0,0,0,0,0
1785979396802|1002|stream128_f2r_02|rotating|54,1378943233,33558272,18776339,18515724,213308,0,213308,0,4520,0,2260,0,0,0,17689,17689,14439016,14439016,4096,4096,0,0,2260,2260,4124034755,4124034755,4124034763,4124034763,0,0,0,0,0,0,0,0,4096,256,131072,4,15|4,0,134217728,262144,512,0,0,0,0,276,0,264,0,69,66,0,1,276,0|60,4169835891,1,0,0,17301504,0,17301504,0,53445,0,0,66,0,0,0,0,0,0,0,6992244,0,0,0,0,0
1785979401815|1002|stream128_f2r_02|fixed|56,1378943233,16781056,24986940,24640154,24703034,24640154,24703034,24640154,23629,23541,23539,23539,0,0,3008,0,726603432,725166296,4096,4096,0,0,23539,23539,164752901,164753218,164752909,164753226,0,0,0,0,0,0,0,0,4096,256,131072,4,15|4,0,134217728,262144,512,0,0,0,0,364,0,352,0,91,88,0,1,364,0|62,889356611,2,23250464,0,0,0,0,0,24693403,0,88,0,1277644781,0,1277644781,0,2077,1265705763,0,18258766,0,0,0,0,0
1785979401815|1002|stream128_f2r_02|rotating|56,1378943233,33558272,25065371,24717876,284755,0,284755,0,6034,0,3017,0,0,0,23613,23613,19275400,19275400,4096,4096,0,0,3017,3017,150039504,150039504,150039512,150039512,0,0,0,0,0,0,0,0,4096,256,131072,4,15|4,0,134217728,262144,512,0,0,0,0,364,0,352,0,91,88,0,1,364,0|62,195705120,2,0,0,23068672,0,23068672,0,71305,0,0,88,0,0,0,0,0,0,0,7040090,0,0,0,0,0
1785979406828|1002|stream128_f2r_02|fixed|58,1378943233,16777471,31274611,30840265,30919258,30840265,30919258,30840265,29574,29463,29460,29460,0,0,3765,0,909380576,907585136,4096,4096,0,0,29461,29461,485593145,485593110,485593097,485593118,0,0,0,0,0,0,0,0,4096,256,131072,4,15|4,0,134217728,262144,512,0,0,0,0,452,0,440,0,113,110,0,1,452,0|64,1210005480,2,29088768,0,0,0,0,0,30889540,0,110,0,1596834074,0,1596834074,0,2048,1583212162,0,21094421,0,0,0,0,0
1785979406828|1002|stream128_f2r_02|rotating|58,1378943233,33558272,31347325,30911423,356199,0,356199,0,7548,0,3774,0,0,0,29528,29528,24111864,24111864,4096,4096,0,0,3774,3774,470688773,470688773,470688781,470688781,0,0,0,0,0,0,0,0,4096,256,131072,4,15|4,0,134217728,262144,512,0,0,0,0,456,0,444,0,114,111,0,1,456,0|64,516413930,2,0,0,29097984,0,29097984,0,89168,0,0,111,0,0,0,0,0,0,0,7087309,0,0,0,0,0
1785979411836|1002|stream128_f2r_02|fixed|60,1378943233,16781056,37556883,37035507,37130086,37035507,37130086,37035507,35514,35380,35378,35378,0,0,4522,0,1092050232,1089878584,4096,4096,0,0,35378,35378,806214208,806192797,806214216,806192805,0,0,0,0,0,0,0,0,4096,256,131072,4,15|4,0,134217728,262144,512,0,0,0,0,544,0,532,0,136,133,0,1,544,0|66,1530460790,2,34912576,0,0,0,0,0,37077827,0,133,0,1915833432,0,1915833432,0,2056,1900393265,0,24057746,0,0,0,0,0
1785979411836|1002|stream128_f2r_02|rotating|60,1378943233,33558272,37621667,37099423,427459,0,427459,0,9058,0,4529,0,0,0,35439,35439,28935520,28935520,4096,4096,0,0,4529,4529,790926669,790926669,790926677,790926677,0,0,0,0,0,0,0,0,4096,256,131072,4,15|4,0,134217728,262144,512,0,0,0,0,544,0,532,0,136,133,0,1,544,0|66,836542514,2,0,0,34865152,0,34865152,0,106983,0,0,133,0,0,0,0,0,0,0,7136861,0,0,0,0,0
1785979416836|1002|stream128_f2r_02|fixed|62,1378943233,16777471,43822596,43214149,43324633,43214149,43324633,43214149,41439,41282,41279,41279,0,0,5276,0,1274211812,1271680447,4096,4096,0,0,41280,41280,1126102321,1126102326,1126102329,1126102334,0,0,0,0,0,0,0,0,4096,256,131072,4,15|4,0,134217728,262144,512,0,0,0,0,632,0,620,0,158,155,0,1,632,0|68,1850369894,2,40727168,0,0,0,0,0,43259444,0,155,0,2234288888,0,2234288888,0,2080,2217163120,0,26891017,0,0,0,0,0
1785979416836|1002|stream128_f2r_02|rotating|62,1378943233,33558272,43895787,43286568,498721,0,498721,0,10568,0,5284,0,0,0,41348,41348,33759168,33759168,4096,4096,0,0,5284,5284,1111037827,1111037827,1111037835,1111037835,0,0,0,0,0,0,0,0,4096,256,131072,4,15|4,0,134217728,262144,512,0,0,0,0,632,0,620,0,158,155,0,1,632,0|68,1156740893,2,0,0,40632320,0,40632320,0,124798,0,0,155,0,0,0,0,0,0,0,7184129,0,0,0,0,0
1785979421838|1002|stream128_f2r_02|fixed|64,1378943233,16777471,50097117,49401233,49527893,49401233,49527893,49401233,47370,47191,47188,47188,0,0,6031,0,1456629628,1453739047,4096,4096,0,0,47189,47189,1446294516,1446294513,1446294524,1446294529,0,0,0,0,0,0,0,0,4096,256,131072,4,15|4,0,134217728,262144,512,0,0,0,0,720,0,708,0,180,177,0,1,720,0|70,2170610705,2,46557568,0,0,0,0,0,49447371,0,177,0,2553072099,0,2553072099,0,2080,2534261248,0,29727164,0,0,0,0,0
1785979421838|1002|stream128_f2r_02|rotating|64,1378943233,33558272,50175745,49478881,570075,0,570075,0,12080,0,6040,0,0,0,47262,47262,38589200,38589200,4096,4096,0,0,6040,6040,1431581638,1431581638,1431581646,1431581646,0,0,0,0,0,0,0,0,4096,256,131072,4,15|4,0,134217728,262144,512,0,0,0,0,720,0,708,0,180,177,0,1,720,0|70,1477294538,2,0,0,46399488,0,46399488,0,142635,0,0,177,0,0,0,0,0,0,0,7224499,0,0,0,0,0
1785979426848|1002|stream128_f2r_02|fixed|66,1378943233,16777471,56402397,55621269,55761537,55621269,55761537,55621269,53332,53131,53128,53128,0,0,6790,0,1639984700,1636734664,4096,4096,0,0,53129,53129,1768125562,1768125591,1768125570,1768125559,0,0,0,0,0,0,0,0,4096,256,131072,4,15|4,0,134217728,262144,512,0,0,0,0,808,0,796,0,202,199,0,1,808,0|72,2492422935,2,52411680,0,0,0,0,0,55665350,0,199,0,2873420801,0,2873420801,0,2080,2852930488,0,32562781,0,0,0,0,0
1785979426848|1002|stream128_f2r_02|rotating|66,1378943233,33558272,56472094,55690109,641610,0,641610,0,13596,0,6798,0,0,0,53194,53194,43432008,43432008,4096,4096,0,0,6798,6798,1752984449,1752984449,1752984457,1752984457,0,0,0,0,0,0,0,0,4096,256,131072,4,15|5,0,134217728,262144,512,0,0,0,0,812,0,800,0,203,200,0,1,812,0|72,1798377715,2,0,0,52428800,0,52428800,0,160521,0,0,200,0,0,0,0,0,0,0,7268524,0,0,0,0,0
1785979431860|1002|stream128_f2r_02|fixed|68,1378943233,16781056,62664142,61797057,61952122,61797057,61952122,61797057,59252,59029,59027,59027,0,0,7544,0,1822048712,1818440656,4096,4096,0,0,59027,59027,2087701873,2087702214,2087701881,2087702222,0,0,0,0,0,0,0,0,4096,256,131072,4,15|4,0,134217728,262144,512,0,0,0,0,900,0,888,0,225,222,0,1,900,0|74,2811932049,2,58219680,0,0,0,0,0,61835775,0,222,0,3191477915,0,3191477915,0,2080,3169165969,0,35526090,0,0,0,0,0
1785979431860|1002|stream128_f2r_02|rotating|68,1378943233,33558272,62736573,61867833,712872,0,712872,0,15106,0,7553,0,0,0,59095,59095,48255672,48255672,4096,4096,0,0,7553,7553,2072898506,2072898506,2072898514,2072898514,0,0,0,0,0,0,0,0,4096,256,131072,4,15|4,0,134217728,262144,512,0,0,0,0,900,0,888,0,225,222,0,1,900,0|74,2118469934,2,0,0,58195968,0,58195968,0,178336,0,0,222,0,0,0,0,0,0,0,7317401,0,0,0,0,0
1785979436869|1002|stream128_f2r_02|fixed|70,1378943233,16781056,68942533,67988952,68159158,67988952,68159158,67988952,65189,64943,64941,64941,0,0,8300,0,2004602736,2000619632,4096,4096,0,0,64941,64941,2408259957,2408260282,2408259965,2408260290,0,0,0,0,0,0,0,0,4096,256,131072,4,15|4,0,134217728,262144,512,0,0,0,0,988,0,976,0,247,244,0,1,988,0|76,3132549338,2,64050080,0,0,0,0,0,68031334,0,244,0,3510637604,0,3510637604,0,2080,3486642951,0,38359861,0,0,0,0,0
1785979436869|1002|stream128_f2r_02|rotating|70,1378943233,33558272,69018319,68063686,784227,0,784227,0,16618,0,8309,0,0,0,65012,65012,53085720,53085720,4096,4096,0,0,8309,8309,2393439893,2393439893,2393439909,2393439909,0,0,0,0,0,0,0,0,4096,256,131072,4,15|4,0,134217728,262144,512,0,0,0,0,988,0,976,0,247,244,0,1,988,0|76,2439006805,2,0,0,63963136,0,63963136,0,196151,0,0,244,0,0,0,0,0,0,0,7364522,0,0,0,0,0
1785979441884|1002|stream128_f2r_02|fixed|72,1378943233,16777471,75235955,74194353,74381035,74194353,74381035,74194353,71139,70871,70868,70868,0,0,9058,0,2187583328,2183242274,4096,4096,0,0,70869,70869,2729446458,2729446447,2729446426,2729446455,0,0,0,0,0,0,0,0,4096,256,131072,4,15|4,0,134217728,262144,512,0,0,0,0,1076,0,1064,0,269,266,0,1,1076,0|78,3453793449,2,69896288,0,0,0,0,0,74238137,0,266,0,3830420163,0,3830420163,0,2080,3804745371,0,41194458,0,0,0,0,0
1785979441884|1002|stream128_f2r_02|rotating|72,1378943233,33558272,75308706,74266545,855676,0,855676,0,18132,0,9066,0,0,0,70937,70937,57922136,57922136,4096,4096,0,0,9066,9066,2714411918,2714411918,2714411926,2714411926,0,0,0,0,0,0,0,0,4096,256,131072,4,15|4,0,134217728,262144,512,0,0,0,0,1076,0,1064,0,269,266,0,1,1076,0|78,2761402743,2,0,0,69730304,0,69730304,0,214106,0,0,266,0,0,0,0,0,0,0,7406875,0,0,0,0,0
1785979446884|1002|stream128_f2r_02|fixed|74,1378943233,16777471,81505529,80376260,80579445,80376260,80579445,80376260,77067,76777,76774,76774,0,0,9812,0,2369868085,2365168328,4096,4096,0,0,76775,76775,3049422191,3049422188,3049422199,3049422196,0,0,0,0,0,0,0,0,4096,256,131072,4,15|4,0,134217728,262144,512,0,0,0,0,1164,0,1152,0,291,288,0,1,1164,0|80,3773498950,2,75710880,0,0,0,0,0,80415084,0,288,0,4148672016,0,4148672016,0,2080,4121310222,0,44029130,0,0,0,0,0
1785979446884|1002|stream128_f2r_02|rotating|74,1378943233,33558272,81565858,80435873,926742,0,926742,0,19638,0,9819,0,0,0,76831,76831,62732968,62732968,4096,4096,0,0,9819,9819,3033664930,3033664930,3033664938,3033664938,0,0,0,0,0,0,0,0,4096,256,131072,4,15|4,0,134217728,262144,512,0,0,0,0,1164,0,1152,0,291,288,0,1,1164,0|80,3079790514,2,0,0,75759616,0,75759616,0,231850,0,0,289,0,0,0,0,0,0,0,7450536,0,0,0,0,0
1785979451895|1002|stream128_f2r_02|fixed|76,1378943233,16777471,87782981,86566961,86785548,86566961,86785548,86566961,83006,82695,82691,82691,0,0,10568,0,2552514238,2547456432,4096,4096,0,0,82692,82692,3370018650,3370018671,3370018658,3370018639,0,0,0,0,0,0,0,0,4096,256,131072,4,15|4,0,134217728,262144,512,0,0,0,0,1256,0,1244,0,314,311,0,1,1256,0|82,4094387585,2,81542592,0,0,0,0,0,86608191,0,311,0,173135427,1,173135427,1,2080,143957624,1,46991906,0,0,0,0,0
1785979451895|1002|stream128_f2r_02|rotating|76,1378943233,33558272,87853957,86636491,998283,0,998283,0,21154,0,10577,0,0,0,82758,82758,67575808,67575808,4096,4096,0,0,10577,10577,3354867732,3354867732,3354867740,3354867740,0,0,0,0,0,0,0,0,4096,256,131072,4,15|4,0,134217728,262144,512,0,0,0,0,1256,0,1244,0,314,311,0,1,1256,0|82,3400423600,2,0,0,81526784,0,81526784,0,249665,0,0,311,0,0,0,0,0,0,0,7491929,0,0,0,0,0
1785979456904|1002|stream128_f2r_02|fixed|78,1378943233,16777471,94061331,92758109,92992450,92758109,92992450,92758109,88943,88609,88605,88605,0,0,11325,0,2735084112,2729650825,4096,4096,0,0,88606,88606,3690601018,3690601023,3690600978,3690601031,0,0,0,0,0,0,0,0,4096,256,131072,4,15|4,0,134217728,262144,512,0,0,0,0,1344,0,1332,0,336,333,0,1,1344,0|84,119953265,3,87372992,0,0,0,0,0,92800965,0,333,0,492210803,1,492210803,1,2080,461347570,1,49828400,0,0,0,0,0
1785979456904|1002|stream128_f2r_02|rotating|78,1378943233,33558272,94135554,92831573,1069734,0,1069734,0,22668,0,11334,0,0,0,88675,88675,72412280,72412280,4096,4096,0,0,11334,11334,3675841618,3675841618,3675841626,3675841626,0,0,0,0,0,0,0,0,4096,256,131072,4,15|4,0,134217728,262144,512,0,0,0,0,1344,0,1332,0,336,333,0,1,1344,0|84,3721446446,2,0,0,87293952,0,87293952,0,267551,0,0,333,0,0,0,0,0,0,0,7540348,0,0,0,0,0
1785979461915|1002|stream128_f2r_02|fixed|80,1378943233,16781056,100348864,98958793,99208532,98958793,99208532,98958793,94887,94532,94528,94528,0,0,12082,0,2917893752,2912101432,4096,4096,0,0,94528,94528,4011471756,4011472097,4011471772,4011472105,0,0,0,0,0,0,0,0,4096,256,131072,4,15|4,0,134217728,262144,512,0,0,0,0,1432,0,1420,0,358,355,0,1,1432,0|86,440843430,3,93211296,0,0,0,0,0,99001933,0,355,0,811641392,1,811641392,1,2080,779096581,1,52662739,0,0,0,0,0
1785979461915|1002|stream128_f2r_02|rotating|80,1378943233,33558272,100417838,99027037,1141087,0,1141087,0,24180,0,12090,0,0,0,94593,94593,77242312,77242312,4096,4096,0,0,12090,12090,3996383601,3996383601,3996383609,3996383609,0,0,0,0,0,0,0,0,4096,256,131072,4,15|4,0,134217728,262144,512,0,0,0,0,1432,0,1420,0,358,355,0,1,1432,0|86,4042078686,2,0,0,93061120,0,93061120,0,285389,0,0,355,0,0,0,0,0,0,0,7586972,0,0,0,0,0
1785979466917|1002|stream128_f2r_02|fixed|82,1378943233,16777471,106618063,105142098,105406566,105142098,105406566,105142098,100815,100438,100433,100433,0,0,12836,0,3100173836,3094022271,4096,4096,0,0,100434,100434,36480890,36480903,36480906,36480919,0,0,0,0,0,0,0,0,4096,256,131072,4,15|4,0,134217728,262144,512,0,0,0,0,1520,0,1508,0,380,377,0,1,1520,0|88,760770115,3,99025888,0,0,0,0,0,105183732,0,377,0,1130114429,1,1130114429,1,2080,1095881497,1,55498530,0,0,0,0,0
1785979466917|1002|stream128_f2r_02|rotating|82,1378943233,33558272,106694267,105217473,1212343,0,1212343,0,25690,0,12845,0,0,0,100505,100505,82065904,82065904,4096,4096,0,0,12845,12845,21529975,21529975,21529983,21529983,0,0,0,0,0,0,0,0,4096,256,131072,4,15|4,0,134217728,262144,512,0,0,0,0,1520,0,1508,0,380,377,0,1,1520,0|88,67062210,3,0,0,98828288,0,98828288,0,303179,0,0,377,0,0,0,0,0,0,0,7627834,0,0,0,0,0
1785979471923|1002|stream128_f2r_02|fixed|84,1378943233,16777471,112900973,111337442,111618032,111337442,111618032,111337442,106756,106357,106352,106352,0,0,13593,0,3282879606,3276366960,4096,4096,0,0,106353,106353,357180324,357180337,357180332,357180305,0,0,0,0,0,0,0,0,4096,256,131072,4,15|4,0,134217728,262144,512,0,0,0,0,1608,0,1596,0,402,399,0,1,1608,0|90,1080416941,3,104840480,0,0,0,0,0,111358587,0,399,0,1448307607,1,1448307607,1,2080,1412388146,1,58332729,0,0,0,0,0
1785979471923|1002|stream128_f2r_02|rotating|84,1378943233,33558272,112949678,111385602,1283505,0,1283505,0,27198,0,13599,0,0,0,106398,106398,86883200,86883200,4096,4096,0,0,13599,13599,341212287,341212287,341212295,341212295,0,0,0,0,0,0,0,0,4096,256,131072,4,15|4,0,134217728,262144,512,0,0,0,0,1612,0,1600,0,403,400,0,1,1612,0|90,386664482,3,0,0,104857600,0,104857600,0,320994,0,0,400,0,0,0,0,0,0,0,7672613,0,0,0,0,0
1785979476937|1002|stream128_f2r_02|fixed|86,1378943233,16777471,119183963,117533287,117829576,117533287,117829576,117533287,112697,112275,112270,112270,0,0,14350,0,3465561659,3458674014,4096,4096,0,0,112271,112271,677961641,677961638,677961649,677961646,0,0,0,0,0,0,0,0,4096,256,131072,4,15|4,0,134217728,262144,512,0,0,0,0,1700,0,1688,0,425,422,0,1,1700,0|92,1402332115,3,110695904,0,0,0,0,0,117576022,0,422,0,1768758925,1,1768758925,1,2080,1731027698,1,61296353,0,0,0,0,0
1785979476937|1002|stream128_f2r_02|rotating|86,1378943233,33557555,119266429,117614960,1355295,0,1355295,0,28719,0,14359,0,0,0,112348,112348,91740180,91740180,4096,4096,0,0,14360,14360,663703950,663703950,663703958,663703958,0,0,0,0,0,0,0,0,4096,256,131072,4,15|4,0,134217728,262144,512,0,0,0,0,1700,0,1688,0,425,422,0,1,1700,0|92,709432937,3,0,0,110624768,0,110624768,0,338951,0,0,422,0,0,0,0,0,0,0,7723569,0,0,0,0,0
1785979481949|1002|stream128_f2r_02|fixed|88,1378943233,16777471,125470581,123732574,124044838,123732574,124044838,123732574,118640,118196,118191,118191,0,0,15106,0,3648330664,3641083747,4096,4096,0,0,118192,118192,998773948,998773961,998773956,998773969,0,0,0,0,0,0,0,0,4096,256,131072,4,15|4,0,134217728,262144,512,0,0,0,0,1788,0,1776,0,447,444,0,1,1788,0|94,1723139425,3,116526304,0,0,0,0,0,123774852,0,444,0,2088108635,1,2088108635,1,2080,2048691833,1,64132992,0,0,0,0,0
1785979481949|1002|stream128_f2r_02|rotating|88,1378943233,33558272,125537341,123798508,1426500,0,1426500,0,30228,0,15114,0,0,0,118254,118254,96562480,96562480,4096,4096,0,0,15114,15114,983389991,983389991,983389999,983389999,0,0,0,0,0,0,0,0,4096,256,131072,4,15|4,0,134217728,262144,512,0,0,0,0,1788,0,1776,0,447,444,0,1,1788,0|94,1029106944,3,0,0,116391936,0,116391936,0,356743,0,0,444,0,0,0,0,0,0,0,7770497,0,0,0,0,0
1785979486951|1002|stream128_f2r_02|fixed|90,1378943233,16777471,131738999,129915574,130241996,129915574,130241996,129915574,124567,124101,124096,124096,0,0,15861,0,3830610620,3823003951,4096,4096,0,0,124097,124097,1318730014,1318730011,1318730022,1318730019,0,0,0,0,0,0,0,0,4096,256,131072,4,15|4,0,134217728,262144,512,0,0,0,0,1876,0,1864,0,469,466,0,1,1876,0|96,2043128973,3,122348800,0,0,0,0,0,129957569,0,466,0,2406642559,1,2406642559,1,2080,2365540702,1,66967414,0,0,0,0,0
1785979486951|1002|stream128_f2r_02|rotating|90,1378943233,33558272,131809891,129985814,1497757,0,1497757,0,31738,0,15869,0,0,0,124163,124163,101386072,101386072,4096,4096,0,0,15869,15869,1303502268,1303502268,1303502276,1303502276,0,0,0,0,0,0,0,0,4096,256,131072,4,15|4,0,134217728,262144,512,0,0,0,0,1876,0,1864,0,469,466,0,1,1876,0|96,1349291259,3,0,0,122159104,0,122159104,0,374556,0,0,466,0,0,0,0,0,0,0,7811046,0,0,0,0,0
1785979491965|1002|stream128_f2r_02|fixed|92,1378943233,16781056,138046846,136135703,136478211,136135703,136478211,136135703,130529,130042,130037,130037,0,0,16620,0,4013987952,4006019552,4096,4096,0,0,130037,130037,1640582212,1640582545,1640582220,1640582553,0,0,0,0,0,0,0,0,4096,256,131072,4,15|4,0,134217728,262144,512,0,0,0,0,1964,0,1952,0,491,488,0,1,1964,0|98,2364487969,3,128191908,0,0,0,0,0,136164582,0,489,0,2726540778,1,2726540778,1,2061,2683624548,1,69930845,0,0,0,0,0
1785979491965|1002|stream128_f2r_02|rotating|92,1378943233,33558272,138128255,136215583,1569580,0,1569580,0,33260,0,16630,0,0,0,130113,130113,106248080,106248080,4096,4096,0,0,16630,16630,1625995059,1625995059,1625995067,1625995067,0,0,0,0,0,0,0,0,4096,256,131072,4,15|4,0,134217728,262144,512,0,0,0,0,1968,0,1956,0,492,489,0,1,1968,0|98,1672442875,3,0,0,128188416,0,128188416,0,392560,0,0,489,0,0,0,0,0,0,0,7855966,0,0,0,0,0
1785979496969|1002|stream128_f2r_02|fixed|94,1378943233,16777471,144303357,142305524,142663558,142305524,142663558,142305524,136447,135936,135931,135931,0,0,17374,0,4195920909,4187576552,4096,4096,0,0,135931,135931,1960068757,1960069058,1960068765,1960069074,0,0,0,0,0,0,0,0,4096,256,131072,4,15|4,0,134217728,262144,512,0,0,0,0,2048,0,2044,0,512,511,0,1,2048,0|100,2684213955,3,134010912,0,0,0,0,0,142341931,0,511,0,3044812013,1,3044812013,1,2080,3000208078,1,72767323,0,0,0,0,0
1785979496969|1002|stream128_f2r_02|rotating|94,1378943233,33558272,144382551,142383771,1640651,0,1640651,0,34766,0,17383,0,0,0,136005,136005,111058992,111058992,4096,4096,0,0,17383,17383,1945249864,1945249864,1945249872,1945249872,0,0,0,0,0,0,0,0,4096,256,131072,4,15|4,0,134217728,262144,512,0,0,0,0,2048,0,2044,0,512,511,0,1,2048,0|100,1991475763,3,0,0,133955584,0,133955584,0,410304,0,0,511,0,0,0,0,0,0,0,7902228,0,0,0,0,0
1785979502931|1003|stream128_f2r_03|fixed|98,1378943233,16777471,6148470,6064741,6078718,6064741,6078718,6064741,5814,5792,5791,5791,0,0,739,0,178766768,178422918,4096,4096,0,0,5792,5792,2341495781,2341495770,2341495757,2341495778,0,0,0,0,0,0,0,0,4096,256,131072,4,15|4,0,134217728,262144,512,0,0,0,0,96,0,84,0,24,21,0,1,96,0|108,3065943982,3,5757952,0,0,0,0,0,6116175,0,21,0,320144870,0,320144870,0,2080,313388133,0,9627504,0,0,0,0,0
1785979502931|1003|stream128_f2r_03|rotating|98,1378943233,33558272,6220494,6135432,70598,0,70598,0,1496,0,748,0,0,0,5859,5859,4778928,4778928,4096,4096,0,0,748,748,2326321733,2326321733,2326321741,2326321741,0,0,0,0,0,0,0,0,4096,256,131072,4,15|4,0,134217728,262144,512,0,0,0,0,100,0,88,0,25,22,0,1,100,0|108,2372073538,3,0,0,5767168,0,5767168,0,17768,0,0,22,0,0,0,0,0,0,0,6907555,0,0,0,0,0
1785979507935|1003|stream128_f2r_03|fixed|100,1378943233,16781056,12421635,12250350,12280439,12250350,12280439,12250350,11748,11704,11704,11704,0,0,1496,0,361280440,360560280,4096,4096,0,0,11704,11704,2661845401,2661823958,2661845409,2661823966,0,0,0,0,0,0,0,0,4096,256,131072,4,15|4,0,134217728,262144,512,0,0,0,0,188,0,176,0,47,44,0,1,188,0|110,3386055635,3,11581760,0,0,0,0,0,12295342,0,44,0,638800571,0,638800571,0,2080,630225377,0,12591031,0,0,0,0,0
1785979507935|1003|stream128_f2r_03|rotating|100,1378943233,33558272,12503667,12331671,142048,0,142048,0,3010,0,1505,0,0,0,11781,11781,9615384,9615384,4096,4096,0,0,1505,1505,2647419355,2647419355,2647419363,2647419363,0,0,0,0,0,0,0,0,4096,256,131072,4,15|4,0,134217728,262144,512,0,0,0,0,188,0,176,0,47,44,0,1,188,0|110,2692594805,3,0,0,11534336,0,11534336,0,35606,0,0,44,0,0,0,0,0,0,0,6953955,0,0,0,0,0
1785979512945|1003|stream128_f2r_03|fixed|102,1378943233,16777471,18698209,18440179,18485753,18440179,18485753,18440179,17685,17618,17617,17617,0,0,2251,0,543819088,542739256,4096,4096,0,0,17618,17618,2982389460,2982389441,2982389436,2982389449,0,0,0,0,0,0,0,0,4096,256,131072,4,15|4,0,134217728,262144,512,0,0,0,0,276,0,264,0,69,66,0,1,276,0|112,3706755930,3,17412160,0,0,0,0,0,18490585,0,66,0,958043266,0,958043266,0,2080,947785158,0,15425009,0,0,0,0,0
1785979512945|1003|stream128_f2r_03|rotating|102,1378943233,33558272,18773024,18514070,213308,0,213308,0,4520,0,2260,0,0,0,17688,17688,14439016,14439016,4096,4096,0,0,2260,2260,2967531209,2967531209,2967531217,2967531217,0,0,0,0,0,0,0,0,4096,256,131072,4,15|4,0,134217728,262144,512,0,0,0,0,276,0,264,0,69,66,0,1,276,0|112,3013180340,3,0,0,17301504,0,17301504,0,53445,0,0,66,0,0,0,0,0,0,0,7002294,0,0,0,0,0
1785979517950|1003|stream128_f2r_03|fixed|104,1378943233,16781056,24974727,24628594,24690915,24628594,24690915,24628594,23620,23530,23530,23530,0,0,3007,0,726325320,724887264,4096,4096,0,0,23530,23530,3302731267,3302731584,3302731275,3302731592,0,0,0,0,0,0,0,0,4096,256,131072,4,15|4,0,134217728,262144,512,0,0,0,0,364,0,352,0,91,88,0,1,364,0|114,4027203663,3,23242560,0,0,0,0,0,24681782,0,88,0,1277033399,0,1277033399,0,2080,1265091239,0,18260125,0,0,0,0,0
1785979517950|1003|stream128_f2r_03|rotating|104,1378943233,33558272,25068941,24721754,284849,0,284849,0,6036,0,3018,0,0,0,23618,23618,19281784,19281784,4096,4096,0,0,3018,3018,3288933492,3288933492,3288933500,3288933500,0,0,0,0,0,0,0,0,4096,256,131072,4,15|4,0,134217728,262144,512,0,0,0,0,364,0,352,0,91,88,0,1,368,0|114,3335615749,3,0,0,23330816,0,23330816,0,71400,0,0,89,0,0,0,0,0,0,0,7045536,0,0,0,0,0
1785979522976|1003|stream128_f2r_03|fixed|106,1378943233,16777471,31278318,30843888,30922965,30843888,30922965,30843888,29579,29467,29466,29466,0,0,3765,0,909575820,907778615,4096,4096,0,0,29467,29467,3624389494,3624389507,3624389502,3624389515,0,0,0,0,0,0,0,0,4096,256,131072,4,15|4,0,134217728,262144,512,0,0,0,0,452,0,440,0,113,110,0,1,452,0|116,53289440,4,29080864,0,0,0,0,0,30886080,0,110,0,1596626896,0,1596626896,0,2080,1583002923,0,21094699,0,0,0,0,0
1785979522976|1003|stream128_f2r_03|rotating|106,1378943233,33558272,31352460,30916332,356293,0,356293,0,7550,0,3775,0,0,0,29536,29536,24118240,24118240,4096,4096,0,0,3775,3775,3609707353,3609707353,3609707369,3609707369,0,0,0,0,0,0,0,0,4096,256,131072,4,15|4,0,134217728,262144,512,0,0,0,0,456,0,444,0,114,111,0,1,456,0|116,3655182873,3,0,0,29097984,0,29097984,0,89168,0,0,111,0,0,0,0,0,0,0,7093647,0,0,0,0,0
1785979527979|1003|stream128_f2r_03|fixed|108,1378943233,16777471,37554386,37032164,37127589,37032164,37127589,37032164,35514,35380,35378,35378,0,0,4522,0,1092070864,1089897315,4096,4096,0,0,35379,35379,3944845653,3944845634,3944845661,3944845642,0,0,0,0,0,0,0,0,4096,256,131072,4,15|4,0,134217728,262144,512,0,0,0,0,544,0,532,0,136,133,0,1,544,0|118,373128187,4,34896768,0,0,0,0,0,37061889,0,133,0,1915011667,0,1915011667,0,2080,1899568106,0,24057660,0,0,0,0,0
1785979527979|1003|stream128_f2r_03|rotating|108,1378943233,33558272,37605513,37082786,427365,0,427365,0,9056,0,4528,0,0,0,35427,35427,28929128,28929128,4096,4096,0,0,4528,4528,3928959630,3928959630,3928959638,3928959638,0,0,0,0,0,0,0,0,4096,256,131072,4,15|4,0,134217728,262144,512,0,0,0,0,544,0,532,0,136,133,0,1,544,0|118,3974369537,3,0,0,34865152,0,34865152,0,106936,0,0,133,0,0,0,0,0,0,0,7135916,0,0,0,0,0
1785979532981|1003|stream128_f2r_03|fixed|110,1378943233,16777471,43823760,43213393,43325797,43213393,43325797,43213393,41441,41285,41283,41283,0,0,5276,0,1274325367,1271793634,4096,4096,0,0,41284,41284,4264769247,4264769220,4264769255,4264769236,0,0,0,0,0,0,0,0,4096,256,131072,4,15|4,0,134217728,262144,512,0,0,0,0,632,0,620,0,158,155,0,1,632,0|120,694076443,4,40735072,0,0,0,0,0,43263914,0,155,0,2234500347,0,2234500347,0,2066,2217374627,0,26892580,0,0,0,0,0
1785979532981|1003|stream128_f2r_03|rotating|110,1378943233,33558272,43900133,43288962,498815,0,498815,0,10570,0,5285,0,0,0,41355,41355,33765552,33765552,4096,4096,0,0,5285,5285,4249931951,4249931951,4249931959,4249931959,0,0,0,0,0,0,0,0,4096,256,131072,4,15|4,0,134217728,262144,512,0,0,0,0,632,0,620,0,158,155,0,1,632,0|120,657610,4,0,0,40632320,0,40632320,0,124821,0,0,155,0,0,0,0,0,0,0,7181790,0,0,0,0,0
1785979537984|1003|stream128_f2r_03|fixed|112,1378943233,16777471,50102526,49404423,49533207,49404423,49533207,49404423,47376,47199,47196,47196,0,0,6032,0,1456860830,1453969800,4096,4096,0,0,47197,47197,290198790,290198843,290198806,290198835,0,0,0,0,0,0,0,0,4096,256,131072,4,15|4,0,134217728,262144,512,0,0,0,0,720,0,708,0,180,177,0,1,720,0|122,1014462212,4,46565472,0,0,0,0,0,49454524,0,177,0,2553428516,0,2553428516,0,2057,2534619935,0,29726505,0,0,0,0,0
1785979537984|1003|stream128_f2r_03|rotating|112,1378943233,33558272,50189943,49490951,570262,0,570262,0,12084,0,6042,0,0,0,47279,47279,38601960,38601960,4096,4096,0,0,6042,6042,275935981,275935981,275935989,275935989,0,0,0,0,0,0,0,0,4096,256,131072,4,15|4,0,134217728,262144,512,0,0,0,0,720,0,708,0,180,177,0,1,720,0|122,321594724,4,0,0,46399488,0,46399488,0,142682,0,0,177,0,0,0,0,0,0,0,7232534,0,0,0,0,0
1785979542997|1003|stream128_f2r_03|fixed|114,1378943233,16777471,56379698,55594955,55739025,55594955,55739025,55594955,53317,53121,53115,53115,0,0,6788,0,1639565581,1636316016,4096,4096,0,0,53116,53116,610896671,610896700,610896679,610896668,0,0,0,0,0,0,0,0,4096,256,131072,4,15|4,0,134217728,262144,512,0,0,0,0,808,0,796,0,202,199,0,1,808,0|124,1335166250,4,52395872,0,0,0,0,0,55644593,0,199,0,2872674954,0,2872674954,0,2074,2852184689,0,32559253,0,0,0,0,0
1785979542997|1003|stream128_f2r_03|rotating|114,1378943233,33558272,56455490,55669942,641516,0,641516,0,13594,0,6797,0,0,0,53187,53187,43425616,43425616,4096,4096,0,0,6797,6797,596046618,596046618,596046626,596046626,0,0,0,0,0,0,0,0,4096,256,131072,4,15|5,0,134217728,262144,512,0,0,0,0,812,0,800,0,203,200,0,1,812,0|124,641743325,4,0,0,52428800,0,52428800,0,160497,0,0,200,0,0,0,0,0,0,0,7272053,0,0,0,0,0
1785979548001|1003|stream128_f2r_03|fixed|116,1378943233,16781056,62647844,61777013,61935918,61777013,61935918,61777013,59248,59030,59025,59025,0,0,7543,0,1821985608,1818377544,4096,4096,0,0,59025,59025,931083395,931083728,931083403,931083736,0,0,0,0,0,0,0,0,4096,256,131072,4,15|4,0,134217728,262144,512,0,0,0,0,900,0,888,0,225,222,0,1,900,0|126,1655366557,4,58219680,0,0,0,0,0,61822630,0,222,0,3191419309,0,3191419309,0,2080,3169111755,0,35521612,0,0,0,0,0
1785979548001|1003|stream128_f2r_03|rotating|116,1378943233,33558272,62720121,61847674,712872,0,712872,0,15106,0,7553,0,0,0,59093,59093,48255672,48255672,4096,4096,0,0,7553,7553,916389482,916389482,916389490,916389490,0,0,0,0,0,0,0,0,4096,256,131072,4,15|4,0,134217728,262144,512,0,0,0,0,900,0,888,0,225,222,0,1,900,0|126,961953913,4,0,0,58195968,0,58195968,0,178312,0,0,222,0,0,0,0,0,0,0,7314005,0,0,0,0,0
1785979553001|1003|stream128_f2r_03|fixed|118,1378943233,16781056,68911288,67952770,68128008,67952770,68128008,67952770,65175,64934,64929,64929,0,0,8299,0,2004230184,2000246392,4096,4096,0,0,64929,64929,1251103835,1251104184,1251103843,1251104192,0,0,0,0,0,0,0,0,4096,256,131072,4,15|4,0,134217728,262144,512,0,0,0,0,988,0,976,0,247,244,0,1,988,0|128,1975420484,4,64042176,0,0,0,0,0,68002204,0,244,0,3510017612,0,3510017612,0,2080,3486025831,0,38355206,0,0,0,0,0
1785979553001|1003|stream128_f2r_03|rotating|118,1378943233,33558272,68985793,68026579,784038,0,784038,0,16614,0,8307,0,0,0,64999,64999,53072968,53072968,4096,4096,0,0,8307,8307,1236071182,1236071182,1236071190,1236071190,0,0,0,0,0,0,0,0,4096,256,131072,4,15|4,0,134217728,262144,512,0,0,0,0,988,0,976,0,247,244,0,1,988,0|128,1281923545,4,0,0,63963136,0,63963136,0,196127,0,0,244,0,0,0,0,0,0,0,7349373,0,0,0,0,0
1785979558006|1003|stream128_f2r_03|fixed|120,1378943233,16777471,75188025,74144582,74333484,74144582,74333484,74144582,71112,70848,70842,70842,0,0,9054,0,2186772008,2182428867,4096,4096,0,0,70843,70843,1571527995,1571528008,1571528003,1571528016,0,0,0,0,0,0,0,0,4096,256,131072,4,15|4,0,134217728,262144,512,0,0,0,0,1076,0,1064,0,269,266,0,1,1076,0|130,2296417586,4,69880480,0,0,0,0,0,74204534,0,266,0,3829555138,0,3829555138,0,2080,3803881698,0,41189626,0,0,0,0,0
1785979558006|1003|stream128_f2r_03|rotating|120,1378943233,33558272,75278564,74234012,855581,0,855581,0,18130,0,9065,0,0,0,70927,70927,57915752,57915752,4096,4096,0,0,9065,9065,1557472764,1557472764,1557472772,1557472772,0,0,0,0,0,0,0,0,4096,256,131072,4,15|4,0,134217728,262144,512,0,0,0,0,1076,0,1064,0,269,266,0,1,1076,0|130,1603136494,4,0,0,69730304,0,69730304,0,214012,0,0,266,0,0,0,0,0,0,0,7393127,0,0,0,0,0
1785979563009|1003|stream128_f2r_03|fixed|122,1378943233,16777471,81460802,80331011,80535001,80331011,80535001,80331011,77043,76758,76751,76751,0,0,9809,0,2369156031,2364452312,4096,4096,0,0,76752,76752,1891674734,1891674763,1891674750,1891674747,0,0,0,0,0,0,0,0,4096,256,131072,4,15|4,0,134217728,262144,512,0,0,0,0,1164,0,1152,0,291,288,0,1,1164,0|132,2616113571,4,75695072,0,0,0,0,0,80381697,0,288,0,4147797475,0,4147797475,0,2080,4120436533,0,44024798,0,0,0,0,0
1785979563009|1003|stream128_f2r_03|rotating|122,1378943233,33558272,81538306,80407488,926742,0,926742,0,19638,0,9819,0,0,0,76824,76824,62732968,62732968,4096,4096,0,0,9819,9819,1877156060,1877156060,1877156068,1877156068,0,0,0,0,0,0,0,0,4096,256,131072,4,15|5,0,134217728,262144,512,0,0,0,0,1168,0,1156,0,292,289,0,1,1168,0|132,1924534642,4,0,0,75759616,0,75759616,0,231897,0,0,289,0,0,0,0,0,0,0,7445694,0,0,0,0,0
1785979568017|1003|stream128_f2r_03|fixed|124,1378943233,16777471,87740617,86524941,86743370,86524941,86743370,86524941,82984,82677,82670,82670,0,0,10566,0,2551870142,2546806353,4096,4096,0,0,82671,82671,2212386954,2212386943,2212386962,2212386951,0,0,0,0,0,0,0,0,4096,256,131072,4,15|4,0,134217728,262144,512,0,0,0,0,1252,0,1240,0,313,310,0,1,1252,0|134,2936731310,4,81525472,0,0,0,0,0,86572418,0,310,0,171990318,1,171990318,1,2080,142944866,1,46860372,0,0,0,0,0
1785979568017|1003|stream128_f2r_03|rotating|124,1378943233,33558272,87805074,86587855,997999,0,997999,0,21148,0,10574,0,0,0,82731,82731,67556664,67556664,4096,4096,0,0,10574,10574,2196945702,2196945702,2196945710,2196945710,0,0,0,0,0,0,0,0,4096,256,131072,4,15|4,0,134217728,262144,512,0,0,0,0,1256,0,1244,0,314,311,0,1,1256,0|134,2242824545,4,0,0,81526784,0,81526784,0,249618,0,0,311,0,0,0,0,0,0,0,7490974,0,0,0,0,0
1785979573029|1003|stream128_f2r_03|fixed|126,1378943233,16777471,94022872,92719793,92954181,92719793,92954181,92719793,88925,88595,88588,88588,0,0,11323,0,2734538464,2729099190,4096,4096,0,0,88589,88589,2533150484,2533150457,2533150468,2533150465,0,0,0,0,0,0,0,0,4096,256,131072,4,15|4,0,134217728,262144,512,0,0,0,0,1344,0,1332,0,336,333,0,1,1344,0|136,3257504330,4,87357184,0,0,0,0,0,92766879,0,333,0,491305410,1,491305410,1,2080,460442524,1,49824573,0,0,0,0,0
1785979573029|1003|stream128_f2r_03|rotating|126,1378943233,33558272,94090072,92786237,1069449,0,1069449,0,22662,0,11331,0,0,0,88651,88651,72393120,72393120,4096,4096,0,0,11331,11331,2518044007,2518044007,2518044015,2518044015,0,0,0,0,0,0,0,0,4096,256,131072,4,15|4,0,134217728,262144,512,0,0,0,0,1344,0,1332,0,336,333,0,1,1344,0|136,2563428901,4,0,0,87293952,0,87293952,0,267457,0,0,333,0,0,0,0,0,0,0,7546139,0,0,0,0,0
1785979578046|1003|stream128_f2r_03|fixed|128,1378943233,16777471,100312198,98921605,99172056,98921605,99172056,98921605,94870,94518,94511,94511,0,0,12080,0,2917377879,2911579610,4096,4096,0,0,94512,94512,2854081219,2854081232,2854081227,2854081248,0,0,0,0,0,0,0,0,4096,256,131072,4,15|4,0,134217728,262144,512,0,0,0,0,1432,0,1420,0,358,355,0,1,1432,0|138,3579100997,4,93203392,0,0,0,0,0,98981817,0,355,0,811440525,1,811440525,1,2080,778896679,1,52659991,0,0,0,0,0
1785979578046|1003|stream128_f2r_03|rotating|128,1378943233,33558272,100410615,99018775,1141182,0,1141182,0,24182,0,12091,0,0,0,94604,94604,77248688,77248688,4096,4096,0,0,12091,12091,2840306128,2840306128,2840306136,2840306136,0,0,0,0,0,0,0,0,4096,256,131072,4,15|4,0,134217728,262144,512,0,0,0,0,1432,0,1420,0,358,355,0,1,1432,0|138,2887183932,4,0,0,93061120,0,93061120,0,285483,0,0,355,0,0,0,0,0,0,0,7588615,0,0,0,0,0
1785979583060|1003|stream128_f2r_03|fixed|130,1378943233,16777471,106605147,105126853,105393556,105126853,105393556,105126853,100818,100444,100437,100437,0,0,12837,0,3100308645,3094151728,4096,4096,0,0,100438,100438,3175169734,3175169755,3175169742,3175169763,0,0,0,0,0,0,0,0,4096,256,131072,4,15|4,0,134217728,262144,512,0,0,0,0,1520,0,1508,0,380,377,0,1,1520,0|140,3899298063,4,99025888,0,0,0,0,0,105168968,0,377,0,1130181967,1,1130181967,1,2080,1095953308,1,55494171,0,0,0,0,0
1785979583060|1003|stream128_f2r_03|rotating|130,1378943233,33558272,106676941,105197878,1212343,0,1212343,0,25690,0,12845,0,0,0,100505,100505,82065904,82065904,4096,4096,0,0,12845,12845,3159988433,3159988433,3159988441,3159988441,0,0,0,0,0,0,0,0,4096,256,131072,4,15|4,0,134217728,262144,512,0,0,0,0,1524,0,1512,0,381,378,0,1,1524,0|140,3209026978,4,0,0,99090432,0,99090432,0,303392,0,0,378,0,0,0,0,0,0,0,7635788,0,0,0,0,0
1785979588072|1003|stream128_f2r_03|fixed|132,1378943233,16777471,112889840,111324087,111606806,111324087,111606806,111324087,106761,106365,106358,106358,0,0,13594,0,3283071447,3276555826,4096,4096,0,0,106359,106359,3495972467,3495972464,3495972475,3495972472,0,0,0,0,0,0,0,0,4096,256,131072,4,15|4,0,134217728,262144,512,0,0,0,0,1612,0,1600,0,403,400,0,1,1612,0|142,4221092571,4,104881312,0,0,0,0,0,111382410,0,400,0,1450512619,1,1450512619,1,2080,1414472075,1,58457914,0,0,0,0,0
1785979588072|1003|stream128_f2r_03|rotating|132,1378943233,33558272,112969979,111402748,1283979,0,1283979,0,27208,0,13604,0,0,0,106433,106433,86915144,86915144,4096,4096,0,0,13604,13604,3481622011,3481622011,3481622019,3481622019,0,0,0,0,0,0,0,0,4096,256,131072,4,15|4,0,134217728,262144,512,0,0,0,0,1612,0,1600,0,403,400,0,1,1612,0|142,3527158642,4,0,0,104857600,0,104857600,0,321089,0,0,400,0,0,0,0,0,0,0,7685558,0,0,0,0,0
1785979593082|1003|stream128_f2r_03|fixed|134,1378943233,16777471,119166195,117513974,117811808,117513974,117811808,117513974,112697,112278,112271,112271,0,0,14350,0,3465587494,3458696305,4096,4096,0,0,112272,112272,3816468438,3816468451,3816468446,3816468459,0,0,0,0,0,0,0,0,4096,256,131072,4,15|4,0,134217728,262144,512,0,0,0,0,1700,0,1688,0,425,422,0,1,1700,0|144,245736758,5,110695904,0,0,0,0,0,117557536,0,422,0,1768670454,1,1768670454,1,2080,1730942660,1,61292834,0,0,0,0,0
1785979593082|1003|stream128_f2r_03|rotating|134,1378943233,33558272,119240876,117587697,1355240,0,1355240,0,28718,0,14359,0,0,0,112341,112341,91738840,91738840,4096,4096,0,0,14359,14359,3801734805,3801734805,3801734813,3801734813,0,0,0,0,0,0,0,0,4096,256,131072,4,15|4,0,134217728,262144,512,0,0,0,0,1700,0,1688,0,425,422,0,1,1700,0|144,3847239355,4,0,0,110624768,0,110624768,0,338904,0,0,422,0,0,0,0,0,0,0,7730133,0,0,0,0,0
1785979598094|1003|stream128_f2r_03|fixed|136,1378943233,16777471,125455195,123715328,124029357,123715328,124029357,123715328,118642,118202,118194,118194,0,0,15107,0,3648422924,3641171471,4096,4096,0,0,118195,118195,4137391538,4137391535,4137391546,4137391543,0,0,0,0,0,0,0,0,4096,256,131072,4,15|4,0,134217728,262144,512,0,0,0,0,1788,0,1776,0,447,444,0,1,1788,0|146,566602799,5,116526304,0,0,0,0,0,123757490,0,444,0,2088078895,1,2088078895,1,2080,2048667392,1,64127607,0,0,0,0,0
1785979598094|1003|stream128_f2r_03|rotating|136,1378943233,33558272,125521228,123780533,1426594,0,1426594,0,30230,0,15115,0,0,0,118256,118256,96568872,96568872,4096,4096,0,0,15115,15115,4122277230,4122277230,4122277238,4122277238,0,0,0,0,0,0,0,0,4096,256,131072,4,15|4,0,134217728,262144,512,0,0,0,0,1788,0,1776,0,447,444,0,1,1788,0|146,4167403636,4,0,0,116391936,0,116391936,0,356719,0,0,444,0,0,0,0,0,0,0,7775946,0,0,0,0,0
1785979603099|1003|stream128_f2r_03|fixed|138,1378943233,16777471,131730987,129904518,130233889,129904518,130233889,129904518,124575,124113,124106,124106,0,0,15862,0,3830906630,3823295665,4096,4096,0,0,124106,124106,162722555,162722896,162722563,162722904,0,0,0,0,0,0,0,0,4096,256,131072,4,15|4,0,134217728,262144,512,0,0,0,0,1876,0,1864,0,469,466,0,1,1876,0|148,887019100,5,122356704,0,0,0,0,0,129948967,0,466,0,2407037596,1,2407037596,1,2080,2365942582,1,66962182,0,0,0,0,0
1785979603099|1003|stream128_f2r_03|rotating|138,1378943233,33558272,131799873,129972455,1497851,0,1497851,0,31740,0,15870,0,0,0,124170,124170,101392456,101392456,4096,4096,0,0,15870,15870,147422378,147422378,147422386,147422386,0,0,0,0,0,0,0,0,4096,256,131072,4,15|4,0,134217728,262144,512,0,0,0,0,1876,0,1864,0,469,466,0,1,1876,0|148,193080482,5,0,0,122159104,0,122159104,0,374579,0,0,466,0,0,0,0,0,0,0,7818318,0,0,0,0,0
1785979608102|1003|stream128_f2r_03|fixed|140,1378943233,16781056,138008357,136096296,136439908,136096296,136439908,136096296,130510,130027,130019,130019,0,0,16618,0,4013429928,4005459688,4096,4096,0,0,130019,130019,483106559,483106884,483106567,483106892,0,0,0,0,0,0,0,0,4096,256,131072,4,15|4,0,134217728,262144,512,0,0,0,0,1964,0,1952,0,491,488,0,1,1964,0|150,1207913471,5,128188416,0,0,0,0,0,136147622,0,489,0,2726474039,1,2726474039,1,2080,2683620464,1,69867541,0,0,0,0,0
1785979608102|1003|stream128_f2r_03|rotating|140,1378943233,33558272,138104240,136190420,1569580,0,1569580,0,33260,0,16630,0,0,0,130109,130109,106248080,106248080,4096,4096,0,0,16630,16630,469488678,469488678,469488686,469488686,0,0,0,0,0,0,0,0,4096,256,131072,4,15|4,0,134217728,262144,512,0,0,0,0,1968,0,1956,0,492,489,0,1,1968,0|150,515349692,5,0,0,128188416,0,128188416,0,392513,0,0,489,0,0,0,0,0,0,0,7866581,0,0,0,0,0
1785979613103|1003|stream128_f2r_03|fixed|142,1378943233,16779144,144277578,142277970,142637969,142277970,142637969,142277970,136437,135932,135924,135924,0,0,17372,0,4195706936,4187375232,4096,4096,0,0,135924,135924,803058308,803058633,803058316,803058649,0,0,0,0,0,0,0,0,4096,256,131072,4,15|4,0,134217728,262144,512,0,0,0,0,2048,0,2044,0,512,511,0,1,2048,0|152,1527309690,5,134003008,0,0,0,0,0,142317394,0,511,0,3044416610,1,3044416610,1,2080,2999813772,1,72764443,0,0,0,0,0
1785979613103|1003|stream128_f2r_03|rotating|142,1378943233,33558272,144341338,142340207,1640461,0,1640461,0,34762,0,17381,0,0,0,135984,135984,111046192,111046192,4096,4096,0,0,17381,17381,787883038,787883038,787883046,787883046,0,0,0,0,0,0,0,0,4096,256,131072,4,15|4,0,134217728,262144,512,0,0,0,0,2048,0,2044,0,512,511,0,1,2048,0|152,833384960,5,0,0,133955584,0,133955584,0,410210,0,0,511,0,0,0,0,0,0,0,7911040,0,0,0,0,0
1785979619061|1004|stream128_r2f_01|fixed|146,1378943233,16781056,6146056,6061799,69643,0,69643,0,1478,0,739,0,0,0,5788,5788,4721392,4721392,4096,4096,0,0,739,739,1184067633,1184067633,1184067641,1184067641,0,0,0,0,0,0,0,0,4096,256,131072,4,15|4,0,134217728,262144,512,0,0,0,0,96,0,84,0,24,21,0,1,96,0|160,1908565002,5,0,0,5505024,0,5505024,0,17551,0,0,21,0,0,0,0,0,0,0,6893135,0,0,0,0,0
1785979619061|1004|stream128_r2f_01|rotating|146,1378943233,33554687,6219290,6133569,6148802,6133569,6148802,6133569,5881,5858,5857,5857,0,0,748,0,180820608,180462171,4096,4096,0,0,5858,5858,1169624676,1169624673,1169624684,1169624681,0,0,0,0,0,0,0,0,4096,256,131072,4,15|4,0,134217728,262144,512,0,0,0,0,100,0,88,0,25,22,0,1,100,0|160,1214948275,5,5814592,0,0,0,0,0,6169887,0,22,0,323067233,0,323067233,0,2080,316168831,0,9778184,0,0,0,0,0
1785979624075|1004|stream128_r2f_01|fixed|148,1378943233,16781056,12427633,12255881,140976,0,140976,0,2992,0,1496,0,0,0,11709,11709,9557856,9557856,4096,4096,0,0,1496,1496,1504734623,1504734623,1504734631,1504734631,0,0,0,0,0,0,0,0,4096,256,131072,4,15|4,0,134217728,262144,512,0,0,0,0,188,0,176,0,47,44,0,1,188,0|162,2229478252,5,0,0,11534336,0,11534336,0,35385,0,0,44,0,0,0,0,0,0,0,6941680,0,0,0,0,0
1785979624075|1004|stream128_r2f_01|rotating|148,1378943233,33558272,12501636,12328983,12359810,12328983,12359810,12328983,11824,11779,11779,11779,0,0,1505,0,363593000,362876904,4096,4096,0,0,11779,11779,1490454655,1490454980,1490454663,1490454988,0,0,0,0,0,0,0,0,4096,256,131072,4,15|4,0,134217728,262144,512,0,0,0,0,188,0,176,0,47,44,0,1,188,0|162,1535834852,5,11644992,0,0,0,0,0,12366617,0,44,0,642496210,0,642496210,0,2080,633895261,0,12631795,0,0,0,0,0
1785979629084|1004|stream128_r2f_01|fixed|150,1378943233,16781056,18712415,18453072,212314,0,212314,0,4506,0,2253,0,0,0,17630,17630,14394312,14394312,4096,4096,0,0,2253,2253,1825852134,1825852134,1825852142,1825852142,0,0,0,0,0,0,0,0,4096,256,131072,4,15|4,0,134217728,262144,512,0,0,0,0,276,0,264,0,69,66,0,1,276,0|164,2551025248,5,0,0,17301504,0,17301504,0,53243,0,0,66,0,0,0,0,0,0,0,6977860,0,0,0,0,0
1785979629084|1004|stream128_r2f_01|rotating|150,1378943233,33554687,18825391,18564690,18611850,18564690,18611850,18564690,17804,17737,17736,17736,0,0,2266,0,547492478,546416777,4096,4096,0,0,17737,17737,1813261504,1813261509,1813261512,1813261517,0,0,0,0,0,0,0,0,4096,256,131072,4,15|4,0,134217728,262144,512,0,0,0,0,276,0,264,0,69,66,0,1,276,0|164,1860661043,5,17554432,0,0,0,0,0,18642340,0,66,0,965845041,0,965845041,0,2080,955558232,0,15485689,0,0,0,0,0
1785979634087|1004|stream128_r2f_01|fixed|152,1378943233,16781056,24983041,24637057,283461,0,283461,0,6016,0,3008,0,0,0,23538,23538,19217944,19217944,4096,4096,0,0,3008,3008,2145983468,2145983468,2145983476,2145983476,0,0,0,0,0,0,0,0,4096,256,131072,4,15|4,0,134217728,262144,512,0,0,0,0,364,0,352,0,91,88,0,1,364,0|166,2870464155,5,0,0,23068672,0,23068672,0,71007,0,0,88,0,0,0,0,0,0,0,7011316,0,0,0,0,0
1785979634087|1004|stream128_r2f_01|rotating|152,1378943233,33554687,25049823,24702858,24765606,24702858,24765606,24702858,23690,23601,23600,23600,0,0,3016,0,728504547,727069734,4096,4096,0,0,23601,23601,2131031171,2131031168,2131031179,2131031176,0,0,0,0,0,0,0,0,4096,256,131072,4,15|4,0,134217728,262144,512,0,0,0,0,364,0,352,0,91,88,0,1,364,0|166,2176381611,5,23297888,0,0,0,0,0,24740731,0,88,0,1280129745,0,1280129745,0,2080,1268121668,0,18339354,0,0,0,0,0
1785979639097|1004|stream128_r2f_01|fixed|154,1378943233,16781056,31263320,30830348,354705,0,354705,0,7528,0,3764,0,0,0,29452,29452,24047952,24047952,4096,4096,0,0,3764,3764,2466543995,2466543995,2466544011,2466544011,0,0,0,0,0,0,0,0,4096,256,131072,4,15|4,0,134217728,262144,512,0,0,0,0,452,0,440,0,113,110,0,1,452,0|168,3190924262,5,0,0,28835840,0,28835840,0,88817,0,0,110,0,0,0,0,0,0,0,7045297,0,0,0,0,0
1785979639097|1004|stream128_r2f_01|rotating|154,1378943233,33554687,31338683,30904794,30983227,30904794,30983227,30904794,29635,29524,29523,29523,0,0,3772,0,911339531,909544454,4096,4096,0,0,29524,29524,2451972135,2451972132,2451972143,2451972140,0,0,0,0,0,0,0,0,4096,256,131072,4,15|4,0,134217728,262144,512,0,0,0,0,456,0,444,0,114,111,0,1,456,0|168,2497382548,5,29137504,0,0,0,0,0,30940269,0,111,0,1599670778,0,1599670778,0,2080,1585828350,0,21322169,0,0,0,0,0
1785979644111|1004|stream128_r2f_01|fixed|156,1378943233,16781056,37549377,37030127,425944,0,425944,0,9040,0,4520,0,0,0,35375,35375,28878000,28878000,4096,4096,0,0,4520,4520,2787105130,2787105130,2787105138,2787105138,0,0,0,0,0,0,0,0,4096,256,131072,4,15|4,0,134217728,262144,512,0,0,0,0,544,0,532,0,136,133,0,1,544,0|170,3511803995,5,0,0,34865152,0,34865152,0,106651,0,0,133,0,0,0,0,0,0,0,7096056,0,0,0,0,0
1785979644111|1004|stream128_r2f_01|rotating|156,1378943233,33554687,37622453,37101530,37195566,37101530,37195566,37101530,35578,35444,35443,35443,0,0,4530,0,1094073695,1091902704,4096,4096,0,0,35444,35444,2772867568,2772867589,2772867576,2772867573,0,0,0,0,0,0,0,0,4096,256,131072,4,15|4,0,134217728,262144,512,0,0,0,0,544,0,532,0,136,133,0,1,544,0|170,2819058715,5,34983712,0,0,0,0,0,37154870,0,133,0,1919885393,0,1919885393,0,2080,1904343805,0,24175787,0,0,0,0,0
1785979649119|1004|stream128_r2f_01|fixed|158,1378943233,16781056,43827642,43219714,497280,0,497280,0,10554,0,5277,0,0,0,41287,41287,33714448,33714448,4096,4096,0,0,5277,5277,3107898245,3107898245,3107898253,3107898253,0,0,0,0,0,0,0,0,4096,256,131072,4,15|4,0,134217728,262144,512,0,0,0,0,632,0,620,0,158,155,0,1,632,0|172,3832382294,5,0,0,40632320,0,40632320,0,124461,0,0,155,0,0,0,0,0,0,0,7139628,0,0,0,0,0
1785979649119|1004|stream128_r2f_01|rotating|158,1378943233,33558272,43921558,43312547,43423239,43312547,43423239,43312547,41532,41376,41376,41376,0,0,5288,0,1277193488,1274663760,4096,4096,0,0,41376,41376,3094298198,3094298499,3094298206,3094298515,0,0,0,0,0,0,0,0,4096,256,131072,4,15|4,0,134217728,262144,512,0,0,0,0,632,0,620,0,158,155,0,1,632,0|172,3139820624,5,40822016,0,0,0,0,0,43352898,0,155,0,2239187726,0,2239187726,0,2080,2221945508,0,27029178,0,0,0,0,0
1785979654131|1004|stream128_r2f_01|fixed|160,1378943233,16781056,50114244,49418243,568524,0,568524,0,12066,0,6033,0,0,0,47208,47208,38544480,38544480,4096,4096,0,0,6033,6033,3428459477,3428459477,3428459485,3428459485,0,0,0,0,0,0,0,0,4096,256,131072,4,15|4,0,134217728,262144,512,0,0,0,0,720,0,708,0,180,177,0,1,720,0|174,4153049713,5,0,0,46399488,0,46399488,0,142272,0,0,177,0,0,0,0,0,0,0,7196206,0,0,0,0,0
1785979654131|1004|stream128_r2f_01|rotating|160,1378943233,33558272,50187451,49490660,49618078,49490660,49618078,49490660,47455,47277,47277,47277,0,0,6042,0,1459344456,1456456672,4096,4096,0,0,47277,47277,3414053705,3414054046,3414053713,3414054054,0,0,0,0,0,0,0,0,4096,256,131072,4,15|4,0,134217728,262144,512,0,0,0,0,720,0,708,0,180,177,0,1,720,0|174,3459193286,5,46628704,0,0,0,0,0,49523880,0,177,0,2557108716,0,2557108716,0,2080,2538158675,0,29882974,0,0,0,0,0
1785979659140|1004|stream128_r2f_01|fixed|162,1378943233,16781056,56394799,55612152,639768,0,639768,0,13578,0,6789,0,0,0,53124,53124,43374512,43374512,4096,4096,0,0,6789,6789,3749023109,3749023109,3749023117,3749023117,0,0,0,0,0,0,0,0,4096,256,131072,4,15|4,0,134217728,262144,512,0,0,0,0,808,0,796,0,202,199,0,1,808,0|176,178590310,6,0,0,52166656,0,52166656,0,160082,0,0,199,0,0,0,0,0,0,0,7237061,0,0,0,0,0
1785979659140|1004|stream128_r2f_01|rotating|162,1378943233,33554687,56469200,55685801,55828588,55685801,55828588,55685801,53395,53195,53194,53194,0,0,6798,0,1642006863,1638759186,4096,4096,0,0,53195,53195,3734712275,3734712256,3734712283,3734712264,0,0,0,0,0,0,0,0,4096,256,131072,4,15|4,0,134217728,262144,512,0,0,0,0,812,0,800,0,203,200,0,1,812,0|176,3780146854,5,52460416,0,0,0,0,0,55721239,0,200,0,2876604356,0,2876604356,0,2080,2855815460,0,32868596,0,0,0,0,0
1785979664149|1004|stream128_r2f_01|fixed|164,1378943233,16781056,62680353,61811464,711100,0,711100,0,15092,0,7546,0,0,0,59044,59044,48210936,48210936,4096,4096,0,0,7546,7546,4070016934,4070016934,4070016942,4070016942,0,0,0,0,0,0,0,0,4096,256,131072,4,15|4,0,134217728,262144,512,0,0,0,0,900,0,888,0,225,222,0,1,900,0|178,499661820,6,0,0,58195968,0,58195968,0,177940,0,0,222,0,0,0,0,0,0,0,7274446,0,0,0,0,0
1785979664149|1004|stream128_r2f_01|rotating|164,1378943233,33554687,62747898,61877393,62035950,61877393,62035950,61877393,59332,59110,59108,59108,0,0,7555,0,1824551736,1820928904,4096,4096,0,0,59109,59109,4055282848,4055282861,4055282856,4055282821,0,0,0,0,0,0,0,0,4096,256,131072,4,15|4,0,134217728,262144,512,0,0,0,0,900,0,888,0,225,222,0,1,900,0|178,4100563332,5,58290816,0,0,0,0,0,61912292,0,222,0,3195563234,0,3195563234,0,2080,3173068800,0,35725198,0,0,0,0,0
1785979669158|1004|stream128_r2f_01|fixed|166,1378943233,16781056,68954520,67998266,782342,0,782342,0,16604,0,8302,0,0,0,64954,64954,53040992,53040992,4096,4096,0,0,8302,8302,95416823,95416823,95416831,95416831,0,0,0,0,0,0,0,0,4096,256,131072,4,15|4,0,134217728,262144,512,0,0,0,0,988,0,976,0,247,244,0,1,988,0|180,820005563,6,0,0,63963136,0,63963136,0,195727,0,0,244,0,0,0,0,0,0,0,7325324,0,0,0,0,0
1785979669158|1004|stream128_r2f_01|rotating|166,1378943233,33554687,69030575,68073456,68247383,68073456,68247383,68073456,65272,65028,65026,65026,0,0,8311,0,2007227253,2003244624,4096,4096,0,0,65027,65027,80985750,80985747,80985758,80985755,0,0,0,0,0,0,0,0,4096,256,131072,4,15|4,0,134217728,262144,512,0,0,0,0,988,0,976,0,247,244,0,1,988,0|180,126356516,6,64121216,0,0,0,0,0,68109973,0,244,0,3514866114,0,3514866114,0,2080,3490665283,0,38582659,0,0,0,0,0
1785979674173|1004|stream128_r2f_01|fixed|168,1378943233,16781056,75246845,74203690,853680,0,853680,0,18118,0,9059,0,0,0,70882,70882,57877416,57877416,4096,4096,0,0,9059,9059,416411560,416411560,416411568,416411568,0,0,0,0,0,0,0,0,4096,256,131072,4,15|4,0,134217728,262144,512,0,0,0,0,1076,0,1064,0,269,266,0,1,1076,0|182,1141314606,6,0,0,69730304,0,69730304,0,213585,0,0,266,0,0,0,0,0,0,0,7363191,0,0,0,0,0
1785979674173|1004|stream128_r2f_01|rotating|168,1378943233,33558272,75338074,74293868,74483357,74293868,74483357,74293868,71235,70969,70968,70968,0,0,9070,0,2190638056,2186295160,4096,4096,0,0,70968,70968,402919462,402919787,402919470,402919795,0,0,0,0,0,0,0,0,4096,256,131072,4,15|4,0,134217728,262144,512,0,0,0,0,1076,0,1064,0,269,266,0,1,1076,0|182,449022256,6,69991136,0,0,0,0,0,74344038,0,266,0,3836064374,0,3836064374,0,2080,3810165555,0,41440196,0,0,0,0,0
1785979679184|1004|stream128_r2f_01|fixed|170,1378943233,16781056,81532042,80402009,925017,0,925017,0,19632,0,9816,0,0,0,76802,76802,62713824,62713824,4096,4096,0,0,9816,9816,737405632,737405632,737405648,737405648,0,0,0,0,0,0,0,0,4096,256,131072,4,15|4,0,134217728,262144,512,0,0,0,0,1164,0,1152,0,291,288,0,1,1164,0|184,1461660972,6,0,0,75497472,0,75497472,0,231371,0,0,288,0,0,0,0,0,0,0,7408805,0,0,0,0,0
1785979679184|1004|stream128_r2f_01|rotating|170,1378943233,33558272,81598785,80468029,80673017,80468029,80673017,80468029,77154,76866,76865,76865,0,0,9824,0,2372665792,2367964568,4096,4096,0,0,76865,76865,722463199,722463532,722463207,722463540,0,0,0,0,0,0,0,0,4096,256,131072,4,15|4,0,134217728,262144,512,0,0,0,0,1168,0,1156,0,292,289,0,1,1168,0|184,767827925,6,75791232,0,0,0,0,0,80500069,0,289,0,4153420019,0,4153420019,0,2080,4125674643,0,44426732,0,0,0,0,0
1785979684193|1004|stream128_r2f_01|fixed|172,1378943233,16781056,87809077,86593052,996256,0,996256,0,21144,0,10572,0,0,0,82718,82718,67543872,67543872,4096,4096,0,0,10572,10572,1057968258,1057968258,1057968266,1057968266,0,0,0,0,0,0,0,0,4096,256,131072,4,15|5,0,134217728,262144,512,0,0,0,0,1256,0,1244,0,314,311,0,1,1256,0|186,1783532191,6,0,0,81526784,0,81526784,0,249276,0,0,311,0,0,0,0,0,0,0,7457029,0,0,0,0,0
1785979684193|1004|stream128_r2f_01|rotating|172,1378943233,33554687,87930215,86711910,86932545,86711910,86932545,86711910,83145,82835,82832,82832,0,0,10587,0,2556879994,2551804069,4096,4096,0,0,82833,82833,1045943089,1045943102,1045943097,1045943110,0,0,0,0,0,0,0,0,4096,256,131072,4,15|4,0,134217728,262144,512,0,0,0,0,1256,0,1244,0,314,311,0,1,1256,0|186,1091797935,6,81679272,0,0,0,0,0,86755934,0,311,0,180950723,1,180950723,1,2080,151512698,1,47282623,0,0,0,0,0
1785979689207|1004|stream128_r2f_01|fixed|174,1378943233,16780339,94088328,92785695,1067580,0,1067580,0,22658,0,11328,0,0,0,88634,88634,72375932,72375932,4096,4096,0,0,11329,11329,1378765781,1378765781,1378765789,1378765789,0,0,0,0,0,0,0,0,4096,256,131072,4,15|4,0,134217728,262144,512,0,0,0,0,1344,0,1332,0,336,333,0,1,1344,0|188,2104108989,6,0,0,87293952,0,87293952,0,267087,0,0,333,0,0,0,0,0,0,0,7497264,0,0,0,0,0
1785979689207|1004|stream128_r2f_01|rotating|174,1378943233,33554687,94188949,92885206,93120318,92885206,93120318,92885206,89063,88731,88728,88728,0,0,11340,0,2738874096,2733439720,4096,4096,0,0,88729,88729,1365429741,1365429754,1365429693,1365429730,0,0,0,0,0,0,0,0,4096,256,131072,4,15|4,0,134217728,262144,512,0,0,0,0,1344,0,1332,0,336,333,0,1,1344,0|188,1411874800,6,87499456,0,0,0,0,0,92939499,0,333,0,499572542,1,499572542,1,2080,468426106,1,50140102,0,0,0,0,0
1785979694211|1004|stream128_r2f_01|fixed|176,1378943233,16781056,100367381,98977586,1138741,0,1138741,0,24168,0,12084,0,0,0,94548,94548,77203968,77203968,4096,4096,0,0,12084,12084,1698904822,1698904822,1698904830,1698904830,0,0,0,0,0,0,0,0,4096,256,131072,4,15|4,0,134217728,262144,512,0,0,0,0,1432,0,1420,0,358,355,0,1,1432,0|190,2423939978,6,0,0,93061120,0,93061120,0,284850,0,0,355,0,0,0,0,0,0,0,7546514,0,0,0,0,0
1785979694211|1004|stream128_r2f_01|rotating|176,1378943233,33554687,100463997,99072712,99324124,99072712,99324124,99072712,94995,94641,94638,94638,0,0,12096,0,2921306048,2915512768,4096,4096,0,0,94639,94639,1685678466,1685678471,1685678426,1685678439,0,0,0,0,0,0,0,0,4096,256,131072,4,15|4,0,134217728,262144,512,0,0,0,0,1436,0,1424,0,359,356,0,1,1436,0|190,1733372911,6,93346976,0,0,0,0,0,99148318,0,356,0,819608773,1,819608773,1,2080,786622018,1,53130582,0,0,0,0,0
1785979699213|1004|stream128_r2f_01|fixed|178,1378943233,16781056,106637282,105160383,1209890,0,1209890,0,25678,0,12839,0,0,0,100453,100453,82027616,82027616,4096,4096,0,0,12839,12839,2019039921,2019039921,2019039929,2019039929,0,0,0,0,0,0,0,0,4096,256,131072,4,15|4,0,134217728,262144,512,0,0,0,0,1520,0,1508,0,380,377,0,1,1520,0|192,2743547260,6,0,0,98828288,0,98828288,0,302613,0,0,377,0,0,0,0,0,0,0,7583675,0,0,0,0,0
1785979699213|1004|stream128_r2f_01|rotating|178,1378943233,33554687,106711924,105234264,105501188,105234264,105501188,105234264,100902,100526,100523,100523,0,0,12848,0,3102953749,3096801184,4096,4096,0,0,100524,100524,2004564104,2004564109,2004564112,2004564093,0,0,0,0,0,0,0,0,4096,256,131072,4,15|4,0,134217728,262144,512,0,0,0,0,1524,0,1512,0,381,378,0,1,1524,0|192,2049887241,6,99106240,0,0,0,0,0,105263219,0,378,0,1134683287,1,1134683287,1,2080,1099974885,1,55988020,0,0,0,0,0
1785979704226|1004|stream128_r2f_01|fixed|180,1378943233,16781056,112926353,111362056,1281224,0,1281224,0,27192,0,13596,0,0,0,106377,106377,86864024,86864024,4096,4096,0,0,13596,13596,2340034547,2340034547,2340034555,2340034555,0,0,0,0,0,0,0,0,4096,256,131072,4,15|5,0,134217728,262144,512,0,0,0,0,1612,0,1600,0,403,400,0,1,1612,0|194,3064633460,6,0,0,104857600,0,104857600,0,320470,0,0,400,0,0,0,0,0,0,0,7637806,0,0,0,0,0
1785979704226|1004|stream128_r2f_01|rotating|180,1378943233,33557555,112991153,111425579,111709175,111425579,111709175,111425579,106840,106441,106439,106439,0,0,13604,0,3285554765,3279026136,4096,4096,0,0,106440,106440,2325235958,2325235971,2325235966,2325235947,0,0,0,0,0,0,0,0,4096,256,131072,4,15|4,0,134217728,262144,512,0,0,0,0,1612,0,1600,0,403,400,0,1,1612,0|194,2370577886,6,104936640,0,0,0,0,0,111458123,0,400,0,1453916332,1,1453916332,1,2080,1417501434,1,58845580,0,0,0,0,0
1785979709238|1004|stream128_r2f_01|fixed|182,1378943233,16781056,119204662,117552923,1352561,0,1352561,0,28706,0,14353,0,0,0,112292,112292,91700472,91700472,4096,4096,0,0,14353,14353,2660833434,2660833434,2660833442,2660833442,0,0,0,0,0,0,0,0,4096,256,131072,4,15|4,0,134217728,262144,512,0,0,0,0,1700,0,1688,0,425,422,0,1,1700,0|196,3385135880,6,0,0,110624768,0,110624768,0,338258,0,0,422,0,0,0,0,0,0,0,7688657,0,0,0,0,0
1785979709238|1004|stream128_r2f_01|rotating|182,1378943233,33558272,119279909,117627403,117926595,117627403,117926595,117627403,112786,112365,112363,112363,0,0,14361,0,3468417360,3461528128,4096,4096,0,0,112363,112363,2646213906,2646214255,2646213914,2646214263,0,0,0,0,0,0,0,0,4096,256,131072,4,15|4,0,134217728,262144,512,0,0,0,0,1700,0,1688,0,425,422,0,1,1700,0|196,2691624341,6,110774944,0,0,0,0,0,117661230,0,422,0,1773503211,1,1773503211,1,2080,1735381915,1,61704739,0,0,0,0,0
1785979714247|1004|stream128_r2f_01|fixed|184,1378943233,16781056,125486352,123747651,1423802,0,1423802,0,30218,0,15109,0,0,0,118209,118209,96530520,96530520,4096,4096,0,0,15109,15109,2981394359,2981394359,2981394367,2981394367,0,0,0,0,0,0,0,0,4096,256,131072,4,15|4,0,134217728,262144,512,0,0,0,0,1788,0,1776,0,447,444,0,1,1788,0|198,3705669153,6,0,0,116391936,0,116391936,0,356068,0,0,444,0,0,0,0,0,0,0,7736887,0,0,0,0,0
1785979714247|1004|stream128_r2f_01|rotating|184,1378943233,33554687,125560614,123821041,124136056,123821041,124136056,123821041,118724,118282,118278,118278,0,0,15117,0,3651025048,3643776267,4096,4096,0,0,118279,118279,2966770766,2966770755,2966770774,2966770763,0,0,0,0,0,0,0,0,4096,256,131072,4,15|4,0,134217728,262144,512,0,0,0,0,1788,0,1776,0,447,444,0,1,1788,0|198,3012162219,6,116605344,0,0,0,0,0,123854238,0,444,0,2092583489,1,2092583489,1,2080,2052759740,1,64558256,0,0,0,0,0
1785979719262|1004|stream128_r2f_01|fixed|186,1378943233,16781056,131778482,129953506,1495141,0,1495141,0,31732,0,15866,0,0,0,124136,124136,101366936,101366936,4096,4096,0,0,15866,15866,3302384462,3302384462,3302384470,3302384470,0,0,0,0,0,0,0,0,4096,256,131072,4,15|4,0,134217728,262144,512,0,0,0,0,1876,0,1864,0,469,466,0,1,1876,0|200,4026679574,6,0,0,122159104,0,122159104,0,373902,0,0,466,0,0,0,0,0,0,0,7779358,0,0,0,0,0
1785979719262|1004|stream128_r2f_01|rotating|186,1378943233,33554687,131855273,130029110,130359288,130029110,130359288,130029110,124676,124212,124208,124208,0,0,15875,0,3834072061,3826463320,4096,4096,0,0,124209,124209,3288081894,3288081891,3288081902,3288081899,0,0,0,0,0,0,0,0,4096,256,131072,4,15|4,0,134217728,262144,512,0,0,0,0,1880,0,1868,0,470,467,0,1,1880,0|200,3332990630,6,122437056,0,0,0,0,0,130049950,0,467,0,2411953972,1,2411953972,1,2080,2370294675,1,67540571,0,0,0,0,0
1785979724266|1004|stream128_r2f_01|fixed|188,1378943233,16781056,138048941,136138888,1566286,0,1566286,0,33242,0,16621,0,0,0,130043,130043,106190568,106190568,4096,4096,0,0,16621,16621,3622514814,3622514814,3622514822,3622514822,0,0,0,0,0,0,0,0,4096,256,131072,4,15|5,0,134217728,262144,512,0,0,0,0,1968,0,1956,0,492,489,0,1,1968,0|202,52012392,7,0,0,128188416,0,128188416,0,391712,0,0,489,0,0,0,0,0,0,0,7829100,0,0,0,0,0
1785979724266|1004|stream128_r2f_01|rotating|188,1378943233,33558272,138137018,136225214,136569696,136225214,136569696,136225214,130616,130129,130126,130126,0,0,16632,0,4016726544,4008743144,4096,4096,0,0,130126,130126,3608826143,3608826492,3608826151,3608826500,0,0,0,0,0,0,0,0,4096,256,131072,4,15|4,0,134217728,262144,512,0,0,0,0,1968,0,1956,0,492,489,0,1,1968,0|202,3654693659,6,128291168,0,0,0,0,0,136266559,0,489,0,2732193473,1,2732193473,1,2080,2688837562,1,70393340,0,0,0,0,0
1785979729281|1004|stream128_r2f_01|fixed|190,1378943233,16781056,144335115,142336762,1637622,0,1637622,0,34756,0,17378,0,0,0,135964,135964,111027008,111027008,4096,4096,0,0,17378,17378,3943309428,3943309428,3943309436,3943309436,0,0,0,0,0,0,0,0,4096,256,131072,4,15|4,0,134217728,262144,512,0,0,0,0,2048,0,2044,0,512,511,0,1,2048,0|204,374195983,7,0,0,133955584,0,133955584,0,409617,0,0,511,0,0,0,0,0,0,0,7877696,0,0,0,0,0
1785979729281|1004|stream128_r2f_01|rotating|190,1378943233,33554687,144423839,142424425,142785179,142424425,142785179,142424425,136561,136052,136048,136048,0,0,17389,0,4199528540,4191184959,4096,4096,0,0,136049,136049,3929731331,3929731344,3929731339,3929731352,0,0,0,0,0,0,0,0,4096,256,131072,4,15|4,0,134217728,262144,512,0,0,0,0,2048,0,2044,0,512,511,0,1,2048,0|204,3975078891,6,134113664,0,0,0,0,0,142456210,0,511,0,3051123081,1,3051123081,1,2080,3006061531,1,73248346,0,0,0,0,0
1785979735227|1005|stream128_r2f_02|fixed|194,1378943233,16781056,6148086,6063819,69643,0,69643,0,1478,0,739,0,0,0,5791,5791,4721392,4721392,4096,4096,0,0,739,739,29161789,29161789,29161797,29161797,0,0,0,0,0,0,0,0,4096,256,131072,4,15|4,0,134217728,262144,512,0,0,0,0,96,0,84,0,24,21,0,1,96,0|212,754022006,7,0,0,5505024,0,5505024,0,17575,0,0,21,0,0,0,0,0,0,0,6889914,0,0,0,0,0
1785979735227|1005|stream128_r2f_02|rotating|194,1378943233,33558272,6236032,6150153,6165355,6150153,6165355,6150153,5897,5874,5874,5874,0,0,750,0,181318480,180959632,4096,4096,0,0,5874,5874,15580767,15581116,15580783,15581124,0,0,0,0,0,0,0,0,4096,256,131072,4,15|4,0,134217728,262144,512,0,0,0,0,100,0,88,0,25,22,0,1,100,0|212,61105554,7,5830400,0,0,0,0,0,6190904,0,22,0,324128295,0,324128295,0,2080,317229188,0,9782269,0,0,0,0,0
1785979740272|1005|stream128_r2f_02|fixed|196,1378943233,16780339,12464632,12292276,141417,0,141417,0,3001,0,1500,0,0,0,11744,11744,9584912,9584912,4096,4096,0,0,1501,1501,352101192,352101192,352101168,352101168,0,0,0,0,0,0,0,0,4096,256,131072,4,15|4,0,134217728,262144,512,0,0,0,0,188,0,176,0,47,44,0,1,188,0|214,1077736174,7,0,0,11534336,0,11534336,0,35550,0,0,44,0,0,0,0,0,0,0,6933295,0,0,0,0,0
1785979740272|1005|stream128_r2f_02|rotating|196,1378943233,33554687,12556843,12383375,12414451,12383375,12414451,12383375,11876,11831,11830,11830,0,0,1511,0,365194159,364476874,4096,4096,0,0,11831,11831,338342253,338342274,338342269,338342282,0,0,0,0,0,0,0,0,4096,256,131072,4,15|4,0,134217728,262144,512,0,0,0,0,188,0,176,0,47,44,0,1,188,0|214,383842823,7,11700320,0,0,0,0,0,12423867,0,44,0,645398084,0,645398084,0,2080,636806503,0,12634292,0,0,0,0,0
1785979745276|1005|stream128_r2f_02|fixed|198,1378943233,16781056,18738217,18478270,212597,0,212597,0,4512,0,2256,0,0,0,17654,17654,14413472,14413472,4096,4096,0,0,2256,2256,672239163,672239163,672239171,672239171,0,0,0,0,0,0,0,0,4096,256,131072,4,15|4,0,134217728,262144,512,0,0,0,0,276,0,264,0,69,66,0,1,276,0|216,1396794144,7,0,0,17301504,0,17301504,0,53290,0,0,66,0,0,0,0,0,0,0,6977030,0,0,0,0,0
1785979745276|1005|stream128_r2f_02|rotating|198,1378943233,33554687,18813320,18552493,18599874,18552493,18599874,18552493,17793,17726,17725,17725,0,0,2265,0,547140632,546064888,4096,4096,0,0,17726,17726,657754732,657754721,657754716,657754729,0,0,0,0,0,0,0,0,4096,256,131072,4,15|4,0,134217728,262144,512,0,0,0,0,276,0,264,0,69,66,0,1,276,0|216,702992816,7,17507008,0,0,0,0,0,18588412,0,66,0,963096405,0,963096405,0,2080,952791520,0,15493569,0,0,0,0,0
1785979750278|1005|stream128_r2f_02|fixed|200,1378943233,16781056,25009759,24663174,283746,0,283746,0,6022,0,3011,0,0,0,23562,23562,19237128,19237128,4096,4096,0,0,3011,3011,992373720,992373720,992373728,992373728,0,0,0,0,0,0,0,0,4096,256,131072,4,15|4,0,134217728,262144,512,0,0,0,0,364,0,352,0,91,88,0,1,364,0|218,1716832271,7,0,0,23068672,0,23068672,0,71077,0,0,88,0,0,0,0,0,0,0,7020482,0,0,0,0,0
1785979750278|1005|stream128_r2f_02|rotating|200,1378943233,33554687,25084682,24737286,24800090,24737286,24800090,24737286,23723,23634,23633,23633,0,0,3020,0,729511866,728077365,4096,4096,0,0,23634,23634,977893500,977893513,977893508,977893521,0,0,0,0,0,0,0,0,4096,256,131072,4,15|4,0,134217728,262144,512,0,0,0,0,364,0,352,0,91,88,0,1,364,0|218,1023340554,7,23329504,0,0,0,0,0,24777199,0,88,0,1281988519,0,1281988519,0,2080,1269976134,0,18350436,0,0,0,0,0
1785979755287|1005|stream128_r2f_02|fixed|202,1378943233,16781056,31296051,30862470,354986,0,354986,0,7534,0,3767,0,0,0,29483,29483,24067096,24067096,4096,4096,0,0,3767,3767,1312935885,1312935885,1312935893,1312935893,0,0,0,0,0,0,0,0,4096,256,131072,4,15|4,0,134217728,262144,512,0,0,0,0,452,0,440,0,114,111,0,1,456,0|220,2037588755,7,0,0,29097984,0,29097984,0,88911,0,0,111,0,0,0,0,0,0,0,7059030,0,0,0,0,0
1785979755287|1005|stream128_r2f_02|rotating|202,1378943233,33554687,31359582,30924549,31003749,30924549,31003749,30924549,29656,29544,29543,29543,0,0,3776,0,911944173,910133184,4096,4096,0,0,29544,29544,1298260257,1298260262,1298260265,1298260270,0,0,0,0,0,0,0,0,4096,256,131072,4,15|4,0,134217728,262144,512,0,0,0,0,456,0,444,0,114,111,0,1,456,0|220,1343611401,7,29153312,0,0,0,0,0,30962732,0,111,0,1600803414,0,1600803414,0,2080,1586951907,0,21334628,0,0,0,0,0
1785979760295|1005|stream128_r2f_02|fixed|204,1378943233,16781056,37572545,37050413,426321,0,426321,0,9048,0,4524,0,0,0,35396,35396,28903552,28903552,4096,4096,0,0,4524,4524,1633733261,1633733261,1633733269,1633733269,0,0,0,0,0,0,0,0,4096,256,131072,4,15|4,0,134217728,262144,512,0,0,0,0,544,0,532,0,136,133,0,1,544,0|222,2358464257,7,0,0,34865152,0,34865152,0,106721,0,0,133,0,0,0,0,0,0,0,7114876,0,0,0,0,0
1785979760295|1005|stream128_r2f_02|rotating|204,1378943233,33558272,37664894,37141801,37237536,37141801,37237536,37141801,35617,35483,35483,35483,0,0,4535,0,1095288440,1093118184,4096,4096,0,0,35483,35483,1620081809,1620082158,1620081817,1620082166,0,0,0,0,0,0,0,0,4096,256,131072,4,15|4,0,134217728,262144,512,0,0,0,0,544,0,532,0,136,133,0,1,544,0|222,1666091682,7,35023232,0,0,0,0,0,37193109,0,133,0,1921816215,0,1921816215,0,2079,1906266402,0,24192483,0,0,0,0,0
1785979765297|1005|stream128_r2f_02|fixed|206,1378943233,16781056,43845990,43235938,497470,0,497470,0,10558,0,5279,0,0,0,41304,41304,33727248,33727248,4096,4096,0,0,5279,5279,1953867756,1953867756,1953867764,1953867764,0,0,0,0,0,0,0,0,4096,256,131072,4,15|4,0,134217728,262144,512,0,0,0,0,632,0,620,0,158,155,0,1,632,0|224,2679474900,7,0,0,40632320,0,40632320,0,124556,0,0,155,0,0,0,0,0,0,0,7152871,0,0,0,0,0
1785979765297|1005|stream128_r2f_02|rotating|206,1378943233,33554687,43950838,43339595,43452236,43339595,43452236,43339595,41559,41403,41403,41402,0,0,5291,0,1278022746,1275493421,4096,4096,0,0,41403,41403,1940861055,1940861372,1940861063,1940861380,0,0,0,0,0,0,0,0,4096,256,131072,4,15|4,0,134217728,262144,512,0,0,0,0,632,0,620,0,158,155,0,1,632,0|224,1986843553,7,40853632,0,0,0,0,0,43390441,0,155,0,2241110486,0,2241110486,0,2080,2223854928,0,27049292,0,0,0,0,0
1785979770311|1005|stream128_r2f_02|fixed|208,1378943233,16781056,50133732,49436054,568807,0,568807,0,12072,0,6036,0,0,0,47226,47226,38563672,38563672,4096,4096,0,0,6036,6036,2274858756,2274858756,2274858764,2274858764,0,0,0,0,0,0,0,0,4096,256,131072,4,15|4,0,134217728,262144,512,0,0,0,0,720,0,708,0,180,177,0,1,720,0|226,2999109143,7,0,0,46399488,0,46399488,0,142320,0,0,177,0,0,0,0,0,0,0,7195102,0,0,0,0,0
1785979770311|1005|stream128_r2f_02|rotating|208,1378943233,33554687,50214662,49516117,49645008,49516117,49645008,49516117,47482,47304,47302,47302,0,0,6045,0,1460141562,1457252077,4096,4096,0,0,47303,47303,2260560644,2260560657,2260560652,2260560665,0,0,0,0,0,0,0,0,4096,256,131072,4,15|4,0,134217728,262144,512,0,0,0,0,720,0,708,0,181,178,0,1,724,0|226,2306719869,7,46669536,0,0,0,0,0,49567380,0,178,0,2559532826,0,2559532826,0,2080,2540437399,0,30032534,0,0,0,0,0
1785979775312|1005|stream128_r2f_02|fixed|210,1378943233,16781056,56395193,55609220,639861,0,639861,0,13580,0,6790,0,0,0,53130,53130,43380888,43380888,4096,4096,0,0,6790,6790,2594562383,2594562383,2594562399,2594562399,0,0,0,0,0,0,0,0,4096,256,131072,4,15|4,0,134217728,262144,512,0,0,0,0,808,0,796,0,202,199,0,1,808,0|228,3319059027,7,0,0,52166656,0,52166656,0,160106,0,0,199,0,0,0,0,0,0,0,7233960,0,0,0,0,0
1785979775312|1005|stream128_r2f_02|rotating|210,1378943233,33558272,56469159,55681608,55828359,55681608,55828359,55681608,53401,53202,53200,53200,0,0,6800,0,1642177072,1638911640,4096,4096,0,0,53200,53200,2580105481,2580084046,2580105489,2580084054,0,0,0,0,0,0,0,0,4096,256,131072,4,15|4,0,134217728,262144,512,0,0,0,0,812,0,800,0,203,200,0,1,812,0|228,2625397770,7,52468320,0,0,0,0,0,55717467,0,200,0,2876761031,0,2876761031,0,2080,2855953170,0,32889244,0,0,0,0,0
1785979780325|1005|stream128_r2f_02|fixed|212,1378943233,16781056,62676811,61803998,711288,0,711288,0,15096,0,7548,0,0,0,59052,59052,48223728,48223728,4096,4096,0,0,7548,7548,2915666010,2915666010,2915666018,2915666018,0,0,0,0,0,0,0,0,4096,256,131072,4,15|4,0,134217728,262144,512,0,0,0,0,900,0,888,0,225,222,0,1,900,0|230,3639940575,7,0,0,58195968,0,58195968,0,177940,0,0,222,0,0,0,0,0,0,0,7278671,0,0,0,0,0
1785979780325|1005|stream128_r2f_02|rotating|212,1378943233,33558272,62748367,61874917,62036324,61874917,62036324,61874917,59344,59123,59120,59120,0,0,7556,0,1824915072,1821292480,4096,4096,0,0,59120,59120,2901013908,2901014225,2901013916,2901014233,0,0,0,0,0,0,0,0,4096,256,131072,4,15|4,0,134217728,262144,512,0,0,0,0,900,0,888,0,225,222,0,1,900,0|230,2946930061,7,58314528,0,0,0,0,0,61924262,0,222,0,3196831770,0,3196831770,0,2080,3174317935,0,35749676,0,0,0,0,0
1785979785325|1005|stream128_r2f_02|fixed|214,1378943233,16781056,68941808,67982181,782342,0,782342,0,16604,0,8302,0,0,0,64958,64958,53040992,53040992,4096,4096,0,0,8302,8302,3235500165,3235500165,3235500173,3235500173,0,0,0,0,0,0,0,0,4096,256,131072,4,15|4,0,134217728,262144,512,0,0,0,0,988,0,976,0,247,244,0,1,988,0|232,3960733325,7,0,0,63963136,0,63963136,0,195774,0,0,244,0,0,0,0,0,0,0,7325487,0,0,0,0,0
1785979785325|1005|stream128_r2f_02|rotating|214,1378943233,33558272,69044511,68083879,68261036,68083879,68261036,68083879,65301,65058,65055,65055,0,0,8314,0,2008117160,2004134584,4096,4096,0,0,65055,65055,3222601377,3222601710,3222601385,3222601718,0,0,0,0,0,0,0,0,4096,256,131072,4,15|4,0,134217728,262144,512,0,0,0,0,988,0,976,0,247,244,0,1,988,0|232,3268652874,7,64160736,0,0,0,0,0,68136330,0,244,0,3517093031,0,3517093031,0,2080,3492874411,0,38608919,0,0,0,0,0
1785979790336|1005|stream128_r2f_02|fixed|216,1378943233,16781056,75225253,74178459,853680,0,853680,0,18118,0,9059,0,0,0,70877,70877,57877416,57877416,4096,4096,0,0,9059,9059,3556491320,3556491320,3556491328,3556491328,0,0,0,0,0,0,0,0,4096,256,131072,4,15|4,0,134217728,262144,512,0,0,0,0,1076,0,1064,0,269,266,0,1,1076,0|234,4280961158,7,0,0,69730304,0,69730304,0,213561,0,0,266,0,0,0,0,0,0,0,7373445,0,0,0,0,0
1785979790336|1005|stream128_r2f_02|rotating|216,1378943233,33554687,75293146,74245497,74438710,74245497,74438710,74245497,71210,70944,70940,70940,0,0,9067,0,2189799000,2185457408,4096,4096,0,0,70941,70941,3541547874,3541547871,3541547842,3541547855,0,0,0,0,0,0,0,0,4096,256,131072,4,15|4,0,134217728,262144,512,0,0,0,0,1076,0,1064,0,269,266,0,1,1076,0|234,3586974933,7,69951616,0,0,0,0,0,74285414,0,266,0,3833967370,0,3833967370,0,2069,3808037360,0,41462888,0,0,0,0,0
1785979795346|1005|stream128_r2f_02|fixed|218,1378943233,16781056,81503665,80370903,924829,0,924829,0,19628,0,9814,0,0,0,76791,76791,62701064,62701064,4096,4096,0,0,9814,9814,3876624907,3876624907,3876624915,3876624915,0,0,0,0,0,0,0,0,4096,256,131072,4,15|4,0,134217728,262144,512,0,0,0,0,1164,0,1152,0,291,288,0,1,1164,0|236,307023409,8,0,0,75497472,0,75497472,0,231395,0,0,288,0,0,0,0,0,0,0,7422682,0,0,0,0,0
1785979795346|1005|stream128_r2f_02|rotating|218,1378943233,33554687,81595205,80460774,80669249,80460774,80669249,80460774,77170,76881,76877,76877,0,0,9826,0,2373048337,2368333364,4096,4096,0,0,76878,76878,3863349207,3863349180,3863349215,3863349188,0,0,0,0,0,0,0,0,4096,256,131072,4,15|4,0,134217728,262144,512,0,0,0,0,1168,0,1156,0,292,289,0,1,1168,0|236,3914874992,7,75917696,0,0,0,0,0,80619050,0,289,0,4160375909,0,4160375909,0,2080,4132635131,0,44449272,0,0,0,0,0
1785979800358|1005|stream128_r2f_02|fixed|220,1378943233,16781056,87789216,86568904,996161,0,996161,0,21142,0,10571,0,0,0,82715,82715,67537480,67537480,4096,4096,0,0,10571,10571,4197617599,4197617599,4197617607,4197617607,0,0,0,0,0,0,0,0,4096,256,131072,4,15|4,0,134217728,262144,512,0,0,0,0,1256,0,1244,0,314,311,0,1,1256,0|238,627412804,8,0,0,81526784,0,81526784,0,249205,0,0,311,0,0,0,0,0,0,0,7475295,0,0,0,0,0
1785979800358|1005|stream128_r2f_02|rotating|220,1378943233,33554687,87859268,86637421,86862258,86637421,86862258,86637421,83095,82784,82780,82780,0,0,10580,0,2555273867,2550199854,4096,4096,0,0,82781,82781,4183229909,4183229922,4183229917,4183229930,0,0,0,0,0,0,0,0,4096,256,131072,4,15|4,0,134217728,262144,512,0,0,0,0,1256,0,1244,0,314,311,0,1,1256,0|238,4229059652,7,81629536,0,0,0,0,0,86684320,0,311,0,178165313,1,178165313,1,2080,148694701,1,47304715,0,0,0,0,0
1785979805363|1005|stream128_r2f_02|fixed|222,1378943233,16781056,94057662,92750480,1067405,0,1067405,0,22654,0,11327,0,0,0,88620,88620,72367536,72367536,4096,4096,0,0,11327,11327,223016611,223016611,223016619,223016619,0,0,0,0,0,0,0,0,4096,256,131072,4,15|4,0,134217728,262144,512,0,0,0,0,1344,0,1332,0,336,333,0,1,1344,0|240,947333341,8,0,0,87293952,0,87293952,0,266969,0,0,333,0,0,0,0,0,0,0,7529457,0,0,0,0,0
1785979805363|1005|stream128_r2f_02|rotating|222,1378943233,33554687,94133319,92825083,93065066,92825083,93065066,92825083,89029,88695,88691,88691,0,0,11336,0,2737715971,2732283422,4096,4096,0,0,88692,88692,208533242,208533239,208533250,208533247,0,0,0,0,0,0,0,0,4096,256,131072,4,15|4,0,134217728,262144,512,0,0,0,0,1344,0,1332,0,336,333,0,1,1344,0|240,254021249,8,87444128,0,0,0,0,0,92865106,0,333,0,496640558,1,496640558,1,2080,465462006,1,50160325,0,0,0,0,0
1785979810367|1005|stream128_r2f_02|fixed|224,1378943233,16781056,100338368,98942572,1138646,0,1138646,0,24166,0,12083,0,0,0,94534,94534,77197584,77197584,4096,4096,0,0,12083,12083,543579042,543579042,543579050,543579050,0,0,0,0,0,0,0,0,4096,256,131072,4,15|4,0,134217728,262144,512,0,0,0,0,1432,0,1420,0,358,355,0,1,1432,0|242,1267748837,8,0,0,93061120,0,93061120,0,284779,0,0,355,0,0,0,0,0,0,0,7576981,0,0,0,0,0
1785979810367|1005|stream128_r2f_02|rotating|224,1378943233,33554687,100427612,99030712,99288020,99030712,99288020,99030712,94979,94623,94619,94619,0,0,12093,0,2920696158,2914904625,4096,4096,0,0,94620,94620,529732942,529732915,529732950,529732923,0,0,0,0,0,0,0,0,4096,256,131072,4,15|4,0,134217728,262144,512,0,0,0,0,1432,0,1420,0,358,355,0,1,1432,0|242,576027470,8,93306144,0,0,0,0,0,99087215,0,355,0,817181275,1,817181275,1,2080,784305540,1,53015360,0,0,0,0,0
1785979815370|1005|stream128_r2f_02|fixed|226,1378943233,16781056,106607899,105126047,1209702,0,1209702,0,25674,0,12837,0,0,0,100440,100440,82014864,82014864,4096,4096,0,0,12837,12837,863281915,863281915,863281923,863281923,0,0,0,0,0,0,0,0,4096,256,131072,4,15|4,0,134217728,262144,512,0,0,0,0,1520,0,1508,0,380,377,0,1,1520,0|244,1587910344,8,0,0,98828288,0,98828288,0,302566,0,0,377,0,0,0,0,0,0,0,7615875,0,0,0,0,0
1785979815370|1005|stream128_r2f_02|rotating|226,1378943233,33554687,106699799,105217023,105489063,105217023,105489063,105217023,100909,100531,100527,100527,0,0,12848,0,3103064565,3096913296,4096,4096,0,0,100528,100528,849865617,849865614,849865625,849865622,0,0,0,0,0,0,0,0,4096,256,131072,4,15|4,0,134217728,262144,512,0,0,0,0,1524,0,1512,0,381,378,0,1,1524,0|244,895800837,8,99114144,0,0,0,0,0,105262628,0,378,0,1135502642,1,1135502642,1,2080,1100783188,1,56000755,0,0,0,0,0
1785979820378|1005|stream128_r2f_02|fixed|228,1378943233,16781056,112887059,111318461,1280942,0,1280942,0,27186,0,13593,0,0,0,106356,106356,86844832,86844832,4096,4096,0,0,13593,13593,1183844359,1183844359,1183844367,1183844367,0,0,0,0,0,0,0,0,4096,256,131072,4,15|4,0,134217728,262144,512,0,0,0,0,1608,0,1600,0,403,400,0,1,1612,0|246,1908524900,8,0,0,104857600,0,104857600,0,320400,0,0,400,0,0,0,0,0,0,0,7645888,0,0,0,0,0
1785979820378|1005|stream128_r2f_02|rotating|228,1378943233,33554687,112960391,111390126,111678508,111390126,111678508,111390126,106829,106431,106425,106424,0,0,13603,0,3285117727,3278592736,4096,4096,0,0,106425,106425,1169566906,1169567167,1169566914,1169567127,0,0,0,0,0,0,0,0,4096,256,131072,4,15|4,0,134217728,262144,512,0,0,0,0,1612,0,1600,0,403,400,0,1,1612,0|246,1215029180,8,104920832,0,0,0,0,0,111428894,0,400,0,1453279313,1,1453279313,1,2080,1416851744,1,58854843,0,0,0,0,0
1785979825378|1005|stream128_r2f_02|fixed|230,1378943233,16781056,119153386,117497359,1352088,0,1352088,0,28696,0,14348,0,0,0,112259,112259,91668528,91668528,4096,4096,0,0,14348,14348,1503655783,1503655783,1503655791,1503655791,0,0,0,0,0,0,0,0,4096,256,131072,4,15|4,0,134217728,262144,512,0,0,0,0,1700,0,1688,0,425,422,0,1,1700,0|248,2227752696,8,0,0,110624768,0,110624768,0,338140,0,0,422,0,0,0,0,0,0,0,7684917,0,0,0,0,0
1785979825378|1005|stream128_r2f_02|rotating|230,1378943233,33556599,119205566,117548809,117852818,117548809,117852818,117548809,112735,112314,112308,112308,0,0,14355,0,3466719323,3459833934,4096,4096,0,0,112309,112309,1488378082,1488378095,1488378090,1488378103,0,0,0,0,0,0,0,0,4096,256,131072,4,15|4,0,134217728,262144,512,0,0,0,0,1700,0,1688,0,425,422,0,1,1700,0|248,1534016820,8,110727520,0,0,0,0,0,117591368,0,422,0,1770815281,1,1770815281,1,2080,1732676078,1,61712450,0,0,0,0,0
1785979830392|1005|stream128_r2f_02|fixed|232,1378943233,16781056,125444750,123702560,1423520,0,1423520,0,30212,0,15106,0,0,0,118185,118185,96511376,96511376,4096,4096,0,0,15106,15106,1825204160,1825204160,1825204168,1825204168,0,0,0,0,0,0,0,0,4096,256,131072,4,15|4,0,134217728,262144,512,0,0,0,0,1788,0,1776,0,447,444,0,1,1788,0|250,2548556032,8,0,0,116391936,0,116391936,0,355950,0,0,444,0,0,0,0,0,0,0,7728309,0,0,0,0,0
1785979830392|1005|stream128_r2f_02|rotating|232,1378943233,33554687,125495648,123752915,124071563,123752915,124071563,123752915,118682,118241,118233,118233,0,0,15112,0,3649626560,3642381908,4096,4096,0,0,118234,118234,1809443915,1809443888,1809443883,1809443896,0,0,0,0,0,0,0,0,4096,256,131072,4,15|4,0,134217728,262144,512,0,0,0,0,1788,0,1776,0,447,444,0,1,1788,0|250,1854633139,8,116557920,0,0,0,0,0,123786009,0,444,0,2089974000,1,2089974000,1,2080,2050130619,1,64567692,0,0,0,0,0
1785979835398|1005|stream128_r2f_02|fixed|234,1378943233,16780339,131723760,129893990,1494736,0,1494736,0,31723,0,15861,0,0,0,124100,124100,101336672,101336672,4096,4096,0,0,15862,15862,2145767563,2145767563,2145767539,2145767539,0,0,0,0,0,0,0,0,4096,256,131072,4,15|4,0,134217728,262144,512,0,0,0,0,1876,0,1864,0,469,466,0,1,1876,0|252,2869766231,8,0,0,122159104,0,122159104,0,373809,0,0,466,0,0,0,0,0,0,0,7772902,0,0,0,0,0
1785979835398|1005|stream128_r2f_02|rotating|234,1378943233,33558272,131788533,129958003,130293110,129958003,130293110,129958003,124631,124168,124161,124161,0,0,15869,0,3832598056,3824992168,4096,4096,0,0,124161,124161,2130614546,2130614863,2130614554,2130614879,0,0,0,0,0,0,0,0,4096,256,131072,4,15|4,0,134217728,262144,512,0,0,0,0,1876,0,1864,0,469,466,0,1,1876,0|252,2176100366,8,122404128,0,0,0,0,0,129996964,0,466,0,2409979675,1,2409979675,1,2080,2368433924,1,67424520,0,0,0,0,0
1785979840403|1005|stream128_r2f_02|fixed|236,1378943233,16781056,137998349,136082207,1565911,0,1565911,0,33234,0,16617,0,0,0,130010,130010,106165000,106165000,4096,4096,0,0,16617,16617,2465902712,2465902712,2465902720,2465902720,0,0,0,0,0,0,0,0,4096,256,131072,4,15|4,0,134217728,262144,512,0,0,0,0,1964,0,1952,0,491,488,0,1,1964,0|254,3190632746,8,0,0,127926272,0,127926272,0,391618,0,0,488,0,0,0,0,0,0,0,7812071,0,0,0,0,0
1785979840403|1005|stream128_r2f_02|rotating|236,1378943233,33554687,138115951,136197921,136548722,136197921,136548722,136197921,130614,130128,130120,130120,0,0,16631,0,4016561985,4008579828,4096,4096,0,0,130121,130121,2453661416,2453661413,2453661424,2453661421,0,0,0,0,0,0,0,0,4096,256,131072,4,15|4,0,134217728,262144,512,0,0,0,0,1968,0,1956,0,492,489,0,1,1968,0|254,2499934799,8,128291168,0,0,0,0,0,136252246,0,489,0,2732342348,1,2732342348,1,2080,2688968204,1,70411559,0,0,0,0,0
1785979845414|1005|stream128_r2f_02|fixed|238,1378943233,16781056,144279839,142275855,1637244,0,1637244,0,34748,0,17374,0,0,0,135927,135927,111001464,111001464,4096,4096,0,0,17374,17374,2786571188,2786571188,2786571196,2786571196,0,0,0,0,0,0,0,0,4096,256,131072,4,15|4,0,134217728,262144,512,0,0,0,0,2048,0,2044,0,512,511,0,1,2048,0|256,3511224006,8,0,0,133955584,0,133955584,0,409452,0,0,511,0,0,0,0,0,0,0,7853093,0,0,0,0,0
1785979845414|1005|stream128_r2f_02|rotating|238,1378943233,33554687,144363677,142358801,142725489,142358801,142725489,142358801,136522,136016,136006,136006,0,0,17384,0,4198232224,4189890851,4096,4096,0,0,136007,136007,2772585873,2772585878,2772585881,2772585886,0,0,0,0,0,0,0,0,4096,256,131072,4,15|4,0,134217728,262144,512,0,0,0,0,2048,0,2044,0,512,511,0,1,2048,0|256,2818529700,8,134082048,0,0,0,0,0,142406575,0,511,0,3049489529,1,3049489529,1,2080,3004404681,1,73264842,0,0,0,0,0
1785979851473|1006|stream128_r2f_03|fixed|242,1378943233,16781056,6156921,6072267,69737,0,69737,0,1480,0,740,0,0,0,5799,5799,4727776,4727776,4096,4096,0,0,740,740,3174938638,3174938638,3174938646,3174938646,0,0,0,0,0,0,0,0,4096,256,131072,4,15|4,0,134217728,262144,512,0,0,0,0,96,0,84,0,24,22,0,1,100,0|264,3899949062,8,0,0,5767168,0,5767168,0,17622,0,0,22,0,0,0,0,0,0,0,6898628,0,0,0,0,0
1785979851473|1006|stream128_r2f_03|rotating|242,1378943233,33554687,6233748,6147609,6163071,6147609,6163071,6147609,5895,5872,5871,5871,0,0,750,0,181242415,180882746,4096,4096,0,0,5872,5872,3160809755,3160809768,3160809763,3160809776,0,0,0,0,0,0,0,0,4096,256,131072,4,15|4,0,134217728,262144,512,0,0,0,0,100,0,88,0,25,22,0,1,100,0|264,3206800267,8,5838304,0,0,0,0,0,6197376,0,22,0,324473147,0,324473147,0,2080,317573924,0,9784070,0,0,0,0,0
1785979856478|1006|stream128_r2f_03|fixed|244,1378943233,16780339,12411672,12240237,140788,0,140788,0,2988,0,1494,0,0,0,11694,11694,9541548,9541548,4096,4096,0,0,1494,1494,3494642857,3494642857,3494642865,3494642865,0,0,0,0,0,0,0,0,4096,256,131072,4,15|4,0,134217728,262144,512,0,0,0,0,188,0,176,0,47,44,0,1,188,0|266,4219564087,8,0,0,11534336,0,11534336,0,35362,0,0,44,0,0,0,0,0,0,0,6931563,0,0,0,0,0
1785979856478|1006|stream128_r2f_03|rotating|244,1378943233,33554687,12499994,12326836,12358168,12326836,12358168,12326836,11824,11778,11777,11777,0,0,1505,0,363538119,362818994,4096,4096,0,0,11778,11778,3480822828,3480822833,3480822836,3480822841,0,0,0,0,0,0,0,0,4096,256,131072,4,15|4,0,134217728,262144,512,0,0,0,0,188,0,176,0,47,44,0,1,188,0|266,3526164183,8,11644992,0,0,0,0,0,12364374,0,44,0,642385391,0,642385391,0,2080,633774756,0,12641455,0,0,0,0,0
1785979861496|1006|stream128_r2f_03|fixed|246,1378943233,16781056,18700093,18441023,212124,0,212124,0,4502,0,2251,0,0,0,17619,17619,14381512,14381512,4096,4096,0,0,2251,2251,3815441369,3815441369,3815441377,3815441377,0,0,0,0,0,0,0,0,4096,256,131072,4,15|4,0,134217728,262144,512,0,0,0,0,276,0,264,0,69,66,0,1,276,0|268,245219077,9,0,0,17301504,0,17301504,0,53172,0,0,66,0,0,0,0,0,0,0,6985024,0,0,0,0,0
1785979861496|1006|stream128_r2f_03|rotating|246,1378943233,33554687,18774363,18514380,18561390,18514380,18561390,18514380,17757,17689,17688,17688,0,0,2260,0,546016560,544938636,4096,4096,0,0,17689,17689,3801142585,3801142574,3801142569,3801142582,0,0,0,0,0,0,0,0,4096,256,131072,4,15|4,0,134217728,262144,512,0,0,0,0,276,0,264,0,69,66,0,1,276,0|268,3846466747,8,17472448,0,0,0,0,0,18551308,0,66,0,961231091,0,961231091,0,2080,950912832,0,15499407,0,0,0,0,0
1785979866507|1006|stream128_r2f_03|fixed|248,1378943233,16781056,24987371,24641183,283461,0,283461,0,6016,0,3008,0,0,0,23541,23541,19217944,19217944,4096,4096,0,0,3008,3008,4136433446,4136433446,4136433454,4136433454,0,0,0,0,0,0,0,0,4096,256,131072,4,15|4,0,134217728,262144,512,0,0,0,0,364,0,352,0,91,88,0,1,364,0|270,566151325,9,0,0,23068672,0,23068672,0,71007,0,0,88,0,0,0,0,0,0,0,7029424,0,0,0,0,0
1785979866507|1006|stream128_r2f_03|rotating|248,1378943233,33554687,25057818,24710823,24773601,24710823,24773601,24710823,23698,23609,23608,23608,0,0,3016,0,728728170,727292805,4096,4096,0,0,23608,23608,4121871229,4121871546,4121871237,4121871554,0,0,0,0,0,0,0,0,4096,256,131072,4,15|4,0,134217728,262144,512,0,0,0,0,364,0,352,0,91,88,0,1,364,0|270,4167218357,8,23305792,0,0,0,0,0,24748228,0,88,0,1280524365,0,1280524365,0,2080,1268503042,0,18354271,0,0,0,0,0
1785979871519|1006|stream128_r2f_03|fixed|250,1378943233,16781056,31272220,30839219,354799,0,354799,0,7530,0,3765,0,0,0,29461,29461,24054328,24054328,4096,4096,0,0,3765,3765,162462233,162462233,162462241,162462241,0,0,0,0,0,0,0,0,4096,256,131072,4,15|4,0,134217728,262144,512,0,0,0,0,452,0,440,0,113,110,0,1,452,0|272,886951803,9,0,0,28835840,0,28835840,0,88840,0,0,110,0,0,0,0,0,0,0,7074166,0,0,0,0,0
1785979871519|1006|stream128_r2f_03|rotating|250,1378943233,33554687,31358371,30923729,31002538,30923729,31002538,30923729,29656,29544,29542,29542,0,0,3776,0,911916325,910106024,4096,4096,0,0,29543,29543,148599524,148599513,148599532,148599529,0,0,0,0,0,0,0,0,4096,256,131072,4,15|4,0,134217728,262144,512,0,0,0,0,456,0,444,0,114,111,0,1,456,0|272,193985277,9,29153312,0,0,0,0,0,30961957,0,111,0,1600796701,0,1600796701,0,2080,1586937058,0,21342752,0,0,0,0,0
1785979876534|1006|stream128_r2f_03|fixed|252,1378943233,16781056,37554467,37033746,426132,0,426132,0,9044,0,4522,0,0,0,35379,35379,28890792,28890792,4096,4096,0,0,4522,4522,483132393,483132393,483132401,483132401,0,0,0,0,0,0,0,0,4096,256,131072,4,15|4,0,134217728,262144,512,0,0,0,0,544,0,532,0,136,133,0,1,544,0|274,1208500122,9,0,0,34865152,0,34865152,0,106721,0,0,133,0,0,0,0,0,0,0,7118301,0,0,0,0,0
1785979876534|1006|stream128_r2f_03|rotating|252,1378943233,33554687,37645942,37124352,37218866,37124352,37218866,37124352,35601,35467,35465,35465,0,0,4532,0,1094751531,1092583318,4096,4096,0,0,35466,35466,469544607,469544620,469544615,469544628,0,0,0,0,0,0,0,0,4096,256,131072,4,15|4,0,134217728,262144,512,0,0,0,0,544,0,532,0,136,133,0,1,544,0|274,514758429,9,34991616,0,0,0,0,0,37159134,0,133,0,1920110277,0,1920110277,0,2080,1904546726,0,24199421,0,0,0,0,0
1785979881540|1006|stream128_r2f_03|fixed|254,1378943233,16781056,43831901,43224366,497280,0,497280,0,10554,0,5277,0,0,0,41292,41292,33714448,33714448,4096,4096,0,0,5277,5277,803390890,803390890,803390898,803390898,0,0,0,0,0,0,0,0,4096,256,131072,4,15|4,0,134217728,262144,512,0,0,0,0,632,0,620,0,158,155,0,1,632,0|276,1528407645,9,0,0,40632320,0,40632320,0,124485,0,0,155,0,0,0,0,0,0,0,7162614,0,0,0,0,0
1785979881540|1006|stream128_r2f_03|rotating|254,1378943233,33554687,43909125,43300622,43410996,43300622,43410996,43300622,41522,41367,41364,41364,0,0,5286,0,1276842059,1274315432,4096,4096,0,0,41365,41365,789192911,789192948,789192919,789192940,0,0,0,0,0,0,0,0,4096,256,131072,4,15|4,0,134217728,262144,512,0,0,0,0,632,0,620,0,158,155,0,1,632,0|276,834520631,9,40806208,0,0,0,0,0,43337257,0,155,0,2238418831,0,2238418831,0,2080,2221148291,0,27054080,0,0,0,0,0
1785979886542|1006|stream128_r2f_03|fixed|256,1378943233,16781056,50105630,49410288,568429,0,568429,0,12064,0,6032,0,0,0,47200,47200,38538096,38538096,4096,4096,0,0,6032,6032,1123524062,1123524062,1123524070,1123524070,0,0,0,0,0,0,0,0,4096,256,131072,4,15|4,0,134217728,262144,512,0,0,0,0,720,0,708,0,180,177,0,1,720,0|278,1848193266,9,0,0,46399488,0,46399488,0,142249,0,0,177,0,0,0,0,0,0,0,7206766,0,0,0,0,0
1785979886542|1006|stream128_r2f_03|rotating|256,1378943233,33554687,50179959,49483759,49610679,49483759,49610679,49483759,47450,47273,47270,47270,0,0,6041,0,1459148819,1456263392,4096,4096,0,0,47271,47271,1109219100,1109219113,1109219108,1109219089,0,0,0,0,0,0,0,0,4096,256,131072,4,15|4,0,134217728,262144,512,0,0,0,0,720,0,708,0,180,177,0,1,720,0|278,1155320934,9,46636608,0,0,0,0,0,49536040,0,177,0,2557761534,0,2557761534,0,2080,2538786535,0,29909603,0,0,0,0,0
1785979891542|1006|stream128_r2f_03|fixed|258,1378943233,16781056,56391506,55609011,639768,0,639768,0,13578,0,6789,0,0,0,53122,53122,43374512,43374512,4096,4096,0,0,6789,6789,1444519175,1444519175,1444519183,1444519183,0,0,0,0,0,0,0,0,4096,256,131072,4,15|4,0,134217728,262144,512,0,0,0,0,808,0,796,0,202,199,0,1,808,0|280,2169537224,9,0,0,52166656,0,52166656,0,160106,0,0,199,0,0,0,0,0,0,0,7248435,0,0,0,0,0
1785979891542|1006|stream128_r2f_03|rotating|258,1378943233,33554687,56484898,55700739,55844003,55700739,55844003,55700739,53414,53213,53210,53210,0,0,6801,0,1642487654,1639228024,4096,4096,0,0,53211,53211,1431176869,1431176882,1431176877,1431176858,0,0,0,0,0,0,0,0,4096,256,131072,4,15|4,0,134217728,262144,512,0,0,0,0,812,0,800,0,203,200,0,1,812,0|280,1476434219,9,52476224,0,0,0,0,0,55736551,0,200,0,2877414915,0,2877414915,0,2080,2856601056,0,32896927,0,0,0,0,0
1785979896558|1006|stream128_r2f_03|fixed|260,1378943233,16781056,62665756,61796652,710912,0,710912,0,15088,0,7544,0,0,0,59031,59031,48198152,48198152,4096,4096,0,0,7544,7544,1764651593,1764651593,1764651601,1764651601,0,0,0,0,0,0,0,0,4096,256,131072,4,15|4,0,134217728,262144,512,0,0,0,0,900,0,888,0,225,222,0,1,900,0|282,2490698810,9,0,0,58195968,0,58195968,0,177963,0,0,222,0,0,0,0,0,0,0,7291786,0,0,0,0,0
1785979896558|1006|stream128_r2f_03|rotating|260,1378943233,33554687,62757988,61887199,62045945,61887199,62045945,61887199,59344,59122,59118,59118,0,0,7556,0,1824858568,1821240507,4096,4096,0,0,59119,59119,1751313740,1751313721,1751313748,1751313729,0,0,0,0,0,0,0,0,4096,256,131072,4,15|4,0,134217728,262144,512,0,0,0,0,900,0,888,0,225,222,0,1,900,0|282,1796786740,9,58306624,0,0,0,0,0,61926535,0,222,0,3196309836,0,3196309836,0,2080,3173792299,0,35751669,0,0,0,0,0
1785979901572|1006|stream128_r2f_03|fixed|262,1378943233,16781056,68950568,67994153,782249,0,782249,0,16602,0,8301,0,0,0,64951,64951,53034600,53034600,4096,4096,0,0,8301,8301,2085448851,2085448851,2085448859,2085448859,0,0,0,0,0,0,0,0,4096,256,131072,4,15|4,0,134217728,262144,512,0,0,0,0,988,0,976,0,247,244,0,1,988,0|284,2810162392,9,0,0,63963136,0,63963136,0,195703,0,0,244,0,0,0,0,0,0,0,7342815,0,0,0,0,0
1785979901572|1006|stream128_r2f_03|rotating|262,1378943233,33554687,69026612,68069433,68243515,68069433,68243515,68069433,65270,65026,65022,65022,0,0,8310,0,2007123996,2003145968,4096,4096,0,0,65023,65023,2071262135,2071262148,2071262143,2071262132,0,0,0,0,0,0,0,0,4096,256,131072,4,15|4,0,134217728,262144,512,0,0,0,0,988,0,976,0,247,244,0,1,988,0|284,2116706804,9,64121216,0,0,0,0,0,68107750,0,244,0,3514776252,0,3514776252,0,2080,3490548625,0,38609429,0,0,0,0,0
1785979906578|1006|stream128_r2f_03|fixed|264,1378943233,16781056,75231724,74188069,853585,0,853585,0,18116,0,9058,0,0,0,70868,70868,57871032,57871032,4096,4096,0,0,9058,9058,2406442840,2406442840,2406442848,2406442848,0,0,0,0,0,0,0,0,4096,256,131072,4,15|4,0,134217728,262144,512,0,0,0,0,1076,0,1064,0,269,266,0,1,1076,0|286,3132528763,9,0,0,69730304,0,69730304,0,213632,0,0,266,0,0,0,0,0,0,0,7392141,0,0,0,0,0
1785979906578|1006|stream128_r2f_03|rotating|264,1378943233,33554687,75349712,74304745,74494902,74304745,74494902,74304745,71249,70983,70979,70979,0,0,9071,0,2190990408,2186653672,4096,4096,0,0,70980,70980,2394009212,2394009185,2394009180,2394009193,0,0,0,0,0,0,0,0,4096,256,131072,4,15|4,0,134217728,262144,512,0,0,0,0,1080,0,1068,0,270,267,0,1,1080,0|286,2440284591,9,70008256,0,0,0,0,0,74356371,0,267,0,3836882279,0,3836882279,0,2065,3810826138,0,41596589,0,0,0,0,0
1785979911605|1006|stream128_r2f_03|fixed|266,1378943233,16781056,81531446,80400704,925017,0,925017,0,19632,0,9816,0,0,0,76802,76802,62713824,62713824,4096,4096,0,0,9816,9816,2727868037,2727868037,2727868053,2727868053,0,0,0,0,0,0,0,0,4096,256,131072,4,15|4,0,134217728,262144,512,0,0,0,0,1164,0,1152,0,291,288,0,1,1164,0|288,3451692201,9,0,0,75497472,0,75497472,0,231348,0,0,288,0,0,0,0,0,0,0,7433971,0,0,0,0,0
1785979911605|1006|stream128_r2f_03|rotating|266,1378943233,33558272,81606681,80475109,80680819,80475109,80680819,80475109,77164,76878,76873,76873,0,0,9825,0,2372915480,2368221072,4096,4096,0,0,76873,76873,2713360532,2713360881,2713360540,2713360889,0,0,0,0,0,0,0,0,4096,256,131072,4,15|4,0,134217728,262144,512,0,0,0,0,1168,0,1156,0,292,289,0,1,1168,0|288,2758789263,9,75799136,0,0,0,0,0,80510009,0,289,0,4153939231,0,4153939231,0,2080,4126168291,0,44453967,0,0,0,0,0
1785979916605|1006|stream128_r2f_03|fixed|268,1378943233,16781056,87801286,86584574,996161,0,996161,0,21142,0,10571,0,0,0,82711,82711,67537480,67537480,4096,4096,0,0,10571,10571,3048000420,3048000420,3048000428,3048000428,0,0,0,0,0,0,0,0,4096,256,131072,4,15|4,0,134217728,262144,512,0,0,0,0,1256,0,1244,0,314,311,0,1,1256,0|290,3772466527,9,0,0,81526784,0,81526784,0,249181,0,0,311,0,0,0,0,0,0,0,7482040,0,0,0,0,0
1785979916605|1006|stream128_r2f_03|rotating|268,1378943233,33554687,87875778,86657543,86878768,86657543,86878768,86657543,83096,82787,82781,82781,0,0,10580,0,2555306680,2550237751,4096,4096,0,0,82782,82782,3033667025,3033666998,3033667001,3033667006,0,0,0,0,0,0,0,0,4096,256,131072,4,15|4,0,134217728,262144,512,0,0,0,0,1256,0,1244,0,314,311,0,1,1256,0|290,3080377033,9,81645344,0,0,0,0,0,86719536,0,311,0,179098153,1,179098153,1,2080,149627010,1,47308628,0,0,0,0,0
1785979921619|1006|stream128_r2f_03|fixed|270,1378943233,16781056,94085383,92781110,1067498,0,1067498,0,22656,0,11328,0,0,0,88631,88631,72373928,72373928,4096,4096,0,0,11328,11328,3368796356,3368796356,3368796364,3368796364,0,0,0,0,0,0,0,0,4096,256,131072,4,15|4,0,134217728,262144,512,0,0,0,0,1344,0,1332,0,336,333,0,1,1344,0|292,4093902166,9,0,0,87293952,0,87293952,0,267039,0,0,333,0,0,0,0,0,0,0,7534201,0,0,0,0,0
1785979921619|1006|stream128_r2f_03|rotating|270,1378943233,33554687,94186919,92881399,93118288,92881399,93118288,92881399,89063,88732,88727,88727,0,0,11340,0,2738822119,2733394578,4096,4096,0,0,88727,88727,3355793238,3355793547,3355793246,3355793555,0,0,0,0,0,0,0,0,4096,256,131072,4,15|4,0,134217728,262144,512,0,0,0,0,1344,0,1332,0,336,333,0,1,1344,0|292,3401286825,9,87483648,0,0,0,0,0,92919207,0,333,0,498548369,1,498548369,1,2080,467373593,1,50165022,0,0,0,0,0
1785979926634|1006|stream128_r2f_03|fixed|272,1378943233,16781056,100371993,98979275,1138836,0,1138836,0,24170,0,12085,0,0,0,94552,94552,77210352,77210352,4096,4096,0,0,12085,12085,3689790307,3689790307,3689790315,3689790315,0,0,0,0,0,0,0,0,4096,256,131072,4,15|4,0,134217728,262144,512,0,0,0,0,1432,0,1420,0,358,355,0,1,1432,0|294,120290778,10,0,0,93061120,0,93061120,0,284898,0,0,355,0,0,0,0,0,0,0,7572626,0,0,0,0,0
1785979926634|1006|stream128_r2f_03|rotating|272,1378943233,33558272,100459067,99065249,99319288,99065249,99319288,99065249,94992,94639,94634,94634,0,0,12095,0,2921161304,2915374984,4096,4096,0,0,94634,94634,3675874039,3675874372,3675874047,3675874380,0,0,0,0,0,0,0,0,4096,256,131072,4,15|4,0,134217728,262144,512,0,0,0,0,1432,0,1420,0,358,355,0,1,1432,0|294,3721336178,9,93306144,0,0,0,0,0,99103213,0,355,0,817142098,1,817142098,1,2080,784259933,1,53021778,0,0,0,0,0
1785979931634|1006|stream128_r2f_03|fixed|274,1378943233,16781056,106642393,105163770,1209985,0,1209985,0,25680,0,12840,0,0,0,100458,100458,82034000,82034000,4096,4096,0,0,12840,12840,4009926859,4009926859,4009926867,4009926867,0,0,0,0,0,0,0,0,4096,256,131072,4,15|4,0,134217728,262144,512,0,0,0,0,1520,0,1508,0,380,377,0,1,1520,0|296,439868919,10,0,0,98828288,0,98828288,0,302660,0,0,377,0,0,0,0,0,0,0,7605681,0,0,0,0,0
1785979931634|1006|stream128_r2f_03|rotating|274,1378943233,33554687,106738567,105258151,105527455,105258151,105527455,105258151,100930,100555,100548,100548,0,0,12852,0,3103736898,3097574589,4096,4096,0,0,100549,100549,3996506929,3996506934,3996506937,3996506942,0,0,0,0,0,0,0,0,4096,256,131072,4,15|4,0,134217728,262144,512,0,0,0,0,1524,0,1512,0,381,378,0,1,1524,0|296,4042511950,9,99145760,0,0,0,0,0,105306058,0,378,0,1136857966,1,1136857966,1,2080,1102135881,1,56010162,0,0,0,0,0
1785979936646|1006|stream128_r2f_03|fixed|276,1378943233,16781056,112925585,111360280,1281224,0,1281224,0,27192,0,13596,0,0,0,106377,106377,86864024,86864024,4096,4096,0,0,13596,13596,35525460,35525460,35525468,35525468,0,0,0,0,0,0,0,0,4096,256,131072,4,15|5,0,134217728,262144,512,0,0,0,0,1612,0,1600,0,403,400,0,1,1612,0|298,760086441,10,0,0,104857600,0,104857600,0,320447,0,0,400,0,0,0,0,0,0,0,7649769,0,0,0,0,0
1785979936646|1006|stream128_r2f_03|rotating|276,1378943233,33554687,112998494,111431493,111716421,111431493,111716421,111431493,106850,106453,106446,106446,0,0,13605,0,3285783448,3279262568,4096,4096,0,0,106447,106447,21122475,21122480,21122427,21122448,0,0,0,0,0,0,0,0,4096,256,131072,4,15|4,0,134217728,262144,512,0,0,0,0,1612,0,1600,0,403,400,0,1,1612,0|298,66581584,10,104944544,0,0,0,0,0,111468283,0,400,0,1454445200,1,1454445200,1,2080,1418008954,1,58868599,0,0,0,0,0
1785979941650|1006|stream128_r2f_03|fixed|278,1378943233,16781056,119200251,117547956,1352466,0,1352466,0,28704,0,14352,0,0,0,112288,112288,91694072,91694072,4096,4096,0,0,14352,14352,355892834,355892834,355892842,355892842,0,0,0,0,0,0,0,0,4096,256,131072,4,15|4,0,134217728,262144,512,0,0,0,0,1700,0,1688,0,425,422,0,1,1700,0|300,1080403117,10,0,0,110624768,0,110624768,0,338258,0,0,422,0,0,0,0,0,0,0,7687045,0,0,0,0,0
1785979941650|1006|stream128_r2f_03|rotating|278,1378943233,33554687,119277881,117624704,117924567,117624704,117924567,117624704,112787,112368,112362,112362,0,0,14361,0,3468386609,3461503788,4096,4096,0,0,112362,112362,341654535,341654876,341654543,341654884,0,0,0,0,0,0,0,0,4096,256,131072,4,15|4,0,134217728,262144,512,0,0,0,0,1700,0,1688,0,425,422,0,1,1700,0|300,387588757,10,110782848,0,0,0,0,0,117670659,0,422,0,1773992797,1,1773992797,1,2080,1735851730,1,61726181,0,0,0,0,0
1785979946660|1006|stream128_r2f_03|fixed|280,1378943233,16781056,125482260,123744386,1423709,0,1423709,0,30216,0,15108,0,0,0,118207,118207,96524144,96524144,4096,4096,0,0,15108,15108,676460152,676460152,676460160,676460160,0,0,0,0,0,0,0,0,4096,256,131072,4,15|4,0,134217728,262144,512,0,0,0,0,1788,0,1776,0,447,444,0,1,1788,0|302,1401186792,10,0,0,116391936,0,116391936,0,356068,0,0,444,0,0,0,0,0,0,0,7724475,0,0,0,0,0
1785979946660|1006|stream128_r2f_03|rotating|280,1378943233,33558272,125550259,123811545,124125795,123811545,124125795,123811545,118718,118277,118271,118271,0,0,15116,0,3650787712,3643545296,4096,4096,0,0,118271,118271,661845931,661846280,661845939,661846288,0,0,0,0,0,0,0,0,4096,256,131072,4,15|4,0,134217728,262144,512,0,0,0,0,1788,0,1776,0,447,444,0,1,1788,0|302,707245442,10,116597440,0,0,0,0,0,123846635,0,444,0,2092195834,1,2092195834,1,2080,2052342527,1,64586091,0,0,0,0,0
1785979951674|1006|stream128_r2f_03|fixed|282,1378943233,16781056,131766267,129940231,1495046,0,1495046,0,31730,0,15865,0,0,0,124126,124126,101360552,101360552,4096,4096,0,0,15865,15865,997453466,997453466,997453474,997453474,0,0,0,0,0,0,0,0,4096,256,131072,4,15|4,0,134217728,262144,512,0,0,0,0,1876,0,1864,0,469,466,0,1,1876,0|304,1721911250,10,0,0,122159104,0,122159104,0,373902,0,0,466,0,0,0,0,0,0,0,7765146,0,0,0,0,0
1785979951674|1006|stream128_r2f_03|rotating|282,1378943233,33554687,131841974,130015068,130346082,130015068,130346082,130015068,124667,124204,124197,124197,0,0,15874,0,3833720651,3826119150,4096,4096,0,0,124198,124198,982976716,982976689,982976724,982976697,0,0,0,0,0,0,0,0,4096,256,131072,4,15|4,0,134217728,262144,512,0,0,0,0,1880,0,1868,0,470,467,0,1,1880,0|304,1028300700,10,122437056,0,0,0,0,0,130046608,0,467,0,2411791188,1,2411791188,1,2080,2370100756,1,67571680,0,0,0,0,0
1785979956679|1006|stream128_r2f_03|fixed|284,1378943233,16781056,138042829,136130921,1566192,0,1566192,0,33240,0,16620,0,0,0,130038,130038,106184168,106184168,4096,4096,0,0,16620,16620,1317589661,1317589661,1317589669,1317589669,0,0,0,0,0,0,0,0,4096,256,131072,4,15|5,0,134217728,262144,512,0,0,0,0,1968,0,1956,0,492,489,0,1,1968,0|306,2042176732,10,0,0,128188416,0,128188416,0,391712,0,0,489,0,0,0,0,0,0,0,7811575,0,0,0,0,0
1785979956679|1006|stream128_r2f_03|rotating|284,1378943233,33554687,138115676,136202191,136548542,136202191,136548542,136202191,130599,130113,130106,130106,0,0,16630,0,4016125768,4008148851,4096,4096,0,0,130107,130107,1303298594,1303298591,1303298610,1303298599,0,0,0,0,0,0,0,0,4096,256,131072,4,15|4,0,134217728,262144,512,0,0,0,0,1968,0,1956,0,492,489,0,1,1968,0|306,1349348865,10,128275360,0,0,0,0,0,136250324,0,489,0,2731379777,1,2731379777,1,2080,2687983576,1,70430210,0,0,0,0,0
1785979961690|1006|stream128_r2f_03|fixed|286,1378943233,16781056,144324201,142324369,1637527,0,1637527,0,34754,0,17377,0,0,0,135954,135954,111020608,111020608,4096,4096,0,0,17377,17377,1638383405,1638383405,1638383413,1638383413,0,0,0,0,0,0,0,0,4096,256,131072,4,15|4,0,134217728,262144,512,0,0,0,0,2048,0,2044,0,512,511,0,1,2048,0|308,2362386758,10,0,0,133955584,0,133955584,0,409499,0,0,511,0,0,0,0,0,0,0,7862104,0,0,0,0,0
1785979961690|1006|stream128_r2f_03|rotating|286,1378943233,33554687,144449510,142448389,142810567,142448389,142810567,142448389,136587,136079,136072,136072,0,0,17392,0,4200289656,4191952127,4096,4096,0,0,136073,136073,1626551613,1626551602,1626551597,1626551610,0,0,0,0,0,0,0,0,4096,256,131072,4,15|4,0,134217728,262144,512,0,0,0,0,2048,0,2044,0,512,511,0,1,2048,0|308,1672378336,10,134145280,0,0,0,0,0,142491524,0,511,0,3052941768,1,3052941768,1,2080,3007850930,1,73284396,0,0,0,0,0
