captured_ms|sequence|label|role|data_ro|dirm0|oen0
1785865430893|0|SAFE_BOOT|fixed|1350565379|8193|8193
1785865430893|0|SAFE_BOOT|rotating|1346371075|8193|8193
1785865430974|1001|regression64_f2r_00000_262144_active|fixed|1350565379|8193|8193
1785865430974|1001|regression64_f2r_00000_262144_active|rotating|1350557187|8193|8193
1785865431863|1001|regression64_f2r_00000_262144_terminal|fixed|1350565379|8193|8193
1785865431863|1001|regression64_f2r_00000_262144_terminal|rotating|1350565379|8193|8193
1785865432108|1002|regression64_f2r_00001_262144_active|fixed|1350565379|8193|8193
1785865432108|1002|regression64_f2r_00001_262144_active|rotating|1350557187|8193|8193
1785865433021|1002|regression64_f2r_00001_262144_terminal|fixed|1350565379|8193|8193
1785865433021|1002|regression64_f2r_00001_262144_terminal|rotating|1350565379|8193|8193
1785865433247|1003|regression64_f2r_00002_262144_active|fixed|1350565379|8193|8193
1785865433247|1003|regression64_f2r_00002_262144_active|rotating|1346362883|8193|8193
1785865434075|1003|regression64_f2r_00002_262144_terminal|fixed|1350565379|8193|8193
1785865434075|1003|regression64_f2r_00002_262144_terminal|rotating|1350565379|8193|8193
1785865434332|1004|regression64_f2r_00003_262144_active|fixed|1346371075|8193|8193
1785865434332|1004|regression64_f2r_00003_262144_active|rotating|1350557187|8193|8193
1785865435215|1004|regression64_f2r_00003_262144_terminal|fixed|1350565379|8193|8193
1785865435215|1004|regression64_f2r_00003_262144_terminal|rotating|1350565379|8193|8193
1785865435470|1005|regression64_f2r_00004_262144_active|fixed|1350565379|8193|8193
1785865435470|1005|regression64_f2r_00004_262144_active|rotating|1346362883|8193|8193
1785865436346|1005|regression64_f2r_00004_262144_terminal|fixed|1346371075|8193|8193
1785865436346|1005|regression64_f2r_00004_262144_terminal|rotating|1350565379|8193|8193
1785865436587|1006|regression64_f2r_00005_262144_active|fixed|1346371075|8193|8193
1785865436587|1006|regression64_f2r_00005_262144_active|rotating|1350557187|8193|8193
1785865437446|1006|regression64_f2r_00005_262144_terminal|fixed|1350565379|8193|8193
1785865437446|1006|regression64_f2r_00005_262144_terminal|rotating|1346371075|8193|8193
1785865437700|1007|regression64_f2r_00006_262144_active|fixed|1346371075|8193|8193
1785865437700|1007|regression64_f2r_00006_262144_active|rotating|1346362883|8193|8193
1785865438529|1007|regression64_f2r_00006_262144_terminal|fixed|1346371075|8193|8193
1785865438529|1007|regression64_f2r_00006_262144_terminal|rotating|1350565379|8193|8193
1785865438822|1008|regression64_f2r_00007_262144_active|fixed|1346371075|8193|8193
1785865438822|1008|regression64_f2r_00007_262144_active|rotating|1350557187|8193|8193
1785865439666|1008|regression64_f2r_00007_262144_terminal|fixed|1350565379|8193|8193
1785865439666|1008|regression64_f2r_00007_262144_terminal|rotating|1346371075|8193|8193
1785865439891|1009|regression64_f2r_00008_262144_active|fixed|1346371075|8193|8193
1785865439891|1009|regression64_f2r_00008_262144_active|rotating|1346362883|8193|8193
1785865440727|1009|regression64_f2r_00008_262144_terminal|fixed|1350565379|8193|8193
1785865440727|1009|regression64_f2r_00008_262144_terminal|rotating|1350565379|8193|8193
1785865441018|1010|regression64_f2r_00009_262144_active|fixed|1350565379|8193|8193
1785865441018|1010|regression64_f2r_00009_262144_active|rotating|1346362883|8193|8193
1785865441882|1010|regression64_f2r_00009_262144_terminal|fixed|1350565379|8193|8193
1785865441882|1010|regression64_f2r_00009_262144_terminal|rotating|1346371075|8193|8193
1785865442171|1011|regression64_f2r_00010_262144_active|fixed|1346371075|8193|8193
1785865442171|1011|regression64_f2r_00010_262144_active|rotating|1350557187|8193|8193
1785865443033|1011|regression64_f2r_00010_262144_terminal|fixed|1346371075|8193|8193
1785865443033|1011|regression64_f2r_00010_262144_terminal|rotating|1346371075|8193|8193
1785865443276|1012|regression64_f2r_00011_262144_active|fixed|1346371075|8193|8193
1785865443276|1012|regression64_f2r_00011_262144_active|rotating|1346362883|8193|8193
1785865444120|1012|regression64_f2r_00011_262144_terminal|fixed|1350565379|8193|8193
1785865444120|1012|regression64_f2r_00011_262144_terminal|rotating|1346371075|8193|8193
1785865444396|1013|regression64_f2r_00012_262144_active|fixed|1350565379|8193|8193
1785865444396|1013|regression64_f2r_00012_262144_active|rotating|1350557187|8193|8193
1785865445249|1013|regression64_f2r_00012_262144_terminal|fixed|1350565379|8193|8193
1785865445249|1013|regression64_f2r_00012_262144_terminal|rotating|1350565379|8193|8193
1785865445507|1014|regression64_f2r_00013_262144_active|fixed|1346371075|8193|8193
1785865445507|1014|regression64_f2r_00013_262144_active|rotating|1346362883|8193|8193
1785865446362|1014|regression64_f2r_00013_262144_terminal|fixed|1350565379|8193|8193
1785865446362|1014|regression64_f2r_00013_262144_terminal|rotating|1350565379|8193|8193
1785865446597|1015|regression64_f2r_00014_262144_active|fixed|1350565379|8193|8193
1785865446597|1015|regression64_f2r_00014_262144_active|rotating|1346362883|8193|8193
1785865447440|1015|regression64_f2r_00014_262144_terminal|fixed|1346371075|8193|8193
1785865447440|1015|regression64_f2r_00014_262144_terminal|rotating|1350565379|8193|8193
1785865447714|1016|regression64_f2r_00015_262144_active|fixed|1346371075|8193|8193
1785865447714|1016|regression64_f2r_00015_262144_active|rotating|1346362883|8193|8193
1785865448533|1016|regression64_f2r_00015_262144_terminal|fixed|1346371075|8193|8193
1785865448533|1016|regression64_f2r_00015_262144_terminal|rotating|1346371075|8193|8193
1785865448786|1017|regression64_f2r_00016_262144_active|fixed|1350565379|8193|8193
1785865448786|1017|regression64_f2r_00016_262144_active|rotating|1346362883|8193|8193
1785865449646|1017|regression64_f2r_00016_262144_terminal|fixed|1346371075|8193|8193
1785865449646|1017|regression64_f2r_00016_262144_terminal|rotating|1346371075|8193|8193
1785865449868|1018|regression64_f2r_00017_262144_active|fixed|1350565379|8193|8193
1785865449868|1018|regression64_f2r_00017_262144_active|rotating|1350557187|8193|8193
1785865450693|1018|regression64_f2r_00017_262144_terminal|fixed|1350565379|8193|8193
1785865450693|1018|regression64_f2r_00017_262144_terminal|rotating|1350565379|8193|8193
1785865450934|1019|regression64_f2r_00018_262144_active|fixed|1346371075|8193|8193
1785865450934|1019|regression64_f2r_00018_262144_active|rotating|1346362883|8193|8193
1785865451793|1019|regression64_f2r_00018_262144_terminal|fixed|1346371075|8193|8193
1785865451793|1019|regression64_f2r_00018_262144_terminal|rotating|1346371075|8193|8193
1785865452021|1020|regression64_f2r_00019_262144_active|fixed|1346371075|8193|8193
1785865452021|1020|regression64_f2r_00019_262144_active|rotating|1346362883|8193|8193
1785865452903|1020|regression64_f2r_00019_262144_terminal|fixed|1350565379|8193|8193
1785865452903|1020|regression64_f2r_00019_262144_terminal|rotating|1346371075|8193|8193
1785865453155|1021|regression64_f2r_00020_262144_active|fixed|1346371075|8193|8193
1785865453155|1021|regression64_f2r_00020_262144_active|rotating|1350557187|8193|8193
1785865454021|1021|regression64_f2r_00020_262144_terminal|fixed|1346371075|8193|8193
1785865454021|1021|regression64_f2r_00020_262144_terminal|rotating|1346371075|8193|8193
1785865454292|1022|regression64_f2r_00021_262144_active|fixed|1350565379|8193|8193
1785865454292|1022|regression64_f2r_00021_262144_active|rotating|1346362883|8193|8193
1785865455140|1022|regression64_f2r_00021_262144_terminal|fixed|1346371075|8193|8193
1785865455140|1022|regression64_f2r_00021_262144_terminal|rotating|1350565379|8193|8193
1785865455385|1023|regression64_f2r_00022_262144_active|fixed|1346371075|8193|8193
1785865455385|1023|regression64_f2r_00022_262144_active|rotating|1346362883|8193|8193
1785865456224|1023|regression64_f2r_00022_262144_terminal|fixed|1346371075|8193|8193
1785865456224|1023|regression64_f2r_00022_262144_terminal|rotating|1346371075|8193|8193
1785865456474|1024|regression64_f2r_00023_262144_active|fixed|1346371075|8193|8193
1785865456474|1024|regression64_f2r_00023_262144_active|rotating|1350557187|8193|8193
1785865457324|1024|regression64_f2r_00023_262144_terminal|fixed|1350565379|8193|8193
1785865457324|1024|regression64_f2r_00023_262144_terminal|rotating|1346371075|8193|8193
1785865457598|1025|regression64_f2r_00024_262144_active|fixed|1346371075|8193|8193
1785865457598|1025|regression64_f2r_00024_262144_active|rotating|1350557187|8193|8193
1785865458496|1025|regression64_f2r_00024_262144_terminal|fixed|1350565379|8193|8193
1785865458496|1025|regression64_f2r_00024_262144_terminal|rotating|1346371075|8193|8193
1785865458730|1026|regression64_f2r_00025_262144_active|fixed|1350565379|8193|8193
1785865458730|1026|regression64_f2r_00025_262144_active|rotating|1350557187|8193|8193
1785865459574|1026|regression64_f2r_00025_262144_terminal|fixed|1350565379|8193|8193
1785865459574|1026|regression64_f2r_00025_262144_terminal|rotating|1350565379|8193|8193
1785865459815|1027|regression64_f2r_00026_262144_active|fixed|1346371075|8193|8193
1785865459815|1027|regression64_f2r_00026_262144_active|rotating|1350557187|8193|8193
1785865460628|1027|regression64_f2r_00026_262144_terminal|fixed|1350565379|8193|8193
1785865460628|1027|regression64_f2r_00026_262144_terminal|rotating|1350565379|8193|8193
1785865460894|1028|regression64_f2r_00027_262144_active|fixed|1350565379|8193|8193
1785865460894|1028|regression64_f2r_00027_262144_active|rotating|1350557187|8193|8193
1785865461750|1028|regression64_f2r_00027_262144_terminal|fixed|1350565379|8193|8193
1785865461750|1028|regression64_f2r_00027_262144_terminal|rotating|1350565379|8193|8193
1785865461975|1029|regression64_f2r_00028_262144_active|fixed|1346371075|8193|8193
1785865461975|1029|regression64_f2r_00028_262144_active|rotating|1350557187|8193|8193
1785865462881|1029|regression64_f2r_00028_262144_terminal|fixed|1346371075|8193|8193
1785865462881|1029|regression64_f2r_00028_262144_terminal|rotating|1350565379|8193|8193
1785865463140|1030|regression64_f2r_00029_262144_active|fixed|1346371075|8193|8193
1785865463140|1030|regression64_f2r_00029_262144_active|rotating|1346362883|8193|8193
1785865464000|1030|regression64_f2r_00029_262144_terminal|fixed|1346371075|8193|8193
1785865464000|1030|regression64_f2r_00029_262144_terminal|rotating|1346371075|8193|8193
1785865464270|1031|regression64_f2r_00030_262144_active|fixed|1350565379|8193|8193
1785865464270|1031|regression64_f2r_00030_262144_active|rotating|1346362883|8193|8193
1785865465142|1031|regression64_f2r_00030_262144_terminal|fixed|1346371075|8193|8193
1785865465142|1031|regression64_f2r_00030_262144_terminal|rotating|1350565379|8193|8193
1785865465417|1032|regression64_f2r_00031_262144_active|fixed|1350565379|8193|8193
1785865465417|1032|regression64_f2r_00031_262144_active|rotating|1346362883|8193|8193
1785865466276|1032|regression64_f2r_00031_262144_terminal|fixed|1350565379|8193|8193
1785865466276|1032|regression64_f2r_00031_262144_terminal|rotating|1350565379|8193|8193
1785865466505|1033|regression64_f2r_00032_262144_active|fixed|1350565379|8193|8193
1785865466505|1033|regression64_f2r_00032_262144_active|rotating|1350557187|8193|8193
1785865467372|1033|regression64_f2r_00032_262144_terminal|fixed|1350565379|8193|8193
1785865467372|1033|regression64_f2r_00032_262144_terminal|rotating|1350565379|8193|8193
1785865467624|1034|regression64_f2r_00033_262144_active|fixed|1350565379|8193|8193
1785865467624|1034|regression64_f2r_00033_262144_active|rotating|1350557187|8193|8193
1785865468469|1034|regression64_f2r_00033_262144_terminal|fixed|1346371075|8193|8193
1785865468469|1034|regression64_f2r_00033_262144_terminal|rotating|1346371075|8193|8193
1785865468748|1035|regression64_f2r_00034_262144_active|fixed|1346371075|8193|8193
1785865468748|1035|regression64_f2r_00034_262144_active|rotating|1350557187|8193|8193
1785865469611|1035|regression64_f2r_00034_262144_terminal|fixed|1350565379|8193|8193
1785865469611|1035|regression64_f2r_00034_262144_terminal|rotating|1346371075|8193|8193
1785865469869|1036|regression64_f2r_00035_262144_active|fixed|1350565379|8193|8193
1785865469869|1036|regression64_f2r_00035_262144_active|rotating|1350557187|8193|8193
1785865470786|1036|regression64_f2r_00035_262144_terminal|fixed|1346371075|8193|8193
1785865470786|1036|regression64_f2r_00035_262144_terminal|rotating|1350565379|8193|8193
1785865471039|1037|regression64_f2r_00036_262144_active|fixed|1346371075|8193|8193
1785865471039|1037|regression64_f2r_00036_262144_active|rotating|1350557187|8193|8193
1785865471877|1037|regression64_f2r_00036_262144_terminal|fixed|1346371075|8193|8193
1785865471877|1037|regression64_f2r_00036_262144_terminal|rotating|1346371075|8193|8193
1785865472100|1038|regression64_f2r_00037_262144_active|fixed|1346371075|8193|8193
1785865472100|1038|regression64_f2r_00037_262144_active|rotating|1346362883|8193|8193
1785865472965|1038|regression64_f2r_00037_262144_terminal|fixed|1350565379|8193|8193
1785865472965|1038|regression64_f2r_00037_262144_terminal|rotating|1350565379|8193|8193
1785865473200|1039|regression64_f2r_00038_262144_active|fixed|1346371075|8193|8193
1785865473200|1039|regression64_f2r_00038_262144_active|rotating|1346362883|8193|8193
1785865474051|1039|regression64_f2r_00038_262144_terminal|fixed|1350565379|8193|8193
1785865474051|1039|regression64_f2r_00038_262144_terminal|rotating|1346371075|8193|8193
1785865474338|1040|regression64_f2r_00039_262144_active|fixed|1346371075|8193|8193
1785865474338|1040|regression64_f2r_00039_262144_active|rotating|1350557187|8193|8193
1785865475187|1040|regression64_f2r_00039_262144_terminal|fixed|1346371075|8193|8193
1785865475187|1040|regression64_f2r_00039_262144_terminal|rotating|1350565379|8193|8193
1785865475462|1041|regression64_f2r_00040_262144_active|fixed|1350565379|8193|8193
1785865475462|1041|regression64_f2r_00040_262144_active|rotating|1346362883|8193|8193
1785865476552|1041|regression64_f2r_00040_262144_terminal|fixed|1346371075|8193|8193
1785865476552|1041|regression64_f2r_00040_262144_terminal|rotating|1346371075|8193|8193
1785865477046|1042|regression64_f2r_00041_262144_active|fixed|1350565379|8193|8193
1785865477046|1042|regression64_f2r_00041_262144_active|rotating|1350557187|8193|8193
1785865477923|1042|regression64_f2r_00041_262144_terminal|fixed|1346371075|8193|8193
1785865477923|1042|regression64_f2r_00041_262144_terminal|rotating|1346371075|8193|8193
1785865478210|1043|regression64_f2r_00042_262144_active|fixed|1346371075|8193|8193
1785865478210|1043|regression64_f2r_00042_262144_active|rotating|1350557187|8193|8193
1785865479092|1043|regression64_f2r_00042_262144_terminal|fixed|1350565379|8193|8193
1785865479092|1043|regression64_f2r_00042_262144_terminal|rotating|1346371075|8193|8193
1785865479333|1044|regression64_f2r_00043_262144_active|fixed|1346371075|8193|8193
1785865479333|1044|regression64_f2r_00043_262144_active|rotating|1350557187|8193|8193
1785865480159|1044|regression64_f2r_00043_262144_terminal|fixed|1350565379|8193|8193
1785865480159|1044|regression64_f2r_00043_262144_terminal|rotating|1350565379|8193|8193
1785865480442|1045|regression64_f2r_00044_262144_active|fixed|1346371075|8193|8193
1785865480442|1045|regression64_f2r_00044_262144_active|rotating|1346362883|8193|8193
1785865481546|1045|regression64_f2r_00044_262144_terminal|fixed|1350565379|8193|8193
1785865481546|1045|regression64_f2r_00044_262144_terminal|rotating|1350565379|8193|8193
1785865482023|1046|regression64_f2r_00045_262144_active|fixed|1346371075|8193|8193
1785865482023|1046|regression64_f2r_00045_262144_active|rotating|1346362883|8193|8193
1785865482976|1046|regression64_f2r_00045_262144_terminal|fixed|1350565379|8193|8193
1785865482976|1046|regression64_f2r_00045_262144_terminal|rotating|1346371075|8193|8193
1785865483360|1047|regression64_f2r_00046_262144_active|fixed|1346371075|8193|8193
1785865483360|1047|regression64_f2r_00046_262144_active|rotating|1346362883|8193|8193
1785865484293|1047|regression64_f2r_00046_262144_terminal|fixed|1350565379|8193|8193
1785865484293|1047|regression64_f2r_00046_262144_terminal|rotating|1346371075|8193|8193
1785865484526|1048|regression64_f2r_00047_262144_active|fixed|1350565379|8193|8193
1785865484526|1048|regression64_f2r_00047_262144_active|rotating|1350557187|8193|8193
1785865485589|1048|regression64_f2r_00047_262144_terminal|fixed|1350565379|8193|8193
1785865485589|1048|regression64_f2r_00047_262144_terminal|rotating|1346371075|8193|8193
1785865485859|1049|regression64_f2r_00048_262144_active|fixed|1350565379|8193|8193
1785865485859|1049|regression64_f2r_00048_262144_active|rotating|1350557187|8193|8193
1785865486844|1049|regression64_f2r_00048_262144_terminal|fixed|1346371075|8193|8193
1785865486844|1049|regression64_f2r_00048_262144_terminal|rotating|1350565379|8193|8193
1785865487135|1050|regression64_f2r_00049_262144_active|fixed|1350565379|8193|8193
1785865487135|1050|regression64_f2r_00049_262144_active|rotating|1346362883|8193|8193
1785865488016|1050|regression64_f2r_00049_262144_terminal|fixed|1350565379|8193|8193
1785865488016|1050|regression64_f2r_00049_262144_terminal|rotating|1350565379|8193|8193
1785865488398|1051|regression64_f2r_00050_262144_active|fixed|1350565379|8193|8193
1785865488398|1051|regression64_f2r_00050_262144_active|rotating|1346362883|8193|8193
1785865489375|1051|regression64_f2r_00050_262144_terminal|fixed|1350565379|8193|8193
1785865489375|1051|regression64_f2r_00050_262144_terminal|rotating|1350565379|8193|8193
1785865489712|1052|regression64_f2r_00051_262144_active|fixed|1346371075|8193|8193
1785865489712|1052|regression64_f2r_00051_262144_active|rotating|1350557187|8193|8193
1785865490712|1052|regression64_f2r_00051_262144_terminal|fixed|1346371075|8193|8193
1785865490712|1052|regression64_f2r_00051_262144_terminal|rotating|1350565379|8193|8193
1785865490976|1053|regression64_f2r_00052_262144_active|fixed|1350565379|8193|8193
1785865490976|1053|regression64_f2r_00052_262144_active|rotating|1346362883|8193|8193
1785865491912|1053|regression64_f2r_00052_262144_terminal|fixed|1346371075|8193|8193
1785865491912|1053|regression64_f2r_00052_262144_terminal|rotating|1350565379|8193|8193
1785865492155|1054|regression64_f2r_00053_262144_active|fixed|1350565379|8193|8193
1785865492155|1054|regression64_f2r_00053_262144_active|rotating|1350557187|8193|8193
1785865493016|1054|regression64_f2r_00053_262144_terminal|fixed|1346371075|8193|8193
1785865493016|1054|regression64_f2r_00053_262144_terminal|rotating|1346371075|8193|8193
1785865493274|1055|regression64_f2r_00054_262144_active|fixed|1346371075|8193|8193
1785865493274|1055|regression64_f2r_00054_262144_active|rotating|1350557187|8193|8193
1785865494172|1055|regression64_f2r_00054_262144_terminal|fixed|1350565379|8193|8193
1785865494172|1055|regression64_f2r_00054_262144_terminal|rotating|1350565379|8193|8193
1785865494406|1056|regression64_f2r_00055_262144_active|fixed|1350565379|8193|8193
1785865494406|1056|regression64_f2r_00055_262144_active|rotating|1346362883|8193|8193
1785865495284|1056|regression64_f2r_00055_262144_terminal|fixed|1346371075|8193|8193
1785865495284|1056|regression64_f2r_00055_262144_terminal|rotating|1346371075|8193|8193
1785865495529|1057|regression64_f2r_00056_262144_active|fixed|1350565379|8193|8193
1785865495529|1057|regression64_f2r_00056_262144_active|rotating|1350557187|8193|8193
1785865496373|1057|regression64_f2r_00056_262144_terminal|fixed|1350565379|8193|8193
1785865496373|1057|regression64_f2r_00056_262144_terminal|rotating|1350565379|8193|8193
1785865496648|1058|regression64_f2r_00057_262144_active|fixed|1346371075|8193|8193
1785865496648|1058|regression64_f2r_00057_262144_active|rotating|1350557187|8193|8193
1785865497556|1058|regression64_f2r_00057_262144_terminal|fixed|1350565379|8193|8193
1785865497556|1058|regression64_f2r_00057_262144_terminal|rotating|1346371075|8193|8193
1785865497784|1059|regression64_f2r_00058_262144_active|fixed|1350565379|8193|8193
1785865497784|1059|regression64_f2r_00058_262144_active|rotating|1350557187|8193|8193
1785865498595|1059|regression64_f2r_00058_262144_terminal|fixed|1346371075|8193|8193
1785865498595|1059|regression64_f2r_00058_262144_terminal|rotating|1350565379|8193|8193
1785865498852|1060|regression64_f2r_00059_262144_active|fixed|1350565379|8193|8193
1785865498852|1060|regression64_f2r_00059_262144_active|rotating|1346362883|8193|8193
1785865499688|1060|regression64_f2r_00059_262144_terminal|fixed|1346371075|8193|8193
1785865499688|1060|regression64_f2r_00059_262144_terminal|rotating|1346371075|8193|8193
1785865499932|1061|regression64_f2r_00060_262144_active|fixed|1346371075|8193|8193
1785865499932|1061|regression64_f2r_00060_262144_active|rotating|1346362883|8193|8193
1785865500809|1061|regression64_f2r_00060_262144_terminal|fixed|1350565379|8193|8193
1785865500809|1061|regression64_f2r_00060_262144_terminal|rotating|1346371075|8193|8193
1785865501081|1062|regression64_f2r_00061_262144_active|fixed|1350565379|8193|8193
1785865501081|1062|regression64_f2r_00061_262144_active|rotating|1350557187|8193|8193
1785865501931|1062|regression64_f2r_00061_262144_terminal|fixed|1350565379|8193|8193
1785865501931|1062|regression64_f2r_00061_262144_terminal|rotating|1350565379|8193|8193
1785865502162|1063|regression64_f2r_00062_262144_active|fixed|1346371075|8193|8193
1785865502162|1063|regression64_f2r_00062_262144_active|rotating|1346362883|8193|8193
1785865503023|1063|regression64_f2r_00062_262144_terminal|fixed|1350565379|8193|8193
1785865503023|1063|regression64_f2r_00062_262144_terminal|rotating|1350565379|8193|8193
1785865503255|1064|regression64_f2r_00063_262144_active|fixed|1350565379|8193|8193
1785865503255|1064|regression64_f2r_00063_262144_active|rotating|1350557187|8193|8193
1785865504148|1064|regression64_f2r_00063_262144_terminal|fixed|1350565379|8193|8193
1785865504148|1064|regression64_f2r_00063_262144_terminal|rotating|1350565379|8193|8193
1785865504398|1065|regression64_f2r_00064_262144_active|fixed|1350565379|8193|8193
1785865504398|1065|regression64_f2r_00064_262144_active|rotating|1350557187|8193|8193
1785865505285|1065|regression64_f2r_00064_262144_terminal|fixed|1350565379|8193|8193
1785865505285|1065|regression64_f2r_00064_262144_terminal|rotating|1346371075|8193|8193
1785865505573|1066|regression64_f2r_00065_262144_active|fixed|1346371075|8193|8193
1785865505573|1066|regression64_f2r_00065_262144_active|rotating|1350557187|8193|8193
1785865506475|1066|regression64_f2r_00065_262144_terminal|fixed|1350565379|8193|8193
1785865506475|1066|regression64_f2r_00065_262144_terminal|rotating|1346371075|8193|8193
1785865506701|1067|regression64_f2r_00066_262144_active|fixed|1350565379|8193|8193
1785865506701|1067|regression64_f2r_00066_262144_active|rotating|1346362883|8193|8193
1785865507533|1067|regression64_f2r_00066_262144_terminal|fixed|1350565379|8193|8193
1785865507533|1067|regression64_f2r_00066_262144_terminal|rotating|1350565379|8193|8193
1785865507798|1068|regression64_f2r_00067_262144_active|fixed|1346371075|8193|8193
1785865507798|1068|regression64_f2r_00067_262144_active|rotating|1346362883|8193|8193
1785865508724|1068|regression64_f2r_00067_262144_terminal|fixed|1350565379|8193|8193
1785865508724|1068|regression64_f2r_00067_262144_terminal|rotating|1350565379|8193|8193
1785865508970|1069|regression64_f2r_00068_262144_active|fixed|1346371075|8193|8193
1785865508970|1069|regression64_f2r_00068_262144_active|rotating|1346362883|8193|8193
1785865509826|1069|regression64_f2r_00068_262144_terminal|fixed|1350565379|8193|8193
1785865509826|1069|regression64_f2r_00068_262144_terminal|rotating|1346371075|8193|8193
1785865510074|1070|regression64_f2r_00069_262144_active|fixed|1346371075|8193|8193
1785865510074|1070|regression64_f2r_00069_262144_active|rotating|1350557187|8193|8193
1785865510911|1070|regression64_f2r_00069_262144_terminal|fixed|1346371075|8193|8193
1785865510911|1070|regression64_f2r_00069_262144_terminal|rotating|1350565379|8193|8193
1785865511190|1071|regression64_f2r_00070_262144_active|fixed|1346371075|8193|8193
1785865511190|1071|regression64_f2r_00070_262144_active|rotating|1350557187|8193|8193
1785865512090|1071|regression64_f2r_00070_262144_terminal|fixed|1350565379|8193|8193
1785865512090|1071|regression64_f2r_00070_262144_terminal|rotating|1346371075|8193|8193
1785865512314|1072|regression64_f2r_00071_262144_active|fixed|1350565379|8193|8193
1785865512314|1072|regression64_f2r_00071_262144_active|rotating|1346362883|8193|8193
1785865513182|1072|regression64_f2r_00071_262144_terminal|fixed|1350565379|8193|8193
1785865513182|1072|regression64_f2r_00071_262144_terminal|rotating|1346371075|8193|8193
1785865513440|1073|regression64_f2r_00072_262144_active|fixed|1350565379|8193|8193
1785865513440|1073|regression64_f2r_00072_262144_active|rotating|1346362883|8193|8193
1785865514277|1073|regression64_f2r_00072_262144_terminal|fixed|1346371075|8193|8193
1785865514277|1073|regression64_f2r_00072_262144_terminal|rotating|1346371075|8193|8193
1785865514541|1074|regression64_f2r_00073_262144_active|fixed|1346371075|8193|8193
1785865514541|1074|regression64_f2r_00073_262144_active|rotating|1350557187|8193|8193
1785865515390|1074|regression64_f2r_00073_262144_terminal|fixed|1346371075|8193|8193
1785865515390|1074|regression64_f2r_00073_262144_terminal|rotating|1346371075|8193|8193
1785865515648|1075|regression64_f2r_00074_262144_active|fixed|1350565379|8193|8193
1785865515648|1075|regression64_f2r_00074_262144_active|rotating|1350557187|8193|8193
1785865516476|1075|regression64_f2r_00074_262144_terminal|fixed|1346371075|8193|8193
1785865516476|1075|regression64_f2r_00074_262144_terminal|rotating|1346371075|8193|8193
1785865516755|1076|regression64_f2r_00075_262144_active|fixed|1346371075|8193|8193
1785865516755|1076|regression64_f2r_00075_262144_active|rotating|1346362883|8193|8193
1785865517607|1076|regression64_f2r_00075_262144_terminal|fixed|1346371075|8193|8193
1785865517607|1076|regression64_f2r_00075_262144_terminal|rotating|1346371075|8193|8193
1785865517855|1077|regression64_f2r_00076_262144_active|fixed|1346371075|8193|8193
1785865517855|1077|regression64_f2r_00076_262144_active|rotating|1346362883|8193|8193
1785865518708|1077|regression64_f2r_00076_262144_terminal|fixed|1350565379|8193|8193
1785865518708|1077|regression64_f2r_00076_262144_terminal|rotating|1346371075|8193|8193
1785865518977|1078|regression64_f2r_00077_262144_active|fixed|1350565379|8193|8193
1785865518977|1078|regression64_f2r_00077_262144_active|rotating|1346362883|8193|8193
1785865519849|1078|regression64_f2r_00077_262144_terminal|fixed|1346371075|8193|8193
1785865519849|1078|regression64_f2r_00077_262144_terminal|rotating|1350565379|8193|8193
1785865520105|1079|regression64_f2r_00078_262144_active|fixed|1346371075|8193|8193
1785865520105|1079|regression64_f2r_00078_262144_active|rotating|1350557187|8193|8193
1785865520953|1079|regression64_f2r_00078_262144_terminal|fixed|1350565379|8193|8193
1785865520953|1079|regression64_f2r_00078_262144_terminal|rotating|1346371075|8193|8193
1785865521190|1080|regression64_f2r_00079_262144_active|fixed|1346371075|8193|8193
1785865521190|1080|regression64_f2r_00079_262144_active|rotating|1346362883|8193|8193
1785865522020|1080|regression64_f2r_00079_262144_terminal|fixed|1346371075|8193|8193
1785865522020|1080|regression64_f2r_00079_262144_terminal|rotating|1346371075|8193|8193
1785865522278|1081|regression64_f2r_00080_262144_active|fixed|1346371075|8193|8193
1785865522278|1081|regression64_f2r_00080_262144_active|rotating|1346362883|8193|8193
1785865523153|1081|regression64_f2r_00080_262144_terminal|fixed|1350565379|8193|8193
1785865523153|1081|regression64_f2r_00080_262144_terminal|rotating|1350565379|8193|8193
1785865523384|1082|regression64_f2r_00081_262144_active|fixed|1346371075|8193|8193
1785865523384|1082|regression64_f2r_00081_262144_active|rotating|1350557187|8193|8193
1785865524241|1082|regression64_f2r_00081_262144_terminal|fixed|1346371075|8193|8193
1785865524241|1082|regression64_f2r_00081_262144_terminal|rotating|1350565379|8193|8193
1785865524489|1083|regression64_f2r_00082_262144_active|fixed|1350565379|8193|8193
1785865524489|1083|regression64_f2r_00082_262144_active|rotating|1350557187|8193|8193
1785865525323|1083|regression64_f2r_00082_262144_terminal|fixed|1346371075|8193|8193
1785865525323|1083|regression64_f2r_00082_262144_terminal|rotating|1346371075|8193|8193
1785865525551|1084|regression64_f2r_00083_262144_active|fixed|1350565379|8193|8193
1785865525551|1084|regression64_f2r_00083_262144_active|rotating|1346362883|8193|8193
1785865526410|1084|regression64_f2r_00083_262144_terminal|fixed|1350565379|8193|8193
1785865526410|1084|regression64_f2r_00083_262144_terminal|rotating|1350565379|8193|8193
1785865526689|1085|regression64_f2r_00084_262144_active|fixed|1350565379|8193|8193
1785865526689|1085|regression64_f2r_00084_262144_active|rotating|1346362883|8193|8193
1785865527572|1085|regression64_f2r_00084_262144_terminal|fixed|1350565379|8193|8193
1785865527572|1085|regression64_f2r_00084_262144_terminal|rotating|1346371075|8193|8193
1785865527838|1086|regression64_f2r_00085_262144_active|fixed|1346371075|8193|8193
1785865527838|1086|regression64_f2r_00085_262144_active|rotating|1350557187|8193|8193
1785865528672|1086|regression64_f2r_00085_262144_terminal|fixed|1350565379|8193|8193
1785865528672|1086|regression64_f2r_00085_262144_terminal|rotating|1346371075|8193|8193
1785865528931|1087|regression64_f2r_00086_262144_active|fixed|1346371075|8193|8193
1785865528931|1087|regression64_f2r_00086_262144_active|rotating|1350557187|8193|8193
1785865529794|1087|regression64_f2r_00086_262144_terminal|fixed|1350565379|8193|8193
1785865529794|1087|regression64_f2r_00086_262144_terminal|rotating|1346371075|8193|8193
1785865530060|1088|regression64_f2r_00087_262144_active|fixed|1346371075|8193|8193
1785865530060|1088|regression64_f2r_00087_262144_active|rotating|1346362883|8193|8193
1785865530945|1088|regression64_f2r_00087_262144_terminal|fixed|1350565379|8193|8193
1785865530945|1088|regression64_f2r_00087_262144_terminal|rotating|1346371075|8193|8193
1785865531191|1089|regression64_f2r_00088_262144_active|fixed|1350565379|8193|8193
1785865531191|1089|regression64_f2r_00088_262144_active|rotating|1346362883|8193|8193
1785865532036|1089|regression64_f2r_00088_262144_terminal|fixed|1346371075|8193|8193
1785865532036|1089|regression64_f2r_00088_262144_terminal|rotating|1346371075|8193|8193
1785865532325|1090|regression64_f2r_00089_262144_active|fixed|1350565379|8193|8193
1785865532325|1090|regression64_f2r_00089_262144_active|rotating|1350557187|8193|8193
1785865533203|1090|regression64_f2r_00089_262144_terminal|fixed|1350565379|8193|8193
1785865533203|1090|regression64_f2r_00089_262144_terminal|rotating|1346371075|8193|8193
1785865533447|1091|regression64_f2r_00090_262144_active|fixed|1346371075|8193|8193
1785865533447|1091|regression64_f2r_00090_262144_active|rotating|1350557187|8193|8193
1785865534336|1091|regression64_f2r_00090_262144_terminal|fixed|1350565379|8193|8193
1785865534336|1091|regression64_f2r_00090_262144_terminal|rotating|1350565379|8193|8193
1785865534591|1092|regression64_f2r_00091_262144_active|fixed|1350565379|8193|8193
1785865534591|1092|regression64_f2r_00091_262144_active|rotating|1346362883|8193|8193
1785865535458|1092|regression64_f2r_00091_262144_terminal|fixed|1346371075|8193|8193
1785865535458|1092|regression64_f2r_00091_262144_terminal|rotating|1350565379|8193|8193
1785865535688|1093|regression64_f2r_00092_262144_active|fixed|1350565379|8193|8193
1785865535688|1093|regression64_f2r_00092_262144_active|rotating|1350557187|8193|8193
1785865536504|1093|regression64_f2r_00092_262144_terminal|fixed|1346371075|8193|8193
1785865536504|1093|regression64_f2r_00092_262144_terminal|rotating|1346371075|8193|8193
1785865536765|1094|regression64_f2r_00093_262144_active|fixed|1350565379|8193|8193
1785865536765|1094|regression64_f2r_00093_262144_active|rotating|1346362883|8193|8193
1785865537583|1094|regression64_f2r_00093_262144_terminal|fixed|1350565379|8193|8193
1785865537583|1094|regression64_f2r_00093_262144_terminal|rotating|1350565379|8193|8193
1785865537871|1095|regression64_f2r_00094_262144_active|fixed|1350565379|8193|8193
1785865537871|1095|regression64_f2r_00094_262144_active|rotating|1346362883|8193|8193
1785865538741|1095|regression64_f2r_00094_262144_terminal|fixed|1350565379|8193|8193
1785865538741|1095|regression64_f2r_00094_262144_terminal|rotating|1346371075|8193|8193
1785865538985|1096|regression64_f2r_00095_262144_active|fixed|1346371075|8193|8193
1785865538985|1096|regression64_f2r_00095_262144_active|rotating|1346362883|8193|8193
1785865539840|1096|regression64_f2r_00095_262144_terminal|fixed|1350565379|8193|8193
1785865539840|1096|regression64_f2r_00095_262144_terminal|rotating|1346371075|8193|8193
1785865540082|1097|regression64_f2r_00096_262144_active|fixed|1346371075|8193|8193
1785865540082|1097|regression64_f2r_00096_262144_active|rotating|1350557187|8193|8193
1785865540948|1097|regression64_f2r_00096_262144_terminal|fixed|1346371075|8193|8193
1785865540948|1097|regression64_f2r_00096_262144_terminal|rotating|1350565379|8193|8193
1785865541215|1098|regression64_f2r_00097_262144_active|fixed|1350565379|8193|8193
1785865541215|1098|regression64_f2r_00097_262144_active|rotating|1346362883|8193|8193
1785865542059|1098|regression64_f2r_00097_262144_terminal|fixed|1346371075|8193|8193
1785865542059|1098|regression64_f2r_00097_262144_terminal|rotating|1346371075|8193|8193
1785865542305|1099|regression64_f2r_00098_262144_active|fixed|1346371075|8193|8193
1785865542305|1099|regression64_f2r_00098_262144_active|rotating|1346362883|8193|8193
1785865543194|1099|regression64_f2r_00098_262144_terminal|fixed|1350565379|8193|8193
1785865543194|1099|regression64_f2r_00098_262144_terminal|rotating|1346371075|8193|8193
1785865543455|1100|regression64_f2r_00099_262144_active|fixed|1350565379|8193|8193
1785865543455|1100|regression64_f2r_00099_262144_active|rotating|1350557187|8193|8193
1785865544292|1100|regression64_f2r_00099_262144_terminal|fixed|1350565379|8193|8193
1785865544292|1100|regression64_f2r_00099_262144_terminal|rotating|1350565379|8193|8193
1785865544543|1101|regression64_f2r_00100_262144_active|fixed|1350565379|8193|8193
1785865544543|1101|regression64_f2r_00100_262144_active|rotating|1350557187|8193|8193
1785865545398|1101|regression64_f2r_00100_262144_terminal|fixed|1346371075|8193|8193
1785865545398|1101|regression64_f2r_00100_262144_terminal|rotating|1346371075|8193|8193
1785865545640|1102|regression64_f2r_00101_262144_active|fixed|1346371075|8193|8193
1785865545640|1102|regression64_f2r_00101_262144_active|rotating|1350557187|8193|8193
1785865546512|1102|regression64_f2r_00101_262144_terminal|fixed|1350565379|8193|8193
1785865546512|1102|regression64_f2r_00101_262144_terminal|rotating|1346371075|8193|8193
1785865546791|1103|regression64_f2r_00102_262144_active|fixed|1350565379|8193|8193
1785865546791|1103|regression64_f2r_00102_262144_active|rotating|1346362883|8193|8193
1785865547614|1103|regression64_f2r_00102_262144_terminal|fixed|1350565379|8193|8193
1785865547614|1103|regression64_f2r_00102_262144_terminal|rotating|1350565379|8193|8193
1785865547844|1104|regression64_f2r_00103_262144_active|fixed|1346371075|8193|8193
1785865547844|1104|regression64_f2r_00103_262144_active|rotating|1350557187|8193|8193
1785865548708|1104|regression64_f2r_00103_262144_terminal|fixed|1350565379|8193|8193
1785865548708|1104|regression64_f2r_00103_262144_terminal|rotating|1350565379|8193|8193
1785865548983|1105|regression64_f2r_00104_262144_active|fixed|1350565379|8193|8193
1785865548983|1105|regression64_f2r_00104_262144_active|rotating|1346362883|8193|8193
1785865549874|1105|regression64_f2r_00104_262144_terminal|fixed|1350565379|8193|8193
1785865549874|1105|regression64_f2r_00104_262144_terminal|rotating|1350565379|8193|8193
1785865550179|1106|regression64_f2r_00105_262144_active|fixed|1346371075|8193|8193
1785865550179|1106|regression64_f2r_00105_262144_active|rotating|1346362883|8193|8193
1785865551080|1106|regression64_f2r_00105_262144_terminal|fixed|1346371075|8193|8193
1785865551080|1106|regression64_f2r_00105_262144_terminal|rotating|1346371075|8193|8193
1785865551356|1107|regression64_f2r_00106_262144_active|fixed|1350565379|8193|8193
1785865551356|1107|regression64_f2r_00106_262144_active|rotating|1346362883|8193|8193
1785865552217|1107|regression64_f2r_00106_262144_terminal|fixed|1346371075|8193|8193
1785865552217|1107|regression64_f2r_00106_262144_terminal|rotating|1346371075|8193|8193
1785865552471|1108|regression64_f2r_00107_262144_active|fixed|1346371075|8193|8193
1785865552471|1108|regression64_f2r_00107_262144_active|rotating|1350557187|8193|8193
1785865553320|1108|regression64_f2r_00107_262144_terminal|fixed|1350565379|8193|8193
1785865553320|1108|regression64_f2r_00107_262144_terminal|rotating|1350565379|8193|8193
1785865553568|1109|regression64_f2r_00108_262144_active|fixed|1350565379|8193|8193
1785865553568|1109|regression64_f2r_00108_262144_active|rotating|1346362883|8193|8193
1785865554450|1109|regression64_f2r_00108_262144_terminal|fixed|1350565379|8193|8193
1785865554450|1109|regression64_f2r_00108_262144_terminal|rotating|1350565379|8193|8193
1785865554675|1110|regression64_f2r_00109_262144_active|fixed|1350565379|8193|8193
1785865554675|1110|regression64_f2r_00109_262144_active|rotating|1350557187|8193|8193
1785865555619|1110|regression64_f2r_00109_262144_terminal|fixed|1350565379|8193|8193
1785865555619|1110|regression64_f2r_00109_262144_terminal|rotating|1350565379|8193|8193
1785865556097|1111|regression64_f2r_00110_262144_active|fixed|1346371075|8193|8193
1785865556097|1111|regression64_f2r_00110_262144_active|rotating|1350557187|8193|8193
1785865557135|1111|regression64_f2r_00110_262144_terminal|fixed|1346371075|8193|8193
1785865557135|1111|regression64_f2r_00110_262144_terminal|rotating|1350565379|8193|8193
1785865557387|1112|regression64_f2r_00111_262144_active|fixed|1350565379|8193|8193
1785865557387|1112|regression64_f2r_00111_262144_active|rotating|1346362883|8193|8193
1785865558290|1112|regression64_f2r_00111_262144_terminal|fixed|1350565379|8193|8193
1785865558290|1112|regression64_f2r_00111_262144_terminal|rotating|1350565379|8193|8193
1785865558569|1113|regression64_f2r_00112_262144_active|fixed|1346371075|8193|8193
1785865558569|1113|regression64_f2r_00112_262144_active|rotating|1350557187|8193|8193
1785865559543|1113|regression64_f2r_00112_262144_terminal|fixed|1346371075|8193|8193
1785865559543|1113|regression64_f2r_00112_262144_terminal|rotating|1350565379|8193|8193
1785865559798|1114|regression64_f2r_00113_262144_active|fixed|1350565379|8193|8193
1785865559798|1114|regression64_f2r_00113_262144_active|rotating|1350557187|8193|8193
1785865560803|1114|regression64_f2r_00113_262144_terminal|fixed|1346371075|8193|8193
1785865560803|1114|regression64_f2r_00113_262144_terminal|rotating|1350565379|8193|8193
1785865561127|1115|regression64_f2r_00114_262144_active|fixed|1350565379|8193|8193
1785865561127|1115|regression64_f2r_00114_262144_active|rotating|1346362883|8193|8193
1785865562075|1115|regression64_f2r_00114_262144_terminal|fixed|1346371075|8193|8193
1785865562075|1115|regression64_f2r_00114_262144_terminal|rotating|1350565379|8193|8193
1785865562429|1116|regression64_f2r_00115_262144_active|fixed|1346371075|8193|8193
1785865562429|1116|regression64_f2r_00115_262144_active|rotating|1346362883|8193|8193
1785865563438|1116|regression64_f2r_00115_262144_terminal|fixed|1346371075|8193|8193
1785865563438|1116|regression64_f2r_00115_262144_terminal|rotating|1346371075|8193|8193
1785865563740|1117|regression64_f2r_00116_262144_active|fixed|1350565379|8193|8193
1785865563740|1117|regression64_f2r_00116_262144_active|rotating|1350557187|8193|8193
1785865564575|1117|regression64_f2r_00116_262144_terminal|fixed|1350565379|8193|8193
1785865564575|1117|regression64_f2r_00116_262144_terminal|rotating|1350565379|8193|8193
1785865564957|1118|regression64_f2r_00117_262144_active|fixed|1350565379|8193|8193
1785865564957|1118|regression64_f2r_00117_262144_active|rotating|1346362883|8193|8193
1785865565976|1118|regression64_f2r_00117_262144_terminal|fixed|1350565379|8193|8193
1785865565976|1118|regression64_f2r_00117_262144_terminal|rotating|1350565379|8193|8193
1785865566239|1119|regression64_f2r_00118_262144_active|fixed|1350565379|8193|8193
1785865566239|1119|regression64_f2r_00118_262144_active|rotating|1346362883|8193|8193
1785865567126|1119|regression64_f2r_00118_262144_terminal|fixed|1346371075|8193|8193
1785865567126|1119|regression64_f2r_00118_262144_terminal|rotating|1350565379|8193|8193
1785865567365|1120|regression64_f2r_00119_262144_active|fixed|1350565379|8193|8193
1785865567365|1120|regression64_f2r_00119_262144_active|rotating|1350557187|8193|8193
1785865568228|1120|regression64_f2r_00119_262144_terminal|fixed|1350565379|8193|8193
1785865568228|1120|regression64_f2r_00119_262144_terminal|rotating|1350565379|8193|8193
1785865568488|1121|regression64_f2r_00120_262144_active|fixed|1350565379|8193|8193
1785865568488|1121|regression64_f2r_00120_262144_active|rotating|1346362883|8193|8193
1785865569335|1121|regression64_f2r_00120_262144_terminal|fixed|1346371075|8193|8193
1785865569335|1121|regression64_f2r_00120_262144_terminal|rotating|1350565379|8193|8193
1785865569590|1122|regression64_f2r_00121_262144_active|fixed|1350565379|8193|8193
1785865569590|1122|regression64_f2r_00121_262144_active|rotating|1350557187|8193|8193
1785865570440|1122|regression64_f2r_00121_262144_terminal|fixed|1350565379|8193|8193
1785865570440|1122|regression64_f2r_00121_262144_terminal|rotating|1346371075|8193|8193
1785865570679|1123|regression64_f2r_00122_262144_active|fixed|1350565379|8193|8193
1785865570679|1123|regression64_f2r_00122_262144_active|rotating|1346362883|8193|8193
1785865571548|1123|regression64_f2r_00122_262144_terminal|fixed|1350565379|8193|8193
1785865571548|1123|regression64_f2r_00122_262144_terminal|rotating|1350565379|8193|8193
1785865571793|1124|regression64_f2r_00123_262144_active|fixed|1350565379|8193|8193
1785865571793|1124|regression64_f2r_00123_262144_active|rotating|1350557187|8193|8193
1785865572667|1124|regression64_f2r_00123_262144_terminal|fixed|1346371075|8193|8193
1785865572667|1124|regression64_f2r_00123_262144_terminal|rotating|1350565379|8193|8193
1785865572938|1125|regression64_f2r_00124_262144_active|fixed|1350565379|8193|8193
1785865572938|1125|regression64_f2r_00124_262144_active|rotating|1350557187|8193|8193
1785865573805|1125|regression64_f2r_00124_262144_terminal|fixed|1350565379|8193|8193
1785865573805|1125|regression64_f2r_00124_262144_terminal|rotating|1350565379|8193|8193
1785865574057|1126|regression64_f2r_00125_262144_active|fixed|1350565379|8193|8193
1785865574057|1126|regression64_f2r_00125_262144_active|rotating|1346362883|8193|8193
1785865574883|1126|regression64_f2r_00125_262144_terminal|fixed|1350565379|8193|8193
1785865574883|1126|regression64_f2r_00125_262144_terminal|rotating|1346371075|8193|8193
1785865575142|1127|regression64_f2r_00126_262144_active|fixed|1350565379|8193|8193
1785865575142|1127|regression64_f2r_00126_262144_active|rotating|1346362883|8193|8193
1785865575974|1127|regression64_f2r_00126_262144_terminal|fixed|1346371075|8193|8193
1785865575974|1127|regression64_f2r_00126_262144_terminal|rotating|1350565379|8193|8193
1785865576244|1128|regression64_f2r_00127_262144_active|fixed|1350565379|8193|8193
1785865576244|1128|regression64_f2r_00127_262144_active|rotating|1346362883|8193|8193
1785865577103|1128|regression64_f2r_00127_262144_terminal|fixed|1346371075|8193|8193
1785865577103|1128|regression64_f2r_00127_262144_terminal|rotating|1350565379|8193|8193
1785865577407|1129|regression64_f2r_00128_262144_active|fixed|1346371075|8193|8193
1785865577407|1129|regression64_f2r_00128_262144_active|rotating|1346362883|8193|8193
1785865578267|1129|regression64_f2r_00128_262144_terminal|fixed|1346371075|8193|8193
1785865578267|1129|regression64_f2r_00128_262144_terminal|rotating|1350565379|8193|8193
1785865578538|1130|regression64_f2r_00129_262144_active|fixed|1350565379|8193|8193
1785865578538|1130|regression64_f2r_00129_262144_active|rotating|1346362883|8193|8193
1785865579368|1130|regression64_f2r_00129_262144_terminal|fixed|1346371075|8193|8193
1785865579368|1130|regression64_f2r_00129_262144_terminal|rotating|1346371075|8193|8193
1785865579655|1131|regression64_f2r_00130_262144_active|fixed|1350565379|8193|8193
1785865579655|1131|regression64_f2r_00130_262144_active|rotating|1350557187|8193|8193
1785865580529|1131|regression64_f2r_00130_262144_terminal|fixed|1350565379|8193|8193
1785865580529|1131|regression64_f2r_00130_262144_terminal|rotating|1350565379|8193|8193
1785865580786|1132|regression64_f2r_00131_262144_active|fixed|1350565379|8193|8193
1785865580786|1132|regression64_f2r_00131_262144_active|rotating|1350557187|8193|8193
1785865581589|1132|regression64_f2r_00131_262144_terminal|fixed|1346371075|8193|8193
1785865581589|1132|regression64_f2r_00131_262144_terminal|rotating|1350565379|8193|8193
1785865581845|1133|regression64_f2r_00132_262144_active|fixed|1350565379|8193|8193
1785865581845|1133|regression64_f2r_00132_262144_active|rotating|1350557187|8193|8193
1785865582703|1133|regression64_f2r_00132_262144_terminal|fixed|1350565379|8193|8193
1785865582703|1133|regression64_f2r_00132_262144_terminal|rotating|1350565379|8193|8193
1785865582961|1134|regression64_f2r_00133_262144_active|fixed|1350565379|8193|8193
1785865582961|1134|regression64_f2r_00133_262144_active|rotating|1346362883|8193|8193
1785865583818|1134|regression64_f2r_00133_262144_terminal|fixed|1350565379|8193|8193
1785865583818|1134|regression64_f2r_00133_262144_terminal|rotating|1350565379|8193|8193
1785865584117|1135|regression64_f2r_00134_262144_active|fixed|1346371075|8193|8193
1785865584117|1135|regression64_f2r_00134_262144_active|rotating|1346362883|8193|8193
1785865585076|1135|regression64_f2r_00134_262144_terminal|fixed|1346371075|8193|8193
1785865585076|1135|regression64_f2r_00134_262144_terminal|rotating|1350565379|8193|8193
1785865585310|1136|regression64_f2r_00135_262144_active|fixed|1346371075|8193|8193
1785865585310|1136|regression64_f2r_00135_262144_active|rotating|1350557187|8193|8193
1785865586182|1136|regression64_f2r_00135_262144_terminal|fixed|1346371075|8193|8193
1785865586182|1136|regression64_f2r_00135_262144_terminal|rotating|1346371075|8193|8193
1785865586428|1137|regression64_f2r_00136_262144_active|fixed|1346371075|8193|8193
1785865586428|1137|regression64_f2r_00136_262144_active|rotating|1350557187|8193|8193
1785865587338|1137|regression64_f2r_00136_262144_terminal|fixed|1350565379|8193|8193
1785865587338|1137|regression64_f2r_00136_262144_terminal|rotating|1350565379|8193|8193
1785865587591|1138|regression64_f2r_00137_262144_active|fixed|1350565379|8193|8193
1785865587591|1138|regression64_f2r_00137_262144_active|rotating|1350557187|8193|8193
1785865588447|1138|regression64_f2r_00137_262144_terminal|fixed|1346371075|8193|8193
1785865588447|1138|regression64_f2r_00137_262144_terminal|rotating|1350565379|8193|8193
1785865588688|1139|regression64_f2r_00138_262144_active|fixed|1350565379|8193|8193
1785865588688|1139|regression64_f2r_00138_262144_active|rotating|1350557187|8193|8193
1785865589519|1139|regression64_f2r_00138_262144_terminal|fixed|1346371075|8193|8193
1785865589519|1139|regression64_f2r_00138_262144_terminal|rotating|1350565379|8193|8193
1785865589778|1140|regression64_f2r_00139_262144_active|fixed|1346371075|8193|8193
1785865589778|1140|regression64_f2r_00139_262144_active|rotating|1350557187|8193|8193
1785865590618|1140|regression64_f2r_00139_262144_terminal|fixed|1350565379|8193|8193
1785865590618|1140|regression64_f2r_00139_262144_terminal|rotating|1350565379|8193|8193
1785865590886|1141|regression64_f2r_00140_262144_active|fixed|1350565379|8193|8193
1785865590886|1141|regression64_f2r_00140_262144_active|rotating|1350557187|8193|8193
1785865591714|1141|regression64_f2r_00140_262144_terminal|fixed|1350565379|8193|8193
1785865591714|1141|regression64_f2r_00140_262144_terminal|rotating|1346371075|8193|8193
1785865591974|1142|regression64_f2r_00141_262144_active|fixed|1350565379|8193|8193
1785865591974|1142|regression64_f2r_00141_262144_active|rotating|1346362883|8193|8193
1785865592834|1142|regression64_f2r_00141_262144_terminal|fixed|1346371075|8193|8193
1785865592834|1142|regression64_f2r_00141_262144_terminal|rotating|1350565379|8193|8193
1785865593132|1143|regression64_f2r_00142_262144_active|fixed|1350565379|8193|8193
1785865593132|1143|regression64_f2r_00142_262144_active|rotating|1346362883|8193|8193
1785865594004|1143|regression64_f2r_00142_262144_terminal|fixed|1350565379|8193|8193
1785865594004|1143|regression64_f2r_00142_262144_terminal|rotating|1346371075|8193|8193
1785865594238|1144|regression64_f2r_00143_262144_active|fixed|1346371075|8193|8193
1785865594238|1144|regression64_f2r_00143_262144_active|rotating|1350557187|8193|8193
1785865595209|1144|regression64_f2r_00143_262144_terminal|fixed|1346371075|8193|8193
1785865595209|1144|regression64_f2r_00143_262144_terminal|rotating|1350565379|8193|8193
1785865595483|1145|regression64_f2r_00144_262144_active|fixed|1350565379|8193|8193
1785865595483|1145|regression64_f2r_00144_262144_active|rotating|1346362883|8193|8193
1785865596353|1145|regression64_f2r_00144_262144_terminal|fixed|1346371075|8193|8193
1785865596353|1145|regression64_f2r_00144_262144_terminal|rotating|1346371075|8193|8193
1785865596623|1146|regression64_f2r_00145_262144_active|fixed|1350565379|8193|8193
1785865596623|1146|regression64_f2r_00145_262144_active|rotating|1350557187|8193|8193
1785865597707|1146|regression64_f2r_00145_262144_terminal|fixed|1350565379|8193|8193
1785865597707|1146|regression64_f2r_00145_262144_terminal|rotating|1350565379|8193|8193
1785865597957|1147|regression64_f2r_00146_262144_active|fixed|1350565379|8193|8193
1785865597957|1147|regression64_f2r_00146_262144_active|rotating|1350557187|8193|8193
1785865598800|1147|regression64_f2r_00146_262144_terminal|fixed|1346371075|8193|8193
1785865598800|1147|regression64_f2r_00146_262144_terminal|rotating|1350565379|8193|8193
1785865599045|1148|regression64_f2r_00147_262144_active|fixed|1346371075|8193|8193
1785865599045|1148|regression64_f2r_00147_262144_active|rotating|1350557187|8193|8193
1785865599917|1148|regression64_f2r_00147_262144_terminal|fixed|1350565379|8193|8193
1785865599917|1148|regression64_f2r_00147_262144_terminal|rotating|1350565379|8193|8193
1785865600145|1149|regression64_f2r_00148_262144_active|fixed|1350565379|8193|8193
1785865600145|1149|regression64_f2r_00148_262144_active|rotating|1350557187|8193|8193
1785865601045|1149|regression64_f2r_00148_262144_terminal|fixed|1346371075|8193|8193
1785865601045|1149|regression64_f2r_00148_262144_terminal|rotating|1350565379|8193|8193
1785865601300|1150|regression64_f2r_00149_262144_active|fixed|1346371075|8193|8193
1785865601300|1150|regression64_f2r_00149_262144_active|rotating|1350557187|8193|8193
1785865602181|1150|regression64_f2r_00149_262144_terminal|fixed|1346371075|8193|8193
1785865602181|1150|regression64_f2r_00149_262144_terminal|rotating|1346371075|8193|8193
1785865602439|1151|regression64_f2r_00150_262144_active|fixed|1346371075|8193|8193
1785865602439|1151|regression64_f2r_00150_262144_active|rotating|1346362883|8193|8193
1785865603335|1151|regression64_f2r_00150_262144_terminal|fixed|1346371075|8193|8193
1785865603335|1151|regression64_f2r_00150_262144_terminal|rotating|1350565379|8193|8193
1785865603556|1152|regression64_f2r_00151_262144_active|fixed|1350565379|8193|8193
1785865603556|1152|regression64_f2r_00151_262144_active|rotating|1350557187|8193|8193
1785865604403|1152|regression64_f2r_00151_262144_terminal|fixed|1346371075|8193|8193
1785865604403|1152|regression64_f2r_00151_262144_terminal|rotating|1346371075|8193|8193
1785865604659|1153|regression64_f2r_00152_262144_active|fixed|1346371075|8193|8193
1785865604659|1153|regression64_f2r_00152_262144_active|rotating|1346362883|8193|8193
1785865605511|1153|regression64_f2r_00152_262144_terminal|fixed|1346371075|8193|8193
1785865605511|1153|regression64_f2r_00152_262144_terminal|rotating|1350565379|8193|8193
1785865605779|1154|regression64_f2r_00153_262144_active|fixed|1350565379|8193|8193
1785865605779|1154|regression64_f2r_00153_262144_active|rotating|1350557187|8193|8193
1785865606615|1154|regression64_f2r_00153_262144_terminal|fixed|1350565379|8193|8193
1785865606615|1154|regression64_f2r_00153_262144_terminal|rotating|1346371075|8193|8193
1785865606849|1155|regression64_f2r_00154_262144_active|fixed|1346371075|8193|8193
1785865606849|1155|regression64_f2r_00154_262144_active|rotating|1346362883|8193|8193
1785865607730|1155|regression64_f2r_00154_262144_terminal|fixed|1350565379|8193|8193
1785865607730|1155|regression64_f2r_00154_262144_terminal|rotating|1346371075|8193|8193
1785865607995|1156|regression64_f2r_00155_262144_active|fixed|1350565379|8193|8193
1785865607995|1156|regression64_f2r_00155_262144_active|rotating|1350557187|8193|8193
1785865608857|1156|regression64_f2r_00155_262144_terminal|fixed|1350565379|8193|8193
1785865608857|1156|regression64_f2r_00155_262144_terminal|rotating|1350565379|8193|8193
1785865609143|1157|regression64_f2r_00156_262144_active|fixed|1350565379|8193|8193
1785865609143|1157|regression64_f2r_00156_262144_active|rotating|1346362883|8193|8193
1785865609990|1157|regression64_f2r_00156_262144_terminal|fixed|1346371075|8193|8193
1785865609990|1157|regression64_f2r_00156_262144_terminal|rotating|1346371075|8193|8193
1785865610237|1158|regression64_f2r_00157_262144_active|fixed|1350565379|8193|8193
1785865610237|1158|regression64_f2r_00157_262144_active|rotating|1350557187|8193|8193
1785865611091|1158|regression64_f2r_00157_262144_terminal|fixed|1350565379|8193|8193
1785865611091|1158|regression64_f2r_00157_262144_terminal|rotating|1346371075|8193|8193
1785865611360|1159|regression64_f2r_00158_262144_active|fixed|1346371075|8193|8193
1785865611360|1159|regression64_f2r_00158_262144_active|rotating|1346362883|8193|8193
1785865612306|1159|regression64_f2r_00158_262144_terminal|fixed|1350565379|8193|8193
1785865612306|1159|regression64_f2r_00158_262144_terminal|rotating|1346371075|8193|8193
1785865612548|1160|regression64_f2r_00159_262144_active|fixed|1350565379|8193|8193
1785865612548|1160|regression64_f2r_00159_262144_active|rotating|1346362883|8193|8193
1785865613398|1160|regression64_f2r_00159_262144_terminal|fixed|1350565379|8193|8193
1785865613398|1160|regression64_f2r_00159_262144_terminal|rotating|1350565379|8193|8193
1785865613667|1161|regression64_f2r_00160_262144_active|fixed|1346371075|8193|8193
1785865613667|1161|regression64_f2r_00160_262144_active|rotating|1350557187|8193|8193
1785865614485|1161|regression64_f2r_00160_262144_terminal|fixed|1350565379|8193|8193
1785865614485|1161|regression64_f2r_00160_262144_terminal|rotating|1346371075|8193|8193
1785865614760|1162|regression64_f2r_00161_262144_active|fixed|1350565379|8193|8193
1785865614760|1162|regression64_f2r_00161_262144_active|rotating|1350557187|8193|8193
1785865615619|1162|regression64_f2r_00161_262144_terminal|fixed|1350565379|8193|8193
1785865615619|1162|regression64_f2r_00161_262144_terminal|rotating|1350565379|8193|8193
1785865615853|1163|regression64_f2r_00162_262144_active|fixed|1350565379|8193|8193
1785865615853|1163|regression64_f2r_00162_262144_active|rotating|1346362883|8193|8193
1785865616735|1163|regression64_f2r_00162_262144_terminal|fixed|1350565379|8193|8193
1785865616735|1163|regression64_f2r_00162_262144_terminal|rotating|1350565379|8193|8193
1785865616995|1164|regression64_f2r_00163_262144_active|fixed|1346371075|8193|8193
1785865616995|1164|regression64_f2r_00163_262144_active|rotating|1346362883|8193|8193
1785865617822|1164|regression64_f2r_00163_262144_terminal|fixed|1350565379|8193|8193
1785865617822|1164|regression64_f2r_00163_262144_terminal|rotating|1346371075|8193|8193
1785865618081|1165|regression64_f2r_00164_262144_active|fixed|1350565379|8193|8193
1785865618081|1165|regression64_f2r_00164_262144_active|rotating|1350557187|8193|8193
1785865618970|1165|regression64_f2r_00164_262144_terminal|fixed|1350565379|8193|8193
1785865618970|1165|regression64_f2r_00164_262144_terminal|rotating|1346371075|8193|8193
1785865619199|1166|regression64_f2r_00165_262144_active|fixed|1346371075|8193|8193
1785865619199|1166|regression64_f2r_00165_262144_active|rotating|1346362883|8193|8193
1785865620046|1166|regression64_f2r_00165_262144_terminal|fixed|1350565379|8193|8193
1785865620046|1166|regression64_f2r_00165_262144_terminal|rotating|1346371075|8193|8193
1785865620316|1167|regression64_f2r_00166_262144_active|fixed|1350565379|8193|8193
1785865620316|1167|regression64_f2r_00166_262144_active|rotating|1350557187|8193|8193
1785865621145|1167|regression64_f2r_00166_262144_terminal|fixed|1346371075|8193|8193
1785865621145|1167|regression64_f2r_00166_262144_terminal|rotating|1346371075|8193|8193
1785865621388|1168|regression64_f2r_00167_262144_active|fixed|1346371075|8193|8193
1785865621388|1168|regression64_f2r_00167_262144_active|rotating|1346362883|8193|8193
1785865622210|1168|regression64_f2r_00167_262144_terminal|fixed|1346371075|8193|8193
1785865622210|1168|regression64_f2r_00167_262144_terminal|rotating|1346371075|8193|8193
1785865622438|1169|regression64_f2r_00168_262144_active|fixed|1350565379|8193|8193
1785865622438|1169|regression64_f2r_00168_262144_active|rotating|1346362883|8193|8193
1785865623298|1169|regression64_f2r_00168_262144_terminal|fixed|1350565379|8193|8193
1785865623298|1169|regression64_f2r_00168_262144_terminal|rotating|1350565379|8193|8193
1785865623608|1170|regression64_f2r_00169_262144_active|fixed|1346371075|8193|8193
1785865623608|1170|regression64_f2r_00169_262144_active|rotating|1350557187|8193|8193
1785865624458|1170|regression64_f2r_00169_262144_terminal|fixed|1350565379|8193|8193
1785865624458|1170|regression64_f2r_00169_262144_terminal|rotating|1350565379|8193|8193
1785865624713|1171|regression64_f2r_00170_262144_active|fixed|1346371075|8193|8193
1785865624713|1171|regression64_f2r_00170_262144_active|rotating|1350557187|8193|8193
1785865625559|1171|regression64_f2r_00170_262144_terminal|fixed|1350565379|8193|8193
1785865625559|1171|regression64_f2r_00170_262144_terminal|rotating|1350565379|8193|8193
1785865625779|1172|regression64_f2r_00171_262144_active|fixed|1350565379|8193|8193
1785865625779|1172|regression64_f2r_00171_262144_active|rotating|1350557187|8193|8193
1785865626616|1172|regression64_f2r_00171_262144_terminal|fixed|1350565379|8193|8193
1785865626616|1172|regression64_f2r_00171_262144_terminal|rotating|1350565379|8193|8193
1785865626870|1173|regression64_f2r_00172_262144_active|fixed|1346371075|8193|8193
1785865626870|1173|regression64_f2r_00172_262144_active|rotating|1346362883|8193|8193
1785865627722|1173|regression64_f2r_00172_262144_terminal|fixed|1350565379|8193|8193
1785865627722|1173|regression64_f2r_00172_262144_terminal|rotating|1346371075|8193|8193
1785865627991|1174|regression64_f2r_00173_262144_active|fixed|1346371075|8193|8193
1785865627991|1174|regression64_f2r_00173_262144_active|rotating|1350557187|8193|8193
1785865628895|1174|regression64_f2r_00173_262144_terminal|fixed|1350565379|8193|8193
1785865628895|1174|regression64_f2r_00173_262144_terminal|rotating|1350565379|8193|8193
1785865629122|1175|regression64_f2r_00174_262144_active|fixed|1350565379|8193|8193
1785865629122|1175|regression64_f2r_00174_262144_active|rotating|1346362883|8193|8193
1785865630001|1175|regression64_f2r_00174_262144_terminal|fixed|1346371075|8193|8193
1785865630001|1175|regression64_f2r_00174_262144_terminal|rotating|1350565379|8193|8193
1785865630267|1176|regression64_f2r_00175_262144_active|fixed|1350565379|8193|8193
1785865630267|1176|regression64_f2r_00175_262144_active|rotating|1346362883|8193|8193
1785865631164|1176|regression64_f2r_00175_262144_terminal|fixed|1350565379|8193|8193
1785865631164|1176|regression64_f2r_00175_262144_terminal|rotating|1350565379|8193|8193
1785865631390|1177|regression64_f2r_00176_262144_active|fixed|1346371075|8193|8193
1785865631390|1177|regression64_f2r_00176_262144_active|rotating|1346362883|8193|8193
1785865632252|1177|regression64_f2r_00176_262144_terminal|fixed|1346371075|8193|8193
1785865632252|1177|regression64_f2r_00176_262144_terminal|rotating|1346371075|8193|8193
1785865632505|1178|regression64_f2r_00177_262144_active|fixed|1346371074|8193|8193
1785865632505|1178|regression64_f2r_00177_262144_active|rotating|1350557187|8193|8193
1785865633341|1178|regression64_f2r_00177_262144_terminal|fixed|1350565379|8193|8193
1785865633341|1178|regression64_f2r_00177_262144_terminal|rotating|1346371075|8193|8193
1785865633596|1179|regression64_f2r_00178_262144_active|fixed|1350565379|8193|8193
1785865633596|1179|regression64_f2r_00178_262144_active|rotating|1346362883|8193|8193
1785865634566|1179|regression64_f2r_00178_262144_terminal|fixed|1346371075|8193|8193
1785865634566|1179|regression64_f2r_00178_262144_terminal|rotating|1346371075|8193|8193
1785865634964|1180|regression64_f2r_00179_262144_active|fixed|1350565379|8193|8193
1785865634964|1180|regression64_f2r_00179_262144_active|rotating|1350557187|8193|8193
1785865635846|1180|regression64_f2r_00179_262144_terminal|fixed|1350565379|8193|8193
1785865635846|1180|regression64_f2r_00179_262144_terminal|rotating|1350565379|8193|8193
1785865636224|1181|regression64_f2r_00180_262144_active|fixed|1350565379|8193|8193
1785865636224|1181|regression64_f2r_00180_262144_active|rotating|1346362883|8193|8193
1785865637097|1181|regression64_f2r_00180_262144_terminal|fixed|1346371075|8193|8193
1785865637097|1181|regression64_f2r_00180_262144_terminal|rotating|1350565379|8193|8193
1785865637412|1182|regression64_f2r_00181_262144_active|fixed|1350565379|8193|8193
1785865637412|1182|regression64_f2r_00181_262144_active|rotating|1350557187|8193|8193
1785865638252|1182|regression64_f2r_00181_262144_terminal|fixed|1346371075|8193|8193
1785865638252|1182|regression64_f2r_00181_262144_terminal|rotating|1346371075|8193|8193
1785865638506|1183|regression64_f2r_00182_262144_active|fixed|1346371075|8193|8193
1785865638506|1183|regression64_f2r_00182_262144_active|rotating|1350557187|8193|8193
1785865639473|1183|regression64_f2r_00182_262144_terminal|fixed|1346371075|8193|8193
1785865639473|1183|regression64_f2r_00182_262144_terminal|rotating|1346371075|8193|8193
1785865639736|1184|regression64_f2r_00183_262144_active|fixed|1350565379|8193|8193
1785865639736|1184|regression64_f2r_00183_262144_active|rotating|1346362883|8193|8193
1785865640680|1184|regression64_f2r_00183_262144_terminal|fixed|1346371075|8193|8193
1785865640680|1184|regression64_f2r_00183_262144_terminal|rotating|1346371075|8193|8193
1785865641026|1185|regression64_f2r_00184_262144_active|fixed|1350565379|8193|8193
1785865641026|1185|regression64_f2r_00184_262144_active|rotating|1346362883|8193|8193
1785865641969|1185|regression64_f2r_00184_262144_terminal|fixed|1346371075|8193|8193
1785865641969|1185|regression64_f2r_00184_262144_terminal|rotating|1350565379|8193|8193
1785865642320|1186|regression64_f2r_00185_262144_active|fixed|1350565379|8193|8193
1785865642320|1186|regression64_f2r_00185_262144_active|rotating|1346362883|8193|8193
1785865643220|1186|regression64_f2r_00185_262144_terminal|fixed|1350565379|8193|8193
1785865643220|1186|regression64_f2r_00185_262144_terminal|rotating|1346371075|8193|8193
1785865643519|1187|regression64_f2r_00186_262144_active|fixed|1346371075|8193|8193
1785865643519|1187|regression64_f2r_00186_262144_active|rotating|1350557187|8193|8193
1785865644442|1187|regression64_f2r_00186_262144_terminal|fixed|1346371075|8193|8193
1785865644442|1187|regression64_f2r_00186_262144_terminal|rotating|1350565379|8193|8193
1785865644743|1188|regression64_f2r_00187_262144_active|fixed|1346371075|8193|8193
1785865644743|1188|regression64_f2r_00187_262144_active|rotating|1346362883|8193|8193
1785865645747|1188|regression64_f2r_00187_262144_terminal|fixed|1346371075|8193|8193
1785865645747|1188|regression64_f2r_00187_262144_terminal|rotating|1350565379|8193|8193
1785865646018|1189|regression64_f2r_00188_262144_active|fixed|1346371075|8193|8193
1785865646018|1189|regression64_f2r_00188_262144_active|rotating|1350557187|8193|8193
1785865646884|1189|regression64_f2r_00188_262144_terminal|fixed|1346371075|8193|8193
1785865646884|1189|regression64_f2r_00188_262144_terminal|rotating|1350565379|8193|8193
1785865647112|1190|regression64_f2r_00189_262144_active|fixed|1350565379|8193|8193
1785865647112|1190|regression64_f2r_00189_262144_active|rotating|1346362883|8193|8193
1785865647988|1190|regression64_f2r_00189_262144_terminal|fixed|1346371075|8193|8193
1785865647988|1190|regression64_f2r_00189_262144_terminal|rotating|1346371075|8193|8193
1785865648262|1191|regression64_f2r_00190_262144_active|fixed|1346371075|8193|8193
1785865648262|1191|regression64_f2r_00190_262144_active|rotating|1350557187|8193|8193
1785865649150|1191|regression64_f2r_00190_262144_terminal|fixed|1350565379|8193|8193
1785865649150|1191|regression64_f2r_00190_262144_terminal|rotating|1350565379|8193|8193
1785865649394|1192|regression64_f2r_00191_262144_active|fixed|1346371075|8193|8193
1785865649394|1192|regression64_f2r_00191_262144_active|rotating|1346362883|8193|8193
1785865650235|1192|regression64_f2r_00191_262144_terminal|fixed|1346371075|8193|8193
1785865650235|1192|regression64_f2r_00191_262144_terminal|rotating|1350565379|8193|8193
1785865650494|1193|regression64_f2r_00192_262144_active|fixed|1350565379|8193|8193
1785865650494|1193|regression64_f2r_00192_262144_active|rotating|1346362883|8193|8193
1785865651345|1193|regression64_f2r_00192_262144_terminal|fixed|1346371075|8193|8193
1785865651345|1193|regression64_f2r_00192_262144_terminal|rotating|1350565379|8193|8193
1785865651594|1194|regression64_f2r_00193_262144_active|fixed|1350565379|8193|8193
1785865651594|1194|regression64_f2r_00193_262144_active|rotating|1350557187|8193|8193
1785865652438|1194|regression64_f2r_00193_262144_terminal|fixed|1346371075|8193|8193
1785865652438|1194|regression64_f2r_00193_262144_terminal|rotating|1346371075|8193|8193
1785865652681|1195|regression64_f2r_00194_262144_active|fixed|1350565379|8193|8193
1785865652681|1195|regression64_f2r_00194_262144_active|rotating|1350557187|8193|8193
1785865653546|1195|regression64_f2r_00194_262144_terminal|fixed|1346371075|8193|8193
1785865653546|1195|regression64_f2r_00194_262144_terminal|rotating|1346371075|8193|8193
1785865653830|1196|regression64_f2r_00195_262144_active|fixed|1350565379|8193|8193
1785865653830|1196|regression64_f2r_00195_262144_active|rotating|1346362883|8193|8193
1785865654714|1196|regression64_f2r_00195_262144_terminal|fixed|1350565379|8193|8193
1785865654714|1196|regression64_f2r_00195_262144_terminal|rotating|1346371075|8193|8193
1785865654967|1197|regression64_f2r_00196_262144_active|fixed|1350565379|8193|8193
1785865654967|1197|regression64_f2r_00196_262144_active|rotating|1346362883|8193|8193
1785865655822|1197|regression64_f2r_00196_262144_terminal|fixed|1350565379|8193|8193
1785865655822|1197|regression64_f2r_00196_262144_terminal|rotating|1350565379|8193|8193
1785865656098|1198|regression64_f2r_00197_262144_active|fixed|1346371075|8193|8193
1785865656098|1198|regression64_f2r_00197_262144_active|rotating|1350557187|8193|8193
1785865656965|1198|regression64_f2r_00197_262144_terminal|fixed|1346371075|8193|8193
1785865656965|1198|regression64_f2r_00197_262144_terminal|rotating|1346371075|8193|8193
1785865657227|1199|regression64_f2r_00198_262144_active|fixed|1350565379|8193|8193
1785865657227|1199|regression64_f2r_00198_262144_active|rotating|1350557187|8193|8193
1785865658150|1199|regression64_f2r_00198_262144_terminal|fixed|1350565379|8193|8193
1785865658150|1199|regression64_f2r_00198_262144_terminal|rotating|1350565379|8193|8193
1785865658389|1200|regression64_f2r_00199_262144_active|fixed|1346371075|8193|8193
1785865658389|1200|regression64_f2r_00199_262144_active|rotating|1350557187|8193|8193
1785865659225|1200|regression64_f2r_00199_262144_terminal|fixed|1350565379|8193|8193
1785865659225|1200|regression64_f2r_00199_262144_terminal|rotating|1346371075|8193|8193
1785865659494|1201|regression64_f2r_00200_262144_active|fixed|1350565379|8193|8193
1785865659494|1201|regression64_f2r_00200_262144_active|rotating|1346362883|8193|8193
1785865660399|1201|regression64_f2r_00200_262144_terminal|fixed|1350565379|8193|8193
1785865660399|1201|regression64_f2r_00200_262144_terminal|rotating|1350565379|8193|8193
1785865660616|1202|regression64_f2r_00201_262144_active|fixed|1346371075|8193|8193
1785865660616|1202|regression64_f2r_00201_262144_active|rotating|1350557187|8193|8193
1785865661463|1202|regression64_f2r_00201_262144_terminal|fixed|1350565379|8193|8193
1785865661463|1202|regression64_f2r_00201_262144_terminal|rotating|1350565379|8193|8193
1785865661721|1203|regression64_f2r_00202_262144_active|fixed|1350565379|8193|8193
1785865661721|1203|regression64_f2r_00202_262144_active|rotating|1350557187|8193|8193
1785865662573|1203|regression64_f2r_00202_262144_terminal|fixed|1350565379|8193|8193
1785865662573|1203|regression64_f2r_00202_262144_terminal|rotating|1346371075|8193|8193
1785865662829|1204|regression64_f2r_00203_262144_active|fixed|1346371075|8193|8193
1785865662829|1204|regression64_f2r_00203_262144_active|rotating|1350557187|8193|8193
1785865663663|1204|regression64_f2r_00203_262144_terminal|fixed|1346371075|8193|8193
1785865663663|1204|regression64_f2r_00203_262144_terminal|rotating|1350565379|8193|8193
1785865663905|1205|regression64_f2r_00204_262144_active|fixed|1350565379|8193|8193
1785865663905|1205|regression64_f2r_00204_262144_active|rotating|1346362883|8193|8193
1785865664768|1205|regression64_f2r_00204_262144_terminal|fixed|1350565379|8193|8193
1785865664768|1205|regression64_f2r_00204_262144_terminal|rotating|1346371075|8193|8193
1785865665067|1206|regression64_f2r_00205_262144_active|fixed|1350565379|8193|8193
1785865665067|1206|regression64_f2r_00205_262144_active|rotating|1350557187|8193|8193
1785865665946|1206|regression64_f2r_00205_262144_terminal|fixed|1350565379|8193|8193
1785865665946|1206|regression64_f2r_00205_262144_terminal|rotating|1350565379|8193|8193
1785865666187|1207|regression64_f2r_00206_262144_active|fixed|1350565379|8193|8193
1785865666187|1207|regression64_f2r_00206_262144_active|rotating|1350557187|8193|8193
1785865667077|1207|regression64_f2r_00206_262144_terminal|fixed|1350565379|8193|8193
1785865667077|1207|regression64_f2r_00206_262144_terminal|rotating|1346371075|8193|8193
1785865667365|1208|regression64_f2r_00207_262144_active|fixed|1350565379|8193|8193
1785865667365|1208|regression64_f2r_00207_262144_active|rotating|1350557187|8193|8193
1785865668264|1208|regression64_f2r_00207_262144_terminal|fixed|1350565379|8193|8193
1785865668264|1208|regression64_f2r_00207_262144_terminal|rotating|1346371075|8193|8193
1785865668508|1209|regression64_f2r_00208_262144_active|fixed|1350565379|8193|8193
1785865668508|1209|regression64_f2r_00208_262144_active|rotating|1350557187|8193|8193
1785865669347|1209|regression64_f2r_00208_262144_terminal|fixed|1346371075|8193|8193
1785865669347|1209|regression64_f2r_00208_262144_terminal|rotating|1346371075|8193|8193
1785865669582|1210|regression64_f2r_00209_262144_active|fixed|1346371075|8193|8193
1785865669582|1210|regression64_f2r_00209_262144_active|rotating|1350557187|8193|8193
1785865670438|1210|regression64_f2r_00209_262144_terminal|fixed|1350565379|8193|8193
1785865670438|1210|regression64_f2r_00209_262144_terminal|rotating|1350565379|8193|8193
1785865670704|1211|regression64_f2r_00210_262144_active|fixed|1350565379|8193|8193
1785865670704|1211|regression64_f2r_00210_262144_active|rotating|1346362883|8193|8193
1785865671571|1211|regression64_f2r_00210_262144_terminal|fixed|1346371075|8193|8193
1785865671571|1211|regression64_f2r_00210_262144_terminal|rotating|1346371075|8193|8193
1785865671802|1212|regression64_f2r_00211_262144_active|fixed|1346371075|8193|8193
1785865671802|1212|regression64_f2r_00211_262144_active|rotating|1346362883|8193|8193
1785865672640|1212|regression64_f2r_00211_262144_terminal|fixed|1346371075|8193|8193
1785865672640|1212|regression64_f2r_00211_262144_terminal|rotating|1350565379|8193|8193
1785865672898|1213|regression64_f2r_00212_262144_active|fixed|1346371075|8193|8193
1785865672898|1213|regression64_f2r_00212_262144_active|rotating|1350557187|8193|8193
1785865673720|1213|regression64_f2r_00212_262144_terminal|fixed|1346371075|8193|8193
1785865673720|1213|regression64_f2r_00212_262144_terminal|rotating|1350565379|8193|8193
1785865673978|1214|regression64_f2r_00213_262144_active|fixed|1346371075|8193|8193
1785865673978|1214|regression64_f2r_00213_262144_active|rotating|1346362883|8193|8193
1785865674855|1214|regression64_f2r_00213_262144_terminal|fixed|1350565379|8193|8193
1785865674855|1214|regression64_f2r_00213_262144_terminal|rotating|1350565379|8193|8193
1785865675087|1215|regression64_f2r_00214_262144_active|fixed|1346371075|8193|8193
1785865675087|1215|regression64_f2r_00214_262144_active|rotating|1346362883|8193|8193
1785865675907|1215|regression64_f2r_00214_262144_terminal|fixed|1346371075|8193|8193
1785865675907|1215|regression64_f2r_00214_262144_terminal|rotating|1350565379|8193|8193
1785865676157|1216|regression64_f2r_00215_262144_active|fixed|1350565379|8193|8193
1785865676157|1216|regression64_f2r_00215_262144_active|rotating|1346362883|8193|8193
1785865677016|1216|regression64_f2r_00215_262144_terminal|fixed|1346371075|8193|8193
1785865677016|1216|regression64_f2r_00215_262144_terminal|rotating|1346371075|8193|8193
1785865677301|1217|regression64_f2r_00216_262144_active|fixed|1350565379|8193|8193
1785865677301|1217|regression64_f2r_00216_262144_active|rotating|1346362883|8193|8193
1785865678156|1217|regression64_f2r_00216_262144_terminal|fixed|1346371075|8193|8193
1785865678156|1217|regression64_f2r_00216_262144_terminal|rotating|1346371075|8193|8193
1785865678393|1218|regression64_f2r_00217_262144_active|fixed|1350565379|8193|8193
1785865678393|1218|regression64_f2r_00217_262144_active|rotating|1346362883|8193|8193
1785865679240|1218|regression64_f2r_00217_262144_terminal|fixed|1346371075|8193|8193
1785865679240|1218|regression64_f2r_00217_262144_terminal|rotating|1346371075|8193|8193
1785865679507|1219|regression64_f2r_00218_262144_active|fixed|1350565379|8193|8193
1785865679507|1219|regression64_f2r_00218_262144_active|rotating|1346362883|8193|8193
1785865680347|1219|regression64_f2r_00218_262144_terminal|fixed|1350565379|8193|8193
1785865680347|1219|regression64_f2r_00218_262144_terminal|rotating|1346371075|8193|8193
1785865680600|1220|regression64_f2r_00219_262144_active|fixed|1350565379|8193|8193
1785865680600|1220|regression64_f2r_00219_262144_active|rotating|1350557187|8193|8193
1785865681475|1220|regression64_f2r_00219_262144_terminal|fixed|1350565379|8193|8193
1785865681475|1220|regression64_f2r_00219_262144_terminal|rotating|1346371075|8193|8193
1785865681730|1221|regression64_f2r_00220_262144_active|fixed|1346371075|8193|8193
1785865681730|1221|regression64_f2r_00220_262144_active|rotating|1350557187|8193|8193
1785865682577|1221|regression64_f2r_00220_262144_terminal|fixed|1350565379|8193|8193
1785865682577|1221|regression64_f2r_00220_262144_terminal|rotating|1346371075|8193|8193
1785865682836|1222|regression64_f2r_00221_262144_active|fixed|1346371075|8193|8193
1785865682836|1222|regression64_f2r_00221_262144_active|rotating|1346362883|8193|8193
1785865683770|1222|regression64_f2r_00221_262144_terminal|fixed|1346371075|8193|8193
1785865683770|1222|regression64_f2r_00221_262144_terminal|rotating|1346371075|8193|8193
1785865684011|1223|regression64_f2r_00222_262144_active|fixed|1346371075|8193|8193
1785865684011|1223|regression64_f2r_00222_262144_active|rotating|1346362883|8193|8193
1785865685496|1223|regression64_f2r_00222_262144_terminal|fixed|1346371075|8193|8193
1785865685496|1223|regression64_f2r_00222_262144_terminal|rotating|1350565379|8193|8193
1785865685727|1224|regression64_f2r_00223_262144_active|fixed|1350565379|8193|8193
1785865685727|1224|regression64_f2r_00223_262144_active|rotating|1350557187|8193|8193
1785865687100|1224|regression64_f2r_00223_262144_terminal|fixed|1350565379|8193|8193
1785865687100|1224|regression64_f2r_00223_262144_terminal|rotating|1346371075|8193|8193
1785865687350|1225|regression64_f2r_00224_262144_active|fixed|1350565379|8193|8193
1785865687350|1225|regression64_f2r_00224_262144_active|rotating|1346362883|8193|8193
1785865688205|1225|regression64_f2r_00224_262144_terminal|fixed|1346371075|8193|8193
1785865688205|1225|regression64_f2r_00224_262144_terminal|rotating|1350565379|8193|8193
1785865688435|1226|regression64_f2r_00225_262144_active|fixed|1350565379|8193|8193
1785865688435|1226|regression64_f2r_00225_262144_active|rotating|1350557187|8193|8193
1785865689717|1226|regression64_f2r_00225_262144_terminal|fixed|1350565379|8193|8193
1785865689717|1226|regression64_f2r_00225_262144_terminal|rotating|1346371075|8193|8193
1785865689978|1227|regression64_f2r_00226_262144_active|fixed|1346371075|8193|8193
1785865689978|1227|regression64_f2r_00226_262144_active|rotating|1350557187|8193|8193
1785865690891|1227|regression64_f2r_00226_262144_terminal|fixed|1346371075|8193|8193
1785865690891|1227|regression64_f2r_00226_262144_terminal|rotating|1346371075|8193|8193
1785865691120|1228|regression64_f2r_00227_262144_active|fixed|1346371075|8193|8193
1785865691120|1228|regression64_f2r_00227_262144_active|rotating|1350557187|8193|8193
1785865691949|1228|regression64_f2r_00227_262144_terminal|fixed|1346371075|8193|8193
1785865691949|1228|regression64_f2r_00227_262144_terminal|rotating|1350565379|8193|8193
1785865692217|1229|regression64_f2r_00228_262144_active|fixed|1350565379|8193|8193
1785865692217|1229|regression64_f2r_00228_262144_active|rotating|1346362883|8193|8193
1785865693052|1229|regression64_f2r_00228_262144_terminal|fixed|1350565379|8193|8193
1785865693052|1229|regression64_f2r_00228_262144_terminal|rotating|1346371075|8193|8193
1785865693312|1230|regression64_f2r_00229_262144_active|fixed|1346371075|8193|8193
1785865693312|1230|regression64_f2r_00229_262144_active|rotating|1346362883|8193|8193
1785865694230|1230|regression64_f2r_00229_262144_terminal|fixed|1350565379|8193|8193
1785865694230|1230|regression64_f2r_00229_262144_terminal|rotating|1350565379|8193|8193
1785865694505|1231|regression64_f2r_00230_262144_active|fixed|1346371075|8193|8193
1785865694505|1231|regression64_f2r_00230_262144_active|rotating|1350557187|8193|8193
1785865695327|1231|regression64_f2r_00230_262144_terminal|fixed|1346371075|8193|8193
1785865695327|1231|regression64_f2r_00230_262144_terminal|rotating|1350565379|8193|8193
1785865695597|1232|regression64_f2r_00231_262144_active|fixed|1346371075|8193|8193
1785865695597|1232|regression64_f2r_00231_262144_active|rotating|1350557187|8193|8193
1785865696448|1232|regression64_f2r_00231_262144_terminal|fixed|1350565379|8193|8193
1785865696448|1232|regression64_f2r_00231_262144_terminal|rotating|1346371075|8193|8193
1785865696715|1233|regression64_f2r_00232_262144_active|fixed|1346371075|8193|8193
1785865696715|1233|regression64_f2r_00232_262144_active|rotating|1350557187|8193|8193
1785865697554|1233|regression64_f2r_00232_262144_terminal|fixed|1346371075|8193|8193
1785865697554|1233|regression64_f2r_00232_262144_terminal|rotating|1346371075|8193|8193
1785865697835|1234|regression64_f2r_00233_262144_active|fixed|1350565379|8193|8193
1785865697835|1234|regression64_f2r_00233_262144_active|rotating|1350557187|8193|8193
1785865698690|1234|regression64_f2r_00233_262144_terminal|fixed|1346371075|8193|8193
1785865698690|1234|regression64_f2r_00233_262144_terminal|rotating|1350565379|8193|8193
1785865698934|1235|regression64_f2r_00234_262144_active|fixed|1350565379|8193|8193
1785865698934|1235|regression64_f2r_00234_262144_active|rotating|1346362883|8193|8193
1785865699762|1235|regression64_f2r_00234_262144_terminal|fixed|1350565379|8193|8193
1785865699762|1235|regression64_f2r_00234_262144_terminal|rotating|1350565379|8193|8193
1785865700027|1236|regression64_f2r_00235_262144_active|fixed|1346371075|8193|8193
1785865700027|1236|regression64_f2r_00235_262144_active|rotating|1346362883|8193|8193
1785865700893|1236|regression64_f2r_00235_262144_terminal|fixed|1350565379|8193|8193
1785865700893|1236|regression64_f2r_00235_262144_terminal|rotating|1350565379|8193|8193
1785865701134|1237|regression64_f2r_00236_262144_active|fixed|1350565379|8193|8193
1785865701134|1237|regression64_f2r_00236_262144_active|rotating|1350557187|8193|8193
1785865701988|1237|regression64_f2r_00236_262144_terminal|fixed|1350565379|8193|8193
1785865701988|1237|regression64_f2r_00236_262144_terminal|rotating|1350565379|8193|8193
1785865702239|1238|regression64_f2r_00237_262144_active|fixed|1350565379|8193|8193
1785865702239|1238|regression64_f2r_00237_262144_active|rotating|1350557187|8193|8193
1785865703055|1238|regression64_f2r_00237_262144_terminal|fixed|1346371075|8193|8193
1785865703055|1238|regression64_f2r_00237_262144_terminal|rotating|1346371075|8193|8193
1785865703340|1239|regression64_f2r_00238_262144_active|fixed|1346371075|8193|8193
1785865703340|1239|regression64_f2r_00238_262144_active|rotating|1346362883|8193|8193
1785865704150|1239|regression64_f2r_00238_262144_terminal|fixed|1350565379|8193|8193
1785865704150|1239|regression64_f2r_00238_262144_terminal|rotating|1346371075|8193|8193
1785865704435|1240|regression64_f2r_00239_262144_active|fixed|1350565379|8193|8193
1785865704435|1240|regression64_f2r_00239_262144_active|rotating|1350557187|8193|8193
1785865705353|1240|regression64_f2r_00239_262144_terminal|fixed|1346371075|8193|8193
1785865705353|1240|regression64_f2r_00239_262144_terminal|rotating|1346371075|8193|8193
1785865705817|1241|regression64_f2r_00240_262144_active|fixed|1350565379|8193|8193
1785865705817|1241|regression64_f2r_00240_262144_active|rotating|1346362883|8193|8193
1785865706653|1241|regression64_f2r_00240_262144_terminal|fixed|1350565379|8193|8193
1785865706653|1241|regression64_f2r_00240_262144_terminal|rotating|1346371075|8193|8193
1785865706930|1242|regression64_f2r_00241_262144_active|fixed|1350565379|8193|8193
1785865706930|1242|regression64_f2r_00241_262144_active|rotating|1346362883|8193|8193
1785865707809|1242|regression64_f2r_00241_262144_terminal|fixed|1350565379|8193|8193
1785865707809|1242|regression64_f2r_00241_262144_terminal|rotating|1346371075|8193|8193
1785865708028|1243|regression64_f2r_00242_262144_active|fixed|1350565379|8193|8193
1785865708028|1243|regression64_f2r_00242_262144_active|rotating|1350557187|8193|8193
1785865708857|1243|regression64_f2r_00242_262144_terminal|fixed|1346371075|8193|8193
1785865708857|1243|regression64_f2r_00242_262144_terminal|rotating|1346371075|8193|8193
1785865709114|1244|regression64_f2r_00243_262144_active|fixed|1350565379|8193|8193
1785865709114|1244|regression64_f2r_00243_262144_active|rotating|1350557187|8193|8193
1785865709963|1244|regression64_f2r_00243_262144_terminal|fixed|1350565379|8193|8193
1785865709963|1244|regression64_f2r_00243_262144_terminal|rotating|1346371075|8193|8193
1785865710206|1245|regression64_f2r_00244_262144_active|fixed|1346371075|8193|8193
1785865710206|1245|regression64_f2r_00244_262144_active|rotating|1346362883|8193|8193
1785865711121|1245|regression64_f2r_00244_262144_terminal|fixed|1346371075|8193|8193
1785865711121|1245|regression64_f2r_00244_262144_terminal|rotating|1350565379|8193|8193
1785865711361|1246|regression64_f2r_00245_262144_active|fixed|1350565379|8193|8193
1785865711361|1246|regression64_f2r_00245_262144_active|rotating|1346362883|8193|8193
1785865712231|1246|regression64_f2r_00245_262144_terminal|fixed|1350565379|8193|8193
1785865712231|1246|regression64_f2r_00245_262144_terminal|rotating|1346371075|8193|8193
1785865712541|1247|regression64_f2r_00246_262144_active|fixed|1350565379|8193|8193
1785865712541|1247|regression64_f2r_00246_262144_active|rotating|1346362883|8193|8193
1785865713596|1247|regression64_f2r_00246_262144_terminal|fixed|1346371075|8193|8193
1785865713596|1247|regression64_f2r_00246_262144_terminal|rotating|1346371075|8193|8193
1785865713893|1248|regression64_f2r_00247_262144_active|fixed|1346371075|8193|8193
1785865713893|1248|regression64_f2r_00247_262144_active|rotating|1346362883|8193|8193
1785865714793|1248|regression64_f2r_00247_262144_terminal|fixed|1346371075|8193|8193
1785865714793|1248|regression64_f2r_00247_262144_terminal|rotating|1346371075|8193|8193
1785865715076|1249|regression64_f2r_00248_262144_active|fixed|1350565379|8193|8193
1785865715076|1249|regression64_f2r_00248_262144_active|rotating|1346362883|8193|8193
1785865716036|1249|regression64_f2r_00248_262144_terminal|fixed|1350565379|8193|8193
1785865716036|1249|regression64_f2r_00248_262144_terminal|rotating|1346371075|8193|8193
1785865716298|1250|regression64_f2r_00249_262144_active|fixed|1350565379|8193|8193
1785865716298|1250|regression64_f2r_00249_262144_active|rotating|1346362883|8193|8193
1785865717254|1250|regression64_f2r_00249_262144_terminal|fixed|1350565379|8193|8193
1785865717254|1250|regression64_f2r_00249_262144_terminal|rotating|1346371075|8193|8193
1785865717526|1251|regression64_f2r_00250_262144_active|fixed|1350565379|8193|8193
1785865717526|1251|regression64_f2r_00250_262144_active|rotating|1346362883|8193|8193
1785865718424|1251|regression64_f2r_00250_262144_terminal|fixed|1350565379|8193|8193
1785865718424|1251|regression64_f2r_00250_262144_terminal|rotating|1346371075|8193|8193
1785865718734|1252|regression64_f2r_00251_262144_active|fixed|1346371075|8193|8193
1785865718734|1252|regression64_f2r_00251_262144_active|rotating|1346362883|8193|8193
1785865719612|1252|regression64_f2r_00251_262144_terminal|fixed|1346371075|8193|8193
1785865719612|1252|regression64_f2r_00251_262144_terminal|rotating|1346371075|8193|8193
1785865719901|1253|regression64_f2r_00252_262144_active|fixed|1346371075|8193|8193
1785865719901|1253|regression64_f2r_00252_262144_active|rotating|1346362883|8193|8193
1785865720904|1253|regression64_f2r_00252_262144_terminal|fixed|1346371075|8193|8193
1785865720904|1253|regression64_f2r_00252_262144_terminal|rotating|1346371075|8193|8193
1785865721137|1254|regression64_f2r_00253_262144_active|fixed|1350565379|8193|8193
1785865721137|1254|regression64_f2r_00253_262144_active|rotating|1350557187|8193|8193
1785865721997|1254|regression64_f2r_00253_262144_terminal|fixed|1350565379|8193|8193
1785865721997|1254|regression64_f2r_00253_262144_terminal|rotating|1346371075|8193|8193
1785865722278|1255|regression64_f2r_00254_262144_active|fixed|1350565379|8193|8193
1785865722278|1255|regression64_f2r_00254_262144_active|rotating|1346362883|8193|8193
1785865723255|1255|regression64_f2r_00254_262144_terminal|fixed|1346371075|8193|8193
1785865723255|1255|regression64_f2r_00254_262144_terminal|rotating|1350565379|8193|8193
1785865723585|1256|regression64_f2r_00255_262144_active|fixed|1350565379|8193|8193
1785865723585|1256|regression64_f2r_00255_262144_active|rotating|1350557187|8193|8193
1785865724433|1256|regression64_f2r_00255_262144_terminal|fixed|1346371075|8193|8193
1785865724433|1256|regression64_f2r_00255_262144_terminal|rotating|1346371075|8193|8193
1785865724662|1257|regression64_r2f_00000_262144_active|fixed|1346362883|8193|8193
1785865724662|1257|regression64_r2f_00000_262144_active|rotating|1346371075|8193|8193
1785865725506|1257|regression64_r2f_00000_262144_terminal|fixed|1350565379|8193|8193
1785865725506|1257|regression64_r2f_00000_262144_terminal|rotating|1346371075|8193|8193
1785865725747|1258|regression64_r2f_00001_262144_active|fixed|1350557187|8193|8193
1785865725747|1258|regression64_r2f_00001_262144_active|rotating|1346371075|8193|8193
1785865726621|1258|regression64_r2f_00001_262144_terminal|fixed|1346371075|8193|8193
1785865726621|1258|regression64_r2f_00001_262144_terminal|rotating|1350565379|8193|8193
1785865726861|1259|regression64_r2f_00002_262144_active|fixed|1346362883|8193|8193
1785865726861|1259|regression64_r2f_00002_262144_active|rotating|1350565379|8193|8193
1785865727742|1259|regression64_r2f_00002_262144_terminal|fixed|1346371075|8193|8193
1785865727742|1259|regression64_r2f_00002_262144_terminal|rotating|1350565379|8193|8193
1785865727998|1260|regression64_r2f_00003_262144_active|fixed|1350557187|8193|8193
1785865727998|1260|regression64_r2f_00003_262144_active|rotating|1346371075|8193|8193
1785865728872|1260|regression64_r2f_00003_262144_terminal|fixed|1350565379|8193|8193
1785865728872|1260|regression64_r2f_00003_262144_terminal|rotating|1350565379|8193|8193
1785865729183|1261|regression64_r2f_00004_262144_active|fixed|1346362883|8193|8193
1785865729183|1261|regression64_r2f_00004_262144_active|rotating|1346371075|8193|8193
1785865730035|1261|regression64_r2f_00004_262144_terminal|fixed|1346371075|8193|8193
1785865730035|1261|regression64_r2f_00004_262144_terminal|rotating|1346371075|8193|8193
1785865730272|1262|regression64_r2f_00005_262144_active|fixed|1346362883|8193|8193
1785865730272|1262|regression64_r2f_00005_262144_active|rotating|1350565379|8193|8193
1785865731118|1262|regression64_r2f_00005_262144_terminal|fixed|1350565379|8193|8193
1785865731118|1262|regression64_r2f_00005_262144_terminal|rotating|1346371075|8193|8193
1785865731369|1263|regression64_r2f_00006_262144_active|fixed|1350557187|8193|8193
1785865731369|1263|regression64_r2f_00006_262144_active|rotating|1346371075|8193|8193
1785865732206|1263|regression64_r2f_00006_262144_terminal|fixed|1346371075|8193|8193
1785865732206|1263|regression64_r2f_00006_262144_terminal|rotating|1346371075|8193|8193
1785865732465|1264|regression64_r2f_00007_262144_active|fixed|1346362883|8193|8193
1785865732465|1264|regression64_r2f_00007_262144_active|rotating|1350565379|8193|8193
1785865733340|1264|regression64_r2f_00007_262144_terminal|fixed|1350565379|8193|8193
1785865733340|1264|regression64_r2f_00007_262144_terminal|rotating|1350565379|8193|8193
1785865733584|1265|regression64_r2f_00008_262144_active|fixed|1346362883|8193|8193
1785865733584|1265|regression64_r2f_00008_262144_active|rotating|1346371075|8193|8193
1785865734428|1265|regression64_r2f_00008_262144_terminal|fixed|1346371075|8193|8193
1785865734428|1265|regression64_r2f_00008_262144_terminal|rotating|1346371075|8193|8193
1785865734676|1266|regression64_r2f_00009_262144_active|fixed|1346362883|8193|8193
1785865734676|1266|regression64_r2f_00009_262144_active|rotating|1350565379|8193|8193
1785865735582|1266|regression64_r2f_00009_262144_terminal|fixed|1350565379|8193|8193
1785865735582|1266|regression64_r2f_00009_262144_terminal|rotating|1350565379|8193|8193
1785865735827|1267|regression64_r2f_00010_262144_active|fixed|1346362883|8193|8193
1785865735827|1267|regression64_r2f_00010_262144_active|rotating|1350565379|8193|8193
1785865736696|1267|regression64_r2f_00010_262144_terminal|fixed|1346371075|8193|8193
1785865736696|1267|regression64_r2f_00010_262144_terminal|rotating|1346371075|8193|8193
1785865736967|1268|regression64_r2f_00011_262144_active|fixed|1346362883|8193|8193
1785865736967|1268|regression64_r2f_00011_262144_active|rotating|1346371075|8193|8193
1785865737815|1268|regression64_r2f_00011_262144_terminal|fixed|1350565379|8193|8193
1785865737815|1268|regression64_r2f_00011_262144_terminal|rotating|1350565379|8193|8193
1785865738057|1269|regression64_r2f_00012_262144_active|fixed|1346362883|8193|8193
1785865738057|1269|regression64_r2f_00012_262144_active|rotating|1350565379|8193|8193
1785865738943|1269|regression64_r2f_00012_262144_terminal|fixed|1346371075|8193|8193
1785865738943|1269|regression64_r2f_00012_262144_terminal|rotating|1350565379|8193|8193
1785865739162|1270|regression64_r2f_00013_262144_active|fixed|1346362883|8193|8193
1785865739162|1270|regression64_r2f_00013_262144_active|rotating|1350565379|8193|8193
1785865740002|1270|regression64_r2f_00013_262144_terminal|fixed|1350565379|8193|8193
1785865740002|1270|regression64_r2f_00013_262144_terminal|rotating|1350565379|8193|8193
1785865740252|1271|regression64_r2f_00014_262144_active|fixed|1350557187|8193|8193
1785865740252|1271|regression64_r2f_00014_262144_active|rotating|1350565379|8193|8193
1785865741108|1271|regression64_r2f_00014_262144_terminal|fixed|1350565379|8193|8193
1785865741108|1271|regression64_r2f_00014_262144_terminal|rotating|1346371075|8193|8193
1785865741395|1272|regression64_r2f_00015_262144_active|fixed|1350557187|8193|8193
1785865741395|1272|regression64_r2f_00015_262144_active|rotating|1346371075|8193|8193
1785865742240|1272|regression64_r2f_00015_262144_terminal|fixed|1346371075|8193|8193
1785865742240|1272|regression64_r2f_00015_262144_terminal|rotating|1346371075|8193|8193
1785865742482|1273|regression64_r2f_00016_262144_active|fixed|1350557187|8193|8193
1785865742482|1273|regression64_r2f_00016_262144_active|rotating|1346371075|8193|8193
1785865743342|1273|regression64_r2f_00016_262144_terminal|fixed|1346371075|8193|8193
1785865743342|1273|regression64_r2f_00016_262144_terminal|rotating|1346371075|8193|8193
1785865743611|1274|regression64_r2f_00017_262144_active|fixed|1350557187|8193|8193
1785865743611|1274|regression64_r2f_00017_262144_active|rotating|1346371075|8193|8193
1785865744455|1274|regression64_r2f_00017_262144_terminal|fixed|1346371075|8193|8193
1785865744455|1274|regression64_r2f_00017_262144_terminal|rotating|1346371075|8193|8193
1785865744717|1275|regression64_r2f_00018_262144_active|fixed|1346362883|8193|8193
1785865744717|1275|regression64_r2f_00018_262144_active|rotating|1350565379|8193|8193
1785865745620|1275|regression64_r2f_00018_262144_terminal|fixed|1350565379|8193|8193
1785865745620|1275|regression64_r2f_00018_262144_terminal|rotating|1346371075|8193|8193
1785865745868|1276|regression64_r2f_00019_262144_active|fixed|1350557187|8193|8193
1785865745868|1276|regression64_r2f_00019_262144_active|rotating|1346371075|8193|8193
1785865746703|1276|regression64_r2f_00019_262144_terminal|fixed|1350565379|8193|8193
1785865746703|1276|regression64_r2f_00019_262144_terminal|rotating|1346371075|8193|8193
1785865746970|1277|regression64_r2f_00020_262144_active|fixed|1350557187|8193|8193
1785865746970|1277|regression64_r2f_00020_262144_active|rotating|1350565379|8193|8193
1785865747841|1277|regression64_r2f_00020_262144_terminal|fixed|1350565379|8193|8193
1785865747841|1277|regression64_r2f_00020_262144_terminal|rotating|1350565379|8193|8193
1785865748093|1278|regression64_r2f_00021_262144_active|fixed|1346362883|8193|8193
1785865748093|1278|regression64_r2f_00021_262144_active|rotating|1346371075|8193|8193
1785865748946|1278|regression64_r2f_00021_262144_terminal|fixed|1346371075|8193|8193
1785865748946|1278|regression64_r2f_00021_262144_terminal|rotating|1346371075|8193|8193
1785865749203|1279|regression64_r2f_00022_262144_active|fixed|1346362883|8193|8193
1785865749203|1279|regression64_r2f_00022_262144_active|rotating|1346371075|8193|8193
1785865750011|1279|regression64_r2f_00022_262144_terminal|fixed|1346371075|8193|8193
1785865750011|1279|regression64_r2f_00022_262144_terminal|rotating|1346371075|8193|8193
1785865750274|1280|regression64_r2f_00023_262144_active|fixed|1350557187|8193|8193
1785865750274|1280|regression64_r2f_00023_262144_active|rotating|1346371075|8193|8193
1785865751087|1280|regression64_r2f_00023_262144_terminal|fixed|1350565379|8193|8193
1785865751087|1280|regression64_r2f_00023_262144_terminal|rotating|1350565379|8193|8193
1785865751347|1281|regression64_r2f_00024_262144_active|fixed|1350557187|8193|8193
1785865751347|1281|regression64_r2f_00024_262144_active|rotating|1346371075|8193|8193
1785865752216|1281|regression64_r2f_00024_262144_terminal|fixed|1350565379|8193|8193
1785865752216|1281|regression64_r2f_00024_262144_terminal|rotating|1346371075|8193|8193
1785865752471|1282|regression64_r2f_00025_262144_active|fixed|1346362883|8193|8193
1785865752471|1282|regression64_r2f_00025_262144_active|rotating|1346371075|8193|8193
1785865753304|1282|regression64_r2f_00025_262144_terminal|fixed|1350565379|8193|8193
1785865753304|1282|regression64_r2f_00025_262144_terminal|rotating|1350565379|8193|8193
1785865753586|1283|regression64_r2f_00026_262144_active|fixed|1350557187|8193|8193
1785865753586|1283|regression64_r2f_00026_262144_active|rotating|1350565379|8193|8193
1785865754455|1283|regression64_r2f_00026_262144_terminal|fixed|1350565379|8193|8193
1785865754455|1283|regression64_r2f_00026_262144_terminal|rotating|1350565379|8193|8193
1785865754692|1284|regression64_r2f_00027_262144_active|fixed|1350557187|8193|8193
1785865754692|1284|regression64_r2f_00027_262144_active|rotating|1350565379|8193|8193
1785865755506|1284|regression64_r2f_00027_262144_terminal|fixed|1350565379|8193|8193
1785865755506|1284|regression64_r2f_00027_262144_terminal|rotating|1346371075|8193|8193
1785865755756|1285|regression64_r2f_00028_262144_active|fixed|1346362883|8193|8193
1785865755756|1285|regression64_r2f_00028_262144_active|rotating|1350565379|8193|8193
1785865756588|1285|regression64_r2f_00028_262144_terminal|fixed|1346371075|8193|8193
1785865756588|1285|regression64_r2f_00028_262144_terminal|rotating|1346371075|8193|8193
1785865756863|1286|regression64_r2f_00029_262144_active|fixed|1346362883|8193|8193
1785865756863|1286|regression64_r2f_00029_262144_active|rotating|1346371075|8193|8193
1785865757723|1286|regression64_r2f_00029_262144_terminal|fixed|1346371075|8193|8193
1785865757723|1286|regression64_r2f_00029_262144_terminal|rotating|1350565379|8193|8193
1785865757977|1287|regression64_r2f_00030_262144_active|fixed|1350557187|8193|8193
1785865757977|1287|regression64_r2f_00030_262144_active|rotating|1346371075|8193|8193
1785865758874|1287|regression64_r2f_00030_262144_terminal|fixed|1346371075|8193|8193
1785865758874|1287|regression64_r2f_00030_262144_terminal|rotating|1346371075|8193|8193
1785865759135|1288|regression64_r2f_00031_262144_active|fixed|1350557187|8193|8193
1785865759135|1288|regression64_r2f_00031_262144_active|rotating|1350565379|8193|8193
1785865760008|1288|regression64_r2f_00031_262144_terminal|fixed|1346371075|8193|8193
1785865760008|1288|regression64_r2f_00031_262144_terminal|rotating|1350565379|8193|8193
1785865760264|1289|regression64_r2f_00032_262144_active|fixed|1350557187|8193|8193
1785865760264|1289|regression64_r2f_00032_262144_active|rotating|1346371075|8193|8193
1785865761095|1289|regression64_r2f_00032_262144_terminal|fixed|1346371075|8193|8193
1785865761095|1289|regression64_r2f_00032_262144_terminal|rotating|1346371075|8193|8193
1785865761345|1290|regression64_r2f_00033_262144_active|fixed|1346362883|8193|8193
1785865761345|1290|regression64_r2f_00033_262144_active|rotating|1346371075|8193|8193
1785865762165|1290|regression64_r2f_00033_262144_terminal|fixed|1346371075|8193|8193
1785865762165|1290|regression64_r2f_00033_262144_terminal|rotating|1346371075|8193|8193
1785865762424|1291|regression64_r2f_00034_262144_active|fixed|1346362883|8193|8193
1785865762424|1291|regression64_r2f_00034_262144_active|rotating|1346371075|8193|8193
1785865763299|1291|regression64_r2f_00034_262144_terminal|fixed|1350565379|8193|8193
1785865763299|1291|regression64_r2f_00034_262144_terminal|rotating|1350565379|8193|8193
1785865763543|1292|regression64_r2f_00035_262144_active|fixed|1350557187|8193|8193
1785865763543|1292|regression64_r2f_00035_262144_active|rotating|1350565379|8193|8193
1785865764374|1292|regression64_r2f_00035_262144_terminal|fixed|1346371075|8193|8193
1785865764374|1292|regression64_r2f_00035_262144_terminal|rotating|1350565379|8193|8193
1785865764611|1293|regression64_r2f_00036_262144_active|fixed|1350557187|8193|8193
1785865764611|1293|regression64_r2f_00036_262144_active|rotating|1346371075|8193|8193
1785865765471|1293|regression64_r2f_00036_262144_terminal|fixed|1350565379|8193|8193
1785865765471|1293|regression64_r2f_00036_262144_terminal|rotating|1350565379|8193|8193
1785865765742|1294|regression64_r2f_00037_262144_active|fixed|1346362883|8193|8193
1785865765742|1294|regression64_r2f_00037_262144_active|rotating|1346371075|8193|8193
1785865766613|1294|regression64_r2f_00037_262144_terminal|fixed|1346371075|8193|8193
1785865766613|1294|regression64_r2f_00037_262144_terminal|rotating|1350565379|8193|8193
1785865766876|1295|regression64_r2f_00038_262144_active|fixed|1346362883|8193|8193
1785865766876|1295|regression64_r2f_00038_262144_active|rotating|1346371075|8193|8193
1785865767702|1295|regression64_r2f_00038_262144_terminal|fixed|1350565379|8193|8193
1785865767702|1295|regression64_r2f_00038_262144_terminal|rotating|1350565379|8193|8193
1785865767949|1296|regression64_r2f_00039_262144_active|fixed|1350557187|8193|8193
1785865767949|1296|regression64_r2f_00039_262144_active|rotating|1346371075|8193|8193
1785865768779|1296|regression64_r2f_00039_262144_terminal|fixed|1346371075|8193|8193
1785865768779|1296|regression64_r2f_00039_262144_terminal|rotating|1346371075|8193|8193
1785865769031|1297|regression64_r2f_00040_262144_active|fixed|1350557187|8193|8193
1785865769031|1297|regression64_r2f_00040_262144_active|rotating|1346371075|8193|8193
1785865769927|1297|regression64_r2f_00040_262144_terminal|fixed|1350565379|8193|8193
1785865769927|1297|regression64_r2f_00040_262144_terminal|rotating|1350565379|8193|8193
1785865770172|1298|regression64_r2f_00041_262144_active|fixed|1350557187|8193|8193
1785865770172|1298|regression64_r2f_00041_262144_active|rotating|1350565379|8193|8193
1785865771023|1298|regression64_r2f_00041_262144_terminal|fixed|1346371075|8193|8193
1785865771023|1298|regression64_r2f_00041_262144_terminal|rotating|1346371075|8193|8193
1785865771298|1299|regression64_r2f_00042_262144_active|fixed|1346362883|8193|8193
1785865771298|1299|regression64_r2f_00042_262144_active|rotating|1346371075|8193|8193
1785865772137|1299|regression64_r2f_00042_262144_terminal|fixed|1346371075|8193|8193
1785865772137|1299|regression64_r2f_00042_262144_terminal|rotating|1350565379|8193|8193
1785865772377|1300|regression64_r2f_00043_262144_active|fixed|1346362883|8193|8193
1785865772377|1300|regression64_r2f_00043_262144_active|rotating|1350565379|8193|8193
1785865773257|1300|regression64_r2f_00043_262144_terminal|fixed|1346371075|8193|8193
1785865773257|1300|regression64_r2f_00043_262144_terminal|rotating|1350565379|8193|8193
1785865773537|1301|regression64_r2f_00044_262144_active|fixed|1346362883|8193|8193
1785865773537|1301|regression64_r2f_00044_262144_active|rotating|1346371075|8193|8193
1785865774389|1301|regression64_r2f_00044_262144_terminal|fixed|1346371075|8193|8193
1785865774389|1301|regression64_r2f_00044_262144_terminal|rotating|1350565379|8193|8193
1785865774639|1302|regression64_r2f_00045_262144_active|fixed|1350557187|8193|8193
1785865774639|1302|regression64_r2f_00045_262144_active|rotating|1346371075|8193|8193
1785865775537|1302|regression64_r2f_00045_262144_terminal|fixed|1346371075|8193|8193
1785865775537|1302|regression64_r2f_00045_262144_terminal|rotating|1346371075|8193|8193
1785865775777|1303|regression64_r2f_00046_262144_active|fixed|1346362883|8193|8193
1785865775777|1303|regression64_r2f_00046_262144_active|rotating|1346371075|8193|8193
1785865776573|1303|regression64_r2f_00046_262144_terminal|fixed|1346371075|8193|8193
1785865776573|1303|regression64_r2f_00046_262144_terminal|rotating|1346371075|8193|8193
1785865776828|1304|regression64_r2f_00047_262144_active|fixed|1350557187|8193|8193
1785865776828|1304|regression64_r2f_00047_262144_active|rotating|1346371075|8193|8193
1785865777731|1304|regression64_r2f_00047_262144_terminal|fixed|1350565379|8193|8193
1785865777731|1304|regression64_r2f_00047_262144_terminal|rotating|1350565379|8193|8193
1785865777962|1305|regression64_r2f_00048_262144_active|fixed|1350557187|8193|8193
1785865777962|1305|regression64_r2f_00048_262144_active|rotating|1350565379|8193|8193
1785865778842|1305|regression64_r2f_00048_262144_terminal|fixed|1350565379|8193|8193
1785865778842|1305|regression64_r2f_00048_262144_terminal|rotating|1346371075|8193|8193
1785865779096|1306|regression64_r2f_00049_262144_active|fixed|1350557187|8193|8193
1785865779096|1306|regression64_r2f_00049_262144_active|rotating|1350565379|8193|8193
1785865779942|1306|regression64_r2f_00049_262144_terminal|fixed|1350565379|8193|8193
1785865779942|1306|regression64_r2f_00049_262144_terminal|rotating|1350565379|8193|8193
1785865780236|1307|regression64_r2f_00050_262144_active|fixed|1346362883|8193|8193
1785865780236|1307|regression64_r2f_00050_262144_active|rotating|1346371075|8193|8193
1785865781081|1307|regression64_r2f_00050_262144_terminal|fixed|1350565379|8193|8193
1785865781081|1307|regression64_r2f_00050_262144_terminal|rotating|1350565379|8193|8193
1785865781343|1308|regression64_r2f_00051_262144_active|fixed|1346362883|8193|8193
1785865781343|1308|regression64_r2f_00051_262144_active|rotating|1346371075|8193|8193
1785865782298|1308|regression64_r2f_00051_262144_terminal|fixed|1346371075|8193|8193
1785865782298|1308|regression64_r2f_00051_262144_terminal|rotating|1350565379|8193|8193
1785865782515|1309|regression64_r2f_00052_262144_active|fixed|1350557187|8193|8193
1785865782515|1309|regression64_r2f_00052_262144_active|rotating|1350565379|8193|8193
1785865783356|1309|regression64_r2f_00052_262144_terminal|fixed|1346371075|8193|8193
1785865783356|1309|regression64_r2f_00052_262144_terminal|rotating|1346371075|8193|8193
1785865783660|1310|regression64_r2f_00053_262144_active|fixed|1350557187|8193|8193
1785865783660|1310|regression64_r2f_00053_262144_active|rotating|1350565379|8193|8193
1785865784530|1310|regression64_r2f_00053_262144_terminal|fixed|1346371075|8193|8193
1785865784530|1310|regression64_r2f_00053_262144_terminal|rotating|1350565379|8193|8193
1785865784794|1311|regression64_r2f_00054_262144_active|fixed|1346362883|8193|8193
1785865784794|1311|regression64_r2f_00054_262144_active|rotating|1346371075|8193|8193
1785865785623|1311|regression64_r2f_00054_262144_terminal|fixed|1350565379|8193|8193
1785865785623|1311|regression64_r2f_00054_262144_terminal|rotating|1350565379|8193|8193
1785865785875|1312|regression64_r2f_00055_262144_active|fixed|1350557187|8193|8193
1785865785875|1312|regression64_r2f_00055_262144_active|rotating|1346371075|8193|8193
1785865786877|1312|regression64_r2f_00055_262144_terminal|fixed|1350565379|8193|8193
1785865786877|1312|regression64_r2f_00055_262144_terminal|rotating|1350565379|8193|8193
1785865787321|1313|regression64_r2f_00056_262144_active|fixed|1350557187|8193|8193
1785865787321|1313|regression64_r2f_00056_262144_active|rotating|1346371075|8193|8193
1785865788237|1313|regression64_r2f_00056_262144_terminal|fixed|1350565379|8193|8193
1785865788237|1313|regression64_r2f_00056_262144_terminal|rotating|1350565379|8193|8193
1785865788491|1314|regression64_r2f_00057_262144_active|fixed|1350557187|8193|8193
1785865788491|1314|regression64_r2f_00057_262144_active|rotating|1346371075|8193|8193
1785865789475|1314|regression64_r2f_00057_262144_terminal|fixed|1350565379|8193|8193
1785865789475|1314|regression64_r2f_00057_262144_terminal|rotating|1350565379|8193|8193
1785865789748|1315|regression64_r2f_00058_262144_active|fixed|1350557187|8193|8193
1785865789748|1315|regression64_r2f_00058_262144_active|rotating|1346371075|8193|8193
1785865790742|1315|regression64_r2f_00058_262144_terminal|fixed|1346371075|8193|8193
1785865790742|1315|regression64_r2f_00058_262144_terminal|rotating|1350565379|8193|8193
1785865790978|1316|regression64_r2f_00059_262144_active|fixed|1346362883|8193|8193
1785865790978|1316|regression64_r2f_00059_262144_active|rotating|1350565379|8193|8193
1785865791888|1316|regression64_r2f_00059_262144_terminal|fixed|1346371075|8193|8193
1785865791888|1316|regression64_r2f_00059_262144_terminal|rotating|1350565379|8193|8193
1785865792211|1317|regression64_r2f_00060_262144_active|fixed|1346362883|8193|8193
1785865792211|1317|regression64_r2f_00060_262144_active|rotating|1350565379|8193|8193
1785865793139|1317|regression64_r2f_00060_262144_terminal|fixed|1350565379|8193|8193
1785865793139|1317|regression64_r2f_00060_262144_terminal|rotating|1350565379|8193|8193
1785865793394|1318|regression64_r2f_00061_262144_active|fixed|1346362883|8193|8193
1785865793394|1318|regression64_r2f_00061_262144_active|rotating|1350565379|8193|8193
1785865794261|1318|regression64_r2f_00061_262144_terminal|fixed|1350565379|8193|8193
1785865794261|1318|regression64_r2f_00061_262144_terminal|rotating|1350565379|8193|8193
1785865794560|1319|regression64_r2f_00062_262144_active|fixed|1350557187|8193|8193
1785865794560|1319|regression64_r2f_00062_262144_active|rotating|1346371075|8193|8193
1785865795440|1319|regression64_r2f_00062_262144_terminal|fixed|1350565379|8193|8193
1785865795440|1319|regression64_r2f_00062_262144_terminal|rotating|1346371075|8193|8193
1785865795705|1320|regression64_r2f_00063_262144_active|fixed|1350557187|8193|8193
1785865795705|1320|regression64_r2f_00063_262144_active|rotating|1350565379|8193|8193
1785865796682|1320|regression64_r2f_00063_262144_terminal|fixed|1346371075|8193|8193
1785865796682|1320|regression64_r2f_00063_262144_terminal|rotating|1350565379|8193|8193
1785865797030|1321|regression64_r2f_00064_262144_active|fixed|1346362883|8193|8193
1785865797030|1321|regression64_r2f_00064_262144_active|rotating|1350565379|8193|8193
1785865797877|1321|regression64_r2f_00064_262144_terminal|fixed|1346371075|8193|8193
1785865797877|1321|regression64_r2f_00064_262144_terminal|rotating|1350565379|8193|8193
1785865798137|1322|regression64_r2f_00065_262144_active|fixed|1346362883|8193|8193
1785865798137|1322|regression64_r2f_00065_262144_active|rotating|1346371075|8193|8193
1785865799021|1322|regression64_r2f_00065_262144_terminal|fixed|1350565379|8193|8193
1785865799021|1322|regression64_r2f_00065_262144_terminal|rotating|1350565379|8193|8193
1785865799275|1323|regression64_r2f_00066_262144_active|fixed|1346362883|8193|8193
1785865799275|1323|regression64_r2f_00066_262144_active|rotating|1346371075|8193|8193
1785865800169|1323|regression64_r2f_00066_262144_terminal|fixed|1346371075|8193|8193
1785865800169|1323|regression64_r2f_00066_262144_terminal|rotating|1346371075|8193|8193
1785865800395|1324|regression64_r2f_00067_262144_active|fixed|1350557187|8193|8193
1785865800395|1324|regression64_r2f_00067_262144_active|rotating|1346371075|8193|8193
1785865801230|1324|regression64_r2f_00067_262144_terminal|fixed|1346371075|8193|8193
1785865801230|1324|regression64_r2f_00067_262144_terminal|rotating|1350565379|8193|8193
1785865801483|1325|regression64_r2f_00068_262144_active|fixed|1350557187|8193|8193
1785865801483|1325|regression64_r2f_00068_262144_active|rotating|1350565379|8193|8193
1785865802370|1325|regression64_r2f_00068_262144_terminal|fixed|1350565379|8193|8193
1785865802370|1325|regression64_r2f_00068_262144_terminal|rotating|1346371075|8193|8193
1785865802601|1326|regression64_r2f_00069_262144_active|fixed|1346362883|8193|8193
1785865802601|1326|regression64_r2f_00069_262144_active|rotating|1350565379|8193|8193
1785865803470|1326|regression64_r2f_00069_262144_terminal|fixed|1350565379|8193|8193
1785865803470|1326|regression64_r2f_00069_262144_terminal|rotating|1346371075|8193|8193
1785865803725|1327|regression64_r2f_00070_262144_active|fixed|1346362883|8193|8193
1785865803725|1327|regression64_r2f_00070_262144_active|rotating|1346371075|8193|8193
1785865804624|1327|regression64_r2f_00070_262144_terminal|fixed|1350565379|8193|8193
1785865804624|1327|regression64_r2f_00070_262144_terminal|rotating|1346371075|8193|8193
1785865804877|1328|regression64_r2f_00071_262144_active|fixed|1350557187|8193|8193
1785865804877|1328|regression64_r2f_00071_262144_active|rotating|1350565379|8193|8193
1785865805735|1328|regression64_r2f_00071_262144_terminal|fixed|1350565379|8193|8193
1785865805735|1328|regression64_r2f_00071_262144_terminal|rotating|1346371075|8193|8193
1785865805987|1329|regression64_r2f_00072_262144_active|fixed|1346362883|8193|8193
1785865805987|1329|regression64_r2f_00072_262144_active|rotating|1346371075|8193|8193
1785865806847|1329|regression64_r2f_00072_262144_terminal|fixed|1350565379|8193|8193
1785865806847|1329|regression64_r2f_00072_262144_terminal|rotating|1346371075|8193|8193
1785865807109|1330|regression64_r2f_00073_262144_active|fixed|1350557187|8193|8193
1785865807109|1330|regression64_r2f_00073_262144_active|rotating|1350565379|8193|8193
1785865807980|1330|regression64_r2f_00073_262144_terminal|fixed|1350565379|8193|8193
1785865807980|1330|regression64_r2f_00073_262144_terminal|rotating|1350565379|8193|8193
1785865808194|1331|regression64_r2f_00074_262144_active|fixed|1350557187|8193|8193
1785865808194|1331|regression64_r2f_00074_262144_active|rotating|1350565379|8193|8193
1785865809019|1331|regression64_r2f_00074_262144_terminal|fixed|1350565379|8193|8193
1785865809019|1331|regression64_r2f_00074_262144_terminal|rotating|1346371075|8193|8193
1785865809278|1332|regression64_r2f_00075_262144_active|fixed|1346362883|8193|8193
1785865809278|1332|regression64_r2f_00075_262144_active|rotating|1350565379|8193|8193
1785865810184|1332|regression64_r2f_00075_262144_terminal|fixed|1350565379|8193|8193
1785865810184|1332|regression64_r2f_00075_262144_terminal|rotating|1350565379|8193|8193
1785865810508|1333|regression64_r2f_00076_262144_active|fixed|1350557187|8193|8193
1785865810508|1333|regression64_r2f_00076_262144_active|rotating|1350565379|8193|8193
1785865811377|1333|regression64_r2f_00076_262144_terminal|fixed|1350565379|8193|8193
1785865811377|1333|regression64_r2f_00076_262144_terminal|rotating|1350565379|8193|8193
1785865811645|1334|regression64_r2f_00077_262144_active|fixed|1350557187|8193|8193
1785865811645|1334|regression64_r2f_00077_262144_active|rotating|1350565379|8193|8193
1785865812498|1334|regression64_r2f_00077_262144_terminal|fixed|1346371075|8193|8193
1785865812498|1334|regression64_r2f_00077_262144_terminal|rotating|1346371075|8193|8193
1785865812775|1335|regression64_r2f_00078_262144_active|fixed|1350557187|8193|8193
1785865812775|1335|regression64_r2f_00078_262144_active|rotating|1346371075|8193|8193
1785865813587|1335|regression64_r2f_00078_262144_terminal|fixed|1346371075|8193|8193
1785865813587|1335|regression64_r2f_00078_262144_terminal|rotating|1350565379|8193|8193
1785865813939|1336|regression64_r2f_00079_262144_active|fixed|1346362883|8193|8193
1785865813939|1336|regression64_r2f_00079_262144_active|rotating|1350565379|8193|8193
1785865814808|1336|regression64_r2f_00079_262144_terminal|fixed|1346371075|8193|8193
1785865814808|1336|regression64_r2f_00079_262144_terminal|rotating|1346371075|8193|8193
1785865815042|1337|regression64_r2f_00080_262144_active|fixed|1346362883|8193|8193
1785865815042|1337|regression64_r2f_00080_262144_active|rotating|1346371075|8193|8193
1785865815923|1337|regression64_r2f_00080_262144_terminal|fixed|1346371075|8193|8193
1785865815923|1337|regression64_r2f_00080_262144_terminal|rotating|1350565379|8193|8193
1785865816183|1338|regression64_r2f_00081_262144_active|fixed|1350557187|8193|8193
1785865816183|1338|regression64_r2f_00081_262144_active|rotating|1350565379|8193|8193
1785865817063|1338|regression64_r2f_00081_262144_terminal|fixed|1346371075|8193|8193
1785865817063|1338|regression64_r2f_00081_262144_terminal|rotating|1346371075|8193|8193
1785865817320|1339|regression64_r2f_00082_262144_active|fixed|1350557187|8193|8193
1785865817320|1339|regression64_r2f_00082_262144_active|rotating|1346371075|8193|8193
1785865818145|1339|regression64_r2f_00082_262144_terminal|fixed|1346371075|8193|8193
1785865818145|1339|regression64_r2f_00082_262144_terminal|rotating|1346371075|8193|8193
1785865818409|1340|regression64_r2f_00083_262144_active|fixed|1350557187|8193|8193
1785865818409|1340|regression64_r2f_00083_262144_active|rotating|1346371075|8193|8193
1785865819299|1340|regression64_r2f_00083_262144_terminal|fixed|1346371075|8193|8193
1785865819299|1340|regression64_r2f_00083_262144_terminal|rotating|1346371075|8193|8193
1785865819548|1341|regression64_r2f_00084_262144_active|fixed|1350557187|8193|8193
1785865819548|1341|regression64_r2f_00084_262144_active|rotating|1346371075|8193|8193
1785865820406|1341|regression64_r2f_00084_262144_terminal|fixed|1350565379|8193|8193
1785865820406|1341|regression64_r2f_00084_262144_terminal|rotating|1350565379|8193|8193
1785865820669|1342|regression64_r2f_00085_262144_active|fixed|1346362883|8193|8193
1785865820669|1342|regression64_r2f_00085_262144_active|rotating|1350565379|8193|8193
1785865821569|1342|regression64_r2f_00085_262144_terminal|fixed|1346371075|8193|8193
1785865821569|1342|regression64_r2f_00085_262144_terminal|rotating|1350565379|8193|8193
1785865821818|1343|regression64_r2f_00086_262144_active|fixed|1346362883|8193|8193
1785865821818|1343|regression64_r2f_00086_262144_active|rotating|1346371075|8193|8193
1785865822674|1343|regression64_r2f_00086_262144_terminal|fixed|1346371075|8193|8193
1785865822674|1343|regression64_r2f_00086_262144_terminal|rotating|1350565379|8193|8193
1785865822892|1344|regression64_r2f_00087_262144_active|fixed|1350557187|8193|8193
1785865822892|1344|regression64_r2f_00087_262144_active|rotating|1346371075|8193|8193
1785865823751|1344|regression64_r2f_00087_262144_terminal|fixed|1346371075|8193|8193
1785865823751|1344|regression64_r2f_00087_262144_terminal|rotating|1346371075|8193|8193
1785865823987|1345|regression64_r2f_00088_262144_active|fixed|1350557187|8193|8193
1785865823987|1345|regression64_r2f_00088_262144_active|rotating|1346371075|8193|8193
1785865824848|1345|regression64_r2f_00088_262144_terminal|fixed|1350565379|8193|8193
1785865824848|1345|regression64_r2f_00088_262144_terminal|rotating|1350565379|8193|8193
1785865825125|1346|regression64_r2f_00089_262144_active|fixed|1350557187|8193|8193
1785865825125|1346|regression64_r2f_00089_262144_active|rotating|1346371075|8193|8193
1785865825992|1346|regression64_r2f_00089_262144_terminal|fixed|1350565379|8193|8193
1785865825992|1346|regression64_r2f_00089_262144_terminal|rotating|1350565379|8193|8193
1785865826246|1347|regression64_r2f_00090_262144_active|fixed|1346362883|8193|8193
1785865826246|1347|regression64_r2f_00090_262144_active|rotating|1350565379|8193|8193
1785865827117|1347|regression64_r2f_00090_262144_terminal|fixed|1346371075|8193|8193
1785865827117|1347|regression64_r2f_00090_262144_terminal|rotating|1346371075|8193|8193
1785865827374|1348|regression64_r2f_00091_262144_active|fixed|1346362883|8193|8193
1785865827374|1348|regression64_r2f_00091_262144_active|rotating|1350565379|8193|8193
1785865828228|1348|regression64_r2f_00091_262144_terminal|fixed|1350565379|8193|8193
1785865828228|1348|regression64_r2f_00091_262144_terminal|rotating|1350565379|8193|8193
1785865828479|1349|regression64_r2f_00092_262144_active|fixed|1350557187|8193|8193
1785865828479|1349|regression64_r2f_00092_262144_active|rotating|1346371075|8193|8193
1785865829343|1349|regression64_r2f_00092_262144_terminal|fixed|1350565379|8193|8193
1785865829343|1349|regression64_r2f_00092_262144_terminal|rotating|1346371075|8193|8193
1785865829582|1350|regression64_r2f_00093_262144_active|fixed|1346362883|8193|8193
1785865829582|1350|regression64_r2f_00093_262144_active|rotating|1346371075|8193|8193
1785865830425|1350|regression64_r2f_00093_262144_terminal|fixed|1346371075|8193|8193
1785865830425|1350|regression64_r2f_00093_262144_terminal|rotating|1346371075|8193|8193
1785865830671|1351|regression64_r2f_00094_262144_active|fixed|1346362883|8193|8193
1785865830671|1351|regression64_r2f_00094_262144_active|rotating|1350565379|8193|8193
1785865831499|1351|regression64_r2f_00094_262144_terminal|fixed|1350565379|8193|8193
1785865831499|1351|regression64_r2f_00094_262144_terminal|rotating|1350565379|8193|8193
1785865831774|1352|regression64_r2f_00095_262144_active|fixed|1346362883|8193|8193
1785865831774|1352|regression64_r2f_00095_262144_active|rotating|1350565379|8193|8193
1785865832607|1352|regression64_r2f_00095_262144_terminal|fixed|1350565379|8193|8193
1785865832607|1352|regression64_r2f_00095_262144_terminal|rotating|1346371075|8193|8193
1785865832846|1353|regression64_r2f_00096_262144_active|fixed|1346362883|8193|8193
1785865832846|1353|regression64_r2f_00096_262144_active|rotating|1350565379|8193|8193
1785865833711|1353|regression64_r2f_00096_262144_terminal|fixed|1350565379|8193|8193
1785865833711|1353|regression64_r2f_00096_262144_terminal|rotating|1346371075|8193|8193
1785865833954|1354|regression64_r2f_00097_262144_active|fixed|1346362883|8193|8193
1785865833954|1354|regression64_r2f_00097_262144_active|rotating|1350565379|8193|8193
1785865834776|1354|regression64_r2f_00097_262144_terminal|fixed|1350565379|8193|8193
1785865834776|1354|regression64_r2f_00097_262144_terminal|rotating|1346371075|8193|8193
1785865835032|1355|regression64_r2f_00098_262144_active|fixed|1350557187|8193|8193
1785865835032|1355|regression64_r2f_00098_262144_active|rotating|1346371075|8193|8193
1785865835885|1355|regression64_r2f_00098_262144_terminal|fixed|1350565379|8193|8193
1785865835885|1355|regression64_r2f_00098_262144_terminal|rotating|1346371075|8193|8193
1785865836175|1356|regression64_r2f_00099_262144_active|fixed|1350557187|8193|8193
1785865836175|1356|regression64_r2f_00099_262144_active|rotating|1346371075|8193|8193
1785865836997|1356|regression64_r2f_00099_262144_terminal|fixed|1350565379|8193|8193
1785865836997|1356|regression64_r2f_00099_262144_terminal|rotating|1350565379|8193|8193
1785865837293|1357|regression64_r2f_00100_262144_active|fixed|1346362883|8193|8193
1785865837293|1357|regression64_r2f_00100_262144_active|rotating|1346371075|8193|8193
1785865838215|1357|regression64_r2f_00100_262144_terminal|fixed|1350565379|8193|8193
1785865838215|1357|regression64_r2f_00100_262144_terminal|rotating|1346371075|8193|8193
1785865838457|1358|regression64_r2f_00101_262144_active|fixed|1350557187|8193|8193
1785865838457|1358|regression64_r2f_00101_262144_active|rotating|1350565379|8193|8193
1785865839303|1358|regression64_r2f_00101_262144_terminal|fixed|1350565379|8193|8193
1785865839303|1358|regression64_r2f_00101_262144_terminal|rotating|1346371075|8193|8193
1785865839544|1359|regression64_r2f_00102_262144_active|fixed|1346362883|8193|8193
1785865839544|1359|regression64_r2f_00102_262144_active|rotating|1346371075|8193|8193
1785865840396|1359|regression64_r2f_00102_262144_terminal|fixed|1346371075|8193|8193
1785865840396|1359|regression64_r2f_00102_262144_terminal|rotating|1350565379|8193|8193
1785865840656|1360|regression64_r2f_00103_262144_active|fixed|1350557187|8193|8193
1785865840656|1360|regression64_r2f_00103_262144_active|rotating|1346371075|8193|8193
1785865841538|1360|regression64_r2f_00103_262144_terminal|fixed|1350565379|8193|8193
1785865841538|1360|regression64_r2f_00103_262144_terminal|rotating|1346371075|8193|8193
1785865841795|1361|regression64_r2f_00104_262144_active|fixed|1350557187|8193|8193
1785865841795|1361|regression64_r2f_00104_262144_active|rotating|1350565379|8193|8193
1785865842640|1361|regression64_r2f_00104_262144_terminal|fixed|1346371075|8193|8193
1785865842640|1361|regression64_r2f_00104_262144_terminal|rotating|1346371075|8193|8193
1785865842900|1362|regression64_r2f_00105_262144_active|fixed|1346362883|8193|8193
1785865842900|1362|regression64_r2f_00105_262144_active|rotating|1346371075|8193|8193
1785865843770|1362|regression64_r2f_00105_262144_terminal|fixed|1346371075|8193|8193
1785865843770|1362|regression64_r2f_00105_262144_terminal|rotating|1350565379|8193|8193
1785865843996|1363|regression64_r2f_00106_262144_active|fixed|1346362883|8193|8193
1785865843996|1363|regression64_r2f_00106_262144_active|rotating|1346371075|8193|8193
1785865844875|1363|regression64_r2f_00106_262144_terminal|fixed|1350565379|8193|8193
1785865844875|1363|regression64_r2f_00106_262144_terminal|rotating|1350565379|8193|8193
1785865845100|1364|regression64_r2f_00107_262144_active|fixed|1350557187|8193|8193
1785865845100|1364|regression64_r2f_00107_262144_active|rotating|1350565379|8193|8193
1785865845972|1364|regression64_r2f_00107_262144_terminal|fixed|1350565379|8193|8193
1785865845972|1364|regression64_r2f_00107_262144_terminal|rotating|1346371075|8193|8193
1785865846236|1365|regression64_r2f_00108_262144_active|fixed|1350557187|8193|8193
1785865846236|1365|regression64_r2f_00108_262144_active|rotating|1350565379|8193|8193
1785865847080|1365|regression64_r2f_00108_262144_terminal|fixed|1346371075|8193|8193
1785865847080|1365|regression64_r2f_00108_262144_terminal|rotating|1350565379|8193|8193
1785865847314|1366|regression64_r2f_00109_262144_active|fixed|1350557187|8193|8193
1785865847314|1366|regression64_r2f_00109_262144_active|rotating|1350565379|8193|8193
1785865848224|1366|regression64_r2f_00109_262144_terminal|fixed|1350565379|8193|8193
1785865848224|1366|regression64_r2f_00109_262144_terminal|rotating|1346371075|8193|8193
1785865848522|1367|regression64_r2f_00110_262144_active|fixed|1346362883|8193|8193
1785865848522|1367|regression64_r2f_00110_262144_active|rotating|1350565379|8193|8193
1785865849399|1367|regression64_r2f_00110_262144_terminal|fixed|1350565379|8193|8193
1785865849399|1367|regression64_r2f_00110_262144_terminal|rotating|1350565379|8193|8193
1785865849632|1368|regression64_r2f_00111_262144_active|fixed|1346362883|8193|8193
1785865849632|1368|regression64_r2f_00111_262144_active|rotating|1350565379|8193|8193
1785865850515|1368|regression64_r2f_00111_262144_terminal|fixed|1350565379|8193|8193
1785865850515|1368|regression64_r2f_00111_262144_terminal|rotating|1346371075|8193|8193
1785865850782|1369|regression64_r2f_00112_262144_active|fixed|1346362883|8193|8193
1785865850782|1369|regression64_r2f_00112_262144_active|rotating|1346371075|8193|8193
1785865851602|1369|regression64_r2f_00112_262144_terminal|fixed|1350565379|8193|8193
1785865851602|1369|regression64_r2f_00112_262144_terminal|rotating|1346371075|8193|8193
1785865851874|1370|regression64_r2f_00113_262144_active|fixed|1350557187|8193|8193
1785865851874|1370|regression64_r2f_00113_262144_active|rotating|1350565379|8193|8193
1785865852722|1370|regression64_r2f_00113_262144_terminal|fixed|1346371075|8193|8193
1785865852722|1370|regression64_r2f_00113_262144_terminal|rotating|1346371075|8193|8193
1785865852986|1371|regression64_r2f_00114_262144_active|fixed|1346362883|8193|8193
1785865852986|1371|regression64_r2f_00114_262144_active|rotating|1346371075|8193|8193
1785865853816|1371|regression64_r2f_00114_262144_terminal|fixed|1346371075|8193|8193
1785865853816|1371|regression64_r2f_00114_262144_terminal|rotating|1346371075|8193|8193
1785865854070|1372|regression64_r2f_00115_262144_active|fixed|1350557187|8193|8193
1785865854070|1372|regression64_r2f_00115_262144_active|rotating|1350565379|8193|8193
1785865854947|1372|regression64_r2f_00115_262144_terminal|fixed|1346371075|8193|8193
1785865854947|1372|regression64_r2f_00115_262144_terminal|rotating|1350565379|8193|8193
1785865855245|1373|regression64_r2f_00116_262144_active|fixed|1350557187|8193|8193
1785865855245|1373|regression64_r2f_00116_262144_active|rotating|1350565379|8193|8193
1785865856159|1373|regression64_r2f_00116_262144_terminal|fixed|1350565379|8193|8193
1785865856159|1373|regression64_r2f_00116_262144_terminal|rotating|1350565379|8193|8193
1785865856392|1374|regression64_r2f_00117_262144_active|fixed|1350557187|8193|8193
1785865856392|1374|regression64_r2f_00117_262144_active|rotating|1350565379|8193|8193
1785865857258|1374|regression64_r2f_00117_262144_terminal|fixed|1350565379|8193|8193
1785865857258|1374|regression64_r2f_00117_262144_terminal|rotating|1346371075|8193|8193
1785865857513|1375|regression64_r2f_00118_262144_active|fixed|1346362883|8193|8193
1785865857513|1375|regression64_r2f_00118_262144_active|rotating|1350565379|8193|8193
1785865858374|1375|regression64_r2f_00118_262144_terminal|fixed|1350565379|8193|8193
1785865858374|1375|regression64_r2f_00118_262144_terminal|rotating|1346371075|8193|8193
1785865858641|1376|regression64_r2f_00119_262144_active|fixed|1346362883|8193|8193
1785865858641|1376|regression64_r2f_00119_262144_active|rotating|1350565379|8193|8193
1785865859508|1376|regression64_r2f_00119_262144_terminal|fixed|1350565379|8193|8193
1785865859508|1376|regression64_r2f_00119_262144_terminal|rotating|1346371075|8193|8193
1785865859770|1377|regression64_r2f_00120_262144_active|fixed|1346362883|8193|8193
1785865859770|1377|regression64_r2f_00120_262144_active|rotating|1350565379|8193|8193
1785865860614|1377|regression64_r2f_00120_262144_terminal|fixed|1346371075|8193|8193
1785865860614|1377|regression64_r2f_00120_262144_terminal|rotating|1350565379|8193|8193
1785865860849|1378|regression64_r2f_00121_262144_active|fixed|1346362883|8193|8193
1785865860849|1378|regression64_r2f_00121_262144_active|rotating|1346371075|8193|8193
1785865861709|1378|regression64_r2f_00121_262144_terminal|fixed|1346371075|8193|8193
1785865861709|1378|regression64_r2f_00121_262144_terminal|rotating|1346371075|8193|8193
1785865861948|1379|regression64_r2f_00122_262144_active|fixed|1350557187|8193|8193
1785865861948|1379|regression64_r2f_00122_262144_active|rotating|1346371074|8193|8193
1785865862783|1379|regression64_r2f_00122_262144_terminal|fixed|1350565379|8193|8193
1785865862783|1379|regression64_r2f_00122_262144_terminal|rotating|1346371075|8193|8193
1785865863042|1380|regression64_r2f_00123_262144_active|fixed|1350557187|8193|8193
1785865863042|1380|regression64_r2f_00123_262144_active|rotating|1350565379|8193|8193
1785865863905|1380|regression64_r2f_00123_262144_terminal|fixed|1350565379|8193|8193
1785865863905|1380|regression64_r2f_00123_262144_terminal|rotating|1350565379|8193|8193
1785865864143|1381|regression64_r2f_00124_262144_active|fixed|1350557187|8193|8193
1785865864143|1381|regression64_r2f_00124_262144_active|rotating|1350565379|8193|8193
1785865864992|1381|regression64_r2f_00124_262144_terminal|fixed|1350565379|8193|8193
1785865864992|1381|regression64_r2f_00124_262144_terminal|rotating|1346371075|8193|8193
1785865865262|1382|regression64_r2f_00125_262144_active|fixed|1346362883|8193|8193
1785865865262|1382|regression64_r2f_00125_262144_active|rotating|1350565379|8193|8193
1785865866154|1382|regression64_r2f_00125_262144_terminal|fixed|1350565379|8193|8193
1785865866154|1382|regression64_r2f_00125_262144_terminal|rotating|1346371075|8193|8193
1785865866411|1383|regression64_r2f_00126_262144_active|fixed|1350557187|8193|8193
1785865866411|1383|regression64_r2f_00126_262144_active|rotating|1350565379|8193|8193
1785865867285|1383|regression64_r2f_00126_262144_terminal|fixed|1350565379|8193|8193
1785865867285|1383|regression64_r2f_00126_262144_terminal|rotating|1346371075|8193|8193
1785865867522|1384|regression64_r2f_00127_262144_active|fixed|1350557187|8193|8193
1785865867522|1384|regression64_r2f_00127_262144_active|rotating|1346371075|8193|8193
1785865868385|1384|regression64_r2f_00127_262144_terminal|fixed|1350565379|8193|8193
1785865868385|1384|regression64_r2f_00127_262144_terminal|rotating|1346371075|8193|8193
1785865868623|1385|regression64_r2f_00128_262144_active|fixed|1350557187|8193|8193
1785865868623|1385|regression64_r2f_00128_262144_active|rotating|1350565379|8193|8193
1785865869604|1385|regression64_r2f_00128_262144_terminal|fixed|1346371075|8193|8193
1785865869604|1385|regression64_r2f_00128_262144_terminal|rotating|1346371075|8193|8193
1785865869874|1386|regression64_r2f_00129_262144_active|fixed|1350557187|8193|8193
1785865869874|1386|regression64_r2f_00129_262144_active|rotating|1346371075|8193|8193
1785865870720|1386|regression64_r2f_00129_262144_terminal|fixed|1346371075|8193|8193
1785865870720|1386|regression64_r2f_00129_262144_terminal|rotating|1350565379|8193|8193
1785865870983|1387|regression64_r2f_00130_262144_active|fixed|1346362883|8193|8193
1785865870983|1387|regression64_r2f_00130_262144_active|rotating|1346371075|8193|8193
1785865871900|1387|regression64_r2f_00130_262144_terminal|fixed|1346371075|8193|8193
1785865871900|1387|regression64_r2f_00130_262144_terminal|rotating|1346371075|8193|8193
1785865872148|1388|regression64_r2f_00131_262144_active|fixed|1346362883|8193|8193
1785865872148|1388|regression64_r2f_00131_262144_active|rotating|1350565379|8193|8193
1785865872991|1388|regression64_r2f_00131_262144_terminal|fixed|1350565379|8193|8193
1785865872991|1388|regression64_r2f_00131_262144_terminal|rotating|1346371075|8193|8193
1785865873246|1389|regression64_r2f_00132_262144_active|fixed|1350557187|8193|8193
1785865873246|1389|regression64_r2f_00132_262144_active|rotating|1350565379|8193|8193
1785865874098|1389|regression64_r2f_00132_262144_terminal|fixed|1350565379|8193|8193
1785865874098|1389|regression64_r2f_00132_262144_terminal|rotating|1350565379|8193|8193
1785865874323|1390|regression64_r2f_00133_262144_active|fixed|1346362883|8193|8193
1785865874323|1390|regression64_r2f_00133_262144_active|rotating|1346371075|8193|8193
1785865875183|1390|regression64_r2f_00133_262144_terminal|fixed|1350565379|8193|8193
1785865875183|1390|regression64_r2f_00133_262144_terminal|rotating|1350565379|8193|8193
1785865875469|1391|regression64_r2f_00134_262144_active|fixed|1350557187|8193|8193
1785865875469|1391|regression64_r2f_00134_262144_active|rotating|1346371075|8193|8193
1785865876352|1391|regression64_r2f_00134_262144_terminal|fixed|1350565379|8193|8193
1785865876352|1391|regression64_r2f_00134_262144_terminal|rotating|1350565379|8193|8193
1785865876598|1392|regression64_r2f_00135_262144_active|fixed|1350557187|8193|8193
1785865876598|1392|regression64_r2f_00135_262144_active|rotating|1346371075|8193|8193
1785865877472|1392|regression64_r2f_00135_262144_terminal|fixed|1350565379|8193|8193
1785865877472|1392|regression64_r2f_00135_262144_terminal|rotating|1350565379|8193|8193
1785865877742|1393|regression64_r2f_00136_262144_active|fixed|1350557187|8193|8193
1785865877742|1393|regression64_r2f_00136_262144_active|rotating|1350565379|8193|8193
1785865878597|1393|regression64_r2f_00136_262144_terminal|fixed|1346371075|8193|8193
1785865878597|1393|regression64_r2f_00136_262144_terminal|rotating|1346371075|8193|8193
1785865878867|1394|regression64_r2f_00137_262144_active|fixed|1346362883|8193|8193
1785865878867|1394|regression64_r2f_00137_262144_active|rotating|1350565379|8193|8193
1785865879690|1394|regression64_r2f_00137_262144_terminal|fixed|1350565379|8193|8193
1785865879690|1394|regression64_r2f_00137_262144_terminal|rotating|1350565379|8193|8193
1785865879926|1395|regression64_r2f_00138_262144_active|fixed|1350557187|8193|8193
1785865879926|1395|regression64_r2f_00138_262144_active|rotating|1350565379|8193|8193
1785865880993|1395|regression64_r2f_00138_262144_terminal|fixed|1346371075|8193|8193
1785865880993|1395|regression64_r2f_00138_262144_terminal|rotating|1346371075|8193|8193
1785865881369|1396|regression64_r2f_00139_262144_active|fixed|1350557187|8193|8193
1785865881369|1396|regression64_r2f_00139_262144_active|rotating|1350565379|8193|8193
1785865882293|1396|regression64_r2f_00139_262144_terminal|fixed|1350565379|8193|8193
1785865882293|1396|regression64_r2f_00139_262144_terminal|rotating|1346371075|8193|8193
1785865882663|1397|regression64_r2f_00140_262144_active|fixed|1346362883|8193|8193
1785865882663|1397|regression64_r2f_00140_262144_active|rotating|1346371075|8193|8193
1785865883524|1397|regression64_r2f_00140_262144_terminal|fixed|1350565379|8193|8193
1785865883524|1397|regression64_r2f_00140_262144_terminal|rotating|1346371075|8193|8193
1785865883847|1398|regression64_r2f_00141_262144_active|fixed|1346362883|8193|8193
1785865883847|1398|regression64_r2f_00141_262144_active|rotating|1350565379|8193|8193
1785865884747|1398|regression64_r2f_00141_262144_terminal|fixed|1350565379|8193|8193
1785865884747|1398|regression64_r2f_00141_262144_terminal|rotating|1350565379|8193|8193
1785865885076|1399|regression64_r2f_00142_262144_active|fixed|1350557187|8193|8193
1785865885076|1399|regression64_r2f_00142_262144_active|rotating|1346371075|8193|8193
1785865885953|1399|regression64_r2f_00142_262144_terminal|fixed|1346371075|8193|8193
1785865885953|1399|regression64_r2f_00142_262144_terminal|rotating|1350565379|8193|8193
1785865886290|1400|regression64_r2f_00143_262144_active|fixed|1350557187|8193|8193
1785865886290|1400|regression64_r2f_00143_262144_active|rotating|1350565379|8193|8193
1785865887253|1400|regression64_r2f_00143_262144_terminal|fixed|1346371075|8193|8193
1785865887253|1400|regression64_r2f_00143_262144_terminal|rotating|1346371075|8193|8193
1785865887560|1401|regression64_r2f_00144_262144_active|fixed|1346362883|8193|8193
1785865887560|1401|regression64_r2f_00144_262144_active|rotating|1350565379|8193|8193
1785865888556|1401|regression64_r2f_00144_262144_terminal|fixed|1346371075|8193|8193
1785865888556|1401|regression64_r2f_00144_262144_terminal|rotating|1346371075|8193|8193
1785865888859|1402|regression64_r2f_00145_262144_active|fixed|1350557187|8193|8193
1785865888859|1402|regression64_r2f_00145_262144_active|rotating|1350565379|8193|8193
1785865889731|1402|regression64_r2f_00145_262144_terminal|fixed|1350565379|8193|8193
1785865889731|1402|regression64_r2f_00145_262144_terminal|rotating|1346371075|8193|8193
1785865890035|1403|regression64_r2f_00146_262144_active|fixed|1350557187|8193|8193
1785865890035|1403|regression64_r2f_00146_262144_active|rotating|1350565379|8193|8193
1785865890954|1403|regression64_r2f_00146_262144_terminal|fixed|1346371075|8193|8193
1785865890954|1403|regression64_r2f_00146_262144_terminal|rotating|1346371075|8193|8193
1785865891300|1404|regression64_r2f_00147_262144_active|fixed|1346362883|8193|8193
1785865891300|1404|regression64_r2f_00147_262144_active|rotating|1346371075|8193|8193
1785865892137|1404|regression64_r2f_00147_262144_terminal|fixed|1346371075|8193|8193
1785865892137|1404|regression64_r2f_00147_262144_terminal|rotating|1346371075|8193|8193
1785865892396|1405|regression64_r2f_00148_262144_active|fixed|1346362883|8193|8193
1785865892396|1405|regression64_r2f_00148_262144_active|rotating|1350565379|8193|8193
1785865893269|1405|regression64_r2f_00148_262144_terminal|fixed|1350565379|8193|8193
1785865893269|1405|regression64_r2f_00148_262144_terminal|rotating|1350565379|8193|8193
1785865893513|1406|regression64_r2f_00149_262144_active|fixed|1350557187|8193|8193
1785865893513|1406|regression64_r2f_00149_262144_active|rotating|1346371075|8193|8193
1785865894360|1406|regression64_r2f_00149_262144_terminal|fixed|1346371075|8193|8193
1785865894360|1406|regression64_r2f_00149_262144_terminal|rotating|1350565379|8193|8193
1785865894628|1407|regression64_r2f_00150_262144_active|fixed|1350557187|8193|8193
1785865894628|1407|regression64_r2f_00150_262144_active|rotating|1346371075|8193|8193
1785865895479|1407|regression64_r2f_00150_262144_terminal|fixed|1346371075|8193|8193
1785865895479|1407|regression64_r2f_00150_262144_terminal|rotating|1346371075|8193|8193
1785865895744|1408|regression64_r2f_00151_262144_active|fixed|1350557187|8193|8193
1785865895744|1408|regression64_r2f_00151_262144_active|rotating|1346371075|8193|8193
1785865896587|1408|regression64_r2f_00151_262144_terminal|fixed|1350565379|8193|8193
1785865896587|1408|regression64_r2f_00151_262144_terminal|rotating|1346371075|8193|8193
1785865896840|1409|regression64_r2f_00152_262144_active|fixed|1346362883|8193|8193
1785865896840|1409|regression64_r2f_00152_262144_active|rotating|1346371075|8193|8193
1785865897687|1409|regression64_r2f_00152_262144_terminal|fixed|1350565379|8193|8193
1785865897687|1409|regression64_r2f_00152_262144_terminal|rotating|1350565379|8193|8193
1785865897927|1410|regression64_r2f_00153_262144_active|fixed|1346362883|8193|8193
1785865897927|1410|regression64_r2f_00153_262144_active|rotating|1346371075|8193|8193
1785865898805|1410|regression64_r2f_00153_262144_terminal|fixed|1346371075|8193|8193
1785865898805|1410|regression64_r2f_00153_262144_terminal|rotating|1346371075|8193|8193
1785865899080|1411|regression64_r2f_00154_262144_active|fixed|1350557187|8193|8193
1785865899080|1411|regression64_r2f_00154_262144_active|rotating|1350565379|8193|8193
1785865899900|1411|regression64_r2f_00154_262144_terminal|fixed|1350565379|8193|8193
1785865899900|1411|regression64_r2f_00154_262144_terminal|rotating|1350565379|8193|8193
1785865900144|1412|regression64_r2f_00155_262144_active|fixed|1346362883|8193|8193
1785865900144|1412|regression64_r2f_00155_262144_active|rotating|1350565379|8193|8193
1785865901013|1412|regression64_r2f_00155_262144_terminal|fixed|1346371075|8193|8193
1785865901013|1412|regression64_r2f_00155_262144_terminal|rotating|1350565379|8193|8193
1785865901269|1413|regression64_r2f_00156_262144_active|fixed|1346362883|8193|8193
1785865901269|1413|regression64_r2f_00156_262144_active|rotating|1346371075|8193|8193
1785865902138|1413|regression64_r2f_00156_262144_terminal|fixed|1346371075|8193|8193
1785865902138|1413|regression64_r2f_00156_262144_terminal|rotating|1350565379|8193|8193
1785865902404|1414|regression64_r2f_00157_262144_active|fixed|1346362883|8193|8193
1785865902404|1414|regression64_r2f_00157_262144_active|rotating|1350565379|8193|8193
1785865903297|1414|regression64_r2f_00157_262144_terminal|fixed|1350565379|8193|8193
1785865903297|1414|regression64_r2f_00157_262144_terminal|rotating|1350565379|8193|8193
1785865903512|1415|regression64_r2f_00158_262144_active|fixed|1350557187|8193|8193
1785865903512|1415|regression64_r2f_00158_262144_active|rotating|1350565379|8193|8193
1785865904338|1415|regression64_r2f_00158_262144_terminal|fixed|1350565379|8193|8193
1785865904338|1415|regression64_r2f_00158_262144_terminal|rotating|1350565379|8193|8193
1785865904569|1416|regression64_r2f_00159_262144_active|fixed|1350557187|8193|8193
1785865904569|1416|regression64_r2f_00159_262144_active|rotating|1350565379|8193|8193
1785865905407|1416|regression64_r2f_00159_262144_terminal|fixed|1346371075|8193|8193
1785865905407|1416|regression64_r2f_00159_262144_terminal|rotating|1346371075|8193|8193
1785865905650|1417|regression64_r2f_00160_262144_active|fixed|1350557187|8193|8193
1785865905650|1417|regression64_r2f_00160_262144_active|rotating|1346371075|8193|8193
1785865906491|1417|regression64_r2f_00160_262144_terminal|fixed|1346371075|8193|8193
1785865906491|1417|regression64_r2f_00160_262144_terminal|rotating|1346371075|8193|8193
1785865906758|1418|regression64_r2f_00161_262144_active|fixed|1346362883|8193|8193
1785865906758|1418|regression64_r2f_00161_262144_active|rotating|1346371075|8193|8193
1785865907671|1418|regression64_r2f_00161_262144_terminal|fixed|1350565379|8193|8193
1785865907671|1418|regression64_r2f_00161_262144_terminal|rotating|1346371075|8193|8193
1785865907923|1419|regression64_r2f_00162_262144_active|fixed|1350557187|8193|8193
1785865907923|1419|regression64_r2f_00162_262144_active|rotating|1350565379|8193|8193
1785865908773|1419|regression64_r2f_00162_262144_terminal|fixed|1346371075|8193|8193
1785865908773|1419|regression64_r2f_00162_262144_terminal|rotating|1346371075|8193|8193
1785865909050|1420|regression64_r2f_00163_262144_active|fixed|1350557187|8193|8193
1785865909050|1420|regression64_r2f_00163_262144_active|rotating|1350565379|8193|8193
1785865909941|1420|regression64_r2f_00163_262144_terminal|fixed|1346371075|8193|8193
1785865909941|1420|regression64_r2f_00163_262144_terminal|rotating|1350565379|8193|8193
1785865910193|1421|regression64_r2f_00164_262144_active|fixed|1350557187|8193|8193
1785865910193|1421|regression64_r2f_00164_262144_active|rotating|1346371075|8193|8193
1785865911039|1421|regression64_r2f_00164_262144_terminal|fixed|1350565379|8193|8193
1785865911039|1421|regression64_r2f_00164_262144_terminal|rotating|1346371075|8193|8193
1785865911340|1422|regression64_r2f_00165_262144_active|fixed|1350557187|8193|8193
1785865911340|1422|regression64_r2f_00165_262144_active|rotating|1346371075|8193|8193
1785865912203|1422|regression64_r2f_00165_262144_terminal|fixed|1346371075|8193|8193
1785865912203|1422|regression64_r2f_00165_262144_terminal|rotating|1350565379|8193|8193
1785865912481|1423|regression64_r2f_00166_262144_active|fixed|1346362883|8193|8193
1785865912481|1423|regression64_r2f_00166_262144_active|rotating|1350565379|8193|8193
1785865913353|1423|regression64_r2f_00166_262144_terminal|fixed|1346371075|8193|8193
1785865913353|1423|regression64_r2f_00166_262144_terminal|rotating|1346371075|8193|8193
1785865913596|1424|regression64_r2f_00167_262144_active|fixed|1346362883|8193|8193
1785865913596|1424|regression64_r2f_00167_262144_active|rotating|1350565379|8193|8193
1785865914413|1424|regression64_r2f_00167_262144_terminal|fixed|1346371075|8193|8193
1785865914413|1424|regression64_r2f_00167_262144_terminal|rotating|1346371075|8193|8193
1785865914672|1425|regression64_r2f_00168_262144_active|fixed|1350557187|8193|8193
1785865914672|1425|regression64_r2f_00168_262144_active|rotating|1346371075|8193|8193
1785865915558|1425|regression64_r2f_00168_262144_terminal|fixed|1350565379|8193|8193
1785865915558|1425|regression64_r2f_00168_262144_terminal|rotating|1346371075|8193|8193
1785865915821|1426|regression64_r2f_00169_262144_active|fixed|1350557187|8193|8193
1785865915821|1426|regression64_r2f_00169_262144_active|rotating|1346371075|8193|8193
1785865916695|1426|regression64_r2f_00169_262144_terminal|fixed|1346371075|8193|8193
1785865916695|1426|regression64_r2f_00169_262144_terminal|rotating|1346371075|8193|8193
1785865916946|1427|regression64_r2f_00170_262144_active|fixed|1346362883|8193|8193
1785865916946|1427|regression64_r2f_00170_262144_active|rotating|1350565379|8193|8193
1785865917823|1427|regression64_r2f_00170_262144_terminal|fixed|1346371075|8193|8193
1785865917823|1427|regression64_r2f_00170_262144_terminal|rotating|1346371075|8193|8193
1785865918076|1428|regression64_r2f_00171_262144_active|fixed|1346362883|8193|8193
1785865918076|1428|regression64_r2f_00171_262144_active|rotating|1350565379|8193|8193
1785865918954|1428|regression64_r2f_00171_262144_terminal|fixed|1346371075|8193|8193
1785865918954|1428|regression64_r2f_00171_262144_terminal|rotating|1346371075|8193|8193
1785865919192|1429|regression64_r2f_00172_262144_active|fixed|1346362883|8193|8193
1785865919192|1429|regression64_r2f_00172_262144_active|rotating|1346371075|8193|8193
1785865920029|1429|regression64_r2f_00172_262144_terminal|fixed|1346371075|8193|8193
1785865920029|1429|regression64_r2f_00172_262144_terminal|rotating|1346371075|8193|8193
1785865920275|1430|regression64_r2f_00173_262144_active|fixed|1350557187|8193|8193
1785865920275|1430|regression64_r2f_00173_262144_active|rotating|1346371075|8193|8193
1785865921157|1430|regression64_r2f_00173_262144_terminal|fixed|1346371075|8193|8193
1785865921157|1430|regression64_r2f_00173_262144_terminal|rotating|1350565379|8193|8193
1785865921391|1431|regression64_r2f_00174_262144_active|fixed|1346362883|8193|8193
1785865921391|1431|regression64_r2f_00174_262144_active|rotating|1346371075|8193|8193
1785865922221|1431|regression64_r2f_00174_262144_terminal|fixed|1346371075|8193|8193
1785865922221|1431|regression64_r2f_00174_262144_terminal|rotating|1346371075|8193|8193
1785865922476|1432|regression64_r2f_00175_262144_active|fixed|1350557187|8193|8193
1785865922476|1432|regression64_r2f_00175_262144_active|rotating|1350565379|8193|8193
1785865923347|1432|regression64_r2f_00175_262144_terminal|fixed|1346371075|8193|8193
1785865923347|1432|regression64_r2f_00175_262144_terminal|rotating|1346371075|8193|8193
1785865923629|1433|regression64_r2f_00176_262144_active|fixed|1350557187|8193|8193
1785865923629|1433|regression64_r2f_00176_262144_active|rotating|1346371075|8193|8193
1785865924477|1433|regression64_r2f_00176_262144_terminal|fixed|1346371075|8193|8193
1785865924477|1433|regression64_r2f_00176_262144_terminal|rotating|1350565379|8193|8193
1785865924719|1434|regression64_r2f_00177_262144_active|fixed|1350557187|8193|8193
1785865924719|1434|regression64_r2f_00177_262144_active|rotating|1346371075|8193|8193
1785865925576|1434|regression64_r2f_00177_262144_terminal|fixed|1346371075|8193|8193
1785865925576|1434|regression64_r2f_00177_262144_terminal|rotating|1350565379|8193|8193
1785865925845|1435|regression64_r2f_00178_262144_active|fixed|1346362883|8193|8193
1785865925845|1435|regression64_r2f_00178_262144_active|rotating|1346371075|8193|8193
1785865926736|1435|regression64_r2f_00178_262144_terminal|fixed|1346371075|8193|8193
1785865926736|1435|regression64_r2f_00178_262144_terminal|rotating|1350565379|8193|8193
1785865926980|1436|regression64_r2f_00179_262144_active|fixed|1346362883|8193|8193
1785865926980|1436|regression64_r2f_00179_262144_active|rotating|1350565379|8193|8193
1785865927825|1436|regression64_r2f_00179_262144_terminal|fixed|1350565379|8193|8193
1785865927825|1436|regression64_r2f_00179_262144_terminal|rotating|1346371075|8193|8193
1785865928069|1437|regression64_r2f_00180_262144_active|fixed|1350557187|8193|8193
1785865928069|1437|regression64_r2f_00180_262144_active|rotating|1346371075|8193|8193
1785865928889|1437|regression64_r2f_00180_262144_terminal|fixed|1350565379|8193|8193
1785865928889|1437|regression64_r2f_00180_262144_terminal|rotating|1350565379|8193|8193
1785865929176|1438|regression64_r2f_00181_262144_active|fixed|1346362883|8193|8193
1785865929176|1438|regression64_r2f_00181_262144_active|rotating|1346371075|8193|8193
1785865930032|1438|regression64_r2f_00181_262144_terminal|fixed|1350565379|8193|8193
1785865930032|1438|regression64_r2f_00181_262144_terminal|rotating|1350565379|8193|8193
1785865930264|1439|regression64_r2f_00182_262144_active|fixed|1350557187|8193|8193
1785865930264|1439|regression64_r2f_00182_262144_active|rotating|1350565379|8193|8193
1785865931137|1439|regression64_r2f_00182_262144_terminal|fixed|1350565379|8193|8193
1785865931137|1439|regression64_r2f_00182_262144_terminal|rotating|1350565379|8193|8193
1785865931376|1440|regression64_r2f_00183_262144_active|fixed|1346362883|8193|8193
1785865931376|1440|regression64_r2f_00183_262144_active|rotating|1350565379|8193|8193
1785865932210|1440|regression64_r2f_00183_262144_terminal|fixed|1346371075|8193|8193
1785865932210|1440|regression64_r2f_00183_262144_terminal|rotating|1350565379|8193|8193
1785865932473|1441|regression64_r2f_00184_262144_active|fixed|1350557187|8193|8193
1785865932473|1441|regression64_r2f_00184_262144_active|rotating|1350565379|8193|8193
1785865933332|1441|regression64_r2f_00184_262144_terminal|fixed|1350565379|8193|8193
1785865933332|1441|regression64_r2f_00184_262144_terminal|rotating|1350565379|8193|8193
1785865933610|1442|regression64_r2f_00185_262144_active|fixed|1346362883|8193|8193
1785865933610|1442|regression64_r2f_00185_262144_active|rotating|1350565379|8193|8193
1785865934439|1442|regression64_r2f_00185_262144_terminal|fixed|1350565379|8193|8193
1785865934439|1442|regression64_r2f_00185_262144_terminal|rotating|1350565379|8193|8193
1785865934677|1443|regression64_r2f_00186_262144_active|fixed|1350557187|8193|8193
1785865934677|1443|regression64_r2f_00186_262144_active|rotating|1346371075|8193|8193
1785865935531|1443|regression64_r2f_00186_262144_terminal|fixed|1350565379|8193|8193
1785865935531|1443|regression64_r2f_00186_262144_terminal|rotating|1350565379|8193|8193
1785865935816|1444|regression64_r2f_00187_262144_active|fixed|1346362883|8193|8193
1785865935816|1444|regression64_r2f_00187_262144_active|rotating|1350565379|8193|8193
1785865936676|1444|regression64_r2f_00187_262144_terminal|fixed|1346371075|8193|8193
1785865936676|1444|regression64_r2f_00187_262144_terminal|rotating|1350565379|8193|8193
1785865936900|1445|regression64_r2f_00188_262144_active|fixed|1346362883|8193|8193
1785865936900|1445|regression64_r2f_00188_262144_active|rotating|1350565379|8193|8193
1785865937761|1445|regression64_r2f_00188_262144_terminal|fixed|1346371075|8193|8193
1785865937761|1445|regression64_r2f_00188_262144_terminal|rotating|1350565379|8193|8193
1785865938080|1446|regression64_r2f_00189_262144_active|fixed|1346362883|8193|8193
1785865938080|1446|regression64_r2f_00189_262144_active|rotating|1346371075|8193|8193
1785865938944|1446|regression64_r2f_00189_262144_terminal|fixed|1350565379|8193|8193
1785865938944|1446|regression64_r2f_00189_262144_terminal|rotating|1350565379|8193|8193
1785865939217|1447|regression64_r2f_00190_262144_active|fixed|1346362883|8193|8193
1785865939217|1447|regression64_r2f_00190_262144_active|rotating|1346371075|8193|8193
1785865940044|1447|regression64_r2f_00190_262144_terminal|fixed|1350565379|8193|8193
1785865940044|1447|regression64_r2f_00190_262144_terminal|rotating|1346371075|8193|8193
1785865940315|1448|regression64_r2f_00191_262144_active|fixed|1346362883|8193|8193
1785865940315|1448|regression64_r2f_00191_262144_active|rotating|1350565379|8193|8193
1785865941136|1448|regression64_r2f_00191_262144_terminal|fixed|1350565379|8193|8193
1785865941136|1448|regression64_r2f_00191_262144_terminal|rotating|1346371075|8193|8193
1785865941388|1449|regression64_r2f_00192_262144_active|fixed|1346362883|8193|8193
1785865941388|1449|regression64_r2f_00192_262144_active|rotating|1346371075|8193|8193
1785865942266|1449|regression64_r2f_00192_262144_terminal|fixed|1350565379|8193|8193
1785865942266|1449|regression64_r2f_00192_262144_terminal|rotating|1350565379|8193|8193
1785865942509|1450|regression64_r2f_00193_262144_active|fixed|1350557187|8193|8193
1785865942509|1450|regression64_r2f_00193_262144_active|rotating|1346371075|8193|8193
1785865943359|1450|regression64_r2f_00193_262144_terminal|fixed|1346371075|8193|8193
1785865943359|1450|regression64_r2f_00193_262144_terminal|rotating|1346371075|8193|8193
1785865943621|1451|regression64_r2f_00194_262144_active|fixed|1346362883|8193|8193
1785865943621|1451|regression64_r2f_00194_262144_active|rotating|1350565379|8193|8193
1785865944462|1451|regression64_r2f_00194_262144_terminal|fixed|1346371075|8193|8193
1785865944462|1451|regression64_r2f_00194_262144_terminal|rotating|1350565379|8193|8193
1785865944759|1452|regression64_r2f_00195_262144_active|fixed|1346362883|8193|8193
1785865944759|1452|regression64_r2f_00195_262144_active|rotating|1350565379|8193|8193
1785865945632|1452|regression64_r2f_00195_262144_terminal|fixed|1350565379|8193|8193
1785865945632|1452|regression64_r2f_00195_262144_terminal|rotating|1346371075|8193|8193
1785865945875|1453|regression64_r2f_00196_262144_active|fixed|1346362883|8193|8193
1785865945875|1453|regression64_r2f_00196_262144_active|rotating|1350565379|8193|8193
1785865946698|1453|regression64_r2f_00196_262144_terminal|fixed|1346371075|8193|8193
1785865946698|1453|regression64_r2f_00196_262144_terminal|rotating|1350565379|8193|8193
1785865946974|1454|regression64_r2f_00197_262144_active|fixed|1346362883|8193|8193
1785865946974|1454|regression64_r2f_00197_262144_active|rotating|1350565379|8193|8193
1785865947827|1454|regression64_r2f_00197_262144_terminal|fixed|1346371075|8193|8193
1785865947827|1454|regression64_r2f_00197_262144_terminal|rotating|1346371075|8193|8193
1785865948058|1455|regression64_r2f_00198_262144_active|fixed|1346362883|8193|8193
1785865948058|1455|regression64_r2f_00198_262144_active|rotating|1346371075|8193|8193
1785865948935|1455|regression64_r2f_00198_262144_terminal|fixed|1350565379|8193|8193
1785865948935|1455|regression64_r2f_00198_262144_terminal|rotating|1350565379|8193|8193
1785865949173|1456|regression64_r2f_00199_262144_active|fixed|1350557187|8193|8193
1785865949173|1456|regression64_r2f_00199_262144_active|rotating|1346371075|8193|8193
1785865950038|1456|regression64_r2f_00199_262144_terminal|fixed|1350565379|8193|8193
1785865950038|1456|regression64_r2f_00199_262144_terminal|rotating|1350565379|8193|8193
1785865950317|1457|regression64_r2f_00200_262144_active|fixed|1350557187|8193|8193
1785865950317|1457|regression64_r2f_00200_262144_active|rotating|1346371075|8193|8193
1785865951180|1457|regression64_r2f_00200_262144_terminal|fixed|1346371075|8193|8193
1785865951180|1457|regression64_r2f_00200_262144_terminal|rotating|1350565379|8193|8193
1785865951422|1458|regression64_r2f_00201_262144_active|fixed|1346362883|8193|8193
1785865951422|1458|regression64_r2f_00201_262144_active|rotating|1350565379|8193|8193
1785865952265|1458|regression64_r2f_00201_262144_terminal|fixed|1350565379|8193|8193
1785865952265|1458|regression64_r2f_00201_262144_terminal|rotating|1346371075|8193|8193
1785865952535|1459|regression64_r2f_00202_262144_active|fixed|1350557187|8193|8193
1785865952535|1459|regression64_r2f_00202_262144_active|rotating|1350565379|8193|8193
1785865953394|1459|regression64_r2f_00202_262144_terminal|fixed|1346371075|8193|8193
1785865953394|1459|regression64_r2f_00202_262144_terminal|rotating|1346371075|8193|8193
1785865953650|1460|regression64_r2f_00203_262144_active|fixed|1346362883|8193|8193
1785865953650|1460|regression64_r2f_00203_262144_active|rotating|1350565379|8193|8193
1785865954513|1460|regression64_r2f_00203_262144_terminal|fixed|1350565379|8193|8193
1785865954513|1460|regression64_r2f_00203_262144_terminal|rotating|1350565379|8193|8193
1785865954751|1461|regression64_r2f_00204_262144_active|fixed|1346362883|8193|8193
1785865954751|1461|regression64_r2f_00204_262144_active|rotating|1346371075|8193|8193
1785865955592|1461|regression64_r2f_00204_262144_terminal|fixed|1350565379|8193|8193
1785865955592|1461|regression64_r2f_00204_262144_terminal|rotating|1350565379|8193|8193
1785865955847|1462|regression64_r2f_00205_262144_active|fixed|1346362883|8193|8193
1785865955847|1462|regression64_r2f_00205_262144_active|rotating|1346371075|8193|8193
1785865956724|1462|regression64_r2f_00205_262144_terminal|fixed|1350565379|8193|8193
1785865956724|1462|regression64_r2f_00205_262144_terminal|rotating|1346371075|8193|8193
1785865957018|1463|regression64_r2f_00206_262144_active|fixed|1346362883|8193|8193
1785865957018|1463|regression64_r2f_00206_262144_active|rotating|1350565379|8193|8193
1785865958057|1463|regression64_r2f_00206_262144_terminal|fixed|1350565379|8193|8193
1785865958057|1463|regression64_r2f_00206_262144_terminal|rotating|1346371075|8193|8193
1785865958284|1464|regression64_r2f_00207_262144_active|fixed|1350557187|8193|8193
1785865958284|1464|regression64_r2f_00207_262144_active|rotating|1346371075|8193|8193
1785865959118|1464|regression64_r2f_00207_262144_terminal|fixed|1346371075|8193|8193
1785865959118|1464|regression64_r2f_00207_262144_terminal|rotating|1350565379|8193|8193
1785865959374|1465|regression64_r2f_00208_262144_active|fixed|1346362883|8193|8193
1785865959374|1465|regression64_r2f_00208_262144_active|rotating|1346371075|8193|8193
1785865960292|1465|regression64_r2f_00208_262144_terminal|fixed|1346371075|8193|8193
1785865960292|1465|regression64_r2f_00208_262144_terminal|rotating|1350565379|8193|8193
1785865960565|1466|regression64_r2f_00209_262144_active|fixed|1350557187|8193|8193
1785865960565|1466|regression64_r2f_00209_262144_active|rotating|1350565379|8193|8193
1785865961395|1466|regression64_r2f_00209_262144_terminal|fixed|1346371075|8193|8193
1785865961395|1466|regression64_r2f_00209_262144_terminal|rotating|1350565379|8193|8193
1785865961759|1467|regression64_r2f_00210_262144_active|fixed|1346362883|8193|8193
1785865961759|1467|regression64_r2f_00210_262144_active|rotating|1350565379|8193|8193
1785865962659|1467|regression64_r2f_00210_262144_terminal|fixed|1350565379|8193|8193
1785865962659|1467|regression64_r2f_00210_262144_terminal|rotating|1346371075|8193|8193
1785865962956|1468|regression64_r2f_00211_262144_active|fixed|1350557187|8193|8193
1785865962956|1468|regression64_r2f_00211_262144_active|rotating|1350565379|8193|8193
1785865963874|1468|regression64_r2f_00211_262144_terminal|fixed|1346371075|8193|8193
1785865963874|1468|regression64_r2f_00211_262144_terminal|rotating|1346371075|8193|8193
1785865964132|1469|regression64_r2f_00212_262144_active|fixed|1346362883|8193|8193
1785865964132|1469|regression64_r2f_00212_262144_active|rotating|1350565379|8193|8193
1785865965109|1469|regression64_r2f_00212_262144_terminal|fixed|1346371075|8193|8193
1785865965109|1469|regression64_r2f_00212_262144_terminal|rotating|1346371075|8193|8193
1785865965371|1470|regression64_r2f_00213_262144_active|fixed|1346362883|8193|8193
1785865965371|1470|regression64_r2f_00213_262144_active|rotating|1350565379|8193|8193
1785865966258|1470|regression64_r2f_00213_262144_terminal|fixed|1346371075|8193|8193
1785865966258|1470|regression64_r2f_00213_262144_terminal|rotating|1350565379|8193|8193
1785865966608|1471|regression64_r2f_00214_262144_active|fixed|1346362883|8193|8193
1785865966608|1471|regression64_r2f_00214_262144_active|rotating|1346371075|8193|8193
1785865967589|1471|regression64_r2f_00214_262144_terminal|fixed|1350565379|8193|8193
1785865967589|1471|regression64_r2f_00214_262144_terminal|rotating|1346371075|8193|8193
1785865967850|1472|regression64_r2f_00215_262144_active|fixed|1346362883|8193|8193
1785865967850|1472|regression64_r2f_00215_262144_active|rotating|1346371075|8193|8193
1785865968771|1472|regression64_r2f_00215_262144_terminal|fixed|1346371075|8193|8193
1785865968771|1472|regression64_r2f_00215_262144_terminal|rotating|1346371075|8193|8193
1785865969002|1473|regression64_r2f_00216_262144_active|fixed|1346362883|8193|8193
1785865969002|1473|regression64_r2f_00216_262144_active|rotating|1346371075|8193|8193
1785865970065|1473|regression64_r2f_00216_262144_terminal|fixed|1350565379|8193|8193
1785865970065|1473|regression64_r2f_00216_262144_terminal|rotating|1350565379|8193|8193
1785865970307|1474|regression64_r2f_00217_262144_active|fixed|1350557187|8193|8193
1785865970307|1474|regression64_r2f_00217_262144_active|rotating|1350565379|8193|8193
1785865971136|1474|regression64_r2f_00217_262144_terminal|fixed|1346371075|8193|8193
1785865971136|1474|regression64_r2f_00217_262144_terminal|rotating|1346371075|8193|8193
1785865971473|1475|regression64_r2f_00218_262144_active|fixed|1350557187|8193|8193
1785865971473|1475|regression64_r2f_00218_262144_active|rotating|1350565379|8193|8193
1785865972487|1475|regression64_r2f_00218_262144_terminal|fixed|1350565379|8193|8193
1785865972487|1475|regression64_r2f_00218_262144_terminal|rotating|1346371075|8193|8193
1785865972755|1476|regression64_r2f_00219_262144_active|fixed|1346362883|8193|8193
1785865972755|1476|regression64_r2f_00219_262144_active|rotating|1350565379|8193|8193
1785865973602|1476|regression64_r2f_00219_262144_terminal|fixed|1350565379|8193|8193
1785865973602|1476|regression64_r2f_00219_262144_terminal|rotating|1350565379|8193|8193
1785865973852|1477|regression64_r2f_00220_262144_active|fixed|1346362883|8193|8193
1785865973852|1477|regression64_r2f_00220_262144_active|rotating|1346371075|8193|8193
1785865974694|1477|regression64_r2f_00220_262144_terminal|fixed|1350565379|8193|8193
1785865974694|1477|regression64_r2f_00220_262144_terminal|rotating|1346371075|8193|8193
1785865974947|1478|regression64_r2f_00221_262144_active|fixed|1350557187|8193|8193
1785865974947|1478|regression64_r2f_00221_262144_active|rotating|1346371075|8193|8193
1785865975828|1478|regression64_r2f_00221_262144_terminal|fixed|1350565379|8193|8193
1785865975828|1478|regression64_r2f_00221_262144_terminal|rotating|1350565379|8193|8193
1785865976053|1479|regression64_r2f_00222_262144_active|fixed|1350557187|8193|8193
1785865976053|1479|regression64_r2f_00222_262144_active|rotating|1346371075|8193|8193
1785865976888|1479|regression64_r2f_00222_262144_terminal|fixed|1346371075|8193|8193
1785865976888|1479|regression64_r2f_00222_262144_terminal|rotating|1346371075|8193|8193
1785865977159|1480|regression64_r2f_00223_262144_active|fixed|1346362883|8193|8193
1785865977159|1480|regression64_r2f_00223_262144_active|rotating|1346371075|8193|8193
1785865977999|1480|regression64_r2f_00223_262144_terminal|fixed|1346371075|8193|8193
1785865977999|1480|regression64_r2f_00223_262144_terminal|rotating|1350565379|8193|8193
1785865978285|1481|regression64_r2f_00224_262144_active|fixed|1346362883|8193|8193
1785865978285|1481|regression64_r2f_00224_262144_active|rotating|1346371075|8193|8193
1785865979116|1481|regression64_r2f_00224_262144_terminal|fixed|1346371075|8193|8193
1785865979116|1481|regression64_r2f_00224_262144_terminal|rotating|1346371075|8193|8193
1785865979373|1482|regression64_r2f_00225_262144_active|fixed|1346362883|8193|8193
1785865979373|1482|regression64_r2f_00225_262144_active|rotating|1350565379|8193|8193
1785865980190|1482|regression64_r2f_00225_262144_terminal|fixed|1346371075|8193|8193
1785865980190|1482|regression64_r2f_00225_262144_terminal|rotating|1346371075|8193|8193
1785865980491|1483|regression64_r2f_00226_262144_active|fixed|1346362883|8193|8193
1785865980491|1483|regression64_r2f_00226_262144_active|rotating|1346371074|8193|8193
1785865981333|1483|regression64_r2f_00226_262144_terminal|fixed|1350565379|8193|8193
1785865981333|1483|regression64_r2f_00226_262144_terminal|rotating|1346371075|8193|8193
1785865981576|1484|regression64_r2f_00227_262144_active|fixed|1346362883|8193|8193
1785865981576|1484|regression64_r2f_00227_262144_active|rotating|1346371075|8193|8193
1785865982435|1484|regression64_r2f_00227_262144_terminal|fixed|1350565379|8193|8193
1785865982435|1484|regression64_r2f_00227_262144_terminal|rotating|1350565379|8193|8193
1785865982655|1485|regression64_r2f_00228_262144_active|fixed|1350557187|8193|8193
1785865982655|1485|regression64_r2f_00228_262144_active|rotating|1346371075|8193|8193
1785865983524|1485|regression64_r2f_00228_262144_terminal|fixed|1346371075|8193|8193
1785865983524|1485|regression64_r2f_00228_262144_terminal|rotating|1346371075|8193|8193
1785865983785|1486|regression64_r2f_00229_262144_active|fixed|1346362883|8193|8193
1785865983785|1486|regression64_r2f_00229_262144_active|rotating|1350565379|8193|8193
1785865984605|1486|regression64_r2f_00229_262144_terminal|fixed|1346371075|8193|8193
1785865984605|1486|regression64_r2f_00229_262144_terminal|rotating|1346371075|8193|8193
1785865984875|1487|regression64_r2f_00230_262144_active|fixed|1350557187|8193|8193
1785865984875|1487|regression64_r2f_00230_262144_active|rotating|1350565379|8193|8193
1785865985754|1487|regression64_r2f_00230_262144_terminal|fixed|1350565379|8193|8193
1785865985754|1487|regression64_r2f_00230_262144_terminal|rotating|1346371075|8193|8193
1785865986007|1488|regression64_r2f_00231_262144_active|fixed|1346362883|8193|8193
1785865986007|1488|regression64_r2f_00231_262144_active|rotating|1346371075|8193|8193
1785865986874|1488|regression64_r2f_00231_262144_terminal|fixed|1346371075|8193|8193
1785865986874|1488|regression64_r2f_00231_262144_terminal|rotating|1346371075|8193|8193
1785865987130|1489|regression64_r2f_00232_262144_active|fixed|1346362883|8193|8193
1785865987130|1489|regression64_r2f_00232_262144_active|rotating|1350565379|8193|8193
1785865987965|1489|regression64_r2f_00232_262144_terminal|fixed|1346371075|8193|8193
1785865987965|1489|regression64_r2f_00232_262144_terminal|rotating|1350565379|8193|8193
1785865988216|1490|regression64_r2f_00233_262144_active|fixed|1346362883|8193|8193
1785865988216|1490|regression64_r2f_00233_262144_active|rotating|1350565379|8193|8193
1785865989051|1490|regression64_r2f_00233_262144_terminal|fixed|1350565379|8193|8193
1785865989051|1490|regression64_r2f_00233_262144_terminal|rotating|1350565379|8193|8193
1785865989307|1491|regression64_r2f_00234_262144_active|fixed|1346362883|8193|8193
1785865989307|1491|regression64_r2f_00234_262144_active|rotating|1350565379|8193|8193
1785865990150|1491|regression64_r2f_00234_262144_terminal|fixed|1346371075|8193|8193
1785865990150|1491|regression64_r2f_00234_262144_terminal|rotating|1346371075|8193|8193
1785865990411|1492|regression64_r2f_00235_262144_active|fixed|1350557187|8193|8193
1785865990411|1492|regression64_r2f_00235_262144_active|rotating|1350565379|8193|8193
1785865991253|1492|regression64_r2f_00235_262144_terminal|fixed|1350565379|8193|8193
1785865991253|1492|regression64_r2f_00235_262144_terminal|rotating|1350565379|8193|8193
1785865991492|1493|regression64_r2f_00236_262144_active|fixed|1346362883|8193|8193
1785865991492|1493|regression64_r2f_00236_262144_active|rotating|1346371075|8193|8193
1785865992386|1493|regression64_r2f_00236_262144_terminal|fixed|1346371075|8193|8193
1785865992386|1493|regression64_r2f_00236_262144_terminal|rotating|1346371075|8193|8193
1785865992615|1494|regression64_r2f_00237_262144_active|fixed|1350557187|8193|8193
1785865992615|1494|regression64_r2f_00237_262144_active|rotating|1346371075|8193|8193
1785865993427|1494|regression64_r2f_00237_262144_terminal|fixed|1346371075|8193|8193
1785865993427|1494|regression64_r2f_00237_262144_terminal|rotating|1346371075|8193|8193
1785865993694|1495|regression64_r2f_00238_262144_active|fixed|1350557187|8193|8193
1785865993694|1495|regression64_r2f_00238_262144_active|rotating|1350565379|8193|8193
1785865994580|1495|regression64_r2f_00238_262144_terminal|fixed|1350565379|8193|8193
1785865994580|1495|regression64_r2f_00238_262144_terminal|rotating|1346371075|8193|8193
1785865994833|1496|regression64_r2f_00239_262144_active|fixed|1350557187|8193|8193
1785865994833|1496|regression64_r2f_00239_262144_active|rotating|1350565379|8193|8193
1785865995712|1496|regression64_r2f_00239_262144_terminal|fixed|1346371075|8193|8193
1785865995712|1496|regression64_r2f_00239_262144_terminal|rotating|1346371075|8193|8193
1785865995965|1497|regression64_r2f_00240_262144_active|fixed|1350557187|8193|8193
1785865995965|1497|regression64_r2f_00240_262144_active|rotating|1350565379|8193|8193
1785865996792|1497|regression64_r2f_00240_262144_terminal|fixed|1350565379|8193|8193
1785865996792|1497|regression64_r2f_00240_262144_terminal|rotating|1346371075|8193|8193
1785865997068|1498|regression64_r2f_00241_262144_active|fixed|1350557187|8193|8193
1785865997068|1498|regression64_r2f_00241_262144_active|rotating|1350565379|8193|8193
1785865997928|1498|regression64_r2f_00241_262144_terminal|fixed|1350565379|8193|8193
1785865997928|1498|regression64_r2f_00241_262144_terminal|rotating|1350565379|8193|8193
1785865998173|1499|regression64_r2f_00242_262144_active|fixed|1346362883|8193|8193
1785865998173|1499|regression64_r2f_00242_262144_active|rotating|1350565379|8193|8193
1785865999006|1499|regression64_r2f_00242_262144_terminal|fixed|1346371075|8193|8193
1785865999006|1499|regression64_r2f_00242_262144_terminal|rotating|1350565379|8193|8193
1785865999279|1500|regression64_r2f_00243_262144_active|fixed|1350557187|8193|8193
1785865999279|1500|regression64_r2f_00243_262144_active|rotating|1346371075|8193|8193
1785866000149|1500|regression64_r2f_00243_262144_terminal|fixed|1346371075|8193|8193
1785866000149|1500|regression64_r2f_00243_262144_terminal|rotating|1346371075|8193|8193
1785866000394|1501|regression64_r2f_00244_262144_active|fixed|1346362883|8193|8193
1785866000394|1501|regression64_r2f_00244_262144_active|rotating|1346371075|8193|8193
1785866001283|1501|regression64_r2f_00244_262144_terminal|fixed|1350565379|8193|8193
1785866001283|1501|regression64_r2f_00244_262144_terminal|rotating|1346371075|8193|8193
1785866001548|1502|regression64_r2f_00245_262144_active|fixed|1346362883|8193|8193
1785866001548|1502|regression64_r2f_00245_262144_active|rotating|1346371074|8193|8193
1785866002376|1502|regression64_r2f_00245_262144_terminal|fixed|1350565379|8193|8193
1785866002376|1502|regression64_r2f_00245_262144_terminal|rotating|1350565379|8193|8193
1785866002661|1503|regression64_r2f_00246_262144_active|fixed|1346362883|8193|8193
1785866002661|1503|regression64_r2f_00246_262144_active|rotating|1346371075|8193|8193
1785866003539|1503|regression64_r2f_00246_262144_terminal|fixed|1350565379|8193|8193
1785866003539|1503|regression64_r2f_00246_262144_terminal|rotating|1350565379|8193|8193
1785866003760|1504|regression64_r2f_00247_262144_active|fixed|1346362883|8193|8193
1785866003760|1504|regression64_r2f_00247_262144_active|rotating|1350565379|8193|8193
1785866004609|1504|regression64_r2f_00247_262144_terminal|fixed|1346371075|8193|8193
1785866004609|1504|regression64_r2f_00247_262144_terminal|rotating|1350565379|8193|8193
1785866004828|1505|regression64_r2f_00248_262144_active|fixed|1350557187|8193|8193
1785866004828|1505|regression64_r2f_00248_262144_active|rotating|1346371075|8193|8193
1785866005670|1505|regression64_r2f_00248_262144_terminal|fixed|1346371075|8193|8193
1785866005670|1505|regression64_r2f_00248_262144_terminal|rotating|1350565379|8193|8193
1785866005964|1506|regression64_r2f_00249_262144_active|fixed|1350557187|8193|8193
1785866005964|1506|regression64_r2f_00249_262144_active|rotating|1346371075|8193|8193
1785866006869|1506|regression64_r2f_00249_262144_terminal|fixed|1346371075|8193|8193
1785866006869|1506|regression64_r2f_00249_262144_terminal|rotating|1346371075|8193|8193
1785866007138|1507|regression64_r2f_00250_262144_active|fixed|1350557187|8193|8193
1785866007138|1507|regression64_r2f_00250_262144_active|rotating|1350565379|8193|8193
1785866008012|1507|regression64_r2f_00250_262144_terminal|fixed|1346371075|8193|8193
1785866008012|1507|regression64_r2f_00250_262144_terminal|rotating|1350565379|8193|8193
1785866008282|1508|regression64_r2f_00251_262144_active|fixed|1350557187|8193|8193
1785866008282|1508|regression64_r2f_00251_262144_active|rotating|1346371075|8193|8193
1785866009111|1508|regression64_r2f_00251_262144_terminal|fixed|1350565379|8193|8193
1785866009111|1508|regression64_r2f_00251_262144_terminal|rotating|1350565379|8193|8193
1785866009366|1509|regression64_r2f_00252_262144_active|fixed|1350557187|8193|8193
1785866009366|1509|regression64_r2f_00252_262144_active|rotating|1350565379|8193|8193
1785866010249|1509|regression64_r2f_00252_262144_terminal|fixed|1350565379|8193|8193
1785866010249|1509|regression64_r2f_00252_262144_terminal|rotating|1346371075|8193|8193
1785866010496|1510|regression64_r2f_00253_262144_active|fixed|1346362883|8193|8193
1785866010496|1510|regression64_r2f_00253_262144_active|rotating|1350565379|8193|8193
1785866011325|1510|regression64_r2f_00253_262144_terminal|fixed|1350565379|8193|8193
1785866011325|1510|regression64_r2f_00253_262144_terminal|rotating|1346371075|8193|8193
1785866011616|1511|regression64_r2f_00254_262144_active|fixed|1350557187|8193|8193
1785866011616|1511|regression64_r2f_00254_262144_active|rotating|1346371075|8193|8193
1785866012443|1511|regression64_r2f_00254_262144_terminal|fixed|1346371075|8193|8193
1785866012443|1511|regression64_r2f_00254_262144_terminal|rotating|1350565379|8193|8193
1785866012710|1512|regression64_r2f_00255_262144_active|fixed|1350557187|8193|8193
1785866012710|1512|regression64_r2f_00255_262144_active|rotating|1350565379|8193|8193
1785866013560|1512|regression64_r2f_00255_262144_terminal|fixed|1350565379|8193|8193
1785866013560|1512|regression64_r2f_00255_262144_terminal|rotating|1350565379|8193|8193
1785866014042|1513|P10_3F-TWO_LANE_REGRESSION_endpoint_shutdown_terminal|fixed|1346371075|8193|8193
1785866014042|1513|P10_3F-TWO_LANE_REGRESSION_endpoint_shutdown_terminal|rotating|1346371075|8193|8193
