Copyright 1986-2022 Xilinx, Inc. All Rights Reserved. Copyright 2022-2023 Advanced Micro Devices, Inc. All Rights Reserved.
------------------------------------------------------------------------------------------------------------------------------------------------------------------------------------------------------------------------------------------------------------------------------
| Tool Version : Vivado v.2023.1 (win64) Build 3865809 Sun May  7 15:05:29 MDT 2023
| Date         : Sun Jul 19 05:12:53 2026
| Host         : DESKTOP-PU0AECA running 64-bit major release  (build 9200)
| Command      : report_timing_summary -delay_type min_max -max_paths 20 -file C:/Users/user/.codex/worktrees/3765/RF_COMM_MULTILANE/evidence/generated/p8e_raw/build_matrix/Z7020_FIXED_8LANE_32MODULE_CORE_IMPLEMENTATION/Performance_Explore/post_synth_timing_summary.rpt
| Design       : z7020_fixed_core_timing_top
| Device       : 7z020-clg400
| Speed File   : -2  PRODUCTION 1.12 2019-11-22
| Design State : Synthesized
------------------------------------------------------------------------------------------------------------------------------------------------------------------------------------------------------------------------------------------------------------------------------

Timing Summary Report

------------------------------------------------------------------------------------------------
| Timer Settings
| --------------
------------------------------------------------------------------------------------------------

  Enable Multi Corner Analysis               :  Yes
  Enable Pessimism Removal                   :  Yes
  Pessimism Removal Resolution               :  Nearest Common Node
  Enable Input Delay Default Clock           :  No
  Enable Preset / Clear Arcs                 :  No
  Disable Flight Delays                      :  No
  Ignore I/O Paths                           :  No
  Timing Early Launch at Borrowing Latches   :  No
  Borrow Time for Max Delay Exceptions       :  Yes
  Merge Timing Exceptions                    :  Yes

  Corner  Analyze    Analyze    
  Name    Max Paths  Min Paths  
  ------  ---------  ---------  
  Slow    Yes        Yes        
  Fast    Yes        Yes        


------------------------------------------------------------------------------------------------
| Report Methodology
| ------------------
------------------------------------------------------------------------------------------------

No report available as report_methodology has not been run prior. Run report_methodology on the current design for the summary of methodology violations.



check_timing report

Table of Contents
-----------------
1. checking no_clock (0)
2. checking constant_clock (0)
3. checking pulse_width_clock (0)
4. checking unconstrained_internal_endpoints (0)
5. checking no_input_delay (39)
6. checking no_output_delay (54)
7. checking multiple_clock (0)
8. checking generated_clocks (0)
9. checking loops (0)
10. checking partial_input_delay (0)
11. checking partial_output_delay (0)
12. checking latch_loops (0)

1. checking no_clock (0)
------------------------
 There are 0 register/latch pins with no clock.


2. checking constant_clock (0)
------------------------------
 There are 0 register/latch pins with constant_clock.


3. checking pulse_width_clock (0)
---------------------------------
 There are 0 register/latch pins which need pulse_width check


4. checking unconstrained_internal_endpoints (0)
------------------------------------------------
 There are 0 pins that are not constrained for maximum delay.

 There are 0 pins that are not constrained for maximum delay due to constant clock.


5. checking no_input_delay (39)
-------------------------------
 There are 39 input ports with no input delay specified. (HIGH)

 There are 0 input ports with no input delay but user has a false path constraint.


6. checking no_output_delay (54)
--------------------------------
 There are 54 ports with no output delay specified. (HIGH)

 There are 0 ports with no output delay but user has a false path constraint

 There are 0 ports with no output delay but with a timing clock defined on it or propagating through it


7. checking multiple_clock (0)
------------------------------
 There are 0 register/latch pins with multiple clocks.


8. checking generated_clocks (0)
--------------------------------
 There are 0 generated clocks that are not connected to a clock source.


9. checking loops (0)
---------------------
 There are 0 combinational loops in the design.


10. checking partial_input_delay (0)
------------------------------------
 There are 0 input ports with partial input delay specified.


11. checking partial_output_delay (0)
-------------------------------------
 There are 0 ports with partial output delay specified.


12. checking latch_loops (0)
----------------------------
 There are 0 combinational latch loops in the design through latch input



------------------------------------------------------------------------------------------------
| Design Timing Summary
| ---------------------
------------------------------------------------------------------------------------------------

    WNS(ns)      TNS(ns)  TNS Failing Endpoints  TNS Total Endpoints      WHS(ns)      THS(ns)  THS Failing Endpoints  THS Total Endpoints     WPWS(ns)     TPWS(ns)  TPWS Failing Endpoints  TPWS Total Endpoints  
    -------      -------  ---------------------  -------------------      -------      -------  ---------------------  -------------------     --------     --------  ----------------------  --------------------  
      3.310        0.000                      0                34919        0.168        0.000                      0                34919        4.500        0.000                       0                 12891  


All user specified timing constraints are met.


------------------------------------------------------------------------------------------------
| Clock Summary
| -------------
------------------------------------------------------------------------------------------------

Clock         Waveform(ns)       Period(ns)      Frequency(MHz)
-----         ------------       ----------      --------------
axi_lite_clk  {0.000 10.000}     20.000          50.000          
axis_dma_clk  {0.000 5.000}      10.000          100.000         
protocol_clk  {0.000 7.812}      15.625          64.000          


------------------------------------------------------------------------------------------------
| Intra Clock Table
| -----------------
------------------------------------------------------------------------------------------------

Clock             WNS(ns)      TNS(ns)  TNS Failing Endpoints  TNS Total Endpoints      WHS(ns)      THS(ns)  THS Failing Endpoints  THS Total Endpoints     WPWS(ns)     TPWS(ns)  TPWS Failing Endpoints  TPWS Total Endpoints  
-----             -------      -------  ---------------------  -------------------      -------      -------  ---------------------  -------------------     --------     --------  ----------------------  --------------------  
axi_lite_clk       19.356        0.000                      0                    2        0.168        0.000                      0                    2        9.500        0.000                       0                     3  
axis_dma_clk        7.498        0.000                      0                  103        0.168        0.000                      0                  103        4.500        0.000                       0                    42  
protocol_clk        3.310        0.000                      0                29171        0.168        0.000                      0                29171        6.682        0.000                       0                 12846  


------------------------------------------------------------------------------------------------
| Inter Clock Table
| -----------------
------------------------------------------------------------------------------------------------

From Clock    To Clock          WNS(ns)      TNS(ns)  TNS Failing Endpoints  TNS Total Endpoints      WHS(ns)      THS(ns)  THS Failing Endpoints  THS Total Endpoints  
----------    --------          -------      -------  ---------------------  -------------------      -------      -------  ---------------------  -------------------  


------------------------------------------------------------------------------------------------
| Other Path Groups Table
| -----------------------
------------------------------------------------------------------------------------------------

Path Group         From Clock         To Clock               WNS(ns)      TNS(ns)  TNS Failing Endpoints  TNS Total Endpoints      WHS(ns)      THS(ns)  THS Failing Endpoints  THS Total Endpoints  
----------         ----------         --------               -------      -------  ---------------------  -------------------      -------      -------  ---------------------  -------------------  
**async_default**  axis_dma_clk       axis_dma_clk             8.045        0.000                      0                    5        0.807        0.000                      0                    5  
**async_default**  protocol_clk       protocol_clk            13.480        0.000                      0                 5638        0.884        0.000                      0                 5638  


------------------------------------------------------------------------------------------------
| Timing Details
| --------------
------------------------------------------------------------------------------------------------


---------------------------------------------------------------------------------------------------
From Clock:  axi_lite_clk
  To Clock:  axi_lite_clk

Setup :            0  Failing Endpoints,  Worst Slack       19.356ns,  Total Violation        0.000ns
Hold  :            0  Failing Endpoints,  Worst Slack        0.168ns,  Total Violation        0.000ns
PW    :            0  Failing Endpoints,  Worst Slack        9.500ns,  Total Violation        0.000ns
---------------------------------------------------------------------------------------------------


Max Delay Paths
--------------------------------------------------------------------------------------
Slack (MET) :             19.356ns  (required time - arrival time)
  Source:                 u_top/u_fixed/u_axil_reset/reset_pipe_reg[0]/C
                            (rising edge-triggered cell FDCE clocked by axi_lite_clk  {rise@0.000ns fall@10.000ns period=20.000ns})
  Destination:            u_top/u_fixed/u_axil_reset/reset_pipe_reg[1]/D
                            (rising edge-triggered cell FDCE clocked by axi_lite_clk  {rise@0.000ns fall@10.000ns period=20.000ns})
  Path Group:             axi_lite_clk
  Path Type:              Setup (Max at Slow Process Corner)
  Requirement:            20.000ns  (axi_lite_clk rise@20.000ns - axi_lite_clk rise@0.000ns)
  Data Path Delay:        0.450ns  (logic 0.303ns (67.333%)  route 0.147ns (32.667%))
  Logic Levels:           0  
  Clock Path Skew:        -0.039ns (DCD - SCD + CPR)
    Destination Clock Delay (DCD):    0.748ns = ( 20.748 - 20.000 ) 
    Source Clock Delay      (SCD):    0.787ns
    Clock Pessimism Removal (CPR):    0.000ns
  Clock Uncertainty:      0.035ns  ((TSJ^2 + TIJ^2)^1/2 + DJ) / 2 + PE
    Total System Jitter     (TSJ):    0.071ns
    Total Input Jitter      (TIJ):    0.000ns
    Discrete Jitter          (DJ):    0.000ns
    Phase Error              (PE):    0.000ns

    Location             Delay type                Incr(ns)  Path(ns)    Netlist Resource(s)
  -------------------------------------------------------------------    -------------------
                         (clock axi_lite_clk rise edge)
                                                      0.000     0.000 r  
                                                      0.000     0.000 r  axi_lite_clk_i (IN)
                         net (fo=2, unset)            0.787     0.787    u_top/u_fixed/u_axil_reset/axi_lite_clk_i
                         FDCE                                         r  u_top/u_fixed/u_axil_reset/reset_pipe_reg[0]/C
  -------------------------------------------------------------------    -------------------
                         FDCE (Prop_fdce_C_Q)         0.303     1.090 r  u_top/u_fixed/u_axil_reset/reset_pipe_reg[0]/Q
                         net (fo=1, unplaced)         0.147     1.237    u_top/u_fixed/u_axil_reset/reset_pipe[0]
                         FDCE                                         r  u_top/u_fixed/u_axil_reset/reset_pipe_reg[1]/D
  -------------------------------------------------------------------    -------------------

                         (clock axi_lite_clk rise edge)
                                                     20.000    20.000 r  
                                                      0.000    20.000 r  axi_lite_clk_i (IN)
                         net (fo=2, unset)            0.748    20.748    u_top/u_fixed/u_axil_reset/axi_lite_clk_i
                         FDCE                                         r  u_top/u_fixed/u_axil_reset/reset_pipe_reg[1]/C
                         clock pessimism              0.000    20.748    
                         clock uncertainty           -0.035    20.712    
                         FDCE (Setup_fdce_C_D)       -0.119    20.593    u_top/u_fixed/u_axil_reset/reset_pipe_reg[1]
  -------------------------------------------------------------------
                         required time                         20.593    
                         arrival time                          -1.237    
  -------------------------------------------------------------------
                         slack                                 19.356    

Slack (MET) :             19.356ns  (required time - arrival time)
  Source:                 u_top/u_fixed/u_axil_reset/reset_pipe_reg[1]/C
                            (rising edge-triggered cell FDCE clocked by axi_lite_clk  {rise@0.000ns fall@10.000ns period=20.000ns})
  Destination:            u_top/u_fixed/u_axil_reset/reset_pipe_reg[2]/D
                            (rising edge-triggered cell FDCE clocked by axi_lite_clk  {rise@0.000ns fall@10.000ns period=20.000ns})
  Path Group:             axi_lite_clk
  Path Type:              Setup (Max at Slow Process Corner)
  Requirement:            20.000ns  (axi_lite_clk rise@20.000ns - axi_lite_clk rise@0.000ns)
  Data Path Delay:        0.450ns  (logic 0.303ns (67.333%)  route 0.147ns (32.667%))
  Logic Levels:           0  
  Clock Path Skew:        -0.039ns (DCD - SCD + CPR)
    Destination Clock Delay (DCD):    0.748ns = ( 20.748 - 20.000 ) 
    Source Clock Delay      (SCD):    0.787ns
    Clock Pessimism Removal (CPR):    0.000ns
  Clock Uncertainty:      0.035ns  ((TSJ^2 + TIJ^2)^1/2 + DJ) / 2 + PE
    Total System Jitter     (TSJ):    0.071ns
    Total Input Jitter      (TIJ):    0.000ns
    Discrete Jitter          (DJ):    0.000ns
    Phase Error              (PE):    0.000ns

    Location             Delay type                Incr(ns)  Path(ns)    Netlist Resource(s)
  -------------------------------------------------------------------    -------------------
                         (clock axi_lite_clk rise edge)
                                                      0.000     0.000 r  
                                                      0.000     0.000 r  axi_lite_clk_i (IN)
                         net (fo=2, unset)            0.787     0.787    u_top/u_fixed/u_axil_reset/axi_lite_clk_i
                         FDCE                                         r  u_top/u_fixed/u_axil_reset/reset_pipe_reg[1]/C
  -------------------------------------------------------------------    -------------------
                         FDCE (Prop_fdce_C_Q)         0.303     1.090 r  u_top/u_fixed/u_axil_reset/reset_pipe_reg[1]/Q
                         net (fo=1, unplaced)         0.147     1.237    u_top/u_fixed/u_axil_reset/reset_pipe[1]
                         FDCE                                         r  u_top/u_fixed/u_axil_reset/reset_pipe_reg[2]/D
  -------------------------------------------------------------------    -------------------

                         (clock axi_lite_clk rise edge)
                                                     20.000    20.000 r  
                                                      0.000    20.000 r  axi_lite_clk_i (IN)
                         net (fo=2, unset)            0.748    20.748    u_top/u_fixed/u_axil_reset/axi_lite_clk_i
                         FDCE                                         r  u_top/u_fixed/u_axil_reset/reset_pipe_reg[2]/C
                         clock pessimism              0.000    20.748    
                         clock uncertainty           -0.035    20.712    
                         FDCE (Setup_fdce_C_D)       -0.119    20.593    u_top/u_fixed/u_axil_reset/reset_pipe_reg[2]
  -------------------------------------------------------------------
                         required time                         20.593    
                         arrival time                          -1.237    
  -------------------------------------------------------------------
                         slack                                 19.356    





Min Delay Paths
--------------------------------------------------------------------------------------
Slack (MET) :             0.168ns  (arrival time - required time)
  Source:                 u_top/u_fixed/u_axil_reset/reset_pipe_reg[0]/C
                            (rising edge-triggered cell FDCE clocked by axi_lite_clk  {rise@0.000ns fall@10.000ns period=20.000ns})
  Destination:            u_top/u_fixed/u_axil_reset/reset_pipe_reg[1]/D
                            (rising edge-triggered cell FDCE clocked by axi_lite_clk  {rise@0.000ns fall@10.000ns period=20.000ns})
  Path Group:             axi_lite_clk
  Path Type:              Hold (Min at Fast Process Corner)
  Requirement:            0.000ns  (axi_lite_clk rise@0.000ns - axi_lite_clk rise@0.000ns)
  Data Path Delay:        0.191ns  (logic 0.118ns (61.813%)  route 0.073ns (38.187%))
  Logic Levels:           0  
  Clock Path Skew:        0.021ns (DCD - SCD - CPR)
    Destination Clock Delay (DCD):    0.411ns
    Source Clock Delay      (SCD):    0.390ns
    Clock Pessimism Removal (CPR):    -0.000ns

    Location             Delay type                Incr(ns)  Path(ns)    Netlist Resource(s)
  -------------------------------------------------------------------    -------------------
                         (clock axi_lite_clk rise edge)
                                                      0.000     0.000 r  
                                                      0.000     0.000 r  axi_lite_clk_i (IN)
                         net (fo=2, unset)            0.390     0.390    u_top/u_fixed/u_axil_reset/axi_lite_clk_i
                         FDCE                                         r  u_top/u_fixed/u_axil_reset/reset_pipe_reg[0]/C
  -------------------------------------------------------------------    -------------------
                         FDCE (Prop_fdce_C_Q)         0.118     0.508 r  u_top/u_fixed/u_axil_reset/reset_pipe_reg[0]/Q
                         net (fo=1, unplaced)         0.073     0.581    u_top/u_fixed/u_axil_reset/reset_pipe[0]
                         FDCE                                         r  u_top/u_fixed/u_axil_reset/reset_pipe_reg[1]/D
  -------------------------------------------------------------------    -------------------

                         (clock axi_lite_clk rise edge)
                                                      0.000     0.000 r  
                                                      0.000     0.000 r  axi_lite_clk_i (IN)
                         net (fo=2, unset)            0.411     0.411    u_top/u_fixed/u_axil_reset/axi_lite_clk_i
                         FDCE                                         r  u_top/u_fixed/u_axil_reset/reset_pipe_reg[1]/C
                         clock pessimism              0.000     0.411    
                         FDCE (Hold_fdce_C_D)         0.002     0.413    u_top/u_fixed/u_axil_reset/reset_pipe_reg[1]
  -------------------------------------------------------------------
                         required time                         -0.413    
                         arrival time                           0.581    
  -------------------------------------------------------------------
                         slack                                  0.168    

Slack (MET) :             0.168ns  (arrival time - required time)
  Source:                 u_top/u_fixed/u_axil_reset/reset_pipe_reg[1]/C
                            (rising edge-triggered cell FDCE clocked by axi_lite_clk  {rise@0.000ns fall@10.000ns period=20.000ns})
  Destination:            u_top/u_fixed/u_axil_reset/reset_pipe_reg[2]/D
                            (rising edge-triggered cell FDCE clocked by axi_lite_clk  {rise@0.000ns fall@10.000ns period=20.000ns})
  Path Group:             axi_lite_clk
  Path Type:              Hold (Min at Fast Process Corner)
  Requirement:            0.000ns  (axi_lite_clk rise@0.000ns - axi_lite_clk rise@0.000ns)
  Data Path Delay:        0.191ns  (logic 0.118ns (61.813%)  route 0.073ns (38.187%))
  Logic Levels:           0  
  Clock Path Skew:        0.021ns (DCD - SCD - CPR)
    Destination Clock Delay (DCD):    0.411ns
    Source Clock Delay      (SCD):    0.390ns
    Clock Pessimism Removal (CPR):    -0.000ns

    Location             Delay type                Incr(ns)  Path(ns)    Netlist Resource(s)
  -------------------------------------------------------------------    -------------------
                         (clock axi_lite_clk rise edge)
                                                      0.000     0.000 r  
                                                      0.000     0.000 r  axi_lite_clk_i (IN)
                         net (fo=2, unset)            0.390     0.390    u_top/u_fixed/u_axil_reset/axi_lite_clk_i
                         FDCE                                         r  u_top/u_fixed/u_axil_reset/reset_pipe_reg[1]/C
  -------------------------------------------------------------------    -------------------
                         FDCE (Prop_fdce_C_Q)         0.118     0.508 r  u_top/u_fixed/u_axil_reset/reset_pipe_reg[1]/Q
                         net (fo=1, unplaced)         0.073     0.581    u_top/u_fixed/u_axil_reset/reset_pipe[1]
                         FDCE                                         r  u_top/u_fixed/u_axil_reset/reset_pipe_reg[2]/D
  -------------------------------------------------------------------    -------------------

                         (clock axi_lite_clk rise edge)
                                                      0.000     0.000 r  
                                                      0.000     0.000 r  axi_lite_clk_i (IN)
                         net (fo=2, unset)            0.411     0.411    u_top/u_fixed/u_axil_reset/axi_lite_clk_i
                         FDCE                                         r  u_top/u_fixed/u_axil_reset/reset_pipe_reg[2]/C
                         clock pessimism              0.000     0.411    
                         FDCE (Hold_fdce_C_D)         0.002     0.413    u_top/u_fixed/u_axil_reset/reset_pipe_reg[2]
  -------------------------------------------------------------------
                         required time                         -0.413    
                         arrival time                           0.581    
  -------------------------------------------------------------------
                         slack                                  0.168    





Pulse Width Checks
--------------------------------------------------------------------------------------
Clock Name:         axi_lite_clk
Waveform(ns):       { 0.000 10.000 }
Period(ns):         20.000
Sources:            { axi_lite_clk_i }

Check Type        Corner  Lib Pin  Reference Pin  Required(ns)  Actual(ns)  Slack(ns)  Location  Pin
Min Period        n/a     FDCE/C   n/a            1.000         20.000      19.000               u_top/u_fixed/u_axil_reset/reset_pipe_reg[0]/C
Min Period        n/a     FDCE/C   n/a            1.000         20.000      19.000               u_top/u_fixed/u_axil_reset/reset_pipe_reg[1]/C
Min Period        n/a     FDCE/C   n/a            1.000         20.000      19.000               u_top/u_fixed/u_axil_reset/reset_pipe_reg[2]/C
Low Pulse Width   Slow    FDCE/C   n/a            0.500         10.000      9.500                u_top/u_fixed/u_axil_reset/reset_pipe_reg[0]/C
Low Pulse Width   Fast    FDCE/C   n/a            0.500         10.000      9.500                u_top/u_fixed/u_axil_reset/reset_pipe_reg[0]/C
Low Pulse Width   Slow    FDCE/C   n/a            0.500         10.000      9.500                u_top/u_fixed/u_axil_reset/reset_pipe_reg[1]/C
Low Pulse Width   Fast    FDCE/C   n/a            0.500         10.000      9.500                u_top/u_fixed/u_axil_reset/reset_pipe_reg[1]/C
Low Pulse Width   Slow    FDCE/C   n/a            0.500         10.000      9.500                u_top/u_fixed/u_axil_reset/reset_pipe_reg[2]/C
Low Pulse Width   Fast    FDCE/C   n/a            0.500         10.000      9.500                u_top/u_fixed/u_axil_reset/reset_pipe_reg[2]/C
High Pulse Width  Slow    FDCE/C   n/a            0.500         10.000      9.500                u_top/u_fixed/u_axil_reset/reset_pipe_reg[0]/C
High Pulse Width  Fast    FDCE/C   n/a            0.500         10.000      9.500                u_top/u_fixed/u_axil_reset/reset_pipe_reg[0]/C
High Pulse Width  Slow    FDCE/C   n/a            0.500         10.000      9.500                u_top/u_fixed/u_axil_reset/reset_pipe_reg[1]/C
High Pulse Width  Fast    FDCE/C   n/a            0.500         10.000      9.500                u_top/u_fixed/u_axil_reset/reset_pipe_reg[1]/C
High Pulse Width  Slow    FDCE/C   n/a            0.500         10.000      9.500                u_top/u_fixed/u_axil_reset/reset_pipe_reg[2]/C
High Pulse Width  Fast    FDCE/C   n/a            0.500         10.000      9.500                u_top/u_fixed/u_axil_reset/reset_pipe_reg[2]/C



---------------------------------------------------------------------------------------------------
From Clock:  axis_dma_clk
  To Clock:  axis_dma_clk

Setup :            0  Failing Endpoints,  Worst Slack        7.498ns,  Total Violation        0.000ns
Hold  :            0  Failing Endpoints,  Worst Slack        0.168ns,  Total Violation        0.000ns
PW    :            0  Failing Endpoints,  Worst Slack        4.500ns,  Total Violation        0.000ns
---------------------------------------------------------------------------------------------------


Max Delay Paths
--------------------------------------------------------------------------------------
Slack (MET) :             7.498ns  (required time - arrival time)
  Source:                 u_top/u_fixed/u_dma_adapter/abort_count_o_reg[1]/C
                            (rising edge-triggered cell FDRE clocked by axis_dma_clk  {rise@0.000ns fall@5.000ns period=10.000ns})
  Destination:            u_top/u_fixed/u_dma_adapter/abort_count_o_reg[31]/D
                            (rising edge-triggered cell FDRE clocked by axis_dma_clk  {rise@0.000ns fall@5.000ns period=10.000ns})
  Path Group:             axis_dma_clk
  Path Type:              Setup (Max at Slow Process Corner)
  Requirement:            10.000ns  (axis_dma_clk rise@10.000ns - axis_dma_clk rise@0.000ns)
  Data Path Delay:        2.424ns  (logic 1.729ns (71.328%)  route 0.695ns (28.672%))
  Logic Levels:           8  (CARRY4=8)
  Clock Path Skew:        -0.039ns (DCD - SCD + CPR)
    Destination Clock Delay (DCD):    0.748ns = ( 10.748 - 10.000 ) 
    Source Clock Delay      (SCD):    0.787ns
    Clock Pessimism Removal (CPR):    0.000ns
  Clock Uncertainty:      0.035ns  ((TSJ^2 + TIJ^2)^1/2 + DJ) / 2 + PE
    Total System Jitter     (TSJ):    0.071ns
    Total Input Jitter      (TIJ):    0.000ns
    Discrete Jitter          (DJ):    0.000ns
    Phase Error              (PE):    0.000ns

    Location             Delay type                Incr(ns)  Path(ns)    Netlist Resource(s)
  -------------------------------------------------------------------    -------------------
                         (clock axis_dma_clk rise edge)
                                                      0.000     0.000 r  
                                                      0.000     0.000 r  axis_dma_clk_i (IN)
                         net (fo=41, unset)           0.787     0.787    u_top/u_fixed/u_dma_adapter/axis_dma_clk_i
                         FDRE                                         r  u_top/u_fixed/u_dma_adapter/abort_count_o_reg[1]/C
  -------------------------------------------------------------------    -------------------
                         FDRE (Prop_fdre_C_Q)         0.303     1.090 r  u_top/u_fixed/u_dma_adapter/abort_count_o_reg[1]/Q
                         net (fo=2, unplaced)         0.687     1.777    u_top/u_fixed/u_dma_adapter/abort_count_o_reg[1]
                         CARRY4 (Prop_carry4_S[1]_CO[3])
                                                      0.549     2.326 r  u_top/u_fixed/u_dma_adapter/abort_count_o_reg[0]_i_1/CO[3]
                         net (fo=1, unplaced)         0.008     2.334    u_top/u_fixed/u_dma_adapter/abort_count_o_reg[0]_i_1_n_0
                         CARRY4 (Prop_carry4_CI_CO[3])
                                                      0.100     2.434 r  u_top/u_fixed/u_dma_adapter/abort_count_o_reg[4]_i_1/CO[3]
                         net (fo=1, unplaced)         0.000     2.434    u_top/u_fixed/u_dma_adapter/abort_count_o_reg[4]_i_1_n_0
                         CARRY4 (Prop_carry4_CI_CO[3])
                                                      0.100     2.534 r  u_top/u_fixed/u_dma_adapter/abort_count_o_reg[8]_i_1/CO[3]
                         net (fo=1, unplaced)         0.000     2.534    u_top/u_fixed/u_dma_adapter/abort_count_o_reg[8]_i_1_n_0
                         CARRY4 (Prop_carry4_CI_CO[3])
                                                      0.100     2.634 r  u_top/u_fixed/u_dma_adapter/abort_count_o_reg[12]_i_1/CO[3]
                         net (fo=1, unplaced)         0.000     2.634    u_top/u_fixed/u_dma_adapter/abort_count_o_reg[12]_i_1_n_0
                         CARRY4 (Prop_carry4_CI_CO[3])
                                                      0.100     2.734 r  u_top/u_fixed/u_dma_adapter/abort_count_o_reg[16]_i_1/CO[3]
                         net (fo=1, unplaced)         0.000     2.734    u_top/u_fixed/u_dma_adapter/abort_count_o_reg[16]_i_1_n_0
                         CARRY4 (Prop_carry4_CI_CO[3])
                                                      0.100     2.834 r  u_top/u_fixed/u_dma_adapter/abort_count_o_reg[20]_i_1/CO[3]
                         net (fo=1, unplaced)         0.000     2.834    u_top/u_fixed/u_dma_adapter/abort_count_o_reg[20]_i_1_n_0
                         CARRY4 (Prop_carry4_CI_CO[3])
                                                      0.100     2.934 r  u_top/u_fixed/u_dma_adapter/abort_count_o_reg[24]_i_1/CO[3]
                         net (fo=1, unplaced)         0.000     2.934    u_top/u_fixed/u_dma_adapter/abort_count_o_reg[24]_i_1_n_0
                         CARRY4 (Prop_carry4_CI_O[3])
                                                      0.277     3.211 r  u_top/u_fixed/u_dma_adapter/abort_count_o_reg[28]_i_1/O[3]
                         net (fo=1, unplaced)         0.000     3.211    u_top/u_fixed/u_dma_adapter/abort_count_o_reg[28]_i_1_n_4
                         FDRE                                         r  u_top/u_fixed/u_dma_adapter/abort_count_o_reg[31]/D
  -------------------------------------------------------------------    -------------------

                         (clock axis_dma_clk rise edge)
                                                     10.000    10.000 r  
                                                      0.000    10.000 r  axis_dma_clk_i (IN)
                         net (fo=41, unset)           0.748    10.748    u_top/u_fixed/u_dma_adapter/axis_dma_clk_i
                         FDRE                                         r  u_top/u_fixed/u_dma_adapter/abort_count_o_reg[31]/C
                         clock pessimism              0.000    10.748    
                         clock uncertainty           -0.035    10.712    
                         FDRE (Setup_fdre_C_D)       -0.003    10.709    u_top/u_fixed/u_dma_adapter/abort_count_o_reg[31]
  -------------------------------------------------------------------
                         required time                         10.709    
                         arrival time                          -3.211    
  -------------------------------------------------------------------
                         slack                                  7.498    

Slack (MET) :             7.506ns  (required time - arrival time)
  Source:                 u_top/u_fixed/u_dma_adapter/abort_count_o_reg[1]/C
                            (rising edge-triggered cell FDRE clocked by axis_dma_clk  {rise@0.000ns fall@5.000ns period=10.000ns})
  Destination:            u_top/u_fixed/u_dma_adapter/abort_count_o_reg[29]/D
                            (rising edge-triggered cell FDRE clocked by axis_dma_clk  {rise@0.000ns fall@5.000ns period=10.000ns})
  Path Group:             axis_dma_clk
  Path Type:              Setup (Max at Slow Process Corner)
  Requirement:            10.000ns  (axis_dma_clk rise@10.000ns - axis_dma_clk rise@0.000ns)
  Data Path Delay:        2.416ns  (logic 1.721ns (71.233%)  route 0.695ns (28.767%))
  Logic Levels:           8  (CARRY4=8)
  Clock Path Skew:        -0.039ns (DCD - SCD + CPR)
    Destination Clock Delay (DCD):    0.748ns = ( 10.748 - 10.000 ) 
    Source Clock Delay      (SCD):    0.787ns
    Clock Pessimism Removal (CPR):    0.000ns
  Clock Uncertainty:      0.035ns  ((TSJ^2 + TIJ^2)^1/2 + DJ) / 2 + PE
    Total System Jitter     (TSJ):    0.071ns
    Total Input Jitter      (TIJ):    0.000ns
    Discrete Jitter          (DJ):    0.000ns
    Phase Error              (PE):    0.000ns

    Location             Delay type                Incr(ns)  Path(ns)    Netlist Resource(s)
  -------------------------------------------------------------------    -------------------
                         (clock axis_dma_clk rise edge)
                                                      0.000     0.000 r  
                                                      0.000     0.000 r  axis_dma_clk_i (IN)
                         net (fo=41, unset)           0.787     0.787    u_top/u_fixed/u_dma_adapter/axis_dma_clk_i
                         FDRE                                         r  u_top/u_fixed/u_dma_adapter/abort_count_o_reg[1]/C
  -------------------------------------------------------------------    -------------------
                         FDRE (Prop_fdre_C_Q)         0.303     1.090 r  u_top/u_fixed/u_dma_adapter/abort_count_o_reg[1]/Q
                         net (fo=2, unplaced)         0.687     1.777    u_top/u_fixed/u_dma_adapter/abort_count_o_reg[1]
                         CARRY4 (Prop_carry4_S[1]_CO[3])
                                                      0.549     2.326 r  u_top/u_fixed/u_dma_adapter/abort_count_o_reg[0]_i_1/CO[3]
                         net (fo=1, unplaced)         0.008     2.334    u_top/u_fixed/u_dma_adapter/abort_count_o_reg[0]_i_1_n_0
                         CARRY4 (Prop_carry4_CI_CO[3])
                                                      0.100     2.434 r  u_top/u_fixed/u_dma_adapter/abort_count_o_reg[4]_i_1/CO[3]
                         net (fo=1, unplaced)         0.000     2.434    u_top/u_fixed/u_dma_adapter/abort_count_o_reg[4]_i_1_n_0
                         CARRY4 (Prop_carry4_CI_CO[3])
                                                      0.100     2.534 r  u_top/u_fixed/u_dma_adapter/abort_count_o_reg[8]_i_1/CO[3]
                         net (fo=1, unplaced)         0.000     2.534    u_top/u_fixed/u_dma_adapter/abort_count_o_reg[8]_i_1_n_0
                         CARRY4 (Prop_carry4_CI_CO[3])
                                                      0.100     2.634 r  u_top/u_fixed/u_dma_adapter/abort_count_o_reg[12]_i_1/CO[3]
                         net (fo=1, unplaced)         0.000     2.634    u_top/u_fixed/u_dma_adapter/abort_count_o_reg[12]_i_1_n_0
                         CARRY4 (Prop_carry4_CI_CO[3])
                                                      0.100     2.734 r  u_top/u_fixed/u_dma_adapter/abort_count_o_reg[16]_i_1/CO[3]
                         net (fo=1, unplaced)         0.000     2.734    u_top/u_fixed/u_dma_adapter/abort_count_o_reg[16]_i_1_n_0
                         CARRY4 (Prop_carry4_CI_CO[3])
                                                      0.100     2.834 r  u_top/u_fixed/u_dma_adapter/abort_count_o_reg[20]_i_1/CO[3]
                         net (fo=1, unplaced)         0.000     2.834    u_top/u_fixed/u_dma_adapter/abort_count_o_reg[20]_i_1_n_0
                         CARRY4 (Prop_carry4_CI_CO[3])
                                                      0.100     2.934 r  u_top/u_fixed/u_dma_adapter/abort_count_o_reg[24]_i_1/CO[3]
                         net (fo=1, unplaced)         0.000     2.934    u_top/u_fixed/u_dma_adapter/abort_count_o_reg[24]_i_1_n_0
                         CARRY4 (Prop_carry4_CI_O[1])
                                                      0.269     3.203 r  u_top/u_fixed/u_dma_adapter/abort_count_o_reg[28]_i_1/O[1]
                         net (fo=1, unplaced)         0.000     3.203    u_top/u_fixed/u_dma_adapter/abort_count_o_reg[28]_i_1_n_6
                         FDRE                                         r  u_top/u_fixed/u_dma_adapter/abort_count_o_reg[29]/D
  -------------------------------------------------------------------    -------------------

                         (clock axis_dma_clk rise edge)
                                                     10.000    10.000 r  
                                                      0.000    10.000 r  axis_dma_clk_i (IN)
                         net (fo=41, unset)           0.748    10.748    u_top/u_fixed/u_dma_adapter/axis_dma_clk_i
                         FDRE                                         r  u_top/u_fixed/u_dma_adapter/abort_count_o_reg[29]/C
                         clock pessimism              0.000    10.748    
                         clock uncertainty           -0.035    10.712    
                         FDRE (Setup_fdre_C_D)       -0.003    10.709    u_top/u_fixed/u_dma_adapter/abort_count_o_reg[29]
  -------------------------------------------------------------------
                         required time                         10.709    
                         arrival time                          -3.203    
  -------------------------------------------------------------------
                         slack                                  7.506    

Slack (MET) :             7.561ns  (required time - arrival time)
  Source:                 u_top/u_fixed/u_dma_adapter/abort_count_o_reg[1]/C
                            (rising edge-triggered cell FDRE clocked by axis_dma_clk  {rise@0.000ns fall@5.000ns period=10.000ns})
  Destination:            u_top/u_fixed/u_dma_adapter/abort_count_o_reg[30]/D
                            (rising edge-triggered cell FDRE clocked by axis_dma_clk  {rise@0.000ns fall@5.000ns period=10.000ns})
  Path Group:             axis_dma_clk
  Path Type:              Setup (Max at Slow Process Corner)
  Requirement:            10.000ns  (axis_dma_clk rise@10.000ns - axis_dma_clk rise@0.000ns)
  Data Path Delay:        2.361ns  (logic 1.666ns (70.563%)  route 0.695ns (29.437%))
  Logic Levels:           8  (CARRY4=8)
  Clock Path Skew:        -0.039ns (DCD - SCD + CPR)
    Destination Clock Delay (DCD):    0.748ns = ( 10.748 - 10.000 ) 
    Source Clock Delay      (SCD):    0.787ns
    Clock Pessimism Removal (CPR):    0.000ns
  Clock Uncertainty:      0.035ns  ((TSJ^2 + TIJ^2)^1/2 + DJ) / 2 + PE
    Total System Jitter     (TSJ):    0.071ns
    Total Input Jitter      (TIJ):    0.000ns
    Discrete Jitter          (DJ):    0.000ns
    Phase Error              (PE):    0.000ns

    Location             Delay type                Incr(ns)  Path(ns)    Netlist Resource(s)
  -------------------------------------------------------------------    -------------------
                         (clock axis_dma_clk rise edge)
                                                      0.000     0.000 r  
                                                      0.000     0.000 r  axis_dma_clk_i (IN)
                         net (fo=41, unset)           0.787     0.787    u_top/u_fixed/u_dma_adapter/axis_dma_clk_i
                         FDRE                                         r  u_top/u_fixed/u_dma_adapter/abort_count_o_reg[1]/C
  -------------------------------------------------------------------    -------------------
                         FDRE (Prop_fdre_C_Q)         0.303     1.090 r  u_top/u_fixed/u_dma_adapter/abort_count_o_reg[1]/Q
                         net (fo=2, unplaced)         0.687     1.777    u_top/u_fixed/u_dma_adapter/abort_count_o_reg[1]
                         CARRY4 (Prop_carry4_S[1]_CO[3])
                                                      0.549     2.326 r  u_top/u_fixed/u_dma_adapter/abort_count_o_reg[0]_i_1/CO[3]
                         net (fo=1, unplaced)         0.008     2.334    u_top/u_fixed/u_dma_adapter/abort_count_o_reg[0]_i_1_n_0
                         CARRY4 (Prop_carry4_CI_CO[3])
                                                      0.100     2.434 r  u_top/u_fixed/u_dma_adapter/abort_count_o_reg[4]_i_1/CO[3]
                         net (fo=1, unplaced)         0.000     2.434    u_top/u_fixed/u_dma_adapter/abort_count_o_reg[4]_i_1_n_0
                         CARRY4 (Prop_carry4_CI_CO[3])
                                                      0.100     2.534 r  u_top/u_fixed/u_dma_adapter/abort_count_o_reg[8]_i_1/CO[3]
                         net (fo=1, unplaced)         0.000     2.534    u_top/u_fixed/u_dma_adapter/abort_count_o_reg[8]_i_1_n_0
                         CARRY4 (Prop_carry4_CI_CO[3])
                                                      0.100     2.634 r  u_top/u_fixed/u_dma_adapter/abort_count_o_reg[12]_i_1/CO[3]
                         net (fo=1, unplaced)         0.000     2.634    u_top/u_fixed/u_dma_adapter/abort_count_o_reg[12]_i_1_n_0
                         CARRY4 (Prop_carry4_CI_CO[3])
                                                      0.100     2.734 r  u_top/u_fixed/u_dma_adapter/abort_count_o_reg[16]_i_1/CO[3]
                         net (fo=1, unplaced)         0.000     2.734    u_top/u_fixed/u_dma_adapter/abort_count_o_reg[16]_i_1_n_0
                         CARRY4 (Prop_carry4_CI_CO[3])
                                                      0.100     2.834 r  u_top/u_fixed/u_dma_adapter/abort_count_o_reg[20]_i_1/CO[3]
                         net (fo=1, unplaced)         0.000     2.834    u_top/u_fixed/u_dma_adapter/abort_count_o_reg[20]_i_1_n_0
                         CARRY4 (Prop_carry4_CI_CO[3])
                                                      0.100     2.934 r  u_top/u_fixed/u_dma_adapter/abort_count_o_reg[24]_i_1/CO[3]
                         net (fo=1, unplaced)         0.000     2.934    u_top/u_fixed/u_dma_adapter/abort_count_o_reg[24]_i_1_n_0
                         CARRY4 (Prop_carry4_CI_O[2])
                                                      0.214     3.148 r  u_top/u_fixed/u_dma_adapter/abort_count_o_reg[28]_i_1/O[2]
                         net (fo=1, unplaced)         0.000     3.148    u_top/u_fixed/u_dma_adapter/abort_count_o_reg[28]_i_1_n_5
                         FDRE                                         r  u_top/u_fixed/u_dma_adapter/abort_count_o_reg[30]/D
  -------------------------------------------------------------------    -------------------

                         (clock axis_dma_clk rise edge)
                                                     10.000    10.000 r  
                                                      0.000    10.000 r  axis_dma_clk_i (IN)
                         net (fo=41, unset)           0.748    10.748    u_top/u_fixed/u_dma_adapter/axis_dma_clk_i
                         FDRE                                         r  u_top/u_fixed/u_dma_adapter/abort_count_o_reg[30]/C
                         clock pessimism              0.000    10.748    
                         clock uncertainty           -0.035    10.712    
                         FDRE (Setup_fdre_C_D)       -0.003    10.709    u_top/u_fixed/u_dma_adapter/abort_count_o_reg[30]
  -------------------------------------------------------------------
                         required time                         10.709    
                         arrival time                          -3.148    
  -------------------------------------------------------------------
                         slack                                  7.561    

Slack (MET) :             7.586ns  (required time - arrival time)
  Source:                 u_top/u_fixed/u_dma_adapter/abort_count_o_reg[1]/C
                            (rising edge-triggered cell FDRE clocked by axis_dma_clk  {rise@0.000ns fall@5.000ns period=10.000ns})
  Destination:            u_top/u_fixed/u_dma_adapter/abort_count_o_reg[28]/D
                            (rising edge-triggered cell FDRE clocked by axis_dma_clk  {rise@0.000ns fall@5.000ns period=10.000ns})
  Path Group:             axis_dma_clk
  Path Type:              Setup (Max at Slow Process Corner)
  Requirement:            10.000ns  (axis_dma_clk rise@10.000ns - axis_dma_clk rise@0.000ns)
  Data Path Delay:        2.336ns  (logic 1.641ns (70.248%)  route 0.695ns (29.752%))
  Logic Levels:           8  (CARRY4=8)
  Clock Path Skew:        -0.039ns (DCD - SCD + CPR)
    Destination Clock Delay (DCD):    0.748ns = ( 10.748 - 10.000 ) 
    Source Clock Delay      (SCD):    0.787ns
    Clock Pessimism Removal (CPR):    0.000ns
  Clock Uncertainty:      0.035ns  ((TSJ^2 + TIJ^2)^1/2 + DJ) / 2 + PE
    Total System Jitter     (TSJ):    0.071ns
    Total Input Jitter      (TIJ):    0.000ns
    Discrete Jitter          (DJ):    0.000ns
    Phase Error              (PE):    0.000ns

    Location             Delay type                Incr(ns)  Path(ns)    Netlist Resource(s)
  -------------------------------------------------------------------    -------------------
                         (clock axis_dma_clk rise edge)
                                                      0.000     0.000 r  
                                                      0.000     0.000 r  axis_dma_clk_i (IN)
                         net (fo=41, unset)           0.787     0.787    u_top/u_fixed/u_dma_adapter/axis_dma_clk_i
                         FDRE                                         r  u_top/u_fixed/u_dma_adapter/abort_count_o_reg[1]/C
  -------------------------------------------------------------------    -------------------
                         FDRE (Prop_fdre_C_Q)         0.303     1.090 r  u_top/u_fixed/u_dma_adapter/abort_count_o_reg[1]/Q
                         net (fo=2, unplaced)         0.687     1.777    u_top/u_fixed/u_dma_adapter/abort_count_o_reg[1]
                         CARRY4 (Prop_carry4_S[1]_CO[3])
                                                      0.549     2.326 r  u_top/u_fixed/u_dma_adapter/abort_count_o_reg[0]_i_1/CO[3]
                         net (fo=1, unplaced)         0.008     2.334    u_top/u_fixed/u_dma_adapter/abort_count_o_reg[0]_i_1_n_0
                         CARRY4 (Prop_carry4_CI_CO[3])
                                                      0.100     2.434 r  u_top/u_fixed/u_dma_adapter/abort_count_o_reg[4]_i_1/CO[3]
                         net (fo=1, unplaced)         0.000     2.434    u_top/u_fixed/u_dma_adapter/abort_count_o_reg[4]_i_1_n_0
                         CARRY4 (Prop_carry4_CI_CO[3])
                                                      0.100     2.534 r  u_top/u_fixed/u_dma_adapter/abort_count_o_reg[8]_i_1/CO[3]
                         net (fo=1, unplaced)         0.000     2.534    u_top/u_fixed/u_dma_adapter/abort_count_o_reg[8]_i_1_n_0
                         CARRY4 (Prop_carry4_CI_CO[3])
                                                      0.100     2.634 r  u_top/u_fixed/u_dma_adapter/abort_count_o_reg[12]_i_1/CO[3]
                         net (fo=1, unplaced)         0.000     2.634    u_top/u_fixed/u_dma_adapter/abort_count_o_reg[12]_i_1_n_0
                         CARRY4 (Prop_carry4_CI_CO[3])
                                                      0.100     2.734 r  u_top/u_fixed/u_dma_adapter/abort_count_o_reg[16]_i_1/CO[3]
                         net (fo=1, unplaced)         0.000     2.734    u_top/u_fixed/u_dma_adapter/abort_count_o_reg[16]_i_1_n_0
                         CARRY4 (Prop_carry4_CI_CO[3])
                                                      0.100     2.834 r  u_top/u_fixed/u_dma_adapter/abort_count_o_reg[20]_i_1/CO[3]
                         net (fo=1, unplaced)         0.000     2.834    u_top/u_fixed/u_dma_adapter/abort_count_o_reg[20]_i_1_n_0
                         CARRY4 (Prop_carry4_CI_CO[3])
                                                      0.100     2.934 r  u_top/u_fixed/u_dma_adapter/abort_count_o_reg[24]_i_1/CO[3]
                         net (fo=1, unplaced)         0.000     2.934    u_top/u_fixed/u_dma_adapter/abort_count_o_reg[24]_i_1_n_0
                         CARRY4 (Prop_carry4_CI_O[0])
                                                      0.189     3.123 r  u_top/u_fixed/u_dma_adapter/abort_count_o_reg[28]_i_1/O[0]
                         net (fo=1, unplaced)         0.000     3.123    u_top/u_fixed/u_dma_adapter/abort_count_o_reg[28]_i_1_n_7
                         FDRE                                         r  u_top/u_fixed/u_dma_adapter/abort_count_o_reg[28]/D
  -------------------------------------------------------------------    -------------------

                         (clock axis_dma_clk rise edge)
                                                     10.000    10.000 r  
                                                      0.000    10.000 r  axis_dma_clk_i (IN)
                         net (fo=41, unset)           0.748    10.748    u_top/u_fixed/u_dma_adapter/axis_dma_clk_i
                         FDRE                                         r  u_top/u_fixed/u_dma_adapter/abort_count_o_reg[28]/C
                         clock pessimism              0.000    10.748    
                         clock uncertainty           -0.035    10.712    
                         FDRE (Setup_fdre_C_D)       -0.003    10.709    u_top/u_fixed/u_dma_adapter/abort_count_o_reg[28]
  -------------------------------------------------------------------
                         required time                         10.709    
                         arrival time                          -3.123    
  -------------------------------------------------------------------
                         slack                                  7.586    

Slack (MET) :             7.598ns  (required time - arrival time)
  Source:                 u_top/u_fixed/u_dma_adapter/abort_count_o_reg[1]/C
                            (rising edge-triggered cell FDRE clocked by axis_dma_clk  {rise@0.000ns fall@5.000ns period=10.000ns})
  Destination:            u_top/u_fixed/u_dma_adapter/abort_count_o_reg[27]/D
                            (rising edge-triggered cell FDRE clocked by axis_dma_clk  {rise@0.000ns fall@5.000ns period=10.000ns})
  Path Group:             axis_dma_clk
  Path Type:              Setup (Max at Slow Process Corner)
  Requirement:            10.000ns  (axis_dma_clk rise@10.000ns - axis_dma_clk rise@0.000ns)
  Data Path Delay:        2.324ns  (logic 1.629ns (70.095%)  route 0.695ns (29.905%))
  Logic Levels:           7  (CARRY4=7)
  Clock Path Skew:        -0.039ns (DCD - SCD + CPR)
    Destination Clock Delay (DCD):    0.748ns = ( 10.748 - 10.000 ) 
    Source Clock Delay      (SCD):    0.787ns
    Clock Pessimism Removal (CPR):    0.000ns
  Clock Uncertainty:      0.035ns  ((TSJ^2 + TIJ^2)^1/2 + DJ) / 2 + PE
    Total System Jitter     (TSJ):    0.071ns
    Total Input Jitter      (TIJ):    0.000ns
    Discrete Jitter          (DJ):    0.000ns
    Phase Error              (PE):    0.000ns

    Location             Delay type                Incr(ns)  Path(ns)    Netlist Resource(s)
  -------------------------------------------------------------------    -------------------
                         (clock axis_dma_clk rise edge)
                                                      0.000     0.000 r  
                                                      0.000     0.000 r  axis_dma_clk_i (IN)
                         net (fo=41, unset)           0.787     0.787    u_top/u_fixed/u_dma_adapter/axis_dma_clk_i
                         FDRE                                         r  u_top/u_fixed/u_dma_adapter/abort_count_o_reg[1]/C
  -------------------------------------------------------------------    -------------------
                         FDRE (Prop_fdre_C_Q)         0.303     1.090 r  u_top/u_fixed/u_dma_adapter/abort_count_o_reg[1]/Q
                         net (fo=2, unplaced)         0.687     1.777    u_top/u_fixed/u_dma_adapter/abort_count_o_reg[1]
                         CARRY4 (Prop_carry4_S[1]_CO[3])
                                                      0.549     2.326 r  u_top/u_fixed/u_dma_adapter/abort_count_o_reg[0]_i_1/CO[3]
                         net (fo=1, unplaced)         0.008     2.334    u_top/u_fixed/u_dma_adapter/abort_count_o_reg[0]_i_1_n_0
                         CARRY4 (Prop_carry4_CI_CO[3])
                                                      0.100     2.434 r  u_top/u_fixed/u_dma_adapter/abort_count_o_reg[4]_i_1/CO[3]
                         net (fo=1, unplaced)         0.000     2.434    u_top/u_fixed/u_dma_adapter/abort_count_o_reg[4]_i_1_n_0
                         CARRY4 (Prop_carry4_CI_CO[3])
                                                      0.100     2.534 r  u_top/u_fixed/u_dma_adapter/abort_count_o_reg[8]_i_1/CO[3]
                         net (fo=1, unplaced)         0.000     2.534    u_top/u_fixed/u_dma_adapter/abort_count_o_reg[8]_i_1_n_0
                         CARRY4 (Prop_carry4_CI_CO[3])
                                                      0.100     2.634 r  u_top/u_fixed/u_dma_adapter/abort_count_o_reg[12]_i_1/CO[3]
                         net (fo=1, unplaced)         0.000     2.634    u_top/u_fixed/u_dma_adapter/abort_count_o_reg[12]_i_1_n_0
                         CARRY4 (Prop_carry4_CI_CO[3])
                                                      0.100     2.734 r  u_top/u_fixed/u_dma_adapter/abort_count_o_reg[16]_i_1/CO[3]
                         net (fo=1, unplaced)         0.000     2.734    u_top/u_fixed/u_dma_adapter/abort_count_o_reg[16]_i_1_n_0
                         CARRY4 (Prop_carry4_CI_CO[3])
                                                      0.100     2.834 r  u_top/u_fixed/u_dma_adapter/abort_count_o_reg[20]_i_1/CO[3]
                         net (fo=1, unplaced)         0.000     2.834    u_top/u_fixed/u_dma_adapter/abort_count_o_reg[20]_i_1_n_0
                         CARRY4 (Prop_carry4_CI_O[3])
                                                      0.277     3.111 r  u_top/u_fixed/u_dma_adapter/abort_count_o_reg[24]_i_1/O[3]
                         net (fo=1, unplaced)         0.000     3.111    u_top/u_fixed/u_dma_adapter/abort_count_o_reg[24]_i_1_n_4
                         FDRE                                         r  u_top/u_fixed/u_dma_adapter/abort_count_o_reg[27]/D
  -------------------------------------------------------------------    -------------------

                         (clock axis_dma_clk rise edge)
                                                     10.000    10.000 r  
                                                      0.000    10.000 r  axis_dma_clk_i (IN)
                         net (fo=41, unset)           0.748    10.748    u_top/u_fixed/u_dma_adapter/axis_dma_clk_i
                         FDRE                                         r  u_top/u_fixed/u_dma_adapter/abort_count_o_reg[27]/C
                         clock pessimism              0.000    10.748    
                         clock uncertainty           -0.035    10.712    
                         FDRE (Setup_fdre_C_D)       -0.003    10.709    u_top/u_fixed/u_dma_adapter/abort_count_o_reg[27]
  -------------------------------------------------------------------
                         required time                         10.709    
                         arrival time                          -3.111    
  -------------------------------------------------------------------
                         slack                                  7.598    

Slack (MET) :             7.606ns  (required time - arrival time)
  Source:                 u_top/u_fixed/u_dma_adapter/abort_count_o_reg[1]/C
                            (rising edge-triggered cell FDRE clocked by axis_dma_clk  {rise@0.000ns fall@5.000ns period=10.000ns})
  Destination:            u_top/u_fixed/u_dma_adapter/abort_count_o_reg[25]/D
                            (rising edge-triggered cell FDRE clocked by axis_dma_clk  {rise@0.000ns fall@5.000ns period=10.000ns})
  Path Group:             axis_dma_clk
  Path Type:              Setup (Max at Slow Process Corner)
  Requirement:            10.000ns  (axis_dma_clk rise@10.000ns - axis_dma_clk rise@0.000ns)
  Data Path Delay:        2.316ns  (logic 1.621ns (69.991%)  route 0.695ns (30.009%))
  Logic Levels:           7  (CARRY4=7)
  Clock Path Skew:        -0.039ns (DCD - SCD + CPR)
    Destination Clock Delay (DCD):    0.748ns = ( 10.748 - 10.000 ) 
    Source Clock Delay      (SCD):    0.787ns
    Clock Pessimism Removal (CPR):    0.000ns
  Clock Uncertainty:      0.035ns  ((TSJ^2 + TIJ^2)^1/2 + DJ) / 2 + PE
    Total System Jitter     (TSJ):    0.071ns
    Total Input Jitter      (TIJ):    0.000ns
    Discrete Jitter          (DJ):    0.000ns
    Phase Error              (PE):    0.000ns

    Location             Delay type                Incr(ns)  Path(ns)    Netlist Resource(s)
  -------------------------------------------------------------------    -------------------
                         (clock axis_dma_clk rise edge)
                                                      0.000     0.000 r  
                                                      0.000     0.000 r  axis_dma_clk_i (IN)
                         net (fo=41, unset)           0.787     0.787    u_top/u_fixed/u_dma_adapter/axis_dma_clk_i
                         FDRE                                         r  u_top/u_fixed/u_dma_adapter/abort_count_o_reg[1]/C
  -------------------------------------------------------------------    -------------------
                         FDRE (Prop_fdre_C_Q)         0.303     1.090 r  u_top/u_fixed/u_dma_adapter/abort_count_o_reg[1]/Q
                         net (fo=2, unplaced)         0.687     1.777    u_top/u_fixed/u_dma_adapter/abort_count_o_reg[1]
                         CARRY4 (Prop_carry4_S[1]_CO[3])
                                                      0.549     2.326 r  u_top/u_fixed/u_dma_adapter/abort_count_o_reg[0]_i_1/CO[3]
                         net (fo=1, unplaced)         0.008     2.334    u_top/u_fixed/u_dma_adapter/abort_count_o_reg[0]_i_1_n_0
                         CARRY4 (Prop_carry4_CI_CO[3])
                                                      0.100     2.434 r  u_top/u_fixed/u_dma_adapter/abort_count_o_reg[4]_i_1/CO[3]
                         net (fo=1, unplaced)         0.000     2.434    u_top/u_fixed/u_dma_adapter/abort_count_o_reg[4]_i_1_n_0
                         CARRY4 (Prop_carry4_CI_CO[3])
                                                      0.100     2.534 r  u_top/u_fixed/u_dma_adapter/abort_count_o_reg[8]_i_1/CO[3]
                         net (fo=1, unplaced)         0.000     2.534    u_top/u_fixed/u_dma_adapter/abort_count_o_reg[8]_i_1_n_0
                         CARRY4 (Prop_carry4_CI_CO[3])
                                                      0.100     2.634 r  u_top/u_fixed/u_dma_adapter/abort_count_o_reg[12]_i_1/CO[3]
                         net (fo=1, unplaced)         0.000     2.634    u_top/u_fixed/u_dma_adapter/abort_count_o_reg[12]_i_1_n_0
                         CARRY4 (Prop_carry4_CI_CO[3])
                                                      0.100     2.734 r  u_top/u_fixed/u_dma_adapter/abort_count_o_reg[16]_i_1/CO[3]
                         net (fo=1, unplaced)         0.000     2.734    u_top/u_fixed/u_dma_adapter/abort_count_o_reg[16]_i_1_n_0
                         CARRY4 (Prop_carry4_CI_CO[3])
                                                      0.100     2.834 r  u_top/u_fixed/u_dma_adapter/abort_count_o_reg[20]_i_1/CO[3]
                         net (fo=1, unplaced)         0.000     2.834    u_top/u_fixed/u_dma_adapter/abort_count_o_reg[20]_i_1_n_0
                         CARRY4 (Prop_carry4_CI_O[1])
                                                      0.269     3.103 r  u_top/u_fixed/u_dma_adapter/abort_count_o_reg[24]_i_1/O[1]
                         net (fo=1, unplaced)         0.000     3.103    u_top/u_fixed/u_dma_adapter/abort_count_o_reg[24]_i_1_n_6
                         FDRE                                         r  u_top/u_fixed/u_dma_adapter/abort_count_o_reg[25]/D
  -------------------------------------------------------------------    -------------------

                         (clock axis_dma_clk rise edge)
                                                     10.000    10.000 r  
                                                      0.000    10.000 r  axis_dma_clk_i (IN)
                         net (fo=41, unset)           0.748    10.748    u_top/u_fixed/u_dma_adapter/axis_dma_clk_i
                         FDRE                                         r  u_top/u_fixed/u_dma_adapter/abort_count_o_reg[25]/C
                         clock pessimism              0.000    10.748    
                         clock uncertainty           -0.035    10.712    
                         FDRE (Setup_fdre_C_D)       -0.003    10.709    u_top/u_fixed/u_dma_adapter/abort_count_o_reg[25]
  -------------------------------------------------------------------
                         required time                         10.709    
                         arrival time                          -3.103    
  -------------------------------------------------------------------
                         slack                                  7.606    

Slack (MET) :             7.661ns  (required time - arrival time)
  Source:                 u_top/u_fixed/u_dma_adapter/abort_count_o_reg[1]/C
                            (rising edge-triggered cell FDRE clocked by axis_dma_clk  {rise@0.000ns fall@5.000ns period=10.000ns})
  Destination:            u_top/u_fixed/u_dma_adapter/abort_count_o_reg[26]/D
                            (rising edge-triggered cell FDRE clocked by axis_dma_clk  {rise@0.000ns fall@5.000ns period=10.000ns})
  Path Group:             axis_dma_clk
  Path Type:              Setup (Max at Slow Process Corner)
  Requirement:            10.000ns  (axis_dma_clk rise@10.000ns - axis_dma_clk rise@0.000ns)
  Data Path Delay:        2.261ns  (logic 1.566ns (69.261%)  route 0.695ns (30.739%))
  Logic Levels:           7  (CARRY4=7)
  Clock Path Skew:        -0.039ns (DCD - SCD + CPR)
    Destination Clock Delay (DCD):    0.748ns = ( 10.748 - 10.000 ) 
    Source Clock Delay      (SCD):    0.787ns
    Clock Pessimism Removal (CPR):    0.000ns
  Clock Uncertainty:      0.035ns  ((TSJ^2 + TIJ^2)^1/2 + DJ) / 2 + PE
    Total System Jitter     (TSJ):    0.071ns
    Total Input Jitter      (TIJ):    0.000ns
    Discrete Jitter          (DJ):    0.000ns
    Phase Error              (PE):    0.000ns

    Location             Delay type                Incr(ns)  Path(ns)    Netlist Resource(s)
  -------------------------------------------------------------------    -------------------
                         (clock axis_dma_clk rise edge)
                                                      0.000     0.000 r  
                                                      0.000     0.000 r  axis_dma_clk_i (IN)
                         net (fo=41, unset)           0.787     0.787    u_top/u_fixed/u_dma_adapter/axis_dma_clk_i
                         FDRE                                         r  u_top/u_fixed/u_dma_adapter/abort_count_o_reg[1]/C
  -------------------------------------------------------------------    -------------------
                         FDRE (Prop_fdre_C_Q)         0.303     1.090 r  u_top/u_fixed/u_dma_adapter/abort_count_o_reg[1]/Q
                         net (fo=2, unplaced)         0.687     1.777    u_top/u_fixed/u_dma_adapter/abort_count_o_reg[1]
                         CARRY4 (Prop_carry4_S[1]_CO[3])
                                                      0.549     2.326 r  u_top/u_fixed/u_dma_adapter/abort_count_o_reg[0]_i_1/CO[3]
                         net (fo=1, unplaced)         0.008     2.334    u_top/u_fixed/u_dma_adapter/abort_count_o_reg[0]_i_1_n_0
                         CARRY4 (Prop_carry4_CI_CO[3])
                                                      0.100     2.434 r  u_top/u_fixed/u_dma_adapter/abort_count_o_reg[4]_i_1/CO[3]
                         net (fo=1, unplaced)         0.000     2.434    u_top/u_fixed/u_dma_adapter/abort_count_o_reg[4]_i_1_n_0
                         CARRY4 (Prop_carry4_CI_CO[3])
                                                      0.100     2.534 r  u_top/u_fixed/u_dma_adapter/abort_count_o_reg[8]_i_1/CO[3]
                         net (fo=1, unplaced)         0.000     2.534    u_top/u_fixed/u_dma_adapter/abort_count_o_reg[8]_i_1_n_0
                         CARRY4 (Prop_carry4_CI_CO[3])
                                                      0.100     2.634 r  u_top/u_fixed/u_dma_adapter/abort_count_o_reg[12]_i_1/CO[3]
                         net (fo=1, unplaced)         0.000     2.634    u_top/u_fixed/u_dma_adapter/abort_count_o_reg[12]_i_1_n_0
                         CARRY4 (Prop_carry4_CI_CO[3])
                                                      0.100     2.734 r  u_top/u_fixed/u_dma_adapter/abort_count_o_reg[16]_i_1/CO[3]
                         net (fo=1, unplaced)         0.000     2.734    u_top/u_fixed/u_dma_adapter/abort_count_o_reg[16]_i_1_n_0
                         CARRY4 (Prop_carry4_CI_CO[3])
                                                      0.100     2.834 r  u_top/u_fixed/u_dma_adapter/abort_count_o_reg[20]_i_1/CO[3]
                         net (fo=1, unplaced)         0.000     2.834    u_top/u_fixed/u_dma_adapter/abort_count_o_reg[20]_i_1_n_0
                         CARRY4 (Prop_carry4_CI_O[2])
                                                      0.214     3.048 r  u_top/u_fixed/u_dma_adapter/abort_count_o_reg[24]_i_1/O[2]
                         net (fo=1, unplaced)         0.000     3.048    u_top/u_fixed/u_dma_adapter/abort_count_o_reg[24]_i_1_n_5
                         FDRE                                         r  u_top/u_fixed/u_dma_adapter/abort_count_o_reg[26]/D
  -------------------------------------------------------------------    -------------------

                         (clock axis_dma_clk rise edge)
                                                     10.000    10.000 r  
                                                      0.000    10.000 r  axis_dma_clk_i (IN)
                         net (fo=41, unset)           0.748    10.748    u_top/u_fixed/u_dma_adapter/axis_dma_clk_i
                         FDRE                                         r  u_top/u_fixed/u_dma_adapter/abort_count_o_reg[26]/C
                         clock pessimism              0.000    10.748    
                         clock uncertainty           -0.035    10.712    
                         FDRE (Setup_fdre_C_D)       -0.003    10.709    u_top/u_fixed/u_dma_adapter/abort_count_o_reg[26]
  -------------------------------------------------------------------
                         required time                         10.709    
                         arrival time                          -3.048    
  -------------------------------------------------------------------
                         slack                                  7.661    

Slack (MET) :             7.686ns  (required time - arrival time)
  Source:                 u_top/u_fixed/u_dma_adapter/abort_count_o_reg[1]/C
                            (rising edge-triggered cell FDRE clocked by axis_dma_clk  {rise@0.000ns fall@5.000ns period=10.000ns})
  Destination:            u_top/u_fixed/u_dma_adapter/abort_count_o_reg[24]/D
                            (rising edge-triggered cell FDRE clocked by axis_dma_clk  {rise@0.000ns fall@5.000ns period=10.000ns})
  Path Group:             axis_dma_clk
  Path Type:              Setup (Max at Slow Process Corner)
  Requirement:            10.000ns  (axis_dma_clk rise@10.000ns - axis_dma_clk rise@0.000ns)
  Data Path Delay:        2.236ns  (logic 1.541ns (68.918%)  route 0.695ns (31.082%))
  Logic Levels:           7  (CARRY4=7)
  Clock Path Skew:        -0.039ns (DCD - SCD + CPR)
    Destination Clock Delay (DCD):    0.748ns = ( 10.748 - 10.000 ) 
    Source Clock Delay      (SCD):    0.787ns
    Clock Pessimism Removal (CPR):    0.000ns
  Clock Uncertainty:      0.035ns  ((TSJ^2 + TIJ^2)^1/2 + DJ) / 2 + PE
    Total System Jitter     (TSJ):    0.071ns
    Total Input Jitter      (TIJ):    0.000ns
    Discrete Jitter          (DJ):    0.000ns
    Phase Error              (PE):    0.000ns

    Location             Delay type                Incr(ns)  Path(ns)    Netlist Resource(s)
  -------------------------------------------------------------------    -------------------
                         (clock axis_dma_clk rise edge)
                                                      0.000     0.000 r  
                                                      0.000     0.000 r  axis_dma_clk_i (IN)
                         net (fo=41, unset)           0.787     0.787    u_top/u_fixed/u_dma_adapter/axis_dma_clk_i
                         FDRE                                         r  u_top/u_fixed/u_dma_adapter/abort_count_o_reg[1]/C
  -------------------------------------------------------------------    -------------------
                         FDRE (Prop_fdre_C_Q)         0.303     1.090 r  u_top/u_fixed/u_dma_adapter/abort_count_o_reg[1]/Q
                         net (fo=2, unplaced)         0.687     1.777    u_top/u_fixed/u_dma_adapter/abort_count_o_reg[1]
                         CARRY4 (Prop_carry4_S[1]_CO[3])
                                                      0.549     2.326 r  u_top/u_fixed/u_dma_adapter/abort_count_o_reg[0]_i_1/CO[3]
                         net (fo=1, unplaced)         0.008     2.334    u_top/u_fixed/u_dma_adapter/abort_count_o_reg[0]_i_1_n_0
                         CARRY4 (Prop_carry4_CI_CO[3])
                                                      0.100     2.434 r  u_top/u_fixed/u_dma_adapter/abort_count_o_reg[4]_i_1/CO[3]
                         net (fo=1, unplaced)         0.000     2.434    u_top/u_fixed/u_dma_adapter/abort_count_o_reg[4]_i_1_n_0
                         CARRY4 (Prop_carry4_CI_CO[3])
                                                      0.100     2.534 r  u_top/u_fixed/u_dma_adapter/abort_count_o_reg[8]_i_1/CO[3]
                         net (fo=1, unplaced)         0.000     2.534    u_top/u_fixed/u_dma_adapter/abort_count_o_reg[8]_i_1_n_0
                         CARRY4 (Prop_carry4_CI_CO[3])
                                                      0.100     2.634 r  u_top/u_fixed/u_dma_adapter/abort_count_o_reg[12]_i_1/CO[3]
                         net (fo=1, unplaced)         0.000     2.634    u_top/u_fixed/u_dma_adapter/abort_count_o_reg[12]_i_1_n_0
                         CARRY4 (Prop_carry4_CI_CO[3])
                                                      0.100     2.734 r  u_top/u_fixed/u_dma_adapter/abort_count_o_reg[16]_i_1/CO[3]
                         net (fo=1, unplaced)         0.000     2.734    u_top/u_fixed/u_dma_adapter/abort_count_o_reg[16]_i_1_n_0
                         CARRY4 (Prop_carry4_CI_CO[3])
                                                      0.100     2.834 r  u_top/u_fixed/u_dma_adapter/abort_count_o_reg[20]_i_1/CO[3]
                         net (fo=1, unplaced)         0.000     2.834    u_top/u_fixed/u_dma_adapter/abort_count_o_reg[20]_i_1_n_0
                         CARRY4 (Prop_carry4_CI_O[0])
                                                      0.189     3.023 r  u_top/u_fixed/u_dma_adapter/abort_count_o_reg[24]_i_1/O[0]
                         net (fo=1, unplaced)         0.000     3.023    u_top/u_fixed/u_dma_adapter/abort_count_o_reg[24]_i_1_n_7
                         FDRE                                         r  u_top/u_fixed/u_dma_adapter/abort_count_o_reg[24]/D
  -------------------------------------------------------------------    -------------------

                         (clock axis_dma_clk rise edge)
                                                     10.000    10.000 r  
                                                      0.000    10.000 r  axis_dma_clk_i (IN)
                         net (fo=41, unset)           0.748    10.748    u_top/u_fixed/u_dma_adapter/axis_dma_clk_i
                         FDRE                                         r  u_top/u_fixed/u_dma_adapter/abort_count_o_reg[24]/C
                         clock pessimism              0.000    10.748    
                         clock uncertainty           -0.035    10.712    
                         FDRE (Setup_fdre_C_D)       -0.003    10.709    u_top/u_fixed/u_dma_adapter/abort_count_o_reg[24]
  -------------------------------------------------------------------
                         required time                         10.709    
                         arrival time                          -3.023    
  -------------------------------------------------------------------
                         slack                                  7.686    

Slack (MET) :             7.698ns  (required time - arrival time)
  Source:                 u_top/u_fixed/u_dma_adapter/abort_count_o_reg[1]/C
                            (rising edge-triggered cell FDRE clocked by axis_dma_clk  {rise@0.000ns fall@5.000ns period=10.000ns})
  Destination:            u_top/u_fixed/u_dma_adapter/abort_count_o_reg[23]/D
                            (rising edge-triggered cell FDRE clocked by axis_dma_clk  {rise@0.000ns fall@5.000ns period=10.000ns})
  Path Group:             axis_dma_clk
  Path Type:              Setup (Max at Slow Process Corner)
  Requirement:            10.000ns  (axis_dma_clk rise@10.000ns - axis_dma_clk rise@0.000ns)
  Data Path Delay:        2.224ns  (logic 1.529ns (68.750%)  route 0.695ns (31.250%))
  Logic Levels:           6  (CARRY4=6)
  Clock Path Skew:        -0.039ns (DCD - SCD + CPR)
    Destination Clock Delay (DCD):    0.748ns = ( 10.748 - 10.000 ) 
    Source Clock Delay      (SCD):    0.787ns
    Clock Pessimism Removal (CPR):    0.000ns
  Clock Uncertainty:      0.035ns  ((TSJ^2 + TIJ^2)^1/2 + DJ) / 2 + PE
    Total System Jitter     (TSJ):    0.071ns
    Total Input Jitter      (TIJ):    0.000ns
    Discrete Jitter          (DJ):    0.000ns
    Phase Error              (PE):    0.000ns

    Location             Delay type                Incr(ns)  Path(ns)    Netlist Resource(s)
  -------------------------------------------------------------------    -------------------
                         (clock axis_dma_clk rise edge)
                                                      0.000     0.000 r  
                                                      0.000     0.000 r  axis_dma_clk_i (IN)
                         net (fo=41, unset)           0.787     0.787    u_top/u_fixed/u_dma_adapter/axis_dma_clk_i
                         FDRE                                         r  u_top/u_fixed/u_dma_adapter/abort_count_o_reg[1]/C
  -------------------------------------------------------------------    -------------------
                         FDRE (Prop_fdre_C_Q)         0.303     1.090 r  u_top/u_fixed/u_dma_adapter/abort_count_o_reg[1]/Q
                         net (fo=2, unplaced)         0.687     1.777    u_top/u_fixed/u_dma_adapter/abort_count_o_reg[1]
                         CARRY4 (Prop_carry4_S[1]_CO[3])
                                                      0.549     2.326 r  u_top/u_fixed/u_dma_adapter/abort_count_o_reg[0]_i_1/CO[3]
                         net (fo=1, unplaced)         0.008     2.334    u_top/u_fixed/u_dma_adapter/abort_count_o_reg[0]_i_1_n_0
                         CARRY4 (Prop_carry4_CI_CO[3])
                                                      0.100     2.434 r  u_top/u_fixed/u_dma_adapter/abort_count_o_reg[4]_i_1/CO[3]
                         net (fo=1, unplaced)         0.000     2.434    u_top/u_fixed/u_dma_adapter/abort_count_o_reg[4]_i_1_n_0
                         CARRY4 (Prop_carry4_CI_CO[3])
                                                      0.100     2.534 r  u_top/u_fixed/u_dma_adapter/abort_count_o_reg[8]_i_1/CO[3]
                         net (fo=1, unplaced)         0.000     2.534    u_top/u_fixed/u_dma_adapter/abort_count_o_reg[8]_i_1_n_0
                         CARRY4 (Prop_carry4_CI_CO[3])
                                                      0.100     2.634 r  u_top/u_fixed/u_dma_adapter/abort_count_o_reg[12]_i_1/CO[3]
                         net (fo=1, unplaced)         0.000     2.634    u_top/u_fixed/u_dma_adapter/abort_count_o_reg[12]_i_1_n_0
                         CARRY4 (Prop_carry4_CI_CO[3])
                                                      0.100     2.734 r  u_top/u_fixed/u_dma_adapter/abort_count_o_reg[16]_i_1/CO[3]
                         net (fo=1, unplaced)         0.000     2.734    u_top/u_fixed/u_dma_adapter/abort_count_o_reg[16]_i_1_n_0
                         CARRY4 (Prop_carry4_CI_O[3])
                                                      0.277     3.011 r  u_top/u_fixed/u_dma_adapter/abort_count_o_reg[20]_i_1/O[3]
                         net (fo=1, unplaced)         0.000     3.011    u_top/u_fixed/u_dma_adapter/abort_count_o_reg[20]_i_1_n_4
                         FDRE                                         r  u_top/u_fixed/u_dma_adapter/abort_count_o_reg[23]/D
  -------------------------------------------------------------------    -------------------

                         (clock axis_dma_clk rise edge)
                                                     10.000    10.000 r  
                                                      0.000    10.000 r  axis_dma_clk_i (IN)
                         net (fo=41, unset)           0.748    10.748    u_top/u_fixed/u_dma_adapter/axis_dma_clk_i
                         FDRE                                         r  u_top/u_fixed/u_dma_adapter/abort_count_o_reg[23]/C
                         clock pessimism              0.000    10.748    
                         clock uncertainty           -0.035    10.712    
                         FDRE (Setup_fdre_C_D)       -0.003    10.709    u_top/u_fixed/u_dma_adapter/abort_count_o_reg[23]
  -------------------------------------------------------------------
                         required time                         10.709    
                         arrival time                          -3.011    
  -------------------------------------------------------------------
                         slack                                  7.698    

Slack (MET) :             7.706ns  (required time - arrival time)
  Source:                 u_top/u_fixed/u_dma_adapter/abort_count_o_reg[1]/C
                            (rising edge-triggered cell FDRE clocked by axis_dma_clk  {rise@0.000ns fall@5.000ns period=10.000ns})
  Destination:            u_top/u_fixed/u_dma_adapter/abort_count_o_reg[21]/D
                            (rising edge-triggered cell FDRE clocked by axis_dma_clk  {rise@0.000ns fall@5.000ns period=10.000ns})
  Path Group:             axis_dma_clk
  Path Type:              Setup (Max at Slow Process Corner)
  Requirement:            10.000ns  (axis_dma_clk rise@10.000ns - axis_dma_clk rise@0.000ns)
  Data Path Delay:        2.216ns  (logic 1.521ns (68.637%)  route 0.695ns (31.363%))
  Logic Levels:           6  (CARRY4=6)
  Clock Path Skew:        -0.039ns (DCD - SCD + CPR)
    Destination Clock Delay (DCD):    0.748ns = ( 10.748 - 10.000 ) 
    Source Clock Delay      (SCD):    0.787ns
    Clock Pessimism Removal (CPR):    0.000ns
  Clock Uncertainty:      0.035ns  ((TSJ^2 + TIJ^2)^1/2 + DJ) / 2 + PE
    Total System Jitter     (TSJ):    0.071ns
    Total Input Jitter      (TIJ):    0.000ns
    Discrete Jitter          (DJ):    0.000ns
    Phase Error              (PE):    0.000ns

    Location             Delay type                Incr(ns)  Path(ns)    Netlist Resource(s)
  -------------------------------------------------------------------    -------------------
                         (clock axis_dma_clk rise edge)
                                                      0.000     0.000 r  
                                                      0.000     0.000 r  axis_dma_clk_i (IN)
                         net (fo=41, unset)           0.787     0.787    u_top/u_fixed/u_dma_adapter/axis_dma_clk_i
                         FDRE                                         r  u_top/u_fixed/u_dma_adapter/abort_count_o_reg[1]/C
  -------------------------------------------------------------------    -------------------
                         FDRE (Prop_fdre_C_Q)         0.303     1.090 r  u_top/u_fixed/u_dma_adapter/abort_count_o_reg[1]/Q
                         net (fo=2, unplaced)         0.687     1.777    u_top/u_fixed/u_dma_adapter/abort_count_o_reg[1]
                         CARRY4 (Prop_carry4_S[1]_CO[3])
                                                      0.549     2.326 r  u_top/u_fixed/u_dma_adapter/abort_count_o_reg[0]_i_1/CO[3]
                         net (fo=1, unplaced)         0.008     2.334    u_top/u_fixed/u_dma_adapter/abort_count_o_reg[0]_i_1_n_0
                         CARRY4 (Prop_carry4_CI_CO[3])
                                                      0.100     2.434 r  u_top/u_fixed/u_dma_adapter/abort_count_o_reg[4]_i_1/CO[3]
                         net (fo=1, unplaced)         0.000     2.434    u_top/u_fixed/u_dma_adapter/abort_count_o_reg[4]_i_1_n_0
                         CARRY4 (Prop_carry4_CI_CO[3])
                                                      0.100     2.534 r  u_top/u_fixed/u_dma_adapter/abort_count_o_reg[8]_i_1/CO[3]
                         net (fo=1, unplaced)         0.000     2.534    u_top/u_fixed/u_dma_adapter/abort_count_o_reg[8]_i_1_n_0
                         CARRY4 (Prop_carry4_CI_CO[3])
                                                      0.100     2.634 r  u_top/u_fixed/u_dma_adapter/abort_count_o_reg[12]_i_1/CO[3]
                         net (fo=1, unplaced)         0.000     2.634    u_top/u_fixed/u_dma_adapter/abort_count_o_reg[12]_i_1_n_0
                         CARRY4 (Prop_carry4_CI_CO[3])
                                                      0.100     2.734 r  u_top/u_fixed/u_dma_adapter/abort_count_o_reg[16]_i_1/CO[3]
                         net (fo=1, unplaced)         0.000     2.734    u_top/u_fixed/u_dma_adapter/abort_count_o_reg[16]_i_1_n_0
                         CARRY4 (Prop_carry4_CI_O[1])
                                                      0.269     3.003 r  u_top/u_fixed/u_dma_adapter/abort_count_o_reg[20]_i_1/O[1]
                         net (fo=1, unplaced)         0.000     3.003    u_top/u_fixed/u_dma_adapter/abort_count_o_reg[20]_i_1_n_6
                         FDRE                                         r  u_top/u_fixed/u_dma_adapter/abort_count_o_reg[21]/D
  -------------------------------------------------------------------    -------------------

                         (clock axis_dma_clk rise edge)
                                                     10.000    10.000 r  
                                                      0.000    10.000 r  axis_dma_clk_i (IN)
                         net (fo=41, unset)           0.748    10.748    u_top/u_fixed/u_dma_adapter/axis_dma_clk_i
                         FDRE                                         r  u_top/u_fixed/u_dma_adapter/abort_count_o_reg[21]/C
                         clock pessimism              0.000    10.748    
                         clock uncertainty           -0.035    10.712    
                         FDRE (Setup_fdre_C_D)       -0.003    10.709    u_top/u_fixed/u_dma_adapter/abort_count_o_reg[21]
  -------------------------------------------------------------------
                         required time                         10.709    
                         arrival time                          -3.003    
  -------------------------------------------------------------------
                         slack                                  7.706    

Slack (MET) :             7.761ns  (required time - arrival time)
  Source:                 u_top/u_fixed/u_dma_adapter/abort_count_o_reg[1]/C
                            (rising edge-triggered cell FDRE clocked by axis_dma_clk  {rise@0.000ns fall@5.000ns period=10.000ns})
  Destination:            u_top/u_fixed/u_dma_adapter/abort_count_o_reg[22]/D
                            (rising edge-triggered cell FDRE clocked by axis_dma_clk  {rise@0.000ns fall@5.000ns period=10.000ns})
  Path Group:             axis_dma_clk
  Path Type:              Setup (Max at Slow Process Corner)
  Requirement:            10.000ns  (axis_dma_clk rise@10.000ns - axis_dma_clk rise@0.000ns)
  Data Path Delay:        2.161ns  (logic 1.466ns (67.839%)  route 0.695ns (32.161%))
  Logic Levels:           6  (CARRY4=6)
  Clock Path Skew:        -0.039ns (DCD - SCD + CPR)
    Destination Clock Delay (DCD):    0.748ns = ( 10.748 - 10.000 ) 
    Source Clock Delay      (SCD):    0.787ns
    Clock Pessimism Removal (CPR):    0.000ns
  Clock Uncertainty:      0.035ns  ((TSJ^2 + TIJ^2)^1/2 + DJ) / 2 + PE
    Total System Jitter     (TSJ):    0.071ns
    Total Input Jitter      (TIJ):    0.000ns
    Discrete Jitter          (DJ):    0.000ns
    Phase Error              (PE):    0.000ns

    Location             Delay type                Incr(ns)  Path(ns)    Netlist Resource(s)
  -------------------------------------------------------------------    -------------------
                         (clock axis_dma_clk rise edge)
                                                      0.000     0.000 r  
                                                      0.000     0.000 r  axis_dma_clk_i (IN)
                         net (fo=41, unset)           0.787     0.787    u_top/u_fixed/u_dma_adapter/axis_dma_clk_i
                         FDRE                                         r  u_top/u_fixed/u_dma_adapter/abort_count_o_reg[1]/C
  -------------------------------------------------------------------    -------------------
                         FDRE (Prop_fdre_C_Q)         0.303     1.090 r  u_top/u_fixed/u_dma_adapter/abort_count_o_reg[1]/Q
                         net (fo=2, unplaced)         0.687     1.777    u_top/u_fixed/u_dma_adapter/abort_count_o_reg[1]
                         CARRY4 (Prop_carry4_S[1]_CO[3])
                                                      0.549     2.326 r  u_top/u_fixed/u_dma_adapter/abort_count_o_reg[0]_i_1/CO[3]
                         net (fo=1, unplaced)         0.008     2.334    u_top/u_fixed/u_dma_adapter/abort_count_o_reg[0]_i_1_n_0
                         CARRY4 (Prop_carry4_CI_CO[3])
                                                      0.100     2.434 r  u_top/u_fixed/u_dma_adapter/abort_count_o_reg[4]_i_1/CO[3]
                         net (fo=1, unplaced)         0.000     2.434    u_top/u_fixed/u_dma_adapter/abort_count_o_reg[4]_i_1_n_0
                         CARRY4 (Prop_carry4_CI_CO[3])
                                                      0.100     2.534 r  u_top/u_fixed/u_dma_adapter/abort_count_o_reg[8]_i_1/CO[3]
                         net (fo=1, unplaced)         0.000     2.534    u_top/u_fixed/u_dma_adapter/abort_count_o_reg[8]_i_1_n_0
                         CARRY4 (Prop_carry4_CI_CO[3])
                                                      0.100     2.634 r  u_top/u_fixed/u_dma_adapter/abort_count_o_reg[12]_i_1/CO[3]
                         net (fo=1, unplaced)         0.000     2.634    u_top/u_fixed/u_dma_adapter/abort_count_o_reg[12]_i_1_n_0
                         CARRY4 (Prop_carry4_CI_CO[3])
                                                      0.100     2.734 r  u_top/u_fixed/u_dma_adapter/abort_count_o_reg[16]_i_1/CO[3]
                         net (fo=1, unplaced)         0.000     2.734    u_top/u_fixed/u_dma_adapter/abort_count_o_reg[16]_i_1_n_0
                         CARRY4 (Prop_carry4_CI_O[2])
                                                      0.214     2.948 r  u_top/u_fixed/u_dma_adapter/abort_count_o_reg[20]_i_1/O[2]
                         net (fo=1, unplaced)         0.000     2.948    u_top/u_fixed/u_dma_adapter/abort_count_o_reg[20]_i_1_n_5
                         FDRE                                         r  u_top/u_fixed/u_dma_adapter/abort_count_o_reg[22]/D
  -------------------------------------------------------------------    -------------------

                         (clock axis_dma_clk rise edge)
                                                     10.000    10.000 r  
                                                      0.000    10.000 r  axis_dma_clk_i (IN)
                         net (fo=41, unset)           0.748    10.748    u_top/u_fixed/u_dma_adapter/axis_dma_clk_i
                         FDRE                                         r  u_top/u_fixed/u_dma_adapter/abort_count_o_reg[22]/C
                         clock pessimism              0.000    10.748    
                         clock uncertainty           -0.035    10.712    
                         FDRE (Setup_fdre_C_D)       -0.003    10.709    u_top/u_fixed/u_dma_adapter/abort_count_o_reg[22]
  -------------------------------------------------------------------
                         required time                         10.709    
                         arrival time                          -2.948    
  -------------------------------------------------------------------
                         slack                                  7.761    

Slack (MET) :             7.786ns  (required time - arrival time)
  Source:                 u_top/u_fixed/u_dma_adapter/abort_count_o_reg[1]/C
                            (rising edge-triggered cell FDRE clocked by axis_dma_clk  {rise@0.000ns fall@5.000ns period=10.000ns})
  Destination:            u_top/u_fixed/u_dma_adapter/abort_count_o_reg[20]/D
                            (rising edge-triggered cell FDRE clocked by axis_dma_clk  {rise@0.000ns fall@5.000ns period=10.000ns})
  Path Group:             axis_dma_clk
  Path Type:              Setup (Max at Slow Process Corner)
  Requirement:            10.000ns  (axis_dma_clk rise@10.000ns - axis_dma_clk rise@0.000ns)
  Data Path Delay:        2.136ns  (logic 1.441ns (67.463%)  route 0.695ns (32.537%))
  Logic Levels:           6  (CARRY4=6)
  Clock Path Skew:        -0.039ns (DCD - SCD + CPR)
    Destination Clock Delay (DCD):    0.748ns = ( 10.748 - 10.000 ) 
    Source Clock Delay      (SCD):    0.787ns
    Clock Pessimism Removal (CPR):    0.000ns
  Clock Uncertainty:      0.035ns  ((TSJ^2 + TIJ^2)^1/2 + DJ) / 2 + PE
    Total System Jitter     (TSJ):    0.071ns
    Total Input Jitter      (TIJ):    0.000ns
    Discrete Jitter          (DJ):    0.000ns
    Phase Error              (PE):    0.000ns

    Location             Delay type                Incr(ns)  Path(ns)    Netlist Resource(s)
  -------------------------------------------------------------------    -------------------
                         (clock axis_dma_clk rise edge)
                                                      0.000     0.000 r  
                                                      0.000     0.000 r  axis_dma_clk_i (IN)
                         net (fo=41, unset)           0.787     0.787    u_top/u_fixed/u_dma_adapter/axis_dma_clk_i
                         FDRE                                         r  u_top/u_fixed/u_dma_adapter/abort_count_o_reg[1]/C
  -------------------------------------------------------------------    -------------------
                         FDRE (Prop_fdre_C_Q)         0.303     1.090 r  u_top/u_fixed/u_dma_adapter/abort_count_o_reg[1]/Q
                         net (fo=2, unplaced)         0.687     1.777    u_top/u_fixed/u_dma_adapter/abort_count_o_reg[1]
                         CARRY4 (Prop_carry4_S[1]_CO[3])
                                                      0.549     2.326 r  u_top/u_fixed/u_dma_adapter/abort_count_o_reg[0]_i_1/CO[3]
                         net (fo=1, unplaced)         0.008     2.334    u_top/u_fixed/u_dma_adapter/abort_count_o_reg[0]_i_1_n_0
                         CARRY4 (Prop_carry4_CI_CO[3])
                                                      0.100     2.434 r  u_top/u_fixed/u_dma_adapter/abort_count_o_reg[4]_i_1/CO[3]
                         net (fo=1, unplaced)         0.000     2.434    u_top/u_fixed/u_dma_adapter/abort_count_o_reg[4]_i_1_n_0
                         CARRY4 (Prop_carry4_CI_CO[3])
                                                      0.100     2.534 r  u_top/u_fixed/u_dma_adapter/abort_count_o_reg[8]_i_1/CO[3]
                         net (fo=1, unplaced)         0.000     2.534    u_top/u_fixed/u_dma_adapter/abort_count_o_reg[8]_i_1_n_0
                         CARRY4 (Prop_carry4_CI_CO[3])
                                                      0.100     2.634 r  u_top/u_fixed/u_dma_adapter/abort_count_o_reg[12]_i_1/CO[3]
                         net (fo=1, unplaced)         0.000     2.634    u_top/u_fixed/u_dma_adapter/abort_count_o_reg[12]_i_1_n_0
                         CARRY4 (Prop_carry4_CI_CO[3])
                                                      0.100     2.734 r  u_top/u_fixed/u_dma_adapter/abort_count_o_reg[16]_i_1/CO[3]
                         net (fo=1, unplaced)         0.000     2.734    u_top/u_fixed/u_dma_adapter/abort_count_o_reg[16]_i_1_n_0
                         CARRY4 (Prop_carry4_CI_O[0])
                                                      0.189     2.923 r  u_top/u_fixed/u_dma_adapter/abort_count_o_reg[20]_i_1/O[0]
                         net (fo=1, unplaced)         0.000     2.923    u_top/u_fixed/u_dma_adapter/abort_count_o_reg[20]_i_1_n_7
                         FDRE                                         r  u_top/u_fixed/u_dma_adapter/abort_count_o_reg[20]/D
  -------------------------------------------------------------------    -------------------

                         (clock axis_dma_clk rise edge)
                                                     10.000    10.000 r  
                                                      0.000    10.000 r  axis_dma_clk_i (IN)
                         net (fo=41, unset)           0.748    10.748    u_top/u_fixed/u_dma_adapter/axis_dma_clk_i
                         FDRE                                         r  u_top/u_fixed/u_dma_adapter/abort_count_o_reg[20]/C
                         clock pessimism              0.000    10.748    
                         clock uncertainty           -0.035    10.712    
                         FDRE (Setup_fdre_C_D)       -0.003    10.709    u_top/u_fixed/u_dma_adapter/abort_count_o_reg[20]
  -------------------------------------------------------------------
                         required time                         10.709    
                         arrival time                          -2.923    
  -------------------------------------------------------------------
                         slack                                  7.786    

Slack (MET) :             7.798ns  (required time - arrival time)
  Source:                 u_top/u_fixed/u_dma_adapter/abort_count_o_reg[1]/C
                            (rising edge-triggered cell FDRE clocked by axis_dma_clk  {rise@0.000ns fall@5.000ns period=10.000ns})
  Destination:            u_top/u_fixed/u_dma_adapter/abort_count_o_reg[19]/D
                            (rising edge-triggered cell FDRE clocked by axis_dma_clk  {rise@0.000ns fall@5.000ns period=10.000ns})
  Path Group:             axis_dma_clk
  Path Type:              Setup (Max at Slow Process Corner)
  Requirement:            10.000ns  (axis_dma_clk rise@10.000ns - axis_dma_clk rise@0.000ns)
  Data Path Delay:        2.124ns  (logic 1.429ns (67.279%)  route 0.695ns (32.721%))
  Logic Levels:           5  (CARRY4=5)
  Clock Path Skew:        -0.039ns (DCD - SCD + CPR)
    Destination Clock Delay (DCD):    0.748ns = ( 10.748 - 10.000 ) 
    Source Clock Delay      (SCD):    0.787ns
    Clock Pessimism Removal (CPR):    0.000ns
  Clock Uncertainty:      0.035ns  ((TSJ^2 + TIJ^2)^1/2 + DJ) / 2 + PE
    Total System Jitter     (TSJ):    0.071ns
    Total Input Jitter      (TIJ):    0.000ns
    Discrete Jitter          (DJ):    0.000ns
    Phase Error              (PE):    0.000ns

    Location             Delay type                Incr(ns)  Path(ns)    Netlist Resource(s)
  -------------------------------------------------------------------    -------------------
                         (clock axis_dma_clk rise edge)
                                                      0.000     0.000 r  
                                                      0.000     0.000 r  axis_dma_clk_i (IN)
                         net (fo=41, unset)           0.787     0.787    u_top/u_fixed/u_dma_adapter/axis_dma_clk_i
                         FDRE                                         r  u_top/u_fixed/u_dma_adapter/abort_count_o_reg[1]/C
  -------------------------------------------------------------------    -------------------
                         FDRE (Prop_fdre_C_Q)         0.303     1.090 r  u_top/u_fixed/u_dma_adapter/abort_count_o_reg[1]/Q
                         net (fo=2, unplaced)         0.687     1.777    u_top/u_fixed/u_dma_adapter/abort_count_o_reg[1]
                         CARRY4 (Prop_carry4_S[1]_CO[3])
                                                      0.549     2.326 r  u_top/u_fixed/u_dma_adapter/abort_count_o_reg[0]_i_1/CO[3]
                         net (fo=1, unplaced)         0.008     2.334    u_top/u_fixed/u_dma_adapter/abort_count_o_reg[0]_i_1_n_0
                         CARRY4 (Prop_carry4_CI_CO[3])
                                                      0.100     2.434 r  u_top/u_fixed/u_dma_adapter/abort_count_o_reg[4]_i_1/CO[3]
                         net (fo=1, unplaced)         0.000     2.434    u_top/u_fixed/u_dma_adapter/abort_count_o_reg[4]_i_1_n_0
                         CARRY4 (Prop_carry4_CI_CO[3])
                                                      0.100     2.534 r  u_top/u_fixed/u_dma_adapter/abort_count_o_reg[8]_i_1/CO[3]
                         net (fo=1, unplaced)         0.000     2.534    u_top/u_fixed/u_dma_adapter/abort_count_o_reg[8]_i_1_n_0
                         CARRY4 (Prop_carry4_CI_CO[3])
                                                      0.100     2.634 r  u_top/u_fixed/u_dma_adapter/abort_count_o_reg[12]_i_1/CO[3]
                         net (fo=1, unplaced)         0.000     2.634    u_top/u_fixed/u_dma_adapter/abort_count_o_reg[12]_i_1_n_0
                         CARRY4 (Prop_carry4_CI_O[3])
                                                      0.277     2.911 r  u_top/u_fixed/u_dma_adapter/abort_count_o_reg[16]_i_1/O[3]
                         net (fo=1, unplaced)         0.000     2.911    u_top/u_fixed/u_dma_adapter/abort_count_o_reg[16]_i_1_n_4
                         FDRE                                         r  u_top/u_fixed/u_dma_adapter/abort_count_o_reg[19]/D
  -------------------------------------------------------------------    -------------------

                         (clock axis_dma_clk rise edge)
                                                     10.000    10.000 r  
                                                      0.000    10.000 r  axis_dma_clk_i (IN)
                         net (fo=41, unset)           0.748    10.748    u_top/u_fixed/u_dma_adapter/axis_dma_clk_i
                         FDRE                                         r  u_top/u_fixed/u_dma_adapter/abort_count_o_reg[19]/C
                         clock pessimism              0.000    10.748    
                         clock uncertainty           -0.035    10.712    
                         FDRE (Setup_fdre_C_D)       -0.003    10.709    u_top/u_fixed/u_dma_adapter/abort_count_o_reg[19]
  -------------------------------------------------------------------
                         required time                         10.709    
                         arrival time                          -2.911    
  -------------------------------------------------------------------
                         slack                                  7.798    

Slack (MET) :             7.806ns  (required time - arrival time)
  Source:                 u_top/u_fixed/u_dma_adapter/abort_count_o_reg[1]/C
                            (rising edge-triggered cell FDRE clocked by axis_dma_clk  {rise@0.000ns fall@5.000ns period=10.000ns})
  Destination:            u_top/u_fixed/u_dma_adapter/abort_count_o_reg[17]/D
                            (rising edge-triggered cell FDRE clocked by axis_dma_clk  {rise@0.000ns fall@5.000ns period=10.000ns})
  Path Group:             axis_dma_clk
  Path Type:              Setup (Max at Slow Process Corner)
  Requirement:            10.000ns  (axis_dma_clk rise@10.000ns - axis_dma_clk rise@0.000ns)
  Data Path Delay:        2.116ns  (logic 1.421ns (67.155%)  route 0.695ns (32.845%))
  Logic Levels:           5  (CARRY4=5)
  Clock Path Skew:        -0.039ns (DCD - SCD + CPR)
    Destination Clock Delay (DCD):    0.748ns = ( 10.748 - 10.000 ) 
    Source Clock Delay      (SCD):    0.787ns
    Clock Pessimism Removal (CPR):    0.000ns
  Clock Uncertainty:      0.035ns  ((TSJ^2 + TIJ^2)^1/2 + DJ) / 2 + PE
    Total System Jitter     (TSJ):    0.071ns
    Total Input Jitter      (TIJ):    0.000ns
    Discrete Jitter          (DJ):    0.000ns
    Phase Error              (PE):    0.000ns

    Location             Delay type                Incr(ns)  Path(ns)    Netlist Resource(s)
  -------------------------------------------------------------------    -------------------
                         (clock axis_dma_clk rise edge)
                                                      0.000     0.000 r  
                                                      0.000     0.000 r  axis_dma_clk_i (IN)
                         net (fo=41, unset)           0.787     0.787    u_top/u_fixed/u_dma_adapter/axis_dma_clk_i
                         FDRE                                         r  u_top/u_fixed/u_dma_adapter/abort_count_o_reg[1]/C
  -------------------------------------------------------------------    -------------------
                         FDRE (Prop_fdre_C_Q)         0.303     1.090 r  u_top/u_fixed/u_dma_adapter/abort_count_o_reg[1]/Q
                         net (fo=2, unplaced)         0.687     1.777    u_top/u_fixed/u_dma_adapter/abort_count_o_reg[1]
                         CARRY4 (Prop_carry4_S[1]_CO[3])
                                                      0.549     2.326 r  u_top/u_fixed/u_dma_adapter/abort_count_o_reg[0]_i_1/CO[3]
                         net (fo=1, unplaced)         0.008     2.334    u_top/u_fixed/u_dma_adapter/abort_count_o_reg[0]_i_1_n_0
                         CARRY4 (Prop_carry4_CI_CO[3])
                                                      0.100     2.434 r  u_top/u_fixed/u_dma_adapter/abort_count_o_reg[4]_i_1/CO[3]
                         net (fo=1, unplaced)         0.000     2.434    u_top/u_fixed/u_dma_adapter/abort_count_o_reg[4]_i_1_n_0
                         CARRY4 (Prop_carry4_CI_CO[3])
                                                      0.100     2.534 r  u_top/u_fixed/u_dma_adapter/abort_count_o_reg[8]_i_1/CO[3]
                         net (fo=1, unplaced)         0.000     2.534    u_top/u_fixed/u_dma_adapter/abort_count_o_reg[8]_i_1_n_0
                         CARRY4 (Prop_carry4_CI_CO[3])
                                                      0.100     2.634 r  u_top/u_fixed/u_dma_adapter/abort_count_o_reg[12]_i_1/CO[3]
                         net (fo=1, unplaced)         0.000     2.634    u_top/u_fixed/u_dma_adapter/abort_count_o_reg[12]_i_1_n_0
                         CARRY4 (Prop_carry4_CI_O[1])
                                                      0.269     2.903 r  u_top/u_fixed/u_dma_adapter/abort_count_o_reg[16]_i_1/O[1]
                         net (fo=1, unplaced)         0.000     2.903    u_top/u_fixed/u_dma_adapter/abort_count_o_reg[16]_i_1_n_6
                         FDRE                                         r  u_top/u_fixed/u_dma_adapter/abort_count_o_reg[17]/D
  -------------------------------------------------------------------    -------------------

                         (clock axis_dma_clk rise edge)
                                                     10.000    10.000 r  
                                                      0.000    10.000 r  axis_dma_clk_i (IN)
                         net (fo=41, unset)           0.748    10.748    u_top/u_fixed/u_dma_adapter/axis_dma_clk_i
                         FDRE                                         r  u_top/u_fixed/u_dma_adapter/abort_count_o_reg[17]/C
                         clock pessimism              0.000    10.748    
                         clock uncertainty           -0.035    10.712    
                         FDRE (Setup_fdre_C_D)       -0.003    10.709    u_top/u_fixed/u_dma_adapter/abort_count_o_reg[17]
  -------------------------------------------------------------------
                         required time                         10.709    
                         arrival time                          -2.903    
  -------------------------------------------------------------------
                         slack                                  7.806    

Slack (MET) :             7.861ns  (required time - arrival time)
  Source:                 u_top/u_fixed/u_dma_adapter/abort_count_o_reg[1]/C
                            (rising edge-triggered cell FDRE clocked by axis_dma_clk  {rise@0.000ns fall@5.000ns period=10.000ns})
  Destination:            u_top/u_fixed/u_dma_adapter/abort_count_o_reg[18]/D
                            (rising edge-triggered cell FDRE clocked by axis_dma_clk  {rise@0.000ns fall@5.000ns period=10.000ns})
  Path Group:             axis_dma_clk
  Path Type:              Setup (Max at Slow Process Corner)
  Requirement:            10.000ns  (axis_dma_clk rise@10.000ns - axis_dma_clk rise@0.000ns)
  Data Path Delay:        2.061ns  (logic 1.366ns (66.279%)  route 0.695ns (33.721%))
  Logic Levels:           5  (CARRY4=5)
  Clock Path Skew:        -0.039ns (DCD - SCD + CPR)
    Destination Clock Delay (DCD):    0.748ns = ( 10.748 - 10.000 ) 
    Source Clock Delay      (SCD):    0.787ns
    Clock Pessimism Removal (CPR):    0.000ns
  Clock Uncertainty:      0.035ns  ((TSJ^2 + TIJ^2)^1/2 + DJ) / 2 + PE
    Total System Jitter     (TSJ):    0.071ns
    Total Input Jitter      (TIJ):    0.000ns
    Discrete Jitter          (DJ):    0.000ns
    Phase Error              (PE):    0.000ns

    Location             Delay type                Incr(ns)  Path(ns)    Netlist Resource(s)
  -------------------------------------------------------------------    -------------------
                         (clock axis_dma_clk rise edge)
                                                      0.000     0.000 r  
                                                      0.000     0.000 r  axis_dma_clk_i (IN)
                         net (fo=41, unset)           0.787     0.787    u_top/u_fixed/u_dma_adapter/axis_dma_clk_i
                         FDRE                                         r  u_top/u_fixed/u_dma_adapter/abort_count_o_reg[1]/C
  -------------------------------------------------------------------    -------------------
                         FDRE (Prop_fdre_C_Q)         0.303     1.090 r  u_top/u_fixed/u_dma_adapter/abort_count_o_reg[1]/Q
                         net (fo=2, unplaced)         0.687     1.777    u_top/u_fixed/u_dma_adapter/abort_count_o_reg[1]
                         CARRY4 (Prop_carry4_S[1]_CO[3])
                                                      0.549     2.326 r  u_top/u_fixed/u_dma_adapter/abort_count_o_reg[0]_i_1/CO[3]
                         net (fo=1, unplaced)         0.008     2.334    u_top/u_fixed/u_dma_adapter/abort_count_o_reg[0]_i_1_n_0
                         CARRY4 (Prop_carry4_CI_CO[3])
                                                      0.100     2.434 r  u_top/u_fixed/u_dma_adapter/abort_count_o_reg[4]_i_1/CO[3]
                         net (fo=1, unplaced)         0.000     2.434    u_top/u_fixed/u_dma_adapter/abort_count_o_reg[4]_i_1_n_0
                         CARRY4 (Prop_carry4_CI_CO[3])
                                                      0.100     2.534 r  u_top/u_fixed/u_dma_adapter/abort_count_o_reg[8]_i_1/CO[3]
                         net (fo=1, unplaced)         0.000     2.534    u_top/u_fixed/u_dma_adapter/abort_count_o_reg[8]_i_1_n_0
                         CARRY4 (Prop_carry4_CI_CO[3])
                                                      0.100     2.634 r  u_top/u_fixed/u_dma_adapter/abort_count_o_reg[12]_i_1/CO[3]
                         net (fo=1, unplaced)         0.000     2.634    u_top/u_fixed/u_dma_adapter/abort_count_o_reg[12]_i_1_n_0
                         CARRY4 (Prop_carry4_CI_O[2])
                                                      0.214     2.848 r  u_top/u_fixed/u_dma_adapter/abort_count_o_reg[16]_i_1/O[2]
                         net (fo=1, unplaced)         0.000     2.848    u_top/u_fixed/u_dma_adapter/abort_count_o_reg[16]_i_1_n_5
                         FDRE                                         r  u_top/u_fixed/u_dma_adapter/abort_count_o_reg[18]/D
  -------------------------------------------------------------------    -------------------

                         (clock axis_dma_clk rise edge)
                                                     10.000    10.000 r  
                                                      0.000    10.000 r  axis_dma_clk_i (IN)
                         net (fo=41, unset)           0.748    10.748    u_top/u_fixed/u_dma_adapter/axis_dma_clk_i
                         FDRE                                         r  u_top/u_fixed/u_dma_adapter/abort_count_o_reg[18]/C
                         clock pessimism              0.000    10.748    
                         clock uncertainty           -0.035    10.712    
                         FDRE (Setup_fdre_C_D)       -0.003    10.709    u_top/u_fixed/u_dma_adapter/abort_count_o_reg[18]
  -------------------------------------------------------------------
                         required time                         10.709    
                         arrival time                          -2.848    
  -------------------------------------------------------------------
                         slack                                  7.861    

Slack (MET) :             7.880ns  (required time - arrival time)
  Source:                 u_top/u_fixed/u_axis_reset/reset_pipe_reg[2]/C
                            (rising edge-triggered cell FDCE clocked by axis_dma_clk  {rise@0.000ns fall@5.000ns period=10.000ns})
  Destination:            u_top/u_fixed/u_dma_adapter/abort_count_o_reg[0]/R
                            (rising edge-triggered cell FDRE clocked by axis_dma_clk  {rise@0.000ns fall@5.000ns period=10.000ns})
  Path Group:             axis_dma_clk
  Path Type:              Setup (Max at Slow Process Corner)
  Requirement:            10.000ns  (axis_dma_clk rise@10.000ns - axis_dma_clk rise@0.000ns)
  Data Path Delay:        1.518ns  (logic 0.535ns (35.244%)  route 0.983ns (64.756%))
  Logic Levels:           1  (LUT1=1)
  Clock Path Skew:        -0.039ns (DCD - SCD + CPR)
    Destination Clock Delay (DCD):    0.748ns = ( 10.748 - 10.000 ) 
    Source Clock Delay      (SCD):    0.787ns
    Clock Pessimism Removal (CPR):    0.000ns
  Clock Uncertainty:      0.035ns  ((TSJ^2 + TIJ^2)^1/2 + DJ) / 2 + PE
    Total System Jitter     (TSJ):    0.071ns
    Total Input Jitter      (TIJ):    0.000ns
    Discrete Jitter          (DJ):    0.000ns
    Phase Error              (PE):    0.000ns

    Location             Delay type                Incr(ns)  Path(ns)    Netlist Resource(s)
  -------------------------------------------------------------------    -------------------
                         (clock axis_dma_clk rise edge)
                                                      0.000     0.000 r  
                                                      0.000     0.000 r  axis_dma_clk_i (IN)
                         net (fo=41, unset)           0.787     0.787    u_top/u_fixed/u_axis_reset/axis_dma_clk_i
                         FDCE                                         r  u_top/u_fixed/u_axis_reset/reset_pipe_reg[2]/C
  -------------------------------------------------------------------    -------------------
                         FDCE (Prop_fdce_C_Q)         0.303     1.090 f  u_top/u_fixed/u_axis_reset/reset_pipe_reg[2]/Q
                         net (fo=4, unplaced)         0.264     1.354    u_top/u_fixed/u_axis_reset/reset_pipe[2]
                         LUT1 (Prop_lut1_I0_O)        0.232     1.586 r  u_top/u_fixed/u_axis_reset/ack_sync[1]_i_1/O
                         net (fo=37, unplaced)        0.719     2.305    u_top/u_fixed/u_dma_adapter/clear
                         FDRE                                         r  u_top/u_fixed/u_dma_adapter/abort_count_o_reg[0]/R
  -------------------------------------------------------------------    -------------------

                         (clock axis_dma_clk rise edge)
                                                     10.000    10.000 r  
                                                      0.000    10.000 r  axis_dma_clk_i (IN)
                         net (fo=41, unset)           0.748    10.748    u_top/u_fixed/u_dma_adapter/axis_dma_clk_i
                         FDRE                                         r  u_top/u_fixed/u_dma_adapter/abort_count_o_reg[0]/C
                         clock pessimism              0.000    10.748    
                         clock uncertainty           -0.035    10.712    
                         FDRE (Setup_fdre_C_R)       -0.527    10.185    u_top/u_fixed/u_dma_adapter/abort_count_o_reg[0]
  -------------------------------------------------------------------
                         required time                         10.185    
                         arrival time                          -2.305    
  -------------------------------------------------------------------
                         slack                                  7.880    

Slack (MET) :             7.880ns  (required time - arrival time)
  Source:                 u_top/u_fixed/u_axis_reset/reset_pipe_reg[2]/C
                            (rising edge-triggered cell FDCE clocked by axis_dma_clk  {rise@0.000ns fall@5.000ns period=10.000ns})
  Destination:            u_top/u_fixed/u_dma_adapter/abort_count_o_reg[10]/R
                            (rising edge-triggered cell FDRE clocked by axis_dma_clk  {rise@0.000ns fall@5.000ns period=10.000ns})
  Path Group:             axis_dma_clk
  Path Type:              Setup (Max at Slow Process Corner)
  Requirement:            10.000ns  (axis_dma_clk rise@10.000ns - axis_dma_clk rise@0.000ns)
  Data Path Delay:        1.518ns  (logic 0.535ns (35.244%)  route 0.983ns (64.756%))
  Logic Levels:           1  (LUT1=1)
  Clock Path Skew:        -0.039ns (DCD - SCD + CPR)
    Destination Clock Delay (DCD):    0.748ns = ( 10.748 - 10.000 ) 
    Source Clock Delay      (SCD):    0.787ns
    Clock Pessimism Removal (CPR):    0.000ns
  Clock Uncertainty:      0.035ns  ((TSJ^2 + TIJ^2)^1/2 + DJ) / 2 + PE
    Total System Jitter     (TSJ):    0.071ns
    Total Input Jitter      (TIJ):    0.000ns
    Discrete Jitter          (DJ):    0.000ns
    Phase Error              (PE):    0.000ns

    Location             Delay type                Incr(ns)  Path(ns)    Netlist Resource(s)
  -------------------------------------------------------------------    -------------------
                         (clock axis_dma_clk rise edge)
                                                      0.000     0.000 r  
                                                      0.000     0.000 r  axis_dma_clk_i (IN)
                         net (fo=41, unset)           0.787     0.787    u_top/u_fixed/u_axis_reset/axis_dma_clk_i
                         FDCE                                         r  u_top/u_fixed/u_axis_reset/reset_pipe_reg[2]/C
  -------------------------------------------------------------------    -------------------
                         FDCE (Prop_fdce_C_Q)         0.303     1.090 f  u_top/u_fixed/u_axis_reset/reset_pipe_reg[2]/Q
                         net (fo=4, unplaced)         0.264     1.354    u_top/u_fixed/u_axis_reset/reset_pipe[2]
                         LUT1 (Prop_lut1_I0_O)        0.232     1.586 r  u_top/u_fixed/u_axis_reset/ack_sync[1]_i_1/O
                         net (fo=37, unplaced)        0.719     2.305    u_top/u_fixed/u_dma_adapter/clear
                         FDRE                                         r  u_top/u_fixed/u_dma_adapter/abort_count_o_reg[10]/R
  -------------------------------------------------------------------    -------------------

                         (clock axis_dma_clk rise edge)
                                                     10.000    10.000 r  
                                                      0.000    10.000 r  axis_dma_clk_i (IN)
                         net (fo=41, unset)           0.748    10.748    u_top/u_fixed/u_dma_adapter/axis_dma_clk_i
                         FDRE                                         r  u_top/u_fixed/u_dma_adapter/abort_count_o_reg[10]/C
                         clock pessimism              0.000    10.748    
                         clock uncertainty           -0.035    10.712    
                         FDRE (Setup_fdre_C_R)       -0.527    10.185    u_top/u_fixed/u_dma_adapter/abort_count_o_reg[10]
  -------------------------------------------------------------------
                         required time                         10.185    
                         arrival time                          -2.305    
  -------------------------------------------------------------------
                         slack                                  7.880    

Slack (MET) :             7.880ns  (required time - arrival time)
  Source:                 u_top/u_fixed/u_axis_reset/reset_pipe_reg[2]/C
                            (rising edge-triggered cell FDCE clocked by axis_dma_clk  {rise@0.000ns fall@5.000ns period=10.000ns})
  Destination:            u_top/u_fixed/u_dma_adapter/abort_count_o_reg[11]/R
                            (rising edge-triggered cell FDRE clocked by axis_dma_clk  {rise@0.000ns fall@5.000ns period=10.000ns})
  Path Group:             axis_dma_clk
  Path Type:              Setup (Max at Slow Process Corner)
  Requirement:            10.000ns  (axis_dma_clk rise@10.000ns - axis_dma_clk rise@0.000ns)
  Data Path Delay:        1.518ns  (logic 0.535ns (35.244%)  route 0.983ns (64.756%))
  Logic Levels:           1  (LUT1=1)
  Clock Path Skew:        -0.039ns (DCD - SCD + CPR)
    Destination Clock Delay (DCD):    0.748ns = ( 10.748 - 10.000 ) 
    Source Clock Delay      (SCD):    0.787ns
    Clock Pessimism Removal (CPR):    0.000ns
  Clock Uncertainty:      0.035ns  ((TSJ^2 + TIJ^2)^1/2 + DJ) / 2 + PE
    Total System Jitter     (TSJ):    0.071ns
    Total Input Jitter      (TIJ):    0.000ns
    Discrete Jitter          (DJ):    0.000ns
    Phase Error              (PE):    0.000ns

    Location             Delay type                Incr(ns)  Path(ns)    Netlist Resource(s)
  -------------------------------------------------------------------    -------------------
                         (clock axis_dma_clk rise edge)
                                                      0.000     0.000 r  
                                                      0.000     0.000 r  axis_dma_clk_i (IN)
                         net (fo=41, unset)           0.787     0.787    u_top/u_fixed/u_axis_reset/axis_dma_clk_i
                         FDCE                                         r  u_top/u_fixed/u_axis_reset/reset_pipe_reg[2]/C
  -------------------------------------------------------------------    -------------------
                         FDCE (Prop_fdce_C_Q)         0.303     1.090 f  u_top/u_fixed/u_axis_reset/reset_pipe_reg[2]/Q
                         net (fo=4, unplaced)         0.264     1.354    u_top/u_fixed/u_axis_reset/reset_pipe[2]
                         LUT1 (Prop_lut1_I0_O)        0.232     1.586 r  u_top/u_fixed/u_axis_reset/ack_sync[1]_i_1/O
                         net (fo=37, unplaced)        0.719     2.305    u_top/u_fixed/u_dma_adapter/clear
                         FDRE                                         r  u_top/u_fixed/u_dma_adapter/abort_count_o_reg[11]/R
  -------------------------------------------------------------------    -------------------

                         (clock axis_dma_clk rise edge)
                                                     10.000    10.000 r  
                                                      0.000    10.000 r  axis_dma_clk_i (IN)
                         net (fo=41, unset)           0.748    10.748    u_top/u_fixed/u_dma_adapter/axis_dma_clk_i
                         FDRE                                         r  u_top/u_fixed/u_dma_adapter/abort_count_o_reg[11]/C
                         clock pessimism              0.000    10.748    
                         clock uncertainty           -0.035    10.712    
                         FDRE (Setup_fdre_C_R)       -0.527    10.185    u_top/u_fixed/u_dma_adapter/abort_count_o_reg[11]
  -------------------------------------------------------------------
                         required time                         10.185    
                         arrival time                          -2.305    
  -------------------------------------------------------------------
                         slack                                  7.880    

Slack (MET) :             7.880ns  (required time - arrival time)
  Source:                 u_top/u_fixed/u_axis_reset/reset_pipe_reg[2]/C
                            (rising edge-triggered cell FDCE clocked by axis_dma_clk  {rise@0.000ns fall@5.000ns period=10.000ns})
  Destination:            u_top/u_fixed/u_dma_adapter/abort_count_o_reg[12]/R
                            (rising edge-triggered cell FDRE clocked by axis_dma_clk  {rise@0.000ns fall@5.000ns period=10.000ns})
  Path Group:             axis_dma_clk
  Path Type:              Setup (Max at Slow Process Corner)
  Requirement:            10.000ns  (axis_dma_clk rise@10.000ns - axis_dma_clk rise@0.000ns)
  Data Path Delay:        1.518ns  (logic 0.535ns (35.244%)  route 0.983ns (64.756%))
  Logic Levels:           1  (LUT1=1)
  Clock Path Skew:        -0.039ns (DCD - SCD + CPR)
    Destination Clock Delay (DCD):    0.748ns = ( 10.748 - 10.000 ) 
    Source Clock Delay      (SCD):    0.787ns
    Clock Pessimism Removal (CPR):    0.000ns
  Clock Uncertainty:      0.035ns  ((TSJ^2 + TIJ^2)^1/2 + DJ) / 2 + PE
    Total System Jitter     (TSJ):    0.071ns
    Total Input Jitter      (TIJ):    0.000ns
    Discrete Jitter          (DJ):    0.000ns
    Phase Error              (PE):    0.000ns

    Location             Delay type                Incr(ns)  Path(ns)    Netlist Resource(s)
  -------------------------------------------------------------------    -------------------
                         (clock axis_dma_clk rise edge)
                                                      0.000     0.000 r  
                                                      0.000     0.000 r  axis_dma_clk_i (IN)
                         net (fo=41, unset)           0.787     0.787    u_top/u_fixed/u_axis_reset/axis_dma_clk_i
                         FDCE                                         r  u_top/u_fixed/u_axis_reset/reset_pipe_reg[2]/C
  -------------------------------------------------------------------    -------------------
                         FDCE (Prop_fdce_C_Q)         0.303     1.090 f  u_top/u_fixed/u_axis_reset/reset_pipe_reg[2]/Q
                         net (fo=4, unplaced)         0.264     1.354    u_top/u_fixed/u_axis_reset/reset_pipe[2]
                         LUT1 (Prop_lut1_I0_O)        0.232     1.586 r  u_top/u_fixed/u_axis_reset/ack_sync[1]_i_1/O
                         net (fo=37, unplaced)        0.719     2.305    u_top/u_fixed/u_dma_adapter/clear
                         FDRE                                         r  u_top/u_fixed/u_dma_adapter/abort_count_o_reg[12]/R
  -------------------------------------------------------------------    -------------------

                         (clock axis_dma_clk rise edge)
                                                     10.000    10.000 r  
                                                      0.000    10.000 r  axis_dma_clk_i (IN)
                         net (fo=41, unset)           0.748    10.748    u_top/u_fixed/u_dma_adapter/axis_dma_clk_i
                         FDRE                                         r  u_top/u_fixed/u_dma_adapter/abort_count_o_reg[12]/C
                         clock pessimism              0.000    10.748    
                         clock uncertainty           -0.035    10.712    
                         FDRE (Setup_fdre_C_R)       -0.527    10.185    u_top/u_fixed/u_dma_adapter/abort_count_o_reg[12]
  -------------------------------------------------------------------
                         required time                         10.185    
                         arrival time                          -2.305    
  -------------------------------------------------------------------
                         slack                                  7.880    

Slack (MET) :             7.880ns  (required time - arrival time)
  Source:                 u_top/u_fixed/u_axis_reset/reset_pipe_reg[2]/C
                            (rising edge-triggered cell FDCE clocked by axis_dma_clk  {rise@0.000ns fall@5.000ns period=10.000ns})
  Destination:            u_top/u_fixed/u_dma_adapter/abort_count_o_reg[13]/R
                            (rising edge-triggered cell FDRE clocked by axis_dma_clk  {rise@0.000ns fall@5.000ns period=10.000ns})
  Path Group:             axis_dma_clk
  Path Type:              Setup (Max at Slow Process Corner)
  Requirement:            10.000ns  (axis_dma_clk rise@10.000ns - axis_dma_clk rise@0.000ns)
  Data Path Delay:        1.518ns  (logic 0.535ns (35.244%)  route 0.983ns (64.756%))
  Logic Levels:           1  (LUT1=1)
  Clock Path Skew:        -0.039ns (DCD - SCD + CPR)
    Destination Clock Delay (DCD):    0.748ns = ( 10.748 - 10.000 ) 
    Source Clock Delay      (SCD):    0.787ns
    Clock Pessimism Removal (CPR):    0.000ns
  Clock Uncertainty:      0.035ns  ((TSJ^2 + TIJ^2)^1/2 + DJ) / 2 + PE
    Total System Jitter     (TSJ):    0.071ns
    Total Input Jitter      (TIJ):    0.000ns
    Discrete Jitter          (DJ):    0.000ns
    Phase Error              (PE):    0.000ns

    Location             Delay type                Incr(ns)  Path(ns)    Netlist Resource(s)
  -------------------------------------------------------------------    -------------------
                         (clock axis_dma_clk rise edge)
                                                      0.000     0.000 r  
                                                      0.000     0.000 r  axis_dma_clk_i (IN)
                         net (fo=41, unset)           0.787     0.787    u_top/u_fixed/u_axis_reset/axis_dma_clk_i
                         FDCE                                         r  u_top/u_fixed/u_axis_reset/reset_pipe_reg[2]/C
  -------------------------------------------------------------------    -------------------
                         FDCE (Prop_fdce_C_Q)         0.303     1.090 f  u_top/u_fixed/u_axis_reset/reset_pipe_reg[2]/Q
                         net (fo=4, unplaced)         0.264     1.354    u_top/u_fixed/u_axis_reset/reset_pipe[2]
                         LUT1 (Prop_lut1_I0_O)        0.232     1.586 r  u_top/u_fixed/u_axis_reset/ack_sync[1]_i_1/O
                         net (fo=37, unplaced)        0.719     2.305    u_top/u_fixed/u_dma_adapter/clear
                         FDRE                                         r  u_top/u_fixed/u_dma_adapter/abort_count_o_reg[13]/R
  -------------------------------------------------------------------    -------------------

                         (clock axis_dma_clk rise edge)
                                                     10.000    10.000 r  
                                                      0.000    10.000 r  axis_dma_clk_i (IN)
                         net (fo=41, unset)           0.748    10.748    u_top/u_fixed/u_dma_adapter/axis_dma_clk_i
                         FDRE                                         r  u_top/u_fixed/u_dma_adapter/abort_count_o_reg[13]/C
                         clock pessimism              0.000    10.748    
                         clock uncertainty           -0.035    10.712    
                         FDRE (Setup_fdre_C_R)       -0.527    10.185    u_top/u_fixed/u_dma_adapter/abort_count_o_reg[13]
  -------------------------------------------------------------------
                         required time                         10.185    
                         arrival time                          -2.305    
  -------------------------------------------------------------------
                         slack                                  7.880    





Min Delay Paths
--------------------------------------------------------------------------------------
Slack (MET) :             0.168ns  (arrival time - required time)
  Source:                 u_top/u_fixed/u_abort_axis_sync/sync_pipe_reg[0]/C
                            (rising edge-triggered cell FDCE clocked by axis_dma_clk  {rise@0.000ns fall@5.000ns period=10.000ns})
  Destination:            u_top/u_fixed/u_abort_axis_sync/sync_pipe_reg[1]/D
                            (rising edge-triggered cell FDCE clocked by axis_dma_clk  {rise@0.000ns fall@5.000ns period=10.000ns})
  Path Group:             axis_dma_clk
  Path Type:              Hold (Min at Fast Process Corner)
  Requirement:            0.000ns  (axis_dma_clk rise@0.000ns - axis_dma_clk rise@0.000ns)
  Data Path Delay:        0.191ns  (logic 0.118ns (61.813%)  route 0.073ns (38.187%))
  Logic Levels:           0  
  Clock Path Skew:        0.021ns (DCD - SCD - CPR)
    Destination Clock Delay (DCD):    0.411ns
    Source Clock Delay      (SCD):    0.390ns
    Clock Pessimism Removal (CPR):    -0.000ns

    Location             Delay type                Incr(ns)  Path(ns)    Netlist Resource(s)
  -------------------------------------------------------------------    -------------------
                         (clock axis_dma_clk rise edge)
                                                      0.000     0.000 r  
                                                      0.000     0.000 r  axis_dma_clk_i (IN)
                         net (fo=41, unset)           0.390     0.390    u_top/u_fixed/u_abort_axis_sync/axis_dma_clk_i
                         FDCE                                         r  u_top/u_fixed/u_abort_axis_sync/sync_pipe_reg[0]/C
  -------------------------------------------------------------------    -------------------
                         FDCE (Prop_fdce_C_Q)         0.118     0.508 r  u_top/u_fixed/u_abort_axis_sync/sync_pipe_reg[0]/Q
                         net (fo=1, unplaced)         0.073     0.581    u_top/u_fixed/u_abort_axis_sync/sync_pipe[0]
                         FDCE                                         r  u_top/u_fixed/u_abort_axis_sync/sync_pipe_reg[1]/D
  -------------------------------------------------------------------    -------------------

                         (clock axis_dma_clk rise edge)
                                                      0.000     0.000 r  
                                                      0.000     0.000 r  axis_dma_clk_i (IN)
                         net (fo=41, unset)           0.411     0.411    u_top/u_fixed/u_abort_axis_sync/axis_dma_clk_i
                         FDCE                                         r  u_top/u_fixed/u_abort_axis_sync/sync_pipe_reg[1]/C
                         clock pessimism              0.000     0.411    
                         FDCE (Hold_fdce_C_D)         0.002     0.413    u_top/u_fixed/u_abort_axis_sync/sync_pipe_reg[1]
  -------------------------------------------------------------------
                         required time                         -0.413    
                         arrival time                           0.581    
  -------------------------------------------------------------------
                         slack                                  0.168    

Slack (MET) :             0.168ns  (arrival time - required time)
  Source:                 u_top/u_fixed/u_axis_reset/reset_pipe_reg[0]/C
                            (rising edge-triggered cell FDCE clocked by axis_dma_clk  {rise@0.000ns fall@5.000ns period=10.000ns})
  Destination:            u_top/u_fixed/u_axis_reset/reset_pipe_reg[1]/D
                            (rising edge-triggered cell FDCE clocked by axis_dma_clk  {rise@0.000ns fall@5.000ns period=10.000ns})
  Path Group:             axis_dma_clk
  Path Type:              Hold (Min at Fast Process Corner)
  Requirement:            0.000ns  (axis_dma_clk rise@0.000ns - axis_dma_clk rise@0.000ns)
  Data Path Delay:        0.191ns  (logic 0.118ns (61.813%)  route 0.073ns (38.187%))
  Logic Levels:           0  
  Clock Path Skew:        0.021ns (DCD - SCD - CPR)
    Destination Clock Delay (DCD):    0.411ns
    Source Clock Delay      (SCD):    0.390ns
    Clock Pessimism Removal (CPR):    -0.000ns

    Location             Delay type                Incr(ns)  Path(ns)    Netlist Resource(s)
  -------------------------------------------------------------------    -------------------
                         (clock axis_dma_clk rise edge)
                                                      0.000     0.000 r  
                                                      0.000     0.000 r  axis_dma_clk_i (IN)
                         net (fo=41, unset)           0.390     0.390    u_top/u_fixed/u_axis_reset/axis_dma_clk_i
                         FDCE                                         r  u_top/u_fixed/u_axis_reset/reset_pipe_reg[0]/C
  -------------------------------------------------------------------    -------------------
                         FDCE (Prop_fdce_C_Q)         0.118     0.508 r  u_top/u_fixed/u_axis_reset/reset_pipe_reg[0]/Q
                         net (fo=1, unplaced)         0.073     0.581    u_top/u_fixed/u_axis_reset/reset_pipe[0]
                         FDCE                                         r  u_top/u_fixed/u_axis_reset/reset_pipe_reg[1]/D
  -------------------------------------------------------------------    -------------------

                         (clock axis_dma_clk rise edge)
                                                      0.000     0.000 r  
                                                      0.000     0.000 r  axis_dma_clk_i (IN)
                         net (fo=41, unset)           0.411     0.411    u_top/u_fixed/u_axis_reset/axis_dma_clk_i
                         FDCE                                         r  u_top/u_fixed/u_axis_reset/reset_pipe_reg[1]/C
                         clock pessimism              0.000     0.411    
                         FDCE (Hold_fdce_C_D)         0.002     0.413    u_top/u_fixed/u_axis_reset/reset_pipe_reg[1]
  -------------------------------------------------------------------
                         required time                         -0.413    
                         arrival time                           0.581    
  -------------------------------------------------------------------
                         slack                                  0.168    

Slack (MET) :             0.168ns  (arrival time - required time)
  Source:                 u_top/u_fixed/u_axis_reset/reset_pipe_reg[1]/C
                            (rising edge-triggered cell FDCE clocked by axis_dma_clk  {rise@0.000ns fall@5.000ns period=10.000ns})
  Destination:            u_top/u_fixed/u_axis_reset/reset_pipe_reg[2]/D
                            (rising edge-triggered cell FDCE clocked by axis_dma_clk  {rise@0.000ns fall@5.000ns period=10.000ns})
  Path Group:             axis_dma_clk
  Path Type:              Hold (Min at Fast Process Corner)
  Requirement:            0.000ns  (axis_dma_clk rise@0.000ns - axis_dma_clk rise@0.000ns)
  Data Path Delay:        0.191ns  (logic 0.118ns (61.813%)  route 0.073ns (38.187%))
  Logic Levels:           0  
  Clock Path Skew:        0.021ns (DCD - SCD - CPR)
    Destination Clock Delay (DCD):    0.411ns
    Source Clock Delay      (SCD):    0.390ns
    Clock Pessimism Removal (CPR):    -0.000ns

    Location             Delay type                Incr(ns)  Path(ns)    Netlist Resource(s)
  -------------------------------------------------------------------    -------------------
                         (clock axis_dma_clk rise edge)
                                                      0.000     0.000 r  
                                                      0.000     0.000 r  axis_dma_clk_i (IN)
                         net (fo=41, unset)           0.390     0.390    u_top/u_fixed/u_axis_reset/axis_dma_clk_i
                         FDCE                                         r  u_top/u_fixed/u_axis_reset/reset_pipe_reg[1]/C
  -------------------------------------------------------------------    -------------------
                         FDCE (Prop_fdce_C_Q)         0.118     0.508 r  u_top/u_fixed/u_axis_reset/reset_pipe_reg[1]/Q
                         net (fo=1, unplaced)         0.073     0.581    u_top/u_fixed/u_axis_reset/reset_pipe[1]
                         FDCE                                         r  u_top/u_fixed/u_axis_reset/reset_pipe_reg[2]/D
  -------------------------------------------------------------------    -------------------

                         (clock axis_dma_clk rise edge)
                                                      0.000     0.000 r  
                                                      0.000     0.000 r  axis_dma_clk_i (IN)
                         net (fo=41, unset)           0.411     0.411    u_top/u_fixed/u_axis_reset/axis_dma_clk_i
                         FDCE                                         r  u_top/u_fixed/u_axis_reset/reset_pipe_reg[2]/C
                         clock pessimism              0.000     0.411    
                         FDCE (Hold_fdce_C_D)         0.002     0.413    u_top/u_fixed/u_axis_reset/reset_pipe_reg[2]
  -------------------------------------------------------------------
                         required time                         -0.413    
                         arrival time                           0.581    
  -------------------------------------------------------------------
                         slack                                  0.168    

Slack (MET) :             0.168ns  (arrival time - required time)
  Source:                 u_top/u_fixed/u_dma_kick_sync/ack_sync_reg[0]/C
                            (rising edge-triggered cell FDCE clocked by axis_dma_clk  {rise@0.000ns fall@5.000ns period=10.000ns})
  Destination:            u_top/u_fixed/u_dma_kick_sync/ack_sync_reg[1]/D
                            (rising edge-triggered cell FDCE clocked by axis_dma_clk  {rise@0.000ns fall@5.000ns period=10.000ns})
  Path Group:             axis_dma_clk
  Path Type:              Hold (Min at Fast Process Corner)
  Requirement:            0.000ns  (axis_dma_clk rise@0.000ns - axis_dma_clk rise@0.000ns)
  Data Path Delay:        0.191ns  (logic 0.118ns (61.813%)  route 0.073ns (38.187%))
  Logic Levels:           0  
  Clock Path Skew:        0.021ns (DCD - SCD - CPR)
    Destination Clock Delay (DCD):    0.411ns
    Source Clock Delay      (SCD):    0.390ns
    Clock Pessimism Removal (CPR):    -0.000ns

    Location             Delay type                Incr(ns)  Path(ns)    Netlist Resource(s)
  -------------------------------------------------------------------    -------------------
                         (clock axis_dma_clk rise edge)
                                                      0.000     0.000 r  
                                                      0.000     0.000 r  axis_dma_clk_i (IN)
                         net (fo=41, unset)           0.390     0.390    u_top/u_fixed/u_dma_kick_sync/axis_dma_clk_i
                         FDCE                                         r  u_top/u_fixed/u_dma_kick_sync/ack_sync_reg[0]/C
  -------------------------------------------------------------------    -------------------
                         FDCE (Prop_fdce_C_Q)         0.118     0.508 r  u_top/u_fixed/u_dma_kick_sync/ack_sync_reg[0]/Q
                         net (fo=1, unplaced)         0.073     0.581    u_top/u_fixed/u_dma_kick_sync/ack_sync[0]
                         FDCE                                         r  u_top/u_fixed/u_dma_kick_sync/ack_sync_reg[1]/D
  -------------------------------------------------------------------    -------------------

                         (clock axis_dma_clk rise edge)
                                                      0.000     0.000 r  
                                                      0.000     0.000 r  axis_dma_clk_i (IN)
                         net (fo=41, unset)           0.411     0.411    u_top/u_fixed/u_dma_kick_sync/axis_dma_clk_i
                         FDCE                                         r  u_top/u_fixed/u_dma_kick_sync/ack_sync_reg[1]/C
                         clock pessimism              0.000     0.411    
                         FDCE (Hold_fdce_C_D)         0.002     0.413    u_top/u_fixed/u_dma_kick_sync/ack_sync_reg[1]
  -------------------------------------------------------------------
                         required time                         -0.413    
                         arrival time                           0.581    
  -------------------------------------------------------------------
                         slack                                  0.168    

Slack (MET) :             0.260ns  (arrival time - required time)
  Source:                 u_top/u_fixed/u_dma_kick_sync/request_toggle_reg/C
                            (rising edge-triggered cell FDCE clocked by axis_dma_clk  {rise@0.000ns fall@5.000ns period=10.000ns})
  Destination:            u_top/u_fixed/u_dma_kick_sync/request_toggle_reg/D
                            (rising edge-triggered cell FDCE clocked by axis_dma_clk  {rise@0.000ns fall@5.000ns period=10.000ns})
  Path Group:             axis_dma_clk
  Path Type:              Hold (Min at Fast Process Corner)
  Requirement:            0.000ns  (axis_dma_clk rise@0.000ns - axis_dma_clk rise@0.000ns)
  Data Path Delay:        0.344ns  (logic 0.216ns (62.801%)  route 0.128ns (37.199%))
  Logic Levels:           1  (LUT3=1)
  Clock Path Skew:        0.021ns (DCD - SCD - CPR)
    Destination Clock Delay (DCD):    0.411ns
    Source Clock Delay      (SCD):    0.390ns
    Clock Pessimism Removal (CPR):    -0.000ns

    Location             Delay type                Incr(ns)  Path(ns)    Netlist Resource(s)
  -------------------------------------------------------------------    -------------------
                         (clock axis_dma_clk rise edge)
                                                      0.000     0.000 r  
                                                      0.000     0.000 r  axis_dma_clk_i (IN)
                         net (fo=41, unset)           0.390     0.390    u_top/u_fixed/u_dma_kick_sync/axis_dma_clk_i
                         FDCE                                         r  u_top/u_fixed/u_dma_kick_sync/request_toggle_reg/C
  -------------------------------------------------------------------    -------------------
                         FDCE (Prop_fdce_C_Q)         0.118     0.508 r  u_top/u_fixed/u_dma_kick_sync/request_toggle_reg/Q
                         net (fo=3, unplaced)         0.128     0.636    u_top/u_fixed/u_dma_kick_sync/D[0]
                         LUT3 (Prop_lut3_I2_O)        0.098     0.734 r  u_top/u_fixed/u_dma_kick_sync/request_toggle_i_1/O
                         net (fo=1, unplaced)         0.000     0.734    u_top/u_fixed/u_dma_kick_sync/request_toggle_i_1_n_0
                         FDCE                                         r  u_top/u_fixed/u_dma_kick_sync/request_toggle_reg/D
  -------------------------------------------------------------------    -------------------

                         (clock axis_dma_clk rise edge)
                                                      0.000     0.000 r  
                                                      0.000     0.000 r  axis_dma_clk_i (IN)
                         net (fo=41, unset)           0.411     0.411    u_top/u_fixed/u_dma_kick_sync/axis_dma_clk_i
                         FDCE                                         r  u_top/u_fixed/u_dma_kick_sync/request_toggle_reg/C
                         clock pessimism              0.000     0.411    
                         FDCE (Hold_fdce_C_D)         0.063     0.474    u_top/u_fixed/u_dma_kick_sync/request_toggle_reg
  -------------------------------------------------------------------
                         required time                         -0.474    
                         arrival time                           0.734    
  -------------------------------------------------------------------
                         slack                                  0.260    

Slack (MET) :             0.263ns  (arrival time - required time)
  Source:                 u_top/u_fixed/u_axis_reset/reset_pipe_reg[2]/C
                            (rising edge-triggered cell FDCE clocked by axis_dma_clk  {rise@0.000ns fall@5.000ns period=10.000ns})
  Destination:            u_top/u_fixed/u_dma_adapter/core_tx_tlast_o_reg/D
                            (rising edge-triggered cell FDRE clocked by axis_dma_clk  {rise@0.000ns fall@5.000ns period=10.000ns})
  Path Group:             axis_dma_clk
  Path Type:              Hold (Min at Fast Process Corner)
  Requirement:            0.000ns  (axis_dma_clk rise@0.000ns - axis_dma_clk rise@0.000ns)
  Data Path Delay:        0.347ns  (logic 0.216ns (62.262%)  route 0.131ns (37.738%))
  Logic Levels:           1  (LUT4=1)
  Clock Path Skew:        0.021ns (DCD - SCD - CPR)
    Destination Clock Delay (DCD):    0.411ns
    Source Clock Delay      (SCD):    0.390ns
    Clock Pessimism Removal (CPR):    -0.000ns

    Location             Delay type                Incr(ns)  Path(ns)    Netlist Resource(s)
  -------------------------------------------------------------------    -------------------
                         (clock axis_dma_clk rise edge)
                                                      0.000     0.000 r  
                                                      0.000     0.000 r  axis_dma_clk_i (IN)
                         net (fo=41, unset)           0.390     0.390    u_top/u_fixed/u_axis_reset/axis_dma_clk_i
                         FDCE                                         r  u_top/u_fixed/u_axis_reset/reset_pipe_reg[2]/C
  -------------------------------------------------------------------    -------------------
                         FDCE (Prop_fdce_C_Q)         0.118     0.508 r  u_top/u_fixed/u_axis_reset/reset_pipe_reg[2]/Q
                         net (fo=4, unplaced)         0.131     0.639    u_top/u_fixed/u_dma_adapter/core_tx_tlast_o_reg_0[0]
                         LUT4 (Prop_lut4_I3_O)        0.098     0.737 r  u_top/u_fixed/u_dma_adapter/core_tx_tlast_o_i_1/O
                         net (fo=1, unplaced)         0.000     0.737    u_top/u_fixed/u_dma_adapter/core_tx_tlast_o_i_1_n_0
                         FDRE                                         r  u_top/u_fixed/u_dma_adapter/core_tx_tlast_o_reg/D
  -------------------------------------------------------------------    -------------------

                         (clock axis_dma_clk rise edge)
                                                      0.000     0.000 r  
                                                      0.000     0.000 r  axis_dma_clk_i (IN)
                         net (fo=41, unset)           0.411     0.411    u_top/u_fixed/u_dma_adapter/axis_dma_clk_i
                         FDRE                                         r  u_top/u_fixed/u_dma_adapter/core_tx_tlast_o_reg/C
                         clock pessimism              0.000     0.411    
                         FDRE (Hold_fdre_C_D)         0.063     0.474    u_top/u_fixed/u_dma_adapter/core_tx_tlast_o_reg
  -------------------------------------------------------------------
                         required time                         -0.474    
                         arrival time                           0.737    
  -------------------------------------------------------------------
                         slack                                  0.263    

Slack (MET) :             0.263ns  (arrival time - required time)
  Source:                 u_top/u_fixed/u_axis_reset/reset_pipe_reg[2]/C
                            (rising edge-triggered cell FDCE clocked by axis_dma_clk  {rise@0.000ns fall@5.000ns period=10.000ns})
  Destination:            u_top/u_fixed/u_dma_adapter/dma_descriptor_generation_o_reg[0]/D
                            (rising edge-triggered cell FDRE clocked by axis_dma_clk  {rise@0.000ns fall@5.000ns period=10.000ns})
  Path Group:             axis_dma_clk
  Path Type:              Hold (Min at Fast Process Corner)
  Requirement:            0.000ns  (axis_dma_clk rise@0.000ns - axis_dma_clk rise@0.000ns)
  Data Path Delay:        0.347ns  (logic 0.216ns (62.262%)  route 0.131ns (37.738%))
  Logic Levels:           1  (LUT4=1)
  Clock Path Skew:        0.021ns (DCD - SCD - CPR)
    Destination Clock Delay (DCD):    0.411ns
    Source Clock Delay      (SCD):    0.390ns
    Clock Pessimism Removal (CPR):    -0.000ns

    Location             Delay type                Incr(ns)  Path(ns)    Netlist Resource(s)
  -------------------------------------------------------------------    -------------------
                         (clock axis_dma_clk rise edge)
                                                      0.000     0.000 r  
                                                      0.000     0.000 r  axis_dma_clk_i (IN)
                         net (fo=41, unset)           0.390     0.390    u_top/u_fixed/u_axis_reset/axis_dma_clk_i
                         FDCE                                         r  u_top/u_fixed/u_axis_reset/reset_pipe_reg[2]/C
  -------------------------------------------------------------------    -------------------
                         FDCE (Prop_fdce_C_Q)         0.118     0.508 r  u_top/u_fixed/u_axis_reset/reset_pipe_reg[2]/Q
                         net (fo=4, unplaced)         0.131     0.639    u_top/u_fixed/u_abort_axis_sync/dma_descriptor_generation_o_reg[0][0]
                         LUT4 (Prop_lut4_I3_O)        0.098     0.737 r  u_top/u_fixed/u_abort_axis_sync/dma_descriptor_generation_o[0]_i_1/O
                         net (fo=1, unplaced)         0.000     0.737    u_top/u_fixed/u_dma_adapter/dma_descriptor_generation_o_reg[0]_0
                         FDRE                                         r  u_top/u_fixed/u_dma_adapter/dma_descriptor_generation_o_reg[0]/D
  -------------------------------------------------------------------    -------------------

                         (clock axis_dma_clk rise edge)
                                                      0.000     0.000 r  
                                                      0.000     0.000 r  axis_dma_clk_i (IN)
                         net (fo=41, unset)           0.411     0.411    u_top/u_fixed/u_dma_adapter/axis_dma_clk_i
                         FDRE                                         r  u_top/u_fixed/u_dma_adapter/dma_descriptor_generation_o_reg[0]/C
                         clock pessimism              0.000     0.411    
                         FDRE (Hold_fdre_C_D)         0.063     0.474    u_top/u_fixed/u_dma_adapter/dma_descriptor_generation_o_reg[0]
  -------------------------------------------------------------------
                         required time                         -0.474    
                         arrival time                           0.737    
  -------------------------------------------------------------------
                         slack                                  0.263    

Slack (MET) :             0.329ns  (arrival time - required time)
  Source:                 u_top/u_fixed/u_dma_adapter/abort_count_o_reg[0]/C
                            (rising edge-triggered cell FDRE clocked by axis_dma_clk  {rise@0.000ns fall@5.000ns period=10.000ns})
  Destination:            u_top/u_fixed/u_dma_adapter/abort_count_o_reg[0]/D
                            (rising edge-triggered cell FDRE clocked by axis_dma_clk  {rise@0.000ns fall@5.000ns period=10.000ns})
  Path Group:             axis_dma_clk
  Path Type:              Hold (Min at Fast Process Corner)
  Requirement:            0.000ns  (axis_dma_clk rise@0.000ns - axis_dma_clk rise@0.000ns)
  Data Path Delay:        0.427ns  (logic 0.233ns (54.580%)  route 0.194ns (45.420%))
  Logic Levels:           2  (CARRY4=1 LUT1=1)
  Clock Path Skew:        0.021ns (DCD - SCD - CPR)
    Destination Clock Delay (DCD):    0.411ns
    Source Clock Delay      (SCD):    0.390ns
    Clock Pessimism Removal (CPR):    -0.000ns

    Location             Delay type                Incr(ns)  Path(ns)    Netlist Resource(s)
  -------------------------------------------------------------------    -------------------
                         (clock axis_dma_clk rise edge)
                                                      0.000     0.000 r  
                                                      0.000     0.000 r  axis_dma_clk_i (IN)
                         net (fo=41, unset)           0.390     0.390    u_top/u_fixed/u_dma_adapter/axis_dma_clk_i
                         FDRE                                         r  u_top/u_fixed/u_dma_adapter/abort_count_o_reg[0]/C
  -------------------------------------------------------------------    -------------------
                         FDRE (Prop_fdre_C_Q)         0.118     0.508 f  u_top/u_fixed/u_dma_adapter/abort_count_o_reg[0]/Q
                         net (fo=2, unplaced)         0.194     0.702    u_top/u_fixed/u_dma_adapter/abort_count_o_reg[0]
                         LUT1 (Prop_lut1_I0_O)        0.045     0.747 r  u_top/u_fixed/u_dma_adapter/abort_count_o[0]_i_2/O
                         net (fo=1, unplaced)         0.000     0.747    u_top/u_fixed/u_dma_adapter/abort_count_o[0]_i_2_n_0
                         CARRY4 (Prop_carry4_S[0]_O[0])
                                                      0.070     0.817 r  u_top/u_fixed/u_dma_adapter/abort_count_o_reg[0]_i_1/O[0]
                         net (fo=1, unplaced)         0.000     0.817    u_top/u_fixed/u_dma_adapter/abort_count_o_reg[0]_i_1_n_7
                         FDRE                                         r  u_top/u_fixed/u_dma_adapter/abort_count_o_reg[0]/D
  -------------------------------------------------------------------    -------------------

                         (clock axis_dma_clk rise edge)
                                                      0.000     0.000 r  
                                                      0.000     0.000 r  axis_dma_clk_i (IN)
                         net (fo=41, unset)           0.411     0.411    u_top/u_fixed/u_dma_adapter/axis_dma_clk_i
                         FDRE                                         r  u_top/u_fixed/u_dma_adapter/abort_count_o_reg[0]/C
                         clock pessimism              0.000     0.411    
                         FDRE (Hold_fdre_C_D)         0.077     0.488    u_top/u_fixed/u_dma_adapter/abort_count_o_reg[0]
  -------------------------------------------------------------------
                         required time                         -0.488    
                         arrival time                           0.817    
  -------------------------------------------------------------------
                         slack                                  0.329    

Slack (MET) :             0.345ns  (arrival time - required time)
  Source:                 u_top/u_fixed/u_dma_adapter/abort_count_o_reg[11]/C
                            (rising edge-triggered cell FDRE clocked by axis_dma_clk  {rise@0.000ns fall@5.000ns period=10.000ns})
  Destination:            u_top/u_fixed/u_dma_adapter/abort_count_o_reg[11]/D
                            (rising edge-triggered cell FDRE clocked by axis_dma_clk  {rise@0.000ns fall@5.000ns period=10.000ns})
  Path Group:             axis_dma_clk
  Path Type:              Hold (Min at Fast Process Corner)
  Requirement:            0.000ns  (axis_dma_clk rise@0.000ns - axis_dma_clk rise@0.000ns)
  Data Path Delay:        0.443ns  (logic 0.227ns (51.274%)  route 0.216ns (48.726%))
  Logic Levels:           1  (CARRY4=1)
  Clock Path Skew:        0.021ns (DCD - SCD - CPR)
    Destination Clock Delay (DCD):    0.411ns
    Source Clock Delay      (SCD):    0.390ns
    Clock Pessimism Removal (CPR):    -0.000ns

    Location             Delay type                Incr(ns)  Path(ns)    Netlist Resource(s)
  -------------------------------------------------------------------    -------------------
                         (clock axis_dma_clk rise edge)
                                                      0.000     0.000 r  
                                                      0.000     0.000 r  axis_dma_clk_i (IN)
                         net (fo=41, unset)           0.390     0.390    u_top/u_fixed/u_dma_adapter/axis_dma_clk_i
                         FDRE                                         r  u_top/u_fixed/u_dma_adapter/abort_count_o_reg[11]/C
  -------------------------------------------------------------------    -------------------
                         FDRE (Prop_fdre_C_Q)         0.118     0.508 r  u_top/u_fixed/u_dma_adapter/abort_count_o_reg[11]/Q
                         net (fo=2, unplaced)         0.216     0.724    u_top/u_fixed/u_dma_adapter/abort_count_o_reg[11]
                         CARRY4 (Prop_carry4_S[3]_O[3])
                                                      0.109     0.833 r  u_top/u_fixed/u_dma_adapter/abort_count_o_reg[8]_i_1/O[3]
                         net (fo=1, unplaced)         0.000     0.833    u_top/u_fixed/u_dma_adapter/abort_count_o_reg[8]_i_1_n_4
                         FDRE                                         r  u_top/u_fixed/u_dma_adapter/abort_count_o_reg[11]/D
  -------------------------------------------------------------------    -------------------

                         (clock axis_dma_clk rise edge)
                                                      0.000     0.000 r  
                                                      0.000     0.000 r  axis_dma_clk_i (IN)
                         net (fo=41, unset)           0.411     0.411    u_top/u_fixed/u_dma_adapter/axis_dma_clk_i
                         FDRE                                         r  u_top/u_fixed/u_dma_adapter/abort_count_o_reg[11]/C
                         clock pessimism              0.000     0.411    
                         FDRE (Hold_fdre_C_D)         0.077     0.488    u_top/u_fixed/u_dma_adapter/abort_count_o_reg[11]
  -------------------------------------------------------------------
                         required time                         -0.488    
                         arrival time                           0.833    
  -------------------------------------------------------------------
                         slack                                  0.345    

Slack (MET) :             0.345ns  (arrival time - required time)
  Source:                 u_top/u_fixed/u_dma_adapter/abort_count_o_reg[15]/C
                            (rising edge-triggered cell FDRE clocked by axis_dma_clk  {rise@0.000ns fall@5.000ns period=10.000ns})
  Destination:            u_top/u_fixed/u_dma_adapter/abort_count_o_reg[15]/D
                            (rising edge-triggered cell FDRE clocked by axis_dma_clk  {rise@0.000ns fall@5.000ns period=10.000ns})
  Path Group:             axis_dma_clk
  Path Type:              Hold (Min at Fast Process Corner)
  Requirement:            0.000ns  (axis_dma_clk rise@0.000ns - axis_dma_clk rise@0.000ns)
  Data Path Delay:        0.443ns  (logic 0.227ns (51.274%)  route 0.216ns (48.726%))
  Logic Levels:           1  (CARRY4=1)
  Clock Path Skew:        0.021ns (DCD - SCD - CPR)
    Destination Clock Delay (DCD):    0.411ns
    Source Clock Delay      (SCD):    0.390ns
    Clock Pessimism Removal (CPR):    -0.000ns

    Location             Delay type                Incr(ns)  Path(ns)    Netlist Resource(s)
  -------------------------------------------------------------------    -------------------
                         (clock axis_dma_clk rise edge)
                                                      0.000     0.000 r  
                                                      0.000     0.000 r  axis_dma_clk_i (IN)
                         net (fo=41, unset)           0.390     0.390    u_top/u_fixed/u_dma_adapter/axis_dma_clk_i
                         FDRE                                         r  u_top/u_fixed/u_dma_adapter/abort_count_o_reg[15]/C
  -------------------------------------------------------------------    -------------------
                         FDRE (Prop_fdre_C_Q)         0.118     0.508 r  u_top/u_fixed/u_dma_adapter/abort_count_o_reg[15]/Q
                         net (fo=2, unplaced)         0.216     0.724    u_top/u_fixed/u_dma_adapter/abort_count_o_reg[15]
                         CARRY4 (Prop_carry4_S[3]_O[3])
                                                      0.109     0.833 r  u_top/u_fixed/u_dma_adapter/abort_count_o_reg[12]_i_1/O[3]
                         net (fo=1, unplaced)         0.000     0.833    u_top/u_fixed/u_dma_adapter/abort_count_o_reg[12]_i_1_n_4
                         FDRE                                         r  u_top/u_fixed/u_dma_adapter/abort_count_o_reg[15]/D
  -------------------------------------------------------------------    -------------------

                         (clock axis_dma_clk rise edge)
                                                      0.000     0.000 r  
                                                      0.000     0.000 r  axis_dma_clk_i (IN)
                         net (fo=41, unset)           0.411     0.411    u_top/u_fixed/u_dma_adapter/axis_dma_clk_i
                         FDRE                                         r  u_top/u_fixed/u_dma_adapter/abort_count_o_reg[15]/C
                         clock pessimism              0.000     0.411    
                         FDRE (Hold_fdre_C_D)         0.077     0.488    u_top/u_fixed/u_dma_adapter/abort_count_o_reg[15]
  -------------------------------------------------------------------
                         required time                         -0.488    
                         arrival time                           0.833    
  -------------------------------------------------------------------
                         slack                                  0.345    

Slack (MET) :             0.345ns  (arrival time - required time)
  Source:                 u_top/u_fixed/u_dma_adapter/abort_count_o_reg[19]/C
                            (rising edge-triggered cell FDRE clocked by axis_dma_clk  {rise@0.000ns fall@5.000ns period=10.000ns})
  Destination:            u_top/u_fixed/u_dma_adapter/abort_count_o_reg[19]/D
                            (rising edge-triggered cell FDRE clocked by axis_dma_clk  {rise@0.000ns fall@5.000ns period=10.000ns})
  Path Group:             axis_dma_clk
  Path Type:              Hold (Min at Fast Process Corner)
  Requirement:            0.000ns  (axis_dma_clk rise@0.000ns - axis_dma_clk rise@0.000ns)
  Data Path Delay:        0.443ns  (logic 0.227ns (51.274%)  route 0.216ns (48.726%))
  Logic Levels:           1  (CARRY4=1)
  Clock Path Skew:        0.021ns (DCD - SCD - CPR)
    Destination Clock Delay (DCD):    0.411ns
    Source Clock Delay      (SCD):    0.390ns
    Clock Pessimism Removal (CPR):    -0.000ns

    Location             Delay type                Incr(ns)  Path(ns)    Netlist Resource(s)
  -------------------------------------------------------------------    -------------------
                         (clock axis_dma_clk rise edge)
                                                      0.000     0.000 r  
                                                      0.000     0.000 r  axis_dma_clk_i (IN)
                         net (fo=41, unset)           0.390     0.390    u_top/u_fixed/u_dma_adapter/axis_dma_clk_i
                         FDRE                                         r  u_top/u_fixed/u_dma_adapter/abort_count_o_reg[19]/C
  -------------------------------------------------------------------    -------------------
                         FDRE (Prop_fdre_C_Q)         0.118     0.508 r  u_top/u_fixed/u_dma_adapter/abort_count_o_reg[19]/Q
                         net (fo=2, unplaced)         0.216     0.724    u_top/u_fixed/u_dma_adapter/abort_count_o_reg[19]
                         CARRY4 (Prop_carry4_S[3]_O[3])
                                                      0.109     0.833 r  u_top/u_fixed/u_dma_adapter/abort_count_o_reg[16]_i_1/O[3]
                         net (fo=1, unplaced)         0.000     0.833    u_top/u_fixed/u_dma_adapter/abort_count_o_reg[16]_i_1_n_4
                         FDRE                                         r  u_top/u_fixed/u_dma_adapter/abort_count_o_reg[19]/D
  -------------------------------------------------------------------    -------------------

                         (clock axis_dma_clk rise edge)
                                                      0.000     0.000 r  
                                                      0.000     0.000 r  axis_dma_clk_i (IN)
                         net (fo=41, unset)           0.411     0.411    u_top/u_fixed/u_dma_adapter/axis_dma_clk_i
                         FDRE                                         r  u_top/u_fixed/u_dma_adapter/abort_count_o_reg[19]/C
                         clock pessimism              0.000     0.411    
                         FDRE (Hold_fdre_C_D)         0.077     0.488    u_top/u_fixed/u_dma_adapter/abort_count_o_reg[19]
  -------------------------------------------------------------------
                         required time                         -0.488    
                         arrival time                           0.833    
  -------------------------------------------------------------------
                         slack                                  0.345    

Slack (MET) :             0.345ns  (arrival time - required time)
  Source:                 u_top/u_fixed/u_dma_adapter/abort_count_o_reg[23]/C
                            (rising edge-triggered cell FDRE clocked by axis_dma_clk  {rise@0.000ns fall@5.000ns period=10.000ns})
  Destination:            u_top/u_fixed/u_dma_adapter/abort_count_o_reg[23]/D
                            (rising edge-triggered cell FDRE clocked by axis_dma_clk  {rise@0.000ns fall@5.000ns period=10.000ns})
  Path Group:             axis_dma_clk
  Path Type:              Hold (Min at Fast Process Corner)
  Requirement:            0.000ns  (axis_dma_clk rise@0.000ns - axis_dma_clk rise@0.000ns)
  Data Path Delay:        0.443ns  (logic 0.227ns (51.274%)  route 0.216ns (48.726%))
  Logic Levels:           1  (CARRY4=1)
  Clock Path Skew:        0.021ns (DCD - SCD - CPR)
    Destination Clock Delay (DCD):    0.411ns
    Source Clock Delay      (SCD):    0.390ns
    Clock Pessimism Removal (CPR):    -0.000ns

    Location             Delay type                Incr(ns)  Path(ns)    Netlist Resource(s)
  -------------------------------------------------------------------    -------------------
                         (clock axis_dma_clk rise edge)
                                                      0.000     0.000 r  
                                                      0.000     0.000 r  axis_dma_clk_i (IN)
                         net (fo=41, unset)           0.390     0.390    u_top/u_fixed/u_dma_adapter/axis_dma_clk_i
                         FDRE                                         r  u_top/u_fixed/u_dma_adapter/abort_count_o_reg[23]/C
  -------------------------------------------------------------------    -------------------
                         FDRE (Prop_fdre_C_Q)         0.118     0.508 r  u_top/u_fixed/u_dma_adapter/abort_count_o_reg[23]/Q
                         net (fo=2, unplaced)         0.216     0.724    u_top/u_fixed/u_dma_adapter/abort_count_o_reg[23]
                         CARRY4 (Prop_carry4_S[3]_O[3])
                                                      0.109     0.833 r  u_top/u_fixed/u_dma_adapter/abort_count_o_reg[20]_i_1/O[3]
                         net (fo=1, unplaced)         0.000     0.833    u_top/u_fixed/u_dma_adapter/abort_count_o_reg[20]_i_1_n_4
                         FDRE                                         r  u_top/u_fixed/u_dma_adapter/abort_count_o_reg[23]/D
  -------------------------------------------------------------------    -------------------

                         (clock axis_dma_clk rise edge)
                                                      0.000     0.000 r  
                                                      0.000     0.000 r  axis_dma_clk_i (IN)
                         net (fo=41, unset)           0.411     0.411    u_top/u_fixed/u_dma_adapter/axis_dma_clk_i
                         FDRE                                         r  u_top/u_fixed/u_dma_adapter/abort_count_o_reg[23]/C
                         clock pessimism              0.000     0.411    
                         FDRE (Hold_fdre_C_D)         0.077     0.488    u_top/u_fixed/u_dma_adapter/abort_count_o_reg[23]
  -------------------------------------------------------------------
                         required time                         -0.488    
                         arrival time                           0.833    
  -------------------------------------------------------------------
                         slack                                  0.345    

Slack (MET) :             0.345ns  (arrival time - required time)
  Source:                 u_top/u_fixed/u_dma_adapter/abort_count_o_reg[27]/C
                            (rising edge-triggered cell FDRE clocked by axis_dma_clk  {rise@0.000ns fall@5.000ns period=10.000ns})
  Destination:            u_top/u_fixed/u_dma_adapter/abort_count_o_reg[27]/D
                            (rising edge-triggered cell FDRE clocked by axis_dma_clk  {rise@0.000ns fall@5.000ns period=10.000ns})
  Path Group:             axis_dma_clk
  Path Type:              Hold (Min at Fast Process Corner)
  Requirement:            0.000ns  (axis_dma_clk rise@0.000ns - axis_dma_clk rise@0.000ns)
  Data Path Delay:        0.443ns  (logic 0.227ns (51.274%)  route 0.216ns (48.726%))
  Logic Levels:           1  (CARRY4=1)
  Clock Path Skew:        0.021ns (DCD - SCD - CPR)
    Destination Clock Delay (DCD):    0.411ns
    Source Clock Delay      (SCD):    0.390ns
    Clock Pessimism Removal (CPR):    -0.000ns

    Location             Delay type                Incr(ns)  Path(ns)    Netlist Resource(s)
  -------------------------------------------------------------------    -------------------
                         (clock axis_dma_clk rise edge)
                                                      0.000     0.000 r  
                                                      0.000     0.000 r  axis_dma_clk_i (IN)
                         net (fo=41, unset)           0.390     0.390    u_top/u_fixed/u_dma_adapter/axis_dma_clk_i
                         FDRE                                         r  u_top/u_fixed/u_dma_adapter/abort_count_o_reg[27]/C
  -------------------------------------------------------------------    -------------------
                         FDRE (Prop_fdre_C_Q)         0.118     0.508 r  u_top/u_fixed/u_dma_adapter/abort_count_o_reg[27]/Q
                         net (fo=2, unplaced)         0.216     0.724    u_top/u_fixed/u_dma_adapter/abort_count_o_reg[27]
                         CARRY4 (Prop_carry4_S[3]_O[3])
                                                      0.109     0.833 r  u_top/u_fixed/u_dma_adapter/abort_count_o_reg[24]_i_1/O[3]
                         net (fo=1, unplaced)         0.000     0.833    u_top/u_fixed/u_dma_adapter/abort_count_o_reg[24]_i_1_n_4
                         FDRE                                         r  u_top/u_fixed/u_dma_adapter/abort_count_o_reg[27]/D
  -------------------------------------------------------------------    -------------------

                         (clock axis_dma_clk rise edge)
                                                      0.000     0.000 r  
                                                      0.000     0.000 r  axis_dma_clk_i (IN)
                         net (fo=41, unset)           0.411     0.411    u_top/u_fixed/u_dma_adapter/axis_dma_clk_i
                         FDRE                                         r  u_top/u_fixed/u_dma_adapter/abort_count_o_reg[27]/C
                         clock pessimism              0.000     0.411    
                         FDRE (Hold_fdre_C_D)         0.077     0.488    u_top/u_fixed/u_dma_adapter/abort_count_o_reg[27]
  -------------------------------------------------------------------
                         required time                         -0.488    
                         arrival time                           0.833    
  -------------------------------------------------------------------
                         slack                                  0.345    

Slack (MET) :             0.345ns  (arrival time - required time)
  Source:                 u_top/u_fixed/u_dma_adapter/abort_count_o_reg[31]/C
                            (rising edge-triggered cell FDRE clocked by axis_dma_clk  {rise@0.000ns fall@5.000ns period=10.000ns})
  Destination:            u_top/u_fixed/u_dma_adapter/abort_count_o_reg[31]/D
                            (rising edge-triggered cell FDRE clocked by axis_dma_clk  {rise@0.000ns fall@5.000ns period=10.000ns})
  Path Group:             axis_dma_clk
  Path Type:              Hold (Min at Fast Process Corner)
  Requirement:            0.000ns  (axis_dma_clk rise@0.000ns - axis_dma_clk rise@0.000ns)
  Data Path Delay:        0.443ns  (logic 0.227ns (51.274%)  route 0.216ns (48.726%))
  Logic Levels:           1  (CARRY4=1)
  Clock Path Skew:        0.021ns (DCD - SCD - CPR)
    Destination Clock Delay (DCD):    0.411ns
    Source Clock Delay      (SCD):    0.390ns
    Clock Pessimism Removal (CPR):    -0.000ns

    Location             Delay type                Incr(ns)  Path(ns)    Netlist Resource(s)
  -------------------------------------------------------------------    -------------------
                         (clock axis_dma_clk rise edge)
                                                      0.000     0.000 r  
                                                      0.000     0.000 r  axis_dma_clk_i (IN)
                         net (fo=41, unset)           0.390     0.390    u_top/u_fixed/u_dma_adapter/axis_dma_clk_i
                         FDRE                                         r  u_top/u_fixed/u_dma_adapter/abort_count_o_reg[31]/C
  -------------------------------------------------------------------    -------------------
                         FDRE (Prop_fdre_C_Q)         0.118     0.508 r  u_top/u_fixed/u_dma_adapter/abort_count_o_reg[31]/Q
                         net (fo=2, unplaced)         0.216     0.724    u_top/u_fixed/u_dma_adapter/abort_count_o_reg[31]
                         CARRY4 (Prop_carry4_S[3]_O[3])
                                                      0.109     0.833 r  u_top/u_fixed/u_dma_adapter/abort_count_o_reg[28]_i_1/O[3]
                         net (fo=1, unplaced)         0.000     0.833    u_top/u_fixed/u_dma_adapter/abort_count_o_reg[28]_i_1_n_4
                         FDRE                                         r  u_top/u_fixed/u_dma_adapter/abort_count_o_reg[31]/D
  -------------------------------------------------------------------    -------------------

                         (clock axis_dma_clk rise edge)
                                                      0.000     0.000 r  
                                                      0.000     0.000 r  axis_dma_clk_i (IN)
                         net (fo=41, unset)           0.411     0.411    u_top/u_fixed/u_dma_adapter/axis_dma_clk_i
                         FDRE                                         r  u_top/u_fixed/u_dma_adapter/abort_count_o_reg[31]/C
                         clock pessimism              0.000     0.411    
                         FDRE (Hold_fdre_C_D)         0.077     0.488    u_top/u_fixed/u_dma_adapter/abort_count_o_reg[31]
  -------------------------------------------------------------------
                         required time                         -0.488    
                         arrival time                           0.833    
  -------------------------------------------------------------------
                         slack                                  0.345    

Slack (MET) :             0.345ns  (arrival time - required time)
  Source:                 u_top/u_fixed/u_dma_adapter/abort_count_o_reg[3]/C
                            (rising edge-triggered cell FDRE clocked by axis_dma_clk  {rise@0.000ns fall@5.000ns period=10.000ns})
  Destination:            u_top/u_fixed/u_dma_adapter/abort_count_o_reg[3]/D
                            (rising edge-triggered cell FDRE clocked by axis_dma_clk  {rise@0.000ns fall@5.000ns period=10.000ns})
  Path Group:             axis_dma_clk
  Path Type:              Hold (Min at Fast Process Corner)
  Requirement:            0.000ns  (axis_dma_clk rise@0.000ns - axis_dma_clk rise@0.000ns)
  Data Path Delay:        0.443ns  (logic 0.227ns (51.274%)  route 0.216ns (48.726%))
  Logic Levels:           1  (CARRY4=1)
  Clock Path Skew:        0.021ns (DCD - SCD - CPR)
    Destination Clock Delay (DCD):    0.411ns
    Source Clock Delay      (SCD):    0.390ns
    Clock Pessimism Removal (CPR):    -0.000ns

    Location             Delay type                Incr(ns)  Path(ns)    Netlist Resource(s)
  -------------------------------------------------------------------    -------------------
                         (clock axis_dma_clk rise edge)
                                                      0.000     0.000 r  
                                                      0.000     0.000 r  axis_dma_clk_i (IN)
                         net (fo=41, unset)           0.390     0.390    u_top/u_fixed/u_dma_adapter/axis_dma_clk_i
                         FDRE                                         r  u_top/u_fixed/u_dma_adapter/abort_count_o_reg[3]/C
  -------------------------------------------------------------------    -------------------
                         FDRE (Prop_fdre_C_Q)         0.118     0.508 r  u_top/u_fixed/u_dma_adapter/abort_count_o_reg[3]/Q
                         net (fo=2, unplaced)         0.216     0.724    u_top/u_fixed/u_dma_adapter/abort_count_o_reg[4]_0[0]
                         CARRY4 (Prop_carry4_S[3]_O[3])
                                                      0.109     0.833 r  u_top/u_fixed/u_dma_adapter/abort_count_o_reg[0]_i_1/O[3]
                         net (fo=1, unplaced)         0.000     0.833    u_top/u_fixed/u_dma_adapter/abort_count_o_reg[0]_i_1_n_4
                         FDRE                                         r  u_top/u_fixed/u_dma_adapter/abort_count_o_reg[3]/D
  -------------------------------------------------------------------    -------------------

                         (clock axis_dma_clk rise edge)
                                                      0.000     0.000 r  
                                                      0.000     0.000 r  axis_dma_clk_i (IN)
                         net (fo=41, unset)           0.411     0.411    u_top/u_fixed/u_dma_adapter/axis_dma_clk_i
                         FDRE                                         r  u_top/u_fixed/u_dma_adapter/abort_count_o_reg[3]/C
                         clock pessimism              0.000     0.411    
                         FDRE (Hold_fdre_C_D)         0.077     0.488    u_top/u_fixed/u_dma_adapter/abort_count_o_reg[3]
  -------------------------------------------------------------------
                         required time                         -0.488    
                         arrival time                           0.833    
  -------------------------------------------------------------------
                         slack                                  0.345    

Slack (MET) :             0.345ns  (arrival time - required time)
  Source:                 u_top/u_fixed/u_dma_adapter/abort_count_o_reg[7]/C
                            (rising edge-triggered cell FDRE clocked by axis_dma_clk  {rise@0.000ns fall@5.000ns period=10.000ns})
  Destination:            u_top/u_fixed/u_dma_adapter/abort_count_o_reg[7]/D
                            (rising edge-triggered cell FDRE clocked by axis_dma_clk  {rise@0.000ns fall@5.000ns period=10.000ns})
  Path Group:             axis_dma_clk
  Path Type:              Hold (Min at Fast Process Corner)
  Requirement:            0.000ns  (axis_dma_clk rise@0.000ns - axis_dma_clk rise@0.000ns)
  Data Path Delay:        0.443ns  (logic 0.227ns (51.274%)  route 0.216ns (48.726%))
  Logic Levels:           1  (CARRY4=1)
  Clock Path Skew:        0.021ns (DCD - SCD - CPR)
    Destination Clock Delay (DCD):    0.411ns
    Source Clock Delay      (SCD):    0.390ns
    Clock Pessimism Removal (CPR):    -0.000ns

    Location             Delay type                Incr(ns)  Path(ns)    Netlist Resource(s)
  -------------------------------------------------------------------    -------------------
                         (clock axis_dma_clk rise edge)
                                                      0.000     0.000 r  
                                                      0.000     0.000 r  axis_dma_clk_i (IN)
                         net (fo=41, unset)           0.390     0.390    u_top/u_fixed/u_dma_adapter/axis_dma_clk_i
                         FDRE                                         r  u_top/u_fixed/u_dma_adapter/abort_count_o_reg[7]/C
  -------------------------------------------------------------------    -------------------
                         FDRE (Prop_fdre_C_Q)         0.118     0.508 r  u_top/u_fixed/u_dma_adapter/abort_count_o_reg[7]/Q
                         net (fo=2, unplaced)         0.216     0.724    u_top/u_fixed/u_dma_adapter/abort_count_o_reg[7]
                         CARRY4 (Prop_carry4_S[3]_O[3])
                                                      0.109     0.833 r  u_top/u_fixed/u_dma_adapter/abort_count_o_reg[4]_i_1/O[3]
                         net (fo=1, unplaced)         0.000     0.833    u_top/u_fixed/u_dma_adapter/abort_count_o_reg[4]_i_1_n_4
                         FDRE                                         r  u_top/u_fixed/u_dma_adapter/abort_count_o_reg[7]/D
  -------------------------------------------------------------------    -------------------

                         (clock axis_dma_clk rise edge)
                                                      0.000     0.000 r  
                                                      0.000     0.000 r  axis_dma_clk_i (IN)
                         net (fo=41, unset)           0.411     0.411    u_top/u_fixed/u_dma_adapter/axis_dma_clk_i
                         FDRE                                         r  u_top/u_fixed/u_dma_adapter/abort_count_o_reg[7]/C
                         clock pessimism              0.000     0.411    
                         FDRE (Hold_fdre_C_D)         0.077     0.488    u_top/u_fixed/u_dma_adapter/abort_count_o_reg[7]
  -------------------------------------------------------------------
                         required time                         -0.488    
                         arrival time                           0.833    
  -------------------------------------------------------------------
                         slack                                  0.345    

Slack (MET) :             0.348ns  (arrival time - required time)
  Source:                 u_top/u_fixed/u_dma_adapter/abort_count_o_reg[12]/C
                            (rising edge-triggered cell FDRE clocked by axis_dma_clk  {rise@0.000ns fall@5.000ns period=10.000ns})
  Destination:            u_top/u_fixed/u_dma_adapter/abort_count_o_reg[12]/D
                            (rising edge-triggered cell FDRE clocked by axis_dma_clk  {rise@0.000ns fall@5.000ns period=10.000ns})
  Path Group:             axis_dma_clk
  Path Type:              Hold (Min at Fast Process Corner)
  Requirement:            0.000ns  (axis_dma_clk rise@0.000ns - axis_dma_clk rise@0.000ns)
  Data Path Delay:        0.445ns  (logic 0.233ns (52.330%)  route 0.212ns (47.670%))
  Logic Levels:           1  (CARRY4=1)
  Clock Path Skew:        0.021ns (DCD - SCD - CPR)
    Destination Clock Delay (DCD):    0.411ns
    Source Clock Delay      (SCD):    0.390ns
    Clock Pessimism Removal (CPR):    -0.000ns

    Location             Delay type                Incr(ns)  Path(ns)    Netlist Resource(s)
  -------------------------------------------------------------------    -------------------
                         (clock axis_dma_clk rise edge)
                                                      0.000     0.000 r  
                                                      0.000     0.000 r  axis_dma_clk_i (IN)
                         net (fo=41, unset)           0.390     0.390    u_top/u_fixed/u_dma_adapter/axis_dma_clk_i
                         FDRE                                         r  u_top/u_fixed/u_dma_adapter/abort_count_o_reg[12]/C
  -------------------------------------------------------------------    -------------------
                         FDRE (Prop_fdre_C_Q)         0.118     0.508 r  u_top/u_fixed/u_dma_adapter/abort_count_o_reg[12]/Q
                         net (fo=2, unplaced)         0.212     0.721    u_top/u_fixed/u_dma_adapter/abort_count_o_reg[12]
                         CARRY4 (Prop_carry4_S[0]_O[0])
                                                      0.115     0.836 r  u_top/u_fixed/u_dma_adapter/abort_count_o_reg[12]_i_1/O[0]
                         net (fo=1, unplaced)         0.000     0.836    u_top/u_fixed/u_dma_adapter/abort_count_o_reg[12]_i_1_n_7
                         FDRE                                         r  u_top/u_fixed/u_dma_adapter/abort_count_o_reg[12]/D
  -------------------------------------------------------------------    -------------------

                         (clock axis_dma_clk rise edge)
                                                      0.000     0.000 r  
                                                      0.000     0.000 r  axis_dma_clk_i (IN)
                         net (fo=41, unset)           0.411     0.411    u_top/u_fixed/u_dma_adapter/axis_dma_clk_i
                         FDRE                                         r  u_top/u_fixed/u_dma_adapter/abort_count_o_reg[12]/C
                         clock pessimism              0.000     0.411    
                         FDRE (Hold_fdre_C_D)         0.077     0.488    u_top/u_fixed/u_dma_adapter/abort_count_o_reg[12]
  -------------------------------------------------------------------
                         required time                         -0.488    
                         arrival time                           0.836    
  -------------------------------------------------------------------
                         slack                                  0.348    

Slack (MET) :             0.348ns  (arrival time - required time)
  Source:                 u_top/u_fixed/u_dma_adapter/abort_count_o_reg[16]/C
                            (rising edge-triggered cell FDRE clocked by axis_dma_clk  {rise@0.000ns fall@5.000ns period=10.000ns})
  Destination:            u_top/u_fixed/u_dma_adapter/abort_count_o_reg[16]/D
                            (rising edge-triggered cell FDRE clocked by axis_dma_clk  {rise@0.000ns fall@5.000ns period=10.000ns})
  Path Group:             axis_dma_clk
  Path Type:              Hold (Min at Fast Process Corner)
  Requirement:            0.000ns  (axis_dma_clk rise@0.000ns - axis_dma_clk rise@0.000ns)
  Data Path Delay:        0.445ns  (logic 0.233ns (52.330%)  route 0.212ns (47.670%))
  Logic Levels:           1  (CARRY4=1)
  Clock Path Skew:        0.021ns (DCD - SCD - CPR)
    Destination Clock Delay (DCD):    0.411ns
    Source Clock Delay      (SCD):    0.390ns
    Clock Pessimism Removal (CPR):    -0.000ns

    Location             Delay type                Incr(ns)  Path(ns)    Netlist Resource(s)
  -------------------------------------------------------------------    -------------------
                         (clock axis_dma_clk rise edge)
                                                      0.000     0.000 r  
                                                      0.000     0.000 r  axis_dma_clk_i (IN)
                         net (fo=41, unset)           0.390     0.390    u_top/u_fixed/u_dma_adapter/axis_dma_clk_i
                         FDRE                                         r  u_top/u_fixed/u_dma_adapter/abort_count_o_reg[16]/C
  -------------------------------------------------------------------    -------------------
                         FDRE (Prop_fdre_C_Q)         0.118     0.508 r  u_top/u_fixed/u_dma_adapter/abort_count_o_reg[16]/Q
                         net (fo=2, unplaced)         0.212     0.721    u_top/u_fixed/u_dma_adapter/abort_count_o_reg[16]
                         CARRY4 (Prop_carry4_S[0]_O[0])
                                                      0.115     0.836 r  u_top/u_fixed/u_dma_adapter/abort_count_o_reg[16]_i_1/O[0]
                         net (fo=1, unplaced)         0.000     0.836    u_top/u_fixed/u_dma_adapter/abort_count_o_reg[16]_i_1_n_7
                         FDRE                                         r  u_top/u_fixed/u_dma_adapter/abort_count_o_reg[16]/D
  -------------------------------------------------------------------    -------------------

                         (clock axis_dma_clk rise edge)
                                                      0.000     0.000 r  
                                                      0.000     0.000 r  axis_dma_clk_i (IN)
                         net (fo=41, unset)           0.411     0.411    u_top/u_fixed/u_dma_adapter/axis_dma_clk_i
                         FDRE                                         r  u_top/u_fixed/u_dma_adapter/abort_count_o_reg[16]/C
                         clock pessimism              0.000     0.411    
                         FDRE (Hold_fdre_C_D)         0.077     0.488    u_top/u_fixed/u_dma_adapter/abort_count_o_reg[16]
  -------------------------------------------------------------------
                         required time                         -0.488    
                         arrival time                           0.836    
  -------------------------------------------------------------------
                         slack                                  0.348    

Slack (MET) :             0.348ns  (arrival time - required time)
  Source:                 u_top/u_fixed/u_dma_adapter/abort_count_o_reg[20]/C
                            (rising edge-triggered cell FDRE clocked by axis_dma_clk  {rise@0.000ns fall@5.000ns period=10.000ns})
  Destination:            u_top/u_fixed/u_dma_adapter/abort_count_o_reg[20]/D
                            (rising edge-triggered cell FDRE clocked by axis_dma_clk  {rise@0.000ns fall@5.000ns period=10.000ns})
  Path Group:             axis_dma_clk
  Path Type:              Hold (Min at Fast Process Corner)
  Requirement:            0.000ns  (axis_dma_clk rise@0.000ns - axis_dma_clk rise@0.000ns)
  Data Path Delay:        0.445ns  (logic 0.233ns (52.330%)  route 0.212ns (47.670%))
  Logic Levels:           1  (CARRY4=1)
  Clock Path Skew:        0.021ns (DCD - SCD - CPR)
    Destination Clock Delay (DCD):    0.411ns
    Source Clock Delay      (SCD):    0.390ns
    Clock Pessimism Removal (CPR):    -0.000ns

    Location             Delay type                Incr(ns)  Path(ns)    Netlist Resource(s)
  -------------------------------------------------------------------    -------------------
                         (clock axis_dma_clk rise edge)
                                                      0.000     0.000 r  
                                                      0.000     0.000 r  axis_dma_clk_i (IN)
                         net (fo=41, unset)           0.390     0.390    u_top/u_fixed/u_dma_adapter/axis_dma_clk_i
                         FDRE                                         r  u_top/u_fixed/u_dma_adapter/abort_count_o_reg[20]/C
  -------------------------------------------------------------------    -------------------
                         FDRE (Prop_fdre_C_Q)         0.118     0.508 r  u_top/u_fixed/u_dma_adapter/abort_count_o_reg[20]/Q
                         net (fo=2, unplaced)         0.212     0.721    u_top/u_fixed/u_dma_adapter/abort_count_o_reg[20]
                         CARRY4 (Prop_carry4_S[0]_O[0])
                                                      0.115     0.836 r  u_top/u_fixed/u_dma_adapter/abort_count_o_reg[20]_i_1/O[0]
                         net (fo=1, unplaced)         0.000     0.836    u_top/u_fixed/u_dma_adapter/abort_count_o_reg[20]_i_1_n_7
                         FDRE                                         r  u_top/u_fixed/u_dma_adapter/abort_count_o_reg[20]/D
  -------------------------------------------------------------------    -------------------

                         (clock axis_dma_clk rise edge)
                                                      0.000     0.000 r  
                                                      0.000     0.000 r  axis_dma_clk_i (IN)
                         net (fo=41, unset)           0.411     0.411    u_top/u_fixed/u_dma_adapter/axis_dma_clk_i
                         FDRE                                         r  u_top/u_fixed/u_dma_adapter/abort_count_o_reg[20]/C
                         clock pessimism              0.000     0.411    
                         FDRE (Hold_fdre_C_D)         0.077     0.488    u_top/u_fixed/u_dma_adapter/abort_count_o_reg[20]
  -------------------------------------------------------------------
                         required time                         -0.488    
                         arrival time                           0.836    
  -------------------------------------------------------------------
                         slack                                  0.348    

Slack (MET) :             0.348ns  (arrival time - required time)
  Source:                 u_top/u_fixed/u_dma_adapter/abort_count_o_reg[24]/C
                            (rising edge-triggered cell FDRE clocked by axis_dma_clk  {rise@0.000ns fall@5.000ns period=10.000ns})
  Destination:            u_top/u_fixed/u_dma_adapter/abort_count_o_reg[24]/D
                            (rising edge-triggered cell FDRE clocked by axis_dma_clk  {rise@0.000ns fall@5.000ns period=10.000ns})
  Path Group:             axis_dma_clk
  Path Type:              Hold (Min at Fast Process Corner)
  Requirement:            0.000ns  (axis_dma_clk rise@0.000ns - axis_dma_clk rise@0.000ns)
  Data Path Delay:        0.445ns  (logic 0.233ns (52.330%)  route 0.212ns (47.670%))
  Logic Levels:           1  (CARRY4=1)
  Clock Path Skew:        0.021ns (DCD - SCD - CPR)
    Destination Clock Delay (DCD):    0.411ns
    Source Clock Delay      (SCD):    0.390ns
    Clock Pessimism Removal (CPR):    -0.000ns

    Location             Delay type                Incr(ns)  Path(ns)    Netlist Resource(s)
  -------------------------------------------------------------------    -------------------
                         (clock axis_dma_clk rise edge)
                                                      0.000     0.000 r  
                                                      0.000     0.000 r  axis_dma_clk_i (IN)
                         net (fo=41, unset)           0.390     0.390    u_top/u_fixed/u_dma_adapter/axis_dma_clk_i
                         FDRE                                         r  u_top/u_fixed/u_dma_adapter/abort_count_o_reg[24]/C
  -------------------------------------------------------------------    -------------------
                         FDRE (Prop_fdre_C_Q)         0.118     0.508 r  u_top/u_fixed/u_dma_adapter/abort_count_o_reg[24]/Q
                         net (fo=2, unplaced)         0.212     0.721    u_top/u_fixed/u_dma_adapter/abort_count_o_reg[24]
                         CARRY4 (Prop_carry4_S[0]_O[0])
                                                      0.115     0.836 r  u_top/u_fixed/u_dma_adapter/abort_count_o_reg[24]_i_1/O[0]
                         net (fo=1, unplaced)         0.000     0.836    u_top/u_fixed/u_dma_adapter/abort_count_o_reg[24]_i_1_n_7
                         FDRE                                         r  u_top/u_fixed/u_dma_adapter/abort_count_o_reg[24]/D
  -------------------------------------------------------------------    -------------------

                         (clock axis_dma_clk rise edge)
                                                      0.000     0.000 r  
                                                      0.000     0.000 r  axis_dma_clk_i (IN)
                         net (fo=41, unset)           0.411     0.411    u_top/u_fixed/u_dma_adapter/axis_dma_clk_i
                         FDRE                                         r  u_top/u_fixed/u_dma_adapter/abort_count_o_reg[24]/C
                         clock pessimism              0.000     0.411    
                         FDRE (Hold_fdre_C_D)         0.077     0.488    u_top/u_fixed/u_dma_adapter/abort_count_o_reg[24]
  -------------------------------------------------------------------
                         required time                         -0.488    
                         arrival time                           0.836    
  -------------------------------------------------------------------
                         slack                                  0.348    





Pulse Width Checks
--------------------------------------------------------------------------------------
Clock Name:         axis_dma_clk
Waveform(ns):       { 0.000 5.000 }
Period(ns):         10.000
Sources:            { axis_dma_clk_i }

Check Type        Corner  Lib Pin  Reference Pin  Required(ns)  Actual(ns)  Slack(ns)  Location  Pin
Min Period        n/a     FDCE/C   n/a            1.000         10.000      9.000                u_top/u_fixed/u_abort_axis_sync/sync_pipe_reg[0]/C
Min Period        n/a     FDCE/C   n/a            1.000         10.000      9.000                u_top/u_fixed/u_abort_axis_sync/sync_pipe_reg[1]/C
Min Period        n/a     FDCE/C   n/a            1.000         10.000      9.000                u_top/u_fixed/u_axis_reset/reset_pipe_reg[0]/C
Min Period        n/a     FDCE/C   n/a            1.000         10.000      9.000                u_top/u_fixed/u_axis_reset/reset_pipe_reg[1]/C
Min Period        n/a     FDCE/C   n/a            1.000         10.000      9.000                u_top/u_fixed/u_axis_reset/reset_pipe_reg[2]/C
Min Period        n/a     FDRE/C   n/a            1.000         10.000      9.000                u_top/u_fixed/u_dma_adapter/abort_count_o_reg[0]/C
Min Period        n/a     FDRE/C   n/a            1.000         10.000      9.000                u_top/u_fixed/u_dma_adapter/abort_count_o_reg[10]/C
Min Period        n/a     FDRE/C   n/a            1.000         10.000      9.000                u_top/u_fixed/u_dma_adapter/abort_count_o_reg[11]/C
Min Period        n/a     FDRE/C   n/a            1.000         10.000      9.000                u_top/u_fixed/u_dma_adapter/abort_count_o_reg[12]/C
Min Period        n/a     FDRE/C   n/a            1.000         10.000      9.000                u_top/u_fixed/u_dma_adapter/abort_count_o_reg[13]/C
Min Period        n/a     FDRE/C   n/a            1.000         10.000      9.000                u_top/u_fixed/u_dma_adapter/abort_count_o_reg[14]/C
Min Period        n/a     FDRE/C   n/a            1.000         10.000      9.000                u_top/u_fixed/u_dma_adapter/abort_count_o_reg[15]/C
Min Period        n/a     FDRE/C   n/a            1.000         10.000      9.000                u_top/u_fixed/u_dma_adapter/abort_count_o_reg[16]/C
Min Period        n/a     FDRE/C   n/a            1.000         10.000      9.000                u_top/u_fixed/u_dma_adapter/abort_count_o_reg[17]/C
Min Period        n/a     FDRE/C   n/a            1.000         10.000      9.000                u_top/u_fixed/u_dma_adapter/abort_count_o_reg[18]/C
Min Period        n/a     FDRE/C   n/a            1.000         10.000      9.000                u_top/u_fixed/u_dma_adapter/abort_count_o_reg[19]/C
Min Period        n/a     FDRE/C   n/a            1.000         10.000      9.000                u_top/u_fixed/u_dma_adapter/abort_count_o_reg[1]/C
Min Period        n/a     FDRE/C   n/a            1.000         10.000      9.000                u_top/u_fixed/u_dma_adapter/abort_count_o_reg[20]/C
Min Period        n/a     FDRE/C   n/a            1.000         10.000      9.000                u_top/u_fixed/u_dma_adapter/abort_count_o_reg[21]/C
Min Period        n/a     FDRE/C   n/a            1.000         10.000      9.000                u_top/u_fixed/u_dma_adapter/abort_count_o_reg[22]/C
Low Pulse Width   Slow    FDCE/C   n/a            0.500         5.000       4.500                u_top/u_fixed/u_abort_axis_sync/sync_pipe_reg[0]/C
Low Pulse Width   Fast    FDCE/C   n/a            0.500         5.000       4.500                u_top/u_fixed/u_abort_axis_sync/sync_pipe_reg[0]/C
Low Pulse Width   Slow    FDCE/C   n/a            0.500         5.000       4.500                u_top/u_fixed/u_abort_axis_sync/sync_pipe_reg[1]/C
Low Pulse Width   Fast    FDCE/C   n/a            0.500         5.000       4.500                u_top/u_fixed/u_abort_axis_sync/sync_pipe_reg[1]/C
Low Pulse Width   Slow    FDCE/C   n/a            0.500         5.000       4.500                u_top/u_fixed/u_axis_reset/reset_pipe_reg[0]/C
Low Pulse Width   Fast    FDCE/C   n/a            0.500         5.000       4.500                u_top/u_fixed/u_axis_reset/reset_pipe_reg[0]/C
Low Pulse Width   Slow    FDCE/C   n/a            0.500         5.000       4.500                u_top/u_fixed/u_axis_reset/reset_pipe_reg[1]/C
Low Pulse Width   Fast    FDCE/C   n/a            0.500         5.000       4.500                u_top/u_fixed/u_axis_reset/reset_pipe_reg[1]/C
Low Pulse Width   Slow    FDCE/C   n/a            0.500         5.000       4.500                u_top/u_fixed/u_axis_reset/reset_pipe_reg[2]/C
Low Pulse Width   Fast    FDCE/C   n/a            0.500         5.000       4.500                u_top/u_fixed/u_axis_reset/reset_pipe_reg[2]/C
Low Pulse Width   Slow    FDRE/C   n/a            0.500         5.000       4.500                u_top/u_fixed/u_dma_adapter/abort_count_o_reg[0]/C
Low Pulse Width   Fast    FDRE/C   n/a            0.500         5.000       4.500                u_top/u_fixed/u_dma_adapter/abort_count_o_reg[0]/C
Low Pulse Width   Slow    FDRE/C   n/a            0.500         5.000       4.500                u_top/u_fixed/u_dma_adapter/abort_count_o_reg[10]/C
Low Pulse Width   Fast    FDRE/C   n/a            0.500         5.000       4.500                u_top/u_fixed/u_dma_adapter/abort_count_o_reg[10]/C
Low Pulse Width   Slow    FDRE/C   n/a            0.500         5.000       4.500                u_top/u_fixed/u_dma_adapter/abort_count_o_reg[11]/C
Low Pulse Width   Fast    FDRE/C   n/a            0.500         5.000       4.500                u_top/u_fixed/u_dma_adapter/abort_count_o_reg[11]/C
Low Pulse Width   Slow    FDRE/C   n/a            0.500         5.000       4.500                u_top/u_fixed/u_dma_adapter/abort_count_o_reg[12]/C
Low Pulse Width   Fast    FDRE/C   n/a            0.500         5.000       4.500                u_top/u_fixed/u_dma_adapter/abort_count_o_reg[12]/C
Low Pulse Width   Slow    FDRE/C   n/a            0.500         5.000       4.500                u_top/u_fixed/u_dma_adapter/abort_count_o_reg[13]/C
Low Pulse Width   Fast    FDRE/C   n/a            0.500         5.000       4.500                u_top/u_fixed/u_dma_adapter/abort_count_o_reg[13]/C
High Pulse Width  Slow    FDCE/C   n/a            0.500         5.000       4.500                u_top/u_fixed/u_abort_axis_sync/sync_pipe_reg[0]/C
High Pulse Width  Fast    FDCE/C   n/a            0.500         5.000       4.500                u_top/u_fixed/u_abort_axis_sync/sync_pipe_reg[0]/C
High Pulse Width  Slow    FDCE/C   n/a            0.500         5.000       4.500                u_top/u_fixed/u_abort_axis_sync/sync_pipe_reg[1]/C
High Pulse Width  Fast    FDCE/C   n/a            0.500         5.000       4.500                u_top/u_fixed/u_abort_axis_sync/sync_pipe_reg[1]/C
High Pulse Width  Slow    FDCE/C   n/a            0.500         5.000       4.500                u_top/u_fixed/u_axis_reset/reset_pipe_reg[0]/C
High Pulse Width  Fast    FDCE/C   n/a            0.500         5.000       4.500                u_top/u_fixed/u_axis_reset/reset_pipe_reg[0]/C
High Pulse Width  Slow    FDCE/C   n/a            0.500         5.000       4.500                u_top/u_fixed/u_axis_reset/reset_pipe_reg[1]/C
High Pulse Width  Fast    FDCE/C   n/a            0.500         5.000       4.500                u_top/u_fixed/u_axis_reset/reset_pipe_reg[1]/C
High Pulse Width  Slow    FDCE/C   n/a            0.500         5.000       4.500                u_top/u_fixed/u_axis_reset/reset_pipe_reg[2]/C
High Pulse Width  Fast    FDCE/C   n/a            0.500         5.000       4.500                u_top/u_fixed/u_axis_reset/reset_pipe_reg[2]/C
High Pulse Width  Slow    FDRE/C   n/a            0.500         5.000       4.500                u_top/u_fixed/u_dma_adapter/abort_count_o_reg[0]/C
High Pulse Width  Fast    FDRE/C   n/a            0.500         5.000       4.500                u_top/u_fixed/u_dma_adapter/abort_count_o_reg[0]/C
High Pulse Width  Slow    FDRE/C   n/a            0.500         5.000       4.500                u_top/u_fixed/u_dma_adapter/abort_count_o_reg[10]/C
High Pulse Width  Fast    FDRE/C   n/a            0.500         5.000       4.500                u_top/u_fixed/u_dma_adapter/abort_count_o_reg[10]/C
High Pulse Width  Slow    FDRE/C   n/a            0.500         5.000       4.500                u_top/u_fixed/u_dma_adapter/abort_count_o_reg[11]/C
High Pulse Width  Fast    FDRE/C   n/a            0.500         5.000       4.500                u_top/u_fixed/u_dma_adapter/abort_count_o_reg[11]/C
High Pulse Width  Slow    FDRE/C   n/a            0.500         5.000       4.500                u_top/u_fixed/u_dma_adapter/abort_count_o_reg[12]/C
High Pulse Width  Fast    FDRE/C   n/a            0.500         5.000       4.500                u_top/u_fixed/u_dma_adapter/abort_count_o_reg[12]/C
High Pulse Width  Slow    FDRE/C   n/a            0.500         5.000       4.500                u_top/u_fixed/u_dma_adapter/abort_count_o_reg[13]/C
High Pulse Width  Fast    FDRE/C   n/a            0.500         5.000       4.500                u_top/u_fixed/u_dma_adapter/abort_count_o_reg[13]/C



---------------------------------------------------------------------------------------------------
From Clock:  protocol_clk
  To Clock:  protocol_clk

Setup :            0  Failing Endpoints,  Worst Slack        3.310ns,  Total Violation        0.000ns
Hold  :            0  Failing Endpoints,  Worst Slack        0.168ns,  Total Violation        0.000ns
PW    :            0  Failing Endpoints,  Worst Slack        6.682ns,  Total Violation        0.000ns
---------------------------------------------------------------------------------------------------


Max Delay Paths
--------------------------------------------------------------------------------------
Slack (MET) :             3.310ns  (required time - arrival time)
  Source:                 u_top/u_fixed/u_portable_architecture/data_plane/u_tx_window/entry_sequence_reg[43][0]/C
                            (rising edge-triggered cell FDRE clocked by protocol_clk  {rise@0.000ns fall@7.813ns period=15.625ns})
  Destination:            u_top/u_fixed/u_portable_architecture/data_plane/u_tx_window/outstanding_high_watermark_o_reg[0]/CE
                            (rising edge-triggered cell FDCE clocked by protocol_clk  {rise@0.000ns fall@7.813ns period=15.625ns})
  Path Group:             protocol_clk
  Path Type:              Setup (Max at Slow Process Corner)
  Requirement:            15.625ns  (protocol_clk rise@15.625ns - protocol_clk rise@0.000ns)
  Data Path Delay:        12.000ns  (logic 4.953ns (41.275%)  route 7.047ns (58.725%))
  Logic Levels:           25  (CARRY4=13 LUT1=2 LUT2=1 LUT4=3 LUT6=6)
  Clock Path Skew:        -0.039ns (DCD - SCD + CPR)
    Destination Clock Delay (DCD):    0.748ns = ( 16.373 - 15.625 ) 
    Source Clock Delay      (SCD):    0.787ns
    Clock Pessimism Removal (CPR):    0.000ns
  Clock Uncertainty:      0.035ns  ((TSJ^2 + TIJ^2)^1/2 + DJ) / 2 + PE
    Total System Jitter     (TSJ):    0.071ns
    Total Input Jitter      (TIJ):    0.000ns
    Discrete Jitter          (DJ):    0.000ns
    Phase Error              (PE):    0.000ns

    Location             Delay type                Incr(ns)  Path(ns)    Netlist Resource(s)
  -------------------------------------------------------------------    -------------------
                         (clock protocol_clk rise edge)
                                                      0.000     0.000 r  
                                                      0.000     0.000 r  protocol_clk_i (IN)
                         net (fo=12845, unset)        0.787     0.787    u_top/u_fixed/u_portable_architecture/data_plane/u_tx_window/protocol_clk_i
                         FDRE                                         r  u_top/u_fixed/u_portable_architecture/data_plane/u_tx_window/entry_sequence_reg[43][0]/C
  -------------------------------------------------------------------    -------------------
                         FDRE (Prop_fdre_C_Q)         0.303     1.090 r  u_top/u_fixed/u_portable_architecture/data_plane/u_tx_window/entry_sequence_reg[43][0]/Q
                         net (fo=3, unplaced)         0.797     1.887    u_top/u_fixed/u_portable_architecture/data_plane/u_tx_window/entry_sequence_reg[43]_164[0]
                         LUT6 (Prop_lut6_I0_O)        0.232     2.119 r  u_top/u_fixed/u_portable_architecture/data_plane/u_tx_window/ack_reclaimed_count[31]_i_470/O
                         net (fo=1, unplaced)         0.938     3.057    u_top/u_fixed/u_portable_architecture/data_plane/u_tx_window/ack_reclaimed_count[31]_i_470_n_0
                         LUT6 (Prop_lut6_I1_O)        0.105     3.162 r  u_top/u_fixed/u_portable_architecture/data_plane/u_tx_window/ack_reclaimed_count[31]_i_416/O
                         net (fo=1, unplaced)         0.347     3.509    u_top/u_fixed/u_portable_architecture/data_plane/u_tx_window/ack_reclaimed_count[31]_i_416_n_0
                         LUT6 (Prop_lut6_I5_O)        0.105     3.614 f  u_top/u_fixed/u_portable_architecture/data_plane/u_tx_window/ack_reclaimed_count[31]_i_171/O
                         net (fo=1, unplaced)         0.347     3.961    u_top/u_fixed/u_portable_architecture/data_plane/u_tx_window/ack_reclaimed_count[31]_i_171_n_0
                         LUT6 (Prop_lut6_I1_O)        0.105     4.066 f  u_top/u_fixed/u_portable_architecture/data_plane/u_tx_window/ack_reclaimed_count[31]_i_82/O
                         net (fo=4, unplaced)         0.371     4.437    u_top/u_fixed/u_portable_architecture/data_plane/u_tx_window/ack_reclaimed_count[31]_i_82_n_0
                         LUT1 (Prop_lut1_I0_O)        0.105     4.542 r  u_top/u_fixed/u_portable_architecture/data_plane/u_tx_window/ack_reclaimed_count[31]_i_249/O
                         net (fo=1, unplaced)         0.000     4.542    u_top/u_fixed/u_portable_architecture/data_plane/u_tx_window/ack_reclaimed_count[31]_i_249_n_0
                         CARRY4 (Prop_carry4_DI[0]_CO[3])
                                                      0.477     5.019 r  u_top/u_fixed/u_portable_architecture/data_plane/u_tx_window/ack_reclaimed_count_reg[31]_i_106/CO[3]
                         net (fo=1, unplaced)         0.008     5.027    u_top/u_fixed/u_portable_architecture/data_plane/u_tx_window/ack_reclaimed_count_reg[31]_i_106_n_0
                         CARRY4 (Prop_carry4_CI_CO[3])
                                                      0.100     5.127 r  u_top/u_fixed/u_portable_architecture/data_plane/u_tx_window/ack_reclaimed_count_reg[31]_i_105/CO[3]
                         net (fo=1, unplaced)         0.000     5.127    u_top/u_fixed/u_portable_architecture/data_plane/u_tx_window/ack_reclaimed_count_reg[31]_i_105_n_0
                         CARRY4 (Prop_carry4_CI_O[1])
                                                      0.269     5.396 f  u_top/u_fixed/u_portable_architecture/data_plane/u_tx_window/ack_reclaimed_count_reg[31]_i_54/O[1]
                         net (fo=2, unplaced)         0.483     5.879    u_top/u_fixed/u_portable_architecture/data_plane/u_tx_window/seq_distance_return4_out[9]
                         LUT4 (Prop_lut4_I0_O)        0.265     6.144 r  u_top/u_fixed/u_portable_architecture/data_plane/u_tx_window/ack_reclaimed_count[31]_i_23/O
                         net (fo=1, unplaced)         0.000     6.144    u_top/u_fixed/u_portable_architecture/data_plane/u_tx_window/ack_reclaimed_count[31]_i_23_n_0
                         CARRY4 (Prop_carry4_DI[0]_CO[3])
                                                      0.477     6.621 r  u_top/u_fixed/u_portable_architecture/data_plane/u_tx_window/ack_reclaimed_count_reg[31]_i_8/CO[3]
                         net (fo=2, unplaced)         0.781     7.402    u_top/u_fixed/u_portable_architecture/data_plane/u_tx_window/ack_scan_in_snapshot
                         LUT6 (Prop_lut6_I5_O)        0.105     7.507 f  u_top/u_fixed/u_portable_architecture/data_plane/u_tx_window/ack_reclaimed_count[31]_i_3/O
                         net (fo=107, unplaced)       0.429     7.936    u_top/u_fixed/u_portable_architecture/data_plane/u_tx_window/ack_reclaimed_count[31]_i_3_n_0
                         LUT6 (Prop_lut6_I4_O)        0.105     8.041 r  u_top/u_fixed/u_portable_architecture/data_plane/u_tx_window/entry_valid[62]_i_3__0/O
                         net (fo=62, unplaced)        0.416     8.457    u_top/u_fixed/u_portable_architecture/data_plane/u_tx_window/ack_state_reg[1]_1
                         LUT4 (Prop_lut4_I0_O)        0.105     8.562 r  u_top/u_fixed/u_portable_architecture/data_plane/u_tx_window/outstanding_high_watermark_o[6]_i_4/O
                         net (fo=56, unplaced)        0.432     8.994    u_top/u_fixed/u_portable_architecture/data_plane/u_tx_window/ack_state_reg[1]_0
                         LUT2 (Prop_lut2_I1_O)        0.105     9.099 r  u_top/u_fixed/u_portable_architecture/data_plane/u_tx_window/outstanding_high_watermark_o[6]_i_87/O
                         net (fo=1, unplaced)         0.000     9.099    u_top/u_fixed/u_portable_architecture/data_plane/u_tx_window/outstanding_high_watermark_o[6]_i_87_n_0
                         CARRY4 (Prop_carry4_S[1]_CO[3])
                                                      0.444     9.543 r  u_top/u_fixed/u_portable_architecture/data_plane/u_tx_window/outstanding_high_watermark_o_reg[6]_i_80/CO[3]
                         net (fo=1, unplaced)         0.008     9.551    u_top/u_fixed/u_portable_architecture/data_plane/u_tx_window/outstanding_high_watermark_o_reg[6]_i_80_n_0
                         CARRY4 (Prop_carry4_CI_CO[3])
                                                      0.100     9.651 r  u_top/u_fixed/u_portable_architecture/data_plane/u_tx_window/outstanding_high_watermark_o_reg[6]_i_75/CO[3]
                         net (fo=1, unplaced)         0.000     9.651    u_top/u_fixed/u_portable_architecture/data_plane/u_tx_window/outstanding_high_watermark_o_reg[6]_i_75_n_0
                         CARRY4 (Prop_carry4_CI_CO[3])
                                                      0.100     9.751 r  u_top/u_fixed/u_portable_architecture/data_plane/u_tx_window/outstanding_high_watermark_o_reg[6]_i_66/CO[3]
                         net (fo=1, unplaced)         0.000     9.751    u_top/u_fixed/u_portable_architecture/data_plane/u_tx_window/outstanding_high_watermark_o_reg[6]_i_66_n_0
                         CARRY4 (Prop_carry4_CI_CO[3])
                                                      0.100     9.851 r  u_top/u_fixed/u_portable_architecture/data_plane/u_tx_window/outstanding_high_watermark_o_reg[6]_i_56/CO[3]
                         net (fo=1, unplaced)         0.000     9.851    u_top/u_fixed/u_portable_architecture/data_plane/u_tx_window/outstanding_high_watermark_o_reg[6]_i_56_n_0
                         CARRY4 (Prop_carry4_CI_CO[3])
                                                      0.100     9.951 r  u_top/u_fixed/u_portable_architecture/data_plane/u_tx_window/outstanding_high_watermark_o_reg[6]_i_46/CO[3]
                         net (fo=1, unplaced)         0.000     9.951    u_top/u_fixed/u_portable_architecture/data_plane/u_tx_window/outstanding_high_watermark_o_reg[6]_i_46_n_0
                         CARRY4 (Prop_carry4_CI_CO[3])
                                                      0.100    10.051 r  u_top/u_fixed/u_portable_architecture/data_plane/u_tx_window/outstanding_high_watermark_o_reg[6]_i_36/CO[3]
                         net (fo=1, unplaced)         0.000    10.051    u_top/u_fixed/u_portable_architecture/data_plane/u_tx_window/outstanding_high_watermark_o_reg[6]_i_36_n_0
                         CARRY4 (Prop_carry4_CI_CO[3])
                                                      0.100    10.151 r  u_top/u_fixed/u_portable_architecture/data_plane/u_tx_window/outstanding_high_watermark_o_reg[6]_i_26/CO[3]
                         net (fo=1, unplaced)         0.000    10.151    u_top/u_fixed/u_portable_architecture/data_plane/u_tx_window/outstanding_high_watermark_o_reg[6]_i_26_n_0
                         CARRY4 (Prop_carry4_CI_O[3])
                                                      0.277    10.428 f  u_top/u_fixed/u_portable_architecture/data_plane/u_tx_window/outstanding_high_watermark_o_reg[6]_i_20/O[3]
                         net (fo=1, unplaced)         0.519    10.947    u_top/u_fixed/u_portable_architecture/data_plane/u_tx_window/outstanding_high_watermark_o_reg[6]_i_20_n_4
                         LUT1 (Prop_lut1_I0_O)        0.250    11.197 r  u_top/u_fixed/u_portable_architecture/data_plane/u_tx_window/outstanding_high_watermark_o[6]_i_8/O
                         net (fo=1, unplaced)         0.000    11.197    u_top/u_fixed/u_portable_architecture/data_plane/u_tx_window/outstanding_high_watermark_o[6]_i_8_n_0
                         CARRY4 (Prop_carry4_S[3]_CO[3])
                                                      0.314    11.511 f  u_top/u_fixed/u_portable_architecture/data_plane/u_tx_window/outstanding_high_watermark_o_reg[6]_i_5/CO[3]
                         net (fo=1, unplaced)         0.770    12.281    u_top/u_fixed/u_portable_architecture/data_plane/u_tx_window/outstanding_high_watermark_o_reg[6]_i_5_n_0
                         LUT4 (Prop_lut4_I2_O)        0.105    12.386 r  u_top/u_fixed/u_portable_architecture/data_plane/u_tx_window/outstanding_high_watermark_o[6]_i_1/O
                         net (fo=7, unplaced)         0.401    12.787    u_top/u_fixed/u_portable_architecture/data_plane/u_tx_window/outstanding_high_watermark_o[6]_i_1_n_0
                         FDCE                                         r  u_top/u_fixed/u_portable_architecture/data_plane/u_tx_window/outstanding_high_watermark_o_reg[0]/CE
  -------------------------------------------------------------------    -------------------

                         (clock protocol_clk rise edge)
                                                     15.625    15.625 r  
                                                      0.000    15.625 r  protocol_clk_i (IN)
                         net (fo=12845, unset)        0.748    16.373    u_top/u_fixed/u_portable_architecture/data_plane/u_tx_window/protocol_clk_i
                         FDCE                                         r  u_top/u_fixed/u_portable_architecture/data_plane/u_tx_window/outstanding_high_watermark_o_reg[0]/C
                         clock pessimism              0.000    16.373    
                         clock uncertainty           -0.035    16.337    
                         FDCE (Setup_fdce_C_CE)      -0.240    16.097    u_top/u_fixed/u_portable_architecture/data_plane/u_tx_window/outstanding_high_watermark_o_reg[0]
  -------------------------------------------------------------------
                         required time                         16.097    
                         arrival time                         -12.787    
  -------------------------------------------------------------------
                         slack                                  3.310    

Slack (MET) :             3.310ns  (required time - arrival time)
  Source:                 u_top/u_fixed/u_portable_architecture/data_plane/u_tx_window/entry_sequence_reg[43][0]/C
                            (rising edge-triggered cell FDRE clocked by protocol_clk  {rise@0.000ns fall@7.813ns period=15.625ns})
  Destination:            u_top/u_fixed/u_portable_architecture/data_plane/u_tx_window/outstanding_high_watermark_o_reg[1]/CE
                            (rising edge-triggered cell FDCE clocked by protocol_clk  {rise@0.000ns fall@7.813ns period=15.625ns})
  Path Group:             protocol_clk
  Path Type:              Setup (Max at Slow Process Corner)
  Requirement:            15.625ns  (protocol_clk rise@15.625ns - protocol_clk rise@0.000ns)
  Data Path Delay:        12.000ns  (logic 4.953ns (41.275%)  route 7.047ns (58.725%))
  Logic Levels:           25  (CARRY4=13 LUT1=2 LUT2=1 LUT4=3 LUT6=6)
  Clock Path Skew:        -0.039ns (DCD - SCD + CPR)
    Destination Clock Delay (DCD):    0.748ns = ( 16.373 - 15.625 ) 
    Source Clock Delay      (SCD):    0.787ns
    Clock Pessimism Removal (CPR):    0.000ns
  Clock Uncertainty:      0.035ns  ((TSJ^2 + TIJ^2)^1/2 + DJ) / 2 + PE
    Total System Jitter     (TSJ):    0.071ns
    Total Input Jitter      (TIJ):    0.000ns
    Discrete Jitter          (DJ):    0.000ns
    Phase Error              (PE):    0.000ns

    Location             Delay type                Incr(ns)  Path(ns)    Netlist Resource(s)
  -------------------------------------------------------------------    -------------------
                         (clock protocol_clk rise edge)
                                                      0.000     0.000 r  
                                                      0.000     0.000 r  protocol_clk_i (IN)
                         net (fo=12845, unset)        0.787     0.787    u_top/u_fixed/u_portable_architecture/data_plane/u_tx_window/protocol_clk_i
                         FDRE                                         r  u_top/u_fixed/u_portable_architecture/data_plane/u_tx_window/entry_sequence_reg[43][0]/C
  -------------------------------------------------------------------    -------------------
                         FDRE (Prop_fdre_C_Q)         0.303     1.090 r  u_top/u_fixed/u_portable_architecture/data_plane/u_tx_window/entry_sequence_reg[43][0]/Q
                         net (fo=3, unplaced)         0.797     1.887    u_top/u_fixed/u_portable_architecture/data_plane/u_tx_window/entry_sequence_reg[43]_164[0]
                         LUT6 (Prop_lut6_I0_O)        0.232     2.119 r  u_top/u_fixed/u_portable_architecture/data_plane/u_tx_window/ack_reclaimed_count[31]_i_470/O
                         net (fo=1, unplaced)         0.938     3.057    u_top/u_fixed/u_portable_architecture/data_plane/u_tx_window/ack_reclaimed_count[31]_i_470_n_0
                         LUT6 (Prop_lut6_I1_O)        0.105     3.162 r  u_top/u_fixed/u_portable_architecture/data_plane/u_tx_window/ack_reclaimed_count[31]_i_416/O
                         net (fo=1, unplaced)         0.347     3.509    u_top/u_fixed/u_portable_architecture/data_plane/u_tx_window/ack_reclaimed_count[31]_i_416_n_0
                         LUT6 (Prop_lut6_I5_O)        0.105     3.614 f  u_top/u_fixed/u_portable_architecture/data_plane/u_tx_window/ack_reclaimed_count[31]_i_171/O
                         net (fo=1, unplaced)         0.347     3.961    u_top/u_fixed/u_portable_architecture/data_plane/u_tx_window/ack_reclaimed_count[31]_i_171_n_0
                         LUT6 (Prop_lut6_I1_O)        0.105     4.066 f  u_top/u_fixed/u_portable_architecture/data_plane/u_tx_window/ack_reclaimed_count[31]_i_82/O
                         net (fo=4, unplaced)         0.371     4.437    u_top/u_fixed/u_portable_architecture/data_plane/u_tx_window/ack_reclaimed_count[31]_i_82_n_0
                         LUT1 (Prop_lut1_I0_O)        0.105     4.542 r  u_top/u_fixed/u_portable_architecture/data_plane/u_tx_window/ack_reclaimed_count[31]_i_249/O
                         net (fo=1, unplaced)         0.000     4.542    u_top/u_fixed/u_portable_architecture/data_plane/u_tx_window/ack_reclaimed_count[31]_i_249_n_0
                         CARRY4 (Prop_carry4_DI[0]_CO[3])
                                                      0.477     5.019 r  u_top/u_fixed/u_portable_architecture/data_plane/u_tx_window/ack_reclaimed_count_reg[31]_i_106/CO[3]
                         net (fo=1, unplaced)         0.008     5.027    u_top/u_fixed/u_portable_architecture/data_plane/u_tx_window/ack_reclaimed_count_reg[31]_i_106_n_0
                         CARRY4 (Prop_carry4_CI_CO[3])
                                                      0.100     5.127 r  u_top/u_fixed/u_portable_architecture/data_plane/u_tx_window/ack_reclaimed_count_reg[31]_i_105/CO[3]
                         net (fo=1, unplaced)         0.000     5.127    u_top/u_fixed/u_portable_architecture/data_plane/u_tx_window/ack_reclaimed_count_reg[31]_i_105_n_0
                         CARRY4 (Prop_carry4_CI_O[1])
                                                      0.269     5.396 f  u_top/u_fixed/u_portable_architecture/data_plane/u_tx_window/ack_reclaimed_count_reg[31]_i_54/O[1]
                         net (fo=2, unplaced)         0.483     5.879    u_top/u_fixed/u_portable_architecture/data_plane/u_tx_window/seq_distance_return4_out[9]
                         LUT4 (Prop_lut4_I0_O)        0.265     6.144 r  u_top/u_fixed/u_portable_architecture/data_plane/u_tx_window/ack_reclaimed_count[31]_i_23/O
                         net (fo=1, unplaced)         0.000     6.144    u_top/u_fixed/u_portable_architecture/data_plane/u_tx_window/ack_reclaimed_count[31]_i_23_n_0
                         CARRY4 (Prop_carry4_DI[0]_CO[3])
                                                      0.477     6.621 r  u_top/u_fixed/u_portable_architecture/data_plane/u_tx_window/ack_reclaimed_count_reg[31]_i_8/CO[3]
                         net (fo=2, unplaced)         0.781     7.402    u_top/u_fixed/u_portable_architecture/data_plane/u_tx_window/ack_scan_in_snapshot
                         LUT6 (Prop_lut6_I5_O)        0.105     7.507 f  u_top/u_fixed/u_portable_architecture/data_plane/u_tx_window/ack_reclaimed_count[31]_i_3/O
                         net (fo=107, unplaced)       0.429     7.936    u_top/u_fixed/u_portable_architecture/data_plane/u_tx_window/ack_reclaimed_count[31]_i_3_n_0
                         LUT6 (Prop_lut6_I4_O)        0.105     8.041 r  u_top/u_fixed/u_portable_architecture/data_plane/u_tx_window/entry_valid[62]_i_3__0/O
                         net (fo=62, unplaced)        0.416     8.457    u_top/u_fixed/u_portable_architecture/data_plane/u_tx_window/ack_state_reg[1]_1
                         LUT4 (Prop_lut4_I0_O)        0.105     8.562 r  u_top/u_fixed/u_portable_architecture/data_plane/u_tx_window/outstanding_high_watermark_o[6]_i_4/O
                         net (fo=56, unplaced)        0.432     8.994    u_top/u_fixed/u_portable_architecture/data_plane/u_tx_window/ack_state_reg[1]_0
                         LUT2 (Prop_lut2_I1_O)        0.105     9.099 r  u_top/u_fixed/u_portable_architecture/data_plane/u_tx_window/outstanding_high_watermark_o[6]_i_87/O
                         net (fo=1, unplaced)         0.000     9.099    u_top/u_fixed/u_portable_architecture/data_plane/u_tx_window/outstanding_high_watermark_o[6]_i_87_n_0
                         CARRY4 (Prop_carry4_S[1]_CO[3])
                                                      0.444     9.543 r  u_top/u_fixed/u_portable_architecture/data_plane/u_tx_window/outstanding_high_watermark_o_reg[6]_i_80/CO[3]
                         net (fo=1, unplaced)         0.008     9.551    u_top/u_fixed/u_portable_architecture/data_plane/u_tx_window/outstanding_high_watermark_o_reg[6]_i_80_n_0
                         CARRY4 (Prop_carry4_CI_CO[3])
                                                      0.100     9.651 r  u_top/u_fixed/u_portable_architecture/data_plane/u_tx_window/outstanding_high_watermark_o_reg[6]_i_75/CO[3]
                         net (fo=1, unplaced)         0.000     9.651    u_top/u_fixed/u_portable_architecture/data_plane/u_tx_window/outstanding_high_watermark_o_reg[6]_i_75_n_0
                         CARRY4 (Prop_carry4_CI_CO[3])
                                                      0.100     9.751 r  u_top/u_fixed/u_portable_architecture/data_plane/u_tx_window/outstanding_high_watermark_o_reg[6]_i_66/CO[3]
                         net (fo=1, unplaced)         0.000     9.751    u_top/u_fixed/u_portable_architecture/data_plane/u_tx_window/outstanding_high_watermark_o_reg[6]_i_66_n_0
                         CARRY4 (Prop_carry4_CI_CO[3])
                                                      0.100     9.851 r  u_top/u_fixed/u_portable_architecture/data_plane/u_tx_window/outstanding_high_watermark_o_reg[6]_i_56/CO[3]
                         net (fo=1, unplaced)         0.000     9.851    u_top/u_fixed/u_portable_architecture/data_plane/u_tx_window/outstanding_high_watermark_o_reg[6]_i_56_n_0
                         CARRY4 (Prop_carry4_CI_CO[3])
                                                      0.100     9.951 r  u_top/u_fixed/u_portable_architecture/data_plane/u_tx_window/outstanding_high_watermark_o_reg[6]_i_46/CO[3]
                         net (fo=1, unplaced)         0.000     9.951    u_top/u_fixed/u_portable_architecture/data_plane/u_tx_window/outstanding_high_watermark_o_reg[6]_i_46_n_0
                         CARRY4 (Prop_carry4_CI_CO[3])
                                                      0.100    10.051 r  u_top/u_fixed/u_portable_architecture/data_plane/u_tx_window/outstanding_high_watermark_o_reg[6]_i_36/CO[3]
                         net (fo=1, unplaced)         0.000    10.051    u_top/u_fixed/u_portable_architecture/data_plane/u_tx_window/outstanding_high_watermark_o_reg[6]_i_36_n_0
                         CARRY4 (Prop_carry4_CI_CO[3])
                                                      0.100    10.151 r  u_top/u_fixed/u_portable_architecture/data_plane/u_tx_window/outstanding_high_watermark_o_reg[6]_i_26/CO[3]
                         net (fo=1, unplaced)         0.000    10.151    u_top/u_fixed/u_portable_architecture/data_plane/u_tx_window/outstanding_high_watermark_o_reg[6]_i_26_n_0
                         CARRY4 (Prop_carry4_CI_O[3])
                                                      0.277    10.428 f  u_top/u_fixed/u_portable_architecture/data_plane/u_tx_window/outstanding_high_watermark_o_reg[6]_i_20/O[3]
                         net (fo=1, unplaced)         0.519    10.947    u_top/u_fixed/u_portable_architecture/data_plane/u_tx_window/outstanding_high_watermark_o_reg[6]_i_20_n_4
                         LUT1 (Prop_lut1_I0_O)        0.250    11.197 r  u_top/u_fixed/u_portable_architecture/data_plane/u_tx_window/outstanding_high_watermark_o[6]_i_8/O
                         net (fo=1, unplaced)         0.000    11.197    u_top/u_fixed/u_portable_architecture/data_plane/u_tx_window/outstanding_high_watermark_o[6]_i_8_n_0
                         CARRY4 (Prop_carry4_S[3]_CO[3])
                                                      0.314    11.511 f  u_top/u_fixed/u_portable_architecture/data_plane/u_tx_window/outstanding_high_watermark_o_reg[6]_i_5/CO[3]
                         net (fo=1, unplaced)         0.770    12.281    u_top/u_fixed/u_portable_architecture/data_plane/u_tx_window/outstanding_high_watermark_o_reg[6]_i_5_n_0
                         LUT4 (Prop_lut4_I2_O)        0.105    12.386 r  u_top/u_fixed/u_portable_architecture/data_plane/u_tx_window/outstanding_high_watermark_o[6]_i_1/O
                         net (fo=7, unplaced)         0.401    12.787    u_top/u_fixed/u_portable_architecture/data_plane/u_tx_window/outstanding_high_watermark_o[6]_i_1_n_0
                         FDCE                                         r  u_top/u_fixed/u_portable_architecture/data_plane/u_tx_window/outstanding_high_watermark_o_reg[1]/CE
  -------------------------------------------------------------------    -------------------

                         (clock protocol_clk rise edge)
                                                     15.625    15.625 r  
                                                      0.000    15.625 r  protocol_clk_i (IN)
                         net (fo=12845, unset)        0.748    16.373    u_top/u_fixed/u_portable_architecture/data_plane/u_tx_window/protocol_clk_i
                         FDCE                                         r  u_top/u_fixed/u_portable_architecture/data_plane/u_tx_window/outstanding_high_watermark_o_reg[1]/C
                         clock pessimism              0.000    16.373    
                         clock uncertainty           -0.035    16.337    
                         FDCE (Setup_fdce_C_CE)      -0.240    16.097    u_top/u_fixed/u_portable_architecture/data_plane/u_tx_window/outstanding_high_watermark_o_reg[1]
  -------------------------------------------------------------------
                         required time                         16.097    
                         arrival time                         -12.787    
  -------------------------------------------------------------------
                         slack                                  3.310    

Slack (MET) :             3.310ns  (required time - arrival time)
  Source:                 u_top/u_fixed/u_portable_architecture/data_plane/u_tx_window/entry_sequence_reg[43][0]/C
                            (rising edge-triggered cell FDRE clocked by protocol_clk  {rise@0.000ns fall@7.813ns period=15.625ns})
  Destination:            u_top/u_fixed/u_portable_architecture/data_plane/u_tx_window/outstanding_high_watermark_o_reg[2]/CE
                            (rising edge-triggered cell FDCE clocked by protocol_clk  {rise@0.000ns fall@7.813ns period=15.625ns})
  Path Group:             protocol_clk
  Path Type:              Setup (Max at Slow Process Corner)
  Requirement:            15.625ns  (protocol_clk rise@15.625ns - protocol_clk rise@0.000ns)
  Data Path Delay:        12.000ns  (logic 4.953ns (41.275%)  route 7.047ns (58.725%))
  Logic Levels:           25  (CARRY4=13 LUT1=2 LUT2=1 LUT4=3 LUT6=6)
  Clock Path Skew:        -0.039ns (DCD - SCD + CPR)
    Destination Clock Delay (DCD):    0.748ns = ( 16.373 - 15.625 ) 
    Source Clock Delay      (SCD):    0.787ns
    Clock Pessimism Removal (CPR):    0.000ns
  Clock Uncertainty:      0.035ns  ((TSJ^2 + TIJ^2)^1/2 + DJ) / 2 + PE
    Total System Jitter     (TSJ):    0.071ns
    Total Input Jitter      (TIJ):    0.000ns
    Discrete Jitter          (DJ):    0.000ns
    Phase Error              (PE):    0.000ns

    Location             Delay type                Incr(ns)  Path(ns)    Netlist Resource(s)
  -------------------------------------------------------------------    -------------------
                         (clock protocol_clk rise edge)
                                                      0.000     0.000 r  
                                                      0.000     0.000 r  protocol_clk_i (IN)
                         net (fo=12845, unset)        0.787     0.787    u_top/u_fixed/u_portable_architecture/data_plane/u_tx_window/protocol_clk_i
                         FDRE                                         r  u_top/u_fixed/u_portable_architecture/data_plane/u_tx_window/entry_sequence_reg[43][0]/C
  -------------------------------------------------------------------    -------------------
                         FDRE (Prop_fdre_C_Q)         0.303     1.090 r  u_top/u_fixed/u_portable_architecture/data_plane/u_tx_window/entry_sequence_reg[43][0]/Q
                         net (fo=3, unplaced)         0.797     1.887    u_top/u_fixed/u_portable_architecture/data_plane/u_tx_window/entry_sequence_reg[43]_164[0]
                         LUT6 (Prop_lut6_I0_O)        0.232     2.119 r  u_top/u_fixed/u_portable_architecture/data_plane/u_tx_window/ack_reclaimed_count[31]_i_470/O
                         net (fo=1, unplaced)         0.938     3.057    u_top/u_fixed/u_portable_architecture/data_plane/u_tx_window/ack_reclaimed_count[31]_i_470_n_0
                         LUT6 (Prop_lut6_I1_O)        0.105     3.162 r  u_top/u_fixed/u_portable_architecture/data_plane/u_tx_window/ack_reclaimed_count[31]_i_416/O
                         net (fo=1, unplaced)         0.347     3.509    u_top/u_fixed/u_portable_architecture/data_plane/u_tx_window/ack_reclaimed_count[31]_i_416_n_0
                         LUT6 (Prop_lut6_I5_O)        0.105     3.614 f  u_top/u_fixed/u_portable_architecture/data_plane/u_tx_window/ack_reclaimed_count[31]_i_171/O
                         net (fo=1, unplaced)         0.347     3.961    u_top/u_fixed/u_portable_architecture/data_plane/u_tx_window/ack_reclaimed_count[31]_i_171_n_0
                         LUT6 (Prop_lut6_I1_O)        0.105     4.066 f  u_top/u_fixed/u_portable_architecture/data_plane/u_tx_window/ack_reclaimed_count[31]_i_82/O
                         net (fo=4, unplaced)         0.371     4.437    u_top/u_fixed/u_portable_architecture/data_plane/u_tx_window/ack_reclaimed_count[31]_i_82_n_0
                         LUT1 (Prop_lut1_I0_O)        0.105     4.542 r  u_top/u_fixed/u_portable_architecture/data_plane/u_tx_window/ack_reclaimed_count[31]_i_249/O
                         net (fo=1, unplaced)         0.000     4.542    u_top/u_fixed/u_portable_architecture/data_plane/u_tx_window/ack_reclaimed_count[31]_i_249_n_0
                         CARRY4 (Prop_carry4_DI[0]_CO[3])
                                                      0.477     5.019 r  u_top/u_fixed/u_portable_architecture/data_plane/u_tx_window/ack_reclaimed_count_reg[31]_i_106/CO[3]
                         net (fo=1, unplaced)         0.008     5.027    u_top/u_fixed/u_portable_architecture/data_plane/u_tx_window/ack_reclaimed_count_reg[31]_i_106_n_0
                         CARRY4 (Prop_carry4_CI_CO[3])
                                                      0.100     5.127 r  u_top/u_fixed/u_portable_architecture/data_plane/u_tx_window/ack_reclaimed_count_reg[31]_i_105/CO[3]
                         net (fo=1, unplaced)         0.000     5.127    u_top/u_fixed/u_portable_architecture/data_plane/u_tx_window/ack_reclaimed_count_reg[31]_i_105_n_0
                         CARRY4 (Prop_carry4_CI_O[1])
                                                      0.269     5.396 f  u_top/u_fixed/u_portable_architecture/data_plane/u_tx_window/ack_reclaimed_count_reg[31]_i_54/O[1]
                         net (fo=2, unplaced)         0.483     5.879    u_top/u_fixed/u_portable_architecture/data_plane/u_tx_window/seq_distance_return4_out[9]
                         LUT4 (Prop_lut4_I0_O)        0.265     6.144 r  u_top/u_fixed/u_portable_architecture/data_plane/u_tx_window/ack_reclaimed_count[31]_i_23/O
                         net (fo=1, unplaced)         0.000     6.144    u_top/u_fixed/u_portable_architecture/data_plane/u_tx_window/ack_reclaimed_count[31]_i_23_n_0
                         CARRY4 (Prop_carry4_DI[0]_CO[3])
                                                      0.477     6.621 r  u_top/u_fixed/u_portable_architecture/data_plane/u_tx_window/ack_reclaimed_count_reg[31]_i_8/CO[3]
                         net (fo=2, unplaced)         0.781     7.402    u_top/u_fixed/u_portable_architecture/data_plane/u_tx_window/ack_scan_in_snapshot
                         LUT6 (Prop_lut6_I5_O)        0.105     7.507 f  u_top/u_fixed/u_portable_architecture/data_plane/u_tx_window/ack_reclaimed_count[31]_i_3/O
                         net (fo=107, unplaced)       0.429     7.936    u_top/u_fixed/u_portable_architecture/data_plane/u_tx_window/ack_reclaimed_count[31]_i_3_n_0
                         LUT6 (Prop_lut6_I4_O)        0.105     8.041 r  u_top/u_fixed/u_portable_architecture/data_plane/u_tx_window/entry_valid[62]_i_3__0/O
                         net (fo=62, unplaced)        0.416     8.457    u_top/u_fixed/u_portable_architecture/data_plane/u_tx_window/ack_state_reg[1]_1
                         LUT4 (Prop_lut4_I0_O)        0.105     8.562 r  u_top/u_fixed/u_portable_architecture/data_plane/u_tx_window/outstanding_high_watermark_o[6]_i_4/O
                         net (fo=56, unplaced)        0.432     8.994    u_top/u_fixed/u_portable_architecture/data_plane/u_tx_window/ack_state_reg[1]_0
                         LUT2 (Prop_lut2_I1_O)        0.105     9.099 r  u_top/u_fixed/u_portable_architecture/data_plane/u_tx_window/outstanding_high_watermark_o[6]_i_87/O
                         net (fo=1, unplaced)         0.000     9.099    u_top/u_fixed/u_portable_architecture/data_plane/u_tx_window/outstanding_high_watermark_o[6]_i_87_n_0
                         CARRY4 (Prop_carry4_S[1]_CO[3])
                                                      0.444     9.543 r  u_top/u_fixed/u_portable_architecture/data_plane/u_tx_window/outstanding_high_watermark_o_reg[6]_i_80/CO[3]
                         net (fo=1, unplaced)         0.008     9.551    u_top/u_fixed/u_portable_architecture/data_plane/u_tx_window/outstanding_high_watermark_o_reg[6]_i_80_n_0
                         CARRY4 (Prop_carry4_CI_CO[3])
                                                      0.100     9.651 r  u_top/u_fixed/u_portable_architecture/data_plane/u_tx_window/outstanding_high_watermark_o_reg[6]_i_75/CO[3]
                         net (fo=1, unplaced)         0.000     9.651    u_top/u_fixed/u_portable_architecture/data_plane/u_tx_window/outstanding_high_watermark_o_reg[6]_i_75_n_0
                         CARRY4 (Prop_carry4_CI_CO[3])
                                                      0.100     9.751 r  u_top/u_fixed/u_portable_architecture/data_plane/u_tx_window/outstanding_high_watermark_o_reg[6]_i_66/CO[3]
                         net (fo=1, unplaced)         0.000     9.751    u_top/u_fixed/u_portable_architecture/data_plane/u_tx_window/outstanding_high_watermark_o_reg[6]_i_66_n_0
                         CARRY4 (Prop_carry4_CI_CO[3])
                                                      0.100     9.851 r  u_top/u_fixed/u_portable_architecture/data_plane/u_tx_window/outstanding_high_watermark_o_reg[6]_i_56/CO[3]
                         net (fo=1, unplaced)         0.000     9.851    u_top/u_fixed/u_portable_architecture/data_plane/u_tx_window/outstanding_high_watermark_o_reg[6]_i_56_n_0
                         CARRY4 (Prop_carry4_CI_CO[3])
                                                      0.100     9.951 r  u_top/u_fixed/u_portable_architecture/data_plane/u_tx_window/outstanding_high_watermark_o_reg[6]_i_46/CO[3]
                         net (fo=1, unplaced)         0.000     9.951    u_top/u_fixed/u_portable_architecture/data_plane/u_tx_window/outstanding_high_watermark_o_reg[6]_i_46_n_0
                         CARRY4 (Prop_carry4_CI_CO[3])
                                                      0.100    10.051 r  u_top/u_fixed/u_portable_architecture/data_plane/u_tx_window/outstanding_high_watermark_o_reg[6]_i_36/CO[3]
                         net (fo=1, unplaced)         0.000    10.051    u_top/u_fixed/u_portable_architecture/data_plane/u_tx_window/outstanding_high_watermark_o_reg[6]_i_36_n_0
                         CARRY4 (Prop_carry4_CI_CO[3])
                                                      0.100    10.151 r  u_top/u_fixed/u_portable_architecture/data_plane/u_tx_window/outstanding_high_watermark_o_reg[6]_i_26/CO[3]
                         net (fo=1, unplaced)         0.000    10.151    u_top/u_fixed/u_portable_architecture/data_plane/u_tx_window/outstanding_high_watermark_o_reg[6]_i_26_n_0
                         CARRY4 (Prop_carry4_CI_O[3])
                                                      0.277    10.428 f  u_top/u_fixed/u_portable_architecture/data_plane/u_tx_window/outstanding_high_watermark_o_reg[6]_i_20/O[3]
                         net (fo=1, unplaced)         0.519    10.947    u_top/u_fixed/u_portable_architecture/data_plane/u_tx_window/outstanding_high_watermark_o_reg[6]_i_20_n_4
                         LUT1 (Prop_lut1_I0_O)        0.250    11.197 r  u_top/u_fixed/u_portable_architecture/data_plane/u_tx_window/outstanding_high_watermark_o[6]_i_8/O
                         net (fo=1, unplaced)         0.000    11.197    u_top/u_fixed/u_portable_architecture/data_plane/u_tx_window/outstanding_high_watermark_o[6]_i_8_n_0
                         CARRY4 (Prop_carry4_S[3]_CO[3])
                                                      0.314    11.511 f  u_top/u_fixed/u_portable_architecture/data_plane/u_tx_window/outstanding_high_watermark_o_reg[6]_i_5/CO[3]
                         net (fo=1, unplaced)         0.770    12.281    u_top/u_fixed/u_portable_architecture/data_plane/u_tx_window/outstanding_high_watermark_o_reg[6]_i_5_n_0
                         LUT4 (Prop_lut4_I2_O)        0.105    12.386 r  u_top/u_fixed/u_portable_architecture/data_plane/u_tx_window/outstanding_high_watermark_o[6]_i_1/O
                         net (fo=7, unplaced)         0.401    12.787    u_top/u_fixed/u_portable_architecture/data_plane/u_tx_window/outstanding_high_watermark_o[6]_i_1_n_0
                         FDCE                                         r  u_top/u_fixed/u_portable_architecture/data_plane/u_tx_window/outstanding_high_watermark_o_reg[2]/CE
  -------------------------------------------------------------------    -------------------

                         (clock protocol_clk rise edge)
                                                     15.625    15.625 r  
                                                      0.000    15.625 r  protocol_clk_i (IN)
                         net (fo=12845, unset)        0.748    16.373    u_top/u_fixed/u_portable_architecture/data_plane/u_tx_window/protocol_clk_i
                         FDCE                                         r  u_top/u_fixed/u_portable_architecture/data_plane/u_tx_window/outstanding_high_watermark_o_reg[2]/C
                         clock pessimism              0.000    16.373    
                         clock uncertainty           -0.035    16.337    
                         FDCE (Setup_fdce_C_CE)      -0.240    16.097    u_top/u_fixed/u_portable_architecture/data_plane/u_tx_window/outstanding_high_watermark_o_reg[2]
  -------------------------------------------------------------------
                         required time                         16.097    
                         arrival time                         -12.787    
  -------------------------------------------------------------------
                         slack                                  3.310    

Slack (MET) :             3.310ns  (required time - arrival time)
  Source:                 u_top/u_fixed/u_portable_architecture/data_plane/u_tx_window/entry_sequence_reg[43][0]/C
                            (rising edge-triggered cell FDRE clocked by protocol_clk  {rise@0.000ns fall@7.813ns period=15.625ns})
  Destination:            u_top/u_fixed/u_portable_architecture/data_plane/u_tx_window/outstanding_high_watermark_o_reg[3]/CE
                            (rising edge-triggered cell FDCE clocked by protocol_clk  {rise@0.000ns fall@7.813ns period=15.625ns})
  Path Group:             protocol_clk
  Path Type:              Setup (Max at Slow Process Corner)
  Requirement:            15.625ns  (protocol_clk rise@15.625ns - protocol_clk rise@0.000ns)
  Data Path Delay:        12.000ns  (logic 4.953ns (41.275%)  route 7.047ns (58.725%))
  Logic Levels:           25  (CARRY4=13 LUT1=2 LUT2=1 LUT4=3 LUT6=6)
  Clock Path Skew:        -0.039ns (DCD - SCD + CPR)
    Destination Clock Delay (DCD):    0.748ns = ( 16.373 - 15.625 ) 
    Source Clock Delay      (SCD):    0.787ns
    Clock Pessimism Removal (CPR):    0.000ns
  Clock Uncertainty:      0.035ns  ((TSJ^2 + TIJ^2)^1/2 + DJ) / 2 + PE
    Total System Jitter     (TSJ):    0.071ns
    Total Input Jitter      (TIJ):    0.000ns
    Discrete Jitter          (DJ):    0.000ns
    Phase Error              (PE):    0.000ns

    Location             Delay type                Incr(ns)  Path(ns)    Netlist Resource(s)
  -------------------------------------------------------------------    -------------------
                         (clock protocol_clk rise edge)
                                                      0.000     0.000 r  
                                                      0.000     0.000 r  protocol_clk_i (IN)
                         net (fo=12845, unset)        0.787     0.787    u_top/u_fixed/u_portable_architecture/data_plane/u_tx_window/protocol_clk_i
                         FDRE                                         r  u_top/u_fixed/u_portable_architecture/data_plane/u_tx_window/entry_sequence_reg[43][0]/C
  -------------------------------------------------------------------    -------------------
                         FDRE (Prop_fdre_C_Q)         0.303     1.090 r  u_top/u_fixed/u_portable_architecture/data_plane/u_tx_window/entry_sequence_reg[43][0]/Q
                         net (fo=3, unplaced)         0.797     1.887    u_top/u_fixed/u_portable_architecture/data_plane/u_tx_window/entry_sequence_reg[43]_164[0]
                         LUT6 (Prop_lut6_I0_O)        0.232     2.119 r  u_top/u_fixed/u_portable_architecture/data_plane/u_tx_window/ack_reclaimed_count[31]_i_470/O
                         net (fo=1, unplaced)         0.938     3.057    u_top/u_fixed/u_portable_architecture/data_plane/u_tx_window/ack_reclaimed_count[31]_i_470_n_0
                         LUT6 (Prop_lut6_I1_O)        0.105     3.162 r  u_top/u_fixed/u_portable_architecture/data_plane/u_tx_window/ack_reclaimed_count[31]_i_416/O
                         net (fo=1, unplaced)         0.347     3.509    u_top/u_fixed/u_portable_architecture/data_plane/u_tx_window/ack_reclaimed_count[31]_i_416_n_0
                         LUT6 (Prop_lut6_I5_O)        0.105     3.614 f  u_top/u_fixed/u_portable_architecture/data_plane/u_tx_window/ack_reclaimed_count[31]_i_171/O
                         net (fo=1, unplaced)         0.347     3.961    u_top/u_fixed/u_portable_architecture/data_plane/u_tx_window/ack_reclaimed_count[31]_i_171_n_0
                         LUT6 (Prop_lut6_I1_O)        0.105     4.066 f  u_top/u_fixed/u_portable_architecture/data_plane/u_tx_window/ack_reclaimed_count[31]_i_82/O
                         net (fo=4, unplaced)         0.371     4.437    u_top/u_fixed/u_portable_architecture/data_plane/u_tx_window/ack_reclaimed_count[31]_i_82_n_0
                         LUT1 (Prop_lut1_I0_O)        0.105     4.542 r  u_top/u_fixed/u_portable_architecture/data_plane/u_tx_window/ack_reclaimed_count[31]_i_249/O
                         net (fo=1, unplaced)         0.000     4.542    u_top/u_fixed/u_portable_architecture/data_plane/u_tx_window/ack_reclaimed_count[31]_i_249_n_0
                         CARRY4 (Prop_carry4_DI[0]_CO[3])
                                                      0.477     5.019 r  u_top/u_fixed/u_portable_architecture/data_plane/u_tx_window/ack_reclaimed_count_reg[31]_i_106/CO[3]
                         net (fo=1, unplaced)         0.008     5.027    u_top/u_fixed/u_portable_architecture/data_plane/u_tx_window/ack_reclaimed_count_reg[31]_i_106_n_0
                         CARRY4 (Prop_carry4_CI_CO[3])
                                                      0.100     5.127 r  u_top/u_fixed/u_portable_architecture/data_plane/u_tx_window/ack_reclaimed_count_reg[31]_i_105/CO[3]
                         net (fo=1, unplaced)         0.000     5.127    u_top/u_fixed/u_portable_architecture/data_plane/u_tx_window/ack_reclaimed_count_reg[31]_i_105_n_0
                         CARRY4 (Prop_carry4_CI_O[1])
                                                      0.269     5.396 f  u_top/u_fixed/u_portable_architecture/data_plane/u_tx_window/ack_reclaimed_count_reg[31]_i_54/O[1]
                         net (fo=2, unplaced)         0.483     5.879    u_top/u_fixed/u_portable_architecture/data_plane/u_tx_window/seq_distance_return4_out[9]
                         LUT4 (Prop_lut4_I0_O)        0.265     6.144 r  u_top/u_fixed/u_portable_architecture/data_plane/u_tx_window/ack_reclaimed_count[31]_i_23/O
                         net (fo=1, unplaced)         0.000     6.144    u_top/u_fixed/u_portable_architecture/data_plane/u_tx_window/ack_reclaimed_count[31]_i_23_n_0
                         CARRY4 (Prop_carry4_DI[0]_CO[3])
                                                      0.477     6.621 r  u_top/u_fixed/u_portable_architecture/data_plane/u_tx_window/ack_reclaimed_count_reg[31]_i_8/CO[3]
                         net (fo=2, unplaced)         0.781     7.402    u_top/u_fixed/u_portable_architecture/data_plane/u_tx_window/ack_scan_in_snapshot
                         LUT6 (Prop_lut6_I5_O)        0.105     7.507 f  u_top/u_fixed/u_portable_architecture/data_plane/u_tx_window/ack_reclaimed_count[31]_i_3/O
                         net (fo=107, unplaced)       0.429     7.936    u_top/u_fixed/u_portable_architecture/data_plane/u_tx_window/ack_reclaimed_count[31]_i_3_n_0
                         LUT6 (Prop_lut6_I4_O)        0.105     8.041 r  u_top/u_fixed/u_portable_architecture/data_plane/u_tx_window/entry_valid[62]_i_3__0/O
                         net (fo=62, unplaced)        0.416     8.457    u_top/u_fixed/u_portable_architecture/data_plane/u_tx_window/ack_state_reg[1]_1
                         LUT4 (Prop_lut4_I0_O)        0.105     8.562 r  u_top/u_fixed/u_portable_architecture/data_plane/u_tx_window/outstanding_high_watermark_o[6]_i_4/O
                         net (fo=56, unplaced)        0.432     8.994    u_top/u_fixed/u_portable_architecture/data_plane/u_tx_window/ack_state_reg[1]_0
                         LUT2 (Prop_lut2_I1_O)        0.105     9.099 r  u_top/u_fixed/u_portable_architecture/data_plane/u_tx_window/outstanding_high_watermark_o[6]_i_87/O
                         net (fo=1, unplaced)         0.000     9.099    u_top/u_fixed/u_portable_architecture/data_plane/u_tx_window/outstanding_high_watermark_o[6]_i_87_n_0
                         CARRY4 (Prop_carry4_S[1]_CO[3])
                                                      0.444     9.543 r  u_top/u_fixed/u_portable_architecture/data_plane/u_tx_window/outstanding_high_watermark_o_reg[6]_i_80/CO[3]
                         net (fo=1, unplaced)         0.008     9.551    u_top/u_fixed/u_portable_architecture/data_plane/u_tx_window/outstanding_high_watermark_o_reg[6]_i_80_n_0
                         CARRY4 (Prop_carry4_CI_CO[3])
                                                      0.100     9.651 r  u_top/u_fixed/u_portable_architecture/data_plane/u_tx_window/outstanding_high_watermark_o_reg[6]_i_75/CO[3]
                         net (fo=1, unplaced)         0.000     9.651    u_top/u_fixed/u_portable_architecture/data_plane/u_tx_window/outstanding_high_watermark_o_reg[6]_i_75_n_0
                         CARRY4 (Prop_carry4_CI_CO[3])
                                                      0.100     9.751 r  u_top/u_fixed/u_portable_architecture/data_plane/u_tx_window/outstanding_high_watermark_o_reg[6]_i_66/CO[3]
                         net (fo=1, unplaced)         0.000     9.751    u_top/u_fixed/u_portable_architecture/data_plane/u_tx_window/outstanding_high_watermark_o_reg[6]_i_66_n_0
                         CARRY4 (Prop_carry4_CI_CO[3])
                                                      0.100     9.851 r  u_top/u_fixed/u_portable_architecture/data_plane/u_tx_window/outstanding_high_watermark_o_reg[6]_i_56/CO[3]
                         net (fo=1, unplaced)         0.000     9.851    u_top/u_fixed/u_portable_architecture/data_plane/u_tx_window/outstanding_high_watermark_o_reg[6]_i_56_n_0
                         CARRY4 (Prop_carry4_CI_CO[3])
                                                      0.100     9.951 r  u_top/u_fixed/u_portable_architecture/data_plane/u_tx_window/outstanding_high_watermark_o_reg[6]_i_46/CO[3]
                         net (fo=1, unplaced)         0.000     9.951    u_top/u_fixed/u_portable_architecture/data_plane/u_tx_window/outstanding_high_watermark_o_reg[6]_i_46_n_0
                         CARRY4 (Prop_carry4_CI_CO[3])
                                                      0.100    10.051 r  u_top/u_fixed/u_portable_architecture/data_plane/u_tx_window/outstanding_high_watermark_o_reg[6]_i_36/CO[3]
                         net (fo=1, unplaced)         0.000    10.051    u_top/u_fixed/u_portable_architecture/data_plane/u_tx_window/outstanding_high_watermark_o_reg[6]_i_36_n_0
                         CARRY4 (Prop_carry4_CI_CO[3])
                                                      0.100    10.151 r  u_top/u_fixed/u_portable_architecture/data_plane/u_tx_window/outstanding_high_watermark_o_reg[6]_i_26/CO[3]
                         net (fo=1, unplaced)         0.000    10.151    u_top/u_fixed/u_portable_architecture/data_plane/u_tx_window/outstanding_high_watermark_o_reg[6]_i_26_n_0
                         CARRY4 (Prop_carry4_CI_O[3])
                                                      0.277    10.428 f  u_top/u_fixed/u_portable_architecture/data_plane/u_tx_window/outstanding_high_watermark_o_reg[6]_i_20/O[3]
                         net (fo=1, unplaced)         0.519    10.947    u_top/u_fixed/u_portable_architecture/data_plane/u_tx_window/outstanding_high_watermark_o_reg[6]_i_20_n_4
                         LUT1 (Prop_lut1_I0_O)        0.250    11.197 r  u_top/u_fixed/u_portable_architecture/data_plane/u_tx_window/outstanding_high_watermark_o[6]_i_8/O
                         net (fo=1, unplaced)         0.000    11.197    u_top/u_fixed/u_portable_architecture/data_plane/u_tx_window/outstanding_high_watermark_o[6]_i_8_n_0
                         CARRY4 (Prop_carry4_S[3]_CO[3])
                                                      0.314    11.511 f  u_top/u_fixed/u_portable_architecture/data_plane/u_tx_window/outstanding_high_watermark_o_reg[6]_i_5/CO[3]
                         net (fo=1, unplaced)         0.770    12.281    u_top/u_fixed/u_portable_architecture/data_plane/u_tx_window/outstanding_high_watermark_o_reg[6]_i_5_n_0
                         LUT4 (Prop_lut4_I2_O)        0.105    12.386 r  u_top/u_fixed/u_portable_architecture/data_plane/u_tx_window/outstanding_high_watermark_o[6]_i_1/O
                         net (fo=7, unplaced)         0.401    12.787    u_top/u_fixed/u_portable_architecture/data_plane/u_tx_window/outstanding_high_watermark_o[6]_i_1_n_0
                         FDCE                                         r  u_top/u_fixed/u_portable_architecture/data_plane/u_tx_window/outstanding_high_watermark_o_reg[3]/CE
  -------------------------------------------------------------------    -------------------

                         (clock protocol_clk rise edge)
                                                     15.625    15.625 r  
                                                      0.000    15.625 r  protocol_clk_i (IN)
                         net (fo=12845, unset)        0.748    16.373    u_top/u_fixed/u_portable_architecture/data_plane/u_tx_window/protocol_clk_i
                         FDCE                                         r  u_top/u_fixed/u_portable_architecture/data_plane/u_tx_window/outstanding_high_watermark_o_reg[3]/C
                         clock pessimism              0.000    16.373    
                         clock uncertainty           -0.035    16.337    
                         FDCE (Setup_fdce_C_CE)      -0.240    16.097    u_top/u_fixed/u_portable_architecture/data_plane/u_tx_window/outstanding_high_watermark_o_reg[3]
  -------------------------------------------------------------------
                         required time                         16.097    
                         arrival time                         -12.787    
  -------------------------------------------------------------------
                         slack                                  3.310    

Slack (MET) :             3.310ns  (required time - arrival time)
  Source:                 u_top/u_fixed/u_portable_architecture/data_plane/u_tx_window/entry_sequence_reg[43][0]/C
                            (rising edge-triggered cell FDRE clocked by protocol_clk  {rise@0.000ns fall@7.813ns period=15.625ns})
  Destination:            u_top/u_fixed/u_portable_architecture/data_plane/u_tx_window/outstanding_high_watermark_o_reg[4]/CE
                            (rising edge-triggered cell FDCE clocked by protocol_clk  {rise@0.000ns fall@7.813ns period=15.625ns})
  Path Group:             protocol_clk
  Path Type:              Setup (Max at Slow Process Corner)
  Requirement:            15.625ns  (protocol_clk rise@15.625ns - protocol_clk rise@0.000ns)
  Data Path Delay:        12.000ns  (logic 4.953ns (41.275%)  route 7.047ns (58.725%))
  Logic Levels:           25  (CARRY4=13 LUT1=2 LUT2=1 LUT4=3 LUT6=6)
  Clock Path Skew:        -0.039ns (DCD - SCD + CPR)
    Destination Clock Delay (DCD):    0.748ns = ( 16.373 - 15.625 ) 
    Source Clock Delay      (SCD):    0.787ns
    Clock Pessimism Removal (CPR):    0.000ns
  Clock Uncertainty:      0.035ns  ((TSJ^2 + TIJ^2)^1/2 + DJ) / 2 + PE
    Total System Jitter     (TSJ):    0.071ns
    Total Input Jitter      (TIJ):    0.000ns
    Discrete Jitter          (DJ):    0.000ns
    Phase Error              (PE):    0.000ns

    Location             Delay type                Incr(ns)  Path(ns)    Netlist Resource(s)
  -------------------------------------------------------------------    -------------------
                         (clock protocol_clk rise edge)
                                                      0.000     0.000 r  
                                                      0.000     0.000 r  protocol_clk_i (IN)
                         net (fo=12845, unset)        0.787     0.787    u_top/u_fixed/u_portable_architecture/data_plane/u_tx_window/protocol_clk_i
                         FDRE                                         r  u_top/u_fixed/u_portable_architecture/data_plane/u_tx_window/entry_sequence_reg[43][0]/C
  -------------------------------------------------------------------    -------------------
                         FDRE (Prop_fdre_C_Q)         0.303     1.090 r  u_top/u_fixed/u_portable_architecture/data_plane/u_tx_window/entry_sequence_reg[43][0]/Q
                         net (fo=3, unplaced)         0.797     1.887    u_top/u_fixed/u_portable_architecture/data_plane/u_tx_window/entry_sequence_reg[43]_164[0]
                         LUT6 (Prop_lut6_I0_O)        0.232     2.119 r  u_top/u_fixed/u_portable_architecture/data_plane/u_tx_window/ack_reclaimed_count[31]_i_470/O
                         net (fo=1, unplaced)         0.938     3.057    u_top/u_fixed/u_portable_architecture/data_plane/u_tx_window/ack_reclaimed_count[31]_i_470_n_0
                         LUT6 (Prop_lut6_I1_O)        0.105     3.162 r  u_top/u_fixed/u_portable_architecture/data_plane/u_tx_window/ack_reclaimed_count[31]_i_416/O
                         net (fo=1, unplaced)         0.347     3.509    u_top/u_fixed/u_portable_architecture/data_plane/u_tx_window/ack_reclaimed_count[31]_i_416_n_0
                         LUT6 (Prop_lut6_I5_O)        0.105     3.614 f  u_top/u_fixed/u_portable_architecture/data_plane/u_tx_window/ack_reclaimed_count[31]_i_171/O
                         net (fo=1, unplaced)         0.347     3.961    u_top/u_fixed/u_portable_architecture/data_plane/u_tx_window/ack_reclaimed_count[31]_i_171_n_0
                         LUT6 (Prop_lut6_I1_O)        0.105     4.066 f  u_top/u_fixed/u_portable_architecture/data_plane/u_tx_window/ack_reclaimed_count[31]_i_82/O
                         net (fo=4, unplaced)         0.371     4.437    u_top/u_fixed/u_portable_architecture/data_plane/u_tx_window/ack_reclaimed_count[31]_i_82_n_0
                         LUT1 (Prop_lut1_I0_O)        0.105     4.542 r  u_top/u_fixed/u_portable_architecture/data_plane/u_tx_window/ack_reclaimed_count[31]_i_249/O
                         net (fo=1, unplaced)         0.000     4.542    u_top/u_fixed/u_portable_architecture/data_plane/u_tx_window/ack_reclaimed_count[31]_i_249_n_0
                         CARRY4 (Prop_carry4_DI[0]_CO[3])
                                                      0.477     5.019 r  u_top/u_fixed/u_portable_architecture/data_plane/u_tx_window/ack_reclaimed_count_reg[31]_i_106/CO[3]
                         net (fo=1, unplaced)         0.008     5.027    u_top/u_fixed/u_portable_architecture/data_plane/u_tx_window/ack_reclaimed_count_reg[31]_i_106_n_0
                         CARRY4 (Prop_carry4_CI_CO[3])
                                                      0.100     5.127 r  u_top/u_fixed/u_portable_architecture/data_plane/u_tx_window/ack_reclaimed_count_reg[31]_i_105/CO[3]
                         net (fo=1, unplaced)         0.000     5.127    u_top/u_fixed/u_portable_architecture/data_plane/u_tx_window/ack_reclaimed_count_reg[31]_i_105_n_0
                         CARRY4 (Prop_carry4_CI_O[1])
                                                      0.269     5.396 f  u_top/u_fixed/u_portable_architecture/data_plane/u_tx_window/ack_reclaimed_count_reg[31]_i_54/O[1]
                         net (fo=2, unplaced)         0.483     5.879    u_top/u_fixed/u_portable_architecture/data_plane/u_tx_window/seq_distance_return4_out[9]
                         LUT4 (Prop_lut4_I0_O)        0.265     6.144 r  u_top/u_fixed/u_portable_architecture/data_plane/u_tx_window/ack_reclaimed_count[31]_i_23/O
                         net (fo=1, unplaced)         0.000     6.144    u_top/u_fixed/u_portable_architecture/data_plane/u_tx_window/ack_reclaimed_count[31]_i_23_n_0
                         CARRY4 (Prop_carry4_DI[0]_CO[3])
                                                      0.477     6.621 r  u_top/u_fixed/u_portable_architecture/data_plane/u_tx_window/ack_reclaimed_count_reg[31]_i_8/CO[3]
                         net (fo=2, unplaced)         0.781     7.402    u_top/u_fixed/u_portable_architecture/data_plane/u_tx_window/ack_scan_in_snapshot
                         LUT6 (Prop_lut6_I5_O)        0.105     7.507 f  u_top/u_fixed/u_portable_architecture/data_plane/u_tx_window/ack_reclaimed_count[31]_i_3/O
                         net (fo=107, unplaced)       0.429     7.936    u_top/u_fixed/u_portable_architecture/data_plane/u_tx_window/ack_reclaimed_count[31]_i_3_n_0
                         LUT6 (Prop_lut6_I4_O)        0.105     8.041 r  u_top/u_fixed/u_portable_architecture/data_plane/u_tx_window/entry_valid[62]_i_3__0/O
                         net (fo=62, unplaced)        0.416     8.457    u_top/u_fixed/u_portable_architecture/data_plane/u_tx_window/ack_state_reg[1]_1
                         LUT4 (Prop_lut4_I0_O)        0.105     8.562 r  u_top/u_fixed/u_portable_architecture/data_plane/u_tx_window/outstanding_high_watermark_o[6]_i_4/O
                         net (fo=56, unplaced)        0.432     8.994    u_top/u_fixed/u_portable_architecture/data_plane/u_tx_window/ack_state_reg[1]_0
                         LUT2 (Prop_lut2_I1_O)        0.105     9.099 r  u_top/u_fixed/u_portable_architecture/data_plane/u_tx_window/outstanding_high_watermark_o[6]_i_87/O
                         net (fo=1, unplaced)         0.000     9.099    u_top/u_fixed/u_portable_architecture/data_plane/u_tx_window/outstanding_high_watermark_o[6]_i_87_n_0
                         CARRY4 (Prop_carry4_S[1]_CO[3])
                                                      0.444     9.543 r  u_top/u_fixed/u_portable_architecture/data_plane/u_tx_window/outstanding_high_watermark_o_reg[6]_i_80/CO[3]
                         net (fo=1, unplaced)         0.008     9.551    u_top/u_fixed/u_portable_architecture/data_plane/u_tx_window/outstanding_high_watermark_o_reg[6]_i_80_n_0
                         CARRY4 (Prop_carry4_CI_CO[3])
                                                      0.100     9.651 r  u_top/u_fixed/u_portable_architecture/data_plane/u_tx_window/outstanding_high_watermark_o_reg[6]_i_75/CO[3]
                         net (fo=1, unplaced)         0.000     9.651    u_top/u_fixed/u_portable_architecture/data_plane/u_tx_window/outstanding_high_watermark_o_reg[6]_i_75_n_0
                         CARRY4 (Prop_carry4_CI_CO[3])
                                                      0.100     9.751 r  u_top/u_fixed/u_portable_architecture/data_plane/u_tx_window/outstanding_high_watermark_o_reg[6]_i_66/CO[3]
                         net (fo=1, unplaced)         0.000     9.751    u_top/u_fixed/u_portable_architecture/data_plane/u_tx_window/outstanding_high_watermark_o_reg[6]_i_66_n_0
                         CARRY4 (Prop_carry4_CI_CO[3])
                                                      0.100     9.851 r  u_top/u_fixed/u_portable_architecture/data_plane/u_tx_window/outstanding_high_watermark_o_reg[6]_i_56/CO[3]
                         net (fo=1, unplaced)         0.000     9.851    u_top/u_fixed/u_portable_architecture/data_plane/u_tx_window/outstanding_high_watermark_o_reg[6]_i_56_n_0
                         CARRY4 (Prop_carry4_CI_CO[3])
                                                      0.100     9.951 r  u_top/u_fixed/u_portable_architecture/data_plane/u_tx_window/outstanding_high_watermark_o_reg[6]_i_46/CO[3]
                         net (fo=1, unplaced)         0.000     9.951    u_top/u_fixed/u_portable_architecture/data_plane/u_tx_window/outstanding_high_watermark_o_reg[6]_i_46_n_0
                         CARRY4 (Prop_carry4_CI_CO[3])
                                                      0.100    10.051 r  u_top/u_fixed/u_portable_architecture/data_plane/u_tx_window/outstanding_high_watermark_o_reg[6]_i_36/CO[3]
                         net (fo=1, unplaced)         0.000    10.051    u_top/u_fixed/u_portable_architecture/data_plane/u_tx_window/outstanding_high_watermark_o_reg[6]_i_36_n_0
                         CARRY4 (Prop_carry4_CI_CO[3])
                                                      0.100    10.151 r  u_top/u_fixed/u_portable_architecture/data_plane/u_tx_window/outstanding_high_watermark_o_reg[6]_i_26/CO[3]
                         net (fo=1, unplaced)         0.000    10.151    u_top/u_fixed/u_portable_architecture/data_plane/u_tx_window/outstanding_high_watermark_o_reg[6]_i_26_n_0
                         CARRY4 (Prop_carry4_CI_O[3])
                                                      0.277    10.428 f  u_top/u_fixed/u_portable_architecture/data_plane/u_tx_window/outstanding_high_watermark_o_reg[6]_i_20/O[3]
                         net (fo=1, unplaced)         0.519    10.947    u_top/u_fixed/u_portable_architecture/data_plane/u_tx_window/outstanding_high_watermark_o_reg[6]_i_20_n_4
                         LUT1 (Prop_lut1_I0_O)        0.250    11.197 r  u_top/u_fixed/u_portable_architecture/data_plane/u_tx_window/outstanding_high_watermark_o[6]_i_8/O
                         net (fo=1, unplaced)         0.000    11.197    u_top/u_fixed/u_portable_architecture/data_plane/u_tx_window/outstanding_high_watermark_o[6]_i_8_n_0
                         CARRY4 (Prop_carry4_S[3]_CO[3])
                                                      0.314    11.511 f  u_top/u_fixed/u_portable_architecture/data_plane/u_tx_window/outstanding_high_watermark_o_reg[6]_i_5/CO[3]
                         net (fo=1, unplaced)         0.770    12.281    u_top/u_fixed/u_portable_architecture/data_plane/u_tx_window/outstanding_high_watermark_o_reg[6]_i_5_n_0
                         LUT4 (Prop_lut4_I2_O)        0.105    12.386 r  u_top/u_fixed/u_portable_architecture/data_plane/u_tx_window/outstanding_high_watermark_o[6]_i_1/O
                         net (fo=7, unplaced)         0.401    12.787    u_top/u_fixed/u_portable_architecture/data_plane/u_tx_window/outstanding_high_watermark_o[6]_i_1_n_0
                         FDCE                                         r  u_top/u_fixed/u_portable_architecture/data_plane/u_tx_window/outstanding_high_watermark_o_reg[4]/CE
  -------------------------------------------------------------------    -------------------

                         (clock protocol_clk rise edge)
                                                     15.625    15.625 r  
                                                      0.000    15.625 r  protocol_clk_i (IN)
                         net (fo=12845, unset)        0.748    16.373    u_top/u_fixed/u_portable_architecture/data_plane/u_tx_window/protocol_clk_i
                         FDCE                                         r  u_top/u_fixed/u_portable_architecture/data_plane/u_tx_window/outstanding_high_watermark_o_reg[4]/C
                         clock pessimism              0.000    16.373    
                         clock uncertainty           -0.035    16.337    
                         FDCE (Setup_fdce_C_CE)      -0.240    16.097    u_top/u_fixed/u_portable_architecture/data_plane/u_tx_window/outstanding_high_watermark_o_reg[4]
  -------------------------------------------------------------------
                         required time                         16.097    
                         arrival time                         -12.787    
  -------------------------------------------------------------------
                         slack                                  3.310    

Slack (MET) :             3.310ns  (required time - arrival time)
  Source:                 u_top/u_fixed/u_portable_architecture/data_plane/u_tx_window/entry_sequence_reg[43][0]/C
                            (rising edge-triggered cell FDRE clocked by protocol_clk  {rise@0.000ns fall@7.813ns period=15.625ns})
  Destination:            u_top/u_fixed/u_portable_architecture/data_plane/u_tx_window/outstanding_high_watermark_o_reg[5]/CE
                            (rising edge-triggered cell FDCE clocked by protocol_clk  {rise@0.000ns fall@7.813ns period=15.625ns})
  Path Group:             protocol_clk
  Path Type:              Setup (Max at Slow Process Corner)
  Requirement:            15.625ns  (protocol_clk rise@15.625ns - protocol_clk rise@0.000ns)
  Data Path Delay:        12.000ns  (logic 4.953ns (41.275%)  route 7.047ns (58.725%))
  Logic Levels:           25  (CARRY4=13 LUT1=2 LUT2=1 LUT4=3 LUT6=6)
  Clock Path Skew:        -0.039ns (DCD - SCD + CPR)
    Destination Clock Delay (DCD):    0.748ns = ( 16.373 - 15.625 ) 
    Source Clock Delay      (SCD):    0.787ns
    Clock Pessimism Removal (CPR):    0.000ns
  Clock Uncertainty:      0.035ns  ((TSJ^2 + TIJ^2)^1/2 + DJ) / 2 + PE
    Total System Jitter     (TSJ):    0.071ns
    Total Input Jitter      (TIJ):    0.000ns
    Discrete Jitter          (DJ):    0.000ns
    Phase Error              (PE):    0.000ns

    Location             Delay type                Incr(ns)  Path(ns)    Netlist Resource(s)
  -------------------------------------------------------------------    -------------------
                         (clock protocol_clk rise edge)
                                                      0.000     0.000 r  
                                                      0.000     0.000 r  protocol_clk_i (IN)
                         net (fo=12845, unset)        0.787     0.787    u_top/u_fixed/u_portable_architecture/data_plane/u_tx_window/protocol_clk_i
                         FDRE                                         r  u_top/u_fixed/u_portable_architecture/data_plane/u_tx_window/entry_sequence_reg[43][0]/C
  -------------------------------------------------------------------    -------------------
                         FDRE (Prop_fdre_C_Q)         0.303     1.090 r  u_top/u_fixed/u_portable_architecture/data_plane/u_tx_window/entry_sequence_reg[43][0]/Q
                         net (fo=3, unplaced)         0.797     1.887    u_top/u_fixed/u_portable_architecture/data_plane/u_tx_window/entry_sequence_reg[43]_164[0]
                         LUT6 (Prop_lut6_I0_O)        0.232     2.119 r  u_top/u_fixed/u_portable_architecture/data_plane/u_tx_window/ack_reclaimed_count[31]_i_470/O
                         net (fo=1, unplaced)         0.938     3.057    u_top/u_fixed/u_portable_architecture/data_plane/u_tx_window/ack_reclaimed_count[31]_i_470_n_0
                         LUT6 (Prop_lut6_I1_O)        0.105     3.162 r  u_top/u_fixed/u_portable_architecture/data_plane/u_tx_window/ack_reclaimed_count[31]_i_416/O
                         net (fo=1, unplaced)         0.347     3.509    u_top/u_fixed/u_portable_architecture/data_plane/u_tx_window/ack_reclaimed_count[31]_i_416_n_0
                         LUT6 (Prop_lut6_I5_O)        0.105     3.614 f  u_top/u_fixed/u_portable_architecture/data_plane/u_tx_window/ack_reclaimed_count[31]_i_171/O
                         net (fo=1, unplaced)         0.347     3.961    u_top/u_fixed/u_portable_architecture/data_plane/u_tx_window/ack_reclaimed_count[31]_i_171_n_0
                         LUT6 (Prop_lut6_I1_O)        0.105     4.066 f  u_top/u_fixed/u_portable_architecture/data_plane/u_tx_window/ack_reclaimed_count[31]_i_82/O
                         net (fo=4, unplaced)         0.371     4.437    u_top/u_fixed/u_portable_architecture/data_plane/u_tx_window/ack_reclaimed_count[31]_i_82_n_0
                         LUT1 (Prop_lut1_I0_O)        0.105     4.542 r  u_top/u_fixed/u_portable_architecture/data_plane/u_tx_window/ack_reclaimed_count[31]_i_249/O
                         net (fo=1, unplaced)         0.000     4.542    u_top/u_fixed/u_portable_architecture/data_plane/u_tx_window/ack_reclaimed_count[31]_i_249_n_0
                         CARRY4 (Prop_carry4_DI[0]_CO[3])
                                                      0.477     5.019 r  u_top/u_fixed/u_portable_architecture/data_plane/u_tx_window/ack_reclaimed_count_reg[31]_i_106/CO[3]
                         net (fo=1, unplaced)         0.008     5.027    u_top/u_fixed/u_portable_architecture/data_plane/u_tx_window/ack_reclaimed_count_reg[31]_i_106_n_0
                         CARRY4 (Prop_carry4_CI_CO[3])
                                                      0.100     5.127 r  u_top/u_fixed/u_portable_architecture/data_plane/u_tx_window/ack_reclaimed_count_reg[31]_i_105/CO[3]
                         net (fo=1, unplaced)         0.000     5.127    u_top/u_fixed/u_portable_architecture/data_plane/u_tx_window/ack_reclaimed_count_reg[31]_i_105_n_0
                         CARRY4 (Prop_carry4_CI_O[1])
                                                      0.269     5.396 f  u_top/u_fixed/u_portable_architecture/data_plane/u_tx_window/ack_reclaimed_count_reg[31]_i_54/O[1]
                         net (fo=2, unplaced)         0.483     5.879    u_top/u_fixed/u_portable_architecture/data_plane/u_tx_window/seq_distance_return4_out[9]
                         LUT4 (Prop_lut4_I0_O)        0.265     6.144 r  u_top/u_fixed/u_portable_architecture/data_plane/u_tx_window/ack_reclaimed_count[31]_i_23/O
                         net (fo=1, unplaced)         0.000     6.144    u_top/u_fixed/u_portable_architecture/data_plane/u_tx_window/ack_reclaimed_count[31]_i_23_n_0
                         CARRY4 (Prop_carry4_DI[0]_CO[3])
                                                      0.477     6.621 r  u_top/u_fixed/u_portable_architecture/data_plane/u_tx_window/ack_reclaimed_count_reg[31]_i_8/CO[3]
                         net (fo=2, unplaced)         0.781     7.402    u_top/u_fixed/u_portable_architecture/data_plane/u_tx_window/ack_scan_in_snapshot
                         LUT6 (Prop_lut6_I5_O)        0.105     7.507 f  u_top/u_fixed/u_portable_architecture/data_plane/u_tx_window/ack_reclaimed_count[31]_i_3/O
                         net (fo=107, unplaced)       0.429     7.936    u_top/u_fixed/u_portable_architecture/data_plane/u_tx_window/ack_reclaimed_count[31]_i_3_n_0
                         LUT6 (Prop_lut6_I4_O)        0.105     8.041 r  u_top/u_fixed/u_portable_architecture/data_plane/u_tx_window/entry_valid[62]_i_3__0/O
                         net (fo=62, unplaced)        0.416     8.457    u_top/u_fixed/u_portable_architecture/data_plane/u_tx_window/ack_state_reg[1]_1
                         LUT4 (Prop_lut4_I0_O)        0.105     8.562 r  u_top/u_fixed/u_portable_architecture/data_plane/u_tx_window/outstanding_high_watermark_o[6]_i_4/O
                         net (fo=56, unplaced)        0.432     8.994    u_top/u_fixed/u_portable_architecture/data_plane/u_tx_window/ack_state_reg[1]_0
                         LUT2 (Prop_lut2_I1_O)        0.105     9.099 r  u_top/u_fixed/u_portable_architecture/data_plane/u_tx_window/outstanding_high_watermark_o[6]_i_87/O
                         net (fo=1, unplaced)         0.000     9.099    u_top/u_fixed/u_portable_architecture/data_plane/u_tx_window/outstanding_high_watermark_o[6]_i_87_n_0
                         CARRY4 (Prop_carry4_S[1]_CO[3])
                                                      0.444     9.543 r  u_top/u_fixed/u_portable_architecture/data_plane/u_tx_window/outstanding_high_watermark_o_reg[6]_i_80/CO[3]
                         net (fo=1, unplaced)         0.008     9.551    u_top/u_fixed/u_portable_architecture/data_plane/u_tx_window/outstanding_high_watermark_o_reg[6]_i_80_n_0
                         CARRY4 (Prop_carry4_CI_CO[3])
                                                      0.100     9.651 r  u_top/u_fixed/u_portable_architecture/data_plane/u_tx_window/outstanding_high_watermark_o_reg[6]_i_75/CO[3]
                         net (fo=1, unplaced)         0.000     9.651    u_top/u_fixed/u_portable_architecture/data_plane/u_tx_window/outstanding_high_watermark_o_reg[6]_i_75_n_0
                         CARRY4 (Prop_carry4_CI_CO[3])
                                                      0.100     9.751 r  u_top/u_fixed/u_portable_architecture/data_plane/u_tx_window/outstanding_high_watermark_o_reg[6]_i_66/CO[3]
                         net (fo=1, unplaced)         0.000     9.751    u_top/u_fixed/u_portable_architecture/data_plane/u_tx_window/outstanding_high_watermark_o_reg[6]_i_66_n_0
                         CARRY4 (Prop_carry4_CI_CO[3])
                                                      0.100     9.851 r  u_top/u_fixed/u_portable_architecture/data_plane/u_tx_window/outstanding_high_watermark_o_reg[6]_i_56/CO[3]
                         net (fo=1, unplaced)         0.000     9.851    u_top/u_fixed/u_portable_architecture/data_plane/u_tx_window/outstanding_high_watermark_o_reg[6]_i_56_n_0
                         CARRY4 (Prop_carry4_CI_CO[3])
                                                      0.100     9.951 r  u_top/u_fixed/u_portable_architecture/data_plane/u_tx_window/outstanding_high_watermark_o_reg[6]_i_46/CO[3]
                         net (fo=1, unplaced)         0.000     9.951    u_top/u_fixed/u_portable_architecture/data_plane/u_tx_window/outstanding_high_watermark_o_reg[6]_i_46_n_0
                         CARRY4 (Prop_carry4_CI_CO[3])
                                                      0.100    10.051 r  u_top/u_fixed/u_portable_architecture/data_plane/u_tx_window/outstanding_high_watermark_o_reg[6]_i_36/CO[3]
                         net (fo=1, unplaced)         0.000    10.051    u_top/u_fixed/u_portable_architecture/data_plane/u_tx_window/outstanding_high_watermark_o_reg[6]_i_36_n_0
                         CARRY4 (Prop_carry4_CI_CO[3])
                                                      0.100    10.151 r  u_top/u_fixed/u_portable_architecture/data_plane/u_tx_window/outstanding_high_watermark_o_reg[6]_i_26/CO[3]
                         net (fo=1, unplaced)         0.000    10.151    u_top/u_fixed/u_portable_architecture/data_plane/u_tx_window/outstanding_high_watermark_o_reg[6]_i_26_n_0
                         CARRY4 (Prop_carry4_CI_O[3])
                                                      0.277    10.428 f  u_top/u_fixed/u_portable_architecture/data_plane/u_tx_window/outstanding_high_watermark_o_reg[6]_i_20/O[3]
                         net (fo=1, unplaced)         0.519    10.947    u_top/u_fixed/u_portable_architecture/data_plane/u_tx_window/outstanding_high_watermark_o_reg[6]_i_20_n_4
                         LUT1 (Prop_lut1_I0_O)        0.250    11.197 r  u_top/u_fixed/u_portable_architecture/data_plane/u_tx_window/outstanding_high_watermark_o[6]_i_8/O
                         net (fo=1, unplaced)         0.000    11.197    u_top/u_fixed/u_portable_architecture/data_plane/u_tx_window/outstanding_high_watermark_o[6]_i_8_n_0
                         CARRY4 (Prop_carry4_S[3]_CO[3])
                                                      0.314    11.511 f  u_top/u_fixed/u_portable_architecture/data_plane/u_tx_window/outstanding_high_watermark_o_reg[6]_i_5/CO[3]
                         net (fo=1, unplaced)         0.770    12.281    u_top/u_fixed/u_portable_architecture/data_plane/u_tx_window/outstanding_high_watermark_o_reg[6]_i_5_n_0
                         LUT4 (Prop_lut4_I2_O)        0.105    12.386 r  u_top/u_fixed/u_portable_architecture/data_plane/u_tx_window/outstanding_high_watermark_o[6]_i_1/O
                         net (fo=7, unplaced)         0.401    12.787    u_top/u_fixed/u_portable_architecture/data_plane/u_tx_window/outstanding_high_watermark_o[6]_i_1_n_0
                         FDCE                                         r  u_top/u_fixed/u_portable_architecture/data_plane/u_tx_window/outstanding_high_watermark_o_reg[5]/CE
  -------------------------------------------------------------------    -------------------

                         (clock protocol_clk rise edge)
                                                     15.625    15.625 r  
                                                      0.000    15.625 r  protocol_clk_i (IN)
                         net (fo=12845, unset)        0.748    16.373    u_top/u_fixed/u_portable_architecture/data_plane/u_tx_window/protocol_clk_i
                         FDCE                                         r  u_top/u_fixed/u_portable_architecture/data_plane/u_tx_window/outstanding_high_watermark_o_reg[5]/C
                         clock pessimism              0.000    16.373    
                         clock uncertainty           -0.035    16.337    
                         FDCE (Setup_fdce_C_CE)      -0.240    16.097    u_top/u_fixed/u_portable_architecture/data_plane/u_tx_window/outstanding_high_watermark_o_reg[5]
  -------------------------------------------------------------------
                         required time                         16.097    
                         arrival time                         -12.787    
  -------------------------------------------------------------------
                         slack                                  3.310    

Slack (MET) :             3.310ns  (required time - arrival time)
  Source:                 u_top/u_fixed/u_portable_architecture/data_plane/u_tx_window/entry_sequence_reg[43][0]/C
                            (rising edge-triggered cell FDRE clocked by protocol_clk  {rise@0.000ns fall@7.813ns period=15.625ns})
  Destination:            u_top/u_fixed/u_portable_architecture/data_plane/u_tx_window/outstanding_high_watermark_o_reg[6]/CE
                            (rising edge-triggered cell FDCE clocked by protocol_clk  {rise@0.000ns fall@7.813ns period=15.625ns})
  Path Group:             protocol_clk
  Path Type:              Setup (Max at Slow Process Corner)
  Requirement:            15.625ns  (protocol_clk rise@15.625ns - protocol_clk rise@0.000ns)
  Data Path Delay:        12.000ns  (logic 4.953ns (41.275%)  route 7.047ns (58.725%))
  Logic Levels:           25  (CARRY4=13 LUT1=2 LUT2=1 LUT4=3 LUT6=6)
  Clock Path Skew:        -0.039ns (DCD - SCD + CPR)
    Destination Clock Delay (DCD):    0.748ns = ( 16.373 - 15.625 ) 
    Source Clock Delay      (SCD):    0.787ns
    Clock Pessimism Removal (CPR):    0.000ns
  Clock Uncertainty:      0.035ns  ((TSJ^2 + TIJ^2)^1/2 + DJ) / 2 + PE
    Total System Jitter     (TSJ):    0.071ns
    Total Input Jitter      (TIJ):    0.000ns
    Discrete Jitter          (DJ):    0.000ns
    Phase Error              (PE):    0.000ns

    Location             Delay type                Incr(ns)  Path(ns)    Netlist Resource(s)
  -------------------------------------------------------------------    -------------------
                         (clock protocol_clk rise edge)
                                                      0.000     0.000 r  
                                                      0.000     0.000 r  protocol_clk_i (IN)
                         net (fo=12845, unset)        0.787     0.787    u_top/u_fixed/u_portable_architecture/data_plane/u_tx_window/protocol_clk_i
                         FDRE                                         r  u_top/u_fixed/u_portable_architecture/data_plane/u_tx_window/entry_sequence_reg[43][0]/C
  -------------------------------------------------------------------    -------------------
                         FDRE (Prop_fdre_C_Q)         0.303     1.090 r  u_top/u_fixed/u_portable_architecture/data_plane/u_tx_window/entry_sequence_reg[43][0]/Q
                         net (fo=3, unplaced)         0.797     1.887    u_top/u_fixed/u_portable_architecture/data_plane/u_tx_window/entry_sequence_reg[43]_164[0]
                         LUT6 (Prop_lut6_I0_O)        0.232     2.119 r  u_top/u_fixed/u_portable_architecture/data_plane/u_tx_window/ack_reclaimed_count[31]_i_470/O
                         net (fo=1, unplaced)         0.938     3.057    u_top/u_fixed/u_portable_architecture/data_plane/u_tx_window/ack_reclaimed_count[31]_i_470_n_0
                         LUT6 (Prop_lut6_I1_O)        0.105     3.162 r  u_top/u_fixed/u_portable_architecture/data_plane/u_tx_window/ack_reclaimed_count[31]_i_416/O
                         net (fo=1, unplaced)         0.347     3.509    u_top/u_fixed/u_portable_architecture/data_plane/u_tx_window/ack_reclaimed_count[31]_i_416_n_0
                         LUT6 (Prop_lut6_I5_O)        0.105     3.614 f  u_top/u_fixed/u_portable_architecture/data_plane/u_tx_window/ack_reclaimed_count[31]_i_171/O
                         net (fo=1, unplaced)         0.347     3.961    u_top/u_fixed/u_portable_architecture/data_plane/u_tx_window/ack_reclaimed_count[31]_i_171_n_0
                         LUT6 (Prop_lut6_I1_O)        0.105     4.066 f  u_top/u_fixed/u_portable_architecture/data_plane/u_tx_window/ack_reclaimed_count[31]_i_82/O
                         net (fo=4, unplaced)         0.371     4.437    u_top/u_fixed/u_portable_architecture/data_plane/u_tx_window/ack_reclaimed_count[31]_i_82_n_0
                         LUT1 (Prop_lut1_I0_O)        0.105     4.542 r  u_top/u_fixed/u_portable_architecture/data_plane/u_tx_window/ack_reclaimed_count[31]_i_249/O
                         net (fo=1, unplaced)         0.000     4.542    u_top/u_fixed/u_portable_architecture/data_plane/u_tx_window/ack_reclaimed_count[31]_i_249_n_0
                         CARRY4 (Prop_carry4_DI[0]_CO[3])
                                                      0.477     5.019 r  u_top/u_fixed/u_portable_architecture/data_plane/u_tx_window/ack_reclaimed_count_reg[31]_i_106/CO[3]
                         net (fo=1, unplaced)         0.008     5.027    u_top/u_fixed/u_portable_architecture/data_plane/u_tx_window/ack_reclaimed_count_reg[31]_i_106_n_0
                         CARRY4 (Prop_carry4_CI_CO[3])
                                                      0.100     5.127 r  u_top/u_fixed/u_portable_architecture/data_plane/u_tx_window/ack_reclaimed_count_reg[31]_i_105/CO[3]
                         net (fo=1, unplaced)         0.000     5.127    u_top/u_fixed/u_portable_architecture/data_plane/u_tx_window/ack_reclaimed_count_reg[31]_i_105_n_0
                         CARRY4 (Prop_carry4_CI_O[1])
                                                      0.269     5.396 f  u_top/u_fixed/u_portable_architecture/data_plane/u_tx_window/ack_reclaimed_count_reg[31]_i_54/O[1]
                         net (fo=2, unplaced)         0.483     5.879    u_top/u_fixed/u_portable_architecture/data_plane/u_tx_window/seq_distance_return4_out[9]
                         LUT4 (Prop_lut4_I0_O)        0.265     6.144 r  u_top/u_fixed/u_portable_architecture/data_plane/u_tx_window/ack_reclaimed_count[31]_i_23/O
                         net (fo=1, unplaced)         0.000     6.144    u_top/u_fixed/u_portable_architecture/data_plane/u_tx_window/ack_reclaimed_count[31]_i_23_n_0
                         CARRY4 (Prop_carry4_DI[0]_CO[3])
                                                      0.477     6.621 r  u_top/u_fixed/u_portable_architecture/data_plane/u_tx_window/ack_reclaimed_count_reg[31]_i_8/CO[3]
                         net (fo=2, unplaced)         0.781     7.402    u_top/u_fixed/u_portable_architecture/data_plane/u_tx_window/ack_scan_in_snapshot
                         LUT6 (Prop_lut6_I5_O)        0.105     7.507 f  u_top/u_fixed/u_portable_architecture/data_plane/u_tx_window/ack_reclaimed_count[31]_i_3/O
                         net (fo=107, unplaced)       0.429     7.936    u_top/u_fixed/u_portable_architecture/data_plane/u_tx_window/ack_reclaimed_count[31]_i_3_n_0
                         LUT6 (Prop_lut6_I4_O)        0.105     8.041 r  u_top/u_fixed/u_portable_architecture/data_plane/u_tx_window/entry_valid[62]_i_3__0/O
                         net (fo=62, unplaced)        0.416     8.457    u_top/u_fixed/u_portable_architecture/data_plane/u_tx_window/ack_state_reg[1]_1
                         LUT4 (Prop_lut4_I0_O)        0.105     8.562 r  u_top/u_fixed/u_portable_architecture/data_plane/u_tx_window/outstanding_high_watermark_o[6]_i_4/O
                         net (fo=56, unplaced)        0.432     8.994    u_top/u_fixed/u_portable_architecture/data_plane/u_tx_window/ack_state_reg[1]_0
                         LUT2 (Prop_lut2_I1_O)        0.105     9.099 r  u_top/u_fixed/u_portable_architecture/data_plane/u_tx_window/outstanding_high_watermark_o[6]_i_87/O
                         net (fo=1, unplaced)         0.000     9.099    u_top/u_fixed/u_portable_architecture/data_plane/u_tx_window/outstanding_high_watermark_o[6]_i_87_n_0
                         CARRY4 (Prop_carry4_S[1]_CO[3])
                                                      0.444     9.543 r  u_top/u_fixed/u_portable_architecture/data_plane/u_tx_window/outstanding_high_watermark_o_reg[6]_i_80/CO[3]
                         net (fo=1, unplaced)         0.008     9.551    u_top/u_fixed/u_portable_architecture/data_plane/u_tx_window/outstanding_high_watermark_o_reg[6]_i_80_n_0
                         CARRY4 (Prop_carry4_CI_CO[3])
                                                      0.100     9.651 r  u_top/u_fixed/u_portable_architecture/data_plane/u_tx_window/outstanding_high_watermark_o_reg[6]_i_75/CO[3]
                         net (fo=1, unplaced)         0.000     9.651    u_top/u_fixed/u_portable_architecture/data_plane/u_tx_window/outstanding_high_watermark_o_reg[6]_i_75_n_0
                         CARRY4 (Prop_carry4_CI_CO[3])
                                                      0.100     9.751 r  u_top/u_fixed/u_portable_architecture/data_plane/u_tx_window/outstanding_high_watermark_o_reg[6]_i_66/CO[3]
                         net (fo=1, unplaced)         0.000     9.751    u_top/u_fixed/u_portable_architecture/data_plane/u_tx_window/outstanding_high_watermark_o_reg[6]_i_66_n_0
                         CARRY4 (Prop_carry4_CI_CO[3])
                                                      0.100     9.851 r  u_top/u_fixed/u_portable_architecture/data_plane/u_tx_window/outstanding_high_watermark_o_reg[6]_i_56/CO[3]
                         net (fo=1, unplaced)         0.000     9.851    u_top/u_fixed/u_portable_architecture/data_plane/u_tx_window/outstanding_high_watermark_o_reg[6]_i_56_n_0
                         CARRY4 (Prop_carry4_CI_CO[3])
                                                      0.100     9.951 r  u_top/u_fixed/u_portable_architecture/data_plane/u_tx_window/outstanding_high_watermark_o_reg[6]_i_46/CO[3]
                         net (fo=1, unplaced)         0.000     9.951    u_top/u_fixed/u_portable_architecture/data_plane/u_tx_window/outstanding_high_watermark_o_reg[6]_i_46_n_0
                         CARRY4 (Prop_carry4_CI_CO[3])
                                                      0.100    10.051 r  u_top/u_fixed/u_portable_architecture/data_plane/u_tx_window/outstanding_high_watermark_o_reg[6]_i_36/CO[3]
                         net (fo=1, unplaced)         0.000    10.051    u_top/u_fixed/u_portable_architecture/data_plane/u_tx_window/outstanding_high_watermark_o_reg[6]_i_36_n_0
                         CARRY4 (Prop_carry4_CI_CO[3])
                                                      0.100    10.151 r  u_top/u_fixed/u_portable_architecture/data_plane/u_tx_window/outstanding_high_watermark_o_reg[6]_i_26/CO[3]
                         net (fo=1, unplaced)         0.000    10.151    u_top/u_fixed/u_portable_architecture/data_plane/u_tx_window/outstanding_high_watermark_o_reg[6]_i_26_n_0
                         CARRY4 (Prop_carry4_CI_O[3])
                                                      0.277    10.428 f  u_top/u_fixed/u_portable_architecture/data_plane/u_tx_window/outstanding_high_watermark_o_reg[6]_i_20/O[3]
                         net (fo=1, unplaced)         0.519    10.947    u_top/u_fixed/u_portable_architecture/data_plane/u_tx_window/outstanding_high_watermark_o_reg[6]_i_20_n_4
                         LUT1 (Prop_lut1_I0_O)        0.250    11.197 r  u_top/u_fixed/u_portable_architecture/data_plane/u_tx_window/outstanding_high_watermark_o[6]_i_8/O
                         net (fo=1, unplaced)         0.000    11.197    u_top/u_fixed/u_portable_architecture/data_plane/u_tx_window/outstanding_high_watermark_o[6]_i_8_n_0
                         CARRY4 (Prop_carry4_S[3]_CO[3])
                                                      0.314    11.511 f  u_top/u_fixed/u_portable_architecture/data_plane/u_tx_window/outstanding_high_watermark_o_reg[6]_i_5/CO[3]
                         net (fo=1, unplaced)         0.770    12.281    u_top/u_fixed/u_portable_architecture/data_plane/u_tx_window/outstanding_high_watermark_o_reg[6]_i_5_n_0
                         LUT4 (Prop_lut4_I2_O)        0.105    12.386 r  u_top/u_fixed/u_portable_architecture/data_plane/u_tx_window/outstanding_high_watermark_o[6]_i_1/O
                         net (fo=7, unplaced)         0.401    12.787    u_top/u_fixed/u_portable_architecture/data_plane/u_tx_window/outstanding_high_watermark_o[6]_i_1_n_0
                         FDCE                                         r  u_top/u_fixed/u_portable_architecture/data_plane/u_tx_window/outstanding_high_watermark_o_reg[6]/CE
  -------------------------------------------------------------------    -------------------

                         (clock protocol_clk rise edge)
                                                     15.625    15.625 r  
                                                      0.000    15.625 r  protocol_clk_i (IN)
                         net (fo=12845, unset)        0.748    16.373    u_top/u_fixed/u_portable_architecture/data_plane/u_tx_window/protocol_clk_i
                         FDCE                                         r  u_top/u_fixed/u_portable_architecture/data_plane/u_tx_window/outstanding_high_watermark_o_reg[6]/C
                         clock pessimism              0.000    16.373    
                         clock uncertainty           -0.035    16.337    
                         FDCE (Setup_fdce_C_CE)      -0.240    16.097    u_top/u_fixed/u_portable_architecture/data_plane/u_tx_window/outstanding_high_watermark_o_reg[6]
  -------------------------------------------------------------------
                         required time                         16.097    
                         arrival time                         -12.787    
  -------------------------------------------------------------------
                         slack                                  3.310    

Slack (MET) :             3.643ns  (required time - arrival time)
  Source:                 u_top/u_fixed/u_portable_architecture/data_plane/u_tx_window/entry_sequence_reg[43][0]/C
                            (rising edge-triggered cell FDRE clocked by protocol_clk  {rise@0.000ns fall@7.813ns period=15.625ns})
  Destination:            u_top/u_fixed/u_portable_architecture/data_plane/u_tx_window/duplicate_ack_count_o_reg[0]/CE
                            (rising edge-triggered cell FDCE clocked by protocol_clk  {rise@0.000ns fall@7.813ns period=15.625ns})
  Path Group:             protocol_clk
  Path Type:              Setup (Max at Slow Process Corner)
  Requirement:            15.625ns  (protocol_clk rise@15.625ns - protocol_clk rise@0.000ns)
  Data Path Delay:        11.667ns  (logic 4.723ns (40.482%)  route 6.944ns (59.518%))
  Logic Levels:           25  (CARRY4=12 LUT1=1 LUT2=1 LUT4=2 LUT5=1 LUT6=8)
  Clock Path Skew:        -0.039ns (DCD - SCD + CPR)
    Destination Clock Delay (DCD):    0.748ns = ( 16.373 - 15.625 ) 
    Source Clock Delay      (SCD):    0.787ns
    Clock Pessimism Removal (CPR):    0.000ns
  Clock Uncertainty:      0.035ns  ((TSJ^2 + TIJ^2)^1/2 + DJ) / 2 + PE
    Total System Jitter     (TSJ):    0.071ns
    Total Input Jitter      (TIJ):    0.000ns
    Discrete Jitter          (DJ):    0.000ns
    Phase Error              (PE):    0.000ns

    Location             Delay type                Incr(ns)  Path(ns)    Netlist Resource(s)
  -------------------------------------------------------------------    -------------------
                         (clock protocol_clk rise edge)
                                                      0.000     0.000 r  
                                                      0.000     0.000 r  protocol_clk_i (IN)
                         net (fo=12845, unset)        0.787     0.787    u_top/u_fixed/u_portable_architecture/data_plane/u_tx_window/protocol_clk_i
                         FDRE                                         r  u_top/u_fixed/u_portable_architecture/data_plane/u_tx_window/entry_sequence_reg[43][0]/C
  -------------------------------------------------------------------    -------------------
                         FDRE (Prop_fdre_C_Q)         0.303     1.090 r  u_top/u_fixed/u_portable_architecture/data_plane/u_tx_window/entry_sequence_reg[43][0]/Q
                         net (fo=3, unplaced)         0.797     1.887    u_top/u_fixed/u_portable_architecture/data_plane/u_tx_window/entry_sequence_reg[43]_164[0]
                         LUT6 (Prop_lut6_I0_O)        0.232     2.119 r  u_top/u_fixed/u_portable_architecture/data_plane/u_tx_window/ack_reclaimed_count[31]_i_470/O
                         net (fo=1, unplaced)         0.938     3.057    u_top/u_fixed/u_portable_architecture/data_plane/u_tx_window/ack_reclaimed_count[31]_i_470_n_0
                         LUT6 (Prop_lut6_I1_O)        0.105     3.162 r  u_top/u_fixed/u_portable_architecture/data_plane/u_tx_window/ack_reclaimed_count[31]_i_416/O
                         net (fo=1, unplaced)         0.347     3.509    u_top/u_fixed/u_portable_architecture/data_plane/u_tx_window/ack_reclaimed_count[31]_i_416_n_0
                         LUT6 (Prop_lut6_I5_O)        0.105     3.614 f  u_top/u_fixed/u_portable_architecture/data_plane/u_tx_window/ack_reclaimed_count[31]_i_171/O
                         net (fo=1, unplaced)         0.347     3.961    u_top/u_fixed/u_portable_architecture/data_plane/u_tx_window/ack_reclaimed_count[31]_i_171_n_0
                         LUT6 (Prop_lut6_I1_O)        0.105     4.066 f  u_top/u_fixed/u_portable_architecture/data_plane/u_tx_window/ack_reclaimed_count[31]_i_82/O
                         net (fo=4, unplaced)         0.371     4.437    u_top/u_fixed/u_portable_architecture/data_plane/u_tx_window/ack_reclaimed_count[31]_i_82_n_0
                         LUT1 (Prop_lut1_I0_O)        0.105     4.542 r  u_top/u_fixed/u_portable_architecture/data_plane/u_tx_window/ack_reclaimed_count[31]_i_249/O
                         net (fo=1, unplaced)         0.000     4.542    u_top/u_fixed/u_portable_architecture/data_plane/u_tx_window/ack_reclaimed_count[31]_i_249_n_0
                         CARRY4 (Prop_carry4_DI[0]_CO[3])
                                                      0.477     5.019 r  u_top/u_fixed/u_portable_architecture/data_plane/u_tx_window/ack_reclaimed_count_reg[31]_i_106/CO[3]
                         net (fo=1, unplaced)         0.008     5.027    u_top/u_fixed/u_portable_architecture/data_plane/u_tx_window/ack_reclaimed_count_reg[31]_i_106_n_0
                         CARRY4 (Prop_carry4_CI_CO[3])
                                                      0.100     5.127 r  u_top/u_fixed/u_portable_architecture/data_plane/u_tx_window/ack_reclaimed_count_reg[31]_i_105/CO[3]
                         net (fo=1, unplaced)         0.000     5.127    u_top/u_fixed/u_portable_architecture/data_plane/u_tx_window/ack_reclaimed_count_reg[31]_i_105_n_0
                         CARRY4 (Prop_carry4_CI_O[1])
                                                      0.269     5.396 f  u_top/u_fixed/u_portable_architecture/data_plane/u_tx_window/ack_reclaimed_count_reg[31]_i_54/O[1]
                         net (fo=2, unplaced)         0.483     5.879    u_top/u_fixed/u_portable_architecture/data_plane/u_tx_window/seq_distance_return4_out[9]
                         LUT4 (Prop_lut4_I0_O)        0.265     6.144 r  u_top/u_fixed/u_portable_architecture/data_plane/u_tx_window/ack_reclaimed_count[31]_i_23/O
                         net (fo=1, unplaced)         0.000     6.144    u_top/u_fixed/u_portable_architecture/data_plane/u_tx_window/ack_reclaimed_count[31]_i_23_n_0
                         CARRY4 (Prop_carry4_DI[0]_CO[3])
                                                      0.477     6.621 f  u_top/u_fixed/u_portable_architecture/data_plane/u_tx_window/ack_reclaimed_count_reg[31]_i_8/CO[3]
                         net (fo=2, unplaced)         0.781     7.402    u_top/u_fixed/u_portable_architecture/data_plane/u_tx_window/ack_scan_in_snapshot
                         LUT6 (Prop_lut6_I5_O)        0.105     7.507 r  u_top/u_fixed/u_portable_architecture/data_plane/u_tx_window/ack_reclaimed_count[31]_i_3/O
                         net (fo=107, unplaced)       0.448     7.955    u_top/u_fixed/u_portable_architecture/data_plane/u_tx_window/ack_reclaimed_count[31]_i_3_n_0
                         LUT2 (Prop_lut2_I1_O)        0.105     8.060 r  u_top/u_fixed/u_portable_architecture/data_plane/u_tx_window/duplicate_ack_count_o[31]_i_22/O
                         net (fo=1, unplaced)         0.000     8.060    u_top/u_fixed/u_portable_architecture/data_plane/u_tx_window/duplicate_ack_count_o[31]_i_22_n_0
                         CARRY4 (Prop_carry4_S[0]_CO[3])
                                                      0.423     8.483 r  u_top/u_fixed/u_portable_architecture/data_plane/u_tx_window/duplicate_ack_count_o_reg[31]_i_19/CO[3]
                         net (fo=1, unplaced)         0.008     8.491    u_top/u_fixed/u_portable_architecture/data_plane/u_tx_window/duplicate_ack_count_o_reg[31]_i_19_n_0
                         CARRY4 (Prop_carry4_CI_CO[3])
                                                      0.100     8.591 r  u_top/u_fixed/u_portable_architecture/data_plane/u_tx_window/duplicate_ack_count_o_reg[31]_i_9/CO[3]
                         net (fo=1, unplaced)         0.000     8.591    u_top/u_fixed/u_portable_architecture/data_plane/u_tx_window/duplicate_ack_count_o_reg[31]_i_9_n_0
                         CARRY4 (Prop_carry4_CI_CO[3])
                                                      0.100     8.691 r  u_top/u_fixed/u_portable_architecture/data_plane/u_tx_window/duplicate_ack_count_o_reg[31]_i_10/CO[3]
                         net (fo=1, unplaced)         0.000     8.691    u_top/u_fixed/u_portable_architecture/data_plane/u_tx_window/duplicate_ack_count_o_reg[31]_i_10_n_0
                         CARRY4 (Prop_carry4_CI_CO[3])
                                                      0.100     8.791 r  u_top/u_fixed/u_portable_architecture/data_plane/u_tx_window/duplicate_ack_count_o_reg[31]_i_18/CO[3]
                         net (fo=1, unplaced)         0.000     8.791    u_top/u_fixed/u_portable_architecture/data_plane/u_tx_window/duplicate_ack_count_o_reg[31]_i_18_n_0
                         CARRY4 (Prop_carry4_CI_CO[3])
                                                      0.100     8.891 r  u_top/u_fixed/u_portable_architecture/data_plane/u_tx_window/duplicate_ack_count_o_reg[31]_i_15/CO[3]
                         net (fo=1, unplaced)         0.000     8.891    u_top/u_fixed/u_portable_architecture/data_plane/u_tx_window/duplicate_ack_count_o_reg[31]_i_15_n_0
                         CARRY4 (Prop_carry4_CI_CO[3])
                                                      0.100     8.991 r  u_top/u_fixed/u_portable_architecture/data_plane/u_tx_window/duplicate_ack_count_o_reg[31]_i_14/CO[3]
                         net (fo=1, unplaced)         0.000     8.991    u_top/u_fixed/u_portable_architecture/data_plane/u_tx_window/duplicate_ack_count_o_reg[31]_i_14_n_0
                         CARRY4 (Prop_carry4_CI_CO[3])
                                                      0.100     9.091 r  u_top/u_fixed/u_portable_architecture/data_plane/u_tx_window/duplicate_ack_count_o_reg[31]_i_17/CO[3]
                         net (fo=1, unplaced)         0.000     9.091    u_top/u_fixed/u_portable_architecture/data_plane/u_tx_window/duplicate_ack_count_o_reg[31]_i_17_n_0
                         CARRY4 (Prop_carry4_CI_O[3])
                                                      0.277     9.368 f  u_top/u_fixed/u_portable_architecture/data_plane/u_tx_window/duplicate_ack_count_o_reg[31]_i_20/O[3]
                         net (fo=1, unplaced)         0.519     9.887    u_top/u_fixed/u_portable_architecture/data_plane/u_tx_window/completion_pulse_o2[31]
                         LUT4 (Prop_lut4_I1_O)        0.250    10.137 f  u_top/u_fixed/u_portable_architecture/data_plane/u_tx_window/duplicate_ack_count_o[31]_i_21/O
                         net (fo=1, unplaced)         0.347    10.484    u_top/u_fixed/u_portable_architecture/data_plane/u_tx_window/duplicate_ack_count_o[31]_i_21_n_0
                         LUT5 (Prop_lut5_I4_O)        0.105    10.589 f  u_top/u_fixed/u_portable_architecture/data_plane/u_tx_window/duplicate_ack_count_o[31]_i_16/O
                         net (fo=1, unplaced)         0.347    10.936    u_top/u_fixed/u_portable_architecture/data_plane/u_tx_window/duplicate_ack_count_o[31]_i_16_n_0
                         LUT6 (Prop_lut6_I5_O)        0.105    11.041 f  u_top/u_fixed/u_portable_architecture/data_plane/u_tx_window/duplicate_ack_count_o[31]_i_6/O
                         net (fo=33, unplaced)        0.419    11.460    u_top/u_fixed/u_portable_architecture/data_plane/u_tx_window/duplicate_ack_count_o[31]_i_6_n_0
                         LUT6 (Prop_lut6_I4_O)        0.105    11.565 f  u_top/u_fixed/u_portable_architecture/data_plane/u_tx_window/duplicate_ack_count_o[31]_i_3/O
                         net (fo=1, unplaced)         0.347    11.912    u_top/u_fixed/u_portable_architecture/data_plane/u_tx_window/duplicate_ack_count_o[31]_i_3_n_0
                         LUT6 (Prop_lut6_I5_O)        0.105    12.017 r  u_top/u_fixed/u_portable_architecture/data_plane/u_tx_window/duplicate_ack_count_o[31]_i_1/O
                         net (fo=32, unplaced)        0.437    12.454    u_top/u_fixed/u_portable_architecture/data_plane/u_tx_window/duplicate_ack_count_o[31]_i_1_n_0
                         FDCE                                         r  u_top/u_fixed/u_portable_architecture/data_plane/u_tx_window/duplicate_ack_count_o_reg[0]/CE
  -------------------------------------------------------------------    -------------------

                         (clock protocol_clk rise edge)
                                                     15.625    15.625 r  
                                                      0.000    15.625 r  protocol_clk_i (IN)
                         net (fo=12845, unset)        0.748    16.373    u_top/u_fixed/u_portable_architecture/data_plane/u_tx_window/protocol_clk_i
                         FDCE                                         r  u_top/u_fixed/u_portable_architecture/data_plane/u_tx_window/duplicate_ack_count_o_reg[0]/C
                         clock pessimism              0.000    16.373    
                         clock uncertainty           -0.035    16.337    
                         FDCE (Setup_fdce_C_CE)      -0.240    16.097    u_top/u_fixed/u_portable_architecture/data_plane/u_tx_window/duplicate_ack_count_o_reg[0]
  -------------------------------------------------------------------
                         required time                         16.097    
                         arrival time                         -12.454    
  -------------------------------------------------------------------
                         slack                                  3.643    

Slack (MET) :             3.643ns  (required time - arrival time)
  Source:                 u_top/u_fixed/u_portable_architecture/data_plane/u_tx_window/entry_sequence_reg[43][0]/C
                            (rising edge-triggered cell FDRE clocked by protocol_clk  {rise@0.000ns fall@7.813ns period=15.625ns})
  Destination:            u_top/u_fixed/u_portable_architecture/data_plane/u_tx_window/duplicate_ack_count_o_reg[10]/CE
                            (rising edge-triggered cell FDCE clocked by protocol_clk  {rise@0.000ns fall@7.813ns period=15.625ns})
  Path Group:             protocol_clk
  Path Type:              Setup (Max at Slow Process Corner)
  Requirement:            15.625ns  (protocol_clk rise@15.625ns - protocol_clk rise@0.000ns)
  Data Path Delay:        11.667ns  (logic 4.723ns (40.482%)  route 6.944ns (59.518%))
  Logic Levels:           25  (CARRY4=12 LUT1=1 LUT2=1 LUT4=2 LUT5=1 LUT6=8)
  Clock Path Skew:        -0.039ns (DCD - SCD + CPR)
    Destination Clock Delay (DCD):    0.748ns = ( 16.373 - 15.625 ) 
    Source Clock Delay      (SCD):    0.787ns
    Clock Pessimism Removal (CPR):    0.000ns
  Clock Uncertainty:      0.035ns  ((TSJ^2 + TIJ^2)^1/2 + DJ) / 2 + PE
    Total System Jitter     (TSJ):    0.071ns
    Total Input Jitter      (TIJ):    0.000ns
    Discrete Jitter          (DJ):    0.000ns
    Phase Error              (PE):    0.000ns

    Location             Delay type                Incr(ns)  Path(ns)    Netlist Resource(s)
  -------------------------------------------------------------------    -------------------
                         (clock protocol_clk rise edge)
                                                      0.000     0.000 r  
                                                      0.000     0.000 r  protocol_clk_i (IN)
                         net (fo=12845, unset)        0.787     0.787    u_top/u_fixed/u_portable_architecture/data_plane/u_tx_window/protocol_clk_i
                         FDRE                                         r  u_top/u_fixed/u_portable_architecture/data_plane/u_tx_window/entry_sequence_reg[43][0]/C
  -------------------------------------------------------------------    -------------------
                         FDRE (Prop_fdre_C_Q)         0.303     1.090 r  u_top/u_fixed/u_portable_architecture/data_plane/u_tx_window/entry_sequence_reg[43][0]/Q
                         net (fo=3, unplaced)         0.797     1.887    u_top/u_fixed/u_portable_architecture/data_plane/u_tx_window/entry_sequence_reg[43]_164[0]
                         LUT6 (Prop_lut6_I0_O)        0.232     2.119 r  u_top/u_fixed/u_portable_architecture/data_plane/u_tx_window/ack_reclaimed_count[31]_i_470/O
                         net (fo=1, unplaced)         0.938     3.057    u_top/u_fixed/u_portable_architecture/data_plane/u_tx_window/ack_reclaimed_count[31]_i_470_n_0
                         LUT6 (Prop_lut6_I1_O)        0.105     3.162 r  u_top/u_fixed/u_portable_architecture/data_plane/u_tx_window/ack_reclaimed_count[31]_i_416/O
                         net (fo=1, unplaced)         0.347     3.509    u_top/u_fixed/u_portable_architecture/data_plane/u_tx_window/ack_reclaimed_count[31]_i_416_n_0
                         LUT6 (Prop_lut6_I5_O)        0.105     3.614 f  u_top/u_fixed/u_portable_architecture/data_plane/u_tx_window/ack_reclaimed_count[31]_i_171/O
                         net (fo=1, unplaced)         0.347     3.961    u_top/u_fixed/u_portable_architecture/data_plane/u_tx_window/ack_reclaimed_count[31]_i_171_n_0
                         LUT6 (Prop_lut6_I1_O)        0.105     4.066 f  u_top/u_fixed/u_portable_architecture/data_plane/u_tx_window/ack_reclaimed_count[31]_i_82/O
                         net (fo=4, unplaced)         0.371     4.437    u_top/u_fixed/u_portable_architecture/data_plane/u_tx_window/ack_reclaimed_count[31]_i_82_n_0
                         LUT1 (Prop_lut1_I0_O)        0.105     4.542 r  u_top/u_fixed/u_portable_architecture/data_plane/u_tx_window/ack_reclaimed_count[31]_i_249/O
                         net (fo=1, unplaced)         0.000     4.542    u_top/u_fixed/u_portable_architecture/data_plane/u_tx_window/ack_reclaimed_count[31]_i_249_n_0
                         CARRY4 (Prop_carry4_DI[0]_CO[3])
                                                      0.477     5.019 r  u_top/u_fixed/u_portable_architecture/data_plane/u_tx_window/ack_reclaimed_count_reg[31]_i_106/CO[3]
                         net (fo=1, unplaced)         0.008     5.027    u_top/u_fixed/u_portable_architecture/data_plane/u_tx_window/ack_reclaimed_count_reg[31]_i_106_n_0
                         CARRY4 (Prop_carry4_CI_CO[3])
                                                      0.100     5.127 r  u_top/u_fixed/u_portable_architecture/data_plane/u_tx_window/ack_reclaimed_count_reg[31]_i_105/CO[3]
                         net (fo=1, unplaced)         0.000     5.127    u_top/u_fixed/u_portable_architecture/data_plane/u_tx_window/ack_reclaimed_count_reg[31]_i_105_n_0
                         CARRY4 (Prop_carry4_CI_O[1])
                                                      0.269     5.396 f  u_top/u_fixed/u_portable_architecture/data_plane/u_tx_window/ack_reclaimed_count_reg[31]_i_54/O[1]
                         net (fo=2, unplaced)         0.483     5.879    u_top/u_fixed/u_portable_architecture/data_plane/u_tx_window/seq_distance_return4_out[9]
                         LUT4 (Prop_lut4_I0_O)        0.265     6.144 r  u_top/u_fixed/u_portable_architecture/data_plane/u_tx_window/ack_reclaimed_count[31]_i_23/O
                         net (fo=1, unplaced)         0.000     6.144    u_top/u_fixed/u_portable_architecture/data_plane/u_tx_window/ack_reclaimed_count[31]_i_23_n_0
                         CARRY4 (Prop_carry4_DI[0]_CO[3])
                                                      0.477     6.621 f  u_top/u_fixed/u_portable_architecture/data_plane/u_tx_window/ack_reclaimed_count_reg[31]_i_8/CO[3]
                         net (fo=2, unplaced)         0.781     7.402    u_top/u_fixed/u_portable_architecture/data_plane/u_tx_window/ack_scan_in_snapshot
                         LUT6 (Prop_lut6_I5_O)        0.105     7.507 r  u_top/u_fixed/u_portable_architecture/data_plane/u_tx_window/ack_reclaimed_count[31]_i_3/O
                         net (fo=107, unplaced)       0.448     7.955    u_top/u_fixed/u_portable_architecture/data_plane/u_tx_window/ack_reclaimed_count[31]_i_3_n_0
                         LUT2 (Prop_lut2_I1_O)        0.105     8.060 r  u_top/u_fixed/u_portable_architecture/data_plane/u_tx_window/duplicate_ack_count_o[31]_i_22/O
                         net (fo=1, unplaced)         0.000     8.060    u_top/u_fixed/u_portable_architecture/data_plane/u_tx_window/duplicate_ack_count_o[31]_i_22_n_0
                         CARRY4 (Prop_carry4_S[0]_CO[3])
                                                      0.423     8.483 r  u_top/u_fixed/u_portable_architecture/data_plane/u_tx_window/duplicate_ack_count_o_reg[31]_i_19/CO[3]
                         net (fo=1, unplaced)         0.008     8.491    u_top/u_fixed/u_portable_architecture/data_plane/u_tx_window/duplicate_ack_count_o_reg[31]_i_19_n_0
                         CARRY4 (Prop_carry4_CI_CO[3])
                                                      0.100     8.591 r  u_top/u_fixed/u_portable_architecture/data_plane/u_tx_window/duplicate_ack_count_o_reg[31]_i_9/CO[3]
                         net (fo=1, unplaced)         0.000     8.591    u_top/u_fixed/u_portable_architecture/data_plane/u_tx_window/duplicate_ack_count_o_reg[31]_i_9_n_0
                         CARRY4 (Prop_carry4_CI_CO[3])
                                                      0.100     8.691 r  u_top/u_fixed/u_portable_architecture/data_plane/u_tx_window/duplicate_ack_count_o_reg[31]_i_10/CO[3]
                         net (fo=1, unplaced)         0.000     8.691    u_top/u_fixed/u_portable_architecture/data_plane/u_tx_window/duplicate_ack_count_o_reg[31]_i_10_n_0
                         CARRY4 (Prop_carry4_CI_CO[3])
                                                      0.100     8.791 r  u_top/u_fixed/u_portable_architecture/data_plane/u_tx_window/duplicate_ack_count_o_reg[31]_i_18/CO[3]
                         net (fo=1, unplaced)         0.000     8.791    u_top/u_fixed/u_portable_architecture/data_plane/u_tx_window/duplicate_ack_count_o_reg[31]_i_18_n_0
                         CARRY4 (Prop_carry4_CI_CO[3])
                                                      0.100     8.891 r  u_top/u_fixed/u_portable_architecture/data_plane/u_tx_window/duplicate_ack_count_o_reg[31]_i_15/CO[3]
                         net (fo=1, unplaced)         0.000     8.891    u_top/u_fixed/u_portable_architecture/data_plane/u_tx_window/duplicate_ack_count_o_reg[31]_i_15_n_0
                         CARRY4 (Prop_carry4_CI_CO[3])
                                                      0.100     8.991 r  u_top/u_fixed/u_portable_architecture/data_plane/u_tx_window/duplicate_ack_count_o_reg[31]_i_14/CO[3]
                         net (fo=1, unplaced)         0.000     8.991    u_top/u_fixed/u_portable_architecture/data_plane/u_tx_window/duplicate_ack_count_o_reg[31]_i_14_n_0
                         CARRY4 (Prop_carry4_CI_CO[3])
                                                      0.100     9.091 r  u_top/u_fixed/u_portable_architecture/data_plane/u_tx_window/duplicate_ack_count_o_reg[31]_i_17/CO[3]
                         net (fo=1, unplaced)         0.000     9.091    u_top/u_fixed/u_portable_architecture/data_plane/u_tx_window/duplicate_ack_count_o_reg[31]_i_17_n_0
                         CARRY4 (Prop_carry4_CI_O[3])
                                                      0.277     9.368 f  u_top/u_fixed/u_portable_architecture/data_plane/u_tx_window/duplicate_ack_count_o_reg[31]_i_20/O[3]
                         net (fo=1, unplaced)         0.519     9.887    u_top/u_fixed/u_portable_architecture/data_plane/u_tx_window/completion_pulse_o2[31]
                         LUT4 (Prop_lut4_I1_O)        0.250    10.137 f  u_top/u_fixed/u_portable_architecture/data_plane/u_tx_window/duplicate_ack_count_o[31]_i_21/O
                         net (fo=1, unplaced)         0.347    10.484    u_top/u_fixed/u_portable_architecture/data_plane/u_tx_window/duplicate_ack_count_o[31]_i_21_n_0
                         LUT5 (Prop_lut5_I4_O)        0.105    10.589 f  u_top/u_fixed/u_portable_architecture/data_plane/u_tx_window/duplicate_ack_count_o[31]_i_16/O
                         net (fo=1, unplaced)         0.347    10.936    u_top/u_fixed/u_portable_architecture/data_plane/u_tx_window/duplicate_ack_count_o[31]_i_16_n_0
                         LUT6 (Prop_lut6_I5_O)        0.105    11.041 f  u_top/u_fixed/u_portable_architecture/data_plane/u_tx_window/duplicate_ack_count_o[31]_i_6/O
                         net (fo=33, unplaced)        0.419    11.460    u_top/u_fixed/u_portable_architecture/data_plane/u_tx_window/duplicate_ack_count_o[31]_i_6_n_0
                         LUT6 (Prop_lut6_I4_O)        0.105    11.565 f  u_top/u_fixed/u_portable_architecture/data_plane/u_tx_window/duplicate_ack_count_o[31]_i_3/O
                         net (fo=1, unplaced)         0.347    11.912    u_top/u_fixed/u_portable_architecture/data_plane/u_tx_window/duplicate_ack_count_o[31]_i_3_n_0
                         LUT6 (Prop_lut6_I5_O)        0.105    12.017 r  u_top/u_fixed/u_portable_architecture/data_plane/u_tx_window/duplicate_ack_count_o[31]_i_1/O
                         net (fo=32, unplaced)        0.437    12.454    u_top/u_fixed/u_portable_architecture/data_plane/u_tx_window/duplicate_ack_count_o[31]_i_1_n_0
                         FDCE                                         r  u_top/u_fixed/u_portable_architecture/data_plane/u_tx_window/duplicate_ack_count_o_reg[10]/CE
  -------------------------------------------------------------------    -------------------

                         (clock protocol_clk rise edge)
                                                     15.625    15.625 r  
                                                      0.000    15.625 r  protocol_clk_i (IN)
                         net (fo=12845, unset)        0.748    16.373    u_top/u_fixed/u_portable_architecture/data_plane/u_tx_window/protocol_clk_i
                         FDCE                                         r  u_top/u_fixed/u_portable_architecture/data_plane/u_tx_window/duplicate_ack_count_o_reg[10]/C
                         clock pessimism              0.000    16.373    
                         clock uncertainty           -0.035    16.337    
                         FDCE (Setup_fdce_C_CE)      -0.240    16.097    u_top/u_fixed/u_portable_architecture/data_plane/u_tx_window/duplicate_ack_count_o_reg[10]
  -------------------------------------------------------------------
                         required time                         16.097    
                         arrival time                         -12.454    
  -------------------------------------------------------------------
                         slack                                  3.643    

Slack (MET) :             3.643ns  (required time - arrival time)
  Source:                 u_top/u_fixed/u_portable_architecture/data_plane/u_tx_window/entry_sequence_reg[43][0]/C
                            (rising edge-triggered cell FDRE clocked by protocol_clk  {rise@0.000ns fall@7.813ns period=15.625ns})
  Destination:            u_top/u_fixed/u_portable_architecture/data_plane/u_tx_window/duplicate_ack_count_o_reg[11]/CE
                            (rising edge-triggered cell FDCE clocked by protocol_clk  {rise@0.000ns fall@7.813ns period=15.625ns})
  Path Group:             protocol_clk
  Path Type:              Setup (Max at Slow Process Corner)
  Requirement:            15.625ns  (protocol_clk rise@15.625ns - protocol_clk rise@0.000ns)
  Data Path Delay:        11.667ns  (logic 4.723ns (40.482%)  route 6.944ns (59.518%))
  Logic Levels:           25  (CARRY4=12 LUT1=1 LUT2=1 LUT4=2 LUT5=1 LUT6=8)
  Clock Path Skew:        -0.039ns (DCD - SCD + CPR)
    Destination Clock Delay (DCD):    0.748ns = ( 16.373 - 15.625 ) 
    Source Clock Delay      (SCD):    0.787ns
    Clock Pessimism Removal (CPR):    0.000ns
  Clock Uncertainty:      0.035ns  ((TSJ^2 + TIJ^2)^1/2 + DJ) / 2 + PE
    Total System Jitter     (TSJ):    0.071ns
    Total Input Jitter      (TIJ):    0.000ns
    Discrete Jitter          (DJ):    0.000ns
    Phase Error              (PE):    0.000ns

    Location             Delay type                Incr(ns)  Path(ns)    Netlist Resource(s)
  -------------------------------------------------------------------    -------------------
                         (clock protocol_clk rise edge)
                                                      0.000     0.000 r  
                                                      0.000     0.000 r  protocol_clk_i (IN)
                         net (fo=12845, unset)        0.787     0.787    u_top/u_fixed/u_portable_architecture/data_plane/u_tx_window/protocol_clk_i
                         FDRE                                         r  u_top/u_fixed/u_portable_architecture/data_plane/u_tx_window/entry_sequence_reg[43][0]/C
  -------------------------------------------------------------------    -------------------
                         FDRE (Prop_fdre_C_Q)         0.303     1.090 r  u_top/u_fixed/u_portable_architecture/data_plane/u_tx_window/entry_sequence_reg[43][0]/Q
                         net (fo=3, unplaced)         0.797     1.887    u_top/u_fixed/u_portable_architecture/data_plane/u_tx_window/entry_sequence_reg[43]_164[0]
                         LUT6 (Prop_lut6_I0_O)        0.232     2.119 r  u_top/u_fixed/u_portable_architecture/data_plane/u_tx_window/ack_reclaimed_count[31]_i_470/O
                         net (fo=1, unplaced)         0.938     3.057    u_top/u_fixed/u_portable_architecture/data_plane/u_tx_window/ack_reclaimed_count[31]_i_470_n_0
                         LUT6 (Prop_lut6_I1_O)        0.105     3.162 r  u_top/u_fixed/u_portable_architecture/data_plane/u_tx_window/ack_reclaimed_count[31]_i_416/O
                         net (fo=1, unplaced)         0.347     3.509    u_top/u_fixed/u_portable_architecture/data_plane/u_tx_window/ack_reclaimed_count[31]_i_416_n_0
                         LUT6 (Prop_lut6_I5_O)        0.105     3.614 f  u_top/u_fixed/u_portable_architecture/data_plane/u_tx_window/ack_reclaimed_count[31]_i_171/O
                         net (fo=1, unplaced)         0.347     3.961    u_top/u_fixed/u_portable_architecture/data_plane/u_tx_window/ack_reclaimed_count[31]_i_171_n_0
                         LUT6 (Prop_lut6_I1_O)        0.105     4.066 f  u_top/u_fixed/u_portable_architecture/data_plane/u_tx_window/ack_reclaimed_count[31]_i_82/O
                         net (fo=4, unplaced)         0.371     4.437    u_top/u_fixed/u_portable_architecture/data_plane/u_tx_window/ack_reclaimed_count[31]_i_82_n_0
                         LUT1 (Prop_lut1_I0_O)        0.105     4.542 r  u_top/u_fixed/u_portable_architecture/data_plane/u_tx_window/ack_reclaimed_count[31]_i_249/O
                         net (fo=1, unplaced)         0.000     4.542    u_top/u_fixed/u_portable_architecture/data_plane/u_tx_window/ack_reclaimed_count[31]_i_249_n_0
                         CARRY4 (Prop_carry4_DI[0]_CO[3])
                                                      0.477     5.019 r  u_top/u_fixed/u_portable_architecture/data_plane/u_tx_window/ack_reclaimed_count_reg[31]_i_106/CO[3]
                         net (fo=1, unplaced)         0.008     5.027    u_top/u_fixed/u_portable_architecture/data_plane/u_tx_window/ack_reclaimed_count_reg[31]_i_106_n_0
                         CARRY4 (Prop_carry4_CI_CO[3])
                                                      0.100     5.127 r  u_top/u_fixed/u_portable_architecture/data_plane/u_tx_window/ack_reclaimed_count_reg[31]_i_105/CO[3]
                         net (fo=1, unplaced)         0.000     5.127    u_top/u_fixed/u_portable_architecture/data_plane/u_tx_window/ack_reclaimed_count_reg[31]_i_105_n_0
                         CARRY4 (Prop_carry4_CI_O[1])
                                                      0.269     5.396 f  u_top/u_fixed/u_portable_architecture/data_plane/u_tx_window/ack_reclaimed_count_reg[31]_i_54/O[1]
                         net (fo=2, unplaced)         0.483     5.879    u_top/u_fixed/u_portable_architecture/data_plane/u_tx_window/seq_distance_return4_out[9]
                         LUT4 (Prop_lut4_I0_O)        0.265     6.144 r  u_top/u_fixed/u_portable_architecture/data_plane/u_tx_window/ack_reclaimed_count[31]_i_23/O
                         net (fo=1, unplaced)         0.000     6.144    u_top/u_fixed/u_portable_architecture/data_plane/u_tx_window/ack_reclaimed_count[31]_i_23_n_0
                         CARRY4 (Prop_carry4_DI[0]_CO[3])
                                                      0.477     6.621 f  u_top/u_fixed/u_portable_architecture/data_plane/u_tx_window/ack_reclaimed_count_reg[31]_i_8/CO[3]
                         net (fo=2, unplaced)         0.781     7.402    u_top/u_fixed/u_portable_architecture/data_plane/u_tx_window/ack_scan_in_snapshot
                         LUT6 (Prop_lut6_I5_O)        0.105     7.507 r  u_top/u_fixed/u_portable_architecture/data_plane/u_tx_window/ack_reclaimed_count[31]_i_3/O
                         net (fo=107, unplaced)       0.448     7.955    u_top/u_fixed/u_portable_architecture/data_plane/u_tx_window/ack_reclaimed_count[31]_i_3_n_0
                         LUT2 (Prop_lut2_I1_O)        0.105     8.060 r  u_top/u_fixed/u_portable_architecture/data_plane/u_tx_window/duplicate_ack_count_o[31]_i_22/O
                         net (fo=1, unplaced)         0.000     8.060    u_top/u_fixed/u_portable_architecture/data_plane/u_tx_window/duplicate_ack_count_o[31]_i_22_n_0
                         CARRY4 (Prop_carry4_S[0]_CO[3])
                                                      0.423     8.483 r  u_top/u_fixed/u_portable_architecture/data_plane/u_tx_window/duplicate_ack_count_o_reg[31]_i_19/CO[3]
                         net (fo=1, unplaced)         0.008     8.491    u_top/u_fixed/u_portable_architecture/data_plane/u_tx_window/duplicate_ack_count_o_reg[31]_i_19_n_0
                         CARRY4 (Prop_carry4_CI_CO[3])
                                                      0.100     8.591 r  u_top/u_fixed/u_portable_architecture/data_plane/u_tx_window/duplicate_ack_count_o_reg[31]_i_9/CO[3]
                         net (fo=1, unplaced)         0.000     8.591    u_top/u_fixed/u_portable_architecture/data_plane/u_tx_window/duplicate_ack_count_o_reg[31]_i_9_n_0
                         CARRY4 (Prop_carry4_CI_CO[3])
                                                      0.100     8.691 r  u_top/u_fixed/u_portable_architecture/data_plane/u_tx_window/duplicate_ack_count_o_reg[31]_i_10/CO[3]
                         net (fo=1, unplaced)         0.000     8.691    u_top/u_fixed/u_portable_architecture/data_plane/u_tx_window/duplicate_ack_count_o_reg[31]_i_10_n_0
                         CARRY4 (Prop_carry4_CI_CO[3])
                                                      0.100     8.791 r  u_top/u_fixed/u_portable_architecture/data_plane/u_tx_window/duplicate_ack_count_o_reg[31]_i_18/CO[3]
                         net (fo=1, unplaced)         0.000     8.791    u_top/u_fixed/u_portable_architecture/data_plane/u_tx_window/duplicate_ack_count_o_reg[31]_i_18_n_0
                         CARRY4 (Prop_carry4_CI_CO[3])
                                                      0.100     8.891 r  u_top/u_fixed/u_portable_architecture/data_plane/u_tx_window/duplicate_ack_count_o_reg[31]_i_15/CO[3]
                         net (fo=1, unplaced)         0.000     8.891    u_top/u_fixed/u_portable_architecture/data_plane/u_tx_window/duplicate_ack_count_o_reg[31]_i_15_n_0
                         CARRY4 (Prop_carry4_CI_CO[3])
                                                      0.100     8.991 r  u_top/u_fixed/u_portable_architecture/data_plane/u_tx_window/duplicate_ack_count_o_reg[31]_i_14/CO[3]
                         net (fo=1, unplaced)         0.000     8.991    u_top/u_fixed/u_portable_architecture/data_plane/u_tx_window/duplicate_ack_count_o_reg[31]_i_14_n_0
                         CARRY4 (Prop_carry4_CI_CO[3])
                                                      0.100     9.091 r  u_top/u_fixed/u_portable_architecture/data_plane/u_tx_window/duplicate_ack_count_o_reg[31]_i_17/CO[3]
                         net (fo=1, unplaced)         0.000     9.091    u_top/u_fixed/u_portable_architecture/data_plane/u_tx_window/duplicate_ack_count_o_reg[31]_i_17_n_0
                         CARRY4 (Prop_carry4_CI_O[3])
                                                      0.277     9.368 f  u_top/u_fixed/u_portable_architecture/data_plane/u_tx_window/duplicate_ack_count_o_reg[31]_i_20/O[3]
                         net (fo=1, unplaced)         0.519     9.887    u_top/u_fixed/u_portable_architecture/data_plane/u_tx_window/completion_pulse_o2[31]
                         LUT4 (Prop_lut4_I1_O)        0.250    10.137 f  u_top/u_fixed/u_portable_architecture/data_plane/u_tx_window/duplicate_ack_count_o[31]_i_21/O
                         net (fo=1, unplaced)         0.347    10.484    u_top/u_fixed/u_portable_architecture/data_plane/u_tx_window/duplicate_ack_count_o[31]_i_21_n_0
                         LUT5 (Prop_lut5_I4_O)        0.105    10.589 f  u_top/u_fixed/u_portable_architecture/data_plane/u_tx_window/duplicate_ack_count_o[31]_i_16/O
                         net (fo=1, unplaced)         0.347    10.936    u_top/u_fixed/u_portable_architecture/data_plane/u_tx_window/duplicate_ack_count_o[31]_i_16_n_0
                         LUT6 (Prop_lut6_I5_O)        0.105    11.041 f  u_top/u_fixed/u_portable_architecture/data_plane/u_tx_window/duplicate_ack_count_o[31]_i_6/O
                         net (fo=33, unplaced)        0.419    11.460    u_top/u_fixed/u_portable_architecture/data_plane/u_tx_window/duplicate_ack_count_o[31]_i_6_n_0
                         LUT6 (Prop_lut6_I4_O)        0.105    11.565 f  u_top/u_fixed/u_portable_architecture/data_plane/u_tx_window/duplicate_ack_count_o[31]_i_3/O
                         net (fo=1, unplaced)         0.347    11.912    u_top/u_fixed/u_portable_architecture/data_plane/u_tx_window/duplicate_ack_count_o[31]_i_3_n_0
                         LUT6 (Prop_lut6_I5_O)        0.105    12.017 r  u_top/u_fixed/u_portable_architecture/data_plane/u_tx_window/duplicate_ack_count_o[31]_i_1/O
                         net (fo=32, unplaced)        0.437    12.454    u_top/u_fixed/u_portable_architecture/data_plane/u_tx_window/duplicate_ack_count_o[31]_i_1_n_0
                         FDCE                                         r  u_top/u_fixed/u_portable_architecture/data_plane/u_tx_window/duplicate_ack_count_o_reg[11]/CE
  -------------------------------------------------------------------    -------------------

                         (clock protocol_clk rise edge)
                                                     15.625    15.625 r  
                                                      0.000    15.625 r  protocol_clk_i (IN)
                         net (fo=12845, unset)        0.748    16.373    u_top/u_fixed/u_portable_architecture/data_plane/u_tx_window/protocol_clk_i
                         FDCE                                         r  u_top/u_fixed/u_portable_architecture/data_plane/u_tx_window/duplicate_ack_count_o_reg[11]/C
                         clock pessimism              0.000    16.373    
                         clock uncertainty           -0.035    16.337    
                         FDCE (Setup_fdce_C_CE)      -0.240    16.097    u_top/u_fixed/u_portable_architecture/data_plane/u_tx_window/duplicate_ack_count_o_reg[11]
  -------------------------------------------------------------------
                         required time                         16.097    
                         arrival time                         -12.454    
  -------------------------------------------------------------------
                         slack                                  3.643    

Slack (MET) :             3.643ns  (required time - arrival time)
  Source:                 u_top/u_fixed/u_portable_architecture/data_plane/u_tx_window/entry_sequence_reg[43][0]/C
                            (rising edge-triggered cell FDRE clocked by protocol_clk  {rise@0.000ns fall@7.813ns period=15.625ns})
  Destination:            u_top/u_fixed/u_portable_architecture/data_plane/u_tx_window/duplicate_ack_count_o_reg[12]/CE
                            (rising edge-triggered cell FDCE clocked by protocol_clk  {rise@0.000ns fall@7.813ns period=15.625ns})
  Path Group:             protocol_clk
  Path Type:              Setup (Max at Slow Process Corner)
  Requirement:            15.625ns  (protocol_clk rise@15.625ns - protocol_clk rise@0.000ns)
  Data Path Delay:        11.667ns  (logic 4.723ns (40.482%)  route 6.944ns (59.518%))
  Logic Levels:           25  (CARRY4=12 LUT1=1 LUT2=1 LUT4=2 LUT5=1 LUT6=8)
  Clock Path Skew:        -0.039ns (DCD - SCD + CPR)
    Destination Clock Delay (DCD):    0.748ns = ( 16.373 - 15.625 ) 
    Source Clock Delay      (SCD):    0.787ns
    Clock Pessimism Removal (CPR):    0.000ns
  Clock Uncertainty:      0.035ns  ((TSJ^2 + TIJ^2)^1/2 + DJ) / 2 + PE
    Total System Jitter     (TSJ):    0.071ns
    Total Input Jitter      (TIJ):    0.000ns
    Discrete Jitter          (DJ):    0.000ns
    Phase Error              (PE):    0.000ns

    Location             Delay type                Incr(ns)  Path(ns)    Netlist Resource(s)
  -------------------------------------------------------------------    -------------------
                         (clock protocol_clk rise edge)
                                                      0.000     0.000 r  
                                                      0.000     0.000 r  protocol_clk_i (IN)
                         net (fo=12845, unset)        0.787     0.787    u_top/u_fixed/u_portable_architecture/data_plane/u_tx_window/protocol_clk_i
                         FDRE                                         r  u_top/u_fixed/u_portable_architecture/data_plane/u_tx_window/entry_sequence_reg[43][0]/C
  -------------------------------------------------------------------    -------------------
                         FDRE (Prop_fdre_C_Q)         0.303     1.090 r  u_top/u_fixed/u_portable_architecture/data_plane/u_tx_window/entry_sequence_reg[43][0]/Q
                         net (fo=3, unplaced)         0.797     1.887    u_top/u_fixed/u_portable_architecture/data_plane/u_tx_window/entry_sequence_reg[43]_164[0]
                         LUT6 (Prop_lut6_I0_O)        0.232     2.119 r  u_top/u_fixed/u_portable_architecture/data_plane/u_tx_window/ack_reclaimed_count[31]_i_470/O
                         net (fo=1, unplaced)         0.938     3.057    u_top/u_fixed/u_portable_architecture/data_plane/u_tx_window/ack_reclaimed_count[31]_i_470_n_0
                         LUT6 (Prop_lut6_I1_O)        0.105     3.162 r  u_top/u_fixed/u_portable_architecture/data_plane/u_tx_window/ack_reclaimed_count[31]_i_416/O
                         net (fo=1, unplaced)         0.347     3.509    u_top/u_fixed/u_portable_architecture/data_plane/u_tx_window/ack_reclaimed_count[31]_i_416_n_0
                         LUT6 (Prop_lut6_I5_O)        0.105     3.614 f  u_top/u_fixed/u_portable_architecture/data_plane/u_tx_window/ack_reclaimed_count[31]_i_171/O
                         net (fo=1, unplaced)         0.347     3.961    u_top/u_fixed/u_portable_architecture/data_plane/u_tx_window/ack_reclaimed_count[31]_i_171_n_0
                         LUT6 (Prop_lut6_I1_O)        0.105     4.066 f  u_top/u_fixed/u_portable_architecture/data_plane/u_tx_window/ack_reclaimed_count[31]_i_82/O
                         net (fo=4, unplaced)         0.371     4.437    u_top/u_fixed/u_portable_architecture/data_plane/u_tx_window/ack_reclaimed_count[31]_i_82_n_0
                         LUT1 (Prop_lut1_I0_O)        0.105     4.542 r  u_top/u_fixed/u_portable_architecture/data_plane/u_tx_window/ack_reclaimed_count[31]_i_249/O
                         net (fo=1, unplaced)         0.000     4.542    u_top/u_fixed/u_portable_architecture/data_plane/u_tx_window/ack_reclaimed_count[31]_i_249_n_0
                         CARRY4 (Prop_carry4_DI[0]_CO[3])
                                                      0.477     5.019 r  u_top/u_fixed/u_portable_architecture/data_plane/u_tx_window/ack_reclaimed_count_reg[31]_i_106/CO[3]
                         net (fo=1, unplaced)         0.008     5.027    u_top/u_fixed/u_portable_architecture/data_plane/u_tx_window/ack_reclaimed_count_reg[31]_i_106_n_0
                         CARRY4 (Prop_carry4_CI_CO[3])
                                                      0.100     5.127 r  u_top/u_fixed/u_portable_architecture/data_plane/u_tx_window/ack_reclaimed_count_reg[31]_i_105/CO[3]
                         net (fo=1, unplaced)         0.000     5.127    u_top/u_fixed/u_portable_architecture/data_plane/u_tx_window/ack_reclaimed_count_reg[31]_i_105_n_0
                         CARRY4 (Prop_carry4_CI_O[1])
                                                      0.269     5.396 f  u_top/u_fixed/u_portable_architecture/data_plane/u_tx_window/ack_reclaimed_count_reg[31]_i_54/O[1]
                         net (fo=2, unplaced)         0.483     5.879    u_top/u_fixed/u_portable_architecture/data_plane/u_tx_window/seq_distance_return4_out[9]
                         LUT4 (Prop_lut4_I0_O)        0.265     6.144 r  u_top/u_fixed/u_portable_architecture/data_plane/u_tx_window/ack_reclaimed_count[31]_i_23/O
                         net (fo=1, unplaced)         0.000     6.144    u_top/u_fixed/u_portable_architecture/data_plane/u_tx_window/ack_reclaimed_count[31]_i_23_n_0
                         CARRY4 (Prop_carry4_DI[0]_CO[3])
                                                      0.477     6.621 f  u_top/u_fixed/u_portable_architecture/data_plane/u_tx_window/ack_reclaimed_count_reg[31]_i_8/CO[3]
                         net (fo=2, unplaced)         0.781     7.402    u_top/u_fixed/u_portable_architecture/data_plane/u_tx_window/ack_scan_in_snapshot
                         LUT6 (Prop_lut6_I5_O)        0.105     7.507 r  u_top/u_fixed/u_portable_architecture/data_plane/u_tx_window/ack_reclaimed_count[31]_i_3/O
                         net (fo=107, unplaced)       0.448     7.955    u_top/u_fixed/u_portable_architecture/data_plane/u_tx_window/ack_reclaimed_count[31]_i_3_n_0
                         LUT2 (Prop_lut2_I1_O)        0.105     8.060 r  u_top/u_fixed/u_portable_architecture/data_plane/u_tx_window/duplicate_ack_count_o[31]_i_22/O
                         net (fo=1, unplaced)         0.000     8.060    u_top/u_fixed/u_portable_architecture/data_plane/u_tx_window/duplicate_ack_count_o[31]_i_22_n_0
                         CARRY4 (Prop_carry4_S[0]_CO[3])
                                                      0.423     8.483 r  u_top/u_fixed/u_portable_architecture/data_plane/u_tx_window/duplicate_ack_count_o_reg[31]_i_19/CO[3]
                         net (fo=1, unplaced)         0.008     8.491    u_top/u_fixed/u_portable_architecture/data_plane/u_tx_window/duplicate_ack_count_o_reg[31]_i_19_n_0
                         CARRY4 (Prop_carry4_CI_CO[3])
                                                      0.100     8.591 r  u_top/u_fixed/u_portable_architecture/data_plane/u_tx_window/duplicate_ack_count_o_reg[31]_i_9/CO[3]
                         net (fo=1, unplaced)         0.000     8.591    u_top/u_fixed/u_portable_architecture/data_plane/u_tx_window/duplicate_ack_count_o_reg[31]_i_9_n_0
                         CARRY4 (Prop_carry4_CI_CO[3])
                                                      0.100     8.691 r  u_top/u_fixed/u_portable_architecture/data_plane/u_tx_window/duplicate_ack_count_o_reg[31]_i_10/CO[3]
                         net (fo=1, unplaced)         0.000     8.691    u_top/u_fixed/u_portable_architecture/data_plane/u_tx_window/duplicate_ack_count_o_reg[31]_i_10_n_0
                         CARRY4 (Prop_carry4_CI_CO[3])
                                                      0.100     8.791 r  u_top/u_fixed/u_portable_architecture/data_plane/u_tx_window/duplicate_ack_count_o_reg[31]_i_18/CO[3]
                         net (fo=1, unplaced)         0.000     8.791    u_top/u_fixed/u_portable_architecture/data_plane/u_tx_window/duplicate_ack_count_o_reg[31]_i_18_n_0
                         CARRY4 (Prop_carry4_CI_CO[3])
                                                      0.100     8.891 r  u_top/u_fixed/u_portable_architecture/data_plane/u_tx_window/duplicate_ack_count_o_reg[31]_i_15/CO[3]
                         net (fo=1, unplaced)         0.000     8.891    u_top/u_fixed/u_portable_architecture/data_plane/u_tx_window/duplicate_ack_count_o_reg[31]_i_15_n_0
                         CARRY4 (Prop_carry4_CI_CO[3])
                                                      0.100     8.991 r  u_top/u_fixed/u_portable_architecture/data_plane/u_tx_window/duplicate_ack_count_o_reg[31]_i_14/CO[3]
                         net (fo=1, unplaced)         0.000     8.991    u_top/u_fixed/u_portable_architecture/data_plane/u_tx_window/duplicate_ack_count_o_reg[31]_i_14_n_0
                         CARRY4 (Prop_carry4_CI_CO[3])
                                                      0.100     9.091 r  u_top/u_fixed/u_portable_architecture/data_plane/u_tx_window/duplicate_ack_count_o_reg[31]_i_17/CO[3]
                         net (fo=1, unplaced)         0.000     9.091    u_top/u_fixed/u_portable_architecture/data_plane/u_tx_window/duplicate_ack_count_o_reg[31]_i_17_n_0
                         CARRY4 (Prop_carry4_CI_O[3])
                                                      0.277     9.368 f  u_top/u_fixed/u_portable_architecture/data_plane/u_tx_window/duplicate_ack_count_o_reg[31]_i_20/O[3]
                         net (fo=1, unplaced)         0.519     9.887    u_top/u_fixed/u_portable_architecture/data_plane/u_tx_window/completion_pulse_o2[31]
                         LUT4 (Prop_lut4_I1_O)        0.250    10.137 f  u_top/u_fixed/u_portable_architecture/data_plane/u_tx_window/duplicate_ack_count_o[31]_i_21/O
                         net (fo=1, unplaced)         0.347    10.484    u_top/u_fixed/u_portable_architecture/data_plane/u_tx_window/duplicate_ack_count_o[31]_i_21_n_0
                         LUT5 (Prop_lut5_I4_O)        0.105    10.589 f  u_top/u_fixed/u_portable_architecture/data_plane/u_tx_window/duplicate_ack_count_o[31]_i_16/O
                         net (fo=1, unplaced)         0.347    10.936    u_top/u_fixed/u_portable_architecture/data_plane/u_tx_window/duplicate_ack_count_o[31]_i_16_n_0
                         LUT6 (Prop_lut6_I5_O)        0.105    11.041 f  u_top/u_fixed/u_portable_architecture/data_plane/u_tx_window/duplicate_ack_count_o[31]_i_6/O
                         net (fo=33, unplaced)        0.419    11.460    u_top/u_fixed/u_portable_architecture/data_plane/u_tx_window/duplicate_ack_count_o[31]_i_6_n_0
                         LUT6 (Prop_lut6_I4_O)        0.105    11.565 f  u_top/u_fixed/u_portable_architecture/data_plane/u_tx_window/duplicate_ack_count_o[31]_i_3/O
                         net (fo=1, unplaced)         0.347    11.912    u_top/u_fixed/u_portable_architecture/data_plane/u_tx_window/duplicate_ack_count_o[31]_i_3_n_0
                         LUT6 (Prop_lut6_I5_O)        0.105    12.017 r  u_top/u_fixed/u_portable_architecture/data_plane/u_tx_window/duplicate_ack_count_o[31]_i_1/O
                         net (fo=32, unplaced)        0.437    12.454    u_top/u_fixed/u_portable_architecture/data_plane/u_tx_window/duplicate_ack_count_o[31]_i_1_n_0
                         FDCE                                         r  u_top/u_fixed/u_portable_architecture/data_plane/u_tx_window/duplicate_ack_count_o_reg[12]/CE
  -------------------------------------------------------------------    -------------------

                         (clock protocol_clk rise edge)
                                                     15.625    15.625 r  
                                                      0.000    15.625 r  protocol_clk_i (IN)
                         net (fo=12845, unset)        0.748    16.373    u_top/u_fixed/u_portable_architecture/data_plane/u_tx_window/protocol_clk_i
                         FDCE                                         r  u_top/u_fixed/u_portable_architecture/data_plane/u_tx_window/duplicate_ack_count_o_reg[12]/C
                         clock pessimism              0.000    16.373    
                         clock uncertainty           -0.035    16.337    
                         FDCE (Setup_fdce_C_CE)      -0.240    16.097    u_top/u_fixed/u_portable_architecture/data_plane/u_tx_window/duplicate_ack_count_o_reg[12]
  -------------------------------------------------------------------
                         required time                         16.097    
                         arrival time                         -12.454    
  -------------------------------------------------------------------
                         slack                                  3.643    

Slack (MET) :             3.643ns  (required time - arrival time)
  Source:                 u_top/u_fixed/u_portable_architecture/data_plane/u_tx_window/entry_sequence_reg[43][0]/C
                            (rising edge-triggered cell FDRE clocked by protocol_clk  {rise@0.000ns fall@7.813ns period=15.625ns})
  Destination:            u_top/u_fixed/u_portable_architecture/data_plane/u_tx_window/duplicate_ack_count_o_reg[13]/CE
                            (rising edge-triggered cell FDCE clocked by protocol_clk  {rise@0.000ns fall@7.813ns period=15.625ns})
  Path Group:             protocol_clk
  Path Type:              Setup (Max at Slow Process Corner)
  Requirement:            15.625ns  (protocol_clk rise@15.625ns - protocol_clk rise@0.000ns)
  Data Path Delay:        11.667ns  (logic 4.723ns (40.482%)  route 6.944ns (59.518%))
  Logic Levels:           25  (CARRY4=12 LUT1=1 LUT2=1 LUT4=2 LUT5=1 LUT6=8)
  Clock Path Skew:        -0.039ns (DCD - SCD + CPR)
    Destination Clock Delay (DCD):    0.748ns = ( 16.373 - 15.625 ) 
    Source Clock Delay      (SCD):    0.787ns
    Clock Pessimism Removal (CPR):    0.000ns
  Clock Uncertainty:      0.035ns  ((TSJ^2 + TIJ^2)^1/2 + DJ) / 2 + PE
    Total System Jitter     (TSJ):    0.071ns
    Total Input Jitter      (TIJ):    0.000ns
    Discrete Jitter          (DJ):    0.000ns
    Phase Error              (PE):    0.000ns

    Location             Delay type                Incr(ns)  Path(ns)    Netlist Resource(s)
  -------------------------------------------------------------------    -------------------
                         (clock protocol_clk rise edge)
                                                      0.000     0.000 r  
                                                      0.000     0.000 r  protocol_clk_i (IN)
                         net (fo=12845, unset)        0.787     0.787    u_top/u_fixed/u_portable_architecture/data_plane/u_tx_window/protocol_clk_i
                         FDRE                                         r  u_top/u_fixed/u_portable_architecture/data_plane/u_tx_window/entry_sequence_reg[43][0]/C
  -------------------------------------------------------------------    -------------------
                         FDRE (Prop_fdre_C_Q)         0.303     1.090 r  u_top/u_fixed/u_portable_architecture/data_plane/u_tx_window/entry_sequence_reg[43][0]/Q
                         net (fo=3, unplaced)         0.797     1.887    u_top/u_fixed/u_portable_architecture/data_plane/u_tx_window/entry_sequence_reg[43]_164[0]
                         LUT6 (Prop_lut6_I0_O)        0.232     2.119 r  u_top/u_fixed/u_portable_architecture/data_plane/u_tx_window/ack_reclaimed_count[31]_i_470/O
                         net (fo=1, unplaced)         0.938     3.057    u_top/u_fixed/u_portable_architecture/data_plane/u_tx_window/ack_reclaimed_count[31]_i_470_n_0
                         LUT6 (Prop_lut6_I1_O)        0.105     3.162 r  u_top/u_fixed/u_portable_architecture/data_plane/u_tx_window/ack_reclaimed_count[31]_i_416/O
                         net (fo=1, unplaced)         0.347     3.509    u_top/u_fixed/u_portable_architecture/data_plane/u_tx_window/ack_reclaimed_count[31]_i_416_n_0
                         LUT6 (Prop_lut6_I5_O)        0.105     3.614 f  u_top/u_fixed/u_portable_architecture/data_plane/u_tx_window/ack_reclaimed_count[31]_i_171/O
                         net (fo=1, unplaced)         0.347     3.961    u_top/u_fixed/u_portable_architecture/data_plane/u_tx_window/ack_reclaimed_count[31]_i_171_n_0
                         LUT6 (Prop_lut6_I1_O)        0.105     4.066 f  u_top/u_fixed/u_portable_architecture/data_plane/u_tx_window/ack_reclaimed_count[31]_i_82/O
                         net (fo=4, unplaced)         0.371     4.437    u_top/u_fixed/u_portable_architecture/data_plane/u_tx_window/ack_reclaimed_count[31]_i_82_n_0
                         LUT1 (Prop_lut1_I0_O)        0.105     4.542 r  u_top/u_fixed/u_portable_architecture/data_plane/u_tx_window/ack_reclaimed_count[31]_i_249/O
                         net (fo=1, unplaced)         0.000     4.542    u_top/u_fixed/u_portable_architecture/data_plane/u_tx_window/ack_reclaimed_count[31]_i_249_n_0
                         CARRY4 (Prop_carry4_DI[0]_CO[3])
                                                      0.477     5.019 r  u_top/u_fixed/u_portable_architecture/data_plane/u_tx_window/ack_reclaimed_count_reg[31]_i_106/CO[3]
                         net (fo=1, unplaced)         0.008     5.027    u_top/u_fixed/u_portable_architecture/data_plane/u_tx_window/ack_reclaimed_count_reg[31]_i_106_n_0
                         CARRY4 (Prop_carry4_CI_CO[3])
                                                      0.100     5.127 r  u_top/u_fixed/u_portable_architecture/data_plane/u_tx_window/ack_reclaimed_count_reg[31]_i_105/CO[3]
                         net (fo=1, unplaced)         0.000     5.127    u_top/u_fixed/u_portable_architecture/data_plane/u_tx_window/ack_reclaimed_count_reg[31]_i_105_n_0
                         CARRY4 (Prop_carry4_CI_O[1])
                                                      0.269     5.396 f  u_top/u_fixed/u_portable_architecture/data_plane/u_tx_window/ack_reclaimed_count_reg[31]_i_54/O[1]
                         net (fo=2, unplaced)         0.483     5.879    u_top/u_fixed/u_portable_architecture/data_plane/u_tx_window/seq_distance_return4_out[9]
                         LUT4 (Prop_lut4_I0_O)        0.265     6.144 r  u_top/u_fixed/u_portable_architecture/data_plane/u_tx_window/ack_reclaimed_count[31]_i_23/O
                         net (fo=1, unplaced)         0.000     6.144    u_top/u_fixed/u_portable_architecture/data_plane/u_tx_window/ack_reclaimed_count[31]_i_23_n_0
                         CARRY4 (Prop_carry4_DI[0]_CO[3])
                                                      0.477     6.621 f  u_top/u_fixed/u_portable_architecture/data_plane/u_tx_window/ack_reclaimed_count_reg[31]_i_8/CO[3]
                         net (fo=2, unplaced)         0.781     7.402    u_top/u_fixed/u_portable_architecture/data_plane/u_tx_window/ack_scan_in_snapshot
                         LUT6 (Prop_lut6_I5_O)        0.105     7.507 r  u_top/u_fixed/u_portable_architecture/data_plane/u_tx_window/ack_reclaimed_count[31]_i_3/O
                         net (fo=107, unplaced)       0.448     7.955    u_top/u_fixed/u_portable_architecture/data_plane/u_tx_window/ack_reclaimed_count[31]_i_3_n_0
                         LUT2 (Prop_lut2_I1_O)        0.105     8.060 r  u_top/u_fixed/u_portable_architecture/data_plane/u_tx_window/duplicate_ack_count_o[31]_i_22/O
                         net (fo=1, unplaced)         0.000     8.060    u_top/u_fixed/u_portable_architecture/data_plane/u_tx_window/duplicate_ack_count_o[31]_i_22_n_0
                         CARRY4 (Prop_carry4_S[0]_CO[3])
                                                      0.423     8.483 r  u_top/u_fixed/u_portable_architecture/data_plane/u_tx_window/duplicate_ack_count_o_reg[31]_i_19/CO[3]
                         net (fo=1, unplaced)         0.008     8.491    u_top/u_fixed/u_portable_architecture/data_plane/u_tx_window/duplicate_ack_count_o_reg[31]_i_19_n_0
                         CARRY4 (Prop_carry4_CI_CO[3])
                                                      0.100     8.591 r  u_top/u_fixed/u_portable_architecture/data_plane/u_tx_window/duplicate_ack_count_o_reg[31]_i_9/CO[3]
                         net (fo=1, unplaced)         0.000     8.591    u_top/u_fixed/u_portable_architecture/data_plane/u_tx_window/duplicate_ack_count_o_reg[31]_i_9_n_0
                         CARRY4 (Prop_carry4_CI_CO[3])
                                                      0.100     8.691 r  u_top/u_fixed/u_portable_architecture/data_plane/u_tx_window/duplicate_ack_count_o_reg[31]_i_10/CO[3]
                         net (fo=1, unplaced)         0.000     8.691    u_top/u_fixed/u_portable_architecture/data_plane/u_tx_window/duplicate_ack_count_o_reg[31]_i_10_n_0
                         CARRY4 (Prop_carry4_CI_CO[3])
                                                      0.100     8.791 r  u_top/u_fixed/u_portable_architecture/data_plane/u_tx_window/duplicate_ack_count_o_reg[31]_i_18/CO[3]
                         net (fo=1, unplaced)         0.000     8.791    u_top/u_fixed/u_portable_architecture/data_plane/u_tx_window/duplicate_ack_count_o_reg[31]_i_18_n_0
                         CARRY4 (Prop_carry4_CI_CO[3])
                                                      0.100     8.891 r  u_top/u_fixed/u_portable_architecture/data_plane/u_tx_window/duplicate_ack_count_o_reg[31]_i_15/CO[3]
                         net (fo=1, unplaced)         0.000     8.891    u_top/u_fixed/u_portable_architecture/data_plane/u_tx_window/duplicate_ack_count_o_reg[31]_i_15_n_0
                         CARRY4 (Prop_carry4_CI_CO[3])
                                                      0.100     8.991 r  u_top/u_fixed/u_portable_architecture/data_plane/u_tx_window/duplicate_ack_count_o_reg[31]_i_14/CO[3]
                         net (fo=1, unplaced)         0.000     8.991    u_top/u_fixed/u_portable_architecture/data_plane/u_tx_window/duplicate_ack_count_o_reg[31]_i_14_n_0
                         CARRY4 (Prop_carry4_CI_CO[3])
                                                      0.100     9.091 r  u_top/u_fixed/u_portable_architecture/data_plane/u_tx_window/duplicate_ack_count_o_reg[31]_i_17/CO[3]
                         net (fo=1, unplaced)         0.000     9.091    u_top/u_fixed/u_portable_architecture/data_plane/u_tx_window/duplicate_ack_count_o_reg[31]_i_17_n_0
                         CARRY4 (Prop_carry4_CI_O[3])
                                                      0.277     9.368 f  u_top/u_fixed/u_portable_architecture/data_plane/u_tx_window/duplicate_ack_count_o_reg[31]_i_20/O[3]
                         net (fo=1, unplaced)         0.519     9.887    u_top/u_fixed/u_portable_architecture/data_plane/u_tx_window/completion_pulse_o2[31]
                         LUT4 (Prop_lut4_I1_O)        0.250    10.137 f  u_top/u_fixed/u_portable_architecture/data_plane/u_tx_window/duplicate_ack_count_o[31]_i_21/O
                         net (fo=1, unplaced)         0.347    10.484    u_top/u_fixed/u_portable_architecture/data_plane/u_tx_window/duplicate_ack_count_o[31]_i_21_n_0
                         LUT5 (Prop_lut5_I4_O)        0.105    10.589 f  u_top/u_fixed/u_portable_architecture/data_plane/u_tx_window/duplicate_ack_count_o[31]_i_16/O
                         net (fo=1, unplaced)         0.347    10.936    u_top/u_fixed/u_portable_architecture/data_plane/u_tx_window/duplicate_ack_count_o[31]_i_16_n_0
                         LUT6 (Prop_lut6_I5_O)        0.105    11.041 f  u_top/u_fixed/u_portable_architecture/data_plane/u_tx_window/duplicate_ack_count_o[31]_i_6/O
                         net (fo=33, unplaced)        0.419    11.460    u_top/u_fixed/u_portable_architecture/data_plane/u_tx_window/duplicate_ack_count_o[31]_i_6_n_0
                         LUT6 (Prop_lut6_I4_O)        0.105    11.565 f  u_top/u_fixed/u_portable_architecture/data_plane/u_tx_window/duplicate_ack_count_o[31]_i_3/O
                         net (fo=1, unplaced)         0.347    11.912    u_top/u_fixed/u_portable_architecture/data_plane/u_tx_window/duplicate_ack_count_o[31]_i_3_n_0
                         LUT6 (Prop_lut6_I5_O)        0.105    12.017 r  u_top/u_fixed/u_portable_architecture/data_plane/u_tx_window/duplicate_ack_count_o[31]_i_1/O
                         net (fo=32, unplaced)        0.437    12.454    u_top/u_fixed/u_portable_architecture/data_plane/u_tx_window/duplicate_ack_count_o[31]_i_1_n_0
                         FDCE                                         r  u_top/u_fixed/u_portable_architecture/data_plane/u_tx_window/duplicate_ack_count_o_reg[13]/CE
  -------------------------------------------------------------------    -------------------

                         (clock protocol_clk rise edge)
                                                     15.625    15.625 r  
                                                      0.000    15.625 r  protocol_clk_i (IN)
                         net (fo=12845, unset)        0.748    16.373    u_top/u_fixed/u_portable_architecture/data_plane/u_tx_window/protocol_clk_i
                         FDCE                                         r  u_top/u_fixed/u_portable_architecture/data_plane/u_tx_window/duplicate_ack_count_o_reg[13]/C
                         clock pessimism              0.000    16.373    
                         clock uncertainty           -0.035    16.337    
                         FDCE (Setup_fdce_C_CE)      -0.240    16.097    u_top/u_fixed/u_portable_architecture/data_plane/u_tx_window/duplicate_ack_count_o_reg[13]
  -------------------------------------------------------------------
                         required time                         16.097    
                         arrival time                         -12.454    
  -------------------------------------------------------------------
                         slack                                  3.643    

Slack (MET) :             3.643ns  (required time - arrival time)
  Source:                 u_top/u_fixed/u_portable_architecture/data_plane/u_tx_window/entry_sequence_reg[43][0]/C
                            (rising edge-triggered cell FDRE clocked by protocol_clk  {rise@0.000ns fall@7.813ns period=15.625ns})
  Destination:            u_top/u_fixed/u_portable_architecture/data_plane/u_tx_window/duplicate_ack_count_o_reg[14]/CE
                            (rising edge-triggered cell FDCE clocked by protocol_clk  {rise@0.000ns fall@7.813ns period=15.625ns})
  Path Group:             protocol_clk
  Path Type:              Setup (Max at Slow Process Corner)
  Requirement:            15.625ns  (protocol_clk rise@15.625ns - protocol_clk rise@0.000ns)
  Data Path Delay:        11.667ns  (logic 4.723ns (40.482%)  route 6.944ns (59.518%))
  Logic Levels:           25  (CARRY4=12 LUT1=1 LUT2=1 LUT4=2 LUT5=1 LUT6=8)
  Clock Path Skew:        -0.039ns (DCD - SCD + CPR)
    Destination Clock Delay (DCD):    0.748ns = ( 16.373 - 15.625 ) 
    Source Clock Delay      (SCD):    0.787ns
    Clock Pessimism Removal (CPR):    0.000ns
  Clock Uncertainty:      0.035ns  ((TSJ^2 + TIJ^2)^1/2 + DJ) / 2 + PE
    Total System Jitter     (TSJ):    0.071ns
    Total Input Jitter      (TIJ):    0.000ns
    Discrete Jitter          (DJ):    0.000ns
    Phase Error              (PE):    0.000ns

    Location             Delay type                Incr(ns)  Path(ns)    Netlist Resource(s)
  -------------------------------------------------------------------    -------------------
                         (clock protocol_clk rise edge)
                                                      0.000     0.000 r  
                                                      0.000     0.000 r  protocol_clk_i (IN)
                         net (fo=12845, unset)        0.787     0.787    u_top/u_fixed/u_portable_architecture/data_plane/u_tx_window/protocol_clk_i
                         FDRE                                         r  u_top/u_fixed/u_portable_architecture/data_plane/u_tx_window/entry_sequence_reg[43][0]/C
  -------------------------------------------------------------------    -------------------
                         FDRE (Prop_fdre_C_Q)         0.303     1.090 r  u_top/u_fixed/u_portable_architecture/data_plane/u_tx_window/entry_sequence_reg[43][0]/Q
                         net (fo=3, unplaced)         0.797     1.887    u_top/u_fixed/u_portable_architecture/data_plane/u_tx_window/entry_sequence_reg[43]_164[0]
                         LUT6 (Prop_lut6_I0_O)        0.232     2.119 r  u_top/u_fixed/u_portable_architecture/data_plane/u_tx_window/ack_reclaimed_count[31]_i_470/O
                         net (fo=1, unplaced)         0.938     3.057    u_top/u_fixed/u_portable_architecture/data_plane/u_tx_window/ack_reclaimed_count[31]_i_470_n_0
                         LUT6 (Prop_lut6_I1_O)        0.105     3.162 r  u_top/u_fixed/u_portable_architecture/data_plane/u_tx_window/ack_reclaimed_count[31]_i_416/O
                         net (fo=1, unplaced)         0.347     3.509    u_top/u_fixed/u_portable_architecture/data_plane/u_tx_window/ack_reclaimed_count[31]_i_416_n_0
                         LUT6 (Prop_lut6_I5_O)        0.105     3.614 f  u_top/u_fixed/u_portable_architecture/data_plane/u_tx_window/ack_reclaimed_count[31]_i_171/O
                         net (fo=1, unplaced)         0.347     3.961    u_top/u_fixed/u_portable_architecture/data_plane/u_tx_window/ack_reclaimed_count[31]_i_171_n_0
                         LUT6 (Prop_lut6_I1_O)        0.105     4.066 f  u_top/u_fixed/u_portable_architecture/data_plane/u_tx_window/ack_reclaimed_count[31]_i_82/O
                         net (fo=4, unplaced)         0.371     4.437    u_top/u_fixed/u_portable_architecture/data_plane/u_tx_window/ack_reclaimed_count[31]_i_82_n_0
                         LUT1 (Prop_lut1_I0_O)        0.105     4.542 r  u_top/u_fixed/u_portable_architecture/data_plane/u_tx_window/ack_reclaimed_count[31]_i_249/O
                         net (fo=1, unplaced)         0.000     4.542    u_top/u_fixed/u_portable_architecture/data_plane/u_tx_window/ack_reclaimed_count[31]_i_249_n_0
                         CARRY4 (Prop_carry4_DI[0]_CO[3])
                                                      0.477     5.019 r  u_top/u_fixed/u_portable_architecture/data_plane/u_tx_window/ack_reclaimed_count_reg[31]_i_106/CO[3]
                         net (fo=1, unplaced)         0.008     5.027    u_top/u_fixed/u_portable_architecture/data_plane/u_tx_window/ack_reclaimed_count_reg[31]_i_106_n_0
                         CARRY4 (Prop_carry4_CI_CO[3])
                                                      0.100     5.127 r  u_top/u_fixed/u_portable_architecture/data_plane/u_tx_window/ack_reclaimed_count_reg[31]_i_105/CO[3]
                         net (fo=1, unplaced)         0.000     5.127    u_top/u_fixed/u_portable_architecture/data_plane/u_tx_window/ack_reclaimed_count_reg[31]_i_105_n_0
                         CARRY4 (Prop_carry4_CI_O[1])
                                                      0.269     5.396 f  u_top/u_fixed/u_portable_architecture/data_plane/u_tx_window/ack_reclaimed_count_reg[31]_i_54/O[1]
                         net (fo=2, unplaced)         0.483     5.879    u_top/u_fixed/u_portable_architecture/data_plane/u_tx_window/seq_distance_return4_out[9]
                         LUT4 (Prop_lut4_I0_O)        0.265     6.144 r  u_top/u_fixed/u_portable_architecture/data_plane/u_tx_window/ack_reclaimed_count[31]_i_23/O
                         net (fo=1, unplaced)         0.000     6.144    u_top/u_fixed/u_portable_architecture/data_plane/u_tx_window/ack_reclaimed_count[31]_i_23_n_0
                         CARRY4 (Prop_carry4_DI[0]_CO[3])
                                                      0.477     6.621 f  u_top/u_fixed/u_portable_architecture/data_plane/u_tx_window/ack_reclaimed_count_reg[31]_i_8/CO[3]
                         net (fo=2, unplaced)         0.781     7.402    u_top/u_fixed/u_portable_architecture/data_plane/u_tx_window/ack_scan_in_snapshot
                         LUT6 (Prop_lut6_I5_O)        0.105     7.507 r  u_top/u_fixed/u_portable_architecture/data_plane/u_tx_window/ack_reclaimed_count[31]_i_3/O
                         net (fo=107, unplaced)       0.448     7.955    u_top/u_fixed/u_portable_architecture/data_plane/u_tx_window/ack_reclaimed_count[31]_i_3_n_0
                         LUT2 (Prop_lut2_I1_O)        0.105     8.060 r  u_top/u_fixed/u_portable_architecture/data_plane/u_tx_window/duplicate_ack_count_o[31]_i_22/O
                         net (fo=1, unplaced)         0.000     8.060    u_top/u_fixed/u_portable_architecture/data_plane/u_tx_window/duplicate_ack_count_o[31]_i_22_n_0
                         CARRY4 (Prop_carry4_S[0]_CO[3])
                                                      0.423     8.483 r  u_top/u_fixed/u_portable_architecture/data_plane/u_tx_window/duplicate_ack_count_o_reg[31]_i_19/CO[3]
                         net (fo=1, unplaced)         0.008     8.491    u_top/u_fixed/u_portable_architecture/data_plane/u_tx_window/duplicate_ack_count_o_reg[31]_i_19_n_0
                         CARRY4 (Prop_carry4_CI_CO[3])
                                                      0.100     8.591 r  u_top/u_fixed/u_portable_architecture/data_plane/u_tx_window/duplicate_ack_count_o_reg[31]_i_9/CO[3]
                         net (fo=1, unplaced)         0.000     8.591    u_top/u_fixed/u_portable_architecture/data_plane/u_tx_window/duplicate_ack_count_o_reg[31]_i_9_n_0
                         CARRY4 (Prop_carry4_CI_CO[3])
                                                      0.100     8.691 r  u_top/u_fixed/u_portable_architecture/data_plane/u_tx_window/duplicate_ack_count_o_reg[31]_i_10/CO[3]
                         net (fo=1, unplaced)         0.000     8.691    u_top/u_fixed/u_portable_architecture/data_plane/u_tx_window/duplicate_ack_count_o_reg[31]_i_10_n_0
                         CARRY4 (Prop_carry4_CI_CO[3])
                                                      0.100     8.791 r  u_top/u_fixed/u_portable_architecture/data_plane/u_tx_window/duplicate_ack_count_o_reg[31]_i_18/CO[3]
                         net (fo=1, unplaced)         0.000     8.791    u_top/u_fixed/u_portable_architecture/data_plane/u_tx_window/duplicate_ack_count_o_reg[31]_i_18_n_0
                         CARRY4 (Prop_carry4_CI_CO[3])
                                                      0.100     8.891 r  u_top/u_fixed/u_portable_architecture/data_plane/u_tx_window/duplicate_ack_count_o_reg[31]_i_15/CO[3]
                         net (fo=1, unplaced)         0.000     8.891    u_top/u_fixed/u_portable_architecture/data_plane/u_tx_window/duplicate_ack_count_o_reg[31]_i_15_n_0
                         CARRY4 (Prop_carry4_CI_CO[3])
                                                      0.100     8.991 r  u_top/u_fixed/u_portable_architecture/data_plane/u_tx_window/duplicate_ack_count_o_reg[31]_i_14/CO[3]
                         net (fo=1, unplaced)         0.000     8.991    u_top/u_fixed/u_portable_architecture/data_plane/u_tx_window/duplicate_ack_count_o_reg[31]_i_14_n_0
                         CARRY4 (Prop_carry4_CI_CO[3])
                                                      0.100     9.091 r  u_top/u_fixed/u_portable_architecture/data_plane/u_tx_window/duplicate_ack_count_o_reg[31]_i_17/CO[3]
                         net (fo=1, unplaced)         0.000     9.091    u_top/u_fixed/u_portable_architecture/data_plane/u_tx_window/duplicate_ack_count_o_reg[31]_i_17_n_0
                         CARRY4 (Prop_carry4_CI_O[3])
                                                      0.277     9.368 f  u_top/u_fixed/u_portable_architecture/data_plane/u_tx_window/duplicate_ack_count_o_reg[31]_i_20/O[3]
                         net (fo=1, unplaced)         0.519     9.887    u_top/u_fixed/u_portable_architecture/data_plane/u_tx_window/completion_pulse_o2[31]
                         LUT4 (Prop_lut4_I1_O)        0.250    10.137 f  u_top/u_fixed/u_portable_architecture/data_plane/u_tx_window/duplicate_ack_count_o[31]_i_21/O
                         net (fo=1, unplaced)         0.347    10.484    u_top/u_fixed/u_portable_architecture/data_plane/u_tx_window/duplicate_ack_count_o[31]_i_21_n_0
                         LUT5 (Prop_lut5_I4_O)        0.105    10.589 f  u_top/u_fixed/u_portable_architecture/data_plane/u_tx_window/duplicate_ack_count_o[31]_i_16/O
                         net (fo=1, unplaced)         0.347    10.936    u_top/u_fixed/u_portable_architecture/data_plane/u_tx_window/duplicate_ack_count_o[31]_i_16_n_0
                         LUT6 (Prop_lut6_I5_O)        0.105    11.041 f  u_top/u_fixed/u_portable_architecture/data_plane/u_tx_window/duplicate_ack_count_o[31]_i_6/O
                         net (fo=33, unplaced)        0.419    11.460    u_top/u_fixed/u_portable_architecture/data_plane/u_tx_window/duplicate_ack_count_o[31]_i_6_n_0
                         LUT6 (Prop_lut6_I4_O)        0.105    11.565 f  u_top/u_fixed/u_portable_architecture/data_plane/u_tx_window/duplicate_ack_count_o[31]_i_3/O
                         net (fo=1, unplaced)         0.347    11.912    u_top/u_fixed/u_portable_architecture/data_plane/u_tx_window/duplicate_ack_count_o[31]_i_3_n_0
                         LUT6 (Prop_lut6_I5_O)        0.105    12.017 r  u_top/u_fixed/u_portable_architecture/data_plane/u_tx_window/duplicate_ack_count_o[31]_i_1/O
                         net (fo=32, unplaced)        0.437    12.454    u_top/u_fixed/u_portable_architecture/data_plane/u_tx_window/duplicate_ack_count_o[31]_i_1_n_0
                         FDCE                                         r  u_top/u_fixed/u_portable_architecture/data_plane/u_tx_window/duplicate_ack_count_o_reg[14]/CE
  -------------------------------------------------------------------    -------------------

                         (clock protocol_clk rise edge)
                                                     15.625    15.625 r  
                                                      0.000    15.625 r  protocol_clk_i (IN)
                         net (fo=12845, unset)        0.748    16.373    u_top/u_fixed/u_portable_architecture/data_plane/u_tx_window/protocol_clk_i
                         FDCE                                         r  u_top/u_fixed/u_portable_architecture/data_plane/u_tx_window/duplicate_ack_count_o_reg[14]/C
                         clock pessimism              0.000    16.373    
                         clock uncertainty           -0.035    16.337    
                         FDCE (Setup_fdce_C_CE)      -0.240    16.097    u_top/u_fixed/u_portable_architecture/data_plane/u_tx_window/duplicate_ack_count_o_reg[14]
  -------------------------------------------------------------------
                         required time                         16.097    
                         arrival time                         -12.454    
  -------------------------------------------------------------------
                         slack                                  3.643    

Slack (MET) :             3.643ns  (required time - arrival time)
  Source:                 u_top/u_fixed/u_portable_architecture/data_plane/u_tx_window/entry_sequence_reg[43][0]/C
                            (rising edge-triggered cell FDRE clocked by protocol_clk  {rise@0.000ns fall@7.813ns period=15.625ns})
  Destination:            u_top/u_fixed/u_portable_architecture/data_plane/u_tx_window/duplicate_ack_count_o_reg[15]/CE
                            (rising edge-triggered cell FDCE clocked by protocol_clk  {rise@0.000ns fall@7.813ns period=15.625ns})
  Path Group:             protocol_clk
  Path Type:              Setup (Max at Slow Process Corner)
  Requirement:            15.625ns  (protocol_clk rise@15.625ns - protocol_clk rise@0.000ns)
  Data Path Delay:        11.667ns  (logic 4.723ns (40.482%)  route 6.944ns (59.518%))
  Logic Levels:           25  (CARRY4=12 LUT1=1 LUT2=1 LUT4=2 LUT5=1 LUT6=8)
  Clock Path Skew:        -0.039ns (DCD - SCD + CPR)
    Destination Clock Delay (DCD):    0.748ns = ( 16.373 - 15.625 ) 
    Source Clock Delay      (SCD):    0.787ns
    Clock Pessimism Removal (CPR):    0.000ns
  Clock Uncertainty:      0.035ns  ((TSJ^2 + TIJ^2)^1/2 + DJ) / 2 + PE
    Total System Jitter     (TSJ):    0.071ns
    Total Input Jitter      (TIJ):    0.000ns
    Discrete Jitter          (DJ):    0.000ns
    Phase Error              (PE):    0.000ns

    Location             Delay type                Incr(ns)  Path(ns)    Netlist Resource(s)
  -------------------------------------------------------------------    -------------------
                         (clock protocol_clk rise edge)
                                                      0.000     0.000 r  
                                                      0.000     0.000 r  protocol_clk_i (IN)
                         net (fo=12845, unset)        0.787     0.787    u_top/u_fixed/u_portable_architecture/data_plane/u_tx_window/protocol_clk_i
                         FDRE                                         r  u_top/u_fixed/u_portable_architecture/data_plane/u_tx_window/entry_sequence_reg[43][0]/C
  -------------------------------------------------------------------    -------------------
                         FDRE (Prop_fdre_C_Q)         0.303     1.090 r  u_top/u_fixed/u_portable_architecture/data_plane/u_tx_window/entry_sequence_reg[43][0]/Q
                         net (fo=3, unplaced)         0.797     1.887    u_top/u_fixed/u_portable_architecture/data_plane/u_tx_window/entry_sequence_reg[43]_164[0]
                         LUT6 (Prop_lut6_I0_O)        0.232     2.119 r  u_top/u_fixed/u_portable_architecture/data_plane/u_tx_window/ack_reclaimed_count[31]_i_470/O
                         net (fo=1, unplaced)         0.938     3.057    u_top/u_fixed/u_portable_architecture/data_plane/u_tx_window/ack_reclaimed_count[31]_i_470_n_0
                         LUT6 (Prop_lut6_I1_O)        0.105     3.162 r  u_top/u_fixed/u_portable_architecture/data_plane/u_tx_window/ack_reclaimed_count[31]_i_416/O
                         net (fo=1, unplaced)         0.347     3.509    u_top/u_fixed/u_portable_architecture/data_plane/u_tx_window/ack_reclaimed_count[31]_i_416_n_0
                         LUT6 (Prop_lut6_I5_O)        0.105     3.614 f  u_top/u_fixed/u_portable_architecture/data_plane/u_tx_window/ack_reclaimed_count[31]_i_171/O
                         net (fo=1, unplaced)         0.347     3.961    u_top/u_fixed/u_portable_architecture/data_plane/u_tx_window/ack_reclaimed_count[31]_i_171_n_0
                         LUT6 (Prop_lut6_I1_O)        0.105     4.066 f  u_top/u_fixed/u_portable_architecture/data_plane/u_tx_window/ack_reclaimed_count[31]_i_82/O
                         net (fo=4, unplaced)         0.371     4.437    u_top/u_fixed/u_portable_architecture/data_plane/u_tx_window/ack_reclaimed_count[31]_i_82_n_0
                         LUT1 (Prop_lut1_I0_O)        0.105     4.542 r  u_top/u_fixed/u_portable_architecture/data_plane/u_tx_window/ack_reclaimed_count[31]_i_249/O
                         net (fo=1, unplaced)         0.000     4.542    u_top/u_fixed/u_portable_architecture/data_plane/u_tx_window/ack_reclaimed_count[31]_i_249_n_0
                         CARRY4 (Prop_carry4_DI[0]_CO[3])
                                                      0.477     5.019 r  u_top/u_fixed/u_portable_architecture/data_plane/u_tx_window/ack_reclaimed_count_reg[31]_i_106/CO[3]
                         net (fo=1, unplaced)         0.008     5.027    u_top/u_fixed/u_portable_architecture/data_plane/u_tx_window/ack_reclaimed_count_reg[31]_i_106_n_0
                         CARRY4 (Prop_carry4_CI_CO[3])
                                                      0.100     5.127 r  u_top/u_fixed/u_portable_architecture/data_plane/u_tx_window/ack_reclaimed_count_reg[31]_i_105/CO[3]
                         net (fo=1, unplaced)         0.000     5.127    u_top/u_fixed/u_portable_architecture/data_plane/u_tx_window/ack_reclaimed_count_reg[31]_i_105_n_0
                         CARRY4 (Prop_carry4_CI_O[1])
                                                      0.269     5.396 f  u_top/u_fixed/u_portable_architecture/data_plane/u_tx_window/ack_reclaimed_count_reg[31]_i_54/O[1]
                         net (fo=2, unplaced)         0.483     5.879    u_top/u_fixed/u_portable_architecture/data_plane/u_tx_window/seq_distance_return4_out[9]
                         LUT4 (Prop_lut4_I0_O)        0.265     6.144 r  u_top/u_fixed/u_portable_architecture/data_plane/u_tx_window/ack_reclaimed_count[31]_i_23/O
                         net (fo=1, unplaced)         0.000     6.144    u_top/u_fixed/u_portable_architecture/data_plane/u_tx_window/ack_reclaimed_count[31]_i_23_n_0
                         CARRY4 (Prop_carry4_DI[0]_CO[3])
                                                      0.477     6.621 f  u_top/u_fixed/u_portable_architecture/data_plane/u_tx_window/ack_reclaimed_count_reg[31]_i_8/CO[3]
                         net (fo=2, unplaced)         0.781     7.402    u_top/u_fixed/u_portable_architecture/data_plane/u_tx_window/ack_scan_in_snapshot
                         LUT6 (Prop_lut6_I5_O)        0.105     7.507 r  u_top/u_fixed/u_portable_architecture/data_plane/u_tx_window/ack_reclaimed_count[31]_i_3/O
                         net (fo=107, unplaced)       0.448     7.955    u_top/u_fixed/u_portable_architecture/data_plane/u_tx_window/ack_reclaimed_count[31]_i_3_n_0
                         LUT2 (Prop_lut2_I1_O)        0.105     8.060 r  u_top/u_fixed/u_portable_architecture/data_plane/u_tx_window/duplicate_ack_count_o[31]_i_22/O
                         net (fo=1, unplaced)         0.000     8.060    u_top/u_fixed/u_portable_architecture/data_plane/u_tx_window/duplicate_ack_count_o[31]_i_22_n_0
                         CARRY4 (Prop_carry4_S[0]_CO[3])
                                                      0.423     8.483 r  u_top/u_fixed/u_portable_architecture/data_plane/u_tx_window/duplicate_ack_count_o_reg[31]_i_19/CO[3]
                         net (fo=1, unplaced)         0.008     8.491    u_top/u_fixed/u_portable_architecture/data_plane/u_tx_window/duplicate_ack_count_o_reg[31]_i_19_n_0
                         CARRY4 (Prop_carry4_CI_CO[3])
                                                      0.100     8.591 r  u_top/u_fixed/u_portable_architecture/data_plane/u_tx_window/duplicate_ack_count_o_reg[31]_i_9/CO[3]
                         net (fo=1, unplaced)         0.000     8.591    u_top/u_fixed/u_portable_architecture/data_plane/u_tx_window/duplicate_ack_count_o_reg[31]_i_9_n_0
                         CARRY4 (Prop_carry4_CI_CO[3])
                                                      0.100     8.691 r  u_top/u_fixed/u_portable_architecture/data_plane/u_tx_window/duplicate_ack_count_o_reg[31]_i_10/CO[3]
                         net (fo=1, unplaced)         0.000     8.691    u_top/u_fixed/u_portable_architecture/data_plane/u_tx_window/duplicate_ack_count_o_reg[31]_i_10_n_0
                         CARRY4 (Prop_carry4_CI_CO[3])
                                                      0.100     8.791 r  u_top/u_fixed/u_portable_architecture/data_plane/u_tx_window/duplicate_ack_count_o_reg[31]_i_18/CO[3]
                         net (fo=1, unplaced)         0.000     8.791    u_top/u_fixed/u_portable_architecture/data_plane/u_tx_window/duplicate_ack_count_o_reg[31]_i_18_n_0
                         CARRY4 (Prop_carry4_CI_CO[3])
                                                      0.100     8.891 r  u_top/u_fixed/u_portable_architecture/data_plane/u_tx_window/duplicate_ack_count_o_reg[31]_i_15/CO[3]
                         net (fo=1, unplaced)         0.000     8.891    u_top/u_fixed/u_portable_architecture/data_plane/u_tx_window/duplicate_ack_count_o_reg[31]_i_15_n_0
                         CARRY4 (Prop_carry4_CI_CO[3])
                                                      0.100     8.991 r  u_top/u_fixed/u_portable_architecture/data_plane/u_tx_window/duplicate_ack_count_o_reg[31]_i_14/CO[3]
                         net (fo=1, unplaced)         0.000     8.991    u_top/u_fixed/u_portable_architecture/data_plane/u_tx_window/duplicate_ack_count_o_reg[31]_i_14_n_0
                         CARRY4 (Prop_carry4_CI_CO[3])
                                                      0.100     9.091 r  u_top/u_fixed/u_portable_architecture/data_plane/u_tx_window/duplicate_ack_count_o_reg[31]_i_17/CO[3]
                         net (fo=1, unplaced)         0.000     9.091    u_top/u_fixed/u_portable_architecture/data_plane/u_tx_window/duplicate_ack_count_o_reg[31]_i_17_n_0
                         CARRY4 (Prop_carry4_CI_O[3])
                                                      0.277     9.368 f  u_top/u_fixed/u_portable_architecture/data_plane/u_tx_window/duplicate_ack_count_o_reg[31]_i_20/O[3]
                         net (fo=1, unplaced)         0.519     9.887    u_top/u_fixed/u_portable_architecture/data_plane/u_tx_window/completion_pulse_o2[31]
                         LUT4 (Prop_lut4_I1_O)        0.250    10.137 f  u_top/u_fixed/u_portable_architecture/data_plane/u_tx_window/duplicate_ack_count_o[31]_i_21/O
                         net (fo=1, unplaced)         0.347    10.484    u_top/u_fixed/u_portable_architecture/data_plane/u_tx_window/duplicate_ack_count_o[31]_i_21_n_0
                         LUT5 (Prop_lut5_I4_O)        0.105    10.589 f  u_top/u_fixed/u_portable_architecture/data_plane/u_tx_window/duplicate_ack_count_o[31]_i_16/O
                         net (fo=1, unplaced)         0.347    10.936    u_top/u_fixed/u_portable_architecture/data_plane/u_tx_window/duplicate_ack_count_o[31]_i_16_n_0
                         LUT6 (Prop_lut6_I5_O)        0.105    11.041 f  u_top/u_fixed/u_portable_architecture/data_plane/u_tx_window/duplicate_ack_count_o[31]_i_6/O
                         net (fo=33, unplaced)        0.419    11.460    u_top/u_fixed/u_portable_architecture/data_plane/u_tx_window/duplicate_ack_count_o[31]_i_6_n_0
                         LUT6 (Prop_lut6_I4_O)        0.105    11.565 f  u_top/u_fixed/u_portable_architecture/data_plane/u_tx_window/duplicate_ack_count_o[31]_i_3/O
                         net (fo=1, unplaced)         0.347    11.912    u_top/u_fixed/u_portable_architecture/data_plane/u_tx_window/duplicate_ack_count_o[31]_i_3_n_0
                         LUT6 (Prop_lut6_I5_O)        0.105    12.017 r  u_top/u_fixed/u_portable_architecture/data_plane/u_tx_window/duplicate_ack_count_o[31]_i_1/O
                         net (fo=32, unplaced)        0.437    12.454    u_top/u_fixed/u_portable_architecture/data_plane/u_tx_window/duplicate_ack_count_o[31]_i_1_n_0
                         FDCE                                         r  u_top/u_fixed/u_portable_architecture/data_plane/u_tx_window/duplicate_ack_count_o_reg[15]/CE
  -------------------------------------------------------------------    -------------------

                         (clock protocol_clk rise edge)
                                                     15.625    15.625 r  
                                                      0.000    15.625 r  protocol_clk_i (IN)
                         net (fo=12845, unset)        0.748    16.373    u_top/u_fixed/u_portable_architecture/data_plane/u_tx_window/protocol_clk_i
                         FDCE                                         r  u_top/u_fixed/u_portable_architecture/data_plane/u_tx_window/duplicate_ack_count_o_reg[15]/C
                         clock pessimism              0.000    16.373    
                         clock uncertainty           -0.035    16.337    
                         FDCE (Setup_fdce_C_CE)      -0.240    16.097    u_top/u_fixed/u_portable_architecture/data_plane/u_tx_window/duplicate_ack_count_o_reg[15]
  -------------------------------------------------------------------
                         required time                         16.097    
                         arrival time                         -12.454    
  -------------------------------------------------------------------
                         slack                                  3.643    

Slack (MET) :             3.643ns  (required time - arrival time)
  Source:                 u_top/u_fixed/u_portable_architecture/data_plane/u_tx_window/entry_sequence_reg[43][0]/C
                            (rising edge-triggered cell FDRE clocked by protocol_clk  {rise@0.000ns fall@7.813ns period=15.625ns})
  Destination:            u_top/u_fixed/u_portable_architecture/data_plane/u_tx_window/duplicate_ack_count_o_reg[16]/CE
                            (rising edge-triggered cell FDCE clocked by protocol_clk  {rise@0.000ns fall@7.813ns period=15.625ns})
  Path Group:             protocol_clk
  Path Type:              Setup (Max at Slow Process Corner)
  Requirement:            15.625ns  (protocol_clk rise@15.625ns - protocol_clk rise@0.000ns)
  Data Path Delay:        11.667ns  (logic 4.723ns (40.482%)  route 6.944ns (59.518%))
  Logic Levels:           25  (CARRY4=12 LUT1=1 LUT2=1 LUT4=2 LUT5=1 LUT6=8)
  Clock Path Skew:        -0.039ns (DCD - SCD + CPR)
    Destination Clock Delay (DCD):    0.748ns = ( 16.373 - 15.625 ) 
    Source Clock Delay      (SCD):    0.787ns
    Clock Pessimism Removal (CPR):    0.000ns
  Clock Uncertainty:      0.035ns  ((TSJ^2 + TIJ^2)^1/2 + DJ) / 2 + PE
    Total System Jitter     (TSJ):    0.071ns
    Total Input Jitter      (TIJ):    0.000ns
    Discrete Jitter          (DJ):    0.000ns
    Phase Error              (PE):    0.000ns

    Location             Delay type                Incr(ns)  Path(ns)    Netlist Resource(s)
  -------------------------------------------------------------------    -------------------
                         (clock protocol_clk rise edge)
                                                      0.000     0.000 r  
                                                      0.000     0.000 r  protocol_clk_i (IN)
                         net (fo=12845, unset)        0.787     0.787    u_top/u_fixed/u_portable_architecture/data_plane/u_tx_window/protocol_clk_i
                         FDRE                                         r  u_top/u_fixed/u_portable_architecture/data_plane/u_tx_window/entry_sequence_reg[43][0]/C
  -------------------------------------------------------------------    -------------------
                         FDRE (Prop_fdre_C_Q)         0.303     1.090 r  u_top/u_fixed/u_portable_architecture/data_plane/u_tx_window/entry_sequence_reg[43][0]/Q
                         net (fo=3, unplaced)         0.797     1.887    u_top/u_fixed/u_portable_architecture/data_plane/u_tx_window/entry_sequence_reg[43]_164[0]
                         LUT6 (Prop_lut6_I0_O)        0.232     2.119 r  u_top/u_fixed/u_portable_architecture/data_plane/u_tx_window/ack_reclaimed_count[31]_i_470/O
                         net (fo=1, unplaced)         0.938     3.057    u_top/u_fixed/u_portable_architecture/data_plane/u_tx_window/ack_reclaimed_count[31]_i_470_n_0
                         LUT6 (Prop_lut6_I1_O)        0.105     3.162 r  u_top/u_fixed/u_portable_architecture/data_plane/u_tx_window/ack_reclaimed_count[31]_i_416/O
                         net (fo=1, unplaced)         0.347     3.509    u_top/u_fixed/u_portable_architecture/data_plane/u_tx_window/ack_reclaimed_count[31]_i_416_n_0
                         LUT6 (Prop_lut6_I5_O)        0.105     3.614 f  u_top/u_fixed/u_portable_architecture/data_plane/u_tx_window/ack_reclaimed_count[31]_i_171/O
                         net (fo=1, unplaced)         0.347     3.961    u_top/u_fixed/u_portable_architecture/data_plane/u_tx_window/ack_reclaimed_count[31]_i_171_n_0
                         LUT6 (Prop_lut6_I1_O)        0.105     4.066 f  u_top/u_fixed/u_portable_architecture/data_plane/u_tx_window/ack_reclaimed_count[31]_i_82/O
                         net (fo=4, unplaced)         0.371     4.437    u_top/u_fixed/u_portable_architecture/data_plane/u_tx_window/ack_reclaimed_count[31]_i_82_n_0
                         LUT1 (Prop_lut1_I0_O)        0.105     4.542 r  u_top/u_fixed/u_portable_architecture/data_plane/u_tx_window/ack_reclaimed_count[31]_i_249/O
                         net (fo=1, unplaced)         0.000     4.542    u_top/u_fixed/u_portable_architecture/data_plane/u_tx_window/ack_reclaimed_count[31]_i_249_n_0
                         CARRY4 (Prop_carry4_DI[0]_CO[3])
                                                      0.477     5.019 r  u_top/u_fixed/u_portable_architecture/data_plane/u_tx_window/ack_reclaimed_count_reg[31]_i_106/CO[3]
                         net (fo=1, unplaced)         0.008     5.027    u_top/u_fixed/u_portable_architecture/data_plane/u_tx_window/ack_reclaimed_count_reg[31]_i_106_n_0
                         CARRY4 (Prop_carry4_CI_CO[3])
                                                      0.100     5.127 r  u_top/u_fixed/u_portable_architecture/data_plane/u_tx_window/ack_reclaimed_count_reg[31]_i_105/CO[3]
                         net (fo=1, unplaced)         0.000     5.127    u_top/u_fixed/u_portable_architecture/data_plane/u_tx_window/ack_reclaimed_count_reg[31]_i_105_n_0
                         CARRY4 (Prop_carry4_CI_O[1])
                                                      0.269     5.396 f  u_top/u_fixed/u_portable_architecture/data_plane/u_tx_window/ack_reclaimed_count_reg[31]_i_54/O[1]
                         net (fo=2, unplaced)         0.483     5.879    u_top/u_fixed/u_portable_architecture/data_plane/u_tx_window/seq_distance_return4_out[9]
                         LUT4 (Prop_lut4_I0_O)        0.265     6.144 r  u_top/u_fixed/u_portable_architecture/data_plane/u_tx_window/ack_reclaimed_count[31]_i_23/O
                         net (fo=1, unplaced)         0.000     6.144    u_top/u_fixed/u_portable_architecture/data_plane/u_tx_window/ack_reclaimed_count[31]_i_23_n_0
                         CARRY4 (Prop_carry4_DI[0]_CO[3])
                                                      0.477     6.621 f  u_top/u_fixed/u_portable_architecture/data_plane/u_tx_window/ack_reclaimed_count_reg[31]_i_8/CO[3]
                         net (fo=2, unplaced)         0.781     7.402    u_top/u_fixed/u_portable_architecture/data_plane/u_tx_window/ack_scan_in_snapshot
                         LUT6 (Prop_lut6_I5_O)        0.105     7.507 r  u_top/u_fixed/u_portable_architecture/data_plane/u_tx_window/ack_reclaimed_count[31]_i_3/O
                         net (fo=107, unplaced)       0.448     7.955    u_top/u_fixed/u_portable_architecture/data_plane/u_tx_window/ack_reclaimed_count[31]_i_3_n_0
                         LUT2 (Prop_lut2_I1_O)        0.105     8.060 r  u_top/u_fixed/u_portable_architecture/data_plane/u_tx_window/duplicate_ack_count_o[31]_i_22/O
                         net (fo=1, unplaced)         0.000     8.060    u_top/u_fixed/u_portable_architecture/data_plane/u_tx_window/duplicate_ack_count_o[31]_i_22_n_0
                         CARRY4 (Prop_carry4_S[0]_CO[3])
                                                      0.423     8.483 r  u_top/u_fixed/u_portable_architecture/data_plane/u_tx_window/duplicate_ack_count_o_reg[31]_i_19/CO[3]
                         net (fo=1, unplaced)         0.008     8.491    u_top/u_fixed/u_portable_architecture/data_plane/u_tx_window/duplicate_ack_count_o_reg[31]_i_19_n_0
                         CARRY4 (Prop_carry4_CI_CO[3])
                                                      0.100     8.591 r  u_top/u_fixed/u_portable_architecture/data_plane/u_tx_window/duplicate_ack_count_o_reg[31]_i_9/CO[3]
                         net (fo=1, unplaced)         0.000     8.591    u_top/u_fixed/u_portable_architecture/data_plane/u_tx_window/duplicate_ack_count_o_reg[31]_i_9_n_0
                         CARRY4 (Prop_carry4_CI_CO[3])
                                                      0.100     8.691 r  u_top/u_fixed/u_portable_architecture/data_plane/u_tx_window/duplicate_ack_count_o_reg[31]_i_10/CO[3]
                         net (fo=1, unplaced)         0.000     8.691    u_top/u_fixed/u_portable_architecture/data_plane/u_tx_window/duplicate_ack_count_o_reg[31]_i_10_n_0
                         CARRY4 (Prop_carry4_CI_CO[3])
                                                      0.100     8.791 r  u_top/u_fixed/u_portable_architecture/data_plane/u_tx_window/duplicate_ack_count_o_reg[31]_i_18/CO[3]
                         net (fo=1, unplaced)         0.000     8.791    u_top/u_fixed/u_portable_architecture/data_plane/u_tx_window/duplicate_ack_count_o_reg[31]_i_18_n_0
                         CARRY4 (Prop_carry4_CI_CO[3])
                                                      0.100     8.891 r  u_top/u_fixed/u_portable_architecture/data_plane/u_tx_window/duplicate_ack_count_o_reg[31]_i_15/CO[3]
                         net (fo=1, unplaced)         0.000     8.891    u_top/u_fixed/u_portable_architecture/data_plane/u_tx_window/duplicate_ack_count_o_reg[31]_i_15_n_0
                         CARRY4 (Prop_carry4_CI_CO[3])
                                                      0.100     8.991 r  u_top/u_fixed/u_portable_architecture/data_plane/u_tx_window/duplicate_ack_count_o_reg[31]_i_14/CO[3]
                         net (fo=1, unplaced)         0.000     8.991    u_top/u_fixed/u_portable_architecture/data_plane/u_tx_window/duplicate_ack_count_o_reg[31]_i_14_n_0
                         CARRY4 (Prop_carry4_CI_CO[3])
                                                      0.100     9.091 r  u_top/u_fixed/u_portable_architecture/data_plane/u_tx_window/duplicate_ack_count_o_reg[31]_i_17/CO[3]
                         net (fo=1, unplaced)         0.000     9.091    u_top/u_fixed/u_portable_architecture/data_plane/u_tx_window/duplicate_ack_count_o_reg[31]_i_17_n_0
                         CARRY4 (Prop_carry4_CI_O[3])
                                                      0.277     9.368 f  u_top/u_fixed/u_portable_architecture/data_plane/u_tx_window/duplicate_ack_count_o_reg[31]_i_20/O[3]
                         net (fo=1, unplaced)         0.519     9.887    u_top/u_fixed/u_portable_architecture/data_plane/u_tx_window/completion_pulse_o2[31]
                         LUT4 (Prop_lut4_I1_O)        0.250    10.137 f  u_top/u_fixed/u_portable_architecture/data_plane/u_tx_window/duplicate_ack_count_o[31]_i_21/O
                         net (fo=1, unplaced)         0.347    10.484    u_top/u_fixed/u_portable_architecture/data_plane/u_tx_window/duplicate_ack_count_o[31]_i_21_n_0
                         LUT5 (Prop_lut5_I4_O)        0.105    10.589 f  u_top/u_fixed/u_portable_architecture/data_plane/u_tx_window/duplicate_ack_count_o[31]_i_16/O
                         net (fo=1, unplaced)         0.347    10.936    u_top/u_fixed/u_portable_architecture/data_plane/u_tx_window/duplicate_ack_count_o[31]_i_16_n_0
                         LUT6 (Prop_lut6_I5_O)        0.105    11.041 f  u_top/u_fixed/u_portable_architecture/data_plane/u_tx_window/duplicate_ack_count_o[31]_i_6/O
                         net (fo=33, unplaced)        0.419    11.460    u_top/u_fixed/u_portable_architecture/data_plane/u_tx_window/duplicate_ack_count_o[31]_i_6_n_0
                         LUT6 (Prop_lut6_I4_O)        0.105    11.565 f  u_top/u_fixed/u_portable_architecture/data_plane/u_tx_window/duplicate_ack_count_o[31]_i_3/O
                         net (fo=1, unplaced)         0.347    11.912    u_top/u_fixed/u_portable_architecture/data_plane/u_tx_window/duplicate_ack_count_o[31]_i_3_n_0
                         LUT6 (Prop_lut6_I5_O)        0.105    12.017 r  u_top/u_fixed/u_portable_architecture/data_plane/u_tx_window/duplicate_ack_count_o[31]_i_1/O
                         net (fo=32, unplaced)        0.437    12.454    u_top/u_fixed/u_portable_architecture/data_plane/u_tx_window/duplicate_ack_count_o[31]_i_1_n_0
                         FDCE                                         r  u_top/u_fixed/u_portable_architecture/data_plane/u_tx_window/duplicate_ack_count_o_reg[16]/CE
  -------------------------------------------------------------------    -------------------

                         (clock protocol_clk rise edge)
                                                     15.625    15.625 r  
                                                      0.000    15.625 r  protocol_clk_i (IN)
                         net (fo=12845, unset)        0.748    16.373    u_top/u_fixed/u_portable_architecture/data_plane/u_tx_window/protocol_clk_i
                         FDCE                                         r  u_top/u_fixed/u_portable_architecture/data_plane/u_tx_window/duplicate_ack_count_o_reg[16]/C
                         clock pessimism              0.000    16.373    
                         clock uncertainty           -0.035    16.337    
                         FDCE (Setup_fdce_C_CE)      -0.240    16.097    u_top/u_fixed/u_portable_architecture/data_plane/u_tx_window/duplicate_ack_count_o_reg[16]
  -------------------------------------------------------------------
                         required time                         16.097    
                         arrival time                         -12.454    
  -------------------------------------------------------------------
                         slack                                  3.643    

Slack (MET) :             3.643ns  (required time - arrival time)
  Source:                 u_top/u_fixed/u_portable_architecture/data_plane/u_tx_window/entry_sequence_reg[43][0]/C
                            (rising edge-triggered cell FDRE clocked by protocol_clk  {rise@0.000ns fall@7.813ns period=15.625ns})
  Destination:            u_top/u_fixed/u_portable_architecture/data_plane/u_tx_window/duplicate_ack_count_o_reg[17]/CE
                            (rising edge-triggered cell FDCE clocked by protocol_clk  {rise@0.000ns fall@7.813ns period=15.625ns})
  Path Group:             protocol_clk
  Path Type:              Setup (Max at Slow Process Corner)
  Requirement:            15.625ns  (protocol_clk rise@15.625ns - protocol_clk rise@0.000ns)
  Data Path Delay:        11.667ns  (logic 4.723ns (40.482%)  route 6.944ns (59.518%))
  Logic Levels:           25  (CARRY4=12 LUT1=1 LUT2=1 LUT4=2 LUT5=1 LUT6=8)
  Clock Path Skew:        -0.039ns (DCD - SCD + CPR)
    Destination Clock Delay (DCD):    0.748ns = ( 16.373 - 15.625 ) 
    Source Clock Delay      (SCD):    0.787ns
    Clock Pessimism Removal (CPR):    0.000ns
  Clock Uncertainty:      0.035ns  ((TSJ^2 + TIJ^2)^1/2 + DJ) / 2 + PE
    Total System Jitter     (TSJ):    0.071ns
    Total Input Jitter      (TIJ):    0.000ns
    Discrete Jitter          (DJ):    0.000ns
    Phase Error              (PE):    0.000ns

    Location             Delay type                Incr(ns)  Path(ns)    Netlist Resource(s)
  -------------------------------------------------------------------    -------------------
                         (clock protocol_clk rise edge)
                                                      0.000     0.000 r  
                                                      0.000     0.000 r  protocol_clk_i (IN)
                         net (fo=12845, unset)        0.787     0.787    u_top/u_fixed/u_portable_architecture/data_plane/u_tx_window/protocol_clk_i
                         FDRE                                         r  u_top/u_fixed/u_portable_architecture/data_plane/u_tx_window/entry_sequence_reg[43][0]/C
  -------------------------------------------------------------------    -------------------
                         FDRE (Prop_fdre_C_Q)         0.303     1.090 r  u_top/u_fixed/u_portable_architecture/data_plane/u_tx_window/entry_sequence_reg[43][0]/Q
                         net (fo=3, unplaced)         0.797     1.887    u_top/u_fixed/u_portable_architecture/data_plane/u_tx_window/entry_sequence_reg[43]_164[0]
                         LUT6 (Prop_lut6_I0_O)        0.232     2.119 r  u_top/u_fixed/u_portable_architecture/data_plane/u_tx_window/ack_reclaimed_count[31]_i_470/O
                         net (fo=1, unplaced)         0.938     3.057    u_top/u_fixed/u_portable_architecture/data_plane/u_tx_window/ack_reclaimed_count[31]_i_470_n_0
                         LUT6 (Prop_lut6_I1_O)        0.105     3.162 r  u_top/u_fixed/u_portable_architecture/data_plane/u_tx_window/ack_reclaimed_count[31]_i_416/O
                         net (fo=1, unplaced)         0.347     3.509    u_top/u_fixed/u_portable_architecture/data_plane/u_tx_window/ack_reclaimed_count[31]_i_416_n_0
                         LUT6 (Prop_lut6_I5_O)        0.105     3.614 f  u_top/u_fixed/u_portable_architecture/data_plane/u_tx_window/ack_reclaimed_count[31]_i_171/O
                         net (fo=1, unplaced)         0.347     3.961    u_top/u_fixed/u_portable_architecture/data_plane/u_tx_window/ack_reclaimed_count[31]_i_171_n_0
                         LUT6 (Prop_lut6_I1_O)        0.105     4.066 f  u_top/u_fixed/u_portable_architecture/data_plane/u_tx_window/ack_reclaimed_count[31]_i_82/O
                         net (fo=4, unplaced)         0.371     4.437    u_top/u_fixed/u_portable_architecture/data_plane/u_tx_window/ack_reclaimed_count[31]_i_82_n_0
                         LUT1 (Prop_lut1_I0_O)        0.105     4.542 r  u_top/u_fixed/u_portable_architecture/data_plane/u_tx_window/ack_reclaimed_count[31]_i_249/O
                         net (fo=1, unplaced)         0.000     4.542    u_top/u_fixed/u_portable_architecture/data_plane/u_tx_window/ack_reclaimed_count[31]_i_249_n_0
                         CARRY4 (Prop_carry4_DI[0]_CO[3])
                                                      0.477     5.019 r  u_top/u_fixed/u_portable_architecture/data_plane/u_tx_window/ack_reclaimed_count_reg[31]_i_106/CO[3]
                         net (fo=1, unplaced)         0.008     5.027    u_top/u_fixed/u_portable_architecture/data_plane/u_tx_window/ack_reclaimed_count_reg[31]_i_106_n_0
                         CARRY4 (Prop_carry4_CI_CO[3])
                                                      0.100     5.127 r  u_top/u_fixed/u_portable_architecture/data_plane/u_tx_window/ack_reclaimed_count_reg[31]_i_105/CO[3]
                         net (fo=1, unplaced)         0.000     5.127    u_top/u_fixed/u_portable_architecture/data_plane/u_tx_window/ack_reclaimed_count_reg[31]_i_105_n_0
                         CARRY4 (Prop_carry4_CI_O[1])
                                                      0.269     5.396 f  u_top/u_fixed/u_portable_architecture/data_plane/u_tx_window/ack_reclaimed_count_reg[31]_i_54/O[1]
                         net (fo=2, unplaced)         0.483     5.879    u_top/u_fixed/u_portable_architecture/data_plane/u_tx_window/seq_distance_return4_out[9]
                         LUT4 (Prop_lut4_I0_O)        0.265     6.144 r  u_top/u_fixed/u_portable_architecture/data_plane/u_tx_window/ack_reclaimed_count[31]_i_23/O
                         net (fo=1, unplaced)         0.000     6.144    u_top/u_fixed/u_portable_architecture/data_plane/u_tx_window/ack_reclaimed_count[31]_i_23_n_0
                         CARRY4 (Prop_carry4_DI[0]_CO[3])
                                                      0.477     6.621 f  u_top/u_fixed/u_portable_architecture/data_plane/u_tx_window/ack_reclaimed_count_reg[31]_i_8/CO[3]
                         net (fo=2, unplaced)         0.781     7.402    u_top/u_fixed/u_portable_architecture/data_plane/u_tx_window/ack_scan_in_snapshot
                         LUT6 (Prop_lut6_I5_O)        0.105     7.507 r  u_top/u_fixed/u_portable_architecture/data_plane/u_tx_window/ack_reclaimed_count[31]_i_3/O
                         net (fo=107, unplaced)       0.448     7.955    u_top/u_fixed/u_portable_architecture/data_plane/u_tx_window/ack_reclaimed_count[31]_i_3_n_0
                         LUT2 (Prop_lut2_I1_O)        0.105     8.060 r  u_top/u_fixed/u_portable_architecture/data_plane/u_tx_window/duplicate_ack_count_o[31]_i_22/O
                         net (fo=1, unplaced)         0.000     8.060    u_top/u_fixed/u_portable_architecture/data_plane/u_tx_window/duplicate_ack_count_o[31]_i_22_n_0
                         CARRY4 (Prop_carry4_S[0]_CO[3])
                                                      0.423     8.483 r  u_top/u_fixed/u_portable_architecture/data_plane/u_tx_window/duplicate_ack_count_o_reg[31]_i_19/CO[3]
                         net (fo=1, unplaced)         0.008     8.491    u_top/u_fixed/u_portable_architecture/data_plane/u_tx_window/duplicate_ack_count_o_reg[31]_i_19_n_0
                         CARRY4 (Prop_carry4_CI_CO[3])
                                                      0.100     8.591 r  u_top/u_fixed/u_portable_architecture/data_plane/u_tx_window/duplicate_ack_count_o_reg[31]_i_9/CO[3]
                         net (fo=1, unplaced)         0.000     8.591    u_top/u_fixed/u_portable_architecture/data_plane/u_tx_window/duplicate_ack_count_o_reg[31]_i_9_n_0
                         CARRY4 (Prop_carry4_CI_CO[3])
                                                      0.100     8.691 r  u_top/u_fixed/u_portable_architecture/data_plane/u_tx_window/duplicate_ack_count_o_reg[31]_i_10/CO[3]
                         net (fo=1, unplaced)         0.000     8.691    u_top/u_fixed/u_portable_architecture/data_plane/u_tx_window/duplicate_ack_count_o_reg[31]_i_10_n_0
                         CARRY4 (Prop_carry4_CI_CO[3])
                                                      0.100     8.791 r  u_top/u_fixed/u_portable_architecture/data_plane/u_tx_window/duplicate_ack_count_o_reg[31]_i_18/CO[3]
                         net (fo=1, unplaced)         0.000     8.791    u_top/u_fixed/u_portable_architecture/data_plane/u_tx_window/duplicate_ack_count_o_reg[31]_i_18_n_0
                         CARRY4 (Prop_carry4_CI_CO[3])
                                                      0.100     8.891 r  u_top/u_fixed/u_portable_architecture/data_plane/u_tx_window/duplicate_ack_count_o_reg[31]_i_15/CO[3]
                         net (fo=1, unplaced)         0.000     8.891    u_top/u_fixed/u_portable_architecture/data_plane/u_tx_window/duplicate_ack_count_o_reg[31]_i_15_n_0
                         CARRY4 (Prop_carry4_CI_CO[3])
                                                      0.100     8.991 r  u_top/u_fixed/u_portable_architecture/data_plane/u_tx_window/duplicate_ack_count_o_reg[31]_i_14/CO[3]
                         net (fo=1, unplaced)         0.000     8.991    u_top/u_fixed/u_portable_architecture/data_plane/u_tx_window/duplicate_ack_count_o_reg[31]_i_14_n_0
                         CARRY4 (Prop_carry4_CI_CO[3])
                                                      0.100     9.091 r  u_top/u_fixed/u_portable_architecture/data_plane/u_tx_window/duplicate_ack_count_o_reg[31]_i_17/CO[3]
                         net (fo=1, unplaced)         0.000     9.091    u_top/u_fixed/u_portable_architecture/data_plane/u_tx_window/duplicate_ack_count_o_reg[31]_i_17_n_0
                         CARRY4 (Prop_carry4_CI_O[3])
                                                      0.277     9.368 f  u_top/u_fixed/u_portable_architecture/data_plane/u_tx_window/duplicate_ack_count_o_reg[31]_i_20/O[3]
                         net (fo=1, unplaced)         0.519     9.887    u_top/u_fixed/u_portable_architecture/data_plane/u_tx_window/completion_pulse_o2[31]
                         LUT4 (Prop_lut4_I1_O)        0.250    10.137 f  u_top/u_fixed/u_portable_architecture/data_plane/u_tx_window/duplicate_ack_count_o[31]_i_21/O
                         net (fo=1, unplaced)         0.347    10.484    u_top/u_fixed/u_portable_architecture/data_plane/u_tx_window/duplicate_ack_count_o[31]_i_21_n_0
                         LUT5 (Prop_lut5_I4_O)        0.105    10.589 f  u_top/u_fixed/u_portable_architecture/data_plane/u_tx_window/duplicate_ack_count_o[31]_i_16/O
                         net (fo=1, unplaced)         0.347    10.936    u_top/u_fixed/u_portable_architecture/data_plane/u_tx_window/duplicate_ack_count_o[31]_i_16_n_0
                         LUT6 (Prop_lut6_I5_O)        0.105    11.041 f  u_top/u_fixed/u_portable_architecture/data_plane/u_tx_window/duplicate_ack_count_o[31]_i_6/O
                         net (fo=33, unplaced)        0.419    11.460    u_top/u_fixed/u_portable_architecture/data_plane/u_tx_window/duplicate_ack_count_o[31]_i_6_n_0
                         LUT6 (Prop_lut6_I4_O)        0.105    11.565 f  u_top/u_fixed/u_portable_architecture/data_plane/u_tx_window/duplicate_ack_count_o[31]_i_3/O
                         net (fo=1, unplaced)         0.347    11.912    u_top/u_fixed/u_portable_architecture/data_plane/u_tx_window/duplicate_ack_count_o[31]_i_3_n_0
                         LUT6 (Prop_lut6_I5_O)        0.105    12.017 r  u_top/u_fixed/u_portable_architecture/data_plane/u_tx_window/duplicate_ack_count_o[31]_i_1/O
                         net (fo=32, unplaced)        0.437    12.454    u_top/u_fixed/u_portable_architecture/data_plane/u_tx_window/duplicate_ack_count_o[31]_i_1_n_0
                         FDCE                                         r  u_top/u_fixed/u_portable_architecture/data_plane/u_tx_window/duplicate_ack_count_o_reg[17]/CE
  -------------------------------------------------------------------    -------------------

                         (clock protocol_clk rise edge)
                                                     15.625    15.625 r  
                                                      0.000    15.625 r  protocol_clk_i (IN)
                         net (fo=12845, unset)        0.748    16.373    u_top/u_fixed/u_portable_architecture/data_plane/u_tx_window/protocol_clk_i
                         FDCE                                         r  u_top/u_fixed/u_portable_architecture/data_plane/u_tx_window/duplicate_ack_count_o_reg[17]/C
                         clock pessimism              0.000    16.373    
                         clock uncertainty           -0.035    16.337    
                         FDCE (Setup_fdce_C_CE)      -0.240    16.097    u_top/u_fixed/u_portable_architecture/data_plane/u_tx_window/duplicate_ack_count_o_reg[17]
  -------------------------------------------------------------------
                         required time                         16.097    
                         arrival time                         -12.454    
  -------------------------------------------------------------------
                         slack                                  3.643    

Slack (MET) :             3.643ns  (required time - arrival time)
  Source:                 u_top/u_fixed/u_portable_architecture/data_plane/u_tx_window/entry_sequence_reg[43][0]/C
                            (rising edge-triggered cell FDRE clocked by protocol_clk  {rise@0.000ns fall@7.813ns period=15.625ns})
  Destination:            u_top/u_fixed/u_portable_architecture/data_plane/u_tx_window/duplicate_ack_count_o_reg[18]/CE
                            (rising edge-triggered cell FDCE clocked by protocol_clk  {rise@0.000ns fall@7.813ns period=15.625ns})
  Path Group:             protocol_clk
  Path Type:              Setup (Max at Slow Process Corner)
  Requirement:            15.625ns  (protocol_clk rise@15.625ns - protocol_clk rise@0.000ns)
  Data Path Delay:        11.667ns  (logic 4.723ns (40.482%)  route 6.944ns (59.518%))
  Logic Levels:           25  (CARRY4=12 LUT1=1 LUT2=1 LUT4=2 LUT5=1 LUT6=8)
  Clock Path Skew:        -0.039ns (DCD - SCD + CPR)
    Destination Clock Delay (DCD):    0.748ns = ( 16.373 - 15.625 ) 
    Source Clock Delay      (SCD):    0.787ns
    Clock Pessimism Removal (CPR):    0.000ns
  Clock Uncertainty:      0.035ns  ((TSJ^2 + TIJ^2)^1/2 + DJ) / 2 + PE
    Total System Jitter     (TSJ):    0.071ns
    Total Input Jitter      (TIJ):    0.000ns
    Discrete Jitter          (DJ):    0.000ns
    Phase Error              (PE):    0.000ns

    Location             Delay type                Incr(ns)  Path(ns)    Netlist Resource(s)
  -------------------------------------------------------------------    -------------------
                         (clock protocol_clk rise edge)
                                                      0.000     0.000 r  
                                                      0.000     0.000 r  protocol_clk_i (IN)
                         net (fo=12845, unset)        0.787     0.787    u_top/u_fixed/u_portable_architecture/data_plane/u_tx_window/protocol_clk_i
                         FDRE                                         r  u_top/u_fixed/u_portable_architecture/data_plane/u_tx_window/entry_sequence_reg[43][0]/C
  -------------------------------------------------------------------    -------------------
                         FDRE (Prop_fdre_C_Q)         0.303     1.090 r  u_top/u_fixed/u_portable_architecture/data_plane/u_tx_window/entry_sequence_reg[43][0]/Q
                         net (fo=3, unplaced)         0.797     1.887    u_top/u_fixed/u_portable_architecture/data_plane/u_tx_window/entry_sequence_reg[43]_164[0]
                         LUT6 (Prop_lut6_I0_O)        0.232     2.119 r  u_top/u_fixed/u_portable_architecture/data_plane/u_tx_window/ack_reclaimed_count[31]_i_470/O
                         net (fo=1, unplaced)         0.938     3.057    u_top/u_fixed/u_portable_architecture/data_plane/u_tx_window/ack_reclaimed_count[31]_i_470_n_0
                         LUT6 (Prop_lut6_I1_O)        0.105     3.162 r  u_top/u_fixed/u_portable_architecture/data_plane/u_tx_window/ack_reclaimed_count[31]_i_416/O
                         net (fo=1, unplaced)         0.347     3.509    u_top/u_fixed/u_portable_architecture/data_plane/u_tx_window/ack_reclaimed_count[31]_i_416_n_0
                         LUT6 (Prop_lut6_I5_O)        0.105     3.614 f  u_top/u_fixed/u_portable_architecture/data_plane/u_tx_window/ack_reclaimed_count[31]_i_171/O
                         net (fo=1, unplaced)         0.347     3.961    u_top/u_fixed/u_portable_architecture/data_plane/u_tx_window/ack_reclaimed_count[31]_i_171_n_0
                         LUT6 (Prop_lut6_I1_O)        0.105     4.066 f  u_top/u_fixed/u_portable_architecture/data_plane/u_tx_window/ack_reclaimed_count[31]_i_82/O
                         net (fo=4, unplaced)         0.371     4.437    u_top/u_fixed/u_portable_architecture/data_plane/u_tx_window/ack_reclaimed_count[31]_i_82_n_0
                         LUT1 (Prop_lut1_I0_O)        0.105     4.542 r  u_top/u_fixed/u_portable_architecture/data_plane/u_tx_window/ack_reclaimed_count[31]_i_249/O
                         net (fo=1, unplaced)         0.000     4.542    u_top/u_fixed/u_portable_architecture/data_plane/u_tx_window/ack_reclaimed_count[31]_i_249_n_0
                         CARRY4 (Prop_carry4_DI[0]_CO[3])
                                                      0.477     5.019 r  u_top/u_fixed/u_portable_architecture/data_plane/u_tx_window/ack_reclaimed_count_reg[31]_i_106/CO[3]
                         net (fo=1, unplaced)         0.008     5.027    u_top/u_fixed/u_portable_architecture/data_plane/u_tx_window/ack_reclaimed_count_reg[31]_i_106_n_0
                         CARRY4 (Prop_carry4_CI_CO[3])
                                                      0.100     5.127 r  u_top/u_fixed/u_portable_architecture/data_plane/u_tx_window/ack_reclaimed_count_reg[31]_i_105/CO[3]
                         net (fo=1, unplaced)         0.000     5.127    u_top/u_fixed/u_portable_architecture/data_plane/u_tx_window/ack_reclaimed_count_reg[31]_i_105_n_0
                         CARRY4 (Prop_carry4_CI_O[1])
                                                      0.269     5.396 f  u_top/u_fixed/u_portable_architecture/data_plane/u_tx_window/ack_reclaimed_count_reg[31]_i_54/O[1]
                         net (fo=2, unplaced)         0.483     5.879    u_top/u_fixed/u_portable_architecture/data_plane/u_tx_window/seq_distance_return4_out[9]
                         LUT4 (Prop_lut4_I0_O)        0.265     6.144 r  u_top/u_fixed/u_portable_architecture/data_plane/u_tx_window/ack_reclaimed_count[31]_i_23/O
                         net (fo=1, unplaced)         0.000     6.144    u_top/u_fixed/u_portable_architecture/data_plane/u_tx_window/ack_reclaimed_count[31]_i_23_n_0
                         CARRY4 (Prop_carry4_DI[0]_CO[3])
                                                      0.477     6.621 f  u_top/u_fixed/u_portable_architecture/data_plane/u_tx_window/ack_reclaimed_count_reg[31]_i_8/CO[3]
                         net (fo=2, unplaced)         0.781     7.402    u_top/u_fixed/u_portable_architecture/data_plane/u_tx_window/ack_scan_in_snapshot
                         LUT6 (Prop_lut6_I5_O)        0.105     7.507 r  u_top/u_fixed/u_portable_architecture/data_plane/u_tx_window/ack_reclaimed_count[31]_i_3/O
                         net (fo=107, unplaced)       0.448     7.955    u_top/u_fixed/u_portable_architecture/data_plane/u_tx_window/ack_reclaimed_count[31]_i_3_n_0
                         LUT2 (Prop_lut2_I1_O)        0.105     8.060 r  u_top/u_fixed/u_portable_architecture/data_plane/u_tx_window/duplicate_ack_count_o[31]_i_22/O
                         net (fo=1, unplaced)         0.000     8.060    u_top/u_fixed/u_portable_architecture/data_plane/u_tx_window/duplicate_ack_count_o[31]_i_22_n_0
                         CARRY4 (Prop_carry4_S[0]_CO[3])
                                                      0.423     8.483 r  u_top/u_fixed/u_portable_architecture/data_plane/u_tx_window/duplicate_ack_count_o_reg[31]_i_19/CO[3]
                         net (fo=1, unplaced)         0.008     8.491    u_top/u_fixed/u_portable_architecture/data_plane/u_tx_window/duplicate_ack_count_o_reg[31]_i_19_n_0
                         CARRY4 (Prop_carry4_CI_CO[3])
                                                      0.100     8.591 r  u_top/u_fixed/u_portable_architecture/data_plane/u_tx_window/duplicate_ack_count_o_reg[31]_i_9/CO[3]
                         net (fo=1, unplaced)         0.000     8.591    u_top/u_fixed/u_portable_architecture/data_plane/u_tx_window/duplicate_ack_count_o_reg[31]_i_9_n_0
                         CARRY4 (Prop_carry4_CI_CO[3])
                                                      0.100     8.691 r  u_top/u_fixed/u_portable_architecture/data_plane/u_tx_window/duplicate_ack_count_o_reg[31]_i_10/CO[3]
                         net (fo=1, unplaced)         0.000     8.691    u_top/u_fixed/u_portable_architecture/data_plane/u_tx_window/duplicate_ack_count_o_reg[31]_i_10_n_0
                         CARRY4 (Prop_carry4_CI_CO[3])
                                                      0.100     8.791 r  u_top/u_fixed/u_portable_architecture/data_plane/u_tx_window/duplicate_ack_count_o_reg[31]_i_18/CO[3]
                         net (fo=1, unplaced)         0.000     8.791    u_top/u_fixed/u_portable_architecture/data_plane/u_tx_window/duplicate_ack_count_o_reg[31]_i_18_n_0
                         CARRY4 (Prop_carry4_CI_CO[3])
                                                      0.100     8.891 r  u_top/u_fixed/u_portable_architecture/data_plane/u_tx_window/duplicate_ack_count_o_reg[31]_i_15/CO[3]
                         net (fo=1, unplaced)         0.000     8.891    u_top/u_fixed/u_portable_architecture/data_plane/u_tx_window/duplicate_ack_count_o_reg[31]_i_15_n_0
                         CARRY4 (Prop_carry4_CI_CO[3])
                                                      0.100     8.991 r  u_top/u_fixed/u_portable_architecture/data_plane/u_tx_window/duplicate_ack_count_o_reg[31]_i_14/CO[3]
                         net (fo=1, unplaced)         0.000     8.991    u_top/u_fixed/u_portable_architecture/data_plane/u_tx_window/duplicate_ack_count_o_reg[31]_i_14_n_0
                         CARRY4 (Prop_carry4_CI_CO[3])
                                                      0.100     9.091 r  u_top/u_fixed/u_portable_architecture/data_plane/u_tx_window/duplicate_ack_count_o_reg[31]_i_17/CO[3]
                         net (fo=1, unplaced)         0.000     9.091    u_top/u_fixed/u_portable_architecture/data_plane/u_tx_window/duplicate_ack_count_o_reg[31]_i_17_n_0
                         CARRY4 (Prop_carry4_CI_O[3])
                                                      0.277     9.368 f  u_top/u_fixed/u_portable_architecture/data_plane/u_tx_window/duplicate_ack_count_o_reg[31]_i_20/O[3]
                         net (fo=1, unplaced)         0.519     9.887    u_top/u_fixed/u_portable_architecture/data_plane/u_tx_window/completion_pulse_o2[31]
                         LUT4 (Prop_lut4_I1_O)        0.250    10.137 f  u_top/u_fixed/u_portable_architecture/data_plane/u_tx_window/duplicate_ack_count_o[31]_i_21/O
                         net (fo=1, unplaced)         0.347    10.484    u_top/u_fixed/u_portable_architecture/data_plane/u_tx_window/duplicate_ack_count_o[31]_i_21_n_0
                         LUT5 (Prop_lut5_I4_O)        0.105    10.589 f  u_top/u_fixed/u_portable_architecture/data_plane/u_tx_window/duplicate_ack_count_o[31]_i_16/O
                         net (fo=1, unplaced)         0.347    10.936    u_top/u_fixed/u_portable_architecture/data_plane/u_tx_window/duplicate_ack_count_o[31]_i_16_n_0
                         LUT6 (Prop_lut6_I5_O)        0.105    11.041 f  u_top/u_fixed/u_portable_architecture/data_plane/u_tx_window/duplicate_ack_count_o[31]_i_6/O
                         net (fo=33, unplaced)        0.419    11.460    u_top/u_fixed/u_portable_architecture/data_plane/u_tx_window/duplicate_ack_count_o[31]_i_6_n_0
                         LUT6 (Prop_lut6_I4_O)        0.105    11.565 f  u_top/u_fixed/u_portable_architecture/data_plane/u_tx_window/duplicate_ack_count_o[31]_i_3/O
                         net (fo=1, unplaced)         0.347    11.912    u_top/u_fixed/u_portable_architecture/data_plane/u_tx_window/duplicate_ack_count_o[31]_i_3_n_0
                         LUT6 (Prop_lut6_I5_O)        0.105    12.017 r  u_top/u_fixed/u_portable_architecture/data_plane/u_tx_window/duplicate_ack_count_o[31]_i_1/O
                         net (fo=32, unplaced)        0.437    12.454    u_top/u_fixed/u_portable_architecture/data_plane/u_tx_window/duplicate_ack_count_o[31]_i_1_n_0
                         FDCE                                         r  u_top/u_fixed/u_portable_architecture/data_plane/u_tx_window/duplicate_ack_count_o_reg[18]/CE
  -------------------------------------------------------------------    -------------------

                         (clock protocol_clk rise edge)
                                                     15.625    15.625 r  
                                                      0.000    15.625 r  protocol_clk_i (IN)
                         net (fo=12845, unset)        0.748    16.373    u_top/u_fixed/u_portable_architecture/data_plane/u_tx_window/protocol_clk_i
                         FDCE                                         r  u_top/u_fixed/u_portable_architecture/data_plane/u_tx_window/duplicate_ack_count_o_reg[18]/C
                         clock pessimism              0.000    16.373    
                         clock uncertainty           -0.035    16.337    
                         FDCE (Setup_fdce_C_CE)      -0.240    16.097    u_top/u_fixed/u_portable_architecture/data_plane/u_tx_window/duplicate_ack_count_o_reg[18]
  -------------------------------------------------------------------
                         required time                         16.097    
                         arrival time                         -12.454    
  -------------------------------------------------------------------
                         slack                                  3.643    

Slack (MET) :             3.643ns  (required time - arrival time)
  Source:                 u_top/u_fixed/u_portable_architecture/data_plane/u_tx_window/entry_sequence_reg[43][0]/C
                            (rising edge-triggered cell FDRE clocked by protocol_clk  {rise@0.000ns fall@7.813ns period=15.625ns})
  Destination:            u_top/u_fixed/u_portable_architecture/data_plane/u_tx_window/duplicate_ack_count_o_reg[19]/CE
                            (rising edge-triggered cell FDCE clocked by protocol_clk  {rise@0.000ns fall@7.813ns period=15.625ns})
  Path Group:             protocol_clk
  Path Type:              Setup (Max at Slow Process Corner)
  Requirement:            15.625ns  (protocol_clk rise@15.625ns - protocol_clk rise@0.000ns)
  Data Path Delay:        11.667ns  (logic 4.723ns (40.482%)  route 6.944ns (59.518%))
  Logic Levels:           25  (CARRY4=12 LUT1=1 LUT2=1 LUT4=2 LUT5=1 LUT6=8)
  Clock Path Skew:        -0.039ns (DCD - SCD + CPR)
    Destination Clock Delay (DCD):    0.748ns = ( 16.373 - 15.625 ) 
    Source Clock Delay      (SCD):    0.787ns
    Clock Pessimism Removal (CPR):    0.000ns
  Clock Uncertainty:      0.035ns  ((TSJ^2 + TIJ^2)^1/2 + DJ) / 2 + PE
    Total System Jitter     (TSJ):    0.071ns
    Total Input Jitter      (TIJ):    0.000ns
    Discrete Jitter          (DJ):    0.000ns
    Phase Error              (PE):    0.000ns

    Location             Delay type                Incr(ns)  Path(ns)    Netlist Resource(s)
  -------------------------------------------------------------------    -------------------
                         (clock protocol_clk rise edge)
                                                      0.000     0.000 r  
                                                      0.000     0.000 r  protocol_clk_i (IN)
                         net (fo=12845, unset)        0.787     0.787    u_top/u_fixed/u_portable_architecture/data_plane/u_tx_window/protocol_clk_i
                         FDRE                                         r  u_top/u_fixed/u_portable_architecture/data_plane/u_tx_window/entry_sequence_reg[43][0]/C
  -------------------------------------------------------------------    -------------------
                         FDRE (Prop_fdre_C_Q)         0.303     1.090 r  u_top/u_fixed/u_portable_architecture/data_plane/u_tx_window/entry_sequence_reg[43][0]/Q
                         net (fo=3, unplaced)         0.797     1.887    u_top/u_fixed/u_portable_architecture/data_plane/u_tx_window/entry_sequence_reg[43]_164[0]
                         LUT6 (Prop_lut6_I0_O)        0.232     2.119 r  u_top/u_fixed/u_portable_architecture/data_plane/u_tx_window/ack_reclaimed_count[31]_i_470/O
                         net (fo=1, unplaced)         0.938     3.057    u_top/u_fixed/u_portable_architecture/data_plane/u_tx_window/ack_reclaimed_count[31]_i_470_n_0
                         LUT6 (Prop_lut6_I1_O)        0.105     3.162 r  u_top/u_fixed/u_portable_architecture/data_plane/u_tx_window/ack_reclaimed_count[31]_i_416/O
                         net (fo=1, unplaced)         0.347     3.509    u_top/u_fixed/u_portable_architecture/data_plane/u_tx_window/ack_reclaimed_count[31]_i_416_n_0
                         LUT6 (Prop_lut6_I5_O)        0.105     3.614 f  u_top/u_fixed/u_portable_architecture/data_plane/u_tx_window/ack_reclaimed_count[31]_i_171/O
                         net (fo=1, unplaced)         0.347     3.961    u_top/u_fixed/u_portable_architecture/data_plane/u_tx_window/ack_reclaimed_count[31]_i_171_n_0
                         LUT6 (Prop_lut6_I1_O)        0.105     4.066 f  u_top/u_fixed/u_portable_architecture/data_plane/u_tx_window/ack_reclaimed_count[31]_i_82/O
                         net (fo=4, unplaced)         0.371     4.437    u_top/u_fixed/u_portable_architecture/data_plane/u_tx_window/ack_reclaimed_count[31]_i_82_n_0
                         LUT1 (Prop_lut1_I0_O)        0.105     4.542 r  u_top/u_fixed/u_portable_architecture/data_plane/u_tx_window/ack_reclaimed_count[31]_i_249/O
                         net (fo=1, unplaced)         0.000     4.542    u_top/u_fixed/u_portable_architecture/data_plane/u_tx_window/ack_reclaimed_count[31]_i_249_n_0
                         CARRY4 (Prop_carry4_DI[0]_CO[3])
                                                      0.477     5.019 r  u_top/u_fixed/u_portable_architecture/data_plane/u_tx_window/ack_reclaimed_count_reg[31]_i_106/CO[3]
                         net (fo=1, unplaced)         0.008     5.027    u_top/u_fixed/u_portable_architecture/data_plane/u_tx_window/ack_reclaimed_count_reg[31]_i_106_n_0
                         CARRY4 (Prop_carry4_CI_CO[3])
                                                      0.100     5.127 r  u_top/u_fixed/u_portable_architecture/data_plane/u_tx_window/ack_reclaimed_count_reg[31]_i_105/CO[3]
                         net (fo=1, unplaced)         0.000     5.127    u_top/u_fixed/u_portable_architecture/data_plane/u_tx_window/ack_reclaimed_count_reg[31]_i_105_n_0
                         CARRY4 (Prop_carry4_CI_O[1])
                                                      0.269     5.396 f  u_top/u_fixed/u_portable_architecture/data_plane/u_tx_window/ack_reclaimed_count_reg[31]_i_54/O[1]
                         net (fo=2, unplaced)         0.483     5.879    u_top/u_fixed/u_portable_architecture/data_plane/u_tx_window/seq_distance_return4_out[9]
                         LUT4 (Prop_lut4_I0_O)        0.265     6.144 r  u_top/u_fixed/u_portable_architecture/data_plane/u_tx_window/ack_reclaimed_count[31]_i_23/O
                         net (fo=1, unplaced)         0.000     6.144    u_top/u_fixed/u_portable_architecture/data_plane/u_tx_window/ack_reclaimed_count[31]_i_23_n_0
                         CARRY4 (Prop_carry4_DI[0]_CO[3])
                                                      0.477     6.621 f  u_top/u_fixed/u_portable_architecture/data_plane/u_tx_window/ack_reclaimed_count_reg[31]_i_8/CO[3]
                         net (fo=2, unplaced)         0.781     7.402    u_top/u_fixed/u_portable_architecture/data_plane/u_tx_window/ack_scan_in_snapshot
                         LUT6 (Prop_lut6_I5_O)        0.105     7.507 r  u_top/u_fixed/u_portable_architecture/data_plane/u_tx_window/ack_reclaimed_count[31]_i_3/O
                         net (fo=107, unplaced)       0.448     7.955    u_top/u_fixed/u_portable_architecture/data_plane/u_tx_window/ack_reclaimed_count[31]_i_3_n_0
                         LUT2 (Prop_lut2_I1_O)        0.105     8.060 r  u_top/u_fixed/u_portable_architecture/data_plane/u_tx_window/duplicate_ack_count_o[31]_i_22/O
                         net (fo=1, unplaced)         0.000     8.060    u_top/u_fixed/u_portable_architecture/data_plane/u_tx_window/duplicate_ack_count_o[31]_i_22_n_0
                         CARRY4 (Prop_carry4_S[0]_CO[3])
                                                      0.423     8.483 r  u_top/u_fixed/u_portable_architecture/data_plane/u_tx_window/duplicate_ack_count_o_reg[31]_i_19/CO[3]
                         net (fo=1, unplaced)         0.008     8.491    u_top/u_fixed/u_portable_architecture/data_plane/u_tx_window/duplicate_ack_count_o_reg[31]_i_19_n_0
                         CARRY4 (Prop_carry4_CI_CO[3])
                                                      0.100     8.591 r  u_top/u_fixed/u_portable_architecture/data_plane/u_tx_window/duplicate_ack_count_o_reg[31]_i_9/CO[3]
                         net (fo=1, unplaced)         0.000     8.591    u_top/u_fixed/u_portable_architecture/data_plane/u_tx_window/duplicate_ack_count_o_reg[31]_i_9_n_0
                         CARRY4 (Prop_carry4_CI_CO[3])
                                                      0.100     8.691 r  u_top/u_fixed/u_portable_architecture/data_plane/u_tx_window/duplicate_ack_count_o_reg[31]_i_10/CO[3]
                         net (fo=1, unplaced)         0.000     8.691    u_top/u_fixed/u_portable_architecture/data_plane/u_tx_window/duplicate_ack_count_o_reg[31]_i_10_n_0
                         CARRY4 (Prop_carry4_CI_CO[3])
                                                      0.100     8.791 r  u_top/u_fixed/u_portable_architecture/data_plane/u_tx_window/duplicate_ack_count_o_reg[31]_i_18/CO[3]
                         net (fo=1, unplaced)         0.000     8.791    u_top/u_fixed/u_portable_architecture/data_plane/u_tx_window/duplicate_ack_count_o_reg[31]_i_18_n_0
                         CARRY4 (Prop_carry4_CI_CO[3])
                                                      0.100     8.891 r  u_top/u_fixed/u_portable_architecture/data_plane/u_tx_window/duplicate_ack_count_o_reg[31]_i_15/CO[3]
                         net (fo=1, unplaced)         0.000     8.891    u_top/u_fixed/u_portable_architecture/data_plane/u_tx_window/duplicate_ack_count_o_reg[31]_i_15_n_0
                         CARRY4 (Prop_carry4_CI_CO[3])
                                                      0.100     8.991 r  u_top/u_fixed/u_portable_architecture/data_plane/u_tx_window/duplicate_ack_count_o_reg[31]_i_14/CO[3]
                         net (fo=1, unplaced)         0.000     8.991    u_top/u_fixed/u_portable_architecture/data_plane/u_tx_window/duplicate_ack_count_o_reg[31]_i_14_n_0
                         CARRY4 (Prop_carry4_CI_CO[3])
                                                      0.100     9.091 r  u_top/u_fixed/u_portable_architecture/data_plane/u_tx_window/duplicate_ack_count_o_reg[31]_i_17/CO[3]
                         net (fo=1, unplaced)         0.000     9.091    u_top/u_fixed/u_portable_architecture/data_plane/u_tx_window/duplicate_ack_count_o_reg[31]_i_17_n_0
                         CARRY4 (Prop_carry4_CI_O[3])
                                                      0.277     9.368 f  u_top/u_fixed/u_portable_architecture/data_plane/u_tx_window/duplicate_ack_count_o_reg[31]_i_20/O[3]
                         net (fo=1, unplaced)         0.519     9.887    u_top/u_fixed/u_portable_architecture/data_plane/u_tx_window/completion_pulse_o2[31]
                         LUT4 (Prop_lut4_I1_O)        0.250    10.137 f  u_top/u_fixed/u_portable_architecture/data_plane/u_tx_window/duplicate_ack_count_o[31]_i_21/O
                         net (fo=1, unplaced)         0.347    10.484    u_top/u_fixed/u_portable_architecture/data_plane/u_tx_window/duplicate_ack_count_o[31]_i_21_n_0
                         LUT5 (Prop_lut5_I4_O)        0.105    10.589 f  u_top/u_fixed/u_portable_architecture/data_plane/u_tx_window/duplicate_ack_count_o[31]_i_16/O
                         net (fo=1, unplaced)         0.347    10.936    u_top/u_fixed/u_portable_architecture/data_plane/u_tx_window/duplicate_ack_count_o[31]_i_16_n_0
                         LUT6 (Prop_lut6_I5_O)        0.105    11.041 f  u_top/u_fixed/u_portable_architecture/data_plane/u_tx_window/duplicate_ack_count_o[31]_i_6/O
                         net (fo=33, unplaced)        0.419    11.460    u_top/u_fixed/u_portable_architecture/data_plane/u_tx_window/duplicate_ack_count_o[31]_i_6_n_0
                         LUT6 (Prop_lut6_I4_O)        0.105    11.565 f  u_top/u_fixed/u_portable_architecture/data_plane/u_tx_window/duplicate_ack_count_o[31]_i_3/O
                         net (fo=1, unplaced)         0.347    11.912    u_top/u_fixed/u_portable_architecture/data_plane/u_tx_window/duplicate_ack_count_o[31]_i_3_n_0
                         LUT6 (Prop_lut6_I5_O)        0.105    12.017 r  u_top/u_fixed/u_portable_architecture/data_plane/u_tx_window/duplicate_ack_count_o[31]_i_1/O
                         net (fo=32, unplaced)        0.437    12.454    u_top/u_fixed/u_portable_architecture/data_plane/u_tx_window/duplicate_ack_count_o[31]_i_1_n_0
                         FDCE                                         r  u_top/u_fixed/u_portable_architecture/data_plane/u_tx_window/duplicate_ack_count_o_reg[19]/CE
  -------------------------------------------------------------------    -------------------

                         (clock protocol_clk rise edge)
                                                     15.625    15.625 r  
                                                      0.000    15.625 r  protocol_clk_i (IN)
                         net (fo=12845, unset)        0.748    16.373    u_top/u_fixed/u_portable_architecture/data_plane/u_tx_window/protocol_clk_i
                         FDCE                                         r  u_top/u_fixed/u_portable_architecture/data_plane/u_tx_window/duplicate_ack_count_o_reg[19]/C
                         clock pessimism              0.000    16.373    
                         clock uncertainty           -0.035    16.337    
                         FDCE (Setup_fdce_C_CE)      -0.240    16.097    u_top/u_fixed/u_portable_architecture/data_plane/u_tx_window/duplicate_ack_count_o_reg[19]
  -------------------------------------------------------------------
                         required time                         16.097    
                         arrival time                         -12.454    
  -------------------------------------------------------------------
                         slack                                  3.643    

Slack (MET) :             3.643ns  (required time - arrival time)
  Source:                 u_top/u_fixed/u_portable_architecture/data_plane/u_tx_window/entry_sequence_reg[43][0]/C
                            (rising edge-triggered cell FDRE clocked by protocol_clk  {rise@0.000ns fall@7.813ns period=15.625ns})
  Destination:            u_top/u_fixed/u_portable_architecture/data_plane/u_tx_window/duplicate_ack_count_o_reg[1]/CE
                            (rising edge-triggered cell FDCE clocked by protocol_clk  {rise@0.000ns fall@7.813ns period=15.625ns})
  Path Group:             protocol_clk
  Path Type:              Setup (Max at Slow Process Corner)
  Requirement:            15.625ns  (protocol_clk rise@15.625ns - protocol_clk rise@0.000ns)
  Data Path Delay:        11.667ns  (logic 4.723ns (40.482%)  route 6.944ns (59.518%))
  Logic Levels:           25  (CARRY4=12 LUT1=1 LUT2=1 LUT4=2 LUT5=1 LUT6=8)
  Clock Path Skew:        -0.039ns (DCD - SCD + CPR)
    Destination Clock Delay (DCD):    0.748ns = ( 16.373 - 15.625 ) 
    Source Clock Delay      (SCD):    0.787ns
    Clock Pessimism Removal (CPR):    0.000ns
  Clock Uncertainty:      0.035ns  ((TSJ^2 + TIJ^2)^1/2 + DJ) / 2 + PE
    Total System Jitter     (TSJ):    0.071ns
    Total Input Jitter      (TIJ):    0.000ns
    Discrete Jitter          (DJ):    0.000ns
    Phase Error              (PE):    0.000ns

    Location             Delay type                Incr(ns)  Path(ns)    Netlist Resource(s)
  -------------------------------------------------------------------    -------------------
                         (clock protocol_clk rise edge)
                                                      0.000     0.000 r  
                                                      0.000     0.000 r  protocol_clk_i (IN)
                         net (fo=12845, unset)        0.787     0.787    u_top/u_fixed/u_portable_architecture/data_plane/u_tx_window/protocol_clk_i
                         FDRE                                         r  u_top/u_fixed/u_portable_architecture/data_plane/u_tx_window/entry_sequence_reg[43][0]/C
  -------------------------------------------------------------------    -------------------
                         FDRE (Prop_fdre_C_Q)         0.303     1.090 r  u_top/u_fixed/u_portable_architecture/data_plane/u_tx_window/entry_sequence_reg[43][0]/Q
                         net (fo=3, unplaced)         0.797     1.887    u_top/u_fixed/u_portable_architecture/data_plane/u_tx_window/entry_sequence_reg[43]_164[0]
                         LUT6 (Prop_lut6_I0_O)        0.232     2.119 r  u_top/u_fixed/u_portable_architecture/data_plane/u_tx_window/ack_reclaimed_count[31]_i_470/O
                         net (fo=1, unplaced)         0.938     3.057    u_top/u_fixed/u_portable_architecture/data_plane/u_tx_window/ack_reclaimed_count[31]_i_470_n_0
                         LUT6 (Prop_lut6_I1_O)        0.105     3.162 r  u_top/u_fixed/u_portable_architecture/data_plane/u_tx_window/ack_reclaimed_count[31]_i_416/O
                         net (fo=1, unplaced)         0.347     3.509    u_top/u_fixed/u_portable_architecture/data_plane/u_tx_window/ack_reclaimed_count[31]_i_416_n_0
                         LUT6 (Prop_lut6_I5_O)        0.105     3.614 f  u_top/u_fixed/u_portable_architecture/data_plane/u_tx_window/ack_reclaimed_count[31]_i_171/O
                         net (fo=1, unplaced)         0.347     3.961    u_top/u_fixed/u_portable_architecture/data_plane/u_tx_window/ack_reclaimed_count[31]_i_171_n_0
                         LUT6 (Prop_lut6_I1_O)        0.105     4.066 f  u_top/u_fixed/u_portable_architecture/data_plane/u_tx_window/ack_reclaimed_count[31]_i_82/O
                         net (fo=4, unplaced)         0.371     4.437    u_top/u_fixed/u_portable_architecture/data_plane/u_tx_window/ack_reclaimed_count[31]_i_82_n_0
                         LUT1 (Prop_lut1_I0_O)        0.105     4.542 r  u_top/u_fixed/u_portable_architecture/data_plane/u_tx_window/ack_reclaimed_count[31]_i_249/O
                         net (fo=1, unplaced)         0.000     4.542    u_top/u_fixed/u_portable_architecture/data_plane/u_tx_window/ack_reclaimed_count[31]_i_249_n_0
                         CARRY4 (Prop_carry4_DI[0]_CO[3])
                                                      0.477     5.019 r  u_top/u_fixed/u_portable_architecture/data_plane/u_tx_window/ack_reclaimed_count_reg[31]_i_106/CO[3]
                         net (fo=1, unplaced)         0.008     5.027    u_top/u_fixed/u_portable_architecture/data_plane/u_tx_window/ack_reclaimed_count_reg[31]_i_106_n_0
                         CARRY4 (Prop_carry4_CI_CO[3])
                                                      0.100     5.127 r  u_top/u_fixed/u_portable_architecture/data_plane/u_tx_window/ack_reclaimed_count_reg[31]_i_105/CO[3]
                         net (fo=1, unplaced)         0.000     5.127    u_top/u_fixed/u_portable_architecture/data_plane/u_tx_window/ack_reclaimed_count_reg[31]_i_105_n_0
                         CARRY4 (Prop_carry4_CI_O[1])
                                                      0.269     5.396 f  u_top/u_fixed/u_portable_architecture/data_plane/u_tx_window/ack_reclaimed_count_reg[31]_i_54/O[1]
                         net (fo=2, unplaced)         0.483     5.879    u_top/u_fixed/u_portable_architecture/data_plane/u_tx_window/seq_distance_return4_out[9]
                         LUT4 (Prop_lut4_I0_O)        0.265     6.144 r  u_top/u_fixed/u_portable_architecture/data_plane/u_tx_window/ack_reclaimed_count[31]_i_23/O
                         net (fo=1, unplaced)         0.000     6.144    u_top/u_fixed/u_portable_architecture/data_plane/u_tx_window/ack_reclaimed_count[31]_i_23_n_0
                         CARRY4 (Prop_carry4_DI[0]_CO[3])
                                                      0.477     6.621 f  u_top/u_fixed/u_portable_architecture/data_plane/u_tx_window/ack_reclaimed_count_reg[31]_i_8/CO[3]
                         net (fo=2, unplaced)         0.781     7.402    u_top/u_fixed/u_portable_architecture/data_plane/u_tx_window/ack_scan_in_snapshot
                         LUT6 (Prop_lut6_I5_O)        0.105     7.507 r  u_top/u_fixed/u_portable_architecture/data_plane/u_tx_window/ack_reclaimed_count[31]_i_3/O
                         net (fo=107, unplaced)       0.448     7.955    u_top/u_fixed/u_portable_architecture/data_plane/u_tx_window/ack_reclaimed_count[31]_i_3_n_0
                         LUT2 (Prop_lut2_I1_O)        0.105     8.060 r  u_top/u_fixed/u_portable_architecture/data_plane/u_tx_window/duplicate_ack_count_o[31]_i_22/O
                         net (fo=1, unplaced)         0.000     8.060    u_top/u_fixed/u_portable_architecture/data_plane/u_tx_window/duplicate_ack_count_o[31]_i_22_n_0
                         CARRY4 (Prop_carry4_S[0]_CO[3])
                                                      0.423     8.483 r  u_top/u_fixed/u_portable_architecture/data_plane/u_tx_window/duplicate_ack_count_o_reg[31]_i_19/CO[3]
                         net (fo=1, unplaced)         0.008     8.491    u_top/u_fixed/u_portable_architecture/data_plane/u_tx_window/duplicate_ack_count_o_reg[31]_i_19_n_0
                         CARRY4 (Prop_carry4_CI_CO[3])
                                                      0.100     8.591 r  u_top/u_fixed/u_portable_architecture/data_plane/u_tx_window/duplicate_ack_count_o_reg[31]_i_9/CO[3]
                         net (fo=1, unplaced)         0.000     8.591    u_top/u_fixed/u_portable_architecture/data_plane/u_tx_window/duplicate_ack_count_o_reg[31]_i_9_n_0
                         CARRY4 (Prop_carry4_CI_CO[3])
                                                      0.100     8.691 r  u_top/u_fixed/u_portable_architecture/data_plane/u_tx_window/duplicate_ack_count_o_reg[31]_i_10/CO[3]
                         net (fo=1, unplaced)         0.000     8.691    u_top/u_fixed/u_portable_architecture/data_plane/u_tx_window/duplicate_ack_count_o_reg[31]_i_10_n_0
                         CARRY4 (Prop_carry4_CI_CO[3])
                                                      0.100     8.791 r  u_top/u_fixed/u_portable_architecture/data_plane/u_tx_window/duplicate_ack_count_o_reg[31]_i_18/CO[3]
                         net (fo=1, unplaced)         0.000     8.791    u_top/u_fixed/u_portable_architecture/data_plane/u_tx_window/duplicate_ack_count_o_reg[31]_i_18_n_0
                         CARRY4 (Prop_carry4_CI_CO[3])
                                                      0.100     8.891 r  u_top/u_fixed/u_portable_architecture/data_plane/u_tx_window/duplicate_ack_count_o_reg[31]_i_15/CO[3]
                         net (fo=1, unplaced)         0.000     8.891    u_top/u_fixed/u_portable_architecture/data_plane/u_tx_window/duplicate_ack_count_o_reg[31]_i_15_n_0
                         CARRY4 (Prop_carry4_CI_CO[3])
                                                      0.100     8.991 r  u_top/u_fixed/u_portable_architecture/data_plane/u_tx_window/duplicate_ack_count_o_reg[31]_i_14/CO[3]
                         net (fo=1, unplaced)         0.000     8.991    u_top/u_fixed/u_portable_architecture/data_plane/u_tx_window/duplicate_ack_count_o_reg[31]_i_14_n_0
                         CARRY4 (Prop_carry4_CI_CO[3])
                                                      0.100     9.091 r  u_top/u_fixed/u_portable_architecture/data_plane/u_tx_window/duplicate_ack_count_o_reg[31]_i_17/CO[3]
                         net (fo=1, unplaced)         0.000     9.091    u_top/u_fixed/u_portable_architecture/data_plane/u_tx_window/duplicate_ack_count_o_reg[31]_i_17_n_0
                         CARRY4 (Prop_carry4_CI_O[3])
                                                      0.277     9.368 f  u_top/u_fixed/u_portable_architecture/data_plane/u_tx_window/duplicate_ack_count_o_reg[31]_i_20/O[3]
                         net (fo=1, unplaced)         0.519     9.887    u_top/u_fixed/u_portable_architecture/data_plane/u_tx_window/completion_pulse_o2[31]
                         LUT4 (Prop_lut4_I1_O)        0.250    10.137 f  u_top/u_fixed/u_portable_architecture/data_plane/u_tx_window/duplicate_ack_count_o[31]_i_21/O
                         net (fo=1, unplaced)         0.347    10.484    u_top/u_fixed/u_portable_architecture/data_plane/u_tx_window/duplicate_ack_count_o[31]_i_21_n_0
                         LUT5 (Prop_lut5_I4_O)        0.105    10.589 f  u_top/u_fixed/u_portable_architecture/data_plane/u_tx_window/duplicate_ack_count_o[31]_i_16/O
                         net (fo=1, unplaced)         0.347    10.936    u_top/u_fixed/u_portable_architecture/data_plane/u_tx_window/duplicate_ack_count_o[31]_i_16_n_0
                         LUT6 (Prop_lut6_I5_O)        0.105    11.041 f  u_top/u_fixed/u_portable_architecture/data_plane/u_tx_window/duplicate_ack_count_o[31]_i_6/O
                         net (fo=33, unplaced)        0.419    11.460    u_top/u_fixed/u_portable_architecture/data_plane/u_tx_window/duplicate_ack_count_o[31]_i_6_n_0
                         LUT6 (Prop_lut6_I4_O)        0.105    11.565 f  u_top/u_fixed/u_portable_architecture/data_plane/u_tx_window/duplicate_ack_count_o[31]_i_3/O
                         net (fo=1, unplaced)         0.347    11.912    u_top/u_fixed/u_portable_architecture/data_plane/u_tx_window/duplicate_ack_count_o[31]_i_3_n_0
                         LUT6 (Prop_lut6_I5_O)        0.105    12.017 r  u_top/u_fixed/u_portable_architecture/data_plane/u_tx_window/duplicate_ack_count_o[31]_i_1/O
                         net (fo=32, unplaced)        0.437    12.454    u_top/u_fixed/u_portable_architecture/data_plane/u_tx_window/duplicate_ack_count_o[31]_i_1_n_0
                         FDCE                                         r  u_top/u_fixed/u_portable_architecture/data_plane/u_tx_window/duplicate_ack_count_o_reg[1]/CE
  -------------------------------------------------------------------    -------------------

                         (clock protocol_clk rise edge)
                                                     15.625    15.625 r  
                                                      0.000    15.625 r  protocol_clk_i (IN)
                         net (fo=12845, unset)        0.748    16.373    u_top/u_fixed/u_portable_architecture/data_plane/u_tx_window/protocol_clk_i
                         FDCE                                         r  u_top/u_fixed/u_portable_architecture/data_plane/u_tx_window/duplicate_ack_count_o_reg[1]/C
                         clock pessimism              0.000    16.373    
                         clock uncertainty           -0.035    16.337    
                         FDCE (Setup_fdce_C_CE)      -0.240    16.097    u_top/u_fixed/u_portable_architecture/data_plane/u_tx_window/duplicate_ack_count_o_reg[1]
  -------------------------------------------------------------------
                         required time                         16.097    
                         arrival time                         -12.454    
  -------------------------------------------------------------------
                         slack                                  3.643    

Slack (MET) :             3.643ns  (required time - arrival time)
  Source:                 u_top/u_fixed/u_portable_architecture/data_plane/u_tx_window/entry_sequence_reg[43][0]/C
                            (rising edge-triggered cell FDRE clocked by protocol_clk  {rise@0.000ns fall@7.813ns period=15.625ns})
  Destination:            u_top/u_fixed/u_portable_architecture/data_plane/u_tx_window/duplicate_ack_count_o_reg[20]/CE
                            (rising edge-triggered cell FDCE clocked by protocol_clk  {rise@0.000ns fall@7.813ns period=15.625ns})
  Path Group:             protocol_clk
  Path Type:              Setup (Max at Slow Process Corner)
  Requirement:            15.625ns  (protocol_clk rise@15.625ns - protocol_clk rise@0.000ns)
  Data Path Delay:        11.667ns  (logic 4.723ns (40.482%)  route 6.944ns (59.518%))
  Logic Levels:           25  (CARRY4=12 LUT1=1 LUT2=1 LUT4=2 LUT5=1 LUT6=8)
  Clock Path Skew:        -0.039ns (DCD - SCD + CPR)
    Destination Clock Delay (DCD):    0.748ns = ( 16.373 - 15.625 ) 
    Source Clock Delay      (SCD):    0.787ns
    Clock Pessimism Removal (CPR):    0.000ns
  Clock Uncertainty:      0.035ns  ((TSJ^2 + TIJ^2)^1/2 + DJ) / 2 + PE
    Total System Jitter     (TSJ):    0.071ns
    Total Input Jitter      (TIJ):    0.000ns
    Discrete Jitter          (DJ):    0.000ns
    Phase Error              (PE):    0.000ns

    Location             Delay type                Incr(ns)  Path(ns)    Netlist Resource(s)
  -------------------------------------------------------------------    -------------------
                         (clock protocol_clk rise edge)
                                                      0.000     0.000 r  
                                                      0.000     0.000 r  protocol_clk_i (IN)
                         net (fo=12845, unset)        0.787     0.787    u_top/u_fixed/u_portable_architecture/data_plane/u_tx_window/protocol_clk_i
                         FDRE                                         r  u_top/u_fixed/u_portable_architecture/data_plane/u_tx_window/entry_sequence_reg[43][0]/C
  -------------------------------------------------------------------    -------------------
                         FDRE (Prop_fdre_C_Q)         0.303     1.090 r  u_top/u_fixed/u_portable_architecture/data_plane/u_tx_window/entry_sequence_reg[43][0]/Q
                         net (fo=3, unplaced)         0.797     1.887    u_top/u_fixed/u_portable_architecture/data_plane/u_tx_window/entry_sequence_reg[43]_164[0]
                         LUT6 (Prop_lut6_I0_O)        0.232     2.119 r  u_top/u_fixed/u_portable_architecture/data_plane/u_tx_window/ack_reclaimed_count[31]_i_470/O
                         net (fo=1, unplaced)         0.938     3.057    u_top/u_fixed/u_portable_architecture/data_plane/u_tx_window/ack_reclaimed_count[31]_i_470_n_0
                         LUT6 (Prop_lut6_I1_O)        0.105     3.162 r  u_top/u_fixed/u_portable_architecture/data_plane/u_tx_window/ack_reclaimed_count[31]_i_416/O
                         net (fo=1, unplaced)         0.347     3.509    u_top/u_fixed/u_portable_architecture/data_plane/u_tx_window/ack_reclaimed_count[31]_i_416_n_0
                         LUT6 (Prop_lut6_I5_O)        0.105     3.614 f  u_top/u_fixed/u_portable_architecture/data_plane/u_tx_window/ack_reclaimed_count[31]_i_171/O
                         net (fo=1, unplaced)         0.347     3.961    u_top/u_fixed/u_portable_architecture/data_plane/u_tx_window/ack_reclaimed_count[31]_i_171_n_0
                         LUT6 (Prop_lut6_I1_O)        0.105     4.066 f  u_top/u_fixed/u_portable_architecture/data_plane/u_tx_window/ack_reclaimed_count[31]_i_82/O
                         net (fo=4, unplaced)         0.371     4.437    u_top/u_fixed/u_portable_architecture/data_plane/u_tx_window/ack_reclaimed_count[31]_i_82_n_0
                         LUT1 (Prop_lut1_I0_O)        0.105     4.542 r  u_top/u_fixed/u_portable_architecture/data_plane/u_tx_window/ack_reclaimed_count[31]_i_249/O
                         net (fo=1, unplaced)         0.000     4.542    u_top/u_fixed/u_portable_architecture/data_plane/u_tx_window/ack_reclaimed_count[31]_i_249_n_0
                         CARRY4 (Prop_carry4_DI[0]_CO[3])
                                                      0.477     5.019 r  u_top/u_fixed/u_portable_architecture/data_plane/u_tx_window/ack_reclaimed_count_reg[31]_i_106/CO[3]
                         net (fo=1, unplaced)         0.008     5.027    u_top/u_fixed/u_portable_architecture/data_plane/u_tx_window/ack_reclaimed_count_reg[31]_i_106_n_0
                         CARRY4 (Prop_carry4_CI_CO[3])
                                                      0.100     5.127 r  u_top/u_fixed/u_portable_architecture/data_plane/u_tx_window/ack_reclaimed_count_reg[31]_i_105/CO[3]
                         net (fo=1, unplaced)         0.000     5.127    u_top/u_fixed/u_portable_architecture/data_plane/u_tx_window/ack_reclaimed_count_reg[31]_i_105_n_0
                         CARRY4 (Prop_carry4_CI_O[1])
                                                      0.269     5.396 f  u_top/u_fixed/u_portable_architecture/data_plane/u_tx_window/ack_reclaimed_count_reg[31]_i_54/O[1]
                         net (fo=2, unplaced)         0.483     5.879    u_top/u_fixed/u_portable_architecture/data_plane/u_tx_window/seq_distance_return4_out[9]
                         LUT4 (Prop_lut4_I0_O)        0.265     6.144 r  u_top/u_fixed/u_portable_architecture/data_plane/u_tx_window/ack_reclaimed_count[31]_i_23/O
                         net (fo=1, unplaced)         0.000     6.144    u_top/u_fixed/u_portable_architecture/data_plane/u_tx_window/ack_reclaimed_count[31]_i_23_n_0
                         CARRY4 (Prop_carry4_DI[0]_CO[3])
                                                      0.477     6.621 f  u_top/u_fixed/u_portable_architecture/data_plane/u_tx_window/ack_reclaimed_count_reg[31]_i_8/CO[3]
                         net (fo=2, unplaced)         0.781     7.402    u_top/u_fixed/u_portable_architecture/data_plane/u_tx_window/ack_scan_in_snapshot
                         LUT6 (Prop_lut6_I5_O)        0.105     7.507 r  u_top/u_fixed/u_portable_architecture/data_plane/u_tx_window/ack_reclaimed_count[31]_i_3/O
                         net (fo=107, unplaced)       0.448     7.955    u_top/u_fixed/u_portable_architecture/data_plane/u_tx_window/ack_reclaimed_count[31]_i_3_n_0
                         LUT2 (Prop_lut2_I1_O)        0.105     8.060 r  u_top/u_fixed/u_portable_architecture/data_plane/u_tx_window/duplicate_ack_count_o[31]_i_22/O
                         net (fo=1, unplaced)         0.000     8.060    u_top/u_fixed/u_portable_architecture/data_plane/u_tx_window/duplicate_ack_count_o[31]_i_22_n_0
                         CARRY4 (Prop_carry4_S[0]_CO[3])
                                                      0.423     8.483 r  u_top/u_fixed/u_portable_architecture/data_plane/u_tx_window/duplicate_ack_count_o_reg[31]_i_19/CO[3]
                         net (fo=1, unplaced)         0.008     8.491    u_top/u_fixed/u_portable_architecture/data_plane/u_tx_window/duplicate_ack_count_o_reg[31]_i_19_n_0
                         CARRY4 (Prop_carry4_CI_CO[3])
                                                      0.100     8.591 r  u_top/u_fixed/u_portable_architecture/data_plane/u_tx_window/duplicate_ack_count_o_reg[31]_i_9/CO[3]
                         net (fo=1, unplaced)         0.000     8.591    u_top/u_fixed/u_portable_architecture/data_plane/u_tx_window/duplicate_ack_count_o_reg[31]_i_9_n_0
                         CARRY4 (Prop_carry4_CI_CO[3])
                                                      0.100     8.691 r  u_top/u_fixed/u_portable_architecture/data_plane/u_tx_window/duplicate_ack_count_o_reg[31]_i_10/CO[3]
                         net (fo=1, unplaced)         0.000     8.691    u_top/u_fixed/u_portable_architecture/data_plane/u_tx_window/duplicate_ack_count_o_reg[31]_i_10_n_0
                         CARRY4 (Prop_carry4_CI_CO[3])
                                                      0.100     8.791 r  u_top/u_fixed/u_portable_architecture/data_plane/u_tx_window/duplicate_ack_count_o_reg[31]_i_18/CO[3]
                         net (fo=1, unplaced)         0.000     8.791    u_top/u_fixed/u_portable_architecture/data_plane/u_tx_window/duplicate_ack_count_o_reg[31]_i_18_n_0
                         CARRY4 (Prop_carry4_CI_CO[3])
                                                      0.100     8.891 r  u_top/u_fixed/u_portable_architecture/data_plane/u_tx_window/duplicate_ack_count_o_reg[31]_i_15/CO[3]
                         net (fo=1, unplaced)         0.000     8.891    u_top/u_fixed/u_portable_architecture/data_plane/u_tx_window/duplicate_ack_count_o_reg[31]_i_15_n_0
                         CARRY4 (Prop_carry4_CI_CO[3])
                                                      0.100     8.991 r  u_top/u_fixed/u_portable_architecture/data_plane/u_tx_window/duplicate_ack_count_o_reg[31]_i_14/CO[3]
                         net (fo=1, unplaced)         0.000     8.991    u_top/u_fixed/u_portable_architecture/data_plane/u_tx_window/duplicate_ack_count_o_reg[31]_i_14_n_0
                         CARRY4 (Prop_carry4_CI_CO[3])
                                                      0.100     9.091 r  u_top/u_fixed/u_portable_architecture/data_plane/u_tx_window/duplicate_ack_count_o_reg[31]_i_17/CO[3]
                         net (fo=1, unplaced)         0.000     9.091    u_top/u_fixed/u_portable_architecture/data_plane/u_tx_window/duplicate_ack_count_o_reg[31]_i_17_n_0
                         CARRY4 (Prop_carry4_CI_O[3])
                                                      0.277     9.368 f  u_top/u_fixed/u_portable_architecture/data_plane/u_tx_window/duplicate_ack_count_o_reg[31]_i_20/O[3]
                         net (fo=1, unplaced)         0.519     9.887    u_top/u_fixed/u_portable_architecture/data_plane/u_tx_window/completion_pulse_o2[31]
                         LUT4 (Prop_lut4_I1_O)        0.250    10.137 f  u_top/u_fixed/u_portable_architecture/data_plane/u_tx_window/duplicate_ack_count_o[31]_i_21/O
                         net (fo=1, unplaced)         0.347    10.484    u_top/u_fixed/u_portable_architecture/data_plane/u_tx_window/duplicate_ack_count_o[31]_i_21_n_0
                         LUT5 (Prop_lut5_I4_O)        0.105    10.589 f  u_top/u_fixed/u_portable_architecture/data_plane/u_tx_window/duplicate_ack_count_o[31]_i_16/O
                         net (fo=1, unplaced)         0.347    10.936    u_top/u_fixed/u_portable_architecture/data_plane/u_tx_window/duplicate_ack_count_o[31]_i_16_n_0
                         LUT6 (Prop_lut6_I5_O)        0.105    11.041 f  u_top/u_fixed/u_portable_architecture/data_plane/u_tx_window/duplicate_ack_count_o[31]_i_6/O
                         net (fo=33, unplaced)        0.419    11.460    u_top/u_fixed/u_portable_architecture/data_plane/u_tx_window/duplicate_ack_count_o[31]_i_6_n_0
                         LUT6 (Prop_lut6_I4_O)        0.105    11.565 f  u_top/u_fixed/u_portable_architecture/data_plane/u_tx_window/duplicate_ack_count_o[31]_i_3/O
                         net (fo=1, unplaced)         0.347    11.912    u_top/u_fixed/u_portable_architecture/data_plane/u_tx_window/duplicate_ack_count_o[31]_i_3_n_0
                         LUT6 (Prop_lut6_I5_O)        0.105    12.017 r  u_top/u_fixed/u_portable_architecture/data_plane/u_tx_window/duplicate_ack_count_o[31]_i_1/O
                         net (fo=32, unplaced)        0.437    12.454    u_top/u_fixed/u_portable_architecture/data_plane/u_tx_window/duplicate_ack_count_o[31]_i_1_n_0
                         FDCE                                         r  u_top/u_fixed/u_portable_architecture/data_plane/u_tx_window/duplicate_ack_count_o_reg[20]/CE
  -------------------------------------------------------------------    -------------------

                         (clock protocol_clk rise edge)
                                                     15.625    15.625 r  
                                                      0.000    15.625 r  protocol_clk_i (IN)
                         net (fo=12845, unset)        0.748    16.373    u_top/u_fixed/u_portable_architecture/data_plane/u_tx_window/protocol_clk_i
                         FDCE                                         r  u_top/u_fixed/u_portable_architecture/data_plane/u_tx_window/duplicate_ack_count_o_reg[20]/C
                         clock pessimism              0.000    16.373    
                         clock uncertainty           -0.035    16.337    
                         FDCE (Setup_fdce_C_CE)      -0.240    16.097    u_top/u_fixed/u_portable_architecture/data_plane/u_tx_window/duplicate_ack_count_o_reg[20]
  -------------------------------------------------------------------
                         required time                         16.097    
                         arrival time                         -12.454    
  -------------------------------------------------------------------
                         slack                                  3.643    





Min Delay Paths
--------------------------------------------------------------------------------------
Slack (MET) :             0.168ns  (arrival time - required time)
  Source:                 u_top/u_fixed/u_abort_sync/sync_pipe_reg[0]/C
                            (rising edge-triggered cell FDCE clocked by protocol_clk  {rise@0.000ns fall@7.813ns period=15.625ns})
  Destination:            u_top/u_fixed/u_abort_sync/sync_pipe_reg[1]/D
                            (rising edge-triggered cell FDCE clocked by protocol_clk  {rise@0.000ns fall@7.813ns period=15.625ns})
  Path Group:             protocol_clk
  Path Type:              Hold (Min at Fast Process Corner)
  Requirement:            0.000ns  (protocol_clk rise@0.000ns - protocol_clk rise@0.000ns)
  Data Path Delay:        0.191ns  (logic 0.118ns (61.813%)  route 0.073ns (38.187%))
  Logic Levels:           0  
  Clock Path Skew:        0.021ns (DCD - SCD - CPR)
    Destination Clock Delay (DCD):    0.411ns
    Source Clock Delay      (SCD):    0.390ns
    Clock Pessimism Removal (CPR):    -0.000ns

    Location             Delay type                Incr(ns)  Path(ns)    Netlist Resource(s)
  -------------------------------------------------------------------    -------------------
                         (clock protocol_clk rise edge)
                                                      0.000     0.000 r  
                                                      0.000     0.000 r  protocol_clk_i (IN)
                         net (fo=12845, unset)        0.390     0.390    u_top/u_fixed/u_abort_sync/protocol_clk_i
                         FDCE                                         r  u_top/u_fixed/u_abort_sync/sync_pipe_reg[0]/C
  -------------------------------------------------------------------    -------------------
                         FDCE (Prop_fdce_C_Q)         0.118     0.508 r  u_top/u_fixed/u_abort_sync/sync_pipe_reg[0]/Q
                         net (fo=1, unplaced)         0.073     0.581    u_top/u_fixed/u_abort_sync/sync_pipe[0]
                         FDCE                                         r  u_top/u_fixed/u_abort_sync/sync_pipe_reg[1]/D
  -------------------------------------------------------------------    -------------------

                         (clock protocol_clk rise edge)
                                                      0.000     0.000 r  
                                                      0.000     0.000 r  protocol_clk_i (IN)
                         net (fo=12845, unset)        0.411     0.411    u_top/u_fixed/u_abort_sync/protocol_clk_i
                         FDCE                                         r  u_top/u_fixed/u_abort_sync/sync_pipe_reg[1]/C
                         clock pessimism              0.000     0.411    
                         FDCE (Hold_fdce_C_D)         0.002     0.413    u_top/u_fixed/u_abort_sync/sync_pipe_reg[1]
  -------------------------------------------------------------------
                         required time                         -0.413    
                         arrival time                           0.581    
  -------------------------------------------------------------------
                         slack                                  0.168    

Slack (MET) :             0.168ns  (arrival time - required time)
  Source:                 u_top/u_fixed/u_arm_sync/sync_pipe_reg[0]/C
                            (rising edge-triggered cell FDCE clocked by protocol_clk  {rise@0.000ns fall@7.813ns period=15.625ns})
  Destination:            u_top/u_fixed/u_arm_sync/sync_pipe_reg[1]/D
                            (rising edge-triggered cell FDCE clocked by protocol_clk  {rise@0.000ns fall@7.813ns period=15.625ns})
  Path Group:             protocol_clk
  Path Type:              Hold (Min at Fast Process Corner)
  Requirement:            0.000ns  (protocol_clk rise@0.000ns - protocol_clk rise@0.000ns)
  Data Path Delay:        0.191ns  (logic 0.118ns (61.813%)  route 0.073ns (38.187%))
  Logic Levels:           0  
  Clock Path Skew:        0.021ns (DCD - SCD - CPR)
    Destination Clock Delay (DCD):    0.411ns
    Source Clock Delay      (SCD):    0.390ns
    Clock Pessimism Removal (CPR):    -0.000ns

    Location             Delay type                Incr(ns)  Path(ns)    Netlist Resource(s)
  -------------------------------------------------------------------    -------------------
                         (clock protocol_clk rise edge)
                                                      0.000     0.000 r  
                                                      0.000     0.000 r  protocol_clk_i (IN)
                         net (fo=12845, unset)        0.390     0.390    u_top/u_fixed/u_arm_sync/protocol_clk_i
                         FDCE                                         r  u_top/u_fixed/u_arm_sync/sync_pipe_reg[0]/C
  -------------------------------------------------------------------    -------------------
                         FDCE (Prop_fdce_C_Q)         0.118     0.508 r  u_top/u_fixed/u_arm_sync/sync_pipe_reg[0]/Q
                         net (fo=1, unplaced)         0.073     0.581    u_top/u_fixed/u_arm_sync/sync_pipe[0]
                         FDCE                                         r  u_top/u_fixed/u_arm_sync/sync_pipe_reg[1]/D
  -------------------------------------------------------------------    -------------------

                         (clock protocol_clk rise edge)
                                                      0.000     0.000 r  
                                                      0.000     0.000 r  protocol_clk_i (IN)
                         net (fo=12845, unset)        0.411     0.411    u_top/u_fixed/u_arm_sync/protocol_clk_i
                         FDCE                                         r  u_top/u_fixed/u_arm_sync/sync_pipe_reg[1]/C
                         clock pessimism              0.000     0.411    
                         FDCE (Hold_fdce_C_D)         0.002     0.413    u_top/u_fixed/u_arm_sync/sync_pipe_reg[1]
  -------------------------------------------------------------------
                         required time                         -0.413    
                         arrival time                           0.581    
  -------------------------------------------------------------------
                         slack                                  0.168    

Slack (MET) :             0.168ns  (arrival time - required time)
  Source:                 u_top/u_fixed/u_dma_kick_sync/request_sync_reg[0]/C
                            (rising edge-triggered cell FDCE clocked by protocol_clk  {rise@0.000ns fall@7.813ns period=15.625ns})
  Destination:            u_top/u_fixed/u_dma_kick_sync/request_sync_reg[1]/D
                            (rising edge-triggered cell FDCE clocked by protocol_clk  {rise@0.000ns fall@7.813ns period=15.625ns})
  Path Group:             protocol_clk
  Path Type:              Hold (Min at Fast Process Corner)
  Requirement:            0.000ns  (protocol_clk rise@0.000ns - protocol_clk rise@0.000ns)
  Data Path Delay:        0.191ns  (logic 0.118ns (61.813%)  route 0.073ns (38.187%))
  Logic Levels:           0  
  Clock Path Skew:        0.021ns (DCD - SCD - CPR)
    Destination Clock Delay (DCD):    0.411ns
    Source Clock Delay      (SCD):    0.390ns
    Clock Pessimism Removal (CPR):    -0.000ns

    Location             Delay type                Incr(ns)  Path(ns)    Netlist Resource(s)
  -------------------------------------------------------------------    -------------------
                         (clock protocol_clk rise edge)
                                                      0.000     0.000 r  
                                                      0.000     0.000 r  protocol_clk_i (IN)
                         net (fo=12845, unset)        0.390     0.390    u_top/u_fixed/u_dma_kick_sync/protocol_clk_i
                         FDCE                                         r  u_top/u_fixed/u_dma_kick_sync/request_sync_reg[0]/C
  -------------------------------------------------------------------    -------------------
                         FDCE (Prop_fdce_C_Q)         0.118     0.508 r  u_top/u_fixed/u_dma_kick_sync/request_sync_reg[0]/Q
                         net (fo=1, unplaced)         0.073     0.581    u_top/u_fixed/u_dma_kick_sync/request_sync[0]
                         FDCE                                         r  u_top/u_fixed/u_dma_kick_sync/request_sync_reg[1]/D
  -------------------------------------------------------------------    -------------------

                         (clock protocol_clk rise edge)
                                                      0.000     0.000 r  
                                                      0.000     0.000 r  protocol_clk_i (IN)
                         net (fo=12845, unset)        0.411     0.411    u_top/u_fixed/u_dma_kick_sync/protocol_clk_i
                         FDCE                                         r  u_top/u_fixed/u_dma_kick_sync/request_sync_reg[1]/C
                         clock pessimism              0.000     0.411    
                         FDCE (Hold_fdce_C_D)         0.002     0.413    u_top/u_fixed/u_dma_kick_sync/request_sync_reg[1]
  -------------------------------------------------------------------
                         required time                         -0.413    
                         arrival time                           0.581    
  -------------------------------------------------------------------
                         slack                                  0.168    

Slack (MET) :             0.168ns  (arrival time - required time)
  Source:                 u_top/u_fixed/u_protocol_reset/reset_pipe_reg[0]/C
                            (rising edge-triggered cell FDCE clocked by protocol_clk  {rise@0.000ns fall@7.813ns period=15.625ns})
  Destination:            u_top/u_fixed/u_protocol_reset/reset_pipe_reg[1]/D
                            (rising edge-triggered cell FDCE clocked by protocol_clk  {rise@0.000ns fall@7.813ns period=15.625ns})
  Path Group:             protocol_clk
  Path Type:              Hold (Min at Fast Process Corner)
  Requirement:            0.000ns  (protocol_clk rise@0.000ns - protocol_clk rise@0.000ns)
  Data Path Delay:        0.191ns  (logic 0.118ns (61.813%)  route 0.073ns (38.187%))
  Logic Levels:           0  
  Clock Path Skew:        0.021ns (DCD - SCD - CPR)
    Destination Clock Delay (DCD):    0.411ns
    Source Clock Delay      (SCD):    0.390ns
    Clock Pessimism Removal (CPR):    -0.000ns

    Location             Delay type                Incr(ns)  Path(ns)    Netlist Resource(s)
  -------------------------------------------------------------------    -------------------
                         (clock protocol_clk rise edge)
                                                      0.000     0.000 r  
                                                      0.000     0.000 r  protocol_clk_i (IN)
                         net (fo=12845, unset)        0.390     0.390    u_top/u_fixed/u_protocol_reset/protocol_clk_i
                         FDCE                                         r  u_top/u_fixed/u_protocol_reset/reset_pipe_reg[0]/C
  -------------------------------------------------------------------    -------------------
                         FDCE (Prop_fdce_C_Q)         0.118     0.508 r  u_top/u_fixed/u_protocol_reset/reset_pipe_reg[0]/Q
                         net (fo=1, unplaced)         0.073     0.581    u_top/u_fixed/u_protocol_reset/reset_pipe[0]
                         FDCE                                         r  u_top/u_fixed/u_protocol_reset/reset_pipe_reg[1]/D
  -------------------------------------------------------------------    -------------------

                         (clock protocol_clk rise edge)
                                                      0.000     0.000 r  
                                                      0.000     0.000 r  protocol_clk_i (IN)
                         net (fo=12845, unset)        0.411     0.411    u_top/u_fixed/u_protocol_reset/protocol_clk_i
                         FDCE                                         r  u_top/u_fixed/u_protocol_reset/reset_pipe_reg[1]/C
                         clock pessimism              0.000     0.411    
                         FDCE (Hold_fdce_C_D)         0.002     0.413    u_top/u_fixed/u_protocol_reset/reset_pipe_reg[1]
  -------------------------------------------------------------------
                         required time                         -0.413    
                         arrival time                           0.581    
  -------------------------------------------------------------------
                         slack                                  0.168    

Slack (MET) :             0.168ns  (arrival time - required time)
  Source:                 u_top/u_fixed/u_protocol_reset/reset_pipe_reg[1]/C
                            (rising edge-triggered cell FDCE clocked by protocol_clk  {rise@0.000ns fall@7.813ns period=15.625ns})
  Destination:            u_top/u_fixed/u_protocol_reset/reset_pipe_reg[2]/D
                            (rising edge-triggered cell FDCE clocked by protocol_clk  {rise@0.000ns fall@7.813ns period=15.625ns})
  Path Group:             protocol_clk
  Path Type:              Hold (Min at Fast Process Corner)
  Requirement:            0.000ns  (protocol_clk rise@0.000ns - protocol_clk rise@0.000ns)
  Data Path Delay:        0.191ns  (logic 0.118ns (61.813%)  route 0.073ns (38.187%))
  Logic Levels:           0  
  Clock Path Skew:        0.021ns (DCD - SCD - CPR)
    Destination Clock Delay (DCD):    0.411ns
    Source Clock Delay      (SCD):    0.390ns
    Clock Pessimism Removal (CPR):    -0.000ns

    Location             Delay type                Incr(ns)  Path(ns)    Netlist Resource(s)
  -------------------------------------------------------------------    -------------------
                         (clock protocol_clk rise edge)
                                                      0.000     0.000 r  
                                                      0.000     0.000 r  protocol_clk_i (IN)
                         net (fo=12845, unset)        0.390     0.390    u_top/u_fixed/u_protocol_reset/protocol_clk_i
                         FDCE                                         r  u_top/u_fixed/u_protocol_reset/reset_pipe_reg[1]/C
  -------------------------------------------------------------------    -------------------
                         FDCE (Prop_fdce_C_Q)         0.118     0.508 r  u_top/u_fixed/u_protocol_reset/reset_pipe_reg[1]/Q
                         net (fo=1, unplaced)         0.073     0.581    u_top/u_fixed/u_protocol_reset/reset_pipe[1]
                         FDCE                                         r  u_top/u_fixed/u_protocol_reset/reset_pipe_reg[2]/D
  -------------------------------------------------------------------    -------------------

                         (clock protocol_clk rise edge)
                                                      0.000     0.000 r  
                                                      0.000     0.000 r  protocol_clk_i (IN)
                         net (fo=12845, unset)        0.411     0.411    u_top/u_fixed/u_protocol_reset/protocol_clk_i
                         FDCE                                         r  u_top/u_fixed/u_protocol_reset/reset_pipe_reg[2]/C
                         clock pessimism              0.000     0.411    
                         FDCE (Hold_fdce_C_D)         0.002     0.413    u_top/u_fixed/u_protocol_reset/reset_pipe_reg[2]
  -------------------------------------------------------------------
                         required time                         -0.413    
                         arrival time                           0.581    
  -------------------------------------------------------------------
                         slack                                  0.168    

Slack (MET) :             0.194ns  (arrival time - required time)
  Source:                 u_top/u_fixed/u_portable_architecture/safety_accounting/endpoint/g_physical_safety[0].u_physical_module_safety/u_exact_duty_accountant/rolling_high_cycles_o_reg[0]/C
                            (rising edge-triggered cell FDRE clocked by protocol_clk  {rise@0.000ns fall@7.813ns period=15.625ns})
  Destination:            u_top/u_fixed/u_portable_architecture/safety_accounting/endpoint/g_physical_safety[0].u_physical_module_safety/u_exact_duty_accountant/rolling_high_cycles_o_reg[1]/D
                            (rising edge-triggered cell FDRE clocked by protocol_clk  {rise@0.000ns fall@7.813ns period=15.625ns})
  Path Group:             protocol_clk
  Path Type:              Hold (Min at Fast Process Corner)
  Requirement:            0.000ns  (protocol_clk rise@0.000ns - protocol_clk rise@0.000ns)
  Data Path Delay:        0.292ns  (logic 0.210ns (71.961%)  route 0.082ns (28.039%))
  Logic Levels:           1  (CARRY4=1)
  Clock Path Skew:        0.021ns (DCD - SCD - CPR)
    Destination Clock Delay (DCD):    0.411ns
    Source Clock Delay      (SCD):    0.390ns
    Clock Pessimism Removal (CPR):    -0.000ns

    Location             Delay type                Incr(ns)  Path(ns)    Netlist Resource(s)
  -------------------------------------------------------------------    -------------------
                         (clock protocol_clk rise edge)
                                                      0.000     0.000 r  
                                                      0.000     0.000 r  protocol_clk_i (IN)
                         net (fo=12845, unset)        0.390     0.390    u_top/u_fixed/u_portable_architecture/safety_accounting/endpoint/g_physical_safety[0].u_physical_module_safety/u_exact_duty_accountant/protocol_clk_i
                         FDRE                                         r  u_top/u_fixed/u_portable_architecture/safety_accounting/endpoint/g_physical_safety[0].u_physical_module_safety/u_exact_duty_accountant/rolling_high_cycles_o_reg[0]/C
  -------------------------------------------------------------------    -------------------
                         FDRE (Prop_fdre_C_Q)         0.118     0.508 r  u_top/u_fixed/u_portable_architecture/safety_accounting/endpoint/g_physical_safety[0].u_physical_module_safety/u_exact_duty_accountant/rolling_high_cycles_o_reg[0]/Q
                         net (fo=3, unplaced)         0.082     0.590    u_top/u_fixed/u_portable_architecture/safety_accounting/endpoint/g_physical_safety[0].u_physical_module_safety/u_exact_duty_accountant/Q[0]
                         CARRY4 (Prop_carry4_DI[0]_O[1])
                                                      0.092     0.682 r  u_top/u_fixed/u_portable_architecture/safety_accounting/endpoint/g_physical_safety[0].u_physical_module_safety/u_exact_duty_accountant/rolling_next_carry/O[1]
                         net (fo=1, unplaced)         0.000     0.682    u_top/u_fixed/u_portable_architecture/safety_accounting/endpoint/g_physical_safety[0].u_physical_module_safety/u_exact_duty_accountant/rolling_next_carry_n_6
                         FDRE                                         r  u_top/u_fixed/u_portable_architecture/safety_accounting/endpoint/g_physical_safety[0].u_physical_module_safety/u_exact_duty_accountant/rolling_high_cycles_o_reg[1]/D
  -------------------------------------------------------------------    -------------------

                         (clock protocol_clk rise edge)
                                                      0.000     0.000 r  
                                                      0.000     0.000 r  protocol_clk_i (IN)
                         net (fo=12845, unset)        0.411     0.411    u_top/u_fixed/u_portable_architecture/safety_accounting/endpoint/g_physical_safety[0].u_physical_module_safety/u_exact_duty_accountant/protocol_clk_i
                         FDRE                                         r  u_top/u_fixed/u_portable_architecture/safety_accounting/endpoint/g_physical_safety[0].u_physical_module_safety/u_exact_duty_accountant/rolling_high_cycles_o_reg[1]/C
                         clock pessimism              0.000     0.411    
                         FDRE (Hold_fdre_C_D)         0.077     0.488    u_top/u_fixed/u_portable_architecture/safety_accounting/endpoint/g_physical_safety[0].u_physical_module_safety/u_exact_duty_accountant/rolling_high_cycles_o_reg[1]
  -------------------------------------------------------------------
                         required time                         -0.488    
                         arrival time                           0.682    
  -------------------------------------------------------------------
                         slack                                  0.194    

Slack (MET) :             0.194ns  (arrival time - required time)
  Source:                 u_top/u_fixed/u_portable_architecture/safety_accounting/endpoint/g_physical_safety[10].u_physical_module_safety/u_exact_duty_accountant/rolling_high_cycles_o_reg[0]/C
                            (rising edge-triggered cell FDRE clocked by protocol_clk  {rise@0.000ns fall@7.813ns period=15.625ns})
  Destination:            u_top/u_fixed/u_portable_architecture/safety_accounting/endpoint/g_physical_safety[10].u_physical_module_safety/u_exact_duty_accountant/rolling_high_cycles_o_reg[1]/D
                            (rising edge-triggered cell FDRE clocked by protocol_clk  {rise@0.000ns fall@7.813ns period=15.625ns})
  Path Group:             protocol_clk
  Path Type:              Hold (Min at Fast Process Corner)
  Requirement:            0.000ns  (protocol_clk rise@0.000ns - protocol_clk rise@0.000ns)
  Data Path Delay:        0.292ns  (logic 0.210ns (71.961%)  route 0.082ns (28.039%))
  Logic Levels:           1  (CARRY4=1)
  Clock Path Skew:        0.021ns (DCD - SCD - CPR)
    Destination Clock Delay (DCD):    0.411ns
    Source Clock Delay      (SCD):    0.390ns
    Clock Pessimism Removal (CPR):    -0.000ns

    Location             Delay type                Incr(ns)  Path(ns)    Netlist Resource(s)
  -------------------------------------------------------------------    -------------------
                         (clock protocol_clk rise edge)
                                                      0.000     0.000 r  
                                                      0.000     0.000 r  protocol_clk_i (IN)
                         net (fo=12845, unset)        0.390     0.390    u_top/u_fixed/u_portable_architecture/safety_accounting/endpoint/g_physical_safety[10].u_physical_module_safety/u_exact_duty_accountant/protocol_clk_i
                         FDRE                                         r  u_top/u_fixed/u_portable_architecture/safety_accounting/endpoint/g_physical_safety[10].u_physical_module_safety/u_exact_duty_accountant/rolling_high_cycles_o_reg[0]/C
  -------------------------------------------------------------------    -------------------
                         FDRE (Prop_fdre_C_Q)         0.118     0.508 r  u_top/u_fixed/u_portable_architecture/safety_accounting/endpoint/g_physical_safety[10].u_physical_module_safety/u_exact_duty_accountant/rolling_high_cycles_o_reg[0]/Q
                         net (fo=3, unplaced)         0.082     0.590    u_top/u_fixed/u_portable_architecture/safety_accounting/endpoint/g_physical_safety[10].u_physical_module_safety/u_exact_duty_accountant/Q[0]
                         CARRY4 (Prop_carry4_DI[0]_O[1])
                                                      0.092     0.682 r  u_top/u_fixed/u_portable_architecture/safety_accounting/endpoint/g_physical_safety[10].u_physical_module_safety/u_exact_duty_accountant/rolling_next_carry/O[1]
                         net (fo=1, unplaced)         0.000     0.682    u_top/u_fixed/u_portable_architecture/safety_accounting/endpoint/g_physical_safety[10].u_physical_module_safety/u_exact_duty_accountant/rolling_next_carry_n_6
                         FDRE                                         r  u_top/u_fixed/u_portable_architecture/safety_accounting/endpoint/g_physical_safety[10].u_physical_module_safety/u_exact_duty_accountant/rolling_high_cycles_o_reg[1]/D
  -------------------------------------------------------------------    -------------------

                         (clock protocol_clk rise edge)
                                                      0.000     0.000 r  
                                                      0.000     0.000 r  protocol_clk_i (IN)
                         net (fo=12845, unset)        0.411     0.411    u_top/u_fixed/u_portable_architecture/safety_accounting/endpoint/g_physical_safety[10].u_physical_module_safety/u_exact_duty_accountant/protocol_clk_i
                         FDRE                                         r  u_top/u_fixed/u_portable_architecture/safety_accounting/endpoint/g_physical_safety[10].u_physical_module_safety/u_exact_duty_accountant/rolling_high_cycles_o_reg[1]/C
                         clock pessimism              0.000     0.411    
                         FDRE (Hold_fdre_C_D)         0.077     0.488    u_top/u_fixed/u_portable_architecture/safety_accounting/endpoint/g_physical_safety[10].u_physical_module_safety/u_exact_duty_accountant/rolling_high_cycles_o_reg[1]
  -------------------------------------------------------------------
                         required time                         -0.488    
                         arrival time                           0.682    
  -------------------------------------------------------------------
                         slack                                  0.194    

Slack (MET) :             0.194ns  (arrival time - required time)
  Source:                 u_top/u_fixed/u_portable_architecture/safety_accounting/endpoint/g_physical_safety[11].u_physical_module_safety/u_exact_duty_accountant/rolling_high_cycles_o_reg[0]/C
                            (rising edge-triggered cell FDRE clocked by protocol_clk  {rise@0.000ns fall@7.813ns period=15.625ns})
  Destination:            u_top/u_fixed/u_portable_architecture/safety_accounting/endpoint/g_physical_safety[11].u_physical_module_safety/u_exact_duty_accountant/rolling_high_cycles_o_reg[1]/D
                            (rising edge-triggered cell FDRE clocked by protocol_clk  {rise@0.000ns fall@7.813ns period=15.625ns})
  Path Group:             protocol_clk
  Path Type:              Hold (Min at Fast Process Corner)
  Requirement:            0.000ns  (protocol_clk rise@0.000ns - protocol_clk rise@0.000ns)
  Data Path Delay:        0.292ns  (logic 0.210ns (71.961%)  route 0.082ns (28.039%))
  Logic Levels:           1  (CARRY4=1)
  Clock Path Skew:        0.021ns (DCD - SCD - CPR)
    Destination Clock Delay (DCD):    0.411ns
    Source Clock Delay      (SCD):    0.390ns
    Clock Pessimism Removal (CPR):    -0.000ns

    Location             Delay type                Incr(ns)  Path(ns)    Netlist Resource(s)
  -------------------------------------------------------------------    -------------------
                         (clock protocol_clk rise edge)
                                                      0.000     0.000 r  
                                                      0.000     0.000 r  protocol_clk_i (IN)
                         net (fo=12845, unset)        0.390     0.390    u_top/u_fixed/u_portable_architecture/safety_accounting/endpoint/g_physical_safety[11].u_physical_module_safety/u_exact_duty_accountant/protocol_clk_i
                         FDRE                                         r  u_top/u_fixed/u_portable_architecture/safety_accounting/endpoint/g_physical_safety[11].u_physical_module_safety/u_exact_duty_accountant/rolling_high_cycles_o_reg[0]/C
  -------------------------------------------------------------------    -------------------
                         FDRE (Prop_fdre_C_Q)         0.118     0.508 r  u_top/u_fixed/u_portable_architecture/safety_accounting/endpoint/g_physical_safety[11].u_physical_module_safety/u_exact_duty_accountant/rolling_high_cycles_o_reg[0]/Q
                         net (fo=3, unplaced)         0.082     0.590    u_top/u_fixed/u_portable_architecture/safety_accounting/endpoint/g_physical_safety[11].u_physical_module_safety/u_exact_duty_accountant/Q[0]
                         CARRY4 (Prop_carry4_DI[0]_O[1])
                                                      0.092     0.682 r  u_top/u_fixed/u_portable_architecture/safety_accounting/endpoint/g_physical_safety[11].u_physical_module_safety/u_exact_duty_accountant/rolling_next_carry/O[1]
                         net (fo=1, unplaced)         0.000     0.682    u_top/u_fixed/u_portable_architecture/safety_accounting/endpoint/g_physical_safety[11].u_physical_module_safety/u_exact_duty_accountant/rolling_next_carry_n_6
                         FDRE                                         r  u_top/u_fixed/u_portable_architecture/safety_accounting/endpoint/g_physical_safety[11].u_physical_module_safety/u_exact_duty_accountant/rolling_high_cycles_o_reg[1]/D
  -------------------------------------------------------------------    -------------------

                         (clock protocol_clk rise edge)
                                                      0.000     0.000 r  
                                                      0.000     0.000 r  protocol_clk_i (IN)
                         net (fo=12845, unset)        0.411     0.411    u_top/u_fixed/u_portable_architecture/safety_accounting/endpoint/g_physical_safety[11].u_physical_module_safety/u_exact_duty_accountant/protocol_clk_i
                         FDRE                                         r  u_top/u_fixed/u_portable_architecture/safety_accounting/endpoint/g_physical_safety[11].u_physical_module_safety/u_exact_duty_accountant/rolling_high_cycles_o_reg[1]/C
                         clock pessimism              0.000     0.411    
                         FDRE (Hold_fdre_C_D)         0.077     0.488    u_top/u_fixed/u_portable_architecture/safety_accounting/endpoint/g_physical_safety[11].u_physical_module_safety/u_exact_duty_accountant/rolling_high_cycles_o_reg[1]
  -------------------------------------------------------------------
                         required time                         -0.488    
                         arrival time                           0.682    
  -------------------------------------------------------------------
                         slack                                  0.194    

Slack (MET) :             0.194ns  (arrival time - required time)
  Source:                 u_top/u_fixed/u_portable_architecture/safety_accounting/endpoint/g_physical_safety[12].u_physical_module_safety/u_exact_duty_accountant/rolling_high_cycles_o_reg[0]/C
                            (rising edge-triggered cell FDRE clocked by protocol_clk  {rise@0.000ns fall@7.813ns period=15.625ns})
  Destination:            u_top/u_fixed/u_portable_architecture/safety_accounting/endpoint/g_physical_safety[12].u_physical_module_safety/u_exact_duty_accountant/rolling_high_cycles_o_reg[1]/D
                            (rising edge-triggered cell FDRE clocked by protocol_clk  {rise@0.000ns fall@7.813ns period=15.625ns})
  Path Group:             protocol_clk
  Path Type:              Hold (Min at Fast Process Corner)
  Requirement:            0.000ns  (protocol_clk rise@0.000ns - protocol_clk rise@0.000ns)
  Data Path Delay:        0.292ns  (logic 0.210ns (71.961%)  route 0.082ns (28.039%))
  Logic Levels:           1  (CARRY4=1)
  Clock Path Skew:        0.021ns (DCD - SCD - CPR)
    Destination Clock Delay (DCD):    0.411ns
    Source Clock Delay      (SCD):    0.390ns
    Clock Pessimism Removal (CPR):    -0.000ns

    Location             Delay type                Incr(ns)  Path(ns)    Netlist Resource(s)
  -------------------------------------------------------------------    -------------------
                         (clock protocol_clk rise edge)
                                                      0.000     0.000 r  
                                                      0.000     0.000 r  protocol_clk_i (IN)
                         net (fo=12845, unset)        0.390     0.390    u_top/u_fixed/u_portable_architecture/safety_accounting/endpoint/g_physical_safety[12].u_physical_module_safety/u_exact_duty_accountant/protocol_clk_i
                         FDRE                                         r  u_top/u_fixed/u_portable_architecture/safety_accounting/endpoint/g_physical_safety[12].u_physical_module_safety/u_exact_duty_accountant/rolling_high_cycles_o_reg[0]/C
  -------------------------------------------------------------------    -------------------
                         FDRE (Prop_fdre_C_Q)         0.118     0.508 r  u_top/u_fixed/u_portable_architecture/safety_accounting/endpoint/g_physical_safety[12].u_physical_module_safety/u_exact_duty_accountant/rolling_high_cycles_o_reg[0]/Q
                         net (fo=3, unplaced)         0.082     0.590    u_top/u_fixed/u_portable_architecture/safety_accounting/endpoint/g_physical_safety[12].u_physical_module_safety/u_exact_duty_accountant/Q[0]
                         CARRY4 (Prop_carry4_DI[0]_O[1])
                                                      0.092     0.682 r  u_top/u_fixed/u_portable_architecture/safety_accounting/endpoint/g_physical_safety[12].u_physical_module_safety/u_exact_duty_accountant/rolling_next_carry/O[1]
                         net (fo=1, unplaced)         0.000     0.682    u_top/u_fixed/u_portable_architecture/safety_accounting/endpoint/g_physical_safety[12].u_physical_module_safety/u_exact_duty_accountant/rolling_next_carry_n_6
                         FDRE                                         r  u_top/u_fixed/u_portable_architecture/safety_accounting/endpoint/g_physical_safety[12].u_physical_module_safety/u_exact_duty_accountant/rolling_high_cycles_o_reg[1]/D
  -------------------------------------------------------------------    -------------------

                         (clock protocol_clk rise edge)
                                                      0.000     0.000 r  
                                                      0.000     0.000 r  protocol_clk_i (IN)
                         net (fo=12845, unset)        0.411     0.411    u_top/u_fixed/u_portable_architecture/safety_accounting/endpoint/g_physical_safety[12].u_physical_module_safety/u_exact_duty_accountant/protocol_clk_i
                         FDRE                                         r  u_top/u_fixed/u_portable_architecture/safety_accounting/endpoint/g_physical_safety[12].u_physical_module_safety/u_exact_duty_accountant/rolling_high_cycles_o_reg[1]/C
                         clock pessimism              0.000     0.411    
                         FDRE (Hold_fdre_C_D)         0.077     0.488    u_top/u_fixed/u_portable_architecture/safety_accounting/endpoint/g_physical_safety[12].u_physical_module_safety/u_exact_duty_accountant/rolling_high_cycles_o_reg[1]
  -------------------------------------------------------------------
                         required time                         -0.488    
                         arrival time                           0.682    
  -------------------------------------------------------------------
                         slack                                  0.194    

Slack (MET) :             0.194ns  (arrival time - required time)
  Source:                 u_top/u_fixed/u_portable_architecture/safety_accounting/endpoint/g_physical_safety[13].u_physical_module_safety/u_exact_duty_accountant/rolling_high_cycles_o_reg[0]/C
                            (rising edge-triggered cell FDRE clocked by protocol_clk  {rise@0.000ns fall@7.813ns period=15.625ns})
  Destination:            u_top/u_fixed/u_portable_architecture/safety_accounting/endpoint/g_physical_safety[13].u_physical_module_safety/u_exact_duty_accountant/rolling_high_cycles_o_reg[1]/D
                            (rising edge-triggered cell FDRE clocked by protocol_clk  {rise@0.000ns fall@7.813ns period=15.625ns})
  Path Group:             protocol_clk
  Path Type:              Hold (Min at Fast Process Corner)
  Requirement:            0.000ns  (protocol_clk rise@0.000ns - protocol_clk rise@0.000ns)
  Data Path Delay:        0.292ns  (logic 0.210ns (71.961%)  route 0.082ns (28.039%))
  Logic Levels:           1  (CARRY4=1)
  Clock Path Skew:        0.021ns (DCD - SCD - CPR)
    Destination Clock Delay (DCD):    0.411ns
    Source Clock Delay      (SCD):    0.390ns
    Clock Pessimism Removal (CPR):    -0.000ns

    Location             Delay type                Incr(ns)  Path(ns)    Netlist Resource(s)
  -------------------------------------------------------------------    -------------------
                         (clock protocol_clk rise edge)
                                                      0.000     0.000 r  
                                                      0.000     0.000 r  protocol_clk_i (IN)
                         net (fo=12845, unset)        0.390     0.390    u_top/u_fixed/u_portable_architecture/safety_accounting/endpoint/g_physical_safety[13].u_physical_module_safety/u_exact_duty_accountant/protocol_clk_i
                         FDRE                                         r  u_top/u_fixed/u_portable_architecture/safety_accounting/endpoint/g_physical_safety[13].u_physical_module_safety/u_exact_duty_accountant/rolling_high_cycles_o_reg[0]/C
  -------------------------------------------------------------------    -------------------
                         FDRE (Prop_fdre_C_Q)         0.118     0.508 r  u_top/u_fixed/u_portable_architecture/safety_accounting/endpoint/g_physical_safety[13].u_physical_module_safety/u_exact_duty_accountant/rolling_high_cycles_o_reg[0]/Q
                         net (fo=3, unplaced)         0.082     0.590    u_top/u_fixed/u_portable_architecture/safety_accounting/endpoint/g_physical_safety[13].u_physical_module_safety/u_exact_duty_accountant/Q[0]
                         CARRY4 (Prop_carry4_DI[0]_O[1])
                                                      0.092     0.682 r  u_top/u_fixed/u_portable_architecture/safety_accounting/endpoint/g_physical_safety[13].u_physical_module_safety/u_exact_duty_accountant/rolling_next_carry/O[1]
                         net (fo=1, unplaced)         0.000     0.682    u_top/u_fixed/u_portable_architecture/safety_accounting/endpoint/g_physical_safety[13].u_physical_module_safety/u_exact_duty_accountant/rolling_next_carry_n_6
                         FDRE                                         r  u_top/u_fixed/u_portable_architecture/safety_accounting/endpoint/g_physical_safety[13].u_physical_module_safety/u_exact_duty_accountant/rolling_high_cycles_o_reg[1]/D
  -------------------------------------------------------------------    -------------------

                         (clock protocol_clk rise edge)
                                                      0.000     0.000 r  
                                                      0.000     0.000 r  protocol_clk_i (IN)
                         net (fo=12845, unset)        0.411     0.411    u_top/u_fixed/u_portable_architecture/safety_accounting/endpoint/g_physical_safety[13].u_physical_module_safety/u_exact_duty_accountant/protocol_clk_i
                         FDRE                                         r  u_top/u_fixed/u_portable_architecture/safety_accounting/endpoint/g_physical_safety[13].u_physical_module_safety/u_exact_duty_accountant/rolling_high_cycles_o_reg[1]/C
                         clock pessimism              0.000     0.411    
                         FDRE (Hold_fdre_C_D)         0.077     0.488    u_top/u_fixed/u_portable_architecture/safety_accounting/endpoint/g_physical_safety[13].u_physical_module_safety/u_exact_duty_accountant/rolling_high_cycles_o_reg[1]
  -------------------------------------------------------------------
                         required time                         -0.488    
                         arrival time                           0.682    
  -------------------------------------------------------------------
                         slack                                  0.194    

Slack (MET) :             0.194ns  (arrival time - required time)
  Source:                 u_top/u_fixed/u_portable_architecture/safety_accounting/endpoint/g_physical_safety[14].u_physical_module_safety/u_exact_duty_accountant/rolling_high_cycles_o_reg[0]/C
                            (rising edge-triggered cell FDRE clocked by protocol_clk  {rise@0.000ns fall@7.813ns period=15.625ns})
  Destination:            u_top/u_fixed/u_portable_architecture/safety_accounting/endpoint/g_physical_safety[14].u_physical_module_safety/u_exact_duty_accountant/rolling_high_cycles_o_reg[1]/D
                            (rising edge-triggered cell FDRE clocked by protocol_clk  {rise@0.000ns fall@7.813ns period=15.625ns})
  Path Group:             protocol_clk
  Path Type:              Hold (Min at Fast Process Corner)
  Requirement:            0.000ns  (protocol_clk rise@0.000ns - protocol_clk rise@0.000ns)
  Data Path Delay:        0.292ns  (logic 0.210ns (71.961%)  route 0.082ns (28.039%))
  Logic Levels:           1  (CARRY4=1)
  Clock Path Skew:        0.021ns (DCD - SCD - CPR)
    Destination Clock Delay (DCD):    0.411ns
    Source Clock Delay      (SCD):    0.390ns
    Clock Pessimism Removal (CPR):    -0.000ns

    Location             Delay type                Incr(ns)  Path(ns)    Netlist Resource(s)
  -------------------------------------------------------------------    -------------------
                         (clock protocol_clk rise edge)
                                                      0.000     0.000 r  
                                                      0.000     0.000 r  protocol_clk_i (IN)
                         net (fo=12845, unset)        0.390     0.390    u_top/u_fixed/u_portable_architecture/safety_accounting/endpoint/g_physical_safety[14].u_physical_module_safety/u_exact_duty_accountant/protocol_clk_i
                         FDRE                                         r  u_top/u_fixed/u_portable_architecture/safety_accounting/endpoint/g_physical_safety[14].u_physical_module_safety/u_exact_duty_accountant/rolling_high_cycles_o_reg[0]/C
  -------------------------------------------------------------------    -------------------
                         FDRE (Prop_fdre_C_Q)         0.118     0.508 r  u_top/u_fixed/u_portable_architecture/safety_accounting/endpoint/g_physical_safety[14].u_physical_module_safety/u_exact_duty_accountant/rolling_high_cycles_o_reg[0]/Q
                         net (fo=3, unplaced)         0.082     0.590    u_top/u_fixed/u_portable_architecture/safety_accounting/endpoint/g_physical_safety[14].u_physical_module_safety/u_exact_duty_accountant/Q[0]
                         CARRY4 (Prop_carry4_DI[0]_O[1])
                                                      0.092     0.682 r  u_top/u_fixed/u_portable_architecture/safety_accounting/endpoint/g_physical_safety[14].u_physical_module_safety/u_exact_duty_accountant/rolling_next_carry/O[1]
                         net (fo=1, unplaced)         0.000     0.682    u_top/u_fixed/u_portable_architecture/safety_accounting/endpoint/g_physical_safety[14].u_physical_module_safety/u_exact_duty_accountant/rolling_next_carry_n_6
                         FDRE                                         r  u_top/u_fixed/u_portable_architecture/safety_accounting/endpoint/g_physical_safety[14].u_physical_module_safety/u_exact_duty_accountant/rolling_high_cycles_o_reg[1]/D
  -------------------------------------------------------------------    -------------------

                         (clock protocol_clk rise edge)
                                                      0.000     0.000 r  
                                                      0.000     0.000 r  protocol_clk_i (IN)
                         net (fo=12845, unset)        0.411     0.411    u_top/u_fixed/u_portable_architecture/safety_accounting/endpoint/g_physical_safety[14].u_physical_module_safety/u_exact_duty_accountant/protocol_clk_i
                         FDRE                                         r  u_top/u_fixed/u_portable_architecture/safety_accounting/endpoint/g_physical_safety[14].u_physical_module_safety/u_exact_duty_accountant/rolling_high_cycles_o_reg[1]/C
                         clock pessimism              0.000     0.411    
                         FDRE (Hold_fdre_C_D)         0.077     0.488    u_top/u_fixed/u_portable_architecture/safety_accounting/endpoint/g_physical_safety[14].u_physical_module_safety/u_exact_duty_accountant/rolling_high_cycles_o_reg[1]
  -------------------------------------------------------------------
                         required time                         -0.488    
                         arrival time                           0.682    
  -------------------------------------------------------------------
                         slack                                  0.194    

Slack (MET) :             0.194ns  (arrival time - required time)
  Source:                 u_top/u_fixed/u_portable_architecture/safety_accounting/endpoint/g_physical_safety[15].u_physical_module_safety/u_exact_duty_accountant/rolling_high_cycles_o_reg[0]/C
                            (rising edge-triggered cell FDRE clocked by protocol_clk  {rise@0.000ns fall@7.813ns period=15.625ns})
  Destination:            u_top/u_fixed/u_portable_architecture/safety_accounting/endpoint/g_physical_safety[15].u_physical_module_safety/u_exact_duty_accountant/rolling_high_cycles_o_reg[1]/D
                            (rising edge-triggered cell FDRE clocked by protocol_clk  {rise@0.000ns fall@7.813ns period=15.625ns})
  Path Group:             protocol_clk
  Path Type:              Hold (Min at Fast Process Corner)
  Requirement:            0.000ns  (protocol_clk rise@0.000ns - protocol_clk rise@0.000ns)
  Data Path Delay:        0.292ns  (logic 0.210ns (71.961%)  route 0.082ns (28.039%))
  Logic Levels:           1  (CARRY4=1)
  Clock Path Skew:        0.021ns (DCD - SCD - CPR)
    Destination Clock Delay (DCD):    0.411ns
    Source Clock Delay      (SCD):    0.390ns
    Clock Pessimism Removal (CPR):    -0.000ns

    Location             Delay type                Incr(ns)  Path(ns)    Netlist Resource(s)
  -------------------------------------------------------------------    -------------------
                         (clock protocol_clk rise edge)
                                                      0.000     0.000 r  
                                                      0.000     0.000 r  protocol_clk_i (IN)
                         net (fo=12845, unset)        0.390     0.390    u_top/u_fixed/u_portable_architecture/safety_accounting/endpoint/g_physical_safety[15].u_physical_module_safety/u_exact_duty_accountant/protocol_clk_i
                         FDRE                                         r  u_top/u_fixed/u_portable_architecture/safety_accounting/endpoint/g_physical_safety[15].u_physical_module_safety/u_exact_duty_accountant/rolling_high_cycles_o_reg[0]/C
  -------------------------------------------------------------------    -------------------
                         FDRE (Prop_fdre_C_Q)         0.118     0.508 r  u_top/u_fixed/u_portable_architecture/safety_accounting/endpoint/g_physical_safety[15].u_physical_module_safety/u_exact_duty_accountant/rolling_high_cycles_o_reg[0]/Q
                         net (fo=3, unplaced)         0.082     0.590    u_top/u_fixed/u_portable_architecture/safety_accounting/endpoint/g_physical_safety[15].u_physical_module_safety/u_exact_duty_accountant/Q[0]
                         CARRY4 (Prop_carry4_DI[0]_O[1])
                                                      0.092     0.682 r  u_top/u_fixed/u_portable_architecture/safety_accounting/endpoint/g_physical_safety[15].u_physical_module_safety/u_exact_duty_accountant/rolling_next_carry/O[1]
                         net (fo=1, unplaced)         0.000     0.682    u_top/u_fixed/u_portable_architecture/safety_accounting/endpoint/g_physical_safety[15].u_physical_module_safety/u_exact_duty_accountant/rolling_next_carry_n_6
                         FDRE                                         r  u_top/u_fixed/u_portable_architecture/safety_accounting/endpoint/g_physical_safety[15].u_physical_module_safety/u_exact_duty_accountant/rolling_high_cycles_o_reg[1]/D
  -------------------------------------------------------------------    -------------------

                         (clock protocol_clk rise edge)
                                                      0.000     0.000 r  
                                                      0.000     0.000 r  protocol_clk_i (IN)
                         net (fo=12845, unset)        0.411     0.411    u_top/u_fixed/u_portable_architecture/safety_accounting/endpoint/g_physical_safety[15].u_physical_module_safety/u_exact_duty_accountant/protocol_clk_i
                         FDRE                                         r  u_top/u_fixed/u_portable_architecture/safety_accounting/endpoint/g_physical_safety[15].u_physical_module_safety/u_exact_duty_accountant/rolling_high_cycles_o_reg[1]/C
                         clock pessimism              0.000     0.411    
                         FDRE (Hold_fdre_C_D)         0.077     0.488    u_top/u_fixed/u_portable_architecture/safety_accounting/endpoint/g_physical_safety[15].u_physical_module_safety/u_exact_duty_accountant/rolling_high_cycles_o_reg[1]
  -------------------------------------------------------------------
                         required time                         -0.488    
                         arrival time                           0.682    
  -------------------------------------------------------------------
                         slack                                  0.194    

Slack (MET) :             0.194ns  (arrival time - required time)
  Source:                 u_top/u_fixed/u_portable_architecture/safety_accounting/endpoint/g_physical_safety[16].u_physical_module_safety/u_exact_duty_accountant/rolling_high_cycles_o_reg[0]/C
                            (rising edge-triggered cell FDRE clocked by protocol_clk  {rise@0.000ns fall@7.813ns period=15.625ns})
  Destination:            u_top/u_fixed/u_portable_architecture/safety_accounting/endpoint/g_physical_safety[16].u_physical_module_safety/u_exact_duty_accountant/rolling_high_cycles_o_reg[1]/D
                            (rising edge-triggered cell FDRE clocked by protocol_clk  {rise@0.000ns fall@7.813ns period=15.625ns})
  Path Group:             protocol_clk
  Path Type:              Hold (Min at Fast Process Corner)
  Requirement:            0.000ns  (protocol_clk rise@0.000ns - protocol_clk rise@0.000ns)
  Data Path Delay:        0.292ns  (logic 0.210ns (71.961%)  route 0.082ns (28.039%))
  Logic Levels:           1  (CARRY4=1)
  Clock Path Skew:        0.021ns (DCD - SCD - CPR)
    Destination Clock Delay (DCD):    0.411ns
    Source Clock Delay      (SCD):    0.390ns
    Clock Pessimism Removal (CPR):    -0.000ns

    Location             Delay type                Incr(ns)  Path(ns)    Netlist Resource(s)
  -------------------------------------------------------------------    -------------------
                         (clock protocol_clk rise edge)
                                                      0.000     0.000 r  
                                                      0.000     0.000 r  protocol_clk_i (IN)
                         net (fo=12845, unset)        0.390     0.390    u_top/u_fixed/u_portable_architecture/safety_accounting/endpoint/g_physical_safety[16].u_physical_module_safety/u_exact_duty_accountant/protocol_clk_i
                         FDRE                                         r  u_top/u_fixed/u_portable_architecture/safety_accounting/endpoint/g_physical_safety[16].u_physical_module_safety/u_exact_duty_accountant/rolling_high_cycles_o_reg[0]/C
  -------------------------------------------------------------------    -------------------
                         FDRE (Prop_fdre_C_Q)         0.118     0.508 r  u_top/u_fixed/u_portable_architecture/safety_accounting/endpoint/g_physical_safety[16].u_physical_module_safety/u_exact_duty_accountant/rolling_high_cycles_o_reg[0]/Q
                         net (fo=3, unplaced)         0.082     0.590    u_top/u_fixed/u_portable_architecture/safety_accounting/endpoint/g_physical_safety[16].u_physical_module_safety/u_exact_duty_accountant/Q[0]
                         CARRY4 (Prop_carry4_DI[0]_O[1])
                                                      0.092     0.682 r  u_top/u_fixed/u_portable_architecture/safety_accounting/endpoint/g_physical_safety[16].u_physical_module_safety/u_exact_duty_accountant/rolling_next_carry/O[1]
                         net (fo=1, unplaced)         0.000     0.682    u_top/u_fixed/u_portable_architecture/safety_accounting/endpoint/g_physical_safety[16].u_physical_module_safety/u_exact_duty_accountant/rolling_next_carry_n_6
                         FDRE                                         r  u_top/u_fixed/u_portable_architecture/safety_accounting/endpoint/g_physical_safety[16].u_physical_module_safety/u_exact_duty_accountant/rolling_high_cycles_o_reg[1]/D
  -------------------------------------------------------------------    -------------------

                         (clock protocol_clk rise edge)
                                                      0.000     0.000 r  
                                                      0.000     0.000 r  protocol_clk_i (IN)
                         net (fo=12845, unset)        0.411     0.411    u_top/u_fixed/u_portable_architecture/safety_accounting/endpoint/g_physical_safety[16].u_physical_module_safety/u_exact_duty_accountant/protocol_clk_i
                         FDRE                                         r  u_top/u_fixed/u_portable_architecture/safety_accounting/endpoint/g_physical_safety[16].u_physical_module_safety/u_exact_duty_accountant/rolling_high_cycles_o_reg[1]/C
                         clock pessimism              0.000     0.411    
                         FDRE (Hold_fdre_C_D)         0.077     0.488    u_top/u_fixed/u_portable_architecture/safety_accounting/endpoint/g_physical_safety[16].u_physical_module_safety/u_exact_duty_accountant/rolling_high_cycles_o_reg[1]
  -------------------------------------------------------------------
                         required time                         -0.488    
                         arrival time                           0.682    
  -------------------------------------------------------------------
                         slack                                  0.194    

Slack (MET) :             0.194ns  (arrival time - required time)
  Source:                 u_top/u_fixed/u_portable_architecture/safety_accounting/endpoint/g_physical_safety[17].u_physical_module_safety/u_exact_duty_accountant/rolling_high_cycles_o_reg[0]/C
                            (rising edge-triggered cell FDRE clocked by protocol_clk  {rise@0.000ns fall@7.813ns period=15.625ns})
  Destination:            u_top/u_fixed/u_portable_architecture/safety_accounting/endpoint/g_physical_safety[17].u_physical_module_safety/u_exact_duty_accountant/rolling_high_cycles_o_reg[1]/D
                            (rising edge-triggered cell FDRE clocked by protocol_clk  {rise@0.000ns fall@7.813ns period=15.625ns})
  Path Group:             protocol_clk
  Path Type:              Hold (Min at Fast Process Corner)
  Requirement:            0.000ns  (protocol_clk rise@0.000ns - protocol_clk rise@0.000ns)
  Data Path Delay:        0.292ns  (logic 0.210ns (71.961%)  route 0.082ns (28.039%))
  Logic Levels:           1  (CARRY4=1)
  Clock Path Skew:        0.021ns (DCD - SCD - CPR)
    Destination Clock Delay (DCD):    0.411ns
    Source Clock Delay      (SCD):    0.390ns
    Clock Pessimism Removal (CPR):    -0.000ns

    Location             Delay type                Incr(ns)  Path(ns)    Netlist Resource(s)
  -------------------------------------------------------------------    -------------------
                         (clock protocol_clk rise edge)
                                                      0.000     0.000 r  
                                                      0.000     0.000 r  protocol_clk_i (IN)
                         net (fo=12845, unset)        0.390     0.390    u_top/u_fixed/u_portable_architecture/safety_accounting/endpoint/g_physical_safety[17].u_physical_module_safety/u_exact_duty_accountant/protocol_clk_i
                         FDRE                                         r  u_top/u_fixed/u_portable_architecture/safety_accounting/endpoint/g_physical_safety[17].u_physical_module_safety/u_exact_duty_accountant/rolling_high_cycles_o_reg[0]/C
  -------------------------------------------------------------------    -------------------
                         FDRE (Prop_fdre_C_Q)         0.118     0.508 r  u_top/u_fixed/u_portable_architecture/safety_accounting/endpoint/g_physical_safety[17].u_physical_module_safety/u_exact_duty_accountant/rolling_high_cycles_o_reg[0]/Q
                         net (fo=3, unplaced)         0.082     0.590    u_top/u_fixed/u_portable_architecture/safety_accounting/endpoint/g_physical_safety[17].u_physical_module_safety/u_exact_duty_accountant/Q[0]
                         CARRY4 (Prop_carry4_DI[0]_O[1])
                                                      0.092     0.682 r  u_top/u_fixed/u_portable_architecture/safety_accounting/endpoint/g_physical_safety[17].u_physical_module_safety/u_exact_duty_accountant/rolling_next_carry/O[1]
                         net (fo=1, unplaced)         0.000     0.682    u_top/u_fixed/u_portable_architecture/safety_accounting/endpoint/g_physical_safety[17].u_physical_module_safety/u_exact_duty_accountant/rolling_next_carry_n_6
                         FDRE                                         r  u_top/u_fixed/u_portable_architecture/safety_accounting/endpoint/g_physical_safety[17].u_physical_module_safety/u_exact_duty_accountant/rolling_high_cycles_o_reg[1]/D
  -------------------------------------------------------------------    -------------------

                         (clock protocol_clk rise edge)
                                                      0.000     0.000 r  
                                                      0.000     0.000 r  protocol_clk_i (IN)
                         net (fo=12845, unset)        0.411     0.411    u_top/u_fixed/u_portable_architecture/safety_accounting/endpoint/g_physical_safety[17].u_physical_module_safety/u_exact_duty_accountant/protocol_clk_i
                         FDRE                                         r  u_top/u_fixed/u_portable_architecture/safety_accounting/endpoint/g_physical_safety[17].u_physical_module_safety/u_exact_duty_accountant/rolling_high_cycles_o_reg[1]/C
                         clock pessimism              0.000     0.411    
                         FDRE (Hold_fdre_C_D)         0.077     0.488    u_top/u_fixed/u_portable_architecture/safety_accounting/endpoint/g_physical_safety[17].u_physical_module_safety/u_exact_duty_accountant/rolling_high_cycles_o_reg[1]
  -------------------------------------------------------------------
                         required time                         -0.488    
                         arrival time                           0.682    
  -------------------------------------------------------------------
                         slack                                  0.194    

Slack (MET) :             0.194ns  (arrival time - required time)
  Source:                 u_top/u_fixed/u_portable_architecture/safety_accounting/endpoint/g_physical_safety[18].u_physical_module_safety/u_exact_duty_accountant/rolling_high_cycles_o_reg[0]/C
                            (rising edge-triggered cell FDRE clocked by protocol_clk  {rise@0.000ns fall@7.813ns period=15.625ns})
  Destination:            u_top/u_fixed/u_portable_architecture/safety_accounting/endpoint/g_physical_safety[18].u_physical_module_safety/u_exact_duty_accountant/rolling_high_cycles_o_reg[1]/D
                            (rising edge-triggered cell FDRE clocked by protocol_clk  {rise@0.000ns fall@7.813ns period=15.625ns})
  Path Group:             protocol_clk
  Path Type:              Hold (Min at Fast Process Corner)
  Requirement:            0.000ns  (protocol_clk rise@0.000ns - protocol_clk rise@0.000ns)
  Data Path Delay:        0.292ns  (logic 0.210ns (71.961%)  route 0.082ns (28.039%))
  Logic Levels:           1  (CARRY4=1)
  Clock Path Skew:        0.021ns (DCD - SCD - CPR)
    Destination Clock Delay (DCD):    0.411ns
    Source Clock Delay      (SCD):    0.390ns
    Clock Pessimism Removal (CPR):    -0.000ns

    Location             Delay type                Incr(ns)  Path(ns)    Netlist Resource(s)
  -------------------------------------------------------------------    -------------------
                         (clock protocol_clk rise edge)
                                                      0.000     0.000 r  
                                                      0.000     0.000 r  protocol_clk_i (IN)
                         net (fo=12845, unset)        0.390     0.390    u_top/u_fixed/u_portable_architecture/safety_accounting/endpoint/g_physical_safety[18].u_physical_module_safety/u_exact_duty_accountant/protocol_clk_i
                         FDRE                                         r  u_top/u_fixed/u_portable_architecture/safety_accounting/endpoint/g_physical_safety[18].u_physical_module_safety/u_exact_duty_accountant/rolling_high_cycles_o_reg[0]/C
  -------------------------------------------------------------------    -------------------
                         FDRE (Prop_fdre_C_Q)         0.118     0.508 r  u_top/u_fixed/u_portable_architecture/safety_accounting/endpoint/g_physical_safety[18].u_physical_module_safety/u_exact_duty_accountant/rolling_high_cycles_o_reg[0]/Q
                         net (fo=3, unplaced)         0.082     0.590    u_top/u_fixed/u_portable_architecture/safety_accounting/endpoint/g_physical_safety[18].u_physical_module_safety/u_exact_duty_accountant/Q[0]
                         CARRY4 (Prop_carry4_DI[0]_O[1])
                                                      0.092     0.682 r  u_top/u_fixed/u_portable_architecture/safety_accounting/endpoint/g_physical_safety[18].u_physical_module_safety/u_exact_duty_accountant/rolling_next_carry/O[1]
                         net (fo=1, unplaced)         0.000     0.682    u_top/u_fixed/u_portable_architecture/safety_accounting/endpoint/g_physical_safety[18].u_physical_module_safety/u_exact_duty_accountant/rolling_next_carry_n_6
                         FDRE                                         r  u_top/u_fixed/u_portable_architecture/safety_accounting/endpoint/g_physical_safety[18].u_physical_module_safety/u_exact_duty_accountant/rolling_high_cycles_o_reg[1]/D
  -------------------------------------------------------------------    -------------------

                         (clock protocol_clk rise edge)
                                                      0.000     0.000 r  
                                                      0.000     0.000 r  protocol_clk_i (IN)
                         net (fo=12845, unset)        0.411     0.411    u_top/u_fixed/u_portable_architecture/safety_accounting/endpoint/g_physical_safety[18].u_physical_module_safety/u_exact_duty_accountant/protocol_clk_i
                         FDRE                                         r  u_top/u_fixed/u_portable_architecture/safety_accounting/endpoint/g_physical_safety[18].u_physical_module_safety/u_exact_duty_accountant/rolling_high_cycles_o_reg[1]/C
                         clock pessimism              0.000     0.411    
                         FDRE (Hold_fdre_C_D)         0.077     0.488    u_top/u_fixed/u_portable_architecture/safety_accounting/endpoint/g_physical_safety[18].u_physical_module_safety/u_exact_duty_accountant/rolling_high_cycles_o_reg[1]
  -------------------------------------------------------------------
                         required time                         -0.488    
                         arrival time                           0.682    
  -------------------------------------------------------------------
                         slack                                  0.194    

Slack (MET) :             0.194ns  (arrival time - required time)
  Source:                 u_top/u_fixed/u_portable_architecture/safety_accounting/endpoint/g_physical_safety[19].u_physical_module_safety/u_exact_duty_accountant/rolling_high_cycles_o_reg[0]/C
                            (rising edge-triggered cell FDRE clocked by protocol_clk  {rise@0.000ns fall@7.813ns period=15.625ns})
  Destination:            u_top/u_fixed/u_portable_architecture/safety_accounting/endpoint/g_physical_safety[19].u_physical_module_safety/u_exact_duty_accountant/rolling_high_cycles_o_reg[1]/D
                            (rising edge-triggered cell FDRE clocked by protocol_clk  {rise@0.000ns fall@7.813ns period=15.625ns})
  Path Group:             protocol_clk
  Path Type:              Hold (Min at Fast Process Corner)
  Requirement:            0.000ns  (protocol_clk rise@0.000ns - protocol_clk rise@0.000ns)
  Data Path Delay:        0.292ns  (logic 0.210ns (71.961%)  route 0.082ns (28.039%))
  Logic Levels:           1  (CARRY4=1)
  Clock Path Skew:        0.021ns (DCD - SCD - CPR)
    Destination Clock Delay (DCD):    0.411ns
    Source Clock Delay      (SCD):    0.390ns
    Clock Pessimism Removal (CPR):    -0.000ns

    Location             Delay type                Incr(ns)  Path(ns)    Netlist Resource(s)
  -------------------------------------------------------------------    -------------------
                         (clock protocol_clk rise edge)
                                                      0.000     0.000 r  
                                                      0.000     0.000 r  protocol_clk_i (IN)
                         net (fo=12845, unset)        0.390     0.390    u_top/u_fixed/u_portable_architecture/safety_accounting/endpoint/g_physical_safety[19].u_physical_module_safety/u_exact_duty_accountant/protocol_clk_i
                         FDRE                                         r  u_top/u_fixed/u_portable_architecture/safety_accounting/endpoint/g_physical_safety[19].u_physical_module_safety/u_exact_duty_accountant/rolling_high_cycles_o_reg[0]/C
  -------------------------------------------------------------------    -------------------
                         FDRE (Prop_fdre_C_Q)         0.118     0.508 r  u_top/u_fixed/u_portable_architecture/safety_accounting/endpoint/g_physical_safety[19].u_physical_module_safety/u_exact_duty_accountant/rolling_high_cycles_o_reg[0]/Q
                         net (fo=3, unplaced)         0.082     0.590    u_top/u_fixed/u_portable_architecture/safety_accounting/endpoint/g_physical_safety[19].u_physical_module_safety/u_exact_duty_accountant/Q[0]
                         CARRY4 (Prop_carry4_DI[0]_O[1])
                                                      0.092     0.682 r  u_top/u_fixed/u_portable_architecture/safety_accounting/endpoint/g_physical_safety[19].u_physical_module_safety/u_exact_duty_accountant/rolling_next_carry/O[1]
                         net (fo=1, unplaced)         0.000     0.682    u_top/u_fixed/u_portable_architecture/safety_accounting/endpoint/g_physical_safety[19].u_physical_module_safety/u_exact_duty_accountant/rolling_next_carry_n_6
                         FDRE                                         r  u_top/u_fixed/u_portable_architecture/safety_accounting/endpoint/g_physical_safety[19].u_physical_module_safety/u_exact_duty_accountant/rolling_high_cycles_o_reg[1]/D
  -------------------------------------------------------------------    -------------------

                         (clock protocol_clk rise edge)
                                                      0.000     0.000 r  
                                                      0.000     0.000 r  protocol_clk_i (IN)
                         net (fo=12845, unset)        0.411     0.411    u_top/u_fixed/u_portable_architecture/safety_accounting/endpoint/g_physical_safety[19].u_physical_module_safety/u_exact_duty_accountant/protocol_clk_i
                         FDRE                                         r  u_top/u_fixed/u_portable_architecture/safety_accounting/endpoint/g_physical_safety[19].u_physical_module_safety/u_exact_duty_accountant/rolling_high_cycles_o_reg[1]/C
                         clock pessimism              0.000     0.411    
                         FDRE (Hold_fdre_C_D)         0.077     0.488    u_top/u_fixed/u_portable_architecture/safety_accounting/endpoint/g_physical_safety[19].u_physical_module_safety/u_exact_duty_accountant/rolling_high_cycles_o_reg[1]
  -------------------------------------------------------------------
                         required time                         -0.488    
                         arrival time                           0.682    
  -------------------------------------------------------------------
                         slack                                  0.194    

Slack (MET) :             0.194ns  (arrival time - required time)
  Source:                 u_top/u_fixed/u_portable_architecture/safety_accounting/endpoint/g_physical_safety[1].u_physical_module_safety/u_exact_duty_accountant/rolling_high_cycles_o_reg[0]/C
                            (rising edge-triggered cell FDRE clocked by protocol_clk  {rise@0.000ns fall@7.813ns period=15.625ns})
  Destination:            u_top/u_fixed/u_portable_architecture/safety_accounting/endpoint/g_physical_safety[1].u_physical_module_safety/u_exact_duty_accountant/rolling_high_cycles_o_reg[1]/D
                            (rising edge-triggered cell FDRE clocked by protocol_clk  {rise@0.000ns fall@7.813ns period=15.625ns})
  Path Group:             protocol_clk
  Path Type:              Hold (Min at Fast Process Corner)
  Requirement:            0.000ns  (protocol_clk rise@0.000ns - protocol_clk rise@0.000ns)
  Data Path Delay:        0.292ns  (logic 0.210ns (71.961%)  route 0.082ns (28.039%))
  Logic Levels:           1  (CARRY4=1)
  Clock Path Skew:        0.021ns (DCD - SCD - CPR)
    Destination Clock Delay (DCD):    0.411ns
    Source Clock Delay      (SCD):    0.390ns
    Clock Pessimism Removal (CPR):    -0.000ns

    Location             Delay type                Incr(ns)  Path(ns)    Netlist Resource(s)
  -------------------------------------------------------------------    -------------------
                         (clock protocol_clk rise edge)
                                                      0.000     0.000 r  
                                                      0.000     0.000 r  protocol_clk_i (IN)
                         net (fo=12845, unset)        0.390     0.390    u_top/u_fixed/u_portable_architecture/safety_accounting/endpoint/g_physical_safety[1].u_physical_module_safety/u_exact_duty_accountant/protocol_clk_i
                         FDRE                                         r  u_top/u_fixed/u_portable_architecture/safety_accounting/endpoint/g_physical_safety[1].u_physical_module_safety/u_exact_duty_accountant/rolling_high_cycles_o_reg[0]/C
  -------------------------------------------------------------------    -------------------
                         FDRE (Prop_fdre_C_Q)         0.118     0.508 r  u_top/u_fixed/u_portable_architecture/safety_accounting/endpoint/g_physical_safety[1].u_physical_module_safety/u_exact_duty_accountant/rolling_high_cycles_o_reg[0]/Q
                         net (fo=3, unplaced)         0.082     0.590    u_top/u_fixed/u_portable_architecture/safety_accounting/endpoint/g_physical_safety[1].u_physical_module_safety/u_exact_duty_accountant/Q[0]
                         CARRY4 (Prop_carry4_DI[0]_O[1])
                                                      0.092     0.682 r  u_top/u_fixed/u_portable_architecture/safety_accounting/endpoint/g_physical_safety[1].u_physical_module_safety/u_exact_duty_accountant/rolling_next_carry/O[1]
                         net (fo=1, unplaced)         0.000     0.682    u_top/u_fixed/u_portable_architecture/safety_accounting/endpoint/g_physical_safety[1].u_physical_module_safety/u_exact_duty_accountant/rolling_next_carry_n_6
                         FDRE                                         r  u_top/u_fixed/u_portable_architecture/safety_accounting/endpoint/g_physical_safety[1].u_physical_module_safety/u_exact_duty_accountant/rolling_high_cycles_o_reg[1]/D
  -------------------------------------------------------------------    -------------------

                         (clock protocol_clk rise edge)
                                                      0.000     0.000 r  
                                                      0.000     0.000 r  protocol_clk_i (IN)
                         net (fo=12845, unset)        0.411     0.411    u_top/u_fixed/u_portable_architecture/safety_accounting/endpoint/g_physical_safety[1].u_physical_module_safety/u_exact_duty_accountant/protocol_clk_i
                         FDRE                                         r  u_top/u_fixed/u_portable_architecture/safety_accounting/endpoint/g_physical_safety[1].u_physical_module_safety/u_exact_duty_accountant/rolling_high_cycles_o_reg[1]/C
                         clock pessimism              0.000     0.411    
                         FDRE (Hold_fdre_C_D)         0.077     0.488    u_top/u_fixed/u_portable_architecture/safety_accounting/endpoint/g_physical_safety[1].u_physical_module_safety/u_exact_duty_accountant/rolling_high_cycles_o_reg[1]
  -------------------------------------------------------------------
                         required time                         -0.488    
                         arrival time                           0.682    
  -------------------------------------------------------------------
                         slack                                  0.194    

Slack (MET) :             0.194ns  (arrival time - required time)
  Source:                 u_top/u_fixed/u_portable_architecture/safety_accounting/endpoint/g_physical_safety[20].u_physical_module_safety/u_exact_duty_accountant/rolling_high_cycles_o_reg[0]/C
                            (rising edge-triggered cell FDRE clocked by protocol_clk  {rise@0.000ns fall@7.813ns period=15.625ns})
  Destination:            u_top/u_fixed/u_portable_architecture/safety_accounting/endpoint/g_physical_safety[20].u_physical_module_safety/u_exact_duty_accountant/rolling_high_cycles_o_reg[1]/D
                            (rising edge-triggered cell FDRE clocked by protocol_clk  {rise@0.000ns fall@7.813ns period=15.625ns})
  Path Group:             protocol_clk
  Path Type:              Hold (Min at Fast Process Corner)
  Requirement:            0.000ns  (protocol_clk rise@0.000ns - protocol_clk rise@0.000ns)
  Data Path Delay:        0.292ns  (logic 0.210ns (71.961%)  route 0.082ns (28.039%))
  Logic Levels:           1  (CARRY4=1)
  Clock Path Skew:        0.021ns (DCD - SCD - CPR)
    Destination Clock Delay (DCD):    0.411ns
    Source Clock Delay      (SCD):    0.390ns
    Clock Pessimism Removal (CPR):    -0.000ns

    Location             Delay type                Incr(ns)  Path(ns)    Netlist Resource(s)
  -------------------------------------------------------------------    -------------------
                         (clock protocol_clk rise edge)
                                                      0.000     0.000 r  
                                                      0.000     0.000 r  protocol_clk_i (IN)
                         net (fo=12845, unset)        0.390     0.390    u_top/u_fixed/u_portable_architecture/safety_accounting/endpoint/g_physical_safety[20].u_physical_module_safety/u_exact_duty_accountant/protocol_clk_i
                         FDRE                                         r  u_top/u_fixed/u_portable_architecture/safety_accounting/endpoint/g_physical_safety[20].u_physical_module_safety/u_exact_duty_accountant/rolling_high_cycles_o_reg[0]/C
  -------------------------------------------------------------------    -------------------
                         FDRE (Prop_fdre_C_Q)         0.118     0.508 r  u_top/u_fixed/u_portable_architecture/safety_accounting/endpoint/g_physical_safety[20].u_physical_module_safety/u_exact_duty_accountant/rolling_high_cycles_o_reg[0]/Q
                         net (fo=3, unplaced)         0.082     0.590    u_top/u_fixed/u_portable_architecture/safety_accounting/endpoint/g_physical_safety[20].u_physical_module_safety/u_exact_duty_accountant/Q[0]
                         CARRY4 (Prop_carry4_DI[0]_O[1])
                                                      0.092     0.682 r  u_top/u_fixed/u_portable_architecture/safety_accounting/endpoint/g_physical_safety[20].u_physical_module_safety/u_exact_duty_accountant/rolling_next_carry/O[1]
                         net (fo=1, unplaced)         0.000     0.682    u_top/u_fixed/u_portable_architecture/safety_accounting/endpoint/g_physical_safety[20].u_physical_module_safety/u_exact_duty_accountant/rolling_next_carry_n_6
                         FDRE                                         r  u_top/u_fixed/u_portable_architecture/safety_accounting/endpoint/g_physical_safety[20].u_physical_module_safety/u_exact_duty_accountant/rolling_high_cycles_o_reg[1]/D
  -------------------------------------------------------------------    -------------------

                         (clock protocol_clk rise edge)
                                                      0.000     0.000 r  
                                                      0.000     0.000 r  protocol_clk_i (IN)
                         net (fo=12845, unset)        0.411     0.411    u_top/u_fixed/u_portable_architecture/safety_accounting/endpoint/g_physical_safety[20].u_physical_module_safety/u_exact_duty_accountant/protocol_clk_i
                         FDRE                                         r  u_top/u_fixed/u_portable_architecture/safety_accounting/endpoint/g_physical_safety[20].u_physical_module_safety/u_exact_duty_accountant/rolling_high_cycles_o_reg[1]/C
                         clock pessimism              0.000     0.411    
                         FDRE (Hold_fdre_C_D)         0.077     0.488    u_top/u_fixed/u_portable_architecture/safety_accounting/endpoint/g_physical_safety[20].u_physical_module_safety/u_exact_duty_accountant/rolling_high_cycles_o_reg[1]
  -------------------------------------------------------------------
                         required time                         -0.488    
                         arrival time                           0.682    
  -------------------------------------------------------------------
                         slack                                  0.194    

Slack (MET) :             0.194ns  (arrival time - required time)
  Source:                 u_top/u_fixed/u_portable_architecture/safety_accounting/endpoint/g_physical_safety[21].u_physical_module_safety/u_exact_duty_accountant/rolling_high_cycles_o_reg[0]/C
                            (rising edge-triggered cell FDRE clocked by protocol_clk  {rise@0.000ns fall@7.813ns period=15.625ns})
  Destination:            u_top/u_fixed/u_portable_architecture/safety_accounting/endpoint/g_physical_safety[21].u_physical_module_safety/u_exact_duty_accountant/rolling_high_cycles_o_reg[1]/D
                            (rising edge-triggered cell FDRE clocked by protocol_clk  {rise@0.000ns fall@7.813ns period=15.625ns})
  Path Group:             protocol_clk
  Path Type:              Hold (Min at Fast Process Corner)
  Requirement:            0.000ns  (protocol_clk rise@0.000ns - protocol_clk rise@0.000ns)
  Data Path Delay:        0.292ns  (logic 0.210ns (71.961%)  route 0.082ns (28.039%))
  Logic Levels:           1  (CARRY4=1)
  Clock Path Skew:        0.021ns (DCD - SCD - CPR)
    Destination Clock Delay (DCD):    0.411ns
    Source Clock Delay      (SCD):    0.390ns
    Clock Pessimism Removal (CPR):    -0.000ns

    Location             Delay type                Incr(ns)  Path(ns)    Netlist Resource(s)
  -------------------------------------------------------------------    -------------------
                         (clock protocol_clk rise edge)
                                                      0.000     0.000 r  
                                                      0.000     0.000 r  protocol_clk_i (IN)
                         net (fo=12845, unset)        0.390     0.390    u_top/u_fixed/u_portable_architecture/safety_accounting/endpoint/g_physical_safety[21].u_physical_module_safety/u_exact_duty_accountant/protocol_clk_i
                         FDRE                                         r  u_top/u_fixed/u_portable_architecture/safety_accounting/endpoint/g_physical_safety[21].u_physical_module_safety/u_exact_duty_accountant/rolling_high_cycles_o_reg[0]/C
  -------------------------------------------------------------------    -------------------
                         FDRE (Prop_fdre_C_Q)         0.118     0.508 r  u_top/u_fixed/u_portable_architecture/safety_accounting/endpoint/g_physical_safety[21].u_physical_module_safety/u_exact_duty_accountant/rolling_high_cycles_o_reg[0]/Q
                         net (fo=3, unplaced)         0.082     0.590    u_top/u_fixed/u_portable_architecture/safety_accounting/endpoint/g_physical_safety[21].u_physical_module_safety/u_exact_duty_accountant/Q[0]
                         CARRY4 (Prop_carry4_DI[0]_O[1])
                                                      0.092     0.682 r  u_top/u_fixed/u_portable_architecture/safety_accounting/endpoint/g_physical_safety[21].u_physical_module_safety/u_exact_duty_accountant/rolling_next_carry/O[1]
                         net (fo=1, unplaced)         0.000     0.682    u_top/u_fixed/u_portable_architecture/safety_accounting/endpoint/g_physical_safety[21].u_physical_module_safety/u_exact_duty_accountant/rolling_next_carry_n_6
                         FDRE                                         r  u_top/u_fixed/u_portable_architecture/safety_accounting/endpoint/g_physical_safety[21].u_physical_module_safety/u_exact_duty_accountant/rolling_high_cycles_o_reg[1]/D
  -------------------------------------------------------------------    -------------------

                         (clock protocol_clk rise edge)
                                                      0.000     0.000 r  
                                                      0.000     0.000 r  protocol_clk_i (IN)
                         net (fo=12845, unset)        0.411     0.411    u_top/u_fixed/u_portable_architecture/safety_accounting/endpoint/g_physical_safety[21].u_physical_module_safety/u_exact_duty_accountant/protocol_clk_i
                         FDRE                                         r  u_top/u_fixed/u_portable_architecture/safety_accounting/endpoint/g_physical_safety[21].u_physical_module_safety/u_exact_duty_accountant/rolling_high_cycles_o_reg[1]/C
                         clock pessimism              0.000     0.411    
                         FDRE (Hold_fdre_C_D)         0.077     0.488    u_top/u_fixed/u_portable_architecture/safety_accounting/endpoint/g_physical_safety[21].u_physical_module_safety/u_exact_duty_accountant/rolling_high_cycles_o_reg[1]
  -------------------------------------------------------------------
                         required time                         -0.488    
                         arrival time                           0.682    
  -------------------------------------------------------------------
                         slack                                  0.194    

Slack (MET) :             0.194ns  (arrival time - required time)
  Source:                 u_top/u_fixed/u_portable_architecture/safety_accounting/endpoint/g_physical_safety[22].u_physical_module_safety/u_exact_duty_accountant/rolling_high_cycles_o_reg[0]/C
                            (rising edge-triggered cell FDRE clocked by protocol_clk  {rise@0.000ns fall@7.813ns period=15.625ns})
  Destination:            u_top/u_fixed/u_portable_architecture/safety_accounting/endpoint/g_physical_safety[22].u_physical_module_safety/u_exact_duty_accountant/rolling_high_cycles_o_reg[1]/D
                            (rising edge-triggered cell FDRE clocked by protocol_clk  {rise@0.000ns fall@7.813ns period=15.625ns})
  Path Group:             protocol_clk
  Path Type:              Hold (Min at Fast Process Corner)
  Requirement:            0.000ns  (protocol_clk rise@0.000ns - protocol_clk rise@0.000ns)
  Data Path Delay:        0.292ns  (logic 0.210ns (71.961%)  route 0.082ns (28.039%))
  Logic Levels:           1  (CARRY4=1)
  Clock Path Skew:        0.021ns (DCD - SCD - CPR)
    Destination Clock Delay (DCD):    0.411ns
    Source Clock Delay      (SCD):    0.390ns
    Clock Pessimism Removal (CPR):    -0.000ns

    Location             Delay type                Incr(ns)  Path(ns)    Netlist Resource(s)
  -------------------------------------------------------------------    -------------------
                         (clock protocol_clk rise edge)
                                                      0.000     0.000 r  
                                                      0.000     0.000 r  protocol_clk_i (IN)
                         net (fo=12845, unset)        0.390     0.390    u_top/u_fixed/u_portable_architecture/safety_accounting/endpoint/g_physical_safety[22].u_physical_module_safety/u_exact_duty_accountant/protocol_clk_i
                         FDRE                                         r  u_top/u_fixed/u_portable_architecture/safety_accounting/endpoint/g_physical_safety[22].u_physical_module_safety/u_exact_duty_accountant/rolling_high_cycles_o_reg[0]/C
  -------------------------------------------------------------------    -------------------
                         FDRE (Prop_fdre_C_Q)         0.118     0.508 r  u_top/u_fixed/u_portable_architecture/safety_accounting/endpoint/g_physical_safety[22].u_physical_module_safety/u_exact_duty_accountant/rolling_high_cycles_o_reg[0]/Q
                         net (fo=3, unplaced)         0.082     0.590    u_top/u_fixed/u_portable_architecture/safety_accounting/endpoint/g_physical_safety[22].u_physical_module_safety/u_exact_duty_accountant/Q[0]
                         CARRY4 (Prop_carry4_DI[0]_O[1])
                                                      0.092     0.682 r  u_top/u_fixed/u_portable_architecture/safety_accounting/endpoint/g_physical_safety[22].u_physical_module_safety/u_exact_duty_accountant/rolling_next_carry/O[1]
                         net (fo=1, unplaced)         0.000     0.682    u_top/u_fixed/u_portable_architecture/safety_accounting/endpoint/g_physical_safety[22].u_physical_module_safety/u_exact_duty_accountant/rolling_next_carry_n_6
                         FDRE                                         r  u_top/u_fixed/u_portable_architecture/safety_accounting/endpoint/g_physical_safety[22].u_physical_module_safety/u_exact_duty_accountant/rolling_high_cycles_o_reg[1]/D
  -------------------------------------------------------------------    -------------------

                         (clock protocol_clk rise edge)
                                                      0.000     0.000 r  
                                                      0.000     0.000 r  protocol_clk_i (IN)
                         net (fo=12845, unset)        0.411     0.411    u_top/u_fixed/u_portable_architecture/safety_accounting/endpoint/g_physical_safety[22].u_physical_module_safety/u_exact_duty_accountant/protocol_clk_i
                         FDRE                                         r  u_top/u_fixed/u_portable_architecture/safety_accounting/endpoint/g_physical_safety[22].u_physical_module_safety/u_exact_duty_accountant/rolling_high_cycles_o_reg[1]/C
                         clock pessimism              0.000     0.411    
                         FDRE (Hold_fdre_C_D)         0.077     0.488    u_top/u_fixed/u_portable_architecture/safety_accounting/endpoint/g_physical_safety[22].u_physical_module_safety/u_exact_duty_accountant/rolling_high_cycles_o_reg[1]
  -------------------------------------------------------------------
                         required time                         -0.488    
                         arrival time                           0.682    
  -------------------------------------------------------------------
                         slack                                  0.194    





Pulse Width Checks
--------------------------------------------------------------------------------------
Clock Name:         protocol_clk
Waveform(ns):       { 0.000 7.812 }
Period(ns):         15.625
Sources:            { protocol_clk_i }

Check Type        Corner  Lib Pin             Reference Pin  Required(ns)  Actual(ns)  Slack(ns)  Location  Pin
Min Period        n/a     RAMB36E1/CLKARDCLK  n/a            2.761         15.625      12.864               u_top/u_fixed/u_portable_architecture/safety_accounting/endpoint/g_physical_safety[0].u_physical_module_safety/u_exact_duty_accountant/history_mem_reg_0/CLKARDCLK
Min Period        n/a     RAMB36E1/CLKARDCLK  n/a            2.761         15.625      12.864               u_top/u_fixed/u_portable_architecture/safety_accounting/endpoint/g_physical_safety[0].u_physical_module_safety/u_exact_duty_accountant/history_mem_reg_1/CLKARDCLK
Min Period        n/a     RAMB36E1/CLKARDCLK  n/a            2.761         15.625      12.864               u_top/u_fixed/u_portable_architecture/safety_accounting/endpoint/g_physical_safety[10].u_physical_module_safety/u_exact_duty_accountant/history_mem_reg_0/CLKARDCLK
Min Period        n/a     RAMB36E1/CLKARDCLK  n/a            2.761         15.625      12.864               u_top/u_fixed/u_portable_architecture/safety_accounting/endpoint/g_physical_safety[10].u_physical_module_safety/u_exact_duty_accountant/history_mem_reg_1/CLKARDCLK
Min Period        n/a     RAMB36E1/CLKARDCLK  n/a            2.761         15.625      12.864               u_top/u_fixed/u_portable_architecture/safety_accounting/endpoint/g_physical_safety[11].u_physical_module_safety/u_exact_duty_accountant/history_mem_reg_0/CLKARDCLK
Min Period        n/a     RAMB36E1/CLKARDCLK  n/a            2.761         15.625      12.864               u_top/u_fixed/u_portable_architecture/safety_accounting/endpoint/g_physical_safety[11].u_physical_module_safety/u_exact_duty_accountant/history_mem_reg_1/CLKARDCLK
Min Period        n/a     RAMB36E1/CLKARDCLK  n/a            2.761         15.625      12.864               u_top/u_fixed/u_portable_architecture/safety_accounting/endpoint/g_physical_safety[12].u_physical_module_safety/u_exact_duty_accountant/history_mem_reg_0/CLKARDCLK
Min Period        n/a     RAMB36E1/CLKARDCLK  n/a            2.761         15.625      12.864               u_top/u_fixed/u_portable_architecture/safety_accounting/endpoint/g_physical_safety[12].u_physical_module_safety/u_exact_duty_accountant/history_mem_reg_1/CLKARDCLK
Min Period        n/a     RAMB36E1/CLKARDCLK  n/a            2.761         15.625      12.864               u_top/u_fixed/u_portable_architecture/safety_accounting/endpoint/g_physical_safety[13].u_physical_module_safety/u_exact_duty_accountant/history_mem_reg_0/CLKARDCLK
Min Period        n/a     RAMB36E1/CLKARDCLK  n/a            2.761         15.625      12.864               u_top/u_fixed/u_portable_architecture/safety_accounting/endpoint/g_physical_safety[13].u_physical_module_safety/u_exact_duty_accountant/history_mem_reg_1/CLKARDCLK
Min Period        n/a     RAMB36E1/CLKARDCLK  n/a            2.761         15.625      12.864               u_top/u_fixed/u_portable_architecture/safety_accounting/endpoint/g_physical_safety[14].u_physical_module_safety/u_exact_duty_accountant/history_mem_reg_0/CLKARDCLK
Min Period        n/a     RAMB36E1/CLKARDCLK  n/a            2.761         15.625      12.864               u_top/u_fixed/u_portable_architecture/safety_accounting/endpoint/g_physical_safety[14].u_physical_module_safety/u_exact_duty_accountant/history_mem_reg_1/CLKARDCLK
Min Period        n/a     RAMB36E1/CLKARDCLK  n/a            2.761         15.625      12.864               u_top/u_fixed/u_portable_architecture/safety_accounting/endpoint/g_physical_safety[15].u_physical_module_safety/u_exact_duty_accountant/history_mem_reg_0/CLKARDCLK
Min Period        n/a     RAMB36E1/CLKARDCLK  n/a            2.761         15.625      12.864               u_top/u_fixed/u_portable_architecture/safety_accounting/endpoint/g_physical_safety[15].u_physical_module_safety/u_exact_duty_accountant/history_mem_reg_1/CLKARDCLK
Min Period        n/a     RAMB36E1/CLKARDCLK  n/a            2.761         15.625      12.864               u_top/u_fixed/u_portable_architecture/safety_accounting/endpoint/g_physical_safety[16].u_physical_module_safety/u_exact_duty_accountant/history_mem_reg_0/CLKARDCLK
Min Period        n/a     RAMB36E1/CLKARDCLK  n/a            2.761         15.625      12.864               u_top/u_fixed/u_portable_architecture/safety_accounting/endpoint/g_physical_safety[16].u_physical_module_safety/u_exact_duty_accountant/history_mem_reg_1/CLKARDCLK
Min Period        n/a     RAMB36E1/CLKARDCLK  n/a            2.761         15.625      12.864               u_top/u_fixed/u_portable_architecture/safety_accounting/endpoint/g_physical_safety[17].u_physical_module_safety/u_exact_duty_accountant/history_mem_reg_0/CLKARDCLK
Min Period        n/a     RAMB36E1/CLKARDCLK  n/a            2.761         15.625      12.864               u_top/u_fixed/u_portable_architecture/safety_accounting/endpoint/g_physical_safety[17].u_physical_module_safety/u_exact_duty_accountant/history_mem_reg_1/CLKARDCLK
Min Period        n/a     RAMB36E1/CLKARDCLK  n/a            2.761         15.625      12.864               u_top/u_fixed/u_portable_architecture/safety_accounting/endpoint/g_physical_safety[18].u_physical_module_safety/u_exact_duty_accountant/history_mem_reg_0/CLKARDCLK
Min Period        n/a     RAMB36E1/CLKARDCLK  n/a            2.761         15.625      12.864               u_top/u_fixed/u_portable_architecture/safety_accounting/endpoint/g_physical_safety[18].u_physical_module_safety/u_exact_duty_accountant/history_mem_reg_1/CLKARDCLK
Low Pulse Width   Slow    RAMD64E/CLK         n/a            1.130         7.813       6.683                u_top/u_fixed/u_portable_architecture/data_plane/u_rx_window/entry_metadata_reg_r1_0_63_30_32/RAMA/CLK
Low Pulse Width   Fast    RAMD64E/CLK         n/a            1.130         7.812       6.682                u_top/u_fixed/u_portable_architecture/data_plane/u_rx_window/entry_metadata_reg_r1_0_63_30_32/RAMA/CLK
Low Pulse Width   Slow    RAMD64E/CLK         n/a            1.130         7.813       6.683                u_top/u_fixed/u_portable_architecture/data_plane/u_rx_window/entry_metadata_reg_r1_0_63_30_32/RAMB/CLK
Low Pulse Width   Fast    RAMD64E/CLK         n/a            1.130         7.812       6.682                u_top/u_fixed/u_portable_architecture/data_plane/u_rx_window/entry_metadata_reg_r1_0_63_30_32/RAMB/CLK
Low Pulse Width   Slow    RAMD64E/CLK         n/a            1.130         7.813       6.683                u_top/u_fixed/u_portable_architecture/data_plane/u_rx_window/entry_metadata_reg_r1_0_63_30_32/RAMC/CLK
Low Pulse Width   Fast    RAMD64E/CLK         n/a            1.130         7.812       6.682                u_top/u_fixed/u_portable_architecture/data_plane/u_rx_window/entry_metadata_reg_r1_0_63_30_32/RAMC/CLK
Low Pulse Width   Slow    RAMD64E/CLK         n/a            1.130         7.813       6.683                u_top/u_fixed/u_portable_architecture/data_plane/u_rx_window/entry_metadata_reg_r1_0_63_30_32/RAMD/CLK
Low Pulse Width   Fast    RAMD64E/CLK         n/a            1.130         7.812       6.682                u_top/u_fixed/u_portable_architecture/data_plane/u_rx_window/entry_metadata_reg_r1_0_63_30_32/RAMD/CLK
Low Pulse Width   Slow    RAMD64E/CLK         n/a            1.130         7.813       6.683                u_top/u_fixed/u_portable_architecture/data_plane/u_rx_window/entry_metadata_reg_r1_0_63_33_35/RAMA/CLK
Low Pulse Width   Fast    RAMD64E/CLK         n/a            1.130         7.812       6.682                u_top/u_fixed/u_portable_architecture/data_plane/u_rx_window/entry_metadata_reg_r1_0_63_33_35/RAMA/CLK
Low Pulse Width   Slow    RAMD64E/CLK         n/a            1.130         7.813       6.683                u_top/u_fixed/u_portable_architecture/data_plane/u_rx_window/entry_metadata_reg_r1_0_63_33_35/RAMB/CLK
Low Pulse Width   Fast    RAMD64E/CLK         n/a            1.130         7.812       6.682                u_top/u_fixed/u_portable_architecture/data_plane/u_rx_window/entry_metadata_reg_r1_0_63_33_35/RAMB/CLK
Low Pulse Width   Slow    RAMD64E/CLK         n/a            1.130         7.813       6.683                u_top/u_fixed/u_portable_architecture/data_plane/u_rx_window/entry_metadata_reg_r1_0_63_33_35/RAMC/CLK
Low Pulse Width   Fast    RAMD64E/CLK         n/a            1.130         7.812       6.682                u_top/u_fixed/u_portable_architecture/data_plane/u_rx_window/entry_metadata_reg_r1_0_63_33_35/RAMC/CLK
Low Pulse Width   Slow    RAMD64E/CLK         n/a            1.130         7.813       6.683                u_top/u_fixed/u_portable_architecture/data_plane/u_rx_window/entry_metadata_reg_r1_0_63_33_35/RAMD/CLK
Low Pulse Width   Fast    RAMD64E/CLK         n/a            1.130         7.812       6.682                u_top/u_fixed/u_portable_architecture/data_plane/u_rx_window/entry_metadata_reg_r1_0_63_33_35/RAMD/CLK
Low Pulse Width   Slow    RAMD64E/CLK         n/a            1.130         7.813       6.683                u_top/u_fixed/u_portable_architecture/data_plane/u_rx_window/entry_metadata_reg_r1_0_63_36_38/RAMA/CLK
Low Pulse Width   Fast    RAMD64E/CLK         n/a            1.130         7.812       6.682                u_top/u_fixed/u_portable_architecture/data_plane/u_rx_window/entry_metadata_reg_r1_0_63_36_38/RAMA/CLK
Low Pulse Width   Slow    RAMD64E/CLK         n/a            1.130         7.813       6.683                u_top/u_fixed/u_portable_architecture/data_plane/u_rx_window/entry_metadata_reg_r1_0_63_36_38/RAMB/CLK
Low Pulse Width   Fast    RAMD64E/CLK         n/a            1.130         7.812       6.682                u_top/u_fixed/u_portable_architecture/data_plane/u_rx_window/entry_metadata_reg_r1_0_63_36_38/RAMB/CLK
High Pulse Width  Slow    RAMD64E/CLK         n/a            1.130         7.812       6.682                u_top/u_fixed/u_portable_architecture/data_plane/u_rx_window/entry_metadata_reg_r1_0_63_30_32/RAMA/CLK
High Pulse Width  Fast    RAMD64E/CLK         n/a            1.130         7.812       6.682                u_top/u_fixed/u_portable_architecture/data_plane/u_rx_window/entry_metadata_reg_r1_0_63_30_32/RAMA/CLK
High Pulse Width  Slow    RAMD64E/CLK         n/a            1.130         7.812       6.682                u_top/u_fixed/u_portable_architecture/data_plane/u_rx_window/entry_metadata_reg_r1_0_63_30_32/RAMB/CLK
High Pulse Width  Fast    RAMD64E/CLK         n/a            1.130         7.812       6.682                u_top/u_fixed/u_portable_architecture/data_plane/u_rx_window/entry_metadata_reg_r1_0_63_30_32/RAMB/CLK
High Pulse Width  Slow    RAMD64E/CLK         n/a            1.130         7.812       6.682                u_top/u_fixed/u_portable_architecture/data_plane/u_rx_window/entry_metadata_reg_r1_0_63_30_32/RAMC/CLK
High Pulse Width  Fast    RAMD64E/CLK         n/a            1.130         7.812       6.682                u_top/u_fixed/u_portable_architecture/data_plane/u_rx_window/entry_metadata_reg_r1_0_63_30_32/RAMC/CLK
High Pulse Width  Slow    RAMD64E/CLK         n/a            1.130         7.812       6.682                u_top/u_fixed/u_portable_architecture/data_plane/u_rx_window/entry_metadata_reg_r1_0_63_30_32/RAMD/CLK
High Pulse Width  Fast    RAMD64E/CLK         n/a            1.130         7.812       6.682                u_top/u_fixed/u_portable_architecture/data_plane/u_rx_window/entry_metadata_reg_r1_0_63_30_32/RAMD/CLK
High Pulse Width  Slow    RAMD64E/CLK         n/a            1.130         7.812       6.682                u_top/u_fixed/u_portable_architecture/data_plane/u_rx_window/entry_metadata_reg_r1_0_63_33_35/RAMA/CLK
High Pulse Width  Fast    RAMD64E/CLK         n/a            1.130         7.812       6.682                u_top/u_fixed/u_portable_architecture/data_plane/u_rx_window/entry_metadata_reg_r1_0_63_33_35/RAMA/CLK
High Pulse Width  Slow    RAMD64E/CLK         n/a            1.130         7.812       6.682                u_top/u_fixed/u_portable_architecture/data_plane/u_rx_window/entry_metadata_reg_r1_0_63_33_35/RAMB/CLK
High Pulse Width  Fast    RAMD64E/CLK         n/a            1.130         7.812       6.682                u_top/u_fixed/u_portable_architecture/data_plane/u_rx_window/entry_metadata_reg_r1_0_63_33_35/RAMB/CLK
High Pulse Width  Slow    RAMD64E/CLK         n/a            1.130         7.812       6.682                u_top/u_fixed/u_portable_architecture/data_plane/u_rx_window/entry_metadata_reg_r1_0_63_33_35/RAMC/CLK
High Pulse Width  Fast    RAMD64E/CLK         n/a            1.130         7.812       6.682                u_top/u_fixed/u_portable_architecture/data_plane/u_rx_window/entry_metadata_reg_r1_0_63_33_35/RAMC/CLK
High Pulse Width  Slow    RAMD64E/CLK         n/a            1.130         7.812       6.682                u_top/u_fixed/u_portable_architecture/data_plane/u_rx_window/entry_metadata_reg_r1_0_63_33_35/RAMD/CLK
High Pulse Width  Fast    RAMD64E/CLK         n/a            1.130         7.812       6.682                u_top/u_fixed/u_portable_architecture/data_plane/u_rx_window/entry_metadata_reg_r1_0_63_33_35/RAMD/CLK
High Pulse Width  Slow    RAMD64E/CLK         n/a            1.130         7.812       6.682                u_top/u_fixed/u_portable_architecture/data_plane/u_rx_window/entry_metadata_reg_r1_0_63_36_38/RAMA/CLK
High Pulse Width  Fast    RAMD64E/CLK         n/a            1.130         7.812       6.682                u_top/u_fixed/u_portable_architecture/data_plane/u_rx_window/entry_metadata_reg_r1_0_63_36_38/RAMA/CLK
High Pulse Width  Slow    RAMD64E/CLK         n/a            1.130         7.812       6.682                u_top/u_fixed/u_portable_architecture/data_plane/u_rx_window/entry_metadata_reg_r1_0_63_36_38/RAMB/CLK
High Pulse Width  Fast    RAMD64E/CLK         n/a            1.130         7.812       6.682                u_top/u_fixed/u_portable_architecture/data_plane/u_rx_window/entry_metadata_reg_r1_0_63_36_38/RAMB/CLK



---------------------------------------------------------------------------------------------------
Path Group:  **async_default**
From Clock:  axis_dma_clk
  To Clock:  axis_dma_clk

Setup :            0  Failing Endpoints,  Worst Slack        8.045ns,  Total Violation        0.000ns
Hold  :            0  Failing Endpoints,  Worst Slack        0.807ns,  Total Violation        0.000ns
---------------------------------------------------------------------------------------------------


Max Delay Paths
--------------------------------------------------------------------------------------
Slack (MET) :             8.045ns  (required time - arrival time)
  Source:                 u_top/u_fixed/u_axis_reset/reset_pipe_reg[2]/C
                            (rising edge-triggered cell FDCE clocked by axis_dma_clk  {rise@0.000ns fall@5.000ns period=10.000ns})
  Destination:            u_top/u_fixed/u_abort_axis_sync/sync_pipe_reg[0]/CLR
                            (recovery check against rising-edge clock axis_dma_clk  {rise@0.000ns fall@5.000ns period=10.000ns})
  Path Group:             **async_default**
  Path Type:              Recovery (Max at Slow Process Corner)
  Requirement:            10.000ns  (axis_dma_clk rise@10.000ns - axis_dma_clk rise@0.000ns)
  Data Path Delay:        1.518ns  (logic 0.535ns (35.244%)  route 0.983ns (64.756%))
  Logic Levels:           1  (LUT1=1)
  Clock Path Skew:        -0.039ns (DCD - SCD + CPR)
    Destination Clock Delay (DCD):    0.748ns = ( 10.748 - 10.000 ) 
    Source Clock Delay      (SCD):    0.787ns
    Clock Pessimism Removal (CPR):    0.000ns
  Clock Uncertainty:      0.035ns  ((TSJ^2 + TIJ^2)^1/2 + DJ) / 2 + PE
    Total System Jitter     (TSJ):    0.071ns
    Total Input Jitter      (TIJ):    0.000ns
    Discrete Jitter          (DJ):    0.000ns
    Phase Error              (PE):    0.000ns

    Location             Delay type                Incr(ns)  Path(ns)    Netlist Resource(s)
  -------------------------------------------------------------------    -------------------
                         (clock axis_dma_clk rise edge)
                                                      0.000     0.000 r  
                                                      0.000     0.000 r  axis_dma_clk_i (IN)
                         net (fo=41, unset)           0.787     0.787    u_top/u_fixed/u_axis_reset/axis_dma_clk_i
                         FDCE                                         r  u_top/u_fixed/u_axis_reset/reset_pipe_reg[2]/C
  -------------------------------------------------------------------    -------------------
                         FDCE (Prop_fdce_C_Q)         0.303     1.090 r  u_top/u_fixed/u_axis_reset/reset_pipe_reg[2]/Q
                         net (fo=4, unplaced)         0.264     1.354    u_top/u_fixed/u_axis_reset/reset_pipe[2]
                         LUT1 (Prop_lut1_I0_O)        0.232     1.586 f  u_top/u_fixed/u_axis_reset/ack_sync[1]_i_1/O
                         net (fo=37, unplaced)        0.719     2.305    u_top/u_fixed/u_abort_axis_sync/clear
                         FDCE                                         f  u_top/u_fixed/u_abort_axis_sync/sync_pipe_reg[0]/CLR
  -------------------------------------------------------------------    -------------------

                         (clock axis_dma_clk rise edge)
                                                     10.000    10.000 r  
                                                      0.000    10.000 r  axis_dma_clk_i (IN)
                         net (fo=41, unset)           0.748    10.748    u_top/u_fixed/u_abort_axis_sync/axis_dma_clk_i
                         FDCE                                         r  u_top/u_fixed/u_abort_axis_sync/sync_pipe_reg[0]/C
                         clock pessimism              0.000    10.748    
                         clock uncertainty           -0.035    10.712    
                         FDCE (Recov_fdce_C_CLR)     -0.362    10.350    u_top/u_fixed/u_abort_axis_sync/sync_pipe_reg[0]
  -------------------------------------------------------------------
                         required time                         10.350    
                         arrival time                          -2.305    
  -------------------------------------------------------------------
                         slack                                  8.045    

Slack (MET) :             8.045ns  (required time - arrival time)
  Source:                 u_top/u_fixed/u_axis_reset/reset_pipe_reg[2]/C
                            (rising edge-triggered cell FDCE clocked by axis_dma_clk  {rise@0.000ns fall@5.000ns period=10.000ns})
  Destination:            u_top/u_fixed/u_abort_axis_sync/sync_pipe_reg[1]/CLR
                            (recovery check against rising-edge clock axis_dma_clk  {rise@0.000ns fall@5.000ns period=10.000ns})
  Path Group:             **async_default**
  Path Type:              Recovery (Max at Slow Process Corner)
  Requirement:            10.000ns  (axis_dma_clk rise@10.000ns - axis_dma_clk rise@0.000ns)
  Data Path Delay:        1.518ns  (logic 0.535ns (35.244%)  route 0.983ns (64.756%))
  Logic Levels:           1  (LUT1=1)
  Clock Path Skew:        -0.039ns (DCD - SCD + CPR)
    Destination Clock Delay (DCD):    0.748ns = ( 10.748 - 10.000 ) 
    Source Clock Delay      (SCD):    0.787ns
    Clock Pessimism Removal (CPR):    0.000ns
  Clock Uncertainty:      0.035ns  ((TSJ^2 + TIJ^2)^1/2 + DJ) / 2 + PE
    Total System Jitter     (TSJ):    0.071ns
    Total Input Jitter      (TIJ):    0.000ns
    Discrete Jitter          (DJ):    0.000ns
    Phase Error              (PE):    0.000ns

    Location             Delay type                Incr(ns)  Path(ns)    Netlist Resource(s)
  -------------------------------------------------------------------    -------------------
                         (clock axis_dma_clk rise edge)
                                                      0.000     0.000 r  
                                                      0.000     0.000 r  axis_dma_clk_i (IN)
                         net (fo=41, unset)           0.787     0.787    u_top/u_fixed/u_axis_reset/axis_dma_clk_i
                         FDCE                                         r  u_top/u_fixed/u_axis_reset/reset_pipe_reg[2]/C
  -------------------------------------------------------------------    -------------------
                         FDCE (Prop_fdce_C_Q)         0.303     1.090 r  u_top/u_fixed/u_axis_reset/reset_pipe_reg[2]/Q
                         net (fo=4, unplaced)         0.264     1.354    u_top/u_fixed/u_axis_reset/reset_pipe[2]
                         LUT1 (Prop_lut1_I0_O)        0.232     1.586 f  u_top/u_fixed/u_axis_reset/ack_sync[1]_i_1/O
                         net (fo=37, unplaced)        0.719     2.305    u_top/u_fixed/u_abort_axis_sync/clear
                         FDCE                                         f  u_top/u_fixed/u_abort_axis_sync/sync_pipe_reg[1]/CLR
  -------------------------------------------------------------------    -------------------

                         (clock axis_dma_clk rise edge)
                                                     10.000    10.000 r  
                                                      0.000    10.000 r  axis_dma_clk_i (IN)
                         net (fo=41, unset)           0.748    10.748    u_top/u_fixed/u_abort_axis_sync/axis_dma_clk_i
                         FDCE                                         r  u_top/u_fixed/u_abort_axis_sync/sync_pipe_reg[1]/C
                         clock pessimism              0.000    10.748    
                         clock uncertainty           -0.035    10.712    
                         FDCE (Recov_fdce_C_CLR)     -0.362    10.350    u_top/u_fixed/u_abort_axis_sync/sync_pipe_reg[1]
  -------------------------------------------------------------------
                         required time                         10.350    
                         arrival time                          -2.305    
  -------------------------------------------------------------------
                         slack                                  8.045    

Slack (MET) :             8.045ns  (required time - arrival time)
  Source:                 u_top/u_fixed/u_axis_reset/reset_pipe_reg[2]/C
                            (rising edge-triggered cell FDCE clocked by axis_dma_clk  {rise@0.000ns fall@5.000ns period=10.000ns})
  Destination:            u_top/u_fixed/u_dma_kick_sync/ack_sync_reg[0]/CLR
                            (recovery check against rising-edge clock axis_dma_clk  {rise@0.000ns fall@5.000ns period=10.000ns})
  Path Group:             **async_default**
  Path Type:              Recovery (Max at Slow Process Corner)
  Requirement:            10.000ns  (axis_dma_clk rise@10.000ns - axis_dma_clk rise@0.000ns)
  Data Path Delay:        1.518ns  (logic 0.535ns (35.244%)  route 0.983ns (64.756%))
  Logic Levels:           1  (LUT1=1)
  Clock Path Skew:        -0.039ns (DCD - SCD + CPR)
    Destination Clock Delay (DCD):    0.748ns = ( 10.748 - 10.000 ) 
    Source Clock Delay      (SCD):    0.787ns
    Clock Pessimism Removal (CPR):    0.000ns
  Clock Uncertainty:      0.035ns  ((TSJ^2 + TIJ^2)^1/2 + DJ) / 2 + PE
    Total System Jitter     (TSJ):    0.071ns
    Total Input Jitter      (TIJ):    0.000ns
    Discrete Jitter          (DJ):    0.000ns
    Phase Error              (PE):    0.000ns

    Location             Delay type                Incr(ns)  Path(ns)    Netlist Resource(s)
  -------------------------------------------------------------------    -------------------
                         (clock axis_dma_clk rise edge)
                                                      0.000     0.000 r  
                                                      0.000     0.000 r  axis_dma_clk_i (IN)
                         net (fo=41, unset)           0.787     0.787    u_top/u_fixed/u_axis_reset/axis_dma_clk_i
                         FDCE                                         r  u_top/u_fixed/u_axis_reset/reset_pipe_reg[2]/C
  -------------------------------------------------------------------    -------------------
                         FDCE (Prop_fdce_C_Q)         0.303     1.090 r  u_top/u_fixed/u_axis_reset/reset_pipe_reg[2]/Q
                         net (fo=4, unplaced)         0.264     1.354    u_top/u_fixed/u_axis_reset/reset_pipe[2]
                         LUT1 (Prop_lut1_I0_O)        0.232     1.586 f  u_top/u_fixed/u_axis_reset/ack_sync[1]_i_1/O
                         net (fo=37, unplaced)        0.719     2.305    u_top/u_fixed/u_dma_kick_sync/clear
                         FDCE                                         f  u_top/u_fixed/u_dma_kick_sync/ack_sync_reg[0]/CLR
  -------------------------------------------------------------------    -------------------

                         (clock axis_dma_clk rise edge)
                                                     10.000    10.000 r  
                                                      0.000    10.000 r  axis_dma_clk_i (IN)
                         net (fo=41, unset)           0.748    10.748    u_top/u_fixed/u_dma_kick_sync/axis_dma_clk_i
                         FDCE                                         r  u_top/u_fixed/u_dma_kick_sync/ack_sync_reg[0]/C
                         clock pessimism              0.000    10.748    
                         clock uncertainty           -0.035    10.712    
                         FDCE (Recov_fdce_C_CLR)     -0.362    10.350    u_top/u_fixed/u_dma_kick_sync/ack_sync_reg[0]
  -------------------------------------------------------------------
                         required time                         10.350    
                         arrival time                          -2.305    
  -------------------------------------------------------------------
                         slack                                  8.045    

Slack (MET) :             8.045ns  (required time - arrival time)
  Source:                 u_top/u_fixed/u_axis_reset/reset_pipe_reg[2]/C
                            (rising edge-triggered cell FDCE clocked by axis_dma_clk  {rise@0.000ns fall@5.000ns period=10.000ns})
  Destination:            u_top/u_fixed/u_dma_kick_sync/ack_sync_reg[1]/CLR
                            (recovery check against rising-edge clock axis_dma_clk  {rise@0.000ns fall@5.000ns period=10.000ns})
  Path Group:             **async_default**
  Path Type:              Recovery (Max at Slow Process Corner)
  Requirement:            10.000ns  (axis_dma_clk rise@10.000ns - axis_dma_clk rise@0.000ns)
  Data Path Delay:        1.518ns  (logic 0.535ns (35.244%)  route 0.983ns (64.756%))
  Logic Levels:           1  (LUT1=1)
  Clock Path Skew:        -0.039ns (DCD - SCD + CPR)
    Destination Clock Delay (DCD):    0.748ns = ( 10.748 - 10.000 ) 
    Source Clock Delay      (SCD):    0.787ns
    Clock Pessimism Removal (CPR):    0.000ns
  Clock Uncertainty:      0.035ns  ((TSJ^2 + TIJ^2)^1/2 + DJ) / 2 + PE
    Total System Jitter     (TSJ):    0.071ns
    Total Input Jitter      (TIJ):    0.000ns
    Discrete Jitter          (DJ):    0.000ns
    Phase Error              (PE):    0.000ns

    Location             Delay type                Incr(ns)  Path(ns)    Netlist Resource(s)
  -------------------------------------------------------------------    -------------------
                         (clock axis_dma_clk rise edge)
                                                      0.000     0.000 r  
                                                      0.000     0.000 r  axis_dma_clk_i (IN)
                         net (fo=41, unset)           0.787     0.787    u_top/u_fixed/u_axis_reset/axis_dma_clk_i
                         FDCE                                         r  u_top/u_fixed/u_axis_reset/reset_pipe_reg[2]/C
  -------------------------------------------------------------------    -------------------
                         FDCE (Prop_fdce_C_Q)         0.303     1.090 r  u_top/u_fixed/u_axis_reset/reset_pipe_reg[2]/Q
                         net (fo=4, unplaced)         0.264     1.354    u_top/u_fixed/u_axis_reset/reset_pipe[2]
                         LUT1 (Prop_lut1_I0_O)        0.232     1.586 f  u_top/u_fixed/u_axis_reset/ack_sync[1]_i_1/O
                         net (fo=37, unplaced)        0.719     2.305    u_top/u_fixed/u_dma_kick_sync/clear
                         FDCE                                         f  u_top/u_fixed/u_dma_kick_sync/ack_sync_reg[1]/CLR
  -------------------------------------------------------------------    -------------------

                         (clock axis_dma_clk rise edge)
                                                     10.000    10.000 r  
                                                      0.000    10.000 r  axis_dma_clk_i (IN)
                         net (fo=41, unset)           0.748    10.748    u_top/u_fixed/u_dma_kick_sync/axis_dma_clk_i
                         FDCE                                         r  u_top/u_fixed/u_dma_kick_sync/ack_sync_reg[1]/C
                         clock pessimism              0.000    10.748    
                         clock uncertainty           -0.035    10.712    
                         FDCE (Recov_fdce_C_CLR)     -0.362    10.350    u_top/u_fixed/u_dma_kick_sync/ack_sync_reg[1]
  -------------------------------------------------------------------
                         required time                         10.350    
                         arrival time                          -2.305    
  -------------------------------------------------------------------
                         slack                                  8.045    

Slack (MET) :             8.045ns  (required time - arrival time)
  Source:                 u_top/u_fixed/u_axis_reset/reset_pipe_reg[2]/C
                            (rising edge-triggered cell FDCE clocked by axis_dma_clk  {rise@0.000ns fall@5.000ns period=10.000ns})
  Destination:            u_top/u_fixed/u_dma_kick_sync/request_toggle_reg/CLR
                            (recovery check against rising-edge clock axis_dma_clk  {rise@0.000ns fall@5.000ns period=10.000ns})
  Path Group:             **async_default**
  Path Type:              Recovery (Max at Slow Process Corner)
  Requirement:            10.000ns  (axis_dma_clk rise@10.000ns - axis_dma_clk rise@0.000ns)
  Data Path Delay:        1.518ns  (logic 0.535ns (35.244%)  route 0.983ns (64.756%))
  Logic Levels:           1  (LUT1=1)
  Clock Path Skew:        -0.039ns (DCD - SCD + CPR)
    Destination Clock Delay (DCD):    0.748ns = ( 10.748 - 10.000 ) 
    Source Clock Delay      (SCD):    0.787ns
    Clock Pessimism Removal (CPR):    0.000ns
  Clock Uncertainty:      0.035ns  ((TSJ^2 + TIJ^2)^1/2 + DJ) / 2 + PE
    Total System Jitter     (TSJ):    0.071ns
    Total Input Jitter      (TIJ):    0.000ns
    Discrete Jitter          (DJ):    0.000ns
    Phase Error              (PE):    0.000ns

    Location             Delay type                Incr(ns)  Path(ns)    Netlist Resource(s)
  -------------------------------------------------------------------    -------------------
                         (clock axis_dma_clk rise edge)
                                                      0.000     0.000 r  
                                                      0.000     0.000 r  axis_dma_clk_i (IN)
                         net (fo=41, unset)           0.787     0.787    u_top/u_fixed/u_axis_reset/axis_dma_clk_i
                         FDCE                                         r  u_top/u_fixed/u_axis_reset/reset_pipe_reg[2]/C
  -------------------------------------------------------------------    -------------------
                         FDCE (Prop_fdce_C_Q)         0.303     1.090 r  u_top/u_fixed/u_axis_reset/reset_pipe_reg[2]/Q
                         net (fo=4, unplaced)         0.264     1.354    u_top/u_fixed/u_axis_reset/reset_pipe[2]
                         LUT1 (Prop_lut1_I0_O)        0.232     1.586 f  u_top/u_fixed/u_axis_reset/ack_sync[1]_i_1/O
                         net (fo=37, unplaced)        0.719     2.305    u_top/u_fixed/u_dma_kick_sync/clear
                         FDCE                                         f  u_top/u_fixed/u_dma_kick_sync/request_toggle_reg/CLR
  -------------------------------------------------------------------    -------------------

                         (clock axis_dma_clk rise edge)
                                                     10.000    10.000 r  
                                                      0.000    10.000 r  axis_dma_clk_i (IN)
                         net (fo=41, unset)           0.748    10.748    u_top/u_fixed/u_dma_kick_sync/axis_dma_clk_i
                         FDCE                                         r  u_top/u_fixed/u_dma_kick_sync/request_toggle_reg/C
                         clock pessimism              0.000    10.748    
                         clock uncertainty           -0.035    10.712    
                         FDCE (Recov_fdce_C_CLR)     -0.362    10.350    u_top/u_fixed/u_dma_kick_sync/request_toggle_reg
  -------------------------------------------------------------------
                         required time                         10.350    
                         arrival time                          -2.305    
  -------------------------------------------------------------------
                         slack                                  8.045    





Min Delay Paths
--------------------------------------------------------------------------------------
Slack (MET) :             0.807ns  (arrival time - required time)
  Source:                 u_top/u_fixed/u_axis_reset/reset_pipe_reg[2]/C
                            (rising edge-triggered cell FDCE clocked by axis_dma_clk  {rise@0.000ns fall@5.000ns period=10.000ns})
  Destination:            u_top/u_fixed/u_abort_axis_sync/sync_pipe_reg[0]/CLR
                            (removal check against rising-edge clock axis_dma_clk  {rise@0.000ns fall@5.000ns period=10.000ns})
  Path Group:             **async_default**
  Path Type:              Removal (Min at Fast Process Corner)
  Requirement:            0.000ns  (axis_dma_clk rise@0.000ns - axis_dma_clk rise@0.000ns)
  Data Path Delay:        0.703ns  (logic 0.216ns (30.705%)  route 0.487ns (69.295%))
  Logic Levels:           1  (LUT1=1)
  Clock Path Skew:        0.021ns (DCD - SCD - CPR)
    Destination Clock Delay (DCD):    0.411ns
    Source Clock Delay      (SCD):    0.390ns
    Clock Pessimism Removal (CPR):    -0.000ns

    Location             Delay type                Incr(ns)  Path(ns)    Netlist Resource(s)
  -------------------------------------------------------------------    -------------------
                         (clock axis_dma_clk rise edge)
                                                      0.000     0.000 r  
                                                      0.000     0.000 r  axis_dma_clk_i (IN)
                         net (fo=41, unset)           0.390     0.390    u_top/u_fixed/u_axis_reset/axis_dma_clk_i
                         FDCE                                         r  u_top/u_fixed/u_axis_reset/reset_pipe_reg[2]/C
  -------------------------------------------------------------------    -------------------
                         FDCE (Prop_fdce_C_Q)         0.118     0.508 r  u_top/u_fixed/u_axis_reset/reset_pipe_reg[2]/Q
                         net (fo=4, unplaced)         0.131     0.639    u_top/u_fixed/u_axis_reset/reset_pipe[2]
                         LUT1 (Prop_lut1_I0_O)        0.098     0.737 f  u_top/u_fixed/u_axis_reset/ack_sync[1]_i_1/O
                         net (fo=37, unplaced)        0.357     1.094    u_top/u_fixed/u_abort_axis_sync/clear
                         FDCE                                         f  u_top/u_fixed/u_abort_axis_sync/sync_pipe_reg[0]/CLR
  -------------------------------------------------------------------    -------------------

                         (clock axis_dma_clk rise edge)
                                                      0.000     0.000 r  
                                                      0.000     0.000 r  axis_dma_clk_i (IN)
                         net (fo=41, unset)           0.411     0.411    u_top/u_fixed/u_abort_axis_sync/axis_dma_clk_i
                         FDCE                                         r  u_top/u_fixed/u_abort_axis_sync/sync_pipe_reg[0]/C
                         clock pessimism              0.000     0.411    
                         FDCE (Remov_fdce_C_CLR)     -0.124     0.287    u_top/u_fixed/u_abort_axis_sync/sync_pipe_reg[0]
  -------------------------------------------------------------------
                         required time                         -0.287    
                         arrival time                           1.094    
  -------------------------------------------------------------------
                         slack                                  0.807    

Slack (MET) :             0.807ns  (arrival time - required time)
  Source:                 u_top/u_fixed/u_axis_reset/reset_pipe_reg[2]/C
                            (rising edge-triggered cell FDCE clocked by axis_dma_clk  {rise@0.000ns fall@5.000ns period=10.000ns})
  Destination:            u_top/u_fixed/u_abort_axis_sync/sync_pipe_reg[1]/CLR
                            (removal check against rising-edge clock axis_dma_clk  {rise@0.000ns fall@5.000ns period=10.000ns})
  Path Group:             **async_default**
  Path Type:              Removal (Min at Fast Process Corner)
  Requirement:            0.000ns  (axis_dma_clk rise@0.000ns - axis_dma_clk rise@0.000ns)
  Data Path Delay:        0.703ns  (logic 0.216ns (30.705%)  route 0.487ns (69.295%))
  Logic Levels:           1  (LUT1=1)
  Clock Path Skew:        0.021ns (DCD - SCD - CPR)
    Destination Clock Delay (DCD):    0.411ns
    Source Clock Delay      (SCD):    0.390ns
    Clock Pessimism Removal (CPR):    -0.000ns

    Location             Delay type                Incr(ns)  Path(ns)    Netlist Resource(s)
  -------------------------------------------------------------------    -------------------
                         (clock axis_dma_clk rise edge)
                                                      0.000     0.000 r  
                                                      0.000     0.000 r  axis_dma_clk_i (IN)
                         net (fo=41, unset)           0.390     0.390    u_top/u_fixed/u_axis_reset/axis_dma_clk_i
                         FDCE                                         r  u_top/u_fixed/u_axis_reset/reset_pipe_reg[2]/C
  -------------------------------------------------------------------    -------------------
                         FDCE (Prop_fdce_C_Q)         0.118     0.508 r  u_top/u_fixed/u_axis_reset/reset_pipe_reg[2]/Q
                         net (fo=4, unplaced)         0.131     0.639    u_top/u_fixed/u_axis_reset/reset_pipe[2]
                         LUT1 (Prop_lut1_I0_O)        0.098     0.737 f  u_top/u_fixed/u_axis_reset/ack_sync[1]_i_1/O
                         net (fo=37, unplaced)        0.357     1.094    u_top/u_fixed/u_abort_axis_sync/clear
                         FDCE                                         f  u_top/u_fixed/u_abort_axis_sync/sync_pipe_reg[1]/CLR
  -------------------------------------------------------------------    -------------------

                         (clock axis_dma_clk rise edge)
                                                      0.000     0.000 r  
                                                      0.000     0.000 r  axis_dma_clk_i (IN)
                         net (fo=41, unset)           0.411     0.411    u_top/u_fixed/u_abort_axis_sync/axis_dma_clk_i
                         FDCE                                         r  u_top/u_fixed/u_abort_axis_sync/sync_pipe_reg[1]/C
                         clock pessimism              0.000     0.411    
                         FDCE (Remov_fdce_C_CLR)     -0.124     0.287    u_top/u_fixed/u_abort_axis_sync/sync_pipe_reg[1]
  -------------------------------------------------------------------
                         required time                         -0.287    
                         arrival time                           1.094    
  -------------------------------------------------------------------
                         slack                                  0.807    

Slack (MET) :             0.807ns  (arrival time - required time)
  Source:                 u_top/u_fixed/u_axis_reset/reset_pipe_reg[2]/C
                            (rising edge-triggered cell FDCE clocked by axis_dma_clk  {rise@0.000ns fall@5.000ns period=10.000ns})
  Destination:            u_top/u_fixed/u_dma_kick_sync/ack_sync_reg[0]/CLR
                            (removal check against rising-edge clock axis_dma_clk  {rise@0.000ns fall@5.000ns period=10.000ns})
  Path Group:             **async_default**
  Path Type:              Removal (Min at Fast Process Corner)
  Requirement:            0.000ns  (axis_dma_clk rise@0.000ns - axis_dma_clk rise@0.000ns)
  Data Path Delay:        0.703ns  (logic 0.216ns (30.705%)  route 0.487ns (69.295%))
  Logic Levels:           1  (LUT1=1)
  Clock Path Skew:        0.021ns (DCD - SCD - CPR)
    Destination Clock Delay (DCD):    0.411ns
    Source Clock Delay      (SCD):    0.390ns
    Clock Pessimism Removal (CPR):    -0.000ns

    Location             Delay type                Incr(ns)  Path(ns)    Netlist Resource(s)
  -------------------------------------------------------------------    -------------------
                         (clock axis_dma_clk rise edge)
                                                      0.000     0.000 r  
                                                      0.000     0.000 r  axis_dma_clk_i (IN)
                         net (fo=41, unset)           0.390     0.390    u_top/u_fixed/u_axis_reset/axis_dma_clk_i
                         FDCE                                         r  u_top/u_fixed/u_axis_reset/reset_pipe_reg[2]/C
  -------------------------------------------------------------------    -------------------
                         FDCE (Prop_fdce_C_Q)         0.118     0.508 r  u_top/u_fixed/u_axis_reset/reset_pipe_reg[2]/Q
                         net (fo=4, unplaced)         0.131     0.639    u_top/u_fixed/u_axis_reset/reset_pipe[2]
                         LUT1 (Prop_lut1_I0_O)        0.098     0.737 f  u_top/u_fixed/u_axis_reset/ack_sync[1]_i_1/O
                         net (fo=37, unplaced)        0.357     1.094    u_top/u_fixed/u_dma_kick_sync/clear
                         FDCE                                         f  u_top/u_fixed/u_dma_kick_sync/ack_sync_reg[0]/CLR
  -------------------------------------------------------------------    -------------------

                         (clock axis_dma_clk rise edge)
                                                      0.000     0.000 r  
                                                      0.000     0.000 r  axis_dma_clk_i (IN)
                         net (fo=41, unset)           0.411     0.411    u_top/u_fixed/u_dma_kick_sync/axis_dma_clk_i
                         FDCE                                         r  u_top/u_fixed/u_dma_kick_sync/ack_sync_reg[0]/C
                         clock pessimism              0.000     0.411    
                         FDCE (Remov_fdce_C_CLR)     -0.124     0.287    u_top/u_fixed/u_dma_kick_sync/ack_sync_reg[0]
  -------------------------------------------------------------------
                         required time                         -0.287    
                         arrival time                           1.094    
  -------------------------------------------------------------------
                         slack                                  0.807    

Slack (MET) :             0.807ns  (arrival time - required time)
  Source:                 u_top/u_fixed/u_axis_reset/reset_pipe_reg[2]/C
                            (rising edge-triggered cell FDCE clocked by axis_dma_clk  {rise@0.000ns fall@5.000ns period=10.000ns})
  Destination:            u_top/u_fixed/u_dma_kick_sync/ack_sync_reg[1]/CLR
                            (removal check against rising-edge clock axis_dma_clk  {rise@0.000ns fall@5.000ns period=10.000ns})
  Path Group:             **async_default**
  Path Type:              Removal (Min at Fast Process Corner)
  Requirement:            0.000ns  (axis_dma_clk rise@0.000ns - axis_dma_clk rise@0.000ns)
  Data Path Delay:        0.703ns  (logic 0.216ns (30.705%)  route 0.487ns (69.295%))
  Logic Levels:           1  (LUT1=1)
  Clock Path Skew:        0.021ns (DCD - SCD - CPR)
    Destination Clock Delay (DCD):    0.411ns
    Source Clock Delay      (SCD):    0.390ns
    Clock Pessimism Removal (CPR):    -0.000ns

    Location             Delay type                Incr(ns)  Path(ns)    Netlist Resource(s)
  -------------------------------------------------------------------    -------------------
                         (clock axis_dma_clk rise edge)
                                                      0.000     0.000 r  
                                                      0.000     0.000 r  axis_dma_clk_i (IN)
                         net (fo=41, unset)           0.390     0.390    u_top/u_fixed/u_axis_reset/axis_dma_clk_i
                         FDCE                                         r  u_top/u_fixed/u_axis_reset/reset_pipe_reg[2]/C
  -------------------------------------------------------------------    -------------------
                         FDCE (Prop_fdce_C_Q)         0.118     0.508 r  u_top/u_fixed/u_axis_reset/reset_pipe_reg[2]/Q
                         net (fo=4, unplaced)         0.131     0.639    u_top/u_fixed/u_axis_reset/reset_pipe[2]
                         LUT1 (Prop_lut1_I0_O)        0.098     0.737 f  u_top/u_fixed/u_axis_reset/ack_sync[1]_i_1/O
                         net (fo=37, unplaced)        0.357     1.094    u_top/u_fixed/u_dma_kick_sync/clear
                         FDCE                                         f  u_top/u_fixed/u_dma_kick_sync/ack_sync_reg[1]/CLR
  -------------------------------------------------------------------    -------------------

                         (clock axis_dma_clk rise edge)
                                                      0.000     0.000 r  
                                                      0.000     0.000 r  axis_dma_clk_i (IN)
                         net (fo=41, unset)           0.411     0.411    u_top/u_fixed/u_dma_kick_sync/axis_dma_clk_i
                         FDCE                                         r  u_top/u_fixed/u_dma_kick_sync/ack_sync_reg[1]/C
                         clock pessimism              0.000     0.411    
                         FDCE (Remov_fdce_C_CLR)     -0.124     0.287    u_top/u_fixed/u_dma_kick_sync/ack_sync_reg[1]
  -------------------------------------------------------------------
                         required time                         -0.287    
                         arrival time                           1.094    
  -------------------------------------------------------------------
                         slack                                  0.807    

Slack (MET) :             0.807ns  (arrival time - required time)
  Source:                 u_top/u_fixed/u_axis_reset/reset_pipe_reg[2]/C
                            (rising edge-triggered cell FDCE clocked by axis_dma_clk  {rise@0.000ns fall@5.000ns period=10.000ns})
  Destination:            u_top/u_fixed/u_dma_kick_sync/request_toggle_reg/CLR
                            (removal check against rising-edge clock axis_dma_clk  {rise@0.000ns fall@5.000ns period=10.000ns})
  Path Group:             **async_default**
  Path Type:              Removal (Min at Fast Process Corner)
  Requirement:            0.000ns  (axis_dma_clk rise@0.000ns - axis_dma_clk rise@0.000ns)
  Data Path Delay:        0.703ns  (logic 0.216ns (30.705%)  route 0.487ns (69.295%))
  Logic Levels:           1  (LUT1=1)
  Clock Path Skew:        0.021ns (DCD - SCD - CPR)
    Destination Clock Delay (DCD):    0.411ns
    Source Clock Delay      (SCD):    0.390ns
    Clock Pessimism Removal (CPR):    -0.000ns

    Location             Delay type                Incr(ns)  Path(ns)    Netlist Resource(s)
  -------------------------------------------------------------------    -------------------
                         (clock axis_dma_clk rise edge)
                                                      0.000     0.000 r  
                                                      0.000     0.000 r  axis_dma_clk_i (IN)
                         net (fo=41, unset)           0.390     0.390    u_top/u_fixed/u_axis_reset/axis_dma_clk_i
                         FDCE                                         r  u_top/u_fixed/u_axis_reset/reset_pipe_reg[2]/C
  -------------------------------------------------------------------    -------------------
                         FDCE (Prop_fdce_C_Q)         0.118     0.508 r  u_top/u_fixed/u_axis_reset/reset_pipe_reg[2]/Q
                         net (fo=4, unplaced)         0.131     0.639    u_top/u_fixed/u_axis_reset/reset_pipe[2]
                         LUT1 (Prop_lut1_I0_O)        0.098     0.737 f  u_top/u_fixed/u_axis_reset/ack_sync[1]_i_1/O
                         net (fo=37, unplaced)        0.357     1.094    u_top/u_fixed/u_dma_kick_sync/clear
                         FDCE                                         f  u_top/u_fixed/u_dma_kick_sync/request_toggle_reg/CLR
  -------------------------------------------------------------------    -------------------

                         (clock axis_dma_clk rise edge)
                                                      0.000     0.000 r  
                                                      0.000     0.000 r  axis_dma_clk_i (IN)
                         net (fo=41, unset)           0.411     0.411    u_top/u_fixed/u_dma_kick_sync/axis_dma_clk_i
                         FDCE                                         r  u_top/u_fixed/u_dma_kick_sync/request_toggle_reg/C
                         clock pessimism              0.000     0.411    
                         FDCE (Remov_fdce_C_CLR)     -0.124     0.287    u_top/u_fixed/u_dma_kick_sync/request_toggle_reg
  -------------------------------------------------------------------
                         required time                         -0.287    
                         arrival time                           1.094    
  -------------------------------------------------------------------
                         slack                                  0.807    





---------------------------------------------------------------------------------------------------
Path Group:  **async_default**
From Clock:  protocol_clk
  To Clock:  protocol_clk

Setup :            0  Failing Endpoints,  Worst Slack       13.480ns,  Total Violation        0.000ns
Hold  :            0  Failing Endpoints,  Worst Slack        0.884ns,  Total Violation        0.000ns
---------------------------------------------------------------------------------------------------


Max Delay Paths
--------------------------------------------------------------------------------------
Slack (MET) :             13.480ns  (required time - arrival time)
  Source:                 u_top/u_fixed/u_protocol_reset/reset_pipe_reg[2]/C
                            (rising edge-triggered cell FDCE clocked by protocol_clk  {rise@0.000ns fall@7.813ns period=15.625ns})
  Destination:            u_top/u_fixed/stimulus_lfsr_reg[0]/PRE
                            (recovery check against rising-edge clock protocol_clk  {rise@0.000ns fall@7.813ns period=15.625ns})
  Path Group:             **async_default**
  Path Type:              Recovery (Max at Slow Process Corner)
  Requirement:            15.625ns  (protocol_clk rise@15.625ns - protocol_clk rise@0.000ns)
  Data Path Delay:        1.674ns  (logic 0.535ns (31.959%)  route 1.139ns (68.041%))
  Logic Levels:           1  (LUT1=1)
  Clock Path Skew:        -0.039ns (DCD - SCD + CPR)
    Destination Clock Delay (DCD):    0.748ns = ( 16.373 - 15.625 ) 
    Source Clock Delay      (SCD):    0.787ns
    Clock Pessimism Removal (CPR):    0.000ns
  Clock Uncertainty:      0.035ns  ((TSJ^2 + TIJ^2)^1/2 + DJ) / 2 + PE
    Total System Jitter     (TSJ):    0.071ns
    Total Input Jitter      (TIJ):    0.000ns
    Discrete Jitter          (DJ):    0.000ns
    Phase Error              (PE):    0.000ns

    Location             Delay type                Incr(ns)  Path(ns)    Netlist Resource(s)
  -------------------------------------------------------------------    -------------------
                         (clock protocol_clk rise edge)
                                                      0.000     0.000 r  
                                                      0.000     0.000 r  protocol_clk_i (IN)
                         net (fo=12845, unset)        0.787     0.787    u_top/u_fixed/u_protocol_reset/protocol_clk_i
                         FDCE                                         r  u_top/u_fixed/u_protocol_reset/reset_pipe_reg[2]/C
  -------------------------------------------------------------------    -------------------
                         FDCE (Prop_fdce_C_Q)         0.303     1.090 r  u_top/u_fixed/u_protocol_reset/reset_pipe_reg[2]/Q
                         net (fo=188, unplaced)       0.355     1.445    u_top/u_fixed/u_protocol_reset/reset_pipe[2]
                         LUT1 (Prop_lut1_I0_O)        0.232     1.677 f  u_top/u_fixed/u_protocol_reset/decision_lane_o[2]_i_2/O
                         net (fo=6788, unplaced)      0.784     2.461    u_top/u_fixed/u_protocol_reset_n_1
                         FDPE                                         f  u_top/u_fixed/stimulus_lfsr_reg[0]/PRE
  -------------------------------------------------------------------    -------------------

                         (clock protocol_clk rise edge)
                                                     15.625    15.625 r  
                                                      0.000    15.625 r  protocol_clk_i (IN)
                         net (fo=12845, unset)        0.748    16.373    u_top/u_fixed/protocol_clk_i
                         FDPE                                         r  u_top/u_fixed/stimulus_lfsr_reg[0]/C
                         clock pessimism              0.000    16.373    
                         clock uncertainty           -0.035    16.337    
                         FDPE (Recov_fdpe_C_PRE)     -0.396    15.941    u_top/u_fixed/stimulus_lfsr_reg[0]
  -------------------------------------------------------------------
                         required time                         15.941    
                         arrival time                          -2.461    
  -------------------------------------------------------------------
                         slack                                 13.480    

Slack (MET) :             13.480ns  (required time - arrival time)
  Source:                 u_top/u_fixed/u_protocol_reset/reset_pipe_reg[2]/C
                            (rising edge-triggered cell FDCE clocked by protocol_clk  {rise@0.000ns fall@7.813ns period=15.625ns})
  Destination:            u_top/u_fixed/u_portable_architecture/data_plane/u_scheduler/kill_snapshot_reg/PRE
                            (recovery check against rising-edge clock protocol_clk  {rise@0.000ns fall@7.813ns period=15.625ns})
  Path Group:             **async_default**
  Path Type:              Recovery (Max at Slow Process Corner)
  Requirement:            15.625ns  (protocol_clk rise@15.625ns - protocol_clk rise@0.000ns)
  Data Path Delay:        1.674ns  (logic 0.535ns (31.959%)  route 1.139ns (68.041%))
  Logic Levels:           1  (LUT1=1)
  Clock Path Skew:        -0.039ns (DCD - SCD + CPR)
    Destination Clock Delay (DCD):    0.748ns = ( 16.373 - 15.625 ) 
    Source Clock Delay      (SCD):    0.787ns
    Clock Pessimism Removal (CPR):    0.000ns
  Clock Uncertainty:      0.035ns  ((TSJ^2 + TIJ^2)^1/2 + DJ) / 2 + PE
    Total System Jitter     (TSJ):    0.071ns
    Total Input Jitter      (TIJ):    0.000ns
    Discrete Jitter          (DJ):    0.000ns
    Phase Error              (PE):    0.000ns

    Location             Delay type                Incr(ns)  Path(ns)    Netlist Resource(s)
  -------------------------------------------------------------------    -------------------
                         (clock protocol_clk rise edge)
                                                      0.000     0.000 r  
                                                      0.000     0.000 r  protocol_clk_i (IN)
                         net (fo=12845, unset)        0.787     0.787    u_top/u_fixed/u_protocol_reset/protocol_clk_i
                         FDCE                                         r  u_top/u_fixed/u_protocol_reset/reset_pipe_reg[2]/C
  -------------------------------------------------------------------    -------------------
                         FDCE (Prop_fdce_C_Q)         0.303     1.090 r  u_top/u_fixed/u_protocol_reset/reset_pipe_reg[2]/Q
                         net (fo=188, unplaced)       0.355     1.445    u_top/u_fixed/u_protocol_reset/reset_pipe[2]
                         LUT1 (Prop_lut1_I0_O)        0.232     1.677 f  u_top/u_fixed/u_protocol_reset/decision_lane_o[2]_i_2/O
                         net (fo=6788, unplaced)      0.784     2.461    u_top/u_fixed/u_portable_architecture/data_plane/u_scheduler/decision_lane_o_reg[2]_1
                         FDPE                                         f  u_top/u_fixed/u_portable_architecture/data_plane/u_scheduler/kill_snapshot_reg/PRE
  -------------------------------------------------------------------    -------------------

                         (clock protocol_clk rise edge)
                                                     15.625    15.625 r  
                                                      0.000    15.625 r  protocol_clk_i (IN)
                         net (fo=12845, unset)        0.748    16.373    u_top/u_fixed/u_portable_architecture/data_plane/u_scheduler/protocol_clk_i
                         FDPE                                         r  u_top/u_fixed/u_portable_architecture/data_plane/u_scheduler/kill_snapshot_reg/C
                         clock pessimism              0.000    16.373    
                         clock uncertainty           -0.035    16.337    
                         FDPE (Recov_fdpe_C_PRE)     -0.396    15.941    u_top/u_fixed/u_portable_architecture/data_plane/u_scheduler/kill_snapshot_reg
  -------------------------------------------------------------------
                         required time                         15.941    
                         arrival time                          -2.461    
  -------------------------------------------------------------------
                         slack                                 13.480    

Slack (MET) :             13.480ns  (required time - arrival time)
  Source:                 u_top/u_fixed/u_protocol_reset/reset_pipe_reg[2]/C
                            (rising edge-triggered cell FDCE clocked by protocol_clk  {rise@0.000ns fall@7.813ns period=15.625ns})
  Destination:            u_top/u_fixed/u_portable_architecture/rx_ring/generation_o_reg[0]/PRE
                            (recovery check against rising-edge clock protocol_clk  {rise@0.000ns fall@7.813ns period=15.625ns})
  Path Group:             **async_default**
  Path Type:              Recovery (Max at Slow Process Corner)
  Requirement:            15.625ns  (protocol_clk rise@15.625ns - protocol_clk rise@0.000ns)
  Data Path Delay:        1.674ns  (logic 0.535ns (31.959%)  route 1.139ns (68.041%))
  Logic Levels:           1  (LUT1=1)
  Clock Path Skew:        -0.039ns (DCD - SCD + CPR)
    Destination Clock Delay (DCD):    0.748ns = ( 16.373 - 15.625 ) 
    Source Clock Delay      (SCD):    0.787ns
    Clock Pessimism Removal (CPR):    0.000ns
  Clock Uncertainty:      0.035ns  ((TSJ^2 + TIJ^2)^1/2 + DJ) / 2 + PE
    Total System Jitter     (TSJ):    0.071ns
    Total Input Jitter      (TIJ):    0.000ns
    Discrete Jitter          (DJ):    0.000ns
    Phase Error              (PE):    0.000ns

    Location             Delay type                Incr(ns)  Path(ns)    Netlist Resource(s)
  -------------------------------------------------------------------    -------------------
                         (clock protocol_clk rise edge)
                                                      0.000     0.000 r  
                                                      0.000     0.000 r  protocol_clk_i (IN)
                         net (fo=12845, unset)        0.787     0.787    u_top/u_fixed/u_protocol_reset/protocol_clk_i
                         FDCE                                         r  u_top/u_fixed/u_protocol_reset/reset_pipe_reg[2]/C
  -------------------------------------------------------------------    -------------------
                         FDCE (Prop_fdce_C_Q)         0.303     1.090 r  u_top/u_fixed/u_protocol_reset/reset_pipe_reg[2]/Q
                         net (fo=188, unplaced)       0.355     1.445    u_top/u_fixed/u_protocol_reset/reset_pipe[2]
                         LUT1 (Prop_lut1_I0_O)        0.232     1.677 f  u_top/u_fixed/u_protocol_reset/decision_lane_o[2]_i_2/O
                         net (fo=6788, unplaced)      0.784     2.461    u_top/u_fixed/u_portable_architecture/rx_ring/state_reg[0][2]_0
                         FDPE                                         f  u_top/u_fixed/u_portable_architecture/rx_ring/generation_o_reg[0]/PRE
  -------------------------------------------------------------------    -------------------

                         (clock protocol_clk rise edge)
                                                     15.625    15.625 r  
                                                      0.000    15.625 r  protocol_clk_i (IN)
                         net (fo=12845, unset)        0.748    16.373    u_top/u_fixed/u_portable_architecture/rx_ring/protocol_clk_i
                         FDPE                                         r  u_top/u_fixed/u_portable_architecture/rx_ring/generation_o_reg[0]/C
                         clock pessimism              0.000    16.373    
                         clock uncertainty           -0.035    16.337    
                         FDPE (Recov_fdpe_C_PRE)     -0.396    15.941    u_top/u_fixed/u_portable_architecture/rx_ring/generation_o_reg[0]
  -------------------------------------------------------------------
                         required time                         15.941    
                         arrival time                          -2.461    
  -------------------------------------------------------------------
                         slack                                 13.480    

Slack (MET) :             13.480ns  (required time - arrival time)
  Source:                 u_top/u_fixed/u_protocol_reset/reset_pipe_reg[2]/C
                            (rising edge-triggered cell FDCE clocked by protocol_clk  {rise@0.000ns fall@7.813ns period=15.625ns})
  Destination:            u_top/u_fixed/u_portable_architecture/tx_ring/generation_o_reg[0]/PRE
                            (recovery check against rising-edge clock protocol_clk  {rise@0.000ns fall@7.813ns period=15.625ns})
  Path Group:             **async_default**
  Path Type:              Recovery (Max at Slow Process Corner)
  Requirement:            15.625ns  (protocol_clk rise@15.625ns - protocol_clk rise@0.000ns)
  Data Path Delay:        1.674ns  (logic 0.535ns (31.959%)  route 1.139ns (68.041%))
  Logic Levels:           1  (LUT1=1)
  Clock Path Skew:        -0.039ns (DCD - SCD + CPR)
    Destination Clock Delay (DCD):    0.748ns = ( 16.373 - 15.625 ) 
    Source Clock Delay      (SCD):    0.787ns
    Clock Pessimism Removal (CPR):    0.000ns
  Clock Uncertainty:      0.035ns  ((TSJ^2 + TIJ^2)^1/2 + DJ) / 2 + PE
    Total System Jitter     (TSJ):    0.071ns
    Total Input Jitter      (TIJ):    0.000ns
    Discrete Jitter          (DJ):    0.000ns
    Phase Error              (PE):    0.000ns

    Location             Delay type                Incr(ns)  Path(ns)    Netlist Resource(s)
  -------------------------------------------------------------------    -------------------
                         (clock protocol_clk rise edge)
                                                      0.000     0.000 r  
                                                      0.000     0.000 r  protocol_clk_i (IN)
                         net (fo=12845, unset)        0.787     0.787    u_top/u_fixed/u_protocol_reset/protocol_clk_i
                         FDCE                                         r  u_top/u_fixed/u_protocol_reset/reset_pipe_reg[2]/C
  -------------------------------------------------------------------    -------------------
                         FDCE (Prop_fdce_C_Q)         0.303     1.090 r  u_top/u_fixed/u_protocol_reset/reset_pipe_reg[2]/Q
                         net (fo=188, unplaced)       0.355     1.445    u_top/u_fixed/u_protocol_reset/reset_pipe[2]
                         LUT1 (Prop_lut1_I0_O)        0.232     1.677 f  u_top/u_fixed/u_protocol_reset/decision_lane_o[2]_i_2/O
                         net (fo=6788, unplaced)      0.784     2.461    u_top/u_fixed/u_portable_architecture/tx_ring/state_reg[0][2]_0
                         FDPE                                         f  u_top/u_fixed/u_portable_architecture/tx_ring/generation_o_reg[0]/PRE
  -------------------------------------------------------------------    -------------------

                         (clock protocol_clk rise edge)
                                                     15.625    15.625 r  
                                                      0.000    15.625 r  protocol_clk_i (IN)
                         net (fo=12845, unset)        0.748    16.373    u_top/u_fixed/u_portable_architecture/tx_ring/protocol_clk_i
                         FDPE                                         r  u_top/u_fixed/u_portable_architecture/tx_ring/generation_o_reg[0]/C
                         clock pessimism              0.000    16.373    
                         clock uncertainty           -0.035    16.337    
                         FDPE (Recov_fdpe_C_PRE)     -0.396    15.941    u_top/u_fixed/u_portable_architecture/tx_ring/generation_o_reg[0]
  -------------------------------------------------------------------
                         required time                         15.941    
                         arrival time                          -2.461    
  -------------------------------------------------------------------
                         slack                                 13.480    

Slack (MET) :             13.497ns  (required time - arrival time)
  Source:                 u_top/u_fixed/u_protocol_reset/reset_pipe_reg[2]/C
                            (rising edge-triggered cell FDCE clocked by protocol_clk  {rise@0.000ns fall@7.813ns period=15.625ns})
  Destination:            u_top/u_fixed/u_portable_architecture/safety_accounting/endpoint/endpoint_armed_o_reg/CLR
                            (recovery check against rising-edge clock protocol_clk  {rise@0.000ns fall@7.813ns period=15.625ns})
  Path Group:             **async_default**
  Path Type:              Recovery (Max at Slow Process Corner)
  Requirement:            15.625ns  (protocol_clk rise@15.625ns - protocol_clk rise@0.000ns)
  Data Path Delay:        1.691ns  (logic 0.535ns (31.638%)  route 1.156ns (68.362%))
  Logic Levels:           1  (LUT2=1)
  Clock Path Skew:        -0.039ns (DCD - SCD + CPR)
    Destination Clock Delay (DCD):    0.748ns = ( 16.373 - 15.625 ) 
    Source Clock Delay      (SCD):    0.787ns
    Clock Pessimism Removal (CPR):    0.000ns
  Clock Uncertainty:      0.035ns  ((TSJ^2 + TIJ^2)^1/2 + DJ) / 2 + PE
    Total System Jitter     (TSJ):    0.071ns
    Total Input Jitter      (TIJ):    0.000ns
    Discrete Jitter          (DJ):    0.000ns
    Phase Error              (PE):    0.000ns

    Location             Delay type                Incr(ns)  Path(ns)    Netlist Resource(s)
  -------------------------------------------------------------------    -------------------
                         (clock protocol_clk rise edge)
                                                      0.000     0.000 r  
                                                      0.000     0.000 r  protocol_clk_i (IN)
                         net (fo=12845, unset)        0.787     0.787    u_top/u_fixed/u_protocol_reset/protocol_clk_i
                         FDCE                                         r  u_top/u_fixed/u_protocol_reset/reset_pipe_reg[2]/C
  -------------------------------------------------------------------    -------------------
                         FDCE (Prop_fdce_C_Q)         0.303     1.090 r  u_top/u_fixed/u_protocol_reset/reset_pipe_reg[2]/Q
                         net (fo=188, unplaced)       0.477     1.567    u_top/u_fixed/u_protocol_reset/reset_pipe[2]
                         LUT2 (Prop_lut2_I0_O)        0.232     1.799 f  u_top/u_fixed/u_protocol_reset/permit_meta_q_i_1/O
                         net (fo=7, unplaced)         0.679     2.478    u_top/u_fixed/u_portable_architecture/safety_accounting/endpoint/endpoint_armed_o_reg_0
                         FDCE                                         f  u_top/u_fixed/u_portable_architecture/safety_accounting/endpoint/endpoint_armed_o_reg/CLR
  -------------------------------------------------------------------    -------------------

                         (clock protocol_clk rise edge)
                                                     15.625    15.625 r  
                                                      0.000    15.625 r  protocol_clk_i (IN)
                         net (fo=12845, unset)        0.748    16.373    u_top/u_fixed/u_portable_architecture/safety_accounting/endpoint/protocol_clk_i
                         FDCE                                         r  u_top/u_fixed/u_portable_architecture/safety_accounting/endpoint/endpoint_armed_o_reg/C
                         clock pessimism              0.000    16.373    
                         clock uncertainty           -0.035    16.337    
                         FDCE (Recov_fdce_C_CLR)     -0.362    15.975    u_top/u_fixed/u_portable_architecture/safety_accounting/endpoint/endpoint_armed_o_reg
  -------------------------------------------------------------------
                         required time                         15.975    
                         arrival time                          -2.478    
  -------------------------------------------------------------------
                         slack                                 13.497    

Slack (MET) :             13.497ns  (required time - arrival time)
  Source:                 u_top/u_fixed/u_protocol_reset/reset_pipe_reg[2]/C
                            (rising edge-triggered cell FDCE clocked by protocol_clk  {rise@0.000ns fall@7.813ns period=15.625ns})
  Destination:            u_top/u_fixed/u_portable_architecture/safety_accounting/endpoint/permit_filter_count_q_reg[0]/CLR
                            (recovery check against rising-edge clock protocol_clk  {rise@0.000ns fall@7.813ns period=15.625ns})
  Path Group:             **async_default**
  Path Type:              Recovery (Max at Slow Process Corner)
  Requirement:            15.625ns  (protocol_clk rise@15.625ns - protocol_clk rise@0.000ns)
  Data Path Delay:        1.691ns  (logic 0.535ns (31.638%)  route 1.156ns (68.362%))
  Logic Levels:           1  (LUT2=1)
  Clock Path Skew:        -0.039ns (DCD - SCD + CPR)
    Destination Clock Delay (DCD):    0.748ns = ( 16.373 - 15.625 ) 
    Source Clock Delay      (SCD):    0.787ns
    Clock Pessimism Removal (CPR):    0.000ns
  Clock Uncertainty:      0.035ns  ((TSJ^2 + TIJ^2)^1/2 + DJ) / 2 + PE
    Total System Jitter     (TSJ):    0.071ns
    Total Input Jitter      (TIJ):    0.000ns
    Discrete Jitter          (DJ):    0.000ns
    Phase Error              (PE):    0.000ns

    Location             Delay type                Incr(ns)  Path(ns)    Netlist Resource(s)
  -------------------------------------------------------------------    -------------------
                         (clock protocol_clk rise edge)
                                                      0.000     0.000 r  
                                                      0.000     0.000 r  protocol_clk_i (IN)
                         net (fo=12845, unset)        0.787     0.787    u_top/u_fixed/u_protocol_reset/protocol_clk_i
                         FDCE                                         r  u_top/u_fixed/u_protocol_reset/reset_pipe_reg[2]/C
  -------------------------------------------------------------------    -------------------
                         FDCE (Prop_fdce_C_Q)         0.303     1.090 r  u_top/u_fixed/u_protocol_reset/reset_pipe_reg[2]/Q
                         net (fo=188, unplaced)       0.477     1.567    u_top/u_fixed/u_protocol_reset/reset_pipe[2]
                         LUT2 (Prop_lut2_I0_O)        0.232     1.799 f  u_top/u_fixed/u_protocol_reset/permit_meta_q_i_1/O
                         net (fo=7, unplaced)         0.679     2.478    u_top/u_fixed/u_portable_architecture/safety_accounting/endpoint/endpoint_armed_o_reg_0
                         FDCE                                         f  u_top/u_fixed/u_portable_architecture/safety_accounting/endpoint/permit_filter_count_q_reg[0]/CLR
  -------------------------------------------------------------------    -------------------

                         (clock protocol_clk rise edge)
                                                     15.625    15.625 r  
                                                      0.000    15.625 r  protocol_clk_i (IN)
                         net (fo=12845, unset)        0.748    16.373    u_top/u_fixed/u_portable_architecture/safety_accounting/endpoint/protocol_clk_i
                         FDCE                                         r  u_top/u_fixed/u_portable_architecture/safety_accounting/endpoint/permit_filter_count_q_reg[0]/C
                         clock pessimism              0.000    16.373    
                         clock uncertainty           -0.035    16.337    
                         FDCE (Recov_fdce_C_CLR)     -0.362    15.975    u_top/u_fixed/u_portable_architecture/safety_accounting/endpoint/permit_filter_count_q_reg[0]
  -------------------------------------------------------------------
                         required time                         15.975    
                         arrival time                          -2.478    
  -------------------------------------------------------------------
                         slack                                 13.497    

Slack (MET) :             13.497ns  (required time - arrival time)
  Source:                 u_top/u_fixed/u_protocol_reset/reset_pipe_reg[2]/C
                            (rising edge-triggered cell FDCE clocked by protocol_clk  {rise@0.000ns fall@7.813ns period=15.625ns})
  Destination:            u_top/u_fixed/u_portable_architecture/safety_accounting/endpoint/permit_filter_count_q_reg[1]/CLR
                            (recovery check against rising-edge clock protocol_clk  {rise@0.000ns fall@7.813ns period=15.625ns})
  Path Group:             **async_default**
  Path Type:              Recovery (Max at Slow Process Corner)
  Requirement:            15.625ns  (protocol_clk rise@15.625ns - protocol_clk rise@0.000ns)
  Data Path Delay:        1.691ns  (logic 0.535ns (31.638%)  route 1.156ns (68.362%))
  Logic Levels:           1  (LUT2=1)
  Clock Path Skew:        -0.039ns (DCD - SCD + CPR)
    Destination Clock Delay (DCD):    0.748ns = ( 16.373 - 15.625 ) 
    Source Clock Delay      (SCD):    0.787ns
    Clock Pessimism Removal (CPR):    0.000ns
  Clock Uncertainty:      0.035ns  ((TSJ^2 + TIJ^2)^1/2 + DJ) / 2 + PE
    Total System Jitter     (TSJ):    0.071ns
    Total Input Jitter      (TIJ):    0.000ns
    Discrete Jitter          (DJ):    0.000ns
    Phase Error              (PE):    0.000ns

    Location             Delay type                Incr(ns)  Path(ns)    Netlist Resource(s)
  -------------------------------------------------------------------    -------------------
                         (clock protocol_clk rise edge)
                                                      0.000     0.000 r  
                                                      0.000     0.000 r  protocol_clk_i (IN)
                         net (fo=12845, unset)        0.787     0.787    u_top/u_fixed/u_protocol_reset/protocol_clk_i
                         FDCE                                         r  u_top/u_fixed/u_protocol_reset/reset_pipe_reg[2]/C
  -------------------------------------------------------------------    -------------------
                         FDCE (Prop_fdce_C_Q)         0.303     1.090 r  u_top/u_fixed/u_protocol_reset/reset_pipe_reg[2]/Q
                         net (fo=188, unplaced)       0.477     1.567    u_top/u_fixed/u_protocol_reset/reset_pipe[2]
                         LUT2 (Prop_lut2_I0_O)        0.232     1.799 f  u_top/u_fixed/u_protocol_reset/permit_meta_q_i_1/O
                         net (fo=7, unplaced)         0.679     2.478    u_top/u_fixed/u_portable_architecture/safety_accounting/endpoint/endpoint_armed_o_reg_0
                         FDCE                                         f  u_top/u_fixed/u_portable_architecture/safety_accounting/endpoint/permit_filter_count_q_reg[1]/CLR
  -------------------------------------------------------------------    -------------------

                         (clock protocol_clk rise edge)
                                                     15.625    15.625 r  
                                                      0.000    15.625 r  protocol_clk_i (IN)
                         net (fo=12845, unset)        0.748    16.373    u_top/u_fixed/u_portable_architecture/safety_accounting/endpoint/protocol_clk_i
                         FDCE                                         r  u_top/u_fixed/u_portable_architecture/safety_accounting/endpoint/permit_filter_count_q_reg[1]/C
                         clock pessimism              0.000    16.373    
                         clock uncertainty           -0.035    16.337    
                         FDCE (Recov_fdce_C_CLR)     -0.362    15.975    u_top/u_fixed/u_portable_architecture/safety_accounting/endpoint/permit_filter_count_q_reg[1]
  -------------------------------------------------------------------
                         required time                         15.975    
                         arrival time                          -2.478    
  -------------------------------------------------------------------
                         slack                                 13.497    

Slack (MET) :             13.497ns  (required time - arrival time)
  Source:                 u_top/u_fixed/u_protocol_reset/reset_pipe_reg[2]/C
                            (rising edge-triggered cell FDCE clocked by protocol_clk  {rise@0.000ns fall@7.813ns period=15.625ns})
  Destination:            u_top/u_fixed/u_portable_architecture/safety_accounting/endpoint/permit_filter_count_q_reg[2]/CLR
                            (recovery check against rising-edge clock protocol_clk  {rise@0.000ns fall@7.813ns period=15.625ns})
  Path Group:             **async_default**
  Path Type:              Recovery (Max at Slow Process Corner)
  Requirement:            15.625ns  (protocol_clk rise@15.625ns - protocol_clk rise@0.000ns)
  Data Path Delay:        1.691ns  (logic 0.535ns (31.638%)  route 1.156ns (68.362%))
  Logic Levels:           1  (LUT2=1)
  Clock Path Skew:        -0.039ns (DCD - SCD + CPR)
    Destination Clock Delay (DCD):    0.748ns = ( 16.373 - 15.625 ) 
    Source Clock Delay      (SCD):    0.787ns
    Clock Pessimism Removal (CPR):    0.000ns
  Clock Uncertainty:      0.035ns  ((TSJ^2 + TIJ^2)^1/2 + DJ) / 2 + PE
    Total System Jitter     (TSJ):    0.071ns
    Total Input Jitter      (TIJ):    0.000ns
    Discrete Jitter          (DJ):    0.000ns
    Phase Error              (PE):    0.000ns

    Location             Delay type                Incr(ns)  Path(ns)    Netlist Resource(s)
  -------------------------------------------------------------------    -------------------
                         (clock protocol_clk rise edge)
                                                      0.000     0.000 r  
                                                      0.000     0.000 r  protocol_clk_i (IN)
                         net (fo=12845, unset)        0.787     0.787    u_top/u_fixed/u_protocol_reset/protocol_clk_i
                         FDCE                                         r  u_top/u_fixed/u_protocol_reset/reset_pipe_reg[2]/C
  -------------------------------------------------------------------    -------------------
                         FDCE (Prop_fdce_C_Q)         0.303     1.090 r  u_top/u_fixed/u_protocol_reset/reset_pipe_reg[2]/Q
                         net (fo=188, unplaced)       0.477     1.567    u_top/u_fixed/u_protocol_reset/reset_pipe[2]
                         LUT2 (Prop_lut2_I0_O)        0.232     1.799 f  u_top/u_fixed/u_protocol_reset/permit_meta_q_i_1/O
                         net (fo=7, unplaced)         0.679     2.478    u_top/u_fixed/u_portable_architecture/safety_accounting/endpoint/endpoint_armed_o_reg_0
                         FDCE                                         f  u_top/u_fixed/u_portable_architecture/safety_accounting/endpoint/permit_filter_count_q_reg[2]/CLR
  -------------------------------------------------------------------    -------------------

                         (clock protocol_clk rise edge)
                                                     15.625    15.625 r  
                                                      0.000    15.625 r  protocol_clk_i (IN)
                         net (fo=12845, unset)        0.748    16.373    u_top/u_fixed/u_portable_architecture/safety_accounting/endpoint/protocol_clk_i
                         FDCE                                         r  u_top/u_fixed/u_portable_architecture/safety_accounting/endpoint/permit_filter_count_q_reg[2]/C
                         clock pessimism              0.000    16.373    
                         clock uncertainty           -0.035    16.337    
                         FDCE (Recov_fdce_C_CLR)     -0.362    15.975    u_top/u_fixed/u_portable_architecture/safety_accounting/endpoint/permit_filter_count_q_reg[2]
  -------------------------------------------------------------------
                         required time                         15.975    
                         arrival time                          -2.478    
  -------------------------------------------------------------------
                         slack                                 13.497    

Slack (MET) :             13.497ns  (required time - arrival time)
  Source:                 u_top/u_fixed/u_protocol_reset/reset_pipe_reg[2]/C
                            (rising edge-triggered cell FDCE clocked by protocol_clk  {rise@0.000ns fall@7.813ns period=15.625ns})
  Destination:            u_top/u_fixed/u_portable_architecture/safety_accounting/endpoint/permit_meta_q_reg/CLR
                            (recovery check against rising-edge clock protocol_clk  {rise@0.000ns fall@7.813ns period=15.625ns})
  Path Group:             **async_default**
  Path Type:              Recovery (Max at Slow Process Corner)
  Requirement:            15.625ns  (protocol_clk rise@15.625ns - protocol_clk rise@0.000ns)
  Data Path Delay:        1.691ns  (logic 0.535ns (31.638%)  route 1.156ns (68.362%))
  Logic Levels:           1  (LUT2=1)
  Clock Path Skew:        -0.039ns (DCD - SCD + CPR)
    Destination Clock Delay (DCD):    0.748ns = ( 16.373 - 15.625 ) 
    Source Clock Delay      (SCD):    0.787ns
    Clock Pessimism Removal (CPR):    0.000ns
  Clock Uncertainty:      0.035ns  ((TSJ^2 + TIJ^2)^1/2 + DJ) / 2 + PE
    Total System Jitter     (TSJ):    0.071ns
    Total Input Jitter      (TIJ):    0.000ns
    Discrete Jitter          (DJ):    0.000ns
    Phase Error              (PE):    0.000ns

    Location             Delay type                Incr(ns)  Path(ns)    Netlist Resource(s)
  -------------------------------------------------------------------    -------------------
                         (clock protocol_clk rise edge)
                                                      0.000     0.000 r  
                                                      0.000     0.000 r  protocol_clk_i (IN)
                         net (fo=12845, unset)        0.787     0.787    u_top/u_fixed/u_protocol_reset/protocol_clk_i
                         FDCE                                         r  u_top/u_fixed/u_protocol_reset/reset_pipe_reg[2]/C
  -------------------------------------------------------------------    -------------------
                         FDCE (Prop_fdce_C_Q)         0.303     1.090 r  u_top/u_fixed/u_protocol_reset/reset_pipe_reg[2]/Q
                         net (fo=188, unplaced)       0.477     1.567    u_top/u_fixed/u_protocol_reset/reset_pipe[2]
                         LUT2 (Prop_lut2_I0_O)        0.232     1.799 f  u_top/u_fixed/u_protocol_reset/permit_meta_q_i_1/O
                         net (fo=7, unplaced)         0.679     2.478    u_top/u_fixed/u_portable_architecture/safety_accounting/endpoint/endpoint_armed_o_reg_0
                         FDCE                                         f  u_top/u_fixed/u_portable_architecture/safety_accounting/endpoint/permit_meta_q_reg/CLR
  -------------------------------------------------------------------    -------------------

                         (clock protocol_clk rise edge)
                                                     15.625    15.625 r  
                                                      0.000    15.625 r  protocol_clk_i (IN)
                         net (fo=12845, unset)        0.748    16.373    u_top/u_fixed/u_portable_architecture/safety_accounting/endpoint/protocol_clk_i
                         FDCE                                         r  u_top/u_fixed/u_portable_architecture/safety_accounting/endpoint/permit_meta_q_reg/C
                         clock pessimism              0.000    16.373    
                         clock uncertainty           -0.035    16.337    
                         FDCE (Recov_fdce_C_CLR)     -0.362    15.975    u_top/u_fixed/u_portable_architecture/safety_accounting/endpoint/permit_meta_q_reg
  -------------------------------------------------------------------
                         required time                         15.975    
                         arrival time                          -2.478    
  -------------------------------------------------------------------
                         slack                                 13.497    

Slack (MET) :             13.497ns  (required time - arrival time)
  Source:                 u_top/u_fixed/u_protocol_reset/reset_pipe_reg[2]/C
                            (rising edge-triggered cell FDCE clocked by protocol_clk  {rise@0.000ns fall@7.813ns period=15.625ns})
  Destination:            u_top/u_fixed/u_portable_architecture/safety_accounting/endpoint/permit_sync_q_reg/CLR
                            (recovery check against rising-edge clock protocol_clk  {rise@0.000ns fall@7.813ns period=15.625ns})
  Path Group:             **async_default**
  Path Type:              Recovery (Max at Slow Process Corner)
  Requirement:            15.625ns  (protocol_clk rise@15.625ns - protocol_clk rise@0.000ns)
  Data Path Delay:        1.691ns  (logic 0.535ns (31.638%)  route 1.156ns (68.362%))
  Logic Levels:           1  (LUT2=1)
  Clock Path Skew:        -0.039ns (DCD - SCD + CPR)
    Destination Clock Delay (DCD):    0.748ns = ( 16.373 - 15.625 ) 
    Source Clock Delay      (SCD):    0.787ns
    Clock Pessimism Removal (CPR):    0.000ns
  Clock Uncertainty:      0.035ns  ((TSJ^2 + TIJ^2)^1/2 + DJ) / 2 + PE
    Total System Jitter     (TSJ):    0.071ns
    Total Input Jitter      (TIJ):    0.000ns
    Discrete Jitter          (DJ):    0.000ns
    Phase Error              (PE):    0.000ns

    Location             Delay type                Incr(ns)  Path(ns)    Netlist Resource(s)
  -------------------------------------------------------------------    -------------------
                         (clock protocol_clk rise edge)
                                                      0.000     0.000 r  
                                                      0.000     0.000 r  protocol_clk_i (IN)
                         net (fo=12845, unset)        0.787     0.787    u_top/u_fixed/u_protocol_reset/protocol_clk_i
                         FDCE                                         r  u_top/u_fixed/u_protocol_reset/reset_pipe_reg[2]/C
  -------------------------------------------------------------------    -------------------
                         FDCE (Prop_fdce_C_Q)         0.303     1.090 r  u_top/u_fixed/u_protocol_reset/reset_pipe_reg[2]/Q
                         net (fo=188, unplaced)       0.477     1.567    u_top/u_fixed/u_protocol_reset/reset_pipe[2]
                         LUT2 (Prop_lut2_I0_O)        0.232     1.799 f  u_top/u_fixed/u_protocol_reset/permit_meta_q_i_1/O
                         net (fo=7, unplaced)         0.679     2.478    u_top/u_fixed/u_portable_architecture/safety_accounting/endpoint/endpoint_armed_o_reg_0
                         FDCE                                         f  u_top/u_fixed/u_portable_architecture/safety_accounting/endpoint/permit_sync_q_reg/CLR
  -------------------------------------------------------------------    -------------------

                         (clock protocol_clk rise edge)
                                                     15.625    15.625 r  
                                                      0.000    15.625 r  protocol_clk_i (IN)
                         net (fo=12845, unset)        0.748    16.373    u_top/u_fixed/u_portable_architecture/safety_accounting/endpoint/protocol_clk_i
                         FDCE                                         r  u_top/u_fixed/u_portable_architecture/safety_accounting/endpoint/permit_sync_q_reg/C
                         clock pessimism              0.000    16.373    
                         clock uncertainty           -0.035    16.337    
                         FDCE (Recov_fdce_C_CLR)     -0.362    15.975    u_top/u_fixed/u_portable_architecture/safety_accounting/endpoint/permit_sync_q_reg
  -------------------------------------------------------------------
                         required time                         15.975    
                         arrival time                          -2.478    
  -------------------------------------------------------------------
                         slack                                 13.497    

Slack (MET) :             13.497ns  (required time - arrival time)
  Source:                 u_top/u_fixed/u_protocol_reset/reset_pipe_reg[2]/C
                            (rising edge-triggered cell FDCE clocked by protocol_clk  {rise@0.000ns fall@7.813ns period=15.625ns})
  Destination:            u_top/u_fixed/u_portable_architecture/safety_accounting/endpoint/permit_sync_valid_q_reg/CLR
                            (recovery check against rising-edge clock protocol_clk  {rise@0.000ns fall@7.813ns period=15.625ns})
  Path Group:             **async_default**
  Path Type:              Recovery (Max at Slow Process Corner)
  Requirement:            15.625ns  (protocol_clk rise@15.625ns - protocol_clk rise@0.000ns)
  Data Path Delay:        1.691ns  (logic 0.535ns (31.638%)  route 1.156ns (68.362%))
  Logic Levels:           1  (LUT2=1)
  Clock Path Skew:        -0.039ns (DCD - SCD + CPR)
    Destination Clock Delay (DCD):    0.748ns = ( 16.373 - 15.625 ) 
    Source Clock Delay      (SCD):    0.787ns
    Clock Pessimism Removal (CPR):    0.000ns
  Clock Uncertainty:      0.035ns  ((TSJ^2 + TIJ^2)^1/2 + DJ) / 2 + PE
    Total System Jitter     (TSJ):    0.071ns
    Total Input Jitter      (TIJ):    0.000ns
    Discrete Jitter          (DJ):    0.000ns
    Phase Error              (PE):    0.000ns

    Location             Delay type                Incr(ns)  Path(ns)    Netlist Resource(s)
  -------------------------------------------------------------------    -------------------
                         (clock protocol_clk rise edge)
                                                      0.000     0.000 r  
                                                      0.000     0.000 r  protocol_clk_i (IN)
                         net (fo=12845, unset)        0.787     0.787    u_top/u_fixed/u_protocol_reset/protocol_clk_i
                         FDCE                                         r  u_top/u_fixed/u_protocol_reset/reset_pipe_reg[2]/C
  -------------------------------------------------------------------    -------------------
                         FDCE (Prop_fdce_C_Q)         0.303     1.090 r  u_top/u_fixed/u_protocol_reset/reset_pipe_reg[2]/Q
                         net (fo=188, unplaced)       0.477     1.567    u_top/u_fixed/u_protocol_reset/reset_pipe[2]
                         LUT2 (Prop_lut2_I0_O)        0.232     1.799 f  u_top/u_fixed/u_protocol_reset/permit_meta_q_i_1/O
                         net (fo=7, unplaced)         0.679     2.478    u_top/u_fixed/u_portable_architecture/safety_accounting/endpoint/endpoint_armed_o_reg_0
                         FDCE                                         f  u_top/u_fixed/u_portable_architecture/safety_accounting/endpoint/permit_sync_valid_q_reg/CLR
  -------------------------------------------------------------------    -------------------

                         (clock protocol_clk rise edge)
                                                     15.625    15.625 r  
                                                      0.000    15.625 r  protocol_clk_i (IN)
                         net (fo=12845, unset)        0.748    16.373    u_top/u_fixed/u_portable_architecture/safety_accounting/endpoint/protocol_clk_i
                         FDCE                                         r  u_top/u_fixed/u_portable_architecture/safety_accounting/endpoint/permit_sync_valid_q_reg/C
                         clock pessimism              0.000    16.373    
                         clock uncertainty           -0.035    16.337    
                         FDCE (Recov_fdce_C_CLR)     -0.362    15.975    u_top/u_fixed/u_portable_architecture/safety_accounting/endpoint/permit_sync_valid_q_reg
  -------------------------------------------------------------------
                         required time                         15.975    
                         arrival time                          -2.478    
  -------------------------------------------------------------------
                         slack                                 13.497    

Slack (MET) :             13.514ns  (required time - arrival time)
  Source:                 u_top/u_fixed/u_protocol_reset/reset_pipe_reg[2]/C
                            (rising edge-triggered cell FDCE clocked by protocol_clk  {rise@0.000ns fall@7.813ns period=15.625ns})
  Destination:            u_top/u_fixed/stimulus_lfsr_reg[10]/CLR
                            (recovery check against rising-edge clock protocol_clk  {rise@0.000ns fall@7.813ns period=15.625ns})
  Path Group:             **async_default**
  Path Type:              Recovery (Max at Slow Process Corner)
  Requirement:            15.625ns  (protocol_clk rise@15.625ns - protocol_clk rise@0.000ns)
  Data Path Delay:        1.674ns  (logic 0.535ns (31.959%)  route 1.139ns (68.041%))
  Logic Levels:           1  (LUT1=1)
  Clock Path Skew:        -0.039ns (DCD - SCD + CPR)
    Destination Clock Delay (DCD):    0.748ns = ( 16.373 - 15.625 ) 
    Source Clock Delay      (SCD):    0.787ns
    Clock Pessimism Removal (CPR):    0.000ns
  Clock Uncertainty:      0.035ns  ((TSJ^2 + TIJ^2)^1/2 + DJ) / 2 + PE
    Total System Jitter     (TSJ):    0.071ns
    Total Input Jitter      (TIJ):    0.000ns
    Discrete Jitter          (DJ):    0.000ns
    Phase Error              (PE):    0.000ns

    Location             Delay type                Incr(ns)  Path(ns)    Netlist Resource(s)
  -------------------------------------------------------------------    -------------------
                         (clock protocol_clk rise edge)
                                                      0.000     0.000 r  
                                                      0.000     0.000 r  protocol_clk_i (IN)
                         net (fo=12845, unset)        0.787     0.787    u_top/u_fixed/u_protocol_reset/protocol_clk_i
                         FDCE                                         r  u_top/u_fixed/u_protocol_reset/reset_pipe_reg[2]/C
  -------------------------------------------------------------------    -------------------
                         FDCE (Prop_fdce_C_Q)         0.303     1.090 r  u_top/u_fixed/u_protocol_reset/reset_pipe_reg[2]/Q
                         net (fo=188, unplaced)       0.355     1.445    u_top/u_fixed/u_protocol_reset/reset_pipe[2]
                         LUT1 (Prop_lut1_I0_O)        0.232     1.677 f  u_top/u_fixed/u_protocol_reset/decision_lane_o[2]_i_2/O
                         net (fo=6788, unplaced)      0.784     2.461    u_top/u_fixed/u_protocol_reset_n_1
                         FDCE                                         f  u_top/u_fixed/stimulus_lfsr_reg[10]/CLR
  -------------------------------------------------------------------    -------------------

                         (clock protocol_clk rise edge)
                                                     15.625    15.625 r  
                                                      0.000    15.625 r  protocol_clk_i (IN)
                         net (fo=12845, unset)        0.748    16.373    u_top/u_fixed/protocol_clk_i
                         FDCE                                         r  u_top/u_fixed/stimulus_lfsr_reg[10]/C
                         clock pessimism              0.000    16.373    
                         clock uncertainty           -0.035    16.337    
                         FDCE (Recov_fdce_C_CLR)     -0.362    15.975    u_top/u_fixed/stimulus_lfsr_reg[10]
  -------------------------------------------------------------------
                         required time                         15.975    
                         arrival time                          -2.461    
  -------------------------------------------------------------------
                         slack                                 13.514    

Slack (MET) :             13.514ns  (required time - arrival time)
  Source:                 u_top/u_fixed/u_protocol_reset/reset_pipe_reg[2]/C
                            (rising edge-triggered cell FDCE clocked by protocol_clk  {rise@0.000ns fall@7.813ns period=15.625ns})
  Destination:            u_top/u_fixed/stimulus_lfsr_reg[11]/CLR
                            (recovery check against rising-edge clock protocol_clk  {rise@0.000ns fall@7.813ns period=15.625ns})
  Path Group:             **async_default**
  Path Type:              Recovery (Max at Slow Process Corner)
  Requirement:            15.625ns  (protocol_clk rise@15.625ns - protocol_clk rise@0.000ns)
  Data Path Delay:        1.674ns  (logic 0.535ns (31.959%)  route 1.139ns (68.041%))
  Logic Levels:           1  (LUT1=1)
  Clock Path Skew:        -0.039ns (DCD - SCD + CPR)
    Destination Clock Delay (DCD):    0.748ns = ( 16.373 - 15.625 ) 
    Source Clock Delay      (SCD):    0.787ns
    Clock Pessimism Removal (CPR):    0.000ns
  Clock Uncertainty:      0.035ns  ((TSJ^2 + TIJ^2)^1/2 + DJ) / 2 + PE
    Total System Jitter     (TSJ):    0.071ns
    Total Input Jitter      (TIJ):    0.000ns
    Discrete Jitter          (DJ):    0.000ns
    Phase Error              (PE):    0.000ns

    Location             Delay type                Incr(ns)  Path(ns)    Netlist Resource(s)
  -------------------------------------------------------------------    -------------------
                         (clock protocol_clk rise edge)
                                                      0.000     0.000 r  
                                                      0.000     0.000 r  protocol_clk_i (IN)
                         net (fo=12845, unset)        0.787     0.787    u_top/u_fixed/u_protocol_reset/protocol_clk_i
                         FDCE                                         r  u_top/u_fixed/u_protocol_reset/reset_pipe_reg[2]/C
  -------------------------------------------------------------------    -------------------
                         FDCE (Prop_fdce_C_Q)         0.303     1.090 r  u_top/u_fixed/u_protocol_reset/reset_pipe_reg[2]/Q
                         net (fo=188, unplaced)       0.355     1.445    u_top/u_fixed/u_protocol_reset/reset_pipe[2]
                         LUT1 (Prop_lut1_I0_O)        0.232     1.677 f  u_top/u_fixed/u_protocol_reset/decision_lane_o[2]_i_2/O
                         net (fo=6788, unplaced)      0.784     2.461    u_top/u_fixed/u_protocol_reset_n_1
                         FDCE                                         f  u_top/u_fixed/stimulus_lfsr_reg[11]/CLR
  -------------------------------------------------------------------    -------------------

                         (clock protocol_clk rise edge)
                                                     15.625    15.625 r  
                                                      0.000    15.625 r  protocol_clk_i (IN)
                         net (fo=12845, unset)        0.748    16.373    u_top/u_fixed/protocol_clk_i
                         FDCE                                         r  u_top/u_fixed/stimulus_lfsr_reg[11]/C
                         clock pessimism              0.000    16.373    
                         clock uncertainty           -0.035    16.337    
                         FDCE (Recov_fdce_C_CLR)     -0.362    15.975    u_top/u_fixed/stimulus_lfsr_reg[11]
  -------------------------------------------------------------------
                         required time                         15.975    
                         arrival time                          -2.461    
  -------------------------------------------------------------------
                         slack                                 13.514    

Slack (MET) :             13.514ns  (required time - arrival time)
  Source:                 u_top/u_fixed/u_protocol_reset/reset_pipe_reg[2]/C
                            (rising edge-triggered cell FDCE clocked by protocol_clk  {rise@0.000ns fall@7.813ns period=15.625ns})
  Destination:            u_top/u_fixed/stimulus_lfsr_reg[12]/CLR
                            (recovery check against rising-edge clock protocol_clk  {rise@0.000ns fall@7.813ns period=15.625ns})
  Path Group:             **async_default**
  Path Type:              Recovery (Max at Slow Process Corner)
  Requirement:            15.625ns  (protocol_clk rise@15.625ns - protocol_clk rise@0.000ns)
  Data Path Delay:        1.674ns  (logic 0.535ns (31.959%)  route 1.139ns (68.041%))
  Logic Levels:           1  (LUT1=1)
  Clock Path Skew:        -0.039ns (DCD - SCD + CPR)
    Destination Clock Delay (DCD):    0.748ns = ( 16.373 - 15.625 ) 
    Source Clock Delay      (SCD):    0.787ns
    Clock Pessimism Removal (CPR):    0.000ns
  Clock Uncertainty:      0.035ns  ((TSJ^2 + TIJ^2)^1/2 + DJ) / 2 + PE
    Total System Jitter     (TSJ):    0.071ns
    Total Input Jitter      (TIJ):    0.000ns
    Discrete Jitter          (DJ):    0.000ns
    Phase Error              (PE):    0.000ns

    Location             Delay type                Incr(ns)  Path(ns)    Netlist Resource(s)
  -------------------------------------------------------------------    -------------------
                         (clock protocol_clk rise edge)
                                                      0.000     0.000 r  
                                                      0.000     0.000 r  protocol_clk_i (IN)
                         net (fo=12845, unset)        0.787     0.787    u_top/u_fixed/u_protocol_reset/protocol_clk_i
                         FDCE                                         r  u_top/u_fixed/u_protocol_reset/reset_pipe_reg[2]/C
  -------------------------------------------------------------------    -------------------
                         FDCE (Prop_fdce_C_Q)         0.303     1.090 r  u_top/u_fixed/u_protocol_reset/reset_pipe_reg[2]/Q
                         net (fo=188, unplaced)       0.355     1.445    u_top/u_fixed/u_protocol_reset/reset_pipe[2]
                         LUT1 (Prop_lut1_I0_O)        0.232     1.677 f  u_top/u_fixed/u_protocol_reset/decision_lane_o[2]_i_2/O
                         net (fo=6788, unplaced)      0.784     2.461    u_top/u_fixed/u_protocol_reset_n_1
                         FDCE                                         f  u_top/u_fixed/stimulus_lfsr_reg[12]/CLR
  -------------------------------------------------------------------    -------------------

                         (clock protocol_clk rise edge)
                                                     15.625    15.625 r  
                                                      0.000    15.625 r  protocol_clk_i (IN)
                         net (fo=12845, unset)        0.748    16.373    u_top/u_fixed/protocol_clk_i
                         FDCE                                         r  u_top/u_fixed/stimulus_lfsr_reg[12]/C
                         clock pessimism              0.000    16.373    
                         clock uncertainty           -0.035    16.337    
                         FDCE (Recov_fdce_C_CLR)     -0.362    15.975    u_top/u_fixed/stimulus_lfsr_reg[12]
  -------------------------------------------------------------------
                         required time                         15.975    
                         arrival time                          -2.461    
  -------------------------------------------------------------------
                         slack                                 13.514    

Slack (MET) :             13.514ns  (required time - arrival time)
  Source:                 u_top/u_fixed/u_protocol_reset/reset_pipe_reg[2]/C
                            (rising edge-triggered cell FDCE clocked by protocol_clk  {rise@0.000ns fall@7.813ns period=15.625ns})
  Destination:            u_top/u_fixed/stimulus_lfsr_reg[13]/CLR
                            (recovery check against rising-edge clock protocol_clk  {rise@0.000ns fall@7.813ns period=15.625ns})
  Path Group:             **async_default**
  Path Type:              Recovery (Max at Slow Process Corner)
  Requirement:            15.625ns  (protocol_clk rise@15.625ns - protocol_clk rise@0.000ns)
  Data Path Delay:        1.674ns  (logic 0.535ns (31.959%)  route 1.139ns (68.041%))
  Logic Levels:           1  (LUT1=1)
  Clock Path Skew:        -0.039ns (DCD - SCD + CPR)
    Destination Clock Delay (DCD):    0.748ns = ( 16.373 - 15.625 ) 
    Source Clock Delay      (SCD):    0.787ns
    Clock Pessimism Removal (CPR):    0.000ns
  Clock Uncertainty:      0.035ns  ((TSJ^2 + TIJ^2)^1/2 + DJ) / 2 + PE
    Total System Jitter     (TSJ):    0.071ns
    Total Input Jitter      (TIJ):    0.000ns
    Discrete Jitter          (DJ):    0.000ns
    Phase Error              (PE):    0.000ns

    Location             Delay type                Incr(ns)  Path(ns)    Netlist Resource(s)
  -------------------------------------------------------------------    -------------------
                         (clock protocol_clk rise edge)
                                                      0.000     0.000 r  
                                                      0.000     0.000 r  protocol_clk_i (IN)
                         net (fo=12845, unset)        0.787     0.787    u_top/u_fixed/u_protocol_reset/protocol_clk_i
                         FDCE                                         r  u_top/u_fixed/u_protocol_reset/reset_pipe_reg[2]/C
  -------------------------------------------------------------------    -------------------
                         FDCE (Prop_fdce_C_Q)         0.303     1.090 r  u_top/u_fixed/u_protocol_reset/reset_pipe_reg[2]/Q
                         net (fo=188, unplaced)       0.355     1.445    u_top/u_fixed/u_protocol_reset/reset_pipe[2]
                         LUT1 (Prop_lut1_I0_O)        0.232     1.677 f  u_top/u_fixed/u_protocol_reset/decision_lane_o[2]_i_2/O
                         net (fo=6788, unplaced)      0.784     2.461    u_top/u_fixed/u_protocol_reset_n_1
                         FDCE                                         f  u_top/u_fixed/stimulus_lfsr_reg[13]/CLR
  -------------------------------------------------------------------    -------------------

                         (clock protocol_clk rise edge)
                                                     15.625    15.625 r  
                                                      0.000    15.625 r  protocol_clk_i (IN)
                         net (fo=12845, unset)        0.748    16.373    u_top/u_fixed/protocol_clk_i
                         FDCE                                         r  u_top/u_fixed/stimulus_lfsr_reg[13]/C
                         clock pessimism              0.000    16.373    
                         clock uncertainty           -0.035    16.337    
                         FDCE (Recov_fdce_C_CLR)     -0.362    15.975    u_top/u_fixed/stimulus_lfsr_reg[13]
  -------------------------------------------------------------------
                         required time                         15.975    
                         arrival time                          -2.461    
  -------------------------------------------------------------------
                         slack                                 13.514    

Slack (MET) :             13.514ns  (required time - arrival time)
  Source:                 u_top/u_fixed/u_protocol_reset/reset_pipe_reg[2]/C
                            (rising edge-triggered cell FDCE clocked by protocol_clk  {rise@0.000ns fall@7.813ns period=15.625ns})
  Destination:            u_top/u_fixed/stimulus_lfsr_reg[14]/CLR
                            (recovery check against rising-edge clock protocol_clk  {rise@0.000ns fall@7.813ns period=15.625ns})
  Path Group:             **async_default**
  Path Type:              Recovery (Max at Slow Process Corner)
  Requirement:            15.625ns  (protocol_clk rise@15.625ns - protocol_clk rise@0.000ns)
  Data Path Delay:        1.674ns  (logic 0.535ns (31.959%)  route 1.139ns (68.041%))
  Logic Levels:           1  (LUT1=1)
  Clock Path Skew:        -0.039ns (DCD - SCD + CPR)
    Destination Clock Delay (DCD):    0.748ns = ( 16.373 - 15.625 ) 
    Source Clock Delay      (SCD):    0.787ns
    Clock Pessimism Removal (CPR):    0.000ns
  Clock Uncertainty:      0.035ns  ((TSJ^2 + TIJ^2)^1/2 + DJ) / 2 + PE
    Total System Jitter     (TSJ):    0.071ns
    Total Input Jitter      (TIJ):    0.000ns
    Discrete Jitter          (DJ):    0.000ns
    Phase Error              (PE):    0.000ns

    Location             Delay type                Incr(ns)  Path(ns)    Netlist Resource(s)
  -------------------------------------------------------------------    -------------------
                         (clock protocol_clk rise edge)
                                                      0.000     0.000 r  
                                                      0.000     0.000 r  protocol_clk_i (IN)
                         net (fo=12845, unset)        0.787     0.787    u_top/u_fixed/u_protocol_reset/protocol_clk_i
                         FDCE                                         r  u_top/u_fixed/u_protocol_reset/reset_pipe_reg[2]/C
  -------------------------------------------------------------------    -------------------
                         FDCE (Prop_fdce_C_Q)         0.303     1.090 r  u_top/u_fixed/u_protocol_reset/reset_pipe_reg[2]/Q
                         net (fo=188, unplaced)       0.355     1.445    u_top/u_fixed/u_protocol_reset/reset_pipe[2]
                         LUT1 (Prop_lut1_I0_O)        0.232     1.677 f  u_top/u_fixed/u_protocol_reset/decision_lane_o[2]_i_2/O
                         net (fo=6788, unplaced)      0.784     2.461    u_top/u_fixed/u_protocol_reset_n_1
                         FDCE                                         f  u_top/u_fixed/stimulus_lfsr_reg[14]/CLR
  -------------------------------------------------------------------    -------------------

                         (clock protocol_clk rise edge)
                                                     15.625    15.625 r  
                                                      0.000    15.625 r  protocol_clk_i (IN)
                         net (fo=12845, unset)        0.748    16.373    u_top/u_fixed/protocol_clk_i
                         FDCE                                         r  u_top/u_fixed/stimulus_lfsr_reg[14]/C
                         clock pessimism              0.000    16.373    
                         clock uncertainty           -0.035    16.337    
                         FDCE (Recov_fdce_C_CLR)     -0.362    15.975    u_top/u_fixed/stimulus_lfsr_reg[14]
  -------------------------------------------------------------------
                         required time                         15.975    
                         arrival time                          -2.461    
  -------------------------------------------------------------------
                         slack                                 13.514    

Slack (MET) :             13.514ns  (required time - arrival time)
  Source:                 u_top/u_fixed/u_protocol_reset/reset_pipe_reg[2]/C
                            (rising edge-triggered cell FDCE clocked by protocol_clk  {rise@0.000ns fall@7.813ns period=15.625ns})
  Destination:            u_top/u_fixed/stimulus_lfsr_reg[15]/CLR
                            (recovery check against rising-edge clock protocol_clk  {rise@0.000ns fall@7.813ns period=15.625ns})
  Path Group:             **async_default**
  Path Type:              Recovery (Max at Slow Process Corner)
  Requirement:            15.625ns  (protocol_clk rise@15.625ns - protocol_clk rise@0.000ns)
  Data Path Delay:        1.674ns  (logic 0.535ns (31.959%)  route 1.139ns (68.041%))
  Logic Levels:           1  (LUT1=1)
  Clock Path Skew:        -0.039ns (DCD - SCD + CPR)
    Destination Clock Delay (DCD):    0.748ns = ( 16.373 - 15.625 ) 
    Source Clock Delay      (SCD):    0.787ns
    Clock Pessimism Removal (CPR):    0.000ns
  Clock Uncertainty:      0.035ns  ((TSJ^2 + TIJ^2)^1/2 + DJ) / 2 + PE
    Total System Jitter     (TSJ):    0.071ns
    Total Input Jitter      (TIJ):    0.000ns
    Discrete Jitter          (DJ):    0.000ns
    Phase Error              (PE):    0.000ns

    Location             Delay type                Incr(ns)  Path(ns)    Netlist Resource(s)
  -------------------------------------------------------------------    -------------------
                         (clock protocol_clk rise edge)
                                                      0.000     0.000 r  
                                                      0.000     0.000 r  protocol_clk_i (IN)
                         net (fo=12845, unset)        0.787     0.787    u_top/u_fixed/u_protocol_reset/protocol_clk_i
                         FDCE                                         r  u_top/u_fixed/u_protocol_reset/reset_pipe_reg[2]/C
  -------------------------------------------------------------------    -------------------
                         FDCE (Prop_fdce_C_Q)         0.303     1.090 r  u_top/u_fixed/u_protocol_reset/reset_pipe_reg[2]/Q
                         net (fo=188, unplaced)       0.355     1.445    u_top/u_fixed/u_protocol_reset/reset_pipe[2]
                         LUT1 (Prop_lut1_I0_O)        0.232     1.677 f  u_top/u_fixed/u_protocol_reset/decision_lane_o[2]_i_2/O
                         net (fo=6788, unplaced)      0.784     2.461    u_top/u_fixed/u_protocol_reset_n_1
                         FDCE                                         f  u_top/u_fixed/stimulus_lfsr_reg[15]/CLR
  -------------------------------------------------------------------    -------------------

                         (clock protocol_clk rise edge)
                                                     15.625    15.625 r  
                                                      0.000    15.625 r  protocol_clk_i (IN)
                         net (fo=12845, unset)        0.748    16.373    u_top/u_fixed/protocol_clk_i
                         FDCE                                         r  u_top/u_fixed/stimulus_lfsr_reg[15]/C
                         clock pessimism              0.000    16.373    
                         clock uncertainty           -0.035    16.337    
                         FDCE (Recov_fdce_C_CLR)     -0.362    15.975    u_top/u_fixed/stimulus_lfsr_reg[15]
  -------------------------------------------------------------------
                         required time                         15.975    
                         arrival time                          -2.461    
  -------------------------------------------------------------------
                         slack                                 13.514    

Slack (MET) :             13.514ns  (required time - arrival time)
  Source:                 u_top/u_fixed/u_protocol_reset/reset_pipe_reg[2]/C
                            (rising edge-triggered cell FDCE clocked by protocol_clk  {rise@0.000ns fall@7.813ns period=15.625ns})
  Destination:            u_top/u_fixed/stimulus_lfsr_reg[16]/CLR
                            (recovery check against rising-edge clock protocol_clk  {rise@0.000ns fall@7.813ns period=15.625ns})
  Path Group:             **async_default**
  Path Type:              Recovery (Max at Slow Process Corner)
  Requirement:            15.625ns  (protocol_clk rise@15.625ns - protocol_clk rise@0.000ns)
  Data Path Delay:        1.674ns  (logic 0.535ns (31.959%)  route 1.139ns (68.041%))
  Logic Levels:           1  (LUT1=1)
  Clock Path Skew:        -0.039ns (DCD - SCD + CPR)
    Destination Clock Delay (DCD):    0.748ns = ( 16.373 - 15.625 ) 
    Source Clock Delay      (SCD):    0.787ns
    Clock Pessimism Removal (CPR):    0.000ns
  Clock Uncertainty:      0.035ns  ((TSJ^2 + TIJ^2)^1/2 + DJ) / 2 + PE
    Total System Jitter     (TSJ):    0.071ns
    Total Input Jitter      (TIJ):    0.000ns
    Discrete Jitter          (DJ):    0.000ns
    Phase Error              (PE):    0.000ns

    Location             Delay type                Incr(ns)  Path(ns)    Netlist Resource(s)
  -------------------------------------------------------------------    -------------------
                         (clock protocol_clk rise edge)
                                                      0.000     0.000 r  
                                                      0.000     0.000 r  protocol_clk_i (IN)
                         net (fo=12845, unset)        0.787     0.787    u_top/u_fixed/u_protocol_reset/protocol_clk_i
                         FDCE                                         r  u_top/u_fixed/u_protocol_reset/reset_pipe_reg[2]/C
  -------------------------------------------------------------------    -------------------
                         FDCE (Prop_fdce_C_Q)         0.303     1.090 r  u_top/u_fixed/u_protocol_reset/reset_pipe_reg[2]/Q
                         net (fo=188, unplaced)       0.355     1.445    u_top/u_fixed/u_protocol_reset/reset_pipe[2]
                         LUT1 (Prop_lut1_I0_O)        0.232     1.677 f  u_top/u_fixed/u_protocol_reset/decision_lane_o[2]_i_2/O
                         net (fo=6788, unplaced)      0.784     2.461    u_top/u_fixed/u_protocol_reset_n_1
                         FDCE                                         f  u_top/u_fixed/stimulus_lfsr_reg[16]/CLR
  -------------------------------------------------------------------    -------------------

                         (clock protocol_clk rise edge)
                                                     15.625    15.625 r  
                                                      0.000    15.625 r  protocol_clk_i (IN)
                         net (fo=12845, unset)        0.748    16.373    u_top/u_fixed/protocol_clk_i
                         FDCE                                         r  u_top/u_fixed/stimulus_lfsr_reg[16]/C
                         clock pessimism              0.000    16.373    
                         clock uncertainty           -0.035    16.337    
                         FDCE (Recov_fdce_C_CLR)     -0.362    15.975    u_top/u_fixed/stimulus_lfsr_reg[16]
  -------------------------------------------------------------------
                         required time                         15.975    
                         arrival time                          -2.461    
  -------------------------------------------------------------------
                         slack                                 13.514    

Slack (MET) :             13.514ns  (required time - arrival time)
  Source:                 u_top/u_fixed/u_protocol_reset/reset_pipe_reg[2]/C
                            (rising edge-triggered cell FDCE clocked by protocol_clk  {rise@0.000ns fall@7.813ns period=15.625ns})
  Destination:            u_top/u_fixed/stimulus_lfsr_reg[17]/CLR
                            (recovery check against rising-edge clock protocol_clk  {rise@0.000ns fall@7.813ns period=15.625ns})
  Path Group:             **async_default**
  Path Type:              Recovery (Max at Slow Process Corner)
  Requirement:            15.625ns  (protocol_clk rise@15.625ns - protocol_clk rise@0.000ns)
  Data Path Delay:        1.674ns  (logic 0.535ns (31.959%)  route 1.139ns (68.041%))
  Logic Levels:           1  (LUT1=1)
  Clock Path Skew:        -0.039ns (DCD - SCD + CPR)
    Destination Clock Delay (DCD):    0.748ns = ( 16.373 - 15.625 ) 
    Source Clock Delay      (SCD):    0.787ns
    Clock Pessimism Removal (CPR):    0.000ns
  Clock Uncertainty:      0.035ns  ((TSJ^2 + TIJ^2)^1/2 + DJ) / 2 + PE
    Total System Jitter     (TSJ):    0.071ns
    Total Input Jitter      (TIJ):    0.000ns
    Discrete Jitter          (DJ):    0.000ns
    Phase Error              (PE):    0.000ns

    Location             Delay type                Incr(ns)  Path(ns)    Netlist Resource(s)
  -------------------------------------------------------------------    -------------------
                         (clock protocol_clk rise edge)
                                                      0.000     0.000 r  
                                                      0.000     0.000 r  protocol_clk_i (IN)
                         net (fo=12845, unset)        0.787     0.787    u_top/u_fixed/u_protocol_reset/protocol_clk_i
                         FDCE                                         r  u_top/u_fixed/u_protocol_reset/reset_pipe_reg[2]/C
  -------------------------------------------------------------------    -------------------
                         FDCE (Prop_fdce_C_Q)         0.303     1.090 r  u_top/u_fixed/u_protocol_reset/reset_pipe_reg[2]/Q
                         net (fo=188, unplaced)       0.355     1.445    u_top/u_fixed/u_protocol_reset/reset_pipe[2]
                         LUT1 (Prop_lut1_I0_O)        0.232     1.677 f  u_top/u_fixed/u_protocol_reset/decision_lane_o[2]_i_2/O
                         net (fo=6788, unplaced)      0.784     2.461    u_top/u_fixed/u_protocol_reset_n_1
                         FDCE                                         f  u_top/u_fixed/stimulus_lfsr_reg[17]/CLR
  -------------------------------------------------------------------    -------------------

                         (clock protocol_clk rise edge)
                                                     15.625    15.625 r  
                                                      0.000    15.625 r  protocol_clk_i (IN)
                         net (fo=12845, unset)        0.748    16.373    u_top/u_fixed/protocol_clk_i
                         FDCE                                         r  u_top/u_fixed/stimulus_lfsr_reg[17]/C
                         clock pessimism              0.000    16.373    
                         clock uncertainty           -0.035    16.337    
                         FDCE (Recov_fdce_C_CLR)     -0.362    15.975    u_top/u_fixed/stimulus_lfsr_reg[17]
  -------------------------------------------------------------------
                         required time                         15.975    
                         arrival time                          -2.461    
  -------------------------------------------------------------------
                         slack                                 13.514    

Slack (MET) :             13.514ns  (required time - arrival time)
  Source:                 u_top/u_fixed/u_protocol_reset/reset_pipe_reg[2]/C
                            (rising edge-triggered cell FDCE clocked by protocol_clk  {rise@0.000ns fall@7.813ns period=15.625ns})
  Destination:            u_top/u_fixed/stimulus_lfsr_reg[18]/CLR
                            (recovery check against rising-edge clock protocol_clk  {rise@0.000ns fall@7.813ns period=15.625ns})
  Path Group:             **async_default**
  Path Type:              Recovery (Max at Slow Process Corner)
  Requirement:            15.625ns  (protocol_clk rise@15.625ns - protocol_clk rise@0.000ns)
  Data Path Delay:        1.674ns  (logic 0.535ns (31.959%)  route 1.139ns (68.041%))
  Logic Levels:           1  (LUT1=1)
  Clock Path Skew:        -0.039ns (DCD - SCD + CPR)
    Destination Clock Delay (DCD):    0.748ns = ( 16.373 - 15.625 ) 
    Source Clock Delay      (SCD):    0.787ns
    Clock Pessimism Removal (CPR):    0.000ns
  Clock Uncertainty:      0.035ns  ((TSJ^2 + TIJ^2)^1/2 + DJ) / 2 + PE
    Total System Jitter     (TSJ):    0.071ns
    Total Input Jitter      (TIJ):    0.000ns
    Discrete Jitter          (DJ):    0.000ns
    Phase Error              (PE):    0.000ns

    Location             Delay type                Incr(ns)  Path(ns)    Netlist Resource(s)
  -------------------------------------------------------------------    -------------------
                         (clock protocol_clk rise edge)
                                                      0.000     0.000 r  
                                                      0.000     0.000 r  protocol_clk_i (IN)
                         net (fo=12845, unset)        0.787     0.787    u_top/u_fixed/u_protocol_reset/protocol_clk_i
                         FDCE                                         r  u_top/u_fixed/u_protocol_reset/reset_pipe_reg[2]/C
  -------------------------------------------------------------------    -------------------
                         FDCE (Prop_fdce_C_Q)         0.303     1.090 r  u_top/u_fixed/u_protocol_reset/reset_pipe_reg[2]/Q
                         net (fo=188, unplaced)       0.355     1.445    u_top/u_fixed/u_protocol_reset/reset_pipe[2]
                         LUT1 (Prop_lut1_I0_O)        0.232     1.677 f  u_top/u_fixed/u_protocol_reset/decision_lane_o[2]_i_2/O
                         net (fo=6788, unplaced)      0.784     2.461    u_top/u_fixed/u_protocol_reset_n_1
                         FDCE                                         f  u_top/u_fixed/stimulus_lfsr_reg[18]/CLR
  -------------------------------------------------------------------    -------------------

                         (clock protocol_clk rise edge)
                                                     15.625    15.625 r  
                                                      0.000    15.625 r  protocol_clk_i (IN)
                         net (fo=12845, unset)        0.748    16.373    u_top/u_fixed/protocol_clk_i
                         FDCE                                         r  u_top/u_fixed/stimulus_lfsr_reg[18]/C
                         clock pessimism              0.000    16.373    
                         clock uncertainty           -0.035    16.337    
                         FDCE (Recov_fdce_C_CLR)     -0.362    15.975    u_top/u_fixed/stimulus_lfsr_reg[18]
  -------------------------------------------------------------------
                         required time                         15.975    
                         arrival time                          -2.461    
  -------------------------------------------------------------------
                         slack                                 13.514    





Min Delay Paths
--------------------------------------------------------------------------------------
Slack (MET) :             0.884ns  (arrival time - required time)
  Source:                 u_top/u_fixed/u_protocol_reset/reset_pipe_reg[2]/C
                            (rising edge-triggered cell FDCE clocked by protocol_clk  {rise@0.000ns fall@7.813ns period=15.625ns})
  Destination:            u_top/u_fixed/stimulus_lfsr_reg[10]/CLR
                            (removal check against rising-edge clock protocol_clk  {rise@0.000ns fall@7.813ns period=15.625ns})
  Path Group:             **async_default**
  Path Type:              Removal (Min at Fast Process Corner)
  Requirement:            0.000ns  (protocol_clk rise@0.000ns - protocol_clk rise@0.000ns)
  Data Path Delay:        0.781ns  (logic 0.216ns (27.663%)  route 0.565ns (72.337%))
  Logic Levels:           1  (LUT1=1)
  Clock Path Skew:        0.021ns (DCD - SCD - CPR)
    Destination Clock Delay (DCD):    0.411ns
    Source Clock Delay      (SCD):    0.390ns
    Clock Pessimism Removal (CPR):    -0.000ns

    Location             Delay type                Incr(ns)  Path(ns)    Netlist Resource(s)
  -------------------------------------------------------------------    -------------------
                         (clock protocol_clk rise edge)
                                                      0.000     0.000 r  
                                                      0.000     0.000 r  protocol_clk_i (IN)
                         net (fo=12845, unset)        0.390     0.390    u_top/u_fixed/u_protocol_reset/protocol_clk_i
                         FDCE                                         r  u_top/u_fixed/u_protocol_reset/reset_pipe_reg[2]/C
  -------------------------------------------------------------------    -------------------
                         FDCE (Prop_fdce_C_Q)         0.118     0.508 r  u_top/u_fixed/u_protocol_reset/reset_pipe_reg[2]/Q
                         net (fo=188, unplaced)       0.176     0.684    u_top/u_fixed/u_protocol_reset/reset_pipe[2]
                         LUT1 (Prop_lut1_I0_O)        0.098     0.782 f  u_top/u_fixed/u_protocol_reset/decision_lane_o[2]_i_2/O
                         net (fo=6788, unplaced)      0.389     1.171    u_top/u_fixed/u_protocol_reset_n_1
                         FDCE                                         f  u_top/u_fixed/stimulus_lfsr_reg[10]/CLR
  -------------------------------------------------------------------    -------------------

                         (clock protocol_clk rise edge)
                                                      0.000     0.000 r  
                                                      0.000     0.000 r  protocol_clk_i (IN)
                         net (fo=12845, unset)        0.411     0.411    u_top/u_fixed/protocol_clk_i
                         FDCE                                         r  u_top/u_fixed/stimulus_lfsr_reg[10]/C
                         clock pessimism              0.000     0.411    
                         FDCE (Remov_fdce_C_CLR)     -0.124     0.287    u_top/u_fixed/stimulus_lfsr_reg[10]
  -------------------------------------------------------------------
                         required time                         -0.287    
                         arrival time                           1.171    
  -------------------------------------------------------------------
                         slack                                  0.884    

Slack (MET) :             0.884ns  (arrival time - required time)
  Source:                 u_top/u_fixed/u_protocol_reset/reset_pipe_reg[2]/C
                            (rising edge-triggered cell FDCE clocked by protocol_clk  {rise@0.000ns fall@7.813ns period=15.625ns})
  Destination:            u_top/u_fixed/stimulus_lfsr_reg[11]/CLR
                            (removal check against rising-edge clock protocol_clk  {rise@0.000ns fall@7.813ns period=15.625ns})
  Path Group:             **async_default**
  Path Type:              Removal (Min at Fast Process Corner)
  Requirement:            0.000ns  (protocol_clk rise@0.000ns - protocol_clk rise@0.000ns)
  Data Path Delay:        0.781ns  (logic 0.216ns (27.663%)  route 0.565ns (72.337%))
  Logic Levels:           1  (LUT1=1)
  Clock Path Skew:        0.021ns (DCD - SCD - CPR)
    Destination Clock Delay (DCD):    0.411ns
    Source Clock Delay      (SCD):    0.390ns
    Clock Pessimism Removal (CPR):    -0.000ns

    Location             Delay type                Incr(ns)  Path(ns)    Netlist Resource(s)
  -------------------------------------------------------------------    -------------------
                         (clock protocol_clk rise edge)
                                                      0.000     0.000 r  
                                                      0.000     0.000 r  protocol_clk_i (IN)
                         net (fo=12845, unset)        0.390     0.390    u_top/u_fixed/u_protocol_reset/protocol_clk_i
                         FDCE                                         r  u_top/u_fixed/u_protocol_reset/reset_pipe_reg[2]/C
  -------------------------------------------------------------------    -------------------
                         FDCE (Prop_fdce_C_Q)         0.118     0.508 r  u_top/u_fixed/u_protocol_reset/reset_pipe_reg[2]/Q
                         net (fo=188, unplaced)       0.176     0.684    u_top/u_fixed/u_protocol_reset/reset_pipe[2]
                         LUT1 (Prop_lut1_I0_O)        0.098     0.782 f  u_top/u_fixed/u_protocol_reset/decision_lane_o[2]_i_2/O
                         net (fo=6788, unplaced)      0.389     1.171    u_top/u_fixed/u_protocol_reset_n_1
                         FDCE                                         f  u_top/u_fixed/stimulus_lfsr_reg[11]/CLR
  -------------------------------------------------------------------    -------------------

                         (clock protocol_clk rise edge)
                                                      0.000     0.000 r  
                                                      0.000     0.000 r  protocol_clk_i (IN)
                         net (fo=12845, unset)        0.411     0.411    u_top/u_fixed/protocol_clk_i
                         FDCE                                         r  u_top/u_fixed/stimulus_lfsr_reg[11]/C
                         clock pessimism              0.000     0.411    
                         FDCE (Remov_fdce_C_CLR)     -0.124     0.287    u_top/u_fixed/stimulus_lfsr_reg[11]
  -------------------------------------------------------------------
                         required time                         -0.287    
                         arrival time                           1.171    
  -------------------------------------------------------------------
                         slack                                  0.884    

Slack (MET) :             0.884ns  (arrival time - required time)
  Source:                 u_top/u_fixed/u_protocol_reset/reset_pipe_reg[2]/C
                            (rising edge-triggered cell FDCE clocked by protocol_clk  {rise@0.000ns fall@7.813ns period=15.625ns})
  Destination:            u_top/u_fixed/stimulus_lfsr_reg[12]/CLR
                            (removal check against rising-edge clock protocol_clk  {rise@0.000ns fall@7.813ns period=15.625ns})
  Path Group:             **async_default**
  Path Type:              Removal (Min at Fast Process Corner)
  Requirement:            0.000ns  (protocol_clk rise@0.000ns - protocol_clk rise@0.000ns)
  Data Path Delay:        0.781ns  (logic 0.216ns (27.663%)  route 0.565ns (72.337%))
  Logic Levels:           1  (LUT1=1)
  Clock Path Skew:        0.021ns (DCD - SCD - CPR)
    Destination Clock Delay (DCD):    0.411ns
    Source Clock Delay      (SCD):    0.390ns
    Clock Pessimism Removal (CPR):    -0.000ns

    Location             Delay type                Incr(ns)  Path(ns)    Netlist Resource(s)
  -------------------------------------------------------------------    -------------------
                         (clock protocol_clk rise edge)
                                                      0.000     0.000 r  
                                                      0.000     0.000 r  protocol_clk_i (IN)
                         net (fo=12845, unset)        0.390     0.390    u_top/u_fixed/u_protocol_reset/protocol_clk_i
                         FDCE                                         r  u_top/u_fixed/u_protocol_reset/reset_pipe_reg[2]/C
  -------------------------------------------------------------------    -------------------
                         FDCE (Prop_fdce_C_Q)         0.118     0.508 r  u_top/u_fixed/u_protocol_reset/reset_pipe_reg[2]/Q
                         net (fo=188, unplaced)       0.176     0.684    u_top/u_fixed/u_protocol_reset/reset_pipe[2]
                         LUT1 (Prop_lut1_I0_O)        0.098     0.782 f  u_top/u_fixed/u_protocol_reset/decision_lane_o[2]_i_2/O
                         net (fo=6788, unplaced)      0.389     1.171    u_top/u_fixed/u_protocol_reset_n_1
                         FDCE                                         f  u_top/u_fixed/stimulus_lfsr_reg[12]/CLR
  -------------------------------------------------------------------    -------------------

                         (clock protocol_clk rise edge)
                                                      0.000     0.000 r  
                                                      0.000     0.000 r  protocol_clk_i (IN)
                         net (fo=12845, unset)        0.411     0.411    u_top/u_fixed/protocol_clk_i
                         FDCE                                         r  u_top/u_fixed/stimulus_lfsr_reg[12]/C
                         clock pessimism              0.000     0.411    
                         FDCE (Remov_fdce_C_CLR)     -0.124     0.287    u_top/u_fixed/stimulus_lfsr_reg[12]
  -------------------------------------------------------------------
                         required time                         -0.287    
                         arrival time                           1.171    
  -------------------------------------------------------------------
                         slack                                  0.884    

Slack (MET) :             0.884ns  (arrival time - required time)
  Source:                 u_top/u_fixed/u_protocol_reset/reset_pipe_reg[2]/C
                            (rising edge-triggered cell FDCE clocked by protocol_clk  {rise@0.000ns fall@7.813ns period=15.625ns})
  Destination:            u_top/u_fixed/stimulus_lfsr_reg[13]/CLR
                            (removal check against rising-edge clock protocol_clk  {rise@0.000ns fall@7.813ns period=15.625ns})
  Path Group:             **async_default**
  Path Type:              Removal (Min at Fast Process Corner)
  Requirement:            0.000ns  (protocol_clk rise@0.000ns - protocol_clk rise@0.000ns)
  Data Path Delay:        0.781ns  (logic 0.216ns (27.663%)  route 0.565ns (72.337%))
  Logic Levels:           1  (LUT1=1)
  Clock Path Skew:        0.021ns (DCD - SCD - CPR)
    Destination Clock Delay (DCD):    0.411ns
    Source Clock Delay      (SCD):    0.390ns
    Clock Pessimism Removal (CPR):    -0.000ns

    Location             Delay type                Incr(ns)  Path(ns)    Netlist Resource(s)
  -------------------------------------------------------------------    -------------------
                         (clock protocol_clk rise edge)
                                                      0.000     0.000 r  
                                                      0.000     0.000 r  protocol_clk_i (IN)
                         net (fo=12845, unset)        0.390     0.390    u_top/u_fixed/u_protocol_reset/protocol_clk_i
                         FDCE                                         r  u_top/u_fixed/u_protocol_reset/reset_pipe_reg[2]/C
  -------------------------------------------------------------------    -------------------
                         FDCE (Prop_fdce_C_Q)         0.118     0.508 r  u_top/u_fixed/u_protocol_reset/reset_pipe_reg[2]/Q
                         net (fo=188, unplaced)       0.176     0.684    u_top/u_fixed/u_protocol_reset/reset_pipe[2]
                         LUT1 (Prop_lut1_I0_O)        0.098     0.782 f  u_top/u_fixed/u_protocol_reset/decision_lane_o[2]_i_2/O
                         net (fo=6788, unplaced)      0.389     1.171    u_top/u_fixed/u_protocol_reset_n_1
                         FDCE                                         f  u_top/u_fixed/stimulus_lfsr_reg[13]/CLR
  -------------------------------------------------------------------    -------------------

                         (clock protocol_clk rise edge)
                                                      0.000     0.000 r  
                                                      0.000     0.000 r  protocol_clk_i (IN)
                         net (fo=12845, unset)        0.411     0.411    u_top/u_fixed/protocol_clk_i
                         FDCE                                         r  u_top/u_fixed/stimulus_lfsr_reg[13]/C
                         clock pessimism              0.000     0.411    
                         FDCE (Remov_fdce_C_CLR)     -0.124     0.287    u_top/u_fixed/stimulus_lfsr_reg[13]
  -------------------------------------------------------------------
                         required time                         -0.287    
                         arrival time                           1.171    
  -------------------------------------------------------------------
                         slack                                  0.884    

Slack (MET) :             0.884ns  (arrival time - required time)
  Source:                 u_top/u_fixed/u_protocol_reset/reset_pipe_reg[2]/C
                            (rising edge-triggered cell FDCE clocked by protocol_clk  {rise@0.000ns fall@7.813ns period=15.625ns})
  Destination:            u_top/u_fixed/stimulus_lfsr_reg[14]/CLR
                            (removal check against rising-edge clock protocol_clk  {rise@0.000ns fall@7.813ns period=15.625ns})
  Path Group:             **async_default**
  Path Type:              Removal (Min at Fast Process Corner)
  Requirement:            0.000ns  (protocol_clk rise@0.000ns - protocol_clk rise@0.000ns)
  Data Path Delay:        0.781ns  (logic 0.216ns (27.663%)  route 0.565ns (72.337%))
  Logic Levels:           1  (LUT1=1)
  Clock Path Skew:        0.021ns (DCD - SCD - CPR)
    Destination Clock Delay (DCD):    0.411ns
    Source Clock Delay      (SCD):    0.390ns
    Clock Pessimism Removal (CPR):    -0.000ns

    Location             Delay type                Incr(ns)  Path(ns)    Netlist Resource(s)
  -------------------------------------------------------------------    -------------------
                         (clock protocol_clk rise edge)
                                                      0.000     0.000 r  
                                                      0.000     0.000 r  protocol_clk_i (IN)
                         net (fo=12845, unset)        0.390     0.390    u_top/u_fixed/u_protocol_reset/protocol_clk_i
                         FDCE                                         r  u_top/u_fixed/u_protocol_reset/reset_pipe_reg[2]/C
  -------------------------------------------------------------------    -------------------
                         FDCE (Prop_fdce_C_Q)         0.118     0.508 r  u_top/u_fixed/u_protocol_reset/reset_pipe_reg[2]/Q
                         net (fo=188, unplaced)       0.176     0.684    u_top/u_fixed/u_protocol_reset/reset_pipe[2]
                         LUT1 (Prop_lut1_I0_O)        0.098     0.782 f  u_top/u_fixed/u_protocol_reset/decision_lane_o[2]_i_2/O
                         net (fo=6788, unplaced)      0.389     1.171    u_top/u_fixed/u_protocol_reset_n_1
                         FDCE                                         f  u_top/u_fixed/stimulus_lfsr_reg[14]/CLR
  -------------------------------------------------------------------    -------------------

                         (clock protocol_clk rise edge)
                                                      0.000     0.000 r  
                                                      0.000     0.000 r  protocol_clk_i (IN)
                         net (fo=12845, unset)        0.411     0.411    u_top/u_fixed/protocol_clk_i
                         FDCE                                         r  u_top/u_fixed/stimulus_lfsr_reg[14]/C
                         clock pessimism              0.000     0.411    
                         FDCE (Remov_fdce_C_CLR)     -0.124     0.287    u_top/u_fixed/stimulus_lfsr_reg[14]
  -------------------------------------------------------------------
                         required time                         -0.287    
                         arrival time                           1.171    
  -------------------------------------------------------------------
                         slack                                  0.884    

Slack (MET) :             0.884ns  (arrival time - required time)
  Source:                 u_top/u_fixed/u_protocol_reset/reset_pipe_reg[2]/C
                            (rising edge-triggered cell FDCE clocked by protocol_clk  {rise@0.000ns fall@7.813ns period=15.625ns})
  Destination:            u_top/u_fixed/stimulus_lfsr_reg[15]/CLR
                            (removal check against rising-edge clock protocol_clk  {rise@0.000ns fall@7.813ns period=15.625ns})
  Path Group:             **async_default**
  Path Type:              Removal (Min at Fast Process Corner)
  Requirement:            0.000ns  (protocol_clk rise@0.000ns - protocol_clk rise@0.000ns)
  Data Path Delay:        0.781ns  (logic 0.216ns (27.663%)  route 0.565ns (72.337%))
  Logic Levels:           1  (LUT1=1)
  Clock Path Skew:        0.021ns (DCD - SCD - CPR)
    Destination Clock Delay (DCD):    0.411ns
    Source Clock Delay      (SCD):    0.390ns
    Clock Pessimism Removal (CPR):    -0.000ns

    Location             Delay type                Incr(ns)  Path(ns)    Netlist Resource(s)
  -------------------------------------------------------------------    -------------------
                         (clock protocol_clk rise edge)
                                                      0.000     0.000 r  
                                                      0.000     0.000 r  protocol_clk_i (IN)
                         net (fo=12845, unset)        0.390     0.390    u_top/u_fixed/u_protocol_reset/protocol_clk_i
                         FDCE                                         r  u_top/u_fixed/u_protocol_reset/reset_pipe_reg[2]/C
  -------------------------------------------------------------------    -------------------
                         FDCE (Prop_fdce_C_Q)         0.118     0.508 r  u_top/u_fixed/u_protocol_reset/reset_pipe_reg[2]/Q
                         net (fo=188, unplaced)       0.176     0.684    u_top/u_fixed/u_protocol_reset/reset_pipe[2]
                         LUT1 (Prop_lut1_I0_O)        0.098     0.782 f  u_top/u_fixed/u_protocol_reset/decision_lane_o[2]_i_2/O
                         net (fo=6788, unplaced)      0.389     1.171    u_top/u_fixed/u_protocol_reset_n_1
                         FDCE                                         f  u_top/u_fixed/stimulus_lfsr_reg[15]/CLR
  -------------------------------------------------------------------    -------------------

                         (clock protocol_clk rise edge)
                                                      0.000     0.000 r  
                                                      0.000     0.000 r  protocol_clk_i (IN)
                         net (fo=12845, unset)        0.411     0.411    u_top/u_fixed/protocol_clk_i
                         FDCE                                         r  u_top/u_fixed/stimulus_lfsr_reg[15]/C
                         clock pessimism              0.000     0.411    
                         FDCE (Remov_fdce_C_CLR)     -0.124     0.287    u_top/u_fixed/stimulus_lfsr_reg[15]
  -------------------------------------------------------------------
                         required time                         -0.287    
                         arrival time                           1.171    
  -------------------------------------------------------------------
                         slack                                  0.884    

Slack (MET) :             0.884ns  (arrival time - required time)
  Source:                 u_top/u_fixed/u_protocol_reset/reset_pipe_reg[2]/C
                            (rising edge-triggered cell FDCE clocked by protocol_clk  {rise@0.000ns fall@7.813ns period=15.625ns})
  Destination:            u_top/u_fixed/stimulus_lfsr_reg[16]/CLR
                            (removal check against rising-edge clock protocol_clk  {rise@0.000ns fall@7.813ns period=15.625ns})
  Path Group:             **async_default**
  Path Type:              Removal (Min at Fast Process Corner)
  Requirement:            0.000ns  (protocol_clk rise@0.000ns - protocol_clk rise@0.000ns)
  Data Path Delay:        0.781ns  (logic 0.216ns (27.663%)  route 0.565ns (72.337%))
  Logic Levels:           1  (LUT1=1)
  Clock Path Skew:        0.021ns (DCD - SCD - CPR)
    Destination Clock Delay (DCD):    0.411ns
    Source Clock Delay      (SCD):    0.390ns
    Clock Pessimism Removal (CPR):    -0.000ns

    Location             Delay type                Incr(ns)  Path(ns)    Netlist Resource(s)
  -------------------------------------------------------------------    -------------------
                         (clock protocol_clk rise edge)
                                                      0.000     0.000 r  
                                                      0.000     0.000 r  protocol_clk_i (IN)
                         net (fo=12845, unset)        0.390     0.390    u_top/u_fixed/u_protocol_reset/protocol_clk_i
                         FDCE                                         r  u_top/u_fixed/u_protocol_reset/reset_pipe_reg[2]/C
  -------------------------------------------------------------------    -------------------
                         FDCE (Prop_fdce_C_Q)         0.118     0.508 r  u_top/u_fixed/u_protocol_reset/reset_pipe_reg[2]/Q
                         net (fo=188, unplaced)       0.176     0.684    u_top/u_fixed/u_protocol_reset/reset_pipe[2]
                         LUT1 (Prop_lut1_I0_O)        0.098     0.782 f  u_top/u_fixed/u_protocol_reset/decision_lane_o[2]_i_2/O
                         net (fo=6788, unplaced)      0.389     1.171    u_top/u_fixed/u_protocol_reset_n_1
                         FDCE                                         f  u_top/u_fixed/stimulus_lfsr_reg[16]/CLR
  -------------------------------------------------------------------    -------------------

                         (clock protocol_clk rise edge)
                                                      0.000     0.000 r  
                                                      0.000     0.000 r  protocol_clk_i (IN)
                         net (fo=12845, unset)        0.411     0.411    u_top/u_fixed/protocol_clk_i
                         FDCE                                         r  u_top/u_fixed/stimulus_lfsr_reg[16]/C
                         clock pessimism              0.000     0.411    
                         FDCE (Remov_fdce_C_CLR)     -0.124     0.287    u_top/u_fixed/stimulus_lfsr_reg[16]
  -------------------------------------------------------------------
                         required time                         -0.287    
                         arrival time                           1.171    
  -------------------------------------------------------------------
                         slack                                  0.884    

Slack (MET) :             0.884ns  (arrival time - required time)
  Source:                 u_top/u_fixed/u_protocol_reset/reset_pipe_reg[2]/C
                            (rising edge-triggered cell FDCE clocked by protocol_clk  {rise@0.000ns fall@7.813ns period=15.625ns})
  Destination:            u_top/u_fixed/stimulus_lfsr_reg[17]/CLR
                            (removal check against rising-edge clock protocol_clk  {rise@0.000ns fall@7.813ns period=15.625ns})
  Path Group:             **async_default**
  Path Type:              Removal (Min at Fast Process Corner)
  Requirement:            0.000ns  (protocol_clk rise@0.000ns - protocol_clk rise@0.000ns)
  Data Path Delay:        0.781ns  (logic 0.216ns (27.663%)  route 0.565ns (72.337%))
  Logic Levels:           1  (LUT1=1)
  Clock Path Skew:        0.021ns (DCD - SCD - CPR)
    Destination Clock Delay (DCD):    0.411ns
    Source Clock Delay      (SCD):    0.390ns
    Clock Pessimism Removal (CPR):    -0.000ns

    Location             Delay type                Incr(ns)  Path(ns)    Netlist Resource(s)
  -------------------------------------------------------------------    -------------------
                         (clock protocol_clk rise edge)
                                                      0.000     0.000 r  
                                                      0.000     0.000 r  protocol_clk_i (IN)
                         net (fo=12845, unset)        0.390     0.390    u_top/u_fixed/u_protocol_reset/protocol_clk_i
                         FDCE                                         r  u_top/u_fixed/u_protocol_reset/reset_pipe_reg[2]/C
  -------------------------------------------------------------------    -------------------
                         FDCE (Prop_fdce_C_Q)         0.118     0.508 r  u_top/u_fixed/u_protocol_reset/reset_pipe_reg[2]/Q
                         net (fo=188, unplaced)       0.176     0.684    u_top/u_fixed/u_protocol_reset/reset_pipe[2]
                         LUT1 (Prop_lut1_I0_O)        0.098     0.782 f  u_top/u_fixed/u_protocol_reset/decision_lane_o[2]_i_2/O
                         net (fo=6788, unplaced)      0.389     1.171    u_top/u_fixed/u_protocol_reset_n_1
                         FDCE                                         f  u_top/u_fixed/stimulus_lfsr_reg[17]/CLR
  -------------------------------------------------------------------    -------------------

                         (clock protocol_clk rise edge)
                                                      0.000     0.000 r  
                                                      0.000     0.000 r  protocol_clk_i (IN)
                         net (fo=12845, unset)        0.411     0.411    u_top/u_fixed/protocol_clk_i
                         FDCE                                         r  u_top/u_fixed/stimulus_lfsr_reg[17]/C
                         clock pessimism              0.000     0.411    
                         FDCE (Remov_fdce_C_CLR)     -0.124     0.287    u_top/u_fixed/stimulus_lfsr_reg[17]
  -------------------------------------------------------------------
                         required time                         -0.287    
                         arrival time                           1.171    
  -------------------------------------------------------------------
                         slack                                  0.884    

Slack (MET) :             0.884ns  (arrival time - required time)
  Source:                 u_top/u_fixed/u_protocol_reset/reset_pipe_reg[2]/C
                            (rising edge-triggered cell FDCE clocked by protocol_clk  {rise@0.000ns fall@7.813ns period=15.625ns})
  Destination:            u_top/u_fixed/stimulus_lfsr_reg[18]/CLR
                            (removal check against rising-edge clock protocol_clk  {rise@0.000ns fall@7.813ns period=15.625ns})
  Path Group:             **async_default**
  Path Type:              Removal (Min at Fast Process Corner)
  Requirement:            0.000ns  (protocol_clk rise@0.000ns - protocol_clk rise@0.000ns)
  Data Path Delay:        0.781ns  (logic 0.216ns (27.663%)  route 0.565ns (72.337%))
  Logic Levels:           1  (LUT1=1)
  Clock Path Skew:        0.021ns (DCD - SCD - CPR)
    Destination Clock Delay (DCD):    0.411ns
    Source Clock Delay      (SCD):    0.390ns
    Clock Pessimism Removal (CPR):    -0.000ns

    Location             Delay type                Incr(ns)  Path(ns)    Netlist Resource(s)
  -------------------------------------------------------------------    -------------------
                         (clock protocol_clk rise edge)
                                                      0.000     0.000 r  
                                                      0.000     0.000 r  protocol_clk_i (IN)
                         net (fo=12845, unset)        0.390     0.390    u_top/u_fixed/u_protocol_reset/protocol_clk_i
                         FDCE                                         r  u_top/u_fixed/u_protocol_reset/reset_pipe_reg[2]/C
  -------------------------------------------------------------------    -------------------
                         FDCE (Prop_fdce_C_Q)         0.118     0.508 r  u_top/u_fixed/u_protocol_reset/reset_pipe_reg[2]/Q
                         net (fo=188, unplaced)       0.176     0.684    u_top/u_fixed/u_protocol_reset/reset_pipe[2]
                         LUT1 (Prop_lut1_I0_O)        0.098     0.782 f  u_top/u_fixed/u_protocol_reset/decision_lane_o[2]_i_2/O
                         net (fo=6788, unplaced)      0.389     1.171    u_top/u_fixed/u_protocol_reset_n_1
                         FDCE                                         f  u_top/u_fixed/stimulus_lfsr_reg[18]/CLR
  -------------------------------------------------------------------    -------------------

                         (clock protocol_clk rise edge)
                                                      0.000     0.000 r  
                                                      0.000     0.000 r  protocol_clk_i (IN)
                         net (fo=12845, unset)        0.411     0.411    u_top/u_fixed/protocol_clk_i
                         FDCE                                         r  u_top/u_fixed/stimulus_lfsr_reg[18]/C
                         clock pessimism              0.000     0.411    
                         FDCE (Remov_fdce_C_CLR)     -0.124     0.287    u_top/u_fixed/stimulus_lfsr_reg[18]
  -------------------------------------------------------------------
                         required time                         -0.287    
                         arrival time                           1.171    
  -------------------------------------------------------------------
                         slack                                  0.884    

Slack (MET) :             0.884ns  (arrival time - required time)
  Source:                 u_top/u_fixed/u_protocol_reset/reset_pipe_reg[2]/C
                            (rising edge-triggered cell FDCE clocked by protocol_clk  {rise@0.000ns fall@7.813ns period=15.625ns})
  Destination:            u_top/u_fixed/stimulus_lfsr_reg[19]/CLR
                            (removal check against rising-edge clock protocol_clk  {rise@0.000ns fall@7.813ns period=15.625ns})
  Path Group:             **async_default**
  Path Type:              Removal (Min at Fast Process Corner)
  Requirement:            0.000ns  (protocol_clk rise@0.000ns - protocol_clk rise@0.000ns)
  Data Path Delay:        0.781ns  (logic 0.216ns (27.663%)  route 0.565ns (72.337%))
  Logic Levels:           1  (LUT1=1)
  Clock Path Skew:        0.021ns (DCD - SCD - CPR)
    Destination Clock Delay (DCD):    0.411ns
    Source Clock Delay      (SCD):    0.390ns
    Clock Pessimism Removal (CPR):    -0.000ns

    Location             Delay type                Incr(ns)  Path(ns)    Netlist Resource(s)
  -------------------------------------------------------------------    -------------------
                         (clock protocol_clk rise edge)
                                                      0.000     0.000 r  
                                                      0.000     0.000 r  protocol_clk_i (IN)
                         net (fo=12845, unset)        0.390     0.390    u_top/u_fixed/u_protocol_reset/protocol_clk_i
                         FDCE                                         r  u_top/u_fixed/u_protocol_reset/reset_pipe_reg[2]/C
  -------------------------------------------------------------------    -------------------
                         FDCE (Prop_fdce_C_Q)         0.118     0.508 r  u_top/u_fixed/u_protocol_reset/reset_pipe_reg[2]/Q
                         net (fo=188, unplaced)       0.176     0.684    u_top/u_fixed/u_protocol_reset/reset_pipe[2]
                         LUT1 (Prop_lut1_I0_O)        0.098     0.782 f  u_top/u_fixed/u_protocol_reset/decision_lane_o[2]_i_2/O
                         net (fo=6788, unplaced)      0.389     1.171    u_top/u_fixed/u_protocol_reset_n_1
                         FDCE                                         f  u_top/u_fixed/stimulus_lfsr_reg[19]/CLR
  -------------------------------------------------------------------    -------------------

                         (clock protocol_clk rise edge)
                                                      0.000     0.000 r  
                                                      0.000     0.000 r  protocol_clk_i (IN)
                         net (fo=12845, unset)        0.411     0.411    u_top/u_fixed/protocol_clk_i
                         FDCE                                         r  u_top/u_fixed/stimulus_lfsr_reg[19]/C
                         clock pessimism              0.000     0.411    
                         FDCE (Remov_fdce_C_CLR)     -0.124     0.287    u_top/u_fixed/stimulus_lfsr_reg[19]
  -------------------------------------------------------------------
                         required time                         -0.287    
                         arrival time                           1.171    
  -------------------------------------------------------------------
                         slack                                  0.884    

Slack (MET) :             0.884ns  (arrival time - required time)
  Source:                 u_top/u_fixed/u_protocol_reset/reset_pipe_reg[2]/C
                            (rising edge-triggered cell FDCE clocked by protocol_clk  {rise@0.000ns fall@7.813ns period=15.625ns})
  Destination:            u_top/u_fixed/stimulus_lfsr_reg[1]/CLR
                            (removal check against rising-edge clock protocol_clk  {rise@0.000ns fall@7.813ns period=15.625ns})
  Path Group:             **async_default**
  Path Type:              Removal (Min at Fast Process Corner)
  Requirement:            0.000ns  (protocol_clk rise@0.000ns - protocol_clk rise@0.000ns)
  Data Path Delay:        0.781ns  (logic 0.216ns (27.663%)  route 0.565ns (72.337%))
  Logic Levels:           1  (LUT1=1)
  Clock Path Skew:        0.021ns (DCD - SCD - CPR)
    Destination Clock Delay (DCD):    0.411ns
    Source Clock Delay      (SCD):    0.390ns
    Clock Pessimism Removal (CPR):    -0.000ns

    Location             Delay type                Incr(ns)  Path(ns)    Netlist Resource(s)
  -------------------------------------------------------------------    -------------------
                         (clock protocol_clk rise edge)
                                                      0.000     0.000 r  
                                                      0.000     0.000 r  protocol_clk_i (IN)
                         net (fo=12845, unset)        0.390     0.390    u_top/u_fixed/u_protocol_reset/protocol_clk_i
                         FDCE                                         r  u_top/u_fixed/u_protocol_reset/reset_pipe_reg[2]/C
  -------------------------------------------------------------------    -------------------
                         FDCE (Prop_fdce_C_Q)         0.118     0.508 r  u_top/u_fixed/u_protocol_reset/reset_pipe_reg[2]/Q
                         net (fo=188, unplaced)       0.176     0.684    u_top/u_fixed/u_protocol_reset/reset_pipe[2]
                         LUT1 (Prop_lut1_I0_O)        0.098     0.782 f  u_top/u_fixed/u_protocol_reset/decision_lane_o[2]_i_2/O
                         net (fo=6788, unplaced)      0.389     1.171    u_top/u_fixed/u_protocol_reset_n_1
                         FDCE                                         f  u_top/u_fixed/stimulus_lfsr_reg[1]/CLR
  -------------------------------------------------------------------    -------------------

                         (clock protocol_clk rise edge)
                                                      0.000     0.000 r  
                                                      0.000     0.000 r  protocol_clk_i (IN)
                         net (fo=12845, unset)        0.411     0.411    u_top/u_fixed/protocol_clk_i
                         FDCE                                         r  u_top/u_fixed/stimulus_lfsr_reg[1]/C
                         clock pessimism              0.000     0.411    
                         FDCE (Remov_fdce_C_CLR)     -0.124     0.287    u_top/u_fixed/stimulus_lfsr_reg[1]
  -------------------------------------------------------------------
                         required time                         -0.287    
                         arrival time                           1.171    
  -------------------------------------------------------------------
                         slack                                  0.884    

Slack (MET) :             0.884ns  (arrival time - required time)
  Source:                 u_top/u_fixed/u_protocol_reset/reset_pipe_reg[2]/C
                            (rising edge-triggered cell FDCE clocked by protocol_clk  {rise@0.000ns fall@7.813ns period=15.625ns})
  Destination:            u_top/u_fixed/stimulus_lfsr_reg[20]/CLR
                            (removal check against rising-edge clock protocol_clk  {rise@0.000ns fall@7.813ns period=15.625ns})
  Path Group:             **async_default**
  Path Type:              Removal (Min at Fast Process Corner)
  Requirement:            0.000ns  (protocol_clk rise@0.000ns - protocol_clk rise@0.000ns)
  Data Path Delay:        0.781ns  (logic 0.216ns (27.663%)  route 0.565ns (72.337%))
  Logic Levels:           1  (LUT1=1)
  Clock Path Skew:        0.021ns (DCD - SCD - CPR)
    Destination Clock Delay (DCD):    0.411ns
    Source Clock Delay      (SCD):    0.390ns
    Clock Pessimism Removal (CPR):    -0.000ns

    Location             Delay type                Incr(ns)  Path(ns)    Netlist Resource(s)
  -------------------------------------------------------------------    -------------------
                         (clock protocol_clk rise edge)
                                                      0.000     0.000 r  
                                                      0.000     0.000 r  protocol_clk_i (IN)
                         net (fo=12845, unset)        0.390     0.390    u_top/u_fixed/u_protocol_reset/protocol_clk_i
                         FDCE                                         r  u_top/u_fixed/u_protocol_reset/reset_pipe_reg[2]/C
  -------------------------------------------------------------------    -------------------
                         FDCE (Prop_fdce_C_Q)         0.118     0.508 r  u_top/u_fixed/u_protocol_reset/reset_pipe_reg[2]/Q
                         net (fo=188, unplaced)       0.176     0.684    u_top/u_fixed/u_protocol_reset/reset_pipe[2]
                         LUT1 (Prop_lut1_I0_O)        0.098     0.782 f  u_top/u_fixed/u_protocol_reset/decision_lane_o[2]_i_2/O
                         net (fo=6788, unplaced)      0.389     1.171    u_top/u_fixed/u_protocol_reset_n_1
                         FDCE                                         f  u_top/u_fixed/stimulus_lfsr_reg[20]/CLR
  -------------------------------------------------------------------    -------------------

                         (clock protocol_clk rise edge)
                                                      0.000     0.000 r  
                                                      0.000     0.000 r  protocol_clk_i (IN)
                         net (fo=12845, unset)        0.411     0.411    u_top/u_fixed/protocol_clk_i
                         FDCE                                         r  u_top/u_fixed/stimulus_lfsr_reg[20]/C
                         clock pessimism              0.000     0.411    
                         FDCE (Remov_fdce_C_CLR)     -0.124     0.287    u_top/u_fixed/stimulus_lfsr_reg[20]
  -------------------------------------------------------------------
                         required time                         -0.287    
                         arrival time                           1.171    
  -------------------------------------------------------------------
                         slack                                  0.884    

Slack (MET) :             0.884ns  (arrival time - required time)
  Source:                 u_top/u_fixed/u_protocol_reset/reset_pipe_reg[2]/C
                            (rising edge-triggered cell FDCE clocked by protocol_clk  {rise@0.000ns fall@7.813ns period=15.625ns})
  Destination:            u_top/u_fixed/stimulus_lfsr_reg[21]/CLR
                            (removal check against rising-edge clock protocol_clk  {rise@0.000ns fall@7.813ns period=15.625ns})
  Path Group:             **async_default**
  Path Type:              Removal (Min at Fast Process Corner)
  Requirement:            0.000ns  (protocol_clk rise@0.000ns - protocol_clk rise@0.000ns)
  Data Path Delay:        0.781ns  (logic 0.216ns (27.663%)  route 0.565ns (72.337%))
  Logic Levels:           1  (LUT1=1)
  Clock Path Skew:        0.021ns (DCD - SCD - CPR)
    Destination Clock Delay (DCD):    0.411ns
    Source Clock Delay      (SCD):    0.390ns
    Clock Pessimism Removal (CPR):    -0.000ns

    Location             Delay type                Incr(ns)  Path(ns)    Netlist Resource(s)
  -------------------------------------------------------------------    -------------------
                         (clock protocol_clk rise edge)
                                                      0.000     0.000 r  
                                                      0.000     0.000 r  protocol_clk_i (IN)
                         net (fo=12845, unset)        0.390     0.390    u_top/u_fixed/u_protocol_reset/protocol_clk_i
                         FDCE                                         r  u_top/u_fixed/u_protocol_reset/reset_pipe_reg[2]/C
  -------------------------------------------------------------------    -------------------
                         FDCE (Prop_fdce_C_Q)         0.118     0.508 r  u_top/u_fixed/u_protocol_reset/reset_pipe_reg[2]/Q
                         net (fo=188, unplaced)       0.176     0.684    u_top/u_fixed/u_protocol_reset/reset_pipe[2]
                         LUT1 (Prop_lut1_I0_O)        0.098     0.782 f  u_top/u_fixed/u_protocol_reset/decision_lane_o[2]_i_2/O
                         net (fo=6788, unplaced)      0.389     1.171    u_top/u_fixed/u_protocol_reset_n_1
                         FDCE                                         f  u_top/u_fixed/stimulus_lfsr_reg[21]/CLR
  -------------------------------------------------------------------    -------------------

                         (clock protocol_clk rise edge)
                                                      0.000     0.000 r  
                                                      0.000     0.000 r  protocol_clk_i (IN)
                         net (fo=12845, unset)        0.411     0.411    u_top/u_fixed/protocol_clk_i
                         FDCE                                         r  u_top/u_fixed/stimulus_lfsr_reg[21]/C
                         clock pessimism              0.000     0.411    
                         FDCE (Remov_fdce_C_CLR)     -0.124     0.287    u_top/u_fixed/stimulus_lfsr_reg[21]
  -------------------------------------------------------------------
                         required time                         -0.287    
                         arrival time                           1.171    
  -------------------------------------------------------------------
                         slack                                  0.884    

Slack (MET) :             0.884ns  (arrival time - required time)
  Source:                 u_top/u_fixed/u_protocol_reset/reset_pipe_reg[2]/C
                            (rising edge-triggered cell FDCE clocked by protocol_clk  {rise@0.000ns fall@7.813ns period=15.625ns})
  Destination:            u_top/u_fixed/stimulus_lfsr_reg[22]/CLR
                            (removal check against rising-edge clock protocol_clk  {rise@0.000ns fall@7.813ns period=15.625ns})
  Path Group:             **async_default**
  Path Type:              Removal (Min at Fast Process Corner)
  Requirement:            0.000ns  (protocol_clk rise@0.000ns - protocol_clk rise@0.000ns)
  Data Path Delay:        0.781ns  (logic 0.216ns (27.663%)  route 0.565ns (72.337%))
  Logic Levels:           1  (LUT1=1)
  Clock Path Skew:        0.021ns (DCD - SCD - CPR)
    Destination Clock Delay (DCD):    0.411ns
    Source Clock Delay      (SCD):    0.390ns
    Clock Pessimism Removal (CPR):    -0.000ns

    Location             Delay type                Incr(ns)  Path(ns)    Netlist Resource(s)
  -------------------------------------------------------------------    -------------------
                         (clock protocol_clk rise edge)
                                                      0.000     0.000 r  
                                                      0.000     0.000 r  protocol_clk_i (IN)
                         net (fo=12845, unset)        0.390     0.390    u_top/u_fixed/u_protocol_reset/protocol_clk_i
                         FDCE                                         r  u_top/u_fixed/u_protocol_reset/reset_pipe_reg[2]/C
  -------------------------------------------------------------------    -------------------
                         FDCE (Prop_fdce_C_Q)         0.118     0.508 r  u_top/u_fixed/u_protocol_reset/reset_pipe_reg[2]/Q
                         net (fo=188, unplaced)       0.176     0.684    u_top/u_fixed/u_protocol_reset/reset_pipe[2]
                         LUT1 (Prop_lut1_I0_O)        0.098     0.782 f  u_top/u_fixed/u_protocol_reset/decision_lane_o[2]_i_2/O
                         net (fo=6788, unplaced)      0.389     1.171    u_top/u_fixed/u_protocol_reset_n_1
                         FDCE                                         f  u_top/u_fixed/stimulus_lfsr_reg[22]/CLR
  -------------------------------------------------------------------    -------------------

                         (clock protocol_clk rise edge)
                                                      0.000     0.000 r  
                                                      0.000     0.000 r  protocol_clk_i (IN)
                         net (fo=12845, unset)        0.411     0.411    u_top/u_fixed/protocol_clk_i
                         FDCE                                         r  u_top/u_fixed/stimulus_lfsr_reg[22]/C
                         clock pessimism              0.000     0.411    
                         FDCE (Remov_fdce_C_CLR)     -0.124     0.287    u_top/u_fixed/stimulus_lfsr_reg[22]
  -------------------------------------------------------------------
                         required time                         -0.287    
                         arrival time                           1.171    
  -------------------------------------------------------------------
                         slack                                  0.884    

Slack (MET) :             0.884ns  (arrival time - required time)
  Source:                 u_top/u_fixed/u_protocol_reset/reset_pipe_reg[2]/C
                            (rising edge-triggered cell FDCE clocked by protocol_clk  {rise@0.000ns fall@7.813ns period=15.625ns})
  Destination:            u_top/u_fixed/stimulus_lfsr_reg[23]/CLR
                            (removal check against rising-edge clock protocol_clk  {rise@0.000ns fall@7.813ns period=15.625ns})
  Path Group:             **async_default**
  Path Type:              Removal (Min at Fast Process Corner)
  Requirement:            0.000ns  (protocol_clk rise@0.000ns - protocol_clk rise@0.000ns)
  Data Path Delay:        0.781ns  (logic 0.216ns (27.663%)  route 0.565ns (72.337%))
  Logic Levels:           1  (LUT1=1)
  Clock Path Skew:        0.021ns (DCD - SCD - CPR)
    Destination Clock Delay (DCD):    0.411ns
    Source Clock Delay      (SCD):    0.390ns
    Clock Pessimism Removal (CPR):    -0.000ns

    Location             Delay type                Incr(ns)  Path(ns)    Netlist Resource(s)
  -------------------------------------------------------------------    -------------------
                         (clock protocol_clk rise edge)
                                                      0.000     0.000 r  
                                                      0.000     0.000 r  protocol_clk_i (IN)
                         net (fo=12845, unset)        0.390     0.390    u_top/u_fixed/u_protocol_reset/protocol_clk_i
                         FDCE                                         r  u_top/u_fixed/u_protocol_reset/reset_pipe_reg[2]/C
  -------------------------------------------------------------------    -------------------
                         FDCE (Prop_fdce_C_Q)         0.118     0.508 r  u_top/u_fixed/u_protocol_reset/reset_pipe_reg[2]/Q
                         net (fo=188, unplaced)       0.176     0.684    u_top/u_fixed/u_protocol_reset/reset_pipe[2]
                         LUT1 (Prop_lut1_I0_O)        0.098     0.782 f  u_top/u_fixed/u_protocol_reset/decision_lane_o[2]_i_2/O
                         net (fo=6788, unplaced)      0.389     1.171    u_top/u_fixed/u_protocol_reset_n_1
                         FDCE                                         f  u_top/u_fixed/stimulus_lfsr_reg[23]/CLR
  -------------------------------------------------------------------    -------------------

                         (clock protocol_clk rise edge)
                                                      0.000     0.000 r  
                                                      0.000     0.000 r  protocol_clk_i (IN)
                         net (fo=12845, unset)        0.411     0.411    u_top/u_fixed/protocol_clk_i
                         FDCE                                         r  u_top/u_fixed/stimulus_lfsr_reg[23]/C
                         clock pessimism              0.000     0.411    
                         FDCE (Remov_fdce_C_CLR)     -0.124     0.287    u_top/u_fixed/stimulus_lfsr_reg[23]
  -------------------------------------------------------------------
                         required time                         -0.287    
                         arrival time                           1.171    
  -------------------------------------------------------------------
                         slack                                  0.884    

Slack (MET) :             0.884ns  (arrival time - required time)
  Source:                 u_top/u_fixed/u_protocol_reset/reset_pipe_reg[2]/C
                            (rising edge-triggered cell FDCE clocked by protocol_clk  {rise@0.000ns fall@7.813ns period=15.625ns})
  Destination:            u_top/u_fixed/stimulus_lfsr_reg[24]/CLR
                            (removal check against rising-edge clock protocol_clk  {rise@0.000ns fall@7.813ns period=15.625ns})
  Path Group:             **async_default**
  Path Type:              Removal (Min at Fast Process Corner)
  Requirement:            0.000ns  (protocol_clk rise@0.000ns - protocol_clk rise@0.000ns)
  Data Path Delay:        0.781ns  (logic 0.216ns (27.663%)  route 0.565ns (72.337%))
  Logic Levels:           1  (LUT1=1)
  Clock Path Skew:        0.021ns (DCD - SCD - CPR)
    Destination Clock Delay (DCD):    0.411ns
    Source Clock Delay      (SCD):    0.390ns
    Clock Pessimism Removal (CPR):    -0.000ns

    Location             Delay type                Incr(ns)  Path(ns)    Netlist Resource(s)
  -------------------------------------------------------------------    -------------------
                         (clock protocol_clk rise edge)
                                                      0.000     0.000 r  
                                                      0.000     0.000 r  protocol_clk_i (IN)
                         net (fo=12845, unset)        0.390     0.390    u_top/u_fixed/u_protocol_reset/protocol_clk_i
                         FDCE                                         r  u_top/u_fixed/u_protocol_reset/reset_pipe_reg[2]/C
  -------------------------------------------------------------------    -------------------
                         FDCE (Prop_fdce_C_Q)         0.118     0.508 r  u_top/u_fixed/u_protocol_reset/reset_pipe_reg[2]/Q
                         net (fo=188, unplaced)       0.176     0.684    u_top/u_fixed/u_protocol_reset/reset_pipe[2]
                         LUT1 (Prop_lut1_I0_O)        0.098     0.782 f  u_top/u_fixed/u_protocol_reset/decision_lane_o[2]_i_2/O
                         net (fo=6788, unplaced)      0.389     1.171    u_top/u_fixed/u_protocol_reset_n_1
                         FDCE                                         f  u_top/u_fixed/stimulus_lfsr_reg[24]/CLR
  -------------------------------------------------------------------    -------------------

                         (clock protocol_clk rise edge)
                                                      0.000     0.000 r  
                                                      0.000     0.000 r  protocol_clk_i (IN)
                         net (fo=12845, unset)        0.411     0.411    u_top/u_fixed/protocol_clk_i
                         FDCE                                         r  u_top/u_fixed/stimulus_lfsr_reg[24]/C
                         clock pessimism              0.000     0.411    
                         FDCE (Remov_fdce_C_CLR)     -0.124     0.287    u_top/u_fixed/stimulus_lfsr_reg[24]
  -------------------------------------------------------------------
                         required time                         -0.287    
                         arrival time                           1.171    
  -------------------------------------------------------------------
                         slack                                  0.884    

Slack (MET) :             0.884ns  (arrival time - required time)
  Source:                 u_top/u_fixed/u_protocol_reset/reset_pipe_reg[2]/C
                            (rising edge-triggered cell FDCE clocked by protocol_clk  {rise@0.000ns fall@7.813ns period=15.625ns})
  Destination:            u_top/u_fixed/stimulus_lfsr_reg[25]/CLR
                            (removal check against rising-edge clock protocol_clk  {rise@0.000ns fall@7.813ns period=15.625ns})
  Path Group:             **async_default**
  Path Type:              Removal (Min at Fast Process Corner)
  Requirement:            0.000ns  (protocol_clk rise@0.000ns - protocol_clk rise@0.000ns)
  Data Path Delay:        0.781ns  (logic 0.216ns (27.663%)  route 0.565ns (72.337%))
  Logic Levels:           1  (LUT1=1)
  Clock Path Skew:        0.021ns (DCD - SCD - CPR)
    Destination Clock Delay (DCD):    0.411ns
    Source Clock Delay      (SCD):    0.390ns
    Clock Pessimism Removal (CPR):    -0.000ns

    Location             Delay type                Incr(ns)  Path(ns)    Netlist Resource(s)
  -------------------------------------------------------------------    -------------------
                         (clock protocol_clk rise edge)
                                                      0.000     0.000 r  
                                                      0.000     0.000 r  protocol_clk_i (IN)
                         net (fo=12845, unset)        0.390     0.390    u_top/u_fixed/u_protocol_reset/protocol_clk_i
                         FDCE                                         r  u_top/u_fixed/u_protocol_reset/reset_pipe_reg[2]/C
  -------------------------------------------------------------------    -------------------
                         FDCE (Prop_fdce_C_Q)         0.118     0.508 r  u_top/u_fixed/u_protocol_reset/reset_pipe_reg[2]/Q
                         net (fo=188, unplaced)       0.176     0.684    u_top/u_fixed/u_protocol_reset/reset_pipe[2]
                         LUT1 (Prop_lut1_I0_O)        0.098     0.782 f  u_top/u_fixed/u_protocol_reset/decision_lane_o[2]_i_2/O
                         net (fo=6788, unplaced)      0.389     1.171    u_top/u_fixed/u_protocol_reset_n_1
                         FDCE                                         f  u_top/u_fixed/stimulus_lfsr_reg[25]/CLR
  -------------------------------------------------------------------    -------------------

                         (clock protocol_clk rise edge)
                                                      0.000     0.000 r  
                                                      0.000     0.000 r  protocol_clk_i (IN)
                         net (fo=12845, unset)        0.411     0.411    u_top/u_fixed/protocol_clk_i
                         FDCE                                         r  u_top/u_fixed/stimulus_lfsr_reg[25]/C
                         clock pessimism              0.000     0.411    
                         FDCE (Remov_fdce_C_CLR)     -0.124     0.287    u_top/u_fixed/stimulus_lfsr_reg[25]
  -------------------------------------------------------------------
                         required time                         -0.287    
                         arrival time                           1.171    
  -------------------------------------------------------------------
                         slack                                  0.884    

Slack (MET) :             0.884ns  (arrival time - required time)
  Source:                 u_top/u_fixed/u_protocol_reset/reset_pipe_reg[2]/C
                            (rising edge-triggered cell FDCE clocked by protocol_clk  {rise@0.000ns fall@7.813ns period=15.625ns})
  Destination:            u_top/u_fixed/stimulus_lfsr_reg[26]/CLR
                            (removal check against rising-edge clock protocol_clk  {rise@0.000ns fall@7.813ns period=15.625ns})
  Path Group:             **async_default**
  Path Type:              Removal (Min at Fast Process Corner)
  Requirement:            0.000ns  (protocol_clk rise@0.000ns - protocol_clk rise@0.000ns)
  Data Path Delay:        0.781ns  (logic 0.216ns (27.663%)  route 0.565ns (72.337%))
  Logic Levels:           1  (LUT1=1)
  Clock Path Skew:        0.021ns (DCD - SCD - CPR)
    Destination Clock Delay (DCD):    0.411ns
    Source Clock Delay      (SCD):    0.390ns
    Clock Pessimism Removal (CPR):    -0.000ns

    Location             Delay type                Incr(ns)  Path(ns)    Netlist Resource(s)
  -------------------------------------------------------------------    -------------------
                         (clock protocol_clk rise edge)
                                                      0.000     0.000 r  
                                                      0.000     0.000 r  protocol_clk_i (IN)
                         net (fo=12845, unset)        0.390     0.390    u_top/u_fixed/u_protocol_reset/protocol_clk_i
                         FDCE                                         r  u_top/u_fixed/u_protocol_reset/reset_pipe_reg[2]/C
  -------------------------------------------------------------------    -------------------
                         FDCE (Prop_fdce_C_Q)         0.118     0.508 r  u_top/u_fixed/u_protocol_reset/reset_pipe_reg[2]/Q
                         net (fo=188, unplaced)       0.176     0.684    u_top/u_fixed/u_protocol_reset/reset_pipe[2]
                         LUT1 (Prop_lut1_I0_O)        0.098     0.782 f  u_top/u_fixed/u_protocol_reset/decision_lane_o[2]_i_2/O
                         net (fo=6788, unplaced)      0.389     1.171    u_top/u_fixed/u_protocol_reset_n_1
                         FDCE                                         f  u_top/u_fixed/stimulus_lfsr_reg[26]/CLR
  -------------------------------------------------------------------    -------------------

                         (clock protocol_clk rise edge)
                                                      0.000     0.000 r  
                                                      0.000     0.000 r  protocol_clk_i (IN)
                         net (fo=12845, unset)        0.411     0.411    u_top/u_fixed/protocol_clk_i
                         FDCE                                         r  u_top/u_fixed/stimulus_lfsr_reg[26]/C
                         clock pessimism              0.000     0.411    
                         FDCE (Remov_fdce_C_CLR)     -0.124     0.287    u_top/u_fixed/stimulus_lfsr_reg[26]
  -------------------------------------------------------------------
                         required time                         -0.287    
                         arrival time                           1.171    
  -------------------------------------------------------------------
                         slack                                  0.884    

Slack (MET) :             0.884ns  (arrival time - required time)
  Source:                 u_top/u_fixed/u_protocol_reset/reset_pipe_reg[2]/C
                            (rising edge-triggered cell FDCE clocked by protocol_clk  {rise@0.000ns fall@7.813ns period=15.625ns})
  Destination:            u_top/u_fixed/stimulus_lfsr_reg[27]/CLR
                            (removal check against rising-edge clock protocol_clk  {rise@0.000ns fall@7.813ns period=15.625ns})
  Path Group:             **async_default**
  Path Type:              Removal (Min at Fast Process Corner)
  Requirement:            0.000ns  (protocol_clk rise@0.000ns - protocol_clk rise@0.000ns)
  Data Path Delay:        0.781ns  (logic 0.216ns (27.663%)  route 0.565ns (72.337%))
  Logic Levels:           1  (LUT1=1)
  Clock Path Skew:        0.021ns (DCD - SCD - CPR)
    Destination Clock Delay (DCD):    0.411ns
    Source Clock Delay      (SCD):    0.390ns
    Clock Pessimism Removal (CPR):    -0.000ns

    Location             Delay type                Incr(ns)  Path(ns)    Netlist Resource(s)
  -------------------------------------------------------------------    -------------------
                         (clock protocol_clk rise edge)
                                                      0.000     0.000 r  
                                                      0.000     0.000 r  protocol_clk_i (IN)
                         net (fo=12845, unset)        0.390     0.390    u_top/u_fixed/u_protocol_reset/protocol_clk_i
                         FDCE                                         r  u_top/u_fixed/u_protocol_reset/reset_pipe_reg[2]/C
  -------------------------------------------------------------------    -------------------
                         FDCE (Prop_fdce_C_Q)         0.118     0.508 r  u_top/u_fixed/u_protocol_reset/reset_pipe_reg[2]/Q
                         net (fo=188, unplaced)       0.176     0.684    u_top/u_fixed/u_protocol_reset/reset_pipe[2]
                         LUT1 (Prop_lut1_I0_O)        0.098     0.782 f  u_top/u_fixed/u_protocol_reset/decision_lane_o[2]_i_2/O
                         net (fo=6788, unplaced)      0.389     1.171    u_top/u_fixed/u_protocol_reset_n_1
                         FDCE                                         f  u_top/u_fixed/stimulus_lfsr_reg[27]/CLR
  -------------------------------------------------------------------    -------------------

                         (clock protocol_clk rise edge)
                                                      0.000     0.000 r  
                                                      0.000     0.000 r  protocol_clk_i (IN)
                         net (fo=12845, unset)        0.411     0.411    u_top/u_fixed/protocol_clk_i
                         FDCE                                         r  u_top/u_fixed/stimulus_lfsr_reg[27]/C
                         clock pessimism              0.000     0.411    
                         FDCE (Remov_fdce_C_CLR)     -0.124     0.287    u_top/u_fixed/stimulus_lfsr_reg[27]
  -------------------------------------------------------------------
                         required time                         -0.287    
                         arrival time                           1.171    
  -------------------------------------------------------------------
                         slack                                  0.884    

Slack (MET) :             0.884ns  (arrival time - required time)
  Source:                 u_top/u_fixed/u_protocol_reset/reset_pipe_reg[2]/C
                            (rising edge-triggered cell FDCE clocked by protocol_clk  {rise@0.000ns fall@7.813ns period=15.625ns})
  Destination:            u_top/u_fixed/stimulus_lfsr_reg[28]/CLR
                            (removal check against rising-edge clock protocol_clk  {rise@0.000ns fall@7.813ns period=15.625ns})
  Path Group:             **async_default**
  Path Type:              Removal (Min at Fast Process Corner)
  Requirement:            0.000ns  (protocol_clk rise@0.000ns - protocol_clk rise@0.000ns)
  Data Path Delay:        0.781ns  (logic 0.216ns (27.663%)  route 0.565ns (72.337%))
  Logic Levels:           1  (LUT1=1)
  Clock Path Skew:        0.021ns (DCD - SCD - CPR)
    Destination Clock Delay (DCD):    0.411ns
    Source Clock Delay      (SCD):    0.390ns
    Clock Pessimism Removal (CPR):    -0.000ns

    Location             Delay type                Incr(ns)  Path(ns)    Netlist Resource(s)
  -------------------------------------------------------------------    -------------------
                         (clock protocol_clk rise edge)
                                                      0.000     0.000 r  
                                                      0.000     0.000 r  protocol_clk_i (IN)
                         net (fo=12845, unset)        0.390     0.390    u_top/u_fixed/u_protocol_reset/protocol_clk_i
                         FDCE                                         r  u_top/u_fixed/u_protocol_reset/reset_pipe_reg[2]/C
  -------------------------------------------------------------------    -------------------
                         FDCE (Prop_fdce_C_Q)         0.118     0.508 r  u_top/u_fixed/u_protocol_reset/reset_pipe_reg[2]/Q
                         net (fo=188, unplaced)       0.176     0.684    u_top/u_fixed/u_protocol_reset/reset_pipe[2]
                         LUT1 (Prop_lut1_I0_O)        0.098     0.782 f  u_top/u_fixed/u_protocol_reset/decision_lane_o[2]_i_2/O
                         net (fo=6788, unplaced)      0.389     1.171    u_top/u_fixed/u_protocol_reset_n_1
                         FDCE                                         f  u_top/u_fixed/stimulus_lfsr_reg[28]/CLR
  -------------------------------------------------------------------    -------------------

                         (clock protocol_clk rise edge)
                                                      0.000     0.000 r  
                                                      0.000     0.000 r  protocol_clk_i (IN)
                         net (fo=12845, unset)        0.411     0.411    u_top/u_fixed/protocol_clk_i
                         FDCE                                         r  u_top/u_fixed/stimulus_lfsr_reg[28]/C
                         clock pessimism              0.000     0.411    
                         FDCE (Remov_fdce_C_CLR)     -0.124     0.287    u_top/u_fixed/stimulus_lfsr_reg[28]
  -------------------------------------------------------------------
                         required time                         -0.287    
                         arrival time                           1.171    
  -------------------------------------------------------------------
                         slack                                  0.884    





