Copyright 1986-2022 Xilinx, Inc. All Rights Reserved. Copyright 2022-2023 Advanced Micro Devices, Inc. All Rights Reserved.
------------------------------------------------------------------------------------------------------------------------------------------------------------------------------------------------------------------
| Tool Version : Vivado v.2023.1 (win64) Build 3865809 Sun May  7 15:05:29 MDT 2023
| Date         : Sun Aug  2 07:03:09 2026
| Host         : DESKTOP-PU0AECA running 64-bit major release  (build 9200)
| Command      : report_timing_summary -report_unconstrained -check_timing_verbose -file C:/Users/user/Documents/RF_COMM_MULTILANE_P10_1R/evidence/generated/vivado/p10_1r/rotating/post_route_timing_summary.rpt
| Design       : p10_ps_system_wrapper
| Device       : 7z020-clg400
| Speed File   : -2  PRODUCTION 1.12 2019-11-22
| Design State : Routed
------------------------------------------------------------------------------------------------------------------------------------------------------------------------------------------------------------------

Timing Summary Report

------------------------------------------------------------------------------------------------
| Timer Settings
| --------------
------------------------------------------------------------------------------------------------

  Enable Multi Corner Analysis               :  Yes
  Enable Pessimism Removal                   :  Yes
  Pessimism Removal Resolution               :  Nearest Common Node
  Enable Input Delay Default Clock           :  No
  Enable Preset / Clear Arcs                 :  No
  Disable Flight Delays                      :  No
  Ignore I/O Paths                           :  No
  Timing Early Launch at Borrowing Latches   :  No
  Borrow Time for Max Delay Exceptions       :  Yes
  Merge Timing Exceptions                    :  Yes

  Corner  Analyze    Analyze    
  Name    Max Paths  Min Paths  
  ------  ---------  ---------  
  Slow    Yes        Yes        
  Fast    Yes        Yes        


------------------------------------------------------------------------------------------------
| Report Methodology
| ------------------
------------------------------------------------------------------------------------------------

Rule       Severity  Description                                      Violations  
---------  --------  -----------------------------------------------  ----------  
LUTAR-1    Warning   LUT drives async reset alert                     3           
PDRC-190   Warning   Suboptimally placed synchronized register chain  32          
TIMING-9   Warning   Unknown CDC Logic                                1           
TIMING-18  Warning   Missing input or output delay                    10          

Note: This report is based on the most recent report_methodology run and may not be up-to-date. Run report_methodology on the current design for the latest report.



check_timing report

Table of Contents
-----------------
1. checking no_clock (0)
2. checking constant_clock (0)
3. checking pulse_width_clock (0)
4. checking unconstrained_internal_endpoints (0)
5. checking no_input_delay (2)
6. checking no_output_delay (8)
7. checking multiple_clock (0)
8. checking generated_clocks (0)
9. checking loops (0)
10. checking partial_input_delay (0)
11. checking partial_output_delay (0)
12. checking latch_loops (0)

1. checking no_clock (0)
------------------------
 There are 0 register/latch pins with no clock.


2. checking constant_clock (0)
------------------------------
 There are 0 register/latch pins with constant_clock.


3. checking pulse_width_clock (0)
---------------------------------
 There are 0 register/latch pins which need pulse_width check


4. checking unconstrained_internal_endpoints (0)
------------------------------------------------
 There are 0 pins that are not constrained for maximum delay.

 There are 0 pins that are not constrained for maximum delay due to constant clock.


5. checking no_input_delay (2)
------------------------------
 There are 2 input ports with no input delay specified. (HIGH)

tfdu_rxd_i[0]
tfdu_rxd_i[1]

 There are 0 input ports with no input delay but user has a false path constraint.


6. checking no_output_delay (8)
-------------------------------
 There are 8 ports with no output delay specified. (HIGH)

pl_activity_led_n_o[0]
pl_activity_led_n_o[1]
pl_activity_led_n_o[2]
pl_activity_led_n_o[3]
tfdu_sd_o[0]
tfdu_sd_o[1]
tfdu_txd_o[0]
tfdu_txd_o[1]

 There are 0 ports with no output delay but user has a false path constraint

 There are 0 ports with no output delay but with a timing clock defined on it or propagating through it


7. checking multiple_clock (0)
------------------------------
 There are 0 register/latch pins with multiple clocks.


8. checking generated_clocks (0)
--------------------------------
 There are 0 generated clocks that are not connected to a clock source.


9. checking loops (0)
---------------------
 There are 0 combinational loops in the design.


10. checking partial_input_delay (0)
------------------------------------
 There are 0 input ports with partial input delay specified.


11. checking partial_output_delay (0)
-------------------------------------
 There are 0 ports with partial output delay specified.


12. checking latch_loops (0)
----------------------------
 There are 0 combinational latch loops in the design through latch input



------------------------------------------------------------------------------------------------
| Design Timing Summary
| ---------------------
------------------------------------------------------------------------------------------------

    WNS(ns)      TNS(ns)  TNS Failing Endpoints  TNS Total Endpoints      WHS(ns)      THS(ns)  THS Failing Endpoints  THS Total Endpoints     WPWS(ns)     TPWS(ns)  TPWS Failing Endpoints  TPWS Total Endpoints  
    -------      -------  ---------------------  -------------------      -------      -------  ---------------------  -------------------     --------     --------  ----------------------  --------------------  
      1.624        0.000                      0                58743        0.048        0.000                      0                58627        3.870        0.000                       0                 21037  


All user specified timing constraints are met.


------------------------------------------------------------------------------------------------
| Clock Summary
| -------------
------------------------------------------------------------------------------------------------

Clock       Waveform(ns)       Period(ns)      Frequency(MHz)
-----       ------------       ----------      --------------
clk_fpga_0  {0.000 7.812}      15.625          64.000          
clk_fpga_1  {0.000 5.000}      10.000          100.000         
clk_fpga_2  {0.000 10.000}     20.000          50.000          


------------------------------------------------------------------------------------------------
| Intra Clock Table
| -----------------
------------------------------------------------------------------------------------------------

Clock             WNS(ns)      TNS(ns)  TNS Failing Endpoints  TNS Total Endpoints      WHS(ns)      THS(ns)  THS Failing Endpoints  THS Total Endpoints     WPWS(ns)     TPWS(ns)  TPWS Failing Endpoints  TPWS Total Endpoints  
-----             -------      -------  ---------------------  -------------------      -------      -------  ---------------------  -------------------     --------     --------  ----------------------  --------------------  
clk_fpga_0          2.675        0.000                      0                38004        0.048        0.000                      0                38004        6.682        0.000                       0                 14142  
clk_fpga_1          1.624        0.000                      0                14830        0.064        0.000                      0                14830        3.870        0.000                       0                  5738  
clk_fpga_2         13.458        0.000                      0                 2031        0.065        0.000                      0                 2031        9.146        0.000                       0                  1157  


------------------------------------------------------------------------------------------------
| Inter Clock Table
| -----------------
------------------------------------------------------------------------------------------------

From Clock    To Clock          WNS(ns)      TNS(ns)  TNS Failing Endpoints  TNS Total Endpoints      WHS(ns)      THS(ns)  THS Failing Endpoints  THS Total Endpoints  
----------    --------          -------      -------  ---------------------  -------------------      -------      -------  ---------------------  -------------------  
clk_fpga_1    clk_fpga_0          8.954        0.000                      0                   10                                                                        
clk_fpga_2    clk_fpga_0         45.303        0.000                      0                   60                                                                        
clk_fpga_0    clk_fpga_1         14.567        0.000                      0                   10                                                                        
clk_fpga_0    clk_fpga_2         58.514        0.000                      0                   36                                                                        


------------------------------------------------------------------------------------------------
| Other Path Groups Table
| -----------------------
------------------------------------------------------------------------------------------------

Path Group         From Clock         To Clock               WNS(ns)      TNS(ns)  TNS Failing Endpoints  TNS Total Endpoints      WHS(ns)      THS(ns)  THS Failing Endpoints  THS Total Endpoints  
----------         ----------         --------               -------      -------  ---------------------  -------------------      -------      -------  ---------------------  -------------------  
**async_default**  clk_fpga_0         clk_fpga_0               3.614        0.000                      0                 3666        0.981        0.000                      0                 3666  
**async_default**  clk_fpga_1         clk_fpga_1               7.168        0.000                      0                   96        0.554        0.000                      0                   96  


------------------------------------------------------------------------------------------------
| User Ignored Path Table
| -----------------------
------------------------------------------------------------------------------------------------

Path Group    From Clock    To Clock    
----------    ----------    --------    
(none)                      clk_fpga_0    
(none)        clk_fpga_0    clk_fpga_0    
(none)        clk_fpga_1    clk_fpga_0    
(none)        clk_fpga_2    clk_fpga_0    
(none)                      clk_fpga_1    
(none)        clk_fpga_0    clk_fpga_1    
(none)        clk_fpga_1    clk_fpga_1    
(none)        clk_fpga_2    clk_fpga_1    
(none)                      clk_fpga_2    
(none)        clk_fpga_0    clk_fpga_2    
(none)        clk_fpga_1    clk_fpga_2    
(none)        clk_fpga_2    clk_fpga_2    


------------------------------------------------------------------------------------------------
| Unconstrained Path Table
| ------------------------
------------------------------------------------------------------------------------------------

Path Group    From Clock    To Clock    
----------    ----------    --------    
(none)        clk_fpga_0                  
(none)                      clk_fpga_0    


------------------------------------------------------------------------------------------------
| Timing Details
| --------------
------------------------------------------------------------------------------------------------


---------------------------------------------------------------------------------------------------
From Clock:  clk_fpga_0
  To Clock:  clk_fpga_0

Setup :            0  Failing Endpoints,  Worst Slack        2.675ns,  Total Violation        0.000ns
Hold  :            0  Failing Endpoints,  Worst Slack        0.048ns,  Total Violation        0.000ns
PW    :            0  Failing Endpoints,  Worst Slack        6.682ns,  Total Violation        0.000ns
---------------------------------------------------------------------------------------------------


Max Delay Paths
--------------------------------------------------------------------------------------
Slack (MET) :             2.675ns  (required time - arrival time)
  Source:                 p10_ps_system_i/p10_endpoint_0/inst/impl/u_transport/g_physical[1].u_b_phy/u_p8c_physical_safety/u_exact_duty_accountant/rolling_high_cycles_o_reg[0]/C
                            (rising edge-triggered cell FDRE clocked by clk_fpga_0  {rise@0.000ns fall@7.813ns period=15.625ns})
  Destination:            p10_ps_system_i/p10_endpoint_0/inst/impl/u_transport/u_data_plane/u_tx_window/entry_state_reg[3][2]/D
                            (rising edge-triggered cell FDRE clocked by clk_fpga_0  {rise@0.000ns fall@7.813ns period=15.625ns})
  Path Group:             clk_fpga_0
  Path Type:              Setup (Max at Slow Process Corner)
  Requirement:            15.625ns  (clk_fpga_0 rise@15.625ns - clk_fpga_0 rise@0.000ns)
  Data Path Delay:        12.553ns  (logic 3.880ns (30.908%)  route 8.673ns (69.092%))
  Logic Levels:           15  (CARRY4=5 LUT1=1 LUT3=1 LUT4=1 LUT5=5 LUT6=2)
  Clock Path Skew:        -0.190ns (DCD - SCD + CPR)
    Destination Clock Delay (DCD):    2.217ns = ( 17.842 - 15.625 ) 
    Source Clock Delay      (SCD):    2.515ns
    Clock Pessimism Removal (CPR):    0.109ns
  Clock Uncertainty:      0.237ns  ((TSJ^2 + TIJ^2)^1/2 + DJ) / 2 + PE
    Total System Jitter     (TSJ):    0.071ns
    Total Input Jitter      (TIJ):    0.469ns
    Discrete Jitter          (DJ):    0.000ns
    Phase Error              (PE):    0.000ns

    Location             Delay type                Incr(ns)  Path(ns)    Netlist Resource(s)
  -------------------------------------------------------------------    -------------------
                         (clock clk_fpga_0 rise edge)
                                                      0.000     0.000 r  
    PS7_X0Y0             PS7                          0.000     0.000 r  p10_ps_system_i/processing_system7_0/inst/PS7_i/FCLKCLK[0]
                         net (fo=1, routed)           0.994     0.994    p10_ps_system_i/processing_system7_0/inst/FCLK_CLK_unbuffered[0]
    BUFGCTRL_X0Y18       BUFG (Prop_bufg_I_O)         0.085     1.079 r  p10_ps_system_i/processing_system7_0/inst/buffer_fclk_clk_0.FCLK_CLK_0_BUFG/O
                         net (fo=14141, routed)       1.436     2.515    p10_ps_system_i/p10_endpoint_0/inst/impl/u_transport/g_physical[1].u_b_phy/u_p8c_physical_safety/u_exact_duty_accountant/s_axi_aclk
    SLICE_X65Y66         FDRE                                         r  p10_ps_system_i/p10_endpoint_0/inst/impl/u_transport/g_physical[1].u_b_phy/u_p8c_physical_safety/u_exact_duty_accountant/rolling_high_cycles_o_reg[0]/C
  -------------------------------------------------------------------    -------------------
    SLICE_X65Y66         FDRE (Prop_fdre_C_Q)         0.379     2.894 f  p10_ps_system_i/p10_endpoint_0/inst/impl/u_transport/g_physical[1].u_b_phy/u_p8c_physical_safety/u_exact_duty_accountant/rolling_high_cycles_o_reg[0]/Q
                         net (fo=7, routed)           0.878     3.772    p10_ps_system_i/p10_endpoint_0/inst/impl/u_transport/g_physical[1].u_b_phy/u_p8c_physical_safety/u_exact_duty_accountant/Q[0]
    SLICE_X81Y62         LUT1 (Prop_lut1_I0_O)        0.107     3.879 r  p10_ps_system_i/p10_endpoint_0/inst/impl/u_transport/g_physical[1].u_b_phy/u_p8c_physical_safety/u_exact_duty_accountant/s_axi_rdata[4]_i_94/O
                         net (fo=1, routed)           0.505     4.384    p10_ps_system_i/p10_endpoint_0/inst/impl/u_transport/g_physical[1].u_b_phy/u_p8c_physical_safety/u_exact_duty_accountant/s_axi_rdata[4]_i_94_n_0
    SLICE_X80Y61         CARRY4 (Prop_carry4_CYINIT_CO[3])
                                                      0.649     5.033 r  p10_ps_system_i/p10_endpoint_0/inst/impl/u_transport/g_physical[1].u_b_phy/u_p8c_physical_safety/u_exact_duty_accountant/s_axi_rdata_reg[4]_i_88/CO[3]
                         net (fo=1, routed)           0.000     5.033    p10_ps_system_i/p10_endpoint_0/inst/impl/u_transport/g_physical[1].u_b_phy/u_p8c_physical_safety/u_exact_duty_accountant/s_axi_rdata_reg[4]_i_88_n_0
    SLICE_X80Y62         CARRY4 (Prop_carry4_CI_O[0])
                                                      0.180     5.213 r  p10_ps_system_i/p10_endpoint_0/inst/impl/u_transport/g_physical[1].u_b_phy/u_p8c_physical_safety/u_exact_duty_accountant/phase_guard_q_reg[15]_i_27/O[0]
                         net (fo=3, routed)           0.787     5.999    p10_ps_system_i/p10_endpoint_0/inst/impl/u_transport/g_physical[1].u_b_phy/u_p8c_physical_safety/u_exact_duty_accountant/rolling_high_cycles_o_reg[13]_0[1]
    SLICE_X81Y59         LUT5 (Prop_lut5_I1_O)        0.249     6.248 r  p10_ps_system_i/p10_endpoint_0/inst/impl/u_transport/g_physical[1].u_b_phy/u_p8c_physical_safety/u_exact_duty_accountant/i___44_i_144/O
                         net (fo=1, routed)           0.632     6.880    p10_ps_system_i/p10_endpoint_0/inst/impl/u_transport/g_physical[1].u_b_phy/u_p8c_physical_safety/u_exact_duty_accountant/i___44_i_144_n_0
    SLICE_X83Y57         LUT3 (Prop_lut3_I1_O)        0.127     7.007 r  p10_ps_system_i/p10_endpoint_0/inst/impl/u_transport/g_physical[1].u_b_phy/u_p8c_physical_safety/u_exact_duty_accountant/i___44_i_108/O
                         net (fo=1, routed)           0.577     7.584    p10_ps_system_i/p10_endpoint_0/inst/impl/u_transport/g_physical[1].u_a_phy/u_p8c_physical_safety/u_exact_duty_accountant/DI[0]
    SLICE_X84Y61         CARRY4 (Prop_carry4_DI[2]_CO[3])
                                                      0.492     8.076 r  p10_ps_system_i/p10_endpoint_0/inst/impl/u_transport/g_physical[1].u_a_phy/u_p8c_physical_safety/u_exact_duty_accountant/i___44_i_88/CO[3]
                         net (fo=1, routed)           0.000     8.076    p10_ps_system_i/p10_endpoint_0/inst/impl/u_transport/g_physical[1].u_a_phy/u_p8c_physical_safety/u_exact_duty_accountant/i___44_i_88_n_0
    SLICE_X84Y62         CARRY4 (Prop_carry4_CI_CO[3])
                                                      0.098     8.174 r  p10_ps_system_i/p10_endpoint_0/inst/impl/u_transport/g_physical[1].u_a_phy/u_p8c_physical_safety/u_exact_duty_accountant/i___44_i_79/CO[3]
                         net (fo=1, routed)           0.000     8.174    p10_ps_system_i/p10_endpoint_0/inst/impl/u_transport/u_data_plane/u_scheduler/i___44_i_15[0]
    SLICE_X84Y63         CARRY4 (Prop_carry4_CI_CO[2])
                                                      0.190     8.364 r  p10_ps_system_i/p10_endpoint_0/inst/impl/u_transport/u_data_plane/u_scheduler/i___44_i_43/CO[2]
                         net (fo=1, routed)           0.617     8.981    p10_ps_system_i/p10_endpoint_0/inst/impl/u_transport/g_serializer[1].u_serializer/CO[0]
    SLICE_X89Y55         LUT6 (Prop_lut6_I2_O)        0.261     9.242 r  p10_ps_system_i/p10_endpoint_0/inst/impl/u_transport/g_serializer[1].u_serializer/i___44_i_15/O
                         net (fo=3, routed)           0.522     9.763    p10_ps_system_i/p10_endpoint_0/inst/impl/u_transport/u_data_plane/u_ack_aggregator/lane_runtime_ready_1
    SLICE_X89Y55         LUT5 (Prop_lut5_I0_O)        0.124     9.887 f  p10_ps_system_i/p10_endpoint_0/inst/impl/u_transport/u_data_plane/u_ack_aggregator/i___44_i_4/O
                         net (fo=5, routed)           0.604    10.491    p10_ps_system_i/p10_endpoint_0/inst/impl/u_transport/u_data_plane/u_ack_aggregator/ack_valid_o_reg_0
    SLICE_X89Y56         LUT5 (Prop_lut5_I0_O)        0.267    10.758 r  p10_ps_system_i/p10_endpoint_0/inst/impl/u_transport/u_data_plane/u_ack_aggregator/i___44_i_1/O
                         net (fo=15, routed)          1.713    12.471    p10_ps_system_i/p10_endpoint_0/inst/impl/u_transport/u_data_plane/u_tx_window/tx_attempt_ready
    SLICE_X65Y96         LUT5 (Prop_lut5_I4_O)        0.108    12.579 r  p10_ps_system_i/p10_endpoint_0/inst/impl/u_transport/u_data_plane/u_tx_window/i___40_i_2/O
                         net (fo=1, routed)           0.397    12.976    p10_ps_system_i/p10_endpoint_0/inst/impl/u_transport/u_data_plane/u_tx_window/i___40_i_2_n_0
    SLICE_X63Y96         LUT6 (Prop_lut6_I0_O)        0.275    13.251 r  p10_ps_system_i/p10_endpoint_0/inst/impl/u_transport/u_data_plane/u_tx_window/i___40_i_1/O
                         net (fo=29, routed)          0.968    14.219    p10_ps_system_i/p10_endpoint_0/inst/impl/u_transport/u_data_plane/u_tx_window/i___40_i_1_n_0
    SLICE_X50Y100        LUT4 (Prop_lut4_I0_O)        0.106    14.325 r  p10_ps_system_i/p10_endpoint_0/inst/impl/u_transport/u_data_plane/u_tx_window/i___42/O
                         net (fo=3, routed)           0.475    14.800    p10_ps_system_i/p10_endpoint_0/inst/impl/u_transport/u_data_plane/u_tx_window/i___42_n_0
    SLICE_X49Y99         LUT5 (Prop_lut5_I1_O)        0.268    15.068 r  p10_ps_system_i/p10_endpoint_0/inst/impl/u_transport/u_data_plane/u_tx_window/entry_state[3][2]_i_1/O
                         net (fo=1, routed)           0.000    15.068    p10_ps_system_i/p10_endpoint_0/inst/impl/u_transport/u_data_plane/u_tx_window/entry_state[3][2]_i_1_n_0
    SLICE_X49Y99         FDRE                                         r  p10_ps_system_i/p10_endpoint_0/inst/impl/u_transport/u_data_plane/u_tx_window/entry_state_reg[3][2]/D
  -------------------------------------------------------------------    -------------------

                         (clock clk_fpga_0 rise edge)
                                                     15.625    15.625 r  
    PS7_X0Y0             PS7                          0.000    15.625 r  p10_ps_system_i/processing_system7_0/inst/PS7_i/FCLKCLK[0]
                         net (fo=1, routed)           0.905    16.531    p10_ps_system_i/processing_system7_0/inst/FCLK_CLK_unbuffered[0]
    BUFGCTRL_X0Y18       BUFG (Prop_bufg_I_O)         0.077    16.608 r  p10_ps_system_i/processing_system7_0/inst/buffer_fclk_clk_0.FCLK_CLK_0_BUFG/O
                         net (fo=14141, routed)       1.234    17.842    p10_ps_system_i/p10_endpoint_0/inst/impl/u_transport/u_data_plane/u_tx_window/s_axi_aclk
    SLICE_X49Y99         FDRE                                         r  p10_ps_system_i/p10_endpoint_0/inst/impl/u_transport/u_data_plane/u_tx_window/entry_state_reg[3][2]/C
                         clock pessimism              0.109    17.950    
                         clock uncertainty           -0.237    17.713    
    SLICE_X49Y99         FDRE (Setup_fdre_C_D)        0.030    17.743    p10_ps_system_i/p10_endpoint_0/inst/impl/u_transport/u_data_plane/u_tx_window/entry_state_reg[3][2]
  -------------------------------------------------------------------
                         required time                         17.743    
                         arrival time                         -15.068    
  -------------------------------------------------------------------
                         slack                                  2.675    





Min Delay Paths
--------------------------------------------------------------------------------------
Slack (MET) :             0.048ns  (arrival time - required time)
  Source:                 p10_ps_system_i/p10_endpoint_0/inst/impl/u_transport/u_data_plane/u_rx_window/metadata_commit_payload_length_reg[12]/C
                            (rising edge-triggered cell FDRE clocked by clk_fpga_0  {rise@0.000ns fall@7.813ns period=15.625ns})
  Destination:            p10_ps_system_i/p10_endpoint_0/inst/impl/u_transport/u_data_plane/u_rx_window/entry_metadata_reg_r1_0_31_12_17/RAMA/I
                            (rising edge-triggered cell RAMD32 clocked by clk_fpga_0  {rise@0.000ns fall@7.813ns period=15.625ns})
  Path Group:             clk_fpga_0
  Path Type:              Hold (Min at Fast Process Corner)
  Requirement:            0.000ns  (clk_fpga_0 rise@0.000ns - clk_fpga_0 rise@0.000ns)
  Data Path Delay:        0.208ns  (logic 0.141ns (67.835%)  route 0.067ns (32.165%))
  Logic Levels:           0  
  Clock Path Skew:        0.013ns (DCD - SCD - CPR)
    Destination Clock Delay (DCD):    1.223ns
    Source Clock Delay      (SCD):    0.924ns
    Clock Pessimism Removal (CPR):    0.286ns

    Location             Delay type                Incr(ns)  Path(ns)    Netlist Resource(s)
  -------------------------------------------------------------------    -------------------
                         (clock clk_fpga_0 rise edge)
                                                      0.000     0.000 r  
    PS7_X0Y0             PS7                          0.000     0.000 r  p10_ps_system_i/processing_system7_0/inst/PS7_i/FCLKCLK[0]
                         net (fo=1, routed)           0.310     0.310    p10_ps_system_i/processing_system7_0/inst/FCLK_CLK_unbuffered[0]
    BUFGCTRL_X0Y18       BUFG (Prop_bufg_I_O)         0.026     0.336 r  p10_ps_system_i/processing_system7_0/inst/buffer_fclk_clk_0.FCLK_CLK_0_BUFG/O
                         net (fo=14141, routed)       0.588     0.924    p10_ps_system_i/p10_endpoint_0/inst/impl/u_transport/u_data_plane/u_rx_window/s_axi_aclk
    SLICE_X83Y40         FDRE                                         r  p10_ps_system_i/p10_endpoint_0/inst/impl/u_transport/u_data_plane/u_rx_window/metadata_commit_payload_length_reg[12]/C
  -------------------------------------------------------------------    -------------------
    SLICE_X83Y40         FDRE (Prop_fdre_C_Q)         0.141     1.065 r  p10_ps_system_i/p10_endpoint_0/inst/impl/u_transport/u_data_plane/u_rx_window/metadata_commit_payload_length_reg[12]/Q
                         net (fo=2, routed)           0.067     1.131    p10_ps_system_i/p10_endpoint_0/inst/impl/u_transport/u_data_plane/u_rx_window/entry_metadata_reg_r1_0_31_12_17/DIA0
    SLICE_X82Y40         RAMD32                                       r  p10_ps_system_i/p10_endpoint_0/inst/impl/u_transport/u_data_plane/u_rx_window/entry_metadata_reg_r1_0_31_12_17/RAMA/I
  -------------------------------------------------------------------    -------------------

                         (clock clk_fpga_0 rise edge)
                                                      0.000     0.000 r  
    PS7_X0Y0             PS7                          0.000     0.000 r  p10_ps_system_i/processing_system7_0/inst/PS7_i/FCLKCLK[0]
                         net (fo=1, routed)           0.337     0.337    p10_ps_system_i/processing_system7_0/inst/FCLK_CLK_unbuffered[0]
    BUFGCTRL_X0Y18       BUFG (Prop_bufg_I_O)         0.029     0.366 r  p10_ps_system_i/processing_system7_0/inst/buffer_fclk_clk_0.FCLK_CLK_0_BUFG/O
                         net (fo=14141, routed)       0.857     1.223    p10_ps_system_i/p10_endpoint_0/inst/impl/u_transport/u_data_plane/u_rx_window/entry_metadata_reg_r1_0_31_12_17/WCLK
    SLICE_X82Y40         RAMD32                                       r  p10_ps_system_i/p10_endpoint_0/inst/impl/u_transport/u_data_plane/u_rx_window/entry_metadata_reg_r1_0_31_12_17/RAMA/CLK
                         clock pessimism             -0.286     0.937    
    SLICE_X82Y40         RAMD32 (Hold_ramd32_CLK_I)
                                                      0.147     1.084    p10_ps_system_i/p10_endpoint_0/inst/impl/u_transport/u_data_plane/u_rx_window/entry_metadata_reg_r1_0_31_12_17/RAMA
  -------------------------------------------------------------------
                         required time                         -1.083    
                         arrival time                           1.131    
  -------------------------------------------------------------------
                         slack                                  0.048    





Pulse Width Checks
--------------------------------------------------------------------------------------
Clock Name:         clk_fpga_0
Waveform(ns):       { 0.000 7.812 }
Period(ns):         15.625
Sources:            { p10_ps_system_i/processing_system7_0/inst/PS7_i/FCLKCLK[0] }

Check Type        Corner  Lib Pin             Reference Pin  Required(ns)  Actual(ns)  Slack(ns)  Location      Pin
Min Period        n/a     RAMB36E1/CLKARDCLK  n/a            2.761         15.625      12.864     RAMB36_X5Y0   p10_ps_system_i/p10_endpoint_0/inst/impl/u_transport/g_physical[0].u_a_phy/u_p8c_physical_safety/u_exact_duty_accountant/history_mem_reg_0/CLKARDCLK
Low Pulse Width   Slow    RAMD64E/CLK         n/a            1.130         7.812       6.682      SLICE_X42Y45  p10_ps_system_i/p10_endpoint_0/inst/impl/u_p10_1_perf_monitor/u_event_fifo/storage_reg_0_63_0_2/RAMA/CLK
High Pulse Width  Slow    RAMD64E/CLK         n/a            1.130         7.812       6.682      SLICE_X42Y45  p10_ps_system_i/p10_endpoint_0/inst/impl/u_p10_1_perf_monitor/u_event_fifo/storage_reg_0_63_0_2/RAMA/CLK



---------------------------------------------------------------------------------------------------
From Clock:  clk_fpga_1
  To Clock:  clk_fpga_1

Setup :            0  Failing Endpoints,  Worst Slack        1.624ns,  Total Violation        0.000ns
Hold  :            0  Failing Endpoints,  Worst Slack        0.064ns,  Total Violation        0.000ns
PW    :            0  Failing Endpoints,  Worst Slack        3.870ns,  Total Violation        0.000ns
---------------------------------------------------------------------------------------------------


Max Delay Paths
--------------------------------------------------------------------------------------
Slack (MET) :             1.624ns  (required time - arrival time)
  Source:                 p10_ps_system_i/hp0_interconnect/xbar/inst/gen_samd.crossbar_samd/gen_slave_slots[2].gen_si_write.wdata_router_w/wrouter_aw_fifo/storage_data1_reg[0]/C
                            (rising edge-triggered cell FDRE clocked by clk_fpga_1  {rise@0.000ns fall@5.000ns period=10.000ns})
  Destination:            p10_ps_system_i/axi_dma_0/U0/GEN_SG_ENGINE.I_SG_ENGINE/I_SG_AXI_DATAMOVER/GEN_S2MM_BASIC.I_S2MM_BASIC_WRAPPER/I_WR_DATA_CNTL/sig_data2wsc_calc_err_reg/R
                            (rising edge-triggered cell FDRE clocked by clk_fpga_1  {rise@0.000ns fall@5.000ns period=10.000ns})
  Path Group:             clk_fpga_1
  Path Type:              Setup (Max at Slow Process Corner)
  Requirement:            10.000ns  (clk_fpga_1 rise@10.000ns - clk_fpga_1 rise@0.000ns)
  Data Path Delay:        7.811ns  (logic 2.221ns (28.436%)  route 5.590ns (71.564%))
  Logic Levels:           9  (LUT2=1 LUT3=3 LUT4=1 LUT5=1 LUT6=3)
  Clock Path Skew:        -0.059ns (DCD - SCD + CPR)
    Destination Clock Delay (DCD):    2.300ns = ( 12.300 - 10.000 ) 
    Source Clock Delay      (SCD):    2.552ns
    Clock Pessimism Removal (CPR):    0.193ns
  Clock Uncertainty:      0.154ns  ((TSJ^2 + TIJ^2)^1/2 + DJ) / 2 + PE
    Total System Jitter     (TSJ):    0.071ns
    Total Input Jitter      (TIJ):    0.300ns
    Discrete Jitter          (DJ):    0.000ns
    Phase Error              (PE):    0.000ns

    Location             Delay type                Incr(ns)  Path(ns)    Netlist Resource(s)
  -------------------------------------------------------------------    -------------------
                         (clock clk_fpga_1 rise edge)
                                                      0.000     0.000 r  
    PS7_X0Y0             PS7                          0.000     0.000 r  p10_ps_system_i/processing_system7_0/inst/PS7_i/FCLKCLK[1]
                         net (fo=1, routed)           0.994     0.994    p10_ps_system_i/processing_system7_0/inst/FCLK_CLK_unbuffered[1]
    BUFGCTRL_X0Y16       BUFG (Prop_bufg_I_O)         0.085     1.079 r  p10_ps_system_i/processing_system7_0/inst/buffer_fclk_clk_1.FCLK_CLK_1_BUFG/O
                         net (fo=5738, routed)        1.473     2.552    p10_ps_system_i/hp0_interconnect/xbar/inst/gen_samd.crossbar_samd/gen_slave_slots[2].gen_si_write.wdata_router_w/wrouter_aw_fifo/aclk
    SLICE_X20Y32         FDRE                                         r  p10_ps_system_i/hp0_interconnect/xbar/inst/gen_samd.crossbar_samd/gen_slave_slots[2].gen_si_write.wdata_router_w/wrouter_aw_fifo/storage_data1_reg[0]/C
  -------------------------------------------------------------------    -------------------
    SLICE_X20Y32         FDRE (Prop_fdre_C_Q)         0.433     2.985 r  p10_ps_system_i/hp0_interconnect/xbar/inst/gen_samd.crossbar_samd/gen_slave_slots[2].gen_si_write.wdata_router_w/wrouter_aw_fifo/storage_data1_reg[0]/Q
                         net (fo=4, routed)           0.674     3.659    p10_ps_system_i/hp0_interconnect/xbar/inst/gen_samd.crossbar_samd/gen_master_slots[0].gen_mi_write.wdata_mux_w/gen_wmux.wmux_aw_fifo/gen_srls[0].gen_rep[1].srl_nx1/m_select_enc_1
    SLICE_X19Y34         LUT4 (Prop_lut4_I3_O)        0.124     3.783 r  p10_ps_system_i/hp0_interconnect/xbar/inst/gen_samd.crossbar_samd/gen_master_slots[0].gen_mi_write.wdata_mux_w/gen_wmux.wmux_aw_fifo/gen_srls[0].gen_rep[1].srl_nx1/m_axi_wvalid[0]_INST_0_i_2/O
                         net (fo=1, routed)           0.115     3.899    p10_ps_system_i/hp0_interconnect/xbar/inst/gen_samd.crossbar_samd/gen_master_slots[0].gen_mi_write.wdata_mux_w/gen_wmux.wmux_aw_fifo/gen_srls[0].gen_rep[1].srl_nx1/m_axi_wvalid[0]_INST_0_i_2_n_0
    SLICE_X19Y34         LUT6 (Prop_lut6_I5_O)        0.267     4.166 f  p10_ps_system_i/hp0_interconnect/xbar/inst/gen_samd.crossbar_samd/gen_master_slots[0].gen_mi_write.wdata_mux_w/gen_wmux.wmux_aw_fifo/gen_srls[0].gen_rep[1].srl_nx1/m_axi_wvalid[0]_INST_0/O
                         net (fo=10, routed)          0.796     4.962    p10_ps_system_i/hp0_interconnect/m00_couplers/auto_pc/inst/gen_axi4_axi3.axi3_conv_inst/USE_WRITE.write_addr_inst/USE_BURSTS.cmd_queue/inst/s_axi_wvalid
    SLICE_X14Y47         LUT3 (Prop_lut3_I0_O)        0.105     5.067 f  p10_ps_system_i/hp0_interconnect/m00_couplers/auto_pc/inst/gen_axi4_axi3.axi3_conv_inst/USE_WRITE.write_addr_inst/USE_BURSTS.cmd_queue/inst/s_axi_wready_INST_0/O
                         net (fo=12, routed)          0.738     5.806    p10_ps_system_i/hp0_interconnect/xbar/inst/gen_samd.crossbar_samd/gen_master_slots[0].gen_mi_write.wdata_mux_w/gen_wmux.wmux_aw_fifo/m_axi_wready[0]
    SLICE_X19Y34         LUT6 (Prop_lut6_I0_O)        0.264     6.070 r  p10_ps_system_i/hp0_interconnect/xbar/inst/gen_samd.crossbar_samd/gen_master_slots[0].gen_mi_write.wdata_mux_w/gen_wmux.wmux_aw_fifo/s_axi_wready[2]_INST_0_i_1/O
                         net (fo=6, routed)           0.597     6.666    p10_ps_system_i/hp0_interconnect/xbar/inst/gen_samd.crossbar_samd/gen_slave_slots[2].gen_si_write.wdata_router_w/wrouter_aw_fifo/gen_primitive_shifter.gen_srls[0].srl_inst
    SLICE_X22Y34         LUT2 (Prop_lut2_I1_O)        0.105     6.771 f  p10_ps_system_i/hp0_interconnect/xbar/inst/gen_samd.crossbar_samd/gen_slave_slots[2].gen_si_write.wdata_router_w/wrouter_aw_fifo/s_axi_wready[2]_INST_0/O
                         net (fo=22, routed)          0.600     7.372    p10_ps_system_i/hp0_interconnect/s02_couplers/auto_us/inst/gen_upsizer.gen_full_upsizer.axi_upsizer_inst/USE_WRITE.write_addr_inst/GEN_CMD_QUEUE.cmd_queue/m_axi_wready
    SLICE_X20Y35         LUT3 (Prop_lut3_I1_O)        0.286     7.658 f  p10_ps_system_i/hp0_interconnect/s02_couplers/auto_us/inst/gen_upsizer.gen_full_upsizer.axi_upsizer_inst/USE_WRITE.write_addr_inst/GEN_CMD_QUEUE.cmd_queue/s_axi_wready_INST_0/O
                         net (fo=2, routed)           0.716     8.373    p10_ps_system_i/axi_dma_0/U0/GEN_SG_ENGINE.I_SG_ENGINE/I_SG_AXI_DATAMOVER/GEN_S2MM_BASIC.I_S2MM_BASIC_WRAPPER/I_WR_DATA_CNTL/m_axi_sg_wready
    SLICE_X9Y29          LUT6 (Prop_lut6_I5_O)        0.268     8.641 f  p10_ps_system_i/axi_dma_0/U0/GEN_SG_ENGINE.I_SG_ENGINE/I_SG_AXI_DATAMOVER/GEN_S2MM_BASIC.I_S2MM_BASIC_WRAPPER/I_WR_DATA_CNTL/sig_dbeat_cntr[7]_i_3__1/O
                         net (fo=7, routed)           0.503     9.144    p10_ps_system_i/axi_dma_0/U0/GEN_SG_ENGINE.I_SG_ENGINE/I_SG_AXI_DATAMOVER/GEN_S2MM_BASIC.I_S2MM_BASIC_WRAPPER/I_WR_DATA_CNTL/sig_good_mmap_dbeat9_out__0
    SLICE_X8Y29          LUT3 (Prop_lut3_I0_O)        0.105     9.249 f  p10_ps_system_i/axi_dma_0/U0/GEN_SG_ENGINE.I_SG_ENGINE/I_SG_AXI_DATAMOVER/GEN_S2MM_BASIC.I_S2MM_BASIC_WRAPPER/I_WR_DATA_CNTL/sig_push_to_wsc_i_3/O
                         net (fo=1, routed)           0.359     9.609    p10_ps_system_i/axi_dma_0/U0/GEN_SG_ENGINE.I_SG_ENGINE/I_SG_AXI_DATAMOVER/GEN_S2MM_BASIC.I_S2MM_BASIC_WRAPPER/I_WR_DATA_CNTL/sig_set_push2wsc__0
    SLICE_X8Y29          LUT5 (Prop_lut5_I0_O)        0.264     9.873 r  p10_ps_system_i/axi_dma_0/U0/GEN_SG_ENGINE.I_SG_ENGINE/I_SG_AXI_DATAMOVER/GEN_S2MM_BASIC.I_S2MM_BASIC_WRAPPER/I_WR_DATA_CNTL/sig_push_to_wsc_i_1/O
                         net (fo=4, routed)           0.490    10.363    p10_ps_system_i/axi_dma_0/U0/GEN_SG_ENGINE.I_SG_ENGINE/I_SG_AXI_DATAMOVER/GEN_S2MM_BASIC.I_S2MM_BASIC_WRAPPER/I_WR_DATA_CNTL/sig_push_to_wsc0
    SLICE_X9Y29          FDRE                                         r  p10_ps_system_i/axi_dma_0/U0/GEN_SG_ENGINE.I_SG_ENGINE/I_SG_AXI_DATAMOVER/GEN_S2MM_BASIC.I_S2MM_BASIC_WRAPPER/I_WR_DATA_CNTL/sig_data2wsc_calc_err_reg/R
  -------------------------------------------------------------------    -------------------

                         (clock clk_fpga_1 rise edge)
                                                     10.000    10.000 r  
    PS7_X0Y0             PS7                          0.000    10.000 r  p10_ps_system_i/processing_system7_0/inst/PS7_i/FCLKCLK[1]
                         net (fo=1, routed)           0.905    10.906    p10_ps_system_i/processing_system7_0/inst/FCLK_CLK_unbuffered[1]
    BUFGCTRL_X0Y16       BUFG (Prop_bufg_I_O)         0.077    10.983 r  p10_ps_system_i/processing_system7_0/inst/buffer_fclk_clk_1.FCLK_CLK_1_BUFG/O
                         net (fo=5738, routed)        1.318    12.300    p10_ps_system_i/axi_dma_0/U0/GEN_SG_ENGINE.I_SG_ENGINE/I_SG_AXI_DATAMOVER/GEN_S2MM_BASIC.I_S2MM_BASIC_WRAPPER/I_WR_DATA_CNTL/m_axi_sg_aclk
    SLICE_X9Y29          FDRE                                         r  p10_ps_system_i/axi_dma_0/U0/GEN_SG_ENGINE.I_SG_ENGINE/I_SG_AXI_DATAMOVER/GEN_S2MM_BASIC.I_S2MM_BASIC_WRAPPER/I_WR_DATA_CNTL/sig_data2wsc_calc_err_reg/C
                         clock pessimism              0.193    12.493    
                         clock uncertainty           -0.154    12.339    
    SLICE_X9Y29          FDRE (Setup_fdre_C_R)       -0.352    11.987    p10_ps_system_i/axi_dma_0/U0/GEN_SG_ENGINE.I_SG_ENGINE/I_SG_AXI_DATAMOVER/GEN_S2MM_BASIC.I_S2MM_BASIC_WRAPPER/I_WR_DATA_CNTL/sig_data2wsc_calc_err_reg
  -------------------------------------------------------------------
                         required time                         11.987    
                         arrival time                         -10.363    
  -------------------------------------------------------------------
                         slack                                  1.624    





Min Delay Paths
--------------------------------------------------------------------------------------
Slack (MET) :             0.064ns  (arrival time - required time)
  Source:                 p10_ps_system_i/axi_dma_0/U0/I_PRMRY_DATAMOVER/GEN_S2MM_FULL.I_S2MM_FULL_WRAPPER/I_WR_DATA_CNTL/GEN_INDET_BTT.lsig_byte_cntr_reg[11]/C
                            (rising edge-triggered cell FDRE clocked by clk_fpga_1  {rise@0.000ns fall@5.000ns period=10.000ns})
  Destination:            p10_ps_system_i/axi_dma_0/U0/I_PRMRY_DATAMOVER/GEN_S2MM_FULL.I_S2MM_FULL_WRAPPER/I_WR_STATUS_CNTLR/GEN_ENABLE_INDET_BTT.I_SF_DATA_CNTL_STATUS_FIFO/USE_SRL_FIFO.I_SYNC_FIFO/I_SRL_FIFO_RBU_F/DYNSHREG_F_I/INFERRED_GEN.data_reg[5][15]_srl6/D
                            (rising edge-triggered cell SRL16E clocked by clk_fpga_1  {rise@0.000ns fall@5.000ns period=10.000ns})
  Path Group:             clk_fpga_1
  Path Type:              Hold (Min at Fast Process Corner)
  Requirement:            0.000ns  (clk_fpga_1 rise@0.000ns - clk_fpga_1 rise@0.000ns)
  Data Path Delay:        0.262ns  (logic 0.141ns (53.841%)  route 0.121ns (46.159%))
  Logic Levels:           0  
  Clock Path Skew:        0.015ns (DCD - SCD - CPR)
    Destination Clock Delay (DCD):    1.183ns
    Source Clock Delay      (SCD):    0.888ns
    Clock Pessimism Removal (CPR):    0.280ns

    Location             Delay type                Incr(ns)  Path(ns)    Netlist Resource(s)
  -------------------------------------------------------------------    -------------------
                         (clock clk_fpga_1 rise edge)
                                                      0.000     0.000 r  
    PS7_X0Y0             PS7                          0.000     0.000 r  p10_ps_system_i/processing_system7_0/inst/PS7_i/FCLKCLK[1]
                         net (fo=1, routed)           0.310     0.310    p10_ps_system_i/processing_system7_0/inst/FCLK_CLK_unbuffered[1]
    BUFGCTRL_X0Y16       BUFG (Prop_bufg_I_O)         0.026     0.336 r  p10_ps_system_i/processing_system7_0/inst/buffer_fclk_clk_1.FCLK_CLK_1_BUFG/O
                         net (fo=5738, routed)        0.552     0.887    p10_ps_system_i/axi_dma_0/U0/I_PRMRY_DATAMOVER/GEN_S2MM_FULL.I_S2MM_FULL_WRAPPER/I_WR_DATA_CNTL/m_axi_s2mm_aclk
    SLICE_X35Y26         FDRE                                         r  p10_ps_system_i/axi_dma_0/U0/I_PRMRY_DATAMOVER/GEN_S2MM_FULL.I_S2MM_FULL_WRAPPER/I_WR_DATA_CNTL/GEN_INDET_BTT.lsig_byte_cntr_reg[11]/C
  -------------------------------------------------------------------    -------------------
    SLICE_X35Y26         FDRE (Prop_fdre_C_Q)         0.141     1.028 r  p10_ps_system_i/axi_dma_0/U0/I_PRMRY_DATAMOVER/GEN_S2MM_FULL.I_S2MM_FULL_WRAPPER/I_WR_DATA_CNTL/GEN_INDET_BTT.lsig_byte_cntr_reg[11]/Q
                         net (fo=2, routed)           0.121     1.149    p10_ps_system_i/axi_dma_0/U0/I_PRMRY_DATAMOVER/GEN_S2MM_FULL.I_S2MM_FULL_WRAPPER/I_WR_STATUS_CNTLR/GEN_ENABLE_INDET_BTT.I_SF_DATA_CNTL_STATUS_FIFO/USE_SRL_FIFO.I_SYNC_FIFO/I_SRL_FIFO_RBU_F/DYNSHREG_F_I/in[13]
    SLICE_X34Y27         SRL16E                                       r  p10_ps_system_i/axi_dma_0/U0/I_PRMRY_DATAMOVER/GEN_S2MM_FULL.I_S2MM_FULL_WRAPPER/I_WR_STATUS_CNTLR/GEN_ENABLE_INDET_BTT.I_SF_DATA_CNTL_STATUS_FIFO/USE_SRL_FIFO.I_SYNC_FIFO/I_SRL_FIFO_RBU_F/DYNSHREG_F_I/INFERRED_GEN.data_reg[5][15]_srl6/D
  -------------------------------------------------------------------    -------------------

                         (clock clk_fpga_1 rise edge)
                                                      0.000     0.000 r  
    PS7_X0Y0             PS7                          0.000     0.000 r  p10_ps_system_i/processing_system7_0/inst/PS7_i/FCLKCLK[1]
                         net (fo=1, routed)           0.337     0.337    p10_ps_system_i/processing_system7_0/inst/FCLK_CLK_unbuffered[1]
    BUFGCTRL_X0Y16       BUFG (Prop_bufg_I_O)         0.029     0.366 r  p10_ps_system_i/processing_system7_0/inst/buffer_fclk_clk_1.FCLK_CLK_1_BUFG/O
                         net (fo=5738, routed)        0.817     1.183    p10_ps_system_i/axi_dma_0/U0/I_PRMRY_DATAMOVER/GEN_S2MM_FULL.I_S2MM_FULL_WRAPPER/I_WR_STATUS_CNTLR/GEN_ENABLE_INDET_BTT.I_SF_DATA_CNTL_STATUS_FIFO/USE_SRL_FIFO.I_SYNC_FIFO/I_SRL_FIFO_RBU_F/DYNSHREG_F_I/m_axi_s2mm_aclk
    SLICE_X34Y27         SRL16E                                       r  p10_ps_system_i/axi_dma_0/U0/I_PRMRY_DATAMOVER/GEN_S2MM_FULL.I_S2MM_FULL_WRAPPER/I_WR_STATUS_CNTLR/GEN_ENABLE_INDET_BTT.I_SF_DATA_CNTL_STATUS_FIFO/USE_SRL_FIFO.I_SYNC_FIFO/I_SRL_FIFO_RBU_F/DYNSHREG_F_I/INFERRED_GEN.data_reg[5][15]_srl6/CLK
                         clock pessimism             -0.280     0.903    
    SLICE_X34Y27         SRL16E (Hold_srl16e_CLK_D)
                                                      0.183     1.086    p10_ps_system_i/axi_dma_0/U0/I_PRMRY_DATAMOVER/GEN_S2MM_FULL.I_S2MM_FULL_WRAPPER/I_WR_STATUS_CNTLR/GEN_ENABLE_INDET_BTT.I_SF_DATA_CNTL_STATUS_FIFO/USE_SRL_FIFO.I_SYNC_FIFO/I_SRL_FIFO_RBU_F/DYNSHREG_F_I/INFERRED_GEN.data_reg[5][15]_srl6
  -------------------------------------------------------------------
                         required time                         -1.085    
                         arrival time                           1.149    
  -------------------------------------------------------------------
                         slack                                  0.064    





Pulse Width Checks
--------------------------------------------------------------------------------------
Clock Name:         clk_fpga_1
Waveform(ns):       { 0.000 5.000 }
Period(ns):         10.000
Sources:            { p10_ps_system_i/processing_system7_0/inst/PS7_i/FCLKCLK[1] }

Check Type        Corner  Lib Pin             Reference Pin  Required(ns)  Actual(ns)  Slack(ns)  Location      Pin
Min Period        n/a     RAMB36E1/CLKARDCLK  n/a            2.170         10.000      7.830      RAMB36_X3Y5   p10_ps_system_i/axi_dma_0/U0/I_PRMRY_DATAMOVER/GEN_MM2S_FULL.I_MM2S_FULL_WRAPPER/GEN_INCLUDE_MM2S_SF.I_RD_SF/I_DATA_FIFO/BLK_MEM.I_SYNC_FIFOGEN_FIFO/xpm_fifo_instance.xpm_fifo_sync_inst/xpm_fifo_base_inst/gen_sdpram.xpm_memory_base_inst/gen_wr_a.gen_word_narrow.mem_reg/CLKARDCLK
Low Pulse Width   Slow    RAMD32/CLK          n/a            1.130         5.000       3.870      SLICE_X50Y13  p10_ps_system_i/axi_dma_0/U0/I_PRMRY_DATAMOVER/GEN_S2MM_FULL.I_S2MM_FULL_WRAPPER/GEN_ENABLE_INDET_BTT_SF.I_INDET_BTT/I_XD_FIFO/NON_BLK_MEM.I_SYNC_FIFOGEN_FIFO/xpm_fifo_instance.xpm_fifo_sync_inst/xpm_fifo_base_inst/gen_sdpram.xpm_memory_base_inst/gen_wr_a.gen_word_narrow.mem_reg_0_15_0_5/RAMA/CLK
High Pulse Width  Slow    RAMD32/CLK          n/a            1.130         5.000       3.870      SLICE_X50Y13  p10_ps_system_i/axi_dma_0/U0/I_PRMRY_DATAMOVER/GEN_S2MM_FULL.I_S2MM_FULL_WRAPPER/GEN_ENABLE_INDET_BTT_SF.I_INDET_BTT/I_XD_FIFO/NON_BLK_MEM.I_SYNC_FIFOGEN_FIFO/xpm_fifo_instance.xpm_fifo_sync_inst/xpm_fifo_base_inst/gen_sdpram.xpm_memory_base_inst/gen_wr_a.gen_word_narrow.mem_reg_0_15_0_5/RAMA/CLK



---------------------------------------------------------------------------------------------------
From Clock:  clk_fpga_2
  To Clock:  clk_fpga_2

Setup :            0  Failing Endpoints,  Worst Slack       13.458ns,  Total Violation        0.000ns
Hold  :            0  Failing Endpoints,  Worst Slack        0.065ns,  Total Violation        0.000ns
PW    :            0  Failing Endpoints,  Worst Slack        9.146ns,  Total Violation        0.000ns
---------------------------------------------------------------------------------------------------


Max Delay Paths
--------------------------------------------------------------------------------------
Slack (MET) :             13.458ns  (required time - arrival time)
  Source:                 p10_ps_system_i/gp0_interconnect/xbar/inst/gen_sasd.crossbar_sasd_0/addr_arbiter_inst/gen_no_arbiter.grant_rnw_reg/C
                            (rising edge-triggered cell FDRE clocked by clk_fpga_2  {rise@0.000ns fall@10.000ns period=20.000ns})
  Destination:            p10_ps_system_i/gp0_interconnect/s00_couplers/auto_pc/inst/gen_axilite.gen_b2s_conv.axilite_b2s/WR.aw_channel_0/cmd_translator_0/incr_cmd_0/axaddr_incr_reg[9]/D
                            (rising edge-triggered cell FDRE clocked by clk_fpga_2  {rise@0.000ns fall@10.000ns period=20.000ns})
  Path Group:             clk_fpga_2
  Path Type:              Setup (Max at Slow Process Corner)
  Requirement:            20.000ns  (clk_fpga_2 rise@20.000ns - clk_fpga_2 rise@0.000ns)
  Data Path Delay:        6.250ns  (logic 2.127ns (34.032%)  route 4.123ns (65.968%))
  Logic Levels:           8  (CARRY4=3 LUT2=1 LUT3=2 LUT4=1 LUT6=1)
  Clock Path Skew:        -0.059ns (DCD - SCD + CPR)
    Destination Clock Delay (DCD):    2.373ns = ( 22.373 - 20.000 ) 
    Source Clock Delay      (SCD):    2.640ns
    Clock Pessimism Removal (CPR):    0.208ns
  Clock Uncertainty:      0.302ns  ((TSJ^2 + TIJ^2)^1/2 + DJ) / 2 + PE
    Total System Jitter     (TSJ):    0.071ns
    Total Input Jitter      (TIJ):    0.600ns
    Discrete Jitter          (DJ):    0.000ns
    Phase Error              (PE):    0.000ns

    Location             Delay type                Incr(ns)  Path(ns)    Netlist Resource(s)
  -------------------------------------------------------------------    -------------------
                         (clock clk_fpga_2 rise edge)
                                                      0.000     0.000 r  
    PS7_X0Y0             PS7                          0.000     0.000 r  p10_ps_system_i/processing_system7_0/inst/PS7_i/FCLKCLK[2]
                         net (fo=1, routed)           0.994     0.994    p10_ps_system_i/processing_system7_0/inst/FCLK_CLK_unbuffered[2]
    BUFGCTRL_X0Y17       BUFG (Prop_bufg_I_O)         0.085     1.079 r  p10_ps_system_i/processing_system7_0/inst/buffer_fclk_clk_2.FCLK_CLK_2_BUFG/O
                         net (fo=1157, routed)        1.561     2.640    p10_ps_system_i/gp0_interconnect/xbar/inst/gen_sasd.crossbar_sasd_0/addr_arbiter_inst/aclk
    SLICE_X36Y102        FDRE                                         r  p10_ps_system_i/gp0_interconnect/xbar/inst/gen_sasd.crossbar_sasd_0/addr_arbiter_inst/gen_no_arbiter.grant_rnw_reg/C
  -------------------------------------------------------------------    -------------------
    SLICE_X36Y102        FDRE (Prop_fdre_C_Q)         0.433     3.073 f  p10_ps_system_i/gp0_interconnect/xbar/inst/gen_sasd.crossbar_sasd_0/addr_arbiter_inst/gen_no_arbiter.grant_rnw_reg/Q
                         net (fo=27, routed)          0.580     3.653    p10_ps_system_i/gp0_interconnect/xbar/inst/gen_sasd.crossbar_sasd_0/addr_arbiter_inst/aa_grant_rnw
    SLICE_X37Y101        LUT2 (Prop_lut2_I1_O)        0.125     3.778 r  p10_ps_system_i/gp0_interconnect/xbar/inst/gen_sasd.crossbar_sasd_0/addr_arbiter_inst/s_axi_awready[0]_INST_0/O
                         net (fo=3, routed)           1.017     4.794    p10_ps_system_i/gp0_interconnect/s00_couplers/auto_pc/inst/gen_axilite.gen_b2s_conv.axilite_b2s/WR.aw_channel_0/aw_cmd_fsm_0/m_axi_awready
    SLICE_X33Y106        LUT6 (Prop_lut6_I0_O)        0.275     5.069 r  p10_ps_system_i/gp0_interconnect/s00_couplers/auto_pc/inst/gen_axilite.gen_b2s_conv.axilite_b2s/WR.aw_channel_0/aw_cmd_fsm_0/memory_reg[3][0]_srl4_i_1/O
                         net (fo=30, routed)          0.640     5.709    p10_ps_system_i/gp0_interconnect/s00_couplers/auto_pc/inst/gen_axilite.gen_b2s_conv.axilite_b2s/WR.aw_channel_0/aw_cmd_fsm_0/m_axi_awready_0
    SLICE_X32Y106        LUT3 (Prop_lut3_I2_O)        0.105     5.814 r  p10_ps_system_i/gp0_interconnect/s00_couplers/auto_pc/inst/gen_axilite.gen_b2s_conv.axilite_b2s/WR.aw_channel_0/aw_cmd_fsm_0/next_pending_r_i_3/O
                         net (fo=23, routed)          1.145     6.958    p10_ps_system_i/gp0_interconnect/s00_couplers/auto_pc/inst/gen_axilite.gen_b2s_conv.axilite_b2s/WR.aw_channel_0/cmd_translator_0/incr_cmd_0/next
    SLICE_X31Y100        LUT4 (Prop_lut4_I3_O)        0.105     7.063 r  p10_ps_system_i/gp0_interconnect/s00_couplers/auto_pc/inst/gen_axilite.gen_b2s_conv.axilite_b2s/WR.aw_channel_0/cmd_translator_0/incr_cmd_0/axaddr_incr[3]_i_9/O
                         net (fo=1, routed)           0.000     7.063    p10_ps_system_i/gp0_interconnect/s00_couplers/auto_pc/inst/gen_axilite.gen_b2s_conv.axilite_b2s/SI_REG/aw.aw_pipe/axaddr_incr_reg[3][1]
    SLICE_X31Y100        CARRY4 (Prop_carry4_S[1]_CO[3])
                                                      0.457     7.520 r  p10_ps_system_i/gp0_interconnect/s00_couplers/auto_pc/inst/gen_axilite.gen_b2s_conv.axilite_b2s/SI_REG/aw.aw_pipe/axaddr_incr_reg[3]_i_2/CO[3]
                         net (fo=1, routed)           0.000     7.520    p10_ps_system_i/gp0_interconnect/s00_couplers/auto_pc/inst/gen_axilite.gen_b2s_conv.axilite_b2s/SI_REG/aw.aw_pipe/axaddr_incr_reg[3]_i_2_n_0
    SLICE_X31Y101        CARRY4 (Prop_carry4_CI_CO[3])
                                                      0.098     7.618 r  p10_ps_system_i/gp0_interconnect/s00_couplers/auto_pc/inst/gen_axilite.gen_b2s_conv.axilite_b2s/SI_REG/aw.aw_pipe/axaddr_incr_reg[7]_i_2/CO[3]
                         net (fo=1, routed)           0.000     7.618    p10_ps_system_i/gp0_interconnect/s00_couplers/auto_pc/inst/gen_axilite.gen_b2s_conv.axilite_b2s/SI_REG/aw.aw_pipe/axaddr_incr_reg[7]_i_2_n_0
    SLICE_X31Y102        CARRY4 (Prop_carry4_CI_O[1])
                                                      0.265     7.883 r  p10_ps_system_i/gp0_interconnect/s00_couplers/auto_pc/inst/gen_axilite.gen_b2s_conv.axilite_b2s/SI_REG/aw.aw_pipe/axaddr_incr_reg[11]_i_3/O[1]
                         net (fo=1, routed)           0.742     8.626    p10_ps_system_i/gp0_interconnect/s00_couplers/auto_pc/inst/gen_axilite.gen_b2s_conv.axilite_b2s/WR.aw_channel_0/cmd_translator_0/incr_cmd_0/axaddr_incr[9]
    SLICE_X33Y102        LUT3 (Prop_lut3_I0_O)        0.264     8.890 r  p10_ps_system_i/gp0_interconnect/s00_couplers/auto_pc/inst/gen_axilite.gen_b2s_conv.axilite_b2s/WR.aw_channel_0/cmd_translator_0/incr_cmd_0/axaddr_incr[9]_i_1/O
                         net (fo=1, routed)           0.000     8.890    p10_ps_system_i/gp0_interconnect/s00_couplers/auto_pc/inst/gen_axilite.gen_b2s_conv.axilite_b2s/WR.aw_channel_0/cmd_translator_0/incr_cmd_0/p_1_in[9]
    SLICE_X33Y102        FDRE                                         r  p10_ps_system_i/gp0_interconnect/s00_couplers/auto_pc/inst/gen_axilite.gen_b2s_conv.axilite_b2s/WR.aw_channel_0/cmd_translator_0/incr_cmd_0/axaddr_incr_reg[9]/D
  -------------------------------------------------------------------    -------------------

                         (clock clk_fpga_2 rise edge)
                                                     20.000    20.000 r  
    PS7_X0Y0             PS7                          0.000    20.000 r  p10_ps_system_i/processing_system7_0/inst/PS7_i/FCLKCLK[2]
                         net (fo=1, routed)           0.905    20.906    p10_ps_system_i/processing_system7_0/inst/FCLK_CLK_unbuffered[2]
    BUFGCTRL_X0Y17       BUFG (Prop_bufg_I_O)         0.077    20.983 r  p10_ps_system_i/processing_system7_0/inst/buffer_fclk_clk_2.FCLK_CLK_2_BUFG/O
                         net (fo=1157, routed)        1.391    22.373    p10_ps_system_i/gp0_interconnect/s00_couplers/auto_pc/inst/gen_axilite.gen_b2s_conv.axilite_b2s/WR.aw_channel_0/cmd_translator_0/incr_cmd_0/aclk
    SLICE_X33Y102        FDRE                                         r  p10_ps_system_i/gp0_interconnect/s00_couplers/auto_pc/inst/gen_axilite.gen_b2s_conv.axilite_b2s/WR.aw_channel_0/cmd_translator_0/incr_cmd_0/axaddr_incr_reg[9]/C
                         clock pessimism              0.208    22.581    
                         clock uncertainty           -0.302    22.279    
    SLICE_X33Y102        FDRE (Setup_fdre_C_D)        0.069    22.348    p10_ps_system_i/gp0_interconnect/s00_couplers/auto_pc/inst/gen_axilite.gen_b2s_conv.axilite_b2s/WR.aw_channel_0/cmd_translator_0/incr_cmd_0/axaddr_incr_reg[9]
  -------------------------------------------------------------------
                         required time                         22.348    
                         arrival time                          -8.890    
  -------------------------------------------------------------------
                         slack                                 13.458    





Min Delay Paths
--------------------------------------------------------------------------------------
Slack (MET) :             0.065ns  (arrival time - required time)
  Source:                 p10_ps_system_i/axi_dma_0/U0/I_AXI_DMA_REG_MODULE/GEN_AXI_LITE_IF.AXI_LITE_IF_I/GEN_ASYNC_READ.REG_DATA2LITE_CLOCK/GENERATE_LEVEL_P_S_CDC.MULTI_BIT.FOR_CROSS_PLEVEL_IN2SCNDRY_bus_d4[24].CROSS2_PLEVEL_IN2SCNDRY_s_level_out_bus_d4/C
                            (rising edge-triggered cell FDRE clocked by clk_fpga_2  {rise@0.000ns fall@10.000ns period=20.000ns})
  Destination:            p10_ps_system_i/axi_dma_0/U0/I_AXI_DMA_REG_MODULE/GEN_AXI_LITE_IF.AXI_LITE_IF_I/GEN_ASYNC_READ.s_axi_lite_rdata_reg[24]/D
                            (rising edge-triggered cell FDRE clocked by clk_fpga_2  {rise@0.000ns fall@10.000ns period=20.000ns})
  Path Group:             clk_fpga_2
  Path Type:              Hold (Min at Fast Process Corner)
  Requirement:            0.000ns  (clk_fpga_2 rise@0.000ns - clk_fpga_2 rise@0.000ns)
  Data Path Delay:        0.335ns  (logic 0.148ns (44.120%)  route 0.187ns (55.880%))
  Logic Levels:           0  
  Clock Path Skew:        0.254ns (DCD - SCD - CPR)
    Destination Clock Delay (DCD):    1.210ns
    Source Clock Delay      (SCD):    0.926ns
    Clock Pessimism Removal (CPR):    0.030ns

    Location             Delay type                Incr(ns)  Path(ns)    Netlist Resource(s)
  -------------------------------------------------------------------    -------------------
                         (clock clk_fpga_2 rise edge)
                                                      0.000     0.000 r  
    PS7_X0Y0             PS7                          0.000     0.000 r  p10_ps_system_i/processing_system7_0/inst/PS7_i/FCLKCLK[2]
                         net (fo=1, routed)           0.310     0.310    p10_ps_system_i/processing_system7_0/inst/FCLK_CLK_unbuffered[2]
    BUFGCTRL_X0Y17       BUFG (Prop_bufg_I_O)         0.026     0.336 r  p10_ps_system_i/processing_system7_0/inst/buffer_fclk_clk_2.FCLK_CLK_2_BUFG/O
                         net (fo=1157, routed)        0.590     0.926    p10_ps_system_i/axi_dma_0/U0/I_AXI_DMA_REG_MODULE/GEN_AXI_LITE_IF.AXI_LITE_IF_I/GEN_ASYNC_READ.REG_DATA2LITE_CLOCK/s_axi_lite_aclk
    SLICE_X30Y46         FDRE                                         r  p10_ps_system_i/axi_dma_0/U0/I_AXI_DMA_REG_MODULE/GEN_AXI_LITE_IF.AXI_LITE_IF_I/GEN_ASYNC_READ.REG_DATA2LITE_CLOCK/GENERATE_LEVEL_P_S_CDC.MULTI_BIT.FOR_CROSS_PLEVEL_IN2SCNDRY_bus_d4[24].CROSS2_PLEVEL_IN2SCNDRY_s_level_out_bus_d4/C
  -------------------------------------------------------------------    -------------------
    SLICE_X30Y46         FDRE (Prop_fdre_C_Q)         0.148     1.074 r  p10_ps_system_i/axi_dma_0/U0/I_AXI_DMA_REG_MODULE/GEN_AXI_LITE_IF.AXI_LITE_IF_I/GEN_ASYNC_READ.REG_DATA2LITE_CLOCK/GENERATE_LEVEL_P_S_CDC.MULTI_BIT.FOR_CROSS_PLEVEL_IN2SCNDRY_bus_d4[24].CROSS2_PLEVEL_IN2SCNDRY_s_level_out_bus_d4/Q
                         net (fo=1, routed)           0.187     1.261    p10_ps_system_i/axi_dma_0/U0/I_AXI_DMA_REG_MODULE/GEN_AXI_LITE_IF.AXI_LITE_IF_I/GEN_ASYNC_READ.lite_rdata_d2[24]
    SLICE_X29Y53         FDRE                                         r  p10_ps_system_i/axi_dma_0/U0/I_AXI_DMA_REG_MODULE/GEN_AXI_LITE_IF.AXI_LITE_IF_I/GEN_ASYNC_READ.s_axi_lite_rdata_reg[24]/D
  -------------------------------------------------------------------    -------------------

                         (clock clk_fpga_2 rise edge)
                                                      0.000     0.000 r  
    PS7_X0Y0             PS7                          0.000     0.000 r  p10_ps_system_i/processing_system7_0/inst/PS7_i/FCLKCLK[2]
                         net (fo=1, routed)           0.337     0.337    p10_ps_system_i/processing_system7_0/inst/FCLK_CLK_unbuffered[2]
    BUFGCTRL_X0Y17       BUFG (Prop_bufg_I_O)         0.029     0.366 r  p10_ps_system_i/processing_system7_0/inst/buffer_fclk_clk_2.FCLK_CLK_2_BUFG/O
                         net (fo=1157, routed)        0.844     1.210    p10_ps_system_i/axi_dma_0/U0/I_AXI_DMA_REG_MODULE/GEN_AXI_LITE_IF.AXI_LITE_IF_I/s_axi_lite_aclk
    SLICE_X29Y53         FDRE                                         r  p10_ps_system_i/axi_dma_0/U0/I_AXI_DMA_REG_MODULE/GEN_AXI_LITE_IF.AXI_LITE_IF_I/GEN_ASYNC_READ.s_axi_lite_rdata_reg[24]/C
                         clock pessimism             -0.030     1.180    
    SLICE_X29Y53         FDRE (Hold_fdre_C_D)         0.016     1.196    p10_ps_system_i/axi_dma_0/U0/I_AXI_DMA_REG_MODULE/GEN_AXI_LITE_IF.AXI_LITE_IF_I/GEN_ASYNC_READ.s_axi_lite_rdata_reg[24]
  -------------------------------------------------------------------
                         required time                         -1.196    
                         arrival time                           1.261    
  -------------------------------------------------------------------
                         slack                                  0.065    





Pulse Width Checks
--------------------------------------------------------------------------------------
Clock Name:         clk_fpga_2
Waveform(ns):       { 0.000 10.000 }
Period(ns):         20.000
Sources:            { p10_ps_system_i/processing_system7_0/inst/PS7_i/FCLKCLK[2] }

Check Type        Corner  Lib Pin      Reference Pin  Required(ns)  Actual(ns)  Slack(ns)  Location        Pin
Min Period        n/a     BUFG/I       n/a            1.592         20.000      18.408     BUFGCTRL_X0Y17  p10_ps_system_i/processing_system7_0/inst/buffer_fclk_clk_2.FCLK_CLK_2_BUFG/I
Low Pulse Width   Slow    SRLC32E/CLK  n/a            0.854         10.000      9.146      SLICE_X26Y89    p10_ps_system_i/gp0_interconnect/s00_couplers/auto_pc/inst/gen_axilite.gen_b2s_conv.axilite_b2s/RD.r_channel_0/rd_data_fifo_0/memory_reg[31][0]_srl32/CLK
High Pulse Width  Slow    SRLC32E/CLK  n/a            0.854         10.000      9.146      SLICE_X26Y89    p10_ps_system_i/gp0_interconnect/s00_couplers/auto_pc/inst/gen_axilite.gen_b2s_conv.axilite_b2s/RD.r_channel_0/rd_data_fifo_0/memory_reg[31][0]_srl32/CLK



---------------------------------------------------------------------------------------------------
From Clock:  clk_fpga_1
  To Clock:  clk_fpga_0

Setup :            0  Failing Endpoints,  Worst Slack        8.954ns,  Total Violation        0.000ns
Hold  :           NA  Failing Endpoints,  Worst Slack           NA  ,  Total Violation           NA
---------------------------------------------------------------------------------------------------


Max Delay Paths
--------------------------------------------------------------------------------------
Slack (MET) :             8.954ns  (required time - arrival time)
  Source:                 p10_ps_system_i/s2mm_axis_clock_converter/inst/gen_async_conv.axisc_async_clock_converter_0/xpm_fifo_async_inst/gnuram_async_fifo.xpm_fifo_base_inst/gen_cdc_pntr.rd_pntr_cdc_inst/src_gray_ff_reg[1]/C
                            (rising edge-triggered cell FDRE clocked by clk_fpga_1  {rise@0.000ns fall@5.000ns period=10.000ns})
  Destination:            p10_ps_system_i/s2mm_axis_clock_converter/inst/gen_async_conv.axisc_async_clock_converter_0/xpm_fifo_async_inst/gnuram_async_fifo.xpm_fifo_base_inst/gen_cdc_pntr.rd_pntr_cdc_inst/dest_graysync_ff_reg[0][1]/D
                            (rising edge-triggered cell FDRE clocked by clk_fpga_0  {rise@0.000ns fall@7.813ns period=15.625ns})
  Path Group:             clk_fpga_0
  Path Type:              Setup (Max at Slow Process Corner)
  Requirement:            10.000ns  (MaxDelay Path 10.000ns)
  Data Path Delay:        0.836ns  (logic 0.348ns (41.611%)  route 0.488ns (58.389%))
  Logic Levels:           0  
  Timing Exception:       MaxDelay Path 10.000ns -datapath_only

    Location             Delay type                Incr(ns)  Path(ns)    Netlist Resource(s)
  -------------------------------------------------------------------    -------------------
    SLICE_X70Y23                                      0.000     0.000 r  p10_ps_system_i/s2mm_axis_clock_converter/inst/gen_async_conv.axisc_async_clock_converter_0/xpm_fifo_async_inst/gnuram_async_fifo.xpm_fifo_base_inst/gen_cdc_pntr.rd_pntr_cdc_inst/src_gray_ff_reg[1]/C
    SLICE_X70Y23         FDRE (Prop_fdre_C_Q)         0.348     0.348 r  p10_ps_system_i/s2mm_axis_clock_converter/inst/gen_async_conv.axisc_async_clock_converter_0/xpm_fifo_async_inst/gnuram_async_fifo.xpm_fifo_base_inst/gen_cdc_pntr.rd_pntr_cdc_inst/src_gray_ff_reg[1]/Q
                         net (fo=1, routed)           0.488     0.836    p10_ps_system_i/s2mm_axis_clock_converter/inst/gen_async_conv.axisc_async_clock_converter_0/xpm_fifo_async_inst/gnuram_async_fifo.xpm_fifo_base_inst/gen_cdc_pntr.rd_pntr_cdc_inst/async_path[1]
    SLICE_X70Y24         FDRE                                         r  p10_ps_system_i/s2mm_axis_clock_converter/inst/gen_async_conv.axisc_async_clock_converter_0/xpm_fifo_async_inst/gnuram_async_fifo.xpm_fifo_base_inst/gen_cdc_pntr.rd_pntr_cdc_inst/dest_graysync_ff_reg[0][1]/D
  -------------------------------------------------------------------    -------------------

                         max delay                   10.000    10.000    
    SLICE_X70Y24         FDRE (Setup_fdre_C_D)       -0.210     9.790    p10_ps_system_i/s2mm_axis_clock_converter/inst/gen_async_conv.axisc_async_clock_converter_0/xpm_fifo_async_inst/gnuram_async_fifo.xpm_fifo_base_inst/gen_cdc_pntr.rd_pntr_cdc_inst/dest_graysync_ff_reg[0][1]
  -------------------------------------------------------------------
                         required time                          9.790    
                         arrival time                          -0.836    
  -------------------------------------------------------------------
                         slack                                  8.954    





---------------------------------------------------------------------------------------------------
From Clock:  clk_fpga_2
  To Clock:  clk_fpga_0

Setup :            0  Failing Endpoints,  Worst Slack       45.303ns,  Total Violation        0.000ns
Hold  :           NA  Failing Endpoints,  Worst Slack           NA  ,  Total Violation           NA
---------------------------------------------------------------------------------------------------


Max Delay Paths
--------------------------------------------------------------------------------------
Slack (MET) :             45.303ns  (required time - arrival time)
  Source:                 p10_ps_system_i/p10_axil_clock_converter/inst/gen_clock_conv.gen_async_lite_conv.clock_conv_lite_fwd_w/handshake/src_hsdata_ff_reg[27]/C
                            (rising edge-triggered cell FDRE clocked by clk_fpga_2  {rise@0.000ns fall@10.000ns period=20.000ns})
  Destination:            p10_ps_system_i/p10_axil_clock_converter/inst/gen_clock_conv.gen_async_lite_conv.clock_conv_lite_fwd_w/handshake/dest_hsdata_ff_reg[27]/D
                            (rising edge-triggered cell FDRE clocked by clk_fpga_0  {rise@0.000ns fall@7.813ns period=15.625ns})
  Path Group:             clk_fpga_0
  Path Type:              Setup (Max at Slow Process Corner)
  Requirement:            46.875ns  (MaxDelay Path 46.875ns)
  Data Path Delay:        1.357ns  (logic 0.348ns (25.639%)  route 1.009ns (74.361%))
  Logic Levels:           0  
  Timing Exception:       MaxDelay Path 46.875ns -datapath_only

    Location             Delay type                Incr(ns)  Path(ns)    Netlist Resource(s)
  -------------------------------------------------------------------    -------------------
    SLICE_X29Y84                                      0.000     0.000 r  p10_ps_system_i/p10_axil_clock_converter/inst/gen_clock_conv.gen_async_lite_conv.clock_conv_lite_fwd_w/handshake/src_hsdata_ff_reg[27]/C
    SLICE_X29Y84         FDRE (Prop_fdre_C_Q)         0.348     0.348 r  p10_ps_system_i/p10_axil_clock_converter/inst/gen_clock_conv.gen_async_lite_conv.clock_conv_lite_fwd_w/handshake/src_hsdata_ff_reg[27]/Q
                         net (fo=1, routed)           1.009     1.357    p10_ps_system_i/p10_axil_clock_converter/inst/gen_clock_conv.gen_async_lite_conv.clock_conv_lite_fwd_w/handshake/src_hsdata_ff[27]
    SLICE_X39Y84         FDRE                                         r  p10_ps_system_i/p10_axil_clock_converter/inst/gen_clock_conv.gen_async_lite_conv.clock_conv_lite_fwd_w/handshake/dest_hsdata_ff_reg[27]/D
  -------------------------------------------------------------------    -------------------

                         max delay                   46.875    46.875    
    SLICE_X39Y84         FDRE (Setup_fdre_C_D)       -0.215    46.660    p10_ps_system_i/p10_axil_clock_converter/inst/gen_clock_conv.gen_async_lite_conv.clock_conv_lite_fwd_w/handshake/dest_hsdata_ff_reg[27]
  -------------------------------------------------------------------
                         required time                         46.660    
                         arrival time                          -1.357    
  -------------------------------------------------------------------
                         slack                                 45.303    





---------------------------------------------------------------------------------------------------
From Clock:  clk_fpga_0
  To Clock:  clk_fpga_1

Setup :            0  Failing Endpoints,  Worst Slack       14.567ns,  Total Violation        0.000ns
Hold  :           NA  Failing Endpoints,  Worst Slack           NA  ,  Total Violation           NA
---------------------------------------------------------------------------------------------------


Max Delay Paths
--------------------------------------------------------------------------------------
Slack (MET) :             14.567ns  (required time - arrival time)
  Source:                 p10_ps_system_i/mm2s_axis_clock_converter/inst/gen_async_conv.axisc_async_clock_converter_0/xpm_fifo_async_inst/gnuram_async_fifo.xpm_fifo_base_inst/gen_cdc_pntr.rd_pntr_cdc_inst/src_gray_ff_reg[3]/C
                            (rising edge-triggered cell FDRE clocked by clk_fpga_0  {rise@0.000ns fall@7.813ns period=15.625ns})
  Destination:            p10_ps_system_i/mm2s_axis_clock_converter/inst/gen_async_conv.axisc_async_clock_converter_0/xpm_fifo_async_inst/gnuram_async_fifo.xpm_fifo_base_inst/gen_cdc_pntr.rd_pntr_cdc_inst/dest_graysync_ff_reg[0][3]/D
                            (rising edge-triggered cell FDRE clocked by clk_fpga_1  {rise@0.000ns fall@5.000ns period=10.000ns})
  Path Group:             clk_fpga_1
  Path Type:              Setup (Max at Slow Process Corner)
  Requirement:            15.625ns  (MaxDelay Path 15.625ns)
  Data Path Delay:        0.852ns  (logic 0.348ns (40.839%)  route 0.504ns (59.161%))
  Logic Levels:           0  
  Timing Exception:       MaxDelay Path 15.625ns -datapath_only

    Location             Delay type                Incr(ns)  Path(ns)    Netlist Resource(s)
  -------------------------------------------------------------------    -------------------
    SLICE_X60Y28                                      0.000     0.000 r  p10_ps_system_i/mm2s_axis_clock_converter/inst/gen_async_conv.axisc_async_clock_converter_0/xpm_fifo_async_inst/gnuram_async_fifo.xpm_fifo_base_inst/gen_cdc_pntr.rd_pntr_cdc_inst/src_gray_ff_reg[3]/C
    SLICE_X60Y28         FDRE (Prop_fdre_C_Q)         0.348     0.348 r  p10_ps_system_i/mm2s_axis_clock_converter/inst/gen_async_conv.axisc_async_clock_converter_0/xpm_fifo_async_inst/gnuram_async_fifo.xpm_fifo_base_inst/gen_cdc_pntr.rd_pntr_cdc_inst/src_gray_ff_reg[3]/Q
                         net (fo=1, routed)           0.504     0.852    p10_ps_system_i/mm2s_axis_clock_converter/inst/gen_async_conv.axisc_async_clock_converter_0/xpm_fifo_async_inst/gnuram_async_fifo.xpm_fifo_base_inst/gen_cdc_pntr.rd_pntr_cdc_inst/async_path[3]
    SLICE_X60Y27         FDRE                                         r  p10_ps_system_i/mm2s_axis_clock_converter/inst/gen_async_conv.axisc_async_clock_converter_0/xpm_fifo_async_inst/gnuram_async_fifo.xpm_fifo_base_inst/gen_cdc_pntr.rd_pntr_cdc_inst/dest_graysync_ff_reg[0][3]/D
  -------------------------------------------------------------------    -------------------

                         max delay                   15.625    15.625    
    SLICE_X60Y27         FDRE (Setup_fdre_C_D)       -0.206    15.419    p10_ps_system_i/mm2s_axis_clock_converter/inst/gen_async_conv.axisc_async_clock_converter_0/xpm_fifo_async_inst/gnuram_async_fifo.xpm_fifo_base_inst/gen_cdc_pntr.rd_pntr_cdc_inst/dest_graysync_ff_reg[0][3]
  -------------------------------------------------------------------
                         required time                         15.419    
                         arrival time                          -0.852    
  -------------------------------------------------------------------
                         slack                                 14.567    





---------------------------------------------------------------------------------------------------
From Clock:  clk_fpga_0
  To Clock:  clk_fpga_2

Setup :            0  Failing Endpoints,  Worst Slack       58.514ns,  Total Violation        0.000ns
Hold  :           NA  Failing Endpoints,  Worst Slack           NA  ,  Total Violation           NA
---------------------------------------------------------------------------------------------------


Max Delay Paths
--------------------------------------------------------------------------------------
Slack (MET) :             58.514ns  (required time - arrival time)
  Source:                 p10_ps_system_i/p10_axil_clock_converter/inst/gen_clock_conv.gen_async_lite_conv.clock_conv_lite_resp_r/handshake/src_hsdata_ff_reg[12]/C
                            (rising edge-triggered cell FDRE clocked by clk_fpga_0  {rise@0.000ns fall@7.813ns period=15.625ns})
  Destination:            p10_ps_system_i/p10_axil_clock_converter/inst/gen_clock_conv.gen_async_lite_conv.clock_conv_lite_resp_r/handshake/dest_hsdata_ff_reg[12]/D
                            (rising edge-triggered cell FDRE clocked by clk_fpga_2  {rise@0.000ns fall@10.000ns period=20.000ns})
  Path Group:             clk_fpga_2
  Path Type:              Setup (Max at Slow Process Corner)
  Requirement:            60.000ns  (MaxDelay Path 60.000ns)
  Data Path Delay:        1.459ns  (logic 0.433ns (29.687%)  route 1.026ns (70.313%))
  Logic Levels:           0  
  Timing Exception:       MaxDelay Path 60.000ns -datapath_only

    Location             Delay type                Incr(ns)  Path(ns)    Netlist Resource(s)
  -------------------------------------------------------------------    -------------------
    SLICE_X38Y68                                      0.000     0.000 r  p10_ps_system_i/p10_axil_clock_converter/inst/gen_clock_conv.gen_async_lite_conv.clock_conv_lite_resp_r/handshake/src_hsdata_ff_reg[12]/C
    SLICE_X38Y68         FDRE (Prop_fdre_C_Q)         0.433     0.433 r  p10_ps_system_i/p10_axil_clock_converter/inst/gen_clock_conv.gen_async_lite_conv.clock_conv_lite_resp_r/handshake/src_hsdata_ff_reg[12]/Q
                         net (fo=1, routed)           1.026     1.459    p10_ps_system_i/p10_axil_clock_converter/inst/gen_clock_conv.gen_async_lite_conv.clock_conv_lite_resp_r/handshake/src_hsdata_ff[12]
    SLICE_X30Y69         FDRE                                         r  p10_ps_system_i/p10_axil_clock_converter/inst/gen_clock_conv.gen_async_lite_conv.clock_conv_lite_resp_r/handshake/dest_hsdata_ff_reg[12]/D
  -------------------------------------------------------------------    -------------------

                         max delay                   60.000    60.000    
    SLICE_X30Y69         FDRE (Setup_fdre_C_D)       -0.027    59.973    p10_ps_system_i/p10_axil_clock_converter/inst/gen_clock_conv.gen_async_lite_conv.clock_conv_lite_resp_r/handshake/dest_hsdata_ff_reg[12]
  -------------------------------------------------------------------
                         required time                         59.973    
                         arrival time                          -1.459    
  -------------------------------------------------------------------
                         slack                                 58.514    





---------------------------------------------------------------------------------------------------
Path Group:  **async_default**
From Clock:  clk_fpga_0
  To Clock:  clk_fpga_0

Setup :            0  Failing Endpoints,  Worst Slack        3.614ns,  Total Violation        0.000ns
Hold  :            0  Failing Endpoints,  Worst Slack        0.981ns,  Total Violation        0.000ns
---------------------------------------------------------------------------------------------------


Max Delay Paths
--------------------------------------------------------------------------------------
Slack (MET) :             3.614ns  (required time - arrival time)
  Source:                 p10_ps_system_i/p10_endpoint_0/inst/impl/transport_resetn_q_reg/C
                            (rising edge-triggered cell FDRE clocked by clk_fpga_0  {rise@0.000ns fall@7.813ns period=15.625ns})
  Destination:            p10_ps_system_i/p10_endpoint_0/inst/impl/u_transport/g_receive[0].u_echo_shadow_codec/u_rx_4mbps/rx_capture_reg[1]/CLR
                            (recovery check against rising-edge clock clk_fpga_0  {rise@0.000ns fall@7.813ns period=15.625ns})
  Path Group:             **async_default**
  Path Type:              Recovery (Max at Slow Process Corner)
  Requirement:            15.625ns  (clk_fpga_0 rise@15.625ns - clk_fpga_0 rise@0.000ns)
  Data Path Delay:        11.414ns  (logic 0.484ns (4.240%)  route 10.930ns (95.760%))
  Logic Levels:           1  (LUT1=1)
  Clock Path Skew:        -0.029ns (DCD - SCD + CPR)
    Destination Clock Delay (DCD):    2.414ns = ( 18.039 - 15.625 ) 
    Source Clock Delay      (SCD):    2.540ns
    Clock Pessimism Removal (CPR):    0.097ns
  Clock Uncertainty:      0.237ns  ((TSJ^2 + TIJ^2)^1/2 + DJ) / 2 + PE
    Total System Jitter     (TSJ):    0.071ns
    Total Input Jitter      (TIJ):    0.469ns
    Discrete Jitter          (DJ):    0.000ns
    Phase Error              (PE):    0.000ns

    Location             Delay type                Incr(ns)  Path(ns)    Netlist Resource(s)
  -------------------------------------------------------------------    -------------------
                         (clock clk_fpga_0 rise edge)
                                                      0.000     0.000 r  
    PS7_X0Y0             PS7                          0.000     0.000 r  p10_ps_system_i/processing_system7_0/inst/PS7_i/FCLKCLK[0]
                         net (fo=1, routed)           0.994     0.994    p10_ps_system_i/processing_system7_0/inst/FCLK_CLK_unbuffered[0]
    BUFGCTRL_X0Y18       BUFG (Prop_bufg_I_O)         0.085     1.079 r  p10_ps_system_i/processing_system7_0/inst/buffer_fclk_clk_0.FCLK_CLK_0_BUFG/O
                         net (fo=14141, routed)       1.461     2.540    p10_ps_system_i/p10_endpoint_0/inst/impl/s_axi_aclk
    SLICE_X59Y48         FDRE                                         r  p10_ps_system_i/p10_endpoint_0/inst/impl/transport_resetn_q_reg/C
  -------------------------------------------------------------------    -------------------
    SLICE_X59Y48         FDRE (Prop_fdre_C_Q)         0.379     2.919 r  p10_ps_system_i/p10_endpoint_0/inst/impl/transport_resetn_q_reg/Q
                         net (fo=71, routed)          3.086     6.005    p10_ps_system_i/p10_endpoint_0/inst/impl/u_transport/u_data_plane/u_tx_window/transport_resetn_q
    SLICE_X94Y13         LUT1 (Prop_lut1_I0_O)        0.105     6.110 f  p10_ps_system_i/p10_endpoint_0/inst/impl/u_transport/u_data_plane/u_tx_window/out_pack_data_q[31]_i_1/O
                         net (fo=7343, routed)        7.843    13.954    p10_ps_system_i/p10_endpoint_0/inst/impl/u_transport/g_receive[0].u_echo_shadow_codec/u_rx_4mbps/clear
    SLICE_X55Y116        FDCE                                         f  p10_ps_system_i/p10_endpoint_0/inst/impl/u_transport/g_receive[0].u_echo_shadow_codec/u_rx_4mbps/rx_capture_reg[1]/CLR
  -------------------------------------------------------------------    -------------------

                         (clock clk_fpga_0 rise edge)
                                                     15.625    15.625 r  
    PS7_X0Y0             PS7                          0.000    15.625 r  p10_ps_system_i/processing_system7_0/inst/PS7_i/FCLKCLK[0]
                         net (fo=1, routed)           0.905    16.531    p10_ps_system_i/processing_system7_0/inst/FCLK_CLK_unbuffered[0]
    BUFGCTRL_X0Y18       BUFG (Prop_bufg_I_O)         0.077    16.608 r  p10_ps_system_i/processing_system7_0/inst/buffer_fclk_clk_0.FCLK_CLK_0_BUFG/O
                         net (fo=14141, routed)       1.432    18.039    p10_ps_system_i/p10_endpoint_0/inst/impl/u_transport/g_receive[0].u_echo_shadow_codec/u_rx_4mbps/s_axi_aclk
    SLICE_X55Y116        FDCE                                         r  p10_ps_system_i/p10_endpoint_0/inst/impl/u_transport/g_receive[0].u_echo_shadow_codec/u_rx_4mbps/rx_capture_reg[1]/C
                         clock pessimism              0.097    18.136    
                         clock uncertainty           -0.237    17.899    
    SLICE_X55Y116        FDCE (Recov_fdce_C_CLR)     -0.331    17.568    p10_ps_system_i/p10_endpoint_0/inst/impl/u_transport/g_receive[0].u_echo_shadow_codec/u_rx_4mbps/rx_capture_reg[1]
  -------------------------------------------------------------------
                         required time                         17.568    
                         arrival time                         -13.954    
  -------------------------------------------------------------------
                         slack                                  3.614    





Min Delay Paths
--------------------------------------------------------------------------------------
Slack (MET) :             0.981ns  (arrival time - required time)
  Source:                 p10_ps_system_i/rst_protocol_64/U0/ACTIVE_LOW_PR_OUT_DFF[0].FDRE_PER_N/C
                            (rising edge-triggered cell FDRE clocked by clk_fpga_0  {rise@0.000ns fall@7.813ns period=15.625ns})
  Destination:            p10_ps_system_i/p10_endpoint_0/inst/impl/u_axi_lite/wstrb_hold_reg[3]/CLR
                            (removal check against rising-edge clock clk_fpga_0  {rise@0.000ns fall@7.813ns period=15.625ns})
  Path Group:             **async_default**
  Path Type:              Removal (Min at Fast Process Corner)
  Requirement:            0.000ns  (clk_fpga_0 rise@0.000ns - clk_fpga_0 rise@0.000ns)
  Data Path Delay:        0.923ns  (logic 0.186ns (20.153%)  route 0.737ns (79.847%))
  Logic Levels:           1  (LUT1=1)
  Clock Path Skew:        0.034ns (DCD - SCD - CPR)
    Destination Clock Delay (DCD):    1.191ns
    Source Clock Delay      (SCD):    0.893ns
    Clock Pessimism Removal (CPR):    0.264ns

    Location             Delay type                Incr(ns)  Path(ns)    Netlist Resource(s)
  -------------------------------------------------------------------    -------------------
                         (clock clk_fpga_0 rise edge)
                                                      0.000     0.000 r  
    PS7_X0Y0             PS7                          0.000     0.000 r  p10_ps_system_i/processing_system7_0/inst/PS7_i/FCLKCLK[0]
                         net (fo=1, routed)           0.310     0.310    p10_ps_system_i/processing_system7_0/inst/FCLK_CLK_unbuffered[0]
    BUFGCTRL_X0Y18       BUFG (Prop_bufg_I_O)         0.026     0.336 r  p10_ps_system_i/processing_system7_0/inst/buffer_fclk_clk_0.FCLK_CLK_0_BUFG/O
                         net (fo=14141, routed)       0.557     0.893    p10_ps_system_i/rst_protocol_64/U0/slowest_sync_clk
    SLICE_X45Y98         FDRE                                         r  p10_ps_system_i/rst_protocol_64/U0/ACTIVE_LOW_PR_OUT_DFF[0].FDRE_PER_N/C
  -------------------------------------------------------------------    -------------------
    SLICE_X45Y98         FDRE (Prop_fdre_C_Q)         0.141     1.034 r  p10_ps_system_i/rst_protocol_64/U0/ACTIVE_LOW_PR_OUT_DFF[0].FDRE_PER_N/Q
                         net (fo=20, routed)          0.441     1.474    p10_ps_system_i/p10_endpoint_0/inst/impl/u_p10_1_perf_monitor/u_timer/s_axi_aresetn
    SLICE_X37Y95         LUT1 (Prop_lut1_I0_O)        0.045     1.519 f  p10_ps_system_i/p10_endpoint_0/inst/impl/u_p10_1_perf_monitor/u_timer/s_axi_bresp[1]_i_3/O
                         net (fo=2575, routed)        0.296     1.816    p10_ps_system_i/p10_endpoint_0/inst/impl/u_axi_lite/reg_rd_addr_reg[2]_rep__9_1
    SLICE_X41Y97         FDCE                                         f  p10_ps_system_i/p10_endpoint_0/inst/impl/u_axi_lite/wstrb_hold_reg[3]/CLR
  -------------------------------------------------------------------    -------------------

                         (clock clk_fpga_0 rise edge)
                                                      0.000     0.000 r  
    PS7_X0Y0             PS7                          0.000     0.000 r  p10_ps_system_i/processing_system7_0/inst/PS7_i/FCLKCLK[0]
                         net (fo=1, routed)           0.337     0.337    p10_ps_system_i/processing_system7_0/inst/FCLK_CLK_unbuffered[0]
    BUFGCTRL_X0Y18       BUFG (Prop_bufg_I_O)         0.029     0.366 r  p10_ps_system_i/processing_system7_0/inst/buffer_fclk_clk_0.FCLK_CLK_0_BUFG/O
                         net (fo=14141, routed)       0.825     1.191    p10_ps_system_i/p10_endpoint_0/inst/impl/u_axi_lite/s_axi_aclk
    SLICE_X41Y97         FDCE                                         r  p10_ps_system_i/p10_endpoint_0/inst/impl/u_axi_lite/wstrb_hold_reg[3]/C
                         clock pessimism             -0.264     0.927    
    SLICE_X41Y97         FDCE (Remov_fdce_C_CLR)     -0.092     0.835    p10_ps_system_i/p10_endpoint_0/inst/impl/u_axi_lite/wstrb_hold_reg[3]
  -------------------------------------------------------------------
                         required time                         -0.835    
                         arrival time                           1.816    
  -------------------------------------------------------------------
                         slack                                  0.981    





---------------------------------------------------------------------------------------------------
Path Group:  **async_default**
From Clock:  clk_fpga_1
  To Clock:  clk_fpga_1

Setup :            0  Failing Endpoints,  Worst Slack        7.168ns,  Total Violation        0.000ns
Hold  :            0  Failing Endpoints,  Worst Slack        0.554ns,  Total Violation        0.000ns
---------------------------------------------------------------------------------------------------


Max Delay Paths
--------------------------------------------------------------------------------------
Slack (MET) :             7.168ns  (required time - arrival time)
  Source:                 p10_ps_system_i/hp0_interconnect/m00_couplers/auto_pc/inst/gen_axi4_axi3.axi3_conv_inst/USE_READ.USE_SPLIT_R.read_addr_inst/USE_R_CHANNEL.cmd_queue/inst/fifo_gen_inst/inst_fifo_gen/gconvfifo.rf/grf.rf/rstblk/ngwrdrst.grst.g7serrst.gnsckt_wrst.rst_wr_reg2_inst/arststages_ff_reg[1]/C
                            (rising edge-triggered cell FDPE clocked by clk_fpga_1  {rise@0.000ns fall@5.000ns period=10.000ns})
  Destination:            p10_ps_system_i/hp0_interconnect/m00_couplers/auto_pc/inst/gen_axi4_axi3.axi3_conv_inst/USE_READ.USE_SPLIT_R.read_addr_inst/USE_R_CHANNEL.cmd_queue/inst/fifo_gen_inst/inst_fifo_gen/gconvfifo.rf/grf.rf/gntv_or_sync_fifo.gl0.rd/gr1.gr1_int.rfwft/gpregsm1.curr_fwft_state_reg[0]/CLR
                            (recovery check against rising-edge clock clk_fpga_1  {rise@0.000ns fall@5.000ns period=10.000ns})
  Path Group:             **async_default**
  Path Type:              Recovery (Max at Slow Process Corner)
  Requirement:            10.000ns  (clk_fpga_1 rise@10.000ns - clk_fpga_1 rise@0.000ns)
  Data Path Delay:        2.218ns  (logic 0.590ns (26.595%)  route 1.628ns (73.405%))
  Logic Levels:           1  (LUT3=1)
  Clock Path Skew:        -0.128ns (DCD - SCD + CPR)
    Destination Clock Delay (DCD):    2.309ns = ( 12.309 - 10.000 ) 
    Source Clock Delay      (SCD):    2.630ns
    Clock Pessimism Removal (CPR):    0.193ns
  Clock Uncertainty:      0.154ns  ((TSJ^2 + TIJ^2)^1/2 + DJ) / 2 + PE
    Total System Jitter     (TSJ):    0.071ns
    Total Input Jitter      (TIJ):    0.300ns
    Discrete Jitter          (DJ):    0.000ns
    Phase Error              (PE):    0.000ns

    Location             Delay type                Incr(ns)  Path(ns)    Netlist Resource(s)
  -------------------------------------------------------------------    -------------------
                         (clock clk_fpga_1 rise edge)
                                                      0.000     0.000 r  
    PS7_X0Y0             PS7                          0.000     0.000 r  p10_ps_system_i/processing_system7_0/inst/PS7_i/FCLKCLK[1]
                         net (fo=1, routed)           0.994     0.994    p10_ps_system_i/processing_system7_0/inst/FCLK_CLK_unbuffered[1]
    BUFGCTRL_X0Y16       BUFG (Prop_bufg_I_O)         0.085     1.079 r  p10_ps_system_i/processing_system7_0/inst/buffer_fclk_clk_1.FCLK_CLK_1_BUFG/O
                         net (fo=5738, routed)        1.551     2.630    p10_ps_system_i/hp0_interconnect/m00_couplers/auto_pc/inst/gen_axi4_axi3.axi3_conv_inst/USE_READ.USE_SPLIT_R.read_addr_inst/USE_R_CHANNEL.cmd_queue/inst/fifo_gen_inst/inst_fifo_gen/gconvfifo.rf/grf.rf/rstblk/ngwrdrst.grst.g7serrst.gnsckt_wrst.rst_wr_reg2_inst/dest_clk
    SLICE_X7Y39          FDPE                                         r  p10_ps_system_i/hp0_interconnect/m00_couplers/auto_pc/inst/gen_axi4_axi3.axi3_conv_inst/USE_READ.USE_SPLIT_R.read_addr_inst/USE_R_CHANNEL.cmd_queue/inst/fifo_gen_inst/inst_fifo_gen/gconvfifo.rf/grf.rf/rstblk/ngwrdrst.grst.g7serrst.gnsckt_wrst.rst_wr_reg2_inst/arststages_ff_reg[1]/C
  -------------------------------------------------------------------    -------------------
    SLICE_X7Y39          FDPE (Prop_fdpe_C_Q)         0.348     2.978 f  p10_ps_system_i/hp0_interconnect/m00_couplers/auto_pc/inst/gen_axi4_axi3.axi3_conv_inst/USE_READ.USE_SPLIT_R.read_addr_inst/USE_R_CHANNEL.cmd_queue/inst/fifo_gen_inst/inst_fifo_gen/gconvfifo.rf/grf.rf/rstblk/ngwrdrst.grst.g7serrst.gnsckt_wrst.rst_wr_reg2_inst/arststages_ff_reg[1]/Q
                         net (fo=2, routed)           0.663     3.641    p10_ps_system_i/hp0_interconnect/m00_couplers/auto_pc/inst/gen_axi4_axi3.axi3_conv_inst/USE_READ.USE_SPLIT_R.read_addr_inst/USE_R_CHANNEL.cmd_queue/inst/fifo_gen_inst/inst_fifo_gen/gconvfifo.rf/grf.rf/rstblk/ngwrdrst.rst_wr_reg2
    SLICE_X6Y40          LUT3 (Prop_lut3_I2_O)        0.242     3.883 f  p10_ps_system_i/hp0_interconnect/m00_couplers/auto_pc/inst/gen_axi4_axi3.axi3_conv_inst/USE_READ.USE_SPLIT_R.read_addr_inst/USE_R_CHANNEL.cmd_queue/inst/fifo_gen_inst/inst_fifo_gen/gconvfifo.rf/grf.rf/rstblk/gpregsm1.curr_fwft_state[1]_i_2/O
                         net (fo=33, routed)          0.966     4.848    p10_ps_system_i/hp0_interconnect/m00_couplers/auto_pc/inst/gen_axi4_axi3.axi3_conv_inst/USE_READ.USE_SPLIT_R.read_addr_inst/USE_R_CHANNEL.cmd_queue/inst/fifo_gen_inst/inst_fifo_gen/gconvfifo.rf/grf.rf/gntv_or_sync_fifo.gl0.rd/gr1.gr1_int.rfwft/gpregsm1.user_valid_reg_0
    SLICE_X9Y41          FDCE                                         f  p10_ps_system_i/hp0_interconnect/m00_couplers/auto_pc/inst/gen_axi4_axi3.axi3_conv_inst/USE_READ.USE_SPLIT_R.read_addr_inst/USE_R_CHANNEL.cmd_queue/inst/fifo_gen_inst/inst_fifo_gen/gconvfifo.rf/grf.rf/gntv_or_sync_fifo.gl0.rd/gr1.gr1_int.rfwft/gpregsm1.curr_fwft_state_reg[0]/CLR
  -------------------------------------------------------------------    -------------------

                         (clock clk_fpga_1 rise edge)
                                                     10.000    10.000 r  
    PS7_X0Y0             PS7                          0.000    10.000 r  p10_ps_system_i/processing_system7_0/inst/PS7_i/FCLKCLK[1]
                         net (fo=1, routed)           0.905    10.906    p10_ps_system_i/processing_system7_0/inst/FCLK_CLK_unbuffered[1]
    BUFGCTRL_X0Y16       BUFG (Prop_bufg_I_O)         0.077    10.983 r  p10_ps_system_i/processing_system7_0/inst/buffer_fclk_clk_1.FCLK_CLK_1_BUFG/O
                         net (fo=5738, routed)        1.327    12.309    p10_ps_system_i/hp0_interconnect/m00_couplers/auto_pc/inst/gen_axi4_axi3.axi3_conv_inst/USE_READ.USE_SPLIT_R.read_addr_inst/USE_R_CHANNEL.cmd_queue/inst/fifo_gen_inst/inst_fifo_gen/gconvfifo.rf/grf.rf/gntv_or_sync_fifo.gl0.rd/gr1.gr1_int.rfwft/clk
    SLICE_X9Y41          FDCE                                         r  p10_ps_system_i/hp0_interconnect/m00_couplers/auto_pc/inst/gen_axi4_axi3.axi3_conv_inst/USE_READ.USE_SPLIT_R.read_addr_inst/USE_R_CHANNEL.cmd_queue/inst/fifo_gen_inst/inst_fifo_gen/gconvfifo.rf/grf.rf/gntv_or_sync_fifo.gl0.rd/gr1.gr1_int.rfwft/gpregsm1.curr_fwft_state_reg[0]/C
                         clock pessimism              0.193    12.502    
                         clock uncertainty           -0.154    12.348    
    SLICE_X9Y41          FDCE (Recov_fdce_C_CLR)     -0.331    12.017    p10_ps_system_i/hp0_interconnect/m00_couplers/auto_pc/inst/gen_axi4_axi3.axi3_conv_inst/USE_READ.USE_SPLIT_R.read_addr_inst/USE_R_CHANNEL.cmd_queue/inst/fifo_gen_inst/inst_fifo_gen/gconvfifo.rf/grf.rf/gntv_or_sync_fifo.gl0.rd/gr1.gr1_int.rfwft/gpregsm1.curr_fwft_state_reg[0]
  -------------------------------------------------------------------
                         required time                         12.017    
                         arrival time                          -4.848    
  -------------------------------------------------------------------
                         slack                                  7.168    





Min Delay Paths
--------------------------------------------------------------------------------------
Slack (MET) :             0.554ns  (arrival time - required time)
  Source:                 p10_ps_system_i/hp0_interconnect/m00_couplers/auto_pc/inst/gen_axi4_axi3.axi3_conv_inst/USE_WRITE.write_addr_inst/USE_B_CHANNEL.cmd_b_queue/inst/fifo_gen_inst/inst_fifo_gen/gconvfifo.rf/grf.rf/rstblk/ngwrdrst.grst.g7serrst.gnsckt_wrst.gcc_rst.sckt_wr_rst_cc_reg[0]/C
                            (rising edge-triggered cell FDRE clocked by clk_fpga_1  {rise@0.000ns fall@5.000ns period=10.000ns})
  Destination:            p10_ps_system_i/hp0_interconnect/m00_couplers/auto_pc/inst/gen_axi4_axi3.axi3_conv_inst/USE_WRITE.write_addr_inst/USE_B_CHANNEL.cmd_b_queue/inst/fifo_gen_inst/inst_fifo_gen/gconvfifo.rf/grf.rf/gntv_or_sync_fifo.gl0.rd/gr1.gr1_int.rfwft/aempty_fwft_fb_i_reg/PRE
                            (removal check against rising-edge clock clk_fpga_1  {rise@0.000ns fall@5.000ns period=10.000ns})
  Path Group:             **async_default**
  Path Type:              Removal (Min at Fast Process Corner)
  Requirement:            0.000ns  (clk_fpga_1 rise@0.000ns - clk_fpga_1 rise@0.000ns)
  Data Path Delay:        0.497ns  (logic 0.186ns (37.415%)  route 0.311ns (62.585%))
  Logic Levels:           1  (LUT3=1)
  Clock Path Skew:        0.014ns (DCD - SCD - CPR)
    Destination Clock Delay (DCD):    1.255ns
    Source Clock Delay      (SCD):    0.958ns
    Clock Pessimism Removal (CPR):    0.283ns

    Location             Delay type                Incr(ns)  Path(ns)    Netlist Resource(s)
  -------------------------------------------------------------------    -------------------
                         (clock clk_fpga_1 rise edge)
                                                      0.000     0.000 r  
    PS7_X0Y0             PS7                          0.000     0.000 r  p10_ps_system_i/processing_system7_0/inst/PS7_i/FCLKCLK[1]
                         net (fo=1, routed)           0.310     0.310    p10_ps_system_i/processing_system7_0/inst/FCLK_CLK_unbuffered[1]
    BUFGCTRL_X0Y16       BUFG (Prop_bufg_I_O)         0.026     0.336 r  p10_ps_system_i/processing_system7_0/inst/buffer_fclk_clk_1.FCLK_CLK_1_BUFG/O
                         net (fo=5738, routed)        0.622     0.958    p10_ps_system_i/hp0_interconnect/m00_couplers/auto_pc/inst/gen_axi4_axi3.axi3_conv_inst/USE_WRITE.write_addr_inst/USE_B_CHANNEL.cmd_b_queue/inst/fifo_gen_inst/inst_fifo_gen/gconvfifo.rf/grf.rf/rstblk/clk
    SLICE_X7Y37          FDRE                                         r  p10_ps_system_i/hp0_interconnect/m00_couplers/auto_pc/inst/gen_axi4_axi3.axi3_conv_inst/USE_WRITE.write_addr_inst/USE_B_CHANNEL.cmd_b_queue/inst/fifo_gen_inst/inst_fifo_gen/gconvfifo.rf/grf.rf/rstblk/ngwrdrst.grst.g7serrst.gnsckt_wrst.gcc_rst.sckt_wr_rst_cc_reg[0]/C
  -------------------------------------------------------------------    -------------------
    SLICE_X7Y37          FDRE (Prop_fdre_C_Q)         0.141     1.099 f  p10_ps_system_i/hp0_interconnect/m00_couplers/auto_pc/inst/gen_axi4_axi3.axi3_conv_inst/USE_WRITE.write_addr_inst/USE_B_CHANNEL.cmd_b_queue/inst/fifo_gen_inst/inst_fifo_gen/gconvfifo.rf/grf.rf/rstblk/ngwrdrst.grst.g7serrst.gnsckt_wrst.gcc_rst.sckt_wr_rst_cc_reg[0]/Q
                         net (fo=3, routed)           0.169     1.268    p10_ps_system_i/hp0_interconnect/m00_couplers/auto_pc/inst/gen_axi4_axi3.axi3_conv_inst/USE_WRITE.write_addr_inst/USE_B_CHANNEL.cmd_b_queue/inst/fifo_gen_inst/inst_fifo_gen/gconvfifo.rf/grf.rf/rstblk/ngwrdrst.grst.g7serrst.gnsckt_wrst.gcc_rst.sckt_wr_rst_cc[0]
    SLICE_X7Y37          LUT3 (Prop_lut3_I1_O)        0.045     1.313 f  p10_ps_system_i/hp0_interconnect/m00_couplers/auto_pc/inst/gen_axi4_axi3.axi3_conv_inst/USE_WRITE.write_addr_inst/USE_B_CHANNEL.cmd_b_queue/inst/fifo_gen_inst/inst_fifo_gen/gconvfifo.rf/grf.rf/rstblk/gpregsm1.curr_fwft_state[1]_i_2/O
                         net (fo=32, routed)          0.142     1.455    p10_ps_system_i/hp0_interconnect/m00_couplers/auto_pc/inst/gen_axi4_axi3.axi3_conv_inst/USE_WRITE.write_addr_inst/USE_B_CHANNEL.cmd_b_queue/inst/fifo_gen_inst/inst_fifo_gen/gconvfifo.rf/grf.rf/gntv_or_sync_fifo.gl0.rd/gr1.gr1_int.rfwft/gpregsm1.user_valid_reg_0
    SLICE_X6Y36          FDPE                                         f  p10_ps_system_i/hp0_interconnect/m00_couplers/auto_pc/inst/gen_axi4_axi3.axi3_conv_inst/USE_WRITE.write_addr_inst/USE_B_CHANNEL.cmd_b_queue/inst/fifo_gen_inst/inst_fifo_gen/gconvfifo.rf/grf.rf/gntv_or_sync_fifo.gl0.rd/gr1.gr1_int.rfwft/aempty_fwft_fb_i_reg/PRE
  -------------------------------------------------------------------    -------------------

                         (clock clk_fpga_1 rise edge)
                                                      0.000     0.000 r  
    PS7_X0Y0             PS7                          0.000     0.000 r  p10_ps_system_i/processing_system7_0/inst/PS7_i/FCLKCLK[1]
                         net (fo=1, routed)           0.337     0.337    p10_ps_system_i/processing_system7_0/inst/FCLK_CLK_unbuffered[1]
    BUFGCTRL_X0Y16       BUFG (Prop_bufg_I_O)         0.029     0.366 r  p10_ps_system_i/processing_system7_0/inst/buffer_fclk_clk_1.FCLK_CLK_1_BUFG/O
                         net (fo=5738, routed)        0.889     1.255    p10_ps_system_i/hp0_interconnect/m00_couplers/auto_pc/inst/gen_axi4_axi3.axi3_conv_inst/USE_WRITE.write_addr_inst/USE_B_CHANNEL.cmd_b_queue/inst/fifo_gen_inst/inst_fifo_gen/gconvfifo.rf/grf.rf/gntv_or_sync_fifo.gl0.rd/gr1.gr1_int.rfwft/clk
    SLICE_X6Y36          FDPE                                         r  p10_ps_system_i/hp0_interconnect/m00_couplers/auto_pc/inst/gen_axi4_axi3.axi3_conv_inst/USE_WRITE.write_addr_inst/USE_B_CHANNEL.cmd_b_queue/inst/fifo_gen_inst/inst_fifo_gen/gconvfifo.rf/grf.rf/gntv_or_sync_fifo.gl0.rd/gr1.gr1_int.rfwft/aempty_fwft_fb_i_reg/C
                         clock pessimism             -0.283     0.972    
    SLICE_X6Y36          FDPE (Remov_fdpe_C_PRE)     -0.071     0.901    p10_ps_system_i/hp0_interconnect/m00_couplers/auto_pc/inst/gen_axi4_axi3.axi3_conv_inst/USE_WRITE.write_addr_inst/USE_B_CHANNEL.cmd_b_queue/inst/fifo_gen_inst/inst_fifo_gen/gconvfifo.rf/grf.rf/gntv_or_sync_fifo.gl0.rd/gr1.gr1_int.rfwft/aempty_fwft_fb_i_reg
  -------------------------------------------------------------------
                         required time                         -0.900    
                         arrival time                           1.455    
  -------------------------------------------------------------------
                         slack                                  0.554    





--------------------------------------------------------------------------------------
Path Group:  (none)
From Clock:  
  To Clock:  clk_fpga_0

Max Delay             2 Endpoints
Min Delay             2 Endpoints
--------------------------------------------------------------------------------------


Max Delay Paths
--------------------------------------------------------------------------------------
Slack:                    inf
  Source:                 p10_ps_system_i/processing_system7_0/inst/PS7_i/FCLKRESETN[0]
                            (internal pin)
  Destination:            p10_ps_system_i/rst_stream_protocol_64/U0/EXT_LPF/ACTIVE_LOW_EXT.ACT_LO_EXT/GENERATE_LEVEL_P_S_CDC.SINGLE_BIT.CROSS_PLEVEL_IN2SCNDRY_IN_cdc_to/D
                            (rising edge-triggered cell FDRE clocked by clk_fpga_0  {rise@0.000ns fall@7.813ns period=15.625ns})
  Path Group:             (none)
  Path Type:              Setup (Max at Slow Process Corner)
  Data Path Delay:        4.050ns  (logic 0.125ns (3.086%)  route 3.925ns (96.914%))
  Logic Levels:           1  (LUT1=1)
  Clock Uncertainty:      0.236ns  ((TSJ^2 + TIJ^2)^1/2 + DJ) / 2 + PE
    Total System Jitter     (TSJ):    0.050ns
    Total Input Jitter      (TIJ):    0.469ns
    Discrete Jitter          (DJ):    0.000ns
    Phase Error              (PE):    0.000ns
  Timing Exception:       False Path

    Location             Delay type                Incr(ns)  Path(ns)    Netlist Resource(s)
  -------------------------------------------------------------------    -------------------
    PS7_X0Y0             PS7                          0.000     0.000 f  p10_ps_system_i/processing_system7_0/inst/PS7_i/FCLKRESETN[0]
                         net (fo=6, routed)           3.680     3.680    p10_ps_system_i/rst_stream_protocol_64/U0/EXT_LPF/ACTIVE_LOW_EXT.ACT_LO_EXT/ext_reset_in
    SLICE_X82Y21         LUT1 (Prop_lut1_I0_O)        0.125     3.805 r  p10_ps_system_i/rst_stream_protocol_64/U0/EXT_LPF/ACTIVE_LOW_EXT.ACT_LO_EXT/GENERATE_LEVEL_P_S_CDC.SINGLE_BIT.CROSS_PLEVEL_IN2SCNDRY_IN_cdc_to_i_1/O
                         net (fo=1, routed)           0.245     4.050    p10_ps_system_i/rst_stream_protocol_64/U0/EXT_LPF/ACTIVE_LOW_EXT.ACT_LO_EXT/exr_d1
    SLICE_X86Y21         FDRE                                         r  p10_ps_system_i/rst_stream_protocol_64/U0/EXT_LPF/ACTIVE_LOW_EXT.ACT_LO_EXT/GENERATE_LEVEL_P_S_CDC.SINGLE_BIT.CROSS_PLEVEL_IN2SCNDRY_IN_cdc_to/D
  -------------------------------------------------------------------    -------------------

                         (clock clk_fpga_0 rise edge)
                                                      0.000     0.000 r  
    PS7_X0Y0             PS7                          0.000     0.000 r  p10_ps_system_i/processing_system7_0/inst/PS7_i/FCLKCLK[0]
                         net (fo=1, routed)           0.905     0.905    p10_ps_system_i/processing_system7_0/inst/FCLK_CLK_unbuffered[0]
    BUFGCTRL_X0Y18       BUFG (Prop_bufg_I_O)         0.077     0.982 r  p10_ps_system_i/processing_system7_0/inst/buffer_fclk_clk_0.FCLK_CLK_0_BUFG/O
                         net (fo=14141, routed)       1.301     2.283    p10_ps_system_i/rst_stream_protocol_64/U0/EXT_LPF/ACTIVE_LOW_EXT.ACT_LO_EXT/slowest_sync_clk
    SLICE_X86Y21         FDRE                                         r  p10_ps_system_i/rst_stream_protocol_64/U0/EXT_LPF/ACTIVE_LOW_EXT.ACT_LO_EXT/GENERATE_LEVEL_P_S_CDC.SINGLE_BIT.CROSS_PLEVEL_IN2SCNDRY_IN_cdc_to/C





Min Delay Paths
--------------------------------------------------------------------------------------
Slack:                    inf
  Source:                 p10_ps_system_i/processing_system7_0/inst/PS7_i/FCLKRESETN[0]
                            (internal pin)
  Destination:            p10_ps_system_i/rst_protocol_64/U0/EXT_LPF/ACTIVE_LOW_EXT.ACT_LO_EXT/GENERATE_LEVEL_P_S_CDC.SINGLE_BIT.CROSS_PLEVEL_IN2SCNDRY_IN_cdc_to/D
                            (rising edge-triggered cell FDRE clocked by clk_fpga_0  {rise@0.000ns fall@7.813ns period=15.625ns})
  Path Group:             (none)
  Path Type:              Hold (Min at Fast Process Corner)
  Data Path Delay:        0.889ns  (logic 0.044ns (4.952%)  route 0.845ns (95.048%))
  Logic Levels:           1  (LUT1=1)
  Clock Uncertainty:      0.236ns  ((TSJ^2 + TIJ^2)^1/2 + DJ) / 2 + PE
    Total System Jitter     (TSJ):    0.050ns
    Total Input Jitter      (TIJ):    0.469ns
    Discrete Jitter          (DJ):    0.000ns
    Phase Error              (PE):    0.000ns
  Timing Exception:       False Path

    Location             Delay type                Incr(ns)  Path(ns)    Netlist Resource(s)
  -------------------------------------------------------------------    -------------------
    PS7_X0Y0             PS7                          0.000     0.000 f  p10_ps_system_i/processing_system7_0/inst/PS7_i/FCLKRESETN[0]
                         net (fo=6, routed)           0.845     0.845    p10_ps_system_i/rst_protocol_64/U0/EXT_LPF/ACTIVE_LOW_EXT.ACT_LO_EXT/ext_reset_in
    SLICE_X44Y100        LUT1 (Prop_lut1_I0_O)        0.044     0.889 r  p10_ps_system_i/rst_protocol_64/U0/EXT_LPF/ACTIVE_LOW_EXT.ACT_LO_EXT/GENERATE_LEVEL_P_S_CDC.SINGLE_BIT.CROSS_PLEVEL_IN2SCNDRY_IN_cdc_to_i_1/O
                         net (fo=1, routed)           0.000     0.889    p10_ps_system_i/rst_protocol_64/U0/EXT_LPF/ACTIVE_LOW_EXT.ACT_LO_EXT/exr_d1
    SLICE_X44Y100        FDRE                                         r  p10_ps_system_i/rst_protocol_64/U0/EXT_LPF/ACTIVE_LOW_EXT.ACT_LO_EXT/GENERATE_LEVEL_P_S_CDC.SINGLE_BIT.CROSS_PLEVEL_IN2SCNDRY_IN_cdc_to/D
  -------------------------------------------------------------------    -------------------

                         (clock clk_fpga_0 rise edge)
                                                      0.000     0.000 r  
    PS7_X0Y0             PS7                          0.000     0.000 r  p10_ps_system_i/processing_system7_0/inst/PS7_i/FCLKCLK[0]
                         net (fo=1, routed)           0.337     0.337    p10_ps_system_i/processing_system7_0/inst/FCLK_CLK_unbuffered[0]
    BUFGCTRL_X0Y18       BUFG (Prop_bufg_I_O)         0.029     0.366 r  p10_ps_system_i/processing_system7_0/inst/buffer_fclk_clk_0.FCLK_CLK_0_BUFG/O
                         net (fo=14141, routed)       0.911     1.277    p10_ps_system_i/rst_protocol_64/U0/EXT_LPF/ACTIVE_LOW_EXT.ACT_LO_EXT/slowest_sync_clk
    SLICE_X44Y100        FDRE                                         r  p10_ps_system_i/rst_protocol_64/U0/EXT_LPF/ACTIVE_LOW_EXT.ACT_LO_EXT/GENERATE_LEVEL_P_S_CDC.SINGLE_BIT.CROSS_PLEVEL_IN2SCNDRY_IN_cdc_to/C





--------------------------------------------------------------------------------------
Path Group:  (none)
From Clock:  clk_fpga_0
  To Clock:  clk_fpga_0

Max Delay             1 Endpoint
Min Delay             1 Endpoint
--------------------------------------------------------------------------------------


Max Delay Paths
--------------------------------------------------------------------------------------
Slack:                    inf
  Source:                 p10_ps_system_i/p10_endpoint_0/inst/impl/stream_reset_request_o_reg/C
                            (rising edge-triggered cell FDRE clocked by clk_fpga_0  {rise@0.000ns fall@7.813ns period=15.625ns})
  Destination:            p10_ps_system_i/rst_stream_protocol_64/U0/EXT_LPF/ACTIVE_HIGH_AUX.ACT_HI_AUX/GENERATE_LEVEL_P_S_CDC.SINGLE_BIT.CROSS_PLEVEL_IN2SCNDRY_IN_cdc_to/D
                            (rising edge-triggered cell FDRE clocked by clk_fpga_0  {rise@0.000ns fall@7.813ns period=15.625ns})
  Path Group:             (none)
  Path Type:              Setup (Max at Slow Process Corner)
  Data Path Delay:        2.308ns  (logic 0.433ns (18.760%)  route 1.875ns (81.240%))
  Logic Levels:           0  
  Clock Path Skew:        -0.205ns (DCD - SCD + CPR)
    Destination Clock Delay (DCD):    2.280ns
    Source Clock Delay      (SCD):    2.485ns
    Clock Pessimism Removal (CPR):    0.000ns
  Clock Uncertainty:      0.237ns  ((TSJ^2 + TIJ^2)^1/2 + DJ) / 2 + PE
    Total System Jitter     (TSJ):    0.071ns
    Total Input Jitter      (TIJ):    0.469ns
    Discrete Jitter          (DJ):    0.000ns
    Phase Error              (PE):    0.000ns
  Timing Exception:       False Path

    Location             Delay type                Incr(ns)  Path(ns)    Netlist Resource(s)
  -------------------------------------------------------------------    -------------------
                         (clock clk_fpga_0 rise edge)
                                                      0.000     0.000 r  
    PS7_X0Y0             PS7                          0.000     0.000 r  p10_ps_system_i/processing_system7_0/inst/PS7_i/FCLKCLK[0]
                         net (fo=1, routed)           0.994     0.994    p10_ps_system_i/processing_system7_0/inst/FCLK_CLK_unbuffered[0]
    BUFGCTRL_X0Y18       BUFG (Prop_bufg_I_O)         0.085     1.079 r  p10_ps_system_i/processing_system7_0/inst/buffer_fclk_clk_0.FCLK_CLK_0_BUFG/O
                         net (fo=14141, routed)       1.406     2.485    p10_ps_system_i/p10_endpoint_0/inst/impl/s_axi_aclk
    SLICE_X46Y41         FDRE                                         r  p10_ps_system_i/p10_endpoint_0/inst/impl/stream_reset_request_o_reg/C
  -------------------------------------------------------------------    -------------------
    SLICE_X46Y41         FDRE (Prop_fdre_C_Q)         0.433     2.918 r  p10_ps_system_i/p10_endpoint_0/inst/impl/stream_reset_request_o_reg/Q
                         net (fo=9, routed)           1.875     4.793    p10_ps_system_i/rst_stream_protocol_64/U0/EXT_LPF/ACTIVE_HIGH_AUX.ACT_HI_AUX/aux_reset_in
    SLICE_X86Y24         FDRE                                         r  p10_ps_system_i/rst_stream_protocol_64/U0/EXT_LPF/ACTIVE_HIGH_AUX.ACT_HI_AUX/GENERATE_LEVEL_P_S_CDC.SINGLE_BIT.CROSS_PLEVEL_IN2SCNDRY_IN_cdc_to/D
  -------------------------------------------------------------------    -------------------

                         (clock clk_fpga_0 rise edge)
                                                      0.000     0.000 r  
    PS7_X0Y0             PS7                          0.000     0.000 r  p10_ps_system_i/processing_system7_0/inst/PS7_i/FCLKCLK[0]
                         net (fo=1, routed)           0.905     0.905    p10_ps_system_i/processing_system7_0/inst/FCLK_CLK_unbuffered[0]
    BUFGCTRL_X0Y18       BUFG (Prop_bufg_I_O)         0.077     0.982 r  p10_ps_system_i/processing_system7_0/inst/buffer_fclk_clk_0.FCLK_CLK_0_BUFG/O
                         net (fo=14141, routed)       1.298     2.280    p10_ps_system_i/rst_stream_protocol_64/U0/EXT_LPF/ACTIVE_HIGH_AUX.ACT_HI_AUX/slowest_sync_clk
    SLICE_X86Y24         FDRE                                         r  p10_ps_system_i/rst_stream_protocol_64/U0/EXT_LPF/ACTIVE_HIGH_AUX.ACT_HI_AUX/GENERATE_LEVEL_P_S_CDC.SINGLE_BIT.CROSS_PLEVEL_IN2SCNDRY_IN_cdc_to/C





Min Delay Paths
--------------------------------------------------------------------------------------
Slack:                    inf
  Source:                 p10_ps_system_i/p10_endpoint_0/inst/impl/stream_reset_request_o_reg/C
                            (rising edge-triggered cell FDRE clocked by clk_fpga_0  {rise@0.000ns fall@7.813ns period=15.625ns})
  Destination:            p10_ps_system_i/rst_stream_protocol_64/U0/EXT_LPF/ACTIVE_HIGH_AUX.ACT_HI_AUX/GENERATE_LEVEL_P_S_CDC.SINGLE_BIT.CROSS_PLEVEL_IN2SCNDRY_IN_cdc_to/D
                            (rising edge-triggered cell FDRE clocked by clk_fpga_0  {rise@0.000ns fall@7.813ns period=15.625ns})
  Path Group:             (none)
  Path Type:              Hold (Min at Fast Process Corner)
  Data Path Delay:        1.164ns  (logic 0.164ns (14.088%)  route 1.000ns (85.912%))
  Logic Levels:           0  
  Clock Path Skew:        0.311ns (DCD - SCD - CPR)
    Destination Clock Delay (DCD):    1.208ns
    Source Clock Delay      (SCD):    0.897ns
    Clock Pessimism Removal (CPR):    -0.000ns
  Clock Uncertainty:      0.237ns  ((TSJ^2 + TIJ^2)^1/2 + DJ) / 2 + PE
    Total System Jitter     (TSJ):    0.071ns
    Total Input Jitter      (TIJ):    0.469ns
    Discrete Jitter          (DJ):    0.000ns
    Phase Error              (PE):    0.000ns
  Timing Exception:       False Path

    Location             Delay type                Incr(ns)  Path(ns)    Netlist Resource(s)
  -------------------------------------------------------------------    -------------------
                         (clock clk_fpga_0 rise edge)
                                                      0.000     0.000 r  
    PS7_X0Y0             PS7                          0.000     0.000 r  p10_ps_system_i/processing_system7_0/inst/PS7_i/FCLKCLK[0]
                         net (fo=1, routed)           0.310     0.310    p10_ps_system_i/processing_system7_0/inst/FCLK_CLK_unbuffered[0]
    BUFGCTRL_X0Y18       BUFG (Prop_bufg_I_O)         0.026     0.336 r  p10_ps_system_i/processing_system7_0/inst/buffer_fclk_clk_0.FCLK_CLK_0_BUFG/O
                         net (fo=14141, routed)       0.561     0.897    p10_ps_system_i/p10_endpoint_0/inst/impl/s_axi_aclk
    SLICE_X46Y41         FDRE                                         r  p10_ps_system_i/p10_endpoint_0/inst/impl/stream_reset_request_o_reg/C
  -------------------------------------------------------------------    -------------------
    SLICE_X46Y41         FDRE (Prop_fdre_C_Q)         0.164     1.061 r  p10_ps_system_i/p10_endpoint_0/inst/impl/stream_reset_request_o_reg/Q
                         net (fo=9, routed)           1.000     2.061    p10_ps_system_i/rst_stream_protocol_64/U0/EXT_LPF/ACTIVE_HIGH_AUX.ACT_HI_AUX/aux_reset_in
    SLICE_X86Y24         FDRE                                         r  p10_ps_system_i/rst_stream_protocol_64/U0/EXT_LPF/ACTIVE_HIGH_AUX.ACT_HI_AUX/GENERATE_LEVEL_P_S_CDC.SINGLE_BIT.CROSS_PLEVEL_IN2SCNDRY_IN_cdc_to/D
  -------------------------------------------------------------------    -------------------

                         (clock clk_fpga_0 rise edge)
                                                      0.000     0.000 r  
    PS7_X0Y0             PS7                          0.000     0.000 r  p10_ps_system_i/processing_system7_0/inst/PS7_i/FCLKCLK[0]
                         net (fo=1, routed)           0.337     0.337    p10_ps_system_i/processing_system7_0/inst/FCLK_CLK_unbuffered[0]
    BUFGCTRL_X0Y18       BUFG (Prop_bufg_I_O)         0.029     0.366 r  p10_ps_system_i/processing_system7_0/inst/buffer_fclk_clk_0.FCLK_CLK_0_BUFG/O
                         net (fo=14141, routed)       0.842     1.208    p10_ps_system_i/rst_stream_protocol_64/U0/EXT_LPF/ACTIVE_HIGH_AUX.ACT_HI_AUX/slowest_sync_clk
    SLICE_X86Y24         FDRE                                         r  p10_ps_system_i/rst_stream_protocol_64/U0/EXT_LPF/ACTIVE_HIGH_AUX.ACT_HI_AUX/GENERATE_LEVEL_P_S_CDC.SINGLE_BIT.CROSS_PLEVEL_IN2SCNDRY_IN_cdc_to/C





--------------------------------------------------------------------------------------
Path Group:  (none)
From Clock:  clk_fpga_1
  To Clock:  clk_fpga_0

Max Delay            40 Endpoints
Min Delay            50 Endpoints
--------------------------------------------------------------------------------------


Max Delay Paths
--------------------------------------------------------------------------------------
Slack:                    inf
  Source:                 p10_ps_system_i/mm2s_axis_clock_converter/inst/gen_async_conv.axisc_async_clock_converter_0/xpm_fifo_async_inst/gnuram_async_fifo.xpm_fifo_base_inst/gen_sdpram.xpm_memory_base_inst/gen_wr_a.gen_word_narrow.mem_reg_0_31_12_17/RAMA_D1/CLK
                            (rising edge-triggered cell RAMD32 clocked by clk_fpga_1  {rise@0.000ns fall@5.000ns period=10.000ns})
  Destination:            p10_ps_system_i/mm2s_axis_clock_converter/inst/gen_async_conv.axisc_async_clock_converter_0/xpm_fifo_async_inst/gnuram_async_fifo.xpm_fifo_base_inst/gen_sdpram.xpm_memory_base_inst/gen_rd_b.gen_rd_b_synth_template.gen_rf_narrow_pipe.doutb_reg_reg[13]/D
                            (rising edge-triggered cell FDRE clocked by clk_fpga_0  {rise@0.000ns fall@7.813ns period=15.625ns})
  Path Group:             (none)
  Path Type:              Setup (Max at Slow Process Corner)
  Data Path Delay:        2.039ns  (logic 1.081ns (53.013%)  route 0.958ns (46.987%))
  Logic Levels:           0  
  Clock Path Skew:        -0.246ns (DCD - SCD + CPR)
    Destination Clock Delay (DCD):    2.282ns
    Source Clock Delay      (SCD):    2.528ns
    Clock Pessimism Removal (CPR):    0.000ns
  Clock Uncertainty:      0.281ns  ((TSJ^2 + TIJ^2)^1/2 + DJ) / 2 + PE
    Total System Jitter     (TSJ):    0.071ns
    Total Input Jitter      (TIJ):    0.557ns
    Discrete Jitter          (DJ):    0.000ns
    Phase Error              (PE):    0.000ns
  Timing Exception:       False Path

    Location             Delay type                Incr(ns)  Path(ns)    Netlist Resource(s)
  -------------------------------------------------------------------    -------------------
                         (clock clk_fpga_1 rise edge)
                                                      0.000     0.000 r  
    PS7_X0Y0             PS7                          0.000     0.000 r  p10_ps_system_i/processing_system7_0/inst/PS7_i/FCLKCLK[1]
                         net (fo=1, routed)           0.994     0.994    p10_ps_system_i/processing_system7_0/inst/FCLK_CLK_unbuffered[1]
    BUFGCTRL_X0Y16       BUFG (Prop_bufg_I_O)         0.085     1.079 r  p10_ps_system_i/processing_system7_0/inst/buffer_fclk_clk_1.FCLK_CLK_1_BUFG/O
                         net (fo=5738, routed)        1.449     2.528    p10_ps_system_i/mm2s_axis_clock_converter/inst/gen_async_conv.axisc_async_clock_converter_0/xpm_fifo_async_inst/gnuram_async_fifo.xpm_fifo_base_inst/gen_sdpram.xpm_memory_base_inst/gen_wr_a.gen_word_narrow.mem_reg_0_31_12_17/WCLK
    SLICE_X58Y30         RAMD32                                       r  p10_ps_system_i/mm2s_axis_clock_converter/inst/gen_async_conv.axisc_async_clock_converter_0/xpm_fifo_async_inst/gnuram_async_fifo.xpm_fifo_base_inst/gen_sdpram.xpm_memory_base_inst/gen_wr_a.gen_word_narrow.mem_reg_0_31_12_17/RAMA_D1/CLK
  -------------------------------------------------------------------    -------------------
    SLICE_X58Y30         RAMD32 (Prop_ramd32_CLK_O)
                                                      1.081     3.609 r  p10_ps_system_i/mm2s_axis_clock_converter/inst/gen_async_conv.axisc_async_clock_converter_0/xpm_fifo_async_inst/gnuram_async_fifo.xpm_fifo_base_inst/gen_sdpram.xpm_memory_base_inst/gen_wr_a.gen_word_narrow.mem_reg_0_31_12_17/RAMA_D1/O
                         net (fo=1, routed)           0.958     4.567    p10_ps_system_i/mm2s_axis_clock_converter/inst/gen_async_conv.axisc_async_clock_converter_0/xpm_fifo_async_inst/gnuram_async_fifo.xpm_fifo_base_inst/gen_sdpram.xpm_memory_base_inst/gen_rd_b.gen_rd_b_synth_template.gen_rf_narrow_pipe.doutb_reg_reg0[13]
    SLICE_X64Y32         FDRE                                         r  p10_ps_system_i/mm2s_axis_clock_converter/inst/gen_async_conv.axisc_async_clock_converter_0/xpm_fifo_async_inst/gnuram_async_fifo.xpm_fifo_base_inst/gen_sdpram.xpm_memory_base_inst/gen_rd_b.gen_rd_b_synth_template.gen_rf_narrow_pipe.doutb_reg_reg[13]/D
  -------------------------------------------------------------------    -------------------

                         (clock clk_fpga_0 rise edge)
                                                      0.000     0.000 r  
    PS7_X0Y0             PS7                          0.000     0.000 r  p10_ps_system_i/processing_system7_0/inst/PS7_i/FCLKCLK[0]
                         net (fo=1, routed)           0.905     0.905    p10_ps_system_i/processing_system7_0/inst/FCLK_CLK_unbuffered[0]
    BUFGCTRL_X0Y18       BUFG (Prop_bufg_I_O)         0.077     0.982 r  p10_ps_system_i/processing_system7_0/inst/buffer_fclk_clk_0.FCLK_CLK_0_BUFG/O
                         net (fo=14141, routed)       1.300     2.282    p10_ps_system_i/mm2s_axis_clock_converter/inst/gen_async_conv.axisc_async_clock_converter_0/xpm_fifo_async_inst/gnuram_async_fifo.xpm_fifo_base_inst/gen_sdpram.xpm_memory_base_inst/clkb
    SLICE_X64Y32         FDRE                                         r  p10_ps_system_i/mm2s_axis_clock_converter/inst/gen_async_conv.axisc_async_clock_converter_0/xpm_fifo_async_inst/gnuram_async_fifo.xpm_fifo_base_inst/gen_sdpram.xpm_memory_base_inst/gen_rd_b.gen_rd_b_synth_template.gen_rf_narrow_pipe.doutb_reg_reg[13]/C





Min Delay Paths
--------------------------------------------------------------------------------------
Slack:                    inf
  Source:                 p10_ps_system_i/mm2s_axis_clock_converter/inst/gen_async_conv.axisc_async_clock_converter_0/xpm_fifo_async_inst/gnuram_async_fifo.xpm_fifo_base_inst/xpm_fifo_rst_inst/gen_rst_ic.fifo_wr_rst_ic_reg/C
                            (rising edge-triggered cell FDRE clocked by clk_fpga_1  {rise@0.000ns fall@5.000ns period=10.000ns})
  Destination:            p10_ps_system_i/mm2s_axis_clock_converter/inst/gen_async_conv.axisc_async_clock_converter_0/xpm_fifo_async_inst/gnuram_async_fifo.xpm_fifo_base_inst/xpm_fifo_rst_inst/gen_rst_ic.wrst_rd_inst/syncstages_ff_reg[0]/D
                            (rising edge-triggered cell FDRE clocked by clk_fpga_0  {rise@0.000ns fall@7.813ns period=15.625ns})
  Path Group:             (none)
  Path Type:              Hold (Min at Fast Process Corner)
  Data Path Delay:        0.255ns  (logic 0.141ns (55.375%)  route 0.114ns (44.625%))
  Logic Levels:           0  
  Clock Path Skew:        0.295ns (DCD - SCD - CPR)
    Destination Clock Delay (DCD):    1.203ns
    Source Clock Delay      (SCD):    0.908ns
    Clock Pessimism Removal (CPR):    -0.000ns
  Clock Uncertainty:      0.281ns  ((TSJ^2 + TIJ^2)^1/2 + DJ) / 2 + PE
    Total System Jitter     (TSJ):    0.071ns
    Total Input Jitter      (TIJ):    0.557ns
    Discrete Jitter          (DJ):    0.000ns
    Phase Error              (PE):    0.000ns
  Timing Exception:       False Path

    Location             Delay type                Incr(ns)  Path(ns)    Netlist Resource(s)
  -------------------------------------------------------------------    -------------------
                         (clock clk_fpga_1 rise edge)
                                                      0.000     0.000 r  
    PS7_X0Y0             PS7                          0.000     0.000 r  p10_ps_system_i/processing_system7_0/inst/PS7_i/FCLKCLK[1]
                         net (fo=1, routed)           0.310     0.310    p10_ps_system_i/processing_system7_0/inst/FCLK_CLK_unbuffered[1]
    BUFGCTRL_X0Y16       BUFG (Prop_bufg_I_O)         0.026     0.336 r  p10_ps_system_i/processing_system7_0/inst/buffer_fclk_clk_1.FCLK_CLK_1_BUFG/O
                         net (fo=5738, routed)        0.572     0.908    p10_ps_system_i/mm2s_axis_clock_converter/inst/gen_async_conv.axisc_async_clock_converter_0/xpm_fifo_async_inst/gnuram_async_fifo.xpm_fifo_base_inst/xpm_fifo_rst_inst/wr_clk
    SLICE_X64Y25         FDRE                                         r  p10_ps_system_i/mm2s_axis_clock_converter/inst/gen_async_conv.axisc_async_clock_converter_0/xpm_fifo_async_inst/gnuram_async_fifo.xpm_fifo_base_inst/xpm_fifo_rst_inst/gen_rst_ic.fifo_wr_rst_ic_reg/C
  -------------------------------------------------------------------    -------------------
    SLICE_X64Y25         FDRE (Prop_fdre_C_Q)         0.141     1.049 r  p10_ps_system_i/mm2s_axis_clock_converter/inst/gen_async_conv.axisc_async_clock_converter_0/xpm_fifo_async_inst/gnuram_async_fifo.xpm_fifo_base_inst/xpm_fifo_rst_inst/gen_rst_ic.fifo_wr_rst_ic_reg/Q
                         net (fo=2, routed)           0.114     1.162    p10_ps_system_i/mm2s_axis_clock_converter/inst/gen_async_conv.axisc_async_clock_converter_0/xpm_fifo_async_inst/gnuram_async_fifo.xpm_fifo_base_inst/xpm_fifo_rst_inst/gen_rst_ic.wrst_rd_inst/src_rst
    SLICE_X67Y25         FDRE                                         r  p10_ps_system_i/mm2s_axis_clock_converter/inst/gen_async_conv.axisc_async_clock_converter_0/xpm_fifo_async_inst/gnuram_async_fifo.xpm_fifo_base_inst/xpm_fifo_rst_inst/gen_rst_ic.wrst_rd_inst/syncstages_ff_reg[0]/D
  -------------------------------------------------------------------    -------------------

                         (clock clk_fpga_0 rise edge)
                                                      0.000     0.000 r  
    PS7_X0Y0             PS7                          0.000     0.000 r  p10_ps_system_i/processing_system7_0/inst/PS7_i/FCLKCLK[0]
                         net (fo=1, routed)           0.337     0.337    p10_ps_system_i/processing_system7_0/inst/FCLK_CLK_unbuffered[0]
    BUFGCTRL_X0Y18       BUFG (Prop_bufg_I_O)         0.029     0.366 r  p10_ps_system_i/processing_system7_0/inst/buffer_fclk_clk_0.FCLK_CLK_0_BUFG/O
                         net (fo=14141, routed)       0.837     1.203    p10_ps_system_i/mm2s_axis_clock_converter/inst/gen_async_conv.axisc_async_clock_converter_0/xpm_fifo_async_inst/gnuram_async_fifo.xpm_fifo_base_inst/xpm_fifo_rst_inst/gen_rst_ic.wrst_rd_inst/dest_clk
    SLICE_X67Y25         FDRE                                         r  p10_ps_system_i/mm2s_axis_clock_converter/inst/gen_async_conv.axisc_async_clock_converter_0/xpm_fifo_async_inst/gnuram_async_fifo.xpm_fifo_base_inst/xpm_fifo_rst_inst/gen_rst_ic.wrst_rd_inst/syncstages_ff_reg[0]/C





--------------------------------------------------------------------------------------
Path Group:  (none)
From Clock:  clk_fpga_2
  To Clock:  clk_fpga_0

Max Delay             5 Endpoints
Min Delay            65 Endpoints
--------------------------------------------------------------------------------------


Max Delay Paths
--------------------------------------------------------------------------------------
Slack:                    inf
  Source:                 p10_ps_system_i/p10_axil_clock_converter/inst/gen_clock_conv.gen_async_lite_conv.clock_conv_lite_fwd_ar/handshake/src_sendd_ff_reg/C
                            (rising edge-triggered cell FDRE clocked by clk_fpga_2  {rise@0.000ns fall@10.000ns period=20.000ns})
  Destination:            p10_ps_system_i/p10_axil_clock_converter/inst/gen_clock_conv.gen_async_lite_conv.clock_conv_lite_fwd_ar/handshake/xpm_cdc_single_src2dest_inst/syncstages_ff_reg[0]/D
                            (rising edge-triggered cell FDRE clocked by clk_fpga_0  {rise@0.000ns fall@7.813ns period=15.625ns})
  Path Group:             (none)
  Path Type:              Setup (Max at Slow Process Corner)
  Data Path Delay:        1.369ns  (logic 0.433ns (31.623%)  route 0.936ns (68.377%))
  Logic Levels:           0  
  Clock Path Skew:        -0.255ns (DCD - SCD + CPR)
    Destination Clock Delay (DCD):    2.216ns
    Source Clock Delay      (SCD):    2.471ns
    Clock Pessimism Removal (CPR):    0.000ns
  Clock Uncertainty:      0.382ns  ((TSJ^2 + TIJ^2)^1/2 + DJ) / 2 + PE
    Total System Jitter     (TSJ):    0.071ns
    Total Input Jitter      (TIJ):    0.762ns
    Discrete Jitter          (DJ):    0.000ns
    Phase Error              (PE):    0.000ns
  Timing Exception:       False Path

    Location             Delay type                Incr(ns)  Path(ns)    Netlist Resource(s)
  -------------------------------------------------------------------    -------------------
                         (clock clk_fpga_2 rise edge)
                                                      0.000     0.000 r  
    PS7_X0Y0             PS7                          0.000     0.000 r  p10_ps_system_i/processing_system7_0/inst/PS7_i/FCLKCLK[2]
                         net (fo=1, routed)           0.994     0.994    p10_ps_system_i/processing_system7_0/inst/FCLK_CLK_unbuffered[2]
    BUFGCTRL_X0Y17       BUFG (Prop_bufg_I_O)         0.085     1.079 r  p10_ps_system_i/processing_system7_0/inst/buffer_fclk_clk_2.FCLK_CLK_2_BUFG/O
                         net (fo=1157, routed)        1.392     2.471    p10_ps_system_i/p10_axil_clock_converter/inst/gen_clock_conv.gen_async_lite_conv.clock_conv_lite_fwd_ar/handshake/src_clk
    SLICE_X34Y97         FDRE                                         r  p10_ps_system_i/p10_axil_clock_converter/inst/gen_clock_conv.gen_async_lite_conv.clock_conv_lite_fwd_ar/handshake/src_sendd_ff_reg/C
  -------------------------------------------------------------------    -------------------
    SLICE_X34Y97         FDRE (Prop_fdre_C_Q)         0.433     2.904 r  p10_ps_system_i/p10_axil_clock_converter/inst/gen_clock_conv.gen_async_lite_conv.clock_conv_lite_fwd_ar/handshake/src_sendd_ff_reg/Q
                         net (fo=2, routed)           0.936     3.840    p10_ps_system_i/p10_axil_clock_converter/inst/gen_clock_conv.gen_async_lite_conv.clock_conv_lite_fwd_ar/handshake/xpm_cdc_single_src2dest_inst/src_in
    SLICE_X34Y88         FDRE                                         r  p10_ps_system_i/p10_axil_clock_converter/inst/gen_clock_conv.gen_async_lite_conv.clock_conv_lite_fwd_ar/handshake/xpm_cdc_single_src2dest_inst/syncstages_ff_reg[0]/D
  -------------------------------------------------------------------    -------------------

                         (clock clk_fpga_0 rise edge)
                                                      0.000     0.000 r  
    PS7_X0Y0             PS7                          0.000     0.000 r  p10_ps_system_i/processing_system7_0/inst/PS7_i/FCLKCLK[0]
                         net (fo=1, routed)           0.905     0.905    p10_ps_system_i/processing_system7_0/inst/FCLK_CLK_unbuffered[0]
    BUFGCTRL_X0Y18       BUFG (Prop_bufg_I_O)         0.077     0.982 r  p10_ps_system_i/processing_system7_0/inst/buffer_fclk_clk_0.FCLK_CLK_0_BUFG/O
                         net (fo=14141, routed)       1.233     2.216    p10_ps_system_i/p10_axil_clock_converter/inst/gen_clock_conv.gen_async_lite_conv.clock_conv_lite_fwd_ar/handshake/xpm_cdc_single_src2dest_inst/dest_clk
    SLICE_X34Y88         FDRE                                         r  p10_ps_system_i/p10_axil_clock_converter/inst/gen_clock_conv.gen_async_lite_conv.clock_conv_lite_fwd_ar/handshake/xpm_cdc_single_src2dest_inst/syncstages_ff_reg[0]/C





Min Delay Paths
--------------------------------------------------------------------------------------
Slack:                    inf
  Source:                 p10_ps_system_i/p10_axil_clock_converter/inst/gen_clock_conv.gen_async_lite_conv.clock_conv_lite_fwd_aw/handshake/src_hsdata_ff_reg[7]/C
                            (rising edge-triggered cell FDRE clocked by clk_fpga_2  {rise@0.000ns fall@10.000ns period=20.000ns})
  Destination:            p10_ps_system_i/p10_axil_clock_converter/inst/gen_clock_conv.gen_async_lite_conv.clock_conv_lite_fwd_aw/handshake/dest_hsdata_ff_reg[7]/D
                            (rising edge-triggered cell FDRE clocked by clk_fpga_0  {rise@0.000ns fall@7.813ns period=15.625ns})
  Path Group:             (none)
  Path Type:              Hold (Min at Fast Process Corner)
  Data Path Delay:        0.279ns  (logic 0.141ns (50.616%)  route 0.138ns (49.384%))
  Logic Levels:           0  
  Clock Path Skew:        0.295ns (DCD - SCD - CPR)
    Destination Clock Delay (DCD):    1.176ns
    Source Clock Delay      (SCD):    0.881ns
    Clock Pessimism Removal (CPR):    -0.000ns
  Clock Uncertainty:      0.382ns  ((TSJ^2 + TIJ^2)^1/2 + DJ) / 2 + PE
    Total System Jitter     (TSJ):    0.071ns
    Total Input Jitter      (TIJ):    0.762ns
    Discrete Jitter          (DJ):    0.000ns
    Phase Error              (PE):    0.000ns
  Timing Exception:       False Path

    Location             Delay type                Incr(ns)  Path(ns)    Netlist Resource(s)
  -------------------------------------------------------------------    -------------------
                         (clock clk_fpga_2 rise edge)
                                                      0.000     0.000 r  
    PS7_X0Y0             PS7                          0.000     0.000 r  p10_ps_system_i/processing_system7_0/inst/PS7_i/FCLKCLK[2]
                         net (fo=1, routed)           0.310     0.310    p10_ps_system_i/processing_system7_0/inst/FCLK_CLK_unbuffered[2]
    BUFGCTRL_X0Y17       BUFG (Prop_bufg_I_O)         0.026     0.336 r  p10_ps_system_i/processing_system7_0/inst/buffer_fclk_clk_2.FCLK_CLK_2_BUFG/O
                         net (fo=1157, routed)        0.545     0.881    p10_ps_system_i/p10_axil_clock_converter/inst/gen_clock_conv.gen_async_lite_conv.clock_conv_lite_fwd_aw/handshake/src_clk
    SLICE_X35Y74         FDRE                                         r  p10_ps_system_i/p10_axil_clock_converter/inst/gen_clock_conv.gen_async_lite_conv.clock_conv_lite_fwd_aw/handshake/src_hsdata_ff_reg[7]/C
  -------------------------------------------------------------------    -------------------
    SLICE_X35Y74         FDRE (Prop_fdre_C_Q)         0.141     1.022 r  p10_ps_system_i/p10_axil_clock_converter/inst/gen_clock_conv.gen_async_lite_conv.clock_conv_lite_fwd_aw/handshake/src_hsdata_ff_reg[7]/Q
                         net (fo=1, routed)           0.138     1.159    p10_ps_system_i/p10_axil_clock_converter/inst/gen_clock_conv.gen_async_lite_conv.clock_conv_lite_fwd_aw/handshake/src_hsdata_ff[7]
    SLICE_X35Y73         FDRE                                         r  p10_ps_system_i/p10_axil_clock_converter/inst/gen_clock_conv.gen_async_lite_conv.clock_conv_lite_fwd_aw/handshake/dest_hsdata_ff_reg[7]/D
  -------------------------------------------------------------------    -------------------

                         (clock clk_fpga_0 rise edge)
                                                      0.000     0.000 r  
    PS7_X0Y0             PS7                          0.000     0.000 r  p10_ps_system_i/processing_system7_0/inst/PS7_i/FCLKCLK[0]
                         net (fo=1, routed)           0.337     0.337    p10_ps_system_i/processing_system7_0/inst/FCLK_CLK_unbuffered[0]
    BUFGCTRL_X0Y18       BUFG (Prop_bufg_I_O)         0.029     0.366 r  p10_ps_system_i/processing_system7_0/inst/buffer_fclk_clk_0.FCLK_CLK_0_BUFG/O
                         net (fo=14141, routed)       0.810     1.176    p10_ps_system_i/p10_axil_clock_converter/inst/gen_clock_conv.gen_async_lite_conv.clock_conv_lite_fwd_aw/handshake/dest_clk
    SLICE_X35Y73         FDRE                                         r  p10_ps_system_i/p10_axil_clock_converter/inst/gen_clock_conv.gen_async_lite_conv.clock_conv_lite_fwd_aw/handshake/dest_hsdata_ff_reg[7]/C





--------------------------------------------------------------------------------------
Path Group:  (none)
From Clock:  
  To Clock:  clk_fpga_1

Max Delay             2 Endpoints
Min Delay             2 Endpoints
--------------------------------------------------------------------------------------


Max Delay Paths
--------------------------------------------------------------------------------------
Slack:                    inf
  Source:                 p10_ps_system_i/processing_system7_0/inst/PS7_i/FCLKRESETN[0]
                            (internal pin)
  Destination:            p10_ps_system_i/rst_stream_dma_100/U0/EXT_LPF/ACTIVE_LOW_EXT.ACT_LO_EXT/GENERATE_LEVEL_P_S_CDC.SINGLE_BIT.CROSS_PLEVEL_IN2SCNDRY_IN_cdc_to/D
                            (rising edge-triggered cell FDRE clocked by clk_fpga_1  {rise@0.000ns fall@5.000ns period=10.000ns})
  Path Group:             (none)
  Path Type:              Setup (Max at Slow Process Corner)
  Data Path Delay:        4.129ns  (logic 0.105ns (2.543%)  route 4.024ns (97.457%))
  Logic Levels:           1  (LUT1=1)
  Clock Uncertainty:      0.152ns  ((TSJ^2 + TIJ^2)^1/2 + DJ) / 2 + PE
    Total System Jitter     (TSJ):    0.050ns
    Total Input Jitter      (TIJ):    0.300ns
    Discrete Jitter          (DJ):    0.000ns
    Phase Error              (PE):    0.000ns
  Timing Exception:       False Path

    Location             Delay type                Incr(ns)  Path(ns)    Netlist Resource(s)
  -------------------------------------------------------------------    -------------------
    PS7_X0Y0             PS7                          0.000     0.000 f  p10_ps_system_i/processing_system7_0/inst/PS7_i/FCLKRESETN[0]
                         net (fo=6, routed)           3.680     3.680    p10_ps_system_i/rst_stream_dma_100/U0/EXT_LPF/ACTIVE_LOW_EXT.ACT_LO_EXT/ext_reset_in
    SLICE_X82Y21         LUT1 (Prop_lut1_I0_O)        0.105     3.785 r  p10_ps_system_i/rst_stream_dma_100/U0/EXT_LPF/ACTIVE_LOW_EXT.ACT_LO_EXT/GENERATE_LEVEL_P_S_CDC.SINGLE_BIT.CROSS_PLEVEL_IN2SCNDRY_IN_cdc_to_i_1/O
                         net (fo=1, routed)           0.344     4.129    p10_ps_system_i/rst_stream_dma_100/U0/EXT_LPF/ACTIVE_LOW_EXT.ACT_LO_EXT/exr_d1
    SLICE_X83Y19         FDRE                                         r  p10_ps_system_i/rst_stream_dma_100/U0/EXT_LPF/ACTIVE_LOW_EXT.ACT_LO_EXT/GENERATE_LEVEL_P_S_CDC.SINGLE_BIT.CROSS_PLEVEL_IN2SCNDRY_IN_cdc_to/D
  -------------------------------------------------------------------    -------------------

                         (clock clk_fpga_1 rise edge)
                                                      0.000     0.000 r  
    PS7_X0Y0             PS7                          0.000     0.000 r  p10_ps_system_i/processing_system7_0/inst/PS7_i/FCLKCLK[1]
                         net (fo=1, routed)           0.905     0.905    p10_ps_system_i/processing_system7_0/inst/FCLK_CLK_unbuffered[1]
    BUFGCTRL_X0Y16       BUFG (Prop_bufg_I_O)         0.077     0.982 r  p10_ps_system_i/processing_system7_0/inst/buffer_fclk_clk_1.FCLK_CLK_1_BUFG/O
                         net (fo=5738, routed)        1.303     2.285    p10_ps_system_i/rst_stream_dma_100/U0/EXT_LPF/ACTIVE_LOW_EXT.ACT_LO_EXT/slowest_sync_clk
    SLICE_X83Y19         FDRE                                         r  p10_ps_system_i/rst_stream_dma_100/U0/EXT_LPF/ACTIVE_LOW_EXT.ACT_LO_EXT/GENERATE_LEVEL_P_S_CDC.SINGLE_BIT.CROSS_PLEVEL_IN2SCNDRY_IN_cdc_to/C





Min Delay Paths
--------------------------------------------------------------------------------------
Slack:                    inf
  Source:                 p10_ps_system_i/processing_system7_0/inst/PS7_i/FCLKRESETN[0]
                            (internal pin)
  Destination:            p10_ps_system_i/rst_dma_100/U0/EXT_LPF/ACTIVE_LOW_EXT.ACT_LO_EXT/GENERATE_LEVEL_P_S_CDC.SINGLE_BIT.CROSS_PLEVEL_IN2SCNDRY_IN_cdc_to/D
                            (rising edge-triggered cell FDRE clocked by clk_fpga_1  {rise@0.000ns fall@5.000ns period=10.000ns})
  Path Group:             (none)
  Path Type:              Hold (Min at Fast Process Corner)
  Data Path Delay:        1.760ns  (logic 0.045ns (2.556%)  route 1.715ns (97.444%))
  Logic Levels:           1  (LUT1=1)
  Clock Uncertainty:      0.152ns  ((TSJ^2 + TIJ^2)^1/2 + DJ) / 2 + PE
    Total System Jitter     (TSJ):    0.050ns
    Total Input Jitter      (TIJ):    0.300ns
    Discrete Jitter          (DJ):    0.000ns
    Phase Error              (PE):    0.000ns
  Timing Exception:       False Path

    Location             Delay type                Incr(ns)  Path(ns)    Netlist Resource(s)
  -------------------------------------------------------------------    -------------------
    PS7_X0Y0             PS7                          0.000     0.000 f  p10_ps_system_i/processing_system7_0/inst/PS7_i/FCLKRESETN[0]
                         net (fo=6, routed)           1.715     1.715    p10_ps_system_i/rst_dma_100/U0/EXT_LPF/ACTIVE_LOW_EXT.ACT_LO_EXT/ext_reset_in
    SLICE_X8Y21          LUT1 (Prop_lut1_I0_O)        0.045     1.760 r  p10_ps_system_i/rst_dma_100/U0/EXT_LPF/ACTIVE_LOW_EXT.ACT_LO_EXT/GENERATE_LEVEL_P_S_CDC.SINGLE_BIT.CROSS_PLEVEL_IN2SCNDRY_IN_cdc_to_i_1/O
                         net (fo=1, routed)           0.000     1.760    p10_ps_system_i/rst_dma_100/U0/EXT_LPF/ACTIVE_LOW_EXT.ACT_LO_EXT/exr_d1
    SLICE_X8Y21          FDRE                                         r  p10_ps_system_i/rst_dma_100/U0/EXT_LPF/ACTIVE_LOW_EXT.ACT_LO_EXT/GENERATE_LEVEL_P_S_CDC.SINGLE_BIT.CROSS_PLEVEL_IN2SCNDRY_IN_cdc_to/D
  -------------------------------------------------------------------    -------------------

                         (clock clk_fpga_1 rise edge)
                                                      0.000     0.000 r  
    PS7_X0Y0             PS7                          0.000     0.000 r  p10_ps_system_i/processing_system7_0/inst/PS7_i/FCLKCLK[1]
                         net (fo=1, routed)           0.337     0.337    p10_ps_system_i/processing_system7_0/inst/FCLK_CLK_unbuffered[1]
    BUFGCTRL_X0Y16       BUFG (Prop_bufg_I_O)         0.029     0.366 r  p10_ps_system_i/processing_system7_0/inst/buffer_fclk_clk_1.FCLK_CLK_1_BUFG/O
                         net (fo=5738, routed)        0.853     1.219    p10_ps_system_i/rst_dma_100/U0/EXT_LPF/ACTIVE_LOW_EXT.ACT_LO_EXT/slowest_sync_clk
    SLICE_X8Y21          FDRE                                         r  p10_ps_system_i/rst_dma_100/U0/EXT_LPF/ACTIVE_LOW_EXT.ACT_LO_EXT/GENERATE_LEVEL_P_S_CDC.SINGLE_BIT.CROSS_PLEVEL_IN2SCNDRY_IN_cdc_to/C





--------------------------------------------------------------------------------------
Path Group:  (none)
From Clock:  clk_fpga_0
  To Clock:  clk_fpga_1

Max Delay            41 Endpoints
Min Delay            51 Endpoints
--------------------------------------------------------------------------------------


Max Delay Paths
--------------------------------------------------------------------------------------
Slack:                    inf
  Source:                 p10_ps_system_i/p10_endpoint_0/inst/impl/stream_reset_request_o_reg/C
                            (rising edge-triggered cell FDRE clocked by clk_fpga_0  {rise@0.000ns fall@7.813ns period=15.625ns})
  Destination:            p10_ps_system_i/rst_stream_dma_100/U0/EXT_LPF/ACTIVE_HIGH_AUX.ACT_HI_AUX/GENERATE_LEVEL_P_S_CDC.SINGLE_BIT.CROSS_PLEVEL_IN2SCNDRY_IN_cdc_to/D
                            (rising edge-triggered cell FDRE clocked by clk_fpga_1  {rise@0.000ns fall@5.000ns period=10.000ns})
  Path Group:             (none)
  Path Type:              Setup (Max at Slow Process Corner)
  Data Path Delay:        2.293ns  (logic 0.433ns (18.880%)  route 1.860ns (81.120%))
  Logic Levels:           0  
  Clock Path Skew:        -0.205ns (DCD - SCD + CPR)
    Destination Clock Delay (DCD):    2.280ns
    Source Clock Delay      (SCD):    2.485ns
    Clock Pessimism Removal (CPR):    0.000ns
  Clock Uncertainty:      0.281ns  ((TSJ^2 + TIJ^2)^1/2 + DJ) / 2 + PE
    Total System Jitter     (TSJ):    0.071ns
    Total Input Jitter      (TIJ):    0.557ns
    Discrete Jitter          (DJ):    0.000ns
    Phase Error              (PE):    0.000ns
  Timing Exception:       False Path

    Location             Delay type                Incr(ns)  Path(ns)    Netlist Resource(s)
  -------------------------------------------------------------------    -------------------
                         (clock clk_fpga_0 rise edge)
                                                      0.000     0.000 r  
    PS7_X0Y0             PS7                          0.000     0.000 r  p10_ps_system_i/processing_system7_0/inst/PS7_i/FCLKCLK[0]
                         net (fo=1, routed)           0.994     0.994    p10_ps_system_i/processing_system7_0/inst/FCLK_CLK_unbuffered[0]
    BUFGCTRL_X0Y18       BUFG (Prop_bufg_I_O)         0.085     1.079 r  p10_ps_system_i/processing_system7_0/inst/buffer_fclk_clk_0.FCLK_CLK_0_BUFG/O
                         net (fo=14141, routed)       1.406     2.485    p10_ps_system_i/p10_endpoint_0/inst/impl/s_axi_aclk
    SLICE_X46Y41         FDRE                                         r  p10_ps_system_i/p10_endpoint_0/inst/impl/stream_reset_request_o_reg/C
  -------------------------------------------------------------------    -------------------
    SLICE_X46Y41         FDRE (Prop_fdre_C_Q)         0.433     2.918 r  p10_ps_system_i/p10_endpoint_0/inst/impl/stream_reset_request_o_reg/Q
                         net (fo=9, routed)           1.860     4.778    p10_ps_system_i/rst_stream_dma_100/U0/EXT_LPF/ACTIVE_HIGH_AUX.ACT_HI_AUX/aux_reset_in
    SLICE_X89Y24         FDRE                                         r  p10_ps_system_i/rst_stream_dma_100/U0/EXT_LPF/ACTIVE_HIGH_AUX.ACT_HI_AUX/GENERATE_LEVEL_P_S_CDC.SINGLE_BIT.CROSS_PLEVEL_IN2SCNDRY_IN_cdc_to/D
  -------------------------------------------------------------------    -------------------

                         (clock clk_fpga_1 rise edge)
                                                      0.000     0.000 r  
    PS7_X0Y0             PS7                          0.000     0.000 r  p10_ps_system_i/processing_system7_0/inst/PS7_i/FCLKCLK[1]
                         net (fo=1, routed)           0.905     0.905    p10_ps_system_i/processing_system7_0/inst/FCLK_CLK_unbuffered[1]
    BUFGCTRL_X0Y16       BUFG (Prop_bufg_I_O)         0.077     0.982 r  p10_ps_system_i/processing_system7_0/inst/buffer_fclk_clk_1.FCLK_CLK_1_BUFG/O
                         net (fo=5738, routed)        1.298     2.280    p10_ps_system_i/rst_stream_dma_100/U0/EXT_LPF/ACTIVE_HIGH_AUX.ACT_HI_AUX/slowest_sync_clk
    SLICE_X89Y24         FDRE                                         r  p10_ps_system_i/rst_stream_dma_100/U0/EXT_LPF/ACTIVE_HIGH_AUX.ACT_HI_AUX/GENERATE_LEVEL_P_S_CDC.SINGLE_BIT.CROSS_PLEVEL_IN2SCNDRY_IN_cdc_to/C





Min Delay Paths
--------------------------------------------------------------------------------------
Slack:                    inf
  Source:                 p10_ps_system_i/s2mm_axis_clock_converter/inst/gen_async_conv.axisc_async_clock_converter_0/xpm_fifo_async_inst/gnuram_async_fifo.xpm_fifo_base_inst/gen_cdc_pntr.wr_pntr_cdc_inst/src_gray_ff_reg[1]/C
                            (rising edge-triggered cell FDRE clocked by clk_fpga_0  {rise@0.000ns fall@7.813ns period=15.625ns})
  Destination:            p10_ps_system_i/s2mm_axis_clock_converter/inst/gen_async_conv.axisc_async_clock_converter_0/xpm_fifo_async_inst/gnuram_async_fifo.xpm_fifo_base_inst/gen_cdc_pntr.wr_pntr_cdc_inst/dest_graysync_ff_reg[0][1]/D
                            (rising edge-triggered cell FDRE clocked by clk_fpga_1  {rise@0.000ns fall@5.000ns period=10.000ns})
  Path Group:             (none)
  Path Type:              Hold (Min at Fast Process Corner)
  Data Path Delay:        0.283ns  (logic 0.128ns (45.233%)  route 0.155ns (54.767%))
  Logic Levels:           0  
  Clock Path Skew:        0.295ns (DCD - SCD - CPR)
    Destination Clock Delay (DCD):    1.208ns
    Source Clock Delay      (SCD):    0.913ns
    Clock Pessimism Removal (CPR):    -0.000ns
  Clock Uncertainty:      0.281ns  ((TSJ^2 + TIJ^2)^1/2 + DJ) / 2 + PE
    Total System Jitter     (TSJ):    0.071ns
    Total Input Jitter      (TIJ):    0.557ns
    Discrete Jitter          (DJ):    0.000ns
    Phase Error              (PE):    0.000ns
  Timing Exception:       False Path

    Location             Delay type                Incr(ns)  Path(ns)    Netlist Resource(s)
  -------------------------------------------------------------------    -------------------
                         (clock clk_fpga_0 rise edge)
                                                      0.000     0.000 r  
    PS7_X0Y0             PS7                          0.000     0.000 r  p10_ps_system_i/processing_system7_0/inst/PS7_i/FCLKCLK[0]
                         net (fo=1, routed)           0.310     0.310    p10_ps_system_i/processing_system7_0/inst/FCLK_CLK_unbuffered[0]
    BUFGCTRL_X0Y18       BUFG (Prop_bufg_I_O)         0.026     0.336 r  p10_ps_system_i/processing_system7_0/inst/buffer_fclk_clk_0.FCLK_CLK_0_BUFG/O
                         net (fo=14141, routed)       0.577     0.913    p10_ps_system_i/s2mm_axis_clock_converter/inst/gen_async_conv.axisc_async_clock_converter_0/xpm_fifo_async_inst/gnuram_async_fifo.xpm_fifo_base_inst/gen_cdc_pntr.wr_pntr_cdc_inst/src_clk
    SLICE_X68Y21         FDRE                                         r  p10_ps_system_i/s2mm_axis_clock_converter/inst/gen_async_conv.axisc_async_clock_converter_0/xpm_fifo_async_inst/gnuram_async_fifo.xpm_fifo_base_inst/gen_cdc_pntr.wr_pntr_cdc_inst/src_gray_ff_reg[1]/C
  -------------------------------------------------------------------    -------------------
    SLICE_X68Y21         FDRE (Prop_fdre_C_Q)         0.128     1.041 r  p10_ps_system_i/s2mm_axis_clock_converter/inst/gen_async_conv.axisc_async_clock_converter_0/xpm_fifo_async_inst/gnuram_async_fifo.xpm_fifo_base_inst/gen_cdc_pntr.wr_pntr_cdc_inst/src_gray_ff_reg[1]/Q
                         net (fo=1, routed)           0.155     1.195    p10_ps_system_i/s2mm_axis_clock_converter/inst/gen_async_conv.axisc_async_clock_converter_0/xpm_fifo_async_inst/gnuram_async_fifo.xpm_fifo_base_inst/gen_cdc_pntr.wr_pntr_cdc_inst/async_path[1]
    SLICE_X70Y21         FDRE                                         r  p10_ps_system_i/s2mm_axis_clock_converter/inst/gen_async_conv.axisc_async_clock_converter_0/xpm_fifo_async_inst/gnuram_async_fifo.xpm_fifo_base_inst/gen_cdc_pntr.wr_pntr_cdc_inst/dest_graysync_ff_reg[0][1]/D
  -------------------------------------------------------------------    -------------------

                         (clock clk_fpga_1 rise edge)
                                                      0.000     0.000 r  
    PS7_X0Y0             PS7                          0.000     0.000 r  p10_ps_system_i/processing_system7_0/inst/PS7_i/FCLKCLK[1]
                         net (fo=1, routed)           0.337     0.337    p10_ps_system_i/processing_system7_0/inst/FCLK_CLK_unbuffered[1]
    BUFGCTRL_X0Y16       BUFG (Prop_bufg_I_O)         0.029     0.366 r  p10_ps_system_i/processing_system7_0/inst/buffer_fclk_clk_1.FCLK_CLK_1_BUFG/O
                         net (fo=5738, routed)        0.842     1.208    p10_ps_system_i/s2mm_axis_clock_converter/inst/gen_async_conv.axisc_async_clock_converter_0/xpm_fifo_async_inst/gnuram_async_fifo.xpm_fifo_base_inst/gen_cdc_pntr.wr_pntr_cdc_inst/dest_clk
    SLICE_X70Y21         FDRE                                         r  p10_ps_system_i/s2mm_axis_clock_converter/inst/gen_async_conv.axisc_async_clock_converter_0/xpm_fifo_async_inst/gnuram_async_fifo.xpm_fifo_base_inst/gen_cdc_pntr.wr_pntr_cdc_inst/dest_graysync_ff_reg[0][1]/C





--------------------------------------------------------------------------------------
Path Group:  (none)
From Clock:  clk_fpga_1
  To Clock:  clk_fpga_1

Max Delay            12 Endpoints
Min Delay            12 Endpoints
--------------------------------------------------------------------------------------


Max Delay Paths
--------------------------------------------------------------------------------------
Slack:                    inf
  Source:                 p10_ps_system_i/rst_dma_100/U0/ACTIVE_LOW_BSR_OUT_DFF[0].FDRE_BSR_N/C
                            (rising edge-triggered cell FDRE clocked by clk_fpga_1  {rise@0.000ns fall@5.000ns period=10.000ns})
  Destination:            p10_ps_system_i/hp0_interconnect/m00_couplers/auto_pc/inst/gen_axi4_axi3.axi3_conv_inst/USE_WRITE.write_addr_inst/USE_B_CHANNEL.cmd_b_queue/inst/fifo_gen_inst/inst_fifo_gen/gconvfifo.rf/grf.rf/rstblk/ngwrdrst.grst.g7serrst.gnsckt_wrst.rst_wr_reg2_inst/arststages_ff_reg[0]/PRE
                            (recovery check against rising-edge clock clk_fpga_1  {rise@0.000ns fall@5.000ns period=10.000ns})
  Path Group:             (none)
  Path Type:              Recovery (Max at Slow Process Corner)
  Data Path Delay:        3.223ns  (logic 0.538ns (16.693%)  route 2.685ns (83.307%))
  Logic Levels:           1  (LUT1=1)
  Clock Path Skew:        -0.175ns (DCD - SCD + CPR)
    Destination Clock Delay (DCD):    2.374ns
    Source Clock Delay      (SCD):    2.549ns
    Clock Pessimism Removal (CPR):    0.000ns
  Clock Uncertainty:      0.154ns  ((TSJ^2 + TIJ^2)^1/2 + DJ) / 2 + PE
    Total System Jitter     (TSJ):    0.071ns
    Total Input Jitter      (TIJ):    0.300ns
    Discrete Jitter          (DJ):    0.000ns
    Phase Error              (PE):    0.000ns
  Timing Exception:       False Path

    Location             Delay type                Incr(ns)  Path(ns)    Netlist Resource(s)
  -------------------------------------------------------------------    -------------------
                         (clock clk_fpga_1 rise edge)
                                                      0.000     0.000 r  
    PS7_X0Y0             PS7                          0.000     0.000 r  p10_ps_system_i/processing_system7_0/inst/PS7_i/FCLKCLK[1]
                         net (fo=1, routed)           0.994     0.994    p10_ps_system_i/processing_system7_0/inst/FCLK_CLK_unbuffered[1]
    BUFGCTRL_X0Y16       BUFG (Prop_bufg_I_O)         0.085     1.079 r  p10_ps_system_i/processing_system7_0/inst/buffer_fclk_clk_1.FCLK_CLK_1_BUFG/O
                         net (fo=5738, routed)        1.470     2.549    p10_ps_system_i/rst_dma_100/U0/slowest_sync_clk
    SLICE_X8Y21          FDRE                                         r  p10_ps_system_i/rst_dma_100/U0/ACTIVE_LOW_BSR_OUT_DFF[0].FDRE_BSR_N/C
  -------------------------------------------------------------------    -------------------
    SLICE_X8Y21          FDRE (Prop_fdre_C_Q)         0.433     2.982 r  p10_ps_system_i/rst_dma_100/U0/ACTIVE_LOW_BSR_OUT_DFF[0].FDRE_BSR_N/Q
                         net (fo=20, routed)          1.326     4.308    p10_ps_system_i/hp0_interconnect/m00_couplers/auto_pc/inst/gen_axi4_axi3.axi3_conv_inst/USE_WRITE.write_addr_inst/USE_BURSTS.cmd_queue/inst/aresetn
    SLICE_X12Y40         LUT1 (Prop_lut1_I0_O)        0.105     4.413 f  p10_ps_system_i/hp0_interconnect/m00_couplers/auto_pc/inst/gen_axi4_axi3.axi3_conv_inst/USE_WRITE.write_addr_inst/USE_BURSTS.cmd_queue/inst/S_AXI_AREADY_I_i_1/O
                         net (fo=248, routed)         1.359     5.772    p10_ps_system_i/hp0_interconnect/m00_couplers/auto_pc/inst/gen_axi4_axi3.axi3_conv_inst/USE_WRITE.write_addr_inst/USE_B_CHANNEL.cmd_b_queue/inst/fifo_gen_inst/inst_fifo_gen/gconvfifo.rf/grf.rf/rstblk/ngwrdrst.grst.g7serrst.gnsckt_wrst.rst_wr_reg2_inst/src_arst
    SLICE_X6Y37          FDPE                                         f  p10_ps_system_i/hp0_interconnect/m00_couplers/auto_pc/inst/gen_axi4_axi3.axi3_conv_inst/USE_WRITE.write_addr_inst/USE_B_CHANNEL.cmd_b_queue/inst/fifo_gen_inst/inst_fifo_gen/gconvfifo.rf/grf.rf/rstblk/ngwrdrst.grst.g7serrst.gnsckt_wrst.rst_wr_reg2_inst/arststages_ff_reg[0]/PRE
  -------------------------------------------------------------------    -------------------

                         (clock clk_fpga_1 rise edge)
                                                      0.000     0.000 r  
    PS7_X0Y0             PS7                          0.000     0.000 r  p10_ps_system_i/processing_system7_0/inst/PS7_i/FCLKCLK[1]
                         net (fo=1, routed)           0.905     0.905    p10_ps_system_i/processing_system7_0/inst/FCLK_CLK_unbuffered[1]
    BUFGCTRL_X0Y16       BUFG (Prop_bufg_I_O)         0.077     0.982 r  p10_ps_system_i/processing_system7_0/inst/buffer_fclk_clk_1.FCLK_CLK_1_BUFG/O
                         net (fo=5738, routed)        1.392     2.374    p10_ps_system_i/hp0_interconnect/m00_couplers/auto_pc/inst/gen_axi4_axi3.axi3_conv_inst/USE_WRITE.write_addr_inst/USE_B_CHANNEL.cmd_b_queue/inst/fifo_gen_inst/inst_fifo_gen/gconvfifo.rf/grf.rf/rstblk/ngwrdrst.grst.g7serrst.gnsckt_wrst.rst_wr_reg2_inst/dest_clk
    SLICE_X6Y37          FDPE                                         r  p10_ps_system_i/hp0_interconnect/m00_couplers/auto_pc/inst/gen_axi4_axi3.axi3_conv_inst/USE_WRITE.write_addr_inst/USE_B_CHANNEL.cmd_b_queue/inst/fifo_gen_inst/inst_fifo_gen/gconvfifo.rf/grf.rf/rstblk/ngwrdrst.grst.g7serrst.gnsckt_wrst.rst_wr_reg2_inst/arststages_ff_reg[0]/C





Min Delay Paths
--------------------------------------------------------------------------------------
Slack:                    inf
  Source:                 p10_ps_system_i/axi_dma_0/U0/I_RST_MODULE/GEN_RESET_FOR_S2MM.RESET_I/GEN_ASYNC_RESET.GEN_PRMRY_GRTR_EQL_SCNDRY.s_halt_reg/C
                            (rising edge-triggered cell FDRE clocked by clk_fpga_1  {rise@0.000ns fall@5.000ns period=10.000ns})
  Destination:            p10_ps_system_i/axi_dma_0/U0/I_RST_MODULE/GEN_RESET_FOR_S2MM.RESET_I/GEN_ASYNC_RESET.GEN_PRMRY_GRTR_EQL_SCNDRY.HALT_PROCESS/GENERATE_LEVEL_P_S_CDC.SINGLE_BIT.CROSS_PLEVEL_IN2SCNDRY_IN_cdc_to/D
                            (rising edge-triggered cell FDRE clocked by clk_fpga_1  {rise@0.000ns fall@5.000ns period=10.000ns})
  Path Group:             (none)
  Path Type:              Hold (Min at Fast Process Corner)
  Data Path Delay:        0.267ns  (logic 0.128ns (47.936%)  route 0.139ns (52.064%))
  Logic Levels:           0  
  Clock Path Skew:        0.296ns (DCD - SCD - CPR)
    Destination Clock Delay (DCD):    1.213ns
    Source Clock Delay      (SCD):    0.917ns
    Clock Pessimism Removal (CPR):    -0.000ns
  Clock Uncertainty:      0.154ns  ((TSJ^2 + TIJ^2)^1/2 + DJ) / 2 + PE
    Total System Jitter     (TSJ):    0.071ns
    Total Input Jitter      (TIJ):    0.300ns
    Discrete Jitter          (DJ):    0.000ns
    Phase Error              (PE):    0.000ns
  Timing Exception:       False Path

    Location             Delay type                Incr(ns)  Path(ns)    Netlist Resource(s)
  -------------------------------------------------------------------    -------------------
                         (clock clk_fpga_1 rise edge)
                                                      0.000     0.000 r  
    PS7_X0Y0             PS7                          0.000     0.000 r  p10_ps_system_i/processing_system7_0/inst/PS7_i/FCLKCLK[1]
                         net (fo=1, routed)           0.310     0.310    p10_ps_system_i/processing_system7_0/inst/FCLK_CLK_unbuffered[1]
    BUFGCTRL_X0Y16       BUFG (Prop_bufg_I_O)         0.026     0.336 r  p10_ps_system_i/processing_system7_0/inst/buffer_fclk_clk_1.FCLK_CLK_1_BUFG/O
                         net (fo=5738, routed)        0.581     0.917    p10_ps_system_i/axi_dma_0/U0/I_RST_MODULE/GEN_RESET_FOR_S2MM.RESET_I/m_axi_sg_aclk
    SLICE_X25Y22         FDRE                                         r  p10_ps_system_i/axi_dma_0/U0/I_RST_MODULE/GEN_RESET_FOR_S2MM.RESET_I/GEN_ASYNC_RESET.GEN_PRMRY_GRTR_EQL_SCNDRY.s_halt_reg/C
  -------------------------------------------------------------------    -------------------
    SLICE_X25Y22         FDRE (Prop_fdre_C_Q)         0.128     1.044 r  p10_ps_system_i/axi_dma_0/U0/I_RST_MODULE/GEN_RESET_FOR_S2MM.RESET_I/GEN_ASYNC_RESET.GEN_PRMRY_GRTR_EQL_SCNDRY.s_halt_reg/Q
                         net (fo=1, routed)           0.139     1.184    p10_ps_system_i/axi_dma_0/U0/I_RST_MODULE/GEN_RESET_FOR_S2MM.RESET_I/GEN_ASYNC_RESET.GEN_PRMRY_GRTR_EQL_SCNDRY.HALT_PROCESS/prmry_in
    SLICE_X25Y21         FDRE                                         r  p10_ps_system_i/axi_dma_0/U0/I_RST_MODULE/GEN_RESET_FOR_S2MM.RESET_I/GEN_ASYNC_RESET.GEN_PRMRY_GRTR_EQL_SCNDRY.HALT_PROCESS/GENERATE_LEVEL_P_S_CDC.SINGLE_BIT.CROSS_PLEVEL_IN2SCNDRY_IN_cdc_to/D
  -------------------------------------------------------------------    -------------------

                         (clock clk_fpga_1 rise edge)
                                                      0.000     0.000 r  
    PS7_X0Y0             PS7                          0.000     0.000 r  p10_ps_system_i/processing_system7_0/inst/PS7_i/FCLKCLK[1]
                         net (fo=1, routed)           0.337     0.337    p10_ps_system_i/processing_system7_0/inst/FCLK_CLK_unbuffered[1]
    BUFGCTRL_X0Y16       BUFG (Prop_bufg_I_O)         0.029     0.366 r  p10_ps_system_i/processing_system7_0/inst/buffer_fclk_clk_1.FCLK_CLK_1_BUFG/O
                         net (fo=5738, routed)        0.847     1.213    p10_ps_system_i/axi_dma_0/U0/I_RST_MODULE/GEN_RESET_FOR_S2MM.RESET_I/GEN_ASYNC_RESET.GEN_PRMRY_GRTR_EQL_SCNDRY.HALT_PROCESS/m_axi_s2mm_aclk
    SLICE_X25Y21         FDRE                                         r  p10_ps_system_i/axi_dma_0/U0/I_RST_MODULE/GEN_RESET_FOR_S2MM.RESET_I/GEN_ASYNC_RESET.GEN_PRMRY_GRTR_EQL_SCNDRY.HALT_PROCESS/GENERATE_LEVEL_P_S_CDC.SINGLE_BIT.CROSS_PLEVEL_IN2SCNDRY_IN_cdc_to/C





--------------------------------------------------------------------------------------
Path Group:  (none)
From Clock:  clk_fpga_2
  To Clock:  clk_fpga_1

Max Delay            50 Endpoints
Min Delay            50 Endpoints
--------------------------------------------------------------------------------------


Max Delay Paths
--------------------------------------------------------------------------------------
Slack:                    inf
  Source:                 p10_ps_system_i/processing_system7_0/inst/PS7_i/MAXIGP0ACLK
                            (rising edge-triggered cell PS7 clocked by clk_fpga_2  {rise@0.000ns fall@10.000ns period=20.000ns})
  Destination:            p10_ps_system_i/axi_dma_0/U0/I_AXI_DMA_REG_MODULE/GEN_AXI_LITE_IF.AXI_LITE_IF_I/GEN_ASYNC_WRITE.REG_WADDR_TO_IPCLK1/GENERATE_LEVEL_P_S_CDC.MULTI_BIT.FOR_IN_cdc_to[16].CROSS2_PLEVEL_IN2SCNDRY_IN_cdc_to/D
                            (rising edge-triggered cell FDRE clocked by clk_fpga_1  {rise@0.000ns fall@5.000ns period=10.000ns})
  Path Group:             (none)
  Path Type:              Setup (Max at Slow Process Corner)
  Data Path Delay:        3.913ns  (logic 1.127ns (28.804%)  route 2.786ns (71.196%))
  Logic Levels:           0  
  Clock Path Skew:        -0.244ns (DCD - SCD + CPR)
    Destination Clock Delay (DCD):    2.298ns
    Source Clock Delay      (SCD):    2.542ns
    Clock Pessimism Removal (CPR):    0.000ns
  Clock Uncertainty:      0.337ns  ((TSJ^2 + TIJ^2)^1/2 + DJ) / 2 + PE
    Total System Jitter     (TSJ):    0.071ns
    Total Input Jitter      (TIJ):    0.671ns
    Discrete Jitter          (DJ):    0.000ns
    Phase Error              (PE):    0.000ns
  Timing Exception:       False Path

    Location             Delay type                Incr(ns)  Path(ns)    Netlist Resource(s)
  -------------------------------------------------------------------    -------------------
                         (clock clk_fpga_2 rise edge)
                                                      0.000     0.000 r  
    PS7_X0Y0             PS7                          0.000     0.000 r  p10_ps_system_i/processing_system7_0/inst/PS7_i/FCLKCLK[2]
                         net (fo=1, routed)           0.994     0.994    p10_ps_system_i/processing_system7_0/inst/FCLK_CLK_unbuffered[2]
    BUFGCTRL_X0Y17       BUFG (Prop_bufg_I_O)         0.085     1.079 r  p10_ps_system_i/processing_system7_0/inst/buffer_fclk_clk_2.FCLK_CLK_2_BUFG/O
                         net (fo=1157, routed)        1.463     2.542    p10_ps_system_i/processing_system7_0/inst/M_AXI_GP0_ACLK
    PS7_X0Y0             PS7                                          r  p10_ps_system_i/processing_system7_0/inst/PS7_i/MAXIGP0ACLK
  -------------------------------------------------------------------    -------------------
    PS7_X0Y0             PS7 (Prop_ps7_MAXIGP0ACLK_MAXIGP0WDATA[16])
                                                      1.127     3.669 r  p10_ps_system_i/processing_system7_0/inst/PS7_i/MAXIGP0WDATA[16]
                         net (fo=2, routed)           2.786     6.455    p10_ps_system_i/axi_dma_0/U0/I_AXI_DMA_REG_MODULE/GEN_AXI_LITE_IF.AXI_LITE_IF_I/GEN_ASYNC_WRITE.REG_WADDR_TO_IPCLK1/s_axi_lite_wdata[14]
    SLICE_X21Y30         FDRE                                         r  p10_ps_system_i/axi_dma_0/U0/I_AXI_DMA_REG_MODULE/GEN_AXI_LITE_IF.AXI_LITE_IF_I/GEN_ASYNC_WRITE.REG_WADDR_TO_IPCLK1/GENERATE_LEVEL_P_S_CDC.MULTI_BIT.FOR_IN_cdc_to[16].CROSS2_PLEVEL_IN2SCNDRY_IN_cdc_to/D
  -------------------------------------------------------------------    -------------------

                         (clock clk_fpga_1 rise edge)
                                                      0.000     0.000 r  
    PS7_X0Y0             PS7                          0.000     0.000 r  p10_ps_system_i/processing_system7_0/inst/PS7_i/FCLKCLK[1]
                         net (fo=1, routed)           0.905     0.905    p10_ps_system_i/processing_system7_0/inst/FCLK_CLK_unbuffered[1]
    BUFGCTRL_X0Y16       BUFG (Prop_bufg_I_O)         0.077     0.982 r  p10_ps_system_i/processing_system7_0/inst/buffer_fclk_clk_1.FCLK_CLK_1_BUFG/O
                         net (fo=5738, routed)        1.316     2.298    p10_ps_system_i/axi_dma_0/U0/I_AXI_DMA_REG_MODULE/GEN_AXI_LITE_IF.AXI_LITE_IF_I/GEN_ASYNC_WRITE.REG_WADDR_TO_IPCLK1/m_axi_sg_aclk
    SLICE_X21Y30         FDRE                                         r  p10_ps_system_i/axi_dma_0/U0/I_AXI_DMA_REG_MODULE/GEN_AXI_LITE_IF.AXI_LITE_IF_I/GEN_ASYNC_WRITE.REG_WADDR_TO_IPCLK1/GENERATE_LEVEL_P_S_CDC.MULTI_BIT.FOR_IN_cdc_to[16].CROSS2_PLEVEL_IN2SCNDRY_IN_cdc_to/C





Min Delay Paths
--------------------------------------------------------------------------------------
Slack:                    inf
  Source:                 p10_ps_system_i/axi_dma_0/U0/I_AXI_DMA_REG_MODULE/GEN_AXI_LITE_IF.AXI_LITE_IF_I/GEN_ASYNC_WRITE.rdy_to2_cdc_from_reg/C
                            (rising edge-triggered cell FDRE clocked by clk_fpga_2  {rise@0.000ns fall@10.000ns period=20.000ns})
  Destination:            p10_ps_system_i/axi_dma_0/U0/I_AXI_DMA_REG_MODULE/GEN_AXI_LITE_IF.AXI_LITE_IF_I/GEN_ASYNC_WRITE.REG3_WREADY/GENERATE_LEVEL_P_S_CDC.SINGLE_BIT.CROSS_PLEVEL_IN2SCNDRY_IN_cdc_to/D
                            (rising edge-triggered cell FDRE clocked by clk_fpga_1  {rise@0.000ns fall@5.000ns period=10.000ns})
  Path Group:             (none)
  Path Type:              Hold (Min at Fast Process Corner)
  Data Path Delay:        0.300ns  (logic 0.141ns (46.934%)  route 0.159ns (53.066%))
  Logic Levels:           0  
  Clock Path Skew:        0.297ns (DCD - SCD - CPR)
    Destination Clock Delay (DCD):    1.190ns
    Source Clock Delay      (SCD):    0.893ns
    Clock Pessimism Removal (CPR):    -0.000ns
  Clock Uncertainty:      0.337ns  ((TSJ^2 + TIJ^2)^1/2 + DJ) / 2 + PE
    Total System Jitter     (TSJ):    0.071ns
    Total Input Jitter      (TIJ):    0.671ns
    Discrete Jitter          (DJ):    0.000ns
    Phase Error              (PE):    0.000ns
  Timing Exception:       False Path

    Location             Delay type                Incr(ns)  Path(ns)    Netlist Resource(s)
  -------------------------------------------------------------------    -------------------
                         (clock clk_fpga_2 rise edge)
                                                      0.000     0.000 r  
    PS7_X0Y0             PS7                          0.000     0.000 r  p10_ps_system_i/processing_system7_0/inst/PS7_i/FCLKCLK[2]
                         net (fo=1, routed)           0.310     0.310    p10_ps_system_i/processing_system7_0/inst/FCLK_CLK_unbuffered[2]
    BUFGCTRL_X0Y17       BUFG (Prop_bufg_I_O)         0.026     0.336 r  p10_ps_system_i/processing_system7_0/inst/buffer_fclk_clk_2.FCLK_CLK_2_BUFG/O
                         net (fo=1157, routed)        0.557     0.893    p10_ps_system_i/axi_dma_0/U0/I_AXI_DMA_REG_MODULE/GEN_AXI_LITE_IF.AXI_LITE_IF_I/s_axi_lite_aclk
    SLICE_X37Y98         FDRE                                         r  p10_ps_system_i/axi_dma_0/U0/I_AXI_DMA_REG_MODULE/GEN_AXI_LITE_IF.AXI_LITE_IF_I/GEN_ASYNC_WRITE.rdy_to2_cdc_from_reg/C
  -------------------------------------------------------------------    -------------------
    SLICE_X37Y98         FDRE (Prop_fdre_C_Q)         0.141     1.034 r  p10_ps_system_i/axi_dma_0/U0/I_AXI_DMA_REG_MODULE/GEN_AXI_LITE_IF.AXI_LITE_IF_I/GEN_ASYNC_WRITE.rdy_to2_cdc_from_reg/Q
                         net (fo=1, routed)           0.159     1.193    p10_ps_system_i/axi_dma_0/U0/I_AXI_DMA_REG_MODULE/GEN_AXI_LITE_IF.AXI_LITE_IF_I/GEN_ASYNC_WRITE.REG3_WREADY/prmry_in
    SLICE_X37Y96         FDRE                                         r  p10_ps_system_i/axi_dma_0/U0/I_AXI_DMA_REG_MODULE/GEN_AXI_LITE_IF.AXI_LITE_IF_I/GEN_ASYNC_WRITE.REG3_WREADY/GENERATE_LEVEL_P_S_CDC.SINGLE_BIT.CROSS_PLEVEL_IN2SCNDRY_IN_cdc_to/D
  -------------------------------------------------------------------    -------------------

                         (clock clk_fpga_1 rise edge)
                                                      0.000     0.000 r  
    PS7_X0Y0             PS7                          0.000     0.000 r  p10_ps_system_i/processing_system7_0/inst/PS7_i/FCLKCLK[1]
                         net (fo=1, routed)           0.337     0.337    p10_ps_system_i/processing_system7_0/inst/FCLK_CLK_unbuffered[1]
    BUFGCTRL_X0Y16       BUFG (Prop_bufg_I_O)         0.029     0.366 r  p10_ps_system_i/processing_system7_0/inst/buffer_fclk_clk_1.FCLK_CLK_1_BUFG/O
                         net (fo=5738, routed)        0.824     1.190    p10_ps_system_i/axi_dma_0/U0/I_AXI_DMA_REG_MODULE/GEN_AXI_LITE_IF.AXI_LITE_IF_I/GEN_ASYNC_WRITE.REG3_WREADY/m_axi_sg_aclk
    SLICE_X37Y96         FDRE                                         r  p10_ps_system_i/axi_dma_0/U0/I_AXI_DMA_REG_MODULE/GEN_AXI_LITE_IF.AXI_LITE_IF_I/GEN_ASYNC_WRITE.REG3_WREADY/GENERATE_LEVEL_P_S_CDC.SINGLE_BIT.CROSS_PLEVEL_IN2SCNDRY_IN_cdc_to/C





--------------------------------------------------------------------------------------
Path Group:  (none)
From Clock:  
  To Clock:  clk_fpga_2

Max Delay             2 Endpoints
Min Delay             2 Endpoints
--------------------------------------------------------------------------------------


Max Delay Paths
--------------------------------------------------------------------------------------
Slack:                    inf
  Source:                 p10_ps_system_i/processing_system7_0/inst/PS7_i/FCLKRESETN[0]
                            (internal pin)
  Destination:            p10_ps_system_i/rst_axil_50/U0/EXT_LPF/ACTIVE_LOW_EXT.ACT_LO_EXT/GENERATE_LEVEL_P_S_CDC.SINGLE_BIT.CROSS_PLEVEL_IN2SCNDRY_IN_cdc_to/D
                            (rising edge-triggered cell FDRE clocked by clk_fpga_2  {rise@0.000ns fall@10.000ns period=20.000ns})
  Path Group:             (none)
  Path Type:              Setup (Max at Slow Process Corner)
  Data Path Delay:        2.506ns  (logic 0.105ns (4.190%)  route 2.401ns (95.810%))
  Logic Levels:           1  (LUT1=1)
  Clock Uncertainty:      0.301ns  ((TSJ^2 + TIJ^2)^1/2 + DJ) / 2 + PE
    Total System Jitter     (TSJ):    0.050ns
    Total Input Jitter      (TIJ):    0.600ns
    Discrete Jitter          (DJ):    0.000ns
    Phase Error              (PE):    0.000ns
  Timing Exception:       False Path

    Location             Delay type                Incr(ns)  Path(ns)    Netlist Resource(s)
  -------------------------------------------------------------------    -------------------
    PS7_X0Y0             PS7                          0.000     0.000 f  p10_ps_system_i/processing_system7_0/inst/PS7_i/FCLKRESETN[0]
                         net (fo=6, routed)           1.766     1.766    p10_ps_system_i/rst_axil_50/U0/EXT_LPF/ACTIVE_LOW_EXT.ACT_LO_EXT/ext_reset_in
    SLICE_X44Y100        LUT1 (Prop_lut1_I0_O)        0.105     1.871 r  p10_ps_system_i/rst_axil_50/U0/EXT_LPF/ACTIVE_LOW_EXT.ACT_LO_EXT/GENERATE_LEVEL_P_S_CDC.SINGLE_BIT.CROSS_PLEVEL_IN2SCNDRY_IN_cdc_to_i_1/O
                         net (fo=1, routed)           0.636     2.506    p10_ps_system_i/rst_axil_50/U0/EXT_LPF/ACTIVE_LOW_EXT.ACT_LO_EXT/exr_d1
    SLICE_X41Y105        FDRE                                         r  p10_ps_system_i/rst_axil_50/U0/EXT_LPF/ACTIVE_LOW_EXT.ACT_LO_EXT/GENERATE_LEVEL_P_S_CDC.SINGLE_BIT.CROSS_PLEVEL_IN2SCNDRY_IN_cdc_to/D
  -------------------------------------------------------------------    -------------------

                         (clock clk_fpga_2 rise edge)
                                                      0.000     0.000 r  
    PS7_X0Y0             PS7                          0.000     0.000 r  p10_ps_system_i/processing_system7_0/inst/PS7_i/FCLKCLK[2]
                         net (fo=1, routed)           0.905     0.905    p10_ps_system_i/processing_system7_0/inst/FCLK_CLK_unbuffered[2]
    BUFGCTRL_X0Y17       BUFG (Prop_bufg_I_O)         0.077     0.982 r  p10_ps_system_i/processing_system7_0/inst/buffer_fclk_clk_2.FCLK_CLK_2_BUFG/O
                         net (fo=1157, routed)        1.390     2.372    p10_ps_system_i/rst_axil_50/U0/EXT_LPF/ACTIVE_LOW_EXT.ACT_LO_EXT/slowest_sync_clk
    SLICE_X41Y105        FDRE                                         r  p10_ps_system_i/rst_axil_50/U0/EXT_LPF/ACTIVE_LOW_EXT.ACT_LO_EXT/GENERATE_LEVEL_P_S_CDC.SINGLE_BIT.CROSS_PLEVEL_IN2SCNDRY_IN_cdc_to/C





Min Delay Paths
--------------------------------------------------------------------------------------
Slack:                    inf
  Source:                 p10_ps_system_i/processing_system7_0/inst/PS7_i/FCLKRESETN[0]
                            (internal pin)
  Destination:            p10_ps_system_i/rst_stream_dma_50/U0/EXT_LPF/ACTIVE_LOW_EXT.ACT_LO_EXT/GENERATE_LEVEL_P_S_CDC.SINGLE_BIT.CROSS_PLEVEL_IN2SCNDRY_IN_cdc_to/D
                            (rising edge-triggered cell FDRE clocked by clk_fpga_2  {rise@0.000ns fall@10.000ns period=20.000ns})
  Path Group:             (none)
  Path Type:              Hold (Min at Fast Process Corner)
  Data Path Delay:        0.689ns  (logic 0.045ns (6.535%)  route 0.644ns (93.465%))
  Logic Levels:           1  (LUT1=1)
  Clock Uncertainty:      0.301ns  ((TSJ^2 + TIJ^2)^1/2 + DJ) / 2 + PE
    Total System Jitter     (TSJ):    0.050ns
    Total Input Jitter      (TIJ):    0.600ns
    Discrete Jitter          (DJ):    0.000ns
    Phase Error              (PE):    0.000ns
  Timing Exception:       False Path

    Location             Delay type                Incr(ns)  Path(ns)    Netlist Resource(s)
  -------------------------------------------------------------------    -------------------
    PS7_X0Y0             PS7                          0.000     0.000 f  p10_ps_system_i/processing_system7_0/inst/PS7_i/FCLKRESETN[0]
                         net (fo=6, routed)           0.644     0.644    p10_ps_system_i/rst_stream_dma_50/U0/EXT_LPF/ACTIVE_LOW_EXT.ACT_LO_EXT/ext_reset_in
    SLICE_X39Y94         LUT1 (Prop_lut1_I0_O)        0.045     0.689 r  p10_ps_system_i/rst_stream_dma_50/U0/EXT_LPF/ACTIVE_LOW_EXT.ACT_LO_EXT/GENERATE_LEVEL_P_S_CDC.SINGLE_BIT.CROSS_PLEVEL_IN2SCNDRY_IN_cdc_to_i_1/O
                         net (fo=1, routed)           0.000     0.689    p10_ps_system_i/rst_stream_dma_50/U0/EXT_LPF/ACTIVE_LOW_EXT.ACT_LO_EXT/exr_d1
    SLICE_X39Y94         FDRE                                         r  p10_ps_system_i/rst_stream_dma_50/U0/EXT_LPF/ACTIVE_LOW_EXT.ACT_LO_EXT/GENERATE_LEVEL_P_S_CDC.SINGLE_BIT.CROSS_PLEVEL_IN2SCNDRY_IN_cdc_to/D
  -------------------------------------------------------------------    -------------------

                         (clock clk_fpga_2 rise edge)
                                                      0.000     0.000 r  
    PS7_X0Y0             PS7                          0.000     0.000 r  p10_ps_system_i/processing_system7_0/inst/PS7_i/FCLKCLK[2]
                         net (fo=1, routed)           0.337     0.337    p10_ps_system_i/processing_system7_0/inst/FCLK_CLK_unbuffered[2]
    BUFGCTRL_X0Y17       BUFG (Prop_bufg_I_O)         0.029     0.366 r  p10_ps_system_i/processing_system7_0/inst/buffer_fclk_clk_2.FCLK_CLK_2_BUFG/O
                         net (fo=1157, routed)        0.824     1.190    p10_ps_system_i/rst_stream_dma_50/U0/EXT_LPF/ACTIVE_LOW_EXT.ACT_LO_EXT/slowest_sync_clk
    SLICE_X39Y94         FDRE                                         r  p10_ps_system_i/rst_stream_dma_50/U0/EXT_LPF/ACTIVE_LOW_EXT.ACT_LO_EXT/GENERATE_LEVEL_P_S_CDC.SINGLE_BIT.CROSS_PLEVEL_IN2SCNDRY_IN_cdc_to/C





--------------------------------------------------------------------------------------
Path Group:  (none)
From Clock:  clk_fpga_0
  To Clock:  clk_fpga_2

Max Delay             6 Endpoints
Min Delay            42 Endpoints
--------------------------------------------------------------------------------------


Max Delay Paths
--------------------------------------------------------------------------------------
Slack:                    inf
  Source:                 p10_ps_system_i/p10_axil_clock_converter/inst/gen_clock_conv.gen_async_lite_conv.clock_conv_lite_fwd_ar/dest_ack_reg/C
                            (rising edge-triggered cell FDRE clocked by clk_fpga_0  {rise@0.000ns fall@7.813ns period=15.625ns})
  Destination:            p10_ps_system_i/p10_axil_clock_converter/inst/gen_clock_conv.gen_async_lite_conv.clock_conv_lite_fwd_ar/handshake/xpm_cdc_single_dest2src_inst/syncstages_ff_reg[0]/D
                            (rising edge-triggered cell FDRE clocked by clk_fpga_2  {rise@0.000ns fall@10.000ns period=20.000ns})
  Path Group:             (none)
  Path Type:              Setup (Max at Slow Process Corner)
  Data Path Delay:        1.187ns  (logic 0.379ns (31.924%)  route 0.808ns (68.076%))
  Logic Levels:           0  
  Clock Path Skew:        -0.287ns (DCD - SCD + CPR)
    Destination Clock Delay (DCD):    2.219ns
    Source Clock Delay      (SCD):    2.506ns
    Clock Pessimism Removal (CPR):    0.000ns
  Clock Uncertainty:      0.382ns  ((TSJ^2 + TIJ^2)^1/2 + DJ) / 2 + PE
    Total System Jitter     (TSJ):    0.071ns
    Total Input Jitter      (TIJ):    0.762ns
    Discrete Jitter          (DJ):    0.000ns
    Phase Error              (PE):    0.000ns
  Timing Exception:       False Path

    Location             Delay type                Incr(ns)  Path(ns)    Netlist Resource(s)
  -------------------------------------------------------------------    -------------------
                         (clock clk_fpga_0 rise edge)
                                                      0.000     0.000 r  
    PS7_X0Y0             PS7                          0.000     0.000 r  p10_ps_system_i/processing_system7_0/inst/PS7_i/FCLKCLK[0]
                         net (fo=1, routed)           0.994     0.994    p10_ps_system_i/processing_system7_0/inst/FCLK_CLK_unbuffered[0]
    BUFGCTRL_X0Y18       BUFG (Prop_bufg_I_O)         0.085     1.079 r  p10_ps_system_i/processing_system7_0/inst/buffer_fclk_clk_0.FCLK_CLK_0_BUFG/O
                         net (fo=14141, routed)       1.427     2.506    p10_ps_system_i/p10_axil_clock_converter/inst/gen_clock_conv.gen_async_lite_conv.clock_conv_lite_fwd_ar/m_valid_i_reg_1
    SLICE_X31Y88         FDRE                                         r  p10_ps_system_i/p10_axil_clock_converter/inst/gen_clock_conv.gen_async_lite_conv.clock_conv_lite_fwd_ar/dest_ack_reg/C
  -------------------------------------------------------------------    -------------------
    SLICE_X31Y88         FDRE (Prop_fdre_C_Q)         0.379     2.885 r  p10_ps_system_i/p10_axil_clock_converter/inst/gen_clock_conv.gen_async_lite_conv.clock_conv_lite_fwd_ar/dest_ack_reg/Q
                         net (fo=2, routed)           0.808     3.693    p10_ps_system_i/p10_axil_clock_converter/inst/gen_clock_conv.gen_async_lite_conv.clock_conv_lite_fwd_ar/handshake/xpm_cdc_single_dest2src_inst/src_in
    SLICE_X36Y96         FDRE                                         r  p10_ps_system_i/p10_axil_clock_converter/inst/gen_clock_conv.gen_async_lite_conv.clock_conv_lite_fwd_ar/handshake/xpm_cdc_single_dest2src_inst/syncstages_ff_reg[0]/D
  -------------------------------------------------------------------    -------------------

                         (clock clk_fpga_2 rise edge)
                                                      0.000     0.000 r  
    PS7_X0Y0             PS7                          0.000     0.000 r  p10_ps_system_i/processing_system7_0/inst/PS7_i/FCLKCLK[2]
                         net (fo=1, routed)           0.905     0.905    p10_ps_system_i/processing_system7_0/inst/FCLK_CLK_unbuffered[2]
    BUFGCTRL_X0Y17       BUFG (Prop_bufg_I_O)         0.077     0.982 r  p10_ps_system_i/processing_system7_0/inst/buffer_fclk_clk_2.FCLK_CLK_2_BUFG/O
                         net (fo=1157, routed)        1.236     2.219    p10_ps_system_i/p10_axil_clock_converter/inst/gen_clock_conv.gen_async_lite_conv.clock_conv_lite_fwd_ar/handshake/xpm_cdc_single_dest2src_inst/dest_clk
    SLICE_X36Y96         FDRE                                         r  p10_ps_system_i/p10_axil_clock_converter/inst/gen_clock_conv.gen_async_lite_conv.clock_conv_lite_fwd_ar/handshake/xpm_cdc_single_dest2src_inst/syncstages_ff_reg[0]/C





Min Delay Paths
--------------------------------------------------------------------------------------
Slack:                    inf
  Source:                 p10_ps_system_i/p10_axil_clock_converter/inst/gen_clock_conv.gen_async_lite_conv.clock_conv_lite_resp_r/handshake/src_hsdata_ff_reg[24]/C
                            (rising edge-triggered cell FDRE clocked by clk_fpga_0  {rise@0.000ns fall@7.813ns period=15.625ns})
  Destination:            p10_ps_system_i/p10_axil_clock_converter/inst/gen_clock_conv.gen_async_lite_conv.clock_conv_lite_resp_r/handshake/dest_hsdata_ff_reg[24]/D
                            (rising edge-triggered cell FDRE clocked by clk_fpga_2  {rise@0.000ns fall@10.000ns period=20.000ns})
  Path Group:             (none)
  Path Type:              Hold (Min at Fast Process Corner)
  Data Path Delay:        0.277ns  (logic 0.141ns (50.884%)  route 0.136ns (49.116%))
  Logic Levels:           0  
  Clock Path Skew:        0.295ns (DCD - SCD - CPR)
    Destination Clock Delay (DCD):    1.194ns
    Source Clock Delay      (SCD):    0.899ns
    Clock Pessimism Removal (CPR):    -0.000ns
  Clock Uncertainty:      0.382ns  ((TSJ^2 + TIJ^2)^1/2 + DJ) / 2 + PE
    Total System Jitter     (TSJ):    0.071ns
    Total Input Jitter      (TIJ):    0.762ns
    Discrete Jitter          (DJ):    0.000ns
    Phase Error              (PE):    0.000ns
  Timing Exception:       False Path

    Location             Delay type                Incr(ns)  Path(ns)    Netlist Resource(s)
  -------------------------------------------------------------------    -------------------
                         (clock clk_fpga_0 rise edge)
                                                      0.000     0.000 r  
    PS7_X0Y0             PS7                          0.000     0.000 r  p10_ps_system_i/processing_system7_0/inst/PS7_i/FCLKCLK[0]
                         net (fo=1, routed)           0.310     0.310    p10_ps_system_i/processing_system7_0/inst/FCLK_CLK_unbuffered[0]
    BUFGCTRL_X0Y18       BUFG (Prop_bufg_I_O)         0.026     0.336 r  p10_ps_system_i/processing_system7_0/inst/buffer_fclk_clk_0.FCLK_CLK_0_BUFG/O
                         net (fo=14141, routed)       0.563     0.899    p10_ps_system_i/p10_axil_clock_converter/inst/gen_clock_conv.gen_async_lite_conv.clock_conv_lite_resp_r/handshake/src_clk
    SLICE_X28Y74         FDRE                                         r  p10_ps_system_i/p10_axil_clock_converter/inst/gen_clock_conv.gen_async_lite_conv.clock_conv_lite_resp_r/handshake/src_hsdata_ff_reg[24]/C
  -------------------------------------------------------------------    -------------------
    SLICE_X28Y74         FDRE (Prop_fdre_C_Q)         0.141     1.040 r  p10_ps_system_i/p10_axil_clock_converter/inst/gen_clock_conv.gen_async_lite_conv.clock_conv_lite_resp_r/handshake/src_hsdata_ff_reg[24]/Q
                         net (fo=1, routed)           0.136     1.176    p10_ps_system_i/p10_axil_clock_converter/inst/gen_clock_conv.gen_async_lite_conv.clock_conv_lite_resp_r/handshake/src_hsdata_ff[24]
    SLICE_X29Y75         FDRE                                         r  p10_ps_system_i/p10_axil_clock_converter/inst/gen_clock_conv.gen_async_lite_conv.clock_conv_lite_resp_r/handshake/dest_hsdata_ff_reg[24]/D
  -------------------------------------------------------------------    -------------------

                         (clock clk_fpga_2 rise edge)
                                                      0.000     0.000 r  
    PS7_X0Y0             PS7                          0.000     0.000 r  p10_ps_system_i/processing_system7_0/inst/PS7_i/FCLKCLK[2]
                         net (fo=1, routed)           0.337     0.337    p10_ps_system_i/processing_system7_0/inst/FCLK_CLK_unbuffered[2]
    BUFGCTRL_X0Y17       BUFG (Prop_bufg_I_O)         0.029     0.366 r  p10_ps_system_i/processing_system7_0/inst/buffer_fclk_clk_2.FCLK_CLK_2_BUFG/O
                         net (fo=1157, routed)        0.828     1.194    p10_ps_system_i/p10_axil_clock_converter/inst/gen_clock_conv.gen_async_lite_conv.clock_conv_lite_resp_r/handshake/dest_clk
    SLICE_X29Y75         FDRE                                         r  p10_ps_system_i/p10_axil_clock_converter/inst/gen_clock_conv.gen_async_lite_conv.clock_conv_lite_resp_r/handshake/dest_hsdata_ff_reg[24]/C





--------------------------------------------------------------------------------------
Path Group:  (none)
From Clock:  clk_fpga_1
  To Clock:  clk_fpga_2

Max Delay            35 Endpoints
Min Delay            35 Endpoints
--------------------------------------------------------------------------------------


Max Delay Paths
--------------------------------------------------------------------------------------
Slack:                    inf
  Source:                 p10_ps_system_i/axi_dma_0/U0/I_AXI_DMA_REG_MODULE/GEN_S2MM_REGISTERS.I_S2MM_DMA_REGISTER/introut_reg/C
                            (rising edge-triggered cell FDRE clocked by clk_fpga_1  {rise@0.000ns fall@5.000ns period=10.000ns})
  Destination:            p10_ps_system_i/axi_dma_0/U0/I_AXI_DMA_REG_MODULE/GEN_S2MM_REGISTERS.GEN_INTROUT_ASYNC.PROC_REG_INTR2LITE/GENERATE_LEVEL_P_S_CDC.SINGLE_BIT.CROSS_PLEVEL_IN2SCNDRY_IN_cdc_to/D
                            (rising edge-triggered cell FDRE clocked by clk_fpga_2  {rise@0.000ns fall@10.000ns period=20.000ns})
  Path Group:             (none)
  Path Type:              Setup (Max at Slow Process Corner)
  Data Path Delay:        0.936ns  (logic 0.379ns (40.505%)  route 0.557ns (59.495%))
  Logic Levels:           0  
  Clock Path Skew:        -0.256ns (DCD - SCD + CPR)
    Destination Clock Delay (DCD):    2.286ns
    Source Clock Delay      (SCD):    2.542ns
    Clock Pessimism Removal (CPR):    0.000ns
  Clock Uncertainty:      0.337ns  ((TSJ^2 + TIJ^2)^1/2 + DJ) / 2 + PE
    Total System Jitter     (TSJ):    0.071ns
    Total Input Jitter      (TIJ):    0.671ns
    Discrete Jitter          (DJ):    0.000ns
    Phase Error              (PE):    0.000ns
  Timing Exception:       False Path

    Location             Delay type                Incr(ns)  Path(ns)    Netlist Resource(s)
  -------------------------------------------------------------------    -------------------
                         (clock clk_fpga_1 rise edge)
                                                      0.000     0.000 r  
    PS7_X0Y0             PS7                          0.000     0.000 r  p10_ps_system_i/processing_system7_0/inst/PS7_i/FCLKCLK[1]
                         net (fo=1, routed)           0.994     0.994    p10_ps_system_i/processing_system7_0/inst/FCLK_CLK_unbuffered[1]
    BUFGCTRL_X0Y16       BUFG (Prop_bufg_I_O)         0.085     1.079 r  p10_ps_system_i/processing_system7_0/inst/buffer_fclk_clk_1.FCLK_CLK_1_BUFG/O
                         net (fo=5738, routed)        1.463     2.542    p10_ps_system_i/axi_dma_0/U0/I_AXI_DMA_REG_MODULE/GEN_S2MM_REGISTERS.I_S2MM_DMA_REGISTER/m_axi_sg_aclk
    SLICE_X31Y19         FDRE                                         r  p10_ps_system_i/axi_dma_0/U0/I_AXI_DMA_REG_MODULE/GEN_S2MM_REGISTERS.I_S2MM_DMA_REGISTER/introut_reg/C
  -------------------------------------------------------------------    -------------------
    SLICE_X31Y19         FDRE (Prop_fdre_C_Q)         0.379     2.921 r  p10_ps_system_i/axi_dma_0/U0/I_AXI_DMA_REG_MODULE/GEN_S2MM_REGISTERS.I_S2MM_DMA_REGISTER/introut_reg/Q
                         net (fo=1, routed)           0.557     3.478    p10_ps_system_i/axi_dma_0/U0/I_AXI_DMA_REG_MODULE/GEN_S2MM_REGISTERS.GEN_INTROUT_ASYNC.PROC_REG_INTR2LITE/prmry_in
    SLICE_X31Y26         FDRE                                         r  p10_ps_system_i/axi_dma_0/U0/I_AXI_DMA_REG_MODULE/GEN_S2MM_REGISTERS.GEN_INTROUT_ASYNC.PROC_REG_INTR2LITE/GENERATE_LEVEL_P_S_CDC.SINGLE_BIT.CROSS_PLEVEL_IN2SCNDRY_IN_cdc_to/D
  -------------------------------------------------------------------    -------------------

                         (clock clk_fpga_2 rise edge)
                                                      0.000     0.000 r  
    PS7_X0Y0             PS7                          0.000     0.000 r  p10_ps_system_i/processing_system7_0/inst/PS7_i/FCLKCLK[2]
                         net (fo=1, routed)           0.905     0.905    p10_ps_system_i/processing_system7_0/inst/FCLK_CLK_unbuffered[2]
    BUFGCTRL_X0Y17       BUFG (Prop_bufg_I_O)         0.077     0.982 r  p10_ps_system_i/processing_system7_0/inst/buffer_fclk_clk_2.FCLK_CLK_2_BUFG/O
                         net (fo=1157, routed)        1.304     2.286    p10_ps_system_i/axi_dma_0/U0/I_AXI_DMA_REG_MODULE/GEN_S2MM_REGISTERS.GEN_INTROUT_ASYNC.PROC_REG_INTR2LITE/s_axi_lite_aclk
    SLICE_X31Y26         FDRE                                         r  p10_ps_system_i/axi_dma_0/U0/I_AXI_DMA_REG_MODULE/GEN_S2MM_REGISTERS.GEN_INTROUT_ASYNC.PROC_REG_INTR2LITE/GENERATE_LEVEL_P_S_CDC.SINGLE_BIT.CROSS_PLEVEL_IN2SCNDRY_IN_cdc_to/C





Min Delay Paths
--------------------------------------------------------------------------------------
Slack:                    inf
  Source:                 p10_ps_system_i/axi_dma_0/U0/I_AXI_DMA_REG_MODULE/GEN_AXI_LITE_IF.AXI_LITE_IF_I/GEN_ASYNC_READ.lite_rdata_cdc_from_reg[25]/C
                            (rising edge-triggered cell FDRE clocked by clk_fpga_1  {rise@0.000ns fall@5.000ns period=10.000ns})
  Destination:            p10_ps_system_i/axi_dma_0/U0/I_AXI_DMA_REG_MODULE/GEN_AXI_LITE_IF.AXI_LITE_IF_I/GEN_ASYNC_READ.REG_DATA2LITE_CLOCK/GENERATE_LEVEL_P_S_CDC.MULTI_BIT.FOR_IN_cdc_to[25].CROSS2_PLEVEL_IN2SCNDRY_IN_cdc_to/D
                            (rising edge-triggered cell FDRE clocked by clk_fpga_2  {rise@0.000ns fall@10.000ns period=20.000ns})
  Path Group:             (none)
  Path Type:              Hold (Min at Fast Process Corner)
  Data Path Delay:        0.235ns  (logic 0.128ns (54.525%)  route 0.107ns (45.475%))
  Logic Levels:           0  
  Clock Path Skew:        0.298ns (DCD - SCD - CPR)
    Destination Clock Delay (DCD):    1.224ns
    Source Clock Delay      (SCD):    0.926ns
    Clock Pessimism Removal (CPR):    -0.000ns
  Clock Uncertainty:      0.337ns  ((TSJ^2 + TIJ^2)^1/2 + DJ) / 2 + PE
    Total System Jitter     (TSJ):    0.071ns
    Total Input Jitter      (TIJ):    0.671ns
    Discrete Jitter          (DJ):    0.000ns
    Phase Error              (PE):    0.000ns
  Timing Exception:       False Path

    Location             Delay type                Incr(ns)  Path(ns)    Netlist Resource(s)
  -------------------------------------------------------------------    -------------------
                         (clock clk_fpga_1 rise edge)
                                                      0.000     0.000 r  
    PS7_X0Y0             PS7                          0.000     0.000 r  p10_ps_system_i/processing_system7_0/inst/PS7_i/FCLKCLK[1]
                         net (fo=1, routed)           0.310     0.310    p10_ps_system_i/processing_system7_0/inst/FCLK_CLK_unbuffered[1]
    BUFGCTRL_X0Y16       BUFG (Prop_bufg_I_O)         0.026     0.336 r  p10_ps_system_i/processing_system7_0/inst/buffer_fclk_clk_1.FCLK_CLK_1_BUFG/O
                         net (fo=5738, routed)        0.590     0.926    p10_ps_system_i/axi_dma_0/U0/I_AXI_DMA_REG_MODULE/GEN_AXI_LITE_IF.AXI_LITE_IF_I/m_axi_sg_aclk
    SLICE_X29Y44         FDRE                                         r  p10_ps_system_i/axi_dma_0/U0/I_AXI_DMA_REG_MODULE/GEN_AXI_LITE_IF.AXI_LITE_IF_I/GEN_ASYNC_READ.lite_rdata_cdc_from_reg[25]/C
  -------------------------------------------------------------------    -------------------
    SLICE_X29Y44         FDRE (Prop_fdre_C_Q)         0.128     1.054 r  p10_ps_system_i/axi_dma_0/U0/I_AXI_DMA_REG_MODULE/GEN_AXI_LITE_IF.AXI_LITE_IF_I/GEN_ASYNC_READ.lite_rdata_cdc_from_reg[25]/Q
                         net (fo=1, routed)           0.107     1.160    p10_ps_system_i/axi_dma_0/U0/I_AXI_DMA_REG_MODULE/GEN_AXI_LITE_IF.AXI_LITE_IF_I/GEN_ASYNC_READ.REG_DATA2LITE_CLOCK/prmry_vect_in[25]
    SLICE_X29Y45         FDRE                                         r  p10_ps_system_i/axi_dma_0/U0/I_AXI_DMA_REG_MODULE/GEN_AXI_LITE_IF.AXI_LITE_IF_I/GEN_ASYNC_READ.REG_DATA2LITE_CLOCK/GENERATE_LEVEL_P_S_CDC.MULTI_BIT.FOR_IN_cdc_to[25].CROSS2_PLEVEL_IN2SCNDRY_IN_cdc_to/D
  -------------------------------------------------------------------    -------------------

                         (clock clk_fpga_2 rise edge)
                                                      0.000     0.000 r  
    PS7_X0Y0             PS7                          0.000     0.000 r  p10_ps_system_i/processing_system7_0/inst/PS7_i/FCLKCLK[2]
                         net (fo=1, routed)           0.337     0.337    p10_ps_system_i/processing_system7_0/inst/FCLK_CLK_unbuffered[2]
    BUFGCTRL_X0Y17       BUFG (Prop_bufg_I_O)         0.029     0.366 r  p10_ps_system_i/processing_system7_0/inst/buffer_fclk_clk_2.FCLK_CLK_2_BUFG/O
                         net (fo=1157, routed)        0.858     1.224    p10_ps_system_i/axi_dma_0/U0/I_AXI_DMA_REG_MODULE/GEN_AXI_LITE_IF.AXI_LITE_IF_I/GEN_ASYNC_READ.REG_DATA2LITE_CLOCK/s_axi_lite_aclk
    SLICE_X29Y45         FDRE                                         r  p10_ps_system_i/axi_dma_0/U0/I_AXI_DMA_REG_MODULE/GEN_AXI_LITE_IF.AXI_LITE_IF_I/GEN_ASYNC_READ.REG_DATA2LITE_CLOCK/GENERATE_LEVEL_P_S_CDC.MULTI_BIT.FOR_IN_cdc_to[25].CROSS2_PLEVEL_IN2SCNDRY_IN_cdc_to/C





--------------------------------------------------------------------------------------
Path Group:  (none)
From Clock:  clk_fpga_2
  To Clock:  clk_fpga_2

Max Delay             1 Endpoint
Min Delay             1 Endpoint
--------------------------------------------------------------------------------------


Max Delay Paths
--------------------------------------------------------------------------------------
Slack:                    inf
  Source:                 p10_ps_system_i/rst_stream_dma_50/U0/ACTIVE_LOW_PR_OUT_DFF[0].FDRE_PER_N/C
                            (rising edge-triggered cell FDRE clocked by clk_fpga_2  {rise@0.000ns fall@10.000ns period=20.000ns})
  Destination:            p10_ps_system_i/axi_dma_0/U0/I_RST_MODULE/REG_HRD_RST_OUT/GENERATE_LEVEL_P_S_CDC.SINGLE_BIT.CROSS_PLEVEL_IN2SCNDRY_IN_cdc_to/D
                            (rising edge-triggered cell FDRE clocked by clk_fpga_2  {rise@0.000ns fall@10.000ns period=20.000ns})
  Path Group:             (none)
  Path Type:              Setup (Max at Slow Process Corner)
  Data Path Delay:        0.740ns  (logic 0.379ns (51.198%)  route 0.361ns (48.802%))
  Logic Levels:           0  
  Clock Path Skew:        -0.250ns (DCD - SCD + CPR)
    Destination Clock Delay (DCD):    2.219ns
    Source Clock Delay      (SCD):    2.469ns
    Clock Pessimism Removal (CPR):    0.000ns
  Clock Uncertainty:      0.302ns  ((TSJ^2 + TIJ^2)^1/2 + DJ) / 2 + PE
    Total System Jitter     (TSJ):    0.071ns
    Total Input Jitter      (TIJ):    0.600ns
    Discrete Jitter          (DJ):    0.000ns
    Phase Error              (PE):    0.000ns
  Timing Exception:       False Path

    Location             Delay type                Incr(ns)  Path(ns)    Netlist Resource(s)
  -------------------------------------------------------------------    -------------------
                         (clock clk_fpga_2 rise edge)
                                                      0.000     0.000 r  
    PS7_X0Y0             PS7                          0.000     0.000 r  p10_ps_system_i/processing_system7_0/inst/PS7_i/FCLKCLK[2]
                         net (fo=1, routed)           0.994     0.994    p10_ps_system_i/processing_system7_0/inst/FCLK_CLK_unbuffered[2]
    BUFGCTRL_X0Y17       BUFG (Prop_bufg_I_O)         0.085     1.079 r  p10_ps_system_i/processing_system7_0/inst/buffer_fclk_clk_2.FCLK_CLK_2_BUFG/O
                         net (fo=1157, routed)        1.390     2.469    p10_ps_system_i/rst_stream_dma_50/U0/slowest_sync_clk
    SLICE_X41Y96         FDRE                                         r  p10_ps_system_i/rst_stream_dma_50/U0/ACTIVE_LOW_PR_OUT_DFF[0].FDRE_PER_N/C
  -------------------------------------------------------------------    -------------------
    SLICE_X41Y96         FDRE (Prop_fdre_C_Q)         0.379     2.848 r  p10_ps_system_i/rst_stream_dma_50/U0/ACTIVE_LOW_PR_OUT_DFF[0].FDRE_PER_N/Q
                         net (fo=2, routed)           0.361     3.209    p10_ps_system_i/axi_dma_0/U0/I_RST_MODULE/REG_HRD_RST_OUT/axi_resetn
    SLICE_X39Y96         FDRE                                         r  p10_ps_system_i/axi_dma_0/U0/I_RST_MODULE/REG_HRD_RST_OUT/GENERATE_LEVEL_P_S_CDC.SINGLE_BIT.CROSS_PLEVEL_IN2SCNDRY_IN_cdc_to/D
  -------------------------------------------------------------------    -------------------

                         (clock clk_fpga_2 rise edge)
                                                      0.000     0.000 r  
    PS7_X0Y0             PS7                          0.000     0.000 r  p10_ps_system_i/processing_system7_0/inst/PS7_i/FCLKCLK[2]
                         net (fo=1, routed)           0.905     0.905    p10_ps_system_i/processing_system7_0/inst/FCLK_CLK_unbuffered[2]
    BUFGCTRL_X0Y17       BUFG (Prop_bufg_I_O)         0.077     0.982 r  p10_ps_system_i/processing_system7_0/inst/buffer_fclk_clk_2.FCLK_CLK_2_BUFG/O
                         net (fo=1157, routed)        1.236     2.219    p10_ps_system_i/axi_dma_0/U0/I_RST_MODULE/REG_HRD_RST_OUT/s_axi_lite_aclk
    SLICE_X39Y96         FDRE                                         r  p10_ps_system_i/axi_dma_0/U0/I_RST_MODULE/REG_HRD_RST_OUT/GENERATE_LEVEL_P_S_CDC.SINGLE_BIT.CROSS_PLEVEL_IN2SCNDRY_IN_cdc_to/C





Min Delay Paths
--------------------------------------------------------------------------------------
Slack:                    inf
  Source:                 p10_ps_system_i/rst_stream_dma_50/U0/ACTIVE_LOW_PR_OUT_DFF[0].FDRE_PER_N/C
                            (rising edge-triggered cell FDRE clocked by clk_fpga_2  {rise@0.000ns fall@10.000ns period=20.000ns})
  Destination:            p10_ps_system_i/axi_dma_0/U0/I_RST_MODULE/REG_HRD_RST_OUT/GENERATE_LEVEL_P_S_CDC.SINGLE_BIT.CROSS_PLEVEL_IN2SCNDRY_IN_cdc_to/D
                            (rising edge-triggered cell FDRE clocked by clk_fpga_2  {rise@0.000ns fall@10.000ns period=20.000ns})
  Path Group:             (none)
  Path Type:              Hold (Min at Fast Process Corner)
  Data Path Delay:        0.312ns  (logic 0.141ns (45.155%)  route 0.171ns (54.845%))
  Logic Levels:           0  
  Clock Path Skew:        0.298ns (DCD - SCD - CPR)
    Destination Clock Delay (DCD):    1.190ns
    Source Clock Delay      (SCD):    0.892ns
    Clock Pessimism Removal (CPR):    -0.000ns
  Clock Uncertainty:      0.302ns  ((TSJ^2 + TIJ^2)^1/2 + DJ) / 2 + PE
    Total System Jitter     (TSJ):    0.071ns
    Total Input Jitter      (TIJ):    0.600ns
    Discrete Jitter          (DJ):    0.000ns
    Phase Error              (PE):    0.000ns
  Timing Exception:       False Path

    Location             Delay type                Incr(ns)  Path(ns)    Netlist Resource(s)
  -------------------------------------------------------------------    -------------------
                         (clock clk_fpga_2 rise edge)
                                                      0.000     0.000 r  
    PS7_X0Y0             PS7                          0.000     0.000 r  p10_ps_system_i/processing_system7_0/inst/PS7_i/FCLKCLK[2]
                         net (fo=1, routed)           0.310     0.310    p10_ps_system_i/processing_system7_0/inst/FCLK_CLK_unbuffered[2]
    BUFGCTRL_X0Y17       BUFG (Prop_bufg_I_O)         0.026     0.336 r  p10_ps_system_i/processing_system7_0/inst/buffer_fclk_clk_2.FCLK_CLK_2_BUFG/O
                         net (fo=1157, routed)        0.556     0.892    p10_ps_system_i/rst_stream_dma_50/U0/slowest_sync_clk
    SLICE_X41Y96         FDRE                                         r  p10_ps_system_i/rst_stream_dma_50/U0/ACTIVE_LOW_PR_OUT_DFF[0].FDRE_PER_N/C
  -------------------------------------------------------------------    -------------------
    SLICE_X41Y96         FDRE (Prop_fdre_C_Q)         0.141     1.033 r  p10_ps_system_i/rst_stream_dma_50/U0/ACTIVE_LOW_PR_OUT_DFF[0].FDRE_PER_N/Q
                         net (fo=2, routed)           0.171     1.204    p10_ps_system_i/axi_dma_0/U0/I_RST_MODULE/REG_HRD_RST_OUT/axi_resetn
    SLICE_X39Y96         FDRE                                         r  p10_ps_system_i/axi_dma_0/U0/I_RST_MODULE/REG_HRD_RST_OUT/GENERATE_LEVEL_P_S_CDC.SINGLE_BIT.CROSS_PLEVEL_IN2SCNDRY_IN_cdc_to/D
  -------------------------------------------------------------------    -------------------

                         (clock clk_fpga_2 rise edge)
                                                      0.000     0.000 r  
    PS7_X0Y0             PS7                          0.000     0.000 r  p10_ps_system_i/processing_system7_0/inst/PS7_i/FCLKCLK[2]
                         net (fo=1, routed)           0.337     0.337    p10_ps_system_i/processing_system7_0/inst/FCLK_CLK_unbuffered[2]
    BUFGCTRL_X0Y17       BUFG (Prop_bufg_I_O)         0.029     0.366 r  p10_ps_system_i/processing_system7_0/inst/buffer_fclk_clk_2.FCLK_CLK_2_BUFG/O
                         net (fo=1157, routed)        0.824     1.190    p10_ps_system_i/axi_dma_0/U0/I_RST_MODULE/REG_HRD_RST_OUT/s_axi_lite_aclk
    SLICE_X39Y96         FDRE                                         r  p10_ps_system_i/axi_dma_0/U0/I_RST_MODULE/REG_HRD_RST_OUT/GENERATE_LEVEL_P_S_CDC.SINGLE_BIT.CROSS_PLEVEL_IN2SCNDRY_IN_cdc_to/C





--------------------------------------------------------------------------------------
Path Group:  (none)
From Clock:  clk_fpga_0
  To Clock:  

Max Delay             8 Endpoints
Min Delay             8 Endpoints
--------------------------------------------------------------------------------------


Max Delay Paths
--------------------------------------------------------------------------------------
Slack:                    inf
  Source:                 p10_ps_system_i/p10_endpoint_0/inst/impl/u_transport/g_physical[0].u_b_phy/fault_stuck_high_reg/C
                            (rising edge-triggered cell FDRE clocked by clk_fpga_0  {rise@0.000ns fall@7.813ns period=15.625ns})
  Destination:            pl_activity_led_n_o[3]
                            (output port)
  Path Group:             (none)
  Path Type:              Max at Slow Process Corner
  Data Path Delay:        15.761ns  (logic 5.462ns (34.653%)  route 10.299ns (65.347%))
  Logic Levels:           8  (LUT2=1 LUT3=1 LUT4=2 LUT5=2 LUT6=1 OBUF=1)
  Clock Uncertainty:      0.236ns  ((TSJ^2 + TIJ^2)^1/2 + DJ) / 2 + PE
    Total System Jitter     (TSJ):    0.050ns
    Total Input Jitter      (TIJ):    0.469ns
    Discrete Jitter          (DJ):    0.000ns
    Phase Error              (PE):    0.000ns

    Location             Delay type                Incr(ns)  Path(ns)    Netlist Resource(s)
  -------------------------------------------------------------------    -------------------
                         (clock clk_fpga_0 rise edge)
                                                      0.000     0.000 r  
    PS7_X0Y0             PS7                          0.000     0.000 r  p10_ps_system_i/processing_system7_0/inst/PS7_i/FCLKCLK[0]
                         net (fo=1, routed)           0.994     0.994    p10_ps_system_i/processing_system7_0/inst/FCLK_CLK_unbuffered[0]
    BUFGCTRL_X0Y18       BUFG (Prop_bufg_I_O)         0.085     1.079 r  p10_ps_system_i/processing_system7_0/inst/buffer_fclk_clk_0.FCLK_CLK_0_BUFG/O
                         net (fo=14141, routed)       1.442     2.521    p10_ps_system_i/p10_endpoint_0/inst/impl/u_transport/g_physical[0].u_b_phy/s_axi_aclk
    SLICE_X65Y60         FDRE                                         r  p10_ps_system_i/p10_endpoint_0/inst/impl/u_transport/g_physical[0].u_b_phy/fault_stuck_high_reg/C
  -------------------------------------------------------------------    -------------------
    SLICE_X65Y60         FDRE (Prop_fdre_C_Q)         0.379     2.900 f  p10_ps_system_i/p10_endpoint_0/inst/impl/u_transport/g_physical[0].u_b_phy/fault_stuck_high_reg/Q
                         net (fo=48, routed)          1.231     4.131    p10_ps_system_i/p10_endpoint_0/inst/impl/u_transport/g_physical[0].u_b_phy/b_fault_stuck[0]
    SLICE_X87Y56         LUT2 (Prop_lut2_I0_O)        0.105     4.236 f  p10_ps_system_i/p10_endpoint_0/inst/impl/u_transport/g_physical[0].u_b_phy/tx_store_lane1_reg_0_i_53/O
                         net (fo=19, routed)          0.556     4.792    p10_ps_system_i/p10_endpoint_0/inst/impl/u_transport/g_physical[0].u_b_phy/any_safety_fault015_in
    SLICE_X87Y56         LUT5 (Prop_lut5_I0_O)        0.125     4.917 r  p10_ps_system_i/p10_endpoint_0/inst/impl/u_transport/g_physical[0].u_b_phy/tfdu_txd_o[1]_INST_0_i_2/O
                         net (fo=21, routed)          0.930     5.847    p10_ps_system_i/p10_endpoint_0/inst/impl/u_transport/g_physical[1].u_b_phy/u_p8c_physical_safety/p_298_in
    SLICE_X59Y60         LUT5 (Prop_lut5_I0_O)        0.275     6.122 r  p10_ps_system_i/p10_endpoint_0/inst/impl/u_transport/g_physical[1].u_b_phy/u_p8c_physical_safety/tfdu_txd_o[1]_INST_0_i_1/O
                         net (fo=80, routed)          1.326     7.448    p10_ps_system_i/p10_endpoint_0/inst/impl/u_transport/g_receive[1].u_rx_admission/core_b_txd[0]
    SLICE_X54Y87         LUT4 (Prop_lut4_I3_O)        0.105     7.553 f  p10_ps_system_i/p10_endpoint_0/inst/impl/u_transport/g_receive[1].u_rx_admission/p10_1r_snapshot_q[0][5]_i_1/O
                         net (fo=39, routed)          1.445     8.998    p10_ps_system_i/p10_endpoint_0/inst/impl/u_transport/g_receive[1].u_parser/rx_pending_reg[1]
    SLICE_X70Y47         LUT4 (Prop_lut4_I0_O)        0.105     9.103 r  p10_ps_system_i/p10_endpoint_0/inst/impl/u_transport/g_receive[1].u_parser/pl_activity_led_n_o[3]_INST_0_i_4/O
                         net (fo=3, routed)           0.328     9.431    p10_ps_system_i/p10_endpoint_0/inst/impl/u_transport/g_receive[1].u_parser/pl_activity_led_n_o[3]_INST_0_i_4_n_0
    SLICE_X69Y47         LUT3 (Prop_lut3_I2_O)        0.108     9.539 r  p10_ps_system_i/p10_endpoint_0/inst/impl/u_transport/g_receive[1].u_parser/pl_activity_led_n_o[3]_INST_0_i_1/O
                         net (fo=14, routed)          2.822    12.361    p10_ps_system_i/p10_endpoint_0/inst/u_activity_leds/hold_counter_q_reg[3][3]_1
    SLICE_X109Y96        LUT6 (Prop_lut6_I0_O)        0.275    12.636 r  p10_ps_system_i/p10_endpoint_0/inst/u_activity_leds/pl_activity_led_n_o[3]_INST_0/O
                         net (fo=1, routed)           1.661    14.297    pl_activity_led_n_o_OBUF[3]
    J16                  OBUF (Prop_obuf_I_O)         3.985    18.282 r  pl_activity_led_n_o_OBUF[3]_inst/O
                         net (fo=0)                   0.000    18.282    pl_activity_led_n_o[3]
    J16                                                               r  pl_activity_led_n_o[3] (OUT)
  -------------------------------------------------------------------    -------------------





Min Delay Paths
--------------------------------------------------------------------------------------
Slack:                    inf
  Source:                 p10_ps_system_i/p10_endpoint_0/inst/u_activity_leds/hold_counter_q_reg[3][6]/C
                            (rising edge-triggered cell FDCE clocked by clk_fpga_0  {rise@0.000ns fall@7.813ns period=15.625ns})
  Destination:            pl_activity_led_n_o[3]
                            (output port)
  Path Group:             (none)
  Path Type:              Min at Fast Process Corner
  Data Path Delay:        3.717ns  (logic 3.111ns (83.691%)  route 0.606ns (16.309%))
  Logic Levels:           2  (LUT6=1 OBUF=1)
  Clock Uncertainty:      0.236ns  ((TSJ^2 + TIJ^2)^1/2 + DJ) / 2 + PE
    Total System Jitter     (TSJ):    0.050ns
    Total Input Jitter      (TIJ):    0.469ns
    Discrete Jitter          (DJ):    0.000ns
    Phase Error              (PE):    0.000ns

    Location             Delay type                Incr(ns)  Path(ns)    Netlist Resource(s)
  -------------------------------------------------------------------    -------------------
                         (clock clk_fpga_0 rise edge)
                                                      0.000     0.000 r  
    PS7_X0Y0             PS7                          0.000     0.000 r  p10_ps_system_i/processing_system7_0/inst/PS7_i/FCLKCLK[0]
                         net (fo=1, routed)           0.310     0.310    p10_ps_system_i/processing_system7_0/inst/FCLK_CLK_unbuffered[0]
    BUFGCTRL_X0Y18       BUFG (Prop_bufg_I_O)         0.026     0.336 r  p10_ps_system_i/processing_system7_0/inst/buffer_fclk_clk_0.FCLK_CLK_0_BUFG/O
                         net (fo=14141, routed)       0.635     0.971    p10_ps_system_i/p10_endpoint_0/inst/u_activity_leds/s_axi_aclk
    SLICE_X109Y96        FDCE                                         r  p10_ps_system_i/p10_endpoint_0/inst/u_activity_leds/hold_counter_q_reg[3][6]/C
  -------------------------------------------------------------------    -------------------
    SLICE_X109Y96        FDCE (Prop_fdce_C_Q)         0.141     1.112 f  p10_ps_system_i/p10_endpoint_0/inst/u_activity_leds/hold_counter_q_reg[3][6]/Q
                         net (fo=4, routed)           0.161     1.273    p10_ps_system_i/p10_endpoint_0/inst/u_activity_leds/hold_counter_q_reg[3][6]_0[3]
    SLICE_X109Y96        LUT6 (Prop_lut6_I1_O)        0.045     1.318 r  p10_ps_system_i/p10_endpoint_0/inst/u_activity_leds/pl_activity_led_n_o[3]_INST_0/O
                         net (fo=1, routed)           0.445     1.763    pl_activity_led_n_o_OBUF[3]
    J16                  OBUF (Prop_obuf_I_O)         2.925     4.688 r  pl_activity_led_n_o_OBUF[3]_inst/O
                         net (fo=0)                   0.000     4.688    pl_activity_led_n_o[3]
    J16                                                               r  pl_activity_led_n_o[3] (OUT)
  -------------------------------------------------------------------    -------------------





--------------------------------------------------------------------------------------
Path Group:  (none)
From Clock:  
  To Clock:  clk_fpga_0

Max Delay             2 Endpoints
Min Delay             2 Endpoints
--------------------------------------------------------------------------------------


Max Delay Paths
--------------------------------------------------------------------------------------
Slack:                    inf
  Source:                 tfdu_rxd_i[0]
                            (input port)
  Destination:            p10_ps_system_i/p10_endpoint_0/inst/impl/u_transport/g_physical[0].u_b_phy/rxd_ff1_reg/D
                            (rising edge-triggered cell FDSE clocked by clk_fpga_0  {rise@0.000ns fall@7.813ns period=15.625ns})
  Path Group:             (none)
  Path Type:              Setup (Max at Slow Process Corner)
  Data Path Delay:        4.336ns  (logic 1.400ns (32.295%)  route 2.935ns (67.705%))
  Logic Levels:           1  (IBUF=1)
  Clock Path Skew:        2.272ns (DCD - SCD + CPR)
    Destination Clock Delay (DCD):    2.272ns
    Source Clock Delay      (SCD):    0.000ns
    Clock Pessimism Removal (CPR):    0.000ns
  Clock Uncertainty:      0.236ns  ((TSJ^2 + TIJ^2)^1/2 + DJ) / 2 + PE
    Total System Jitter     (TSJ):    0.050ns
    Total Input Jitter      (TIJ):    0.469ns
    Discrete Jitter          (DJ):    0.000ns
    Phase Error              (PE):    0.000ns

    Location             Delay type                Incr(ns)  Path(ns)    Netlist Resource(s)
  -------------------------------------------------------------------    -------------------
    B19                                               0.000     0.000 r  tfdu_rxd_i[0] (IN)
                         net (fo=0)                   0.000     0.000    tfdu_rxd_i[0]
    B19                  IBUF (Prop_ibuf_I_O)         1.400     1.400 r  tfdu_rxd_i_IBUF[0]_inst/O
                         net (fo=1, routed)           2.935     4.336    p10_ps_system_i/p10_endpoint_0/inst/impl/u_transport/g_physical[0].u_b_phy/tfdu_rxd_i[0]
    SLICE_X66Y96         FDSE                                         r  p10_ps_system_i/p10_endpoint_0/inst/impl/u_transport/g_physical[0].u_b_phy/rxd_ff1_reg/D
  -------------------------------------------------------------------    -------------------

                         (clock clk_fpga_0 rise edge)
                                                      0.000     0.000 r  
    PS7_X0Y0             PS7                          0.000     0.000 r  p10_ps_system_i/processing_system7_0/inst/PS7_i/FCLKCLK[0]
                         net (fo=1, routed)           0.905     0.905    p10_ps_system_i/processing_system7_0/inst/FCLK_CLK_unbuffered[0]
    BUFGCTRL_X0Y18       BUFG (Prop_bufg_I_O)         0.077     0.982 r  p10_ps_system_i/processing_system7_0/inst/buffer_fclk_clk_0.FCLK_CLK_0_BUFG/O
                         net (fo=14141, routed)       1.289     2.272    p10_ps_system_i/p10_endpoint_0/inst/impl/u_transport/g_physical[0].u_b_phy/s_axi_aclk
    SLICE_X66Y96         FDSE                                         r  p10_ps_system_i/p10_endpoint_0/inst/impl/u_transport/g_physical[0].u_b_phy/rxd_ff1_reg/C





Min Delay Paths
--------------------------------------------------------------------------------------
Slack:                    inf
  Source:                 tfdu_rxd_i[1]
                            (input port)
  Destination:            p10_ps_system_i/p10_endpoint_0/inst/impl/u_transport/g_physical[1].u_b_phy/rxd_ff1_reg/D
                            (rising edge-triggered cell FDSE clocked by clk_fpga_0  {rise@0.000ns fall@7.813ns period=15.625ns})
  Path Group:             (none)
  Path Type:              Hold (Min at Fast Process Corner)
  Data Path Delay:        1.189ns  (logic 0.336ns (28.248%)  route 0.853ns (71.752%))
  Logic Levels:           1  (IBUF=1)
  Clock Path Skew:        1.218ns (DCD - SCD - CPR)
    Destination Clock Delay (DCD):    1.218ns
    Source Clock Delay      (SCD):    0.000ns
    Clock Pessimism Removal (CPR):    -0.000ns

    Location             Delay type                Incr(ns)  Path(ns)    Netlist Resource(s)
  -------------------------------------------------------------------    -------------------
    U13                                               0.000     0.000 r  tfdu_rxd_i[1] (IN)
                         net (fo=0)                   0.000     0.000    tfdu_rxd_i[1]
    U13                  IBUF (Prop_ibuf_I_O)         0.336     0.336 r  tfdu_rxd_i_IBUF[1]_inst/O
                         net (fo=1, routed)           0.853     1.189    p10_ps_system_i/p10_endpoint_0/inst/impl/u_transport/g_physical[1].u_b_phy/tfdu_rxd_i[0]
    SLICE_X81Y94         FDSE                                         r  p10_ps_system_i/p10_endpoint_0/inst/impl/u_transport/g_physical[1].u_b_phy/rxd_ff1_reg/D
  -------------------------------------------------------------------    -------------------

                         (clock clk_fpga_0 rise edge)
                                                      0.000     0.000 r  
    PS7_X0Y0             PS7                          0.000     0.000 r  p10_ps_system_i/processing_system7_0/inst/PS7_i/FCLKCLK[0]
                         net (fo=1, routed)           0.337     0.337    p10_ps_system_i/processing_system7_0/inst/FCLK_CLK_unbuffered[0]
    BUFGCTRL_X0Y18       BUFG (Prop_bufg_I_O)         0.029     0.366 r  p10_ps_system_i/processing_system7_0/inst/buffer_fclk_clk_0.FCLK_CLK_0_BUFG/O
                         net (fo=14141, routed)       0.852     1.218    p10_ps_system_i/p10_endpoint_0/inst/impl/u_transport/g_physical[1].u_b_phy/s_axi_aclk
    SLICE_X81Y94         FDSE                                         r  p10_ps_system_i/p10_endpoint_0/inst/impl/u_transport/g_physical[1].u_b_phy/rxd_ff1_reg/C





