captured_ms|sequence|label|role|admission_snapshot_words_csv|ps_runtime_words_csv|pl_perf_snapshot_words_csv
1785968553605|1001|stream64_f2r_01|fixed|2,1378943233,16781056,6146471,6061116,6076719,6061116,6076719,6061116,5811,5789,5789,5789,0,0,739,0,178694896,178351344,4096,4096,0,0,5789,5789,358772579,358772912,358772587,358772920,0,0,0,0,0,0,0,0,4096,256,131072,4,15|4,0,67108864,262144,256,0,0,0,0,96,0,84,0,24,21,0,1,96,0|4,1073720455,0,5757952,0,0,0,0,0,6114989,0,21,0,320106939,0,320106939,0,2080,313331444,0,9646386,0,0,0,0,0
1785968553605|1001|stream64_f2r_01|rotating|2,1378943233,33558272,6221896,6134821,70692,0,70692,0,1498,0,749,0,0,0,5860,5860,4785304,4785304,4096,4096,0,0,749,749,345139102,345139102,345139118,345139118,0,0,0,0,0,0,0,0,4096,256,131072,4,15|4,0,67108864,262144,256,0,0,0,0,100,0,88,0,25,22,0,1,100,0|4,390704170,0,0,0,5767168,0,5767168,0,17815,0,0,22,0,0,0,0,0,0,0,6885032,0,0,0,0,0
1785968558609|1001|stream64_f2r_01|fixed|4,1378943233,16781056,12421198,12247451,12280097,12247451,12280097,12247451,11746,11702,11702,11702,0,0,1495,0,361217320,360514600,4096,4096,0,0,11702,11702,679191304,679191645,679191312,679191653,0,0,0,0,0,0,0,0,4096,256,131072,4,15|4,0,67108864,262144,256,0,0,0,0,188,0,176,0,47,44,0,1,188,0|6,1393801915,0,11581760,0,0,0,0,0,12292855,0,44,0,638732447,0,638732447,0,2080,630101252,0,12647156,0,0,0,0,0
1785968558609|1001|stream64_f2r_01|rotating|4,1378943233,33558272,12502339,12326922,142048,0,142048,0,3010,0,1505,0,0,0,11778,11778,9615384,9615384,4096,4096,0,0,1505,1505,665716111,665716111,665716119,665716119,0,0,0,0,0,0,0,0,4096,256,131072,4,15|4,0,67108864,262144,256,0,0,0,0,188,0,176,0,47,44,0,1,188,0|6,711194286,0,0,0,11534336,0,11534336,0,35654,0,0,44,0,0,0,0,0,0,0,6924206,0,0,0,0,0
1785968563614|1001|stream64_f2r_01|fixed|6,1378943233,16777471,18694160,18432216,18481798,18432216,18481798,18432216,17679,17613,17611,17611,0,0,2250,0,543641240,542562243,4096,4096,0,0,17612,17612,999566139,999566136,999566155,999566144,0,0,0,0,0,0,0,0,4096,256,131072,4,15|4,0,67108864,262144,256,0,0,0,0,276,0,264,0,69,66,0,1,276,0|8,1714168443,0,17404256,0,0,0,0,0,18480868,0,66,0,957643351,0,957643351,0,2080,947292399,0,15516280,0,0,0,0,0
1785968563614|1001|stream64_f2r_01|rotating|6,1378943233,33558272,18774381,18511723,213308,0,213308,0,4520,0,2260,0,0,0,17687,17687,14439016,14439016,4096,4096,0,0,2260,2260,985863070,985863070,985863078,985863078,0,0,0,0,0,0,0,0,4096,256,131072,4,15|4,0,67108864,262144,256,0,0,0,0,276,0,264,0,69,66,0,1,276,0|8,1032144387,0,0,0,17301504,0,17301504,0,53492,0,0,66,0,0,0,0,0,0,0,6958820,0,0,0,0,0
1785968568616|1001|stream64_f2r_01|fixed|8,1378943233,16781056,24965447,24617679,24681729,24617679,24681729,24617679,23609,23521,23520,23520,0,0,3006,0,726017048,724578496,4096,4096,0,0,23520,23520,1319713623,1319713956,1319713631,1319713964,0,0,0,0,0,0,0,0,4096,256,131072,4,15|4,0,67108864,262144,256,0,0,0,0,364,0,352,0,91,88,0,1,364,0|10,2035249078,0,23242560,0,0,0,0,0,24683742,0,88,0,1277264410,0,1277264410,0,2080,1265199594,0,18382905,0,0,0,0,0
1785968568616|1001|stream64_f2r_01|rotating|8,1378943233,33558272,25068549,24719623,284849,0,284849,0,6036,0,3018,0,0,0,23617,23617,19281784,19281784,4096,4096,0,0,3018,3018,1307296822,1307296822,1307296830,1307296830,0,0,0,0,0,0,0,0,4096,256,131072,4,15|4,0,67108864,262144,256,0,0,0,0,364,0,352,0,91,88,0,1,364,0|10,1352759492,0,0,0,23068672,0,23068672,0,71352,0,0,88,0,0,0,0,0,0,0,6999245,0,0,0,0,0
1785968573627|1001|stream64_f2r_01|fixed|10,1378943233,16777471,31245945,30811466,30890968,30811466,30890968,30811466,29547,29437,29435,29435,0,0,3761,0,908619832,906822984,4096,4096,0,0,29436,29436,1640275316,1640275305,1640275292,1640275313,0,0,0,0,0,0,0,0,4096,256,131072,4,15|4,0,67108864,262144,256,0,0,0,0,452,0,440,0,113,110,0,1,452,0|12,2355084716,0,29065056,0,0,0,0,0,30863632,0,110,0,1595644424,0,1595644424,0,2080,1581865871,0,21246009,0,0,0,0,0
1785968573627|1001|stream64_f2r_01|rotating|10,1378943233,33558272,31321495,30886184,355821,0,355821,0,7540,0,3770,0,0,0,29507,29507,24086288,24086288,4096,4096,0,0,3770,3770,1626148469,1626148469,1626148477,1626148477,0,0,0,0,0,0,0,0,4096,256,131072,4,15|5,0,67108864,262144,256,0,0,0,0,456,0,444,0,114,111,0,1,456,0|12,1671275223,0,0,0,29097984,0,29097984,0,89073,0,0,111,0,0,0,0,0,0,0,7042812,0,0,0,0,0
1785968578641|1001|stream64_f2r_01|fixed|12,1378943233,16781056,37532624,37010334,37106205,37010334,37106205,37010334,35491,35359,35358,35358,0,0,4518,0,1091431000,1089276424,4096,4096,0,0,35358,35358,1961180203,1961180544,1961180211,1961180552,0,0,0,0,0,0,0,0,4096,256,131072,4,15|4,0,67108864,262144,256,0,0,0,0,544,0,532,0,136,133,0,1,544,0|14,2675912205,0,34896768,0,0,0,0,0,37058399,0,133,0,1915013985,0,1915013985,0,2080,1899384745,0,24243463,0,0,0,0,0
1785968578641|1001|stream64_f2r_01|rotating|12,1378943233,33558272,37605597,37081792,427365,0,427365,0,9056,0,4528,0,0,0,35426,35426,28929128,28929128,4096,4096,0,0,4528,4528,1947385914,1947385914,1947385922,1947385922,0,0,0,0,0,0,0,0,4096,256,131072,4,15|4,0,67108864,262144,256,0,0,0,0,544,0,532,0,136,133,0,1,544,0|14,1992320977,0,0,0,34865152,0,34865152,0,106936,0,0,133,0,0,0,0,0,0,0,7087539,0,0,0,0,0
1785968583649|1001|stream64_f2r_01|fixed|14,1378943233,16781056,43810041,43199926,43312172,43199926,43312172,43199926,41426,41271,41270,41270,0,0,5275,0,1273923360,1271392400,4096,4096,0,0,41270,41270,2281668727,2281669068,2281668735,2281669076,0,0,0,0,0,0,0,0,4096,256,131072,4,15|4,0,67108864,262144,256,0,0,0,0,632,0,620,0,158,155,0,1,632,0|16,2995750946,0,40711360,0,0,0,0,0,43237447,0,155,0,2233399078,0,2233399078,0,2080,2216048214,0,27112757,0,0,0,0,0
1785968583649|1001|stream64_f2r_01|rotating|14,1378943233,33558272,43861582,43250792,498437,0,498437,0,10562,0,5281,0,0,0,41318,41318,33740032,33740032,4096,4096,0,0,5281,5281,2266673509,2266673509,2266673517,2266673517,0,0,0,0,0,0,0,0,4096,256,131072,4,15|4,0,67108864,262144,256,0,0,0,0,632,0,620,0,158,155,0,1,632,0|16,2311453532,0,0,0,40632320,0,40632320,0,124703,0,0,155,0,0,0,0,0,0,0,7118804,0,0,0,0,0
1785968588659|1001|stream64_f2r_01|fixed|16,1378943233,16777471,50092864,49396282,49523640,49396282,49523640,49396282,47367,47191,47188,47188,0,0,6031,0,1456602089,1453710892,4096,4096,0,0,47189,47189,2602367163,2602367136,2602367171,2602367152,0,0,0,0,0,0,0,0,4096,256,131072,4,15|4,0,67108864,262144,256,0,0,0,0,720,0,708,0,180,177,0,1,720,0|18,3316994686,0,46549664,0,0,0,0,0,49444331,0,177,0,2553183242,0,2553183242,0,2080,2534121979,0,29975917,0,0,0,0,0
1785968588659|1001|stream64_f2r_01|rotating|16,1378943233,33558272,50168129,49470692,570075,0,570075,0,12080,0,6040,0,0,0,47259,47259,38589200,38589200,4096,4096,0,0,6040,6040,2588533567,2588533567,2588533575,2588533575,0,0,0,0,0,0,0,0,4096,256,131072,4,15|4,0,67108864,262144,256,0,0,0,0,720,0,708,0,180,177,0,1,720,0|18,2633508458,0,0,0,46399488,0,46399488,0,142612,0,0,177,0,0,0,0,0,0,0,7161259,0,0,0,0,0
1785968593664|1001|stream64_f2r_01|fixed|18,1378943233,16781056,56364843,55580568,55724265,55580568,55724265,55580568,53302,53104,53102,53102,0,0,6787,0,1639153264,1635903760,4096,4096,0,0,53102,53102,2922815978,2922816295,2922815986,2922816303,0,0,0,0,0,0,0,0,4096,256,131072,4,15|4,0,67108864,262144,256,0,0,0,0,808,0,796,0,202,199,0,1,808,0|20,3637391168,0,52380064,0,0,0,0,0,55627551,0,199,0,2872122124,0,2872122124,0,2080,2851342910,0,32844932,0,0,0,0,0
1785968593664|1001|stream64_f2r_01|rotating|18,1378943233,33558272,56458583,55673251,641610,0,641610,0,13596,0,6798,0,0,0,53190,53190,43432008,43432008,4096,4096,0,0,6798,6798,2909969732,2909969732,2909969740,2909969740,0,0,0,0,0,0,0,0,4096,256,131072,4,15|4,0,67108864,262144,256,0,0,0,0,812,0,800,0,203,200,0,1,812,0|20,2955759277,0,0,0,52428800,0,52428800,0,160568,0,0,200,0,0,0,0,0,0,0,7199843,0,0,0,0,0
1785968598667|1001|stream64_f2r_01|fixed|20,1378943233,16777471,62629519,61758905,61917780,61758905,61917780,61758905,59231,59012,59008,59008,0,0,7541,0,1821470500,1817863856,4096,4096,0,0,59009,59009,3242886655,3242886668,3242886663,3242886628,0,0,0,0,0,0,0,0,4096,256,131072,4,15|4,0,67108864,262144,256,0,0,0,0,896,0,884,0,224,221,0,1,896,0|22,3957094214,0,58194656,0,0,0,0,0,61798597,0,221,0,3190371522,0,3190371522,0,2080,3167873575,0,35711335,0,0,0,0,0
1785968598667|1001|stream64_f2r_01|rotating|20,1378943233,33558272,62704481,61832251,712682,0,712682,0,15102,0,7551,0,0,0,59079,59079,48242872,48242872,4096,4096,0,0,7551,7551,3229058622,3229058622,3229058630,3229058630,0,0,0,0,0,0,0,0,4096,256,131072,4,15|4,0,67108864,262144,256,0,0,0,0,900,0,888,0,225,222,0,1,900,0|22,3274162532,0,0,0,58195968,0,58195968,0,178288,0,0,222,0,0,0,0,0,0,0,7246297,0,0,0,0,0
1785968603677|1001|stream64_f2r_01|fixed|22,1378943233,16777471,68904160,67946408,68120975,67946408,68120975,67946408,65169,64927,64923,64923,0,0,8298,0,2004050792,2000069231,4096,4096,0,0,64924,64924,3563533254,3563533227,3563533238,3563533235,0,0,0,0,0,0,0,0,4096,256,131072,4,15|4,0,67108864,262144,256,0,0,0,0,988,0,976,0,247,244,0,1,988,0|24,4279242350,0,64050080,0,0,0,0,0,68015299,0,244,0,3511055802,0,3511055802,0,2080,3486706147,0,38714901,0,0,0,0,0
1785968603677|1001|stream64_f2r_01|rotating|22,1378943233,33558272,69003640,68044856,784322,0,784322,0,16620,0,8310,0,0,0,65017,65017,53092104,53092104,4096,4096,0,0,8310,8310,3550927768,3550927768,3550927776,3550927776,0,0,0,0,0,0,0,0,4096,256,131072,4,15|4,0,67108864,262144,256,0,0,0,0,988,0,976,0,247,244,0,1,988,0|24,3596845617,0,0,0,63963136,0,63963136,0,196245,0,0,244,0,0,0,0,0,0,0,7290990,0,0,0,0,0
1785968612195|1002|stream64_f2r_02|fixed|26,1378943233,16777471,6152471,6067281,6082625,6067281,6082625,6067281,5817,5795,5794,5794,0,0,740,0,178865744,178522680,4096,4096,0,0,5795,5795,4108920516,4108920521,4108920492,4108920489,0,0,0,0,0,0,0,0,4096,256,131072,4,15|4,0,67108864,262144,256,0,0,0,0,96,0,84,0,24,21,0,1,96,0|32,528438481,1,5757952,0,0,0,0,0,6112046,0,21,0,319976228,0,319976228,0,2048,313177777,0,9669366,0,0,0,0,0
1785968612195|1002|stream64_f2r_02|rotating|26,1378943233,33558272,6222930,6136184,70692,0,70692,0,1498,0,749,0,0,0,5861,5861,4785304,4785304,4096,4096,0,0,749,749,4094978402,4094978402,4094978418,4094978418,0,0,0,0,0,0,0,0,4096,256,131072,4,15|4,0,67108864,262144,256,0,0,0,0,100,0,88,0,25,22,0,1,100,0|32,4140981968,0,0,0,5767168,0,5767168,0,17838,0,0,22,0,0,0,0,0,0,0,6903733,0,0,0,0,0
1785968617212|1002|stream64_f2r_02|fixed|28,1378943233,16777471,12434255,12259777,12292965,12259777,12292965,12259777,11760,11715,11714,11714,0,0,1497,0,361591464,360873795,4096,4096,0,0,11715,11715,134858608,134858613,134858624,134858621,0,0,0,0,0,0,0,0,4096,256,131072,4,15|4,0,67108864,262144,256,0,0,0,0,188,0,176,0,47,44,0,1,188,0|34,850422244,1,11613376,0,0,0,0,0,12326765,0,44,0,640496135,0,640496135,0,2080,631846476,0,12672432,0,0,0,0,0
1785968617212|1002|stream64_f2r_02|rotating|28,1378943233,33558272,12528538,12353084,142333,0,142333,0,3016,0,1508,0,0,0,11803,11803,9634544,9634544,4096,4096,0,0,1508,1508,121880175,121880175,121880183,121880183,0,0,0,0,0,0,0,0,4096,256,131072,4,15|4,0,67108864,262144,256,0,0,0,0,188,0,176,0,47,44,0,1,188,0|34,167698425,1,0,0,11534336,0,11534336,0,35725,0,0,44,0,0,0,0,0,0,0,6954551,0,0,0,0,0
1785968622216|1002|stream64_f2r_02|fixed|30,1378943233,16777471,18730469,18468273,18517633,18468273,18517633,18468273,17713,17646,17645,17645,0,0,2255,0,544678201,543601720,4096,4096,0,0,17646,17646,456253384,456253397,456253392,456253373,0,0,0,0,0,0,0,0,4096,256,131072,4,15|4,0,67108864,262144,256,0,0,0,0,276,0,264,0,69,66,0,1,276,0|36,1170876281,1,17435872,0,0,0,0,0,18516876,0,66,0,959494548,0,959494548,0,2080,949125113,0,15541575,0,0,0,0,0
1785968622216|1002|stream64_f2r_02|rotating|30,1378943233,33558272,18804149,18541311,213592,0,213592,0,4526,0,2263,0,0,0,17715,17715,14458200,14458200,4096,4096,0,0,2263,2263,442027176,442027176,442027184,442027184,0,0,0,0,0,0,0,0,4096,256,131072,4,15|4,0,67108864,262144,256,0,0,0,0,276,0,264,0,69,66,0,1,276,0|36,487657854,1,0,0,17301504,0,17301504,0,53539,0,0,66,0,0,0,0,0,0,0,7006519,0,0,0,0,0
1785968627224|1002|stream64_f2r_02|fixed|32,1378943233,16777471,24990753,24642729,24706847,24642729,24706847,24642729,23633,23544,23543,23543,0,0,3008,0,726729728,725295536,4096,4096,0,0,23544,23544,775852661,775852658,775852629,775852610,0,0,0,0,0,0,0,0,4096,256,131072,4,15|4,0,67108864,262144,256,0,0,0,0,364,0,352,0,91,88,0,1,364,0|38,1490599502,1,23250464,0,0,0,0,0,24693297,0,88,0,1277764121,0,1277764121,0,2080,1265673036,0,18410895,0,0,0,0,0
1785968627224|1002|stream64_f2r_02|rotating|32,1378943233,33558272,25058562,24709660,284661,0,284661,0,6032,0,3016,0,0,0,23607,23607,19269024,19269024,4096,4096,0,0,3016,3016,761314789,761314789,761314797,761314797,0,0,0,0,0,0,0,0,4096,256,131072,4,15|4,0,67108864,262144,256,0,0,0,0,364,0,352,0,91,88,0,1,364,0|38,806449504,1,0,0,23068672,0,23068672,0,71282,0,0,88,0,0,0,0,0,0,0,7062296,0,0,0,0,0
1785968632234|1002|stream64_f2r_02|fixed|34,1378943233,16781056,31269535,30834609,30914276,30834609,30914276,30834609,29568,29457,29457,29457,0,0,3764,0,909277248,907483936,4096,4096,0,0,29457,29457,1096283324,1096283673,1096283332,1096283681,0,0,0,0,0,0,0,0,4096,256,131072,4,15|4,0,67108864,262144,256,0,0,0,0,452,0,440,0,113,110,0,1,452,0|40,1810366535,1,29068088,0,0,0,0,0,30871717,0,110,0,1596076748,0,1596076748,0,2080,1582276495,0,21268212,0,0,0,0,0
1785968632234|1002|stream64_f2r_02|rotating|34,1378943233,33558272,31342788,30906326,356199,0,356199,0,7548,0,3774,0,0,0,29526,29526,24111864,24111864,4096,4096,0,0,3774,3774,1082415455,1082415455,1082415463,1082415463,0,0,0,0,0,0,0,0,4096,256,131072,4,15|4,0,67108864,262144,256,0,0,0,0,456,0,444,0,114,111,0,1,456,0|40,1127403185,1,0,0,29097984,0,29097984,0,89144,0,0,111,0,0,0,0,0,0,0,7117176,0,0,0,0,0
1785968637235|1002|stream64_f2r_02|fixed|36,1378943233,16781056,37543867,37021880,37117260,37021880,37117260,37021880,35501,35368,35368,35368,0,0,4520,0,1091738864,1089585528,4096,4096,0,0,35368,35368,1416586144,1416586485,1416586152,1416586493,0,0,0,0,0,0,0,0,4096,256,131072,4,15|4,0,67108864,262144,256,0,0,0,0,544,0,532,0,136,133,0,1,544,0|42,2131157831,1,34896768,0,0,0,0,0,37065983,0,133,0,1915410874,0,1915410874,0,2080,1899761685,0,24263436,0,0,0,0,0
1785968637235|1002|stream64_f2r_02|rotating|36,1378943233,33558272,37624339,37100783,427554,0,427554,0,9060,0,4530,0,0,0,35443,35443,28941920,28941920,4096,4096,0,0,4530,4530,1403114987,1403114987,1403114995,1403114995,0,0,0,0,0,0,0,0,4096,256,131072,4,15|4,0,67108864,262144,256,0,0,0,0,544,0,532,0,136,133,0,1,544,0|42,1448952863,1,0,0,34865152,0,34865152,0,107030,0,0,133,0,0,0,0,0,0,0,7175042,0,0,0,0,0
1785968642246|1002|stream64_f2r_02|fixed|38,1378943233,16777471,43821860,43212413,43323897,43212413,43323897,43212413,41437,41283,41280,41280,0,0,5276,0,1274249232,1271718628,4096,4096,0,0,41281,41281,1737113573,1737113530,1737113541,1737113538,0,0,0,0,0,0,0,0,4096,256,131072,4,15|4,0,67108864,262144,256,0,0,0,0,632,0,620,0,158,155,0,1,632,0|44,2452682850,1,40750880,0,0,0,0,0,43278193,0,155,0,2235472365,0,2235472365,0,2080,2218113188,0,27129579,0,0,0,0,0
1785968642246|1002|stream64_f2r_02|rotating|38,1378943233,33558272,43916865,43306226,499004,0,499004,0,10574,0,5287,0,0,0,41370,41370,33778352,33778352,4096,4096,0,0,5287,5287,1724118511,1724118511,1724118519,1724118519,0,0,0,0,0,0,0,0,4096,256,131072,4,15|4,0,67108864,262144,256,0,0,0,0,632,0,620,0,158,155,0,1,632,0|44,1769256805,1,0,0,40632320,0,40632320,0,124869,0,0,155,0,0,0,0,0,0,0,7211147,0,0,0,0,0
1785968647246|1002|stream64_f2r_02|fixed|40,1378943233,16777471,50093510,49396536,49524286,49396536,49524286,49396536,47366,47191,47187,47187,0,0,6031,0,1456571002,1453684189,4096,4096,0,0,47188,47188,2057182954,2057182951,2057182962,2057182959,0,0,0,0,0,0,0,0,4096,256,131072,4,15|4,0,67108864,262144,256,0,0,0,0,720,0,708,0,180,177,0,1,720,0|46,2772602610,1,46565472,0,0,0,0,0,49459405,0,177,0,2553938477,0,2553938477,0,2080,2534863237,0,29993312,0,0,0,0,0
1785968647246|1002|stream64_f2r_02|rotating|40,1378943233,33558272,50189416,49491433,570262,0,570262,0,12084,0,6042,0,0,0,47277,47277,38601960,38601960,4096,4096,0,0,6042,6042,2044260071,2044260071,2044260079,2044260079,0,0,0,0,0,0,0,0,4096,256,131072,4,15|4,0,67108864,262144,256,0,0,0,0,720,0,708,0,180,177,0,1,720,0|46,2089040538,1,0,0,46399488,0,46399488,0,142659,0,0,177,0,0,0,0,0,0,0,7248822,0,0,0,0,0
1785968652252|1002|stream64_f2r_02|fixed|42,1378943233,16781056,56393050,55609201,55752283,55609201,55752283,55609201,53322,53125,53122,53122,0,0,6789,0,1639768792,1636522528,4096,4096,0,0,53122,53122,2378756950,2378757283,2378756958,2378757291,0,0,0,0,0,0,0,0,4096,256,131072,4,15|4,0,67108864,262144,256,0,0,0,0,808,0,796,0,202,199,0,1,808,0|48,3092726024,1,52387968,0,0,0,0,0,55643427,0,199,0,2872606267,0,2872606267,0,2080,2851810948,0,32862758,0,0,0,0,0
1785968652252|1002|stream64_f2r_02|rotating|42,1378943233,33558272,56475384,55690340,641705,0,641705,0,13598,0,6799,0,0,0,53199,53200,43438400,43438400,4096,4096,0,0,6799,6799,2365266914,2365266914,2365266922,2365266922,0,0,0,0,0,0,0,0,4096,256,131072,4,15|4,0,67108864,262144,256,0,0,0,0,812,0,800,0,203,200,0,1,812,0|48,2410605760,1,0,0,52428800,0,52428800,0,160568,0,0,200,0,0,0,0,0,0,0,7303107,0,0,0,0,0
1785968657258|1002|stream64_f2r_02|fixed|44,1378943233,16777471,62650104,61779946,61938272,61779946,61938272,61779946,59238,59019,59015,59015,0,0,7542,0,1821687176,1818082092,4096,4096,0,0,59016,59016,2698128681,2698128654,2698128657,2698128662,0,0,0,0,0,0,0,0,4096,256,131072,4,15|4,0,67108864,262144,256,0,0,0,0,900,0,888,0,225,222,0,1,900,0|50,3412999140,1,58211776,0,0,0,0,0,61828184,0,222,0,3191423431,0,3191423431,0,2080,3168778510,0,35857430,0,0,0,0,0
1785968657258|1002|stream64_f2r_02|rotating|44,1378943233,33558272,62717039,61845323,712682,0,712682,0,15102,0,7551,0,0,0,59078,59078,48242872,48242872,4096,4096,0,0,7551,7551,2683922986,2683922986,2683922994,2683922994,0,0,0,0,0,0,0,0,4096,256,131072,4,15|4,0,67108864,262144,256,0,0,0,0,900,0,888,0,225,222,0,1,900,0|50,2728837343,1,0,0,58195968,0,58195968,0,178265,0,0,222,0,0,0,0,0,0,0,7352244,0,0,0,0,0
1785968662264|1002|stream64_f2r_02|fixed|46,1378943233,16777471,68925976,67968369,68142791,67968369,68142791,67968369,65172,64931,64926,64926,0,0,8298,0,2004160040,2000178910,4096,4096,0,0,64927,64927,3018579798,3018579787,3018579766,3018579795,0,0,0,0,0,0,0,0,4096,256,131072,4,15|4,0,67108864,262144,256,0,0,0,0,988,0,976,0,247,244,0,1,988,0|52,3733706086,1,64042176,0,0,0,0,0,68024611,0,244,0,3510672777,0,3510672777,0,2080,3486309692,0,38726658,0,0,0,0,0
1785968662264|1002|stream64_f2r_02|rotating|46,1378943233,33558272,69017333,68058674,784227,0,784227,0,16618,0,8309,0,0,0,65013,65013,53085720,53085720,4096,4096,0,0,8309,8309,3005359348,3005359348,3005359364,3005359364,0,0,0,0,0,0,0,0,4096,256,131072,4,15|4,0,67108864,262144,256,0,0,0,0,988,0,976,0,247,244,0,1,988,0|52,3050337861,1,0,0,63963136,0,63963136,0,196151,0,0,244,0,0,0,0,0,0,0,7407267,0,0,0,0,0
1785968671054|1003|stream64_f2r_03|fixed|50,1378943233,16777471,6162464,6077008,6092525,6077008,6092525,6077008,5827,5805,5804,5804,0,0,741,0,179161808,178819187,4096,4096,0,0,5805,5805,3581250797,3581250794,3581250757,3581250802,0,0,0,0,0,0,0,0,4096,256,131072,4,15|4,0,67108864,262144,256,0,0,0,0,96,0,84,0,24,21,0,1,96,0|60,850528,2,5765856,0,0,0,0,0,6123902,0,21,0,320577990,0,320577990,0,2080,313780992,0,9669471,0,0,0,0,0
1785968671054|1003|stream64_f2r_03|rotating|50,1378943233,33558272,6262088,6174738,71072,0,71072,0,1506,0,753,0,0,0,5898,5898,4810872,4810872,4096,4096,0,0,753,753,3568506954,3568506954,3568506962,3568506962,0,0,0,0,0,0,0,0,4096,256,131072,4,15|4,0,67108864,262144,256,0,0,0,0,100,0,88,0,25,22,0,1,100,0|60,3615642797,1,0,0,5767168,0,5767168,0,17981,0,0,22,0,0,0,0,0,0,0,6889389,0,0,0,0,0
1785968676058|1003|stream64_f2r_03|fixed|52,1378943233,16777471,12424925,12251642,12283729,12251642,12283729,12251642,11751,11706,11705,11705,0,0,1496,0,361332848,360614419,4096,4096,0,0,11706,11706,3901185914,3901185935,3901185922,3901185951,0,0,0,0,0,0,0,0,4096,256,131072,4,15|4,0,67108864,262144,256,0,0,0,0,188,0,176,0,47,44,0,1,188,0|62,321027901,2,11589664,0,0,0,0,0,12303157,0,44,0,639299411,0,639299411,0,2080,630633911,0,12683043,0,0,0,0,0
1785968676058|1003|stream64_f2r_03|rotating|52,1378943233,33558272,12501934,12327719,142048,0,142048,0,3010,0,1505,0,0,0,11778,11778,9615384,9615384,4096,4096,0,0,1505,1505,3887378155,3887378155,3887378163,3887378163,0,0,0,0,0,0,0,0,4096,256,131072,4,15|4,0,67108864,262144,256,0,0,0,0,188,0,176,0,47,44,0,1,188,0|62,3933479982,1,0,0,11534336,0,11534336,0,35677,0,0,44,0,0,0,0,0,0,0,6931684,0,0,0,0,0
1785968681064|1003|stream64_f2r_03|fixed|54,1378943233,16777471,18704302,18443968,18491751,18443968,18491751,18443968,17689,17622,17621,17621,0,0,2252,0,543945072,542868136,4096,4096,0,0,17622,17622,4221773060,4221773065,4221773044,4221773017,0,0,0,0,0,0,0,0,4096,256,131072,4,15|4,0,67108864,262144,256,0,0,0,0,276,0,264,0,69,66,0,1,276,0|64,640472692,2,17396352,0,0,0,0,0,18472664,0,66,0,957292530,0,957292530,0,2080,946890305,0,15565741,0,0,0,0,0
1785968681064|1003|stream64_f2r_03|rotating|54,1378943233,33558272,18755455,18494700,213120,0,213120,0,4516,0,2258,0,0,0,17670,17670,14426232,14426232,4096,4096,0,0,2258,2258,4206679145,4206679145,4206679153,4206679153,0,0,0,0,0,0,0,0,4096,256,131072,4,15|4,0,67108864,262144,256,0,0,0,0,276,0,264,0,69,66,0,1,276,0|64,4251716688,1,0,0,17301504,0,17301504,0,53398,0,0,66,0,0,0,0,0,0,0,6978230,0,0,0,0,0
1785968686069|1003|stream64_f2r_03|fixed|56,1378943233,16781056,24975311,24628408,24691499,24628408,24691499,24628408,23618,23530,23529,23529,0,0,3007,0,726292328,724857072,4096,4096,0,0,23529,23529,246920187,246920496,246920195,246920504,0,0,0,0,0,0,0,0,4096,256,131072,4,15|4,0,67108864,262144,256,0,0,0,0,364,0,352,0,91,88,0,1,364,0|66,962520454,2,23258368,0,0,0,0,0,24694394,0,88,0,1277874788,0,1277874788,0,2080,1265747363,0,18448793,0,0,0,0,0
1785968686069|1003|stream64_f2r_03|rotating|56,1378943233,33558272,25069325,24721344,284849,0,284849,0,6036,0,3018,0,0,0,23617,23617,19281784,19281784,4096,4096,0,0,3018,3018,234021597,234021597,234021605,234021605,0,0,0,0,0,0,0,0,4096,256,131072,4,15|4,0,67108864,262144,256,0,0,0,0,364,0,352,0,91,88,0,1,364,0|66,279741462,2,0,0,23068672,0,23068672,0,71352,0,0,88,0,0,0,0,0,0,0,7031060,0,0,0,0,0
1785968691076|1003|stream64_f2r_03|fixed|58,1378943233,16777471,31258631,30823731,30903465,30823731,30903465,30823731,29558,29448,29446,29446,0,0,3763,0,908956282,907161517,4096,4096,0,0,29447,29447,567604602,567604599,567604618,567604607,0,0,0,0,0,0,0,0,4096,256,131072,4,15|4,0,67108864,262144,256,0,0,0,0,452,0,440,0,113,110,0,1,452,0|68,1282195469,2,29065056,0,0,0,0,0,30870648,0,110,0,1596098131,0,1596098131,0,2080,1582234026,0,21331446,0,0,0,0,0
1785968691076|1003|stream64_f2r_03|rotating|58,1378943233,33558272,31337641,30901770,356009,0,356009,0,7544,0,3772,0,0,0,29521,29521,24099072,24099072,4096,4096,0,0,3772,3772,553752323,553752323,553752331,553752331,0,0,0,0,0,0,0,0,4096,256,131072,4,15|4,0,67108864,262144,256,0,0,0,0,456,0,444,0,114,111,0,1,456,0|68,599460766,2,0,0,29097984,0,29097984,0,89168,0,0,111,0,0,0,0,0,0,0,7081066,0,0,0,0,0
1785968696089|1003|stream64_f2r_03|fixed|60,1378943233,16777471,37540538,37017171,37114025,37017171,37114025,37017171,35497,35365,35364,35364,0,0,4519,0,1091612344,1089459171,4096,4096,0,0,35364,35364,888262028,888262377,888262036,888262385,0,0,0,0,0,0,0,0,4096,256,131072,4,15|4,0,67108864,262144,256,0,0,0,0,544,0,532,0,136,133,0,1,544,0|70,1603058503,2,34896768,0,0,0,0,0,37065883,0,133,0,1915503237,0,1915503237,0,2080,1899771778,0,24345567,0,0,0,0,0
1785968696089|1003|stream64_f2r_03|rotating|60,1378943233,33558272,37607402,37082807,427365,0,427365,0,9056,0,4528,0,0,0,35427,35427,28929128,28929128,4096,4096,0,0,4528,4528,874146918,874146918,874146926,874146926,0,0,0,0,0,0,0,0,4096,256,131072,4,15|4,0,67108864,262144,256,0,0,0,0,544,0,532,0,136,133,0,1,544,0|70,919438850,2,0,0,34865152,0,34865152,0,106959,0,0,133,0,0,0,0,0,0,0,7121312,0,0,0,0,0
1785968701093|1003|stream64_f2r_03|fixed|62,1378943233,16777471,43816758,43205926,43318889,43205926,43318889,43205926,41431,41276,41275,41275,0,0,5275,0,1274074490,1271547181,4096,4096,0,0,41275,41275,1208709789,1208710138,1208709797,1208710146,0,0,0,0,0,0,0,0,4096,256,131072,4,15|4,0,67108864,262144,256,0,0,0,0,632,0,620,0,158,155,0,1,632,0|72,1923227646,2,40726188,0,0,0,0,0,43251364,0,155,0,2234215025,0,2234215025,0,2080,2216751894,0,27228058,0,0,0,0,0
1785968701093|1003|stream64_f2r_03|rotating|62,1378943233,33558272,43896472,43284620,498815,0,498815,0,10570,0,5285,0,0,0,41350,41350,33765552,33765552,4096,4096,0,0,5285,5285,1195166795,1195166795,1195166803,1195166803,0,0,0,0,0,0,0,0,4096,256,131072,4,15|4,0,67108864,262144,256,0,0,0,0,632,0,620,0,158,155,0,1,632,0|72,1240583536,2,0,0,40632320,0,40632320,0,124821,0,0,155,0,0,0,0,0,0,0,7166932,0,0,0,0,0
1785968706107|1003|stream64_f2r_03|fixed|64,1378943233,16781056,50104490,49407098,49535171,49407098,49535171,49407098,47375,47198,47197,47197,0,0,6032,0,1456877320,1453990112,4096,4096,0,0,47197,47197,1529621518,1529621859,1529621526,1529621867,0,0,0,0,0,0,0,0,4096,256,131072,4,15|4,0,67108864,262144,256,0,0,0,0,720,0,708,0,180,177,0,1,720,0|74,2244285256,2,46565472,0,0,0,0,0,49454950,0,177,0,2553812814,0,2553812814,0,2080,2534620836,0,30109911,0,0,0,0,0
1785968706107|1003|stream64_f2r_03|rotating|64,1378943233,33558272,50168099,49470112,569980,0,569980,0,12078,0,6039,0,0,0,47256,47256,38582816,38582816,4096,4096,0,0,6039,6039,1514896714,1514896714,1514896722,1514896722,0,0,0,0,0,0,0,0,4096,256,131072,4,15|4,0,67108864,262144,256,0,0,0,0,720,0,708,0,180,177,0,1,720,0|74,1560203683,2,0,0,46399488,0,46399488,0,142612,0,0,177,0,0,0,0,0,0,0,7217492,0,0,0,0,0
1785968711110|1003|stream64_f2r_03|fixed|66,1378943233,16777471,56372879,55589544,55732301,55589544,55732301,55589544,53304,53104,53102,53102,0,0,6787,0,1639171288,1635924918,4096,4096,0,0,53103,53103,1849662715,1849662704,1849662707,1849662712,0,0,0,0,0,0,0,0,4096,256,131072,4,15|4,0,67108864,262144,256,0,0,0,0,808,0,796,0,202,199,0,1,808,0|76,2565154534,2,52395872,0,0,0,0,0,55653182,0,199,0,2873224492,0,2873224492,0,2080,2852301383,0,32992106,0,0,0,0,0
1785968711110|1003|stream64_f2r_03|rotating|66,1378943233,33558272,56467546,55683169,641610,0,641610,1,13596,0,6798,0,0,0,53192,53192,43432008,43432008,4096,4096,0,9,6798,6798,1836775851,1836775851,1836775859,1836775859,0,1645068000,0,1645068000,0,0,0,0,4096,256,131072,4,15|5,0,67108864,262144,256,0,0,0,0,812,0,800,0,203,200,0,1,812,0|76,1881846446,2,0,0,52428800,0,52428800,0,160521,0,0,200,0,0,0,0,0,0,0,7268057,0,0,0,0,0
1785968716122|1003|stream64_f2r_03|fixed|68,1378943233,16777471,62656566,61787977,61944640,61787977,61944640,61787977,59245,59023,59021,59021,0,0,7543,0,1821880321,1818273756,4096,4096,0,0,59022,59022,2170414329,2170414302,2170414337,2170414310,0,0,0,0,0,0,0,0,4096,256,131072,4,15|4,0,67108864,262144,256,0,0,0,0,900,0,888,0,225,222,0,1,900,0|78,2885443927,2,58219680,0,0,0,0,0,61838098,0,222,0,3192057933,0,3192057933,0,2080,3169266967,0,36005033,0,0,0,0,0
1785968716122|1003|stream64_f2r_03|rotating|68,1378943233,33558272,62730927,61860934,712777,0,712777,1,15104,0,7552,0,0,0,59091,59091,48249272,48249272,4096,4096,0,9,7552,7552,2156309721,2156309721,2156309729,2156309729,0,1645068000,0,1645068000,0,0,0,0,4096,256,131072,4,15|4,0,67108864,262144,256,0,0,0,0,900,0,888,0,225,222,0,1,900,0|78,2202197166,2,0,0,58195968,0,58195968,0,178340,0,0,222,0,0,0,0,0,0,0,7315058,0,0,0,0,0
1785968721128|1003|stream64_f2r_03|fixed|70,1378943233,16781056,68934175,67977284,68150895,67977284,68150895,67977284,65181,64936,64935,64935,0,0,8299,0,2004415064,2000432768,4096,4096,0,0,64935,64935,2490980298,2490980615,2490980306,2490980623,0,0,0,0,0,0,0,0,4096,256,131072,4,15|4,0,67108864,262144,256,0,0,0,0,988,0,976,0,247,244,0,1,988,0|80,3205713246,2,64042176,0,0,0,0,0,68024620,0,244,0,3510871628,0,3510871628,0,2080,3486346982,0,38888080,0,0,0,0,0
1785968721128|1003|stream64_f2r_03|rotating|70,1378943233,33558272,69015037,68057318,784227,0,784227,1,16618,0,8309,0,0,0,65011,65011,53085720,53085720,4096,4096,0,9,8309,8309,2477330121,2477330121,2477330137,2477330137,0,1645068000,0,1645068000,0,0,0,0,4096,256,131072,4,15|4,0,67108864,262144,256,0,0,0,0,988,0,976,0,247,244,0,1,988,0|80,2522985177,2,0,0,63963136,0,63963136,0,196198,0,0,244,0,0,0,0,0,0,0,7361129,0,0,0,0,0
1785968729554|1004|stream64_f2r_04|fixed|74,1378943233,16777471,6148779,6064069,6078933,6064069,6078933,6064069,5819,5797,5796,5796,0,0,740,0,178928914,178585024,4096,4096,0,0,5797,5797,3030294363,3030294376,3030294371,3030294368,0,0,0,0,0,0,0,0,4096,256,131072,4,15|4,0,67108864,262144,256,0,0,0,0,96,0,84,0,24,21,0,1,96,0|88,3745052186,2,5765856,0,0,0,0,0,6113582,0,21,0,320354592,0,320354592,0,2080,313557334,0,9669827,0,0,0,0,0
1785968729554|1004|stream64_f2r_04|rotating|74,1378943233,33558272,6213871,6127681,70598,0,70598,0,1496,0,748,0,0,0,5858,5858,4778928,4778928,4096,4096,0,0,748,748,3015689421,3015689421,3015689429,3015689429,0,0,0,0,0,0,0,0,4096,256,131072,4,15|4,0,67108864,262144,256,0,0,0,0,100,0,88,0,25,22,0,1,100,0|88,3061789622,2,0,0,5767168,0,5767168,0,17815,0,0,22,0,0,0,0,0,0,0,6898974,0,0,0,0,0
1785968734562|1004|stream64_f2r_04|fixed|76,1378943233,16777471,12413641,12241159,12272445,12241159,12272445,12241159,11752,11709,11706,11706,0,0,1496,0,361350202,360631869,4096,4096,0,0,11707,11707,3350679729,3350679750,3350679745,3350679758,0,0,0,0,0,0,0,0,4096,256,131072,4,15|4,0,67108864,262144,256,0,0,0,0,188,0,176,0,47,44,0,1,188,0|90,4066429158,2,11605472,0,0,0,0,0,12310534,0,44,0,640271660,0,640271660,0,2080,631608448,0,12684245,0,0,0,0,0
1785968734562|1004|stream64_f2r_04|rotating|76,1378943233,33558272,12508638,12335044,142238,0,142238,0,3014,0,1507,0,0,0,11796,11796,9628168,9628168,4096,4096,0,0,1507,1507,3337697446,3337697446,3337697454,3337697454,0,0,0,0,0,0,0,0,4096,256,131072,4,15|4,0,67108864,262144,256,0,0,0,0,188,0,176,0,47,44,0,1,188,0|90,3382529507,2,0,0,11534336,0,11534336,0,35654,0,0,44,0,0,0,0,0,0,0,6948323,0,0,0,0,0
1785968739567|1004|stream64_f2r_04|fixed|78,1378943233,16777471,18686785,18427291,18474234,18427291,18474234,18427291,17689,17624,17621,17621,0,0,2252,0,543949528,542871707,4096,4096,0,0,17622,17622,3671236916,3671236921,3671236924,3671236929,0,0,0,0,0,0,0,0,4096,256,131072,4,15|4,0,67108864,262144,256,0,0,0,0,276,0,264,0,69,66,0,1,276,0|92,91066573,3,17420064,0,0,0,0,0,18477290,0,66,0,958422723,0,958422723,0,2080,948023479,0,15567947,0,0,0,0,0
1785968739567|1004|stream64_f2r_04|rotating|78,1378943233,33557555,18778047,18517674,213563,0,213563,0,4525,0,2262,0,0,0,17708,17708,14453386,14453386,4096,4096,0,0,2263,2263,3658287776,3658287776,3658287784,3658287784,0,0,0,0,0,0,0,0,4096,256,131072,4,15|4,0,67108864,262144,256,0,0,0,0,276,0,264,0,69,66,0,1,276,0|92,3704063541,2,0,0,17301504,0,17301504,0,53539,0,0,66,0,0,0,0,0,0,0,6994092,0,0,0,0,0
1785968744581|1004|stream64_f2r_04|fixed|80,1378943233,16777471,24967107,24621864,24683201,24621864,24683201,24621864,23633,23546,23544,23544,0,0,3008,0,726755315,725319630,4096,4096,0,0,23544,23544,3992152709,3992153074,3992152725,3992153082,0,0,0,0,0,0,0,0,4096,256,131072,4,15|4,0,67108864,262144,256,0,0,0,0,364,0,352,0,91,88,0,1,364,0|94,411772057,3,23250464,0,0,0,0,0,24666785,0,88,0,1277670607,0,1277670607,0,2080,1265539805,0,18450569,0,0,0,0,0
1785968744581|1004|stream64_f2r_04|rotating|80,1378943233,33558272,25033048,24686934,284661,0,284661,0,6032,0,3016,0,0,0,23606,23606,19269024,19269024,4096,4096,0,0,3016,3016,3977589674,3977589674,3977589682,3977589682,0,0,0,0,0,0,0,0,4096,256,131072,4,15|4,0,67108864,262144,256,0,0,0,0,364,0,352,0,91,88,0,1,364,0|94,4022823483,2,0,0,23068672,0,23068672,0,71282,0,0,88,0,0,0,0,0,0,0,7039494,0,0,0,0,0
1785968749596|1004|stream64_f2r_04|fixed|82,1378943233,16777471,31245651,30812192,30890298,30812192,30890298,30812192,29574,29466,29462,29462,0,0,3765,0,909455263,907659090,4096,4096,0,0,29463,29463,17929584,17929565,17929592,17929581,0,0,0,0,0,0,0,0,4096,256,131072,4,15|4,0,67108864,262144,256,0,0,0,0,452,0,440,0,113,110,0,1,452,0|96,732643811,3,29088768,0,0,0,0,0,30860653,0,110,0,1597082785,0,1597082785,0,2048,1583222170,0,21333143,0,0,0,0,0
1785968749596|1004|stream64_f2r_04|rotating|82,1378943233,33558272,31316873,30881932,356199,0,356199,0,7548,0,3774,0,0,0,29530,29530,24111864,24111864,4096,4096,0,0,3774,3774,3748290,3748290,3748298,3748298,0,0,0,0,0,0,0,0,4096,256,131072,4,15|4,0,67108864,262144,256,0,0,0,0,456,0,444,0,114,111,0,1,456,0|96,50398503,3,0,0,29097984,0,29097984,0,89239,0,0,111,0,0,0,0,0,0,0,7083235,0,0,0,0,0
1785968754600|1004|stream64_f2r_04|fixed|84,1378943233,16777471,37511732,36990934,37085125,36990934,37085125,36990934,35505,35375,35371,35371,0,0,4520,0,1091843291,1089686894,4096,4096,0,0,35372,35372,338128804,338128761,338128812,338128769,0,0,0,0,0,0,0,0,4096,256,131072,4,15|4,0,67108864,262144,256,0,0,0,0,544,0,532,0,136,133,0,1,544,0|98,1052240785,3,34896768,0,0,0,0,0,37025155,0,133,0,1915227759,0,1915227759,0,2080,1899494691,0,24347272,0,0,0,0,0
1785968754600|1004|stream64_f2r_04|rotating|84,1378943233,33558272,37584480,37062353,427459,0,427459,0,9058,0,4529,0,0,0,35440,35440,28935520,28935520,4096,4096,0,0,4529,4529,324036937,324036937,324036945,324036945,0,0,0,0,0,0,0,0,4096,256,131072,4,15|4,0,67108864,262144,256,0,0,0,0,544,0,532,0,136,133,0,1,544,0|98,369210531,3,0,0,34865152,0,34865152,0,106983,0,0,133,0,0,0,0,0,0,0,7120630,0,0,0,0,0
1785968759603|1004|stream64_f2r_04|fixed|86,1378943233,16777471,43777986,43170211,43280023,43170211,43280023,43170211,41435,41282,41278,41278,0,0,5276,0,1274189976,1271658827,4096,4096,0,0,41279,41279,658375921,658375894,658375905,658375902,0,0,0,0,0,0,0,0,4096,256,131072,4,15|4,0,67108864,262144,256,0,0,0,0,632,0,620,0,158,155,0,1,632,0|100,1373117908,3,40734308,0,0,0,0,0,43218315,0,155,0,2234645497,0,2234645497,0,2080,2217181652,0,27230619,0,0,0,0,0
1785968759603|1004|stream64_f2r_04|rotating|86,1378943233,33558272,43847592,43239060,498721,0,498721,0,10568,0,5284,0,0,0,41344,41344,33759168,33759168,4096,4096,0,0,5284,5284,644198113,644198113,644198121,644198121,0,0,0,0,0,0,0,0,4096,256,131072,4,15|4,0,67108864,262144,256,0,0,0,0,632,0,620,0,158,155,0,1,632,0|100,690350216,3,0,0,40632320,0,40632320,0,124845,0,0,155,0,0,0,0,0,0,0,7168314,0,0,0,0,0
1785968764611|1004|stream64_f2r_04|fixed|88,1378943233,16777471,50069292,49375620,49499879,49375620,49499879,49375620,47388,47213,47209,47209,0,0,6033,0,1457270146,1454379397,4096,4096,0,0,47210,47210,979775450,979775423,979775458,979775431,0,0,0,0,0,0,0,0,4096,256,131072,4,15|4,0,67108864,262144,256,0,0,0,0,720,0,708,0,180,177,0,1,720,0|102,1695248785,3,46589184,0,0,0,0,0,49436969,0,177,0,2555312655,0,2555312655,0,2080,2536122015,0,30113760,0,0,0,0,0
1785968764611|1004|stream64_f2r_04|rotating|88,1378943233,33558272,50166792,49471807,570543,0,570543,0,12090,0,6045,0,0,0,47301,47301,38621104,38621104,4096,4096,0,0,6045,6045,966937709,966937709,966937717,966937717,0,0,0,0,0,0,0,0,4096,256,131072,4,15|4,0,67108864,262144,256,0,0,0,0,720,0,708,0,180,177,0,1,720,0|102,1012140342,3,0,0,46399488,0,46399488,0,142753,0,0,177,0,0,0,0,0,0,0,7214498,0,0,0,0,0
1785968769613|1004|stream64_f2r_04|fixed|90,1378943233,16777471,56317062,55536593,55676579,55536593,55676579,55536593,53302,53105,53101,53101,0,0,6786,0,1639132362,1635881717,4096,4096,0,0,53102,53102,1299056617,1299056630,1299056625,1299056638,0,0,0,0,0,0,0,0,4096,256,131072,4,15|4,0,67108864,262144,256,0,0,0,0,808,0,796,0,202,199,0,1,808,0|104,2013860798,3,52384172,0,0,0,0,0,55585206,0,199,0,2872475921,0,2872475921,0,2080,2851550372,0,32991996,0,0,0,0,0
1785968769613|1004|stream64_f2r_04|rotating|90,1378943233,33558272,56391217,55609888,641328,0,641328,0,13590,0,6795,0,0,0,53171,53171,43412832,43412832,4096,4096,0,0,6795,6795,1284944961,1284944961,1284944969,1284944969,0,0,0,0,0,0,0,0,4096,256,131072,4,15|4,0,67108864,262144,256,0,0,0,0,812,0,800,0,203,200,0,1,812,0|104,1330098521,3,0,0,52428800,0,52428800,0,160450,0,0,200,0,0,0,0,0,0,0,7271320,0,0,0,0,0
1785968774623|1004|stream64_f2r_04|fixed|92,1378943233,16777471,62593465,61726742,61881539,61726742,61881539,61726742,59241,59022,59018,59018,0,0,7543,0,1821782804,1818171759,4096,4096,0,0,59019,59019,1619683881,1619683854,1619683889,1619683862,0,0,0,0,0,0,0,0,4096,256,131072,4,15|4,0,67108864,262144,256,0,0,0,0,900,0,888,0,225,222,0,1,900,0|106,2334640029,3,58211776,0,0,0,0,0,61774429,0,222,0,3191798251,0,3191798251,0,2080,3169027291,0,35983426,0,0,0,0,0
1785968774623|1004|stream64_f2r_04|rotating|92,1378943233,33558272,62665220,61796954,712777,0,712777,0,15104,0,7552,0,0,0,59086,59086,48249272,48249272,4096,4096,0,0,7552,7552,1605746635,1605746635,1605746643,1605746643,0,0,0,0,0,0,0,0,4096,256,131072,4,15|4,0,67108864,262144,256,0,0,0,0,900,0,888,0,225,222,0,1,900,0|106,1650632407,3,0,0,58195968,0,58195968,0,178288,0,0,222,0,0,0,0,0,0,0,7318108,0,0,0,0,0
1785968779632|1004|stream64_f2r_04|fixed|94,1378943233,16777471,68891972,67936871,68108408,67936871,68108408,67936871,65201,64959,64955,64955,0,0,8302,0,2005032312,2001045282,4096,4096,0,0,64956,64956,1941497875,1941497864,1941497851,1941497872,0,0,0,0,0,0,0,0,4096,256,131072,4,15|4,0,67108864,262144,256,0,0,0,0,988,0,976,0,247,244,0,1,988,0|108,2656228724,3,64065888,0,0,0,0,0,67983237,0,244,0,3511923418,0,3511923418,0,2080,3487439044,0,38852995,0,0,0,0,0
1785968779632|1004|stream64_f2r_04|rotating|94,1378943233,33558272,68959820,68004051,784322,0,784322,0,16620,0,8310,0,0,0,65019,65019,53092104,53092104,4096,4096,0,0,8310,8310,1927183336,1927183336,1927183344,1927183344,0,0,0,0,0,0,0,0,4096,256,131072,4,15|4,0,67108864,262144,256,0,0,0,0,988,0,976,0,247,244,0,1,988,0|108,1972217468,3,0,0,63963136,0,63963136,0,196198,0,0,244,0,0,0,0,0,0,0,7367196,0,0,0,0,0
1785968787998|1005|stream64_f2r_05|fixed|98,1378943233,16777471,6154568,6072602,6084722,6072602,6084722,6072602,5821,5799,5798,5798,0,0,740,0,178981259,178638760,4096,4096,0,0,5799,5799,2476581447,2476581460,2476581455,2476581444,0,0,0,0,0,0,0,0,4096,256,131072,4,15|4,0,67108864,262144,256,0,0,0,0,96,0,84,0,24,21,0,1,96,0|116,3191195766,3,5765856,0,0,0,0,0,6118647,0,21,0,320282094,0,320282094,0,2080,313511352,0,9643364,0,0,0,0,0
1785968787998|1005|stream64_f2r_05|rotating|98,1378943233,33557555,6237009,6153447,70822,0,70822,0,1501,0,750,0,0,0,5876,5876,4792545,4792545,4096,4096,0,0,751,751,2463295273,2463295273,2463295281,2463295281,0,0,0,0,0,0,0,0,4096,256,131072,4,15|4,0,67108864,262144,256,0,0,0,0,100,0,88,0,25,22,0,1,100,0|116,2508161644,3,0,0,5767168,0,5767168,0,17815,0,0,22,0,0,0,0,0,0,0,6895172,0,0,0,0,0
1785968793004|1005|stream64_f2r_05|fixed|100,1378943233,16777471,12411914,12242513,12270908,12242513,12270908,12242513,11740,11696,11695,11695,0,0,1494,0,361005488,360303859,4096,4096,0,0,11696,11696,2796132115,2796132128,2796132123,2796132136,0,0,0,0,0,0,0,0,4096,256,131072,4,15|4,0,67108864,262144,256,0,0,0,0,188,0,176,0,47,44,0,1,188,0|118,3510859743,3,11573856,0,0,0,0,0,12288015,0,44,0,638494071,0,638494071,0,2080,629863982,0,12644387,0,0,0,0,0
1785968793004|1005|stream64_f2r_05|rotating|100,1378943233,33558272,12482696,12311982,141858,0,141858,0,3006,0,1503,0,0,0,11762,11762,9602584,9602584,4096,4096,0,0,1503,1503,2782155379,2782155379,2782155387,2782155387,0,0,0,0,0,0,0,0,4096,256,131072,4,15|4,0,67108864,262144,256,0,0,0,0,188,0,176,0,47,44,0,1,188,0|118,2827034681,3,0,0,11534336,0,11534336,0,35559,0,0,44,0,0,0,0,0,0,0,6951363,0,0,0,0,0
1785968798017|1005|stream64_f2r_05|fixed|102,1378943233,16777471,18716830,18460000,18504184,18460000,18504184,18460000,17703,17636,17635,17635,0,0,2253,0,544364460,543287095,4096,4096,0,0,17636,17636,3118135210,3118135199,3118135218,3118135207,0,0,0,0,0,0,0,0,4096,256,131072,4,15|4,0,67108864,262144,256,0,0,0,0,276,0,264,0,69,66,0,1,276,0|120,3833007988,3,17435872,0,0,0,0,0,18510873,0,66,0,959176812,0,959176812,0,2080,948828942,0,15520020,0,0,0,0,0
1785968798017|1005|stream64_f2r_05|rotating|102,1378943233,33558272,18796695,18539023,213592,0,213592,0,4526,0,2263,0,0,0,17710,17710,14458200,14458200,4096,4096,0,0,2263,2263,3104457704,3104457704,3104457712,3104457712,0,0,0,0,0,0,0,0,4096,256,131072,4,15|4,0,67108864,262144,256,0,0,0,0,276,0,264,0,69,66,0,1,276,0|120,3149852616,3,0,0,17301504,0,17301504,0,53515,0,0,66,0,0,0,0,0,0,0,7003734,0,0,0,0,0
1785968803035|1005|stream64_f2r_05|fixed|104,1378943233,16777471,24987619,24642788,24703713,24642788,24703713,24642788,23631,23542,23541,23541,0,0,3008,0,726686585,725249728,4096,4096,0,0,23542,23542,3438192681,3438192702,3438192689,3438192670,0,0,0,0,0,0,0,0,4096,256,131072,4,15|4,0,67108864,262144,256,0,0,0,0,364,0,352,0,91,88,0,1,364,0|122,4154761998,3,23282080,0,0,0,0,0,24727054,0,88,0,1279469270,0,1279469270,0,2080,1267409933,0,18385945,0,0,0,0,0
1785968803035|1005|stream64_f2r_05|rotating|104,1378943233,33558272,25098664,24752616,285129,0,285129,0,6042,0,3021,0,0,0,23646,23646,19300968,19300968,4096,4096,0,0,3021,3021,3425890786,3425890786,3425890794,3425890794,0,0,0,0,0,0,0,0,4096,256,131072,4,15|5,0,67108864,262144,256,0,0,0,0,368,0,356,0,92,89,0,1,368,0|122,3471829901,3,0,0,23330816,0,23330816,0,71447,0,0,89,0,0,0,0,0,0,0,7044720,0,0,0,0,0
1785968808061|1005|stream64_f2r_05|fixed|106,1378943233,16777471,31290012,30858385,30934472,30858385,30934472,30858385,29589,29478,29477,29477,0,0,3767,0,909918244,908120767,4096,4096,0,0,29478,29478,3759830131,3759830128,3759830139,3759830136,0,0,0,0,0,0,0,0,4096,256,131072,4,15|4,0,67108864,262144,256,0,0,0,0,456,0,444,0,114,111,0,1,456,0|124,180495066,4,29113792,0,0,0,0,0,30920885,0,111,0,1598711706,0,1598711706,0,2080,1584810525,0,21374556,0,0,0,0,0
1785968808061|1005|stream64_f2r_05|rotating|106,1378943233,33558272,31379648,30946297,356578,0,356578,0,7556,0,3778,0,0,0,29562,29562,24137408,24137408,4096,4096,0,0,3778,3778,3746689648,3746689648,3746689656,3746689656,0,0,0,0,0,0,0,0,4096,256,131072,4,15|4,0,67108864,262144,256,0,0,0,0,456,0,444,0,114,111,0,1,456,0|124,3792807278,3,0,0,29097984,0,29097984,0,89310,0,0,111,0,0,0,0,0,0,0,7097758,0,0,0,0,0
1785968813071|1005|stream64_f2r_05|fixed|108,1378943233,16781056,37572329,37052449,37145343,37052449,37145343,37052449,35530,35396,35396,35396,0,0,4524,0,1092604224,1090431048,4096,4096,0,0,35396,35396,4080640570,4080640927,4080640578,4080640935,0,0,0,0,0,0,0,0,4096,256,131072,4,15|4,0,67108864,262144,256,0,0,0,0,544,0,532,0,136,133,0,1,544,0|126,500556794,4,34936288,0,0,0,0,0,37103855,0,133,0,1917317810,0,1917317810,0,2080,1901702838,0,24237714,0,0,0,0,0
1785968813071|1005|stream64_f2r_05|rotating|108,1378943233,33558272,37641024,37120373,427744,0,427744,0,9064,0,4532,0,0,0,35460,35460,28954712,28954712,4096,4096,0,0,4532,4532,4066400882,4066400882,4066400890,4066400890,0,0,0,0,0,0,0,0,4096,256,131072,4,15|4,0,67108864,262144,256,0,0,0,0,544,0,532,0,136,133,0,1,544,0|126,4111309956,3,0,0,34865152,0,34865152,0,107030,0,0,133,0,0,0,0,0,0,0,7133661,0,0,0,0,0
1785968818082|1005|stream64_f2r_05|fixed|110,1378943233,16781056,43854643,43246930,43356301,43246930,43356301,43246930,41469,41313,41313,41313,0,0,5280,0,1275248016,1272718304,4096,4096,0,0,41313,41313,106300298,106300631,106300306,106300639,0,0,0,0,0,0,0,0,4096,256,131072,4,15|4,0,67108864,262144,256,0,0,0,0,632,0,620,0,158,155,0,1,632,0|128,820923334,4,40763916,0,0,0,0,0,43293420,0,155,0,2236227443,0,2236227443,0,2080,2218897090,0,27103466,0,0,0,0,0
1785968818082|1005|stream64_f2r_05|rotating|110,1378943233,33558272,43928838,43320219,499193,0,499193,0,10578,0,5289,0,0,0,41382,41382,33791136,33791136,4096,4096,0,0,5289,5289,92436726,92436726,92436734,92436734,0,0,0,0,0,0,0,0,4096,256,131072,4,15|4,0,67108864,262144,256,0,0,0,0,632,0,620,0,158,155,0,1,632,0|128,137287067,4,0,0,40632320,0,40632320,0,124892,0,0,155,0,0,0,0,0,0,0,7190489,0,0,0,0,0
1785968823082|1005|stream64_f2r_05|fixed|112,1378943233,16781056,50127011,49432922,49557409,49432922,49557409,49432922,47399,47221,47221,47221,0,0,6035,0,1457615488,1454726792,4096,4096,0,0,47221,47221,426444636,426444985,426444644,426444993,0,0,0,0,0,0,0,0,4096,256,131072,4,15|4,0,67108864,262144,256,0,0,0,0,720,0,708,0,180,177,0,1,720,0|130,1141258110,4,46589184,0,0,0,0,0,49482598,0,177,0,2555105902,0,2555105902,0,2080,2536059036,0,29970039,0,0,0,0,0
1785968823082|1005|stream64_f2r_05|rotating|112,1378943233,33558272,50195958,49501003,570356,0,570356,0,12086,0,6043,0,0,0,47286,47286,38608336,38608336,4096,4096,0,0,6043,6043,412151370,412151370,412151378,412151378,0,0,0,0,0,0,0,0,4096,256,131072,4,15|4,0,67108864,262144,256,0,0,0,0,720,0,708,0,180,177,0,1,720,0|130,457220057,4,0,0,46399488,0,46399488,0,142706,0,0,177,0,0,0,0,0,0,0,7237769,0,0,0,0,0
1785968828082|1005|stream64_f2r_05|fixed|114,1378943233,16777471,56385638,55604672,55744871,55604672,55744871,55604672,53323,53123,53122,53122,0,0,6789,0,1639789890,1636542597,4096,4096,0,0,53123,53123,746257833,746257854,746257841,746257862,0,0,0,0,0,0,0,0,4096,256,131072,4,15|4,0,67108864,262144,256,0,0,0,0,808,0,796,0,202,199,0,1,808,0|132,1460995931,4,52403776,0,0,0,0,0,55652998,0,199,0,2873390075,0,2873390075,0,2080,2852627420,0,32833498,0,0,0,0,0
1785968828082|1005|stream64_f2r_05|rotating|114,1378943233,33558272,56460933,55679283,641610,0,641610,0,13596,0,6798,0,0,0,53194,53194,43432008,43432008,4096,4096,0,0,6798,6798,732292696,732292696,732292704,732292704,0,0,0,0,0,0,0,0,4096,256,131072,4,15|5,0,67108864,262144,256,0,0,0,0,812,0,800,0,203,200,0,1,812,0|132,777376074,4,0,0,52428800,0,52428800,0,160521,0,0,200,0,0,0,0,0,0,0,7301171,0,0,0,0,0
1785968833094|1005|stream64_f2r_05|fixed|116,1378943233,16777471,62668538,61800863,61956330,61800863,61956330,61800863,59269,59047,59046,59046,0,0,7546,0,1822629861,1819023864,4096,4096,0,0,59047,59047,1067224298,1067224311,1067224306,1067224295,0,0,0,0,0,0,0,0,4096,256,131072,4,15|4,0,67108864,262144,256,0,0,0,0,900,0,888,0,225,222,0,1,900,0|134,1781752858,4,58235488,0,0,0,0,0,61841696,0,222,0,3192689074,0,3192689074,0,2080,3170084328,0,35822356,0,0,0,0,0
1785968833094|1005|stream64_f2r_05|rotating|116,1378943233,33558272,62732844,61863819,712966,0,712966,0,15108,0,7554,0,0,0,59106,59106,48262064,48262064,4096,4096,0,0,7554,7554,1052662040,1052662040,1052662048,1052662048,0,0,0,0,0,0,0,0,4096,256,131072,4,15|4,0,67108864,262144,256,0,0,0,0,900,0,888,0,225,222,0,1,900,0|134,1097907788,4,0,0,58195968,0,58195968,0,178360,0,0,222,0,0,0,0,0,0,0,7340523,0,0,0,0,0
1785968838108|1005|stream64_f2r_05|fixed|118,1378943233,16777471,68945985,67988463,68162327,67988463,68162327,67988463,65208,64963,64962,64962,0,0,8303,0,2005253110,2001271697,4096,4096,0,0,64963,64963,1387931717,1387931698,1387931725,1387931706,0,0,0,0,0,0,0,0,4096,256,131072,4,15|4,0,67108864,262144,256,0,0,0,0,988,0,976,0,247,244,0,1,988,0|136,2102659870,4,64073792,0,0,0,0,0,68037483,0,244,0,3512136510,0,3512136510,0,2080,3487821464,0,38685417,0,0,0,0,0
1785968838108|1005|stream64_f2r_05|rotating|118,1378943233,33558272,69039042,68080540,784700,0,784700,0,16628,0,8314,0,0,0,65050,65050,53117680,53117680,4096,4096,0,0,8314,8314,1374951793,1374951793,1374951801,1374951801,0,0,0,0,0,0,0,0,4096,256,131072,4,15|4,0,67108864,262144,256,0,0,0,0,988,0,976,0,247,244,0,1,988,0|136,1419853939,4,0,0,63963136,0,63963136,0,196269,0,0,244,0,0,0,0,0,0,0,7383418,0,0,0,0,0
1785968846479|1006|stream64_f2r_06|fixed|122,1378943233,16777471,6145195,6060980,6075443,6060980,6075443,6060980,5811,5789,5788,5788,0,0,739,0,178683896,178338888,4096,4096,0,0,5789,5789,1923871146,1923871151,1923871106,1923871127,0,0,0,0,0,0,0,0,4096,256,131072,4,15|4,0,67108864,262144,256,0,0,0,0,96,0,84,0,24,21,0,1,96,0|144,2638245046,4,5750048,0,0,0,0,0,6103658,0,21,0,319524638,0,319524638,0,2080,312747481,0,9646369,0,0,0,0,0
1785968846479|1006|stream64_f2r_06|rotating|122,1378943233,33558272,6208755,6123878,70408,0,70408,0,1492,0,746,0,0,0,5848,5848,4766136,4766136,4096,4096,0,0,746,746,1909158776,1909158776,1909158784,1909158784,0,0,0,0,0,0,0,0,4096,256,131072,4,15|4,0,67108864,262144,256,0,0,0,0,100,0,88,0,25,22,0,1,100,0|144,1954273577,4,0,0,5767168,0,5767168,0,17720,0,0,22,0,0,0,0,0,0,0,6894213,0,0,0,0,0
1785968851493|1006|stream64_f2r_06|fixed|124,1378943233,16777471,12426853,12254973,12285657,12254973,12285657,12254973,11754,11709,11708,11708,0,0,1496,0,361422360,360702793,4096,4096,0,0,11709,11709,2244777717,2244777698,2244777701,2244777706,0,0,0,0,0,0,0,0,4096,256,131072,4,15|4,0,67108864,262144,256,0,0,0,0,188,0,176,0,47,44,0,1,188,0|146,2959518179,4,11589664,0,0,0,0,0,12304821,0,44,0,639337867,0,639337867,0,2080,630720282,0,12635261,0,0,0,0,0
1785968851493|1006|stream64_f2r_06|rotating|124,1378943233,33558272,12508799,12336029,142143,0,142143,0,3012,0,1506,0,0,0,11785,11785,9621776,9621776,4096,4096,0,0,1506,1506,2231247221,2231247221,2231247229,2231247229,0,0,0,0,0,0,0,0,4096,256,131072,4,15|4,0,67108864,262144,256,0,0,0,0,188,0,176,0,47,44,0,1,188,0|146,2276721239,4,0,0,11534336,0,11534336,0,35677,0,0,44,0,0,0,0,0,0,0,6934064,0,0,0,0,0
1785968856502|1006|stream64_f2r_06|fixed|126,1378943233,16777471,18706074,18448169,18493523,18448169,18493523,18448169,17692,17625,17624,17624,0,0,2252,0,544036416,542957867,4096,4096,0,0,17625,17625,2565359924,2565359929,2565359932,2565359937,0,0,0,0,0,0,0,0,4096,256,131072,4,15|4,0,67108864,262144,256,0,0,0,0,276,0,264,0,69,66,0,1,276,0|148,3279889782,4,17420048,0,0,0,0,0,18492826,0,66,0,958251874,0,958251874,0,2080,947910065,0,15510545,0,0,0,0,0
1785968856502|1006|stream64_f2r_06|rotating|126,1378943233,33558272,18787191,18528448,213498,0,213498,0,4524,0,2262,0,0,0,17701,17701,14451808,14451808,4096,4096,0,0,2262,2262,2551830131,2551830131,2551830139,2551830139,0,0,0,0,0,0,0,0,4096,256,131072,4,15|4,0,67108864,262144,256,0,0,0,0,276,0,264,0,69,66,0,1,276,0|148,2597313394,4,0,0,17301504,0,17301504,0,53515,0,0,66,0,0,0,0,0,0,0,6976474,0,0,0,0,0
1785968861504|1006|stream64_f2r_06|fixed|128,1378943233,16777471,24979553,24634188,24695741,24634188,24695741,24634188,23623,23534,23533,23533,0,0,3007,0,726443097,725003836,4096,4096,0,0,23534,23534,2885562907,2885562904,2885562915,2885562920,0,0,0,0,0,0,0,0,4096,256,131072,4,15|4,0,67108864,262144,256,0,0,0,0,364,0,352,0,91,88,0,1,364,0|150,3600288352,4,23242560,0,0,0,0,0,24682860,0,88,0,1277194816,0,1277194816,0,2080,1265139224,0,18373699,0,0,0,0,0
1785968861504|1006|stream64_f2r_06|rotating|128,1378943233,33558272,25047119,24700902,284568,0,284568,0,6030,0,3015,0,0,0,23597,23597,19262648,19262648,4096,4096,0,0,3015,3015,2871111594,2871111594,2871111602,2871111602,0,0,0,0,0,0,0,0,4096,256,131072,4,15|4,0,67108864,262144,256,0,0,0,0,364,0,352,0,91,88,0,1,364,0|150,2916168872,4,0,0,23068672,0,23068672,0,71258,0,0,88,0,0,0,0,0,0,0,7017723,0,0,0,0,0
1785968866509|1006|stream64_f2r_06|fixed|130,1378943233,16781056,31252261,30820618,30897189,30820618,30897189,30820618,29553,29442,29442,29442,0,0,3762,0,908816560,907018864,4096,4096,0,0,29442,29442,3205700781,3205701106,3205700789,3205701114,0,0,0,0,0,0,0,0,4096,256,131072,4,15|4,0,67108864,262144,256,0,0,0,0,452,0,440,0,113,110,0,1,452,0|152,3920354206,4,29065056,0,0,0,0,0,30867484,0,110,0,1595805046,0,1595805046,0,2080,1582041181,0,21231339,0,0,0,0,0
1785968866509|1006|stream64_f2r_06|rotating|130,1378943233,33558272,31325207,30892592,355915,0,355915,0,7542,0,3771,0,0,0,29510,29510,24092680,24092680,4096,4096,0,0,3771,3771,3191676863,3191676863,3191676871,3191676871,0,0,0,0,0,0,0,0,4096,256,131072,4,15|4,0,67108864,262144,256,0,0,0,0,456,0,444,0,114,111,0,1,456,0|152,3237249026,4,0,0,29097984,0,29097984,0,89120,0,0,111,0,0,0,0,0,0,0,7069525,0,0,0,0,0
1785968871528|1006|stream64_f2r_06|fixed|132,1378943233,16777471,37546447,37026202,37119840,37026202,37119840,37026202,35504,35371,35370,35370,0,0,4520,0,1091827682,1089669165,4096,4096,0,0,35371,35371,3526963427,3526963456,3526963435,3526963464,0,0,0,0,0,0,0,0,4096,256,131072,4,15|4,0,67108864,262144,256,0,0,0,0,544,0,532,0,136,133,0,1,544,0|154,4242653547,4,34920480,0,0,0,0,0,37090961,0,133,0,1916640531,0,1916640531,0,2080,1901037044,0,24222819,0,0,0,0,0
1785968871528|1006|stream64_f2r_06|rotating|132,1378943233,33558272,37632589,37110727,427649,0,427649,0,9062,0,4531,0,0,0,35452,35452,28948320,28948320,4096,4096,0,0,4531,4531,3513767898,3513767898,3513767906,3513767906,0,0,0,0,0,0,0,0,4096,256,131072,4,15|4,0,67108864,262144,256,0,0,0,0,544,0,532,0,136,133,0,1,544,0|154,3558733090,4,0,0,34865152,0,34865152,0,107007,0,0,133,0,0,0,0,0,0,0,7111891,0,0,0,0,0
1785968876531|1006|stream64_f2r_06|fixed|134,1378943233,16777471,43820530,43211519,43322567,43211519,43322567,43211519,41436,41281,41279,41279,0,0,5276,0,1274224640,1271690848,4096,4096,0,0,41280,41280,3847283045,3847283042,3847283029,3847283010,0,0,0,0,0,0,0,0,4096,256,131072,4,15|4,0,67108864,262144,256,0,0,0,0,632,0,620,0,158,155,0,1,632,0|156,273998736,5,40861536,0,0,0,0,0,43396861,0,155,0,2241467752,0,2241467752,0,2080,2224175580,0,27086326,0,0,0,0,0
1785968876531|1006|stream64_f2r_06|rotating|134,1378943233,33558272,44139117,43525941,501551,0,501551,0,10628,0,5314,0,0,0,41580,41580,33950864,33950864,4096,4096,0,0,5314,5314,3845744017,3845744017,3845744025,3845744025,0,0,0,0,0,0,0,0,4096,256,131072,4,15|4,0,67108864,262144,256,0,0,0,0,636,0,624,0,159,156,0,1,636,0|156,3892019322,4,0,0,40894464,0,40894464,0,125553,0,0,156,0,0,0,0,0,0,0,7160588,0,0,0,0,0
1785968881534|1006|stream64_f2r_06|fixed|136,1378943233,16777471,50094015,49398614,49524791,49398614,49524791,49398614,47367,47190,47188,47188,0,0,6031,0,1456614977,1453720172,4096,4096,0,0,47189,47189,4167474891,4167474880,4167474899,4167474888,0,0,0,0,0,0,0,0,4096,256,131072,4,15|4,0,67108864,262144,256,0,0,0,0,720,0,708,0,180,177,0,1,720,0|158,587272500,5,46557568,0,0,0,0,0,49448196,0,177,0,2553317508,0,2553317508,0,2080,2534275062,0,29958815,0,0,0,0,0
1785968881534|1006|stream64_f2r_06|rotating|136,1378943233,33558272,50162489,49466313,569980,0,569980,0,12078,0,6039,0,0,0,47253,47253,38582816,38582816,4096,4096,0,0,6039,6039,4153200033,4153200033,4153200041,4153200041,0,0,0,0,0,0,0,0,4096,256,131072,4,15|4,0,67108864,262144,256,0,0,0,0,720,0,708,0,180,177,0,1,720,0|158,4198203497,4,0,0,46399488,0,46399488,0,142589,0,0,177,0,0,0,0,0,0,0,7198108,0,0,0,0,0
1785968886538|1006|stream64_f2r_06|fixed|138,1378943233,16777471,56369041,55586164,55728558,55586164,55728558,55586164,53300,53101,53099,53099,0,0,6786,0,1639085528,1635830067,4096,4096,0,0,53100,53100,192822077,192822066,192822085,192822074,0,0,0,0,0,0,0,0,4096,256,131072,4,15|4,0,67108864,262144,256,0,0,0,0,808,0,796,0,202,199,0,1,808,0|160,907330827,5,52380064,0,0,0,0,0,55631189,0,199,0,2871920211,0,2871920211,0,2080,2851163624,0,32822323,0,0,0,0,0
1785968886538|1006|stream64_f2r_06|rotating|138,1378943233,33558272,56435074,55651599,641234,0,641234,0,13588,0,6794,0,0,0,53162,53162,43406432,43406432,4096,4096,0,0,6794,6794,178374123,178374123,178374131,178374131,0,0,0,0,0,0,0,0,4096,256,131072,4,15|4,0,67108864,262144,256,0,0,0,0,808,0,796,0,202,199,0,1,812,0|160,223579703,5,0,0,52428800,0,52428800,0,160450,0,0,200,0,0,0,0,0,0,0,7228353,0,0,0,0,0
1785968891541|1006|stream64_f2r_06|fixed|140,1378943233,16777471,62644416,61774805,61932584,61774805,61932584,61774805,59233,59012,59010,59010,0,0,7542,0,1821534388,1817920672,4096,4096,0,0,59011,59011,513106923,513106936,513106931,513106920,0,0,0,0,0,0,0,0,4096,256,131072,4,15|4,0,67108864,262144,256,0,0,0,0,896,0,884,0,224,221,0,1,896,0|162,1227674752,5,58203872,0,0,0,0,0,61817316,0,222,0,3190808184,0,3190808184,0,2080,3168205144,0,35813846,0,0,0,0,0
1785968891541|1006|stream64_f2r_06|rotating|140,1378943233,33558272,62707881,61836746,712587,0,712587,0,15100,0,7550,0,0,0,59070,59070,48236488,48236488,4096,4096,0,0,7550,7550,498746112,498746112,498746120,498746120,0,0,0,0,0,0,0,0,4096,256,131072,4,15|4,0,67108864,262144,256,0,0,0,0,900,0,888,0,225,222,0,1,900,0|162,543695511,5,0,0,58195968,0,58195968,0,178241,0,0,222,0,0,0,0,0,0,0,7259070,0,0,0,0,0
1785968896556|1006|stream64_f2r_06|fixed|142,1378943233,16777471,68929868,67971667,68146588,67971667,68146588,67971667,65176,64932,64930,64930,0,0,8299,0,2004270454,2000281544,4096,4096,0,0,64931,64931,834020446,834020483,834020454,834020475,0,0,0,0,0,0,0,0,4096,256,131072,4,15|4,0,67108864,262144,256,0,0,0,0,988,0,976,0,247,244,0,1,988,0|164,1548540930,5,64034272,0,0,0,0,0,68017038,0,244,0,3510216762,0,3510216762,0,2080,3485898566,0,38680066,0,0,0,0,0
1785968896556|1006|stream64_f2r_06|rotating|142,1378943233,33558272,69020297,68061193,784227,0,784227,0,16618,0,8309,0,0,0,65015,65015,53085720,53085720,4096,4096,0,0,8309,8309,820609250,820609250,820609266,820609266,0,0,0,0,0,0,0,0,4096,256,131072,4,15|4,0,67108864,262144,256,0,0,0,0,988,0,976,0,247,244,0,1,988,0|164,865665966,5,0,0,63963136,0,63963136,0,196175,0,0,244,0,0,0,0,0,0,0,7314866,0,0,0,0,0
1785968904995|1007|stream64_f2r_07|fixed|146,1378943233,16777471,6143631,6059228,6073879,6059228,6073879,6059228,5809,5787,5786,5786,0,0,739,0,178623132,178280847,4096,4096,0,0,5787,5787,1374182221,1374182210,1374182229,1374182218,0,0,0,0,0,0,0,0,4096,256,131072,4,15|4,0,67108864,262144,256,0,0,0,0,96,0,84,0,24,21,0,1,96,0|172,2088660742,5,5750048,0,0,0,0,0,6103619,0,21,0,319548644,0,319548644,0,2080,312747893,0,9669868,0,0,0,0,0
1785968904995|1007|stream64_f2r_07|rotating|146,1378943233,33558272,6215944,6130079,70598,0,70598,0,1496,0,748,0,0,0,5855,5855,4778928,4778928,4096,4096,0,0,748,748,1360110750,1360110750,1360110758,1360110758,0,0,0,0,0,0,0,0,4096,256,131072,4,15|4,0,67108864,262144,256,0,0,0,0,100,0,88,0,25,22,0,1,100,0|172,1404803799,5,0,0,5767168,0,5767168,0,17720,0,0,22,0,0,0,0,0,0,0,6898970,0,0,0,0,0
1785968909998|1007|stream64_f2r_07|fixed|148,1378943233,16777471,12409795,12237832,12268883,12237832,12268883,12237832,11737,11693,11692,11692,0,0,1493,0,360909285,360207376,4096,4096,0,0,11693,11693,1694207521,1694207526,1694207529,1694207534,0,0,0,0,0,0,0,0,4096,256,131072,4,15|4,0,67108864,262144,256,0,0,0,0,188,0,176,0,47,44,0,1,188,0|174,2408319991,5,11558048,0,0,0,0,0,12272851,0,44,0,637755893,0,637755893,0,2080,629083545,0,12683141,0,0,0,0,0
1785968909998|1007|stream64_f2r_07|rotating|148,1378943233,33558272,12480758,12307456,141764,0,141764,0,3004,0,1502,0,0,0,11759,11759,9596192,9596192,4096,4096,0,0,1502,1502,1679968791,1679968791,1679968799,1679968799,0,0,0,0,0,0,0,0,4096,256,131072,4,15|4,0,67108864,262144,256,0,0,0,0,188,0,176,0,47,44,0,1,188,0|174,1725152746,5,0,0,11534336,0,11534336,0,35559,0,0,44,0,0,0,0,0,0,0,6949307,0,0,0,0,0
1785968915013|1007|stream64_f2r_07|fixed|150,1378943233,16781056,18694483,18434475,18482027,18434475,18482027,18434475,17680,17613,17613,17613,0,0,2251,0,543678072,542599920,4096,4096,0,0,17613,17613,2015172948,2015173281,2015172964,2015173297,0,0,0,0,0,0,0,0,4096,256,131072,4,15|4,0,67108864,262144,256,0,0,0,0,276,0,264,0,69,66,0,1,276,0|176,2729914988,5,17412160,0,0,0,0,0,18484316,0,66,0,957887362,0,957887362,0,2080,947488662,0,15565648,0,0,0,0,0
1785968915013|1007|stream64_f2r_07|rotating|150,1378943233,33558272,18770604,18509774,213308,0,213308,0,4520,0,2260,0,0,0,17684,17684,14439016,14439016,4096,4096,0,0,2260,2260,2001418466,2001418466,2001418474,2001418474,0,0,0,0,0,0,0,0,4096,256,131072,4,15|4,0,67108864,262144,256,0,0,0,0,276,0,264,0,69,66,0,1,276,0|176,2046027058,5,0,0,17301504,0,17301504,0,53421,0,0,66,0,0,0,0,0,0,0,6994023,0,0,0,0,0
1785968920014|1007|stream64_f2r_07|fixed|152,1378943233,16777471,24963353,24616540,24679730,24616540,24679730,24616540,23608,23519,23518,23518,0,0,3005,0,725965912,724527480,4096,4096,0,0,23519,23519,2335205543,2335205524,2335205511,2335205532,0,0,0,0,0,0,0,0,4096,256,131072,4,15|4,0,67108864,262144,256,0,0,0,0,364,0,352,0,91,88,0,1,364,0|178,3049940238,5,23226752,0,0,0,0,0,24666626,0,88,0,1276458964,0,1276458964,0,2080,1264325269,0,18448313,0,0,0,0,0
1785968920014|1007|stream64_f2r_07|rotating|152,1378943233,33558272,25038769,24690902,284474,0,284474,0,6028,0,3014,0,0,0,23589,23589,19256264,19256264,4096,4096,0,0,3014,3014,2321149200,2321149200,2321149208,2321149208,0,0,0,0,0,0,0,0,4096,256,131072,4,15|4,0,67108864,262144,256,0,0,0,0,364,0,352,0,91,88,0,1,364,0|178,2366480598,5,0,0,23068672,0,23068672,0,71235,0,0,88,0,0,0,0,0,0,0,7034387,0,0,0,0,0
1785968925019|1007|stream64_f2r_07|fixed|154,1378943233,16781056,31238630,30805195,30883653,30805195,30883653,30805195,29540,29429,29429,29429,0,0,3761,0,908416064,906617920,4096,4096,0,0,29429,29429,2655492913,2655493238,2655492921,2655493246,0,0,0,0,0,0,0,0,4096,256,131072,4,15|4,0,67108864,262144,256,0,0,0,0,452,0,440,0,113,110,0,1,452,0|180,3370119287,5,29049248,0,0,0,0,0,30852469,0,110,0,1595182389,0,1595182389,0,2080,1581316335,0,21330039,0,0,0,0,0
1785968925019|1007|stream64_f2r_07|rotating|154,1378943233,33558272,31329770,30895353,355915,0,355915,0,7542,0,3771,0,0,0,29514,29514,24092680,24092680,4096,4096,0,0,3771,3771,2642168325,2642168325,2642168333,2642168333,0,0,0,0,0,0,0,0,4096,256,131072,4,15|5,0,67108864,262144,256,0,0,0,0,456,0,444,0,114,111,0,1,456,0|180,2687563552,5,0,0,29097984,0,29097984,0,89120,0,0,111,0,0,0,0,0,0,0,7078926,0,0,0,0,0
1785968930070|1007|stream64_f2r_07|fixed|156,1378943233,16779144,37570671,37048063,37143780,37048063,37143780,37048063,35528,35394,35394,35394,0,0,4523,0,1092542320,1090369912,4096,4096,0,0,35394,35394,2978841071,2978841428,2978841079,2978841436,0,0,0,0,0,0,0,0,4096,256,131072,4,15|4,0,67108864,262144,256,0,0,0,0,544,0,532,0,136,133,0,1,544,0|182,3694194971,5,34944192,0,0,0,0,0,37110655,0,133,0,1917784337,0,1917784337,0,2080,1902065500,0,24343165,0,0,0,0,0
1785968930070|1007|stream64_f2r_07|rotating|156,1378943233,33558272,37662360,37138679,427934,0,427934,0,9068,0,4534,0,0,0,35480,35480,28967480,28967480,4096,4096,0,0,4534,4534,2965570294,2965570294,2965570302,2965570302,0,0,0,0,0,0,0,0,4096,256,131072,4,15|4,0,67108864,262144,256,0,0,0,0,544,0,532,0,136,133,0,1,544,0|182,3010906509,5,0,0,34865152,0,34865152,0,107101,0,0,133,0,0,0,0,0,0,0,7126204,0,0,0,0,0
1785968935081|1007|stream64_f2r_07|fixed|158,1378943233,16781056,43862670,43252301,43364233,43252301,43364233,43252301,41476,41320,41320,41320,0,0,5281,0,1275467152,1272934200,4096,4096,0,0,41320,41320,3299965944,3299966293,3299965952,3299966301,0,0,0,0,0,0,0,0,4096,256,131072,4,15|4,0,67108864,262144,256,0,0,0,0,632,0,620,0,158,155,0,1,632,0|184,4015362705,5,40782496,0,0,0,0,0,43315741,0,155,0,2237492495,0,2237492495,0,2080,2220046295,0,27223289,0,0,0,0,0
1785968935081|1007|stream64_f2r_07|rotating|158,1378943233,33558272,43944864,43333662,499287,0,499287,0,10580,0,5290,0,0,0,41397,41397,33797512,33797512,4096,4096,0,0,5290,5290,3286158046,3286158046,3286158054,3286158054,0,0,0,0,0,0,0,0,4096,256,131072,4,15|4,0,67108864,262144,256,0,0,0,0,632,0,620,0,158,155,0,1,632,0|184,3331289404,5,0,0,40632320,0,40632320,0,124939,0,0,155,0,0,0,0,0,0,0,7170927,0,0,0,0,0
1785968940088|1007|stream64_f2r_07|fixed|160,1378943233,16777471,50140970,49443936,49571273,49443936,49571273,49443936,47411,47233,47232,47232,0,0,6036,0,1457980255,1455087010,4096,4096,0,0,47233,47233,3620370676,3620370705,3620370684,3620370713,0,0,0,0,0,0,0,0,4096,256,131072,4,15|4,0,67108864,262144,256,0,0,0,0,720,0,708,0,180,177,0,1,720,0|186,40274064,6,46604992,0,0,0,0,0,49496311,0,177,0,2555915526,0,2555915526,0,2080,2536752739,0,30089243,0,0,0,0,0
1785968940088|1007|stream64_f2r_07|rotating|160,1378943233,33558272,50256017,49557579,571012,0,571012,0,12100,0,6050,0,0,0,47341,47341,38653080,38653080,4096,4096,0,0,6050,6050,3608450712,3608450712,3608450720,3608450720,0,0,0,0,0,0,0,0,4096,256,131072,4,15|4,0,67108864,262144,256,0,0,0,0,724,0,712,0,181,178,0,1,724,0|186,3657721559,5,0,0,46661632,0,46661632,0,143108,0,0,178,0,0,0,0,0,0,0,7216736,0,0,0,0,0
1785968945111|1007|stream64_f2r_07|fixed|162,1378943233,16777471,56430896,55646817,55789662,55646817,55789662,55646817,53359,53159,53158,53158,0,0,6794,0,1640899613,1637646216,4096,4096,0,0,53159,53159,3941472494,3941472499,3941472502,3941472507,0,0,0,0,0,0,0,0,4096,256,131072,4,15|4,0,67108864,262144,256,0,0,0,0,808,0,800,0,203,200,0,1,812,0|188,361258599,6,52436704,0,0,0,0,0,55694142,0,200,0,2875442133,0,2875442133,0,2080,2854431463,0,33083893,0,0,0,0,0
1785968945111|1007|stream64_f2r_07|rotating|162,1378943233,33557555,56500320,55714784,642084,0,642084,0,13606,0,6803,0,0,0,53224,53224,43460992,43460992,4096,4096,0,0,6803,6803,3927536528,3927536528,3927536536,3927536536,0,0,0,0,0,0,0,0,4096,256,131072,4,15|4,0,67108864,262144,256,0,0,0,0,812,0,800,0,203,200,0,1,812,0|188,3972407633,5,0,0,52428800,0,52428800,0,160615,0,0,200,0,0,0,0,0,0,0,7262312,0,0,0,0,0
1785968950114|1007|stream64_f2r_07|fixed|164,1378943233,16777471,62701579,61830795,61989087,61830795,61989087,61830795,59288,59066,59065,59065,0,0,7549,0,1823216854,1819589769,4096,4096,0,0,59065,59065,4261643554,4261643887,4261643562,4261643895,0,0,0,0,0,0,0,0,4096,256,131072,4,15|4,0,67108864,262144,256,0,0,0,0,900,0,888,0,225,222,0,1,900,0|190,681418400,6,58259200,0,0,0,0,0,61880072,0,222,0,3194146310,0,3194146310,0,2080,3171424666,0,35944234,0,0,0,0,0
1785968950114|1007|stream64_f2r_07|rotating|164,1378943233,33558272,62775994,61904340,713345,0,713345,0,15116,0,7558,0,0,0,59135,59135,48287648,48287648,4096,4096,0,0,7558,7558,4247674730,4247674730,4247674738,4247674738,0,0,0,0,0,0,0,0,4096,256,131072,4,15|4,0,67108864,262144,256,0,0,0,0,900,0,888,0,225,222,0,1,900,0|190,4293454111,5,0,0,58195968,0,58195968,0,178478,0,0,222,0,0,0,0,0,0,0,7306516,0,0,0,0,0
1785968955130|1007|stream64_f2r_07|fixed|166,1378943233,16777471,68992797,68034330,68208854,68034330,68208854,68034330,65236,64993,64990,64990,0,0,8306,0,2006123886,2002137424,4096,4096,0,0,64991,64991,287766700,287766745,287766708,287766713,0,0,0,0,0,0,0,0,4096,256,131072,4,15|4,0,67108864,262144,256,0,0,0,0,988,0,976,0,247,244,0,1,988,0|192,1002655865,6,64105408,0,0,0,0,0,68087198,0,244,0,3513922223,0,3513922223,0,2080,3489488365,0,38810906,0,0,0,0,0
1785968955130|1007|stream64_f2r_07|rotating|166,1378943233,33558272,69068921,68109642,784794,0,784794,0,16630,0,8315,0,0,0,65062,65062,53124072,53124072,4096,4096,0,0,8315,8315,273711489,273711489,273711497,273711497,0,0,0,0,0,0,0,0,4096,256,131072,4,15|4,0,67108864,262144,256,0,0,0,0,988,0,976,0,247,244,0,1,988,0|192,318843908,6,0,0,63963136,0,63963136,0,196316,0,0,244,0,0,0,0,0,0,0,7356147,0,0,0,0,0
1785968963525|1008|stream64_f2r_08|fixed|170,1378943233,16781056,6148136,6063253,6078384,6063253,6078384,6063253,5814,5791,5791,5791,0,0,739,0,178757360,178414968,4096,4096,0,0,5791,5791,825048960,825049293,825048968,825049301,0,0,0,0,0,0,0,0,4096,256,131072,4,15|4,0,67108864,262144,256,0,0,0,0,96,0,84,0,24,21,0,1,96,0|200,1539842455,6,5757952,0,0,0,0,0,6114030,0,21,0,320082995,0,320082995,0,2080,313284501,0,9669443,0,0,0,0,0
1785968963525|1008|stream64_f2r_08|rotating|170,1378943233,33558272,6222543,6135990,70692,0,70692,0,1498,0,749,0,0,0,5861,5861,4785304,4785304,4096,4096,0,0,749,749,811313881,811313881,811313897,811313897,0,0,0,0,0,0,0,0,4096,256,131072,4,15|4,0,67108864,262144,256,0,0,0,0,100,0,88,0,25,22,0,1,100,0|200,855983335,6,0,0,5767168,0,5767168,0,17768,0,0,22,0,0,0,0,0,0,0,6889090,0,0,0,0,0
1785968968536|1008|stream64_f2r_08|fixed|172,1378943233,16777471,12429052,12255470,12287856,12255470,12287856,12255470,11756,11710,11710,11710,0,0,1496,0,361464005,360745824,4096,4096,0,0,11710,11710,1145926563,1145926912,1145926571,1145926920,0,0,0,0,0,0,0,0,4096,256,131072,4,15|4,0,67108864,262144,256,0,0,0,0,188,0,176,0,47,44,0,1,188,0|202,1860395839,6,11589664,0,0,0,0,0,12300538,0,44,0,639178451,0,639178451,0,2080,630513007,0,12683160,0,0,0,0,0
1785968968536|1008|stream64_f2r_08|rotating|172,1378943233,33558272,12500681,12326347,142048,0,142048,0,3010,0,1505,0,0,0,11777,11777,9615384,9615384,4096,4096,0,0,1505,1505,1131904323,1131904323,1131904331,1131904331,0,0,0,0,0,0,0,0,4096,256,131072,4,15|4,0,67108864,262144,256,0,0,0,0,188,0,176,0,47,44,0,1,188,0|202,1177328160,6,0,0,11534336,0,11534336,0,35630,0,0,44,0,0,0,0,0,0,0,6939256,0,0,0,0,0
1785968973538|1008|stream64_f2r_08|fixed|174,1378943233,16777471,18695581,18435797,18483125,18435797,18483125,18435797,17683,17615,17614,17614,0,0,2251,0,543716286,542640297,4096,4096,0,0,17615,17615,1465899907,1465899912,1465899915,1465899920,0,0,0,0,0,0,0,0,4096,256,131072,4,15|4,0,67108864,262144,256,0,0,0,0,276,0,264,0,69,66,0,1,276,0|204,2180585737,6,17412160,0,0,0,0,0,18485036,0,66,0,957912725,0,957912725,0,2080,947514247,0,15565561,0,0,0,0,0
1785968973538|1008|stream64_f2r_08|rotating|174,1378943233,33558272,18766118,18505597,213214,0,213214,0,4518,0,2259,0,0,0,17680,17680,14432616,14432616,4096,4096,0,0,2259,2259,1451634788,1451634788,1451634796,1451634796,0,0,0,0,0,0,0,0,4096,256,131072,4,15|4,0,67108864,262144,256,0,0,0,0,276,0,264,0,69,66,0,1,276,0|204,1496704877,6,0,0,17301504,0,17301504,0,53421,0,0,66,0,0,0,0,0,0,0,6981384,0,0,0,0,0
1785968978538|1008|stream64_f2r_08|fixed|176,1378943233,16777471,24968544,24622500,24684826,24622500,24684826,24622500,23614,23524,23523,23523,0,0,3006,0,726127016,724692818,4096,4096,0,0,23524,23524,1786129815,1786129804,1786129783,1786129812,0,0,0,0,0,0,0,0,4096,256,131072,4,15|4,0,67108864,262144,256,0,0,0,0,364,0,352,0,91,88,0,1,364,0|206,2500873049,6,23234656,0,0,0,0,0,24671935,0,88,0,1276744413,0,1276744413,0,2080,1264612805,0,18448058,0,0,0,0,0
1785968978538|1008|stream64_f2r_08|rotating|176,1378943233,33558272,25042814,24695771,284568,0,284568,0,6030,0,3015,0,0,0,23593,23593,19262648,19262648,4096,4096,0,0,3015,3015,1772224902,1772224902,1772224910,1772224910,0,0,0,0,0,0,0,0,4096,256,131072,4,15|4,0,67108864,262144,256,0,0,0,0,364,0,352,0,91,88,0,1,364,0|206,1817738876,6,0,0,23068672,0,23068672,0,71282,0,0,88,0,0,0,0,0,0,0,7033662,0,0,0,0,0
1785968983539|1008|stream64_f2r_08|fixed|178,1378943233,16780339,31240039,30807559,30885062,30807559,30885062,30807559,29543,29431,29431,29431,0,0,3761,0,908475879,906683474,4096,4096,0,0,29432,29432,2106264651,2106264664,2106264659,2106264672,0,0,0,0,0,0,0,0,4096,256,131072,4,15|4,0,67108864,262144,256,0,0,0,0,452,0,440,0,113,110,0,1,452,0|208,2820658059,6,29049248,0,0,0,0,0,30850393,0,110,0,1595075775,0,1595075775,0,2080,1581209212,0,21330683,0,0,0,0,0
1785968983539|1008|stream64_f2r_08|rotating|178,1378943233,33558272,31318489,30885160,355821,0,355821,0,7540,0,3770,0,0,0,29505,29505,24086288,24086288,4096,4096,0,0,3770,3770,2092385380,2092385380,2092385388,2092385388,0,0,0,0,0,0,0,0,4096,256,131072,4,15|5,0,67108864,262144,256,0,0,0,0,456,0,444,0,114,111,0,1,456,0|208,2138034300,6,0,0,29097984,0,29097984,0,89097,0,0,111,0,0,0,0,0,0,0,7079621,0,0,0,0,0
1785968988548|1008|stream64_f2r_08|fixed|180,1378943233,16777471,37516635,36995808,37090404,36995808,37090404,36995808,35478,35344,35343,35343,0,0,4516,0,1090977724,1088827303,4096,4096,0,0,35344,35344,2426647859,2426647856,2426647867,2426647864,0,0,0,0,0,0,0,0,4096,256,131072,4,15|4,0,67108864,262144,256,0,0,0,0,544,0,532,0,136,133,0,1,544,0|210,3142079812,6,34888864,0,0,0,0,0,37056749,0,133,0,1915037624,0,1915037624,0,2080,1899313637,0,24336571,0,0,0,0,0
1785968988548|1008|stream64_f2r_08|rotating|180,1378943233,33558272,37607763,37085182,427365,0,427365,1,9056,0,4528,0,0,0,35429,35429,28929128,28929128,4096,4096,0,9,4528,4528,2413631283,2413631283,2413631291,2413631291,0,2256350135,0,2256350135,0,0,0,0,4096,256,131072,4,15|4,0,67108864,262144,256,0,0,0,0,544,0,532,0,136,133,0,1,544,0|210,2458484735,6,0,0,34865152,0,34865152,0,106936,0,0,133,0,0,0,0,0,0,0,7121824,0,0,0,0,0
1785968993551|1008|stream64_f2r_08|fixed|182,1378943233,16777710,43788007,43179052,43290423,43179052,43290423,43179052,41407,41250,41250,41250,0,0,5272,0,1273305128,1270778497,4096,4096,0,0,41250,41250,2746825019,2746825368,2746825027,2746825376,0,0,0,0,0,0,0,0,4096,256,131072,4,15|4,0,67108864,262144,256,0,0,0,0,632,0,620,0,158,155,0,1,632,0|212,3462779876,6,40727168,0,0,0,0,0,43253218,0,155,0,2234278112,0,2234278112,0,2080,2216845880,0,27197577,0,0,0,0,0
1785968993551|1008|stream64_f2r_08|rotating|182,1378943233,33558272,43881035,43270996,498626,0,498626,1,10566,0,5283,0,0,0,41337,41337,33752784,33752784,4096,4096,0,9,5283,5283,2733770114,2733770114,2733770130,2733770130,0,2256350135,0,2256350135,0,0,0,0,4096,256,131072,4,15|4,0,67108864,262144,256,0,0,0,0,632,0,620,0,158,155,0,1,632,0|212,2778635460,6,0,0,40632320,0,40632320,0,124751,0,0,155,0,0,0,0,0,0,0,7162811,0,0,0,0,0
1785968998556|1008|stream64_f2r_08|fixed|184,1378943233,16781056,50088386,49391310,49519256,49391310,49519256,49391310,47362,47183,47183,47183,0,0,6030,0,1456444576,1453557984,4096,4096,0,0,47183,47183,3068315037,3068315362,3068315045,3068315370,0,0,0,0,0,0,0,0,4096,256,131072,4,15|4,0,67108864,262144,256,0,0,0,0,720,0,708,0,180,177,0,1,720,0|214,3783145201,6,46549664,0,0,0,0,0,49443276,0,177,0,2553187813,0,2553187813,0,2080,2534035729,0,30066796,0,0,0,0,0
1785968998556|1008|stream64_f2r_08|rotating|184,1378943233,33558272,50165328,49467313,569980,0,569980,1,12078,0,6039,0,0,0,47255,47255,38582816,38582816,4096,4096,0,9,6039,6039,3054346954,3054346954,3054346962,3054346962,0,2256350135,0,2256350135,0,0,0,0,4096,256,131072,4,15|4,0,67108864,262144,256,0,0,0,0,720,0,708,0,180,177,0,1,720,0|214,3100185546,6,0,0,46399488,0,46399488,0,142635,0,0,177,0,0,0,0,0,0,0,7204269,0,0,0,0,0
1785969003563|1008|stream64_f2r_08|fixed|186,1378943233,16777471,56364796,55580380,55724313,55580380,55724313,55580380,53297,53096,53096,53096,0,0,6786,0,1638965867,1635719534,4096,4096,0,0,53096,53096,3388727605,3388727922,3388727613,3388727930,0,0,0,0,0,0,0,0,4096,256,131072,4,15|4,0,67108864,262144,256,0,0,0,0,808,0,796,0,202,199,0,1,808,0|216,4103370637,6,52372160,0,0,0,0,0,55629388,0,199,0,2871957625,0,2871957625,0,2080,2851088728,0,32932976,0,0,0,0,0
1785969003563|1008|stream64_f2r_08|rotating|186,1378943233,33558272,56442155,55656983,641328,0,641328,1,13590,0,6795,0,0,0,53169,53169,43412832,43412832,4096,4096,0,9,6795,6795,3374920776,3374920776,3374920784,3374920784,0,2256350135,0,2256350135,0,0,0,0,4096,256,131072,4,15|5,0,67108864,262144,256,0,0,0,0,812,0,800,0,203,200,0,1,812,0|216,3420996794,6,0,0,52428800,0,52428800,0,160497,0,0,200,0,0,0,0,0,0,0,7241896,0,0,0,0,0
1785969008578|1008|stream64_f2r_08|fixed|188,1378943233,16777471,62631708,61761877,61920062,61761877,61920062,61761877,59223,59000,58999,58999,0,0,7540,0,1821184509,1817577960,4096,4096,0,0,59000,59000,3708627861,3708627866,3708627869,3708627858,0,0,0,0,0,0,0,0,4096,256,131072,4,15|4,0,67108864,262144,256,0,0,0,0,900,0,888,0,225,222,0,1,900,0|218,130399684,7,58227584,0,0,0,0,0,61847950,0,222,0,3192490112,0,3192490112,0,2066,3169772405,0,35933644,0,0,0,0,0
1785969008578|1008|stream64_f2r_08|rotating|188,1378943233,33558272,62740102,61868197,712966,0,712966,1,15108,0,7554,0,0,0,59101,59101,48262064,48262064,4096,4096,0,9,7554,7554,3696591223,3696591223,3696591231,3696591231,0,2256350135,0,2256350135,0,0,0,0,4096,256,131072,4,15|4,0,67108864,262144,256,0,0,0,0,900,0,888,0,225,222,0,1,900,0|218,3742414151,6,0,0,58195968,0,58195968,0,178383,0,0,222,0,0,0,0,0,0,0,7278413,0,0,0,0,0
1785969013580|1008|stream64_f2r_08|fixed|190,1378943233,16781056,68903548,67945197,68120552,67945197,68120552,67945197,65152,64906,64906,64906,0,0,8296,0,2003519456,1999536392,4096,4096,0,0,64906,64906,4028826044,4028826369,4028826052,4028826377,0,0,0,0,0,0,0,0,4096,256,131072,4,15|4,0,67108864,262144,256,0,0,0,0,988,0,976,0,247,244,0,1,988,0|220,448640168,7,64018464,0,0,0,0,0,67996141,0,244,0,3509282876,0,3509282876,0,2080,3484838380,0,38803012,0,0,0,0,0
1785969013580|1008|stream64_f2r_08|rotating|190,1378943233,33558272,68971568,68012381,783753,0,783753,1,16608,0,8304,0,0,0,64970,64970,53053784,53053784,4096,4096,0,9,8304,8304,4014589614,4014589614,4014589622,4014589622,0,2256350135,0,2256350135,0,0,0,0,4096,256,131072,4,15|4,0,67108864,262144,256,0,0,0,0,988,0,976,0,247,244,0,1,988,0|220,4059524556,6,0,0,63963136,0,63963136,0,196033,0,0,244,0,0,0,0,0,0,0,7321789,0,0,0,0,0
1785969022000|1009|stream64_f2r_09|fixed|194,1378943233,16777471,6145743,6062798,6075991,6062798,6075991,6062798,5812,5790,5789,5789,0,0,739,0,178710436,178366448,4096,4096,0,0,5790,5790,272664547,272664592,272664563,272664544,0,0,0,0,0,0,0,0,4096,256,131072,4,15|4,0,67108864,262144,256,0,0,0,0,96,0,84,0,24,21,0,1,96,0|228,987428506,7,5757952,0,0,0,0,0,6112345,0,21,0,319984104,0,319984104,0,2048,313185543,0,9669394,0,0,0,0,0
1785969022000|1009|stream64_f2r_09|rotating|194,1378943233,33558272,6216345,6131860,70598,0,70598,0,1496,0,748,0,0,0,5856,5856,4778928,4778928,4096,4096,0,0,748,748,258442462,258442462,258442470,258442470,0,0,0,0,0,0,0,0,4096,256,131072,4,15|4,0,67108864,262144,256,0,0,0,0,100,0,88,0,25,22,0,1,100,0|228,303473896,7,0,0,5767168,0,5767168,0,17744,0,0,22,0,0,0,0,0,0,0,6905895,0,0,0,0,0
1785969027009|1009|stream64_f2r_09|fixed|196,1378943233,16781056,12421442,12252367,12280246,12252367,12280246,12252367,11748,11704,11704,11704,0,0,1496,0,361279216,360560184,4096,4096,0,0,11704,11704,593161840,593140421,593161848,593140429,0,0,0,0,0,0,0,0,4096,256,131072,4,15|4,0,67108864,262144,256,0,0,0,0,188,0,176,0,47,44,0,1,188,0|230,1307965539,7,11581760,0,0,0,0,0,12298572,0,44,0,639065185,0,639065185,0,2080,630399066,0,12682022,0,0,0,0,0
1785969027009|1009|stream64_f2r_09|rotating|196,1378943233,33558272,12496037,12326166,141953,0,141953,0,3008,0,1504,0,0,0,11774,11774,9608984,9608984,4096,4096,0,0,1504,1504,579159392,579159392,579159400,579159400,0,0,0,0,0,0,0,0,4096,256,131072,4,15|4,0,67108864,262144,256,0,0,0,0,188,0,176,0,47,44,0,1,188,0|230,625123610,7,0,0,11534336,0,11534336,0,35654,0,0,44,0,0,0,0,0,0,0,6947060,0,0,0,0,0
1785969032023|1009|stream64_f2r_09|fixed|198,1378943233,16777471,18707016,18450312,18494465,18450312,18494465,18450312,17693,17627,17625,17625,0,0,2252,0,544067875,542990422,4096,4096,0,0,17626,17626,914192583,914192572,914192591,914192588,0,0,0,0,0,0,0,0,4096,256,131072,4,15|4,0,67108864,262144,256,0,0,0,0,276,0,264,0,69,66,0,1,276,0|232,1629957169,7,17443776,0,0,0,0,0,18518097,0,66,0,959591311,0,959591311,0,2080,949200522,0,15564544,0,0,0,0,0
1785969032023|1009|stream64_f2r_09|rotating|198,1378943233,33558272,18801525,18543613,213592,0,213592,0,4526,0,2263,0,0,0,17714,17714,14458200,14458200,4096,4096,0,0,2263,2263,901038827,901038827,901038835,901038835,0,0,0,0,0,0,0,0,4096,256,131072,4,15|4,0,67108864,262144,256,0,0,0,0,276,0,264,0,69,66,0,1,276,0|232,946152366,7,0,0,17301504,0,17301504,0,53515,0,0,66,0,0,0,0,0,0,0,6999452,0,0,0,0,0
1785969037031|1009|stream64_f2r_09|fixed|200,1378943233,16777471,24990221,24647120,24706220,24647120,24706220,24647120,23634,23546,23544,23544,0,0,3009,0,726759301,725320496,4096,4096,0,0,23545,23545,1234920324,1234920313,1234920332,1234920321,0,0,0,0,0,0,0,0,4096,256,131072,4,15|4,0,67108864,262144,256,0,0,0,0,364,0,352,0,91,88,0,1,364,0|234,1949378798,7,23250464,0,0,0,0,0,24688622,0,88,0,1277561268,0,1277561268,0,2080,1265434474,0,18446522,0,0,0,0,0
1785969037031|1009|stream64_f2r_09|rotating|200,1378943233,33558272,25056129,24712416,284661,0,284661,0,6032,0,3016,0,0,0,23606,23606,19269024,19269024,4096,4096,0,0,3016,3016,1220339105,1220339105,1220339113,1220339113,0,0,0,0,0,0,0,0,4096,256,131072,4,15|4,0,67108864,262144,256,0,0,0,0,364,0,352,0,91,88,0,1,364,0|234,1265516593,7,0,0,23068672,0,23068672,0,71282,0,0,88,0,0,0,0,0,0,0,7035791,0,0,0,0,0
1785969042031|1009|stream64_f2r_09|fixed|202,1378943233,16781056,31259283,30830566,30904117,30830566,30904117,30830566,29560,29450,29449,29449,0,0,3763,0,909031600,907231720,4096,4096,0,0,29449,29449,1554896458,1554896783,1554896466,1554896791,0,0,0,0,0,0,0,0,4096,256,131072,4,15|4,0,67108864,262144,256,0,0,0,0,452,0,440,0,113,110,0,1,452,0|236,2268618829,7,29057152,0,0,0,0,0,30856479,0,110,0,1595349627,0,1595349627,0,2080,1581486463,0,21328865,0,0,0,0,0
1785969042031|1009|stream64_f2r_09|rotating|202,1378943233,33558272,31311281,30881899,355727,0,355727,0,7538,0,3769,0,0,0,29498,29498,24079896,24079896,4096,4096,0,0,3769,3769,1539639785,1539639785,1539639793,1539639793,0,0,0,0,0,0,0,0,4096,256,131072,4,15|4,0,67108864,262144,256,0,0,0,0,456,0,444,0,114,111,0,1,456,0|236,1584609438,7,0,0,29097984,0,29097984,0,89049,0,0,111,0,0,0,0,0,0,0,7086644,0,0,0,0,0
1785969047038|1009|stream64_f2r_09|fixed|204,1378943233,16777471,37533095,37017489,37106676,37017489,37106676,37017489,35492,35360,35358,35358,0,0,4518,0,1091448928,1089290151,4096,4096,0,0,35359,35359,1875152692,1875152681,1875152652,1875152689,0,0,0,0,0,0,0,0,4096,256,131072,4,15|4,0,67108864,262144,256,0,0,0,0,544,0,532,0,136,133,0,1,544,0|238,2589856324,7,34896768,0,0,0,0,0,37058737,0,133,0,1915127218,0,1915127218,0,2080,1899399740,0,24341643,0,0,0,0,0
1785969047038|1009|stream64_f2r_09|rotating|204,1378943233,33558272,37604913,37087672,427365,0,427365,0,9056,0,4528,0,0,0,35426,35426,28929128,28929128,4096,4096,0,0,4528,4528,1861322334,1861322334,1861322342,1861322342,0,0,0,0,0,0,0,0,4096,256,131072,4,15|4,0,67108864,262144,256,0,0,0,0,544,0,532,0,136,133,0,1,544,0|238,1906214513,7,0,0,34865152,0,34865152,0,106936,0,0,133,0,0,0,0,0,0,0,7134967,0,0,0,0,0
1785969052055|1009|stream64_f2r_09|fixed|206,1378943233,16777471,43821314,43217546,43323351,43217546,43323351,43217546,41438,41283,41281,41281,0,0,5276,0,1274278407,1271744370,4096,4096,0,0,41282,41282,2196242631,2196242644,2196242639,2196242652,0,0,0,0,0,0,0,0,4096,256,131072,4,15|4,0,67108864,262144,256,0,0,0,0,632,0,620,0,158,155,0,1,632,0|240,2911128959,7,40735072,0,0,0,0,0,43266166,0,155,0,2234940277,0,2234940277,0,2080,2217483054,0,27224149,0,0,0,0,0
1785969052055|1009|stream64_f2r_09|rotating|206,1378943233,33558272,43894938,43290459,498815,0,498815,0,10570,0,5285,0,0,0,41351,41351,33765552,33765552,4096,4096,0,0,5285,5285,2182342207,2182342207,2182342215,2182342215,0,0,0,0,0,0,0,0,4096,256,131072,4,15|4,0,67108864,262144,256,0,0,0,0,632,0,620,0,158,155,0,1,632,0|240,2227837946,7,0,0,40632320,0,40632320,0,124845,0,0,155,0,0,0,0,0,0,0,7186405,0,0,0,0,0
1785969057060|1009|stream64_f2r_09|fixed|208,1378943233,16781056,50101203,49410850,49531884,49410850,49531884,49410850,47375,47198,47197,47197,0,0,6032,0,1456876520,1453984648,4096,4096,0,0,47197,47197,2516791451,2516791768,2516791459,2516791776,0,0,0,0,0,0,0,0,4096,256,131072,4,15|4,0,67108864,262144,256,0,0,0,0,720,0,708,0,180,177,0,1,720,0|242,3231603346,7,46565472,0,0,0,0,0,49457480,0,177,0,2553957064,0,2553957064,0,2080,2534769008,0,30106046,0,0,0,0,0
1785969057060|1009|stream64_f2r_09|rotating|208,1378943233,33558272,50170377,49479190,570075,0,570075,0,12080,0,6040,0,0,0,47262,47262,38589200,38589200,4096,4096,0,0,6040,6040,2502501955,2502501955,2502501963,2502501963,0,0,0,0,0,0,0,0,4096,256,131072,4,15|4,0,67108864,262144,256,0,0,0,0,720,0,708,0,180,177,0,1,720,0|242,2547555876,7,0,0,46399488,0,46399488,0,142635,0,0,177,0,0,0,0,0,0,0,7229417,0,0,0,0,0
1785969062062|1009|stream64_f2r_09|fixed|210,1378943233,16781056,56362626,55585205,55722143,55585205,55722143,55585205,53301,53102,53101,53101,0,0,6786,0,1639119760,1635870608,4096,4096,0,0,53101,53101,2836736478,2836736819,2836736486,2836736827,0,0,0,0,0,0,0,0,4096,256,131072,4,15|4,0,67108864,262144,256,0,0,0,0,808,0,796,0,202,199,0,1,808,0|244,3551487148,7,52380064,0,0,0,0,0,55630551,0,199,0,2872387218,0,2872387218,0,2080,2851464687,0,32988191,0,0,0,0,0
1785969062062|1009|stream64_f2r_09|rotating|210,1378943233,33558272,56437344,55658945,641328,0,641328,0,13590,0,6795,0,0,0,53171,53171,43412832,43412832,4096,4096,0,0,6795,6795,2822661969,2822661969,2822661977,2822661977,0,0,0,0,0,0,0,0,4096,256,131072,4,15|4,0,67108864,262144,256,0,0,0,0,808,0,796,0,203,200,0,1,812,0|244,2867609001,7,0,0,52428800,0,52428800,0,160450,0,0,200,0,0,0,0,0,0,0,7276386,0,0,0,0,0
1785969067085|1009|stream64_f2r_09|fixed|212,1378943233,16777471,62654844,61790377,61942824,61790377,61942824,61790377,59256,59035,59033,59033,0,0,7544,0,1822237774,1818629489,4096,4096,0,0,59034,59034,3158216400,3158216389,3158216408,3158216397,0,0,0,0,0,0,0,0,4096,256,131072,4,15|4,0,67108864,262144,256,0,0,0,0,900,0,888,0,225,222,0,1,900,0|246,3877886461,7,58314528,0,0,0,0,0,61928638,0,222,0,3197302915,0,3197302915,0,2080,3174535946,0,36001457,0,0,0,0,0
1785969067085|1009|stream64_f2r_09|rotating|212,1378943233,33558272,62862324,61994989,714480,0,714480,0,15140,0,7570,0,0,0,59229,59229,48364280,48364280,4096,4096,0,0,7570,7570,3151221295,3151221295,3151221303,3151221303,0,0,0,0,0,0,0,0,4096,256,131072,4,15|4,0,67108864,262144,256,0,0,0,0,900,0,888,0,225,222,0,1,900,0|246,3197855374,7,0,0,58195968,0,58195968,0,178807,0,0,222,0,0,0,0,0,0,0,7325100,0,0,0,0,0
1785969072087|1009|stream64_f2r_09|fixed|214,1378943233,16778188,68930062,67977726,68146592,67977726,68146592,67977726,65193,64949,64948,64948,0,0,8301,0,2004812120,2000829208,4096,4096,0,0,64948,64948,3478847337,3478847662,3478847345,3478847670,0,0,0,0,0,0,0,0,4096,256,131072,4,15|4,0,67108864,262144,256,0,0,0,0,988,0,976,0,247,244,0,1,988,0|248,4193498212,7,64057984,0,0,0,0,0,68020725,0,244,0,3511478802,0,3511478802,0,2080,3486962728,0,38882959,0,0,0,0,0
1785969072087|1009|stream64_f2r_09|rotating|214,1378943233,33558272,69006409,68053228,784322,0,784322,0,16620,0,8310,0,0,0,65019,65019,53092104,53092104,4096,4096,0,0,8310,8310,3464934126,3464934126,3464934134,3464934134,0,0,0,0,0,0,0,0,4096,256,131072,4,15|4,0,67108864,262144,256,0,0,0,0,988,0,976,0,247,244,0,1,988,0|248,3510326498,7,0,0,63963136,0,63963136,0,196198,0,0,244,0,0,0,0,0,0,0,7370849,0,0,0,0,0
1785969080619|1010|stream64_f2r_10|fixed|218,1378943233,16777471,6140741,6058284,6071083,6058284,6071083,6058284,5807,5785,5784,5784,0,0,738,0,178560108,178217503,4096,4096,0,0,5785,5785,4024570881,4024570902,4024570889,4024570910,0,0,0,0,0,0,0,0,4096,256,131072,4,15|4,0,67108864,262144,256,0,0,0,0,96,0,84,0,24,21,0,1,96,0|256,444370188,8,5750048,0,0,0,0,0,6107347,0,21,0,319727449,0,319727449,0,2080,312927037,0,9669584,0,0,0,0,0
1785969080619|1010|stream64_f2r_10|rotating|218,1378943233,33558272,6209634,6126361,70408,0,70408,0,1492,0,746,0,0,0,5849,5849,4766136,4766136,4096,4096,0,0,746,746,4010075418,4010075418,4010075426,4010075426,0,0,0,0,0,0,0,0,4096,256,131072,4,15|4,0,67108864,262144,256,0,0,0,0,100,0,88,0,25,22,0,1,100,0|256,4055264164,7,0,0,5767168,0,5767168,0,17720,0,0,22,0,0,0,0,0,0,0,6903959,0,0,0,0,0
1785969085620|1010|stream64_f2r_10|fixed|220,1378943233,16777471,12405645,12237662,12264733,12237662,12264733,12237662,11733,11689,11689,11689,0,0,1493,0,360812552,360110331,4096,4096,0,0,11689,11689,49557987,49558328,49557995,49558336,0,0,0,0,0,0,0,0,4096,256,131072,4,15|4,0,67108864,262144,256,0,0,0,0,188,0,176,0,47,44,0,1,188,0|258,764506975,8,11573856,0,0,0,0,0,12285961,0,44,0,638408284,0,638408284,0,2080,629738873,0,12683653,0,0,0,0,0
1785969085620|1010|stream64_f2r_10|rotating|220,1378943233,33558272,12497826,12328175,141953,0,141953,0,3008,0,1504,0,0,0,11776,11776,9608984,9608984,4096,4096,0,0,1504,1504,36362213,36362213,36362221,36362221,0,0,0,0,0,0,0,0,4096,256,131072,4,15|4,0,67108864,262144,256,0,0,0,0,188,0,176,0,47,44,0,1,188,0|258,83203033,8,0,0,11534336,0,11534336,0,35701,0,0,44,0,0,0,0,0,0,0,6947121,0,0,0,0,0
1785969090629|1010|stream64_f2r_10|fixed|222,1378943233,16781056,18681941,18425645,18469673,18425645,18469673,18425645,17669,17602,17602,17602,0,0,2249,0,543337760,542261736,4096,4096,0,0,17602,17602,370113478,370113811,370113486,370113819,0,0,0,0,0,0,0,0,4096,256,131072,4,15|4,0,67108864,262144,256,0,0,0,0,276,0,264,0,69,66,0,1,276,0|260,1084923822,8,17396352,0,0,0,0,0,18474527,0,66,0,957369507,0,957369507,0,2080,946966615,0,15566501,0,0,0,0,0
1785969090629|1010|stream64_f2r_10|rotating|222,1378943233,33558272,18777194,18519640,213308,0,213308,0,4520,0,2260,0,0,0,17691,17691,14439016,14439016,4096,4096,0,0,2260,2260,356952680,356952680,356952688,356952688,0,0,0,0,0,0,0,0,4096,256,131072,4,15|4,0,67108864,262144,256,0,0,0,0,276,0,264,0,69,66,0,1,276,0|260,402281201,8,0,0,17301504,0,17301504,0,53445,0,0,66,0,0,0,0,0,0,0,6986769,0,0,0,0,0
1785969095642|1010|stream64_f2r_10|fixed|224,1378943233,16777471,24968403,24624708,24684685,24624708,24684685,24624708,23613,23524,23523,23523,0,0,3006,0,726108777,724674164,4096,4096,0,0,23524,23524,690991743,690991716,690991751,690991732,0,0,0,0,0,0,0,0,4096,256,131072,4,15|4,0,67108864,262144,256,0,0,0,0,364,0,352,0,91,88,0,1,364,0|262,1405701183,8,23234656,0,0,0,0,0,24671212,0,88,0,1276687292,0,1276687292,0,2080,1264554156,0,18449506,0,0,0,0,0
1785969095642|1010|stream64_f2r_10|rotating|224,1378943233,33558272,25043340,24698864,284568,0,284568,0,6030,0,3015,0,0,0,23593,23593,19262648,19262648,4096,4096,0,0,3015,3015,677113533,677113533,677113541,677113541,0,0,0,0,0,0,0,0,4096,256,131072,4,15|4,0,67108864,262144,256,0,0,0,0,364,0,352,0,91,88,0,1,364,0|262,721804258,8,0,0,23068672,0,23068672,0,71235,0,0,88,0,0,0,0,0,0,0,7031162,0,0,0,0,0
1785969100655|1010|stream64_f2r_10|fixed|226,1378943233,16777471,31258850,30828601,30903684,30828601,30903684,30828601,29559,29448,29447,29447,0,0,3763,0,908986984,907195041,4096,4096,0,0,29448,29448,1012033267,1012033256,1012033243,1012033264,0,0,0,0,0,0,0,0,4096,256,131072,4,15|4,0,67108864,262144,256,0,0,0,0,452,0,440,0,113,110,0,1,452,0|264,1726862365,8,29072960,0,0,0,0,0,30876857,0,110,0,1596388898,0,1596388898,0,2080,1582525480,0,21332549,0,0,0,0,0
1785969100655|1010|stream64_f2r_10|rotating|226,1378943233,33558272,31325996,30894817,355915,0,355915,0,7542,0,3771,0,0,0,29510,29510,24092680,24092680,4096,4096,0,0,3771,3771,997704215,997704215,997704223,997704223,0,0,0,0,0,0,0,0,4096,256,131072,4,15|5,0,67108864,262144,256,0,0,0,0,456,0,444,0,114,111,0,1,456,0|264,1042589902,8,0,0,29097984,0,29097984,0,89097,0,0,111,0,0,0,0,0,0,0,7079339,0,0,0,0,0
1785969105664|1010|stream64_f2r_10|fixed|228,1378943233,16781056,37538520,37021494,37112007,37021494,37112007,37021494,35497,35363,35363,35363,0,0,4519,0,1091585224,1089434760,4096,4096,0,0,35363,35363,1332583023,1332583332,1332583031,1332583340,0,0,0,0,0,0,0,0,4096,256,131072,4,15|4,0,67108864,262144,256,0,0,0,0,544,0,532,0,136,133,0,1,544,0|266,2047670527,8,34904672,0,0,0,0,0,37070643,0,133,0,1915739132,0,1915739132,0,2080,1900008906,0,24346124,0,0,0,0,0
1785969105664|1010|stream64_f2r_10|rotating|228,1378943233,33558272,37629960,37111247,427554,0,427554,0,9060,0,4530,0,0,0,35449,35449,28941920,28941920,4096,4096,0,0,4530,4530,1319387597,1319387597,1319387605,1319387605,0,0,0,0,0,0,0,0,4096,256,131072,4,15|4,0,67108864,262144,256,0,0,0,0,544,0,532,0,136,133,0,1,544,0|266,1364351976,8,0,0,34865152,0,34865152,0,106983,0,0,133,0,0,0,0,0,0,0,7126796,0,0,0,0,0
1785969110676|1010|stream64_f2r_10|fixed|230,1378943233,16777471,43817070,43212577,43319201,43212577,43319201,43212577,41435,41278,41277,41277,0,0,5275,0,1274149693,1271623704,4096,4096,0,0,41278,41278,1653225751,1653225732,1653225759,1653225740,0,0,0,0,0,0,0,0,4096,256,131072,4,15|4,0,67108864,262144,256,0,0,0,0,632,0,620,0,158,155,0,1,632,0|268,2367918718,8,40727168,0,0,0,0,0,43257562,0,155,0,2234531699,0,2234531699,0,2080,2217067794,0,27229170,0,0,0,0,0
1785969110676|1010|stream64_f2r_10|rotating|230,1378943233,33558272,43893092,43287704,498721,0,498721,0,10568,0,5284,0,0,0,41349,41349,33759168,33759168,4096,4096,0,0,5284,5284,1639118725,1639118725,1639118733,1639118733,0,0,0,0,0,0,0,0,4096,256,131072,4,15|4,0,67108864,262144,256,0,0,0,0,632,0,620,0,158,155,0,1,632,0|268,1684431520,8,0,0,40632320,0,40632320,0,124798,0,0,155,0,0,0,0,0,0,0,7177487,0,0,0,0,0
1785969115682|1010|stream64_f2r_10|fixed|232,1378943233,16777471,50097080,49406143,49527856,49406143,49527856,49406143,47372,47193,47192,47192,0,0,6031,0,1456738000,1453852912,4096,4096,0,0,47193,47193,1973767763,1973767784,1973767771,1973767752,0,0,0,0,0,0,0,0,4096,256,131072,4,15|4,0,67108864,262144,256,0,0,0,0,720,0,708,0,180,177,0,1,720,0|270,2688430583,8,46557568,0,0,0,0,0,49450153,0,177,0,2553585964,0,2553585964,0,2080,2534389920,0,30112373,0,0,0,0,0
1785969115682|1010|stream64_f2r_10|rotating|232,1378943233,33558272,50164151,49472414,569980,0,569980,0,12078,0,6039,0,0,0,47255,47255,38582816,38582816,4096,4096,0,0,6039,6039,1959279775,1959279775,1959279783,1959279783,0,0,0,0,0,0,0,0,4096,256,131072,4,15|4,0,67108864,262144,256,0,0,0,0,720,0,708,0,180,177,0,1,720,0|270,2004354820,8,0,0,46399488,0,46399488,0,142612,0,0,177,0,0,0,0,0,0,0,7222991,0,0,0,0,0
1785969120689|1010|stream64_f2r_10|fixed|234,1378943233,16777471,56375431,55597063,55734853,55597063,55734853,55597063,53308,53107,53106,53106,0,0,6787,0,1639293901,1636049176,4096,4096,0,0,53107,53107,2294252978,2294252943,2294252986,2294252959,0,0,0,0,0,0,0,0,4096,256,131072,4,15|4,0,67108864,262144,256,0,0,0,0,808,0,796,0,202,199,0,1,808,0|272,3009831817,8,52403776,0,0,0,0,0,55658959,0,199,0,2873525646,0,2873525646,0,2080,2852601219,0,32995214,0,0,0,0,0
1785969120689|1010|stream64_f2r_10|rotating|234,1378943233,33558272,56459383,55680098,641516,0,641516,0,13594,0,6797,0,0,0,53185,53185,43425616,43425616,4096,4096,0,0,6797,6797,2280729796,2280729796,2280729804,2280729804,0,0,0,0,0,0,0,0,4096,256,131072,4,15|4,0,67108864,262144,256,0,0,0,0,812,0,800,0,203,200,0,1,812,0|272,2326872540,8,0,0,52428800,0,52428800,0,160568,0,0,200,0,0,0,0,0,0,0,7273226,0,0,0,0,0
1785969125697|1010|stream64_f2r_10|fixed|236,1378943233,16781056,62654619,61789481,61942693,61789481,61942693,61789481,59244,59021,59021,59021,0,0,7543,0,1821862440,1818256400,4096,4096,0,0,59021,59021,2614749190,2614749539,2614749198,2614749547,0,0,0,0,0,0,0,0,4096,256,131072,4,15|4,0,67108864,262144,256,0,0,0,0,900,0,888,0,225,222,0,1,900,0|274,3329265617,8,58211776,0,0,0,0,0,61827197,0,222,0,3191507446,0,3191507446,0,2080,3168710624,0,36009285,0,0,0,0,0
1785969125697|1010|stream64_f2r_10|rotating|236,1378943233,33558272,62716236,61849623,712682,0,712682,0,15102,0,7551,0,0,0,59079,59079,48242872,48242872,4096,4096,0,0,7551,7551,2600264808,2600264808,2600264816,2600264816,0,0,0,0,0,0,0,0,4096,256,131072,4,15|4,0,67108864,262144,256,0,0,0,0,900,0,888,0,225,222,0,1,900,0|274,2645940599,8,0,0,58195968,0,58195968,0,178312,0,0,222,0,0,0,0,0,0,0,7319556,0,0,0,0,0
1785969130706|1010|stream64_f2r_10|fixed|238,1378943233,16777471,68932927,67979965,68149647,67979965,68149647,67979965,65181,64935,64934,64934,0,0,8299,0,2004391374,2000409152,4096,4096,0,0,64935,64935,2935330626,2935330639,2935330634,2935330623,0,0,0,0,0,0,0,0,4096,256,131072,4,15|4,0,67108864,262144,256,0,0,0,0,988,0,976,0,247,244,0,1,988,0|276,3650143565,8,64042176,0,0,0,0,0,68026229,0,244,0,3510927794,0,3510927794,0,2080,3486398837,0,38892484,0,0,0,0,0
1785969130706|1010|stream64_f2r_10|rotating|238,1378943233,33558272,69001727,68048049,784038,0,784038,0,16614,0,8307,0,0,0,64999,64999,53072968,53072968,4096,4096,0,0,8307,8307,2920855643,2920855643,2920855651,2920855651,0,0,0,0,0,0,0,0,4096,256,131072,4,15|4,0,67108864,262144,256,0,0,0,0,988,0,976,0,247,244,0,1,988,0|276,2966013683,8,0,0,63963136,0,63963136,0,196127,0,0,244,0,0,0,0,0,0,0,7372980,0,0,0,0,0
1785969139199|1011|stream64_r2f_01|fixed|242,1378943233,16781056,6154785,6070654,69737,0,69737,0,1480,0,740,0,0,0,5797,5797,4727776,4727776,4096,4096,0,0,740,740,3478764980,3478764980,3478764988,3478764988,0,0,0,0,0,0,0,0,4096,256,131072,4,15|5,0,67108864,262144,256,0,0,0,0,100,0,88,0,25,22,0,1,100,0|284,4194763330,8,0,0,5767168,0,5767168,0,17645,0,0,22,0,0,0,0,0,0,0,6895826,0,0,0,0,0
1785969139199|1011|stream64_r2f_01|rotating|242,1378943233,33554687,6262333,6176179,6191372,6176179,6191372,6176179,5923,5900,5898,5898,0,0,753,0,182073449,181714668,4096,4096,0,0,5899,5899,3466928261,3466928242,3466928269,3466928250,0,0,0,0,0,0,0,0,4096,256,131072,4,15|4,0,67108864,262144,256,0,0,0,0,100,0,88,0,25,22,0,1,100,0|284,3511891383,8,5854112,0,0,0,0,0,6216126,0,22,0,325428113,0,325428113,0,2080,318533666,0,9782661,0,0,0,0,0
1785969144208|1011|stream64_r2f_01|fixed|244,1378943233,16781056,12430948,12260097,140976,0,140976,0,2992,0,1496,0,0,0,11711,11711,9557856,9557856,4096,4096,0,0,1496,1496,3799003550,3799003550,3799003558,3799003558,0,0,0,0,0,0,0,0,4096,256,131072,4,15|4,0,67108864,262144,256,0,0,0,0,188,0,176,0,47,44,0,1,188,0|286,219216992,9,0,0,11534336,0,11534336,0,35385,0,0,44,0,0,0,0,0,0,0,6938189,0,0,0,0,0
1785969144208|1011|stream64_r2f_01|rotating|244,1378943233,33554687,12497700,12325973,12355969,12325973,12355969,12325973,11821,11776,11774,11774,0,0,1504,0,363464041,362745172,4096,4096,0,0,11775,11775,3785354253,3785354258,3785354261,3785354266,0,0,0,0,0,0,0,0,4096,256,131072,4,15|4,0,67108864,262144,256,0,0,0,0,188,0,176,0,47,44,0,1,188,0|286,3830820551,8,11652896,0,0,0,0,0,12374904,0,44,0,642907585,0,642907585,0,2080,634302446,0,12637629,0,0,0,0,0
1785969149214|1011|stream64_r2f_01|fixed|246,1378943233,16781056,18702877,18445262,212219,0,212219,0,4504,0,2252,0,0,0,17621,17621,14387912,14387912,4096,4096,0,0,2252,2252,4119693571,4119693571,4119693579,4119693579,0,0,0,0,0,0,0,0,4096,256,131072,4,15|4,0,67108864,262144,256,0,0,0,0,276,0,264,0,69,66,0,1,276,0|288,539492935,9,0,0,17301504,0,17301504,0,53187,0,0,66,0,0,0,0,0,0,0,6985473,0,0,0,0,0
1785969149214|1011|stream64_r2f_01|rotating|246,1378943233,33558272,18778399,18519803,18565331,18519803,18565331,18519803,17761,17694,17692,17692,0,0,2261,0,546117000,545039832,4096,4096,0,0,17692,17692,4105976708,4105977057,4105976716,4105977065,0,0,0,0,0,0,0,0,4096,256,131072,4,15|4,0,67108864,262144,256,0,0,0,0,276,0,264,0,69,66,0,1,276,0|288,4150635376,8,17475392,0,0,0,0,0,18552383,0,66,0,961266786,0,961266786,0,2080,950954550,0,15494093,0,0,0,0,0
1785969154219|1011|stream64_r2f_01|fixed|248,1378943233,16781056,25002463,24657967,283651,0,283651,0,6020,0,3010,0,0,0,23555,23555,19230736,19230736,4096,4096,0,0,3010,3010,146147416,146147416,146147424,146147424,0,0,0,0,0,0,0,0,4096,256,131072,4,15|4,0,67108864,262144,256,0,0,0,0,364,0,352,0,91,88,0,1,364,0|290,861196598,9,0,0,23068672,0,23068672,0,71054,0,0,88,0,0,0,0,0,0,0,7032282,0,0,0,0,0
1785969154219|1011|stream64_r2f_01|rotating|248,1378943233,33554687,25071443,24726173,24787038,24726173,24787038,24726173,23712,23622,23619,23619,0,0,3018,0,729097684,727662007,4096,4096,0,0,23620,23620,132214956,132214969,132214972,132214985,0,0,0,0,0,0,0,0,4096,256,131072,4,15|4,0,67108864,262144,256,0,0,0,0,364,0,352,0,91,88,0,1,364,0|290,177672265,9,23329504,0,0,0,0,0,24773513,0,88,0,1281807443,0,1281807443,0,2075,1269797194,0,18348261,0,0,0,0,0
1785969159234|1011|stream64_r2f_01|fixed|250,1378943233,16781056,31268132,30837708,354705,0,354705,0,7528,0,3764,0,0,0,29456,29456,24047952,24047952,4096,4096,0,0,3764,3764,465851846,465851846,465851862,465851862,0,0,0,0,0,0,0,0,4096,256,131072,4,15|4,0,67108864,262144,256,0,0,0,0,452,0,440,0,113,110,0,1,452,0|292,1180831876,9,0,0,28835840,0,28835840,0,88817,0,0,110,0,0,0,0,0,0,0,7080979,0,0,0,0,0
1785969159234|1011|stream64_r2f_01|rotating|250,1378943233,33558272,31342449,30910443,30986805,30910443,30986805,30910443,29641,29528,29526,29526,0,0,3774,0,911408912,909598576,4096,4096,0,0,29526,29526,452242649,452221230,452242657,452221238,0,0,0,0,0,0,0,0,4096,256,131072,4,15|4,0,67108864,262144,256,0,0,0,0,456,0,444,0,114,111,0,1,456,0|292,496842514,9,29129600,0,0,0,0,0,30937220,0,111,0,1599527668,0,1599527668,0,2080,1585671430,0,21334229,0,0,0,0,0
1785969164246|1011|stream64_r2f_01|fixed|252,1378943233,16781056,37553469,37037146,426038,0,426038,0,9042,0,4521,0,0,0,35377,35377,28884392,28884392,4096,4096,0,0,4521,4521,786841411,786841411,786841419,786841419,0,0,0,0,0,0,0,0,4096,256,131072,4,15|4,0,67108864,262144,256,0,0,0,0,544,0,532,0,136,133,0,1,544,0|294,1501656350,9,0,0,34865152,0,34865152,0,106651,0,0,133,0,0,0,0,0,0,0,7121503,0,0,0,0,0
1785969164246|1011|stream64_r2f_01|rotating|252,1378943233,33554687,37625832,37108029,37198945,37108029,37198945,37108029,35584,35448,35445,35445,0,0,4530,0,1094120129,1091950028,4096,4096,0,0,35446,35446,773111321,773111302,773111329,773111310,0,0,0,0,0,0,0,0,4096,256,131072,4,15|4,0,67108864,262144,256,0,0,0,0,544,0,532,0,136,133,0,1,544,0|294,817840448,9,34967904,0,0,0,0,0,37138799,0,133,0,1919066026,0,1919066026,0,2080,1903509425,0,24187353,0,0,0,0,0
1785969169257|1011|stream64_r2f_01|fixed|254,1378943233,16781056,43834318,43231104,497280,0,497280,0,10554,0,5277,0,0,0,41293,41293,33714448,33714448,4096,4096,0,0,5277,5277,1107209630,1107209630,1107209638,1107209638,0,0,0,0,0,0,0,0,4096,256,131072,4,15|4,0,67108864,262144,256,0,0,0,0,632,0,620,0,158,155,0,1,632,0|296,1821629150,9,0,0,40632320,0,40632320,0,124438,0,0,155,0,0,0,0,0,0,0,7167706,0,0,0,0,0
1785969169257|1011|stream64_r2f_01|rotating|254,1378943233,33558272,43908317,43304362,43410188,43304362,43410188,43304362,41523,41365,41363,41363,0,0,5286,0,1276794272,1274265048,4096,4096,0,0,41363,41363,1093761755,1093762080,1093761763,1093762088,0,0,0,0,0,0,0,0,4096,256,131072,4,15|4,0,67108864,262144,256,0,0,0,0,632,0,620,0,158,155,0,1,632,0|296,1138596624,9,40806208,0,0,0,0,0,43336099,0,155,0,2238362626,0,2238362626,0,2080,2221101103,0,27045036,0,0,0,0,0
1785969174271|1011|stream64_r2f_01|fixed|256,1378943233,16781056,50124764,49435926,568712,0,568712,0,12070,0,6035,0,0,0,47218,47218,38557280,38557280,4096,4096,0,0,6035,6035,1428631364,1428631364,1428631372,1428631372,0,0,0,0,0,0,0,0,4096,256,131072,4,15|4,0,67108864,262144,256,0,0,0,0,720,0,708,0,180,177,0,1,720,0|298,2143316825,9,0,0,46399488,0,46399488,0,142296,0,0,177,0,0,0,0,0,0,0,7216999,0,0,0,0,0
1785969174271|1011|stream64_r2f_01|rotating|256,1378943233,33554687,50191221,49501738,49621848,49501738,49621848,49501738,47464,47284,47281,47281,0,0,6042,0,1459479143,1456589506,4096,4096,0,0,47282,47282,1414459138,1414459143,1414459146,1414459159,0,0,0,0,0,0,0,0,4096,256,131072,4,15|4,0,67108864,262144,256,0,0,0,0,720,0,708,0,180,177,0,1,720,0|298,1459246919,9,46636608,0,0,0,0,0,49532270,0,177,0,2557555321,0,2557555321,0,2080,2538590121,0,29899777,0,0,0,0,0
1785969179284|1011|stream64_r2f_01|fixed|258,1378943233,16781056,56407966,55632755,639955,0,639955,0,13582,0,6791,0,0,0,53138,53138,43387264,43387264,4096,4096,0,0,6791,6791,1749198737,1749198737,1749198745,1749198745,0,0,0,0,0,0,0,0,4096,256,131072,4,15|4,0,67108864,262144,256,0,0,0,0,808,0,796,0,202,199,0,1,808,0|300,2464014526,9,0,0,52166656,0,52166656,0,160129,0,0,199,0,0,0,0,0,0,0,7257482,0,0,0,0,0
1785969179284|1011|stream64_r2f_01|rotating|258,1378943233,33558272,56480102,55703340,55839302,55703340,55839302,55703340,53411,53208,53206,53206,0,0,6800,0,1642365208,1639101104,4096,4096,0,0,53206,53206,1735607850,1735608175,1735607858,1735608183,0,0,0,0,0,0,0,0,4096,256,131072,4,15|4,0,67108864,262144,256,0,0,0,0,812,0,800,0,203,200,0,1,812,0|300,1780305050,9,52468320,0,0,0,0,0,55731520,0,200,0,2877155524,0,2877155524,0,2080,2856346929,0,32889939,0,0,0,0,0
1785969184292|1011|stream64_r2f_01|fixed|260,1378943233,16781056,62688675,61825087,711288,0,711288,0,15096,0,7548,0,0,0,59053,59053,48223728,48223728,4096,4096,0,0,7548,7548,2069866084,2069866084,2069866092,2069866092,0,0,0,0,0,0,0,0,4096,256,131072,4,15|4,0,67108864,262144,256,0,0,0,0,900,0,888,0,225,222,0,1,900,0|302,2784724113,9,0,0,58195968,0,58195968,0,177940,0,0,222,0,0,0,0,0,0,0,7302597,0,0,0,0,0
1785969184292|1011|stream64_r2f_01|rotating|260,1378943233,33558272,62755011,61890749,62043063,61890749,62043063,61890749,59343,59118,59116,59116,0,0,7555,0,1824795696,1821172872,4096,4096,0,0,59116,59116,2055846246,2055846555,2055846254,2055846563,0,0,0,0,0,0,0,0,4096,256,131072,4,15|4,0,67108864,262144,256,0,0,0,0,900,0,888,0,225,222,0,1,900,0|302,2100633379,9,58298720,0,0,0,0,0,61920882,0,222,0,3196026253,0,3196026253,0,2080,3173515560,0,35743101,0,0,0,0,0
1785969189298|1011|stream64_r2f_01|fixed|262,1378943233,16781056,68968688,68018299,782531,0,782531,0,16608,0,8304,0,0,0,64968,64968,53053784,53053784,4096,4096,0,0,8304,8304,2390554690,2390554690,2390554698,2390554698,0,0,0,0,0,0,0,0,4096,256,131072,4,15|4,0,67108864,262144,256,0,0,0,0,988,0,976,0,247,244,0,1,988,0|304,3105669369,9,0,0,63963136,0,63963136,0,195774,0,0,244,0,0,0,0,0,0,0,7352607,0,0,0,0,0
1785969189298|1011|stream64_r2f_01|rotating|262,1378943233,33558272,69056498,68105006,68273023,68105006,68273023,68105006,65300,65053,65051,65051,0,0,8314,0,2007997712,2004016288,4096,4096,0,0,65051,65051,2377429528,2377429861,2377429536,2377429869,0,0,0,0,0,0,0,0,4096,256,131072,4,15|4,0,67108864,262144,256,0,0,0,0,988,0,976,0,247,244,0,1,988,0|304,2423486266,9,64168640,0,0,0,0,0,68159700,0,244,0,3517411660,0,3517411660,0,2080,3493205475,0,38598142,0,0,0,0,0
1785969197662|1012|stream64_r2f_02|fixed|266,1378943233,16781056,6139768,6056637,69549,0,69549,0,1476,0,738,0,0,0,5783,5783,4715016,4715016,4096,4096,0,0,738,738,2925464950,2925464950,2925464966,2925464966,0,0,0,0,0,0,0,0,4096,256,131072,4,15|4,0,67108864,262144,256,0,0,0,0,96,0,84,0,24,21,0,1,96,0|312,3640291495,9,0,0,5505024,0,5505024,0,17528,0,0,21,0,0,0,0,0,0,0,6893669,0,0,0,0,0
1785969197662|1012|stream64_r2f_02|rotating|266,1378943233,33558272,6230522,6145563,6159845,6145563,6159845,6145563,5892,5869,5869,5869,0,0,750,0,181164408,180804456,4096,4096,0,0,5869,5869,2912894614,2912894971,2912894622,2912894979,0,0,0,0,0,0,0,0,4096,256,131072,4,15|4,0,67108864,262144,256,0,0,0,0,100,0,88,0,25,22,0,1,100,0|312,2958392121,9,5838304,0,0,0,0,0,6195517,0,22,0,324365826,0,324365826,0,2080,317474030,0,9776665,0,0,0,0,0
1785969202675|1012|stream64_r2f_02|fixed|268,1378943233,16781056,12434572,12263823,141071,0,141071,0,2994,0,1497,0,0,0,11715,11715,9564232,9564232,4096,4096,0,0,1497,1497,3247117089,3247117089,3247117097,3247117097,0,0,0,0,0,0,0,0,4096,256,131072,4,15|4,0,67108864,262144,256,0,0,0,0,188,0,176,0,47,44,0,1,188,0|314,3962086033,9,0,0,11534336,0,11534336,0,35409,0,0,44,0,0,0,0,0,0,0,6941295,0,0,0,0,0
1785969202675|1012|stream64_r2f_02|rotating|268,1378943233,33554687,12525864,12354005,12383755,12354005,12383755,12354005,11847,11803,11801,11801,0,0,1508,0,364291207,363571144,4096,4096,0,0,11802,11802,3234356134,3234356139,3234356142,3234356099,0,0,0,0,0,0,0,0,4096,256,131072,4,15|4,0,67108864,262144,256,0,0,0,0,188,0,176,0,47,44,0,1,188,0|314,3279512680,9,11676608,0,0,0,0,0,12396894,0,44,0,644026809,0,644026809,0,2080,635434958,0,12629481,0,0,0,0,0
1785969207686|1012|stream64_r2f_02|fixed|270,1378943233,16781056,18700243,18442865,212124,0,212124,0,4502,0,2251,0,0,0,17618,17618,14381512,14381512,4096,4096,0,0,2251,2251,3566818410,3566818410,3566818418,3566818418,0,0,0,0,0,0,0,0,4096,256,131072,4,15|4,0,67108864,262144,256,0,0,0,0,276,0,264,0,69,66,0,1,276,0|316,4283268530,9,0,0,17301504,0,17301504,0,53243,0,0,66,0,0,0,0,0,0,0,6986043,0,0,0,0,0
1785969207686|1012|stream64_r2f_02|rotating|270,1378943233,33554687,18845614,18586446,18631885,18586446,18631885,18586446,17823,17757,17755,17755,0,0,2268,0,548082253,547001952,4096,4096,0,0,17756,17756,3556960860,3556960849,3556960868,3556960857,0,0,0,0,0,0,0,0,4096,256,131072,4,15|4,0,67108864,262144,256,0,0,0,0,276,0,264,0,69,66,0,1,276,0|316,3602018943,9,17544912,0,0,0,0,0,18626925,0,66,0,965065996,0,965065996,0,2080,954779894,0,15482877,0,0,0,0,0
1785969212686|1012|stream64_r2f_02|fixed|272,1378943233,16781056,24972233,24627364,283273,0,283273,0,6012,0,3006,0,0,0,23526,23526,19205160,19205160,4096,4096,0,0,3006,3006,3886949054,3886949054,3886949062,3886949062,0,0,0,0,0,0,0,0,4096,256,131072,4,15|4,0,67108864,262144,256,0,0,0,0,364,0,352,0,91,88,0,1,364,0|318,307112176,10,0,0,23068672,0,23068672,0,70960,0,0,88,0,0,0,0,0,0,0,7033523,0,0,0,0,0
1785969212686|1012|stream64_r2f_02|rotating|272,1378943233,33554687,25039527,24693936,24755498,24693936,24755498,24693936,23679,23591,23589,23589,0,0,3014,0,728167664,726728426,4096,4096,0,0,23590,23590,3873118481,3873118454,3873118457,3873118462,0,0,0,0,0,0,0,0,4096,256,131072,4,15|4,0,67108864,262144,256,0,0,0,0,364,0,352,0,91,88,0,1,364,0|318,3917966842,9,23289984,0,0,0,0,0,24729836,0,88,0,1279577627,0,1279577627,0,2080,1267571354,0,18335849,0,0,0,0,0
1785969217693|1012|stream64_r2f_02|fixed|274,1378943233,16781056,31249196,30818715,354517,0,354517,0,7524,0,3762,0,0,0,29438,29438,24035192,24035192,4096,4096,0,0,3762,3762,4207509624,4207509624,4207509632,4207509632,0,0,0,0,0,0,0,0,4096,256,131072,4,15|4,0,67108864,262144,256,0,0,0,0,452,0,440,0,113,110,0,1,452,0|320,627304326,10,0,0,28835840,0,28835840,0,88746,0,0,110,0,0,0,0,0,0,0,7077824,0,0,0,0,0
1785969217693|1012|stream64_r2f_02|rotating|274,1378943233,33554687,31324846,30893414,30969485,30893414,30969485,30893414,29621,29512,29509,29509,0,0,3771,0,910904240,909106259,4096,4096,0,0,29510,29510,4193889920,4193889893,4193889928,4193889901,0,0,0,0,0,0,0,0,4096,256,131072,4,15|4,0,67108864,262144,256,0,0,0,0,456,0,444,0,114,111,0,1,456,0|320,4238680482,9,29121696,0,0,0,0,0,30924034,0,111,0,1598833339,0,1598833339,0,2080,1584991086,0,21318596,0,0,0,0,0
1785969222695|1012|stream64_r2f_02|fixed|276,1378943233,16781056,37520820,37004224,425662,0,425662,0,9034,0,4517,0,0,0,35346,35346,28858824,28858824,4096,4096,0,0,4517,4517,232675615,232675615,232675623,232675623,0,0,0,0,0,0,0,0,4096,256,131072,4,15|5,0,67108864,262144,256,0,0,0,0,544,0,532,0,136,133,0,1,544,0|322,947423021,10,0,0,34865152,0,34865152,0,106556,0,0,133,0,0,0,0,0,0,0,7136666,0,0,0,0,0
1785969222695|1012|stream64_r2f_02|rotating|276,1378943233,33554687,37595745,37077610,37169235,37077610,37169235,37077610,35551,35419,35416,35416,0,0,4526,0,1093244849,1091071256,4096,4096,0,0,35417,35417,219133110,219133123,219133118,219133075,0,0,0,0,0,0,0,0,4096,256,131072,4,15|4,0,67108864,262144,256,0,0,0,0,544,0,532,0,136,133,0,1,544,0|322,263852546,10,34944192,0,0,0,0,0,37108561,0,133,0,1917517075,0,1917517075,0,2080,1901967932,0,24174853,0,0,0,0,0
1785969227697|1012|stream64_r2f_02|fixed|278,1378943233,16781056,43790194,43186970,496809,0,496809,0,10544,0,5272,0,0,0,41252,41252,33682480,33682480,4096,4096,0,0,5272,5272,552610392,552610392,552610400,552610400,0,0,0,0,0,0,0,0,4096,256,131072,4,15|4,0,67108864,262144,256,0,0,0,0,632,0,620,0,158,155,0,1,632,0|324,1267793968,10,0,0,40632320,0,40632320,0,124343,0,0,155,0,0,0,0,0,0,0,7176548,0,0,0,0,0
1785969227697|1012|stream64_r2f_02|rotating|278,1378943233,33558272,43865495,43261489,43367836,43261489,43367836,43261489,41479,41325,41323,41323,0,0,5281,0,1275560072,1273027392,4096,4096,0,0,41323,41323,539163611,539163952,539163619,539163960,0,0,0,0,0,0,0,0,4096,256,131072,4,15|4,0,67108864,262144,256,0,0,0,0,632,0,620,0,158,155,0,1,632,0|324,584483422,10,40774592,0,0,0,0,0,43303491,0,155,0,2236690351,0,2236690351,0,2080,2219438319,0,27028806,0,0,0,0,0
1785969232708|1012|stream64_r2f_02|fixed|280,1378943233,16781056,50077403,49388652,568147,0,568147,0,12058,0,6029,0,0,0,47174,47174,38518960,38518960,4096,4096,0,0,6029,6029,873604299,873604299,873604307,873604307,0,0,0,0,0,0,0,0,4096,256,131072,4,15|4,0,67108864,262144,256,0,0,0,0,720,0,708,0,180,177,0,1,720,0|326,1588469764,10,0,0,46399488,0,46399488,0,142178,0,0,177,0,0,0,0,0,0,0,7218904,0,0,0,0,0
1785969232708|1012|stream64_r2f_02|rotating|280,1378943233,33554687,50155913,49466253,49586917,49466253,49586917,49466253,47427,47251,47248,47248,0,0,6038,0,1458461151,1455569608,4096,4096,0,0,47249,47249,860240677,860240698,860240685,860240674,0,0,0,0,0,0,0,0,4096,256,131072,4,15|4,0,67108864,262144,256,0,0,0,0,720,0,708,0,180,177,0,1,720,0|326,905445690,10,46612896,0,0,0,0,0,49505636,0,177,0,2556193043,0,2556193043,0,2080,2537237088,0,29885490,0,0,0,0,0
1785969237708|1012|stream64_r2f_02|fixed|282,1378943233,16781056,56344026,55568341,639200,0,639200,0,13566,0,6783,0,0,0,53077,53077,43336208,43336208,4096,4096,0,0,6783,6783,1193307105,1193307105,1193307113,1193307113,0,0,0,0,0,0,0,0,4096,256,131072,4,15|4,0,67108864,262144,256,0,0,0,0,808,0,796,0,202,199,0,1,808,0|328,1908580181,10,0,0,52166656,0,52166656,0,159965,0,0,199,0,0,0,0,0,0,0,7275198,0,0,0,0,0
1785969237708|1012|stream64_r2f_02|rotating|282,1378943233,33554687,56420878,55644360,55780736,55644360,55780736,55644360,53351,53153,53150,53150,0,0,6793,0,1640639932,1637389527,4096,4096,0,0,53151,53151,1180046183,1180046172,1180046191,1180046180,0,0,0,0,0,0,0,0,4096,256,131072,4,15|4,0,67108864,262144,256,0,0,0,0,808,0,796,0,202,199,0,1,808,0|328,1224640195,10,52417904,0,0,0,0,0,55671617,0,199,0,2873936296,0,2873936296,0,2080,2853271001,0,32740383,0,0,0,0,0
1785969242719|1012|stream64_r2f_02|fixed|284,1378943233,16781056,62631165,61768136,710537,0,710537,0,15080,0,7540,0,0,0,58999,58999,48172576,48172576,4096,4096,0,0,7540,7540,1514296623,1514296623,1514296631,1514296631,0,0,0,0,0,0,0,0,4096,256,131072,4,15|4,0,67108864,262144,256,0,0,0,0,896,0,884,0,224,221,0,1,896,0|330,2229179362,10,0,0,57933824,0,57933824,0,177775,0,0,221,0,0,0,0,0,0,0,7311762,0,0,0,0,0
1785969242719|1012|stream64_r2f_02|rotating|284,1378943233,33554687,62750810,61885629,62038862,61885629,62038862,61885629,59336,59115,59112,59112,0,0,7555,0,1824675504,1821049627,4096,4096,0,0,59113,59113,1503201087,1503201052,1503201095,1503201060,0,0,0,0,0,0,0,0,4096,256,131072,4,15|4,0,67108864,262144,256,0,0,0,0,900,0,888,0,225,222,0,1,900,0|330,1549343844,10,58322432,0,0,0,0,0,61943653,0,222,0,3197163813,0,3197163813,0,2080,3174679233,0,35722128,0,0,0,0,0
1785969247746|1012|stream64_r2f_02|fixed|286,1378943233,16781056,68927134,67977098,782059,0,782059,0,16598,0,8299,0,0,0,64931,64931,53021800,53021800,4096,4096,0,0,8299,8299,1835954762,1835954762,1835954770,1835954770,0,0,0,0,0,0,0,0,4096,256,131072,4,15|4,0,67108864,262144,256,0,0,0,0,988,0,976,0,247,244,0,1,988,0|332,2550784221,10,0,0,63963136,0,63963136,0,195656,0,0,244,0,0,0,0,0,0,0,7357292,0,0,0,0,0
1785969247746|1012|stream64_r2f_02|rotating|286,1378943233,33558272,69002549,68051537,68219640,68051537,68219640,68051537,65248,65005,65002,65002,0,0,8308,0,2006484160,2002498640,4096,4096,0,0,65002,65002,1822347212,1822347537,1822347220,1822347545,0,0,0,0,0,0,0,0,4096,256,131072,4,15|4,0,67108864,262144,256,0,0,0,0,988,0,976,0,247,244,0,1,988,0|332,1867120657,10,64097504,0,0,0,0,0,68081824,0,244,0,3513496858,0,3513496858,0,2080,3489292357,0,38581234,0,0,0,0,0
1785969256162|1013|stream64_r2f_03|fixed|290,1378943233,16781056,6138686,6052715,69643,0,69643,0,1478,0,739,0,0,0,5786,5786,4721392,4721392,4096,4096,0,0,739,739,2375025672,2375025672,2375025680,2375025680,0,0,0,0,0,0,0,0,4096,256,131072,4,15|4,0,67108864,262144,256,0,0,0,0,96,0,84,0,24,21,0,1,96,0|340,3089691929,10,0,0,5505024,0,5505024,0,17528,0,0,21,0,0,0,0,0,0,0,6888262,0,0,0,0,0
1785969256162|1013|stream64_r2f_03|rotating|290,1378943233,33558272,6206237,6119439,6135843,6119439,6135843,6119439,5872,5850,5850,5850,0,0,747,0,180577952,180233936,4096,4096,0,0,5850,5850,2360881094,2360881419,2360881102,2360881427,0,0,0,0,0,0,0,0,4096,256,131072,4,15|4,0,67108864,262144,256,0,0,0,0,100,0,88,0,25,22,0,1,100,0|340,2405641230,10,5798784,0,0,0,0,0,6152975,0,22,0,322493172,0,322493172,0,2080,315592479,0,9777043,0,0,0,0,0
1785969261173|1013|stream64_r2f_03|fixed|292,1378943233,16781056,12412152,12239328,140882,0,140882,0,2990,0,1495,0,0,0,11703,11704,9551456,9551456,4096,4096,0,0,1495,1495,2695586530,2695586530,2695586538,2695586538,0,0,0,0,0,0,0,0,4096,256,131072,4,15|4,0,67108864,262144,256,0,0,0,0,188,0,176,0,47,44,0,1,188,0|342,3410294101,10,0,0,11534336,0,11534336,0,35362,0,0,44,0,0,0,0,0,0,0,6940226,0,0,0,0,0
1785969261173|1013|stream64_r2f_03|rotating|292,1378943233,33558272,12494148,12319964,12352322,12319964,12352322,12319964,11826,11781,11781,11781,0,0,1505,0,363656544,362937448,4096,4096,0,0,11781,11781,2682372661,2682372970,2682372669,2682372978,0,0,0,0,0,0,0,0,4096,256,131072,4,15|4,0,67108864,262144,256,0,0,0,0,188,0,176,0,47,44,0,1,188,0|342,2727801768,10,11660800,0,0,0,0,0,12368687,0,44,0,643188206,0,643188206,0,2080,634592046,0,12630362,0,0,0,0,0
1785969266173|1013|stream64_r2f_03|fixed|294,1378943233,16781056,18669315,18408675,211937,0,211937,0,4498,0,2249,0,0,0,17603,17603,14368728,14368728,4096,4096,0,0,2249,2249,3015090131,3015090131,3015090139,3015090139,0,0,0,0,0,0,0,0,4096,256,131072,4,15|4,0,67108864,262144,256,0,0,0,0,276,0,264,0,69,66,0,1,276,0|344,3730450663,10,0,0,17301504,0,17301504,0,53149,0,0,66,0,0,0,0,0,0,0,6981672,0,0,0,0,0
1785969266173|1013|stream64_r2f_03|rotating|294,1378943233,33558272,18764170,18502336,18551102,18502336,18551102,18502336,17760,17693,17693,17693,0,0,2261,0,546147880,545068584,4096,4096,0,0,17693,17693,3002718480,3002718805,3002718488,3002718821,0,0,0,0,0,0,0,0,4096,256,131072,4,15|4,0,67108864,262144,256,0,0,0,0,276,0,264,0,69,66,0,1,276,0|344,3047594454,10,17475392,0,0,0,0,0,18540143,0,66,0,961527244,0,961527244,0,2080,951225565,0,15483551,0,0,0,0,0
1785969271174|1013|stream64_r2f_03|fixed|296,1378943233,16781056,24934538,24587983,283085,0,283085,0,6008,0,3004,0,0,0,23511,23511,19192400,19192400,4096,4096,0,0,3004,3004,3335220679,3335220679,3335220687,3335220687,0,0,0,0,0,0,0,0,4096,256,131072,4,15|4,0,67108864,262144,256,0,0,0,0,364,0,352,0,91,88,0,1,364,0|346,4050455582,10,0,0,23068672,0,23068672,0,70936,0,0,88,0,0,0,0,0,0,0,7023203,0,0,0,0,0
1785969271174|1013|stream64_r2f_03|rotating|296,1378943233,33554687,25008435,24661130,24724501,24661130,24724501,24661130,23671,23582,23581,23581,0,0,3013,0,727903525,726465048,4096,4096,0,0,23582,23582,3321798612,3321798617,3321798620,3321798609,0,0,0,0,0,0,0,0,4096,256,131072,4,15|4,0,67108864,262144,256,0,0,0,0,364,0,352,0,91,88,0,1,364,0|346,3366439943,10,23274176,0,0,0,0,0,24693843,0,88,0,1278923037,0,1278923037,0,2080,1266912736,0,18336449,0,0,0,0,0
1785969276185|1013|stream64_r2f_03|fixed|298,1378943233,16781056,31213021,30779240,354422,0,354422,0,7522,0,3761,0,0,0,29430,29430,24028808,24028808,4096,4096,0,0,3761,3761,3656210783,3656210783,3656210791,3656210791,0,0,0,0,0,0,0,0,4096,256,131072,4,15|4,0,67108864,262144,256,0,0,0,0,452,0,440,0,113,110,0,1,452,0|348,76629860,11,0,0,28835840,0,28835840,0,88770,0,0,110,0,0,0,0,0,0,0,7064799,0,0,0,0,0
1785969276185|1013|stream64_r2f_03|rotating|298,1378943233,33558272,31337091,30901163,30981258,30901163,30981258,30901163,29659,29547,29547,29547,0,0,3776,0,912056696,910243504,4096,4096,0,0,29547,29547,3645146022,3645146355,3645146038,3645146371,0,0,0,0,0,0,0,0,4096,256,131072,4,15|4,0,67108864,262144,256,0,0,0,0,456,0,444,0,114,111,0,1,456,0|348,3691959203,10,29192832,0,0,0,0,0,30975903,0,111,0,1602962633,0,1602962633,0,2080,1589135246,0,21318969,0,0,0,0,0
1785969281185|1013|stream64_r2f_03|fixed|300,1378943233,16781056,37477385,36957116,425568,0,425568,0,9032,0,4516,0,0,0,35336,35336,28852424,28852424,4096,4096,0,0,4516,4516,3976341385,3976341385,3976341393,3976341393,0,0,0,0,0,0,0,0,4096,256,131072,4,15|4,0,67108864,262144,256,0,0,0,0,544,0,532,0,136,133,0,1,544,0|350,396225213,11,0,0,34865152,0,34865152,0,106533,0,0,133,0,0,0,0,0,0,0,7112403,0,0,0,0,0
1785969281185|1013|stream64_r2f_03|rotating|300,1378943233,33554687,37551603,37029916,37125188,37029916,37125188,37029916,35541,35407,35407,35407,0,0,4525,0,1092940834,1090767701,4096,4096,0,0,35407,35407,3962698188,3962698505,3962698196,3962698513,0,0,0,0,0,0,0,0,4096,256,131072,4,15|4,0,67108864,262144,256,0,0,0,0,544,0,532,0,136,133,0,1,544,0|350,4007476297,10,34933364,0,0,0,0,0,37064319,0,133,0,1917044594,0,1917044594,0,2080,1901495910,0,24171932,0,0,0,0,0
1785969286198|1013|stream64_r2f_03|fixed|302,1378943233,16781056,43752212,43146312,496903,0,496903,0,10546,0,5273,0,0,0,41254,41254,33688864,33688864,4096,4096,0,0,5273,5273,2166662,2166662,2166670,2166670,0,0,0,0,0,0,0,0,4096,256,131072,4,15|4,0,67108864,262144,256,0,0,0,0,632,0,620,0,158,155,0,1,632,0|352,716985375,11,0,0,40632320,0,40632320,0,124367,0,0,155,0,0,0,0,0,0,0,7156889,0,0,0,0,0
1785969286198|1013|stream64_r2f_03|rotating|302,1378943233,33554687,43827701,43221043,43330042,43221043,43330042,43221043,41482,41326,41325,41325,0,0,5281,0,1275626600,1273097765,4096,4096,0,0,41326,41326,4283394284,4283394265,4283394268,4283394273,0,0,0,0,0,0,0,0,4096,256,131072,4,15|4,0,67108864,262144,256,0,0,0,0,632,0,620,0,158,155,0,1,632,0|352,33274215,11,40766688,0,0,0,0,0,43256399,0,155,0,2236351477,0,2236351477,0,2080,2219101765,0,27024755,0,0,0,0,0
1785969291206|1013|stream64_r2f_03|fixed|304,1378943233,16781056,50026023,49334843,568052,0,568052,0,12056,0,6028,0,0,0,47169,47169,38512568,38512568,4096,4096,0,0,6028,6028,322297665,322297665,322297673,322297673,0,0,0,0,0,0,0,0,4096,256,131072,4,15|4,0,67108864,262144,256,0,0,0,0,720,0,708,0,180,177,0,1,720,0|354,1037509431,11,0,0,46399488,0,46399488,0,142178,0,0,177,0,0,0,0,0,0,0,7199158,0,0,0,0,0
1785969291206|1013|stream64_r2f_03|rotating|304,1378943233,33554687,50103923,49411660,49534927,49411660,49534927,49411660,47422,47244,47243,47243,0,0,6038,0,1458299036,1455413319,4096,4096,0,0,47244,47244,309090951,309090932,309090959,309090940,0,0,0,0,0,0,0,0,4096,256,131072,4,15|4,0,67108864,262144,256,0,0,0,0,720,0,708,0,180,177,0,1,720,0|354,354621440,11,46612896,0,0,0,0,0,49459353,0,177,0,2556237150,0,2556237150,0,2080,2537288581,0,29878070,0,0,0,0,0
1785969296220|1013|stream64_r2f_03|fixed|306,1378943233,16781056,56300714,55522879,639390,0,639390,0,13570,0,6785,0,0,0,53092,53092,43348992,43348992,4096,4096,0,0,6785,6785,643288348,643288348,643288356,643288356,0,0,0,0,0,0,0,0,4096,256,131072,4,15|4,0,67108864,262144,256,0,0,0,0,808,0,796,0,202,199,0,1,808,0|356,1359444242,11,0,0,52166656,0,52166656,0,160059,0,0,199,0,0,0,0,0,0,0,7248609,0,0,0,0,0
1785969296220|1013|stream64_r2f_03|rotating|306,1378943233,33554687,56393000,55613916,55752576,55613916,55752576,55613916,53381,53180,53179,53179,0,0,6796,0,1641529458,1638283829,4096,4096,0,0,53180,53180,630722973,630722962,630722981,630722970,0,0,0,0,0,0,0,0,4096,256,131072,4,15|4,0,67108864,262144,256,0,0,0,0,812,0,800,0,203,200,0,1,812,0|356,675551831,11,52444608,0,0,0,0,0,55644286,0,200,0,2875709613,0,2875709613,0,2080,2854924641,0,32861240,0,0,0,0,0
1785969301228|1013|stream64_r2f_03|fixed|308,1378943233,16781056,62569933,61704512,710630,0,710630,0,15082,0,7541,0,0,0,59008,59008,48178960,48178960,4096,4096,0,0,7541,7541,963848679,963848679,963848687,963848687,0,0,0,0,0,0,0,0,4096,256,131072,4,15|4,0,67108864,262144,256,0,0,0,0,896,0,888,0,225,222,0,1,900,0|358,1678967706,11,0,0,58195968,0,58195968,0,177822,0,0,222,0,0,0,0,0,0,0,7295440,0,0,0,0,0
1785969301228|1013|stream64_r2f_03|rotating|308,1378943233,33554687,62643041,61776065,61931470,61776065,61931470,61776065,59301,59077,59076,59076,0,0,7551,0,1823581487,1819961474,4096,4096,0,0,59077,59077,950419136,950419117,950419144,950419125,0,0,0,0,0,0,0,0,4096,256,131072,4,15|4,0,67108864,262144,256,0,0,0,0,900,0,888,0,225,222,0,1,900,0|358,995201791,11,58259200,0,0,0,0,0,61808631,0,222,0,3193905925,0,3193905925,0,2080,3171415709,0,35714154,0,0,0,0,0
1785969306238|1013|stream64_r2f_03|fixed|310,1378943233,16781056,68838866,67886876,781965,0,781965,0,16596,0,8298,0,0,0,64923,64923,53015416,53015416,4096,4096,0,0,8298,8298,1284641655,1284641655,1284641663,1284641663,0,0,0,0,0,0,0,0,4096,256,131072,4,15|4,0,67108864,262144,256,0,0,0,0,988,0,976,0,247,244,0,1,988,0|360,1999574318,11,0,0,63963136,0,63963136,0,195632,0,0,244,0,0,0,0,0,0,0,7343330,0,0,0,0,0
1785969306238|1013|stream64_r2f_03|rotating|310,1378943233,33554687,68913292,67960433,68130477,67960433,68130477,67960433,65240,64994,64993,64993,0,0,8307,0,2006204464,2002225180,4096,4096,0,0,64994,64994,1271003708,1271003705,1271003668,1271003713,0,0,0,0,0,0,0,0,4096,256,131072,4,15|4,0,67108864,262144,256,0,0,0,0,988,0,976,0,247,244,0,1,988,0|360,1315819850,11,64089600,0,0,0,0,0,67992948,0,244,0,3513066384,0,3513066384,0,2080,3488874055,0,38567331,0,0,0,0,0
1785969314634|1014|stream64_r2f_04|fixed|314,1378943233,16781056,6134705,6048946,69549,0,69549,0,1476,0,738,0,0,0,5782,5782,4715016,4715016,4096,4096,0,0,738,738,1822057629,1822057629,1822057645,1822057645,0,0,0,0,0,0,0,0,4096,256,131072,4,15|4,0,67108864,262144,256,0,0,0,0,96,0,84,0,24,21,0,1,96,0|368,2537133106,11,0,0,5505024,0,5505024,0,17528,0,0,21,0,0,0,0,0,0,0,6893914,0,0,0,0,0
1785969314634|1014|stream64_r2f_04|rotating|314,1378943233,33558272,6202997,6116429,6132697,6116429,6132697,6116429,5869,5847,5847,5847,0,0,746,0,180486152,180141608,4096,4096,0,0,5847,5847,1808182769,1808183102,1808182777,1808183110,0,0,0,0,0,0,0,0,4096,256,131072,4,15|4,0,67108864,262144,256,0,0,0,0,100,0,88,0,25,22,0,1,100,0|368,1853033929,11,5798784,0,0,0,0,0,6151411,0,22,0,322424803,0,322424803,0,2080,315521767,0,9779380,0,0,0,0,0
1785969319641|1014|stream64_r2f_04|fixed|316,1378943233,16781056,12405396,12234034,140788,0,140788,0,2988,0,1494,0,0,0,11697,11697,9545064,9545064,4096,4096,0,0,1494,1494,2142619999,2142619999,2142620007,2142620007,0,0,0,0,0,0,0,0,4096,256,131072,4,15|4,0,67108864,262144,256,0,0,0,0,188,0,176,0,47,44,0,1,188,0|370,2858212128,11,0,0,11534336,0,11534336,0,35385,0,0,44,0,0,0,0,0,0,0,6933699,0,0,0,0,0
1785969319641|1014|stream64_r2f_04|rotating|316,1378943233,33556599,12506207,12333017,12364192,12333017,12364192,12333017,11839,11793,11793,11793,0,0,1507,0,364029742,363308241,4096,4096,0,0,11794,11794,2130500918,2130500923,2130500926,2130500931,0,0,0,0,0,0,0,0,4096,256,131072,4,15|4,0,67108864,262144,256,0,0,0,0,188,0,176,0,47,44,0,1,188,0|370,2175675099,11,11668704,0,0,0,0,0,12376777,0,44,0,643598493,0,643598493,0,2080,635000161,0,12634225,0,0,0,0,0
1785969324649|1014|stream64_r2f_04|fixed|318,1378943233,16781056,18675002,18415851,212030,0,212030,0,4500,0,2250,0,0,0,17610,17610,14375120,14375120,4096,4096,0,0,2250,2250,2462984578,2462984578,2462984586,2462984586,0,0,0,0,0,0,0,0,4096,256,131072,4,15|4,0,67108864,262144,256,0,0,0,0,276,0,264,0,69,66,0,1,276,0|372,3178737396,11,0,0,17301504,0,17301504,0,53196,0,0,66,0,0,0,0,0,0,0,6975655,0,0,0,0,0
1785969324649|1014|stream64_r2f_04|rotating|318,1378943233,33558272,18766398,18506089,18553330,18506089,18553330,18506089,17763,17696,17696,17696,0,0,2261,0,546241920,545163104,4096,4096,0,0,17696,17696,2450345454,2450345779,2450345462,2450345787,0,0,0,0,0,0,0,0,4096,256,131072,4,15|4,0,67108864,262144,256,0,0,0,0,276,0,264,0,69,66,0,1,276,0|372,2495063568,11,17475392,0,0,0,0,0,18540013,0,66,0,961535290,0,961535290,0,2080,951228891,0,15488265,0,0,0,0,0
1785969329657|1014|stream64_r2f_04|fixed|320,1378943233,16781056,24950103,24604777,283273,0,283273,0,6012,0,3006,0,0,0,23526,23526,19205160,19205160,4096,4096,0,0,3006,3006,2783544243,2783544243,2783544251,2783544251,0,0,0,0,0,0,0,0,4096,256,131072,4,15|4,0,67108864,262144,256,0,0,0,0,364,0,352,0,91,88,0,1,364,0|374,3498238230,11,0,0,23068672,0,23068672,0,70936,0,0,88,0,0,0,0,0,0,0,7030473,0,0,0,0,0
1785969329657|1014|stream64_r2f_04|rotating|320,1378943233,33554687,25019807,24673689,24735683,24673689,24735683,24673689,23682,23593,23592,23592,0,0,3015,0,728254872,726816407,4096,4096,0,0,23593,23593,2769868953,2769868926,2769868937,2769868934,0,0,0,0,0,0,0,0,4096,256,131072,4,15|4,0,67108864,262144,256,0,0,0,0,364,0,352,0,91,88,0,1,364,0|374,2816038098,11,23313696,0,0,0,0,0,24735474,0,88,0,1281050244,0,1281050244,0,2048,1269044388,0,18340483,0,0,0,0,0
1785969334659|1014|stream64_r2f_04|fixed|322,1378943233,16781056,31216022,30784155,354422,0,354422,0,7522,0,3761,0,0,0,29434,29434,24028808,24028808,4096,4096,0,0,3761,3761,3103675972,3103675972,3103675980,3103675980,0,0,0,0,0,0,0,0,4096,256,131072,4,15|4,0,67108864,262144,256,0,0,0,0,452,0,440,0,113,110,0,1,452,0|376,3818752130,11,0,0,28835840,0,28835840,0,88746,0,0,110,0,0,0,0,0,0,0,7075513,0,0,0,0,0
1785969334659|1014|stream64_r2f_04|rotating|322,1378943233,33556360,31283860,30851264,30928686,30851264,30928686,30851264,29609,29498,29498,29498,0,0,3769,0,910547080,908748912,4096,4096,0,0,29498,29498,3089855153,3089855486,3089855161,3089855494,0,0,0,0,0,0,0,0,4096,256,131072,4,15|4,0,67108864,262144,256,0,0,0,0,456,0,444,0,114,111,0,1,456,0|376,3134781499,11,29105888,0,0,0,0,0,30885120,0,111,0,1598345597,0,1598345597,0,2080,1584493705,0,21324801,0,0,0,0,0
1785969339665|1014|stream64_r2f_04|fixed|324,1378943233,16781056,37483574,36965111,425662,0,425662,0,9034,0,4517,0,0,0,35344,35344,28858824,28858824,4096,4096,0,0,4517,4517,3424239989,3424239989,3424239997,3424239997,0,0,0,0,0,0,0,0,4096,256,131072,4,15|5,0,67108864,262144,256,0,0,0,0,544,0,532,0,136,133,0,1,544,0|378,4139349620,11,0,0,34865152,0,34865152,0,106580,0,0,133,0,0,0,0,0,0,0,7120100,0,0,0,0,0
1785969339665|1014|stream64_r2f_04|rotating|324,1378943233,33554687,37562465,37042505,37135860,37042505,37135860,37042505,35554,35419,35418,35418,0,0,4527,0,1093297153,1091122092,4096,4096,0,0,35419,35419,3410791610,3410791591,3410791618,3410791607,0,0,0,0,0,0,0,0,4096,256,131072,4,15|4,0,67108864,262144,256,0,0,0,0,544,0,532,0,136,133,0,1,544,0|378,3455523162,11,34944192,0,0,0,0,0,37075598,0,133,0,1917627684,0,1917627684,0,2080,1902072859,0,24180495,0,0,0,0,0
1785969344666|1014|stream64_r2f_04|fixed|326,1378943233,16781056,43745283,43139672,496809,0,496809,0,10544,0,5272,0,0,0,41248,41248,33682480,33682480,4096,4096,0,0,5272,5272,3744175066,3744175066,3744175074,3744175074,0,0,0,0,0,0,0,0,4096,256,131072,4,15|4,0,67108864,262144,256,0,0,0,0,632,0,620,0,158,155,0,1,632,0|380,165581943,12,0,0,40632320,0,40632320,0,124414,0,0,155,0,0,0,0,0,0,0,7161373,0,0,0,0,0
1785969344666|1014|stream64_r2f_04|rotating|326,1378943233,33554687,43863758,43256926,43365629,43256926,43365629,43256926,41517,41360,41359,41359,0,0,5286,0,1276696023,1274160530,4096,4096,0,0,41360,41360,3732712936,3732712933,3732712944,3732712941,0,0,0,0,0,0,0,0,4096,256,131072,4,15|4,0,67108864,262144,256,0,0,0,0,632,0,620,0,158,155,0,1,632,0|380,3777591565,11,40798304,0,0,0,0,0,43292818,0,155,0,2238232559,0,2238232559,0,2080,2220978769,0,27035615,0,0,0,0,0
1785969349671|1014|stream64_r2f_04|fixed|328,1378943233,16781056,50018357,49328077,568052,0,568052,0,12056,0,6028,0,0,0,47163,47163,38512568,38512568,4096,4096,0,0,6028,6028,4064735620,4064735620,4064735628,4064735628,0,0,0,0,0,0,0,0,4096,256,131072,4,15|4,0,67108864,262144,256,0,0,0,0,720,0,708,0,180,177,0,1,720,0|382,484529973,12,0,0,46399488,0,46399488,0,142131,0,0,177,0,0,0,0,0,0,0,7208652,0,0,0,0,0
1785969349671|1014|stream64_r2f_04|rotating|328,1378943233,33554687,50104534,49413163,49535538,49413163,49535538,49413163,47424,47245,47244,47244,0,0,6038,0,1458339464,1455445338,4096,4096,0,0,47245,47245,4051587889,4051587878,4051587865,4051587886,0,0,0,0,0,0,0,0,4096,256,131072,4,15|4,0,67108864,262144,256,0,0,0,0,720,0,708,0,180,177,0,1,720,0|382,4096875274,11,46604992,0,0,0,0,0,49455804,0,177,0,2556064596,0,2556064596,0,2080,2537103679,0,29888715,0,0,0,0,0
1785969354706|1014|stream64_r2f_04|fixed|330,1378943233,16781056,56323866,55545827,639578,0,639578,0,13574,0,6787,0,0,0,53108,53108,43361744,43361744,4096,4096,0,0,6787,6787,91620708,91620708,91620716,91620716,0,0,0,0,0,0,0,0,4096,256,131072,4,15|4,0,67108864,262144,256,0,0,0,0,808,0,796,0,202,199,0,1,808,0|384,807425639,12,0,0,52166656,0,52166656,0,160082,0,0,199,0,0,0,0,0,0,0,7245857,0,0,0,0,0
1785969354706|1014|stream64_r2f_04|rotating|330,1378943233,33554687,56427065,55647067,55786265,55647067,55786265,55647067,53408,53206,53205,53205,0,0,6800,0,1642357747,1639087790,4096,4096,0,0,53206,53206,79744748,79744761,79744756,79744769,0,0,0,0,0,0,0,0,4096,256,131072,4,15|4,0,67108864,262144,256,0,0,0,0,812,0,800,0,203,200,0,1,812,0|384,125623218,12,52492032,0,0,0,0,0,55701207,0,200,0,2878308076,0,2878308076,0,2080,2857519951,0,32874569,0,0,0,0,0
1785969359706|1014|stream64_r2f_04|fixed|332,1378943233,16781056,62587271,61721909,710724,0,710724,0,15084,0,7542,0,0,0,59013,59013,48185360,48185360,4096,4096,0,0,7542,7542,411751675,411751675,411751683,411751683,0,0,0,0,0,0,0,0,4096,256,131072,4,15|4,0,67108864,262144,256,0,0,0,0,900,0,888,0,225,222,0,1,900,0|386,1126598490,12,0,0,58195968,0,58195968,0,177822,0,0,222,0,0,0,0,0,0,0,7290956,0,0,0,0,0
1785969359706|1014|stream64_r2f_04|rotating|332,1378943233,33558272,62659092,61792218,61947521,61792218,61947521,61792218,59305,59081,59081,59081,0,0,7551,0,1823715552,1820086984,4096,4096,0,0,59081,59081,398109626,398109967,398109642,398109975,0,0,0,0,0,0,0,0,4096,256,131072,4,15|4,0,67108864,262144,256,0,0,0,0,900,0,888,0,225,222,0,1,900,0|386,442937930,12,58267104,0,0,0,0,0,61825902,0,222,0,3194179020,0,3194179020,0,2080,3171677581,0,35727068,0,0,0,0,0
1785969364709|1014|stream64_r2f_04|fixed|334,1378943233,16781056,68853227,67901049,781965,0,781965,0,16596,0,8298,0,0,0,64920,64920,53015416,53015416,4096,4096,0,0,8298,8298,732113789,732113789,732113797,732113797,0,0,0,0,0,0,0,0,4096,256,131072,4,15|4,0,67108864,262144,256,0,0,0,0,988,0,976,0,247,244,0,1,988,0|388,1446864128,12,0,0,63963136,0,63963136,0,195609,0,0,244,0,0,0,0,0,0,0,7327542,0,0,0,0,0
1785969364709|1014|stream64_r2f_04|rotating|334,1378943233,33554687,68945437,67992262,68162528,67992262,68162528,67992262,65254,65008,65007,65007,0,0,8308,0,2006658338,2002669829,4096,4096,0,0,65008,65008,719249050,719249071,719249058,719249079,0,0,0,0,0,0,0,0,4096,256,131072,4,15|4,0,67108864,262144,256,0,0,0,0,988,0,976,0,247,244,0,1,988,0|388,765669005,12,64137024,0,0,0,0,0,68056226,0,244,0,3515442615,0,3515442615,0,2066,3491248334,0,38579459,0,0,0,0,0
1785969373114|1015|stream64_r2f_05|fixed|338,1378943233,16781056,6135178,6050489,69549,0,69549,0,1476,0,738,0,0,0,5783,5783,4715016,4715016,4096,4096,0,0,738,738,1269950244,1269950244,1269950260,1269950260,0,0,0,0,0,0,0,0,4096,256,131072,4,15|4,0,67108864,262144,256,0,0,0,0,96,0,84,0,24,21,0,1,96,0|396,1985718285,12,0,0,5505024,0,5505024,0,17575,0,0,21,0,0,0,0,0,0,0,6886155,0,0,0,0,0
1785969373114|1015|stream64_r2f_05|rotating|338,1378943233,33554687,6220852,6134371,6150269,6134371,6150269,6134371,5888,5865,5864,5864,0,0,749,0,181020112,180660115,4096,4096,0,0,5865,5865,1257144727,1257144708,1257144711,1257144716,0,0,0,0,0,0,0,0,4096,256,131072,4,15|4,0,67108864,262144,256,0,0,0,0,100,0,88,0,25,22,0,1,100,0|396,1302044323,12,5822496,0,0,0,0,0,6173391,0,22,0,323534090,0,323534090,0,2080,316638494,0,9777000,0,0,0,0,0
1785969378122|1015|stream64_r2f_05|fixed|340,1378943233,16781056,12406209,12235300,140788,0,140788,0,2988,0,1494,0,0,0,11699,11699,9545064,9545064,4096,4096,0,0,1494,1494,1590513325,1590513325,1590513333,1590513333,0,0,0,0,0,0,0,0,4096,256,131072,4,15|4,0,67108864,262144,256,0,0,0,0,188,0,176,0,47,44,0,1,188,0|398,2305463380,12,0,0,11534336,0,11534336,0,35338,0,0,44,0,0,0,0,0,0,0,6930063,0,0,0,0,0
1785969378122|1015|stream64_r2f_05|rotating|340,1378943233,33554687,12471515,12299119,12329879,12299119,12329879,12299119,11806,11761,11760,11760,0,0,1503,0,363023901,362304888,4096,4096,0,0,11761,11761,1576640703,1576640700,1576640711,1576640708,0,0,0,0,0,0,0,0,4096,256,131072,4,15|4,0,67108864,262144,256,0,0,0,0,188,0,176,0,47,44,0,1,188,0|398,1621384010,12,11629184,0,0,0,0,0,12333722,0,44,0,641422105,0,641422105,0,2080,632816867,0,12632615,0,0,0,0,0
1785969383126|1015|stream64_r2f_05|fixed|342,1378943233,16781056,18668586,18409993,212030,0,212030,0,4500,0,2250,0,0,0,17604,17604,14375120,14375120,4096,4096,0,0,2250,2250,1910882081,1910882081,1910882089,1910882089,0,0,0,0,0,0,0,0,4096,256,131072,4,15|4,0,67108864,262144,256,0,0,0,0,276,0,264,0,69,66,0,1,276,0|400,2625683382,12,0,0,17301504,0,17301504,0,53149,0,0,66,0,0,0,0,0,0,0,6977630,0,0,0,0,0
1785969383126|1015|stream64_r2f_05|rotating|342,1378943233,33557555,18743509,18484064,18530724,18484064,18530724,18484064,17743,17677,17675,17675,0,0,2258,0,545593846,544517376,4096,4096,0,0,17676,17676,1897134470,1897134507,1897134478,1897134483,0,0,0,0,0,0,0,0,4096,256,131072,4,15|4,0,67108864,262144,256,0,0,0,0,276,0,264,0,69,66,0,1,276,0|400,1941708478,12,17451680,0,0,0,0,0,18515493,0,66,0,960290949,0,960290949,0,2080,949976059,0,15491634,0,0,0,0,0
1785969388136|1015|stream64_r2f_05|fixed|344,1378943233,16781056,24947115,24602815,283273,0,283273,0,6012,0,3006,0,0,0,23525,23525,19205160,19205160,4096,4096,0,0,3006,3006,2231442758,2231442758,2231442766,2231442766,0,0,0,0,0,0,0,0,4096,256,131072,4,15|4,0,67108864,262144,256,0,0,0,0,364,0,352,0,91,88,0,1,364,0|402,2947238702,12,0,0,23068672,0,23068672,0,71007,0,0,88,0,0,0,0,0,0,0,7023815,0,0,0,0,0
1785969388136|1015|stream64_r2f_05|rotating|344,1378943233,33558272,25030887,24685672,24746670,24685672,24746670,24685672,23693,23606,23604,23604,0,0,3016,0,728609928,727174592,4096,4096,0,0,23604,23604,2218375035,2218375368,2218375043,2218375376,0,0,0,0,0,0,0,0,4096,256,131072,4,15|4,0,67108864,262144,256,0,0,0,0,364,0,352,0,91,88,0,1,364,0|402,2263211024,12,23305792,0,0,0,0,0,24720677,0,88,0,1280329967,0,1280329967,0,2080,1268317993,0,18344873,0,0,0,0,0
1785969393143|1015|stream64_r2f_05|fixed|346,1378943233,16781056,31218596,30786981,354517,0,354517,0,7524,0,3762,0,0,0,29436,29436,24035192,24035192,4096,4096,0,0,3762,3762,2552003553,2552003553,2552003561,2552003561,0,0,0,0,0,0,0,0,4096,256,131072,4,15|4,0,67108864,262144,256,0,0,0,0,452,0,440,0,113,110,0,1,452,0|404,3266811770,12,0,0,28835840,0,28835840,0,88770,0,0,110,0,0,0,0,0,0,0,7071267,0,0,0,0,0
1785969393143|1015|stream64_r2f_05|rotating|346,1378943233,33558272,31292885,30860391,30937617,30860391,30937617,30860391,29618,29509,29507,29507,0,0,3770,0,910824816,909029264,4096,4096,0,0,29507,29507,2538237565,2538237882,2538237573,2538237890,0,0,0,0,0,0,0,0,4096,256,131072,4,15|4,0,67108864,262144,256,0,0,0,0,456,0,444,0,114,111,0,1,456,0|404,2583122701,12,29113792,0,0,0,0,0,30893481,0,111,0,1598789644,0,1598789644,0,2080,1584935801,0,21328418,0,0,0,0,0
1785969398155|1015|stream64_r2f_05|fixed|348,1378943233,16781056,37497128,36978226,425756,0,425756,0,9036,0,4518,0,0,0,35356,35356,28865216,28865216,4096,4096,0,0,4518,4518,2872565100,2872565100,2872565108,2872565108,0,0,0,0,0,0,0,0,4096,256,131072,4,15|5,0,67108864,262144,256,0,0,0,0,544,0,532,0,136,133,0,1,544,0|406,3587556046,12,0,0,34865152,0,34865152,0,106580,0,0,133,0,0,0,0,0,0,0,7114762,0,0,0,0,0
1785969398155|1015|stream64_r2f_05|rotating|348,1378943233,33554687,37570063,37049680,37143458,37049680,37143458,37049680,35560,35428,35425,35425,0,0,4527,0,1093520626,1091349421,4096,4096,0,0,35426,35426,2859074076,2859074073,2859074084,2859074081,0,0,0,0,0,0,0,0,4096,256,131072,4,15|4,0,67108864,262144,256,0,0,0,0,544,0,532,0,136,133,0,1,544,0|406,2903792004,12,34952096,0,0,0,0,0,37082693,0,133,0,1917999371,0,1917999371,0,2080,1902444975,0,24181732,0,0,0,0,0
1785969403160|1015|stream64_r2f_05|fixed|350,1378943233,16781056,43763896,43158767,496998,0,496998,0,10548,0,5274,0,0,0,41266,41266,33695264,33695264,4096,4096,0,0,5274,5274,3192930532,3192930532,3192930540,3192930540,0,0,0,0,0,0,0,0,4096,256,131072,4,15|4,0,67108864,262144,256,0,0,0,0,632,0,620,0,158,155,0,1,632,0|408,3908076752,12,0,0,40632320,0,40632320,0,124391,0,0,155,0,0,0,0,0,0,0,7158621,0,0,0,0,0
1785969403160|1015|stream64_r2f_05|rotating|350,1378943233,33554687,43839377,43233479,43341531,43233479,43341531,43233479,41494,41340,41337,41337,0,0,5283,0,1275998352,1273468291,4096,4096,0,0,41338,41338,3179404088,3179404069,3179404096,3179404077,0,0,0,0,0,0,0,0,4096,256,131072,4,15|4,0,67108864,262144,256,0,0,0,0,632,0,620,0,158,155,0,1,632,0|408,3226430105,12,40822016,0,0,0,0,0,43310998,0,155,0,2239169992,0,2239169992,0,2080,2221919450,0,27037427,0,0,0,0,0
1785969408166|1015|stream64_r2f_05|fixed|352,1378943233,16781056,50039091,49348984,568241,0,568241,0,12060,0,6030,0,0,0,47182,47182,38525336,38525336,4096,4096,0,0,6030,6030,3513491121,3513491121,3513491129,3513491129,0,0,0,0,0,0,0,0,4096,256,131072,4,15|4,0,67108864,262144,256,0,0,0,0,720,0,708,0,180,177,0,1,720,0|410,4228494224,12,0,0,46399488,0,46399488,0,142201,0,0,177,0,0,0,0,0,0,0,7204839,0,0,0,0,0
1785969408166|1015|stream64_r2f_05|rotating|352,1378943233,33554687,50119564,49428459,49550379,49428459,49550379,49428459,47438,47261,47258,47258,0,0,6040,0,1458773984,1455886304,4096,4096,0,0,47259,47259,3500242557,3500242554,3500242549,3500242514,0,0,0,0,0,0,0,0,4096,256,131072,4,15|4,0,67108864,262144,256,0,0,0,0,720,0,708,0,180,177,0,1,720,0|410,3545753774,12,46628704,0,0,0,0,0,49475065,0,177,0,2557041989,0,2557041989,0,2080,2538084249,0,29890598,0,0,0,0,0
1785969413176|1015|stream64_r2f_05|fixed|354,1378943233,16781056,56350099,55572536,639861,0,639861,0,13580,0,6790,0,0,0,53133,53133,43380888,43380888,4096,4096,0,0,6790,6790,3835772517,3835772517,3835772533,3835772533,0,0,0,0,0,0,0,0,4096,256,131072,4,15|4,0,67108864,262144,256,0,0,0,0,808,0,796,0,202,199,0,1,808,0|412,256680063,13,0,0,52166656,0,52166656,0,160153,0,0,199,0,0,0,0,0,0,0,7243845,0,0,0,0,0
1785969413176|1015|stream64_r2f_05|rotating|354,1378943233,33554687,56440386,55660888,55799397,55660888,55799397,55660888,53421,53222,53218,53218,0,0,6802,0,1642752489,1639490068,4096,4096,0,0,53219,53219,3823301607,3823301628,3823301615,3823301636,0,0,0,0,0,0,0,0,4096,256,131072,4,15|4,0,67108864,262144,256,0,0,0,0,812,0,800,0,203,200,0,1,812,0|412,3868160691,12,52484128,0,0,0,0,0,55694975,0,200,0,2877985050,0,2877985050,0,2080,2857194848,0,32874918,0,0,0,0,0
1785969418177|1015|stream64_r2f_05|fixed|356,1378943233,16781056,62579774,61714874,710630,0,710630,0,15082,0,7541,0,0,0,59006,59006,48178960,48178960,4096,4096,0,0,7541,7541,4154184390,4154184390,4154184398,4154184398,0,0,0,0,0,0,0,0,4096,256,131072,4,15|4,0,67108864,262144,256,0,0,0,0,896,0,884,0,224,221,0,1,896,0|414,574136483,13,0,0,58195968,0,58195968,0,177822,0,0,222,0,0,0,0,0,0,0,7285927,0,0,0,0,0
1785969418177|1015|stream64_r2f_05|rotating|356,1378943233,33554687,62641461,61775292,61930078,61775292,61930078,61775292,59289,59068,59064,59064,0,0,7549,0,1823210464,1819588787,4096,4096,0,0,59065,59065,4140105854,4140105827,4140105822,4140105835,0,0,0,0,0,0,0,0,4096,256,131072,4,15|4,0,67108864,262144,256,0,0,0,0,900,0,888,0,225,222,0,1,900,0|414,4185991020,12,58267104,0,0,0,0,0,61829840,0,222,0,3194369635,0,3194369635,0,2080,3171867147,0,35728086,0,0,0,0,0
1785969423190|1015|stream64_r2f_05|fixed|358,1378943233,16781056,68863421,67911192,782059,0,782059,0,16598,0,8299,0,0,0,64930,64930,53021800,53021800,4096,4096,0,0,8299,8299,180438753,180438753,180438761,180438761,0,0,0,0,0,0,0,0,4096,256,131072,4,15|4,0,67108864,262144,256,0,0,0,0,988,0,976,0,247,244,0,1,988,0|416,894865090,13,0,0,63963136,0,63963136,0,195632,0,0,244,0,0,0,0,0,0,0,7332408,0,0,0,0,0
1785969423190|1015|stream64_r2f_05|rotating|358,1378943233,33558272,68926275,67973442,68143555,67973442,68143555,67973442,65236,64993,64990,64990,0,0,8306,0,2006115272,2002133760,4096,4096,0,0,64990,64990,166189824,166190173,166189832,166190181,0,0,0,0,0,0,0,0,4096,256,131072,4,15|4,0,67108864,262144,256,0,0,0,0,988,0,976,0,247,244,0,1,988,0|416,211070288,13,64089600,0,0,0,0,0,68007685,0,244,0,3512960575,0,3512960575,0,2080,3488754987,0,38580553,0,0,0,0,0
1785969431574|1016|stream64_r2f_06|fixed|362,1378943233,16781056,6142979,6057996,69643,0,69643,0,1478,0,739,0,0,0,5790,5790,4721392,4721392,4096,4096,0,0,739,739,716493022,716493022,716493030,716493030,0,0,0,0,0,0,0,0,4096,256,131072,4,15|4,0,67108864,262144,256,0,0,0,0,96,0,84,0,24,21,0,1,96,0|424,1431577018,13,0,0,5505024,0,5505024,0,17551,0,0,21,0,0,0,0,0,0,0,6888981,0,0,0,0,0
1785969431574|1016|stream64_r2f_06|rotating|362,1378943233,33558272,6216323,6129693,6145758,6129693,6145758,6129693,5883,5860,5860,5860,0,0,748,0,180886536,180527696,4096,4096,0,0,5860,5860,703013732,703014049,703013740,703014065,0,0,0,0,0,0,0,0,4096,256,131072,4,15|4,0,67108864,262144,256,0,0,0,0,100,0,88,0,25,22,0,1,100,0|424,747954673,13,5814592,0,0,0,0,0,6169222,0,22,0,323333560,0,323333560,0,2080,316434813,0,9778506,0,0,0,0,0
1785969436590|1016|stream64_r2f_06|fixed|364,1378943233,16781056,12428232,12256473,141071,0,141071,0,2994,0,1497,0,0,0,11719,11719,9564232,9564232,4096,4096,0,0,1497,1497,1037715462,1037715462,1037715470,1037715470,0,0,0,0,0,0,0,0,4096,256,131072,4,15|4,0,67108864,262144,256,0,0,0,0,188,0,176,0,47,44,0,1,188,0|426,1753346039,13,0,0,11534336,0,11534336,0,35456,0,0,44,0,0,0,0,0,0,0,6934014,0,0,0,0,0
1785969436590|1016|stream64_r2f_06|rotating|364,1378943233,33554687,12508815,12336111,12366800,12336111,12366800,12336111,11841,11796,11795,11795,0,0,1507,0,364108683,363389864,4096,4096,0,0,11796,11796,1024640462,1024640467,1024640470,1024640427,0,0,0,0,0,0,0,0,4096,256,131072,4,15|4,0,67108864,262144,256,0,0,0,0,188,0,176,0,47,44,0,1,188,0|426,1069462732,13,11660800,0,0,0,0,0,12372447,0,44,0,643380067,0,643380067,0,2080,634782804,0,12631480,0,0,0,0,0
1785969441593|1016|stream64_r2f_06|fixed|366,1378943233,16781056,18691344,18432761,212219,0,212219,0,4504,0,2252,0,0,0,17626,17626,14387912,14387912,4096,4096,0,0,2252,2252,1357850480,1357850480,1357850488,1357850488,0,0,0,0,0,0,0,0,4096,256,131072,4,15|4,0,67108864,262144,256,0,0,0,0,276,0,264,0,69,66,0,1,276,0|428,2072744500,13,0,0,17301504,0,17301504,0,53196,0,0,66,0,0,0,0,0,0,0,6977505,0,0,0,0,0
1785969441593|1016|stream64_r2f_06|rotating|366,1378943233,33554687,18784537,18524863,18571279,18524863,18571279,18524863,17781,17714,17713,17713,0,0,2263,0,546784162,545707405,4096,4096,0,0,17714,17714,1345311530,1345311511,1345311538,1345311519,0,0,0,0,0,0,0,0,4096,256,131072,4,15|4,0,67108864,262144,256,0,0,0,0,276,0,264,0,69,66,0,1,276,0|428,1390708562,13,17507008,0,0,0,0,0,18571801,0,66,0,963164345,0,963164345,0,2080,952864223,0,15488797,0,0,0,0,0
1785969446601|1016|stream64_r2f_06|fixed|368,1378943233,16781056,24965389,24620613,283461,0,283461,0,6016,0,3008,0,0,0,23542,23542,19217944,19217944,4096,4096,0,0,3008,3008,1678416095,1678416095,1678416103,1678416103,0,0,0,0,0,0,0,0,4096,256,131072,4,15|4,0,67108864,262144,256,0,0,0,0,364,0,352,0,91,88,0,1,364,0|430,2394109646,13,0,0,23068672,0,23068672,0,71054,0,0,88,0,0,0,0,0,0,0,7029288,0,0,0,0,0
1785969446601|1016|stream64_r2f_06|rotating|368,1378943233,33554687,25064317,24718363,24779725,24718363,24779725,24718363,23726,23636,23635,23635,0,0,3020,0,729572741,728138232,4096,4096,0,0,23636,23636,1666183989,1666183970,1666183997,1666183978,0,0,0,0,0,0,0,0,4096,256,131072,4,15|4,0,67108864,262144,256,0,0,0,0,368,0,356,0,92,89,0,1,368,0|430,1712038367,13,23346624,0,0,0,0,0,24770611,0,89,0,1283034246,0,1283034246,0,2080,1270894980,0,18476405,0,0,0,0,0
1785969451603|1016|stream64_r2f_06|fixed|370,1378943233,16781056,31228852,30796627,354612,0,354612,0,7526,0,3763,0,0,0,29446,29446,24041576,24041576,4096,4096,0,0,3763,3763,1998547025,1998547025,1998547033,1998547033,0,0,0,0,0,0,0,0,4096,256,131072,4,15|4,0,67108864,262144,256,0,0,0,0,452,0,440,0,113,110,0,1,452,0|432,2713412368,13,0,0,28835840,0,28835840,0,88793,0,0,110,0,0,0,0,0,0,0,7073162,0,0,0,0,0
1785969451603|1016|stream64_r2f_06|rotating|370,1378943233,33558272,31301296,30868314,30945935,30868314,30945935,30868314,29627,29515,29515,29515,0,0,3771,0,911068408,909275136,4096,4096,0,0,29515,29515,1984782121,1984782470,1984782129,1984782478,0,0,0,0,0,0,0,0,4096,256,131072,4,15|4,0,67108864,262144,256,0,0,0,0,456,0,444,0,114,111,0,1,456,0|432,2029747367,13,29129600,0,0,0,0,0,30903177,0,111,0,1599297502,0,1599297502,0,2080,1585445871,0,21329652,0,0,0,0,0
1785969456611|1016|stream64_r2f_06|fixed|372,1378943233,16781056,37501515,36983305,425849,0,425849,0,9038,0,4519,0,0,0,35361,35361,28871608,28871608,4096,4096,0,0,4519,4519,2319106851,2319106851,2319106859,2319106859,0,0,0,0,0,0,0,0,4096,256,131072,4,15|5,0,67108864,262144,256,0,0,0,0,544,0,532,0,136,133,0,1,544,0|434,3033932702,13,0,0,34865152,0,34865152,0,106603,0,0,133,0,0,0,0,0,0,0,7121280,0,0,0,0,0
1785969456611|1016|stream64_r2f_06|rotating|372,1378943233,33554687,37574579,37054820,37147881,37054820,37147881,37054820,35566,35431,35430,35430,0,0,4528,0,1093665173,1091495104,4096,4096,0,0,35431,35431,2305447311,2305447292,2305447319,2305447300,0,0,0,0,0,0,0,0,4096,256,131072,4,15|4,0,67108864,262144,256,0,0,0,0,544,0,532,0,136,133,0,1,544,0|434,2350216507,13,34952096,0,0,0,0,0,37088579,0,133,0,1918311018,0,1918311018,0,2080,1902755557,0,24182849,0,0,0,0,0
1785969461619|1016|stream64_r2f_06|fixed|374,1378943233,16781056,43775824,43171512,497186,0,497186,0,10552,0,5276,0,0,0,41278,41278,33708056,33708056,4096,4096,0,0,5276,5276,2639900402,2639900402,2639900410,2639900410,0,0,0,0,0,0,0,0,4096,256,131072,4,15|4,0,67108864,262144,256,0,0,0,0,632,0,620,0,158,155,0,1,632,0|436,3354535794,13,0,0,40632320,0,40632320,0,124414,0,0,155,0,0,0,0,0,0,0,7168154,0,0,0,0,0
1785969461619|1016|stream64_r2f_06|rotating|374,1378943233,33554687,43853751,43248586,43355715,43248586,43355715,43248586,41509,41352,41351,41351,0,0,5285,0,1276436492,1273905015,4096,4096,0,0,41352,41352,2626279104,2626279117,2626279112,2626279125,0,0,0,0,0,0,0,0,4096,256,131072,4,15|4,0,67108864,262144,256,0,0,0,0,632,0,620,0,158,155,0,1,632,0|436,2672465302,13,40814112,0,0,0,0,0,43309424,0,155,0,2239094309,0,2239094309,0,2080,2221843484,0,27036065,0,0,0,0,0
1785969466622|1016|stream64_r2f_06|fixed|376,1378943233,16781056,50039523,49349970,568241,0,568241,0,12060,0,6030,0,0,0,47183,47183,38525336,38525336,4096,4096,0,0,6030,6030,2959604147,2959604147,2959604155,2959604155,0,0,0,0,0,0,0,0,4096,256,131072,4,15|4,0,67108864,262144,256,0,0,0,0,720,0,708,0,180,177,0,1,720,0|438,3674734802,13,0,0,46399488,0,46399488,0,142201,0,0,177,0,0,0,0,0,0,0,7215091,0,0,0,0,0
1785969466622|1016|stream64_r2f_06|rotating|376,1378943233,33554687,50115503,49425106,49546413,49425106,49546413,49425106,47435,47256,47255,47255,0,0,6039,0,1458675605,1455783808,4096,4096,0,0,47256,47256,2946189260,2946189273,2946189268,2946189241,0,0,0,0,0,0,0,0,4096,256,131072,4,15|4,0,67108864,262144,256,0,0,0,0,720,0,708,0,180,177,0,1,720,0|438,2991965671,13,46628704,0,0,0,0,0,49476807,0,177,0,2557141030,0,2557141030,0,2080,2538182033,0,29891907,0,0,0,0,0
1785969471633|1016|stream64_r2f_06|fixed|378,1378943233,16781056,56317059,55540342,639578,0,639578,0,13574,0,6787,0,0,0,53102,53102,43361744,43361744,4096,4096,0,0,6787,6787,3280596113,3280596113,3280596121,3280596121,0,0,0,0,0,0,0,0,4096,256,131072,4,15|4,0,67108864,262144,256,0,0,0,0,808,0,796,0,202,199,0,1,808,0|440,3996120200,13,0,0,52166656,0,52166656,0,160059,0,0,199,0,0,0,0,0,0,0,7258694,0,0,0,0,0
1785969471633|1016|stream64_r2f_06|rotating|378,1378943233,33558033,56419917,55641196,55779211,55641196,55779211,55641196,53401,53200,53200,53200,0,0,6799,0,1642177851,1638912296,4096,4096,0,0,53200,53200,3268282044,3268260601,3268282052,3268260609,0,0,0,0,0,0,0,0,4096,256,131072,4,15|4,0,67108864,262144,256,0,0,0,0,812,0,800,0,203,200,0,1,812,0|440,3313676391,13,52476224,0,0,0,0,0,55683198,0,200,0,2877389870,0,2877389870,0,2080,2856596869,0,32876072,0,0,0,0,0
1785969476645|1016|stream64_r2f_06|fixed|380,1378943233,16781056,62599187,61735291,710818,0,710818,0,15086,0,7543,0,0,0,59025,59025,48191760,48191760,4096,4096,0,0,7543,7543,3601156796,3601156796,3601156804,3601156804,0,0,0,0,0,0,0,0,4096,256,131072,4,15|5,0,67108864,262144,256,0,0,0,0,900,0,888,0,225,222,0,1,900,0|442,21444881,14,0,0,58195968,0,58195968,0,177869,0,0,222,0,0,0,0,0,0,0,7298271,0,0,0,0,0
1785969476645|1016|stream64_r2f_06|rotating|380,1378943233,33554687,62688850,61823150,61976902,61823150,61976902,61823150,59336,59111,59110,59110,0,0,7555,0,1824615524,1820988375,4096,4096,0,0,59111,59111,3588670819,3588670840,3588670827,3588670848,0,0,0,0,0,0,0,0,4096,256,131072,4,15|4,0,67108864,262144,256,0,0,0,0,900,0,888,0,225,222,0,1,900,0|442,3634373526,13,58306624,0,0,0,0,0,61874224,0,222,0,3196629405,0,3196629405,0,2080,3174133416,0,35730124,0,0,0,0,0
1785969481653|1016|stream64_r2f_06|fixed|382,1378943233,16781056,68870343,67918829,782154,0,782154,0,16600,0,8300,0,0,0,64936,64936,53028200,53028200,4096,4096,0,0,8300,8300,3921952948,3921952948,3921952956,3921952956,0,0,0,0,0,0,0,0,4096,256,131072,4,15|4,0,67108864,262144,256,0,0,0,0,988,0,976,0,247,244,0,1,988,0|444,346111261,14,0,0,63963136,0,63963136,0,195916,0,0,244,0,0,0,0,0,0,0,7336024,0,0,0,0,0
1785969481653|1016|stream64_r2f_06|rotating|382,1378943233,33554687,69023174,68070063,68239321,68070063,68239321,68070063,65328,65081,65080,65080,0,0,8318,0,2008915180,2004928911,4096,4096,0,0,65081,65081,3912158833,3912158854,3912158841,3912158862,0,0,0,0,0,0,0,0,4096,256,131072,4,15|4,0,67108864,262144,256,0,0,0,0,988,0,976,0,247,244,0,1,988,0|444,3957730811,13,64192352,0,0,0,0,0,68117962,0,244,0,3518515258,0,3518515258,0,2080,3494326424,0,38585912,0,0,0,0,0
1785969490245|1017|stream64_r2f_07|fixed|386,1378943233,16781056,6162075,6076153,69830,0,69830,0,1482,0,741,0,0,0,5802,5802,4734160,4734160,4096,4096,0,0,741,741,177227066,177227066,177227074,177227074,0,0,0,0,0,0,0,0,4096,256,131072,4,15|4,0,67108864,262144,256,0,0,0,0,100,0,88,0,25,22,0,1,100,0|452,892585015,14,0,0,5767168,0,5767168,0,17622,0,0,22,0,0,0,0,0,0,0,6888203,0,0,0,0,0
1785969490245|1017|stream64_r2f_07|rotating|386,1378943233,33554687,6242097,6154438,6171326,6154438,6171326,6154438,5902,5879,5878,5878,0,0,751,0,181448872,181089467,4096,4096,0,0,5879,5879,163882999,163883020,163883015,163883028,0,0,0,0,0,0,0,0,4096,256,131072,4,15|4,0,67108864,262144,256,0,0,0,0,100,0,88,0,25,22,0,1,100,0|452,208728201,14,5830400,0,0,0,0,0,6192983,0,22,0,324226593,0,324226593,0,2080,317332163,0,9777598,0,0,0,0,0
1785969495251|1017|stream64_r2f_07|fixed|388,1378943233,16781056,12430501,12256751,140976,0,140976,0,2992,0,1496,0,0,0,11710,11710,9557856,9557856,4096,4096,0,0,1496,1496,497034139,497034139,497034147,497034147,0,0,0,0,0,0,0,0,4096,256,131072,4,15|4,0,67108864,262144,256,0,0,0,0,188,0,176,0,47,44,0,1,188,0|454,1212083931,14,0,0,11534336,0,11534336,0,35385,0,0,44,0,0,0,0,0,0,0,6934676,0,0,0,0,0
1785969495251|1017|stream64_r2f_07|rotating|388,1378943233,33554687,12508799,12334198,12366973,12334198,12366973,12334198,11829,11784,11783,11783,0,0,1505,0,363740887,363021882,4096,4096,0,0,11784,11784,483875346,483875311,483875354,483875319,0,0,0,0,0,0,0,0,4096,256,131072,4,15|4,0,67108864,262144,256,0,0,0,0,188,0,176,0,47,44,0,1,188,0|454,529361412,14,11668704,0,0,0,0,0,12384535,0,44,0,643400228,0,643400228,0,2080,634805313,0,12630844,0,0,0,0,0
1785969500264|1017|stream64_r2f_07|fixed|390,1378943233,16781056,18716975,18456227,212314,0,212314,0,4506,0,2253,0,0,0,17632,17632,14394312,14394312,4096,4096,0,0,2253,2253,818151076,818151076,818151084,818151084,0,0,0,0,0,0,0,0,4096,256,131072,4,15|4,0,67108864,262144,256,0,0,0,0,276,0,264,0,69,66,0,1,276,0|456,1532812570,14,0,0,17301504,0,17301504,0,53196,0,0,66,0,0,0,0,0,0,0,6975632,0,0,0,0,0
1785969500264|1017|stream64_r2f_07|rotating|390,1378943233,33554687,18783067,18521490,18569999,18521490,18569999,18521490,17763,17696,17695,17695,0,0,2261,0,546213152,545135000,4096,4096,0,0,17696,17696,804194615,804194612,804194583,804194572,0,0,0,0,0,0,0,0,4096,256,131072,4,15|4,0,67108864,262144,256,0,0,0,0,276,0,264,0,69,66,0,1,276,0|456,848914500,14,17475392,0,0,0,0,0,18557260,0,66,0,961501644,0,961501644,0,2080,951199461,0,15484085,0,0,0,0,0
1785969505265|1017|stream64_r2f_07|fixed|392,1378943233,16781056,24982933,24636865,283368,0,283368,0,6014,0,3007,0,0,0,23536,23536,19211544,19211544,4096,4096,0,0,3007,3007,1137852029,1137852029,1137852037,1137852037,0,0,0,0,0,0,0,0,4096,256,131072,4,15|4,0,67108864,262144,256,0,0,0,0,364,0,352,0,91,88,0,1,364,0|458,1852981787,14,0,0,23068672,0,23068672,0,70983,0,0,88,0,0,0,0,0,0,0,7021506,0,0,0,0,0
1785969505265|1017|stream64_r2f_07|rotating|392,1378943233,33554687,25058534,24711764,24774317,24711764,24774317,24711764,23697,23608,23607,23607,0,0,3016,0,728710664,727271496,4096,4096,0,0,23608,23608,1124546429,1124546458,1124546437,1124546434,0,0,0,0,0,0,0,0,4096,256,131072,4,15|4,0,67108864,262144,256,0,0,0,0,364,0,352,0,91,88,0,1,364,0|458,1170117139,14,23321600,0,0,0,0,0,24762901,0,88,0,1281242731,0,1281242731,0,2048,1269241958,0,18337133,0,0,0,0,0
1785969510278|1017|stream64_r2f_07|fixed|394,1378943233,16781056,31272312,30838781,354705,0,354705,0,7528,0,3764,0,0,0,29459,29459,24047952,24047952,4096,4096,0,0,3764,3764,1458842058,1458842058,1458842074,1458842074,0,0,0,0,0,0,0,0,4096,256,131072,4,15|4,0,67108864,262144,256,0,0,0,0,452,0,440,0,113,110,0,1,452,0|460,2173687994,14,0,0,28835840,0,28835840,0,88817,0,0,110,0,0,0,0,0,0,0,7064513,0,0,0,0,0
1785969510278|1017|stream64_r2f_07|rotating|394,1378943233,33558272,31353093,30917973,30997354,30917973,30997354,30917973,29647,29535,29535,29535,0,0,3775,0,911688272,909873728,4096,4096,0,0,29535,29535,1445847648,1445847981,1445847656,1445847989,0,0,0,0,0,0,0,0,4096,256,131072,4,15|4,0,67108864,262144,256,0,0,0,0,456,0,444,0,114,111,0,1,456,0|460,1490807065,14,29145408,0,0,0,0,0,30956614,0,111,0,1600476705,0,1600476705,0,2080,1586638538,0,21319597,0,0,0,0,0
1785969515287|1017|stream64_r2f_07|fixed|396,1378943233,16781056,37564757,37044446,426227,0,426227,0,9046,0,4523,0,0,0,35386,35386,28897168,28897168,4096,4096,0,0,4523,4523,1780495361,1780495361,1780495369,1780495369,0,0,0,0,0,0,0,0,4096,256,131072,4,15|4,0,67108864,262144,256,0,0,0,0,544,0,532,0,136,133,0,1,544,0|462,2494223737,14,0,0,34865152,0,34865152,0,106627,0,0,133,0,0,0,0,0,0,0,7109925,0,0,0,0,0
1785969515287|1017|stream64_r2f_07|rotating|396,1378943233,33554687,37622736,37101818,37195944,37101818,37195944,37101818,35576,35443,35441,35441,0,0,4529,0,1094000368,1091827444,4096,4096,0,0,35442,35442,1765898260,1765898233,1765898244,1765898241,0,0,0,0,0,0,0,0,4096,256,131072,4,15|4,0,67108864,262144,256,0,0,0,0,544,0,532,0,136,133,0,1,544,0|462,1810846655,14,34967904,0,0,0,0,0,37139437,0,133,0,1919060671,0,1919060671,0,2080,1903517846,0,24173622,0,0,0,0,0
1785969520310|1017|stream64_r2f_07|fixed|398,1378943233,16781056,43846302,43240018,497470,0,497470,0,10558,0,5279,0,0,0,41304,41304,33727248,33727248,4096,4096,0,0,5279,5279,2101055091,2101055091,2101055099,2101055099,0,0,0,0,0,0,0,0,4096,256,131072,4,15|4,0,67108864,262144,256,0,0,0,0,632,0,620,0,158,155,0,1,632,0|464,2816468566,14,0,0,40632320,0,40632320,0,124532,0,0,155,0,0,0,0,0,0,0,7154953,0,0,0,0,0
1785969520310|1017|stream64_r2f_07|rotating|398,1378943233,33558272,43922448,43315240,43424129,43315240,43424129,43315240,41532,41377,41376,41376,0,0,5288,0,1277195280,1274664584,4096,4096,0,0,41376,41376,2087452500,2087452817,2087452508,2087452825,0,0,0,0,0,0,0,0,4096,256,131072,4,15|4,0,67108864,262144,256,0,0,0,0,632,0,620,0,158,155,0,1,632,0|464,2132958441,14,40829920,0,0,0,0,0,43363452,0,155,0,2239706953,0,2239706953,0,2080,2222469728,0,27025874,0,0,0,0,0
1785969525320|1017|stream64_r2f_07|fixed|400,1378943233,16781056,50130969,49436984,568712,0,568712,0,12070,0,6035,0,0,0,47224,47224,38557280,38557280,4096,4096,0,0,6035,6035,2421617379,2421617379,2421617387,2421617387,0,0,0,0,0,0,0,0,4096,256,131072,4,15|4,0,67108864,262144,256,0,0,0,0,720,0,708,0,180,177,0,1,720,0|466,3136578505,14,0,0,46399488,0,46399488,0,142320,0,0,177,0,0,0,0,0,0,0,7205758,0,0,0,0,0
1785969525320|1017|stream64_r2f_07|rotating|400,1378943233,33554687,50211057,49516220,49641403,49516220,49641403,49516220,47478,47301,47299,47299,0,0,6045,0,1460041648,1457152360,4096,4096,0,0,47300,47300,2408428816,2408428813,2408428800,2408428789,0,0,0,0,0,0,0,0,4096,256,131072,4,15|4,0,67108864,262144,256,0,0,0,0,724,0,712,0,181,178,0,1,724,0|466,2454391452,14,46669536,0,0,0,0,0,49570722,0,178,0,2559680060,0,2559680060,0,2080,2540606980,0,30010193,0,0,0,0,0
1785969530334|1017|stream64_r2f_07|fixed|402,1378943233,16781056,56412496,55631786,640049,0,640049,0,13584,0,6792,0,0,0,53146,53146,43393648,43393648,4096,4096,0,0,6792,6792,2742611120,2742611120,2742611128,2742611128,0,0,0,0,0,0,0,0,4096,256,131072,4,15|4,0,67108864,262144,256,0,0,0,0,812,0,800,0,203,200,0,1,812,0|468,3458297360,14,0,0,52428800,0,52428800,0,160200,0,0,200,0,0,0,0,0,0,0,7247727,0,0,0,0,0
1785969530334|1017|stream64_r2f_07|rotating|402,1378943233,33558272,56503910,55721429,55862732,55721429,55862732,55721429,53434,53235,53233,53233,0,0,6804,0,1643196600,1639933056,4096,4096,0,0,53233,53233,2730047445,2730047762,2730047453,2730047770,0,0,0,0,0,0,0,0,4096,256,131072,4,15|4,0,67108864,262144,256,0,0,0,0,812,0,800,0,203,200,0,1,812,0|468,2775533564,14,52515744,0,0,0,0,0,55768805,0,200,0,2879360620,0,2879360620,0,2080,2858584667,0,32867524,0,0,0,0,0
1785969535347|1017|stream64_r2f_07|fixed|404,1378943233,16781056,62691527,61822313,711383,0,711383,0,15098,0,7549,0,0,0,59066,59066,48230104,48230104,4096,4096,0,0,7549,7549,3063402145,3063402145,3063402153,3063402153,0,0,0,0,0,0,0,0,4096,256,131072,4,15|4,0,67108864,262144,256,0,0,0,0,900,0,888,0,225,222,0,1,900,0|470,3778427935,14,0,0,58195968,0,58195968,0,177987,0,0,222,0,0,0,0,0,0,0,7296040,0,0,0,0,0
1785969535347|1017|stream64_r2f_07|rotating|404,1378943233,33554687,62758322,61888321,62046184,61888321,62046184,61888321,59353,59132,59129,59129,0,0,7557,0,1825202802,1821577845,4096,4096,0,0,59130,59130,3049558831,3049558836,3049558839,3049558844,0,0,0,0,0,0,0,0,4096,256,131072,4,15|4,0,67108864,262144,256,0,0,0,0,900,0,888,0,225,222,0,1,900,0|470,3094268310,14,58306624,0,0,0,0,0,61921255,0,222,0,3196647646,0,3196647646,0,2080,3174163600,0,35718196,0,0,0,0,0
1785969540347|1017|stream64_r2f_07|fixed|406,1378943233,16781056,68957471,68002016,782531,0,782531,0,16608,0,8304,0,0,0,64973,64973,53053784,53053784,4096,4096,0,0,8304,8304,3383533902,3383533902,3383533910,3383533910,0,0,0,0,0,0,0,0,4096,256,131072,4,15|4,0,67108864,262144,256,0,0,0,0,988,0,976,0,247,244,0,1,988,0|472,4098399779,14,0,0,63963136,0,63963136,0,195774,0,0,244,0,0,0,0,0,0,0,7344596,0,0,0,0,0
1785969540347|1017|stream64_r2f_07|rotating|406,1378943233,33554687,69030755,68074389,68247375,68074389,68247375,68074389,65287,65044,65041,65041,0,0,8313,0,2007713688,2003730315,4096,4096,0,0,65042,65042,3369931132,3369931129,3369931140,3369931145,0,0,0,0,0,0,0,0,4096,256,131072,4,15|4,0,67108864,262144,256,0,0,0,0,988,0,976,0,247,244,0,1,988,0|472,3415940208,14,64160736,0,0,0,0,0,68132111,0,244,0,3516856016,0,3516856016,0,2080,3492674081,0,38572240,0,0,0,0,0
1785969548829|1018|stream64_r2f_08|fixed|410,1378943233,16781056,6165892,6079703,69830,0,69830,0,1482,0,741,0,0,0,5806,5806,4734160,4734160,4096,4096,0,0,741,741,3927406596,3927406596,3927406604,3927406604,0,0,0,0,0,0,0,0,4096,256,131072,4,15|4,0,67108864,262144,256,0,0,0,0,100,0,88,0,25,22,0,1,100,0|480,347704173,15,0,0,5767168,0,5767168,0,17622,0,0,22,0,0,0,0,0,0,0,6885983,0,0,0,0,0
1785969548829|1018|stream64_r2f_08|rotating|410,1378943233,33554687,6259951,6171832,6188990,6171832,6188990,6171832,5919,5896,5895,5895,0,0,753,0,181967346,181609253,4096,4096,0,0,5896,5896,3914969234,3914969247,3914969242,3914969255,0,0,0,0,0,0,0,0,4096,256,131072,4,15|4,0,67108864,262144,256,0,0,0,0,100,0,88,0,25,22,0,1,100,0|480,3960539376,14,5862016,0,0,0,0,0,6224590,0,22,0,325850766,0,325850766,0,2080,318961992,0,9778717,0,0,0,0,0
1785969553841|1018|stream64_r2f_08|fixed|412,1378943233,16781056,12423407,12251029,140882,0,140882,0,2990,0,1495,0,0,0,11703,11704,9551456,9551456,4096,4096,0,0,1495,1495,4247106210,4247106210,4247106218,4247106218,0,0,0,0,0,0,0,0,4096,256,131072,4,15|4,0,67108864,262144,256,0,0,0,0,188,0,176,0,47,44,0,1,188,0|482,666862952,15,0,0,11534336,0,11534336,0,35362,0,0,44,0,0,0,0,0,0,0,6927000,0,0,0,0,0
1785969553841|1018|stream64_r2f_08|rotating|412,1378943233,33558272,12496077,12322285,12354346,12322285,12354346,12322285,11817,11772,11772,11772,0,0,1504,0,363377704,362661224,4096,4096,0,0,11772,11772,4233414693,4233415026,4233414701,4233415034,0,0,0,0,0,0,0,0,4096,256,131072,4,15|4,0,67108864,262144,256,0,0,0,0,188,0,176,0,47,44,0,1,188,0|482,4279229874,14,11660800,0,0,0,0,0,12378610,0,44,0,643091568,0,643091568,0,2080,634494632,0,12631155,0,0,0,0,0
1785969558855|1018|stream64_r2f_08|fixed|414,1378943233,16781056,18710341,18450263,212219,0,212219,0,4504,0,2252,0,0,0,17627,17627,14387912,14387912,4096,4096,0,0,2252,2252,272934943,272934943,272934951,272934951,0,0,0,0,0,0,0,0,4096,256,131072,4,15|4,0,67108864,262144,256,0,0,0,0,276,0,264,0,69,66,0,1,276,0|484,987898408,15,0,0,17301504,0,17301504,0,53196,0,0,66,0,0,0,0,0,0,0,6968417,0,0,0,0,0
1785969558855|1018|stream64_r2f_08|rotating|414,1378943233,33554687,18782486,18521605,18569418,18521605,18569418,18521605,17762,17695,17694,17694,0,0,2261,0,546202050,545126944,4096,4096,0,0,17695,17695,259383701,259383714,259383709,259383706,0,0,0,0,0,0,0,0,4096,256,131072,4,15|4,0,67108864,262144,256,0,0,0,0,276,0,264,0,69,66,0,1,276,0|484,303768882,15,17467488,0,0,0,0,0,18550414,0,66,0,961146200,0,961146200,0,2080,950839471,0,15486921,0,0,0,0,0
1785969563872|1018|stream64_r2f_08|fixed|416,1378943233,16781056,24998725,24652873,283556,0,283556,0,6018,0,3009,0,0,0,23550,23550,19224344,19224344,4096,4096,0,0,3009,3009,593923629,593923629,593923637,593923637,0,0,0,0,0,0,0,0,4096,256,131072,4,15|4,0,67108864,262144,256,0,0,0,0,364,0,352,0,91,88,0,1,364,0|486,1309076122,15,0,0,23068672,0,23068672,0,71031,0,0,88,0,0,0,0,0,0,0,7008135,0,0,0,0,0
1785969563872|1018|stream64_r2f_08|rotating|416,1378943233,33554687,25073036,24726474,24788631,24726474,24788631,24726474,23710,23621,23621,23621,0,0,3018,0,729128384,727694979,4096,4096,0,0,23621,23621,580482961,580483310,580482969,580483318,0,0,0,0,0,0,0,0,4096,256,131072,4,15|4,0,67108864,262144,256,0,0,0,0,364,0,352,0,91,88,0,1,364,0|486,625424429,15,23321600,0,0,0,0,0,24764650,0,88,0,1281338219,0,1281338219,0,2080,1269336172,0,18338394,0,0,0,0,0
1785969568884|1018|stream64_r2f_08|fixed|418,1378943233,16781056,31283950,30850917,354893,0,354893,0,7532,0,3766,0,0,0,29470,29470,24060712,24060712,4096,4096,0,0,3766,3766,914916721,914916721,914916729,914916729,0,0,0,0,0,0,0,0,4096,256,131072,4,15|4,0,67108864,262144,256,0,0,0,0,452,0,440,0,113,110,0,1,452,0|488,1628901512,15,0,0,28835840,0,28835840,0,88817,0,0,110,0,0,0,0,0,0,0,7052606,0,0,0,0,0
1785969568884|1018|stream64_r2f_08|rotating|418,1378943233,33554687,31337908,30904465,30982452,30904465,30982452,30904465,29634,29522,29521,29521,0,0,3772,0,911254424,909461659,4096,4096,0,0,29522,29522,900206467,900206456,900206435,900206464,0,0,0,0,0,0,0,0,4096,256,131072,4,15|4,0,67108864,262144,256,0,0,0,0,456,0,444,0,114,111,0,1,456,0|488,944894783,15,29129600,0,0,0,0,0,30934586,0,111,0,1599356573,0,1599356573,0,2080,1585510886,0,21323710,0,0,0,0,0
1785969573893|1018|stream64_r2f_08|fixed|420,1378943233,16781056,37562900,37042720,426132,0,426132,0,9044,0,4522,0,0,0,35384,35384,28890792,28890792,4096,4096,0,0,4522,4522,1235155907,1235155907,1235155915,1235155915,0,0,0,0,0,0,0,0,4096,256,131072,4,15|4,0,67108864,262144,256,0,0,0,0,544,0,532,0,136,133,0,1,544,0|490,1950401781,15,0,0,34865152,0,34865152,0,106674,0,0,133,0,0,0,0,0,0,0,7100269,0,0,0,0,0
1785969573893|1018|stream64_r2f_08|rotating|420,1378943233,33558272,37637392,37116261,37210410,37116261,37210410,37116261,35590,35455,35455,35455,0,0,4531,0,1094424448,1092255128,4096,4096,0,0,35455,35455,1221841535,1221841860,1221841543,1221841868,0,0,0,0,0,0,0,0,4096,256,131072,4,15|4,0,67108864,262144,256,0,0,0,0,544,0,532,0,136,133,0,1,544,0|490,1266848259,15,34983712,0,0,0,0,0,37154580,0,133,0,1919846521,0,1919846521,0,2080,1904301452,0,24179247,0,0,0,0,0
1785969578902|1018|stream64_r2f_08|fixed|422,1378943233,16781056,43842282,43235781,497375,0,497375,0,10556,0,5278,0,0,0,41300,41300,33720848,33720848,4096,4096,0,0,5278,5278,1555842881,1555842881,1555842889,1555842889,0,0,0,0,0,0,0,0,4096,256,131072,4,15|4,0,67108864,262144,256,0,0,0,0,632,0,620,0,158,155,0,1,632,0|492,2271852555,15,0,0,40632320,0,40632320,0,124532,0,0,155,0,0,0,0,0,0,0,7148066,0,0,0,0,0
1785969578902|1018|stream64_r2f_08|rotating|422,1378943233,33554687,43937190,43329546,43438776,43329546,43438776,43329546,41547,41391,41389,41389,0,0,5289,0,1277614302,1275085097,4096,4096,0,0,41390,41390,1543412314,1543412279,1543412322,1543412295,0,0,0,0,0,0,0,0,4096,256,131072,4,15|4,0,67108864,262144,256,0,0,0,0,632,0,620,0,158,155,0,1,632,0|492,1588077705,15,40829920,0,0,0,0,0,43361678,0,155,0,2239614415,0,2239614415,0,2080,2222370404,0,27032647,0,0,0,0,0
1785969583909|1018|stream64_r2f_08|fixed|424,1378943233,16781056,50128370,49434003,568712,0,568712,0,12070,0,6035,0,0,0,47221,47221,38557280,38557280,4096,4096,0,0,6035,6035,1876835729,1876835729,1876835737,1876835737,0,0,0,0,0,0,0,0,4096,256,131072,4,15|4,0,67108864,262144,256,0,0,0,0,720,0,708,0,180,177,0,1,720,0|494,2592369437,15,0,0,46399488,0,46399488,0,142343,0,0,177,0,0,0,0,0,0,0,7192030,0,0,0,0,0
1785969583909|1018|stream64_r2f_08|rotating|424,1378943233,33554687,50212473,49517297,49642819,49517297,49642819,49517297,47480,47302,47300,47300,0,0,6045,0,1460064456,1457176141,4096,4096,0,0,47301,47301,1863693129,1863693078,1863693113,1863693086,0,0,0,0,0,0,0,0,4096,256,131072,4,15|4,0,67108864,262144,256,0,0,0,0,720,0,708,0,180,177,0,1,720,0|494,1908494611,15,46652416,0,0,0,0,0,49552523,0,177,0,2558575697,0,2558575697,0,2080,2539625440,0,29888260,0,0,0,0,0
1785969588922|1018|stream64_r2f_08|fixed|426,1378943233,16781056,56414281,55632817,639955,0,639955,0,13582,0,6791,0,0,0,53142,53142,43387264,43387264,4096,4096,0,0,6791,6791,2197397108,2197397108,2197397116,2197397116,0,0,0,0,0,0,0,0,4096,256,131072,4,15|4,0,67108864,262144,256,0,0,0,0,808,0,796,0,202,199,0,1,808,0|496,2912288541,15,0,0,52166656,0,52166656,0,160129,0,0,199,0,0,0,0,0,0,0,7232661,0,0,0,0,0
1785969588922|1018|stream64_r2f_08|rotating|426,1378943233,33558272,56487503,55704450,55846608,55704450,55846608,55704450,53413,53212,53211,53211,0,0,6801,0,1642517568,1639252128,4096,4096,0,0,53211,53211,2184081429,2184081762,2184081437,2184081770,0,0,0,0,0,0,0,0,4096,256,131072,4,15|4,0,67108864,262144,256,0,0,0,0,812,0,800,0,203,200,0,1,812,0|496,2229557253,15,52492032,0,0,0,0,0,55752024,0,200,0,2878178435,0,2878178435,0,2080,2857393345,0,32871557,0,0,0,0,0
1785969593925|1018|stream64_r2f_08|fixed|428,1378943233,16781056,62684997,61815528,711100,0,711100,0,15092,0,7546,0,0,0,59048,59048,48210936,48210936,4096,4096,0,0,7546,7546,2517527479,2517527479,2517527487,2517527487,0,0,0,0,0,0,0,0,4096,256,131072,4,15|4,0,67108864,262144,256,0,0,0,0,900,0,888,0,225,222,0,1,900,0|498,3232573572,15,0,0,58195968,0,58195968,0,177940,0,0,222,0,0,0,0,0,0,0,7278863,0,0,0,0,0
1785969593925|1018|stream64_r2f_08|rotating|428,1378943233,33554687,62772061,61900862,62059923,61900862,62059923,61900862,59354,59131,59129,59129,0,0,7557,0,1825220075,1821596790,4096,4096,0,0,59130,59130,2504802175,2504802180,2504802183,2504802188,0,0,0,0,0,0,0,0,4096,256,131072,4,15|4,0,67108864,262144,256,0,0,0,0,900,0,888,0,225,222,0,1,900,0|498,2550237960,15,58322432,0,0,0,0,0,61948338,0,222,0,3197401542,0,3197401542,0,2080,3174914830,0,35724243,0,0,0,0,0
1785969598932|1018|stream64_r2f_08|fixed|430,1378943233,16781056,68962739,68005704,782436,0,782436,0,16606,0,8303,0,0,0,64960,64960,53047384,53047384,4096,4096,0,0,8303,8303,2838321756,2838321756,2838321764,2838321764,0,0,0,0,0,0,0,0,4096,256,131072,4,15|4,0,67108864,262144,256,0,0,0,0,988,0,976,0,247,244,0,1,988,0|500,3554210417,15,0,0,63963136,0,63963136,0,195798,0,0,244,0,0,0,0,0,0,0,7323092,0,0,0,0,0
1785969598932|1018|stream64_r2f_08|rotating|430,1378943233,33554687,69069982,68111731,68286412,68111731,68286412,68111731,65308,65064,65062,65062,0,0,8315,0,2008332579,2004349382,4096,4096,0,0,65062,65062,2826224718,2826225035,2826224726,2826225043,0,0,0,0,0,0,0,0,4096,256,131072,4,15|4,0,67108864,262144,256,0,0,0,0,988,0,976,0,247,244,0,1,988,0|500,2871233904,15,64160736,0,0,0,0,0,68150676,0,244,0,3516937910,0,3516937910,0,2080,3492749141,0,38579061,0,0,0,0,0
1785969607315|1019|stream64_r2f_09|fixed|434,1378943233,16781056,6172925,6087691,69924,0,69924,0,1484,0,742,0,0,0,5813,5813,4740560,4740560,4096,4096,0,0,742,742,3375588400,3375588400,3375588408,3375588408,0,0,0,0,0,0,0,0,4096,256,131072,4,15|5,0,67108864,262144,256,0,0,0,0,100,0,88,0,25,22,0,1,100,0|508,4091371319,15,0,0,5767168,0,5767168,0,17669,0,0,22,0,0,0,0,0,0,0,6894637,0,0,0,0,0
1785969607315|1019|stream64_r2f_09|rotating|434,1378943233,33554687,6282752,6195508,6211509,6195508,6211509,6195508,5941,5918,5917,5917,0,0,756,0,182649552,182289130,4096,4096,0,0,5918,5918,3363905969,3363905942,3363905945,3363905958,0,0,0,0,0,0,0,0,4096,256,131072,4,15|4,0,67108864,262144,256,0,0,0,0,100,0,88,0,25,22,0,1,100,0|508,3409349410,15,5885728,0,0,0,0,0,6245391,0,22,0,326901582,0,326901582,0,2080,320018136,0,9778487,0,0,0,0,0
1785969612320|1019|stream64_r2f_09|fixed|436,1378943233,16781056,12444656,12272377,141165,0,141165,0,2996,0,1498,0,0,0,11724,11724,9570616,9570616,4096,4096,0,0,1498,1498,3695952262,3695952262,3695952270,3695952270,0,0,0,0,0,0,0,0,4096,256,131072,4,15|4,0,67108864,262144,256,0,0,0,0,188,0,176,0,47,44,0,1,188,0|510,116055447,16,0,0,11534336,0,11534336,0,35432,0,0,44,0,0,0,0,0,0,0,6935644,0,0,0,0,0
1785969612320|1019|stream64_r2f_09|rotating|436,1378943233,33554687,12512957,12339951,12371037,12339951,12371037,12339951,11834,11789,11788,11788,0,0,1506,0,363884928,363165771,4096,4096,0,0,11789,11789,3682062656,3682062653,3682062624,3682062661,0,0,0,0,0,0,0,0,4096,256,131072,4,15|4,0,67108864,262144,256,0,0,0,0,188,0,176,0,47,44,0,1,188,0|510,3727063797,15,11660800,0,0,0,0,0,12380002,0,44,0,643172201,0,643172201,0,2080,634573843,0,12632584,0,0,0,0,0
1785969617337|1019|stream64_r2f_09|fixed|438,1378943233,16781056,18712485,18453712,212314,0,212314,0,4506,0,2253,0,0,0,17629,17629,14394312,14394312,4096,4096,0,0,2253,2253,4016087288,4016087288,4016087296,4016087296,0,0,0,0,0,0,0,0,4096,256,131072,4,15|4,0,67108864,262144,256,0,0,0,0,276,0,264,0,69,66,0,1,276,0|512,435916843,16,0,0,17301504,0,17301504,0,53220,0,0,66,0,0,0,0,0,0,0,6982472,0,0,0,0,0
1785969617337|1019|stream64_r2f_09|rotating|438,1378943233,33554687,18788490,18528732,18575327,18528732,18575327,18528732,17769,17703,17701,17701,0,0,2262,0,546398934,545320281,4096,4096,0,0,17702,17702,4002453980,4002453961,4002453988,4002453969,0,0,0,0,0,0,0,0,4096,256,131072,4,15|4,0,67108864,262144,256,0,0,0,0,276,0,264,0,69,66,0,1,276,0|512,4047301543,15,17483296,0,0,0,0,0,18565842,0,66,0,961954323,0,961954323,0,2054,951648014,0,15489902,0,0,0,0,0
1785969622339|1019|stream64_r2f_09|fixed|440,1378943233,16781056,24984690,24640024,283461,0,283461,0,6016,0,3008,0,0,0,23538,23538,19217944,19217944,4096,4096,0,0,3008,3008,41253642,41253642,41253650,41253650,0,0,0,0,0,0,0,0,4096,256,131072,4,15|4,0,67108864,262144,256,0,0,0,0,364,0,352,0,91,88,0,1,364,0|514,756203912,16,0,0,23068672,0,23068672,0,71007,0,0,88,0,0,0,0,0,0,0,7028484,0,0,0,0,0
1785969622339|1019|stream64_r2f_09|rotating|440,1378943233,33554687,25056599,24711450,24772382,24711450,24772382,24711450,23696,23609,23606,23606,0,0,3016,0,728679507,727243512,4096,4096,0,0,23607,23607,27466236,27466265,27466244,27466233,0,0,0,0,0,0,0,0,4096,256,131072,4,15|4,0,67108864,262144,256,0,0,0,0,364,0,352,0,91,88,0,1,364,0|514,72578889,16,23305792,0,0,0,0,0,24752589,0,88,0,1280743341,0,1280743341,0,2080,1268730443,0,18345858,0,0,0,0,0
1785969627339|1019|stream64_r2f_09|fixed|442,1378943233,16781056,31256037,30823876,354612,0,354612,0,7526,0,3763,0,0,0,29444,29444,24041576,24041576,4096,4096,0,0,3763,3763,361384071,361384071,361384079,361384079,0,0,0,0,0,0,0,0,4096,256,131072,4,15|4,0,67108864,262144,256,0,0,0,0,452,0,440,0,113,110,0,1,452,0|516,1076210070,16,0,0,28835840,0,28835840,0,88793,0,0,110,0,0,0,0,0,0,0,7078056,0,0,0,0,0
1785969627339|1019|stream64_r2f_09|rotating|442,1378943233,33554687,31331550,30898891,30976189,30898891,30976189,30898891,29627,29518,29515,29515,0,0,3771,0,911085795,909291302,4096,4096,0,0,29516,29516,347659366,347659355,347659374,347659363,0,0,0,0,0,0,0,0,4096,256,131072,4,15|4,0,67108864,262144,256,0,0,0,0,456,0,444,0,114,111,0,1,456,0|516,392649020,16,29129600,0,0,0,0,0,30933911,0,111,0,1599357520,0,1599357520,0,2080,1585507595,0,21327955,0,0,0,0,0
1785969632346|1019|stream64_r2f_09|fixed|444,1378943233,16781056,37533931,37015370,425756,0,425756,0,9036,0,4518,0,0,0,35358,35358,28865216,28865216,4096,4096,0,0,4518,4518,681517112,681517112,681517120,681517120,0,0,0,0,0,0,0,0,4096,256,131072,4,15|5,0,67108864,262144,256,0,0,0,0,544,0,532,0,136,133,0,1,544,0|518,1396489220,16,0,0,34865152,0,34865152,0,106580,0,0,133,0,0,0,0,0,0,0,7125645,0,0,0,0,0
1785969632346|1019|stream64_r2f_09|rotating|444,1378943233,33558272,37606237,37086074,37179539,37086074,37179539,37086074,35561,35428,35426,35426,0,0,4528,0,1093531216,1091362360,4096,4096,0,0,35426,35426,668041882,668042191,668041890,668042199,0,0,0,0,0,0,0,0,4096,256,131072,4,15|4,0,67108864,262144,256,0,0,0,0,544,0,532,0,136,133,0,1,544,0|518,712988607,16,34952096,0,0,0,0,0,37122353,0,133,0,1918241483,0,1918241483,0,2080,1902684665,0,24184215,0,0,0,0,0
1785969637357|1019|stream64_r2f_09|fixed|446,1378943233,16781056,43818167,43212329,497093,0,497093,0,10550,0,5275,0,0,0,41277,41277,33701664,33701664,4096,4096,0,0,5275,5275,1002310304,1002310304,1002310312,1002310312,0,0,0,0,0,0,0,0,4096,256,131072,4,15|4,0,67108864,262144,256,0,0,0,0,632,0,620,0,158,155,0,1,632,0|520,1717534783,16,0,0,40632320,0,40632320,0,124438,0,0,155,0,0,0,0,0,0,0,7173701,0,0,0,0,0
1785969637357|1019|stream64_r2f_09|rotating|446,1378943233,33554687,43888042,43281240,43390101,43281240,43390101,43281240,41501,41347,41343,41343,0,0,5284,0,1276190991,1273661536,4096,4096,0,0,41344,41344,988691103,988691132,988691111,988691092,0,0,0,0,0,0,0,0,4096,256,131072,4,15|4,0,67108864,262144,256,0,0,0,0,632,0,620,0,158,155,0,1,632,0|520,1033378106,16,40782496,0,0,0,0,0,43312822,0,155,0,2237173382,0,2237173382,0,2080,2219914807,0,27037036,0,0,0,0,0
1785969642366|1019|stream64_r2f_09|fixed|448,1378943233,16781056,50099430,49405934,568429,0,568429,0,12064,0,6032,0,0,0,47194,47194,38538096,38538096,4096,4096,0,0,6032,6032,1323299480,1323299480,1323299488,1323299488,0,0,0,0,0,0,0,0,4096,256,131072,4,15|4,0,67108864,262144,256,0,0,0,0,720,0,708,0,180,177,0,1,720,0|522,2037818658,16,0,0,46399488,0,46399488,0,142225,0,0,177,0,0,0,0,0,0,0,7211279,0,0,0,0,0
1785969642366|1019|stream64_r2f_09|rotating|448,1378943233,33554687,50191766,49497118,49622393,49497118,49622393,49497118,47461,47284,47280,47280,0,0,6042,0,1459468064,1456579085,4096,4096,0,0,47281,47281,1310396693,1310396658,1310396669,1310396666,0,0,0,0,0,0,0,0,4096,256,131072,4,15|4,0,67108864,262144,256,0,0,0,0,720,0,708,0,180,177,0,1,720,0|522,1356352096,16,46653244,0,0,0,0,0,49554127,0,177,0,2558679685,0,2558679685,0,2080,2539728624,0,29888999,0,0,0,0,0
1785969647366|1019|stream64_r2f_09|fixed|450,1378943233,16781056,56370045,55588691,639484,0,639484,0,13572,0,6786,0,0,0,53100,53100,43355368,43355368,4096,4096,0,0,6786,6786,1643002212,1643002212,1643002228,1643002228,0,0,0,0,0,0,0,0,4096,256,131072,4,15|4,0,67108864,262144,256,0,0,0,0,808,0,796,0,202,199,0,1,808,0|524,2357855262,16,0,0,52166656,0,52166656,0,160012,0,0,199,0,0,0,0,0,0,0,7262389,0,0,0,0,0
1785969647366|1019|stream64_r2f_09|rotating|450,1378943233,33554687,56450987,55668654,55810563,55668654,55810563,55668654,53379,53180,53176,53176,0,0,6796,0,1641445809,1638198444,4096,4096,0,0,53177,53177,1629859263,1629859260,1629859271,1629859268,0,0,0,0,0,0,0,0,4096,256,131072,4,15|4,0,67108864,262144,256,0,0,0,0,812,0,800,0,203,200,0,1,812,0|524,1675360615,16,52452512,0,0,0,0,0,55713777,0,200,0,2876238387,0,2876238387,0,2080,2855443120,0,32873256,0,0,0,0,0
1785969652373|1019|stream64_r2f_09|fixed|452,1378943233,16781056,62649844,61780907,710724,0,710724,0,15084,0,7542,0,0,0,59014,59014,48185360,48185360,4096,4096,0,0,7542,7542,1963561174,1963561174,1963561182,1963561182,0,0,0,0,0,0,0,0,4096,256,131072,4,15|4,0,67108864,262144,256,0,0,0,0,896,0,884,0,224,221,0,1,896,0|526,2677509718,16,0,0,57933824,0,57933824,0,177775,0,0,221,0,0,0,0,0,0,0,7305712,0,0,0,0,0
1785969652373|1019|stream64_r2f_09|rotating|452,1378943233,33554687,62700170,61830004,61988787,61830004,61988787,61830004,59287,59065,59061,59061,0,0,7549,0,1823123061,1819497920,4096,4096,0,0,59062,59062,1948902184,1948902173,1948902192,1948902181,0,0,0,0,0,0,0,0,4096,256,131072,4,15|4,0,67108864,262144,256,0,0,0,0,900,0,888,0,225,222,0,1,900,0|526,1993757321,16,58243392,0,0,0,0,0,61865400,0,222,0,3193187373,0,3193187373,0,2080,3170682440,0,35725501,0,0,0,0,0
1785969657375|1019|stream64_r2f_09|fixed|454,1378943233,16781056,68919447,67963153,781965,0,781965,0,16596,0,8298,0,0,0,64920,64920,53015416,53015416,4096,4096,0,0,8298,8298,2283929909,2283929909,2283929917,2283929917,0,0,0,0,0,0,0,0,4096,256,131072,4,15|4,0,67108864,262144,256,0,0,0,0,988,0,976,0,247,244,0,1,988,0|528,2998805273,16,0,0,63963136,0,63963136,0,195632,0,0,244,0,0,0,0,0,0,0,7355475,0,0,0,0,0
1785969657375|1019|stream64_r2f_09|rotating|454,1378943233,33554687,68986632,68029619,68203912,68029619,68203912,68029619,65232,64988,64984,64984,0,0,8306,0,2005931256,2001947198,4096,4096,0,0,64985,64985,2269813900,2269813881,2269813892,2269813889,0,0,0,0,0,0,0,0,4096,256,131072,4,15|4,0,67108864,262144,256,0,0,0,0,988,0,976,0,247,244,0,1,988,0|528,2314633077,16,64081696,0,0,0,0,0,68064007,0,244,0,3512603553,0,3512603553,0,2080,3488393149,0,38583733,0,0,0,0,0
1785969665787|1020|stream64_r2f_10|fixed|458,1378943233,16781056,6145069,6060071,69643,0,69643,0,1478,0,739,0,0,0,5793,5793,4721392,4721392,4096,4096,0,0,739,739,2821763801,2821763801,2821763809,2821763809,0,0,0,0,0,0,0,0,4096,256,131072,4,15|4,0,67108864,262144,256,0,0,0,0,96,0,84,0,24,21,0,1,96,0|536,3537066377,16,0,0,5505024,0,5505024,0,17575,0,0,21,0,0,0,0,0,0,0,6892536,0,0,0,0,0
1785969665787|1020|stream64_r2f_10|rotating|458,1378943233,33558272,6217217,6130638,6146634,6130638,6146634,6130638,5885,5862,5861,5861,0,0,749,0,180918752,180556800,4096,4096,0,0,5861,5861,2808342143,2808342476,2808342151,2808342484,0,0,0,0,0,0,0,0,4096,256,131072,4,15|4,0,67108864,262144,256,0,0,0,0,100,0,88,0,25,22,0,1,100,0|536,2853892954,16,5830400,0,0,0,0,0,6182254,0,22,0,323992919,0,323992919,0,2080,317097850,0,9778222,0,0,0,0,0
1785969670791|1020|stream64_r2f_10|fixed|460,1378943233,16781056,12410935,12238624,140882,0,140882,0,2990,0,1495,0,0,0,11703,11703,9551456,9551456,4096,4096,0,0,1495,1495,3142324025,3142324025,3142324033,3142324033,0,0,0,0,0,0,0,0,4096,256,131072,4,15|4,0,67108864,262144,256,0,0,0,0,188,0,176,0,47,44,0,1,188,0|538,3857214384,16,0,0,11534336,0,11534336,0,35362,0,0,44,0,0,0,0,0,0,0,6934208,0,0,0,0,0
1785969670791|1020|stream64_r2f_10|rotating|460,1378943233,33554687,12505942,12331901,12363927,12331901,12363927,12331901,11840,11794,11792,11792,0,0,1507,0,364013641,363292604,4096,4096,0,0,11793,11793,3129748603,3129748616,3129748611,3129748624,0,0,0,0,0,0,0,0,4096,256,131072,4,15|4,0,67108864,262144,256,0,0,0,0,188,0,176,0,47,44,0,1,188,0|538,3176231994,16,11692416,0,0,0,0,0,12401474,0,44,0,644866455,0,644866455,0,2080,636276342,0,12631118,0,0,0,0,0
1785969675800|1020|stream64_r2f_10|fixed|462,1378943233,16781056,18682780,18423336,212124,0,212124,0,4502,0,2251,0,0,0,17618,17618,14381512,14381512,4096,4096,0,0,2251,2251,3462687160,3462687160,3462687168,3462687168,0,0,0,0,0,0,0,0,4096,256,131072,4,15|4,0,67108864,262144,256,0,0,0,0,276,0,264,0,69,66,0,1,276,0|540,4177605566,16,0,0,17301504,0,17301504,0,53172,0,0,66,0,0,0,0,0,0,0,6980525,0,0,0,0,0
1785969675800|1020|stream64_r2f_10|rotating|462,1378943233,33554687,18773140,18512617,18559977,18512617,18559977,18512617,17773,17706,17703,17703,0,0,2262,0,546461576,545380832,4096,4096,0,0,17704,17704,3450022318,3450022283,3450022286,3450022291,0,0,0,0,0,0,0,0,4096,256,131072,4,15|4,0,67108864,262144,256,0,0,0,0,276,0,264,0,69,66,0,1,276,0|540,3494785706,16,17483296,0,0,0,0,0,18548456,0,66,0,961972447,0,961972447,0,2080,951671813,0,15484218,0,0,0,0,0
1785969680812|1020|stream64_r2f_10|fixed|464,1378943233,16781056,24964148,24618652,283461,0,283461,0,6016,0,3008,0,0,0,23541,23541,19217944,19217944,4096,4096,0,0,3008,3008,3783677576,3783677576,3783677584,3783677584,0,0,0,0,0,0,0,0,4096,256,131072,4,15|4,0,67108864,262144,256,0,0,0,0,364,0,352,0,91,88,0,1,364,0|542,204174982,17,0,0,23068672,0,23068672,0,71031,0,0,88,0,0,0,0,0,0,0,7022711,0,0,0,0,0
1785969680812|1020|stream64_r2f_10|rotating|464,1378943233,33557555,25053144,24706847,24768646,24706847,24768646,24706847,23716,23627,23625,23625,0,0,3019,0,729259256,727819718,4096,4096,0,0,23626,23626,3770901904,3770901885,3770901880,3770901893,0,0,0,0,0,0,0,0,4096,256,131072,4,15|4,0,67108864,262144,256,0,0,0,0,364,0,352,0,91,88,0,1,364,0|542,3815616745,16,23321600,0,0,0,0,0,24740820,0,88,0,1281343910,0,1281343910,0,2048,1269342845,0,18337410,0,0,0,0,0
1785969685855|1020|stream64_r2f_10|fixed|466,1378943233,16781056,31287495,30854530,355268,0,355268,0,7540,0,3770,0,0,0,29501,29501,24086288,24086288,4096,4096,0,0,3770,3770,4106816379,4106816379,4106816387,4106816387,0,0,0,0,0,0,0,0,4096,256,131072,4,15|4,0,67108864,262144,256,0,0,0,0,452,0,444,0,114,111,0,1,456,0|544,525651125,17,0,0,29097984,0,29097984,0,88911,0,0,111,0,0,0,0,0,0,0,7061506,0,0,0,0,0
1785969685855|1020|stream64_r2f_10|rotating|466,1378943233,33554687,31336516,30902354,30980683,30902354,30980683,30902354,29662,29550,29547,29547,0,0,3776,0,912080848,910265731,4096,4096,0,0,29548,29548,4091936792,4091936789,4091936800,4091936797,0,0,0,0,0,0,0,0,4096,256,131072,4,15|4,0,67108864,262144,256,0,0,0,0,456,0,444,0,114,111,0,1,456,0|544,4136575971,16,29153312,0,0,0,0,0,30933847,0,111,0,1600845208,0,1600845208,0,2080,1587008811,0,21319509,0,0,0,0,0
1785969690856|1020|stream64_r2f_10|fixed|468,1378943233,16781056,37541993,37022219,426321,0,426321,0,9048,0,4524,0,0,0,35399,35399,28903552,28903552,4096,4096,0,0,4524,4524,131356092,131356092,131356100,131356100,0,0,0,0,0,0,0,0,4096,256,131072,4,15|4,0,67108864,262144,256,0,0,0,0,544,0,532,0,136,133,0,1,544,0|546,847060479,17,0,0,34865152,0,34865152,0,106769,0,0,133,0,0,0,0,0,0,0,7109756,0,0,0,0,0
1785969690856|1020|stream64_r2f_10|rotating|468,1378943233,33554687,37633397,37112536,37206039,37112536,37206039,37112536,35622,35488,35485,35485,0,0,4535,0,1095358120,1093183732,4096,4096,0,0,35486,35486,118693730,118693711,118693698,118693719,0,0,0,0,0,0,0,0,4096,256,131072,4,15|4,0,67108864,262144,256,0,0,0,0,544,0,532,0,136,133,0,1,544,0|546,164204593,17,35023232,0,0,0,0,0,37160465,0,133,0,1921973646,0,1921973646,0,2080,1906439912,0,24176395,0,0,0,0,0
1785969695861|1020|stream64_r2f_10|fixed|470,1378943233,16781056,43817123,43209912,497564,0,497564,0,10560,0,5280,0,0,0,41315,41315,33733640,33733640,4096,4096,0,0,5280,5280,451915110,451915110,451915118,451915118,0,0,0,0,0,0,0,0,4096,256,131072,4,15|4,0,67108864,262144,256,0,0,0,0,632,0,620,0,158,155,0,1,632,0|548,1166731801,17,0,0,40632320,0,40632320,0,124532,0,0,155,0,0,0,0,0,0,0,7156988,0,0,0,0,0
1785969695861|1020|stream64_r2f_10|rotating|470,1378943233,33554687,43896540,43288238,43398032,43288238,43398032,43288238,41549,41393,41390,41390,0,0,5290,0,1277633772,1275098487,4096,4096,0,0,41391,41391,438661091,438661096,438661099,438661104,0,0,0,0,0,0,0,0,4096,256,131072,4,15|4,0,67108864,262144,256,0,0,0,0,632,0,620,0,158,155,0,1,632,0|548,483979135,17,40837824,0,0,0,0,0,43333282,0,155,0,2240294540,0,2240294540,0,2080,2223056924,0,27027947,0,0,0,0,0
1785969700872|1020|stream64_r2f_10|fixed|472,1378943233,16781056,50094538,49398706,568807,0,568807,0,12072,0,6036,0,0,0,47233,47233,38563672,38563672,4096,4096,0,0,6036,6036,772480299,772480299,772480307,772480307,0,0,0,0,0,0,0,0,4096,256,131072,4,15|4,0,67108864,262144,256,0,0,0,0,720,0,708,0,180,177,0,1,720,0|550,1487850418,17,0,0,46399488,0,46399488,0,142366,0,0,177,0,0,0,0,0,0,0,7191183,0,0,0,0,0
1785969700872|1020|stream64_r2f_10|rotating|472,1378943233,33554687,50186028,49489198,49616186,49489198,49616186,49489198,47500,47322,47319,47319,0,0,6047,0,1460659453,1457764640,4096,4096,0,0,47320,47320,759936943,759936932,759936951,759936940,0,0,0,0,0,0,0,0,4096,256,131072,4,15|4,0,67108864,262144,256,0,0,0,0,724,0,712,0,181,178,0,1,724,0|550,804859187,17,46669536,0,0,0,0,0,49524404,0,178,0,2559716664,0,2559716664,0,2080,2540637877,0,30015885,0,0,0,0,0
1785969705886|1020|stream64_r2f_10|fixed|474,1378943233,16781056,56376920,55593556,640142,0,640142,0,13586,0,6793,0,0,0,53156,53156,43400032,43400032,4096,4096,0,0,6793,6793,1093478059,1093478059,1093478067,1093478067,0,0,0,0,0,0,0,0,4096,256,131072,4,15|4,0,67108864,262144,256,0,0,0,0,808,0,800,0,203,200,0,1,812,0|552,1808555085,17,0,0,52428800,0,52428800,0,160200,0,0,200,0,0,0,0,0,0,0,7242883,0,0,0,0,0
1785969705886|1020|stream64_r2f_10|rotating|474,1378943233,33554687,56443460,55658608,55802471,55658608,55802471,55658608,53422,53221,53218,53218,0,0,6802,0,1642757997,1639488336,4096,4096,0,0,53219,53219,1079728310,1079728315,1079728318,1079728299,0,0,0,0,0,0,0,0,4096,256,131072,4,15|4,0,67108864,262144,256,0,0,0,0,812,0,800,0,203,200,0,1,812,0|552,1124398570,17,52484128,0,0,0,0,0,55691513,0,200,0,2877802399,0,2877802399,0,2080,2857010705,0,32876462,0,0,0,0,0
1785969710895|1020|stream64_r2f_10|fixed|476,1378943233,16781056,62653818,61781984,711477,0,711477,0,15100,0,7550,0,0,0,59073,59073,48236488,48236488,4096,4096,0,0,7550,7550,1414274193,1414274193,1414274201,1414274201,0,0,0,0,0,0,0,0,4096,256,131072,4,15|4,0,67108864,262144,256,0,0,0,0,900,0,888,0,225,222,0,1,900,0|554,2128874244,17,0,0,58195968,0,58195968,0,177987,0,0,222,0,0,0,0,0,0,0,7290479,0,0,0,0,0
1785969710895|1020|stream64_r2f_10|rotating|476,1378943233,33554687,62717834,61845287,62005602,61845287,62005602,61845287,59359,59136,59133,59133,0,0,7558,0,1825330633,1821701316,4096,4096,0,0,59134,59134,1400222287,1400222276,1400222295,1400222284,0,0,0,0,0,0,0,0,4096,256,131072,4,15|4,0,67108864,262144,256,0,0,0,0,900,0,888,0,225,222,0,1,900,0|554,1444999536,17,58314528,0,0,0,0,0,61880502,0,222,0,3196945765,0,3196945765,0,2080,3174449337,0,35732260,0,0,0,0,0
1785969715901|1020|stream64_r2f_10|fixed|478,1378943233,16781056,68923972,67964500,782626,0,782626,0,16610,0,8305,0,0,0,64982,64982,53060184,53060184,4096,4096,0,0,8305,8305,1734406905,1734406905,1734406913,1734406913,0,0,0,0,0,0,0,0,4096,256,131072,4,15|4,0,67108864,262144,256,0,0,0,0,988,0,976,0,247,244,0,1,988,0|556,2449259244,17,0,0,63963136,0,63963136,0,195798,0,0,244,0,0,0,0,0,0,0,7331300,0,0,0,0,0
1785969715901|1020|stream64_r2f_10|rotating|478,1378943233,33554687,69003428,68042940,68219858,68042940,68219858,68042940,65305,65061,65057,65057,0,0,8315,0,2008197832,2004208754,4096,4096,0,0,65058,65058,1721221107,1721221104,1721221075,1721221112,0,0,0,0,0,0,0,0,4096,256,131072,4,15|4,0,67108864,262144,256,0,0,0,0,988,0,976,0,247,244,0,1,988,0|556,1766650266,17,64168640,0,0,0,0,0,68090957,0,244,0,3517132967,0,3517132967,0,2080,3492937683,0,38587271,0,0,0,0,0
