captured_ms|sequence|label|role|admission_snapshot_words_csv|ps_runtime_words_csv|pl_perf_snapshot_words_csv
1785943703337|1001|stream128_f2r_01|fixed|2,1378943233,16777471,6144873,6061077,6075121,6061077,6075121,6061077,5810,5788,5787,5787,0,0,739,0,178648180,178305903,4096,4096,0,0,5788,5788,361504948,361504945,361504956,361504953,0,0,0,0,0,0,0,0,4096,256,131072,4,15|4,0,134217728,262144,512,0,0,0,0,96,0,84,0,24,21,0,1,96,0|4,1079192110,0,5757952,0,0,0,0,0,6108967,0,21,0,319794817,0,319794817,0,2054,313019933,0,9645808,0,0,0,0,0
1785943703337|1001|stream128_f2r_01|rotating|2,1378943233,33558272,6215109,6129813,70598,0,70598,0,1496,0,748,0,0,0,5853,5853,4778928,0,4096,0,0,0,748,0,346903392,0,346903400,0,0,0,0,0,0,0,0,0,4096,256,131072,4,15|4,0,134217728,262144,512,0,0,0,0,100,0,88,0,25,22,0,1,100,0|4,392416280,0,0,0,5767168,0,5767168,0,17744,0,0,22,0,0,0,0,0,0,0,6894653,0,0,0,0,0
1785943708344|1001|stream128_f2r_01|fixed|4,1378943233,16780817,12423416,12251943,12282315,12251943,12282315,12251943,11748,11704,11703,11704,0,0,1495,0,361273066,360562824,4096,4096,0,0,11704,11704,682095552,682076637,682095560,682076645,0,0,0,0,0,0,0,0,4096,256,131072,4,15|4,0,134217728,262144,512,0,0,0,0,188,0,176,0,47,44,0,1,188,0|6,1399506234,0,11573856,0,0,0,0,0,12291105,0,44,0,638654965,0,638654965,0,2080,630024974,0,12644288,0,0,0,0,0
1785943708344|1001|stream128_f2r_01|rotating|4,1378943233,33558272,12480740,12308564,141764,0,141764,0,3004,0,1502,0,0,0,11758,11758,9596192,0,4096,0,0,0,1502,0,666746623,0,666746631,0,0,0,0,0,0,0,0,0,4096,256,131072,4,15|4,0,134217728,262144,512,0,0,0,0,188,0,176,0,47,44,0,1,188,0|6,713220116,0,0,0,11534336,0,11534336,0,35606,0,0,44,0,0,0,0,0,0,0,6941747,0,0,0,0,0
1785943713349|1001|stream128_f2r_01|fixed|6,1378943233,16777471,18691470,18434890,18479108,18434890,18479108,18434890,17679,17611,17610,17610,0,0,2250,0,543593280,542519104,4096,4096,0,0,17611,17611,1002275600,1002275597,1002275560,1002275565,0,0,0,0,0,0,0,0,4096,256,131072,4,15|4,0,134217728,262144,512,0,0,0,0,276,0,264,0,69,66,0,1,276,0|8,1719978839,0,17404256,0,0,0,0,0,18481664,0,66,0,957669970,0,957669970,0,2080,947337090,0,15498241,0,0,0,0,0
1785943713349|1001|stream128_f2r_01|rotating|6,1378943233,33558272,18771382,18513803,213308,0,213308,0,4520,0,2260,0,0,0,17685,17685,14439016,0,4096,0,0,0,2260,0,988167717,0,988167725,0,0,0,0,0,0,0,0,0,4096,256,131072,4,15|4,0,134217728,262144,512,0,0,0,0,276,0,264,0,69,66,0,1,276,0|8,1034061550,0,0,0,17301504,0,17301504,0,53469,0,0,66,0,0,0,0,0,0,0,6991326,0,0,0,0,0
1785943718353|1001|stream128_f2r_01|fixed|8,1378943233,16777471,24970189,24625885,24686471,24625885,24686471,24625885,23615,23525,23524,23524,0,0,3006,0,726140388,724707952,4096,4096,0,0,23525,23525,1322735413,1322735434,1322735421,1322735386,0,0,0,0,0,0,0,0,4096,256,131072,4,15|4,0,134217728,262144,512,0,0,0,0,364,0,352,0,91,88,0,1,364,0|10,2040433806,0,23234656,0,0,0,0,0,24672405,0,88,0,1276667337,0,1276667337,0,2080,1264618946,0,18364816,0,0,0,0,0
1785943718353|1001|stream128_f2r_01|rotating|8,1378943233,33558272,25040028,24695019,284474,0,284474,0,6028,0,3014,0,0,0,23590,23590,19256264,0,4096,0,0,0,3014,0,1307882349,0,1307882357,0,0,0,0,0,0,0,0,0,4096,256,131072,4,15|4,0,134217728,262144,512,0,0,0,0,364,0,352,0,91,88,0,1,364,0|10,1354300097,0,0,0,23068672,0,23068672,0,71282,0,0,88,0,0,0,0,0,0,0,7038194,0,0,0,0,0
1785943723362|1001|stream128_f2r_01|fixed|10,1378943233,16781056,31251544,30820421,30896472,30820421,30896472,30820421,29552,29440,29440,29440,0,0,3762,0,908751528,906961416,4096,4096,0,0,29440,29440,1643279510,1643279859,1643279518,1643279867,0,0,0,0,0,0,0,0,4096,256,131072,4,15|4,0,134217728,262144,512,0,0,0,0,452,0,440,0,113,110,0,1,452,0|12,2361124626,0,29065056,0,0,0,0,0,30869250,0,110,0,1595900557,0,1595900557,0,2080,1582143844,0,21224202,0,0,0,0,0
1785943723362|1001|stream128_f2r_01|rotating|10,1378943233,33558272,31322572,30890702,355821,0,355821,0,7540,0,3770,0,0,0,29507,29507,24086288,0,4096,0,0,0,3770,0,1628449357,0,1628449365,0,0,0,0,0,0,0,0,0,4096,256,131072,4,15|5,0,134217728,262144,512,0,0,0,0,456,0,444,0,114,111,0,1,456,0|12,1673932440,0,0,0,29097984,0,29097984,0,89073,0,0,111,0,0,0,0,0,0,0,7084301,0,0,0,0,0
1785943728371|1001|stream128_f2r_01|fixed|12,1378943233,16781056,37531202,37013255,37104783,37013255,37104783,37013255,35489,35355,35355,35355,0,0,4518,0,1091336064,1089187784,4096,4096,0,0,35355,35355,1963799139,1963799464,1963799147,1963799472,0,0,0,0,0,0,0,0,4096,256,131072,4,15|4,0,134217728,262144,512,0,0,0,0,544,0,532,0,136,133,0,1,544,0|14,2680990289,0,34880960,0,0,0,0,0,37045047,0,133,0,1914312244,0,1914312244,0,2080,1898701749,0,24221357,0,0,0,0,0
1785943728371|1001|stream128_f2r_01|rotating|12,1378943233,33558272,37604458,37084976,427271,0,427271,0,9054,0,4527,0,0,0,35424,35424,28922736,0,4096,0,0,0,4527,0,1949256765,0,1949256773,0,0,0,0,0,0,0,0,0,4096,256,131072,4,15|4,0,134217728,262144,512,0,0,0,0,544,0,532,0,136,133,0,1,544,0|14,1994827095,0,0,0,34865152,0,34865152,0,106936,0,0,133,0,0,0,0,0,0,0,7132834,0,0,0,0,0
1785943733372|1001|stream128_f2r_01|fixed|14,1378943233,16777471,43802301,43197007,43304622,43197007,43304622,43197007,41419,41262,41261,41261,0,0,5273,0,1273655686,1271134056,4096,4096,0,0,41262,41262,2283987850,2283987871,2283987858,2283987831,0,0,0,0,0,0,0,0,4096,256,131072,4,15|4,0,134217728,262144,512,0,0,0,0,632,0,620,0,158,155,0,1,632,0|16,3001627282,0,40711360,0,0,0,0,0,43240393,0,155,0,2233491637,0,2233491637,0,2080,2216178110,0,27075453,0,0,0,0,0
1785943733372|1001|stream128_f2r_01|rotating|14,1378943233,33558272,43874094,43267967,498532,0,498532,0,10564,0,5282,0,0,0,41329,41329,33746408,0,4096,0,0,0,5282,0,2269388673,0,2269388681,0,0,0,0,0,0,0,0,0,4096,256,131072,4,15|4,0,134217728,262144,512,0,0,0,0,632,0,620,0,158,155,0,1,632,0|16,2314949783,0,0,0,40632320,0,40632320,0,124751,0,0,155,0,0,0,0,0,0,0,7181396,0,0,0,0,0
1785943738384|1001|stream128_f2r_01|fixed|16,1378943233,16777471,50087094,49394731,49517964,49394731,49517964,49394731,47361,47183,47181,47181,0,0,6030,0,1456392384,1453512595,4096,4096,0,0,47182,47182,2604774830,2604774835,2604774838,2604774843,0,0,0,0,0,0,0,0,4096,256,131072,4,15|4,0,134217728,262144,512,0,0,0,0,720,0,708,0,180,177,0,1,720,0|18,3322396475,0,46549664,0,0,0,0,0,49437840,0,177,0,2552801254,0,2552801254,0,2080,2533774886,0,29941055,0,0,0,0,0
1785943738384|1001|stream128_f2r_01|rotating|16,1378943233,33558272,50167785,49474482,569980,0,569980,0,12078,0,6039,0,0,0,47257,47257,38582816,0,4096,0,0,0,6039,0,2590391652,0,2590391660,0,0,0,0,0,0,0,0,0,4096,256,131072,4,15|4,0,134217728,262144,512,0,0,0,0,720,0,708,0,180,177,0,1,720,0|18,2636368151,0,0,0,46399488,0,46399488,0,142635,0,0,177,0,0,0,0,0,0,0,7222042,0,0,0,0,0
1785943743392|1001|stream128_f2r_01|fixed|18,1378943233,16777471,56362286,55585317,55721803,55585317,55721803,55585317,53300,53100,53099,53099,0,0,6786,0,1639052212,1635814351,4096,4096,0,0,53099,53099,2925418286,2925418595,2925418294,2925418611,0,0,0,0,0,0,0,0,4096,256,131072,4,15|4,0,134217728,262144,512,0,0,0,0,808,0,796,0,202,199,0,1,808,0|20,3643148782,0,52380064,0,0,0,0,0,55628466,0,199,0,2872095961,0,2872095961,0,2080,2851355468,0,32806244,0,0,0,0,0
1785943743392|1001|stream128_f2r_01|rotating|18,1378943233,33558272,56442624,55664762,641422,0,641422,0,13592,0,6796,0,0,0,53174,53174,43419224,0,4096,0,0,0,6796,0,2911394234,0,2911394242,0,0,0,0,0,0,0,0,0,4096,256,131072,4,15|5,0,134217728,262144,512,0,0,0,0,812,0,800,0,203,200,0,1,812,0|20,2957156082,0,0,0,52428800,0,52428800,0,160497,0,0,200,0,0,0,0,0,0,0,7270768,0,0,0,0,0
1785943748398|1001|stream128_f2r_01|fixed|20,1378943233,16777471,62628398,61765169,61916659,61765169,61916659,61765169,59230,59008,59007,59007,0,0,7541,0,1821420497,1817823260,4096,4096,0,0,59007,59007,3245561385,3245561718,3245561401,3245561734,0,0,0,0,0,0,0,0,4096,256,131072,4,15|4,0,134217728,262144,512,0,0,0,0,896,0,884,0,224,221,0,1,900,0|22,3963342769,0,58203872,0,0,0,0,0,61805755,0,222,0,3190833996,0,3190833996,0,2080,3168241944,0,35802873,0,0,0,0,0
1785943748398|1001|stream128_f2r_01|rotating|20,1378943233,33558272,62699712,61835039,712587,0,712587,0,15100,0,7550,0,0,0,59074,59074,48236488,0,4096,0,0,0,7550,0,3230911797,0,3230911805,0,0,0,0,0,0,0,0,0,4096,256,131072,4,15|4,0,134217728,262144,512,0,0,0,0,900,0,888,0,225,222,0,1,900,0|22,3276242687,0,0,0,58195968,0,58195968,0,178241,0,0,222,0,0,0,0,0,0,0,7312857,0,0,0,0,0
1785943753414|1001|stream128_f2r_01|fixed|22,1378943233,16777471,68914088,67962929,68130808,67962929,68130808,67962929,65178,64934,64931,64931,0,0,8299,0,2004300620,2000329455,4096,4096,0,0,64932,64932,3566741047,3566741020,3566741055,3566741028,0,0,0,0,0,0,0,0,4096,256,131072,4,15|4,0,134217728,262144,512,0,0,0,0,988,0,976,0,247,244,0,1,988,0|24,4284374965,0,64042176,0,0,0,0,0,68003603,0,244,0,3510406616,0,3510406616,0,2080,3486090967,0,38679231,0,0,0,0,0
1785943753414|1001|stream128_f2r_01|rotating|22,1378943233,33558272,68978876,68026770,784038,0,784038,0,16614,0,8307,0,0,0,64992,64992,53072968,0,4096,0,0,0,8307,0,3551925563,0,3551925571,0,0,0,0,0,0,0,0,0,4096,256,131072,4,15|4,0,134217728,262144,512,0,0,0,0,988,0,976,0,247,244,0,1,988,0|24,3597219738,0,0,0,63963136,0,63963136,0,196104,0,0,244,0,0,0,0,0,0,0,7347958,0,0,0,0,0
1785943758425|1001|stream128_f2r_01|fixed|24,1378943233,16777471,75194419,74156022,74339783,74156022,74339783,74156022,71116,70850,70847,70847,0,0,9055,0,2186912960,2182583304,4096,4096,0,0,70848,70848,3887302648,3887302645,3887302608,3887302621,0,0,0,0,0,0,0,0,4096,256,131072,4,15|4,0,134217728,262144,512,0,0,0,0,1076,0,1064,0,269,266,0,1,1076,0|26,310751767,1,69880480,0,0,0,0,0,74212093,0,266,0,3830291138,0,3830291138,0,2080,3804270956,0,41536525,0,0,0,0,0
1785943758425|1001|stream128_f2r_01|rotating|24,1378943233,33558272,75291429,74251920,855676,0,855676,0,18132,0,9066,0,0,0,70938,70938,57922136,0,4096,0,0,0,9066,0,3873779782,0,3873779790,0,0,0,0,0,0,0,0,0,4096,256,131072,4,15|4,0,134217728,262144,512,0,0,0,0,1076,0,1064,0,269,266,0,1,1076,0|26,3919069632,0,0,0,69730304,0,69730304,0,214012,0,0,266,0,0,0,0,0,0,0,7393122,0,0,0,0,0
1785943763435|1001|stream128_f2r_01|fixed|26,1378943233,16777471,81476079,80350134,80550089,80350134,80550089,80350134,77055,76767,76764,76764,0,0,9811,0,2369551377,2364862496,4096,4096,0,0,76765,76765,4207918990,4207918995,4207918998,4207918955,0,0,0,0,0,0,0,0,4096,256,131072,4,15|4,0,134217728,262144,512,0,0,0,0,1164,0,1152,0,291,288,0,1,1164,0|28,630769416,1,75702976,0,0,0,0,0,80394911,0,288,0,4148853163,0,4148853163,0,2080,4121117130,0,44401743,0,0,0,0,0
1785943763435|1001|stream128_f2r_01|rotating|26,1378943233,33558272,81565909,80438903,927023,0,927023,0,19644,0,9822,0,0,0,76848,76848,62752160,0,4096,0,0,0,9822,0,4194352631,0,4194352639,0,0,0,0,0,0,0,0,0,4096,256,131072,4,15|5,0,134217728,262144,512,0,0,0,0,1168,0,1156,0,292,289,0,1,1168,0|28,4239681025,0,0,0,75759616,0,75759616,0,231873,0,0,289,0,0,0,0,0,0,0,7437192,0,0,0,0,0
1785943768450|1001|stream128_f2r_01|fixed|28,1378943233,16777471,87763358,86551320,86765925,86551320,86765925,86551320,83003,82693,82690,82690,0,0,10568,0,2552486443,2547438894,4096,4096,0,0,82691,82691,234086251,234086232,234086259,234086240,0,0,0,0,0,0,0,0,4096,256,131072,4,15|4,0,134217728,262144,512,0,0,0,0,1256,0,1244,0,314,311,0,1,1256,0|30,951820759,1,81542592,0,0,0,0,0,86590319,0,311,0,173477306,1,173477306,1,2080,143884398,1,47407082,0,0,0,0,0
1785943768450|1001|stream128_f2r_01|rotating|28,1378943233,33558272,87826424,86612919,998188,0,998188,0,21152,0,10576,0,0,0,82750,82750,67569424,0,4096,0,0,0,10576,0,218911614,0,218911622,0,0,0,0,0,0,0,0,0,4096,256,131072,4,15|4,0,134217728,262144,512,0,0,0,0,1256,0,1244,0,314,311,0,1,1256,0|30,264653286,1,0,0,81526784,0,81526784,0,249665,0,0,311,0,0,0,0,0,0,0,7487291,0,0,0,0,0
1785943773454|1001|stream128_f2r_01|fixed|30,1378943233,16781056,94035597,92736254,92966811,92736254,92966811,92736254,88934,88601,88599,88599,0,0,11324,0,2734866464,2729444504,4096,4096,0,0,88599,88599,554376267,554376584,554376275,554376592,0,0,0,0,0,0,0,0,4096,256,131072,4,15|4,0,134217728,262144,512,0,0,0,0,1344,0,1332,0,336,333,0,1,1344,0|32,1272141803,1,87365088,0,0,0,0,0,92778237,0,333,0,492342726,1,492342726,1,2080,461025237,1,50281030,0,0,0,0,0
1785943773454|1001|stream128_f2r_01|rotating|30,1378943233,33558272,94104452,92804444,1069544,0,1069544,0,22664,0,11332,0,0,0,88663,88663,72399512,0,4096,0,0,0,11332,0,539493207,0,539493215,0,0,0,0,0,0,0,0,0,4096,256,131072,4,15|4,0,134217728,262144,512,0,0,0,0,1344,0,1332,0,336,333,0,1,1344,0|32,584893743,1,0,0,87293952,0,87293952,0,267504,0,0,333,0,0,0,0,0,0,0,7533765,0,0,0,0,0
1785943778461|1001|stream128_f2r_01|fixed|32,1378943233,16777471,100311936,98926222,99171794,98926222,99171794,98926222,94868,94513,94510,94510,0,0,12080,0,2917353852,2911571319,4096,4096,0,0,94511,94511,874719556,874719577,874719564,874719585,0,0,0,0,0,0,0,0,4096,256,131072,4,15|4,0,134217728,262144,512,0,0,0,0,1432,0,1420,0,358,355,0,1,1432,0|34,1592582646,1,93195488,0,0,0,0,0,98970229,0,355,0,811325969,1,811325969,1,2080,778308727,1,53131847,0,0,0,0,0
1785943778461|1001|stream128_f2r_01|rotating|32,1378943233,33558272,100386755,99000315,1140899,0,1140899,0,24176,0,12088,0,0,0,94581,94581,77229544,0,4096,0,0,0,12088,0,860051656,0,860051664,0,0,0,0,0,0,0,0,0,4096,256,131072,4,15|4,0,134217728,262144,512,0,0,0,0,1432,0,1420,0,358,355,0,1,1432,0|34,905418598,1,0,0,93061120,0,93061120,0,285319,0,0,355,0,0,0,0,0,0,0,7575539,0,0,0,0,0
1785943783464|1001|stream128_f2r_01|fixed|34,1378943233,16781056,106585702,105112797,105374300,105112797,105374300,105112797,100799,100423,100420,100420,0,0,12835,0,3099756080,3093615304,4096,4096,0,0,100420,100420,1194909326,1194909667,1194909334,1194909675,0,0,0,0,0,0,0,0,4096,256,131072,4,15|4,0,134217728,262144,512,0,0,0,0,1520,0,1508,0,380,377,0,1,1520,0|36,1912631016,1,99017984,0,0,0,0,0,105153924,0,377,0,1129918715,1,1129918715,1,2080,1095192728,1,55989959,0,0,0,0,0
1785943783464|1001|stream128_f2r_01|rotating|34,1378943233,33558272,106662137,105188306,1212250,0,1212250,0,25688,0,12844,0,0,0,100492,100492,82059520,0,4096,0,0,0,12844,0,1180617390,0,1180617398,0,0,0,0,0,0,0,0,0,4096,256,131072,4,15|4,0,134217728,262144,512,0,0,0,0,1520,0,1508,0,380,377,0,1,1520,0|36,1225794838,1,0,0,98828288,0,98828288,0,303156,0,0,377,0,0,0,0,0,0,0,7622009,0,0,0,0,0
1785943788469|1001|stream128_f2r_01|fixed|36,1378943233,16777471,112859794,111300067,111577134,111300067,111577134,111300067,106733,106335,106331,106331,0,0,13590,0,3282217793,3275717752,4096,4096,0,0,106332,106332,1515224024,1515224045,1515224032,1515224029,0,0,0,0,0,0,0,0,4096,256,131072,4,15|4,0,134217728,262144,512,0,0,0,0,1608,0,1596,0,402,399,0,1,1608,0|38,2232914893,1,104840480,0,0,0,0,0,111340613,0,399,0,1448746968,1,1448746968,1,2080,1412313575,1,58846732,0,0,0,0,0
1785943788469|1001|stream128_f2r_01|rotating|36,1378943233,33558272,112933010,111371727,1283600,0,1283600,0,27200,0,13600,0,0,0,106400,106400,86889600,0,4096,0,0,0,13600,0,1500857971,0,1500857979,0,0,0,0,0,0,0,0,0,4096,256,131072,4,15|4,0,134217728,262144,512,0,0,0,0,1612,0,1600,0,403,400,0,1,1612,0|38,1546137869,1,0,0,104857600,0,104857600,0,320994,0,0,400,0,0,0,0,0,0,0,7666690,0,0,0,0,0
1785943793481|1001|stream128_f2r_01|fixed|38,1378943233,16781056,119145842,117497921,117791644,117497921,117791644,117497921,112675,112255,112252,112252,0,0,14348,0,3464985776,3458110464,4096,4096,0,0,112252,112252,1836039381,1836017962,1836039389,1836017970,0,0,0,0,0,0,0,0,4096,256,131072,4,15|4,0,134217728,262144,512,0,0,0,0,1700,0,1688,0,425,422,0,1,1700,0|40,2553990935,1,110680096,0,0,0,0,0,117540878,0,422,0,1768363106,1,1768363106,1,2080,1730088613,1,61836296,0,0,0,0,0
1785943793481|1001|stream128_f2r_01|rotating|38,1378943233,33558272,119214820,117566285,1354955,0,1354955,0,28712,0,14356,0,0,0,112317,112317,91719656,0,4096,0,0,0,14356,0,1821551841,0,1821551849,0,0,0,0,0,0,0,0,0,4096,256,131072,4,15|4,0,134217728,262144,512,0,0,0,0,1700,0,1688,0,425,422,0,1,1700,0|40,1866733144,1,0,0,110624768,0,110624768,0,338833,0,0,422,0,0,0,0,0,0,0,7712187,0,0,0,0,0
1785943798489|1001|stream128_f2r_01|fixed|40,1378943233,16777471,125425911,123690776,124000453,123690776,124000453,123690776,118613,118170,118166,118166,0,0,15103,0,3647559722,3640325448,4096,4096,0,0,118167,118167,2156682971,2156682992,2156682979,2156682968,0,0,0,0,0,0,0,0,4096,256,131072,4,15|4,0,134217728,262144,512,0,0,0,0,1788,0,1776,0,447,444,0,1,1788,0|42,2874462317,1,116502592,0,0,0,0,0,123732357,0,444,0,2087378864,1,2087378864,1,2080,2047382573,1,64707461,0,0,0,0,0
1785943798489|1001|stream128_f2r_01|rotating|40,1378943233,33558272,125495188,123759195,1426310,0,1426310,0,30224,0,15112,0,0,0,118232,118232,96549688,0,4096,0,0,0,15112,0,2142130643,0,2142130651,0,0,0,0,0,0,0,0,0,4096,256,131072,4,15|4,0,134217728,262144,512,0,0,0,0,1788,0,1776,0,447,444,0,1,1788,0|42,2187193339,1,0,0,116391936,0,116391936,0,356672,0,0,444,0,0,0,0,0,0,0,7757783,0,0,0,0,0
1785943803509|1001|stream128_f2r_01|fixed|42,1378943233,16781056,131716775,129896101,130219772,129896101,130219772,129896101,124561,124097,124093,124093,0,0,15861,0,3830493048,3822900472,4096,4096,0,0,124093,124093,2477799104,2477799437,2477799112,2477799445,0,0,0,0,0,0,0,0,4096,256,131072,4,15|4,0,134217728,262144,512,0,0,0,0,1876,0,1864,0,469,466,0,1,1876,0|44,3196239772,1,122356704,0,0,0,0,0,129949717,0,466,0,2407692791,1,2407692791,1,2080,2365989225,1,67570891,0,0,0,0,0
1785943803509|1001|stream128_f2r_01|rotating|42,1378943233,33558272,131810730,129989009,1498037,0,1498037,0,31744,0,15872,0,0,0,124181,124181,101405240,0,4096,0,0,0,15872,0,2464420782,0,2464420790,0,0,0,0,0,0,0,0,0,4096,256,131072,4,15|4,0,134217728,262144,512,0,0,0,0,1876,0,1864,0,469,466,0,1,1876,0|44,2509639301,1,0,0,122159104,0,122159104,0,374603,0,0,466,0,0,0,0,0,0,0,7803268,0,0,0,0,0
1785943808538|1001|stream128_f2r_01|fixed|44,1378943233,16777471,138024322,136116250,136455687,136116250,136455687,136116250,130524,130038,130033,130033,0,0,16620,0,4013857200,4005905341,4096,4096,0,0,130034,130034,2799699443,2799699424,2799699435,2799699432,0,0,0,0,0,0,0,0,4096,256,131072,4,15|4,0,134217728,262144,512,0,0,0,0,1968,0,1956,0,492,489,0,1,1968,0|46,3521766298,1,128275360,0,0,0,0,0,136237176,0,489,0,2731739653,1,2731739653,1,2080,2688198902,1,70573510,0,0,0,0,0
1785943808538|1001|stream128_f2r_01|rotating|44,1378943233,33558272,138176797,136266353,1570338,0,1570338,0,33276,0,16638,0,0,0,130176,130176,106299224,0,4096,0,0,0,16638,0,2789101550,0,2789101558,0,0,0,0,0,0,0,0,0,4096,256,131072,4,15|4,0,134217728,262144,512,0,0,0,0,1968,0,1956,0,492,489,0,1,1968,0|46,2838555406,1,0,0,128188416,0,128188416,0,392914,0,0,489,0,0,0,0,0,0,0,7853976,0,0,0,0,0
1785943813547|1001|stream128_f2r_01|fixed|46,1378943233,16781056,144307651,142311495,142667568,142311495,142667568,142311495,136465,135956,135952,135952,0,0,17377,0,4196555136,4188229440,4096,4096,0,0,135952,135952,3120525526,3120525843,3120525534,3120525851,0,0,0,0,0,0,0,0,4096,256,131072,4,15|4,0,134217728,262144,512,0,0,0,0,2048,0,2044,0,512,511,0,1,2048,0|48,3838227697,1,134034624,0,0,0,0,0,142349965,0,511,0,3046761236,1,3046761236,1,2080,3001493203,1,73436583,0,0,0,0,0
1785943813547|1001|stream128_f2r_01|rotating|46,1378943233,33558272,144372957,142375905,1640746,0,1640746,0,34768,0,17384,0,0,0,136013,136013,111065384,0,4096,0,0,0,17384,0,3105374586,0,3105374594,0,0,0,0,0,0,0,0,0,4096,256,131072,4,15|4,0,134217728,262144,512,0,0,0,0,2048,0,2044,0,512,511,0,1,2048,0|48,3151799131,1,0,0,133955584,0,133955584,0,410352,0,0,511,0,0,0,0,0,0,0,7903367,0,0,0,0,0
1785943819629|1002|stream128_f2r_02|fixed|50,1378943233,16779144,6150325,6065167,6080573,6065167,6080573,6065167,5814,5793,5792,5792,0,0,739,0,178786864,178444280,4096,4096,0,0,5792,5792,3509721158,3509721467,3509721166,3509721483,0,0,0,0,0,0,0,0,4096,256,131072,4,15|4,0,134217728,262144,512,0,0,0,0,96,0,84,0,24,21,0,1,96,0|56,4227572996,1,5757952,0,0,0,0,0,6116845,0,21,0,320196390,0,320196390,0,2048,313415011,0,9652217,0,0,0,0,0
1785943819629|1002|stream128_f2r_02|rotating|50,1378943233,33558272,6217055,6130423,70598,0,70598,0,1496,0,748,0,0,0,5854,5854,4778928,0,4096,0,0,0,748,0,3494891162,0,3494891170,0,0,0,0,0,0,0,0,0,4096,256,131072,4,15|4,0,134217728,262144,512,0,0,0,0,100,0,88,0,25,22,0,1,100,0|56,3540316038,1,0,0,5767168,0,5767168,0,17744,0,0,22,0,0,0,0,0,0,0,6894172,0,0,0,0,0
1785943824641|1002|stream128_f2r_02|fixed|52,1378943233,16781056,12426191,12253115,12284995,12253115,12284995,12253115,11751,11707,11706,11706,0,0,1496,0,361341000,360621984,4096,4096,0,0,11706,11706,3830319016,3830319349,3830319024,3830319357,0,0,0,0,0,0,0,0,4096,256,131072,4,15|4,0,134217728,262144,512,0,0,0,0,188,0,176,0,47,44,0,1,188,0|58,253068158,2,11589664,0,0,0,0,0,12301483,0,44,0,639200920,0,639200920,0,2080,630563741,0,12654784,0,0,0,0,0
1785943824641|1002|stream128_f2r_02|rotating|52,1378943233,33558272,12501485,12327551,142048,0,142048,0,3010,0,1505,0,0,0,11777,11777,9615384,0,4096,0,0,0,1505,0,3816027809,0,3816027817,0,0,0,0,0,0,0,0,0,4096,256,131072,4,15|4,0,134217728,262144,512,0,0,0,0,188,0,176,0,47,44,0,1,188,0|58,3861308013,1,0,0,11534336,0,11534336,0,35606,0,0,44,0,0,0,0,0,0,0,6935551,0,0,0,0,0
1785943829647|1002|stream128_f2r_02|fixed|54,1378943233,16777471,18704597,18444812,18492046,18444812,18492046,18444812,17690,17624,17621,17621,0,0,2252,0,543938424,542859896,4096,4096,0,0,17622,17622,4150875571,4150875600,4150875579,4150875568,0,0,0,0,0,0,0,0,4096,256,131072,4,15|4,0,134217728,262144,512,0,0,0,0,276,0,264,0,69,66,0,1,276,0|60,573558481,2,17412160,0,0,0,0,0,18491973,0,66,0,958235619,0,958235619,0,2080,947879158,0,15523433,0,0,0,0,0
1785943829647|1002|stream128_f2r_02|rotating|54,1378943233,33558272,18772106,18511538,213308,0,213308,0,4520,0,2260,0,0,0,17685,17685,14439016,0,4096,0,0,0,2260,0,4136174310,0,4136174318,0,0,0,0,0,0,0,0,0,4096,256,131072,4,15|4,0,134217728,262144,512,0,0,0,0,276,0,264,0,69,66,0,1,276,0|60,4181396289,1,0,0,17301504,0,17301504,0,53421,0,0,66,0,0,0,0,0,0,0,6978367,0,0,0,0,0
1785943834656|1002|stream128_f2r_02|fixed|56,1378943233,16777471,24986875,24640080,24702969,24640080,24702969,24640080,23629,23541,23538,23538,0,0,3008,0,726597730,725160365,4096,4096,0,0,23539,23539,176549958,176549955,176549966,176549963,0,0,0,0,0,0,0,0,4096,256,131072,4,15|4,0,134217728,262144,512,0,0,0,0,364,0,352,0,91,88,0,1,364,0|62,894925426,2,23258368,0,0,0,0,0,24700595,0,88,0,1278141012,0,1278141012,0,2080,1266076045,0,18386397,0,0,0,0,0
1785943834656|1002|stream128_f2r_02|rotating|56,1378943233,33558272,25086569,24738819,285035,0,285035,0,6040,0,3020,0,0,0,23633,23633,19294568,0,4096,0,0,0,3020,0,163496669,0,163496677,0,0,0,0,0,0,0,0,0,4096,256,131072,4,15|4,0,134217728,262144,512,0,0,0,0,368,0,356,0,92,89,0,1,368,0|62,209307279,2,0,0,23330816,0,23330816,0,71400,0,0,89,0,0,0,0,0,0,0,7024296,0,0,0,0,0
1785943839660|1002|stream128_f2r_02|fixed|58,1378943233,16781056,31258315,30824291,30903149,30824291,30903149,30824291,29558,29447,29445,29445,0,0,3763,0,908909752,907114552,4096,4096,0,0,29445,29445,496594088,496594429,496594096,496594437,0,0,0,0,0,0,0,0,4096,256,131072,4,15|4,0,134217728,262144,512,0,0,0,0,452,0,440,0,113,110,0,1,452,0|64,1214323639,2,29072960,0,0,0,0,0,30871627,0,110,0,1596085577,0,1596085577,0,2080,1582296636,0,21258041,0,0,0,0,0
1785943839660|1002|stream128_f2r_02|rotating|58,1378943233,33558272,31330474,30895585,355915,0,355915,0,7542,0,3771,0,0,0,29513,29513,24092680,0,4096,0,0,0,3771,0,481927089,0,481927097,0,0,0,0,0,0,0,0,0,4096,256,131072,4,15|5,0,134217728,262144,512,0,0,0,0,456,0,444,0,114,111,0,1,456,0|64,527203758,2,0,0,29097984,0,29097984,0,89097,0,0,111,0,0,0,0,0,0,0,7065907,0,0,0,0,0
1785943844668|1002|stream128_f2r_02|fixed|60,1378943233,16777471,37542238,37021797,37115725,37021797,37115725,37021797,35501,35367,35364,35364,0,0,4519,0,1091626721,1089471128,4096,4096,0,0,35365,35365,817352324,817352345,817352332,817352305,0,0,0,0,0,0,0,0,4096,256,131072,4,15|4,0,134217728,262144,512,0,0,0,0,544,0,532,0,136,133,0,1,544,0|66,1534915391,2,34896768,0,0,0,0,0,37062025,0,133,0,1915221377,0,1915221377,0,2080,1899586093,0,24249454,0,0,0,0,0
1785943844668|1002|stream128_f2r_02|rotating|60,1378943233,33558272,37622565,37100282,427459,0,427459,0,9058,0,4529,0,0,0,35439,35439,28935520,0,4096,0,0,0,4529,0,803158529,0,803158537,0,0,0,0,0,0,0,0,0,4096,256,131072,4,15|4,0,134217728,262144,512,0,0,0,0,544,0,532,0,136,133,0,1,544,0|66,849164598,2,0,0,34865152,0,34865152,0,107007,0,0,133,0,0,0,0,0,0,0,7108912,0,0,0,0,0
1785943849676|1002|stream128_f2r_02|fixed|62,1378943233,16777471,43816110,43207764,43318241,43207764,43318241,43207764,41433,41276,41273,41273,0,0,5275,0,1274024304,1271492944,4096,4096,0,0,41274,41274,1137664481,1137664470,1137664457,1137664478,0,0,0,0,0,0,0,0,4096,256,131072,4,15|4,0,134217728,262144,512,0,0,0,0,632,0,620,0,158,155,0,1,632,0|68,1855197131,2,40719264,0,0,0,0,0,43250177,0,155,0,2234047493,0,2234047493,0,2080,2216704057,0,27106973,0,0,0,0,0
1785943849676|1002|stream128_f2r_02|rotating|62,1378943233,33558272,43887989,43278904,498626,0,498626,0,10566,0,5283,0,0,0,41341,41341,33752784,0,4096,0,0,0,5283,0,1122864115,0,1122864131,0,0,0,0,0,0,0,0,0,4096,256,131072,4,15|4,0,134217728,262144,512,0,0,0,0,632,0,620,0,158,155,0,1,632,0|68,1168325184,2,0,0,40632320,0,40632320,0,124774,0,0,155,0,0,0,0,0,0,0,7150045,0,0,0,0,0
1785943854690|1002|stream128_f2r_02|fixed|64,1378943233,16777471,50103736,49407716,49534417,49407716,49534417,49407716,47377,47198,47195,47195,0,0,6032,0,1456823898,1453933261,4096,4096,0,0,47196,47196,1458557501,1458557498,1458557509,1458557506,0,0,0,0,0,0,0,0,4096,256,131072,4,15|4,0,134217728,262144,512,0,0,0,0,720,0,708,0,180,177,0,1,720,0|70,2175762270,2,46549664,0,0,0,0,0,49444183,0,177,0,2553155032,0,2553155032,0,2080,2534098006,0,29971627,0,0,0,0,0
1785943854690|1002|stream128_f2r_02|rotating|64,1378943233,33558272,50178093,49481229,570075,0,570075,0,12080,0,6040,0,0,0,47265,47265,38589200,0,4096,0,0,0,6040,0,1443866188,0,1443866196,0,0,0,0,0,0,0,0,0,4096,256,131072,4,15|4,0,134217728,262144,512,0,0,0,0,720,0,708,0,180,177,0,1,720,0|70,1489273169,2,0,0,46399488,0,46399488,0,142635,0,0,177,0,0,0,0,0,0,0,7193117,0,0,0,0,0
1785943859691|1002|stream128_f2r_02|fixed|66,1378943233,16777471,56376953,55596155,55736375,55596155,55736375,55596155,53309,53108,53105,53105,0,0,6787,0,1639250749,1636000680,4096,4096,0,0,53106,53106,1778804056,1778804061,1778804064,1778804077,0,0,0,0,0,0,0,0,4096,256,131072,4,15|4,0,134217728,262144,512,0,0,0,0,808,0,796,0,202,199,0,1,808,0|72,2495398368,2,52364256,0,0,0,0,0,55619117,0,199,0,2871337482,0,2871337482,0,2080,2850562452,0,32837301,0,0,0,0,0
1785943859691|1002|stream128_f2r_02|rotating|66,1378943233,33558272,56434285,55652681,641234,0,641234,0,13588,0,6794,0,0,0,53159,53159,43406432,0,4096,0,0,0,6794,0,1763579978,0,1763579986,0,0,0,0,0,0,0,0,0,4096,256,131072,4,15|4,0,134217728,262144,512,0,0,0,0,808,0,796,0,202,199,0,1,808,0|72,1808668366,2,0,0,52166656,0,52166656,0,160402,0,0,199,0,0,0,0,0,0,0,7237749,0,0,0,0,0
1785943864692|1002|stream128_f2r_02|fixed|68,1378943233,16777471,62646006,61779250,61934267,61779250,61934267,61779250,59235,59012,59010,59010,0,0,7541,0,1821523513,1817915020,4096,4096,0,0,59010,59010,2098760121,2098760478,2098760129,2098760486,0,0,0,0,0,0,0,0,4096,256,131072,4,15|4,0,134217728,262144,512,0,0,0,0,900,0,888,0,225,222,0,1,900,0|74,2817043228,2,58211776,0,0,0,0,0,61830825,0,222,0,3191520462,0,3191520462,0,2080,3168907400,0,35825494,0,0,0,0,0
1785943864692|1002|stream128_f2r_02|rotating|68,1378943233,33558272,62738244,61869506,712872,0,712872,0,15106,0,7553,0,0,0,59096,59096,48255672,0,4096,0,0,0,7553,0,2085237967,0,2085237975,0,0,0,0,0,0,0,0,0,4096,256,131072,4,15|4,0,134217728,262144,512,0,0,0,0,900,0,888,0,225,222,0,1,900,0|74,2131175176,2,0,0,58195968,0,58195968,0,178360,0,0,222,0,0,0,0,0,0,0,7280649,0,0,0,0,0
1785943869698|1002|stream128_f2r_02|fixed|70,1378943233,16781056,68920323,67966922,68137138,67966922,68137138,67966922,65168,64922,64920,64920,0,0,8298,0,2003954584,1999971432,4096,4096,0,0,64920,64920,2419131409,2419131734,2419131417,2419131742,0,0,0,0,0,0,0,0,4096,256,131072,4,15|4,0,134217728,262144,512,0,0,0,0,988,0,976,0,247,244,0,1,988,0|76,3136849164,2,64026368,0,0,0,0,0,68009588,0,244,0,3509872750,0,3509872750,0,2080,3485544948,0,38687904,0,0,0,0,0
1785943869698|1002|stream128_f2r_02|rotating|70,1378943233,33558272,68992558,68038201,783943,0,783943,0,16612,0,8306,0,0,0,64988,64988,53066576,0,4096,0,0,0,8306,0,2404518696,0,2404518704,0,0,0,0,0,0,0,0,0,4096,256,131072,4,15|4,0,134217728,262144,512,0,0,0,0,988,0,976,0,247,244,0,1,988,0|76,2449884696,2,0,0,63963136,0,63963136,0,196080,0,0,244,0,0,0,0,0,0,0,7329574,0,0,0,0,0
1785943874703|1002|stream128_f2r_02|fixed|72,1378943233,16777471,75196471,74155350,74342025,74155350,74342025,74155350,71102,70834,70831,70831,0,0,9053,0,2186436912,2182095841,4096,4096,0,0,70832,70832,2739494848,2739494813,2739494800,2739494821,0,0,0,0,0,0,0,0,4096,256,131072,4,15|4,0,134217728,262144,512,0,0,0,0,1076,0,1064,0,269,266,0,1,1076,0|78,3457226754,2,69856768,0,0,0,0,0,74198692,0,266,0,3828792740,0,3828792740,0,2080,3802739169,0,41564737,0,0,0,0,0
1785943874703|1002|stream128_f2r_02|rotating|72,1378943233,33558272,75271486,74229609,855298,0,855298,0,18124,0,9062,0,0,0,70902,70902,57896608,0,4096,0,0,0,9062,0,2725103171,0,2725103179,0,0,0,0,0,0,0,0,0,4096,256,131072,4,15|4,0,134217728,262144,512,0,0,0,0,1076,0,1064,0,269,266,0,1,1076,0|78,2770256924,2,0,0,69730304,0,69730304,0,213919,0,0,266,0,0,0,0,0,0,0,7374182,0,0,0,0,0
1785943879712|1002|stream128_f2r_02|fixed|74,1378943233,16777471,81477606,80348576,80551805,80348576,80551805,80348576,77040,76750,76747,76747,0,0,9809,0,2369052350,2364352609,4096,4096,0,0,76748,76748,3060065707,3060065704,3060065723,3060065712,0,0,0,0,0,0,0,0,4096,256,131072,4,15|4,0,134217728,262144,512,0,0,0,0,1164,0,1152,0,291,288,0,1,1164,0|80,3776969920,2,75671360,0,0,0,0,0,80376250,0,288,0,4147082258,0,4147082258,0,2080,4119313131,0,44427963,0,0,0,0,0
1785943879712|1002|stream128_f2r_02|rotating|74,1378943233,33558272,81540223,80410462,926461,0,926461,0,19632,0,9816,0,0,0,76806,76806,62713824,0,4096,0,0,0,9816,0,3044814483,0,3044814491,0,0,0,0,0,0,0,0,0,4096,256,131072,4,15|4,0,134217728,262144,512,0,0,0,0,1164,0,1152,0,291,288,0,1,1164,0|80,3090933569,2,0,0,75497472,0,75497472,0,231755,0,0,288,0,0,0,0,0,0,0,7416204,0,0,0,0,0
1785943884714|1002|stream128_f2r_02|fixed|76,1378943233,16777471,87745845,86530310,86748786,86530310,86748786,86530310,82971,82660,82656,82656,0,0,10564,0,2551431928,2546374128,4096,4096,0,0,82657,82657,3380232733,3380232738,3380232741,3380232698,0,0,0,0,0,0,0,0,4096,256,131072,4,15|4,0,134217728,262144,512,0,0,0,0,1252,0,1240,0,313,310,0,1,1252,0|82,4097971120,2,81509664,0,0,0,0,0,86573998,0,310,0,171656586,1,171656586,1,2080,142179701,1,47288482,0,0,0,0,0
1785943884714|1002|stream128_f2r_02|rotating|76,1378943233,33558272,87832770,86615469,998093,0,998093,0,21150,0,10575,0,0,0,82738,82738,67563040,0,4096,0,0,0,10575,0,3366473094,0,3366473110,0,0,0,0,0,0,0,0,0,4096,256,131072,4,15|4,0,134217728,262144,512,0,0,0,0,1256,0,1244,0,314,311,0,1,1256,0|82,3412025030,2,0,0,81526784,0,81526784,0,249641,0,0,311,0,0,0,0,0,0,0,7465263,0,0,0,0,0
1785943889718|1002|stream128_f2r_02|fixed|78,1378943233,16777471,94019978,92717979,92951665,92717979,92951665,92717979,88903,88570,88567,88567,0,0,11319,0,2733886089,2728468900,4096,4096,0,0,88567,88567,3700523230,3700523555,3700523238,3700523563,0,0,0,0,0,0,0,0,4096,256,131072,4,15|4,0,134217728,262144,512,0,0,0,0,1344,0,1332,0,336,333,0,1,1344,0|84,123999885,3,87341376,0,0,0,0,0,92771960,0,333,0,491194719,1,491194719,1,2080,459858867,1,50294216,0,0,0,0,0
1785943889718|1002|stream128_f2r_02|rotating|78,1378943233,33558272,94113517,92809775,1069449,0,1069449,0,22662,0,11331,0,0,0,88655,88655,72393120,0,4096,0,0,0,11331,0,3687058199,0,3687058207,0,0,0,0,0,0,0,0,0,4096,256,131072,4,15|4,0,134217728,262144,512,0,0,0,0,1344,0,1332,0,336,333,0,1,1344,0|84,3732486890,2,0,0,87293952,0,87293952,0,267480,0,0,333,0,0,0,0,0,0,0,7513912,0,0,0,0,0
1785943894729|1002|stream128_f2r_02|fixed|80,1378943233,16781056,100299997,98910529,99160234,98910529,99160234,98910529,94841,94486,94482,94482,0,0,12076,0,2916473864,2910681496,4096,4096,0,0,94482,94482,4021174948,4021175313,4021174964,4021175321,0,0,0,0,0,0,0,0,4096,256,131072,4,15|4,0,134217728,262144,512,0,0,0,0,1432,0,1420,0,358,355,0,1,1432,0|86,445056991,3,93187584,0,0,0,0,0,98975236,0,355,0,810790273,1,810790273,1,2080,777737517,1,53165578,0,0,0,0,0
1785943894729|1002|stream128_f2r_02|rotating|80,1378943233,33558272,100418358,99027568,1141087,0,1141087,0,24180,0,12090,0,0,0,94593,94593,77242312,0,4096,0,0,0,12090,0,4008926488,0,4008926496,0,0,0,0,0,0,0,0,0,4096,256,131072,4,15|4,0,134217728,262144,512,0,0,0,0,1432,0,1420,0,358,355,0,1,1432,0|86,4054896966,2,0,0,93061120,0,93061120,0,285413,0,0,355,0,0,0,0,0,0,0,7557836,0,0,0,0,0
1785943899742|1002|stream128_f2r_02|fixed|82,1378943233,16777471,106586627,105110927,105375414,105110927,105375414,105110927,100785,100408,100403,100403,0,0,12833,0,3099256527,3093105136,4096,4096,0,0,100404,100404,47081973,47082002,47081981,47081978,0,0,0,0,0,0,0,0,4096,256,131072,4,15|4,0,134217728,262144,512,0,0,0,0,1520,0,1508,0,380,377,0,1,1520,0|88,765491821,3,99010080,0,0,0,0,0,105166848,0,377,0,1129769479,1,1129769479,1,2080,1095003658,1,56028010,0,0,0,0,0
1785943899742|1002|stream128_f2r_02|rotating|82,1378943233,33558272,106679638,105202917,1212250,0,1212250,0,25688,0,12844,0,0,0,100491,100491,82059520,0,4096,0,0,0,12844,0,33669733,0,33669741,0,0,0,0,0,0,0,0,0,4096,256,131072,4,15|4,0,134217728,262144,512,0,0,0,0,1520,0,1508,0,380,377,0,1,1520,0|88,79580232,3,0,0,98828288,0,98828288,0,303203,0,0,377,0,0,0,0,0,0,0,7601406,0,0,0,0,0
1785943904753|1002|stream128_f2r_02|fixed|84,1378943233,16781056,112869083,111305890,111586516,111305890,111586516,111305890,106725,106326,106322,106322,0,0,13589,0,3281951680,3275439216,4096,4096,0,0,106322,106322,367780619,367780952,367780627,367780960,0,0,0,0,0,0,0,0,4096,256,131072,4,15|4,0,134217728,262144,512,0,0,0,0,1608,0,1596,0,402,399,0,1,1608,0|90,1085576917,3,104832576,0,0,0,0,0,111349499,0,399,0,1448398951,1,1448398951,1,2080,1411916811,1,58893696,0,0,0,0,0
1785943904753|1002|stream128_f2r_02|rotating|84,1378943233,33558272,112944328,111380330,1283410,0,1283410,0,27196,0,13598,0,0,0,106393,106393,86876808,0,4096,0,0,0,13598,0,353383531,0,353383539,0,0,0,0,0,0,0,0,0,4096,256,131072,4,15|5,0,134217728,262144,512,0,0,0,0,1612,0,1600,0,403,400,0,1,1612,0|90,398749289,3,0,0,104857600,0,104857600,0,320971,0,0,400,0,0,0,0,0,0,0,7647811,0,0,0,0,0
1785943909767|1002|stream128_f2r_02|fixed|86,1378943233,16781056,119156035,117506320,117802027,117506320,117802027,117506320,112669,112248,112244,112244,0,0,14346,0,3464751528,3457880496,4096,4096,0,0,112244,112244,688676151,688676484,688676159,688676492,0,0,0,0,0,0,0,0,4096,256,131072,4,15|4,0,134217728,262144,512,0,0,0,0,1700,0,1688,0,425,422,0,1,1700,0|92,1406294121,3,110664288,0,0,0,0,0,117542600,0,422,0,1767658227,1,1767658227,1,2080,1729328818,1,61887732,0,0,0,0,0
1785943909767|1002|stream128_f2r_02|rotating|86,1378943233,33558272,119225779,117574715,1354860,0,1354860,0,28710,0,14355,0,0,0,112309,112309,91713256,0,4096,0,0,0,14355,0,674187841,0,674187849,0,0,0,0,0,0,0,0,0,4096,256,131072,4,15|4,0,134217728,262144,512,0,0,0,0,1700,0,1688,0,425,422,0,1,1700,0|92,719456744,3,0,0,110624768,0,110624768,0,338810,0,0,422,0,0,0,0,0,0,0,7694216,0,0,0,0,0
1785943914774|1002|stream128_f2r_02|fixed|88,1378943233,16777471,125433074,123695421,124007710,123695421,124007710,123695421,118604,118160,118155,118155,0,0,15102,0,3647234232,3639987270,4096,4096,0,0,118156,118156,1009151521,1009151510,1009151473,1009151518,0,0,0,0,0,0,0,0,4096,256,131072,4,15|4,0,134217728,262144,512,0,0,0,0,1788,0,1776,0,447,444,0,1,1788,0|94,1727511198,3,116502592,0,0,0,0,0,123748947,0,444,0,2087415728,1,2087415728,1,2080,2047373502,1,64753310,0,0,0,0,0
1785943914774|1002|stream128_f2r_02|rotating|88,1378943233,33558272,125529737,123790998,1426405,0,1426405,0,30226,0,15113,0,0,0,118247,118247,96556088,0,4096,0,0,0,15113,0,995620600,0,995620608,0,0,0,0,0,0,0,0,0,4096,256,131072,4,15|4,0,134217728,262144,512,0,0,0,0,1788,0,1776,0,447,444,0,1,1788,0|94,1041803896,3,0,0,116391936,0,116391936,0,356743,0,0,444,0,0,0,0,0,0,0,7741917,0,0,0,0,0
1785943919775|1002|stream128_f2r_02|fixed|90,1378943233,16777471,131722202,129898939,130225388,129898939,130225388,129898939,124551,124085,124080,124080,0,0,15859,0,3830121398,3822514745,4096,4096,0,0,124081,124081,1330197804,1330197809,1330197812,1330197817,0,0,0,0,0,0,0,0,4096,256,131072,4,15|4,0,134217728,262144,512,0,0,0,0,1876,0,1864,0,469,466,0,1,1876,0|96,2046780830,3,122309280,0,0,0,0,0,129917377,0,466,0,2405233688,1,2405233688,1,2080,2363473749,1,67616996,0,0,0,0,0
1785943919775|1002|stream128_f2r_02|rotating|90,1378943233,33558272,131777329,129953550,1497476,0,1497476,0,31732,0,15866,0,0,0,124132,124132,101366936,0,4096,0,0,0,15866,0,1314902606,0,1314902614,0,0,0,0,0,0,0,0,0,4096,256,131072,4,15|4,0,134217728,262144,512,0,0,0,0,1876,0,1864,0,469,466,0,1,1876,0|96,1361965498,3,0,0,122159104,0,122159104,0,374556,0,0,466,0,0,0,0,0,0,0,7789900,0,0,0,0,0
1785943924785|1002|stream128_f2r_02|fixed|92,1378943233,16781056,137989524,136079106,136421545,136079106,136421545,136079106,130475,129988,129983,129983,0,0,16613,0,4012321088,4004352720,4096,4096,0,0,129983,129983,1650035558,1650035883,1650035566,1650035899,0,0,0,0,0,0,0,0,4096,256,131072,4,15|4,0,134217728,262144,512,0,0,0,0,1964,0,1952,0,491,488,0,1,1964,0|98,2367552721,3,128147584,0,0,0,0,0,136115339,0,488,0,2724546003,1,2724546003,1,2080,2681071348,1,70484473,0,0,0,0,0
1785943924785|1002|stream128_f2r_02|rotating|92,1378943233,33558272,138068079,136156629,1568917,0,1568917,0,33246,0,16623,0,0,0,130057,130057,106203352,0,4096,0,0,0,16623,0,1635907498,0,1635907506,0,0,0,0,0,0,0,0,0,4096,256,131072,4,15|5,0,134217728,262144,512,0,0,0,0,1968,0,1956,0,492,489,0,1,1968,0|98,1681723804,3,0,0,128188416,0,128188416,0,392371,0,0,489,0,0,0,0,0,0,0,7833162,0,0,0,0,0
1785943929789|1002|stream128_f2r_02|fixed|94,1378943233,16777471,144264242,142267583,142624915,142267583,142624915,142267583,136410,135900,135894,135894,0,0,17369,0,4194785378,4186457357,4096,4096,0,0,135895,135895,1970354332,1970354329,1970354340,1970354337,0,0,0,0,0,0,0,0,4096,256,131072,4,15|4,0,134217728,262144,512,0,0,0,0,2048,0,2044,0,512,511,0,1,2048,0|100,2687873947,3,133971392,0,0,0,0,0,142300744,0,511,0,3043411277,1,3043411277,1,2080,2998095932,1,73470233,0,0,0,0,0
1785943929789|1002|stream128_f2r_02|rotating|94,1378943233,33558272,144341911,142343616,1640273,0,1640273,0,34758,0,17379,0,0,0,135967,135967,111033408,0,4096,0,0,0,17379,0,1956273767,0,1956273775,0,0,0,0,0,0,0,0,0,4096,256,131072,4,15|4,0,134217728,262144,512,0,0,0,0,2048,0,2044,0,512,511,0,1,2048,0|100,2002086516,3,0,0,133955584,0,133955584,0,410186,0,0,511,0,0,0,0,0,0,0,7877656,0,0,0,0,0
1785943935816|1003|stream128_f2r_03|fixed|98,1378943233,16777471,6141687,6058058,6072029,6058058,6072029,6058058,5807,5785,5785,5785,0,0,738,0,178568640,178224739,4096,4096,0,0,5785,5785,2356081864,2356082189,2356081872,2356082197,0,0,0,0,0,0,0,0,4096,256,131072,4,15|4,0,134217728,262144,512,0,0,0,0,96,0,84,0,24,21,0,1,96,0|108,3073621636,3,5750048,0,0,0,0,0,6103508,0,21,0,319512743,0,319512743,0,2080,312727186,0,9654700,0,0,0,0,0
1785943935816|1003|stream128_f2r_03|rotating|98,1378943233,33558272,6219006,6133959,70598,0,70598,0,1496,0,748,0,0,0,5858,5858,4778928,0,4096,0,0,0,748,0,2341630182,0,2341630190,0,0,0,0,0,0,0,0,0,4096,256,131072,4,15|4,0,134217728,262144,512,0,0,0,0,100,0,88,0,25,22,0,1,100,0|108,2387645019,3,0,0,5767168,0,5767168,0,17791,0,0,22,0,0,0,0,0,0,0,6889150,0,0,0,0,0
1785943940829|1003|stream128_f2r_03|fixed|100,1378943233,16777471,12439952,12268488,12298567,12268488,12298567,12268488,11767,11722,11721,11721,0,0,1498,0,361812929,361092500,4096,4096,0,0,11722,11722,2677880849,2677880846,2677880857,2677880854,0,0,0,0,0,0,0,0,4096,256,131072,4,15|4,0,134217728,262144,512,0,0,0,0,188,0,176,0,47,44,0,1,188,0|110,3395567117,3,11604696,0,0,0,0,0,12317352,0,44,0,639994562,0,639994562,0,2080,631367084,0,12648285,0,0,0,0,0
1785943940829|1003|stream128_f2r_03|rotating|100,1378943233,33558272,12505246,12333247,142048,0,142048,0,3010,0,1505,0,0,0,11783,11783,9615384,0,4096,0,0,0,1505,0,2662757855,0,2662757863,0,0,0,0,0,0,0,0,0,4096,256,131072,4,15|4,0,134217728,262144,512,0,0,0,0,188,0,176,0,47,44,0,1,188,0|110,2708382290,3,0,0,11534336,0,11534336,0,35630,0,0,44,0,0,0,0,0,0,0,6928630,0,0,0,0,0
1785943945831|1003|stream128_f2r_03|fixed|102,1378943233,16781056,18688064,18430118,18475702,18430118,18475702,18430118,17675,17608,17608,17608,0,0,2250,0,543524992,542445464,4096,4096,0,0,17608,17608,2996864571,2996864928,2996864587,2996864936,0,0,0,0,0,0,0,0,4096,256,131072,4,15|4,0,134217728,262144,512,0,0,0,0,276,0,264,0,69,66,0,1,276,0|112,3714729599,3,17404256,0,0,0,0,0,18482167,0,66,0,957707154,0,957707154,0,2080,947361765,0,15510666,0,0,0,0,0
1785943945831|1003|stream128_f2r_03|rotating|102,1378943233,33558272,18762923,18504035,213214,0,213214,0,4518,0,2259,0,0,0,17678,17678,14432616,0,4096,0,0,0,2259,0,2982468325,0,2982468333,0,0,0,0,0,0,0,0,0,4096,256,131072,4,15|4,0,134217728,262144,512,0,0,0,0,276,0,264,0,69,66,0,1,276,0|112,3028125942,3,0,0,17301504,0,17301504,0,53421,0,0,66,0,0,0,0,0,0,0,6970264,0,0,0,0,0
1785943950837|1003|stream128_f2r_03|fixed|104,1378943233,16777471,24965078,24619059,24681360,24619059,24681360,24619059,23611,23521,23520,23520,0,0,3006,0,726040643,724602358,4096,4096,0,0,23521,23521,3317272517,3317272522,3317272525,3317272530,0,0,0,0,0,0,0,0,4096,256,131072,4,15|4,0,134217728,262144,512,0,0,0,0,364,0,352,0,91,88,0,1,364,0|114,4035004837,3,23234656,0,0,0,0,0,24669609,0,88,0,1276524792,0,1276524792,0,2080,1264465237,0,18375896,0,0,0,0,0
1785943950837|1003|stream128_f2r_03|rotating|104,1378943233,33558272,25038914,24692170,284474,0,284474,0,6028,0,3014,0,0,0,23590,23590,19256264,0,4096,0,0,0,3014,0,3302611414,0,3302611422,0,0,0,0,0,0,0,0,0,4096,256,131072,4,15|4,0,134217728,262144,512,0,0,0,0,364,0,352,0,91,88,0,1,364,0|114,3348245587,3,0,0,23068672,0,23068672,0,71235,0,0,88,0,0,0,0,0,0,0,7013823,0,0,0,0,0
1785943955844|1003|stream128_f2r_03|fixed|106,1378943233,16777471,31283240,30848744,30927793,30848744,30927793,30848744,29584,29472,29471,29471,0,0,3766,0,909719735,907922520,4096,4096,0,0,29472,29472,3639700486,3639700507,3639700494,3639700483,0,0,0,0,0,0,0,0,4096,256,131072,4,15|4,0,134217728,262144,512,0,0,0,0,452,0,440,0,113,110,0,1,452,0|116,62861512,4,29097984,0,0,0,0,0,30906734,0,111,0,1597882931,0,1597882931,0,2080,1584096588,0,21256270,0,0,0,0,0
1785943955844|1003|stream128_f2r_03|rotating|106,1378943233,33558272,31363011,30926822,356388,0,356388,0,7552,0,3776,0,0,0,29546,29546,24124624,0,4096,0,0,0,3776,0,3625561454,0,3625561462,0,0,0,0,0,0,0,0,0,4096,256,131072,4,15|4,0,134217728,262144,512,0,0,0,0,456,0,444,0,114,111,0,1,456,0|116,3671909419,3,0,0,29097984,0,29097984,0,89262,0,0,111,0,0,0,0,0,0,0,7065011,0,0,0,0,0
1785943960852|1003|stream128_f2r_03|fixed|108,1378943233,16777471,37528448,37007331,37102029,37007331,37102029,37007331,35489,35356,35354,35354,0,0,4518,0,1091321437,1089164192,4096,4096,0,0,35355,35355,3958511097,3958511102,3958511105,3958511070,0,0,0,0,0,0,0,0,4096,256,131072,4,15|4,0,134217728,262144,512,0,0,0,0,544,0,532,0,136,133,0,1,544,0|118,381136764,4,34888864,0,0,0,0,0,37052447,0,133,0,1914710463,0,1914710463,0,2080,1899085212,0,24237726,0,0,0,0,0
1785943960852|1003|stream128_f2r_03|rotating|108,1378943233,33558272,37606948,37084214,427365,0,427365,0,9056,0,4528,0,0,0,35428,35428,28929128,0,4096,0,0,0,4528,0,3944420927,0,3944420935,0,0,0,0,0,0,0,0,0,4096,256,131072,4,15|4,0,134217728,262144,512,0,0,0,0,544,0,532,0,136,133,0,1,544,0|118,3990158987,3,0,0,34865152,0,34865152,0,106959,0,0,133,0,0,0,0,0,0,0,7108845,0,0,0,0,0
1785943965854|1003|stream128_f2r_03|fixed|110,1378943233,16777471,43798828,43188720,43301149,43188720,43301149,43188720,41417,41261,41259,41259,0,0,5273,0,1273598480,1271066724,4096,4096,0,0,41260,41260,4278607377,4278607358,4278607353,4278607366,0,0,0,0,0,0,0,0,4096,256,131072,4,15|4,0,134217728,262144,512,0,0,0,0,632,0,620,0,158,155,0,1,632,0|120,701464994,4,40711360,0,0,0,0,0,43241988,0,155,0,2233583069,0,2233583069,0,2080,2216256010,0,27088901,0,0,0,0,0
1785943965854|1003|stream128_f2r_03|rotating|110,1378943233,33558272,43866278,43255422,498437,0,498437,0,10562,0,5281,0,0,0,41323,41323,33740032,0,4096,0,0,0,5281,0,4263690435,0,4263690443,0,0,0,0,0,0,0,0,0,4096,256,131072,4,15|4,0,134217728,262144,512,0,0,0,0,632,0,620,0,158,155,0,1,632,0|120,14124506,4,0,0,40632320,0,40632320,0,124727,0,0,155,0,0,0,0,0,0,0,7158085,0,0,0,0,0
1785943970863|1003|stream128_f2r_03|fixed|112,1378943233,16777471,50077554,49379785,49508519,49379785,49508519,49379785,47352,47175,47173,47173,0,0,6029,0,1456136623,1453245466,4096,4096,0,0,47173,47173,304059543,304059876,304059551,304059884,0,0,0,0,0,0,0,0,4096,256,131072,4,15|4,0,134217728,262144,512,0,0,0,0,720,0,708,0,180,177,0,1,720,0|122,1021811843,4,46541760,0,0,0,0,0,49431433,0,177,0,2552472318,0,2552472318,0,2080,2533439366,0,29945858,0,0,0,0,0
1785943970863|1003|stream128_f2r_03|rotating|112,1378943233,33558272,50152034,49453446,569885,0,569885,0,12076,0,6038,0,0,0,47243,47243,38576440,0,4096,0,0,0,6038,0,289717489,0,289717497,0,0,0,0,0,0,0,0,0,4096,256,131072,4,15|4,0,134217728,262144,512,0,0,0,0,720,0,708,0,180,177,0,1,720,0|122,335052056,4,0,0,46399488,0,46399488,0,142565,0,0,177,0,0,0,0,0,0,0,7200706,0,0,0,0,0
1785943975865|1003|stream128_f2r_03|fixed|114,1378943233,16781056,56346325,55561998,55706030,55561998,55706030,55561998,53285,53089,53084,53084,0,0,6784,0,1638598024,1635348712,4096,4096,0,0,53084,53084,624367013,624367338,624367021,624367346,0,0,0,0,0,0,0,0,4096,256,131072,4,15|4,0,134217728,262144,512,0,0,0,0,808,0,796,0,202,199,0,1,808,0|124,1342633662,4,52372160,0,0,0,0,0,55623074,0,199,0,2871836537,0,2871836537,0,2080,2851086119,0,32814388,0,0,0,0,0
1785943975865|1003|stream128_f2r_03|rotating|114,1378943233,33558272,56440525,55655171,641328,0,641328,0,13590,0,6795,0,0,0,53172,53172,43412832,0,4096,0,0,0,6795,0,610723440,0,610723448,0,0,0,0,0,0,0,0,0,4096,256,131072,4,15|5,0,134217728,262144,512,0,0,0,0,812,0,800,0,203,200,0,1,812,0|124,657840946,4,0,0,52428800,0,52428800,0,160544,0,0,200,0,0,0,0,0,0,0,7248548,0,0,0,0,0
1785943980873|1003|stream128_f2r_03|fixed|116,1378943233,16777471,62618061,61747541,61906415,61747541,61906415,61747541,59220,59002,58996,58996,0,0,7540,0,1821114192,1817505976,4096,4096,0,0,58997,58997,944780191,944780164,944780151,944780172,0,0,0,0,0,0,0,0,4096,256,131072,4,15|4,0,134217728,262144,512,0,0,0,0,896,0,884,0,224,221,0,1,896,0|126,1662899959,4,58195968,0,0,0,0,0,61804584,0,222,0,3190646882,0,3190646882,0,2080,3168175008,0,35685260,0,0,0,0,0
1785943980873|1003|stream128_f2r_03|rotating|116,1378943233,33558272,62713698,61841340,712777,0,712777,0,15104,0,7552,0,0,0,59086,59086,48249272,0,4096,0,0,0,7552,0,931535768,0,931535776,0,0,0,0,0,0,0,0,0,4096,256,131072,4,15|4,0,134217728,262144,512,0,0,0,0,900,0,888,0,225,222,0,1,900,0|126,977400242,4,0,0,58195968,0,58195968,0,178336,0,0,222,0,0,0,0,0,0,0,7291298,0,0,0,0,0
1785943985876|1003|stream128_f2r_03|fixed|118,1378943233,16781056,68885770,67927563,68102774,67927563,68102774,67927563,65151,64910,64905,64905,0,0,8296,0,2003489392,1999505600,4096,4096,0,0,64905,64905,1265051251,1265051576,1265051259,1265051584,0,0,0,0,0,0,0,0,4096,256,131072,4,15|4,0,134217728,262144,512,0,0,0,0,988,0,976,0,247,244,0,1,988,0|128,1982803371,4,64018464,0,0,0,0,0,67977997,0,244,0,3509094670,0,3509094670,0,2080,3484773782,0,38679295,0,0,0,0,0
1785943985876|1003|stream128_f2r_03|rotating|118,1378943233,33558272,68953176,67994164,783753,0,783753,0,16608,0,8304,0,0,0,64968,64968,53053784,0,4096,0,0,0,8304,0,1250387158,0,1250387166,0,0,0,0,0,0,0,0,0,4096,256,131072,4,15|4,0,134217728,262144,512,0,0,0,0,988,0,976,0,247,244,0,1,988,0|128,1296327982,4,0,0,63963136,0,63963136,0,196080,0,0,244,0,0,0,0,0,0,0,7334419,0,0,0,0,0
1785943990906|1003|stream128_f2r_03|fixed|120,1378943233,16777471,75189336,74145891,74334795,74145891,74334795,74145891,71113,70849,70843,70843,0,0,9054,0,2186809337,2182466188,4096,4096,0,0,70844,70844,1586858045,1586858066,1586858053,1586858074,0,0,0,0,0,0,0,0,4096,256,131072,4,15|4,0,134217728,262144,512,0,0,0,0,1076,0,1064,0,269,266,0,1,1076,0|130,2305781055,4,69888384,0,0,0,0,0,74218153,0,266,0,3830604874,0,3830604874,0,2080,3804578111,0,41544719,0,0,0,0,0
1785943990906|1003|stream128_f2r_03|rotating|120,1378943233,33558272,75279637,74235074,855581,0,855581,0,18130,0,9065,0,0,0,70928,70928,57915752,0,4096,0,0,0,9065,0,1573109035,0,1573109043,0,0,0,0,0,0,0,0,0,4096,256,131072,4,15|4,0,134217728,262144,512,0,0,0,0,1076,0,1064,0,269,266,0,1,1076,0|130,1618574036,4,0,0,69730304,0,69730304,0,214012,0,0,266,0,0,0,0,0,0,0,7377069,0,0,0,0,0
1785943995925|1003|stream128_f2r_03|fixed|122,1378943233,16777471,81483266,80353201,80557182,80353201,80557182,80353201,77064,76779,76772,76772,0,0,9812,0,2369808727,2365104992,4096,4096,0,0,76773,76773,1908106297,1908106318,1908106305,1908106286,0,0,0,0,0,0,0,0,4096,256,131072,4,15|4,0,134217728,262144,512,0,0,0,0,1164,0,1152,0,291,288,0,1,1164,0|132,2625784740,4,75710880,0,0,0,0,0,80400536,0,288,0,4149152935,0,4149152935,0,2080,4121410588,0,44409670,0,0,0,0,0
1785943995925|1003|stream128_f2r_03|rotating|122,1378943233,33558272,81558354,80427224,926929,0,926929,0,19642,0,9821,0,0,0,76843,76843,62745768,0,4096,0,0,0,9821,0,1893681632,0,1893681640,0,0,0,0,0,0,0,0,0,4096,256,131072,4,15|5,0,134217728,262144,512,0,0,0,0,1168,0,1156,0,292,289,0,1,1168,0|132,1939386193,4,0,0,75759616,0,75759616,0,231873,0,0,289,0,0,0,0,0,0,0,7426344,0,0,0,0,0
1785944000938|1003|stream128_f2r_03|fixed|124,1378943233,16777471,87768635,86552559,86771108,86552559,86771108,86552559,83010,82703,82696,82696,0,0,10569,0,2552685051,2547621230,4096,4096,0,0,82697,82697,2229135726,2229135739,2229135734,2229135747,0,0,0,0,0,0,0,0,4096,256,131072,4,15|4,0,134217728,262144,512,0,0,0,0,1256,0,1244,0,314,311,0,1,1256,0|134,2946653937,4,81542592,0,0,0,0,0,86592506,0,311,0,173596908,1,173596908,1,2080,143999157,1,47411841,0,0,0,0,0
1785944000938|1003|stream128_f2r_03|rotating|124,1378943233,33558272,87845358,86627538,998473,0,998473,0,21158,0,10579,0,0,0,82769,82769,67588608,0,4096,0,0,0,10579,0,2214923838,0,2214923846,0,0,0,0,0,0,0,0,0,4096,256,131072,4,15|4,0,134217728,262144,512,0,0,0,0,1256,0,1244,0,314,311,0,1,1256,0|134,2260876687,4,0,0,81526784,0,81526784,0,249760,0,0,311,0,0,0,0,0,0,0,7471924,0,0,0,0,0
1785944005941|1003|stream128_f2r_03|fixed|126,1378943233,16777471,94035553,92732358,92966767,92732358,92966767,92732358,88937,88607,88600,88600,0,0,11324,0,2734908336,2729469013,4096,4096,0,0,88601,88601,2549159472,2549159461,2549159424,2549159469,0,0,0,0,0,0,0,0,4096,256,131072,4,15|4,0,134217728,262144,512,0,0,0,0,1344,0,1332,0,336,333,0,1,1344,0|136,3266806129,4,87365088,0,0,0,0,0,92777402,0,333,0,492293476,1,492293476,1,2080,460979940,1,50276993,0,0,0,0,0
1785944005941|1003|stream128_f2r_03|rotating|126,1378943233,33558272,94111142,92807064,1069639,0,1069639,0,22666,0,11333,0,0,0,88671,88671,72405904,0,4096,0,0,0,11333,0,2534637082,0,2534637090,0,0,0,0,0,0,0,0,0,4096,256,131072,4,15|4,0,134217728,262144,512,0,0,0,0,1344,0,1332,0,336,333,0,1,1344,0|136,2580209590,4,0,0,87293952,0,87293952,0,267527,0,0,333,0,0,0,0,0,0,0,7517227,0,0,0,0,0
1785944010946|1003|stream128_f2r_03|fixed|128,1378943233,16779144,100311775,98921193,99171633,98921193,99171633,98921193,94869,94517,94511,94511,0,0,12080,0,2917367176,2911569168,4096,4096,0,0,94511,94511,2869441667,2869441992,2869441675,2869442000,0,0,0,0,0,0,0,0,4096,256,131072,4,15|4,0,134217728,262144,512,0,0,0,0,1432,0,1420,0,358,355,0,1,1432,0|138,3587273731,4,93195488,0,0,0,0,0,98969541,0,355,0,811303478,1,811303478,1,2080,778277890,1,53140109,0,0,0,0,0
1785944010946|1003|stream128_f2r_03|rotating|128,1378943233,33558272,100387146,98995637,1140899,0,1140899,0,24176,0,12088,0,0,0,94581,94581,77229544,0,4096,0,0,0,12088,0,2854778060,0,2854778068,0,0,0,0,0,0,0,0,0,4096,256,131072,4,15|4,0,134217728,262144,512,0,0,0,0,1432,0,1420,0,358,355,0,1,1432,0|138,2900443726,4,0,0,93061120,0,93061120,0,285342,0,0,355,0,0,0,0,0,0,0,7565295,0,0,0,0,0
1785944015950|1003|stream128_f2r_03|fixed|130,1378943233,16777471,106588419,105110370,105377017,105110370,105377017,105110370,100802,100428,100421,100421,0,0,12835,0,3099822214,3093665321,4096,4096,0,0,100422,100422,3189747334,3189747339,3189747342,3189747347,0,0,0,0,0,0,0,0,4096,256,131072,4,15|4,0,134217728,262144,512,0,0,0,0,1520,0,1508,0,380,377,0,1,1520,0|140,3907603263,4,99017984,0,0,0,0,0,105158942,0,377,0,1130177386,1,1130177386,1,2080,1095432443,1,56008831,0,0,0,0,0
1785944015950|1003|stream128_f2r_03|rotating|130,1378943233,33558272,106662947,105183985,1212250,0,1212250,0,25688,0,12844,0,0,0,100492,100492,82059520,0,4096,0,0,0,12844,0,3175354407,0,3175354415,0,0,0,0,0,0,0,0,0,4096,256,131072,4,15|4,0,134217728,262144,512,0,0,0,0,1520,0,1508,0,380,377,0,1,1520,0|140,3220588933,4,0,0,98828288,0,98828288,0,303156,0,0,377,0,0,0,0,0,0,0,7612309,0,0,0,0,0
1785944020963|1003|stream128_f2r_03|fixed|132,1378943233,16777471,112890463,111324710,111607429,111324710,111607429,111324710,106762,106366,106359,106359,0,0,13594,0,3283091480,3276575856,4096,4096,0,0,106360,106360,3511474981,3511474978,3511474957,3511474954,0,0,0,0,0,0,0,0,4096,256,131072,4,15|4,0,134217728,262144,512,0,0,0,0,1608,0,1596,0,403,400,0,1,1612,0|142,4229114460,4,104865504,0,0,0,0,0,111366187,0,400,0,1450226703,1,1450226703,1,2080,1413632473,1,59008279,0,0,0,0,0
1785944020963|1003|stream128_f2r_03|rotating|132,1378943233,33558272,112983797,111416422,1284074,0,1284074,0,27210,0,13605,0,0,0,106447,106447,86921544,0,4096,0,0,0,13605,0,3497883199,0,3497883207,0,0,0,0,0,0,0,0,0,4096,256,131072,4,15|4,0,134217728,262144,512,0,0,0,0,1612,0,1600,0,403,400,0,1,1612,0|142,3543496831,4,0,0,104857600,0,104857600,0,321136,0,0,400,0,0,0,0,0,0,0,7657940,0,0,0,0,0
1785944025969|1003|stream128_f2r_03|fixed|134,1378943233,16777471,119153814,117501815,117799616,117501815,117799616,117501815,112685,112266,112259,112259,0,0,14348,0,3465228351,3458337170,4096,4096,0,0,112260,112260,3831328055,3831328084,3831328063,3831328092,0,0,0,0,0,0,0,0,4096,256,131072,4,15|4,0,134217728,262144,512,0,0,0,0,1700,0,1688,0,425,422,0,1,1700,0|144,253506188,5,110672192,0,0,0,0,0,117535740,0,422,0,1768134055,1,1768134055,1,2080,1729824571,1,61869506,0,0,0,0,0
1785944025969|1003|stream128_f2r_03|rotating|134,1378943233,33558272,119207495,117554783,1354860,0,1354860,0,28710,0,14355,0,0,0,112310,112310,91713256,0,4096,0,0,0,14355,0,3815873446,0,3815873454,0,0,0,0,0,0,0,0,0,4096,256,131072,4,15|4,0,134217728,262144,512,0,0,0,0,1700,0,1688,0,425,422,0,1,1700,0|144,3861858889,4,0,0,110624768,0,110624768,0,338857,0,0,422,0,0,0,0,0,0,0,7703178,0,0,0,0,0
1785944031095|1003|stream128_f2r_03|fixed|136,1378943233,16777471,125577025,123835694,124149866,123835694,124149866,123835694,118756,118316,118309,118309,0,0,15121,0,3651962286,3644710913,4096,4096,0,0,118309,118309,4159066001,4159066358,4159066009,4159066366,0,0,0,0,0,0,0,0,4096,256,131072,4,15|4,0,134217728,262144,512,0,0,0,0,1788,0,1776,0,448,445,0,1,1792,0|146,582857870,5,116661984,0,0,0,0,0,123897585,0,445,0,2095988289,1,2095988289,1,2080,2055860133,1,64868885,0,0,0,0,0
1785944031095|1003|stream128_f2r_03|rotating|136,1378943233,33558272,125669284,123926112,1428289,0,1428289,0,30266,0,15133,0,0,0,118395,118395,96683824,0,4096,0,0,0,15133,0,4145708212,0,4145708220,0,0,0,0,0,0,0,0,0,4096,256,131072,4,15|4,0,134217728,262144,512,0,0,0,0,1792,0,1780,0,448,445,0,1,1792,0|146,4191012183,4,0,0,116654080,0,116654080,0,357166,0,0,445,0,0,0,0,0,0,0,7753103,0,0,0,0,0
1785944036095|1003|stream128_f2r_03|fixed|138,1378943233,16777471,131850208,130022061,130351795,130022061,130351795,130022061,124688,124226,124218,124218,0,0,15876,0,3834369712,3826758827,4096,4096,0,0,124219,124219,184329649,184329638,184329657,184329646,0,0,0,0,0,0,0,0,4096,256,131072,4,15|4,0,134217728,262144,512,0,0,0,0,1880,0,1868,0,470,467,0,1,1880,0|148,902306844,5,122468672,0,0,0,0,0,130068928,0,467,0,2413985591,1,2413985591,1,2080,2372126553,1,67745740,0,0,0,0,0
1785944036095|1003|stream128_f2r_03|rotating|138,1378943233,33558272,131939392,130109443,1499550,0,1499550,0,31776,0,15888,0,0,0,124302,124302,101507528,0,4096,0,0,0,15888,0,170895643,0,170895651,0,0,0,0,0,0,0,0,0,4096,256,131072,4,15|4,0,134217728,262144,512,0,0,0,0,1880,0,1868,0,470,467,0,1,1880,0|148,216519511,5,0,0,122421248,0,122421248,0,375005,0,0,467,0,0,0,0,0,0,0,7801030,0,0,0,0,0
1785944041103|1003|stream128_f2r_03|fixed|140,1378943233,16777471,138126948,136212882,136557085,136212882,136557085,136212882,130623,130139,130130,130130,0,0,16633,0,4016874152,4008887141,4096,4096,0,0,130131,130131,504821388,504821337,504821364,504821345,0,0,0,0,0,0,0,0,4096,256,131072,4,15|4,0,134217728,262144,512,0,0,0,0,1968,0,1956,0,492,489,0,1,1968,0|150,1222311042,5,128291168,0,0,0,0,0,136252535,0,489,0,2732534165,1,2732534165,1,2080,2688968195,1,70602039,0,0,0,0,0
1785944041103|1003|stream128_f2r_03|rotating|140,1378943233,33558272,138201513,136286866,1570621,0,1570621,0,33282,0,16641,0,0,0,130201,130201,106318368,0,4096,0,0,0,16641,0,490170266,0,490170274,0,0,0,0,0,0,0,0,0,4096,256,131072,4,15|4,0,134217728,262144,512,0,0,0,0,1968,0,1956,0,492,489,0,1,1968,0|150,537111419,5,0,0,128188416,0,128188416,0,392844,0,0,489,0,0,0,0,0,0,0,7840521,0,0,0,0,0
1785944046117|1003|stream128_f2r_03|fixed|142,1378943233,16777471,144414541,142412621,142773322,142412621,142773322,142412621,136567,136061,136053,136053,0,0,17389,0,4199686626,4191338085,4096,4096,0,0,136053,136053,825717699,825718024,825717707,825718032,0,0,0,0,0,0,0,0,4096,256,131072,4,15|4,0,134217728,262144,512,0,0,0,0,2048,0,2044,0,512,511,0,1,2048,0|152,1543366166,5,134129472,0,0,0,0,0,142455058,0,511,0,3052129713,1,3052129713,1,2080,3006861966,1,73456577,0,0,0,0,0
1785944046117|1003|stream128_f2r_03|rotating|142,1378943233,33558272,144481728,142479068,1641975,0,1641975,0,34794,0,17397,0,0,0,136116,136116,111148400,0,4096,0,0,0,17397,0,810732435,0,810732443,0,0,0,0,0,0,0,0,0,4096,256,131072,4,15|4,0,134217728,262144,512,0,0,0,0,2048,0,2044,0,512,511,0,1,2048,0|152,856215914,5,0,0,133955584,0,133955584,0,410610,0,0,511,0,0,0,0,0,0,0,7884383,0,0,0,0,0
1785944052008|1004|stream128_r2f_01|fixed|146,1378943233,16781056,6143364,6059088,69643,0,69643,0,1478,0,739,0,0,0,5786,5786,4721392,0,4096,0,0,0,739,0,1202564781,0,1202564789,0,0,0,0,0,0,0,0,0,4096,256,131072,4,15|4,0,134217728,262144,512,0,0,0,0,96,0,84,0,24,21,0,1,96,0|160,1920423260,5,0,0,5505024,0,5505024,0,17551,0,0,21,0,0,0,0,0,0,0,6893910,0,0,0,0,0
1785944052008|1004|stream128_r2f_01|rotating|146,1378943233,33554687,6215392,6129650,6144904,6129650,6144904,6129650,5878,5855,5854,5854,0,0,748,0,180707960,180349534,4096,4096,0,0,5855,5855,1188301076,1188301049,1188301052,1188301057,0,0,0,0,0,0,0,0,4096,256,131072,4,15|4,0,134217728,262144,512,0,0,0,0,100,0,88,0,25,22,0,1,100,0|160,1233501928,5,5806688,0,0,0,0,0,6167585,0,22,0,322911984,0,322911984,0,2080,316036832,0,9751878,0,0,0,0,0
1785944057014|1004|stream128_r2f_01|fixed|148,1378943233,16781056,12417690,12246742,140788,0,140788,0,2988,0,1494,0,0,0,11700,11700,9545064,0,4096,0,0,0,1494,0,1522673249,0,1522673257,0,0,0,0,0,0,0,0,0,4096,256,131072,4,15|4,0,134217728,262144,512,0,0,0,0,188,0,176,0,47,44,0,1,188,0|162,2240675874,5,0,0,11534336,0,11534336,0,35362,0,0,44,0,0,0,0,0,0,0,6941583,0,0,0,0,0
1785944057014|1004|stream128_r2f_01|rotating|148,1378943233,33554687,12492092,12319544,12350361,12319544,12350361,12319544,11815,11770,11770,11770,0,0,1504,0,363313215,362596770,4096,4096,0,0,11770,11770,1508812744,1508813069,1508812752,1508813077,0,0,0,0,0,0,0,0,4096,256,131072,4,15|4,0,134217728,262144,512,0,0,0,0,188,0,176,0,47,44,0,1,188,0|162,1553957596,5,11637088,0,0,0,0,0,12356032,0,44,0,641910052,0,641910052,0,2080,633355057,0,12582785,0,0,0,0,0
1785944062020|1004|stream128_r2f_01|fixed|150,1378943233,16781056,18695269,18436123,212124,0,212124,0,4502,0,2251,0,0,0,17614,17614,14381512,0,4096,0,0,0,2251,0,1843443682,0,1843443690,0,0,0,0,0,0,0,0,0,4096,256,131072,4,15|4,0,134217728,262144,512,0,0,0,0,276,0,264,0,69,66,0,1,276,0|164,2560216643,5,0,0,17301504,0,17301504,0,53102,0,0,66,0,0,0,0,0,0,0,6985625,0,0,0,0,0
1785944062020|1004|stream128_r2f_01|rotating|150,1378943233,33554687,18747223,18487441,18534533,18487441,18534533,18487441,17731,17664,17663,17663,0,0,2257,0,545222683,544146872,4096,4096,0,0,17664,17664,1828137328,1828137349,1828137336,1828137333,0,0,0,0,0,0,0,0,4096,256,131072,4,15|4,0,134217728,262144,512,0,0,0,0,276,0,264,0,69,66,0,1,276,0|164,1873373407,5,17451680,0,0,0,0,0,18526338,0,66,0,959872215,0,959872215,0,2080,949633112,0,15414563,0,0,0,0,0
1785944067031|1004|stream128_r2f_01|fixed|152,1378943233,16781056,24982598,24636600,283461,0,283461,0,6016,0,3008,0,0,0,23537,23537,19217944,0,4096,0,0,0,3008,0,2164409680,0,2164409688,0,0,0,0,0,0,0,0,0,4096,256,131072,4,15|4,0,134217728,262144,512,0,0,0,0,364,0,352,0,91,88,0,1,364,0|166,2881788412,5,0,0,23068672,0,23068672,0,70983,0,0,88,0,0,0,0,0,0,0,7030769,0,0,0,0,0
1785944067031|1004|stream128_r2f_01|rotating|152,1378943233,33554687,25043808,24696942,24759684,24696942,24759684,24696942,23685,23596,23595,23595,0,0,3015,0,728333096,726898296,4096,4096,0,0,23596,23596,2149534355,2149534368,2149534363,2149534344,0,0,0,0,0,0,0,0,4096,256,131072,4,15|4,0,134217728,262144,512,0,0,0,0,364,0,352,0,91,88,0,1,364,0|166,2194697690,5,23289984,0,0,0,0,0,24734905,0,88,0,1279736922,0,1279736922,0,2080,1267821795,0,18243348,0,0,0,0,0
1785944072037|1004|stream128_r2f_01|fixed|154,1378943233,16781056,31253505,30820735,354517,0,354517,0,7524,0,3762,0,0,0,29443,29443,24035192,0,4096,0,0,0,3762,0,2484088795,0,2484088803,0,0,0,0,0,0,0,0,0,4096,256,131072,4,15|4,0,134217728,262144,512,0,0,0,0,452,0,440,0,113,110,0,1,452,0|168,3202097774,5,0,0,28835840,0,28835840,0,88770,0,0,110,0,0,0,0,0,0,0,7082493,0,0,0,0,0
1785944072037|1004|stream128_r2f_01|rotating|154,1378943233,33554687,31327749,30893976,30972388,30893976,30972388,30893976,29625,29514,29513,29513,0,0,3771,0,911022502,909227416,4096,4096,0,0,29514,29514,2470196489,2470196494,2470196497,2470196446,0,0,0,0,0,0,0,0,4096,256,131072,4,15|4,0,134217728,262144,512,0,0,0,0,456,0,444,0,114,111,0,1,456,0|168,2515166094,5,29121696,0,0,0,0,0,30924419,0,111,0,1598747398,0,1598747398,0,2080,1585019248,0,21203138,0,0,0,0,0
1785944077048|1004|stream128_r2f_01|fixed|156,1378943233,16781056,37540457,37021340,425849,0,425849,0,9038,0,4519,0,0,0,35366,35366,28871608,0,4096,0,0,0,4519,0,2805055167,0,2805055175,0,0,0,0,0,0,0,0,0,4096,256,131072,4,15|4,0,134217728,262144,512,0,0,0,0,544,0,532,0,136,133,0,1,544,0|170,3523121974,5,0,0,34865152,0,34865152,0,106627,0,0,133,0,0,0,0,0,0,0,7127408,0,0,0,0,0
1785944077048|1004|stream128_r2f_01|rotating|156,1378943233,33554687,37605095,37084290,37178397,37084290,37178397,37084290,35562,35428,35427,35427,0,0,4528,0,1093568471,1091397458,4096,4096,0,0,35428,35428,2790740305,2790740318,2790740313,2790740326,0,0,0,0,0,0,0,0,4096,256,131072,4,15|4,0,134217728,262144,512,0,0,0,0,544,0,532,0,136,133,0,1,544,0|170,2835941734,5,34952096,0,0,0,0,0,37122252,0,133,0,1918065438,0,1918065438,0,2080,1902658895,0,24032595,0,0,0,0,0
1785944082059|1004|stream128_r2f_01|fixed|158,1378943233,16781056,43823104,43215307,497186,0,497186,0,10552,0,5276,0,0,0,41283,41283,33708056,0,4096,0,0,0,5276,0,3125826421,0,3125826429,0,0,0,0,0,0,0,0,0,4096,256,131072,4,15|4,0,134217728,262144,512,0,0,0,0,632,0,620,0,158,155,0,1,632,0|172,3843707982,5,0,0,40632320,0,40632320,0,124438,0,0,155,0,0,0,0,0,0,0,7174683,0,0,0,0,0
1785944082059|1004|stream128_r2f_01|rotating|158,1378943233,33558272,43900242,43291592,43402206,43291592,43402206,43291592,41512,41356,41356,41356,0,0,5285,0,1276576112,1274046408,4096,4096,0,0,41356,41356,3111950090,3111950415,3111950098,3111950423,0,0,0,0,0,0,0,0,4096,256,131072,4,15|4,0,134217728,262144,512,0,0,0,0,632,0,620,0,158,155,0,1,632,0|172,3157997354,5,40814112,0,0,0,0,0,43345547,0,155,0,2238655554,0,2238655554,0,2080,2221574531,0,26864927,0,0,0,0,0
1785944087067|1004|stream128_r2f_01|fixed|160,1378943233,16781056,50101341,49405445,568429,0,568429,0,12064,0,6032,0,0,0,47195,47195,38538096,0,4096,0,0,0,6032,0,3446367002,0,3446367010,0,0,0,0,0,0,0,0,0,4096,256,131072,4,15|4,0,134217728,262144,512,0,0,0,0,720,0,708,0,180,177,0,1,720,0|174,4164142683,5,0,0,46399488,0,46399488,0,142249,0,0,177,0,0,0,0,0,0,0,7223558,0,0,0,0,0
1785944087067|1004|stream128_r2f_01|rotating|160,1378943233,33554687,50175280,49478636,49606095,49478636,49606095,49478636,47444,47266,47265,47265,0,0,6040,0,1458989416,1456101304,4096,4096,0,0,47266,47266,3432153223,3432153228,3432153215,3432153204,0,0,0,0,0,0,0,0,4096,256,131072,4,15|4,0,134217728,262144,512,0,0,0,0,720,0,708,0,180,177,0,1,720,0|174,3478307828,5,46636608,0,0,0,0,0,49535298,0,177,0,2557510404,0,2557510404,0,2080,2538745592,0,29698083,0,0,0,0,0
1785944092087|1004|stream128_r2f_01|fixed|162,1378943233,16781056,56396201,55613562,639768,0,639768,0,13578,0,6789,0,0,0,53125,53125,43374512,0,4096,0,0,0,6789,0,3767336136,0,3767336144,0,0,0,0,0,0,0,0,0,4096,256,131072,4,15|4,0,134217728,262144,512,0,0,0,0,808,0,796,0,202,199,0,1,808,0|176,191514780,6,0,0,52166656,0,52166656,0,160153,0,0,199,0,0,0,0,0,0,0,7265464,0,0,0,0,0
1785944092087|1004|stream128_r2f_01|rotating|162,1378943233,33554687,56484240,55699941,55843345,55699941,55843345,55699941,53410,53209,53208,53208,0,0,6801,0,1642440597,1639176560,4096,4096,0,0,53209,53209,3754271525,3754271490,3754271533,3754271498,0,0,0,0,0,0,0,0,4096,256,131072,4,15|4,0,134217728,262144,512,0,0,0,0,812,0,800,0,203,200,0,1,812,0|176,3799479653,5,52476224,0,0,0,0,0,55737203,0,200,0,2877222325,0,2877222325,0,2080,2856645544,0,32658516,0,0,0,0,0
1785944097097|1004|stream128_r2f_01|fixed|164,1378943233,16781056,62682510,61813603,711100,0,711100,0,15092,0,7546,0,0,0,59046,59046,48210936,0,4096,0,0,0,7546,0,4088303513,0,4088303521,0,0,0,0,0,0,0,0,0,4096,256,131072,4,15|4,0,134217728,262144,512,0,0,0,0,900,0,888,0,225,222,0,1,900,0|178,512056595,6,0,0,58195968,0,58195968,0,177963,0,0,222,0,0,0,0,0,0,0,7322230,0,0,0,0,0
1785944097097|1004|stream128_r2f_01|rotating|164,1378943233,33558272,62782518,61911667,62070191,61911667,62070191,61911667,59364,59142,59141,59141,0,0,7559,0,1825561096,1821938520,4096,4096,0,0,59141,59141,4075679724,4075680073,4075679732,4075680081,0,0,0,0,0,0,0,0,4096,256,131072,4,15|4,0,134217728,262144,512,0,0,0,0,900,0,888,0,225,222,0,1,900,0|178,4121266510,5,58330336,0,0,0,0,0,61955770,0,222,0,3197545654,0,3197545654,0,2080,3175294446,0,35489098,0,0,0,0,0
1785944102105|1004|stream128_r2f_01|fixed|166,1378943233,16781056,68961271,68004937,782436,0,782436,0,16606,0,8303,0,0,0,64961,64961,53047384,0,4096,0,0,0,8303,0,114103648,0,114103656,0,0,0,0,0,0,0,0,0,4096,256,131072,4,15|4,0,134217728,262144,512,0,0,0,0,988,0,976,0,247,244,0,1,988,0|180,831831332,6,0,0,63963136,0,63963136,0,195727,0,0,244,0,0,0,0,0,0,0,7367806,0,0,0,0,0
1785944102105|1004|stream128_r2f_01|rotating|166,1378943233,33554687,69029224,68072108,68246032,68072108,68246032,68072108,65270,65026,65025,65025,0,0,8311,0,2007186982,2003204289,4096,4096,0,0,65025,65025,99529344,99529669,99529352,99529677,0,0,0,0,0,0,0,0,4096,256,131072,4,15|4,0,134217728,262144,512,0,0,0,0,988,0,976,0,247,244,0,1,988,0|180,144754202,6,64121216,0,0,0,0,0,68109046,0,244,0,3514552922,0,3514552922,0,2080,3490615851,0,38317540,0,0,0,0,0
1785944107107|1004|stream128_r2f_01|fixed|168,1378943233,16781056,75230846,74187897,853490,0,853490,0,18114,0,9057,0,0,0,70867,70867,57864648,0,4096,0,0,0,9057,0,433780817,0,433780825,0,0,0,0,0,0,0,0,0,4096,256,131072,4,15|4,0,134217728,262144,512,0,0,0,0,1076,0,1064,0,269,266,0,1,1076,0|182,1151808868,6,0,0,69730304,0,69730304,0,213514,0,0,266,0,0,0,0,0,0,0,7407161,0,0,0,0,0
1785944107107|1004|stream128_r2f_01|rotating|168,1378943233,33554687,75305530,74261682,74451189,74261682,74451189,74261682,71205,70939,70937,70937,0,0,9066,0,2189688192,2185344960,4096,4096,0,0,70938,70938,419878623,419878676,419878631,419878660,0,0,0,0,0,0,0,0,4096,256,131072,4,15|4,0,134217728,262144,512,0,0,0,0,1076,0,1064,0,269,266,0,1,1076,0|182,465592246,6,69959520,0,0,0,0,0,74307721,0,266,0,3833931390,0,3833931390,0,2080,3808317800,0,41146820,0,0,0,0,0
1785944112114|1004|stream128_r2f_01|fixed|170,1378943233,16781056,81508846,80379203,924734,0,924734,0,19626,0,9813,0,0,0,76780,76780,62694680,0,4096,0,0,0,9813,0,754321188,0,754321196,0,0,0,0,0,0,0,0,0,4096,256,131072,4,15|4,0,134217728,262144,512,0,0,0,0,1164,0,1152,0,291,288,0,1,1164,0|184,1471481278,6,0,0,75497472,0,75497472,0,231277,0,0,288,0,0,0,0,0,0,0,7449599,0,0,0,0,0
1785944112114|1004|stream128_r2f_01|rotating|170,1378943233,33554687,81583331,80452709,80657751,80452709,80657751,80452709,77140,76852,76850,76850,0,0,9822,0,2372213609,2367512148,4096,4096,0,0,76851,76851,740263019,740263040,740263027,740263048,0,0,0,0,0,0,0,0,4096,256,131072,4,15|4,0,134217728,262144,512,0,0,0,0,1168,0,1156,0,292,289,0,1,1168,0|184,785954171,6,75783328,0,0,0,0,0,80494874,0,289,0,4152837363,0,4152837363,0,2080,4125407478,0,44108185,0,0,0,0,0
1785944117118|1004|stream128_r2f_01|fixed|172,1378943233,16781056,87779993,86564307,995880,0,995880,0,21136,0,10568,0,0,0,82691,82691,67518296,0,4096,0,0,0,10568,0,1074429410,0,1074429418,0,0,0,0,0,0,0,0,0,4096,256,131072,4,15|5,0,134217728,262144,512,0,0,0,0,1256,0,1244,0,314,311,0,1,1256,0|186,1792497552,6,0,0,81526784,0,81526784,0,249134,0,0,311,0,0,0,0,0,0,0,7505474,0,0,0,0,0
1785944117118|1004|stream128_r2f_01|rotating|172,1378943233,33554687,87868609,86651030,86871599,86651030,86871599,86651030,83087,82777,82774,82774,0,0,10580,0,2555088992,2550013067,4096,4096,0,0,82775,82775,1061373125,1061373130,1061373133,1061373138,0,0,0,0,0,0,0,0,4096,256,131072,4,15|4,0,134217728,262144,512,0,0,0,0,1256,0,1244,0,314,311,0,1,1256,0|186,1106487617,6,81613728,0,0,0,0,0,86684159,0,311,0,176945913,1,176945913,1,2080,147836510,1,46938767,0,0,0,0,0
1785944122137|1004|stream128_r2f_01|fixed|174,1378943233,16781056,94071434,92768990,1067405,0,1067405,0,22654,0,11327,0,0,0,88618,88618,72367536,0,4096,0,0,0,11327,0,1396057071,0,1396057079,0,0,0,0,0,0,0,0,0,4096,256,131072,4,15|4,0,134217728,262144,512,0,0,0,0,1344,0,1332,0,336,333,0,1,1344,0|188,2113754992,6,0,0,87293952,0,87293952,0,266969,0,0,333,0,0,0,0,0,0,0,7553559,0,0,0,0,0
1785944122137|1004|stream128_r2f_01|rotating|174,1378943233,33554687,94145764,92842481,93077606,92842481,93077606,92842481,89023,88691,88688,88688,0,0,11335,0,2737621227,2732186720,4096,4096,0,0,88689,88689,1381775406,1381775427,1381775414,1381775411,0,0,0,0,0,0,0,0,4096,256,131072,4,15|4,0,134217728,262144,512,0,0,0,0,1344,0,1332,0,336,333,0,1,1344,0|188,1427878191,6,87459936,0,0,0,0,0,92893842,0,333,0,496874935,1,496874935,1,2080,466090406,1,49768351,0,0,0,0,0
1785944127147|1004|stream128_r2f_01|fixed|176,1378943233,16781056,100355561,98965851,1138646,0,1138646,0,24166,0,12083,0,0,0,94536,94536,77197584,0,4096,0,0,0,12083,0,1716595609,0,1716595617,0,0,0,0,0,0,0,0,0,4096,256,131072,4,15|4,0,134217728,262144,512,0,0,0,0,1432,0,1420,0,358,355,0,1,1432,0|190,2434449536,6,0,0,93061120,0,93061120,0,284803,0,0,355,0,0,0,0,0,0,0,7598326,0,0,0,0,0
1785944127147|1004|stream128_r2f_01|rotating|176,1378943233,33558272,100430132,99039311,99290635,99039311,99290635,99039311,94963,94609,94607,94607,0,0,12092,0,2920324912,2914531704,4096,4096,0,0,94607,94607,1702451619,1702451928,1702451627,1702451936,0,0,0,0,0,0,0,0,4096,256,131072,4,15|4,0,134217728,262144,512,0,0,0,0,1432,0,1420,0,358,355,0,1,1432,0|190,1747598667,6,93274528,0,0,0,0,0,99071545,0,355,0,815141763,1,815141763,1,2080,782673773,1,52599482,0,0,0,0,0
1785944132155|1004|stream128_r2f_01|fixed|178,1378943233,16781056,106640440,105163534,1209890,0,1209890,0,25678,0,12839,0,0,0,100456,100456,82027616,0,4096,0,0,0,12839,0,2037135481,0,2037135489,0,0,0,0,0,0,0,0,0,4096,256,131072,4,15|4,0,134217728,262144,512,0,0,0,0,1520,0,1508,0,380,377,0,1,1520,0|192,2755344986,6,0,0,98828288,0,98828288,0,302637,0,0,377,0,0,0,0,0,0,0,7646986,0,0,0,0,0
1785944132155|1004|stream128_r2f_01|rotating|178,1378943233,33554687,106731121,105253266,105520197,105253266,105520197,105253266,100920,100544,100541,100541,0,0,12850,0,3103512054,3097359528,4096,4096,0,0,100542,100542,2023998584,2023998597,2023998592,2023998581,0,0,0,0,0,0,0,0,4096,256,131072,4,15|4,0,134217728,262144,512,0,0,0,0,1524,0,1512,0,381,378,0,1,1524,0|192,2069066039,6,99122048,0,0,0,0,0,105280504,0,378,0,1135147255,1,1135147255,1,2080,1100868640,1,55560268,0,0,0,0,0
1785944137160|1004|stream128_r2f_01|fixed|180,1378943233,16781056,112912052,111347922,1281036,0,1281036,0,27188,0,13594,0,0,0,106364,106364,86851232,0,4096,0,0,0,13594,0,2357241825,0,2357241833,0,0,0,0,0,0,0,0,0,4096,256,131072,4,15|5,0,134217728,262144,512,0,0,0,0,1612,0,1600,0,403,400,0,1,1612,0|194,3075283858,6,0,0,104857600,0,104857600,0,320423,0,0,400,0,0,0,0,0,0,0,7688822,0,0,0,0,0
1785944137160|1004|stream128_r2f_01|rotating|180,1378943233,33554687,112984085,111418530,111702107,111418530,111702107,111418530,106834,106435,106432,106432,0,0,13604,0,3285346296,3278817640,4096,4096,0,0,106433,106433,2343304057,2343304078,2343304065,2343304054,0,0,0,0,0,0,0,0,4096,256,131072,4,15|4,0,134217728,262144,512,0,0,0,0,1612,0,1600,0,403,400,0,1,1612,0|194,2388300005,6,104928736,0,0,0,0,0,111447629,0,400,0,1452929549,1,1452929549,1,2080,1416968097,1,58389078,0,0,0,0,0
1785944142166|1004|stream128_r2f_01|fixed|182,1378943233,16781056,119187471,117536051,1352277,0,1352277,0,28700,0,14350,0,0,0,112275,112275,91681288,0,4096,0,0,0,14350,0,2677580889,0,2677580897,0,0,0,0,0,0,0,0,0,4096,256,131072,4,15|4,0,134217728,262144,512,0,0,0,0,1700,0,1688,0,425,422,0,1,1700,0|196,3395799751,6,0,0,110624768,0,110624768,0,338234,0,0,422,0,0,0,0,0,0,0,7734071,0,0,0,0,0
1785944142166|1004|stream128_r2f_01|rotating|182,1378943233,33554687,119261568,117609217,117908441,117609217,117908441,117609217,112769,112348,112345,112345,0,0,14359,0,3467881575,3460992018,4096,4096,0,0,112346,112346,2663696442,2663696447,2663696450,2663696455,0,0,0,0,0,0,0,0,4096,256,131072,4,15|4,0,134217728,262144,512,0,0,0,0,1700,0,1688,0,425,422,0,1,1700,0|196,2708841265,6,110759136,0,0,0,0,0,117641297,0,422,0,1772013209,1,1772013209,1,2080,1734372532,1,61219367,0,0,0,0,0
1785944147180|1004|stream128_r2f_01|fixed|184,1378943233,16781056,125477856,123739268,1423709,0,1423709,0,30216,0,15108,0,0,0,118201,118201,96524144,0,4096,0,0,0,15108,0,2998980046,0,2998980054,0,0,0,0,0,0,0,0,0,4096,256,131072,4,15|4,0,134217728,262144,512,0,0,0,0,1788,0,1776,0,447,444,0,1,1788,0|198,3718551729,6,0,0,116391936,0,116391936,0,356163,0,0,444,0,0,0,0,0,0,0,7782984,0,0,0,0,0
1785944147180|1004|stream128_r2f_01|rotating|184,1378943233,33558272,125582004,123842188,124157163,123842188,124157163,123842188,118744,118302,118299,118299,0,0,15120,0,3651649696,3644401144,4096,4096,0,0,118299,118299,2986233227,2986233568,2986233235,2986233576,0,0,0,0,0,0,0,0,4096,256,131072,4,15|4,0,134217728,262144,512,0,0,0,0,1788,0,1776,0,447,444,0,1,1788,0|198,3033111295,6,116652768,0,0,0,0,0,123907784,0,444,0,2094809831,1,2094809831,1,2080,2055501593,1,64051568,0,0,0,0,0
1785944152186|1004|stream128_r2f_01|fixed|186,1378943233,16781056,131810044,129984591,1495517,0,1495517,0,31740,0,15870,0,0,0,124166,124166,101392456,0,4096,0,0,0,15870,0,3322097962,0,3322097970,0,0,0,0,0,0,0,0,0,4096,256,131072,4,15|4,0,134217728,262144,512,0,0,0,0,1880,0,1868,0,470,467,0,1,1880,0|200,4045785082,6,0,0,122421248,0,122421248,0,374350,0,0,467,0,0,0,0,0,0,0,7834479,0,0,0,0,0
1785944152186|1004|stream128_r2f_01|rotating|186,1378943233,33554687,132005357,130176912,130507580,130176912,130507580,130176912,124819,124354,124350,124350,0,0,15894,0,3838438395,3830813494,4096,4096,0,0,124351,124351,3314174760,3314174757,3314174768,3314174765,0,0,0,0,0,0,0,0,4096,256,131072,4,15|4,0,134217728,262144,512,0,0,0,0,1880,0,1868,0,470,467,0,1,1880,0|200,3360474091,6,122610944,0,0,0,0,0,130231479,0,467,0,2420683083,1,2420683083,1,2080,2379587951,1,67012381,0,0,0,0,0
1785944157198|1004|stream128_r2f_01|fixed|188,1378943233,16781056,138037757,136127762,1566192,0,1566192,0,33240,0,16620,0,0,0,130032,130032,106184168,0,4096,0,0,0,16620,0,3640057360,0,3640057368,0,0,0,0,0,0,0,0,0,4096,256,131072,4,15|4,0,134217728,262144,512,0,0,0,0,1964,0,1952,0,491,488,0,1,1964,0|202,62132113,7,0,0,127926272,0,127926272,0,391642,0,0,488,0,0,0,0,0,0,0,7876048,0,0,0,0,0
1785944157198|1004|stream128_r2f_01|rotating|188,1378943233,33558272,138087082,136175869,136520326,136175869,136520326,136175869,130569,130082,130079,130079,0,0,16626,0,4015275680,4007292432,4096,4096,0,0,130079,130079,3624641348,3624641705,3624641356,3624641713,0,0,0,0,0,0,0,0,4096,256,131072,4,15|4,0,134217728,262144,512,0,0,0,0,1968,0,1956,0,492,489,0,1,1968,0|202,3670448735,6,128243744,0,0,0,0,0,136219624,0,489,0,2729249527,1,2729249527,1,2080,2686432470,1,69842945,0,0,0,0,0
1785944162209|1004|stream128_r2f_01|fixed|190,1378943233,16781056,144322930,142324665,1637527,0,1637527,0,34754,0,17377,0,0,0,135953,135953,111020608,0,4096,0,0,0,17377,0,3960828912,0,3960828920,0,0,0,0,0,0,0,0,0,4096,256,131072,4,15|4,0,134217728,262144,512,0,0,0,0,2048,0,2044,0,512,511,0,1,2048,0|204,383842256,7,0,0,133955584,0,133955584,0,409523,0,0,511,0,0,0,0,0,0,0,7929853,0,0,0,0,0
1785944162209|1004|stream128_r2f_01|rotating|190,1378943233,33554687,144390761,142391739,142752478,142391739,142752478,142391739,136529,136020,136016,136016,0,0,17385,0,4198564557,4190221064,4096,4096,0,0,136017,136017,3946361655,3946361652,3946361663,3946361660,0,0,0,0,0,0,0,0,4096,256,131072,4,15|4,0,134217728,262144,512,0,0,0,0,2048,0,2044,0,512,511,0,1,2048,0|204,3991560561,6,134082048,0,0,0,0,0,142423729,0,511,0,3048901777,1,3048901777,1,2080,3004404911,1,72675515,0,0,0,0,0
1785944168166|1005|stream128_r2f_02|fixed|194,1378943233,16781056,6143834,6059567,69643,0,69643,0,1478,0,739,0,0,0,5787,5787,4721392,0,4096,0,0,0,739,0,47010579,0,47010587,0,0,0,0,0,0,0,0,0,4096,256,131072,4,15|4,0,134217728,262144,512,0,0,0,0,96,0,84,0,24,21,0,1,96,0|212,764722651,7,0,0,5505024,0,5505024,0,17528,0,0,21,0,0,0,0,0,0,0,6885183,0,0,0,0,0
1785944168166|1005|stream128_r2f_02|rotating|194,1378943233,33558272,6215933,6130223,6145445,6130223,6145445,6130223,5878,5855,5855,5855,0,0,748,0,180732008,180373184,4096,4096,0,0,5855,5855,32776258,32776591,32776266,32776599,0,0,0,0,0,0,0,0,4096,256,131072,4,15|4,0,134217728,262144,512,0,0,0,0,100,0,88,0,25,22,0,1,100,0|212,77769221,7,5806688,0,0,0,0,0,6163967,0,22,0,322731719,0,322731719,0,2080,315855895,0,9752620,0,0,0,0,0
1785944173168|1005|stream128_r2f_02|fixed|196,1378943233,16781056,12416914,12245847,140788,0,140788,0,2988,0,1494,0,0,0,11699,11699,9545064,0,4096,0,0,0,1494,0,367118627,0,367118635,0,0,0,0,0,0,0,0,0,4096,256,131072,4,15|4,0,134217728,262144,512,0,0,0,0,188,0,176,0,47,44,0,1,188,0|214,1085006942,7,0,0,11534336,0,11534336,0,35338,0,0,44,0,0,0,0,0,0,0,6940900,0,0,0,0,0
1785944173168|1005|stream128_r2f_02|rotating|196,1378943233,33554687,12482667,12310000,12341031,12310000,12341031,12310000,11806,11761,11760,11760,0,0,1503,0,363033154,362315901,4096,4096,0,0,11761,11761,352775953,352775958,352775961,352775966,0,0,0,0,0,0,0,0,4096,256,131072,4,15|4,0,134217728,262144,512,0,0,0,0,188,0,176,0,47,44,0,1,188,0|214,397932937,7,11629184,0,0,0,0,0,12347167,0,44,0,641439811,0,641439811,0,2080,632882993,0,12582981,0,0,0,0,0
1785944178182|1005|stream128_r2f_02|fixed|198,1378943233,16781056,18698355,18438863,212124,0,212124,0,4502,0,2251,0,0,0,17617,17617,14381512,0,4096,0,0,0,2251,0,687888129,0,687888137,0,0,0,0,0,0,0,0,0,4096,256,131072,4,15|4,0,134217728,262144,512,0,0,0,0,276,0,264,0,69,66,0,1,276,0|216,1406782791,7,0,0,17301504,0,17301504,0,53220,0,0,66,0,0,0,0,0,0,0,6984985,0,0,0,0,0
1785944178182|1005|stream128_r2f_02|rotating|198,1378943233,33554687,18793634,18533148,18580471,18533148,18580471,18533148,17774,17707,17706,17706,0,0,2262,0,546569080,545493355,4096,4096,0,0,17707,17707,674920091,674920080,674920099,674920088,0,0,0,0,0,0,0,0,4096,256,131072,4,15|4,0,134217728,262144,512,0,0,0,0,276,0,264,0,69,66,0,1,276,0|216,720004133,7,17491200,0,0,0,0,0,18569528,0,66,0,962045503,0,962045503,0,2080,951815607,0,15413911,0,0,0,0,0
1785944183185|1005|stream128_r2f_02|fixed|200,1378943233,16781056,24970720,24624770,283273,0,283273,0,6012,0,3006,0,0,0,23526,23526,19205160,0,4096,0,0,0,3006,0,1007996445,0,1007996453,0,0,0,0,0,0,0,0,0,4096,256,131072,4,15|4,0,134217728,262144,512,0,0,0,0,364,0,352,0,91,88,0,1,364,0|218,1727186046,7,0,0,23068672,0,23068672,0,71031,0,0,88,0,0,0,0,0,0,0,7025542,0,0,0,0,0
1785944183185|1005|stream128_r2f_02|rotating|200,1378943233,33554687,25067579,24720367,24783174,24720367,24783174,24720367,23707,23618,23617,23617,0,0,3018,0,729014444,727579943,4096,4096,0,0,23618,23618,995169204,995169177,995169212,995169185,0,0,0,0,0,0,0,0,4096,256,131072,4,15|4,0,134217728,262144,512,0,0,0,0,364,0,352,0,91,88,0,1,364,0|218,1040993777,7,23329504,0,0,0,0,0,24771194,0,88,0,1281575571,0,1281575571,0,2080,1269667776,0,18244571,0,0,0,0,0
1785944188191|1005|stream128_r2f_02|fixed|202,1378943233,16781056,31252981,30819897,354517,0,354517,0,7524,0,3762,0,0,0,29443,29443,24035192,0,4096,0,0,0,3762,0,1328534162,0,1328534170,0,0,0,0,0,0,0,0,0,4096,256,131072,4,15|4,0,134217728,262144,512,0,0,0,0,452,0,440,0,113,110,0,1,452,0|220,2046926961,7,0,0,28835840,0,28835840,0,88793,0,0,110,0,0,0,0,0,0,0,7070677,0,0,0,0,0
1785944188191|1005|stream128_r2f_02|rotating|202,1378943233,33558272,31343186,30908368,30987542,30908368,30987542,30908368,29640,29528,29528,29528,0,0,3774,0,911469816,909659048,4096,4096,0,0,29528,29528,1315536349,1315536690,1315536357,1315536698,0,0,0,0,0,0,0,0,4096,256,131072,4,15|4,0,134217728,262144,512,0,0,0,0,456,0,444,0,114,111,0,1,456,0|220,1361487649,7,29153312,0,0,0,0,0,30961487,0,111,0,1600613491,0,1600613491,0,2080,1586891456,0,21203881,0,0,0,0,0
1785944193195|1005|stream128_r2f_02|fixed|204,1378943233,16781056,37528975,37008095,425756,0,425756,0,9036,0,4518,0,0,0,35355,35355,28865216,0,4096,0,0,0,4518,0,1649074373,0,1649074381,0,0,0,0,0,0,0,0,0,4096,256,131072,4,15|5,0,134217728,262144,512,0,0,0,0,544,0,532,0,136,133,0,1,544,0|222,2366842486,7,0,0,34865152,0,34865152,0,106580,0,0,133,0,0,0,0,0,0,0,7124343,0,0,0,0,0
1785944193195|1005|stream128_r2f_02|rotating|204,1378943233,33554687,37605732,37083227,37179034,37083227,37179034,37083227,35562,35428,35427,35427,0,0,4528,0,1093566038,1091395425,4096,4096,0,0,35428,35428,1635189547,1635189544,1635189555,1635189560,0,0,0,0,0,0,0,0,4096,256,131072,4,15|4,0,134217728,262144,512,0,0,0,0,544,0,532,0,136,133,0,1,544,0|222,1681753454,7,34975808,0,0,0,0,0,37149024,0,133,0,1919423672,0,1919423672,0,2080,1904018250,0,24036635,0,0,0,0,0
1785944198196|1005|stream128_r2f_02|fixed|206,1378943233,16781056,43815699,43205966,497093,0,497093,0,10550,0,5275,0,0,0,41275,41275,33701664,0,4096,0,0,0,5275,0,1969843301,0,1969843309,0,0,0,0,0,0,0,0,0,4096,256,131072,4,15|4,0,134217728,262144,512,0,0,0,0,632,0,620,0,158,155,0,1,632,0|224,2687951237,7,0,0,40632320,0,40632320,0,124414,0,0,155,0,0,0,0,0,0,0,7159516,0,0,0,0,0
1785944198196|1005|stream128_r2f_02|rotating|206,1378943233,33554687,43914528,43303655,43416304,43303655,43416304,43303655,41525,41369,41368,41368,0,0,5287,0,1276966330,1274437176,4096,4096,0,0,41369,41369,1957088879,1957088876,1957088887,1957088836,0,0,0,0,0,0,0,0,4096,256,131072,4,15|4,0,134217728,262144,512,0,0,0,0,632,0,620,0,158,155,0,1,632,0|224,2002471784,7,40814112,0,0,0,0,0,43346401,0,155,0,2238682426,0,2238682426,0,2080,2221599910,0,26866490,0,0,0,0,0
1785944203196|1005|stream128_r2f_02|fixed|208,1378943233,16781056,50069713,49372808,568052,0,568052,0,12056,0,6028,0,0,0,47166,47166,38512568,0,4096,0,0,0,6028,0,2289092217,0,2289092225,0,0,0,0,0,0,0,0,0,4096,256,131072,4,15|4,0,134217728,262144,512,0,0,0,0,720,0,708,0,180,177,0,1,720,0|226,3006864434,7,0,0,46399488,0,46399488,0,142154,0,0,177,0,0,0,0,0,0,0,7193136,0,0,0,0,0
1785944203196|1005|stream128_r2f_02|rotating|208,1378943233,33554687,50148503,49450689,49579601,49450689,49579601,49450689,47420,47242,47240,47240,0,0,6037,0,1458216968,1455327435,4096,4096,0,0,47241,47241,2275255440,2275255453,2275255448,2275255461,0,0,0,0,0,0,0,0,4096,256,131072,4,15|4,0,134217728,262144,512,0,0,0,0,720,0,708,0,180,177,0,1,720,0|226,2320905208,7,46604992,0,0,0,0,0,49498742,0,177,0,2555668130,0,2555668130,0,2080,2536897392,0,29697291,0,0,0,0,0
1785944208208|1005|stream128_r2f_02|fixed|210,1378943233,16781056,56344988,55559591,639295,0,639295,0,13568,0,6784,0,0,0,53082,53082,43342600,0,4096,0,0,0,6784,0,2609630162,0,2609630170,0,0,0,0,0,0,0,0,0,4096,256,131072,4,15|4,0,134217728,262144,512,0,0,0,0,808,0,796,0,202,199,0,1,808,0|228,3327669596,7,0,0,52166656,0,52166656,0,159965,0,0,199,0,0,0,0,0,0,0,7230457,0,0,0,0,0
1785944208208|1005|stream128_r2f_02|rotating|210,1378943233,33558272,56419271,55633038,55779129,55633038,55779129,55633038,53354,53155,53153,53153,0,0,6793,0,1640726208,1637477200,4096,4096,0,0,53153,53153,2595595312,2595595645,2595595320,2595595653,0,0,0,0,0,0,0,0,4096,256,131072,4,15|4,0,134217728,262144,512,0,0,0,0,808,0,796,0,202,199,0,1,808,0|228,2640614423,7,52419584,0,0,0,0,0,55669716,0,199,0,2873923697,0,2873923697,0,2048,2853470116,0,32527804,0,0,0,0,0
1785944213218|1005|stream128_r2f_02|fixed|212,1378943233,16781056,62625744,61754285,710630,0,710630,0,15082,0,7541,0,0,0,59004,59004,48178960,0,4096,0,0,0,7541,0,2930596841,0,2930596849,0,0,0,0,0,0,0,0,0,4096,256,131072,4,15|4,0,134217728,262144,512,0,0,0,0,896,0,884,0,224,221,0,1,896,0|230,3648458775,7,0,0,58195968,0,58195968,0,177822,0,0,222,0,0,0,0,0,0,0,7284775,0,0,0,0,0
1785944213218|1005|stream128_r2f_02|rotating|212,1378943233,33554687,62691008,61818055,61979625,61818055,61979625,61818055,59290,59069,59065,59065,0,0,7549,0,1823241836,1819619055,4096,4096,0,0,59066,59066,2916091762,2916091759,2916091770,2916091767,0,0,0,0,0,0,0,0,4096,256,131072,4,15|4,0,134217728,262144,512,0,0,0,0,900,0,888,0,225,222,0,1,900,0|230,2961295598,7,58251296,0,0,0,0,0,61857158,0,222,0,3193146944,0,3193146944,0,2080,3170882217,0,35485717,0,0,0,0,0
1785944218234|1005|stream128_r2f_02|fixed|214,1378943233,16781056,68911308,67952054,782059,0,782059,0,16598,0,8299,0,0,0,64929,64929,53021800,0,4096,0,0,0,8299,0,3251794482,0,3251794490,0,0,0,0,0,0,0,0,0,4096,256,131072,4,15|4,0,134217728,262144,512,0,0,0,0,988,0,976,0,247,244,0,1,988,0|232,3969327899,7,0,0,63963136,0,63963136,0,195632,0,0,244,0,0,0,0,0,0,0,7333934,0,0,0,0,0
1785944218234|1005|stream128_r2f_02|rotating|214,1378943233,33554687,68974548,68014654,68191828,68014654,68191828,68014654,65236,64993,64989,64989,0,0,8306,0,2006081120,2002098275,4096,4096,0,0,64990,64990,3237027386,3237027399,3237027394,3237027407,0,0,0,0,0,0,0,0,4096,256,131072,4,15|4,0,134217728,262144,512,0,0,0,0,988,0,976,0,247,244,0,1,988,0|232,3282284916,7,64089600,0,0,0,0,0,68055341,0,244,0,3512676686,0,3512676686,0,2080,3488735342,0,38315095,0,0,0,0,0
1785944223249|1005|stream128_r2f_02|fixed|216,1378943233,16781056,75194233,74147833,853303,0,853303,0,18110,0,9055,0,0,0,70847,70847,57851896,0,4096,0,0,0,9055,0,3572332291,0,3572332299,0,0,0,0,0,0,0,0,0,4096,256,131072,4,15|4,0,134217728,262144,512,0,0,0,0,1076,0,1064,0,269,266,0,1,1076,0|234,4290570147,7,0,0,69730304,0,69730304,0,213490,0,0,266,0,0,0,0,0,0,0,7379941,0,0,0,0,0
1785944223249|1005|stream128_r2f_02|rotating|216,1378943233,33554687,75287471,74239909,74433130,74239909,74433130,74239909,71205,70939,70935,70935,0,0,9066,0,2189635899,2185294294,4096,4096,0,0,70936,70936,3559195883,3559195888,3559195891,3559195896,0,0,0,0,0,0,0,0,4096,256,131072,4,15|4,0,134217728,262144,512,0,0,0,0,1076,0,1064,0,269,266,0,1,1076,0|234,3604224164,7,69943712,0,0,0,0,0,74275853,0,266,0,3833152406,0,3833152406,0,2080,3807536858,0,41145454,0,0,0,0,0
1785944228260|1005|stream128_r2f_02|fixed|218,1378943233,16781056,81483054,80350405,924640,0,924640,0,19624,0,9812,0,0,0,76771,76771,62688304,0,4096,0,0,0,9812,0,3893300312,0,3893300328,0,0,0,0,0,0,0,0,0,4096,256,131072,4,15|4,0,134217728,262144,512,0,0,0,0,1164,0,1152,0,291,288,0,1,1164,0|236,316365361,8,0,0,75497472,0,75497472,0,231301,0,0,288,0,0,0,0,0,0,0,7419680,0,0,0,0,0
1785944228260|1005|stream128_r2f_02|rotating|218,1378943233,33554687,81550649,80417309,80625257,80417309,80625257,80417309,77127,76839,76835,76835,0,0,9820,0,2371751027,2367052216,4096,4096,0,0,76836,76836,3878869242,3878869255,3878869250,3878869223,0,0,0,0,0,0,0,0,4096,256,131072,4,15|4,0,134217728,262144,512,0,0,0,0,1164,0,1152,0,291,288,0,1,1164,0|236,3923795410,7,75758304,0,0,0,0,0,80450599,0,288,0,4151270004,0,4151270004,0,2080,4123971290,0,43976290,0,0,0,0,0
1785944233322|1005|stream128_r2f_02|fixed|220,1378943233,16781056,87835610,86613943,996822,0,996822,0,21156,0,10578,0,0,0,82758,82758,67582208,0,4096,0,0,0,10578,0,4217937121,0,4217937129,0,0,0,0,0,0,0,0,0,4096,256,131072,4,15|4,0,134217728,262144,512,0,0,0,0,1256,0,1244,0,314,311,0,1,1256,0|238,642045055,8,0,0,81526784,0,81526784,0,249417,0,0,311,0,0,0,0,0,0,0,7469758,0,0,0,0,0
1785944233322|1005|stream128_r2f_02|rotating|220,1378943233,33554687,87934861,86712093,86937001,86712093,86937001,86712093,83167,82856,82852,82852,0,0,10589,0,2557473486,2552399617,4096,4096,0,0,82853,82853,4204943483,4204943488,4204943491,4204943496,0,0,0,0,0,0,0,0,4096,256,131072,4,15|4,0,134217728,262144,512,0,0,0,0,1256,0,1244,0,314,311,0,1,1256,0|238,4251557664,7,81716480,0,0,0,0,0,86778141,0,311,0,182575418,1,182575418,1,2080,153491819,1,46935094,0,0,0,0,0
1785944238346|1005|stream128_r2f_02|fixed|222,1378943233,16781056,94121557,92813519,1068065,0,1068065,0,22668,0,11334,0,0,0,88680,88680,72412280,0,4096,0,0,0,11334,0,243507449,0,243507457,0,0,0,0,0,0,0,0,0,4096,256,131072,4,15|4,0,134217728,262144,512,0,0,0,0,1344,0,1332,0,336,333,0,1,1344,0|240,962757690,8,0,0,87293952,0,87293952,0,267228,0,0,333,0,0,0,0,0,0,0,7512021,0,0,0,0,0
1785944238346|1005|stream128_r2f_02|rotating|222,1378943233,33554687,94233888,92924440,93164597,92924440,93164597,92924440,89123,88789,88785,88785,0,0,11347,0,2740637604,2735205039,4096,4096,0,0,88786,88786,231460498,231460487,231460506,231460495,0,0,0,0,0,0,0,0,4096,256,131072,4,15|4,0,134217728,262144,512,0,0,0,0,1344,0,1332,0,336,333,0,1,1344,0|240,276684114,8,87538976,0,0,0,0,0,92962467,0,333,0,501213540,1,501213540,1,2080,470449096,1,49765306,0,0,0,0,0
1785944243352|1005|stream128_r2f_02|fixed|224,1378943233,16781056,100404631,99008042,1139308,0,1139308,0,24180,0,12090,0,0,0,94597,94597,77242312,0,4096,0,0,0,12090,0,564046031,0,564046047,0,0,0,0,0,0,0,0,0,4096,256,131072,4,15|4,0,134217728,262144,512,0,0,0,0,1432,0,1420,0,358,355,0,1,1432,0|242,1282530302,8,0,0,93061120,0,93061120,0,284991,0,0,355,0,0,0,0,0,0,0,7572261,0,0,0,0,0
1785944243352|1005|stream128_r2f_02|rotating|224,1378943233,33554687,100499019,99101332,99358583,99101332,99358583,99101332,95046,94690,94686,94686,0,0,12102,0,2922773535,2916981962,4096,4096,0,0,94687,94687,551171364,551171377,551171372,551171393,0,0,0,0,0,0,0,0,4096,256,131072,4,15|4,0,134217728,262144,512,0,0,0,0,1436,0,1424,0,359,356,0,1,1436,0|242,597132453,8,93362784,0,0,0,0,0,99151618,0,356,0,820205927,1,820205927,1,2080,787626815,1,52725044,0,0,0,0,0
1785944248353|1005|stream128_r2f_02|fixed|226,1378943233,16781056,106689639,105206974,1210642,0,1210642,0,25694,0,12847,0,0,0,100517,100517,82078704,0,4096,0,0,0,12847,0,885013046,0,885013054,0,0,0,0,0,0,0,0,0,4096,256,131072,4,15|4,0,134217728,262144,512,0,0,0,0,1520,0,1508,0,380,377,0,1,1520,0|244,1601881111,8,0,0,98828288,0,98828288,0,302731,0,0,377,0,0,0,0,0,0,0,7618937,0,0,0,0,0
1785944248353|1005|stream128_r2f_02|rotating|226,1378943233,33557555,106743410,105259385,105532109,105259385,105532109,105259385,100950,100571,100568,100568,0,0,12854,0,3104329752,3098162201,4096,4096,0,0,100569,100569,869993067,869993048,869993043,869993056,0,0,0,0,0,0,0,0,4096,256,131072,4,15|4,0,134217728,262144,512,0,0,0,0,1524,0,1512,0,381,378,0,1,1524,0|244,915876530,8,99161568,0,0,0,0,0,105310359,0,378,0,1137500308,1,1137500308,1,2080,1103235667,1,55554849,0,0,0,0,0
1785944253354|1005|stream128_r2f_02|fixed|228,1378943233,16781056,112941206,111371256,1281600,0,1281600,0,27200,0,13600,0,0,0,106407,106407,86889600,0,4096,0,0,0,13600,0,1203938663,0,1203938671,0,0,0,0,0,0,0,0,0,4096,256,131072,4,15|4,0,134217728,262144,512,0,0,0,0,1612,0,1600,0,403,400,0,1,1612,0|246,1922225589,8,0,0,104857600,0,104857600,0,320541,0,0,400,0,0,0,0,0,0,0,7669710,0,0,0,0,0
1785944253354|1005|stream128_r2f_02|rotating|228,1378943233,33554687,113018510,111447550,111736060,111447550,111736060,111447550,106884,106486,106479,106479,0,0,13609,0,3286808812,3280283823,4096,4096,0,0,106480,106480,1190290022,1190290019,1190290030,1190290027,0,0,0,0,0,0,0,0,4096,256,131072,4,15|4,0,134217728,262144,512,0,0,0,0,1612,0,1600,0,403,400,0,1,1612,0|246,1235867393,8,104984064,0,0,0,0,0,111491928,0,400,0,1456035547,1,1456035547,1,2080,1420089011,1,58386111,0,0,0,0,0
1785944258357|1005|stream128_r2f_02|fixed|230,1378943233,16781056,119236810,117579704,1353032,0,1353032,0,28716,0,14358,0,0,0,112337,112337,91732448,0,4096,0,0,0,14358,0,1525463441,0,1525463449,0,0,0,0,0,0,0,0,0,4096,256,131072,4,15|4,0,134217728,262144,512,0,0,0,0,1700,0,1688,0,425,422,0,1,1700,0|248,2243510595,8,0,0,110624768,0,110624768,0,338399,0,0,422,0,0,0,0,0,0,0,7726920,0,0,0,0,0
1785944258357|1005|stream128_r2f_02|rotating|230,1378943233,33554687,119328417,117670104,117974347,117670104,117974347,117670104,112850,112430,112423,112423,0,0,14369,0,3470287092,3463401688,4096,4096,0,0,112424,112424,1512332013,1512332018,1512332021,1512331978,0,0,0,0,0,0,0,0,4096,256,131072,4,15|4,0,134217728,262144,512,0,0,0,0,1700,0,1688,0,425,422,0,1,1700,0|248,1557417623,8,110830272,0,0,0,0,0,117705404,0,422,0,1776124225,1,1776124225,1,2080,1738499571,1,61218687,0,0,0,0,0
1785944263362|1005|stream128_r2f_02|fixed|232,1378943233,16781056,125493996,123751263,1424085,0,1424085,0,30224,0,15112,0,0,0,118232,118232,96549688,0,4096,0,0,0,15112,0,1845143003,0,1845143011,0,0,0,0,0,0,0,0,0,4096,256,131072,4,15|4,0,134217728,262144,512,0,0,0,0,1788,0,1776,0,447,444,0,1,1788,0|250,2562800219,8,0,0,116391936,0,116391936,0,356139,0,0,444,0,0,0,0,0,0,0,7782205,0,0,0,0,0
1785944263362|1005|stream128_r2f_02|rotating|232,1378943233,33554687,125567220,123823601,124142379,123823601,124142379,123823601,118749,118308,118300,118300,0,0,15120,0,3651704538,3644459869,4096,4096,0,0,118301,118301,1830784619,1830784632,1830784627,1830784640,0,0,0,0,0,0,0,0,4096,256,131072,4,15|4,0,134217728,262144,512,0,0,0,0,1788,0,1776,0,447,444,0,1,1788,0|250,1876584086,8,116636960,0,0,0,0,0,123871854,0,444,0,2093839016,1,2093839016,1,2080,2054528674,1,64050348,0,0,0,0,0
1785944268375|1005|stream128_r2f_02|fixed|234,1378943233,16781056,131776905,129946457,1495329,0,1495329,0,31736,0,15868,0,0,0,124150,124150,101379696,0,4096,0,0,0,15868,0,2165681137,0,2165681153,0,0,0,0,0,0,0,0,0,4096,256,131072,4,15|4,0,134217728,262144,512,0,0,0,0,1876,0,1864,0,469,466,0,1,1876,0|252,2883639856,8,0,0,122159104,0,122159104,0,373973,0,0,466,0,0,0,0,0,0,0,7815518,0,0,0,0,0
1785944268375|1005|stream128_r2f_02|rotating|234,1378943233,33558033,131852868,130021352,130356694,130021352,130356694,130021352,124692,124229,124221,124222,0,0,15877,0,3834466312,3826858808,4096,4096,0,0,124222,124222,2151579749,2151572410,2151579725,2151572418,0,0,0,0,0,0,0,0,4096,256,131072,4,15|4,0,134217728,262144,512,0,0,0,0,1880,0,1868,0,470,467,0,1,1880,0|252,2196682241,8,122452864,0,0,0,0,0,130053892,0,467,0,2412483195,1,2412483195,1,2080,2371356916,1,67009658,0,0,0,0,0
1785944273380|1005|stream128_r2f_02|fixed|236,1378943233,16781056,138053163,136136531,1566473,0,1566473,0,33246,0,16623,0,0,0,130061,130061,106203352,0,4096,0,0,0,16623,0,2485790580,0,2485790588,0,0,0,0,0,0,0,0,0,4096,256,131072,4,15|4,0,134217728,262144,512,0,0,0,0,1968,0,1956,0,492,489,0,1,1968,0|254,3204208876,8,0,0,128188416,0,128188416,0,391807,0,0,489,0,0,0,0,0,0,0,7855807,0,0,0,0,0
1785944273380|1005|stream128_r2f_02|rotating|236,1378943233,33554687,138159953,136241184,136592158,136241184,136592158,136241184,130656,130170,130162,130162,0,0,16637,0,4017839574,4009857361,4096,4096,0,0,130163,130163,2473567980,2473567977,2473567988,2473567993,0,0,0,0,0,0,0,0,4096,256,131072,4,15|4,0,134217728,262144,512,0,0,0,0,1968,0,1956,0,492,489,0,1,1968,0|254,2519046730,8,128322784,0,0,0,0,0,136283870,0,489,0,2733380204,1,2733380204,1,2080,2690581862,1,69841270,0,0,0,0,0
1785944278392|1005|stream128_r2f_02|fixed|238,1378943233,16781056,144340041,142335376,1637904,0,1637904,0,34762,0,17381,0,0,0,135983,135983,111046192,0,4096,0,0,0,17381,0,2806990839,0,2806990847,0,0,0,0,0,0,0,0,0,4096,256,131072,4,15|4,0,134217728,262144,512,0,0,0,0,2048,0,2044,0,512,511,0,1,2048,0|256,3524849004,8,0,0,133955584,0,133955584,0,409617,0,0,511,0,0,0,0,0,0,0,7897989,0,0,0,0,0
1785944278392|1005|stream128_r2f_02|rotating|238,1378943233,33558272,144435659,142430158,142796716,142430158,142796716,142430158,136589,136083,136074,136074,0,0,17392,0,4200328072,4191986856,4096,4096,0,0,136074,136074,2793870678,2793871019,2793870686,2793871027,0,0,0,0,0,0,0,0,4096,256,131072,4,15|4,0,134217728,262144,512,0,0,0,0,2048,0,2044,0,512,511,0,1,2048,0|256,2841466056,8,134184800,0,0,0,0,0,142513470,0,511,0,3054334026,1,3054334026,1,2080,3009861539,1,72673267,0,0,0,0,0
1785944284372|1006|stream128_r2f_03|fixed|242,1378943233,16781056,6151217,6066649,69643,0,69643,0,1478,0,739,0,0,0,5793,5793,4721392,0,4096,0,0,0,739,0,3189226614,0,3189226622,0,0,0,0,0,0,0,0,0,4096,256,131072,4,15|4,0,134217728,262144,512,0,0,0,0,96,0,84,0,24,21,0,1,96,0|264,3907409120,8,0,0,5505024,0,5505024,0,17575,0,0,21,0,0,0,0,0,0,0,6882930,0,0,0,0,0
1785944284372|1006|stream128_r2f_03|rotating|242,1378943233,33558272,6218211,6132294,6147723,6132294,6147723,6132294,5880,5857,5857,5857,0,0,748,0,180793360,180433984,4096,4096,0,0,5857,5857,3175102147,3175102464,3175102155,3175102472,0,0,0,0,0,0,0,0,4096,256,131072,4,15|4,0,134217728,262144,512,0,0,0,0,100,0,88,0,25,22,0,1,100,0|264,3220658459,8,5814592,0,0,0,0,0,6177127,0,22,0,323401974,0,323401974,0,2080,316526412,0,9754003,0,0,0,0,0
1785944289397|1006|stream128_r2f_03|fixed|244,1378943233,16781056,12446623,12274208,141165,0,141165,0,2996,0,1498,0,0,0,11727,11727,9570616,0,4096,0,0,0,1498,0,3510854904,0,3510854912,0,0,0,0,0,0,0,0,0,4096,256,131072,4,15|4,0,134217728,262144,512,0,0,0,0,188,0,176,0,47,44,0,1,188,0|266,4228968195,8,0,0,11534336,0,11534336,0,35432,0,0,44,0,0,0,0,0,0,0,6923159,0,0,0,0,0
1785944289397|1006|stream128_r2f_03|rotating|244,1378943233,33554687,12540486,12366932,12398284,12366932,12398284,12366932,11862,11816,11815,11815,0,0,1509,0,364717400,363998328,4096,4096,0,0,11816,11816,3497930379,3497930416,3497930387,3497930392,0,0,0,0,0,0,0,0,4096,256,131072,4,15|4,0,134217728,262144,512,0,0,0,0,188,0,176,0,47,44,0,1,188,0|266,3543731470,8,11692416,0,0,0,0,0,12416843,0,44,0,645005529,0,645005529,0,2053,636461013,0,12584203,0,0,0,0,0
1785944294403|1006|stream128_r2f_03|fixed|246,1378943233,16781056,18723485,18464152,212408,0,212408,0,4508,0,2254,0,0,0,17641,17641,14400704,0,4096,0,0,0,2254,0,3831391514,0,3831391522,0,0,0,0,0,0,0,0,0,4096,256,131072,4,15|4,0,134217728,262144,512,0,0,0,0,276,0,264,0,69,66,0,1,276,0|268,254429028,9,0,0,17301504,0,17301504,0,53243,0,0,66,0,0,0,0,0,0,0,6975198,0,0,0,0,0
1785944294403|1006|stream128_r2f_03|rotating|246,1378943233,33558272,18797855,18537592,18584597,18537592,18584597,18537592,17779,17711,17711,17711,0,0,2263,0,546703608,545625968,4096,4096,0,0,17711,17711,3817358444,3817358793,3817358452,3817358801,0,0,0,0,0,0,0,0,4096,256,131072,4,15|4,0,134217728,262144,512,0,0,0,0,276,0,264,0,69,66,0,1,276,0|268,3862351819,8,17491200,0,0,0,0,0,18571614,0,66,0,962176182,0,962176182,0,2080,951946770,0,15413375,0,0,0,0,0
1785944299413|1006|stream128_r2f_03|fixed|248,1378943233,16781056,25009075,24662533,283746,0,283746,0,6022,0,3011,0,0,0,23562,23562,19237128,0,4096,0,0,0,3011,0,4152359188,0,4152359196,0,0,0,0,0,0,0,0,0,4096,256,131072,4,15|4,0,134217728,262144,512,0,0,0,0,364,0,352,0,91,88,0,1,364,0|270,575347609,9,0,0,23068672,0,23068672,0,71077,0,0,88,0,0,0,0,0,0,0,7012707,0,0,0,0,0
1785944299413|1006|stream128_r2f_03|rotating|248,1378943233,33554687,25079274,24732023,24794776,24732023,24794776,24732023,23719,23630,23628,23628,0,0,3019,0,729354592,727919296,4096,4096,0,0,23629,23629,4137975811,4137975800,4137975779,4137975752,0,0,0,0,0,0,0,0,4096,256,131072,4,15|4,0,134217728,262144,512,0,0,0,0,364,0,352,0,91,88,0,1,364,0|270,4183122236,8,23321600,0,0,0,0,0,24769310,0,88,0,1281488999,0,1281488999,0,2080,1269580177,0,18243849,0,0,0,0,0
1785944304424|1006|stream128_r2f_03|fixed|250,1378943233,16781056,31290493,30857294,354986,0,354986,0,7534,0,3767,0,0,0,29478,29478,24067096,0,4096,0,0,0,3767,0,177931606,0,177931614,0,0,0,0,0,0,0,0,0,4096,256,131072,4,15|5,0,134217728,262144,512,0,0,0,0,456,0,444,0,114,111,0,1,456,0|272,896699248,9,0,0,29097984,0,29097984,0,88934,0,0,111,0,0,0,0,0,0,0,7061003,0,0,0,0,0
1785944304424|1006|stream128_r2f_03|rotating|250,1378943233,33554687,31378915,30944149,31022893,30944149,31022893,30944149,29675,29563,29561,29561,0,0,3778,0,912514526,910704153,4096,4096,0,0,29562,29562,164612405,164612402,164612413,164612410,0,0,0,0,0,0,0,0,4096,256,131072,4,15|4,0,134217728,262144,512,0,0,0,0,456,0,444,0,114,111,0,1,456,0|272,209820175,9,29177024,0,0,0,0,0,30982199,0,111,0,1601690378,0,1601690378,0,2080,1587972801,0,21204462,0,0,0,0,0
1785944309433|1006|stream128_r2f_03|fixed|252,1378943233,16781056,37572626,37051606,426321,0,426321,0,9048,0,4524,0,0,0,35396,35396,28903552,0,4096,0,0,0,4524,0,498721622,0,498721630,0,0,0,0,0,0,0,0,0,4096,256,131072,4,15|4,0,134217728,262144,512,0,0,0,0,544,0,532,0,136,133,0,1,544,0|274,1216290408,9,0,0,34865152,0,34865152,0,106698,0,0,133,0,0,0,0,0,0,0,7101348,0,0,0,0,0
1785944309433|1006|stream128_r2f_03|rotating|252,1378943233,33554687,37673707,37151688,37246254,37151688,37246254,37151688,35627,35493,35491,35491,0,0,4536,0,1095556126,1093387817,4096,4096,0,0,35492,35492,485915645,485915618,485915653,485915634,0,0,0,0,0,0,0,0,4096,256,131072,4,15|4,0,134217728,262144,512,0,0,0,0,544,0,532,0,136,133,0,1,544,0|274,532041302,9,35031136,0,0,0,0,0,37207648,0,133,0,1922447977,0,1922447977,0,2080,1907034929,0,24056088,0,0,0,0,0
1785944314438|1006|stream128_r2f_03|fixed|254,1378943233,16781056,43844764,43237010,497470,0,497470,0,10558,0,5279,0,0,0,41304,41304,33727248,0,4096,0,0,0,5279,0,818854547,0,818854555,0,0,0,0,0,0,0,0,0,4096,256,131072,4,15|4,0,134217728,262144,512,0,0,0,0,632,0,620,0,158,155,0,1,632,0|276,1536647216,9,0,0,40632320,0,40632320,0,124509,0,0,155,0,0,0,0,0,0,0,7146531,0,0,0,0,0
1785944314438|1006|stream128_r2f_03|rotating|254,1378943233,33554687,43921866,43313117,43423547,43313117,43423547,43313117,41534,41379,41376,41376,0,0,5288,0,1277211123,1274684550,4096,4096,0,0,41377,41377,804808015,804807988,804808023,804808004,0,0,0,0,0,0,0,0,4096,256,131072,4,15|4,0,134217728,262144,512,0,0,0,0,632,0,620,0,158,155,0,1,632,0|276,850645336,9,40829920,0,0,0,0,0,43363516,0,155,0,2239602315,0,2239602315,0,2080,2222478304,0,26911327,0,0,0,0,0
1785944319441|1006|stream128_r2f_03|fixed|256,1378943233,16781056,50123486,49427995,568617,0,568617,0,12068,0,6034,0,0,0,47217,47217,38550880,0,4096,0,0,0,6034,0,1138987371,0,1138987379,0,0,0,0,0,0,0,0,0,4096,256,131072,4,15|4,0,134217728,262144,512,0,0,0,0,720,0,708,0,180,177,0,1,720,0|278,1858365447,9,0,0,46399488,0,46399488,0,142366,0,0,177,0,0,0,0,0,0,0,7188971,0,0,0,0,0
1785944319441|1006|stream128_r2f_03|rotating|256,1378943233,33554687,50275764,49577643,49705357,49577643,49705357,49577643,47541,47363,47360,47360,0,0,6053,0,1461932569,1459030800,4096,4096,0,0,47361,47361,1129156701,1129156722,1129156709,1129156706,0,0,0,0,0,0,0,0,4096,256,131072,4,15|4,0,134217728,262144,512,0,0,0,0,724,0,712,0,181,178,0,1,724,0|278,1177522276,9,46772288,0,0,0,0,0,49677564,0,178,0,2564993663,0,2564993663,0,2080,2546056724,0,29894780,0,0,0,0,0
1785944324477|1006|stream128_r2f_03|fixed|258,1378943233,16781056,56435943,55653067,640236,0,640236,0,13588,0,6794,0,0,0,53164,53164,43406432,0,4096,0,0,0,6794,0,1461265689,0,1461265697,0,0,0,0,0,0,0,0,0,4096,256,131072,4,15|4,0,134217728,262144,512,0,0,0,0,812,0,800,0,203,200,0,1,812,0|280,2180900517,9,0,0,52428800,0,52428800,0,160294,0,0,200,0,0,0,0,0,0,0,7236177,0,0,0,0,0
1785944324477|1006|stream128_r2f_03|rotating|258,1378943233,33554687,56553717,55768672,55912067,55768672,55912067,55768672,53478,53277,53274,53274,0,0,6809,0,1644484245,1641224576,4096,4096,0,0,53275,53275,1449610870,1449610843,1449610878,1449610851,0,0,0,0,0,0,0,0,4096,256,131072,4,15|4,0,134217728,262144,512,0,0,0,0,812,0,800,0,203,200,0,1,812,0|280,1496332942,9,52571072,0,0,0,0,0,55836469,0,200,0,2882354633,0,2882354633,0,2080,2861706976,0,32749774,0,0,0,0,0
1785944329477|1006|stream128_r2f_03|fixed|260,1378943233,16781056,62702474,61832267,711383,0,711383,0,15098,0,7549,0,0,0,59065,59065,48230104,0,4096,0,0,0,7549,0,1781205262,0,1781205270,0,0,0,0,0,0,0,0,0,4096,256,131072,4,15|4,0,134217728,262144,512,0,0,0,0,900,0,888,0,225,222,0,1,900,0|282,2499176583,9,0,0,58195968,0,58195968,0,177987,0,0,222,0,0,0,0,0,0,0,7282732,0,0,0,0,0
1785944329477|1006|stream128_r2f_03|rotating|260,1378943233,33558272,62786381,61915322,62074054,61915322,62074054,61915322,59370,59148,59145,59145,0,0,7559,0,1825686928,1822069224,4096,4096,0,0,59145,59145,1767710129,1767710454,1767710137,1767710462,0,0,0,0,0,0,0,0,4096,256,131072,4,15|4,0,134217728,262144,512,0,0,0,0,900,0,888,0,225,222,0,1,900,0|282,1814303160,9,58354048,0,0,0,0,0,61979650,0,222,0,3198879107,0,3198879107,0,2080,3176514769,0,35607337,0,0,0,0,0
1785944334488|1006|stream128_r2f_03|fixed|262,1378943233,16781056,68985751,68028935,782720,0,782720,0,16612,0,8306,0,0,0,64984,64984,53066576,0,4096,0,0,0,8306,0,2102194231,0,2102194239,0,0,0,0,0,0,0,0,0,4096,256,131072,4,15|4,0,134217728,262144,512,0,0,0,0,988,0,976,0,247,244,0,1,988,0|284,2819987605,9,0,0,63963136,0,63963136,0,195821,0,0,244,0,0,0,0,0,0,0,7329834,0,0,0,0,0
1785944334488|1006|stream128_r2f_03|rotating|262,1378943233,33554687,69059465,68101991,68275990,68101991,68275990,68101991,65301,65057,65053,65053,0,0,8314,0,2008080567,2004102618,4096,4096,0,0,65054,65054,2087891565,2087891570,2087891573,2087891578,0,0,0,0,0,0,0,0,4096,256,131072,4,15|4,0,134217728,262144,512,0,0,0,0,988,0,976,0,247,244,0,1,988,0|284,2133138171,9,64152832,0,0,0,0,0,68139910,0,244,0,3516264422,0,3516264422,0,2080,3492192616,0,38459081,0,0,0,0,0
1785944339489|1006|stream128_r2f_03|fixed|264,1378943233,16781056,75260639,74216674,853868,0,853868,0,18122,0,9061,0,0,0,70895,70895,57890216,0,4096,0,0,0,9061,0,2422326957,0,2422326965,0,0,0,0,0,0,0,0,0,4096,256,131072,4,15|4,0,134217728,262144,512,0,0,0,0,1076,0,1064,0,269,266,0,1,1076,0|286,3139964986,9,0,0,69730304,0,69730304,0,213585,0,0,266,0,0,0,0,0,0,0,7369304,0,0,0,0,0
1785944339489|1006|stream128_r2f_03|rotating|264,1378943233,33554687,75325436,74280580,74470813,74280580,74470813,74280580,71226,70960,70956,70956,0,0,9069,0,2190279828,2185943015,4096,4096,0,0,70957,70957,2407735559,2407735548,2407735567,2407735556,0,0,0,0,0,0,0,0,4096,256,131072,4,15|4,0,134217728,262144,512,0,0,0,0,1076,0,1064,0,269,266,0,1,1076,0|286,2452933208,9,69967424,0,0,0,0,0,74318088,0,266,0,3834605811,0,3834605811,0,2080,3808826628,0,41314128,0,0,0,0,0
1785944344504|1006|stream128_r2f_03|fixed|266,1378943233,16781056,81549074,80418102,925205,0,925205,0,19636,0,9818,0,0,0,76818,76818,62726584,0,4096,0,0,0,9818,0,2743316373,0,2743316381,0,0,0,0,0,0,0,0,0,4096,256,131072,4,15|4,0,134217728,262144,512,0,0,0,0,1164,0,1152,0,291,288,0,1,1164,0|288,3460976749,9,0,0,75497472,0,75497472,0,231418,0,0,288,0,0,0,0,0,0,0,7416542,0,0,0,0,0
1785944344504|1006|stream128_r2f_03|rotating|266,1378943233,33558272,81625849,80493347,80699704,80493347,80699704,80493347,77183,76896,76891,76891,0,0,9828,0,2373471112,2368760416,4096,4096,0,0,76891,76891,2729411023,2729411348,2729411031,2729411356,0,0,0,0,0,0,0,0,4096,256,131072,4,15|4,0,134217728,262144,512,0,0,0,0,1168,0,1156,0,292,289,0,1,1168,0|288,2775285197,9,75830752,0,0,0,0,0,80543447,0,289,0,4155491968,0,4155491968,0,2080,4127882595,0,44297873,0,0,0,0,0
1785944349508|1006|stream128_r2f_03|fixed|268,1378943233,16781056,87816555,86598923,996444,0,996444,0,21148,0,10574,0,0,0,82726,82726,67556664,0,4096,0,0,0,10574,0,3063557919,0,3063557927,0,0,0,0,0,0,0,0,0,4096,256,131072,4,15|4,0,134217728,262144,512,0,0,0,0,1256,0,1244,0,314,311,0,1,1256,0|290,3781191958,9,0,0,81526784,0,81526784,0,249229,0,0,311,0,0,0,0,0,0,0,7466610,0,0,0,0,0
1785944349508|1006|stream128_r2f_03|rotating|268,1378943233,33554687,87890951,86672489,86893752,86672489,86893752,86672489,83111,82802,82796,82796,0,0,10582,0,2555750654,2550681729,4096,4096,0,0,82797,82797,3049406229,3049406258,3049406245,3049406266,0,0,0,0,0,0,0,0,4096,256,131072,4,15|4,0,134217728,262144,512,0,0,0,0,1256,0,1244,0,314,311,0,1,1256,0|290,3095150843,9,81645344,0,0,0,0,0,86719505,0,311,0,178936670,1,178936670,1,2080,149620264,1,47152576,0,0,0,0,0
1785944354514|1006|stream128_r2f_03|fixed|270,1378943233,16781056,94094188,92789738,1067592,0,1067592,0,22658,0,11329,0,0,0,88639,88639,72380320,0,4096,0,0,0,11329,0,3383815475,0,3383815483,0,0,0,0,0,0,0,0,0,4096,256,131072,4,15|4,0,134217728,262144,512,0,0,0,0,1344,0,1332,0,336,333,0,1,1344,0|292,4102596062,9,0,0,87293952,0,87293952,0,267087,0,0,333,0,0,0,0,0,0,0,7511972,0,0,0,0,0
1785944354514|1006|stream128_r2f_03|rotating|270,1378943233,33554687,94193532,92887888,93124806,92887888,93124806,92887888,89070,88739,88733,88733,0,0,11341,0,2739014666,2733587136,4096,4096,0,0,88734,88734,3371098394,3371098399,3371098402,3371098391,0,0,0,0,0,0,0,0,4096,256,131072,4,15|4,0,134217728,262144,512,0,0,0,0,1344,0,1332,0,336,333,0,1,1344,0|292,3416655347,9,87491552,0,0,0,0,0,92930686,0,333,0,498979622,1,498979622,1,2080,467962777,1,50007473,0,0,0,0,0
1785944359517|1006|stream128_r2f_03|fixed|272,1378943233,16781056,100369775,98977138,1138741,0,1138741,0,24168,0,12084,0,0,0,94549,94549,77203968,0,4096,0,0,0,12084,0,3703954146,0,3703954154,0,0,0,0,0,0,0,0,0,4096,256,131072,4,15|4,0,134217728,262144,512,0,0,0,0,1432,0,1420,0,358,355,0,1,1432,0|294,126708814,10,0,0,93061120,0,93061120,0,284803,0,0,355,0,0,0,0,0,0,0,7556482,0,0,0,0,0
1785944359517|1006|stream128_r2f_03|rotating|272,1378943233,33554687,100438327,99044688,99298735,99044688,99298735,99044688,94973,94620,94614,94614,0,0,12093,0,2920554597,2914767976,4096,4096,0,0,94615,94615,3689793384,3689793413,3689793392,3689793405,0,0,0,0,0,0,0,0,4096,256,131072,4,15|4,0,134217728,262144,512,0,0,0,0,1432,0,1420,0,358,355,0,1,1432,0|294,3734989414,9,93282432,0,0,0,0,0,99081145,0,355,0,815865969,1,815865969,1,2080,783130702,1,52868474,0,0,0,0,0
1785944364517|1006|stream128_r2f_03|fixed|274,1378943233,16781056,106639377,105160869,1209890,0,1209890,0,25678,0,12839,0,0,0,100455,100455,82027616,0,4096,0,0,0,12839,0,4024080218,0,4024080226,0,0,0,0,0,0,0,0,0,4096,256,131072,4,15|4,0,134217728,262144,512,0,0,0,0,1520,0,1508,0,380,377,0,1,1520,0|296,446879363,10,0,0,98828288,0,98828288,0,302613,0,0,377,0,0,0,0,0,0,0,7606416,0,0,0,0,0
1785944364517|1006|stream128_r2f_03|rotating|274,1378943233,33554687,106705644,105226385,105495002,105226385,105495002,105226385,100898,100524,100517,100517,0,0,12847,0,3102781358,3096635288,4096,4096,0,0,100518,100518,4009669720,4009669741,4009669728,4009669733,0,0,0,0,0,0,0,0,4096,256,131072,4,15|4,0,134217728,262144,512,0,0,0,0,1520,0,1508,0,381,378,0,1,1524,0|296,4054822432,9,99098336,0,0,0,0,0,105257795,0,378,0,1134245011,1,1134245011,1,2080,1099676405,1,55845186,0,0,0,0,0
1785944369526|1006|stream128_r2f_03|fixed|276,1378943233,16781056,112915851,111350687,1281130,0,1281130,0,27190,0,13595,0,0,0,106368,106368,86857632,0,4096,0,0,0,13595,0,49678688,0,49678696,0,0,0,0,0,0,0,0,0,4096,256,131072,4,15|4,0,134217728,262144,512,0,0,0,0,1612,0,1600,0,403,400,0,1,1612,0|298,768479839,10,0,0,104857600,0,104857600,0,320470,0,0,400,0,0,0,0,0,0,0,7659646,0,0,0,0,0
1785944369526|1006|stream128_r2f_03|rotating|276,1378943233,33558272,113007594,111440497,111725428,111440497,111725428,111440497,106858,106461,106455,106455,0,0,13606,0,3286049968,3279529360,4096,4096,0,0,106455,106455,36522659,36522984,36522667,36522992,0,0,0,0,0,0,0,0,4096,256,131072,4,15|4,0,134217728,262144,512,0,0,0,0,1612,0,1600,0,403,400,0,1,1612,0|298,81646822,10,104952448,0,0,0,0,0,111474268,0,400,0,1454573169,1,1454573169,1,2080,1418302427,1,58703477,0,0,0,0,0
1785944374541|1006|stream128_r2f_03|fixed|278,1378943233,16781056,119201784,117549479,1352466,0,1352466,0,28704,0,14352,0,0,0,112290,112290,91694072,0,4096,0,0,0,14352,0,370465598,0,370465606,0,0,0,0,0,0,0,0,0,4096,256,131072,4,15|4,0,134217728,262144,512,0,0,0,0,1700,0,1688,0,425,422,0,1,1700,0|300,1088507899,10,0,0,110624768,0,110624768,0,338258,0,0,422,0,0,0,0,0,0,0,7696527,0,0,0,0,0
1785944374541|1006|stream128_r2f_03|rotating|278,1378943233,33554687,119276885,117623709,117923571,117623709,117923571,117623709,112787,112368,112361,112361,0,0,14361,0,3468358961,3461476224,4096,4096,0,0,112362,112362,356561810,356561823,356561818,356561799,0,0,0,0,0,0,0,0,4096,256,131072,4,15|4,0,134217728,262144,512,0,0,0,0,1700,0,1688,0,425,422,0,1,1700,0|300,401562246,10,110767040,0,0,0,0,0,117655332,0,422,0,1773034945,1,1773034945,1,2080,1735063350,1,61552000,0,0,0,0,0
1785944379554|1006|stream128_r2f_03|fixed|280,1378943233,16781056,125489679,123751741,1423802,0,1423802,0,30218,0,15109,0,0,0,118214,118214,96530520,0,4096,0,0,0,15109,0,691448168,0,691448176,0,0,0,0,0,0,0,0,0,4096,256,131072,4,15|4,0,134217728,262144,512,0,0,0,0,1788,0,1776,0,447,444,0,1,1788,0|302,1409287679,10,0,0,116391936,0,116391936,0,356092,0,0,444,0,0,0,0,0,0,0,7738551,0,0,0,0,0
1785944379554|1006|stream128_r2f_03|rotating|280,1378943233,33558272,125570493,123831448,124145745,123831448,124145745,123831448,118737,118296,118290,118290,0,0,15119,0,3651374144,3644131832,4096,4096,0,0,118290,118290,677792800,677793133,677792808,677793141,0,0,0,0,0,0,0,0,4096,256,131072,4,15|4,0,134217728,262144,512,0,0,0,0,1788,0,1776,0,447,444,0,1,1788,0|302,723365814,10,116621152,0,0,0,0,0,123873135,0,444,0,2093374985,1,2093374985,1,2080,2053714161,1,64397384,0,0,0,0,0
1785944384561|1006|stream128_r2f_03|fixed|282,1378943233,16781056,131765563,129939545,1495046,0,1495046,0,31730,0,15865,0,0,0,124125,124125,101360552,0,4096,0,0,0,15865,0,1012010507,0,1012010515,0,0,0,0,0,0,0,0,0,4096,256,131072,4,15|4,0,134217728,262144,512,0,0,0,0,1876,0,1864,0,469,466,0,1,1876,0|304,1729779783,10,0,0,122159104,0,122159104,0,373902,0,0,466,0,0,0,0,0,0,0,7776946,0,0,0,0,0
1785944384561|1006|stream128_r2f_03|rotating|282,1378943233,33554687,131841480,130014583,130345588,130014583,130345588,130014583,124666,124203,124196,124196,0,0,15874,0,3833704187,3826102678,4096,4096,0,0,124197,124197,997867119,997867156,997867135,997867164,0,0,0,0,0,0,0,0,4096,256,131072,4,15|4,0,134217728,262144,512,0,0,0,0,1880,0,1868,0,470,467,0,1,1880,0|304,1043476342,10,122444960,0,0,0,0,0,130054907,0,467,0,2412029561,1,2412029561,1,2080,2370527390,1,67383801,0,0,0,0,0
1785944389562|1006|stream128_r2f_03|fixed|284,1378943233,16781056,138041192,136129287,1566192,0,1566192,0,33240,0,16620,0,0,0,130036,130036,106184168,0,4096,0,0,0,16620,0,1332145955,0,1332145963,0,0,0,0,0,0,0,0,0,4096,256,131072,4,15|4,0,134217728,262144,512,0,0,0,0,1964,0,1952,0,491,488,0,1,1964,0|306,2049104681,10,0,0,127926272,0,127926272,0,391642,0,0,488,0,0,0,0,0,0,0,7818113,0,0,0,0,0
1785944389562|1006|stream128_r2f_03|rotating|284,1378943233,33554687,138091441,136178224,136524590,136178224,136524590,136178224,130576,130090,130083,130083,0,0,16627,0,4015421112,4007444106,4096,4096,0,0,130084,130084,1316996208,1316996189,1316996192,1316996197,0,0,0,0,0,0,0,0,4096,256,131072,4,15|4,0,134217728,262144,512,0,0,0,0,1968,0,1956,0,492,489,0,1,1968,0|306,1362168187,10,128235840,0,0,0,0,0,136212697,0,489,0,2729273686,1,2729273686,1,2080,2686056405,1,70241490,0,0,0,0,0
1785944394572|1006|stream128_r2f_03|fixed|286,1378943233,16781056,144317240,142317557,1637433,0,1637433,0,34752,0,17376,0,0,0,135948,135948,111014224,0,4096,0,0,0,17376,0,1652507719,0,1652507727,0,0,0,0,0,0,0,0,0,4096,256,131072,4,15|4,0,134217728,262144,512,0,0,0,0,2048,0,2044,0,512,511,0,1,2048,0|308,2370571932,10,0,0,133955584,0,133955584,0,409499,0,0,511,0,0,0,0,0,0,0,7855474,0,0,0,0,0
1785944394572|1006|stream128_r2f_03|rotating|286,1378943233,33554687,144391822,142391320,142753539,142391320,142753539,142391320,136533,136025,136018,136018,0,0,17385,0,4198613325,4190275744,4096,4096,0,0,136019,136019,1638560027,1638560032,1638560035,1638559992,0,0,0,0,0,0,0,0,4096,256,131072,4,15|4,0,134217728,262144,512,0,0,0,0,2048,0,2044,0,512,511,0,1,2048,0|308,1683592952,10,134082048,0,0,0,0,0,142422796,0,511,0,3049236899,1,3049236899,1,2080,3004324083,1,73091483,0,0,0,0,0
