Copyright 1986-2022 Xilinx, Inc. All Rights Reserved. Copyright 2022-2023 Advanced Micro Devices, Inc. All Rights Reserved.
-------------------------------------------------------------------------------------------------------------------------------------------------------------------------------------------------------------------
| Tool Version : Vivado v.2023.1 (win64) Build 3865809 Sun May  7 15:05:29 MDT 2023
| Date         : Wed Aug  5 20:18:56 2026
| Host         : DESKTOP-PU0AECA running 64-bit major release  (build 9200)
| Command      : report_timing_summary -report_unconstrained -check_timing_verbose -file C:/Users/user/Documents/RF_COMM_MULTILANE_P10_4/evidence/generated/vivado/p10_4_4lane/fixed/post_route_timing_summary.rpt
| Design       : p10_ps_system_wrapper
| Device       : 7z020-clg400
| Speed File   : -2  PRODUCTION 1.12 2019-11-22
| Design State : Routed
-------------------------------------------------------------------------------------------------------------------------------------------------------------------------------------------------------------------

Timing Summary Report

------------------------------------------------------------------------------------------------
| Timer Settings
| --------------
------------------------------------------------------------------------------------------------

  Enable Multi Corner Analysis               :  Yes
  Enable Pessimism Removal                   :  Yes
  Pessimism Removal Resolution               :  Nearest Common Node
  Enable Input Delay Default Clock           :  No
  Enable Preset / Clear Arcs                 :  No
  Disable Flight Delays                      :  No
  Ignore I/O Paths                           :  No
  Timing Early Launch at Borrowing Latches   :  No
  Borrow Time for Max Delay Exceptions       :  Yes
  Merge Timing Exceptions                    :  Yes

  Corner  Analyze    Analyze    
  Name    Max Paths  Min Paths  
  ------  ---------  ---------  
  Slow    Yes        Yes        
  Fast    Yes        Yes        


------------------------------------------------------------------------------------------------
| Report Methodology
| ------------------
------------------------------------------------------------------------------------------------

Rule       Severity  Description                                      Violations  
---------  --------  -----------------------------------------------  ----------  
LUTAR-1    Warning   LUT drives async reset alert                     4           
PDRC-190   Warning   Suboptimally placed synchronized register chain  32          
TIMING-9   Warning   Unknown CDC Logic                                1           
TIMING-18  Warning   Missing input or output delay                    16          

Note: This report is based on the most recent report_methodology run and may not be up-to-date. Run report_methodology on the current design for the latest report.



check_timing report

Table of Contents
-----------------
1. checking no_clock (0)
2. checking constant_clock (0)
3. checking pulse_width_clock (0)
4. checking unconstrained_internal_endpoints (0)
5. checking no_input_delay (4)
6. checking no_output_delay (12)
7. checking multiple_clock (0)
8. checking generated_clocks (0)
9. checking loops (0)
10. checking partial_input_delay (0)
11. checking partial_output_delay (0)
12. checking latch_loops (0)

1. checking no_clock (0)
------------------------
 There are 0 register/latch pins with no clock.


2. checking constant_clock (0)
------------------------------
 There are 0 register/latch pins with constant_clock.


3. checking pulse_width_clock (0)
---------------------------------
 There are 0 register/latch pins which need pulse_width check


4. checking unconstrained_internal_endpoints (0)
------------------------------------------------
 There are 0 pins that are not constrained for maximum delay.

 There are 0 pins that are not constrained for maximum delay due to constant clock.


5. checking no_input_delay (4)
------------------------------
 There are 4 input ports with no input delay specified. (HIGH)

tfdu_rxd_i[0]
tfdu_rxd_i[1]
tfdu_rxd_i[2]
tfdu_rxd_i[3]

 There are 0 input ports with no input delay but user has a false path constraint.


6. checking no_output_delay (12)
--------------------------------
 There are 12 ports with no output delay specified. (HIGH)

pl_activity_led_n_o[0]
pl_activity_led_n_o[1]
pl_activity_led_n_o[2]
pl_activity_led_n_o[3]
tfdu_sd_o[0]
tfdu_sd_o[1]
tfdu_sd_o[2]
tfdu_sd_o[3]
tfdu_txd_o[0]
tfdu_txd_o[1]
tfdu_txd_o[2]
tfdu_txd_o[3]

 There are 0 ports with no output delay but user has a false path constraint

 There are 0 ports with no output delay but with a timing clock defined on it or propagating through it


7. checking multiple_clock (0)
------------------------------
 There are 0 register/latch pins with multiple clocks.


8. checking generated_clocks (0)
--------------------------------
 There are 0 generated clocks that are not connected to a clock source.


9. checking loops (0)
---------------------
 There are 0 combinational loops in the design.


10. checking partial_input_delay (0)
------------------------------------
 There are 0 input ports with partial input delay specified.


11. checking partial_output_delay (0)
-------------------------------------
 There are 0 ports with partial output delay specified.


12. checking latch_loops (0)
----------------------------
 There are 0 combinational latch loops in the design through latch input



------------------------------------------------------------------------------------------------
| Design Timing Summary
| ---------------------
------------------------------------------------------------------------------------------------

    WNS(ns)      TNS(ns)  TNS Failing Endpoints  TNS Total Endpoints      WHS(ns)      THS(ns)  THS Failing Endpoints  THS Total Endpoints     WPWS(ns)     TPWS(ns)  TPWS Failing Endpoints  TPWS Total Endpoints  
    -------      -------  ---------------------  -------------------      -------      -------  ---------------------  -------------------     --------     --------  ----------------------  --------------------  
      0.639        0.000                      0                93591        0.036        0.000                      0                93475        3.870        0.000                       0                 33019  


All user specified timing constraints are met.


------------------------------------------------------------------------------------------------
| Clock Summary
| -------------
------------------------------------------------------------------------------------------------

Clock       Waveform(ns)       Period(ns)      Frequency(MHz)
-----       ------------       ----------      --------------
clk_fpga_0  {0.000 7.812}      15.625          64.000          
clk_fpga_1  {0.000 5.000}      10.000          100.000         
clk_fpga_2  {0.000 10.000}     20.000          50.000          


------------------------------------------------------------------------------------------------
| Intra Clock Table
| -----------------
------------------------------------------------------------------------------------------------

Clock             WNS(ns)      TNS(ns)  TNS Failing Endpoints  TNS Total Endpoints      WHS(ns)      THS(ns)  THS Failing Endpoints  THS Total Endpoints     WPWS(ns)     TPWS(ns)  TPWS Failing Endpoints  TPWS Total Endpoints  
-----             -------      -------  ---------------------  -------------------      -------      -------  ---------------------  -------------------     --------     --------  ----------------------  --------------------  
clk_fpga_0          0.639        0.000                      0                71312        0.036        0.000                      0                71312        6.682        0.000                       0                 26124  
clk_fpga_1          1.158        0.000                      0                14830        0.067        0.000                      0                14830        3.870        0.000                       0                  5738  
clk_fpga_2         12.471        0.000                      0                 2031        0.066        0.000                      0                 2031        9.146        0.000                       0                  1157  


------------------------------------------------------------------------------------------------
| Inter Clock Table
| -----------------
------------------------------------------------------------------------------------------------

From Clock    To Clock          WNS(ns)      TNS(ns)  TNS Failing Endpoints  TNS Total Endpoints      WHS(ns)      THS(ns)  THS Failing Endpoints  THS Total Endpoints  
----------    --------          -------      -------  ---------------------  -------------------      -------      -------  ---------------------  -------------------  
clk_fpga_1    clk_fpga_0          8.926        0.000                      0                   10                                                                        
clk_fpga_2    clk_fpga_0         45.289        0.000                      0                   60                                                                        
clk_fpga_0    clk_fpga_1         14.453        0.000                      0                   10                                                                        
clk_fpga_0    clk_fpga_2         58.957        0.000                      0                   36                                                                        


------------------------------------------------------------------------------------------------
| Other Path Groups Table
| -----------------------
------------------------------------------------------------------------------------------------

Path Group         From Clock         To Clock               WNS(ns)      TNS(ns)  TNS Failing Endpoints  TNS Total Endpoints      WHS(ns)      THS(ns)  THS Failing Endpoints  THS Total Endpoints  
----------         ----------         --------               -------      -------  ---------------------  -------------------      -------      -------  ---------------------  -------------------  
**async_default**  clk_fpga_0         clk_fpga_0               1.961        0.000                      0                 5206        0.884        0.000                      0                 5206  
**async_default**  clk_fpga_1         clk_fpga_1               6.793        0.000                      0                   96        0.458        0.000                      0                   96  


------------------------------------------------------------------------------------------------
| User Ignored Path Table
| -----------------------
------------------------------------------------------------------------------------------------

Path Group    From Clock    To Clock    
----------    ----------    --------    
(none)                      clk_fpga_0    
(none)        clk_fpga_0    clk_fpga_0    
(none)        clk_fpga_1    clk_fpga_0    
(none)        clk_fpga_2    clk_fpga_0    
(none)                      clk_fpga_1    
(none)        clk_fpga_0    clk_fpga_1    
(none)        clk_fpga_1    clk_fpga_1    
(none)        clk_fpga_2    clk_fpga_1    
(none)                      clk_fpga_2    
(none)        clk_fpga_0    clk_fpga_2    
(none)        clk_fpga_1    clk_fpga_2    
(none)        clk_fpga_2    clk_fpga_2    


------------------------------------------------------------------------------------------------
| Unconstrained Path Table
| ------------------------
------------------------------------------------------------------------------------------------

Path Group    From Clock    To Clock    
----------    ----------    --------    
(none)        clk_fpga_0                  
(none)                      clk_fpga_0    


------------------------------------------------------------------------------------------------
| Timing Details
| --------------
------------------------------------------------------------------------------------------------


---------------------------------------------------------------------------------------------------
From Clock:  clk_fpga_0
  To Clock:  clk_fpga_0

Setup :            0  Failing Endpoints,  Worst Slack        0.639ns,  Total Violation        0.000ns
Hold  :            0  Failing Endpoints,  Worst Slack        0.036ns,  Total Violation        0.000ns
PW    :            0  Failing Endpoints,  Worst Slack        6.682ns,  Total Violation        0.000ns
---------------------------------------------------------------------------------------------------


Max Delay Paths
--------------------------------------------------------------------------------------
Slack (MET) :             0.639ns  (required time - arrival time)
  Source:                 p10_ps_system_i/p10_endpoint_0/inst/impl/u_transport/g_physical[0].u_b_phy/u_p8c_physical_safety/u_exact_duty_accountant/rolling_high_cycles_o_reg[0]/C
                            (rising edge-triggered cell FDRE clocked by clk_fpga_0  {rise@0.000ns fall@7.813ns period=15.625ns})
  Destination:            p10_ps_system_i/p10_endpoint_0/inst/impl/u_transport/u_data_plane/u_tx_window/entry_state_reg[6][2]/D
                            (rising edge-triggered cell FDRE clocked by clk_fpga_0  {rise@0.000ns fall@7.813ns period=15.625ns})
  Path Group:             clk_fpga_0
  Path Type:              Setup (Max at Slow Process Corner)
  Requirement:            15.625ns  (clk_fpga_0 rise@15.625ns - clk_fpga_0 rise@0.000ns)
  Data Path Delay:        14.849ns  (logic 3.850ns (25.928%)  route 10.999ns (74.072%))
  Logic Levels:           19  (CARRY4=5 LUT1=1 LUT3=1 LUT4=1 LUT5=2 LUT6=9)
  Clock Path Skew:        0.068ns (DCD - SCD + CPR)
    Destination Clock Delay (DCD):    2.538ns = ( 18.163 - 15.625 ) 
    Source Clock Delay      (SCD):    2.678ns
    Clock Pessimism Removal (CPR):    0.208ns
  Clock Uncertainty:      0.237ns  ((TSJ^2 + TIJ^2)^1/2 + DJ) / 2 + PE
    Total System Jitter     (TSJ):    0.071ns
    Total Input Jitter      (TIJ):    0.469ns
    Discrete Jitter          (DJ):    0.000ns
    Phase Error              (PE):    0.000ns

    Location             Delay type                Incr(ns)  Path(ns)    Netlist Resource(s)
  -------------------------------------------------------------------    -------------------
                         (clock clk_fpga_0 rise edge)
                                                      0.000     0.000 r  
    PS7_X0Y0             PS7                          0.000     0.000 r  p10_ps_system_i/processing_system7_0/inst/PS7_i/FCLKCLK[0]
                         net (fo=1, routed)           0.994     0.994    p10_ps_system_i/processing_system7_0/inst/FCLK_CLK_unbuffered[0]
    BUFGCTRL_X0Y18       BUFG (Prop_bufg_I_O)         0.085     1.079 r  p10_ps_system_i/processing_system7_0/inst/buffer_fclk_clk_0.FCLK_CLK_0_BUFG/O
                         net (fo=26123, routed)       1.599     2.678    p10_ps_system_i/p10_endpoint_0/inst/impl/u_transport/g_physical[0].u_b_phy/u_p8c_physical_safety/u_exact_duty_accountant/s_axi_aclk
    SLICE_X63Y128        FDRE                                         r  p10_ps_system_i/p10_endpoint_0/inst/impl/u_transport/g_physical[0].u_b_phy/u_p8c_physical_safety/u_exact_duty_accountant/rolling_high_cycles_o_reg[0]/C
  -------------------------------------------------------------------    -------------------
    SLICE_X63Y128        FDRE (Prop_fdre_C_Q)         0.379     3.057 f  p10_ps_system_i/p10_endpoint_0/inst/impl/u_transport/g_physical[0].u_b_phy/u_p8c_physical_safety/u_exact_duty_accountant/rolling_high_cycles_o_reg[0]/Q
                         net (fo=6, routed)           0.289     3.346    p10_ps_system_i/p10_endpoint_0/inst/impl/u_transport/g_physical[0].u_b_phy/u_p8c_physical_safety/u_exact_duty_accountant/Q[0]
    SLICE_X62Y127        LUT1 (Prop_lut1_I0_O)        0.105     3.451 r  p10_ps_system_i/p10_endpoint_0/inst/impl/u_transport/g_physical[0].u_b_phy/u_p8c_physical_safety/u_exact_duty_accountant/i___47_i_2/O
                         net (fo=1, routed)           0.396     3.847    p10_ps_system_i/p10_endpoint_0/inst/impl/u_transport/g_physical[0].u_b_phy/u_p8c_physical_safety_n_258
    SLICE_X62Y128        CARRY4 (Prop_carry4_CYINIT_CO[3])
                                                      0.494     4.341 r  p10_ps_system_i/p10_endpoint_0/inst/impl/u_transport/g_physical[0].u_b_phy/i___47_i_1/CO[3]
                         net (fo=1, routed)           0.000     4.341    p10_ps_system_i/p10_endpoint_0/inst/impl/u_transport/g_physical[0].u_b_phy/i___47_i_1_n_0
    SLICE_X62Y129        CARRY4 (Prop_carry4_CI_O[3])
                                                      0.262     4.603 r  p10_ps_system_i/p10_endpoint_0/inst/impl/u_transport/g_physical[0].u_b_phy/i___43_i_1/O[3]
                         net (fo=1, routed)           0.481     5.084    p10_ps_system_i/p10_endpoint_0/inst/impl/u_transport/g_physical[0].u_b_phy/duty_headroom_cycles_o0[8]
    SLICE_X62Y127        LUT6 (Prop_lut6_I5_O)        0.250     5.334 r  p10_ps_system_i/p10_endpoint_0/inst/impl/u_transport/g_physical[0].u_b_phy/i___43/O
                         net (fo=3, routed)           1.286     6.620    p10_ps_system_i/p10_endpoint_0/inst/impl/u_transport/g_physical[0].u_a_phy/u_p8c_physical_safety/u_exact_duty_accountant/drop_data_remaining_q_reg[7]_i_21_1[8]
    SLICE_X66Y102        LUT5 (Prop_lut5_I4_O)        0.105     6.725 f  p10_ps_system_i/p10_endpoint_0/inst/impl/u_transport/g_physical[0].u_a_phy/u_p8c_physical_safety/u_exact_duty_accountant/drop_data_remaining_q[7]_i_43/O
                         net (fo=1, routed)           0.578     7.303    p10_ps_system_i/p10_endpoint_0/inst/impl/u_transport/g_physical[0].u_a_phy/u_p8c_physical_safety/u_exact_duty_accountant/drop_data_remaining_q[7]_i_43_n_0
    SLICE_X65Y100        LUT4 (Prop_lut4_I3_O)        0.105     7.408 r  p10_ps_system_i/p10_endpoint_0/inst/impl/u_transport/g_physical[0].u_a_phy/u_p8c_physical_safety/u_exact_duty_accountant/drop_data_remaining_q[7]_i_31/O
                         net (fo=1, routed)           0.000     7.408    p10_ps_system_i/p10_endpoint_0/inst/impl/u_transport/g_physical[0].u_a_phy/u_p8c_physical_safety/u_exact_duty_accountant/drop_data_remaining_q[7]_i_31_n_0
    SLICE_X65Y100        CARRY4 (Prop_carry4_S[2]_CO[3])
                                                      0.332     7.740 r  p10_ps_system_i/p10_endpoint_0/inst/impl/u_transport/g_physical[0].u_a_phy/u_p8c_physical_safety/u_exact_duty_accountant/drop_data_remaining_q_reg[7]_i_24/CO[3]
                         net (fo=1, routed)           0.000     7.740    p10_ps_system_i/p10_endpoint_0/inst/impl/u_transport/g_physical[0].u_a_phy/u_p8c_physical_safety/u_exact_duty_accountant/drop_data_remaining_q_reg[7]_i_24_n_0
    SLICE_X65Y101        CARRY4 (Prop_carry4_CI_CO[3])
                                                      0.098     7.838 r  p10_ps_system_i/p10_endpoint_0/inst/impl/u_transport/g_physical[0].u_a_phy/u_p8c_physical_safety/u_exact_duty_accountant/drop_data_remaining_q_reg[7]_i_21/CO[3]
                         net (fo=1, routed)           0.000     7.838    p10_ps_system_i/p10_endpoint_0/inst/impl/u_transport/g_physical[0].u_a_phy/u_p8c_physical_safety/u_exact_duty_accountant/drop_data_remaining_q_reg[7]_i_21_n_0
    SLICE_X65Y102        CARRY4 (Prop_carry4_CI_CO[2])
                                                      0.190     8.028 r  p10_ps_system_i/p10_endpoint_0/inst/impl/u_transport/g_physical[0].u_a_phy/u_p8c_physical_safety/u_exact_duty_accountant/drop_data_remaining_q_reg[7]_i_18/CO[2]
                         net (fo=1, routed)           1.297     9.324    p10_ps_system_i/p10_endpoint_0/inst/impl/u_transport/g_serializer[0].u_serializer/drop_data_remaining_q[7]_i_12_0[0]
    SLICE_X59Y65         LUT6 (Prop_lut6_I4_O)        0.261     9.585 f  p10_ps_system_i/p10_endpoint_0/inst/impl/u_transport/g_serializer[0].u_serializer/drop_data_remaining_q[7]_i_15/O
                         net (fo=1, routed)           0.394     9.979    p10_ps_system_i/p10_endpoint_0/inst/impl/u_transport/g_serializer[0].u_serializer/drop_data_remaining_q[7]_i_15_n_0
    SLICE_X59Y67         LUT6 (Prop_lut6_I2_O)        0.105    10.084 f  p10_ps_system_i/p10_endpoint_0/inst/impl/u_transport/g_serializer[0].u_serializer/drop_data_remaining_q[7]_i_12/O
                         net (fo=2, routed)           0.826    10.910    p10_ps_system_i/p10_endpoint_0/inst/impl/u_transport/u_data_plane/u_scheduler/fault_flags_remaining_q[3]_i_3_0
    SLICE_X59Y80         LUT6 (Prop_lut6_I1_O)        0.105    11.015 f  p10_ps_system_i/p10_endpoint_0/inst/impl/u_transport/u_data_plane/u_scheduler/drop_data_remaining_q[7]_i_7/O
                         net (fo=3, routed)           0.465    11.480    p10_ps_system_i/p10_endpoint_0/inst/impl/u_transport/u_data_plane/u_scheduler/drop_data_remaining_q[7]_i_7_n_0
    SLICE_X63Y80         LUT6 (Prop_lut6_I4_O)        0.105    11.585 r  p10_ps_system_i/p10_endpoint_0/inst/impl/u_transport/u_data_plane/u_scheduler/i___64_i_30/O
                         net (fo=2, routed)           0.378    11.963    p10_ps_system_i/p10_endpoint_0/inst/impl/u_transport/u_data_plane/u_scheduler/dp_attempt_ready
    SLICE_X63Y80         LUT5 (Prop_lut5_I4_O)        0.108    12.071 r  p10_ps_system_i/p10_endpoint_0/inst/impl/u_transport/u_data_plane/u_scheduler/i___64_i_10/O
                         net (fo=9, routed)           1.571    13.643    p10_ps_system_i/p10_endpoint_0/inst/impl/u_transport/u_data_plane/u_tx_window/tx_attempt_ready
    SLICE_X88Y115        LUT6 (Prop_lut6_I5_O)        0.267    13.910 f  p10_ps_system_i/p10_endpoint_0/inst/impl/u_transport/u_data_plane/u_tx_window/i___64_i_2/O
                         net (fo=51, routed)          1.004    14.913    p10_ps_system_i/p10_endpoint_0/inst/impl/u_transport/u_data_plane/u_tx_window/attempt_hold_entry_reg[4]_0
    SLICE_X102Y117       LUT3 (Prop_lut3_I1_O)        0.105    15.018 r  p10_ps_system_i/p10_endpoint_0/inst/impl/u_transport/u_data_plane/u_tx_window/i___29_i_8/O
                         net (fo=1, routed)           0.374    15.392    p10_ps_system_i/p10_endpoint_0/inst/impl/u_transport/u_data_plane/u_tx_window/i___29_i_8_n_0
    SLICE_X102Y117       LUT6 (Prop_lut6_I0_O)        0.264    15.656 r  p10_ps_system_i/p10_endpoint_0/inst/impl/u_transport/u_data_plane/u_tx_window/i___29_i_4/O
                         net (fo=34, routed)          0.644    16.300    p10_ps_system_i/p10_endpoint_0/inst/impl/u_transport/u_data_plane/u_tx_window/i___29_i_4_n_0
    SLICE_X102Y117       LUT6 (Prop_lut6_I0_O)        0.105    16.405 r  p10_ps_system_i/p10_endpoint_0/inst/impl/u_transport/u_data_plane/u_tx_window/entry_state[30][2]_i_2/O
                         net (fo=31, routed)          1.017    17.422    p10_ps_system_i/p10_endpoint_0/inst/impl/u_transport/u_data_plane/u_tx_window/entry_state[30][2]_i_2_n_0
    SLICE_X106Y122       LUT6 (Prop_lut6_I1_O)        0.105    17.527 r  p10_ps_system_i/p10_endpoint_0/inst/impl/u_transport/u_data_plane/u_tx_window/entry_state[6][2]_i_1/O
                         net (fo=1, routed)           0.000    17.527    p10_ps_system_i/p10_endpoint_0/inst/impl/u_transport/u_data_plane/u_tx_window/entry_state[6][2]_i_1_n_0
    SLICE_X106Y122       FDRE                                         r  p10_ps_system_i/p10_endpoint_0/inst/impl/u_transport/u_data_plane/u_tx_window/entry_state_reg[6][2]/D
  -------------------------------------------------------------------    -------------------

                         (clock clk_fpga_0 rise edge)
                                                     15.625    15.625 r  
    PS7_X0Y0             PS7                          0.000    15.625 r  p10_ps_system_i/processing_system7_0/inst/PS7_i/FCLKCLK[0]
                         net (fo=1, routed)           0.905    16.531    p10_ps_system_i/processing_system7_0/inst/FCLK_CLK_unbuffered[0]
    BUFGCTRL_X0Y18       BUFG (Prop_bufg_I_O)         0.077    16.608 r  p10_ps_system_i/processing_system7_0/inst/buffer_fclk_clk_0.FCLK_CLK_0_BUFG/O
                         net (fo=26123, routed)       1.556    18.163    p10_ps_system_i/p10_endpoint_0/inst/impl/u_transport/u_data_plane/u_tx_window/s_axi_aclk
    SLICE_X106Y122       FDRE                                         r  p10_ps_system_i/p10_endpoint_0/inst/impl/u_transport/u_data_plane/u_tx_window/entry_state_reg[6][2]/C
                         clock pessimism              0.208    18.371    
                         clock uncertainty           -0.237    18.134    
    SLICE_X106Y122       FDRE (Setup_fdre_C_D)        0.032    18.166    p10_ps_system_i/p10_endpoint_0/inst/impl/u_transport/u_data_plane/u_tx_window/entry_state_reg[6][2]
  -------------------------------------------------------------------
                         required time                         18.166    
                         arrival time                         -17.527    
  -------------------------------------------------------------------
                         slack                                  0.639    





Min Delay Paths
--------------------------------------------------------------------------------------
Slack (MET) :             0.036ns  (arrival time - required time)
  Source:                 p10_ps_system_i/p10_endpoint_0/inst/impl/u_transport/out_pack_data_q_reg[24]/C
                            (rising edge-triggered cell FDRE clocked by clk_fpga_0  {rise@0.000ns fall@7.813ns period=15.625ns})
  Destination:            p10_ps_system_i/s2mm_axis_clock_converter/inst/gen_async_conv.axisc_async_clock_converter_0/xpm_fifo_async_inst/gnuram_async_fifo.xpm_fifo_base_inst/gen_sdpram.xpm_memory_base_inst/gen_wr_a.gen_word_narrow.mem_reg_0_31_24_29/RAMA/I
                            (rising edge-triggered cell RAMD32 clocked by clk_fpga_0  {rise@0.000ns fall@7.813ns period=15.625ns})
  Path Group:             clk_fpga_0
  Path Type:              Hold (Min at Fast Process Corner)
  Requirement:            0.000ns  (clk_fpga_0 rise@0.000ns - clk_fpga_0 rise@0.000ns)
  Data Path Delay:        0.196ns  (logic 0.141ns (71.838%)  route 0.055ns (28.162%))
  Logic Levels:           0  
  Clock Path Skew:        0.013ns (DCD - SCD - CPR)
    Destination Clock Delay (DCD):    1.179ns
    Source Clock Delay      (SCD):    0.884ns
    Clock Pessimism Removal (CPR):    0.282ns

    Location             Delay type                Incr(ns)  Path(ns)    Netlist Resource(s)
  -------------------------------------------------------------------    -------------------
                         (clock clk_fpga_0 rise edge)
                                                      0.000     0.000 r  
    PS7_X0Y0             PS7                          0.000     0.000 r  p10_ps_system_i/processing_system7_0/inst/PS7_i/FCLKCLK[0]
                         net (fo=1, routed)           0.310     0.310    p10_ps_system_i/processing_system7_0/inst/FCLK_CLK_unbuffered[0]
    BUFGCTRL_X0Y18       BUFG (Prop_bufg_I_O)         0.026     0.336 r  p10_ps_system_i/processing_system7_0/inst/buffer_fclk_clk_0.FCLK_CLK_0_BUFG/O
                         net (fo=26123, routed)       0.548     0.884    p10_ps_system_i/p10_endpoint_0/inst/impl/u_transport/s_axi_aclk
    SLICE_X51Y21         FDRE                                         r  p10_ps_system_i/p10_endpoint_0/inst/impl/u_transport/out_pack_data_q_reg[24]/C
  -------------------------------------------------------------------    -------------------
    SLICE_X51Y21         FDRE (Prop_fdre_C_Q)         0.141     1.025 r  p10_ps_system_i/p10_endpoint_0/inst/impl/u_transport/out_pack_data_q_reg[24]/Q
                         net (fo=1, routed)           0.055     1.080    p10_ps_system_i/s2mm_axis_clock_converter/inst/gen_async_conv.axisc_async_clock_converter_0/xpm_fifo_async_inst/gnuram_async_fifo.xpm_fifo_base_inst/gen_sdpram.xpm_memory_base_inst/gen_wr_a.gen_word_narrow.mem_reg_0_31_24_29/DIA0
    SLICE_X50Y21         RAMD32                                       r  p10_ps_system_i/s2mm_axis_clock_converter/inst/gen_async_conv.axisc_async_clock_converter_0/xpm_fifo_async_inst/gnuram_async_fifo.xpm_fifo_base_inst/gen_sdpram.xpm_memory_base_inst/gen_wr_a.gen_word_narrow.mem_reg_0_31_24_29/RAMA/I
  -------------------------------------------------------------------    -------------------

                         (clock clk_fpga_0 rise edge)
                                                      0.000     0.000 r  
    PS7_X0Y0             PS7                          0.000     0.000 r  p10_ps_system_i/processing_system7_0/inst/PS7_i/FCLKCLK[0]
                         net (fo=1, routed)           0.337     0.337    p10_ps_system_i/processing_system7_0/inst/FCLK_CLK_unbuffered[0]
    BUFGCTRL_X0Y18       BUFG (Prop_bufg_I_O)         0.029     0.366 r  p10_ps_system_i/processing_system7_0/inst/buffer_fclk_clk_0.FCLK_CLK_0_BUFG/O
                         net (fo=26123, routed)       0.813     1.179    p10_ps_system_i/s2mm_axis_clock_converter/inst/gen_async_conv.axisc_async_clock_converter_0/xpm_fifo_async_inst/gnuram_async_fifo.xpm_fifo_base_inst/gen_sdpram.xpm_memory_base_inst/gen_wr_a.gen_word_narrow.mem_reg_0_31_24_29/WCLK
    SLICE_X50Y21         RAMD32                                       r  p10_ps_system_i/s2mm_axis_clock_converter/inst/gen_async_conv.axisc_async_clock_converter_0/xpm_fifo_async_inst/gnuram_async_fifo.xpm_fifo_base_inst/gen_sdpram.xpm_memory_base_inst/gen_wr_a.gen_word_narrow.mem_reg_0_31_24_29/RAMA/CLK
                         clock pessimism             -0.282     0.897    
    SLICE_X50Y21         RAMD32 (Hold_ramd32_CLK_I)
                                                      0.147     1.044    p10_ps_system_i/s2mm_axis_clock_converter/inst/gen_async_conv.axisc_async_clock_converter_0/xpm_fifo_async_inst/gnuram_async_fifo.xpm_fifo_base_inst/gen_sdpram.xpm_memory_base_inst/gen_wr_a.gen_word_narrow.mem_reg_0_31_24_29/RAMA
  -------------------------------------------------------------------
                         required time                         -1.044    
                         arrival time                           1.080    
  -------------------------------------------------------------------
                         slack                                  0.036    





Pulse Width Checks
--------------------------------------------------------------------------------------
Clock Name:         clk_fpga_0
Waveform(ns):       { 0.000 7.812 }
Period(ns):         15.625
Sources:            { p10_ps_system_i/processing_system7_0/inst/PS7_i/FCLKCLK[0] }

Check Type        Corner  Lib Pin             Reference Pin  Required(ns)  Actual(ns)  Slack(ns)  Location       Pin
Min Period        n/a     RAMB36E1/CLKARDCLK  n/a            2.761         15.625      12.864     RAMB36_X3Y0    p10_ps_system_i/p10_endpoint_0/inst/impl/u_transport/g_physical[0].u_a_phy/u_p8c_physical_safety/u_exact_duty_accountant/history_mem_reg_0/CLKARDCLK
Low Pulse Width   Slow    RAMD64E/CLK         n/a            1.130         7.812       6.682      SLICE_X36Y129  p10_ps_system_i/p10_endpoint_0/inst/impl/u_p10_1_perf_monitor/u_event_fifo/storage_reg_0_63_0_2/RAMA/CLK
High Pulse Width  Slow    RAMD64E/CLK         n/a            1.130         7.812       6.682      SLICE_X36Y129  p10_ps_system_i/p10_endpoint_0/inst/impl/u_p10_1_perf_monitor/u_event_fifo/storage_reg_0_63_0_2/RAMA/CLK



---------------------------------------------------------------------------------------------------
From Clock:  clk_fpga_1
  To Clock:  clk_fpga_1

Setup :            0  Failing Endpoints,  Worst Slack        1.158ns,  Total Violation        0.000ns
Hold  :            0  Failing Endpoints,  Worst Slack        0.067ns,  Total Violation        0.000ns
PW    :            0  Failing Endpoints,  Worst Slack        3.870ns,  Total Violation        0.000ns
---------------------------------------------------------------------------------------------------


Max Delay Paths
--------------------------------------------------------------------------------------
Slack (MET) :             1.158ns  (required time - arrival time)
  Source:                 p10_ps_system_i/hp0_interconnect/xbar/inst/gen_samd.crossbar_samd/gen_master_slots[0].gen_mi_write.wdata_mux_w/gen_wmux.wmux_aw_fifo/storage_data1_reg[1]/C
                            (rising edge-triggered cell FDRE clocked by clk_fpga_1  {rise@0.000ns fall@5.000ns period=10.000ns})
  Destination:            p10_ps_system_i/axi_dma_0/U0/GEN_SG_ENGINE.I_SG_ENGINE/I_SG_AXI_DATAMOVER/GEN_S2MM_BASIC.I_S2MM_BASIC_WRAPPER/I_WR_DATA_CNTL/sig_data2wsc_calc_err_reg/R
                            (rising edge-triggered cell FDRE clocked by clk_fpga_1  {rise@0.000ns fall@5.000ns period=10.000ns})
  Path Group:             clk_fpga_1
  Path Type:              Setup (Max at Slow Process Corner)
  Requirement:            10.000ns  (clk_fpga_1 rise@10.000ns - clk_fpga_1 rise@0.000ns)
  Data Path Delay:        8.082ns  (logic 1.907ns (23.596%)  route 6.175ns (76.404%))
  Logic Levels:           9  (LUT2=1 LUT3=3 LUT4=1 LUT5=1 LUT6=3)
  Clock Path Skew:        -0.073ns (DCD - SCD + CPR)
    Destination Clock Delay (DCD):    2.367ns = ( 12.367 - 10.000 ) 
    Source Clock Delay      (SCD):    2.633ns
    Clock Pessimism Removal (CPR):    0.193ns
  Clock Uncertainty:      0.154ns  ((TSJ^2 + TIJ^2)^1/2 + DJ) / 2 + PE
    Total System Jitter     (TSJ):    0.071ns
    Total Input Jitter      (TIJ):    0.300ns
    Discrete Jitter          (DJ):    0.000ns
    Phase Error              (PE):    0.000ns

    Location             Delay type                Incr(ns)  Path(ns)    Netlist Resource(s)
  -------------------------------------------------------------------    -------------------
                         (clock clk_fpga_1 rise edge)
                                                      0.000     0.000 r  
    PS7_X0Y0             PS7                          0.000     0.000 r  p10_ps_system_i/processing_system7_0/inst/PS7_i/FCLKCLK[1]
                         net (fo=1, routed)           0.994     0.994    p10_ps_system_i/processing_system7_0/inst/FCLK_CLK_unbuffered[1]
    BUFGCTRL_X0Y16       BUFG (Prop_bufg_I_O)         0.085     1.079 r  p10_ps_system_i/processing_system7_0/inst/buffer_fclk_clk_1.FCLK_CLK_1_BUFG/O
                         net (fo=5738, routed)        1.554     2.633    p10_ps_system_i/hp0_interconnect/xbar/inst/gen_samd.crossbar_samd/gen_master_slots[0].gen_mi_write.wdata_mux_w/gen_wmux.wmux_aw_fifo/aclk
    SLICE_X0Y41          FDRE                                         r  p10_ps_system_i/hp0_interconnect/xbar/inst/gen_samd.crossbar_samd/gen_master_slots[0].gen_mi_write.wdata_mux_w/gen_wmux.wmux_aw_fifo/storage_data1_reg[1]/C
  -------------------------------------------------------------------    -------------------
    SLICE_X0Y41          FDRE (Prop_fdre_C_Q)         0.433     3.066 f  p10_ps_system_i/hp0_interconnect/xbar/inst/gen_samd.crossbar_samd/gen_master_slots[0].gen_mi_write.wdata_mux_w/gen_wmux.wmux_aw_fifo/storage_data1_reg[1]/Q
                         net (fo=79, routed)          0.688     3.754    p10_ps_system_i/hp0_interconnect/xbar/inst/gen_samd.crossbar_samd/gen_master_slots[0].gen_mi_write.wdata_mux_w/gen_wmux.wmux_aw_fifo/gen_srls[0].gen_rep[1].srl_nx1/m_select_enc_2[1]
    SLICE_X1Y39          LUT4 (Prop_lut4_I0_O)        0.105     3.859 r  p10_ps_system_i/hp0_interconnect/xbar/inst/gen_samd.crossbar_samd/gen_master_slots[0].gen_mi_write.wdata_mux_w/gen_wmux.wmux_aw_fifo/gen_srls[0].gen_rep[1].srl_nx1/m_axi_wvalid[0]_INST_0_i_2/O
                         net (fo=1, routed)           0.362     4.221    p10_ps_system_i/hp0_interconnect/xbar/inst/gen_samd.crossbar_samd/gen_master_slots[0].gen_mi_write.wdata_mux_w/gen_wmux.wmux_aw_fifo/gen_srls[0].gen_rep[1].srl_nx1/m_axi_wvalid[0]_INST_0_i_2_n_0
    SLICE_X2Y36          LUT6 (Prop_lut6_I5_O)        0.105     4.326 f  p10_ps_system_i/hp0_interconnect/xbar/inst/gen_samd.crossbar_samd/gen_master_slots[0].gen_mi_write.wdata_mux_w/gen_wmux.wmux_aw_fifo/gen_srls[0].gen_rep[1].srl_nx1/m_axi_wvalid[0]_INST_0/O
                         net (fo=10, routed)          1.186     5.512    p10_ps_system_i/hp0_interconnect/m00_couplers/auto_pc/inst/gen_axi4_axi3.axi3_conv_inst/USE_WRITE.write_addr_inst/USE_BURSTS.cmd_queue/inst/s_axi_wvalid
    SLICE_X8Y46          LUT3 (Prop_lut3_I0_O)        0.127     5.639 f  p10_ps_system_i/hp0_interconnect/m00_couplers/auto_pc/inst/gen_axi4_axi3.axi3_conv_inst/USE_WRITE.write_addr_inst/USE_BURSTS.cmd_queue/inst/s_axi_wready_INST_0/O
                         net (fo=12, routed)          0.839     6.478    p10_ps_system_i/hp0_interconnect/xbar/inst/gen_samd.crossbar_samd/gen_master_slots[0].gen_mi_write.wdata_mux_w/gen_wmux.wmux_aw_fifo/m_axi_wready[0]
    SLICE_X4Y36          LUT6 (Prop_lut6_I0_O)        0.268     6.746 r  p10_ps_system_i/hp0_interconnect/xbar/inst/gen_samd.crossbar_samd/gen_master_slots[0].gen_mi_write.wdata_mux_w/gen_wmux.wmux_aw_fifo/s_axi_wready[2]_INST_0_i_1/O
                         net (fo=6, routed)           0.516     7.262    p10_ps_system_i/hp0_interconnect/xbar/inst/gen_samd.crossbar_samd/gen_slave_slots[2].gen_si_write.wdata_router_w/wrouter_aw_fifo/gen_primitive_shifter.gen_srls[0].srl_inst
    SLICE_X3Y35          LUT2 (Prop_lut2_I1_O)        0.108     7.370 f  p10_ps_system_i/hp0_interconnect/xbar/inst/gen_samd.crossbar_samd/gen_slave_slots[2].gen_si_write.wdata_router_w/wrouter_aw_fifo/s_axi_wready[2]_INST_0/O
                         net (fo=22, routed)          0.569     7.938    p10_ps_system_i/hp0_interconnect/s02_couplers/auto_us/inst/gen_upsizer.gen_full_upsizer.axi_upsizer_inst/USE_WRITE.write_addr_inst/GEN_CMD_QUEUE.cmd_queue/m_axi_wready
    SLICE_X5Y42          LUT3 (Prop_lut3_I1_O)        0.280     8.218 f  p10_ps_system_i/hp0_interconnect/s02_couplers/auto_us/inst/gen_upsizer.gen_full_upsizer.axi_upsizer_inst/USE_WRITE.write_addr_inst/GEN_CMD_QUEUE.cmd_queue/s_axi_wready_INST_0/O
                         net (fo=2, routed)           0.889     9.107    p10_ps_system_i/axi_dma_0/U0/GEN_SG_ENGINE.I_SG_ENGINE/I_SG_AXI_DATAMOVER/GEN_S2MM_BASIC.I_S2MM_BASIC_WRAPPER/I_WR_DATA_CNTL/m_axi_sg_wready
    SLICE_X5Y22          LUT6 (Prop_lut6_I5_O)        0.268     9.375 f  p10_ps_system_i/axi_dma_0/U0/GEN_SG_ENGINE.I_SG_ENGINE/I_SG_AXI_DATAMOVER/GEN_S2MM_BASIC.I_S2MM_BASIC_WRAPPER/I_WR_DATA_CNTL/sig_dbeat_cntr[7]_i_3__1/O
                         net (fo=7, routed)           0.382     9.757    p10_ps_system_i/axi_dma_0/U0/GEN_SG_ENGINE.I_SG_ENGINE/I_SG_AXI_DATAMOVER/GEN_S2MM_BASIC.I_S2MM_BASIC_WRAPPER/I_WR_DATA_CNTL/sig_good_mmap_dbeat9_out__0
    SLICE_X5Y21          LUT3 (Prop_lut3_I0_O)        0.105     9.862 f  p10_ps_system_i/axi_dma_0/U0/GEN_SG_ENGINE.I_SG_ENGINE/I_SG_AXI_DATAMOVER/GEN_S2MM_BASIC.I_S2MM_BASIC_WRAPPER/I_WR_DATA_CNTL/sig_push_to_wsc_i_3/O
                         net (fo=1, routed)           0.476    10.339    p10_ps_system_i/axi_dma_0/U0/GEN_SG_ENGINE.I_SG_ENGINE/I_SG_AXI_DATAMOVER/GEN_S2MM_BASIC.I_S2MM_BASIC_WRAPPER/I_WR_DATA_CNTL/sig_set_push2wsc__0
    SLICE_X0Y22          LUT5 (Prop_lut5_I0_O)        0.108    10.447 r  p10_ps_system_i/axi_dma_0/U0/GEN_SG_ENGINE.I_SG_ENGINE/I_SG_AXI_DATAMOVER/GEN_S2MM_BASIC.I_S2MM_BASIC_WRAPPER/I_WR_DATA_CNTL/sig_push_to_wsc_i_1/O
                         net (fo=4, routed)           0.268    10.715    p10_ps_system_i/axi_dma_0/U0/GEN_SG_ENGINE.I_SG_ENGINE/I_SG_AXI_DATAMOVER/GEN_S2MM_BASIC.I_S2MM_BASIC_WRAPPER/I_WR_DATA_CNTL/sig_push_to_wsc0
    SLICE_X1Y21          FDRE                                         r  p10_ps_system_i/axi_dma_0/U0/GEN_SG_ENGINE.I_SG_ENGINE/I_SG_AXI_DATAMOVER/GEN_S2MM_BASIC.I_S2MM_BASIC_WRAPPER/I_WR_DATA_CNTL/sig_data2wsc_calc_err_reg/R
  -------------------------------------------------------------------    -------------------

                         (clock clk_fpga_1 rise edge)
                                                     10.000    10.000 r  
    PS7_X0Y0             PS7                          0.000    10.000 r  p10_ps_system_i/processing_system7_0/inst/PS7_i/FCLKCLK[1]
                         net (fo=1, routed)           0.905    10.906    p10_ps_system_i/processing_system7_0/inst/FCLK_CLK_unbuffered[1]
    BUFGCTRL_X0Y16       BUFG (Prop_bufg_I_O)         0.077    10.983 r  p10_ps_system_i/processing_system7_0/inst/buffer_fclk_clk_1.FCLK_CLK_1_BUFG/O
                         net (fo=5738, routed)        1.385    12.367    p10_ps_system_i/axi_dma_0/U0/GEN_SG_ENGINE.I_SG_ENGINE/I_SG_AXI_DATAMOVER/GEN_S2MM_BASIC.I_S2MM_BASIC_WRAPPER/I_WR_DATA_CNTL/m_axi_sg_aclk
    SLICE_X1Y21          FDRE                                         r  p10_ps_system_i/axi_dma_0/U0/GEN_SG_ENGINE.I_SG_ENGINE/I_SG_AXI_DATAMOVER/GEN_S2MM_BASIC.I_S2MM_BASIC_WRAPPER/I_WR_DATA_CNTL/sig_data2wsc_calc_err_reg/C
                         clock pessimism              0.193    12.560    
                         clock uncertainty           -0.154    12.406    
    SLICE_X1Y21          FDRE (Setup_fdre_C_R)       -0.533    11.873    p10_ps_system_i/axi_dma_0/U0/GEN_SG_ENGINE.I_SG_ENGINE/I_SG_AXI_DATAMOVER/GEN_S2MM_BASIC.I_S2MM_BASIC_WRAPPER/I_WR_DATA_CNTL/sig_data2wsc_calc_err_reg
  -------------------------------------------------------------------
                         required time                         11.873    
                         arrival time                         -10.715    
  -------------------------------------------------------------------
                         slack                                  1.158    





Min Delay Paths
--------------------------------------------------------------------------------------
Slack (MET) :             0.067ns  (arrival time - required time)
  Source:                 p10_ps_system_i/axi_dma_0/U0/I_PRMRY_DATAMOVER/GEN_S2MM_FULL.I_S2MM_FULL_WRAPPER/I_WR_DATA_CNTL/GEN_INDET_BTT.lsig_byte_cntr_reg[11]/C
                            (rising edge-triggered cell FDRE clocked by clk_fpga_1  {rise@0.000ns fall@5.000ns period=10.000ns})
  Destination:            p10_ps_system_i/axi_dma_0/U0/I_PRMRY_DATAMOVER/GEN_S2MM_FULL.I_S2MM_FULL_WRAPPER/I_WR_STATUS_CNTLR/GEN_ENABLE_INDET_BTT.I_SF_DATA_CNTL_STATUS_FIFO/USE_SRL_FIFO.I_SYNC_FIFO/I_SRL_FIFO_RBU_F/DYNSHREG_F_I/INFERRED_GEN.data_reg[5][15]_srl6/D
                            (rising edge-triggered cell SRL16E clocked by clk_fpga_1  {rise@0.000ns fall@5.000ns period=10.000ns})
  Path Group:             clk_fpga_1
  Path Type:              Hold (Min at Fast Process Corner)
  Requirement:            0.000ns  (clk_fpga_1 rise@0.000ns - clk_fpga_1 rise@0.000ns)
  Data Path Delay:        0.262ns  (logic 0.141ns (53.841%)  route 0.121ns (46.159%))
  Logic Levels:           0  
  Clock Path Skew:        0.012ns (DCD - SCD - CPR)
    Destination Clock Delay (DCD):    1.214ns
    Source Clock Delay      (SCD):    0.919ns
    Clock Pessimism Removal (CPR):    0.283ns

    Location             Delay type                Incr(ns)  Path(ns)    Netlist Resource(s)
  -------------------------------------------------------------------    -------------------
                         (clock clk_fpga_1 rise edge)
                                                      0.000     0.000 r  
    PS7_X0Y0             PS7                          0.000     0.000 r  p10_ps_system_i/processing_system7_0/inst/PS7_i/FCLKCLK[1]
                         net (fo=1, routed)           0.310     0.310    p10_ps_system_i/processing_system7_0/inst/FCLK_CLK_unbuffered[1]
    BUFGCTRL_X0Y16       BUFG (Prop_bufg_I_O)         0.026     0.336 r  p10_ps_system_i/processing_system7_0/inst/buffer_fclk_clk_1.FCLK_CLK_1_BUFG/O
                         net (fo=5738, routed)        0.583     0.919    p10_ps_system_i/axi_dma_0/U0/I_PRMRY_DATAMOVER/GEN_S2MM_FULL.I_S2MM_FULL_WRAPPER/I_WR_DATA_CNTL/m_axi_s2mm_aclk
    SLICE_X21Y23         FDRE                                         r  p10_ps_system_i/axi_dma_0/U0/I_PRMRY_DATAMOVER/GEN_S2MM_FULL.I_S2MM_FULL_WRAPPER/I_WR_DATA_CNTL/GEN_INDET_BTT.lsig_byte_cntr_reg[11]/C
  -------------------------------------------------------------------    -------------------
    SLICE_X21Y23         FDRE (Prop_fdre_C_Q)         0.141     1.059 r  p10_ps_system_i/axi_dma_0/U0/I_PRMRY_DATAMOVER/GEN_S2MM_FULL.I_S2MM_FULL_WRAPPER/I_WR_DATA_CNTL/GEN_INDET_BTT.lsig_byte_cntr_reg[11]/Q
                         net (fo=2, routed)           0.121     1.180    p10_ps_system_i/axi_dma_0/U0/I_PRMRY_DATAMOVER/GEN_S2MM_FULL.I_S2MM_FULL_WRAPPER/I_WR_STATUS_CNTLR/GEN_ENABLE_INDET_BTT.I_SF_DATA_CNTL_STATUS_FIFO/USE_SRL_FIFO.I_SYNC_FIFO/I_SRL_FIFO_RBU_F/DYNSHREG_F_I/in[13]
    SLICE_X20Y24         SRL16E                                       r  p10_ps_system_i/axi_dma_0/U0/I_PRMRY_DATAMOVER/GEN_S2MM_FULL.I_S2MM_FULL_WRAPPER/I_WR_STATUS_CNTLR/GEN_ENABLE_INDET_BTT.I_SF_DATA_CNTL_STATUS_FIFO/USE_SRL_FIFO.I_SYNC_FIFO/I_SRL_FIFO_RBU_F/DYNSHREG_F_I/INFERRED_GEN.data_reg[5][15]_srl6/D
  -------------------------------------------------------------------    -------------------

                         (clock clk_fpga_1 rise edge)
                                                      0.000     0.000 r  
    PS7_X0Y0             PS7                          0.000     0.000 r  p10_ps_system_i/processing_system7_0/inst/PS7_i/FCLKCLK[1]
                         net (fo=1, routed)           0.337     0.337    p10_ps_system_i/processing_system7_0/inst/FCLK_CLK_unbuffered[1]
    BUFGCTRL_X0Y16       BUFG (Prop_bufg_I_O)         0.029     0.366 r  p10_ps_system_i/processing_system7_0/inst/buffer_fclk_clk_1.FCLK_CLK_1_BUFG/O
                         net (fo=5738, routed)        0.848     1.214    p10_ps_system_i/axi_dma_0/U0/I_PRMRY_DATAMOVER/GEN_S2MM_FULL.I_S2MM_FULL_WRAPPER/I_WR_STATUS_CNTLR/GEN_ENABLE_INDET_BTT.I_SF_DATA_CNTL_STATUS_FIFO/USE_SRL_FIFO.I_SYNC_FIFO/I_SRL_FIFO_RBU_F/DYNSHREG_F_I/m_axi_s2mm_aclk
    SLICE_X20Y24         SRL16E                                       r  p10_ps_system_i/axi_dma_0/U0/I_PRMRY_DATAMOVER/GEN_S2MM_FULL.I_S2MM_FULL_WRAPPER/I_WR_STATUS_CNTLR/GEN_ENABLE_INDET_BTT.I_SF_DATA_CNTL_STATUS_FIFO/USE_SRL_FIFO.I_SYNC_FIFO/I_SRL_FIFO_RBU_F/DYNSHREG_F_I/INFERRED_GEN.data_reg[5][15]_srl6/CLK
                         clock pessimism             -0.283     0.931    
    SLICE_X20Y24         SRL16E (Hold_srl16e_CLK_D)
                                                      0.183     1.113    p10_ps_system_i/axi_dma_0/U0/I_PRMRY_DATAMOVER/GEN_S2MM_FULL.I_S2MM_FULL_WRAPPER/I_WR_STATUS_CNTLR/GEN_ENABLE_INDET_BTT.I_SF_DATA_CNTL_STATUS_FIFO/USE_SRL_FIFO.I_SYNC_FIFO/I_SRL_FIFO_RBU_F/DYNSHREG_F_I/INFERRED_GEN.data_reg[5][15]_srl6
  -------------------------------------------------------------------
                         required time                         -1.114    
                         arrival time                           1.180    
  -------------------------------------------------------------------
                         slack                                  0.067    





Pulse Width Checks
--------------------------------------------------------------------------------------
Clock Name:         clk_fpga_1
Waveform(ns):       { 0.000 5.000 }
Period(ns):         10.000
Sources:            { p10_ps_system_i/processing_system7_0/inst/PS7_i/FCLKCLK[1] }

Check Type        Corner  Lib Pin             Reference Pin  Required(ns)  Actual(ns)  Slack(ns)  Location      Pin
Min Period        n/a     RAMB36E1/CLKARDCLK  n/a            2.170         10.000      7.830      RAMB36_X2Y6   p10_ps_system_i/axi_dma_0/U0/I_PRMRY_DATAMOVER/GEN_MM2S_FULL.I_MM2S_FULL_WRAPPER/GEN_INCLUDE_MM2S_SF.I_RD_SF/I_DATA_FIFO/BLK_MEM.I_SYNC_FIFOGEN_FIFO/xpm_fifo_instance.xpm_fifo_sync_inst/xpm_fifo_base_inst/gen_sdpram.xpm_memory_base_inst/gen_wr_a.gen_word_narrow.mem_reg/CLKARDCLK
Low Pulse Width   Slow    RAMD32/CLK          n/a            1.130         5.000       3.870      SLICE_X32Y14  p10_ps_system_i/axi_dma_0/U0/I_PRMRY_DATAMOVER/GEN_S2MM_FULL.I_S2MM_FULL_WRAPPER/GEN_ENABLE_INDET_BTT_SF.I_INDET_BTT/I_XD_FIFO/NON_BLK_MEM.I_SYNC_FIFOGEN_FIFO/xpm_fifo_instance.xpm_fifo_sync_inst/xpm_fifo_base_inst/gen_sdpram.xpm_memory_base_inst/gen_wr_a.gen_word_narrow.mem_reg_0_15_0_5/RAMA/CLK
High Pulse Width  Slow    RAMD32/CLK          n/a            1.130         5.000       3.870      SLICE_X32Y14  p10_ps_system_i/axi_dma_0/U0/I_PRMRY_DATAMOVER/GEN_S2MM_FULL.I_S2MM_FULL_WRAPPER/GEN_ENABLE_INDET_BTT_SF.I_INDET_BTT/I_XD_FIFO/NON_BLK_MEM.I_SYNC_FIFOGEN_FIFO/xpm_fifo_instance.xpm_fifo_sync_inst/xpm_fifo_base_inst/gen_sdpram.xpm_memory_base_inst/gen_wr_a.gen_word_narrow.mem_reg_0_15_0_5/RAMA/CLK



---------------------------------------------------------------------------------------------------
From Clock:  clk_fpga_2
  To Clock:  clk_fpga_2

Setup :            0  Failing Endpoints,  Worst Slack       12.471ns,  Total Violation        0.000ns
Hold  :            0  Failing Endpoints,  Worst Slack        0.066ns,  Total Violation        0.000ns
PW    :            0  Failing Endpoints,  Worst Slack        9.146ns,  Total Violation        0.000ns
---------------------------------------------------------------------------------------------------


Max Delay Paths
--------------------------------------------------------------------------------------
Slack (MET) :             12.471ns  (required time - arrival time)
  Source:                 p10_ps_system_i/gp0_interconnect/s00_couplers/auto_pc/inst/gen_axilite.gen_b2s_conv.axilite_b2s/SI_REG/aw.aw_pipe/m_payload_i_reg[39]/C
                            (rising edge-triggered cell FDRE clocked by clk_fpga_2  {rise@0.000ns fall@10.000ns period=20.000ns})
  Destination:            p10_ps_system_i/gp0_interconnect/s00_couplers/auto_pc/inst/gen_axilite.gen_b2s_conv.axilite_b2s/WR.aw_channel_0/cmd_translator_0/incr_cmd_0/axaddr_incr_reg[7]/D
                            (rising edge-triggered cell FDRE clocked by clk_fpga_2  {rise@0.000ns fall@10.000ns period=20.000ns})
  Path Group:             clk_fpga_2
  Path Type:              Setup (Max at Slow Process Corner)
  Requirement:            20.000ns  (clk_fpga_2 rise@20.000ns - clk_fpga_2 rise@0.000ns)
  Data Path Delay:        7.235ns  (logic 1.875ns (25.916%)  route 5.360ns (74.084%))
  Logic Levels:           7  (CARRY4=2 LUT3=3 LUT4=1 LUT6=1)
  Clock Path Skew:        -0.098ns (DCD - SCD + CPR)
    Destination Clock Delay (DCD):    2.207ns = ( 22.207 - 20.000 ) 
    Source Clock Delay      (SCD):    2.497ns
    Clock Pessimism Removal (CPR):    0.192ns
  Clock Uncertainty:      0.302ns  ((TSJ^2 + TIJ^2)^1/2 + DJ) / 2 + PE
    Total System Jitter     (TSJ):    0.071ns
    Total Input Jitter      (TIJ):    0.600ns
    Discrete Jitter          (DJ):    0.000ns
    Phase Error              (PE):    0.000ns

    Location             Delay type                Incr(ns)  Path(ns)    Netlist Resource(s)
  -------------------------------------------------------------------    -------------------
                         (clock clk_fpga_2 rise edge)
                                                      0.000     0.000 r  
    PS7_X0Y0             PS7                          0.000     0.000 r  p10_ps_system_i/processing_system7_0/inst/PS7_i/FCLKCLK[2]
                         net (fo=1, routed)           0.994     0.994    p10_ps_system_i/processing_system7_0/inst/FCLK_CLK_unbuffered[2]
    BUFGCTRL_X0Y17       BUFG (Prop_bufg_I_O)         0.085     1.079 r  p10_ps_system_i/processing_system7_0/inst/buffer_fclk_clk_2.FCLK_CLK_2_BUFG/O
                         net (fo=1157, routed)        1.418     2.497    p10_ps_system_i/gp0_interconnect/s00_couplers/auto_pc/inst/gen_axilite.gen_b2s_conv.axilite_b2s/SI_REG/aw.aw_pipe/aclk
    SLICE_X29Y79         FDRE                                         r  p10_ps_system_i/gp0_interconnect/s00_couplers/auto_pc/inst/gen_axilite.gen_b2s_conv.axilite_b2s/SI_REG/aw.aw_pipe/m_payload_i_reg[39]/C
  -------------------------------------------------------------------    -------------------
    SLICE_X29Y79         FDRE (Prop_fdre_C_Q)         0.348     2.845 r  p10_ps_system_i/gp0_interconnect/s00_couplers/auto_pc/inst/gen_axilite.gen_b2s_conv.axilite_b2s/SI_REG/aw.aw_pipe/m_payload_i_reg[39]/Q
                         net (fo=16, routed)          1.309     4.154    p10_ps_system_i/gp0_interconnect/s00_couplers/auto_pc/inst/gen_axilite.gen_b2s_conv.axilite_b2s/WR.aw_channel_0/cmd_translator_0/axlen_cnt_reg[3][11]
    SLICE_X30Y69         LUT3 (Prop_lut3_I1_O)        0.242     4.396 f  p10_ps_system_i/gp0_interconnect/s00_couplers/auto_pc/inst/gen_axilite.gen_b2s_conv.axilite_b2s/WR.aw_channel_0/cmd_translator_0/FSM_sequential_state[1]_i_2/O
                         net (fo=3, routed)           0.543     4.940    p10_ps_system_i/gp0_interconnect/s00_couplers/auto_pc/inst/gen_axilite.gen_b2s_conv.axilite_b2s/WR.aw_channel_0/aw_cmd_fsm_0/FSM_sequential_state_reg[1]_0
    SLICE_X30Y70         LUT6 (Prop_lut6_I3_O)        0.105     5.045 r  p10_ps_system_i/gp0_interconnect/s00_couplers/auto_pc/inst/gen_axilite.gen_b2s_conv.axilite_b2s/WR.aw_channel_0/aw_cmd_fsm_0/memory_reg[3][0]_srl4_i_1/O
                         net (fo=30, routed)          0.688     5.732    p10_ps_system_i/gp0_interconnect/s00_couplers/auto_pc/inst/gen_axilite.gen_b2s_conv.axilite_b2s/WR.aw_channel_0/aw_cmd_fsm_0/m_axi_awready_0
    SLICE_X29Y69         LUT3 (Prop_lut3_I2_O)        0.105     5.837 r  p10_ps_system_i/gp0_interconnect/s00_couplers/auto_pc/inst/gen_axilite.gen_b2s_conv.axilite_b2s/WR.aw_channel_0/aw_cmd_fsm_0/next_pending_r_i_3/O
                         net (fo=23, routed)          1.823     7.660    p10_ps_system_i/gp0_interconnect/s00_couplers/auto_pc/inst/gen_axilite.gen_b2s_conv.axilite_b2s/WR.aw_channel_0/cmd_translator_0/incr_cmd_0/next
    SLICE_X30Y77         LUT4 (Prop_lut4_I3_O)        0.105     7.765 r  p10_ps_system_i/gp0_interconnect/s00_couplers/auto_pc/inst/gen_axilite.gen_b2s_conv.axilite_b2s/WR.aw_channel_0/cmd_translator_0/incr_cmd_0/axaddr_incr[3]_i_9/O
                         net (fo=1, routed)           0.000     7.765    p10_ps_system_i/gp0_interconnect/s00_couplers/auto_pc/inst/gen_axilite.gen_b2s_conv.axilite_b2s/SI_REG/aw.aw_pipe/axaddr_incr_reg[3][1]
    SLICE_X30Y77         CARRY4 (Prop_carry4_S[1]_CO[3])
                                                      0.444     8.209 r  p10_ps_system_i/gp0_interconnect/s00_couplers/auto_pc/inst/gen_axilite.gen_b2s_conv.axilite_b2s/SI_REG/aw.aw_pipe/axaddr_incr_reg[3]_i_2/CO[3]
                         net (fo=1, routed)           0.000     8.209    p10_ps_system_i/gp0_interconnect/s00_couplers/auto_pc/inst/gen_axilite.gen_b2s_conv.axilite_b2s/SI_REG/aw.aw_pipe/axaddr_incr_reg[3]_i_2_n_0
    SLICE_X30Y78         CARRY4 (Prop_carry4_CI_O[3])
                                                      0.262     8.471 r  p10_ps_system_i/gp0_interconnect/s00_couplers/auto_pc/inst/gen_axilite.gen_b2s_conv.axilite_b2s/SI_REG/aw.aw_pipe/axaddr_incr_reg[7]_i_2/O[3]
                         net (fo=1, routed)           0.997     9.468    p10_ps_system_i/gp0_interconnect/s00_couplers/auto_pc/inst/gen_axilite.gen_b2s_conv.axilite_b2s/WR.aw_channel_0/cmd_translator_0/incr_cmd_0/axaddr_incr[7]
    SLICE_X32Y77         LUT3 (Prop_lut3_I0_O)        0.264     9.732 r  p10_ps_system_i/gp0_interconnect/s00_couplers/auto_pc/inst/gen_axilite.gen_b2s_conv.axilite_b2s/WR.aw_channel_0/cmd_translator_0/incr_cmd_0/axaddr_incr[7]_i_1/O
                         net (fo=1, routed)           0.000     9.732    p10_ps_system_i/gp0_interconnect/s00_couplers/auto_pc/inst/gen_axilite.gen_b2s_conv.axilite_b2s/WR.aw_channel_0/cmd_translator_0/incr_cmd_0/p_1_in[7]
    SLICE_X32Y77         FDRE                                         r  p10_ps_system_i/gp0_interconnect/s00_couplers/auto_pc/inst/gen_axilite.gen_b2s_conv.axilite_b2s/WR.aw_channel_0/cmd_translator_0/incr_cmd_0/axaddr_incr_reg[7]/D
  -------------------------------------------------------------------    -------------------

                         (clock clk_fpga_2 rise edge)
                                                     20.000    20.000 r  
    PS7_X0Y0             PS7                          0.000    20.000 r  p10_ps_system_i/processing_system7_0/inst/PS7_i/FCLKCLK[2]
                         net (fo=1, routed)           0.905    20.906    p10_ps_system_i/processing_system7_0/inst/FCLK_CLK_unbuffered[2]
    BUFGCTRL_X0Y17       BUFG (Prop_bufg_I_O)         0.077    20.983 r  p10_ps_system_i/processing_system7_0/inst/buffer_fclk_clk_2.FCLK_CLK_2_BUFG/O
                         net (fo=1157, routed)        1.224    22.207    p10_ps_system_i/gp0_interconnect/s00_couplers/auto_pc/inst/gen_axilite.gen_b2s_conv.axilite_b2s/WR.aw_channel_0/cmd_translator_0/incr_cmd_0/aclk
    SLICE_X32Y77         FDRE                                         r  p10_ps_system_i/gp0_interconnect/s00_couplers/auto_pc/inst/gen_axilite.gen_b2s_conv.axilite_b2s/WR.aw_channel_0/cmd_translator_0/incr_cmd_0/axaddr_incr_reg[7]/C
                         clock pessimism              0.192    22.399    
                         clock uncertainty           -0.302    22.097    
    SLICE_X32Y77         FDRE (Setup_fdre_C_D)        0.106    22.203    p10_ps_system_i/gp0_interconnect/s00_couplers/auto_pc/inst/gen_axilite.gen_b2s_conv.axilite_b2s/WR.aw_channel_0/cmd_translator_0/incr_cmd_0/axaddr_incr_reg[7]
  -------------------------------------------------------------------
                         required time                         22.203    
                         arrival time                          -9.732    
  -------------------------------------------------------------------
                         slack                                 12.471    





Min Delay Paths
--------------------------------------------------------------------------------------
Slack (MET) :             0.066ns  (arrival time - required time)
  Source:                 p10_ps_system_i/gp0_interconnect/xbar/inst/gen_sasd.crossbar_sasd_0/reg_slice_r/m_payload_i_reg[15]/C
                            (rising edge-triggered cell FDRE clocked by clk_fpga_2  {rise@0.000ns fall@10.000ns period=20.000ns})
  Destination:            p10_ps_system_i/gp0_interconnect/s00_couplers/auto_pc/inst/gen_axilite.gen_b2s_conv.axilite_b2s/RD.r_channel_0/rd_data_fifo_0/memory_reg[31][12]_srl32/D
                            (rising edge-triggered cell SRLC32E clocked by clk_fpga_2  {rise@0.000ns fall@10.000ns period=20.000ns})
  Path Group:             clk_fpga_2
  Path Type:              Hold (Min at Fast Process Corner)
  Requirement:            0.000ns  (clk_fpga_2 rise@0.000ns - clk_fpga_2 rise@0.000ns)
  Data Path Delay:        0.196ns  (logic 0.141ns (71.838%)  route 0.055ns (28.162%))
  Logic Levels:           0  
  Clock Path Skew:        0.013ns (DCD - SCD - CPR)
    Destination Clock Delay (DCD):    1.203ns
    Source Clock Delay      (SCD):    0.907ns
    Clock Pessimism Removal (CPR):    0.283ns

    Location             Delay type                Incr(ns)  Path(ns)    Netlist Resource(s)
  -------------------------------------------------------------------    -------------------
                         (clock clk_fpga_2 rise edge)
                                                      0.000     0.000 r  
    PS7_X0Y0             PS7                          0.000     0.000 r  p10_ps_system_i/processing_system7_0/inst/PS7_i/FCLKCLK[2]
                         net (fo=1, routed)           0.310     0.310    p10_ps_system_i/processing_system7_0/inst/FCLK_CLK_unbuffered[2]
    BUFGCTRL_X0Y17       BUFG (Prop_bufg_I_O)         0.026     0.336 r  p10_ps_system_i/processing_system7_0/inst/buffer_fclk_clk_2.FCLK_CLK_2_BUFG/O
                         net (fo=1157, routed)        0.571     0.907    p10_ps_system_i/gp0_interconnect/xbar/inst/gen_sasd.crossbar_sasd_0/reg_slice_r/aclk
    SLICE_X31Y83         FDRE                                         r  p10_ps_system_i/gp0_interconnect/xbar/inst/gen_sasd.crossbar_sasd_0/reg_slice_r/m_payload_i_reg[15]/C
  -------------------------------------------------------------------    -------------------
    SLICE_X31Y83         FDRE (Prop_fdre_C_Q)         0.141     1.048 r  p10_ps_system_i/gp0_interconnect/xbar/inst/gen_sasd.crossbar_sasd_0/reg_slice_r/m_payload_i_reg[15]/Q
                         net (fo=1, routed)           0.055     1.103    p10_ps_system_i/gp0_interconnect/s00_couplers/auto_pc/inst/gen_axilite.gen_b2s_conv.axilite_b2s/RD.r_channel_0/rd_data_fifo_0/in[12]
    SLICE_X30Y83         SRLC32E                                      r  p10_ps_system_i/gp0_interconnect/s00_couplers/auto_pc/inst/gen_axilite.gen_b2s_conv.axilite_b2s/RD.r_channel_0/rd_data_fifo_0/memory_reg[31][12]_srl32/D
  -------------------------------------------------------------------    -------------------

                         (clock clk_fpga_2 rise edge)
                                                      0.000     0.000 r  
    PS7_X0Y0             PS7                          0.000     0.000 r  p10_ps_system_i/processing_system7_0/inst/PS7_i/FCLKCLK[2]
                         net (fo=1, routed)           0.337     0.337    p10_ps_system_i/processing_system7_0/inst/FCLK_CLK_unbuffered[2]
    BUFGCTRL_X0Y17       BUFG (Prop_bufg_I_O)         0.029     0.366 r  p10_ps_system_i/processing_system7_0/inst/buffer_fclk_clk_2.FCLK_CLK_2_BUFG/O
                         net (fo=1157, routed)        0.837     1.203    p10_ps_system_i/gp0_interconnect/s00_couplers/auto_pc/inst/gen_axilite.gen_b2s_conv.axilite_b2s/RD.r_channel_0/rd_data_fifo_0/aclk
    SLICE_X30Y83         SRLC32E                                      r  p10_ps_system_i/gp0_interconnect/s00_couplers/auto_pc/inst/gen_axilite.gen_b2s_conv.axilite_b2s/RD.r_channel_0/rd_data_fifo_0/memory_reg[31][12]_srl32/CLK
                         clock pessimism             -0.283     0.920    
    SLICE_X30Y83         SRLC32E (Hold_srlc32e_CLK_D)
                                                      0.117     1.037    p10_ps_system_i/gp0_interconnect/s00_couplers/auto_pc/inst/gen_axilite.gen_b2s_conv.axilite_b2s/RD.r_channel_0/rd_data_fifo_0/memory_reg[31][12]_srl32
  -------------------------------------------------------------------
                         required time                         -1.037    
                         arrival time                           1.103    
  -------------------------------------------------------------------
                         slack                                  0.066    





Pulse Width Checks
--------------------------------------------------------------------------------------
Clock Name:         clk_fpga_2
Waveform(ns):       { 0.000 10.000 }
Period(ns):         20.000
Sources:            { p10_ps_system_i/processing_system7_0/inst/PS7_i/FCLKCLK[2] }

Check Type        Corner  Lib Pin      Reference Pin  Required(ns)  Actual(ns)  Slack(ns)  Location        Pin
Min Period        n/a     BUFG/I       n/a            1.592         20.000      18.408     BUFGCTRL_X0Y17  p10_ps_system_i/processing_system7_0/inst/buffer_fclk_clk_2.FCLK_CLK_2_BUFG/I
Low Pulse Width   Slow    SRLC32E/CLK  n/a            0.854         10.000      9.146      SLICE_X30Y82    p10_ps_system_i/gp0_interconnect/s00_couplers/auto_pc/inst/gen_axilite.gen_b2s_conv.axilite_b2s/RD.r_channel_0/rd_data_fifo_0/memory_reg[31][0]_srl32/CLK
High Pulse Width  Slow    SRLC32E/CLK  n/a            0.854         10.000      9.146      SLICE_X30Y82    p10_ps_system_i/gp0_interconnect/s00_couplers/auto_pc/inst/gen_axilite.gen_b2s_conv.axilite_b2s/RD.r_channel_0/rd_data_fifo_0/memory_reg[31][0]_srl32/CLK



---------------------------------------------------------------------------------------------------
From Clock:  clk_fpga_1
  To Clock:  clk_fpga_0

Setup :            0  Failing Endpoints,  Worst Slack        8.926ns,  Total Violation        0.000ns
Hold  :           NA  Failing Endpoints,  Worst Slack           NA  ,  Total Violation           NA
---------------------------------------------------------------------------------------------------


Max Delay Paths
--------------------------------------------------------------------------------------
Slack (MET) :             8.926ns  (required time - arrival time)
  Source:                 p10_ps_system_i/mm2s_axis_clock_converter/inst/gen_async_conv.axisc_async_clock_converter_0/xpm_fifo_async_inst/gnuram_async_fifo.xpm_fifo_base_inst/gen_cdc_pntr.wr_pntr_cdc_inst/src_gray_ff_reg[1]/C
                            (rising edge-triggered cell FDRE clocked by clk_fpga_1  {rise@0.000ns fall@5.000ns period=10.000ns})
  Destination:            p10_ps_system_i/mm2s_axis_clock_converter/inst/gen_async_conv.axisc_async_clock_converter_0/xpm_fifo_async_inst/gnuram_async_fifo.xpm_fifo_base_inst/gen_cdc_pntr.wr_pntr_cdc_inst/dest_graysync_ff_reg[0][1]/D
                            (rising edge-triggered cell FDRE clocked by clk_fpga_0  {rise@0.000ns fall@7.813ns period=15.625ns})
  Path Group:             clk_fpga_0
  Path Type:              Setup (Max at Slow Process Corner)
  Requirement:            10.000ns  (MaxDelay Path 10.000ns)
  Data Path Delay:        0.874ns  (logic 0.398ns (45.527%)  route 0.476ns (54.473%))
  Logic Levels:           0  
  Timing Exception:       MaxDelay Path 10.000ns -datapath_only

    Location             Delay type                Incr(ns)  Path(ns)    Netlist Resource(s)
  -------------------------------------------------------------------    -------------------
    SLICE_X42Y27                                      0.000     0.000 r  p10_ps_system_i/mm2s_axis_clock_converter/inst/gen_async_conv.axisc_async_clock_converter_0/xpm_fifo_async_inst/gnuram_async_fifo.xpm_fifo_base_inst/gen_cdc_pntr.wr_pntr_cdc_inst/src_gray_ff_reg[1]/C
    SLICE_X42Y27         FDRE (Prop_fdre_C_Q)         0.398     0.398 r  p10_ps_system_i/mm2s_axis_clock_converter/inst/gen_async_conv.axisc_async_clock_converter_0/xpm_fifo_async_inst/gnuram_async_fifo.xpm_fifo_base_inst/gen_cdc_pntr.wr_pntr_cdc_inst/src_gray_ff_reg[1]/Q
                         net (fo=1, routed)           0.476     0.874    p10_ps_system_i/mm2s_axis_clock_converter/inst/gen_async_conv.axisc_async_clock_converter_0/xpm_fifo_async_inst/gnuram_async_fifo.xpm_fifo_base_inst/gen_cdc_pntr.wr_pntr_cdc_inst/async_path[1]
    SLICE_X43Y27         FDRE                                         r  p10_ps_system_i/mm2s_axis_clock_converter/inst/gen_async_conv.axisc_async_clock_converter_0/xpm_fifo_async_inst/gnuram_async_fifo.xpm_fifo_base_inst/gen_cdc_pntr.wr_pntr_cdc_inst/dest_graysync_ff_reg[0][1]/D
  -------------------------------------------------------------------    -------------------

                         max delay                   10.000    10.000    
    SLICE_X43Y27         FDRE (Setup_fdre_C_D)       -0.200     9.800    p10_ps_system_i/mm2s_axis_clock_converter/inst/gen_async_conv.axisc_async_clock_converter_0/xpm_fifo_async_inst/gnuram_async_fifo.xpm_fifo_base_inst/gen_cdc_pntr.wr_pntr_cdc_inst/dest_graysync_ff_reg[0][1]
  -------------------------------------------------------------------
                         required time                          9.800    
                         arrival time                          -0.874    
  -------------------------------------------------------------------
                         slack                                  8.926    





---------------------------------------------------------------------------------------------------
From Clock:  clk_fpga_2
  To Clock:  clk_fpga_0

Setup :            0  Failing Endpoints,  Worst Slack       45.289ns,  Total Violation        0.000ns
Hold  :           NA  Failing Endpoints,  Worst Slack           NA  ,  Total Violation           NA
---------------------------------------------------------------------------------------------------


Max Delay Paths
--------------------------------------------------------------------------------------
Slack (MET) :             45.289ns  (required time - arrival time)
  Source:                 p10_ps_system_i/p10_axil_clock_converter/inst/gen_clock_conv.gen_async_lite_conv.clock_conv_lite_fwd_w/handshake/src_hsdata_ff_reg[31]/C
                            (rising edge-triggered cell FDRE clocked by clk_fpga_2  {rise@0.000ns fall@10.000ns period=20.000ns})
  Destination:            p10_ps_system_i/p10_axil_clock_converter/inst/gen_clock_conv.gen_async_lite_conv.clock_conv_lite_fwd_w/handshake/dest_hsdata_ff_reg[31]/D
                            (rising edge-triggered cell FDRE clocked by clk_fpga_0  {rise@0.000ns fall@7.813ns period=15.625ns})
  Path Group:             clk_fpga_0
  Path Type:              Setup (Max at Slow Process Corner)
  Requirement:            46.875ns  (MaxDelay Path 46.875ns)
  Data Path Delay:        1.377ns  (logic 0.348ns (25.267%)  route 1.029ns (74.733%))
  Logic Levels:           0  
  Timing Exception:       MaxDelay Path 46.875ns -datapath_only

    Location             Delay type                Incr(ns)  Path(ns)    Netlist Resource(s)
  -------------------------------------------------------------------    -------------------
    SLICE_X27Y96                                      0.000     0.000 r  p10_ps_system_i/p10_axil_clock_converter/inst/gen_clock_conv.gen_async_lite_conv.clock_conv_lite_fwd_w/handshake/src_hsdata_ff_reg[31]/C
    SLICE_X27Y96         FDRE (Prop_fdre_C_Q)         0.348     0.348 r  p10_ps_system_i/p10_axil_clock_converter/inst/gen_clock_conv.gen_async_lite_conv.clock_conv_lite_fwd_w/handshake/src_hsdata_ff_reg[31]/Q
                         net (fo=1, routed)           1.029     1.377    p10_ps_system_i/p10_axil_clock_converter/inst/gen_clock_conv.gen_async_lite_conv.clock_conv_lite_fwd_w/handshake/src_hsdata_ff[31]
    SLICE_X33Y99         FDRE                                         r  p10_ps_system_i/p10_axil_clock_converter/inst/gen_clock_conv.gen_async_lite_conv.clock_conv_lite_fwd_w/handshake/dest_hsdata_ff_reg[31]/D
  -------------------------------------------------------------------    -------------------

                         max delay                   46.875    46.875    
    SLICE_X33Y99         FDRE (Setup_fdre_C_D)       -0.209    46.666    p10_ps_system_i/p10_axil_clock_converter/inst/gen_clock_conv.gen_async_lite_conv.clock_conv_lite_fwd_w/handshake/dest_hsdata_ff_reg[31]
  -------------------------------------------------------------------
                         required time                         46.666    
                         arrival time                          -1.377    
  -------------------------------------------------------------------
                         slack                                 45.289    





---------------------------------------------------------------------------------------------------
From Clock:  clk_fpga_0
  To Clock:  clk_fpga_1

Setup :            0  Failing Endpoints,  Worst Slack       14.453ns,  Total Violation        0.000ns
Hold  :           NA  Failing Endpoints,  Worst Slack           NA  ,  Total Violation           NA
---------------------------------------------------------------------------------------------------


Max Delay Paths
--------------------------------------------------------------------------------------
Slack (MET) :             14.453ns  (required time - arrival time)
  Source:                 p10_ps_system_i/mm2s_axis_clock_converter/inst/gen_async_conv.axisc_async_clock_converter_0/xpm_fifo_async_inst/gnuram_async_fifo.xpm_fifo_base_inst/gen_cdc_pntr.rd_pntr_cdc_inst/src_gray_ff_reg[3]/C
                            (rising edge-triggered cell FDRE clocked by clk_fpga_0  {rise@0.000ns fall@7.813ns period=15.625ns})
  Destination:            p10_ps_system_i/mm2s_axis_clock_converter/inst/gen_async_conv.axisc_async_clock_converter_0/xpm_fifo_async_inst/gnuram_async_fifo.xpm_fifo_base_inst/gen_cdc_pntr.rd_pntr_cdc_inst/dest_graysync_ff_reg[0][3]/D
                            (rising edge-triggered cell FDRE clocked by clk_fpga_1  {rise@0.000ns fall@5.000ns period=10.000ns})
  Path Group:             clk_fpga_1
  Path Type:              Setup (Max at Slow Process Corner)
  Requirement:            15.625ns  (MaxDelay Path 15.625ns)
  Data Path Delay:        0.966ns  (logic 0.348ns (36.026%)  route 0.618ns (63.974%))
  Logic Levels:           0  
  Timing Exception:       MaxDelay Path 15.625ns -datapath_only

    Location             Delay type                Incr(ns)  Path(ns)    Netlist Resource(s)
  -------------------------------------------------------------------    -------------------
    SLICE_X45Y27                                      0.000     0.000 r  p10_ps_system_i/mm2s_axis_clock_converter/inst/gen_async_conv.axisc_async_clock_converter_0/xpm_fifo_async_inst/gnuram_async_fifo.xpm_fifo_base_inst/gen_cdc_pntr.rd_pntr_cdc_inst/src_gray_ff_reg[3]/C
    SLICE_X45Y27         FDRE (Prop_fdre_C_Q)         0.348     0.348 r  p10_ps_system_i/mm2s_axis_clock_converter/inst/gen_async_conv.axisc_async_clock_converter_0/xpm_fifo_async_inst/gnuram_async_fifo.xpm_fifo_base_inst/gen_cdc_pntr.rd_pntr_cdc_inst/src_gray_ff_reg[3]/Q
                         net (fo=1, routed)           0.618     0.966    p10_ps_system_i/mm2s_axis_clock_converter/inst/gen_async_conv.axisc_async_clock_converter_0/xpm_fifo_async_inst/gnuram_async_fifo.xpm_fifo_base_inst/gen_cdc_pntr.rd_pntr_cdc_inst/async_path[3]
    SLICE_X44Y27         FDRE                                         r  p10_ps_system_i/mm2s_axis_clock_converter/inst/gen_async_conv.axisc_async_clock_converter_0/xpm_fifo_async_inst/gnuram_async_fifo.xpm_fifo_base_inst/gen_cdc_pntr.rd_pntr_cdc_inst/dest_graysync_ff_reg[0][3]/D
  -------------------------------------------------------------------    -------------------

                         max delay                   15.625    15.625    
    SLICE_X44Y27         FDRE (Setup_fdre_C_D)       -0.206    15.419    p10_ps_system_i/mm2s_axis_clock_converter/inst/gen_async_conv.axisc_async_clock_converter_0/xpm_fifo_async_inst/gnuram_async_fifo.xpm_fifo_base_inst/gen_cdc_pntr.rd_pntr_cdc_inst/dest_graysync_ff_reg[0][3]
  -------------------------------------------------------------------
                         required time                         15.419    
                         arrival time                          -0.966    
  -------------------------------------------------------------------
                         slack                                 14.453    





---------------------------------------------------------------------------------------------------
From Clock:  clk_fpga_0
  To Clock:  clk_fpga_2

Setup :            0  Failing Endpoints,  Worst Slack       58.957ns,  Total Violation        0.000ns
Hold  :           NA  Failing Endpoints,  Worst Slack           NA  ,  Total Violation           NA
---------------------------------------------------------------------------------------------------


Max Delay Paths
--------------------------------------------------------------------------------------
Slack (MET) :             58.957ns  (required time - arrival time)
  Source:                 p10_ps_system_i/p10_axil_clock_converter/inst/gen_clock_conv.gen_async_lite_conv.clock_conv_lite_resp_b/handshake/src_hsdata_ff_reg[1]/C
                            (rising edge-triggered cell FDRE clocked by clk_fpga_0  {rise@0.000ns fall@7.813ns period=15.625ns})
  Destination:            p10_ps_system_i/p10_axil_clock_converter/inst/gen_clock_conv.gen_async_lite_conv.clock_conv_lite_resp_b/handshake/dest_hsdata_ff_reg[1]/D
                            (rising edge-triggered cell FDRE clocked by clk_fpga_2  {rise@0.000ns fall@10.000ns period=20.000ns})
  Path Group:             clk_fpga_2
  Path Type:              Setup (Max at Slow Process Corner)
  Requirement:            60.000ns  (MaxDelay Path 60.000ns)
  Data Path Delay:        0.849ns  (logic 0.348ns (41.003%)  route 0.501ns (58.997%))
  Logic Levels:           0  
  Timing Exception:       MaxDelay Path 60.000ns -datapath_only

    Location             Delay type                Incr(ns)  Path(ns)    Netlist Resource(s)
  -------------------------------------------------------------------    -------------------
    SLICE_X33Y66                                      0.000     0.000 r  p10_ps_system_i/p10_axil_clock_converter/inst/gen_clock_conv.gen_async_lite_conv.clock_conv_lite_resp_b/handshake/src_hsdata_ff_reg[1]/C
    SLICE_X33Y66         FDRE (Prop_fdre_C_Q)         0.348     0.348 r  p10_ps_system_i/p10_axil_clock_converter/inst/gen_clock_conv.gen_async_lite_conv.clock_conv_lite_resp_b/handshake/src_hsdata_ff_reg[1]/Q
                         net (fo=2, routed)           0.501     0.849    p10_ps_system_i/p10_axil_clock_converter/inst/gen_clock_conv.gen_async_lite_conv.clock_conv_lite_resp_b/handshake/src_hsdata_ff[1]
    SLICE_X31Y66         FDRE                                         r  p10_ps_system_i/p10_axil_clock_converter/inst/gen_clock_conv.gen_async_lite_conv.clock_conv_lite_resp_b/handshake/dest_hsdata_ff_reg[1]/D
  -------------------------------------------------------------------    -------------------

                         max delay                   60.000    60.000    
    SLICE_X31Y66         FDRE (Setup_fdre_C_D)       -0.194    59.806    p10_ps_system_i/p10_axil_clock_converter/inst/gen_clock_conv.gen_async_lite_conv.clock_conv_lite_resp_b/handshake/dest_hsdata_ff_reg[1]
  -------------------------------------------------------------------
                         required time                         59.806    
                         arrival time                          -0.849    
  -------------------------------------------------------------------
                         slack                                 58.957    





---------------------------------------------------------------------------------------------------
Path Group:  **async_default**
From Clock:  clk_fpga_0
  To Clock:  clk_fpga_0

Setup :            0  Failing Endpoints,  Worst Slack        1.961ns,  Total Violation        0.000ns
Hold  :            0  Failing Endpoints,  Worst Slack        0.884ns,  Total Violation        0.000ns
---------------------------------------------------------------------------------------------------


Max Delay Paths
--------------------------------------------------------------------------------------
Slack (MET) :             1.961ns  (required time - arrival time)
  Source:                 p10_ps_system_i/p10_endpoint_0/inst/impl/transport_resetn_q_reg/C
                            (rising edge-triggered cell FDRE clocked by clk_fpga_0  {rise@0.000ns fall@7.813ns period=15.625ns})
  Destination:            p10_ps_system_i/p10_endpoint_0/inst/impl/u_transport/g_receive[2].u_rx_admission/raw_while_local_tx_count_o_reg[24]/CLR
                            (recovery check against rising-edge clock clk_fpga_0  {rise@0.000ns fall@7.813ns period=15.625ns})
  Path Group:             **async_default**
  Path Type:              Recovery (Max at Slow Process Corner)
  Requirement:            15.625ns  (clk_fpga_0 rise@15.625ns - clk_fpga_0 rise@0.000ns)
  Data Path Delay:        13.284ns  (logic 0.484ns (3.644%)  route 12.800ns (96.356%))
  Logic Levels:           1  (LUT1=1)
  Clock Path Skew:        0.188ns (DCD - SCD + CPR)
    Destination Clock Delay (DCD):    2.547ns = ( 18.172 - 15.625 ) 
    Source Clock Delay      (SCD):    2.468ns
    Clock Pessimism Removal (CPR):    0.109ns
  Clock Uncertainty:      0.237ns  ((TSJ^2 + TIJ^2)^1/2 + DJ) / 2 + PE
    Total System Jitter     (TSJ):    0.071ns
    Total Input Jitter      (TIJ):    0.469ns
    Discrete Jitter          (DJ):    0.000ns
    Phase Error              (PE):    0.000ns

    Location             Delay type                Incr(ns)  Path(ns)    Netlist Resource(s)
  -------------------------------------------------------------------    -------------------
                         (clock clk_fpga_0 rise edge)
                                                      0.000     0.000 r  
    PS7_X0Y0             PS7                          0.000     0.000 r  p10_ps_system_i/processing_system7_0/inst/PS7_i/FCLKCLK[0]
                         net (fo=1, routed)           0.994     0.994    p10_ps_system_i/processing_system7_0/inst/FCLK_CLK_unbuffered[0]
    BUFGCTRL_X0Y18       BUFG (Prop_bufg_I_O)         0.085     1.079 r  p10_ps_system_i/processing_system7_0/inst/buffer_fclk_clk_0.FCLK_CLK_0_BUFG/O
                         net (fo=26123, routed)       1.389     2.468    p10_ps_system_i/p10_endpoint_0/inst/impl/s_axi_aclk
    SLICE_X45Y56         FDRE                                         r  p10_ps_system_i/p10_endpoint_0/inst/impl/transport_resetn_q_reg/C
  -------------------------------------------------------------------    -------------------
    SLICE_X45Y56         FDRE (Prop_fdre_C_Q)         0.379     2.847 r  p10_ps_system_i/p10_endpoint_0/inst/impl/transport_resetn_q_reg/Q
                         net (fo=96, routed)          4.334     7.181    p10_ps_system_i/p10_endpoint_0/inst/impl/u_transport/u_data_plane/u_scheduler/transport_resetn_q
    SLICE_X93Y25         LUT1 (Prop_lut1_I0_O)        0.105     7.286 f  p10_ps_system_i/p10_endpoint_0/inst/impl/u_transport/u_data_plane/u_scheduler/out_pack_data_q[31]_i_1/O
                         net (fo=11485, routed)       8.466    15.752    p10_ps_system_i/p10_endpoint_0/inst/impl/u_transport/g_receive[2].u_rx_admission/clear
    SLICE_X107Y112       FDCE                                         f  p10_ps_system_i/p10_endpoint_0/inst/impl/u_transport/g_receive[2].u_rx_admission/raw_while_local_tx_count_o_reg[24]/CLR
  -------------------------------------------------------------------    -------------------

                         (clock clk_fpga_0 rise edge)
                                                     15.625    15.625 r  
    PS7_X0Y0             PS7                          0.000    15.625 r  p10_ps_system_i/processing_system7_0/inst/PS7_i/FCLKCLK[0]
                         net (fo=1, routed)           0.905    16.531    p10_ps_system_i/processing_system7_0/inst/FCLK_CLK_unbuffered[0]
    BUFGCTRL_X0Y18       BUFG (Prop_bufg_I_O)         0.077    16.608 r  p10_ps_system_i/processing_system7_0/inst/buffer_fclk_clk_0.FCLK_CLK_0_BUFG/O
                         net (fo=26123, routed)       1.565    18.172    p10_ps_system_i/p10_endpoint_0/inst/impl/u_transport/g_receive[2].u_rx_admission/s_axi_aclk
    SLICE_X107Y112       FDCE                                         r  p10_ps_system_i/p10_endpoint_0/inst/impl/u_transport/g_receive[2].u_rx_admission/raw_while_local_tx_count_o_reg[24]/C
                         clock pessimism              0.109    18.281    
                         clock uncertainty           -0.237    18.044    
    SLICE_X107Y112       FDCE (Recov_fdce_C_CLR)     -0.331    17.713    p10_ps_system_i/p10_endpoint_0/inst/impl/u_transport/g_receive[2].u_rx_admission/raw_while_local_tx_count_o_reg[24]
  -------------------------------------------------------------------
                         required time                         17.713    
                         arrival time                         -15.752    
  -------------------------------------------------------------------
                         slack                                  1.961    





Min Delay Paths
--------------------------------------------------------------------------------------
Slack (MET) :             0.884ns  (arrival time - required time)
  Source:                 p10_ps_system_i/rst_protocol_64/U0/ACTIVE_LOW_PR_OUT_DFF[0].FDRE_PER_N/C
                            (rising edge-triggered cell FDRE clocked by clk_fpga_0  {rise@0.000ns fall@7.813ns period=15.625ns})
  Destination:            p10_ps_system_i/p10_endpoint_0/inst/impl/u_axi_lite/reg_wr_addr_reg[0]/CLR
                            (removal check against rising-edge clock clk_fpga_0  {rise@0.000ns fall@7.813ns period=15.625ns})
  Path Group:             **async_default**
  Path Type:              Removal (Min at Fast Process Corner)
  Requirement:            0.000ns  (clk_fpga_0 rise@0.000ns - clk_fpga_0 rise@0.000ns)
  Data Path Delay:        1.002ns  (logic 0.208ns (20.756%)  route 0.794ns (79.244%))
  Logic Levels:           1  (LUT1=1)
  Clock Path Skew:        0.252ns (DCD - SCD - CPR)
    Destination Clock Delay (DCD):    1.183ns
    Source Clock Delay      (SCD):    0.901ns
    Clock Pessimism Removal (CPR):    0.030ns

    Location             Delay type                Incr(ns)  Path(ns)    Netlist Resource(s)
  -------------------------------------------------------------------    -------------------
                         (clock clk_fpga_0 rise edge)
                                                      0.000     0.000 r  
    PS7_X0Y0             PS7                          0.000     0.000 r  p10_ps_system_i/processing_system7_0/inst/PS7_i/FCLKCLK[0]
                         net (fo=1, routed)           0.310     0.310    p10_ps_system_i/processing_system7_0/inst/FCLK_CLK_unbuffered[0]
    BUFGCTRL_X0Y18       BUFG (Prop_bufg_I_O)         0.026     0.336 r  p10_ps_system_i/processing_system7_0/inst/buffer_fclk_clk_0.FCLK_CLK_0_BUFG/O
                         net (fo=26123, routed)       0.565     0.901    p10_ps_system_i/rst_protocol_64/U0/slowest_sync_clk
    SLICE_X34Y47         FDRE                                         r  p10_ps_system_i/rst_protocol_64/U0/ACTIVE_LOW_PR_OUT_DFF[0].FDRE_PER_N/C
  -------------------------------------------------------------------    -------------------
    SLICE_X34Y47         FDRE (Prop_fdre_C_Q)         0.164     1.065 r  p10_ps_system_i/rst_protocol_64/U0/ACTIVE_LOW_PR_OUT_DFF[0].FDRE_PER_N/Q
                         net (fo=27, routed)          0.624     1.688    p10_ps_system_i/p10_endpoint_0/inst/impl/u_p10_1_perf_monitor/u_timer/s_axi_aresetn
    SLICE_X35Y68         LUT1 (Prop_lut1_I0_O)        0.044     1.732 f  p10_ps_system_i/p10_endpoint_0/inst/impl/u_p10_1_perf_monitor/u_timer/s_axi_bresp[1]_i_3/O
                         net (fo=6518, routed)        0.171     1.903    p10_ps_system_i/p10_endpoint_0/inst/impl/u_axi_lite/p_0_in_0
    SLICE_X34Y67         FDCE                                         f  p10_ps_system_i/p10_endpoint_0/inst/impl/u_axi_lite/reg_wr_addr_reg[0]/CLR
  -------------------------------------------------------------------    -------------------

                         (clock clk_fpga_0 rise edge)
                                                      0.000     0.000 r  
    PS7_X0Y0             PS7                          0.000     0.000 r  p10_ps_system_i/processing_system7_0/inst/PS7_i/FCLKCLK[0]
                         net (fo=1, routed)           0.337     0.337    p10_ps_system_i/processing_system7_0/inst/FCLK_CLK_unbuffered[0]
    BUFGCTRL_X0Y18       BUFG (Prop_bufg_I_O)         0.029     0.366 r  p10_ps_system_i/processing_system7_0/inst/buffer_fclk_clk_0.FCLK_CLK_0_BUFG/O
                         net (fo=26123, routed)       0.817     1.183    p10_ps_system_i/p10_endpoint_0/inst/impl/u_axi_lite/s_axi_aclk
    SLICE_X34Y67         FDCE                                         r  p10_ps_system_i/p10_endpoint_0/inst/impl/u_axi_lite/reg_wr_addr_reg[0]/C
                         clock pessimism             -0.030     1.153    
    SLICE_X34Y67         FDCE (Remov_fdce_C_CLR)     -0.134     1.019    p10_ps_system_i/p10_endpoint_0/inst/impl/u_axi_lite/reg_wr_addr_reg[0]
  -------------------------------------------------------------------
                         required time                         -1.019    
                         arrival time                           1.903    
  -------------------------------------------------------------------
                         slack                                  0.884    





---------------------------------------------------------------------------------------------------
Path Group:  **async_default**
From Clock:  clk_fpga_1
  To Clock:  clk_fpga_1

Setup :            0  Failing Endpoints,  Worst Slack        6.793ns,  Total Violation        0.000ns
Hold  :            0  Failing Endpoints,  Worst Slack        0.458ns,  Total Violation        0.000ns
---------------------------------------------------------------------------------------------------


Max Delay Paths
--------------------------------------------------------------------------------------
Slack (MET) :             6.793ns  (required time - arrival time)
  Source:                 p10_ps_system_i/hp0_interconnect/m00_couplers/auto_pc/inst/gen_axi4_axi3.axi3_conv_inst/USE_READ.USE_SPLIT_R.read_addr_inst/USE_R_CHANNEL.cmd_queue/inst/fifo_gen_inst/inst_fifo_gen/gconvfifo.rf/grf.rf/rstblk/ngwrdrst.grst.g7serrst.gnsckt_wrst.rst_wr_reg2_inst/arststages_ff_reg[1]/C
                            (rising edge-triggered cell FDPE clocked by clk_fpga_1  {rise@0.000ns fall@5.000ns period=10.000ns})
  Destination:            p10_ps_system_i/hp0_interconnect/m00_couplers/auto_pc/inst/gen_axi4_axi3.axi3_conv_inst/USE_READ.USE_SPLIT_R.read_addr_inst/USE_R_CHANNEL.cmd_queue/inst/fifo_gen_inst/inst_fifo_gen/gconvfifo.rf/grf.rf/gntv_or_sync_fifo.gl0.rd/gr1.gr1_int.rfwft/aempty_fwft_i_reg/PRE
                            (recovery check against rising-edge clock clk_fpga_1  {rise@0.000ns fall@5.000ns period=10.000ns})
  Path Group:             **async_default**
  Path Type:              Recovery (Max at Slow Process Corner)
  Requirement:            10.000ns  (clk_fpga_1 rise@10.000ns - clk_fpga_1 rise@0.000ns)
  Data Path Delay:        2.553ns  (logic 0.590ns (23.110%)  route 1.963ns (76.890%))
  Logic Levels:           1  (LUT3=1)
  Clock Path Skew:        -0.208ns (DCD - SCD + CPR)
    Destination Clock Delay (DCD):    2.259ns = ( 12.259 - 10.000 ) 
    Source Clock Delay      (SCD):    2.563ns
    Clock Pessimism Removal (CPR):    0.097ns
  Clock Uncertainty:      0.154ns  ((TSJ^2 + TIJ^2)^1/2 + DJ) / 2 + PE
    Total System Jitter     (TSJ):    0.071ns
    Total Input Jitter      (TIJ):    0.300ns
    Discrete Jitter          (DJ):    0.000ns
    Phase Error              (PE):    0.000ns

    Location             Delay type                Incr(ns)  Path(ns)    Netlist Resource(s)
  -------------------------------------------------------------------    -------------------
                         (clock clk_fpga_1 rise edge)
                                                      0.000     0.000 r  
    PS7_X0Y0             PS7                          0.000     0.000 r  p10_ps_system_i/processing_system7_0/inst/PS7_i/FCLKCLK[1]
                         net (fo=1, routed)           0.994     0.994    p10_ps_system_i/processing_system7_0/inst/FCLK_CLK_unbuffered[1]
    BUFGCTRL_X0Y16       BUFG (Prop_bufg_I_O)         0.085     1.079 r  p10_ps_system_i/processing_system7_0/inst/buffer_fclk_clk_1.FCLK_CLK_1_BUFG/O
                         net (fo=5738, routed)        1.484     2.563    p10_ps_system_i/hp0_interconnect/m00_couplers/auto_pc/inst/gen_axi4_axi3.axi3_conv_inst/USE_READ.USE_SPLIT_R.read_addr_inst/USE_R_CHANNEL.cmd_queue/inst/fifo_gen_inst/inst_fifo_gen/gconvfifo.rf/grf.rf/rstblk/ngwrdrst.grst.g7serrst.gnsckt_wrst.rst_wr_reg2_inst/dest_clk
    SLICE_X19Y46         FDPE                                         r  p10_ps_system_i/hp0_interconnect/m00_couplers/auto_pc/inst/gen_axi4_axi3.axi3_conv_inst/USE_READ.USE_SPLIT_R.read_addr_inst/USE_R_CHANNEL.cmd_queue/inst/fifo_gen_inst/inst_fifo_gen/gconvfifo.rf/grf.rf/rstblk/ngwrdrst.grst.g7serrst.gnsckt_wrst.rst_wr_reg2_inst/arststages_ff_reg[1]/C
  -------------------------------------------------------------------    -------------------
    SLICE_X19Y46         FDPE (Prop_fdpe_C_Q)         0.348     2.911 f  p10_ps_system_i/hp0_interconnect/m00_couplers/auto_pc/inst/gen_axi4_axi3.axi3_conv_inst/USE_READ.USE_SPLIT_R.read_addr_inst/USE_R_CHANNEL.cmd_queue/inst/fifo_gen_inst/inst_fifo_gen/gconvfifo.rf/grf.rf/rstblk/ngwrdrst.grst.g7serrst.gnsckt_wrst.rst_wr_reg2_inst/arststages_ff_reg[1]/Q
                         net (fo=2, routed)           1.262     4.173    p10_ps_system_i/hp0_interconnect/m00_couplers/auto_pc/inst/gen_axi4_axi3.axi3_conv_inst/USE_READ.USE_SPLIT_R.read_addr_inst/USE_R_CHANNEL.cmd_queue/inst/fifo_gen_inst/inst_fifo_gen/gconvfifo.rf/grf.rf/rstblk/ngwrdrst.rst_wr_reg2
    SLICE_X29Y45         LUT3 (Prop_lut3_I2_O)        0.242     4.415 f  p10_ps_system_i/hp0_interconnect/m00_couplers/auto_pc/inst/gen_axi4_axi3.axi3_conv_inst/USE_READ.USE_SPLIT_R.read_addr_inst/USE_R_CHANNEL.cmd_queue/inst/fifo_gen_inst/inst_fifo_gen/gconvfifo.rf/grf.rf/rstblk/gpregsm1.curr_fwft_state[1]_i_2/O
                         net (fo=33, routed)          0.701     5.116    p10_ps_system_i/hp0_interconnect/m00_couplers/auto_pc/inst/gen_axi4_axi3.axi3_conv_inst/USE_READ.USE_SPLIT_R.read_addr_inst/USE_R_CHANNEL.cmd_queue/inst/fifo_gen_inst/inst_fifo_gen/gconvfifo.rf/grf.rf/gntv_or_sync_fifo.gl0.rd/gr1.gr1_int.rfwft/gpregsm1.user_valid_reg_0
    SLICE_X30Y51         FDPE                                         f  p10_ps_system_i/hp0_interconnect/m00_couplers/auto_pc/inst/gen_axi4_axi3.axi3_conv_inst/USE_READ.USE_SPLIT_R.read_addr_inst/USE_R_CHANNEL.cmd_queue/inst/fifo_gen_inst/inst_fifo_gen/gconvfifo.rf/grf.rf/gntv_or_sync_fifo.gl0.rd/gr1.gr1_int.rfwft/aempty_fwft_i_reg/PRE
  -------------------------------------------------------------------    -------------------

                         (clock clk_fpga_1 rise edge)
                                                     10.000    10.000 r  
    PS7_X0Y0             PS7                          0.000    10.000 r  p10_ps_system_i/processing_system7_0/inst/PS7_i/FCLKCLK[1]
                         net (fo=1, routed)           0.905    10.906    p10_ps_system_i/processing_system7_0/inst/FCLK_CLK_unbuffered[1]
    BUFGCTRL_X0Y16       BUFG (Prop_bufg_I_O)         0.077    10.983 r  p10_ps_system_i/processing_system7_0/inst/buffer_fclk_clk_1.FCLK_CLK_1_BUFG/O
                         net (fo=5738, routed)        1.276    12.259    p10_ps_system_i/hp0_interconnect/m00_couplers/auto_pc/inst/gen_axi4_axi3.axi3_conv_inst/USE_READ.USE_SPLIT_R.read_addr_inst/USE_R_CHANNEL.cmd_queue/inst/fifo_gen_inst/inst_fifo_gen/gconvfifo.rf/grf.rf/gntv_or_sync_fifo.gl0.rd/gr1.gr1_int.rfwft/clk
    SLICE_X30Y51         FDPE                                         r  p10_ps_system_i/hp0_interconnect/m00_couplers/auto_pc/inst/gen_axi4_axi3.axi3_conv_inst/USE_READ.USE_SPLIT_R.read_addr_inst/USE_R_CHANNEL.cmd_queue/inst/fifo_gen_inst/inst_fifo_gen/gconvfifo.rf/grf.rf/gntv_or_sync_fifo.gl0.rd/gr1.gr1_int.rfwft/aempty_fwft_i_reg/C
                         clock pessimism              0.097    12.355    
                         clock uncertainty           -0.154    12.201    
    SLICE_X30Y51         FDPE (Recov_fdpe_C_PRE)     -0.292    11.909    p10_ps_system_i/hp0_interconnect/m00_couplers/auto_pc/inst/gen_axi4_axi3.axi3_conv_inst/USE_READ.USE_SPLIT_R.read_addr_inst/USE_R_CHANNEL.cmd_queue/inst/fifo_gen_inst/inst_fifo_gen/gconvfifo.rf/grf.rf/gntv_or_sync_fifo.gl0.rd/gr1.gr1_int.rfwft/aempty_fwft_i_reg
  -------------------------------------------------------------------
                         required time                         11.909    
                         arrival time                          -5.116    
  -------------------------------------------------------------------
                         slack                                  6.793    





Min Delay Paths
--------------------------------------------------------------------------------------
Slack (MET) :             0.458ns  (arrival time - required time)
  Source:                 p10_ps_system_i/hp0_interconnect/m00_couplers/auto_pc/inst/gen_axi4_axi3.axi3_conv_inst/USE_READ.USE_SPLIT_R.read_addr_inst/USE_R_CHANNEL.cmd_queue/inst/fifo_gen_inst/inst_fifo_gen/gconvfifo.rf/grf.rf/rstblk/ngwrdrst.grst.g7serrst.gnsckt_wrst.gcc_rst.sckt_wr_rst_cc_reg[1]/C
                            (rising edge-triggered cell FDRE clocked by clk_fpga_1  {rise@0.000ns fall@5.000ns period=10.000ns})
  Destination:            p10_ps_system_i/hp0_interconnect/m00_couplers/auto_pc/inst/gen_axi4_axi3.axi3_conv_inst/USE_READ.USE_SPLIT_R.read_addr_inst/USE_R_CHANNEL.cmd_queue/inst/fifo_gen_inst/inst_fifo_gen/gconvfifo.rf/grf.rf/gntv_or_sync_fifo.gl0.rd/gr1.gr1_int.rfwft/aempty_fwft_i_reg/PRE
                            (removal check against rising-edge clock clk_fpga_1  {rise@0.000ns fall@5.000ns period=10.000ns})
  Path Group:             **async_default**
  Path Type:              Removal (Min at Fast Process Corner)
  Requirement:            0.000ns  (clk_fpga_1 rise@0.000ns - clk_fpga_1 rise@0.000ns)
  Data Path Delay:        0.643ns  (logic 0.186ns (28.933%)  route 0.457ns (71.067%))
  Logic Levels:           1  (LUT3=1)
  Clock Path Skew:        0.255ns (DCD - SCD - CPR)
    Destination Clock Delay (DCD):    1.211ns
    Source Clock Delay      (SCD):    0.926ns
    Clock Pessimism Removal (CPR):    0.030ns

    Location             Delay type                Incr(ns)  Path(ns)    Netlist Resource(s)
  -------------------------------------------------------------------    -------------------
                         (clock clk_fpga_1 rise edge)
                                                      0.000     0.000 r  
    PS7_X0Y0             PS7                          0.000     0.000 r  p10_ps_system_i/processing_system7_0/inst/PS7_i/FCLKCLK[1]
                         net (fo=1, routed)           0.310     0.310    p10_ps_system_i/processing_system7_0/inst/FCLK_CLK_unbuffered[1]
    BUFGCTRL_X0Y16       BUFG (Prop_bufg_I_O)         0.026     0.336 r  p10_ps_system_i/processing_system7_0/inst/buffer_fclk_clk_1.FCLK_CLK_1_BUFG/O
                         net (fo=5738, routed)        0.590     0.926    p10_ps_system_i/hp0_interconnect/m00_couplers/auto_pc/inst/gen_axi4_axi3.axi3_conv_inst/USE_READ.USE_SPLIT_R.read_addr_inst/USE_R_CHANNEL.cmd_queue/inst/fifo_gen_inst/inst_fifo_gen/gconvfifo.rf/grf.rf/rstblk/clk
    SLICE_X29Y45         FDRE                                         r  p10_ps_system_i/hp0_interconnect/m00_couplers/auto_pc/inst/gen_axi4_axi3.axi3_conv_inst/USE_READ.USE_SPLIT_R.read_addr_inst/USE_R_CHANNEL.cmd_queue/inst/fifo_gen_inst/inst_fifo_gen/gconvfifo.rf/grf.rf/rstblk/ngwrdrst.grst.g7serrst.gnsckt_wrst.gcc_rst.sckt_wr_rst_cc_reg[1]/C
  -------------------------------------------------------------------    -------------------
    SLICE_X29Y45         FDRE (Prop_fdre_C_Q)         0.141     1.067 f  p10_ps_system_i/hp0_interconnect/m00_couplers/auto_pc/inst/gen_axi4_axi3.axi3_conv_inst/USE_READ.USE_SPLIT_R.read_addr_inst/USE_R_CHANNEL.cmd_queue/inst/fifo_gen_inst/inst_fifo_gen/gconvfifo.rf/grf.rf/rstblk/ngwrdrst.grst.g7serrst.gnsckt_wrst.gcc_rst.sckt_wr_rst_cc_reg[1]/Q
                         net (fo=1, routed)           0.137     1.203    p10_ps_system_i/hp0_interconnect/m00_couplers/auto_pc/inst/gen_axi4_axi3.axi3_conv_inst/USE_READ.USE_SPLIT_R.read_addr_inst/USE_R_CHANNEL.cmd_queue/inst/fifo_gen_inst/inst_fifo_gen/gconvfifo.rf/grf.rf/rstblk/ngwrdrst.grst.g7serrst.gnsckt_wrst.gcc_rst.sckt_wr_rst_cc[1]
    SLICE_X29Y45         LUT3 (Prop_lut3_I0_O)        0.045     1.248 f  p10_ps_system_i/hp0_interconnect/m00_couplers/auto_pc/inst/gen_axi4_axi3.axi3_conv_inst/USE_READ.USE_SPLIT_R.read_addr_inst/USE_R_CHANNEL.cmd_queue/inst/fifo_gen_inst/inst_fifo_gen/gconvfifo.rf/grf.rf/rstblk/gpregsm1.curr_fwft_state[1]_i_2/O
                         net (fo=33, routed)          0.320     1.568    p10_ps_system_i/hp0_interconnect/m00_couplers/auto_pc/inst/gen_axi4_axi3.axi3_conv_inst/USE_READ.USE_SPLIT_R.read_addr_inst/USE_R_CHANNEL.cmd_queue/inst/fifo_gen_inst/inst_fifo_gen/gconvfifo.rf/grf.rf/gntv_or_sync_fifo.gl0.rd/gr1.gr1_int.rfwft/gpregsm1.user_valid_reg_0
    SLICE_X30Y51         FDPE                                         f  p10_ps_system_i/hp0_interconnect/m00_couplers/auto_pc/inst/gen_axi4_axi3.axi3_conv_inst/USE_READ.USE_SPLIT_R.read_addr_inst/USE_R_CHANNEL.cmd_queue/inst/fifo_gen_inst/inst_fifo_gen/gconvfifo.rf/grf.rf/gntv_or_sync_fifo.gl0.rd/gr1.gr1_int.rfwft/aempty_fwft_i_reg/PRE
  -------------------------------------------------------------------    -------------------

                         (clock clk_fpga_1 rise edge)
                                                      0.000     0.000 r  
    PS7_X0Y0             PS7                          0.000     0.000 r  p10_ps_system_i/processing_system7_0/inst/PS7_i/FCLKCLK[1]
                         net (fo=1, routed)           0.337     0.337    p10_ps_system_i/processing_system7_0/inst/FCLK_CLK_unbuffered[1]
    BUFGCTRL_X0Y16       BUFG (Prop_bufg_I_O)         0.029     0.366 r  p10_ps_system_i/processing_system7_0/inst/buffer_fclk_clk_1.FCLK_CLK_1_BUFG/O
                         net (fo=5738, routed)        0.845     1.211    p10_ps_system_i/hp0_interconnect/m00_couplers/auto_pc/inst/gen_axi4_axi3.axi3_conv_inst/USE_READ.USE_SPLIT_R.read_addr_inst/USE_R_CHANNEL.cmd_queue/inst/fifo_gen_inst/inst_fifo_gen/gconvfifo.rf/grf.rf/gntv_or_sync_fifo.gl0.rd/gr1.gr1_int.rfwft/clk
    SLICE_X30Y51         FDPE                                         r  p10_ps_system_i/hp0_interconnect/m00_couplers/auto_pc/inst/gen_axi4_axi3.axi3_conv_inst/USE_READ.USE_SPLIT_R.read_addr_inst/USE_R_CHANNEL.cmd_queue/inst/fifo_gen_inst/inst_fifo_gen/gconvfifo.rf/grf.rf/gntv_or_sync_fifo.gl0.rd/gr1.gr1_int.rfwft/aempty_fwft_i_reg/C
                         clock pessimism             -0.030     1.181    
    SLICE_X30Y51         FDPE (Remov_fdpe_C_PRE)     -0.071     1.110    p10_ps_system_i/hp0_interconnect/m00_couplers/auto_pc/inst/gen_axi4_axi3.axi3_conv_inst/USE_READ.USE_SPLIT_R.read_addr_inst/USE_R_CHANNEL.cmd_queue/inst/fifo_gen_inst/inst_fifo_gen/gconvfifo.rf/grf.rf/gntv_or_sync_fifo.gl0.rd/gr1.gr1_int.rfwft/aempty_fwft_i_reg
  -------------------------------------------------------------------
                         required time                         -1.110    
                         arrival time                           1.568    
  -------------------------------------------------------------------
                         slack                                  0.458    





--------------------------------------------------------------------------------------
Path Group:  (none)
From Clock:  
  To Clock:  clk_fpga_0

Max Delay             2 Endpoints
Min Delay             2 Endpoints
--------------------------------------------------------------------------------------


Max Delay Paths
--------------------------------------------------------------------------------------
Slack:                    inf
  Source:                 p10_ps_system_i/processing_system7_0/inst/PS7_i/FCLKRESETN[0]
                            (internal pin)
  Destination:            p10_ps_system_i/rst_stream_protocol_64/U0/EXT_LPF/ACTIVE_LOW_EXT.ACT_LO_EXT/GENERATE_LEVEL_P_S_CDC.SINGLE_BIT.CROSS_PLEVEL_IN2SCNDRY_IN_cdc_to/D
                            (rising edge-triggered cell FDRE clocked by clk_fpga_0  {rise@0.000ns fall@7.813ns period=15.625ns})
  Path Group:             (none)
  Path Type:              Setup (Max at Slow Process Corner)
  Data Path Delay:        3.984ns  (logic 0.127ns (3.187%)  route 3.857ns (96.813%))
  Logic Levels:           1  (LUT1=1)
  Clock Uncertainty:      0.236ns  ((TSJ^2 + TIJ^2)^1/2 + DJ) / 2 + PE
    Total System Jitter     (TSJ):    0.050ns
    Total Input Jitter      (TIJ):    0.469ns
    Discrete Jitter          (DJ):    0.000ns
    Phase Error              (PE):    0.000ns
  Timing Exception:       False Path

    Location             Delay type                Incr(ns)  Path(ns)    Netlist Resource(s)
  -------------------------------------------------------------------    -------------------
    PS7_X0Y0             PS7                          0.000     0.000 f  p10_ps_system_i/processing_system7_0/inst/PS7_i/FCLKRESETN[0]
                         net (fo=6, routed)           3.470     3.470    p10_ps_system_i/rst_stream_protocol_64/U0/EXT_LPF/ACTIVE_LOW_EXT.ACT_LO_EXT/ext_reset_in
    SLICE_X47Y15         LUT1 (Prop_lut1_I0_O)        0.127     3.597 r  p10_ps_system_i/rst_stream_protocol_64/U0/EXT_LPF/ACTIVE_LOW_EXT.ACT_LO_EXT/GENERATE_LEVEL_P_S_CDC.SINGLE_BIT.CROSS_PLEVEL_IN2SCNDRY_IN_cdc_to_i_1/O
                         net (fo=1, routed)           0.388     3.984    p10_ps_system_i/rst_stream_protocol_64/U0/EXT_LPF/ACTIVE_LOW_EXT.ACT_LO_EXT/exr_d1
    SLICE_X49Y14         FDRE                                         r  p10_ps_system_i/rst_stream_protocol_64/U0/EXT_LPF/ACTIVE_LOW_EXT.ACT_LO_EXT/GENERATE_LEVEL_P_S_CDC.SINGLE_BIT.CROSS_PLEVEL_IN2SCNDRY_IN_cdc_to/D
  -------------------------------------------------------------------    -------------------

                         (clock clk_fpga_0 rise edge)
                                                      0.000     0.000 r  
    PS7_X0Y0             PS7                          0.000     0.000 r  p10_ps_system_i/processing_system7_0/inst/PS7_i/FCLKCLK[0]
                         net (fo=1, routed)           0.905     0.905    p10_ps_system_i/processing_system7_0/inst/FCLK_CLK_unbuffered[0]
    BUFGCTRL_X0Y18       BUFG (Prop_bufg_I_O)         0.077     0.982 r  p10_ps_system_i/processing_system7_0/inst/buffer_fclk_clk_0.FCLK_CLK_0_BUFG/O
                         net (fo=26123, routed)       1.247     2.229    p10_ps_system_i/rst_stream_protocol_64/U0/EXT_LPF/ACTIVE_LOW_EXT.ACT_LO_EXT/slowest_sync_clk
    SLICE_X49Y14         FDRE                                         r  p10_ps_system_i/rst_stream_protocol_64/U0/EXT_LPF/ACTIVE_LOW_EXT.ACT_LO_EXT/GENERATE_LEVEL_P_S_CDC.SINGLE_BIT.CROSS_PLEVEL_IN2SCNDRY_IN_cdc_to/C





Min Delay Paths
--------------------------------------------------------------------------------------
Slack:                    inf
  Source:                 p10_ps_system_i/processing_system7_0/inst/PS7_i/FCLKRESETN[0]
                            (internal pin)
  Destination:            p10_ps_system_i/rst_protocol_64/U0/EXT_LPF/ACTIVE_LOW_EXT.ACT_LO_EXT/GENERATE_LEVEL_P_S_CDC.SINGLE_BIT.CROSS_PLEVEL_IN2SCNDRY_IN_cdc_to/D
                            (rising edge-triggered cell FDRE clocked by clk_fpga_0  {rise@0.000ns fall@7.813ns period=15.625ns})
  Path Group:             (none)
  Path Type:              Hold (Min at Fast Process Corner)
  Data Path Delay:        1.322ns  (logic 0.045ns (3.404%)  route 1.277ns (96.596%))
  Logic Levels:           1  (LUT1=1)
  Clock Uncertainty:      0.236ns  ((TSJ^2 + TIJ^2)^1/2 + DJ) / 2 + PE
    Total System Jitter     (TSJ):    0.050ns
    Total Input Jitter      (TIJ):    0.469ns
    Discrete Jitter          (DJ):    0.000ns
    Phase Error              (PE):    0.000ns
  Timing Exception:       False Path

    Location             Delay type                Incr(ns)  Path(ns)    Netlist Resource(s)
  -------------------------------------------------------------------    -------------------
    PS7_X0Y0             PS7                          0.000     0.000 f  p10_ps_system_i/processing_system7_0/inst/PS7_i/FCLKRESETN[0]
                         net (fo=6, routed)           1.052     1.052    p10_ps_system_i/rst_protocol_64/U0/EXT_LPF/ACTIVE_LOW_EXT.ACT_LO_EXT/ext_reset_in
    SLICE_X32Y51         LUT1 (Prop_lut1_I0_O)        0.045     1.097 r  p10_ps_system_i/rst_protocol_64/U0/EXT_LPF/ACTIVE_LOW_EXT.ACT_LO_EXT/GENERATE_LEVEL_P_S_CDC.SINGLE_BIT.CROSS_PLEVEL_IN2SCNDRY_IN_cdc_to_i_1/O
                         net (fo=1, routed)           0.225     1.322    p10_ps_system_i/rst_protocol_64/U0/EXT_LPF/ACTIVE_LOW_EXT.ACT_LO_EXT/exr_d1
    SLICE_X31Y50         FDRE                                         r  p10_ps_system_i/rst_protocol_64/U0/EXT_LPF/ACTIVE_LOW_EXT.ACT_LO_EXT/GENERATE_LEVEL_P_S_CDC.SINGLE_BIT.CROSS_PLEVEL_IN2SCNDRY_IN_cdc_to/D
  -------------------------------------------------------------------    -------------------

                         (clock clk_fpga_0 rise edge)
                                                      0.000     0.000 r  
    PS7_X0Y0             PS7                          0.000     0.000 r  p10_ps_system_i/processing_system7_0/inst/PS7_i/FCLKCLK[0]
                         net (fo=1, routed)           0.337     0.337    p10_ps_system_i/processing_system7_0/inst/FCLK_CLK_unbuffered[0]
    BUFGCTRL_X0Y18       BUFG (Prop_bufg_I_O)         0.029     0.366 r  p10_ps_system_i/processing_system7_0/inst/buffer_fclk_clk_0.FCLK_CLK_0_BUFG/O
                         net (fo=26123, routed)       0.845     1.211    p10_ps_system_i/rst_protocol_64/U0/EXT_LPF/ACTIVE_LOW_EXT.ACT_LO_EXT/slowest_sync_clk
    SLICE_X31Y50         FDRE                                         r  p10_ps_system_i/rst_protocol_64/U0/EXT_LPF/ACTIVE_LOW_EXT.ACT_LO_EXT/GENERATE_LEVEL_P_S_CDC.SINGLE_BIT.CROSS_PLEVEL_IN2SCNDRY_IN_cdc_to/C





--------------------------------------------------------------------------------------
Path Group:  (none)
From Clock:  clk_fpga_0
  To Clock:  clk_fpga_0

Max Delay             1 Endpoint
Min Delay             1 Endpoint
--------------------------------------------------------------------------------------


Max Delay Paths
--------------------------------------------------------------------------------------
Slack:                    inf
  Source:                 p10_ps_system_i/p10_endpoint_0/inst/impl/stream_reset_request_o_reg/C
                            (rising edge-triggered cell FDRE clocked by clk_fpga_0  {rise@0.000ns fall@7.813ns period=15.625ns})
  Destination:            p10_ps_system_i/rst_stream_protocol_64/U0/EXT_LPF/ACTIVE_HIGH_AUX.ACT_HI_AUX/GENERATE_LEVEL_P_S_CDC.SINGLE_BIT.CROSS_PLEVEL_IN2SCNDRY_IN_cdc_to/D
                            (rising edge-triggered cell FDRE clocked by clk_fpga_0  {rise@0.000ns fall@7.813ns period=15.625ns})
  Path Group:             (none)
  Path Type:              Setup (Max at Slow Process Corner)
  Data Path Delay:        3.697ns  (logic 0.433ns (11.712%)  route 3.264ns (88.288%))
  Logic Levels:           0  
  Clock Path Skew:        -0.250ns (DCD - SCD + CPR)
    Destination Clock Delay (DCD):    2.218ns
    Source Clock Delay      (SCD):    2.468ns
    Clock Pessimism Removal (CPR):    0.000ns
  Clock Uncertainty:      0.237ns  ((TSJ^2 + TIJ^2)^1/2 + DJ) / 2 + PE
    Total System Jitter     (TSJ):    0.071ns
    Total Input Jitter      (TIJ):    0.469ns
    Discrete Jitter          (DJ):    0.000ns
    Phase Error              (PE):    0.000ns
  Timing Exception:       False Path

    Location             Delay type                Incr(ns)  Path(ns)    Netlist Resource(s)
  -------------------------------------------------------------------    -------------------
                         (clock clk_fpga_0 rise edge)
                                                      0.000     0.000 r  
    PS7_X0Y0             PS7                          0.000     0.000 r  p10_ps_system_i/processing_system7_0/inst/PS7_i/FCLKCLK[0]
                         net (fo=1, routed)           0.994     0.994    p10_ps_system_i/processing_system7_0/inst/FCLK_CLK_unbuffered[0]
    BUFGCTRL_X0Y18       BUFG (Prop_bufg_I_O)         0.085     1.079 r  p10_ps_system_i/processing_system7_0/inst/buffer_fclk_clk_0.FCLK_CLK_0_BUFG/O
                         net (fo=26123, routed)       1.389     2.468    p10_ps_system_i/p10_endpoint_0/inst/impl/s_axi_aclk
    SLICE_X32Y59         FDRE                                         r  p10_ps_system_i/p10_endpoint_0/inst/impl/stream_reset_request_o_reg/C
  -------------------------------------------------------------------    -------------------
    SLICE_X32Y59         FDRE (Prop_fdre_C_Q)         0.433     2.901 r  p10_ps_system_i/p10_endpoint_0/inst/impl/stream_reset_request_o_reg/Q
                         net (fo=19, routed)          3.264     6.165    p10_ps_system_i/rst_stream_protocol_64/U0/EXT_LPF/ACTIVE_HIGH_AUX.ACT_HI_AUX/aux_reset_in
    SLICE_X51Y17         FDRE                                         r  p10_ps_system_i/rst_stream_protocol_64/U0/EXT_LPF/ACTIVE_HIGH_AUX.ACT_HI_AUX/GENERATE_LEVEL_P_S_CDC.SINGLE_BIT.CROSS_PLEVEL_IN2SCNDRY_IN_cdc_to/D
  -------------------------------------------------------------------    -------------------

                         (clock clk_fpga_0 rise edge)
                                                      0.000     0.000 r  
    PS7_X0Y0             PS7                          0.000     0.000 r  p10_ps_system_i/processing_system7_0/inst/PS7_i/FCLKCLK[0]
                         net (fo=1, routed)           0.905     0.905    p10_ps_system_i/processing_system7_0/inst/FCLK_CLK_unbuffered[0]
    BUFGCTRL_X0Y18       BUFG (Prop_bufg_I_O)         0.077     0.982 r  p10_ps_system_i/processing_system7_0/inst/buffer_fclk_clk_0.FCLK_CLK_0_BUFG/O
                         net (fo=26123, routed)       1.236     2.218    p10_ps_system_i/rst_stream_protocol_64/U0/EXT_LPF/ACTIVE_HIGH_AUX.ACT_HI_AUX/slowest_sync_clk
    SLICE_X51Y17         FDRE                                         r  p10_ps_system_i/rst_stream_protocol_64/U0/EXT_LPF/ACTIVE_HIGH_AUX.ACT_HI_AUX/GENERATE_LEVEL_P_S_CDC.SINGLE_BIT.CROSS_PLEVEL_IN2SCNDRY_IN_cdc_to/C





Min Delay Paths
--------------------------------------------------------------------------------------
Slack:                    inf
  Source:                 p10_ps_system_i/p10_endpoint_0/inst/impl/stream_reset_request_o_reg/C
                            (rising edge-triggered cell FDRE clocked by clk_fpga_0  {rise@0.000ns fall@7.813ns period=15.625ns})
  Destination:            p10_ps_system_i/rst_stream_protocol_64/U0/EXT_LPF/ACTIVE_HIGH_AUX.ACT_HI_AUX/GENERATE_LEVEL_P_S_CDC.SINGLE_BIT.CROSS_PLEVEL_IN2SCNDRY_IN_cdc_to/D
                            (rising edge-triggered cell FDRE clocked by clk_fpga_0  {rise@0.000ns fall@7.813ns period=15.625ns})
  Path Group:             (none)
  Path Type:              Hold (Min at Fast Process Corner)
  Data Path Delay:        1.896ns  (logic 0.164ns (8.649%)  route 1.732ns (91.351%))
  Logic Levels:           0  
  Clock Path Skew:        0.290ns (DCD - SCD - CPR)
    Destination Clock Delay (DCD):    1.183ns
    Source Clock Delay      (SCD):    0.893ns
    Clock Pessimism Removal (CPR):    -0.000ns
  Clock Uncertainty:      0.237ns  ((TSJ^2 + TIJ^2)^1/2 + DJ) / 2 + PE
    Total System Jitter     (TSJ):    0.071ns
    Total Input Jitter      (TIJ):    0.469ns
    Discrete Jitter          (DJ):    0.000ns
    Phase Error              (PE):    0.000ns
  Timing Exception:       False Path

    Location             Delay type                Incr(ns)  Path(ns)    Netlist Resource(s)
  -------------------------------------------------------------------    -------------------
                         (clock clk_fpga_0 rise edge)
                                                      0.000     0.000 r  
    PS7_X0Y0             PS7                          0.000     0.000 r  p10_ps_system_i/processing_system7_0/inst/PS7_i/FCLKCLK[0]
                         net (fo=1, routed)           0.310     0.310    p10_ps_system_i/processing_system7_0/inst/FCLK_CLK_unbuffered[0]
    BUFGCTRL_X0Y18       BUFG (Prop_bufg_I_O)         0.026     0.336 r  p10_ps_system_i/processing_system7_0/inst/buffer_fclk_clk_0.FCLK_CLK_0_BUFG/O
                         net (fo=26123, routed)       0.557     0.893    p10_ps_system_i/p10_endpoint_0/inst/impl/s_axi_aclk
    SLICE_X32Y59         FDRE                                         r  p10_ps_system_i/p10_endpoint_0/inst/impl/stream_reset_request_o_reg/C
  -------------------------------------------------------------------    -------------------
    SLICE_X32Y59         FDRE (Prop_fdre_C_Q)         0.164     1.057 r  p10_ps_system_i/p10_endpoint_0/inst/impl/stream_reset_request_o_reg/Q
                         net (fo=19, routed)          1.732     2.789    p10_ps_system_i/rst_stream_protocol_64/U0/EXT_LPF/ACTIVE_HIGH_AUX.ACT_HI_AUX/aux_reset_in
    SLICE_X51Y17         FDRE                                         r  p10_ps_system_i/rst_stream_protocol_64/U0/EXT_LPF/ACTIVE_HIGH_AUX.ACT_HI_AUX/GENERATE_LEVEL_P_S_CDC.SINGLE_BIT.CROSS_PLEVEL_IN2SCNDRY_IN_cdc_to/D
  -------------------------------------------------------------------    -------------------

                         (clock clk_fpga_0 rise edge)
                                                      0.000     0.000 r  
    PS7_X0Y0             PS7                          0.000     0.000 r  p10_ps_system_i/processing_system7_0/inst/PS7_i/FCLKCLK[0]
                         net (fo=1, routed)           0.337     0.337    p10_ps_system_i/processing_system7_0/inst/FCLK_CLK_unbuffered[0]
    BUFGCTRL_X0Y18       BUFG (Prop_bufg_I_O)         0.029     0.366 r  p10_ps_system_i/processing_system7_0/inst/buffer_fclk_clk_0.FCLK_CLK_0_BUFG/O
                         net (fo=26123, routed)       0.817     1.183    p10_ps_system_i/rst_stream_protocol_64/U0/EXT_LPF/ACTIVE_HIGH_AUX.ACT_HI_AUX/slowest_sync_clk
    SLICE_X51Y17         FDRE                                         r  p10_ps_system_i/rst_stream_protocol_64/U0/EXT_LPF/ACTIVE_HIGH_AUX.ACT_HI_AUX/GENERATE_LEVEL_P_S_CDC.SINGLE_BIT.CROSS_PLEVEL_IN2SCNDRY_IN_cdc_to/C





--------------------------------------------------------------------------------------
Path Group:  (none)
From Clock:  clk_fpga_1
  To Clock:  clk_fpga_0

Max Delay            40 Endpoints
Min Delay            50 Endpoints
--------------------------------------------------------------------------------------


Max Delay Paths
--------------------------------------------------------------------------------------
Slack:                    inf
  Source:                 p10_ps_system_i/mm2s_axis_clock_converter/inst/gen_async_conv.axisc_async_clock_converter_0/xpm_fifo_async_inst/gnuram_async_fifo.xpm_fifo_base_inst/gen_sdpram.xpm_memory_base_inst/gen_wr_a.gen_word_narrow.mem_reg_0_31_6_11/RAMC/CLK
                            (rising edge-triggered cell RAMD32 clocked by clk_fpga_1  {rise@0.000ns fall@5.000ns period=10.000ns})
  Destination:            p10_ps_system_i/mm2s_axis_clock_converter/inst/gen_async_conv.axisc_async_clock_converter_0/xpm_fifo_async_inst/gnuram_async_fifo.xpm_fifo_base_inst/gen_sdpram.xpm_memory_base_inst/gen_rd_b.gen_rd_b_synth_template.gen_rf_narrow_pipe.doutb_reg_reg[10]/D
                            (rising edge-triggered cell FDRE clocked by clk_fpga_0  {rise@0.000ns fall@7.813ns period=15.625ns})
  Path Group:             (none)
  Path Type:              Setup (Max at Slow Process Corner)
  Data Path Delay:        1.729ns  (logic 1.100ns (63.621%)  route 0.629ns (36.379%))
  Logic Levels:           0  
  Clock Path Skew:        -0.248ns (DCD - SCD + CPR)
    Destination Clock Delay (DCD):    2.227ns
    Source Clock Delay      (SCD):    2.475ns
    Clock Pessimism Removal (CPR):    0.000ns
  Clock Uncertainty:      0.281ns  ((TSJ^2 + TIJ^2)^1/2 + DJ) / 2 + PE
    Total System Jitter     (TSJ):    0.071ns
    Total Input Jitter      (TIJ):    0.557ns
    Discrete Jitter          (DJ):    0.000ns
    Phase Error              (PE):    0.000ns
  Timing Exception:       False Path

    Location             Delay type                Incr(ns)  Path(ns)    Netlist Resource(s)
  -------------------------------------------------------------------    -------------------
                         (clock clk_fpga_1 rise edge)
                                                      0.000     0.000 r  
    PS7_X0Y0             PS7                          0.000     0.000 r  p10_ps_system_i/processing_system7_0/inst/PS7_i/FCLKCLK[1]
                         net (fo=1, routed)           0.994     0.994    p10_ps_system_i/processing_system7_0/inst/FCLK_CLK_unbuffered[1]
    BUFGCTRL_X0Y16       BUFG (Prop_bufg_I_O)         0.085     1.079 r  p10_ps_system_i/processing_system7_0/inst/buffer_fclk_clk_1.FCLK_CLK_1_BUFG/O
                         net (fo=5738, routed)        1.396     2.475    p10_ps_system_i/mm2s_axis_clock_converter/inst/gen_async_conv.axisc_async_clock_converter_0/xpm_fifo_async_inst/gnuram_async_fifo.xpm_fifo_base_inst/gen_sdpram.xpm_memory_base_inst/gen_wr_a.gen_word_narrow.mem_reg_0_31_6_11/WCLK
    SLICE_X46Y30         RAMD32                                       r  p10_ps_system_i/mm2s_axis_clock_converter/inst/gen_async_conv.axisc_async_clock_converter_0/xpm_fifo_async_inst/gnuram_async_fifo.xpm_fifo_base_inst/gen_sdpram.xpm_memory_base_inst/gen_wr_a.gen_word_narrow.mem_reg_0_31_6_11/RAMC/CLK
  -------------------------------------------------------------------    -------------------
    SLICE_X46Y30         RAMD32 (Prop_ramd32_CLK_O)
                                                      1.100     3.575 r  p10_ps_system_i/mm2s_axis_clock_converter/inst/gen_async_conv.axisc_async_clock_converter_0/xpm_fifo_async_inst/gnuram_async_fifo.xpm_fifo_base_inst/gen_sdpram.xpm_memory_base_inst/gen_wr_a.gen_word_narrow.mem_reg_0_31_6_11/RAMC/O
                         net (fo=1, routed)           0.629     4.204    p10_ps_system_i/mm2s_axis_clock_converter/inst/gen_async_conv.axisc_async_clock_converter_0/xpm_fifo_async_inst/gnuram_async_fifo.xpm_fifo_base_inst/gen_sdpram.xpm_memory_base_inst/gen_rd_b.gen_rd_b_synth_template.gen_rf_narrow_pipe.doutb_reg_reg0[10]
    SLICE_X45Y32         FDRE                                         r  p10_ps_system_i/mm2s_axis_clock_converter/inst/gen_async_conv.axisc_async_clock_converter_0/xpm_fifo_async_inst/gnuram_async_fifo.xpm_fifo_base_inst/gen_sdpram.xpm_memory_base_inst/gen_rd_b.gen_rd_b_synth_template.gen_rf_narrow_pipe.doutb_reg_reg[10]/D
  -------------------------------------------------------------------    -------------------

                         (clock clk_fpga_0 rise edge)
                                                      0.000     0.000 r  
    PS7_X0Y0             PS7                          0.000     0.000 r  p10_ps_system_i/processing_system7_0/inst/PS7_i/FCLKCLK[0]
                         net (fo=1, routed)           0.905     0.905    p10_ps_system_i/processing_system7_0/inst/FCLK_CLK_unbuffered[0]
    BUFGCTRL_X0Y18       BUFG (Prop_bufg_I_O)         0.077     0.982 r  p10_ps_system_i/processing_system7_0/inst/buffer_fclk_clk_0.FCLK_CLK_0_BUFG/O
                         net (fo=26123, routed)       1.245     2.227    p10_ps_system_i/mm2s_axis_clock_converter/inst/gen_async_conv.axisc_async_clock_converter_0/xpm_fifo_async_inst/gnuram_async_fifo.xpm_fifo_base_inst/gen_sdpram.xpm_memory_base_inst/clkb
    SLICE_X45Y32         FDRE                                         r  p10_ps_system_i/mm2s_axis_clock_converter/inst/gen_async_conv.axisc_async_clock_converter_0/xpm_fifo_async_inst/gnuram_async_fifo.xpm_fifo_base_inst/gen_sdpram.xpm_memory_base_inst/gen_rd_b.gen_rd_b_synth_template.gen_rf_narrow_pipe.doutb_reg_reg[10]/C





Min Delay Paths
--------------------------------------------------------------------------------------
Slack:                    inf
  Source:                 p10_ps_system_i/s2mm_axis_clock_converter/inst/gen_async_conv.axisc_async_clock_converter_0/xpm_fifo_async_inst/gnuram_async_fifo.xpm_fifo_base_inst/gen_cdc_pntr.rd_pntr_cdc_inst/src_gray_ff_reg[1]/C
                            (rising edge-triggered cell FDRE clocked by clk_fpga_1  {rise@0.000ns fall@5.000ns period=10.000ns})
  Destination:            p10_ps_system_i/s2mm_axis_clock_converter/inst/gen_async_conv.axisc_async_clock_converter_0/xpm_fifo_async_inst/gnuram_async_fifo.xpm_fifo_base_inst/gen_cdc_pntr.rd_pntr_cdc_inst/dest_graysync_ff_reg[0][1]/D
                            (rising edge-triggered cell FDRE clocked by clk_fpga_0  {rise@0.000ns fall@7.813ns period=15.625ns})
  Path Group:             (none)
  Path Type:              Hold (Min at Fast Process Corner)
  Data Path Delay:        0.267ns  (logic 0.128ns (47.881%)  route 0.139ns (52.119%))
  Logic Levels:           0  
  Clock Path Skew:        0.294ns (DCD - SCD - CPR)
    Destination Clock Delay (DCD):    1.179ns
    Source Clock Delay      (SCD):    0.885ns
    Clock Pessimism Removal (CPR):    -0.000ns
  Clock Uncertainty:      0.281ns  ((TSJ^2 + TIJ^2)^1/2 + DJ) / 2 + PE
    Total System Jitter     (TSJ):    0.071ns
    Total Input Jitter      (TIJ):    0.557ns
    Discrete Jitter          (DJ):    0.000ns
    Phase Error              (PE):    0.000ns
  Timing Exception:       False Path

    Location             Delay type                Incr(ns)  Path(ns)    Netlist Resource(s)
  -------------------------------------------------------------------    -------------------
                         (clock clk_fpga_1 rise edge)
                                                      0.000     0.000 r  
    PS7_X0Y0             PS7                          0.000     0.000 r  p10_ps_system_i/processing_system7_0/inst/PS7_i/FCLKCLK[1]
                         net (fo=1, routed)           0.310     0.310    p10_ps_system_i/processing_system7_0/inst/FCLK_CLK_unbuffered[1]
    BUFGCTRL_X0Y16       BUFG (Prop_bufg_I_O)         0.026     0.336 r  p10_ps_system_i/processing_system7_0/inst/buffer_fclk_clk_1.FCLK_CLK_1_BUFG/O
                         net (fo=5738, routed)        0.549     0.885    p10_ps_system_i/s2mm_axis_clock_converter/inst/gen_async_conv.axisc_async_clock_converter_0/xpm_fifo_async_inst/gnuram_async_fifo.xpm_fifo_base_inst/gen_cdc_pntr.rd_pntr_cdc_inst/src_clk
    SLICE_X49Y23         FDRE                                         r  p10_ps_system_i/s2mm_axis_clock_converter/inst/gen_async_conv.axisc_async_clock_converter_0/xpm_fifo_async_inst/gnuram_async_fifo.xpm_fifo_base_inst/gen_cdc_pntr.rd_pntr_cdc_inst/src_gray_ff_reg[1]/C
  -------------------------------------------------------------------    -------------------
    SLICE_X49Y23         FDRE (Prop_fdre_C_Q)         0.128     1.013 r  p10_ps_system_i/s2mm_axis_clock_converter/inst/gen_async_conv.axisc_async_clock_converter_0/xpm_fifo_async_inst/gnuram_async_fifo.xpm_fifo_base_inst/gen_cdc_pntr.rd_pntr_cdc_inst/src_gray_ff_reg[1]/Q
                         net (fo=1, routed)           0.139     1.152    p10_ps_system_i/s2mm_axis_clock_converter/inst/gen_async_conv.axisc_async_clock_converter_0/xpm_fifo_async_inst/gnuram_async_fifo.xpm_fifo_base_inst/gen_cdc_pntr.rd_pntr_cdc_inst/async_path[1]
    SLICE_X49Y25         FDRE                                         r  p10_ps_system_i/s2mm_axis_clock_converter/inst/gen_async_conv.axisc_async_clock_converter_0/xpm_fifo_async_inst/gnuram_async_fifo.xpm_fifo_base_inst/gen_cdc_pntr.rd_pntr_cdc_inst/dest_graysync_ff_reg[0][1]/D
  -------------------------------------------------------------------    -------------------

                         (clock clk_fpga_0 rise edge)
                                                      0.000     0.000 r  
    PS7_X0Y0             PS7                          0.000     0.000 r  p10_ps_system_i/processing_system7_0/inst/PS7_i/FCLKCLK[0]
                         net (fo=1, routed)           0.337     0.337    p10_ps_system_i/processing_system7_0/inst/FCLK_CLK_unbuffered[0]
    BUFGCTRL_X0Y18       BUFG (Prop_bufg_I_O)         0.029     0.366 r  p10_ps_system_i/processing_system7_0/inst/buffer_fclk_clk_0.FCLK_CLK_0_BUFG/O
                         net (fo=26123, routed)       0.813     1.179    p10_ps_system_i/s2mm_axis_clock_converter/inst/gen_async_conv.axisc_async_clock_converter_0/xpm_fifo_async_inst/gnuram_async_fifo.xpm_fifo_base_inst/gen_cdc_pntr.rd_pntr_cdc_inst/dest_clk
    SLICE_X49Y25         FDRE                                         r  p10_ps_system_i/s2mm_axis_clock_converter/inst/gen_async_conv.axisc_async_clock_converter_0/xpm_fifo_async_inst/gnuram_async_fifo.xpm_fifo_base_inst/gen_cdc_pntr.rd_pntr_cdc_inst/dest_graysync_ff_reg[0][1]/C





--------------------------------------------------------------------------------------
Path Group:  (none)
From Clock:  clk_fpga_2
  To Clock:  clk_fpga_0

Max Delay             5 Endpoints
Min Delay            65 Endpoints
--------------------------------------------------------------------------------------


Max Delay Paths
--------------------------------------------------------------------------------------
Slack:                    inf
  Source:                 p10_ps_system_i/p10_axil_clock_converter/inst/gen_clock_conv.gen_async_lite_conv.clock_conv_lite_fwd_ar/handshake/src_sendd_ff_reg/C
                            (rising edge-triggered cell FDRE clocked by clk_fpga_2  {rise@0.000ns fall@10.000ns period=20.000ns})
  Destination:            p10_ps_system_i/p10_axil_clock_converter/inst/gen_clock_conv.gen_async_lite_conv.clock_conv_lite_fwd_ar/handshake/xpm_cdc_single_src2dest_inst/syncstages_ff_reg[0]/D
                            (rising edge-triggered cell FDRE clocked by clk_fpga_0  {rise@0.000ns fall@7.813ns period=15.625ns})
  Path Group:             (none)
  Path Type:              Setup (Max at Slow Process Corner)
  Data Path Delay:        1.039ns  (logic 0.379ns (36.494%)  route 0.660ns (63.506%))
  Logic Levels:           0  
  Clock Path Skew:        -0.290ns (DCD - SCD + CPR)
    Destination Clock Delay (DCD):    2.213ns
    Source Clock Delay      (SCD):    2.503ns
    Clock Pessimism Removal (CPR):    0.000ns
  Clock Uncertainty:      0.382ns  ((TSJ^2 + TIJ^2)^1/2 + DJ) / 2 + PE
    Total System Jitter     (TSJ):    0.071ns
    Total Input Jitter      (TIJ):    0.762ns
    Discrete Jitter          (DJ):    0.000ns
    Phase Error              (PE):    0.000ns
  Timing Exception:       False Path

    Location             Delay type                Incr(ns)  Path(ns)    Netlist Resource(s)
  -------------------------------------------------------------------    -------------------
                         (clock clk_fpga_2 rise edge)
                                                      0.000     0.000 r  
    PS7_X0Y0             PS7                          0.000     0.000 r  p10_ps_system_i/processing_system7_0/inst/PS7_i/FCLKCLK[2]
                         net (fo=1, routed)           0.994     0.994    p10_ps_system_i/processing_system7_0/inst/FCLK_CLK_unbuffered[2]
    BUFGCTRL_X0Y17       BUFG (Prop_bufg_I_O)         0.085     1.079 r  p10_ps_system_i/processing_system7_0/inst/buffer_fclk_clk_2.FCLK_CLK_2_BUFG/O
                         net (fo=1157, routed)        1.424     2.503    p10_ps_system_i/p10_axil_clock_converter/inst/gen_clock_conv.gen_async_lite_conv.clock_conv_lite_fwd_ar/handshake/src_clk
    SLICE_X31Y64         FDRE                                         r  p10_ps_system_i/p10_axil_clock_converter/inst/gen_clock_conv.gen_async_lite_conv.clock_conv_lite_fwd_ar/handshake/src_sendd_ff_reg/C
  -------------------------------------------------------------------    -------------------
    SLICE_X31Y64         FDRE (Prop_fdre_C_Q)         0.379     2.882 r  p10_ps_system_i/p10_axil_clock_converter/inst/gen_clock_conv.gen_async_lite_conv.clock_conv_lite_fwd_ar/handshake/src_sendd_ff_reg/Q
                         net (fo=2, routed)           0.660     3.542    p10_ps_system_i/p10_axil_clock_converter/inst/gen_clock_conv.gen_async_lite_conv.clock_conv_lite_fwd_ar/handshake/xpm_cdc_single_src2dest_inst/src_in
    SLICE_X33Y66         FDRE                                         r  p10_ps_system_i/p10_axil_clock_converter/inst/gen_clock_conv.gen_async_lite_conv.clock_conv_lite_fwd_ar/handshake/xpm_cdc_single_src2dest_inst/syncstages_ff_reg[0]/D
  -------------------------------------------------------------------    -------------------

                         (clock clk_fpga_0 rise edge)
                                                      0.000     0.000 r  
    PS7_X0Y0             PS7                          0.000     0.000 r  p10_ps_system_i/processing_system7_0/inst/PS7_i/FCLKCLK[0]
                         net (fo=1, routed)           0.905     0.905    p10_ps_system_i/processing_system7_0/inst/FCLK_CLK_unbuffered[0]
    BUFGCTRL_X0Y18       BUFG (Prop_bufg_I_O)         0.077     0.982 r  p10_ps_system_i/processing_system7_0/inst/buffer_fclk_clk_0.FCLK_CLK_0_BUFG/O
                         net (fo=26123, routed)       1.230     2.213    p10_ps_system_i/p10_axil_clock_converter/inst/gen_clock_conv.gen_async_lite_conv.clock_conv_lite_fwd_ar/handshake/xpm_cdc_single_src2dest_inst/dest_clk
    SLICE_X33Y66         FDRE                                         r  p10_ps_system_i/p10_axil_clock_converter/inst/gen_clock_conv.gen_async_lite_conv.clock_conv_lite_fwd_ar/handshake/xpm_cdc_single_src2dest_inst/syncstages_ff_reg[0]/C





Min Delay Paths
--------------------------------------------------------------------------------------
Slack:                    inf
  Source:                 p10_ps_system_i/p10_axil_clock_converter/inst/gen_clock_conv.gen_async_lite_conv.clock_conv_lite_fwd_ar/handshake/src_hsdata_ff_reg[2]/C
                            (rising edge-triggered cell FDRE clocked by clk_fpga_2  {rise@0.000ns fall@10.000ns period=20.000ns})
  Destination:            p10_ps_system_i/p10_axil_clock_converter/inst/gen_clock_conv.gen_async_lite_conv.clock_conv_lite_fwd_ar/handshake/dest_hsdata_ff_reg[2]/D
                            (rising edge-triggered cell FDRE clocked by clk_fpga_0  {rise@0.000ns fall@7.813ns period=15.625ns})
  Path Group:             (none)
  Path Type:              Hold (Min at Fast Process Corner)
  Data Path Delay:        0.300ns  (logic 0.141ns (47.061%)  route 0.159ns (52.939%))
  Logic Levels:           0  
  Clock Path Skew:        0.294ns (DCD - SCD - CPR)
    Destination Clock Delay (DCD):    1.176ns
    Source Clock Delay      (SCD):    0.882ns
    Clock Pessimism Removal (CPR):    -0.000ns
  Clock Uncertainty:      0.382ns  ((TSJ^2 + TIJ^2)^1/2 + DJ) / 2 + PE
    Total System Jitter     (TSJ):    0.071ns
    Total Input Jitter      (TIJ):    0.762ns
    Discrete Jitter          (DJ):    0.000ns
    Phase Error              (PE):    0.000ns
  Timing Exception:       False Path

    Location             Delay type                Incr(ns)  Path(ns)    Netlist Resource(s)
  -------------------------------------------------------------------    -------------------
                         (clock clk_fpga_2 rise edge)
                                                      0.000     0.000 r  
    PS7_X0Y0             PS7                          0.000     0.000 r  p10_ps_system_i/processing_system7_0/inst/PS7_i/FCLKCLK[2]
                         net (fo=1, routed)           0.310     0.310    p10_ps_system_i/processing_system7_0/inst/FCLK_CLK_unbuffered[2]
    BUFGCTRL_X0Y17       BUFG (Prop_bufg_I_O)         0.026     0.336 r  p10_ps_system_i/processing_system7_0/inst/buffer_fclk_clk_2.FCLK_CLK_2_BUFG/O
                         net (fo=1157, routed)        0.546     0.882    p10_ps_system_i/p10_axil_clock_converter/inst/gen_clock_conv.gen_async_lite_conv.clock_conv_lite_fwd_ar/handshake/src_clk
    SLICE_X33Y73         FDRE                                         r  p10_ps_system_i/p10_axil_clock_converter/inst/gen_clock_conv.gen_async_lite_conv.clock_conv_lite_fwd_ar/handshake/src_hsdata_ff_reg[2]/C
  -------------------------------------------------------------------    -------------------
    SLICE_X33Y73         FDRE (Prop_fdre_C_Q)         0.141     1.023 r  p10_ps_system_i/p10_axil_clock_converter/inst/gen_clock_conv.gen_async_lite_conv.clock_conv_lite_fwd_ar/handshake/src_hsdata_ff_reg[2]/Q
                         net (fo=1, routed)           0.159     1.181    p10_ps_system_i/p10_axil_clock_converter/inst/gen_clock_conv.gen_async_lite_conv.clock_conv_lite_fwd_ar/handshake/src_hsdata_ff[2]
    SLICE_X34Y73         FDRE                                         r  p10_ps_system_i/p10_axil_clock_converter/inst/gen_clock_conv.gen_async_lite_conv.clock_conv_lite_fwd_ar/handshake/dest_hsdata_ff_reg[2]/D
  -------------------------------------------------------------------    -------------------

                         (clock clk_fpga_0 rise edge)
                                                      0.000     0.000 r  
    PS7_X0Y0             PS7                          0.000     0.000 r  p10_ps_system_i/processing_system7_0/inst/PS7_i/FCLKCLK[0]
                         net (fo=1, routed)           0.337     0.337    p10_ps_system_i/processing_system7_0/inst/FCLK_CLK_unbuffered[0]
    BUFGCTRL_X0Y18       BUFG (Prop_bufg_I_O)         0.029     0.366 r  p10_ps_system_i/processing_system7_0/inst/buffer_fclk_clk_0.FCLK_CLK_0_BUFG/O
                         net (fo=26123, routed)       0.810     1.176    p10_ps_system_i/p10_axil_clock_converter/inst/gen_clock_conv.gen_async_lite_conv.clock_conv_lite_fwd_ar/handshake/dest_clk
    SLICE_X34Y73         FDRE                                         r  p10_ps_system_i/p10_axil_clock_converter/inst/gen_clock_conv.gen_async_lite_conv.clock_conv_lite_fwd_ar/handshake/dest_hsdata_ff_reg[2]/C





--------------------------------------------------------------------------------------
Path Group:  (none)
From Clock:  
  To Clock:  clk_fpga_1

Max Delay             2 Endpoints
Min Delay             2 Endpoints
--------------------------------------------------------------------------------------


Max Delay Paths
--------------------------------------------------------------------------------------
Slack:                    inf
  Source:                 p10_ps_system_i/processing_system7_0/inst/PS7_i/FCLKRESETN[0]
                            (internal pin)
  Destination:            p10_ps_system_i/rst_dma_100/U0/EXT_LPF/ACTIVE_LOW_EXT.ACT_LO_EXT/GENERATE_LEVEL_P_S_CDC.SINGLE_BIT.CROSS_PLEVEL_IN2SCNDRY_IN_cdc_to/D
                            (rising edge-triggered cell FDRE clocked by clk_fpga_1  {rise@0.000ns fall@5.000ns period=10.000ns})
  Path Group:             (none)
  Path Type:              Setup (Max at Slow Process Corner)
  Data Path Delay:        4.884ns  (logic 0.105ns (2.150%)  route 4.779ns (97.850%))
  Logic Levels:           1  (LUT1=1)
  Clock Uncertainty:      0.152ns  ((TSJ^2 + TIJ^2)^1/2 + DJ) / 2 + PE
    Total System Jitter     (TSJ):    0.050ns
    Total Input Jitter      (TIJ):    0.300ns
    Discrete Jitter          (DJ):    0.000ns
    Phase Error              (PE):    0.000ns
  Timing Exception:       False Path

    Location             Delay type                Incr(ns)  Path(ns)    Netlist Resource(s)
  -------------------------------------------------------------------    -------------------
    PS7_X0Y0             PS7                          0.000     0.000 f  p10_ps_system_i/processing_system7_0/inst/PS7_i/FCLKRESETN[0]
                         net (fo=6, routed)           4.379     4.379    p10_ps_system_i/rst_dma_100/U0/EXT_LPF/ACTIVE_LOW_EXT.ACT_LO_EXT/ext_reset_in
    SLICE_X4Y12          LUT1 (Prop_lut1_I0_O)        0.105     4.484 r  p10_ps_system_i/rst_dma_100/U0/EXT_LPF/ACTIVE_LOW_EXT.ACT_LO_EXT/GENERATE_LEVEL_P_S_CDC.SINGLE_BIT.CROSS_PLEVEL_IN2SCNDRY_IN_cdc_to_i_1/O
                         net (fo=1, routed)           0.400     4.884    p10_ps_system_i/rst_dma_100/U0/EXT_LPF/ACTIVE_LOW_EXT.ACT_LO_EXT/exr_d1
    SLICE_X0Y7           FDRE                                         r  p10_ps_system_i/rst_dma_100/U0/EXT_LPF/ACTIVE_LOW_EXT.ACT_LO_EXT/GENERATE_LEVEL_P_S_CDC.SINGLE_BIT.CROSS_PLEVEL_IN2SCNDRY_IN_cdc_to/D
  -------------------------------------------------------------------    -------------------

                         (clock clk_fpga_1 rise edge)
                                                      0.000     0.000 r  
    PS7_X0Y0             PS7                          0.000     0.000 r  p10_ps_system_i/processing_system7_0/inst/PS7_i/FCLKCLK[1]
                         net (fo=1, routed)           0.905     0.905    p10_ps_system_i/processing_system7_0/inst/FCLK_CLK_unbuffered[1]
    BUFGCTRL_X0Y16       BUFG (Prop_bufg_I_O)         0.077     0.982 r  p10_ps_system_i/processing_system7_0/inst/buffer_fclk_clk_1.FCLK_CLK_1_BUFG/O
                         net (fo=5738, routed)        1.397     2.379    p10_ps_system_i/rst_dma_100/U0/EXT_LPF/ACTIVE_LOW_EXT.ACT_LO_EXT/slowest_sync_clk
    SLICE_X0Y7           FDRE                                         r  p10_ps_system_i/rst_dma_100/U0/EXT_LPF/ACTIVE_LOW_EXT.ACT_LO_EXT/GENERATE_LEVEL_P_S_CDC.SINGLE_BIT.CROSS_PLEVEL_IN2SCNDRY_IN_cdc_to/C





Min Delay Paths
--------------------------------------------------------------------------------------
Slack:                    inf
  Source:                 p10_ps_system_i/processing_system7_0/inst/PS7_i/FCLKRESETN[0]
                            (internal pin)
  Destination:            p10_ps_system_i/rst_stream_dma_100/U0/EXT_LPF/ACTIVE_LOW_EXT.ACT_LO_EXT/GENERATE_LEVEL_P_S_CDC.SINGLE_BIT.CROSS_PLEVEL_IN2SCNDRY_IN_cdc_to/D
                            (rising edge-triggered cell FDRE clocked by clk_fpga_1  {rise@0.000ns fall@5.000ns period=10.000ns})
  Path Group:             (none)
  Path Type:              Hold (Min at Fast Process Corner)
  Data Path Delay:        2.110ns  (logic 0.045ns (2.132%)  route 2.065ns (97.868%))
  Logic Levels:           1  (LUT1=1)
  Clock Uncertainty:      0.152ns  ((TSJ^2 + TIJ^2)^1/2 + DJ) / 2 + PE
    Total System Jitter     (TSJ):    0.050ns
    Total Input Jitter      (TIJ):    0.300ns
    Discrete Jitter          (DJ):    0.000ns
    Phase Error              (PE):    0.000ns
  Timing Exception:       False Path

    Location             Delay type                Incr(ns)  Path(ns)    Netlist Resource(s)
  -------------------------------------------------------------------    -------------------
    PS7_X0Y0             PS7                          0.000     0.000 f  p10_ps_system_i/processing_system7_0/inst/PS7_i/FCLKRESETN[0]
                         net (fo=6, routed)           1.751     1.751    p10_ps_system_i/rst_stream_dma_100/U0/EXT_LPF/ACTIVE_LOW_EXT.ACT_LO_EXT/ext_reset_in
    SLICE_X47Y15         LUT1 (Prop_lut1_I0_O)        0.045     1.796 r  p10_ps_system_i/rst_stream_dma_100/U0/EXT_LPF/ACTIVE_LOW_EXT.ACT_LO_EXT/GENERATE_LEVEL_P_S_CDC.SINGLE_BIT.CROSS_PLEVEL_IN2SCNDRY_IN_cdc_to_i_1/O
                         net (fo=1, routed)           0.315     2.110    p10_ps_system_i/rst_stream_dma_100/U0/EXT_LPF/ACTIVE_LOW_EXT.ACT_LO_EXT/exr_d1
    SLICE_X51Y16         FDRE                                         r  p10_ps_system_i/rst_stream_dma_100/U0/EXT_LPF/ACTIVE_LOW_EXT.ACT_LO_EXT/GENERATE_LEVEL_P_S_CDC.SINGLE_BIT.CROSS_PLEVEL_IN2SCNDRY_IN_cdc_to/D
  -------------------------------------------------------------------    -------------------

                         (clock clk_fpga_1 rise edge)
                                                      0.000     0.000 r  
    PS7_X0Y0             PS7                          0.000     0.000 r  p10_ps_system_i/processing_system7_0/inst/PS7_i/FCLKCLK[1]
                         net (fo=1, routed)           0.337     0.337    p10_ps_system_i/processing_system7_0/inst/FCLK_CLK_unbuffered[1]
    BUFGCTRL_X0Y16       BUFG (Prop_bufg_I_O)         0.029     0.366 r  p10_ps_system_i/processing_system7_0/inst/buffer_fclk_clk_1.FCLK_CLK_1_BUFG/O
                         net (fo=5738, routed)        0.818     1.184    p10_ps_system_i/rst_stream_dma_100/U0/EXT_LPF/ACTIVE_LOW_EXT.ACT_LO_EXT/slowest_sync_clk
    SLICE_X51Y16         FDRE                                         r  p10_ps_system_i/rst_stream_dma_100/U0/EXT_LPF/ACTIVE_LOW_EXT.ACT_LO_EXT/GENERATE_LEVEL_P_S_CDC.SINGLE_BIT.CROSS_PLEVEL_IN2SCNDRY_IN_cdc_to/C





--------------------------------------------------------------------------------------
Path Group:  (none)
From Clock:  clk_fpga_0
  To Clock:  clk_fpga_1

Max Delay            41 Endpoints
Min Delay            51 Endpoints
--------------------------------------------------------------------------------------


Max Delay Paths
--------------------------------------------------------------------------------------
Slack:                    inf
  Source:                 p10_ps_system_i/p10_endpoint_0/inst/impl/stream_reset_request_o_reg/C
                            (rising edge-triggered cell FDRE clocked by clk_fpga_0  {rise@0.000ns fall@7.813ns period=15.625ns})
  Destination:            p10_ps_system_i/rst_stream_dma_100/U0/EXT_LPF/ACTIVE_HIGH_AUX.ACT_HI_AUX/GENERATE_LEVEL_P_S_CDC.SINGLE_BIT.CROSS_PLEVEL_IN2SCNDRY_IN_cdc_to/D
                            (rising edge-triggered cell FDRE clocked by clk_fpga_1  {rise@0.000ns fall@5.000ns period=10.000ns})
  Path Group:             (none)
  Path Type:              Setup (Max at Slow Process Corner)
  Data Path Delay:        3.873ns  (logic 0.433ns (11.179%)  route 3.440ns (88.821%))
  Logic Levels:           0  
  Clock Path Skew:        -0.250ns (DCD - SCD + CPR)
    Destination Clock Delay (DCD):    2.218ns
    Source Clock Delay      (SCD):    2.468ns
    Clock Pessimism Removal (CPR):    0.000ns
  Clock Uncertainty:      0.281ns  ((TSJ^2 + TIJ^2)^1/2 + DJ) / 2 + PE
    Total System Jitter     (TSJ):    0.071ns
    Total Input Jitter      (TIJ):    0.557ns
    Discrete Jitter          (DJ):    0.000ns
    Phase Error              (PE):    0.000ns
  Timing Exception:       False Path

    Location             Delay type                Incr(ns)  Path(ns)    Netlist Resource(s)
  -------------------------------------------------------------------    -------------------
                         (clock clk_fpga_0 rise edge)
                                                      0.000     0.000 r  
    PS7_X0Y0             PS7                          0.000     0.000 r  p10_ps_system_i/processing_system7_0/inst/PS7_i/FCLKCLK[0]
                         net (fo=1, routed)           0.994     0.994    p10_ps_system_i/processing_system7_0/inst/FCLK_CLK_unbuffered[0]
    BUFGCTRL_X0Y18       BUFG (Prop_bufg_I_O)         0.085     1.079 r  p10_ps_system_i/processing_system7_0/inst/buffer_fclk_clk_0.FCLK_CLK_0_BUFG/O
                         net (fo=26123, routed)       1.389     2.468    p10_ps_system_i/p10_endpoint_0/inst/impl/s_axi_aclk
    SLICE_X32Y59         FDRE                                         r  p10_ps_system_i/p10_endpoint_0/inst/impl/stream_reset_request_o_reg/C
  -------------------------------------------------------------------    -------------------
    SLICE_X32Y59         FDRE (Prop_fdre_C_Q)         0.433     2.901 r  p10_ps_system_i/p10_endpoint_0/inst/impl/stream_reset_request_o_reg/Q
                         net (fo=19, routed)          3.440     6.341    p10_ps_system_i/rst_stream_dma_100/U0/EXT_LPF/ACTIVE_HIGH_AUX.ACT_HI_AUX/aux_reset_in
    SLICE_X52Y17         FDRE                                         r  p10_ps_system_i/rst_stream_dma_100/U0/EXT_LPF/ACTIVE_HIGH_AUX.ACT_HI_AUX/GENERATE_LEVEL_P_S_CDC.SINGLE_BIT.CROSS_PLEVEL_IN2SCNDRY_IN_cdc_to/D
  -------------------------------------------------------------------    -------------------

                         (clock clk_fpga_1 rise edge)
                                                      0.000     0.000 r  
    PS7_X0Y0             PS7                          0.000     0.000 r  p10_ps_system_i/processing_system7_0/inst/PS7_i/FCLKCLK[1]
                         net (fo=1, routed)           0.905     0.905    p10_ps_system_i/processing_system7_0/inst/FCLK_CLK_unbuffered[1]
    BUFGCTRL_X0Y16       BUFG (Prop_bufg_I_O)         0.077     0.982 r  p10_ps_system_i/processing_system7_0/inst/buffer_fclk_clk_1.FCLK_CLK_1_BUFG/O
                         net (fo=5738, routed)        1.236     2.218    p10_ps_system_i/rst_stream_dma_100/U0/EXT_LPF/ACTIVE_HIGH_AUX.ACT_HI_AUX/slowest_sync_clk
    SLICE_X52Y17         FDRE                                         r  p10_ps_system_i/rst_stream_dma_100/U0/EXT_LPF/ACTIVE_HIGH_AUX.ACT_HI_AUX/GENERATE_LEVEL_P_S_CDC.SINGLE_BIT.CROSS_PLEVEL_IN2SCNDRY_IN_cdc_to/C





Min Delay Paths
--------------------------------------------------------------------------------------
Slack:                    inf
  Source:                 p10_ps_system_i/s2mm_axis_clock_converter/inst/gen_async_conv.axisc_async_clock_converter_0/xpm_fifo_async_inst/gnuram_async_fifo.xpm_fifo_base_inst/gen_cdc_pntr.wr_pntr_cdc_inst/src_gray_ff_reg[3]/C
                            (rising edge-triggered cell FDRE clocked by clk_fpga_0  {rise@0.000ns fall@7.813ns period=15.625ns})
  Destination:            p10_ps_system_i/s2mm_axis_clock_converter/inst/gen_async_conv.axisc_async_clock_converter_0/xpm_fifo_async_inst/gnuram_async_fifo.xpm_fifo_base_inst/gen_cdc_pntr.wr_pntr_cdc_inst/dest_graysync_ff_reg[0][3]/D
                            (rising edge-triggered cell FDRE clocked by clk_fpga_1  {rise@0.000ns fall@5.000ns period=10.000ns})
  Path Group:             (none)
  Path Type:              Hold (Min at Fast Process Corner)
  Data Path Delay:        0.268ns  (logic 0.128ns (47.771%)  route 0.140ns (52.229%))
  Logic Levels:           0  
  Clock Path Skew:        0.296ns (DCD - SCD - CPR)
    Destination Clock Delay (DCD):    1.183ns
    Source Clock Delay      (SCD):    0.887ns
    Clock Pessimism Removal (CPR):    -0.000ns
  Clock Uncertainty:      0.281ns  ((TSJ^2 + TIJ^2)^1/2 + DJ) / 2 + PE
    Total System Jitter     (TSJ):    0.071ns
    Total Input Jitter      (TIJ):    0.557ns
    Discrete Jitter          (DJ):    0.000ns
    Phase Error              (PE):    0.000ns
  Timing Exception:       False Path

    Location             Delay type                Incr(ns)  Path(ns)    Netlist Resource(s)
  -------------------------------------------------------------------    -------------------
                         (clock clk_fpga_0 rise edge)
                                                      0.000     0.000 r  
    PS7_X0Y0             PS7                          0.000     0.000 r  p10_ps_system_i/processing_system7_0/inst/PS7_i/FCLKCLK[0]
                         net (fo=1, routed)           0.310     0.310    p10_ps_system_i/processing_system7_0/inst/FCLK_CLK_unbuffered[0]
    BUFGCTRL_X0Y18       BUFG (Prop_bufg_I_O)         0.026     0.336 r  p10_ps_system_i/processing_system7_0/inst/buffer_fclk_clk_0.FCLK_CLK_0_BUFG/O
                         net (fo=26123, routed)       0.551     0.887    p10_ps_system_i/s2mm_axis_clock_converter/inst/gen_async_conv.axisc_async_clock_converter_0/xpm_fifo_async_inst/gnuram_async_fifo.xpm_fifo_base_inst/gen_cdc_pntr.wr_pntr_cdc_inst/src_clk
    SLICE_X49Y22         FDRE                                         r  p10_ps_system_i/s2mm_axis_clock_converter/inst/gen_async_conv.axisc_async_clock_converter_0/xpm_fifo_async_inst/gnuram_async_fifo.xpm_fifo_base_inst/gen_cdc_pntr.wr_pntr_cdc_inst/src_gray_ff_reg[3]/C
  -------------------------------------------------------------------    -------------------
    SLICE_X49Y22         FDRE (Prop_fdre_C_Q)         0.128     1.015 r  p10_ps_system_i/s2mm_axis_clock_converter/inst/gen_async_conv.axisc_async_clock_converter_0/xpm_fifo_async_inst/gnuram_async_fifo.xpm_fifo_base_inst/gen_cdc_pntr.wr_pntr_cdc_inst/src_gray_ff_reg[3]/Q
                         net (fo=1, routed)           0.140     1.154    p10_ps_system_i/s2mm_axis_clock_converter/inst/gen_async_conv.axisc_async_clock_converter_0/xpm_fifo_async_inst/gnuram_async_fifo.xpm_fifo_base_inst/gen_cdc_pntr.wr_pntr_cdc_inst/async_path[3]
    SLICE_X49Y21         FDRE                                         r  p10_ps_system_i/s2mm_axis_clock_converter/inst/gen_async_conv.axisc_async_clock_converter_0/xpm_fifo_async_inst/gnuram_async_fifo.xpm_fifo_base_inst/gen_cdc_pntr.wr_pntr_cdc_inst/dest_graysync_ff_reg[0][3]/D
  -------------------------------------------------------------------    -------------------

                         (clock clk_fpga_1 rise edge)
                                                      0.000     0.000 r  
    PS7_X0Y0             PS7                          0.000     0.000 r  p10_ps_system_i/processing_system7_0/inst/PS7_i/FCLKCLK[1]
                         net (fo=1, routed)           0.337     0.337    p10_ps_system_i/processing_system7_0/inst/FCLK_CLK_unbuffered[1]
    BUFGCTRL_X0Y16       BUFG (Prop_bufg_I_O)         0.029     0.366 r  p10_ps_system_i/processing_system7_0/inst/buffer_fclk_clk_1.FCLK_CLK_1_BUFG/O
                         net (fo=5738, routed)        0.817     1.183    p10_ps_system_i/s2mm_axis_clock_converter/inst/gen_async_conv.axisc_async_clock_converter_0/xpm_fifo_async_inst/gnuram_async_fifo.xpm_fifo_base_inst/gen_cdc_pntr.wr_pntr_cdc_inst/dest_clk
    SLICE_X49Y21         FDRE                                         r  p10_ps_system_i/s2mm_axis_clock_converter/inst/gen_async_conv.axisc_async_clock_converter_0/xpm_fifo_async_inst/gnuram_async_fifo.xpm_fifo_base_inst/gen_cdc_pntr.wr_pntr_cdc_inst/dest_graysync_ff_reg[0][3]/C





--------------------------------------------------------------------------------------
Path Group:  (none)
From Clock:  clk_fpga_1
  To Clock:  clk_fpga_1

Max Delay            12 Endpoints
Min Delay            12 Endpoints
--------------------------------------------------------------------------------------


Max Delay Paths
--------------------------------------------------------------------------------------
Slack:                    inf
  Source:                 p10_ps_system_i/rst_dma_100/U0/ACTIVE_LOW_BSR_OUT_DFF[0].FDRE_BSR_N/C
                            (rising edge-triggered cell FDRE clocked by clk_fpga_1  {rise@0.000ns fall@5.000ns period=10.000ns})
  Destination:            p10_ps_system_i/hp0_interconnect/m00_couplers/auto_pc/inst/gen_axi4_axi3.axi3_conv_inst/USE_READ.USE_SPLIT_R.read_addr_inst/USE_R_CHANNEL.cmd_queue/inst/fifo_gen_inst/inst_fifo_gen/gconvfifo.rf/grf.rf/rstblk/ngwrdrst.grst.g7serrst.gnsckt_wrst.rst_wr_reg2_inst/arststages_ff_reg[0]/PRE
                            (recovery check against rising-edge clock clk_fpga_1  {rise@0.000ns fall@5.000ns period=10.000ns})
  Path Group:             (none)
  Path Type:              Recovery (Max at Slow Process Corner)
  Data Path Delay:        5.588ns  (logic 0.538ns (9.628%)  route 5.050ns (90.372%))
  Logic Levels:           1  (LUT1=1)
  Clock Path Skew:        -0.324ns (DCD - SCD + CPR)
    Destination Clock Delay (DCD):    2.310ns
    Source Clock Delay      (SCD):    2.634ns
    Clock Pessimism Removal (CPR):    0.000ns
  Clock Uncertainty:      0.154ns  ((TSJ^2 + TIJ^2)^1/2 + DJ) / 2 + PE
    Total System Jitter     (TSJ):    0.071ns
    Total Input Jitter      (TIJ):    0.300ns
    Discrete Jitter          (DJ):    0.000ns
    Phase Error              (PE):    0.000ns
  Timing Exception:       False Path

    Location             Delay type                Incr(ns)  Path(ns)    Netlist Resource(s)
  -------------------------------------------------------------------    -------------------
                         (clock clk_fpga_1 rise edge)
                                                      0.000     0.000 r  
    PS7_X0Y0             PS7                          0.000     0.000 r  p10_ps_system_i/processing_system7_0/inst/PS7_i/FCLKCLK[1]
                         net (fo=1, routed)           0.994     0.994    p10_ps_system_i/processing_system7_0/inst/FCLK_CLK_unbuffered[1]
    BUFGCTRL_X0Y16       BUFG (Prop_bufg_I_O)         0.085     1.079 r  p10_ps_system_i/processing_system7_0/inst/buffer_fclk_clk_1.FCLK_CLK_1_BUFG/O
                         net (fo=5738, routed)        1.555     2.634    p10_ps_system_i/rst_dma_100/U0/slowest_sync_clk
    SLICE_X2Y7           FDRE                                         r  p10_ps_system_i/rst_dma_100/U0/ACTIVE_LOW_BSR_OUT_DFF[0].FDRE_BSR_N/C
  -------------------------------------------------------------------    -------------------
    SLICE_X2Y7           FDRE (Prop_fdre_C_Q)         0.433     3.067 r  p10_ps_system_i/rst_dma_100/U0/ACTIVE_LOW_BSR_OUT_DFF[0].FDRE_BSR_N/Q
                         net (fo=20, routed)          3.387     6.454    p10_ps_system_i/hp0_interconnect/m00_couplers/auto_pc/inst/gen_axi4_axi3.axi3_conv_inst/USE_WRITE.write_addr_inst/USE_BURSTS.cmd_queue/inst/aresetn
    SLICE_X7Y47          LUT1 (Prop_lut1_I0_O)        0.105     6.559 f  p10_ps_system_i/hp0_interconnect/m00_couplers/auto_pc/inst/gen_axi4_axi3.axi3_conv_inst/USE_WRITE.write_addr_inst/USE_BURSTS.cmd_queue/inst/S_AXI_AREADY_I_i_1/O
                         net (fo=248, routed)         1.663     8.222    p10_ps_system_i/hp0_interconnect/m00_couplers/auto_pc/inst/gen_axi4_axi3.axi3_conv_inst/USE_READ.USE_SPLIT_R.read_addr_inst/USE_R_CHANNEL.cmd_queue/inst/fifo_gen_inst/inst_fifo_gen/gconvfifo.rf/grf.rf/rstblk/ngwrdrst.grst.g7serrst.gnsckt_wrst.rst_wr_reg2_inst/src_arst
    SLICE_X19Y46         FDPE                                         f  p10_ps_system_i/hp0_interconnect/m00_couplers/auto_pc/inst/gen_axi4_axi3.axi3_conv_inst/USE_READ.USE_SPLIT_R.read_addr_inst/USE_R_CHANNEL.cmd_queue/inst/fifo_gen_inst/inst_fifo_gen/gconvfifo.rf/grf.rf/rstblk/ngwrdrst.grst.g7serrst.gnsckt_wrst.rst_wr_reg2_inst/arststages_ff_reg[0]/PRE
  -------------------------------------------------------------------    -------------------

                         (clock clk_fpga_1 rise edge)
                                                      0.000     0.000 r  
    PS7_X0Y0             PS7                          0.000     0.000 r  p10_ps_system_i/processing_system7_0/inst/PS7_i/FCLKCLK[1]
                         net (fo=1, routed)           0.905     0.905    p10_ps_system_i/processing_system7_0/inst/FCLK_CLK_unbuffered[1]
    BUFGCTRL_X0Y16       BUFG (Prop_bufg_I_O)         0.077     0.982 r  p10_ps_system_i/processing_system7_0/inst/buffer_fclk_clk_1.FCLK_CLK_1_BUFG/O
                         net (fo=5738, routed)        1.328     2.310    p10_ps_system_i/hp0_interconnect/m00_couplers/auto_pc/inst/gen_axi4_axi3.axi3_conv_inst/USE_READ.USE_SPLIT_R.read_addr_inst/USE_R_CHANNEL.cmd_queue/inst/fifo_gen_inst/inst_fifo_gen/gconvfifo.rf/grf.rf/rstblk/ngwrdrst.grst.g7serrst.gnsckt_wrst.rst_wr_reg2_inst/dest_clk
    SLICE_X19Y46         FDPE                                         r  p10_ps_system_i/hp0_interconnect/m00_couplers/auto_pc/inst/gen_axi4_axi3.axi3_conv_inst/USE_READ.USE_SPLIT_R.read_addr_inst/USE_R_CHANNEL.cmd_queue/inst/fifo_gen_inst/inst_fifo_gen/gconvfifo.rf/grf.rf/rstblk/ngwrdrst.grst.g7serrst.gnsckt_wrst.rst_wr_reg2_inst/arststages_ff_reg[0]/C





Min Delay Paths
--------------------------------------------------------------------------------------
Slack:                    inf
  Source:                 p10_ps_system_i/axi_dma_0/U0/I_RST_MODULE/GEN_RESET_FOR_S2MM.RESET_I/GEN_ASYNC_RESET.GEN_PRMRY_GRTR_EQL_SCNDRY.s_halt_reg/C
                            (rising edge-triggered cell FDRE clocked by clk_fpga_1  {rise@0.000ns fall@5.000ns period=10.000ns})
  Destination:            p10_ps_system_i/axi_dma_0/U0/I_RST_MODULE/GEN_RESET_FOR_S2MM.RESET_I/GEN_ASYNC_RESET.GEN_PRMRY_GRTR_EQL_SCNDRY.HALT_PROCESS/GENERATE_LEVEL_P_S_CDC.SINGLE_BIT.CROSS_PLEVEL_IN2SCNDRY_IN_cdc_to/D
                            (rising edge-triggered cell FDRE clocked by clk_fpga_1  {rise@0.000ns fall@5.000ns period=10.000ns})
  Path Group:             (none)
  Path Type:              Hold (Min at Fast Process Corner)
  Data Path Delay:        0.312ns  (logic 0.128ns (40.980%)  route 0.184ns (59.020%))
  Logic Levels:           0  
  Clock Path Skew:        0.298ns (DCD - SCD - CPR)
    Destination Clock Delay (DCD):    1.225ns
    Source Clock Delay      (SCD):    0.927ns
    Clock Pessimism Removal (CPR):    -0.000ns
  Clock Uncertainty:      0.154ns  ((TSJ^2 + TIJ^2)^1/2 + DJ) / 2 + PE
    Total System Jitter     (TSJ):    0.071ns
    Total Input Jitter      (TIJ):    0.300ns
    Discrete Jitter          (DJ):    0.000ns
    Phase Error              (PE):    0.000ns
  Timing Exception:       False Path

    Location             Delay type                Incr(ns)  Path(ns)    Netlist Resource(s)
  -------------------------------------------------------------------    -------------------
                         (clock clk_fpga_1 rise edge)
                                                      0.000     0.000 r  
    PS7_X0Y0             PS7                          0.000     0.000 r  p10_ps_system_i/processing_system7_0/inst/PS7_i/FCLKCLK[1]
                         net (fo=1, routed)           0.310     0.310    p10_ps_system_i/processing_system7_0/inst/FCLK_CLK_unbuffered[1]
    BUFGCTRL_X0Y16       BUFG (Prop_bufg_I_O)         0.026     0.336 r  p10_ps_system_i/processing_system7_0/inst/buffer_fclk_clk_1.FCLK_CLK_1_BUFG/O
                         net (fo=5738, routed)        0.591     0.927    p10_ps_system_i/axi_dma_0/U0/I_RST_MODULE/GEN_RESET_FOR_S2MM.RESET_I/m_axi_sg_aclk
    SLICE_X19Y15         FDRE                                         r  p10_ps_system_i/axi_dma_0/U0/I_RST_MODULE/GEN_RESET_FOR_S2MM.RESET_I/GEN_ASYNC_RESET.GEN_PRMRY_GRTR_EQL_SCNDRY.s_halt_reg/C
  -------------------------------------------------------------------    -------------------
    SLICE_X19Y15         FDRE (Prop_fdre_C_Q)         0.128     1.055 r  p10_ps_system_i/axi_dma_0/U0/I_RST_MODULE/GEN_RESET_FOR_S2MM.RESET_I/GEN_ASYNC_RESET.GEN_PRMRY_GRTR_EQL_SCNDRY.s_halt_reg/Q
                         net (fo=1, routed)           0.184     1.239    p10_ps_system_i/axi_dma_0/U0/I_RST_MODULE/GEN_RESET_FOR_S2MM.RESET_I/GEN_ASYNC_RESET.GEN_PRMRY_GRTR_EQL_SCNDRY.HALT_PROCESS/prmry_in
    SLICE_X20Y14         FDRE                                         r  p10_ps_system_i/axi_dma_0/U0/I_RST_MODULE/GEN_RESET_FOR_S2MM.RESET_I/GEN_ASYNC_RESET.GEN_PRMRY_GRTR_EQL_SCNDRY.HALT_PROCESS/GENERATE_LEVEL_P_S_CDC.SINGLE_BIT.CROSS_PLEVEL_IN2SCNDRY_IN_cdc_to/D
  -------------------------------------------------------------------    -------------------

                         (clock clk_fpga_1 rise edge)
                                                      0.000     0.000 r  
    PS7_X0Y0             PS7                          0.000     0.000 r  p10_ps_system_i/processing_system7_0/inst/PS7_i/FCLKCLK[1]
                         net (fo=1, routed)           0.337     0.337    p10_ps_system_i/processing_system7_0/inst/FCLK_CLK_unbuffered[1]
    BUFGCTRL_X0Y16       BUFG (Prop_bufg_I_O)         0.029     0.366 r  p10_ps_system_i/processing_system7_0/inst/buffer_fclk_clk_1.FCLK_CLK_1_BUFG/O
                         net (fo=5738, routed)        0.859     1.225    p10_ps_system_i/axi_dma_0/U0/I_RST_MODULE/GEN_RESET_FOR_S2MM.RESET_I/GEN_ASYNC_RESET.GEN_PRMRY_GRTR_EQL_SCNDRY.HALT_PROCESS/m_axi_s2mm_aclk
    SLICE_X20Y14         FDRE                                         r  p10_ps_system_i/axi_dma_0/U0/I_RST_MODULE/GEN_RESET_FOR_S2MM.RESET_I/GEN_ASYNC_RESET.GEN_PRMRY_GRTR_EQL_SCNDRY.HALT_PROCESS/GENERATE_LEVEL_P_S_CDC.SINGLE_BIT.CROSS_PLEVEL_IN2SCNDRY_IN_cdc_to/C





--------------------------------------------------------------------------------------
Path Group:  (none)
From Clock:  clk_fpga_2
  To Clock:  clk_fpga_1

Max Delay            50 Endpoints
Min Delay            50 Endpoints
--------------------------------------------------------------------------------------


Max Delay Paths
--------------------------------------------------------------------------------------
Slack:                    inf
  Source:                 p10_ps_system_i/processing_system7_0/inst/PS7_i/MAXIGP0ACLK
                            (rising edge-triggered cell PS7 clocked by clk_fpga_2  {rise@0.000ns fall@10.000ns period=20.000ns})
  Destination:            p10_ps_system_i/axi_dma_0/U0/I_AXI_DMA_REG_MODULE/GEN_AXI_LITE_IF.AXI_LITE_IF_I/GEN_ASYNC_WRITE.REG_WADDR_TO_IPCLK1/GENERATE_LEVEL_P_S_CDC.MULTI_BIT.FOR_IN_cdc_to[30].CROSS2_PLEVEL_IN2SCNDRY_IN_cdc_to/D
                            (rising edge-triggered cell FDRE clocked by clk_fpga_1  {rise@0.000ns fall@5.000ns period=10.000ns})
  Path Group:             (none)
  Path Type:              Setup (Max at Slow Process Corner)
  Data Path Delay:        3.824ns  (logic 1.127ns (29.474%)  route 2.697ns (70.526%))
  Logic Levels:           0  
  Clock Path Skew:        -0.236ns (DCD - SCD + CPR)
    Destination Clock Delay (DCD):    2.306ns
    Source Clock Delay      (SCD):    2.542ns
    Clock Pessimism Removal (CPR):    0.000ns
  Clock Uncertainty:      0.337ns  ((TSJ^2 + TIJ^2)^1/2 + DJ) / 2 + PE
    Total System Jitter     (TSJ):    0.071ns
    Total Input Jitter      (TIJ):    0.671ns
    Discrete Jitter          (DJ):    0.000ns
    Phase Error              (PE):    0.000ns
  Timing Exception:       False Path

    Location             Delay type                Incr(ns)  Path(ns)    Netlist Resource(s)
  -------------------------------------------------------------------    -------------------
                         (clock clk_fpga_2 rise edge)
                                                      0.000     0.000 r  
    PS7_X0Y0             PS7                          0.000     0.000 r  p10_ps_system_i/processing_system7_0/inst/PS7_i/FCLKCLK[2]
                         net (fo=1, routed)           0.994     0.994    p10_ps_system_i/processing_system7_0/inst/FCLK_CLK_unbuffered[2]
    BUFGCTRL_X0Y17       BUFG (Prop_bufg_I_O)         0.085     1.079 r  p10_ps_system_i/processing_system7_0/inst/buffer_fclk_clk_2.FCLK_CLK_2_BUFG/O
                         net (fo=1157, routed)        1.463     2.542    p10_ps_system_i/processing_system7_0/inst/M_AXI_GP0_ACLK
    PS7_X0Y0             PS7                                          r  p10_ps_system_i/processing_system7_0/inst/PS7_i/MAXIGP0ACLK
  -------------------------------------------------------------------    -------------------
    PS7_X0Y0             PS7 (Prop_ps7_MAXIGP0ACLK_MAXIGP0WDATA[30])
                                                      1.127     3.669 r  p10_ps_system_i/processing_system7_0/inst/PS7_i/MAXIGP0WDATA[30]
                         net (fo=2, routed)           2.697     6.366    p10_ps_system_i/axi_dma_0/U0/I_AXI_DMA_REG_MODULE/GEN_AXI_LITE_IF.AXI_LITE_IF_I/GEN_ASYNC_WRITE.REG_WADDR_TO_IPCLK1/s_axi_lite_wdata[28]
    SLICE_X22Y43         FDRE                                         r  p10_ps_system_i/axi_dma_0/U0/I_AXI_DMA_REG_MODULE/GEN_AXI_LITE_IF.AXI_LITE_IF_I/GEN_ASYNC_WRITE.REG_WADDR_TO_IPCLK1/GENERATE_LEVEL_P_S_CDC.MULTI_BIT.FOR_IN_cdc_to[30].CROSS2_PLEVEL_IN2SCNDRY_IN_cdc_to/D
  -------------------------------------------------------------------    -------------------

                         (clock clk_fpga_1 rise edge)
                                                      0.000     0.000 r  
    PS7_X0Y0             PS7                          0.000     0.000 r  p10_ps_system_i/processing_system7_0/inst/PS7_i/FCLKCLK[1]
                         net (fo=1, routed)           0.905     0.905    p10_ps_system_i/processing_system7_0/inst/FCLK_CLK_unbuffered[1]
    BUFGCTRL_X0Y16       BUFG (Prop_bufg_I_O)         0.077     0.982 r  p10_ps_system_i/processing_system7_0/inst/buffer_fclk_clk_1.FCLK_CLK_1_BUFG/O
                         net (fo=5738, routed)        1.324     2.306    p10_ps_system_i/axi_dma_0/U0/I_AXI_DMA_REG_MODULE/GEN_AXI_LITE_IF.AXI_LITE_IF_I/GEN_ASYNC_WRITE.REG_WADDR_TO_IPCLK1/m_axi_sg_aclk
    SLICE_X22Y43         FDRE                                         r  p10_ps_system_i/axi_dma_0/U0/I_AXI_DMA_REG_MODULE/GEN_AXI_LITE_IF.AXI_LITE_IF_I/GEN_ASYNC_WRITE.REG_WADDR_TO_IPCLK1/GENERATE_LEVEL_P_S_CDC.MULTI_BIT.FOR_IN_cdc_to[30].CROSS2_PLEVEL_IN2SCNDRY_IN_cdc_to/C





Min Delay Paths
--------------------------------------------------------------------------------------
Slack:                    inf
  Source:                 p10_ps_system_i/rst_stream_dma_50/U0/ACTIVE_LOW_PR_OUT_DFF[0].FDRE_PER_N/C
                            (rising edge-triggered cell FDRE clocked by clk_fpga_2  {rise@0.000ns fall@10.000ns period=20.000ns})
  Destination:            p10_ps_system_i/axi_dma_0/U0/I_RST_MODULE/REG_HRD_RST/GENERATE_LEVEL_P_S_CDC.SINGLE_BIT.CROSS_PLEVEL_IN2SCNDRY_IN_cdc_to/D
                            (rising edge-triggered cell FDRE clocked by clk_fpga_1  {rise@0.000ns fall@5.000ns period=10.000ns})
  Path Group:             (none)
  Path Type:              Hold (Min at Fast Process Corner)
  Data Path Delay:        0.328ns  (logic 0.164ns (50.012%)  route 0.164ns (49.988%))
  Logic Levels:           0  
  Clock Path Skew:        0.298ns (DCD - SCD - CPR)
    Destination Clock Delay (DCD):    1.211ns
    Source Clock Delay      (SCD):    0.913ns
    Clock Pessimism Removal (CPR):    -0.000ns
  Clock Uncertainty:      0.337ns  ((TSJ^2 + TIJ^2)^1/2 + DJ) / 2 + PE
    Total System Jitter     (TSJ):    0.071ns
    Total Input Jitter      (TIJ):    0.671ns
    Discrete Jitter          (DJ):    0.000ns
    Phase Error              (PE):    0.000ns
  Timing Exception:       False Path

    Location             Delay type                Incr(ns)  Path(ns)    Netlist Resource(s)
  -------------------------------------------------------------------    -------------------
                         (clock clk_fpga_2 rise edge)
                                                      0.000     0.000 r  
    PS7_X0Y0             PS7                          0.000     0.000 r  p10_ps_system_i/processing_system7_0/inst/PS7_i/FCLKCLK[2]
                         net (fo=1, routed)           0.310     0.310    p10_ps_system_i/processing_system7_0/inst/FCLK_CLK_unbuffered[2]
    BUFGCTRL_X0Y17       BUFG (Prop_bufg_I_O)         0.026     0.336 r  p10_ps_system_i/processing_system7_0/inst/buffer_fclk_clk_2.FCLK_CLK_2_BUFG/O
                         net (fo=1157, routed)        0.577     0.913    p10_ps_system_i/rst_stream_dma_50/U0/slowest_sync_clk
    SLICE_X30Y52         FDRE                                         r  p10_ps_system_i/rst_stream_dma_50/U0/ACTIVE_LOW_PR_OUT_DFF[0].FDRE_PER_N/C
  -------------------------------------------------------------------    -------------------
    SLICE_X30Y52         FDRE (Prop_fdre_C_Q)         0.164     1.077 r  p10_ps_system_i/rst_stream_dma_50/U0/ACTIVE_LOW_PR_OUT_DFF[0].FDRE_PER_N/Q
                         net (fo=2, routed)           0.164     1.241    p10_ps_system_i/axi_dma_0/U0/I_RST_MODULE/REG_HRD_RST/axi_resetn
    SLICE_X29Y51         FDRE                                         r  p10_ps_system_i/axi_dma_0/U0/I_RST_MODULE/REG_HRD_RST/GENERATE_LEVEL_P_S_CDC.SINGLE_BIT.CROSS_PLEVEL_IN2SCNDRY_IN_cdc_to/D
  -------------------------------------------------------------------    -------------------

                         (clock clk_fpga_1 rise edge)
                                                      0.000     0.000 r  
    PS7_X0Y0             PS7                          0.000     0.000 r  p10_ps_system_i/processing_system7_0/inst/PS7_i/FCLKCLK[1]
                         net (fo=1, routed)           0.337     0.337    p10_ps_system_i/processing_system7_0/inst/FCLK_CLK_unbuffered[1]
    BUFGCTRL_X0Y16       BUFG (Prop_bufg_I_O)         0.029     0.366 r  p10_ps_system_i/processing_system7_0/inst/buffer_fclk_clk_1.FCLK_CLK_1_BUFG/O
                         net (fo=5738, routed)        0.845     1.211    p10_ps_system_i/axi_dma_0/U0/I_RST_MODULE/REG_HRD_RST/m_axi_sg_aclk
    SLICE_X29Y51         FDRE                                         r  p10_ps_system_i/axi_dma_0/U0/I_RST_MODULE/REG_HRD_RST/GENERATE_LEVEL_P_S_CDC.SINGLE_BIT.CROSS_PLEVEL_IN2SCNDRY_IN_cdc_to/C





--------------------------------------------------------------------------------------
Path Group:  (none)
From Clock:  
  To Clock:  clk_fpga_2

Max Delay             2 Endpoints
Min Delay             2 Endpoints
--------------------------------------------------------------------------------------


Max Delay Paths
--------------------------------------------------------------------------------------
Slack:                    inf
  Source:                 p10_ps_system_i/processing_system7_0/inst/PS7_i/FCLKRESETN[0]
                            (internal pin)
  Destination:            p10_ps_system_i/rst_stream_dma_50/U0/EXT_LPF/ACTIVE_LOW_EXT.ACT_LO_EXT/GENERATE_LEVEL_P_S_CDC.SINGLE_BIT.CROSS_PLEVEL_IN2SCNDRY_IN_cdc_to/D
                            (rising edge-triggered cell FDRE clocked by clk_fpga_2  {rise@0.000ns fall@10.000ns period=20.000ns})
  Path Group:             (none)
  Path Type:              Setup (Max at Slow Process Corner)
  Data Path Delay:        2.242ns  (logic 0.125ns (5.576%)  route 2.117ns (94.424%))
  Logic Levels:           1  (LUT1=1)
  Clock Uncertainty:      0.301ns  ((TSJ^2 + TIJ^2)^1/2 + DJ) / 2 + PE
    Total System Jitter     (TSJ):    0.050ns
    Total Input Jitter      (TIJ):    0.600ns
    Discrete Jitter          (DJ):    0.000ns
    Phase Error              (PE):    0.000ns
  Timing Exception:       False Path

    Location             Delay type                Incr(ns)  Path(ns)    Netlist Resource(s)
  -------------------------------------------------------------------    -------------------
    PS7_X0Y0             PS7                          0.000     0.000 f  p10_ps_system_i/processing_system7_0/inst/PS7_i/FCLKRESETN[0]
                         net (fo=6, routed)           2.117     2.117    p10_ps_system_i/rst_stream_dma_50/U0/EXT_LPF/ACTIVE_LOW_EXT.ACT_LO_EXT/ext_reset_in
    SLICE_X32Y51         LUT1 (Prop_lut1_I0_O)        0.125     2.242 r  p10_ps_system_i/rst_stream_dma_50/U0/EXT_LPF/ACTIVE_LOW_EXT.ACT_LO_EXT/GENERATE_LEVEL_P_S_CDC.SINGLE_BIT.CROSS_PLEVEL_IN2SCNDRY_IN_cdc_to_i_1/O
                         net (fo=1, routed)           0.000     2.242    p10_ps_system_i/rst_stream_dma_50/U0/EXT_LPF/ACTIVE_LOW_EXT.ACT_LO_EXT/exr_d1
    SLICE_X32Y51         FDRE                                         r  p10_ps_system_i/rst_stream_dma_50/U0/EXT_LPF/ACTIVE_LOW_EXT.ACT_LO_EXT/GENERATE_LEVEL_P_S_CDC.SINGLE_BIT.CROSS_PLEVEL_IN2SCNDRY_IN_cdc_to/D
  -------------------------------------------------------------------    -------------------

                         (clock clk_fpga_2 rise edge)
                                                      0.000     0.000 r  
    PS7_X0Y0             PS7                          0.000     0.000 r  p10_ps_system_i/processing_system7_0/inst/PS7_i/FCLKCLK[2]
                         net (fo=1, routed)           0.905     0.905    p10_ps_system_i/processing_system7_0/inst/FCLK_CLK_unbuffered[2]
    BUFGCTRL_X0Y17       BUFG (Prop_bufg_I_O)         0.077     0.982 r  p10_ps_system_i/processing_system7_0/inst/buffer_fclk_clk_2.FCLK_CLK_2_BUFG/O
                         net (fo=1157, routed)        1.236     2.219    p10_ps_system_i/rst_stream_dma_50/U0/EXT_LPF/ACTIVE_LOW_EXT.ACT_LO_EXT/slowest_sync_clk
    SLICE_X32Y51         FDRE                                         r  p10_ps_system_i/rst_stream_dma_50/U0/EXT_LPF/ACTIVE_LOW_EXT.ACT_LO_EXT/GENERATE_LEVEL_P_S_CDC.SINGLE_BIT.CROSS_PLEVEL_IN2SCNDRY_IN_cdc_to/C





Min Delay Paths
--------------------------------------------------------------------------------------
Slack:                    inf
  Source:                 p10_ps_system_i/processing_system7_0/inst/PS7_i/FCLKRESETN[0]
                            (internal pin)
  Destination:            p10_ps_system_i/rst_axil_50/U0/EXT_LPF/ACTIVE_LOW_EXT.ACT_LO_EXT/GENERATE_LEVEL_P_S_CDC.SINGLE_BIT.CROSS_PLEVEL_IN2SCNDRY_IN_cdc_to/D
                            (rising edge-triggered cell FDRE clocked by clk_fpga_2  {rise@0.000ns fall@10.000ns period=20.000ns})
  Path Group:             (none)
  Path Type:              Hold (Min at Fast Process Corner)
  Data Path Delay:        0.866ns  (logic 0.045ns (5.197%)  route 0.821ns (94.803%))
  Logic Levels:           1  (LUT1=1)
  Clock Uncertainty:      0.301ns  ((TSJ^2 + TIJ^2)^1/2 + DJ) / 2 + PE
    Total System Jitter     (TSJ):    0.050ns
    Total Input Jitter      (TIJ):    0.600ns
    Discrete Jitter          (DJ):    0.000ns
    Phase Error              (PE):    0.000ns
  Timing Exception:       False Path

    Location             Delay type                Incr(ns)  Path(ns)    Netlist Resource(s)
  -------------------------------------------------------------------    -------------------
    PS7_X0Y0             PS7                          0.000     0.000 f  p10_ps_system_i/processing_system7_0/inst/PS7_i/FCLKRESETN[0]
                         net (fo=6, routed)           0.708     0.708    p10_ps_system_i/rst_axil_50/U0/EXT_LPF/ACTIVE_LOW_EXT.ACT_LO_EXT/ext_reset_in
    SLICE_X27Y66         LUT1 (Prop_lut1_I0_O)        0.045     0.753 r  p10_ps_system_i/rst_axil_50/U0/EXT_LPF/ACTIVE_LOW_EXT.ACT_LO_EXT/GENERATE_LEVEL_P_S_CDC.SINGLE_BIT.CROSS_PLEVEL_IN2SCNDRY_IN_cdc_to_i_1/O
                         net (fo=1, routed)           0.113     0.866    p10_ps_system_i/rst_axil_50/U0/EXT_LPF/ACTIVE_LOW_EXT.ACT_LO_EXT/exr_d1
    SLICE_X28Y66         FDRE                                         r  p10_ps_system_i/rst_axil_50/U0/EXT_LPF/ACTIVE_LOW_EXT.ACT_LO_EXT/GENERATE_LEVEL_P_S_CDC.SINGLE_BIT.CROSS_PLEVEL_IN2SCNDRY_IN_cdc_to/D
  -------------------------------------------------------------------    -------------------

                         (clock clk_fpga_2 rise edge)
                                                      0.000     0.000 r  
    PS7_X0Y0             PS7                          0.000     0.000 r  p10_ps_system_i/processing_system7_0/inst/PS7_i/FCLKCLK[2]
                         net (fo=1, routed)           0.337     0.337    p10_ps_system_i/processing_system7_0/inst/FCLK_CLK_unbuffered[2]
    BUFGCTRL_X0Y17       BUFG (Prop_bufg_I_O)         0.029     0.366 r  p10_ps_system_i/processing_system7_0/inst/buffer_fclk_clk_2.FCLK_CLK_2_BUFG/O
                         net (fo=1157, routed)        0.837     1.203    p10_ps_system_i/rst_axil_50/U0/EXT_LPF/ACTIVE_LOW_EXT.ACT_LO_EXT/slowest_sync_clk
    SLICE_X28Y66         FDRE                                         r  p10_ps_system_i/rst_axil_50/U0/EXT_LPF/ACTIVE_LOW_EXT.ACT_LO_EXT/GENERATE_LEVEL_P_S_CDC.SINGLE_BIT.CROSS_PLEVEL_IN2SCNDRY_IN_cdc_to/C





--------------------------------------------------------------------------------------
Path Group:  (none)
From Clock:  clk_fpga_0
  To Clock:  clk_fpga_2

Max Delay             6 Endpoints
Min Delay            42 Endpoints
--------------------------------------------------------------------------------------


Max Delay Paths
--------------------------------------------------------------------------------------
Slack:                    inf
  Source:                 p10_ps_system_i/p10_axil_clock_converter/inst/gen_clock_conv.gen_async_lite_conv.clock_conv_lite_resp_b/handshake/src_sendd_ff_reg/C
                            (rising edge-triggered cell FDRE clocked by clk_fpga_0  {rise@0.000ns fall@7.813ns period=15.625ns})
  Destination:            p10_ps_system_i/p10_axil_clock_converter/inst/gen_clock_conv.gen_async_lite_conv.clock_conv_lite_resp_b/handshake/xpm_cdc_single_src2dest_inst/syncstages_ff_reg[0]/D
                            (rising edge-triggered cell FDRE clocked by clk_fpga_2  {rise@0.000ns fall@10.000ns period=20.000ns})
  Path Group:             (none)
  Path Type:              Setup (Max at Slow Process Corner)
  Data Path Delay:        1.178ns  (logic 0.379ns (32.168%)  route 0.799ns (67.832%))
  Logic Levels:           0  
  Clock Path Skew:        -0.253ns (DCD - SCD + CPR)
    Destination Clock Delay (DCD):    2.254ns
    Source Clock Delay      (SCD):    2.507ns
    Clock Pessimism Removal (CPR):    0.000ns
  Clock Uncertainty:      0.382ns  ((TSJ^2 + TIJ^2)^1/2 + DJ) / 2 + PE
    Total System Jitter     (TSJ):    0.071ns
    Total Input Jitter      (TIJ):    0.762ns
    Discrete Jitter          (DJ):    0.000ns
    Phase Error              (PE):    0.000ns
  Timing Exception:       False Path

    Location             Delay type                Incr(ns)  Path(ns)    Netlist Resource(s)
  -------------------------------------------------------------------    -------------------
                         (clock clk_fpga_0 rise edge)
                                                      0.000     0.000 r  
    PS7_X0Y0             PS7                          0.000     0.000 r  p10_ps_system_i/processing_system7_0/inst/PS7_i/FCLKCLK[0]
                         net (fo=1, routed)           0.994     0.994    p10_ps_system_i/processing_system7_0/inst/FCLK_CLK_unbuffered[0]
    BUFGCTRL_X0Y18       BUFG (Prop_bufg_I_O)         0.085     1.079 r  p10_ps_system_i/processing_system7_0/inst/buffer_fclk_clk_0.FCLK_CLK_0_BUFG/O
                         net (fo=26123, routed)       1.428     2.507    p10_ps_system_i/p10_axil_clock_converter/inst/gen_clock_conv.gen_async_lite_conv.clock_conv_lite_resp_b/handshake/src_clk
    SLICE_X31Y60         FDRE                                         r  p10_ps_system_i/p10_axil_clock_converter/inst/gen_clock_conv.gen_async_lite_conv.clock_conv_lite_resp_b/handshake/src_sendd_ff_reg/C
  -------------------------------------------------------------------    -------------------
    SLICE_X31Y60         FDRE (Prop_fdre_C_Q)         0.379     2.886 r  p10_ps_system_i/p10_axil_clock_converter/inst/gen_clock_conv.gen_async_lite_conv.clock_conv_lite_resp_b/handshake/src_sendd_ff_reg/Q
                         net (fo=3, routed)           0.799     3.685    p10_ps_system_i/p10_axil_clock_converter/inst/gen_clock_conv.gen_async_lite_conv.clock_conv_lite_resp_b/handshake/xpm_cdc_single_src2dest_inst/src_in
    SLICE_X31Y64         FDRE                                         r  p10_ps_system_i/p10_axil_clock_converter/inst/gen_clock_conv.gen_async_lite_conv.clock_conv_lite_resp_b/handshake/xpm_cdc_single_src2dest_inst/syncstages_ff_reg[0]/D
  -------------------------------------------------------------------    -------------------

                         (clock clk_fpga_2 rise edge)
                                                      0.000     0.000 r  
    PS7_X0Y0             PS7                          0.000     0.000 r  p10_ps_system_i/processing_system7_0/inst/PS7_i/FCLKCLK[2]
                         net (fo=1, routed)           0.905     0.905    p10_ps_system_i/processing_system7_0/inst/FCLK_CLK_unbuffered[2]
    BUFGCTRL_X0Y17       BUFG (Prop_bufg_I_O)         0.077     0.982 r  p10_ps_system_i/processing_system7_0/inst/buffer_fclk_clk_2.FCLK_CLK_2_BUFG/O
                         net (fo=1157, routed)        1.271     2.254    p10_ps_system_i/p10_axil_clock_converter/inst/gen_clock_conv.gen_async_lite_conv.clock_conv_lite_resp_b/handshake/xpm_cdc_single_src2dest_inst/dest_clk
    SLICE_X31Y64         FDRE                                         r  p10_ps_system_i/p10_axil_clock_converter/inst/gen_clock_conv.gen_async_lite_conv.clock_conv_lite_resp_b/handshake/xpm_cdc_single_src2dest_inst/syncstages_ff_reg[0]/C





Min Delay Paths
--------------------------------------------------------------------------------------
Slack:                    inf
  Source:                 p10_ps_system_i/p10_axil_clock_converter/inst/gen_clock_conv.gen_async_lite_conv.clock_conv_lite_resp_r/handshake/src_sendd_ff_reg/C
                            (rising edge-triggered cell FDRE clocked by clk_fpga_0  {rise@0.000ns fall@7.813ns period=15.625ns})
  Destination:            p10_ps_system_i/p10_axil_clock_converter/inst/gen_clock_conv.gen_async_lite_conv.clock_conv_lite_resp_r/handshake/xpm_cdc_single_src2dest_inst/syncstages_ff_reg[0]/D
                            (rising edge-triggered cell FDRE clocked by clk_fpga_2  {rise@0.000ns fall@10.000ns period=20.000ns})
  Path Group:             (none)
  Path Type:              Hold (Min at Fast Process Corner)
  Data Path Delay:        0.293ns  (logic 0.141ns (48.081%)  route 0.152ns (51.919%))
  Logic Levels:           0  
  Clock Path Skew:        0.294ns (DCD - SCD - CPR)
    Destination Clock Delay (DCD):    1.183ns
    Source Clock Delay      (SCD):    0.889ns
    Clock Pessimism Removal (CPR):    -0.000ns
  Clock Uncertainty:      0.382ns  ((TSJ^2 + TIJ^2)^1/2 + DJ) / 2 + PE
    Total System Jitter     (TSJ):    0.071ns
    Total Input Jitter      (TIJ):    0.762ns
    Discrete Jitter          (DJ):    0.000ns
    Phase Error              (PE):    0.000ns
  Timing Exception:       False Path

    Location             Delay type                Incr(ns)  Path(ns)    Netlist Resource(s)
  -------------------------------------------------------------------    -------------------
                         (clock clk_fpga_0 rise edge)
                                                      0.000     0.000 r  
    PS7_X0Y0             PS7                          0.000     0.000 r  p10_ps_system_i/processing_system7_0/inst/PS7_i/FCLKCLK[0]
                         net (fo=1, routed)           0.310     0.310    p10_ps_system_i/processing_system7_0/inst/FCLK_CLK_unbuffered[0]
    BUFGCTRL_X0Y18       BUFG (Prop_bufg_I_O)         0.026     0.336 r  p10_ps_system_i/processing_system7_0/inst/buffer_fclk_clk_0.FCLK_CLK_0_BUFG/O
                         net (fo=26123, routed)       0.553     0.889    p10_ps_system_i/p10_axil_clock_converter/inst/gen_clock_conv.gen_async_lite_conv.clock_conv_lite_resp_r/handshake/src_clk
    SLICE_X33Y66         FDRE                                         r  p10_ps_system_i/p10_axil_clock_converter/inst/gen_clock_conv.gen_async_lite_conv.clock_conv_lite_resp_r/handshake/src_sendd_ff_reg/C
  -------------------------------------------------------------------    -------------------
    SLICE_X33Y66         FDRE (Prop_fdre_C_Q)         0.141     1.030 r  p10_ps_system_i/p10_axil_clock_converter/inst/gen_clock_conv.gen_async_lite_conv.clock_conv_lite_resp_r/handshake/src_sendd_ff_reg/Q
                         net (fo=2, routed)           0.152     1.182    p10_ps_system_i/p10_axil_clock_converter/inst/gen_clock_conv.gen_async_lite_conv.clock_conv_lite_resp_r/handshake/xpm_cdc_single_src2dest_inst/src_in
    SLICE_X35Y67         FDRE                                         r  p10_ps_system_i/p10_axil_clock_converter/inst/gen_clock_conv.gen_async_lite_conv.clock_conv_lite_resp_r/handshake/xpm_cdc_single_src2dest_inst/syncstages_ff_reg[0]/D
  -------------------------------------------------------------------    -------------------

                         (clock clk_fpga_2 rise edge)
                                                      0.000     0.000 r  
    PS7_X0Y0             PS7                          0.000     0.000 r  p10_ps_system_i/processing_system7_0/inst/PS7_i/FCLKCLK[2]
                         net (fo=1, routed)           0.337     0.337    p10_ps_system_i/processing_system7_0/inst/FCLK_CLK_unbuffered[2]
    BUFGCTRL_X0Y17       BUFG (Prop_bufg_I_O)         0.029     0.366 r  p10_ps_system_i/processing_system7_0/inst/buffer_fclk_clk_2.FCLK_CLK_2_BUFG/O
                         net (fo=1157, routed)        0.817     1.183    p10_ps_system_i/p10_axil_clock_converter/inst/gen_clock_conv.gen_async_lite_conv.clock_conv_lite_resp_r/handshake/xpm_cdc_single_src2dest_inst/dest_clk
    SLICE_X35Y67         FDRE                                         r  p10_ps_system_i/p10_axil_clock_converter/inst/gen_clock_conv.gen_async_lite_conv.clock_conv_lite_resp_r/handshake/xpm_cdc_single_src2dest_inst/syncstages_ff_reg[0]/C





--------------------------------------------------------------------------------------
Path Group:  (none)
From Clock:  clk_fpga_1
  To Clock:  clk_fpga_2

Max Delay            35 Endpoints
Min Delay            35 Endpoints
--------------------------------------------------------------------------------------


Max Delay Paths
--------------------------------------------------------------------------------------
Slack:                    inf
  Source:                 p10_ps_system_i/axi_dma_0/U0/I_AXI_DMA_REG_MODULE/GEN_AXI_LITE_IF.AXI_LITE_IF_I/GEN_ASYNC_READ.lite_rdata_cdc_from_reg[28]/C
                            (rising edge-triggered cell FDRE clocked by clk_fpga_1  {rise@0.000ns fall@5.000ns period=10.000ns})
  Destination:            p10_ps_system_i/axi_dma_0/U0/I_AXI_DMA_REG_MODULE/GEN_AXI_LITE_IF.AXI_LITE_IF_I/GEN_ASYNC_READ.REG_DATA2LITE_CLOCK/GENERATE_LEVEL_P_S_CDC.MULTI_BIT.FOR_IN_cdc_to[28].CROSS2_PLEVEL_IN2SCNDRY_IN_cdc_to/D
                            (rising edge-triggered cell FDRE clocked by clk_fpga_2  {rise@0.000ns fall@10.000ns period=20.000ns})
  Path Group:             (none)
  Path Type:              Setup (Max at Slow Process Corner)
  Data Path Delay:        1.001ns  (logic 0.348ns (34.751%)  route 0.653ns (65.249%))
  Logic Levels:           0  
  Clock Path Skew:        -0.254ns (DCD - SCD + CPR)
    Destination Clock Delay (DCD):    2.303ns
    Source Clock Delay      (SCD):    2.557ns
    Clock Pessimism Removal (CPR):    0.000ns
  Clock Uncertainty:      0.337ns  ((TSJ^2 + TIJ^2)^1/2 + DJ) / 2 + PE
    Total System Jitter     (TSJ):    0.071ns
    Total Input Jitter      (TIJ):    0.671ns
    Discrete Jitter          (DJ):    0.000ns
    Phase Error              (PE):    0.000ns
  Timing Exception:       False Path

    Location             Delay type                Incr(ns)  Path(ns)    Netlist Resource(s)
  -------------------------------------------------------------------    -------------------
                         (clock clk_fpga_1 rise edge)
                                                      0.000     0.000 r  
    PS7_X0Y0             PS7                          0.000     0.000 r  p10_ps_system_i/processing_system7_0/inst/PS7_i/FCLKCLK[1]
                         net (fo=1, routed)           0.994     0.994    p10_ps_system_i/processing_system7_0/inst/FCLK_CLK_unbuffered[1]
    BUFGCTRL_X0Y16       BUFG (Prop_bufg_I_O)         0.085     1.079 r  p10_ps_system_i/processing_system7_0/inst/buffer_fclk_clk_1.FCLK_CLK_1_BUFG/O
                         net (fo=5738, routed)        1.478     2.557    p10_ps_system_i/axi_dma_0/U0/I_AXI_DMA_REG_MODULE/GEN_AXI_LITE_IF.AXI_LITE_IF_I/m_axi_sg_aclk
    SLICE_X24Y46         FDRE                                         r  p10_ps_system_i/axi_dma_0/U0/I_AXI_DMA_REG_MODULE/GEN_AXI_LITE_IF.AXI_LITE_IF_I/GEN_ASYNC_READ.lite_rdata_cdc_from_reg[28]/C
  -------------------------------------------------------------------    -------------------
    SLICE_X24Y46         FDRE (Prop_fdre_C_Q)         0.348     2.905 r  p10_ps_system_i/axi_dma_0/U0/I_AXI_DMA_REG_MODULE/GEN_AXI_LITE_IF.AXI_LITE_IF_I/GEN_ASYNC_READ.lite_rdata_cdc_from_reg[28]/Q
                         net (fo=1, routed)           0.653     3.558    p10_ps_system_i/axi_dma_0/U0/I_AXI_DMA_REG_MODULE/GEN_AXI_LITE_IF.AXI_LITE_IF_I/GEN_ASYNC_READ.REG_DATA2LITE_CLOCK/prmry_vect_in[28]
    SLICE_X24Y47         FDRE                                         r  p10_ps_system_i/axi_dma_0/U0/I_AXI_DMA_REG_MODULE/GEN_AXI_LITE_IF.AXI_LITE_IF_I/GEN_ASYNC_READ.REG_DATA2LITE_CLOCK/GENERATE_LEVEL_P_S_CDC.MULTI_BIT.FOR_IN_cdc_to[28].CROSS2_PLEVEL_IN2SCNDRY_IN_cdc_to/D
  -------------------------------------------------------------------    -------------------

                         (clock clk_fpga_2 rise edge)
                                                      0.000     0.000 r  
    PS7_X0Y0             PS7                          0.000     0.000 r  p10_ps_system_i/processing_system7_0/inst/PS7_i/FCLKCLK[2]
                         net (fo=1, routed)           0.905     0.905    p10_ps_system_i/processing_system7_0/inst/FCLK_CLK_unbuffered[2]
    BUFGCTRL_X0Y17       BUFG (Prop_bufg_I_O)         0.077     0.982 r  p10_ps_system_i/processing_system7_0/inst/buffer_fclk_clk_2.FCLK_CLK_2_BUFG/O
                         net (fo=1157, routed)        1.321     2.303    p10_ps_system_i/axi_dma_0/U0/I_AXI_DMA_REG_MODULE/GEN_AXI_LITE_IF.AXI_LITE_IF_I/GEN_ASYNC_READ.REG_DATA2LITE_CLOCK/s_axi_lite_aclk
    SLICE_X24Y47         FDRE                                         r  p10_ps_system_i/axi_dma_0/U0/I_AXI_DMA_REG_MODULE/GEN_AXI_LITE_IF.AXI_LITE_IF_I/GEN_ASYNC_READ.REG_DATA2LITE_CLOCK/GENERATE_LEVEL_P_S_CDC.MULTI_BIT.FOR_IN_cdc_to[28].CROSS2_PLEVEL_IN2SCNDRY_IN_cdc_to/C





Min Delay Paths
--------------------------------------------------------------------------------------
Slack:                    inf
  Source:                 p10_ps_system_i/axi_dma_0/U0/I_AXI_DMA_REG_MODULE/GEN_AXI_LITE_IF.AXI_LITE_IF_I/GEN_ASYNC_READ.lite_rdata_cdc_from_reg[15]/C
                            (rising edge-triggered cell FDRE clocked by clk_fpga_1  {rise@0.000ns fall@5.000ns period=10.000ns})
  Destination:            p10_ps_system_i/axi_dma_0/U0/I_AXI_DMA_REG_MODULE/GEN_AXI_LITE_IF.AXI_LITE_IF_I/GEN_ASYNC_READ.REG_DATA2LITE_CLOCK/GENERATE_LEVEL_P_S_CDC.MULTI_BIT.FOR_IN_cdc_to[15].CROSS2_PLEVEL_IN2SCNDRY_IN_cdc_to/D
                            (rising edge-triggered cell FDRE clocked by clk_fpga_2  {rise@0.000ns fall@10.000ns period=20.000ns})
  Path Group:             (none)
  Path Type:              Hold (Min at Fast Process Corner)
  Data Path Delay:        0.242ns  (logic 0.128ns (52.899%)  route 0.114ns (47.101%))
  Logic Levels:           0  
  Clock Path Skew:        0.298ns (DCD - SCD - CPR)
    Destination Clock Delay (DCD):    1.211ns
    Source Clock Delay      (SCD):    0.913ns
    Clock Pessimism Removal (CPR):    -0.000ns
  Clock Uncertainty:      0.337ns  ((TSJ^2 + TIJ^2)^1/2 + DJ) / 2 + PE
    Total System Jitter     (TSJ):    0.071ns
    Total Input Jitter      (TIJ):    0.671ns
    Discrete Jitter          (DJ):    0.000ns
    Phase Error              (PE):    0.000ns
  Timing Exception:       False Path

    Location             Delay type                Incr(ns)  Path(ns)    Netlist Resource(s)
  -------------------------------------------------------------------    -------------------
                         (clock clk_fpga_1 rise edge)
                                                      0.000     0.000 r  
    PS7_X0Y0             PS7                          0.000     0.000 r  p10_ps_system_i/processing_system7_0/inst/PS7_i/FCLKCLK[1]
                         net (fo=1, routed)           0.310     0.310    p10_ps_system_i/processing_system7_0/inst/FCLK_CLK_unbuffered[1]
    BUFGCTRL_X0Y16       BUFG (Prop_bufg_I_O)         0.026     0.336 r  p10_ps_system_i/processing_system7_0/inst/buffer_fclk_clk_1.FCLK_CLK_1_BUFG/O
                         net (fo=5738, routed)        0.577     0.913    p10_ps_system_i/axi_dma_0/U0/I_AXI_DMA_REG_MODULE/GEN_AXI_LITE_IF.AXI_LITE_IF_I/m_axi_sg_aclk
    SLICE_X28Y50         FDRE                                         r  p10_ps_system_i/axi_dma_0/U0/I_AXI_DMA_REG_MODULE/GEN_AXI_LITE_IF.AXI_LITE_IF_I/GEN_ASYNC_READ.lite_rdata_cdc_from_reg[15]/C
  -------------------------------------------------------------------    -------------------
    SLICE_X28Y50         FDRE (Prop_fdre_C_Q)         0.128     1.041 r  p10_ps_system_i/axi_dma_0/U0/I_AXI_DMA_REG_MODULE/GEN_AXI_LITE_IF.AXI_LITE_IF_I/GEN_ASYNC_READ.lite_rdata_cdc_from_reg[15]/Q
                         net (fo=1, routed)           0.114     1.155    p10_ps_system_i/axi_dma_0/U0/I_AXI_DMA_REG_MODULE/GEN_AXI_LITE_IF.AXI_LITE_IF_I/GEN_ASYNC_READ.REG_DATA2LITE_CLOCK/prmry_vect_in[15]
    SLICE_X28Y51         FDRE                                         r  p10_ps_system_i/axi_dma_0/U0/I_AXI_DMA_REG_MODULE/GEN_AXI_LITE_IF.AXI_LITE_IF_I/GEN_ASYNC_READ.REG_DATA2LITE_CLOCK/GENERATE_LEVEL_P_S_CDC.MULTI_BIT.FOR_IN_cdc_to[15].CROSS2_PLEVEL_IN2SCNDRY_IN_cdc_to/D
  -------------------------------------------------------------------    -------------------

                         (clock clk_fpga_2 rise edge)
                                                      0.000     0.000 r  
    PS7_X0Y0             PS7                          0.000     0.000 r  p10_ps_system_i/processing_system7_0/inst/PS7_i/FCLKCLK[2]
                         net (fo=1, routed)           0.337     0.337    p10_ps_system_i/processing_system7_0/inst/FCLK_CLK_unbuffered[2]
    BUFGCTRL_X0Y17       BUFG (Prop_bufg_I_O)         0.029     0.366 r  p10_ps_system_i/processing_system7_0/inst/buffer_fclk_clk_2.FCLK_CLK_2_BUFG/O
                         net (fo=1157, routed)        0.845     1.211    p10_ps_system_i/axi_dma_0/U0/I_AXI_DMA_REG_MODULE/GEN_AXI_LITE_IF.AXI_LITE_IF_I/GEN_ASYNC_READ.REG_DATA2LITE_CLOCK/s_axi_lite_aclk
    SLICE_X28Y51         FDRE                                         r  p10_ps_system_i/axi_dma_0/U0/I_AXI_DMA_REG_MODULE/GEN_AXI_LITE_IF.AXI_LITE_IF_I/GEN_ASYNC_READ.REG_DATA2LITE_CLOCK/GENERATE_LEVEL_P_S_CDC.MULTI_BIT.FOR_IN_cdc_to[15].CROSS2_PLEVEL_IN2SCNDRY_IN_cdc_to/C





--------------------------------------------------------------------------------------
Path Group:  (none)
From Clock:  clk_fpga_2
  To Clock:  clk_fpga_2

Max Delay             1 Endpoint
Min Delay             1 Endpoint
--------------------------------------------------------------------------------------


Max Delay Paths
--------------------------------------------------------------------------------------
Slack:                    inf
  Source:                 p10_ps_system_i/rst_stream_dma_50/U0/ACTIVE_LOW_PR_OUT_DFF[0].FDRE_PER_N/C
                            (rising edge-triggered cell FDRE clocked by clk_fpga_2  {rise@0.000ns fall@10.000ns period=20.000ns})
  Destination:            p10_ps_system_i/axi_dma_0/U0/I_RST_MODULE/REG_HRD_RST_OUT/GENERATE_LEVEL_P_S_CDC.SINGLE_BIT.CROSS_PLEVEL_IN2SCNDRY_IN_cdc_to/D
                            (rising edge-triggered cell FDRE clocked by clk_fpga_2  {rise@0.000ns fall@10.000ns period=20.000ns})
  Path Group:             (none)
  Path Type:              Setup (Max at Slow Process Corner)
  Data Path Delay:        0.824ns  (logic 0.433ns (52.540%)  route 0.391ns (47.460%))
  Logic Levels:           0  
  Clock Path Skew:        -0.251ns (DCD - SCD + CPR)
    Destination Clock Delay (DCD):    2.259ns
    Source Clock Delay      (SCD):    2.510ns
    Clock Pessimism Removal (CPR):    0.000ns
  Clock Uncertainty:      0.302ns  ((TSJ^2 + TIJ^2)^1/2 + DJ) / 2 + PE
    Total System Jitter     (TSJ):    0.071ns
    Total Input Jitter      (TIJ):    0.600ns
    Discrete Jitter          (DJ):    0.000ns
    Phase Error              (PE):    0.000ns
  Timing Exception:       False Path

    Location             Delay type                Incr(ns)  Path(ns)    Netlist Resource(s)
  -------------------------------------------------------------------    -------------------
                         (clock clk_fpga_2 rise edge)
                                                      0.000     0.000 r  
    PS7_X0Y0             PS7                          0.000     0.000 r  p10_ps_system_i/processing_system7_0/inst/PS7_i/FCLKCLK[2]
                         net (fo=1, routed)           0.994     0.994    p10_ps_system_i/processing_system7_0/inst/FCLK_CLK_unbuffered[2]
    BUFGCTRL_X0Y17       BUFG (Prop_bufg_I_O)         0.085     1.079 r  p10_ps_system_i/processing_system7_0/inst/buffer_fclk_clk_2.FCLK_CLK_2_BUFG/O
                         net (fo=1157, routed)        1.431     2.510    p10_ps_system_i/rst_stream_dma_50/U0/slowest_sync_clk
    SLICE_X30Y52         FDRE                                         r  p10_ps_system_i/rst_stream_dma_50/U0/ACTIVE_LOW_PR_OUT_DFF[0].FDRE_PER_N/C
  -------------------------------------------------------------------    -------------------
    SLICE_X30Y52         FDRE (Prop_fdre_C_Q)         0.433     2.943 r  p10_ps_system_i/rst_stream_dma_50/U0/ACTIVE_LOW_PR_OUT_DFF[0].FDRE_PER_N/Q
                         net (fo=2, routed)           0.391     3.334    p10_ps_system_i/axi_dma_0/U0/I_RST_MODULE/REG_HRD_RST_OUT/axi_resetn
    SLICE_X29Y52         FDRE                                         r  p10_ps_system_i/axi_dma_0/U0/I_RST_MODULE/REG_HRD_RST_OUT/GENERATE_LEVEL_P_S_CDC.SINGLE_BIT.CROSS_PLEVEL_IN2SCNDRY_IN_cdc_to/D
  -------------------------------------------------------------------    -------------------

                         (clock clk_fpga_2 rise edge)
                                                      0.000     0.000 r  
    PS7_X0Y0             PS7                          0.000     0.000 r  p10_ps_system_i/processing_system7_0/inst/PS7_i/FCLKCLK[2]
                         net (fo=1, routed)           0.905     0.905    p10_ps_system_i/processing_system7_0/inst/FCLK_CLK_unbuffered[2]
    BUFGCTRL_X0Y17       BUFG (Prop_bufg_I_O)         0.077     0.982 r  p10_ps_system_i/processing_system7_0/inst/buffer_fclk_clk_2.FCLK_CLK_2_BUFG/O
                         net (fo=1157, routed)        1.276     2.259    p10_ps_system_i/axi_dma_0/U0/I_RST_MODULE/REG_HRD_RST_OUT/s_axi_lite_aclk
    SLICE_X29Y52         FDRE                                         r  p10_ps_system_i/axi_dma_0/U0/I_RST_MODULE/REG_HRD_RST_OUT/GENERATE_LEVEL_P_S_CDC.SINGLE_BIT.CROSS_PLEVEL_IN2SCNDRY_IN_cdc_to/C





Min Delay Paths
--------------------------------------------------------------------------------------
Slack:                    inf
  Source:                 p10_ps_system_i/rst_stream_dma_50/U0/ACTIVE_LOW_PR_OUT_DFF[0].FDRE_PER_N/C
                            (rising edge-triggered cell FDRE clocked by clk_fpga_2  {rise@0.000ns fall@10.000ns period=20.000ns})
  Destination:            p10_ps_system_i/axi_dma_0/U0/I_RST_MODULE/REG_HRD_RST_OUT/GENERATE_LEVEL_P_S_CDC.SINGLE_BIT.CROSS_PLEVEL_IN2SCNDRY_IN_cdc_to/D
                            (rising edge-triggered cell FDRE clocked by clk_fpga_2  {rise@0.000ns fall@10.000ns period=20.000ns})
  Path Group:             (none)
  Path Type:              Hold (Min at Fast Process Corner)
  Data Path Delay:        0.327ns  (logic 0.164ns (50.133%)  route 0.163ns (49.867%))
  Logic Levels:           0  
  Clock Path Skew:        0.298ns (DCD - SCD - CPR)
    Destination Clock Delay (DCD):    1.211ns
    Source Clock Delay      (SCD):    0.913ns
    Clock Pessimism Removal (CPR):    -0.000ns
  Clock Uncertainty:      0.302ns  ((TSJ^2 + TIJ^2)^1/2 + DJ) / 2 + PE
    Total System Jitter     (TSJ):    0.071ns
    Total Input Jitter      (TIJ):    0.600ns
    Discrete Jitter          (DJ):    0.000ns
    Phase Error              (PE):    0.000ns
  Timing Exception:       False Path

    Location             Delay type                Incr(ns)  Path(ns)    Netlist Resource(s)
  -------------------------------------------------------------------    -------------------
                         (clock clk_fpga_2 rise edge)
                                                      0.000     0.000 r  
    PS7_X0Y0             PS7                          0.000     0.000 r  p10_ps_system_i/processing_system7_0/inst/PS7_i/FCLKCLK[2]
                         net (fo=1, routed)           0.310     0.310    p10_ps_system_i/processing_system7_0/inst/FCLK_CLK_unbuffered[2]
    BUFGCTRL_X0Y17       BUFG (Prop_bufg_I_O)         0.026     0.336 r  p10_ps_system_i/processing_system7_0/inst/buffer_fclk_clk_2.FCLK_CLK_2_BUFG/O
                         net (fo=1157, routed)        0.577     0.913    p10_ps_system_i/rst_stream_dma_50/U0/slowest_sync_clk
    SLICE_X30Y52         FDRE                                         r  p10_ps_system_i/rst_stream_dma_50/U0/ACTIVE_LOW_PR_OUT_DFF[0].FDRE_PER_N/C
  -------------------------------------------------------------------    -------------------
    SLICE_X30Y52         FDRE (Prop_fdre_C_Q)         0.164     1.077 r  p10_ps_system_i/rst_stream_dma_50/U0/ACTIVE_LOW_PR_OUT_DFF[0].FDRE_PER_N/Q
                         net (fo=2, routed)           0.163     1.240    p10_ps_system_i/axi_dma_0/U0/I_RST_MODULE/REG_HRD_RST_OUT/axi_resetn
    SLICE_X29Y52         FDRE                                         r  p10_ps_system_i/axi_dma_0/U0/I_RST_MODULE/REG_HRD_RST_OUT/GENERATE_LEVEL_P_S_CDC.SINGLE_BIT.CROSS_PLEVEL_IN2SCNDRY_IN_cdc_to/D
  -------------------------------------------------------------------    -------------------

                         (clock clk_fpga_2 rise edge)
                                                      0.000     0.000 r  
    PS7_X0Y0             PS7                          0.000     0.000 r  p10_ps_system_i/processing_system7_0/inst/PS7_i/FCLKCLK[2]
                         net (fo=1, routed)           0.337     0.337    p10_ps_system_i/processing_system7_0/inst/FCLK_CLK_unbuffered[2]
    BUFGCTRL_X0Y17       BUFG (Prop_bufg_I_O)         0.029     0.366 r  p10_ps_system_i/processing_system7_0/inst/buffer_fclk_clk_2.FCLK_CLK_2_BUFG/O
                         net (fo=1157, routed)        0.845     1.211    p10_ps_system_i/axi_dma_0/U0/I_RST_MODULE/REG_HRD_RST_OUT/s_axi_lite_aclk
    SLICE_X29Y52         FDRE                                         r  p10_ps_system_i/axi_dma_0/U0/I_RST_MODULE/REG_HRD_RST_OUT/GENERATE_LEVEL_P_S_CDC.SINGLE_BIT.CROSS_PLEVEL_IN2SCNDRY_IN_cdc_to/C





--------------------------------------------------------------------------------------
Path Group:  (none)
From Clock:  clk_fpga_0
  To Clock:  

Max Delay            12 Endpoints
Min Delay            12 Endpoints
--------------------------------------------------------------------------------------


Max Delay Paths
--------------------------------------------------------------------------------------
Slack:                    inf
  Source:                 p10_ps_system_i/p10_endpoint_0/inst/impl/u_transport/g_physical[0].u_a_phy/fault_duty_limit_reg/C
                            (rising edge-triggered cell FDRE clocked by clk_fpga_0  {rise@0.000ns fall@7.813ns period=15.625ns})
  Destination:            pl_activity_led_n_o[2]
                            (output port)
  Path Group:             (none)
  Path Type:              Max at Slow Process Corner
  Data Path Delay:        15.585ns  (logic 5.383ns (34.540%)  route 10.202ns (65.460%))
  Logic Levels:           7  (LUT3=1 LUT4=2 LUT6=3 OBUF=1)
  Clock Uncertainty:      0.236ns  ((TSJ^2 + TIJ^2)^1/2 + DJ) / 2 + PE
    Total System Jitter     (TSJ):    0.050ns
    Total Input Jitter      (TIJ):    0.469ns
    Discrete Jitter          (DJ):    0.000ns
    Phase Error              (PE):    0.000ns

    Location             Delay type                Incr(ns)  Path(ns)    Netlist Resource(s)
  -------------------------------------------------------------------    -------------------
                         (clock clk_fpga_0 rise edge)
                                                      0.000     0.000 r  
    PS7_X0Y0             PS7                          0.000     0.000 r  p10_ps_system_i/processing_system7_0/inst/PS7_i/FCLKCLK[0]
                         net (fo=1, routed)           0.994     0.994    p10_ps_system_i/processing_system7_0/inst/FCLK_CLK_unbuffered[0]
    BUFGCTRL_X0Y18       BUFG (Prop_bufg_I_O)         0.085     1.079 r  p10_ps_system_i/processing_system7_0/inst/buffer_fclk_clk_0.FCLK_CLK_0_BUFG/O
                         net (fo=26123, routed)       1.422     2.501    p10_ps_system_i/p10_endpoint_0/inst/impl/u_transport/g_physical[0].u_a_phy/s_axi_aclk
    SLICE_X56Y75         FDRE                                         r  p10_ps_system_i/p10_endpoint_0/inst/impl/u_transport/g_physical[0].u_a_phy/fault_duty_limit_reg/C
  -------------------------------------------------------------------    -------------------
    SLICE_X56Y75         FDRE (Prop_fdre_C_Q)         0.379     2.880 f  p10_ps_system_i/p10_endpoint_0/inst/impl/u_transport/g_physical[0].u_a_phy/fault_duty_limit_reg/Q
                         net (fo=47, routed)          1.482     4.362    p10_ps_system_i/p10_endpoint_0/inst/impl/u_transport/g_physical[0].u_a_phy/a_fault_duty[0]
    SLICE_X56Y76         LUT4 (Prop_lut4_I1_O)        0.105     4.467 r  p10_ps_system_i/p10_endpoint_0/inst/impl/u_transport/g_physical[0].u_a_phy/i__i_7__6/O
                         net (fo=23, routed)          0.691     5.158    p10_ps_system_i/p10_endpoint_0/inst/impl/u_transport/g_physical[0].u_a_phy/u_p8c_physical_safety/u_exact_duty_accountant/snapshot_q_reg[7][8]_0
    SLICE_X58Y70         LUT3 (Prop_lut3_I1_O)        0.126     5.284 r  p10_ps_system_i/p10_endpoint_0/inst/impl/u_transport/g_physical[0].u_a_phy/u_p8c_physical_safety/u_exact_duty_accountant/i__i_2__7/O
                         net (fo=156, routed)         1.011     6.295    p10_ps_system_i/p10_endpoint_0/inst/impl/u_transport/g_physical[2].u_a_phy/u_p8c_physical_safety/snapshot_q_reg[7][10]_1
    SLICE_X59Y79         LUT4 (Prop_lut4_I1_O)        0.304     6.599 r  p10_ps_system_i/p10_endpoint_0/inst/impl/u_transport/g_physical[2].u_a_phy/u_p8c_physical_safety/txd_d_i_1__3/O
                         net (fo=40, routed)          1.240     7.839    p10_ps_system_i/p10_endpoint_0/inst/impl/u_transport/g_physical[2].u_a_phy/u_p8c_physical_safety/u_exact_duty_accountant/raw_while_local_tx_count_o_reg[0]
    SLICE_X86Y68         LUT6 (Prop_lut6_I1_O)        0.267     8.106 f  p10_ps_system_i/p10_endpoint_0/inst/impl/u_transport/g_physical[2].u_a_phy/u_p8c_physical_safety/u_exact_duty_accountant/pl_activity_led_n_o[2]_INST_0_i_4/O
                         net (fo=5, routed)           0.824     8.930    p10_ps_system_i/p10_endpoint_0/inst/impl/u_transport/g_receive[2].u_parser/dp_peer_ack_credit_q_reg[0]
    SLICE_X83Y47         LUT6 (Prop_lut6_I2_O)        0.105     9.035 f  p10_ps_system_i/p10_endpoint_0/inst/impl/u_transport/g_receive[2].u_parser/pl_activity_led_n_o[2]_INST_0_i_1/O
                         net (fo=12, routed)          3.288    12.322    p10_ps_system_i/p10_endpoint_0/inst/impl/u_transport/g_physical[0].u_a_phy/hold_counter_q_reg[2][6]_0
    SLICE_X112Y109       LUT6 (Prop_lut6_I1_O)        0.105    12.427 r  p10_ps_system_i/p10_endpoint_0/inst/impl/u_transport/g_physical[0].u_a_phy/pl_activity_led_n_o[2]_INST_0/O
                         net (fo=1, routed)           1.667    14.094    pl_activity_led_n_o_OBUF[2]
    K16                  OBUF (Prop_obuf_I_O)         3.992    18.086 r  pl_activity_led_n_o_OBUF[2]_inst/O
                         net (fo=0)                   0.000    18.086    pl_activity_led_n_o[2]
    K16                                                               r  pl_activity_led_n_o[2] (OUT)
  -------------------------------------------------------------------    -------------------





Min Delay Paths
--------------------------------------------------------------------------------------
Slack:                    inf
  Source:                 p10_ps_system_i/p10_endpoint_0/inst/g_4lane_leds.u_activity_leds/hold_counter_q_reg[0][6]/C
                            (rising edge-triggered cell FDCE clocked by clk_fpga_0  {rise@0.000ns fall@7.813ns period=15.625ns})
  Destination:            pl_activity_led_n_o[0]
                            (output port)
  Path Group:             (none)
  Path Type:              Min at Fast Process Corner
  Data Path Delay:        3.693ns  (logic 3.171ns (85.877%)  route 0.522ns (14.123%))
  Logic Levels:           2  (LUT6=1 OBUF=1)
  Clock Uncertainty:      0.236ns  ((TSJ^2 + TIJ^2)^1/2 + DJ) / 2 + PE
    Total System Jitter     (TSJ):    0.050ns
    Total Input Jitter      (TIJ):    0.469ns
    Discrete Jitter          (DJ):    0.000ns
    Phase Error              (PE):    0.000ns

    Location             Delay type                Incr(ns)  Path(ns)    Netlist Resource(s)
  -------------------------------------------------------------------    -------------------
                         (clock clk_fpga_0 rise edge)
                                                      0.000     0.000 r  
    PS7_X0Y0             PS7                          0.000     0.000 r  p10_ps_system_i/processing_system7_0/inst/PS7_i/FCLKCLK[0]
                         net (fo=1, routed)           0.310     0.310    p10_ps_system_i/processing_system7_0/inst/FCLK_CLK_unbuffered[0]
    BUFGCTRL_X0Y18       BUFG (Prop_bufg_I_O)         0.026     0.336 r  p10_ps_system_i/processing_system7_0/inst/buffer_fclk_clk_0.FCLK_CLK_0_BUFG/O
                         net (fo=26123, routed)       0.718     1.054    p10_ps_system_i/p10_endpoint_0/inst/g_4lane_leds.u_activity_leds/s_axi_aclk
    SLICE_X113Y105       FDCE                                         r  p10_ps_system_i/p10_endpoint_0/inst/g_4lane_leds.u_activity_leds/hold_counter_q_reg[0][6]/C
  -------------------------------------------------------------------    -------------------
    SLICE_X113Y105       FDCE (Prop_fdce_C_Q)         0.141     1.195 f  p10_ps_system_i/p10_endpoint_0/inst/g_4lane_leds.u_activity_leds/hold_counter_q_reg[0][6]/Q
                         net (fo=4, routed)           0.141     1.336    p10_ps_system_i/p10_endpoint_0/inst/impl/u_transport/g_physical[0].u_a_phy/u_p8c_physical_safety/pl_activity_led_n_o[0]_0[1]
    SLICE_X113Y105       LUT6 (Prop_lut6_I2_O)        0.045     1.381 r  p10_ps_system_i/p10_endpoint_0/inst/impl/u_transport/g_physical[0].u_a_phy/u_p8c_physical_safety/pl_activity_led_n_o[0]_INST_0/O
                         net (fo=1, routed)           0.381     1.762    pl_activity_led_n_o_OBUF[0]
    M14                  OBUF (Prop_obuf_I_O)         2.985     4.747 r  pl_activity_led_n_o_OBUF[0]_inst/O
                         net (fo=0)                   0.000     4.747    pl_activity_led_n_o[0]
    M14                                                               r  pl_activity_led_n_o[0] (OUT)
  -------------------------------------------------------------------    -------------------





--------------------------------------------------------------------------------------
Path Group:  (none)
From Clock:  
  To Clock:  clk_fpga_0

Max Delay             4 Endpoints
Min Delay             4 Endpoints
--------------------------------------------------------------------------------------


Max Delay Paths
--------------------------------------------------------------------------------------
Slack:                    inf
  Source:                 tfdu_rxd_i[2]
                            (input port)
  Destination:            p10_ps_system_i/p10_endpoint_0/inst/impl/u_transport/g_physical[2].u_a_phy/rxd_ff1_reg/D
                            (rising edge-triggered cell FDSE clocked by clk_fpga_0  {rise@0.000ns fall@7.813ns period=15.625ns})
  Path Group:             (none)
  Path Type:              Setup (Max at Slow Process Corner)
  Data Path Delay:        4.080ns  (logic 1.431ns (35.085%)  route 2.648ns (64.915%))
  Logic Levels:           1  (IBUF=1)
  Clock Path Skew:        2.425ns (DCD - SCD + CPR)
    Destination Clock Delay (DCD):    2.425ns
    Source Clock Delay      (SCD):    0.000ns
    Clock Pessimism Removal (CPR):    0.000ns
  Clock Uncertainty:      0.236ns  ((TSJ^2 + TIJ^2)^1/2 + DJ) / 2 + PE
    Total System Jitter     (TSJ):    0.050ns
    Total Input Jitter      (TIJ):    0.469ns
    Discrete Jitter          (DJ):    0.000ns
    Phase Error              (PE):    0.000ns

    Location             Delay type                Incr(ns)  Path(ns)    Netlist Resource(s)
  -------------------------------------------------------------------    -------------------
    H15                                               0.000     0.000 r  tfdu_rxd_i[2] (IN)
                         net (fo=0)                   0.000     0.000    tfdu_rxd_i[2]
    H15                  IBUF (Prop_ibuf_I_O)         1.431     1.431 r  tfdu_rxd_i_IBUF[2]_inst/O
                         net (fo=1, routed)           2.648     4.080    p10_ps_system_i/p10_endpoint_0/inst/impl/u_transport/g_physical[2].u_a_phy/tfdu_rxd_i[0]
    SLICE_X65Y141        FDSE                                         r  p10_ps_system_i/p10_endpoint_0/inst/impl/u_transport/g_physical[2].u_a_phy/rxd_ff1_reg/D
  -------------------------------------------------------------------    -------------------

                         (clock clk_fpga_0 rise edge)
                                                      0.000     0.000 r  
    PS7_X0Y0             PS7                          0.000     0.000 r  p10_ps_system_i/processing_system7_0/inst/PS7_i/FCLKCLK[0]
                         net (fo=1, routed)           0.905     0.905    p10_ps_system_i/processing_system7_0/inst/FCLK_CLK_unbuffered[0]
    BUFGCTRL_X0Y18       BUFG (Prop_bufg_I_O)         0.077     0.982 r  p10_ps_system_i/processing_system7_0/inst/buffer_fclk_clk_0.FCLK_CLK_0_BUFG/O
                         net (fo=26123, routed)       1.443     2.425    p10_ps_system_i/p10_endpoint_0/inst/impl/u_transport/g_physical[2].u_a_phy/s_axi_aclk
    SLICE_X65Y141        FDSE                                         r  p10_ps_system_i/p10_endpoint_0/inst/impl/u_transport/g_physical[2].u_a_phy/rxd_ff1_reg/C





Min Delay Paths
--------------------------------------------------------------------------------------
Slack:                    inf
  Source:                 tfdu_rxd_i[1]
                            (input port)
  Destination:            p10_ps_system_i/p10_endpoint_0/inst/impl/u_transport/g_physical[1].u_a_phy/rxd_ff1_reg/D
                            (rising edge-triggered cell FDSE clocked by clk_fpga_0  {rise@0.000ns fall@7.813ns period=15.625ns})
  Path Group:             (none)
  Path Type:              Hold (Min at Fast Process Corner)
  Data Path Delay:        0.865ns  (logic 0.336ns (38.839%)  route 0.529ns (61.161%))
  Logic Levels:           1  (IBUF=1)
  Clock Path Skew:        1.244ns (DCD - SCD - CPR)
    Destination Clock Delay (DCD):    1.244ns
    Source Clock Delay      (SCD):    0.000ns
    Clock Pessimism Removal (CPR):    -0.000ns

    Location             Delay type                Incr(ns)  Path(ns)    Netlist Resource(s)
  -------------------------------------------------------------------    -------------------
    U13                                               0.000     0.000 r  tfdu_rxd_i[1] (IN)
                         net (fo=0)                   0.000     0.000    tfdu_rxd_i[1]
    U13                  IBUF (Prop_ibuf_I_O)         0.336     0.336 r  tfdu_rxd_i_IBUF[1]_inst/O
                         net (fo=1, routed)           0.529     0.865    p10_ps_system_i/p10_endpoint_0/inst/impl/u_transport/g_physical[1].u_a_phy/tfdu_rxd_i[0]
    SLICE_X104Y92        FDSE                                         r  p10_ps_system_i/p10_endpoint_0/inst/impl/u_transport/g_physical[1].u_a_phy/rxd_ff1_reg/D
  -------------------------------------------------------------------    -------------------

                         (clock clk_fpga_0 rise edge)
                                                      0.000     0.000 r  
    PS7_X0Y0             PS7                          0.000     0.000 r  p10_ps_system_i/processing_system7_0/inst/PS7_i/FCLKCLK[0]
                         net (fo=1, routed)           0.337     0.337    p10_ps_system_i/processing_system7_0/inst/FCLK_CLK_unbuffered[0]
    BUFGCTRL_X0Y18       BUFG (Prop_bufg_I_O)         0.029     0.366 r  p10_ps_system_i/processing_system7_0/inst/buffer_fclk_clk_0.FCLK_CLK_0_BUFG/O
                         net (fo=26123, routed)       0.878     1.244    p10_ps_system_i/p10_endpoint_0/inst/impl/u_transport/g_physical[1].u_a_phy/s_axi_aclk
    SLICE_X104Y92        FDSE                                         r  p10_ps_system_i/p10_endpoint_0/inst/impl/u_transport/g_physical[1].u_a_phy/rxd_ff1_reg/C





