stage,label,direction,lane_mask,requested_useful_bytes,encoded_transfer_bytes,sender_role,elapsed_ticks,timer_frequency_hz,elapsed_seconds,reported_legacy_bps,recomputed_encoded_ps_command_bps,recomputed_useful_ps_command_bps,measurement_class,diagnostic_only,eligible_for_scaling,source_path,source_sha256
P10-C,rate4_lane0_f_to_r_short,F_TO_R,1,31,31,fixed,529761,333333343,0.0015892829539107943,156045.21484971524,156045.21484971524,156045.21484971524,OBJECT_SINGLE,False,False,evidence/hardware/p10/p10_formal_20260730T181535Z_03/stages/p10_c/stage_summary.json,3a10f3ff157b21084f68934996b837947d00117888cbdc38a00fb6ef2e3d2c06
P10-C,rate4_lane0_f_to_r_prbs247,F_TO_R,1,247,247,fixed,937628,333333343,0.002812883918426366,702481.8859590371,702481.8859590371,702481.8859590371,OBJECT_SINGLE,False,False,evidence/hardware/p10/p10_formal_20260730T181535Z_03/stages/p10_c/stage_summary.json,3a10f3ff157b21084f68934996b837947d00117888cbdc38a00fb6ef2e3d2c06
P10-C,rate4_lane0_f_to_r_counter247,F_TO_R,1,247,247,fixed,907149,333333343,0.002721446921078039,726084.3431101175,726084.3431101175,726084.3431101175,OBJECT_SINGLE,False,False,evidence/hardware/p10/p10_formal_20260730T181535Z_03/stages/p10_c/stage_summary.json,3a10f3ff157b21084f68934996b837947d00117888cbdc38a00fb6ef2e3d2c06
P10-C,rate4_lane0_f_to_r_100f,F_TO_R,1,24700,24700,fixed,83218985,333333343,0.2496569477599485,791486.0842967504,791486.0842967504,791486.0842967504,OBJECT_SINGLE,False,False,evidence/hardware/p10/p10_formal_20260730T181535Z_03/stages/p10_c/stage_summary.json,3a10f3ff157b21084f68934996b837947d00117888cbdc38a00fb6ef2e3d2c06
P10-C,rate4_lane0_f_to_r_10000f,F_TO_R,1,2470000,2470000,fixed,8304163416,333333343,24.912489525537804,793176.4498985144,793176.4498985144,793176.4498985144,OBJECT_SINGLE,False,False,evidence/hardware/p10/p10_formal_20260730T181535Z_03/stages/p10_c/stage_summary.json,3a10f3ff157b21084f68934996b837947d00117888cbdc38a00fb6ef2e3d2c06
P10-C,rate4_lane0_r_to_f_short,R_TO_F,1,31,31,rotating,498963,333333343,0.0014968889565902203,165676.9521267108,165676.9521267108,165676.9521267108,OBJECT_SINGLE,False,False,evidence/hardware/p10/p10_formal_20260730T181535Z_03/stages/p10_c/stage_summary.json,3a10f3ff157b21084f68934996b837947d00117888cbdc38a00fb6ef2e3d2c06
P10-C,rate4_lane0_r_to_f_prbs247,R_TO_F,1,247,247,rotating,940085,333333343,0.0028202549182126074,700645.8839019876,700645.8839019876,700645.8839019876,OBJECT_SINGLE,False,False,evidence/hardware/p10/p10_formal_20260730T181535Z_03/stages/p10_c/stage_summary.json,3a10f3ff157b21084f68934996b837947d00117888cbdc38a00fb6ef2e3d2c06
P10-C,rate4_lane0_r_to_f_counter247,R_TO_F,1,247,247,rotating,906902,333333343,0.002720705921099528,726282.0963764553,726282.0963764553,726282.0963764553,OBJECT_SINGLE,False,False,evidence/hardware/p10/p10_formal_20260730T181535Z_03/stages/p10_c/stage_summary.json,3a10f3ff157b21084f68934996b837947d00117888cbdc38a00fb6ef2e3d2c06
P10-C,rate4_lane0_r_to_f_100f,R_TO_F,1,24700,24700,rotating,83207691,333333343,0.2496230657609311,791593.514796607,791593.514796607,791593.514796607,OBJECT_SINGLE,False,False,evidence/hardware/p10/p10_formal_20260730T181535Z_03/stages/p10_c/stage_summary.json,3a10f3ff157b21084f68934996b837947d00117888cbdc38a00fb6ef2e3d2c06
P10-C,rate4_lane0_r_to_f_10000f,R_TO_F,1,2470000,2470000,rotating,8304064603,333333343,24.9121930865464,793185.8881854607,793185.8881854607,793185.8881854607,OBJECT_SINGLE,False,False,evidence/hardware/p10/p10_formal_20260730T181535Z_03/stages/p10_c/stage_summary.json,3a10f3ff157b21084f68934996b837947d00117888cbdc38a00fb6ef2e3d2c06
P10-C,rate4_lane1_f_to_r_short,F_TO_R,2,31,31,fixed,497715,333333343,0.0014931449566987962,166092.3803059984,166092.3803059984,166092.3803059984,OBJECT_SINGLE,False,False,evidence/hardware/p10/p10_formal_20260730T181535Z_03/stages/p10_c/stage_summary.json,3a10f3ff157b21084f68934996b837947d00117888cbdc38a00fb6ef2e3d2c06
P10-C,rate4_lane1_f_to_r_prbs247,F_TO_R,2,247,247,fixed,938295,333333343,0.0028148849183683372,701982.5169781359,701982.5169781359,701982.5169781359,OBJECT_SINGLE,False,False,evidence/hardware/p10/p10_formal_20260730T181535Z_03/stages/p10_c/stage_summary.json,3a10f3ff157b21084f68934996b837947d00117888cbdc38a00fb6ef2e3d2c06
P10-C,rate4_lane1_f_to_r_counter247,F_TO_R,2,247,247,fixed,906788,333333343,0.0027203639211094465,726373.4034504206,726373.4034504206,726373.4034504206,OBJECT_SINGLE,False,False,evidence/hardware/p10/p10_formal_20260730T181535Z_03/stages/p10_c/stage_summary.json,3a10f3ff157b21084f68934996b837947d00117888cbdc38a00fb6ef2e3d2c06
P10-C,rate4_lane1_f_to_r_100f,F_TO_R,2,24700,24700,fixed,83207393,333333343,0.24962217176095702,791596.3498195406,791596.3498195406,791596.3498195406,OBJECT_SINGLE,False,False,evidence/hardware/p10/p10_formal_20260730T181535Z_03/stages/p10_c/stage_summary.json,3a10f3ff157b21084f68934996b837947d00117888cbdc38a00fb6ef2e3d2c06
P10-C,rate4_lane1_f_to_r_10000f,F_TO_R,2,2470000,2470000,fixed,8304187622,333333343,24.9125621435357,793174.1378566844,793174.1378566844,793174.1378566844,OBJECT_SINGLE,False,False,evidence/hardware/p10/p10_formal_20260730T181535Z_03/stages/p10_c/stage_summary.json,3a10f3ff157b21084f68934996b837947d00117888cbdc38a00fb6ef2e3d2c06
P10-C,rate4_lane1_r_to_f_short,R_TO_F,2,31,31,rotating,497718,333333343,0.0014931539566985352,166091.37918258933,166091.37918258933,166091.37918258933,OBJECT_SINGLE,False,False,evidence/hardware/p10/p10_formal_20260730T181535Z_03/stages/p10_c/stage_summary.json,3a10f3ff157b21084f68934996b837947d00117888cbdc38a00fb6ef2e3d2c06
P10-C,rate4_lane1_r_to_f_prbs247,R_TO_F,2,247,247,rotating,939289,333333343,0.0028178669182818594,701239.6459108965,701239.6459108965,701239.6459108965,OBJECT_SINGLE,False,False,evidence/hardware/p10/p10_formal_20260730T181535Z_03/stages/p10_c/stage_summary.json,3a10f3ff157b21084f68934996b837947d00117888cbdc38a00fb6ef2e3d2c06
P10-C,rate4_lane1_r_to_f_counter247,R_TO_F,2,247,247,rotating,908395,333333343,0.002725184920969637,725088.4095222893,725088.4095222893,725088.4095222893,OBJECT_SINGLE,False,False,evidence/hardware/p10/p10_formal_20260730T181535Z_03/stages/p10_c/stage_summary.json,3a10f3ff157b21084f68934996b837947d00117888cbdc38a00fb6ef2e3d2c06
P10-C,rate4_lane1_r_to_f_100f,R_TO_F,2,24700,24700,rotating,83230509,333333343,0.24969151975894593,791376.4960490629,791376.4960490629,791376.4960490629,OBJECT_SINGLE,False,False,evidence/hardware/p10/p10_formal_20260730T181535Z_03/stages/p10_c/stage_summary.json,3a10f3ff157b21084f68934996b837947d00117888cbdc38a00fb6ef2e3d2c06
P10-C,rate4_lane1_r_to_f_10000f,R_TO_F,2,2470000,2470000,rotating,8304129160,333333343,24.912386757540784,793179.7218915126,793179.7218915126,793179.7218915126,OBJECT_SINGLE,False,False,evidence/hardware/p10/p10_formal_20260730T181535Z_03/stages/p10_c/stage_summary.json,3a10f3ff157b21084f68934996b837947d00117888cbdc38a00fb6ef2e3d2c06
P10-C,rate4_two_lane_f_to_r_10000f,F_TO_R,3,2470000,2470000,fixed,5979580957,333333343,17.938742350776472,1101526.4957604285,1101526.4957604285,1101526.4957604285,OBJECT_SINGLE,False,False,evidence/hardware/p10/p10_formal_20260730T181535Z_03/stages/p10_c/stage_summary.json,3a10f3ff157b21084f68934996b837947d00117888cbdc38a00fb6ef2e3d2c06
P10-C,rate4_two_lane_r_to_f_10000f,R_TO_F,3,2470000,2470000,rotating,5979465731,333333343,17.938396672786496,1101547.7224883188,1101547.7224883188,1101547.7224883188,OBJECT_SINGLE,False,False,evidence/hardware/p10/p10_formal_20260730T181535Z_03/stages/p10_c/stage_summary.json,3a10f3ff157b21084f68934996b837947d00117888cbdc38a00fb6ef2e3d2c06
P10-D,sr_lane0_f_to_r,F_TO_R,1,31616,31616,fixed,106493800,333333343,0.31948139073503967,791683.0442551961,791683.0442551961,791683.0442551961,OBJECT_SINGLE,False,False,evidence/hardware/p10/p10_formal_20260730T181535Z_03/stages/p10_d/stage_summary.json,622d8ed1be39346c9275d0e9e16291d875ade8941c72c28ba453cae6b066949d
P10-D,sr_lane0_r_to_f,R_TO_F,1,31616,31616,rotating,106449122,333333343,0.31934735673892667,792015.3233232304,792015.3233232304,792015.3233232304,OBJECT_SINGLE,False,False,evidence/hardware/p10/p10_formal_20260730T181535Z_03/stages/p10_d/stage_summary.json,622d8ed1be39346c9275d0e9e16291d875ade8941c72c28ba453cae6b066949d
P10-D,sr_lane1_f_to_r,F_TO_R,2,31616,31616,fixed,106462814,333333343,0.31938843273773543,791913.4635902448,791913.4635902448,791913.4635902448,OBJECT_SINGLE,False,False,evidence/hardware/p10/p10_formal_20260730T181535Z_03/stages/p10_d/stage_summary.json,622d8ed1be39346c9275d0e9e16291d875ade8941c72c28ba453cae6b066949d
P10-D,sr_lane1_r_to_f,R_TO_F,2,31616,31616,rotating,106451443,333333343,0.31935431973872475,791998.0547215692,791998.0547215692,791998.0547215692,OBJECT_SINGLE,False,False,evidence/hardware/p10/p10_formal_20260730T181535Z_03/stages/p10_d/stage_summary.json,622d8ed1be39346c9275d0e9e16291d875ade8941c72c28ba453cae6b066949d
P10-D,sr_wrap_f_to_r,F_TO_R,3,23712,23712,fixed,57705369,333333343,0.17311610197963304,1095773.2864289975,1095773.2864289975,1095773.2864289975,OBJECT_SINGLE,False,False,evidence/hardware/p10/p10_formal_20260730T181535Z_03/stages/p10_d/stage_summary.json,622d8ed1be39346c9275d0e9e16291d875ade8941c72c28ba453cae6b066949d
P10-D,sr_wrap_r_to_f,R_TO_F,3,23712,23712,rotating,57720198,333333343,0.1731605889783429,1095491.769340916,1095491.769340916,1095491.769340916,OBJECT_SINGLE,False,False,evidence/hardware/p10/p10_formal_20260730T181535Z_03/stages/p10_d/stage_summary.json,622d8ed1be39346c9275d0e9e16291d875ade8941c72c28ba453cae6b066949d
P10-D,sack_ack_aggregation,F_TO_R,3,63232,63232,fixed,153414396,333333343,0.46024317465294795,1099105.924561395,1099105.924561395,1099105.924561395,OBJECT_SINGLE,False,False,evidence/hardware/p10/p10_formal_20260730T181535Z_03/stages/p10_d/stage_summary.json,622d8ed1be39346c9275d0e9e16291d875ade8941c72c28ba453cae6b066949d
P10-D,loss_recovery_data,R_TO_F,3,63232,63232,rotating,167107682,333333343,0.501323031461632,1009042.0113457621,1009042.0113457621,1009042.0113457621,OBJECT_SINGLE,False,False,evidence/hardware/p10/p10_formal_20260730T181535Z_03/stages/p10_d/stage_summary.json,622d8ed1be39346c9275d0e9e16291d875ade8941c72c28ba453cae6b066949d
P10-D,loss_recovery_ack,F_TO_R,3,63232,63232,fixed,153376539,333333343,0.4601296036562415,1099377.2102042802,1099377.2102042802,1099377.2102042802,OBJECT_SINGLE,False,False,evidence/hardware/p10/p10_formal_20260730T181535Z_03/stages/p10_d/stage_summary.json,622d8ed1be39346c9275d0e9e16291d875ade8941c72c28ba453cae6b066949d
P10-D,duplicate_recovery,R_TO_F,3,63232,63232,rotating,153396119,333333343,0.46018834365453803,1099236.8819748822,1099236.8819748822,1099236.8819748822,OBJECT_SINGLE,False,False,evidence/hardware/p10/p10_formal_20260730T181535Z_03/stages/p10_d/stage_summary.json,622d8ed1be39346c9275d0e9e16291d875ade8941c72c28ba453cae6b066949d
P10-D,reorder_recovery,F_TO_R,3,63232,63232,fixed,153372401,333333343,0.4601171896566015,1099406.8714918795,1099406.8714918795,1099406.8714918795,OBJECT_SINGLE,False,False,evidence/hardware/p10/p10_formal_20260730T181535Z_03/stages/p10_d/stage_summary.json,622d8ed1be39346c9275d0e9e16291d875ade8941c72c28ba453cae6b066949d
P10-D,stale_session_rejection,R_TO_F,3,23712,23712,rotating,168355453,333333343,0.5050663443530761,375586.3009303773,375586.3009303773,375586.3009303773,OBJECT_SINGLE,False,False,evidence/hardware/p10/p10_formal_20260730T181535Z_03/stages/p10_d/stage_summary.json,622d8ed1be39346c9275d0e9e16291d875ade8941c72c28ba453cae6b066949d
P10-D,stale_path_rejection,F_TO_R,3,23712,23712,fixed,168344692,333333343,0.5050340613540122,375610.3093154134,375610.3093154134,375610.3093154134,OBJECT_SINGLE,False,False,evidence/hardware/p10/p10_formal_20260730T181535Z_03/stages/p10_d/stage_summary.json,622d8ed1be39346c9275d0e9e16291d875ade8941c72c28ba453cae6b066949d
P10-E,dma_size_1,F_TO_R,3,1,1,fixed,462332,333333343,0.0013869959597771172,5767.861069534447,5767.861069534447,5767.861069534447,DIAGNOSTIC_MICROTRANSFER,True,False,evidence/hardware/p10/p10_formal_20260730T181535Z_03/stages/p10_e/stage_summary.json,60a21256df4c353eb50dcfd3f5000aa17ddcfec30fdb21346126e1320e0e182f
P10-E,dma_size_2,R_TO_F,3,2,2,rotating,463137,333333343,0.0013894109597070822,11515.671362901257,11515.671362901257,11515.671362901257,OBJECT_SINGLE,False,False,evidence/hardware/p10/p10_formal_20260730T181535Z_03/stages/p10_e/stage_summary.json,60a21256df4c353eb50dcfd3f5000aa17ddcfec30fdb21346126e1320e0e182f
P10-E,dma_size_3,F_TO_R,3,3,3,fixed,462434,333333343,0.0013873019597682433,17299.766522357786,17299.766522357786,17299.766522357786,OBJECT_SINGLE,False,False,evidence/hardware/p10/p10_formal_20260730T181535Z_03/stages/p10_e/stage_summary.json,60a21256df4c353eb50dcfd3f5000aa17ddcfec30fdb21346126e1320e0e182f
P10-E,dma_size_4,R_TO_F,3,4,4,rotating,463074,333333343,0.0013892219597125633,23034.476079417112,23034.476079417112,23034.476079417112,OBJECT_SINGLE,False,False,evidence/hardware/p10/p10_formal_20260730T181535Z_03/stages/p10_e/stage_summary.json,60a21256df4c353eb50dcfd3f5000aa17ddcfec30fdb21346126e1320e0e182f
P10-E,dma_size_31,F_TO_R,3,31,31,fixed,500887,333333343,0.0015026609564228323,165040.5561813343,165040.5561813343,165040.5561813343,OBJECT_SINGLE,False,False,evidence/hardware/p10/p10_formal_20260730T181535Z_03/stages/p10_e/stage_summary.json,60a21256df4c353eb50dcfd3f5000aa17ddcfec30fdb21346126e1320e0e182f
P10-E,dma_size_32,R_TO_F,3,32,32,rotating,501026,333333343,0.0015030779564107392,170317.18076107826,170317.18076107826,170317.18076107826,OBJECT_SINGLE,False,False,evidence/hardware/p10/p10_formal_20260730T181535Z_03/stages/p10_e/stage_summary.json,60a21256df4c353eb50dcfd3f5000aa17ddcfec30fdb21346126e1320e0e182f
P10-E,dma_size_63,F_TO_R,3,63,63,fixed,587856,333333343,0.0017635679488565295,285784.28198742546,285784.28198742546,285784.28198742546,OBJECT_SINGLE,False,False,evidence/hardware/p10/p10_formal_20260730T181535Z_03/stages/p10_e/stage_summary.json,60a21256df4c353eb50dcfd3f5000aa17ddcfec30fdb21346126e1320e0e182f
P10-E,dma_size_64,R_TO_F,3,64,64,rotating,588098,333333343,0.0017642939488354756,290201.07467802987,290201.07467802987,290201.07467802987,OBJECT_SINGLE,False,False,evidence/hardware/p10/p10_formal_20260730T181535Z_03/stages/p10_e/stage_summary.json,60a21256df4c353eb50dcfd3f5000aa17ddcfec30fdb21346126e1320e0e182f
P10-E,dma_size_247,F_TO_R,3,247,247,fixed,939128,333333343,0.0028173839182958666,701359.8633711273,701359.8633711273,701359.8633711273,OBJECT_SINGLE,False,False,evidence/hardware/p10/p10_formal_20260730T181535Z_03/stages/p10_e/stage_summary.json,60a21256df4c353eb50dcfd3f5000aa17ddcfec30fdb21346126e1320e0e182f
P10-E,dma_size_256,R_TO_F,3,256,256,rotating,1024163,333333343,0.0030724889108978215,666560.5830946831,666560.5830946831,666560.5830946831,OBJECT_SINGLE,False,False,evidence/hardware/p10/p10_formal_20260730T181535Z_03/stages/p10_e/stage_summary.json,60a21256df4c353eb50dcfd3f5000aa17ddcfec30fdb21346126e1320e0e182f
P10-E,dma_size_1024,F_TO_R,3,1024,1024,fixed,2904691,333333343,0.00871407274729189,940088.548439748,940088.548439748,940088.548439748,OBJECT_SINGLE,False,False,evidence/hardware/p10/p10_formal_20260730T181535Z_03/stages/p10_e/stage_summary.json,60a21256df4c353eb50dcfd3f5000aa17ddcfec30fdb21346126e1320e0e182f
P10-E,dma_size_4096,R_TO_F,3,4096,4096,rotating,10326255,333333343,0.03097876410161584,1057756.8521621828,1057756.8521621828,1057756.8521621828,OBJECT_SINGLE,False,False,evidence/hardware/p10/p10_formal_20260730T181535Z_03/stages/p10_e/stage_summary.json,60a21256df4c353eb50dcfd3f5000aa17ddcfec30fdb21346126e1320e0e182f
P10-E,dma_size_65536,F_TO_R,3,65536,65536,fixed,158976285,333333343,0.4769288411690636,1099300.2618899038,1099300.2618899038,1099300.2618899038,OBJECT_SINGLE,False,False,evidence/hardware/p10/p10_formal_20260730T181535Z_03/stages/p10_e/stage_summary.json,60a21256df4c353eb50dcfd3f5000aa17ddcfec30fdb21346126e1320e0e182f
P10-E,dma_size_1048576,R_TO_F,3,1048576,1048576,rotating,2538131280,333333343,7.614393619182585,1101677.7460606939,1101677.7460606939,1101677.7460606939,OBJECT_SINGLE,False,False,evidence/hardware/p10/p10_formal_20260730T181535Z_03/stages/p10_e/stage_summary.json,60a21256df4c353eb50dcfd3f5000aa17ddcfec30fdb21346126e1320e0e182f
P10-E,dma_cache_off_fixed_tx,F_TO_R,3,65536,65536,fixed,158899987,333333343,0.4766999471757015,1099828.1059317142,1099828.1059317142,1099828.1059317142,OBJECT_SINGLE,False,False,evidence/hardware/p10/p10_formal_20260730T181535Z_03/stages/p10_e/stage_summary.json,60a21256df4c353eb50dcfd3f5000aa17ddcfec30fdb21346126e1320e0e182f
P10-E,dma_cache_off_rotating_tx,R_TO_F,3,65536,65536,rotating,158843667,333333343,0.4765309871806014,1100218.0636813426,1100218.0636813426,1100218.0636813426,OBJECT_SINGLE,False,False,evidence/hardware/p10/p10_formal_20260730T181535Z_03/stages/p10_e/stage_summary.json,60a21256df4c353eb50dcfd3f5000aa17ddcfec30fdb21346126e1320e0e182f
P10-E,dma_misaligned,F_TO_R,3,4096,4096,fixed,10339690,333333343,0.031019069100446998,1056382.4431316606,1056382.4431316606,1056382.4431316606,OBJECT_SINGLE,False,False,evidence/hardware/p10/p10_formal_20260730T181535Z_03/stages/p10_e/stage_summary.json,60a21256df4c353eb50dcfd3f5000aa17ddcfec30fdb21346126e1320e0e182f
P10-E,dma_ring32_wrap_00,F_TO_R,3,1,1,fixed,460876,333333343,0.0013826279599037893,5786.08290299343,5786.08290299343,5786.08290299343,DIAGNOSTIC_MICROTRANSFER,True,False,evidence/hardware/p10/p10_formal_20260730T181535Z_03/stages/p10_e/stage_summary.json,60a21256df4c353eb50dcfd3f5000aa17ddcfec30fdb21346126e1320e0e182f
P10-E,dma_ring32_wrap_01,R_TO_F,3,1,1,rotating,460728,333333343,0.0013821839599166652,5787.9415707315375,5787.9415707315375,5787.9415707315375,DIAGNOSTIC_MICROTRANSFER,True,False,evidence/hardware/p10/p10_formal_20260730T181535Z_03/stages/p10_e/stage_summary.json,60a21256df4c353eb50dcfd3f5000aa17ddcfec30fdb21346126e1320e0e182f
P10-E,dma_ring32_wrap_02,F_TO_R,3,1,1,fixed,460804,333333343,0.0013824119599100532,5786.986970599213,5786.986970599213,5786.986970599213,DIAGNOSTIC_MICROTRANSFER,True,False,evidence/hardware/p10/p10_formal_20260730T181535Z_03/stages/p10_e/stage_summary.json,60a21256df4c353eb50dcfd3f5000aa17ddcfec30fdb21346126e1320e0e182f
P10-E,dma_ring32_wrap_03,R_TO_F,3,1,1,rotating,460716,333333343,0.0013821479599177091,5788.092325858012,5788.092325858012,5788.092325858012,DIAGNOSTIC_MICROTRANSFER,True,False,evidence/hardware/p10/p10_formal_20260730T181535Z_03/stages/p10_e/stage_summary.json,60a21256df4c353eb50dcfd3f5000aa17ddcfec30fdb21346126e1320e0e182f
P10-E,dma_ring32_wrap_04,F_TO_R,3,1,1,fixed,460902,333333343,0.001382705959901527,5785.756503551731,5785.756503551731,5785.756503551731,DIAGNOSTIC_MICROTRANSFER,True,False,evidence/hardware/p10/p10_formal_20260730T181535Z_03/stages/p10_e/stage_summary.json,60a21256df4c353eb50dcfd3f5000aa17ddcfec30fdb21346126e1320e0e182f
P10-E,dma_ring32_wrap_05,R_TO_F,3,1,1,rotating,460748,333333343,0.0013822439599149251,5787.690329637893,5787.690329637893,5787.690329637893,DIAGNOSTIC_MICROTRANSFER,True,False,evidence/hardware/p10/p10_formal_20260730T181535Z_03/stages/p10_e/stage_summary.json,60a21256df4c353eb50dcfd3f5000aa17ddcfec30fdb21346126e1320e0e182f
P10-E,dma_ring32_wrap_06,F_TO_R,3,1,1,fixed,460817,333333343,0.0013824509599089222,5786.823715270921,5786.823715270921,5786.823715270921,DIAGNOSTIC_MICROTRANSFER,True,False,evidence/hardware/p10/p10_formal_20260730T181535Z_03/stages/p10_e/stage_summary.json,60a21256df4c353eb50dcfd3f5000aa17ddcfec30fdb21346126e1320e0e182f
P10-E,dma_ring32_wrap_07,R_TO_F,3,1,1,rotating,460785,333333343,0.0013823549599117062,5787.225591110821,5787.225591110821,5787.225591110821,DIAGNOSTIC_MICROTRANSFER,True,False,evidence/hardware/p10/p10_formal_20260730T181535Z_03/stages/p10_e/stage_summary.json,60a21256df4c353eb50dcfd3f5000aa17ddcfec30fdb21346126e1320e0e182f
P10-E,dma_ring32_wrap_08,F_TO_R,3,1,1,fixed,460764,333333343,0.0013822919599135331,5787.489352466772,5787.489352466772,5787.489352466772,DIAGNOSTIC_MICROTRANSFER,True,False,evidence/hardware/p10/p10_formal_20260730T181535Z_03/stages/p10_e/stage_summary.json,60a21256df4c353eb50dcfd3f5000aa17ddcfec30fdb21346126e1320e0e182f
P10-E,dma_ring32_wrap_09,R_TO_F,3,1,1,rotating,460777,333333343,0.0013823309599124021,5787.326068792496,5787.326068792496,5787.326068792496,DIAGNOSTIC_MICROTRANSFER,True,False,evidence/hardware/p10/p10_formal_20260730T181535Z_03/stages/p10_e/stage_summary.json,60a21256df4c353eb50dcfd3f5000aa17ddcfec30fdb21346126e1320e0e182f
P10-E,dma_ring32_wrap_10,F_TO_R,3,1,1,fixed,460772,333333343,0.0013823159599128372,5787.388869115311,5787.388869115311,5787.388869115311,DIAGNOSTIC_MICROTRANSFER,True,False,evidence/hardware/p10/p10_formal_20260730T181535Z_03/stages/p10_e/stage_summary.json,60a21256df4c353eb50dcfd3f5000aa17ddcfec30fdb21346126e1320e0e182f
P10-E,dma_ring32_wrap_11,R_TO_F,3,1,1,rotating,460820,333333343,0.0013824599599086612,5786.786042272471,5786.786042272471,5786.786042272471,DIAGNOSTIC_MICROTRANSFER,True,False,evidence/hardware/p10/p10_formal_20260730T181535Z_03/stages/p10_e/stage_summary.json,60a21256df4c353eb50dcfd3f5000aa17ddcfec30fdb21346126e1320e0e182f
P10-E,dma_ring32_wrap_12,F_TO_R,3,1,1,fixed,460801,333333343,0.0013824029599103142,5787.024646213876,5787.024646213876,5787.024646213876,DIAGNOSTIC_MICROTRANSFER,True,False,evidence/hardware/p10/p10_formal_20260730T181535Z_03/stages/p10_e/stage_summary.json,60a21256df4c353eb50dcfd3f5000aa17ddcfec30fdb21346126e1320e0e182f
P10-E,dma_ring32_wrap_13,R_TO_F,3,1,1,rotating,460867,333333343,0.0013826009599045722,5786.195895996025,5786.195895996025,5786.195895996025,DIAGNOSTIC_MICROTRANSFER,True,False,evidence/hardware/p10/p10_formal_20260730T181535Z_03/stages/p10_e/stage_summary.json,60a21256df4c353eb50dcfd3f5000aa17ddcfec30fdb21346126e1320e0e182f
P10-E,dma_ring32_wrap_14,F_TO_R,3,1,1,fixed,460793,333333343,0.0013823789599110101,5787.125116918009,5787.125116918009,5787.125116918009,DIAGNOSTIC_MICROTRANSFER,True,False,evidence/hardware/p10/p10_formal_20260730T181535Z_03/stages/p10_e/stage_summary.json,60a21256df4c353eb50dcfd3f5000aa17ddcfec30fdb21346126e1320e0e182f
P10-E,dma_ring32_wrap_15,R_TO_F,3,1,1,rotating,460838,333333343,0.0013825139599070951,5786.560014582131,5786.560014582131,5786.560014582131,DIAGNOSTIC_MICROTRANSFER,True,False,evidence/hardware/p10/p10_formal_20260730T181535Z_03/stages/p10_e/stage_summary.json,60a21256df4c353eb50dcfd3f5000aa17ddcfec30fdb21346126e1320e0e182f
P10-E,dma_ring32_wrap_16,F_TO_R,3,1,1,fixed,460709,333333343,0.0013821269599183182,5788.180269975191,5788.180269975191,5788.180269975191,DIAGNOSTIC_MICROTRANSFER,True,False,evidence/hardware/p10/p10_formal_20260730T181535Z_03/stages/p10_e/stage_summary.json,60a21256df4c353eb50dcfd3f5000aa17ddcfec30fdb21346126e1320e0e182f
P10-E,dma_ring32_wrap_17,R_TO_F,3,1,1,rotating,460802,333333343,0.0013824059599102272,5787.012087621148,5787.012087621148,5787.012087621148,DIAGNOSTIC_MICROTRANSFER,True,False,evidence/hardware/p10/p10_formal_20260730T181535Z_03/stages/p10_e/stage_summary.json,60a21256df4c353eb50dcfd3f5000aa17ddcfec30fdb21346126e1320e0e182f
P10-E,dma_ring32_wrap_18,F_TO_R,3,1,1,fixed,460762,333333343,0.0013822859599137071,5787.51447384984,5787.51447384984,5787.51447384984,DIAGNOSTIC_MICROTRANSFER,True,False,evidence/hardware/p10/p10_formal_20260730T181535Z_03/stages/p10_e/stage_summary.json,60a21256df4c353eb50dcfd3f5000aa17ddcfec30fdb21346126e1320e0e182f
P10-E,dma_ring32_wrap_19,R_TO_F,3,1,1,rotating,460731,333333343,0.0013821929599164041,5787.903883176951,5787.903883176951,5787.903883176951,DIAGNOSTIC_MICROTRANSFER,True,False,evidence/hardware/p10/p10_formal_20260730T181535Z_03/stages/p10_e/stage_summary.json,60a21256df4c353eb50dcfd3f5000aa17ddcfec30fdb21346126e1320e0e182f
P10-E,dma_ring32_wrap_20,F_TO_R,3,1,1,fixed,460787,333333343,0.0013823609599115322,5787.200472235545,5787.200472235545,5787.200472235545,DIAGNOSTIC_MICROTRANSFER,True,False,evidence/hardware/p10/p10_formal_20260730T181535Z_03/stages/p10_e/stage_summary.json,60a21256df4c353eb50dcfd3f5000aa17ddcfec30fdb21346126e1320e0e182f
P10-E,dma_ring32_wrap_21,R_TO_F,3,1,1,rotating,460823,333333343,0.0013824689599084001,5786.74836976453,5786.74836976453,5786.74836976453,DIAGNOSTIC_MICROTRANSFER,True,False,evidence/hardware/p10/p10_formal_20260730T181535Z_03/stages/p10_e/stage_summary.json,60a21256df4c353eb50dcfd3f5000aa17ddcfec30fdb21346126e1320e0e182f
P10-E,dma_ring32_wrap_22,F_TO_R,3,1,1,fixed,460777,333333343,0.0013823309599124021,5787.326068792496,5787.326068792496,5787.326068792496,DIAGNOSTIC_MICROTRANSFER,True,False,evidence/hardware/p10/p10_formal_20260730T181535Z_03/stages/p10_e/stage_summary.json,60a21256df4c353eb50dcfd3f5000aa17ddcfec30fdb21346126e1320e0e182f
P10-E,dma_ring32_wrap_23,R_TO_F,3,1,1,rotating,460953,333333343,0.0013828589598970902,5785.116365442897,5785.116365442897,5785.116365442897,DIAGNOSTIC_MICROTRANSFER,True,False,evidence/hardware/p10/p10_formal_20260730T181535Z_03/stages/p10_e/stage_summary.json,60a21256df4c353eb50dcfd3f5000aa17ddcfec30fdb21346126e1320e0e182f
P10-E,dma_ring32_wrap_24,F_TO_R,3,1,1,fixed,460777,333333343,0.0013823309599124021,5787.326068792496,5787.326068792496,5787.326068792496,DIAGNOSTIC_MICROTRANSFER,True,False,evidence/hardware/p10/p10_formal_20260730T181535Z_03/stages/p10_e/stage_summary.json,60a21256df4c353eb50dcfd3f5000aa17ddcfec30fdb21346126e1320e0e182f
P10-E,dma_ring32_wrap_25,R_TO_F,3,1,1,rotating,460835,333333343,0.0013825049599073562,5786.597684637669,5786.597684637669,5786.597684637669,DIAGNOSTIC_MICROTRANSFER,True,False,evidence/hardware/p10/p10_formal_20260730T181535Z_03/stages/p10_e/stage_summary.json,60a21256df4c353eb50dcfd3f5000aa17ddcfec30fdb21346126e1320e0e182f
P10-E,dma_ring32_wrap_26,F_TO_R,3,1,1,fixed,460848,333333343,0.0013825439599062252,5786.4344512724365,5786.4344512724365,5786.4344512724365,DIAGNOSTIC_MICROTRANSFER,True,False,evidence/hardware/p10/p10_formal_20260730T181535Z_03/stages/p10_e/stage_summary.json,60a21256df4c353eb50dcfd3f5000aa17ddcfec30fdb21346126e1320e0e182f
P10-E,dma_ring32_wrap_27,R_TO_F,3,1,1,rotating,460877,333333343,0.0013826309599037022,5786.070348487774,5786.070348487774,5786.070348487774,DIAGNOSTIC_MICROTRANSFER,True,False,evidence/hardware/p10/p10_formal_20260730T181535Z_03/stages/p10_e/stage_summary.json,60a21256df4c353eb50dcfd3f5000aa17ddcfec30fdb21346126e1320e0e182f
P10-E,dma_ring32_wrap_28,F_TO_R,3,1,1,fixed,460842,333333343,0.001382525959906747,5786.509788604338,5786.509788604338,5786.509788604338,DIAGNOSTIC_MICROTRANSFER,True,False,evidence/hardware/p10/p10_formal_20260730T181535Z_03/stages/p10_e/stage_summary.json,60a21256df4c353eb50dcfd3f5000aa17ddcfec30fdb21346126e1320e0e182f
P10-E,dma_ring32_wrap_29,R_TO_F,3,1,1,rotating,460812,333333343,0.001382435959909357,5786.886504691718,5786.886504691718,5786.886504691718,DIAGNOSTIC_MICROTRANSFER,True,False,evidence/hardware/p10/p10_formal_20260730T181535Z_03/stages/p10_e/stage_summary.json,60a21256df4c353eb50dcfd3f5000aa17ddcfec30fdb21346126e1320e0e182f
P10-E,dma_ring32_wrap_30,F_TO_R,3,1,1,fixed,460896,333333343,0.0013826879599020492,5785.831823231271,5785.831823231271,5785.831823231271,DIAGNOSTIC_MICROTRANSFER,True,False,evidence/hardware/p10/p10_formal_20260730T181535Z_03/stages/p10_e/stage_summary.json,60a21256df4c353eb50dcfd3f5000aa17ddcfec30fdb21346126e1320e0e182f
P10-E,dma_ring32_wrap_31,R_TO_F,3,1,1,rotating,460823,333333343,0.0013824689599084001,5786.74836976453,5786.74836976453,5786.74836976453,DIAGNOSTIC_MICROTRANSFER,True,False,evidence/hardware/p10/p10_formal_20260730T181535Z_03/stages/p10_e/stage_summary.json,60a21256df4c353eb50dcfd3f5000aa17ddcfec30fdb21346126e1320e0e182f
P10-E,dma_ring32_wrap_32,F_TO_R,3,1,1,fixed,460794,333333343,0.0013823819599109231,5787.112557889209,5787.112557889209,5787.112557889209,DIAGNOSTIC_MICROTRANSFER,True,False,evidence/hardware/p10/p10_formal_20260730T181535Z_03/stages/p10_e/stage_summary.json,60a21256df4c353eb50dcfd3f5000aa17ddcfec30fdb21346126e1320e0e182f
P10-E,dma_ring32_wrap_33,R_TO_F,3,1,1,rotating,460813,333333343,0.00138243895990927,5786.873946698553,5786.873946698553,5786.873946698553,DIAGNOSTIC_MICROTRANSFER,True,False,evidence/hardware/p10/p10_formal_20260730T181535Z_03/stages/p10_e/stage_summary.json,60a21256df4c353eb50dcfd3f5000aa17ddcfec30fdb21346126e1320e0e182f
P10-E,dma_ring32_wrap_34,F_TO_R,3,1,1,fixed,460767,333333343,0.001382300959913272,5787.451670801077,5787.451670801077,5787.451670801077,DIAGNOSTIC_MICROTRANSFER,True,False,evidence/hardware/p10/p10_formal_20260730T181535Z_03/stages/p10_e/stage_summary.json,60a21256df4c353eb50dcfd3f5000aa17ddcfec30fdb21346126e1320e0e182f
P10-E,dma_ring32_wrap_35,R_TO_F,3,1,1,rotating,460821,333333343,0.0013824629599085742,5786.773484715323,5786.773484715323,5786.773484715323,DIAGNOSTIC_MICROTRANSFER,True,False,evidence/hardware/p10/p10_formal_20260730T181535Z_03/stages/p10_e/stage_summary.json,60a21256df4c353eb50dcfd3f5000aa17ddcfec30fdb21346126e1320e0e182f
P10-E,dma_post_reset_clean,R_TO_F,3,65536,65536,rotating,159002991,333333343,0.4770089591667402,1099115.62440221,1099115.62440221,1099115.62440221,OBJECT_SINGLE,False,False,evidence/hardware/p10/p10_formal_20260730T181535Z_03/stages/p10_e/stage_summary.json,60a21256df4c353eb50dcfd3f5000aa17ddcfec30fdb21346126e1320e0e182f
P10-F,dual_ps_4k_f_to_r,F_TO_R,3,4096,4144,fixed,13317693,333333343,0.03995307784136074,829773.3689413024,829773.3689413024,820162.0943975807,OBJECT_SINGLE,False,False,evidence/hardware/p10/p10_formal_20260730T181535Z_03/stages/p10_f/stage_summary.json,44b6e42a043445ab9f1de8ee66bb8eb66d84662a02bcb2009bef0940d2cc0e8d
P10-F,dual_ps_4k_r_to_f,R_TO_F,3,4096,4144,rotating,13290693,333333343,0.03987207784370974,831459.0508663468,831459.0508663468,821828.2510493621,OBJECT_SINGLE,False,False,evidence/hardware/p10/p10_formal_20260730T181535Z_03/stages/p10_f/stage_summary.json,44b6e42a043445ab9f1de8ee66bb8eb66d84662a02bcb2009bef0940d2cc0e8d
P10-F,dual_ps_64k_f_to_r,F_TO_R,3,65536,65584,fixed,205564094,333333343,0.6166922641159244,850784.1439395346,850784.1439395346,850161.4670837603,OBJECT_SINGLE,False,False,evidence/hardware/p10/p10_formal_20260730T181535Z_03/stages/p10_f/stage_summary.json,44b6e42a043445ab9f1de8ee66bb8eb66d84662a02bcb2009bef0940d2cc0e8d
P10-F,dual_ps_64k_r_to_f,R_TO_F,3,65536,65584,rotating,205559111,333333343,0.6166773151163578,850804.7679701047,850804.7679701047,850182.0760198948,OBJECT_SINGLE,False,False,evidence/hardware/p10/p10_formal_20260730T181535Z_03/stages/p10_f/stage_summary.json,44b6e42a043445ab9f1de8ee66bb8eb66d84662a02bcb2009bef0940d2cc0e8d
P10-F,dual_ps_1m_f_to_r,F_TO_R,3,1048576,1049344,fixed,3282034583,333333343,9.846103463462999,852596.3627288006,852596.3627288006,851972.3595357813,OBJECT_SINGLE,False,False,evidence/hardware/p10/p10_formal_20260730T181535Z_03/stages/p10_f/stage_summary.json,44b6e42a043445ab9f1de8ee66bb8eb66d84662a02bcb2009bef0940d2cc0e8d
P10-F,dual_ps_1m_r_to_f,R_TO_F,3,1048576,1049344,rotating,3281858857,333333343,9.845576285478288,852642.0147068305,852642.0147068305,852017.9781017755,OBJECT_SINGLE,False,False,evidence/hardware/p10/p10_formal_20260730T181535Z_03/stages/p10_f/stage_summary.json,44b6e42a043445ab9f1de8ee66bb8eb66d84662a02bcb2009bef0940d2cc0e8d
P10-F,dual_ps_16m_f_to_r,F_TO_R,3,16777216,16789504,fixed,52545235930,333333343,157.6357032185646,852066.056467985,852066.056467985,851442.4413986013,OBJECT_SINGLE,False,False,evidence/hardware/p10/p10_formal_20260730T181535Z_03/stages/p10_f/stage_summary.json,44b6e42a043445ab9f1de8ee66bb8eb66d84662a02bcb2009bef0940d2cc0e8d
P10-F,dual_ps_16m_r_to_f,R_TO_F,3,16777216,16789504,rotating,52506907253,333333343,157.5207171908992,852688.0425336213,852688.0425336213,852063.9722414523,OBJECT_SINGLE,False,False,evidence/hardware/p10/p10_formal_20260730T181535Z_03/stages/p10_f/stage_summary.json,44b6e42a043445ab9f1de8ee66bb8eb66d84662a02bcb2009bef0940d2cc0e8d
P10-G,reboot_baseline,F_TO_R,3,65536,65536,fixed,159010940,333333343,0.4770328061660486,1099060.6793141654,1099060.6793141654,1099060.6793141654,OBJECT_SINGLE,False,False,evidence/hardware/p10/p10_formal_20260730T181535Z_03/stages/p10_g/stage_summary.json,231654f44dfa300848aaeba2ddddde499b40e4ad956895da78da047b8787954d
P10-G,fixed_reboot_clean,R_TO_F,3,65536,65536,rotating,158980117,333333343,0.47694033716873024,1099273.7647487328,1099273.7647487328,1099273.7647487328,OBJECT_SINGLE,False,False,evidence/hardware/p10/p10_formal_20260730T181535Z_03/stages/p10_g/stage_summary.json,231654f44dfa300848aaeba2ddddde499b40e4ad956895da78da047b8787954d
P10-G,rotating_reboot_clean,F_TO_R,3,65536,65536,fixed,159053679,333333343,0.47716102316233033,1098765.3528893476,1098765.3528893476,1098765.3528893476,OBJECT_SINGLE,False,False,evidence/hardware/p10/p10_formal_20260730T181535Z_03/stages/p10_g/stage_summary.json,231654f44dfa300848aaeba2ddddde499b40e4ad956895da78da047b8787954d
P10-G,reverse_reboot_order_clean,R_TO_F,3,65536,65536,rotating,158999471,333333343,0.47699839916704645,1099139.9571057945,1099139.9571057945,1099139.9571057945,OBJECT_SINGLE,False,False,evidence/hardware/p10/p10_formal_20260730T181535Z_03/stages/p10_g/stage_summary.json,231654f44dfa300848aaeba2ddddde499b40e4ad956895da78da047b8787954d
P10-G,post_pl_reset_clean,F_TO_R,3,65536,65536,fixed,159041982,333333343,0.477125932163348,1098846.1633657457,1098846.1633657457,1098846.1633657457,OBJECT_SINGLE,False,False,evidence/hardware/p10/p10_formal_20260730T181535Z_03/stages/p10_g/stage_summary.json,231654f44dfa300848aaeba2ddddde499b40e4ad956895da78da047b8787954d
P10-G,post_dma_reset_clean,R_TO_F,3,65536,65536,rotating,159016323,333333343,0.4770489551655803,1099023.474054195,1099023.474054195,1099023.474054195,OBJECT_SINGLE,False,False,evidence/hardware/p10/p10_formal_20260730T181535Z_03/stages/p10_g/stage_summary.json,231654f44dfa300848aaeba2ddddde499b40e4ad956895da78da047b8787954d
P10-H,sched_lane0_f_to_r,F_TO_R,1,63232,63232,fixed,212813339,333333343,0.63843999848524,792331.3094420646,792331.3094420646,792331.3094420646,OBJECT_SINGLE,False,False,evidence/hardware/p10/p10_formal_20260730T181535Z_03/stages/p10_h/stage_summary.json,820e6a1bb0615f730231e24635fe0ce3ca0dda8a036dd5ec55dbda27dd78daec
P10-H,sched_lane0_r_to_f,R_TO_F,1,63232,63232,rotating,212780353,333333343,0.6383410404881098,792454.1395821822,792454.1395821822,792454.1395821822,OBJECT_SINGLE,False,False,evidence/hardware/p10/p10_formal_20260730T181535Z_03/stages/p10_h/stage_summary.json,820e6a1bb0615f730231e24635fe0ce3ca0dda8a036dd5ec55dbda27dd78daec
P10-H,sched_lane1_f_to_r,F_TO_R,2,63232,63232,fixed,212739945,333333343,0.6382198164916253,792604.6589727566,792604.6589727566,792604.6589727566,OBJECT_SINGLE,False,False,evidence/hardware/p10/p10_formal_20260730T181535Z_03/stages/p10_h/stage_summary.json,820e6a1bb0615f730231e24635fe0ce3ca0dda8a036dd5ec55dbda27dd78daec
P10-H,sched_lane1_r_to_f,R_TO_F,2,63232,63232,rotating,212724584,333333343,0.6381737334929617,792661.8935430989,792661.8935430989,792661.8935430989,OBJECT_SINGLE,False,False,evidence/hardware/p10/p10_formal_20260730T181535Z_03/stages/p10_h/stage_summary.json,820e6a1bb0615f730231e24635fe0ce3ca0dda8a036dd5ec55dbda27dd78daec
P10-H,sched_equal_f_to_r,F_TO_R,3,126464,126464,fixed,306481347,333333343,0.9194440143361235,1100351.934674889,1100351.934674889,1100351.934674889,OBJECT_SINGLE,False,False,evidence/hardware/p10/p10_formal_20260730T181535Z_03/stages/p10_h/stage_summary.json,820e6a1bb0615f730231e24635fe0ce3ca0dda8a036dd5ec55dbda27dd78daec
P10-H,sched_equal_r_to_f,R_TO_F,3,126464,126464,rotating,306480081,333333343,0.9194402163362337,1100356.4799802308,1100356.4799802308,1100356.4799802308,OBJECT_SINGLE,False,False,evidence/hardware/p10/p10_formal_20260730T181535Z_03/stages/p10_h/stage_summary.json,820e6a1bb0615f730231e24635fe0ce3ca0dda8a036dd5ec55dbda27dd78daec
P10-H,lane0_unavailable,F_TO_R,3,63232,63232,fixed,212736765,333333343,0.638210276491902,792616.5068675741,792616.5068675741,792616.5068675741,OBJECT_SINGLE,False,False,evidence/hardware/p10/p10_formal_20260730T181535Z_03/stages/p10_h/stage_summary.json,820e6a1bb0615f730231e24635fe0ce3ca0dda8a036dd5ec55dbda27dd78daec
P10-H,lane1_unavailable,R_TO_F,3,63232,63232,rotating,212724060,333333343,0.6381721614930073,792663.846095303,792663.846095303,792663.846095303,OBJECT_SINGLE,False,False,evidence/hardware/p10/p10_formal_20260730T181535Z_03/stages/p10_h/stage_summary.json,820e6a1bb0615f730231e24635fe0ce3ca0dda8a036dd5ec55dbda27dd78daec
P10-H,retry_migration,F_TO_R,3,252928,252928,fixed,856944671,333333343,2.5708339384458156,787069.117822231,787069.117822231,787069.117822231,OBJECT_SINGLE,False,False,evidence/hardware/p10/p10_formal_20260730T181535Z_03/stages/p10_h/stage_summary.json,820e6a1bb0615f730231e24635fe0ce3ca0dda8a036dd5ec55dbda27dd78daec
P10-H,lane_fault_in_flight,R_TO_F,3,1048576,1048576,rotating,3487087830,333333343,10.461263186623368,801873.3350219469,801873.3350219469,801873.3350219469,OBJECT_SINGLE,False,False,evidence/hardware/p10/p10_formal_20260730T181535Z_03/stages/p10_h/stage_summary.json,820e6a1bb0615f730231e24635fe0ce3ca0dda8a036dd5ec55dbda27dd78daec
P10-H,scheduler_recovery,F_TO_R,3,65536,65536,fixed,158967361,333333343,0.47690206916984,1099361.9736493204,1099361.9736493204,1099361.9736493204,OBJECT_SINGLE,False,False,evidence/hardware/p10/p10_formal_20260730T181535Z_03/stages/p10_h/stage_summary.json,820e6a1bb0615f730231e24635fe0ce3ca0dda8a036dd5ec55dbda27dd78daec
P10-I,perf_m1_d0_4k,F_TO_R,1,4096,4144,fixed,17011857,333333343,0.05103556951996848,649586.1672912017,649586.1672912017,642062.0031913036,OBJECT_SINGLE,False,False,evidence/hardware/p10/p10_formal_20260730T181535Z_03/stages/p10_i/stage_summary.json,ed6fdd822e761abee823a2989206fb21bf2549ed3781fb760782afd6beee1bbc
P10-I,perf_m1_d0_1m,F_TO_R,1,1048576,1049344,fixed,4271713040,333333343,12.815138748360976,655065.2446953544,655065.2446953544,654585.8117277803,OBJECT_SINGLE,False,False,evidence/hardware/p10/p10_formal_20260730T181535Z_03/stages/p10_i/stage_summary.json,ed6fdd822e761abee823a2989206fb21bf2549ed3781fb760782afd6beee1bbc
P10-I,perf_m1_d1_4k,R_TO_F,1,4096,4144,rotating,16975755,333333343,0.050927263523109355,650967.6292533675,650967.6292533675,643427.4636635602,OBJECT_SINGLE,False,False,evidence/hardware/p10/p10_formal_20260730T181535Z_03/stages/p10_i/stage_summary.json,ed6fdd822e761abee823a2989206fb21bf2549ed3781fb760782afd6beee1bbc
P10-I,perf_m1_d1_1m,R_TO_F,1,1048576,1049344,rotating,4271767958,333333343,12.815303502356198,655056.8231533929,655056.8231533929,654577.396349426,OBJECT_SINGLE,False,False,evidence/hardware/p10/p10_formal_20260730T181535Z_03/stages/p10_i/stage_summary.json,ed6fdd822e761abee823a2989206fb21bf2549ed3781fb760782afd6beee1bbc
P10-I,perf_m2_d0_4k,F_TO_R,2,4096,4144,fixed,16975207,333333343,0.05092561952315704,650988.6440345617,650988.6440345617,643448.2350303003,OBJECT_SINGLE,False,False,evidence/hardware/p10/p10_formal_20260730T181535Z_03/stages/p10_i/stage_summary.json,ed6fdd822e761abee823a2989206fb21bf2549ed3781fb760782afd6beee1bbc
P10-I,perf_m2_d0_1m,F_TO_R,2,1048576,1049344,fixed,4272793025,333333343,12.818378703267017,654899.671349266,654899.671349266,654420.3595624771,OBJECT_SINGLE,False,False,evidence/hardware/p10/p10_formal_20260730T181535Z_03/stages/p10_i/stage_summary.json,ed6fdd822e761abee823a2989206fb21bf2549ed3781fb760782afd6beee1bbc
P10-I,perf_m2_d1_4k,R_TO_F,2,4096,4144,rotating,16975717,333333343,0.05092714952311266,650969.086438941,650969.086438941,643428.9039705363,OBJECT_SINGLE,False,False,evidence/hardware/p10/p10_formal_20260730T181535Z_03/stages/p10_i/stage_summary.json,ed6fdd822e761abee823a2989206fb21bf2549ed3781fb760782afd6beee1bbc
P10-I,perf_m2_d1_1m,R_TO_F,2,1048576,1049344,rotating,4271252388,333333343,12.813756792401053,655135.8930878369,655135.8930878369,654656.4084137058,OBJECT_SINGLE,False,False,evidence/hardware/p10/p10_formal_20260730T181535Z_03/stages/p10_i/stage_summary.json,ed6fdd822e761abee823a2989206fb21bf2549ed3781fb760782afd6beee1bbc
P10-I,perf_m3_d0_4k,F_TO_R,3,4096,4144,fixed,13288629,333333343,0.03986588584388931,831588.193720812,831588.193720812,821955.8980406481,OBJECT_SINGLE,False,False,evidence/hardware/p10/p10_formal_20260730T181535Z_03/stages/p10_i/stage_summary.json,ed6fdd822e761abee823a2989206fb21bf2549ed3781fb760782afd6beee1bbc
P10-I,perf_m3_d0_1m,F_TO_R,3,1048576,1049344,fixed,3282920762,333333343,9.848762000385902,852366.216146869,852366.216146869,851742.3813948708,OBJECT_SINGLE,False,False,evidence/hardware/p10/p10_formal_20260730T181535Z_03/stages/p10_i/stage_summary.json,ed6fdd822e761abee823a2989206fb21bf2549ed3781fb760782afd6beee1bbc
P10-I,perf_m3_d1_4k,R_TO_F,3,4096,4144,rotating,13279240,333333343,0.03983771884470615,832176.162727385,832176.162727385,822537.0565954075,OBJECT_SINGLE,False,False,evidence/hardware/p10/p10_formal_20260730T181535Z_03/stages/p10_i/stage_summary.json,ed6fdd822e761abee823a2989206fb21bf2549ed3781fb760782afd6beee1bbc
P10-I,perf_m3_d1_1m,R_TO_F,3,1048576,1049344,rotating,3283448355,333333343,9.850344779340002,852229.2557319471,852229.2557319471,851605.5212193353,OBJECT_SINGLE,False,False,evidence/hardware/p10/p10_formal_20260730T181535Z_03/stages/p10_i/stage_summary.json,ed6fdd822e761abee823a2989206fb21bf2549ed3781fb760782afd6beee1bbc
P10-J,soak_00000_4096_d0,F_TO_R,3,4096,4096,fixed,9829506,333333343,0.029488517144833002,1111212.199618577,1111212.199618577,1111212.199618577,SOAK_WINDOW,False,False,evidence/hardware/p10/p10_formal_20260730T181535Z_03/stages/p10_j/stage_summary.json,f799b659b2f1a3502d7fa6544d49bae61b443420a0725df1bec451ae44ffd6f3
P10-J,soak_00001_65536_d1,R_TO_F,3,65536,65536,rotating,150685672,333333343,0.4520570028903469,1159782.9403102372,1159782.9403102372,1159782.9403102372,SOAK_WINDOW,False,False,evidence/hardware/p10/p10_formal_20260730T181535Z_03/stages/p10_j/stage_summary.json,f799b659b2f1a3502d7fa6544d49bae61b443420a0725df1bec451ae44ffd6f3
P10-J,soak_00002_1048576_d0,F_TO_R,3,1048576,1048576,fixed,2405153257,333333343,7.215459561751673,1162588.1800331962,1162588.1800331962,1162588.1800331962,SOAK_WINDOW,False,False,evidence/hardware/p10/p10_formal_20260730T181535Z_03/stages/p10_j/stage_summary.json,f799b659b2f1a3502d7fa6544d49bae61b443420a0725df1bec451ae44ffd6f3
P10-J,soak_00003_4096_d1,R_TO_F,3,4096,4096,rotating,9803547,333333343,0.029410640147091435,1114154.5996998842,1114154.5996998842,1114154.5996998842,SOAK_WINDOW,False,False,evidence/hardware/p10/p10_formal_20260730T181535Z_03/stages/p10_j/stage_summary.json,f799b659b2f1a3502d7fa6544d49bae61b443420a0725df1bec451ae44ffd6f3
P10-J,soak_00004_65536_d0,F_TO_R,3,65536,65536,fixed,150638204,333333343,0.4519145988944766,1160148.4025578531,1160148.4025578531,1160148.4025578531,SOAK_WINDOW,False,False,evidence/hardware/p10/p10_formal_20260730T181535Z_03/stages/p10_j/stage_summary.json,f799b659b2f1a3502d7fa6544d49bae61b443420a0725df1bec451ae44ffd6f3
P10-J,soak_00005_1048576_d1,R_TO_F,3,1048576,1048576,rotating,2404466904,333333343,7.2134005028113855,1162920.0398245715,1162920.0398245715,1162920.0398245715,SOAK_WINDOW,False,False,evidence/hardware/p10/p10_formal_20260730T181535Z_03/stages/p10_j/stage_summary.json,f799b659b2f1a3502d7fa6544d49bae61b443420a0725df1bec451ae44ffd6f3
P10-J,soak_00006_4096_d0,F_TO_R,3,4096,4096,fixed,9798350,333333343,0.029395049147543574,1114745.5422008808,1114745.5422008808,1114745.5422008808,SOAK_WINDOW,False,False,evidence/hardware/p10/p10_formal_20260730T181535Z_03/stages/p10_j/stage_summary.json,f799b659b2f1a3502d7fa6544d49bae61b443420a0725df1bec451ae44ffd6f3
P10-J,soak_00007_65536_d1,R_TO_F,3,65536,65536,rotating,150682605,333333343,0.4520478018906137,1159806.54658037,1159806.54658037,1159806.54658037,SOAK_WINDOW,False,False,evidence/hardware/p10/p10_formal_20260730T181535Z_03/stages/p10_j/stage_summary.json,f799b659b2f1a3502d7fa6544d49bae61b443420a0725df1bec451ae44ffd6f3
P10-J,soak_00008_1048576_d0,F_TO_R,3,1048576,1048576,fixed,2405159256,333333343,7.215477558751151,1162585.2802807267,1162585.2802807267,1162585.2802807267,SOAK_WINDOW,False,False,evidence/hardware/p10/p10_formal_20260730T181535Z_03/stages/p10_j/stage_summary.json,f799b659b2f1a3502d7fa6544d49bae61b443420a0725df1bec451ae44ffd6f3
P10-J,soak_00009_4096_d1,R_TO_F,3,4096,4096,rotating,9800477,333333343,0.029401430147358527,1114503.6086941482,1114503.6086941482,1114503.6086941482,SOAK_WINDOW,False,False,evidence/hardware/p10/p10_formal_20260730T181535Z_03/stages/p10_j/stage_summary.json,f799b659b2f1a3502d7fa6544d49bae61b443420a0725df1bec451ae44ffd6f3
P10-J,soak_00010_65536_d0,F_TO_R,3,65536,65536,fixed,150678085,333333343,0.452034241891007,1159841.3381400753,1159841.3381400753,1159841.3381400753,SOAK_WINDOW,False,False,evidence/hardware/p10/p10_formal_20260730T181535Z_03/stages/p10_j/stage_summary.json,f799b659b2f1a3502d7fa6544d49bae61b443420a0725df1bec451ae44ffd6f3
P10-J,soak_00011_1048576_d1,R_TO_F,3,1048576,1048576,rotating,2405153122,333333343,7.215459156751685,1162588.245288669,1162588.245288669,1162588.245288669,SOAK_WINDOW,False,False,evidence/hardware/p10/p10_formal_20260730T181535Z_03/stages/p10_j/stage_summary.json,f799b659b2f1a3502d7fa6544d49bae61b443420a0725df1bec451ae44ffd6f3
P10-J,soak_00012_4096_d0,F_TO_R,3,4096,4096,fixed,9798046,333333343,0.029394137147570023,1114780.128958774,1114780.128958774,1114780.128958774,SOAK_WINDOW,False,False,evidence/hardware/p10/p10_formal_20260730T181535Z_03/stages/p10_j/stage_summary.json,f799b659b2f1a3502d7fa6544d49bae61b443420a0725df1bec451ae44ffd6f3
P10-J,soak_00013_65536_d1,R_TO_F,3,65536,65536,rotating,150680748,333333343,0.45204223089077533,1159820.8401167747,1159820.8401167747,1159820.8401167747,SOAK_WINDOW,False,False,evidence/hardware/p10/p10_formal_20260730T181535Z_03/stages/p10_j/stage_summary.json,f799b659b2f1a3502d7fa6544d49bae61b443420a0725df1bec451ae44ffd6f3
P10-J,soak_00014_1048576_d0,F_TO_R,3,1048576,1048576,fixed,2404213710,333333343,7.2126409208334135,1163042.5099591268,1163042.5099591268,1163042.5099591268,SOAK_WINDOW,False,False,evidence/hardware/p10/p10_formal_20260730T181535Z_03/stages/p10_j/stage_summary.json,f799b659b2f1a3502d7fa6544d49bae61b443420a0725df1bec451ae44ffd6f3
P10-J,soak_00015_4096_d1,R_TO_F,3,4096,4096,rotating,9802177,333333343,0.029406530147210626,1114310.3193733392,1114310.3193733392,1114310.3193733392,SOAK_WINDOW,False,False,evidence/hardware/p10/p10_formal_20260730T181535Z_03/stages/p10_j/stage_summary.json,f799b659b2f1a3502d7fa6544d49bae61b443420a0725df1bec451ae44ffd6f3
P10-J,soak_00016_65536_d0,F_TO_R,3,65536,65536,fixed,150627130,333333343,0.45188137689544006,1160233.6958473816,1160233.6958473816,1160233.6958473816,SOAK_WINDOW,False,False,evidence/hardware/p10/p10_formal_20260730T181535Z_03/stages/p10_j/stage_summary.json,f799b659b2f1a3502d7fa6544d49bae61b443420a0725df1bec451ae44ffd6f3
P10-J,soak_00017_1048576_d1,R_TO_F,3,1048576,1048576,rotating,2405147163,333333343,7.215441279752203,1162591.1257208772,1162591.1257208772,1162591.1257208772,SOAK_WINDOW,False,False,evidence/hardware/p10/p10_formal_20260730T181535Z_03/stages/p10_j/stage_summary.json,f799b659b2f1a3502d7fa6544d49bae61b443420a0725df1bec451ae44ffd6f3
P10-J,soak_00018_4096_d0,F_TO_R,3,4096,4096,fixed,9797783,333333343,0.029393348147592903,1114810.0527868397,1114810.0527868397,1114810.0527868397,SOAK_WINDOW,False,False,evidence/hardware/p10/p10_formal_20260730T181535Z_03/stages/p10_j/stage_summary.json,f799b659b2f1a3502d7fa6544d49bae61b443420a0725df1bec451ae44ffd6f3
P10-J,soak_00019_65536_d1,R_TO_F,3,65536,65536,rotating,150640552,333333343,0.45192164289427234,1160130.3195887387,1160130.3195887387,1160130.3195887387,SOAK_WINDOW,False,False,evidence/hardware/p10/p10_formal_20260730T181535Z_03/stages/p10_j/stage_summary.json,f799b659b2f1a3502d7fa6544d49bae61b443420a0725df1bec451ae44ffd6f3
P10-J,soak_00020_1048576_d0,F_TO_R,3,1048576,1048576,fixed,2404445941,333333343,7.213337613813209,1162930.1786646172,1162930.1786646172,1162930.1786646172,SOAK_WINDOW,False,False,evidence/hardware/p10/p10_formal_20260730T181535Z_03/stages/p10_j/stage_summary.json,f799b659b2f1a3502d7fa6544d49bae61b443420a0725df1bec451ae44ffd6f3
P10-J,soak_00021_4096_d1,R_TO_F,3,4096,4096,rotating,9803742,333333343,0.02941122514707447,1114132.4387589963,1114132.4387589963,1114132.4387589963,SOAK_WINDOW,False,False,evidence/hardware/p10/p10_formal_20260730T181535Z_03/stages/p10_j/stage_summary.json,f799b659b2f1a3502d7fa6544d49bae61b443420a0725df1bec451ae44ffd6f3
P10-J,soak_00022_65536_d0,F_TO_R,3,65536,65536,fixed,150677204,333333343,0.45203159889108363,1159848.1196583924,1159848.1196583924,1159848.1196583924,SOAK_WINDOW,False,False,evidence/hardware/p10/p10_formal_20260730T181535Z_03/stages/p10_j/stage_summary.json,f799b659b2f1a3502d7fa6544d49bae61b443420a0725df1bec451ae44ffd6f3
P10-J,soak_00023_1048576_d1,R_TO_F,3,1048576,1048576,rotating,2405169450,333333343,7.215508140750264,1162580.3528132057,1162580.3528132057,1162580.3528132057,SOAK_WINDOW,False,False,evidence/hardware/p10/p10_formal_20260730T181535Z_03/stages/p10_j/stage_summary.json,f799b659b2f1a3502d7fa6544d49bae61b443420a0725df1bec451ae44ffd6f3
P10-J,soak_00024_4096_d0,F_TO_R,3,4096,4096,fixed,9797682,333333343,0.02939304514760169,1114821.5448739815,1114821.5448739815,1114821.5448739815,SOAK_WINDOW,False,False,evidence/hardware/p10/p10_formal_20260730T181535Z_03/stages/p10_j/stage_summary.json,f799b659b2f1a3502d7fa6544d49bae61b443420a0725df1bec451ae44ffd6f3
P10-J,soak_00025_65536_d1,R_TO_F,3,65536,65536,rotating,150626355,333333343,0.4518790518955075,1160239.6654608285,1160239.6654608285,1160239.6654608285,SOAK_WINDOW,False,False,evidence/hardware/p10/p10_formal_20260730T181535Z_03/stages/p10_j/stage_summary.json,f799b659b2f1a3502d7fa6544d49bae61b443420a0725df1bec451ae44ffd6f3
P10-J,soak_00026_1048576_d0,F_TO_R,3,1048576,1048576,fixed,2404448185,333333343,7.213344345813014,1162929.0933364588,1162929.0933364588,1162929.0933364588,SOAK_WINDOW,False,False,evidence/hardware/p10/p10_formal_20260730T181535Z_03/stages/p10_j/stage_summary.json,f799b659b2f1a3502d7fa6544d49bae61b443420a0725df1bec451ae44ffd6f3
P10-J,soak_00027_4096_d1,R_TO_F,3,4096,4096,rotating,9801347,333333343,0.029404040147282835,1114404.6816650813,1114404.6816650813,1114404.6816650813,SOAK_WINDOW,False,False,evidence/hardware/p10/p10_formal_20260730T181535Z_03/stages/p10_j/stage_summary.json,f799b659b2f1a3502d7fa6544d49bae61b443420a0725df1bec451ae44ffd6f3
P10-J,soak_00028_65536_d0,F_TO_R,3,65536,65536,fixed,150693354,333333343,0.45208004888967857,1159723.817247999,1159723.817247999,1159723.817247999,SOAK_WINDOW,False,False,evidence/hardware/p10/p10_formal_20260730T181535Z_03/stages/p10_j/stage_summary.json,f799b659b2f1a3502d7fa6544d49bae61b443420a0725df1bec451ae44ffd6f3
P10-J,soak_00029_1048576_d1,R_TO_F,3,1048576,1048576,rotating,2405146539,333333343,7.215439407752257,1162591.4273477637,1162591.4273477637,1162591.4273477637,SOAK_WINDOW,False,False,evidence/hardware/p10/p10_formal_20260730T181535Z_03/stages/p10_j/stage_summary.json,f799b659b2f1a3502d7fa6544d49bae61b443420a0725df1bec451ae44ffd6f3
P10-J,soak_00030_4096_d0,F_TO_R,3,4096,4096,fixed,9801409,333333343,0.029404226147277442,1114397.6323632654,1114397.6323632654,1114397.6323632654,SOAK_WINDOW,False,False,evidence/hardware/p10/p10_formal_20260730T181535Z_03/stages/p10_j/stage_summary.json,f799b659b2f1a3502d7fa6544d49bae61b443420a0725df1bec451ae44ffd6f3
P10-J,soak_00031_65536_d1,R_TO_F,3,65536,65536,rotating,150681390,333333343,0.4520441568907195,1159815.8985312253,1159815.8985312253,1159815.8985312253,SOAK_WINDOW,False,False,evidence/hardware/p10/p10_formal_20260730T181535Z_03/stages/p10_j/stage_summary.json,f799b659b2f1a3502d7fa6544d49bae61b443420a0725df1bec451ae44ffd6f3
P10-J,soak_00032_1048576_d0,F_TO_R,3,1048576,1048576,fixed,2404456345,333333343,7.213368825812304,1162925.1467056866,1162925.1467056866,1162925.1467056866,SOAK_WINDOW,False,False,evidence/hardware/p10/p10_formal_20260730T181535Z_03/stages/p10_j/stage_summary.json,f799b659b2f1a3502d7fa6544d49bae61b443420a0725df1bec451ae44ffd6f3
P10-J,soak_00033_4096_d1,R_TO_F,3,4096,4096,rotating,9797189,333333343,0.02939156614764458,1114877.64331422,1114877.64331422,1114877.64331422,SOAK_WINDOW,False,False,evidence/hardware/p10/p10_formal_20260730T181535Z_03/stages/p10_j/stage_summary.json,f799b659b2f1a3502d7fa6544d49bae61b443420a0725df1bec451ae44ffd6f3
P10-J,soak_00034_65536_d0,F_TO_R,3,65536,65536,fixed,150684105,333333343,0.45205230189048323,1159795.001170057,1159795.001170057,1159795.001170057,SOAK_WINDOW,False,False,evidence/hardware/p10/p10_formal_20260730T181535Z_03/stages/p10_j/stage_summary.json,f799b659b2f1a3502d7fa6544d49bae61b443420a0725df1bec451ae44ffd6f3
P10-J,soak_00035_1048576_d1,R_TO_F,3,1048576,1048576,rotating,2404222620,333333343,7.212667650832638,1163038.199747303,1163038.199747303,1163038.199747303,SOAK_WINDOW,False,False,evidence/hardware/p10/p10_formal_20260730T181535Z_03/stages/p10_j/stage_summary.json,f799b659b2f1a3502d7fa6544d49bae61b443420a0725df1bec451ae44ffd6f3
P10-J,soak_00036_4096_d0,F_TO_R,3,4096,4096,fixed,9796738,333333343,0.02939021314768382,1114928.9675220465,1114928.9675220465,1114928.9675220465,SOAK_WINDOW,False,False,evidence/hardware/p10/p10_formal_20260730T181535Z_03/stages/p10_j/stage_summary.json,f799b659b2f1a3502d7fa6544d49bae61b443420a0725df1bec451ae44ffd6f3
P10-J,soak_00037_65536_d1,R_TO_F,3,65536,65536,rotating,150684336,333333343,0.45205299489046313,1159793.2231972937,1159793.2231972937,1159793.2231972937,SOAK_WINDOW,False,False,evidence/hardware/p10/p10_formal_20260730T181535Z_03/stages/p10_j/stage_summary.json,f799b659b2f1a3502d7fa6544d49bae61b443420a0725df1bec451ae44ffd6f3
P10-J,soak_00038_1048576_d0,F_TO_R,3,1048576,1048576,fixed,2405150459,333333343,7.215451167751916,1162589.5325147905,1162589.5325147905,1162589.5325147905,SOAK_WINDOW,False,False,evidence/hardware/p10/p10_formal_20260730T181535Z_03/stages/p10_j/stage_summary.json,f799b659b2f1a3502d7fa6544d49bae61b443420a0725df1bec451ae44ffd6f3
P10-J,soak_00039_4096_d1,R_TO_F,3,4096,4096,rotating,9798081,333333343,0.029394242147566977,1114776.1468214032,1114776.1468214032,1114776.1468214032,SOAK_WINDOW,False,False,evidence/hardware/p10/p10_formal_20260730T181535Z_03/stages/p10_j/stage_summary.json,f799b659b2f1a3502d7fa6544d49bae61b443420a0725df1bec451ae44ffd6f3
P10-J,soak_00040_65536_d0,F_TO_R,3,65536,65536,fixed,150682448,333333343,0.45204733089062743,1159807.7550132715,1159807.7550132715,1159807.7550132715,SOAK_WINDOW,False,False,evidence/hardware/p10/p10_formal_20260730T181535Z_03/stages/p10_j/stage_summary.json,f799b659b2f1a3502d7fa6544d49bae61b443420a0725df1bec451ae44ffd6f3
P10-J,soak_00041_1048576_d1,R_TO_F,3,1048576,1048576,rotating,2405147763,333333343,7.21544307975215,1162590.8356951722,1162590.8356951722,1162590.8356951722,SOAK_WINDOW,False,False,evidence/hardware/p10/p10_formal_20260730T181535Z_03/stages/p10_j/stage_summary.json,f799b659b2f1a3502d7fa6544d49bae61b443420a0725df1bec451ae44ffd6f3
P10-J,soak_00042_4096_d0,F_TO_R,3,4096,4096,fixed,9797865,333333343,0.02939359414758577,1114800.7227517422,1114800.7227517422,1114800.7227517422,SOAK_WINDOW,False,False,evidence/hardware/p10/p10_formal_20260730T181535Z_03/stages/p10_j/stage_summary.json,f799b659b2f1a3502d7fa6544d49bae61b443420a0725df1bec451ae44ffd6f3
P10-J,soak_00043_65536_d1,R_TO_F,3,65536,65536,rotating,150625898,333333343,0.45187768089554725,1160243.1856358724,1160243.1856358724,1160243.1856358724,SOAK_WINDOW,False,False,evidence/hardware/p10/p10_formal_20260730T181535Z_03/stages/p10_j/stage_summary.json,f799b659b2f1a3502d7fa6544d49bae61b443420a0725df1bec451ae44ffd6f3
P10-J,soak_00044_1048576_d0,F_TO_R,3,1048576,1048576,fixed,2404216783,333333343,7.212650139833146,1163041.023392001,1163041.023392001,1163041.023392001,SOAK_WINDOW,False,False,evidence/hardware/p10/p10_formal_20260730T181535Z_03/stages/p10_j/stage_summary.json,f799b659b2f1a3502d7fa6544d49bae61b443420a0725df1bec451ae44ffd6f3
P10-J,soak_00045_4096_d1,R_TO_F,3,4096,4096,rotating,9802752,333333343,0.0294082551471606,1114244.9572756712,1114244.9572756712,1114244.9572756712,SOAK_WINDOW,False,False,evidence/hardware/p10/p10_formal_20260730T181535Z_03/stages/p10_j/stage_summary.json,f799b659b2f1a3502d7fa6544d49bae61b443420a0725df1bec451ae44ffd6f3
P10-J,soak_00046_65536_d0,F_TO_R,3,65536,65536,fixed,150684239,333333343,0.4520527038904716,1159793.9697912533,1159793.9697912533,1159793.9697912533,SOAK_WINDOW,False,False,evidence/hardware/p10/p10_formal_20260730T181535Z_03/stages/p10_j/stage_summary.json,f799b659b2f1a3502d7fa6544d49bae61b443420a0725df1bec451ae44ffd6f3
P10-J,soak_00047_1048576_d1,R_TO_F,3,1048576,1048576,rotating,2404220607,333333343,7.2126616118328135,1163039.1735331067,1163039.1735331067,1163039.1735331067,SOAK_WINDOW,False,False,evidence/hardware/p10/p10_formal_20260730T181535Z_03/stages/p10_j/stage_summary.json,f799b659b2f1a3502d7fa6544d49bae61b443420a0725df1bec451ae44ffd6f3
P10-J,soak_00048_4096_d0,F_TO_R,3,4096,4096,fixed,9800568,333333343,0.02940170314735061,1114493.2603318503,1114493.2603318503,1114493.2603318503,SOAK_WINDOW,False,False,evidence/hardware/p10/p10_formal_20260730T181535Z_03/stages/p10_j/stage_summary.json,f799b659b2f1a3502d7fa6544d49bae61b443420a0725df1bec451ae44ffd6f3
P10-J,soak_00049_65536_d1,R_TO_F,3,65536,65536,rotating,150642273,333333343,0.45192680589412265,1160117.0657773067,1160117.0657773067,1160117.0657773067,SOAK_WINDOW,False,False,evidence/hardware/p10/p10_formal_20260730T181535Z_03/stages/p10_j/stage_summary.json,f799b659b2f1a3502d7fa6544d49bae61b443420a0725df1bec451ae44ffd6f3
P10-J,soak_00050_1048576_d0,F_TO_R,3,1048576,1048576,fixed,2405164425,333333343,7.215493065750701,1162582.7817391504,1162582.7817391504,1162582.7817391504,SOAK_WINDOW,False,False,evidence/hardware/p10/p10_formal_20260730T181535Z_03/stages/p10_j/stage_summary.json,f799b659b2f1a3502d7fa6544d49bae61b443420a0725df1bec451ae44ffd6f3
P10-J,soak_00051_4096_d1,R_TO_F,3,4096,4096,rotating,9797202,333333343,0.02939160514764345,1114876.16397253,1114876.16397253,1114876.16397253,SOAK_WINDOW,False,False,evidence/hardware/p10/p10_formal_20260730T181535Z_03/stages/p10_j/stage_summary.json,f799b659b2f1a3502d7fa6544d49bae61b443420a0725df1bec451ae44ffd6f3
P10-J,soak_00052_65536_d0,F_TO_R,3,65536,65536,fixed,150641309,333333343,0.4519239138942065,1160124.4897226961,1160124.4897226961,1160124.4897226961,SOAK_WINDOW,False,False,evidence/hardware/p10/p10_formal_20260730T181535Z_03/stages/p10_j/stage_summary.json,f799b659b2f1a3502d7fa6544d49bae61b443420a0725df1bec451ae44ffd6f3
P10-J,soak_00053_1048576_d1,R_TO_F,3,1048576,1048576,rotating,2404222383,333333343,7.212666939832658,1163038.3143956214,1163038.3143956214,1163038.3143956214,SOAK_WINDOW,False,False,evidence/hardware/p10/p10_formal_20260730T181535Z_03/stages/p10_j/stage_summary.json,f799b659b2f1a3502d7fa6544d49bae61b443420a0725df1bec451ae44ffd6f3
P10-J,soak_00054_4096_d0,F_TO_R,3,4096,4096,fixed,9798402,333333343,0.02939520514753905,1114739.6262598739,1114739.6262598739,1114739.6262598739,SOAK_WINDOW,False,False,evidence/hardware/p10/p10_formal_20260730T181535Z_03/stages/p10_j/stage_summary.json,f799b659b2f1a3502d7fa6544d49bae61b443420a0725df1bec451ae44ffd6f3
P10-J,soak_00055_65536_d1,R_TO_F,3,65536,65536,rotating,150684317,333333343,0.4520529378904648,1159793.369437272,1159793.369437272,1159793.369437272,SOAK_WINDOW,False,False,evidence/hardware/p10/p10_formal_20260730T181535Z_03/stages/p10_j/stage_summary.json,f799b659b2f1a3502d7fa6544d49bae61b443420a0725df1bec451ae44ffd6f3
P10-J,soak_00056_1048576_d0,F_TO_R,3,1048576,1048576,fixed,2404213242,333333343,7.212639516833454,1163042.7363549743,1163042.7363549743,1163042.7363549743,SOAK_WINDOW,False,False,evidence/hardware/p10/p10_formal_20260730T181535Z_03/stages/p10_j/stage_summary.json,f799b659b2f1a3502d7fa6544d49bae61b443420a0725df1bec451ae44ffd6f3
P10-J,soak_00057_4096_d1,R_TO_F,3,4096,4096,rotating,9797355,333333343,0.02939206414763014,1114858.7535537907,1114858.7535537907,1114858.7535537907,SOAK_WINDOW,False,False,evidence/hardware/p10/p10_formal_20260730T181535Z_03/stages/p10_j/stage_summary.json,f799b659b2f1a3502d7fa6544d49bae61b443420a0725df1bec451ae44ffd6f3
P10-J,soak_00058_65536_d0,F_TO_R,3,65536,65536,fixed,150682349,333333343,0.452047033890636,1159808.517020026,1159808.517020026,1159808.517020026,SOAK_WINDOW,False,False,evidence/hardware/p10/p10_formal_20260730T181535Z_03/stages/p10_j/stage_summary.json,f799b659b2f1a3502d7fa6544d49bae61b443420a0725df1bec451ae44ffd6f3
P10-J,soak_00059_1048576_d1,R_TO_F,3,1048576,1048576,rotating,2404470794,333333343,7.213412172811047,1162918.1584297272,1162918.1584297272,1162918.1584297272,SOAK_WINDOW,False,False,evidence/hardware/p10/p10_formal_20260730T181535Z_03/stages/p10_j/stage_summary.json,f799b659b2f1a3502d7fa6544d49bae61b443420a0725df1bec451ae44ffd6f3
P10-J,soak_00060_4096_d0,F_TO_R,3,4096,4096,fixed,9797933,333333343,0.029393798147579853,1114792.9857679165,1114792.9857679165,1114792.9857679165,SOAK_WINDOW,False,False,evidence/hardware/p10/p10_formal_20260730T181535Z_03/stages/p10_j/stage_summary.json,f799b659b2f1a3502d7fa6544d49bae61b443420a0725df1bec451ae44ffd6f3
P10-J,soak_00061_65536_d1,R_TO_F,3,65536,65536,rotating,150688065,333333343,0.45206418189013875,1159764.5223912324,1159764.5223912324,1159764.5223912324,SOAK_WINDOW,False,False,evidence/hardware/p10/p10_formal_20260730T181535Z_03/stages/p10_j/stage_summary.json,f799b659b2f1a3502d7fa6544d49bae61b443420a0725df1bec451ae44ffd6f3
P10-J,soak_00062_1048576_d0,F_TO_R,3,1048576,1048576,fixed,2404446417,333333343,7.2133390418131675,1162929.9484433236,1162929.9484433236,1162929.9484433236,SOAK_WINDOW,False,False,evidence/hardware/p10/p10_formal_20260730T181535Z_03/stages/p10_j/stage_summary.json,f799b659b2f1a3502d7fa6544d49bae61b443420a0725df1bec451ae44ffd6f3
P10-J,soak_00063_4096_d1,R_TO_F,3,4096,4096,rotating,9802404,333333343,0.029407211147190877,1114284.514637838,1114284.514637838,1114284.514637838,SOAK_WINDOW,False,False,evidence/hardware/p10/p10_formal_20260730T181535Z_03/stages/p10_j/stage_summary.json,f799b659b2f1a3502d7fa6544d49bae61b443420a0725df1bec451ae44ffd6f3
P10-J,soak_00064_65536_d0,F_TO_R,3,65536,65536,fixed,150683052,333333343,0.45204914289057485,1159803.1060240536,1159803.1060240536,1159803.1060240536,SOAK_WINDOW,False,False,evidence/hardware/p10/p10_formal_20260730T181535Z_03/stages/p10_j/stage_summary.json,f799b659b2f1a3502d7fa6544d49bae61b443420a0725df1bec451ae44ffd6f3
P10-J,soak_00065_1048576_d1,R_TO_F,3,1048576,1048576,rotating,2405147681,333333343,7.2154428337521574,1162590.87533201,1162590.87533201,1162590.87533201,SOAK_WINDOW,False,False,evidence/hardware/p10/p10_formal_20260730T181535Z_03/stages/p10_j/stage_summary.json,f799b659b2f1a3502d7fa6544d49bae61b443420a0725df1bec451ae44ffd6f3
P10-J,soak_00066_4096_d0,F_TO_R,3,4096,4096,fixed,9801975,333333343,0.0294059241472282,1114333.2831826238,1114333.2831826238,1114333.2831826238,SOAK_WINDOW,False,False,evidence/hardware/p10/p10_formal_20260730T181535Z_03/stages/p10_j/stage_summary.json,f799b659b2f1a3502d7fa6544d49bae61b443420a0725df1bec451ae44ffd6f3
P10-J,soak_00067_65536_d1,R_TO_F,3,65536,65536,rotating,150682696,333333343,0.45204807489060583,1159805.8461522616,1159805.8461522616,1159805.8461522616,SOAK_WINDOW,False,False,evidence/hardware/p10/p10_formal_20260730T181535Z_03/stages/p10_j/stage_summary.json,f799b659b2f1a3502d7fa6544d49bae61b443420a0725df1bec451ae44ffd6f3
P10-J,soak_00068_1048576_d0,F_TO_R,3,1048576,1048576,fixed,2404216865,333333343,7.212650385833139,1163040.9837244628,1163040.9837244628,1163040.9837244628,SOAK_WINDOW,False,False,evidence/hardware/p10/p10_formal_20260730T181535Z_03/stages/p10_j/stage_summary.json,f799b659b2f1a3502d7fa6544d49bae61b443420a0725df1bec451ae44ffd6f3
P10-J,soak_00069_4096_d1,R_TO_F,3,4096,4096,rotating,9797529,333333343,0.029392586147615002,1114838.9541305772,1114838.9541305772,1114838.9541305772,SOAK_WINDOW,False,False,evidence/hardware/p10/p10_formal_20260730T181535Z_03/stages/p10_j/stage_summary.json,f799b659b2f1a3502d7fa6544d49bae61b443420a0725df1bec451ae44ffd6f3
P10-J,soak_00070_65536_d0,F_TO_R,3,65536,65536,fixed,150682800,333333343,0.4520483868905968,1159805.0456640306,1159805.0456640306,1159805.0456640306,SOAK_WINDOW,False,False,evidence/hardware/p10/p10_formal_20260730T181535Z_03/stages/p10_j/stage_summary.json,f799b659b2f1a3502d7fa6544d49bae61b443420a0725df1bec451ae44ffd6f3
P10-J,soak_00071_1048576_d1,R_TO_F,3,1048576,1048576,rotating,2405170615,333333343,7.215511635750163,1162579.7896905306,1162579.7896905306,1162579.7896905306,SOAK_WINDOW,False,False,evidence/hardware/p10/p10_formal_20260730T181535Z_03/stages/p10_j/stage_summary.json,f799b659b2f1a3502d7fa6544d49bae61b443420a0725df1bec451ae44ffd6f3
P10-J,soak_00072_4096_d0,F_TO_R,3,4096,4096,fixed,9800969,333333343,0.02940290614731572,1114447.6615959096,1114447.6615959096,1114447.6615959096,SOAK_WINDOW,False,False,evidence/hardware/p10/p10_formal_20260730T181535Z_03/stages/p10_j/stage_summary.json,f799b659b2f1a3502d7fa6544d49bae61b443420a0725df1bec451ae44ffd6f3
P10-J,soak_00073_65536_d1,R_TO_F,3,65536,65536,rotating,150682904,333333343,0.45204869889058774,1159804.2451769048,1159804.2451769048,1159804.2451769048,SOAK_WINDOW,False,False,evidence/hardware/p10/p10_formal_20260730T181535Z_03/stages/p10_j/stage_summary.json,f799b659b2f1a3502d7fa6544d49bae61b443420a0725df1bec451ae44ffd6f3
P10-J,soak_00074_1048576_d0,F_TO_R,3,1048576,1048576,fixed,2405157423,333333343,7.215472059751311,1162586.1663012418,1162586.1663012418,1162586.1663012418,SOAK_WINDOW,False,False,evidence/hardware/p10/p10_formal_20260730T181535Z_03/stages/p10_j/stage_summary.json,f799b659b2f1a3502d7fa6544d49bae61b443420a0725df1bec451ae44ffd6f3
P10-J,soak_00075_4096_d1,R_TO_F,3,4096,4096,rotating,9798247,333333343,0.029394740147552535,1114757.2605001691,1114757.2605001691,1114757.2605001691,SOAK_WINDOW,False,False,evidence/hardware/p10/p10_formal_20260730T181535Z_03/stages/p10_j/stage_summary.json,f799b659b2f1a3502d7fa6544d49bae61b443420a0725df1bec451ae44ffd6f3
P10-J,soak_00076_65536_d0,F_TO_R,3,65536,65536,fixed,150641506,333333343,0.45192450489418934,1160122.9725809034,1160122.9725809034,1160122.9725809034,SOAK_WINDOW,False,False,evidence/hardware/p10/p10_formal_20260730T181535Z_03/stages/p10_j/stage_summary.json,f799b659b2f1a3502d7fa6544d49bae61b443420a0725df1bec451ae44ffd6f3
P10-J,soak_00077_1048576_d1,R_TO_F,3,1048576,1048576,rotating,2404224951,333333343,7.212674643832435,1163037.072131502,1163037.072131502,1163037.072131502,SOAK_WINDOW,False,False,evidence/hardware/p10/p10_formal_20260730T181535Z_03/stages/p10_j/stage_summary.json,f799b659b2f1a3502d7fa6544d49bae61b443420a0725df1bec451ae44ffd6f3
P10-J,soak_00078_4096_d0,F_TO_R,3,4096,4096,fixed,9798166,333333343,0.02939449714755958,1114766.4760348008,1114766.4760348008,1114766.4760348008,SOAK_WINDOW,False,False,evidence/hardware/p10/p10_formal_20260730T181535Z_03/stages/p10_j/stage_summary.json,f799b659b2f1a3502d7fa6544d49bae61b443420a0725df1bec451ae44ffd6f3
P10-J,soak_00079_65536_d1,R_TO_F,3,65536,65536,rotating,150624363,333333343,0.4518730758956808,1160255.0095749383,1160255.0095749383,1160255.0095749383,SOAK_WINDOW,False,False,evidence/hardware/p10/p10_formal_20260730T181535Z_03/stages/p10_j/stage_summary.json,f799b659b2f1a3502d7fa6544d49bae61b443420a0725df1bec451ae44ffd6f3
P10-J,soak_00080_1048576_d0,F_TO_R,3,1048576,1048576,fixed,2404460132,333333343,7.213380186811975,1162923.3151105307,1162923.3151105307,1162923.3151105307,SOAK_WINDOW,False,False,evidence/hardware/p10/p10_formal_20260730T181535Z_03/stages/p10_j/stage_summary.json,f799b659b2f1a3502d7fa6544d49bae61b443420a0725df1bec451ae44ffd6f3
P10-J,soak_00081_4096_d1,R_TO_F,3,4096,4096,rotating,9801298,333333343,0.0294038931472871,1114410.2529505787,1114410.2529505787,1114410.2529505787,SOAK_WINDOW,False,False,evidence/hardware/p10/p10_formal_20260730T181535Z_03/stages/p10_j/stage_summary.json,f799b659b2f1a3502d7fa6544d49bae61b443420a0725df1bec451ae44ffd6f3
P10-J,soak_00082_65536_d0,F_TO_R,3,65536,65536,fixed,150654891,333333343,0.45196465989302487,1160019.9009455591,1160019.9009455591,1160019.9009455591,SOAK_WINDOW,False,False,evidence/hardware/p10/p10_formal_20260730T181535Z_03/stages/p10_j/stage_summary.json,f799b659b2f1a3502d7fa6544d49bae61b443420a0725df1bec451ae44ffd6f3
P10-J,soak_00083_1048576_d1,R_TO_F,3,1048576,1048576,rotating,2405174910,333333343,7.215524520749789,1162577.7136335352,1162577.7136335352,1162577.7136335352,SOAK_WINDOW,False,False,evidence/hardware/p10/p10_formal_20260730T181535Z_03/stages/p10_j/stage_summary.json,f799b659b2f1a3502d7fa6544d49bae61b443420a0725df1bec451ae44ffd6f3
P10-J,soak_00084_4096_d0,F_TO_R,3,4096,4096,fixed,9797213,333333343,0.029391638147642493,1114874.9122249358,1114874.9122249358,1114874.9122249358,SOAK_WINDOW,False,False,evidence/hardware/p10/p10_formal_20260730T181535Z_03/stages/p10_j/stage_summary.json,f799b659b2f1a3502d7fa6544d49bae61b443420a0725df1bec451ae44ffd6f3
P10-J,soak_00085_65536_d1,R_TO_F,3,65536,65536,rotating,150627269,333333343,0.451881793895428,1160232.6251748214,1160232.6251748214,1160232.6251748214,SOAK_WINDOW,False,False,evidence/hardware/p10/p10_formal_20260730T181535Z_03/stages/p10_j/stage_summary.json,f799b659b2f1a3502d7fa6544d49bae61b443420a0725df1bec451ae44ffd6f3
P10-J,soak_00086_1048576_d0,F_TO_R,3,1048576,1048576,fixed,2404443495,333333343,7.213330275813422,1162931.361693964,1162931.361693964,1162931.361693964,SOAK_WINDOW,False,False,evidence/hardware/p10/p10_formal_20260730T181535Z_03/stages/p10_j/stage_summary.json,f799b659b2f1a3502d7fa6544d49bae61b443420a0725df1bec451ae44ffd6f3
P10-J,soak_00087_4096_d1,R_TO_F,3,4096,4096,rotating,9799221,333333343,0.029397662147467796,1114646.4584709336,1114646.4584709336,1114646.4584709336,SOAK_WINDOW,False,False,evidence/hardware/p10/p10_formal_20260730T181535Z_03/stages/p10_j/stage_summary.json,f799b659b2f1a3502d7fa6544d49bae61b443420a0725df1bec451ae44ffd6f3
P10-J,soak_00088_65536_d0,F_TO_R,3,65536,65536,fixed,150684508,333333343,0.4520535108904482,1159791.8993423264,1159791.8993423264,1159791.8993423264,SOAK_WINDOW,False,False,evidence/hardware/p10/p10_formal_20260730T181535Z_03/stages/p10_j/stage_summary.json,f799b659b2f1a3502d7fa6544d49bae61b443420a0725df1bec451ae44ffd6f3
P10-J,soak_00089_1048576_d1,R_TO_F,3,1048576,1048576,rotating,2404223530,333333343,7.2126703808325585,1163037.75953667,1163037.75953667,1163037.75953667,SOAK_WINDOW,False,False,evidence/hardware/p10/p10_formal_20260730T181535Z_03/stages/p10_j/stage_summary.json,f799b659b2f1a3502d7fa6544d49bae61b443420a0725df1bec451ae44ffd6f3
P10-J,soak_00090_4096_d0,F_TO_R,3,4096,4096,fixed,9802272,333333343,0.02940681514720236,1114299.5198892665,1114299.5198892665,1114299.5198892665,SOAK_WINDOW,False,False,evidence/hardware/p10/p10_formal_20260730T181535Z_03/stages/p10_j/stage_summary.json,f799b659b2f1a3502d7fa6544d49bae61b443420a0725df1bec451ae44ffd6f3
P10-J,soak_00091_65536_d1,R_TO_F,3,65536,65536,rotating,150644025,333333343,0.4519320618939702,1160103.573538904,1160103.573538904,1160103.573538904,SOAK_WINDOW,False,False,evidence/hardware/p10/p10_formal_20260730T181535Z_03/stages/p10_j/stage_summary.json,f799b659b2f1a3502d7fa6544d49bae61b443420a0725df1bec451ae44ffd6f3
P10-J,soak_00092_1048576_d0,F_TO_R,3,1048576,1048576,fixed,2404444964,333333343,7.2133346828132945,1162930.651198945,1162930.651198945,1162930.651198945,SOAK_WINDOW,False,False,evidence/hardware/p10/p10_formal_20260730T181535Z_03/stages/p10_j/stage_summary.json,f799b659b2f1a3502d7fa6544d49bae61b443420a0725df1bec451ae44ffd6f3
P10-J,soak_00093_4096_d1,R_TO_F,3,4096,4096,rotating,9801323,333333343,0.029403968147284923,1114407.4104510178,1114407.4104510178,1114407.4104510178,SOAK_WINDOW,False,False,evidence/hardware/p10/p10_formal_20260730T181535Z_03/stages/p10_j/stage_summary.json,f799b659b2f1a3502d7fa6544d49bae61b443420a0725df1bec451ae44ffd6f3
P10-J,soak_00094_65536_d0,F_TO_R,3,65536,65536,fixed,150680773,333333343,0.45204230589077316,1159820.6476866428,1159820.6476866428,1159820.6476866428,SOAK_WINDOW,False,False,evidence/hardware/p10/p10_formal_20260730T181535Z_03/stages/p10_j/stage_summary.json,f799b659b2f1a3502d7fa6544d49bae61b443420a0725df1bec451ae44ffd6f3
P10-J,soak_00095_1048576_d1,R_TO_F,3,1048576,1048576,rotating,2404225068,333333343,7.212674994832425,1163037.0155330831,1163037.0155330831,1163037.0155330831,SOAK_WINDOW,False,False,evidence/hardware/p10/p10_formal_20260730T181535Z_03/stages/p10_j/stage_summary.json,f799b659b2f1a3502d7fa6544d49bae61b443420a0725df1bec451ae44ffd6f3
P10-J,soak_00096_4096_d0,F_TO_R,3,4096,4096,fixed,9798452,333333343,0.0293953551475347,1114733.9379142746,1114733.9379142746,1114733.9379142746,SOAK_WINDOW,False,False,evidence/hardware/p10/p10_formal_20260730T181535Z_03/stages/p10_j/stage_summary.json,f799b659b2f1a3502d7fa6544d49bae61b443420a0725df1bec451ae44ffd6f3
P10-J,soak_00097_65536_d1,R_TO_F,3,65536,65536,rotating,150628855,333333343,0.45188655189529,1160220.4088637864,1160220.4088637864,1160220.4088637864,SOAK_WINDOW,False,False,evidence/hardware/p10/p10_formal_20260730T181535Z_03/stages/p10_j/stage_summary.json,f799b659b2f1a3502d7fa6544d49bae61b443420a0725df1bec451ae44ffd6f3
P10-J,soak_00098_1048576_d0,F_TO_R,3,1048576,1048576,fixed,2405149923,333333343,7.215449559751963,1162589.7916038325,1162589.7916038325,1162589.7916038325,SOAK_WINDOW,False,False,evidence/hardware/p10/p10_formal_20260730T181535Z_03/stages/p10_j/stage_summary.json,f799b659b2f1a3502d7fa6544d49bae61b443420a0725df1bec451ae44ffd6f3
P10-J,soak_00099_4096_d1,R_TO_F,3,4096,4096,rotating,9801686,333333343,0.029405057147253343,1114366.13899119,1114366.13899119,1114366.13899119,SOAK_WINDOW,False,False,evidence/hardware/p10/p10_formal_20260730T181535Z_03/stages/p10_j/stage_summary.json,f799b659b2f1a3502d7fa6544d49bae61b443420a0725df1bec451ae44ffd6f3
P10-J,soak_00100_65536_d0,F_TO_R,3,65536,65536,fixed,150654670,333333343,0.4519639968930441,1160021.6026146684,1160021.6026146684,1160021.6026146684,SOAK_WINDOW,False,False,evidence/hardware/p10/p10_formal_20260730T181535Z_03/stages/p10_j/stage_summary.json,f799b659b2f1a3502d7fa6544d49bae61b443420a0725df1bec451ae44ffd6f3
P10-J,soak_00101_1048576_d1,R_TO_F,3,1048576,1048576,rotating,2404465062,333333343,7.2133949768115455,1162920.9307082642,1162920.9307082642,1162920.9307082642,SOAK_WINDOW,False,False,evidence/hardware/p10/p10_formal_20260730T181535Z_03/stages/p10_j/stage_summary.json,f799b659b2f1a3502d7fa6544d49bae61b443420a0725df1bec451ae44ffd6f3
P10-J,soak_00102_4096_d0,F_TO_R,3,4096,4096,fixed,9798158,333333343,0.029394473147560277,1114767.3862193283,1114767.3862193283,1114767.3862193283,SOAK_WINDOW,False,False,evidence/hardware/p10/p10_formal_20260730T181535Z_03/stages/p10_j/stage_summary.json,f799b659b2f1a3502d7fa6544d49bae61b443420a0725df1bec451ae44ffd6f3
P10-J,soak_00103_65536_d1,R_TO_F,3,65536,65536,rotating,150627143,333333343,0.45188141589543895,1160233.595712454,1160233.595712454,1160233.595712454,SOAK_WINDOW,False,False,evidence/hardware/p10/p10_formal_20260730T181535Z_03/stages/p10_j/stage_summary.json,f799b659b2f1a3502d7fa6544d49bae61b443420a0725df1bec451ae44ffd6f3
P10-J,soak_00104_1048576_d0,F_TO_R,3,1048576,1048576,fixed,2404458757,333333343,7.213376061812094,1162923.9801331905,1162923.9801331905,1162923.9801331905,SOAK_WINDOW,False,False,evidence/hardware/p10/p10_formal_20260730T181535Z_03/stages/p10_j/stage_summary.json,f799b659b2f1a3502d7fa6544d49bae61b443420a0725df1bec451ae44ffd6f3
P10-J,soak_00105_4096_d1,R_TO_F,3,4096,4096,rotating,9801078,333333343,0.029403233147306237,1114435.2675719957,1114435.2675719957,1114435.2675719957,SOAK_WINDOW,False,False,evidence/hardware/p10/p10_formal_20260730T181535Z_03/stages/p10_j/stage_summary.json,f799b659b2f1a3502d7fa6544d49bae61b443420a0725df1bec451ae44ffd6f3
P10-J,soak_00106_65536_d0,F_TO_R,3,65536,65536,fixed,150645573,333333343,0.45193670589383556,1160091.652575705,1160091.652575705,1160091.652575705,SOAK_WINDOW,False,False,evidence/hardware/p10/p10_formal_20260730T181535Z_03/stages/p10_j/stage_summary.json,f799b659b2f1a3502d7fa6544d49bae61b443420a0725df1bec451ae44ffd6f3
P10-J,soak_00107_1048576_d1,R_TO_F,3,1048576,1048576,rotating,2405146678,333333343,7.215439824752245,1162591.3601584276,1162591.3601584276,1162591.3601584276,SOAK_WINDOW,False,False,evidence/hardware/p10/p10_formal_20260730T181535Z_03/stages/p10_j/stage_summary.json,f799b659b2f1a3502d7fa6544d49bae61b443420a0725df1bec451ae44ffd6f3
P10-J,soak_00108_4096_d0,F_TO_R,3,4096,4096,fixed,9801421,333333343,0.029404262147276396,1114396.2679925696,1114396.2679925696,1114396.2679925696,SOAK_WINDOW,False,False,evidence/hardware/p10/p10_formal_20260730T181535Z_03/stages/p10_j/stage_summary.json,f799b659b2f1a3502d7fa6544d49bae61b443420a0725df1bec451ae44ffd6f3
P10-J,soak_00109_65536_d1,R_TO_F,3,65536,65536,rotating,150644741,333333343,0.4519342098939079,1160098.059677928,1160098.059677928,1160098.059677928,SOAK_WINDOW,False,False,evidence/hardware/p10/p10_formal_20260730T181535Z_03/stages/p10_j/stage_summary.json,f799b659b2f1a3502d7fa6544d49bae61b443420a0725df1bec451ae44ffd6f3
P10-J,soak_00110_1048576_d0,F_TO_R,3,1048576,1048576,fixed,2404219877,333333343,7.212659421832877,1163039.5266699411,1163039.5266699411,1163039.5266699411,SOAK_WINDOW,False,False,evidence/hardware/p10/p10_formal_20260730T181535Z_03/stages/p10_j/stage_summary.json,f799b659b2f1a3502d7fa6544d49bae61b443420a0725df1bec451ae44ffd6f3
P10-J,soak_00111_4096_d1,R_TO_F,3,4096,4096,rotating,9797041,333333343,0.029391122147657458,1114894.4853271514,1114894.4853271514,1114894.4853271514,SOAK_WINDOW,False,False,evidence/hardware/p10/p10_formal_20260730T181535Z_03/stages/p10_j/stage_summary.json,f799b659b2f1a3502d7fa6544d49bae61b443420a0725df1bec451ae44ffd6f3
P10-J,soak_00112_65536_d0,F_TO_R,3,65536,65536,fixed,150652103,333333343,0.4519562958932674,1160041.3685216461,1160041.3685216461,1160041.3685216461,SOAK_WINDOW,False,False,evidence/hardware/p10/p10_formal_20260730T181535Z_03/stages/p10_j/stage_summary.json,f799b659b2f1a3502d7fa6544d49bae61b443420a0725df1bec451ae44ffd6f3
P10-J,soak_00113_1048576_d1,R_TO_F,3,1048576,1048576,rotating,2405151277,333333343,7.215453621751845,1162589.137114199,1162589.137114199,1162589.137114199,SOAK_WINDOW,False,False,evidence/hardware/p10/p10_formal_20260730T181535Z_03/stages/p10_j/stage_summary.json,f799b659b2f1a3502d7fa6544d49bae61b443420a0725df1bec451ae44ffd6f3
P10-J,soak_00114_4096_d0,F_TO_R,3,4096,4096,fixed,9801842,333333343,0.02940552514723977,1114348.4034351911,1114348.4034351911,1114348.4034351911,SOAK_WINDOW,False,False,evidence/hardware/p10/p10_formal_20260730T181535Z_03/stages/p10_j/stage_summary.json,f799b659b2f1a3502d7fa6544d49bae61b443420a0725df1bec451ae44ffd6f3
P10-J,soak_00115_65536_d1,R_TO_F,3,65536,65536,rotating,150624642,333333343,0.45187391289565654,1160252.860450178,1160252.860450178,1160252.860450178,SOAK_WINDOW,False,False,evidence/hardware/p10/p10_formal_20260730T181535Z_03/stages/p10_j/stage_summary.json,f799b659b2f1a3502d7fa6544d49bae61b443420a0725df1bec451ae44ffd6f3
P10-J,soak_00116_1048576_d0,F_TO_R,3,1048576,1048576,fixed,2404217724,333333343,7.212652962833064,1163040.5681829771,1163040.5681829771,1163040.5681829771,SOAK_WINDOW,False,False,evidence/hardware/p10/p10_formal_20260730T181535Z_03/stages/p10_j/stage_summary.json,f799b659b2f1a3502d7fa6544d49bae61b443420a0725df1bec451ae44ffd6f3
P10-J,soak_00117_4096_d1,R_TO_F,3,4096,4096,rotating,9798422,333333343,0.02939526514753731,1114737.3509146676,1114737.3509146676,1114737.3509146676,SOAK_WINDOW,False,False,evidence/hardware/p10/p10_formal_20260730T181535Z_03/stages/p10_j/stage_summary.json,f799b659b2f1a3502d7fa6544d49bae61b443420a0725df1bec451ae44ffd6f3
P10-J,soak_00118_65536_d0,F_TO_R,3,65536,65536,fixed,150649557,333333343,0.4519486578934889,1160060.9733939278,1160060.9733939278,1160060.9733939278,SOAK_WINDOW,False,False,evidence/hardware/p10/p10_formal_20260730T181535Z_03/stages/p10_j/stage_summary.json,f799b659b2f1a3502d7fa6544d49bae61b443420a0725df1bec451ae44ffd6f3
P10-J,soak_00119_1048576_d1,R_TO_F,3,1048576,1048576,rotating,2404225908,333333343,7.212677514832352,1163036.6091856223,1163036.6091856223,1163036.6091856223,SOAK_WINDOW,False,False,evidence/hardware/p10/p10_formal_20260730T181535Z_03/stages/p10_j/stage_summary.json,f799b659b2f1a3502d7fa6544d49bae61b443420a0725df1bec451ae44ffd6f3
P10-J,soak_00120_4096_d0,F_TO_R,3,4096,4096,fixed,9798173,333333343,0.029394518147558973,1114765.6796245587,1114765.6796245587,1114765.6796245587,SOAK_WINDOW,False,False,evidence/hardware/p10/p10_formal_20260730T181535Z_03/stages/p10_j/stage_summary.json,f799b659b2f1a3502d7fa6544d49bae61b443420a0725df1bec451ae44ffd6f3
P10-J,soak_00121_65536_d1,R_TO_F,3,65536,65536,rotating,150626391,333333343,0.45187915989550437,1160239.388161295,1160239.388161295,1160239.388161295,SOAK_WINDOW,False,False,evidence/hardware/p10/p10_formal_20260730T181535Z_03/stages/p10_j/stage_summary.json,f799b659b2f1a3502d7fa6544d49bae61b443420a0725df1bec451ae44ffd6f3
P10-J,soak_00122_1048576_d0,F_TO_R,3,1048576,1048576,fixed,2405152586,333333343,7.215457548751731,1162588.5043771372,1162588.5043771372,1162588.5043771372,SOAK_WINDOW,False,False,evidence/hardware/p10/p10_formal_20260730T181535Z_03/stages/p10_j/stage_summary.json,f799b659b2f1a3502d7fa6544d49bae61b443420a0725df1bec451ae44ffd6f3
P10-J,soak_00123_4096_d1,R_TO_F,3,4096,4096,rotating,9803197,333333343,0.029409590147121887,1114194.3779589455,1114194.3779589455,1114194.3779589455,SOAK_WINDOW,False,False,evidence/hardware/p10/p10_formal_20260730T181535Z_03/stages/p10_j/stage_summary.json,f799b659b2f1a3502d7fa6544d49bae61b443420a0725df1bec451ae44ffd6f3
P10-J,soak_00124_65536_d0,F_TO_R,3,65536,65536,fixed,150684014,333333343,0.4520520288904912,1159795.7015850665,1159795.7015850665,1159795.7015850665,SOAK_WINDOW,False,False,evidence/hardware/p10/p10_formal_20260730T181535Z_03/stages/p10_j/stage_summary.json,f799b659b2f1a3502d7fa6544d49bae61b443420a0725df1bec451ae44ffd6f3
P10-J,soak_00125_1048576_d1,R_TO_F,3,1048576,1048576,rotating,2404224726,333333343,7.212673968832455,1163037.1809746306,1163037.1809746306,1163037.1809746306,SOAK_WINDOW,False,False,evidence/hardware/p10/p10_formal_20260730T181535Z_03/stages/p10_j/stage_summary.json,f799b659b2f1a3502d7fa6544d49bae61b443420a0725df1bec451ae44ffd6f3
P10-J,soak_00126_4096_d0,F_TO_R,3,4096,4096,fixed,9800082,333333343,0.02940024514739289,1114548.529637201,1114548.529637201,1114548.529637201,SOAK_WINDOW,False,False,evidence/hardware/p10/p10_formal_20260730T181535Z_03/stages/p10_j/stage_summary.json,f799b659b2f1a3502d7fa6544d49bae61b443420a0725df1bec451ae44ffd6f3
P10-J,soak_00127_65536_d1,R_TO_F,3,65536,65536,rotating,150627605,333333343,0.45188280189539876,1160230.037082406,1160230.037082406,1160230.037082406,SOAK_WINDOW,False,False,evidence/hardware/p10/p10_formal_20260730T181535Z_03/stages/p10_j/stage_summary.json,f799b659b2f1a3502d7fa6544d49bae61b443420a0725df1bec451ae44ffd6f3
P10-J,soak_00128_1048576_d0,F_TO_R,3,1048576,1048576,fixed,2405153349,333333343,7.2154598377516646,1162588.135562804,1162588.135562804,1162588.135562804,SOAK_WINDOW,False,False,evidence/hardware/p10/p10_formal_20260730T181535Z_03/stages/p10_j/stage_summary.json,f799b659b2f1a3502d7fa6544d49bae61b443420a0725df1bec451ae44ffd6f3
P10-J,soak_00129_4096_d1,R_TO_F,3,4096,4096,rotating,9800215,333333343,0.02940064414738132,1114533.4039532805,1114533.4039532805,1114533.4039532805,SOAK_WINDOW,False,False,evidence/hardware/p10/p10_formal_20260730T181535Z_03/stages/p10_j/stage_summary.json,f799b659b2f1a3502d7fa6544d49bae61b443420a0725df1bec451ae44ffd6f3
P10-J,soak_00130_65536_d0,F_TO_R,3,65536,65536,fixed,150685147,333333343,0.4520554278903926,1159786.9810936574,1159786.9810936574,1159786.9810936574,SOAK_WINDOW,False,False,evidence/hardware/p10/p10_formal_20260730T181535Z_03/stages/p10_j/stage_summary.json,f799b659b2f1a3502d7fa6544d49bae61b443420a0725df1bec451ae44ffd6f3
P10-J,soak_00131_1048576_d1,R_TO_F,3,1048576,1048576,rotating,2404225746,333333343,7.212677028832366,1163036.6875526106,1163036.6875526106,1163036.6875526106,SOAK_WINDOW,False,False,evidence/hardware/p10/p10_formal_20260730T181535Z_03/stages/p10_j/stage_summary.json,f799b659b2f1a3502d7fa6544d49bae61b443420a0725df1bec451ae44ffd6f3
P10-J,soak_00132_4096_d0,F_TO_R,3,4096,4096,fixed,9800500,333333343,0.029401499147356524,1114500.9931558594,1114500.9931558594,1114500.9931558594,SOAK_WINDOW,False,False,evidence/hardware/p10/p10_formal_20260730T181535Z_03/stages/p10_j/stage_summary.json,f799b659b2f1a3502d7fa6544d49bae61b443420a0725df1bec451ae44ffd6f3
P10-J,soak_00133_65536_d1,R_TO_F,3,65536,65536,rotating,150683019,333333343,0.4520490438905777,1159803.3600241577,1159803.3600241577,1159803.3600241577,SOAK_WINDOW,False,False,evidence/hardware/p10/p10_formal_20260730T181535Z_03/stages/p10_j/stage_summary.json,f799b659b2f1a3502d7fa6544d49bae61b443420a0725df1bec451ae44ffd6f3
P10-J,soak_00134_1048576_d0,F_TO_R,3,1048576,1048576,fixed,2405165335,333333343,7.215495795750622,1162582.3418732018,1162582.3418732018,1162582.3418732018,SOAK_WINDOW,False,False,evidence/hardware/p10/p10_formal_20260730T181535Z_03/stages/p10_j/stage_summary.json,f799b659b2f1a3502d7fa6544d49bae61b443420a0725df1bec451ae44ffd6f3
P10-J,soak_00135_4096_d1,R_TO_F,3,4096,4096,rotating,9798598,333333343,0.029395793147521998,1114717.3282773718,1114717.3282773718,1114717.3282773718,SOAK_WINDOW,False,False,evidence/hardware/p10/p10_formal_20260730T181535Z_03/stages/p10_j/stage_summary.json,f799b659b2f1a3502d7fa6544d49bae61b443420a0725df1bec451ae44ffd6f3
P10-J,soak_00136_65536_d0,F_TO_R,3,65536,65536,fixed,150643201,333333343,0.4519295898940419,1160109.9191644501,1160109.9191644501,1160109.9191644501,SOAK_WINDOW,False,False,evidence/hardware/p10/p10_formal_20260730T181535Z_03/stages/p10_j/stage_summary.json,f799b659b2f1a3502d7fa6544d49bae61b443420a0725df1bec451ae44ffd6f3
P10-J,soak_00137_1048576_d1,R_TO_F,3,1048576,1048576,rotating,2404224846,333333343,7.212674328832445,1163037.1229249595,1163037.1229249595,1163037.1229249595,SOAK_WINDOW,False,False,evidence/hardware/p10/p10_formal_20260730T181535Z_03/stages/p10_j/stage_summary.json,f799b659b2f1a3502d7fa6544d49bae61b443420a0725df1bec451ae44ffd6f3
P10-J,soak_00138_4096_d0,F_TO_R,3,4096,4096,fixed,9801450,333333343,0.029404349147273873,1114392.970777181,1114392.970777181,1114392.970777181,SOAK_WINDOW,False,False,evidence/hardware/p10/p10_formal_20260730T181535Z_03/stages/p10_j/stage_summary.json,f799b659b2f1a3502d7fa6544d49bae61b443420a0725df1bec451ae44ffd6f3
P10-J,soak_00139_65536_d1,R_TO_F,3,65536,65536,rotating,150628208,333333343,0.45188461089534626,1160225.3924097936,1160225.3924097936,1160225.3924097936,SOAK_WINDOW,False,False,evidence/hardware/p10/p10_formal_20260730T181535Z_03/stages/p10_j/stage_summary.json,f799b659b2f1a3502d7fa6544d49bae61b443420a0725df1bec451ae44ffd6f3
P10-J,soak_00140_1048576_d0,F_TO_R,3,1048576,1048576,fixed,2405157411,333333343,7.215472023751311,1162586.172101708,1162586.172101708,1162586.172101708,SOAK_WINDOW,False,False,evidence/hardware/p10/p10_formal_20260730T181535Z_03/stages/p10_j/stage_summary.json,f799b659b2f1a3502d7fa6544d49bae61b443420a0725df1bec451ae44ffd6f3
P10-J,soak_00141_4096_d1,R_TO_F,3,4096,4096,rotating,9797301,333333343,0.02939190214763484,1114864.8983453708,1114864.8983453708,1114864.8983453708,SOAK_WINDOW,False,False,evidence/hardware/p10/p10_formal_20260730T181535Z_03/stages/p10_j/stage_summary.json,f799b659b2f1a3502d7fa6544d49bae61b443420a0725df1bec451ae44ffd6f3
P10-J,soak_00142_65536_d0,F_TO_R,3,65536,65536,fixed,150630417,333333343,0.4518912378951541,1160208.3776664045,1160208.3776664045,1160208.3776664045,SOAK_WINDOW,False,False,evidence/hardware/p10/p10_formal_20260730T181535Z_03/stages/p10_j/stage_summary.json,f799b659b2f1a3502d7fa6544d49bae61b443420a0725df1bec451ae44ffd6f3
P10-J,soak_00143_1048576_d1,R_TO_F,3,1048576,1048576,rotating,2405170664,333333343,7.215511782750158,1162579.7660055545,1162579.7660055545,1162579.7660055545,SOAK_WINDOW,False,False,evidence/hardware/p10/p10_formal_20260730T181535Z_03/stages/p10_j/stage_summary.json,f799b659b2f1a3502d7fa6544d49bae61b443420a0725df1bec451ae44ffd6f3
P10-J,soak_00144_4096_d0,F_TO_R,3,4096,4096,fixed,9798819,333333343,0.029396456147502772,1114692.1872344003,1114692.1872344003,1114692.1872344003,SOAK_WINDOW,False,False,evidence/hardware/p10/p10_formal_20260730T181535Z_03/stages/p10_j/stage_summary.json,f799b659b2f1a3502d7fa6544d49bae61b443420a0725df1bec451ae44ffd6f3
P10-J,soak_00145_65536_d1,R_TO_F,3,65536,65536,rotating,150686348,333333343,0.4520590308902881,1159777.7373620071,1159777.7373620071,1159777.7373620071,SOAK_WINDOW,False,False,evidence/hardware/p10/p10_formal_20260730T181535Z_03/stages/p10_j/stage_summary.json,f799b659b2f1a3502d7fa6544d49bae61b443420a0725df1bec451ae44ffd6f3
P10-J,soak_00146_1048576_d0,F_TO_R,3,1048576,1048576,fixed,2405161851,333333343,7.215485343750925,1162584.025933207,1162584.025933207,1162584.025933207,SOAK_WINDOW,False,False,evidence/hardware/p10/p10_formal_20260730T181535Z_03/stages/p10_j/stage_summary.json,f799b659b2f1a3502d7fa6544d49bae61b443420a0725df1bec451ae44ffd6f3
P10-J,soak_00147_4096_d1,R_TO_F,3,4096,4096,rotating,9797382,333333343,0.02939214514762779,1114855.681183402,1114855.681183402,1114855.681183402,SOAK_WINDOW,False,False,evidence/hardware/p10/p10_formal_20260730T181535Z_03/stages/p10_j/stage_summary.json,f799b659b2f1a3502d7fa6544d49bae61b443420a0725df1bec451ae44ffd6f3
P10-J,soak_00148_65536_d0,F_TO_R,3,65536,65536,fixed,150681785,333333343,0.45204534189068507,1159812.8581685172,1159812.8581685172,1159812.8581685172,SOAK_WINDOW,False,False,evidence/hardware/p10/p10_formal_20260730T181535Z_03/stages/p10_j/stage_summary.json,f799b659b2f1a3502d7fa6544d49bae61b443420a0725df1bec451ae44ffd6f3
P10-J,soak_00149_1048576_d1,R_TO_F,3,1048576,1048576,rotating,2405168557,333333343,7.215505461750341,1162580.7844603981,1162580.7844603981,1162580.7844603981,SOAK_WINDOW,False,False,evidence/hardware/p10/p10_formal_20260730T181535Z_03/stages/p10_j/stage_summary.json,f799b659b2f1a3502d7fa6544d49bae61b443420a0725df1bec451ae44ffd6f3
P10-J,soak_00150_4096_d0,F_TO_R,3,4096,4096,fixed,9798110,333333343,0.029394329147564454,1114772.8473577048,1114772.8473577048,1114772.8473577048,SOAK_WINDOW,False,False,evidence/hardware/p10/p10_formal_20260730T181535Z_03/stages/p10_j/stage_summary.json,f799b659b2f1a3502d7fa6544d49bae61b443420a0725df1bec451ae44ffd6f3
P10-J,soak_00151_65536_d1,R_TO_F,3,65536,65536,rotating,150624850,333333343,0.45187453689563845,1160251.258240483,1160251.258240483,1160251.258240483,SOAK_WINDOW,False,False,evidence/hardware/p10/p10_formal_20260730T181535Z_03/stages/p10_j/stage_summary.json,f799b659b2f1a3502d7fa6544d49bae61b443420a0725df1bec451ae44ffd6f3
P10-J,soak_00152_1048576_d0,F_TO_R,3,1048576,1048576,fixed,2405157210,333333343,7.215471420751329,1162586.2692595234,1162586.2692595234,1162586.2692595234,SOAK_WINDOW,False,False,evidence/hardware/p10/p10_formal_20260730T181535Z_03/stages/p10_j/stage_summary.json,f799b659b2f1a3502d7fa6544d49bae61b443420a0725df1bec451ae44ffd6f3
P10-J,soak_00153_4096_d1,R_TO_F,3,4096,4096,rotating,9801307,333333343,0.029403920147286315,1114409.2296490662,1114409.2296490662,1114409.2296490662,SOAK_WINDOW,False,False,evidence/hardware/p10/p10_formal_20260730T181535Z_03/stages/p10_j/stage_summary.json,f799b659b2f1a3502d7fa6544d49bae61b443420a0725df1bec451ae44ffd6f3
P10-J,soak_00154_65536_d0,F_TO_R,3,65536,65536,fixed,150681984,333333343,0.4520459388906678,1159811.3264475202,1159811.3264475202,1159811.3264475202,SOAK_WINDOW,False,False,evidence/hardware/p10/p10_formal_20260730T181535Z_03/stages/p10_j/stage_summary.json,f799b659b2f1a3502d7fa6544d49bae61b443420a0725df1bec451ae44ffd6f3
P10-J,soak_00155_1048576_d1,R_TO_F,3,1048576,1048576,rotating,2405167262,333333343,7.215501576750454,1162581.4104219018,1162581.4104219018,1162581.4104219018,SOAK_WINDOW,False,False,evidence/hardware/p10/p10_formal_20260730T181535Z_03/stages/p10_j/stage_summary.json,f799b659b2f1a3502d7fa6544d49bae61b443420a0725df1bec451ae44ffd6f3
P10-J,soak_00156_4096_d0,F_TO_R,3,4096,4096,fixed,9801622,333333343,0.029404865147258912,1114373.4152800424,1114373.4152800424,1114373.4152800424,SOAK_WINDOW,False,False,evidence/hardware/p10/p10_formal_20260730T181535Z_03/stages/p10_j/stage_summary.json,f799b659b2f1a3502d7fa6544d49bae61b443420a0725df1bec451ae44ffd6f3
P10-J,soak_00157_65536_d1,R_TO_F,3,65536,65536,rotating,150681233,333333343,0.4520436858907331,1159817.1069836149,1159817.1069836149,1159817.1069836149,SOAK_WINDOW,False,False,evidence/hardware/p10/p10_formal_20260730T181535Z_03/stages/p10_j/stage_summary.json,f799b659b2f1a3502d7fa6544d49bae61b443420a0725df1bec451ae44ffd6f3
P10-J,soak_00158_1048576_d0,F_TO_R,3,1048576,1048576,fixed,2404222366,333333343,7.21266688883266,1163038.3226193413,1163038.3226193413,1163038.3226193413,SOAK_WINDOW,False,False,evidence/hardware/p10/p10_formal_20260730T181535Z_03/stages/p10_j/stage_summary.json,f799b659b2f1a3502d7fa6544d49bae61b443420a0725df1bec451ae44ffd6f3
P10-J,soak_00159_4096_d1,R_TO_F,3,4096,4096,rotating,9798029,333333343,0.029394086147571503,1114782.0631500478,1114782.0631500478,1114782.0631500478,SOAK_WINDOW,False,False,evidence/hardware/p10/p10_formal_20260730T181535Z_03/stages/p10_j/stage_summary.json,f799b659b2f1a3502d7fa6544d49bae61b443420a0725df1bec451ae44ffd6f3
P10-J,soak_00160_65536_d0,F_TO_R,3,65536,65536,fixed,150684974,333333343,0.45205490889040767,1159788.3126341715,1159788.3126341715,1159788.3126341715,SOAK_WINDOW,False,False,evidence/hardware/p10/p10_formal_20260730T181535Z_03/stages/p10_j/stage_summary.json,f799b659b2f1a3502d7fa6544d49bae61b443420a0725df1bec451ae44ffd6f3
P10-J,soak_00161_1048576_d1,R_TO_F,3,1048576,1048576,rotating,2404225112,333333343,7.212675126832421,1163036.994248209,1163036.994248209,1163036.994248209,SOAK_WINDOW,False,False,evidence/hardware/p10/p10_formal_20260730T181535Z_03/stages/p10_j/stage_summary.json,f799b659b2f1a3502d7fa6544d49bae61b443420a0725df1bec451ae44ffd6f3
P10-J,soak_00162_4096_d0,F_TO_R,3,4096,4096,fixed,9799165,333333343,0.02939749414747267,1114652.8284220134,1114652.8284220134,1114652.8284220134,SOAK_WINDOW,False,False,evidence/hardware/p10/p10_formal_20260730T181535Z_03/stages/p10_j/stage_summary.json,f799b659b2f1a3502d7fa6544d49bae61b443420a0725df1bec451ae44ffd6f3
P10-J,soak_00163_65536_d1,R_TO_F,3,65536,65536,rotating,150685143,333333343,0.45205541589039294,1159787.011880687,1159787.011880687,1159787.011880687,SOAK_WINDOW,False,False,evidence/hardware/p10/p10_formal_20260730T181535Z_03/stages/p10_j/stage_summary.json,f799b659b2f1a3502d7fa6544d49bae61b443420a0725df1bec451ae44ffd6f3
P10-J,soak_00164_1048576_d0,F_TO_R,3,1048576,1048576,fixed,2405159997,333333343,7.215479781751086,1162584.9221026038,1162584.9221026038,1162584.9221026038,SOAK_WINDOW,False,False,evidence/hardware/p10/p10_formal_20260730T181535Z_03/stages/p10_j/stage_summary.json,f799b659b2f1a3502d7fa6544d49bae61b443420a0725df1bec451ae44ffd6f3
P10-J,soak_00165_4096_d1,R_TO_F,3,4096,4096,rotating,9798925,333333343,0.02939677414749355,1114680.1290370116,1114680.1290370116,1114680.1290370116,SOAK_WINDOW,False,False,evidence/hardware/p10/p10_formal_20260730T181535Z_03/stages/p10_j/stage_summary.json,f799b659b2f1a3502d7fa6544d49bae61b443420a0725df1bec451ae44ffd6f3
P10-J,soak_00166_65536_d0,F_TO_R,3,65536,65536,fixed,150681535,333333343,0.45204459189070684,1159814.7824468606,1159814.7824468606,1159814.7824468606,SOAK_WINDOW,False,False,evidence/hardware/p10/p10_formal_20260730T181535Z_03/stages/p10_j/stage_summary.json,f799b659b2f1a3502d7fa6544d49bae61b443420a0725df1bec451ae44ffd6f3
P10-J,soak_00167_1048576_d1,R_TO_F,3,1048576,1048576,rotating,2405167218,333333343,7.215501444750458,1162581.4316901038,1162581.4316901038,1162581.4316901038,SOAK_WINDOW,False,False,evidence/hardware/p10/p10_formal_20260730T181535Z_03/stages/p10_j/stage_summary.json,f799b659b2f1a3502d7fa6544d49bae61b443420a0725df1bec451ae44ffd6f3
P10-J,soak_00168_4096_d0,F_TO_R,3,4096,4096,fixed,9800316,333333343,0.02940094714737253,1114521.9178059157,1114521.9178059157,1114521.9178059157,SOAK_WINDOW,False,False,evidence/hardware/p10/p10_formal_20260730T181535Z_03/stages/p10_j/stage_summary.json,f799b659b2f1a3502d7fa6544d49bae61b443420a0725df1bec451ae44ffd6f3
P10-J,soak_00169_65536_d1,R_TO_F,3,65536,65536,rotating,150628037,333333343,0.45188409789536116,1160226.7095519807,1160226.7095519807,1160226.7095519807,SOAK_WINDOW,False,False,evidence/hardware/p10/p10_formal_20260730T181535Z_03/stages/p10_j/stage_summary.json,f799b659b2f1a3502d7fa6544d49bae61b443420a0725df1bec451ae44ffd6f3
P10-J,soak_00170_1048576_d0,F_TO_R,3,1048576,1048576,fixed,2405155991,333333343,7.215467763751435,1162586.8584906035,1162586.8584906035,1162586.8584906035,SOAK_WINDOW,False,False,evidence/hardware/p10/p10_formal_20260730T181535Z_03/stages/p10_j/stage_summary.json,f799b659b2f1a3502d7fa6544d49bae61b443420a0725df1bec451ae44ffd6f3
P10-J,soak_00171_4096_d1,R_TO_F,3,4096,4096,rotating,9800865,333333343,0.02940259414732477,1114459.487343617,1114459.487343617,1114459.487343617,SOAK_WINDOW,False,False,evidence/hardware/p10/p10_formal_20260730T181535Z_03/stages/p10_j/stage_summary.json,f799b659b2f1a3502d7fa6544d49bae61b443420a0725df1bec451ae44ffd6f3
P10-J,soak_00172_65536_d0,F_TO_R,3,65536,65536,fixed,150683204,333333343,0.4520495988905616,1159801.9360856172,1159801.9360856172,1159801.9360856172,SOAK_WINDOW,False,False,evidence/hardware/p10/p10_formal_20260730T181535Z_03/stages/p10_j/stage_summary.json,f799b659b2f1a3502d7fa6544d49bae61b443420a0725df1bec451ae44ffd6f3
P10-J,soak_00173_1048576_d1,R_TO_F,3,1048576,1048576,rotating,2405147064,333333343,7.215440982752211,1162591.1735751324,1162591.1735751324,1162591.1735751324,SOAK_WINDOW,False,False,evidence/hardware/p10/p10_formal_20260730T181535Z_03/stages/p10_j/stage_summary.json,f799b659b2f1a3502d7fa6544d49bae61b443420a0725df1bec451ae44ffd6f3
P10-J,soak_00174_4096_d0,F_TO_R,3,4096,4096,fixed,9804164,333333343,0.029412491147037756,1114084.4832281468,1114084.4832281468,1114084.4832281468,SOAK_WINDOW,False,False,evidence/hardware/p10/p10_formal_20260730T181535Z_03/stages/p10_j/stage_summary.json,f799b659b2f1a3502d7fa6544d49bae61b443420a0725df1bec451ae44ffd6f3
P10-J,soak_00175_65536_d1,R_TO_F,3,65536,65536,rotating,150628410,333333343,0.45188521689532873,1160223.8364912968,1160223.8364912968,1160223.8364912968,SOAK_WINDOW,False,False,evidence/hardware/p10/p10_formal_20260730T181535Z_03/stages/p10_j/stage_summary.json,f799b659b2f1a3502d7fa6544d49bae61b443420a0725df1bec451ae44ffd6f3
P10-J,soak_00176_1048576_d0,F_TO_R,3,1048576,1048576,fixed,2404211026,333333343,7.212632868833647,1163043.8083501842,1163043.8083501842,1163043.8083501842,SOAK_WINDOW,False,False,evidence/hardware/p10/p10_formal_20260730T181535Z_03/stages/p10_j/stage_summary.json,f799b659b2f1a3502d7fa6544d49bae61b443420a0725df1bec451ae44ffd6f3
P10-J,soak_00177_4096_d1,R_TO_F,3,4096,4096,rotating,9801972,333333343,0.02940591514722846,1114333.624236429,1114333.624236429,1114333.624236429,SOAK_WINDOW,False,False,evidence/hardware/p10/p10_formal_20260730T181535Z_03/stages/p10_j/stage_summary.json,f799b659b2f1a3502d7fa6544d49bae61b443420a0725df1bec451ae44ffd6f3
P10-J,soak_00178_65536_d0,F_TO_R,3,65536,65536,fixed,150682412,333333343,0.45204722289063054,1159808.0321065208,1159808.0321065208,1159808.0321065208,SOAK_WINDOW,False,False,evidence/hardware/p10/p10_formal_20260730T181535Z_03/stages/p10_j/stage_summary.json,f799b659b2f1a3502d7fa6544d49bae61b443420a0725df1bec451ae44ffd6f3
P10-J,soak_00179_1048576_d1,R_TO_F,3,1048576,1048576,rotating,2404469394,333333343,7.213407972811169,1162918.8355377102,1162918.8355377102,1162918.8355377102,SOAK_WINDOW,False,False,evidence/hardware/p10/p10_formal_20260730T181535Z_03/stages/p10_j/stage_summary.json,f799b659b2f1a3502d7fa6544d49bae61b443420a0725df1bec451ae44ffd6f3
P10-J,soak_00180_4096_d0,F_TO_R,3,4096,4096,fixed,9797490,333333343,0.029392469147618394,1114843.3918711834,1114843.3918711834,1114843.3918711834,SOAK_WINDOW,False,False,evidence/hardware/p10/p10_formal_20260730T181535Z_03/stages/p10_j/stage_summary.json,f799b659b2f1a3502d7fa6544d49bae61b443420a0725df1bec451ae44ffd6f3
P10-J,soak_00181_65536_d1,R_TO_F,3,65536,65536,rotating,150640787,333333343,0.4519223478942519,1160128.509782573,1160128.509782573,1160128.509782573,SOAK_WINDOW,False,False,evidence/hardware/p10/p10_formal_20260730T181535Z_03/stages/p10_j/stage_summary.json,f799b659b2f1a3502d7fa6544d49bae61b443420a0725df1bec451ae44ffd6f3
P10-J,soak_00182_1048576_d0,F_TO_R,3,1048576,1048576,fixed,2405150612,333333343,7.215451626751903,1162589.4585584248,1162589.4585584248,1162589.4585584248,SOAK_WINDOW,False,False,evidence/hardware/p10/p10_formal_20260730T181535Z_03/stages/p10_j/stage_summary.json,f799b659b2f1a3502d7fa6544d49bae61b443420a0725df1bec451ae44ffd6f3
P10-J,soak_00183_4096_d1,R_TO_F,3,4096,4096,rotating,9800514,333333343,0.02940154114735531,1114499.4010950853,1114499.4010950853,1114499.4010950853,SOAK_WINDOW,False,False,evidence/hardware/p10/p10_formal_20260730T181535Z_03/stages/p10_j/stage_summary.json,f799b659b2f1a3502d7fa6544d49bae61b443420a0725df1bec451ae44ffd6f3
P10-J,soak_00184_65536_d0,F_TO_R,3,65536,65536,fixed,150686077,333333343,0.4520582178903117,1159779.8231536946,1159779.8231536946,1159779.8231536946,SOAK_WINDOW,False,False,evidence/hardware/p10/p10_formal_20260730T181535Z_03/stages/p10_j/stage_summary.json,f799b659b2f1a3502d7fa6544d49bae61b443420a0725df1bec451ae44ffd6f3
P10-J,soak_00185_1048576_d1,R_TO_F,3,1048576,1048576,rotating,2405172554,333333343,7.215517452749994,1162578.852442927,1162578.852442927,1162578.852442927,SOAK_WINDOW,False,False,evidence/hardware/p10/p10_formal_20260730T181535Z_03/stages/p10_j/stage_summary.json,f799b659b2f1a3502d7fa6544d49bae61b443420a0725df1bec451ae44ffd6f3
P10-J,soak_00186_4096_d0,F_TO_R,3,4096,4096,fixed,9798560,333333343,0.029395679147525305,1114721.6512859033,1114721.6512859033,1114721.6512859033,SOAK_WINDOW,False,False,evidence/hardware/p10/p10_formal_20260730T181535Z_03/stages/p10_j/stage_summary.json,f799b659b2f1a3502d7fa6544d49bae61b443420a0725df1bec451ae44ffd6f3
P10-J,soak_00187_65536_d1,R_TO_F,3,65536,65536,rotating,150624465,333333343,0.45187338189567194,1160254.2238724898,1160254.2238724898,1160254.2238724898,SOAK_WINDOW,False,False,evidence/hardware/p10/p10_formal_20260730T181535Z_03/stages/p10_j/stage_summary.json,f799b659b2f1a3502d7fa6544d49bae61b443420a0725df1bec451ae44ffd6f3
P10-J,soak_00188_1048576_d0,F_TO_R,3,1048576,1048576,fixed,2405163120,333333343,7.215489150750814,1162583.4125365035,1162583.4125365035,1162583.4125365035,SOAK_WINDOW,False,False,evidence/hardware/p10/p10_formal_20260730T181535Z_03/stages/p10_j/stage_summary.json,f799b659b2f1a3502d7fa6544d49bae61b443420a0725df1bec451ae44ffd6f3
P10-J,soak_00189_4096_d1,R_TO_F,3,4096,4096,rotating,9797788,333333343,0.029393363147592468,1114809.4838777895,1114809.4838777895,1114809.4838777895,SOAK_WINDOW,False,False,evidence/hardware/p10/p10_formal_20260730T181535Z_03/stages/p10_j/stage_summary.json,f799b659b2f1a3502d7fa6544d49bae61b443420a0725df1bec451ae44ffd6f3
P10-J,soak_00190_65536_d0,F_TO_R,3,65536,65536,fixed,150625824,333333343,0.4518774588955537,1160243.7556443443,1160243.7556443443,1160243.7556443443,SOAK_WINDOW,False,False,evidence/hardware/p10/p10_formal_20260730T181535Z_03/stages/p10_j/stage_summary.json,f799b659b2f1a3502d7fa6544d49bae61b443420a0725df1bec451ae44ffd6f3
P10-J,soak_00191_1048576_d1,R_TO_F,3,1048576,1048576,rotating,2405166750,333333343,7.215500040750499,1162581.6579064815,1162581.6579064815,1162581.6579064815,SOAK_WINDOW,False,False,evidence/hardware/p10/p10_formal_20260730T181535Z_03/stages/p10_j/stage_summary.json,f799b659b2f1a3502d7fa6544d49bae61b443420a0725df1bec451ae44ffd6f3
P10-J,soak_00192_4096_d0,F_TO_R,3,4096,4096,fixed,9798607,333333343,0.029395820147521217,1114716.3044118413,1114716.3044118413,1114716.3044118413,SOAK_WINDOW,False,False,evidence/hardware/p10/p10_formal_20260730T181535Z_03/stages/p10_j/stage_summary.json,f799b659b2f1a3502d7fa6544d49bae61b443420a0725df1bec451ae44ffd6f3
P10-J,soak_00193_65536_d1,R_TO_F,3,65536,65536,rotating,150643818,333333343,0.45193144089398823,1160105.1676397633,1160105.1676397633,1160105.1676397633,SOAK_WINDOW,False,False,evidence/hardware/p10/p10_formal_20260730T181535Z_03/stages/p10_j/stage_summary.json,f799b659b2f1a3502d7fa6544d49bae61b443420a0725df1bec451ae44ffd6f3
P10-J,soak_00194_1048576_d0,F_TO_R,3,1048576,1048576,fixed,2405161254,333333343,7.215483552750977,1162584.3145054025,1162584.3145054025,1162584.3145054025,SOAK_WINDOW,False,False,evidence/hardware/p10/p10_formal_20260730T181535Z_03/stages/p10_j/stage_summary.json,f799b659b2f1a3502d7fa6544d49bae61b443420a0725df1bec451ae44ffd6f3
P10-J,soak_00195_4096_d1,R_TO_F,3,4096,4096,rotating,9798547,333333343,0.029395640147526436,1114723.130217572,1114723.130217572,1114723.130217572,SOAK_WINDOW,False,False,evidence/hardware/p10/p10_formal_20260730T181535Z_03/stages/p10_j/stage_summary.json,f799b659b2f1a3502d7fa6544d49bae61b443420a0725df1bec451ae44ffd6f3
P10-J,soak_00196_65536_d0,F_TO_R,3,65536,65536,fixed,150695036,333333343,0.45208509488953225,1159710.8728570463,1159710.8728570463,1159710.8728570463,SOAK_WINDOW,False,False,evidence/hardware/p10/p10_formal_20260730T181535Z_03/stages/p10_j/stage_summary.json,f799b659b2f1a3502d7fa6544d49bae61b443420a0725df1bec451ae44ffd6f3
P10-J,soak_00197_1048576_d1,R_TO_F,3,1048576,1048576,rotating,2405146101,333333343,7.2154380937522955,1162591.6390667297,1162591.6390667297,1162591.6390667297,SOAK_WINDOW,False,False,evidence/hardware/p10/p10_formal_20260730T181535Z_03/stages/p10_j/stage_summary.json,f799b659b2f1a3502d7fa6544d49bae61b443420a0725df1bec451ae44ffd6f3
P10-J,soak_00198_4096_d0,F_TO_R,3,4096,4096,fixed,9798659,333333343,0.02939597614751669,1114710.3887811587,1114710.3887811587,1114710.3887811587,SOAK_WINDOW,False,False,evidence/hardware/p10/p10_formal_20260730T181535Z_03/stages/p10_j/stage_summary.json,f799b659b2f1a3502d7fa6544d49bae61b443420a0725df1bec451ae44ffd6f3
P10-J,soak_00199_65536_d1,R_TO_F,3,65536,65536,rotating,150639680,333333343,0.4519190268943482,1160137.0351741586,1160137.0351741586,1160137.0351741586,SOAK_WINDOW,False,False,evidence/hardware/p10/p10_formal_20260730T181535Z_03/stages/p10_j/stage_summary.json,f799b659b2f1a3502d7fa6544d49bae61b443420a0725df1bec451ae44ffd6f3
P10-J,soak_00200_1048576_d0,F_TO_R,3,1048576,1048576,fixed,2405151825,333333343,7.215455265751797,1162588.8722249556,1162588.8722249556,1162588.8722249556,SOAK_WINDOW,False,False,evidence/hardware/p10/p10_formal_20260730T181535Z_03/stages/p10_j/stage_summary.json,f799b659b2f1a3502d7fa6544d49bae61b443420a0725df1bec451ae44ffd6f3
P10-J,soak_00201_4096_d1,R_TO_F,3,4096,4096,rotating,9797130,333333343,0.029391389147649716,1114884.3572989232,1114884.3572989232,1114884.3572989232,SOAK_WINDOW,False,False,evidence/hardware/p10/p10_formal_20260730T181535Z_03/stages/p10_j/stage_summary.json,f799b659b2f1a3502d7fa6544d49bae61b443420a0725df1bec451ae44ffd6f3
P10-J,soak_00202_65536_d0,F_TO_R,3,65536,65536,fixed,150683722,333333343,0.45205115289051656,1159797.9490763044,1159797.9490763044,1159797.9490763044,SOAK_WINDOW,False,False,evidence/hardware/p10/p10_formal_20260730T181535Z_03/stages/p10_j/stage_summary.json,f799b659b2f1a3502d7fa6544d49bae61b443420a0725df1bec451ae44ffd6f3
P10-J,soak_00203_1048576_d1,R_TO_F,3,1048576,1048576,rotating,2405150268,333333343,7.215450594751933,1162589.6248394174,1162589.6248394174,1162589.6248394174,SOAK_WINDOW,False,False,evidence/hardware/p10/p10_formal_20260730T181535Z_03/stages/p10_j/stage_summary.json,f799b659b2f1a3502d7fa6544d49bae61b443420a0725df1bec451ae44ffd6f3
P10-J,soak_00204_4096_d0,F_TO_R,3,4096,4096,fixed,9800186,333333343,0.029400557147383842,1114536.7019997376,1114536.7019997376,1114536.7019997376,SOAK_WINDOW,False,False,evidence/hardware/p10/p10_formal_20260730T181535Z_03/stages/p10_j/stage_summary.json,f799b659b2f1a3502d7fa6544d49bae61b443420a0725df1bec451ae44ffd6f3
P10-J,soak_00205_65536_d1,R_TO_F,3,65536,65536,rotating,150645112,333333343,0.4519353228938756,1160095.2026560544,1160095.2026560544,1160095.2026560544,SOAK_WINDOW,False,False,evidence/hardware/p10/p10_formal_20260730T181535Z_03/stages/p10_j/stage_summary.json,f799b659b2f1a3502d7fa6544d49bae61b443420a0725df1bec451ae44ffd6f3
P10-J,soak_00206_1048576_d0,F_TO_R,3,1048576,1048576,fixed,2404202708,333333343,7.21260791483437,1163047.8322198712,1163047.8322198712,1163047.8322198712,SOAK_WINDOW,False,False,evidence/hardware/p10/p10_formal_20260730T181535Z_03/stages/p10_j/stage_summary.json,f799b659b2f1a3502d7fa6544d49bae61b443420a0725df1bec451ae44ffd6f3
P10-J,soak_00207_4096_d1,R_TO_F,3,4096,4096,rotating,9798340,333333343,0.029395019147544443,1114746.6798890424,1114746.6798890424,1114746.6798890424,SOAK_WINDOW,False,False,evidence/hardware/p10/p10_formal_20260730T181535Z_03/stages/p10_j/stage_summary.json,f799b659b2f1a3502d7fa6544d49bae61b443420a0725df1bec451ae44ffd6f3
P10-J,soak_00208_65536_d0,F_TO_R,3,65536,65536,fixed,150642813,333333343,0.45192842589407567,1160112.907177218,1160112.907177218,1160112.907177218,SOAK_WINDOW,False,False,evidence/hardware/p10/p10_formal_20260730T181535Z_03/stages/p10_j/stage_summary.json,f799b659b2f1a3502d7fa6544d49bae61b443420a0725df1bec451ae44ffd6f3
P10-J,soak_00209_1048576_d1,R_TO_F,3,1048576,1048576,rotating,2404225534,333333343,7.2126763928323845,1163036.7901069568,1163036.7901069568,1163036.7901069568,SOAK_WINDOW,False,False,evidence/hardware/p10/p10_formal_20260730T181535Z_03/stages/p10_j/stage_summary.json,f799b659b2f1a3502d7fa6544d49bae61b443420a0725df1bec451ae44ffd6f3
P10-J,soak_00210_4096_d0,F_TO_R,3,4096,4096,fixed,9798993,333333343,0.029396978147487634,1114672.393726988,1114672.393726988,1114672.393726988,SOAK_WINDOW,False,False,evidence/hardware/p10/p10_formal_20260730T181535Z_03/stages/p10_j/stage_summary.json,f799b659b2f1a3502d7fa6544d49bae61b443420a0725df1bec451ae44ffd6f3
P10-J,soak_00211_65536_d1,R_TO_F,3,65536,65536,rotating,150681242,333333343,0.4520437128907323,1159817.037709206,1159817.037709206,1159817.037709206,SOAK_WINDOW,False,False,evidence/hardware/p10/p10_formal_20260730T181535Z_03/stages/p10_j/stage_summary.json,f799b659b2f1a3502d7fa6544d49bae61b443420a0725df1bec451ae44ffd6f3
P10-J,soak_00212_1048576_d0,F_TO_R,3,1048576,1048576,fixed,2404212723,333333343,7.212637959833499,1163042.9874222672,1163042.9874222672,1163042.9874222672,SOAK_WINDOW,False,False,evidence/hardware/p10/p10_formal_20260730T181535Z_03/stages/p10_j/stage_summary.json,f799b659b2f1a3502d7fa6544d49bae61b443420a0725df1bec451ae44ffd6f3
P10-J,soak_00213_4096_d1,R_TO_F,3,4096,4096,rotating,9797466,333333343,0.029392397147620482,1114846.1228060399,1114846.1228060399,1114846.1228060399,SOAK_WINDOW,False,False,evidence/hardware/p10/p10_formal_20260730T181535Z_03/stages/p10_j/stage_summary.json,f799b659b2f1a3502d7fa6544d49bae61b443420a0725df1bec451ae44ffd6f3
P10-J,soak_00214_65536_d0,F_TO_R,3,65536,65536,fixed,150631292,333333343,0.451893862895078,1160201.6381482275,1160201.6381482275,1160201.6381482275,SOAK_WINDOW,False,False,evidence/hardware/p10/p10_formal_20260730T181535Z_03/stages/p10_j/stage_summary.json,f799b659b2f1a3502d7fa6544d49bae61b443420a0725df1bec451ae44ffd6f3
P10-J,soak_00215_1048576_d1,R_TO_F,3,1048576,1048576,rotating,2405173470,333333343,7.215520200749914,1162578.4096797574,1162578.4096797574,1162578.4096797574,SOAK_WINDOW,False,False,evidence/hardware/p10/p10_formal_20260730T181535Z_03/stages/p10_j/stage_summary.json,f799b659b2f1a3502d7fa6544d49bae61b443420a0725df1bec451ae44ffd6f3
P10-J,soak_00216_4096_d0,F_TO_R,3,4096,4096,fixed,9797836,333333343,0.02939350714758829,1114804.0223804521,1114804.0223804521,1114804.0223804521,SOAK_WINDOW,False,False,evidence/hardware/p10/p10_formal_20260730T181535Z_03/stages/p10_j/stage_summary.json,f799b659b2f1a3502d7fa6544d49bae61b443420a0725df1bec451ae44ffd6f3
P10-J,soak_00217_65536_d1,R_TO_F,3,65536,65536,rotating,150682593,333333343,0.4520477658906148,1159806.6389445793,1159806.6389445793,1159806.6389445793,SOAK_WINDOW,False,False,evidence/hardware/p10/p10_formal_20260730T181535Z_03/stages/p10_j/stage_summary.json,f799b659b2f1a3502d7fa6544d49bae61b443420a0725df1bec451ae44ffd6f3
P10-J,soak_00218_1048576_d0,F_TO_R,3,1048576,1048576,fixed,2404210132,333333343,7.212630186833724,1163044.2408253457,1163044.2408253457,1163044.2408253457,SOAK_WINDOW,False,False,evidence/hardware/p10/p10_formal_20260730T181535Z_03/stages/p10_j/stage_summary.json,f799b659b2f1a3502d7fa6544d49bae61b443420a0725df1bec451ae44ffd6f3
P10-J,soak_00219_4096_d1,R_TO_F,3,4096,4096,rotating,9800742,333333343,0.02940222514733547,1114473.4738884056,1114473.4738884056,1114473.4738884056,SOAK_WINDOW,False,False,evidence/hardware/p10/p10_formal_20260730T181535Z_03/stages/p10_j/stage_summary.json,f799b659b2f1a3502d7fa6544d49bae61b443420a0725df1bec451ae44ffd6f3
P10-J,soak_00220_65536_d0,F_TO_R,3,65536,65536,fixed,150684083,333333343,0.45205223589048515,1159795.1705010808,1159795.1705010808,1159795.1705010808,SOAK_WINDOW,False,False,evidence/hardware/p10/p10_formal_20260730T181535Z_03/stages/p10_j/stage_summary.json,f799b659b2f1a3502d7fa6544d49bae61b443420a0725df1bec451ae44ffd6f3
P10-J,soak_00221_1048576_d1,R_TO_F,3,1048576,1048576,rotating,2404468210,333333343,7.213404420811272,1162919.40817822,1162919.40817822,1162919.40817822,SOAK_WINDOW,False,False,evidence/hardware/p10/p10_formal_20260730T181535Z_03/stages/p10_j/stage_summary.json,f799b659b2f1a3502d7fa6544d49bae61b443420a0725df1bec451ae44ffd6f3
P10-J,soak_00222_4096_d0,F_TO_R,3,4096,4096,fixed,9798930,333333343,0.029396789147493115,1114679.560260559,1114679.560260559,1114679.560260559,SOAK_WINDOW,False,False,evidence/hardware/p10/p10_formal_20260730T181535Z_03/stages/p10_j/stage_summary.json,f799b659b2f1a3502d7fa6544d49bae61b443420a0725df1bec451ae44ffd6f3
P10-J,soak_00223_65536_d1,R_TO_F,3,65536,65536,rotating,150626637,333333343,0.45187989789548294,1160237.493284697,1160237.493284697,1160237.493284697,SOAK_WINDOW,False,False,evidence/hardware/p10/p10_formal_20260730T181535Z_03/stages/p10_j/stage_summary.json,f799b659b2f1a3502d7fa6544d49bae61b443420a0725df1bec451ae44ffd6f3
P10-J,soak_00224_1048576_d0,F_TO_R,3,1048576,1048576,fixed,2405157283,333333343,7.215471639751322,1162586.2339733497,1162586.2339733497,1162586.2339733497,SOAK_WINDOW,False,False,evidence/hardware/p10/p10_formal_20260730T181535Z_03/stages/p10_j/stage_summary.json,f799b659b2f1a3502d7fa6544d49bae61b443420a0725df1bec451ae44ffd6f3
P10-J,soak_00225_4096_d1,R_TO_F,3,4096,4096,rotating,9800758,333333343,0.02940227314733408,1114471.6544806024,1114471.6544806024,1114471.6544806024,SOAK_WINDOW,False,False,evidence/hardware/p10/p10_formal_20260730T181535Z_03/stages/p10_j/stage_summary.json,f799b659b2f1a3502d7fa6544d49bae61b443420a0725df1bec451ae44ffd6f3
P10-J,soak_00226_65536_d0,F_TO_R,3,65536,65536,fixed,150681836,333333343,0.45204549489068063,1159812.4656165193,1159812.4656165193,1159812.4656165193,SOAK_WINDOW,False,False,evidence/hardware/p10/p10_formal_20260730T181535Z_03/stages/p10_j/stage_summary.json,f799b659b2f1a3502d7fa6544d49bae61b443420a0725df1bec451ae44ffd6f3
P10-J,soak_00227_1048576_d1,R_TO_F,3,1048576,1048576,rotating,2404219216,333333343,7.2126574388329345,1163039.8464282735,1163039.8464282735,1163039.8464282735,SOAK_WINDOW,False,False,evidence/hardware/p10/p10_formal_20260730T181535Z_03/stages/p10_j/stage_summary.json,f799b659b2f1a3502d7fa6544d49bae61b443420a0725df1bec451ae44ffd6f3
P10-J,soak_00228_4096_d0,F_TO_R,3,4096,4096,fixed,9796955,333333343,0.02939086414766494,1114904.272135985,1114904.272135985,1114904.272135985,SOAK_WINDOW,False,False,evidence/hardware/p10/p10_formal_20260730T181535Z_03/stages/p10_j/stage_summary.json,f799b659b2f1a3502d7fa6544d49bae61b443420a0725df1bec451ae44ffd6f3
P10-J,soak_00229_65536_d1,R_TO_F,3,65536,65536,rotating,150641998,333333343,0.45192598089414654,1160119.1835943651,1160119.1835943651,1160119.1835943651,SOAK_WINDOW,False,False,evidence/hardware/p10/p10_formal_20260730T181535Z_03/stages/p10_j/stage_summary.json,f799b659b2f1a3502d7fa6544d49bae61b443420a0725df1bec451ae44ffd6f3
P10-J,soak_00230_1048576_d0,F_TO_R,3,1048576,1048576,fixed,2404215278,333333343,7.212645624833277,1163041.7514369295,1163041.7514369295,1163041.7514369295,SOAK_WINDOW,False,False,evidence/hardware/p10/p10_formal_20260730T181535Z_03/stages/p10_j/stage_summary.json,f799b659b2f1a3502d7fa6544d49bae61b443420a0725df1bec451ae44ffd6f3
P10-J,soak_00231_4096_d1,R_TO_F,3,4096,4096,rotating,9802244,333333343,0.029406731147204795,1114302.702873342,1114302.702873342,1114302.702873342,SOAK_WINDOW,False,False,evidence/hardware/p10/p10_formal_20260730T181535Z_03/stages/p10_j/stage_summary.json,f799b659b2f1a3502d7fa6544d49bae61b443420a0725df1bec451ae44ffd6f3
P10-J,soak_00232_65536_d0,F_TO_R,3,65536,65536,fixed,150632837,333333343,0.4518984978949436,1160189.7382758847,1160189.7382758847,1160189.7382758847,SOAK_WINDOW,False,False,evidence/hardware/p10/p10_formal_20260730T181535Z_03/stages/p10_j/stage_summary.json,f799b659b2f1a3502d7fa6544d49bae61b443420a0725df1bec451ae44ffd6f3
P10-J,soak_00233_1048576_d1,R_TO_F,3,1048576,1048576,rotating,2404470168,333333343,7.213410294811101,1162918.461193628,1162918.461193628,1162918.461193628,SOAK_WINDOW,False,False,evidence/hardware/p10/p10_formal_20260730T181535Z_03/stages/p10_j/stage_summary.json,f799b659b2f1a3502d7fa6544d49bae61b443420a0725df1bec451ae44ffd6f3
P10-J,soak_00234_4096_d0,F_TO_R,3,4096,4096,fixed,9801978,333333343,0.02940593314722794,1114332.9421290273,1114332.9421290273,1114332.9421290273,SOAK_WINDOW,False,False,evidence/hardware/p10/p10_formal_20260730T181535Z_03/stages/p10_j/stage_summary.json,f799b659b2f1a3502d7fa6544d49bae61b443420a0725df1bec451ae44ffd6f3
P10-J,soak_00235_65536_d1,R_TO_F,3,65536,65536,rotating,150682581,333333343,0.4520477298906158,1159806.7313088034,1159806.7313088034,1159806.7313088034,SOAK_WINDOW,False,False,evidence/hardware/p10/p10_formal_20260730T181535Z_03/stages/p10_j/stage_summary.json,f799b659b2f1a3502d7fa6544d49bae61b443420a0725df1bec451ae44ffd6f3
P10-J,soak_00236_1048576_d0,F_TO_R,3,1048576,1048576,fixed,2405144882,333333343,7.2154344367524015,1162592.2283032527,1162592.2283032527,1162592.2283032527,SOAK_WINDOW,False,False,evidence/hardware/p10/p10_formal_20260730T181535Z_03/stages/p10_j/stage_summary.json,f799b659b2f1a3502d7fa6544d49bae61b443420a0725df1bec451ae44ffd6f3
P10-J,soak_00237_4096_d1,R_TO_F,3,4096,4096,rotating,9801870,333333343,0.029405609147237336,1114345.220190025,1114345.220190025,1114345.220190025,SOAK_WINDOW,False,False,evidence/hardware/p10/p10_formal_20260730T181535Z_03/stages/p10_j/stage_summary.json,f799b659b2f1a3502d7fa6544d49bae61b443420a0725df1bec451ae44ffd6f3
P10-J,soak_00238_65536_d0,F_TO_R,3,65536,65536,fixed,150624802,333333343,0.45187439289564263,1160251.627980789,1160251.627980789,1160251.627980789,SOAK_WINDOW,False,False,evidence/hardware/p10/p10_formal_20260730T181535Z_03/stages/p10_j/stage_summary.json,f799b659b2f1a3502d7fa6544d49bae61b443420a0725df1bec451ae44ffd6f3
P10-J,soak_00239_1048576_d1,R_TO_F,3,1048576,1048576,rotating,2405147981,333333343,7.2154437337521315,1162590.730319202,1162590.730319202,1162590.730319202,SOAK_WINDOW,False,False,evidence/hardware/p10/p10_formal_20260730T181535Z_03/stages/p10_j/stage_summary.json,f799b659b2f1a3502d7fa6544d49bae61b443420a0725df1bec451ae44ffd6f3
P10-J,soak_00240_4096_d0,F_TO_R,3,4096,4096,fixed,9799281,333333343,0.029397842147462577,1114639.6336041389,1114639.6336041389,1114639.6336041389,SOAK_WINDOW,False,False,evidence/hardware/p10/p10_formal_20260730T181535Z_03/stages/p10_j/stage_summary.json,f799b659b2f1a3502d7fa6544d49bae61b443420a0725df1bec451ae44ffd6f3
P10-J,soak_00241_65536_d1,R_TO_F,3,65536,65536,rotating,150686775,333333343,0.452060311890251,1159774.4509084092,1159774.4509084092,1159774.4509084092,SOAK_WINDOW,False,False,evidence/hardware/p10/p10_formal_20260730T181535Z_03/stages/p10_j/stage_summary.json,f799b659b2f1a3502d7fa6544d49bae61b443420a0725df1bec451ae44ffd6f3
P10-J,soak_00242_1048576_d0,F_TO_R,3,1048576,1048576,fixed,2404213513,333333343,7.21264032983343,1163042.6052582227,1163042.6052582227,1163042.6052582227,SOAK_WINDOW,False,False,evidence/hardware/p10/p10_formal_20260730T181535Z_03/stages/p10_j/stage_summary.json,f799b659b2f1a3502d7fa6544d49bae61b443420a0725df1bec451ae44ffd6f3
P10-J,soak_00243_4096_d1,R_TO_F,3,4096,4096,rotating,9803427,333333343,0.029410280147101876,1114168.237640164,1114168.237640164,1114168.237640164,SOAK_WINDOW,False,False,evidence/hardware/p10/p10_formal_20260730T181535Z_03/stages/p10_j/stage_summary.json,f799b659b2f1a3502d7fa6544d49bae61b443420a0725df1bec451ae44ffd6f3
P10-J,soak_00244_65536_d0,F_TO_R,3,65536,65536,fixed,150643650,333333343,0.4519309368940028,1160106.4614060002,1160106.4614060002,1160106.4614060002,SOAK_WINDOW,False,False,evidence/hardware/p10/p10_formal_20260730T181535Z_03/stages/p10_j/stage_summary.json,f799b659b2f1a3502d7fa6544d49bae61b443420a0725df1bec451ae44ffd6f3
P10-J,soak_00245_1048576_d1,R_TO_F,3,1048576,1048576,rotating,2404468452,333333343,7.213405146811251,1162919.291135097,1162919.291135097,1162919.291135097,SOAK_WINDOW,False,False,evidence/hardware/p10/p10_formal_20260730T181535Z_03/stages/p10_j/stage_summary.json,f799b659b2f1a3502d7fa6544d49bae61b443420a0725df1bec451ae44ffd6f3
P10-J,soak_00246_4096_d0,F_TO_R,3,4096,4096,fixed,9796923,333333343,0.029390768147667723,1114907.9137831337,1114907.9137831337,1114907.9137831337,SOAK_WINDOW,False,False,evidence/hardware/p10/p10_formal_20260730T181535Z_03/stages/p10_j/stage_summary.json,f799b659b2f1a3502d7fa6544d49bae61b443420a0725df1bec451ae44ffd6f3
P10-J,soak_00247_65536_d1,R_TO_F,3,65536,65536,rotating,150685086,333333343,0.4520552448903979,1159787.4505960331,1159787.4505960331,1159787.4505960331,SOAK_WINDOW,False,False,evidence/hardware/p10/p10_formal_20260730T181535Z_03/stages/p10_j/stage_summary.json,f799b659b2f1a3502d7fa6544d49bae61b443420a0725df1bec451ae44ffd6f3
P10-J,soak_00248_1048576_d0,F_TO_R,3,1048576,1048576,fixed,2405170917,333333343,7.215512541750137,1162579.6437137544,1162579.6437137544,1162579.6437137544,SOAK_WINDOW,False,False,evidence/hardware/p10/p10_formal_20260730T181535Z_03/stages/p10_j/stage_summary.json,f799b659b2f1a3502d7fa6544d49bae61b443420a0725df1bec451ae44ffd6f3
P10-J,soak_00249_4096_d1,R_TO_F,3,4096,4096,rotating,9802002,333333343,0.029406005147225852,1114330.2137077712,1114330.2137077712,1114330.2137077712,SOAK_WINDOW,False,False,evidence/hardware/p10/p10_formal_20260730T181535Z_03/stages/p10_j/stage_summary.json,f799b659b2f1a3502d7fa6544d49bae61b443420a0725df1bec451ae44ffd6f3
P10-J,soak_00250_65536_d0,F_TO_R,3,65536,65536,fixed,150686758,333333343,0.4520602608902524,1159774.5817504681,1159774.5817504681,1159774.5817504681,SOAK_WINDOW,False,False,evidence/hardware/p10/p10_formal_20260730T181535Z_03/stages/p10_j/stage_summary.json,f799b659b2f1a3502d7fa6544d49bae61b443420a0725df1bec451ae44ffd6f3
P10-J,soak_00251_1048576_d1,R_TO_F,3,1048576,1048576,rotating,2405171831,333333343,7.215515283750057,1162579.201916715,1162579.201916715,1162579.201916715,SOAK_WINDOW,False,False,evidence/hardware/p10/p10_formal_20260730T181535Z_03/stages/p10_j/stage_summary.json,f799b659b2f1a3502d7fa6544d49bae61b443420a0725df1bec451ae44ffd6f3
P10-J,soak_00252_4096_d0,F_TO_R,3,4096,4096,fixed,9800638,333333343,0.02940191314734452,1114485.3001839267,1114485.3001839267,1114485.3001839267,SOAK_WINDOW,False,False,evidence/hardware/p10/p10_formal_20260730T181535Z_03/stages/p10_j/stage_summary.json,f799b659b2f1a3502d7fa6544d49bae61b443420a0725df1bec451ae44ffd6f3
P10-J,soak_00253_65536_d1,R_TO_F,3,65536,65536,rotating,150683229,333333343,0.45204967389055944,1159801.743661758,1159801.743661758,1159801.743661758,SOAK_WINDOW,False,False,evidence/hardware/p10/p10_formal_20260730T181535Z_03/stages/p10_j/stage_summary.json,f799b659b2f1a3502d7fa6544d49bae61b443420a0725df1bec451ae44ffd6f3
P10-J,soak_00254_1048576_d0,F_TO_R,3,1048576,1048576,fixed,2404458601,333333343,7.213375593812108,1162924.0555830821,1162924.0555830821,1162924.0555830821,SOAK_WINDOW,False,False,evidence/hardware/p10/p10_formal_20260730T181535Z_03/stages/p10_j/stage_summary.json,f799b659b2f1a3502d7fa6544d49bae61b443420a0725df1bec451ae44ffd6f3
P10-J,soak_00255_4096_d1,R_TO_F,3,4096,4096,rotating,9798104,333333343,0.029394311147564977,1114773.530003764,1114773.530003764,1114773.530003764,SOAK_WINDOW,False,False,evidence/hardware/p10/p10_formal_20260730T181535Z_03/stages/p10_j/stage_summary.json,f799b659b2f1a3502d7fa6544d49bae61b443420a0725df1bec451ae44ffd6f3
P10-J,soak_00256_65536_d0,F_TO_R,3,65536,65536,fixed,150632234,333333343,0.451896688894996,1160194.3826630362,1160194.3826630362,1160194.3826630362,SOAK_WINDOW,False,False,evidence/hardware/p10/p10_formal_20260730T181535Z_03/stages/p10_j/stage_summary.json,f799b659b2f1a3502d7fa6544d49bae61b443420a0725df1bec451ae44ffd6f3
P10-J,soak_00257_1048576_d1,R_TO_F,3,1048576,1048576,rotating,2405150304,333333343,7.215450702751929,1162589.6074379159,1162589.6074379159,1162589.6074379159,SOAK_WINDOW,False,False,evidence/hardware/p10/p10_formal_20260730T181535Z_03/stages/p10_j/stage_summary.json,f799b659b2f1a3502d7fa6544d49bae61b443420a0725df1bec451ae44ffd6f3
P10-J,soak_00258_4096_d0,F_TO_R,3,4096,4096,fixed,9797679,333333343,0.029393036147601952,1114821.8862267279,1114821.8862267279,1114821.8862267279,SOAK_WINDOW,False,False,evidence/hardware/p10/p10_formal_20260730T181535Z_03/stages/p10_j/stage_summary.json,f799b659b2f1a3502d7fa6544d49bae61b443420a0725df1bec451ae44ffd6f3
P10-J,soak_00259_65536_d1,R_TO_F,3,65536,65536,rotating,150682767,333333343,0.45204828789059964,1159805.2996649842,1159805.2996649842,1159805.2996649842,SOAK_WINDOW,False,False,evidence/hardware/p10/p10_formal_20260730T181535Z_03/stages/p10_j/stage_summary.json,f799b659b2f1a3502d7fa6544d49bae61b443420a0725df1bec451ae44ffd6f3
P10-J,soak_00260_1048576_d0,F_TO_R,3,1048576,1048576,fixed,2404215245,333333343,7.212645525833279,1163041.7674007155,1163041.7674007155,1163041.7674007155,SOAK_WINDOW,False,False,evidence/hardware/p10/p10_formal_20260730T181535Z_03/stages/p10_j/stage_summary.json,f799b659b2f1a3502d7fa6544d49bae61b443420a0725df1bec451ae44ffd6f3
P10-J,soak_00261_4096_d1,R_TO_F,3,4096,4096,rotating,9801310,333333343,0.029403929147286054,1114408.8885489798,1114408.8885489798,1114408.8885489798,SOAK_WINDOW,False,False,evidence/hardware/p10/p10_formal_20260730T181535Z_03/stages/p10_j/stage_summary.json,f799b659b2f1a3502d7fa6544d49bae61b443420a0725df1bec451ae44ffd6f3
P10-J,soak_00262_65536_d0,F_TO_R,3,65536,65536,fixed,150684412,333333343,0.4520532228904565,1159792.6382377495,1159792.6382377495,1159792.6382377495,SOAK_WINDOW,False,False,evidence/hardware/p10/p10_formal_20260730T181535Z_03/stages/p10_j/stage_summary.json,f799b659b2f1a3502d7fa6544d49bae61b443420a0725df1bec451ae44ffd6f3
P10-J,soak_00263_1048576_d1,R_TO_F,3,1048576,1048576,rotating,2404220920,333333343,7.212662550832786,1163039.0221197077,1163039.0221197077,1163039.0221197077,SOAK_WINDOW,False,False,evidence/hardware/p10/p10_formal_20260730T181535Z_03/stages/p10_j/stage_summary.json,f799b659b2f1a3502d7fa6544d49bae61b443420a0725df1bec451ae44ffd6f3
P10-J,soak_00264_4096_d0,F_TO_R,3,4096,4096,fixed,9801696,333333343,0.029405087147252474,1114365.00207964,1114365.00207964,1114365.00207964,SOAK_WINDOW,False,False,evidence/hardware/p10/p10_formal_20260730T181535Z_03/stages/p10_j/stage_summary.json,f799b659b2f1a3502d7fa6544d49bae61b443420a0725df1bec451ae44ffd6f3
P10-J,soak_00265_65536_d1,R_TO_F,3,65536,65536,rotating,150628062,333333343,0.451884172895359,1160226.5169871468,1160226.5169871468,1160226.5169871468,SOAK_WINDOW,False,False,evidence/hardware/p10/p10_formal_20260730T181535Z_03/stages/p10_j/stage_summary.json,f799b659b2f1a3502d7fa6544d49bae61b443420a0725df1bec451ae44ffd6f3
P10-J,soak_00266_1048576_d0,F_TO_R,3,1048576,1048576,fixed,2405154353,333333343,7.215462849751577,1162587.6502557024,1162587.6502557024,1162587.6502557024,SOAK_WINDOW,False,False,evidence/hardware/p10/p10_formal_20260730T181535Z_03/stages/p10_j/stage_summary.json,f799b659b2f1a3502d7fa6544d49bae61b443420a0725df1bec451ae44ffd6f3
P10-J,soak_00267_4096_d1,R_TO_F,3,4096,4096,rotating,9800542,333333343,0.02940162514735287,1114496.2169871829,1114496.2169871829,1114496.2169871829,SOAK_WINDOW,False,False,evidence/hardware/p10/p10_formal_20260730T181535Z_03/stages/p10_j/stage_summary.json,f799b659b2f1a3502d7fa6544d49bae61b443420a0725df1bec451ae44ffd6f3
P10-J,soak_00268_65536_d0,F_TO_R,3,65536,65536,fixed,150684290,333333343,0.45205285689046715,1159793.5772520413,1159793.5772520413,1159793.5772520413,SOAK_WINDOW,False,False,evidence/hardware/p10/p10_formal_20260730T181535Z_03/stages/p10_j/stage_summary.json,f799b659b2f1a3502d7fa6544d49bae61b443420a0725df1bec451ae44ffd6f3
P10-J,soak_00269_1048576_d1,R_TO_F,3,1048576,1048576,rotating,2404472319,333333343,7.213416747810914,1162917.4208665714,1162917.4208665714,1162917.4208665714,SOAK_WINDOW,False,False,evidence/hardware/p10/p10_formal_20260730T181535Z_03/stages/p10_j/stage_summary.json,f799b659b2f1a3502d7fa6544d49bae61b443420a0725df1bec451ae44ffd6f3
P10-J,soak_00270_4096_d0,F_TO_R,3,4096,4096,fixed,9797658,333333343,0.02939297314760378,1114824.2757018055,1114824.2757018055,1114824.2757018055,SOAK_WINDOW,False,False,evidence/hardware/p10/p10_formal_20260730T181535Z_03/stages/p10_j/stage_summary.json,f799b659b2f1a3502d7fa6544d49bae61b443420a0725df1bec451ae44ffd6f3
P10-J,soak_00271_65536_d1,R_TO_F,3,65536,65536,rotating,150643248,333333343,0.4519297308940378,1160109.557215495,1160109.557215495,1160109.557215495,SOAK_WINDOW,False,False,evidence/hardware/p10/p10_formal_20260730T181535Z_03/stages/p10_j/stage_summary.json,f799b659b2f1a3502d7fa6544d49bae61b443420a0725df1bec451ae44ffd6f3
P10-J,soak_00272_1048576_d0,F_TO_R,3,1048576,1048576,fixed,2405153071,333333343,7.215459003751689,1162588.2699407383,1162588.2699407383,1162588.2699407383,SOAK_WINDOW,False,False,evidence/hardware/p10/p10_formal_20260730T181535Z_03/stages/p10_j/stage_summary.json,f799b659b2f1a3502d7fa6544d49bae61b443420a0725df1bec451ae44ffd6f3
P10-J,soak_00273_4096_d1,R_TO_F,3,4096,4096,rotating,9797953,333333343,0.029393858147578115,1114790.7102048765,1114790.7102048765,1114790.7102048765,SOAK_WINDOW,False,False,evidence/hardware/p10/p10_formal_20260730T181535Z_03/stages/p10_j/stage_summary.json,f799b659b2f1a3502d7fa6544d49bae61b443420a0725df1bec451ae44ffd6f3
P10-J,soak_00274_65536_d0,F_TO_R,3,65536,65536,fixed,150682339,333333343,0.4520470038906369,1159808.593990461,1159808.593990461,1159808.593990461,SOAK_WINDOW,False,False,evidence/hardware/p10/p10_formal_20260730T181535Z_03/stages/p10_j/stage_summary.json,f799b659b2f1a3502d7fa6544d49bae61b443420a0725df1bec451ae44ffd6f3
P10-J,soak_00275_1048576_d1,R_TO_F,3,1048576,1048576,rotating,2405171755,333333343,7.215515055750063,1162579.238652561,1162579.238652561,1162579.238652561,SOAK_WINDOW,False,False,evidence/hardware/p10/p10_formal_20260730T181535Z_03/stages/p10_j/stage_summary.json,f799b659b2f1a3502d7fa6544d49bae61b443420a0725df1bec451ae44ffd6f3
P10-J,soak_00276_4096_d0,F_TO_R,3,4096,4096,fixed,9798208,333333343,0.029394623147555927,1114761.6975904165,1114761.6975904165,1114761.6975904165,SOAK_WINDOW,False,False,evidence/hardware/p10/p10_formal_20260730T181535Z_03/stages/p10_j/stage_summary.json,f799b659b2f1a3502d7fa6544d49bae61b443420a0725df1bec451ae44ffd6f3
P10-J,soak_00277_65536_d1,R_TO_F,3,65536,65536,rotating,150686034,333333343,0.4520580888903154,1159780.1541102608,1159780.1541102608,1159780.1541102608,SOAK_WINDOW,False,False,evidence/hardware/p10/p10_formal_20260730T181535Z_03/stages/p10_j/stage_summary.json,f799b659b2f1a3502d7fa6544d49bae61b443420a0725df1bec451ae44ffd6f3
P10-J,soak_00278_1048576_d0,F_TO_R,3,1048576,1048576,fixed,2405164757,333333343,7.215494061750673,1162582.621260546,1162582.621260546,1162582.621260546,SOAK_WINDOW,False,False,evidence/hardware/p10/p10_formal_20260730T181535Z_03/stages/p10_j/stage_summary.json,f799b659b2f1a3502d7fa6544d49bae61b443420a0725df1bec451ae44ffd6f3
P10-J,soak_00279_4096_d1,R_TO_F,3,4096,4096,rotating,9799992,333333343,0.029399975147400722,1114558.7652953186,1114558.7652953186,1114558.7652953186,SOAK_WINDOW,False,False,evidence/hardware/p10/p10_formal_20260730T181535Z_03/stages/p10_j/stage_summary.json,f799b659b2f1a3502d7fa6544d49bae61b443420a0725df1bec451ae44ffd6f3
P10-J,soak_00280_65536_d0,F_TO_R,3,65536,65536,fixed,150642927,333333343,0.4519287678940657,1160112.029254344,1160112.029254344,1160112.029254344,SOAK_WINDOW,False,False,evidence/hardware/p10/p10_formal_20260730T181535Z_03/stages/p10_j/stage_summary.json,f799b659b2f1a3502d7fa6544d49bae61b443420a0725df1bec451ae44ffd6f3
P10-J,soak_00281_1048576_d1,R_TO_F,3,1048576,1048576,rotating,2405166438,333333343,7.215499104750526,1162581.808717449,1162581.808717449,1162581.808717449,SOAK_WINDOW,False,False,evidence/hardware/p10/p10_formal_20260730T181535Z_03/stages/p10_j/stage_summary.json,f799b659b2f1a3502d7fa6544d49bae61b443420a0725df1bec451ae44ffd6f3
P10-J,soak_00282_4096_d0,F_TO_R,3,4096,4096,fixed,9802078,333333343,0.029406233147219237,1114321.5737952709,1114321.5737952709,1114321.5737952709,SOAK_WINDOW,False,False,evidence/hardware/p10/p10_formal_20260730T181535Z_03/stages/p10_j/stage_summary.json,f799b659b2f1a3502d7fa6544d49bae61b443420a0725df1bec451ae44ffd6f3
P10-J,soak_00283_65536_d1,R_TO_F,3,65536,65536,rotating,150682381,333333343,0.4520471298906332,1159808.2707147028,1159808.2707147028,1159808.2707147028,SOAK_WINDOW,False,False,evidence/hardware/p10/p10_formal_20260730T181535Z_03/stages/p10_j/stage_summary.json,f799b659b2f1a3502d7fa6544d49bae61b443420a0725df1bec451ae44ffd6f3
P10-J,soak_00284_1048576_d0,F_TO_R,3,1048576,1048576,fixed,2404210969,333333343,7.2126326978336515,1163043.8359240943,1163043.8359240943,1163043.8359240943,SOAK_WINDOW,False,False,evidence/hardware/p10/p10_formal_20260730T181535Z_03/stages/p10_j/stage_summary.json,f799b659b2f1a3502d7fa6544d49bae61b443420a0725df1bec451ae44ffd6f3
P10-J,soak_00285_4096_d1,R_TO_F,3,4096,4096,rotating,9800921,333333343,0.0294027621473199,1114453.1196021272,1114453.1196021272,1114453.1196021272,SOAK_WINDOW,False,False,evidence/hardware/p10/p10_formal_20260730T181535Z_03/stages/p10_j/stage_summary.json,f799b659b2f1a3502d7fa6544d49bae61b443420a0725df1bec451ae44ffd6f3
P10-J,soak_00286_65536_d0,F_TO_R,3,65536,65536,fixed,150621911,333333343,0.45186571989589414,1160273.8975658328,1160273.8975658328,1160273.8975658328,SOAK_WINDOW,False,False,evidence/hardware/p10/p10_formal_20260730T181535Z_03/stages/p10_j/stage_summary.json,f799b659b2f1a3502d7fa6544d49bae61b443420a0725df1bec451ae44ffd6f3
P10-J,soak_00287_1048576_d1,R_TO_F,3,1048576,1048576,rotating,2405147412,333333343,7.215442026752181,1162591.005360192,1162591.005360192,1162591.005360192,SOAK_WINDOW,False,False,evidence/hardware/p10/p10_formal_20260730T181535Z_03/stages/p10_j/stage_summary.json,f799b659b2f1a3502d7fa6544d49bae61b443420a0725df1bec451ae44ffd6f3
P10-J,soak_00288_4096_d0,F_TO_R,3,4096,4096,fixed,9801713,333333343,0.029405138147250993,1114363.0693353293,1114363.0693353293,1114363.0693353293,SOAK_WINDOW,False,False,evidence/hardware/p10/p10_formal_20260730T181535Z_03/stages/p10_j/stage_summary.json,f799b659b2f1a3502d7fa6544d49bae61b443420a0725df1bec451ae44ffd6f3
P10-J,soak_00289_65536_d1,R_TO_F,3,65536,65536,rotating,150625724,333333343,0.4518771588955624,1160244.5259269525,1160244.5259269525,1160244.5259269525,SOAK_WINDOW,False,False,evidence/hardware/p10/p10_formal_20260730T181535Z_03/stages/p10_j/stage_summary.json,f799b659b2f1a3502d7fa6544d49bae61b443420a0725df1bec451ae44ffd6f3
P10-J,soak_00290_1048576_d0,F_TO_R,3,1048576,1048576,fixed,2404219817,333333343,7.212659241832882,1163039.555694896,1163039.555694896,1163039.555694896,SOAK_WINDOW,False,False,evidence/hardware/p10/p10_formal_20260730T181535Z_03/stages/p10_j/stage_summary.json,f799b659b2f1a3502d7fa6544d49bae61b443420a0725df1bec451ae44ffd6f3
P10-J,soak_00291_4096_d1,R_TO_F,3,4096,4096,rotating,9798943,333333343,0.029396828147491984,1114678.0814444986,1114678.0814444986,1114678.0814444986,SOAK_WINDOW,False,False,evidence/hardware/p10/p10_formal_20260730T181535Z_03/stages/p10_j/stage_summary.json,f799b659b2f1a3502d7fa6544d49bae61b443420a0725df1bec451ae44ffd6f3
P10-J,soak_00292_65536_d0,F_TO_R,3,65536,65536,fixed,150686757,333333343,0.4520602578902525,1159774.5894470606,1159774.5894470606,1159774.5894470606,SOAK_WINDOW,False,False,evidence/hardware/p10/p10_formal_20260730T181535Z_03/stages/p10_j/stage_summary.json,f799b659b2f1a3502d7fa6544d49bae61b443420a0725df1bec451ae44ffd6f3
P10-J,soak_00293_1048576_d1,R_TO_F,3,1048576,1048576,rotating,2404223993,333333343,7.212671769832519,1163037.535561498,1163037.535561498,1163037.535561498,SOAK_WINDOW,False,False,evidence/hardware/p10/p10_formal_20260730T181535Z_03/stages/p10_j/stage_summary.json,f799b659b2f1a3502d7fa6544d49bae61b443420a0725df1bec451ae44ffd6f3
P10-J,soak_00294_4096_d0,F_TO_R,3,4096,4096,fixed,9800804,333333343,0.029402411147330075,1114466.4237162585,1114466.4237162585,1114466.4237162585,SOAK_WINDOW,False,False,evidence/hardware/p10/p10_formal_20260730T181535Z_03/stages/p10_j/stage_summary.json,f799b659b2f1a3502d7fa6544d49bae61b443420a0725df1bec451ae44ffd6f3
P10-J,soak_00295_65536_d1,R_TO_F,3,65536,65536,rotating,150683805,333333343,0.45205140189050935,1159797.3102337308,1159797.3102337308,1159797.3102337308,SOAK_WINDOW,False,False,evidence/hardware/p10/p10_formal_20260730T181535Z_03/stages/p10_j/stage_summary.json,f799b659b2f1a3502d7fa6544d49bae61b443420a0725df1bec451ae44ffd6f3
P10-J,soak_00296_1048576_d0,F_TO_R,3,1048576,1048576,fixed,2404451217,333333343,7.2133534418127505,1162927.6268891522,1162927.6268891522,1162927.6268891522,SOAK_WINDOW,False,False,evidence/hardware/p10/p10_formal_20260730T181535Z_03/stages/p10_j/stage_summary.json,f799b659b2f1a3502d7fa6544d49bae61b443420a0725df1bec451ae44ffd6f3
P10-J,soak_00297_4096_d1,R_TO_F,3,4096,4096,rotating,9798688,333333343,0.029396063147514168,1114707.0897067036,1114707.0897067036,1114707.0897067036,SOAK_WINDOW,False,False,evidence/hardware/p10/p10_formal_20260730T181535Z_03/stages/p10_j/stage_summary.json,f799b659b2f1a3502d7fa6544d49bae61b443420a0725df1bec451ae44ffd6f3
P10-J,soak_00298_65536_d0,F_TO_R,3,65536,65536,fixed,150684151,333333343,0.4520524398904792,1159794.64711444,1159794.64711444,1159794.64711444,SOAK_WINDOW,False,False,evidence/hardware/p10/p10_formal_20260730T181535Z_03/stages/p10_j/stage_summary.json,f799b659b2f1a3502d7fa6544d49bae61b443420a0725df1bec451ae44ffd6f3
P10-J,soak_00299_1048576_d1,R_TO_F,3,1048576,1048576,rotating,2404221246,333333343,7.212663528832758,1163038.8644176153,1163038.8644176153,1163038.8644176153,SOAK_WINDOW,False,False,evidence/hardware/p10/p10_formal_20260730T181535Z_03/stages/p10_j/stage_summary.json,f799b659b2f1a3502d7fa6544d49bae61b443420a0725df1bec451ae44ffd6f3
P10-J,soak_00300_4096_d0,F_TO_R,3,4096,4096,fixed,9798938,333333343,0.02939681314749242,1114678.650219442,1114678.650219442,1114678.650219442,SOAK_WINDOW,False,False,evidence/hardware/p10/p10_formal_20260730T181535Z_03/stages/p10_j/stage_summary.json,f799b659b2f1a3502d7fa6544d49bae61b443420a0725df1bec451ae44ffd6f3
P10-J,soak_00301_65536_d1,R_TO_F,3,65536,65536,rotating,150685525,333333343,0.4520565618903597,1159784.0717267569,1159784.0717267569,1159784.0717267569,SOAK_WINDOW,False,False,evidence/hardware/p10/p10_formal_20260730T181535Z_03/stages/p10_j/stage_summary.json,f799b659b2f1a3502d7fa6544d49bae61b443420a0725df1bec451ae44ffd6f3
P10-J,soak_00302_1048576_d0,F_TO_R,3,1048576,1048576,fixed,2404201955,333333343,7.212605655834436,1163048.196488362,1163048.196488362,1163048.196488362,SOAK_WINDOW,False,False,evidence/hardware/p10/p10_formal_20260730T181535Z_03/stages/p10_j/stage_summary.json,f799b659b2f1a3502d7fa6544d49bae61b443420a0725df1bec451ae44ffd6f3
P10-J,soak_00303_4096_d1,R_TO_F,3,4096,4096,rotating,9800638,333333343,0.02940191314734452,1114485.3001839267,1114485.3001839267,1114485.3001839267,SOAK_WINDOW,False,False,evidence/hardware/p10/p10_formal_20260730T181535Z_03/stages/p10_j/stage_summary.json,f799b659b2f1a3502d7fa6544d49bae61b443420a0725df1bec451ae44ffd6f3
P10-J,soak_00304_65536_d0,F_TO_R,3,65536,65536,fixed,150638893,333333343,0.4519166658944167,1160143.0962107773,1160143.0962107773,1160143.0962107773,SOAK_WINDOW,False,False,evidence/hardware/p10/p10_formal_20260730T181535Z_03/stages/p10_j/stage_summary.json,f799b659b2f1a3502d7fa6544d49bae61b443420a0725df1bec451ae44ffd6f3
P10-J,soak_00305_1048576_d1,R_TO_F,3,1048576,1048576,rotating,2404466295,333333343,7.213398675811439,1162920.3343674003,1162920.3343674003,1162920.3343674003,SOAK_WINDOW,False,False,evidence/hardware/p10/p10_formal_20260730T181535Z_03/stages/p10_j/stage_summary.json,f799b659b2f1a3502d7fa6544d49bae61b443420a0725df1bec451ae44ffd6f3
P10-J,soak_00306_4096_d0,F_TO_R,3,4096,4096,fixed,9798656,333333343,0.029395967147516952,1114710.7300658375,1114710.7300658375,1114710.7300658375,SOAK_WINDOW,False,False,evidence/hardware/p10/p10_formal_20260730T181535Z_03/stages/p10_j/stage_summary.json,f799b659b2f1a3502d7fa6544d49bae61b443420a0725df1bec451ae44ffd6f3
P10-J,soak_00307_65536_d1,R_TO_F,3,65536,65536,rotating,150682935,333333343,0.45204879189058506,1159804.006570379,1159804.006570379,1159804.006570379,SOAK_WINDOW,False,False,evidence/hardware/p10/p10_formal_20260730T181535Z_03/stages/p10_j/stage_summary.json,f799b659b2f1a3502d7fa6544d49bae61b443420a0725df1bec451ae44ffd6f3
P10-J,soak_00308_1048576_d0,F_TO_R,3,1048576,1048576,fixed,2404447238,333333343,7.213341504813096,1162929.5513601718,1162929.5513601718,1162929.5513601718,SOAK_WINDOW,False,False,evidence/hardware/p10/p10_formal_20260730T181535Z_03/stages/p10_j/stage_summary.json,f799b659b2f1a3502d7fa6544d49bae61b443420a0725df1bec451ae44ffd6f3
P10-J,soak_00309_4096_d1,R_TO_F,3,4096,4096,rotating,9802284,333333343,0.02940685114720132,1114298.1557588007,1114298.1557588007,1114298.1557588007,SOAK_WINDOW,False,False,evidence/hardware/p10/p10_formal_20260730T181535Z_03/stages/p10_j/stage_summary.json,f799b659b2f1a3502d7fa6544d49bae61b443420a0725df1bec451ae44ffd6f3
P10-J,soak_00310_65536_d0,F_TO_R,3,65536,65536,fixed,150626588,333333343,0.4518797508954872,1160237.870718973,1160237.870718973,1160237.870718973,SOAK_WINDOW,False,False,evidence/hardware/p10/p10_formal_20260730T181535Z_03/stages/p10_j/stage_summary.json,f799b659b2f1a3502d7fa6544d49bae61b443420a0725df1bec451ae44ffd6f3
P10-J,soak_00311_1048576_d1,R_TO_F,3,1048576,1048576,rotating,2404220338,333333343,7.2126608048328364,1163039.3036615865,1163039.3036615865,1163039.3036615865,SOAK_WINDOW,False,False,evidence/hardware/p10/p10_formal_20260730T181535Z_03/stages/p10_j/stage_summary.json,f799b659b2f1a3502d7fa6544d49bae61b443420a0725df1bec451ae44ffd6f3
P10-J,soak_00312_4096_d0,F_TO_R,3,4096,4096,fixed,9798522,333333343,0.02939556514752861,1114725.974327965,1114725.974327965,1114725.974327965,SOAK_WINDOW,False,False,evidence/hardware/p10/p10_formal_20260730T181535Z_03/stages/p10_j/stage_summary.json,f799b659b2f1a3502d7fa6544d49bae61b443420a0725df1bec451ae44ffd6f3
P10-J,soak_00313_65536_d1,R_TO_F,3,65536,65536,rotating,150643271,333333343,0.4519297998940358,1160109.3800916206,1160109.3800916206,1160109.3800916206,SOAK_WINDOW,False,False,evidence/hardware/p10/p10_formal_20260730T181535Z_03/stages/p10_j/stage_summary.json,f799b659b2f1a3502d7fa6544d49bae61b443420a0725df1bec451ae44ffd6f3
P10-J,soak_00314_1048576_d0,F_TO_R,3,1048576,1048576,fixed,2404209111,333333343,7.212627123833814,1163044.7347375285,1163044.7347375285,1163044.7347375285,SOAK_WINDOW,False,False,evidence/hardware/p10/p10_formal_20260730T181535Z_03/stages/p10_j/stage_summary.json,f799b659b2f1a3502d7fa6544d49bae61b443420a0725df1bec451ae44ffd6f3
P10-J,soak_00315_4096_d1,R_TO_F,3,4096,4096,rotating,9801460,333333343,0.029404379147273004,1114391.8338108812,1114391.8338108812,1114391.8338108812,SOAK_WINDOW,False,False,evidence/hardware/p10/p10_formal_20260730T181535Z_03/stages/p10_j/stage_summary.json,f799b659b2f1a3502d7fa6544d49bae61b443420a0725df1bec451ae44ffd6f3
P10-J,soak_00316_65536_d0,F_TO_R,3,65536,65536,fixed,150684528,333333343,0.45205357089044645,1159791.7454058987,1159791.7454058987,1159791.7454058987,SOAK_WINDOW,False,False,evidence/hardware/p10/p10_formal_20260730T181535Z_03/stages/p10_j/stage_summary.json,f799b659b2f1a3502d7fa6544d49bae61b443420a0725df1bec451ae44ffd6f3
P10-J,soak_00317_1048576_d1,R_TO_F,3,1048576,1048576,rotating,2404471139,333333343,7.213413207811017,1162917.9915710953,1162917.9915710953,1162917.9915710953,SOAK_WINDOW,False,False,evidence/hardware/p10/p10_formal_20260730T181535Z_03/stages/p10_j/stage_summary.json,f799b659b2f1a3502d7fa6544d49bae61b443420a0725df1bec451ae44ffd6f3
P10-J,soak_00318_4096_d0,F_TO_R,3,4096,4096,fixed,9798513,333333343,0.029395538147529394,1114726.9982112593,1114726.9982112593,1114726.9982112593,SOAK_WINDOW,False,False,evidence/hardware/p10/p10_formal_20260730T181535Z_03/stages/p10_j/stage_summary.json,f799b659b2f1a3502d7fa6544d49bae61b443420a0725df1bec451ae44ffd6f3
P10-J,soak_00319_65536_d1,R_TO_F,3,65536,65536,rotating,150627192,333333343,0.4518815628954347,1160233.2182809594,1160233.2182809594,1160233.2182809594,SOAK_WINDOW,False,False,evidence/hardware/p10/p10_formal_20260730T181535Z_03/stages/p10_j/stage_summary.json,f799b659b2f1a3502d7fa6544d49bae61b443420a0725df1bec451ae44ffd6f3
P10-J,soak_00320_1048576_d0,F_TO_R,3,1048576,1048576,fixed,2405149122,333333343,7.215447156752033,1162590.1787874857,1162590.1787874857,1162590.1787874857,SOAK_WINDOW,False,False,evidence/hardware/p10/p10_formal_20260730T181535Z_03/stages/p10_j/stage_summary.json,f799b659b2f1a3502d7fa6544d49bae61b443420a0725df1bec451ae44ffd6f3
P10-J,soak_00321_4096_d1,R_TO_F,3,4096,4096,rotating,9797659,333333343,0.02939297614760369,1114824.1619170457,1114824.1619170457,1114824.1619170457,SOAK_WINDOW,False,False,evidence/hardware/p10/p10_formal_20260730T181535Z_03/stages/p10_j/stage_summary.json,f799b659b2f1a3502d7fa6544d49bae61b443420a0725df1bec451ae44ffd6f3
P10-J,soak_00322_65536_d0,F_TO_R,3,65536,65536,fixed,150681294,333333343,0.4520438688907278,1159816.637457228,1159816.637457228,1159816.637457228,SOAK_WINDOW,False,False,evidence/hardware/p10/p10_formal_20260730T181535Z_03/stages/p10_j/stage_summary.json,f799b659b2f1a3502d7fa6544d49bae61b443420a0725df1bec451ae44ffd6f3
P10-J,soak_00323_1048576_d1,R_TO_F,3,1048576,1048576,rotating,2404225594,333333343,7.212676572832379,1163036.76108214,1163036.76108214,1163036.76108214,SOAK_WINDOW,False,False,evidence/hardware/p10/p10_formal_20260730T181535Z_03/stages/p10_j/stage_summary.json,f799b659b2f1a3502d7fa6544d49bae61b443420a0725df1bec451ae44ffd6f3
P10-J,soak_00324_4096_d0,F_TO_R,3,4096,4096,fixed,9797716,333333343,0.029393147147598733,1114817.6762241323,1114817.6762241323,1114817.6762241323,SOAK_WINDOW,False,False,evidence/hardware/p10/p10_formal_20260730T181535Z_03/stages/p10_j/stage_summary.json,f799b659b2f1a3502d7fa6544d49bae61b443420a0725df1bec451ae44ffd6f3
P10-J,soak_00325_65536_d1,R_TO_F,3,65536,65536,rotating,150682832,333333343,0.452048482890594,1159804.799360182,1159804.799360182,1159804.799360182,SOAK_WINDOW,False,False,evidence/hardware/p10/p10_formal_20260730T181535Z_03/stages/p10_j/stage_summary.json,f799b659b2f1a3502d7fa6544d49bae61b443420a0725df1bec451ae44ffd6f3
P10-J,soak_00326_1048576_d0,F_TO_R,3,1048576,1048576,fixed,2404450221,333333343,7.213350453812837,1162928.1086108806,1162928.1086108806,1162928.1086108806,SOAK_WINDOW,False,False,evidence/hardware/p10/p10_formal_20260730T181535Z_03/stages/p10_j/stage_summary.json,f799b659b2f1a3502d7fa6544d49bae61b443420a0725df1bec451ae44ffd6f3
P10-J,soak_00327_4096_d1,R_TO_F,3,4096,4096,rotating,9801052,333333343,0.0294031551473085,1114438.2239196363,1114438.2239196363,1114438.2239196363,SOAK_WINDOW,False,False,evidence/hardware/p10/p10_formal_20260730T181535Z_03/stages/p10_j/stage_summary.json,f799b659b2f1a3502d7fa6544d49bae61b443420a0725df1bec451ae44ffd6f3
P10-J,soak_00328_65536_d0,F_TO_R,3,65536,65536,fixed,150644067,333333343,0.45193218789396655,1160103.2500986846,1160103.2500986846,1160103.2500986846,SOAK_WINDOW,False,False,evidence/hardware/p10/p10_formal_20260730T181535Z_03/stages/p10_j/stage_summary.json,f799b659b2f1a3502d7fa6544d49bae61b443420a0725df1bec451ae44ffd6f3
P10-J,soak_00329_1048576_d1,R_TO_F,3,1048576,1048576,rotating,2404222797,333333343,7.212668181832623,1163038.11412389,1163038.11412389,1163038.11412389,SOAK_WINDOW,False,False,evidence/hardware/p10/p10_formal_20260730T181535Z_03/stages/p10_j/stage_summary.json,f799b659b2f1a3502d7fa6544d49bae61b443420a0725df1bec451ae44ffd6f3
P10-J,soak_00330_4096_d0,F_TO_R,3,4096,4096,fixed,9798686,333333343,0.029396057147514344,1114707.3172284528,1114707.3172284528,1114707.3172284528,SOAK_WINDOW,False,False,evidence/hardware/p10/p10_formal_20260730T181535Z_03/stages/p10_j/stage_summary.json,f799b659b2f1a3502d7fa6544d49bae61b443420a0725df1bec451ae44ffd6f3
P10-J,soak_00331_65536_d1,R_TO_F,3,65536,65536,rotating,150643982,333333343,0.45193193289397393,1160103.904680268,1160103.904680268,1160103.904680268,SOAK_WINDOW,False,False,evidence/hardware/p10/p10_formal_20260730T181535Z_03/stages/p10_j/stage_summary.json,f799b659b2f1a3502d7fa6544d49bae61b443420a0725df1bec451ae44ffd6f3
P10-J,soak_00332_1048576_d0,F_TO_R,3,1048576,1048576,fixed,2404444680,333333343,7.213333830813319,1162930.7885580233,1162930.7885580233,1162930.7885580233,SOAK_WINDOW,False,False,evidence/hardware/p10/p10_formal_20260730T181535Z_03/stages/p10_j/stage_summary.json,f799b659b2f1a3502d7fa6544d49bae61b443420a0725df1bec451ae44ffd6f3
P10-J,soak_00333_4096_d1,R_TO_F,3,4096,4096,rotating,9801635,333333343,0.02940490414725778,1114371.937276179,1114371.937276179,1114371.937276179,SOAK_WINDOW,False,False,evidence/hardware/p10/p10_formal_20260730T181535Z_03/stages/p10_j/stage_summary.json,f799b659b2f1a3502d7fa6544d49bae61b443420a0725df1bec451ae44ffd6f3
P10-J,soak_00334_65536_d0,F_TO_R,3,65536,65536,fixed,150680437,333333343,0.4520412978908024,1159823.2339529516,1159823.2339529516,1159823.2339529516,SOAK_WINDOW,False,False,evidence/hardware/p10/p10_formal_20260730T181535Z_03/stages/p10_j/stage_summary.json,f799b659b2f1a3502d7fa6544d49bae61b443420a0725df1bec451ae44ffd6f3
P10-J,soak_00335_1048576_d1,R_TO_F,3,1048576,1048576,rotating,2405147110,333333343,7.215441120752208,1162591.1513398213,1162591.1513398213,1162591.1513398213,SOAK_WINDOW,False,False,evidence/hardware/p10/p10_formal_20260730T181535Z_03/stages/p10_j/stage_summary.json,f799b659b2f1a3502d7fa6544d49bae61b443420a0725df1bec451ae44ffd6f3
P10-J,soak_00336_4096_d0,F_TO_R,3,4096,4096,fixed,9800892,333333343,0.02940267514732242,1114456.4171734573,1114456.4171734573,1114456.4171734573,SOAK_WINDOW,False,False,evidence/hardware/p10/p10_formal_20260730T181535Z_03/stages/p10_j/stage_summary.json,f799b659b2f1a3502d7fa6544d49bae61b443420a0725df1bec451ae44ffd6f3
P10-J,soak_00337_65536_d1,R_TO_F,3,65536,65536,rotating,150628446,333333343,0.45188532489532557,1160223.5591993295,1160223.5591993295,1160223.5591993295,SOAK_WINDOW,False,False,evidence/hardware/p10/p10_formal_20260730T181535Z_03/stages/p10_j/stage_summary.json,f799b659b2f1a3502d7fa6544d49bae61b443420a0725df1bec451ae44ffd6f3
P10-J,soak_00338_1048576_d0,F_TO_R,3,1048576,1048576,fixed,2404214327,333333343,7.21264277183336,1163042.211484394,1163042.211484394,1163042.211484394,SOAK_WINDOW,False,False,evidence/hardware/p10/p10_formal_20260730T181535Z_03/stages/p10_j/stage_summary.json,f799b659b2f1a3502d7fa6544d49bae61b443420a0725df1bec451ae44ffd6f3
P10-J,soak_00339_4096_d1,R_TO_F,3,4096,4096,rotating,9802400,333333343,0.029407199147191226,1114284.969336489,1114284.969336489,1114284.969336489,SOAK_WINDOW,False,False,evidence/hardware/p10/p10_formal_20260730T181535Z_03/stages/p10_j/stage_summary.json,f799b659b2f1a3502d7fa6544d49bae61b443420a0725df1bec451ae44ffd6f3
P10-J,soak_00340_65536_d0,F_TO_R,3,65536,65536,fixed,150642891,333333343,0.4519286598940689,1160112.3064930027,1160112.3064930027,1160112.3064930027,SOAK_WINDOW,False,False,evidence/hardware/p10/p10_formal_20260730T181535Z_03/stages/p10_j/stage_summary.json,f799b659b2f1a3502d7fa6544d49bae61b443420a0725df1bec451ae44ffd6f3
P10-J,soak_00341_1048576_d1,R_TO_F,3,1048576,1048576,rotating,2404225116,333333343,7.212675138832421,1163036.9923132206,1163036.9923132206,1163036.9923132206,SOAK_WINDOW,False,False,evidence/hardware/p10/p10_formal_20260730T181535Z_03/stages/p10_j/stage_summary.json,f799b659b2f1a3502d7fa6544d49bae61b443420a0725df1bec451ae44ffd6f3
P10-J,soak_00342_4096_d0,F_TO_R,3,4096,4096,fixed,9801419,333333343,0.029404256147276573,1114396.4953874536,1114396.4953874536,1114396.4953874536,SOAK_WINDOW,False,False,evidence/hardware/p10/p10_formal_20260730T181535Z_03/stages/p10_j/stage_summary.json,f799b659b2f1a3502d7fa6544d49bae61b443420a0725df1bec451ae44ffd6f3
P10-J,soak_00343_65536_d1,R_TO_F,3,65536,65536,rotating,150683021,333333343,0.45204904989057754,1159803.3446302088,1159803.3446302088,1159803.3446302088,SOAK_WINDOW,False,False,evidence/hardware/p10/p10_formal_20260730T181535Z_03/stages/p10_j/stage_summary.json,f799b659b2f1a3502d7fa6544d49bae61b443420a0725df1bec451ae44ffd6f3
P10-J,soak_00344_1048576_d0,F_TO_R,3,1048576,1048576,fixed,2404215513,333333343,7.212646329833256,1163041.6377554352,1163041.6377554352,1163041.6377554352,SOAK_WINDOW,False,False,evidence/hardware/p10/p10_formal_20260730T181535Z_03/stages/p10_j/stage_summary.json,f799b659b2f1a3502d7fa6544d49bae61b443420a0725df1bec451ae44ffd6f3
P10-J,soak_00345_4096_d1,R_TO_F,3,4096,4096,rotating,9800144,333333343,0.029400431147387496,1114541.4785154178,1114541.4785154178,1114541.4785154178,SOAK_WINDOW,False,False,evidence/hardware/p10/p10_formal_20260730T181535Z_03/stages/p10_j/stage_summary.json,f799b659b2f1a3502d7fa6544d49bae61b443420a0725df1bec451ae44ffd6f3
P10-J,soak_00346_65536_d0,F_TO_R,3,65536,65536,fixed,150680788,333333343,0.4520423508907718,1159820.5322285944,1159820.5322285944,1159820.5322285944,SOAK_WINDOW,False,False,evidence/hardware/p10/p10_formal_20260730T181535Z_03/stages/p10_j/stage_summary.json,f799b659b2f1a3502d7fa6544d49bae61b443420a0725df1bec451ae44ffd6f3
P10-J,soak_00347_1048576_d1,R_TO_F,3,1048576,1048576,rotating,2405166035,333333343,7.215497895750561,1162582.0035150065,1162582.0035150065,1162582.0035150065,SOAK_WINDOW,False,False,evidence/hardware/p10/p10_formal_20260730T181535Z_03/stages/p10_j/stage_summary.json,f799b659b2f1a3502d7fa6544d49bae61b443420a0725df1bec451ae44ffd6f3
P10-J,soak_00348_4096_d0,F_TO_R,3,4096,4096,fixed,9802447,333333343,0.029407340147187135,1114279.626650774,1114279.626650774,1114279.626650774,SOAK_WINDOW,False,False,evidence/hardware/p10/p10_formal_20260730T181535Z_03/stages/p10_j/stage_summary.json,f799b659b2f1a3502d7fa6544d49bae61b443420a0725df1bec451ae44ffd6f3
P10-J,soak_00349_65536_d1,R_TO_F,3,65536,65536,rotating,150684822,333333343,0.45205445289042084,1159789.4825451232,1159789.4825451232,1159789.4825451232,SOAK_WINDOW,False,False,evidence/hardware/p10/p10_formal_20260730T181535Z_03/stages/p10_j/stage_summary.json,f799b659b2f1a3502d7fa6544d49bae61b443420a0725df1bec451ae44ffd6f3
P10-J,soak_00350_1048576_d0,F_TO_R,3,1048576,1048576,fixed,2404203690,333333343,7.212610860834285,1163047.3571715315,1163047.3571715315,1163047.3571715315,SOAK_WINDOW,False,False,evidence/hardware/p10/p10_formal_20260730T181535Z_03/stages/p10_j/stage_summary.json,f799b659b2f1a3502d7fa6544d49bae61b443420a0725df1bec451ae44ffd6f3
P10-J,soak_00351_4096_d1,R_TO_F,3,4096,4096,rotating,9803430,333333343,0.029410289147101615,1114167.896687588,1114167.896687588,1114167.896687588,SOAK_WINDOW,False,False,evidence/hardware/p10/p10_formal_20260730T181535Z_03/stages/p10_j/stage_summary.json,f799b659b2f1a3502d7fa6544d49bae61b443420a0725df1bec451ae44ffd6f3
P10-J,soak_00352_65536_d0,F_TO_R,3,65536,65536,fixed,150678689,333333343,0.4520360538909544,1159836.688881624,1159836.688881624,1159836.688881624,SOAK_WINDOW,False,False,evidence/hardware/p10/p10_formal_20260730T181535Z_03/stages/p10_j/stage_summary.json,f799b659b2f1a3502d7fa6544d49bae61b443420a0725df1bec451ae44ffd6f3
P10-J,soak_00353_1048576_d1,R_TO_F,3,1048576,1048576,rotating,2405146635,333333343,7.215439695752249,1162591.380943617,1162591.380943617,1162591.380943617,SOAK_WINDOW,False,False,evidence/hardware/p10/p10_formal_20260730T181535Z_03/stages/p10_j/stage_summary.json,f799b659b2f1a3502d7fa6544d49bae61b443420a0725df1bec451ae44ffd6f3
P10-J,soak_00354_4096_d0,F_TO_R,3,4096,4096,fixed,9800737,333333343,0.029402210147335905,1114474.0424545624,1114474.0424545624,1114474.0424545624,SOAK_WINDOW,False,False,evidence/hardware/p10/p10_formal_20260730T181535Z_03/stages/p10_j/stage_summary.json,f799b659b2f1a3502d7fa6544d49bae61b443420a0725df1bec451ae44ffd6f3
P10-J,soak_00355_65536_d1,R_TO_F,3,65536,65536,rotating,150683630,333333343,0.4520508768905246,1159798.6571917864,1159798.6571917864,1159798.6571917864,SOAK_WINDOW,False,False,evidence/hardware/p10/p10_formal_20260730T181535Z_03/stages/p10_j/stage_summary.json,f799b659b2f1a3502d7fa6544d49bae61b443420a0725df1bec451ae44ffd6f3
P10-J,soak_00356_1048576_d0,F_TO_R,3,1048576,1048576,fixed,2405164270,333333343,7.215492600750714,1162582.8566614054,1162582.8566614054,1162582.8566614054,SOAK_WINDOW,False,False,evidence/hardware/p10/p10_formal_20260730T181535Z_03/stages/p10_j/stage_summary.json,f799b659b2f1a3502d7fa6544d49bae61b443420a0725df1bec451ae44ffd6f3
P10-J,soak_00357_4096_d1,R_TO_F,3,4096,4096,rotating,9797298,333333343,0.029391893147635097,1114865.239724667,1114865.239724667,1114865.239724667,SOAK_WINDOW,False,False,evidence/hardware/p10/p10_formal_20260730T181535Z_03/stages/p10_j/stage_summary.json,f799b659b2f1a3502d7fa6544d49bae61b443420a0725df1bec451ae44ffd6f3
P10-J,soak_00358_65536_d0,F_TO_R,3,65536,65536,fixed,150626439,333333343,0.4518793038955002,1160239.01842879,1160239.01842879,1160239.01842879,SOAK_WINDOW,False,False,evidence/hardware/p10/p10_formal_20260730T181535Z_03/stages/p10_j/stage_summary.json,f799b659b2f1a3502d7fa6544d49bae61b443420a0725df1bec451ae44ffd6f3
P10-J,soak_00359_1048576_d1,R_TO_F,3,1048576,1048576,rotating,2404467340,333333343,7.213401810811347,1162919.8289532783,1162919.8289532783,1162919.8289532783,SOAK_WINDOW,False,False,evidence/hardware/p10/p10_formal_20260730T181535Z_03/stages/p10_j/stage_summary.json,f799b659b2f1a3502d7fa6544d49bae61b443420a0725df1bec451ae44ffd6f3
P10-J,soak_00360_4096_d0,F_TO_R,3,4096,4096,fixed,9804006,333333343,0.0294120171470515,1114102.437659055,1114102.437659055,1114102.437659055,SOAK_WINDOW,False,False,evidence/hardware/p10/p10_formal_20260730T181535Z_03/stages/p10_j/stage_summary.json,f799b659b2f1a3502d7fa6544d49bae61b443420a0725df1bec451ae44ffd6f3
P10-J,soak_00361_65536_d1,R_TO_F,3,65536,65536,rotating,150684027,333333343,0.45205206789049,1159795.6015257277,1159795.6015257277,1159795.6015257277,SOAK_WINDOW,False,False,evidence/hardware/p10/p10_formal_20260730T181535Z_03/stages/p10_j/stage_summary.json,f799b659b2f1a3502d7fa6544d49bae61b443420a0725df1bec451ae44ffd6f3
P10-J,soak_00362_1048576_d0,F_TO_R,3,1048576,1048576,fixed,2405154787,333333343,7.215464151751539,1162587.4404716822,1162587.4404716822,1162587.4404716822,SOAK_WINDOW,False,False,evidence/hardware/p10/p10_formal_20260730T181535Z_03/stages/p10_j/stage_summary.json,f799b659b2f1a3502d7fa6544d49bae61b443420a0725df1bec451ae44ffd6f3
P10-J,soak_00363_4096_d1,R_TO_F,3,4096,4096,rotating,9797585,333333343,0.02939275414761013,1114832.5820520057,1114832.5820520057,1114832.5820520057,SOAK_WINDOW,False,False,evidence/hardware/p10/p10_formal_20260730T181535Z_03/stages/p10_j/stage_summary.json,f799b659b2f1a3502d7fa6544d49bae61b443420a0725df1bec451ae44ffd6f3
P10-J,soak_00364_65536_d0,F_TO_R,3,65536,65536,fixed,150681567,333333343,0.45204468789070407,1159814.5361388763,1159814.5361388763,1159814.5361388763,SOAK_WINDOW,False,False,evidence/hardware/p10/p10_formal_20260730T181535Z_03/stages/p10_j/stage_summary.json,f799b659b2f1a3502d7fa6544d49bae61b443420a0725df1bec451ae44ffd6f3
P10-J,soak_00365_1048576_d1,R_TO_F,3,1048576,1048576,rotating,2404463225,333333343,7.213389465811706,1162921.8191750653,1162921.8191750653,1162921.8191750653,SOAK_WINDOW,False,False,evidence/hardware/p10/p10_formal_20260730T181535Z_03/stages/p10_j/stage_summary.json,f799b659b2f1a3502d7fa6544d49bae61b443420a0725df1bec451ae44ffd6f3
P10-J,soak_00366_4096_d0,F_TO_R,3,4096,4096,fixed,9800885,333333343,0.02940265414732303,1114457.2131418744,1114457.2131418744,1114457.2131418744,SOAK_WINDOW,False,False,evidence/hardware/p10/p10_formal_20260730T181535Z_03/stages/p10_j/stage_summary.json,f799b659b2f1a3502d7fa6544d49bae61b443420a0725df1bec451ae44ffd6f3
P10-J,soak_00367_65536_d1,R_TO_F,3,65536,65536,rotating,150626624,333333343,0.4518798588954841,1160237.5934202974,1160237.5934202974,1160237.5934202974,SOAK_WINDOW,False,False,evidence/hardware/p10/p10_formal_20260730T181535Z_03/stages/p10_j/stage_summary.json,f799b659b2f1a3502d7fa6544d49bae61b443420a0725df1bec451ae44ffd6f3
P10-J,soak_00368_1048576_d0,F_TO_R,3,1048576,1048576,fixed,2404209638,333333343,7.212628704833768,1163044.479799454,1163044.479799454,1163044.479799454,SOAK_WINDOW,False,False,evidence/hardware/p10/p10_formal_20260730T181535Z_03/stages/p10_j/stage_summary.json,f799b659b2f1a3502d7fa6544d49bae61b443420a0725df1bec451ae44ffd6f3
P10-J,soak_00369_4096_d1,R_TO_F,3,4096,4096,rotating,9797412,333333343,0.029392235147625182,1114852.267458386,1114852.267458386,1114852.267458386,SOAK_WINDOW,False,False,evidence/hardware/p10/p10_formal_20260730T181535Z_03/stages/p10_j/stage_summary.json,f799b659b2f1a3502d7fa6544d49bae61b443420a0725df1bec451ae44ffd6f3
P10-J,soak_00370_65536_d0,F_TO_R,3,65536,65536,fixed,150642253,333333343,0.45192674589412435,1160117.2198001049,1160117.2198001049,1160117.2198001049,SOAK_WINDOW,False,False,evidence/hardware/p10/p10_formal_20260730T181535Z_03/stages/p10_j/stage_summary.json,f799b659b2f1a3502d7fa6544d49bae61b443420a0725df1bec451ae44ffd6f3
P10-J,soak_00371_1048576_d1,R_TO_F,3,1048576,1048576,rotating,2405167748,333333343,7.215503034750412,1162581.175504996,1162581.175504996,1162581.175504996,SOAK_WINDOW,False,False,evidence/hardware/p10/p10_formal_20260730T181535Z_03/stages/p10_j/stage_summary.json,f799b659b2f1a3502d7fa6544d49bae61b443420a0725df1bec451ae44ffd6f3
P10-J,soak_00372_4096_d0,F_TO_R,3,4096,4096,fixed,9800773,333333343,0.029402318147332775,1114469.9487911821,1114469.9487911821,1114469.9487911821,SOAK_WINDOW,False,False,evidence/hardware/p10/p10_formal_20260730T181535Z_03/stages/p10_j/stage_summary.json,f799b659b2f1a3502d7fa6544d49bae61b443420a0725df1bec451ae44ffd6f3
P10-J,soak_00373_65536_d1,R_TO_F,3,65536,65536,rotating,150681138,333333343,0.45204340089074135,1159817.8382139907,1159817.8382139907,1159817.8382139907,SOAK_WINDOW,False,False,evidence/hardware/p10/p10_formal_20260730T181535Z_03/stages/p10_j/stage_summary.json,f799b659b2f1a3502d7fa6544d49bae61b443420a0725df1bec451ae44ffd6f3
P10-J,soak_00374_1048576_d0,F_TO_R,3,1048576,1048576,fixed,2404440144,333333343,7.213320222813714,1162932.9824384034,1162932.9824384034,1162932.9824384034,SOAK_WINDOW,False,False,evidence/hardware/p10/p10_formal_20260730T181535Z_03/stages/p10_j/stage_summary.json,f799b659b2f1a3502d7fa6544d49bae61b443420a0725df1bec451ae44ffd6f3
P10-J,soak_00375_4096_d1,R_TO_F,3,4096,4096,rotating,9798385,333333343,0.029395154147540528,1114741.5603106022,1114741.5603106022,1114741.5603106022,SOAK_WINDOW,False,False,evidence/hardware/p10/p10_formal_20260730T181535Z_03/stages/p10_j/stage_summary.json,f799b659b2f1a3502d7fa6544d49bae61b443420a0725df1bec451ae44ffd6f3
P10-J,soak_00376_65536_d0,F_TO_R,3,65536,65536,fixed,150641996,333333343,0.4519259748941467,1160119.1989966994,1160119.1989966994,1160119.1989966994,SOAK_WINDOW,False,False,evidence/hardware/p10/p10_formal_20260730T181535Z_03/stages/p10_j/stage_summary.json,f799b659b2f1a3502d7fa6544d49bae61b443420a0725df1bec451ae44ffd6f3
P10-J,soak_00377_1048576_d1,R_TO_F,3,1048576,1048576,rotating,2405166584,333333343,7.215499542750513,1162581.7381456452,1162581.7381456452,1162581.7381456452,SOAK_WINDOW,False,False,evidence/hardware/p10/p10_formal_20260730T181535Z_03/stages/p10_j/stage_summary.json,f799b659b2f1a3502d7fa6544d49bae61b443420a0725df1bec451ae44ffd6f3
P10-J,soak_00378_4096_d0,F_TO_R,3,4096,4096,fixed,9801539,333333343,0.02940461614726613,1114382.8518586725,1114382.8518586725,1114382.8518586725,SOAK_WINDOW,False,False,evidence/hardware/p10/p10_formal_20260730T181535Z_03/stages/p10_j/stage_summary.json,f799b659b2f1a3502d7fa6544d49bae61b443420a0725df1bec451ae44ffd6f3
P10-J,soak_00379_65536_d1,R_TO_F,3,65536,65536,rotating,150683663,333333343,0.4520509758905217,1159798.4031937423,1159798.4031937423,1159798.4031937423,SOAK_WINDOW,False,False,evidence/hardware/p10/p10_formal_20260730T181535Z_03/stages/p10_j/stage_summary.json,f799b659b2f1a3502d7fa6544d49bae61b443420a0725df1bec451ae44ffd6f3
P10-J,soak_00380_1048576_d0,F_TO_R,3,1048576,1048576,fixed,2404446248,333333343,7.213338534813182,1162930.0301815455,1162930.0301815455,1162930.0301815455,SOAK_WINDOW,False,False,evidence/hardware/p10/p10_formal_20260730T181535Z_03/stages/p10_j/stage_summary.json,f799b659b2f1a3502d7fa6544d49bae61b443420a0725df1bec451ae44ffd6f3
P10-J,soak_00381_4096_d1,R_TO_F,3,4096,4096,rotating,9800847,333333343,0.029402540147326336,1114461.5341331214,1114461.5341331214,1114461.5341331214,SOAK_WINDOW,False,False,evidence/hardware/p10/p10_formal_20260730T181535Z_03/stages/p10_j/stage_summary.json,f799b659b2f1a3502d7fa6544d49bae61b443420a0725df1bec451ae44ffd6f3
P10-J,soak_00382_65536_d0,F_TO_R,3,65536,65536,fixed,150643227,333333343,0.45192966789403965,1160109.7189373407,1160109.7189373407,1160109.7189373407,SOAK_WINDOW,False,False,evidence/hardware/p10/p10_formal_20260730T181535Z_03/stages/p10_j/stage_summary.json,f799b659b2f1a3502d7fa6544d49bae61b443420a0725df1bec451ae44ffd6f3
P10-J,soak_00383_1048576_d1,R_TO_F,3,1048576,1048576,rotating,2404463901,333333343,7.213391493811646,1162921.4922268628,1162921.4922268628,1162921.4922268628,SOAK_WINDOW,False,False,evidence/hardware/p10/p10_formal_20260730T181535Z_03/stages/p10_j/stage_summary.json,f799b659b2f1a3502d7fa6544d49bae61b443420a0725df1bec451ae44ffd6f3
P10-J,soak_00384_4096_d0,F_TO_R,3,4096,4096,fixed,9802219,333333343,0.029406656147206972,1114305.5448387759,1114305.5448387759,1114305.5448387759,SOAK_WINDOW,False,False,evidence/hardware/p10/p10_formal_20260730T181535Z_03/stages/p10_j/stage_summary.json,f799b659b2f1a3502d7fa6544d49bae61b443420a0725df1bec451ae44ffd6f3
P10-J,soak_00385_65536_d1,R_TO_F,3,65536,65536,rotating,150683436,333333343,0.45205029489054144,1159800.1503946593,1159800.1503946593,1159800.1503946593,SOAK_WINDOW,False,False,evidence/hardware/p10/p10_formal_20260730T181535Z_03/stages/p10_j/stage_summary.json,f799b659b2f1a3502d7fa6544d49bae61b443420a0725df1bec451ae44ffd6f3
P10-J,soak_00386_1048576_d0,F_TO_R,3,1048576,1048576,fixed,2405163303,333333343,7.2154896997507985,1162583.324079822,1162583.324079822,1162583.324079822,SOAK_WINDOW,False,False,evidence/hardware/p10/p10_formal_20260730T181535Z_03/stages/p10_j/stage_summary.json,f799b659b2f1a3502d7fa6544d49bae61b443420a0725df1bec451ae44ffd6f3
P10-J,soak_00387_4096_d1,R_TO_F,3,4096,4096,rotating,9802196,333333343,0.029406587147208972,1114308.159459778,1114308.159459778,1114308.159459778,SOAK_WINDOW,False,False,evidence/hardware/p10/p10_formal_20260730T181535Z_03/stages/p10_j/stage_summary.json,f799b659b2f1a3502d7fa6544d49bae61b443420a0725df1bec451ae44ffd6f3
P10-J,soak_00388_65536_d0,F_TO_R,3,65536,65536,fixed,150681125,333333343,0.4520433618907425,1159817.9382771663,1159817.9382771663,1159817.9382771663,SOAK_WINDOW,False,False,evidence/hardware/p10/p10_formal_20260730T181535Z_03/stages/p10_j/stage_summary.json,f799b659b2f1a3502d7fa6544d49bae61b443420a0725df1bec451ae44ffd6f3
P10-J,soak_00389_1048576_d1,R_TO_F,3,1048576,1048576,rotating,2404223004,333333343,7.212668802832605,1163038.0139880502,1163038.0139880502,1163038.0139880502,SOAK_WINDOW,False,False,evidence/hardware/p10/p10_formal_20260730T181535Z_03/stages/p10_j/stage_summary.json,f799b659b2f1a3502d7fa6544d49bae61b443420a0725df1bec451ae44ffd6f3
P10-J,soak_00390_4096_d0,F_TO_R,3,4096,4096,fixed,9802503,333333343,0.029407508147182265,1114273.26096447,1114273.26096447,1114273.26096447,SOAK_WINDOW,False,False,evidence/hardware/p10/p10_formal_20260730T181535Z_03/stages/p10_j/stage_summary.json,f799b659b2f1a3502d7fa6544d49bae61b443420a0725df1bec451ae44ffd6f3
P10-J,soak_00391_65536_d1,R_TO_F,3,65536,65536,rotating,150682991,333333343,0.45204895989058014,1159803.5755394849,1159803.5755394849,1159803.5755394849,SOAK_WINDOW,False,False,evidence/hardware/p10/p10_formal_20260730T181535Z_03/stages/p10_j/stage_summary.json,f799b659b2f1a3502d7fa6544d49bae61b443420a0725df1bec451ae44ffd6f3
P10-J,soak_00392_1048576_d0,F_TO_R,3,1048576,1048576,fixed,2405148153,333333343,7.2154442497521165,1162590.6471785416,1162590.6471785416,1162590.6471785416,SOAK_WINDOW,False,False,evidence/hardware/p10/p10_formal_20260730T181535Z_03/stages/p10_j/stage_summary.json,f799b659b2f1a3502d7fa6544d49bae61b443420a0725df1bec451ae44ffd6f3
P10-J,soak_00393_4096_d1,R_TO_F,3,4096,4096,rotating,9797925,333333343,0.02939377414758055,1114793.8959957338,1114793.8959957338,1114793.8959957338,SOAK_WINDOW,False,False,evidence/hardware/p10/p10_formal_20260730T181535Z_03/stages/p10_j/stage_summary.json,f799b659b2f1a3502d7fa6544d49bae61b443420a0725df1bec451ae44ffd6f3
P10-J,soak_00394_65536_d0,F_TO_R,3,65536,65536,fixed,150627399,333333343,0.4518821838954167,1160231.6238281722,1160231.6238281722,1160231.6238281722,SOAK_WINDOW,False,False,evidence/hardware/p10/p10_formal_20260730T181535Z_03/stages/p10_j/stage_summary.json,f799b659b2f1a3502d7fa6544d49bae61b443420a0725df1bec451ae44ffd6f3
P10-J,soak_00395_1048576_d1,R_TO_F,3,1048576,1048576,rotating,2405173662,333333343,7.215520776749898,1162578.3168735465,1162578.3168735465,1162578.3168735465,SOAK_WINDOW,False,False,evidence/hardware/p10/p10_formal_20260730T181535Z_03/stages/p10_j/stage_summary.json,f799b659b2f1a3502d7fa6544d49bae61b443420a0725df1bec451ae44ffd6f3
