path,size_bytes,sha256
evidence/hardware/p7/artifacts/p7_bsp_xparameters_eae65eb30388bbd72f40b3699cae81c773d12279f2500b99a09c5b2a37b44c76.h,8840,eae65eb30388bbd72f40b3699cae81c773d12279f2500b99a09c5b2a37b44c76
evidence/hardware/p7/artifacts/p7_input_seed_4b96ec3b91e9f764ac0227ca7df451bd8294cd46298047b43b960ae1c0b0afc5.bin,247,4b96ec3b91e9f764ac0227ca7df451bd8294cd46298047b43b960ae1c0b0afc5
evidence/hardware/p7/artifacts/p7_plan_c6db9d8348c3bc518fa5985595adfcdada1a08f11c9246c6103ec378b43b58dd.md,34806,c6db9d8348c3bc518fa5985595adfcdada1a08f11c9246c6103ec378b43b58dd
evidence/hardware/p7/artifacts/p7_runtime_14450369d4c6cbe27899bc69f210278e3b2076573e0122859d266fe63cc8e0ce.elf,305620,14450369d4c6cbe27899bc69f210278e3b2076573e0122859d266fe63cc8e0ce
evidence/hardware/p7/artifacts/p7_runtime_9a0e6531376e36dc9963288b756dc5994cacb9519f4d690391a2037b57156704.map,85564,9a0e6531376e36dc9963288b756dc5994cacb9519f4d690391a2037b57156704
evidence/hardware/p7/authorized_sequence/p7_20260711_stationary_app/.sequence_execution_ledger_wrapper_logs/001_p7_safe_idle.stderr.log,0,e3b0c44298fc1c149afbf4c8996fb92427ae41e4649b934ca495991b7852b855
evidence/hardware/p7/authorized_sequence/p7_20260711_stationary_app/.sequence_execution_ledger_wrapper_logs/001_p7_safe_idle.stdout.log,17895,36c7562a4bb6bedad304c66ef9a68dd1c3712500542b1a854b4c904a2f4ef800
evidence/hardware/p7/authorized_sequence/p7_20260711_stationary_app/001_p7_safe_idle/p7_jtag_axi_stage_events.jsonl,361,406dc6b6d5cb1bdad24ce4756ee0a412a8750587da0256b21a2ec96c01cfc75f
evidence/hardware/p7/authorized_sequence/p7_20260711_stationary_app/001_p7_safe_idle/p7_jtag_axi_stage_summary.json,17572,cf98019c041c60e9454370a4579a32507166b6e9b42c07d1e2603625f1855232
evidence/hardware/p7/authorized_sequence/p7_20260711_stationary_app/001_p7_safe_idle/p7_preflight.stderr.log,0,e3b0c44298fc1c149afbf4c8996fb92427ae41e4649b934ca495991b7852b855
evidence/hardware/p7/authorized_sequence/p7_20260711_stationary_app/001_p7_safe_idle/p7_preflight.stdout.log,8007,ff1f4eed64ddea5da6dc3e5042ac715844f9e0e8eddd0a352bd54e9add6e37d6
evidence/hardware/p7/authorized_sequence/p7_20260711_stationary_app/001_p7_safe_idle/p7_preflight_result.txt,166,37a2c6c9a97134f408b3de653df0710bb1312f62d9c15c53176ff819c6fe1226
evidence/hardware/p7/authorized_sequence/p7_20260711_stationary_app/historical_preflight_inputs/manifest.json,3273,0db77f6a43d2ea707cc8082aa97eb48a8de87df8b8f40cd3c66fc20392d9a355
evidence/hardware/p7/authorized_sequence/p7_20260711_stationary_app/historical_preflight_inputs/p4_recovery_authorization_61f676760e875ce2772e2c460e9b3241ebcd013ebacfea715ee79b232316f476.txt,201,61f676760e875ce2772e2c460e9b3241ebcd013ebacfea715ee79b232316f476
evidence/hardware/p7/authorized_sequence/p7_20260711_stationary_app/historical_preflight_inputs/p7_generation_manifest_eb6a67b7eb1a5148cd9c1bab6d7376f73d722837b1f973d55160b0e0cf2a2118.json,109804,eb6a67b7eb1a5148cd9c1bab6d7376f73d722837b1f973d55160b0e0cf2a2118
evidence/hardware/p7/authorized_sequence/p7_20260711_stationary_app/historical_preflight_inputs/p7_offline_gate_summary_a57225b5f10d967cc905ea6076d82e7bec60443b2f8dea3e1decfbb5d1434094.json,7626,a57225b5f10d967cc905ea6076d82e7bec60443b2f8dea3e1decfbb5d1434094
evidence/hardware/p7/authorized_sequence/p7_20260711_stationary_app/historical_preflight_inputs/p7_sequence_plan_3cb9c60bff36fe7e6937047f5617e0797a0072282993e171efd4356d05e399af.txt,372922,3cb9c60bff36fe7e6937047f5617e0797a0072282993e171efd4356d05e399af
evidence/hardware/p7/authorized_sequence/p7_20260711_stationary_app/historical_preflight_inputs/p7_stage_001_authorization_4533e59567d66e085ff1e4e5437f705ef8fb5536db0c7885365fbfff56747479.txt,2977,4533e59567d66e085ff1e4e5437f705ef8fb5536db0c7885365fbfff56747479
evidence/hardware/p7/authorized_sequence/p7_20260711_stationary_app/historical_preflight_inputs/p7_stage_001_transactions_c164be9bf94510474c01711914bb37bdc800f28b9f5a3134e59f344e912c391d.txt,790,c164be9bf94510474c01711914bb37bdc800f28b9f5a3134e59f344e912c391d
evidence/hardware/p7/authorized_sequence/p7_20260711_stationary_app/recovery_shutdown_after_failed_preflight_20260711T0037/hardware_authorization.json,1435,c82a0aec2378306c6020d1a28e49b8b42963b6576151cef4a9cc42f97b031ea4
evidence/hardware/p7/authorized_sequence/p7_20260711_stationary_app/recovery_shutdown_after_failed_preflight_20260711T0037/hash_manifest.csv,994,a6e080be2e870ce952367aba8338f2da5d810f35c26744ebe6bb58cfdbaa4bb9
evidence/hardware/p7/authorized_sequence/p7_20260711_stationary_app/recovery_shutdown_after_failed_preflight_20260711T0037/hash_manifest.json,2291,6184a27ffb77684d4f572dee915e5d9aaf2fbdf1af6b14ac34ebe0ecec0d5006
evidence/hardware/p7/authorized_sequence/p7_20260711_stationary_app/recovery_shutdown_after_failed_preflight_20260711T0037/program_tfdu_shutdown_safe.summary.txt,1475,3c7d185b8236fcf79bf1ceb1d0e8c90b39e72948acf9e796e2bccff5b728d34c
evidence/hardware/p7/authorized_sequence/p7_20260711_stationary_app/recovery_shutdown_after_failed_preflight_20260711T0039/hardware_authorization.json,1364,5609ffd33329d2975c4b5452e44d7d8ec60c6d70d4f69a46b27713b5fdc91211
evidence/hardware/p7/authorized_sequence/p7_20260711_stationary_app/recovery_shutdown_after_failed_preflight_20260711T0039/hash_manifest.csv,994,a6e080be2e870ce952367aba8338f2da5d810f35c26744ebe6bb58cfdbaa4bb9
evidence/hardware/p7/authorized_sequence/p7_20260711_stationary_app/recovery_shutdown_after_failed_preflight_20260711T0039/hash_manifest.json,2291,54b771ce063bea99d6ea9165e1f4e97645bc4287451d0c2d048f7bbc49763a13
evidence/hardware/p7/authorized_sequence/p7_20260711_stationary_app/recovery_shutdown_after_failed_preflight_20260711T0039/program_tfdu_shutdown_safe.stderr.log,0,e3b0c44298fc1c149afbf4c8996fb92427ae41e4649b934ca495991b7852b855
evidence/hardware/p7/authorized_sequence/p7_20260711_stationary_app/recovery_shutdown_after_failed_preflight_20260711T0039/program_tfdu_shutdown_safe.stdout.log,5022,e1fd61af99408c1fb237a88751e3b50c8108a0aecbb99fafb6dbbe56506fee44
evidence/hardware/p7/authorized_sequence/p7_20260711_stationary_app/recovery_shutdown_after_failed_preflight_20260711T0039/program_tfdu_shutdown_safe.summary.txt,2022,6f2a8a3e67b31539f7f9c95861a36b1d816b6f7fe8099f1329793400331f8d8d
evidence/hardware/p7/authorized_sequence/p7_20260711_stationary_app/sequence_execution_ledger.json,13789,5f3d12fc3ee4823fb20a4a2453de2cf20ea1201669bc09951a02b259b37647e2
evidence/hardware/p7/authorized_sequence/p7_20260711_stationary_app_r10_diag_suffix55/.sequence_execution_ledger_wrapper_logs/001_p7_safe_idle.stderr.log,0,e3b0c44298fc1c149afbf4c8996fb92427ae41e4649b934ca495991b7852b855
evidence/hardware/p7/authorized_sequence/p7_20260711_stationary_app_r10_diag_suffix55/.sequence_execution_ledger_wrapper_logs/001_p7_safe_idle.stdout.log,74967,9cf8326bf23f8b0f5583025166387aa23b2a41dc3b87c8dc0d8396ddcbfc3178
evidence/hardware/p7/authorized_sequence/p7_20260711_stationary_app_r10_diag_suffix55/.sequence_execution_ledger_wrapper_logs/002_p7_p6_frame_regression_m1.stderr.log,0,e3b0c44298fc1c149afbf4c8996fb92427ae41e4649b934ca495991b7852b855
evidence/hardware/p7/authorized_sequence/p7_20260711_stationary_app_r10_diag_suffix55/.sequence_execution_ledger_wrapper_logs/002_p7_p6_frame_regression_m1.stdout.log,369930,1864dac0d066213e8e72fd85257e02f184d25932d0e189265b4448448f4186da
evidence/hardware/p7/authorized_sequence/p7_20260711_stationary_app_r10_diag_suffix55/.sequence_execution_ledger_wrapper_logs/003_p7_p6_frame_regression_m2.stderr.log,0,e3b0c44298fc1c149afbf4c8996fb92427ae41e4649b934ca495991b7852b855
evidence/hardware/p7/authorized_sequence/p7_20260711_stationary_app_r10_diag_suffix55/.sequence_execution_ledger_wrapper_logs/003_p7_p6_frame_regression_m2.stdout.log,370015,e94185e23ebcd4e061fc81e7cc9582a0838d35745347be2a5f5f7c56359f8ac4
evidence/hardware/p7/authorized_sequence/p7_20260711_stationary_app_r10_diag_suffix55/.sequence_execution_ledger_wrapper_logs/004_p7_p6_frame_regression_m3.stderr.log,0,e3b0c44298fc1c149afbf4c8996fb92427ae41e4649b934ca495991b7852b855
evidence/hardware/p7/authorized_sequence/p7_20260711_stationary_app_r10_diag_suffix55/.sequence_execution_ledger_wrapper_logs/004_p7_p6_frame_regression_m3.stdout.log,369884,7dcfbe00c069e10c3071e76cda512a814471f0c9ec12f06a8887258c0b9eb617
evidence/hardware/p7/authorized_sequence/p7_20260711_stationary_app_r10_diag_suffix55/.sequence_execution_ledger_wrapper_logs/055_p7_large_jtag_64k_rr_prbs15.stderr.log,0,e3b0c44298fc1c149afbf4c8996fb92427ae41e4649b934ca495991b7852b855
evidence/hardware/p7/authorized_sequence/p7_20260711_stationary_app_r10_diag_suffix55/.sequence_execution_ledger_wrapper_logs/055_p7_large_jtag_64k_rr_prbs15.stdout.log,4681385,0c5dc009f53bd5952c9c03b325e22da7daf2891bca416a8505f02668ff03b664
evidence/hardware/p7/authorized_sequence/p7_20260711_stationary_app_r10_diag_suffix55/.sequence_execution_ledger_wrapper_logs/056_p7_large_jtag_64k_rr_random.stderr.log,0,e3b0c44298fc1c149afbf4c8996fb92427ae41e4649b934ca495991b7852b855
evidence/hardware/p7/authorized_sequence/p7_20260711_stationary_app_r10_diag_suffix55/.sequence_execution_ledger_wrapper_logs/056_p7_large_jtag_64k_rr_random.stdout.log,4680745,c6cbdbe8bd3e8b13b249ec9939d494eaa3181f52e2f141bd84cb1820664aa398
evidence/hardware/p7/authorized_sequence/p7_20260711_stationary_app_r10_diag_suffix55/.sequence_execution_ledger_wrapper_logs/057_p7_large_jtag_64k_rr_all_bytes.stderr.log,0,e3b0c44298fc1c149afbf4c8996fb92427ae41e4649b934ca495991b7852b855
evidence/hardware/p7/authorized_sequence/p7_20260711_stationary_app_r10_diag_suffix55/.sequence_execution_ledger_wrapper_logs/057_p7_large_jtag_64k_rr_all_bytes.stdout.log,4680916,ab624886c2f98caa2135e30a3cc05b0f9deda33ae3519e24f6589dc8fb6872f2
evidence/hardware/p7/authorized_sequence/p7_20260711_stationary_app_r10_diag_suffix55/.sequence_execution_ledger_wrapper_logs/058_p7_large_jtag_1m_l0_random.stderr.log,0,e3b0c44298fc1c149afbf4c8996fb92427ae41e4649b934ca495991b7852b855
evidence/hardware/p7/authorized_sequence/p7_20260711_stationary_app_r10_diag_suffix55/.sequence_execution_ledger_wrapper_logs/058_p7_large_jtag_1m_l0_random.stdout.log,51787836,91c26bcaa3d87a5b22769792fd2038c7aef10125c36841264618778e2cb4a0d6
evidence/hardware/p7/authorized_sequence/p7_20260711_stationary_app_r10_diag_suffix55/001_p7_safe_idle/p7_jtag_axi_raw_result.txt,823,be4366eb4d00461ac9a851f0fd650d7999e066ed28252465bf69b4be6a381235
evidence/hardware/p7/authorized_sequence/p7_20260711_stationary_app_r10_diag_suffix55/001_p7_safe_idle/p7_jtag_axi_stage.stderr.log,0,e3b0c44298fc1c149afbf4c8996fb92427ae41e4649b934ca495991b7852b855
evidence/hardware/p7/authorized_sequence/p7_20260711_stationary_app_r10_diag_suffix55/001_p7_safe_idle/p7_jtag_axi_stage.stdout.log,30801,7157ec83f1c93600bbdba3ccf94e0fca3ec37c931295997bb6b34b1e2862dff1
evidence/hardware/p7/authorized_sequence/p7_20260711_stationary_app_r10_diag_suffix55/001_p7_safe_idle/p7_jtag_axi_stage_events.jsonl,1228,eeee07e47a7d7696963573afd33095e1e3d1b0de1e0235aa50cb247f3945c9d7
evidence/hardware/p7/authorized_sequence/p7_20260711_stationary_app_r10_diag_suffix55/001_p7_safe_idle/p7_jtag_axi_stage_summary.json,72878,31c7e474bb5130bf07ed3843ebd5ca7cc6a9765c2456940c493af0fb8f634add
evidence/hardware/p7/authorized_sequence/p7_20260711_stationary_app_r10_diag_suffix55/001_p7_safe_idle/p7_preflight.stderr.log,0,e3b0c44298fc1c149afbf4c8996fb92427ae41e4649b934ca495991b7852b855
evidence/hardware/p7/authorized_sequence/p7_20260711_stationary_app_r10_diag_suffix55/001_p7_safe_idle/p7_preflight.stdout.log,9843,84a366d7e2ebfc7dafb1c42ba750d3747f55e9f259bac232a36d95ab9d11e1a2
evidence/hardware/p7/authorized_sequence/p7_20260711_stationary_app_r10_diag_suffix55/001_p7_safe_idle/p7_preflight_result.txt,512,b9c7b51d551d7f0a98f48b8493aed82542ccd9993966f478228e655b31ebbe84
evidence/hardware/p7/authorized_sequence/p7_20260711_stationary_app_r10_diag_suffix55/001_p7_safe_idle/p7_safe_idle_parse_summary.json,733,3991bcae4b2f298c8be2154c634b5180d1751df472c7cdece3aa168622e6c8d7
evidence/hardware/p7/authorized_sequence/p7_20260711_stationary_app_r10_diag_suffix55/001_p7_safe_idle/p7_shutdown_after.stderr.log,0,e3b0c44298fc1c149afbf4c8996fb92427ae41e4649b934ca495991b7852b855
evidence/hardware/p7/authorized_sequence/p7_20260711_stationary_app_r10_diag_suffix55/001_p7_safe_idle/p7_shutdown_after.stdout.log,30060,41917b0d07b9874461fd59947b77bcdbc4acb43ec38e5bcef7627a616f8b8448
evidence/hardware/p7/authorized_sequence/p7_20260711_stationary_app_r10_diag_suffix55/001_p7_safe_idle/p7_shutdown_after_result.txt,475,c55a4211ff667cbfea8bedbb4ad4ab2b248c2e80cfcfdd2062f4f04473dbb87a
evidence/hardware/p7/authorized_sequence/p7_20260711_stationary_app_r10_diag_suffix55/001_p7_safe_idle/p7_shutdown_before.stderr.log,0,e3b0c44298fc1c149afbf4c8996fb92427ae41e4649b934ca495991b7852b855
evidence/hardware/p7/authorized_sequence/p7_20260711_stationary_app_r10_diag_suffix55/001_p7_safe_idle/p7_shutdown_before.stdout.log,30060,14955dc7d0b8a1e404372789914bdb39d76efd820fb0483d3f31770117920f33
evidence/hardware/p7/authorized_sequence/p7_20260711_stationary_app_r10_diag_suffix55/001_p7_safe_idle/p7_shutdown_before_result.txt,475,c55a4211ff667cbfea8bedbb4ad4ab2b248c2e80cfcfdd2062f4f04473dbb87a
evidence/hardware/p7/authorized_sequence/p7_20260711_stationary_app_r10_diag_suffix55/002_p7_p6_frame_regression_m1/p7_jtag_axi_raw_result.txt,79492,d7c4eab196f966c11a4d3d216f25f1532275abdc6373e5513ae906ddbf89d1f4
evidence/hardware/p7/authorized_sequence/p7_20260711_stationary_app_r10_diag_suffix55/002_p7_p6_frame_regression_m1/p7_jtag_axi_stage.stderr.log,0,e3b0c44298fc1c149afbf4c8996fb92427ae41e4649b934ca495991b7852b855
evidence/hardware/p7/authorized_sequence/p7_20260711_stationary_app_r10_diag_suffix55/002_p7_p6_frame_regression_m1/p7_jtag_axi_stage.stdout.log,35621,1aae0c54e8ccf1b0fb7c4cd1f6d1b45fb4297b6f2e124a375eed0850f07a9f3e
evidence/hardware/p7/authorized_sequence/p7_20260711_stationary_app_r10_diag_suffix55/002_p7_p6_frame_regression_m1/p7_jtag_axi_stage_events.jsonl,1236,5cc31da380c613deb7d227a443ce39a8404b2c716a7c1a703168d46900dacc94
evidence/hardware/p7/authorized_sequence/p7_20260711_stationary_app_r10_diag_suffix55/002_p7_p6_frame_regression_m1/p7_jtag_axi_stage_summary.json,356522,32a71ae5c4af2cee591506aa097b11313524dab7e17fe80afefe93c5f43e5a15
evidence/hardware/p7/authorized_sequence/p7_20260711_stationary_app_r10_diag_suffix55/002_p7_p6_frame_regression_m1/p7_jtag_backend_parse_summary.json,41761,effd6995b90e5848f1ed67c139608e7b48766445d55406344462131bf62478d2
evidence/hardware/p7/authorized_sequence/p7_20260711_stationary_app_r10_diag_suffix55/002_p7_p6_frame_regression_m1/p7_jtag_reassembled_output.bin,4096,d63320acd81e8ea9e08c7932552f04ca8bd45a673c40003ff4f7b6143d91081d
evidence/hardware/p7/authorized_sequence/p7_20260711_stationary_app_r10_diag_suffix55/002_p7_p6_frame_regression_m1/p7_preflight.stderr.log,0,e3b0c44298fc1c149afbf4c8996fb92427ae41e4649b934ca495991b7852b855
evidence/hardware/p7/authorized_sequence/p7_20260711_stationary_app_r10_diag_suffix55/002_p7_p6_frame_regression_m1/p7_preflight.stdout.log,9843,f092f7c82f598cea4350cbb21d0bb4b3186d0e487775ee690f02f9849bdf6886
evidence/hardware/p7/authorized_sequence/p7_20260711_stationary_app_r10_diag_suffix55/002_p7_p6_frame_regression_m1/p7_preflight_result.txt,512,b9c7b51d551d7f0a98f48b8493aed82542ccd9993966f478228e655b31ebbe84
evidence/hardware/p7/authorized_sequence/p7_20260711_stationary_app_r10_diag_suffix55/002_p7_p6_frame_regression_m1/p7_shutdown_after.stderr.log,0,e3b0c44298fc1c149afbf4c8996fb92427ae41e4649b934ca495991b7852b855
evidence/hardware/p7/authorized_sequence/p7_20260711_stationary_app_r10_diag_suffix55/002_p7_p6_frame_regression_m1/p7_shutdown_after.stdout.log,30060,18d594380f87e4654877da68ef7d3199e93aebd911b0b37f1988ff17fd891593
evidence/hardware/p7/authorized_sequence/p7_20260711_stationary_app_r10_diag_suffix55/002_p7_p6_frame_regression_m1/p7_shutdown_after_result.txt,475,c55a4211ff667cbfea8bedbb4ad4ab2b248c2e80cfcfdd2062f4f04473dbb87a
evidence/hardware/p7/authorized_sequence/p7_20260711_stationary_app_r10_diag_suffix55/002_p7_p6_frame_regression_m1/p7_shutdown_before.stderr.log,0,e3b0c44298fc1c149afbf4c8996fb92427ae41e4649b934ca495991b7852b855
evidence/hardware/p7/authorized_sequence/p7_20260711_stationary_app_r10_diag_suffix55/002_p7_p6_frame_regression_m1/p7_shutdown_before.stdout.log,30060,84ddad401574938fa94a84c2b99493aaa0d8df0fee2f25c9edf1bfeaee38759c
evidence/hardware/p7/authorized_sequence/p7_20260711_stationary_app_r10_diag_suffix55/002_p7_p6_frame_regression_m1/p7_shutdown_before_result.txt,475,c55a4211ff667cbfea8bedbb4ad4ab2b248c2e80cfcfdd2062f4f04473dbb87a
evidence/hardware/p7/authorized_sequence/p7_20260711_stationary_app_r10_diag_suffix55/003_p7_p6_frame_regression_m2/p7_jtag_axi_raw_result.txt,79492,d6d41d21f227ae89c98bcb024dc7bdd39cb1efc02c777e2639ce896a1675fb5f
evidence/hardware/p7/authorized_sequence/p7_20260711_stationary_app_r10_diag_suffix55/003_p7_p6_frame_regression_m2/p7_jtag_axi_stage.stderr.log,0,e3b0c44298fc1c149afbf4c8996fb92427ae41e4649b934ca495991b7852b855
evidence/hardware/p7/authorized_sequence/p7_20260711_stationary_app_r10_diag_suffix55/003_p7_p6_frame_regression_m2/p7_jtag_axi_stage.stdout.log,35621,a20010068581f01be984f2d555541bb1696138bda12f83aa797aceb7c74f4bde
evidence/hardware/p7/authorized_sequence/p7_20260711_stationary_app_r10_diag_suffix55/003_p7_p6_frame_regression_m2/p7_jtag_axi_stage_events.jsonl,1236,e0a5eb4c429e090901e7fc52d0197307b87576ed4f65b0f9f72caaeb8e93c0bb
evidence/hardware/p7/authorized_sequence/p7_20260711_stationary_app_r10_diag_suffix55/003_p7_p6_frame_regression_m2/p7_jtag_axi_stage_summary.json,356602,6f350c71d792abcb95d8205779d9a0b7f5007dfd8d5549eca22592a5c0ba1af5
evidence/hardware/p7/authorized_sequence/p7_20260711_stationary_app_r10_diag_suffix55/003_p7_p6_frame_regression_m2/p7_jtag_backend_parse_summary.json,41754,b7cd9705208207506d0627180a33d76585e49ad9b4ac13f2f7e4d9dfabc614a7
evidence/hardware/p7/authorized_sequence/p7_20260711_stationary_app_r10_diag_suffix55/003_p7_p6_frame_regression_m2/p7_jtag_reassembled_output.bin,4096,a7abce3a5f3164feb667e984f8e38f6e6fc3a7f87e54cc0b2008aa15962a1e7d
evidence/hardware/p7/authorized_sequence/p7_20260711_stationary_app_r10_diag_suffix55/003_p7_p6_frame_regression_m2/p7_preflight.stderr.log,0,e3b0c44298fc1c149afbf4c8996fb92427ae41e4649b934ca495991b7852b855
evidence/hardware/p7/authorized_sequence/p7_20260711_stationary_app_r10_diag_suffix55/003_p7_p6_frame_regression_m2/p7_preflight.stdout.log,9843,c091e1581a51f5df7c228e2617ce93b27aa785a2d26840b501c56038e047ef89
evidence/hardware/p7/authorized_sequence/p7_20260711_stationary_app_r10_diag_suffix55/003_p7_p6_frame_regression_m2/p7_preflight_result.txt,512,b9c7b51d551d7f0a98f48b8493aed82542ccd9993966f478228e655b31ebbe84
evidence/hardware/p7/authorized_sequence/p7_20260711_stationary_app_r10_diag_suffix55/003_p7_p6_frame_regression_m2/p7_shutdown_after.stderr.log,0,e3b0c44298fc1c149afbf4c8996fb92427ae41e4649b934ca495991b7852b855
evidence/hardware/p7/authorized_sequence/p7_20260711_stationary_app_r10_diag_suffix55/003_p7_p6_frame_regression_m2/p7_shutdown_after.stdout.log,30060,9016100ccdd1067e08904078d5b972f4e28ffaf6d63159f7309d8b19b1ce6bc3
evidence/hardware/p7/authorized_sequence/p7_20260711_stationary_app_r10_diag_suffix55/003_p7_p6_frame_regression_m2/p7_shutdown_after_result.txt,475,c55a4211ff667cbfea8bedbb4ad4ab2b248c2e80cfcfdd2062f4f04473dbb87a
evidence/hardware/p7/authorized_sequence/p7_20260711_stationary_app_r10_diag_suffix55/003_p7_p6_frame_regression_m2/p7_shutdown_before.stderr.log,0,e3b0c44298fc1c149afbf4c8996fb92427ae41e4649b934ca495991b7852b855
evidence/hardware/p7/authorized_sequence/p7_20260711_stationary_app_r10_diag_suffix55/003_p7_p6_frame_regression_m2/p7_shutdown_before.stdout.log,30060,d2818bcd7c41ec88e07216ec592724d1d8c7c8212a6213724253368b791d9394
evidence/hardware/p7/authorized_sequence/p7_20260711_stationary_app_r10_diag_suffix55/003_p7_p6_frame_regression_m2/p7_shutdown_before_result.txt,475,c55a4211ff667cbfea8bedbb4ad4ab2b248c2e80cfcfdd2062f4f04473dbb87a
evidence/hardware/p7/authorized_sequence/p7_20260711_stationary_app_r10_diag_suffix55/004_p7_p6_frame_regression_m3/p7_jtag_axi_raw_result.txt,79495,0bb5b852eae1794324af244223f69900a38d88c56440b2f37bf532d90f14125a
evidence/hardware/p7/authorized_sequence/p7_20260711_stationary_app_r10_diag_suffix55/004_p7_p6_frame_regression_m3/p7_jtag_axi_stage.stderr.log,0,e3b0c44298fc1c149afbf4c8996fb92427ae41e4649b934ca495991b7852b855
evidence/hardware/p7/authorized_sequence/p7_20260711_stationary_app_r10_diag_suffix55/004_p7_p6_frame_regression_m3/p7_jtag_axi_stage.stdout.log,35621,29cbed5918a112ce81d15a1e90b2ab922b389abe419685663a32688de26a09f4
evidence/hardware/p7/authorized_sequence/p7_20260711_stationary_app_r10_diag_suffix55/004_p7_p6_frame_regression_m3/p7_jtag_axi_stage_events.jsonl,1236,6617164cef2f8d1307bf2b78036d1f44c0988af664039189f30d85a47d108748
evidence/hardware/p7/authorized_sequence/p7_20260711_stationary_app_r10_diag_suffix55/004_p7_p6_frame_regression_m3/p7_jtag_axi_stage_summary.json,356477,3c584966c12ad27a7bb6f6b891cd816e3cedeed276fead6b8b655d2093d60845
evidence/hardware/p7/authorized_sequence/p7_20260711_stationary_app_r10_diag_suffix55/004_p7_p6_frame_regression_m3/p7_jtag_backend_parse_summary.json,41771,cf7fec5b938358a862ee0af9335704710c47a7eba173c11be6519f55e255d10a
evidence/hardware/p7/authorized_sequence/p7_20260711_stationary_app_r10_diag_suffix55/004_p7_p6_frame_regression_m3/p7_jtag_reassembled_output.bin,4096,43812ad6447f6d7cbd02439ca869aff553eda792fa799ab066242fdccebefa30
evidence/hardware/p7/authorized_sequence/p7_20260711_stationary_app_r10_diag_suffix55/004_p7_p6_frame_regression_m3/p7_preflight.stderr.log,0,e3b0c44298fc1c149afbf4c8996fb92427ae41e4649b934ca495991b7852b855
evidence/hardware/p7/authorized_sequence/p7_20260711_stationary_app_r10_diag_suffix55/004_p7_p6_frame_regression_m3/p7_preflight.stdout.log,9843,0924ed374231af9ee613888b2fb889057d072537be36053e85d2c09f724eb0f7
evidence/hardware/p7/authorized_sequence/p7_20260711_stationary_app_r10_diag_suffix55/004_p7_p6_frame_regression_m3/p7_preflight_result.txt,512,b9c7b51d551d7f0a98f48b8493aed82542ccd9993966f478228e655b31ebbe84
evidence/hardware/p7/authorized_sequence/p7_20260711_stationary_app_r10_diag_suffix55/004_p7_p6_frame_regression_m3/p7_shutdown_after.stderr.log,0,e3b0c44298fc1c149afbf4c8996fb92427ae41e4649b934ca495991b7852b855
evidence/hardware/p7/authorized_sequence/p7_20260711_stationary_app_r10_diag_suffix55/004_p7_p6_frame_regression_m3/p7_shutdown_after.stdout.log,30060,4a6d7251a55f801881ef54e481fdbab5022feb087720623eeb5a2eb6c2b1bb95
evidence/hardware/p7/authorized_sequence/p7_20260711_stationary_app_r10_diag_suffix55/004_p7_p6_frame_regression_m3/p7_shutdown_after_result.txt,475,c55a4211ff667cbfea8bedbb4ad4ab2b248c2e80cfcfdd2062f4f04473dbb87a
evidence/hardware/p7/authorized_sequence/p7_20260711_stationary_app_r10_diag_suffix55/004_p7_p6_frame_regression_m3/p7_shutdown_before.stderr.log,0,e3b0c44298fc1c149afbf4c8996fb92427ae41e4649b934ca495991b7852b855
evidence/hardware/p7/authorized_sequence/p7_20260711_stationary_app_r10_diag_suffix55/004_p7_p6_frame_regression_m3/p7_shutdown_before.stdout.log,30060,6550873044cdde1452612f9cdb76abdf9dc57e315b230170bd5fa42aa307bc15
evidence/hardware/p7/authorized_sequence/p7_20260711_stationary_app_r10_diag_suffix55/004_p7_p6_frame_regression_m3/p7_shutdown_before_result.txt,475,c55a4211ff667cbfea8bedbb4ad4ab2b248c2e80cfcfdd2062f4f04473dbb87a
evidence/hardware/p7/authorized_sequence/p7_20260711_stationary_app_r10_diag_suffix55/055_p7_large_jtag_64k_rr_prbs15/p7_jtag_axi_raw_result.txt,1236168,9069cdd28a7828daebf929edc497292779a013527d106d417382ac3379e88cf2
evidence/hardware/p7/authorized_sequence/p7_20260711_stationary_app_r10_diag_suffix55/055_p7_large_jtag_64k_rr_prbs15/p7_jtag_axi_stage.stderr.log,0,e3b0c44298fc1c149afbf4c8996fb92427ae41e4649b934ca495991b7852b855
evidence/hardware/p7/authorized_sequence/p7_20260711_stationary_app_r10_diag_suffix55/055_p7_large_jtag_64k_rr_prbs15/p7_jtag_axi_stage.stdout.log,35622,2da8ac8b798692e4c8e607fb875fa6b9d445e10f310e42bcfe7d035ee9ebb390
evidence/hardware/p7/authorized_sequence/p7_20260711_stationary_app_r10_diag_suffix55/055_p7_large_jtag_64k_rr_prbs15/p7_jtag_axi_stage_events.jsonl,1238,333e9d552b737c01d24675a9df7d29325051627c3c94414ed21ec584094e4a59
evidence/hardware/p7/authorized_sequence/p7_20260711_stationary_app_r10_diag_suffix55/055_p7_large_jtag_64k_rr_prbs15/p7_jtag_axi_stage_summary.json,4501190,24f33bd7ac36300e67a9ef3affb6d5fd4ac7e2ca89306b98fb5f3bfe4b29d19f
evidence/hardware/p7/authorized_sequence/p7_20260711_stationary_app_r10_diag_suffix55/055_p7_large_jtag_64k_rr_prbs15/p7_jtag_backend_parse_summary.json,602440,524cca1bd369214bf7981283d819b337d7c800780651a90ceaa0c911e4860203
evidence/hardware/p7/authorized_sequence/p7_20260711_stationary_app_r10_diag_suffix55/055_p7_large_jtag_64k_rr_prbs15/p7_jtag_reassembled_output.bin,65536,ca45ccdf9f0c2be72656e6414cd71ae407b860df22830092d92fb0dbf1a0f1eb
evidence/hardware/p7/authorized_sequence/p7_20260711_stationary_app_r10_diag_suffix55/055_p7_large_jtag_64k_rr_prbs15/p7_preflight.stderr.log,0,e3b0c44298fc1c149afbf4c8996fb92427ae41e4649b934ca495991b7852b855
evidence/hardware/p7/authorized_sequence/p7_20260711_stationary_app_r10_diag_suffix55/055_p7_large_jtag_64k_rr_prbs15/p7_preflight.stdout.log,9843,c2125ce62f0a4c84f2d54f6987fab10a57e93b2ecf87b810b8b62228de4cd10d
evidence/hardware/p7/authorized_sequence/p7_20260711_stationary_app_r10_diag_suffix55/055_p7_large_jtag_64k_rr_prbs15/p7_preflight_result.txt,512,b9c7b51d551d7f0a98f48b8493aed82542ccd9993966f478228e655b31ebbe84
evidence/hardware/p7/authorized_sequence/p7_20260711_stationary_app_r10_diag_suffix55/055_p7_large_jtag_64k_rr_prbs15/p7_shutdown_after.stderr.log,0,e3b0c44298fc1c149afbf4c8996fb92427ae41e4649b934ca495991b7852b855
evidence/hardware/p7/authorized_sequence/p7_20260711_stationary_app_r10_diag_suffix55/055_p7_large_jtag_64k_rr_prbs15/p7_shutdown_after.stdout.log,30060,33a177248061f43b573d19e2a3e6e58bc12dfc09b07d93da1b508b7f6bf9b256
evidence/hardware/p7/authorized_sequence/p7_20260711_stationary_app_r10_diag_suffix55/055_p7_large_jtag_64k_rr_prbs15/p7_shutdown_after_result.txt,475,c55a4211ff667cbfea8bedbb4ad4ab2b248c2e80cfcfdd2062f4f04473dbb87a
evidence/hardware/p7/authorized_sequence/p7_20260711_stationary_app_r10_diag_suffix55/055_p7_large_jtag_64k_rr_prbs15/p7_shutdown_before.stderr.log,0,e3b0c44298fc1c149afbf4c8996fb92427ae41e4649b934ca495991b7852b855
evidence/hardware/p7/authorized_sequence/p7_20260711_stationary_app_r10_diag_suffix55/055_p7_large_jtag_64k_rr_prbs15/p7_shutdown_before.stdout.log,30172,443e5d82f26b287ca21ed00e77850da05a794f39e9d1802318ee622c9fc00985
evidence/hardware/p7/authorized_sequence/p7_20260711_stationary_app_r10_diag_suffix55/055_p7_large_jtag_64k_rr_prbs15/p7_shutdown_before_result.txt,475,c55a4211ff667cbfea8bedbb4ad4ab2b248c2e80cfcfdd2062f4f04473dbb87a
evidence/hardware/p7/authorized_sequence/p7_20260711_stationary_app_r10_diag_suffix55/056_p7_large_jtag_64k_rr_random/p7_jtag_axi_raw_result.txt,1236168,26ad682cb58e10ba94483e8b1688b1aaec75346cb61c79efd32f7fa2b0ac01f3
evidence/hardware/p7/authorized_sequence/p7_20260711_stationary_app_r10_diag_suffix55/056_p7_large_jtag_64k_rr_random/p7_jtag_axi_stage.stderr.log,0,e3b0c44298fc1c149afbf4c8996fb92427ae41e4649b934ca495991b7852b855
evidence/hardware/p7/authorized_sequence/p7_20260711_stationary_app_r10_diag_suffix55/056_p7_large_jtag_64k_rr_random/p7_jtag_axi_stage.stdout.log,35622,232f00d43b7c051e2bde0c8f199ff29c021c56fd0ccddf6c6fd802695f5afe99
evidence/hardware/p7/authorized_sequence/p7_20260711_stationary_app_r10_diag_suffix55/056_p7_large_jtag_64k_rr_random/p7_jtag_axi_stage_events.jsonl,1238,fe9dd92fbb2af4ed838d30ad39fcae2f4b007d0b02fafca5c62402337797fafe
evidence/hardware/p7/authorized_sequence/p7_20260711_stationary_app_r10_diag_suffix55/056_p7_large_jtag_64k_rr_random/p7_jtag_axi_stage_summary.json,4500565,c01e6ce317ac5a0e06fd4eda535cfca38850ad68e11de99bfb60e2b9605180b2
evidence/hardware/p7/authorized_sequence/p7_20260711_stationary_app_r10_diag_suffix55/056_p7_large_jtag_64k_rr_random/p7_jtag_backend_parse_summary.json,602445,b195e790e6cec7013e1aa1646c77503d7925a43a3a7b879bd73fb0c6f3b756c4
evidence/hardware/p7/authorized_sequence/p7_20260711_stationary_app_r10_diag_suffix55/056_p7_large_jtag_64k_rr_random/p7_jtag_reassembled_output.bin,65536,ca1a191acfd778bc9609a3d9c88d7ff52b710af06ce7cbf8ff98999680deead7
evidence/hardware/p7/authorized_sequence/p7_20260711_stationary_app_r10_diag_suffix55/056_p7_large_jtag_64k_rr_random/p7_preflight.stderr.log,0,e3b0c44298fc1c149afbf4c8996fb92427ae41e4649b934ca495991b7852b855
evidence/hardware/p7/authorized_sequence/p7_20260711_stationary_app_r10_diag_suffix55/056_p7_large_jtag_64k_rr_random/p7_preflight.stdout.log,9843,b38255f20d85d3e41e1cd7158b23b12591be66c19ff494f6803c71adf67b0be8
evidence/hardware/p7/authorized_sequence/p7_20260711_stationary_app_r10_diag_suffix55/056_p7_large_jtag_64k_rr_random/p7_preflight_result.txt,512,b9c7b51d551d7f0a98f48b8493aed82542ccd9993966f478228e655b31ebbe84
evidence/hardware/p7/authorized_sequence/p7_20260711_stationary_app_r10_diag_suffix55/056_p7_large_jtag_64k_rr_random/p7_shutdown_after.stderr.log,0,e3b0c44298fc1c149afbf4c8996fb92427ae41e4649b934ca495991b7852b855
evidence/hardware/p7/authorized_sequence/p7_20260711_stationary_app_r10_diag_suffix55/056_p7_large_jtag_64k_rr_random/p7_shutdown_after.stdout.log,30060,3f91648a7aad5dfa2964ba8009fdd09fce6a350618675b41d0ce3c89d9f6cde1
evidence/hardware/p7/authorized_sequence/p7_20260711_stationary_app_r10_diag_suffix55/056_p7_large_jtag_64k_rr_random/p7_shutdown_after_result.txt,475,c55a4211ff667cbfea8bedbb4ad4ab2b248c2e80cfcfdd2062f4f04473dbb87a
evidence/hardware/p7/authorized_sequence/p7_20260711_stationary_app_r10_diag_suffix55/056_p7_large_jtag_64k_rr_random/p7_shutdown_before.stderr.log,0,e3b0c44298fc1c149afbf4c8996fb92427ae41e4649b934ca495991b7852b855
evidence/hardware/p7/authorized_sequence/p7_20260711_stationary_app_r10_diag_suffix55/056_p7_large_jtag_64k_rr_random/p7_shutdown_before.stdout.log,30060,28c9ca9e648870cb5b9e4bba480cf844b6a11c8c5213f695026cf5437da02c4d
evidence/hardware/p7/authorized_sequence/p7_20260711_stationary_app_r10_diag_suffix55/056_p7_large_jtag_64k_rr_random/p7_shutdown_before_result.txt,475,c55a4211ff667cbfea8bedbb4ad4ab2b248c2e80cfcfdd2062f4f04473dbb87a
evidence/hardware/p7/authorized_sequence/p7_20260711_stationary_app_r10_diag_suffix55/057_p7_large_jtag_64k_rr_all_bytes/p7_jtag_axi_raw_result.txt,1236168,7ed3c5425ad7128705315f2676eb038aa1d3f184a1981e76d60f9013b1b994a3
evidence/hardware/p7/authorized_sequence/p7_20260711_stationary_app_r10_diag_suffix55/057_p7_large_jtag_64k_rr_all_bytes/p7_jtag_axi_stage.stderr.log,0,e3b0c44298fc1c149afbf4c8996fb92427ae41e4649b934ca495991b7852b855
evidence/hardware/p7/authorized_sequence/p7_20260711_stationary_app_r10_diag_suffix55/057_p7_large_jtag_64k_rr_all_bytes/p7_jtag_axi_stage.stdout.log,35622,7a2e45bf713674e6d2d14b4e564e14f0ff44787b500b0b4efed236504f9bb2d2
evidence/hardware/p7/authorized_sequence/p7_20260711_stationary_app_r10_diag_suffix55/057_p7_large_jtag_64k_rr_all_bytes/p7_jtag_axi_stage_events.jsonl,1241,f4f87f255cc7a386157782ba5471c7037e797f93953f62b723091494e83cfef9
evidence/hardware/p7/authorized_sequence/p7_20260711_stationary_app_r10_diag_suffix55/057_p7_large_jtag_64k_rr_all_bytes/p7_jtag_axi_stage_summary.json,4500734,9aecc24adfbc7e1947f2568de3c83b378c1bd3da191d2950540e28c1d9a74bdb
evidence/hardware/p7/authorized_sequence/p7_20260711_stationary_app_r10_diag_suffix55/057_p7_large_jtag_64k_rr_all_bytes/p7_jtag_backend_parse_summary.json,602448,aadf472d4819d343988d9562d7cb5e0b84ac11d3496b6cb1da526449c8f7b58d
evidence/hardware/p7/authorized_sequence/p7_20260711_stationary_app_r10_diag_suffix55/057_p7_large_jtag_64k_rr_all_bytes/p7_jtag_reassembled_output.bin,65536,7daca2095d0438260fa849183dfc67faa459fdf4936e1bc91eec6b281b27e4c2
evidence/hardware/p7/authorized_sequence/p7_20260711_stationary_app_r10_diag_suffix55/057_p7_large_jtag_64k_rr_all_bytes/p7_preflight.stderr.log,0,e3b0c44298fc1c149afbf4c8996fb92427ae41e4649b934ca495991b7852b855
evidence/hardware/p7/authorized_sequence/p7_20260711_stationary_app_r10_diag_suffix55/057_p7_large_jtag_64k_rr_all_bytes/p7_preflight.stdout.log,9843,118f92a354176512d8b23b2d87ae5aa1757f8a89cc8848a7bf3c1af4f501e9c4
evidence/hardware/p7/authorized_sequence/p7_20260711_stationary_app_r10_diag_suffix55/057_p7_large_jtag_64k_rr_all_bytes/p7_preflight_result.txt,512,b9c7b51d551d7f0a98f48b8493aed82542ccd9993966f478228e655b31ebbe84
evidence/hardware/p7/authorized_sequence/p7_20260711_stationary_app_r10_diag_suffix55/057_p7_large_jtag_64k_rr_all_bytes/p7_shutdown_after.stderr.log,0,e3b0c44298fc1c149afbf4c8996fb92427ae41e4649b934ca495991b7852b855
evidence/hardware/p7/authorized_sequence/p7_20260711_stationary_app_r10_diag_suffix55/057_p7_large_jtag_64k_rr_all_bytes/p7_shutdown_after.stdout.log,30060,cf16565ea9b36bd0d4e0cdb068ae188a81e929a297bf2be7b926c5857c23f5b0
evidence/hardware/p7/authorized_sequence/p7_20260711_stationary_app_r10_diag_suffix55/057_p7_large_jtag_64k_rr_all_bytes/p7_shutdown_after_result.txt,475,c55a4211ff667cbfea8bedbb4ad4ab2b248c2e80cfcfdd2062f4f04473dbb87a
evidence/hardware/p7/authorized_sequence/p7_20260711_stationary_app_r10_diag_suffix55/057_p7_large_jtag_64k_rr_all_bytes/p7_shutdown_before.stderr.log,0,e3b0c44298fc1c149afbf4c8996fb92427ae41e4649b934ca495991b7852b855
evidence/hardware/p7/authorized_sequence/p7_20260711_stationary_app_r10_diag_suffix55/057_p7_large_jtag_64k_rr_all_bytes/p7_shutdown_before.stdout.log,30060,e1a75dfc7a0a86409d10fe89ea30e92addf62ac940d318a6d1010efe1b1af561
evidence/hardware/p7/authorized_sequence/p7_20260711_stationary_app_r10_diag_suffix55/057_p7_large_jtag_64k_rr_all_bytes/p7_shutdown_before_result.txt,475,c55a4211ff667cbfea8bedbb4ad4ab2b248c2e80cfcfdd2062f4f04473dbb87a
evidence/hardware/p7/authorized_sequence/p7_20260711_stationary_app_r10_diag_suffix55/058_p7_large_jtag_1m_l0_random/p7_jtag_axi_raw_result.txt,3828023,34dc05b5451a3fc26184fdabb00e401f9d7dbb3e8a857a0d73ee7fa79b0dce48
evidence/hardware/p7/authorized_sequence/p7_20260711_stationary_app_r10_diag_suffix55/058_p7_large_jtag_1m_l0_random/p7_jtag_axi_stage.stderr.log,0,e3b0c44298fc1c149afbf4c8996fb92427ae41e4649b934ca495991b7852b855
evidence/hardware/p7/authorized_sequence/p7_20260711_stationary_app_r10_diag_suffix55/058_p7_large_jtag_1m_l0_random/p7_jtag_axi_stage.stdout.log,14174,232e73bf0161da0bf393d439778024dd704e545300c98f600d59d6039a0f9c52
evidence/hardware/p7/authorized_sequence/p7_20260711_stationary_app_r10_diag_suffix55/058_p7_large_jtag_1m_l0_random/p7_jtag_axi_stage_events.jsonl,1144,887c386643825e90b8e21a806e840ca3b1e6c92ea8ec6d0e3e6318214f140d8a
evidence/hardware/p7/authorized_sequence/p7_20260711_stationary_app_r10_diag_suffix55/058_p7_large_jtag_1m_l0_random/p7_jtag_axi_stage_summary.json,49535455,377d312e8eddc76c4dc931c7f56d2f5b8f7ffffb7116d88b57b501654d762838
evidence/hardware/p7/authorized_sequence/p7_20260711_stationary_app_r10_diag_suffix55/058_p7_large_jtag_1m_l0_random/p7_preflight.stderr.log,0,e3b0c44298fc1c149afbf4c8996fb92427ae41e4649b934ca495991b7852b855
evidence/hardware/p7/authorized_sequence/p7_20260711_stationary_app_r10_diag_suffix55/058_p7_large_jtag_1m_l0_random/p7_preflight.stdout.log,9843,f3622c10c17cf55d3194f27e1651a5abbec579f9eb0372c5318315e9d2240a78
evidence/hardware/p7/authorized_sequence/p7_20260711_stationary_app_r10_diag_suffix55/058_p7_large_jtag_1m_l0_random/p7_preflight_result.txt,512,b9c7b51d551d7f0a98f48b8493aed82542ccd9993966f478228e655b31ebbe84
evidence/hardware/p7/authorized_sequence/p7_20260711_stationary_app_r10_diag_suffix55/058_p7_large_jtag_1m_l0_random/p7_shutdown_after.stderr.log,0,e3b0c44298fc1c149afbf4c8996fb92427ae41e4649b934ca495991b7852b855
evidence/hardware/p7/authorized_sequence/p7_20260711_stationary_app_r10_diag_suffix55/058_p7_large_jtag_1m_l0_random/p7_shutdown_after.stdout.log,30060,ae5546b7d756ef9e11e7fe64ed87cf477875de01be55a060b1da3de5680fc9fb
evidence/hardware/p7/authorized_sequence/p7_20260711_stationary_app_r10_diag_suffix55/058_p7_large_jtag_1m_l0_random/p7_shutdown_after_result.txt,475,c55a4211ff667cbfea8bedbb4ad4ab2b248c2e80cfcfdd2062f4f04473dbb87a
evidence/hardware/p7/authorized_sequence/p7_20260711_stationary_app_r10_diag_suffix55/058_p7_large_jtag_1m_l0_random/p7_shutdown_before.stderr.log,0,e3b0c44298fc1c149afbf4c8996fb92427ae41e4649b934ca495991b7852b855
evidence/hardware/p7/authorized_sequence/p7_20260711_stationary_app_r10_diag_suffix55/058_p7_large_jtag_1m_l0_random/p7_shutdown_before.stdout.log,30060,ca260a27c7346ebfca408bb616cec9fda7bf483ce1b0d2c5828ef855b97d61a9
evidence/hardware/p7/authorized_sequence/p7_20260711_stationary_app_r10_diag_suffix55/058_p7_large_jtag_1m_l0_random/p7_shutdown_before_result.txt,475,c55a4211ff667cbfea8bedbb4ad4ab2b248c2e80cfcfdd2062f4f04473dbb87a
evidence/hardware/p7/authorized_sequence/p7_20260711_stationary_app_r10_diag_suffix55/historical_preflight_inputs/manifest.json,5511,d1897482ed7ab9e77e2a293f6d2a2d0a133cc2352ae3d1b48190a3650db4af29
evidence/hardware/p7/authorized_sequence/p7_20260711_stationary_app_r10_diag_suffix55/historical_preflight_inputs/p4_recovery_authorization_61f676760e875ce2772e2c460e9b3241ebcd013ebacfea715ee79b232316f476.txt,201,61f676760e875ce2772e2c460e9b3241ebcd013ebacfea715ee79b232316f476
evidence/hardware/p7/authorized_sequence/p7_20260711_stationary_app_r10_diag_suffix55/historical_preflight_inputs/p7_generation_manifest_baf0cf00baacf6857432ba042d0e51d2fc4e1c005888c47ad79ac0470ae3b067.json,54033,baf0cf00baacf6857432ba042d0e51d2fc4e1c005888c47ad79ac0470ae3b067
evidence/hardware/p7/authorized_sequence/p7_20260711_stationary_app_r10_diag_suffix55/historical_preflight_inputs/p7_jtag_axi_transactions_6bd9980e_0b1c05ba9de293ef73197739edfd5e91624fa1c8.tcl,26680,68e8b394a8db0ab94ddc1ed4051f8bdc5ce73243e30da6946dc8705ae643b16e
evidence/hardware/p7/authorized_sequence/p7_20260711_stationary_app_r10_diag_suffix55/historical_preflight_inputs/p7_jtag_backend_6bd9980e_7447a5c4203ab83db049de32b9652d481178fb22.py,80403,593185c5fa9c23244a0bfd0355da61df098e194319435c626132b7f3a1726018
evidence/hardware/p7/authorized_sequence/p7_20260711_stationary_app_r10_diag_suffix55/historical_preflight_inputs/p7_offline_gate_summary_4304f94d4bff6e449955c487257064477b4bdbe58d150cdb94d2aa3b3134636c.json,7626,4304f94d4bff6e449955c487257064477b4bdbe58d150cdb94d2aa3b3134636c
evidence/hardware/p7/authorized_sequence/p7_20260711_stationary_app_r10_diag_suffix55/historical_preflight_inputs/p7_sequence_plan_5cefcc79a8c3d4114688086631c1ed1974355f4d74a26db28715ab4814fccb8d.txt,88636,5cefcc79a8c3d4114688086631c1ed1974355f4d74a26db28715ab4814fccb8d
evidence/hardware/p7/authorized_sequence/p7_20260711_stationary_app_r10_diag_suffix55/historical_preflight_inputs/p7_stage_001_authorization_702664ea02a356a08d864c49bd3a0c67ba2bfcfb780950fc25ec7306745e30bb.txt,3433,702664ea02a356a08d864c49bd3a0c67ba2bfcfb780950fc25ec7306745e30bb
evidence/hardware/p7/authorized_sequence/p7_20260711_stationary_app_r10_diag_suffix55/historical_preflight_inputs/p7_stage_001_transactions_7a4018b7c0b3d7ef82a79c26f3727851f3a62220189dbb7f2fc029e3838418c5.txt,32614920,7a4018b7c0b3d7ef82a79c26f3727851f3a62220189dbb7f2fc029e3838418c5
evidence/hardware/p7/authorized_sequence/p7_20260711_stationary_app_r10_diag_suffix55/historical_preflight_inputs/run_p7_jtag_axi_stage_safe_6bd9980e_49a73cead8c60acb9c870ce4e5db9ba691b0b3d0.py,140656,225a168954e499261c2b65afd5ca3212e97045ce3acb692e1fbde0ab428b1e6b
evidence/hardware/p7/authorized_sequence/p7_20260711_stationary_app_r10_diag_suffix55/historical_preflight_inputs/tfdu_lane_phy_6bd9980e_970cbc860290698c4f417959f7e7fc0bcfbd6933.sv,5199,2f515a22fedc5abdf3f58bbdaa6df8baee8a2f919747a3622ece0a63009e920a
evidence/hardware/p7/authorized_sequence/p7_20260711_stationary_app_r10_diag_suffix55/recovery_shutdown_after_failed_stage058_20260711T125648Z/hardware_authorization.json,1364,5609ffd33329d2975c4b5452e44d7d8ec60c6d70d4f69a46b27713b5fdc91211
evidence/hardware/p7/authorized_sequence/p7_20260711_stationary_app_r10_diag_suffix55/recovery_shutdown_after_failed_stage058_20260711T125648Z/hash_manifest.csv,994,a6e080be2e870ce952367aba8338f2da5d810f35c26744ebe6bb58cfdbaa4bb9
evidence/hardware/p7/authorized_sequence/p7_20260711_stationary_app_r10_diag_suffix55/recovery_shutdown_after_failed_stage058_20260711T125648Z/hash_manifest.json,2291,e5566d61020552e85c881f4ee45c2f73973a70a2785836815b94ed0985d6c400
evidence/hardware/p7/authorized_sequence/p7_20260711_stationary_app_r10_diag_suffix55/recovery_shutdown_after_failed_stage058_20260711T125648Z/program_tfdu_shutdown_safe.stderr.log,0,e3b0c44298fc1c149afbf4c8996fb92427ae41e4649b934ca495991b7852b855
evidence/hardware/p7/authorized_sequence/p7_20260711_stationary_app_r10_diag_suffix55/recovery_shutdown_after_failed_stage058_20260711T125648Z/program_tfdu_shutdown_safe.stdout.log,5134,19ccd683e1a9fc008e486c79c0f241133e0ebbda7aa3dd5d98c6d8f99e86ea0a
evidence/hardware/p7/authorized_sequence/p7_20260711_stationary_app_r10_diag_suffix55/recovery_shutdown_after_failed_stage058_20260711T125648Z/program_tfdu_shutdown_safe.summary.txt,2122,ef50b28dfcad1100363b17bf4ca57d4df00ae36ce07529c0c05250656897f051
evidence/hardware/p7/authorized_sequence/p7_20260711_stationary_app_r10_diag_suffix55/sequence_execution_ledger.json,131573,284cada3b4a807413cc09ec4b33282751323d75f60162124994b632a75c4aeec
evidence/hardware/p7/authorized_sequence/p7_20260711_stationary_app_r11_diag_suffix55/.sequence_execution_ledger_wrapper_logs/001_p7_safe_idle.stderr.log,0,e3b0c44298fc1c149afbf4c8996fb92427ae41e4649b934ca495991b7852b855
evidence/hardware/p7/authorized_sequence/p7_20260711_stationary_app_r11_diag_suffix55/.sequence_execution_ledger_wrapper_logs/001_p7_safe_idle.stdout.log,74833,14039a5f541ed4427311401b57257756b872f39fa825486e87a7a3eab4d16172
evidence/hardware/p7/authorized_sequence/p7_20260711_stationary_app_r11_diag_suffix55/.sequence_execution_ledger_wrapper_logs/002_p7_p6_frame_regression_m1.stderr.log,0,e3b0c44298fc1c149afbf4c8996fb92427ae41e4649b934ca495991b7852b855
evidence/hardware/p7/authorized_sequence/p7_20260711_stationary_app_r11_diag_suffix55/.sequence_execution_ledger_wrapper_logs/002_p7_p6_frame_regression_m1.stdout.log,260757,ad332e515ae00730a7b401acc83e63f40ac266a05a702608613f6ae4a241442b
evidence/hardware/p7/authorized_sequence/p7_20260711_stationary_app_r11_diag_suffix55/001_p7_safe_idle/p7_jtag_axi_raw_result.txt,823,be4366eb4d00461ac9a851f0fd650d7999e066ed28252465bf69b4be6a381235
evidence/hardware/p7/authorized_sequence/p7_20260711_stationary_app_r11_diag_suffix55/001_p7_safe_idle/p7_jtag_axi_stage.stderr.log,0,e3b0c44298fc1c149afbf4c8996fb92427ae41e4649b934ca495991b7852b855
evidence/hardware/p7/authorized_sequence/p7_20260711_stationary_app_r11_diag_suffix55/001_p7_safe_idle/p7_jtag_axi_stage.stdout.log,35998,7e1201bf887e999e1bebf924a975ad5caa6f31c88c12211d0c66e272fc7f86f0
evidence/hardware/p7/authorized_sequence/p7_20260711_stationary_app_r11_diag_suffix55/001_p7_safe_idle/p7_jtag_axi_stage_events.jsonl,1228,ef82fd90a3f047df49831587d23b69b777ae51efc73334645d66a6835ad7a51e
evidence/hardware/p7/authorized_sequence/p7_20260711_stationary_app_r11_diag_suffix55/001_p7_safe_idle/p7_jtag_axi_stage_summary.json,72747,8ddb9d3140d61283e97d18cda47fda6a1b4b68238c4ab8236256490d171104cb
evidence/hardware/p7/authorized_sequence/p7_20260711_stationary_app_r11_diag_suffix55/001_p7_safe_idle/p7_preflight.stderr.log,0,e3b0c44298fc1c149afbf4c8996fb92427ae41e4649b934ca495991b7852b855
evidence/hardware/p7/authorized_sequence/p7_20260711_stationary_app_r11_diag_suffix55/001_p7_safe_idle/p7_preflight.stdout.log,9843,72c0c8517ca14b1c642aeed5a65f85f594d873f0702cb15668a88ef1d360d0b3
evidence/hardware/p7/authorized_sequence/p7_20260711_stationary_app_r11_diag_suffix55/001_p7_safe_idle/p7_preflight_result.txt,512,b9c7b51d551d7f0a98f48b8493aed82542ccd9993966f478228e655b31ebbe84
evidence/hardware/p7/authorized_sequence/p7_20260711_stationary_app_r11_diag_suffix55/001_p7_safe_idle/p7_safe_idle_parse_summary.json,733,3991bcae4b2f298c8be2154c634b5180d1751df472c7cdece3aa168622e6c8d7
evidence/hardware/p7/authorized_sequence/p7_20260711_stationary_app_r11_diag_suffix55/001_p7_safe_idle/p7_shutdown_after.stderr.log,0,e3b0c44298fc1c149afbf4c8996fb92427ae41e4649b934ca495991b7852b855
evidence/hardware/p7/authorized_sequence/p7_20260711_stationary_app_r11_diag_suffix55/001_p7_safe_idle/p7_shutdown_after.stdout.log,35257,a750e145ed828888a2d1b3b3d878a270999caa5c1bc5dbe526f04b54ec19278b
evidence/hardware/p7/authorized_sequence/p7_20260711_stationary_app_r11_diag_suffix55/001_p7_safe_idle/p7_shutdown_after_result.txt,475,c55a4211ff667cbfea8bedbb4ad4ab2b248c2e80cfcfdd2062f4f04473dbb87a
evidence/hardware/p7/authorized_sequence/p7_20260711_stationary_app_r11_diag_suffix55/001_p7_safe_idle/p7_shutdown_before.stderr.log,0,e3b0c44298fc1c149afbf4c8996fb92427ae41e4649b934ca495991b7852b855
evidence/hardware/p7/authorized_sequence/p7_20260711_stationary_app_r11_diag_suffix55/001_p7_safe_idle/p7_shutdown_before.stdout.log,35257,894838f8dc0ed4529f0cb086d837f4beda03c77a15aadf1d14ab27cf1934d311
evidence/hardware/p7/authorized_sequence/p7_20260711_stationary_app_r11_diag_suffix55/001_p7_safe_idle/p7_shutdown_before_result.txt,475,c55a4211ff667cbfea8bedbb4ad4ab2b248c2e80cfcfdd2062f4f04473dbb87a
evidence/hardware/p7/authorized_sequence/p7_20260711_stationary_app_r11_diag_suffix55/002_p7_p6_frame_regression_m1/p7_jtag_axi_raw_result.txt,1208,3d1727802b5189c29c9b262ad89b3321861bf510d0978970419eac880aa5f947
evidence/hardware/p7/authorized_sequence/p7_20260711_stationary_app_r11_diag_suffix55/002_p7_p6_frame_regression_m1/p7_jtag_axi_stage.stderr.log,0,e3b0c44298fc1c149afbf4c8996fb92427ae41e4649b934ca495991b7852b855
evidence/hardware/p7/authorized_sequence/p7_20260711_stationary_app_r11_diag_suffix55/002_p7_p6_frame_regression_m1/p7_jtag_axi_stage.stdout.log,36863,4f65b83b84217bc48c7477371faf2a5f324fd57ff8e59454ef3238390f970e9b
evidence/hardware/p7/authorized_sequence/p7_20260711_stationary_app_r11_diag_suffix55/002_p7_p6_frame_regression_m1/p7_jtag_axi_stage_events.jsonl,1140,5e339d78bdbed8023efb213d2f0fdad2f86b5bad4a925f176efa8022d5a13372
evidence/hardware/p7/authorized_sequence/p7_20260711_stationary_app_r11_diag_suffix55/002_p7_p6_frame_regression_m1/p7_jtag_axi_stage_summary.json,250314,a823c455ab464d01d8cd748c6d558a12daefd2cede016fd32f35d8fe6f3e9db9
evidence/hardware/p7/authorized_sequence/p7_20260711_stationary_app_r11_diag_suffix55/002_p7_p6_frame_regression_m1/p7_preflight.stderr.log,0,e3b0c44298fc1c149afbf4c8996fb92427ae41e4649b934ca495991b7852b855
evidence/hardware/p7/authorized_sequence/p7_20260711_stationary_app_r11_diag_suffix55/002_p7_p6_frame_regression_m1/p7_preflight.stdout.log,9843,d7b96ddcf83f96f9bd454f2e76ba07fa1aec69c764354932ef9e656085b10fe8
evidence/hardware/p7/authorized_sequence/p7_20260711_stationary_app_r11_diag_suffix55/002_p7_p6_frame_regression_m1/p7_preflight_result.txt,512,b9c7b51d551d7f0a98f48b8493aed82542ccd9993966f478228e655b31ebbe84
evidence/hardware/p7/authorized_sequence/p7_20260711_stationary_app_r11_diag_suffix55/002_p7_p6_frame_regression_m1/p7_shutdown_after.stderr.log,0,e3b0c44298fc1c149afbf4c8996fb92427ae41e4649b934ca495991b7852b855
evidence/hardware/p7/authorized_sequence/p7_20260711_stationary_app_r11_diag_suffix55/002_p7_p6_frame_regression_m1/p7_shutdown_after.stdout.log,35257,7e5f4d2aa6c9c29c96ebc9cbe508a50dbdd0ad881c0e6bafe5952e3f91c2d55b
evidence/hardware/p7/authorized_sequence/p7_20260711_stationary_app_r11_diag_suffix55/002_p7_p6_frame_regression_m1/p7_shutdown_after_result.txt,475,c55a4211ff667cbfea8bedbb4ad4ab2b248c2e80cfcfdd2062f4f04473dbb87a
evidence/hardware/p7/authorized_sequence/p7_20260711_stationary_app_r11_diag_suffix55/002_p7_p6_frame_regression_m1/p7_shutdown_before.stderr.log,0,e3b0c44298fc1c149afbf4c8996fb92427ae41e4649b934ca495991b7852b855
evidence/hardware/p7/authorized_sequence/p7_20260711_stationary_app_r11_diag_suffix55/002_p7_p6_frame_regression_m1/p7_shutdown_before.stdout.log,35257,e897dabad30d49a3232897b7bf86438adc27a818ac73559a4f65f9d6c6a42fb3
evidence/hardware/p7/authorized_sequence/p7_20260711_stationary_app_r11_diag_suffix55/002_p7_p6_frame_regression_m1/p7_shutdown_before_result.txt,475,c55a4211ff667cbfea8bedbb4ad4ab2b248c2e80cfcfdd2062f4f04473dbb87a
evidence/hardware/p7/authorized_sequence/p7_20260711_stationary_app_r11_diag_suffix55/historical_preflight_inputs/manifest.json,5505,0d97cb0e67fe3bf3ebef6a2afba3cd03ec2e5babfb70aa9f4385bd70fe5c76db
evidence/hardware/p7/authorized_sequence/p7_20260711_stationary_app_r11_diag_suffix55/historical_preflight_inputs/p4_recovery_authorization_61f676760e875ce2772e2c460e9b3241ebcd013ebacfea715ee79b232316f476.txt,201,61f676760e875ce2772e2c460e9b3241ebcd013ebacfea715ee79b232316f476
evidence/hardware/p7/authorized_sequence/p7_20260711_stationary_app_r11_diag_suffix55/historical_preflight_inputs/p7_generation_manifest_a3fdbc9ed8b8d918f57d56e7b02d77efd0652cf7abb222576da6b6f39271f1ed.json,53791,a3fdbc9ed8b8d918f57d56e7b02d77efd0652cf7abb222576da6b6f39271f1ed
evidence/hardware/p7/authorized_sequence/p7_20260711_stationary_app_r11_diag_suffix55/historical_preflight_inputs/p7_jtag_axi_transactions_b9bb0b93_b945579e2b888ad2080650a412f17ba277a000c3.tcl,31898,e95009222b144f51c6bdf60785dde96e2684ae1e4319901c86163054037ab0b7
evidence/hardware/p7/authorized_sequence/p7_20260711_stationary_app_r11_diag_suffix55/historical_preflight_inputs/p7_jtag_backend_b9bb0b93_7447a5c4203ab83db049de32b9652d481178fb22.py,80403,593185c5fa9c23244a0bfd0355da61df098e194319435c626132b7f3a1726018
evidence/hardware/p7/authorized_sequence/p7_20260711_stationary_app_r11_diag_suffix55/historical_preflight_inputs/p7_offline_gate_summary_118c8aab027a22fcea5188340f2741594ff08ee8d7a00340ba0e4edbf6ca95f8.json,7626,118c8aab027a22fcea5188340f2741594ff08ee8d7a00340ba0e4edbf6ca95f8
evidence/hardware/p7/authorized_sequence/p7_20260711_stationary_app_r11_diag_suffix55/historical_preflight_inputs/p7_sequence_plan_c04e2796b5431958234b0ae986dcc876e873e455382e8c533cbeac160ead7041.txt,88636,c04e2796b5431958234b0ae986dcc876e873e455382e8c533cbeac160ead7041
evidence/hardware/p7/authorized_sequence/p7_20260711_stationary_app_r11_diag_suffix55/historical_preflight_inputs/p7_stage_001_authorization_4b89ad13d6c4e2a75a518a952ee910fca648849a61fb1b99f6aa6fff89bf9937.txt,3428,4b89ad13d6c4e2a75a518a952ee910fca648849a61fb1b99f6aa6fff89bf9937
evidence/hardware/p7/authorized_sequence/p7_20260711_stationary_app_r11_diag_suffix55/historical_preflight_inputs/p7_stage_001_transactions_4569a727fa2fc7f64afbdbf9f029b6da1489ca48e84262bd7e9c45d51a909fbd.txt,130270,4569a727fa2fc7f64afbdbf9f029b6da1489ca48e84262bd7e9c45d51a909fbd
evidence/hardware/p7/authorized_sequence/p7_20260711_stationary_app_r11_diag_suffix55/historical_preflight_inputs/run_p7_jtag_axi_stage_safe_b9bb0b93_9800b1b34521d20713c232bcd039e97e152b91de.py,143159,19703a56ba9611f8aa54e887b50b4aa154812cb6635ac809a249b58d1c665c02
evidence/hardware/p7/authorized_sequence/p7_20260711_stationary_app_r11_diag_suffix55/historical_preflight_inputs/tfdu_lane_phy_b9bb0b93_970cbc860290698c4f417959f7e7fc0bcfbd6933.sv,5199,2f515a22fedc5abdf3f58bbdaa6df8baee8a2f919747a3622ece0a63009e920a
evidence/hardware/p7/authorized_sequence/p7_20260711_stationary_app_r11_diag_suffix55/recovery_shutdown_after_failed_stage002_20260711T144611Z/hardware_authorization.json,1364,5609ffd33329d2975c4b5452e44d7d8ec60c6d70d4f69a46b27713b5fdc91211
evidence/hardware/p7/authorized_sequence/p7_20260711_stationary_app_r11_diag_suffix55/recovery_shutdown_after_failed_stage002_20260711T144611Z/hash_manifest.csv,994,a6e080be2e870ce952367aba8338f2da5d810f35c26744ebe6bb58cfdbaa4bb9
evidence/hardware/p7/authorized_sequence/p7_20260711_stationary_app_r11_diag_suffix55/recovery_shutdown_after_failed_stage002_20260711T144611Z/hash_manifest.json,2291,b652558f278319d5520397c676de8461c51a1942c65cc793b0340e3598f2694f
evidence/hardware/p7/authorized_sequence/p7_20260711_stationary_app_r11_diag_suffix55/recovery_shutdown_after_failed_stage002_20260711T144611Z/program_tfdu_shutdown_safe.stderr.log,0,e3b0c44298fc1c149afbf4c8996fb92427ae41e4649b934ca495991b7852b855
evidence/hardware/p7/authorized_sequence/p7_20260711_stationary_app_r11_diag_suffix55/recovery_shutdown_after_failed_stage002_20260711T144611Z/program_tfdu_shutdown_safe.stdout.log,5022,72c1f3d25cb31b9741e94c76c30c2071f0a935b8ce68002933aaad12d18027a3
evidence/hardware/p7/authorized_sequence/p7_20260711_stationary_app_r11_diag_suffix55/recovery_shutdown_after_failed_stage002_20260711T144611Z/program_tfdu_shutdown_safe.summary.txt,2122,e2195d55304635f2167e54a71c493608293f3c9711d1f1f6963be4e2193cde01
evidence/hardware/p7/authorized_sequence/p7_20260711_stationary_app_r11_diag_suffix55/sequence_execution_ledger.json,33396,b1879ab87981ded1c2064e74cf14fea60aa3162f9a728396df7d72ce091f03a3
evidence/hardware/p7/authorized_sequence/p7_20260711_stationary_app_r12_diag_suffix55/.sequence_execution_ledger_wrapper_logs/001_p7_safe_idle.stderr.log,0,e3b0c44298fc1c149afbf4c8996fb92427ae41e4649b934ca495991b7852b855
evidence/hardware/p7/authorized_sequence/p7_20260711_stationary_app_r12_diag_suffix55/.sequence_execution_ledger_wrapper_logs/001_p7_safe_idle.stdout.log,75022,0d8257c38462a2ba31db813a1f5af49c45c60464371b90d51eed9e48d307d3bd
evidence/hardware/p7/authorized_sequence/p7_20260711_stationary_app_r12_diag_suffix55/.sequence_execution_ledger_wrapper_logs/002_p7_p6_frame_regression_m1.stderr.log,0,e3b0c44298fc1c149afbf4c8996fb92427ae41e4649b934ca495991b7852b855
evidence/hardware/p7/authorized_sequence/p7_20260711_stationary_app_r12_diag_suffix55/.sequence_execution_ledger_wrapper_logs/002_p7_p6_frame_regression_m1.stdout.log,260961,1bc7cabc63a9887067f393bc043999663beed3e3fdf6163ec6ef9b14a9d89ce3
evidence/hardware/p7/authorized_sequence/p7_20260711_stationary_app_r12_diag_suffix55/001_p7_safe_idle/p7_jtag_axi_raw_result.txt,823,be4366eb4d00461ac9a851f0fd650d7999e066ed28252465bf69b4be6a381235
evidence/hardware/p7/authorized_sequence/p7_20260711_stationary_app_r12_diag_suffix55/001_p7_safe_idle/p7_jtag_axi_stage.stderr.log,0,e3b0c44298fc1c149afbf4c8996fb92427ae41e4649b934ca495991b7852b855
evidence/hardware/p7/authorized_sequence/p7_20260711_stationary_app_r12_diag_suffix55/001_p7_safe_idle/p7_jtag_axi_stage.stdout.log,36026,ba41473d15da98b94bb3d9de7ddaa9d53dbce8af37148b3569032ba0ce16e967
evidence/hardware/p7/authorized_sequence/p7_20260711_stationary_app_r12_diag_suffix55/001_p7_safe_idle/p7_jtag_axi_stage_events.jsonl,1228,dd561550cb7f703c784eb34bd3fc43dac7ed7c2c68ed2dfdfd8c2d0889321f45
evidence/hardware/p7/authorized_sequence/p7_20260711_stationary_app_r12_diag_suffix55/001_p7_safe_idle/p7_jtag_axi_stage_summary.json,72928,b62fe9ad8db321071c744634d14f20d638097a49761c72beefc564002bd42f4f
evidence/hardware/p7/authorized_sequence/p7_20260711_stationary_app_r12_diag_suffix55/001_p7_safe_idle/p7_preflight.stderr.log,0,e3b0c44298fc1c149afbf4c8996fb92427ae41e4649b934ca495991b7852b855
evidence/hardware/p7/authorized_sequence/p7_20260711_stationary_app_r12_diag_suffix55/001_p7_safe_idle/p7_preflight.stdout.log,9843,40c3623451639100426176608cea7121da97d0c3631f0b95139ab8c5d78eea8d
evidence/hardware/p7/authorized_sequence/p7_20260711_stationary_app_r12_diag_suffix55/001_p7_safe_idle/p7_preflight_result.txt,512,b9c7b51d551d7f0a98f48b8493aed82542ccd9993966f478228e655b31ebbe84
evidence/hardware/p7/authorized_sequence/p7_20260711_stationary_app_r12_diag_suffix55/001_p7_safe_idle/p7_safe_idle_parse_summary.json,733,3991bcae4b2f298c8be2154c634b5180d1751df472c7cdece3aa168622e6c8d7
evidence/hardware/p7/authorized_sequence/p7_20260711_stationary_app_r12_diag_suffix55/001_p7_safe_idle/p7_shutdown_after.stderr.log,0,e3b0c44298fc1c149afbf4c8996fb92427ae41e4649b934ca495991b7852b855
evidence/hardware/p7/authorized_sequence/p7_20260711_stationary_app_r12_diag_suffix55/001_p7_safe_idle/p7_shutdown_after.stdout.log,35285,56443835e3ccad6b4b6c41cc2563176df8174544ce1d1d9eb4a25182b1d8a171
evidence/hardware/p7/authorized_sequence/p7_20260711_stationary_app_r12_diag_suffix55/001_p7_safe_idle/p7_shutdown_after_result.txt,475,c55a4211ff667cbfea8bedbb4ad4ab2b248c2e80cfcfdd2062f4f04473dbb87a
evidence/hardware/p7/authorized_sequence/p7_20260711_stationary_app_r12_diag_suffix55/001_p7_safe_idle/p7_shutdown_before.stderr.log,0,e3b0c44298fc1c149afbf4c8996fb92427ae41e4649b934ca495991b7852b855
evidence/hardware/p7/authorized_sequence/p7_20260711_stationary_app_r12_diag_suffix55/001_p7_safe_idle/p7_shutdown_before.stdout.log,35285,1dd5bddcf2942894f60209b2da8f1cc17a414817d9d140a9386636f29cada608
evidence/hardware/p7/authorized_sequence/p7_20260711_stationary_app_r12_diag_suffix55/001_p7_safe_idle/p7_shutdown_before_result.txt,475,c55a4211ff667cbfea8bedbb4ad4ab2b248c2e80cfcfdd2062f4f04473dbb87a
evidence/hardware/p7/authorized_sequence/p7_20260711_stationary_app_r12_diag_suffix55/002_p7_p6_frame_regression_m1/p7_jtag_axi_raw_result.txt,1158,5199ba1b32c8ba5fdbb6e0a41f9289600dd663ab91c7d4c3c9162c473257c4df
evidence/hardware/p7/authorized_sequence/p7_20260711_stationary_app_r12_diag_suffix55/002_p7_p6_frame_regression_m1/p7_jtag_axi_stage.stderr.log,162,547974f58f0ebbefedd8fdc4ae228f24ed5e072bdd1bfa9978f1638a56e76a4e
evidence/hardware/p7/authorized_sequence/p7_20260711_stationary_app_r12_diag_suffix55/002_p7_p6_frame_regression_m1/p7_jtag_axi_stage.stdout.log,37705,9661f87cb8f0904b3010aec5467fd242fce7514ef079005b66d0ce912de2f6ef
evidence/hardware/p7/authorized_sequence/p7_20260711_stationary_app_r12_diag_suffix55/002_p7_p6_frame_regression_m1/p7_jtag_axi_stage_events.jsonl,1140,bdcfd9cb5c6379c3dcda54bffeb266f9ce33191a94bc52e2a713e01f724dc3a3
evidence/hardware/p7/authorized_sequence/p7_20260711_stationary_app_r12_diag_suffix55/002_p7_p6_frame_regression_m1/p7_jtag_axi_stage_summary.json,250508,f13ea0d5485ba1d268248b5630fba09d43502d763b82dc3de3b771bad2a0666c
evidence/hardware/p7/authorized_sequence/p7_20260711_stationary_app_r12_diag_suffix55/002_p7_p6_frame_regression_m1/p7_preflight.stderr.log,0,e3b0c44298fc1c149afbf4c8996fb92427ae41e4649b934ca495991b7852b855
evidence/hardware/p7/authorized_sequence/p7_20260711_stationary_app_r12_diag_suffix55/002_p7_p6_frame_regression_m1/p7_preflight.stdout.log,9843,56752688ba71e08de222c49be47a84aaa42c66cffeb014b608db61c459d4c258
evidence/hardware/p7/authorized_sequence/p7_20260711_stationary_app_r12_diag_suffix55/002_p7_p6_frame_regression_m1/p7_preflight_result.txt,512,b9c7b51d551d7f0a98f48b8493aed82542ccd9993966f478228e655b31ebbe84
evidence/hardware/p7/authorized_sequence/p7_20260711_stationary_app_r12_diag_suffix55/002_p7_p6_frame_regression_m1/p7_shutdown_after.stderr.log,0,e3b0c44298fc1c149afbf4c8996fb92427ae41e4649b934ca495991b7852b855
evidence/hardware/p7/authorized_sequence/p7_20260711_stationary_app_r12_diag_suffix55/002_p7_p6_frame_regression_m1/p7_shutdown_after.stdout.log,35285,f5d63f174e02f036e06efb71ade9446b1790fafc8504927e17399f7e6d151f83
evidence/hardware/p7/authorized_sequence/p7_20260711_stationary_app_r12_diag_suffix55/002_p7_p6_frame_regression_m1/p7_shutdown_after_result.txt,475,c55a4211ff667cbfea8bedbb4ad4ab2b248c2e80cfcfdd2062f4f04473dbb87a
evidence/hardware/p7/authorized_sequence/p7_20260711_stationary_app_r12_diag_suffix55/002_p7_p6_frame_regression_m1/p7_shutdown_before.stderr.log,0,e3b0c44298fc1c149afbf4c8996fb92427ae41e4649b934ca495991b7852b855
evidence/hardware/p7/authorized_sequence/p7_20260711_stationary_app_r12_diag_suffix55/002_p7_p6_frame_regression_m1/p7_shutdown_before.stdout.log,35285,17a05e3e2c794be10de44541fbf7cc84816683bbe79306e7d4da87d4cda98f4b
evidence/hardware/p7/authorized_sequence/p7_20260711_stationary_app_r12_diag_suffix55/002_p7_p6_frame_regression_m1/p7_shutdown_before_result.txt,475,c55a4211ff667cbfea8bedbb4ad4ab2b248c2e80cfcfdd2062f4f04473dbb87a
evidence/hardware/p7/authorized_sequence/p7_20260711_stationary_app_r12_diag_suffix55/historical_preflight_inputs/manifest.json,5505,d3c9f93a43d1c45e63507fd24c7933f1d9f9360a4fa7d0a9628a32cb9321c9b9
evidence/hardware/p7/authorized_sequence/p7_20260711_stationary_app_r12_diag_suffix55/historical_preflight_inputs/p4_recovery_authorization_61f676760e875ce2772e2c460e9b3241ebcd013ebacfea715ee79b232316f476.txt,201,61f676760e875ce2772e2c460e9b3241ebcd013ebacfea715ee79b232316f476
evidence/hardware/p7/authorized_sequence/p7_20260711_stationary_app_r12_diag_suffix55/historical_preflight_inputs/p7_generation_manifest_f0cf67052eea5c119f44ea2feb50d7800d72c2c4f96ef3c7147bdf7d8d16eb41.json,53791,f0cf67052eea5c119f44ea2feb50d7800d72c2c4f96ef3c7147bdf7d8d16eb41
evidence/hardware/p7/authorized_sequence/p7_20260711_stationary_app_r12_diag_suffix55/historical_preflight_inputs/p7_jtag_axi_transactions_999cbc32_3ce772b375a35208d4d39205cc761cf7edd1846b.tcl,32014,702c21b8701befd2bec8bf4656557f0c2230a7cf80bec3b1710170f33d6ba632
evidence/hardware/p7/authorized_sequence/p7_20260711_stationary_app_r12_diag_suffix55/historical_preflight_inputs/p7_jtag_backend_999cbc32_7447a5c4203ab83db049de32b9652d481178fb22.py,80403,593185c5fa9c23244a0bfd0355da61df098e194319435c626132b7f3a1726018
evidence/hardware/p7/authorized_sequence/p7_20260711_stationary_app_r12_diag_suffix55/historical_preflight_inputs/p7_offline_gate_summary_e5865683587f203ddc292fd998c5bc04f84a1de931bbc0c05cc7260382b42452.json,7626,e5865683587f203ddc292fd998c5bc04f84a1de931bbc0c05cc7260382b42452
evidence/hardware/p7/authorized_sequence/p7_20260711_stationary_app_r12_diag_suffix55/historical_preflight_inputs/p7_sequence_plan_afbd14093989a62d3bc149abc3d840647e352ccd87e5c221ee689ee849d2ef0d.txt,88636,afbd14093989a62d3bc149abc3d840647e352ccd87e5c221ee689ee849d2ef0d
evidence/hardware/p7/authorized_sequence/p7_20260711_stationary_app_r12_diag_suffix55/historical_preflight_inputs/p7_stage_001_authorization_c514fee1bf048ab3021c33f3c7e03e523a5e16511766577780929f68a31970ac.txt,3428,c514fee1bf048ab3021c33f3c7e03e523a5e16511766577780929f68a31970ac
evidence/hardware/p7/authorized_sequence/p7_20260711_stationary_app_r12_diag_suffix55/historical_preflight_inputs/p7_stage_001_transactions_4569a727fa2fc7f64afbdbf9f029b6da1489ca48e84262bd7e9c45d51a909fbd.txt,130270,4569a727fa2fc7f64afbdbf9f029b6da1489ca48e84262bd7e9c45d51a909fbd
evidence/hardware/p7/authorized_sequence/p7_20260711_stationary_app_r12_diag_suffix55/historical_preflight_inputs/run_p7_jtag_axi_stage_safe_999cbc32_76d509116583d5885f46970adb8c62096f0c6460.py,143506,c4f4a9a1252b7dcf9796ae54589127baab1e9b988540dc73b9f265f39c938dfa
evidence/hardware/p7/authorized_sequence/p7_20260711_stationary_app_r12_diag_suffix55/historical_preflight_inputs/tfdu_lane_phy_999cbc32_970cbc860290698c4f417959f7e7fc0bcfbd6933.sv,5199,2f515a22fedc5abdf3f58bbdaa6df8baee8a2f919747a3622ece0a63009e920a
evidence/hardware/p7/authorized_sequence/p7_20260711_stationary_app_r12_diag_suffix55/recovery_shutdown_after_failed_stage002_20260711T152922Z/hardware_authorization.json,1364,5609ffd33329d2975c4b5452e44d7d8ec60c6d70d4f69a46b27713b5fdc91211
evidence/hardware/p7/authorized_sequence/p7_20260711_stationary_app_r12_diag_suffix55/recovery_shutdown_after_failed_stage002_20260711T152922Z/hash_manifest.csv,994,a6e080be2e870ce952367aba8338f2da5d810f35c26744ebe6bb58cfdbaa4bb9
evidence/hardware/p7/authorized_sequence/p7_20260711_stationary_app_r12_diag_suffix55/recovery_shutdown_after_failed_stage002_20260711T152922Z/hash_manifest.json,2291,471e2d1b11724c9a7859999dddd732ea130b0c0625e220abf00e53046142b22d
evidence/hardware/p7/authorized_sequence/p7_20260711_stationary_app_r12_diag_suffix55/recovery_shutdown_after_failed_stage002_20260711T152922Z/program_tfdu_shutdown_safe.stderr.log,0,e3b0c44298fc1c149afbf4c8996fb92427ae41e4649b934ca495991b7852b855
evidence/hardware/p7/authorized_sequence/p7_20260711_stationary_app_r12_diag_suffix55/recovery_shutdown_after_failed_stage002_20260711T152922Z/program_tfdu_shutdown_safe.stdout.log,5022,b1bc87ade402f6b6d74cedefe117608e7c2e1e0e9bf53f73b49edc2ffd0e47ed
evidence/hardware/p7/authorized_sequence/p7_20260711_stationary_app_r12_diag_suffix55/recovery_shutdown_after_failed_stage002_20260711T152922Z/program_tfdu_shutdown_safe.summary.txt,2122,76120da4ef246f7a7cbc591e0b174845220790b5a126dacebf3ae183d995109d
evidence/hardware/p7/authorized_sequence/p7_20260711_stationary_app_r12_diag_suffix55/sequence_execution_ledger.json,33396,bb756d7bd0482adeb7a4bff83b1f8ba06490d5034e0122b4d999d4d46d69af67
evidence/hardware/p7/authorized_sequence/p7_20260711_stationary_app_r13_diag_suffix55/.sequence_execution_ledger_wrapper_logs/001_p7_safe_idle.stderr.log,0,e3b0c44298fc1c149afbf4c8996fb92427ae41e4649b934ca495991b7852b855
evidence/hardware/p7/authorized_sequence/p7_20260711_stationary_app_r13_diag_suffix55/.sequence_execution_ledger_wrapper_logs/001_p7_safe_idle.stdout.log,75333,0dea168e765b0197876e717f03edd179e71b9b68907d91b3ca724f44b4394323
evidence/hardware/p7/authorized_sequence/p7_20260711_stationary_app_r13_diag_suffix55/.sequence_execution_ledger_wrapper_logs/002_p7_p6_frame_regression_m1.stderr.log,0,e3b0c44298fc1c149afbf4c8996fb92427ae41e4649b934ca495991b7852b855
evidence/hardware/p7/authorized_sequence/p7_20260711_stationary_app_r13_diag_suffix55/.sequence_execution_ledger_wrapper_logs/002_p7_p6_frame_regression_m1.stdout.log,370434,56b3ff9d357304e7940f25cbab350fcb5edb75e74ddb8726c7e84dedbe479ac7
evidence/hardware/p7/authorized_sequence/p7_20260711_stationary_app_r13_diag_suffix55/.sequence_execution_ledger_wrapper_logs/003_p7_p6_frame_regression_m2.stderr.log,0,e3b0c44298fc1c149afbf4c8996fb92427ae41e4649b934ca495991b7852b855
evidence/hardware/p7/authorized_sequence/p7_20260711_stationary_app_r13_diag_suffix55/.sequence_execution_ledger_wrapper_logs/003_p7_p6_frame_regression_m2.stdout.log,370372,b761a570a45838530ef7e66a0bed14cf16d9f0109aa02ce932a1924b9f329d36
evidence/hardware/p7/authorized_sequence/p7_20260711_stationary_app_r13_diag_suffix55/.sequence_execution_ledger_wrapper_logs/004_p7_p6_frame_regression_m3.stderr.log,0,e3b0c44298fc1c149afbf4c8996fb92427ae41e4649b934ca495991b7852b855
evidence/hardware/p7/authorized_sequence/p7_20260711_stationary_app_r13_diag_suffix55/.sequence_execution_ledger_wrapper_logs/004_p7_p6_frame_regression_m3.stdout.log,370378,03d06dc5b134ec147609f85421eaace00990dd282bdcbc2c1b5debd396d15885
evidence/hardware/p7/authorized_sequence/p7_20260711_stationary_app_r13_diag_suffix55/.sequence_execution_ledger_wrapper_logs/055_p7_large_jtag_64k_rr_prbs15.stderr.log,0,e3b0c44298fc1c149afbf4c8996fb92427ae41e4649b934ca495991b7852b855
evidence/hardware/p7/authorized_sequence/p7_20260711_stationary_app_r13_diag_suffix55/.sequence_execution_ledger_wrapper_logs/055_p7_large_jtag_64k_rr_prbs15.stdout.log,4681108,1b2ba94310fe986a60fb4dab8b4e68cc0ae5c6481edc20f0e787773351b861ec
evidence/hardware/p7/authorized_sequence/p7_20260711_stationary_app_r13_diag_suffix55/.sequence_execution_ledger_wrapper_logs/056_p7_large_jtag_64k_rr_random.stderr.log,0,e3b0c44298fc1c149afbf4c8996fb92427ae41e4649b934ca495991b7852b855
evidence/hardware/p7/authorized_sequence/p7_20260711_stationary_app_r13_diag_suffix55/.sequence_execution_ledger_wrapper_logs/056_p7_large_jtag_64k_rr_random.stdout.log,4681197,e04815088aeb48f8a00b4839ede0f515e84df8bc8433791337eaa18ac76afeba
evidence/hardware/p7/authorized_sequence/p7_20260711_stationary_app_r13_diag_suffix55/.sequence_execution_ledger_wrapper_logs/057_p7_large_jtag_64k_rr_all_bytes.stderr.log,0,e3b0c44298fc1c149afbf4c8996fb92427ae41e4649b934ca495991b7852b855
evidence/hardware/p7/authorized_sequence/p7_20260711_stationary_app_r13_diag_suffix55/.sequence_execution_ledger_wrapper_logs/057_p7_large_jtag_64k_rr_all_bytes.stdout.log,4681273,d14a1deae071bd1505093b9988d0423b758002d7b232d35b6b701d417ac779ef
evidence/hardware/p7/authorized_sequence/p7_20260711_stationary_app_r13_diag_suffix55/.sequence_execution_ledger_wrapper_logs/058_p7_large_jtag_1m_l0_random.stderr.log,0,e3b0c44298fc1c149afbf4c8996fb92427ae41e4649b934ca495991b7852b855
evidence/hardware/p7/authorized_sequence/p7_20260711_stationary_app_r13_diag_suffix55/.sequence_execution_ledger_wrapper_logs/058_p7_large_jtag_1m_l0_random.stdout.log,55809698,6c8082ae7000380c6dd9d53ca48c57e17f2c587fa2ffff8f244ff44d1723610b
evidence/hardware/p7/authorized_sequence/p7_20260711_stationary_app_r13_diag_suffix55/001_p7_safe_idle/p7_jtag_axi_raw_result.txt,823,be4366eb4d00461ac9a851f0fd650d7999e066ed28252465bf69b4be6a381235
evidence/hardware/p7/authorized_sequence/p7_20260711_stationary_app_r13_diag_suffix55/001_p7_safe_idle/p7_jtag_axi_stage.stderr.log,0,e3b0c44298fc1c149afbf4c8996fb92427ae41e4649b934ca495991b7852b855
evidence/hardware/p7/authorized_sequence/p7_20260711_stationary_app_r13_diag_suffix55/001_p7_safe_idle/p7_jtag_axi_stage.stdout.log,36026,f04d7821e6e9d61acc87ee4c65263e7d7b378ca7cb150e323d4b969f420368f1
evidence/hardware/p7/authorized_sequence/p7_20260711_stationary_app_r13_diag_suffix55/001_p7_safe_idle/p7_jtag_axi_stage_events.jsonl,1228,84ae3aeb3d19bf842508ea2c1297128ef773cbce4309f4ff8b89f678b0da5096
evidence/hardware/p7/authorized_sequence/p7_20260711_stationary_app_r13_diag_suffix55/001_p7_safe_idle/p7_jtag_axi_stage_summary.json,73244,350cb16e0f83007fb3215be6e6bd3953e88c3dad54b52dc15c3b19a0f354ab16
evidence/hardware/p7/authorized_sequence/p7_20260711_stationary_app_r13_diag_suffix55/001_p7_safe_idle/p7_preflight.stderr.log,0,e3b0c44298fc1c149afbf4c8996fb92427ae41e4649b934ca495991b7852b855
evidence/hardware/p7/authorized_sequence/p7_20260711_stationary_app_r13_diag_suffix55/001_p7_safe_idle/p7_preflight.stdout.log,9843,ce2aae48b23478616bdb5e9aa63e68fba2387ceaa3d7e010c11734c5025a0508
evidence/hardware/p7/authorized_sequence/p7_20260711_stationary_app_r13_diag_suffix55/001_p7_safe_idle/p7_preflight_result.txt,512,b9c7b51d551d7f0a98f48b8493aed82542ccd9993966f478228e655b31ebbe84
evidence/hardware/p7/authorized_sequence/p7_20260711_stationary_app_r13_diag_suffix55/001_p7_safe_idle/p7_safe_idle_parse_summary.json,733,3991bcae4b2f298c8be2154c634b5180d1751df472c7cdece3aa168622e6c8d7
evidence/hardware/p7/authorized_sequence/p7_20260711_stationary_app_r13_diag_suffix55/001_p7_safe_idle/p7_shutdown_after.stderr.log,0,e3b0c44298fc1c149afbf4c8996fb92427ae41e4649b934ca495991b7852b855
evidence/hardware/p7/authorized_sequence/p7_20260711_stationary_app_r13_diag_suffix55/001_p7_safe_idle/p7_shutdown_after.stdout.log,35285,9dba0d7cf06f2294132c5379919a21675ff2e877e33cca9fb7cbee2f39f0f87c
evidence/hardware/p7/authorized_sequence/p7_20260711_stationary_app_r13_diag_suffix55/001_p7_safe_idle/p7_shutdown_after_result.txt,475,c55a4211ff667cbfea8bedbb4ad4ab2b248c2e80cfcfdd2062f4f04473dbb87a
evidence/hardware/p7/authorized_sequence/p7_20260711_stationary_app_r13_diag_suffix55/001_p7_safe_idle/p7_shutdown_before.stderr.log,0,e3b0c44298fc1c149afbf4c8996fb92427ae41e4649b934ca495991b7852b855
evidence/hardware/p7/authorized_sequence/p7_20260711_stationary_app_r13_diag_suffix55/001_p7_safe_idle/p7_shutdown_before.stdout.log,35285,900d94395c5aafc8bafc7a617ebeea404b5d289505b7f1f1163964f3a962439a
evidence/hardware/p7/authorized_sequence/p7_20260711_stationary_app_r13_diag_suffix55/001_p7_safe_idle/p7_shutdown_before_result.txt,475,c55a4211ff667cbfea8bedbb4ad4ab2b248c2e80cfcfdd2062f4f04473dbb87a
evidence/hardware/p7/authorized_sequence/p7_20260711_stationary_app_r13_diag_suffix55/002_p7_p6_frame_regression_m1/p7_jtag_axi_raw_result.txt,79492,d7c4eab196f966c11a4d3d216f25f1532275abdc6373e5513ae906ddbf89d1f4
evidence/hardware/p7/authorized_sequence/p7_20260711_stationary_app_r13_diag_suffix55/002_p7_p6_frame_regression_m1/p7_jtag_axi_stage.stderr.log,0,e3b0c44298fc1c149afbf4c8996fb92427ae41e4649b934ca495991b7852b855
evidence/hardware/p7/authorized_sequence/p7_20260711_stationary_app_r13_diag_suffix55/002_p7_p6_frame_regression_m1/p7_jtag_axi_stage.stdout.log,40846,9eed187ac49c65459898da87bb72e830146194152a67ec293920c20db2641a00
evidence/hardware/p7/authorized_sequence/p7_20260711_stationary_app_r13_diag_suffix55/002_p7_p6_frame_regression_m1/p7_jtag_axi_stage_events.jsonl,1236,4521f8d6de50dc22161f0780a180101ca3c94ffae970ea73ad8c9de8da2de55b
evidence/hardware/p7/authorized_sequence/p7_20260711_stationary_app_r13_diag_suffix55/002_p7_p6_frame_regression_m1/p7_jtag_axi_stage_summary.json,357018,8f2ca68f756d789adb160fa1ab30aeedc0ca53425e22b5d0384c086f2f3ac287
evidence/hardware/p7/authorized_sequence/p7_20260711_stationary_app_r13_diag_suffix55/002_p7_p6_frame_regression_m1/p7_jtag_backend_parse_summary.json,41770,bafbcd79993f23a7474123922d773394823dc216a8b4686cc9a4bb87ef347479
evidence/hardware/p7/authorized_sequence/p7_20260711_stationary_app_r13_diag_suffix55/002_p7_p6_frame_regression_m1/p7_jtag_reassembled_output.bin,4096,d63320acd81e8ea9e08c7932552f04ca8bd45a673c40003ff4f7b6143d91081d
evidence/hardware/p7/authorized_sequence/p7_20260711_stationary_app_r13_diag_suffix55/002_p7_p6_frame_regression_m1/p7_preflight.stderr.log,0,e3b0c44298fc1c149afbf4c8996fb92427ae41e4649b934ca495991b7852b855
evidence/hardware/p7/authorized_sequence/p7_20260711_stationary_app_r13_diag_suffix55/002_p7_p6_frame_regression_m1/p7_preflight.stdout.log,9843,b250c2c6c6de536c718786a4cf430bbba22e2c03fc3e6f03e8da8f30e1b735a5
evidence/hardware/p7/authorized_sequence/p7_20260711_stationary_app_r13_diag_suffix55/002_p7_p6_frame_regression_m1/p7_preflight_result.txt,512,b9c7b51d551d7f0a98f48b8493aed82542ccd9993966f478228e655b31ebbe84
evidence/hardware/p7/authorized_sequence/p7_20260711_stationary_app_r13_diag_suffix55/002_p7_p6_frame_regression_m1/p7_shutdown_after.stderr.log,0,e3b0c44298fc1c149afbf4c8996fb92427ae41e4649b934ca495991b7852b855
evidence/hardware/p7/authorized_sequence/p7_20260711_stationary_app_r13_diag_suffix55/002_p7_p6_frame_regression_m1/p7_shutdown_after.stdout.log,35285,fc186de16e0e6aee3b861e3675ff8bc0c141d47d2f0526264b55c2d10a884e7d
evidence/hardware/p7/authorized_sequence/p7_20260711_stationary_app_r13_diag_suffix55/002_p7_p6_frame_regression_m1/p7_shutdown_after_result.txt,475,c55a4211ff667cbfea8bedbb4ad4ab2b248c2e80cfcfdd2062f4f04473dbb87a
evidence/hardware/p7/authorized_sequence/p7_20260711_stationary_app_r13_diag_suffix55/002_p7_p6_frame_regression_m1/p7_shutdown_before.stderr.log,0,e3b0c44298fc1c149afbf4c8996fb92427ae41e4649b934ca495991b7852b855
evidence/hardware/p7/authorized_sequence/p7_20260711_stationary_app_r13_diag_suffix55/002_p7_p6_frame_regression_m1/p7_shutdown_before.stdout.log,35285,ea047b894d499e5bb642e72fc0ae98be987e7e3d62e2070250ec662f31d87fd3
evidence/hardware/p7/authorized_sequence/p7_20260711_stationary_app_r13_diag_suffix55/002_p7_p6_frame_regression_m1/p7_shutdown_before_result.txt,475,c55a4211ff667cbfea8bedbb4ad4ab2b248c2e80cfcfdd2062f4f04473dbb87a
evidence/hardware/p7/authorized_sequence/p7_20260711_stationary_app_r13_diag_suffix55/003_p7_p6_frame_regression_m2/p7_jtag_axi_raw_result.txt,79492,d6d41d21f227ae89c98bcb024dc7bdd39cb1efc02c777e2639ce896a1675fb5f
evidence/hardware/p7/authorized_sequence/p7_20260711_stationary_app_r13_diag_suffix55/003_p7_p6_frame_regression_m2/p7_jtag_axi_stage.stderr.log,0,e3b0c44298fc1c149afbf4c8996fb92427ae41e4649b934ca495991b7852b855
evidence/hardware/p7/authorized_sequence/p7_20260711_stationary_app_r13_diag_suffix55/003_p7_p6_frame_regression_m2/p7_jtag_axi_stage.stdout.log,40846,56d9d3c02644f6573561158882c6cee28877c48391937be3f75dfd5636702b3f
evidence/hardware/p7/authorized_sequence/p7_20260711_stationary_app_r13_diag_suffix55/003_p7_p6_frame_regression_m2/p7_jtag_axi_stage_events.jsonl,1236,9d29fe7c1045bf8c9a8ebfad9272bdb7a98a7679bace471d50ce9542949176d0
evidence/hardware/p7/authorized_sequence/p7_20260711_stationary_app_r13_diag_suffix55/003_p7_p6_frame_regression_m2/p7_jtag_axi_stage_summary.json,356960,4fb19440c1446b6a2cdc80456fa5d9a67895927b2c6f3b21e7f1d5d7b298632e
evidence/hardware/p7/authorized_sequence/p7_20260711_stationary_app_r13_diag_suffix55/003_p7_p6_frame_regression_m2/p7_jtag_backend_parse_summary.json,41763,1b3c07cb8fd1c14c01a8239a2c44776f2e90f0e54a289244c1ee3068d1dfbe04
evidence/hardware/p7/authorized_sequence/p7_20260711_stationary_app_r13_diag_suffix55/003_p7_p6_frame_regression_m2/p7_jtag_reassembled_output.bin,4096,a7abce3a5f3164feb667e984f8e38f6e6fc3a7f87e54cc0b2008aa15962a1e7d
evidence/hardware/p7/authorized_sequence/p7_20260711_stationary_app_r13_diag_suffix55/003_p7_p6_frame_regression_m2/p7_preflight.stderr.log,0,e3b0c44298fc1c149afbf4c8996fb92427ae41e4649b934ca495991b7852b855
evidence/hardware/p7/authorized_sequence/p7_20260711_stationary_app_r13_diag_suffix55/003_p7_p6_frame_regression_m2/p7_preflight.stdout.log,9843,1ad18b235a59dbb7eb29a7829edc4c35c3fb197ebc06117d910d233a29c8a369
evidence/hardware/p7/authorized_sequence/p7_20260711_stationary_app_r13_diag_suffix55/003_p7_p6_frame_regression_m2/p7_preflight_result.txt,512,b9c7b51d551d7f0a98f48b8493aed82542ccd9993966f478228e655b31ebbe84
evidence/hardware/p7/authorized_sequence/p7_20260711_stationary_app_r13_diag_suffix55/003_p7_p6_frame_regression_m2/p7_shutdown_after.stderr.log,0,e3b0c44298fc1c149afbf4c8996fb92427ae41e4649b934ca495991b7852b855
evidence/hardware/p7/authorized_sequence/p7_20260711_stationary_app_r13_diag_suffix55/003_p7_p6_frame_regression_m2/p7_shutdown_after.stdout.log,35285,d04b290f3eb6f781427c73a9e0205538d7035fffb5a1d443d6c9434665ae8024
evidence/hardware/p7/authorized_sequence/p7_20260711_stationary_app_r13_diag_suffix55/003_p7_p6_frame_regression_m2/p7_shutdown_after_result.txt,475,c55a4211ff667cbfea8bedbb4ad4ab2b248c2e80cfcfdd2062f4f04473dbb87a
evidence/hardware/p7/authorized_sequence/p7_20260711_stationary_app_r13_diag_suffix55/003_p7_p6_frame_regression_m2/p7_shutdown_before.stderr.log,0,e3b0c44298fc1c149afbf4c8996fb92427ae41e4649b934ca495991b7852b855
evidence/hardware/p7/authorized_sequence/p7_20260711_stationary_app_r13_diag_suffix55/003_p7_p6_frame_regression_m2/p7_shutdown_before.stdout.log,35285,dd9eeae1fd0fa12818de2acbc4195aaeba66c42a5d325f0e9ecf139e35f6c209
evidence/hardware/p7/authorized_sequence/p7_20260711_stationary_app_r13_diag_suffix55/003_p7_p6_frame_regression_m2/p7_shutdown_before_result.txt,475,c55a4211ff667cbfea8bedbb4ad4ab2b248c2e80cfcfdd2062f4f04473dbb87a
evidence/hardware/p7/authorized_sequence/p7_20260711_stationary_app_r13_diag_suffix55/004_p7_p6_frame_regression_m3/p7_jtag_axi_raw_result.txt,79495,0bb5b852eae1794324af244223f69900a38d88c56440b2f37bf532d90f14125a
evidence/hardware/p7/authorized_sequence/p7_20260711_stationary_app_r13_diag_suffix55/004_p7_p6_frame_regression_m3/p7_jtag_axi_stage.stderr.log,0,e3b0c44298fc1c149afbf4c8996fb92427ae41e4649b934ca495991b7852b855
evidence/hardware/p7/authorized_sequence/p7_20260711_stationary_app_r13_diag_suffix55/004_p7_p6_frame_regression_m3/p7_jtag_axi_stage.stdout.log,40846,b50aa47c3a518bb317469d454b28643a091aba47efc41b3ebbbb83cf609c7f4c
evidence/hardware/p7/authorized_sequence/p7_20260711_stationary_app_r13_diag_suffix55/004_p7_p6_frame_regression_m3/p7_jtag_axi_stage_events.jsonl,1236,7dbe63b65afbb600d322fd194c689f88cba1e5948fc6cdf58c02771987eb60ed
evidence/hardware/p7/authorized_sequence/p7_20260711_stationary_app_r13_diag_suffix55/004_p7_p6_frame_regression_m3/p7_jtag_axi_stage_summary.json,356965,ee9457541e3daa8dfa4ca5975b76e8ce00c8fe8648568105317c6419c99e49e8
evidence/hardware/p7/authorized_sequence/p7_20260711_stationary_app_r13_diag_suffix55/004_p7_p6_frame_regression_m3/p7_jtag_backend_parse_summary.json,41780,c30a2ccd86b3b39fcc9c4681a4c01291ab7fd07798dd811e9b35b54d5c187761
evidence/hardware/p7/authorized_sequence/p7_20260711_stationary_app_r13_diag_suffix55/004_p7_p6_frame_regression_m3/p7_jtag_reassembled_output.bin,4096,43812ad6447f6d7cbd02439ca869aff553eda792fa799ab066242fdccebefa30
evidence/hardware/p7/authorized_sequence/p7_20260711_stationary_app_r13_diag_suffix55/004_p7_p6_frame_regression_m3/p7_preflight.stderr.log,0,e3b0c44298fc1c149afbf4c8996fb92427ae41e4649b934ca495991b7852b855
evidence/hardware/p7/authorized_sequence/p7_20260711_stationary_app_r13_diag_suffix55/004_p7_p6_frame_regression_m3/p7_preflight.stdout.log,9843,24f12fad8d1de1c3d352b4afa6ba5dd7d3851c90cb7f80fcc6b82d910d835735
evidence/hardware/p7/authorized_sequence/p7_20260711_stationary_app_r13_diag_suffix55/004_p7_p6_frame_regression_m3/p7_preflight_result.txt,512,b9c7b51d551d7f0a98f48b8493aed82542ccd9993966f478228e655b31ebbe84
evidence/hardware/p7/authorized_sequence/p7_20260711_stationary_app_r13_diag_suffix55/004_p7_p6_frame_regression_m3/p7_shutdown_after.stderr.log,0,e3b0c44298fc1c149afbf4c8996fb92427ae41e4649b934ca495991b7852b855
evidence/hardware/p7/authorized_sequence/p7_20260711_stationary_app_r13_diag_suffix55/004_p7_p6_frame_regression_m3/p7_shutdown_after.stdout.log,35285,66e06af8408e4f7415bd747415386bfd0c7c3f015d17054f8b095efe0a5b6a28
evidence/hardware/p7/authorized_sequence/p7_20260711_stationary_app_r13_diag_suffix55/004_p7_p6_frame_regression_m3/p7_shutdown_after_result.txt,475,c55a4211ff667cbfea8bedbb4ad4ab2b248c2e80cfcfdd2062f4f04473dbb87a
evidence/hardware/p7/authorized_sequence/p7_20260711_stationary_app_r13_diag_suffix55/004_p7_p6_frame_regression_m3/p7_shutdown_before.stderr.log,0,e3b0c44298fc1c149afbf4c8996fb92427ae41e4649b934ca495991b7852b855
evidence/hardware/p7/authorized_sequence/p7_20260711_stationary_app_r13_diag_suffix55/004_p7_p6_frame_regression_m3/p7_shutdown_before.stdout.log,35285,932c49737d62ad6a560696dbc16c07b0cc9bc13cf255c80f4887150a84a10246
evidence/hardware/p7/authorized_sequence/p7_20260711_stationary_app_r13_diag_suffix55/004_p7_p6_frame_regression_m3/p7_shutdown_before_result.txt,475,c55a4211ff667cbfea8bedbb4ad4ab2b248c2e80cfcfdd2062f4f04473dbb87a
evidence/hardware/p7/authorized_sequence/p7_20260711_stationary_app_r13_diag_suffix55/055_p7_large_jtag_64k_rr_prbs15/p7_jtag_axi_raw_result.txt,1236168,9069cdd28a7828daebf929edc497292779a013527d106d417382ac3379e88cf2
evidence/hardware/p7/authorized_sequence/p7_20260711_stationary_app_r13_diag_suffix55/055_p7_large_jtag_64k_rr_prbs15/p7_jtag_axi_stage.stderr.log,0,e3b0c44298fc1c149afbf4c8996fb92427ae41e4649b934ca495991b7852b855
evidence/hardware/p7/authorized_sequence/p7_20260711_stationary_app_r13_diag_suffix55/055_p7_large_jtag_64k_rr_prbs15/p7_jtag_axi_stage.stdout.log,40847,dde27381f46b8d08449a1664174ac35c43d4e12ecf1b110f737f635b69d80d6e
evidence/hardware/p7/authorized_sequence/p7_20260711_stationary_app_r13_diag_suffix55/055_p7_large_jtag_64k_rr_prbs15/p7_jtag_axi_stage_events.jsonl,1238,36352126a4561e78af11dfeb74cd0accbe41e726bf7c5d3e1d64313e21b2f56a
evidence/hardware/p7/authorized_sequence/p7_20260711_stationary_app_r13_diag_suffix55/055_p7_large_jtag_64k_rr_prbs15/p7_jtag_axi_stage_summary.json,4500930,db575d2e1e33ac1b144c3f21a8212c5100f4af4da19fa0dd204aedd8032feac9
evidence/hardware/p7/authorized_sequence/p7_20260711_stationary_app_r13_diag_suffix55/055_p7_large_jtag_64k_rr_prbs15/p7_jtag_backend_parse_summary.json,602449,be11853da50df49ad7e28dfade607fa2cfc625d23d3cba0c40bb870821030ebe
evidence/hardware/p7/authorized_sequence/p7_20260711_stationary_app_r13_diag_suffix55/055_p7_large_jtag_64k_rr_prbs15/p7_jtag_reassembled_output.bin,65536,ca45ccdf9f0c2be72656e6414cd71ae407b860df22830092d92fb0dbf1a0f1eb
evidence/hardware/p7/authorized_sequence/p7_20260711_stationary_app_r13_diag_suffix55/055_p7_large_jtag_64k_rr_prbs15/p7_preflight.stderr.log,0,e3b0c44298fc1c149afbf4c8996fb92427ae41e4649b934ca495991b7852b855
evidence/hardware/p7/authorized_sequence/p7_20260711_stationary_app_r13_diag_suffix55/055_p7_large_jtag_64k_rr_prbs15/p7_preflight.stdout.log,9843,92203a2d0fe2ed0d74df2cdbc091c9ea92e15f42bebaa35189b05a856a9c3d8d
evidence/hardware/p7/authorized_sequence/p7_20260711_stationary_app_r13_diag_suffix55/055_p7_large_jtag_64k_rr_prbs15/p7_preflight_result.txt,512,b9c7b51d551d7f0a98f48b8493aed82542ccd9993966f478228e655b31ebbe84
evidence/hardware/p7/authorized_sequence/p7_20260711_stationary_app_r13_diag_suffix55/055_p7_large_jtag_64k_rr_prbs15/p7_shutdown_after.stderr.log,0,e3b0c44298fc1c149afbf4c8996fb92427ae41e4649b934ca495991b7852b855
evidence/hardware/p7/authorized_sequence/p7_20260711_stationary_app_r13_diag_suffix55/055_p7_large_jtag_64k_rr_prbs15/p7_shutdown_after.stdout.log,35285,41a4a5ee5b2b7f18462bfb96921844dd2b482d3d582f6c90bf76cc1600731e20
evidence/hardware/p7/authorized_sequence/p7_20260711_stationary_app_r13_diag_suffix55/055_p7_large_jtag_64k_rr_prbs15/p7_shutdown_after_result.txt,475,c55a4211ff667cbfea8bedbb4ad4ab2b248c2e80cfcfdd2062f4f04473dbb87a
evidence/hardware/p7/authorized_sequence/p7_20260711_stationary_app_r13_diag_suffix55/055_p7_large_jtag_64k_rr_prbs15/p7_shutdown_before.stderr.log,0,e3b0c44298fc1c149afbf4c8996fb92427ae41e4649b934ca495991b7852b855
evidence/hardware/p7/authorized_sequence/p7_20260711_stationary_app_r13_diag_suffix55/055_p7_large_jtag_64k_rr_prbs15/p7_shutdown_before.stdout.log,35285,dca680144abe38367b3e3eee7b227c5f752516ec0da271ac0026892291f6b3b5
evidence/hardware/p7/authorized_sequence/p7_20260711_stationary_app_r13_diag_suffix55/055_p7_large_jtag_64k_rr_prbs15/p7_shutdown_before_result.txt,475,c55a4211ff667cbfea8bedbb4ad4ab2b248c2e80cfcfdd2062f4f04473dbb87a
evidence/hardware/p7/authorized_sequence/p7_20260711_stationary_app_r13_diag_suffix55/056_p7_large_jtag_64k_rr_random/p7_jtag_axi_raw_result.txt,1236168,26ad682cb58e10ba94483e8b1688b1aaec75346cb61c79efd32f7fa2b0ac01f3
evidence/hardware/p7/authorized_sequence/p7_20260711_stationary_app_r13_diag_suffix55/056_p7_large_jtag_64k_rr_random/p7_jtag_axi_stage.stderr.log,0,e3b0c44298fc1c149afbf4c8996fb92427ae41e4649b934ca495991b7852b855
evidence/hardware/p7/authorized_sequence/p7_20260711_stationary_app_r13_diag_suffix55/056_p7_large_jtag_64k_rr_random/p7_jtag_axi_stage.stdout.log,40847,794def3d42519865cb5a21a4ce693e102d1b2054667aee760384b2fea049feb9
evidence/hardware/p7/authorized_sequence/p7_20260711_stationary_app_r13_diag_suffix55/056_p7_large_jtag_64k_rr_random/p7_jtag_axi_stage_events.jsonl,1238,129473f58dc90a24830efc7da03bc083a657bba5d9c938ec21870d68990449c3
evidence/hardware/p7/authorized_sequence/p7_20260711_stationary_app_r13_diag_suffix55/056_p7_large_jtag_64k_rr_random/p7_jtag_axi_stage_summary.json,4501013,5b4d53726bce74765487614983edc4a7d46e0da1ccec440e31d67ea8af3b1185
evidence/hardware/p7/authorized_sequence/p7_20260711_stationary_app_r13_diag_suffix55/056_p7_large_jtag_64k_rr_random/p7_jtag_backend_parse_summary.json,602454,89a8e71bd7aa4bc5f618a581a234950b5730180ffefe5ac0b7567af2d8a25c94
evidence/hardware/p7/authorized_sequence/p7_20260711_stationary_app_r13_diag_suffix55/056_p7_large_jtag_64k_rr_random/p7_jtag_reassembled_output.bin,65536,ca1a191acfd778bc9609a3d9c88d7ff52b710af06ce7cbf8ff98999680deead7
evidence/hardware/p7/authorized_sequence/p7_20260711_stationary_app_r13_diag_suffix55/056_p7_large_jtag_64k_rr_random/p7_preflight.stderr.log,0,e3b0c44298fc1c149afbf4c8996fb92427ae41e4649b934ca495991b7852b855
evidence/hardware/p7/authorized_sequence/p7_20260711_stationary_app_r13_diag_suffix55/056_p7_large_jtag_64k_rr_random/p7_preflight.stdout.log,9843,d5bc74e22e8f3a8a7d9b169c6a7274b6d2ed1f85070efff4c4f8467b43d00da7
evidence/hardware/p7/authorized_sequence/p7_20260711_stationary_app_r13_diag_suffix55/056_p7_large_jtag_64k_rr_random/p7_preflight_result.txt,512,b9c7b51d551d7f0a98f48b8493aed82542ccd9993966f478228e655b31ebbe84
evidence/hardware/p7/authorized_sequence/p7_20260711_stationary_app_r13_diag_suffix55/056_p7_large_jtag_64k_rr_random/p7_shutdown_after.stderr.log,0,e3b0c44298fc1c149afbf4c8996fb92427ae41e4649b934ca495991b7852b855
evidence/hardware/p7/authorized_sequence/p7_20260711_stationary_app_r13_diag_suffix55/056_p7_large_jtag_64k_rr_random/p7_shutdown_after.stdout.log,35285,5214bbebe1a3dfdc387082e2f34ee070e9981a75bcea2296abed20b6fd0f81ae
evidence/hardware/p7/authorized_sequence/p7_20260711_stationary_app_r13_diag_suffix55/056_p7_large_jtag_64k_rr_random/p7_shutdown_after_result.txt,475,c55a4211ff667cbfea8bedbb4ad4ab2b248c2e80cfcfdd2062f4f04473dbb87a
evidence/hardware/p7/authorized_sequence/p7_20260711_stationary_app_r13_diag_suffix55/056_p7_large_jtag_64k_rr_random/p7_shutdown_before.stderr.log,0,e3b0c44298fc1c149afbf4c8996fb92427ae41e4649b934ca495991b7852b855
evidence/hardware/p7/authorized_sequence/p7_20260711_stationary_app_r13_diag_suffix55/056_p7_large_jtag_64k_rr_random/p7_shutdown_before.stdout.log,35285,4da3455483d1c77b7623a834840c8cbe86239b6fb17bbdbd7cee51538d0f7be6
evidence/hardware/p7/authorized_sequence/p7_20260711_stationary_app_r13_diag_suffix55/056_p7_large_jtag_64k_rr_random/p7_shutdown_before_result.txt,475,c55a4211ff667cbfea8bedbb4ad4ab2b248c2e80cfcfdd2062f4f04473dbb87a
evidence/hardware/p7/authorized_sequence/p7_20260711_stationary_app_r13_diag_suffix55/057_p7_large_jtag_64k_rr_all_bytes/p7_jtag_axi_raw_result.txt,1236168,7ed3c5425ad7128705315f2676eb038aa1d3f184a1981e76d60f9013b1b994a3
evidence/hardware/p7/authorized_sequence/p7_20260711_stationary_app_r13_diag_suffix55/057_p7_large_jtag_64k_rr_all_bytes/p7_jtag_axi_stage.stderr.log,0,e3b0c44298fc1c149afbf4c8996fb92427ae41e4649b934ca495991b7852b855
evidence/hardware/p7/authorized_sequence/p7_20260711_stationary_app_r13_diag_suffix55/057_p7_large_jtag_64k_rr_all_bytes/p7_jtag_axi_stage.stdout.log,40847,85f1b814b3978717383d17dbf7f9858afbf229b0e22272bc6ef3e1cde806d57c
evidence/hardware/p7/authorized_sequence/p7_20260711_stationary_app_r13_diag_suffix55/057_p7_large_jtag_64k_rr_all_bytes/p7_jtag_axi_stage_events.jsonl,1241,4f08691a2fc82cd0a618eb07fa52baca192d69d0b18a071ae13185781af94981
evidence/hardware/p7/authorized_sequence/p7_20260711_stationary_app_r13_diag_suffix55/057_p7_large_jtag_64k_rr_all_bytes/p7_jtag_axi_stage_summary.json,4501091,bab39372e5b4263fdf1599dc40b095f94c13563765888edb566f4ad6985fb655
evidence/hardware/p7/authorized_sequence/p7_20260711_stationary_app_r13_diag_suffix55/057_p7_large_jtag_64k_rr_all_bytes/p7_jtag_backend_parse_summary.json,602457,31b47d82eed087240277969c2ea244c474a2abf05ce385a171bdf7d13c9d484c
evidence/hardware/p7/authorized_sequence/p7_20260711_stationary_app_r13_diag_suffix55/057_p7_large_jtag_64k_rr_all_bytes/p7_jtag_reassembled_output.bin,65536,7daca2095d0438260fa849183dfc67faa459fdf4936e1bc91eec6b281b27e4c2
evidence/hardware/p7/authorized_sequence/p7_20260711_stationary_app_r13_diag_suffix55/057_p7_large_jtag_64k_rr_all_bytes/p7_preflight.stderr.log,0,e3b0c44298fc1c149afbf4c8996fb92427ae41e4649b934ca495991b7852b855
evidence/hardware/p7/authorized_sequence/p7_20260711_stationary_app_r13_diag_suffix55/057_p7_large_jtag_64k_rr_all_bytes/p7_preflight.stdout.log,9843,4f7779acf155f6a32565abe341bbf9ba6b68259b42c8f73c22491e2da378023b
evidence/hardware/p7/authorized_sequence/p7_20260711_stationary_app_r13_diag_suffix55/057_p7_large_jtag_64k_rr_all_bytes/p7_preflight_result.txt,512,b9c7b51d551d7f0a98f48b8493aed82542ccd9993966f478228e655b31ebbe84
evidence/hardware/p7/authorized_sequence/p7_20260711_stationary_app_r13_diag_suffix55/057_p7_large_jtag_64k_rr_all_bytes/p7_shutdown_after.stderr.log,0,e3b0c44298fc1c149afbf4c8996fb92427ae41e4649b934ca495991b7852b855
evidence/hardware/p7/authorized_sequence/p7_20260711_stationary_app_r13_diag_suffix55/057_p7_large_jtag_64k_rr_all_bytes/p7_shutdown_after.stdout.log,35285,a90ddfbf04cc5998734852ffa4409f779a9bcc5b6d2e50ef7fc977e02e232730
evidence/hardware/p7/authorized_sequence/p7_20260711_stationary_app_r13_diag_suffix55/057_p7_large_jtag_64k_rr_all_bytes/p7_shutdown_after_result.txt,475,c55a4211ff667cbfea8bedbb4ad4ab2b248c2e80cfcfdd2062f4f04473dbb87a
evidence/hardware/p7/authorized_sequence/p7_20260711_stationary_app_r13_diag_suffix55/057_p7_large_jtag_64k_rr_all_bytes/p7_shutdown_before.stderr.log,0,e3b0c44298fc1c149afbf4c8996fb92427ae41e4649b934ca495991b7852b855
evidence/hardware/p7/authorized_sequence/p7_20260711_stationary_app_r13_diag_suffix55/057_p7_large_jtag_64k_rr_all_bytes/p7_shutdown_before.stdout.log,35285,577106fd904c83034ea707ccae2aa938f8bb8c6b77a1ccc88a47546e807b41e4
evidence/hardware/p7/authorized_sequence/p7_20260711_stationary_app_r13_diag_suffix55/057_p7_large_jtag_64k_rr_all_bytes/p7_shutdown_before_result.txt,475,c55a4211ff667cbfea8bedbb4ad4ab2b248c2e80cfcfdd2062f4f04473dbb87a
evidence/hardware/p7/authorized_sequence/p7_20260711_stationary_app_r13_diag_suffix55/058_p7_large_jtag_1m_l0_random/p7_jtag_axi_raw_result.txt,6752243,dc95215de20cb82ccfa94695f777eeec4d12daec192bce68847d1fa1ecb52002
evidence/hardware/p7/authorized_sequence/p7_20260711_stationary_app_r13_diag_suffix55/058_p7_large_jtag_1m_l0_random/p7_jtag_axi_stage.stderr.log,0,e3b0c44298fc1c149afbf4c8996fb92427ae41e4649b934ca495991b7852b855
evidence/hardware/p7/authorized_sequence/p7_20260711_stationary_app_r13_diag_suffix55/058_p7_large_jtag_1m_l0_random/p7_jtag_axi_stage.stdout.log,17188,d14db5b33f5a55df25491891fec1c7f06ad9fa1f6a870aee76f12a70c1caecad
evidence/hardware/p7/authorized_sequence/p7_20260711_stationary_app_r13_diag_suffix55/058_p7_large_jtag_1m_l0_random/p7_jtag_axi_stage_events.jsonl,1144,cddd4a4df6bcc45c58674a390b5c9d515b8ee32ee3ac8de95f48b141937f706e
evidence/hardware/p7/authorized_sequence/p7_20260711_stationary_app_r13_diag_suffix55/058_p7_large_jtag_1m_l0_random/p7_jtag_axi_stage_summary.json,53447592,4a2b01fcba01d7b1793c6c63ac57c163f20144f567ef028d7dc74525da0cfc68
evidence/hardware/p7/authorized_sequence/p7_20260711_stationary_app_r13_diag_suffix55/058_p7_large_jtag_1m_l0_random/p7_preflight.stderr.log,0,e3b0c44298fc1c149afbf4c8996fb92427ae41e4649b934ca495991b7852b855
evidence/hardware/p7/authorized_sequence/p7_20260711_stationary_app_r13_diag_suffix55/058_p7_large_jtag_1m_l0_random/p7_preflight.stdout.log,9843,6d99fb1453161f6bc2df3236b658365939b977d7fd6bf786a88f7555fe3fc096
evidence/hardware/p7/authorized_sequence/p7_20260711_stationary_app_r13_diag_suffix55/058_p7_large_jtag_1m_l0_random/p7_preflight_result.txt,512,b9c7b51d551d7f0a98f48b8493aed82542ccd9993966f478228e655b31ebbe84
evidence/hardware/p7/authorized_sequence/p7_20260711_stationary_app_r13_diag_suffix55/058_p7_large_jtag_1m_l0_random/p7_shutdown_after.stderr.log,0,e3b0c44298fc1c149afbf4c8996fb92427ae41e4649b934ca495991b7852b855
evidence/hardware/p7/authorized_sequence/p7_20260711_stationary_app_r13_diag_suffix55/058_p7_large_jtag_1m_l0_random/p7_shutdown_after.stdout.log,35285,947c333dded63488bcdb740394d56cb88c13345e924fa5bc3f98632858fe2929
evidence/hardware/p7/authorized_sequence/p7_20260711_stationary_app_r13_diag_suffix55/058_p7_large_jtag_1m_l0_random/p7_shutdown_after_result.txt,475,c55a4211ff667cbfea8bedbb4ad4ab2b248c2e80cfcfdd2062f4f04473dbb87a
evidence/hardware/p7/authorized_sequence/p7_20260711_stationary_app_r13_diag_suffix55/058_p7_large_jtag_1m_l0_random/p7_shutdown_before.stderr.log,0,e3b0c44298fc1c149afbf4c8996fb92427ae41e4649b934ca495991b7852b855
evidence/hardware/p7/authorized_sequence/p7_20260711_stationary_app_r13_diag_suffix55/058_p7_large_jtag_1m_l0_random/p7_shutdown_before.stdout.log,35285,a911eeea898f4cd5ddc0d07e8b9afe57ba087fee60b44e5cc01fba458edcb136
evidence/hardware/p7/authorized_sequence/p7_20260711_stationary_app_r13_diag_suffix55/058_p7_large_jtag_1m_l0_random/p7_shutdown_before_result.txt,475,c55a4211ff667cbfea8bedbb4ad4ab2b248c2e80cfcfdd2062f4f04473dbb87a
evidence/hardware/p7/authorized_sequence/p7_20260711_stationary_app_r13_diag_suffix55/historical_preflight_inputs/manifest.json,5592,8b5352ca562518dc4f2e49872b90819c5318b12b9dbe0aa8d7e97cefc3ad6984
evidence/hardware/p7/authorized_sequence/p7_20260711_stationary_app_r13_diag_suffix55/historical_preflight_inputs/p4_recovery_authorization_61f676760e875ce2772e2c460e9b3241ebcd013ebacfea715ee79b232316f476.txt,201,61f676760e875ce2772e2c460e9b3241ebcd013ebacfea715ee79b232316f476
evidence/hardware/p7/authorized_sequence/p7_20260711_stationary_app_r13_diag_suffix55/historical_preflight_inputs/p7_generation_manifest_a33eb09b6bc71016577eedf7463ca147d84298f75b26c95ab4738e241ad8f5b7.json,54724,a33eb09b6bc71016577eedf7463ca147d84298f75b26c95ab4738e241ad8f5b7
evidence/hardware/p7/authorized_sequence/p7_20260711_stationary_app_r13_diag_suffix55/historical_preflight_inputs/p7_jtag_axi_transactions_d614ed20_3ce772b375a35208d4d39205cc761cf7edd1846b.tcl,32014,702c21b8701befd2bec8bf4656557f0c2230a7cf80bec3b1710170f33d6ba632
evidence/hardware/p7/authorized_sequence/p7_20260711_stationary_app_r13_diag_suffix55/historical_preflight_inputs/p7_jtag_backend_d614ed20_7447a5c4203ab83db049de32b9652d481178fb22.py,80403,593185c5fa9c23244a0bfd0355da61df098e194319435c626132b7f3a1726018
evidence/hardware/p7/authorized_sequence/p7_20260711_stationary_app_r13_diag_suffix55/historical_preflight_inputs/p7_offline_gate_summary_5dca5487a44ddd17396704959ef080171a867579202822e7650d7b9a1627ab72.json,7626,5dca5487a44ddd17396704959ef080171a867579202822e7650d7b9a1627ab72
evidence/hardware/p7/authorized_sequence/p7_20260711_stationary_app_r13_diag_suffix55/historical_preflight_inputs/p7_sequence_plan_442f597b75b1d8261c443b5f7611096cfab0a592a8adb5e966c62453ef9824c7.txt,89686,442f597b75b1d8261c443b5f7611096cfab0a592a8adb5e966c62453ef9824c7
evidence/hardware/p7/authorized_sequence/p7_20260711_stationary_app_r13_diag_suffix55/historical_preflight_inputs/p7_stage_001_authorization_ccde97cc2d1a6cda8f2e76389014c04c7f072bd184f6bd4022de4515a011cd12.txt,3451,ccde97cc2d1a6cda8f2e76389014c04c7f072bd184f6bd4022de4515a011cd12
evidence/hardware/p7/authorized_sequence/p7_20260711_stationary_app_r13_diag_suffix55/historical_preflight_inputs/p7_stage_001_transactions_7a4018b7c0b3d7ef82a79c26f3727851f3a62220189dbb7f2fc029e3838418c5.txt,32614920,7a4018b7c0b3d7ef82a79c26f3727851f3a62220189dbb7f2fc029e3838418c5
evidence/hardware/p7/authorized_sequence/p7_20260711_stationary_app_r13_diag_suffix55/historical_preflight_inputs/run_p7_jtag_axi_stage_safe_d614ed20_76d509116583d5885f46970adb8c62096f0c6460.py,143506,c4f4a9a1252b7dcf9796ae54589127baab1e9b988540dc73b9f265f39c938dfa
evidence/hardware/p7/authorized_sequence/p7_20260711_stationary_app_r13_diag_suffix55/historical_preflight_inputs/tfdu_lane_phy_d614ed20_970cbc860290698c4f417959f7e7fc0bcfbd6933.sv,5199,2f515a22fedc5abdf3f58bbdaa6df8baee8a2f919747a3622ece0a63009e920a
evidence/hardware/p7/authorized_sequence/p7_20260711_stationary_app_r13_diag_suffix55/historical_preflight_inputs_invalid_generation_manifest_binding_20fa814b/manifest.json,5583,dcded42b99250678eb2bb858104ba4dee41e50745a91361a671007582274de10
evidence/hardware/p7/authorized_sequence/p7_20260711_stationary_app_r13_diag_suffix55/historical_preflight_inputs_invalid_generation_manifest_binding_20fa814b/p4_recovery_authorization_61f676760e875ce2772e2c460e9b3241ebcd013ebacfea715ee79b232316f476.txt,201,61f676760e875ce2772e2c460e9b3241ebcd013ebacfea715ee79b232316f476
evidence/hardware/p7/authorized_sequence/p7_20260711_stationary_app_r13_diag_suffix55/historical_preflight_inputs_invalid_generation_manifest_binding_20fa814b/p7_generation_manifest_20fa814b1c94be1f1f1ff6899fcc28730c98bd39e204c017a42e4136a2a1f94b.json,53791,20fa814b1c94be1f1f1ff6899fcc28730c98bd39e204c017a42e4136a2a1f94b
evidence/hardware/p7/authorized_sequence/p7_20260711_stationary_app_r13_diag_suffix55/historical_preflight_inputs_invalid_generation_manifest_binding_20fa814b/p7_jtag_axi_transactions_d614ed20_3ce772b375a35208d4d39205cc761cf7edd1846b.tcl,32014,702c21b8701befd2bec8bf4656557f0c2230a7cf80bec3b1710170f33d6ba632
evidence/hardware/p7/authorized_sequence/p7_20260711_stationary_app_r13_diag_suffix55/historical_preflight_inputs_invalid_generation_manifest_binding_20fa814b/p7_jtag_backend_d614ed20_7447a5c4203ab83db049de32b9652d481178fb22.py,80403,593185c5fa9c23244a0bfd0355da61df098e194319435c626132b7f3a1726018
evidence/hardware/p7/authorized_sequence/p7_20260711_stationary_app_r13_diag_suffix55/historical_preflight_inputs_invalid_generation_manifest_binding_20fa814b/p7_offline_gate_summary_5dca5487a44ddd17396704959ef080171a867579202822e7650d7b9a1627ab72.json,7626,5dca5487a44ddd17396704959ef080171a867579202822e7650d7b9a1627ab72
evidence/hardware/p7/authorized_sequence/p7_20260711_stationary_app_r13_diag_suffix55/historical_preflight_inputs_invalid_generation_manifest_binding_20fa814b/p7_sequence_plan_442f597b75b1d8261c443b5f7611096cfab0a592a8adb5e966c62453ef9824c7.txt,89686,442f597b75b1d8261c443b5f7611096cfab0a592a8adb5e966c62453ef9824c7
evidence/hardware/p7/authorized_sequence/p7_20260711_stationary_app_r13_diag_suffix55/historical_preflight_inputs_invalid_generation_manifest_binding_20fa814b/p7_stage_001_authorization_ccde97cc2d1a6cda8f2e76389014c04c7f072bd184f6bd4022de4515a011cd12.txt,3451,ccde97cc2d1a6cda8f2e76389014c04c7f072bd184f6bd4022de4515a011cd12
evidence/hardware/p7/authorized_sequence/p7_20260711_stationary_app_r13_diag_suffix55/historical_preflight_inputs_invalid_generation_manifest_binding_20fa814b/p7_stage_001_transactions_7a4018b7c0b3d7ef82a79c26f3727851f3a62220189dbb7f2fc029e3838418c5.txt,32614920,7a4018b7c0b3d7ef82a79c26f3727851f3a62220189dbb7f2fc029e3838418c5
evidence/hardware/p7/authorized_sequence/p7_20260711_stationary_app_r13_diag_suffix55/historical_preflight_inputs_invalid_generation_manifest_binding_20fa814b/run_p7_jtag_axi_stage_safe_d614ed20_76d509116583d5885f46970adb8c62096f0c6460.py,143506,c4f4a9a1252b7dcf9796ae54589127baab1e9b988540dc73b9f265f39c938dfa
evidence/hardware/p7/authorized_sequence/p7_20260711_stationary_app_r13_diag_suffix55/historical_preflight_inputs_invalid_generation_manifest_binding_20fa814b/SUPERSEDED.json,841,a69f6dd843b27b238690b6f7daf459327fe3c525dbdb0f3ce7c8ee3cdef9ff3e
evidence/hardware/p7/authorized_sequence/p7_20260711_stationary_app_r13_diag_suffix55/historical_preflight_inputs_invalid_generation_manifest_binding_20fa814b/tfdu_lane_phy_d614ed20_970cbc860290698c4f417959f7e7fc0bcfbd6933.sv,5199,2f515a22fedc5abdf3f58bbdaa6df8baee8a2f919747a3622ece0a63009e920a
evidence/hardware/p7/authorized_sequence/p7_20260711_stationary_app_r13_diag_suffix55/recovery_shutdown_after_failed_stage058_20260711T181718Z/hardware_authorization.json,1364,5609ffd33329d2975c4b5452e44d7d8ec60c6d70d4f69a46b27713b5fdc91211
evidence/hardware/p7/authorized_sequence/p7_20260711_stationary_app_r13_diag_suffix55/recovery_shutdown_after_failed_stage058_20260711T181718Z/hash_manifest.csv,994,a6e080be2e870ce952367aba8338f2da5d810f35c26744ebe6bb58cfdbaa4bb9
evidence/hardware/p7/authorized_sequence/p7_20260711_stationary_app_r13_diag_suffix55/recovery_shutdown_after_failed_stage058_20260711T181718Z/hash_manifest.json,2291,7e3aa80402942dacab9971877717dedf9d5b2e41422362a6445ffff365a7f11d
evidence/hardware/p7/authorized_sequence/p7_20260711_stationary_app_r13_diag_suffix55/recovery_shutdown_after_failed_stage058_20260711T181718Z/program_tfdu_shutdown_safe.stderr.log,0,e3b0c44298fc1c149afbf4c8996fb92427ae41e4649b934ca495991b7852b855
evidence/hardware/p7/authorized_sequence/p7_20260711_stationary_app_r13_diag_suffix55/recovery_shutdown_after_failed_stage058_20260711T181718Z/program_tfdu_shutdown_safe.stdout.log,5022,cad3e1b63823614b2005c1a399bfe4660cd1461bb4bb951aa8a94546da4b2399
evidence/hardware/p7/authorized_sequence/p7_20260711_stationary_app_r13_diag_suffix55/recovery_shutdown_after_failed_stage058_20260711T181718Z/program_tfdu_shutdown_safe.summary.txt,2122,f04b6b7e5b13e7e2819fa4a4a5d66aafe19b62ca10c87e52462305ae57371302
evidence/hardware/p7/authorized_sequence/p7_20260711_stationary_app_r13_diag_suffix55/sequence_execution_ledger.json,132730,d0232a0ccc00197e74d6e2b45b0c69db2f491be75cd462b6928efa103af465e9
evidence/hardware/p7/authorized_sequence/p7_20260711_stationary_app_r2/.sequence_execution_ledger_wrapper_logs/001_p7_safe_idle.stderr.log,0,e3b0c44298fc1c149afbf4c8996fb92427ae41e4649b934ca495991b7852b855
evidence/hardware/p7/authorized_sequence/p7_20260711_stationary_app_r2/.sequence_execution_ledger_wrapper_logs/001_p7_safe_idle.stdout.log,21048,6fc9fa3b32e2b07d5fe41e575cecfb9095057680293ca17a6844ef3136699a41
evidence/hardware/p7/authorized_sequence/p7_20260711_stationary_app_r2/001_p7_safe_idle/p7_jtag_axi_stage_events.jsonl,361,ccf5a64d70dc30650418f8692ec06742c4b63f53fcb5c609f4daf3b077a2f7b3
evidence/hardware/p7/authorized_sequence/p7_20260711_stationary_app_r2/001_p7_safe_idle/p7_jtag_axi_stage_summary.json,20640,6211ab70d9813753b284ee29eab0b4d477f2d3c3b963abcfdb55f0c718e65119
evidence/hardware/p7/authorized_sequence/p7_20260711_stationary_app_r2/001_p7_safe_idle/p7_preflight.stderr.log,0,e3b0c44298fc1c149afbf4c8996fb92427ae41e4649b934ca495991b7852b855
evidence/hardware/p7/authorized_sequence/p7_20260711_stationary_app_r2/001_p7_safe_idle/p7_preflight.stdout.log,9955,f391f213671ac0c64796e0ef02be19c422d827f51baa5b076f6a7f6b1c161719
evidence/hardware/p7/authorized_sequence/p7_20260711_stationary_app_r2/001_p7_safe_idle/p7_preflight_result.txt,512,b9c7b51d551d7f0a98f48b8493aed82542ccd9993966f478228e655b31ebbe84
evidence/hardware/p7/authorized_sequence/p7_20260711_stationary_app_r2/historical_preflight_inputs/manifest.json,3244,b82b5c3039f19a39e8755adba37997115e81a94d7fddaee803f60732527780fa
evidence/hardware/p7/authorized_sequence/p7_20260711_stationary_app_r2/historical_preflight_inputs/p4_recovery_authorization_61f676760e875ce2772e2c460e9b3241ebcd013ebacfea715ee79b232316f476.txt,201,61f676760e875ce2772e2c460e9b3241ebcd013ebacfea715ee79b232316f476
evidence/hardware/p7/authorized_sequence/p7_20260711_stationary_app_r2/historical_preflight_inputs/p7_generation_manifest_c02ec1f7af3c38e02e97c8dd7a65284350a0fb69f1b63445ecc213bed2db9a4a.json,186260,c02ec1f7af3c38e02e97c8dd7a65284350a0fb69f1b63445ecc213bed2db9a4a
evidence/hardware/p7/authorized_sequence/p7_20260711_stationary_app_r2/historical_preflight_inputs/p7_offline_gate_summary_54aa4ca3c39a50e5634ee9ebb4eacb0708d02de87fa35acbcffd74fdc5b0589c.json,7626,54aa4ca3c39a50e5634ee9ebb4eacb0708d02de87fa35acbcffd74fdc5b0589c
evidence/hardware/p7/authorized_sequence/p7_20260711_stationary_app_r2/historical_preflight_inputs/p7_sequence_plan_6423388ede5c7e9321902ec7c90f9be2b1bf3d711ed9e676ea08ba2be69403b0.txt,373893,6423388ede5c7e9321902ec7c90f9be2b1bf3d711ed9e676ea08ba2be69403b0
evidence/hardware/p7/authorized_sequence/p7_20260711_stationary_app_r2/historical_preflight_inputs/p7_stage_001_authorization_24637420522c52233e8971e5de789b8e024ebdab39f9dc53bd1e73513d18d993.txt,2980,24637420522c52233e8971e5de789b8e024ebdab39f9dc53bd1e73513d18d993
evidence/hardware/p7/authorized_sequence/p7_20260711_stationary_app_r2/historical_preflight_inputs/p7_stage_001_transactions_c164be9bf94510474c01711914bb37bdc800f28b9f5a3134e59f344e912c391d.txt,790,c164be9bf94510474c01711914bb37bdc800f28b9f5a3134e59f344e912c391d
evidence/hardware/p7/authorized_sequence/p7_20260711_stationary_app_r2/recovery_shutdown_after_failed_preflight_20260711T0152/hardware_authorization.json,1364,5609ffd33329d2975c4b5452e44d7d8ec60c6d70d4f69a46b27713b5fdc91211
evidence/hardware/p7/authorized_sequence/p7_20260711_stationary_app_r2/recovery_shutdown_after_failed_preflight_20260711T0152/hash_manifest.csv,994,a6e080be2e870ce952367aba8338f2da5d810f35c26744ebe6bb58cfdbaa4bb9
evidence/hardware/p7/authorized_sequence/p7_20260711_stationary_app_r2/recovery_shutdown_after_failed_preflight_20260711T0152/hash_manifest.json,2291,3c20704929a8f207260954735579beb79f45d1ebbc7c96bb62dc6b2d420aefb5
evidence/hardware/p7/authorized_sequence/p7_20260711_stationary_app_r2/recovery_shutdown_after_failed_preflight_20260711T0152/program_tfdu_shutdown_safe.stderr.log,0,e3b0c44298fc1c149afbf4c8996fb92427ae41e4649b934ca495991b7852b855
evidence/hardware/p7/authorized_sequence/p7_20260711_stationary_app_r2/recovery_shutdown_after_failed_preflight_20260711T0152/program_tfdu_shutdown_safe.stdout.log,5022,75c0282f6210afed283affcc400c722ac923695ce3968806e9655b3bd77d9550
evidence/hardware/p7/authorized_sequence/p7_20260711_stationary_app_r2/recovery_shutdown_after_failed_preflight_20260711T0152/program_tfdu_shutdown_safe.summary.txt,2037,6080e80fd99bb51c3f54b1d67c85050aa26ad0a4010168bbe701f83ae5e20ec4
evidence/hardware/p7/authorized_sequence/p7_20260711_stationary_app_r2/sequence_execution_ledger.json,14282,c38ad192cbbfda8f1f9108b41b3b766cdb0bb196c5d89eef072f3c5afdff366a
evidence/hardware/p7/authorized_sequence/p7_20260711_stationary_app_r2/sequence_executor.stderr.log,0,e3b0c44298fc1c149afbf4c8996fb92427ae41e4649b934ca495991b7852b855
evidence/hardware/p7/authorized_sequence/p7_20260711_stationary_app_r2/sequence_executor.stdout.log,1862,a8a8cd9c305558b98306240ed94755a795ab0324172a0d491b69e848d4980d8a
evidence/hardware/p7/authorized_sequence/p7_20260711_stationary_app_r3/.sequence_execution_ledger_wrapper_logs/001_p7_safe_idle.stderr.log,0,e3b0c44298fc1c149afbf4c8996fb92427ae41e4649b934ca495991b7852b855
evidence/hardware/p7/authorized_sequence/p7_20260711_stationary_app_r3/.sequence_execution_ledger_wrapper_logs/001_p7_safe_idle.stdout.log,43066,3765dfdb8850da3cd4b871bd5adebe8dc4f24d8db62cd21f0d60d8b9f7fcf4e9
evidence/hardware/p7/authorized_sequence/p7_20260711_stationary_app_r3/001_p7_safe_idle/p7_jtag_axi_stage_events.jsonl,951,19c3796223496df22bd0db2090efbd5b2754a8b6fc15f5c3cee44e010c5f36ec
evidence/hardware/p7/authorized_sequence/p7_20260711_stationary_app_r3/001_p7_safe_idle/p7_jtag_axi_stage_summary.json,42076,923db62173b099d6b84554cf5279f97970d3d2a918a60df3a1615ae6479e381a
evidence/hardware/p7/authorized_sequence/p7_20260711_stationary_app_r3/001_p7_safe_idle/p7_preflight.stderr.log,0,e3b0c44298fc1c149afbf4c8996fb92427ae41e4649b934ca495991b7852b855
evidence/hardware/p7/authorized_sequence/p7_20260711_stationary_app_r3/001_p7_safe_idle/p7_preflight.stdout.log,9955,d76648df3ff9bac9841550ce60412bc071e631b543855ceebdbecf06eb0a3d29
evidence/hardware/p7/authorized_sequence/p7_20260711_stationary_app_r3/001_p7_safe_idle/p7_preflight_result.txt,512,b9c7b51d551d7f0a98f48b8493aed82542ccd9993966f478228e655b31ebbe84
evidence/hardware/p7/authorized_sequence/p7_20260711_stationary_app_r3/001_p7_safe_idle/p7_shutdown_after.stderr.log,0,e3b0c44298fc1c149afbf4c8996fb92427ae41e4649b934ca495991b7852b855
evidence/hardware/p7/authorized_sequence/p7_20260711_stationary_app_r3/001_p7_safe_idle/p7_shutdown_after.stdout.log,27506,bcc36efea37fd36184c9cf22b95b24b457c0a026317f09640abce18d5a119fde
evidence/hardware/p7/authorized_sequence/p7_20260711_stationary_app_r3/001_p7_safe_idle/p7_shutdown_after_result.txt,113,221abc4442e467ebbedd7f1bb86a24a500a423427209a2606cadc4741035ed1e
evidence/hardware/p7/authorized_sequence/p7_20260711_stationary_app_r3/001_p7_safe_idle/p7_shutdown_before.stderr.log,0,e3b0c44298fc1c149afbf4c8996fb92427ae41e4649b934ca495991b7852b855
evidence/hardware/p7/authorized_sequence/p7_20260711_stationary_app_r3/001_p7_safe_idle/p7_shutdown_before.stdout.log,27506,73a64b8be6f7d4642ac953448534dfe259abf45bb9505826b6e363486cdb860d
evidence/hardware/p7/authorized_sequence/p7_20260711_stationary_app_r3/001_p7_safe_idle/p7_shutdown_before_result.txt,113,221abc4442e467ebbedd7f1bb86a24a500a423427209a2606cadc4741035ed1e
evidence/hardware/p7/authorized_sequence/p7_20260711_stationary_app_r3/historical_preflight_inputs/manifest.json,3776,9650df5d700af5b6c93818194b07b1a0a4d13f3c0925bed239f9832fbb0e9d4a
evidence/hardware/p7/authorized_sequence/p7_20260711_stationary_app_r3/historical_preflight_inputs/p4_recovery_authorization_61f676760e875ce2772e2c460e9b3241ebcd013ebacfea715ee79b232316f476.txt,201,61f676760e875ce2772e2c460e9b3241ebcd013ebacfea715ee79b232316f476
evidence/hardware/p7/authorized_sequence/p7_20260711_stationary_app_r3/historical_preflight_inputs/p7_generation_manifest_fa144a248fd81114204e3f033c53a96a5ec4d891aa0e2ee3fad10148c3a78296.json,271136,fa144a248fd81114204e3f033c53a96a5ec4d891aa0e2ee3fad10148c3a78296
evidence/hardware/p7/authorized_sequence/p7_20260711_stationary_app_r3/historical_preflight_inputs/p7_jtag_axi_transactions_h1b_e8d2500ba5708dec57acc1bd0cfb46fa926e55b7.tcl,25601,ede2539f3f48fdb9fa4ca008fc56be496b58bf49bf0f84fe99e5d5e935c625fd
evidence/hardware/p7/authorized_sequence/p7_20260711_stationary_app_r3/historical_preflight_inputs/p7_offline_gate_summary_6e2d353edf0b6237bb3e70ee4e7cfac94fe89e11751db2da93b20029162d882b.json,7626,6e2d353edf0b6237bb3e70ee4e7cfac94fe89e11751db2da93b20029162d882b
evidence/hardware/p7/authorized_sequence/p7_20260711_stationary_app_r3/historical_preflight_inputs/p7_sequence_plan_aa5eb1bfd16b3a047a70056a44e2eb50cc7b19f01603fe9f3796db6640acb91a.txt,373889,aa5eb1bfd16b3a047a70056a44e2eb50cc7b19f01603fe9f3796db6640acb91a
evidence/hardware/p7/authorized_sequence/p7_20260711_stationary_app_r3/historical_preflight_inputs/p7_stage_001_authorization_ae91267aadb124aa5941df6768024cf521bd68512c5e8605f033a623edb0c1f3.txt,2980,ae91267aadb124aa5941df6768024cf521bd68512c5e8605f033a623edb0c1f3
evidence/hardware/p7/authorized_sequence/p7_20260711_stationary_app_r3/historical_preflight_inputs/p7_stage_001_transactions_c164be9bf94510474c01711914bb37bdc800f28b9f5a3134e59f344e912c391d.txt,790,c164be9bf94510474c01711914bb37bdc800f28b9f5a3134e59f344e912c391d
evidence/hardware/p7/authorized_sequence/p7_20260711_stationary_app_r3/recovery_shutdown_after_failed_stage1_20260711T0252Z/hardware_authorization.json,1364,5609ffd33329d2975c4b5452e44d7d8ec60c6d70d4f69a46b27713b5fdc91211
evidence/hardware/p7/authorized_sequence/p7_20260711_stationary_app_r3/recovery_shutdown_after_failed_stage1_20260711T0252Z/hash_manifest.csv,994,a6e080be2e870ce952367aba8338f2da5d810f35c26744ebe6bb58cfdbaa4bb9
evidence/hardware/p7/authorized_sequence/p7_20260711_stationary_app_r3/recovery_shutdown_after_failed_stage1_20260711T0252Z/hash_manifest.json,2291,48e48d3fe5cc49946885d3ed511d0099b694c4140216731db59379140ba6328e
evidence/hardware/p7/authorized_sequence/p7_20260711_stationary_app_r3/recovery_shutdown_after_failed_stage1_20260711T0252Z/program_tfdu_shutdown_safe.stderr.log,0,e3b0c44298fc1c149afbf4c8996fb92427ae41e4649b934ca495991b7852b855
evidence/hardware/p7/authorized_sequence/p7_20260711_stationary_app_r3/recovery_shutdown_after_failed_stage1_20260711T0252Z/program_tfdu_shutdown_safe.stdout.log,5022,97573b660b7b7927707a99231f62fff9f6b910edf4369baf2b73da57994ca423
evidence/hardware/p7/authorized_sequence/p7_20260711_stationary_app_r3/recovery_shutdown_after_failed_stage1_20260711T0252Z/program_tfdu_shutdown_safe.summary.txt,2027,81bbfcc8c881edc1cef75c53f32485dec1ea0e9ff157fc37a02005c4952fae34
evidence/hardware/p7/authorized_sequence/p7_20260711_stationary_app_r3/sequence_execution_ledger.json,16401,93e37fb13b2b535a0fa4f098e5874e8975bc9029a216b16179b56c178b5282b7
evidence/hardware/p7/authorized_sequence/p7_20260711_stationary_app_r3/sequence_executor.stderr.log,0,e3b0c44298fc1c149afbf4c8996fb92427ae41e4649b934ca495991b7852b855
evidence/hardware/p7/authorized_sequence/p7_20260711_stationary_app_r3/sequence_executor.stdout.log,4070,bb70407e198080adf4b9e5fe08218de1c2b8e512f5e74e5ea1c0359269dd2b9f
evidence/hardware/p7/authorized_sequence/p7_20260711_stationary_app_r4/.sequence_execution_ledger_wrapper_logs/001_p7_safe_idle.stderr.log,0,e3b0c44298fc1c149afbf4c8996fb92427ae41e4649b934ca495991b7852b855
evidence/hardware/p7/authorized_sequence/p7_20260711_stationary_app_r4/.sequence_execution_ledger_wrapper_logs/001_p7_safe_idle.stdout.log,73983,cf39986027545db39ea12f965dc76d990b7a3a754296a12837ccd83e0befe689
evidence/hardware/p7/authorized_sequence/p7_20260711_stationary_app_r4/001_p7_safe_idle/p7_jtag_axi_raw_result.txt,886,14c9643e0ea7fe8d907a5758cf7558a35677852b222d83370b49365b2c464d83
evidence/hardware/p7/authorized_sequence/p7_20260711_stationary_app_r4/001_p7_safe_idle/p7_jtag_axi_stage.stderr.log,0,e3b0c44298fc1c149afbf4c8996fb92427ae41e4649b934ca495991b7852b855
evidence/hardware/p7/authorized_sequence/p7_20260711_stationary_app_r4/001_p7_safe_idle/p7_jtag_axi_stage.stdout.log,30838,2fd46126c68f8d0b6705018ac91b32439bbd692504784e15f3c36c99f4b0403a
evidence/hardware/p7/authorized_sequence/p7_20260711_stationary_app_r4/001_p7_safe_idle/p7_jtag_axi_stage_events.jsonl,1132,d25b0789795faa8ad580aa0d140d465e9cb0353b33a96b2414bd80830fe8e7fc
evidence/hardware/p7/authorized_sequence/p7_20260711_stationary_app_r4/001_p7_safe_idle/p7_jtag_axi_stage_summary.json,71910,69d616807197f9badfe1290323a59ef22a5744364319bce0175d205c49cffbae
evidence/hardware/p7/authorized_sequence/p7_20260711_stationary_app_r4/001_p7_safe_idle/p7_preflight.stderr.log,0,e3b0c44298fc1c149afbf4c8996fb92427ae41e4649b934ca495991b7852b855
evidence/hardware/p7/authorized_sequence/p7_20260711_stationary_app_r4/001_p7_safe_idle/p7_preflight.stdout.log,9843,f695d8a68cc2bd628b309e8ce5000ddfc849bda1f5d2788cc8094201fe966469
evidence/hardware/p7/authorized_sequence/p7_20260711_stationary_app_r4/001_p7_safe_idle/p7_preflight_result.txt,512,b9c7b51d551d7f0a98f48b8493aed82542ccd9993966f478228e655b31ebbe84
evidence/hardware/p7/authorized_sequence/p7_20260711_stationary_app_r4/001_p7_safe_idle/p7_shutdown_after.stderr.log,0,e3b0c44298fc1c149afbf4c8996fb92427ae41e4649b934ca495991b7852b855
evidence/hardware/p7/authorized_sequence/p7_20260711_stationary_app_r4/001_p7_safe_idle/p7_shutdown_after.stdout.log,29705,52ae280e020d9d74f59821029234e1e02300876ac6fa5347619a1b5c0dbbe13b
evidence/hardware/p7/authorized_sequence/p7_20260711_stationary_app_r4/001_p7_safe_idle/p7_shutdown_after_result.txt,475,c55a4211ff667cbfea8bedbb4ad4ab2b248c2e80cfcfdd2062f4f04473dbb87a
evidence/hardware/p7/authorized_sequence/p7_20260711_stationary_app_r4/001_p7_safe_idle/p7_shutdown_before.stderr.log,0,e3b0c44298fc1c149afbf4c8996fb92427ae41e4649b934ca495991b7852b855
evidence/hardware/p7/authorized_sequence/p7_20260711_stationary_app_r4/001_p7_safe_idle/p7_shutdown_before.stdout.log,29705,c0fae06c4b9c36472ec3374be23cbc1922142be07f8fba26157abf0cd14bb697
evidence/hardware/p7/authorized_sequence/p7_20260711_stationary_app_r4/001_p7_safe_idle/p7_shutdown_before_result.txt,475,c55a4211ff667cbfea8bedbb4ad4ab2b248c2e80cfcfdd2062f4f04473dbb87a
evidence/hardware/p7/authorized_sequence/p7_20260711_stationary_app_r4/historical_preflight_inputs/manifest.json,3835,81aa2c45582eee1876eba7180bf6cf21c061f61f9c977717f185c9a08b90a507
evidence/hardware/p7/authorized_sequence/p7_20260711_stationary_app_r4/historical_preflight_inputs/p4_recovery_authorization_61f676760e875ce2772e2c460e9b3241ebcd013ebacfea715ee79b232316f476.txt,201,61f676760e875ce2772e2c460e9b3241ebcd013ebacfea715ee79b232316f476
evidence/hardware/p7/authorized_sequence/p7_20260711_stationary_app_r4/historical_preflight_inputs/p7_generation_manifest_7e66bb48fdfcea6f5e37222ca9789cb30dca81ddc45f76b6a56d08149684bf3f.json,271136,7e66bb48fdfcea6f5e37222ca9789cb30dca81ddc45f76b6a56d08149684bf3f
evidence/hardware/p7/authorized_sequence/p7_20260711_stationary_app_r4/historical_preflight_inputs/p7_jtag_axi_transactions_8d827258_731cb00526a076f4d088d32d82605dc538fa30ad.tcl,26343,7853c148e3ce9336918af3be80dd9eb0ca3aa6cc2114ef04df6a5b495f8ce0d2
evidence/hardware/p7/authorized_sequence/p7_20260711_stationary_app_r4/historical_preflight_inputs/p7_offline_gate_summary_6f28d380cfdfe41f979d70a87db578b68ec3f604ceebfd362b9bd2c2864a8df3.json,7626,6f28d380cfdfe41f979d70a87db578b68ec3f604ceebfd362b9bd2c2864a8df3
evidence/hardware/p7/authorized_sequence/p7_20260711_stationary_app_r4/historical_preflight_inputs/p7_sequence_plan_bea97a123cd089f8d43f5df211e96e0505113147774338fa10588b93c5b878bc.txt,373889,bea97a123cd089f8d43f5df211e96e0505113147774338fa10588b93c5b878bc
evidence/hardware/p7/authorized_sequence/p7_20260711_stationary_app_r4/historical_preflight_inputs/p7_stage_001_authorization_10982db705a07082e3cb8f5ff8e0b80ed1296b3a5d598c28b185582ff9cfffcb.txt,2980,10982db705a07082e3cb8f5ff8e0b80ed1296b3a5d598c28b185582ff9cfffcb
evidence/hardware/p7/authorized_sequence/p7_20260711_stationary_app_r4/historical_preflight_inputs/p7_stage_001_transactions_c164be9bf94510474c01711914bb37bdc800f28b9f5a3134e59f344e912c391d.txt,790,c164be9bf94510474c01711914bb37bdc800f28b9f5a3134e59f344e912c391d
evidence/hardware/p7/authorized_sequence/p7_20260711_stationary_app_r4/recovery_shutdown_after_failed_stage1_20260711T040638Z/hardware_authorization.json,1252,e5c7c16adfa964e1c8764cf1d2c14bb38d0eb70d8e00fc6e53fc9aab8a9fd1a4
evidence/hardware/p7/authorized_sequence/p7_20260711_stationary_app_r4/recovery_shutdown_after_failed_stage1_20260711T040638Z/hash_manifest.csv,994,a6e080be2e870ce952367aba8338f2da5d810f35c26744ebe6bb58cfdbaa4bb9
evidence/hardware/p7/authorized_sequence/p7_20260711_stationary_app_r4/recovery_shutdown_after_failed_stage1_20260711T040638Z/hash_manifest.json,2291,2794d758adb5c48bc8678115a468ab91f412c05f2a30a50dd2b5e09e11f53a86
evidence/hardware/p7/authorized_sequence/p7_20260711_stationary_app_r4/recovery_shutdown_after_failed_stage1_20260711T040638Z/program_tfdu_shutdown_safe.summary.txt,1484,c8ed106d4f788d090c7a8b4b6d0de92d5c32ff7484a571562e8aff477609451a
evidence/hardware/p7/authorized_sequence/p7_20260711_stationary_app_r4/recovery_shutdown_after_failed_stage1_20260711T040721Z/hardware_authorization.json,1364,5609ffd33329d2975c4b5452e44d7d8ec60c6d70d4f69a46b27713b5fdc91211
evidence/hardware/p7/authorized_sequence/p7_20260711_stationary_app_r4/recovery_shutdown_after_failed_stage1_20260711T040721Z/hash_manifest.csv,994,a6e080be2e870ce952367aba8338f2da5d810f35c26744ebe6bb58cfdbaa4bb9
evidence/hardware/p7/authorized_sequence/p7_20260711_stationary_app_r4/recovery_shutdown_after_failed_stage1_20260711T040721Z/hash_manifest.json,2291,f9664e224f3684e55593214ec4566625c94073e31b9cf5265c7962a7884a5f0a
evidence/hardware/p7/authorized_sequence/p7_20260711_stationary_app_r4/recovery_shutdown_after_failed_stage1_20260711T040721Z/program_tfdu_shutdown_safe.stderr.log,0,e3b0c44298fc1c149afbf4c8996fb92427ae41e4649b934ca495991b7852b855
evidence/hardware/p7/authorized_sequence/p7_20260711_stationary_app_r4/recovery_shutdown_after_failed_stage1_20260711T040721Z/program_tfdu_shutdown_safe.stdout.log,5022,1d66421d8a41b711a4630c21ba0b7d7f1345ee29eabfa94a3fec9979cb740583
evidence/hardware/p7/authorized_sequence/p7_20260711_stationary_app_r4/recovery_shutdown_after_failed_stage1_20260711T040721Z/program_tfdu_shutdown_safe.summary.txt,2037,63acf0b9728c460b4142725140c4cd9415515b3eb40f4dc7063c7cff8dd2d8dc
evidence/hardware/p7/authorized_sequence/p7_20260711_stationary_app_r4/sequence_execution_ledger.json,16379,214d5dd6c2b6bebc6976af87f814e7bd8739ce5a1819e45ec1c4d6bbae320c50
evidence/hardware/p7/authorized_sequence/p7_20260711_stationary_app_r5/.sequence_execution_ledger_wrapper_logs/001_p7_safe_idle.stderr.log,0,e3b0c44298fc1c149afbf4c8996fb92427ae41e4649b934ca495991b7852b855
evidence/hardware/p7/authorized_sequence/p7_20260711_stationary_app_r5/.sequence_execution_ledger_wrapper_logs/001_p7_safe_idle.stdout.log,74306,01c9d3aa944b9d248bde12adfe18b7b36f983c74a0e3d1eff16d93e110f228bc
evidence/hardware/p7/authorized_sequence/p7_20260711_stationary_app_r5/.sequence_execution_ledger_wrapper_logs/002_p7_p6_frame_regression_m1.stderr.log,0,e3b0c44298fc1c149afbf4c8996fb92427ae41e4649b934ca495991b7852b855
evidence/hardware/p7/authorized_sequence/p7_20260711_stationary_app_r5/.sequence_execution_ledger_wrapper_logs/002_p7_p6_frame_regression_m1.stdout.log,367304,57158e3874ad6cd5f12084f2a2243346e691362c26d9e4b2366d612a73e6364e
evidence/hardware/p7/authorized_sequence/p7_20260711_stationary_app_r5/001_p7_safe_idle/p7_jtag_axi_raw_result.txt,823,be4366eb4d00461ac9a851f0fd650d7999e066ed28252465bf69b4be6a381235
evidence/hardware/p7/authorized_sequence/p7_20260711_stationary_app_r5/001_p7_safe_idle/p7_jtag_axi_stage.stderr.log,0,e3b0c44298fc1c149afbf4c8996fb92427ae41e4649b934ca495991b7852b855
evidence/hardware/p7/authorized_sequence/p7_20260711_stationary_app_r5/001_p7_safe_idle/p7_jtag_axi_stage.stdout.log,30801,098144e47a0ed73e5c034208c8d3c9302e4bc76899ca9fa8c716eb59f08033a1
evidence/hardware/p7/authorized_sequence/p7_20260711_stationary_app_r5/001_p7_safe_idle/p7_jtag_axi_stage_events.jsonl,1228,799a78f4d654c1695075f68fb300743259719732cee8ef34ac43fe2edbc9c431
evidence/hardware/p7/authorized_sequence/p7_20260711_stationary_app_r5/001_p7_safe_idle/p7_jtag_axi_stage_summary.json,72217,a9887f5c648d0631e8fb5c565fd0c75d27503d5ba524dce2e9b2b142095da9be
evidence/hardware/p7/authorized_sequence/p7_20260711_stationary_app_r5/001_p7_safe_idle/p7_preflight.stderr.log,0,e3b0c44298fc1c149afbf4c8996fb92427ae41e4649b934ca495991b7852b855
evidence/hardware/p7/authorized_sequence/p7_20260711_stationary_app_r5/001_p7_safe_idle/p7_preflight.stdout.log,9843,741116a8d80be701cf7f3462ee771d7e79eef89dd74c501ee9516ea8993a83f2
evidence/hardware/p7/authorized_sequence/p7_20260711_stationary_app_r5/001_p7_safe_idle/p7_preflight_result.txt,512,b9c7b51d551d7f0a98f48b8493aed82542ccd9993966f478228e655b31ebbe84
evidence/hardware/p7/authorized_sequence/p7_20260711_stationary_app_r5/001_p7_safe_idle/p7_safe_idle_parse_summary.json,733,3991bcae4b2f298c8be2154c634b5180d1751df472c7cdece3aa168622e6c8d7
evidence/hardware/p7/authorized_sequence/p7_20260711_stationary_app_r5/001_p7_safe_idle/p7_shutdown_after.stderr.log,0,e3b0c44298fc1c149afbf4c8996fb92427ae41e4649b934ca495991b7852b855
evidence/hardware/p7/authorized_sequence/p7_20260711_stationary_app_r5/001_p7_safe_idle/p7_shutdown_after.stdout.log,30060,acaec985c8014fe6e58cc7e8c09bd1464f649ba09c4407ab7d5402fc181804f0
evidence/hardware/p7/authorized_sequence/p7_20260711_stationary_app_r5/001_p7_safe_idle/p7_shutdown_after_result.txt,475,c55a4211ff667cbfea8bedbb4ad4ab2b248c2e80cfcfdd2062f4f04473dbb87a
evidence/hardware/p7/authorized_sequence/p7_20260711_stationary_app_r5/001_p7_safe_idle/p7_shutdown_before.stderr.log,0,e3b0c44298fc1c149afbf4c8996fb92427ae41e4649b934ca495991b7852b855
evidence/hardware/p7/authorized_sequence/p7_20260711_stationary_app_r5/001_p7_safe_idle/p7_shutdown_before.stdout.log,30060,fe8126e677ff00935b10f1a2b6e5bea4b6a0beb6d0b9c35f3bba928502126c28
evidence/hardware/p7/authorized_sequence/p7_20260711_stationary_app_r5/001_p7_safe_idle/p7_shutdown_before_result.txt,475,c55a4211ff667cbfea8bedbb4ad4ab2b248c2e80cfcfdd2062f4f04473dbb87a
evidence/hardware/p7/authorized_sequence/p7_20260711_stationary_app_r5/002_p7_p6_frame_regression_m1/p7_jtag_axi_raw_result.txt,79492,d7c4eab196f966c11a4d3d216f25f1532275abdc6373e5513ae906ddbf89d1f4
evidence/hardware/p7/authorized_sequence/p7_20260711_stationary_app_r5/002_p7_p6_frame_regression_m1/p7_jtag_axi_stage.stderr.log,0,e3b0c44298fc1c149afbf4c8996fb92427ae41e4649b934ca495991b7852b855
evidence/hardware/p7/authorized_sequence/p7_20260711_stationary_app_r5/002_p7_p6_frame_regression_m1/p7_jtag_axi_stage.stdout.log,35621,2d6c53c9737eb268c8ebf3eafe13d71c9cc4f4ebbf704ca5bfa554de1d928be2
evidence/hardware/p7/authorized_sequence/p7_20260711_stationary_app_r5/002_p7_p6_frame_regression_m1/p7_jtag_axi_stage_events.jsonl,1342,a1c058f168e1de521cd378657d512fc0e8fac06e19cfe83477c3ac040f93e7cf
evidence/hardware/p7/authorized_sequence/p7_20260711_stationary_app_r5/002_p7_p6_frame_regression_m1/p7_jtag_axi_stage_summary.json,353934,e156c3ae7943c86a76b6d3400d1f82ad490f03186df98ebf9834377e3454057b
evidence/hardware/p7/authorized_sequence/p7_20260711_stationary_app_r5/002_p7_p6_frame_regression_m1/p7_preflight.stderr.log,0,e3b0c44298fc1c149afbf4c8996fb92427ae41e4649b934ca495991b7852b855
evidence/hardware/p7/authorized_sequence/p7_20260711_stationary_app_r5/002_p7_p6_frame_regression_m1/p7_preflight.stdout.log,9843,a5daaa9c5ec14a28a8c5f111e95a90fc6910729c76a8f30aafea297bae23413c
evidence/hardware/p7/authorized_sequence/p7_20260711_stationary_app_r5/002_p7_p6_frame_regression_m1/p7_preflight_result.txt,512,b9c7b51d551d7f0a98f48b8493aed82542ccd9993966f478228e655b31ebbe84
evidence/hardware/p7/authorized_sequence/p7_20260711_stationary_app_r5/002_p7_p6_frame_regression_m1/p7_shutdown_after.stderr.log,0,e3b0c44298fc1c149afbf4c8996fb92427ae41e4649b934ca495991b7852b855
evidence/hardware/p7/authorized_sequence/p7_20260711_stationary_app_r5/002_p7_p6_frame_regression_m1/p7_shutdown_after.stdout.log,30060,403197d420425f8a1b2f9446435082b7980e16ae648c24d159822a450890573f
evidence/hardware/p7/authorized_sequence/p7_20260711_stationary_app_r5/002_p7_p6_frame_regression_m1/p7_shutdown_after_result.txt,475,c55a4211ff667cbfea8bedbb4ad4ab2b248c2e80cfcfdd2062f4f04473dbb87a
evidence/hardware/p7/authorized_sequence/p7_20260711_stationary_app_r5/002_p7_p6_frame_regression_m1/p7_shutdown_before.stderr.log,0,e3b0c44298fc1c149afbf4c8996fb92427ae41e4649b934ca495991b7852b855
evidence/hardware/p7/authorized_sequence/p7_20260711_stationary_app_r5/002_p7_p6_frame_regression_m1/p7_shutdown_before.stdout.log,30060,c33c656470bbdf03bdc3fdff1cd118b2dcaf4e115d666165722579f5a905766a
evidence/hardware/p7/authorized_sequence/p7_20260711_stationary_app_r5/002_p7_p6_frame_regression_m1/p7_shutdown_before_result.txt,475,c55a4211ff667cbfea8bedbb4ad4ab2b248c2e80cfcfdd2062f4f04473dbb87a
evidence/hardware/p7/authorized_sequence/p7_20260711_stationary_app_r5/historical_preflight_inputs/manifest.json,4748,b96bdd852444043dcb417434add84b22c9ccb45f444c068e2f871dea221d6d2c
evidence/hardware/p7/authorized_sequence/p7_20260711_stationary_app_r5/historical_preflight_inputs/p4_recovery_authorization_61f676760e875ce2772e2c460e9b3241ebcd013ebacfea715ee79b232316f476.txt,201,61f676760e875ce2772e2c460e9b3241ebcd013ebacfea715ee79b232316f476
evidence/hardware/p7/authorized_sequence/p7_20260711_stationary_app_r5/historical_preflight_inputs/p7_generation_manifest_fc910a56ffcbb9eb45d4a6d06738fc304493a4b5a21deea5b3954f8fad0258ca.json,271136,fc910a56ffcbb9eb45d4a6d06738fc304493a4b5a21deea5b3954f8fad0258ca
evidence/hardware/p7/authorized_sequence/p7_20260711_stationary_app_r5/historical_preflight_inputs/p7_jtag_axi_transactions_63d08f78_0b1c05ba9de293ef73197739edfd5e91624fa1c8.tcl,26680,68e8b394a8db0ab94ddc1ed4051f8bdc5ce73243e30da6946dc8705ae643b16e
evidence/hardware/p7/authorized_sequence/p7_20260711_stationary_app_r5/historical_preflight_inputs/p7_jtag_backend_63d08f78_c02b32b22022b55614172676cebc4cbd8d43045e.py,79012,71ecfaa7f1d7b61f15db79fe81cb194d1955bda5956f095a662abe045d564ad1
evidence/hardware/p7/authorized_sequence/p7_20260711_stationary_app_r5/historical_preflight_inputs/p7_offline_gate_summary_5e14ab0f7dae66481045a0bf738ac1c2d9ed1dd7414cb10b9ad97ebf573bf567.json,7626,5e14ab0f7dae66481045a0bf738ac1c2d9ed1dd7414cb10b9ad97ebf573bf567
evidence/hardware/p7/authorized_sequence/p7_20260711_stationary_app_r5/historical_preflight_inputs/p7_sequence_plan_b90330e38ea641b283510bb02abfabf517fe77e56ca184105f98a6faa2c55fa3.txt,373889,b90330e38ea641b283510bb02abfabf517fe77e56ca184105f98a6faa2c55fa3
evidence/hardware/p7/authorized_sequence/p7_20260711_stationary_app_r5/historical_preflight_inputs/p7_stage_001_authorization_db1db95241fb2a930717855cf0c46ec236c3aadcf7bc58281e50be8407656169.txt,3283,db1db95241fb2a930717855cf0c46ec236c3aadcf7bc58281e50be8407656169
evidence/hardware/p7/authorized_sequence/p7_20260711_stationary_app_r5/historical_preflight_inputs/p7_stage_001_transactions_4569a727fa2fc7f64afbdbf9f029b6da1489ca48e84262bd7e9c45d51a909fbd.txt,130270,4569a727fa2fc7f64afbdbf9f029b6da1489ca48e84262bd7e9c45d51a909fbd
evidence/hardware/p7/authorized_sequence/p7_20260711_stationary_app_r5/historical_preflight_inputs/tfdu_lane_phy_63d08f78_970cbc860290698c4f417959f7e7fc0bcfbd6933.sv,5199,2f515a22fedc5abdf3f58bbdaa6df8baee8a2f919747a3622ece0a63009e920a
evidence/hardware/p7/authorized_sequence/p7_20260711_stationary_app_r5/recovery_shutdown_after_failed_stage2_20260711T043700Z/hardware_authorization.json,1364,5609ffd33329d2975c4b5452e44d7d8ec60c6d70d4f69a46b27713b5fdc91211
evidence/hardware/p7/authorized_sequence/p7_20260711_stationary_app_r5/recovery_shutdown_after_failed_stage2_20260711T043700Z/hash_manifest.csv,994,a6e080be2e870ce952367aba8338f2da5d810f35c26744ebe6bb58cfdbaa4bb9
evidence/hardware/p7/authorized_sequence/p7_20260711_stationary_app_r5/recovery_shutdown_after_failed_stage2_20260711T043700Z/hash_manifest.json,2291,7c9b35d0aa27d1ad026591d07c39da16766acb2fcaa3388a5fb1ea623b9b539c
evidence/hardware/p7/authorized_sequence/p7_20260711_stationary_app_r5/recovery_shutdown_after_failed_stage2_20260711T043700Z/program_tfdu_shutdown_safe.stderr.log,0,e3b0c44298fc1c149afbf4c8996fb92427ae41e4649b934ca495991b7852b855
evidence/hardware/p7/authorized_sequence/p7_20260711_stationary_app_r5/recovery_shutdown_after_failed_stage2_20260711T043700Z/program_tfdu_shutdown_safe.stdout.log,5022,13cb71de41bb07579dbd98b16abd804e114a2a79408c980146bdb018843255ce
evidence/hardware/p7/authorized_sequence/p7_20260711_stationary_app_r5/recovery_shutdown_after_failed_stage2_20260711T043700Z/program_tfdu_shutdown_safe.summary.txt,2037,7674de0bd473bf757196b61c9f4fdfa7df61f8a86aec709fd80182a08b403415
evidence/hardware/p7/authorized_sequence/p7_20260711_stationary_app_r5/sequence_execution_ledger.json,32277,1774969cfc7b2a52253bc37ebf4709c67e6b3289e3a8c05ba87ce59ae2905036
evidence/hardware/p7/authorized_sequence/p7_20260711_stationary_app_r6/.sequence_execution_ledger_wrapper_logs/001_p7_safe_idle.stderr.log,0,e3b0c44298fc1c149afbf4c8996fb92427ae41e4649b934ca495991b7852b855
evidence/hardware/p7/authorized_sequence/p7_20260711_stationary_app_r6/.sequence_execution_ledger_wrapper_logs/001_p7_safe_idle.stdout.log,74102,fb8a29f145f96aaf2cd783b7c80c0e99571ac6656eef4b688a08b7212c0a5fda
evidence/hardware/p7/authorized_sequence/p7_20260711_stationary_app_r6/.sequence_execution_ledger_wrapper_logs/002_p7_p6_frame_regression_m1.stderr.log,0,e3b0c44298fc1c149afbf4c8996fb92427ae41e4649b934ca495991b7852b855
evidence/hardware/p7/authorized_sequence/p7_20260711_stationary_app_r6/.sequence_execution_ledger_wrapper_logs/002_p7_p6_frame_regression_m1.stdout.log,369226,0e62683479912f649985410ec5e8460bdbf37851b0a132c0c34013177636c81c
evidence/hardware/p7/authorized_sequence/p7_20260711_stationary_app_r6/.sequence_execution_ledger_wrapper_logs/003_p7_p6_frame_regression_m2.stderr.log,0,e3b0c44298fc1c149afbf4c8996fb92427ae41e4649b934ca495991b7852b855
evidence/hardware/p7/authorized_sequence/p7_20260711_stationary_app_r6/.sequence_execution_ledger_wrapper_logs/003_p7_p6_frame_regression_m2.stdout.log,369926,588315723a0c5242f9e3faf83fd3105c74527a2c039d41be4aa46ef08ef7f791
evidence/hardware/p7/authorized_sequence/p7_20260711_stationary_app_r6/.sequence_execution_ledger_wrapper_logs/004_p7_p6_frame_regression_m3.stderr.log,0,e3b0c44298fc1c149afbf4c8996fb92427ae41e4649b934ca495991b7852b855
evidence/hardware/p7/authorized_sequence/p7_20260711_stationary_app_r6/.sequence_execution_ledger_wrapper_logs/004_p7_p6_frame_regression_m3.stdout.log,369187,9465afe76633fe9525a96e8f928cd2c7114c6e768a38e7ee6968bed7a32bc7d1
evidence/hardware/p7/authorized_sequence/p7_20260711_stationary_app_r6/.sequence_execution_ledger_wrapper_logs/005_p7_fragment_boundary_0_l0.stderr.log,0,e3b0c44298fc1c149afbf4c8996fb92427ae41e4649b934ca495991b7852b855
evidence/hardware/p7/authorized_sequence/p7_20260711_stationary_app_r6/.sequence_execution_ledger_wrapper_logs/005_p7_fragment_boundary_0_l0.stdout.log,81605,44c3fd844826661634d0b5b16bd6099ce797a6aa850767aae25cd24c7c03c642
evidence/hardware/p7/authorized_sequence/p7_20260711_stationary_app_r6/.sequence_execution_ledger_wrapper_logs/006_p7_fragment_boundary_0_l1.stderr.log,0,e3b0c44298fc1c149afbf4c8996fb92427ae41e4649b934ca495991b7852b855
evidence/hardware/p7/authorized_sequence/p7_20260711_stationary_app_r6/.sequence_execution_ledger_wrapper_logs/006_p7_fragment_boundary_0_l1.stdout.log,81760,0a594b935bcc14625d22fcbd13ae8580bd082019c047710473e574fc7940950a
evidence/hardware/p7/authorized_sequence/p7_20260711_stationary_app_r6/.sequence_execution_ledger_wrapper_logs/007_p7_fragment_boundary_0_rr.stderr.log,0,e3b0c44298fc1c149afbf4c8996fb92427ae41e4649b934ca495991b7852b855
evidence/hardware/p7/authorized_sequence/p7_20260711_stationary_app_r6/.sequence_execution_ledger_wrapper_logs/007_p7_fragment_boundary_0_rr.stdout.log,81713,0ba686f4d1dd5cb9ea4ff51c34d7c08da11d092f2d28eeb914e4d25fa4671ff7
evidence/hardware/p7/authorized_sequence/p7_20260711_stationary_app_r6/.sequence_execution_ledger_wrapper_logs/008_p7_fragment_boundary_0_rep3.stderr.log,0,e3b0c44298fc1c149afbf4c8996fb92427ae41e4649b934ca495991b7852b855
evidence/hardware/p7/authorized_sequence/p7_20260711_stationary_app_r6/.sequence_execution_ledger_wrapper_logs/008_p7_fragment_boundary_0_rep3.stdout.log,81782,bf27d705f50b7b1c296feeb36c6522e7d69548285834b3a0cb865dff8660e864
evidence/hardware/p7/authorized_sequence/p7_20260711_stationary_app_r6/.sequence_execution_ledger_wrapper_logs/009_p7_fragment_boundary_1_l0.stderr.log,0,e3b0c44298fc1c149afbf4c8996fb92427ae41e4649b934ca495991b7852b855
evidence/hardware/p7/authorized_sequence/p7_20260711_stationary_app_r6/.sequence_execution_ledger_wrapper_logs/009_p7_fragment_boundary_1_l0.stdout.log,81783,b41b490321bd354b6663541bf35a05a8e93aa8f72e77c1fe43cb8b92671c7a0f
evidence/hardware/p7/authorized_sequence/p7_20260711_stationary_app_r6/.sequence_execution_ledger_wrapper_logs/010_p7_fragment_boundary_1_l1.stderr.log,0,e3b0c44298fc1c149afbf4c8996fb92427ae41e4649b934ca495991b7852b855
evidence/hardware/p7/authorized_sequence/p7_20260711_stationary_app_r6/.sequence_execution_ledger_wrapper_logs/010_p7_fragment_boundary_1_l1.stdout.log,82568,3e5523dab12dd8443ca4337b58dee56866d46ab781696eb5dfe2c76faab26d69
evidence/hardware/p7/authorized_sequence/p7_20260711_stationary_app_r6/.sequence_execution_ledger_wrapper_logs/011_p7_fragment_boundary_1_rr.stderr.log,0,e3b0c44298fc1c149afbf4c8996fb92427ae41e4649b934ca495991b7852b855
evidence/hardware/p7/authorized_sequence/p7_20260711_stationary_app_r6/.sequence_execution_ledger_wrapper_logs/011_p7_fragment_boundary_1_rr.stdout.log,82710,965718b0163b769a4924f54843c8d31de6249bd1ae1cc62e3ce24454c2012173
evidence/hardware/p7/authorized_sequence/p7_20260711_stationary_app_r6/.sequence_execution_ledger_wrapper_logs/012_p7_fragment_boundary_1_rep3.stderr.log,0,e3b0c44298fc1c149afbf4c8996fb92427ae41e4649b934ca495991b7852b855
evidence/hardware/p7/authorized_sequence/p7_20260711_stationary_app_r6/.sequence_execution_ledger_wrapper_logs/012_p7_fragment_boundary_1_rep3.stdout.log,82128,5e28f5967552ecb489a95edf490a1587b099927575a423028c23ee64ac67194e
evidence/hardware/p7/authorized_sequence/p7_20260711_stationary_app_r6/.sequence_execution_ledger_wrapper_logs/013_p7_fragment_boundary_30_l0.stderr.log,0,e3b0c44298fc1c149afbf4c8996fb92427ae41e4649b934ca495991b7852b855
evidence/hardware/p7/authorized_sequence/p7_20260711_stationary_app_r6/.sequence_execution_ledger_wrapper_logs/013_p7_fragment_boundary_30_l0.stdout.log,83426,6ea08e9e2347c0c5389065c43dd7863627cd8285b09443651057f01c31ab3488
evidence/hardware/p7/authorized_sequence/p7_20260711_stationary_app_r6/.sequence_execution_ledger_wrapper_logs/014_p7_fragment_boundary_30_l1.stderr.log,0,e3b0c44298fc1c149afbf4c8996fb92427ae41e4649b934ca495991b7852b855
evidence/hardware/p7/authorized_sequence/p7_20260711_stationary_app_r6/.sequence_execution_ledger_wrapper_logs/014_p7_fragment_boundary_30_l1.stdout.log,83437,22823da0eb1fb419c8ed259bf3abc36979b1d89c648775114d3cabed68272f3a
evidence/hardware/p7/authorized_sequence/p7_20260711_stationary_app_r6/.sequence_execution_ledger_wrapper_logs/015_p7_fragment_boundary_30_rr.stderr.log,0,e3b0c44298fc1c149afbf4c8996fb92427ae41e4649b934ca495991b7852b855
evidence/hardware/p7/authorized_sequence/p7_20260711_stationary_app_r6/.sequence_execution_ledger_wrapper_logs/015_p7_fragment_boundary_30_rr.stdout.log,83523,c9dad22b8e57991255bb731ac870826e716ef3ec18483cb90988328bb74c730d
evidence/hardware/p7/authorized_sequence/p7_20260711_stationary_app_r6/.sequence_execution_ledger_wrapper_logs/016_p7_fragment_boundary_30_rep3.stderr.log,0,e3b0c44298fc1c149afbf4c8996fb92427ae41e4649b934ca495991b7852b855
evidence/hardware/p7/authorized_sequence/p7_20260711_stationary_app_r6/.sequence_execution_ledger_wrapper_logs/016_p7_fragment_boundary_30_rep3.stdout.log,83510,05f6b027fc5ab947d6b0e7c9471fe5552a044deaf7f107ea756797b596946f44
evidence/hardware/p7/authorized_sequence/p7_20260711_stationary_app_r6/.sequence_execution_ledger_wrapper_logs/017_p7_fragment_boundary_214_l0.stderr.log,0,e3b0c44298fc1c149afbf4c8996fb92427ae41e4649b934ca495991b7852b855
evidence/hardware/p7/authorized_sequence/p7_20260711_stationary_app_r6/.sequence_execution_ledger_wrapper_logs/017_p7_fragment_boundary_214_l0.stdout.log,92793,6971f58a632ab31b13406ac66ba9de8051930d3a838fd3678d5e0d3d8098349e
evidence/hardware/p7/authorized_sequence/p7_20260711_stationary_app_r6/.sequence_execution_ledger_wrapper_logs/018_p7_fragment_boundary_214_l1.stderr.log,0,e3b0c44298fc1c149afbf4c8996fb92427ae41e4649b934ca495991b7852b855
evidence/hardware/p7/authorized_sequence/p7_20260711_stationary_app_r6/.sequence_execution_ledger_wrapper_logs/018_p7_fragment_boundary_214_l1.stdout.log,92704,d7cfd14efd736cc519a42b8f7d3ab2f6e8e7ab1fb8f86b23e0e143f8a261144a
evidence/hardware/p7/authorized_sequence/p7_20260711_stationary_app_r6/.sequence_execution_ledger_wrapper_logs/019_p7_fragment_boundary_214_rr.stderr.log,0,e3b0c44298fc1c149afbf4c8996fb92427ae41e4649b934ca495991b7852b855
evidence/hardware/p7/authorized_sequence/p7_20260711_stationary_app_r6/.sequence_execution_ledger_wrapper_logs/019_p7_fragment_boundary_214_rr.stdout.log,92799,1f19511a3f72173eca2bbe36dd13f863ce41fd0c56b1f90461f9434a58eda271
evidence/hardware/p7/authorized_sequence/p7_20260711_stationary_app_r6/.sequence_execution_ledger_wrapper_logs/020_p7_fragment_boundary_214_rep3.stderr.log,0,e3b0c44298fc1c149afbf4c8996fb92427ae41e4649b934ca495991b7852b855
evidence/hardware/p7/authorized_sequence/p7_20260711_stationary_app_r6/.sequence_execution_ledger_wrapper_logs/020_p7_fragment_boundary_214_rep3.stdout.log,92852,bd717ce6e343fb08e494752bd1c36c5657046317a5741e943492af39da719645
evidence/hardware/p7/authorized_sequence/p7_20260711_stationary_app_r6/.sequence_execution_ledger_wrapper_logs/021_p7_fragment_boundary_215_l0.stderr.log,0,e3b0c44298fc1c149afbf4c8996fb92427ae41e4649b934ca495991b7852b855
evidence/hardware/p7/authorized_sequence/p7_20260711_stationary_app_r6/.sequence_execution_ledger_wrapper_logs/021_p7_fragment_boundary_215_l0.stdout.log,92737,d00cf3ac2774d2dba703a8cc1ece66cba63f1643b46ff26e90a76189df8aa429
evidence/hardware/p7/authorized_sequence/p7_20260711_stationary_app_r6/.sequence_execution_ledger_wrapper_logs/022_p7_fragment_boundary_215_l1.stderr.log,0,e3b0c44298fc1c149afbf4c8996fb92427ae41e4649b934ca495991b7852b855
evidence/hardware/p7/authorized_sequence/p7_20260711_stationary_app_r6/.sequence_execution_ledger_wrapper_logs/022_p7_fragment_boundary_215_l1.stdout.log,92748,914607421fb10e06ca7a49741c8e5c5ffc7cc303645d04b66e847f6446f6a72a
evidence/hardware/p7/authorized_sequence/p7_20260711_stationary_app_r6/.sequence_execution_ledger_wrapper_logs/023_p7_fragment_boundary_215_rr.stderr.log,0,e3b0c44298fc1c149afbf4c8996fb92427ae41e4649b934ca495991b7852b855
evidence/hardware/p7/authorized_sequence/p7_20260711_stationary_app_r6/.sequence_execution_ledger_wrapper_logs/023_p7_fragment_boundary_215_rr.stdout.log,92514,9467f945116a0a495e2fd6a92b96cb629794dd48779e637e2d1f64c8c2ef8462
evidence/hardware/p7/authorized_sequence/p7_20260711_stationary_app_r6/.sequence_execution_ledger_wrapper_logs/024_p7_fragment_boundary_215_rep3.stderr.log,0,e3b0c44298fc1c149afbf4c8996fb92427ae41e4649b934ca495991b7852b855
evidence/hardware/p7/authorized_sequence/p7_20260711_stationary_app_r6/.sequence_execution_ledger_wrapper_logs/024_p7_fragment_boundary_215_rep3.stdout.log,92637,ab660887c8a1ac187fc18bbb4c15d35ae4572e2fc7350835e2fc7587088ab1fb
evidence/hardware/p7/authorized_sequence/p7_20260711_stationary_app_r6/.sequence_execution_ledger_wrapper_logs/025_p7_fragment_boundary_216_l0.stderr.log,0,e3b0c44298fc1c149afbf4c8996fb92427ae41e4649b934ca495991b7852b855
evidence/hardware/p7/authorized_sequence/p7_20260711_stationary_app_r6/.sequence_execution_ledger_wrapper_logs/025_p7_fragment_boundary_216_l0.stdout.log,96904,e9382e0c2962349c1a7a17fd51ec47950212ffd2201f82b0656380b1984afa33
evidence/hardware/p7/authorized_sequence/p7_20260711_stationary_app_r6/.sequence_execution_ledger_wrapper_logs/026_p7_fragment_boundary_216_l1.stderr.log,0,e3b0c44298fc1c149afbf4c8996fb92427ae41e4649b934ca495991b7852b855
evidence/hardware/p7/authorized_sequence/p7_20260711_stationary_app_r6/.sequence_execution_ledger_wrapper_logs/026_p7_fragment_boundary_216_l1.stdout.log,97019,661c3bbc02264d3266217e64a3506c8304d0e43fd4da00248ccfe574a87e62f6
evidence/hardware/p7/authorized_sequence/p7_20260711_stationary_app_r6/.sequence_execution_ledger_wrapper_logs/027_p7_fragment_boundary_216_rr.stderr.log,0,e3b0c44298fc1c149afbf4c8996fb92427ae41e4649b934ca495991b7852b855
evidence/hardware/p7/authorized_sequence/p7_20260711_stationary_app_r6/.sequence_execution_ledger_wrapper_logs/027_p7_fragment_boundary_216_rr.stdout.log,97013,6dd589b29ebbc1dc5edc21f5ab0e0ee90291266c178aa4b6606462cb5316ba2e
evidence/hardware/p7/authorized_sequence/p7_20260711_stationary_app_r6/.sequence_execution_ledger_wrapper_logs/028_p7_fragment_boundary_216_rep3.stderr.log,0,e3b0c44298fc1c149afbf4c8996fb92427ae41e4649b934ca495991b7852b855
evidence/hardware/p7/authorized_sequence/p7_20260711_stationary_app_r6/.sequence_execution_ledger_wrapper_logs/028_p7_fragment_boundary_216_rep3.stdout.log,94055,02438dbac83d0f2da7f827330705b267b72f1eb576305ed09cc09d89b3205b93
evidence/hardware/p7/authorized_sequence/p7_20260711_stationary_app_r6/001_p7_safe_idle/p7_jtag_axi_raw_result.txt,823,be4366eb4d00461ac9a851f0fd650d7999e066ed28252465bf69b4be6a381235
evidence/hardware/p7/authorized_sequence/p7_20260711_stationary_app_r6/001_p7_safe_idle/p7_jtag_axi_stage.stderr.log,0,e3b0c44298fc1c149afbf4c8996fb92427ae41e4649b934ca495991b7852b855
evidence/hardware/p7/authorized_sequence/p7_20260711_stationary_app_r6/001_p7_safe_idle/p7_jtag_axi_stage.stdout.log,30801,7b9c709d20f8695cdfdc586a5d3f9d904e73bfe218a76b3bf1df156638e9b558
evidence/hardware/p7/authorized_sequence/p7_20260711_stationary_app_r6/001_p7_safe_idle/p7_jtag_axi_stage_events.jsonl,1228,1364d2f734f2bb76b1164105f511f7458b952dad7c5e41eff279d7075ff24c55
evidence/hardware/p7/authorized_sequence/p7_20260711_stationary_app_r6/001_p7_safe_idle/p7_jtag_axi_stage_summary.json,72023,9b877aaced693df01b37a5cedc47647858cb53b4a9c5a3187d84bd368dd45f31
evidence/hardware/p7/authorized_sequence/p7_20260711_stationary_app_r6/001_p7_safe_idle/p7_preflight.stderr.log,0,e3b0c44298fc1c149afbf4c8996fb92427ae41e4649b934ca495991b7852b855
evidence/hardware/p7/authorized_sequence/p7_20260711_stationary_app_r6/001_p7_safe_idle/p7_preflight.stdout.log,9843,e1bd52ccd1e0e4c4db6981fc71e349855071f2fdf85db8f34a0eb737b435c95e
evidence/hardware/p7/authorized_sequence/p7_20260711_stationary_app_r6/001_p7_safe_idle/p7_preflight_result.txt,512,b9c7b51d551d7f0a98f48b8493aed82542ccd9993966f478228e655b31ebbe84
evidence/hardware/p7/authorized_sequence/p7_20260711_stationary_app_r6/001_p7_safe_idle/p7_safe_idle_parse_summary.json,733,3991bcae4b2f298c8be2154c634b5180d1751df472c7cdece3aa168622e6c8d7
evidence/hardware/p7/authorized_sequence/p7_20260711_stationary_app_r6/001_p7_safe_idle/p7_shutdown_after.stderr.log,0,e3b0c44298fc1c149afbf4c8996fb92427ae41e4649b934ca495991b7852b855
evidence/hardware/p7/authorized_sequence/p7_20260711_stationary_app_r6/001_p7_safe_idle/p7_shutdown_after.stdout.log,30060,b11f90ecbabc17bf2ba2caac5ac60775a80d6378311db244f0967879f6284ec2
evidence/hardware/p7/authorized_sequence/p7_20260711_stationary_app_r6/001_p7_safe_idle/p7_shutdown_after_result.txt,475,c55a4211ff667cbfea8bedbb4ad4ab2b248c2e80cfcfdd2062f4f04473dbb87a
evidence/hardware/p7/authorized_sequence/p7_20260711_stationary_app_r6/001_p7_safe_idle/p7_shutdown_before.stderr.log,0,e3b0c44298fc1c149afbf4c8996fb92427ae41e4649b934ca495991b7852b855
evidence/hardware/p7/authorized_sequence/p7_20260711_stationary_app_r6/001_p7_safe_idle/p7_shutdown_before.stdout.log,30060,298e0a11f1dfbb553f31f035775550d17ce558c1e61663e7930328fd0cdd1f8c
evidence/hardware/p7/authorized_sequence/p7_20260711_stationary_app_r6/001_p7_safe_idle/p7_shutdown_before_result.txt,475,c55a4211ff667cbfea8bedbb4ad4ab2b248c2e80cfcfdd2062f4f04473dbb87a
evidence/hardware/p7/authorized_sequence/p7_20260711_stationary_app_r6/002_p7_p6_frame_regression_m1/p7_jtag_axi_raw_result.txt,79492,d7c4eab196f966c11a4d3d216f25f1532275abdc6373e5513ae906ddbf89d1f4
evidence/hardware/p7/authorized_sequence/p7_20260711_stationary_app_r6/002_p7_p6_frame_regression_m1/p7_jtag_axi_stage.stderr.log,0,e3b0c44298fc1c149afbf4c8996fb92427ae41e4649b934ca495991b7852b855
evidence/hardware/p7/authorized_sequence/p7_20260711_stationary_app_r6/002_p7_p6_frame_regression_m1/p7_jtag_axi_stage.stdout.log,35621,62c9a717fbcd2f6565c6cc06a61a6f0f3e0b5029d5aa47d8cd2bba68c7814fe1
evidence/hardware/p7/authorized_sequence/p7_20260711_stationary_app_r6/002_p7_p6_frame_regression_m1/p7_jtag_axi_stage_events.jsonl,1236,e38d18ab42a9a822eaba5d6ae2c47ae37574f279c2ca4826147d2c2686d90ef0
evidence/hardware/p7/authorized_sequence/p7_20260711_stationary_app_r6/002_p7_p6_frame_regression_m1/p7_jtag_axi_stage_summary.json,355817,30a649af2aa4fe1bf7610d462cf06b5b48e2592c49d5f5b4d812ef27df4c6ab4
evidence/hardware/p7/authorized_sequence/p7_20260711_stationary_app_r6/002_p7_p6_frame_regression_m1/p7_jtag_backend_parse_summary.json,41116,0a85f525fbe8dd83ed01392028383aeb88b5f8533fb1789ee02aab4c613b6b67
evidence/hardware/p7/authorized_sequence/p7_20260711_stationary_app_r6/002_p7_p6_frame_regression_m1/p7_jtag_reassembled_output.bin,4096,d63320acd81e8ea9e08c7932552f04ca8bd45a673c40003ff4f7b6143d91081d
evidence/hardware/p7/authorized_sequence/p7_20260711_stationary_app_r6/002_p7_p6_frame_regression_m1/p7_preflight.stderr.log,0,e3b0c44298fc1c149afbf4c8996fb92427ae41e4649b934ca495991b7852b855
evidence/hardware/p7/authorized_sequence/p7_20260711_stationary_app_r6/002_p7_p6_frame_regression_m1/p7_preflight.stdout.log,9843,7b81e4c23f71f8af3c46f16213152347818c0d87c4bf347e20b3ca969590a68b
evidence/hardware/p7/authorized_sequence/p7_20260711_stationary_app_r6/002_p7_p6_frame_regression_m1/p7_preflight_result.txt,512,b9c7b51d551d7f0a98f48b8493aed82542ccd9993966f478228e655b31ebbe84
evidence/hardware/p7/authorized_sequence/p7_20260711_stationary_app_r6/002_p7_p6_frame_regression_m1/p7_shutdown_after.stderr.log,0,e3b0c44298fc1c149afbf4c8996fb92427ae41e4649b934ca495991b7852b855
evidence/hardware/p7/authorized_sequence/p7_20260711_stationary_app_r6/002_p7_p6_frame_regression_m1/p7_shutdown_after.stdout.log,30060,278134bdc3681381b8dfeb174b07cbb6e93d5f067ed0e93bd775b7d8b57c458f
evidence/hardware/p7/authorized_sequence/p7_20260711_stationary_app_r6/002_p7_p6_frame_regression_m1/p7_shutdown_after_result.txt,475,c55a4211ff667cbfea8bedbb4ad4ab2b248c2e80cfcfdd2062f4f04473dbb87a
evidence/hardware/p7/authorized_sequence/p7_20260711_stationary_app_r6/002_p7_p6_frame_regression_m1/p7_shutdown_before.stderr.log,0,e3b0c44298fc1c149afbf4c8996fb92427ae41e4649b934ca495991b7852b855
evidence/hardware/p7/authorized_sequence/p7_20260711_stationary_app_r6/002_p7_p6_frame_regression_m1/p7_shutdown_before.stdout.log,30060,9b816bbe59b7d1142ec809b18ee546e9af1e94908aead4e6691f5e56b15cb8c7
evidence/hardware/p7/authorized_sequence/p7_20260711_stationary_app_r6/002_p7_p6_frame_regression_m1/p7_shutdown_before_result.txt,475,c55a4211ff667cbfea8bedbb4ad4ab2b248c2e80cfcfdd2062f4f04473dbb87a
evidence/hardware/p7/authorized_sequence/p7_20260711_stationary_app_r6/003_p7_p6_frame_regression_m2/p7_jtag_axi_raw_result.txt,79492,d6d41d21f227ae89c98bcb024dc7bdd39cb1efc02c777e2639ce896a1675fb5f
evidence/hardware/p7/authorized_sequence/p7_20260711_stationary_app_r6/003_p7_p6_frame_regression_m2/p7_jtag_axi_stage.stderr.log,0,e3b0c44298fc1c149afbf4c8996fb92427ae41e4649b934ca495991b7852b855
evidence/hardware/p7/authorized_sequence/p7_20260711_stationary_app_r6/003_p7_p6_frame_regression_m2/p7_jtag_axi_stage.stdout.log,35621,1a486bc5971c93ae4826905a9cdd5846cff9a547c15833989e54a16686822357
evidence/hardware/p7/authorized_sequence/p7_20260711_stationary_app_r6/003_p7_p6_frame_regression_m2/p7_jtag_axi_stage_events.jsonl,1236,6247c8178d4ecf73b5d66cc36f74684a0f5f9320c8f67e0860d5f3dcece12598
evidence/hardware/p7/authorized_sequence/p7_20260711_stationary_app_r6/003_p7_p6_frame_regression_m2/p7_jtag_axi_stage_summary.json,356498,87da56b52d6caeef094849573bf27c8e52590c626fe0690232ecd1e7f26d20d3
evidence/hardware/p7/authorized_sequence/p7_20260711_stationary_app_r6/003_p7_p6_frame_regression_m2/p7_jtag_backend_parse_summary.json,41109,f10938612bef6fbafe83200f5ad005001b359b3738f309485e9926cf258c81b0
evidence/hardware/p7/authorized_sequence/p7_20260711_stationary_app_r6/003_p7_p6_frame_regression_m2/p7_jtag_reassembled_output.bin,4096,a7abce3a5f3164feb667e984f8e38f6e6fc3a7f87e54cc0b2008aa15962a1e7d
evidence/hardware/p7/authorized_sequence/p7_20260711_stationary_app_r6/003_p7_p6_frame_regression_m2/p7_preflight.stderr.log,0,e3b0c44298fc1c149afbf4c8996fb92427ae41e4649b934ca495991b7852b855
evidence/hardware/p7/authorized_sequence/p7_20260711_stationary_app_r6/003_p7_p6_frame_regression_m2/p7_preflight.stdout.log,9843,1ae987bef574fd4616d51302a96815d7abef55dc68859e319eade6f5261ea6ae
evidence/hardware/p7/authorized_sequence/p7_20260711_stationary_app_r6/003_p7_p6_frame_regression_m2/p7_preflight_result.txt,512,b9c7b51d551d7f0a98f48b8493aed82542ccd9993966f478228e655b31ebbe84
evidence/hardware/p7/authorized_sequence/p7_20260711_stationary_app_r6/003_p7_p6_frame_regression_m2/p7_shutdown_after.stderr.log,0,e3b0c44298fc1c149afbf4c8996fb92427ae41e4649b934ca495991b7852b855
evidence/hardware/p7/authorized_sequence/p7_20260711_stationary_app_r6/003_p7_p6_frame_regression_m2/p7_shutdown_after.stdout.log,30060,74d8784c145af6c1a72017311c46046063468a51663dde8b2799ae42e435833c
evidence/hardware/p7/authorized_sequence/p7_20260711_stationary_app_r6/003_p7_p6_frame_regression_m2/p7_shutdown_after_result.txt,475,c55a4211ff667cbfea8bedbb4ad4ab2b248c2e80cfcfdd2062f4f04473dbb87a
evidence/hardware/p7/authorized_sequence/p7_20260711_stationary_app_r6/003_p7_p6_frame_regression_m2/p7_shutdown_before.stderr.log,0,e3b0c44298fc1c149afbf4c8996fb92427ae41e4649b934ca495991b7852b855
evidence/hardware/p7/authorized_sequence/p7_20260711_stationary_app_r6/003_p7_p6_frame_regression_m2/p7_shutdown_before.stdout.log,30060,951323552b72d5c8009b357fccdfd53e59a809993aa8ea51d380092334c4522e
evidence/hardware/p7/authorized_sequence/p7_20260711_stationary_app_r6/003_p7_p6_frame_regression_m2/p7_shutdown_before_result.txt,475,c55a4211ff667cbfea8bedbb4ad4ab2b248c2e80cfcfdd2062f4f04473dbb87a
evidence/hardware/p7/authorized_sequence/p7_20260711_stationary_app_r6/004_p7_p6_frame_regression_m3/p7_jtag_axi_raw_result.txt,79495,0bb5b852eae1794324af244223f69900a38d88c56440b2f37bf532d90f14125a
evidence/hardware/p7/authorized_sequence/p7_20260711_stationary_app_r6/004_p7_p6_frame_regression_m3/p7_jtag_axi_stage.stderr.log,0,e3b0c44298fc1c149afbf4c8996fb92427ae41e4649b934ca495991b7852b855
evidence/hardware/p7/authorized_sequence/p7_20260711_stationary_app_r6/004_p7_p6_frame_regression_m3/p7_jtag_axi_stage.stdout.log,35621,eb39dc586d28a83b9ca5367b29a3a16004d1dcb5055ca097bf63aecd0a4992fe
evidence/hardware/p7/authorized_sequence/p7_20260711_stationary_app_r6/004_p7_p6_frame_regression_m3/p7_jtag_axi_stage_events.jsonl,1236,9c3aa3d3152ddee96885e7f2e0590f663d51ea90381298e03d35f604200e2308
evidence/hardware/p7/authorized_sequence/p7_20260711_stationary_app_r6/004_p7_p6_frame_regression_m3/p7_jtag_axi_stage_summary.json,355779,6386fc36a6d6a95eb603dfd0270741019867ebbabe77b5e9a5421aa569da066d
evidence/hardware/p7/authorized_sequence/p7_20260711_stationary_app_r6/004_p7_p6_frame_regression_m3/p7_jtag_backend_parse_summary.json,41126,4b765c5f7b98d078d6a90aafec618528897dd1c73efe69f29ef87f74544f8bfc
evidence/hardware/p7/authorized_sequence/p7_20260711_stationary_app_r6/004_p7_p6_frame_regression_m3/p7_jtag_reassembled_output.bin,4096,43812ad6447f6d7cbd02439ca869aff553eda792fa799ab066242fdccebefa30
evidence/hardware/p7/authorized_sequence/p7_20260711_stationary_app_r6/004_p7_p6_frame_regression_m3/p7_preflight.stderr.log,0,e3b0c44298fc1c149afbf4c8996fb92427ae41e4649b934ca495991b7852b855
evidence/hardware/p7/authorized_sequence/p7_20260711_stationary_app_r6/004_p7_p6_frame_regression_m3/p7_preflight.stdout.log,9843,bea08ba59d8ac68923d786cb20057cb74c855ac7ed5493d0f73850dee83b4b89
evidence/hardware/p7/authorized_sequence/p7_20260711_stationary_app_r6/004_p7_p6_frame_regression_m3/p7_preflight_result.txt,512,b9c7b51d551d7f0a98f48b8493aed82542ccd9993966f478228e655b31ebbe84
evidence/hardware/p7/authorized_sequence/p7_20260711_stationary_app_r6/004_p7_p6_frame_regression_m3/p7_shutdown_after.stderr.log,0,e3b0c44298fc1c149afbf4c8996fb92427ae41e4649b934ca495991b7852b855
evidence/hardware/p7/authorized_sequence/p7_20260711_stationary_app_r6/004_p7_p6_frame_regression_m3/p7_shutdown_after.stdout.log,30060,846a34f69dd079f23b33bee20ad9dad7a8afb60dbf719b4f04866afce2a30b8d
evidence/hardware/p7/authorized_sequence/p7_20260711_stationary_app_r6/004_p7_p6_frame_regression_m3/p7_shutdown_after_result.txt,475,c55a4211ff667cbfea8bedbb4ad4ab2b248c2e80cfcfdd2062f4f04473dbb87a
evidence/hardware/p7/authorized_sequence/p7_20260711_stationary_app_r6/004_p7_p6_frame_regression_m3/p7_shutdown_before.stderr.log,0,e3b0c44298fc1c149afbf4c8996fb92427ae41e4649b934ca495991b7852b855
evidence/hardware/p7/authorized_sequence/p7_20260711_stationary_app_r6/004_p7_p6_frame_regression_m3/p7_shutdown_before.stdout.log,30060,c33b32bb9c6b6a8d1a08d5083524b3cff45647d1654eaf85386e3b09b388dde4
evidence/hardware/p7/authorized_sequence/p7_20260711_stationary_app_r6/004_p7_p6_frame_regression_m3/p7_shutdown_before_result.txt,475,c55a4211ff667cbfea8bedbb4ad4ab2b248c2e80cfcfdd2062f4f04473dbb87a
evidence/hardware/p7/authorized_sequence/p7_20260711_stationary_app_r6/005_p7_fragment_boundary_0_l0/p7_jtag_axi_raw_result.txt,2365,24fb167f2f12bc0470ccab00e769827d51794b2d300b0b72c12dbd315bd23f2c
evidence/hardware/p7/authorized_sequence/p7_20260711_stationary_app_r6/005_p7_fragment_boundary_0_l0/p7_jtag_axi_stage.stderr.log,0,e3b0c44298fc1c149afbf4c8996fb92427ae41e4649b934ca495991b7852b855
evidence/hardware/p7/authorized_sequence/p7_20260711_stationary_app_r6/005_p7_fragment_boundary_0_l0/p7_jtag_axi_stage.stdout.log,34272,9c3b5cf9eb250accc87f18b1d2a6020874c1f0687160e8e94c8f5d62a014d8d8
evidence/hardware/p7/authorized_sequence/p7_20260711_stationary_app_r6/005_p7_fragment_boundary_0_l0/p7_jtag_axi_stage_events.jsonl,1236,f96981ae5dc8e8a27beacf49f3b776762a458fdf0b6ddf49ace8c49c44cefc09
evidence/hardware/p7/authorized_sequence/p7_20260711_stationary_app_r6/005_p7_fragment_boundary_0_l0/p7_jtag_axi_stage_summary.json,79324,fe7085836861560bcdb7cdd76d25ac84a329307b3feb3aff81edbe9cd92b404e
evidence/hardware/p7/authorized_sequence/p7_20260711_stationary_app_r6/005_p7_fragment_boundary_0_l0/p7_jtag_backend_parse_summary.json,4427,139909b603a9012d304800d99fa986a3d5911969bcb64bca04110519bc6e275d
evidence/hardware/p7/authorized_sequence/p7_20260711_stationary_app_r6/005_p7_fragment_boundary_0_l0/p7_jtag_reassembled_output.bin,0,e3b0c44298fc1c149afbf4c8996fb92427ae41e4649b934ca495991b7852b855
evidence/hardware/p7/authorized_sequence/p7_20260711_stationary_app_r6/005_p7_fragment_boundary_0_l0/p7_preflight.stderr.log,0,e3b0c44298fc1c149afbf4c8996fb92427ae41e4649b934ca495991b7852b855
evidence/hardware/p7/authorized_sequence/p7_20260711_stationary_app_r6/005_p7_fragment_boundary_0_l0/p7_preflight.stdout.log,9843,ef1316ac480f6a9a8aaca7706b13a7f8015b1281014492dfd3208aad971943d0
evidence/hardware/p7/authorized_sequence/p7_20260711_stationary_app_r6/005_p7_fragment_boundary_0_l0/p7_preflight_result.txt,512,b9c7b51d551d7f0a98f48b8493aed82542ccd9993966f478228e655b31ebbe84
evidence/hardware/p7/authorized_sequence/p7_20260711_stationary_app_r6/005_p7_fragment_boundary_0_l0/p7_shutdown_after.stderr.log,0,e3b0c44298fc1c149afbf4c8996fb92427ae41e4649b934ca495991b7852b855
evidence/hardware/p7/authorized_sequence/p7_20260711_stationary_app_r6/005_p7_fragment_boundary_0_l0/p7_shutdown_after.stdout.log,30060,31e708c14b4f18f52948688b7fb72802583dd3b8c641f10859b807b36cbeddc1
evidence/hardware/p7/authorized_sequence/p7_20260711_stationary_app_r6/005_p7_fragment_boundary_0_l0/p7_shutdown_after_result.txt,475,c55a4211ff667cbfea8bedbb4ad4ab2b248c2e80cfcfdd2062f4f04473dbb87a
evidence/hardware/p7/authorized_sequence/p7_20260711_stationary_app_r6/005_p7_fragment_boundary_0_l0/p7_shutdown_before.stderr.log,0,e3b0c44298fc1c149afbf4c8996fb92427ae41e4649b934ca495991b7852b855
evidence/hardware/p7/authorized_sequence/p7_20260711_stationary_app_r6/005_p7_fragment_boundary_0_l0/p7_shutdown_before.stdout.log,30060,5587e2a6deef6296fc4dfa9dc291d00a931b7e2ad68eb8881bc9a144fc165db0
evidence/hardware/p7/authorized_sequence/p7_20260711_stationary_app_r6/005_p7_fragment_boundary_0_l0/p7_shutdown_before_result.txt,475,c55a4211ff667cbfea8bedbb4ad4ab2b248c2e80cfcfdd2062f4f04473dbb87a
evidence/hardware/p7/authorized_sequence/p7_20260711_stationary_app_r6/006_p7_fragment_boundary_0_l1/p7_jtag_axi_raw_result.txt,2365,69add6110cdd4a50f5a9ed05272bb36189d506e64b095a47cb4b83dd42696746
evidence/hardware/p7/authorized_sequence/p7_20260711_stationary_app_r6/006_p7_fragment_boundary_0_l1/p7_jtag_axi_stage.stderr.log,0,e3b0c44298fc1c149afbf4c8996fb92427ae41e4649b934ca495991b7852b855
evidence/hardware/p7/authorized_sequence/p7_20260711_stationary_app_r6/006_p7_fragment_boundary_0_l1/p7_jtag_axi_stage.stdout.log,34272,00a92c10c5fc7d8b49a3baff901094e2f5ca560a4af3c9634cf935ab157209ee
evidence/hardware/p7/authorized_sequence/p7_20260711_stationary_app_r6/006_p7_fragment_boundary_0_l1/p7_jtag_axi_stage_events.jsonl,1236,cbf1996a17acbf06600b2308ce36b005e381a724451d8e7031b9bc82c9464937
evidence/hardware/p7/authorized_sequence/p7_20260711_stationary_app_r6/006_p7_fragment_boundary_0_l1/p7_jtag_axi_stage_summary.json,79470,34b0881a674bffa3bd25c463ad393c3d05ec8d72620749c4b948d7a9ff1bbe25
evidence/hardware/p7/authorized_sequence/p7_20260711_stationary_app_r6/006_p7_fragment_boundary_0_l1/p7_jtag_backend_parse_summary.json,4427,79b310e1b962a7b1ed58e813e0d90c81b189447abba7c86c01150780053f3998
evidence/hardware/p7/authorized_sequence/p7_20260711_stationary_app_r6/006_p7_fragment_boundary_0_l1/p7_jtag_reassembled_output.bin,0,e3b0c44298fc1c149afbf4c8996fb92427ae41e4649b934ca495991b7852b855
evidence/hardware/p7/authorized_sequence/p7_20260711_stationary_app_r6/006_p7_fragment_boundary_0_l1/p7_preflight.stderr.log,0,e3b0c44298fc1c149afbf4c8996fb92427ae41e4649b934ca495991b7852b855
evidence/hardware/p7/authorized_sequence/p7_20260711_stationary_app_r6/006_p7_fragment_boundary_0_l1/p7_preflight.stdout.log,9843,1dda75dc60f01ea1ae3d030ac071a41e26ef63ba7c705f228980afe6268006a1
evidence/hardware/p7/authorized_sequence/p7_20260711_stationary_app_r6/006_p7_fragment_boundary_0_l1/p7_preflight_result.txt,512,b9c7b51d551d7f0a98f48b8493aed82542ccd9993966f478228e655b31ebbe84
evidence/hardware/p7/authorized_sequence/p7_20260711_stationary_app_r6/006_p7_fragment_boundary_0_l1/p7_shutdown_after.stderr.log,0,e3b0c44298fc1c149afbf4c8996fb92427ae41e4649b934ca495991b7852b855
evidence/hardware/p7/authorized_sequence/p7_20260711_stationary_app_r6/006_p7_fragment_boundary_0_l1/p7_shutdown_after.stdout.log,30060,256c19ff877071fca5ac0f4aae04cf8c1ea67e37e96b82b95caef9c9681cdbd5
evidence/hardware/p7/authorized_sequence/p7_20260711_stationary_app_r6/006_p7_fragment_boundary_0_l1/p7_shutdown_after_result.txt,475,c55a4211ff667cbfea8bedbb4ad4ab2b248c2e80cfcfdd2062f4f04473dbb87a
evidence/hardware/p7/authorized_sequence/p7_20260711_stationary_app_r6/006_p7_fragment_boundary_0_l1/p7_shutdown_before.stderr.log,0,e3b0c44298fc1c149afbf4c8996fb92427ae41e4649b934ca495991b7852b855
evidence/hardware/p7/authorized_sequence/p7_20260711_stationary_app_r6/006_p7_fragment_boundary_0_l1/p7_shutdown_before.stdout.log,30060,edb72eaea96595fa701372afa8d9fe0b4cc898b641fe6f7b7092d16dd1c7d07d
evidence/hardware/p7/authorized_sequence/p7_20260711_stationary_app_r6/006_p7_fragment_boundary_0_l1/p7_shutdown_before_result.txt,475,c55a4211ff667cbfea8bedbb4ad4ab2b248c2e80cfcfdd2062f4f04473dbb87a
evidence/hardware/p7/authorized_sequence/p7_20260711_stationary_app_r6/007_p7_fragment_boundary_0_rr/p7_jtag_axi_raw_result.txt,2373,c463d0f8965dcd604b382d9fd699cd4729805c0794d3b4247ad79cdd56535609
evidence/hardware/p7/authorized_sequence/p7_20260711_stationary_app_r6/007_p7_fragment_boundary_0_rr/p7_jtag_axi_stage.stderr.log,0,e3b0c44298fc1c149afbf4c8996fb92427ae41e4649b934ca495991b7852b855
evidence/hardware/p7/authorized_sequence/p7_20260711_stationary_app_r6/007_p7_fragment_boundary_0_rr/p7_jtag_axi_stage.stdout.log,34272,4c870fe3bc2c09ef08845025deb96e6cf57ec36aa74622c699052846a1b025e4
evidence/hardware/p7/authorized_sequence/p7_20260711_stationary_app_r6/007_p7_fragment_boundary_0_rr/p7_jtag_axi_stage_events.jsonl,1236,e3bf37971c917137eaea33e002c1c0bbde1fffc9f5360a538751020fd75c9e2e
evidence/hardware/p7/authorized_sequence/p7_20260711_stationary_app_r6/007_p7_fragment_boundary_0_rr/p7_jtag_axi_stage_summary.json,79427,9c1eca34d593ca9ae935cad0af9b98725032d43e1d9cee3a46b74d86a99e422e
evidence/hardware/p7/authorized_sequence/p7_20260711_stationary_app_r6/007_p7_fragment_boundary_0_rr/p7_jtag_backend_parse_summary.json,4435,47d8683662db647fe75eb6cdfe8d2de66abcefbefc623c1d079fea318879028a
evidence/hardware/p7/authorized_sequence/p7_20260711_stationary_app_r6/007_p7_fragment_boundary_0_rr/p7_jtag_reassembled_output.bin,0,e3b0c44298fc1c149afbf4c8996fb92427ae41e4649b934ca495991b7852b855
evidence/hardware/p7/authorized_sequence/p7_20260711_stationary_app_r6/007_p7_fragment_boundary_0_rr/p7_preflight.stderr.log,0,e3b0c44298fc1c149afbf4c8996fb92427ae41e4649b934ca495991b7852b855
evidence/hardware/p7/authorized_sequence/p7_20260711_stationary_app_r6/007_p7_fragment_boundary_0_rr/p7_preflight.stdout.log,9843,8d465c487e399a81dc41f1883044643bbb21b5f8f4dcd68db0aaa68aef41a269
evidence/hardware/p7/authorized_sequence/p7_20260711_stationary_app_r6/007_p7_fragment_boundary_0_rr/p7_preflight_result.txt,512,b9c7b51d551d7f0a98f48b8493aed82542ccd9993966f478228e655b31ebbe84
evidence/hardware/p7/authorized_sequence/p7_20260711_stationary_app_r6/007_p7_fragment_boundary_0_rr/p7_shutdown_after.stderr.log,0,e3b0c44298fc1c149afbf4c8996fb92427ae41e4649b934ca495991b7852b855
evidence/hardware/p7/authorized_sequence/p7_20260711_stationary_app_r6/007_p7_fragment_boundary_0_rr/p7_shutdown_after.stdout.log,30060,bb4d532c97b553f3be1b716efa0de7906dc901aadfcabe6d52aeb7dee3951d2b
evidence/hardware/p7/authorized_sequence/p7_20260711_stationary_app_r6/007_p7_fragment_boundary_0_rr/p7_shutdown_after_result.txt,475,c55a4211ff667cbfea8bedbb4ad4ab2b248c2e80cfcfdd2062f4f04473dbb87a
evidence/hardware/p7/authorized_sequence/p7_20260711_stationary_app_r6/007_p7_fragment_boundary_0_rr/p7_shutdown_before.stderr.log,0,e3b0c44298fc1c149afbf4c8996fb92427ae41e4649b934ca495991b7852b855
evidence/hardware/p7/authorized_sequence/p7_20260711_stationary_app_r6/007_p7_fragment_boundary_0_rr/p7_shutdown_before.stdout.log,30060,aa223a88507d6837f37247ee942c7039d0901af7724b781588ff5a4eb61db11c
evidence/hardware/p7/authorized_sequence/p7_20260711_stationary_app_r6/007_p7_fragment_boundary_0_rr/p7_shutdown_before_result.txt,475,c55a4211ff667cbfea8bedbb4ad4ab2b248c2e80cfcfdd2062f4f04473dbb87a
evidence/hardware/p7/authorized_sequence/p7_20260711_stationary_app_r6/008_p7_fragment_boundary_0_rep3/p7_jtag_axi_raw_result.txt,2368,ee7fcdba0ddc894bf01c1f26f7832743a5fe43f9b5c3508bf66d01522a0a825e
evidence/hardware/p7/authorized_sequence/p7_20260711_stationary_app_r6/008_p7_fragment_boundary_0_rep3/p7_jtag_axi_stage.stderr.log,0,e3b0c44298fc1c149afbf4c8996fb92427ae41e4649b934ca495991b7852b855
evidence/hardware/p7/authorized_sequence/p7_20260711_stationary_app_r6/008_p7_fragment_boundary_0_rep3/p7_jtag_axi_stage.stdout.log,34272,306d5776163efaffad926a63312ec1cf10e9f2d686971c4699d9a9e410ab913e
evidence/hardware/p7/authorized_sequence/p7_20260711_stationary_app_r6/008_p7_fragment_boundary_0_rep3/p7_jtag_axi_stage_events.jsonl,1238,2e425b8a204d0bfbb386b2940396700019e6e0b7e8a27fe8bc3a6590b9376210
evidence/hardware/p7/authorized_sequence/p7_20260711_stationary_app_r6/008_p7_fragment_boundary_0_rep3/p7_jtag_axi_stage_summary.json,79493,fbb7f7a399b420887e64f175b86b12fae98de46bf404cf50810213988364b8df
evidence/hardware/p7/authorized_sequence/p7_20260711_stationary_app_r6/008_p7_fragment_boundary_0_rep3/p7_jtag_backend_parse_summary.json,4438,2ee265edac78965549629b0bd85a33d9507e26e4779d4ed988097f4c409c7f6d
evidence/hardware/p7/authorized_sequence/p7_20260711_stationary_app_r6/008_p7_fragment_boundary_0_rep3/p7_jtag_reassembled_output.bin,0,e3b0c44298fc1c149afbf4c8996fb92427ae41e4649b934ca495991b7852b855
evidence/hardware/p7/authorized_sequence/p7_20260711_stationary_app_r6/008_p7_fragment_boundary_0_rep3/p7_preflight.stderr.log,0,e3b0c44298fc1c149afbf4c8996fb92427ae41e4649b934ca495991b7852b855
evidence/hardware/p7/authorized_sequence/p7_20260711_stationary_app_r6/008_p7_fragment_boundary_0_rep3/p7_preflight.stdout.log,9843,b5739f895d104e800abf28e979f86227c943575d5900a2c0b179a704cd5f1867
evidence/hardware/p7/authorized_sequence/p7_20260711_stationary_app_r6/008_p7_fragment_boundary_0_rep3/p7_preflight_result.txt,512,b9c7b51d551d7f0a98f48b8493aed82542ccd9993966f478228e655b31ebbe84
evidence/hardware/p7/authorized_sequence/p7_20260711_stationary_app_r6/008_p7_fragment_boundary_0_rep3/p7_shutdown_after.stderr.log,0,e3b0c44298fc1c149afbf4c8996fb92427ae41e4649b934ca495991b7852b855
evidence/hardware/p7/authorized_sequence/p7_20260711_stationary_app_r6/008_p7_fragment_boundary_0_rep3/p7_shutdown_after.stdout.log,30060,9bf38d03e1ff7759ffd75d4ef03d0b306af29c6abcdaa357160463ee7ad82362
evidence/hardware/p7/authorized_sequence/p7_20260711_stationary_app_r6/008_p7_fragment_boundary_0_rep3/p7_shutdown_after_result.txt,475,c55a4211ff667cbfea8bedbb4ad4ab2b248c2e80cfcfdd2062f4f04473dbb87a
evidence/hardware/p7/authorized_sequence/p7_20260711_stationary_app_r6/008_p7_fragment_boundary_0_rep3/p7_shutdown_before.stderr.log,0,e3b0c44298fc1c149afbf4c8996fb92427ae41e4649b934ca495991b7852b855
evidence/hardware/p7/authorized_sequence/p7_20260711_stationary_app_r6/008_p7_fragment_boundary_0_rep3/p7_shutdown_before.stdout.log,30060,7cfb570de43b3f9a28af681cb284126bfe8599cf2bb3b08429a9e186c3bbd2b5
evidence/hardware/p7/authorized_sequence/p7_20260711_stationary_app_r6/008_p7_fragment_boundary_0_rep3/p7_shutdown_before_result.txt,475,c55a4211ff667cbfea8bedbb4ad4ab2b248c2e80cfcfdd2062f4f04473dbb87a
evidence/hardware/p7/authorized_sequence/p7_20260711_stationary_app_r6/009_p7_fragment_boundary_1_l0/p7_jtag_axi_raw_result.txt,2417,0691fbc79530f6e66c374bcad15bcc3d2d91b274e8e43e29e6a5b693dac33bcc
evidence/hardware/p7/authorized_sequence/p7_20260711_stationary_app_r6/009_p7_fragment_boundary_1_l0/p7_jtag_axi_stage.stderr.log,0,e3b0c44298fc1c149afbf4c8996fb92427ae41e4649b934ca495991b7852b855
evidence/hardware/p7/authorized_sequence/p7_20260711_stationary_app_r6/009_p7_fragment_boundary_1_l0/p7_jtag_axi_stage.stdout.log,34428,7f8992f24fcda97bf1cc8fca3c12af82a863a3d758ccbb4dfdf11111468688b7
evidence/hardware/p7/authorized_sequence/p7_20260711_stationary_app_r6/009_p7_fragment_boundary_1_l0/p7_jtag_axi_stage_events.jsonl,1236,5409e94c36c8d83584be81eabc7bf20a5802841aede748902bdf9394f0cb393c
evidence/hardware/p7/authorized_sequence/p7_20260711_stationary_app_r6/009_p7_fragment_boundary_1_l0/p7_jtag_axi_stage_summary.json,79494,f04c61a35605b4baee5cc9015a8bb0ba3f000a78a34010eb3f7020680ef810f8
evidence/hardware/p7/authorized_sequence/p7_20260711_stationary_app_r6/009_p7_fragment_boundary_1_l0/p7_jtag_backend_parse_summary.json,4445,2f4a0f1d14931997fa41e491bce86547f23fc83a3b0a7aa7d826303874d6f979
evidence/hardware/p7/authorized_sequence/p7_20260711_stationary_app_r6/009_p7_fragment_boundary_1_l0/p7_jtag_reassembled_output.bin,1,6e340b9cffb37a989ca544e6bb780a2c78901d3fb33738768511a30617afa01d
evidence/hardware/p7/authorized_sequence/p7_20260711_stationary_app_r6/009_p7_fragment_boundary_1_l0/p7_preflight.stderr.log,0,e3b0c44298fc1c149afbf4c8996fb92427ae41e4649b934ca495991b7852b855
evidence/hardware/p7/authorized_sequence/p7_20260711_stationary_app_r6/009_p7_fragment_boundary_1_l0/p7_preflight.stdout.log,9843,4d847af7d30878755d3182ff5651fc78c0c44b3f30fa917d4dd21a4d96588af4
evidence/hardware/p7/authorized_sequence/p7_20260711_stationary_app_r6/009_p7_fragment_boundary_1_l0/p7_preflight_result.txt,512,b9c7b51d551d7f0a98f48b8493aed82542ccd9993966f478228e655b31ebbe84
evidence/hardware/p7/authorized_sequence/p7_20260711_stationary_app_r6/009_p7_fragment_boundary_1_l0/p7_shutdown_after.stderr.log,0,e3b0c44298fc1c149afbf4c8996fb92427ae41e4649b934ca495991b7852b855
evidence/hardware/p7/authorized_sequence/p7_20260711_stationary_app_r6/009_p7_fragment_boundary_1_l0/p7_shutdown_after.stdout.log,30060,451cbed612cdbbd12a1edf9bb6736e897c85078bf92103fbd08f777e4557c34e
evidence/hardware/p7/authorized_sequence/p7_20260711_stationary_app_r6/009_p7_fragment_boundary_1_l0/p7_shutdown_after_result.txt,475,c55a4211ff667cbfea8bedbb4ad4ab2b248c2e80cfcfdd2062f4f04473dbb87a
evidence/hardware/p7/authorized_sequence/p7_20260711_stationary_app_r6/009_p7_fragment_boundary_1_l0/p7_shutdown_before.stderr.log,0,e3b0c44298fc1c149afbf4c8996fb92427ae41e4649b934ca495991b7852b855
evidence/hardware/p7/authorized_sequence/p7_20260711_stationary_app_r6/009_p7_fragment_boundary_1_l0/p7_shutdown_before.stdout.log,30060,80439f766a7992232833eade790277aaeb422870f42dbc0cfe817da6928d5bac
evidence/hardware/p7/authorized_sequence/p7_20260711_stationary_app_r6/009_p7_fragment_boundary_1_l0/p7_shutdown_before_result.txt,475,c55a4211ff667cbfea8bedbb4ad4ab2b248c2e80cfcfdd2062f4f04473dbb87a
evidence/hardware/p7/authorized_sequence/p7_20260711_stationary_app_r6/010_p7_fragment_boundary_1_l1/p7_jtag_axi_raw_result.txt,2417,9377f5d3ded7bcfe84ba355bcbe9f65b125468d4b3d1ea41220eebede1b238e5
evidence/hardware/p7/authorized_sequence/p7_20260711_stationary_app_r6/010_p7_fragment_boundary_1_l1/p7_jtag_axi_stage.stderr.log,0,e3b0c44298fc1c149afbf4c8996fb92427ae41e4649b934ca495991b7852b855
evidence/hardware/p7/authorized_sequence/p7_20260711_stationary_app_r6/010_p7_fragment_boundary_1_l1/p7_jtag_axi_stage.stdout.log,34428,294e43554f95d6f429a29c059888aa728a626b963d79a0430e09a8c8ebdf7f31
evidence/hardware/p7/authorized_sequence/p7_20260711_stationary_app_r6/010_p7_fragment_boundary_1_l1/p7_jtag_axi_stage_events.jsonl,1236,5c4626782ed695a733927299592851809613c1294c308e3c4f1b82038c77d26a
evidence/hardware/p7/authorized_sequence/p7_20260711_stationary_app_r6/010_p7_fragment_boundary_1_l1/p7_jtag_axi_stage_summary.json,80258,9603875518f5205b474fcf3f120ad7c4f57ed0a69a5b9d1c308357abc080db7c
evidence/hardware/p7/authorized_sequence/p7_20260711_stationary_app_r6/010_p7_fragment_boundary_1_l1/p7_jtag_backend_parse_summary.json,4445,396431704f8a513be38d44ad78885e9c46ac52a0e9c6edb8546576e36f961a29
evidence/hardware/p7/authorized_sequence/p7_20260711_stationary_app_r6/010_p7_fragment_boundary_1_l1/p7_jtag_reassembled_output.bin,1,6e340b9cffb37a989ca544e6bb780a2c78901d3fb33738768511a30617afa01d
evidence/hardware/p7/authorized_sequence/p7_20260711_stationary_app_r6/010_p7_fragment_boundary_1_l1/p7_preflight.stderr.log,0,e3b0c44298fc1c149afbf4c8996fb92427ae41e4649b934ca495991b7852b855
evidence/hardware/p7/authorized_sequence/p7_20260711_stationary_app_r6/010_p7_fragment_boundary_1_l1/p7_preflight.stdout.log,9843,7a3f70fabee0b5dd94e6092b170503fe16cb9c99a25ca40aea788967da7f316f
evidence/hardware/p7/authorized_sequence/p7_20260711_stationary_app_r6/010_p7_fragment_boundary_1_l1/p7_preflight_result.txt,512,b9c7b51d551d7f0a98f48b8493aed82542ccd9993966f478228e655b31ebbe84
evidence/hardware/p7/authorized_sequence/p7_20260711_stationary_app_r6/010_p7_fragment_boundary_1_l1/p7_shutdown_after.stderr.log,0,e3b0c44298fc1c149afbf4c8996fb92427ae41e4649b934ca495991b7852b855
evidence/hardware/p7/authorized_sequence/p7_20260711_stationary_app_r6/010_p7_fragment_boundary_1_l1/p7_shutdown_after.stdout.log,30060,391077216793a5e92552cfd4c182d497ba40d70cebc35f4bb0315102952faf38
evidence/hardware/p7/authorized_sequence/p7_20260711_stationary_app_r6/010_p7_fragment_boundary_1_l1/p7_shutdown_after_result.txt,475,c55a4211ff667cbfea8bedbb4ad4ab2b248c2e80cfcfdd2062f4f04473dbb87a
evidence/hardware/p7/authorized_sequence/p7_20260711_stationary_app_r6/010_p7_fragment_boundary_1_l1/p7_shutdown_before.stderr.log,0,e3b0c44298fc1c149afbf4c8996fb92427ae41e4649b934ca495991b7852b855
evidence/hardware/p7/authorized_sequence/p7_20260711_stationary_app_r6/010_p7_fragment_boundary_1_l1/p7_shutdown_before.stdout.log,30060,88e104d8a5ce6e310f7aa903dc9a4d1252869f6c3ebb4b0557f4b171762ccc34
evidence/hardware/p7/authorized_sequence/p7_20260711_stationary_app_r6/010_p7_fragment_boundary_1_l1/p7_shutdown_before_result.txt,475,c55a4211ff667cbfea8bedbb4ad4ab2b248c2e80cfcfdd2062f4f04473dbb87a
evidence/hardware/p7/authorized_sequence/p7_20260711_stationary_app_r6/011_p7_fragment_boundary_1_rr/p7_jtag_axi_raw_result.txt,2425,188ea28b4ad9026f6b6d1b0c0255c6af7cb27ddd81a7ab1c8b6a5835c74976f2
evidence/hardware/p7/authorized_sequence/p7_20260711_stationary_app_r6/011_p7_fragment_boundary_1_rr/p7_jtag_axi_stage.stderr.log,0,e3b0c44298fc1c149afbf4c8996fb92427ae41e4649b934ca495991b7852b855
evidence/hardware/p7/authorized_sequence/p7_20260711_stationary_app_r6/011_p7_fragment_boundary_1_rr/p7_jtag_axi_stage.stdout.log,34428,8b08033709275fd37c2c49ee47578017b77daccc3d743b42bc401c9c6ddb799d
evidence/hardware/p7/authorized_sequence/p7_20260711_stationary_app_r6/011_p7_fragment_boundary_1_rr/p7_jtag_axi_stage_events.jsonl,1236,2b88d0a39d44a69d0cf2cfc96854b36b00727c0f86e1c562e38c295f157b4e6b
evidence/hardware/p7/authorized_sequence/p7_20260711_stationary_app_r6/011_p7_fragment_boundary_1_rr/p7_jtag_axi_stage_summary.json,80392,dc1aee0a749515966a5298a55589071a25ac94d2532449169c5ece3bf361b9be
evidence/hardware/p7/authorized_sequence/p7_20260711_stationary_app_r6/011_p7_fragment_boundary_1_rr/p7_jtag_backend_parse_summary.json,4453,75cd9eefdf57be34a2e47134344c2c4eefe723b29e664f54a599fae7bdc82199
evidence/hardware/p7/authorized_sequence/p7_20260711_stationary_app_r6/011_p7_fragment_boundary_1_rr/p7_jtag_reassembled_output.bin,1,6e340b9cffb37a989ca544e6bb780a2c78901d3fb33738768511a30617afa01d
evidence/hardware/p7/authorized_sequence/p7_20260711_stationary_app_r6/011_p7_fragment_boundary_1_rr/p7_preflight.stderr.log,0,e3b0c44298fc1c149afbf4c8996fb92427ae41e4649b934ca495991b7852b855
evidence/hardware/p7/authorized_sequence/p7_20260711_stationary_app_r6/011_p7_fragment_boundary_1_rr/p7_preflight.stdout.log,9843,ee6e60a8fff176bf3ca090d6ac7e7186e9e9d6cb662f2d47a677b70b90e2141e
evidence/hardware/p7/authorized_sequence/p7_20260711_stationary_app_r6/011_p7_fragment_boundary_1_rr/p7_preflight_result.txt,512,b9c7b51d551d7f0a98f48b8493aed82542ccd9993966f478228e655b31ebbe84
evidence/hardware/p7/authorized_sequence/p7_20260711_stationary_app_r6/011_p7_fragment_boundary_1_rr/p7_shutdown_after.stderr.log,0,e3b0c44298fc1c149afbf4c8996fb92427ae41e4649b934ca495991b7852b855
evidence/hardware/p7/authorized_sequence/p7_20260711_stationary_app_r6/011_p7_fragment_boundary_1_rr/p7_shutdown_after.stdout.log,30060,f9873bfb366a878b3e306c658c74ddeb5164ca75205b3b021c828d9ef0d63aaf
evidence/hardware/p7/authorized_sequence/p7_20260711_stationary_app_r6/011_p7_fragment_boundary_1_rr/p7_shutdown_after_result.txt,475,c55a4211ff667cbfea8bedbb4ad4ab2b248c2e80cfcfdd2062f4f04473dbb87a
evidence/hardware/p7/authorized_sequence/p7_20260711_stationary_app_r6/011_p7_fragment_boundary_1_rr/p7_shutdown_before.stderr.log,0,e3b0c44298fc1c149afbf4c8996fb92427ae41e4649b934ca495991b7852b855
evidence/hardware/p7/authorized_sequence/p7_20260711_stationary_app_r6/011_p7_fragment_boundary_1_rr/p7_shutdown_before.stdout.log,30060,00ae969316b002403aaa32dce3a08dca307dd820c4e1a123a7780ec656455088
evidence/hardware/p7/authorized_sequence/p7_20260711_stationary_app_r6/011_p7_fragment_boundary_1_rr/p7_shutdown_before_result.txt,475,c55a4211ff667cbfea8bedbb4ad4ab2b248c2e80cfcfdd2062f4f04473dbb87a
evidence/hardware/p7/authorized_sequence/p7_20260711_stationary_app_r6/012_p7_fragment_boundary_1_rep3/p7_jtag_axi_raw_result.txt,2420,7097ee48b508ac69792fc94bec341c485aefe08eb54371f6a7193d9d57a285a0
evidence/hardware/p7/authorized_sequence/p7_20260711_stationary_app_r6/012_p7_fragment_boundary_1_rep3/p7_jtag_axi_stage.stderr.log,0,e3b0c44298fc1c149afbf4c8996fb92427ae41e4649b934ca495991b7852b855
evidence/hardware/p7/authorized_sequence/p7_20260711_stationary_app_r6/012_p7_fragment_boundary_1_rep3/p7_jtag_axi_stage.stdout.log,34428,9a353c3126ad34fa3cf1b917ca433fb07615cface67e862c0c6063e846cc5190
evidence/hardware/p7/authorized_sequence/p7_20260711_stationary_app_r6/012_p7_fragment_boundary_1_rep3/p7_jtag_axi_stage_events.jsonl,1238,3830935d4c98db9b35f0dd0e021be2f1a191e723b8a6850ed05b9160a005b69c
evidence/hardware/p7/authorized_sequence/p7_20260711_stationary_app_r6/012_p7_fragment_boundary_1_rep3/p7_jtag_axi_stage_summary.json,79826,b043b3ea7124983825d0e677ea5af77546a7397672552c30bfe9373f2b912008
evidence/hardware/p7/authorized_sequence/p7_20260711_stationary_app_r6/012_p7_fragment_boundary_1_rep3/p7_jtag_backend_parse_summary.json,4456,ee822143a96fb5dde31dd5da224cedea60bc5c4fe7aea5874f84dccd5cdfa81c
evidence/hardware/p7/authorized_sequence/p7_20260711_stationary_app_r6/012_p7_fragment_boundary_1_rep3/p7_jtag_reassembled_output.bin,1,6e340b9cffb37a989ca544e6bb780a2c78901d3fb33738768511a30617afa01d
evidence/hardware/p7/authorized_sequence/p7_20260711_stationary_app_r6/012_p7_fragment_boundary_1_rep3/p7_preflight.stderr.log,0,e3b0c44298fc1c149afbf4c8996fb92427ae41e4649b934ca495991b7852b855
evidence/hardware/p7/authorized_sequence/p7_20260711_stationary_app_r6/012_p7_fragment_boundary_1_rep3/p7_preflight.stdout.log,9843,748ed58e9c81768dac421ec3af6df4952a0e94e4fac75be14df49f6669a15aca
evidence/hardware/p7/authorized_sequence/p7_20260711_stationary_app_r6/012_p7_fragment_boundary_1_rep3/p7_preflight_result.txt,512,b9c7b51d551d7f0a98f48b8493aed82542ccd9993966f478228e655b31ebbe84
evidence/hardware/p7/authorized_sequence/p7_20260711_stationary_app_r6/012_p7_fragment_boundary_1_rep3/p7_shutdown_after.stderr.log,0,e3b0c44298fc1c149afbf4c8996fb92427ae41e4649b934ca495991b7852b855
evidence/hardware/p7/authorized_sequence/p7_20260711_stationary_app_r6/012_p7_fragment_boundary_1_rep3/p7_shutdown_after.stdout.log,30060,316443d049f739b4e8dfa9ebb5e11389ac990bc0b5cf04705c97688895fc70b5
evidence/hardware/p7/authorized_sequence/p7_20260711_stationary_app_r6/012_p7_fragment_boundary_1_rep3/p7_shutdown_after_result.txt,475,c55a4211ff667cbfea8bedbb4ad4ab2b248c2e80cfcfdd2062f4f04473dbb87a
evidence/hardware/p7/authorized_sequence/p7_20260711_stationary_app_r6/012_p7_fragment_boundary_1_rep3/p7_shutdown_before.stderr.log,0,e3b0c44298fc1c149afbf4c8996fb92427ae41e4649b934ca495991b7852b855
evidence/hardware/p7/authorized_sequence/p7_20260711_stationary_app_r6/012_p7_fragment_boundary_1_rep3/p7_shutdown_before.stdout.log,30060,fb0b23edb590ddc5140474a4c6c405025b850a2535d7ab597695b706ff392c7c
evidence/hardware/p7/authorized_sequence/p7_20260711_stationary_app_r6/012_p7_fragment_boundary_1_rep3/p7_shutdown_before_result.txt,475,c55a4211ff667cbfea8bedbb4ad4ab2b248c2e80cfcfdd2062f4f04473dbb87a
evidence/hardware/p7/authorized_sequence/p7_20260711_stationary_app_r6/013_p7_fragment_boundary_30_l0/p7_jtag_axi_raw_result.txt,2782,bde4036c45bb194ebdbca6e714c41e63a730a92e61467373ad22823333eae775
evidence/hardware/p7/authorized_sequence/p7_20260711_stationary_app_r6/013_p7_fragment_boundary_30_l0/p7_jtag_axi_stage.stderr.log,0,e3b0c44298fc1c149afbf4c8996fb92427ae41e4649b934ca495991b7852b855
evidence/hardware/p7/authorized_sequence/p7_20260711_stationary_app_r6/013_p7_fragment_boundary_30_l0/p7_jtag_axi_stage.stdout.log,35503,5ed712db08fcb54f96fb5b25580280e4698727e3ac668db1b8156690892dfe6e
evidence/hardware/p7/authorized_sequence/p7_20260711_stationary_app_r6/013_p7_fragment_boundary_30_l0/p7_jtag_axi_stage_events.jsonl,1237,ae95d340e30c22774fcee60db6b83d594e0947dd6385b63e3449b6e10f288f7b
evidence/hardware/p7/authorized_sequence/p7_20260711_stationary_app_r6/013_p7_fragment_boundary_30_l0/p7_jtag_axi_stage_summary.json,81071,09548fe9e84ad5c8cfd211f2830335c3f90c2b3999d086e0342b6c1904787b06
evidence/hardware/p7/authorized_sequence/p7_20260711_stationary_app_r6/013_p7_fragment_boundary_30_l0/p7_jtag_backend_parse_summary.json,4506,7d16ff66d983b413a1c2797a275f1d5e36648e7206ac2952227fbfc28cc87632
evidence/hardware/p7/authorized_sequence/p7_20260711_stationary_app_r6/013_p7_fragment_boundary_30_l0/p7_jtag_reassembled_output.bin,30,f2192584b67da35dfc26f743e5f53bb0376046f899dc6dabd5e7b541ae86c32f
evidence/hardware/p7/authorized_sequence/p7_20260711_stationary_app_r6/013_p7_fragment_boundary_30_l0/p7_preflight.stderr.log,0,e3b0c44298fc1c149afbf4c8996fb92427ae41e4649b934ca495991b7852b855
evidence/hardware/p7/authorized_sequence/p7_20260711_stationary_app_r6/013_p7_fragment_boundary_30_l0/p7_preflight.stdout.log,9843,5c5fea529b3f1e829979b1b9954fd57f2fe14bed10dab30bdeeb6b9ea7f1daea
evidence/hardware/p7/authorized_sequence/p7_20260711_stationary_app_r6/013_p7_fragment_boundary_30_l0/p7_preflight_result.txt,512,b9c7b51d551d7f0a98f48b8493aed82542ccd9993966f478228e655b31ebbe84
evidence/hardware/p7/authorized_sequence/p7_20260711_stationary_app_r6/013_p7_fragment_boundary_30_l0/p7_shutdown_after.stderr.log,0,e3b0c44298fc1c149afbf4c8996fb92427ae41e4649b934ca495991b7852b855
evidence/hardware/p7/authorized_sequence/p7_20260711_stationary_app_r6/013_p7_fragment_boundary_30_l0/p7_shutdown_after.stdout.log,30060,fe8eacb444a62419aab4465cae8df041c290f11168ff867b7a05be57ec026258
evidence/hardware/p7/authorized_sequence/p7_20260711_stationary_app_r6/013_p7_fragment_boundary_30_l0/p7_shutdown_after_result.txt,475,c55a4211ff667cbfea8bedbb4ad4ab2b248c2e80cfcfdd2062f4f04473dbb87a
evidence/hardware/p7/authorized_sequence/p7_20260711_stationary_app_r6/013_p7_fragment_boundary_30_l0/p7_shutdown_before.stderr.log,0,e3b0c44298fc1c149afbf4c8996fb92427ae41e4649b934ca495991b7852b855
evidence/hardware/p7/authorized_sequence/p7_20260711_stationary_app_r6/013_p7_fragment_boundary_30_l0/p7_shutdown_before.stdout.log,30060,b52af8a8151309664ea4463aa0e31203ad59dc1fa575c4969cadc33b88fa6451
evidence/hardware/p7/authorized_sequence/p7_20260711_stationary_app_r6/013_p7_fragment_boundary_30_l0/p7_shutdown_before_result.txt,475,c55a4211ff667cbfea8bedbb4ad4ab2b248c2e80cfcfdd2062f4f04473dbb87a
evidence/hardware/p7/authorized_sequence/p7_20260711_stationary_app_r6/014_p7_fragment_boundary_30_l1/p7_jtag_axi_raw_result.txt,2782,fe6506d3547aa4271f1c4d96768ea16f58764cc8377f15b70ac3ac0d9726cf07
evidence/hardware/p7/authorized_sequence/p7_20260711_stationary_app_r6/014_p7_fragment_boundary_30_l1/p7_jtag_axi_stage.stderr.log,0,e3b0c44298fc1c149afbf4c8996fb92427ae41e4649b934ca495991b7852b855
evidence/hardware/p7/authorized_sequence/p7_20260711_stationary_app_r6/014_p7_fragment_boundary_30_l1/p7_jtag_axi_stage.stdout.log,35503,0e1c7ffeb6fd83bd19d065e68eb10deb22a8c290ccb548ac73aaec64f8c2a664
evidence/hardware/p7/authorized_sequence/p7_20260711_stationary_app_r6/014_p7_fragment_boundary_30_l1/p7_jtag_axi_stage_events.jsonl,1237,92eb6e4573c92cbc9c07295ae14e36616c1a49ba382a5282dca950d1123c8b99
evidence/hardware/p7/authorized_sequence/p7_20260711_stationary_app_r6/014_p7_fragment_boundary_30_l1/p7_jtag_axi_stage_summary.json,81083,0b2658c6c225fbc77babfae536443807494af01282aba0ad0d057610836a64ff
evidence/hardware/p7/authorized_sequence/p7_20260711_stationary_app_r6/014_p7_fragment_boundary_30_l1/p7_jtag_backend_parse_summary.json,4507,d1f48d7d45466a1f1ff809b4bdcfa0d03c4d939cab009701285859476dc607d6
evidence/hardware/p7/authorized_sequence/p7_20260711_stationary_app_r6/014_p7_fragment_boundary_30_l1/p7_jtag_reassembled_output.bin,30,f2192584b67da35dfc26f743e5f53bb0376046f899dc6dabd5e7b541ae86c32f
evidence/hardware/p7/authorized_sequence/p7_20260711_stationary_app_r6/014_p7_fragment_boundary_30_l1/p7_preflight.stderr.log,0,e3b0c44298fc1c149afbf4c8996fb92427ae41e4649b934ca495991b7852b855
evidence/hardware/p7/authorized_sequence/p7_20260711_stationary_app_r6/014_p7_fragment_boundary_30_l1/p7_preflight.stdout.log,9843,8bb573b55ce9f91eba65a03755b18a8a49d20c0050c89fad36a0b55ceaf063cc
evidence/hardware/p7/authorized_sequence/p7_20260711_stationary_app_r6/014_p7_fragment_boundary_30_l1/p7_preflight_result.txt,512,b9c7b51d551d7f0a98f48b8493aed82542ccd9993966f478228e655b31ebbe84
evidence/hardware/p7/authorized_sequence/p7_20260711_stationary_app_r6/014_p7_fragment_boundary_30_l1/p7_shutdown_after.stderr.log,0,e3b0c44298fc1c149afbf4c8996fb92427ae41e4649b934ca495991b7852b855
evidence/hardware/p7/authorized_sequence/p7_20260711_stationary_app_r6/014_p7_fragment_boundary_30_l1/p7_shutdown_after.stdout.log,30060,b169f5c8a27d43039b3c557d48463d27f374ba0f2825b8b0ea56f0851336f381
evidence/hardware/p7/authorized_sequence/p7_20260711_stationary_app_r6/014_p7_fragment_boundary_30_l1/p7_shutdown_after_result.txt,475,c55a4211ff667cbfea8bedbb4ad4ab2b248c2e80cfcfdd2062f4f04473dbb87a
evidence/hardware/p7/authorized_sequence/p7_20260711_stationary_app_r6/014_p7_fragment_boundary_30_l1/p7_shutdown_before.stderr.log,0,e3b0c44298fc1c149afbf4c8996fb92427ae41e4649b934ca495991b7852b855
evidence/hardware/p7/authorized_sequence/p7_20260711_stationary_app_r6/014_p7_fragment_boundary_30_l1/p7_shutdown_before.stdout.log,30060,a0dea7db67f2002f08ab22578c0d23d1d38cfbae86a8ac9ffa0f78da1bc02d73
evidence/hardware/p7/authorized_sequence/p7_20260711_stationary_app_r6/014_p7_fragment_boundary_30_l1/p7_shutdown_before_result.txt,475,c55a4211ff667cbfea8bedbb4ad4ab2b248c2e80cfcfdd2062f4f04473dbb87a
evidence/hardware/p7/authorized_sequence/p7_20260711_stationary_app_r6/015_p7_fragment_boundary_30_rr/p7_jtag_axi_raw_result.txt,2790,3a58cf7c8e76022a2498737b088fdb367f73ce43e5b059748aa5903b8af08108
evidence/hardware/p7/authorized_sequence/p7_20260711_stationary_app_r6/015_p7_fragment_boundary_30_rr/p7_jtag_axi_stage.stderr.log,0,e3b0c44298fc1c149afbf4c8996fb92427ae41e4649b934ca495991b7852b855
evidence/hardware/p7/authorized_sequence/p7_20260711_stationary_app_r6/015_p7_fragment_boundary_30_rr/p7_jtag_axi_stage.stdout.log,35503,f0883d1592b95dce5fa64853388ec2b526a07f625b5a99b67fba219ea9070356
evidence/hardware/p7/authorized_sequence/p7_20260711_stationary_app_r6/015_p7_fragment_boundary_30_rr/p7_jtag_axi_stage_events.jsonl,1237,b57a7a424ca163faa63d3463baf414074748ae54fd5e238db222c38909da1ad9
evidence/hardware/p7/authorized_sequence/p7_20260711_stationary_app_r6/015_p7_fragment_boundary_30_rr/p7_jtag_axi_stage_summary.json,81166,0a5987860e747f2e1917d50b574a05fda501cb028b467b2867a2ff87cdf7455c
evidence/hardware/p7/authorized_sequence/p7_20260711_stationary_app_r6/015_p7_fragment_boundary_30_rr/p7_jtag_backend_parse_summary.json,4515,c98230d665aaa2db78edb42333139fce5b9e69cdce630f27d690a504ca60304b
evidence/hardware/p7/authorized_sequence/p7_20260711_stationary_app_r6/015_p7_fragment_boundary_30_rr/p7_jtag_reassembled_output.bin,30,f2192584b67da35dfc26f743e5f53bb0376046f899dc6dabd5e7b541ae86c32f
evidence/hardware/p7/authorized_sequence/p7_20260711_stationary_app_r6/015_p7_fragment_boundary_30_rr/p7_preflight.stderr.log,0,e3b0c44298fc1c149afbf4c8996fb92427ae41e4649b934ca495991b7852b855
evidence/hardware/p7/authorized_sequence/p7_20260711_stationary_app_r6/015_p7_fragment_boundary_30_rr/p7_preflight.stdout.log,9843,87a8da6a31805c86a91c9d80f226ac5fcaeb08c0836efe0a83b4f5e55f7b56c4
evidence/hardware/p7/authorized_sequence/p7_20260711_stationary_app_r6/015_p7_fragment_boundary_30_rr/p7_preflight_result.txt,512,b9c7b51d551d7f0a98f48b8493aed82542ccd9993966f478228e655b31ebbe84
evidence/hardware/p7/authorized_sequence/p7_20260711_stationary_app_r6/015_p7_fragment_boundary_30_rr/p7_shutdown_after.stderr.log,0,e3b0c44298fc1c149afbf4c8996fb92427ae41e4649b934ca495991b7852b855
evidence/hardware/p7/authorized_sequence/p7_20260711_stationary_app_r6/015_p7_fragment_boundary_30_rr/p7_shutdown_after.stdout.log,30060,8b69038de7325fc8d63037344b591b133295e48407988781061aeac85eecb428
evidence/hardware/p7/authorized_sequence/p7_20260711_stationary_app_r6/015_p7_fragment_boundary_30_rr/p7_shutdown_after_result.txt,475,c55a4211ff667cbfea8bedbb4ad4ab2b248c2e80cfcfdd2062f4f04473dbb87a
evidence/hardware/p7/authorized_sequence/p7_20260711_stationary_app_r6/015_p7_fragment_boundary_30_rr/p7_shutdown_before.stderr.log,0,e3b0c44298fc1c149afbf4c8996fb92427ae41e4649b934ca495991b7852b855
evidence/hardware/p7/authorized_sequence/p7_20260711_stationary_app_r6/015_p7_fragment_boundary_30_rr/p7_shutdown_before.stdout.log,30060,bc95050574674b8c787331eecc20ed519fdd253558368f89e1c904dc3c579852
evidence/hardware/p7/authorized_sequence/p7_20260711_stationary_app_r6/015_p7_fragment_boundary_30_rr/p7_shutdown_before_result.txt,475,c55a4211ff667cbfea8bedbb4ad4ab2b248c2e80cfcfdd2062f4f04473dbb87a
evidence/hardware/p7/authorized_sequence/p7_20260711_stationary_app_r6/016_p7_fragment_boundary_30_rep3/p7_jtag_axi_raw_result.txt,2785,b1ac2cf3d1eb7fb38efc6022ac0afbea1b2ecc5524830ec6d3c26bf279dd208b
evidence/hardware/p7/authorized_sequence/p7_20260711_stationary_app_r6/016_p7_fragment_boundary_30_rep3/p7_jtag_axi_stage.stderr.log,0,e3b0c44298fc1c149afbf4c8996fb92427ae41e4649b934ca495991b7852b855
evidence/hardware/p7/authorized_sequence/p7_20260711_stationary_app_r6/016_p7_fragment_boundary_30_rep3/p7_jtag_axi_stage.stdout.log,35503,cba8cec2624b57f99fc0b8f40c6dd716b39e0b880900d993273f58bb9ae278e4
evidence/hardware/p7/authorized_sequence/p7_20260711_stationary_app_r6/016_p7_fragment_boundary_30_rep3/p7_jtag_axi_stage_events.jsonl,1239,a5cd19392f72eb101ab5d72f67360c4bdb9a47635bde2a45ddef2e9fb50f57ce
evidence/hardware/p7/authorized_sequence/p7_20260711_stationary_app_r6/016_p7_fragment_boundary_30_rep3/p7_jtag_axi_stage_summary.json,81157,28c2d752b5b091d17887df93c22ab1479f7551aba9d55755383527929c4d5167
evidence/hardware/p7/authorized_sequence/p7_20260711_stationary_app_r6/016_p7_fragment_boundary_30_rep3/p7_jtag_backend_parse_summary.json,4517,3e4af7cec5051df8d3abc9792305d5bb6f368a75a97ee01bc0843790084a7bee
evidence/hardware/p7/authorized_sequence/p7_20260711_stationary_app_r6/016_p7_fragment_boundary_30_rep3/p7_jtag_reassembled_output.bin,30,f2192584b67da35dfc26f743e5f53bb0376046f899dc6dabd5e7b541ae86c32f
evidence/hardware/p7/authorized_sequence/p7_20260711_stationary_app_r6/016_p7_fragment_boundary_30_rep3/p7_preflight.stderr.log,0,e3b0c44298fc1c149afbf4c8996fb92427ae41e4649b934ca495991b7852b855
evidence/hardware/p7/authorized_sequence/p7_20260711_stationary_app_r6/016_p7_fragment_boundary_30_rep3/p7_preflight.stdout.log,9843,a4bfbbdaf63d7c82e5d0704b141487cc2d79e71060227c3c76d9c518fe797183
evidence/hardware/p7/authorized_sequence/p7_20260711_stationary_app_r6/016_p7_fragment_boundary_30_rep3/p7_preflight_result.txt,512,b9c7b51d551d7f0a98f48b8493aed82542ccd9993966f478228e655b31ebbe84
evidence/hardware/p7/authorized_sequence/p7_20260711_stationary_app_r6/016_p7_fragment_boundary_30_rep3/p7_shutdown_after.stderr.log,0,e3b0c44298fc1c149afbf4c8996fb92427ae41e4649b934ca495991b7852b855
evidence/hardware/p7/authorized_sequence/p7_20260711_stationary_app_r6/016_p7_fragment_boundary_30_rep3/p7_shutdown_after.stdout.log,30060,2a62ca346fea3c48dcf86a211e889cc1f14ceb0e3c3a629557aacf9aafc1c1ae
evidence/hardware/p7/authorized_sequence/p7_20260711_stationary_app_r6/016_p7_fragment_boundary_30_rep3/p7_shutdown_after_result.txt,475,c55a4211ff667cbfea8bedbb4ad4ab2b248c2e80cfcfdd2062f4f04473dbb87a
evidence/hardware/p7/authorized_sequence/p7_20260711_stationary_app_r6/016_p7_fragment_boundary_30_rep3/p7_shutdown_before.stderr.log,0,e3b0c44298fc1c149afbf4c8996fb92427ae41e4649b934ca495991b7852b855
evidence/hardware/p7/authorized_sequence/p7_20260711_stationary_app_r6/016_p7_fragment_boundary_30_rep3/p7_shutdown_before.stdout.log,30060,80c40b8c7bcd8a3de97d6dc14c9ae0339dd98d4d7a864ccc6c70d08acb5637dc
evidence/hardware/p7/authorized_sequence/p7_20260711_stationary_app_r6/016_p7_fragment_boundary_30_rep3/p7_shutdown_before_result.txt,475,c55a4211ff667cbfea8bedbb4ad4ab2b248c2e80cfcfdd2062f4f04473dbb87a
evidence/hardware/p7/authorized_sequence/p7_20260711_stationary_app_r6/017_p7_fragment_boundary_214_l0/p7_jtag_axi_raw_result.txt,5174,0cee402cb49add7cab915d7ea3e29c03e12274e00521a3acfab541d5a5f80287
evidence/hardware/p7/authorized_sequence/p7_20260711_stationary_app_r6/017_p7_fragment_boundary_214_l0/p7_jtag_axi_stage.stderr.log,0,e3b0c44298fc1c149afbf4c8996fb92427ae41e4649b934ca495991b7852b855
evidence/hardware/p7/authorized_sequence/p7_20260711_stationary_app_r6/017_p7_fragment_boundary_214_l0/p7_jtag_axi_stage.stdout.log,35620,d64df7969737884e59c2637ae39ae8f4913ad92ab7814e529a50126008dfbfbf
evidence/hardware/p7/authorized_sequence/p7_20260711_stationary_app_r6/017_p7_fragment_boundary_214_l0/p7_jtag_axi_stage_events.jsonl,1238,6943494a4868058d53b4387ad2dd03dd8d3b4fde2d9c27a7f67b2b1d76bf0660
evidence/hardware/p7/authorized_sequence/p7_20260711_stationary_app_r6/017_p7_fragment_boundary_214_l0/p7_jtag_axi_stage_summary.json,90069,62705be8f2acaaa3bff0d0fbb5990b4d2a732358fba61740b4e786b55c262772
evidence/hardware/p7/authorized_sequence/p7_20260711_stationary_app_r6/017_p7_fragment_boundary_214_l0/p7_jtag_backend_parse_summary.json,4886,b7510c7b3ee03cb99c017358e7da88f5e60f34945bf5cde7f9d21d09f70cd1c8
evidence/hardware/p7/authorized_sequence/p7_20260711_stationary_app_r6/017_p7_fragment_boundary_214_l0/p7_jtag_reassembled_output.bin,214,dedff2184de121c60ec94c4cb94a0450cac47257c56afa8f2e11c5f64d3dd661
evidence/hardware/p7/authorized_sequence/p7_20260711_stationary_app_r6/017_p7_fragment_boundary_214_l0/p7_preflight.stderr.log,0,e3b0c44298fc1c149afbf4c8996fb92427ae41e4649b934ca495991b7852b855
evidence/hardware/p7/authorized_sequence/p7_20260711_stationary_app_r6/017_p7_fragment_boundary_214_l0/p7_preflight.stdout.log,9843,62632ae9182795473ce17d48c280dc00938aaed4f36da178bd759316ee7dcb5c
evidence/hardware/p7/authorized_sequence/p7_20260711_stationary_app_r6/017_p7_fragment_boundary_214_l0/p7_preflight_result.txt,512,b9c7b51d551d7f0a98f48b8493aed82542ccd9993966f478228e655b31ebbe84
evidence/hardware/p7/authorized_sequence/p7_20260711_stationary_app_r6/017_p7_fragment_boundary_214_l0/p7_shutdown_after.stderr.log,0,e3b0c44298fc1c149afbf4c8996fb92427ae41e4649b934ca495991b7852b855
evidence/hardware/p7/authorized_sequence/p7_20260711_stationary_app_r6/017_p7_fragment_boundary_214_l0/p7_shutdown_after.stdout.log,30060,2224eef221226504ccca221c38238686d4bc485131b2f17d47e878b9d69362f7
evidence/hardware/p7/authorized_sequence/p7_20260711_stationary_app_r6/017_p7_fragment_boundary_214_l0/p7_shutdown_after_result.txt,475,c55a4211ff667cbfea8bedbb4ad4ab2b248c2e80cfcfdd2062f4f04473dbb87a
evidence/hardware/p7/authorized_sequence/p7_20260711_stationary_app_r6/017_p7_fragment_boundary_214_l0/p7_shutdown_before.stderr.log,0,e3b0c44298fc1c149afbf4c8996fb92427ae41e4649b934ca495991b7852b855
evidence/hardware/p7/authorized_sequence/p7_20260711_stationary_app_r6/017_p7_fragment_boundary_214_l0/p7_shutdown_before.stdout.log,30060,bbe38b3ba15ae8e0b7c1d25dd57f51587dc7256938f6e91303d346540937dbe9
evidence/hardware/p7/authorized_sequence/p7_20260711_stationary_app_r6/017_p7_fragment_boundary_214_l0/p7_shutdown_before_result.txt,475,c55a4211ff667cbfea8bedbb4ad4ab2b248c2e80cfcfdd2062f4f04473dbb87a
evidence/hardware/p7/authorized_sequence/p7_20260711_stationary_app_r6/018_p7_fragment_boundary_214_l1/p7_jtag_axi_raw_result.txt,5174,9d80b25a9f0eef7379fcf99b578d25e3833449f17c3ab1bdf69263588446507c
evidence/hardware/p7/authorized_sequence/p7_20260711_stationary_app_r6/018_p7_fragment_boundary_214_l1/p7_jtag_axi_stage.stderr.log,0,e3b0c44298fc1c149afbf4c8996fb92427ae41e4649b934ca495991b7852b855
evidence/hardware/p7/authorized_sequence/p7_20260711_stationary_app_r6/018_p7_fragment_boundary_214_l1/p7_jtag_axi_stage.stdout.log,35620,26c3d720095ff7a371ffd89909c2901530d7c3ad70cb8644f030d7ffb0544bfe
evidence/hardware/p7/authorized_sequence/p7_20260711_stationary_app_r6/018_p7_fragment_boundary_214_l1/p7_jtag_axi_stage_events.jsonl,1238,a773172894ed1e43df2d7a393b5248e70958040604a42a5053200a302b62e1c9
evidence/hardware/p7/authorized_sequence/p7_20260711_stationary_app_r6/018_p7_fragment_boundary_214_l1/p7_jtag_axi_stage_summary.json,89984,eb196d890a548f648b849c87c501386757f7d52c5b2fb1da5f21c7b38dfd5a1d
evidence/hardware/p7/authorized_sequence/p7_20260711_stationary_app_r6/018_p7_fragment_boundary_214_l1/p7_jtag_backend_parse_summary.json,4886,0e6b87241c0f710a349941756fcc3b27ee459f38baa28335e3b02daf87fee720
evidence/hardware/p7/authorized_sequence/p7_20260711_stationary_app_r6/018_p7_fragment_boundary_214_l1/p7_jtag_reassembled_output.bin,214,dedff2184de121c60ec94c4cb94a0450cac47257c56afa8f2e11c5f64d3dd661
evidence/hardware/p7/authorized_sequence/p7_20260711_stationary_app_r6/018_p7_fragment_boundary_214_l1/p7_preflight.stderr.log,0,e3b0c44298fc1c149afbf4c8996fb92427ae41e4649b934ca495991b7852b855
evidence/hardware/p7/authorized_sequence/p7_20260711_stationary_app_r6/018_p7_fragment_boundary_214_l1/p7_preflight.stdout.log,9843,a90f67feda835a65bb06cb14c54f91def13573c251eca70513e4053b2c709bdf
evidence/hardware/p7/authorized_sequence/p7_20260711_stationary_app_r6/018_p7_fragment_boundary_214_l1/p7_preflight_result.txt,512,b9c7b51d551d7f0a98f48b8493aed82542ccd9993966f478228e655b31ebbe84
evidence/hardware/p7/authorized_sequence/p7_20260711_stationary_app_r6/018_p7_fragment_boundary_214_l1/p7_shutdown_after.stderr.log,0,e3b0c44298fc1c149afbf4c8996fb92427ae41e4649b934ca495991b7852b855
evidence/hardware/p7/authorized_sequence/p7_20260711_stationary_app_r6/018_p7_fragment_boundary_214_l1/p7_shutdown_after.stdout.log,30060,a802c8b8fd4b2816c7ae8e78206212866d908100984face8bce2d3b61585c7f0
evidence/hardware/p7/authorized_sequence/p7_20260711_stationary_app_r6/018_p7_fragment_boundary_214_l1/p7_shutdown_after_result.txt,475,c55a4211ff667cbfea8bedbb4ad4ab2b248c2e80cfcfdd2062f4f04473dbb87a
evidence/hardware/p7/authorized_sequence/p7_20260711_stationary_app_r6/018_p7_fragment_boundary_214_l1/p7_shutdown_before.stderr.log,0,e3b0c44298fc1c149afbf4c8996fb92427ae41e4649b934ca495991b7852b855
evidence/hardware/p7/authorized_sequence/p7_20260711_stationary_app_r6/018_p7_fragment_boundary_214_l1/p7_shutdown_before.stdout.log,30060,3aa7afc178024ce68f63bd286f9b160c1b9dbe17667d27fcdace146d1eac0552
evidence/hardware/p7/authorized_sequence/p7_20260711_stationary_app_r6/018_p7_fragment_boundary_214_l1/p7_shutdown_before_result.txt,475,c55a4211ff667cbfea8bedbb4ad4ab2b248c2e80cfcfdd2062f4f04473dbb87a
evidence/hardware/p7/authorized_sequence/p7_20260711_stationary_app_r6/019_p7_fragment_boundary_214_rr/p7_jtag_axi_raw_result.txt,5182,41afbc80152c49fc04800388318ce8c5c282c64565acde307ee1aff062b3e287
evidence/hardware/p7/authorized_sequence/p7_20260711_stationary_app_r6/019_p7_fragment_boundary_214_rr/p7_jtag_axi_stage.stderr.log,0,e3b0c44298fc1c149afbf4c8996fb92427ae41e4649b934ca495991b7852b855
evidence/hardware/p7/authorized_sequence/p7_20260711_stationary_app_r6/019_p7_fragment_boundary_214_rr/p7_jtag_axi_stage.stdout.log,35620,ffeb9e5e7d26a7bbab7d0cb334a49a6c8b947a99d2258d7c8f869cc1806b1cf3
evidence/hardware/p7/authorized_sequence/p7_20260711_stationary_app_r6/019_p7_fragment_boundary_214_rr/p7_jtag_axi_stage_events.jsonl,1238,6457796ca709ab2da499e447e1b800610bb196f0a02b2e585d34a88ee2f9bb61
evidence/hardware/p7/authorized_sequence/p7_20260711_stationary_app_r6/019_p7_fragment_boundary_214_rr/p7_jtag_axi_stage_summary.json,90077,ed0d0b72c01741112ef6e981da3d50abc3486c3e93037a5a0e8e9fc1558c76b5
evidence/hardware/p7/authorized_sequence/p7_20260711_stationary_app_r6/019_p7_fragment_boundary_214_rr/p7_jtag_backend_parse_summary.json,4894,a8ef381fa5765f150b569580ae0eab5ee65eb0fd010a79023399d8170684e8bd
evidence/hardware/p7/authorized_sequence/p7_20260711_stationary_app_r6/019_p7_fragment_boundary_214_rr/p7_jtag_reassembled_output.bin,214,dedff2184de121c60ec94c4cb94a0450cac47257c56afa8f2e11c5f64d3dd661
evidence/hardware/p7/authorized_sequence/p7_20260711_stationary_app_r6/019_p7_fragment_boundary_214_rr/p7_preflight.stderr.log,0,e3b0c44298fc1c149afbf4c8996fb92427ae41e4649b934ca495991b7852b855
evidence/hardware/p7/authorized_sequence/p7_20260711_stationary_app_r6/019_p7_fragment_boundary_214_rr/p7_preflight.stdout.log,9843,4588d44360b54015ac035a4389f306b5da2377dc7b526007f17614453f5bd712
evidence/hardware/p7/authorized_sequence/p7_20260711_stationary_app_r6/019_p7_fragment_boundary_214_rr/p7_preflight_result.txt,512,b9c7b51d551d7f0a98f48b8493aed82542ccd9993966f478228e655b31ebbe84
evidence/hardware/p7/authorized_sequence/p7_20260711_stationary_app_r6/019_p7_fragment_boundary_214_rr/p7_shutdown_after.stderr.log,0,e3b0c44298fc1c149afbf4c8996fb92427ae41e4649b934ca495991b7852b855
evidence/hardware/p7/authorized_sequence/p7_20260711_stationary_app_r6/019_p7_fragment_boundary_214_rr/p7_shutdown_after.stdout.log,30060,2e07501d740ae87518f72f2b4d5414361286fc5a6eb6dc743b572042afc37387
evidence/hardware/p7/authorized_sequence/p7_20260711_stationary_app_r6/019_p7_fragment_boundary_214_rr/p7_shutdown_after_result.txt,475,c55a4211ff667cbfea8bedbb4ad4ab2b248c2e80cfcfdd2062f4f04473dbb87a
evidence/hardware/p7/authorized_sequence/p7_20260711_stationary_app_r6/019_p7_fragment_boundary_214_rr/p7_shutdown_before.stderr.log,0,e3b0c44298fc1c149afbf4c8996fb92427ae41e4649b934ca495991b7852b855
evidence/hardware/p7/authorized_sequence/p7_20260711_stationary_app_r6/019_p7_fragment_boundary_214_rr/p7_shutdown_before.stdout.log,30060,1ad37486d5c62c42e965fd5044a42797f841d88b2786d832acc6aae89643e350
evidence/hardware/p7/authorized_sequence/p7_20260711_stationary_app_r6/019_p7_fragment_boundary_214_rr/p7_shutdown_before_result.txt,475,c55a4211ff667cbfea8bedbb4ad4ab2b248c2e80cfcfdd2062f4f04473dbb87a
evidence/hardware/p7/authorized_sequence/p7_20260711_stationary_app_r6/020_p7_fragment_boundary_214_rep3/p7_jtag_axi_raw_result.txt,5177,2c3ae76877be8b20ff9e3129cfc28238da6cefa0b12f15447079b5f7b8ecb6e3
evidence/hardware/p7/authorized_sequence/p7_20260711_stationary_app_r6/020_p7_fragment_boundary_214_rep3/p7_jtag_axi_stage.stderr.log,0,e3b0c44298fc1c149afbf4c8996fb92427ae41e4649b934ca495991b7852b855
evidence/hardware/p7/authorized_sequence/p7_20260711_stationary_app_r6/020_p7_fragment_boundary_214_rep3/p7_jtag_axi_stage.stdout.log,35620,800280d3aa4c7adad4bb511602d7199e5b430d49aff5fb61fd11c344fc45e671
evidence/hardware/p7/authorized_sequence/p7_20260711_stationary_app_r6/020_p7_fragment_boundary_214_rep3/p7_jtag_axi_stage_events.jsonl,1240,0d2f39cc85d2a54363706eb573ecaebc2e808aac8388e9115fd9b2e26fa55711
evidence/hardware/p7/authorized_sequence/p7_20260711_stationary_app_r6/020_p7_fragment_boundary_214_rep3/p7_jtag_axi_stage_summary.json,90129,cc01bc3decf53a124546b10f3af3a0960ad29a42293629f9eabc3841363d45bd
evidence/hardware/p7/authorized_sequence/p7_20260711_stationary_app_r6/020_p7_fragment_boundary_214_rep3/p7_jtag_backend_parse_summary.json,4894,61338f1f039d53574efd7b90ff9a35fdb6bf3d552121a075f6c413d1e1f682ec
evidence/hardware/p7/authorized_sequence/p7_20260711_stationary_app_r6/020_p7_fragment_boundary_214_rep3/p7_jtag_reassembled_output.bin,214,dedff2184de121c60ec94c4cb94a0450cac47257c56afa8f2e11c5f64d3dd661
evidence/hardware/p7/authorized_sequence/p7_20260711_stationary_app_r6/020_p7_fragment_boundary_214_rep3/p7_preflight.stderr.log,0,e3b0c44298fc1c149afbf4c8996fb92427ae41e4649b934ca495991b7852b855
evidence/hardware/p7/authorized_sequence/p7_20260711_stationary_app_r6/020_p7_fragment_boundary_214_rep3/p7_preflight.stdout.log,9843,351a9c2b7d89fedee4f79a8dae88abaf4fc5721263e337cc80306781d0dfb5d0
evidence/hardware/p7/authorized_sequence/p7_20260711_stationary_app_r6/020_p7_fragment_boundary_214_rep3/p7_preflight_result.txt,512,b9c7b51d551d7f0a98f48b8493aed82542ccd9993966f478228e655b31ebbe84
evidence/hardware/p7/authorized_sequence/p7_20260711_stationary_app_r6/020_p7_fragment_boundary_214_rep3/p7_shutdown_after.stderr.log,0,e3b0c44298fc1c149afbf4c8996fb92427ae41e4649b934ca495991b7852b855
evidence/hardware/p7/authorized_sequence/p7_20260711_stationary_app_r6/020_p7_fragment_boundary_214_rep3/p7_shutdown_after.stdout.log,30060,15559093f620954901c8af5ed1852dbefc8996969dcca241f4c88bd519f6ac1f
evidence/hardware/p7/authorized_sequence/p7_20260711_stationary_app_r6/020_p7_fragment_boundary_214_rep3/p7_shutdown_after_result.txt,475,c55a4211ff667cbfea8bedbb4ad4ab2b248c2e80cfcfdd2062f4f04473dbb87a
evidence/hardware/p7/authorized_sequence/p7_20260711_stationary_app_r6/020_p7_fragment_boundary_214_rep3/p7_shutdown_before.stderr.log,0,e3b0c44298fc1c149afbf4c8996fb92427ae41e4649b934ca495991b7852b855
evidence/hardware/p7/authorized_sequence/p7_20260711_stationary_app_r6/020_p7_fragment_boundary_214_rep3/p7_shutdown_before.stdout.log,30060,4d15077ac3316becce9fdb14645026897e62af0126485c7667ca5df2d7e2570d
evidence/hardware/p7/authorized_sequence/p7_20260711_stationary_app_r6/020_p7_fragment_boundary_214_rep3/p7_shutdown_before_result.txt,475,c55a4211ff667cbfea8bedbb4ad4ab2b248c2e80cfcfdd2062f4f04473dbb87a
evidence/hardware/p7/authorized_sequence/p7_20260711_stationary_app_r6/021_p7_fragment_boundary_215_l0/p7_jtag_axi_raw_result.txt,5174,85c6e566c87d8fc5e274a72b8eab59d1dd4cc02d2544f6e58beffbf40b42e4e4
evidence/hardware/p7/authorized_sequence/p7_20260711_stationary_app_r6/021_p7_fragment_boundary_215_l0/p7_jtag_axi_stage.stderr.log,0,e3b0c44298fc1c149afbf4c8996fb92427ae41e4649b934ca495991b7852b855
evidence/hardware/p7/authorized_sequence/p7_20260711_stationary_app_r6/021_p7_fragment_boundary_215_l0/p7_jtag_axi_stage.stdout.log,35620,fd682341051854262470caf990be9fbe05e2667bce52d82ed73bc4b844e3b6cd
evidence/hardware/p7/authorized_sequence/p7_20260711_stationary_app_r6/021_p7_fragment_boundary_215_l0/p7_jtag_axi_stage_events.jsonl,1238,3b015b53d38bb3901e99e6d75817f1f84d9dce764343cc110a296c1d59b93d3a
evidence/hardware/p7/authorized_sequence/p7_20260711_stationary_app_r6/021_p7_fragment_boundary_215_l0/p7_jtag_axi_stage_summary.json,90016,b3d445ee0edb84b06ac8d1e975e69218721d49474fe65f9b33ce147052c2cc28
evidence/hardware/p7/authorized_sequence/p7_20260711_stationary_app_r6/021_p7_fragment_boundary_215_l0/p7_jtag_backend_parse_summary.json,4888,58903616e426fbc7da49458f987cd68c81f0cf9b36679dd7a0a40df3d2332be8
evidence/hardware/p7/authorized_sequence/p7_20260711_stationary_app_r6/021_p7_fragment_boundary_215_l0/p7_jtag_reassembled_output.bin,215,1d64137df721078b35bdc1a3595a73cebcbe49865fb308c78791540d1d349cd7
evidence/hardware/p7/authorized_sequence/p7_20260711_stationary_app_r6/021_p7_fragment_boundary_215_l0/p7_preflight.stderr.log,0,e3b0c44298fc1c149afbf4c8996fb92427ae41e4649b934ca495991b7852b855
evidence/hardware/p7/authorized_sequence/p7_20260711_stationary_app_r6/021_p7_fragment_boundary_215_l0/p7_preflight.stdout.log,9843,1b3ef8368d7fe31141abea60d1bdac7640283ccc4530d8fe041d8fb93fe01774
evidence/hardware/p7/authorized_sequence/p7_20260711_stationary_app_r6/021_p7_fragment_boundary_215_l0/p7_preflight_result.txt,512,b9c7b51d551d7f0a98f48b8493aed82542ccd9993966f478228e655b31ebbe84
evidence/hardware/p7/authorized_sequence/p7_20260711_stationary_app_r6/021_p7_fragment_boundary_215_l0/p7_shutdown_after.stderr.log,0,e3b0c44298fc1c149afbf4c8996fb92427ae41e4649b934ca495991b7852b855
evidence/hardware/p7/authorized_sequence/p7_20260711_stationary_app_r6/021_p7_fragment_boundary_215_l0/p7_shutdown_after.stdout.log,30060,74f248c234e3324ff08a4e4409b2f0f14f3f0d927128a1787ae6695d1b925f60
evidence/hardware/p7/authorized_sequence/p7_20260711_stationary_app_r6/021_p7_fragment_boundary_215_l0/p7_shutdown_after_result.txt,475,c55a4211ff667cbfea8bedbb4ad4ab2b248c2e80cfcfdd2062f4f04473dbb87a
evidence/hardware/p7/authorized_sequence/p7_20260711_stationary_app_r6/021_p7_fragment_boundary_215_l0/p7_shutdown_before.stderr.log,0,e3b0c44298fc1c149afbf4c8996fb92427ae41e4649b934ca495991b7852b855
evidence/hardware/p7/authorized_sequence/p7_20260711_stationary_app_r6/021_p7_fragment_boundary_215_l0/p7_shutdown_before.stdout.log,30060,7fab6b141a631eab379f5a205362d5c7f6abead897acc44454f088200bd01719
evidence/hardware/p7/authorized_sequence/p7_20260711_stationary_app_r6/021_p7_fragment_boundary_215_l0/p7_shutdown_before_result.txt,475,c55a4211ff667cbfea8bedbb4ad4ab2b248c2e80cfcfdd2062f4f04473dbb87a
evidence/hardware/p7/authorized_sequence/p7_20260711_stationary_app_r6/022_p7_fragment_boundary_215_l1/p7_jtag_axi_raw_result.txt,5174,c3658cbd6d8224dee0def79ad824bac6c0cfcb997768fa2058e5d789e1bddacf
evidence/hardware/p7/authorized_sequence/p7_20260711_stationary_app_r6/022_p7_fragment_boundary_215_l1/p7_jtag_axi_stage.stderr.log,0,e3b0c44298fc1c149afbf4c8996fb92427ae41e4649b934ca495991b7852b855
evidence/hardware/p7/authorized_sequence/p7_20260711_stationary_app_r6/022_p7_fragment_boundary_215_l1/p7_jtag_axi_stage.stdout.log,35620,b29fb4082cce6b1f2348fbe22f2170dfe9e5617bca088532553beab022daa248
evidence/hardware/p7/authorized_sequence/p7_20260711_stationary_app_r6/022_p7_fragment_boundary_215_l1/p7_jtag_axi_stage_events.jsonl,1238,19fcd90163c70f9f149ee0a0f9d99f491ad8939628d14bfa056fafcb35761119
evidence/hardware/p7/authorized_sequence/p7_20260711_stationary_app_r6/022_p7_fragment_boundary_215_l1/p7_jtag_axi_stage_summary.json,90027,fa2cbe4603bd14bc5f1ba10d2c6674bb36001287f864999b2bc3036cd7af47a4
evidence/hardware/p7/authorized_sequence/p7_20260711_stationary_app_r6/022_p7_fragment_boundary_215_l1/p7_jtag_backend_parse_summary.json,4888,eb72b665e3a4433bd36d4d856287cd1ae96cd397ac2bbbe5c93ccb42f28e7a94
evidence/hardware/p7/authorized_sequence/p7_20260711_stationary_app_r6/022_p7_fragment_boundary_215_l1/p7_jtag_reassembled_output.bin,215,1d64137df721078b35bdc1a3595a73cebcbe49865fb308c78791540d1d349cd7
evidence/hardware/p7/authorized_sequence/p7_20260711_stationary_app_r6/022_p7_fragment_boundary_215_l1/p7_preflight.stderr.log,0,e3b0c44298fc1c149afbf4c8996fb92427ae41e4649b934ca495991b7852b855
evidence/hardware/p7/authorized_sequence/p7_20260711_stationary_app_r6/022_p7_fragment_boundary_215_l1/p7_preflight.stdout.log,9843,7cee793a113feb241243b863ca9d262813b7f7011ebb268f295f58c4fd77ffef
evidence/hardware/p7/authorized_sequence/p7_20260711_stationary_app_r6/022_p7_fragment_boundary_215_l1/p7_preflight_result.txt,512,b9c7b51d551d7f0a98f48b8493aed82542ccd9993966f478228e655b31ebbe84
evidence/hardware/p7/authorized_sequence/p7_20260711_stationary_app_r6/022_p7_fragment_boundary_215_l1/p7_shutdown_after.stderr.log,0,e3b0c44298fc1c149afbf4c8996fb92427ae41e4649b934ca495991b7852b855
evidence/hardware/p7/authorized_sequence/p7_20260711_stationary_app_r6/022_p7_fragment_boundary_215_l1/p7_shutdown_after.stdout.log,30060,6ce1888757d61ba97f97695fa094458140398c1bc54f1925fa7c8aca9ac9dbc3
evidence/hardware/p7/authorized_sequence/p7_20260711_stationary_app_r6/022_p7_fragment_boundary_215_l1/p7_shutdown_after_result.txt,475,c55a4211ff667cbfea8bedbb4ad4ab2b248c2e80cfcfdd2062f4f04473dbb87a
evidence/hardware/p7/authorized_sequence/p7_20260711_stationary_app_r6/022_p7_fragment_boundary_215_l1/p7_shutdown_before.stderr.log,0,e3b0c44298fc1c149afbf4c8996fb92427ae41e4649b934ca495991b7852b855
evidence/hardware/p7/authorized_sequence/p7_20260711_stationary_app_r6/022_p7_fragment_boundary_215_l1/p7_shutdown_before.stdout.log,30060,5bcb3685710d9b2aaeacec9d55e59a0f726c743fdbb17a805f2cc534e3a59a91
evidence/hardware/p7/authorized_sequence/p7_20260711_stationary_app_r6/022_p7_fragment_boundary_215_l1/p7_shutdown_before_result.txt,475,c55a4211ff667cbfea8bedbb4ad4ab2b248c2e80cfcfdd2062f4f04473dbb87a
evidence/hardware/p7/authorized_sequence/p7_20260711_stationary_app_r6/023_p7_fragment_boundary_215_rr/p7_jtag_axi_raw_result.txt,5182,c8f32e214646eba822d8f147446c47813b439561daca1f3aa3e43ff5f98268fc
evidence/hardware/p7/authorized_sequence/p7_20260711_stationary_app_r6/023_p7_fragment_boundary_215_rr/p7_jtag_axi_stage.stderr.log,0,e3b0c44298fc1c149afbf4c8996fb92427ae41e4649b934ca495991b7852b855
evidence/hardware/p7/authorized_sequence/p7_20260711_stationary_app_r6/023_p7_fragment_boundary_215_rr/p7_jtag_axi_stage.stdout.log,35620,58096859ef15ad7cf354837dbb25d5cddc8b7e64456314c5c705e88d9d48f661
evidence/hardware/p7/authorized_sequence/p7_20260711_stationary_app_r6/023_p7_fragment_boundary_215_rr/p7_jtag_axi_stage_events.jsonl,1238,2d38f876f508d444bc0a44726eba207829d355554b4f13ddd4f63ee08665a1e9
evidence/hardware/p7/authorized_sequence/p7_20260711_stationary_app_r6/023_p7_fragment_boundary_215_rr/p7_jtag_axi_stage_summary.json,89808,2eb3bb60b20db6c44ad7383fe6927297f09542614bb580fdee8f4aafa758eb59
evidence/hardware/p7/authorized_sequence/p7_20260711_stationary_app_r6/023_p7_fragment_boundary_215_rr/p7_jtag_backend_parse_summary.json,4896,b5522d4d5efb655c2aa56934acb94d847b1e55a01e221cbf5a6df710d8748645
evidence/hardware/p7/authorized_sequence/p7_20260711_stationary_app_r6/023_p7_fragment_boundary_215_rr/p7_jtag_reassembled_output.bin,215,1d64137df721078b35bdc1a3595a73cebcbe49865fb308c78791540d1d349cd7
evidence/hardware/p7/authorized_sequence/p7_20260711_stationary_app_r6/023_p7_fragment_boundary_215_rr/p7_preflight.stderr.log,0,e3b0c44298fc1c149afbf4c8996fb92427ae41e4649b934ca495991b7852b855
evidence/hardware/p7/authorized_sequence/p7_20260711_stationary_app_r6/023_p7_fragment_boundary_215_rr/p7_preflight.stdout.log,9843,732ae5b089aa128da8debff6c57e6720c8ff2670ec12d6ebc11c1cc3d76b705a
evidence/hardware/p7/authorized_sequence/p7_20260711_stationary_app_r6/023_p7_fragment_boundary_215_rr/p7_preflight_result.txt,512,b9c7b51d551d7f0a98f48b8493aed82542ccd9993966f478228e655b31ebbe84
evidence/hardware/p7/authorized_sequence/p7_20260711_stationary_app_r6/023_p7_fragment_boundary_215_rr/p7_shutdown_after.stderr.log,0,e3b0c44298fc1c149afbf4c8996fb92427ae41e4649b934ca495991b7852b855
evidence/hardware/p7/authorized_sequence/p7_20260711_stationary_app_r6/023_p7_fragment_boundary_215_rr/p7_shutdown_after.stdout.log,30060,e471e758ca8a690973beb4f144cd6c89aebbabdc73c9ef130e903b393752ab0e
evidence/hardware/p7/authorized_sequence/p7_20260711_stationary_app_r6/023_p7_fragment_boundary_215_rr/p7_shutdown_after_result.txt,475,c55a4211ff667cbfea8bedbb4ad4ab2b248c2e80cfcfdd2062f4f04473dbb87a
evidence/hardware/p7/authorized_sequence/p7_20260711_stationary_app_r6/023_p7_fragment_boundary_215_rr/p7_shutdown_before.stderr.log,0,e3b0c44298fc1c149afbf4c8996fb92427ae41e4649b934ca495991b7852b855
evidence/hardware/p7/authorized_sequence/p7_20260711_stationary_app_r6/023_p7_fragment_boundary_215_rr/p7_shutdown_before.stdout.log,30060,88cccc2261d2d478163826c0be31aeaa9740155f17fe652b58ee489b008b1150
evidence/hardware/p7/authorized_sequence/p7_20260711_stationary_app_r6/023_p7_fragment_boundary_215_rr/p7_shutdown_before_result.txt,475,c55a4211ff667cbfea8bedbb4ad4ab2b248c2e80cfcfdd2062f4f04473dbb87a
evidence/hardware/p7/authorized_sequence/p7_20260711_stationary_app_r6/024_p7_fragment_boundary_215_rep3/p7_jtag_axi_raw_result.txt,5177,13d32f26c8054fd0d05c59fb9aeb4ab3850a1dbc72d83969b1791b55c2f1cff3
evidence/hardware/p7/authorized_sequence/p7_20260711_stationary_app_r6/024_p7_fragment_boundary_215_rep3/p7_jtag_axi_stage.stderr.log,0,e3b0c44298fc1c149afbf4c8996fb92427ae41e4649b934ca495991b7852b855
evidence/hardware/p7/authorized_sequence/p7_20260711_stationary_app_r6/024_p7_fragment_boundary_215_rep3/p7_jtag_axi_stage.stdout.log,35620,f1ce9b072d3a7700d9280986fb007899ff0e42176de2210612d0f7399acbeb24
evidence/hardware/p7/authorized_sequence/p7_20260711_stationary_app_r6/024_p7_fragment_boundary_215_rep3/p7_jtag_axi_stage_events.jsonl,1240,750f57d2f1cbffcf283c7d70bd6822785316905e793978f32f089b2969bdc6c9
evidence/hardware/p7/authorized_sequence/p7_20260711_stationary_app_r6/024_p7_fragment_boundary_215_rep3/p7_jtag_axi_stage_summary.json,89926,f3c18217ae8dc86f258c3c076884ecdc10c7186215593847c90e7222bb5748e8
evidence/hardware/p7/authorized_sequence/p7_20260711_stationary_app_r6/024_p7_fragment_boundary_215_rep3/p7_jtag_backend_parse_summary.json,4897,d811055409b1fd565adb580327f3c19946d9a0b82e0d7a48b5eb50757eba47cd
evidence/hardware/p7/authorized_sequence/p7_20260711_stationary_app_r6/024_p7_fragment_boundary_215_rep3/p7_jtag_reassembled_output.bin,215,1d64137df721078b35bdc1a3595a73cebcbe49865fb308c78791540d1d349cd7
evidence/hardware/p7/authorized_sequence/p7_20260711_stationary_app_r6/024_p7_fragment_boundary_215_rep3/p7_preflight.stderr.log,0,e3b0c44298fc1c149afbf4c8996fb92427ae41e4649b934ca495991b7852b855
evidence/hardware/p7/authorized_sequence/p7_20260711_stationary_app_r6/024_p7_fragment_boundary_215_rep3/p7_preflight.stdout.log,9843,30a5d4fe449971157683e141232a3badb1091005da0fb04f35636b4c049405ca
evidence/hardware/p7/authorized_sequence/p7_20260711_stationary_app_r6/024_p7_fragment_boundary_215_rep3/p7_preflight_result.txt,512,b9c7b51d551d7f0a98f48b8493aed82542ccd9993966f478228e655b31ebbe84
evidence/hardware/p7/authorized_sequence/p7_20260711_stationary_app_r6/024_p7_fragment_boundary_215_rep3/p7_shutdown_after.stderr.log,0,e3b0c44298fc1c149afbf4c8996fb92427ae41e4649b934ca495991b7852b855
evidence/hardware/p7/authorized_sequence/p7_20260711_stationary_app_r6/024_p7_fragment_boundary_215_rep3/p7_shutdown_after.stdout.log,30060,1149e36bf40dfe40ce66cf8f9934cbd9cdbc51e7624a7ed6fd57c8351cba644f
evidence/hardware/p7/authorized_sequence/p7_20260711_stationary_app_r6/024_p7_fragment_boundary_215_rep3/p7_shutdown_after_result.txt,475,c55a4211ff667cbfea8bedbb4ad4ab2b248c2e80cfcfdd2062f4f04473dbb87a
evidence/hardware/p7/authorized_sequence/p7_20260711_stationary_app_r6/024_p7_fragment_boundary_215_rep3/p7_shutdown_before.stderr.log,0,e3b0c44298fc1c149afbf4c8996fb92427ae41e4649b934ca495991b7852b855
evidence/hardware/p7/authorized_sequence/p7_20260711_stationary_app_r6/024_p7_fragment_boundary_215_rep3/p7_shutdown_before.stdout.log,30060,6a394c7335096cf4b531eb3ecdcb5e72fe02a5fb07ea90a10dd793c9a9ac8ef9
evidence/hardware/p7/authorized_sequence/p7_20260711_stationary_app_r6/024_p7_fragment_boundary_215_rep3/p7_shutdown_before_result.txt,475,c55a4211ff667cbfea8bedbb4ad4ab2b248c2e80cfcfdd2062f4f04473dbb87a
evidence/hardware/p7/authorized_sequence/p7_20260711_stationary_app_r6/025_p7_fragment_boundary_216_l0/p7_jtag_axi_raw_result.txt,6469,18d65f0f8b0ce7984541aec50ee6f270b44347f6824d10c525596494de52bb60
evidence/hardware/p7/authorized_sequence/p7_20260711_stationary_app_r6/025_p7_fragment_boundary_216_l0/p7_jtag_axi_stage.stderr.log,0,e3b0c44298fc1c149afbf4c8996fb92427ae41e4649b934ca495991b7852b855
evidence/hardware/p7/authorized_sequence/p7_20260711_stationary_app_r6/025_p7_fragment_boundary_216_l0/p7_jtag_axi_stage.stdout.log,35620,720540ee756ea1295aec8a533289a83f08986e27b4df612fc0a4365fbf98139c
evidence/hardware/p7/authorized_sequence/p7_20260711_stationary_app_r6/025_p7_fragment_boundary_216_l0/p7_jtag_axi_stage_events.jsonl,1238,d3e005c3391e1ccb68d43629bcd79d6215e6ee41e6f4848bfadaac8e5ad75cd5
evidence/hardware/p7/authorized_sequence/p7_20260711_stationary_app_r6/025_p7_fragment_boundary_216_l0/p7_jtag_axi_stage_summary.json,94035,89433b68df564aed4c1e0ba5ca64d6fc7c53ef694c912e2a85c6a3f74ae94743
evidence/hardware/p7/authorized_sequence/p7_20260711_stationary_app_r6/025_p7_fragment_boundary_216_l0/p7_jtag_backend_parse_summary.json,6379,0c957ee397b408aea40f11f66e46d6cd9fab4481a00354ae01792f90594619a4
evidence/hardware/p7/authorized_sequence/p7_20260711_stationary_app_r6/025_p7_fragment_boundary_216_l0/p7_jtag_reassembled_output.bin,216,9d42d74bac443eafbd9878145b745387eb1397174332564bc8fa6db414ab381f
evidence/hardware/p7/authorized_sequence/p7_20260711_stationary_app_r6/025_p7_fragment_boundary_216_l0/p7_preflight.stderr.log,0,e3b0c44298fc1c149afbf4c8996fb92427ae41e4649b934ca495991b7852b855
evidence/hardware/p7/authorized_sequence/p7_20260711_stationary_app_r6/025_p7_fragment_boundary_216_l0/p7_preflight.stdout.log,9843,1b8f05bc4ea63a1efaa169d546876cfd4cda6188a5e9f8cb77a4a885e0bc46a3
evidence/hardware/p7/authorized_sequence/p7_20260711_stationary_app_r6/025_p7_fragment_boundary_216_l0/p7_preflight_result.txt,512,b9c7b51d551d7f0a98f48b8493aed82542ccd9993966f478228e655b31ebbe84
evidence/hardware/p7/authorized_sequence/p7_20260711_stationary_app_r6/025_p7_fragment_boundary_216_l0/p7_shutdown_after.stderr.log,0,e3b0c44298fc1c149afbf4c8996fb92427ae41e4649b934ca495991b7852b855
evidence/hardware/p7/authorized_sequence/p7_20260711_stationary_app_r6/025_p7_fragment_boundary_216_l0/p7_shutdown_after.stdout.log,30060,524dad802a832dcb671d9cb59a6db02518657a3ed7da3267f028e621b6011157
evidence/hardware/p7/authorized_sequence/p7_20260711_stationary_app_r6/025_p7_fragment_boundary_216_l0/p7_shutdown_after_result.txt,475,c55a4211ff667cbfea8bedbb4ad4ab2b248c2e80cfcfdd2062f4f04473dbb87a
evidence/hardware/p7/authorized_sequence/p7_20260711_stationary_app_r6/025_p7_fragment_boundary_216_l0/p7_shutdown_before.stderr.log,0,e3b0c44298fc1c149afbf4c8996fb92427ae41e4649b934ca495991b7852b855
evidence/hardware/p7/authorized_sequence/p7_20260711_stationary_app_r6/025_p7_fragment_boundary_216_l0/p7_shutdown_before.stdout.log,30060,fc2427c0300752431fac53265de8c773359aa54aa41de9a103ce1c7059dc69ca
evidence/hardware/p7/authorized_sequence/p7_20260711_stationary_app_r6/025_p7_fragment_boundary_216_l0/p7_shutdown_before_result.txt,475,c55a4211ff667cbfea8bedbb4ad4ab2b248c2e80cfcfdd2062f4f04473dbb87a
evidence/hardware/p7/authorized_sequence/p7_20260711_stationary_app_r6/026_p7_fragment_boundary_216_l1/p7_jtag_axi_raw_result.txt,6469,5fe55aaab1e4192262384d71a4e00375bf9bee5635d9e1b2597c6ce2ad7d1c66
evidence/hardware/p7/authorized_sequence/p7_20260711_stationary_app_r6/026_p7_fragment_boundary_216_l1/p7_jtag_axi_stage.stderr.log,0,e3b0c44298fc1c149afbf4c8996fb92427ae41e4649b934ca495991b7852b855
evidence/hardware/p7/authorized_sequence/p7_20260711_stationary_app_r6/026_p7_fragment_boundary_216_l1/p7_jtag_axi_stage.stdout.log,35620,b1d776e0bd88821ffd95e9f6f5ae2ee8066349184699eb76df4127d867d6b0ed
evidence/hardware/p7/authorized_sequence/p7_20260711_stationary_app_r6/026_p7_fragment_boundary_216_l1/p7_jtag_axi_stage_events.jsonl,1238,5146f54f7a2c193063327ca9ea541f4f6ed821f70b6992a0de1eab6d881b98fe
evidence/hardware/p7/authorized_sequence/p7_20260711_stationary_app_r6/026_p7_fragment_boundary_216_l1/p7_jtag_axi_stage_summary.json,94144,6906e05b84862ca96754b4ea701e9ed44a4f0828540c23b31d12c9d0ed01a169
evidence/hardware/p7/authorized_sequence/p7_20260711_stationary_app_r6/026_p7_fragment_boundary_216_l1/p7_jtag_backend_parse_summary.json,6381,4146814d8eed24c78bd4be0408416767c7d43e56d406ece28d08bfc94bed554d
evidence/hardware/p7/authorized_sequence/p7_20260711_stationary_app_r6/026_p7_fragment_boundary_216_l1/p7_jtag_reassembled_output.bin,216,9d42d74bac443eafbd9878145b745387eb1397174332564bc8fa6db414ab381f
evidence/hardware/p7/authorized_sequence/p7_20260711_stationary_app_r6/026_p7_fragment_boundary_216_l1/p7_preflight.stderr.log,0,e3b0c44298fc1c149afbf4c8996fb92427ae41e4649b934ca495991b7852b855
evidence/hardware/p7/authorized_sequence/p7_20260711_stationary_app_r6/026_p7_fragment_boundary_216_l1/p7_preflight.stdout.log,9843,762c080571a7442f4cbe46b6662d75ccf9263b4b5409413d43c9ada2b813b0e7
evidence/hardware/p7/authorized_sequence/p7_20260711_stationary_app_r6/026_p7_fragment_boundary_216_l1/p7_preflight_result.txt,512,b9c7b51d551d7f0a98f48b8493aed82542ccd9993966f478228e655b31ebbe84
evidence/hardware/p7/authorized_sequence/p7_20260711_stationary_app_r6/026_p7_fragment_boundary_216_l1/p7_shutdown_after.stderr.log,0,e3b0c44298fc1c149afbf4c8996fb92427ae41e4649b934ca495991b7852b855
evidence/hardware/p7/authorized_sequence/p7_20260711_stationary_app_r6/026_p7_fragment_boundary_216_l1/p7_shutdown_after.stdout.log,30060,8edb025d871b219a597eddf51b29bcaa67b45e37f93831eddedaca41861543a2
evidence/hardware/p7/authorized_sequence/p7_20260711_stationary_app_r6/026_p7_fragment_boundary_216_l1/p7_shutdown_after_result.txt,475,c55a4211ff667cbfea8bedbb4ad4ab2b248c2e80cfcfdd2062f4f04473dbb87a
evidence/hardware/p7/authorized_sequence/p7_20260711_stationary_app_r6/026_p7_fragment_boundary_216_l1/p7_shutdown_before.stderr.log,0,e3b0c44298fc1c149afbf4c8996fb92427ae41e4649b934ca495991b7852b855
evidence/hardware/p7/authorized_sequence/p7_20260711_stationary_app_r6/026_p7_fragment_boundary_216_l1/p7_shutdown_before.stdout.log,30060,8237878584c8ac0c25348eee2c921bb99a3912198dba6c1b3919f2a348c70ac4
evidence/hardware/p7/authorized_sequence/p7_20260711_stationary_app_r6/026_p7_fragment_boundary_216_l1/p7_shutdown_before_result.txt,475,c55a4211ff667cbfea8bedbb4ad4ab2b248c2e80cfcfdd2062f4f04473dbb87a
evidence/hardware/p7/authorized_sequence/p7_20260711_stationary_app_r6/027_p7_fragment_boundary_216_rr/p7_jtag_axi_raw_result.txt,6477,462e4528dd514d0e96d9985b6f9321cb3cb1e1511d9d49d641b3775b116b4365
evidence/hardware/p7/authorized_sequence/p7_20260711_stationary_app_r6/027_p7_fragment_boundary_216_rr/p7_jtag_axi_stage.stderr.log,0,e3b0c44298fc1c149afbf4c8996fb92427ae41e4649b934ca495991b7852b855
evidence/hardware/p7/authorized_sequence/p7_20260711_stationary_app_r6/027_p7_fragment_boundary_216_rr/p7_jtag_axi_stage.stdout.log,35620,11da883fb0e90dee8e3722e55d8affe6d1d466eeacf09060ae9c5fb70b82ae77
evidence/hardware/p7/authorized_sequence/p7_20260711_stationary_app_r6/027_p7_fragment_boundary_216_rr/p7_jtag_axi_stage_events.jsonl,1238,4899d618c2b6008928dd687cf67fac3f9aaca580ec7e7c9434c4392a65f2b884
evidence/hardware/p7/authorized_sequence/p7_20260711_stationary_app_r6/027_p7_fragment_boundary_216_rr/p7_jtag_axi_stage_summary.json,94140,e5cca02246adc2e0b7db57e519fe52e74c259a4526d9cd9c76701d686f139b74
evidence/hardware/p7/authorized_sequence/p7_20260711_stationary_app_r6/027_p7_fragment_boundary_216_rr/p7_jtag_backend_parse_summary.json,6389,9bcdcb32d9b21aa7f2c5eca5163f3aa1ce42a99d17bbd17d9beb354e91b17bca
evidence/hardware/p7/authorized_sequence/p7_20260711_stationary_app_r6/027_p7_fragment_boundary_216_rr/p7_jtag_reassembled_output.bin,216,9d42d74bac443eafbd9878145b745387eb1397174332564bc8fa6db414ab381f
evidence/hardware/p7/authorized_sequence/p7_20260711_stationary_app_r6/027_p7_fragment_boundary_216_rr/p7_preflight.stderr.log,0,e3b0c44298fc1c149afbf4c8996fb92427ae41e4649b934ca495991b7852b855
evidence/hardware/p7/authorized_sequence/p7_20260711_stationary_app_r6/027_p7_fragment_boundary_216_rr/p7_preflight.stdout.log,9843,7bb58e82ac5495a9b28008a3ac38e03f61ce75ea14d5370611b52642e55ebadb
evidence/hardware/p7/authorized_sequence/p7_20260711_stationary_app_r6/027_p7_fragment_boundary_216_rr/p7_preflight_result.txt,512,b9c7b51d551d7f0a98f48b8493aed82542ccd9993966f478228e655b31ebbe84
evidence/hardware/p7/authorized_sequence/p7_20260711_stationary_app_r6/027_p7_fragment_boundary_216_rr/p7_shutdown_after.stderr.log,0,e3b0c44298fc1c149afbf4c8996fb92427ae41e4649b934ca495991b7852b855
evidence/hardware/p7/authorized_sequence/p7_20260711_stationary_app_r6/027_p7_fragment_boundary_216_rr/p7_shutdown_after.stdout.log,30060,33b25c8176dcc99107b650db68ce4060d740d46df8c66c0b7e0034a312548c6e
evidence/hardware/p7/authorized_sequence/p7_20260711_stationary_app_r6/027_p7_fragment_boundary_216_rr/p7_shutdown_after_result.txt,475,c55a4211ff667cbfea8bedbb4ad4ab2b248c2e80cfcfdd2062f4f04473dbb87a
evidence/hardware/p7/authorized_sequence/p7_20260711_stationary_app_r6/027_p7_fragment_boundary_216_rr/p7_shutdown_before.stderr.log,0,e3b0c44298fc1c149afbf4c8996fb92427ae41e4649b934ca495991b7852b855
evidence/hardware/p7/authorized_sequence/p7_20260711_stationary_app_r6/027_p7_fragment_boundary_216_rr/p7_shutdown_before.stdout.log,30060,60a539bc49bec7f4921ba11ce9a774e42f976dfbed535141122d36acb4f8ddb4
evidence/hardware/p7/authorized_sequence/p7_20260711_stationary_app_r6/027_p7_fragment_boundary_216_rr/p7_shutdown_before_result.txt,475,c55a4211ff667cbfea8bedbb4ad4ab2b248c2e80cfcfdd2062f4f04473dbb87a
evidence/hardware/p7/authorized_sequence/p7_20260711_stationary_app_r6/028_p7_fragment_boundary_216_rep3/p7_jtag_axi_raw_result.txt,6472,c059fa8af5d7a952ba76cbaab19cf04e480c304aa29448548946b365686a10f9
evidence/hardware/p7/authorized_sequence/p7_20260711_stationary_app_r6/028_p7_fragment_boundary_216_rep3/p7_jtag_axi_stage.stderr.log,0,e3b0c44298fc1c149afbf4c8996fb92427ae41e4649b934ca495991b7852b855
evidence/hardware/p7/authorized_sequence/p7_20260711_stationary_app_r6/028_p7_fragment_boundary_216_rep3/p7_jtag_axi_stage.stdout.log,35620,85b2f6d992266741071e9d67fb1f529a56485e50c4a8d93937f5c9a1fc53318a
evidence/hardware/p7/authorized_sequence/p7_20260711_stationary_app_r6/028_p7_fragment_boundary_216_rep3/p7_jtag_axi_stage_events.jsonl,1152,dbd386e74f29102549de571d9a252f0d6f27aff9632925152c359f615186b6c8
evidence/hardware/p7/authorized_sequence/p7_20260711_stationary_app_r6/028_p7_fragment_boundary_216_rep3/p7_jtag_axi_stage_summary.json,91252,712f974e7a509e787556bb12940f5b221b12dd07fc2a0bcc31245b80fec732b3
evidence/hardware/p7/authorized_sequence/p7_20260711_stationary_app_r6/028_p7_fragment_boundary_216_rep3/p7_preflight.stderr.log,0,e3b0c44298fc1c149afbf4c8996fb92427ae41e4649b934ca495991b7852b855
evidence/hardware/p7/authorized_sequence/p7_20260711_stationary_app_r6/028_p7_fragment_boundary_216_rep3/p7_preflight.stdout.log,9843,3f2bc72ba6a2cd0d06b7d989bdaae6d5b6c141cbeb8d4b226c0026d4cb8f4cf4
evidence/hardware/p7/authorized_sequence/p7_20260711_stationary_app_r6/028_p7_fragment_boundary_216_rep3/p7_preflight_result.txt,512,b9c7b51d551d7f0a98f48b8493aed82542ccd9993966f478228e655b31ebbe84
evidence/hardware/p7/authorized_sequence/p7_20260711_stationary_app_r6/028_p7_fragment_boundary_216_rep3/p7_shutdown_after.stderr.log,0,e3b0c44298fc1c149afbf4c8996fb92427ae41e4649b934ca495991b7852b855
evidence/hardware/p7/authorized_sequence/p7_20260711_stationary_app_r6/028_p7_fragment_boundary_216_rep3/p7_shutdown_after.stdout.log,30060,6b65583e199740050665d3764d03ae0ad2a0b6829f6338786daae6baa1304fb0
evidence/hardware/p7/authorized_sequence/p7_20260711_stationary_app_r6/028_p7_fragment_boundary_216_rep3/p7_shutdown_after_result.txt,475,c55a4211ff667cbfea8bedbb4ad4ab2b248c2e80cfcfdd2062f4f04473dbb87a
evidence/hardware/p7/authorized_sequence/p7_20260711_stationary_app_r6/028_p7_fragment_boundary_216_rep3/p7_shutdown_before.stderr.log,0,e3b0c44298fc1c149afbf4c8996fb92427ae41e4649b934ca495991b7852b855
evidence/hardware/p7/authorized_sequence/p7_20260711_stationary_app_r6/028_p7_fragment_boundary_216_rep3/p7_shutdown_before.stdout.log,30060,a90c9b8d73e5e4383fde6ddd02665a231844207b1ca19fe3ece0b6e11d31bf33
evidence/hardware/p7/authorized_sequence/p7_20260711_stationary_app_r6/028_p7_fragment_boundary_216_rep3/p7_shutdown_before_result.txt,475,c55a4211ff667cbfea8bedbb4ad4ab2b248c2e80cfcfdd2062f4f04473dbb87a
evidence/hardware/p7/authorized_sequence/p7_20260711_stationary_app_r6/historical_preflight_inputs/manifest.json,5274,bba8f98ce66d115120ae11d97ceaf8b7c2860685748810ac4eeace4f319efa07
evidence/hardware/p7/authorized_sequence/p7_20260711_stationary_app_r6/historical_preflight_inputs/p4_recovery_authorization_61f676760e875ce2772e2c460e9b3241ebcd013ebacfea715ee79b232316f476.txt,201,61f676760e875ce2772e2c460e9b3241ebcd013ebacfea715ee79b232316f476
evidence/hardware/p7/authorized_sequence/p7_20260711_stationary_app_r6/historical_preflight_inputs/p7_generation_manifest_ff85cc163a37d77a089d21911c7d58827bc699f1ed464715ca8203c74a81f75c.json,271136,ff85cc163a37d77a089d21911c7d58827bc699f1ed464715ca8203c74a81f75c
evidence/hardware/p7/authorized_sequence/p7_20260711_stationary_app_r6/historical_preflight_inputs/p7_jtag_axi_transactions_36a67aef_0b1c05ba9de293ef73197739edfd5e91624fa1c8.tcl,26680,68e8b394a8db0ab94ddc1ed4051f8bdc5ce73243e30da6946dc8705ae643b16e
evidence/hardware/p7/authorized_sequence/p7_20260711_stationary_app_r6/historical_preflight_inputs/p7_jtag_backend_36a67aef_b47de1c9e823a1f0190f233c6848bf0d5ca0223a.py,79756,3ae1b84a68ccdc42120bcfe07b0c1356315d7638a9669d5444c6f588a2884bd9
evidence/hardware/p7/authorized_sequence/p7_20260711_stationary_app_r6/historical_preflight_inputs/p7_offline_gate_summary_f1e770a00435ead1126f62986772d9912c707e0e86ef2aa3409a313159a5a412.json,7626,f1e770a00435ead1126f62986772d9912c707e0e86ef2aa3409a313159a5a412
evidence/hardware/p7/authorized_sequence/p7_20260711_stationary_app_r6/historical_preflight_inputs/p7_sequence_plan_9ce58238a1fa8264b56d5bf3cdd13af1b48ff70e5c4a90f73a44d2cf044c12cd.txt,373889,9ce58238a1fa8264b56d5bf3cdd13af1b48ff70e5c4a90f73a44d2cf044c12cd
evidence/hardware/p7/authorized_sequence/p7_20260711_stationary_app_r6/historical_preflight_inputs/p7_stage_001_authorization_5662a1b2412f80ff3ae4a388ebf14ed406b64a4b21f7689bc7f3967be8d3db93.txt,3295,5662a1b2412f80ff3ae4a388ebf14ed406b64a4b21f7689bc7f3967be8d3db93
evidence/hardware/p7/authorized_sequence/p7_20260711_stationary_app_r6/historical_preflight_inputs/p7_stage_001_transactions_3ab7e4d0cc6d7a79de6f540fff0158ad824ded8c00091d17acf0dc610437b076.txt,9775,3ab7e4d0cc6d7a79de6f540fff0158ad824ded8c00091d17acf0dc610437b076
evidence/hardware/p7/authorized_sequence/p7_20260711_stationary_app_r6/historical_preflight_inputs/run_p7_jtag_axi_stage_safe_36a67aef_fbd3f21e1cdd52e1097aeb6c3370c541e09c50c7.py,136802,cbfc29493ee5ad5fbfc3e7f9b64f43ec844dfeb822eb500751b42405258ea767
evidence/hardware/p7/authorized_sequence/p7_20260711_stationary_app_r6/historical_preflight_inputs/tfdu_lane_phy_36a67aef_970cbc860290698c4f417959f7e7fc0bcfbd6933.sv,5199,2f515a22fedc5abdf3f58bbdaa6df8baee8a2f919747a3622ece0a63009e920a
evidence/hardware/p7/authorized_sequence/p7_20260711_stationary_app_r6/recovery_shutdown_after_failed_stage28_20260711T063732Z/hardware_authorization.json,1364,5609ffd33329d2975c4b5452e44d7d8ec60c6d70d4f69a46b27713b5fdc91211
evidence/hardware/p7/authorized_sequence/p7_20260711_stationary_app_r6/recovery_shutdown_after_failed_stage28_20260711T063732Z/hash_manifest.csv,994,a6e080be2e870ce952367aba8338f2da5d810f35c26744ebe6bb58cfdbaa4bb9
evidence/hardware/p7/authorized_sequence/p7_20260711_stationary_app_r6/recovery_shutdown_after_failed_stage28_20260711T063732Z/hash_manifest.json,2291,678d4b0e209b0896e61ce8f0b3aa5d6689ec698c1a7d081dad9d62e3df2fe474
evidence/hardware/p7/authorized_sequence/p7_20260711_stationary_app_r6/recovery_shutdown_after_failed_stage28_20260711T063732Z/program_tfdu_shutdown_safe.stderr.log,0,e3b0c44298fc1c149afbf4c8996fb92427ae41e4649b934ca495991b7852b855
evidence/hardware/p7/authorized_sequence/p7_20260711_stationary_app_r6/recovery_shutdown_after_failed_stage28_20260711T063732Z/program_tfdu_shutdown_safe.stdout.log,5022,98a20feea9cbb099888439f0874b8e3bb4eb5f8ea455592124e07f03753355f1
evidence/hardware/p7/authorized_sequence/p7_20260711_stationary_app_r6/recovery_shutdown_after_failed_stage28_20260711T063732Z/program_tfdu_shutdown_safe.summary.txt,2042,268bb2823c226b753d93cbc11a82ecd9df1334c1302b0ca92d484f55f01809c2
evidence/hardware/p7/authorized_sequence/p7_20260711_stationary_app_r6/sequence_execution_ledger.json,448623,f2580f046713afb5a873031fc1f137067a728b6c2ac36276c99d1ea43de5a952
evidence/hardware/p7/authorized_sequence/p7_20260711_stationary_app_r7/.sequence_execution_ledger_wrapper_logs/001_p7_safe_idle.stderr.log,0,e3b0c44298fc1c149afbf4c8996fb92427ae41e4649b934ca495991b7852b855
evidence/hardware/p7/authorized_sequence/p7_20260711_stationary_app_r7/.sequence_execution_ledger_wrapper_logs/001_p7_safe_idle.stdout.log,74439,454a13b6c35cd1748d88a39755de76b78074089e6a8f671c48b712b2b7d16e70
evidence/hardware/p7/authorized_sequence/p7_20260711_stationary_app_r7/.sequence_execution_ledger_wrapper_logs/002_p7_p6_frame_regression_m1.stderr.log,0,e3b0c44298fc1c149afbf4c8996fb92427ae41e4649b934ca495991b7852b855
evidence/hardware/p7/authorized_sequence/p7_20260711_stationary_app_r7/.sequence_execution_ledger_wrapper_logs/002_p7_p6_frame_regression_m1.stdout.log,369375,7f61ea42e90eeee05acc13ec87dc2577b54255cb27644af7d20f52fcee1e92d0
evidence/hardware/p7/authorized_sequence/p7_20260711_stationary_app_r7/.sequence_execution_ledger_wrapper_logs/003_p7_p6_frame_regression_m2.stderr.log,0,e3b0c44298fc1c149afbf4c8996fb92427ae41e4649b934ca495991b7852b855
evidence/hardware/p7/authorized_sequence/p7_20260711_stationary_app_r7/.sequence_execution_ledger_wrapper_logs/003_p7_p6_frame_regression_m2.stdout.log,358827,8fbde1e6ede5601fb6f05eb1540de0be9d3bd2b7eeb4918afee7a1e121847b97
evidence/hardware/p7/authorized_sequence/p7_20260711_stationary_app_r7/001_p7_safe_idle/p7_jtag_axi_raw_result.txt,823,be4366eb4d00461ac9a851f0fd650d7999e066ed28252465bf69b4be6a381235
evidence/hardware/p7/authorized_sequence/p7_20260711_stationary_app_r7/001_p7_safe_idle/p7_jtag_axi_stage.stderr.log,0,e3b0c44298fc1c149afbf4c8996fb92427ae41e4649b934ca495991b7852b855
evidence/hardware/p7/authorized_sequence/p7_20260711_stationary_app_r7/001_p7_safe_idle/p7_jtag_axi_stage.stdout.log,30801,fa08a801fd6613e3c43aa6a1bbac7b97245fe2f1ec5e0a59f5640fc9fc26bdcd
evidence/hardware/p7/authorized_sequence/p7_20260711_stationary_app_r7/001_p7_safe_idle/p7_jtag_axi_stage_events.jsonl,1228,db33a2c37b923e9472294393913632fc3c8a3c018e660edec99855d9f6e79da8
evidence/hardware/p7/authorized_sequence/p7_20260711_stationary_app_r7/001_p7_safe_idle/p7_jtag_axi_stage_summary.json,72349,263e698c7531fb620d66859574d9bbeefeb923a3f12ade7c9b59c725d1ad84fa
evidence/hardware/p7/authorized_sequence/p7_20260711_stationary_app_r7/001_p7_safe_idle/p7_preflight.stderr.log,0,e3b0c44298fc1c149afbf4c8996fb92427ae41e4649b934ca495991b7852b855
evidence/hardware/p7/authorized_sequence/p7_20260711_stationary_app_r7/001_p7_safe_idle/p7_preflight.stdout.log,9843,f657efcb9186d5997027d2afe582e105d581cf5c015b3d42575005d2f790b3fa
evidence/hardware/p7/authorized_sequence/p7_20260711_stationary_app_r7/001_p7_safe_idle/p7_preflight_result.txt,512,b9c7b51d551d7f0a98f48b8493aed82542ccd9993966f478228e655b31ebbe84
evidence/hardware/p7/authorized_sequence/p7_20260711_stationary_app_r7/001_p7_safe_idle/p7_safe_idle_parse_summary.json,733,3991bcae4b2f298c8be2154c634b5180d1751df472c7cdece3aa168622e6c8d7
evidence/hardware/p7/authorized_sequence/p7_20260711_stationary_app_r7/001_p7_safe_idle/p7_shutdown_after.stderr.log,0,e3b0c44298fc1c149afbf4c8996fb92427ae41e4649b934ca495991b7852b855
evidence/hardware/p7/authorized_sequence/p7_20260711_stationary_app_r7/001_p7_safe_idle/p7_shutdown_after.stdout.log,30060,d354bb2b03d620317f9cd54a5516dbdda9aae805db381d082aa9581d65277fcb
evidence/hardware/p7/authorized_sequence/p7_20260711_stationary_app_r7/001_p7_safe_idle/p7_shutdown_after_result.txt,475,c55a4211ff667cbfea8bedbb4ad4ab2b248c2e80cfcfdd2062f4f04473dbb87a
evidence/hardware/p7/authorized_sequence/p7_20260711_stationary_app_r7/001_p7_safe_idle/p7_shutdown_before.stderr.log,0,e3b0c44298fc1c149afbf4c8996fb92427ae41e4649b934ca495991b7852b855
evidence/hardware/p7/authorized_sequence/p7_20260711_stationary_app_r7/001_p7_safe_idle/p7_shutdown_before.stdout.log,30060,2163f4184368b44998a67c3db0e5137a2ed801ceea447a1c4b396d0debd43a48
evidence/hardware/p7/authorized_sequence/p7_20260711_stationary_app_r7/001_p7_safe_idle/p7_shutdown_before_result.txt,475,c55a4211ff667cbfea8bedbb4ad4ab2b248c2e80cfcfdd2062f4f04473dbb87a
evidence/hardware/p7/authorized_sequence/p7_20260711_stationary_app_r7/002_p7_p6_frame_regression_m1/p7_jtag_axi_raw_result.txt,79492,d7c4eab196f966c11a4d3d216f25f1532275abdc6373e5513ae906ddbf89d1f4
evidence/hardware/p7/authorized_sequence/p7_20260711_stationary_app_r7/002_p7_p6_frame_regression_m1/p7_jtag_axi_stage.stderr.log,0,e3b0c44298fc1c149afbf4c8996fb92427ae41e4649b934ca495991b7852b855
evidence/hardware/p7/authorized_sequence/p7_20260711_stationary_app_r7/002_p7_p6_frame_regression_m1/p7_jtag_axi_stage.stdout.log,35621,f712e07d8301fb6ad9e5069f4120a81837ed631c3200e913eb7b5d4b540a41ff
evidence/hardware/p7/authorized_sequence/p7_20260711_stationary_app_r7/002_p7_p6_frame_regression_m1/p7_jtag_axi_stage_events.jsonl,1236,47ee5d15b3264fa20cfa3d66df6e2c6b5c8a6b8e6f103d491c2b9af73b1352f3
evidence/hardware/p7/authorized_sequence/p7_20260711_stationary_app_r7/002_p7_p6_frame_regression_m1/p7_jtag_axi_stage_summary.json,355965,594d2ac61bc26ef770bc1fd6f15cf4b135ea80a4d92780a589fbadcfc755e54d
evidence/hardware/p7/authorized_sequence/p7_20260711_stationary_app_r7/002_p7_p6_frame_regression_m1/p7_jtag_backend_parse_summary.json,41116,858c0a340ae06fd850c85ea59c881a3caedfce8c4fa95b2251caf97d6d138e97
evidence/hardware/p7/authorized_sequence/p7_20260711_stationary_app_r7/002_p7_p6_frame_regression_m1/p7_jtag_reassembled_output.bin,4096,d63320acd81e8ea9e08c7932552f04ca8bd45a673c40003ff4f7b6143d91081d
evidence/hardware/p7/authorized_sequence/p7_20260711_stationary_app_r7/002_p7_p6_frame_regression_m1/p7_preflight.stderr.log,0,e3b0c44298fc1c149afbf4c8996fb92427ae41e4649b934ca495991b7852b855
evidence/hardware/p7/authorized_sequence/p7_20260711_stationary_app_r7/002_p7_p6_frame_regression_m1/p7_preflight.stdout.log,9843,5ce5fc09d33a6b5506a8cd1c75999d95506ef794f97fb7279e2d49d11d44d2b0
evidence/hardware/p7/authorized_sequence/p7_20260711_stationary_app_r7/002_p7_p6_frame_regression_m1/p7_preflight_result.txt,512,b9c7b51d551d7f0a98f48b8493aed82542ccd9993966f478228e655b31ebbe84
evidence/hardware/p7/authorized_sequence/p7_20260711_stationary_app_r7/002_p7_p6_frame_regression_m1/p7_shutdown_after.stderr.log,0,e3b0c44298fc1c149afbf4c8996fb92427ae41e4649b934ca495991b7852b855
evidence/hardware/p7/authorized_sequence/p7_20260711_stationary_app_r7/002_p7_p6_frame_regression_m1/p7_shutdown_after.stdout.log,30060,d4e4450f64dc3efedbcceb46072a70072004c97e7d398dff1b487b3e99dd2151
evidence/hardware/p7/authorized_sequence/p7_20260711_stationary_app_r7/002_p7_p6_frame_regression_m1/p7_shutdown_after_result.txt,475,c55a4211ff667cbfea8bedbb4ad4ab2b248c2e80cfcfdd2062f4f04473dbb87a
evidence/hardware/p7/authorized_sequence/p7_20260711_stationary_app_r7/002_p7_p6_frame_regression_m1/p7_shutdown_before.stderr.log,0,e3b0c44298fc1c149afbf4c8996fb92427ae41e4649b934ca495991b7852b855
evidence/hardware/p7/authorized_sequence/p7_20260711_stationary_app_r7/002_p7_p6_frame_regression_m1/p7_shutdown_before.stdout.log,30060,af492e56c6483a8f6cf339499819fb221f6aab3b47caf0c6f2f07f9434b53788
evidence/hardware/p7/authorized_sequence/p7_20260711_stationary_app_r7/002_p7_p6_frame_regression_m1/p7_shutdown_before_result.txt,475,c55a4211ff667cbfea8bedbb4ad4ab2b248c2e80cfcfdd2062f4f04473dbb87a
evidence/hardware/p7/authorized_sequence/p7_20260711_stationary_app_r7/003_p7_p6_frame_regression_m2/p7_jtag_axi_raw_result.txt,79492,d6d41d21f227ae89c98bcb024dc7bdd39cb1efc02c777e2639ce896a1675fb5f
evidence/hardware/p7/authorized_sequence/p7_20260711_stationary_app_r7/003_p7_p6_frame_regression_m2/p7_jtag_axi_stage.stderr.log,0,e3b0c44298fc1c149afbf4c8996fb92427ae41e4649b934ca495991b7852b855
evidence/hardware/p7/authorized_sequence/p7_20260711_stationary_app_r7/003_p7_p6_frame_regression_m2/p7_jtag_axi_stage.stdout.log,35621,5505db4f55284281d31b9780c8943c48d17efff0b223ed2430c0a06ffb024323
evidence/hardware/p7/authorized_sequence/p7_20260711_stationary_app_r7/003_p7_p6_frame_regression_m2/p7_jtag_axi_stage_events.jsonl,1148,0ac308e716cb45f4f85dbee88270d7c3bd157cd469ece1d550fb309039af5c9b
evidence/hardware/p7/authorized_sequence/p7_20260711_stationary_app_r7/003_p7_p6_frame_regression_m2/p7_jtag_axi_stage_summary.json,345783,305357f8d5cc858b2eb4b98002352ed95b05a6a277534b50e586be6fca80dec9
evidence/hardware/p7/authorized_sequence/p7_20260711_stationary_app_r7/003_p7_p6_frame_regression_m2/p7_preflight.stderr.log,0,e3b0c44298fc1c149afbf4c8996fb92427ae41e4649b934ca495991b7852b855
evidence/hardware/p7/authorized_sequence/p7_20260711_stationary_app_r7/003_p7_p6_frame_regression_m2/p7_preflight.stdout.log,9843,d83aed2e34963ffccbf5bdf31b334c2ce3e657a9e78099134a384eaa313c52bb
evidence/hardware/p7/authorized_sequence/p7_20260711_stationary_app_r7/003_p7_p6_frame_regression_m2/p7_preflight_result.txt,512,b9c7b51d551d7f0a98f48b8493aed82542ccd9993966f478228e655b31ebbe84
evidence/hardware/p7/authorized_sequence/p7_20260711_stationary_app_r7/003_p7_p6_frame_regression_m2/p7_shutdown_after.stderr.log,0,e3b0c44298fc1c149afbf4c8996fb92427ae41e4649b934ca495991b7852b855
evidence/hardware/p7/authorized_sequence/p7_20260711_stationary_app_r7/003_p7_p6_frame_regression_m2/p7_shutdown_after.stdout.log,8369,06eed8b5d37a74c74f3c6b4c0fdb5e14015d326ecc9fa25f9d643180b806a7fd
evidence/hardware/p7/authorized_sequence/p7_20260711_stationary_app_r7/003_p7_p6_frame_regression_m2/p7_shutdown_after_result.txt,305,57417596ccd57440d41243b4f76bc001f71cb6fd7df1edd0e2fda194cffbcdea
evidence/hardware/p7/authorized_sequence/p7_20260711_stationary_app_r7/003_p7_p6_frame_regression_m2/p7_shutdown_before.stderr.log,0,e3b0c44298fc1c149afbf4c8996fb92427ae41e4649b934ca495991b7852b855
evidence/hardware/p7/authorized_sequence/p7_20260711_stationary_app_r7/003_p7_p6_frame_regression_m2/p7_shutdown_before.stdout.log,30060,06622b672d053f2936ddf4843d6031bb22bc26334d8e8bd23dcd59b45e2fa77d
evidence/hardware/p7/authorized_sequence/p7_20260711_stationary_app_r7/003_p7_p6_frame_regression_m2/p7_shutdown_before_result.txt,475,c55a4211ff667cbfea8bedbb4ad4ab2b248c2e80cfcfdd2062f4f04473dbb87a
evidence/hardware/p7/authorized_sequence/p7_20260711_stationary_app_r7/historical_preflight_inputs/manifest.json,5330,05683b694f95ee04a873c6b8c99ee0d7342ffc645e4c697407a8b4fb5be3f906
evidence/hardware/p7/authorized_sequence/p7_20260711_stationary_app_r7/historical_preflight_inputs/p4_recovery_authorization_61f676760e875ce2772e2c460e9b3241ebcd013ebacfea715ee79b232316f476.txt,201,61f676760e875ce2772e2c460e9b3241ebcd013ebacfea715ee79b232316f476
evidence/hardware/p7/authorized_sequence/p7_20260711_stationary_app_r7/historical_preflight_inputs/p7_generation_manifest_d4935c7b0b5a1f060bcd765fe261bdb012a3dc5fd133f005a59c9cc0498a0265.json,271136,d4935c7b0b5a1f060bcd765fe261bdb012a3dc5fd133f005a59c9cc0498a0265
evidence/hardware/p7/authorized_sequence/p7_20260711_stationary_app_r7/historical_preflight_inputs/p7_jtag_axi_transactions_f3333ec5_0b1c05ba9de293ef73197739edfd5e91624fa1c8.tcl,26680,68e8b394a8db0ab94ddc1ed4051f8bdc5ce73243e30da6946dc8705ae643b16e
evidence/hardware/p7/authorized_sequence/p7_20260711_stationary_app_r7/historical_preflight_inputs/p7_jtag_backend_f3333ec5_b47de1c9e823a1f0190f233c6848bf0d5ca0223a.py,79756,3ae1b84a68ccdc42120bcfe07b0c1356315d7638a9669d5444c6f588a2884bd9
evidence/hardware/p7/authorized_sequence/p7_20260711_stationary_app_r7/historical_preflight_inputs/p7_offline_gate_summary_7d2622a3fb6afae23eaae9c710dc9f8da9881225debf483e60a4a1cc1a6699dd.json,7626,7d2622a3fb6afae23eaae9c710dc9f8da9881225debf483e60a4a1cc1a6699dd
evidence/hardware/p7/authorized_sequence/p7_20260711_stationary_app_r7/historical_preflight_inputs/p7_sequence_plan_1a5df0cf5f7461f27647d0604f26d0b3de89d6e4fb75c6719869e531c6f9034e.txt,373889,1a5df0cf5f7461f27647d0604f26d0b3de89d6e4fb75c6719869e531c6f9034e
evidence/hardware/p7/authorized_sequence/p7_20260711_stationary_app_r7/historical_preflight_inputs/p7_stage_001_authorization_a50ec51fa5dccc51dc21554343760dabf8db734461b55490bf553274f899bbd1.txt,3283,a50ec51fa5dccc51dc21554343760dabf8db734461b55490bf553274f899bbd1
evidence/hardware/p7/authorized_sequence/p7_20260711_stationary_app_r7/historical_preflight_inputs/p7_stage_001_transactions_d2ea6326755678612eb369635fe7670d26fd9db83801f6066c1755d33b674371.txt,130270,d2ea6326755678612eb369635fe7670d26fd9db83801f6066c1755d33b674371
evidence/hardware/p7/authorized_sequence/p7_20260711_stationary_app_r7/historical_preflight_inputs/run_p7_jtag_axi_stage_safe_f3333ec5_49a73cead8c60acb9c870ce4e5db9ba691b0b3d0.py,140656,225a168954e499261c2b65afd5ca3212e97045ce3acb692e1fbde0ab428b1e6b
evidence/hardware/p7/authorized_sequence/p7_20260711_stationary_app_r7/historical_preflight_inputs/tfdu_lane_phy_f3333ec5_970cbc860290698c4f417959f7e7fc0bcfbd6933.sv,5199,2f515a22fedc5abdf3f58bbdaa6df8baee8a2f919747a3622ece0a63009e920a
evidence/hardware/p7/authorized_sequence/p7_20260711_stationary_app_r7/recovery_shutdown_after_failed_stage3_20260711T071919Z/hardware_authorization.json,1549,00a5045ed3dbb7fad330d3a07620149a35925e6354e9879acdc08705608f4d5d
evidence/hardware/p7/authorized_sequence/p7_20260711_stationary_app_r7/recovery_shutdown_after_failed_stage3_20260711T071919Z/hash_manifest.csv,994,a6e080be2e870ce952367aba8338f2da5d810f35c26744ebe6bb58cfdbaa4bb9
evidence/hardware/p7/authorized_sequence/p7_20260711_stationary_app_r7/recovery_shutdown_after_failed_stage3_20260711T071919Z/hash_manifest.json,2291,5452b038620886007ed719e2d73e07bed4f94ce7c1e3bb0866b88f75aa173b8a
evidence/hardware/p7/authorized_sequence/p7_20260711_stationary_app_r7/recovery_shutdown_after_failed_stage3_20260711T071919Z/program_tfdu_shutdown_safe.summary.txt,1484,72febecdbca6ad49b23cf9ade97acaf82305015aaf030c5383e9d89d6e637f44
evidence/hardware/p7/authorized_sequence/p7_20260711_stationary_app_r7/recovery_shutdown_after_failed_stage3_retry_20260711T071932Z/hardware_authorization.json,1364,5609ffd33329d2975c4b5452e44d7d8ec60c6d70d4f69a46b27713b5fdc91211
evidence/hardware/p7/authorized_sequence/p7_20260711_stationary_app_r7/recovery_shutdown_after_failed_stage3_retry_20260711T071932Z/hash_manifest.csv,994,a6e080be2e870ce952367aba8338f2da5d810f35c26744ebe6bb58cfdbaa4bb9
evidence/hardware/p7/authorized_sequence/p7_20260711_stationary_app_r7/recovery_shutdown_after_failed_stage3_retry_20260711T071932Z/hash_manifest.json,2291,68e1866cc22e58c20edf2f9e796315aa79f7102f8e1e94ff384d60ac5963c974
evidence/hardware/p7/authorized_sequence/p7_20260711_stationary_app_r7/recovery_shutdown_after_failed_stage3_retry_20260711T071932Z/program_tfdu_shutdown_safe.stderr.log,0,e3b0c44298fc1c149afbf4c8996fb92427ae41e4649b934ca495991b7852b855
evidence/hardware/p7/authorized_sequence/p7_20260711_stationary_app_r7/recovery_shutdown_after_failed_stage3_retry_20260711T071932Z/program_tfdu_shutdown_safe.stdout.log,4988,540762b277b2b829c2b0ea17cbfb307f7037131964d9c2aa6ad01980dced7950
evidence/hardware/p7/authorized_sequence/p7_20260711_stationary_app_r7/recovery_shutdown_after_failed_stage3_retry_20260711T071932Z/program_tfdu_shutdown_safe.summary.txt,2067,f3727323a7276a4003933397ceb6e9bbca2d95609ca47f7e10dc5bd48e1cdc91
evidence/hardware/p7/authorized_sequence/p7_20260711_stationary_app_r7/sequence_execution_ledger.json,48977,ee5196191f64b9b5e431b2f973560362c34341a3393de539b392c06006322a21
evidence/hardware/p7/authorized_sequence/p7_20260711_stationary_app_r8/.sequence_execution_ledger_wrapper_logs/001_p7_safe_idle.stderr.log,0,e3b0c44298fc1c149afbf4c8996fb92427ae41e4649b934ca495991b7852b855
evidence/hardware/p7/authorized_sequence/p7_20260711_stationary_app_r8/.sequence_execution_ledger_wrapper_logs/001_p7_safe_idle.stdout.log,74395,da3ef5b0ccc3f7668f8b50ddc2eeea4f7632fda2f3265679d42008725c2d55ba
evidence/hardware/p7/authorized_sequence/p7_20260711_stationary_app_r8/.sequence_execution_ledger_wrapper_logs/002_p7_p6_frame_regression_m1.stderr.log,0,e3b0c44298fc1c149afbf4c8996fb92427ae41e4649b934ca495991b7852b855
evidence/hardware/p7/authorized_sequence/p7_20260711_stationary_app_r8/.sequence_execution_ledger_wrapper_logs/002_p7_p6_frame_regression_m1.stdout.log,369368,54ebd6499c6961a2c1b924c62dff5bdf8a11a13f928cb3b937201a873b0d81f3
evidence/hardware/p7/authorized_sequence/p7_20260711_stationary_app_r8/.sequence_execution_ledger_wrapper_logs/003_p7_p6_frame_regression_m2.stderr.log,0,e3b0c44298fc1c149afbf4c8996fb92427ae41e4649b934ca495991b7852b855
evidence/hardware/p7/authorized_sequence/p7_20260711_stationary_app_r8/.sequence_execution_ledger_wrapper_logs/003_p7_p6_frame_regression_m2.stdout.log,369204,3c9a9763af7384a0fd8baca917e139bc9d5af85fc66e1bc5b1c0c39918e41134
evidence/hardware/p7/authorized_sequence/p7_20260711_stationary_app_r8/.sequence_execution_ledger_wrapper_logs/004_p7_p6_frame_regression_m3.stderr.log,0,e3b0c44298fc1c149afbf4c8996fb92427ae41e4649b934ca495991b7852b855
evidence/hardware/p7/authorized_sequence/p7_20260711_stationary_app_r8/.sequence_execution_ledger_wrapper_logs/004_p7_p6_frame_regression_m3.stdout.log,369322,c25563c15d0c47c1d5e3b3f80af4f36a1b663a426af9be6f9b10cd0416aed9d0
evidence/hardware/p7/authorized_sequence/p7_20260711_stationary_app_r8/.sequence_execution_ledger_wrapper_logs/005_p7_fragment_boundary_0_l0.stderr.log,0,e3b0c44298fc1c149afbf4c8996fb92427ae41e4649b934ca495991b7852b855
evidence/hardware/p7/authorized_sequence/p7_20260711_stationary_app_r8/.sequence_execution_ledger_wrapper_logs/005_p7_fragment_boundary_0_l0.stdout.log,81860,964d97328e1c01cc6860b3b7f9905136b074701be04f6b2ee71bba0fc4b1715d
evidence/hardware/p7/authorized_sequence/p7_20260711_stationary_app_r8/.sequence_execution_ledger_wrapper_logs/006_p7_fragment_boundary_0_l1.stderr.log,0,e3b0c44298fc1c149afbf4c8996fb92427ae41e4649b934ca495991b7852b855
evidence/hardware/p7/authorized_sequence/p7_20260711_stationary_app_r8/.sequence_execution_ledger_wrapper_logs/006_p7_fragment_boundary_0_l1.stdout.log,81819,28eb76f6adc2d81e1c6a3f80eb854c522eac73cd3599d4932dbb4649e8902d22
evidence/hardware/p7/authorized_sequence/p7_20260711_stationary_app_r8/.sequence_execution_ledger_wrapper_logs/007_p7_fragment_boundary_0_rr.stderr.log,0,e3b0c44298fc1c149afbf4c8996fb92427ae41e4649b934ca495991b7852b855
evidence/hardware/p7/authorized_sequence/p7_20260711_stationary_app_r8/.sequence_execution_ledger_wrapper_logs/007_p7_fragment_boundary_0_rr.stdout.log,81821,b369a7a89ee4506cb1c95788fe86c246e0d580a511108a6967b3216802bd3720
evidence/hardware/p7/authorized_sequence/p7_20260711_stationary_app_r8/.sequence_execution_ledger_wrapper_logs/008_p7_fragment_boundary_0_rep3.stderr.log,0,e3b0c44298fc1c149afbf4c8996fb92427ae41e4649b934ca495991b7852b855
evidence/hardware/p7/authorized_sequence/p7_20260711_stationary_app_r8/.sequence_execution_ledger_wrapper_logs/008_p7_fragment_boundary_0_rep3.stdout.log,81827,21efbe20ab311f0f282d8d62fd5961e9b9707ac7d36d9e7fadf70f4625c8d5fd
evidence/hardware/p7/authorized_sequence/p7_20260711_stationary_app_r8/.sequence_execution_ledger_wrapper_logs/009_p7_fragment_boundary_1_l0.stderr.log,0,e3b0c44298fc1c149afbf4c8996fb92427ae41e4649b934ca495991b7852b855
evidence/hardware/p7/authorized_sequence/p7_20260711_stationary_app_r8/.sequence_execution_ledger_wrapper_logs/009_p7_fragment_boundary_1_l0.stdout.log,82761,d2ca3e2a26e90fcdf377a11e538eb1bd8fbc0c27678e4a43e12631c7a421fdff
evidence/hardware/p7/authorized_sequence/p7_20260711_stationary_app_r8/.sequence_execution_ledger_wrapper_logs/010_p7_fragment_boundary_1_l1.stderr.log,0,e3b0c44298fc1c149afbf4c8996fb92427ae41e4649b934ca495991b7852b855
evidence/hardware/p7/authorized_sequence/p7_20260711_stationary_app_r8/.sequence_execution_ledger_wrapper_logs/010_p7_fragment_boundary_1_l1.stdout.log,81982,0d29735edf488ae42271e33603ba716c0e9fe1f1a9fd466a6e3f26179044116c
evidence/hardware/p7/authorized_sequence/p7_20260711_stationary_app_r8/.sequence_execution_ledger_wrapper_logs/011_p7_fragment_boundary_1_rr.stderr.log,0,e3b0c44298fc1c149afbf4c8996fb92427ae41e4649b934ca495991b7852b855
evidence/hardware/p7/authorized_sequence/p7_20260711_stationary_app_r8/.sequence_execution_ledger_wrapper_logs/011_p7_fragment_boundary_1_rr.stdout.log,82086,c3981c98c9521732fd0eab845308925839625d88d5f6044ea5a917e7c345f364
evidence/hardware/p7/authorized_sequence/p7_20260711_stationary_app_r8/.sequence_execution_ledger_wrapper_logs/012_p7_fragment_boundary_1_rep3.stderr.log,0,e3b0c44298fc1c149afbf4c8996fb92427ae41e4649b934ca495991b7852b855
evidence/hardware/p7/authorized_sequence/p7_20260711_stationary_app_r8/.sequence_execution_ledger_wrapper_logs/012_p7_fragment_boundary_1_rep3.stdout.log,82044,670c8fe97470313b230b5284c4a5f1236536fab8447e58f1e62d1adbb985c09b
evidence/hardware/p7/authorized_sequence/p7_20260711_stationary_app_r8/.sequence_execution_ledger_wrapper_logs/013_p7_fragment_boundary_30_l0.stderr.log,0,e3b0c44298fc1c149afbf4c8996fb92427ae41e4649b934ca495991b7852b855
evidence/hardware/p7/authorized_sequence/p7_20260711_stationary_app_r8/.sequence_execution_ledger_wrapper_logs/013_p7_fragment_boundary_30_l0.stdout.log,84261,0b9ebc8b8092e33c802ab199b0ba5572cf72b3a647fa8fc92f5dfbf3bd056000
evidence/hardware/p7/authorized_sequence/p7_20260711_stationary_app_r8/.sequence_execution_ledger_wrapper_logs/014_p7_fragment_boundary_30_l1.stderr.log,0,e3b0c44298fc1c149afbf4c8996fb92427ae41e4649b934ca495991b7852b855
evidence/hardware/p7/authorized_sequence/p7_20260711_stationary_app_r8/.sequence_execution_ledger_wrapper_logs/014_p7_fragment_boundary_30_l1.stdout.log,83456,907b4ed4560299e56df7bd161d8f655922a8d4babc9225d570230afd17815470
evidence/hardware/p7/authorized_sequence/p7_20260711_stationary_app_r8/.sequence_execution_ledger_wrapper_logs/015_p7_fragment_boundary_30_rr.stderr.log,0,e3b0c44298fc1c149afbf4c8996fb92427ae41e4649b934ca495991b7852b855
evidence/hardware/p7/authorized_sequence/p7_20260711_stationary_app_r8/.sequence_execution_ledger_wrapper_logs/015_p7_fragment_boundary_30_rr.stdout.log,83497,f3824c9666d35563b506b8aa9c45d2559b99e1e5e1d14b6bbb93d8a207fbc9b5
evidence/hardware/p7/authorized_sequence/p7_20260711_stationary_app_r8/.sequence_execution_ledger_wrapper_logs/016_p7_fragment_boundary_30_rep3.stderr.log,0,e3b0c44298fc1c149afbf4c8996fb92427ae41e4649b934ca495991b7852b855
evidence/hardware/p7/authorized_sequence/p7_20260711_stationary_app_r8/.sequence_execution_ledger_wrapper_logs/016_p7_fragment_boundary_30_rep3.stdout.log,83568,e543b8169207971a217e1407d429c6c4a624aaff20e9ca72eaf7545d8abcf1dc
evidence/hardware/p7/authorized_sequence/p7_20260711_stationary_app_r8/.sequence_execution_ledger_wrapper_logs/017_p7_fragment_boundary_214_l0.stderr.log,0,e3b0c44298fc1c149afbf4c8996fb92427ae41e4649b934ca495991b7852b855
evidence/hardware/p7/authorized_sequence/p7_20260711_stationary_app_r8/.sequence_execution_ledger_wrapper_logs/017_p7_fragment_boundary_214_l0.stdout.log,92882,04fdfcde2808aed570e608f43362f185032fe01a19ebc90a5fae4f5663c3cca2
evidence/hardware/p7/authorized_sequence/p7_20260711_stationary_app_r8/.sequence_execution_ledger_wrapper_logs/018_p7_fragment_boundary_214_l1.stderr.log,0,e3b0c44298fc1c149afbf4c8996fb92427ae41e4649b934ca495991b7852b855
evidence/hardware/p7/authorized_sequence/p7_20260711_stationary_app_r8/.sequence_execution_ledger_wrapper_logs/018_p7_fragment_boundary_214_l1.stdout.log,92712,e3ab2cf643fd4126ce348fdee2912ba5957a2d94c04fa66d7f372e2f7edeb217
evidence/hardware/p7/authorized_sequence/p7_20260711_stationary_app_r8/.sequence_execution_ledger_wrapper_logs/019_p7_fragment_boundary_214_rr.stderr.log,0,e3b0c44298fc1c149afbf4c8996fb92427ae41e4649b934ca495991b7852b855
evidence/hardware/p7/authorized_sequence/p7_20260711_stationary_app_r8/.sequence_execution_ledger_wrapper_logs/019_p7_fragment_boundary_214_rr.stdout.log,92660,75bea45b1c393fee3928891c79b9c114476975ee76954755e4c34ee578a91e95
evidence/hardware/p7/authorized_sequence/p7_20260711_stationary_app_r8/.sequence_execution_ledger_wrapper_logs/020_p7_fragment_boundary_214_rep3.stderr.log,0,e3b0c44298fc1c149afbf4c8996fb92427ae41e4649b934ca495991b7852b855
evidence/hardware/p7/authorized_sequence/p7_20260711_stationary_app_r8/.sequence_execution_ledger_wrapper_logs/020_p7_fragment_boundary_214_rep3.stdout.log,92799,88d3ac26efb34163f7c5b4f7f35dd097e00d68b642481a8b11db84d7d2897fb6
evidence/hardware/p7/authorized_sequence/p7_20260711_stationary_app_r8/.sequence_execution_ledger_wrapper_logs/021_p7_fragment_boundary_215_l0.stderr.log,0,e3b0c44298fc1c149afbf4c8996fb92427ae41e4649b934ca495991b7852b855
evidence/hardware/p7/authorized_sequence/p7_20260711_stationary_app_r8/.sequence_execution_ledger_wrapper_logs/021_p7_fragment_boundary_215_l0.stdout.log,92752,a7aa96915780b3bba5e573d492a31c70309aed71977bd178d17f96fe647fa96b
evidence/hardware/p7/authorized_sequence/p7_20260711_stationary_app_r8/.sequence_execution_ledger_wrapper_logs/022_p7_fragment_boundary_215_l1.stderr.log,0,e3b0c44298fc1c149afbf4c8996fb92427ae41e4649b934ca495991b7852b855
evidence/hardware/p7/authorized_sequence/p7_20260711_stationary_app_r8/.sequence_execution_ledger_wrapper_logs/022_p7_fragment_boundary_215_l1.stdout.log,92858,268262762c160e58c90c2e63fa1fdb572a0a6f7ee334d6c65ab05af2e8110eb9
evidence/hardware/p7/authorized_sequence/p7_20260711_stationary_app_r8/.sequence_execution_ledger_wrapper_logs/023_p7_fragment_boundary_215_rr.stderr.log,0,e3b0c44298fc1c149afbf4c8996fb92427ae41e4649b934ca495991b7852b855
evidence/hardware/p7/authorized_sequence/p7_20260711_stationary_app_r8/.sequence_execution_ledger_wrapper_logs/023_p7_fragment_boundary_215_rr.stdout.log,93620,d8f0b101d3f3711dd9b7186cadfd235c97353c85e977de3866ebd75e8d447e61
evidence/hardware/p7/authorized_sequence/p7_20260711_stationary_app_r8/.sequence_execution_ledger_wrapper_logs/024_p7_fragment_boundary_215_rep3.stderr.log,0,e3b0c44298fc1c149afbf4c8996fb92427ae41e4649b934ca495991b7852b855
evidence/hardware/p7/authorized_sequence/p7_20260711_stationary_app_r8/.sequence_execution_ledger_wrapper_logs/024_p7_fragment_boundary_215_rep3.stdout.log,93622,3ccb6c7d7cdc8ef6ce2f660723e7a66cff4576f0d20c4922420a58341961d6f3
evidence/hardware/p7/authorized_sequence/p7_20260711_stationary_app_r8/.sequence_execution_ledger_wrapper_logs/025_p7_fragment_boundary_216_l0.stderr.log,0,e3b0c44298fc1c149afbf4c8996fb92427ae41e4649b934ca495991b7852b855
evidence/hardware/p7/authorized_sequence/p7_20260711_stationary_app_r8/.sequence_execution_ledger_wrapper_logs/025_p7_fragment_boundary_216_l0.stdout.log,97255,6ffda8376bb1fa29e185be7fdcd89e888336a4fe36f72bca02137e4d5bb3f7de
evidence/hardware/p7/authorized_sequence/p7_20260711_stationary_app_r8/.sequence_execution_ledger_wrapper_logs/026_p7_fragment_boundary_216_l1.stderr.log,0,e3b0c44298fc1c149afbf4c8996fb92427ae41e4649b934ca495991b7852b855
evidence/hardware/p7/authorized_sequence/p7_20260711_stationary_app_r8/.sequence_execution_ledger_wrapper_logs/026_p7_fragment_boundary_216_l1.stdout.log,97221,b83ce141170361c5dcc8d96a31fd8541ba037ebb6e840f3184ed3b7f6b70c616
evidence/hardware/p7/authorized_sequence/p7_20260711_stationary_app_r8/.sequence_execution_ledger_wrapper_logs/027_p7_fragment_boundary_216_rr.stderr.log,0,e3b0c44298fc1c149afbf4c8996fb92427ae41e4649b934ca495991b7852b855
evidence/hardware/p7/authorized_sequence/p7_20260711_stationary_app_r8/.sequence_execution_ledger_wrapper_logs/027_p7_fragment_boundary_216_rr.stdout.log,97252,2e0da7308ddee4cfd0fecaa6dcd5d27bc90136b49a82466956ba597da6652197
evidence/hardware/p7/authorized_sequence/p7_20260711_stationary_app_r8/.sequence_execution_ledger_wrapper_logs/028_p7_fragment_boundary_216_rep3.stderr.log,0,e3b0c44298fc1c149afbf4c8996fb92427ae41e4649b934ca495991b7852b855
evidence/hardware/p7/authorized_sequence/p7_20260711_stationary_app_r8/.sequence_execution_ledger_wrapper_logs/028_p7_fragment_boundary_216_rep3.stdout.log,96179,cf8cb80227868fd5c6a1892af86f5863c6117d98e60c154e057231d34cab1894
evidence/hardware/p7/authorized_sequence/p7_20260711_stationary_app_r8/.sequence_execution_ledger_wrapper_logs/029_p7_fragment_boundary_247_l0.stderr.log,0,e3b0c44298fc1c149afbf4c8996fb92427ae41e4649b934ca495991b7852b855
evidence/hardware/p7/authorized_sequence/p7_20260711_stationary_app_r8/.sequence_execution_ledger_wrapper_logs/029_p7_fragment_boundary_247_l0.stdout.log,98525,6d330b3d637ca47561fa9f929ece6f5fc1e87d6fbecf628109ab7d7f22845fd3
evidence/hardware/p7/authorized_sequence/p7_20260711_stationary_app_r8/.sequence_execution_ledger_wrapper_logs/030_p7_fragment_boundary_247_l1.stderr.log,0,e3b0c44298fc1c149afbf4c8996fb92427ae41e4649b934ca495991b7852b855
evidence/hardware/p7/authorized_sequence/p7_20260711_stationary_app_r8/.sequence_execution_ledger_wrapper_logs/030_p7_fragment_boundary_247_l1.stdout.log,99245,513834600a0c5876d38ac93ce95f986222169a6566599a17d6ae42524c29a179
evidence/hardware/p7/authorized_sequence/p7_20260711_stationary_app_r8/.sequence_execution_ledger_wrapper_logs/031_p7_fragment_boundary_247_rr.stderr.log,0,e3b0c44298fc1c149afbf4c8996fb92427ae41e4649b934ca495991b7852b855
evidence/hardware/p7/authorized_sequence/p7_20260711_stationary_app_r8/.sequence_execution_ledger_wrapper_logs/031_p7_fragment_boundary_247_rr.stdout.log,99267,b8512a3a3ab783f46481954828d016ce2bdec9b3879176ae1e1d0862ec80ac58
evidence/hardware/p7/authorized_sequence/p7_20260711_stationary_app_r8/.sequence_execution_ledger_wrapper_logs/032_p7_fragment_boundary_247_rep3.stderr.log,0,e3b0c44298fc1c149afbf4c8996fb92427ae41e4649b934ca495991b7852b855
evidence/hardware/p7/authorized_sequence/p7_20260711_stationary_app_r8/.sequence_execution_ledger_wrapper_logs/032_p7_fragment_boundary_247_rep3.stdout.log,98614,88de7b9f3fe02f734e88d20afb333b28539b534481cadfdef5f46097916a071a
evidence/hardware/p7/authorized_sequence/p7_20260711_stationary_app_r8/.sequence_execution_ledger_wrapper_logs/033_p7_fragment_boundary_248_l0.stderr.log,0,e3b0c44298fc1c149afbf4c8996fb92427ae41e4649b934ca495991b7852b855
evidence/hardware/p7/authorized_sequence/p7_20260711_stationary_app_r8/.sequence_execution_ledger_wrapper_logs/033_p7_fragment_boundary_248_l0.stdout.log,98942,944cc39c8a1905f6d954daa66252d98fd9591c9bf40852208b9dc3f6c90f1bb9
evidence/hardware/p7/authorized_sequence/p7_20260711_stationary_app_r8/.sequence_execution_ledger_wrapper_logs/034_p7_fragment_boundary_248_l1.stderr.log,0,e3b0c44298fc1c149afbf4c8996fb92427ae41e4649b934ca495991b7852b855
evidence/hardware/p7/authorized_sequence/p7_20260711_stationary_app_r8/.sequence_execution_ledger_wrapper_logs/034_p7_fragment_boundary_248_l1.stdout.log,98774,1856e05ee83fd3212a7c7387a54e3db323691fa2baea1b727b45f0df04d4a394
evidence/hardware/p7/authorized_sequence/p7_20260711_stationary_app_r8/.sequence_execution_ledger_wrapper_logs/035_p7_fragment_boundary_248_rr.stderr.log,0,e3b0c44298fc1c149afbf4c8996fb92427ae41e4649b934ca495991b7852b855
evidence/hardware/p7/authorized_sequence/p7_20260711_stationary_app_r8/.sequence_execution_ledger_wrapper_logs/035_p7_fragment_boundary_248_rr.stdout.log,99522,143712a7c6f39de88fd070542927242e3d1bfff8b6951b20e113f78d2ba033bb
evidence/hardware/p7/authorized_sequence/p7_20260711_stationary_app_r8/.sequence_execution_ledger_wrapper_logs/036_p7_fragment_boundary_248_rep3.stderr.log,0,e3b0c44298fc1c149afbf4c8996fb92427ae41e4649b934ca495991b7852b855
evidence/hardware/p7/authorized_sequence/p7_20260711_stationary_app_r8/.sequence_execution_ledger_wrapper_logs/036_p7_fragment_boundary_248_rep3.stdout.log,99065,c71c302aba7255d8841761a24ed33b1bde130f972fb5db395e03ab004c6f5a5c
evidence/hardware/p7/authorized_sequence/p7_20260711_stationary_app_r8/.sequence_execution_ledger_wrapper_logs/037_p7_fragment_boundary_430_l0.stderr.log,0,e3b0c44298fc1c149afbf4c8996fb92427ae41e4649b934ca495991b7852b855
evidence/hardware/p7/authorized_sequence/p7_20260711_stationary_app_r8/.sequence_execution_ledger_wrapper_logs/037_p7_fragment_boundary_430_l0.stdout.log,108771,13aaae977cdf64877cb3423fab70b648bbb24652fc6d51bbffa039f0a60baf75
evidence/hardware/p7/authorized_sequence/p7_20260711_stationary_app_r8/.sequence_execution_ledger_wrapper_logs/038_p7_fragment_boundary_430_l1.stderr.log,0,e3b0c44298fc1c149afbf4c8996fb92427ae41e4649b934ca495991b7852b855
evidence/hardware/p7/authorized_sequence/p7_20260711_stationary_app_r8/.sequence_execution_ledger_wrapper_logs/038_p7_fragment_boundary_430_l1.stdout.log,107832,7ed98a249239ce92bf42c66f2df4f6dde3525a6f4829a17f0a7ea63672f7c94e
evidence/hardware/p7/authorized_sequence/p7_20260711_stationary_app_r8/.sequence_execution_ledger_wrapper_logs/039_p7_fragment_boundary_430_rr.stderr.log,0,e3b0c44298fc1c149afbf4c8996fb92427ae41e4649b934ca495991b7852b855
evidence/hardware/p7/authorized_sequence/p7_20260711_stationary_app_r8/.sequence_execution_ledger_wrapper_logs/039_p7_fragment_boundary_430_rr.stdout.log,107948,0e8c8b569ed28d7bc1d0e3362eb37774901ea022b79a931a9f6661cb4dbe85b2
evidence/hardware/p7/authorized_sequence/p7_20260711_stationary_app_r8/.sequence_execution_ledger_wrapper_logs/040_p7_fragment_boundary_430_rep3.stderr.log,0,e3b0c44298fc1c149afbf4c8996fb92427ae41e4649b934ca495991b7852b855
evidence/hardware/p7/authorized_sequence/p7_20260711_stationary_app_r8/.sequence_execution_ledger_wrapper_logs/040_p7_fragment_boundary_430_rep3.stdout.log,108804,39d5dfcdd92ecd68404bfd95d760c4ed19000abe3f71e04cfcd537ed95c6efa0
evidence/hardware/p7/authorized_sequence/p7_20260711_stationary_app_r8/.sequence_execution_ledger_wrapper_logs/041_p7_fragment_boundary_431_l0.stderr.log,0,e3b0c44298fc1c149afbf4c8996fb92427ae41e4649b934ca495991b7852b855
evidence/hardware/p7/authorized_sequence/p7_20260711_stationary_app_r8/.sequence_execution_ledger_wrapper_logs/041_p7_fragment_boundary_431_l0.stdout.log,112263,27ebf29229f79393539d82f0c8d066c2ed853f092387fc6368d9ca253bbb7068
evidence/hardware/p7/authorized_sequence/p7_20260711_stationary_app_r8/.sequence_execution_ledger_wrapper_logs/042_p7_fragment_boundary_431_l1.stderr.log,0,e3b0c44298fc1c149afbf4c8996fb92427ae41e4649b934ca495991b7852b855
evidence/hardware/p7/authorized_sequence/p7_20260711_stationary_app_r8/.sequence_execution_ledger_wrapper_logs/042_p7_fragment_boundary_431_l1.stdout.log,112219,2de76e6eafa7d0bf48bb08ee1dea81e0a776fcf0af45d3dfa6e922a47ce0879f
evidence/hardware/p7/authorized_sequence/p7_20260711_stationary_app_r8/.sequence_execution_ledger_wrapper_logs/043_p7_fragment_boundary_431_rr.stderr.log,0,e3b0c44298fc1c149afbf4c8996fb92427ae41e4649b934ca495991b7852b855
evidence/hardware/p7/authorized_sequence/p7_20260711_stationary_app_r8/.sequence_execution_ledger_wrapper_logs/043_p7_fragment_boundary_431_rr.stdout.log,111234,0dbab445405db4fac68d298ac2065b73c4836e979116d468e3d186c859e4fc33
evidence/hardware/p7/authorized_sequence/p7_20260711_stationary_app_r8/.sequence_execution_ledger_wrapper_logs/044_p7_fragment_boundary_431_rep3.stderr.log,0,e3b0c44298fc1c149afbf4c8996fb92427ae41e4649b934ca495991b7852b855
evidence/hardware/p7/authorized_sequence/p7_20260711_stationary_app_r8/.sequence_execution_ledger_wrapper_logs/044_p7_fragment_boundary_431_rep3.stdout.log,112378,07e5c79412f7e5431b9b5c6bd13487c9e6522d7ffc2e3a4f38d4719395df3a4c
evidence/hardware/p7/authorized_sequence/p7_20260711_stationary_app_r8/.sequence_execution_ledger_wrapper_logs/045_p7_fragment_boundary_432_l0.stderr.log,0,e3b0c44298fc1c149afbf4c8996fb92427ae41e4649b934ca495991b7852b855
evidence/hardware/p7/authorized_sequence/p7_20260711_stationary_app_r8/.sequence_execution_ledger_wrapper_logs/045_p7_fragment_boundary_432_l0.stdout.log,112249,3eaf1696d8ce22971583a8f8040d903c3f52d666ee7b46e5a58f57c98db69239
evidence/hardware/p7/authorized_sequence/p7_20260711_stationary_app_r8/.sequence_execution_ledger_wrapper_logs/046_p7_fragment_boundary_432_l1.stderr.log,0,e3b0c44298fc1c149afbf4c8996fb92427ae41e4649b934ca495991b7852b855
evidence/hardware/p7/authorized_sequence/p7_20260711_stationary_app_r8/.sequence_execution_ledger_wrapper_logs/046_p7_fragment_boundary_432_l1.stdout.log,112906,853b6e54214a9a016bc35fe47ee6b23d26a93ae993867798c6092ac3a179ef21
evidence/hardware/p7/authorized_sequence/p7_20260711_stationary_app_r8/.sequence_execution_ledger_wrapper_logs/047_p7_fragment_boundary_432_rr.stderr.log,0,e3b0c44298fc1c149afbf4c8996fb92427ae41e4649b934ca495991b7852b855
evidence/hardware/p7/authorized_sequence/p7_20260711_stationary_app_r8/.sequence_execution_ledger_wrapper_logs/047_p7_fragment_boundary_432_rr.stdout.log,112427,c3af2b9983ec02c3c5ce3b37266f5f0dcdf18c3e475f8786d26b7808121bf341
evidence/hardware/p7/authorized_sequence/p7_20260711_stationary_app_r8/.sequence_execution_ledger_wrapper_logs/048_p7_fragment_boundary_432_rep3.stderr.log,0,e3b0c44298fc1c149afbf4c8996fb92427ae41e4649b934ca495991b7852b855
evidence/hardware/p7/authorized_sequence/p7_20260711_stationary_app_r8/.sequence_execution_ledger_wrapper_logs/048_p7_fragment_boundary_432_rep3.stdout.log,113040,a89c56184a9e667837dc4823a93a518215cd092e743a3b1ff0fd35ebabd5ec53
evidence/hardware/p7/authorized_sequence/p7_20260711_stationary_app_r8/.sequence_execution_ledger_wrapper_logs/049_p7_fragment_boundary_1024_l0.stderr.log,0,e3b0c44298fc1c149afbf4c8996fb92427ae41e4649b934ca495991b7852b855
evidence/hardware/p7/authorized_sequence/p7_20260711_stationary_app_r8/.sequence_execution_ledger_wrapper_logs/049_p7_fragment_boundary_1024_l0.stdout.log,150515,e5c5c65dc90a11a45660328437c38105f3137074596ed01b771098bee68b9993
evidence/hardware/p7/authorized_sequence/p7_20260711_stationary_app_r8/.sequence_execution_ledger_wrapper_logs/050_p7_fragment_boundary_1024_l1.stderr.log,0,e3b0c44298fc1c149afbf4c8996fb92427ae41e4649b934ca495991b7852b855
evidence/hardware/p7/authorized_sequence/p7_20260711_stationary_app_r8/.sequence_execution_ledger_wrapper_logs/050_p7_fragment_boundary_1024_l1.stdout.log,150595,774834394035db8bf0f41c9f6b25458678fc304dfccfcde733e08a2076ff588a
evidence/hardware/p7/authorized_sequence/p7_20260711_stationary_app_r8/.sequence_execution_ledger_wrapper_logs/051_p7_fragment_boundary_1024_rr.stderr.log,0,e3b0c44298fc1c149afbf4c8996fb92427ae41e4649b934ca495991b7852b855
evidence/hardware/p7/authorized_sequence/p7_20260711_stationary_app_r8/.sequence_execution_ledger_wrapper_logs/051_p7_fragment_boundary_1024_rr.stdout.log,150579,5a27152267c156842afea7a878105078288ad92ace528a1493edaf5350890902
evidence/hardware/p7/authorized_sequence/p7_20260711_stationary_app_r8/.sequence_execution_ledger_wrapper_logs/052_p7_fragment_boundary_1024_rep3.stderr.log,0,e3b0c44298fc1c149afbf4c8996fb92427ae41e4649b934ca495991b7852b855
evidence/hardware/p7/authorized_sequence/p7_20260711_stationary_app_r8/.sequence_execution_ledger_wrapper_logs/052_p7_fragment_boundary_1024_rep3.stdout.log,150756,305862ecae79787265af0ee7375b9040194a82e2df38cf2c32aa4a0b196f6225
evidence/hardware/p7/authorized_sequence/p7_20260711_stationary_app_r8/.sequence_execution_ledger_wrapper_logs/053_p7_large_jtag_4k_rr_random.stderr.log,0,e3b0c44298fc1c149afbf4c8996fb92427ae41e4649b934ca495991b7852b855
evidence/hardware/p7/authorized_sequence/p7_20260711_stationary_app_r8/.sequence_execution_ledger_wrapper_logs/053_p7_large_jtag_4k_rr_random.stdout.log,368254,2aee9af011b43a9354a000b0fb6d1b3543d5ecf744f87138d044e7b6cf85197d
evidence/hardware/p7/authorized_sequence/p7_20260711_stationary_app_r8/.sequence_execution_ledger_wrapper_logs/054_p7_large_jtag_64k_rr_counter.stderr.log,0,e3b0c44298fc1c149afbf4c8996fb92427ae41e4649b934ca495991b7852b855
evidence/hardware/p7/authorized_sequence/p7_20260711_stationary_app_r8/.sequence_execution_ledger_wrapper_logs/054_p7_large_jtag_64k_rr_counter.stdout.log,4680159,a1973b56de536461c128e467a8ba0e28500436d0192f81dfe8648dc5f24dfcd9
evidence/hardware/p7/authorized_sequence/p7_20260711_stationary_app_r8/.sequence_execution_ledger_wrapper_logs/055_p7_large_jtag_64k_rr_prbs15.stderr.log,0,e3b0c44298fc1c149afbf4c8996fb92427ae41e4649b934ca495991b7852b855
evidence/hardware/p7/authorized_sequence/p7_20260711_stationary_app_r8/.sequence_execution_ledger_wrapper_logs/055_p7_large_jtag_64k_rr_prbs15.stdout.log,4679050,97dd63ef3bcc6226389a64b8d72fe0b9e0b0a30c59a4844328b12dd71af81fe3
evidence/hardware/p7/authorized_sequence/p7_20260711_stationary_app_r8/001_p7_safe_idle/p7_jtag_axi_raw_result.txt,823,be4366eb4d00461ac9a851f0fd650d7999e066ed28252465bf69b4be6a381235
evidence/hardware/p7/authorized_sequence/p7_20260711_stationary_app_r8/001_p7_safe_idle/p7_jtag_axi_stage.stderr.log,0,e3b0c44298fc1c149afbf4c8996fb92427ae41e4649b934ca495991b7852b855
evidence/hardware/p7/authorized_sequence/p7_20260711_stationary_app_r8/001_p7_safe_idle/p7_jtag_axi_stage.stdout.log,30801,e2da3a998f2c49eb0aa2c6f3da6b11ca703f43afb0f475d241a98c6c67956ae5
evidence/hardware/p7/authorized_sequence/p7_20260711_stationary_app_r8/001_p7_safe_idle/p7_jtag_axi_stage_events.jsonl,1228,f6aac31f1851d770e43c35c28afdc551b1b7a3a6ab491257a71dd6bc1af897ec
evidence/hardware/p7/authorized_sequence/p7_20260711_stationary_app_r8/001_p7_safe_idle/p7_jtag_axi_stage_summary.json,72307,091da797abab394dd54e6f32cbe3ac96be7ea36993518145269c8b699ec95a80
evidence/hardware/p7/authorized_sequence/p7_20260711_stationary_app_r8/001_p7_safe_idle/p7_preflight.stderr.log,0,e3b0c44298fc1c149afbf4c8996fb92427ae41e4649b934ca495991b7852b855
evidence/hardware/p7/authorized_sequence/p7_20260711_stationary_app_r8/001_p7_safe_idle/p7_preflight.stdout.log,9843,7a8de030003ccf445a3f8c6e94da102d2349011e07724afb02a4f5d169b4bcf7
evidence/hardware/p7/authorized_sequence/p7_20260711_stationary_app_r8/001_p7_safe_idle/p7_preflight_result.txt,512,b9c7b51d551d7f0a98f48b8493aed82542ccd9993966f478228e655b31ebbe84
evidence/hardware/p7/authorized_sequence/p7_20260711_stationary_app_r8/001_p7_safe_idle/p7_safe_idle_parse_summary.json,733,3991bcae4b2f298c8be2154c634b5180d1751df472c7cdece3aa168622e6c8d7
evidence/hardware/p7/authorized_sequence/p7_20260711_stationary_app_r8/001_p7_safe_idle/p7_shutdown_after.stderr.log,0,e3b0c44298fc1c149afbf4c8996fb92427ae41e4649b934ca495991b7852b855
evidence/hardware/p7/authorized_sequence/p7_20260711_stationary_app_r8/001_p7_safe_idle/p7_shutdown_after.stdout.log,30060,117fb686e9e4bd83a305a7ab9cd7b0df4493389651da8f71f1e4ccce73732eca
evidence/hardware/p7/authorized_sequence/p7_20260711_stationary_app_r8/001_p7_safe_idle/p7_shutdown_after_result.txt,475,c55a4211ff667cbfea8bedbb4ad4ab2b248c2e80cfcfdd2062f4f04473dbb87a
evidence/hardware/p7/authorized_sequence/p7_20260711_stationary_app_r8/001_p7_safe_idle/p7_shutdown_before.stderr.log,0,e3b0c44298fc1c149afbf4c8996fb92427ae41e4649b934ca495991b7852b855
evidence/hardware/p7/authorized_sequence/p7_20260711_stationary_app_r8/001_p7_safe_idle/p7_shutdown_before.stdout.log,30060,640d843644d1a85b30925f226aa869fb5bc25730916fd5cd09b1a098b099db95
evidence/hardware/p7/authorized_sequence/p7_20260711_stationary_app_r8/001_p7_safe_idle/p7_shutdown_before_result.txt,475,c55a4211ff667cbfea8bedbb4ad4ab2b248c2e80cfcfdd2062f4f04473dbb87a
evidence/hardware/p7/authorized_sequence/p7_20260711_stationary_app_r8/002_p7_p6_frame_regression_m1/p7_jtag_axi_raw_result.txt,79492,d7c4eab196f966c11a4d3d216f25f1532275abdc6373e5513ae906ddbf89d1f4
evidence/hardware/p7/authorized_sequence/p7_20260711_stationary_app_r8/002_p7_p6_frame_regression_m1/p7_jtag_axi_stage.stderr.log,0,e3b0c44298fc1c149afbf4c8996fb92427ae41e4649b934ca495991b7852b855
evidence/hardware/p7/authorized_sequence/p7_20260711_stationary_app_r8/002_p7_p6_frame_regression_m1/p7_jtag_axi_stage.stdout.log,35621,98dca4ac5efd51430f889f6238327dac1a4836c04d113b4ce90d082829d6eac3
evidence/hardware/p7/authorized_sequence/p7_20260711_stationary_app_r8/002_p7_p6_frame_regression_m1/p7_jtag_axi_stage_events.jsonl,1236,9e817fabbbdde2ef2779f0d2532d8ae2c60ce33aca831ee1cd3a292eea13e02f
evidence/hardware/p7/authorized_sequence/p7_20260711_stationary_app_r8/002_p7_p6_frame_regression_m1/p7_jtag_axi_stage_summary.json,355958,dc5da4187124480c653d810d5ad143541eed321be45e0c555eaa6b4d28663332
evidence/hardware/p7/authorized_sequence/p7_20260711_stationary_app_r8/002_p7_p6_frame_regression_m1/p7_jtag_backend_parse_summary.json,41116,ed746f39a4cad066a2cf515d2c3ca007ecb910901819ee3dfc991265006c2eaa
evidence/hardware/p7/authorized_sequence/p7_20260711_stationary_app_r8/002_p7_p6_frame_regression_m1/p7_jtag_reassembled_output.bin,4096,d63320acd81e8ea9e08c7932552f04ca8bd45a673c40003ff4f7b6143d91081d
evidence/hardware/p7/authorized_sequence/p7_20260711_stationary_app_r8/002_p7_p6_frame_regression_m1/p7_preflight.stderr.log,0,e3b0c44298fc1c149afbf4c8996fb92427ae41e4649b934ca495991b7852b855
evidence/hardware/p7/authorized_sequence/p7_20260711_stationary_app_r8/002_p7_p6_frame_regression_m1/p7_preflight.stdout.log,9843,e5e0323ce55f79abfb3f25ff650d54fb14b84b0cfa14184d7e8514b2564dd661
evidence/hardware/p7/authorized_sequence/p7_20260711_stationary_app_r8/002_p7_p6_frame_regression_m1/p7_preflight_result.txt,512,b9c7b51d551d7f0a98f48b8493aed82542ccd9993966f478228e655b31ebbe84
evidence/hardware/p7/authorized_sequence/p7_20260711_stationary_app_r8/002_p7_p6_frame_regression_m1/p7_shutdown_after.stderr.log,0,e3b0c44298fc1c149afbf4c8996fb92427ae41e4649b934ca495991b7852b855
evidence/hardware/p7/authorized_sequence/p7_20260711_stationary_app_r8/002_p7_p6_frame_regression_m1/p7_shutdown_after.stdout.log,30060,b6861e736e5968715422e951a2dd17e18d9d37df320e7d07b98086d078dbe43e
evidence/hardware/p7/authorized_sequence/p7_20260711_stationary_app_r8/002_p7_p6_frame_regression_m1/p7_shutdown_after_result.txt,475,c55a4211ff667cbfea8bedbb4ad4ab2b248c2e80cfcfdd2062f4f04473dbb87a
evidence/hardware/p7/authorized_sequence/p7_20260711_stationary_app_r8/002_p7_p6_frame_regression_m1/p7_shutdown_before.stderr.log,0,e3b0c44298fc1c149afbf4c8996fb92427ae41e4649b934ca495991b7852b855
evidence/hardware/p7/authorized_sequence/p7_20260711_stationary_app_r8/002_p7_p6_frame_regression_m1/p7_shutdown_before.stdout.log,30060,e48b6d05139af069fc5af8a38526bfc6161e48038f454f146993270e8bbfa8f1
evidence/hardware/p7/authorized_sequence/p7_20260711_stationary_app_r8/002_p7_p6_frame_regression_m1/p7_shutdown_before_result.txt,475,c55a4211ff667cbfea8bedbb4ad4ab2b248c2e80cfcfdd2062f4f04473dbb87a
evidence/hardware/p7/authorized_sequence/p7_20260711_stationary_app_r8/003_p7_p6_frame_regression_m2/p7_jtag_axi_raw_result.txt,79492,d6d41d21f227ae89c98bcb024dc7bdd39cb1efc02c777e2639ce896a1675fb5f
evidence/hardware/p7/authorized_sequence/p7_20260711_stationary_app_r8/003_p7_p6_frame_regression_m2/p7_jtag_axi_stage.stderr.log,0,e3b0c44298fc1c149afbf4c8996fb92427ae41e4649b934ca495991b7852b855
evidence/hardware/p7/authorized_sequence/p7_20260711_stationary_app_r8/003_p7_p6_frame_regression_m2/p7_jtag_axi_stage.stdout.log,35621,1fbd3a5d4b4fc0696c1b4dea1d4159eb20ce5229809e0cdfd8a855fa8d031b41
evidence/hardware/p7/authorized_sequence/p7_20260711_stationary_app_r8/003_p7_p6_frame_regression_m2/p7_jtag_axi_stage_events.jsonl,1236,416c38389f05e9b348f21305e3da8196d95b2af62f350b940e422469ed72e62e
evidence/hardware/p7/authorized_sequence/p7_20260711_stationary_app_r8/003_p7_p6_frame_regression_m2/p7_jtag_axi_stage_summary.json,355803,c2709531b1c055dba61f19260acd60558fa5893f38bee3249edb2ab319caba3f
evidence/hardware/p7/authorized_sequence/p7_20260711_stationary_app_r8/003_p7_p6_frame_regression_m2/p7_jtag_backend_parse_summary.json,41109,05ee37633beab85c0073b18dd8d2e83e31cc6681f7b244e03cb0a4f0bf44372e
evidence/hardware/p7/authorized_sequence/p7_20260711_stationary_app_r8/003_p7_p6_frame_regression_m2/p7_jtag_reassembled_output.bin,4096,a7abce3a5f3164feb667e984f8e38f6e6fc3a7f87e54cc0b2008aa15962a1e7d
evidence/hardware/p7/authorized_sequence/p7_20260711_stationary_app_r8/003_p7_p6_frame_regression_m2/p7_preflight.stderr.log,0,e3b0c44298fc1c149afbf4c8996fb92427ae41e4649b934ca495991b7852b855
evidence/hardware/p7/authorized_sequence/p7_20260711_stationary_app_r8/003_p7_p6_frame_regression_m2/p7_preflight.stdout.log,9843,6c68b29bfd2232eb837083febf144673927de9bc03d993655115e41f2da4d375
evidence/hardware/p7/authorized_sequence/p7_20260711_stationary_app_r8/003_p7_p6_frame_regression_m2/p7_preflight_result.txt,512,b9c7b51d551d7f0a98f48b8493aed82542ccd9993966f478228e655b31ebbe84
evidence/hardware/p7/authorized_sequence/p7_20260711_stationary_app_r8/003_p7_p6_frame_regression_m2/p7_shutdown_after.stderr.log,0,e3b0c44298fc1c149afbf4c8996fb92427ae41e4649b934ca495991b7852b855
evidence/hardware/p7/authorized_sequence/p7_20260711_stationary_app_r8/003_p7_p6_frame_regression_m2/p7_shutdown_after.stdout.log,30060,00752f47a89811523291a695253fbebed4d972b7f99e8d503a831eb26a9e61b3
evidence/hardware/p7/authorized_sequence/p7_20260711_stationary_app_r8/003_p7_p6_frame_regression_m2/p7_shutdown_after_result.txt,475,c55a4211ff667cbfea8bedbb4ad4ab2b248c2e80cfcfdd2062f4f04473dbb87a
evidence/hardware/p7/authorized_sequence/p7_20260711_stationary_app_r8/003_p7_p6_frame_regression_m2/p7_shutdown_before.stderr.log,0,e3b0c44298fc1c149afbf4c8996fb92427ae41e4649b934ca495991b7852b855
evidence/hardware/p7/authorized_sequence/p7_20260711_stationary_app_r8/003_p7_p6_frame_regression_m2/p7_shutdown_before.stdout.log,30060,8b796776a315c8f335c680c9adeee25defcd01123795e2854aea57aaaecc8515
evidence/hardware/p7/authorized_sequence/p7_20260711_stationary_app_r8/003_p7_p6_frame_regression_m2/p7_shutdown_before_result.txt,475,c55a4211ff667cbfea8bedbb4ad4ab2b248c2e80cfcfdd2062f4f04473dbb87a
evidence/hardware/p7/authorized_sequence/p7_20260711_stationary_app_r8/004_p7_p6_frame_regression_m3/p7_jtag_axi_raw_result.txt,79495,0bb5b852eae1794324af244223f69900a38d88c56440b2f37bf532d90f14125a
evidence/hardware/p7/authorized_sequence/p7_20260711_stationary_app_r8/004_p7_p6_frame_regression_m3/p7_jtag_axi_stage.stderr.log,0,e3b0c44298fc1c149afbf4c8996fb92427ae41e4649b934ca495991b7852b855
evidence/hardware/p7/authorized_sequence/p7_20260711_stationary_app_r8/004_p7_p6_frame_regression_m3/p7_jtag_axi_stage.stdout.log,35621,1a4915c5044e76491dc835ff8f18541a07e9e8ade95360cc42b297421d5b494a
evidence/hardware/p7/authorized_sequence/p7_20260711_stationary_app_r8/004_p7_p6_frame_regression_m3/p7_jtag_axi_stage_events.jsonl,1236,cf29021d2875f7bd7f18f7d73fc0e0273a7407d18444a5828d23e42f76b661f5
evidence/hardware/p7/authorized_sequence/p7_20260711_stationary_app_r8/004_p7_p6_frame_regression_m3/p7_jtag_axi_stage_summary.json,355915,acfd3987f418c0b647fd2c1b7c83b569919613d66ce7136990d660f73616a63b
evidence/hardware/p7/authorized_sequence/p7_20260711_stationary_app_r8/004_p7_p6_frame_regression_m3/p7_jtag_backend_parse_summary.json,41126,5ea0690994eac01e6d8a401cf6b658df686c085b07115b19d3818c725831a763
evidence/hardware/p7/authorized_sequence/p7_20260711_stationary_app_r8/004_p7_p6_frame_regression_m3/p7_jtag_reassembled_output.bin,4096,43812ad6447f6d7cbd02439ca869aff553eda792fa799ab066242fdccebefa30
evidence/hardware/p7/authorized_sequence/p7_20260711_stationary_app_r8/004_p7_p6_frame_regression_m3/p7_preflight.stderr.log,0,e3b0c44298fc1c149afbf4c8996fb92427ae41e4649b934ca495991b7852b855
evidence/hardware/p7/authorized_sequence/p7_20260711_stationary_app_r8/004_p7_p6_frame_regression_m3/p7_preflight.stdout.log,9843,5e54a7e338b9d3bd43664637e56f14cc1ca1fe2f44ac285e94f8bc6ea38169ba
evidence/hardware/p7/authorized_sequence/p7_20260711_stationary_app_r8/004_p7_p6_frame_regression_m3/p7_preflight_result.txt,512,b9c7b51d551d7f0a98f48b8493aed82542ccd9993966f478228e655b31ebbe84
evidence/hardware/p7/authorized_sequence/p7_20260711_stationary_app_r8/004_p7_p6_frame_regression_m3/p7_shutdown_after.stderr.log,0,e3b0c44298fc1c149afbf4c8996fb92427ae41e4649b934ca495991b7852b855
evidence/hardware/p7/authorized_sequence/p7_20260711_stationary_app_r8/004_p7_p6_frame_regression_m3/p7_shutdown_after.stdout.log,30060,df5fb98cc8e72498a7129ef046f5440020bb15e405529fe736890a3aa8a97715
evidence/hardware/p7/authorized_sequence/p7_20260711_stationary_app_r8/004_p7_p6_frame_regression_m3/p7_shutdown_after_result.txt,475,c55a4211ff667cbfea8bedbb4ad4ab2b248c2e80cfcfdd2062f4f04473dbb87a
evidence/hardware/p7/authorized_sequence/p7_20260711_stationary_app_r8/004_p7_p6_frame_regression_m3/p7_shutdown_before.stderr.log,0,e3b0c44298fc1c149afbf4c8996fb92427ae41e4649b934ca495991b7852b855
evidence/hardware/p7/authorized_sequence/p7_20260711_stationary_app_r8/004_p7_p6_frame_regression_m3/p7_shutdown_before.stdout.log,30060,b1c82c46315f684536734355a0bbb5407d7ea3b126cf4a13ddf177dc26dce724
evidence/hardware/p7/authorized_sequence/p7_20260711_stationary_app_r8/004_p7_p6_frame_regression_m3/p7_shutdown_before_result.txt,475,c55a4211ff667cbfea8bedbb4ad4ab2b248c2e80cfcfdd2062f4f04473dbb87a
evidence/hardware/p7/authorized_sequence/p7_20260711_stationary_app_r8/005_p7_fragment_boundary_0_l0/p7_jtag_axi_raw_result.txt,2365,24fb167f2f12bc0470ccab00e769827d51794b2d300b0b72c12dbd315bd23f2c
evidence/hardware/p7/authorized_sequence/p7_20260711_stationary_app_r8/005_p7_fragment_boundary_0_l0/p7_jtag_axi_stage.stderr.log,0,e3b0c44298fc1c149afbf4c8996fb92427ae41e4649b934ca495991b7852b855
evidence/hardware/p7/authorized_sequence/p7_20260711_stationary_app_r8/005_p7_fragment_boundary_0_l0/p7_jtag_axi_stage.stdout.log,34272,b7ceb5a9364eb5ed94edbc4fbdb72d51c31d145e6df3fd82b4cb8ab824cc6e90
evidence/hardware/p7/authorized_sequence/p7_20260711_stationary_app_r8/005_p7_fragment_boundary_0_l0/p7_jtag_axi_stage_events.jsonl,1236,6cc9fb0ba97d765027d9e248c7a46fa795e6b3dd8e6377f954ece115cfc806f1
evidence/hardware/p7/authorized_sequence/p7_20260711_stationary_app_r8/005_p7_fragment_boundary_0_l0/p7_jtag_axi_stage_summary.json,79572,481b72816718cae24679557ebe9e74425b3f24d495d66a04802e19ea41eec680
evidence/hardware/p7/authorized_sequence/p7_20260711_stationary_app_r8/005_p7_fragment_boundary_0_l0/p7_jtag_backend_parse_summary.json,4427,5b18abe0aa0dac602caae7f1aa3cfc4c6224a87fd4b60c630966e206a93e9eb6
evidence/hardware/p7/authorized_sequence/p7_20260711_stationary_app_r8/005_p7_fragment_boundary_0_l0/p7_jtag_reassembled_output.bin,0,e3b0c44298fc1c149afbf4c8996fb92427ae41e4649b934ca495991b7852b855
evidence/hardware/p7/authorized_sequence/p7_20260711_stationary_app_r8/005_p7_fragment_boundary_0_l0/p7_preflight.stderr.log,0,e3b0c44298fc1c149afbf4c8996fb92427ae41e4649b934ca495991b7852b855
evidence/hardware/p7/authorized_sequence/p7_20260711_stationary_app_r8/005_p7_fragment_boundary_0_l0/p7_preflight.stdout.log,9843,02e5bdc427448b1899d46f0f9cc204b4918377c2ed83677249d54d26f35393b2
evidence/hardware/p7/authorized_sequence/p7_20260711_stationary_app_r8/005_p7_fragment_boundary_0_l0/p7_preflight_result.txt,512,b9c7b51d551d7f0a98f48b8493aed82542ccd9993966f478228e655b31ebbe84
evidence/hardware/p7/authorized_sequence/p7_20260711_stationary_app_r8/005_p7_fragment_boundary_0_l0/p7_shutdown_after.stderr.log,0,e3b0c44298fc1c149afbf4c8996fb92427ae41e4649b934ca495991b7852b855
evidence/hardware/p7/authorized_sequence/p7_20260711_stationary_app_r8/005_p7_fragment_boundary_0_l0/p7_shutdown_after.stdout.log,30060,1c22bd764a2bd5be3903c372ee526100e5723171fb24fe823e9372da99ac6e52
evidence/hardware/p7/authorized_sequence/p7_20260711_stationary_app_r8/005_p7_fragment_boundary_0_l0/p7_shutdown_after_result.txt,475,c55a4211ff667cbfea8bedbb4ad4ab2b248c2e80cfcfdd2062f4f04473dbb87a
evidence/hardware/p7/authorized_sequence/p7_20260711_stationary_app_r8/005_p7_fragment_boundary_0_l0/p7_shutdown_before.stderr.log,0,e3b0c44298fc1c149afbf4c8996fb92427ae41e4649b934ca495991b7852b855
evidence/hardware/p7/authorized_sequence/p7_20260711_stationary_app_r8/005_p7_fragment_boundary_0_l0/p7_shutdown_before.stdout.log,30060,e4d0fb42308e340495c11ed2d4460b7ac6e4ed4d6644781b6dfb618820c2e57b
evidence/hardware/p7/authorized_sequence/p7_20260711_stationary_app_r8/005_p7_fragment_boundary_0_l0/p7_shutdown_before_result.txt,475,c55a4211ff667cbfea8bedbb4ad4ab2b248c2e80cfcfdd2062f4f04473dbb87a
evidence/hardware/p7/authorized_sequence/p7_20260711_stationary_app_r8/006_p7_fragment_boundary_0_l1/p7_jtag_axi_raw_result.txt,2365,69add6110cdd4a50f5a9ed05272bb36189d506e64b095a47cb4b83dd42696746
evidence/hardware/p7/authorized_sequence/p7_20260711_stationary_app_r8/006_p7_fragment_boundary_0_l1/p7_jtag_axi_stage.stderr.log,0,e3b0c44298fc1c149afbf4c8996fb92427ae41e4649b934ca495991b7852b855
evidence/hardware/p7/authorized_sequence/p7_20260711_stationary_app_r8/006_p7_fragment_boundary_0_l1/p7_jtag_axi_stage.stdout.log,34272,68d024e01b68c2ffd0142b87cd398b8790d01f4d67d738e56dcee2d8f1487cc6
evidence/hardware/p7/authorized_sequence/p7_20260711_stationary_app_r8/006_p7_fragment_boundary_0_l1/p7_jtag_axi_stage_events.jsonl,1236,ba9d3175f12b23073e50fdf2af7a87090901c31f3687d11fb5e3303b9e0dd162
evidence/hardware/p7/authorized_sequence/p7_20260711_stationary_app_r8/006_p7_fragment_boundary_0_l1/p7_jtag_axi_stage_summary.json,79532,34501db7585028eaafe8f83563dec7694646755ebcf8a3cdbdfba2b07e4715e1
evidence/hardware/p7/authorized_sequence/p7_20260711_stationary_app_r8/006_p7_fragment_boundary_0_l1/p7_jtag_backend_parse_summary.json,4427,011b3ce2983707c756f0c13253420350b43471022560b36a5989ca6ee25a2762
evidence/hardware/p7/authorized_sequence/p7_20260711_stationary_app_r8/006_p7_fragment_boundary_0_l1/p7_jtag_reassembled_output.bin,0,e3b0c44298fc1c149afbf4c8996fb92427ae41e4649b934ca495991b7852b855
evidence/hardware/p7/authorized_sequence/p7_20260711_stationary_app_r8/006_p7_fragment_boundary_0_l1/p7_preflight.stderr.log,0,e3b0c44298fc1c149afbf4c8996fb92427ae41e4649b934ca495991b7852b855
evidence/hardware/p7/authorized_sequence/p7_20260711_stationary_app_r8/006_p7_fragment_boundary_0_l1/p7_preflight.stdout.log,9843,05777facc353b8060271f3376f648e2551fc6d69313171b02bdeb4df0f2fd6f4
evidence/hardware/p7/authorized_sequence/p7_20260711_stationary_app_r8/006_p7_fragment_boundary_0_l1/p7_preflight_result.txt,512,b9c7b51d551d7f0a98f48b8493aed82542ccd9993966f478228e655b31ebbe84
evidence/hardware/p7/authorized_sequence/p7_20260711_stationary_app_r8/006_p7_fragment_boundary_0_l1/p7_shutdown_after.stderr.log,0,e3b0c44298fc1c149afbf4c8996fb92427ae41e4649b934ca495991b7852b855
evidence/hardware/p7/authorized_sequence/p7_20260711_stationary_app_r8/006_p7_fragment_boundary_0_l1/p7_shutdown_after.stdout.log,30060,bac6855b34c352b2abfa1a9da117f2c1544edd0946e1b0891df6d9effd61ee21
evidence/hardware/p7/authorized_sequence/p7_20260711_stationary_app_r8/006_p7_fragment_boundary_0_l1/p7_shutdown_after_result.txt,475,c55a4211ff667cbfea8bedbb4ad4ab2b248c2e80cfcfdd2062f4f04473dbb87a
evidence/hardware/p7/authorized_sequence/p7_20260711_stationary_app_r8/006_p7_fragment_boundary_0_l1/p7_shutdown_before.stderr.log,0,e3b0c44298fc1c149afbf4c8996fb92427ae41e4649b934ca495991b7852b855
evidence/hardware/p7/authorized_sequence/p7_20260711_stationary_app_r8/006_p7_fragment_boundary_0_l1/p7_shutdown_before.stdout.log,30060,c341f905f488399d862fc596021c88ea181d45cf5b99152636a5adb1c550ae7e
evidence/hardware/p7/authorized_sequence/p7_20260711_stationary_app_r8/006_p7_fragment_boundary_0_l1/p7_shutdown_before_result.txt,475,c55a4211ff667cbfea8bedbb4ad4ab2b248c2e80cfcfdd2062f4f04473dbb87a
evidence/hardware/p7/authorized_sequence/p7_20260711_stationary_app_r8/007_p7_fragment_boundary_0_rr/p7_jtag_axi_raw_result.txt,2373,c463d0f8965dcd604b382d9fd699cd4729805c0794d3b4247ad79cdd56535609
evidence/hardware/p7/authorized_sequence/p7_20260711_stationary_app_r8/007_p7_fragment_boundary_0_rr/p7_jtag_axi_stage.stderr.log,0,e3b0c44298fc1c149afbf4c8996fb92427ae41e4649b934ca495991b7852b855
evidence/hardware/p7/authorized_sequence/p7_20260711_stationary_app_r8/007_p7_fragment_boundary_0_rr/p7_jtag_axi_stage.stdout.log,34272,ad8e10f3036ff08156c632145be6cd998ae3157fc977f4b0692a6a5321df47d0
evidence/hardware/p7/authorized_sequence/p7_20260711_stationary_app_r8/007_p7_fragment_boundary_0_rr/p7_jtag_axi_stage_events.jsonl,1236,419f5b6eb5efe79876823aa390bdb9f4da7e29e7c9e79f1095726c141cb09236
evidence/hardware/p7/authorized_sequence/p7_20260711_stationary_app_r8/007_p7_fragment_boundary_0_rr/p7_jtag_axi_stage_summary.json,79537,1228119fd0d70bc993790a52f738adef0c06867fbcceec66640fdfec0efc04d9
evidence/hardware/p7/authorized_sequence/p7_20260711_stationary_app_r8/007_p7_fragment_boundary_0_rr/p7_jtag_backend_parse_summary.json,4435,d94af832322cba0ba81da351d399c02258e0a9fd5f047cc2397f1b0f603253e6
evidence/hardware/p7/authorized_sequence/p7_20260711_stationary_app_r8/007_p7_fragment_boundary_0_rr/p7_jtag_reassembled_output.bin,0,e3b0c44298fc1c149afbf4c8996fb92427ae41e4649b934ca495991b7852b855
evidence/hardware/p7/authorized_sequence/p7_20260711_stationary_app_r8/007_p7_fragment_boundary_0_rr/p7_preflight.stderr.log,0,e3b0c44298fc1c149afbf4c8996fb92427ae41e4649b934ca495991b7852b855
evidence/hardware/p7/authorized_sequence/p7_20260711_stationary_app_r8/007_p7_fragment_boundary_0_rr/p7_preflight.stdout.log,9843,af9eec151a4d79918623df87ed85dd7982e0ed9efcc57d320be2317f8979e9ff
evidence/hardware/p7/authorized_sequence/p7_20260711_stationary_app_r8/007_p7_fragment_boundary_0_rr/p7_preflight_result.txt,512,b9c7b51d551d7f0a98f48b8493aed82542ccd9993966f478228e655b31ebbe84
evidence/hardware/p7/authorized_sequence/p7_20260711_stationary_app_r8/007_p7_fragment_boundary_0_rr/p7_shutdown_after.stderr.log,0,e3b0c44298fc1c149afbf4c8996fb92427ae41e4649b934ca495991b7852b855
evidence/hardware/p7/authorized_sequence/p7_20260711_stationary_app_r8/007_p7_fragment_boundary_0_rr/p7_shutdown_after.stdout.log,30060,5bc573deab43205fe62cd7142776bffa35192beaf1451fdc7a0583d2a1d9429c
evidence/hardware/p7/authorized_sequence/p7_20260711_stationary_app_r8/007_p7_fragment_boundary_0_rr/p7_shutdown_after_result.txt,475,c55a4211ff667cbfea8bedbb4ad4ab2b248c2e80cfcfdd2062f4f04473dbb87a
evidence/hardware/p7/authorized_sequence/p7_20260711_stationary_app_r8/007_p7_fragment_boundary_0_rr/p7_shutdown_before.stderr.log,0,e3b0c44298fc1c149afbf4c8996fb92427ae41e4649b934ca495991b7852b855
evidence/hardware/p7/authorized_sequence/p7_20260711_stationary_app_r8/007_p7_fragment_boundary_0_rr/p7_shutdown_before.stdout.log,30060,b3899154607dab7acc601f9051e608022cb94a8117d2b6d90fafe92780ee0bd5
evidence/hardware/p7/authorized_sequence/p7_20260711_stationary_app_r8/007_p7_fragment_boundary_0_rr/p7_shutdown_before_result.txt,475,c55a4211ff667cbfea8bedbb4ad4ab2b248c2e80cfcfdd2062f4f04473dbb87a
evidence/hardware/p7/authorized_sequence/p7_20260711_stationary_app_r8/008_p7_fragment_boundary_0_rep3/p7_jtag_axi_raw_result.txt,2368,ee7fcdba0ddc894bf01c1f26f7832743a5fe43f9b5c3508bf66d01522a0a825e
evidence/hardware/p7/authorized_sequence/p7_20260711_stationary_app_r8/008_p7_fragment_boundary_0_rep3/p7_jtag_axi_stage.stderr.log,0,e3b0c44298fc1c149afbf4c8996fb92427ae41e4649b934ca495991b7852b855
evidence/hardware/p7/authorized_sequence/p7_20260711_stationary_app_r8/008_p7_fragment_boundary_0_rep3/p7_jtag_axi_stage.stdout.log,34272,dce909646d659836c1f616c16eda14310b236c0cc818914ab7e79cfe2cd73d8c
evidence/hardware/p7/authorized_sequence/p7_20260711_stationary_app_r8/008_p7_fragment_boundary_0_rep3/p7_jtag_axi_stage_events.jsonl,1238,a64c9b1f05ec96317c8f61355c21f1b75d86f390d1e41542e81137d02d92f580
evidence/hardware/p7/authorized_sequence/p7_20260711_stationary_app_r8/008_p7_fragment_boundary_0_rep3/p7_jtag_axi_stage_summary.json,79544,b711e75031b3a92624bb9ddd9d4551cdad45b5752bdba68a6665c160b1389256
evidence/hardware/p7/authorized_sequence/p7_20260711_stationary_app_r8/008_p7_fragment_boundary_0_rep3/p7_jtag_backend_parse_summary.json,4438,2b34c109e8f1df0c60856b9b788202770b9299039e0f28c1792c5311e77a3f1f
evidence/hardware/p7/authorized_sequence/p7_20260711_stationary_app_r8/008_p7_fragment_boundary_0_rep3/p7_jtag_reassembled_output.bin,0,e3b0c44298fc1c149afbf4c8996fb92427ae41e4649b934ca495991b7852b855
evidence/hardware/p7/authorized_sequence/p7_20260711_stationary_app_r8/008_p7_fragment_boundary_0_rep3/p7_preflight.stderr.log,0,e3b0c44298fc1c149afbf4c8996fb92427ae41e4649b934ca495991b7852b855
evidence/hardware/p7/authorized_sequence/p7_20260711_stationary_app_r8/008_p7_fragment_boundary_0_rep3/p7_preflight.stdout.log,9843,f23ddb1e291ac99f0e1ffcf44d42b81673d40ec956cd359cb9ac715c9ce3c179
evidence/hardware/p7/authorized_sequence/p7_20260711_stationary_app_r8/008_p7_fragment_boundary_0_rep3/p7_preflight_result.txt,512,b9c7b51d551d7f0a98f48b8493aed82542ccd9993966f478228e655b31ebbe84
evidence/hardware/p7/authorized_sequence/p7_20260711_stationary_app_r8/008_p7_fragment_boundary_0_rep3/p7_shutdown_after.stderr.log,0,e3b0c44298fc1c149afbf4c8996fb92427ae41e4649b934ca495991b7852b855
evidence/hardware/p7/authorized_sequence/p7_20260711_stationary_app_r8/008_p7_fragment_boundary_0_rep3/p7_shutdown_after.stdout.log,30060,c8c8878a72dc26ceb0b34242a3353499960fc099c4ef1e6067ee9821aad60239
evidence/hardware/p7/authorized_sequence/p7_20260711_stationary_app_r8/008_p7_fragment_boundary_0_rep3/p7_shutdown_after_result.txt,475,c55a4211ff667cbfea8bedbb4ad4ab2b248c2e80cfcfdd2062f4f04473dbb87a
evidence/hardware/p7/authorized_sequence/p7_20260711_stationary_app_r8/008_p7_fragment_boundary_0_rep3/p7_shutdown_before.stderr.log,0,e3b0c44298fc1c149afbf4c8996fb92427ae41e4649b934ca495991b7852b855
evidence/hardware/p7/authorized_sequence/p7_20260711_stationary_app_r8/008_p7_fragment_boundary_0_rep3/p7_shutdown_before.stdout.log,30060,4379f212dc5f7a3bcfb336fd170791a94bfec7529373da327ae314c91569b902
evidence/hardware/p7/authorized_sequence/p7_20260711_stationary_app_r8/008_p7_fragment_boundary_0_rep3/p7_shutdown_before_result.txt,475,c55a4211ff667cbfea8bedbb4ad4ab2b248c2e80cfcfdd2062f4f04473dbb87a
evidence/hardware/p7/authorized_sequence/p7_20260711_stationary_app_r8/009_p7_fragment_boundary_1_l0/p7_jtag_axi_raw_result.txt,2417,0691fbc79530f6e66c374bcad15bcc3d2d91b274e8e43e29e6a5b693dac33bcc
evidence/hardware/p7/authorized_sequence/p7_20260711_stationary_app_r8/009_p7_fragment_boundary_1_l0/p7_jtag_axi_stage.stderr.log,0,e3b0c44298fc1c149afbf4c8996fb92427ae41e4649b934ca495991b7852b855
evidence/hardware/p7/authorized_sequence/p7_20260711_stationary_app_r8/009_p7_fragment_boundary_1_l0/p7_jtag_axi_stage.stdout.log,34428,3d45dcf8d5401bb0eff1adf01daa0dc9185ffe516b8ac252022c283fbed29f07
evidence/hardware/p7/authorized_sequence/p7_20260711_stationary_app_r8/009_p7_fragment_boundary_1_l0/p7_jtag_axi_stage_events.jsonl,1236,6e6d3e42eb316dc7743353ffb81523fc45884edbb4f1e0b3b559c4ccf5ffce47
evidence/hardware/p7/authorized_sequence/p7_20260711_stationary_app_r8/009_p7_fragment_boundary_1_l0/p7_jtag_axi_stage_summary.json,80448,57863f9211995214a9778ed31ade6a2b642d48b75fc3c67d3101c907de0d2c00
evidence/hardware/p7/authorized_sequence/p7_20260711_stationary_app_r8/009_p7_fragment_boundary_1_l0/p7_jtag_backend_parse_summary.json,4445,627c7177854773317b97daacb49751e4d15209bb8e2a8af308f245da826e286f
evidence/hardware/p7/authorized_sequence/p7_20260711_stationary_app_r8/009_p7_fragment_boundary_1_l0/p7_jtag_reassembled_output.bin,1,6e340b9cffb37a989ca544e6bb780a2c78901d3fb33738768511a30617afa01d
evidence/hardware/p7/authorized_sequence/p7_20260711_stationary_app_r8/009_p7_fragment_boundary_1_l0/p7_preflight.stderr.log,0,e3b0c44298fc1c149afbf4c8996fb92427ae41e4649b934ca495991b7852b855
evidence/hardware/p7/authorized_sequence/p7_20260711_stationary_app_r8/009_p7_fragment_boundary_1_l0/p7_preflight.stdout.log,9843,0fa7e55355bed0c2f626cd4219f70dadc23afe9fb4edec97f59483a0178a20d6
evidence/hardware/p7/authorized_sequence/p7_20260711_stationary_app_r8/009_p7_fragment_boundary_1_l0/p7_preflight_result.txt,512,b9c7b51d551d7f0a98f48b8493aed82542ccd9993966f478228e655b31ebbe84
evidence/hardware/p7/authorized_sequence/p7_20260711_stationary_app_r8/009_p7_fragment_boundary_1_l0/p7_shutdown_after.stderr.log,0,e3b0c44298fc1c149afbf4c8996fb92427ae41e4649b934ca495991b7852b855
evidence/hardware/p7/authorized_sequence/p7_20260711_stationary_app_r8/009_p7_fragment_boundary_1_l0/p7_shutdown_after.stdout.log,30060,26a75ff475c7b2fba7bf7becc69fa1a9d5be068fb4ad8d4c72a28816813772e1
evidence/hardware/p7/authorized_sequence/p7_20260711_stationary_app_r8/009_p7_fragment_boundary_1_l0/p7_shutdown_after_result.txt,475,c55a4211ff667cbfea8bedbb4ad4ab2b248c2e80cfcfdd2062f4f04473dbb87a
evidence/hardware/p7/authorized_sequence/p7_20260711_stationary_app_r8/009_p7_fragment_boundary_1_l0/p7_shutdown_before.stderr.log,0,e3b0c44298fc1c149afbf4c8996fb92427ae41e4649b934ca495991b7852b855
evidence/hardware/p7/authorized_sequence/p7_20260711_stationary_app_r8/009_p7_fragment_boundary_1_l0/p7_shutdown_before.stdout.log,30060,7aeb916da6cd2ee7e94076285987ffac7182ca4b701257234bc6b40033197905
evidence/hardware/p7/authorized_sequence/p7_20260711_stationary_app_r8/009_p7_fragment_boundary_1_l0/p7_shutdown_before_result.txt,475,c55a4211ff667cbfea8bedbb4ad4ab2b248c2e80cfcfdd2062f4f04473dbb87a
evidence/hardware/p7/authorized_sequence/p7_20260711_stationary_app_r8/010_p7_fragment_boundary_1_l1/p7_jtag_axi_raw_result.txt,2417,9377f5d3ded7bcfe84ba355bcbe9f65b125468d4b3d1ea41220eebede1b238e5
evidence/hardware/p7/authorized_sequence/p7_20260711_stationary_app_r8/010_p7_fragment_boundary_1_l1/p7_jtag_axi_stage.stderr.log,0,e3b0c44298fc1c149afbf4c8996fb92427ae41e4649b934ca495991b7852b855
evidence/hardware/p7/authorized_sequence/p7_20260711_stationary_app_r8/010_p7_fragment_boundary_1_l1/p7_jtag_axi_stage.stdout.log,34428,3b558a9fee15d873595eed812f88f0eb399b0accb9f04eaf6161ed9f56a47088
evidence/hardware/p7/authorized_sequence/p7_20260711_stationary_app_r8/010_p7_fragment_boundary_1_l1/p7_jtag_axi_stage_events.jsonl,1236,c2a5f11a23d9c814c79631e6e28527398b67093e1596f978452ab7d1fb6297d4
evidence/hardware/p7/authorized_sequence/p7_20260711_stationary_app_r8/010_p7_fragment_boundary_1_l1/p7_jtag_axi_stage_summary.json,79690,cd3bdcd3e9e8f1d0e71f9898158a5c636573114631ef18baee52ec4acd1472e3
evidence/hardware/p7/authorized_sequence/p7_20260711_stationary_app_r8/010_p7_fragment_boundary_1_l1/p7_jtag_backend_parse_summary.json,4445,fd2bbbc96c3be6cad59227da0d3e7e4ebaf0f554c448e83047f782c674132c52
evidence/hardware/p7/authorized_sequence/p7_20260711_stationary_app_r8/010_p7_fragment_boundary_1_l1/p7_jtag_reassembled_output.bin,1,6e340b9cffb37a989ca544e6bb780a2c78901d3fb33738768511a30617afa01d
evidence/hardware/p7/authorized_sequence/p7_20260711_stationary_app_r8/010_p7_fragment_boundary_1_l1/p7_preflight.stderr.log,0,e3b0c44298fc1c149afbf4c8996fb92427ae41e4649b934ca495991b7852b855
evidence/hardware/p7/authorized_sequence/p7_20260711_stationary_app_r8/010_p7_fragment_boundary_1_l1/p7_preflight.stdout.log,9843,113b626ca159f9139c9694ec82cf7611fb943d63cf1318a732e3d9f5a7830a7a
evidence/hardware/p7/authorized_sequence/p7_20260711_stationary_app_r8/010_p7_fragment_boundary_1_l1/p7_preflight_result.txt,512,b9c7b51d551d7f0a98f48b8493aed82542ccd9993966f478228e655b31ebbe84
evidence/hardware/p7/authorized_sequence/p7_20260711_stationary_app_r8/010_p7_fragment_boundary_1_l1/p7_shutdown_after.stderr.log,0,e3b0c44298fc1c149afbf4c8996fb92427ae41e4649b934ca495991b7852b855
evidence/hardware/p7/authorized_sequence/p7_20260711_stationary_app_r8/010_p7_fragment_boundary_1_l1/p7_shutdown_after.stdout.log,30060,cba51bb055f7800bf522e5f15747459f50f96b67eb21dba0a92e1d80611f12ad
evidence/hardware/p7/authorized_sequence/p7_20260711_stationary_app_r8/010_p7_fragment_boundary_1_l1/p7_shutdown_after_result.txt,475,c55a4211ff667cbfea8bedbb4ad4ab2b248c2e80cfcfdd2062f4f04473dbb87a
evidence/hardware/p7/authorized_sequence/p7_20260711_stationary_app_r8/010_p7_fragment_boundary_1_l1/p7_shutdown_before.stderr.log,0,e3b0c44298fc1c149afbf4c8996fb92427ae41e4649b934ca495991b7852b855
evidence/hardware/p7/authorized_sequence/p7_20260711_stationary_app_r8/010_p7_fragment_boundary_1_l1/p7_shutdown_before.stdout.log,30060,5f598586a811f691d9ce6e2af9c9e406d4383471aac8cbf5160c84e8b14c1ec5
evidence/hardware/p7/authorized_sequence/p7_20260711_stationary_app_r8/010_p7_fragment_boundary_1_l1/p7_shutdown_before_result.txt,475,c55a4211ff667cbfea8bedbb4ad4ab2b248c2e80cfcfdd2062f4f04473dbb87a
evidence/hardware/p7/authorized_sequence/p7_20260711_stationary_app_r8/011_p7_fragment_boundary_1_rr/p7_jtag_axi_raw_result.txt,2425,188ea28b4ad9026f6b6d1b0c0255c6af7cb27ddd81a7ab1c8b6a5835c74976f2
evidence/hardware/p7/authorized_sequence/p7_20260711_stationary_app_r8/011_p7_fragment_boundary_1_rr/p7_jtag_axi_stage.stderr.log,0,e3b0c44298fc1c149afbf4c8996fb92427ae41e4649b934ca495991b7852b855
evidence/hardware/p7/authorized_sequence/p7_20260711_stationary_app_r8/011_p7_fragment_boundary_1_rr/p7_jtag_axi_stage.stdout.log,34428,b215f2302137132e98d5d8fdfe70f13799ff5cf15c1a84fba39470d62a67c682
evidence/hardware/p7/authorized_sequence/p7_20260711_stationary_app_r8/011_p7_fragment_boundary_1_rr/p7_jtag_axi_stage_events.jsonl,1236,219386cd3592fef2be851e1c69be00565ffa59b5fe2dd69d76e2790802b2d851
evidence/hardware/p7/authorized_sequence/p7_20260711_stationary_app_r8/011_p7_fragment_boundary_1_rr/p7_jtag_axi_stage_summary.json,79792,8f6ea4014d8ce93ae1939ada497b485d30f1c837a2573b85af95c5b2eb90e504
evidence/hardware/p7/authorized_sequence/p7_20260711_stationary_app_r8/011_p7_fragment_boundary_1_rr/p7_jtag_backend_parse_summary.json,4453,c8a005d55a9bf90eb9aee0215c6f9b57d430c56d4974c0e5f5652d3163ef2da5
evidence/hardware/p7/authorized_sequence/p7_20260711_stationary_app_r8/011_p7_fragment_boundary_1_rr/p7_jtag_reassembled_output.bin,1,6e340b9cffb37a989ca544e6bb780a2c78901d3fb33738768511a30617afa01d
evidence/hardware/p7/authorized_sequence/p7_20260711_stationary_app_r8/011_p7_fragment_boundary_1_rr/p7_preflight.stderr.log,0,e3b0c44298fc1c149afbf4c8996fb92427ae41e4649b934ca495991b7852b855
evidence/hardware/p7/authorized_sequence/p7_20260711_stationary_app_r8/011_p7_fragment_boundary_1_rr/p7_preflight.stdout.log,9843,d848d1a1c7e42790bb0900ed01f50644e370ed70cd9f0c8ceddac7b6b18fcdc7
evidence/hardware/p7/authorized_sequence/p7_20260711_stationary_app_r8/011_p7_fragment_boundary_1_rr/p7_preflight_result.txt,512,b9c7b51d551d7f0a98f48b8493aed82542ccd9993966f478228e655b31ebbe84
evidence/hardware/p7/authorized_sequence/p7_20260711_stationary_app_r8/011_p7_fragment_boundary_1_rr/p7_shutdown_after.stderr.log,0,e3b0c44298fc1c149afbf4c8996fb92427ae41e4649b934ca495991b7852b855
evidence/hardware/p7/authorized_sequence/p7_20260711_stationary_app_r8/011_p7_fragment_boundary_1_rr/p7_shutdown_after.stdout.log,30060,1e491afc669bedd0357a156258fc0345eca29e2c80da52053f8a1fac00d08eae
evidence/hardware/p7/authorized_sequence/p7_20260711_stationary_app_r8/011_p7_fragment_boundary_1_rr/p7_shutdown_after_result.txt,475,c55a4211ff667cbfea8bedbb4ad4ab2b248c2e80cfcfdd2062f4f04473dbb87a
evidence/hardware/p7/authorized_sequence/p7_20260711_stationary_app_r8/011_p7_fragment_boundary_1_rr/p7_shutdown_before.stderr.log,0,e3b0c44298fc1c149afbf4c8996fb92427ae41e4649b934ca495991b7852b855
evidence/hardware/p7/authorized_sequence/p7_20260711_stationary_app_r8/011_p7_fragment_boundary_1_rr/p7_shutdown_before.stdout.log,30060,9cd87c5a3b96686a3db9065551888e80fd88ae26962d35c9c2265794d255ca84
evidence/hardware/p7/authorized_sequence/p7_20260711_stationary_app_r8/011_p7_fragment_boundary_1_rr/p7_shutdown_before_result.txt,475,c55a4211ff667cbfea8bedbb4ad4ab2b248c2e80cfcfdd2062f4f04473dbb87a
evidence/hardware/p7/authorized_sequence/p7_20260711_stationary_app_r8/012_p7_fragment_boundary_1_rep3/p7_jtag_axi_raw_result.txt,2420,7097ee48b508ac69792fc94bec341c485aefe08eb54371f6a7193d9d57a285a0
evidence/hardware/p7/authorized_sequence/p7_20260711_stationary_app_r8/012_p7_fragment_boundary_1_rep3/p7_jtag_axi_stage.stderr.log,0,e3b0c44298fc1c149afbf4c8996fb92427ae41e4649b934ca495991b7852b855
evidence/hardware/p7/authorized_sequence/p7_20260711_stationary_app_r8/012_p7_fragment_boundary_1_rep3/p7_jtag_axi_stage.stdout.log,34428,8386dfc7de9e36110896ee4f6e36b13cbe0ec889a2a9ec1dddac07663f369961
evidence/hardware/p7/authorized_sequence/p7_20260711_stationary_app_r8/012_p7_fragment_boundary_1_rep3/p7_jtag_axi_stage_events.jsonl,1238,07bd40e02e07cc5a0f2d5514faa1f2f56d91ee47eebdb23d54d3605189b4aabb
evidence/hardware/p7/authorized_sequence/p7_20260711_stationary_app_r8/012_p7_fragment_boundary_1_rep3/p7_jtag_axi_stage_summary.json,79754,f873bab2c87ced9ef2181663611e04f2fad4dbf6d46923155a8eabba0eb83af9
evidence/hardware/p7/authorized_sequence/p7_20260711_stationary_app_r8/012_p7_fragment_boundary_1_rep3/p7_jtag_backend_parse_summary.json,4456,e737b5207d046ccc1a71d18cab26b8937474cb13da2ed26d801bffb643c378d7
evidence/hardware/p7/authorized_sequence/p7_20260711_stationary_app_r8/012_p7_fragment_boundary_1_rep3/p7_jtag_reassembled_output.bin,1,6e340b9cffb37a989ca544e6bb780a2c78901d3fb33738768511a30617afa01d
evidence/hardware/p7/authorized_sequence/p7_20260711_stationary_app_r8/012_p7_fragment_boundary_1_rep3/p7_preflight.stderr.log,0,e3b0c44298fc1c149afbf4c8996fb92427ae41e4649b934ca495991b7852b855
evidence/hardware/p7/authorized_sequence/p7_20260711_stationary_app_r8/012_p7_fragment_boundary_1_rep3/p7_preflight.stdout.log,9843,02ac77b40411bfb5bdf9c98b9c76319aa185c54994506da972f91a9d46e44faa
evidence/hardware/p7/authorized_sequence/p7_20260711_stationary_app_r8/012_p7_fragment_boundary_1_rep3/p7_preflight_result.txt,512,b9c7b51d551d7f0a98f48b8493aed82542ccd9993966f478228e655b31ebbe84
evidence/hardware/p7/authorized_sequence/p7_20260711_stationary_app_r8/012_p7_fragment_boundary_1_rep3/p7_shutdown_after.stderr.log,0,e3b0c44298fc1c149afbf4c8996fb92427ae41e4649b934ca495991b7852b855
evidence/hardware/p7/authorized_sequence/p7_20260711_stationary_app_r8/012_p7_fragment_boundary_1_rep3/p7_shutdown_after.stdout.log,30060,fe8ea21f32030df9a3054cc716a610d31427a999d4fbd4750bc6b2f762615e8b
evidence/hardware/p7/authorized_sequence/p7_20260711_stationary_app_r8/012_p7_fragment_boundary_1_rep3/p7_shutdown_after_result.txt,475,c55a4211ff667cbfea8bedbb4ad4ab2b248c2e80cfcfdd2062f4f04473dbb87a
evidence/hardware/p7/authorized_sequence/p7_20260711_stationary_app_r8/012_p7_fragment_boundary_1_rep3/p7_shutdown_before.stderr.log,0,e3b0c44298fc1c149afbf4c8996fb92427ae41e4649b934ca495991b7852b855
evidence/hardware/p7/authorized_sequence/p7_20260711_stationary_app_r8/012_p7_fragment_boundary_1_rep3/p7_shutdown_before.stdout.log,30060,f2ad1a8808b90cd88e8a9a02d1e85b1c7c91396f8afbe59c98a87fa2b2a72079
evidence/hardware/p7/authorized_sequence/p7_20260711_stationary_app_r8/012_p7_fragment_boundary_1_rep3/p7_shutdown_before_result.txt,475,c55a4211ff667cbfea8bedbb4ad4ab2b248c2e80cfcfdd2062f4f04473dbb87a
evidence/hardware/p7/authorized_sequence/p7_20260711_stationary_app_r8/013_p7_fragment_boundary_30_l0/p7_jtag_axi_raw_result.txt,2782,bde4036c45bb194ebdbca6e714c41e63a730a92e61467373ad22823333eae775
evidence/hardware/p7/authorized_sequence/p7_20260711_stationary_app_r8/013_p7_fragment_boundary_30_l0/p7_jtag_axi_stage.stderr.log,0,e3b0c44298fc1c149afbf4c8996fb92427ae41e4649b934ca495991b7852b855
evidence/hardware/p7/authorized_sequence/p7_20260711_stationary_app_r8/013_p7_fragment_boundary_30_l0/p7_jtag_axi_stage.stdout.log,35503,0213c2aee6609c149a62c6dcade5f44d102ab0ce662247cf25f4f8a1c761e5c6
evidence/hardware/p7/authorized_sequence/p7_20260711_stationary_app_r8/013_p7_fragment_boundary_30_l0/p7_jtag_axi_stage_events.jsonl,1237,99dd1246428799912f18d72fc8c20d9a6560792bff3834c4b680c8b1ff5b826e
evidence/hardware/p7/authorized_sequence/p7_20260711_stationary_app_r8/013_p7_fragment_boundary_30_l0/p7_jtag_axi_stage_summary.json,81889,7bea171e814fa9a8db32d62ad924f831a3ddfc2db443c951f993de066a130940
evidence/hardware/p7/authorized_sequence/p7_20260711_stationary_app_r8/013_p7_fragment_boundary_30_l0/p7_jtag_backend_parse_summary.json,4506,bce42e418fc832f51736b472da2809444bf14645b15c22da6ae892dc52366249
evidence/hardware/p7/authorized_sequence/p7_20260711_stationary_app_r8/013_p7_fragment_boundary_30_l0/p7_jtag_reassembled_output.bin,30,f2192584b67da35dfc26f743e5f53bb0376046f899dc6dabd5e7b541ae86c32f
evidence/hardware/p7/authorized_sequence/p7_20260711_stationary_app_r8/013_p7_fragment_boundary_30_l0/p7_preflight.stderr.log,0,e3b0c44298fc1c149afbf4c8996fb92427ae41e4649b934ca495991b7852b855
evidence/hardware/p7/authorized_sequence/p7_20260711_stationary_app_r8/013_p7_fragment_boundary_30_l0/p7_preflight.stdout.log,9843,9dc52fadd9f38465b97a1664f4638b75109a951b9c61c9984dc81466e7cf7b32
evidence/hardware/p7/authorized_sequence/p7_20260711_stationary_app_r8/013_p7_fragment_boundary_30_l0/p7_preflight_result.txt,512,b9c7b51d551d7f0a98f48b8493aed82542ccd9993966f478228e655b31ebbe84
evidence/hardware/p7/authorized_sequence/p7_20260711_stationary_app_r8/013_p7_fragment_boundary_30_l0/p7_shutdown_after.stderr.log,0,e3b0c44298fc1c149afbf4c8996fb92427ae41e4649b934ca495991b7852b855
evidence/hardware/p7/authorized_sequence/p7_20260711_stationary_app_r8/013_p7_fragment_boundary_30_l0/p7_shutdown_after.stdout.log,30060,43e471409c27cb3a68792eb66e583ee97acc00d5e9ce21d560e0ce410efe0989
evidence/hardware/p7/authorized_sequence/p7_20260711_stationary_app_r8/013_p7_fragment_boundary_30_l0/p7_shutdown_after_result.txt,475,c55a4211ff667cbfea8bedbb4ad4ab2b248c2e80cfcfdd2062f4f04473dbb87a
evidence/hardware/p7/authorized_sequence/p7_20260711_stationary_app_r8/013_p7_fragment_boundary_30_l0/p7_shutdown_before.stderr.log,0,e3b0c44298fc1c149afbf4c8996fb92427ae41e4649b934ca495991b7852b855
evidence/hardware/p7/authorized_sequence/p7_20260711_stationary_app_r8/013_p7_fragment_boundary_30_l0/p7_shutdown_before.stdout.log,30060,e44508612c71816a2b5695f6136039f6975b62db00b154feaefa90d3927e4f83
evidence/hardware/p7/authorized_sequence/p7_20260711_stationary_app_r8/013_p7_fragment_boundary_30_l0/p7_shutdown_before_result.txt,475,c55a4211ff667cbfea8bedbb4ad4ab2b248c2e80cfcfdd2062f4f04473dbb87a
evidence/hardware/p7/authorized_sequence/p7_20260711_stationary_app_r8/014_p7_fragment_boundary_30_l1/p7_jtag_axi_raw_result.txt,2782,fe6506d3547aa4271f1c4d96768ea16f58764cc8377f15b70ac3ac0d9726cf07
evidence/hardware/p7/authorized_sequence/p7_20260711_stationary_app_r8/014_p7_fragment_boundary_30_l1/p7_jtag_axi_stage.stderr.log,0,e3b0c44298fc1c149afbf4c8996fb92427ae41e4649b934ca495991b7852b855
evidence/hardware/p7/authorized_sequence/p7_20260711_stationary_app_r8/014_p7_fragment_boundary_30_l1/p7_jtag_axi_stage.stdout.log,35503,7c35b5b924d6903280782f6fb082b3b002e633d9b7771690e2a677aeb5da83a5
evidence/hardware/p7/authorized_sequence/p7_20260711_stationary_app_r8/014_p7_fragment_boundary_30_l1/p7_jtag_axi_stage_events.jsonl,1237,cd6ad6b87f62fb208aab34d882871a12a20f457c17c50f4f3f062178abf0f0bd
evidence/hardware/p7/authorized_sequence/p7_20260711_stationary_app_r8/014_p7_fragment_boundary_30_l1/p7_jtag_axi_stage_summary.json,81108,1703bd3623413927b89f0d30cb36ea99c838a8d3311daf789b8d00a302951e2d
evidence/hardware/p7/authorized_sequence/p7_20260711_stationary_app_r8/014_p7_fragment_boundary_30_l1/p7_jtag_backend_parse_summary.json,4507,c8188d1a5065275bc09d7c31a95582de868fac0dedf2f569648945b1102b8d91
evidence/hardware/p7/authorized_sequence/p7_20260711_stationary_app_r8/014_p7_fragment_boundary_30_l1/p7_jtag_reassembled_output.bin,30,f2192584b67da35dfc26f743e5f53bb0376046f899dc6dabd5e7b541ae86c32f
evidence/hardware/p7/authorized_sequence/p7_20260711_stationary_app_r8/014_p7_fragment_boundary_30_l1/p7_preflight.stderr.log,0,e3b0c44298fc1c149afbf4c8996fb92427ae41e4649b934ca495991b7852b855
evidence/hardware/p7/authorized_sequence/p7_20260711_stationary_app_r8/014_p7_fragment_boundary_30_l1/p7_preflight.stdout.log,9843,99af3882b718856cacf10180761e6b9462bae361c16f4ca690d60727c383f565
evidence/hardware/p7/authorized_sequence/p7_20260711_stationary_app_r8/014_p7_fragment_boundary_30_l1/p7_preflight_result.txt,512,b9c7b51d551d7f0a98f48b8493aed82542ccd9993966f478228e655b31ebbe84
evidence/hardware/p7/authorized_sequence/p7_20260711_stationary_app_r8/014_p7_fragment_boundary_30_l1/p7_shutdown_after.stderr.log,0,e3b0c44298fc1c149afbf4c8996fb92427ae41e4649b934ca495991b7852b855
evidence/hardware/p7/authorized_sequence/p7_20260711_stationary_app_r8/014_p7_fragment_boundary_30_l1/p7_shutdown_after.stdout.log,30060,476ae794384598911b345026787577f3d699f54e6f2a934e116eb9f03ec557ac
evidence/hardware/p7/authorized_sequence/p7_20260711_stationary_app_r8/014_p7_fragment_boundary_30_l1/p7_shutdown_after_result.txt,475,c55a4211ff667cbfea8bedbb4ad4ab2b248c2e80cfcfdd2062f4f04473dbb87a
evidence/hardware/p7/authorized_sequence/p7_20260711_stationary_app_r8/014_p7_fragment_boundary_30_l1/p7_shutdown_before.stderr.log,0,e3b0c44298fc1c149afbf4c8996fb92427ae41e4649b934ca495991b7852b855
evidence/hardware/p7/authorized_sequence/p7_20260711_stationary_app_r8/014_p7_fragment_boundary_30_l1/p7_shutdown_before.stdout.log,30060,e72fd61fbe854f48eda3da7421026fb2c539333b907e1871be69c11735bc9579
evidence/hardware/p7/authorized_sequence/p7_20260711_stationary_app_r8/014_p7_fragment_boundary_30_l1/p7_shutdown_before_result.txt,475,c55a4211ff667cbfea8bedbb4ad4ab2b248c2e80cfcfdd2062f4f04473dbb87a
evidence/hardware/p7/authorized_sequence/p7_20260711_stationary_app_r8/015_p7_fragment_boundary_30_rr/p7_jtag_axi_raw_result.txt,2790,3a58cf7c8e76022a2498737b088fdb367f73ce43e5b059748aa5903b8af08108
evidence/hardware/p7/authorized_sequence/p7_20260711_stationary_app_r8/015_p7_fragment_boundary_30_rr/p7_jtag_axi_stage.stderr.log,0,e3b0c44298fc1c149afbf4c8996fb92427ae41e4649b934ca495991b7852b855
evidence/hardware/p7/authorized_sequence/p7_20260711_stationary_app_r8/015_p7_fragment_boundary_30_rr/p7_jtag_axi_stage.stdout.log,35503,db0d806f10fc53a977e3db5b8c3be41104479c673f638a393f9d3eed52dca4ca
evidence/hardware/p7/authorized_sequence/p7_20260711_stationary_app_r8/015_p7_fragment_boundary_30_rr/p7_jtag_axi_stage_events.jsonl,1237,689532cf950f5a10b5d8cb43d72b030d8e1ea4617b090bbcdcafe31f9b3aa358
evidence/hardware/p7/authorized_sequence/p7_20260711_stationary_app_r8/015_p7_fragment_boundary_30_rr/p7_jtag_axi_stage_summary.json,81148,93ae49952c957f19bfdb2d72b6430c3334c19e2831f76928f9bc8be75435b7e4
evidence/hardware/p7/authorized_sequence/p7_20260711_stationary_app_r8/015_p7_fragment_boundary_30_rr/p7_jtag_backend_parse_summary.json,4515,f423874f3897197c4693211f8632dce25c331c5218c93cc5e7bbcf93e211d04e
evidence/hardware/p7/authorized_sequence/p7_20260711_stationary_app_r8/015_p7_fragment_boundary_30_rr/p7_jtag_reassembled_output.bin,30,f2192584b67da35dfc26f743e5f53bb0376046f899dc6dabd5e7b541ae86c32f
evidence/hardware/p7/authorized_sequence/p7_20260711_stationary_app_r8/015_p7_fragment_boundary_30_rr/p7_preflight.stderr.log,0,e3b0c44298fc1c149afbf4c8996fb92427ae41e4649b934ca495991b7852b855
evidence/hardware/p7/authorized_sequence/p7_20260711_stationary_app_r8/015_p7_fragment_boundary_30_rr/p7_preflight.stdout.log,9843,c538c8461b4dfb8917cbc82d660e1c2ece7554959b10bee6c6a14f91481bbf81
evidence/hardware/p7/authorized_sequence/p7_20260711_stationary_app_r8/015_p7_fragment_boundary_30_rr/p7_preflight_result.txt,512,b9c7b51d551d7f0a98f48b8493aed82542ccd9993966f478228e655b31ebbe84
evidence/hardware/p7/authorized_sequence/p7_20260711_stationary_app_r8/015_p7_fragment_boundary_30_rr/p7_shutdown_after.stderr.log,0,e3b0c44298fc1c149afbf4c8996fb92427ae41e4649b934ca495991b7852b855
evidence/hardware/p7/authorized_sequence/p7_20260711_stationary_app_r8/015_p7_fragment_boundary_30_rr/p7_shutdown_after.stdout.log,30060,de17903d4b75d728d94a009521764501132a237df65fc00bff9c73c1efd2e507
evidence/hardware/p7/authorized_sequence/p7_20260711_stationary_app_r8/015_p7_fragment_boundary_30_rr/p7_shutdown_after_result.txt,475,c55a4211ff667cbfea8bedbb4ad4ab2b248c2e80cfcfdd2062f4f04473dbb87a
evidence/hardware/p7/authorized_sequence/p7_20260711_stationary_app_r8/015_p7_fragment_boundary_30_rr/p7_shutdown_before.stderr.log,0,e3b0c44298fc1c149afbf4c8996fb92427ae41e4649b934ca495991b7852b855
evidence/hardware/p7/authorized_sequence/p7_20260711_stationary_app_r8/015_p7_fragment_boundary_30_rr/p7_shutdown_before.stdout.log,30060,03e9bfc4337e7d1a3f607cabd4bb3147d640a0179bd95b2809c73d8bb7977887
evidence/hardware/p7/authorized_sequence/p7_20260711_stationary_app_r8/015_p7_fragment_boundary_30_rr/p7_shutdown_before_result.txt,475,c55a4211ff667cbfea8bedbb4ad4ab2b248c2e80cfcfdd2062f4f04473dbb87a
evidence/hardware/p7/authorized_sequence/p7_20260711_stationary_app_r8/016_p7_fragment_boundary_30_rep3/p7_jtag_axi_raw_result.txt,2785,b1ac2cf3d1eb7fb38efc6022ac0afbea1b2ecc5524830ec6d3c26bf279dd208b
evidence/hardware/p7/authorized_sequence/p7_20260711_stationary_app_r8/016_p7_fragment_boundary_30_rep3/p7_jtag_axi_stage.stderr.log,0,e3b0c44298fc1c149afbf4c8996fb92427ae41e4649b934ca495991b7852b855
evidence/hardware/p7/authorized_sequence/p7_20260711_stationary_app_r8/016_p7_fragment_boundary_30_rep3/p7_jtag_axi_stage.stdout.log,35503,dce682f63053808a6d058315d8c7db7b00ea7e8660fa1de1de2a7c673165e0fd
evidence/hardware/p7/authorized_sequence/p7_20260711_stationary_app_r8/016_p7_fragment_boundary_30_rep3/p7_jtag_axi_stage_events.jsonl,1239,46d98ff898c82549a05fe43e7a2b868926e72f7cf84b511a834b5e4239ed365b
evidence/hardware/p7/authorized_sequence/p7_20260711_stationary_app_r8/016_p7_fragment_boundary_30_rep3/p7_jtag_axi_stage_summary.json,81218,51042135b3b26f65620567d9a86aa0c7db2ed4265e067c2006c0022ef475e696
evidence/hardware/p7/authorized_sequence/p7_20260711_stationary_app_r8/016_p7_fragment_boundary_30_rep3/p7_jtag_backend_parse_summary.json,4517,3f82e81e26ca5526f19054ea70603f44a898afd51b32bfcfda835ac4559661fc
evidence/hardware/p7/authorized_sequence/p7_20260711_stationary_app_r8/016_p7_fragment_boundary_30_rep3/p7_jtag_reassembled_output.bin,30,f2192584b67da35dfc26f743e5f53bb0376046f899dc6dabd5e7b541ae86c32f
evidence/hardware/p7/authorized_sequence/p7_20260711_stationary_app_r8/016_p7_fragment_boundary_30_rep3/p7_preflight.stderr.log,0,e3b0c44298fc1c149afbf4c8996fb92427ae41e4649b934ca495991b7852b855
evidence/hardware/p7/authorized_sequence/p7_20260711_stationary_app_r8/016_p7_fragment_boundary_30_rep3/p7_preflight.stdout.log,9843,5d3cbe989b26f07da708fdc5e2294b09de610eab2fffff3ee642ee845cfef971
evidence/hardware/p7/authorized_sequence/p7_20260711_stationary_app_r8/016_p7_fragment_boundary_30_rep3/p7_preflight_result.txt,512,b9c7b51d551d7f0a98f48b8493aed82542ccd9993966f478228e655b31ebbe84
evidence/hardware/p7/authorized_sequence/p7_20260711_stationary_app_r8/016_p7_fragment_boundary_30_rep3/p7_shutdown_after.stderr.log,0,e3b0c44298fc1c149afbf4c8996fb92427ae41e4649b934ca495991b7852b855
evidence/hardware/p7/authorized_sequence/p7_20260711_stationary_app_r8/016_p7_fragment_boundary_30_rep3/p7_shutdown_after.stdout.log,30060,80a94b4587432bfa0732347061a30d710b7c1e1ef1c3c9526f24a6d54bdf8d78
evidence/hardware/p7/authorized_sequence/p7_20260711_stationary_app_r8/016_p7_fragment_boundary_30_rep3/p7_shutdown_after_result.txt,475,c55a4211ff667cbfea8bedbb4ad4ab2b248c2e80cfcfdd2062f4f04473dbb87a
evidence/hardware/p7/authorized_sequence/p7_20260711_stationary_app_r8/016_p7_fragment_boundary_30_rep3/p7_shutdown_before.stderr.log,0,e3b0c44298fc1c149afbf4c8996fb92427ae41e4649b934ca495991b7852b855
evidence/hardware/p7/authorized_sequence/p7_20260711_stationary_app_r8/016_p7_fragment_boundary_30_rep3/p7_shutdown_before.stdout.log,30060,08e109ef545fc4b95a92fbeffacfe04ee90e0a63e755a78f7833f7d0022e208c
evidence/hardware/p7/authorized_sequence/p7_20260711_stationary_app_r8/016_p7_fragment_boundary_30_rep3/p7_shutdown_before_result.txt,475,c55a4211ff667cbfea8bedbb4ad4ab2b248c2e80cfcfdd2062f4f04473dbb87a
evidence/hardware/p7/authorized_sequence/p7_20260711_stationary_app_r8/017_p7_fragment_boundary_214_l0/p7_jtag_axi_raw_result.txt,5174,0cee402cb49add7cab915d7ea3e29c03e12274e00521a3acfab541d5a5f80287
evidence/hardware/p7/authorized_sequence/p7_20260711_stationary_app_r8/017_p7_fragment_boundary_214_l0/p7_jtag_axi_stage.stderr.log,0,e3b0c44298fc1c149afbf4c8996fb92427ae41e4649b934ca495991b7852b855
evidence/hardware/p7/authorized_sequence/p7_20260711_stationary_app_r8/017_p7_fragment_boundary_214_l0/p7_jtag_axi_stage.stdout.log,35620,f062d14668d774dd35bceca921c1d38529b0063502bd1a6a834499ccf532b215
evidence/hardware/p7/authorized_sequence/p7_20260711_stationary_app_r8/017_p7_fragment_boundary_214_l0/p7_jtag_axi_stage_events.jsonl,1238,7237e72c04f7a3bd745f9c71737109739966c1ccf336825e9887f628265fcefd
evidence/hardware/p7/authorized_sequence/p7_20260711_stationary_app_r8/017_p7_fragment_boundary_214_l0/p7_jtag_axi_stage_summary.json,90161,940a9d5d7c9fed6d74741a967c352ed1493c09980869faeb1d04fb7a5710747a
evidence/hardware/p7/authorized_sequence/p7_20260711_stationary_app_r8/017_p7_fragment_boundary_214_l0/p7_jtag_backend_parse_summary.json,4886,e47917b3935ba91dfdd4152bf3c7311787b284afe475febe2e84022ebdcc67ce
evidence/hardware/p7/authorized_sequence/p7_20260711_stationary_app_r8/017_p7_fragment_boundary_214_l0/p7_jtag_reassembled_output.bin,214,dedff2184de121c60ec94c4cb94a0450cac47257c56afa8f2e11c5f64d3dd661
evidence/hardware/p7/authorized_sequence/p7_20260711_stationary_app_r8/017_p7_fragment_boundary_214_l0/p7_preflight.stderr.log,0,e3b0c44298fc1c149afbf4c8996fb92427ae41e4649b934ca495991b7852b855
evidence/hardware/p7/authorized_sequence/p7_20260711_stationary_app_r8/017_p7_fragment_boundary_214_l0/p7_preflight.stdout.log,9843,618849b9e8ec6d6fcc7e00f923281b499824506053f9b7e5a6fc8f9629561d8e
evidence/hardware/p7/authorized_sequence/p7_20260711_stationary_app_r8/017_p7_fragment_boundary_214_l0/p7_preflight_result.txt,512,b9c7b51d551d7f0a98f48b8493aed82542ccd9993966f478228e655b31ebbe84
evidence/hardware/p7/authorized_sequence/p7_20260711_stationary_app_r8/017_p7_fragment_boundary_214_l0/p7_shutdown_after.stderr.log,0,e3b0c44298fc1c149afbf4c8996fb92427ae41e4649b934ca495991b7852b855
evidence/hardware/p7/authorized_sequence/p7_20260711_stationary_app_r8/017_p7_fragment_boundary_214_l0/p7_shutdown_after.stdout.log,30060,b3d03fd1c371bddec3a290e3f4888814658b6745b935bb5c9ddd181c8cb29a3f
evidence/hardware/p7/authorized_sequence/p7_20260711_stationary_app_r8/017_p7_fragment_boundary_214_l0/p7_shutdown_after_result.txt,475,c55a4211ff667cbfea8bedbb4ad4ab2b248c2e80cfcfdd2062f4f04473dbb87a
evidence/hardware/p7/authorized_sequence/p7_20260711_stationary_app_r8/017_p7_fragment_boundary_214_l0/p7_shutdown_before.stderr.log,0,e3b0c44298fc1c149afbf4c8996fb92427ae41e4649b934ca495991b7852b855
evidence/hardware/p7/authorized_sequence/p7_20260711_stationary_app_r8/017_p7_fragment_boundary_214_l0/p7_shutdown_before.stdout.log,30060,ab051d4eb8a019d48efca34e8f9ce17f839a8c78c98abcd692bc02515dd0470d
evidence/hardware/p7/authorized_sequence/p7_20260711_stationary_app_r8/017_p7_fragment_boundary_214_l0/p7_shutdown_before_result.txt,475,c55a4211ff667cbfea8bedbb4ad4ab2b248c2e80cfcfdd2062f4f04473dbb87a
evidence/hardware/p7/authorized_sequence/p7_20260711_stationary_app_r8/018_p7_fragment_boundary_214_l1/p7_jtag_axi_raw_result.txt,5174,9d80b25a9f0eef7379fcf99b578d25e3833449f17c3ab1bdf69263588446507c
evidence/hardware/p7/authorized_sequence/p7_20260711_stationary_app_r8/018_p7_fragment_boundary_214_l1/p7_jtag_axi_stage.stderr.log,0,e3b0c44298fc1c149afbf4c8996fb92427ae41e4649b934ca495991b7852b855
evidence/hardware/p7/authorized_sequence/p7_20260711_stationary_app_r8/018_p7_fragment_boundary_214_l1/p7_jtag_axi_stage.stdout.log,35620,8c43c80a777dd52324b4fd55e83a6969b9c2d4689aadae6a6050b332bca578b8
evidence/hardware/p7/authorized_sequence/p7_20260711_stationary_app_r8/018_p7_fragment_boundary_214_l1/p7_jtag_axi_stage_events.jsonl,1238,a5b28850699cbae53be0fc420b517c09ab175f42863b22322d3a3d4f1f9968f8
evidence/hardware/p7/authorized_sequence/p7_20260711_stationary_app_r8/018_p7_fragment_boundary_214_l1/p7_jtag_axi_stage_summary.json,89999,bd79a1eaebcdb82e81f952ed1548cd0bd376fca7d70d4fb90c6a7ff073a185bb
evidence/hardware/p7/authorized_sequence/p7_20260711_stationary_app_r8/018_p7_fragment_boundary_214_l1/p7_jtag_backend_parse_summary.json,4886,93ede6f75f7095620f2bd5a49cc96a745530c64a38c8485e187ea039535ebe4e
evidence/hardware/p7/authorized_sequence/p7_20260711_stationary_app_r8/018_p7_fragment_boundary_214_l1/p7_jtag_reassembled_output.bin,214,dedff2184de121c60ec94c4cb94a0450cac47257c56afa8f2e11c5f64d3dd661
evidence/hardware/p7/authorized_sequence/p7_20260711_stationary_app_r8/018_p7_fragment_boundary_214_l1/p7_preflight.stderr.log,0,e3b0c44298fc1c149afbf4c8996fb92427ae41e4649b934ca495991b7852b855
evidence/hardware/p7/authorized_sequence/p7_20260711_stationary_app_r8/018_p7_fragment_boundary_214_l1/p7_preflight.stdout.log,9843,89f60d19dc20d1d7aa4cd091a424a613fc52471474dbbef7331725af55a32110
evidence/hardware/p7/authorized_sequence/p7_20260711_stationary_app_r8/018_p7_fragment_boundary_214_l1/p7_preflight_result.txt,512,b9c7b51d551d7f0a98f48b8493aed82542ccd9993966f478228e655b31ebbe84
evidence/hardware/p7/authorized_sequence/p7_20260711_stationary_app_r8/018_p7_fragment_boundary_214_l1/p7_shutdown_after.stderr.log,0,e3b0c44298fc1c149afbf4c8996fb92427ae41e4649b934ca495991b7852b855
evidence/hardware/p7/authorized_sequence/p7_20260711_stationary_app_r8/018_p7_fragment_boundary_214_l1/p7_shutdown_after.stdout.log,30060,4c65f1cedf787897512f7084be59409305a1e8ba5608a80cd18d5bb3576bac35
evidence/hardware/p7/authorized_sequence/p7_20260711_stationary_app_r8/018_p7_fragment_boundary_214_l1/p7_shutdown_after_result.txt,475,c55a4211ff667cbfea8bedbb4ad4ab2b248c2e80cfcfdd2062f4f04473dbb87a
evidence/hardware/p7/authorized_sequence/p7_20260711_stationary_app_r8/018_p7_fragment_boundary_214_l1/p7_shutdown_before.stderr.log,0,e3b0c44298fc1c149afbf4c8996fb92427ae41e4649b934ca495991b7852b855
evidence/hardware/p7/authorized_sequence/p7_20260711_stationary_app_r8/018_p7_fragment_boundary_214_l1/p7_shutdown_before.stdout.log,30060,0e782f51925ea5732f9776a511182d1cfbbf18f58004c8b8baeeb4e9e3b24340
evidence/hardware/p7/authorized_sequence/p7_20260711_stationary_app_r8/018_p7_fragment_boundary_214_l1/p7_shutdown_before_result.txt,475,c55a4211ff667cbfea8bedbb4ad4ab2b248c2e80cfcfdd2062f4f04473dbb87a
evidence/hardware/p7/authorized_sequence/p7_20260711_stationary_app_r8/019_p7_fragment_boundary_214_rr/p7_jtag_axi_raw_result.txt,5182,41afbc80152c49fc04800388318ce8c5c282c64565acde307ee1aff062b3e287
evidence/hardware/p7/authorized_sequence/p7_20260711_stationary_app_r8/019_p7_fragment_boundary_214_rr/p7_jtag_axi_stage.stderr.log,0,e3b0c44298fc1c149afbf4c8996fb92427ae41e4649b934ca495991b7852b855
evidence/hardware/p7/authorized_sequence/p7_20260711_stationary_app_r8/019_p7_fragment_boundary_214_rr/p7_jtag_axi_stage.stdout.log,35620,51a7bf8aaff3a0d3afcdd3a6ef8d7b47363f674b2d41ab8417906a746f0b98f3
evidence/hardware/p7/authorized_sequence/p7_20260711_stationary_app_r8/019_p7_fragment_boundary_214_rr/p7_jtag_axi_stage_events.jsonl,1238,b13acc84d90bb7547603de6cd16250aa9a00c805414f96ac0c8053f5fb8c2340
evidence/hardware/p7/authorized_sequence/p7_20260711_stationary_app_r8/019_p7_fragment_boundary_214_rr/p7_jtag_axi_stage_summary.json,89954,72facf63b272f36bb18fb9e397d03a517f8e1a2563c45ce57f2f32d67b6594f2
evidence/hardware/p7/authorized_sequence/p7_20260711_stationary_app_r8/019_p7_fragment_boundary_214_rr/p7_jtag_backend_parse_summary.json,4894,94bdb34ccce6521846da0d234dc60224fd310e8bfa431da2bd83fe46133f530f
evidence/hardware/p7/authorized_sequence/p7_20260711_stationary_app_r8/019_p7_fragment_boundary_214_rr/p7_jtag_reassembled_output.bin,214,dedff2184de121c60ec94c4cb94a0450cac47257c56afa8f2e11c5f64d3dd661
evidence/hardware/p7/authorized_sequence/p7_20260711_stationary_app_r8/019_p7_fragment_boundary_214_rr/p7_preflight.stderr.log,0,e3b0c44298fc1c149afbf4c8996fb92427ae41e4649b934ca495991b7852b855
evidence/hardware/p7/authorized_sequence/p7_20260711_stationary_app_r8/019_p7_fragment_boundary_214_rr/p7_preflight.stdout.log,9843,3d213ca58070c5c22912e48e8c5300f31e63329d1d8305168ab871d00825e6b2
evidence/hardware/p7/authorized_sequence/p7_20260711_stationary_app_r8/019_p7_fragment_boundary_214_rr/p7_preflight_result.txt,512,b9c7b51d551d7f0a98f48b8493aed82542ccd9993966f478228e655b31ebbe84
evidence/hardware/p7/authorized_sequence/p7_20260711_stationary_app_r8/019_p7_fragment_boundary_214_rr/p7_shutdown_after.stderr.log,0,e3b0c44298fc1c149afbf4c8996fb92427ae41e4649b934ca495991b7852b855
evidence/hardware/p7/authorized_sequence/p7_20260711_stationary_app_r8/019_p7_fragment_boundary_214_rr/p7_shutdown_after.stdout.log,30172,ea7eb6cd7932986208940b2a25a1d016baf6a6930a0911bf85c83d458d856234
evidence/hardware/p7/authorized_sequence/p7_20260711_stationary_app_r8/019_p7_fragment_boundary_214_rr/p7_shutdown_after_result.txt,475,c55a4211ff667cbfea8bedbb4ad4ab2b248c2e80cfcfdd2062f4f04473dbb87a
evidence/hardware/p7/authorized_sequence/p7_20260711_stationary_app_r8/019_p7_fragment_boundary_214_rr/p7_shutdown_before.stderr.log,0,e3b0c44298fc1c149afbf4c8996fb92427ae41e4649b934ca495991b7852b855
evidence/hardware/p7/authorized_sequence/p7_20260711_stationary_app_r8/019_p7_fragment_boundary_214_rr/p7_shutdown_before.stdout.log,30060,9161c8fef4f8f769367b3b03e3b64757a593fc81a5aa61da8c4de94a8682c77e
evidence/hardware/p7/authorized_sequence/p7_20260711_stationary_app_r8/019_p7_fragment_boundary_214_rr/p7_shutdown_before_result.txt,475,c55a4211ff667cbfea8bedbb4ad4ab2b248c2e80cfcfdd2062f4f04473dbb87a
evidence/hardware/p7/authorized_sequence/p7_20260711_stationary_app_r8/020_p7_fragment_boundary_214_rep3/p7_jtag_axi_raw_result.txt,5177,2c3ae76877be8b20ff9e3129cfc28238da6cefa0b12f15447079b5f7b8ecb6e3
evidence/hardware/p7/authorized_sequence/p7_20260711_stationary_app_r8/020_p7_fragment_boundary_214_rep3/p7_jtag_axi_stage.stderr.log,0,e3b0c44298fc1c149afbf4c8996fb92427ae41e4649b934ca495991b7852b855
evidence/hardware/p7/authorized_sequence/p7_20260711_stationary_app_r8/020_p7_fragment_boundary_214_rep3/p7_jtag_axi_stage.stdout.log,35620,b4f09f4d83ed6e41d60de14aa56d741020d857c5d74090b16d68211330405119
evidence/hardware/p7/authorized_sequence/p7_20260711_stationary_app_r8/020_p7_fragment_boundary_214_rep3/p7_jtag_axi_stage_events.jsonl,1240,b641b4a6d567a3d8250f9fd0426b713f7e509d9782293924ea5a3b8513f44e44
evidence/hardware/p7/authorized_sequence/p7_20260711_stationary_app_r8/020_p7_fragment_boundary_214_rep3/p7_jtag_axi_stage_summary.json,90087,60e58c2c2dd154a7bcd6589697b29265f6f84e7bc97c64de6b54aef2cf4aadde
evidence/hardware/p7/authorized_sequence/p7_20260711_stationary_app_r8/020_p7_fragment_boundary_214_rep3/p7_jtag_backend_parse_summary.json,4894,add51912b3c7852a06bf99fd81f064928e95d4bbf29bd77c694226bafb77612d
evidence/hardware/p7/authorized_sequence/p7_20260711_stationary_app_r8/020_p7_fragment_boundary_214_rep3/p7_jtag_reassembled_output.bin,214,dedff2184de121c60ec94c4cb94a0450cac47257c56afa8f2e11c5f64d3dd661
evidence/hardware/p7/authorized_sequence/p7_20260711_stationary_app_r8/020_p7_fragment_boundary_214_rep3/p7_preflight.stderr.log,0,e3b0c44298fc1c149afbf4c8996fb92427ae41e4649b934ca495991b7852b855
evidence/hardware/p7/authorized_sequence/p7_20260711_stationary_app_r8/020_p7_fragment_boundary_214_rep3/p7_preflight.stdout.log,9843,59f2b2afa3fa5b8ec96e1929618e58d7a59fa730e9fc3159a5e257436f196866
evidence/hardware/p7/authorized_sequence/p7_20260711_stationary_app_r8/020_p7_fragment_boundary_214_rep3/p7_preflight_result.txt,512,b9c7b51d551d7f0a98f48b8493aed82542ccd9993966f478228e655b31ebbe84
evidence/hardware/p7/authorized_sequence/p7_20260711_stationary_app_r8/020_p7_fragment_boundary_214_rep3/p7_shutdown_after.stderr.log,0,e3b0c44298fc1c149afbf4c8996fb92427ae41e4649b934ca495991b7852b855
evidence/hardware/p7/authorized_sequence/p7_20260711_stationary_app_r8/020_p7_fragment_boundary_214_rep3/p7_shutdown_after.stdout.log,30060,cf05fbb38eebb40e92241c778b090eb60e05b952c051b0a56e4c9168b31c193d
evidence/hardware/p7/authorized_sequence/p7_20260711_stationary_app_r8/020_p7_fragment_boundary_214_rep3/p7_shutdown_after_result.txt,475,c55a4211ff667cbfea8bedbb4ad4ab2b248c2e80cfcfdd2062f4f04473dbb87a
evidence/hardware/p7/authorized_sequence/p7_20260711_stationary_app_r8/020_p7_fragment_boundary_214_rep3/p7_shutdown_before.stderr.log,0,e3b0c44298fc1c149afbf4c8996fb92427ae41e4649b934ca495991b7852b855
evidence/hardware/p7/authorized_sequence/p7_20260711_stationary_app_r8/020_p7_fragment_boundary_214_rep3/p7_shutdown_before.stdout.log,30060,2eb1f090fc8f88ff41f01f22df77869a5ac481115e260f453798ef72436313a9
evidence/hardware/p7/authorized_sequence/p7_20260711_stationary_app_r8/020_p7_fragment_boundary_214_rep3/p7_shutdown_before_result.txt,475,c55a4211ff667cbfea8bedbb4ad4ab2b248c2e80cfcfdd2062f4f04473dbb87a
evidence/hardware/p7/authorized_sequence/p7_20260711_stationary_app_r8/021_p7_fragment_boundary_215_l0/p7_jtag_axi_raw_result.txt,5174,85c6e566c87d8fc5e274a72b8eab59d1dd4cc02d2544f6e58beffbf40b42e4e4
evidence/hardware/p7/authorized_sequence/p7_20260711_stationary_app_r8/021_p7_fragment_boundary_215_l0/p7_jtag_axi_stage.stderr.log,0,e3b0c44298fc1c149afbf4c8996fb92427ae41e4649b934ca495991b7852b855
evidence/hardware/p7/authorized_sequence/p7_20260711_stationary_app_r8/021_p7_fragment_boundary_215_l0/p7_jtag_axi_stage.stdout.log,35620,9440ba4fa3dced4373ddee050754fda3f43e2498fb41daf58c58a91571a5957d
evidence/hardware/p7/authorized_sequence/p7_20260711_stationary_app_r8/021_p7_fragment_boundary_215_l0/p7_jtag_axi_stage_events.jsonl,1238,6c2ec1b02c03c16baaeed006722c4873a0b2ce699c73751fd43f48e313fb80ad
evidence/hardware/p7/authorized_sequence/p7_20260711_stationary_app_r8/021_p7_fragment_boundary_215_l0/p7_jtag_axi_stage_summary.json,90038,09524049470502614faec07a287837bcf65ea0914c5824cd374aaaf7c6c22e2c
evidence/hardware/p7/authorized_sequence/p7_20260711_stationary_app_r8/021_p7_fragment_boundary_215_l0/p7_jtag_backend_parse_summary.json,4888,72a8a3e4d5a19b3b4462c8ef4ed4dcf15a376ad9613304605216ed06fe1b3b8b
evidence/hardware/p7/authorized_sequence/p7_20260711_stationary_app_r8/021_p7_fragment_boundary_215_l0/p7_jtag_reassembled_output.bin,215,1d64137df721078b35bdc1a3595a73cebcbe49865fb308c78791540d1d349cd7
evidence/hardware/p7/authorized_sequence/p7_20260711_stationary_app_r8/021_p7_fragment_boundary_215_l0/p7_preflight.stderr.log,0,e3b0c44298fc1c149afbf4c8996fb92427ae41e4649b934ca495991b7852b855
evidence/hardware/p7/authorized_sequence/p7_20260711_stationary_app_r8/021_p7_fragment_boundary_215_l0/p7_preflight.stdout.log,9843,8dae4bf36e87c61f1f816116eda7758b27af3f58dbdfd7a1d16e7bc28a8b6058
evidence/hardware/p7/authorized_sequence/p7_20260711_stationary_app_r8/021_p7_fragment_boundary_215_l0/p7_preflight_result.txt,512,b9c7b51d551d7f0a98f48b8493aed82542ccd9993966f478228e655b31ebbe84
evidence/hardware/p7/authorized_sequence/p7_20260711_stationary_app_r8/021_p7_fragment_boundary_215_l0/p7_shutdown_after.stderr.log,0,e3b0c44298fc1c149afbf4c8996fb92427ae41e4649b934ca495991b7852b855
evidence/hardware/p7/authorized_sequence/p7_20260711_stationary_app_r8/021_p7_fragment_boundary_215_l0/p7_shutdown_after.stdout.log,30060,b037e1ca16b5fc5030f916496d58b2ec3c949e1b3e0733a3ae21df0138b65600
evidence/hardware/p7/authorized_sequence/p7_20260711_stationary_app_r8/021_p7_fragment_boundary_215_l0/p7_shutdown_after_result.txt,475,c55a4211ff667cbfea8bedbb4ad4ab2b248c2e80cfcfdd2062f4f04473dbb87a
evidence/hardware/p7/authorized_sequence/p7_20260711_stationary_app_r8/021_p7_fragment_boundary_215_l0/p7_shutdown_before.stderr.log,0,e3b0c44298fc1c149afbf4c8996fb92427ae41e4649b934ca495991b7852b855
evidence/hardware/p7/authorized_sequence/p7_20260711_stationary_app_r8/021_p7_fragment_boundary_215_l0/p7_shutdown_before.stdout.log,30060,987c5c7770596d282fd09fe5d8ce9aea039e8e9b95f4f5433c823094c3c6f94c
evidence/hardware/p7/authorized_sequence/p7_20260711_stationary_app_r8/021_p7_fragment_boundary_215_l0/p7_shutdown_before_result.txt,475,c55a4211ff667cbfea8bedbb4ad4ab2b248c2e80cfcfdd2062f4f04473dbb87a
evidence/hardware/p7/authorized_sequence/p7_20260711_stationary_app_r8/022_p7_fragment_boundary_215_l1/p7_jtag_axi_raw_result.txt,5174,c3658cbd6d8224dee0def79ad824bac6c0cfcb997768fa2058e5d789e1bddacf
evidence/hardware/p7/authorized_sequence/p7_20260711_stationary_app_r8/022_p7_fragment_boundary_215_l1/p7_jtag_axi_stage.stderr.log,0,e3b0c44298fc1c149afbf4c8996fb92427ae41e4649b934ca495991b7852b855
evidence/hardware/p7/authorized_sequence/p7_20260711_stationary_app_r8/022_p7_fragment_boundary_215_l1/p7_jtag_axi_stage.stdout.log,35620,4da7ea213fbec6e3498c346dfb79318858850804b6c359420381142b7c8ca416
evidence/hardware/p7/authorized_sequence/p7_20260711_stationary_app_r8/022_p7_fragment_boundary_215_l1/p7_jtag_axi_stage_events.jsonl,1238,6ef097550496020df2dfd9112c8b27a5e020d3afdda2c45df75a7c8dd05b9ef3
evidence/hardware/p7/authorized_sequence/p7_20260711_stationary_app_r8/022_p7_fragment_boundary_215_l1/p7_jtag_axi_stage_summary.json,90136,2694257afb4db043385bd886b34fc81a24acf59866661fe0740cb0fadef2e0d4
evidence/hardware/p7/authorized_sequence/p7_20260711_stationary_app_r8/022_p7_fragment_boundary_215_l1/p7_jtag_backend_parse_summary.json,4888,3c8c0d81eed8a7fbf02d1fd97aea2e18d7537b99c1bab17a49385593a9fedccc
evidence/hardware/p7/authorized_sequence/p7_20260711_stationary_app_r8/022_p7_fragment_boundary_215_l1/p7_jtag_reassembled_output.bin,215,1d64137df721078b35bdc1a3595a73cebcbe49865fb308c78791540d1d349cd7
evidence/hardware/p7/authorized_sequence/p7_20260711_stationary_app_r8/022_p7_fragment_boundary_215_l1/p7_preflight.stderr.log,0,e3b0c44298fc1c149afbf4c8996fb92427ae41e4649b934ca495991b7852b855
evidence/hardware/p7/authorized_sequence/p7_20260711_stationary_app_r8/022_p7_fragment_boundary_215_l1/p7_preflight.stdout.log,9843,a0afcf707eb032c1341826d0343bbc67f9643331fd82143d3499c62041005797
evidence/hardware/p7/authorized_sequence/p7_20260711_stationary_app_r8/022_p7_fragment_boundary_215_l1/p7_preflight_result.txt,512,b9c7b51d551d7f0a98f48b8493aed82542ccd9993966f478228e655b31ebbe84
evidence/hardware/p7/authorized_sequence/p7_20260711_stationary_app_r8/022_p7_fragment_boundary_215_l1/p7_shutdown_after.stderr.log,0,e3b0c44298fc1c149afbf4c8996fb92427ae41e4649b934ca495991b7852b855
evidence/hardware/p7/authorized_sequence/p7_20260711_stationary_app_r8/022_p7_fragment_boundary_215_l1/p7_shutdown_after.stdout.log,30060,42ec1ca029770b20df778ce04be2e82bdcb9006606b2ebbc7720f6533ba95b46
evidence/hardware/p7/authorized_sequence/p7_20260711_stationary_app_r8/022_p7_fragment_boundary_215_l1/p7_shutdown_after_result.txt,475,c55a4211ff667cbfea8bedbb4ad4ab2b248c2e80cfcfdd2062f4f04473dbb87a
evidence/hardware/p7/authorized_sequence/p7_20260711_stationary_app_r8/022_p7_fragment_boundary_215_l1/p7_shutdown_before.stderr.log,0,e3b0c44298fc1c149afbf4c8996fb92427ae41e4649b934ca495991b7852b855
evidence/hardware/p7/authorized_sequence/p7_20260711_stationary_app_r8/022_p7_fragment_boundary_215_l1/p7_shutdown_before.stdout.log,30060,7d7f266683dbb2fc666d0c757be2fe0d55139e311eb6fd5a82de81782fe742e5
evidence/hardware/p7/authorized_sequence/p7_20260711_stationary_app_r8/022_p7_fragment_boundary_215_l1/p7_shutdown_before_result.txt,475,c55a4211ff667cbfea8bedbb4ad4ab2b248c2e80cfcfdd2062f4f04473dbb87a
evidence/hardware/p7/authorized_sequence/p7_20260711_stationary_app_r8/023_p7_fragment_boundary_215_rr/p7_jtag_axi_raw_result.txt,5182,c8f32e214646eba822d8f147446c47813b439561daca1f3aa3e43ff5f98268fc
evidence/hardware/p7/authorized_sequence/p7_20260711_stationary_app_r8/023_p7_fragment_boundary_215_rr/p7_jtag_axi_stage.stderr.log,0,e3b0c44298fc1c149afbf4c8996fb92427ae41e4649b934ca495991b7852b855
evidence/hardware/p7/authorized_sequence/p7_20260711_stationary_app_r8/023_p7_fragment_boundary_215_rr/p7_jtag_axi_stage.stdout.log,35620,54dbaa1883ac315f1cd9660a4ad6f8ab8c23a62ddc11ba4dc564cc33869c92a3
evidence/hardware/p7/authorized_sequence/p7_20260711_stationary_app_r8/023_p7_fragment_boundary_215_rr/p7_jtag_axi_stage_events.jsonl,1238,9ec912904d351a4c3ff4d9612065ab117b1657ed0d4b50424bcc86a19b2e1f80
evidence/hardware/p7/authorized_sequence/p7_20260711_stationary_app_r8/023_p7_fragment_boundary_215_rr/p7_jtag_axi_stage_summary.json,90881,be527213eec891b84bcf6821647eb60e811f83e8f2bf0387e6f38253f8d87ab5
evidence/hardware/p7/authorized_sequence/p7_20260711_stationary_app_r8/023_p7_fragment_boundary_215_rr/p7_jtag_backend_parse_summary.json,4896,be867488562d51241ecb9948fb50480d47df95d641c4c893ba9357fb4cb47a74
evidence/hardware/p7/authorized_sequence/p7_20260711_stationary_app_r8/023_p7_fragment_boundary_215_rr/p7_jtag_reassembled_output.bin,215,1d64137df721078b35bdc1a3595a73cebcbe49865fb308c78791540d1d349cd7
evidence/hardware/p7/authorized_sequence/p7_20260711_stationary_app_r8/023_p7_fragment_boundary_215_rr/p7_preflight.stderr.log,0,e3b0c44298fc1c149afbf4c8996fb92427ae41e4649b934ca495991b7852b855
evidence/hardware/p7/authorized_sequence/p7_20260711_stationary_app_r8/023_p7_fragment_boundary_215_rr/p7_preflight.stdout.log,9843,461830b86bd5d4256a420acc288205d4e8d62f4b448a8cc1b773b144c6e64f7d
evidence/hardware/p7/authorized_sequence/p7_20260711_stationary_app_r8/023_p7_fragment_boundary_215_rr/p7_preflight_result.txt,512,b9c7b51d551d7f0a98f48b8493aed82542ccd9993966f478228e655b31ebbe84
evidence/hardware/p7/authorized_sequence/p7_20260711_stationary_app_r8/023_p7_fragment_boundary_215_rr/p7_shutdown_after.stderr.log,0,e3b0c44298fc1c149afbf4c8996fb92427ae41e4649b934ca495991b7852b855
evidence/hardware/p7/authorized_sequence/p7_20260711_stationary_app_r8/023_p7_fragment_boundary_215_rr/p7_shutdown_after.stdout.log,30060,99fe379a3a25ad50e75767b2d8472f6036672358cf3bb942d3f6a1156194c26a
evidence/hardware/p7/authorized_sequence/p7_20260711_stationary_app_r8/023_p7_fragment_boundary_215_rr/p7_shutdown_after_result.txt,475,c55a4211ff667cbfea8bedbb4ad4ab2b248c2e80cfcfdd2062f4f04473dbb87a
evidence/hardware/p7/authorized_sequence/p7_20260711_stationary_app_r8/023_p7_fragment_boundary_215_rr/p7_shutdown_before.stderr.log,0,e3b0c44298fc1c149afbf4c8996fb92427ae41e4649b934ca495991b7852b855
evidence/hardware/p7/authorized_sequence/p7_20260711_stationary_app_r8/023_p7_fragment_boundary_215_rr/p7_shutdown_before.stdout.log,30060,ebba34876f57d8500120dbd2887d4a7e369ee04ef9032534a6e3c8a5d40cd2d0
evidence/hardware/p7/authorized_sequence/p7_20260711_stationary_app_r8/023_p7_fragment_boundary_215_rr/p7_shutdown_before_result.txt,475,c55a4211ff667cbfea8bedbb4ad4ab2b248c2e80cfcfdd2062f4f04473dbb87a
evidence/hardware/p7/authorized_sequence/p7_20260711_stationary_app_r8/024_p7_fragment_boundary_215_rep3/p7_jtag_axi_raw_result.txt,5177,13d32f26c8054fd0d05c59fb9aeb4ab3850a1dbc72d83969b1791b55c2f1cff3
evidence/hardware/p7/authorized_sequence/p7_20260711_stationary_app_r8/024_p7_fragment_boundary_215_rep3/p7_jtag_axi_stage.stderr.log,0,e3b0c44298fc1c149afbf4c8996fb92427ae41e4649b934ca495991b7852b855
evidence/hardware/p7/authorized_sequence/p7_20260711_stationary_app_r8/024_p7_fragment_boundary_215_rep3/p7_jtag_axi_stage.stdout.log,35620,e11227c62891aa5a151f9e792513dbb6535daabb7950b7fac4db5e56cb9141c7
evidence/hardware/p7/authorized_sequence/p7_20260711_stationary_app_r8/024_p7_fragment_boundary_215_rep3/p7_jtag_axi_stage_events.jsonl,1240,31b232977e925c833d2781d5371beff9a16a0ded3b8d2cef276c3622905aa52a
evidence/hardware/p7/authorized_sequence/p7_20260711_stationary_app_r8/024_p7_fragment_boundary_215_rep3/p7_jtag_axi_stage_summary.json,90884,2e70945975d166b5de3feb30fc9ec0f69521b88a1244d96e91f2dff574a12452
evidence/hardware/p7/authorized_sequence/p7_20260711_stationary_app_r8/024_p7_fragment_boundary_215_rep3/p7_jtag_backend_parse_summary.json,4897,201223c343e0fe32f429f5944ad6c1e74bf7d63a4ba8aac09dd10d115c60f55a
evidence/hardware/p7/authorized_sequence/p7_20260711_stationary_app_r8/024_p7_fragment_boundary_215_rep3/p7_jtag_reassembled_output.bin,215,1d64137df721078b35bdc1a3595a73cebcbe49865fb308c78791540d1d349cd7
evidence/hardware/p7/authorized_sequence/p7_20260711_stationary_app_r8/024_p7_fragment_boundary_215_rep3/p7_preflight.stderr.log,0,e3b0c44298fc1c149afbf4c8996fb92427ae41e4649b934ca495991b7852b855
evidence/hardware/p7/authorized_sequence/p7_20260711_stationary_app_r8/024_p7_fragment_boundary_215_rep3/p7_preflight.stdout.log,9843,8af6dabc66821c2eb6a4d30e1f5cbb2aa12605af3aa5cf5933d344778b9cf945
evidence/hardware/p7/authorized_sequence/p7_20260711_stationary_app_r8/024_p7_fragment_boundary_215_rep3/p7_preflight_result.txt,512,b9c7b51d551d7f0a98f48b8493aed82542ccd9993966f478228e655b31ebbe84
evidence/hardware/p7/authorized_sequence/p7_20260711_stationary_app_r8/024_p7_fragment_boundary_215_rep3/p7_shutdown_after.stderr.log,0,e3b0c44298fc1c149afbf4c8996fb92427ae41e4649b934ca495991b7852b855
evidence/hardware/p7/authorized_sequence/p7_20260711_stationary_app_r8/024_p7_fragment_boundary_215_rep3/p7_shutdown_after.stdout.log,30060,6c58e18dec117d9f39cb7482a127aefbfdc0f9d5a457ccf02095c8e5d8dfe33c
evidence/hardware/p7/authorized_sequence/p7_20260711_stationary_app_r8/024_p7_fragment_boundary_215_rep3/p7_shutdown_after_result.txt,475,c55a4211ff667cbfea8bedbb4ad4ab2b248c2e80cfcfdd2062f4f04473dbb87a
evidence/hardware/p7/authorized_sequence/p7_20260711_stationary_app_r8/024_p7_fragment_boundary_215_rep3/p7_shutdown_before.stderr.log,0,e3b0c44298fc1c149afbf4c8996fb92427ae41e4649b934ca495991b7852b855
evidence/hardware/p7/authorized_sequence/p7_20260711_stationary_app_r8/024_p7_fragment_boundary_215_rep3/p7_shutdown_before.stdout.log,30060,bb1b59a6c575ed3f2f9f9d56b4de11a3bd755f5bc3a95359b629cd8ec8422861
evidence/hardware/p7/authorized_sequence/p7_20260711_stationary_app_r8/024_p7_fragment_boundary_215_rep3/p7_shutdown_before_result.txt,475,c55a4211ff667cbfea8bedbb4ad4ab2b248c2e80cfcfdd2062f4f04473dbb87a
evidence/hardware/p7/authorized_sequence/p7_20260711_stationary_app_r8/025_p7_fragment_boundary_216_l0/p7_jtag_axi_raw_result.txt,6469,18d65f0f8b0ce7984541aec50ee6f270b44347f6824d10c525596494de52bb60
evidence/hardware/p7/authorized_sequence/p7_20260711_stationary_app_r8/025_p7_fragment_boundary_216_l0/p7_jtag_axi_stage.stderr.log,0,e3b0c44298fc1c149afbf4c8996fb92427ae41e4649b934ca495991b7852b855
evidence/hardware/p7/authorized_sequence/p7_20260711_stationary_app_r8/025_p7_fragment_boundary_216_l0/p7_jtag_axi_stage.stdout.log,35620,a4dcc3f614179ff488b985666943d9067c6159148a728a3f36b865dbb0310fb0
evidence/hardware/p7/authorized_sequence/p7_20260711_stationary_app_r8/025_p7_fragment_boundary_216_l0/p7_jtag_axi_stage_events.jsonl,1238,6b25c0e8872fe72d33102f12dfe7533d33c037fa1aad28b6c2cd88976a410381
evidence/hardware/p7/authorized_sequence/p7_20260711_stationary_app_r8/025_p7_fragment_boundary_216_l0/p7_jtag_axi_stage_summary.json,94376,e4cb23b861d4f28714dac959061de6b09220ce9eda71f05a0b5f77303e6cf3b1
evidence/hardware/p7/authorized_sequence/p7_20260711_stationary_app_r8/025_p7_fragment_boundary_216_l0/p7_jtag_backend_parse_summary.json,6379,0bf13a11601dc0ae8df18a33d3c1b1b807ba169b09fca043232f19cdf3dc5625
evidence/hardware/p7/authorized_sequence/p7_20260711_stationary_app_r8/025_p7_fragment_boundary_216_l0/p7_jtag_reassembled_output.bin,216,9d42d74bac443eafbd9878145b745387eb1397174332564bc8fa6db414ab381f
evidence/hardware/p7/authorized_sequence/p7_20260711_stationary_app_r8/025_p7_fragment_boundary_216_l0/p7_preflight.stderr.log,0,e3b0c44298fc1c149afbf4c8996fb92427ae41e4649b934ca495991b7852b855
evidence/hardware/p7/authorized_sequence/p7_20260711_stationary_app_r8/025_p7_fragment_boundary_216_l0/p7_preflight.stdout.log,9843,c2e56588fb2b5a5bca1d5adf99f3fc13daacd26433c073ca3fac78e96a0ce90b
evidence/hardware/p7/authorized_sequence/p7_20260711_stationary_app_r8/025_p7_fragment_boundary_216_l0/p7_preflight_result.txt,512,b9c7b51d551d7f0a98f48b8493aed82542ccd9993966f478228e655b31ebbe84
evidence/hardware/p7/authorized_sequence/p7_20260711_stationary_app_r8/025_p7_fragment_boundary_216_l0/p7_shutdown_after.stderr.log,0,e3b0c44298fc1c149afbf4c8996fb92427ae41e4649b934ca495991b7852b855
evidence/hardware/p7/authorized_sequence/p7_20260711_stationary_app_r8/025_p7_fragment_boundary_216_l0/p7_shutdown_after.stdout.log,30060,573874f3c05b033fd61d55a2f2865f1cb225b1d2f15f140f826bcd0f9452d10e
evidence/hardware/p7/authorized_sequence/p7_20260711_stationary_app_r8/025_p7_fragment_boundary_216_l0/p7_shutdown_after_result.txt,475,c55a4211ff667cbfea8bedbb4ad4ab2b248c2e80cfcfdd2062f4f04473dbb87a
evidence/hardware/p7/authorized_sequence/p7_20260711_stationary_app_r8/025_p7_fragment_boundary_216_l0/p7_shutdown_before.stderr.log,0,e3b0c44298fc1c149afbf4c8996fb92427ae41e4649b934ca495991b7852b855
evidence/hardware/p7/authorized_sequence/p7_20260711_stationary_app_r8/025_p7_fragment_boundary_216_l0/p7_shutdown_before.stdout.log,30060,cebec74b52fc8a20cdd8d1374292bc2168fe0fa40a946dbaf134a059a0401cfe
evidence/hardware/p7/authorized_sequence/p7_20260711_stationary_app_r8/025_p7_fragment_boundary_216_l0/p7_shutdown_before_result.txt,475,c55a4211ff667cbfea8bedbb4ad4ab2b248c2e80cfcfdd2062f4f04473dbb87a
evidence/hardware/p7/authorized_sequence/p7_20260711_stationary_app_r8/026_p7_fragment_boundary_216_l1/p7_jtag_axi_raw_result.txt,6469,5fe55aaab1e4192262384d71a4e00375bf9bee5635d9e1b2597c6ce2ad7d1c66
evidence/hardware/p7/authorized_sequence/p7_20260711_stationary_app_r8/026_p7_fragment_boundary_216_l1/p7_jtag_axi_stage.stderr.log,0,e3b0c44298fc1c149afbf4c8996fb92427ae41e4649b934ca495991b7852b855
evidence/hardware/p7/authorized_sequence/p7_20260711_stationary_app_r8/026_p7_fragment_boundary_216_l1/p7_jtag_axi_stage.stdout.log,35620,3ba3869024768ff8145586452ef218bfed71eec9f3dad2de4447c99ccf38071a
evidence/hardware/p7/authorized_sequence/p7_20260711_stationary_app_r8/026_p7_fragment_boundary_216_l1/p7_jtag_axi_stage_events.jsonl,1238,7622b68e73a98fc8e03392ecfd7f913c398c683b06065d7336094e67847c89aa
evidence/hardware/p7/authorized_sequence/p7_20260711_stationary_app_r8/026_p7_fragment_boundary_216_l1/p7_jtag_axi_stage_summary.json,94343,bcdae6debf0a84fcac9be4a903dc8f4e674a17101b664b18e474fe8e8b466002
evidence/hardware/p7/authorized_sequence/p7_20260711_stationary_app_r8/026_p7_fragment_boundary_216_l1/p7_jtag_backend_parse_summary.json,6381,53153fb257329826cf55a6817fe0ad5d32f65da90e2140f4bea5b668c27ad0d3
evidence/hardware/p7/authorized_sequence/p7_20260711_stationary_app_r8/026_p7_fragment_boundary_216_l1/p7_jtag_reassembled_output.bin,216,9d42d74bac443eafbd9878145b745387eb1397174332564bc8fa6db414ab381f
evidence/hardware/p7/authorized_sequence/p7_20260711_stationary_app_r8/026_p7_fragment_boundary_216_l1/p7_preflight.stderr.log,0,e3b0c44298fc1c149afbf4c8996fb92427ae41e4649b934ca495991b7852b855
evidence/hardware/p7/authorized_sequence/p7_20260711_stationary_app_r8/026_p7_fragment_boundary_216_l1/p7_preflight.stdout.log,9843,10b1aa72dc918a7c5e5f1a19fb3548575c5cff943dfd929c21a97c25879fa2dc
evidence/hardware/p7/authorized_sequence/p7_20260711_stationary_app_r8/026_p7_fragment_boundary_216_l1/p7_preflight_result.txt,512,b9c7b51d551d7f0a98f48b8493aed82542ccd9993966f478228e655b31ebbe84
evidence/hardware/p7/authorized_sequence/p7_20260711_stationary_app_r8/026_p7_fragment_boundary_216_l1/p7_shutdown_after.stderr.log,0,e3b0c44298fc1c149afbf4c8996fb92427ae41e4649b934ca495991b7852b855
evidence/hardware/p7/authorized_sequence/p7_20260711_stationary_app_r8/026_p7_fragment_boundary_216_l1/p7_shutdown_after.stdout.log,30060,9ff2136f9aecb6ab463c6bce20ebc0bd670b337a2557e12d5ddd3e67abbc13d5
evidence/hardware/p7/authorized_sequence/p7_20260711_stationary_app_r8/026_p7_fragment_boundary_216_l1/p7_shutdown_after_result.txt,475,c55a4211ff667cbfea8bedbb4ad4ab2b248c2e80cfcfdd2062f4f04473dbb87a
evidence/hardware/p7/authorized_sequence/p7_20260711_stationary_app_r8/026_p7_fragment_boundary_216_l1/p7_shutdown_before.stderr.log,0,e3b0c44298fc1c149afbf4c8996fb92427ae41e4649b934ca495991b7852b855
evidence/hardware/p7/authorized_sequence/p7_20260711_stationary_app_r8/026_p7_fragment_boundary_216_l1/p7_shutdown_before.stdout.log,30060,81b89a3327c6a1282e249aaf10fe7d8cd7d610ac8ff356cef5633a5a8eedad52
evidence/hardware/p7/authorized_sequence/p7_20260711_stationary_app_r8/026_p7_fragment_boundary_216_l1/p7_shutdown_before_result.txt,475,c55a4211ff667cbfea8bedbb4ad4ab2b248c2e80cfcfdd2062f4f04473dbb87a
evidence/hardware/p7/authorized_sequence/p7_20260711_stationary_app_r8/027_p7_fragment_boundary_216_rr/p7_jtag_axi_raw_result.txt,6477,462e4528dd514d0e96d9985b6f9321cb3cb1e1511d9d49d641b3775b116b4365
evidence/hardware/p7/authorized_sequence/p7_20260711_stationary_app_r8/027_p7_fragment_boundary_216_rr/p7_jtag_axi_stage.stderr.log,0,e3b0c44298fc1c149afbf4c8996fb92427ae41e4649b934ca495991b7852b855
evidence/hardware/p7/authorized_sequence/p7_20260711_stationary_app_r8/027_p7_fragment_boundary_216_rr/p7_jtag_axi_stage.stdout.log,35620,a2c7acfecd62ed45761a30456b9ea1c996d988489d21a25dd9adec7ef6e957b1
evidence/hardware/p7/authorized_sequence/p7_20260711_stationary_app_r8/027_p7_fragment_boundary_216_rr/p7_jtag_axi_stage_events.jsonl,1238,ca1f4f5577371b572d361fe63358acf7025e672bdce7756ebdb711a4e24d088b
evidence/hardware/p7/authorized_sequence/p7_20260711_stationary_app_r8/027_p7_fragment_boundary_216_rr/p7_jtag_axi_stage_summary.json,94374,0432051fd933790e666c666f0f5772411eb8ddce16dd2982fd0446737af90e82
evidence/hardware/p7/authorized_sequence/p7_20260711_stationary_app_r8/027_p7_fragment_boundary_216_rr/p7_jtag_backend_parse_summary.json,6389,8c2ea7ae44a863168166555a17a894470a61bcd6dfd8db69d20d4fbfc4a29560
evidence/hardware/p7/authorized_sequence/p7_20260711_stationary_app_r8/027_p7_fragment_boundary_216_rr/p7_jtag_reassembled_output.bin,216,9d42d74bac443eafbd9878145b745387eb1397174332564bc8fa6db414ab381f
evidence/hardware/p7/authorized_sequence/p7_20260711_stationary_app_r8/027_p7_fragment_boundary_216_rr/p7_preflight.stderr.log,0,e3b0c44298fc1c149afbf4c8996fb92427ae41e4649b934ca495991b7852b855
evidence/hardware/p7/authorized_sequence/p7_20260711_stationary_app_r8/027_p7_fragment_boundary_216_rr/p7_preflight.stdout.log,9843,a110cc5c806984f8deb543caada93aa12368f3506360b28411f15c4058720f7b
evidence/hardware/p7/authorized_sequence/p7_20260711_stationary_app_r8/027_p7_fragment_boundary_216_rr/p7_preflight_result.txt,512,b9c7b51d551d7f0a98f48b8493aed82542ccd9993966f478228e655b31ebbe84
evidence/hardware/p7/authorized_sequence/p7_20260711_stationary_app_r8/027_p7_fragment_boundary_216_rr/p7_shutdown_after.stderr.log,0,e3b0c44298fc1c149afbf4c8996fb92427ae41e4649b934ca495991b7852b855
evidence/hardware/p7/authorized_sequence/p7_20260711_stationary_app_r8/027_p7_fragment_boundary_216_rr/p7_shutdown_after.stdout.log,30060,b62d12401dedcb205ac8eb419df34c2c040aabd79f0f7fc0115bf61f983162e8
evidence/hardware/p7/authorized_sequence/p7_20260711_stationary_app_r8/027_p7_fragment_boundary_216_rr/p7_shutdown_after_result.txt,475,c55a4211ff667cbfea8bedbb4ad4ab2b248c2e80cfcfdd2062f4f04473dbb87a
evidence/hardware/p7/authorized_sequence/p7_20260711_stationary_app_r8/027_p7_fragment_boundary_216_rr/p7_shutdown_before.stderr.log,0,e3b0c44298fc1c149afbf4c8996fb92427ae41e4649b934ca495991b7852b855
evidence/hardware/p7/authorized_sequence/p7_20260711_stationary_app_r8/027_p7_fragment_boundary_216_rr/p7_shutdown_before.stdout.log,30060,62f6681095b43ea6227ee1bf899234beaac4bc65ca8b7dbf614c1f800a0a90f9
evidence/hardware/p7/authorized_sequence/p7_20260711_stationary_app_r8/027_p7_fragment_boundary_216_rr/p7_shutdown_before_result.txt,475,c55a4211ff667cbfea8bedbb4ad4ab2b248c2e80cfcfdd2062f4f04473dbb87a
evidence/hardware/p7/authorized_sequence/p7_20260711_stationary_app_r8/028_p7_fragment_boundary_216_rep3/p7_jtag_axi_raw_result.txt,6472,c059fa8af5d7a952ba76cbaab19cf04e480c304aa29448548946b365686a10f9
evidence/hardware/p7/authorized_sequence/p7_20260711_stationary_app_r8/028_p7_fragment_boundary_216_rep3/p7_jtag_axi_stage.stderr.log,0,e3b0c44298fc1c149afbf4c8996fb92427ae41e4649b934ca495991b7852b855
evidence/hardware/p7/authorized_sequence/p7_20260711_stationary_app_r8/028_p7_fragment_boundary_216_rep3/p7_jtag_axi_stage.stdout.log,35620,5aefea02c466276cb7628239314891606ce2db9f8018efd8092082a61547b3e8
evidence/hardware/p7/authorized_sequence/p7_20260711_stationary_app_r8/028_p7_fragment_boundary_216_rep3/p7_jtag_axi_stage_events.jsonl,1240,b5cdba6e09b18d71bd47427059ed23e8783aa21a3eb4f59be2614f0eca33f618
evidence/hardware/p7/authorized_sequence/p7_20260711_stationary_app_r8/028_p7_fragment_boundary_216_rep3/p7_jtag_axi_stage_summary.json,93334,d4ffc33cc14aaa9e4ead26d9735ef97ee059e34aa9a4fab5b955553ff939ad49
evidence/hardware/p7/authorized_sequence/p7_20260711_stationary_app_r8/028_p7_fragment_boundary_216_rep3/p7_jtag_backend_parse_summary.json,6391,7fdc6582ec82c335eab6b25f13e1fe1edb914a87e09bd5415fa66bc8bb1e62ae
evidence/hardware/p7/authorized_sequence/p7_20260711_stationary_app_r8/028_p7_fragment_boundary_216_rep3/p7_jtag_reassembled_output.bin,216,9d42d74bac443eafbd9878145b745387eb1397174332564bc8fa6db414ab381f
evidence/hardware/p7/authorized_sequence/p7_20260711_stationary_app_r8/028_p7_fragment_boundary_216_rep3/p7_preflight.stderr.log,0,e3b0c44298fc1c149afbf4c8996fb92427ae41e4649b934ca495991b7852b855
evidence/hardware/p7/authorized_sequence/p7_20260711_stationary_app_r8/028_p7_fragment_boundary_216_rep3/p7_preflight.stdout.log,9843,fe83b18e93c22182f67bf57cbfce417e0ae0b2e3daf7bccc919f74370f1dca21
evidence/hardware/p7/authorized_sequence/p7_20260711_stationary_app_r8/028_p7_fragment_boundary_216_rep3/p7_preflight_result.txt,512,b9c7b51d551d7f0a98f48b8493aed82542ccd9993966f478228e655b31ebbe84
evidence/hardware/p7/authorized_sequence/p7_20260711_stationary_app_r8/028_p7_fragment_boundary_216_rep3/p7_shutdown_after.stderr.log,0,e3b0c44298fc1c149afbf4c8996fb92427ae41e4649b934ca495991b7852b855
evidence/hardware/p7/authorized_sequence/p7_20260711_stationary_app_r8/028_p7_fragment_boundary_216_rep3/p7_shutdown_after.stdout.log,30060,5c2d951ca238bcf4103396f1ce9e59e705d7794ad6d571ea246c94c01f904f23
evidence/hardware/p7/authorized_sequence/p7_20260711_stationary_app_r8/028_p7_fragment_boundary_216_rep3/p7_shutdown_after_result.txt,475,c55a4211ff667cbfea8bedbb4ad4ab2b248c2e80cfcfdd2062f4f04473dbb87a
evidence/hardware/p7/authorized_sequence/p7_20260711_stationary_app_r8/028_p7_fragment_boundary_216_rep3/p7_shutdown_before.stderr.log,0,e3b0c44298fc1c149afbf4c8996fb92427ae41e4649b934ca495991b7852b855
evidence/hardware/p7/authorized_sequence/p7_20260711_stationary_app_r8/028_p7_fragment_boundary_216_rep3/p7_shutdown_before.stdout.log,30060,f1b3853dd51b65c844f60f0aa44cbf642b4ceb52f4fabedb54c776d7f9f2d48f
evidence/hardware/p7/authorized_sequence/p7_20260711_stationary_app_r8/028_p7_fragment_boundary_216_rep3/p7_shutdown_before_result.txt,475,c55a4211ff667cbfea8bedbb4ad4ab2b248c2e80cfcfdd2062f4f04473dbb87a
evidence/hardware/p7/authorized_sequence/p7_20260711_stationary_app_r8/029_p7_fragment_boundary_247_l0/p7_jtag_axi_raw_result.txt,6833,73bd5453af05466f08cf0752a0ef89336e3f05c244871c8571cc88394fc81fe4
evidence/hardware/p7/authorized_sequence/p7_20260711_stationary_app_r8/029_p7_fragment_boundary_247_l0/p7_jtag_axi_stage.stderr.log,0,e3b0c44298fc1c149afbf4c8996fb92427ae41e4649b934ca495991b7852b855
evidence/hardware/p7/authorized_sequence/p7_20260711_stationary_app_r8/029_p7_fragment_boundary_247_l0/p7_jtag_axi_stage.stdout.log,35620,9db2aa4937e89f77a31fcf79e1baee399cf80bf5087fc8236cf54c79a717ed95
evidence/hardware/p7/authorized_sequence/p7_20260711_stationary_app_r8/029_p7_fragment_boundary_247_l0/p7_jtag_axi_stage_events.jsonl,1238,dee076e7d18cd4789fd60dcd08138cdf16db53168bc7492798c2418889f2ec3d
evidence/hardware/p7/authorized_sequence/p7_20260711_stationary_app_r8/029_p7_fragment_boundary_247_l0/p7_jtag_axi_stage_summary.json,95597,ad6d93895347b3442af8d714c69e062aab7ca825bcb60d0bba16b8577c0384b5
evidence/hardware/p7/authorized_sequence/p7_20260711_stationary_app_r8/029_p7_fragment_boundary_247_l0/p7_jtag_backend_parse_summary.json,6442,588e73ab59a520959a50e212753d1eb4361a55a815272321b818a54730af1bda
evidence/hardware/p7/authorized_sequence/p7_20260711_stationary_app_r8/029_p7_fragment_boundary_247_l0/p7_jtag_reassembled_output.bin,247,4b96ec3b91e9f764ac0227ca7df451bd8294cd46298047b43b960ae1c0b0afc5
evidence/hardware/p7/authorized_sequence/p7_20260711_stationary_app_r8/029_p7_fragment_boundary_247_l0/p7_preflight.stderr.log,0,e3b0c44298fc1c149afbf4c8996fb92427ae41e4649b934ca495991b7852b855
evidence/hardware/p7/authorized_sequence/p7_20260711_stationary_app_r8/029_p7_fragment_boundary_247_l0/p7_preflight.stdout.log,9843,d85577fec8b450ef67acab7c56309c29d13d35a07226e9ff890f4880f89eefad
evidence/hardware/p7/authorized_sequence/p7_20260711_stationary_app_r8/029_p7_fragment_boundary_247_l0/p7_preflight_result.txt,512,b9c7b51d551d7f0a98f48b8493aed82542ccd9993966f478228e655b31ebbe84
evidence/hardware/p7/authorized_sequence/p7_20260711_stationary_app_r8/029_p7_fragment_boundary_247_l0/p7_shutdown_after.stderr.log,0,e3b0c44298fc1c149afbf4c8996fb92427ae41e4649b934ca495991b7852b855
evidence/hardware/p7/authorized_sequence/p7_20260711_stationary_app_r8/029_p7_fragment_boundary_247_l0/p7_shutdown_after.stdout.log,30060,b22ab876df6ce48aa37d0c2c5e1d1b2493362dd829c6dbdf71d7936fa0387b7f
evidence/hardware/p7/authorized_sequence/p7_20260711_stationary_app_r8/029_p7_fragment_boundary_247_l0/p7_shutdown_after_result.txt,475,c55a4211ff667cbfea8bedbb4ad4ab2b248c2e80cfcfdd2062f4f04473dbb87a
evidence/hardware/p7/authorized_sequence/p7_20260711_stationary_app_r8/029_p7_fragment_boundary_247_l0/p7_shutdown_before.stderr.log,0,e3b0c44298fc1c149afbf4c8996fb92427ae41e4649b934ca495991b7852b855
evidence/hardware/p7/authorized_sequence/p7_20260711_stationary_app_r8/029_p7_fragment_boundary_247_l0/p7_shutdown_before.stdout.log,30060,d2c3951fe182b2f99bcf61a93a8d10ee43c31e3cb2f60d2c0018be52ad740fb6
evidence/hardware/p7/authorized_sequence/p7_20260711_stationary_app_r8/029_p7_fragment_boundary_247_l0/p7_shutdown_before_result.txt,475,c55a4211ff667cbfea8bedbb4ad4ab2b248c2e80cfcfdd2062f4f04473dbb87a
evidence/hardware/p7/authorized_sequence/p7_20260711_stationary_app_r8/030_p7_fragment_boundary_247_l1/p7_jtag_axi_raw_result.txt,6833,d41581c658a2a5552ae3d1525faee2e33a2f847559dc3245257de8e017e8a929
evidence/hardware/p7/authorized_sequence/p7_20260711_stationary_app_r8/030_p7_fragment_boundary_247_l1/p7_jtag_axi_stage.stderr.log,0,e3b0c44298fc1c149afbf4c8996fb92427ae41e4649b934ca495991b7852b855
evidence/hardware/p7/authorized_sequence/p7_20260711_stationary_app_r8/030_p7_fragment_boundary_247_l1/p7_jtag_axi_stage.stdout.log,35620,b7d6a68b4137116ab8551fd93ebf5d16a06dc0478435ec9a4393694c7707f796
evidence/hardware/p7/authorized_sequence/p7_20260711_stationary_app_r8/030_p7_fragment_boundary_247_l1/p7_jtag_axi_stage_events.jsonl,1238,a31f0aea74dcaecee74de3f7146e864e8ddf6e354b4794d3835da9c67af7a9d8
evidence/hardware/p7/authorized_sequence/p7_20260711_stationary_app_r8/030_p7_fragment_boundary_247_l1/p7_jtag_axi_stage_summary.json,96297,54517ac228f819d06117fd5a5d99a5a7a570ea8a0885468b992ad5380f387341
evidence/hardware/p7/authorized_sequence/p7_20260711_stationary_app_r8/030_p7_fragment_boundary_247_l1/p7_jtag_backend_parse_summary.json,6442,79b66d380a6444c496cdc23fa34e33e179356205c7770ff5184e3fda60499d81
evidence/hardware/p7/authorized_sequence/p7_20260711_stationary_app_r8/030_p7_fragment_boundary_247_l1/p7_jtag_reassembled_output.bin,247,4b96ec3b91e9f764ac0227ca7df451bd8294cd46298047b43b960ae1c0b0afc5
evidence/hardware/p7/authorized_sequence/p7_20260711_stationary_app_r8/030_p7_fragment_boundary_247_l1/p7_preflight.stderr.log,0,e3b0c44298fc1c149afbf4c8996fb92427ae41e4649b934ca495991b7852b855
evidence/hardware/p7/authorized_sequence/p7_20260711_stationary_app_r8/030_p7_fragment_boundary_247_l1/p7_preflight.stdout.log,9843,41d2638a19d9565eaf2eca02643cc3f9111b85787260fb9126f78d5e3186d7cb
evidence/hardware/p7/authorized_sequence/p7_20260711_stationary_app_r8/030_p7_fragment_boundary_247_l1/p7_preflight_result.txt,512,b9c7b51d551d7f0a98f48b8493aed82542ccd9993966f478228e655b31ebbe84
evidence/hardware/p7/authorized_sequence/p7_20260711_stationary_app_r8/030_p7_fragment_boundary_247_l1/p7_shutdown_after.stderr.log,0,e3b0c44298fc1c149afbf4c8996fb92427ae41e4649b934ca495991b7852b855
evidence/hardware/p7/authorized_sequence/p7_20260711_stationary_app_r8/030_p7_fragment_boundary_247_l1/p7_shutdown_after.stdout.log,30060,c4a52e320b23c7ed321f38c77d91605ce0b58c65672eb48d43175a759fcb9b6b
evidence/hardware/p7/authorized_sequence/p7_20260711_stationary_app_r8/030_p7_fragment_boundary_247_l1/p7_shutdown_after_result.txt,475,c55a4211ff667cbfea8bedbb4ad4ab2b248c2e80cfcfdd2062f4f04473dbb87a
evidence/hardware/p7/authorized_sequence/p7_20260711_stationary_app_r8/030_p7_fragment_boundary_247_l1/p7_shutdown_before.stderr.log,0,e3b0c44298fc1c149afbf4c8996fb92427ae41e4649b934ca495991b7852b855
evidence/hardware/p7/authorized_sequence/p7_20260711_stationary_app_r8/030_p7_fragment_boundary_247_l1/p7_shutdown_before.stdout.log,30060,92970078bab5c746fa1ccbc97bf30e6e5f776997d3faa5e4657fc0096a6996d4
evidence/hardware/p7/authorized_sequence/p7_20260711_stationary_app_r8/030_p7_fragment_boundary_247_l1/p7_shutdown_before_result.txt,475,c55a4211ff667cbfea8bedbb4ad4ab2b248c2e80cfcfdd2062f4f04473dbb87a
evidence/hardware/p7/authorized_sequence/p7_20260711_stationary_app_r8/031_p7_fragment_boundary_247_rr/p7_jtag_axi_raw_result.txt,6841,8441b61010c8d8398c0ac6294408c8b40c1ab04c74b0e3f56280c87aab78de71
evidence/hardware/p7/authorized_sequence/p7_20260711_stationary_app_r8/031_p7_fragment_boundary_247_rr/p7_jtag_axi_stage.stderr.log,0,e3b0c44298fc1c149afbf4c8996fb92427ae41e4649b934ca495991b7852b855
evidence/hardware/p7/authorized_sequence/p7_20260711_stationary_app_r8/031_p7_fragment_boundary_247_rr/p7_jtag_axi_stage.stdout.log,35620,df682b32fb706edbcbeba254d34c3c9f1d13c727692f3a1e7ba668d036166ba9
evidence/hardware/p7/authorized_sequence/p7_20260711_stationary_app_r8/031_p7_fragment_boundary_247_rr/p7_jtag_axi_stage_events.jsonl,1238,e1bb3fadb6208f9ac9d2f7ba5a0683dc899cd802672e5acc06bb72bd4a323e63
evidence/hardware/p7/authorized_sequence/p7_20260711_stationary_app_r8/031_p7_fragment_boundary_247_rr/p7_jtag_axi_stage_summary.json,96319,0a95369a2edbe42be2b2ccbb9f0e70057f41ebd510e4506a6dfdf4e684db9b35
evidence/hardware/p7/authorized_sequence/p7_20260711_stationary_app_r8/031_p7_fragment_boundary_247_rr/p7_jtag_backend_parse_summary.json,6450,4eface41b0c72f180446863fd612d8f9a680dcc03d96809923e7f0e4361f7f7e
evidence/hardware/p7/authorized_sequence/p7_20260711_stationary_app_r8/031_p7_fragment_boundary_247_rr/p7_jtag_reassembled_output.bin,247,4b96ec3b91e9f764ac0227ca7df451bd8294cd46298047b43b960ae1c0b0afc5
evidence/hardware/p7/authorized_sequence/p7_20260711_stationary_app_r8/031_p7_fragment_boundary_247_rr/p7_preflight.stderr.log,0,e3b0c44298fc1c149afbf4c8996fb92427ae41e4649b934ca495991b7852b855
evidence/hardware/p7/authorized_sequence/p7_20260711_stationary_app_r8/031_p7_fragment_boundary_247_rr/p7_preflight.stdout.log,9843,e8f5bf0c729d5ba6c8f287e1a2b4233b7689f2717886e6bc42b3b2e128368232
evidence/hardware/p7/authorized_sequence/p7_20260711_stationary_app_r8/031_p7_fragment_boundary_247_rr/p7_preflight_result.txt,512,b9c7b51d551d7f0a98f48b8493aed82542ccd9993966f478228e655b31ebbe84
evidence/hardware/p7/authorized_sequence/p7_20260711_stationary_app_r8/031_p7_fragment_boundary_247_rr/p7_shutdown_after.stderr.log,0,e3b0c44298fc1c149afbf4c8996fb92427ae41e4649b934ca495991b7852b855
evidence/hardware/p7/authorized_sequence/p7_20260711_stationary_app_r8/031_p7_fragment_boundary_247_rr/p7_shutdown_after.stdout.log,30060,2cd1ec111843184b35aefcc9b305f09eda91718f4d5d6b02f7fc42922e736aae
evidence/hardware/p7/authorized_sequence/p7_20260711_stationary_app_r8/031_p7_fragment_boundary_247_rr/p7_shutdown_after_result.txt,475,c55a4211ff667cbfea8bedbb4ad4ab2b248c2e80cfcfdd2062f4f04473dbb87a
evidence/hardware/p7/authorized_sequence/p7_20260711_stationary_app_r8/031_p7_fragment_boundary_247_rr/p7_shutdown_before.stderr.log,0,e3b0c44298fc1c149afbf4c8996fb92427ae41e4649b934ca495991b7852b855
evidence/hardware/p7/authorized_sequence/p7_20260711_stationary_app_r8/031_p7_fragment_boundary_247_rr/p7_shutdown_before.stdout.log,30060,65a29169e7b63be258e9721b7ceb0e4779bf557489d1138ee3cee44834c80aa7
evidence/hardware/p7/authorized_sequence/p7_20260711_stationary_app_r8/031_p7_fragment_boundary_247_rr/p7_shutdown_before_result.txt,475,c55a4211ff667cbfea8bedbb4ad4ab2b248c2e80cfcfdd2062f4f04473dbb87a
evidence/hardware/p7/authorized_sequence/p7_20260711_stationary_app_r8/032_p7_fragment_boundary_247_rep3/p7_jtag_axi_raw_result.txt,6836,40b224334892ffd49c6321b87ece82c9aabdb2d68def2189fa3a286581e786f1
evidence/hardware/p7/authorized_sequence/p7_20260711_stationary_app_r8/032_p7_fragment_boundary_247_rep3/p7_jtag_axi_stage.stderr.log,0,e3b0c44298fc1c149afbf4c8996fb92427ae41e4649b934ca495991b7852b855
evidence/hardware/p7/authorized_sequence/p7_20260711_stationary_app_r8/032_p7_fragment_boundary_247_rep3/p7_jtag_axi_stage.stdout.log,35620,1264ccca11e94e3f30c2114964821a6a6e60042e3035af6cc6c01054f4422ca7
evidence/hardware/p7/authorized_sequence/p7_20260711_stationary_app_r8/032_p7_fragment_boundary_247_rep3/p7_jtag_axi_stage_events.jsonl,1240,e54da2feeb86db3276e481e38389ef87201d56fcbde948b679b38b13af96682c
evidence/hardware/p7/authorized_sequence/p7_20260711_stationary_app_r8/032_p7_fragment_boundary_247_rep3/p7_jtag_axi_stage_summary.json,95685,9b4f8ffffa21d74eab49eb0296e24a54a05cbfc5072b6d509a35347aaf97bda7
evidence/hardware/p7/authorized_sequence/p7_20260711_stationary_app_r8/032_p7_fragment_boundary_247_rep3/p7_jtag_backend_parse_summary.json,6453,686b031b33c85892e787894f45fad1e37d2b96b923a30369391279ef7c37627c
evidence/hardware/p7/authorized_sequence/p7_20260711_stationary_app_r8/032_p7_fragment_boundary_247_rep3/p7_jtag_reassembled_output.bin,247,4b96ec3b91e9f764ac0227ca7df451bd8294cd46298047b43b960ae1c0b0afc5
evidence/hardware/p7/authorized_sequence/p7_20260711_stationary_app_r8/032_p7_fragment_boundary_247_rep3/p7_preflight.stderr.log,0,e3b0c44298fc1c149afbf4c8996fb92427ae41e4649b934ca495991b7852b855
evidence/hardware/p7/authorized_sequence/p7_20260711_stationary_app_r8/032_p7_fragment_boundary_247_rep3/p7_preflight.stdout.log,9843,fcff8b97edb99ec9a41007692d89c1eb8551aace4ca8a5711078c95980bc222a
evidence/hardware/p7/authorized_sequence/p7_20260711_stationary_app_r8/032_p7_fragment_boundary_247_rep3/p7_preflight_result.txt,512,b9c7b51d551d7f0a98f48b8493aed82542ccd9993966f478228e655b31ebbe84
evidence/hardware/p7/authorized_sequence/p7_20260711_stationary_app_r8/032_p7_fragment_boundary_247_rep3/p7_shutdown_after.stderr.log,0,e3b0c44298fc1c149afbf4c8996fb92427ae41e4649b934ca495991b7852b855
evidence/hardware/p7/authorized_sequence/p7_20260711_stationary_app_r8/032_p7_fragment_boundary_247_rep3/p7_shutdown_after.stdout.log,30060,4515b24443c80bc60ee55b4a605559c66f13f44d5db371c5547b1a7ff67fc86a
evidence/hardware/p7/authorized_sequence/p7_20260711_stationary_app_r8/032_p7_fragment_boundary_247_rep3/p7_shutdown_after_result.txt,475,c55a4211ff667cbfea8bedbb4ad4ab2b248c2e80cfcfdd2062f4f04473dbb87a
evidence/hardware/p7/authorized_sequence/p7_20260711_stationary_app_r8/032_p7_fragment_boundary_247_rep3/p7_shutdown_before.stderr.log,0,e3b0c44298fc1c149afbf4c8996fb92427ae41e4649b934ca495991b7852b855
evidence/hardware/p7/authorized_sequence/p7_20260711_stationary_app_r8/032_p7_fragment_boundary_247_rep3/p7_shutdown_before.stdout.log,30060,a60055aac6e8c72efe670591253f6f5038800227f345dff80919b7a11693a64e
evidence/hardware/p7/authorized_sequence/p7_20260711_stationary_app_r8/032_p7_fragment_boundary_247_rep3/p7_shutdown_before_result.txt,475,c55a4211ff667cbfea8bedbb4ad4ab2b248c2e80cfcfdd2062f4f04473dbb87a
evidence/hardware/p7/authorized_sequence/p7_20260711_stationary_app_r8/033_p7_fragment_boundary_248_l0/p7_jtag_axi_raw_result.txt,6885,467610d692f23647b047fbad51c06f273ca6035cbb93fd457afeba8a02781f0a
evidence/hardware/p7/authorized_sequence/p7_20260711_stationary_app_r8/033_p7_fragment_boundary_248_l0/p7_jtag_axi_stage.stderr.log,0,e3b0c44298fc1c149afbf4c8996fb92427ae41e4649b934ca495991b7852b855
evidence/hardware/p7/authorized_sequence/p7_20260711_stationary_app_r8/033_p7_fragment_boundary_248_l0/p7_jtag_axi_stage.stdout.log,35620,02bb3b4f306fe1fce250d68d33ef35995801e2a2eb68c7776ef4367afae86fc4
evidence/hardware/p7/authorized_sequence/p7_20260711_stationary_app_r8/033_p7_fragment_boundary_248_l0/p7_jtag_axi_stage_events.jsonl,1238,41f35994aa3dc4c4bd619c2f3cc766768482652d8f7c1a0223a7a2a7755e782a
evidence/hardware/p7/authorized_sequence/p7_20260711_stationary_app_r8/033_p7_fragment_boundary_248_l0/p7_jtag_axi_stage_summary.json,95994,26a9435d61c19953d9c9c8dc9372916d303cce30f5047c9b502e659db08a7735
evidence/hardware/p7/authorized_sequence/p7_20260711_stationary_app_r8/033_p7_fragment_boundary_248_l0/p7_jtag_backend_parse_summary.json,6446,dacb60372a27a4493bbc3ebdc110f3e17d16f48801137d98c833805e5128681f
evidence/hardware/p7/authorized_sequence/p7_20260711_stationary_app_r8/033_p7_fragment_boundary_248_l0/p7_jtag_reassembled_output.bin,248,c6fefe1bfbe6f5364bf0e40447ffca27fde55f1cd815e1fa3bafb46a41c91749
evidence/hardware/p7/authorized_sequence/p7_20260711_stationary_app_r8/033_p7_fragment_boundary_248_l0/p7_preflight.stderr.log,0,e3b0c44298fc1c149afbf4c8996fb92427ae41e4649b934ca495991b7852b855
evidence/hardware/p7/authorized_sequence/p7_20260711_stationary_app_r8/033_p7_fragment_boundary_248_l0/p7_preflight.stdout.log,9843,53601fba339cb1644480af3624658fd2087ed7cc79d2847f8dcd9e2c463883a8
evidence/hardware/p7/authorized_sequence/p7_20260711_stationary_app_r8/033_p7_fragment_boundary_248_l0/p7_preflight_result.txt,512,b9c7b51d551d7f0a98f48b8493aed82542ccd9993966f478228e655b31ebbe84
evidence/hardware/p7/authorized_sequence/p7_20260711_stationary_app_r8/033_p7_fragment_boundary_248_l0/p7_shutdown_after.stderr.log,0,e3b0c44298fc1c149afbf4c8996fb92427ae41e4649b934ca495991b7852b855
evidence/hardware/p7/authorized_sequence/p7_20260711_stationary_app_r8/033_p7_fragment_boundary_248_l0/p7_shutdown_after.stdout.log,30060,b08c10ade8e2bc7cdde44f6c75a56ce34ff57ce0bd00f60ce67a054755957a83
evidence/hardware/p7/authorized_sequence/p7_20260711_stationary_app_r8/033_p7_fragment_boundary_248_l0/p7_shutdown_after_result.txt,475,c55a4211ff667cbfea8bedbb4ad4ab2b248c2e80cfcfdd2062f4f04473dbb87a
evidence/hardware/p7/authorized_sequence/p7_20260711_stationary_app_r8/033_p7_fragment_boundary_248_l0/p7_shutdown_before.stderr.log,0,e3b0c44298fc1c149afbf4c8996fb92427ae41e4649b934ca495991b7852b855
evidence/hardware/p7/authorized_sequence/p7_20260711_stationary_app_r8/033_p7_fragment_boundary_248_l0/p7_shutdown_before.stdout.log,30060,28f6008156c2fd36dba1916cfc1d68438cf10fd6d4c775cdf93596d7d2e90d7c
evidence/hardware/p7/authorized_sequence/p7_20260711_stationary_app_r8/033_p7_fragment_boundary_248_l0/p7_shutdown_before_result.txt,475,c55a4211ff667cbfea8bedbb4ad4ab2b248c2e80cfcfdd2062f4f04473dbb87a
evidence/hardware/p7/authorized_sequence/p7_20260711_stationary_app_r8/034_p7_fragment_boundary_248_l1/p7_jtag_axi_raw_result.txt,6885,74559c1140d8379ac6043fbc17b74f5ae9c85ef55a07cc3d00a9ba2d25c9ac59
evidence/hardware/p7/authorized_sequence/p7_20260711_stationary_app_r8/034_p7_fragment_boundary_248_l1/p7_jtag_axi_stage.stderr.log,0,e3b0c44298fc1c149afbf4c8996fb92427ae41e4649b934ca495991b7852b855
evidence/hardware/p7/authorized_sequence/p7_20260711_stationary_app_r8/034_p7_fragment_boundary_248_l1/p7_jtag_axi_stage.stdout.log,35620,75d30e6b8b5c9694481690722b2ac3ce9969fb1caf837a90c767d0fdb1204216
evidence/hardware/p7/authorized_sequence/p7_20260711_stationary_app_r8/034_p7_fragment_boundary_248_l1/p7_jtag_axi_stage_events.jsonl,1238,d21bb606dc6f87782c6634c3f175b3924a80024e680b385bb5ec87b165dab02c
evidence/hardware/p7/authorized_sequence/p7_20260711_stationary_app_r8/034_p7_fragment_boundary_248_l1/p7_jtag_axi_stage_summary.json,95835,31e210acf2dc4e10f1f78ff8da60b7c19abc90daca7263dd68f18bc1beca836d
evidence/hardware/p7/authorized_sequence/p7_20260711_stationary_app_r8/034_p7_fragment_boundary_248_l1/p7_jtag_backend_parse_summary.json,6446,71ec368ed478161b8567e8c2822ca807312aa8f25a6a9f2d0c58ba8c2e25504f
evidence/hardware/p7/authorized_sequence/p7_20260711_stationary_app_r8/034_p7_fragment_boundary_248_l1/p7_jtag_reassembled_output.bin,248,c6fefe1bfbe6f5364bf0e40447ffca27fde55f1cd815e1fa3bafb46a41c91749
evidence/hardware/p7/authorized_sequence/p7_20260711_stationary_app_r8/034_p7_fragment_boundary_248_l1/p7_preflight.stderr.log,0,e3b0c44298fc1c149afbf4c8996fb92427ae41e4649b934ca495991b7852b855
evidence/hardware/p7/authorized_sequence/p7_20260711_stationary_app_r8/034_p7_fragment_boundary_248_l1/p7_preflight.stdout.log,9843,038483858e8c11e1f7326ff190d8df5e1e1617638751ccf96f017d325dd2b85b
evidence/hardware/p7/authorized_sequence/p7_20260711_stationary_app_r8/034_p7_fragment_boundary_248_l1/p7_preflight_result.txt,512,b9c7b51d551d7f0a98f48b8493aed82542ccd9993966f478228e655b31ebbe84
evidence/hardware/p7/authorized_sequence/p7_20260711_stationary_app_r8/034_p7_fragment_boundary_248_l1/p7_shutdown_after.stderr.log,0,e3b0c44298fc1c149afbf4c8996fb92427ae41e4649b934ca495991b7852b855
evidence/hardware/p7/authorized_sequence/p7_20260711_stationary_app_r8/034_p7_fragment_boundary_248_l1/p7_shutdown_after.stdout.log,30060,ae55096fea338ef43ae142ded7ff718bf2af9564c0a7dfa5c3801b15c471a354
evidence/hardware/p7/authorized_sequence/p7_20260711_stationary_app_r8/034_p7_fragment_boundary_248_l1/p7_shutdown_after_result.txt,475,c55a4211ff667cbfea8bedbb4ad4ab2b248c2e80cfcfdd2062f4f04473dbb87a
evidence/hardware/p7/authorized_sequence/p7_20260711_stationary_app_r8/034_p7_fragment_boundary_248_l1/p7_shutdown_before.stderr.log,0,e3b0c44298fc1c149afbf4c8996fb92427ae41e4649b934ca495991b7852b855
evidence/hardware/p7/authorized_sequence/p7_20260711_stationary_app_r8/034_p7_fragment_boundary_248_l1/p7_shutdown_before.stdout.log,30060,c25ea13de42db2d33022ce0e7b2d2e823baf6e429b4a1446b853d8b46fb51c77
evidence/hardware/p7/authorized_sequence/p7_20260711_stationary_app_r8/034_p7_fragment_boundary_248_l1/p7_shutdown_before_result.txt,475,c55a4211ff667cbfea8bedbb4ad4ab2b248c2e80cfcfdd2062f4f04473dbb87a
evidence/hardware/p7/authorized_sequence/p7_20260711_stationary_app_r8/035_p7_fragment_boundary_248_rr/p7_jtag_axi_raw_result.txt,6893,ca001715b764dfedc3889627dff990e5e14cad44af350290ad5edd2d2f4bb5e7
evidence/hardware/p7/authorized_sequence/p7_20260711_stationary_app_r8/035_p7_fragment_boundary_248_rr/p7_jtag_axi_stage.stderr.log,0,e3b0c44298fc1c149afbf4c8996fb92427ae41e4649b934ca495991b7852b855
evidence/hardware/p7/authorized_sequence/p7_20260711_stationary_app_r8/035_p7_fragment_boundary_248_rr/p7_jtag_axi_stage.stdout.log,35620,32f1c21e40d210cf7d8f0976d5a75311049b22991aac2b712a8e48e62e6eba1f
evidence/hardware/p7/authorized_sequence/p7_20260711_stationary_app_r8/035_p7_fragment_boundary_248_rr/p7_jtag_axi_stage_events.jsonl,1238,5f6f5e363e10c405a21469f876873463b5a776f7ae435527a1a0e04418cbef96
evidence/hardware/p7/authorized_sequence/p7_20260711_stationary_app_r8/035_p7_fragment_boundary_248_rr/p7_jtag_axi_stage_summary.json,96565,723beb1247f714f4aa4383faec983b47b8c329cfee2e676ab5f7d9db10a77eac
evidence/hardware/p7/authorized_sequence/p7_20260711_stationary_app_r8/035_p7_fragment_boundary_248_rr/p7_jtag_backend_parse_summary.json,6453,e40b6f3af0478a278b2138194e1d7e7643f0a5edfb58fb63da23ee97649b8efb
evidence/hardware/p7/authorized_sequence/p7_20260711_stationary_app_r8/035_p7_fragment_boundary_248_rr/p7_jtag_reassembled_output.bin,248,c6fefe1bfbe6f5364bf0e40447ffca27fde55f1cd815e1fa3bafb46a41c91749
evidence/hardware/p7/authorized_sequence/p7_20260711_stationary_app_r8/035_p7_fragment_boundary_248_rr/p7_preflight.stderr.log,0,e3b0c44298fc1c149afbf4c8996fb92427ae41e4649b934ca495991b7852b855
evidence/hardware/p7/authorized_sequence/p7_20260711_stationary_app_r8/035_p7_fragment_boundary_248_rr/p7_preflight.stdout.log,9843,78bc547f512fdcd905ded3b44394905e578269d98ad38da966a74567623bb437
evidence/hardware/p7/authorized_sequence/p7_20260711_stationary_app_r8/035_p7_fragment_boundary_248_rr/p7_preflight_result.txt,512,b9c7b51d551d7f0a98f48b8493aed82542ccd9993966f478228e655b31ebbe84
evidence/hardware/p7/authorized_sequence/p7_20260711_stationary_app_r8/035_p7_fragment_boundary_248_rr/p7_shutdown_after.stderr.log,0,e3b0c44298fc1c149afbf4c8996fb92427ae41e4649b934ca495991b7852b855
evidence/hardware/p7/authorized_sequence/p7_20260711_stationary_app_r8/035_p7_fragment_boundary_248_rr/p7_shutdown_after.stdout.log,30060,eb1d4c2a65cee5f2a9c7487d9b1716a9fb681f9fe3854ae7f904a46605ff0db4
evidence/hardware/p7/authorized_sequence/p7_20260711_stationary_app_r8/035_p7_fragment_boundary_248_rr/p7_shutdown_after_result.txt,475,c55a4211ff667cbfea8bedbb4ad4ab2b248c2e80cfcfdd2062f4f04473dbb87a
evidence/hardware/p7/authorized_sequence/p7_20260711_stationary_app_r8/035_p7_fragment_boundary_248_rr/p7_shutdown_before.stderr.log,0,e3b0c44298fc1c149afbf4c8996fb92427ae41e4649b934ca495991b7852b855
evidence/hardware/p7/authorized_sequence/p7_20260711_stationary_app_r8/035_p7_fragment_boundary_248_rr/p7_shutdown_before.stdout.log,30060,7c71415d92d60a4a9c8b36bd3cbc705e04255d1defca29da310f04820c47a664
evidence/hardware/p7/authorized_sequence/p7_20260711_stationary_app_r8/035_p7_fragment_boundary_248_rr/p7_shutdown_before_result.txt,475,c55a4211ff667cbfea8bedbb4ad4ab2b248c2e80cfcfdd2062f4f04473dbb87a
evidence/hardware/p7/authorized_sequence/p7_20260711_stationary_app_r8/036_p7_fragment_boundary_248_rep3/p7_jtag_axi_raw_result.txt,6888,856cf728b5f05b3c97d38459721db391d70189654b17906de2d356a8e1a95c05
evidence/hardware/p7/authorized_sequence/p7_20260711_stationary_app_r8/036_p7_fragment_boundary_248_rep3/p7_jtag_axi_stage.stderr.log,0,e3b0c44298fc1c149afbf4c8996fb92427ae41e4649b934ca495991b7852b855
evidence/hardware/p7/authorized_sequence/p7_20260711_stationary_app_r8/036_p7_fragment_boundary_248_rep3/p7_jtag_axi_stage.stdout.log,35620,bf5428eb650617a8345a51fe10c08817c20e05f4f26365d73ef6d3207b774172
evidence/hardware/p7/authorized_sequence/p7_20260711_stationary_app_r8/036_p7_fragment_boundary_248_rep3/p7_jtag_axi_stage_events.jsonl,1240,3ddc9d4af84219f7787d34a97dc14c6837b21b0a424577d00aaf4ef5c87a29ad
evidence/hardware/p7/authorized_sequence/p7_20260711_stationary_app_r8/036_p7_fragment_boundary_248_rep3/p7_jtag_axi_stage_summary.json,96115,6d84f3bfd3d5ccc7bd66cab58472cd18b630739dc91c0fc5cdd4afd0086c1795
evidence/hardware/p7/authorized_sequence/p7_20260711_stationary_app_r8/036_p7_fragment_boundary_248_rep3/p7_jtag_backend_parse_summary.json,6456,769fa9db9297bb6795da1a3b063aad3707392ec64c1dbe4367d26838484daa89
evidence/hardware/p7/authorized_sequence/p7_20260711_stationary_app_r8/036_p7_fragment_boundary_248_rep3/p7_jtag_reassembled_output.bin,248,c6fefe1bfbe6f5364bf0e40447ffca27fde55f1cd815e1fa3bafb46a41c91749
evidence/hardware/p7/authorized_sequence/p7_20260711_stationary_app_r8/036_p7_fragment_boundary_248_rep3/p7_preflight.stderr.log,0,e3b0c44298fc1c149afbf4c8996fb92427ae41e4649b934ca495991b7852b855
evidence/hardware/p7/authorized_sequence/p7_20260711_stationary_app_r8/036_p7_fragment_boundary_248_rep3/p7_preflight.stdout.log,9843,f26ef8b34701c78d0fb7cbf9ff797311957c104d15052d2ca03361afcfc27cdd
evidence/hardware/p7/authorized_sequence/p7_20260711_stationary_app_r8/036_p7_fragment_boundary_248_rep3/p7_preflight_result.txt,512,b9c7b51d551d7f0a98f48b8493aed82542ccd9993966f478228e655b31ebbe84
evidence/hardware/p7/authorized_sequence/p7_20260711_stationary_app_r8/036_p7_fragment_boundary_248_rep3/p7_shutdown_after.stderr.log,0,e3b0c44298fc1c149afbf4c8996fb92427ae41e4649b934ca495991b7852b855
evidence/hardware/p7/authorized_sequence/p7_20260711_stationary_app_r8/036_p7_fragment_boundary_248_rep3/p7_shutdown_after.stdout.log,30060,efd7abadbe58061d88a50eee1cec8ae3e193b8b7938719d29bd2d1a248d0cc70
evidence/hardware/p7/authorized_sequence/p7_20260711_stationary_app_r8/036_p7_fragment_boundary_248_rep3/p7_shutdown_after_result.txt,475,c55a4211ff667cbfea8bedbb4ad4ab2b248c2e80cfcfdd2062f4f04473dbb87a
evidence/hardware/p7/authorized_sequence/p7_20260711_stationary_app_r8/036_p7_fragment_boundary_248_rep3/p7_shutdown_before.stderr.log,0,e3b0c44298fc1c149afbf4c8996fb92427ae41e4649b934ca495991b7852b855
evidence/hardware/p7/authorized_sequence/p7_20260711_stationary_app_r8/036_p7_fragment_boundary_248_rep3/p7_shutdown_before.stdout.log,30060,e5ade7027355891348eb475366cf929fdab4ffbdeb7c4271b521b2240a29efb4
evidence/hardware/p7/authorized_sequence/p7_20260711_stationary_app_r8/036_p7_fragment_boundary_248_rep3/p7_shutdown_before_result.txt,475,c55a4211ff667cbfea8bedbb4ad4ab2b248c2e80cfcfdd2062f4f04473dbb87a
evidence/hardware/p7/authorized_sequence/p7_20260711_stationary_app_r8/037_p7_fragment_boundary_430_l0/p7_jtag_axi_raw_result.txt,9225,67dffc48c735428b56fe17fb71ef47ef960ebdca0d22180d26d501c19aba33e7
evidence/hardware/p7/authorized_sequence/p7_20260711_stationary_app_r8/037_p7_fragment_boundary_430_l0/p7_jtag_axi_stage.stderr.log,0,e3b0c44298fc1c149afbf4c8996fb92427ae41e4649b934ca495991b7852b855
evidence/hardware/p7/authorized_sequence/p7_20260711_stationary_app_r8/037_p7_fragment_boundary_430_l0/p7_jtag_axi_stage.stdout.log,35620,6a9c17794f1ee20e93a216912e6291d250d3e19b2a9f261c608cde84c4226ffb
evidence/hardware/p7/authorized_sequence/p7_20260711_stationary_app_r8/037_p7_fragment_boundary_430_l0/p7_jtag_axi_stage_events.jsonl,1238,ce324233d528a81407ec1ce1c192f507651e7f39319a647696a45429ed40fa5c
evidence/hardware/p7/authorized_sequence/p7_20260711_stationary_app_r8/037_p7_fragment_boundary_430_l0/p7_jtag_axi_stage_summary.json,105442,1581f0a33cb4434b5844a49c4b23ab8a1d00e4f03c888b514d6163fe7617397e
evidence/hardware/p7/authorized_sequence/p7_20260711_stationary_app_r8/037_p7_fragment_boundary_430_l0/p7_jtag_backend_parse_summary.json,6813,93abe35d35173c5ecb11f9049701b0350937a1730854838fbb257ade3882a189
evidence/hardware/p7/authorized_sequence/p7_20260711_stationary_app_r8/037_p7_fragment_boundary_430_l0/p7_jtag_reassembled_output.bin,430,6f6709a1cffa2a92cf65fbfed6d70d5da83560bafff9ca7deb11c77c4b26efc9
evidence/hardware/p7/authorized_sequence/p7_20260711_stationary_app_r8/037_p7_fragment_boundary_430_l0/p7_preflight.stderr.log,0,e3b0c44298fc1c149afbf4c8996fb92427ae41e4649b934ca495991b7852b855
evidence/hardware/p7/authorized_sequence/p7_20260711_stationary_app_r8/037_p7_fragment_boundary_430_l0/p7_preflight.stdout.log,9843,bb7a8e085ad66eab307edf403a1c1ef4c5c5524ceed6d9e10707d714c8dbd75d
evidence/hardware/p7/authorized_sequence/p7_20260711_stationary_app_r8/037_p7_fragment_boundary_430_l0/p7_preflight_result.txt,512,b9c7b51d551d7f0a98f48b8493aed82542ccd9993966f478228e655b31ebbe84
evidence/hardware/p7/authorized_sequence/p7_20260711_stationary_app_r8/037_p7_fragment_boundary_430_l0/p7_shutdown_after.stderr.log,0,e3b0c44298fc1c149afbf4c8996fb92427ae41e4649b934ca495991b7852b855
evidence/hardware/p7/authorized_sequence/p7_20260711_stationary_app_r8/037_p7_fragment_boundary_430_l0/p7_shutdown_after.stdout.log,30060,7cc50aa91308b3be4c49dec34a95b64ae003cfd76fa2524c9d9fc5e25e48079b
evidence/hardware/p7/authorized_sequence/p7_20260711_stationary_app_r8/037_p7_fragment_boundary_430_l0/p7_shutdown_after_result.txt,475,c55a4211ff667cbfea8bedbb4ad4ab2b248c2e80cfcfdd2062f4f04473dbb87a
evidence/hardware/p7/authorized_sequence/p7_20260711_stationary_app_r8/037_p7_fragment_boundary_430_l0/p7_shutdown_before.stderr.log,0,e3b0c44298fc1c149afbf4c8996fb92427ae41e4649b934ca495991b7852b855
evidence/hardware/p7/authorized_sequence/p7_20260711_stationary_app_r8/037_p7_fragment_boundary_430_l0/p7_shutdown_before.stdout.log,30060,a96393862e7dc0945b7112d0c1843b414dac490a136a54d8a6b8e734884234cc
evidence/hardware/p7/authorized_sequence/p7_20260711_stationary_app_r8/037_p7_fragment_boundary_430_l0/p7_shutdown_before_result.txt,475,c55a4211ff667cbfea8bedbb4ad4ab2b248c2e80cfcfdd2062f4f04473dbb87a
evidence/hardware/p7/authorized_sequence/p7_20260711_stationary_app_r8/038_p7_fragment_boundary_430_l1/p7_jtag_axi_raw_result.txt,9225,57ccf76643fad50d25df315e3f6f715116182739072ccf26b6ce1f137ea01104
evidence/hardware/p7/authorized_sequence/p7_20260711_stationary_app_r8/038_p7_fragment_boundary_430_l1/p7_jtag_axi_stage.stderr.log,0,e3b0c44298fc1c149afbf4c8996fb92427ae41e4649b934ca495991b7852b855
evidence/hardware/p7/authorized_sequence/p7_20260711_stationary_app_r8/038_p7_fragment_boundary_430_l1/p7_jtag_axi_stage.stdout.log,35620,ad0c148a908551df40d58a8a3cff7c5723dc63bce77c6eec7f0da65c0a9a4b40
evidence/hardware/p7/authorized_sequence/p7_20260711_stationary_app_r8/038_p7_fragment_boundary_430_l1/p7_jtag_axi_stage_events.jsonl,1238,b51653a30d0b70084a9a25ae203c457fc8e60a67ad6d732e2b0e2f724eddb3f1
evidence/hardware/p7/authorized_sequence/p7_20260711_stationary_app_r8/038_p7_fragment_boundary_430_l1/p7_jtag_axi_stage_summary.json,104535,12c7b4108b70f60a35ad2d01776c45428e1a10d5492e0ee39a1de146551927b7
evidence/hardware/p7/authorized_sequence/p7_20260711_stationary_app_r8/038_p7_fragment_boundary_430_l1/p7_jtag_backend_parse_summary.json,6814,4bd25824dc8c8d0d9c47718e3c6514fed1649c69307b0a5742852e08767fda81
evidence/hardware/p7/authorized_sequence/p7_20260711_stationary_app_r8/038_p7_fragment_boundary_430_l1/p7_jtag_reassembled_output.bin,430,6f6709a1cffa2a92cf65fbfed6d70d5da83560bafff9ca7deb11c77c4b26efc9
evidence/hardware/p7/authorized_sequence/p7_20260711_stationary_app_r8/038_p7_fragment_boundary_430_l1/p7_preflight.stderr.log,0,e3b0c44298fc1c149afbf4c8996fb92427ae41e4649b934ca495991b7852b855
evidence/hardware/p7/authorized_sequence/p7_20260711_stationary_app_r8/038_p7_fragment_boundary_430_l1/p7_preflight.stdout.log,9843,3c68227763abe39fb6027b87f3be892fa0a390f78027235a202a9eaa591a00bb
evidence/hardware/p7/authorized_sequence/p7_20260711_stationary_app_r8/038_p7_fragment_boundary_430_l1/p7_preflight_result.txt,512,b9c7b51d551d7f0a98f48b8493aed82542ccd9993966f478228e655b31ebbe84
evidence/hardware/p7/authorized_sequence/p7_20260711_stationary_app_r8/038_p7_fragment_boundary_430_l1/p7_shutdown_after.stderr.log,0,e3b0c44298fc1c149afbf4c8996fb92427ae41e4649b934ca495991b7852b855
evidence/hardware/p7/authorized_sequence/p7_20260711_stationary_app_r8/038_p7_fragment_boundary_430_l1/p7_shutdown_after.stdout.log,30060,8b3b9a13c6c31b8c6d914c8c186be6861c8bcafa88be8cf6ddb4c7e57c982558
evidence/hardware/p7/authorized_sequence/p7_20260711_stationary_app_r8/038_p7_fragment_boundary_430_l1/p7_shutdown_after_result.txt,475,c55a4211ff667cbfea8bedbb4ad4ab2b248c2e80cfcfdd2062f4f04473dbb87a
evidence/hardware/p7/authorized_sequence/p7_20260711_stationary_app_r8/038_p7_fragment_boundary_430_l1/p7_shutdown_before.stderr.log,0,e3b0c44298fc1c149afbf4c8996fb92427ae41e4649b934ca495991b7852b855
evidence/hardware/p7/authorized_sequence/p7_20260711_stationary_app_r8/038_p7_fragment_boundary_430_l1/p7_shutdown_before.stdout.log,30060,04a6215aacc95c632a7fa1cd93e6edf64ca7361f9f061f810e99f17e95bcf054
evidence/hardware/p7/authorized_sequence/p7_20260711_stationary_app_r8/038_p7_fragment_boundary_430_l1/p7_shutdown_before_result.txt,475,c55a4211ff667cbfea8bedbb4ad4ab2b248c2e80cfcfdd2062f4f04473dbb87a
evidence/hardware/p7/authorized_sequence/p7_20260711_stationary_app_r8/039_p7_fragment_boundary_430_rr/p7_jtag_axi_raw_result.txt,9233,0fe6ff19e27a62b03a4a37ff16e495e605a221d5407d3b5be7132f2f45a23a00
evidence/hardware/p7/authorized_sequence/p7_20260711_stationary_app_r8/039_p7_fragment_boundary_430_rr/p7_jtag_axi_stage.stderr.log,0,e3b0c44298fc1c149afbf4c8996fb92427ae41e4649b934ca495991b7852b855
evidence/hardware/p7/authorized_sequence/p7_20260711_stationary_app_r8/039_p7_fragment_boundary_430_rr/p7_jtag_axi_stage.stdout.log,35620,06ce619578d0b5df90e7add26cfa29c1eb41a8bd8fcf07e83ef82e651e34df1c
evidence/hardware/p7/authorized_sequence/p7_20260711_stationary_app_r8/039_p7_fragment_boundary_430_rr/p7_jtag_axi_stage_events.jsonl,1238,52151ef863da5808c7b7d33051d06c7c494990a6f9676d5d8c353b59a45e04c6
evidence/hardware/p7/authorized_sequence/p7_20260711_stationary_app_r8/039_p7_fragment_boundary_430_rr/p7_jtag_axi_stage_summary.json,104648,8af8dfc11d5ec3ad4cfaf4dc31a65274a9122e978f538ad3083df4f3d670e190
evidence/hardware/p7/authorized_sequence/p7_20260711_stationary_app_r8/039_p7_fragment_boundary_430_rr/p7_jtag_backend_parse_summary.json,6821,f2e88e066c37ba1c28845ee7b5761dd9c803302e9465b8cbcbcf7253b13e22ec
evidence/hardware/p7/authorized_sequence/p7_20260711_stationary_app_r8/039_p7_fragment_boundary_430_rr/p7_jtag_reassembled_output.bin,430,6f6709a1cffa2a92cf65fbfed6d70d5da83560bafff9ca7deb11c77c4b26efc9
evidence/hardware/p7/authorized_sequence/p7_20260711_stationary_app_r8/039_p7_fragment_boundary_430_rr/p7_preflight.stderr.log,0,e3b0c44298fc1c149afbf4c8996fb92427ae41e4649b934ca495991b7852b855
evidence/hardware/p7/authorized_sequence/p7_20260711_stationary_app_r8/039_p7_fragment_boundary_430_rr/p7_preflight.stdout.log,9843,a65f98d8715704b99eeee5a5dffd352252d2d413c94dfd9521474c23a5c893ab
evidence/hardware/p7/authorized_sequence/p7_20260711_stationary_app_r8/039_p7_fragment_boundary_430_rr/p7_preflight_result.txt,512,b9c7b51d551d7f0a98f48b8493aed82542ccd9993966f478228e655b31ebbe84
evidence/hardware/p7/authorized_sequence/p7_20260711_stationary_app_r8/039_p7_fragment_boundary_430_rr/p7_shutdown_after.stderr.log,0,e3b0c44298fc1c149afbf4c8996fb92427ae41e4649b934ca495991b7852b855
evidence/hardware/p7/authorized_sequence/p7_20260711_stationary_app_r8/039_p7_fragment_boundary_430_rr/p7_shutdown_after.stdout.log,30060,7d84cce1f1eb847ff6a08af969bd3c220b77554974b422bf78c0450e85f8258a
evidence/hardware/p7/authorized_sequence/p7_20260711_stationary_app_r8/039_p7_fragment_boundary_430_rr/p7_shutdown_after_result.txt,475,c55a4211ff667cbfea8bedbb4ad4ab2b248c2e80cfcfdd2062f4f04473dbb87a
evidence/hardware/p7/authorized_sequence/p7_20260711_stationary_app_r8/039_p7_fragment_boundary_430_rr/p7_shutdown_before.stderr.log,0,e3b0c44298fc1c149afbf4c8996fb92427ae41e4649b934ca495991b7852b855
evidence/hardware/p7/authorized_sequence/p7_20260711_stationary_app_r8/039_p7_fragment_boundary_430_rr/p7_shutdown_before.stdout.log,30060,6f191f2b4f1c085816417ff8fc0fb77ef730e3bdf24d7331a66e6079ed21d526
evidence/hardware/p7/authorized_sequence/p7_20260711_stationary_app_r8/039_p7_fragment_boundary_430_rr/p7_shutdown_before_result.txt,475,c55a4211ff667cbfea8bedbb4ad4ab2b248c2e80cfcfdd2062f4f04473dbb87a
evidence/hardware/p7/authorized_sequence/p7_20260711_stationary_app_r8/040_p7_fragment_boundary_430_rep3/p7_jtag_axi_raw_result.txt,9228,ab10fa074cda165349759e1b22edeb4b83dc85d1070e5141401956a037e58dbd
evidence/hardware/p7/authorized_sequence/p7_20260711_stationary_app_r8/040_p7_fragment_boundary_430_rep3/p7_jtag_axi_stage.stderr.log,0,e3b0c44298fc1c149afbf4c8996fb92427ae41e4649b934ca495991b7852b855
evidence/hardware/p7/authorized_sequence/p7_20260711_stationary_app_r8/040_p7_fragment_boundary_430_rep3/p7_jtag_axi_stage.stdout.log,35620,6acafe48d3a9a73256f930a57632b70cd81042057f1053481905f0bfcf00b5eb
evidence/hardware/p7/authorized_sequence/p7_20260711_stationary_app_r8/040_p7_fragment_boundary_430_rep3/p7_jtag_axi_stage_events.jsonl,1240,b146c5e0e2fa29da700bdbe95ba21ec0c148c5e4423ba8a4fda3e4d85290ed6b
evidence/hardware/p7/authorized_sequence/p7_20260711_stationary_app_r8/040_p7_fragment_boundary_430_rep3/p7_jtag_axi_stage_summary.json,105478,c2d8d8af97e67e3070c52a579e8ad7f4d390c1c59174d11ad9b929a17f7e9f09
evidence/hardware/p7/authorized_sequence/p7_20260711_stationary_app_r8/040_p7_fragment_boundary_430_rep3/p7_jtag_backend_parse_summary.json,6823,605288dbefbbcf75ba0b97bb87094b570e7c6ccc3525617e5d51ee759b5762c3
evidence/hardware/p7/authorized_sequence/p7_20260711_stationary_app_r8/040_p7_fragment_boundary_430_rep3/p7_jtag_reassembled_output.bin,430,6f6709a1cffa2a92cf65fbfed6d70d5da83560bafff9ca7deb11c77c4b26efc9
evidence/hardware/p7/authorized_sequence/p7_20260711_stationary_app_r8/040_p7_fragment_boundary_430_rep3/p7_preflight.stderr.log,0,e3b0c44298fc1c149afbf4c8996fb92427ae41e4649b934ca495991b7852b855
evidence/hardware/p7/authorized_sequence/p7_20260711_stationary_app_r8/040_p7_fragment_boundary_430_rep3/p7_preflight.stdout.log,9843,b4370cd603c44ae633b91c6ee369f01c5946268a92e9690ffb76c84b1e06fd6b
evidence/hardware/p7/authorized_sequence/p7_20260711_stationary_app_r8/040_p7_fragment_boundary_430_rep3/p7_preflight_result.txt,512,b9c7b51d551d7f0a98f48b8493aed82542ccd9993966f478228e655b31ebbe84
evidence/hardware/p7/authorized_sequence/p7_20260711_stationary_app_r8/040_p7_fragment_boundary_430_rep3/p7_shutdown_after.stderr.log,0,e3b0c44298fc1c149afbf4c8996fb92427ae41e4649b934ca495991b7852b855
evidence/hardware/p7/authorized_sequence/p7_20260711_stationary_app_r8/040_p7_fragment_boundary_430_rep3/p7_shutdown_after.stdout.log,30060,de719737c17779a8f470779563bfe72b95617d99b61ec532484a450f3f5fc460
evidence/hardware/p7/authorized_sequence/p7_20260711_stationary_app_r8/040_p7_fragment_boundary_430_rep3/p7_shutdown_after_result.txt,475,c55a4211ff667cbfea8bedbb4ad4ab2b248c2e80cfcfdd2062f4f04473dbb87a
evidence/hardware/p7/authorized_sequence/p7_20260711_stationary_app_r8/040_p7_fragment_boundary_430_rep3/p7_shutdown_before.stderr.log,0,e3b0c44298fc1c149afbf4c8996fb92427ae41e4649b934ca495991b7852b855
evidence/hardware/p7/authorized_sequence/p7_20260711_stationary_app_r8/040_p7_fragment_boundary_430_rep3/p7_shutdown_before.stdout.log,30060,2277b23809000493d28d47c58dd35b302c6c10afa7553e95336c5f242187769a
evidence/hardware/p7/authorized_sequence/p7_20260711_stationary_app_r8/040_p7_fragment_boundary_430_rep3/p7_shutdown_before_result.txt,475,c55a4211ff667cbfea8bedbb4ad4ab2b248c2e80cfcfdd2062f4f04473dbb87a
evidence/hardware/p7/authorized_sequence/p7_20260711_stationary_app_r8/041_p7_fragment_boundary_431_l0/p7_jtag_axi_raw_result.txt,10520,b148e543895143d2287e15e1b4a37575007b038d08847928e0a967aa98b07c09
evidence/hardware/p7/authorized_sequence/p7_20260711_stationary_app_r8/041_p7_fragment_boundary_431_l0/p7_jtag_axi_stage.stderr.log,0,e3b0c44298fc1c149afbf4c8996fb92427ae41e4649b934ca495991b7852b855
evidence/hardware/p7/authorized_sequence/p7_20260711_stationary_app_r8/041_p7_fragment_boundary_431_l0/p7_jtag_axi_stage.stdout.log,35620,e6cc7a0c687be4f59222ffd5c539ef454bc7336fb157bfefb0802764eda7a321
evidence/hardware/p7/authorized_sequence/p7_20260711_stationary_app_r8/041_p7_fragment_boundary_431_l0/p7_jtag_axi_stage_events.jsonl,1238,9c16f9fab732f0cd6dd18dd3e281e97b676cde5207ef06b8b6f5124140aaf6c8
evidence/hardware/p7/authorized_sequence/p7_20260711_stationary_app_r8/041_p7_fragment_boundary_431_l0/p7_jtag_axi_stage_summary.json,108804,14185629c4ca8c8654b478e465febe3d30acff22706b96ef517d42bed4a85702
evidence/hardware/p7/authorized_sequence/p7_20260711_stationary_app_r8/041_p7_fragment_boundary_431_l0/p7_jtag_backend_parse_summary.json,8306,937a72b145b4269c2d1c54dbedb8ddab9420caa5c10b1fa53d343b1834f73415
evidence/hardware/p7/authorized_sequence/p7_20260711_stationary_app_r8/041_p7_fragment_boundary_431_l0/p7_jtag_reassembled_output.bin,431,a0ee5330d4af687ead5084fe0522d191402cbb0071399cddf60665cc431e1593
evidence/hardware/p7/authorized_sequence/p7_20260711_stationary_app_r8/041_p7_fragment_boundary_431_l0/p7_preflight.stderr.log,0,e3b0c44298fc1c149afbf4c8996fb92427ae41e4649b934ca495991b7852b855
evidence/hardware/p7/authorized_sequence/p7_20260711_stationary_app_r8/041_p7_fragment_boundary_431_l0/p7_preflight.stdout.log,9843,2a00dab468127a9cfede882215e7b51c0a2611684a4850b5fd5ec09bf71cb514
evidence/hardware/p7/authorized_sequence/p7_20260711_stationary_app_r8/041_p7_fragment_boundary_431_l0/p7_preflight_result.txt,512,b9c7b51d551d7f0a98f48b8493aed82542ccd9993966f478228e655b31ebbe84
evidence/hardware/p7/authorized_sequence/p7_20260711_stationary_app_r8/041_p7_fragment_boundary_431_l0/p7_shutdown_after.stderr.log,0,e3b0c44298fc1c149afbf4c8996fb92427ae41e4649b934ca495991b7852b855
evidence/hardware/p7/authorized_sequence/p7_20260711_stationary_app_r8/041_p7_fragment_boundary_431_l0/p7_shutdown_after.stdout.log,30060,dc48b520b1f2be0e419b4e6f105ee7a1a77058b0bb25b99b88e17c6a2f00648c
evidence/hardware/p7/authorized_sequence/p7_20260711_stationary_app_r8/041_p7_fragment_boundary_431_l0/p7_shutdown_after_result.txt,475,c55a4211ff667cbfea8bedbb4ad4ab2b248c2e80cfcfdd2062f4f04473dbb87a
evidence/hardware/p7/authorized_sequence/p7_20260711_stationary_app_r8/041_p7_fragment_boundary_431_l0/p7_shutdown_before.stderr.log,0,e3b0c44298fc1c149afbf4c8996fb92427ae41e4649b934ca495991b7852b855
evidence/hardware/p7/authorized_sequence/p7_20260711_stationary_app_r8/041_p7_fragment_boundary_431_l0/p7_shutdown_before.stdout.log,30060,91ac8fe17638554eb9eaeae1dbcf5fe8924c5680a87f75687dad89d8fef08871
evidence/hardware/p7/authorized_sequence/p7_20260711_stationary_app_r8/041_p7_fragment_boundary_431_l0/p7_shutdown_before_result.txt,475,c55a4211ff667cbfea8bedbb4ad4ab2b248c2e80cfcfdd2062f4f04473dbb87a
evidence/hardware/p7/authorized_sequence/p7_20260711_stationary_app_r8/042_p7_fragment_boundary_431_l1/p7_jtag_axi_raw_result.txt,10520,c066066121b9d7488ef66a433153228998086617ca30659238964233d473cb86
evidence/hardware/p7/authorized_sequence/p7_20260711_stationary_app_r8/042_p7_fragment_boundary_431_l1/p7_jtag_axi_stage.stderr.log,0,e3b0c44298fc1c149afbf4c8996fb92427ae41e4649b934ca495991b7852b855
evidence/hardware/p7/authorized_sequence/p7_20260711_stationary_app_r8/042_p7_fragment_boundary_431_l1/p7_jtag_axi_stage.stdout.log,35620,2f11e0d63fe23d6a23e92ee881bf274aaa58aa282056632d2a935b4bccf14e0f
evidence/hardware/p7/authorized_sequence/p7_20260711_stationary_app_r8/042_p7_fragment_boundary_431_l1/p7_jtag_axi_stage_events.jsonl,1238,b0496fe70bf22a0abd1e972568081958ebd6fd932cfcacdc649e955ee7618dd8
evidence/hardware/p7/authorized_sequence/p7_20260711_stationary_app_r8/042_p7_fragment_boundary_431_l1/p7_jtag_axi_stage_summary.json,108763,91dd404992bf40a435b8d747cc076062b05ad636a1a19bf139f094069205d9e5
evidence/hardware/p7/authorized_sequence/p7_20260711_stationary_app_r8/042_p7_fragment_boundary_431_l1/p7_jtag_backend_parse_summary.json,8307,a919b14028ef198ed854efc1c45ca1daff73aace7548176daaa78cf0837ddf01
evidence/hardware/p7/authorized_sequence/p7_20260711_stationary_app_r8/042_p7_fragment_boundary_431_l1/p7_jtag_reassembled_output.bin,431,a0ee5330d4af687ead5084fe0522d191402cbb0071399cddf60665cc431e1593
evidence/hardware/p7/authorized_sequence/p7_20260711_stationary_app_r8/042_p7_fragment_boundary_431_l1/p7_preflight.stderr.log,0,e3b0c44298fc1c149afbf4c8996fb92427ae41e4649b934ca495991b7852b855
evidence/hardware/p7/authorized_sequence/p7_20260711_stationary_app_r8/042_p7_fragment_boundary_431_l1/p7_preflight.stdout.log,9843,ee19995e75c77994400670df2a6f893181cf5f96a91bdd79981685bd566c35cc
evidence/hardware/p7/authorized_sequence/p7_20260711_stationary_app_r8/042_p7_fragment_boundary_431_l1/p7_preflight_result.txt,512,b9c7b51d551d7f0a98f48b8493aed82542ccd9993966f478228e655b31ebbe84
evidence/hardware/p7/authorized_sequence/p7_20260711_stationary_app_r8/042_p7_fragment_boundary_431_l1/p7_shutdown_after.stderr.log,0,e3b0c44298fc1c149afbf4c8996fb92427ae41e4649b934ca495991b7852b855
evidence/hardware/p7/authorized_sequence/p7_20260711_stationary_app_r8/042_p7_fragment_boundary_431_l1/p7_shutdown_after.stdout.log,30060,754c52c142e2de10a48a6db9a36ea4e4ef9025be6498c90f65a8f9f9475783af
evidence/hardware/p7/authorized_sequence/p7_20260711_stationary_app_r8/042_p7_fragment_boundary_431_l1/p7_shutdown_after_result.txt,475,c55a4211ff667cbfea8bedbb4ad4ab2b248c2e80cfcfdd2062f4f04473dbb87a
evidence/hardware/p7/authorized_sequence/p7_20260711_stationary_app_r8/042_p7_fragment_boundary_431_l1/p7_shutdown_before.stderr.log,0,e3b0c44298fc1c149afbf4c8996fb92427ae41e4649b934ca495991b7852b855
evidence/hardware/p7/authorized_sequence/p7_20260711_stationary_app_r8/042_p7_fragment_boundary_431_l1/p7_shutdown_before.stdout.log,30060,540452c0276fae002994bbab27cdbd79f144e6dd3ddb7b551deb1885d40c3eb3
evidence/hardware/p7/authorized_sequence/p7_20260711_stationary_app_r8/042_p7_fragment_boundary_431_l1/p7_shutdown_before_result.txt,475,c55a4211ff667cbfea8bedbb4ad4ab2b248c2e80cfcfdd2062f4f04473dbb87a
evidence/hardware/p7/authorized_sequence/p7_20260711_stationary_app_r8/043_p7_fragment_boundary_431_rr/p7_jtag_axi_raw_result.txt,10528,c292e466d06e6f375ef99ed68e7ea761123c82fd7b6b4196d104676ffff45492
evidence/hardware/p7/authorized_sequence/p7_20260711_stationary_app_r8/043_p7_fragment_boundary_431_rr/p7_jtag_axi_stage.stderr.log,0,e3b0c44298fc1c149afbf4c8996fb92427ae41e4649b934ca495991b7852b855
evidence/hardware/p7/authorized_sequence/p7_20260711_stationary_app_r8/043_p7_fragment_boundary_431_rr/p7_jtag_axi_stage.stdout.log,35620,0efd54eb9cefbaad17c94faa8e924c85264e2aad60c9e2298b25be4351c20798
evidence/hardware/p7/authorized_sequence/p7_20260711_stationary_app_r8/043_p7_fragment_boundary_431_rr/p7_jtag_axi_stage_events.jsonl,1238,3a8237cfe51d370b7059535794737b9c5f0c9a8b4cf945cda9e0ae58ea721166
evidence/hardware/p7/authorized_sequence/p7_20260711_stationary_app_r8/043_p7_fragment_boundary_431_rr/p7_jtag_axi_stage_summary.json,107812,9fff0cf32d14a396892cebe5ba6718c53fd71a6807036ca99957bc88aca45ae3
evidence/hardware/p7/authorized_sequence/p7_20260711_stationary_app_r8/043_p7_fragment_boundary_431_rr/p7_jtag_backend_parse_summary.json,8315,20dcfad2e400683158a19fe51c95821c6a4933ae8b8a7c21507fb74d68a6fa12
evidence/hardware/p7/authorized_sequence/p7_20260711_stationary_app_r8/043_p7_fragment_boundary_431_rr/p7_jtag_reassembled_output.bin,431,a0ee5330d4af687ead5084fe0522d191402cbb0071399cddf60665cc431e1593
evidence/hardware/p7/authorized_sequence/p7_20260711_stationary_app_r8/043_p7_fragment_boundary_431_rr/p7_preflight.stderr.log,0,e3b0c44298fc1c149afbf4c8996fb92427ae41e4649b934ca495991b7852b855
evidence/hardware/p7/authorized_sequence/p7_20260711_stationary_app_r8/043_p7_fragment_boundary_431_rr/p7_preflight.stdout.log,9843,022720b90dbe6e4acfc69b1145c770c0c5e9d3192f712e4a92f0d18102026047
evidence/hardware/p7/authorized_sequence/p7_20260711_stationary_app_r8/043_p7_fragment_boundary_431_rr/p7_preflight_result.txt,512,b9c7b51d551d7f0a98f48b8493aed82542ccd9993966f478228e655b31ebbe84
evidence/hardware/p7/authorized_sequence/p7_20260711_stationary_app_r8/043_p7_fragment_boundary_431_rr/p7_shutdown_after.stderr.log,0,e3b0c44298fc1c149afbf4c8996fb92427ae41e4649b934ca495991b7852b855
evidence/hardware/p7/authorized_sequence/p7_20260711_stationary_app_r8/043_p7_fragment_boundary_431_rr/p7_shutdown_after.stdout.log,30060,5cf97f1ebbddf4eba067d834903ce09c8308847235efade99efc52c49b51a972
evidence/hardware/p7/authorized_sequence/p7_20260711_stationary_app_r8/043_p7_fragment_boundary_431_rr/p7_shutdown_after_result.txt,475,c55a4211ff667cbfea8bedbb4ad4ab2b248c2e80cfcfdd2062f4f04473dbb87a
evidence/hardware/p7/authorized_sequence/p7_20260711_stationary_app_r8/043_p7_fragment_boundary_431_rr/p7_shutdown_before.stderr.log,0,e3b0c44298fc1c149afbf4c8996fb92427ae41e4649b934ca495991b7852b855
evidence/hardware/p7/authorized_sequence/p7_20260711_stationary_app_r8/043_p7_fragment_boundary_431_rr/p7_shutdown_before.stdout.log,30060,664602b10785f55f5fd48e198fbd2dc60ead8d8bcf52b4d4091f04c958d5b12e
evidence/hardware/p7/authorized_sequence/p7_20260711_stationary_app_r8/043_p7_fragment_boundary_431_rr/p7_shutdown_before_result.txt,475,c55a4211ff667cbfea8bedbb4ad4ab2b248c2e80cfcfdd2062f4f04473dbb87a
evidence/hardware/p7/authorized_sequence/p7_20260711_stationary_app_r8/044_p7_fragment_boundary_431_rep3/p7_jtag_axi_raw_result.txt,10523,04daba89baa25a37bea2adf9d4c168e21dabfeb9857a23a70dce0915b7643b03
evidence/hardware/p7/authorized_sequence/p7_20260711_stationary_app_r8/044_p7_fragment_boundary_431_rep3/p7_jtag_axi_stage.stderr.log,0,e3b0c44298fc1c149afbf4c8996fb92427ae41e4649b934ca495991b7852b855
evidence/hardware/p7/authorized_sequence/p7_20260711_stationary_app_r8/044_p7_fragment_boundary_431_rep3/p7_jtag_axi_stage.stdout.log,35620,2b1781330ed88e04738a830c08423b7f3e8d72e51bb04ce80059aaf925c1c82b
evidence/hardware/p7/authorized_sequence/p7_20260711_stationary_app_r8/044_p7_fragment_boundary_431_rep3/p7_jtag_axi_stage_events.jsonl,1240,a43ec8daa117738279260ed5033e1a71c28814763f95928bcaf8e2bd5a2fd992
evidence/hardware/p7/authorized_sequence/p7_20260711_stationary_app_r8/044_p7_fragment_boundary_431_rep3/p7_jtag_axi_stage_summary.json,108917,5cdf5afe41fa4511ec146ee7a85d325277f9eb897399fd17f169c0afa9fcebe7
evidence/hardware/p7/authorized_sequence/p7_20260711_stationary_app_r8/044_p7_fragment_boundary_431_rep3/p7_jtag_backend_parse_summary.json,8316,5fd4282c93949cc8631330329c1b8a7af4599fc8e330e538ae4491195bb637ca
evidence/hardware/p7/authorized_sequence/p7_20260711_stationary_app_r8/044_p7_fragment_boundary_431_rep3/p7_jtag_reassembled_output.bin,431,a0ee5330d4af687ead5084fe0522d191402cbb0071399cddf60665cc431e1593
evidence/hardware/p7/authorized_sequence/p7_20260711_stationary_app_r8/044_p7_fragment_boundary_431_rep3/p7_preflight.stderr.log,0,e3b0c44298fc1c149afbf4c8996fb92427ae41e4649b934ca495991b7852b855
evidence/hardware/p7/authorized_sequence/p7_20260711_stationary_app_r8/044_p7_fragment_boundary_431_rep3/p7_preflight.stdout.log,9843,1514458e658645079493c0c8b15d72b0f207e2db3ccffb87ec478ec3443c641b
evidence/hardware/p7/authorized_sequence/p7_20260711_stationary_app_r8/044_p7_fragment_boundary_431_rep3/p7_preflight_result.txt,512,b9c7b51d551d7f0a98f48b8493aed82542ccd9993966f478228e655b31ebbe84
evidence/hardware/p7/authorized_sequence/p7_20260711_stationary_app_r8/044_p7_fragment_boundary_431_rep3/p7_shutdown_after.stderr.log,0,e3b0c44298fc1c149afbf4c8996fb92427ae41e4649b934ca495991b7852b855
evidence/hardware/p7/authorized_sequence/p7_20260711_stationary_app_r8/044_p7_fragment_boundary_431_rep3/p7_shutdown_after.stdout.log,30060,3b0effc793ad11cfd1618476000dc53010b436419379d3f6bb53fb20b71b3e70
evidence/hardware/p7/authorized_sequence/p7_20260711_stationary_app_r8/044_p7_fragment_boundary_431_rep3/p7_shutdown_after_result.txt,475,c55a4211ff667cbfea8bedbb4ad4ab2b248c2e80cfcfdd2062f4f04473dbb87a
evidence/hardware/p7/authorized_sequence/p7_20260711_stationary_app_r8/044_p7_fragment_boundary_431_rep3/p7_shutdown_before.stderr.log,0,e3b0c44298fc1c149afbf4c8996fb92427ae41e4649b934ca495991b7852b855
evidence/hardware/p7/authorized_sequence/p7_20260711_stationary_app_r8/044_p7_fragment_boundary_431_rep3/p7_shutdown_before.stdout.log,30060,2b628891e39b74027814837175e55e3c3388e42f0a524a502346808b5f75ae8f
evidence/hardware/p7/authorized_sequence/p7_20260711_stationary_app_r8/044_p7_fragment_boundary_431_rep3/p7_shutdown_before_result.txt,475,c55a4211ff667cbfea8bedbb4ad4ab2b248c2e80cfcfdd2062f4f04473dbb87a
evidence/hardware/p7/authorized_sequence/p7_20260711_stationary_app_r8/045_p7_fragment_boundary_432_l0/p7_jtag_axi_raw_result.txt,10520,6179ab52be48e357fa68f12680e1e5f1487825b0059fb90ab4afaa845ade1338
evidence/hardware/p7/authorized_sequence/p7_20260711_stationary_app_r8/045_p7_fragment_boundary_432_l0/p7_jtag_axi_stage.stderr.log,0,e3b0c44298fc1c149afbf4c8996fb92427ae41e4649b934ca495991b7852b855
evidence/hardware/p7/authorized_sequence/p7_20260711_stationary_app_r8/045_p7_fragment_boundary_432_l0/p7_jtag_axi_stage.stdout.log,35620,9a90d17cd3debd1291af86f7e08ee785479c852f4818503dc6b3cd90868cd129
evidence/hardware/p7/authorized_sequence/p7_20260711_stationary_app_r8/045_p7_fragment_boundary_432_l0/p7_jtag_axi_stage_events.jsonl,1238,35148df91ec3bb6b1d637e562945e8f2638f50ef4c2270fa50afce2f6899f6aa
evidence/hardware/p7/authorized_sequence/p7_20260711_stationary_app_r8/045_p7_fragment_boundary_432_l0/p7_jtag_axi_stage_summary.json,108791,a2bfd430d4573a199e6a129e6965e327b683e579c4366657d2c2d44141001a24
evidence/hardware/p7/authorized_sequence/p7_20260711_stationary_app_r8/045_p7_fragment_boundary_432_l0/p7_jtag_backend_parse_summary.json,8309,a8dd5584ec9643a2893771b3045e3e0d2135495d78fcf450989dc3ef12be910b
evidence/hardware/p7/authorized_sequence/p7_20260711_stationary_app_r8/045_p7_fragment_boundary_432_l0/p7_jtag_reassembled_output.bin,432,ce7b1c71b87a0ab700b2547140d15258be75b927600d784ecc071f119f790a69
evidence/hardware/p7/authorized_sequence/p7_20260711_stationary_app_r8/045_p7_fragment_boundary_432_l0/p7_preflight.stderr.log,0,e3b0c44298fc1c149afbf4c8996fb92427ae41e4649b934ca495991b7852b855
evidence/hardware/p7/authorized_sequence/p7_20260711_stationary_app_r8/045_p7_fragment_boundary_432_l0/p7_preflight.stdout.log,9843,a39f257d6dba986edccf0c91040ab4649d4a1e57ca1aedac959a6ec39b06f22f
evidence/hardware/p7/authorized_sequence/p7_20260711_stationary_app_r8/045_p7_fragment_boundary_432_l0/p7_preflight_result.txt,512,b9c7b51d551d7f0a98f48b8493aed82542ccd9993966f478228e655b31ebbe84
evidence/hardware/p7/authorized_sequence/p7_20260711_stationary_app_r8/045_p7_fragment_boundary_432_l0/p7_shutdown_after.stderr.log,0,e3b0c44298fc1c149afbf4c8996fb92427ae41e4649b934ca495991b7852b855
evidence/hardware/p7/authorized_sequence/p7_20260711_stationary_app_r8/045_p7_fragment_boundary_432_l0/p7_shutdown_after.stdout.log,30060,5fabb55e7d9bc566a6af4ffe61a76cc4b0246fcb5484240cf51ef7f7b3c2c071
evidence/hardware/p7/authorized_sequence/p7_20260711_stationary_app_r8/045_p7_fragment_boundary_432_l0/p7_shutdown_after_result.txt,475,c55a4211ff667cbfea8bedbb4ad4ab2b248c2e80cfcfdd2062f4f04473dbb87a
evidence/hardware/p7/authorized_sequence/p7_20260711_stationary_app_r8/045_p7_fragment_boundary_432_l0/p7_shutdown_before.stderr.log,0,e3b0c44298fc1c149afbf4c8996fb92427ae41e4649b934ca495991b7852b855
evidence/hardware/p7/authorized_sequence/p7_20260711_stationary_app_r8/045_p7_fragment_boundary_432_l0/p7_shutdown_before.stdout.log,30060,afe5804c56c09de72b17c449718e51fc560ebf18c6172f361035c79ec4080da4
evidence/hardware/p7/authorized_sequence/p7_20260711_stationary_app_r8/045_p7_fragment_boundary_432_l0/p7_shutdown_before_result.txt,475,c55a4211ff667cbfea8bedbb4ad4ab2b248c2e80cfcfdd2062f4f04473dbb87a
evidence/hardware/p7/authorized_sequence/p7_20260711_stationary_app_r8/046_p7_fragment_boundary_432_l1/p7_jtag_axi_raw_result.txt,10520,321515d5f1e937bf0a0eb75f3ac490bbc579c52e2b8ad218514647850a5b16a9
evidence/hardware/p7/authorized_sequence/p7_20260711_stationary_app_r8/046_p7_fragment_boundary_432_l1/p7_jtag_axi_stage.stderr.log,0,e3b0c44298fc1c149afbf4c8996fb92427ae41e4649b934ca495991b7852b855
evidence/hardware/p7/authorized_sequence/p7_20260711_stationary_app_r8/046_p7_fragment_boundary_432_l1/p7_jtag_axi_stage.stdout.log,35620,9484095d3c65cd41a8b7bdf8a8d6a2b87c4a0cd59bb6d34c68673b624ea8ee2d
evidence/hardware/p7/authorized_sequence/p7_20260711_stationary_app_r8/046_p7_fragment_boundary_432_l1/p7_jtag_axi_stage_events.jsonl,1238,ddc7e840ade77f4ac8a30b67b510abba1a7570c27511c25ca46692fbcda10082
evidence/hardware/p7/authorized_sequence/p7_20260711_stationary_app_r8/046_p7_fragment_boundary_432_l1/p7_jtag_axi_stage_summary.json,109431,7d7bac94b2bd1002b6df8bf9e2170b38554702801ef1af0cac9355fc2006bfa2
evidence/hardware/p7/authorized_sequence/p7_20260711_stationary_app_r8/046_p7_fragment_boundary_432_l1/p7_jtag_backend_parse_summary.json,8309,e86538783c21d34ad4eb56810a20b57d4257b62ed0a7018e5f96c1bfed36cb70
evidence/hardware/p7/authorized_sequence/p7_20260711_stationary_app_r8/046_p7_fragment_boundary_432_l1/p7_jtag_reassembled_output.bin,432,ce7b1c71b87a0ab700b2547140d15258be75b927600d784ecc071f119f790a69
evidence/hardware/p7/authorized_sequence/p7_20260711_stationary_app_r8/046_p7_fragment_boundary_432_l1/p7_preflight.stderr.log,0,e3b0c44298fc1c149afbf4c8996fb92427ae41e4649b934ca495991b7852b855
evidence/hardware/p7/authorized_sequence/p7_20260711_stationary_app_r8/046_p7_fragment_boundary_432_l1/p7_preflight.stdout.log,9843,a3b17df59a0f20f7c6e4311b1b0ed4d5cfd42917106ae065b958a59b7f3715c0
evidence/hardware/p7/authorized_sequence/p7_20260711_stationary_app_r8/046_p7_fragment_boundary_432_l1/p7_preflight_result.txt,512,b9c7b51d551d7f0a98f48b8493aed82542ccd9993966f478228e655b31ebbe84
evidence/hardware/p7/authorized_sequence/p7_20260711_stationary_app_r8/046_p7_fragment_boundary_432_l1/p7_shutdown_after.stderr.log,0,e3b0c44298fc1c149afbf4c8996fb92427ae41e4649b934ca495991b7852b855
evidence/hardware/p7/authorized_sequence/p7_20260711_stationary_app_r8/046_p7_fragment_boundary_432_l1/p7_shutdown_after.stdout.log,30060,8e9d8a672283da5914337195fdc658f372954e09a79e86a31e11bbf881e4655f
evidence/hardware/p7/authorized_sequence/p7_20260711_stationary_app_r8/046_p7_fragment_boundary_432_l1/p7_shutdown_after_result.txt,475,c55a4211ff667cbfea8bedbb4ad4ab2b248c2e80cfcfdd2062f4f04473dbb87a
evidence/hardware/p7/authorized_sequence/p7_20260711_stationary_app_r8/046_p7_fragment_boundary_432_l1/p7_shutdown_before.stderr.log,0,e3b0c44298fc1c149afbf4c8996fb92427ae41e4649b934ca495991b7852b855
evidence/hardware/p7/authorized_sequence/p7_20260711_stationary_app_r8/046_p7_fragment_boundary_432_l1/p7_shutdown_before.stdout.log,30060,3b587c6bc2cd452652fa238744afbce3cd4ab173c1c53a61f73b86c715859f2f
evidence/hardware/p7/authorized_sequence/p7_20260711_stationary_app_r8/046_p7_fragment_boundary_432_l1/p7_shutdown_before_result.txt,475,c55a4211ff667cbfea8bedbb4ad4ab2b248c2e80cfcfdd2062f4f04473dbb87a
evidence/hardware/p7/authorized_sequence/p7_20260711_stationary_app_r8/047_p7_fragment_boundary_432_rr/p7_jtag_axi_raw_result.txt,10528,a17b6cd5468b146f913a105f868921620415696ef8df4ba00818d92ad272bb30
evidence/hardware/p7/authorized_sequence/p7_20260711_stationary_app_r8/047_p7_fragment_boundary_432_rr/p7_jtag_axi_stage.stderr.log,0,e3b0c44298fc1c149afbf4c8996fb92427ae41e4649b934ca495991b7852b855
evidence/hardware/p7/authorized_sequence/p7_20260711_stationary_app_r8/047_p7_fragment_boundary_432_rr/p7_jtag_axi_stage.stdout.log,35620,a00b82cfb34561863699d0b46c9398c65d36e8c885dbbb0b0723cb17bc5cba3e
evidence/hardware/p7/authorized_sequence/p7_20260711_stationary_app_r8/047_p7_fragment_boundary_432_rr/p7_jtag_axi_stage_events.jsonl,1238,52617b6f5d7f28263b5889f1be2e48cf6ba59d641ef48bba55035885c70c287a
evidence/hardware/p7/authorized_sequence/p7_20260711_stationary_app_r8/047_p7_fragment_boundary_432_rr/p7_jtag_axi_stage_summary.json,108960,32094ee7703ed44a78a701364583a72729e148747ef6ea46778244de43b73e01
evidence/hardware/p7/authorized_sequence/p7_20260711_stationary_app_r8/047_p7_fragment_boundary_432_rr/p7_jtag_backend_parse_summary.json,8316,0d76f225cc8156e73f730e2f8be5504bf3e2e189305e4554090065d050574f65
evidence/hardware/p7/authorized_sequence/p7_20260711_stationary_app_r8/047_p7_fragment_boundary_432_rr/p7_jtag_reassembled_output.bin,432,ce7b1c71b87a0ab700b2547140d15258be75b927600d784ecc071f119f790a69
evidence/hardware/p7/authorized_sequence/p7_20260711_stationary_app_r8/047_p7_fragment_boundary_432_rr/p7_preflight.stderr.log,0,e3b0c44298fc1c149afbf4c8996fb92427ae41e4649b934ca495991b7852b855
evidence/hardware/p7/authorized_sequence/p7_20260711_stationary_app_r8/047_p7_fragment_boundary_432_rr/p7_preflight.stdout.log,9843,b812634c039d4d9988f4b5063b140239b7db072f3f6f3d8ef6d17a498fc0bf26
evidence/hardware/p7/authorized_sequence/p7_20260711_stationary_app_r8/047_p7_fragment_boundary_432_rr/p7_preflight_result.txt,512,b9c7b51d551d7f0a98f48b8493aed82542ccd9993966f478228e655b31ebbe84
evidence/hardware/p7/authorized_sequence/p7_20260711_stationary_app_r8/047_p7_fragment_boundary_432_rr/p7_shutdown_after.stderr.log,0,e3b0c44298fc1c149afbf4c8996fb92427ae41e4649b934ca495991b7852b855
evidence/hardware/p7/authorized_sequence/p7_20260711_stationary_app_r8/047_p7_fragment_boundary_432_rr/p7_shutdown_after.stdout.log,30060,9d10c8ad4de1c5bd284965a09159c9bd368d194f0bdc1ded0f4f3b71031e805e
evidence/hardware/p7/authorized_sequence/p7_20260711_stationary_app_r8/047_p7_fragment_boundary_432_rr/p7_shutdown_after_result.txt,475,c55a4211ff667cbfea8bedbb4ad4ab2b248c2e80cfcfdd2062f4f04473dbb87a
evidence/hardware/p7/authorized_sequence/p7_20260711_stationary_app_r8/047_p7_fragment_boundary_432_rr/p7_shutdown_before.stderr.log,0,e3b0c44298fc1c149afbf4c8996fb92427ae41e4649b934ca495991b7852b855
evidence/hardware/p7/authorized_sequence/p7_20260711_stationary_app_r8/047_p7_fragment_boundary_432_rr/p7_shutdown_before.stdout.log,30060,27e0c2a4d59dd82a4be80a858dd0cd503e25b8a6c9845e2423e9652cf2241278
evidence/hardware/p7/authorized_sequence/p7_20260711_stationary_app_r8/047_p7_fragment_boundary_432_rr/p7_shutdown_before_result.txt,475,c55a4211ff667cbfea8bedbb4ad4ab2b248c2e80cfcfdd2062f4f04473dbb87a
evidence/hardware/p7/authorized_sequence/p7_20260711_stationary_app_r8/048_p7_fragment_boundary_432_rep3/p7_jtag_axi_raw_result.txt,10523,21b6d727c5dc0debbed835d50a394f1bbf9c0f3384c1707b0f9fe4fd30391e27
evidence/hardware/p7/authorized_sequence/p7_20260711_stationary_app_r8/048_p7_fragment_boundary_432_rep3/p7_jtag_axi_stage.stderr.log,0,e3b0c44298fc1c149afbf4c8996fb92427ae41e4649b934ca495991b7852b855
evidence/hardware/p7/authorized_sequence/p7_20260711_stationary_app_r8/048_p7_fragment_boundary_432_rep3/p7_jtag_axi_stage.stdout.log,35620,c68da09fadb8e827da6c2e6f27d71d34e8e61c0b605901d22e155bc5d835ec68
evidence/hardware/p7/authorized_sequence/p7_20260711_stationary_app_r8/048_p7_fragment_boundary_432_rep3/p7_jtag_axi_stage_events.jsonl,1240,3ae0a0cc60c9b7f585d9d2e9796743771a61649f46d50722bb9684bd30088e6e
evidence/hardware/p7/authorized_sequence/p7_20260711_stationary_app_r8/048_p7_fragment_boundary_432_rep3/p7_jtag_axi_stage_summary.json,109562,67d811964075f4eb8a1a94093b2ecfac31392f229c9900d53cc8b20415120b36
evidence/hardware/p7/authorized_sequence/p7_20260711_stationary_app_r8/048_p7_fragment_boundary_432_rep3/p7_jtag_backend_parse_summary.json,8318,28d7fd51a73ffd65ddb55e70f279289d4daae70cfebb45c83a5ebc55d9d28b26
evidence/hardware/p7/authorized_sequence/p7_20260711_stationary_app_r8/048_p7_fragment_boundary_432_rep3/p7_jtag_reassembled_output.bin,432,ce7b1c71b87a0ab700b2547140d15258be75b927600d784ecc071f119f790a69
evidence/hardware/p7/authorized_sequence/p7_20260711_stationary_app_r8/048_p7_fragment_boundary_432_rep3/p7_preflight.stderr.log,0,e3b0c44298fc1c149afbf4c8996fb92427ae41e4649b934ca495991b7852b855
evidence/hardware/p7/authorized_sequence/p7_20260711_stationary_app_r8/048_p7_fragment_boundary_432_rep3/p7_preflight.stdout.log,9843,b3d9887e9f0a5dc60163216f252d72f6efec291792849a88d2ca4260ecd88aa9
evidence/hardware/p7/authorized_sequence/p7_20260711_stationary_app_r8/048_p7_fragment_boundary_432_rep3/p7_preflight_result.txt,512,b9c7b51d551d7f0a98f48b8493aed82542ccd9993966f478228e655b31ebbe84
evidence/hardware/p7/authorized_sequence/p7_20260711_stationary_app_r8/048_p7_fragment_boundary_432_rep3/p7_shutdown_after.stderr.log,0,e3b0c44298fc1c149afbf4c8996fb92427ae41e4649b934ca495991b7852b855
evidence/hardware/p7/authorized_sequence/p7_20260711_stationary_app_r8/048_p7_fragment_boundary_432_rep3/p7_shutdown_after.stdout.log,30060,297430286132c010d1a037d01cbe762c43c5223565a481683718fdb14444733e
evidence/hardware/p7/authorized_sequence/p7_20260711_stationary_app_r8/048_p7_fragment_boundary_432_rep3/p7_shutdown_after_result.txt,475,c55a4211ff667cbfea8bedbb4ad4ab2b248c2e80cfcfdd2062f4f04473dbb87a
evidence/hardware/p7/authorized_sequence/p7_20260711_stationary_app_r8/048_p7_fragment_boundary_432_rep3/p7_shutdown_before.stderr.log,0,e3b0c44298fc1c149afbf4c8996fb92427ae41e4649b934ca495991b7852b855
evidence/hardware/p7/authorized_sequence/p7_20260711_stationary_app_r8/048_p7_fragment_boundary_432_rep3/p7_shutdown_before.stdout.log,30060,69255adc2b5ce756f49d285d94e965c4a0ddae6f893e9d8fb07f7f90e8d6533b
evidence/hardware/p7/authorized_sequence/p7_20260711_stationary_app_r8/048_p7_fragment_boundary_432_rep3/p7_shutdown_before_result.txt,475,c55a4211ff667cbfea8bedbb4ad4ab2b248c2e80cfcfdd2062f4f04473dbb87a
evidence/hardware/p7/authorized_sequence/p7_20260711_stationary_app_r8/049_p7_fragment_boundary_1024_l0/p7_jtag_axi_raw_result.txt,20703,7cbc3b7e41cb639b13464b368f75295a2b3462f611f81d7a8694846767cd7f64
evidence/hardware/p7/authorized_sequence/p7_20260711_stationary_app_r8/049_p7_fragment_boundary_1024_l0/p7_jtag_axi_stage.stderr.log,0,e3b0c44298fc1c149afbf4c8996fb92427ae41e4649b934ca495991b7852b855
evidence/hardware/p7/authorized_sequence/p7_20260711_stationary_app_r8/049_p7_fragment_boundary_1024_l0/p7_jtag_axi_stage.stdout.log,35621,e15f17996705e9a32accead16fd9ad668030eba012e38c4b727e5cf773f98bab
evidence/hardware/p7/authorized_sequence/p7_20260711_stationary_app_r8/049_p7_fragment_boundary_1024_l0/p7_jtag_axi_stage_events.jsonl,1239,3fe65cac2dd59a280f8929471c313f2a57a0332655edd19050671d1c955407e5
evidence/hardware/p7/authorized_sequence/p7_20260711_stationary_app_r8/049_p7_fragment_boundary_1024_l0/p7_jtag_axi_stage_summary.json,145571,814b6d9f9a6b81d83ddaad565ae4e68c715dbaca2dce04b86e21623f96f5c675
evidence/hardware/p7/authorized_sequence/p7_20260711_stationary_app_r8/049_p7_fragment_boundary_1024_l0/p7_jtag_backend_parse_summary.json,12491,48964276850e1bcd0a2f09dc2dec550e768b2d06efc233cc3c54eb3a5a4f8932
evidence/hardware/p7/authorized_sequence/p7_20260711_stationary_app_r8/049_p7_fragment_boundary_1024_l0/p7_jtag_reassembled_output.bin,1024,785b0751fc2c53dc14a4ce3d800e69ef9ce1009eb327ccf458afe09c242c26c9
evidence/hardware/p7/authorized_sequence/p7_20260711_stationary_app_r8/049_p7_fragment_boundary_1024_l0/p7_preflight.stderr.log,0,e3b0c44298fc1c149afbf4c8996fb92427ae41e4649b934ca495991b7852b855
evidence/hardware/p7/authorized_sequence/p7_20260711_stationary_app_r8/049_p7_fragment_boundary_1024_l0/p7_preflight.stdout.log,9843,dd9a16a0aa4a7da044078c7ce9a2372477e853ce53ba34df439f65df47ebfd63
evidence/hardware/p7/authorized_sequence/p7_20260711_stationary_app_r8/049_p7_fragment_boundary_1024_l0/p7_preflight_result.txt,512,b9c7b51d551d7f0a98f48b8493aed82542ccd9993966f478228e655b31ebbe84
evidence/hardware/p7/authorized_sequence/p7_20260711_stationary_app_r8/049_p7_fragment_boundary_1024_l0/p7_shutdown_after.stderr.log,0,e3b0c44298fc1c149afbf4c8996fb92427ae41e4649b934ca495991b7852b855
evidence/hardware/p7/authorized_sequence/p7_20260711_stationary_app_r8/049_p7_fragment_boundary_1024_l0/p7_shutdown_after.stdout.log,30060,c7ac9f8913c29152c63be00be115028f956e4edbab6c708614e00c119b57efb7
evidence/hardware/p7/authorized_sequence/p7_20260711_stationary_app_r8/049_p7_fragment_boundary_1024_l0/p7_shutdown_after_result.txt,475,c55a4211ff667cbfea8bedbb4ad4ab2b248c2e80cfcfdd2062f4f04473dbb87a
evidence/hardware/p7/authorized_sequence/p7_20260711_stationary_app_r8/049_p7_fragment_boundary_1024_l0/p7_shutdown_before.stderr.log,0,e3b0c44298fc1c149afbf4c8996fb92427ae41e4649b934ca495991b7852b855
evidence/hardware/p7/authorized_sequence/p7_20260711_stationary_app_r8/049_p7_fragment_boundary_1024_l0/p7_shutdown_before.stdout.log,30060,c483ae0f133ca7da717841efc88eb46497ff0657fcbe0ebf72eff657d0a48fec
evidence/hardware/p7/authorized_sequence/p7_20260711_stationary_app_r8/049_p7_fragment_boundary_1024_l0/p7_shutdown_before_result.txt,475,c55a4211ff667cbfea8bedbb4ad4ab2b248c2e80cfcfdd2062f4f04473dbb87a
evidence/hardware/p7/authorized_sequence/p7_20260711_stationary_app_r8/050_p7_fragment_boundary_1024_l1/p7_jtag_axi_raw_result.txt,20703,49aba6c0cc4534a2524f6ac8233d94d240cf7eab111eeec7021b081b8ffcc368
evidence/hardware/p7/authorized_sequence/p7_20260711_stationary_app_r8/050_p7_fragment_boundary_1024_l1/p7_jtag_axi_stage.stderr.log,0,e3b0c44298fc1c149afbf4c8996fb92427ae41e4649b934ca495991b7852b855
evidence/hardware/p7/authorized_sequence/p7_20260711_stationary_app_r8/050_p7_fragment_boundary_1024_l1/p7_jtag_axi_stage.stdout.log,35621,c1bdd3aeeedcbe3e0b45a1a814aea850f57629b32a59a3c95dc0698ac054d4a8
evidence/hardware/p7/authorized_sequence/p7_20260711_stationary_app_r8/050_p7_fragment_boundary_1024_l1/p7_jtag_axi_stage_events.jsonl,1239,4f0979897e2a306264945a6eda85c293542a2a146a343b126702fbc996c70aa9
evidence/hardware/p7/authorized_sequence/p7_20260711_stationary_app_r8/050_p7_fragment_boundary_1024_l1/p7_jtag_axi_stage_summary.json,145648,e28f0d7b4048085208a5f452a4d1a09ff5266de2e7907a022d2bbac949c4ecb6
evidence/hardware/p7/authorized_sequence/p7_20260711_stationary_app_r8/050_p7_fragment_boundary_1024_l1/p7_jtag_backend_parse_summary.json,12491,52ae0ea5a6e6e25763ec9f44133b72de9ca4575808e81394f8ec3eb50f8ed39f
evidence/hardware/p7/authorized_sequence/p7_20260711_stationary_app_r8/050_p7_fragment_boundary_1024_l1/p7_jtag_reassembled_output.bin,1024,785b0751fc2c53dc14a4ce3d800e69ef9ce1009eb327ccf458afe09c242c26c9
evidence/hardware/p7/authorized_sequence/p7_20260711_stationary_app_r8/050_p7_fragment_boundary_1024_l1/p7_preflight.stderr.log,0,e3b0c44298fc1c149afbf4c8996fb92427ae41e4649b934ca495991b7852b855
evidence/hardware/p7/authorized_sequence/p7_20260711_stationary_app_r8/050_p7_fragment_boundary_1024_l1/p7_preflight.stdout.log,9843,16cd557c726a8514ed633fc68c95b7a0fe4fcf660e26a8c73e6bbf27d38cbb88
evidence/hardware/p7/authorized_sequence/p7_20260711_stationary_app_r8/050_p7_fragment_boundary_1024_l1/p7_preflight_result.txt,512,b9c7b51d551d7f0a98f48b8493aed82542ccd9993966f478228e655b31ebbe84
evidence/hardware/p7/authorized_sequence/p7_20260711_stationary_app_r8/050_p7_fragment_boundary_1024_l1/p7_shutdown_after.stderr.log,0,e3b0c44298fc1c149afbf4c8996fb92427ae41e4649b934ca495991b7852b855
evidence/hardware/p7/authorized_sequence/p7_20260711_stationary_app_r8/050_p7_fragment_boundary_1024_l1/p7_shutdown_after.stdout.log,30060,917f0bc9ee0ccaa904d48bdb8c0011e894c0707e86ffbf5142a3786047df0f53
evidence/hardware/p7/authorized_sequence/p7_20260711_stationary_app_r8/050_p7_fragment_boundary_1024_l1/p7_shutdown_after_result.txt,475,c55a4211ff667cbfea8bedbb4ad4ab2b248c2e80cfcfdd2062f4f04473dbb87a
evidence/hardware/p7/authorized_sequence/p7_20260711_stationary_app_r8/050_p7_fragment_boundary_1024_l1/p7_shutdown_before.stderr.log,0,e3b0c44298fc1c149afbf4c8996fb92427ae41e4649b934ca495991b7852b855
evidence/hardware/p7/authorized_sequence/p7_20260711_stationary_app_r8/050_p7_fragment_boundary_1024_l1/p7_shutdown_before.stdout.log,30060,6bd9785928d58ed5e79649e00ae9a1133c1f6e48534e447f38057b528492416d
evidence/hardware/p7/authorized_sequence/p7_20260711_stationary_app_r8/050_p7_fragment_boundary_1024_l1/p7_shutdown_before_result.txt,475,c55a4211ff667cbfea8bedbb4ad4ab2b248c2e80cfcfdd2062f4f04473dbb87a
evidence/hardware/p7/authorized_sequence/p7_20260711_stationary_app_r8/051_p7_fragment_boundary_1024_rr/p7_jtag_axi_raw_result.txt,20711,e1ca016a443ad46a05f94e7948bd2e39f9ad874d1804850e93c36e337e69fc4c
evidence/hardware/p7/authorized_sequence/p7_20260711_stationary_app_r8/051_p7_fragment_boundary_1024_rr/p7_jtag_axi_stage.stderr.log,0,e3b0c44298fc1c149afbf4c8996fb92427ae41e4649b934ca495991b7852b855
evidence/hardware/p7/authorized_sequence/p7_20260711_stationary_app_r8/051_p7_fragment_boundary_1024_rr/p7_jtag_axi_stage.stdout.log,35621,5feda26df52f57d857a0c463068aca4c1362639c59aff6c1593b1fd2cfe013c9
evidence/hardware/p7/authorized_sequence/p7_20260711_stationary_app_r8/051_p7_fragment_boundary_1024_rr/p7_jtag_axi_stage_events.jsonl,1239,94eaa0c612511537d312904f8d87b3b8dabb77481da9121b5b3ac56afb795e90
evidence/hardware/p7/authorized_sequence/p7_20260711_stationary_app_r8/051_p7_fragment_boundary_1024_rr/p7_jtag_axi_stage_summary.json,145633,68e8161eaec7deaeac706daeff91b6fbf181d59bf4766da00c0e213016ec8800
evidence/hardware/p7/authorized_sequence/p7_20260711_stationary_app_r8/051_p7_fragment_boundary_1024_rr/p7_jtag_backend_parse_summary.json,12499,78a834fea3213ba030e9fb9c15080648b2ed5b59b236f853629079e131175450
evidence/hardware/p7/authorized_sequence/p7_20260711_stationary_app_r8/051_p7_fragment_boundary_1024_rr/p7_jtag_reassembled_output.bin,1024,785b0751fc2c53dc14a4ce3d800e69ef9ce1009eb327ccf458afe09c242c26c9
evidence/hardware/p7/authorized_sequence/p7_20260711_stationary_app_r8/051_p7_fragment_boundary_1024_rr/p7_preflight.stderr.log,0,e3b0c44298fc1c149afbf4c8996fb92427ae41e4649b934ca495991b7852b855
evidence/hardware/p7/authorized_sequence/p7_20260711_stationary_app_r8/051_p7_fragment_boundary_1024_rr/p7_preflight.stdout.log,9843,024d704de20f973aa6a3bcb267a4c4af109bcdc553b854eb01314d80a2325c71
evidence/hardware/p7/authorized_sequence/p7_20260711_stationary_app_r8/051_p7_fragment_boundary_1024_rr/p7_preflight_result.txt,512,b9c7b51d551d7f0a98f48b8493aed82542ccd9993966f478228e655b31ebbe84
evidence/hardware/p7/authorized_sequence/p7_20260711_stationary_app_r8/051_p7_fragment_boundary_1024_rr/p7_shutdown_after.stderr.log,0,e3b0c44298fc1c149afbf4c8996fb92427ae41e4649b934ca495991b7852b855
evidence/hardware/p7/authorized_sequence/p7_20260711_stationary_app_r8/051_p7_fragment_boundary_1024_rr/p7_shutdown_after.stdout.log,30060,69ea131224093f51b22e788cdb417bdb3ff42196142c21e253545d74342ccca6
evidence/hardware/p7/authorized_sequence/p7_20260711_stationary_app_r8/051_p7_fragment_boundary_1024_rr/p7_shutdown_after_result.txt,475,c55a4211ff667cbfea8bedbb4ad4ab2b248c2e80cfcfdd2062f4f04473dbb87a
evidence/hardware/p7/authorized_sequence/p7_20260711_stationary_app_r8/051_p7_fragment_boundary_1024_rr/p7_shutdown_before.stderr.log,0,e3b0c44298fc1c149afbf4c8996fb92427ae41e4649b934ca495991b7852b855
evidence/hardware/p7/authorized_sequence/p7_20260711_stationary_app_r8/051_p7_fragment_boundary_1024_rr/p7_shutdown_before.stdout.log,30060,bd1de26e1b6b8cce4ceff394bc507233325f4dd911f8db48ba848135874d4c3c
evidence/hardware/p7/authorized_sequence/p7_20260711_stationary_app_r8/051_p7_fragment_boundary_1024_rr/p7_shutdown_before_result.txt,475,c55a4211ff667cbfea8bedbb4ad4ab2b248c2e80cfcfdd2062f4f04473dbb87a
evidence/hardware/p7/authorized_sequence/p7_20260711_stationary_app_r8/052_p7_fragment_boundary_1024_rep3/p7_jtag_axi_raw_result.txt,20706,a0a2b472382bc000192f59736b31bd95174cc482d325dbf54ebc3f1805252db6
evidence/hardware/p7/authorized_sequence/p7_20260711_stationary_app_r8/052_p7_fragment_boundary_1024_rep3/p7_jtag_axi_stage.stderr.log,0,e3b0c44298fc1c149afbf4c8996fb92427ae41e4649b934ca495991b7852b855
evidence/hardware/p7/authorized_sequence/p7_20260711_stationary_app_r8/052_p7_fragment_boundary_1024_rep3/p7_jtag_axi_stage.stdout.log,35621,2bc81355a81ccf593467a34fd14a076878d4fddcd2acffd76344667ae4f0fe49
evidence/hardware/p7/authorized_sequence/p7_20260711_stationary_app_r8/052_p7_fragment_boundary_1024_rep3/p7_jtag_axi_stage_events.jsonl,1241,763f47884ca32bae45cf951f418e4c24b5f36bc59ab21a95a9b5f31b3cddc008
evidence/hardware/p7/authorized_sequence/p7_20260711_stationary_app_r8/052_p7_fragment_boundary_1024_rep3/p7_jtag_axi_stage_summary.json,145803,3c1010cd17bcc4216c05dae646fb053c68a66ea815dde7dce332da36a263f9c3
evidence/hardware/p7/authorized_sequence/p7_20260711_stationary_app_r8/052_p7_fragment_boundary_1024_rep3/p7_jtag_backend_parse_summary.json,12502,656a9803f76b07699757c7e4322c870521fbee57e3f04b8e01c46d92c7d7df1b
evidence/hardware/p7/authorized_sequence/p7_20260711_stationary_app_r8/052_p7_fragment_boundary_1024_rep3/p7_jtag_reassembled_output.bin,1024,785b0751fc2c53dc14a4ce3d800e69ef9ce1009eb327ccf458afe09c242c26c9
evidence/hardware/p7/authorized_sequence/p7_20260711_stationary_app_r8/052_p7_fragment_boundary_1024_rep3/p7_preflight.stderr.log,0,e3b0c44298fc1c149afbf4c8996fb92427ae41e4649b934ca495991b7852b855
evidence/hardware/p7/authorized_sequence/p7_20260711_stationary_app_r8/052_p7_fragment_boundary_1024_rep3/p7_preflight.stdout.log,9843,939b9049c6f7def6b42225d26ce39dd4ba6b2f4f95d78cb00e9511ebae46edbe
evidence/hardware/p7/authorized_sequence/p7_20260711_stationary_app_r8/052_p7_fragment_boundary_1024_rep3/p7_preflight_result.txt,512,b9c7b51d551d7f0a98f48b8493aed82542ccd9993966f478228e655b31ebbe84
evidence/hardware/p7/authorized_sequence/p7_20260711_stationary_app_r8/052_p7_fragment_boundary_1024_rep3/p7_shutdown_after.stderr.log,0,e3b0c44298fc1c149afbf4c8996fb92427ae41e4649b934ca495991b7852b855
evidence/hardware/p7/authorized_sequence/p7_20260711_stationary_app_r8/052_p7_fragment_boundary_1024_rep3/p7_shutdown_after.stdout.log,30060,78c055cadb3bcd69cb511f340b3d313ff2c13a3bdebd6e15b456de5d3488c7bd
evidence/hardware/p7/authorized_sequence/p7_20260711_stationary_app_r8/052_p7_fragment_boundary_1024_rep3/p7_shutdown_after_result.txt,475,c55a4211ff667cbfea8bedbb4ad4ab2b248c2e80cfcfdd2062f4f04473dbb87a
evidence/hardware/p7/authorized_sequence/p7_20260711_stationary_app_r8/052_p7_fragment_boundary_1024_rep3/p7_shutdown_before.stderr.log,0,e3b0c44298fc1c149afbf4c8996fb92427ae41e4649b934ca495991b7852b855
evidence/hardware/p7/authorized_sequence/p7_20260711_stationary_app_r8/052_p7_fragment_boundary_1024_rep3/p7_shutdown_before.stdout.log,30060,68252cade7b74b5819c3e53445173911590a9fe6fd8f7eb5fbdede0303ba680e
evidence/hardware/p7/authorized_sequence/p7_20260711_stationary_app_r8/052_p7_fragment_boundary_1024_rep3/p7_shutdown_before_result.txt,475,c55a4211ff667cbfea8bedbb4ad4ab2b248c2e80cfcfdd2062f4f04473dbb87a
evidence/hardware/p7/authorized_sequence/p7_20260711_stationary_app_r8/053_p7_large_jtag_4k_rr_random/p7_jtag_axi_raw_result.txt,79500,46dadaf4430dd33957c2bf51767a42fd0d73791002a0f43292055c0ade636e15
evidence/hardware/p7/authorized_sequence/p7_20260711_stationary_app_r8/053_p7_large_jtag_4k_rr_random/p7_jtag_axi_stage.stderr.log,0,e3b0c44298fc1c149afbf4c8996fb92427ae41e4649b934ca495991b7852b855
evidence/hardware/p7/authorized_sequence/p7_20260711_stationary_app_r8/053_p7_large_jtag_4k_rr_random/p7_jtag_axi_stage.stdout.log,35621,3e4104ac20feea5cb8a060df2f62da7ee82b38e549e49fa1d35db6cb02d4aa1c
evidence/hardware/p7/authorized_sequence/p7_20260711_stationary_app_r8/053_p7_large_jtag_4k_rr_random/p7_jtag_axi_stage_events.jsonl,1237,8c7001339c31e0b05e3a82bb5a43d192e5836483d1927a05ce2c57b16327bde8
evidence/hardware/p7/authorized_sequence/p7_20260711_stationary_app_r8/053_p7_large_jtag_4k_rr_random/p7_jtag_axi_stage_summary.json,354881,3fa5b5ac3fb875fd6becfad88c12cccd295ea5da5661b8fe594ba164490ec145
evidence/hardware/p7/authorized_sequence/p7_20260711_stationary_app_r8/053_p7_large_jtag_4k_rr_random/p7_jtag_backend_parse_summary.json,41116,16dca013140e033a323bce21d3ddf3436c2a15ee2aba0328238f761c2adafa2c
evidence/hardware/p7/authorized_sequence/p7_20260711_stationary_app_r8/053_p7_large_jtag_4k_rr_random/p7_jtag_reassembled_output.bin,4096,ca572f618177e1db6b69dfa8bdeb63b86862d348b63ddbdc11c7042c04c9058c
evidence/hardware/p7/authorized_sequence/p7_20260711_stationary_app_r8/053_p7_large_jtag_4k_rr_random/p7_preflight.stderr.log,0,e3b0c44298fc1c149afbf4c8996fb92427ae41e4649b934ca495991b7852b855
evidence/hardware/p7/authorized_sequence/p7_20260711_stationary_app_r8/053_p7_large_jtag_4k_rr_random/p7_preflight.stdout.log,9843,095ab74211a5113048bb6f9bd1582f22aabfe131d56b4770c9eb57b9a647bba9
evidence/hardware/p7/authorized_sequence/p7_20260711_stationary_app_r8/053_p7_large_jtag_4k_rr_random/p7_preflight_result.txt,512,b9c7b51d551d7f0a98f48b8493aed82542ccd9993966f478228e655b31ebbe84
evidence/hardware/p7/authorized_sequence/p7_20260711_stationary_app_r8/053_p7_large_jtag_4k_rr_random/p7_shutdown_after.stderr.log,0,e3b0c44298fc1c149afbf4c8996fb92427ae41e4649b934ca495991b7852b855
evidence/hardware/p7/authorized_sequence/p7_20260711_stationary_app_r8/053_p7_large_jtag_4k_rr_random/p7_shutdown_after.stdout.log,30060,5aa78f6834300f8894d5ff6815a547e10f7e103c2ea4315d39167a4077f55fd7
evidence/hardware/p7/authorized_sequence/p7_20260711_stationary_app_r8/053_p7_large_jtag_4k_rr_random/p7_shutdown_after_result.txt,475,c55a4211ff667cbfea8bedbb4ad4ab2b248c2e80cfcfdd2062f4f04473dbb87a
evidence/hardware/p7/authorized_sequence/p7_20260711_stationary_app_r8/053_p7_large_jtag_4k_rr_random/p7_shutdown_before.stderr.log,0,e3b0c44298fc1c149afbf4c8996fb92427ae41e4649b934ca495991b7852b855
evidence/hardware/p7/authorized_sequence/p7_20260711_stationary_app_r8/053_p7_large_jtag_4k_rr_random/p7_shutdown_before.stdout.log,30060,808d991b804c20ca57bbc1c8552478939ad7c21963cfac2740d3076660791252
evidence/hardware/p7/authorized_sequence/p7_20260711_stationary_app_r8/053_p7_large_jtag_4k_rr_random/p7_shutdown_before_result.txt,475,c55a4211ff667cbfea8bedbb4ad4ab2b248c2e80cfcfdd2062f4f04473dbb87a
evidence/hardware/p7/authorized_sequence/p7_20260711_stationary_app_r8/054_p7_large_jtag_64k_rr_counter/p7_jtag_axi_raw_result.txt,1236168,c2ef549ac079eb23e3ca23020bdac8d814a59cedc3126c71d3588a0b99d80eeb
evidence/hardware/p7/authorized_sequence/p7_20260711_stationary_app_r8/054_p7_large_jtag_64k_rr_counter/p7_jtag_axi_stage.stderr.log,0,e3b0c44298fc1c149afbf4c8996fb92427ae41e4649b934ca495991b7852b855
evidence/hardware/p7/authorized_sequence/p7_20260711_stationary_app_r8/054_p7_large_jtag_64k_rr_counter/p7_jtag_axi_stage.stdout.log,35622,f453150083aee359f20be1925e8fdd3e43ff69255c962d0c7ea47d65a8e026da
evidence/hardware/p7/authorized_sequence/p7_20260711_stationary_app_r8/054_p7_large_jtag_64k_rr_counter/p7_jtag_axi_stage_events.jsonl,1239,74b4a899ffc833e9bfa861f84761ad3b4a0dc20c2a1dad26779fd9545c82571a
evidence/hardware/p7/authorized_sequence/p7_20260711_stationary_app_r8/054_p7_large_jtag_64k_rr_counter/p7_jtag_axi_stage_summary.json,4499981,169fb61eeba7eb47e2de3251f50da4b6f8bc9de795756af652deacf6f260e3df
evidence/hardware/p7/authorized_sequence/p7_20260711_stationary_app_r8/054_p7_large_jtag_64k_rr_counter/p7_jtag_backend_parse_summary.json,593259,7954d440c6334cc639017a60f2bd0d72fc0410f01e9952b764c15239e54cec51
evidence/hardware/p7/authorized_sequence/p7_20260711_stationary_app_r8/054_p7_large_jtag_64k_rr_counter/p7_jtag_reassembled_output.bin,65536,48a92fb824afd752607d64c55e2467fbdcc8fda65deb25c2ed5b327d6dc88f11
evidence/hardware/p7/authorized_sequence/p7_20260711_stationary_app_r8/054_p7_large_jtag_64k_rr_counter/p7_preflight.stderr.log,0,e3b0c44298fc1c149afbf4c8996fb92427ae41e4649b934ca495991b7852b855
evidence/hardware/p7/authorized_sequence/p7_20260711_stationary_app_r8/054_p7_large_jtag_64k_rr_counter/p7_preflight.stdout.log,9843,2bbc72f740820ec7dbd52a4e81811bba97d92c79f88a853fb46924fc4e612613
evidence/hardware/p7/authorized_sequence/p7_20260711_stationary_app_r8/054_p7_large_jtag_64k_rr_counter/p7_preflight_result.txt,512,b9c7b51d551d7f0a98f48b8493aed82542ccd9993966f478228e655b31ebbe84
evidence/hardware/p7/authorized_sequence/p7_20260711_stationary_app_r8/054_p7_large_jtag_64k_rr_counter/p7_shutdown_after.stderr.log,0,e3b0c44298fc1c149afbf4c8996fb92427ae41e4649b934ca495991b7852b855
evidence/hardware/p7/authorized_sequence/p7_20260711_stationary_app_r8/054_p7_large_jtag_64k_rr_counter/p7_shutdown_after.stdout.log,30060,56d7cc72ec468b51c17d8feb43c007ffe1ed5abfa2b082ad111680245174ddd2
evidence/hardware/p7/authorized_sequence/p7_20260711_stationary_app_r8/054_p7_large_jtag_64k_rr_counter/p7_shutdown_after_result.txt,475,c55a4211ff667cbfea8bedbb4ad4ab2b248c2e80cfcfdd2062f4f04473dbb87a
evidence/hardware/p7/authorized_sequence/p7_20260711_stationary_app_r8/054_p7_large_jtag_64k_rr_counter/p7_shutdown_before.stderr.log,0,e3b0c44298fc1c149afbf4c8996fb92427ae41e4649b934ca495991b7852b855
evidence/hardware/p7/authorized_sequence/p7_20260711_stationary_app_r8/054_p7_large_jtag_64k_rr_counter/p7_shutdown_before.stdout.log,30060,139b5a39ea5085558372cb9b99df357a7a033931235a5cd7d2a6503d581b0a52
evidence/hardware/p7/authorized_sequence/p7_20260711_stationary_app_r8/054_p7_large_jtag_64k_rr_counter/p7_shutdown_before_result.txt,475,c55a4211ff667cbfea8bedbb4ad4ab2b248c2e80cfcfdd2062f4f04473dbb87a
evidence/hardware/p7/authorized_sequence/p7_20260711_stationary_app_r8/055_p7_large_jtag_64k_rr_prbs15/p7_jtag_axi_raw_result.txt,1236168,2d7843229711073e672fdb8deff6b4d60eaf3537fe6063cb9bd16e40fdaf90c6
evidence/hardware/p7/authorized_sequence/p7_20260711_stationary_app_r8/055_p7_large_jtag_64k_rr_prbs15/p7_jtag_axi_stage.stderr.log,0,e3b0c44298fc1c149afbf4c8996fb92427ae41e4649b934ca495991b7852b855
evidence/hardware/p7/authorized_sequence/p7_20260711_stationary_app_r8/055_p7_large_jtag_64k_rr_prbs15/p7_jtag_axi_stage.stdout.log,35622,7fae7eef5c0b19bdf37908fe5fa5bc6aed0c3350cf0f37694c788bd57e9ab510
evidence/hardware/p7/authorized_sequence/p7_20260711_stationary_app_r8/055_p7_large_jtag_64k_rr_prbs15/p7_jtag_axi_stage_events.jsonl,1341,fe742283634c645f05c727ddaf4f5599aca0008d66a58c244f7b31a9434cc354
evidence/hardware/p7/authorized_sequence/p7_20260711_stationary_app_r8/055_p7_large_jtag_64k_rr_prbs15/p7_jtag_axi_stage_summary.json,4498884,a14c1aea8fb007cf46f2b524c5b57d08a4899e33ce32018fec615428f81cee5e
evidence/hardware/p7/authorized_sequence/p7_20260711_stationary_app_r8/055_p7_large_jtag_64k_rr_prbs15/p7_preflight.stderr.log,0,e3b0c44298fc1c149afbf4c8996fb92427ae41e4649b934ca495991b7852b855
evidence/hardware/p7/authorized_sequence/p7_20260711_stationary_app_r8/055_p7_large_jtag_64k_rr_prbs15/p7_preflight.stdout.log,9843,975103f7e58bb0957808cbfb0b41c3a33a6c95caa0ff74653542d77b3a8cac3e
evidence/hardware/p7/authorized_sequence/p7_20260711_stationary_app_r8/055_p7_large_jtag_64k_rr_prbs15/p7_preflight_result.txt,512,b9c7b51d551d7f0a98f48b8493aed82542ccd9993966f478228e655b31ebbe84
evidence/hardware/p7/authorized_sequence/p7_20260711_stationary_app_r8/055_p7_large_jtag_64k_rr_prbs15/p7_shutdown_after.stderr.log,0,e3b0c44298fc1c149afbf4c8996fb92427ae41e4649b934ca495991b7852b855
evidence/hardware/p7/authorized_sequence/p7_20260711_stationary_app_r8/055_p7_large_jtag_64k_rr_prbs15/p7_shutdown_after.stdout.log,30060,2011c04ede11bbf61e2b2e0127f204f442d226f04f39529fbf4cd220519d00ce
evidence/hardware/p7/authorized_sequence/p7_20260711_stationary_app_r8/055_p7_large_jtag_64k_rr_prbs15/p7_shutdown_after_result.txt,475,c55a4211ff667cbfea8bedbb4ad4ab2b248c2e80cfcfdd2062f4f04473dbb87a
evidence/hardware/p7/authorized_sequence/p7_20260711_stationary_app_r8/055_p7_large_jtag_64k_rr_prbs15/p7_shutdown_before.stderr.log,0,e3b0c44298fc1c149afbf4c8996fb92427ae41e4649b934ca495991b7852b855
evidence/hardware/p7/authorized_sequence/p7_20260711_stationary_app_r8/055_p7_large_jtag_64k_rr_prbs15/p7_shutdown_before.stdout.log,30060,3ff0622b5b3c56b10a541ddb0d2235351f7fe8b6a349661eb0350e7cef81c60f
evidence/hardware/p7/authorized_sequence/p7_20260711_stationary_app_r8/055_p7_large_jtag_64k_rr_prbs15/p7_shutdown_before_result.txt,475,c55a4211ff667cbfea8bedbb4ad4ab2b248c2e80cfcfdd2062f4f04473dbb87a
evidence/hardware/p7/authorized_sequence/p7_20260711_stationary_app_r8/historical_preflight_inputs/manifest.json,5262,df2b3e3854d6eb948c0939cb237f895bee40d77e18ddb40a6818689047021f9d
evidence/hardware/p7/authorized_sequence/p7_20260711_stationary_app_r8/historical_preflight_inputs/p4_recovery_authorization_61f676760e875ce2772e2c460e9b3241ebcd013ebacfea715ee79b232316f476.txt,201,61f676760e875ce2772e2c460e9b3241ebcd013ebacfea715ee79b232316f476
evidence/hardware/p7/authorized_sequence/p7_20260711_stationary_app_r8/historical_preflight_inputs/p7_generation_manifest_d052801e32fdd054089b8699c927449e0c0223634a12799d0493efcc5fdae694.json,271136,d052801e32fdd054089b8699c927449e0c0223634a12799d0493efcc5fdae694
evidence/hardware/p7/authorized_sequence/p7_20260711_stationary_app_r8/historical_preflight_inputs/p7_jtag_axi_transactions_11961c92_0b1c05ba9de293ef73197739edfd5e91624fa1c8.tcl,26680,68e8b394a8db0ab94ddc1ed4051f8bdc5ce73243e30da6946dc8705ae643b16e
evidence/hardware/p7/authorized_sequence/p7_20260711_stationary_app_r8/historical_preflight_inputs/p7_jtag_backend_11961c92_b47de1c9e823a1f0190f233c6848bf0d5ca0223a.py,79756,3ae1b84a68ccdc42120bcfe07b0c1356315d7638a9669d5444c6f588a2884bd9
evidence/hardware/p7/authorized_sequence/p7_20260711_stationary_app_r8/historical_preflight_inputs/p7_offline_gate_summary_7146e8000b2e4763f95d07e9ca7671646c5536b89077a615cb645538d6d132a1.json,7626,7146e8000b2e4763f95d07e9ca7671646c5536b89077a615cb645538d6d132a1
evidence/hardware/p7/authorized_sequence/p7_20260711_stationary_app_r8/historical_preflight_inputs/p7_sequence_plan_58e07164f1aa38816b9b360bb28a838d6afd986a292863e3152f6daab914522d.txt,373889,58e07164f1aa38816b9b360bb28a838d6afd986a292863e3152f6daab914522d
evidence/hardware/p7/authorized_sequence/p7_20260711_stationary_app_r8/historical_preflight_inputs/p7_stage_001_authorization_ed5bbcb066eca1008236ad66baf7de3689d02d3ac69bfbbdb13ec4679352e128.txt,3289,ed5bbcb066eca1008236ad66baf7de3689d02d3ac69bfbbdb13ec4679352e128
evidence/hardware/p7/authorized_sequence/p7_20260711_stationary_app_r8/historical_preflight_inputs/p7_stage_001_transactions_31dbc2e8d86406f3c0106714e7a849a464d09f2665b7383904af855098c5b8bf.txt,2039317,31dbc2e8d86406f3c0106714e7a849a464d09f2665b7383904af855098c5b8bf
evidence/hardware/p7/authorized_sequence/p7_20260711_stationary_app_r8/historical_preflight_inputs/run_p7_jtag_axi_stage_safe_11961c92_49a73cead8c60acb9c870ce4e5db9ba691b0b3d0.py,140656,225a168954e499261c2b65afd5ca3212e97045ce3acb692e1fbde0ab428b1e6b
evidence/hardware/p7/authorized_sequence/p7_20260711_stationary_app_r8/historical_preflight_inputs/tfdu_lane_phy_11961c92_970cbc860290698c4f417959f7e7fc0bcfbd6933.sv,5199,2f515a22fedc5abdf3f58bbdaa6df8baee8a2f919747a3622ece0a63009e920a
evidence/hardware/p7/authorized_sequence/p7_20260711_stationary_app_r8/recovery_shutdown_after_failed_stage55_20260711T104455Z/hardware_authorization.json,1364,5609ffd33329d2975c4b5452e44d7d8ec60c6d70d4f69a46b27713b5fdc91211
evidence/hardware/p7/authorized_sequence/p7_20260711_stationary_app_r8/recovery_shutdown_after_failed_stage55_20260711T104455Z/hash_manifest.csv,994,a6e080be2e870ce952367aba8338f2da5d810f35c26744ebe6bb58cfdbaa4bb9
evidence/hardware/p7/authorized_sequence/p7_20260711_stationary_app_r8/recovery_shutdown_after_failed_stage55_20260711T104455Z/hash_manifest.json,2291,44410959f57572b77d9d7a8a95d9a7b6fb12e3025fde5eefa8d0de187da66156
evidence/hardware/p7/authorized_sequence/p7_20260711_stationary_app_r8/recovery_shutdown_after_failed_stage55_20260711T104455Z/program_tfdu_shutdown_safe.stderr.log,0,e3b0c44298fc1c149afbf4c8996fb92427ae41e4649b934ca495991b7852b855
evidence/hardware/p7/authorized_sequence/p7_20260711_stationary_app_r8/recovery_shutdown_after_failed_stage55_20260711T104455Z/program_tfdu_shutdown_safe.stdout.log,5022,8d2f3b581a39ba8200da2e401c84845bc235341add3a66ad528676ee741b991c
evidence/hardware/p7/authorized_sequence/p7_20260711_stationary_app_r8/recovery_shutdown_after_failed_stage55_20260711T104455Z/program_tfdu_shutdown_safe.summary.txt,2042,50c26fc7aea9862e9209485d503341913c5907c41db3fae3281c6e00b86715df
evidence/hardware/p7/authorized_sequence/p7_20260711_stationary_app_r8/sequence_execution_ledger.json,883875,602c975af1765cdbc98352fe13c27cc875801e174ad56bb32fc9414afa2f6942
evidence/hardware/p7/authorized_sequence/p7_20260711_stationary_app_r9/.sequence_execution_ledger_wrapper_logs/001_p7_safe_idle.stderr.log,0,e3b0c44298fc1c149afbf4c8996fb92427ae41e4649b934ca495991b7852b855
evidence/hardware/p7/authorized_sequence/p7_20260711_stationary_app_r9/.sequence_execution_ledger_wrapper_logs/001_p7_safe_idle.stdout.log,74392,8f9f7982235ec56fc9b5451a2e69ce36a663962a729931286d856c81ffcfbd35
evidence/hardware/p7/authorized_sequence/p7_20260711_stationary_app_r9/.sequence_execution_ledger_wrapper_logs/002_p7_p6_frame_regression_m1.stderr.log,0,e3b0c44298fc1c149afbf4c8996fb92427ae41e4649b934ca495991b7852b855
evidence/hardware/p7/authorized_sequence/p7_20260711_stationary_app_r9/.sequence_execution_ledger_wrapper_logs/002_p7_p6_frame_regression_m1.stdout.log,369273,33cf6e170907eb98ce1b10ea1f055858ee0a54159195e8f8803cd52431c8eed8
evidence/hardware/p7/authorized_sequence/p7_20260711_stationary_app_r9/.sequence_execution_ledger_wrapper_logs/003_p7_p6_frame_regression_m2.stderr.log,0,e3b0c44298fc1c149afbf4c8996fb92427ae41e4649b934ca495991b7852b855
evidence/hardware/p7/authorized_sequence/p7_20260711_stationary_app_r9/.sequence_execution_ledger_wrapper_logs/003_p7_p6_frame_regression_m2.stdout.log,250458,f379bffaba6a02b57a31ba6f043696a4e1f6106ee7bedb9d2cb4018580c15ccc
evidence/hardware/p7/authorized_sequence/p7_20260711_stationary_app_r9/001_p7_safe_idle/p7_jtag_axi_raw_result.txt,823,be4366eb4d00461ac9a851f0fd650d7999e066ed28252465bf69b4be6a381235
evidence/hardware/p7/authorized_sequence/p7_20260711_stationary_app_r9/001_p7_safe_idle/p7_jtag_axi_stage.stderr.log,0,e3b0c44298fc1c149afbf4c8996fb92427ae41e4649b934ca495991b7852b855
evidence/hardware/p7/authorized_sequence/p7_20260711_stationary_app_r9/001_p7_safe_idle/p7_jtag_axi_stage.stdout.log,30801,cafbae1d657e3032e0d65f1d4e0a4fc9f7783a3819689f8164dd5b141367f218
evidence/hardware/p7/authorized_sequence/p7_20260711_stationary_app_r9/001_p7_safe_idle/p7_jtag_axi_stage_events.jsonl,1228,8886676a3e9089f8b05e09595031175e80d2af6ffa3c62264b0ddfbdb2e5d47f
evidence/hardware/p7/authorized_sequence/p7_20260711_stationary_app_r9/001_p7_safe_idle/p7_jtag_axi_stage_summary.json,72305,288b73b5c505905f494187b8da43f476a10b436ecdb1ed6d465aa17717cb59ee
evidence/hardware/p7/authorized_sequence/p7_20260711_stationary_app_r9/001_p7_safe_idle/p7_preflight.stderr.log,0,e3b0c44298fc1c149afbf4c8996fb92427ae41e4649b934ca495991b7852b855
evidence/hardware/p7/authorized_sequence/p7_20260711_stationary_app_r9/001_p7_safe_idle/p7_preflight.stdout.log,9843,51bdb19d7c5cc20bb3c0a0d0ef825447b8021dec4f1e6393266d9f4200e8d2a1
evidence/hardware/p7/authorized_sequence/p7_20260711_stationary_app_r9/001_p7_safe_idle/p7_preflight_result.txt,512,b9c7b51d551d7f0a98f48b8493aed82542ccd9993966f478228e655b31ebbe84
evidence/hardware/p7/authorized_sequence/p7_20260711_stationary_app_r9/001_p7_safe_idle/p7_safe_idle_parse_summary.json,733,3991bcae4b2f298c8be2154c634b5180d1751df472c7cdece3aa168622e6c8d7
evidence/hardware/p7/authorized_sequence/p7_20260711_stationary_app_r9/001_p7_safe_idle/p7_shutdown_after.stderr.log,0,e3b0c44298fc1c149afbf4c8996fb92427ae41e4649b934ca495991b7852b855
evidence/hardware/p7/authorized_sequence/p7_20260711_stationary_app_r9/001_p7_safe_idle/p7_shutdown_after.stdout.log,30060,680a2a2d9af435ab13f1d98eea616ced131bfec146d28d98881a6805bbc65bee
evidence/hardware/p7/authorized_sequence/p7_20260711_stationary_app_r9/001_p7_safe_idle/p7_shutdown_after_result.txt,475,c55a4211ff667cbfea8bedbb4ad4ab2b248c2e80cfcfdd2062f4f04473dbb87a
evidence/hardware/p7/authorized_sequence/p7_20260711_stationary_app_r9/001_p7_safe_idle/p7_shutdown_before.stderr.log,0,e3b0c44298fc1c149afbf4c8996fb92427ae41e4649b934ca495991b7852b855
evidence/hardware/p7/authorized_sequence/p7_20260711_stationary_app_r9/001_p7_safe_idle/p7_shutdown_before.stdout.log,30060,865c2f80db13c6094a20f6bc87c3b002ca91829fc7d1bb7cf383e2044ceea1c8
evidence/hardware/p7/authorized_sequence/p7_20260711_stationary_app_r9/001_p7_safe_idle/p7_shutdown_before_result.txt,475,c55a4211ff667cbfea8bedbb4ad4ab2b248c2e80cfcfdd2062f4f04473dbb87a
evidence/hardware/p7/authorized_sequence/p7_20260711_stationary_app_r9/002_p7_p6_frame_regression_m1/p7_jtag_axi_raw_result.txt,79492,d7c4eab196f966c11a4d3d216f25f1532275abdc6373e5513ae906ddbf89d1f4
evidence/hardware/p7/authorized_sequence/p7_20260711_stationary_app_r9/002_p7_p6_frame_regression_m1/p7_jtag_axi_stage.stderr.log,0,e3b0c44298fc1c149afbf4c8996fb92427ae41e4649b934ca495991b7852b855
evidence/hardware/p7/authorized_sequence/p7_20260711_stationary_app_r9/002_p7_p6_frame_regression_m1/p7_jtag_axi_stage.stdout.log,35621,d854f25e16d5d7b5326ef7c7e22689051a90f5113f58ac7bd3aa2be500892d09
evidence/hardware/p7/authorized_sequence/p7_20260711_stationary_app_r9/002_p7_p6_frame_regression_m1/p7_jtag_axi_stage_events.jsonl,1236,5d33ddb48b5720258eb7ad387a7d69998db5e226412f8443cbe815473d1f0b5f
evidence/hardware/p7/authorized_sequence/p7_20260711_stationary_app_r9/002_p7_p6_frame_regression_m1/p7_jtag_axi_stage_summary.json,355869,3188bb56e875afefb7d7a619a6a3d3506c105ce5ecb72418fa172a4116138858
evidence/hardware/p7/authorized_sequence/p7_20260711_stationary_app_r9/002_p7_p6_frame_regression_m1/p7_jtag_backend_parse_summary.json,41716,35ee0aa7f146008513b090171c24912760857fe3133fe18b7c00e727b6a0ebf8
evidence/hardware/p7/authorized_sequence/p7_20260711_stationary_app_r9/002_p7_p6_frame_regression_m1/p7_jtag_reassembled_output.bin,4096,d63320acd81e8ea9e08c7932552f04ca8bd45a673c40003ff4f7b6143d91081d
evidence/hardware/p7/authorized_sequence/p7_20260711_stationary_app_r9/002_p7_p6_frame_regression_m1/p7_preflight.stderr.log,0,e3b0c44298fc1c149afbf4c8996fb92427ae41e4649b934ca495991b7852b855
evidence/hardware/p7/authorized_sequence/p7_20260711_stationary_app_r9/002_p7_p6_frame_regression_m1/p7_preflight.stdout.log,9843,e03285022784c680df614d7561c0939c7a7d665b21e67c22f4cd677514e641c8
evidence/hardware/p7/authorized_sequence/p7_20260711_stationary_app_r9/002_p7_p6_frame_regression_m1/p7_preflight_result.txt,512,b9c7b51d551d7f0a98f48b8493aed82542ccd9993966f478228e655b31ebbe84
evidence/hardware/p7/authorized_sequence/p7_20260711_stationary_app_r9/002_p7_p6_frame_regression_m1/p7_shutdown_after.stderr.log,0,e3b0c44298fc1c149afbf4c8996fb92427ae41e4649b934ca495991b7852b855
evidence/hardware/p7/authorized_sequence/p7_20260711_stationary_app_r9/002_p7_p6_frame_regression_m1/p7_shutdown_after.stdout.log,30060,a09da239cd0f94bf9dc902bcd2177473ebab2d9b5dd0c421ef1891cf063f1151
evidence/hardware/p7/authorized_sequence/p7_20260711_stationary_app_r9/002_p7_p6_frame_regression_m1/p7_shutdown_after_result.txt,475,c55a4211ff667cbfea8bedbb4ad4ab2b248c2e80cfcfdd2062f4f04473dbb87a
evidence/hardware/p7/authorized_sequence/p7_20260711_stationary_app_r9/002_p7_p6_frame_regression_m1/p7_shutdown_before.stderr.log,0,e3b0c44298fc1c149afbf4c8996fb92427ae41e4649b934ca495991b7852b855
evidence/hardware/p7/authorized_sequence/p7_20260711_stationary_app_r9/002_p7_p6_frame_regression_m1/p7_shutdown_before.stdout.log,30060,98375d1661899bc5ef56bfdb48dee7cac485fff8d1bbfd1e0245f17e0e58593b
evidence/hardware/p7/authorized_sequence/p7_20260711_stationary_app_r9/002_p7_p6_frame_regression_m1/p7_shutdown_before_result.txt,475,c55a4211ff667cbfea8bedbb4ad4ab2b248c2e80cfcfdd2062f4f04473dbb87a
evidence/hardware/p7/authorized_sequence/p7_20260711_stationary_app_r9/003_p7_p6_frame_regression_m2/p7_jtag_axi_raw_result.txt,305,57417596ccd57440d41243b4f76bc001f71cb6fd7df1edd0e2fda194cffbcdea
evidence/hardware/p7/authorized_sequence/p7_20260711_stationary_app_r9/003_p7_p6_frame_regression_m2/p7_jtag_axi_stage.stderr.log,0,e3b0c44298fc1c149afbf4c8996fb92427ae41e4649b934ca495991b7852b855
evidence/hardware/p7/authorized_sequence/p7_20260711_stationary_app_r9/003_p7_p6_frame_regression_m2/p7_jtag_axi_stage.stdout.log,8257,ef7be44d67f4eb4d37b9b14693bb392aa57118b7fbe33c9f1f6cb461898048be
evidence/hardware/p7/authorized_sequence/p7_20260711_stationary_app_r9/003_p7_p6_frame_regression_m2/p7_jtag_axi_stage_events.jsonl,1143,d752566458dd739c27f8813e0e1a09ccc7b1a12ff734b0ead1208327d2c6cb6a
evidence/hardware/p7/authorized_sequence/p7_20260711_stationary_app_r9/003_p7_p6_frame_regression_m2/p7_jtag_axi_stage_summary.json,240376,9ee2f7b3359d96fa2a18cdaa9c9da299a3690353817c75441f7754bc05b1bdd4
evidence/hardware/p7/authorized_sequence/p7_20260711_stationary_app_r9/003_p7_p6_frame_regression_m2/p7_preflight.stderr.log,0,e3b0c44298fc1c149afbf4c8996fb92427ae41e4649b934ca495991b7852b855
evidence/hardware/p7/authorized_sequence/p7_20260711_stationary_app_r9/003_p7_p6_frame_regression_m2/p7_preflight.stdout.log,9843,ccb9c20ccda1c7e1e389b07df8fa5e9043086d7e4bc0b88ca3f4fcad2cb84bba
evidence/hardware/p7/authorized_sequence/p7_20260711_stationary_app_r9/003_p7_p6_frame_regression_m2/p7_preflight_result.txt,512,b9c7b51d551d7f0a98f48b8493aed82542ccd9993966f478228e655b31ebbe84
evidence/hardware/p7/authorized_sequence/p7_20260711_stationary_app_r9/003_p7_p6_frame_regression_m2/p7_shutdown_after.stderr.log,0,e3b0c44298fc1c149afbf4c8996fb92427ae41e4649b934ca495991b7852b855
evidence/hardware/p7/authorized_sequence/p7_20260711_stationary_app_r9/003_p7_p6_frame_regression_m2/p7_shutdown_after.stdout.log,30060,2d34ce6afe9a3f622f8aeb243464a70e1b59b2edcc964795d4f9e62045f893c9
evidence/hardware/p7/authorized_sequence/p7_20260711_stationary_app_r9/003_p7_p6_frame_regression_m2/p7_shutdown_after_result.txt,475,c55a4211ff667cbfea8bedbb4ad4ab2b248c2e80cfcfdd2062f4f04473dbb87a
evidence/hardware/p7/authorized_sequence/p7_20260711_stationary_app_r9/003_p7_p6_frame_regression_m2/p7_shutdown_before.stderr.log,0,e3b0c44298fc1c149afbf4c8996fb92427ae41e4649b934ca495991b7852b855
evidence/hardware/p7/authorized_sequence/p7_20260711_stationary_app_r9/003_p7_p6_frame_regression_m2/p7_shutdown_before.stdout.log,30060,7690d7c2612cc7902d836e83f8cc7c3672360e53f49377d7304f323700e0ba6f
evidence/hardware/p7/authorized_sequence/p7_20260711_stationary_app_r9/003_p7_p6_frame_regression_m2/p7_shutdown_before_result.txt,475,c55a4211ff667cbfea8bedbb4ad4ab2b248c2e80cfcfdd2062f4f04473dbb87a
evidence/hardware/p7/authorized_sequence/p7_20260711_stationary_app_r9/historical_preflight_inputs/manifest.json,5253,eec891c13048a1f0afb0ca922b15074d22aabff77ae56b93fd51564edb80b661
evidence/hardware/p7/authorized_sequence/p7_20260711_stationary_app_r9/historical_preflight_inputs/p4_recovery_authorization_61f676760e875ce2772e2c460e9b3241ebcd013ebacfea715ee79b232316f476.txt,201,61f676760e875ce2772e2c460e9b3241ebcd013ebacfea715ee79b232316f476
evidence/hardware/p7/authorized_sequence/p7_20260711_stationary_app_r9/historical_preflight_inputs/p7_generation_manifest_2e40302e75971de440ee4d5ab0955fe6e435d6e78c64a05484959e9e4ba33d87.json,271136,2e40302e75971de440ee4d5ab0955fe6e435d6e78c64a05484959e9e4ba33d87
evidence/hardware/p7/authorized_sequence/p7_20260711_stationary_app_r9/historical_preflight_inputs/p7_jtag_axi_transactions_91b8fbd4_0b1c05ba9de293ef73197739edfd5e91624fa1c8.tcl,26680,68e8b394a8db0ab94ddc1ed4051f8bdc5ce73243e30da6946dc8705ae643b16e
evidence/hardware/p7/authorized_sequence/p7_20260711_stationary_app_r9/historical_preflight_inputs/p7_jtag_backend_91b8fbd4_7447a5c4203ab83db049de32b9652d481178fb22.py,80403,593185c5fa9c23244a0bfd0355da61df098e194319435c626132b7f3a1726018
evidence/hardware/p7/authorized_sequence/p7_20260711_stationary_app_r9/historical_preflight_inputs/p7_offline_gate_summary_a243fb6f5786ded7a04e40ce212dc963a1079829af3b144e62b6fa1dae79e315.json,7626,a243fb6f5786ded7a04e40ce212dc963a1079829af3b144e62b6fa1dae79e315
evidence/hardware/p7/authorized_sequence/p7_20260711_stationary_app_r9/historical_preflight_inputs/p7_sequence_plan_f3dd86f1e18cfb2998d4ffbdd9836d601732411dd34b1fbe38ee6ff1cf1c744c.txt,373889,f3dd86f1e18cfb2998d4ffbdd9836d601732411dd34b1fbe38ee6ff1cf1c744c
evidence/hardware/p7/authorized_sequence/p7_20260711_stationary_app_r9/historical_preflight_inputs/p7_stage_001_authorization_7dbc90ef36a8113b0216095ee85901441a4c4f78be04b17adc7aa8d21bbaf305.txt,3283,7dbc90ef36a8113b0216095ee85901441a4c4f78be04b17adc7aa8d21bbaf305
evidence/hardware/p7/authorized_sequence/p7_20260711_stationary_app_r9/historical_preflight_inputs/p7_stage_001_transactions_d2ea6326755678612eb369635fe7670d26fd9db83801f6066c1755d33b674371.txt,130270,d2ea6326755678612eb369635fe7670d26fd9db83801f6066c1755d33b674371
evidence/hardware/p7/authorized_sequence/p7_20260711_stationary_app_r9/historical_preflight_inputs/run_p7_jtag_axi_stage_safe_91b8fbd4_49a73cead8c60acb9c870ce4e5db9ba691b0b3d0.py,140656,225a168954e499261c2b65afd5ca3212e97045ce3acb692e1fbde0ab428b1e6b
evidence/hardware/p7/authorized_sequence/p7_20260711_stationary_app_r9/historical_preflight_inputs/tfdu_lane_phy_91b8fbd4_970cbc860290698c4f417959f7e7fc0bcfbd6933.sv,5199,2f515a22fedc5abdf3f58bbdaa6df8baee8a2f919747a3622ece0a63009e920a
evidence/hardware/p7/authorized_sequence/p7_20260711_stationary_app_r9/outer_deadline_abort_record.json,893,eea889d68e00782ba7f9ccb2f2342f9ac138e044bf321359dbc5c0834d88ff3b
evidence/hardware/p7/authorized_sequence/p7_20260711_stationary_app_r9/recovery_launcher_refusal_record.json,480,d4f67c9186ec679134021cfd0937fc15830e8ac4437168d2198f677dde9e7d5f
evidence/hardware/p7/authorized_sequence/p7_20260711_stationary_app_r9/recovery_shutdown_after_failed_stage3_20260711T112013Z/hardware_authorization.json,1364,5609ffd33329d2975c4b5452e44d7d8ec60c6d70d4f69a46b27713b5fdc91211
evidence/hardware/p7/authorized_sequence/p7_20260711_stationary_app_r9/recovery_shutdown_after_failed_stage3_20260711T112013Z/hash_manifest.csv,994,a6e080be2e870ce952367aba8338f2da5d810f35c26744ebe6bb58cfdbaa4bb9
evidence/hardware/p7/authorized_sequence/p7_20260711_stationary_app_r9/recovery_shutdown_after_failed_stage3_20260711T112013Z/hash_manifest.json,2291,1c26b9d3db7ef9ed0be9a0276409124edc955f6b26e6c7cbcfabdf85c731b76e
evidence/hardware/p7/authorized_sequence/p7_20260711_stationary_app_r9/recovery_shutdown_after_failed_stage3_20260711T112013Z/program_tfdu_shutdown_safe.stderr.log,0,e3b0c44298fc1c149afbf4c8996fb92427ae41e4649b934ca495991b7852b855
evidence/hardware/p7/authorized_sequence/p7_20260711_stationary_app_r9/recovery_shutdown_after_failed_stage3_20260711T112013Z/program_tfdu_shutdown_safe.stdout.log,5022,f4df65dd20e1135da41a935f0f92716410f9ba78fa2bf809d8d40a1dade839db
evidence/hardware/p7/authorized_sequence/p7_20260711_stationary_app_r9/recovery_shutdown_after_failed_stage3_20260711T112013Z/program_tfdu_shutdown_safe.summary.txt,2037,536de0e734cc9a5c2edf21da3f7526a188789607d08c3a81a2bd1e514abb5ec4
evidence/hardware/p7/authorized_sequence/p7_20260711_stationary_app_r9/sequence_execution_ledger.json,48662,c7a2d61330c4213cdc04b2c79453a68b82eed4cc1534ce224591023089ce0d06
evidence/hardware/p7/p7_run_sequence_ledger.json,599805,9b53c5863f817ed8bab8fb29e23c9c68d83677bdc384c8268aa90244ae7d0e86
