captured_ms|sequence|label|role|admission_snapshot_words_csv|ps_runtime_words_csv|pl_perf_snapshot_words_csv
1786208282936|1018|mixed_15min_a_half_f2r_00001_16777216|fixed|36,1378943233,16777471,6555861,6469740,6485641,6469740,6485641,6469740,11686,11665,5831,5831,0,0,744,0,180028504,179685366,4096,4096,0,0,5832,5832,233620464,233620445,233620440,233620453,0,0,0,0,0,0,0,0,4096,256,131072,4,15|4,0,16777216,262144,64,0,0,0,0,100,0,88,0,25,22,0,1,100,0|106,961986343,1,5814592,0,0,0,0,0,6539248,0,22,0,321747990,0,321747990,0,2080,316250516,0,7903919,0,0,0,0,0
1786208282936|1018|mixed_15min_a_half_f2r_00001_16777216|rotating|36,1378943233,33558272,6661404,6573349,71450,0,71450,0,1514,0,757,0,0,0,5925,5925,4836456,4836456,4096,4096,0,0,757,757,211493215,211493215,211493223,211493223,0,0,0,0,0,0,0,0,4096,256,131072,4,15|4,0,16777216,262144,64,0,0,0,0,100,0,88,0,25,22,0,1,100,0|106,272804230,1,0,0,5767168,0,5767168,0,18075,0,0,22,0,0,0,0,0,0,0,5034022,0,0,0,0,0
1786208287951|1018|mixed_15min_a_half_f2r_00001_16777216|fixed|38,1378943233,16777471,13212563,13037768,13070799,13037768,13070799,13037768,23553,23509,11753,11753,0,0,1502,0,362862996,362144311,4096,4096,0,0,11754,11754,554663312,554663325,554663320,554663333,0,0,0,0,0,0,0,0,4096,256,131072,4,15|4,0,16777216,262144,64,0,0,0,0,188,0,176,0,47,44,0,1,188,0|108,1283076904,1,11652896,0,0,0,0,0,13110780,0,44,0,641378975,0,641378975,0,2080,634160824,0,10777357,0,0,0,0,0
1786208287951|1018|mixed_15min_a_half_f2r_00001_16777216|rotating|38,1378943233,33558272,13319387,13143436,142900,0,142900,0,3028,0,1514,0,0,0,11849,11849,9672880,9672880,4096,4096,0,0,1514,1514,532503975,532503975,532503983,532503983,0,0,0,0,0,0,0,0,4096,256,131072,4,15|4,0,16777216,262144,64,0,0,0,0,188,0,176,0,47,44,0,1,188,0|108,593568194,1,0,0,11534336,0,11534336,0,35913,0,0,44,0,0,0,0,0,0,0,5079695,0,0,0,0,0
1786208298489|1019|mixed_15min_a_half_f2r_00002_67108864|fixed|42,1378943233,16777471,6538833,6452921,6468707,6452921,6468707,6452921,5848,5826,5825,5825,0,0,743,0,179748833,179405864,4096,4096,0,0,5826,5826,1228898117,1228898130,1228898125,1228898106,0,0,0,0,0,0,0,0,4096,256,131072,4,15|4,0,67108864,262144,256,0,0,0,0,100,0,88,0,25,22,0,1,100,0|116,1957435193,1,5806688,0,0,0,0,0,6525801,0,22,0,321596773,0,321596773,0,2080,316097664,0,7903905,0,0,0,0,0
1786208298489|1019|mixed_15min_a_half_f2r_00002_67108864|rotating|42,1378943233,33558272,6655876,6567924,71450,0,71450,0,1514,0,757,0,0,0,5929,5929,4836456,4836456,4096,4096,0,0,757,757,1207095247,1207095247,1207095255,1207095255,0,0,0,0,0,0,0,0,4096,256,131072,4,15|4,0,67108864,262144,256,0,0,0,0,100,0,88,0,25,22,0,1,100,0|116,1268408337,1,0,0,5767168,0,5767168,0,18075,0,0,22,0,0,0,0,0,0,0,5015315,0,0,0,0,0
1786208303490|1019|mixed_15min_a_half_f2r_00002_67108864|fixed|44,1378943233,16777471,13172588,12998298,13031108,12998298,13031108,12998298,11780,11736,11734,11734,0,0,1499,0,362083467,361365136,4096,4096,0,0,11735,11735,1549236793,1549236806,1549236801,1549236782,0,0,0,0,0,0,0,0,4096,256,131072,4,15|4,0,67108864,262144,256,0,0,0,0,188,0,176,0,47,44,0,1,188,0|118,2277193720,1,11629184,0,0,0,0,0,13062024,0,44,0,639899676,0,639899676,0,2080,632677344,0,10776495,0,0,0,0,0
1786208303490|1019|mixed_15min_a_half_f2r_00002_67108864|rotating|44,1378943233,33558272,13298372,13122728,142805,0,142805,0,3026,0,1513,0,0,0,11846,11846,9666488,9666488,4096,4096,0,0,1513,1513,1527675396,1527675396,1527675404,1527675404,0,0,0,0,0,0,0,0,4096,256,131072,4,15|4,0,67108864,262144,256,0,0,0,0,188,0,176,0,47,44,0,1,188,0|118,1590383245,1,0,0,11534336,0,11534336,0,35983,0,0,44,0,0,0,0,0,0,0,5063833,0,0,0,0,0
1786208308504|1019|mixed_15min_a_half_f2r_00002_67108864|fixed|46,1378943233,16777471,19821015,19558967,19608084,19558967,19608084,19558967,17721,17655,17653,17653,0,0,2256,0,544712512,543635144,4096,4096,0,0,17654,17654,1869967665,1869967646,1869967641,1869967654,0,0,0,0,0,0,0,0,4096,256,131072,4,15|4,0,67108864,262144,256,0,0,0,0,276,0,264,0,69,66,0,1,276,0|120,2601063766,1,17514912,0,0,0,0,0,19687606,0,66,0,962298290,0,962298290,0,2080,953366584,0,13648812,0,0,0,0,0
1786208308504|1019|mixed_15min_a_half_f2r_00002_67108864|rotating|46,1378943233,33558272,20003355,19739377,214813,0,214813,0,4552,0,2276,0,0,0,17815,17815,14541216,14541216,4096,4096,0,0,2276,2276,1851263639,1851263639,1851263647,1851263647,0,0,0,0,0,0,0,0,4096,256,131072,4,15|4,0,67108864,262144,256,0,0,0,0,280,0,268,0,70,67,0,1,280,0|120,1912477392,1,0,0,17563648,0,17563648,0,53916,0,0,67,0,0,0,0,0,0,0,5110626,0,0,0,0,0
1786208313516|1019|mixed_15min_a_half_f2r_00002_67108864|fixed|48,1378943233,16777471,26473472,26123549,26189188,26123549,26189188,26123549,23664,23576,23574,23574,0,0,3012,0,727423956,725987544,4096,4096,0,0,23575,23575,2190832465,2190832478,2190832473,2190832454,0,0,0,0,0,0,0,0,4096,256,131072,4,15|4,0,67108864,262144,256,0,0,0,0,364,0,352,0,91,88,0,1,364,0|122,2918993104,1,23297888,0,0,0,0,0,26190788,0,88,0,1278781884,0,1278781884,0,2080,1268119814,0,16520058,0,0,0,0,0
1786208313516|1019|mixed_15min_a_half_f2r_00002_67108864|rotating|48,1378943233,33558272,26580122,26229049,285411,0,285411,0,6048,0,3024,0,0,0,23670,23670,19320144,19320144,4096,4096,0,0,3024,3024,2168404304,2168404304,2168404312,2168404312,0,0,0,0,0,0,0,0,4096,256,131072,4,15|4,0,67108864,262144,256,0,0,0,0,368,0,356,0,92,89,0,1,368,0|122,2229957695,1,0,0,23330816,0,23330816,0,71589,0,0,89,0,0,0,0,0,0,0,5161492,0,0,0,0,0
1786208318528|1019|mixed_15min_a_half_f2r_00002_67108864|fixed|50,1378943233,16777471,33116190,32678428,32760557,32678428,32760557,32678428,29603,29493,29491,29491,0,0,3768,0,909988289,908192844,4096,4096,0,0,29492,29492,2511451946,2511451927,2511451954,2511451935,0,0,0,0,0,0,0,0,4096,256,131072,4,15|4,0,67108864,262144,256,0,0,0,0,456,0,444,0,114,111,0,1,456,0|124,3240191810,1,29137504,0,0,0,0,0,32754461,0,111,0,1598520686,0,1598520686,0,2080,1586004120,0,19523018,0,0,0,0,0
1786208318528|1019|mixed_15min_a_half_f2r_00002_67108864|rotating|50,1378943233,33558272,33228667,32788873,356956,0,356956,0,7564,0,3782,0,0,0,29591,29591,24162992,24162992,4096,4096,0,0,3782,3782,2489647224,2489647224,2489647232,2489647232,0,0,0,0,0,0,0,0,4096,256,131072,4,15|4,0,67108864,262144,256,0,0,0,0,456,0,444,0,114,111,0,1,456,0|124,2550124938,1,0,0,29097984,0,29097984,0,89404,0,0,111,0,0,0,0,0,0,0,5208654,0,0,0,0,0
1786208323538|1019|mixed_15min_a_half_f2r_00002_67108864|fixed|52,1378943233,16777471,39767677,39241366,39340501,39241366,39340501,39241366,35547,35414,35412,35412,0,0,4526,0,1092696107,1090525296,4096,4096,0,0,35413,35413,2832438941,2832438954,2832438949,2832438930,0,0,0,0,0,0,0,0,4096,256,131072,4,15|4,0,67108864,262144,256,0,0,0,0,544,0,532,0,136,133,0,1,544,0|126,3561102553,1,34975808,0,0,0,0,0,39318741,0,133,0,1917971853,0,1917971853,0,2080,1903735557,0,22395509,0,0,0,0,0
1786208323538|1019|mixed_15min_a_half_f2r_00002_67108864|rotating|52,1378943233,33558272,39903477,39375716,428595,0,428595,0,9082,0,4541,0,0,0,35533,35533,29012208,29012208,4096,4096,0,0,4541,4541,2811516578,2811516578,2811516586,2811516586,0,0,0,0,0,0,0,0,4096,256,131072,4,15|4,0,67108864,262144,256,0,0,0,0,544,0,532,0,136,133,0,1,544,0|126,2872744737,1,0,0,34865152,0,34865152,0,107360,0,0,133,0,0,0,0,0,0,0,5251782,0,0,0,0,0
1786208328546|1019|mixed_15min_a_half_f2r_00002_67108864|fixed|54,1378943233,16777471,46410098,45796073,45911661,45796073,45911661,45796073,41482,41327,41325,41325,0,0,5281,0,1275136315,1272606462,4096,4096,0,0,41326,41326,3152842427,3152842440,3152842435,3152842448,0,0,0,0,0,0,0,0,4096,256,131072,4,15|4,0,67108864,262144,256,0,0,0,0,632,0,620,0,158,155,0,1,632,0|128,3881993562,1,40806208,0,0,0,0,0,45883351,0,155,0,2237405262,0,2237405262,0,2080,2221447815,0,25267724,0,0,0,0,0
1786208328546|1019|mixed_15min_a_half_f2r_00002_67108864|rotating|54,1378943233,33558272,46546313,45930738,499945,0,499945,0,10594,0,5297,0,0,0,41446,41446,33842176,33842176,4096,4096,0,0,5297,5297,3132096352,3132096352,3132096360,3132096360,0,0,0,0,0,0,0,0,4096,256,131072,4,15|5,0,67108864,262144,256,0,0,0,0,636,0,624,0,159,156,0,1,636,0|128,3193509023,1,0,0,40894464,0,40894464,0,125222,0,0,156,0,0,0,0,0,0,0,5300935,0,0,0,0,0
1786208333560|1019|mixed_15min_a_half_f2r_00002_67108864|fixed|56,1378943233,16777471,53058932,52356983,52489047,52356983,52489047,52356983,47422,47246,47243,47243,0,0,6038,0,1457747646,1454858753,4096,4096,0,0,47244,47244,3473537284,3473537297,3473537292,3473537305,0,0,0,0,0,0,0,0,4096,256,131072,4,15|4,0,67108864,262144,256,0,0,0,0,720,0,708,0,180,177,0,1,720,0|130,4202040211,1,46628704,0,0,0,0,0,52430596,0,177,0,2555996287,0,2555996287,0,2080,2538315691,0,28140240,0,0,0,0,0
1786208333560|1019|mixed_15min_a_half_f2r_00002_67108864|rotating|56,1378943233,33558272,53194765,52490597,571391,0,571391,0,12108,0,6054,0,0,0,47364,47364,38678632,38678632,4096,4096,0,0,6054,6054,3452909650,3452909650,3452909658,3452909658,0,0,0,0,0,0,0,0,4096,256,131072,4,15|4,0,67108864,262144,256,0,0,0,0,724,0,712,0,181,178,0,1,724,0|130,3514654233,1,0,0,46661632,0,46661632,0,143084,0,0,178,0,0,0,0,0,0,0,5341037,0,0,0,0,0
1786208338570|1019|mixed_15min_a_half_f2r_00002_67108864|fixed|58,1378943233,16777471,59710443,58920731,59069209,58920731,59069209,58920731,53366,53168,53165,53165,0,0,6794,0,1640464984,1637217056,4096,4096,0,0,53166,53166,3794424545,3794424558,3794424553,3794424534,0,0,0,0,0,0,0,0,4096,256,131072,4,15|4,0,67108864,262144,256,0,0,0,0,812,0,800,0,203,200,0,1,812,0|132,229269651,2,52484128,0,0,0,0,0,59017799,0,200,0,2876729167,0,2876729167,0,2080,2857196712,0,31143957,0,0,0,0,0
1786208338570|1019|mixed_15min_a_half_f2r_00002_67108864|rotating|58,1378943233,33558272,59857403,59065394,642842,0,642842,0,13622,0,6811,0,0,0,53296,53296,43515112,43515112,4096,4096,0,0,6811,6811,3773920121,3773920121,3773920129,3773920129,0,0,0,0,0,0,0,0,4096,256,131072,4,15|4,0,67108864,262144,256,0,0,0,0,812,0,800,0,203,200,0,1,812,0|132,3835164277,1,0,0,52428800,0,52428800,0,160923,0,0,200,0,0,0,0,0,0,0,5387503,0,0,0,0,0
1786208343581|1019|mixed_15min_a_half_f2r_00002_67108864|fixed|60,1378943233,16777471,66352866,65474453,65640184,65474453,65640184,65474453,59301,59080,59077,59077,0,0,7551,0,1822899975,1819276682,4096,4096,0,0,59078,59078,4114934623,4114934636,4114934631,4114934644,0,0,0,0,0,0,0,0,4096,256,131072,4,15|4,0,67108864,262144,256,0,0,0,0,900,0,888,0,225,222,0,1,900,0|134,549027167,2,58304052,0,0,0,0,0,65558730,0,222,0,3195031702,0,3195031702,0,2080,3173775286,0,34016642,0,0,0,0,0
1786208343581|1019|mixed_15min_a_half_f2r_00002_67108864|rotating|60,1378943233,33558272,66490196,65610347,714102,0,714102,0,15132,0,7566,0,0,0,59200,59200,48338752,48338752,4096,4096,0,0,7566,7566,4094070597,4094070597,4094070605,4094070605,0,0,0,0,0,0,0,0,4096,256,131072,4,15|4,0,67108864,262144,256,0,0,0,0,900,0,888,0,225,222,0,1,900,0|134,4155321543,1,0,0,58195968,0,58195968,0,178737,0,0,222,0,0,0,0,0,0,0,5429928,0,0,0,0,0
1786208348592|1019|mixed_15min_a_half_f2r_00002_67108864|fixed|62,1378943233,16777471,73005067,72038854,72221029,72038854,72221029,72038854,65247,65002,64999,64999,0,0,8307,0,2005611251,2001628918,4096,4096,0,0,65000,65000,140844546,140844551,140844554,140844559,0,0,0,0,0,0,0,0,4096,256,131072,4,15|4,0,67108864,262144,256,0,0,0,0,988,0,976,0,247,244,0,1,988,0|136,869869652,2,64137024,0,0,0,0,0,72122463,0,244,0,3514415944,0,3514415944,0,2080,3491439964,0,36887913,0,0,0,0,0
1786208348592|1019|mixed_15min_a_half_f2r_00002_67108864|rotating|62,1378943233,33558272,73140624,72172968,785453,0,785453,0,16644,0,8322,0,0,0,65119,65119,53168728,53168728,4096,4096,0,0,8322,8322,119682132,119682132,119682140,119682140,0,0,0,0,0,0,0,0,4096,256,131072,4,15|5,0,67108864,262144,256,0,0,0,0,992,0,980,0,248,245,0,1,992,0|136,181710960,2,0,0,64225280,0,64225280,0,196622,0,0,245,0,0,0,0,0,0,0,5483760,0,0,0,0,0
1786208362033|1021|mixed_15min_a_half_f2r_00004_16777216|fixed|68,1378943233,16777471,6120503,6035811,6050564,6035811,6050564,6035811,5831,5809,5808,5808,0,0,741,0,179287859,178947006,4096,4096,0,0,5809,5809,1000917736,1000917749,1000917744,1000917757,0,0,0,0,0,0,0,0,4096,256,131072,4,15|4,0,16777216,262144,64,0,0,0,0,100,0,88,0,25,22,0,1,100,0|150,1729619720,2,5798784,0,0,0,0,0,6107339,0,22,0,321218416,0,321218416,0,2080,315348260,0,8367534,0,0,0,0,0
1786208362033|1021|mixed_15min_a_half_f2r_00004_16777216|rotating|68,1378943233,33558272,6226370,6139680,71260,0,71260,0,1510,0,755,0,0,0,5908,5908,4823656,4823656,4096,4096,0,0,755,755,979170199,979170199,979170207,979170207,0,0,0,0,0,0,0,0,4096,256,131072,4,15|4,0,16777216,262144,64,0,0,0,0,100,0,88,0,25,22,0,1,100,0|150,1040413706,2,0,0,5767168,0,5767168,0,18028,0,0,22,0,0,0,0,0,0,0,5487547,0,0,0,0,0
1786208367045|1021|mixed_15min_a_half_f2r_00004_16777216|fixed|70,1378943233,16777471,12355211,12182931,12213826,12182931,12213826,12182931,11772,11727,11726,11726,0,0,1498,0,361956705,361238796,4096,4096,0,0,11727,11727,1321730593,1321730566,1321730601,1321730582,0,0,0,0,0,0,0,0,4096,256,131072,4,15|4,0,16777216,262144,64,0,0,0,0,188,0,176,0,47,44,0,1,188,0|152,2050469827,2,11629184,0,0,0,0,0,12258120,0,44,0,640610923,0,640610923,0,2080,633014277,0,11245088,0,0,0,0,0
1786208367045|1021|mixed_15min_a_half_f2r_00004_16777216|rotating|70,1378943233,33558272,12480316,12306703,142805,0,142805,0,3026,0,1513,0,0,0,11845,11845,9666488,9666488,4096,4096,0,0,1513,1513,1300614863,1300614863,1300614871,1300614871,0,0,0,0,0,0,0,0,4096,256,131072,4,15|4,0,16777216,262144,64,0,0,0,0,188,0,176,0,47,44,0,1,188,0|152,1361807366,2,0,0,11534336,0,11534336,0,35913,0,0,44,0,0,0,0,0,0,0,5529692,0,0,0,0,0
1786208377619|1022|mixed_15min_a_half_f2r_00005_67108864|fixed|74,1378943233,16781056,6135290,6051772,6065632,6051772,6065632,6051772,5805,5783,5783,5783,0,0,738,0,178508888,178166384,4096,4096,0,0,5783,5783,1998452856,1998453181,1998452864,1998453189,0,0,0,0,0,0,0,0,4096,256,131072,4,15|4,0,67108864,262144,256,0,0,0,0,100,0,88,0,25,22,0,1,100,0|160,2728165032,2,5790880,0,0,0,0,0,6142726,0,22,0,321888322,0,321888322,0,2080,314984598,0,9777130,0,0,0,0,0
1786208377619|1022|mixed_15min_a_half_f2r_00005_67108864|rotating|74,1378943233,33558272,6276845,6191099,71355,0,71355,0,1512,0,756,0,0,0,5916,5916,4830056,4830056,4096,4096,0,0,756,756,1978509291,1978509291,1978509299,1978509299,0,0,0,0,0,0,0,0,4096,256,131072,4,15|4,0,67108864,262144,256,0,0,0,0,100,0,88,0,25,22,0,1,100,0|160,2039647277,2,0,0,5767168,0,5767168,0,18028,0,0,22,0,0,0,0,0,0,0,6895681,0,0,0,0,0
1786208382626|1022|mixed_15min_a_half_f2r_00005_67108864|fixed|76,1378943233,16777471,12412571,12242711,12271565,12242711,12271565,12242711,11743,11699,11697,11697,0,0,1494,0,361083220,360381824,4096,4096,0,0,11698,11698,2318964055,2318964060,2318964063,2318964052,0,0,0,0,0,0,0,0,4096,256,131072,4,15|4,0,67108864,262144,256,0,0,0,0,188,0,176,0,47,44,0,1,188,0|162,3047941675,2,11605472,0,0,0,0,0,12319197,0,44,0,640211317,0,640211317,0,2080,631587042,0,12645351,0,0,0,0,0
1786208382626|1022|mixed_15min_a_half_f2r_00005_67108864|rotating|76,1378943233,33558272,12526394,12354453,142333,0,142333,0,3016,0,1508,0,0,0,11804,11804,9634544,9634544,4096,4096,0,0,1508,1508,2297365977,2297365977,2297365985,2297365985,0,0,0,0,0,0,0,0,4096,256,131072,4,15|4,0,67108864,262144,256,0,0,0,0,188,0,176,0,47,44,0,1,188,0|162,2357758275,2,0,0,11534336,0,11534336,0,35748,0,0,44,0,0,0,0,0,0,0,6940432,0,0,0,0,0
1786208387635|1022|mixed_15min_a_half_f2r_00005_67108864|fixed|78,1378943233,16777471,18693057,18435564,18480601,18435564,18480601,18435564,17681,17614,17612,17612,0,0,2251,0,543664879,542587242,4096,4096,0,0,17613,17613,2639596691,2639596712,2639596699,2639596720,0,0,0,0,0,0,0,0,4096,256,131072,4,15|4,0,67108864,262144,256,0,0,0,0,276,0,264,0,69,66,0,1,276,0|164,3369114702,2,17443776,0,0,0,0,0,18525412,0,66,0,959924768,0,959924768,0,2080,949597903,0,15500702,0,0,0,0,0
1786208387635|1022|mixed_15min_a_half_f2r_00005_67108864|rotating|78,1378943233,33558272,18850419,18591342,214157,0,214157,0,4538,0,2269,0,0,0,17761,17761,14496472,14496472,4096,4096,0,0,2269,2269,2620077725,2620077725,2620077733,2620077733,0,0,0,0,0,0,0,0,4096,256,131072,4,15|5,0,67108864,262144,256,0,0,0,0,280,0,268,0,70,67,0,1,280,0|164,2682022740,2,0,0,17563648,0,17563648,0,53798,0,0,67,0,0,0,0,0,0,0,6983465,0,0,0,0,0
1786208392637|1022|mixed_15min_a_half_f2r_00005_67108864|fixed|80,1378943233,16781056,24965947,24623147,24682229,24623147,24682229,24623147,23612,23523,23522,23522,0,0,3006,0,726076848,724639520,4096,4096,0,0,23522,23522,2959799452,2959799801,2959799460,2959799809,0,0,0,0,0,0,0,0,4096,256,131072,4,15|4,0,67108864,262144,256,0,0,0,0,364,0,352,0,91,88,0,1,364,0|166,3687972221,2,23242560,0,0,0,0,0,24685700,0,88,0,1277332591,0,1277332591,0,2080,1265289573,0,18361131,0,0,0,0,0
1786208392637|1022|mixed_15min_a_half_f2r_00005_67108864|rotating|80,1378943233,33558272,25067068,24723104,284849,0,284849,0,6036,0,3018,0,0,0,23617,23617,19281784,19281784,4096,4096,0,0,3018,3018,2937637346,2937637346,2937637354,2937637354,0,0,0,0,0,0,0,0,4096,256,131072,4,15|4,0,67108864,262144,256,0,0,0,0,368,0,356,0,92,89,0,1,368,0|166,2998767924,2,0,0,23330816,0,23330816,0,71423,0,0,89,0,0,0,0,0,0,0,7032531,0,0,0,0,0
1786208397652|1022|mixed_15min_a_half_f2r_00005_67108864|fixed|82,1378943233,16781056,31252861,30822282,30897789,30822282,30897789,30822282,29556,29445,29444,29444,0,0,3762,0,908876584,907081568,4096,4096,0,0,29444,29444,3280687463,3280687788,3280687471,3280687796,0,0,0,0,0,0,0,0,4096,256,131072,4,15|4,0,67108864,262144,256,0,0,0,0,452,0,440,0,113,110,0,1,452,0|168,4009622056,2,29096672,0,0,0,0,0,30899464,0,110,0,1597518898,0,1597518898,0,2080,1583773899,0,21219267,0,0,0,0,0
1786208397652|1022|mixed_15min_a_half_f2r_00005_67108864|rotating|82,1378943233,33558272,31365309,30932733,356388,0,356388,0,7552,0,3776,0,0,0,29549,29549,24124624,24124624,4096,4096,0,0,3776,3776,3258866734,3258866734,3258866742,3258866742,0,0,0,0,0,0,0,0,4096,256,131072,4,15|4,0,67108864,262144,256,0,0,0,0,456,0,444,0,114,111,0,1,456,0|168,3320154419,2,0,0,29097984,0,29097984,0,89310,0,0,111,0,0,0,0,0,0,0,7075986,0,0,0,0,0
1786208402660|1022|mixed_15min_a_half_f2r_00005_67108864|fixed|84,1378943233,16777471,37531452,37014507,37105033,37014507,37105033,37014507,35493,35360,35358,35358,0,0,4518,0,1091436184,1089281483,4096,4096,0,0,35359,35359,3601183735,3601183748,3601183743,3601183756,0,0,0,0,0,0,0,0,4096,256,131072,4,15|4,0,67108864,262144,256,0,0,0,0,544,0,532,0,136,133,0,1,544,0|170,35524822,3,34928384,0,0,0,0,0,37096053,0,133,0,1916931032,0,1916931032,0,2080,1901330332,0,24221735,0,0,0,0,0
1786208402660|1022|mixed_15min_a_half_f2r_00005_67108864|rotating|84,1378943233,33558272,37655526,37136425,427934,0,427934,0,9068,0,4534,0,0,0,35475,35475,28967480,28967480,4096,4096,0,0,4534,4534,3580304992,3580304992,3580305000,3580305000,0,0,0,0,0,0,0,0,4096,256,131072,4,15|4,0,67108864,262144,256,0,0,0,0,544,0,532,0,136,133,0,1,544,0|170,3642044550,2,0,0,34865152,0,34865152,0,107219,0,0,133,0,0,0,0,0,0,0,7120988,0,0,0,0,0
1786208407663|1022|mixed_15min_a_half_f2r_00005_67108864|fixed|86,1378943233,16777471,43803200,43198868,43305426,43198868,43305426,43198868,41423,41267,41265,41265,0,0,5274,0,1273788682,1271257629,4096,4096,0,0,41266,41266,3921422302,3921422299,3921422310,3921422307,0,0,0,0,0,0,0,0,4096,256,131072,4,15|4,0,67108864,262144,256,0,0,0,0,632,0,620,0,158,155,0,1,632,0|172,356230353,3,40758784,0,0,0,0,0,43292401,0,155,0,2236178963,0,2236178963,0,2080,2218861105,0,27089957,0,0,0,0,0
1786208407663|1022|mixed_15min_a_half_f2r_00005_67108864|rotating|86,1378943233,33558272,43934942,43329203,499193,0,499193,0,10578,0,5289,0,0,0,41390,41389,33791136,33791136,4096,4096,0,0,5289,5289,3900451025,3900451025,3900451033,3900451033,0,0,0,0,0,0,0,0,4096,256,131072,4,15|4,0,67108864,262144,256,0,0,0,0,632,0,620,0,158,155,0,1,632,0|172,3962648373,2,0,0,40632320,0,40632320,0,125056,0,0,155,0,0,0,0,0,0,0,7167543,0,0,0,0,0
1786208412685|1022|mixed_15min_a_half_f2r_00005_67108864|fixed|88,1378943233,16777471,50098671,49407690,49529352,49407690,49529352,49407690,47376,47198,47196,47196,0,0,6032,0,1456865016,1453975496,4096,4096,0,0,47197,47197,4242792189,4242792186,4242792165,4242792162,0,0,0,0,0,0,0,0,4096,256,131072,4,15|4,0,67108864,262144,256,0,0,0,0,720,0,708,0,180,177,0,1,720,0|174,676629388,3,46589184,0,0,0,0,0,49481709,0,177,0,2555120398,0,2555120398,0,2080,2536095416,0,29948145,0,0,0,0,0
1786208412685|1022|mixed_15min_a_half_f2r_00005_67108864|rotating|88,1378943233,33558272,50224191,49531798,570730,0,570730,0,12094,0,6047,0,0,0,47315,47315,38633904,38633904,4096,4096,0,0,6047,6047,4221876314,4221876314,4221876322,4221876322,0,0,0,0,0,0,0,0,4096,256,131072,4,15|5,0,67108864,262144,256,0,0,0,0,724,0,712,0,181,178,0,1,724,0|174,4282978124,2,0,0,46661632,0,46661632,0,142895,0,0,178,0,0,0,0,0,0,0,7215546,0,0,0,0,0
1786208417688|1022|mixed_15min_a_half_f2r_00005_67108864|fixed|90,1378943233,16777471,56372593,55594528,55732015,55594528,55732015,55594528,53307,53107,53105,53105,0,0,6787,0,1639262932,1636013815,4096,4096,0,0,53106,53106,268024635,268024664,268024643,268024672,0,0,0,0,0,0,0,0,4096,256,131072,4,15|4,0,67108864,262144,256,0,0,0,0,808,0,796,0,202,199,0,1,808,0|176,996550515,3,52409024,0,0,0,0,0,55662781,0,199,0,2873586565,0,2873586565,0,2080,2852840268,0,32818163,0,0,0,0,0
1786208417688|1022|mixed_15min_a_half_f2r_00005_67108864|rotating|90,1378943233,33558272,56482742,55702677,641894,0,641894,0,13602,0,6801,0,0,0,53209,53209,43451176,43451176,4096,4096,0,0,6801,6801,246428239,246428239,246428255,246428255,0,0,0,0,0,0,0,0,4096,256,131072,4,15|4,0,67108864,262144,256,0,0,0,0,812,0,800,0,203,200,0,1,812,0|176,306806188,3,0,0,52428800,0,52428800,0,160639,0,0,200,0,0,0,0,0,0,0,7262202,0,0,0,0,0
1786208422693|1022|mixed_15min_a_half_f2r_00005_67108864|fixed|92,1378943233,16777471,62650904,61785325,61938978,61785325,61938978,61785325,59244,59022,59020,59020,0,0,7543,0,1821840955,1818233038,4096,4096,0,0,59021,59021,588530757,588530754,588530765,588530770,0,0,0,0,0,0,0,0,4096,256,131072,4,15|4,0,67108864,262144,256,0,0,0,0,900,0,888,0,225,222,0,1,900,0|178,1316686599,3,58227584,0,0,0,0,0,61843810,0,222,0,3192268009,0,3192268009,0,2080,3169673609,0,35810303,0,0,0,0,0
1786208422693|1022|mixed_15min_a_half_f2r_00005_67108864|rotating|92,1378943233,33558272,62749210,61881740,713060,0,713060,0,15110,0,7555,0,0,0,59113,59113,48268456,48268456,4096,4096,0,0,7555,7555,566140067,566140067,566140075,566140075,0,0,0,0,0,0,0,0,4096,256,131072,4,15|4,0,67108864,262144,256,0,0,0,0,900,0,888,0,225,222,0,1,900,0|178,627393329,3,0,0,58195968,0,58195968,0,178478,0,0,222,0,0,0,0,0,0,0,7305874,0,0,0,0,0
1786208427702|1022|mixed_15min_a_half_f2r_00005_67108864|fixed|94,1378943233,16777471,68919464,67966592,68136184,67966592,68136184,67966592,65178,64933,64931,64931,0,0,8299,0,2004300928,2000317371,4096,4096,0,0,64932,64932,908962750,908962731,908962758,908962747,0,0,0,0,0,0,0,0,4096,256,131072,4,15|4,0,67108864,262144,256,0,0,0,0,988,0,976,0,247,244,0,1,988,0|180,1637512927,3,64065888,0,0,0,0,0,68035759,0,244,0,3511634761,0,3511634761,0,2080,3487325957,0,38677468,0,0,0,0,0
1786208427702|1022|mixed_15min_a_half_f2r_00005_67108864|rotating|94,1378943233,33558272,69031028,68077041,784510,0,784510,0,16624,0,8312,0,0,0,65036,65036,53104888,53104888,4096,4096,0,0,8312,8312,887144561,887144561,887144569,887144569,0,0,0,0,0,0,0,0,4096,256,131072,4,15|4,0,67108864,262144,256,0,0,0,0,988,0,976,0,247,244,0,1,988,0|180,947709555,3,0,0,63963136,0,63963136,0,196293,0,0,244,0,0,0,0,0,0,0,7348907,0,0,0,0,0
1786208441026|1024|mixed_15min_a_half_f2r_00007_16777216|fixed|100,1378943233,16781056,6566069,6478993,6495471,6478993,6495471,6478993,5874,5852,5852,5852,0,0,748,0,180569312,180210272,4096,4096,0,0,5852,5852,1761728708,1761707281,1761728716,1761707289,0,0,0,0,0,0,0,0,4096,256,131072,4,15|4,0,16777216,262144,64,0,0,0,0,100,0,88,0,25,22,0,1,100,0|194,2491339568,3,5854112,0,0,0,0,0,6574211,0,22,0,324070995,0,324070995,0,2080,318585656,0,7900385,0,0,0,0,0
1786208441026|1024|mixed_15min_a_half_f2r_00007_16777216|rotating|100,1378943233,33558272,6694943,6606518,71924,0,71924,0,1524,0,762,0,0,0,5966,5966,4868376,4868376,4096,4096,0,0,762,762,1740659367,1740659367,1740659375,1740659375,0,0,0,0,0,0,0,0,4096,256,131072,4,15|4,0,16777216,262144,64,0,0,0,0,100,0,88,0,25,22,0,1,100,0|194,1801838061,3,0,0,5767168,0,5767168,0,18193,0,0,22,0,0,0,0,0,0,0,5012174,0,0,0,0,0
1786208446040|1024|mixed_15min_a_half_f2r_00007_16777216|fixed|102,1378943233,16777471,13214238,13039227,13072285,13039227,13072285,13039227,11821,11776,11775,11775,0,0,1504,0,363346068,362627736,4096,4096,0,0,11776,11776,2082847018,2082847031,2082847026,2082847007,0,0,0,0,0,0,0,0,4096,256,131072,4,15|4,0,16777216,262144,64,0,0,0,0,188,0,176,0,47,44,0,1,188,0|196,2811247463,3,11676608,0,0,0,0,0,13112435,0,44,0,642523266,0,642523266,0,2080,635318421,0,10769258,0,0,0,0,0
1786208446040|1024|mixed_15min_a_half_f2r_00007_16777216|rotating|102,1378943233,33558272,13322676,13146402,143183,0,143183,0,3034,0,1517,0,0,0,11872,11872,9692024,9692024,4096,4096,0,0,1517,1517,2060806020,2060806020,2060806028,2060806028,0,0,0,0,0,0,0,0,4096,256,131072,4,15|4,0,16777216,262144,64,0,0,0,0,188,0,176,0,47,44,0,1,188,0|196,2121722969,3,0,0,11534336,0,11534336,0,35983,0,0,44,0,0,0,0,0,0,0,5060177,0,0,0,0,0
1786208456496|1025|mixed_15min_a_half_f2r_00008_67108864|fixed|106,1378943233,16777471,6180364,6095009,6110144,6095009,6110144,6095009,5850,5828,5827,5827,0,0,744,0,179880620,179537271,4096,4096,0,0,5828,5828,2751867382,2751867371,2751867390,2751867379,0,0,0,0,0,0,0,0,4096,256,131072,4,15|4,0,67108864,262144,256,0,0,0,0,100,0,88,0,25,22,0,1,100,0|204,3481738620,3,5838304,0,0,0,0,0,6190057,0,22,0,323084625,0,323084625,0,2080,317537192,0,7985526,0,0,0,0,0
1786208456496|1025|mixed_15min_a_half_f2r_00008_67108864|rotating|106,1378943233,33558272,6339964,6252167,72018,0,72018,0,1526,0,763,0,0,0,5978,5978,4874760,4874760,4096,4096,0,0,763,763,2732537266,2732537266,2732537274,2732537274,0,0,0,0,0,0,0,0,4096,256,131072,4,15|4,0,67108864,262144,256,0,0,0,0,100,0,88,0,25,22,0,1,100,0|204,2793644741,3,0,0,5767168,0,5767168,0,18193,0,0,22,0,0,0,0,0,0,0,5131808,0,0,0,0,0
1786208461515|1025|mixed_15min_a_half_f2r_00008_67108864|fixed|108,1378943233,16781056,12465722,12292728,12323958,12292728,12323958,12292728,11799,11754,11754,11754,0,0,1502,0,362826728,362108592,4096,4096,0,0,11754,11754,3073100394,3073100719,3073100402,3073100727,0,0,0,0,0,0,0,0,4096,256,131072,4,15|4,0,67108864,262144,256,0,0,0,0,188,0,176,0,47,44,0,1,188,0|206,3801650353,3,11652896,0,0,0,0,0,12364767,0,44,0,641542710,0,641542710,0,2080,634300408,0,10828065,0,0,0,0,0
1786208461515|1025|mixed_15min_a_half_f2r_00008_67108864|rotating|108,1378943233,33558272,12571748,12397569,142900,0,142900,0,3028,0,1514,0,0,0,11854,11854,9672880,9672880,4096,4096,0,0,1514,1514,3050938524,3050938524,3050938532,3050938532,0,0,0,0,0,0,0,0,4096,256,131072,4,15|4,0,67108864,262144,256,0,0,0,0,188,0,176,0,47,44,0,1,188,0|206,3112317087,3,0,0,11534336,0,11534336,0,35936,0,0,44,0,0,0,0,0,0,0,5178277,0,0,0,0,0
1786208466520|1025|mixed_15min_a_half_f2r_00008_67108864|fixed|110,1378943233,16777471,18739233,18479287,18526113,18479287,18526113,18479287,17737,17669,17668,17668,0,0,2258,0,545397007,544319432,4096,4096,0,0,17669,17669,3393582658,3393582671,3393582666,3393582647,0,0,0,0,0,0,0,0,4096,256,131072,4,15|4,0,67108864,262144,256,0,0,0,0,276,0,264,0,69,66,0,1,276,0|208,4121906927,3,17483296,0,0,0,0,0,18546553,0,66,0,960341684,0,960341684,0,2080,951405938,0,13672573,0,0,0,0,0
1786208466520|1025|mixed_15min_a_half_f2r_00008_67108864|rotating|110,1378943233,33558272,18839311,18578349,214157,0,214157,0,4538,0,2269,0,0,0,17762,17762,14496472,14496472,4096,4096,0,0,2269,2269,3371060809,3371060809,3371060817,3371060817,0,0,0,0,0,0,0,0,4096,256,131072,4,15|4,0,67108864,262144,256,0,0,0,0,280,0,268,0,70,67,0,1,280,0|208,3432443134,3,0,0,17563648,0,17563648,0,53750,0,0,67,0,0,0,0,0,0,0,5222879,0,0,0,0,0
1786208471523|1025|mixed_15min_a_half_f2r_00008_67108864|fixed|112,1378943233,16781056,25003819,24657094,24719535,24657094,24719535,24657094,23666,23576,23576,23576,0,0,3012,0,727752296,726316288,4096,4096,0,0,23576,23576,3713659405,3713659746,3713659413,3713659754,0,0,0,0,0,0,0,0,4096,256,131072,4,15|4,0,67108864,262144,256,0,0,0,0,364,0,352,0,91,88,0,1,364,0|210,148017244,4,23321600,0,0,0,0,0,24743580,0,88,0,1279959721,0,1279959721,0,2080,1269340088,0,16509221,0,0,0,0,0
1786208471523|1025|mixed_15min_a_half_f2r_00008_67108864|rotating|112,1378943233,33558272,25124724,24775852,285695,0,285695,0,6054,0,3027,0,0,0,23690,23690,19339312,19339312,4096,4096,0,0,3027,3027,3692266056,3692266056,3692266072,3692266072,0,0,0,0,0,0,0,0,4096,256,131072,4,15|4,0,67108864,262144,256,0,0,0,0,368,0,356,0,92,89,0,1,368,0|210,3754483361,3,0,0,23330816,0,23330816,0,71684,0,0,89,0,0,0,0,0,0,0,5263211,0,0,0,0,0
1786208476528|1025|mixed_15min_a_half_f2r_00008_67108864|fixed|114,1378943233,16781056,31273358,30839660,30917725,30839660,30917725,30839660,29599,29487,29487,29487,0,0,3768,0,910215456,908420056,4096,4096,0,0,29487,29487,4033939735,4033940084,4033939751,4033940092,0,0,0,0,0,0,0,0,4096,256,131072,4,15|4,0,67108864,262144,256,0,0,0,0,456,0,444,0,114,111,0,1,456,0|212,467681368,4,29129600,0,0,0,0,0,30910872,0,111,0,1598171845,0,1598171845,0,2080,1585723203,0,19479906,0,0,0,0,0
1786208476528|1025|mixed_15min_a_half_f2r_00008_67108864|rotating|114,1378943233,33558272,31394387,30958627,357051,0,357051,0,7566,0,3783,0,0,0,29601,29601,24169392,24169392,4096,4096,0,0,3783,3783,4012815669,4012815669,4012815677,4012815677,0,0,0,0,0,0,0,0,4096,256,131072,4,15|4,0,67108864,262144,256,0,0,0,0,456,0,444,0,114,111,0,1,456,0|212,4073698873,3,0,0,29097984,0,29097984,0,89452,0,0,111,0,0,0,0,0,0,0,5312782,0,0,0,0,0
1786208481539|1025|mixed_15min_a_half_f2r_00008_67108864|fixed|116,1378943233,16777471,37549302,37027844,37122221,37027844,37122221,37027844,35539,35405,35404,35404,0,0,4525,0,1092860733,1090689824,4096,4096,0,0,35404,35404,59709353,59709702,59709361,59709710,0,0,0,0,0,0,0,0,4096,256,131072,4,15|4,0,67108864,262144,256,0,0,0,0,544,0,532,0,136,133,0,1,544,0|214,788474195,4,34967904,0,0,0,0,0,37103405,0,133,0,1917505096,0,1917505096,0,2080,1903358043,0,22331078,0,0,0,0,0
1786208481539|1025|mixed_15min_a_half_f2r_00008_67108864|rotating|116,1378943233,33558272,37673791,37150931,428406,0,428406,0,9078,0,4539,0,0,0,35521,35521,28999424,28999424,4096,4096,0,0,4539,4539,38407099,38407099,38407107,38407107,0,0,0,0,0,0,0,0,4096,256,131072,4,15|4,0,67108864,262144,256,0,0,0,0,544,0,532,0,136,133,0,1,544,0|214,99739500,4,0,0,34865152,0,34865152,0,107313,0,0,133,0,0,0,0,0,0,0,5359265,0,0,0,0,0
1786208486539|1025|mixed_15min_a_half_f2r_00008_67108864|fixed|118,1378943233,16777471,43818204,43210285,43319862,43210285,43319862,43210285,41468,41312,41310,41310,0,0,5280,0,1275187579,1272657752,4096,4096,0,0,41311,41311,379763297,379763334,379763305,379763326,0,0,0,0,0,0,0,0,4096,256,131072,4,15|4,0,67108864,262144,256,0,0,0,0,632,0,620,0,158,155,0,1,632,0|216,1109225578,4,40798304,0,0,0,0,0,43298974,0,155,0,2236798879,0,2236798879,0,2080,2220957602,0,25176366,0,0,0,0,0
1786208486539|1025|mixed_15min_a_half_f2r_00008_67108864|rotating|118,1378943233,33558272,43943452,43334164,499664,0,499664,0,10588,0,5294,0,0,0,41428,41428,33823032,33823032,4096,4096,0,0,5294,5294,358530149,358530149,358530157,358530157,0,0,0,0,0,0,0,0,4096,256,131072,4,15|4,0,67108864,262144,256,0,0,0,0,632,0,620,0,158,155,0,1,632,0|216,419493535,4,0,0,40632320,0,40632320,0,125103,0,0,155,0,0,0,0,0,0,0,5405087,0,0,0,0,0
1786208491547|1025|mixed_15min_a_half_f2r_00008_67108864|fixed|120,1378943233,16777471,50098048,49403476,49528446,49403476,49528446,49403476,47405,47227,47225,47225,0,0,6035,0,1457782825,1454893988,4096,4096,0,0,47226,47226,700272396,700272409,700272404,700272417,0,0,0,0,0,0,0,0,4096,256,131072,4,15|4,0,67108864,262144,256,0,0,0,0,720,0,708,0,180,177,0,1,720,0|218,1428972272,4,46612896,0,0,0,0,0,49476872,0,177,0,2555091925,0,2555091925,0,2080,2537554911,0,28019773,0,0,0,0,0
1786208491547|1025|mixed_15min_a_half_f2r_00008_67108864|rotating|120,1378943233,33558272,50220075,49524045,571012,0,571012,0,12100,0,6050,0,0,0,47340,47340,38653080,38653080,4096,4096,0,0,6050,6050,679081127,679081127,679081135,679081135,0,0,0,0,0,0,0,0,4096,256,131072,4,15|4,0,67108864,262144,256,0,0,0,0,724,0,712,0,181,178,0,1,724,0|218,741065151,4,0,0,46661632,0,46661632,0,143013,0,0,178,0,0,0,0,0,0,0,5459361,0,0,0,0,0
1786208496558|1025|mixed_15min_a_half_f2r_00008_67108864|fixed|122,1378943233,16781056,56376816,55595556,55735768,55595556,55735768,55595556,53345,53145,53144,53144,0,0,6792,0,1640468792,1637221272,4096,4096,0,0,53144,53144,1020937218,1020937559,1020937226,1020937567,0,0,0,0,0,0,0,0,4096,256,131072,4,15|4,0,67108864,262144,256,0,0,0,0,812,0,800,0,203,200,0,1,812,0|220,1750244601,4,52460416,0,0,0,0,0,55677202,0,200,0,2874902374,0,2874902374,0,2080,2855540191,0,30995103,0,0,0,0,0
1786208496558|1025|mixed_15min_a_half_f2r_00008_67108864|rotating|122,1378943233,33558272,56498820,55715490,642462,0,642462,0,13614,0,6807,0,0,0,53259,53259,43489528,43489528,4096,4096,0,0,6807,6807,999866650,999866650,999866658,999866658,0,0,0,0,0,0,0,0,4096,256,131072,4,15|4,0,67108864,262144,256,0,0,0,0,812,0,800,0,203,200,0,1,812,0|220,1060328426,4,0,0,52428800,0,52428800,0,160781,0,0,200,0,0,0,0,0,0,0,5495584,0,0,0,0,0
1786208501559|1025|mixed_15min_a_half_f2r_00008_67108864|fixed|124,1378943233,16777471,62648614,61779922,61936216,61779922,61936216,61779922,59277,59054,59052,59052,0,0,7548,0,1822859825,1819236140,4096,4096,0,0,59053,59053,1341230658,1341230631,1341230666,1341230639,0,0,0,0,0,0,0,0,4096,256,131072,4,15|4,0,67108864,262144,256,0,0,0,0,900,0,888,0,225,222,0,1,900,0|222,2070357319,4,58282912,0,0,0,0,0,61860808,0,222,0,3193559468,0,3193559468,0,2080,3172500395,0,33841360,0,0,0,0,0
1786208501559|1025|mixed_15min_a_half_f2r_00008_67108864|rotating|124,1378943233,33558272,62774640,61904644,713724,0,713724,0,15124,0,7562,0,0,0,59171,59171,48313176,48313176,4096,4096,0,0,7562,7562,1319990693,1319990693,1319990701,1319990701,0,0,0,0,0,0,0,0,4096,256,131072,4,15|4,0,67108864,262144,256,0,0,0,0,900,0,888,0,225,222,0,1,900,0|222,1380605050,4,0,0,58195968,0,58195968,0,178596,0,0,222,0,0,0,0,0,0,0,5543259,0,0,0,0,0
1786208506559|1025|mixed_15min_a_half_f2r_00008_67108864|fixed|126,1378943233,16777471,68914752,67959503,68131188,67959503,68131188,67959503,65202,64957,64955,64955,0,0,8302,0,2005057312,2001075116,4096,4096,0,0,64956,64956,1661056198,1661056179,1661056150,1661056187,0,0,0,0,0,0,0,0,4096,256,131072,4,15|4,0,67108864,262144,256,0,0,0,0,988,0,976,0,247,244,0,1,988,0|224,2389832661,4,64089600,0,0,0,0,0,68033565,0,244,0,3511583138,0,3511583138,0,2080,3488829202,0,36682196,0,0,0,0,0
1786208506559|1025|mixed_15min_a_half_f2r_00008_67108864|rotating|126,1378943233,33558272,69039939,68083237,784983,0,784983,0,16634,0,8317,0,0,0,65072,65072,53136824,53136824,4096,4096,0,0,8317,8317,1640109312,1640109312,1640109320,1640109320,0,0,0,0,0,0,0,0,4096,256,131072,4,15|4,0,67108864,262144,256,0,0,0,0,988,0,976,0,247,244,0,1,988,0|224,1701310911,4,0,0,63963136,0,63963136,0,196456,0,0,244,0,0,0,0,0,0,0,5585151,0,0,0,0,0
1786208519912|1027|mixed_15min_a_half_f2r_00010_16777216|fixed|132,1378943233,16781056,6148711,6064901,6078959,6064901,6078959,6064901,5815,5793,5793,5793,0,0,739,0,178818648,178475864,4096,4096,0,0,5793,5793,2515688085,2515688418,2515688093,2515688426,0,0,0,0,0,0,0,0,4096,256,131072,4,15|4,0,16777216,262144,64,0,0,0,0,100,0,88,0,25,22,0,1,100,0|238,3244390382,4,5782976,0,0,0,0,0,6136181,0,22,0,321442162,0,321442162,0,2080,314509090,0,9804653,0,0,0,0,0
1786208519912|1027|mixed_15min_a_half_f2r_00010_16777216|rotating|132,1378943233,33558272,6255771,6169726,71072,0,71072,0,1506,0,753,0,0,0,5893,5893,4810872,4810872,4096,4096,0,0,753,753,2493921636,2493921636,2493921644,2493921644,0,0,0,0,0,0,0,0,4096,256,131072,4,15|4,0,16777216,262144,64,0,0,0,0,100,0,88,0,25,22,0,1,100,0|238,2555859229,4,0,0,5767168,0,5767168,0,18004,0,0,22,0,0,0,0,0,0,0,6897012,0,0,0,0,0
1786208524920|1027|mixed_15min_a_half_f2r_00010_16777216|fixed|134,1378943233,16781056,12425700,12254303,12284504,12254303,12284504,12254303,11750,11705,11705,11705,0,0,1496,0,361310192,360593160,4096,4096,0,0,11705,11705,2836196977,2836197302,2836196985,2836197310,0,0,0,0,0,0,0,0,4096,256,131072,4,15|4,0,16777216,262144,64,0,0,0,0,188,0,176,0,47,44,0,1,188,0|240,3565802668,4,11629184,0,0,0,0,0,12345681,0,44,0,641392896,0,641392896,0,2080,632724640,0,12694295,0,0,0,0,0
1786208524920|1027|mixed_15min_a_half_f2r_00010_16777216|rotating|134,1378943233,33558272,12550166,12377368,142522,0,142522,0,3020,0,1510,0,0,0,11822,11822,9647304,9647304,4096,4096,0,0,1510,1510,2814948595,2814948595,2814948603,2814948603,0,0,0,0,0,0,0,0,4096,256,131072,4,15|4,0,16777216,262144,64,0,0,0,0,188,0,176,0,47,44,0,1,188,0|240,2876938463,4,0,0,11534336,0,11534336,0,35866,0,0,44,0,0,0,0,0,0,0,6937978,0,0,0,0,0
1786208535460|1028|mixed_15min_a_half_f2r_00011_67108864|fixed|138,1378943233,16777471,6548338,6462401,6478118,6462401,6478118,6462401,11686,11663,5831,5831,0,0,744,0,180015964,179672824,4096,4096,0,0,5832,5832,3510811194,3510811207,3510811202,3510811191,0,0,0,0,0,0,0,0,4096,256,131072,4,15|4,0,67108864,262144,256,0,0,0,0,100,0,88,0,25,22,0,1,100,0|248,4239278117,4,5814592,0,0,0,0,0,6533770,0,22,0,321831583,0,321831583,0,2080,316334428,0,7903690,0,0,0,0,0
1786208535460|1028|mixed_15min_a_half_f2r_00011_67108864|rotating|138,1378943233,33558272,6666289,6578316,71545,0,71545,1,1516,0,758,0,0,0,5936,5936,4842848,4842848,4096,4096,0,10,758,758,3489131826,3489131826,3489131834,3489131834,0,3196950551,0,3196950551,0,0,0,0,4096,256,131072,4,15|4,0,67108864,262144,256,0,0,0,0,100,0,88,0,25,22,0,1,100,0|248,3549455405,4,0,0,5767168,0,5767168,0,18051,0,0,22,0,0,0,0,0,0,0,5014502,0,0,0,0,0
1786208540469|1028|mixed_15min_a_half_f2r_00011_67108864|fixed|140,1378943233,16777471,13191906,13017204,13050236,13017204,13050236,13017204,23538,23492,11745,11745,0,0,1501,0,362617512,361898832,4096,4096,0,0,11746,11746,3831443732,3831443713,3831443708,3831443721,0,0,0,0,0,0,0,0,4096,256,131072,4,15|4,0,67108864,262144,256,0,0,0,0,188,0,176,0,47,44,0,1,188,0|250,265102041,5,11652896,0,0,0,0,0,13094615,0,44,0,641163227,0,641163227,0,2080,633945085,0,10777438,0,0,0,0,0
1786208540469|1028|mixed_15min_a_half_f2r_00011_67108864|rotating|140,1378943233,33558272,13310984,13135043,142900,0,142900,1,3028,0,1514,0,0,0,11852,11852,9672880,9672880,4096,4096,0,10,1514,1514,3809713131,3809713131,3809713139,3809713139,0,3196950551,0,3196950551,0,0,0,0,4096,256,131072,4,15|4,0,67108864,262144,256,0,0,0,0,188,0,176,0,47,44,0,1,188,0|250,3870263875,4,0,0,11534336,0,11534336,0,35889,0,0,44,0,0,0,0,0,0,0,5061653,0,0,0,0,0
1786208545481|1028|mixed_15min_a_half_f2r_00011_67108864|fixed|142,1378943233,16781056,19843063,19580394,19630038,19580394,19630038,19580394,35398,35330,17665,17665,0,0,2257,0,545353880,544276232,4096,4096,0,0,17665,17665,4152185551,4152185884,4152185559,4152185892,0,0,0,0,0,0,0,0,4096,256,131072,4,15|4,0,67108864,262144,256,0,0,0,0,276,0,264,0,69,66,0,1,276,0|252,586834408,5,17499104,0,0,0,0,0,19678508,0,66,0,961434042,0,961434042,0,2080,952498441,0,13649355,0,0,0,0,0
1786208545481|1028|mixed_15min_a_half_f2r_00011_67108864|rotating|142,1378943233,33558272,19975913,19711780,214437,0,214437,2,4544,0,2272,0,0,0,17783,17783,14515640,14515640,4096,4096,0,10,2272,2272,4131152151,4131152151,4131152159,4131152159,0,4015825644,0,4015825644,0,0,0,0,4096,256,131072,4,15|5,0,67108864,262144,256,0,0,0,0,280,0,268,0,70,67,0,1,280,0|252,4192673841,4,0,0,17563648,0,17563648,0,53845,0,0,67,0,0,0,0,0,0,0,5115590,0,0,0,0,0
1786208550493|1028|mixed_15min_a_half_f2r_00011_67108864|fixed|144,1378943233,16777471,26500881,26150154,26216407,26150154,26216407,26150154,47267,47177,23588,23588,0,0,3014,0,728210273,726773164,4096,4096,0,0,23589,23589,178193001,178192982,178193009,178192990,0,0,0,0,0,0,0,0,4096,256,131072,4,15|4,0,67108864,262144,256,0,0,0,0,364,0,352,0,91,88,0,1,364,0|254,907791681,5,23338720,0,0,0,0,0,26244525,0,89,0,1280931411,0,1280931411,0,2080,1270142714,0,16650915,0,0,0,0,0
1786208550493|1028|mixed_15min_a_half_f2r_00011_67108864|rotating|144,1378943233,33558272,26647115,26294081,286075,0,286075,2,6062,0,3031,0,0,0,23718,23718,19364880,19364880,4096,4096,0,10,3031,3031,157856146,157856146,157856154,157856154,0,4015825644,0,4015825644,0,0,0,0,4096,256,131072,4,15|4,0,67108864,262144,256,0,0,0,0,368,0,356,0,92,89,0,1,368,0|254,219134887,5,0,0,23330816,0,23330816,0,71731,0,0,89,0,0,0,0,0,0,0,5159741,0,0,0,0,0
1786208555505|1028|mixed_15min_a_half_f2r_00011_67108864|fixed|146,1378943233,16777471,33154276,32715751,32798361,32715751,32798361,32715751,59131,59018,29508,29508,0,0,3771,0,910978709,909182384,4096,4096,0,0,29509,29509,498996521,498996502,498996529,498996510,0,0,0,0,0,0,0,0,4096,256,131072,4,15|4,0,67108864,262144,256,0,0,0,0,456,0,444,0,114,111,0,1,456,0|256,1227202439,5,29145408,0,0,0,0,0,32781100,0,111,0,1598890497,0,1598890497,0,2080,1586374835,0,19523853,0,0,0,0,0
1786208555505|1028|mixed_15min_a_half_f2r_00011_67108864|rotating|146,1378943233,33558272,33258077,32817735,357051,0,357051,3,7566,0,3783,0,0,0,29600,29600,24169392,24169392,4096,4096,0,10,3783,3783,476717580,476717580,476717588,476717588,0,229931777,0,229931777,0,0,0,0,4096,256,131072,4,15|4,0,67108864,262144,256,0,0,0,0,456,0,444,0,114,111,0,1,456,0|256,537793285,5,0,0,29097984,0,29097984,0,89452,0,0,111,0,0,0,0,0,0,0,5204193,0,0,0,0,0
1786208560517|1028|mixed_15min_a_half_f2r_00011_67108864|fixed|148,1378943233,16781056,39803275,39276169,39376004,39276169,39376004,39276169,70986,70850,35425,35425,0,0,4527,0,1093640600,1091468976,4096,4096,0,0,35425,35425,819727498,819727831,819727506,819727839,0,0,0,0,0,0,0,0,4096,256,131072,4,15|4,0,67108864,262144,256,0,0,0,0,544,0,532,0,136,133,0,1,544,0|258,1548600915,5,34991616,0,0,0,0,0,39358287,0,133,0,1918827421,0,1918827421,0,2080,1904593931,0,22396139,0,0,0,0,0
1786208560517|1028|mixed_15min_a_half_f2r_00011_67108864|rotating|148,1378943233,33558272,39936970,39408419,428689,0,428689,3,9084,0,4542,0,0,0,35544,35544,29018584,29018584,4096,4096,0,10,4542,4542,798586721,798586721,798586729,798586729,0,229931777,0,229931777,0,0,0,0,4096,256,131072,4,15|4,0,67108864,262144,256,0,0,0,0,544,0,532,0,136,133,0,1,544,0|258,859945891,5,0,0,34865152,0,34865152,0,107383,0,0,133,0,0,0,0,0,0,0,5242639,0,0,0,0,0
1786208565528|1028|mixed_15min_a_half_f2r_00011_67108864|fixed|150,1378943233,16777471,46456440,45841286,45957719,45841286,45957719,45841286,82846,82689,41343,41343,0,0,5284,0,1276360210,1273829120,4096,4096,0,0,41344,41344,1140459267,1140459280,1140459275,1140459256,0,0,0,0,0,0,0,0,4096,256,131072,4,15|4,0,67108864,262144,256,0,0,0,0,632,0,620,0,158,155,0,1,632,0|260,1868832806,5,40814112,0,0,0,0,0,45912805,0,155,0,2237603688,0,2237603688,0,2076,2221646279,0,25269425,0,0,0,0,0
1786208565528|1028|mixed_15min_a_half_f2r_00011_67108864|rotating|150,1378943233,33558272,46562777,45946456,499852,0,499852,3,10592,0,5296,0,0,0,41438,41438,33835792,33835792,4096,4096,0,10,5296,5296,1118308052,1118308052,1118308060,1118308060,0,229931777,0,229931777,0,0,0,0,4096,256,131072,4,15|4,0,67108864,262144,256,0,0,0,0,636,0,624,0,159,156,0,1,636,0|260,1179347494,5,0,0,40894464,0,40894464,0,125174,0,0,156,0,0,0,0,0,0,0,5290549,0,0,0,0,0
1786208570537|1028|mixed_15min_a_half_f2r_00011_67108864|fixed|152,1378943233,16781056,53107490,52404615,52537415,52404615,52537415,52404615,94700,94521,47260,47260,0,0,6040,0,1459010720,1456120664,4096,4096,0,0,47260,47260,1461049845,1461050178,1461049853,1461050186,0,0,0,0,0,0,0,0,4096,256,131072,4,15|4,0,67108864,262144,256,0,0,0,0,720,0,708,0,180,177,0,1,720,0|262,2189359147,5,46644512,0,0,0,0,0,52474370,0,177,0,2556672429,0,2556672429,0,2080,2538993268,0,28142241,0,0,0,0,0
1786208570537|1028|mixed_15min_a_half_f2r_00011_67108864|rotating|152,1378943233,33558272,53210088,52505366,571202,0,571202,3,12104,0,6052,0,0,0,47351,47351,38665872,38665872,4096,4096,0,10,6052,6052,1438564616,1438564616,1438564624,1438564624,0,229931777,0,229931777,0,0,0,0,4096,256,131072,4,15|4,0,67108864,262144,256,0,0,0,0,724,0,712,0,181,178,0,1,724,0|262,1500857918,5,0,0,46661632,0,46661632,0,143061,0,0,178,0,0,0,0,0,0,0,5331587,0,0,0,0,0
1786208575542|1028|mixed_15min_a_half_f2r_00011_67108864|fixed|154,1378943233,16779144,59751613,58960899,59110285,58960899,59110285,58960899,106544,106343,53171,53171,0,0,6795,0,1641495112,1638245840,4096,4096,0,0,53171,53171,1781362646,1781362979,1781362654,1781362987,0,0,0,0,0,0,0,0,4096,256,131072,4,15|4,0,67108864,262144,256,0,0,0,0,812,0,800,0,203,200,0,1,812,0|264,2510829945,5,52484128,0,0,0,0,0,59051247,0,200,0,2876683323,0,2876683323,0,2080,2857147986,0,31146881,0,0,0,0,0
1786208575542|1028|mixed_15min_a_half_f2r_00011_67108864|rotating|154,1378943233,33558272,59878790,59085935,642747,0,642747,3,13620,0,6810,0,0,0,53284,53284,43508720,43508720,4096,4096,0,10,6810,6810,1760133046,1760133046,1760133054,1760133054,0,229931777,0,229931777,0,0,0,0,4096,256,131072,4,15|4,0,67108864,262144,256,0,0,0,0,812,0,800,0,203,200,0,1,812,0|264,1820915117,5,0,0,52428800,0,52428800,0,160876,0,0,200,0,0,0,0,0,0,0,5377637,0,0,0,0,0
1786208580546|1028|mixed_15min_a_half_f2r_00011_67108864|fixed|156,1378943233,16781056,66393238,65513954,65680556,65513954,65680556,65513954,118383,118159,59079,59079,0,0,7551,0,1823886888,1820262072,4096,4096,0,0,59079,59079,2101639661,2101639994,2101639669,2101640002,0,0,0,0,0,0,0,0,4096,256,131072,4,15|4,0,67108864,262144,256,0,0,0,0,900,0,888,0,225,222,0,1,900,0|266,2829823146,5,58290816,0,0,0,0,0,65580832,0,222,0,3194224852,0,3194224852,0,2080,3172962208,0,34020161,0,0,0,0,0
1786208580546|1028|mixed_15min_a_half_f2r_00011_67108864|rotating|156,1378943233,33558272,66499508,65619067,713818,0,713818,3,15126,0,7563,0,0,0,59173,59173,48319560,48319560,4096,4096,0,10,7563,7563,2079424581,2079424581,2079424589,2079424589,0,229931777,0,229931777,0,0,0,0,4096,256,131072,4,15|4,0,67108864,262144,256,0,0,0,0,900,0,888,0,225,222,0,1,900,0|266,2140427402,5,0,0,58195968,0,58195968,0,178643,0,0,222,0,0,0,0,0,0,0,5422494,0,0,0,0,0
1786208585553|1028|mixed_15min_a_half_f2r_00011_67108864|fixed|158,1378943233,16781056,73038458,72071460,72254515,72071460,72254515,72071460,130227,129981,64990,64990,0,0,8306,0,2006371280,2002387248,4096,4096,0,0,64990,64990,2421950884,2421951217,2421950892,2421951225,0,0,0,0,0,0,0,0,4096,256,131072,4,15|4,0,67108864,262144,256,0,0,0,0,988,0,976,0,247,244,0,1,988,0|268,3150680322,5,64121216,0,0,0,0,0,72149187,0,244,0,3513624428,0,3513624428,0,2080,3490640562,0,36892447,0,0,0,0,0
1786208585553|1028|mixed_15min_a_half_f2r_00011_67108864|rotating|158,1378943233,33558272,73152177,72183923,785172,0,785172,3,16638,0,8319,0,0,0,65091,65091,53149592,53149592,4096,4096,0,10,8319,8319,2400004434,2400004434,2400004442,2400004442,0,229931777,0,229931777,0,0,0,0,4096,256,131072,4,15|4,0,67108864,262144,256,0,0,0,0,988,0,976,0,247,244,0,1,988,0|268,2460522736,5,0,0,63963136,0,63963136,0,196456,0,0,244,0,0,0,0,0,0,0,5472332,0,0,0,0,0
1786208598850|1030|mixed_15min_a_half_f2r_00013_16777216|fixed|164,1378943233,16777471,6193752,6108385,6123438,6108385,6123438,6108385,5857,5835,5834,5834,0,0,745,0,180087599,179744242,4096,4096,0,0,5835,5835,3272987837,3272987858,3272987845,3272987866,0,0,0,0,0,0,0,0,4096,256,131072,4,15|4,0,16777216,262144,64,0,0,0,0,100,0,88,0,25,22,0,1,100,0|282,4002580620,5,5838304,0,0,0,0,0,6198008,0,22,0,323157367,0,323157367,0,2080,317623176,0,7975172,0,0,0,0,0
1786208598850|1030|mixed_15min_a_half_f2r_00013_16777216|rotating|164,1378943233,33558272,6323361,6235842,71829,0,71829,0,1522,0,761,0,0,0,5956,5956,4861992,4861992,4096,4096,0,0,761,761,3252434348,3252434348,3252434364,3252434364,0,0,0,0,0,0,0,0,4096,256,131072,4,15|4,0,16777216,262144,64,0,0,0,0,100,0,88,0,25,22,0,1,100,0|282,3313475614,5,0,0,5767168,0,5767168,0,18146,0,0,22,0,0,0,0,0,0,0,5124391,0,0,0,0,0
1786208603861|1030|mixed_15min_a_half_f2r_00013_16777216|fixed|166,1378943233,16777471,12478508,12305608,12336744,12305608,12336744,12305608,11800,11755,11754,11754,0,0,1502,0,362827656,362109264,4096,4096,0,0,11755,11755,3593870418,3593870415,3593870378,3593870391,0,0,0,0,0,0,0,0,4096,256,131072,4,15|4,0,16777216,262144,64,0,0,0,0,188,0,176,0,47,44,0,1,188,0|284,26963610,6,11644992,0,0,0,0,0,12368047,0,44,0,641055981,0,641055981,0,2080,633830468,0,10812467,0,0,0,0,0
1786208603861|1030|mixed_15min_a_half_f2r_00013_16777216|rotating|166,1378943233,33558272,12576079,12402124,142805,0,142805,0,3026,0,1513,0,0,0,11846,11846,9666488,9666488,4096,4096,0,0,1513,1513,3571260166,3571260166,3571260174,3571260174,0,0,0,0,0,0,0,0,4096,256,131072,4,15|5,0,16777216,262144,64,0,0,0,0,192,0,180,0,48,45,0,1,192,0|284,3637746181,5,0,0,11796480,0,11796480,0,36196,0,0,45,0,0,0,0,0,0,0,5165607,0,0,0,0,0
1786208614378|1031|mixed_15min_a_half_f2r_00014_16777216|fixed|170,1378943233,16777471,6127243,6042801,6057211,6042801,6057211,6042801,5837,5815,5815,5815,0,0,742,0,179488582,179147641,4096,4096,0,0,5815,5815,4267018345,4267018654,4267018353,4267018662,0,0,0,0,0,0,0,0,4096,256,131072,4,15|4,0,16777216,262144,64,0,0,0,0,100,0,88,0,25,22,0,1,100,0|292,700908929,6,5806688,0,0,0,0,0,6116752,0,22,0,321772464,0,321772464,0,2080,315845844,0,8425852,0,0,0,0,0
1786208614378|1031|mixed_15min_a_half_f2r_00014_16777216|rotating|170,1378943233,33558272,6253734,6167067,71545,0,71545,0,1516,0,758,0,0,0,5935,5935,4842848,4842848,4096,4096,0,0,758,758,4246219209,4246219209,4246219217,4246219217,0,0,0,0,0,0,0,0,4096,256,131072,4,15|4,0,16777216,262144,64,0,0,0,0,100,0,88,0,25,22,0,1,100,0|292,17761551,6,0,0,5767168,0,5767168,0,18380,0,0,22,0,0,0,0,0,0,0,5490605,0,0,0,0,0
1786208619383|1031|mixed_15min_a_half_f2r_00014_16777216|fixed|172,1378943233,16777471,12352903,12180888,12211518,12180888,12211518,12180888,11773,11728,11727,11727,0,0,1498,0,361986858,361268957,4096,4096,0,0,11728,11728,292571615,292571652,292571631,292571660,0,0,0,0,0,0,0,0,4096,256,131072,4,15|4,0,16777216,262144,64,0,0,0,0,188,0,176,0,47,44,0,1,188,0|294,1021561686,6,11637088,0,0,0,0,0,12260684,0,44,0,640967621,0,640967621,0,2080,633317556,0,11300361,0,0,0,0,0
1786208619383|1031|mixed_15min_a_half_f2r_00014_16777216|rotating|172,1378943233,33558272,12467509,12294250,142710,0,142710,0,3024,0,1512,0,0,0,11836,11836,9660088,9660088,4096,4096,0,0,1512,1512,270974467,270974467,270974475,270974475,0,0,0,0,0,0,0,0,4096,256,131072,4,15|4,0,16777216,262144,64,0,0,0,0,188,0,176,0,47,44,0,1,188,0|294,334296444,6,0,0,11534336,0,11534336,0,35988,0,0,44,0,0,0,0,0,0,0,5531643,0,0,0,0,0
1786208634729|1033|mixed_15min_a_half_f2r_00016_16777216|fixed|178,1378943233,16781056,6548380,6462555,6478254,6462555,6478254,6462555,11672,11650,5825,5825,0,0,743,0,179829400,179486512,4096,4096,0,0,5825,5825,1274370561,1274370894,1274370569,1274370902,0,0,0,0,0,0,0,0,4096,256,131072,4,15|4,0,16777216,262144,64,0,0,0,0,100,0,88,0,25,22,0,1,100,0|308,2003121338,6,5814592,0,0,0,0,0,6539466,0,22,0,321770606,0,321770606,0,2080,316276388,0,7900745,0,0,0,0,0
1786208634729|1033|mixed_15min_a_half_f2r_00016_16777216|rotating|178,1378943233,33558272,6695678,6607520,71735,0,71735,0,1520,0,760,0,0,0,5955,5955,4855616,4855616,4096,4096,0,0,760,760,1253893136,1253893136,1253893144,1253893144,0,0,0,0,0,0,0,0,4096,256,131072,4,15|4,0,16777216,262144,64,0,0,0,0,100,0,88,0,25,22,0,1,100,0|308,1315433459,6,0,0,5767168,0,5767168,0,18146,0,0,22,0,0,0,0,0,0,0,5007660,0,0,0,0,0
1786208639744|1033|mixed_15min_a_half_f2r_00016_16777216|fixed|180,1378943233,16777471,13208167,13033517,13066497,13033517,13066497,13033517,23545,23500,11750,11750,0,0,1501,0,362743195,362024430,4096,4096,0,0,11750,11750,1595556072,1595556405,1595556080,1595556413,0,0,0,0,0,0,0,0,4096,256,131072,4,15|4,0,16777216,262144,64,0,0,0,0,188,0,176,0,47,44,0,1,188,0|310,2323577684,6,11644992,0,0,0,0,0,13098674,0,44,0,640769352,0,640769352,0,2080,633557456,0,10769487,0,0,0,0,0
1786208639744|1033|mixed_15min_a_half_f2r_00016_16777216|rotating|180,1378943233,33558272,13337519,13161419,143088,0,143088,0,3032,0,1516,0,0,0,11865,11865,9685648,9685648,4096,4096,0,0,1516,1516,1574469446,1574469446,1574469454,1574469454,0,0,0,0,0,0,0,0,4096,256,131072,4,15|4,0,16777216,262144,64,0,0,0,0,188,0,176,0,47,44,0,1,188,0|310,1635262486,6,0,0,11534336,0,11534336,0,35959,0,0,44,0,0,0,0,0,0,0,5052117,0,0,0,0,0
1786208650789|1034|mixed_15min_a_half_f2r_00017_16777216|fixed|184,1378943233,16781056,6623891,6536555,6552819,6536555,6552819,6536555,5919,5896,5896,5896,0,0,753,0,181926976,181567936,4096,4096,0,0,5896,5896,2302246427,2302246760,2302246435,2302246768,0,0,0,0,0,0,0,0,4096,256,131072,4,15|4,0,16777216,262144,64,0,0,0,0,100,0,88,0,25,22,0,1,100,0|318,3032811539,6,5917344,0,0,0,0,0,6654305,0,22,0,327501595,0,327501595,0,2080,322027012,0,7903223,0,0,0,0,0
1786208650789|1034|mixed_15min_a_half_f2r_00017_16777216|rotating|184,1378943233,33558272,6798791,6709597,72867,0,72867,0,1544,0,772,0,0,0,6051,6051,4932240,4932240,4096,4096,0,0,772,772,2282986392,2282986392,2282986400,2282986400,0,0,0,0,0,0,0,0,4096,256,131072,4,15|4,0,16777216,262144,64,0,0,0,0,100,0,88,0,25,22,0,1,104,0|318,2344608680,6,0,0,6029312,0,6029312,0,18451,0,0,23,0,0,0,0,0,0,0,5016870,0,0,0,0,0
1786208655853|1034|mixed_15min_a_half_f2r_00017_16777216|fixed|186,1378943233,16781056,13399237,13222674,13255491,13222674,13255491,13222674,11973,11928,11928,11928,0,0,1523,0,368050368,367332288,4096,4096,0,0,11928,11928,2629055521,2629055854,2629055529,2629055862,0,0,0,0,0,0,0,0,4096,256,131072,4,15|4,0,16777216,262144,64,0,0,0,0,188,0,176,0,48,45,0,1,192,0|320,3356527923,6,11804384,0,0,0,0,0,13272972,0,45,0,649746219,0,649746219,0,2080,642429990,0,10903515,0,0,0,0,0
1786208655853|1034|mixed_15min_a_half_f2r_00017_16777216|rotating|186,1378943233,33558272,13511088,13332479,145067,0,145067,0,3074,0,1537,0,0,0,12027,12027,9819808,9819808,4096,4096,0,0,1537,1537,2607235044,2607235044,2607235052,2607235052,0,0,0,0,0,0,0,0,4096,256,131072,4,15|4,0,16777216,262144,64,0,0,0,0,192,0,180,0,48,45,0,1,192,0|320,2668154218,6,0,0,11796480,0,11796480,0,36456,0,0,45,0,0,0,0,0,0,0,5057695,0,0,0,0,0
1786208702866|1045|mixed_15min_a_half_r2f_00001_16777216|fixed|210,1378943233,16781056,6543596,6457854,70018,0,70018,0,1486,0,743,0,0,0,5822,5822,4746960,4746960,4096,4096,0,0,743,743,1340364563,1340364563,1340364571,1340364571,0,0,0,0,0,0,0,0,4096,256,131072,4,15|5,0,16777216,262144,64,0,0,0,0,100,0,88,0,25,22,0,1,100,0|388,2069659857,7,0,0,5767168,0,5767168,0,17740,0,0,22,0,0,0,0,0,0,0,5019414,0,0,0,0,0
1786208702866|1045|mixed_15min_a_half_r2f_00001_16777216|rotating|210,1378943233,33554687,6675433,6587559,6604001,6587559,6604001,6587559,11903,11881,5939,5939,0,0,758,0,183356260,182996792,4096,4096,0,0,5940,5940,1319786332,1319786345,1319786340,1319786321,0,0,0,0,0,0,0,0,4096,256,131072,4,15|4,0,16777216,262144,64,0,0,0,0,100,0,88,0,25,22,0,1,100,0|388,1380679894,7,5925248,0,0,0,0,0,6661518,0,22,0,327667091,0,327667091,0,2080,322229489,0,7869256,0,0,0,0,0
1786208707878|1045|mixed_15min_a_half_r2f_00001_16777216|fixed|212,1378943233,16781056,13195907,13021569,141354,0,141354,0,3000,0,1500,0,0,0,11739,11739,9583400,9583400,4096,4096,0,0,1500,1500,1661134553,1661134553,1661134561,1661134561,0,0,0,0,0,0,0,0,4096,256,131072,4,15|4,0,16777216,262144,64,0,0,0,0,188,0,176,0,47,44,0,1,188,0|390,2390281614,7,0,0,11534336,0,11534336,0,35574,0,0,44,0,0,0,0,0,0,0,5066933,0,0,0,0,0
1786208707878|1045|mixed_15min_a_half_r2f_00001_16777216|rotating|212,1378943233,33558272,13350728,13174763,13207770,13174763,13207770,13174763,23799,23755,11877,11877,0,0,1517,0,366666744,365948312,4096,4096,0,0,11877,11877,1641478944,1641479277,1641478952,1641479285,0,0,0,0,0,0,0,0,4096,256,131072,4,15|4,0,16777216,262144,64,0,0,0,0,188,0,176,0,47,44,0,1,188,0|390,1703257850,7,11789236,0,0,0,0,0,13266478,0,44,0,648779050,0,648779050,0,2080,641668356,0,10700414,0,0,0,0,0
1786208718420|1046|mixed_15min_a_half_r2f_00002_67108864|fixed|216,1378943233,16781056,6552416,6466609,70112,0,70112,0,1488,0,744,0,0,0,5833,5833,4753352,4753352,4096,4096,0,0,744,744,2335606314,2335606314,2335606322,2335606322,0,0,0,0,0,0,0,0,4096,256,131072,4,15|4,0,67108864,262144,256,0,0,0,0,100,0,88,0,25,22,0,1,100,0|398,3064380924,7,0,0,5767168,0,5767168,0,17740,0,0,22,0,0,0,0,0,0,0,5035797,0,0,0,0,0
1786208718420|1046|mixed_15min_a_half_r2f_00002_67108864|rotating|216,1378943233,33554687,6658472,6570730,6587134,6570730,6587134,6570730,5951,5928,5927,5927,0,0,757,0,182910127,182550842,4096,4096,0,0,5928,5928,2313979193,2313979198,2313979201,2313979206,0,0,0,0,0,0,0,0,4096,256,131072,4,15|4,0,67108864,262144,256,0,0,0,0,100,0,88,0,25,22,0,1,100,0|398,2374920584,7,5909440,0,0,0,0,0,6645426,0,22,0,327097821,0,327097821,0,2080,321658756,0,7867328,0,0,0,0,0
1786208723427|1046|mixed_15min_a_half_r2f_00002_67108864|fixed|218,1378943233,16781056,13192464,13018276,141449,0,141449,0,3002,0,1501,0,0,0,11744,11744,9589800,9589800,4096,4096,0,0,1501,1501,2656374092,2656374092,2656374100,2656374100,0,0,0,0,0,0,0,0,4096,256,131072,4,15|4,0,67108864,262144,256,0,0,0,0,188,0,176,0,47,44,0,1,188,0|400,3385125749,7,0,0,11534336,0,11534336,0,35574,0,0,44,0,0,0,0,0,0,0,5090091,0,0,0,0,0
1786208723427|1046|mixed_15min_a_half_r2f_00002_67108864|rotating|218,1378943233,33554687,13307300,13131933,13164720,13131933,13164720,13131933,11892,11847,11846,11846,0,0,1513,0,365527419,364809086,4096,4096,0,0,11847,11847,2634651122,2634651135,2634651130,2634651143,0,0,0,0,0,0,0,0,4096,256,131072,4,15|4,0,67108864,262144,256,0,0,0,0,188,0,176,0,47,44,0,1,188,0|400,2695031629,7,11731936,0,0,0,0,0,13195107,0,44,0,645753242,0,645753242,0,2080,638634490,0,10696382,0,0,0,0,0
1786208728442|1046|mixed_15min_a_half_r2f_00002_67108864|fixed|220,1378943233,16781056,19852032,19589975,212785,0,212785,0,4516,0,2258,0,0,0,17671,17671,14426232,14426232,4096,4096,0,0,2258,2258,2977340514,2977340514,2977340522,2977340522,0,0,0,0,0,0,0,0,4096,256,131072,4,15|4,0,67108864,262144,256,0,0,0,0,276,0,264,0,69,66,0,1,276,0|402,3706613725,7,0,0,17301504,0,17301504,0,53432,0,0,66,0,0,0,0,0,0,0,5130513,0,0,0,0,0
1786208728442|1046|mixed_15min_a_half_r2f_00002_67108864|rotating|220,1378943233,33558272,19987056,19723579,19772858,19723579,19772858,19723579,17859,17792,17792,17792,0,0,2273,0,548989952,547912832,4096,4096,0,0,17792,17792,2956771784,2956772117,2956771792,2956772125,0,0,0,0,0,0,0,0,4096,256,131072,4,15|4,0,67108864,262144,256,0,0,0,0,280,0,268,0,70,67,0,1,280,0|402,3019134291,7,17626880,0,0,0,0,0,19823904,0,67,0,968382168,0,968382168,0,2080,959466021,0,13654120,0,0,0,0,0
1786208733456|1046|mixed_15min_a_half_r2f_00002_67108864|fixed|222,1378943233,16781056,26499951,26150276,284029,0,284029,0,6028,0,3014,0,0,0,23590,23590,19256264,19256264,4096,4096,0,0,3014,3014,3297877090,3297877090,3297877098,3297877098,0,0,0,0,0,0,0,0,4096,256,131072,4,15|4,0,67108864,262144,256,0,0,0,0,368,0,356,0,92,89,0,1,368,0|404,4028128468,7,0,0,23330816,0,23330816,0,71312,0,0,89,0,0,0,0,0,0,0,5183159,0,0,0,0,0
1786208733456|1046|mixed_15min_a_half_r2f_00002_67108864|rotating|222,1378943233,33554687,26674677,26322401,26388766,26322401,26388766,26322401,23836,23746,23745,23745,0,0,3034,0,732701539,731248806,4096,4096,0,0,23746,23746,3279472259,3279472272,3279472267,3279472280,0,0,0,0,0,0,0,0,4096,256,131072,4,15|4,0,67108864,262144,256,0,0,0,0,368,0,356,0,92,89,0,1,368,0|404,3340840810,7,23480992,0,0,0,0,0,26405157,0,89,0,1288625159,0,1288625159,0,2080,1278036106,0,16483181,0,0,0,0,0
1786208738467|1046|mixed_15min_a_half_r2f_00002_67108864|fixed|224,1378943233,16781056,33150295,32712837,355361,0,355361,0,7542,0,3771,0,0,0,29509,29509,24092680,24092680,4096,4096,0,0,3771,3771,3618843489,3618843489,3618843497,3618843497,0,0,0,0,0,0,0,0,4096,256,131072,4,15|4,0,67108864,262144,256,0,0,0,0,456,0,444,0,114,111,0,1,456,0|406,52812997,8,0,0,29097984,0,29097984,0,89052,0,0,111,0,0,0,0,0,0,0,5221955,0,0,0,0,0
1786208738467|1046|mixed_15min_a_half_r2f_00002_67108864|rotating|224,1378943233,33554687,33280096,32840523,32923319,32840523,32923319,32840523,29738,29626,29625,29625,0,0,3786,0,914122469,912310704,4096,4096,0,0,29626,29626,3598058552,3598058533,3598058560,3598058541,0,0,0,0,0,0,0,0,4096,256,131072,4,15|4,0,67108864,262144,256,0,0,0,0,456,0,444,0,114,111,0,1,456,0|406,3658714956,7,29263968,0,0,0,0,0,32908748,0,111,0,1605053561,0,1605053561,0,2080,1592776231,0,19312340,0,0,0,0,0
1786208743471|1046|mixed_15min_a_half_r2f_00002_67108864|fixed|226,1378943233,16781056,39790820,39264933,426605,0,426605,0,9054,0,4527,0,0,0,35421,35421,28922736,28922736,4096,4096,0,0,4527,4527,3939181553,3939181553,3939181561,3939181561,0,0,0,0,0,0,0,0,4096,256,131072,4,15|4,0,67108864,262144,256,0,0,0,0,544,0,532,0,136,133,0,1,544,0|408,372717940,8,0,0,34865152,0,34865152,0,106839,0,0,133,0,0,0,0,0,0,0,5262177,0,0,0,0,0
1786208743471|1046|mixed_15min_a_half_r2f_00002_67108864|rotating|226,1378943233,33554687,39897484,39370435,39469748,39370435,39469748,39370435,35650,35516,35515,35515,0,0,4539,0,1095875572,1093704760,4096,4096,0,0,35516,35516,3917213416,3917213429,3917213424,3917213405,0,0,0,0,0,0,0,0,4096,256,131072,4,15|4,0,67108864,262144,256,0,0,0,0,544,0,532,0,136,133,0,1,544,0|408,3977978321,7,35070656,0,0,0,0,0,39440240,0,133,0,1922865254,0,1922865254,0,2080,1908904837,0,22141400,0,0,0,0,0
1786208748478|1046|mixed_15min_a_half_r2f_00002_67108864|fixed|228,1378943233,16781056,46435037,45821328,497846,0,497846,0,10566,0,5283,0,0,0,41336,41336,33752784,33752784,4096,4096,0,0,5283,5283,4259718143,4259718143,4259718151,4259718151,0,0,0,0,0,0,0,0,4096,256,131072,4,15|4,0,67108864,262144,256,0,0,0,0,632,0,620,0,158,155,0,1,632,0|410,693960066,8,0,0,40632320,0,40632320,0,124698,0,0,155,0,0,0,0,0,0,0,5299890,0,0,0,0,0
1786208748478|1046|mixed_15min_a_half_r2f_00002_67108864|rotating|228,1378943233,33554687,46564953,45949874,46065787,45949874,46065787,45949874,41608,41452,41451,41451,0,0,5297,0,1279030038,1276500192,4096,4096,0,0,41452,41452,4238815492,4238815505,4238815500,4238815481,0,0,0,0,0,0,0,0,4096,256,131072,4,15|4,0,67108864,262144,256,0,0,0,0,636,0,624,0,159,156,0,1,636,0|410,5306533,8,40926080,0,0,0,0,0,46030802,0,156,0,2243696906,0,2243696906,0,2080,2227930613,0,25099134,0,0,0,0,0
1786208753478|1046|mixed_15min_a_half_r2f_00002_67108864|fixed|230,1378943233,16781056,53071121,52369901,568996,0,568996,0,12076,0,6038,0,0,0,47243,47243,38576440,38576440,4096,4096,0,0,6038,6038,284857733,284857733,284857749,284857749,0,0,0,0,0,0,0,0,4096,256,131072,4,15|4,0,67108864,262144,256,0,0,0,0,720,0,708,0,180,177,0,1,720,0|412,1014187554,8,0,0,46399488,0,46399488,0,142484,0,0,177,0,0,0,0,0,0,0,5348217,0,0,0,0,0
1786208753478|1046|mixed_15min_a_half_r2f_00002_67108864|rotating|230,1378943233,33554687,53200748,52497412,52630341,52497412,52630341,52497412,47538,47359,47358,47358,0,0,6053,0,1461298113,1458392904,4096,4096,0,0,47359,47359,264027361,264027374,264027369,264027350,0,0,0,0,0,0,0,0,4096,256,131072,4,15|4,0,67108864,262144,256,0,0,0,0,724,0,712,0,181,178,0,1,724,0|412,325571921,8,46756480,0,0,0,0,0,52582972,0,178,0,2562504694,0,2562504694,0,2080,2545060402,0,27928197,0,0,0,0,0
1786208758480|1046|mixed_15min_a_half_r2f_00002_67108864|fixed|232,1378943233,16781056,59704072,58915355,640142,0,640142,0,13586,0,6793,0,0,0,53151,53151,43400032,43400032,4096,4096,0,0,6793,6793,604964519,604964519,604964527,604964527,0,0,0,0,0,0,0,0,4096,256,131072,4,15|5,0,67108864,262144,256,0,0,0,0,812,0,800,0,203,200,0,1,812,0|414,1333358725,8,0,0,52428800,0,52428800,0,160223,0,0,200,0,0,0,0,0,0,0,5392396,0,0,0,0,0
1786208758480|1046|mixed_15min_a_half_r2f_00002_67108864|rotating|232,1378943233,33554687,59807599,59017042,59166326,59017042,59166326,59017042,53445,53244,53243,53243,0,0,6805,0,1642870179,1639605926,4096,4096,0,0,53244,53244,582877986,582877999,582877994,582878007,0,0,0,0,0,0,0,0,4096,256,131072,4,15|4,0,67108864,262144,256,0,0,0,0,812,0,800,0,203,200,0,1,812,0|414,644266376,8,52547360,0,0,0,0,0,59099233,0,200,0,2879751429,0,2879751429,0,2080,2860620607,0,30757306,0,0,0,0,0
1786208763487|1046|mixed_15min_a_half_r2f_00002_67108864|fixed|234,1378943233,16781056,66365084,65487705,711571,0,711571,0,15102,0,7551,0,0,0,59081,59081,48242872,48242872,4096,4096,0,0,7551,7551,926162175,926162175,926162183,926162183,0,0,0,0,0,0,0,0,4096,256,131072,4,15|4,0,67108864,262144,256,0,0,0,0,900,0,888,0,225,222,0,1,900,0|416,1656010836,8,0,0,58195968,0,58195968,0,178152,0,0,222,0,0,0,0,0,0,0,5448207,0,0,0,0,0
1786208763487|1046|mixed_15min_a_half_r2f_00002_67108864|rotating|234,1378943233,33558272,66502121,65623307,65789134,65623307,65789134,65623307,59426,59203,59203,59203,0,0,7566,0,1826767768,1823144728,4096,4096,0,0,59203,59203,905754841,905755174,905754849,905755182,0,0,0,0,0,0,0,0,4096,256,131072,4,15|4,0,67108864,262144,256,0,0,0,0,900,0,888,0,225,222,0,1,900,0|416,966321816,8,58409376,0,0,0,0,0,65688175,0,222,0,3200341365,0,3200341365,0,2080,3179539235,0,33586466,0,0,0,0,0
1786208768498|1046|mixed_15min_a_half_r2f_00002_67108864|fixed|236,1378943233,16781056,72992020,72027205,782626,0,782626,0,16610,0,8305,0,0,0,64980,64980,53060184,53060184,4096,4096,0,0,8305,8305,1245839185,1245839185,1245839193,1245839193,0,0,0,0,0,0,0,0,4096,256,131072,4,15|4,0,67108864,262144,256,0,0,0,0,988,0,976,0,247,244,0,1,988,0|418,1974686552,8,0,0,63963136,0,63963136,0,195868,0,0,244,0,0,0,0,0,0,0,5498392,0,0,0,0,0
1786208768498|1046|mixed_15min_a_half_r2f_00002_67108864|rotating|236,1378943233,33554687,73109066,72142977,72325213,72142977,72325213,72142977,65330,65085,65084,65084,0,0,8318,0,2008235964,2004253639,4096,4096,0,0,65085,65085,1224434622,1224434603,1224434630,1224434611,0,0,0,0,0,0,0,0,4096,256,131072,4,15|4,0,67108864,262144,256,0,0,0,0,988,0,976,0,247,244,0,1,988,0|418,1285129959,8,64208160,0,0,0,0,0,72210405,0,244,0,3517699812,0,3517699812,0,2080,3495212925,0,36415499,0,0,0,0,0
1786208781923|1048|mixed_15min_a_half_r2f_00004_16777216|fixed|242,1378943233,16781056,6128251,6043660,69924,0,69924,0,1484,0,742,0,0,0,5816,5816,4740560,4740560,4096,4096,0,0,742,742,2104933515,2104933515,2104933523,2104933523,0,0,0,0,0,0,0,0,4096,256,131072,4,15|5,0,16777216,262144,64,0,0,0,0,100,0,88,0,25,22,0,1,100,0|432,2833812385,8,0,0,5767168,0,5767168,0,17692,0,0,22,0,0,0,0,0,0,0,5490269,0,0,0,0,0
1786208781923|1048|mixed_15min_a_half_r2f_00004_16777216|rotating|242,1378943233,33554687,6236738,6150123,6165495,6150123,6165495,6150123,5943,5920,5919,5919,0,0,756,0,182704559,182347354,4096,4096,0,0,5920,5920,2083706678,2083706691,2083706686,2083706699,0,0,0,0,0,0,0,0,4096,256,131072,4,15|4,0,16777216,262144,64,0,0,0,0,100,0,88,0,25,22,0,1,100,0|432,2144945407,8,5909440,0,0,0,0,0,6226222,0,22,0,327324836,0,327324836,0,2080,321494425,0,8353045,0,0,0,0,0
1786208786930|1048|mixed_15min_a_half_r2f_00004_16777216|fixed|244,1378943233,16781056,12362040,12190042,141259,0,141259,0,2998,0,1499,0,0,0,11732,11732,9577000,9577000,4096,4096,0,0,1499,1499,2425721258,2425721258,2425721266,2425721266,0,0,0,0,0,0,0,0,4096,256,131072,4,15|4,0,16777216,262144,64,0,0,0,0,188,0,176,0,47,44,0,1,188,0|434,3155838631,8,0,0,11534336,0,11534336,0,35598,0,0,44,0,0,0,0,0,0,0,5538210,0,0,0,0,0
1786208786930|1048|mixed_15min_a_half_r2f_00004_16777216|rotating|244,1378943233,33558272,12524270,12350602,12381217,12350602,12381217,12350602,11931,11888,11886,11886,0,0,1518,0,366887344,366171440,4096,4096,0,0,11886,11886,2406979471,2406979804,2406979479,2406979812,0,0,0,0,0,0,0,0,4096,256,131072,4,15|4,0,16777216,262144,64,0,0,0,0,188,0,176,0,47,44,0,1,188,0|434,2467820798,8,11779360,0,0,0,0,0,12418176,0,44,0,648732747,0,648732747,0,2080,641214830,0,11200100,0,0,0,0,0
1786208797535|1049|mixed_15min_a_half_r2f_00005_67108864|fixed|248,1378943233,16781056,6149299,6064344,69737,0,69737,0,1480,0,740,0,0,0,5797,5797,4727776,4727776,4096,4096,0,0,740,740,3104299100,3104299100,3104299108,3104299108,0,0,0,0,0,0,0,0,4096,256,131072,4,15|5,0,67108864,262144,256,0,0,0,0,100,0,88,0,25,22,0,1,100,0|442,3833581361,8,0,0,5767168,0,5767168,0,17669,0,0,22,0,0,0,0,0,0,0,6893841,0,0,0,0,0
1786208797535|1049|mixed_15min_a_half_r2f_00005_67108864|rotating|248,1378943233,33554687,6277298,6190064,6206055,6190064,6206055,6190064,5942,5919,5918,5918,0,0,756,0,182681995,182322598,4096,4096,0,0,5919,5919,3083881068,3083881065,3083881076,3083881073,0,0,0,0,0,0,0,0,4096,256,131072,4,15|4,0,67108864,262144,256,0,0,0,0,100,0,88,0,25,22,0,1,100,0|442,3145063773,8,5909440,0,0,0,0,0,6265596,0,22,0,328266500,0,328266500,0,2080,321388346,0,9778278,0,0,0,0,0
1786208802535|1049|mixed_15min_a_half_r2f_00005_67108864|fixed|250,1378943233,16781056,12414593,12241630,140976,0,140976,0,2992,0,1496,0,0,0,11704,11704,9557856,9557856,4096,4096,0,0,1496,1496,3424535876,3424535876,3424535884,3424535884,0,0,0,0,0,0,0,0,4096,256,131072,4,15|4,0,67108864,262144,256,0,0,0,0,188,0,176,0,47,44,0,1,188,0|444,4153692899,8,0,0,11534336,0,11534336,0,35456,0,0,44,0,0,0,0,0,0,0,6933076,0,0,0,0,0
1786208802535|1049|mixed_15min_a_half_r2f_00005_67108864|rotating|250,1378943233,33554687,12541779,12367620,12399387,12367620,12399387,12367620,11870,11826,11824,11824,0,0,1511,0,364985288,364268176,4096,4096,0,0,11825,11825,3403901079,3403901124,3403901087,3403901100,0,0,0,0,0,0,0,0,4096,256,131072,4,15|4,0,67108864,262144,256,0,0,0,0,188,0,176,0,47,44,0,1,188,0|444,3465927916,8,11742768,0,0,0,0,0,12459464,0,44,0,647672311,0,647672311,0,2080,639092624,0,12631328,0,0,0,0,0
1786208807549|1049|mixed_15min_a_half_r2f_00005_67108864|fixed|252,1378943233,16781056,18700252,18441498,212219,0,212219,0,4504,0,2252,0,0,0,17626,17626,14387912,14387912,4096,4096,0,0,2252,2252,3745223043,3745223043,3745223051,3745223051,0,0,0,0,0,0,0,0,4096,256,131072,4,15|4,0,67108864,262144,256,0,0,0,0,276,0,264,0,69,66,0,1,276,0|446,179888339,9,0,0,17301504,0,17301504,0,53314,0,0,66,0,0,0,0,0,0,0,6976414,0,0,0,0,0
1786208807549|1049|mixed_15min_a_half_r2f_00005_67108864|rotating|252,1378943233,33554687,18821881,18561823,18608245,18561823,18608245,18561823,17809,17743,17741,17741,0,0,2267,0,547639448,546563469,4096,4096,0,0,17742,17742,3724526679,3724526668,3724526655,3724526676,0,0,0,0,0,0,0,0,4096,256,131072,4,15|4,0,67108864,262144,256,0,0,0,0,276,0,264,0,69,66,0,1,276,0|446,3785444781,8,17554432,0,0,0,0,0,18631331,0,66,0,965736260,0,965736260,0,2048,955450550,0,15484568,0,0,0,0,0
1786208812556|1049|mixed_15min_a_half_r2f_00005_67108864|fixed|254,1378943233,16781056,24976254,24631216,283461,0,283461,0,6016,0,3008,0,0,0,23538,23538,19217944,19217944,4096,4096,0,0,3008,3008,4065783930,4065783930,4065783938,4065783938,0,0,0,0,0,0,0,0,4096,256,131072,4,15|4,0,67108864,262144,256,0,0,0,0,364,0,352,0,91,88,0,1,364,0|448,499864748,9,0,0,23068672,0,23068672,0,71077,0,0,88,0,0,0,0,0,0,0,7025181,0,0,0,0,0
1786208812556|1049|mixed_15min_a_half_r2f_00005_67108864|rotating|254,1378943233,33554687,25101323,24754888,24816450,24754888,24816450,24754888,23746,23658,23656,23656,0,0,3023,0,730229120,728794000,4096,4096,0,0,23657,23657,4045040583,4045040580,4045040559,4045040532,0,0,0,0,0,0,0,0,4096,256,131072,4,15|4,0,67108864,262144,256,0,0,0,0,368,0,356,0,92,89,0,1,368,0|448,4106063654,8,23386144,0,0,0,0,0,24822595,0,89,0,1284897205,0,1284897205,0,2080,1272775092,0,18467738,0,0,0,0,0
1786208817568|1049|mixed_15min_a_half_r2f_00005_67108864|fixed|256,1378943233,16781056,31259708,30827852,354799,0,354799,0,7530,0,3765,0,0,0,29460,29460,24054328,24054328,4096,4096,0,0,3765,3765,91807287,91807287,91807295,91807295,0,0,0,0,0,0,0,0,4096,256,131072,4,15|4,0,67108864,262144,256,0,0,0,0,452,0,440,0,113,110,0,1,456,0|450,820806504,9,0,0,29097984,0,29097984,0,88934,0,0,111,0,0,0,0,0,0,0,7082282,0,0,0,0,0
1786208817568|1049|mixed_15min_a_half_r2f_00005_67108864|rotating|256,1378943233,33554687,31363534,30929932,31007512,30929932,31007512,30929932,29671,29560,29558,29558,0,0,3778,0,912419884,910610079,4096,4096,0,0,29559,29559,70019778,70019799,70019786,70019807,0,0,0,0,0,0,0,0,4096,256,131072,4,15|4,0,67108864,262144,256,0,0,0,0,456,0,444,0,114,111,0,1,456,0|450,131156989,9,29204028,0,0,0,0,0,31002903,0,111,0,1603503365,0,1603503365,0,2080,1589676152,0,21321052,0,0,0,0,0
1786208822580|1049|mixed_15min_a_half_r2f_00005_67108864|fixed|258,1378943233,16781056,37540474,37020762,426132,0,426132,0,9044,0,4522,0,0,0,35378,35378,28890792,28890792,4096,4096,0,0,4522,4522,412473654,412473654,412473662,412473662,0,0,0,0,0,0,0,0,4096,256,131072,4,15|4,0,67108864,262144,256,0,0,0,0,544,0,532,0,136,133,0,1,544,0|452,1141158476,9,0,0,34865152,0,34865152,0,106721,0,0,133,0,0,0,0,0,0,0,7122213,0,0,0,0,0
1786208822580|1049|mixed_15min_a_half_r2f_00005_67108864|rotating|258,1378943233,33554687,37646118,37125281,37218853,37125281,37218853,37125281,35612,35479,35477,35477,0,0,4534,0,1095117128,1092946792,4096,4096,0,0,35478,35478,390726859,390726896,390726867,390726872,0,0,0,0,0,0,0,0,4096,256,131072,4,15|4,0,67108864,262144,256,0,0,0,0,544,0,532,0,136,133,0,1,544,0|452,452043527,9,35039040,0,0,0,0,0,37201881,0,133,0,1922931150,0,1922931150,0,2080,1907403228,0,24173978,0,0,0,0,0
1786208827591|1049|mixed_15min_a_half_r2f_00005_67108864|fixed|260,1378943233,16781056,43822034,43216260,497375,0,497375,0,10556,0,5278,0,0,0,41295,41295,33720848,33720848,4096,4096,0,0,5278,5278,733160671,733160671,733160679,733160679,0,0,0,0,0,0,0,0,4096,256,131072,4,15|4,0,67108864,262144,256,0,0,0,0,632,0,620,0,158,155,0,1,632,0|454,1463592121,9,0,0,40632320,0,40632320,0,124650,0,0,155,0,0,0,0,0,0,0,7165602,0,0,0,0,0
1786208827591|1049|mixed_15min_a_half_r2f_00005_67108864|rotating|260,1378943233,33558272,43970772,43363099,43471793,43363099,43471793,43363099,41592,41436,41435,41435,0,0,5295,0,1279014672,1276485408,4096,4096,0,0,41435,41435,713505892,713506217,713505900,713506225,0,0,0,0,0,0,0,0,4096,256,131072,4,15|4,0,67108864,262144,256,0,0,0,0,632,0,620,0,158,155,0,1,636,0|454,774583526,9,40902368,0,0,0,0,0,43431392,0,156,0,2244005317,0,2244005317,0,2080,2226648151,0,27156777,0,0,0,0,0
1786208832602|1049|mixed_15min_a_half_r2f_00005_67108864|fixed|262,1378943233,16781056,50108618,49417188,568617,0,568617,0,12068,0,6034,0,0,0,47217,47217,38550880,38550880,4096,4096,0,0,6034,6034,1053719562,1053719562,1053719570,1053719570,0,0,0,0,0,0,0,0,4096,256,131072,4,15|4,0,67108864,262144,256,0,0,0,0,720,0,708,0,180,177,0,1,720,0|456,1783034209,9,0,0,46399488,0,46399488,0,142390,0,0,177,0,0,0,0,0,0,0,7203867,0,0,0,0,0
1786208832602|1049|mixed_15min_a_half_r2f_00005_67108864|rotating|262,1378943233,33558272,50230648,49537701,49660619,49537701,49660619,49537701,47511,47333,47332,47332,0,0,6049,0,1461043304,1458155792,4096,4096,0,0,47332,47332,1033044096,1033044437,1033044104,1033044445,0,0,0,0,0,0,0,0,4096,256,131072,4,15|4,0,67108864,262144,256,0,0,0,0,724,0,712,0,181,178,0,1,724,0|456,1094401187,9,46724864,0,0,0,0,0,49610632,0,178,0,2562367354,0,2562367354,0,2080,2543308450,0,30007882,0,0,0,0,0
1786208837603|1049|mixed_15min_a_half_r2f_00005_67108864|fixed|264,1378943233,16781056,56377942,55600350,639768,0,639768,0,13578,0,6789,0,0,0,53123,53123,43374512,43374512,4096,4096,0,0,6789,6789,1373844687,1373844687,1373844695,1373844695,0,0,0,0,0,0,0,0,4096,256,131072,4,15|4,0,67108864,262144,256,0,0,0,0,808,0,796,0,202,199,0,1,808,0|458,2102491348,9,0,0,52166656,0,52166656,0,160129,0,0,199,0,0,0,0,0,0,0,7252551,0,0,0,0,0
1786208837603|1049|mixed_15min_a_half_r2f_00005_67108864|rotating|264,1378943233,33554687,56475263,55695781,55834368,55695781,55834368,55695781,53418,53217,53215,53215,0,0,6801,0,1642644425,1639381460,4096,4096,0,0,53216,53216,1351976582,1351976571,1351976590,1351976579,0,0,0,0,0,0,0,0,4096,256,131072,4,15|4,0,67108864,262144,256,0,0,0,0,812,0,800,0,203,200,0,1,812,0|458,1412900515,9,52515744,0,0,0,0,0,55762969,0,200,0,2879418962,0,2879418962,0,2080,2858655237,0,32855282,0,0,0,0,0
1786208842614|1049|mixed_15min_a_half_r2f_00005_67108864|fixed|266,1378943233,16781056,62663221,61798291,711100,0,711100,0,15092,0,7546,0,0,0,59043,59043,48210936,48210936,4096,4096,0,0,7546,7546,1694829375,1694829375,1694829383,1694829383,0,0,0,0,0,0,0,0,4096,256,131072,4,15|4,0,67108864,262144,256,0,0,0,0,900,0,888,0,225,222,0,1,900,0|460,2423895540,9,0,0,58195968,0,58195968,0,178010,0,0,222,0,0,0,0,0,0,0,7308040,0,0,0,0,0
1786208842614|1049|mixed_15min_a_half_r2f_00005_67108864|rotating|266,1378943233,33554687,62807732,61940495,62095028,61940495,62095028,61940495,59404,59182,59179,59179,0,0,7563,0,1826737612,1823114632,4096,4096,0,0,59180,59180,1675105014,1675105027,1675105022,1675105019,0,0,0,0,0,0,0,0,4096,256,131072,4,15|4,0,67108864,262144,256,0,0,0,0,900,0,888,0,225,222,0,1,900,0|460,1736282440,9,58393568,0,0,0,0,0,62012291,0,222,0,3201331431,0,3201331431,0,2080,3178881547,0,35702687,0,0,0,0,0
1786208847621|1049|mixed_15min_a_half_r2f_00005_67108864|fixed|268,1378943233,16781056,68938062,67984244,782342,0,782342,0,16604,0,8302,0,0,0,64952,64952,53040992,53040992,4096,4096,0,0,8302,8302,2015186562,2015186562,2015186570,2015186570,0,0,0,0,0,0,0,0,4096,256,131072,4,15|4,0,67108864,262144,256,0,0,0,0,988,0,976,0,247,244,0,1,988,0|462,2745096186,9,0,0,63963136,0,63963136,0,195845,0,0,244,0,0,0,0,0,0,0,7350788,0,0,0,0,0
1786208847621|1049|mixed_15min_a_half_r2f_00005_67108864|rotating|268,1378943233,33554687,69074941,68119515,68291088,68119515,68291088,68119515,65328,65084,65081,65081,0,0,8318,0,2008926352,2004945086,4096,4096,0,0,65082,65082,1994916144,1994916133,1994916120,1994916141,0,0,0,0,0,0,0,0,4096,256,131072,4,15|4,0,67108864,262144,256,0,0,0,0,988,0,976,0,247,244,0,1,988,0|462,2056350613,9,64216064,0,0,0,0,0,68196654,0,244,0,3519943980,0,3519943980,0,2080,3495796059,0,38550091,0,0,0,0,0
1786208861025|1051|mixed_15min_a_half_r2f_00007_16777216|fixed|274,1378943233,16781056,6549468,6463447,70112,0,70112,0,1488,0,744,0,0,0,5830,5830,4753352,4753352,4096,4096,0,0,744,744,2873021200,2873021200,2873021208,2873021208,0,0,0,0,0,0,0,0,4096,256,131072,4,15|4,0,16777216,262144,64,0,0,0,0,100,0,88,0,25,22,0,1,100,0|476,3602279746,9,0,0,5767168,0,5767168,0,17763,0,0,22,0,0,0,0,0,0,0,5015532,0,0,0,0,0
1786208861025|1051|mixed_15min_a_half_r2f_00007_16777216|rotating|274,1378943233,33558272,6683157,6594923,6611536,6594923,6611536,6594923,5972,5949,5949,5949,0,0,760,0,183562344,183203304,4096,4096,0,0,5949,5949,2852523600,2852523933,2852523608,2852523941,0,0,0,0,0,0,0,0,4096,256,131072,4,15|4,0,16777216,262144,64,0,0,0,0,100,0,88,0,25,22,0,1,100,0|476,2913597334,9,5933152,0,0,0,0,0,6672581,0,22,0,328354364,0,328354364,0,2080,322918627,0,7869046,0,0,0,0,0
1786208866030|1051|mixed_15min_a_half_r2f_00007_16777216|fixed|276,1378943233,16781056,13185938,13011626,141354,0,141354,0,3000,0,1500,0,0,0,11737,11737,9583400,9583400,4096,4096,0,0,1500,1500,3193361204,3193361204,3193361212,3193361212,0,0,0,0,0,0,0,0,4096,256,131072,4,15|4,0,16777216,262144,64,0,0,0,0,188,0,176,0,47,44,0,1,188,0|478,3922306014,9,0,0,11534336,0,11534336,0,35550,0,0,44,0,0,0,0,0,0,0,5059955,0,0,0,0,0
1786208866030|1051|mixed_15min_a_half_r2f_00007_16777216|rotating|276,1378943233,33554687,13326116,13150341,13183346,13150341,13183346,13150341,11908,11864,11862,11862,0,0,1515,0,366019191,365300858,4096,4096,0,0,11863,11863,3172925988,3172926001,3172925996,3172926009,0,0,0,0,0,0,0,0,4096,256,131072,4,15|4,0,16777216,262144,64,0,0,0,0,188,0,176,0,47,44,0,1,188,0|478,3233994411,9,11763552,0,0,0,0,0,13227549,0,44,0,647293841,0,647293841,0,2080,640178260,0,10699954,0,0,0,0,0
1786208876552|1052|mixed_15min_a_half_r2f_00008_67108864|fixed|280,1378943233,16781056,6162074,6076973,69830,0,69830,0,1482,0,741,0,0,0,5805,5805,4734160,4734160,4096,4096,0,0,741,741,3866740322,3866740322,3866740330,3866740330,0,0,0,0,0,0,0,0,4096,256,131072,4,15|5,0,67108864,262144,256,0,0,0,0,100,0,88,0,25,22,0,1,100,0|486,300762817,10,0,0,5767168,0,5767168,0,17692,0,0,22,0,0,0,0,0,0,0,5112599,0,0,0,0,0
1786208876552|1052|mixed_15min_a_half_r2f_00008_67108864|rotating|280,1378943233,33554687,6268738,6181765,6197684,6181765,6197684,6181765,5930,5907,5906,5906,0,0,754,0,182322752,181963064,4096,4096,0,0,5907,5907,3845259548,3845259529,3845259500,3845259545,0,0,0,0,0,0,0,0,4096,256,131072,4,15|4,0,67108864,262144,256,0,0,0,0,100,0,88,0,25,22,0,1,100,0|486,3906637365,9,5901536,0,0,0,0,0,6261079,0,22,0,326484353,0,326484353,0,2080,320950512,0,7984619,0,0,0,0,0
1786208881559|1052|mixed_15min_a_half_r2f_00008_67108864|fixed|282,1378943233,16781056,12434217,12261882,141071,0,141071,0,2994,0,1497,0,0,0,11716,11716,9564232,9564232,4096,4096,0,0,1497,1497,4187104999,4187104999,4187105007,4187105007,0,0,0,0,0,0,0,0,4096,256,131072,4,15|4,0,67108864,262144,256,0,0,0,0,188,0,176,0,47,44,0,1,188,0|488,622251793,10,0,0,11534336,0,11534336,0,35550,0,0,44,0,0,0,0,0,0,0,5149873,0,0,0,0,0
1786208881559|1052|mixed_15min_a_half_r2f_00008_67108864|rotating|282,1378943233,33554687,12599095,12424880,12456231,12424880,12456231,12424880,11917,11872,11872,11872,0,0,1516,0,366468120,365749491,4096,4096,0,0,11872,11872,4168471349,4168471698,4168471357,4168471706,0,0,0,0,0,0,0,0,4096,256,131072,4,15|4,0,67108864,262144,256,0,0,0,0,188,0,176,0,47,44,0,1,188,0|488,4229690204,9,11779360,0,0,0,0,0,12500731,0,44,0,648067736,0,648067736,0,2048,640840247,0,10839513,0,0,0,0,0
1786208886575|1052|mixed_15min_a_half_r2f_00008_67108864|fixed|284,1378943233,16781056,18722453,18462981,212408,0,212408,0,4508,0,2254,0,0,0,17640,17640,14400704,14400704,4096,4096,0,0,2254,2254,213122388,213122388,213122396,213122396,0,0,0,0,0,0,0,0,4096,256,131072,4,15|4,0,67108864,262144,256,0,0,0,0,276,0,264,0,69,66,0,1,276,0|490,943981198,10,0,0,17301504,0,17301504,0,53418,0,0,66,0,0,0,0,0,0,0,5195274,0,0,0,0,0
1786208886575|1052|mixed_15min_a_half_r2f_00008_67108864|rotating|284,1378943233,33554687,18871499,18610371,18657395,18610371,18657395,18610371,17848,17782,17780,17780,0,0,2272,0,548862751,547785112,4096,4096,0,0,17781,17781,193678094,193678107,193678102,193678091,0,0,0,0,0,0,0,0,4096,256,131072,4,15|4,0,67108864,262144,256,0,0,0,0,280,0,268,0,70,67,0,1,280,0|490,254930550,10,17595264,0,0,0,0,0,18683628,0,67,0,966821402,0,966821402,0,2080,957760451,0,13816348,0,0,0,0,0
1786208891575|1052|mixed_15min_a_half_r2f_00008_67108864|fixed|286,1378943233,16781056,24991779,24645381,283556,0,283556,0,6018,0,3009,0,0,0,23546,23546,19224344,19224344,4096,4096,0,0,3009,3009,533247531,533247531,533247539,533247539,0,0,0,0,0,0,0,0,4096,256,131072,4,15|4,0,67108864,262144,256,0,0,0,0,364,0,352,0,91,88,0,1,364,0|492,1262069342,10,0,0,23068672,0,23068672,0,71101,0,0,88,0,0,0,0,0,0,0,5230274,0,0,0,0,0
1786208891575|1052|mixed_15min_a_half_r2f_00008_67108864|rotating|286,1378943233,33554687,25101422,24753755,24816642,24753755,24816642,24753755,23739,23651,23649,23649,0,0,3022,0,730014023,728577714,4096,4096,0,0,23650,23650,511688407,511688388,511688415,511688396,0,0,0,0,0,0,0,0,4096,256,131072,4,15|4,0,67108864,262144,256,0,0,0,0,368,0,356,0,92,89,0,1,368,0|492,572045278,10,23362432,0,0,0,0,0,24809807,0,89,0,1282494338,0,1282494338,0,2080,1271723468,0,16663755,0,0,0,0,0
1786208896578|1052|mixed_15min_a_half_r2f_00008_67108864|fixed|288,1378943233,16781056,31265817,30832683,354705,0,354705,0,7528,0,3764,0,0,0,29456,29456,24047952,24047952,4096,4096,0,0,3764,3764,853372638,853372638,853372654,853372654,0,0,0,0,0,0,0,0,4096,256,131072,4,15|4,0,67108864,262144,256,0,0,0,0,456,0,444,0,114,111,0,1,456,0|494,1582613548,10,0,0,29097984,0,29097984,0,88911,0,0,111,0,0,0,0,0,0,0,5276841,0,0,0,0,0
1786208896578|1052|mixed_15min_a_half_r2f_00008_67108864|rotating|288,1378943233,33554687,31390548,30955356,31034431,30955356,31034431,30955356,29686,29575,29573,29573,0,0,3779,0,912896180,911084224,4096,4096,0,0,29574,29574,832821325,832821330,832821333,832821306,0,0,0,0,0,0,0,0,4096,256,131072,4,15|4,0,67108864,262144,256,0,0,0,0,456,0,444,0,114,111,0,1,456,0|494,893882853,10,29216544,0,0,0,0,0,31027588,0,111,0,1602868385,0,1602868385,0,2080,1590406267,0,19511158,0,0,0,0,0
1786208901587|1052|mixed_15min_a_half_r2f_00008_67108864|fixed|290,1378943233,16781056,37549123,37029081,425944,0,425944,0,9040,0,4520,0,0,0,35375,35375,28878000,28878000,4096,4096,0,0,4520,4520,1173927570,1173927570,1173927578,1173927578,0,0,0,0,0,0,0,0,4096,256,131072,4,15|4,0,67108864,262144,256,0,0,0,0,544,0,532,0,136,133,0,1,544,0|496,1903283546,10,0,0,34865152,0,34865152,0,106721,0,0,133,0,0,0,0,0,0,0,5329290,0,0,0,0,0
1786208901587|1052|mixed_15min_a_half_r2f_00008_67108864|rotating|290,1378943233,33554687,37675665,37153425,37248212,37153425,37248212,37153425,35630,35496,35494,35494,0,0,4536,0,1095654851,1093483934,4096,4096,0,0,35495,35495,1153627810,1153627791,1153627818,1153627799,0,0,0,0,0,0,0,0,4096,256,131072,4,15|4,0,67108864,262144,256,0,0,0,0,544,0,532,0,136,133,0,1,544,0|496,1214729110,10,35054848,0,0,0,0,0,37226413,0,133,0,1922255066,0,1922255066,0,2080,1908098307,0,22358560,0,0,0,0,0
1786208906595|1052|mixed_15min_a_half_r2f_00008_67108864|fixed|292,1378943233,16781056,43827958,43220535,497280,0,497280,0,10554,0,5277,0,0,0,41289,41289,33714448,33714448,4096,4096,0,0,5277,5277,1494714527,1494714527,1494714535,1494714535,0,0,0,0,0,0,0,0,4096,256,131072,4,15|4,0,67108864,262144,256,0,0,0,0,632,0,620,0,158,155,0,1,632,0|498,2223896977,10,0,0,40632320,0,40632320,0,124556,0,0,155,0,0,0,0,0,0,0,5374483,0,0,0,0,0
1786208906595|1052|mixed_15min_a_half_r2f_00008_67108864|rotating|292,1378943233,33558272,43954858,43345984,43456161,43345984,43456161,43345984,41566,41410,41409,41409,0,0,5292,0,1278228256,1275698648,4096,4096,0,0,41409,41409,1474093400,1474093725,1474093408,1474093733,0,0,0,0,0,0,0,0,4096,256,131072,4,15|4,0,67108864,262144,256,0,0,0,0,632,0,620,0,158,155,0,1,632,0|498,1534404323,10,40869440,0,0,0,0,0,43403122,0,155,0,2240476631,0,2240476631,0,2080,2224620139,0,25205963,0,0,0,0,0
1786208911610|1052|mixed_15min_a_half_r2f_00008_67108864|fixed|294,1378943233,16781056,50115123,49421083,568617,0,568617,0,12068,0,6034,0,0,0,47212,47212,38550880,38550880,4096,4096,0,0,6034,6034,1815699203,1815699203,1815699211,1815699211,0,0,0,0,0,0,0,0,4096,256,131072,4,15|4,0,67108864,262144,256,0,0,0,0,720,0,708,0,180,177,0,1,720,0|500,2544796278,10,0,0,46399488,0,46399488,0,142366,0,0,177,0,0,0,0,0,0,0,5415505,0,0,0,0,0
1786208911610|1052|mixed_15min_a_half_r2f_00008_67108864|rotating|294,1378943233,33554687,50236671,49541250,49666735,49541250,49666735,49541250,47507,47329,47327,47327,0,0,6048,0,1460913896,1458024923,4096,4096,0,0,47328,47328,1794782483,1794782504,1794782491,1794782512,0,0,0,0,0,0,0,0,4096,256,131072,4,15|4,0,67108864,262144,256,0,0,0,0,724,0,712,0,181,178,0,1,724,0|500,1857243353,10,46740672,0,0,0,0,0,49637158,0,178,0,2561847853,0,2561847853,0,2080,2544169782,0,28182794,0,0,0,0,0
1786208916624|1052|mixed_15min_a_half_r2f_00008_67108864|fixed|296,1378943233,16781056,56398933,55618622,639861,0,639861,0,13580,0,6790,0,0,0,53132,53132,43380888,43380888,4096,4096,0,0,6790,6790,2136254068,2136254068,2136254084,2136254084,0,0,0,0,0,0,0,0,4096,256,131072,4,15|5,0,67108864,262144,256,0,0,0,0,812,0,800,0,203,200,0,1,812,0|502,2866553277,10,0,0,52428800,0,52428800,0,160270,0,0,200,0,0,0,0,0,0,0,5462286,0,0,0,0,0
1786208916624|1052|mixed_15min_a_half_r2f_00008_67108864|rotating|296,1378943233,33558272,56548578,55765779,55906928,55765779,55906928,55765779,53475,53274,53273,53273,0,0,6809,0,1644450768,1641186928,4096,4096,0,0,53273,53273,2117046974,2117047307,2117046982,2117047315,0,0,0,0,0,0,0,0,4096,256,131072,4,15|4,0,67108864,262144,256,0,0,0,0,812,0,800,0,203,200,0,1,812,0|502,2178074024,10,52571072,0,0,0,0,0,55835875,0,200,0,2881220924,0,2881220924,0,2080,2861846517,0,31030194,0,0,0,0,0
1786208921626|1052|mixed_15min_a_half_r2f_00008_67108864|fixed|298,1378943233,16781056,62672136,61805027,711005,0,711005,0,15090,0,7545,0,0,0,59041,59041,48204544,48204544,4096,4096,0,0,7545,7545,2456379229,2456379229,2456379237,2456379237,0,0,0,0,0,0,0,0,4096,256,131072,4,15|4,0,67108864,262144,256,0,0,0,0,900,0,888,0,225,222,0,1,900,0|504,3186888788,10,0,0,58195968,0,58195968,0,178058,0,0,222,0,0,0,0,0,0,0,5513360,0,0,0,0,0
1786208921626|1052|mixed_15min_a_half_r2f_00008_67108864|rotating|298,1378943233,33554687,62798932,61929680,62086418,61929680,62086418,61929680,59385,59162,59160,59160,0,0,7561,0,1826182568,1822558976,4096,4096,0,0,59161,59161,2436074466,2436074511,2436074482,2436074479,0,0,0,0,0,0,0,0,4096,256,131072,4,15|4,0,67108864,262144,256,0,0,0,0,900,0,888,0,225,222,0,1,900,0|504,2496886246,10,58369856,0,0,0,0,0,61995631,0,222,0,3198583450,0,3198583450,0,2080,3177505915,0,33877598,0,0,0,0,0
1786208926626|1052|mixed_15min_a_half_r2f_00008_67108864|fixed|300,1378943233,16781056,68962344,68007566,782436,0,782436,0,16606,0,8303,0,0,0,64967,64967,53047384,53047384,4096,4096,0,0,8303,8303,2777595956,2777595956,2777595964,2777595964,0,0,0,0,0,0,0,0,4096,256,131072,4,15|4,0,67108864,262144,256,0,0,0,0,988,0,976,0,247,244,0,1,988,0|506,3507439307,10,0,0,63963136,0,63963136,0,195868,0,0,244,0,0,0,0,0,0,0,5548980,0,0,0,0,0
1786208926626|1052|mixed_15min_a_half_r2f_00008_67108864|rotating|300,1378943233,33558272,69087531,68131302,68303678,68131302,68303678,68131302,65331,65086,65085,65085,0,0,8318,0,2009068144,2005086080,4096,4096,0,0,65085,65085,2757082434,2757082743,2757082442,2757082759,0,0,0,0,0,0,0,0,4096,256,131072,4,15|4,0,67108864,262144,256,0,0,0,0,988,0,976,0,247,244,0,1,988,0|506,2818613570,10,64223968,0,0,0,0,0,68210712,0,244,0,3518847246,0,3518847246,0,2080,3496078465,0,36724999,0,0,0,0,0
1786208940083|1054|mixed_15min_a_half_r2f_00010_16777216|fixed|306,1378943233,16781056,6136402,6052253,69549,0,69549,0,1476,0,738,0,0,0,5785,5785,4715016,4715016,4096,4096,0,0,738,738,3637665411,3637665411,3637665427,3637665427,0,0,0,0,0,0,0,0,4096,256,131072,4,15|4,0,16777216,262144,64,0,0,0,0,100,0,88,0,25,22,0,1,100,0|520,72451879,11,0,0,5767168,0,5767168,0,17645,0,0,22,0,0,0,0,0,0,0,6892936,0,0,0,0,0
1786208940083|1054|mixed_15min_a_half_r2f_00010_16777216|rotating|306,1378943233,33554687,6268132,6181716,6196984,6181716,6196984,6181716,5932,5909,5908,5908,0,0,755,0,182391347,182033400,4096,4096,0,0,5909,5909,3617595517,3617595530,3617595525,3617595506,0,0,0,0,0,0,0,0,4096,256,131072,4,15|4,0,16777216,262144,64,0,0,0,0,100,0,88,0,25,22,0,1,100,0|520,3677885752,10,5885728,0,0,0,0,0,6239749,0,22,0,326866241,0,326866241,0,2080,319984299,0,9776949,0,0,0,0,0
1786208945094|1054|mixed_15min_a_half_r2f_00010_16777216|fixed|308,1378943233,16781056,12420105,12247111,140976,0,140976,0,2992,0,1496,0,0,0,11704,11704,9557856,9557856,4096,4096,0,0,1496,1496,3958762261,3958762261,3958762269,3958762269,0,0,0,0,0,0,0,0,4096,256,131072,4,15|4,0,16777216,262144,64,0,0,0,0,188,0,176,0,47,44,0,1,188,0|522,393228975,11,0,0,11534336,0,11534336,0,35480,0,0,44,0,0,0,0,0,0,0,6939297,0,0,0,0,0
1786208945094|1054|mixed_15min_a_half_r2f_00010_16777216|rotating|308,1378943233,33554687,12545806,12371620,12403509,12371620,12403509,12371620,11868,11823,11822,11822,0,0,1510,0,364934931,364218822,4096,4096,0,0,11823,11823,3938037036,3938037025,3938037044,3938037033,0,0,0,0,0,0,0,0,4096,256,131072,4,15|4,0,16777216,262144,64,0,0,0,0,188,0,176,0,47,44,0,1,188,0|522,3998918636,10,11724032,0,0,0,0,0,12441826,0,44,0,646439549,0,646439549,0,2080,637856766,0,12630551,0,0,0,0,0
1786208955678|1055|mixed_15min_a_half_r2f_00011_67108864|fixed|312,1378943233,16781056,6545349,6459624,70018,0,70018,0,1486,0,743,0,0,0,5822,5822,4746960,4746960,4096,4096,0,0,743,743,341047486,341047486,341047494,341047494,0,0,0,0,0,0,0,0,4096,256,131072,4,15|4,0,67108864,262144,256,0,0,0,0,100,0,88,0,25,22,0,1,100,0|530,1072615464,11,0,0,5767168,0,5767168,0,17881,0,0,22,0,0,0,0,0,0,0,5027474,0,0,0,0,0
1786208955678|1055|mixed_15min_a_half_r2f_00011_67108864|rotating|312,1378943233,33558272,6726861,6638449,6654864,6638449,6654864,6638449,11991,11969,5984,5984,0,0,764,0,184738048,184378832,4096,4096,0,0,5984,5984,322860499,322860832,322860507,322860840,0,0,0,0,0,0,0,0,4096,256,131072,4,15|4,0,67108864,262144,256,0,0,0,0,100,0,88,0,25,22,0,1,100,0|530,384157816,11,5972672,0,0,0,0,0,6720493,0,22,0,330448552,0,330448552,0,2080,325021064,0,7869321,0,0,0,0,0
1786208960681|1055|mixed_15min_a_half_r2f_00011_67108864|fixed|314,1378943233,16781056,13187319,13012988,141259,0,141259,0,2998,0,1499,0,0,0,11731,11731,9577000,9577000,4096,4096,0,0,1499,1499,661387619,661387619,661387627,661387627,0,0,0,0,0,0,0,0,4096,256,131072,4,15|4,0,67108864,262144,256,0,0,0,0,188,0,176,0,47,44,0,1,188,0|532,1390000564,11,0,0,11534336,0,11534336,0,35503,0,0,44,0,0,0,0,0,0,0,5078928,0,0,0,0,0
1786208960681|1055|mixed_15min_a_half_r2f_00011_67108864|rotating|314,1378943233,33554687,13294325,13118834,13151933,13118834,13151933,13118834,23699,23655,11826,11826,0,0,1511,0,365112840,364394162,4096,4096,0,0,11827,11827,639469342,639469323,639469318,639469331,0,0,0,0,0,0,0,0,4096,256,131072,4,15|4,0,67108864,262144,256,0,0,0,0,188,0,176,0,47,44,0,1,188,0|532,700248863,11,11724032,0,0,0,0,0,13190154,0,44,0,645101759,0,645101759,0,2072,637977159,0,10700527,0,0,0,0,0
1786208965681|1055|mixed_15min_a_half_r2f_00011_67108864|fixed|316,1378943233,16781056,19825245,19563392,212408,0,212408,0,4508,0,2254,0,0,0,17636,17636,14400704,14400704,4096,4096,0,0,2254,2254,981496509,981496509,981496517,981496517,0,0,0,0,0,0,0,0,4096,256,131072,4,15|4,0,67108864,262144,256,0,0,0,0,276,0,264,0,69,66,0,1,276,0|534,1710847284,11,0,0,17301504,0,17301504,0,53338,0,0,66,0,0,0,0,0,0,0,5121507,0,0,0,0,0
1786208965681|1055|mixed_15min_a_half_r2f_00011_67108864|rotating|316,1378943233,33558272,19958799,19695586,19745070,19695586,19745070,19695586,35577,35511,17755,17755,0,0,2268,0,548132360,547054712,4096,4096,0,0,17755,17755,960660957,960661290,960660965,960661298,0,0,0,0,0,0,0,0,4096,256,131072,4,15|4,0,67108864,262144,256,0,0,0,0,276,0,264,0,69,66,0,1,276,0|534,1021698865,11,17563648,0,0,0,0,0,19768645,0,67,0,965091857,0,965091857,0,2080,956166417,0,13649862,0,0,0,0,0
1786208970681|1055|mixed_15min_a_half_r2f_00011_67108864|fixed|318,1378943233,16781056,26463137,26113785,283461,0,283461,0,6016,0,3008,0,0,0,23541,23541,19217944,19217944,4096,4096,0,0,3008,3008,1301175414,1301175414,1301175422,1301175422,0,0,0,0,0,0,0,0,4096,256,131072,4,15|4,0,67108864,262144,256,0,0,0,0,364,0,352,0,91,88,0,1,364,0|536,2030481804,11,0,0,23068672,0,23068672,0,71101,0,0,88,0,0,0,0,0,0,0,5173928,0,0,0,0,0
1786208970681|1055|mixed_15min_a_half_r2f_00011_67108864|rotating|318,1378943233,33554687,26597838,26247029,26312965,26247029,26312965,26247029,47411,47323,23660,23660,0,0,3023,0,730455124,729018008,4096,4096,0,0,23661,23661,1280657980,1280657993,1280657988,1280657969,0,0,0,0,0,0,0,0,4096,256,131072,4,15|4,0,67108864,262144,256,0,0,0,0,368,0,356,0,92,89,0,1,368,0|536,1341807775,11,23386144,0,0,0,0,0,26322317,0,89,0,1283745143,0,1283745143,0,2080,1273127595,0,16491306,0,0,0,0,0
1786208975695|1055|mixed_15min_a_half_r2f_00011_67108864|fixed|320,1378943233,16781056,33124119,32686760,354799,0,354799,0,7530,0,3765,0,0,0,29467,29467,24054328,24054328,4096,4096,0,0,3765,3765,1622143789,1622143789,1622143797,1622143797,0,0,0,0,0,0,0,0,4096,256,131072,4,15|4,0,67108864,262144,256,0,0,0,0,456,0,444,0,114,111,0,1,456,0|538,2351188573,11,0,0,29097984,0,29097984,0,88934,0,0,111,0,0,0,0,0,0,0,5217515,0,0,0,0,0
1786208975695|1055|mixed_15min_a_half_r2f_00011_67108864|rotating|320,1378943233,33554687,33257820,32818226,32901516,32818226,32901516,32818226,59284,59174,29585,29585,0,0,3781,0,913372185,911559524,4096,4096,0,0,29586,29586,1601804661,1601804674,1601804669,1601804682,0,0,0,0,0,0,0,0,4096,256,131072,4,15|4,0,67108864,262144,256,0,0,0,0,456,0,444,0,114,111,0,1,456,0|538,1662176947,11,29216544,0,0,0,0,0,32880718,0,111,0,1602656715,0,1602656715,0,2080,1590359075,0,19322462,0,0,0,0,0
1786208980709|1055|mixed_15min_a_half_r2f_00011_67108864|fixed|322,1378943233,16781056,39780303,39254426,426227,0,426227,0,9046,0,4523,0,0,0,35388,35388,28897168,28897168,4096,4096,0,0,4523,4523,1943343550,1943343550,1943343558,1943343558,0,0,0,0,0,0,0,0,4096,256,131072,4,15|4,0,67108864,262144,256,0,0,0,0,544,0,532,0,136,133,0,1,544,0|540,2672269583,11,0,0,34865152,0,34865152,0,106769,0,0,133,0,0,0,0,0,0,0,5263533,0,0,0,0,0
1786208980709|1055|mixed_15min_a_half_r2f_00011_67108864|rotating|322,1378943233,33554687,39928218,39400775,39500482,39400775,39500482,39400775,71174,71042,35519,35519,0,0,4539,0,1096558168,1094386294,4096,4096,0,0,35520,35520,1923299047,1923299028,1923299023,1923299036,0,0,0,0,0,0,0,0,4096,256,131072,4,15|4,0,67108864,262144,256,0,0,0,0,544,0,532,0,136,133,0,1,544,0|540,1985143129,11,35094368,0,0,0,0,0,39493385,0,133,0,1924153441,0,1924153441,0,2080,1910185914,0,22153595,0,0,0,0,0
1786208985710|1055|mixed_15min_a_half_r2f_00011_67108864|fixed|324,1378943233,16781056,46417219,45803802,497375,0,497375,0,10556,0,5278,0,0,0,41294,41294,33720848,33720848,4096,4096,0,0,5278,5278,2263452532,2263452532,2263452540,2263452540,0,0,0,0,0,0,0,0,4096,256,131072,4,15|4,0,67108864,262144,256,0,0,0,0,632,0,620,0,158,155,0,1,632,0|542,2991845983,11,0,0,40632320,0,40632320,0,124532,0,0,155,0,0,0,0,0,0,0,5305621,0,0,0,0,0
1786208985710|1055|mixed_15min_a_half_r2f_00011_67108864|rotating|324,1378943233,33554687,46525244,45910660,46026736,45910660,46026736,45910660,82938,82784,41390,41390,0,0,5290,0,1277805350,1275274257,4096,4096,0,0,41391,41391,2241417232,2241417245,2241417240,2241417253,0,0,0,0,0,0,0,0,4096,256,131072,4,15|4,0,67108864,262144,256,0,0,0,0,632,0,620,0,158,155,0,1,632,0|542,2302664167,11,40869440,0,0,0,0,0,45990727,0,155,0,2240230711,0,2240230711,0,2048,2224571142,0,24984822,0,0,0,0,0
1786208990724|1055|mixed_15min_a_half_r2f_00011_67108864|fixed|326,1378943233,16780339,53069496,52368413,568637,0,568637,0,12069,0,6034,0,0,0,47218,47218,38551376,38551376,4096,4096,0,0,6035,6035,2584418832,2584418832,2584418808,2584418808,0,0,0,0,0,0,0,0,4096,256,131072,4,15|4,0,67108864,262144,256,0,0,0,0,720,0,708,0,180,177,0,1,720,0|544,3312829203,11,0,0,46399488,0,46399488,0,142366,0,0,177,0,0,0,0,0,0,0,5341031,0,0,0,0,0
1786208990724|1055|mixed_15min_a_half_r2f_00011_67108864|rotating|326,1378943233,33558272,53176160,52473930,52606412,52473930,52606412,52473930,94804,94628,47313,47313,0,0,6046,0,1460646936,1457756880,4096,4096,0,0,47313,47313,2562296566,2562296899,2562296574,2562296907,0,0,0,0,0,0,0,0,4096,256,131072,4,15|4,0,67108864,262144,256,0,0,0,0,724,0,712,0,181,178,0,1,724,0|544,2624143339,11,46709056,0,0,0,0,0,52562537,0,178,0,2560249979,0,2560249979,0,2080,2542778705,0,27944991,0,0,0,0,0
1786208995725|1055|mixed_15min_a_half_r2f_00011_67108864|fixed|328,1378943233,16781056,59698707,58909819,639768,0,639768,0,13578,0,6789,0,0,0,53122,53122,43374512,43374512,4096,4096,0,0,6789,6789,2904100386,2904100386,2904100394,2904100394,0,0,0,0,0,0,0,0,4096,256,131072,4,15|4,0,67108864,262144,256,0,0,0,0,808,0,796,0,202,199,0,1,812,0|546,3633603444,11,0,0,52428800,0,52428800,0,160200,0,0,200,0,0,0,0,0,0,0,5392191,0,0,0,0,0
1786208995725|1055|mixed_15min_a_half_r2f_00011_67108864|rotating|328,1378943233,33558272,59860281,59068887,59218726,59068887,59218726,59068887,106733,106534,53266,53266,0,0,6808,0,1644427952,1641162352,4096,4096,0,0,53266,53266,2884946825,2884947158,2884946833,2884947166,0,0,0,0,0,0,0,0,4096,256,131072,4,15|4,0,67108864,262144,256,0,0,0,0,812,0,800,0,203,200,0,1,812,0|546,2946676401,11,52578976,0,0,0,0,0,59158067,0,200,0,2881315561,0,2881315561,0,2080,2862172709,0,30776118,0,0,0,0,0
1786209000739|1055|mixed_15min_a_half_r2f_00011_67108864|fixed|330,1378943233,16781056,66351066,65474440,711100,0,711100,0,15092,0,7546,0,0,0,59047,59047,48210936,48210936,4096,4096,0,0,7546,7546,3225069085,3225069085,3225069093,3225069093,0,0,0,0,0,0,0,0,4096,256,131072,4,15|4,0,67108864,262144,256,0,0,0,0,900,0,888,0,225,222,0,1,900,0|548,3954703059,11,0,0,58195968,0,58195968,0,178034,0,0,222,0,0,0,0,0,0,0,5439084,0,0,0,0,0
1786209000739|1055|mixed_15min_a_half_r2f_00011_67108864|rotating|330,1378943233,33554687,66496824,65617891,65784120,65617891,65784120,65617891,118578,118357,59177,59177,0,0,7563,0,1826914744,1823289676,4096,4096,0,0,59178,59178,3205238395,3205238368,3205238371,3205238384,0,0,0,0,0,0,0,0,4096,256,131072,4,15|4,0,67108864,262144,256,0,0,0,0,900,0,888,0,225,222,0,1,900,0|548,3266558362,11,58393568,0,0,0,0,0,65698966,0,222,0,3199743874,0,3199743874,0,2080,3178917281,0,33607529,0,0,0,0,0
1786209005755|1055|mixed_15min_a_half_r2f_00011_67108864|fixed|332,1378943233,16781056,73000552,72035385,782531,0,782531,0,16608,0,8304,0,0,0,64968,64968,53053784,53053784,4096,4096,0,0,8304,8304,3546268856,3546268856,3546268864,3546268864,0,0,0,0,0,0,0,0,4096,256,131072,4,15|4,0,67108864,262144,256,0,0,0,0,988,0,976,0,247,244,0,1,988,0|550,4274962650,11,0,0,63963136,0,63963136,0,195821,0,0,244,0,0,0,0,0,0,0,5477893,0,0,0,0,0
1786209005755|1055|mixed_15min_a_half_r2f_00011_67108864|rotating|332,1378943233,33554687,73115868,72149539,72332204,72149539,72332204,72149539,130387,130144,65070,65070,0,0,8316,0,2008859760,2004875476,4096,4096,0,0,65071,65071,3524563338,3524563319,3524563314,3524563327,0,0,0,0,0,0,0,0,4096,256,131072,4,15|4,0,67108864,262144,256,0,0,0,0,988,0,976,0,247,244,0,1,988,0|550,3584934413,11,64184448,0,0,0,0,0,72210512,0,244,0,3516672205,0,3516672205,0,2080,3494156967,0,36438753,0,0,0,0,0
1786209019243|1057|mixed_15min_a_half_r2f_00013_16777216|fixed|338,1378943233,16781056,6177148,6092080,70018,0,70018,0,1486,0,743,0,0,0,5825,5825,4746960,4746960,4096,4096,0,0,743,743,114354670,114354670,114354678,114354678,0,0,0,0,0,0,0,0,4096,256,131072,4,15|5,0,16777216,262144,64,0,0,0,0,100,0,88,0,25,22,0,1,100,0|564,843129756,12,0,0,5767168,0,5767168,0,17716,0,0,22,0,0,0,0,0,0,0,5117716,0,0,0,0,0
1786209019243|1057|mixed_15min_a_half_r2f_00013_16777216|rotating|338,1378943233,33554687,6279487,6192523,6208244,6192523,6208244,6192523,5945,5922,5921,5921,0,0,756,0,182792070,182432417,4096,4096,0,0,5922,5922,92831458,92831455,92831466,92831463,0,0,0,0,0,0,0,0,4096,256,131072,4,15|4,0,16777216,262144,64,0,0,0,0,100,0,88,0,25,22,0,1,100,0|564,153709890,12,5906808,0,0,0,0,0,6261872,0,22,0,326808930,0,326808930,0,2080,321265075,0,7995739,0,0,0,0,0
1786209024243|1057|mixed_15min_a_half_r2f_00013_16777216|fixed|340,1378943233,16781056,12434508,12262239,141165,0,141165,0,2996,0,1498,0,0,0,11724,11724,9570616,9570616,4096,4096,0,0,1498,1498,434301684,434301684,434301692,434301692,0,0,0,0,0,0,0,0,4096,256,131072,4,15|4,0,16777216,262144,64,0,0,0,0,188,0,176,0,47,44,0,1,188,0|566,1163250860,12,0,0,11534336,0,11534336,0,35503,0,0,44,0,0,0,0,0,0,0,5160658,0,0,0,0,0
1786209024243|1057|mixed_15min_a_half_r2f_00013_16777216|rotating|340,1378943233,33554687,12542973,12369433,12400581,12369433,12400581,12369433,11873,11828,11827,11827,0,0,1511,0,365084204,364365759,4096,4096,0,0,11828,11828,412845401,412845374,412845409,412845382,0,0,0,0,0,0,0,0,4096,256,131072,4,15|4,0,16777216,262144,64,0,0,0,0,188,0,176,0,47,44,0,1,188,0|566,473056614,12,11716128,0,0,0,0,0,12425693,0,44,0,644703324,0,644703324,0,2080,637440863,0,10860976,0,0,0,0,0
1786209034795|1058|mixed_15min_a_half_r2f_00014_16777216|fixed|344,1378943233,16781056,6112118,6027726,69924,0,69924,0,1484,0,742,0,0,0,5813,5813,4740560,4740560,4096,4096,0,0,742,742,1109968300,1109968300,1109968308,1109968308,0,0,0,0,0,0,0,0,4096,256,131072,4,15|5,0,16777216,262144,64,0,0,0,0,100,0,88,0,25,22,0,1,100,0|574,1838423998,12,0,0,5767168,0,5767168,0,17669,0,0,22,0,0,0,0,0,0,0,5543672,0,0,0,0,0
1786209034795|1058|mixed_15min_a_half_r2f_00014_16777216|rotating|344,1378943233,33558272,6206805,6120596,6135751,6120596,6135751,6120596,5926,5903,5903,5903,0,0,754,0,182208040,181851056,4096,4096,0,0,5903,5903,1087862788,1087863145,1087862796,1087863153,0,0,0,0,0,0,0,0,4096,256,131072,4,15|4,0,16777216,262144,64,0,0,0,0,100,0,88,0,25,22,0,1,100,0|574,1148805626,12,5885728,0,0,0,0,0,6190443,0,22,0,326183491,0,326183491,0,2080,320318239,0,8382799,0,0,0,0,0
1786209039802|1058|mixed_15min_a_half_r2f_00014_16777216|fixed|346,1378943233,16781056,12330138,12158235,141165,0,141165,0,2996,0,1498,0,0,0,11725,11725,9570616,9570616,4096,4096,0,0,1498,1498,1430352101,1430352101,1430352109,1430352109,0,0,0,0,0,0,0,0,4096,256,131072,4,15|4,0,16777216,262144,64,0,0,0,0,188,0,176,0,47,44,0,1,188,0|576,2159546801,12,0,0,11534336,0,11534336,0,35527,0,0,44,0,0,0,0,0,0,0,5590392,0,0,0,0,0
1786209039802|1058|mixed_15min_a_half_r2f_00014_16777216|rotating|346,1378943233,33554687,12459679,12286360,12317004,12286360,12317004,12286360,11894,11849,11848,11848,0,0,1514,0,365718552,365001991,4096,4096,0,0,11849,11849,1410024005,1410023986,1410023965,1410023994,0,0,0,0,0,0,0,0,4096,256,131072,4,15|4,0,16777216,262144,64,0,0,0,0,188,0,176,0,47,44,0,1,188,0|576,1471865368,12,11763552,0,0,0,0,0,12373601,0,44,0,647773777,0,647773777,0,2080,640197380,0,11255190,0,0,0,0,0
1786209055154|1060|mixed_15min_a_half_r2f_00016_16777216|fixed|352,1378943233,16781056,6552430,6466329,70205,0,70205,0,1490,0,745,0,0,0,5834,5834,4759744,4759744,4096,4096,0,0,745,745,2412953973,2412953973,2412953981,2412953981,0,0,0,0,0,0,0,0,4096,256,131072,4,15|4,0,16777216,262144,64,0,0,0,0,100,0,88,0,25,22,0,1,100,0|590,3142490318,12,0,0,5767168,0,5767168,0,17810,0,0,22,0,0,0,0,0,0,0,5014471,0,0,0,0,0
1786209055154|1060|mixed_15min_a_half_r2f_00016_16777216|rotating|352,1378943233,33554687,6687818,6599569,6616197,6599569,6616197,6599569,11933,11910,5954,5954,0,0,760,0,183826552,183467083,4096,4096,0,0,5955,5955,2392334149,2392334162,2392334157,2392334170,0,0,0,0,0,0,0,0,4096,256,131072,4,15|4,0,16777216,262144,64,0,0,0,0,100,0,88,0,25,22,0,1,100,0|590,2453257507,12,5941056,0,0,0,0,0,6674463,0,22,0,328506226,0,328506226,0,2080,323074141,0,7867127,0,0,0,0,0
1786209060167|1060|mixed_15min_a_half_r2f_00016_16777216|fixed|354,1378943233,16781056,13203000,13028534,141542,0,141542,0,3004,0,1502,0,0,0,11758,11758,9596192,9596192,4096,4096,0,0,1502,1502,2733721727,2733721727,2733721735,2733721735,0,0,0,0,0,0,0,0,4096,256,131072,4,15|4,0,16777216,262144,64,0,0,0,0,188,0,176,0,47,44,0,1,188,0|592,3463004568,12,0,0,11534336,0,11534336,0,35621,0,0,44,0,0,0,0,0,0,0,5057902,0,0,0,0,0
1786209060167|1060|mixed_15min_a_half_r2f_00016_16777216|rotating|354,1378943233,33554687,13338363,13162445,13195405,13162445,13195405,13162445,23803,23758,11878,11878,0,0,1517,0,366713633,365994952,4096,4096,0,0,11879,11879,2713302389,2713302402,2713302397,2713302378,0,0,0,0,0,0,0,0,4096,256,131072,4,15|4,0,16777216,262144,64,0,0,0,0,188,0,176,0,47,44,0,1,188,0|592,2774256519,12,11779360,0,0,0,0,0,13237269,0,44,0,648045662,0,648045662,0,2048,640937231,0,10696234,0,0,0,0,0
1786209070638|1061|mixed_15min_a_half_r2f_00017_16777216|fixed|358,1378943233,16781056,6535685,6449852,70018,0,70018,0,1486,0,743,0,0,0,5823,5823,4746960,4746960,4096,4096,0,0,743,743,3403924824,3403924824,3403924832,3403924832,0,0,0,0,0,0,0,0,4096,256,131072,4,15|4,0,16777216,262144,64,0,0,0,0,100,0,88,0,25,22,0,1,100,0|600,4133274684,12,0,0,5767168,0,5767168,0,17740,0,0,22,0,0,0,0,0,0,0,5018606,0,0,0,0,0
1786209070638|1061|mixed_15min_a_half_r2f_00017_16777216|rotating|358,1378943233,33554687,6671688,6583622,6600161,6583622,6600161,6583622,5968,5945,5944,5944,0,0,759,0,183411232,183051945,4096,4096,0,0,5945,5945,3383612163,3383612144,3383612139,3383612152,0,0,0,0,0,0,0,0,4096,256,131072,4,15|4,0,16777216,262144,64,0,0,0,0,100,0,88,0,25,22,0,1,100,0|600,3445195944,12,5941056,0,0,0,0,0,6672222,0,22,0,328616652,0,328616652,0,2080,323182047,0,7869634,0,0,0,0,0
1786209075638|1061|mixed_15min_a_half_r2f_00017_16777216|fixed|360,1378943233,16781056,13163060,12989102,141165,0,141165,0,2996,0,1498,0,0,0,11727,11727,9570616,9570616,4096,4096,0,0,1498,1498,3723833030,3723833030,3723833038,3723833038,0,0,0,0,0,0,0,0,4096,256,131072,4,15|4,0,16777216,262144,64,0,0,0,0,188,0,176,0,47,44,0,1,188,0|602,159178762,13,0,0,11534336,0,11534336,0,35574,0,0,44,0,0,0,0,0,0,0,5069300,0,0,0,0,0
1786209075638|1061|mixed_15min_a_half_r2f_00017_16777216|rotating|360,1378943233,33554687,13314477,13138884,13171707,13138884,13171707,13138884,11908,11864,11862,11862,0,0,1515,0,366020968,365302635,4096,4096,0,0,11863,11863,3704261469,3704261482,3704261477,3704261490,0,0,0,0,0,0,0,0,4096,256,131072,4,15|4,0,16777216,262144,64,0,0,0,0,188,0,176,0,47,44,0,1,188,0|602,3765879308,12,11771456,0,0,0,0,0,13227573,0,44,0,647842416,0,647842416,0,2080,640729765,0,10698744,0,0,0,0,0
