Copyright 1986-2022 Xilinx, Inc. All Rights Reserved. Copyright 2022-2023 Advanced Micro Devices, Inc. All Rights Reserved.
------------------------------------------------------------------------------------------------------------------------------------------------------------------------------------------------------------------------------
| Tool Version : Vivado v.2023.1 (win64) Build 3865809 Sun May  7 15:05:29 MDT 2023
| Date         : Sun Jul 26 19:05:03 2026
| Host         : DESKTOP-PU0AECA running 64-bit major release  (build 9200)
| Command      : report_timing_summary -report_unconstrained -check_timing_verbose -file C:/Users/user/Documents/RF_COMM_MULTILANE_P9/evidence/generated/vivado/p9_z7010_candidate/post_route_timing_summary_p9_candidate.rpt
| Design       : p9_ps_system_wrapper
| Device       : 7z010-clg400
| Speed File   : -1  PRODUCTION 1.12 2019-11-22
| Design State : Routed
------------------------------------------------------------------------------------------------------------------------------------------------------------------------------------------------------------------------------

Timing Summary Report

------------------------------------------------------------------------------------------------
| Timer Settings
| --------------
------------------------------------------------------------------------------------------------

  Enable Multi Corner Analysis               :  Yes
  Enable Pessimism Removal                   :  Yes
  Pessimism Removal Resolution               :  Nearest Common Node
  Enable Input Delay Default Clock           :  No
  Enable Preset / Clear Arcs                 :  No
  Disable Flight Delays                      :  No
  Ignore I/O Paths                           :  No
  Timing Early Launch at Borrowing Latches   :  No
  Borrow Time for Max Delay Exceptions       :  Yes
  Merge Timing Exceptions                    :  Yes

  Corner  Analyze    Analyze    
  Name    Max Paths  Min Paths  
  ------  ---------  ---------  
  Slow    Yes        Yes        
  Fast    Yes        Yes        


------------------------------------------------------------------------------------------------
| Report Methodology
| ------------------
------------------------------------------------------------------------------------------------

Rule       Severity  Description                                      Violations  
---------  --------  -----------------------------------------------  ----------  
LUTAR-1    Warning   LUT drives async reset alert                     3           
PDRC-190   Warning   Suboptimally placed synchronized register chain  32          
TIMING-9   Warning   Unknown CDC Logic                                1           
TIMING-18  Warning   Missing input or output delay                    12          
ULMTCS-1   Warning   Control Sets use limits recommend reduction      1           

Note: This report is based on the most recent report_methodology run and may not be up-to-date. Run report_methodology on the current design for the latest report.



check_timing report

Table of Contents
-----------------
1. checking no_clock (0)
2. checking constant_clock (0)
3. checking pulse_width_clock (0)
4. checking unconstrained_internal_endpoints (0)
5. checking no_input_delay (4)
6. checking no_output_delay (8)
7. checking multiple_clock (0)
8. checking generated_clocks (0)
9. checking loops (0)
10. checking partial_input_delay (0)
11. checking partial_output_delay (0)
12. checking latch_loops (0)

1. checking no_clock (0)
------------------------
 There are 0 register/latch pins with no clock.


2. checking constant_clock (0)
------------------------------
 There are 0 register/latch pins with constant_clock.


3. checking pulse_width_clock (0)
---------------------------------
 There are 0 register/latch pins which need pulse_width check


4. checking unconstrained_internal_endpoints (0)
------------------------------------------------
 There are 0 pins that are not constrained for maximum delay.

 There are 0 pins that are not constrained for maximum delay due to constant clock.


5. checking no_input_delay (4)
------------------------------
 There are 4 input ports with no input delay specified. (HIGH)

ir_rx_in_0[0]
ir_rx_in_0[1]
loop_rx_b0[0]
loop_rx_b0[1]

 There are 0 input ports with no input delay but user has a false path constraint.


6. checking no_output_delay (8)
-------------------------------
 There are 8 ports with no output delay specified. (HIGH)

ir_sd_0[0]
ir_sd_0[1]
ir_tx_out_0[0]
ir_tx_out_0[1]
loop_sd_b0[0]
loop_sd_b0[1]
loop_tx_b0[0]
loop_tx_b0[1]

 There are 0 ports with no output delay but user has a false path constraint

 There are 0 ports with no output delay but with a timing clock defined on it or propagating through it


7. checking multiple_clock (0)
------------------------------
 There are 0 register/latch pins with multiple clocks.


8. checking generated_clocks (0)
--------------------------------
 There are 0 generated clocks that are not connected to a clock source.


9. checking loops (0)
---------------------
 There are 0 combinational loops in the design.


10. checking partial_input_delay (0)
------------------------------------
 There are 0 input ports with partial input delay specified.


11. checking partial_output_delay (0)
-------------------------------------
 There are 0 ports with partial output delay specified.


12. checking latch_loops (0)
----------------------------
 There are 0 combinational latch loops in the design through latch input



------------------------------------------------------------------------------------------------
| Design Timing Summary
| ---------------------
------------------------------------------------------------------------------------------------

    WNS(ns)      TNS(ns)  TNS Failing Endpoints  TNS Total Endpoints      WHS(ns)      THS(ns)  THS Failing Endpoints  THS Total Endpoints     WPWS(ns)     TPWS(ns)  TPWS Failing Endpoints  TPWS Total Endpoints  
    -------      -------  ---------------------  -------------------      -------      -------  ---------------------  -------------------     --------     --------  ----------------------  --------------------  
     -0.288       -1.731                      6                44818        0.006        0.000                      0                44702        3.750        0.000                       0                 16516  


Timing constraints are not met.


------------------------------------------------------------------------------------------------
| Clock Summary
| -------------
------------------------------------------------------------------------------------------------

Clock       Waveform(ns)       Period(ns)      Frequency(MHz)
-----       ------------       ----------      --------------
clk_fpga_0  {0.000 7.812}      15.625          64.000          
clk_fpga_1  {0.000 5.000}      10.000          100.000         
clk_fpga_2  {0.000 10.000}     20.000          50.000          


------------------------------------------------------------------------------------------------
| Intra Clock Table
| -----------------
------------------------------------------------------------------------------------------------

Clock             WNS(ns)      TNS(ns)  TNS Failing Endpoints  TNS Total Endpoints      WHS(ns)      THS(ns)  THS Failing Endpoints  THS Total Endpoints     WPWS(ns)     TPWS(ns)  TPWS Failing Endpoints  TPWS Total Endpoints  
-----             -------      -------  ---------------------  -------------------      -------      -------  ---------------------  -------------------     --------     --------  ----------------------  --------------------  
clk_fpga_0         -0.288       -1.731                      6                24380        0.019        0.000                      0                24380        6.562        0.000                       0                  9575  
clk_fpga_1          0.977        0.000                      0                15036        0.020        0.000                      0                15036        3.750        0.000                       0                  5818  
clk_fpga_2          9.278        0.000                      0                 1985        0.006        0.000                      0                 1985        9.020        0.000                       0                  1123  


------------------------------------------------------------------------------------------------
| Inter Clock Table
| -----------------
------------------------------------------------------------------------------------------------

From Clock    To Clock          WNS(ns)      TNS(ns)  TNS Failing Endpoints  TNS Total Endpoints      WHS(ns)      THS(ns)  THS Failing Endpoints  THS Total Endpoints  
----------    --------          -------      -------  ---------------------  -------------------      -------      -------  ---------------------  -------------------  
clk_fpga_1    clk_fpga_0          8.703        0.000                      0                   10                                                                        
clk_fpga_2    clk_fpga_0         44.388        0.000                      0                   60                                                                        
clk_fpga_0    clk_fpga_1         13.322        0.000                      0                   10                                                                        
clk_fpga_0    clk_fpga_2         57.394        0.000                      0                   36                                                                        


------------------------------------------------------------------------------------------------
| Other Path Groups Table
| -----------------------
------------------------------------------------------------------------------------------------

Path Group         From Clock         To Clock               WNS(ns)      TNS(ns)  TNS Failing Endpoints  TNS Total Endpoints      WHS(ns)      THS(ns)  THS Failing Endpoints  THS Total Endpoints  
----------         ----------         --------               -------      -------  ---------------------  -------------------      -------      -------  ---------------------  -------------------  
**async_default**  clk_fpga_0         clk_fpga_0               2.217        0.000                      0                 3205        0.753        0.000                      0                 3205  
**async_default**  clk_fpga_1         clk_fpga_1               2.735        0.000                      0                   96        0.685        0.000                      0                   96  


------------------------------------------------------------------------------------------------
| User Ignored Path Table
| -----------------------
------------------------------------------------------------------------------------------------

Path Group    From Clock    To Clock    
----------    ----------    --------    
(none)                      clk_fpga_0    
(none)        clk_fpga_1    clk_fpga_0    
(none)        clk_fpga_2    clk_fpga_0    
(none)                      clk_fpga_1    
(none)        clk_fpga_0    clk_fpga_1    
(none)        clk_fpga_1    clk_fpga_1    
(none)        clk_fpga_2    clk_fpga_1    
(none)                      clk_fpga_2    
(none)        clk_fpga_0    clk_fpga_2    
(none)        clk_fpga_1    clk_fpga_2    
(none)        clk_fpga_2    clk_fpga_2    


------------------------------------------------------------------------------------------------
| Unconstrained Path Table
| ------------------------
------------------------------------------------------------------------------------------------

Path Group    From Clock    To Clock    
----------    ----------    --------    
(none)        clk_fpga_0                  
(none)                      clk_fpga_0    


------------------------------------------------------------------------------------------------
| Timing Details
| --------------
------------------------------------------------------------------------------------------------


---------------------------------------------------------------------------------------------------
From Clock:  clk_fpga_0
  To Clock:  clk_fpga_0

Setup :            6  Failing Endpoints,  Worst Slack       -0.288ns,  Total Violation       -1.731ns
Hold  :            0  Failing Endpoints,  Worst Slack        0.019ns,  Total Violation        0.000ns
PW    :            0  Failing Endpoints,  Worst Slack        6.562ns,  Total Violation        0.000ns
---------------------------------------------------------------------------------------------------


Max Delay Paths
--------------------------------------------------------------------------------------
Slack (VIOLATED) :        -0.288ns  (required time - arrival time)
  Source:                 p9_ps_system_i/p9_peripheral_0/inst/impl/u_transport/u_data_plane/u_tx_window/ack_scan_count_reg[1]_rep/C
                            (rising edge-triggered cell FDCE clocked by clk_fpga_0  {rise@0.000ns fall@7.813ns period=15.625ns})
  Destination:            p9_ps_system_i/p9_peripheral_0/inst/impl/u_transport/u_data_plane/u_tx_window/outstanding_high_watermark_o_reg[0]/CE
                            (rising edge-triggered cell FDCE clocked by clk_fpga_0  {rise@0.000ns fall@7.813ns period=15.625ns})
  Path Group:             clk_fpga_0
  Path Type:              Setup (Max at Slow Process Corner)
  Requirement:            15.625ns  (clk_fpga_0 rise@15.625ns - clk_fpga_0 rise@0.000ns)
  Data Path Delay:        15.201ns  (logic 6.235ns (41.016%)  route 8.966ns (58.984%))
  Logic Levels:           26  (CARRY4=14 LUT1=1 LUT2=2 LUT3=1 LUT4=2 LUT6=5 MUXF7=1)
  Clock Path Skew:        -0.062ns (DCD - SCD + CPR)
    Destination Clock Delay (DCD):    2.666ns = ( 18.291 - 15.625 ) 
    Source Clock Delay      (SCD):    2.958ns
    Clock Pessimism Removal (CPR):    0.230ns
  Clock Uncertainty:      0.237ns  ((TSJ^2 + TIJ^2)^1/2 + DJ) / 2 + PE
    Total System Jitter     (TSJ):    0.071ns
    Total Input Jitter      (TIJ):    0.469ns
    Discrete Jitter          (DJ):    0.000ns
    Phase Error              (PE):    0.000ns

    Location             Delay type                Incr(ns)  Path(ns)    Netlist Resource(s)
  -------------------------------------------------------------------    -------------------
                         (clock clk_fpga_0 rise edge)
                                                      0.000     0.000 r  
    PS7_X0Y0             PS7                          0.000     0.000 r  p9_ps_system_i/processing_system7_0/inst/PS7_i/FCLKCLK[0]
                         net (fo=1, routed)           1.207     1.207    p9_ps_system_i/processing_system7_0/inst/FCLK_CLK_unbuffered[0]
    BUFGCTRL_X0Y2        BUFG (Prop_bufg_I_O)         0.101     1.308 r  p9_ps_system_i/processing_system7_0/inst/buffer_fclk_clk_0.FCLK_CLK_0_BUFG/O
                         net (fo=9574, routed)        1.650     2.958    p9_ps_system_i/p9_peripheral_0/inst/impl/u_transport/u_data_plane/u_tx_window/s_axi_aclk
    SLICE_X12Y74         FDCE                                         r  p9_ps_system_i/p9_peripheral_0/inst/impl/u_transport/u_data_plane/u_tx_window/ack_scan_count_reg[1]_rep/C
  -------------------------------------------------------------------    -------------------
    SLICE_X12Y74         FDCE (Prop_fdce_C_Q)         0.518     3.476 r  p9_ps_system_i/p9_peripheral_0/inst/impl/u_transport/u_data_plane/u_tx_window/ack_scan_count_reg[1]_rep/Q
                         net (fo=96, routed)          1.270     4.746    p9_ps_system_i/p9_peripheral_0/inst/impl/u_transport/u_data_plane/u_tx_window/ack_scan_count_reg[1]_rep_n_0
    SLICE_X7Y75          LUT6 (Prop_lut6_I2_O)        0.124     4.870 r  p9_ps_system_i/p9_peripheral_0/inst/impl/u_transport/u_data_plane/u_tx_window/i___228_i_8/O
                         net (fo=1, routed)           0.000     4.870    p9_ps_system_i/p9_peripheral_0/inst/impl/u_transport/u_data_plane/u_tx_window/i___228_i_8_n_0
    SLICE_X7Y75          MUXF7 (Prop_muxf7_I0_O)      0.212     5.082 r  p9_ps_system_i/p9_peripheral_0/inst/impl/u_transport/u_data_plane/u_tx_window/i___228_i_3/O
                         net (fo=1, routed)           0.943     6.025    p9_ps_system_i/p9_peripheral_0/inst/impl/u_transport/u_data_plane/u_tx_window/i___228_i_3_n_0
    SLICE_X7Y76          LUT6 (Prop_lut6_I1_O)        0.299     6.324 r  p9_ps_system_i/p9_peripheral_0/inst/impl/u_transport/u_data_plane/u_tx_window/i___228_i_1/O
                         net (fo=6, routed)           0.622     6.946    p9_ps_system_i/p9_peripheral_0/inst/impl/u_transport/u_data_plane/u_tx_window/i___228_i_1_n_0
    SLICE_X9Y74          LUT2 (Prop_lut2_I0_O)        0.124     7.070 r  p9_ps_system_i/p9_peripheral_0/inst/impl/u_transport/u_data_plane/u_tx_window/i___229/O
                         net (fo=1, routed)           0.000     7.070    p9_ps_system_i/p9_peripheral_0/inst/impl/u_transport/u_data_plane/u_tx_window/i___229_n_0
    SLICE_X9Y74          CARRY4 (Prop_carry4_S[1]_CO[3])
                                                      0.550     7.620 r  p9_ps_system_i/p9_peripheral_0/inst/impl/u_transport/u_data_plane/u_tx_window/i___154_i_242/CO[3]
                         net (fo=1, routed)           0.009     7.629    p9_ps_system_i/p9_peripheral_0/inst/impl/u_transport/u_data_plane/u_tx_window/i___154_i_242_n_0
    SLICE_X9Y75          CARRY4 (Prop_carry4_CI_CO[3])
                                                      0.114     7.743 r  p9_ps_system_i/p9_peripheral_0/inst/impl/u_transport/u_data_plane/u_tx_window/i___154_i_241/CO[3]
                         net (fo=1, routed)           0.000     7.743    p9_ps_system_i/p9_peripheral_0/inst/impl/u_transport/u_data_plane/u_tx_window/i___154_i_241_n_0
    SLICE_X9Y76          CARRY4 (Prop_carry4_CI_CO[3])
                                                      0.114     7.857 r  p9_ps_system_i/p9_peripheral_0/inst/impl/u_transport/u_data_plane/u_tx_window/i___154_i_173/CO[3]
                         net (fo=1, routed)           0.000     7.857    p9_ps_system_i/p9_peripheral_0/inst/impl/u_transport/u_data_plane/u_tx_window/i___154_i_173_n_0
    SLICE_X9Y77          CARRY4 (Prop_carry4_CI_O[3])
                                                      0.313     8.170 r  p9_ps_system_i/p9_peripheral_0/inst/impl/u_transport/u_data_plane/u_tx_window/i___154_i_172/O[3]
                         net (fo=2, routed)           0.999     9.169    p9_ps_system_i/p9_peripheral_0/inst/impl/u_transport/u_data_plane/u_tx_window/seq_distance_return4_out[15]
    SLICE_X9Y73          LUT4 (Prop_lut4_I0_O)        0.306     9.475 r  p9_ps_system_i/p9_peripheral_0/inst/impl/u_transport/u_data_plane/u_tx_window/i___154_i_95/O
                         net (fo=1, routed)           0.000     9.475    p9_ps_system_i/p9_peripheral_0/inst/impl/u_transport/u_data_plane/u_tx_window/i___154_i_95_n_0
    SLICE_X9Y73          CARRY4 (Prop_carry4_S[3]_CO[3])
                                                      0.401     9.876 f  p9_ps_system_i/p9_peripheral_0/inst/impl/u_transport/u_data_plane/u_tx_window/i___154_i_44/CO[3]
                         net (fo=1, routed)           1.094    10.970    p9_ps_system_i/p9_peripheral_0/inst/impl/u_transport/u_data_plane/u_tx_window/ack_scan_in_snapshot
    SLICE_X19Y73         LUT6 (Prop_lut6_I2_O)        0.124    11.094 r  p9_ps_system_i/p9_peripheral_0/inst/impl/u_transport/u_data_plane/u_tx_window/i___154_i_14/O
                         net (fo=1, routed)           0.603    11.698    p9_ps_system_i/p9_peripheral_0/inst/impl/u_transport/u_data_plane/u_tx_window/i___154_i_14_n_0
    SLICE_X19Y75         LUT6 (Prop_lut6_I5_O)        0.124    11.822 f  p9_ps_system_i/p9_peripheral_0/inst/impl/u_transport/u_data_plane/u_tx_window/i___154_i_3/O
                         net (fo=78, routed)          0.565    12.387    p9_ps_system_i/p9_peripheral_0/inst/impl/u_transport/u_data_plane/u_tx_window/p_49_in
    SLICE_X15Y75         LUT3 (Prop_lut3_I2_O)        0.124    12.511 r  p9_ps_system_i/p9_peripheral_0/inst/impl/u_transport/u_data_plane/u_tx_window/i___159_i_1/O
                         net (fo=33, routed)          0.625    13.135    p9_ps_system_i/p9_peripheral_0/inst/impl/u_transport/u_data_plane/u_tx_window/i___159_i_1_n_0
    SLICE_X16Y75         LUT4 (Prop_lut4_I1_O)        0.124    13.259 r  p9_ps_system_i/p9_peripheral_0/inst/impl/u_transport/u_data_plane/u_tx_window/i___322/O
                         net (fo=1, routed)           0.000    13.259    p9_ps_system_i/p9_peripheral_0/inst/impl/u_transport/u_data_plane/u_tx_window/i___322_n_0
    SLICE_X16Y75         CARRY4 (Prop_carry4_S[0]_CO[3])
                                                      0.513    13.772 r  p9_ps_system_i/p9_peripheral_0/inst/impl/u_transport/u_data_plane/u_tx_window/i___316_i_1/CO[3]
                         net (fo=1, routed)           0.000    13.772    p9_ps_system_i/p9_peripheral_0/inst/impl/u_transport/u_data_plane/u_tx_window/i___316_i_1_n_0
    SLICE_X16Y76         CARRY4 (Prop_carry4_CI_CO[3])
                                                      0.117    13.889 r  p9_ps_system_i/p9_peripheral_0/inst/impl/u_transport/u_data_plane/u_tx_window/i___314_i_1/CO[3]
                         net (fo=1, routed)           0.000    13.889    p9_ps_system_i/p9_peripheral_0/inst/impl/u_transport/u_data_plane/u_tx_window/i___314_i_1_n_0
    SLICE_X16Y77         CARRY4 (Prop_carry4_CI_CO[3])
                                                      0.117    14.006 r  p9_ps_system_i/p9_peripheral_0/inst/impl/u_transport/u_data_plane/u_tx_window/i___87_i_57/CO[3]
                         net (fo=1, routed)           0.000    14.006    p9_ps_system_i/p9_peripheral_0/inst/impl/u_transport/u_data_plane/u_tx_window/i___87_i_57_n_0
    SLICE_X16Y78         CARRY4 (Prop_carry4_CI_CO[3])
                                                      0.117    14.123 r  p9_ps_system_i/p9_peripheral_0/inst/impl/u_transport/u_data_plane/u_tx_window/i___87_i_49/CO[3]
                         net (fo=1, routed)           0.000    14.123    p9_ps_system_i/p9_peripheral_0/inst/impl/u_transport/u_data_plane/u_tx_window/i___87_i_49_n_0
    SLICE_X16Y79         CARRY4 (Prop_carry4_CI_CO[3])
                                                      0.117    14.240 r  p9_ps_system_i/p9_peripheral_0/inst/impl/u_transport/u_data_plane/u_tx_window/i___87_i_39/CO[3]
                         net (fo=1, routed)           0.000    14.240    p9_ps_system_i/p9_peripheral_0/inst/impl/u_transport/u_data_plane/u_tx_window/i___87_i_39_n_0
    SLICE_X16Y80         CARRY4 (Prop_carry4_CI_CO[3])
                                                      0.117    14.357 r  p9_ps_system_i/p9_peripheral_0/inst/impl/u_transport/u_data_plane/u_tx_window/i___87_i_29/CO[3]
                         net (fo=1, routed)           0.000    14.357    p9_ps_system_i/p9_peripheral_0/inst/impl/u_transport/u_data_plane/u_tx_window/i___87_i_29_n_0
    SLICE_X16Y81         CARRY4 (Prop_carry4_CI_O[1])
                                                      0.323    14.680 f  p9_ps_system_i/p9_peripheral_0/inst/impl/u_transport/u_data_plane/u_tx_window/i___87_i_19/O[1]
                         net (fo=1, routed)           0.552    15.233    p9_ps_system_i/p9_peripheral_0/inst/impl/u_transport/u_data_plane/u_tx_window/i___87_i_19_n_6
    SLICE_X17Y80         LUT1 (Prop_lut1_I0_O)        0.306    15.539 r  p9_ps_system_i/p9_peripheral_0/inst/impl/u_transport/u_data_plane/u_tx_window/i___87_i_11/O
                         net (fo=1, routed)           0.000    15.539    p9_ps_system_i/p9_peripheral_0/inst/impl/u_transport/u_data_plane/u_tx_window/i___87_i_11_n_0
    SLICE_X17Y80         CARRY4 (Prop_carry4_S[1]_CO[3])
                                                      0.550    16.089 r  p9_ps_system_i/p9_peripheral_0/inst/impl/u_transport/u_data_plane/u_tx_window/i___87_i_3/CO[3]
                         net (fo=1, routed)           0.000    16.089    p9_ps_system_i/p9_peripheral_0/inst/impl/u_transport/u_data_plane/u_tx_window/i___87_i_3_n_0
    SLICE_X17Y81         CARRY4 (Prop_carry4_CI_CO[3])
                                                      0.114    16.203 f  p9_ps_system_i/p9_peripheral_0/inst/impl/u_transport/u_data_plane/u_tx_window/i___87_i_2/CO[3]
                         net (fo=1, routed)           0.760    16.962    p9_ps_system_i/p9_peripheral_0/inst/impl/u_transport/u_data_plane/u_tx_window/i___87_i_2_n_0
    SLICE_X15Y78         LUT6 (Prop_lut6_I1_O)        0.124    17.086 f  p9_ps_system_i/p9_peripheral_0/inst/impl/u_transport/u_data_plane/u_tx_window/i___87_i_1/O
                         net (fo=7, routed)           0.587    17.673    p9_ps_system_i/p9_peripheral_0/inst/impl/u_transport/u_data_plane/u_tx_window/i___87_i_1_n_0
    SLICE_X14Y76         LUT2 (Prop_lut2_I1_O)        0.149    17.822 r  p9_ps_system_i/p9_peripheral_0/inst/impl/u_transport/u_data_plane/u_tx_window/i___87/O
                         net (fo=6, routed)           0.337    18.159    p9_ps_system_i/p9_peripheral_0/inst/impl/u_transport/u_data_plane/u_tx_window/i___87_n_0
    SLICE_X15Y75         FDCE                                         r  p9_ps_system_i/p9_peripheral_0/inst/impl/u_transport/u_data_plane/u_tx_window/outstanding_high_watermark_o_reg[0]/CE
  -------------------------------------------------------------------    -------------------

                         (clock clk_fpga_0 rise edge)
                                                     15.625    15.625 r  
    PS7_X0Y0             PS7                          0.000    15.625 r  p9_ps_system_i/processing_system7_0/inst/PS7_i/FCLKCLK[0]
                         net (fo=1, routed)           1.101    16.726    p9_ps_system_i/processing_system7_0/inst/FCLK_CLK_unbuffered[0]
    BUFGCTRL_X0Y2        BUFG (Prop_bufg_I_O)         0.091    16.817 r  p9_ps_system_i/processing_system7_0/inst/buffer_fclk_clk_0.FCLK_CLK_0_BUFG/O
                         net (fo=9574, routed)        1.474    18.291    p9_ps_system_i/p9_peripheral_0/inst/impl/u_transport/u_data_plane/u_tx_window/s_axi_aclk
    SLICE_X15Y75         FDCE                                         r  p9_ps_system_i/p9_peripheral_0/inst/impl/u_transport/u_data_plane/u_tx_window/outstanding_high_watermark_o_reg[0]/C
                         clock pessimism              0.230    18.521    
                         clock uncertainty           -0.237    18.284    
    SLICE_X15Y75         FDCE (Setup_fdce_C_CE)      -0.413    17.871    p9_ps_system_i/p9_peripheral_0/inst/impl/u_transport/u_data_plane/u_tx_window/outstanding_high_watermark_o_reg[0]
  -------------------------------------------------------------------
                         required time                         17.871    
                         arrival time                         -18.159    
  -------------------------------------------------------------------
                         slack                                 -0.288    





Min Delay Paths
--------------------------------------------------------------------------------------
Slack (MET) :             0.019ns  (arrival time - required time)
  Source:                 p9_ps_system_i/p9_axil_clock_converter/inst/gen_clock_conv.gen_async_lite_conv.clock_conv_lite_fwd_w/handshake/dest_hsdata_ff_reg[15]/C
                            (rising edge-triggered cell FDRE clocked by clk_fpga_0  {rise@0.000ns fall@7.813ns period=15.625ns})
  Destination:            p9_ps_system_i/p9_peripheral_0/inst/impl/u_axi_lite/wdata_hold_reg[15]/D
                            (rising edge-triggered cell FDCE clocked by clk_fpga_0  {rise@0.000ns fall@7.813ns period=15.625ns})
  Path Group:             clk_fpga_0
  Path Type:              Hold (Min at Fast Process Corner)
  Requirement:            0.000ns  (clk_fpga_0 rise@0.000ns - clk_fpga_0 rise@0.000ns)
  Data Path Delay:        0.349ns  (logic 0.141ns (40.435%)  route 0.208ns (59.565%))
  Logic Levels:           0  
  Clock Path Skew:        0.270ns (DCD - SCD - CPR)
    Destination Clock Delay (DCD):    1.199ns
    Source Clock Delay      (SCD):    0.900ns
    Clock Pessimism Removal (CPR):    0.029ns

    Location             Delay type                Incr(ns)  Path(ns)    Netlist Resource(s)
  -------------------------------------------------------------------    -------------------
                         (clock clk_fpga_0 rise edge)
                                                      0.000     0.000 r  
    PS7_X0Y0             PS7                          0.000     0.000 r  p9_ps_system_i/processing_system7_0/inst/PS7_i/FCLKCLK[0]
                         net (fo=1, routed)           0.315     0.315    p9_ps_system_i/processing_system7_0/inst/FCLK_CLK_unbuffered[0]
    BUFGCTRL_X0Y2        BUFG (Prop_bufg_I_O)         0.026     0.341 r  p9_ps_system_i/processing_system7_0/inst/buffer_fclk_clk_0.FCLK_CLK_0_BUFG/O
                         net (fo=9574, routed)        0.559     0.900    p9_ps_system_i/p9_axil_clock_converter/inst/gen_clock_conv.gen_async_lite_conv.clock_conv_lite_fwd_w/handshake/dest_clk
    SLICE_X23Y50         FDRE                                         r  p9_ps_system_i/p9_axil_clock_converter/inst/gen_clock_conv.gen_async_lite_conv.clock_conv_lite_fwd_w/handshake/dest_hsdata_ff_reg[15]/C
  -------------------------------------------------------------------    -------------------
    SLICE_X23Y50         FDRE (Prop_fdre_C_Q)         0.141     1.041 r  p9_ps_system_i/p9_axil_clock_converter/inst/gen_clock_conv.gen_async_lite_conv.clock_conv_lite_fwd_w/handshake/dest_hsdata_ff_reg[15]/Q
                         net (fo=1, routed)           0.208     1.248    p9_ps_system_i/p9_peripheral_0/inst/impl/u_axi_lite/s_axi_wdata[15]
    SLICE_X22Y48         FDCE                                         r  p9_ps_system_i/p9_peripheral_0/inst/impl/u_axi_lite/wdata_hold_reg[15]/D
  -------------------------------------------------------------------    -------------------

                         (clock clk_fpga_0 rise edge)
                                                      0.000     0.000 r  
    PS7_X0Y0             PS7                          0.000     0.000 r  p9_ps_system_i/processing_system7_0/inst/PS7_i/FCLKCLK[0]
                         net (fo=1, routed)           0.341     0.341    p9_ps_system_i/processing_system7_0/inst/FCLK_CLK_unbuffered[0]
    BUFGCTRL_X0Y2        BUFG (Prop_bufg_I_O)         0.029     0.370 r  p9_ps_system_i/processing_system7_0/inst/buffer_fclk_clk_0.FCLK_CLK_0_BUFG/O
                         net (fo=9574, routed)        0.829     1.199    p9_ps_system_i/p9_peripheral_0/inst/impl/u_axi_lite/s_axi_aclk
    SLICE_X22Y48         FDCE                                         r  p9_ps_system_i/p9_peripheral_0/inst/impl/u_axi_lite/wdata_hold_reg[15]/C
                         clock pessimism             -0.029     1.170    
    SLICE_X22Y48         FDCE (Hold_fdce_C_D)         0.059     1.229    p9_ps_system_i/p9_peripheral_0/inst/impl/u_axi_lite/wdata_hold_reg[15]
  -------------------------------------------------------------------
                         required time                         -1.229    
                         arrival time                           1.248    
  -------------------------------------------------------------------
                         slack                                  0.019    





Pulse Width Checks
--------------------------------------------------------------------------------------
Clock Name:         clk_fpga_0
Waveform(ns):       { 0.000 7.812 }
Period(ns):         15.625
Sources:            { p9_ps_system_i/processing_system7_0/inst/PS7_i/FCLKCLK[0] }

Check Type        Corner  Lib Pin             Reference Pin  Required(ns)  Actual(ns)  Slack(ns)  Location      Pin
Min Period        n/a     RAMB36E1/CLKARDCLK  n/a            3.363         15.625      12.262     RAMB36_X0Y5   p9_ps_system_i/p9_peripheral_0/inst/impl/u_transport/g_physical[0].u_a_phy/u_p8c_physical_safety/u_exact_duty_accountant/history_mem_reg_0/CLKARDCLK
Low Pulse Width   Slow    RAMD64E/CLK         n/a            1.250         7.812       6.562      SLICE_X30Y17  p9_ps_system_i/p9_peripheral_0/inst/impl/u_transport/output_stage_reg_r1_0_63_0_2/RAMA/CLK
High Pulse Width  Slow    RAMD64E/CLK         n/a            1.250         7.812       6.562      SLICE_X30Y17  p9_ps_system_i/p9_peripheral_0/inst/impl/u_transport/output_stage_reg_r1_0_63_0_2/RAMA/CLK



---------------------------------------------------------------------------------------------------
From Clock:  clk_fpga_1
  To Clock:  clk_fpga_1

Setup :            0  Failing Endpoints,  Worst Slack        0.977ns,  Total Violation        0.000ns
Hold  :            0  Failing Endpoints,  Worst Slack        0.020ns,  Total Violation        0.000ns
PW    :            0  Failing Endpoints,  Worst Slack        3.750ns,  Total Violation        0.000ns
---------------------------------------------------------------------------------------------------


Max Delay Paths
--------------------------------------------------------------------------------------
Slack (MET) :             0.977ns  (required time - arrival time)
  Source:                 p9_ps_system_i/processing_system7_0/inst/PS7_i/SAXIHP0ACLK
                            (rising edge-triggered cell PS7 clocked by clk_fpga_1  {rise@0.000ns fall@5.000ns period=10.000ns})
  Destination:            p9_ps_system_i/hp0_interconnect/s01_couplers/auto_us/inst/gen_upsizer.gen_full_upsizer.axi_upsizer_inst/USE_WRITE.write_addr_inst/GEN_CMD_QUEUE.cmd_queue/USE_RTL_ADDR.addr_q_reg[4]/CE
                            (rising edge-triggered cell FDRE clocked by clk_fpga_1  {rise@0.000ns fall@5.000ns period=10.000ns})
  Path Group:             clk_fpga_1
  Path Type:              Setup (Max at Slow Process Corner)
  Requirement:            10.000ns  (clk_fpga_1 rise@10.000ns - clk_fpga_1 rise@0.000ns)
  Data Path Delay:        8.426ns  (logic 2.613ns (31.013%)  route 5.813ns (68.987%))
  Logic Levels:           7  (LUT2=1 LUT3=2 LUT4=1 LUT5=1 LUT6=2)
  Clock Path Skew:        -0.238ns (DCD - SCD + CPR)
    Destination Clock Delay (DCD):    2.687ns = ( 12.688 - 10.000 ) 
    Source Clock Delay      (SCD):    3.156ns
    Clock Pessimism Removal (CPR):    0.230ns
  Clock Uncertainty:      0.154ns  ((TSJ^2 + TIJ^2)^1/2 + DJ) / 2 + PE
    Total System Jitter     (TSJ):    0.071ns
    Total Input Jitter      (TIJ):    0.300ns
    Discrete Jitter          (DJ):    0.000ns
    Phase Error              (PE):    0.000ns

    Location             Delay type                Incr(ns)  Path(ns)    Netlist Resource(s)
  -------------------------------------------------------------------    -------------------
                         (clock clk_fpga_1 rise edge)
                                                      0.000     0.000 r  
    PS7_X0Y0             PS7                          0.000     0.000 r  p9_ps_system_i/processing_system7_0/inst/PS7_i/FCLKCLK[1]
                         net (fo=1, routed)           1.207     1.207    p9_ps_system_i/processing_system7_0/inst/FCLK_CLK_unbuffered[1]
    BUFGCTRL_X0Y0        BUFG (Prop_bufg_I_O)         0.101     1.308 r  p9_ps_system_i/processing_system7_0/inst/buffer_fclk_clk_1.FCLK_CLK_1_BUFG/O
                         net (fo=5818, routed)        1.848     3.156    p9_ps_system_i/processing_system7_0/inst/S_AXI_HP0_ACLK
    PS7_X0Y0             PS7                                          r  p9_ps_system_i/processing_system7_0/inst/PS7_i/SAXIHP0ACLK
  -------------------------------------------------------------------    -------------------
    PS7_X0Y0             PS7 (Prop_ps7_SAXIHP0ACLK_SAXIHP0WREADY)
                                                      1.277     4.433 r  p9_ps_system_i/processing_system7_0/inst/PS7_i/SAXIHP0WREADY
                         net (fo=5, routed)           1.421     5.855    p9_ps_system_i/hp0_interconnect/m00_couplers/auto_pc/inst/gen_axi4_axi3.axi3_conv_inst/USE_WRITE.write_addr_inst/USE_BURSTS.cmd_queue/inst/m_axi_wready
    SLICE_X7Y16          LUT3 (Prop_lut3_I1_O)        0.124     5.979 r  p9_ps_system_i/hp0_interconnect/m00_couplers/auto_pc/inst/gen_axi4_axi3.axi3_conv_inst/USE_WRITE.write_addr_inst/USE_BURSTS.cmd_queue/inst/s_axi_wready_INST_0/O
                         net (fo=12, routed)          0.488     6.467    p9_ps_system_i/hp0_interconnect/xbar/inst/gen_samd.crossbar_samd/gen_master_slots[0].gen_mi_write.wdata_mux_w/gen_wmux.wmux_aw_fifo/m_axi_wready[0]
    SLICE_X8Y14          LUT6 (Prop_lut6_I0_O)        0.124     6.591 f  p9_ps_system_i/hp0_interconnect/xbar/inst/gen_samd.crossbar_samd/gen_master_slots[0].gen_mi_write.wdata_mux_w/gen_wmux.wmux_aw_fifo/s_axi_wready[1]_INST_0_i_1/O
                         net (fo=5, routed)           0.623     7.214    p9_ps_system_i/hp0_interconnect/xbar/inst/gen_samd.crossbar_samd/gen_slave_slots[1].gen_si_write.wdata_router_w/wrouter_aw_fifo/s_axi_wready[1]
    SLICE_X11Y14         LUT2 (Prop_lut2_I1_O)        0.153     7.367 r  p9_ps_system_i/hp0_interconnect/xbar/inst/gen_samd.crossbar_samd/gen_slave_slots[1].gen_si_write.wdata_router_w/wrouter_aw_fifo/s_axi_wready[1]_INST_0/O
                         net (fo=22, routed)          1.053     8.419    p9_ps_system_i/hp0_interconnect/s01_couplers/auto_us/inst/gen_upsizer.gen_full_upsizer.axi_upsizer_inst/USE_WRITE.gen_non_fifo_w_upsizer.write_data_inst/m_axi_wready
    SLICE_X17Y13         LUT4 (Prop_lut4_I0_O)        0.327     8.746 r  p9_ps_system_i/hp0_interconnect/s01_couplers/auto_us/inst/gen_upsizer.gen_full_upsizer.axi_upsizer_inst/USE_WRITE.gen_non_fifo_w_upsizer.write_data_inst/USE_FF_OUT.USE_RTL_OUTPUT_PIPELINE.M_MESG_Q[29]_i_3/O
                         net (fo=1, routed)           0.423     9.169    p9_ps_system_i/hp0_interconnect/s01_couplers/auto_us/inst/gen_upsizer.gen_full_upsizer.axi_upsizer_inst/USE_WRITE.write_addr_inst/GEN_CMD_QUEUE.cmd_queue/USE_RTL_LENGTH.length_counter_q_reg[1]_0
    SLICE_X18Y12         LUT5 (Prop_lut5_I0_O)        0.124     9.293 r  p9_ps_system_i/hp0_interconnect/s01_couplers/auto_us/inst/gen_upsizer.gen_full_upsizer.axi_upsizer_inst/USE_WRITE.write_addr_inst/GEN_CMD_QUEUE.cmd_queue/USE_FF_OUT.USE_RTL_OUTPUT_PIPELINE.M_MESG_Q[29]_i_2/O
                         net (fo=11, routed)          0.715    10.008    p9_ps_system_i/hp0_interconnect/s01_couplers/auto_us/inst/gen_upsizer.gen_full_upsizer.axi_upsizer_inst/USE_WRITE.write_addr_inst/GEN_CMD_QUEUE.cmd_queue/m_axi_wready_0
    SLICE_X18Y12         LUT3 (Prop_lut3_I0_O)        0.152    10.160 r  p9_ps_system_i/hp0_interconnect/s01_couplers/auto_us/inst/gen_upsizer.gen_full_upsizer.axi_upsizer_inst/USE_WRITE.write_addr_inst/GEN_CMD_QUEUE.cmd_queue/USE_FF_OUT.USE_RTL_OUTPUT_PIPELINE.M_MESG_Q[29]_i_1/O
                         net (fo=29, routed)          0.551    10.711    p9_ps_system_i/hp0_interconnect/s01_couplers/auto_us/inst/gen_upsizer.gen_full_upsizer.axi_upsizer_inst/USE_WRITE.write_addr_inst/GEN_CMD_QUEUE.cmd_queue/M_READY_I
    SLICE_X18Y14         LUT6 (Prop_lut6_I1_O)        0.332    11.043 r  p9_ps_system_i/hp0_interconnect/s01_couplers/auto_us/inst/gen_upsizer.gen_full_upsizer.axi_upsizer_inst/USE_WRITE.write_addr_inst/GEN_CMD_QUEUE.cmd_queue/USE_RTL_ADDR.addr_q[4]_i_1/O
                         net (fo=5, routed)           0.539    11.582    p9_ps_system_i/hp0_interconnect/s01_couplers/auto_us/inst/gen_upsizer.gen_full_upsizer.axi_upsizer_inst/USE_WRITE.write_addr_inst/GEN_CMD_QUEUE.cmd_queue/USE_RTL_ADDR.addr_q
    SLICE_X17Y13         FDRE                                         r  p9_ps_system_i/hp0_interconnect/s01_couplers/auto_us/inst/gen_upsizer.gen_full_upsizer.axi_upsizer_inst/USE_WRITE.write_addr_inst/GEN_CMD_QUEUE.cmd_queue/USE_RTL_ADDR.addr_q_reg[4]/CE
  -------------------------------------------------------------------    -------------------

                         (clock clk_fpga_1 rise edge)
                                                     10.000    10.000 r  
    PS7_X0Y0             PS7                          0.000    10.000 r  p9_ps_system_i/processing_system7_0/inst/PS7_i/FCLKCLK[1]
                         net (fo=1, routed)           1.101    11.101    p9_ps_system_i/processing_system7_0/inst/FCLK_CLK_unbuffered[1]
    BUFGCTRL_X0Y0        BUFG (Prop_bufg_I_O)         0.091    11.192 r  p9_ps_system_i/processing_system7_0/inst/buffer_fclk_clk_1.FCLK_CLK_1_BUFG/O
                         net (fo=5818, routed)        1.495    12.687    p9_ps_system_i/hp0_interconnect/s01_couplers/auto_us/inst/gen_upsizer.gen_full_upsizer.axi_upsizer_inst/USE_WRITE.write_addr_inst/GEN_CMD_QUEUE.cmd_queue/out
    SLICE_X17Y13         FDRE                                         r  p9_ps_system_i/hp0_interconnect/s01_couplers/auto_us/inst/gen_upsizer.gen_full_upsizer.axi_upsizer_inst/USE_WRITE.write_addr_inst/GEN_CMD_QUEUE.cmd_queue/USE_RTL_ADDR.addr_q_reg[4]/C
                         clock pessimism              0.230    12.918    
                         clock uncertainty           -0.154    12.764    
    SLICE_X17Y13         FDRE (Setup_fdre_C_CE)      -0.205    12.559    p9_ps_system_i/hp0_interconnect/s01_couplers/auto_us/inst/gen_upsizer.gen_full_upsizer.axi_upsizer_inst/USE_WRITE.write_addr_inst/GEN_CMD_QUEUE.cmd_queue/USE_RTL_ADDR.addr_q_reg[4]
  -------------------------------------------------------------------
                         required time                         12.559    
                         arrival time                         -11.582    
  -------------------------------------------------------------------
                         slack                                  0.977    





Min Delay Paths
--------------------------------------------------------------------------------------
Slack (MET) :             0.020ns  (arrival time - required time)
  Source:                 p9_ps_system_i/hp0_interconnect/s02_couplers/auto_us/inst/gen_upsizer.gen_full_upsizer.axi_upsizer_inst/si_register_slice_inst/aw.aw_pipe/m_payload_i_reg[28]/C
                            (rising edge-triggered cell FDRE clocked by clk_fpga_1  {rise@0.000ns fall@5.000ns period=10.000ns})
  Destination:            p9_ps_system_i/hp0_interconnect/xbar/inst/gen_samd.crossbar_samd/addr_arbiter_aw/gen_arbiter.m_mesg_i_reg[30]/D
                            (rising edge-triggered cell FDRE clocked by clk_fpga_1  {rise@0.000ns fall@5.000ns period=10.000ns})
  Path Group:             clk_fpga_1
  Path Type:              Hold (Min at Fast Process Corner)
  Requirement:            0.000ns  (clk_fpga_1 rise@0.000ns - clk_fpga_1 rise@0.000ns)
  Data Path Delay:        0.377ns  (logic 0.186ns (49.305%)  route 0.191ns (50.695%))
  Logic Levels:           1  (LUT4=1)
  Clock Path Skew:        0.266ns (DCD - SCD - CPR)
    Destination Clock Delay (DCD):    1.199ns
    Source Clock Delay      (SCD):    0.899ns
    Clock Pessimism Removal (CPR):    0.034ns

    Location             Delay type                Incr(ns)  Path(ns)    Netlist Resource(s)
  -------------------------------------------------------------------    -------------------
                         (clock clk_fpga_1 rise edge)
                                                      0.000     0.000 r  
    PS7_X0Y0             PS7                          0.000     0.000 r  p9_ps_system_i/processing_system7_0/inst/PS7_i/FCLKCLK[1]
                         net (fo=1, routed)           0.315     0.315    p9_ps_system_i/processing_system7_0/inst/FCLK_CLK_unbuffered[1]
    BUFGCTRL_X0Y0        BUFG (Prop_bufg_I_O)         0.026     0.341 r  p9_ps_system_i/processing_system7_0/inst/buffer_fclk_clk_1.FCLK_CLK_1_BUFG/O
                         net (fo=5818, routed)        0.558     0.899    p9_ps_system_i/hp0_interconnect/s02_couplers/auto_us/inst/gen_upsizer.gen_full_upsizer.axi_upsizer_inst/si_register_slice_inst/aw.aw_pipe/m_valid_i_reg_inv_0
    SLICE_X25Y11         FDRE                                         r  p9_ps_system_i/hp0_interconnect/s02_couplers/auto_us/inst/gen_upsizer.gen_full_upsizer.axi_upsizer_inst/si_register_slice_inst/aw.aw_pipe/m_payload_i_reg[28]/C
  -------------------------------------------------------------------    -------------------
    SLICE_X25Y11         FDRE (Prop_fdre_C_Q)         0.141     1.039 r  p9_ps_system_i/hp0_interconnect/s02_couplers/auto_us/inst/gen_upsizer.gen_full_upsizer.axi_upsizer_inst/si_register_slice_inst/aw.aw_pipe/m_payload_i_reg[28]/Q
                         net (fo=1, routed)           0.191     1.231    p9_ps_system_i/hp0_interconnect/xbar/inst/gen_samd.crossbar_samd/addr_arbiter_aw/s_axi_awaddr[60]
    SLICE_X21Y9          LUT4 (Prop_lut4_I0_O)        0.045     1.276 r  p9_ps_system_i/hp0_interconnect/xbar/inst/gen_samd.crossbar_samd/addr_arbiter_aw/gen_arbiter.m_mesg_i[30]_i_1/O
                         net (fo=1, routed)           0.000     1.276    p9_ps_system_i/hp0_interconnect/xbar/inst/gen_samd.crossbar_samd/addr_arbiter_aw/m_mesg_mux[30]
    SLICE_X21Y9          FDRE                                         r  p9_ps_system_i/hp0_interconnect/xbar/inst/gen_samd.crossbar_samd/addr_arbiter_aw/gen_arbiter.m_mesg_i_reg[30]/D
  -------------------------------------------------------------------    -------------------

                         (clock clk_fpga_1 rise edge)
                                                      0.000     0.000 r  
    PS7_X0Y0             PS7                          0.000     0.000 r  p9_ps_system_i/processing_system7_0/inst/PS7_i/FCLKCLK[1]
                         net (fo=1, routed)           0.341     0.341    p9_ps_system_i/processing_system7_0/inst/FCLK_CLK_unbuffered[1]
    BUFGCTRL_X0Y0        BUFG (Prop_bufg_I_O)         0.029     0.370 r  p9_ps_system_i/processing_system7_0/inst/buffer_fclk_clk_1.FCLK_CLK_1_BUFG/O
                         net (fo=5818, routed)        0.829     1.199    p9_ps_system_i/hp0_interconnect/xbar/inst/gen_samd.crossbar_samd/addr_arbiter_aw/aclk
    SLICE_X21Y9          FDRE                                         r  p9_ps_system_i/hp0_interconnect/xbar/inst/gen_samd.crossbar_samd/addr_arbiter_aw/gen_arbiter.m_mesg_i_reg[30]/C
                         clock pessimism             -0.034     1.165    
    SLICE_X21Y9          FDRE (Hold_fdre_C_D)         0.091     1.256    p9_ps_system_i/hp0_interconnect/xbar/inst/gen_samd.crossbar_samd/addr_arbiter_aw/gen_arbiter.m_mesg_i_reg[30]
  -------------------------------------------------------------------
                         required time                         -1.256    
                         arrival time                           1.276    
  -------------------------------------------------------------------
                         slack                                  0.020    





Pulse Width Checks
--------------------------------------------------------------------------------------
Clock Name:         clk_fpga_1
Waveform(ns):       { 0.000 5.000 }
Period(ns):         10.000
Sources:            { p9_ps_system_i/processing_system7_0/inst/PS7_i/FCLKCLK[1] }

Check Type        Corner  Lib Pin             Reference Pin  Required(ns)  Actual(ns)  Slack(ns)  Location     Pin
Min Period        n/a     RAMB36E1/CLKARDCLK  n/a            2.576         10.000      7.424      RAMB36_X1Y0  p9_ps_system_i/axi_dma_0/U0/I_PRMRY_DATAMOVER/GEN_MM2S_FULL.I_MM2S_FULL_WRAPPER/GEN_INCLUDE_MM2S_SF.I_RD_SF/I_DATA_FIFO/BLK_MEM.I_SYNC_FIFOGEN_FIFO/xpm_fifo_instance.xpm_fifo_sync_inst/xpm_fifo_base_inst/gen_sdpram.xpm_memory_base_inst/gen_wr_a.gen_word_narrow.mem_reg/CLKARDCLK
Low Pulse Width   Slow    RAMD32/CLK          n/a            1.250         5.000       3.750      SLICE_X42Y8  p9_ps_system_i/axi_dma_0/U0/I_PRMRY_DATAMOVER/GEN_S2MM_FULL.I_S2MM_FULL_WRAPPER/GEN_ENABLE_INDET_BTT_SF.I_INDET_BTT/I_XD_FIFO/NON_BLK_MEM.I_SYNC_FIFOGEN_FIFO/xpm_fifo_instance.xpm_fifo_sync_inst/xpm_fifo_base_inst/gen_sdpram.xpm_memory_base_inst/gen_wr_a.gen_word_narrow.mem_reg_0_15_0_5/RAMA/CLK
High Pulse Width  Slow    RAMD32/CLK          n/a            1.250         5.000       3.750      SLICE_X42Y8  p9_ps_system_i/axi_dma_0/U0/I_PRMRY_DATAMOVER/GEN_S2MM_FULL.I_S2MM_FULL_WRAPPER/GEN_ENABLE_INDET_BTT_SF.I_INDET_BTT/I_XD_FIFO/NON_BLK_MEM.I_SYNC_FIFOGEN_FIFO/xpm_fifo_instance.xpm_fifo_sync_inst/xpm_fifo_base_inst/gen_sdpram.xpm_memory_base_inst/gen_wr_a.gen_word_narrow.mem_reg_0_15_0_5/RAMA/CLK



---------------------------------------------------------------------------------------------------
From Clock:  clk_fpga_2
  To Clock:  clk_fpga_2

Setup :            0  Failing Endpoints,  Worst Slack        9.278ns,  Total Violation        0.000ns
Hold  :            0  Failing Endpoints,  Worst Slack        0.006ns,  Total Violation        0.000ns
PW    :            0  Failing Endpoints,  Worst Slack        9.020ns,  Total Violation        0.000ns
---------------------------------------------------------------------------------------------------


Max Delay Paths
--------------------------------------------------------------------------------------
Slack (MET) :             9.278ns  (required time - arrival time)
  Source:                 p9_ps_system_i/gp0_interconnect/s00_couplers/auto_pc/inst/gen_axilite.gen_b2s_conv.axilite_b2s/RD.ar_channel_0/ar_cmd_fsm_0/FSM_sequential_state_reg[0]/C
                            (rising edge-triggered cell FDSE clocked by clk_fpga_2  {rise@0.000ns fall@10.000ns period=20.000ns})
  Destination:            p9_ps_system_i/gp0_interconnect/s00_couplers/auto_pc/inst/gen_axilite.gen_b2s_conv.axilite_b2s/RD.ar_channel_0/cmd_translator_0/incr_cmd_0/axlen_cnt_reg[4]/R
                            (rising edge-triggered cell FDRE clocked by clk_fpga_2  {rise@0.000ns fall@10.000ns period=20.000ns})
  Path Group:             clk_fpga_2
  Path Type:              Setup (Max at Slow Process Corner)
  Requirement:            20.000ns  (clk_fpga_2 rise@20.000ns - clk_fpga_2 rise@0.000ns)
  Data Path Delay:        9.633ns  (logic 1.224ns (12.707%)  route 8.409ns (87.293%))
  Logic Levels:           3  (LUT3=1 LUT5=2)
  Clock Path Skew:        -0.061ns (DCD - SCD + CPR)
    Destination Clock Delay (DCD):    2.691ns = ( 22.691 - 20.000 ) 
    Source Clock Delay      (SCD):    2.982ns
    Clock Pessimism Removal (CPR):    0.230ns
  Clock Uncertainty:      0.302ns  ((TSJ^2 + TIJ^2)^1/2 + DJ) / 2 + PE
    Total System Jitter     (TSJ):    0.071ns
    Total Input Jitter      (TIJ):    0.600ns
    Discrete Jitter          (DJ):    0.000ns
    Phase Error              (PE):    0.000ns

    Location             Delay type                Incr(ns)  Path(ns)    Netlist Resource(s)
  -------------------------------------------------------------------    -------------------
                         (clock clk_fpga_2 rise edge)
                                                      0.000     0.000 r  
    PS7_X0Y0             PS7                          0.000     0.000 r  p9_ps_system_i/processing_system7_0/inst/PS7_i/FCLKCLK[2]
                         net (fo=1, routed)           1.207     1.207    p9_ps_system_i/processing_system7_0/inst/FCLK_CLK_unbuffered[2]
    BUFGCTRL_X0Y1        BUFG (Prop_bufg_I_O)         0.101     1.308 r  p9_ps_system_i/processing_system7_0/inst/buffer_fclk_clk_2.FCLK_CLK_2_BUFG/O
                         net (fo=1123, routed)        1.674     2.982    p9_ps_system_i/gp0_interconnect/s00_couplers/auto_pc/inst/gen_axilite.gen_b2s_conv.axilite_b2s/RD.ar_channel_0/ar_cmd_fsm_0/aclk
    SLICE_X7Y34          FDSE                                         r  p9_ps_system_i/gp0_interconnect/s00_couplers/auto_pc/inst/gen_axilite.gen_b2s_conv.axilite_b2s/RD.ar_channel_0/ar_cmd_fsm_0/FSM_sequential_state_reg[0]/C
  -------------------------------------------------------------------    -------------------
    SLICE_X7Y34          FDSE (Prop_fdse_C_Q)         0.419     3.401 r  p9_ps_system_i/gp0_interconnect/s00_couplers/auto_pc/inst/gen_axilite.gen_b2s_conv.axilite_b2s/RD.ar_channel_0/ar_cmd_fsm_0/FSM_sequential_state_reg[0]/Q
                         net (fo=29, routed)          1.664     5.065    p9_ps_system_i/gp0_interconnect/s00_couplers/auto_pc/inst/gen_axilite.gen_b2s_conv.axilite_b2s/RD.ar_channel_0/ar_cmd_fsm_0/Q[0]
    SLICE_X2Y41          LUT3 (Prop_lut3_I1_O)        0.327     5.392 f  p9_ps_system_i/gp0_interconnect/s00_couplers/auto_pc/inst/gen_axilite.gen_b2s_conv.axilite_b2s/RD.ar_channel_0/ar_cmd_fsm_0/axlen_cnt[2]_i_2__0/O
                         net (fo=15, routed)          3.405     8.797    p9_ps_system_i/gp0_interconnect/s00_couplers/auto_pc/inst/gen_axilite.gen_b2s_conv.axilite_b2s/RD.ar_channel_0/cmd_translator_0/incr_cmd_0/axlen_cnt_reg[2]_0
    SLICE_X20Y21         LUT5 (Prop_lut5_I0_O)        0.326     9.123 f  p9_ps_system_i/gp0_interconnect/s00_couplers/auto_pc/inst/gen_axilite.gen_b2s_conv.axilite_b2s/RD.ar_channel_0/cmd_translator_0/incr_cmd_0/next_pending_r_i_2__0/O
                         net (fo=6, routed)           2.162    11.285    p9_ps_system_i/gp0_interconnect/s00_couplers/auto_pc/inst/gen_axilite.gen_b2s_conv.axilite_b2s/RD.ar_channel_0/ar_cmd_fsm_0/axlen_cnt_reg[7]
    SLICE_X9Y35          LUT5 (Prop_lut5_I4_O)        0.152    11.437 r  p9_ps_system_i/gp0_interconnect/s00_couplers/auto_pc/inst/gen_axilite.gen_b2s_conv.axilite_b2s/RD.ar_channel_0/ar_cmd_fsm_0/axlen_cnt[7]_i_1/O
                         net (fo=4, routed)           1.177    12.615    p9_ps_system_i/gp0_interconnect/s00_couplers/auto_pc/inst/gen_axilite.gen_b2s_conv.axilite_b2s/RD.ar_channel_0/cmd_translator_0/incr_cmd_0/axlen_cnt_reg[7]_1
    SLICE_X6Y17          FDRE                                         r  p9_ps_system_i/gp0_interconnect/s00_couplers/auto_pc/inst/gen_axilite.gen_b2s_conv.axilite_b2s/RD.ar_channel_0/cmd_translator_0/incr_cmd_0/axlen_cnt_reg[4]/R
  -------------------------------------------------------------------    -------------------

                         (clock clk_fpga_2 rise edge)
                                                     20.000    20.000 r  
    PS7_X0Y0             PS7                          0.000    20.000 r  p9_ps_system_i/processing_system7_0/inst/PS7_i/FCLKCLK[2]
                         net (fo=1, routed)           1.101    21.101    p9_ps_system_i/processing_system7_0/inst/FCLK_CLK_unbuffered[2]
    BUFGCTRL_X0Y1        BUFG (Prop_bufg_I_O)         0.091    21.192 r  p9_ps_system_i/processing_system7_0/inst/buffer_fclk_clk_2.FCLK_CLK_2_BUFG/O
                         net (fo=1123, routed)        1.498    22.691    p9_ps_system_i/gp0_interconnect/s00_couplers/auto_pc/inst/gen_axilite.gen_b2s_conv.axilite_b2s/RD.ar_channel_0/cmd_translator_0/incr_cmd_0/aclk
    SLICE_X6Y17          FDRE                                         r  p9_ps_system_i/gp0_interconnect/s00_couplers/auto_pc/inst/gen_axilite.gen_b2s_conv.axilite_b2s/RD.ar_channel_0/cmd_translator_0/incr_cmd_0/axlen_cnt_reg[4]/C
                         clock pessimism              0.230    22.921    
                         clock uncertainty           -0.302    22.619    
    SLICE_X6Y17          FDRE (Setup_fdre_C_R)       -0.726    21.893    p9_ps_system_i/gp0_interconnect/s00_couplers/auto_pc/inst/gen_axilite.gen_b2s_conv.axilite_b2s/RD.ar_channel_0/cmd_translator_0/incr_cmd_0/axlen_cnt_reg[4]
  -------------------------------------------------------------------
                         required time                         21.893    
                         arrival time                         -12.615    
  -------------------------------------------------------------------
                         slack                                  9.278    





Min Delay Paths
--------------------------------------------------------------------------------------
Slack (MET) :             0.006ns  (arrival time - required time)
  Source:                 p9_ps_system_i/gp0_interconnect/s00_couplers/auto_pc/inst/gen_axilite.gen_b2s_conv.axilite_b2s/SI_REG/aw.aw_pipe/m_payload_i_reg[60]/C
                            (rising edge-triggered cell FDRE clocked by clk_fpga_2  {rise@0.000ns fall@10.000ns period=20.000ns})
  Destination:            p9_ps_system_i/gp0_interconnect/s00_couplers/auto_pc/inst/gen_axilite.gen_b2s_conv.axilite_b2s/WR.aw_channel_0/s_awid_r_reg[10]/D
                            (rising edge-triggered cell FDRE clocked by clk_fpga_2  {rise@0.000ns fall@10.000ns period=20.000ns})
  Path Group:             clk_fpga_2
  Path Type:              Hold (Min at Fast Process Corner)
  Requirement:            0.000ns  (clk_fpga_2 rise@0.000ns - clk_fpga_2 rise@0.000ns)
  Data Path Delay:        0.345ns  (logic 0.141ns (40.829%)  route 0.204ns (59.171%))
  Logic Levels:           0  
  Clock Path Skew:        0.269ns (DCD - SCD - CPR)
    Destination Clock Delay (DCD):    1.223ns
    Source Clock Delay      (SCD):    0.925ns
    Clock Pessimism Removal (CPR):    0.029ns

    Location             Delay type                Incr(ns)  Path(ns)    Netlist Resource(s)
  -------------------------------------------------------------------    -------------------
                         (clock clk_fpga_2 rise edge)
                                                      0.000     0.000 r  
    PS7_X0Y0             PS7                          0.000     0.000 r  p9_ps_system_i/processing_system7_0/inst/PS7_i/FCLKCLK[2]
                         net (fo=1, routed)           0.315     0.315    p9_ps_system_i/processing_system7_0/inst/FCLK_CLK_unbuffered[2]
    BUFGCTRL_X0Y1        BUFG (Prop_bufg_I_O)         0.026     0.341 r  p9_ps_system_i/processing_system7_0/inst/buffer_fclk_clk_2.FCLK_CLK_2_BUFG/O
                         net (fo=1123, routed)        0.584     0.925    p9_ps_system_i/gp0_interconnect/s00_couplers/auto_pc/inst/gen_axilite.gen_b2s_conv.axilite_b2s/SI_REG/aw.aw_pipe/aclk
    SLICE_X1Y49          FDRE                                         r  p9_ps_system_i/gp0_interconnect/s00_couplers/auto_pc/inst/gen_axilite.gen_b2s_conv.axilite_b2s/SI_REG/aw.aw_pipe/m_payload_i_reg[60]/C
  -------------------------------------------------------------------    -------------------
    SLICE_X1Y49          FDRE (Prop_fdre_C_Q)         0.141     1.066 r  p9_ps_system_i/gp0_interconnect/s00_couplers/auto_pc/inst/gen_axilite.gen_b2s_conv.axilite_b2s/SI_REG/aw.aw_pipe/m_payload_i_reg[60]/Q
                         net (fo=1, routed)           0.204     1.270    p9_ps_system_i/gp0_interconnect/s00_couplers/auto_pc/inst/gen_axilite.gen_b2s_conv.axilite_b2s/WR.aw_channel_0/s_awid_r_reg[11]_0[29]
    SLICE_X3Y52          FDRE                                         r  p9_ps_system_i/gp0_interconnect/s00_couplers/auto_pc/inst/gen_axilite.gen_b2s_conv.axilite_b2s/WR.aw_channel_0/s_awid_r_reg[10]/D
  -------------------------------------------------------------------    -------------------

                         (clock clk_fpga_2 rise edge)
                                                      0.000     0.000 r  
    PS7_X0Y0             PS7                          0.000     0.000 r  p9_ps_system_i/processing_system7_0/inst/PS7_i/FCLKCLK[2]
                         net (fo=1, routed)           0.341     0.341    p9_ps_system_i/processing_system7_0/inst/FCLK_CLK_unbuffered[2]
    BUFGCTRL_X0Y1        BUFG (Prop_bufg_I_O)         0.029     0.370 r  p9_ps_system_i/processing_system7_0/inst/buffer_fclk_clk_2.FCLK_CLK_2_BUFG/O
                         net (fo=1123, routed)        0.853     1.223    p9_ps_system_i/gp0_interconnect/s00_couplers/auto_pc/inst/gen_axilite.gen_b2s_conv.axilite_b2s/WR.aw_channel_0/aclk
    SLICE_X3Y52          FDRE                                         r  p9_ps_system_i/gp0_interconnect/s00_couplers/auto_pc/inst/gen_axilite.gen_b2s_conv.axilite_b2s/WR.aw_channel_0/s_awid_r_reg[10]/C
                         clock pessimism             -0.029     1.194    
    SLICE_X3Y52          FDRE (Hold_fdre_C_D)         0.070     1.264    p9_ps_system_i/gp0_interconnect/s00_couplers/auto_pc/inst/gen_axilite.gen_b2s_conv.axilite_b2s/WR.aw_channel_0/s_awid_r_reg[10]
  -------------------------------------------------------------------
                         required time                         -1.264    
                         arrival time                           1.270    
  -------------------------------------------------------------------
                         slack                                  0.006    





Pulse Width Checks
--------------------------------------------------------------------------------------
Clock Name:         clk_fpga_2
Waveform(ns):       { 0.000 10.000 }
Period(ns):         20.000
Sources:            { p9_ps_system_i/processing_system7_0/inst/PS7_i/FCLKCLK[2] }

Check Type        Corner  Lib Pin      Reference Pin  Required(ns)  Actual(ns)  Slack(ns)  Location       Pin
Min Period        n/a     BUFG/I       n/a            2.155         20.000      17.845     BUFGCTRL_X0Y1  p9_ps_system_i/processing_system7_0/inst/buffer_fclk_clk_2.FCLK_CLK_2_BUFG/I
Low Pulse Width   Slow    SRLC32E/CLK  n/a            0.980         10.000      9.020      SLICE_X4Y40    p9_ps_system_i/gp0_interconnect/s00_couplers/auto_pc/inst/gen_axilite.gen_b2s_conv.axilite_b2s/RD.r_channel_0/rd_data_fifo_0/memory_reg[31][0]_srl32/CLK
High Pulse Width  Slow    SRLC32E/CLK  n/a            0.980         10.000      9.020      SLICE_X4Y40    p9_ps_system_i/gp0_interconnect/s00_couplers/auto_pc/inst/gen_axilite.gen_b2s_conv.axilite_b2s/RD.r_channel_0/rd_data_fifo_0/memory_reg[31][0]_srl32/CLK



---------------------------------------------------------------------------------------------------
From Clock:  clk_fpga_1
  To Clock:  clk_fpga_0

Setup :            0  Failing Endpoints,  Worst Slack        8.703ns,  Total Violation        0.000ns
Hold  :           NA  Failing Endpoints,  Worst Slack           NA  ,  Total Violation           NA
---------------------------------------------------------------------------------------------------


Max Delay Paths
--------------------------------------------------------------------------------------
Slack (MET) :             8.703ns  (required time - arrival time)
  Source:                 p9_ps_system_i/s2mm_axis_clock_converter/inst/gen_async_conv.axisc_async_clock_converter_0/xpm_fifo_async_inst/gnuram_async_fifo.xpm_fifo_base_inst/gen_cdc_pntr.rd_pntr_cdc_inst/src_gray_ff_reg[4]/C
                            (rising edge-triggered cell FDRE clocked by clk_fpga_1  {rise@0.000ns fall@5.000ns period=10.000ns})
  Destination:            p9_ps_system_i/s2mm_axis_clock_converter/inst/gen_async_conv.axisc_async_clock_converter_0/xpm_fifo_async_inst/gnuram_async_fifo.xpm_fifo_base_inst/gen_cdc_pntr.rd_pntr_cdc_inst/dest_graysync_ff_reg[0][4]/D
                            (rising edge-triggered cell FDRE clocked by clk_fpga_0  {rise@0.000ns fall@7.813ns period=15.625ns})
  Path Group:             clk_fpga_0
  Path Type:              Setup (Max at Slow Process Corner)
  Requirement:            10.000ns  (MaxDelay Path 10.000ns)
  Data Path Delay:        1.204ns  (logic 0.456ns (37.887%)  route 0.748ns (62.113%))
  Logic Levels:           0  
  Timing Exception:       MaxDelay Path 10.000ns -datapath_only

    Location             Delay type                Incr(ns)  Path(ns)    Netlist Resource(s)
  -------------------------------------------------------------------    -------------------
    SLICE_X26Y28                                      0.000     0.000 r  p9_ps_system_i/s2mm_axis_clock_converter/inst/gen_async_conv.axisc_async_clock_converter_0/xpm_fifo_async_inst/gnuram_async_fifo.xpm_fifo_base_inst/gen_cdc_pntr.rd_pntr_cdc_inst/src_gray_ff_reg[4]/C
    SLICE_X26Y28         FDRE (Prop_fdre_C_Q)         0.456     0.456 r  p9_ps_system_i/s2mm_axis_clock_converter/inst/gen_async_conv.axisc_async_clock_converter_0/xpm_fifo_async_inst/gnuram_async_fifo.xpm_fifo_base_inst/gen_cdc_pntr.rd_pntr_cdc_inst/src_gray_ff_reg[4]/Q
                         net (fo=1, routed)           0.748     1.204    p9_ps_system_i/s2mm_axis_clock_converter/inst/gen_async_conv.axisc_async_clock_converter_0/xpm_fifo_async_inst/gnuram_async_fifo.xpm_fifo_base_inst/gen_cdc_pntr.rd_pntr_cdc_inst/async_path[4]
    SLICE_X29Y25         FDRE                                         r  p9_ps_system_i/s2mm_axis_clock_converter/inst/gen_async_conv.axisc_async_clock_converter_0/xpm_fifo_async_inst/gnuram_async_fifo.xpm_fifo_base_inst/gen_cdc_pntr.rd_pntr_cdc_inst/dest_graysync_ff_reg[0][4]/D
  -------------------------------------------------------------------    -------------------

                         max delay                   10.000    10.000    
    SLICE_X29Y25         FDRE (Setup_fdre_C_D)       -0.093     9.907    p9_ps_system_i/s2mm_axis_clock_converter/inst/gen_async_conv.axisc_async_clock_converter_0/xpm_fifo_async_inst/gnuram_async_fifo.xpm_fifo_base_inst/gen_cdc_pntr.rd_pntr_cdc_inst/dest_graysync_ff_reg[0][4]
  -------------------------------------------------------------------
                         required time                          9.907    
                         arrival time                          -1.204    
  -------------------------------------------------------------------
                         slack                                  8.703    





---------------------------------------------------------------------------------------------------
From Clock:  clk_fpga_2
  To Clock:  clk_fpga_0

Setup :            0  Failing Endpoints,  Worst Slack       44.388ns,  Total Violation        0.000ns
Hold  :           NA  Failing Endpoints,  Worst Slack           NA  ,  Total Violation           NA
---------------------------------------------------------------------------------------------------


Max Delay Paths
--------------------------------------------------------------------------------------
Slack (MET) :             44.388ns  (required time - arrival time)
  Source:                 p9_ps_system_i/p9_axil_clock_converter/inst/gen_clock_conv.gen_async_lite_conv.clock_conv_lite_fwd_ar/handshake/src_hsdata_ff_reg[0]/C
                            (rising edge-triggered cell FDRE clocked by clk_fpga_2  {rise@0.000ns fall@10.000ns period=20.000ns})
  Destination:            p9_ps_system_i/p9_axil_clock_converter/inst/gen_clock_conv.gen_async_lite_conv.clock_conv_lite_fwd_ar/handshake/dest_hsdata_ff_reg[0]/D
                            (rising edge-triggered cell FDRE clocked by clk_fpga_0  {rise@0.000ns fall@7.813ns period=15.625ns})
  Path Group:             clk_fpga_0
  Path Type:              Setup (Max at Slow Process Corner)
  Requirement:            46.875ns  (MaxDelay Path 46.875ns)
  Data Path Delay:        2.384ns  (logic 0.518ns (21.726%)  route 1.866ns (78.274%))
  Logic Levels:           0  
  Timing Exception:       MaxDelay Path 46.875ns -datapath_only

    Location             Delay type                Incr(ns)  Path(ns)    Netlist Resource(s)
  -------------------------------------------------------------------    -------------------
    SLICE_X34Y58                                      0.000     0.000 r  p9_ps_system_i/p9_axil_clock_converter/inst/gen_clock_conv.gen_async_lite_conv.clock_conv_lite_fwd_ar/handshake/src_hsdata_ff_reg[0]/C
    SLICE_X34Y58         FDRE (Prop_fdre_C_Q)         0.518     0.518 r  p9_ps_system_i/p9_axil_clock_converter/inst/gen_clock_conv.gen_async_lite_conv.clock_conv_lite_fwd_ar/handshake/src_hsdata_ff_reg[0]/Q
                         net (fo=1, routed)           1.866     2.384    p9_ps_system_i/p9_axil_clock_converter/inst/gen_clock_conv.gen_async_lite_conv.clock_conv_lite_fwd_ar/handshake/src_hsdata_ff[0]
    SLICE_X37Y36         FDRE                                         r  p9_ps_system_i/p9_axil_clock_converter/inst/gen_clock_conv.gen_async_lite_conv.clock_conv_lite_fwd_ar/handshake/dest_hsdata_ff_reg[0]/D
  -------------------------------------------------------------------    -------------------

                         max delay                   46.875    46.875    
    SLICE_X37Y36         FDRE (Setup_fdre_C_D)       -0.103    46.772    p9_ps_system_i/p9_axil_clock_converter/inst/gen_clock_conv.gen_async_lite_conv.clock_conv_lite_fwd_ar/handshake/dest_hsdata_ff_reg[0]
  -------------------------------------------------------------------
                         required time                         46.772    
                         arrival time                          -2.384    
  -------------------------------------------------------------------
                         slack                                 44.388    





---------------------------------------------------------------------------------------------------
From Clock:  clk_fpga_0
  To Clock:  clk_fpga_1

Setup :            0  Failing Endpoints,  Worst Slack       13.322ns,  Total Violation        0.000ns
Hold  :           NA  Failing Endpoints,  Worst Slack           NA  ,  Total Violation           NA
---------------------------------------------------------------------------------------------------


Max Delay Paths
--------------------------------------------------------------------------------------
Slack (MET) :             13.322ns  (required time - arrival time)
  Source:                 p9_ps_system_i/s2mm_axis_clock_converter/inst/gen_async_conv.axisc_async_clock_converter_0/xpm_fifo_async_inst/gnuram_async_fifo.xpm_fifo_base_inst/gen_cdc_pntr.wr_pntr_cdc_inst/src_gray_ff_reg[3]/C
                            (rising edge-triggered cell FDRE clocked by clk_fpga_0  {rise@0.000ns fall@7.813ns period=15.625ns})
  Destination:            p9_ps_system_i/s2mm_axis_clock_converter/inst/gen_async_conv.axisc_async_clock_converter_0/xpm_fifo_async_inst/gnuram_async_fifo.xpm_fifo_base_inst/gen_cdc_pntr.wr_pntr_cdc_inst/dest_graysync_ff_reg[0][3]/D
                            (rising edge-triggered cell FDRE clocked by clk_fpga_1  {rise@0.000ns fall@5.000ns period=10.000ns})
  Path Group:             clk_fpga_1
  Path Type:              Setup (Max at Slow Process Corner)
  Requirement:            15.625ns  (MaxDelay Path 15.625ns)
  Data Path Delay:        2.102ns  (logic 0.419ns (19.930%)  route 1.683ns (80.070%))
  Logic Levels:           0  
  Timing Exception:       MaxDelay Path 15.625ns -datapath_only

    Location             Delay type                Incr(ns)  Path(ns)    Netlist Resource(s)
  -------------------------------------------------------------------    -------------------
    SLICE_X37Y28                                      0.000     0.000 r  p9_ps_system_i/s2mm_axis_clock_converter/inst/gen_async_conv.axisc_async_clock_converter_0/xpm_fifo_async_inst/gnuram_async_fifo.xpm_fifo_base_inst/gen_cdc_pntr.wr_pntr_cdc_inst/src_gray_ff_reg[3]/C
    SLICE_X37Y28         FDRE (Prop_fdre_C_Q)         0.419     0.419 r  p9_ps_system_i/s2mm_axis_clock_converter/inst/gen_async_conv.axisc_async_clock_converter_0/xpm_fifo_async_inst/gnuram_async_fifo.xpm_fifo_base_inst/gen_cdc_pntr.wr_pntr_cdc_inst/src_gray_ff_reg[3]/Q
                         net (fo=1, routed)           1.683     2.102    p9_ps_system_i/s2mm_axis_clock_converter/inst/gen_async_conv.axisc_async_clock_converter_0/xpm_fifo_async_inst/gnuram_async_fifo.xpm_fifo_base_inst/gen_cdc_pntr.wr_pntr_cdc_inst/async_path[3]
    SLICE_X42Y0          FDRE                                         r  p9_ps_system_i/s2mm_axis_clock_converter/inst/gen_async_conv.axisc_async_clock_converter_0/xpm_fifo_async_inst/gnuram_async_fifo.xpm_fifo_base_inst/gen_cdc_pntr.wr_pntr_cdc_inst/dest_graysync_ff_reg[0][3]/D
  -------------------------------------------------------------------    -------------------

                         max delay                   15.625    15.625    
    SLICE_X42Y0          FDRE (Setup_fdre_C_D)       -0.201    15.424    p9_ps_system_i/s2mm_axis_clock_converter/inst/gen_async_conv.axisc_async_clock_converter_0/xpm_fifo_async_inst/gnuram_async_fifo.xpm_fifo_base_inst/gen_cdc_pntr.wr_pntr_cdc_inst/dest_graysync_ff_reg[0][3]
  -------------------------------------------------------------------
                         required time                         15.424    
                         arrival time                          -2.102    
  -------------------------------------------------------------------
                         slack                                 13.322    





---------------------------------------------------------------------------------------------------
From Clock:  clk_fpga_0
  To Clock:  clk_fpga_2

Setup :            0  Failing Endpoints,  Worst Slack       57.394ns,  Total Violation        0.000ns
Hold  :           NA  Failing Endpoints,  Worst Slack           NA  ,  Total Violation           NA
---------------------------------------------------------------------------------------------------


Max Delay Paths
--------------------------------------------------------------------------------------
Slack (MET) :             57.394ns  (required time - arrival time)
  Source:                 p9_ps_system_i/p9_axil_clock_converter/inst/gen_clock_conv.gen_async_lite_conv.clock_conv_lite_resp_b/handshake/src_hsdata_ff_reg[1]/C
                            (rising edge-triggered cell FDRE clocked by clk_fpga_0  {rise@0.000ns fall@7.813ns period=15.625ns})
  Destination:            p9_ps_system_i/p9_axil_clock_converter/inst/gen_clock_conv.gen_async_lite_conv.clock_conv_lite_resp_b/handshake/dest_hsdata_ff_reg[1]/D
                            (rising edge-triggered cell FDRE clocked by clk_fpga_2  {rise@0.000ns fall@10.000ns period=20.000ns})
  Path Group:             clk_fpga_2
  Path Type:              Setup (Max at Slow Process Corner)
  Requirement:            60.000ns  (MaxDelay Path 60.000ns)
  Data Path Delay:        2.370ns  (logic 0.419ns (17.681%)  route 1.951ns (82.319%))
  Logic Levels:           0  
  Timing Exception:       MaxDelay Path 60.000ns -datapath_only

    Location             Delay type                Incr(ns)  Path(ns)    Netlist Resource(s)
  -------------------------------------------------------------------    -------------------
    SLICE_X31Y33                                      0.000     0.000 r  p9_ps_system_i/p9_axil_clock_converter/inst/gen_clock_conv.gen_async_lite_conv.clock_conv_lite_resp_b/handshake/src_hsdata_ff_reg[1]/C
    SLICE_X31Y33         FDRE (Prop_fdre_C_Q)         0.419     0.419 r  p9_ps_system_i/p9_axil_clock_converter/inst/gen_clock_conv.gen_async_lite_conv.clock_conv_lite_resp_b/handshake/src_hsdata_ff_reg[1]/Q
                         net (fo=2, routed)           1.951     2.370    p9_ps_system_i/p9_axil_clock_converter/inst/gen_clock_conv.gen_async_lite_conv.clock_conv_lite_resp_b/handshake/src_hsdata_ff[1]
    SLICE_X22Y7          FDRE                                         r  p9_ps_system_i/p9_axil_clock_converter/inst/gen_clock_conv.gen_async_lite_conv.clock_conv_lite_resp_b/handshake/dest_hsdata_ff_reg[1]/D
  -------------------------------------------------------------------    -------------------

                         max delay                   60.000    60.000    
    SLICE_X22Y7          FDRE (Setup_fdre_C_D)       -0.236    59.764    p9_ps_system_i/p9_axil_clock_converter/inst/gen_clock_conv.gen_async_lite_conv.clock_conv_lite_resp_b/handshake/dest_hsdata_ff_reg[1]
  -------------------------------------------------------------------
                         required time                         59.764    
                         arrival time                          -2.370    
  -------------------------------------------------------------------
                         slack                                 57.394    





---------------------------------------------------------------------------------------------------
Path Group:  **async_default**
From Clock:  clk_fpga_0
  To Clock:  clk_fpga_0

Setup :            0  Failing Endpoints,  Worst Slack        2.217ns,  Total Violation        0.000ns
Hold  :            0  Failing Endpoints,  Worst Slack        0.753ns,  Total Violation        0.000ns
---------------------------------------------------------------------------------------------------


Max Delay Paths
--------------------------------------------------------------------------------------
Slack (MET) :             2.217ns  (required time - arrival time)
  Source:                 p9_ps_system_i/rst_protocol_64/U0/ACTIVE_LOW_PR_OUT_DFF[0].FDRE_PER_N/C
                            (rising edge-triggered cell FDRE clocked by clk_fpga_0  {rise@0.000ns fall@7.813ns period=15.625ns})
  Destination:            p9_ps_system_i/p9_peripheral_0/inst/impl/u_transport/u_data_plane/u_scheduler/deficit_reg[0][10]/CLR
                            (recovery check against rising-edge clock clk_fpga_0  {rise@0.000ns fall@7.813ns period=15.625ns})
  Path Group:             **async_default**
  Path Type:              Recovery (Max at Slow Process Corner)
  Requirement:            15.625ns  (clk_fpga_0 rise@15.625ns - clk_fpga_0 rise@0.000ns)
  Data Path Delay:        12.640ns  (logic 0.642ns (5.079%)  route 11.998ns (94.921%))
  Logic Levels:           1  (LUT1=1)
  Clock Path Skew:        -0.126ns (DCD - SCD + CPR)
    Destination Clock Delay (DCD):    2.758ns = ( 18.383 - 15.625 ) 
    Source Clock Delay      (SCD):    3.014ns
    Clock Pessimism Removal (CPR):    0.130ns
  Clock Uncertainty:      0.237ns  ((TSJ^2 + TIJ^2)^1/2 + DJ) / 2 + PE
    Total System Jitter     (TSJ):    0.071ns
    Total Input Jitter      (TIJ):    0.469ns
    Discrete Jitter          (DJ):    0.000ns
    Phase Error              (PE):    0.000ns

    Location             Delay type                Incr(ns)  Path(ns)    Netlist Resource(s)
  -------------------------------------------------------------------    -------------------
                         (clock clk_fpga_0 rise edge)
                                                      0.000     0.000 r  
    PS7_X0Y0             PS7                          0.000     0.000 r  p9_ps_system_i/processing_system7_0/inst/PS7_i/FCLKCLK[0]
                         net (fo=1, routed)           1.207     1.207    p9_ps_system_i/processing_system7_0/inst/FCLK_CLK_unbuffered[0]
    BUFGCTRL_X0Y2        BUFG (Prop_bufg_I_O)         0.101     1.308 r  p9_ps_system_i/processing_system7_0/inst/buffer_fclk_clk_0.FCLK_CLK_0_BUFG/O
                         net (fo=9574, routed)        1.706     3.014    p9_ps_system_i/rst_protocol_64/U0/slowest_sync_clk
    SLICE_X4Y81          FDRE                                         r  p9_ps_system_i/rst_protocol_64/U0/ACTIVE_LOW_PR_OUT_DFF[0].FDRE_PER_N/C
  -------------------------------------------------------------------    -------------------
    SLICE_X4Y81          FDRE (Prop_fdre_C_Q)         0.518     3.532 r  p9_ps_system_i/rst_protocol_64/U0/ACTIVE_LOW_PR_OUT_DFF[0].FDRE_PER_N/Q
                         net (fo=44, routed)          0.511     4.043    p9_ps_system_i/p9_peripheral_0/inst/impl/u_transport/u_data_plane/u_tx_window/s_axi_aresetn
    SLICE_X7Y81          LUT1 (Prop_lut1_I0_O)        0.124     4.167 f  p9_ps_system_i/p9_peripheral_0/inst/impl/u_transport/u_data_plane/u_tx_window/i___21/O
                         net (fo=5680, routed)       11.487    15.654    p9_ps_system_i/p9_peripheral_0/inst/impl/u_transport/u_data_plane/u_scheduler/deficit_reg[1][0]_0
    SLICE_X39Y50         FDCE                                         f  p9_ps_system_i/p9_peripheral_0/inst/impl/u_transport/u_data_plane/u_scheduler/deficit_reg[0][10]/CLR
  -------------------------------------------------------------------    -------------------

                         (clock clk_fpga_0 rise edge)
                                                     15.625    15.625 r  
    PS7_X0Y0             PS7                          0.000    15.625 r  p9_ps_system_i/processing_system7_0/inst/PS7_i/FCLKCLK[0]
                         net (fo=1, routed)           1.101    16.726    p9_ps_system_i/processing_system7_0/inst/FCLK_CLK_unbuffered[0]
    BUFGCTRL_X0Y2        BUFG (Prop_bufg_I_O)         0.091    16.817 r  p9_ps_system_i/processing_system7_0/inst/buffer_fclk_clk_0.FCLK_CLK_0_BUFG/O
                         net (fo=9574, routed)        1.566    18.383    p9_ps_system_i/p9_peripheral_0/inst/impl/u_transport/u_data_plane/u_scheduler/s_axi_aclk
    SLICE_X39Y50         FDCE                                         r  p9_ps_system_i/p9_peripheral_0/inst/impl/u_transport/u_data_plane/u_scheduler/deficit_reg[0][10]/C
                         clock pessimism              0.130    18.513    
                         clock uncertainty           -0.237    18.276    
    SLICE_X39Y50         FDCE (Recov_fdce_C_CLR)     -0.405    17.871    p9_ps_system_i/p9_peripheral_0/inst/impl/u_transport/u_data_plane/u_scheduler/deficit_reg[0][10]
  -------------------------------------------------------------------
                         required time                         17.871    
                         arrival time                         -15.654    
  -------------------------------------------------------------------
                         slack                                  2.217    





Min Delay Paths
--------------------------------------------------------------------------------------
Slack (MET) :             0.753ns  (arrival time - required time)
  Source:                 p9_ps_system_i/rst_protocol_64/U0/ACTIVE_LOW_PR_OUT_DFF[0].FDRE_PER_N/C
                            (rising edge-triggered cell FDRE clocked by clk_fpga_0  {rise@0.000ns fall@7.813ns period=15.625ns})
  Destination:            p9_ps_system_i/p9_peripheral_0/inst/impl/u_transport/g_physical[0].u_a_phy/rx_raw_count_reg[31]/CLR
                            (removal check against rising-edge clock clk_fpga_0  {rise@0.000ns fall@7.813ns period=15.625ns})
  Path Group:             **async_default**
  Path Type:              Removal (Min at Fast Process Corner)
  Requirement:            0.000ns  (clk_fpga_0 rise@0.000ns - clk_fpga_0 rise@0.000ns)
  Data Path Delay:        0.701ns  (logic 0.209ns (29.815%)  route 0.492ns (70.185%))
  Logic Levels:           1  (LUT1=1)
  Clock Path Skew:        0.015ns (DCD - SCD - CPR)
    Destination Clock Delay (DCD):    1.195ns
    Source Clock Delay      (SCD):    0.917ns
    Clock Pessimism Removal (CPR):    0.263ns

    Location             Delay type                Incr(ns)  Path(ns)    Netlist Resource(s)
  -------------------------------------------------------------------    -------------------
                         (clock clk_fpga_0 rise edge)
                                                      0.000     0.000 r  
    PS7_X0Y0             PS7                          0.000     0.000 r  p9_ps_system_i/processing_system7_0/inst/PS7_i/FCLKCLK[0]
                         net (fo=1, routed)           0.315     0.315    p9_ps_system_i/processing_system7_0/inst/FCLK_CLK_unbuffered[0]
    BUFGCTRL_X0Y2        BUFG (Prop_bufg_I_O)         0.026     0.341 r  p9_ps_system_i/processing_system7_0/inst/buffer_fclk_clk_0.FCLK_CLK_0_BUFG/O
                         net (fo=9574, routed)        0.576     0.917    p9_ps_system_i/rst_protocol_64/U0/slowest_sync_clk
    SLICE_X4Y81          FDRE                                         r  p9_ps_system_i/rst_protocol_64/U0/ACTIVE_LOW_PR_OUT_DFF[0].FDRE_PER_N/C
  -------------------------------------------------------------------    -------------------
    SLICE_X4Y81          FDRE (Prop_fdre_C_Q)         0.164     1.081 r  p9_ps_system_i/rst_protocol_64/U0/ACTIVE_LOW_PR_OUT_DFF[0].FDRE_PER_N/Q
                         net (fo=44, routed)          0.240     1.321    p9_ps_system_i/p9_peripheral_0/inst/impl/u_transport/u_data_plane/u_tx_window/s_axi_aresetn
    SLICE_X7Y81          LUT1 (Prop_lut1_I0_O)        0.045     1.366 f  p9_ps_system_i/p9_peripheral_0/inst/impl/u_transport/u_data_plane/u_tx_window/i___21/O
                         net (fo=5680, routed)        0.252     1.618    p9_ps_system_i/p9_peripheral_0/inst/impl/u_transport/g_physical[0].u_a_phy/SS[0]
    SLICE_X6Y82          FDCE                                         f  p9_ps_system_i/p9_peripheral_0/inst/impl/u_transport/g_physical[0].u_a_phy/rx_raw_count_reg[31]/CLR
  -------------------------------------------------------------------    -------------------

                         (clock clk_fpga_0 rise edge)
                                                      0.000     0.000 r  
    PS7_X0Y0             PS7                          0.000     0.000 r  p9_ps_system_i/processing_system7_0/inst/PS7_i/FCLKCLK[0]
                         net (fo=1, routed)           0.341     0.341    p9_ps_system_i/processing_system7_0/inst/FCLK_CLK_unbuffered[0]
    BUFGCTRL_X0Y2        BUFG (Prop_bufg_I_O)         0.029     0.370 r  p9_ps_system_i/processing_system7_0/inst/buffer_fclk_clk_0.FCLK_CLK_0_BUFG/O
                         net (fo=9574, routed)        0.825     1.195    p9_ps_system_i/p9_peripheral_0/inst/impl/u_transport/g_physical[0].u_a_phy/s_axi_aclk
    SLICE_X6Y82          FDCE                                         r  p9_ps_system_i/p9_peripheral_0/inst/impl/u_transport/g_physical[0].u_a_phy/rx_raw_count_reg[31]/C
                         clock pessimism             -0.263     0.932    
    SLICE_X6Y82          FDCE (Remov_fdce_C_CLR)     -0.067     0.865    p9_ps_system_i/p9_peripheral_0/inst/impl/u_transport/g_physical[0].u_a_phy/rx_raw_count_reg[31]
  -------------------------------------------------------------------
                         required time                         -0.865    
                         arrival time                           1.618    
  -------------------------------------------------------------------
                         slack                                  0.753    





---------------------------------------------------------------------------------------------------
Path Group:  **async_default**
From Clock:  clk_fpga_1
  To Clock:  clk_fpga_1

Setup :            0  Failing Endpoints,  Worst Slack        2.735ns,  Total Violation        0.000ns
Hold  :            0  Failing Endpoints,  Worst Slack        0.685ns,  Total Violation        0.000ns
---------------------------------------------------------------------------------------------------


Max Delay Paths
--------------------------------------------------------------------------------------
Slack (MET) :             2.735ns  (required time - arrival time)
  Source:                 p9_ps_system_i/hp0_interconnect/m00_couplers/auto_pc/inst/gen_axi4_axi3.axi3_conv_inst/USE_READ.USE_SPLIT_R.read_addr_inst/USE_R_CHANNEL.cmd_queue/inst/fifo_gen_inst/inst_fifo_gen/gconvfifo.rf/grf.rf/rstblk/ngwrdrst.grst.g7serrst.gnsckt_wrst.rst_wr_reg2_inst/arststages_ff_reg[1]/C
                            (rising edge-triggered cell FDPE clocked by clk_fpga_1  {rise@0.000ns fall@5.000ns period=10.000ns})
  Destination:            p9_ps_system_i/hp0_interconnect/m00_couplers/auto_pc/inst/gen_axi4_axi3.axi3_conv_inst/USE_READ.USE_SPLIT_R.read_addr_inst/USE_R_CHANNEL.cmd_queue/inst/fifo_gen_inst/inst_fifo_gen/gconvfifo.rf/grf.rf/gntv_or_sync_fifo.gl0.rd/rpntr/gc0.count_reg[1]/CLR
                            (recovery check against rising-edge clock clk_fpga_1  {rise@0.000ns fall@5.000ns period=10.000ns})
  Path Group:             **async_default**
  Path Type:              Recovery (Max at Slow Process Corner)
  Requirement:            10.000ns  (clk_fpga_1 rise@10.000ns - clk_fpga_1 rise@0.000ns)
  Data Path Delay:        6.680ns  (logic 0.773ns (11.572%)  route 5.907ns (88.428%))
  Logic Levels:           1  (LUT3=1)
  Clock Path Skew:        -0.026ns (DCD - SCD + CPR)
    Destination Clock Delay (DCD):    2.698ns = ( 12.698 - 10.000 ) 
    Source Clock Delay      (SCD):    2.990ns
    Clock Pessimism Removal (CPR):    0.265ns
  Clock Uncertainty:      0.154ns  ((TSJ^2 + TIJ^2)^1/2 + DJ) / 2 + PE
    Total System Jitter     (TSJ):    0.071ns
    Total Input Jitter      (TIJ):    0.300ns
    Discrete Jitter          (DJ):    0.000ns
    Phase Error              (PE):    0.000ns

    Location             Delay type                Incr(ns)  Path(ns)    Netlist Resource(s)
  -------------------------------------------------------------------    -------------------
                         (clock clk_fpga_1 rise edge)
                                                      0.000     0.000 r  
    PS7_X0Y0             PS7                          0.000     0.000 r  p9_ps_system_i/processing_system7_0/inst/PS7_i/FCLKCLK[1]
                         net (fo=1, routed)           1.207     1.207    p9_ps_system_i/processing_system7_0/inst/FCLK_CLK_unbuffered[1]
    BUFGCTRL_X0Y0        BUFG (Prop_bufg_I_O)         0.101     1.308 r  p9_ps_system_i/processing_system7_0/inst/buffer_fclk_clk_1.FCLK_CLK_1_BUFG/O
                         net (fo=5818, routed)        1.682     2.990    p9_ps_system_i/hp0_interconnect/m00_couplers/auto_pc/inst/gen_axi4_axi3.axi3_conv_inst/USE_READ.USE_SPLIT_R.read_addr_inst/USE_R_CHANNEL.cmd_queue/inst/fifo_gen_inst/inst_fifo_gen/gconvfifo.rf/grf.rf/rstblk/ngwrdrst.grst.g7serrst.gnsckt_wrst.rst_wr_reg2_inst/dest_clk
    SLICE_X6Y0           FDPE                                         r  p9_ps_system_i/hp0_interconnect/m00_couplers/auto_pc/inst/gen_axi4_axi3.axi3_conv_inst/USE_READ.USE_SPLIT_R.read_addr_inst/USE_R_CHANNEL.cmd_queue/inst/fifo_gen_inst/inst_fifo_gen/gconvfifo.rf/grf.rf/rstblk/ngwrdrst.grst.g7serrst.gnsckt_wrst.rst_wr_reg2_inst/arststages_ff_reg[1]/C
  -------------------------------------------------------------------    -------------------
    SLICE_X6Y0           FDPE (Prop_fdpe_C_Q)         0.478     3.468 f  p9_ps_system_i/hp0_interconnect/m00_couplers/auto_pc/inst/gen_axi4_axi3.axi3_conv_inst/USE_READ.USE_SPLIT_R.read_addr_inst/USE_R_CHANNEL.cmd_queue/inst/fifo_gen_inst/inst_fifo_gen/gconvfifo.rf/grf.rf/rstblk/ngwrdrst.grst.g7serrst.gnsckt_wrst.rst_wr_reg2_inst/arststages_ff_reg[1]/Q
                         net (fo=2, routed)           2.482     5.950    p9_ps_system_i/hp0_interconnect/m00_couplers/auto_pc/inst/gen_axi4_axi3.axi3_conv_inst/USE_READ.USE_SPLIT_R.read_addr_inst/USE_R_CHANNEL.cmd_queue/inst/fifo_gen_inst/inst_fifo_gen/gconvfifo.rf/grf.rf/rstblk/ngwrdrst.rst_wr_reg2
    SLICE_X36Y18         LUT3 (Prop_lut3_I2_O)        0.295     6.245 f  p9_ps_system_i/hp0_interconnect/m00_couplers/auto_pc/inst/gen_axi4_axi3.axi3_conv_inst/USE_READ.USE_SPLIT_R.read_addr_inst/USE_R_CHANNEL.cmd_queue/inst/fifo_gen_inst/inst_fifo_gen/gconvfifo.rf/grf.rf/rstblk/gpregsm1.curr_fwft_state[1]_i_2/O
                         net (fo=33, routed)          3.425     9.670    p9_ps_system_i/hp0_interconnect/m00_couplers/auto_pc/inst/gen_axi4_axi3.axi3_conv_inst/USE_READ.USE_SPLIT_R.read_addr_inst/USE_R_CHANNEL.cmd_queue/inst/fifo_gen_inst/inst_fifo_gen/gconvfifo.rf/grf.rf/gntv_or_sync_fifo.gl0.rd/rpntr/gc0.count_d1_reg[4]_1
    SLICE_X7Y3           FDCE                                         f  p9_ps_system_i/hp0_interconnect/m00_couplers/auto_pc/inst/gen_axi4_axi3.axi3_conv_inst/USE_READ.USE_SPLIT_R.read_addr_inst/USE_R_CHANNEL.cmd_queue/inst/fifo_gen_inst/inst_fifo_gen/gconvfifo.rf/grf.rf/gntv_or_sync_fifo.gl0.rd/rpntr/gc0.count_reg[1]/CLR
  -------------------------------------------------------------------    -------------------

                         (clock clk_fpga_1 rise edge)
                                                     10.000    10.000 r  
    PS7_X0Y0             PS7                          0.000    10.000 r  p9_ps_system_i/processing_system7_0/inst/PS7_i/FCLKCLK[1]
                         net (fo=1, routed)           1.101    11.101    p9_ps_system_i/processing_system7_0/inst/FCLK_CLK_unbuffered[1]
    BUFGCTRL_X0Y0        BUFG (Prop_bufg_I_O)         0.091    11.192 r  p9_ps_system_i/processing_system7_0/inst/buffer_fclk_clk_1.FCLK_CLK_1_BUFG/O
                         net (fo=5818, routed)        1.506    12.698    p9_ps_system_i/hp0_interconnect/m00_couplers/auto_pc/inst/gen_axi4_axi3.axi3_conv_inst/USE_READ.USE_SPLIT_R.read_addr_inst/USE_R_CHANNEL.cmd_queue/inst/fifo_gen_inst/inst_fifo_gen/gconvfifo.rf/grf.rf/gntv_or_sync_fifo.gl0.rd/rpntr/clk
    SLICE_X7Y3           FDCE                                         r  p9_ps_system_i/hp0_interconnect/m00_couplers/auto_pc/inst/gen_axi4_axi3.axi3_conv_inst/USE_READ.USE_SPLIT_R.read_addr_inst/USE_R_CHANNEL.cmd_queue/inst/fifo_gen_inst/inst_fifo_gen/gconvfifo.rf/grf.rf/gntv_or_sync_fifo.gl0.rd/rpntr/gc0.count_reg[1]/C
                         clock pessimism              0.265    12.964    
                         clock uncertainty           -0.154    12.810    
    SLICE_X7Y3           FDCE (Recov_fdce_C_CLR)     -0.405    12.405    p9_ps_system_i/hp0_interconnect/m00_couplers/auto_pc/inst/gen_axi4_axi3.axi3_conv_inst/USE_READ.USE_SPLIT_R.read_addr_inst/USE_R_CHANNEL.cmd_queue/inst/fifo_gen_inst/inst_fifo_gen/gconvfifo.rf/grf.rf/gntv_or_sync_fifo.gl0.rd/rpntr/gc0.count_reg[1]
  -------------------------------------------------------------------
                         required time                         12.405    
                         arrival time                          -9.670    
  -------------------------------------------------------------------
                         slack                                  2.735    





Min Delay Paths
--------------------------------------------------------------------------------------
Slack (MET) :             0.685ns  (arrival time - required time)
  Source:                 p9_ps_system_i/hp0_interconnect/m00_couplers/auto_pc/inst/gen_axi4_axi3.axi3_conv_inst/USE_WRITE.write_addr_inst/USE_B_CHANNEL.cmd_b_queue/inst/fifo_gen_inst/inst_fifo_gen/gconvfifo.rf/grf.rf/rstblk/ngwrdrst.grst.g7serrst.gnsckt_wrst.gcc_rst.sckt_wr_rst_cc_reg[1]/C
                            (rising edge-triggered cell FDRE clocked by clk_fpga_1  {rise@0.000ns fall@5.000ns period=10.000ns})
  Destination:            p9_ps_system_i/hp0_interconnect/m00_couplers/auto_pc/inst/gen_axi4_axi3.axi3_conv_inst/USE_WRITE.write_addr_inst/USE_B_CHANNEL.cmd_b_queue/inst/fifo_gen_inst/inst_fifo_gen/gconvfifo.rf/grf.rf/gntv_or_sync_fifo.gl0.wr/gwss.wsts/ram_full_i_reg/CLR
                            (removal check against rising-edge clock clk_fpga_1  {rise@0.000ns fall@5.000ns period=10.000ns})
  Path Group:             **async_default**
  Path Type:              Removal (Min at Fast Process Corner)
  Requirement:            0.000ns  (clk_fpga_1 rise@0.000ns - clk_fpga_1 rise@0.000ns)
  Data Path Delay:        0.856ns  (logic 0.226ns (26.388%)  route 0.630ns (73.612%))
  Logic Levels:           1  (LUT3=1)
  Clock Path Skew:        0.263ns (DCD - SCD - CPR)
    Destination Clock Delay (DCD):    1.190ns
    Source Clock Delay      (SCD):    0.893ns
    Clock Pessimism Removal (CPR):    0.034ns

    Location             Delay type                Incr(ns)  Path(ns)    Netlist Resource(s)
  -------------------------------------------------------------------    -------------------
                         (clock clk_fpga_1 rise edge)
                                                      0.000     0.000 r  
    PS7_X0Y0             PS7                          0.000     0.000 r  p9_ps_system_i/processing_system7_0/inst/PS7_i/FCLKCLK[1]
                         net (fo=1, routed)           0.315     0.315    p9_ps_system_i/processing_system7_0/inst/FCLK_CLK_unbuffered[1]
    BUFGCTRL_X0Y0        BUFG (Prop_bufg_I_O)         0.026     0.341 r  p9_ps_system_i/processing_system7_0/inst/buffer_fclk_clk_1.FCLK_CLK_1_BUFG/O
                         net (fo=5818, routed)        0.552     0.893    p9_ps_system_i/hp0_interconnect/m00_couplers/auto_pc/inst/gen_axi4_axi3.axi3_conv_inst/USE_WRITE.write_addr_inst/USE_B_CHANNEL.cmd_b_queue/inst/fifo_gen_inst/inst_fifo_gen/gconvfifo.rf/grf.rf/rstblk/clk
    SLICE_X22Y19         FDRE                                         r  p9_ps_system_i/hp0_interconnect/m00_couplers/auto_pc/inst/gen_axi4_axi3.axi3_conv_inst/USE_WRITE.write_addr_inst/USE_B_CHANNEL.cmd_b_queue/inst/fifo_gen_inst/inst_fifo_gen/gconvfifo.rf/grf.rf/rstblk/ngwrdrst.grst.g7serrst.gnsckt_wrst.gcc_rst.sckt_wr_rst_cc_reg[1]/C
  -------------------------------------------------------------------    -------------------
    SLICE_X22Y19         FDRE (Prop_fdre_C_Q)         0.128     1.021 f  p9_ps_system_i/hp0_interconnect/m00_couplers/auto_pc/inst/gen_axi4_axi3.axi3_conv_inst/USE_WRITE.write_addr_inst/USE_B_CHANNEL.cmd_b_queue/inst/fifo_gen_inst/inst_fifo_gen/gconvfifo.rf/grf.rf/rstblk/ngwrdrst.grst.g7serrst.gnsckt_wrst.gcc_rst.sckt_wr_rst_cc_reg[1]/Q
                         net (fo=2, routed)           0.253     1.274    p9_ps_system_i/hp0_interconnect/m00_couplers/auto_pc/inst/gen_axi4_axi3.axi3_conv_inst/USE_WRITE.write_addr_inst/USE_B_CHANNEL.cmd_b_queue/inst/fifo_gen_inst/inst_fifo_gen/gconvfifo.rf/grf.rf/rstblk/ngwrdrst.grst.g7serrst.gnsckt_wrst.gcc_rst.sckt_wr_rst_cc[1]
    SLICE_X21Y20         LUT3 (Prop_lut3_I0_O)        0.098     1.372 f  p9_ps_system_i/hp0_interconnect/m00_couplers/auto_pc/inst/gen_axi4_axi3.axi3_conv_inst/USE_WRITE.write_addr_inst/USE_B_CHANNEL.cmd_b_queue/inst/fifo_gen_inst/inst_fifo_gen/gconvfifo.rf/grf.rf/rstblk/gpregsm1.curr_fwft_state[1]_i_2/O
                         net (fo=32, routed)          0.377     1.749    p9_ps_system_i/hp0_interconnect/m00_couplers/auto_pc/inst/gen_axi4_axi3.axi3_conv_inst/USE_WRITE.write_addr_inst/USE_B_CHANNEL.cmd_b_queue/inst/fifo_gen_inst/inst_fifo_gen/gconvfifo.rf/grf.rf/gntv_or_sync_fifo.gl0.wr/gwss.wsts/AR[0]
    SLICE_X17Y20         FDCE                                         f  p9_ps_system_i/hp0_interconnect/m00_couplers/auto_pc/inst/gen_axi4_axi3.axi3_conv_inst/USE_WRITE.write_addr_inst/USE_B_CHANNEL.cmd_b_queue/inst/fifo_gen_inst/inst_fifo_gen/gconvfifo.rf/grf.rf/gntv_or_sync_fifo.gl0.wr/gwss.wsts/ram_full_i_reg/CLR
  -------------------------------------------------------------------    -------------------

                         (clock clk_fpga_1 rise edge)
                                                      0.000     0.000 r  
    PS7_X0Y0             PS7                          0.000     0.000 r  p9_ps_system_i/processing_system7_0/inst/PS7_i/FCLKCLK[1]
                         net (fo=1, routed)           0.341     0.341    p9_ps_system_i/processing_system7_0/inst/FCLK_CLK_unbuffered[1]
    BUFGCTRL_X0Y0        BUFG (Prop_bufg_I_O)         0.029     0.370 r  p9_ps_system_i/processing_system7_0/inst/buffer_fclk_clk_1.FCLK_CLK_1_BUFG/O
                         net (fo=5818, routed)        0.820     1.190    p9_ps_system_i/hp0_interconnect/m00_couplers/auto_pc/inst/gen_axi4_axi3.axi3_conv_inst/USE_WRITE.write_addr_inst/USE_B_CHANNEL.cmd_b_queue/inst/fifo_gen_inst/inst_fifo_gen/gconvfifo.rf/grf.rf/gntv_or_sync_fifo.gl0.wr/gwss.wsts/clk
    SLICE_X17Y20         FDCE                                         r  p9_ps_system_i/hp0_interconnect/m00_couplers/auto_pc/inst/gen_axi4_axi3.axi3_conv_inst/USE_WRITE.write_addr_inst/USE_B_CHANNEL.cmd_b_queue/inst/fifo_gen_inst/inst_fifo_gen/gconvfifo.rf/grf.rf/gntv_or_sync_fifo.gl0.wr/gwss.wsts/ram_full_i_reg/C
                         clock pessimism             -0.034     1.156    
    SLICE_X17Y20         FDCE (Remov_fdce_C_CLR)     -0.092     1.064    p9_ps_system_i/hp0_interconnect/m00_couplers/auto_pc/inst/gen_axi4_axi3.axi3_conv_inst/USE_WRITE.write_addr_inst/USE_B_CHANNEL.cmd_b_queue/inst/fifo_gen_inst/inst_fifo_gen/gconvfifo.rf/grf.rf/gntv_or_sync_fifo.gl0.wr/gwss.wsts/ram_full_i_reg
  -------------------------------------------------------------------
                         required time                         -1.064    
                         arrival time                           1.749    
  -------------------------------------------------------------------
                         slack                                  0.685    





--------------------------------------------------------------------------------------
Path Group:  (none)
From Clock:  
  To Clock:  clk_fpga_0

Max Delay             1 Endpoint
Min Delay             1 Endpoint
--------------------------------------------------------------------------------------


Max Delay Paths
--------------------------------------------------------------------------------------
Slack:                    inf
  Source:                 p9_ps_system_i/processing_system7_0/inst/PS7_i/FCLKRESETN[0]
                            (internal pin)
  Destination:            p9_ps_system_i/rst_protocol_64/U0/EXT_LPF/ACTIVE_LOW_EXT.ACT_LO_EXT/GENERATE_LEVEL_P_S_CDC.SINGLE_BIT.CROSS_PLEVEL_IN2SCNDRY_IN_cdc_to/D
                            (rising edge-triggered cell FDRE clocked by clk_fpga_0  {rise@0.000ns fall@7.813ns period=15.625ns})
  Path Group:             (none)
  Path Type:              Setup (Max at Slow Process Corner)
  Data Path Delay:        3.083ns  (logic 0.119ns (3.859%)  route 2.964ns (96.141%))
  Logic Levels:           1  (LUT1=1)
  Clock Uncertainty:      0.236ns  ((TSJ^2 + TIJ^2)^1/2 + DJ) / 2 + PE
    Total System Jitter     (TSJ):    0.050ns
    Total Input Jitter      (TIJ):    0.469ns
    Discrete Jitter          (DJ):    0.000ns
    Phase Error              (PE):    0.000ns
  Timing Exception:       False Path

    Location             Delay type                Incr(ns)  Path(ns)    Netlist Resource(s)
  -------------------------------------------------------------------    -------------------
    PS7_X0Y0             PS7                          0.000     0.000 f  p9_ps_system_i/processing_system7_0/inst/PS7_i/FCLKRESETN[0]
                         net (fo=3, routed)           2.436     2.436    p9_ps_system_i/rst_protocol_64/U0/EXT_LPF/ACTIVE_LOW_EXT.ACT_LO_EXT/ext_reset_in
    SLICE_X4Y83          LUT1 (Prop_lut1_I0_O)        0.119     2.555 r  p9_ps_system_i/rst_protocol_64/U0/EXT_LPF/ACTIVE_LOW_EXT.ACT_LO_EXT/GENERATE_LEVEL_P_S_CDC.SINGLE_BIT.CROSS_PLEVEL_IN2SCNDRY_IN_cdc_to_i_1/O
                         net (fo=1, routed)           0.528     3.083    p9_ps_system_i/rst_protocol_64/U0/EXT_LPF/ACTIVE_LOW_EXT.ACT_LO_EXT/exr_d1
    SLICE_X1Y82          FDRE                                         r  p9_ps_system_i/rst_protocol_64/U0/EXT_LPF/ACTIVE_LOW_EXT.ACT_LO_EXT/GENERATE_LEVEL_P_S_CDC.SINGLE_BIT.CROSS_PLEVEL_IN2SCNDRY_IN_cdc_to/D
  -------------------------------------------------------------------    -------------------

                         (clock clk_fpga_0 rise edge)
                                                      0.000     0.000 r  
    PS7_X0Y0             PS7                          0.000     0.000 r  p9_ps_system_i/processing_system7_0/inst/PS7_i/FCLKCLK[0]
                         net (fo=1, routed)           1.101     1.101    p9_ps_system_i/processing_system7_0/inst/FCLK_CLK_unbuffered[0]
    BUFGCTRL_X0Y2        BUFG (Prop_bufg_I_O)         0.091     1.192 r  p9_ps_system_i/processing_system7_0/inst/buffer_fclk_clk_0.FCLK_CLK_0_BUFG/O
                         net (fo=9574, routed)        1.529     2.721    p9_ps_system_i/rst_protocol_64/U0/EXT_LPF/ACTIVE_LOW_EXT.ACT_LO_EXT/slowest_sync_clk
    SLICE_X1Y82          FDRE                                         r  p9_ps_system_i/rst_protocol_64/U0/EXT_LPF/ACTIVE_LOW_EXT.ACT_LO_EXT/GENERATE_LEVEL_P_S_CDC.SINGLE_BIT.CROSS_PLEVEL_IN2SCNDRY_IN_cdc_to/C





Min Delay Paths
--------------------------------------------------------------------------------------
Slack:                    inf
  Source:                 p9_ps_system_i/processing_system7_0/inst/PS7_i/FCLKRESETN[0]
                            (internal pin)
  Destination:            p9_ps_system_i/rst_protocol_64/U0/EXT_LPF/ACTIVE_LOW_EXT.ACT_LO_EXT/GENERATE_LEVEL_P_S_CDC.SINGLE_BIT.CROSS_PLEVEL_IN2SCNDRY_IN_cdc_to/D
                            (rising edge-triggered cell FDRE clocked by clk_fpga_0  {rise@0.000ns fall@7.813ns period=15.625ns})
  Path Group:             (none)
  Path Type:              Hold (Min at Fast Process Corner)
  Data Path Delay:        1.319ns  (logic 0.049ns (3.714%)  route 1.270ns (96.286%))
  Logic Levels:           1  (LUT1=1)
  Clock Uncertainty:      0.236ns  ((TSJ^2 + TIJ^2)^1/2 + DJ) / 2 + PE
    Total System Jitter     (TSJ):    0.050ns
    Total Input Jitter      (TIJ):    0.469ns
    Discrete Jitter          (DJ):    0.000ns
    Phase Error              (PE):    0.000ns
  Timing Exception:       False Path

    Location             Delay type                Incr(ns)  Path(ns)    Netlist Resource(s)
  -------------------------------------------------------------------    -------------------
    PS7_X0Y0             PS7                          0.000     0.000 f  p9_ps_system_i/processing_system7_0/inst/PS7_i/FCLKRESETN[0]
                         net (fo=3, routed)           1.090     1.090    p9_ps_system_i/rst_protocol_64/U0/EXT_LPF/ACTIVE_LOW_EXT.ACT_LO_EXT/ext_reset_in
    SLICE_X4Y83          LUT1 (Prop_lut1_I0_O)        0.049     1.139 r  p9_ps_system_i/rst_protocol_64/U0/EXT_LPF/ACTIVE_LOW_EXT.ACT_LO_EXT/GENERATE_LEVEL_P_S_CDC.SINGLE_BIT.CROSS_PLEVEL_IN2SCNDRY_IN_cdc_to_i_1/O
                         net (fo=1, routed)           0.180     1.319    p9_ps_system_i/rst_protocol_64/U0/EXT_LPF/ACTIVE_LOW_EXT.ACT_LO_EXT/exr_d1
    SLICE_X1Y82          FDRE                                         r  p9_ps_system_i/rst_protocol_64/U0/EXT_LPF/ACTIVE_LOW_EXT.ACT_LO_EXT/GENERATE_LEVEL_P_S_CDC.SINGLE_BIT.CROSS_PLEVEL_IN2SCNDRY_IN_cdc_to/D
  -------------------------------------------------------------------    -------------------

                         (clock clk_fpga_0 rise edge)
                                                      0.000     0.000 r  
    PS7_X0Y0             PS7                          0.000     0.000 r  p9_ps_system_i/processing_system7_0/inst/PS7_i/FCLKCLK[0]
                         net (fo=1, routed)           0.341     0.341    p9_ps_system_i/processing_system7_0/inst/FCLK_CLK_unbuffered[0]
    BUFGCTRL_X0Y2        BUFG (Prop_bufg_I_O)         0.029     0.370 r  p9_ps_system_i/processing_system7_0/inst/buffer_fclk_clk_0.FCLK_CLK_0_BUFG/O
                         net (fo=9574, routed)        0.842     1.212    p9_ps_system_i/rst_protocol_64/U0/EXT_LPF/ACTIVE_LOW_EXT.ACT_LO_EXT/slowest_sync_clk
    SLICE_X1Y82          FDRE                                         r  p9_ps_system_i/rst_protocol_64/U0/EXT_LPF/ACTIVE_LOW_EXT.ACT_LO_EXT/GENERATE_LEVEL_P_S_CDC.SINGLE_BIT.CROSS_PLEVEL_IN2SCNDRY_IN_cdc_to/C





--------------------------------------------------------------------------------------
Path Group:  (none)
From Clock:  clk_fpga_1
  To Clock:  clk_fpga_0

Max Delay            40 Endpoints
Min Delay            50 Endpoints
--------------------------------------------------------------------------------------


Max Delay Paths
--------------------------------------------------------------------------------------
Slack:                    inf
  Source:                 p9_ps_system_i/mm2s_axis_clock_converter/inst/gen_async_conv.axisc_async_clock_converter_0/xpm_fifo_async_inst/gnuram_async_fifo.xpm_fifo_base_inst/gen_sdpram.xpm_memory_base_inst/gen_wr_a.gen_word_narrow.mem_reg_0_31_24_29/RAMB_D1/CLK
                            (rising edge-triggered cell RAMD32 clocked by clk_fpga_1  {rise@0.000ns fall@5.000ns period=10.000ns})
  Destination:            p9_ps_system_i/mm2s_axis_clock_converter/inst/gen_async_conv.axisc_async_clock_converter_0/xpm_fifo_async_inst/gnuram_async_fifo.xpm_fifo_base_inst/gen_sdpram.xpm_memory_base_inst/gen_rd_b.gen_rd_b_synth_template.gen_rf_narrow_pipe.doutb_reg_reg[27]/D
                            (rising edge-triggered cell FDRE clocked by clk_fpga_0  {rise@0.000ns fall@7.813ns period=15.625ns})
  Path Group:             (none)
  Path Type:              Setup (Max at Slow Process Corner)
  Data Path Delay:        3.757ns  (logic 1.317ns (35.059%)  route 2.440ns (64.941%))
  Logic Levels:           0  
  Clock Path Skew:        -0.373ns (DCD - SCD + CPR)
    Destination Clock Delay (DCD):    2.688ns
    Source Clock Delay      (SCD):    3.061ns
    Clock Pessimism Removal (CPR):    0.000ns
  Clock Uncertainty:      0.281ns  ((TSJ^2 + TIJ^2)^1/2 + DJ) / 2 + PE
    Total System Jitter     (TSJ):    0.071ns
    Total Input Jitter      (TIJ):    0.557ns
    Discrete Jitter          (DJ):    0.000ns
    Phase Error              (PE):    0.000ns
  Timing Exception:       False Path

    Location             Delay type                Incr(ns)  Path(ns)    Netlist Resource(s)
  -------------------------------------------------------------------    -------------------
                         (clock clk_fpga_1 rise edge)
                                                      0.000     0.000 r  
    PS7_X0Y0             PS7                          0.000     0.000 r  p9_ps_system_i/processing_system7_0/inst/PS7_i/FCLKCLK[1]
                         net (fo=1, routed)           1.207     1.207    p9_ps_system_i/processing_system7_0/inst/FCLK_CLK_unbuffered[1]
    BUFGCTRL_X0Y0        BUFG (Prop_bufg_I_O)         0.101     1.308 r  p9_ps_system_i/processing_system7_0/inst/buffer_fclk_clk_1.FCLK_CLK_1_BUFG/O
                         net (fo=5818, routed)        1.753     3.061    p9_ps_system_i/mm2s_axis_clock_converter/inst/gen_async_conv.axisc_async_clock_converter_0/xpm_fifo_async_inst/gnuram_async_fifo.xpm_fifo_base_inst/gen_sdpram.xpm_memory_base_inst/gen_wr_a.gen_word_narrow.mem_reg_0_31_24_29/WCLK
    SLICE_X38Y1          RAMD32                                       r  p9_ps_system_i/mm2s_axis_clock_converter/inst/gen_async_conv.axisc_async_clock_converter_0/xpm_fifo_async_inst/gnuram_async_fifo.xpm_fifo_base_inst/gen_sdpram.xpm_memory_base_inst/gen_wr_a.gen_word_narrow.mem_reg_0_31_24_29/RAMB_D1/CLK
  -------------------------------------------------------------------    -------------------
    SLICE_X38Y1          RAMD32 (Prop_ramd32_CLK_O)
                                                      1.317     4.378 r  p9_ps_system_i/mm2s_axis_clock_converter/inst/gen_async_conv.axisc_async_clock_converter_0/xpm_fifo_async_inst/gnuram_async_fifo.xpm_fifo_base_inst/gen_sdpram.xpm_memory_base_inst/gen_wr_a.gen_word_narrow.mem_reg_0_31_24_29/RAMB_D1/O
                         net (fo=1, routed)           2.440     6.818    p9_ps_system_i/mm2s_axis_clock_converter/inst/gen_async_conv.axisc_async_clock_converter_0/xpm_fifo_async_inst/gnuram_async_fifo.xpm_fifo_base_inst/gen_sdpram.xpm_memory_base_inst/gen_rd_b.gen_rd_b_synth_template.gen_rf_narrow_pipe.doutb_reg_reg0[27]
    SLICE_X6Y20          FDRE                                         r  p9_ps_system_i/mm2s_axis_clock_converter/inst/gen_async_conv.axisc_async_clock_converter_0/xpm_fifo_async_inst/gnuram_async_fifo.xpm_fifo_base_inst/gen_sdpram.xpm_memory_base_inst/gen_rd_b.gen_rd_b_synth_template.gen_rf_narrow_pipe.doutb_reg_reg[27]/D
  -------------------------------------------------------------------    -------------------

                         (clock clk_fpga_0 rise edge)
                                                      0.000     0.000 r  
    PS7_X0Y0             PS7                          0.000     0.000 r  p9_ps_system_i/processing_system7_0/inst/PS7_i/FCLKCLK[0]
                         net (fo=1, routed)           1.101     1.101    p9_ps_system_i/processing_system7_0/inst/FCLK_CLK_unbuffered[0]
    BUFGCTRL_X0Y2        BUFG (Prop_bufg_I_O)         0.091     1.192 r  p9_ps_system_i/processing_system7_0/inst/buffer_fclk_clk_0.FCLK_CLK_0_BUFG/O
                         net (fo=9574, routed)        1.495     2.688    p9_ps_system_i/mm2s_axis_clock_converter/inst/gen_async_conv.axisc_async_clock_converter_0/xpm_fifo_async_inst/gnuram_async_fifo.xpm_fifo_base_inst/gen_sdpram.xpm_memory_base_inst/clkb
    SLICE_X6Y20          FDRE                                         r  p9_ps_system_i/mm2s_axis_clock_converter/inst/gen_async_conv.axisc_async_clock_converter_0/xpm_fifo_async_inst/gnuram_async_fifo.xpm_fifo_base_inst/gen_sdpram.xpm_memory_base_inst/gen_rd_b.gen_rd_b_synth_template.gen_rf_narrow_pipe.doutb_reg_reg[27]/C





Min Delay Paths
--------------------------------------------------------------------------------------
Slack:                    inf
  Source:                 p9_ps_system_i/s2mm_axis_clock_converter/inst/gen_async_conv.axisc_async_clock_converter_0/xpm_fifo_async_inst/gnuram_async_fifo.xpm_fifo_base_inst/gen_cdc_pntr.rd_pntr_cdc_inst/src_gray_ff_reg[1]/C
                            (rising edge-triggered cell FDRE clocked by clk_fpga_1  {rise@0.000ns fall@5.000ns period=10.000ns})
  Destination:            p9_ps_system_i/s2mm_axis_clock_converter/inst/gen_async_conv.axisc_async_clock_converter_0/xpm_fifo_async_inst/gnuram_async_fifo.xpm_fifo_base_inst/gen_cdc_pntr.rd_pntr_cdc_inst/dest_graysync_ff_reg[0][1]/D
                            (rising edge-triggered cell FDRE clocked by clk_fpga_0  {rise@0.000ns fall@7.813ns period=15.625ns})
  Path Group:             (none)
  Path Type:              Hold (Min at Fast Process Corner)
  Data Path Delay:        0.292ns  (logic 0.128ns (43.786%)  route 0.164ns (56.214%))
  Logic Levels:           0  
  Clock Path Skew:        0.297ns (DCD - SCD - CPR)
    Destination Clock Delay (DCD):    1.201ns
    Source Clock Delay      (SCD):    0.904ns
    Clock Pessimism Removal (CPR):    -0.000ns
  Clock Uncertainty:      0.281ns  ((TSJ^2 + TIJ^2)^1/2 + DJ) / 2 + PE
    Total System Jitter     (TSJ):    0.071ns
    Total Input Jitter      (TIJ):    0.557ns
    Discrete Jitter          (DJ):    0.000ns
    Phase Error              (PE):    0.000ns
  Timing Exception:       False Path

    Location             Delay type                Incr(ns)  Path(ns)    Netlist Resource(s)
  -------------------------------------------------------------------    -------------------
                         (clock clk_fpga_1 rise edge)
                                                      0.000     0.000 r  
    PS7_X0Y0             PS7                          0.000     0.000 r  p9_ps_system_i/processing_system7_0/inst/PS7_i/FCLKCLK[1]
                         net (fo=1, routed)           0.315     0.315    p9_ps_system_i/processing_system7_0/inst/FCLK_CLK_unbuffered[1]
    BUFGCTRL_X0Y0        BUFG (Prop_bufg_I_O)         0.026     0.341 r  p9_ps_system_i/processing_system7_0/inst/buffer_fclk_clk_1.FCLK_CLK_1_BUFG/O
                         net (fo=5818, routed)        0.563     0.904    p9_ps_system_i/s2mm_axis_clock_converter/inst/gen_async_conv.axisc_async_clock_converter_0/xpm_fifo_async_inst/gnuram_async_fifo.xpm_fifo_base_inst/gen_cdc_pntr.rd_pntr_cdc_inst/src_clk
    SLICE_X26Y4          FDRE                                         r  p9_ps_system_i/s2mm_axis_clock_converter/inst/gen_async_conv.axisc_async_clock_converter_0/xpm_fifo_async_inst/gnuram_async_fifo.xpm_fifo_base_inst/gen_cdc_pntr.rd_pntr_cdc_inst/src_gray_ff_reg[1]/C
  -------------------------------------------------------------------    -------------------
    SLICE_X26Y4          FDRE (Prop_fdre_C_Q)         0.128     1.031 r  p9_ps_system_i/s2mm_axis_clock_converter/inst/gen_async_conv.axisc_async_clock_converter_0/xpm_fifo_async_inst/gnuram_async_fifo.xpm_fifo_base_inst/gen_cdc_pntr.rd_pntr_cdc_inst/src_gray_ff_reg[1]/Q
                         net (fo=1, routed)           0.164     1.196    p9_ps_system_i/s2mm_axis_clock_converter/inst/gen_async_conv.axisc_async_clock_converter_0/xpm_fifo_async_inst/gnuram_async_fifo.xpm_fifo_base_inst/gen_cdc_pntr.rd_pntr_cdc_inst/async_path[1]
    SLICE_X29Y4          FDRE                                         r  p9_ps_system_i/s2mm_axis_clock_converter/inst/gen_async_conv.axisc_async_clock_converter_0/xpm_fifo_async_inst/gnuram_async_fifo.xpm_fifo_base_inst/gen_cdc_pntr.rd_pntr_cdc_inst/dest_graysync_ff_reg[0][1]/D
  -------------------------------------------------------------------    -------------------

                         (clock clk_fpga_0 rise edge)
                                                      0.000     0.000 r  
    PS7_X0Y0             PS7                          0.000     0.000 r  p9_ps_system_i/processing_system7_0/inst/PS7_i/FCLKCLK[0]
                         net (fo=1, routed)           0.341     0.341    p9_ps_system_i/processing_system7_0/inst/FCLK_CLK_unbuffered[0]
    BUFGCTRL_X0Y2        BUFG (Prop_bufg_I_O)         0.029     0.370 r  p9_ps_system_i/processing_system7_0/inst/buffer_fclk_clk_0.FCLK_CLK_0_BUFG/O
                         net (fo=9574, routed)        0.831     1.201    p9_ps_system_i/s2mm_axis_clock_converter/inst/gen_async_conv.axisc_async_clock_converter_0/xpm_fifo_async_inst/gnuram_async_fifo.xpm_fifo_base_inst/gen_cdc_pntr.rd_pntr_cdc_inst/dest_clk
    SLICE_X29Y4          FDRE                                         r  p9_ps_system_i/s2mm_axis_clock_converter/inst/gen_async_conv.axisc_async_clock_converter_0/xpm_fifo_async_inst/gnuram_async_fifo.xpm_fifo_base_inst/gen_cdc_pntr.rd_pntr_cdc_inst/dest_graysync_ff_reg[0][1]/C





--------------------------------------------------------------------------------------
Path Group:  (none)
From Clock:  clk_fpga_2
  To Clock:  clk_fpga_0

Max Delay             5 Endpoints
Min Delay            65 Endpoints
--------------------------------------------------------------------------------------


Max Delay Paths
--------------------------------------------------------------------------------------
Slack:                    inf
  Source:                 p9_ps_system_i/p9_axil_clock_converter/inst/gen_clock_conv.gen_async_lite_conv.clock_conv_lite_resp_b/dest_ack_reg/C
                            (rising edge-triggered cell FDRE clocked by clk_fpga_2  {rise@0.000ns fall@10.000ns period=20.000ns})
  Destination:            p9_ps_system_i/p9_axil_clock_converter/inst/gen_clock_conv.gen_async_lite_conv.clock_conv_lite_resp_b/handshake/xpm_cdc_single_dest2src_inst/syncstages_ff_reg[0]/D
                            (rising edge-triggered cell FDRE clocked by clk_fpga_0  {rise@0.000ns fall@7.813ns period=15.625ns})
  Path Group:             (none)
  Path Type:              Setup (Max at Slow Process Corner)
  Data Path Delay:        2.537ns  (logic 0.518ns (20.419%)  route 2.019ns (79.581%))
  Logic Levels:           0  
  Clock Path Skew:        -0.336ns (DCD - SCD + CPR)
    Destination Clock Delay (DCD):    2.692ns
    Source Clock Delay      (SCD):    3.028ns
    Clock Pessimism Removal (CPR):    0.000ns
  Clock Uncertainty:      0.382ns  ((TSJ^2 + TIJ^2)^1/2 + DJ) / 2 + PE
    Total System Jitter     (TSJ):    0.071ns
    Total Input Jitter      (TIJ):    0.762ns
    Discrete Jitter          (DJ):    0.000ns
    Phase Error              (PE):    0.000ns
  Timing Exception:       False Path

    Location             Delay type                Incr(ns)  Path(ns)    Netlist Resource(s)
  -------------------------------------------------------------------    -------------------
                         (clock clk_fpga_2 rise edge)
                                                      0.000     0.000 r  
    PS7_X0Y0             PS7                          0.000     0.000 r  p9_ps_system_i/processing_system7_0/inst/PS7_i/FCLKCLK[2]
                         net (fo=1, routed)           1.207     1.207    p9_ps_system_i/processing_system7_0/inst/FCLK_CLK_unbuffered[2]
    BUFGCTRL_X0Y1        BUFG (Prop_bufg_I_O)         0.101     1.308 r  p9_ps_system_i/processing_system7_0/inst/buffer_fclk_clk_2.FCLK_CLK_2_BUFG/O
                         net (fo=1123, routed)        1.720     3.028    p9_ps_system_i/p9_axil_clock_converter/inst/gen_clock_conv.gen_async_lite_conv.clock_conv_lite_resp_b/m_valid_i_reg_1
    SLICE_X4Y33          FDRE                                         r  p9_ps_system_i/p9_axil_clock_converter/inst/gen_clock_conv.gen_async_lite_conv.clock_conv_lite_resp_b/dest_ack_reg/C
  -------------------------------------------------------------------    -------------------
    SLICE_X4Y33          FDRE (Prop_fdre_C_Q)         0.518     3.546 r  p9_ps_system_i/p9_axil_clock_converter/inst/gen_clock_conv.gen_async_lite_conv.clock_conv_lite_resp_b/dest_ack_reg/Q
                         net (fo=2, routed)           2.019     5.565    p9_ps_system_i/p9_axil_clock_converter/inst/gen_clock_conv.gen_async_lite_conv.clock_conv_lite_resp_b/handshake/xpm_cdc_single_dest2src_inst/src_in
    SLICE_X17Y5          FDRE                                         r  p9_ps_system_i/p9_axil_clock_converter/inst/gen_clock_conv.gen_async_lite_conv.clock_conv_lite_resp_b/handshake/xpm_cdc_single_dest2src_inst/syncstages_ff_reg[0]/D
  -------------------------------------------------------------------    -------------------

                         (clock clk_fpga_0 rise edge)
                                                      0.000     0.000 r  
    PS7_X0Y0             PS7                          0.000     0.000 r  p9_ps_system_i/processing_system7_0/inst/PS7_i/FCLKCLK[0]
                         net (fo=1, routed)           1.101     1.101    p9_ps_system_i/processing_system7_0/inst/FCLK_CLK_unbuffered[0]
    BUFGCTRL_X0Y2        BUFG (Prop_bufg_I_O)         0.091     1.192 r  p9_ps_system_i/processing_system7_0/inst/buffer_fclk_clk_0.FCLK_CLK_0_BUFG/O
                         net (fo=9574, routed)        1.500     2.692    p9_ps_system_i/p9_axil_clock_converter/inst/gen_clock_conv.gen_async_lite_conv.clock_conv_lite_resp_b/handshake/xpm_cdc_single_dest2src_inst/dest_clk
    SLICE_X17Y5          FDRE                                         r  p9_ps_system_i/p9_axil_clock_converter/inst/gen_clock_conv.gen_async_lite_conv.clock_conv_lite_resp_b/handshake/xpm_cdc_single_dest2src_inst/syncstages_ff_reg[0]/C





Min Delay Paths
--------------------------------------------------------------------------------------
Slack:                    inf
  Source:                 p9_ps_system_i/p9_axil_clock_converter/inst/gen_clock_conv.gen_async_lite_conv.clock_conv_lite_fwd_w/handshake/src_hsdata_ff_reg[22]/C
                            (rising edge-triggered cell FDRE clocked by clk_fpga_2  {rise@0.000ns fall@10.000ns period=20.000ns})
  Destination:            p9_ps_system_i/p9_axil_clock_converter/inst/gen_clock_conv.gen_async_lite_conv.clock_conv_lite_fwd_w/handshake/dest_hsdata_ff_reg[22]/D
                            (rising edge-triggered cell FDRE clocked by clk_fpga_0  {rise@0.000ns fall@7.813ns period=15.625ns})
  Path Group:             (none)
  Path Type:              Hold (Min at Fast Process Corner)
  Data Path Delay:        0.327ns  (logic 0.141ns (43.120%)  route 0.186ns (56.880%))
  Logic Levels:           0  
  Clock Path Skew:        0.296ns (DCD - SCD - CPR)
    Destination Clock Delay (DCD):    1.219ns
    Source Clock Delay      (SCD):    0.923ns
    Clock Pessimism Removal (CPR):    -0.000ns
  Clock Uncertainty:      0.382ns  ((TSJ^2 + TIJ^2)^1/2 + DJ) / 2 + PE
    Total System Jitter     (TSJ):    0.071ns
    Total Input Jitter      (TIJ):    0.762ns
    Discrete Jitter          (DJ):    0.000ns
    Phase Error              (PE):    0.000ns
  Timing Exception:       False Path

    Location             Delay type                Incr(ns)  Path(ns)    Netlist Resource(s)
  -------------------------------------------------------------------    -------------------
                         (clock clk_fpga_2 rise edge)
                                                      0.000     0.000 r  
    PS7_X0Y0             PS7                          0.000     0.000 r  p9_ps_system_i/processing_system7_0/inst/PS7_i/FCLKCLK[2]
                         net (fo=1, routed)           0.315     0.315    p9_ps_system_i/processing_system7_0/inst/FCLK_CLK_unbuffered[2]
    BUFGCTRL_X0Y1        BUFG (Prop_bufg_I_O)         0.026     0.341 r  p9_ps_system_i/processing_system7_0/inst/buffer_fclk_clk_2.FCLK_CLK_2_BUFG/O
                         net (fo=1123, routed)        0.582     0.923    p9_ps_system_i/p9_axil_clock_converter/inst/gen_clock_conv.gen_async_lite_conv.clock_conv_lite_fwd_w/handshake/src_clk
    SLICE_X3Y57          FDRE                                         r  p9_ps_system_i/p9_axil_clock_converter/inst/gen_clock_conv.gen_async_lite_conv.clock_conv_lite_fwd_w/handshake/src_hsdata_ff_reg[22]/C
  -------------------------------------------------------------------    -------------------
    SLICE_X3Y57          FDRE (Prop_fdre_C_Q)         0.141     1.064 r  p9_ps_system_i/p9_axil_clock_converter/inst/gen_clock_conv.gen_async_lite_conv.clock_conv_lite_fwd_w/handshake/src_hsdata_ff_reg[22]/Q
                         net (fo=1, routed)           0.186     1.250    p9_ps_system_i/p9_axil_clock_converter/inst/gen_clock_conv.gen_async_lite_conv.clock_conv_lite_fwd_w/handshake/src_hsdata_ff[22]
    SLICE_X1Y57          FDRE                                         r  p9_ps_system_i/p9_axil_clock_converter/inst/gen_clock_conv.gen_async_lite_conv.clock_conv_lite_fwd_w/handshake/dest_hsdata_ff_reg[22]/D
  -------------------------------------------------------------------    -------------------

                         (clock clk_fpga_0 rise edge)
                                                      0.000     0.000 r  
    PS7_X0Y0             PS7                          0.000     0.000 r  p9_ps_system_i/processing_system7_0/inst/PS7_i/FCLKCLK[0]
                         net (fo=1, routed)           0.341     0.341    p9_ps_system_i/processing_system7_0/inst/FCLK_CLK_unbuffered[0]
    BUFGCTRL_X0Y2        BUFG (Prop_bufg_I_O)         0.029     0.370 r  p9_ps_system_i/processing_system7_0/inst/buffer_fclk_clk_0.FCLK_CLK_0_BUFG/O
                         net (fo=9574, routed)        0.849     1.219    p9_ps_system_i/p9_axil_clock_converter/inst/gen_clock_conv.gen_async_lite_conv.clock_conv_lite_fwd_w/handshake/dest_clk
    SLICE_X1Y57          FDRE                                         r  p9_ps_system_i/p9_axil_clock_converter/inst/gen_clock_conv.gen_async_lite_conv.clock_conv_lite_fwd_w/handshake/dest_hsdata_ff_reg[22]/C





--------------------------------------------------------------------------------------
Path Group:  (none)
From Clock:  
  To Clock:  clk_fpga_1

Max Delay             1 Endpoint
Min Delay             1 Endpoint
--------------------------------------------------------------------------------------


Max Delay Paths
--------------------------------------------------------------------------------------
Slack:                    inf
  Source:                 p9_ps_system_i/processing_system7_0/inst/PS7_i/FCLKRESETN[0]
                            (internal pin)
  Destination:            p9_ps_system_i/rst_dma_100/U0/EXT_LPF/ACTIVE_LOW_EXT.ACT_LO_EXT/GENERATE_LEVEL_P_S_CDC.SINGLE_BIT.CROSS_PLEVEL_IN2SCNDRY_IN_cdc_to/D
                            (rising edge-triggered cell FDRE clocked by clk_fpga_1  {rise@0.000ns fall@5.000ns period=10.000ns})
  Path Group:             (none)
  Path Type:              Setup (Max at Slow Process Corner)
  Data Path Delay:        2.124ns  (logic 0.124ns (5.838%)  route 2.000ns (94.162%))
  Logic Levels:           1  (LUT1=1)
  Clock Uncertainty:      0.152ns  ((TSJ^2 + TIJ^2)^1/2 + DJ) / 2 + PE
    Total System Jitter     (TSJ):    0.050ns
    Total Input Jitter      (TIJ):    0.300ns
    Discrete Jitter          (DJ):    0.000ns
    Phase Error              (PE):    0.000ns
  Timing Exception:       False Path

    Location             Delay type                Incr(ns)  Path(ns)    Netlist Resource(s)
  -------------------------------------------------------------------    -------------------
    PS7_X0Y0             PS7                          0.000     0.000 f  p9_ps_system_i/processing_system7_0/inst/PS7_i/FCLKRESETN[0]
                         net (fo=3, routed)           1.520     1.520    p9_ps_system_i/rst_dma_100/U0/EXT_LPF/ACTIVE_LOW_EXT.ACT_LO_EXT/ext_reset_in
    SLICE_X7Y27          LUT1 (Prop_lut1_I0_O)        0.124     1.644 r  p9_ps_system_i/rst_dma_100/U0/EXT_LPF/ACTIVE_LOW_EXT.ACT_LO_EXT/GENERATE_LEVEL_P_S_CDC.SINGLE_BIT.CROSS_PLEVEL_IN2SCNDRY_IN_cdc_to_i_1/O
                         net (fo=1, routed)           0.480     2.124    p9_ps_system_i/rst_dma_100/U0/EXT_LPF/ACTIVE_LOW_EXT.ACT_LO_EXT/exr_d1
    SLICE_X7Y25          FDRE                                         r  p9_ps_system_i/rst_dma_100/U0/EXT_LPF/ACTIVE_LOW_EXT.ACT_LO_EXT/GENERATE_LEVEL_P_S_CDC.SINGLE_BIT.CROSS_PLEVEL_IN2SCNDRY_IN_cdc_to/D
  -------------------------------------------------------------------    -------------------

                         (clock clk_fpga_1 rise edge)
                                                      0.000     0.000 r  
    PS7_X0Y0             PS7                          0.000     0.000 r  p9_ps_system_i/processing_system7_0/inst/PS7_i/FCLKCLK[1]
                         net (fo=1, routed)           1.101     1.101    p9_ps_system_i/processing_system7_0/inst/FCLK_CLK_unbuffered[1]
    BUFGCTRL_X0Y0        BUFG (Prop_bufg_I_O)         0.091     1.192 r  p9_ps_system_i/processing_system7_0/inst/buffer_fclk_clk_1.FCLK_CLK_1_BUFG/O
                         net (fo=5818, routed)        1.489     2.681    p9_ps_system_i/rst_dma_100/U0/EXT_LPF/ACTIVE_LOW_EXT.ACT_LO_EXT/slowest_sync_clk
    SLICE_X7Y25          FDRE                                         r  p9_ps_system_i/rst_dma_100/U0/EXT_LPF/ACTIVE_LOW_EXT.ACT_LO_EXT/GENERATE_LEVEL_P_S_CDC.SINGLE_BIT.CROSS_PLEVEL_IN2SCNDRY_IN_cdc_to/C





Min Delay Paths
--------------------------------------------------------------------------------------
Slack:                    inf
  Source:                 p9_ps_system_i/processing_system7_0/inst/PS7_i/FCLKRESETN[0]
                            (internal pin)
  Destination:            p9_ps_system_i/rst_dma_100/U0/EXT_LPF/ACTIVE_LOW_EXT.ACT_LO_EXT/GENERATE_LEVEL_P_S_CDC.SINGLE_BIT.CROSS_PLEVEL_IN2SCNDRY_IN_cdc_to/D
                            (rising edge-triggered cell FDRE clocked by clk_fpga_1  {rise@0.000ns fall@5.000ns period=10.000ns})
  Path Group:             (none)
  Path Type:              Hold (Min at Fast Process Corner)
  Data Path Delay:        0.841ns  (logic 0.045ns (5.352%)  route 0.796ns (94.648%))
  Logic Levels:           1  (LUT1=1)
  Clock Uncertainty:      0.152ns  ((TSJ^2 + TIJ^2)^1/2 + DJ) / 2 + PE
    Total System Jitter     (TSJ):    0.050ns
    Total Input Jitter      (TIJ):    0.300ns
    Discrete Jitter          (DJ):    0.000ns
    Phase Error              (PE):    0.000ns
  Timing Exception:       False Path

    Location             Delay type                Incr(ns)  Path(ns)    Netlist Resource(s)
  -------------------------------------------------------------------    -------------------
    PS7_X0Y0             PS7                          0.000     0.000 f  p9_ps_system_i/processing_system7_0/inst/PS7_i/FCLKRESETN[0]
                         net (fo=3, routed)           0.627     0.627    p9_ps_system_i/rst_dma_100/U0/EXT_LPF/ACTIVE_LOW_EXT.ACT_LO_EXT/ext_reset_in
    SLICE_X7Y27          LUT1 (Prop_lut1_I0_O)        0.045     0.672 r  p9_ps_system_i/rst_dma_100/U0/EXT_LPF/ACTIVE_LOW_EXT.ACT_LO_EXT/GENERATE_LEVEL_P_S_CDC.SINGLE_BIT.CROSS_PLEVEL_IN2SCNDRY_IN_cdc_to_i_1/O
                         net (fo=1, routed)           0.169     0.841    p9_ps_system_i/rst_dma_100/U0/EXT_LPF/ACTIVE_LOW_EXT.ACT_LO_EXT/exr_d1
    SLICE_X7Y25          FDRE                                         r  p9_ps_system_i/rst_dma_100/U0/EXT_LPF/ACTIVE_LOW_EXT.ACT_LO_EXT/GENERATE_LEVEL_P_S_CDC.SINGLE_BIT.CROSS_PLEVEL_IN2SCNDRY_IN_cdc_to/D
  -------------------------------------------------------------------    -------------------

                         (clock clk_fpga_1 rise edge)
                                                      0.000     0.000 r  
    PS7_X0Y0             PS7                          0.000     0.000 r  p9_ps_system_i/processing_system7_0/inst/PS7_i/FCLKCLK[1]
                         net (fo=1, routed)           0.341     0.341    p9_ps_system_i/processing_system7_0/inst/FCLK_CLK_unbuffered[1]
    BUFGCTRL_X0Y0        BUFG (Prop_bufg_I_O)         0.029     0.370 r  p9_ps_system_i/processing_system7_0/inst/buffer_fclk_clk_1.FCLK_CLK_1_BUFG/O
                         net (fo=5818, routed)        0.818     1.188    p9_ps_system_i/rst_dma_100/U0/EXT_LPF/ACTIVE_LOW_EXT.ACT_LO_EXT/slowest_sync_clk
    SLICE_X7Y25          FDRE                                         r  p9_ps_system_i/rst_dma_100/U0/EXT_LPF/ACTIVE_LOW_EXT.ACT_LO_EXT/GENERATE_LEVEL_P_S_CDC.SINGLE_BIT.CROSS_PLEVEL_IN2SCNDRY_IN_cdc_to/C





--------------------------------------------------------------------------------------
Path Group:  (none)
From Clock:  clk_fpga_0
  To Clock:  clk_fpga_1

Max Delay            40 Endpoints
Min Delay            50 Endpoints
--------------------------------------------------------------------------------------


Max Delay Paths
--------------------------------------------------------------------------------------
Slack:                    inf
  Source:                 p9_ps_system_i/rst_protocol_64/U0/ACTIVE_LOW_PR_OUT_DFF[0].FDRE_PER_N/C
                            (rising edge-triggered cell FDRE clocked by clk_fpga_0  {rise@0.000ns fall@7.813ns period=15.625ns})
  Destination:            p9_ps_system_i/mm2s_axis_clock_converter/inst/gen_async_conv.axisc_async_clock_converter_0/inst_xpm_cdc_sync_rst/syncstages_ff_reg[0]/D
                            (rising edge-triggered cell FDRE clocked by clk_fpga_1  {rise@0.000ns fall@5.000ns period=10.000ns})
  Path Group:             (none)
  Path Type:              Setup (Max at Slow Process Corner)
  Data Path Delay:        8.042ns  (logic 0.642ns (7.983%)  route 7.400ns (92.017%))
  Logic Levels:           1  (LUT1=1)
  Clock Path Skew:        -0.245ns (DCD - SCD + CPR)
    Destination Clock Delay (DCD):    2.770ns
    Source Clock Delay      (SCD):    3.014ns
    Clock Pessimism Removal (CPR):    0.000ns
  Clock Uncertainty:      0.281ns  ((TSJ^2 + TIJ^2)^1/2 + DJ) / 2 + PE
    Total System Jitter     (TSJ):    0.071ns
    Total Input Jitter      (TIJ):    0.557ns
    Discrete Jitter          (DJ):    0.000ns
    Phase Error              (PE):    0.000ns
  Timing Exception:       False Path

    Location             Delay type                Incr(ns)  Path(ns)    Netlist Resource(s)
  -------------------------------------------------------------------    -------------------
                         (clock clk_fpga_0 rise edge)
                                                      0.000     0.000 r  
    PS7_X0Y0             PS7                          0.000     0.000 r  p9_ps_system_i/processing_system7_0/inst/PS7_i/FCLKCLK[0]
                         net (fo=1, routed)           1.207     1.207    p9_ps_system_i/processing_system7_0/inst/FCLK_CLK_unbuffered[0]
    BUFGCTRL_X0Y2        BUFG (Prop_bufg_I_O)         0.101     1.308 r  p9_ps_system_i/processing_system7_0/inst/buffer_fclk_clk_0.FCLK_CLK_0_BUFG/O
                         net (fo=9574, routed)        1.706     3.014    p9_ps_system_i/rst_protocol_64/U0/slowest_sync_clk
    SLICE_X4Y81          FDRE                                         r  p9_ps_system_i/rst_protocol_64/U0/ACTIVE_LOW_PR_OUT_DFF[0].FDRE_PER_N/C
  -------------------------------------------------------------------    -------------------
    SLICE_X4Y81          FDRE (Prop_fdre_C_Q)         0.518     3.532 f  p9_ps_system_i/rst_protocol_64/U0/ACTIVE_LOW_PR_OUT_DFF[0].FDRE_PER_N/Q
                         net (fo=44, routed)          6.854    10.386    p9_ps_system_i/mm2s_axis_clock_converter/inst/gen_async_conv.axisc_async_clock_converter_0/m_axis_aresetn
    SLICE_X34Y2          LUT1 (Prop_lut1_I0_O)        0.124    10.510 r  p9_ps_system_i/mm2s_axis_clock_converter/inst/gen_async_conv.axisc_async_clock_converter_0/inst_xpm_cdc_sync_rst_i_1/O
                         net (fo=1, routed)           0.546    11.056    p9_ps_system_i/mm2s_axis_clock_converter/inst/gen_async_conv.axisc_async_clock_converter_0/inst_xpm_cdc_sync_rst/src_rst
    SLICE_X43Y2          FDRE                                         r  p9_ps_system_i/mm2s_axis_clock_converter/inst/gen_async_conv.axisc_async_clock_converter_0/inst_xpm_cdc_sync_rst/syncstages_ff_reg[0]/D
  -------------------------------------------------------------------    -------------------

                         (clock clk_fpga_1 rise edge)
                                                      0.000     0.000 r  
    PS7_X0Y0             PS7                          0.000     0.000 r  p9_ps_system_i/processing_system7_0/inst/PS7_i/FCLKCLK[1]
                         net (fo=1, routed)           1.101     1.101    p9_ps_system_i/processing_system7_0/inst/FCLK_CLK_unbuffered[1]
    BUFGCTRL_X0Y0        BUFG (Prop_bufg_I_O)         0.091     1.192 r  p9_ps_system_i/processing_system7_0/inst/buffer_fclk_clk_1.FCLK_CLK_1_BUFG/O
                         net (fo=5818, routed)        1.577     2.769    p9_ps_system_i/mm2s_axis_clock_converter/inst/gen_async_conv.axisc_async_clock_converter_0/inst_xpm_cdc_sync_rst/dest_clk
    SLICE_X43Y2          FDRE                                         r  p9_ps_system_i/mm2s_axis_clock_converter/inst/gen_async_conv.axisc_async_clock_converter_0/inst_xpm_cdc_sync_rst/syncstages_ff_reg[0]/C





Min Delay Paths
--------------------------------------------------------------------------------------
Slack:                    inf
  Source:                 p9_ps_system_i/mm2s_axis_clock_converter/inst/gen_async_conv.axisc_async_clock_converter_0/xpm_fifo_async_inst/gnuram_async_fifo.xpm_fifo_base_inst/gen_cdc_pntr.rd_pntr_cdc_inst/src_gray_ff_reg[4]/C
                            (rising edge-triggered cell FDRE clocked by clk_fpga_0  {rise@0.000ns fall@7.813ns period=15.625ns})
  Destination:            p9_ps_system_i/mm2s_axis_clock_converter/inst/gen_async_conv.axisc_async_clock_converter_0/xpm_fifo_async_inst/gnuram_async_fifo.xpm_fifo_base_inst/gen_cdc_pntr.rd_pntr_cdc_inst/dest_graysync_ff_reg[0][4]/D
                            (rising edge-triggered cell FDRE clocked by clk_fpga_1  {rise@0.000ns fall@5.000ns period=10.000ns})
  Path Group:             (none)
  Path Type:              Hold (Min at Fast Process Corner)
  Data Path Delay:        0.298ns  (logic 0.128ns (42.982%)  route 0.170ns (57.018%))
  Logic Levels:           0  
  Clock Path Skew:        0.298ns (DCD - SCD - CPR)
    Destination Clock Delay (DCD):    1.232ns
    Source Clock Delay      (SCD):    0.934ns
    Clock Pessimism Removal (CPR):    -0.000ns
  Clock Uncertainty:      0.281ns  ((TSJ^2 + TIJ^2)^1/2 + DJ) / 2 + PE
    Total System Jitter     (TSJ):    0.071ns
    Total Input Jitter      (TIJ):    0.557ns
    Discrete Jitter          (DJ):    0.000ns
    Phase Error              (PE):    0.000ns
  Timing Exception:       False Path

    Location             Delay type                Incr(ns)  Path(ns)    Netlist Resource(s)
  -------------------------------------------------------------------    -------------------
                         (clock clk_fpga_0 rise edge)
                                                      0.000     0.000 r  
    PS7_X0Y0             PS7                          0.000     0.000 r  p9_ps_system_i/processing_system7_0/inst/PS7_i/FCLKCLK[0]
                         net (fo=1, routed)           0.315     0.315    p9_ps_system_i/processing_system7_0/inst/FCLK_CLK_unbuffered[0]
    BUFGCTRL_X0Y2        BUFG (Prop_bufg_I_O)         0.026     0.341 r  p9_ps_system_i/processing_system7_0/inst/buffer_fclk_clk_0.FCLK_CLK_0_BUFG/O
                         net (fo=9574, routed)        0.593     0.934    p9_ps_system_i/mm2s_axis_clock_converter/inst/gen_async_conv.axisc_async_clock_converter_0/xpm_fifo_async_inst/gnuram_async_fifo.xpm_fifo_base_inst/gen_cdc_pntr.rd_pntr_cdc_inst/src_clk
    SLICE_X43Y0          FDRE                                         r  p9_ps_system_i/mm2s_axis_clock_converter/inst/gen_async_conv.axisc_async_clock_converter_0/xpm_fifo_async_inst/gnuram_async_fifo.xpm_fifo_base_inst/gen_cdc_pntr.rd_pntr_cdc_inst/src_gray_ff_reg[4]/C
  -------------------------------------------------------------------    -------------------
    SLICE_X43Y0          FDRE (Prop_fdre_C_Q)         0.128     1.062 r  p9_ps_system_i/mm2s_axis_clock_converter/inst/gen_async_conv.axisc_async_clock_converter_0/xpm_fifo_async_inst/gnuram_async_fifo.xpm_fifo_base_inst/gen_cdc_pntr.rd_pntr_cdc_inst/src_gray_ff_reg[4]/Q
                         net (fo=1, routed)           0.170     1.231    p9_ps_system_i/mm2s_axis_clock_converter/inst/gen_async_conv.axisc_async_clock_converter_0/xpm_fifo_async_inst/gnuram_async_fifo.xpm_fifo_base_inst/gen_cdc_pntr.rd_pntr_cdc_inst/async_path[4]
    SLICE_X42Y0          FDRE                                         r  p9_ps_system_i/mm2s_axis_clock_converter/inst/gen_async_conv.axisc_async_clock_converter_0/xpm_fifo_async_inst/gnuram_async_fifo.xpm_fifo_base_inst/gen_cdc_pntr.rd_pntr_cdc_inst/dest_graysync_ff_reg[0][4]/D
  -------------------------------------------------------------------    -------------------

                         (clock clk_fpga_1 rise edge)
                                                      0.000     0.000 r  
    PS7_X0Y0             PS7                          0.000     0.000 r  p9_ps_system_i/processing_system7_0/inst/PS7_i/FCLKCLK[1]
                         net (fo=1, routed)           0.341     0.341    p9_ps_system_i/processing_system7_0/inst/FCLK_CLK_unbuffered[1]
    BUFGCTRL_X0Y0        BUFG (Prop_bufg_I_O)         0.029     0.370 r  p9_ps_system_i/processing_system7_0/inst/buffer_fclk_clk_1.FCLK_CLK_1_BUFG/O
                         net (fo=5818, routed)        0.862     1.232    p9_ps_system_i/mm2s_axis_clock_converter/inst/gen_async_conv.axisc_async_clock_converter_0/xpm_fifo_async_inst/gnuram_async_fifo.xpm_fifo_base_inst/gen_cdc_pntr.rd_pntr_cdc_inst/dest_clk
    SLICE_X42Y0          FDRE                                         r  p9_ps_system_i/mm2s_axis_clock_converter/inst/gen_async_conv.axisc_async_clock_converter_0/xpm_fifo_async_inst/gnuram_async_fifo.xpm_fifo_base_inst/gen_cdc_pntr.rd_pntr_cdc_inst/dest_graysync_ff_reg[0][4]/C





--------------------------------------------------------------------------------------
Path Group:  (none)
From Clock:  clk_fpga_1
  To Clock:  clk_fpga_1

Max Delay            12 Endpoints
Min Delay            12 Endpoints
--------------------------------------------------------------------------------------


Max Delay Paths
--------------------------------------------------------------------------------------
Slack:                    inf
  Source:                 p9_ps_system_i/rst_dma_100/U0/ACTIVE_LOW_BSR_OUT_DFF[0].FDRE_BSR_N/C
                            (rising edge-triggered cell FDRE clocked by clk_fpga_1  {rise@0.000ns fall@5.000ns period=10.000ns})
  Destination:            p9_ps_system_i/hp0_interconnect/m00_couplers/auto_pc/inst/gen_axi4_axi3.axi3_conv_inst/USE_READ.USE_SPLIT_R.read_addr_inst/USE_R_CHANNEL.cmd_queue/inst/fifo_gen_inst/inst_fifo_gen/gconvfifo.rf/grf.rf/rstblk/ngwrdrst.grst.g7serrst.gnsckt_wrst.rst_wr_reg2_inst/arststages_ff_reg[0]/PRE
                            (recovery check against rising-edge clock clk_fpga_1  {rise@0.000ns fall@5.000ns period=10.000ns})
  Path Group:             (none)
  Path Type:              Recovery (Max at Slow Process Corner)
  Data Path Delay:        6.484ns  (logic 0.580ns (8.946%)  route 5.904ns (91.054%))
  Logic Levels:           1  (LUT1=1)
  Clock Path Skew:        -0.359ns (DCD - SCD + CPR)
    Destination Clock Delay (DCD):    2.699ns
    Source Clock Delay      (SCD):    3.058ns
    Clock Pessimism Removal (CPR):    0.000ns
  Clock Uncertainty:      0.154ns  ((TSJ^2 + TIJ^2)^1/2 + DJ) / 2 + PE
    Total System Jitter     (TSJ):    0.071ns
    Total Input Jitter      (TIJ):    0.300ns
    Discrete Jitter          (DJ):    0.000ns
    Phase Error              (PE):    0.000ns
  Timing Exception:       False Path

    Location             Delay type                Incr(ns)  Path(ns)    Netlist Resource(s)
  -------------------------------------------------------------------    -------------------
                         (clock clk_fpga_1 rise edge)
                                                      0.000     0.000 r  
    PS7_X0Y0             PS7                          0.000     0.000 r  p9_ps_system_i/processing_system7_0/inst/PS7_i/FCLKCLK[1]
                         net (fo=1, routed)           1.207     1.207    p9_ps_system_i/processing_system7_0/inst/FCLK_CLK_unbuffered[1]
    BUFGCTRL_X0Y0        BUFG (Prop_bufg_I_O)         0.101     1.308 r  p9_ps_system_i/processing_system7_0/inst/buffer_fclk_clk_1.FCLK_CLK_1_BUFG/O
                         net (fo=5818, routed)        1.750     3.058    p9_ps_system_i/rst_dma_100/U0/slowest_sync_clk
    SLICE_X43Y12         FDRE                                         r  p9_ps_system_i/rst_dma_100/U0/ACTIVE_LOW_BSR_OUT_DFF[0].FDRE_BSR_N/C
  -------------------------------------------------------------------    -------------------
    SLICE_X43Y12         FDRE (Prop_fdre_C_Q)         0.456     3.514 r  p9_ps_system_i/rst_dma_100/U0/ACTIVE_LOW_BSR_OUT_DFF[0].FDRE_BSR_N/Q
                         net (fo=20, routed)          3.151     6.665    p9_ps_system_i/hp0_interconnect/m00_couplers/auto_pc/inst/gen_axi4_axi3.axi3_conv_inst/USE_WRITE.write_addr_inst/USE_BURSTS.cmd_queue/inst/aresetn
    SLICE_X3Y14          LUT1 (Prop_lut1_I0_O)        0.124     6.789 f  p9_ps_system_i/hp0_interconnect/m00_couplers/auto_pc/inst/gen_axi4_axi3.axi3_conv_inst/USE_WRITE.write_addr_inst/USE_BURSTS.cmd_queue/inst/S_AXI_AREADY_I_i_1/O
                         net (fo=248, routed)         2.753     9.542    p9_ps_system_i/hp0_interconnect/m00_couplers/auto_pc/inst/gen_axi4_axi3.axi3_conv_inst/USE_READ.USE_SPLIT_R.read_addr_inst/USE_R_CHANNEL.cmd_queue/inst/fifo_gen_inst/inst_fifo_gen/gconvfifo.rf/grf.rf/rstblk/ngwrdrst.grst.g7serrst.gnsckt_wrst.rst_wr_reg2_inst/src_arst
    SLICE_X6Y0           FDPE                                         f  p9_ps_system_i/hp0_interconnect/m00_couplers/auto_pc/inst/gen_axi4_axi3.axi3_conv_inst/USE_READ.USE_SPLIT_R.read_addr_inst/USE_R_CHANNEL.cmd_queue/inst/fifo_gen_inst/inst_fifo_gen/gconvfifo.rf/grf.rf/rstblk/ngwrdrst.grst.g7serrst.gnsckt_wrst.rst_wr_reg2_inst/arststages_ff_reg[0]/PRE
  -------------------------------------------------------------------    -------------------

                         (clock clk_fpga_1 rise edge)
                                                      0.000     0.000 r  
    PS7_X0Y0             PS7                          0.000     0.000 r  p9_ps_system_i/processing_system7_0/inst/PS7_i/FCLKCLK[1]
                         net (fo=1, routed)           1.101     1.101    p9_ps_system_i/processing_system7_0/inst/FCLK_CLK_unbuffered[1]
    BUFGCTRL_X0Y0        BUFG (Prop_bufg_I_O)         0.091     1.192 r  p9_ps_system_i/processing_system7_0/inst/buffer_fclk_clk_1.FCLK_CLK_1_BUFG/O
                         net (fo=5818, routed)        1.507     2.700    p9_ps_system_i/hp0_interconnect/m00_couplers/auto_pc/inst/gen_axi4_axi3.axi3_conv_inst/USE_READ.USE_SPLIT_R.read_addr_inst/USE_R_CHANNEL.cmd_queue/inst/fifo_gen_inst/inst_fifo_gen/gconvfifo.rf/grf.rf/rstblk/ngwrdrst.grst.g7serrst.gnsckt_wrst.rst_wr_reg2_inst/dest_clk
    SLICE_X6Y0           FDPE                                         r  p9_ps_system_i/hp0_interconnect/m00_couplers/auto_pc/inst/gen_axi4_axi3.axi3_conv_inst/USE_READ.USE_SPLIT_R.read_addr_inst/USE_R_CHANNEL.cmd_queue/inst/fifo_gen_inst/inst_fifo_gen/gconvfifo.rf/grf.rf/rstblk/ngwrdrst.grst.g7serrst.gnsckt_wrst.rst_wr_reg2_inst/arststages_ff_reg[0]/C





Min Delay Paths
--------------------------------------------------------------------------------------
Slack:                    inf
  Source:                 p9_ps_system_i/axi_dma_0/U0/I_RST_MODULE/GEN_RESET_FOR_S2MM.RESET_I/GEN_ASYNC_RESET.halt_cmplt_reg_reg/C
                            (rising edge-triggered cell FDRE clocked by clk_fpga_1  {rise@0.000ns fall@5.000ns period=10.000ns})
  Destination:            p9_ps_system_i/axi_dma_0/U0/I_RST_MODULE/GEN_RESET_FOR_S2MM.RESET_I/GEN_ASYNC_RESET.REG_HALT_CMPLT_IN/GENERATE_LEVEL_P_S_CDC.SINGLE_BIT.CROSS_PLEVEL_IN2SCNDRY_IN_cdc_to/D
                            (rising edge-triggered cell FDRE clocked by clk_fpga_1  {rise@0.000ns fall@5.000ns period=10.000ns})
  Path Group:             (none)
  Path Type:              Hold (Min at Fast Process Corner)
  Data Path Delay:        0.530ns  (logic 0.128ns (24.137%)  route 0.402ns (75.863%))
  Logic Levels:           0  
  Clock Path Skew:        0.316ns (DCD - SCD - CPR)
    Destination Clock Delay (DCD):    1.220ns
    Source Clock Delay      (SCD):    0.904ns
    Clock Pessimism Removal (CPR):    -0.000ns
  Clock Uncertainty:      0.154ns  ((TSJ^2 + TIJ^2)^1/2 + DJ) / 2 + PE
    Total System Jitter     (TSJ):    0.071ns
    Total Input Jitter      (TIJ):    0.300ns
    Discrete Jitter          (DJ):    0.000ns
    Phase Error              (PE):    0.000ns
  Timing Exception:       False Path

    Location             Delay type                Incr(ns)  Path(ns)    Netlist Resource(s)
  -------------------------------------------------------------------    -------------------
                         (clock clk_fpga_1 rise edge)
                                                      0.000     0.000 r  
    PS7_X0Y0             PS7                          0.000     0.000 r  p9_ps_system_i/processing_system7_0/inst/PS7_i/FCLKCLK[1]
                         net (fo=1, routed)           0.315     0.315    p9_ps_system_i/processing_system7_0/inst/FCLK_CLK_unbuffered[1]
    BUFGCTRL_X0Y0        BUFG (Prop_bufg_I_O)         0.026     0.341 r  p9_ps_system_i/processing_system7_0/inst/buffer_fclk_clk_1.FCLK_CLK_1_BUFG/O
                         net (fo=5818, routed)        0.563     0.904    p9_ps_system_i/axi_dma_0/U0/I_RST_MODULE/GEN_RESET_FOR_S2MM.RESET_I/m_axi_s2mm_aclk
    SLICE_X9Y12          FDRE                                         r  p9_ps_system_i/axi_dma_0/U0/I_RST_MODULE/GEN_RESET_FOR_S2MM.RESET_I/GEN_ASYNC_RESET.halt_cmplt_reg_reg/C
  -------------------------------------------------------------------    -------------------
    SLICE_X9Y12          FDRE (Prop_fdre_C_Q)         0.128     1.031 r  p9_ps_system_i/axi_dma_0/U0/I_RST_MODULE/GEN_RESET_FOR_S2MM.RESET_I/GEN_ASYNC_RESET.halt_cmplt_reg_reg/Q
                         net (fo=1, routed)           0.402     1.434    p9_ps_system_i/axi_dma_0/U0/I_RST_MODULE/GEN_RESET_FOR_S2MM.RESET_I/GEN_ASYNC_RESET.REG_HALT_CMPLT_IN/prmry_in
    SLICE_X0Y9           FDRE                                         r  p9_ps_system_i/axi_dma_0/U0/I_RST_MODULE/GEN_RESET_FOR_S2MM.RESET_I/GEN_ASYNC_RESET.REG_HALT_CMPLT_IN/GENERATE_LEVEL_P_S_CDC.SINGLE_BIT.CROSS_PLEVEL_IN2SCNDRY_IN_cdc_to/D
  -------------------------------------------------------------------    -------------------

                         (clock clk_fpga_1 rise edge)
                                                      0.000     0.000 r  
    PS7_X0Y0             PS7                          0.000     0.000 r  p9_ps_system_i/processing_system7_0/inst/PS7_i/FCLKCLK[1]
                         net (fo=1, routed)           0.341     0.341    p9_ps_system_i/processing_system7_0/inst/FCLK_CLK_unbuffered[1]
    BUFGCTRL_X0Y0        BUFG (Prop_bufg_I_O)         0.029     0.370 r  p9_ps_system_i/processing_system7_0/inst/buffer_fclk_clk_1.FCLK_CLK_1_BUFG/O
                         net (fo=5818, routed)        0.850     1.220    p9_ps_system_i/axi_dma_0/U0/I_RST_MODULE/GEN_RESET_FOR_S2MM.RESET_I/GEN_ASYNC_RESET.REG_HALT_CMPLT_IN/m_axi_sg_aclk
    SLICE_X0Y9           FDRE                                         r  p9_ps_system_i/axi_dma_0/U0/I_RST_MODULE/GEN_RESET_FOR_S2MM.RESET_I/GEN_ASYNC_RESET.REG_HALT_CMPLT_IN/GENERATE_LEVEL_P_S_CDC.SINGLE_BIT.CROSS_PLEVEL_IN2SCNDRY_IN_cdc_to/C





--------------------------------------------------------------------------------------
Path Group:  (none)
From Clock:  clk_fpga_2
  To Clock:  clk_fpga_1

Max Delay            50 Endpoints
Min Delay            50 Endpoints
--------------------------------------------------------------------------------------


Max Delay Paths
--------------------------------------------------------------------------------------
Slack:                    inf
  Source:                 p9_ps_system_i/processing_system7_0/inst/PS7_i/MAXIGP0ACLK
                            (rising edge-triggered cell PS7 clocked by clk_fpga_2  {rise@0.000ns fall@10.000ns period=20.000ns})
  Destination:            p9_ps_system_i/axi_dma_0/U0/I_AXI_DMA_REG_MODULE/GEN_AXI_LITE_IF.AXI_LITE_IF_I/GEN_ASYNC_WRITE.REG_WADDR_TO_IPCLK1/GENERATE_LEVEL_P_S_CDC.MULTI_BIT.FOR_IN_cdc_to[28].CROSS2_PLEVEL_IN2SCNDRY_IN_cdc_to/D
                            (rising edge-triggered cell FDRE clocked by clk_fpga_1  {rise@0.000ns fall@5.000ns period=10.000ns})
  Path Group:             (none)
  Path Type:              Setup (Max at Slow Process Corner)
  Data Path Delay:        4.485ns  (logic 1.450ns (32.327%)  route 3.035ns (67.673%))
  Logic Levels:           0  
  Clock Path Skew:        -0.381ns (DCD - SCD + CPR)
    Destination Clock Delay (DCD):    2.691ns
    Source Clock Delay      (SCD):    3.073ns
    Clock Pessimism Removal (CPR):    0.000ns
  Clock Uncertainty:      0.337ns  ((TSJ^2 + TIJ^2)^1/2 + DJ) / 2 + PE
    Total System Jitter     (TSJ):    0.071ns
    Total Input Jitter      (TIJ):    0.671ns
    Discrete Jitter          (DJ):    0.000ns
    Phase Error              (PE):    0.000ns
  Timing Exception:       False Path

    Location             Delay type                Incr(ns)  Path(ns)    Netlist Resource(s)
  -------------------------------------------------------------------    -------------------
                         (clock clk_fpga_2 rise edge)
                                                      0.000     0.000 r  
    PS7_X0Y0             PS7                          0.000     0.000 r  p9_ps_system_i/processing_system7_0/inst/PS7_i/FCLKCLK[2]
                         net (fo=1, routed)           1.207     1.207    p9_ps_system_i/processing_system7_0/inst/FCLK_CLK_unbuffered[2]
    BUFGCTRL_X0Y1        BUFG (Prop_bufg_I_O)         0.101     1.308 r  p9_ps_system_i/processing_system7_0/inst/buffer_fclk_clk_2.FCLK_CLK_2_BUFG/O
                         net (fo=1123, routed)        1.765     3.073    p9_ps_system_i/processing_system7_0/inst/M_AXI_GP0_ACLK
    PS7_X0Y0             PS7                                          r  p9_ps_system_i/processing_system7_0/inst/PS7_i/MAXIGP0ACLK
  -------------------------------------------------------------------    -------------------
    PS7_X0Y0             PS7 (Prop_ps7_MAXIGP0ACLK_MAXIGP0WDATA[28])
                                                      1.450     4.523 r  p9_ps_system_i/processing_system7_0/inst/PS7_i/MAXIGP0WDATA[28]
                         net (fo=2, routed)           3.035     7.558    p9_ps_system_i/axi_dma_0/U0/I_AXI_DMA_REG_MODULE/GEN_AXI_LITE_IF.AXI_LITE_IF_I/GEN_ASYNC_WRITE.REG_WADDR_TO_IPCLK1/s_axi_lite_wdata[26]
    SLICE_X27Y46         FDRE                                         r  p9_ps_system_i/axi_dma_0/U0/I_AXI_DMA_REG_MODULE/GEN_AXI_LITE_IF.AXI_LITE_IF_I/GEN_ASYNC_WRITE.REG_WADDR_TO_IPCLK1/GENERATE_LEVEL_P_S_CDC.MULTI_BIT.FOR_IN_cdc_to[28].CROSS2_PLEVEL_IN2SCNDRY_IN_cdc_to/D
  -------------------------------------------------------------------    -------------------

                         (clock clk_fpga_1 rise edge)
                                                      0.000     0.000 r  
    PS7_X0Y0             PS7                          0.000     0.000 r  p9_ps_system_i/processing_system7_0/inst/PS7_i/FCLKCLK[1]
                         net (fo=1, routed)           1.101     1.101    p9_ps_system_i/processing_system7_0/inst/FCLK_CLK_unbuffered[1]
    BUFGCTRL_X0Y0        BUFG (Prop_bufg_I_O)         0.091     1.192 r  p9_ps_system_i/processing_system7_0/inst/buffer_fclk_clk_1.FCLK_CLK_1_BUFG/O
                         net (fo=5818, routed)        1.499     2.691    p9_ps_system_i/axi_dma_0/U0/I_AXI_DMA_REG_MODULE/GEN_AXI_LITE_IF.AXI_LITE_IF_I/GEN_ASYNC_WRITE.REG_WADDR_TO_IPCLK1/m_axi_sg_aclk
    SLICE_X27Y46         FDRE                                         r  p9_ps_system_i/axi_dma_0/U0/I_AXI_DMA_REG_MODULE/GEN_AXI_LITE_IF.AXI_LITE_IF_I/GEN_ASYNC_WRITE.REG_WADDR_TO_IPCLK1/GENERATE_LEVEL_P_S_CDC.MULTI_BIT.FOR_IN_cdc_to[28].CROSS2_PLEVEL_IN2SCNDRY_IN_cdc_to/C





Min Delay Paths
--------------------------------------------------------------------------------------
Slack:                    inf
  Source:                 p9_ps_system_i/gp0_interconnect/xbar/inst/gen_sasd.crossbar_sasd_0/addr_arbiter_inst/gen_no_arbiter.m_amesg_i_reg[3]/C
                            (rising edge-triggered cell FDRE clocked by clk_fpga_2  {rise@0.000ns fall@10.000ns period=20.000ns})
  Destination:            p9_ps_system_i/axi_dma_0/U0/I_AXI_DMA_REG_MODULE/GEN_AXI_LITE_IF.AXI_LITE_IF_I/GEN_ASYNC_READ.REG_RADDR_TO_IPCLK/GENERATE_LEVEL_P_S_CDC.MULTI_BIT.FOR_IN_cdc_to[2].CROSS2_PLEVEL_IN2SCNDRY_IN_cdc_to/D
                            (rising edge-triggered cell FDRE clocked by clk_fpga_1  {rise@0.000ns fall@5.000ns period=10.000ns})
  Path Group:             (none)
  Path Type:              Hold (Min at Fast Process Corner)
  Data Path Delay:        0.305ns  (logic 0.141ns (46.283%)  route 0.164ns (53.717%))
  Logic Levels:           0  
  Clock Path Skew:        0.297ns (DCD - SCD - CPR)
    Destination Clock Delay (DCD):    1.222ns
    Source Clock Delay      (SCD):    0.925ns
    Clock Pessimism Removal (CPR):    -0.000ns
  Clock Uncertainty:      0.337ns  ((TSJ^2 + TIJ^2)^1/2 + DJ) / 2 + PE
    Total System Jitter     (TSJ):    0.071ns
    Total Input Jitter      (TIJ):    0.671ns
    Discrete Jitter          (DJ):    0.000ns
    Phase Error              (PE):    0.000ns
  Timing Exception:       False Path

    Location             Delay type                Incr(ns)  Path(ns)    Netlist Resource(s)
  -------------------------------------------------------------------    -------------------
                         (clock clk_fpga_2 rise edge)
                                                      0.000     0.000 r  
    PS7_X0Y0             PS7                          0.000     0.000 r  p9_ps_system_i/processing_system7_0/inst/PS7_i/FCLKCLK[2]
                         net (fo=1, routed)           0.315     0.315    p9_ps_system_i/processing_system7_0/inst/FCLK_CLK_unbuffered[2]
    BUFGCTRL_X0Y1        BUFG (Prop_bufg_I_O)         0.026     0.341 r  p9_ps_system_i/processing_system7_0/inst/buffer_fclk_clk_2.FCLK_CLK_2_BUFG/O
                         net (fo=1123, routed)        0.584     0.925    p9_ps_system_i/gp0_interconnect/xbar/inst/gen_sasd.crossbar_sasd_0/addr_arbiter_inst/aclk
    SLICE_X5Y40          FDRE                                         r  p9_ps_system_i/gp0_interconnect/xbar/inst/gen_sasd.crossbar_sasd_0/addr_arbiter_inst/gen_no_arbiter.m_amesg_i_reg[3]/C
  -------------------------------------------------------------------    -------------------
    SLICE_X5Y40          FDRE (Prop_fdre_C_Q)         0.141     1.066 r  p9_ps_system_i/gp0_interconnect/xbar/inst/gen_sasd.crossbar_sasd_0/addr_arbiter_inst/gen_no_arbiter.m_amesg_i_reg[3]/Q
                         net (fo=4, routed)           0.164     1.229    p9_ps_system_i/axi_dma_0/U0/I_AXI_DMA_REG_MODULE/GEN_AXI_LITE_IF.AXI_LITE_IF_I/GEN_ASYNC_READ.REG_RADDR_TO_IPCLK/s_axi_lite_araddr[2]
    SLICE_X3Y42          FDRE                                         r  p9_ps_system_i/axi_dma_0/U0/I_AXI_DMA_REG_MODULE/GEN_AXI_LITE_IF.AXI_LITE_IF_I/GEN_ASYNC_READ.REG_RADDR_TO_IPCLK/GENERATE_LEVEL_P_S_CDC.MULTI_BIT.FOR_IN_cdc_to[2].CROSS2_PLEVEL_IN2SCNDRY_IN_cdc_to/D
  -------------------------------------------------------------------    -------------------

                         (clock clk_fpga_1 rise edge)
                                                      0.000     0.000 r  
    PS7_X0Y0             PS7                          0.000     0.000 r  p9_ps_system_i/processing_system7_0/inst/PS7_i/FCLKCLK[1]
                         net (fo=1, routed)           0.341     0.341    p9_ps_system_i/processing_system7_0/inst/FCLK_CLK_unbuffered[1]
    BUFGCTRL_X0Y0        BUFG (Prop_bufg_I_O)         0.029     0.370 r  p9_ps_system_i/processing_system7_0/inst/buffer_fclk_clk_1.FCLK_CLK_1_BUFG/O
                         net (fo=5818, routed)        0.852     1.222    p9_ps_system_i/axi_dma_0/U0/I_AXI_DMA_REG_MODULE/GEN_AXI_LITE_IF.AXI_LITE_IF_I/GEN_ASYNC_READ.REG_RADDR_TO_IPCLK/m_axi_sg_aclk
    SLICE_X3Y42          FDRE                                         r  p9_ps_system_i/axi_dma_0/U0/I_AXI_DMA_REG_MODULE/GEN_AXI_LITE_IF.AXI_LITE_IF_I/GEN_ASYNC_READ.REG_RADDR_TO_IPCLK/GENERATE_LEVEL_P_S_CDC.MULTI_BIT.FOR_IN_cdc_to[2].CROSS2_PLEVEL_IN2SCNDRY_IN_cdc_to/C





--------------------------------------------------------------------------------------
Path Group:  (none)
From Clock:  
  To Clock:  clk_fpga_2

Max Delay             1 Endpoint
Min Delay             1 Endpoint
--------------------------------------------------------------------------------------


Max Delay Paths
--------------------------------------------------------------------------------------
Slack:                    inf
  Source:                 p9_ps_system_i/processing_system7_0/inst/PS7_i/FCLKRESETN[0]
                            (internal pin)
  Destination:            p9_ps_system_i/rst_axil_50/U0/EXT_LPF/ACTIVE_LOW_EXT.ACT_LO_EXT/GENERATE_LEVEL_P_S_CDC.SINGLE_BIT.CROSS_PLEVEL_IN2SCNDRY_IN_cdc_to/D
                            (rising edge-triggered cell FDRE clocked by clk_fpga_2  {rise@0.000ns fall@10.000ns period=20.000ns})
  Path Group:             (none)
  Path Type:              Setup (Max at Slow Process Corner)
  Data Path Delay:        1.810ns  (logic 0.124ns (6.850%)  route 1.686ns (93.150%))
  Logic Levels:           1  (LUT1=1)
  Clock Uncertainty:      0.301ns  ((TSJ^2 + TIJ^2)^1/2 + DJ) / 2 + PE
    Total System Jitter     (TSJ):    0.050ns
    Total Input Jitter      (TIJ):    0.600ns
    Discrete Jitter          (DJ):    0.000ns
    Phase Error              (PE):    0.000ns
  Timing Exception:       False Path

    Location             Delay type                Incr(ns)  Path(ns)    Netlist Resource(s)
  -------------------------------------------------------------------    -------------------
    PS7_X0Y0             PS7                          0.000     0.000 f  p9_ps_system_i/processing_system7_0/inst/PS7_i/FCLKRESETN[0]
                         net (fo=3, routed)           1.242     1.242    p9_ps_system_i/rst_axil_50/U0/EXT_LPF/ACTIVE_LOW_EXT.ACT_LO_EXT/ext_reset_in
    SLICE_X0Y34          LUT1 (Prop_lut1_I0_O)        0.124     1.366 r  p9_ps_system_i/rst_axil_50/U0/EXT_LPF/ACTIVE_LOW_EXT.ACT_LO_EXT/GENERATE_LEVEL_P_S_CDC.SINGLE_BIT.CROSS_PLEVEL_IN2SCNDRY_IN_cdc_to_i_1/O
                         net (fo=1, routed)           0.444     1.810    p9_ps_system_i/rst_axil_50/U0/EXT_LPF/ACTIVE_LOW_EXT.ACT_LO_EXT/exr_d1
    SLICE_X0Y35          FDRE                                         r  p9_ps_system_i/rst_axil_50/U0/EXT_LPF/ACTIVE_LOW_EXT.ACT_LO_EXT/GENERATE_LEVEL_P_S_CDC.SINGLE_BIT.CROSS_PLEVEL_IN2SCNDRY_IN_cdc_to/D
  -------------------------------------------------------------------    -------------------

                         (clock clk_fpga_2 rise edge)
                                                      0.000     0.000 r  
    PS7_X0Y0             PS7                          0.000     0.000 r  p9_ps_system_i/processing_system7_0/inst/PS7_i/FCLKCLK[2]
                         net (fo=1, routed)           1.101     1.101    p9_ps_system_i/processing_system7_0/inst/FCLK_CLK_unbuffered[2]
    BUFGCTRL_X0Y1        BUFG (Prop_bufg_I_O)         0.091     1.192 r  p9_ps_system_i/processing_system7_0/inst/buffer_fclk_clk_2.FCLK_CLK_2_BUFG/O
                         net (fo=1123, routed)        1.542     2.734    p9_ps_system_i/rst_axil_50/U0/EXT_LPF/ACTIVE_LOW_EXT.ACT_LO_EXT/slowest_sync_clk
    SLICE_X0Y35          FDRE                                         r  p9_ps_system_i/rst_axil_50/U0/EXT_LPF/ACTIVE_LOW_EXT.ACT_LO_EXT/GENERATE_LEVEL_P_S_CDC.SINGLE_BIT.CROSS_PLEVEL_IN2SCNDRY_IN_cdc_to/C





Min Delay Paths
--------------------------------------------------------------------------------------
Slack:                    inf
  Source:                 p9_ps_system_i/processing_system7_0/inst/PS7_i/FCLKRESETN[0]
                            (internal pin)
  Destination:            p9_ps_system_i/rst_axil_50/U0/EXT_LPF/ACTIVE_LOW_EXT.ACT_LO_EXT/GENERATE_LEVEL_P_S_CDC.SINGLE_BIT.CROSS_PLEVEL_IN2SCNDRY_IN_cdc_to/D
                            (rising edge-triggered cell FDRE clocked by clk_fpga_2  {rise@0.000ns fall@10.000ns period=20.000ns})
  Path Group:             (none)
  Path Type:              Hold (Min at Fast Process Corner)
  Data Path Delay:        0.601ns  (logic 0.045ns (7.483%)  route 0.556ns (92.517%))
  Logic Levels:           1  (LUT1=1)
  Clock Uncertainty:      0.301ns  ((TSJ^2 + TIJ^2)^1/2 + DJ) / 2 + PE
    Total System Jitter     (TSJ):    0.050ns
    Total Input Jitter      (TIJ):    0.600ns
    Discrete Jitter          (DJ):    0.000ns
    Phase Error              (PE):    0.000ns
  Timing Exception:       False Path

    Location             Delay type                Incr(ns)  Path(ns)    Netlist Resource(s)
  -------------------------------------------------------------------    -------------------
    PS7_X0Y0             PS7                          0.000     0.000 f  p9_ps_system_i/processing_system7_0/inst/PS7_i/FCLKRESETN[0]
                         net (fo=3, routed)           0.412     0.412    p9_ps_system_i/rst_axil_50/U0/EXT_LPF/ACTIVE_LOW_EXT.ACT_LO_EXT/ext_reset_in
    SLICE_X0Y34          LUT1 (Prop_lut1_I0_O)        0.045     0.457 r  p9_ps_system_i/rst_axil_50/U0/EXT_LPF/ACTIVE_LOW_EXT.ACT_LO_EXT/GENERATE_LEVEL_P_S_CDC.SINGLE_BIT.CROSS_PLEVEL_IN2SCNDRY_IN_cdc_to_i_1/O
                         net (fo=1, routed)           0.144     0.601    p9_ps_system_i/rst_axil_50/U0/EXT_LPF/ACTIVE_LOW_EXT.ACT_LO_EXT/exr_d1
    SLICE_X0Y35          FDRE                                         r  p9_ps_system_i/rst_axil_50/U0/EXT_LPF/ACTIVE_LOW_EXT.ACT_LO_EXT/GENERATE_LEVEL_P_S_CDC.SINGLE_BIT.CROSS_PLEVEL_IN2SCNDRY_IN_cdc_to/D
  -------------------------------------------------------------------    -------------------

                         (clock clk_fpga_2 rise edge)
                                                      0.000     0.000 r  
    PS7_X0Y0             PS7                          0.000     0.000 r  p9_ps_system_i/processing_system7_0/inst/PS7_i/FCLKCLK[2]
                         net (fo=1, routed)           0.341     0.341    p9_ps_system_i/processing_system7_0/inst/FCLK_CLK_unbuffered[2]
    BUFGCTRL_X0Y1        BUFG (Prop_bufg_I_O)         0.029     0.370 r  p9_ps_system_i/processing_system7_0/inst/buffer_fclk_clk_2.FCLK_CLK_2_BUFG/O
                         net (fo=1123, routed)        0.846     1.216    p9_ps_system_i/rst_axil_50/U0/EXT_LPF/ACTIVE_LOW_EXT.ACT_LO_EXT/slowest_sync_clk
    SLICE_X0Y35          FDRE                                         r  p9_ps_system_i/rst_axil_50/U0/EXT_LPF/ACTIVE_LOW_EXT.ACT_LO_EXT/GENERATE_LEVEL_P_S_CDC.SINGLE_BIT.CROSS_PLEVEL_IN2SCNDRY_IN_cdc_to/C





--------------------------------------------------------------------------------------
Path Group:  (none)
From Clock:  clk_fpga_0
  To Clock:  clk_fpga_2

Max Delay             5 Endpoints
Min Delay            41 Endpoints
--------------------------------------------------------------------------------------


Max Delay Paths
--------------------------------------------------------------------------------------
Slack:                    inf
  Source:                 p9_ps_system_i/p9_axil_clock_converter/inst/gen_clock_conv.gen_async_lite_conv.clock_conv_lite_fwd_ar/dest_ack_reg/C
                            (rising edge-triggered cell FDRE clocked by clk_fpga_0  {rise@0.000ns fall@7.813ns period=15.625ns})
  Destination:            p9_ps_system_i/p9_axil_clock_converter/inst/gen_clock_conv.gen_async_lite_conv.clock_conv_lite_fwd_ar/handshake/xpm_cdc_single_dest2src_inst/syncstages_ff_reg[0]/D
                            (rising edge-triggered cell FDRE clocked by clk_fpga_2  {rise@0.000ns fall@10.000ns period=20.000ns})
  Path Group:             (none)
  Path Type:              Setup (Max at Slow Process Corner)
  Data Path Delay:        1.987ns  (logic 0.518ns (26.065%)  route 1.469ns (73.935%))
  Logic Levels:           0  
  Clock Path Skew:        -0.233ns (DCD - SCD + CPR)
    Destination Clock Delay (DCD):    2.743ns
    Source Clock Delay      (SCD):    2.976ns
    Clock Pessimism Removal (CPR):    0.000ns
  Clock Uncertainty:      0.382ns  ((TSJ^2 + TIJ^2)^1/2 + DJ) / 2 + PE
    Total System Jitter     (TSJ):    0.071ns
    Total Input Jitter      (TIJ):    0.762ns
    Discrete Jitter          (DJ):    0.000ns
    Phase Error              (PE):    0.000ns
  Timing Exception:       False Path

    Location             Delay type                Incr(ns)  Path(ns)    Netlist Resource(s)
  -------------------------------------------------------------------    -------------------
                         (clock clk_fpga_0 rise edge)
                                                      0.000     0.000 r  
    PS7_X0Y0             PS7                          0.000     0.000 r  p9_ps_system_i/processing_system7_0/inst/PS7_i/FCLKCLK[0]
                         net (fo=1, routed)           1.207     1.207    p9_ps_system_i/processing_system7_0/inst/FCLK_CLK_unbuffered[0]
    BUFGCTRL_X0Y2        BUFG (Prop_bufg_I_O)         0.101     1.308 r  p9_ps_system_i/processing_system7_0/inst/buffer_fclk_clk_0.FCLK_CLK_0_BUFG/O
                         net (fo=9574, routed)        1.668     2.976    p9_ps_system_i/p9_axil_clock_converter/inst/gen_clock_conv.gen_async_lite_conv.clock_conv_lite_fwd_ar/m_valid_i_reg_1
    SLICE_X24Y41         FDRE                                         r  p9_ps_system_i/p9_axil_clock_converter/inst/gen_clock_conv.gen_async_lite_conv.clock_conv_lite_fwd_ar/dest_ack_reg/C
  -------------------------------------------------------------------    -------------------
    SLICE_X24Y41         FDRE (Prop_fdre_C_Q)         0.518     3.494 r  p9_ps_system_i/p9_axil_clock_converter/inst/gen_clock_conv.gen_async_lite_conv.clock_conv_lite_fwd_ar/dest_ack_reg/Q
                         net (fo=2, routed)           1.469     4.963    p9_ps_system_i/p9_axil_clock_converter/inst/gen_clock_conv.gen_async_lite_conv.clock_conv_lite_fwd_ar/handshake/xpm_cdc_single_dest2src_inst/src_in
    SLICE_X2Y42          FDRE                                         r  p9_ps_system_i/p9_axil_clock_converter/inst/gen_clock_conv.gen_async_lite_conv.clock_conv_lite_fwd_ar/handshake/xpm_cdc_single_dest2src_inst/syncstages_ff_reg[0]/D
  -------------------------------------------------------------------    -------------------

                         (clock clk_fpga_2 rise edge)
                                                      0.000     0.000 r  
    PS7_X0Y0             PS7                          0.000     0.000 r  p9_ps_system_i/processing_system7_0/inst/PS7_i/FCLKCLK[2]
                         net (fo=1, routed)           1.101     1.101    p9_ps_system_i/processing_system7_0/inst/FCLK_CLK_unbuffered[2]
    BUFGCTRL_X0Y1        BUFG (Prop_bufg_I_O)         0.091     1.192 r  p9_ps_system_i/processing_system7_0/inst/buffer_fclk_clk_2.FCLK_CLK_2_BUFG/O
                         net (fo=1123, routed)        1.550     2.742    p9_ps_system_i/p9_axil_clock_converter/inst/gen_clock_conv.gen_async_lite_conv.clock_conv_lite_fwd_ar/handshake/xpm_cdc_single_dest2src_inst/dest_clk
    SLICE_X2Y42          FDRE                                         r  p9_ps_system_i/p9_axil_clock_converter/inst/gen_clock_conv.gen_async_lite_conv.clock_conv_lite_fwd_ar/handshake/xpm_cdc_single_dest2src_inst/syncstages_ff_reg[0]/C





Min Delay Paths
--------------------------------------------------------------------------------------
Slack:                    inf
  Source:                 p9_ps_system_i/p9_axil_clock_converter/inst/gen_clock_conv.gen_async_lite_conv.clock_conv_lite_resp_b/handshake/src_sendd_ff_reg/C
                            (rising edge-triggered cell FDRE clocked by clk_fpga_0  {rise@0.000ns fall@7.813ns period=15.625ns})
  Destination:            p9_ps_system_i/p9_axil_clock_converter/inst/gen_clock_conv.gen_async_lite_conv.clock_conv_lite_resp_b/handshake/xpm_cdc_single_src2dest_inst/syncstages_ff_reg[0]/D
                            (rising edge-triggered cell FDRE clocked by clk_fpga_2  {rise@0.000ns fall@10.000ns period=20.000ns})
  Path Group:             (none)
  Path Type:              Hold (Min at Fast Process Corner)
  Data Path Delay:        0.295ns  (logic 0.141ns (47.787%)  route 0.154ns (52.213%))
  Logic Levels:           0  
  Clock Path Skew:        0.296ns (DCD - SCD - CPR)
    Destination Clock Delay (DCD):    1.196ns
    Source Clock Delay      (SCD):    0.900ns
    Clock Pessimism Removal (CPR):    -0.000ns
  Clock Uncertainty:      0.382ns  ((TSJ^2 + TIJ^2)^1/2 + DJ) / 2 + PE
    Total System Jitter     (TSJ):    0.071ns
    Total Input Jitter      (TIJ):    0.762ns
    Discrete Jitter          (DJ):    0.000ns
    Phase Error              (PE):    0.000ns
  Timing Exception:       False Path

    Location             Delay type                Incr(ns)  Path(ns)    Netlist Resource(s)
  -------------------------------------------------------------------    -------------------
                         (clock clk_fpga_0 rise edge)
                                                      0.000     0.000 r  
    PS7_X0Y0             PS7                          0.000     0.000 r  p9_ps_system_i/processing_system7_0/inst/PS7_i/FCLKCLK[0]
                         net (fo=1, routed)           0.315     0.315    p9_ps_system_i/processing_system7_0/inst/FCLK_CLK_unbuffered[0]
    BUFGCTRL_X0Y2        BUFG (Prop_bufg_I_O)         0.026     0.341 r  p9_ps_system_i/processing_system7_0/inst/buffer_fclk_clk_0.FCLK_CLK_0_BUFG/O
                         net (fo=9574, routed)        0.559     0.900    p9_ps_system_i/p9_axil_clock_converter/inst/gen_clock_conv.gen_async_lite_conv.clock_conv_lite_resp_b/handshake/src_clk
    SLICE_X22Y40         FDRE                                         r  p9_ps_system_i/p9_axil_clock_converter/inst/gen_clock_conv.gen_async_lite_conv.clock_conv_lite_resp_b/handshake/src_sendd_ff_reg/C
  -------------------------------------------------------------------    -------------------
    SLICE_X22Y40         FDRE (Prop_fdre_C_Q)         0.141     1.041 r  p9_ps_system_i/p9_axil_clock_converter/inst/gen_clock_conv.gen_async_lite_conv.clock_conv_lite_resp_b/handshake/src_sendd_ff_reg/Q
                         net (fo=3, routed)           0.154     1.195    p9_ps_system_i/p9_axil_clock_converter/inst/gen_clock_conv.gen_async_lite_conv.clock_conv_lite_resp_b/handshake/xpm_cdc_single_src2dest_inst/src_in
    SLICE_X23Y39         FDRE                                         r  p9_ps_system_i/p9_axil_clock_converter/inst/gen_clock_conv.gen_async_lite_conv.clock_conv_lite_resp_b/handshake/xpm_cdc_single_src2dest_inst/syncstages_ff_reg[0]/D
  -------------------------------------------------------------------    -------------------

                         (clock clk_fpga_2 rise edge)
                                                      0.000     0.000 r  
    PS7_X0Y0             PS7                          0.000     0.000 r  p9_ps_system_i/processing_system7_0/inst/PS7_i/FCLKCLK[2]
                         net (fo=1, routed)           0.341     0.341    p9_ps_system_i/processing_system7_0/inst/FCLK_CLK_unbuffered[2]
    BUFGCTRL_X0Y1        BUFG (Prop_bufg_I_O)         0.029     0.370 r  p9_ps_system_i/processing_system7_0/inst/buffer_fclk_clk_2.FCLK_CLK_2_BUFG/O
                         net (fo=1123, routed)        0.826     1.196    p9_ps_system_i/p9_axil_clock_converter/inst/gen_clock_conv.gen_async_lite_conv.clock_conv_lite_resp_b/handshake/xpm_cdc_single_src2dest_inst/dest_clk
    SLICE_X23Y39         FDRE                                         r  p9_ps_system_i/p9_axil_clock_converter/inst/gen_clock_conv.gen_async_lite_conv.clock_conv_lite_resp_b/handshake/xpm_cdc_single_src2dest_inst/syncstages_ff_reg[0]/C





--------------------------------------------------------------------------------------
Path Group:  (none)
From Clock:  clk_fpga_1
  To Clock:  clk_fpga_2

Max Delay            35 Endpoints
Min Delay            35 Endpoints
--------------------------------------------------------------------------------------


Max Delay Paths
--------------------------------------------------------------------------------------
Slack:                    inf
  Source:                 p9_ps_system_i/axi_dma_0/U0/I_AXI_DMA_REG_MODULE/GEN_MM2S_REGISTERS.I_MM2S_DMA_REGISTER/introut_reg/C
                            (rising edge-triggered cell FDRE clocked by clk_fpga_1  {rise@0.000ns fall@5.000ns period=10.000ns})
  Destination:            p9_ps_system_i/axi_dma_0/U0/I_AXI_DMA_REG_MODULE/GEN_MM2S_REGISTERS.GEN_INTROUT_ASYNC.PROC_REG_INTR2LITE/GENERATE_LEVEL_P_S_CDC.SINGLE_BIT.CROSS_PLEVEL_IN2SCNDRY_IN_cdc_to/D
                            (rising edge-triggered cell FDRE clocked by clk_fpga_2  {rise@0.000ns fall@10.000ns period=20.000ns})
  Path Group:             (none)
  Path Type:              Setup (Max at Slow Process Corner)
  Data Path Delay:        1.825ns  (logic 0.456ns (24.992%)  route 1.369ns (75.008%))
  Logic Levels:           0  
  Clock Path Skew:        -0.229ns (DCD - SCD + CPR)
    Destination Clock Delay (DCD):    2.734ns
    Source Clock Delay      (SCD):    2.964ns
    Clock Pessimism Removal (CPR):    0.000ns
  Clock Uncertainty:      0.337ns  ((TSJ^2 + TIJ^2)^1/2 + DJ) / 2 + PE
    Total System Jitter     (TSJ):    0.071ns
    Total Input Jitter      (TIJ):    0.671ns
    Discrete Jitter          (DJ):    0.000ns
    Phase Error              (PE):    0.000ns
  Timing Exception:       False Path

    Location             Delay type                Incr(ns)  Path(ns)    Netlist Resource(s)
  -------------------------------------------------------------------    -------------------
                         (clock clk_fpga_1 rise edge)
                                                      0.000     0.000 r  
    PS7_X0Y0             PS7                          0.000     0.000 r  p9_ps_system_i/processing_system7_0/inst/PS7_i/FCLKCLK[1]
                         net (fo=1, routed)           1.207     1.207    p9_ps_system_i/processing_system7_0/inst/FCLK_CLK_unbuffered[1]
    BUFGCTRL_X0Y0        BUFG (Prop_bufg_I_O)         0.101     1.308 r  p9_ps_system_i/processing_system7_0/inst/buffer_fclk_clk_1.FCLK_CLK_1_BUFG/O
                         net (fo=5818, routed)        1.656     2.964    p9_ps_system_i/axi_dma_0/U0/I_AXI_DMA_REG_MODULE/GEN_MM2S_REGISTERS.I_MM2S_DMA_REGISTER/m_axi_sg_aclk
    SLICE_X17Y26         FDRE                                         r  p9_ps_system_i/axi_dma_0/U0/I_AXI_DMA_REG_MODULE/GEN_MM2S_REGISTERS.I_MM2S_DMA_REGISTER/introut_reg/C
  -------------------------------------------------------------------    -------------------
    SLICE_X17Y26         FDRE (Prop_fdre_C_Q)         0.456     3.420 r  p9_ps_system_i/axi_dma_0/U0/I_AXI_DMA_REG_MODULE/GEN_MM2S_REGISTERS.I_MM2S_DMA_REGISTER/introut_reg/Q
                         net (fo=1, routed)           1.369     4.789    p9_ps_system_i/axi_dma_0/U0/I_AXI_DMA_REG_MODULE/GEN_MM2S_REGISTERS.GEN_INTROUT_ASYNC.PROC_REG_INTR2LITE/prmry_in
    SLICE_X0Y35          FDRE                                         r  p9_ps_system_i/axi_dma_0/U0/I_AXI_DMA_REG_MODULE/GEN_MM2S_REGISTERS.GEN_INTROUT_ASYNC.PROC_REG_INTR2LITE/GENERATE_LEVEL_P_S_CDC.SINGLE_BIT.CROSS_PLEVEL_IN2SCNDRY_IN_cdc_to/D
  -------------------------------------------------------------------    -------------------

                         (clock clk_fpga_2 rise edge)
                                                      0.000     0.000 r  
    PS7_X0Y0             PS7                          0.000     0.000 r  p9_ps_system_i/processing_system7_0/inst/PS7_i/FCLKCLK[2]
                         net (fo=1, routed)           1.101     1.101    p9_ps_system_i/processing_system7_0/inst/FCLK_CLK_unbuffered[2]
    BUFGCTRL_X0Y1        BUFG (Prop_bufg_I_O)         0.091     1.192 r  p9_ps_system_i/processing_system7_0/inst/buffer_fclk_clk_2.FCLK_CLK_2_BUFG/O
                         net (fo=1123, routed)        1.542     2.734    p9_ps_system_i/axi_dma_0/U0/I_AXI_DMA_REG_MODULE/GEN_MM2S_REGISTERS.GEN_INTROUT_ASYNC.PROC_REG_INTR2LITE/s_axi_lite_aclk
    SLICE_X0Y35          FDRE                                         r  p9_ps_system_i/axi_dma_0/U0/I_AXI_DMA_REG_MODULE/GEN_MM2S_REGISTERS.GEN_INTROUT_ASYNC.PROC_REG_INTR2LITE/GENERATE_LEVEL_P_S_CDC.SINGLE_BIT.CROSS_PLEVEL_IN2SCNDRY_IN_cdc_to/C





Min Delay Paths
--------------------------------------------------------------------------------------
Slack:                    inf
  Source:                 p9_ps_system_i/axi_dma_0/U0/I_AXI_DMA_REG_MODULE/GEN_AXI_LITE_IF.AXI_LITE_IF_I/GEN_ASYNC_READ.lite_rdata_cdc_from_reg[5]/C
                            (rising edge-triggered cell FDRE clocked by clk_fpga_1  {rise@0.000ns fall@5.000ns period=10.000ns})
  Destination:            p9_ps_system_i/axi_dma_0/U0/I_AXI_DMA_REG_MODULE/GEN_AXI_LITE_IF.AXI_LITE_IF_I/GEN_ASYNC_READ.REG_DATA2LITE_CLOCK/GENERATE_LEVEL_P_S_CDC.MULTI_BIT.FOR_IN_cdc_to[5].CROSS2_PLEVEL_IN2SCNDRY_IN_cdc_to/D
                            (rising edge-triggered cell FDRE clocked by clk_fpga_2  {rise@0.000ns fall@10.000ns period=20.000ns})
  Path Group:             (none)
  Path Type:              Hold (Min at Fast Process Corner)
  Data Path Delay:        0.238ns  (logic 0.128ns (53.830%)  route 0.110ns (46.170%))
  Logic Levels:           0  
  Clock Path Skew:        0.296ns (DCD - SCD - CPR)
    Destination Clock Delay (DCD):    1.191ns
    Source Clock Delay      (SCD):    0.895ns
    Clock Pessimism Removal (CPR):    -0.000ns
  Clock Uncertainty:      0.337ns  ((TSJ^2 + TIJ^2)^1/2 + DJ) / 2 + PE
    Total System Jitter     (TSJ):    0.071ns
    Total Input Jitter      (TIJ):    0.671ns
    Discrete Jitter          (DJ):    0.000ns
    Phase Error              (PE):    0.000ns
  Timing Exception:       False Path

    Location             Delay type                Incr(ns)  Path(ns)    Netlist Resource(s)
  -------------------------------------------------------------------    -------------------
                         (clock clk_fpga_1 rise edge)
                                                      0.000     0.000 r  
    PS7_X0Y0             PS7                          0.000     0.000 r  p9_ps_system_i/processing_system7_0/inst/PS7_i/FCLKCLK[1]
                         net (fo=1, routed)           0.315     0.315    p9_ps_system_i/processing_system7_0/inst/FCLK_CLK_unbuffered[1]
    BUFGCTRL_X0Y0        BUFG (Prop_bufg_I_O)         0.026     0.341 r  p9_ps_system_i/processing_system7_0/inst/buffer_fclk_clk_1.FCLK_CLK_1_BUFG/O
                         net (fo=5818, routed)        0.554     0.895    p9_ps_system_i/axi_dma_0/U0/I_AXI_DMA_REG_MODULE/GEN_AXI_LITE_IF.AXI_LITE_IF_I/m_axi_sg_aclk
    SLICE_X9Y26          FDRE                                         r  p9_ps_system_i/axi_dma_0/U0/I_AXI_DMA_REG_MODULE/GEN_AXI_LITE_IF.AXI_LITE_IF_I/GEN_ASYNC_READ.lite_rdata_cdc_from_reg[5]/C
  -------------------------------------------------------------------    -------------------
    SLICE_X9Y26          FDRE (Prop_fdre_C_Q)         0.128     1.023 r  p9_ps_system_i/axi_dma_0/U0/I_AXI_DMA_REG_MODULE/GEN_AXI_LITE_IF.AXI_LITE_IF_I/GEN_ASYNC_READ.lite_rdata_cdc_from_reg[5]/Q
                         net (fo=1, routed)           0.110     1.132    p9_ps_system_i/axi_dma_0/U0/I_AXI_DMA_REG_MODULE/GEN_AXI_LITE_IF.AXI_LITE_IF_I/GEN_ASYNC_READ.REG_DATA2LITE_CLOCK/prmry_vect_in[5]
    SLICE_X9Y27          FDRE                                         r  p9_ps_system_i/axi_dma_0/U0/I_AXI_DMA_REG_MODULE/GEN_AXI_LITE_IF.AXI_LITE_IF_I/GEN_ASYNC_READ.REG_DATA2LITE_CLOCK/GENERATE_LEVEL_P_S_CDC.MULTI_BIT.FOR_IN_cdc_to[5].CROSS2_PLEVEL_IN2SCNDRY_IN_cdc_to/D
  -------------------------------------------------------------------    -------------------

                         (clock clk_fpga_2 rise edge)
                                                      0.000     0.000 r  
    PS7_X0Y0             PS7                          0.000     0.000 r  p9_ps_system_i/processing_system7_0/inst/PS7_i/FCLKCLK[2]
                         net (fo=1, routed)           0.341     0.341    p9_ps_system_i/processing_system7_0/inst/FCLK_CLK_unbuffered[2]
    BUFGCTRL_X0Y1        BUFG (Prop_bufg_I_O)         0.029     0.370 r  p9_ps_system_i/processing_system7_0/inst/buffer_fclk_clk_2.FCLK_CLK_2_BUFG/O
                         net (fo=1123, routed)        0.821     1.191    p9_ps_system_i/axi_dma_0/U0/I_AXI_DMA_REG_MODULE/GEN_AXI_LITE_IF.AXI_LITE_IF_I/GEN_ASYNC_READ.REG_DATA2LITE_CLOCK/s_axi_lite_aclk
    SLICE_X9Y27          FDRE                                         r  p9_ps_system_i/axi_dma_0/U0/I_AXI_DMA_REG_MODULE/GEN_AXI_LITE_IF.AXI_LITE_IF_I/GEN_ASYNC_READ.REG_DATA2LITE_CLOCK/GENERATE_LEVEL_P_S_CDC.MULTI_BIT.FOR_IN_cdc_to[5].CROSS2_PLEVEL_IN2SCNDRY_IN_cdc_to/C





--------------------------------------------------------------------------------------
Path Group:  (none)
From Clock:  clk_fpga_2
  To Clock:  clk_fpga_2

Max Delay             1 Endpoint
Min Delay             1 Endpoint
--------------------------------------------------------------------------------------


Max Delay Paths
--------------------------------------------------------------------------------------
Slack:                    inf
  Source:                 p9_ps_system_i/rst_axil_50/U0/ACTIVE_LOW_PR_OUT_DFF[0].FDRE_PER_N/C
                            (rising edge-triggered cell FDRE clocked by clk_fpga_2  {rise@0.000ns fall@10.000ns period=20.000ns})
  Destination:            p9_ps_system_i/axi_dma_0/U0/I_RST_MODULE/REG_HRD_RST_OUT/GENERATE_LEVEL_P_S_CDC.SINGLE_BIT.CROSS_PLEVEL_IN2SCNDRY_IN_cdc_to/D
                            (rising edge-triggered cell FDRE clocked by clk_fpga_2  {rise@0.000ns fall@10.000ns period=20.000ns})
  Path Group:             (none)
  Path Type:              Setup (Max at Slow Process Corner)
  Data Path Delay:        1.416ns  (logic 0.456ns (32.210%)  route 0.960ns (67.790%))
  Logic Levels:           0  
  Clock Path Skew:        -0.298ns (DCD - SCD + CPR)
    Destination Clock Delay (DCD):    2.728ns
    Source Clock Delay      (SCD):    3.026ns
    Clock Pessimism Removal (CPR):    0.000ns
  Clock Uncertainty:      0.302ns  ((TSJ^2 + TIJ^2)^1/2 + DJ) / 2 + PE
    Total System Jitter     (TSJ):    0.071ns
    Total Input Jitter      (TIJ):    0.600ns
    Discrete Jitter          (DJ):    0.000ns
    Phase Error              (PE):    0.000ns
  Timing Exception:       False Path

    Location             Delay type                Incr(ns)  Path(ns)    Netlist Resource(s)
  -------------------------------------------------------------------    -------------------
                         (clock clk_fpga_2 rise edge)
                                                      0.000     0.000 r  
    PS7_X0Y0             PS7                          0.000     0.000 r  p9_ps_system_i/processing_system7_0/inst/PS7_i/FCLKCLK[2]
                         net (fo=1, routed)           1.207     1.207    p9_ps_system_i/processing_system7_0/inst/FCLK_CLK_unbuffered[2]
    BUFGCTRL_X0Y1        BUFG (Prop_bufg_I_O)         0.101     1.308 r  p9_ps_system_i/processing_system7_0/inst/buffer_fclk_clk_2.FCLK_CLK_2_BUFG/O
                         net (fo=1123, routed)        1.718     3.026    p9_ps_system_i/rst_axil_50/U0/slowest_sync_clk
    SLICE_X1Y35          FDRE                                         r  p9_ps_system_i/rst_axil_50/U0/ACTIVE_LOW_PR_OUT_DFF[0].FDRE_PER_N/C
  -------------------------------------------------------------------    -------------------
    SLICE_X1Y35          FDRE (Prop_fdre_C_Q)         0.456     3.482 r  p9_ps_system_i/rst_axil_50/U0/ACTIVE_LOW_PR_OUT_DFF[0].FDRE_PER_N/Q
                         net (fo=6, routed)           0.960     4.442    p9_ps_system_i/axi_dma_0/U0/I_RST_MODULE/REG_HRD_RST_OUT/axi_resetn
    SLICE_X3Y26          FDRE                                         r  p9_ps_system_i/axi_dma_0/U0/I_RST_MODULE/REG_HRD_RST_OUT/GENERATE_LEVEL_P_S_CDC.SINGLE_BIT.CROSS_PLEVEL_IN2SCNDRY_IN_cdc_to/D
  -------------------------------------------------------------------    -------------------

                         (clock clk_fpga_2 rise edge)
                                                      0.000     0.000 r  
    PS7_X0Y0             PS7                          0.000     0.000 r  p9_ps_system_i/processing_system7_0/inst/PS7_i/FCLKCLK[2]
                         net (fo=1, routed)           1.101     1.101    p9_ps_system_i/processing_system7_0/inst/FCLK_CLK_unbuffered[2]
    BUFGCTRL_X0Y1        BUFG (Prop_bufg_I_O)         0.091     1.192 r  p9_ps_system_i/processing_system7_0/inst/buffer_fclk_clk_2.FCLK_CLK_2_BUFG/O
                         net (fo=1123, routed)        1.536     2.728    p9_ps_system_i/axi_dma_0/U0/I_RST_MODULE/REG_HRD_RST_OUT/s_axi_lite_aclk
    SLICE_X3Y26          FDRE                                         r  p9_ps_system_i/axi_dma_0/U0/I_RST_MODULE/REG_HRD_RST_OUT/GENERATE_LEVEL_P_S_CDC.SINGLE_BIT.CROSS_PLEVEL_IN2SCNDRY_IN_cdc_to/C





Min Delay Paths
--------------------------------------------------------------------------------------
Slack:                    inf
  Source:                 p9_ps_system_i/rst_axil_50/U0/ACTIVE_LOW_PR_OUT_DFF[0].FDRE_PER_N/C
                            (rising edge-triggered cell FDRE clocked by clk_fpga_2  {rise@0.000ns fall@10.000ns period=20.000ns})
  Destination:            p9_ps_system_i/axi_dma_0/U0/I_RST_MODULE/REG_HRD_RST_OUT/GENERATE_LEVEL_P_S_CDC.SINGLE_BIT.CROSS_PLEVEL_IN2SCNDRY_IN_cdc_to/D
                            (rising edge-triggered cell FDRE clocked by clk_fpga_2  {rise@0.000ns fall@10.000ns period=20.000ns})
  Path Group:             (none)
  Path Type:              Hold (Min at Fast Process Corner)
  Data Path Delay:        0.499ns  (logic 0.141ns (28.273%)  route 0.358ns (71.727%))
  Logic Levels:           0  
  Clock Path Skew:        0.288ns (DCD - SCD - CPR)
    Destination Clock Delay (DCD):    1.208ns
    Source Clock Delay      (SCD):    0.920ns
    Clock Pessimism Removal (CPR):    -0.000ns
  Clock Uncertainty:      0.302ns  ((TSJ^2 + TIJ^2)^1/2 + DJ) / 2 + PE
    Total System Jitter     (TSJ):    0.071ns
    Total Input Jitter      (TIJ):    0.600ns
    Discrete Jitter          (DJ):    0.000ns
    Phase Error              (PE):    0.000ns
  Timing Exception:       False Path

    Location             Delay type                Incr(ns)  Path(ns)    Netlist Resource(s)
  -------------------------------------------------------------------    -------------------
                         (clock clk_fpga_2 rise edge)
                                                      0.000     0.000 r  
    PS7_X0Y0             PS7                          0.000     0.000 r  p9_ps_system_i/processing_system7_0/inst/PS7_i/FCLKCLK[2]
                         net (fo=1, routed)           0.315     0.315    p9_ps_system_i/processing_system7_0/inst/FCLK_CLK_unbuffered[2]
    BUFGCTRL_X0Y1        BUFG (Prop_bufg_I_O)         0.026     0.341 r  p9_ps_system_i/processing_system7_0/inst/buffer_fclk_clk_2.FCLK_CLK_2_BUFG/O
                         net (fo=1123, routed)        0.579     0.920    p9_ps_system_i/rst_axil_50/U0/slowest_sync_clk
    SLICE_X1Y35          FDRE                                         r  p9_ps_system_i/rst_axil_50/U0/ACTIVE_LOW_PR_OUT_DFF[0].FDRE_PER_N/C
  -------------------------------------------------------------------    -------------------
    SLICE_X1Y35          FDRE (Prop_fdre_C_Q)         0.141     1.061 r  p9_ps_system_i/rst_axil_50/U0/ACTIVE_LOW_PR_OUT_DFF[0].FDRE_PER_N/Q
                         net (fo=6, routed)           0.358     1.418    p9_ps_system_i/axi_dma_0/U0/I_RST_MODULE/REG_HRD_RST_OUT/axi_resetn
    SLICE_X3Y26          FDRE                                         r  p9_ps_system_i/axi_dma_0/U0/I_RST_MODULE/REG_HRD_RST_OUT/GENERATE_LEVEL_P_S_CDC.SINGLE_BIT.CROSS_PLEVEL_IN2SCNDRY_IN_cdc_to/D
  -------------------------------------------------------------------    -------------------

                         (clock clk_fpga_2 rise edge)
                                                      0.000     0.000 r  
    PS7_X0Y0             PS7                          0.000     0.000 r  p9_ps_system_i/processing_system7_0/inst/PS7_i/FCLKCLK[2]
                         net (fo=1, routed)           0.341     0.341    p9_ps_system_i/processing_system7_0/inst/FCLK_CLK_unbuffered[2]
    BUFGCTRL_X0Y1        BUFG (Prop_bufg_I_O)         0.029     0.370 r  p9_ps_system_i/processing_system7_0/inst/buffer_fclk_clk_2.FCLK_CLK_2_BUFG/O
                         net (fo=1123, routed)        0.838     1.208    p9_ps_system_i/axi_dma_0/U0/I_RST_MODULE/REG_HRD_RST_OUT/s_axi_lite_aclk
    SLICE_X3Y26          FDRE                                         r  p9_ps_system_i/axi_dma_0/U0/I_RST_MODULE/REG_HRD_RST_OUT/GENERATE_LEVEL_P_S_CDC.SINGLE_BIT.CROSS_PLEVEL_IN2SCNDRY_IN_cdc_to/C





--------------------------------------------------------------------------------------
Path Group:  (none)
From Clock:  clk_fpga_0
  To Clock:  

Max Delay             8 Endpoints
Min Delay             8 Endpoints
--------------------------------------------------------------------------------------


Max Delay Paths
--------------------------------------------------------------------------------------
Slack:                    inf
  Source:                 p9_ps_system_i/p9_peripheral_0/inst/impl/u_transport/receiver_enable_q_reg/C
                            (rising edge-triggered cell FDCE clocked by clk_fpga_0  {rise@0.000ns fall@7.813ns period=15.625ns})
  Destination:            loop_sd_b0[1]
                            (output port)
  Path Group:             (none)
  Path Type:              Max at Slow Process Corner
  Data Path Delay:        14.904ns  (logic 4.300ns (28.849%)  route 10.605ns (71.151%))
  Logic Levels:           3  (LUT2=1 LUT3=1 OBUF=1)
  Clock Uncertainty:      0.236ns  ((TSJ^2 + TIJ^2)^1/2 + DJ) / 2 + PE
    Total System Jitter     (TSJ):    0.050ns
    Total Input Jitter      (TIJ):    0.469ns
    Discrete Jitter          (DJ):    0.000ns
    Phase Error              (PE):    0.000ns

    Location             Delay type                Incr(ns)  Path(ns)    Netlist Resource(s)
  -------------------------------------------------------------------    -------------------
                         (clock clk_fpga_0 rise edge)
                                                      0.000     0.000 r  
    PS7_X0Y0             PS7                          0.000     0.000 r  p9_ps_system_i/processing_system7_0/inst/PS7_i/FCLKCLK[0]
                         net (fo=1, routed)           1.207     1.207    p9_ps_system_i/processing_system7_0/inst/FCLK_CLK_unbuffered[0]
    BUFGCTRL_X0Y2        BUFG (Prop_bufg_I_O)         0.101     1.308 r  p9_ps_system_i/processing_system7_0/inst/buffer_fclk_clk_0.FCLK_CLK_0_BUFG/O
                         net (fo=9574, routed)        1.665     2.973    p9_ps_system_i/p9_peripheral_0/inst/impl/u_transport/s_axi_aclk
    SLICE_X25Y37         FDCE                                         r  p9_ps_system_i/p9_peripheral_0/inst/impl/u_transport/receiver_enable_q_reg/C
  -------------------------------------------------------------------    -------------------
    SLICE_X25Y37         FDCE (Prop_fdce_C_Q)         0.456     3.429 f  p9_ps_system_i/p9_peripheral_0/inst/impl/u_transport/receiver_enable_q_reg/Q
                         net (fo=3, routed)           0.976     4.405    p9_ps_system_i/p9_peripheral_0/inst/impl/u_transport/g_physical[1].u_b_phy/u_p8c_physical_safety/u_exact_duty_accountant/loop_tx_b0[1]
    SLICE_X25Y34         LUT2 (Prop_lut2_I0_O)        0.124     4.529 f  p9_ps_system_i/p9_peripheral_0/inst/impl/u_transport/g_physical[1].u_b_phy/u_p8c_physical_safety/u_exact_duty_accountant/ir_sd_0[1]_INST_0_i_1/O
                         net (fo=165, routed)         4.072     8.601    p9_ps_system_i/p9_peripheral_0/inst/impl/u_transport/g_physical[1].u_b_phy/u_p8c_physical_safety/receiver_enable_q_reg
    SLICE_X1Y65          LUT3 (Prop_lut3_I2_O)        0.124     8.725 r  p9_ps_system_i/p9_peripheral_0/inst/impl/u_transport/g_physical[1].u_b_phy/u_p8c_physical_safety/loop_sd_b0[1]_INST_0/O
                         net (fo=37, routed)          5.556    14.282    loop_sd_b0_OBUF[1]
    M17                  OBUF (Prop_obuf_I_O)         3.596    17.877 r  loop_sd_b0_OBUF[1]_inst/O
                         net (fo=0)                   0.000    17.877    loop_sd_b0[1]
    M17                                                               r  loop_sd_b0[1] (OUT)
  -------------------------------------------------------------------    -------------------





Min Delay Paths
--------------------------------------------------------------------------------------
Slack:                    inf
  Source:                 p9_ps_system_i/p9_peripheral_0/inst/impl/u_transport/g_physical[0].u_b_phy/fault_duty_limit_reg/C
                            (rising edge-triggered cell FDCE clocked by clk_fpga_0  {rise@0.000ns fall@7.813ns period=15.625ns})
  Destination:            loop_tx_b0[0]
                            (output port)
  Path Group:             (none)
  Path Type:              Min at Fast Process Corner
  Data Path Delay:        2.617ns  (logic 1.497ns (57.200%)  route 1.120ns (42.800%))
  Logic Levels:           2  (LUT5=1 OBUF=1)
  Clock Uncertainty:      0.236ns  ((TSJ^2 + TIJ^2)^1/2 + DJ) / 2 + PE
    Total System Jitter     (TSJ):    0.050ns
    Total Input Jitter      (TIJ):    0.469ns
    Discrete Jitter          (DJ):    0.000ns
    Phase Error              (PE):    0.000ns

    Location             Delay type                Incr(ns)  Path(ns)    Netlist Resource(s)
  -------------------------------------------------------------------    -------------------
                         (clock clk_fpga_0 rise edge)
                                                      0.000     0.000 r  
    PS7_X0Y0             PS7                          0.000     0.000 r  p9_ps_system_i/processing_system7_0/inst/PS7_i/FCLKCLK[0]
                         net (fo=1, routed)           0.315     0.315    p9_ps_system_i/processing_system7_0/inst/FCLK_CLK_unbuffered[0]
    BUFGCTRL_X0Y2        BUFG (Prop_bufg_I_O)         0.026     0.341 r  p9_ps_system_i/processing_system7_0/inst/buffer_fclk_clk_0.FCLK_CLK_0_BUFG/O
                         net (fo=9574, routed)        0.561     0.902    p9_ps_system_i/p9_peripheral_0/inst/impl/u_transport/g_physical[0].u_b_phy/s_axi_aclk
    SLICE_X20Y47         FDCE                                         r  p9_ps_system_i/p9_peripheral_0/inst/impl/u_transport/g_physical[0].u_b_phy/fault_duty_limit_reg/C
  -------------------------------------------------------------------    -------------------
    SLICE_X20Y47         FDCE (Prop_fdce_C_Q)         0.164     1.066 f  p9_ps_system_i/p9_peripheral_0/inst/impl/u_transport/g_physical[0].u_b_phy/fault_duty_limit_reg/Q
                         net (fo=46, routed)          0.377     1.442    p9_ps_system_i/p9_peripheral_0/inst/impl/u_transport/g_physical[0].u_b_phy/u_p8c_physical_safety/loop_sd_b0[0]
    SLICE_X25Y46         LUT5 (Prop_lut5_I2_O)        0.045     1.487 r  p9_ps_system_i/p9_peripheral_0/inst/impl/u_transport/g_physical[0].u_b_phy/u_p8c_physical_safety/loop_tx_b0[0]_INST_0/O
                         net (fo=1, routed)           0.743     2.230    loop_tx_b0_OBUF[0]
    V12                  OBUF (Prop_obuf_I_O)         1.288     3.518 r  loop_tx_b0_OBUF[0]_inst/O
                         net (fo=0)                   0.000     3.518    loop_tx_b0[0]
    V12                                                               r  loop_tx_b0[0] (OUT)
  -------------------------------------------------------------------    -------------------





--------------------------------------------------------------------------------------
Path Group:  (none)
From Clock:  
  To Clock:  clk_fpga_0

Max Delay             4 Endpoints
Min Delay             4 Endpoints
--------------------------------------------------------------------------------------


Max Delay Paths
--------------------------------------------------------------------------------------
Slack:                    inf
  Source:                 loop_rx_b0[1]
                            (input port)
  Destination:            p9_ps_system_i/p9_peripheral_0/inst/impl/u_transport/g_physical[1].u_b_phy/rxd_ff1_reg/D
                            (rising edge-triggered cell FDPE clocked by clk_fpga_0  {rise@0.000ns fall@7.813ns period=15.625ns})
  Path Group:             (none)
  Path Type:              Setup (Max at Slow Process Corner)
  Data Path Delay:        3.947ns  (logic 1.452ns (36.793%)  route 2.495ns (63.207%))
  Logic Levels:           1  (IBUF=1)
  Clock Path Skew:        2.665ns (DCD - SCD + CPR)
    Destination Clock Delay (DCD):    2.665ns
    Source Clock Delay      (SCD):    0.000ns
    Clock Pessimism Removal (CPR):    0.000ns
  Clock Uncertainty:      0.236ns  ((TSJ^2 + TIJ^2)^1/2 + DJ) / 2 + PE
    Total System Jitter     (TSJ):    0.050ns
    Total Input Jitter      (TIJ):    0.469ns
    Discrete Jitter          (DJ):    0.000ns
    Phase Error              (PE):    0.000ns

    Location             Delay type                Incr(ns)  Path(ns)    Netlist Resource(s)
  -------------------------------------------------------------------    -------------------
    G15                                               0.000     0.000 r  loop_rx_b0[1] (IN)
                         net (fo=0)                   0.000     0.000    loop_rx_b0[1]
    G15                  IBUF (Prop_ibuf_I_O)         1.452     1.452 r  loop_rx_b0_IBUF[1]_inst/O
                         net (fo=1, routed)           2.495     3.947    p9_ps_system_i/p9_peripheral_0/inst/impl/u_transport/g_physical[1].u_b_phy/loop_rx_b0[0]
    SLICE_X23Y78         FDPE                                         r  p9_ps_system_i/p9_peripheral_0/inst/impl/u_transport/g_physical[1].u_b_phy/rxd_ff1_reg/D
  -------------------------------------------------------------------    -------------------

                         (clock clk_fpga_0 rise edge)
                                                      0.000     0.000 r  
    PS7_X0Y0             PS7                          0.000     0.000 r  p9_ps_system_i/processing_system7_0/inst/PS7_i/FCLKCLK[0]
                         net (fo=1, routed)           1.101     1.101    p9_ps_system_i/processing_system7_0/inst/FCLK_CLK_unbuffered[0]
    BUFGCTRL_X0Y2        BUFG (Prop_bufg_I_O)         0.091     1.192 r  p9_ps_system_i/processing_system7_0/inst/buffer_fclk_clk_0.FCLK_CLK_0_BUFG/O
                         net (fo=9574, routed)        1.473     2.665    p9_ps_system_i/p9_peripheral_0/inst/impl/u_transport/g_physical[1].u_b_phy/s_axi_aclk
    SLICE_X23Y78         FDPE                                         r  p9_ps_system_i/p9_peripheral_0/inst/impl/u_transport/g_physical[1].u_b_phy/rxd_ff1_reg/C





Min Delay Paths
--------------------------------------------------------------------------------------
Slack:                    inf
  Source:                 ir_rx_in_0[1]
                            (input port)
  Destination:            p9_ps_system_i/p9_peripheral_0/inst/impl/u_transport/g_physical[1].u_a_phy/rxd_ff1_reg/D
                            (rising edge-triggered cell FDPE clocked by clk_fpga_0  {rise@0.000ns fall@7.813ns period=15.625ns})
  Path Group:             (none)
  Path Type:              Hold (Min at Fast Process Corner)
  Data Path Delay:        1.049ns  (logic 0.229ns (21.810%)  route 0.820ns (78.190%))
  Logic Levels:           1  (IBUF=1)
  Clock Path Skew:        1.192ns (DCD - SCD - CPR)
    Destination Clock Delay (DCD):    1.192ns
    Source Clock Delay      (SCD):    0.000ns
    Clock Pessimism Removal (CPR):    -0.000ns

    Location             Delay type                Incr(ns)  Path(ns)    Netlist Resource(s)
  -------------------------------------------------------------------    -------------------
    H15                                               0.000     0.000 r  ir_rx_in_0[1] (IN)
                         net (fo=0)                   0.000     0.000    ir_rx_in_0[1]
    H15                  IBUF (Prop_ibuf_I_O)         0.229     0.229 r  ir_rx_in_0_IBUF[1]_inst/O
                         net (fo=1, routed)           0.820     1.049    p9_ps_system_i/p9_peripheral_0/inst/impl/u_transport/g_physical[1].u_a_phy/ir_rx_in_0[0]
    SLICE_X23Y64         FDPE                                         r  p9_ps_system_i/p9_peripheral_0/inst/impl/u_transport/g_physical[1].u_a_phy/rxd_ff1_reg/D
  -------------------------------------------------------------------    -------------------

                         (clock clk_fpga_0 rise edge)
                                                      0.000     0.000 r  
    PS7_X0Y0             PS7                          0.000     0.000 r  p9_ps_system_i/processing_system7_0/inst/PS7_i/FCLKCLK[0]
                         net (fo=1, routed)           0.341     0.341    p9_ps_system_i/processing_system7_0/inst/FCLK_CLK_unbuffered[0]
    BUFGCTRL_X0Y2        BUFG (Prop_bufg_I_O)         0.029     0.370 r  p9_ps_system_i/processing_system7_0/inst/buffer_fclk_clk_0.FCLK_CLK_0_BUFG/O
                         net (fo=9574, routed)        0.822     1.192    p9_ps_system_i/p9_peripheral_0/inst/impl/u_transport/g_physical[1].u_a_phy/s_axi_aclk
    SLICE_X23Y64         FDPE                                         r  p9_ps_system_i/p9_peripheral_0/inst/impl/u_transport/g_physical[1].u_a_phy/rxd_ff1_reg/C





