COMMAND=D:\Xilinx\Vivado\2023.1\bin\xsim.bat tb_ir_p8d_python_crosscheck_snapshot -runall
RETURN_CODE=0
STARTED_UTC=2026-07-18T08:42:15.801685Z
FINISHED_UTC=2026-07-18T08:42:18.582964Z
STDOUT_BEGIN

****** xsim v2023.1 (64-bit)
  **** SW Build 3865809 on Sun May  7 15:05:29 MDT 2023
  **** IP Build 3864474 on Sun May  7 20:36:21 MDT 2023
  **** SharedData Build 3865790 on Sun May 07 13:33:03 MDT 2023
    ** Copyright 1986-2022 Xilinx, Inc. All Rights Reserved.
    ** Copyright 2022-2023 Advanced Micro Devices, Inc. All Rights Reserved.

source xsim.dir/tb_ir_p8d_python_crosscheck_snapshot/xsim_script.tcl
# xsim {tb_ir_p8d_python_crosscheck_snapshot} -autoloadwcfg -runall
Time resolution is 1 ps
run -all
P8D_XCHECK,0,10203040,fff0,7,0,1,fff0,0000000000000001,0,0,4
P8D_XCHECK,1,10203040,fff1,7,5,2,fff0,0000000000000002,1,1,0
P8D_XCHECK,2,10203040,fff2,7,2,3,fff0,0000000000000004,2,1,0
P8D_XCHECK,3,10203040,fff3,7,7,4,fff0,0000000000000008,3,0,0
P8D_XCHECK,4,10203040,fff4,7,4,5,fff4,0000000000000001,4,1,0
P8D_XCHECK,5,10203040,fff5,7,1,6,fff4,0000000000000002,5,1,0
P8D_XCHECK,6,10203040,fff6,7,6,7,fff4,0000000000000004,6,0,0
P8D_XCHECK,7,10203040,fff7,7,3,8,fff4,0000000000000008,7,1,0
P8D_XCHECK,8,10203040,fff8,7,1,1,fff8,0000000000000001,8,1,0
P8D_XCHECK,9,10203040,fff9,7,6,2,fff8,0000000000000002,9,0,0
P8D_XCHECK,10,10203040,fffa,7,3,3,fff8,0000000000000004,10,1,0
P8D_XCHECK,11,10203040,fffb,7,0,4,fff8,0000000000000008,11,1,0
P8D_XCHECK,12,10203040,fffc,7,5,5,fffc,0000000000000001,12,0,0
P8D_XCHECK,13,10203040,fffd,7,2,6,fffc,0000000000000002,13,1,0
P8D_XCHECK,14,10203040,fffe,7,7,7,fffc,0000000000000004,14,1,0
P8D_XCHECK,15,10203040,ffff,7,4,8,fffc,0000000000000008,15,0,0
P8D_XCHECK,16,10203040,0000,7,2,1,0000,0000000000000001,16,1,0
P8D_XCHECK,17,10203040,0001,7,7,2,0000,0000000000000002,17,1,4
P8D_XCHECK,18,10203040,0002,7,4,3,0000,0000000000000004,18,0,0
P8D_XCHECK,19,10203040,0003,7,1,4,0000,0000000000000008,19,1,0
P8D_XCHECK,20,10203040,0004,7,6,5,0004,0000000000000001,20,1,0
P8D_XCHECK,21,10203040,0005,7,3,6,0004,0000000000000002,21,0,0
P8D_XCHECK,22,10203040,0006,7,0,7,0004,0000000000000004,22,1,0
P8D_XCHECK,23,10203040,0007,7,5,8,0004,0000000000000008,23,1,0
P8D_XCHECK,24,10203040,0008,7,3,1,0008,0000000000000001,24,0,0
P8D_XCHECK,25,10203040,0009,7,0,2,0008,0000000000000002,25,1,0
P8D_XCHECK,26,10203040,000a,7,5,3,0008,0000000000000004,26,1,0
P8D_XCHECK,27,10203040,000b,7,2,4,0008,0000000000000008,27,0,0
P8D_XCHECK,28,10203040,000c,7,7,5,000c,0000000000000001,28,1,0
P8D_XCHECK,29,10203040,000d,7,4,6,000c,0000000000000002,29,1,0
P8D_XCHECK,30,10203040,000e,7,1,7,000c,0000000000000004,30,0,0
P8D_XCHECK,31,10203040,000f,7,6,8,000c,0000000000000008,31,1,0
P8D_XCHECK,32,10203040,0010,7,4,1,0010,0000000000000001,32,1,0
P8D_XCHECK,33,10203040,0011,7,1,2,0010,0000000000000002,33,0,0
P8D_XCHECK,34,10203040,0012,7,6,3,0010,0000000000000004,34,1,4
P8D_XCHECK,35,10203040,0013,7,3,4,0010,0000000000000008,35,1,0
P8D_XCHECK,36,10203040,0014,7,0,5,0014,0000000000000001,36,0,0
P8D_XCHECK,37,10203040,0015,7,5,6,0014,0000000000000002,37,1,0
P8D_XCHECK,38,10203040,0016,7,2,7,0014,0000000000000004,38,1,0
P8D_XCHECK,39,10203040,0017,7,7,8,0014,0000000000000008,39,0,0
P8D_XCHECK,40,10203040,0018,7,5,1,0018,0000000000000001,40,1,0
P8D_XCHECK,41,10203040,0019,7,2,2,0018,0000000000000002,41,1,0
P8D_XCHECK,42,10203040,001a,7,7,3,0018,0000000000000004,42,0,0
P8D_XCHECK,43,10203040,001b,7,4,4,0018,0000000000000008,43,1,0
P8D_XCHECK,44,10203040,001c,7,1,5,001c,0000000000000001,44,1,0
P8D_XCHECK,45,10203040,001d,7,6,6,001c,0000000000000002,45,0,0
P8D_XCHECK,46,10203040,001e,7,3,7,001c,0000000000000004,46,1,0
P8D_XCHECK,47,10203040,001f,7,0,8,001c,0000000000000008,47,1,0
P8D_XCHECK,48,10203040,0020,7,6,1,0020,0000000000000001,48,0,0
P8D_XCHECK,49,10203040,0021,7,3,2,0020,0000000000000002,49,1,0
P8D_XCHECK,50,10203040,0022,7,0,3,0020,0000000000000004,50,1,0
P8D_XCHECK,51,10203040,0023,7,5,4,0020,0000000000000008,51,0,4
P8D_XCHECK,52,10203040,0024,7,2,5,0024,0000000000000001,52,1,0
P8D_XCHECK,53,10203040,0025,7,7,6,0024,0000000000000002,53,1,0
P8D_XCHECK,54,10203040,0026,7,4,7,0024,0000000000000004,54,0,0
P8D_XCHECK,55,10203040,0027,7,1,8,0024,0000000000000008,55,1,0
P8D_XCHECK,56,10203040,0028,7,7,1,0028,0000000000000001,56,1,0
P8D_XCHECK,57,10203040,0029,7,4,2,0028,0000000000000002,57,0,0
P8D_XCHECK,58,10203040,002a,7,1,3,0028,0000000000000004,58,1,0
P8D_XCHECK,59,10203040,002b,7,6,4,0028,0000000000000008,59,1,0
P8D_XCHECK,60,10203040,002c,7,3,5,002c,0000000000000001,60,0,0
P8D_XCHECK,61,10203040,002d,7,0,6,002c,0000000000000002,61,1,0
P8D_XCHECK,62,10203040,002e,7,5,7,002c,0000000000000004,62,1,0
P8D_XCHECK,63,10203040,002f,7,2,8,002c,0000000000000008,63,0,0
P8D_XCHECK,64,10203040,0030,7,0,1,0030,0000000000000001,64,1,0
P8D_XCHECK,65,10203040,0031,7,5,2,0030,0000000000000002,0,1,0
P8D_XCHECK,66,10203040,0032,7,2,3,0030,0000000000000004,1,0,0
P8D_XCHECK,67,10203040,0033,7,7,4,0030,0000000000000008,2,1,0
P8D_XCHECK,68,10203040,0034,7,4,5,0034,0000000000000001,3,1,4
P8D_XCHECK,69,10203040,0035,7,1,6,0034,0000000000000002,4,0,0
P8D_XCHECK,70,10203040,0036,7,6,7,0034,0000000000000004,5,1,0
P8D_XCHECK,71,10203040,0037,7,3,8,0034,0000000000000008,6,1,0
P8D_XCHECK,72,10203040,0038,7,1,1,0038,0000000000000001,7,0,0
P8D_XCHECK,73,10203040,0039,7,6,2,0038,0000000000000002,8,1,0
P8D_XCHECK,74,10203040,003a,7,3,3,0038,0000000000000004,9,1,0
P8D_XCHECK,75,10203040,003b,7,0,4,0038,0000000000000008,10,0,0
P8D_XCHECK,76,10203040,003c,7,5,5,003c,0000000000000001,11,1,0
P8D_XCHECK,77,10203040,003d,7,2,6,003c,0000000000000002,12,1,0
P8D_XCHECK,78,10203040,003e,7,7,7,003c,0000000000000004,13,0,0
P8D_XCHECK,79,10203040,003f,7,4,8,003c,0000000000000008,14,1,0
P8D_XCHECK,80,10203040,0040,7,2,1,0040,0000000000000001,15,1,0
P8D_XCHECK,81,10203040,0041,7,7,2,0040,0000000000000002,16,0,0
P8D_XCHECK,82,10203040,0042,7,4,3,0040,0000000000000004,17,1,0
P8D_XCHECK,83,10203040,0043,7,1,4,0040,0000000000000008,18,1,0
P8D_XCHECK,84,10203040,0044,7,6,5,0044,0000000000000001,19,0,0
P8D_XCHECK,85,10203040,0045,7,3,6,0044,0000000000000002,20,1,4
P8D_XCHECK,86,10203040,0046,7,0,7,0044,0000000000000004,21,1,0
P8D_XCHECK,87,10203040,0047,7,5,8,0044,0000000000000008,22,0,0
P8D_XCHECK,88,10203040,0048,7,3,1,0048,0000000000000001,23,1,0
P8D_XCHECK,89,10203040,0049,7,0,2,0048,0000000000000002,24,1,0
P8D_XCHECK,90,10203040,004a,7,5,3,0048,0000000000000004,25,0,0
P8D_XCHECK,91,10203040,004b,7,2,4,0048,0000000000000008,26,1,0
P8D_XCHECK,92,10203040,004c,7,7,5,004c,0000000000000001,27,1,0
P8D_XCHECK,93,10203040,004d,7,4,6,004c,0000000000000002,28,0,0
P8D_XCHECK,94,10203040,004e,7,1,7,004c,0000000000000004,29,1,0
P8D_XCHECK,95,10203040,004f,7,6,8,004c,0000000000000008,30,1,0
P8D_XCHECK,96,10203040,0050,7,4,1,0050,0000000000000001,31,0,0
P8D_XCHECK,97,10203040,0051,7,1,2,0050,0000000000000002,32,1,0
P8D_XCHECK,98,10203040,0052,7,6,3,0050,0000000000000004,33,1,0
P8D_XCHECK,99,10203040,0053,7,3,4,0050,0000000000000008,34,0,0
P8D_XCHECK,100,10203040,0054,7,0,5,0054,0000000000000001,35,1,0
P8D_XCHECK,101,10203040,0055,7,5,6,0054,0000000000000002,36,1,0
P8D_XCHECK,102,10203040,0056,7,2,7,0054,0000000000000004,37,0,4
P8D_XCHECK,103,10203040,0057,7,7,8,0054,0000000000000008,38,1,0
P8D_XCHECK,104,10203040,0058,7,5,1,0058,0000000000000001,39,1,0
P8D_XCHECK,105,10203040,0059,7,2,2,0058,0000000000000002,40,0,0
P8D_XCHECK,106,10203040,005a,7,7,3,0058,0000000000000004,41,1,0
P8D_XCHECK,107,10203040,005b,7,4,4,0058,0000000000000008,42,1,0
P8D_XCHECK,108,10203040,005c,7,1,5,005c,0000000000000001,43,0,0
P8D_XCHECK,109,10203040,005d,7,6,6,005c,0000000000000002,44,1,0
P8D_XCHECK,110,10203040,005e,7,3,7,005c,0000000000000004,45,1,0
P8D_XCHECK,111,10203040,005f,7,0,8,005c,0000000000000008,46,0,0
P8D_XCHECK,112,10203040,0060,7,6,1,0060,0000000000000001,47,1,0
P8D_XCHECK,113,10203040,0061,7,3,2,0060,0000000000000002,48,1,0
P8D_XCHECK,114,10203040,0062,7,0,3,0060,0000000000000004,49,0,0
P8D_XCHECK,115,10203040,0063,7,5,4,0060,0000000000000008,50,1,0
P8D_XCHECK,116,10203040,0064,7,2,5,0064,0000000000000001,51,1,0
P8D_XCHECK,117,10203040,0065,7,7,6,0064,0000000000000002,52,0,0
P8D_XCHECK,118,10203040,0066,7,4,7,0064,0000000000000004,53,1,0
P8D_XCHECK,119,10203040,0067,7,1,8,0064,0000000000000008,54,1,4
P8D_XCHECK,120,10203040,0068,7,7,1,0068,0000000000000001,55,0,0
P8D_XCHECK,121,10203040,0069,7,4,2,0068,0000000000000002,56,1,0
P8D_XCHECK,122,10203040,006a,7,1,3,0068,0000000000000004,57,1,0
P8D_XCHECK,123,10203040,006b,7,6,4,0068,0000000000000008,58,0,0
P8D_XCHECK,124,10203040,006c,7,3,5,006c,0000000000000001,59,1,0
P8D_XCHECK,125,10203040,006d,7,0,6,006c,0000000000000002,60,1,0
P8D_XCHECK,126,10203040,006e,7,5,7,006c,0000000000000004,61,0,0
P8D_XCHECK,127,10203040,006f,7,2,8,006c,0000000000000008,62,1,0
P8D_XCHECK,128,10203040,0070,7,0,1,0070,0000000000000001,63,1,0
P8D_XCHECK,129,10203040,0071,7,5,2,0070,0000000000000002,64,0,0
P8D_XCHECK,130,10203040,0072,7,2,3,0070,0000000000000004,0,1,0
P8D_XCHECK,131,10203040,0073,7,7,4,0070,0000000000000008,1,1,0
P8D_XCHECK,132,10203040,0074,7,4,5,0074,0000000000000001,2,0,0
P8D_XCHECK,133,10203040,0075,7,1,6,0074,0000000000000002,3,1,0
P8D_XCHECK,134,10203040,0076,7,6,7,0074,0000000000000004,4,1,0
P8D_XCHECK,135,10203040,0077,7,3,8,0074,0000000000000008,5,0,0
P8D_XCHECK,136,10203040,0078,7,1,1,0078,0000000000000001,6,1,4
P8D_XCHECK,137,10203040,0079,7,6,2,0078,0000000000000002,7,1,0
P8D_XCHECK,138,10203040,007a,7,3,3,0078,0000000000000004,8,0,0
P8D_XCHECK,139,10203040,007b,7,0,4,0078,0000000000000008,9,1,0
P8D_XCHECK,140,10203040,007c,7,5,5,007c,0000000000000001,10,1,0
P8D_XCHECK,141,10203040,007d,7,2,6,007c,0000000000000002,11,0,0
P8D_XCHECK,142,10203040,007e,7,7,7,007c,0000000000000004,12,1,0
P8D_XCHECK,143,10203040,007f,7,4,8,007c,0000000000000008,13,1,0
P8D_XCHECK,144,10203040,0080,7,2,1,0080,0000000000000001,14,0,0
P8D_XCHECK,145,10203040,0081,7,7,2,0080,0000000000000002,15,1,0
P8D_XCHECK,146,10203040,0082,7,4,3,0080,0000000000000004,16,1,0
P8D_XCHECK,147,10203040,0083,7,1,4,0080,0000000000000008,17,0,0
P8D_XCHECK,148,10203040,0084,7,6,5,0084,0000000000000001,18,1,0
P8D_XCHECK,149,10203040,0085,7,3,6,0084,0000000000000002,19,1,0
P8D_XCHECK,150,10203040,0086,7,0,7,0084,0000000000000004,20,0,0
P8D_XCHECK,151,10203040,0087,7,5,8,0084,0000000000000008,21,1,0
P8D_XCHECK,152,10203040,0088,7,3,1,0088,0000000000000001,22,1,0
P8D_XCHECK,153,10203040,0089,7,0,2,0088,0000000000000002,23,0,4
P8D_XCHECK,154,10203040,008a,7,5,3,0088,0000000000000004,24,1,0
P8D_XCHECK,155,10203040,008b,7,2,4,0088,0000000000000008,25,1,0
P8D_XCHECK,156,10203040,008c,7,7,5,008c,0000000000000001,26,0,0
P8D_XCHECK,157,10203040,008d,7,4,6,008c,0000000000000002,27,1,0
P8D_XCHECK,158,10203040,008e,7,1,7,008c,0000000000000004,28,1,0
P8D_XCHECK,159,10203040,008f,7,6,8,008c,0000000000000008,29,0,0
P8D_XCHECK,160,10203040,0090,7,4,1,0090,0000000000000001,30,1,0
P8D_XCHECK,161,10203040,0091,7,1,2,0090,0000000000000002,31,1,0
P8D_XCHECK,162,10203040,0092,7,6,3,0090,0000000000000004,32,0,0
P8D_XCHECK,163,10203040,0093,7,3,4,0090,0000000000000008,33,1,0
P8D_XCHECK,164,10203040,0094,7,0,5,0094,0000000000000001,34,1,0
P8D_XCHECK,165,10203040,0095,7,5,6,0094,0000000000000002,35,0,0
P8D_XCHECK,166,10203040,0096,7,2,7,0094,0000000000000004,36,1,0
P8D_XCHECK,167,10203040,0097,7,7,8,0094,0000000000000008,37,1,0
P8D_XCHECK,168,10203040,0098,7,5,1,0098,0000000000000001,38,0,0
P8D_XCHECK,169,10203040,0099,7,2,2,0098,0000000000000002,39,1,0
P8D_XCHECK,170,10203040,009a,7,7,3,0098,0000000000000004,40,1,4
P8D_XCHECK,171,10203040,009b,7,4,4,0098,0000000000000008,41,0,0
P8D_XCHECK,172,10203040,009c,7,1,5,009c,0000000000000001,42,1,0
P8D_XCHECK,173,10203040,009d,7,6,6,009c,0000000000000002,43,1,0
P8D_XCHECK,174,10203040,009e,7,3,7,009c,0000000000000004,44,0,0
P8D_XCHECK,175,10203040,009f,7,0,8,009c,0000000000000008,45,1,0
P8D_XCHECK,176,10203040,00a0,7,6,1,00a0,0000000000000001,46,1,0
P8D_XCHECK,177,10203040,00a1,7,3,2,00a0,0000000000000002,47,0,0
P8D_XCHECK,178,10203040,00a2,7,0,3,00a0,0000000000000004,48,1,0
P8D_XCHECK,179,10203040,00a3,7,5,4,00a0,0000000000000008,49,1,0
P8D_XCHECK,180,10203040,00a4,7,2,5,00a4,0000000000000001,50,0,0
P8D_XCHECK,181,10203040,00a5,7,7,6,00a4,0000000000000002,51,1,0
P8D_XCHECK,182,10203040,00a6,7,4,7,00a4,0000000000000004,52,1,0
P8D_XCHECK,183,10203040,00a7,7,1,8,00a4,0000000000000008,53,0,0
P8D_XCHECK,184,10203040,00a8,7,7,1,00a8,0000000000000001,54,1,0
P8D_XCHECK,185,10203040,00a9,7,4,2,00a8,0000000000000002,55,1,0
P8D_XCHECK,186,10203040,00aa,7,1,3,00a8,0000000000000004,56,0,0
P8D_XCHECK,187,10203040,00ab,7,6,4,00a8,0000000000000008,57,1,4
P8D_XCHECK,188,10203040,00ac,7,3,5,00ac,0000000000000001,58,1,0
P8D_XCHECK,189,10203040,00ad,7,0,6,00ac,0000000000000002,59,0,0
P8D_XCHECK,190,10203040,00ae,7,5,7,00ac,0000000000000004,60,1,0
P8D_XCHECK,191,10203040,00af,7,2,8,00ac,0000000000000008,61,1,0
P8D_XCHECK,192,10203040,00b0,7,0,1,00b0,0000000000000001,62,0,0
P8D_XCHECK,193,10203040,00b1,7,5,2,00b0,0000000000000002,63,1,0
P8D_XCHECK,194,10203040,00b2,7,2,3,00b0,0000000000000004,64,1,0
P8D_XCHECK,195,10203040,00b3,7,7,4,00b0,0000000000000008,0,0,0
P8D_XCHECK,196,10203040,00b4,7,4,5,00b4,0000000000000001,1,1,0
P8D_XCHECK,197,10203040,00b5,7,1,6,00b4,0000000000000002,2,1,0
P8D_XCHECK,198,10203040,00b6,7,6,7,00b4,0000000000000004,3,0,0
P8D_XCHECK,199,10203040,00b7,7,3,8,00b4,0000000000000008,4,1,0
P8D_XCHECK,200,10203040,00b8,7,1,1,00b8,0000000000000001,5,1,0
P8D_XCHECK,201,10203040,00b9,7,6,2,00b8,0000000000000002,6,0,0
P8D_XCHECK,202,10203040,00ba,7,3,3,00b8,0000000000000004,7,1,0
P8D_XCHECK,203,10203040,00bb,7,0,4,00b8,0000000000000008,8,1,0
P8D_XCHECK,204,10203040,00bc,7,5,5,00bc,0000000000000001,9,0,4
P8D_XCHECK,205,10203040,00bd,7,2,6,00bc,0000000000000002,10,1,0
P8D_XCHECK,206,10203040,00be,7,7,7,00bc,0000000000000004,11,1,0
P8D_XCHECK,207,10203040,00bf,7,4,8,00bc,0000000000000008,12,0,0
P8D_XCHECK,208,10203040,00c0,7,2,1,00c0,0000000000000001,13,1,0
P8D_XCHECK,209,10203040,00c1,7,7,2,00c0,0000000000000002,14,1,0
P8D_XCHECK,210,10203040,00c2,7,4,3,00c0,0000000000000004,15,0,0
P8D_XCHECK,211,10203040,00c3,7,1,4,00c0,0000000000000008,16,1,0
P8D_XCHECK,212,10203040,00c4,7,6,5,00c4,0000000000000001,17,1,0
P8D_XCHECK,213,10203040,00c5,7,3,6,00c4,0000000000000002,18,0,0
P8D_XCHECK,214,10203040,00c6,7,0,7,00c4,0000000000000004,19,1,0
P8D_XCHECK,215,10203040,00c7,7,5,8,00c4,0000000000000008,20,1,0
P8D_XCHECK,216,10203040,00c8,7,3,1,00c8,0000000000000001,21,0,0
P8D_XCHECK,217,10203040,00c9,7,0,2,00c8,0000000000000002,22,1,0
P8D_XCHECK,218,10203040,00ca,7,5,3,00c8,0000000000000004,23,1,0
P8D_XCHECK,219,10203040,00cb,7,2,4,00c8,0000000000000008,24,0,0
P8D_XCHECK,220,10203040,00cc,7,7,5,00cc,0000000000000001,25,1,0
P8D_XCHECK,221,10203040,00cd,7,4,6,00cc,0000000000000002,26,1,4
P8D_XCHECK,222,10203040,00ce,7,1,7,00cc,0000000000000004,27,0,0
P8D_XCHECK,223,10203040,00cf,7,6,8,00cc,0000000000000008,28,1,0
P8D_XCHECK,224,10203040,00d0,7,4,1,00d0,0000000000000001,29,1,0
P8D_XCHECK,225,10203040,00d1,7,1,2,00d0,0000000000000002,30,0,0
P8D_XCHECK,226,10203040,00d2,7,6,3,00d0,0000000000000004,31,1,0
P8D_XCHECK,227,10203040,00d3,7,3,4,00d0,0000000000000008,32,1,0
P8D_XCHECK,228,10203040,00d4,7,0,5,00d4,0000000000000001,33,0,0
P8D_XCHECK,229,10203040,00d5,7,5,6,00d4,0000000000000002,34,1,0
P8D_XCHECK,230,10203040,00d6,7,2,7,00d4,0000000000000004,35,1,0
P8D_XCHECK,231,10203040,00d7,7,7,8,00d4,0000000000000008,36,0,0
P8D_XCHECK,232,10203040,00d8,7,5,1,00d8,0000000000000001,37,1,0
P8D_XCHECK,233,10203040,00d9,7,2,2,00d8,0000000000000002,38,1,0
P8D_XCHECK,234,10203040,00da,7,7,3,00d8,0000000000000004,39,0,0
P8D_XCHECK,235,10203040,00db,7,4,4,00d8,0000000000000008,40,1,0
P8D_XCHECK,236,10203040,00dc,7,1,5,00dc,0000000000000001,41,1,0
P8D_XCHECK,237,10203040,00dd,7,6,6,00dc,0000000000000002,42,0,0
P8D_XCHECK,238,10203040,00de,7,3,7,00dc,0000000000000004,43,1,4
P8D_XCHECK,239,10203040,00df,7,0,8,00dc,0000000000000008,44,1,0
P8D_XCHECK,240,10203040,00e0,7,6,1,00e0,0000000000000001,45,0,0
P8D_XCHECK,241,10203040,00e1,7,3,2,00e0,0000000000000002,46,1,0
P8D_XCHECK,242,10203040,00e2,7,0,3,00e0,0000000000000004,47,1,0
P8D_XCHECK,243,10203040,00e3,7,5,4,00e0,0000000000000008,48,0,0
P8D_XCHECK,244,10203040,00e4,7,2,5,00e4,0000000000000001,49,1,0
P8D_XCHECK,245,10203040,00e5,7,7,6,00e4,0000000000000002,50,1,0
P8D_XCHECK,246,10203040,00e6,7,4,7,00e4,0000000000000004,51,0,0
P8D_XCHECK,247,10203040,00e7,7,1,8,00e4,0000000000000008,52,1,0
P8D_XCHECK,248,10203040,00e8,7,7,1,00e8,0000000000000001,53,1,0
P8D_XCHECK,249,10203040,00e9,7,4,2,00e8,0000000000000002,54,0,0
P8D_XCHECK,250,10203040,00ea,7,1,3,00e8,0000000000000004,55,1,0
P8D_XCHECK,251,10203040,00eb,7,6,4,00e8,0000000000000008,56,1,0
P8D_XCHECK,252,10203040,00ec,7,3,5,00ec,0000000000000001,57,0,0
P8D_XCHECK,253,10203040,00ed,7,0,6,00ec,0000000000000002,58,1,0
P8D_XCHECK,254,10203040,00ee,7,5,7,00ec,0000000000000004,59,1,0
P8D_XCHECK,255,10203040,00ef,7,2,8,00ec,0000000000000008,60,0,4
P8D_XCHECK,256,10203040,00f0,8,0,1,00f0,0000000000000001,61,1,0
P8D_XCHECK,257,10203040,00f1,8,5,2,00f0,0000000000000002,62,1,0
P8D_XCHECK,258,10203040,00f2,8,2,3,00f0,0000000000000004,63,0,0
P8D_XCHECK,259,10203040,00f3,8,7,4,00f0,0000000000000008,64,1,0
P8D_XCHECK,260,10203040,00f4,8,4,5,00f4,0000000000000001,0,1,0
P8D_XCHECK,261,10203040,00f5,8,1,6,00f4,0000000000000002,1,0,0
P8D_XCHECK,262,10203040,00f6,8,6,7,00f4,0000000000000004,2,1,0
P8D_XCHECK,263,10203040,00f7,8,3,8,00f4,0000000000000008,3,1,0
P8D_XCHECK,264,10203040,00f8,8,1,1,00f8,0000000000000001,4,0,0
P8D_XCHECK,265,10203040,00f9,8,6,2,00f8,0000000000000002,5,1,0
P8D_XCHECK,266,10203040,00fa,8,3,3,00f8,0000000000000004,6,1,0
P8D_XCHECK,267,10203040,00fb,8,0,4,00f8,0000000000000008,7,0,0
P8D_XCHECK,268,10203040,00fc,8,5,5,00fc,0000000000000001,8,1,0
P8D_XCHECK,269,10203040,00fd,8,2,6,00fc,0000000000000002,9,1,0
P8D_XCHECK,270,10203040,00fe,8,7,7,00fc,0000000000000004,10,0,0
P8D_XCHECK,271,10203040,00ff,8,4,8,00fc,0000000000000008,11,1,0
P8D_XCHECK,272,10203040,0100,8,2,1,0100,0000000000000001,12,1,4
P8D_XCHECK,273,10203040,0101,8,7,2,0100,0000000000000002,13,0,0
P8D_XCHECK,274,10203040,0102,8,4,3,0100,0000000000000004,14,1,0
P8D_XCHECK,275,10203040,0103,8,1,4,0100,0000000000000008,15,1,0
P8D_XCHECK,276,10203040,0104,8,6,5,0104,0000000000000001,16,0,0
P8D_XCHECK,277,10203040,0105,8,3,6,0104,0000000000000002,17,1,0
P8D_XCHECK,278,10203040,0106,8,0,7,0104,0000000000000004,18,1,0
P8D_XCHECK,279,10203040,0107,8,5,8,0104,0000000000000008,19,0,0
P8D_XCHECK,280,10203040,0108,8,3,1,0108,0000000000000001,20,1,0
P8D_XCHECK,281,10203040,0109,8,0,2,0108,0000000000000002,21,1,0
P8D_XCHECK,282,10203040,010a,8,5,3,0108,0000000000000004,22,0,0
P8D_XCHECK,283,10203040,010b,8,2,4,0108,0000000000000008,23,1,0
P8D_XCHECK,284,10203040,010c,8,7,5,010c,0000000000000001,24,1,0
P8D_XCHECK,285,10203040,010d,8,4,6,010c,0000000000000002,25,0,0
P8D_XCHECK,286,10203040,010e,8,1,7,010c,0000000000000004,26,1,0
P8D_XCHECK,287,10203040,010f,8,6,8,010c,0000000000000008,27,1,0
P8D_XCHECK,288,10203040,0110,8,4,1,0110,0000000000000001,28,0,0
P8D_XCHECK,289,10203040,0111,8,1,2,0110,0000000000000002,29,1,4
P8D_XCHECK,290,10203040,0112,8,6,3,0110,0000000000000004,30,1,0
P8D_XCHECK,291,10203040,0113,8,3,4,0110,0000000000000008,31,0,0
P8D_XCHECK,292,10203040,0114,8,0,5,0114,0000000000000001,32,1,0
P8D_XCHECK,293,10203040,0115,8,5,6,0114,0000000000000002,33,1,0
P8D_XCHECK,294,10203040,0116,8,2,7,0114,0000000000000004,34,0,0
P8D_XCHECK,295,10203040,0117,8,7,8,0114,0000000000000008,35,1,0
P8D_XCHECK,296,10203040,0118,8,5,1,0118,0000000000000001,36,1,0
P8D_XCHECK,297,10203040,0119,8,2,2,0118,0000000000000002,37,0,0
P8D_XCHECK,298,10203040,011a,8,7,3,0118,0000000000000004,38,1,0
P8D_XCHECK,299,10203040,011b,8,4,4,0118,0000000000000008,39,1,0
P8D_XCHECK,300,10203040,011c,8,1,5,011c,0000000000000001,40,0,0
P8D_XCHECK,301,10203040,011d,8,6,6,011c,0000000000000002,41,1,0
P8D_XCHECK,302,10203040,011e,8,3,7,011c,0000000000000004,42,1,0
P8D_XCHECK,303,10203040,011f,8,0,8,011c,0000000000000008,43,0,0
P8D_XCHECK,304,10203040,0120,8,6,1,0120,0000000000000001,44,1,0
P8D_XCHECK,305,10203040,0121,8,3,2,0120,0000000000000002,45,1,0
P8D_XCHECK,306,10203040,0122,8,0,3,0120,0000000000000004,46,0,4
P8D_XCHECK,307,10203040,0123,8,5,4,0120,0000000000000008,47,1,0
P8D_XCHECK,308,10203040,0124,8,2,5,0124,0000000000000001,48,1,0
P8D_XCHECK,309,10203040,0125,8,7,6,0124,0000000000000002,49,0,0
P8D_XCHECK,310,10203040,0126,8,4,7,0124,0000000000000004,50,1,0
P8D_XCHECK,311,10203040,0127,8,1,8,0124,0000000000000008,51,1,0
P8D_XCHECK,312,10203040,0128,8,7,1,0128,0000000000000001,52,0,0
P8D_XCHECK,313,10203040,0129,8,4,2,0128,0000000000000002,53,1,0
P8D_XCHECK,314,10203040,012a,8,1,3,0128,0000000000000004,54,1,0
P8D_XCHECK,315,10203040,012b,8,6,4,0128,0000000000000008,55,0,0
P8D_XCHECK,316,10203040,012c,8,3,5,012c,0000000000000001,56,1,0
P8D_XCHECK,317,10203040,012d,8,0,6,012c,0000000000000002,57,1,0
P8D_XCHECK,318,10203040,012e,8,5,7,012c,0000000000000004,58,0,0
P8D_XCHECK,319,10203040,012f,8,2,8,012c,0000000000000008,59,1,0
P8D_XCHECK,320,10203040,0130,8,0,1,0130,0000000000000001,60,1,0
P8D_XCHECK,321,10203040,0131,8,5,2,0130,0000000000000002,61,0,0
P8D_XCHECK,322,10203040,0132,8,2,3,0130,0000000000000004,62,1,0
P8D_XCHECK,323,10203040,0133,8,7,4,0130,0000000000000008,63,1,4
P8D_XCHECK,324,10203040,0134,8,4,5,0134,0000000000000001,64,0,0
P8D_XCHECK,325,10203040,0135,8,1,6,0134,0000000000000002,0,1,0
P8D_XCHECK,326,10203040,0136,8,6,7,0134,0000000000000004,1,1,0
P8D_XCHECK,327,10203040,0137,8,3,8,0134,0000000000000008,2,0,0
P8D_XCHECK,328,10203040,0138,8,1,1,0138,0000000000000001,3,1,0
P8D_XCHECK,329,10203040,0139,8,6,2,0138,0000000000000002,4,1,0
P8D_XCHECK,330,10203040,013a,8,3,3,0138,0000000000000004,5,0,0
P8D_XCHECK,331,10203040,013b,8,0,4,0138,0000000000000008,6,1,0
P8D_XCHECK,332,10203040,013c,8,5,5,013c,0000000000000001,7,1,0
P8D_XCHECK,333,10203040,013d,8,2,6,013c,0000000000000002,8,0,0
P8D_XCHECK,334,10203040,013e,8,7,7,013c,0000000000000004,9,1,0
P8D_XCHECK,335,10203040,013f,8,4,8,013c,0000000000000008,10,1,0
P8D_XCHECK,336,10203040,0140,8,2,1,0140,0000000000000001,11,0,0
P8D_XCHECK,337,10203040,0141,8,7,2,0140,0000000000000002,12,1,0
P8D_XCHECK,338,10203040,0142,8,4,3,0140,0000000000000004,13,1,0
P8D_XCHECK,339,10203040,0143,8,1,4,0140,0000000000000008,14,0,0
P8D_XCHECK,340,10203040,0144,8,6,5,0144,0000000000000001,15,1,4
P8D_XCHECK,341,10203040,0145,8,3,6,0144,0000000000000002,16,1,0
P8D_XCHECK,342,10203040,0146,8,0,7,0144,0000000000000004,17,0,0
P8D_XCHECK,343,10203040,0147,8,5,8,0144,0000000000000008,18,1,0
P8D_XCHECK,344,10203040,0148,8,3,1,0148,0000000000000001,19,1,0
P8D_XCHECK,345,10203040,0149,8,0,2,0148,0000000000000002,20,0,0
P8D_XCHECK,346,10203040,014a,8,5,3,0148,0000000000000004,21,1,0
P8D_XCHECK,347,10203040,014b,8,2,4,0148,0000000000000008,22,1,0
P8D_XCHECK,348,10203040,014c,8,7,5,014c,0000000000000001,23,0,0
P8D_XCHECK,349,10203040,014d,8,4,6,014c,0000000000000002,24,1,0
P8D_XCHECK,350,10203040,014e,8,1,7,014c,0000000000000004,25,1,0
P8D_XCHECK,351,10203040,014f,8,6,8,014c,0000000000000008,26,0,0
P8D_XCHECK,352,10203040,0150,8,4,1,0150,0000000000000001,27,1,0
P8D_XCHECK,353,10203040,0151,8,1,2,0150,0000000000000002,28,1,0
P8D_XCHECK,354,10203040,0152,8,6,3,0150,0000000000000004,29,0,0
P8D_XCHECK,355,10203040,0153,8,3,4,0150,0000000000000008,30,1,0
P8D_XCHECK,356,10203040,0154,8,0,5,0154,0000000000000001,31,1,0
P8D_XCHECK,357,10203040,0155,8,5,6,0154,0000000000000002,32,0,4
P8D_XCHECK,358,10203040,0156,8,2,7,0154,0000000000000004,33,1,0
P8D_XCHECK,359,10203040,0157,8,7,8,0154,0000000000000008,34,1,0
P8D_XCHECK,360,10203040,0158,8,5,1,0158,0000000000000001,35,0,0
P8D_XCHECK,361,10203040,0159,8,2,2,0158,0000000000000002,36,1,0
P8D_XCHECK,362,10203040,015a,8,7,3,0158,0000000000000004,37,1,0
P8D_XCHECK,363,10203040,015b,8,4,4,0158,0000000000000008,38,0,0
P8D_XCHECK,364,10203040,015c,8,1,5,015c,0000000000000001,39,1,0
P8D_XCHECK,365,10203040,015d,8,6,6,015c,0000000000000002,40,1,0
P8D_XCHECK,366,10203040,015e,8,3,7,015c,0000000000000004,41,0,0
P8D_XCHECK,367,10203040,015f,8,0,8,015c,0000000000000008,42,1,0
P8D_XCHECK,368,10203040,0160,8,6,1,0160,0000000000000001,43,1,0
P8D_XCHECK,369,10203040,0161,8,3,2,0160,0000000000000002,44,0,0
P8D_XCHECK,370,10203040,0162,8,0,3,0160,0000000000000004,45,1,0
P8D_XCHECK,371,10203040,0163,8,5,4,0160,0000000000000008,46,1,0
P8D_XCHECK,372,10203040,0164,8,2,5,0164,0000000000000001,47,0,0
P8D_XCHECK,373,10203040,0165,8,7,6,0164,0000000000000002,48,1,0
P8D_XCHECK,374,10203040,0166,8,4,7,0164,0000000000000004,49,1,4
P8D_XCHECK,375,10203040,0167,8,1,8,0164,0000000000000008,50,0,0
P8D_XCHECK,376,10203040,0168,8,7,1,0168,0000000000000001,51,1,0
P8D_XCHECK,377,10203040,0169,8,4,2,0168,0000000000000002,52,1,0
P8D_XCHECK,378,10203040,016a,8,1,3,0168,0000000000000004,53,0,0
P8D_XCHECK,379,10203040,016b,8,6,4,0168,0000000000000008,54,1,0
P8D_XCHECK,380,10203040,016c,8,3,5,016c,0000000000000001,55,1,0
P8D_XCHECK,381,10203040,016d,8,0,6,016c,0000000000000002,56,0,0
P8D_XCHECK,382,10203040,016e,8,5,7,016c,0000000000000004,57,1,0
P8D_XCHECK,383,10203040,016f,8,2,8,016c,0000000000000008,58,1,0
P8D_XCHECK,384,10203040,0170,8,0,1,0170,0000000000000001,59,0,0
P8D_XCHECK,385,10203040,0171,8,5,2,0170,0000000000000002,60,1,0
P8D_XCHECK,386,10203040,0172,8,2,3,0170,0000000000000004,61,1,0
P8D_XCHECK,387,10203040,0173,8,7,4,0170,0000000000000008,62,0,0
P8D_XCHECK,388,10203040,0174,8,4,5,0174,0000000000000001,63,1,0
P8D_XCHECK,389,10203040,0175,8,1,6,0174,0000000000000002,64,1,0
P8D_XCHECK,390,10203040,0176,8,6,7,0174,0000000000000004,0,0,0
P8D_XCHECK,391,10203040,0177,8,3,8,0174,0000000000000008,1,1,4
P8D_XCHECK,392,10203040,0178,8,1,1,0178,0000000000000001,2,1,0
P8D_XCHECK,393,10203040,0179,8,6,2,0178,0000000000000002,3,0,0
P8D_XCHECK,394,10203040,017a,8,3,3,0178,0000000000000004,4,1,0
P8D_XCHECK,395,10203040,017b,8,0,4,0178,0000000000000008,5,1,0
P8D_XCHECK,396,10203040,017c,8,5,5,017c,0000000000000001,6,0,0
P8D_XCHECK,397,10203040,017d,8,2,6,017c,0000000000000002,7,1,0
P8D_XCHECK,398,10203040,017e,8,7,7,017c,0000000000000004,8,1,0
P8D_XCHECK,399,10203040,017f,8,4,8,017c,0000000000000008,9,0,0
P8D_XCHECK,400,10203040,0180,8,2,1,0180,0000000000000001,10,1,0
P8D_XCHECK,401,10203040,0181,8,7,2,0180,0000000000000002,11,1,0
P8D_XCHECK,402,10203040,0182,8,4,3,0180,0000000000000004,12,0,0
P8D_XCHECK,403,10203040,0183,8,1,4,0180,0000000000000008,13,1,0
P8D_XCHECK,404,10203040,0184,8,6,5,0184,0000000000000001,14,1,0
P8D_XCHECK,405,10203040,0185,8,3,6,0184,0000000000000002,15,0,0
P8D_XCHECK,406,10203040,0186,8,0,7,0184,0000000000000004,16,1,0
P8D_XCHECK,407,10203040,0187,8,5,8,0184,0000000000000008,17,1,0
P8D_XCHECK,408,10203040,0188,8,3,1,0188,0000000000000001,18,0,4
P8D_XCHECK,409,10203040,0189,8,0,2,0188,0000000000000002,19,1,0
P8D_XCHECK,410,10203040,018a,8,5,3,0188,0000000000000004,20,1,0
P8D_XCHECK,411,10203040,018b,8,2,4,0188,0000000000000008,21,0,0
P8D_XCHECK,412,10203040,018c,8,7,5,018c,0000000000000001,22,1,0
P8D_XCHECK,413,10203040,018d,8,4,6,018c,0000000000000002,23,1,0
P8D_XCHECK,414,10203040,018e,8,1,7,018c,0000000000000004,24,0,0
P8D_XCHECK,415,10203040,018f,8,6,8,018c,0000000000000008,25,1,0
P8D_XCHECK,416,10203040,0190,8,4,1,0190,0000000000000001,26,1,0
P8D_XCHECK,417,10203040,0191,8,1,2,0190,0000000000000002,27,0,0
P8D_XCHECK,418,10203040,0192,8,6,3,0190,0000000000000004,28,1,0
P8D_XCHECK,419,10203040,0193,8,3,4,0190,0000000000000008,29,1,0
P8D_XCHECK,420,10203040,0194,8,0,5,0194,0000000000000001,30,0,0
P8D_XCHECK,421,10203040,0195,8,5,6,0194,0000000000000002,31,1,0
P8D_XCHECK,422,10203040,0196,8,2,7,0194,0000000000000004,32,1,0
P8D_XCHECK,423,10203040,0197,8,7,8,0194,0000000000000008,33,0,0
P8D_XCHECK,424,10203040,0198,8,5,1,0198,0000000000000001,34,1,0
P8D_XCHECK,425,10203040,0199,8,2,2,0198,0000000000000002,35,1,4
P8D_XCHECK,426,10203040,019a,8,7,3,0198,0000000000000004,36,0,0
P8D_XCHECK,427,10203040,019b,8,4,4,0198,0000000000000008,37,1,0
P8D_XCHECK,428,10203040,019c,8,1,5,019c,0000000000000001,38,1,0
P8D_XCHECK,429,10203040,019d,8,6,6,019c,0000000000000002,39,0,0
P8D_XCHECK,430,10203040,019e,8,3,7,019c,0000000000000004,40,1,0
P8D_XCHECK,431,10203040,019f,8,0,8,019c,0000000000000008,41,1,0
P8D_XCHECK,432,10203040,01a0,8,6,1,01a0,0000000000000001,42,0,0
P8D_XCHECK,433,10203040,01a1,8,3,2,01a0,0000000000000002,43,1,0
P8D_XCHECK,434,10203040,01a2,8,0,3,01a0,0000000000000004,44,1,0
P8D_XCHECK,435,10203040,01a3,8,5,4,01a0,0000000000000008,45,0,0
P8D_XCHECK,436,10203040,01a4,8,2,5,01a4,0000000000000001,46,1,0
P8D_XCHECK,437,10203040,01a5,8,7,6,01a4,0000000000000002,47,1,0
P8D_XCHECK,438,10203040,01a6,8,4,7,01a4,0000000000000004,48,0,0
P8D_XCHECK,439,10203040,01a7,8,1,8,01a4,0000000000000008,49,1,0
P8D_XCHECK,440,10203040,01a8,8,7,1,01a8,0000000000000001,50,1,0
P8D_XCHECK,441,10203040,01a9,8,4,2,01a8,0000000000000002,51,0,0
P8D_XCHECK,442,10203040,01aa,8,1,3,01a8,0000000000000004,52,1,4
P8D_XCHECK,443,10203040,01ab,8,6,4,01a8,0000000000000008,53,1,0
P8D_XCHECK,444,10203040,01ac,8,3,5,01ac,0000000000000001,54,0,0
P8D_XCHECK,445,10203040,01ad,8,0,6,01ac,0000000000000002,55,1,0
P8D_XCHECK,446,10203040,01ae,8,5,7,01ac,0000000000000004,56,1,0
P8D_XCHECK,447,10203040,01af,8,2,8,01ac,0000000000000008,57,0,0
P8D_XCHECK,448,10203040,01b0,8,0,1,01b0,0000000000000001,58,1,0
P8D_XCHECK,449,10203040,01b1,8,5,2,01b0,0000000000000002,59,1,0
P8D_XCHECK,450,10203040,01b2,8,2,3,01b0,0000000000000004,60,0,0
P8D_XCHECK,451,10203040,01b3,8,7,4,01b0,0000000000000008,61,1,0
P8D_XCHECK,452,10203040,01b4,8,4,5,01b4,0000000000000001,62,1,0
P8D_XCHECK,453,10203040,01b5,8,1,6,01b4,0000000000000002,63,0,0
P8D_XCHECK,454,10203040,01b6,8,6,7,01b4,0000000000000004,64,1,0
P8D_XCHECK,455,10203040,01b7,8,3,8,01b4,0000000000000008,0,1,0
P8D_XCHECK,456,10203040,01b8,8,1,1,01b8,0000000000000001,1,0,0
P8D_XCHECK,457,10203040,01b9,8,6,2,01b8,0000000000000002,2,1,0
P8D_XCHECK,458,10203040,01ba,8,3,3,01b8,0000000000000004,3,1,0
P8D_XCHECK,459,10203040,01bb,8,0,4,01b8,0000000000000008,4,0,4
P8D_XCHECK,460,10203040,01bc,8,5,5,01bc,0000000000000001,5,1,0
P8D_XCHECK,461,10203040,01bd,8,2,6,01bc,0000000000000002,6,1,0
P8D_XCHECK,462,10203040,01be,8,7,7,01bc,0000000000000004,7,0,0
P8D_XCHECK,463,10203040,01bf,8,4,8,01bc,0000000000000008,8,1,0
P8D_XCHECK,464,10203040,01c0,8,2,1,01c0,0000000000000001,9,1,0
P8D_XCHECK,465,10203040,01c1,8,7,2,01c0,0000000000000002,10,0,0
P8D_XCHECK,466,10203040,01c2,8,4,3,01c0,0000000000000004,11,1,0
P8D_XCHECK,467,10203040,01c3,8,1,4,01c0,0000000000000008,12,1,0
P8D_XCHECK,468,10203040,01c4,8,6,5,01c4,0000000000000001,13,0,0
P8D_XCHECK,469,10203040,01c5,8,3,6,01c4,0000000000000002,14,1,0
P8D_XCHECK,470,10203040,01c6,8,0,7,01c4,0000000000000004,15,1,0
P8D_XCHECK,471,10203040,01c7,8,5,8,01c4,0000000000000008,16,0,0
P8D_XCHECK,472,10203040,01c8,8,3,1,01c8,0000000000000001,17,1,0
P8D_XCHECK,473,10203040,01c9,8,0,2,01c8,0000000000000002,18,1,0
P8D_XCHECK,474,10203040,01ca,8,5,3,01c8,0000000000000004,19,0,0
P8D_XCHECK,475,10203040,01cb,8,2,4,01c8,0000000000000008,20,1,0
P8D_XCHECK,476,10203040,01cc,8,7,5,01cc,0000000000000001,21,1,4
P8D_XCHECK,477,10203040,01cd,8,4,6,01cc,0000000000000002,22,0,0
P8D_XCHECK,478,10203040,01ce,8,1,7,01cc,0000000000000004,23,1,0
P8D_XCHECK,479,10203040,01cf,8,6,8,01cc,0000000000000008,24,1,0
P8D_XCHECK,480,10203040,01d0,8,4,1,01d0,0000000000000001,25,0,0
P8D_XCHECK,481,10203040,01d1,8,1,2,01d0,0000000000000002,26,1,0
P8D_XCHECK,482,10203040,01d2,8,6,3,01d0,0000000000000004,27,1,0
P8D_XCHECK,483,10203040,01d3,8,3,4,01d0,0000000000000008,28,0,0
P8D_XCHECK,484,10203040,01d4,8,0,5,01d4,0000000000000001,29,1,0
P8D_XCHECK,485,10203040,01d5,8,5,6,01d4,0000000000000002,30,1,0
P8D_XCHECK,486,10203040,01d6,8,2,7,01d4,0000000000000004,31,0,0
P8D_XCHECK,487,10203040,01d7,8,7,8,01d4,0000000000000008,32,1,0
P8D_XCHECK,488,10203040,01d8,8,5,1,01d8,0000000000000001,33,1,0
P8D_XCHECK,489,10203040,01d9,8,2,2,01d8,0000000000000002,34,0,0
P8D_XCHECK,490,10203040,01da,8,7,3,01d8,0000000000000004,35,1,0
P8D_XCHECK,491,10203040,01db,8,4,4,01d8,0000000000000008,36,1,0
P8D_XCHECK,492,10203040,01dc,8,1,5,01dc,0000000000000001,37,0,0
P8D_XCHECK,493,10203040,01dd,8,6,6,01dc,0000000000000002,38,1,4
P8D_XCHECK,494,10203040,01de,8,3,7,01dc,0000000000000004,39,1,0
P8D_XCHECK,495,10203040,01df,8,0,8,01dc,0000000000000008,40,0,0
P8D_XCHECK,496,10203040,01e0,8,6,1,01e0,0000000000000001,41,1,0
P8D_XCHECK,497,10203040,01e1,8,3,2,01e0,0000000000000002,42,1,0
P8D_XCHECK,498,10203040,01e2,8,0,3,01e0,0000000000000004,43,0,0
P8D_XCHECK,499,10203040,01e3,8,5,4,01e0,0000000000000008,44,1,0
P8D_XCHECK,500,10203040,01e4,8,2,5,01e4,0000000000000001,45,1,0
P8D_XCHECK,501,10203040,01e5,8,7,6,01e4,0000000000000002,46,0,0
P8D_XCHECK,502,10203040,01e6,8,4,7,01e4,0000000000000004,47,1,0
P8D_XCHECK,503,10203040,01e7,8,1,8,01e4,0000000000000008,48,1,0
P8D_XCHECK,504,10203040,01e8,8,7,1,01e8,0000000000000001,49,0,0
P8D_XCHECK,505,10203040,01e9,8,4,2,01e8,0000000000000002,50,1,0
P8D_XCHECK,506,10203040,01ea,8,1,3,01e8,0000000000000004,51,1,0
P8D_XCHECK,507,10203040,01eb,8,6,4,01e8,0000000000000008,52,0,0
P8D_XCHECK,508,10203040,01ec,8,3,5,01ec,0000000000000001,53,1,0
P8D_XCHECK,509,10203040,01ed,8,0,6,01ec,0000000000000002,54,1,0
P8D_XCHECK,510,10203040,01ee,8,5,7,01ec,0000000000000004,55,0,4
P8D_XCHECK,511,10203040,01ef,8,2,8,01ec,0000000000000008,56,1,0
P8D_XCHECK,512,10203040,01f0,9,0,1,01f0,0000000000000001,57,1,0
P8D_XCHECK,513,10203040,01f1,9,5,2,01f0,0000000000000002,58,0,0
P8D_XCHECK,514,10203040,01f2,9,2,3,01f0,0000000000000004,59,1,0
P8D_XCHECK,515,10203040,01f3,9,7,4,01f0,0000000000000008,60,1,0
P8D_XCHECK,516,10203040,01f4,9,4,5,01f4,0000000000000001,61,0,0
P8D_XCHECK,517,10203040,01f5,9,1,6,01f4,0000000000000002,62,1,0
P8D_XCHECK,518,10203040,01f6,9,6,7,01f4,0000000000000004,63,1,0
P8D_XCHECK,519,10203040,01f7,9,3,8,01f4,0000000000000008,64,0,0
P8D_XCHECK,520,10203040,01f8,9,1,1,01f8,0000000000000001,0,1,0
P8D_XCHECK,521,10203040,01f9,9,6,2,01f8,0000000000000002,1,1,0
P8D_XCHECK,522,10203040,01fa,9,3,3,01f8,0000000000000004,2,0,0
P8D_XCHECK,523,10203040,01fb,9,0,4,01f8,0000000000000008,3,1,0
P8D_XCHECK,524,10203040,01fc,9,5,5,01fc,0000000000000001,4,1,0
P8D_XCHECK,525,10203040,01fd,9,2,6,01fc,0000000000000002,5,0,0
P8D_XCHECK,526,10203040,01fe,9,7,7,01fc,0000000000000004,6,1,0
P8D_XCHECK,527,10203040,01ff,9,4,8,01fc,0000000000000008,7,1,4
P8D_XCHECK,528,10203040,0200,9,2,1,0200,0000000000000001,8,0,0
P8D_XCHECK,529,10203040,0201,9,7,2,0200,0000000000000002,9,1,0
P8D_XCHECK,530,10203040,0202,9,4,3,0200,0000000000000004,10,1,0
P8D_XCHECK,531,10203040,0203,9,1,4,0200,0000000000000008,11,0,0
P8D_XCHECK,532,10203040,0204,9,6,5,0204,0000000000000001,12,1,0
P8D_XCHECK,533,10203040,0205,9,3,6,0204,0000000000000002,13,1,0
P8D_XCHECK,534,10203040,0206,9,0,7,0204,0000000000000004,14,0,0
P8D_XCHECK,535,10203040,0207,9,5,8,0204,0000000000000008,15,1,0
P8D_XCHECK,536,10203040,0208,9,3,1,0208,0000000000000001,16,1,0
P8D_XCHECK,537,10203040,0209,9,0,2,0208,0000000000000002,17,0,0
P8D_XCHECK,538,10203040,020a,9,5,3,0208,0000000000000004,18,1,0
P8D_XCHECK,539,10203040,020b,9,2,4,0208,0000000000000008,19,1,0
P8D_XCHECK,540,10203040,020c,9,7,5,020c,0000000000000001,20,0,0
P8D_XCHECK,541,10203040,020d,9,4,6,020c,0000000000000002,21,1,0
P8D_XCHECK,542,10203040,020e,9,1,7,020c,0000000000000004,22,1,0
P8D_XCHECK,543,10203040,020f,9,6,8,020c,0000000000000008,23,0,0
P8D_XCHECK,544,10203040,0210,9,4,1,0210,0000000000000001,24,1,4
P8D_XCHECK,545,10203040,0211,9,1,2,0210,0000000000000002,25,1,0
P8D_XCHECK,546,10203040,0212,9,6,3,0210,0000000000000004,26,0,0
P8D_XCHECK,547,10203040,0213,9,3,4,0210,0000000000000008,27,1,0
P8D_XCHECK,548,10203040,0214,9,0,5,0214,0000000000000001,28,1,0
P8D_XCHECK,549,10203040,0215,9,5,6,0214,0000000000000002,29,0,0
P8D_XCHECK,550,10203040,0216,9,2,7,0214,0000000000000004,30,1,0
P8D_XCHECK,551,10203040,0217,9,7,8,0214,0000000000000008,31,1,0
P8D_XCHECK,552,10203040,0218,9,5,1,0218,0000000000000001,32,0,0
P8D_XCHECK,553,10203040,0219,9,2,2,0218,0000000000000002,33,1,0
P8D_XCHECK,554,10203040,021a,9,7,3,0218,0000000000000004,34,1,0
P8D_XCHECK,555,10203040,021b,9,4,4,0218,0000000000000008,35,0,0
P8D_XCHECK,556,10203040,021c,9,1,5,021c,0000000000000001,36,1,0
P8D_XCHECK,557,10203040,021d,9,6,6,021c,0000000000000002,37,1,0
P8D_XCHECK,558,10203040,021e,9,3,7,021c,0000000000000004,38,0,0
P8D_XCHECK,559,10203040,021f,9,0,8,021c,0000000000000008,39,1,0
P8D_XCHECK,560,10203040,0220,9,6,1,0220,0000000000000001,40,1,0
P8D_XCHECK,561,10203040,0221,9,3,2,0220,0000000000000002,41,0,4
P8D_XCHECK,562,10203040,0222,9,0,3,0220,0000000000000004,42,1,0
P8D_XCHECK,563,10203040,0223,9,5,4,0220,0000000000000008,43,1,0
P8D_XCHECK,564,10203040,0224,9,2,5,0224,0000000000000001,44,0,0
P8D_XCHECK,565,10203040,0225,9,7,6,0224,0000000000000002,45,1,0
P8D_XCHECK,566,10203040,0226,9,4,7,0224,0000000000000004,46,1,0
P8D_XCHECK,567,10203040,0227,9,1,8,0224,0000000000000008,47,0,0
P8D_XCHECK,568,10203040,0228,9,7,1,0228,0000000000000001,48,1,0
P8D_XCHECK,569,10203040,0229,9,4,2,0228,0000000000000002,49,1,0
P8D_XCHECK,570,10203040,022a,9,1,3,0228,0000000000000004,50,0,0
P8D_XCHECK,571,10203040,022b,9,6,4,0228,0000000000000008,51,1,0
P8D_XCHECK,572,10203040,022c,9,3,5,022c,0000000000000001,52,1,0
P8D_XCHECK,573,10203040,022d,9,0,6,022c,0000000000000002,53,0,0
P8D_XCHECK,574,10203040,022e,9,5,7,022c,0000000000000004,54,1,0
P8D_XCHECK,575,10203040,022f,9,2,8,022c,0000000000000008,55,1,0
P8D_XCHECK,576,10203040,0230,9,0,1,0230,0000000000000001,56,0,0
P8D_XCHECK,577,10203040,0231,9,5,2,0230,0000000000000002,57,1,0
P8D_XCHECK,578,10203040,0232,9,2,3,0230,0000000000000004,58,1,4
P8D_XCHECK,579,10203040,0233,9,7,4,0230,0000000000000008,59,0,0
P8D_XCHECK,580,10203040,0234,9,4,5,0234,0000000000000001,60,1,0
P8D_XCHECK,581,10203040,0235,9,1,6,0234,0000000000000002,61,1,0
P8D_XCHECK,582,10203040,0236,9,6,7,0234,0000000000000004,62,0,0
P8D_XCHECK,583,10203040,0237,9,3,8,0234,0000000000000008,63,1,0
P8D_XCHECK,584,10203040,0238,9,1,1,0238,0000000000000001,64,1,0
P8D_XCHECK,585,10203040,0239,9,6,2,0238,0000000000000002,0,0,0
P8D_XCHECK,586,10203040,023a,9,3,3,0238,0000000000000004,1,1,0
P8D_XCHECK,587,10203040,023b,9,0,4,0238,0000000000000008,2,1,0
P8D_XCHECK,588,10203040,023c,9,5,5,023c,0000000000000001,3,0,0
P8D_XCHECK,589,10203040,023d,9,2,6,023c,0000000000000002,4,1,0
P8D_XCHECK,590,10203040,023e,9,7,7,023c,0000000000000004,5,1,0
P8D_XCHECK,591,10203040,023f,9,4,8,023c,0000000000000008,6,0,0
P8D_XCHECK,592,10203040,0240,9,2,1,0240,0000000000000001,7,1,0
P8D_XCHECK,593,10203040,0241,9,7,2,0240,0000000000000002,8,1,0
P8D_XCHECK,594,10203040,0242,9,4,3,0240,0000000000000004,9,0,0
P8D_XCHECK,595,10203040,0243,9,1,4,0240,0000000000000008,10,1,4
P8D_XCHECK,596,10203040,0244,9,6,5,0244,0000000000000001,11,1,0
P8D_XCHECK,597,10203040,0245,9,3,6,0244,0000000000000002,12,0,0
P8D_XCHECK,598,10203040,0246,9,0,7,0244,0000000000000004,13,1,0
P8D_XCHECK,599,10203040,0247,9,5,8,0244,0000000000000008,14,1,0
P8D_XCHECK,600,10203040,0248,9,3,1,0248,0000000000000001,15,0,0
P8D_XCHECK,601,10203040,0249,9,0,2,0248,0000000000000002,16,1,0
P8D_XCHECK,602,10203040,024a,9,5,3,0248,0000000000000004,17,1,0
P8D_XCHECK,603,10203040,024b,9,2,4,0248,0000000000000008,18,0,0
P8D_XCHECK,604,10203040,024c,9,7,5,024c,0000000000000001,19,1,0
P8D_XCHECK,605,10203040,024d,9,4,6,024c,0000000000000002,20,1,0
P8D_XCHECK,606,10203040,024e,9,1,7,024c,0000000000000004,21,0,0
P8D_XCHECK,607,10203040,024f,9,6,8,024c,0000000000000008,22,1,0
P8D_XCHECK,608,10203040,0250,9,4,1,0250,0000000000000001,23,1,0
P8D_XCHECK,609,10203040,0251,9,1,2,0250,0000000000000002,24,0,0
P8D_XCHECK,610,10203040,0252,9,6,3,0250,0000000000000004,25,1,0
P8D_XCHECK,611,10203040,0253,9,3,4,0250,0000000000000008,26,1,0
P8D_XCHECK,612,10203040,0254,9,0,5,0254,0000000000000001,27,0,4
P8D_XCHECK,613,10203040,0255,9,5,6,0254,0000000000000002,28,1,0
P8D_XCHECK,614,10203040,0256,9,2,7,0254,0000000000000004,29,1,0
P8D_XCHECK,615,10203040,0257,9,7,8,0254,0000000000000008,30,0,0
P8D_XCHECK,616,10203040,0258,9,5,1,0258,0000000000000001,31,1,0
P8D_XCHECK,617,10203040,0259,9,2,2,0258,0000000000000002,32,1,0
P8D_XCHECK,618,10203040,025a,9,7,3,0258,0000000000000004,33,0,0
P8D_XCHECK,619,10203040,025b,9,4,4,0258,0000000000000008,34,1,0
P8D_XCHECK,620,10203040,025c,9,1,5,025c,0000000000000001,35,1,0
P8D_XCHECK,621,10203040,025d,9,6,6,025c,0000000000000002,36,0,0
P8D_XCHECK,622,10203040,025e,9,3,7,025c,0000000000000004,37,1,0
P8D_XCHECK,623,10203040,025f,9,0,8,025c,0000000000000008,38,1,0
P8D_XCHECK,624,10203040,0260,9,6,1,0260,0000000000000001,39,0,0
P8D_XCHECK,625,10203040,0261,9,3,2,0260,0000000000000002,40,1,0
P8D_XCHECK,626,10203040,0262,9,0,3,0260,0000000000000004,41,1,0
P8D_XCHECK,627,10203040,0263,9,5,4,0260,0000000000000008,42,0,0
P8D_XCHECK,628,10203040,0264,9,2,5,0264,0000000000000001,43,1,0
P8D_XCHECK,629,10203040,0265,9,7,6,0264,0000000000000002,44,1,4
P8D_XCHECK,630,10203040,0266,9,4,7,0264,0000000000000004,45,0,0
P8D_XCHECK,631,10203040,0267,9,1,8,0264,0000000000000008,46,1,0
P8D_XCHECK,632,10203040,0268,9,7,1,0268,0000000000000001,47,1,0
P8D_XCHECK,633,10203040,0269,9,4,2,0268,0000000000000002,48,0,0
P8D_XCHECK,634,10203040,026a,9,1,3,0268,0000000000000004,49,1,0
P8D_XCHECK,635,10203040,026b,9,6,4,0268,0000000000000008,50,1,0
P8D_XCHECK,636,10203040,026c,9,3,5,026c,0000000000000001,51,0,0
P8D_XCHECK,637,10203040,026d,9,0,6,026c,0000000000000002,52,1,0
P8D_XCHECK,638,10203040,026e,9,5,7,026c,0000000000000004,53,1,0
P8D_XCHECK,639,10203040,026f,9,2,8,026c,0000000000000008,54,0,0
P8D_XCHECK,640,10203040,0270,9,0,1,0270,0000000000000001,55,1,0
P8D_XCHECK,641,10203040,0271,9,5,2,0270,0000000000000002,56,1,0
P8D_XCHECK,642,10203040,0272,9,2,3,0270,0000000000000004,57,0,0
P8D_XCHECK,643,10203040,0273,9,7,4,0270,0000000000000008,58,1,0
P8D_XCHECK,644,10203040,0274,9,4,5,0274,0000000000000001,59,1,0
P8D_XCHECK,645,10203040,0275,9,1,6,0274,0000000000000002,60,0,0
P8D_XCHECK,646,10203040,0276,9,6,7,0274,0000000000000004,61,1,4
P8D_XCHECK,647,10203040,0277,9,3,8,0274,0000000000000008,62,1,0
P8D_XCHECK,648,10203040,0278,9,1,1,0278,0000000000000001,63,0,0
P8D_XCHECK,649,10203040,0279,9,6,2,0278,0000000000000002,64,1,0
P8D_XCHECK,650,10203040,027a,9,3,3,0278,0000000000000004,0,1,0
P8D_XCHECK,651,10203040,027b,9,0,4,0278,0000000000000008,1,0,0
P8D_XCHECK,652,10203040,027c,9,5,5,027c,0000000000000001,2,1,0
P8D_XCHECK,653,10203040,027d,9,2,6,027c,0000000000000002,3,1,0
P8D_XCHECK,654,10203040,027e,9,7,7,027c,0000000000000004,4,0,0
P8D_XCHECK,655,10203040,027f,9,4,8,027c,0000000000000008,5,1,0
P8D_XCHECK,656,10203040,0280,9,2,1,0280,0000000000000001,6,1,0
P8D_XCHECK,657,10203040,0281,9,7,2,0280,0000000000000002,7,0,0
P8D_XCHECK,658,10203040,0282,9,4,3,0280,0000000000000004,8,1,0
P8D_XCHECK,659,10203040,0283,9,1,4,0280,0000000000000008,9,1,0
P8D_XCHECK,660,10203040,0284,9,6,5,0284,0000000000000001,10,0,0
P8D_XCHECK,661,10203040,0285,9,3,6,0284,0000000000000002,11,1,0
P8D_XCHECK,662,10203040,0286,9,0,7,0284,0000000000000004,12,1,0
P8D_XCHECK,663,10203040,0287,9,5,8,0284,0000000000000008,13,0,4
P8D_XCHECK,664,10203040,0288,9,3,1,0288,0000000000000001,14,1,0
P8D_XCHECK,665,10203040,0289,9,0,2,0288,0000000000000002,15,1,0
P8D_XCHECK,666,10203040,028a,9,5,3,0288,0000000000000004,16,0,0
P8D_XCHECK,667,10203040,028b,9,2,4,0288,0000000000000008,17,1,0
P8D_XCHECK,668,10203040,028c,9,7,5,028c,0000000000000001,18,1,0
P8D_XCHECK,669,10203040,028d,9,4,6,028c,0000000000000002,19,0,0
P8D_XCHECK,670,10203040,028e,9,1,7,028c,0000000000000004,20,1,0
P8D_XCHECK,671,10203040,028f,9,6,8,028c,0000000000000008,21,1,0
P8D_XCHECK,672,10203040,0290,9,4,1,0290,0000000000000001,22,0,0
P8D_XCHECK,673,10203040,0291,9,1,2,0290,0000000000000002,23,1,0
P8D_XCHECK,674,10203040,0292,9,6,3,0290,0000000000000004,24,1,0
P8D_XCHECK,675,10203040,0293,9,3,4,0290,0000000000000008,25,0,0
P8D_XCHECK,676,10203040,0294,9,0,5,0294,0000000000000001,26,1,0
P8D_XCHECK,677,10203040,0295,9,5,6,0294,0000000000000002,27,1,0
P8D_XCHECK,678,10203040,0296,9,2,7,0294,0000000000000004,28,0,0
P8D_XCHECK,679,10203040,0297,9,7,8,0294,0000000000000008,29,1,0
P8D_XCHECK,680,10203040,0298,9,5,1,0298,0000000000000001,30,1,4
P8D_XCHECK,681,10203040,0299,9,2,2,0298,0000000000000002,31,0,0
P8D_XCHECK,682,10203040,029a,9,7,3,0298,0000000000000004,32,1,0
P8D_XCHECK,683,10203040,029b,9,4,4,0298,0000000000000008,33,1,0
P8D_XCHECK,684,10203040,029c,9,1,5,029c,0000000000000001,34,0,0
P8D_XCHECK,685,10203040,029d,9,6,6,029c,0000000000000002,35,1,0
P8D_XCHECK,686,10203040,029e,9,3,7,029c,0000000000000004,36,1,0
P8D_XCHECK,687,10203040,029f,9,0,8,029c,0000000000000008,37,0,0
P8D_XCHECK,688,10203040,02a0,9,6,1,02a0,0000000000000001,38,1,0
P8D_XCHECK,689,10203040,02a1,9,3,2,02a0,0000000000000002,39,1,0
P8D_XCHECK,690,10203040,02a2,9,0,3,02a0,0000000000000004,40,0,0
P8D_XCHECK,691,10203040,02a3,9,5,4,02a0,0000000000000008,41,1,0
P8D_XCHECK,692,10203040,02a4,9,2,5,02a4,0000000000000001,42,1,0
P8D_XCHECK,693,10203040,02a5,9,7,6,02a4,0000000000000002,43,0,0
P8D_XCHECK,694,10203040,02a6,9,4,7,02a4,0000000000000004,44,1,0
P8D_XCHECK,695,10203040,02a7,9,1,8,02a4,0000000000000008,45,1,0
P8D_XCHECK,696,10203040,02a8,9,7,1,02a8,0000000000000001,46,0,0
P8D_XCHECK,697,10203040,02a9,9,4,2,02a8,0000000000000002,47,1,4
P8D_XCHECK,698,10203040,02aa,9,1,3,02a8,0000000000000004,48,1,0
P8D_XCHECK,699,10203040,02ab,9,6,4,02a8,0000000000000008,49,0,0
P8D_XCHECK,700,10203040,02ac,9,3,5,02ac,0000000000000001,50,1,0
P8D_XCHECK,701,10203040,02ad,9,0,6,02ac,0000000000000002,51,1,0
P8D_XCHECK,702,10203040,02ae,9,5,7,02ac,0000000000000004,52,0,0
P8D_XCHECK,703,10203040,02af,9,2,8,02ac,0000000000000008,53,1,0
P8D_XCHECK,704,10203040,02b0,9,0,1,02b0,0000000000000001,54,1,0
P8D_XCHECK,705,10203040,02b1,9,5,2,02b0,0000000000000002,55,0,0
P8D_XCHECK,706,10203040,02b2,9,2,3,02b0,0000000000000004,56,1,0
P8D_XCHECK,707,10203040,02b3,9,7,4,02b0,0000000000000008,57,1,0
P8D_XCHECK,708,10203040,02b4,9,4,5,02b4,0000000000000001,58,0,0
P8D_XCHECK,709,10203040,02b5,9,1,6,02b4,0000000000000002,59,1,0
P8D_XCHECK,710,10203040,02b6,9,6,7,02b4,0000000000000004,60,1,0
P8D_XCHECK,711,10203040,02b7,9,3,8,02b4,0000000000000008,61,0,0
P8D_XCHECK,712,10203040,02b8,9,1,1,02b8,0000000000000001,62,1,0
P8D_XCHECK,713,10203040,02b9,9,6,2,02b8,0000000000000002,63,1,0
P8D_XCHECK,714,10203040,02ba,9,3,3,02b8,0000000000000004,64,0,4
P8D_XCHECK,715,10203040,02bb,9,0,4,02b8,0000000000000008,0,1,0
P8D_XCHECK,716,10203040,02bc,9,5,5,02bc,0000000000000001,1,1,0
P8D_XCHECK,717,10203040,02bd,9,2,6,02bc,0000000000000002,2,0,0
P8D_XCHECK,718,10203040,02be,9,7,7,02bc,0000000000000004,3,1,0
P8D_XCHECK,719,10203040,02bf,9,4,8,02bc,0000000000000008,4,1,0
P8D_XCHECK,720,10203040,02c0,9,2,1,02c0,0000000000000001,5,0,0
P8D_XCHECK,721,10203040,02c1,9,7,2,02c0,0000000000000002,6,1,0
P8D_XCHECK,722,10203040,02c2,9,4,3,02c0,0000000000000004,7,1,0
P8D_XCHECK,723,10203040,02c3,9,1,4,02c0,0000000000000008,8,0,0
P8D_XCHECK,724,10203040,02c4,9,6,5,02c4,0000000000000001,9,1,0
P8D_XCHECK,725,10203040,02c5,9,3,6,02c4,0000000000000002,10,1,0
P8D_XCHECK,726,10203040,02c6,9,0,7,02c4,0000000000000004,11,0,0
P8D_XCHECK,727,10203040,02c7,9,5,8,02c4,0000000000000008,12,1,0
P8D_XCHECK,728,10203040,02c8,9,3,1,02c8,0000000000000001,13,1,0
P8D_XCHECK,729,10203040,02c9,9,0,2,02c8,0000000000000002,14,0,0
P8D_XCHECK,730,10203040,02ca,9,5,3,02c8,0000000000000004,15,1,0
P8D_XCHECK,731,10203040,02cb,9,2,4,02c8,0000000000000008,16,1,4
P8D_XCHECK,732,10203040,02cc,9,7,5,02cc,0000000000000001,17,0,0
P8D_XCHECK,733,10203040,02cd,9,4,6,02cc,0000000000000002,18,1,0
P8D_XCHECK,734,10203040,02ce,9,1,7,02cc,0000000000000004,19,1,0
P8D_XCHECK,735,10203040,02cf,9,6,8,02cc,0000000000000008,20,0,0
P8D_XCHECK,736,10203040,02d0,9,4,1,02d0,0000000000000001,21,1,0
P8D_XCHECK,737,10203040,02d1,9,1,2,02d0,0000000000000002,22,1,0
P8D_XCHECK,738,10203040,02d2,9,6,3,02d0,0000000000000004,23,0,0
P8D_XCHECK,739,10203040,02d3,9,3,4,02d0,0000000000000008,24,1,0
P8D_XCHECK,740,10203040,02d4,9,0,5,02d4,0000000000000001,25,1,0
P8D_XCHECK,741,10203040,02d5,9,5,6,02d4,0000000000000002,26,0,0
P8D_XCHECK,742,10203040,02d6,9,2,7,02d4,0000000000000004,27,1,0
P8D_XCHECK,743,10203040,02d7,9,7,8,02d4,0000000000000008,28,1,0
P8D_XCHECK,744,10203040,02d8,9,5,1,02d8,0000000000000001,29,0,0
P8D_XCHECK,745,10203040,02d9,9,2,2,02d8,0000000000000002,30,1,0
P8D_XCHECK,746,10203040,02da,9,7,3,02d8,0000000000000004,31,1,0
P8D_XCHECK,747,10203040,02db,9,4,4,02d8,0000000000000008,32,0,0
P8D_XCHECK,748,10203040,02dc,9,1,5,02dc,0000000000000001,33,1,4
P8D_XCHECK,749,10203040,02dd,9,6,6,02dc,0000000000000002,34,1,0
P8D_XCHECK,750,10203040,02de,9,3,7,02dc,0000000000000004,35,0,0
P8D_XCHECK,751,10203040,02df,9,0,8,02dc,0000000000000008,36,1,0
P8D_XCHECK,752,10203040,02e0,9,6,1,02e0,0000000000000001,37,1,0
P8D_XCHECK,753,10203040,02e1,9,3,2,02e0,0000000000000002,38,0,0
P8D_XCHECK,754,10203040,02e2,9,0,3,02e0,0000000000000004,39,1,0
P8D_XCHECK,755,10203040,02e3,9,5,4,02e0,0000000000000008,40,1,0
P8D_XCHECK,756,10203040,02e4,9,2,5,02e4,0000000000000001,41,0,0
P8D_XCHECK,757,10203040,02e5,9,7,6,02e4,0000000000000002,42,1,0
P8D_XCHECK,758,10203040,02e6,9,4,7,02e4,0000000000000004,43,1,0
P8D_XCHECK,759,10203040,02e7,9,1,8,02e4,0000000000000008,44,0,0
P8D_XCHECK,760,10203040,02e8,9,7,1,02e8,0000000000000001,45,1,0
P8D_XCHECK,761,10203040,02e9,9,4,2,02e8,0000000000000002,46,1,0
P8D_XCHECK,762,10203040,02ea,9,1,3,02e8,0000000000000004,47,0,0
P8D_XCHECK,763,10203040,02eb,9,6,4,02e8,0000000000000008,48,1,0
P8D_XCHECK,764,10203040,02ec,9,3,5,02ec,0000000000000001,49,1,0
P8D_XCHECK,765,10203040,02ed,9,0,6,02ec,0000000000000002,50,0,4
P8D_XCHECK,766,10203040,02ee,9,5,7,02ec,0000000000000004,51,1,0
P8D_XCHECK,767,10203040,02ef,9,2,8,02ec,0000000000000008,52,1,0
P8D_XCHECK,768,10203040,02f0,10,0,1,02f0,0000000000000001,53,0,0
P8D_XCHECK,769,10203040,02f1,10,5,2,02f0,0000000000000002,54,1,0
P8D_XCHECK,770,10203040,02f2,10,2,3,02f0,0000000000000004,55,1,0
P8D_XCHECK,771,10203040,02f3,10,7,4,02f0,0000000000000008,56,0,0
P8D_XCHECK,772,10203040,02f4,10,4,5,02f4,0000000000000001,57,1,0
P8D_XCHECK,773,10203040,02f5,10,1,6,02f4,0000000000000002,58,1,0
P8D_XCHECK,774,10203040,02f6,10,6,7,02f4,0000000000000004,59,0,0
P8D_XCHECK,775,10203040,02f7,10,3,8,02f4,0000000000000008,60,1,0
P8D_XCHECK,776,10203040,02f8,10,1,1,02f8,0000000000000001,61,1,0
P8D_XCHECK,777,10203040,02f9,10,6,2,02f8,0000000000000002,62,0,0
P8D_XCHECK,778,10203040,02fa,10,3,3,02f8,0000000000000004,63,1,0
P8D_XCHECK,779,10203040,02fb,10,0,4,02f8,0000000000000008,64,1,0
P8D_XCHECK,780,10203040,02fc,10,5,5,02fc,0000000000000001,0,0,0
P8D_XCHECK,781,10203040,02fd,10,2,6,02fc,0000000000000002,1,1,0
P8D_XCHECK,782,10203040,02fe,10,7,7,02fc,0000000000000004,2,1,4
P8D_XCHECK,783,10203040,02ff,10,4,8,02fc,0000000000000008,3,0,0
P8D_XCHECK,784,10203040,0300,10,2,1,0300,0000000000000001,4,1,0
P8D_XCHECK,785,10203040,0301,10,7,2,0300,0000000000000002,5,1,0
P8D_XCHECK,786,10203040,0302,10,4,3,0300,0000000000000004,6,0,0
P8D_XCHECK,787,10203040,0303,10,1,4,0300,0000000000000008,7,1,0
P8D_XCHECK,788,10203040,0304,10,6,5,0304,0000000000000001,8,1,0
P8D_XCHECK,789,10203040,0305,10,3,6,0304,0000000000000002,9,0,0
P8D_XCHECK,790,10203040,0306,10,0,7,0304,0000000000000004,10,1,0
P8D_XCHECK,791,10203040,0307,10,5,8,0304,0000000000000008,11,1,0
P8D_XCHECK,792,10203040,0308,10,3,1,0308,0000000000000001,12,0,0
P8D_XCHECK,793,10203040,0309,10,0,2,0308,0000000000000002,13,1,0
P8D_XCHECK,794,10203040,030a,10,5,3,0308,0000000000000004,14,1,0
P8D_XCHECK,795,10203040,030b,10,2,4,0308,0000000000000008,15,0,0
P8D_XCHECK,796,10203040,030c,10,7,5,030c,0000000000000001,16,1,0
P8D_XCHECK,797,10203040,030d,10,4,6,030c,0000000000000002,17,1,0
P8D_XCHECK,798,10203040,030e,10,1,7,030c,0000000000000004,18,0,0
P8D_XCHECK,799,10203040,030f,10,6,8,030c,0000000000000008,19,1,4
P8D_XCHECK,800,10203040,0310,10,4,1,0310,0000000000000001,20,1,0
P8D_XCHECK,801,10203040,0311,10,1,2,0310,0000000000000002,21,0,0
P8D_XCHECK,802,10203040,0312,10,6,3,0310,0000000000000004,22,1,0
P8D_XCHECK,803,10203040,0313,10,3,4,0310,0000000000000008,23,1,0
P8D_XCHECK,804,10203040,0314,10,0,5,0314,0000000000000001,24,0,0
P8D_XCHECK,805,10203040,0315,10,5,6,0314,0000000000000002,25,1,0
P8D_XCHECK,806,10203040,0316,10,2,7,0314,0000000000000004,26,1,0
P8D_XCHECK,807,10203040,0317,10,7,8,0314,0000000000000008,27,0,0
P8D_XCHECK,808,10203040,0318,10,5,1,0318,0000000000000001,28,1,0
P8D_XCHECK,809,10203040,0319,10,2,2,0318,0000000000000002,29,1,0
P8D_XCHECK,810,10203040,031a,10,7,3,0318,0000000000000004,30,0,0
P8D_XCHECK,811,10203040,031b,10,4,4,0318,0000000000000008,31,1,0
P8D_XCHECK,812,10203040,031c,10,1,5,031c,0000000000000001,32,1,0
P8D_XCHECK,813,10203040,031d,10,6,6,031c,0000000000000002,33,0,0
P8D_XCHECK,814,10203040,031e,10,3,7,031c,0000000000000004,34,1,0
P8D_XCHECK,815,10203040,031f,10,0,8,031c,0000000000000008,35,1,0
P8D_XCHECK,816,10203040,0320,10,6,1,0320,0000000000000001,36,0,4
P8D_XCHECK,817,10203040,0321,10,3,2,0320,0000000000000002,37,1,0
P8D_XCHECK,818,10203040,0322,10,0,3,0320,0000000000000004,38,1,0
P8D_XCHECK,819,10203040,0323,10,5,4,0320,0000000000000008,39,0,0
P8D_XCHECK,820,10203040,0324,10,2,5,0324,0000000000000001,40,1,0
P8D_XCHECK,821,10203040,0325,10,7,6,0324,0000000000000002,41,1,0
P8D_XCHECK,822,10203040,0326,10,4,7,0324,0000000000000004,42,0,0
P8D_XCHECK,823,10203040,0327,10,1,8,0324,0000000000000008,43,1,0
P8D_XCHECK,824,10203040,0328,10,7,1,0328,0000000000000001,44,1,0
P8D_XCHECK,825,10203040,0329,10,4,2,0328,0000000000000002,45,0,0
P8D_XCHECK,826,10203040,032a,10,1,3,0328,0000000000000004,46,1,0
P8D_XCHECK,827,10203040,032b,10,6,4,0328,0000000000000008,47,1,0
P8D_XCHECK,828,10203040,032c,10,3,5,032c,0000000000000001,48,0,0
P8D_XCHECK,829,10203040,032d,10,0,6,032c,0000000000000002,49,1,0
P8D_XCHECK,830,10203040,032e,10,5,7,032c,0000000000000004,50,1,0
P8D_XCHECK,831,10203040,032f,10,2,8,032c,0000000000000008,51,0,0
P8D_XCHECK,832,10203040,0330,10,0,1,0330,0000000000000001,52,1,0
P8D_XCHECK,833,10203040,0331,10,5,2,0330,0000000000000002,53,1,4
P8D_XCHECK,834,10203040,0332,10,2,3,0330,0000000000000004,54,0,0
P8D_XCHECK,835,10203040,0333,10,7,4,0330,0000000000000008,55,1,0
P8D_XCHECK,836,10203040,0334,10,4,5,0334,0000000000000001,56,1,0
P8D_XCHECK,837,10203040,0335,10,1,6,0334,0000000000000002,57,0,0
P8D_XCHECK,838,10203040,0336,10,6,7,0334,0000000000000004,58,1,0
P8D_XCHECK,839,10203040,0337,10,3,8,0334,0000000000000008,59,1,0
P8D_XCHECK,840,10203040,0338,10,1,1,0338,0000000000000001,60,0,0
P8D_XCHECK,841,10203040,0339,10,6,2,0338,0000000000000002,61,1,0
P8D_XCHECK,842,10203040,033a,10,3,3,0338,0000000000000004,62,1,0
P8D_XCHECK,843,10203040,033b,10,0,4,0338,0000000000000008,63,0,0
P8D_XCHECK,844,10203040,033c,10,5,5,033c,0000000000000001,64,1,0
P8D_XCHECK,845,10203040,033d,10,2,6,033c,0000000000000002,0,1,0
P8D_XCHECK,846,10203040,033e,10,7,7,033c,0000000000000004,1,0,0
P8D_XCHECK,847,10203040,033f,10,4,8,033c,0000000000000008,2,1,0
P8D_XCHECK,848,10203040,0340,10,2,1,0340,0000000000000001,3,1,0
P8D_XCHECK,849,10203040,0341,10,7,2,0340,0000000000000002,4,0,0
P8D_XCHECK,850,10203040,0342,10,4,3,0340,0000000000000004,5,1,4
P8D_XCHECK,851,10203040,0343,10,1,4,0340,0000000000000008,6,1,0
P8D_XCHECK,852,10203040,0344,10,6,5,0344,0000000000000001,7,0,0
P8D_XCHECK,853,10203040,0345,10,3,6,0344,0000000000000002,8,1,0
P8D_XCHECK,854,10203040,0346,10,0,7,0344,0000000000000004,9,1,0
P8D_XCHECK,855,10203040,0347,10,5,8,0344,0000000000000008,10,0,0
P8D_XCHECK,856,10203040,0348,10,3,1,0348,0000000000000001,11,1,0
P8D_XCHECK,857,10203040,0349,10,0,2,0348,0000000000000002,12,1,0
P8D_XCHECK,858,10203040,034a,10,5,3,0348,0000000000000004,13,0,0
P8D_XCHECK,859,10203040,034b,10,2,4,0348,0000000000000008,14,1,0
P8D_XCHECK,860,10203040,034c,10,7,5,034c,0000000000000001,15,1,0
P8D_XCHECK,861,10203040,034d,10,4,6,034c,0000000000000002,16,0,0
P8D_XCHECK,862,10203040,034e,10,1,7,034c,0000000000000004,17,1,0
P8D_XCHECK,863,10203040,034f,10,6,8,034c,0000000000000008,18,1,0
P8D_XCHECK,864,10203040,0350,10,4,1,0350,0000000000000001,19,0,0
P8D_XCHECK,865,10203040,0351,10,1,2,0350,0000000000000002,20,1,0
P8D_XCHECK,866,10203040,0352,10,6,3,0350,0000000000000004,21,1,0
P8D_XCHECK,867,10203040,0353,10,3,4,0350,0000000000000008,22,0,4
P8D_XCHECK,868,10203040,0354,10,0,5,0354,0000000000000001,23,1,0
P8D_XCHECK,869,10203040,0355,10,5,6,0354,0000000000000002,24,1,0
P8D_XCHECK,870,10203040,0356,10,2,7,0354,0000000000000004,25,0,0
P8D_XCHECK,871,10203040,0357,10,7,8,0354,0000000000000008,26,1,0
P8D_XCHECK,872,10203040,0358,10,5,1,0358,0000000000000001,27,1,0
P8D_XCHECK,873,10203040,0359,10,2,2,0358,0000000000000002,28,0,0
P8D_XCHECK,874,10203040,035a,10,7,3,0358,0000000000000004,29,1,0
P8D_XCHECK,875,10203040,035b,10,4,4,0358,0000000000000008,30,1,0
P8D_XCHECK,876,10203040,035c,10,1,5,035c,0000000000000001,31,0,0
P8D_XCHECK,877,10203040,035d,10,6,6,035c,0000000000000002,32,1,0
P8D_XCHECK,878,10203040,035e,10,3,7,035c,0000000000000004,33,1,0
P8D_XCHECK,879,10203040,035f,10,0,8,035c,0000000000000008,34,0,0
P8D_XCHECK,880,10203040,0360,10,6,1,0360,0000000000000001,35,1,0
P8D_XCHECK,881,10203040,0361,10,3,2,0360,0000000000000002,36,1,0
P8D_XCHECK,882,10203040,0362,10,0,3,0360,0000000000000004,37,0,0
P8D_XCHECK,883,10203040,0363,10,5,4,0360,0000000000000008,38,1,0
P8D_XCHECK,884,10203040,0364,10,2,5,0364,0000000000000001,39,1,4
P8D_XCHECK,885,10203040,0365,10,7,6,0364,0000000000000002,40,0,0
P8D_XCHECK,886,10203040,0366,10,4,7,0364,0000000000000004,41,1,0
P8D_XCHECK,887,10203040,0367,10,1,8,0364,0000000000000008,42,1,0
P8D_XCHECK,888,10203040,0368,10,7,1,0368,0000000000000001,43,0,0
P8D_XCHECK,889,10203040,0369,10,4,2,0368,0000000000000002,44,1,0
P8D_XCHECK,890,10203040,036a,10,1,3,0368,0000000000000004,45,1,0
P8D_XCHECK,891,10203040,036b,10,6,4,0368,0000000000000008,46,0,0
P8D_XCHECK,892,10203040,036c,10,3,5,036c,0000000000000001,47,1,0
P8D_XCHECK,893,10203040,036d,10,0,6,036c,0000000000000002,48,1,0
P8D_XCHECK,894,10203040,036e,10,5,7,036c,0000000000000004,49,0,0
P8D_XCHECK,895,10203040,036f,10,2,8,036c,0000000000000008,50,1,0
P8D_XCHECK,896,10203040,0370,10,0,1,0370,0000000000000001,51,1,0
P8D_XCHECK,897,10203040,0371,10,5,2,0370,0000000000000002,52,0,0
P8D_XCHECK,898,10203040,0372,10,2,3,0370,0000000000000004,53,1,0
P8D_XCHECK,899,10203040,0373,10,7,4,0370,0000000000000008,54,1,0
P8D_XCHECK,900,10203040,0374,10,4,5,0374,0000000000000001,55,0,0
P8D_XCHECK,901,10203040,0375,10,1,6,0374,0000000000000002,56,1,4
P8D_XCHECK,902,10203040,0376,10,6,7,0374,0000000000000004,57,1,0
P8D_XCHECK,903,10203040,0377,10,3,8,0374,0000000000000008,58,0,0
P8D_XCHECK,904,10203040,0378,10,1,1,0378,0000000000000001,59,1,0
P8D_XCHECK,905,10203040,0379,10,6,2,0378,0000000000000002,60,1,0
P8D_XCHECK,906,10203040,037a,10,3,3,0378,0000000000000004,61,0,0
P8D_XCHECK,907,10203040,037b,10,0,4,0378,0000000000000008,62,1,0
P8D_XCHECK,908,10203040,037c,10,5,5,037c,0000000000000001,63,1,0
P8D_XCHECK,909,10203040,037d,10,2,6,037c,0000000000000002,64,0,0
P8D_XCHECK,910,10203040,037e,10,7,7,037c,0000000000000004,0,1,0
P8D_XCHECK,911,10203040,037f,10,4,8,037c,0000000000000008,1,1,0
P8D_XCHECK,912,10203040,0380,10,2,1,0380,0000000000000001,2,0,0
P8D_XCHECK,913,10203040,0381,10,7,2,0380,0000000000000002,3,1,0
P8D_XCHECK,914,10203040,0382,10,4,3,0380,0000000000000004,4,1,0
P8D_XCHECK,915,10203040,0383,10,1,4,0380,0000000000000008,5,0,0
P8D_XCHECK,916,10203040,0384,10,6,5,0384,0000000000000001,6,1,0
P8D_XCHECK,917,10203040,0385,10,3,6,0384,0000000000000002,7,1,0
P8D_XCHECK,918,10203040,0386,10,0,7,0384,0000000000000004,8,0,4
P8D_XCHECK,919,10203040,0387,10,5,8,0384,0000000000000008,9,1,0
P8D_XCHECK,920,10203040,0388,10,3,1,0388,0000000000000001,10,1,0
P8D_XCHECK,921,10203040,0389,10,0,2,0388,0000000000000002,11,0,0
P8D_XCHECK,922,10203040,038a,10,5,3,0388,0000000000000004,12,1,0
P8D_XCHECK,923,10203040,038b,10,2,4,0388,0000000000000008,13,1,0
P8D_XCHECK,924,10203040,038c,10,7,5,038c,0000000000000001,14,0,0
P8D_XCHECK,925,10203040,038d,10,4,6,038c,0000000000000002,15,1,0
P8D_XCHECK,926,10203040,038e,10,1,7,038c,0000000000000004,16,1,0
P8D_XCHECK,927,10203040,038f,10,6,8,038c,0000000000000008,17,0,0
P8D_XCHECK,928,10203040,0390,10,4,1,0390,0000000000000001,18,1,0
P8D_XCHECK,929,10203040,0391,10,1,2,0390,0000000000000002,19,1,0
P8D_XCHECK,930,10203040,0392,10,6,3,0390,0000000000000004,20,0,0
P8D_XCHECK,931,10203040,0393,10,3,4,0390,0000000000000008,21,1,0
P8D_XCHECK,932,10203040,0394,10,0,5,0394,0000000000000001,22,1,0
P8D_XCHECK,933,10203040,0395,10,5,6,0394,0000000000000002,23,0,0
P8D_XCHECK,934,10203040,0396,10,2,7,0394,0000000000000004,24,1,0
P8D_XCHECK,935,10203040,0397,10,7,8,0394,0000000000000008,25,1,4
P8D_XCHECK,936,10203040,0398,10,5,1,0398,0000000000000001,26,0,0
P8D_XCHECK,937,10203040,0399,10,2,2,0398,0000000000000002,27,1,0
P8D_XCHECK,938,10203040,039a,10,7,3,0398,0000000000000004,28,1,0
P8D_XCHECK,939,10203040,039b,10,4,4,0398,0000000000000008,29,0,0
P8D_XCHECK,940,10203040,039c,10,1,5,039c,0000000000000001,30,1,0
P8D_XCHECK,941,10203040,039d,10,6,6,039c,0000000000000002,31,1,0
P8D_XCHECK,942,10203040,039e,10,3,7,039c,0000000000000004,32,0,0
P8D_XCHECK,943,10203040,039f,10,0,8,039c,0000000000000008,33,1,0
P8D_XCHECK,944,10203040,03a0,10,6,1,03a0,0000000000000001,34,1,0
P8D_XCHECK,945,10203040,03a1,10,3,2,03a0,0000000000000002,35,0,0
P8D_XCHECK,946,10203040,03a2,10,0,3,03a0,0000000000000004,36,1,0
P8D_XCHECK,947,10203040,03a3,10,5,4,03a0,0000000000000008,37,1,0
P8D_XCHECK,948,10203040,03a4,10,2,5,03a4,0000000000000001,38,0,0
P8D_XCHECK,949,10203040,03a5,10,7,6,03a4,0000000000000002,39,1,0
P8D_XCHECK,950,10203040,03a6,10,4,7,03a4,0000000000000004,40,1,0
P8D_XCHECK,951,10203040,03a7,10,1,8,03a4,0000000000000008,41,0,0
P8D_XCHECK,952,10203040,03a8,10,7,1,03a8,0000000000000001,42,1,4
P8D_XCHECK,953,10203040,03a9,10,4,2,03a8,0000000000000002,43,1,0
P8D_XCHECK,954,10203040,03aa,10,1,3,03a8,0000000000000004,44,0,0
P8D_XCHECK,955,10203040,03ab,10,6,4,03a8,0000000000000008,45,1,0
P8D_XCHECK,956,10203040,03ac,10,3,5,03ac,0000000000000001,46,1,0
P8D_XCHECK,957,10203040,03ad,10,0,6,03ac,0000000000000002,47,0,0
P8D_XCHECK,958,10203040,03ae,10,5,7,03ac,0000000000000004,48,1,0
P8D_XCHECK,959,10203040,03af,10,2,8,03ac,0000000000000008,49,1,0
P8D_XCHECK,960,10203040,03b0,10,0,1,03b0,0000000000000001,50,0,0
P8D_XCHECK,961,10203040,03b1,10,5,2,03b0,0000000000000002,51,1,0
P8D_XCHECK,962,10203040,03b2,10,2,3,03b0,0000000000000004,52,1,0
P8D_XCHECK,963,10203040,03b3,10,7,4,03b0,0000000000000008,53,0,0
P8D_XCHECK,964,10203040,03b4,10,4,5,03b4,0000000000000001,54,1,0
P8D_XCHECK,965,10203040,03b5,10,1,6,03b4,0000000000000002,55,1,0
P8D_XCHECK,966,10203040,03b6,10,6,7,03b4,0000000000000004,56,0,0
P8D_XCHECK,967,10203040,03b7,10,3,8,03b4,0000000000000008,57,1,0
P8D_XCHECK,968,10203040,03b8,10,1,1,03b8,0000000000000001,58,1,0
P8D_XCHECK,969,10203040,03b9,10,6,2,03b8,0000000000000002,59,0,4
P8D_XCHECK,970,10203040,03ba,10,3,3,03b8,0000000000000004,60,1,0
P8D_XCHECK,971,10203040,03bb,10,0,4,03b8,0000000000000008,61,1,0
P8D_XCHECK,972,10203040,03bc,10,5,5,03bc,0000000000000001,62,0,0
P8D_XCHECK,973,10203040,03bd,10,2,6,03bc,0000000000000002,63,1,0
P8D_XCHECK,974,10203040,03be,10,7,7,03bc,0000000000000004,64,1,0
P8D_XCHECK,975,10203040,03bf,10,4,8,03bc,0000000000000008,0,0,0
P8D_XCHECK,976,10203040,03c0,10,2,1,03c0,0000000000000001,1,1,0
P8D_XCHECK,977,10203040,03c1,10,7,2,03c0,0000000000000002,2,1,0
P8D_XCHECK,978,10203040,03c2,10,4,3,03c0,0000000000000004,3,0,0
P8D_XCHECK,979,10203040,03c3,10,1,4,03c0,0000000000000008,4,1,0
P8D_XCHECK,980,10203040,03c4,10,6,5,03c4,0000000000000001,5,1,0
P8D_XCHECK,981,10203040,03c5,10,3,6,03c4,0000000000000002,6,0,0
P8D_XCHECK,982,10203040,03c6,10,0,7,03c4,0000000000000004,7,1,0
P8D_XCHECK,983,10203040,03c7,10,5,8,03c4,0000000000000008,8,1,0
P8D_XCHECK,984,10203040,03c8,10,3,1,03c8,0000000000000001,9,0,0
P8D_XCHECK,985,10203040,03c9,10,0,2,03c8,0000000000000002,10,1,0
P8D_XCHECK,986,10203040,03ca,10,5,3,03c8,0000000000000004,11,1,4
P8D_XCHECK,987,10203040,03cb,10,2,4,03c8,0000000000000008,12,0,0
P8D_XCHECK,988,10203040,03cc,10,7,5,03cc,0000000000000001,13,1,0
P8D_XCHECK,989,10203040,03cd,10,4,6,03cc,0000000000000002,14,1,0
P8D_XCHECK,990,10203040,03ce,10,1,7,03cc,0000000000000004,15,0,0
P8D_XCHECK,991,10203040,03cf,10,6,8,03cc,0000000000000008,16,1,0
P8D_XCHECK,992,10203040,03d0,10,4,1,03d0,0000000000000001,17,1,0
P8D_XCHECK,993,10203040,03d1,10,1,2,03d0,0000000000000002,18,0,0
P8D_XCHECK,994,10203040,03d2,10,6,3,03d0,0000000000000004,19,1,0
P8D_XCHECK,995,10203040,03d3,10,3,4,03d0,0000000000000008,20,1,0
P8D_XCHECK,996,10203040,03d4,10,0,5,03d4,0000000000000001,21,0,0
P8D_XCHECK,997,10203040,03d5,10,5,6,03d4,0000000000000002,22,1,0
P8D_XCHECK,998,10203040,03d6,10,2,7,03d4,0000000000000004,23,1,0
P8D_XCHECK,999,10203040,03d7,10,7,8,03d4,0000000000000008,24,0,0
P8D_XCHECK,1000,10203040,03d8,10,5,1,03d8,0000000000000001,25,1,0
P8D_XCHECK,1001,10203040,03d9,10,2,2,03d8,0000000000000002,26,1,0
P8D_XCHECK,1002,10203040,03da,10,7,3,03d8,0000000000000004,27,0,0
P8D_XCHECK,1003,10203040,03db,10,4,4,03d8,0000000000000008,28,1,4
P8D_XCHECK,1004,10203040,03dc,10,1,5,03dc,0000000000000001,29,1,0
P8D_XCHECK,1005,10203040,03dd,10,6,6,03dc,0000000000000002,30,0,0
P8D_XCHECK,1006,10203040,03de,10,3,7,03dc,0000000000000004,31,1,0
P8D_XCHECK,1007,10203040,03df,10,0,8,03dc,0000000000000008,32,1,0
P8D_XCHECK,1008,10203040,03e0,10,6,1,03e0,0000000000000001,33,0,0
P8D_XCHECK,1009,10203040,03e1,10,3,2,03e0,0000000000000002,34,1,0
P8D_XCHECK,1010,10203040,03e2,10,0,3,03e0,0000000000000004,35,1,0
P8D_XCHECK,1011,10203040,03e3,10,5,4,03e0,0000000000000008,36,0,0
P8D_XCHECK,1012,10203040,03e4,10,2,5,03e4,0000000000000001,37,1,0
P8D_XCHECK,1013,10203040,03e5,10,7,6,03e4,0000000000000002,38,1,0
P8D_XCHECK,1014,10203040,03e6,10,4,7,03e4,0000000000000004,39,0,0
P8D_XCHECK,1015,10203040,03e7,10,1,8,03e4,0000000000000008,40,1,0
P8D_XCHECK,1016,10203040,03e8,10,7,1,03e8,0000000000000001,41,1,0
P8D_XCHECK,1017,10203040,03e9,10,4,2,03e8,0000000000000002,42,0,0
P8D_XCHECK,1018,10203040,03ea,10,1,3,03e8,0000000000000004,43,1,0
P8D_XCHECK,1019,10203040,03eb,10,6,4,03e8,0000000000000008,44,1,0
P8D_XCHECK,1020,10203040,03ec,10,3,5,03ec,0000000000000001,45,0,4
P8D_XCHECK,1021,10203040,03ed,10,0,6,03ec,0000000000000002,46,1,0
P8D_XCHECK,1022,10203040,03ee,10,5,7,03ec,0000000000000004,47,1,0
P8D_XCHECK,1023,10203040,03ef,10,2,8,03ec,0000000000000008,48,0,0
P8D_XCHECK,1024,10203040,03f0,11,0,1,03f0,0000000000000001,49,1,0
P8D_XCHECK,1025,10203040,03f1,11,5,2,03f0,0000000000000002,50,1,0
P8D_XCHECK,1026,10203040,03f2,11,2,3,03f0,0000000000000004,51,0,0
P8D_XCHECK,1027,10203040,03f3,11,7,4,03f0,0000000000000008,52,1,0
P8D_XCHECK,1028,10203040,03f4,11,4,5,03f4,0000000000000001,53,1,0
P8D_XCHECK,1029,10203040,03f5,11,1,6,03f4,0000000000000002,54,0,0
P8D_XCHECK,1030,10203040,03f6,11,6,7,03f4,0000000000000004,55,1,0
P8D_XCHECK,1031,10203040,03f7,11,3,8,03f4,0000000000000008,56,1,0
P8D_XCHECK,1032,10203040,03f8,11,1,1,03f8,0000000000000001,57,0,0
P8D_XCHECK,1033,10203040,03f9,11,6,2,03f8,0000000000000002,58,1,0
P8D_XCHECK,1034,10203040,03fa,11,3,3,03f8,0000000000000004,59,1,0
P8D_XCHECK,1035,10203040,03fb,11,0,4,03f8,0000000000000008,60,0,0
P8D_XCHECK,1036,10203040,03fc,11,5,5,03fc,0000000000000001,61,1,0
P8D_XCHECK,1037,10203040,03fd,11,2,6,03fc,0000000000000002,62,1,4
P8D_XCHECK,1038,10203040,03fe,11,7,7,03fc,0000000000000004,63,0,0
P8D_XCHECK,1039,10203040,03ff,11,4,8,03fc,0000000000000008,64,1,0
P8D_XCHECK,1040,10203040,0400,11,2,1,0400,0000000000000001,0,1,0
P8D_XCHECK,1041,10203040,0401,11,7,2,0400,0000000000000002,1,0,0
P8D_XCHECK,1042,10203040,0402,11,4,3,0400,0000000000000004,2,1,0
P8D_XCHECK,1043,10203040,0403,11,1,4,0400,0000000000000008,3,1,0
P8D_XCHECK,1044,10203040,0404,11,6,5,0404,0000000000000001,4,0,0
P8D_XCHECK,1045,10203040,0405,11,3,6,0404,0000000000000002,5,1,0
P8D_XCHECK,1046,10203040,0406,11,0,7,0404,0000000000000004,6,1,0
P8D_XCHECK,1047,10203040,0407,11,5,8,0404,0000000000000008,7,0,0
P8D_XCHECK,1048,10203040,0408,11,3,1,0408,0000000000000001,8,1,0
P8D_XCHECK,1049,10203040,0409,11,0,2,0408,0000000000000002,9,1,0
P8D_XCHECK,1050,10203040,040a,11,5,3,0408,0000000000000004,10,0,0
P8D_XCHECK,1051,10203040,040b,11,2,4,0408,0000000000000008,11,1,0
P8D_XCHECK,1052,10203040,040c,11,7,5,040c,0000000000000001,12,1,0
P8D_XCHECK,1053,10203040,040d,11,4,6,040c,0000000000000002,13,0,0
P8D_XCHECK,1054,10203040,040e,11,1,7,040c,0000000000000004,14,1,4
P8D_XCHECK,1055,10203040,040f,11,6,8,040c,0000000000000008,15,1,0
P8D_XCHECK,1056,10203040,0410,11,4,1,0410,0000000000000001,16,0,0
P8D_XCHECK,1057,10203040,0411,11,1,2,0410,0000000000000002,17,1,0
P8D_XCHECK,1058,10203040,0412,11,6,3,0410,0000000000000004,18,1,0
P8D_XCHECK,1059,10203040,0413,11,3,4,0410,0000000000000008,19,0,0
P8D_XCHECK,1060,10203040,0414,11,0,5,0414,0000000000000001,20,1,0
P8D_XCHECK,1061,10203040,0415,11,5,6,0414,0000000000000002,21,1,0
P8D_XCHECK,1062,10203040,0416,11,2,7,0414,0000000000000004,22,0,0
P8D_XCHECK,1063,10203040,0417,11,7,8,0414,0000000000000008,23,1,0
P8D_XCHECK,1064,10203040,0418,11,5,1,0418,0000000000000001,24,1,0
P8D_XCHECK,1065,10203040,0419,11,2,2,0418,0000000000000002,25,0,0
P8D_XCHECK,1066,10203040,041a,11,7,3,0418,0000000000000004,26,1,0
P8D_XCHECK,1067,10203040,041b,11,4,4,0418,0000000000000008,27,1,0
P8D_XCHECK,1068,10203040,041c,11,1,5,041c,0000000000000001,28,0,0
P8D_XCHECK,1069,10203040,041d,11,6,6,041c,0000000000000002,29,1,0
P8D_XCHECK,1070,10203040,041e,11,3,7,041c,0000000000000004,30,1,0
P8D_XCHECK,1071,10203040,041f,11,0,8,041c,0000000000000008,31,0,4
P8D_XCHECK,1072,10203040,0420,11,6,1,0420,0000000000000001,32,1,0
P8D_XCHECK,1073,10203040,0421,11,3,2,0420,0000000000000002,33,1,0
P8D_XCHECK,1074,10203040,0422,11,0,3,0420,0000000000000004,34,0,0
P8D_XCHECK,1075,10203040,0423,11,5,4,0420,0000000000000008,35,1,0
P8D_XCHECK,1076,10203040,0424,11,2,5,0424,0000000000000001,36,1,0
P8D_XCHECK,1077,10203040,0425,11,7,6,0424,0000000000000002,37,0,0
P8D_XCHECK,1078,10203040,0426,11,4,7,0424,0000000000000004,38,1,0
P8D_XCHECK,1079,10203040,0427,11,1,8,0424,0000000000000008,39,1,0
P8D_XCHECK,1080,10203040,0428,11,7,1,0428,0000000000000001,40,0,0
P8D_XCHECK,1081,10203040,0429,11,4,2,0428,0000000000000002,41,1,0
P8D_XCHECK,1082,10203040,042a,11,1,3,0428,0000000000000004,42,1,0
P8D_XCHECK,1083,10203040,042b,11,6,4,0428,0000000000000008,43,0,0
P8D_XCHECK,1084,10203040,042c,11,3,5,042c,0000000000000001,44,1,0
P8D_XCHECK,1085,10203040,042d,11,0,6,042c,0000000000000002,45,1,0
P8D_XCHECK,1086,10203040,042e,11,5,7,042c,0000000000000004,46,0,0
P8D_XCHECK,1087,10203040,042f,11,2,8,042c,0000000000000008,47,1,0
P8D_XCHECK,1088,10203040,0430,11,0,1,0430,0000000000000001,48,1,4
P8D_XCHECK,1089,10203040,0431,11,5,2,0430,0000000000000002,49,0,0
P8D_XCHECK,1090,10203040,0432,11,2,3,0430,0000000000000004,50,1,0
P8D_XCHECK,1091,10203040,0433,11,7,4,0430,0000000000000008,51,1,0
P8D_XCHECK,1092,10203040,0434,11,4,5,0434,0000000000000001,52,0,0
P8D_XCHECK,1093,10203040,0435,11,1,6,0434,0000000000000002,53,1,0
P8D_XCHECK,1094,10203040,0436,11,6,7,0434,0000000000000004,54,1,0
P8D_XCHECK,1095,10203040,0437,11,3,8,0434,0000000000000008,55,0,0
P8D_XCHECK,1096,10203040,0438,11,1,1,0438,0000000000000001,56,1,0
P8D_XCHECK,1097,10203040,0439,11,6,2,0438,0000000000000002,57,1,0
P8D_XCHECK,1098,10203040,043a,11,3,3,0438,0000000000000004,58,0,0
P8D_XCHECK,1099,10203040,043b,11,0,4,0438,0000000000000008,59,1,0
P8D_XCHECK,1100,10203040,043c,11,5,5,043c,0000000000000001,60,1,0
P8D_XCHECK,1101,10203040,043d,11,2,6,043c,0000000000000002,61,0,0
P8D_XCHECK,1102,10203040,043e,11,7,7,043c,0000000000000004,62,1,0
P8D_XCHECK,1103,10203040,043f,11,4,8,043c,0000000000000008,63,1,0
P8D_XCHECK,1104,10203040,0440,11,2,1,0440,0000000000000001,64,0,0
P8D_XCHECK,1105,10203040,0441,11,7,2,0440,0000000000000002,0,1,4
P8D_XCHECK,1106,10203040,0442,11,4,3,0440,0000000000000004,1,1,0
P8D_XCHECK,1107,10203040,0443,11,1,4,0440,0000000000000008,2,0,0
P8D_XCHECK,1108,10203040,0444,11,6,5,0444,0000000000000001,3,1,0
P8D_XCHECK,1109,10203040,0445,11,3,6,0444,0000000000000002,4,1,0
P8D_XCHECK,1110,10203040,0446,11,0,7,0444,0000000000000004,5,0,0
P8D_XCHECK,1111,10203040,0447,11,5,8,0444,0000000000000008,6,1,0
P8D_XCHECK,1112,10203040,0448,11,3,1,0448,0000000000000001,7,1,0
P8D_XCHECK,1113,10203040,0449,11,0,2,0448,0000000000000002,8,0,0
P8D_XCHECK,1114,10203040,044a,11,5,3,0448,0000000000000004,9,1,0
P8D_XCHECK,1115,10203040,044b,11,2,4,0448,0000000000000008,10,1,0
P8D_XCHECK,1116,10203040,044c,11,7,5,044c,0000000000000001,11,0,0
P8D_XCHECK,1117,10203040,044d,11,4,6,044c,0000000000000002,12,1,0
P8D_XCHECK,1118,10203040,044e,11,1,7,044c,0000000000000004,13,1,0
P8D_XCHECK,1119,10203040,044f,11,6,8,044c,0000000000000008,14,0,0
P8D_XCHECK,1120,10203040,0450,11,4,1,0450,0000000000000001,15,1,0
P8D_XCHECK,1121,10203040,0451,11,1,2,0450,0000000000000002,16,1,0
P8D_XCHECK,1122,10203040,0452,11,6,3,0450,0000000000000004,17,0,4
P8D_XCHECK,1123,10203040,0453,11,3,4,0450,0000000000000008,18,1,0
P8D_XCHECK,1124,10203040,0454,11,0,5,0454,0000000000000001,19,1,0
P8D_XCHECK,1125,10203040,0455,11,5,6,0454,0000000000000002,20,0,0
P8D_XCHECK,1126,10203040,0456,11,2,7,0454,0000000000000004,21,1,0
P8D_XCHECK,1127,10203040,0457,11,7,8,0454,0000000000000008,22,1,0
P8D_XCHECK,1128,10203040,0458,11,5,1,0458,0000000000000001,23,0,0
P8D_XCHECK,1129,10203040,0459,11,2,2,0458,0000000000000002,24,1,0
P8D_XCHECK,1130,10203040,045a,11,7,3,0458,0000000000000004,25,1,0
P8D_XCHECK,1131,10203040,045b,11,4,4,0458,0000000000000008,26,0,0
P8D_XCHECK,1132,10203040,045c,11,1,5,045c,0000000000000001,27,1,0
P8D_XCHECK,1133,10203040,045d,11,6,6,045c,0000000000000002,28,1,0
P8D_XCHECK,1134,10203040,045e,11,3,7,045c,0000000000000004,29,0,0
P8D_XCHECK,1135,10203040,045f,11,0,8,045c,0000000000000008,30,1,0
P8D_XCHECK,1136,10203040,0460,11,6,1,0460,0000000000000001,31,1,0
P8D_XCHECK,1137,10203040,0461,11,3,2,0460,0000000000000002,32,0,0
P8D_XCHECK,1138,10203040,0462,11,0,3,0460,0000000000000004,33,1,0
P8D_XCHECK,1139,10203040,0463,11,5,4,0460,0000000000000008,34,1,4
P8D_XCHECK,1140,10203040,0464,11,2,5,0464,0000000000000001,35,0,0
P8D_XCHECK,1141,10203040,0465,11,7,6,0464,0000000000000002,36,1,0
P8D_XCHECK,1142,10203040,0466,11,4,7,0464,0000000000000004,37,1,0
P8D_XCHECK,1143,10203040,0467,11,1,8,0464,0000000000000008,38,0,0
P8D_XCHECK,1144,10203040,0468,11,7,1,0468,0000000000000001,39,1,0
P8D_XCHECK,1145,10203040,0469,11,4,2,0468,0000000000000002,40,1,0
P8D_XCHECK,1146,10203040,046a,11,1,3,0468,0000000000000004,41,0,0
P8D_XCHECK,1147,10203040,046b,11,6,4,0468,0000000000000008,42,1,0
P8D_XCHECK,1148,10203040,046c,11,3,5,046c,0000000000000001,43,1,0
P8D_XCHECK,1149,10203040,046d,11,0,6,046c,0000000000000002,44,0,0
P8D_XCHECK,1150,10203040,046e,11,5,7,046c,0000000000000004,45,1,0
P8D_XCHECK,1151,10203040,046f,11,2,8,046c,0000000000000008,46,1,0
P8D_XCHECK,1152,10203040,0470,11,0,1,0470,0000000000000001,47,0,0
P8D_XCHECK,1153,10203040,0471,11,5,2,0470,0000000000000002,48,1,0
P8D_XCHECK,1154,10203040,0472,11,2,3,0470,0000000000000004,49,1,0
P8D_XCHECK,1155,10203040,0473,11,7,4,0470,0000000000000008,50,0,0
P8D_XCHECK,1156,10203040,0474,11,4,5,0474,0000000000000001,51,1,4
P8D_XCHECK,1157,10203040,0475,11,1,6,0474,0000000000000002,52,1,0
P8D_XCHECK,1158,10203040,0476,11,6,7,0474,0000000000000004,53,0,0
P8D_XCHECK,1159,10203040,0477,11,3,8,0474,0000000000000008,54,1,0
P8D_XCHECK,1160,10203040,0478,11,1,1,0478,0000000000000001,55,1,0
P8D_XCHECK,1161,10203040,0479,11,6,2,0478,0000000000000002,56,0,0
P8D_XCHECK,1162,10203040,047a,11,3,3,0478,0000000000000004,57,1,0
P8D_XCHECK,1163,10203040,047b,11,0,4,0478,0000000000000008,58,1,0
P8D_XCHECK,1164,10203040,047c,11,5,5,047c,0000000000000001,59,0,0
P8D_XCHECK,1165,10203040,047d,11,2,6,047c,0000000000000002,60,1,0
P8D_XCHECK,1166,10203040,047e,11,7,7,047c,0000000000000004,61,1,0
P8D_XCHECK,1167,10203040,047f,11,4,8,047c,0000000000000008,62,0,0
P8D_XCHECK,1168,10203040,0480,11,2,1,0480,0000000000000001,63,1,0
P8D_XCHECK,1169,10203040,0481,11,7,2,0480,0000000000000002,64,1,0
P8D_XCHECK,1170,10203040,0482,11,4,3,0480,0000000000000004,0,0,0
P8D_XCHECK,1171,10203040,0483,11,1,4,0480,0000000000000008,1,1,0
P8D_XCHECK,1172,10203040,0484,11,6,5,0484,0000000000000001,2,1,0
P8D_XCHECK,1173,10203040,0485,11,3,6,0484,0000000000000002,3,0,4
P8D_XCHECK,1174,10203040,0486,11,0,7,0484,0000000000000004,4,1,0
P8D_XCHECK,1175,10203040,0487,11,5,8,0484,0000000000000008,5,1,0
P8D_XCHECK,1176,10203040,0488,11,3,1,0488,0000000000000001,6,0,0
P8D_XCHECK,1177,10203040,0489,11,0,2,0488,0000000000000002,7,1,0
P8D_XCHECK,1178,10203040,048a,11,5,3,0488,0000000000000004,8,1,0
P8D_XCHECK,1179,10203040,048b,11,2,4,0488,0000000000000008,9,0,0
P8D_XCHECK,1180,10203040,048c,11,7,5,048c,0000000000000001,10,1,0
P8D_XCHECK,1181,10203040,048d,11,4,6,048c,0000000000000002,11,1,0
P8D_XCHECK,1182,10203040,048e,11,1,7,048c,0000000000000004,12,0,0
P8D_XCHECK,1183,10203040,048f,11,6,8,048c,0000000000000008,13,1,0
P8D_XCHECK,1184,10203040,0490,11,4,1,0490,0000000000000001,14,1,0
P8D_XCHECK,1185,10203040,0491,11,1,2,0490,0000000000000002,15,0,0
P8D_XCHECK,1186,10203040,0492,11,6,3,0490,0000000000000004,16,1,0
P8D_XCHECK,1187,10203040,0493,11,3,4,0490,0000000000000008,17,1,0
P8D_XCHECK,1188,10203040,0494,11,0,5,0494,0000000000000001,18,0,0
P8D_XCHECK,1189,10203040,0495,11,5,6,0494,0000000000000002,19,1,0
P8D_XCHECK,1190,10203040,0496,11,2,7,0494,0000000000000004,20,1,4
P8D_XCHECK,1191,10203040,0497,11,7,8,0494,0000000000000008,21,0,0
P8D_XCHECK,1192,10203040,0498,11,5,1,0498,0000000000000001,22,1,0
P8D_XCHECK,1193,10203040,0499,11,2,2,0498,0000000000000002,23,1,0
P8D_XCHECK,1194,10203040,049a,11,7,3,0498,0000000000000004,24,0,0
P8D_XCHECK,1195,10203040,049b,11,4,4,0498,0000000000000008,25,1,0
P8D_XCHECK,1196,10203040,049c,11,1,5,049c,0000000000000001,26,1,0
P8D_XCHECK,1197,10203040,049d,11,6,6,049c,0000000000000002,27,0,0
P8D_XCHECK,1198,10203040,049e,11,3,7,049c,0000000000000004,28,1,0
P8D_XCHECK,1199,10203040,049f,11,0,8,049c,0000000000000008,29,1,0
P8D_XCHECK,1200,10203040,04a0,11,6,1,04a0,0000000000000001,30,0,0
P8D_XCHECK,1201,10203040,04a1,11,3,2,04a0,0000000000000002,31,1,0
P8D_XCHECK,1202,10203040,04a2,11,0,3,04a0,0000000000000004,32,1,0
P8D_XCHECK,1203,10203040,04a3,11,5,4,04a0,0000000000000008,33,0,0
P8D_XCHECK,1204,10203040,04a4,11,2,5,04a4,0000000000000001,34,1,0
P8D_XCHECK,1205,10203040,04a5,11,7,6,04a4,0000000000000002,35,1,0
P8D_XCHECK,1206,10203040,04a6,11,4,7,04a4,0000000000000004,36,0,0
P8D_XCHECK,1207,10203040,04a7,11,1,8,04a4,0000000000000008,37,1,4
P8D_XCHECK,1208,10203040,04a8,11,7,1,04a8,0000000000000001,38,1,0
P8D_XCHECK,1209,10203040,04a9,11,4,2,04a8,0000000000000002,39,0,0
P8D_XCHECK,1210,10203040,04aa,11,1,3,04a8,0000000000000004,40,1,0
P8D_XCHECK,1211,10203040,04ab,11,6,4,04a8,0000000000000008,41,1,0
P8D_XCHECK,1212,10203040,04ac,11,3,5,04ac,0000000000000001,42,0,0
P8D_XCHECK,1213,10203040,04ad,11,0,6,04ac,0000000000000002,43,1,0
P8D_XCHECK,1214,10203040,04ae,11,5,7,04ac,0000000000000004,44,1,0
P8D_XCHECK,1215,10203040,04af,11,2,8,04ac,0000000000000008,45,0,0
P8D_XCHECK,1216,10203040,04b0,11,0,1,04b0,0000000000000001,46,1,0
P8D_XCHECK,1217,10203040,04b1,11,5,2,04b0,0000000000000002,47,1,0
P8D_XCHECK,1218,10203040,04b2,11,2,3,04b0,0000000000000004,48,0,0
P8D_XCHECK,1219,10203040,04b3,11,7,4,04b0,0000000000000008,49,1,0
P8D_XCHECK,1220,10203040,04b4,11,4,5,04b4,0000000000000001,50,1,0
P8D_XCHECK,1221,10203040,04b5,11,1,6,04b4,0000000000000002,51,0,0
P8D_XCHECK,1222,10203040,04b6,11,6,7,04b4,0000000000000004,52,1,0
P8D_XCHECK,1223,10203040,04b7,11,3,8,04b4,0000000000000008,53,1,0
P8D_XCHECK,1224,10203040,04b8,11,1,1,04b8,0000000000000001,54,0,4
P8D_XCHECK,1225,10203040,04b9,11,6,2,04b8,0000000000000002,55,1,0
P8D_XCHECK,1226,10203040,04ba,11,3,3,04b8,0000000000000004,56,1,0
P8D_XCHECK,1227,10203040,04bb,11,0,4,04b8,0000000000000008,57,0,0
P8D_XCHECK,1228,10203040,04bc,11,5,5,04bc,0000000000000001,58,1,0
P8D_XCHECK,1229,10203040,04bd,11,2,6,04bc,0000000000000002,59,1,0
P8D_XCHECK,1230,10203040,04be,11,7,7,04bc,0000000000000004,60,0,0
P8D_XCHECK,1231,10203040,04bf,11,4,8,04bc,0000000000000008,61,1,0
P8D_XCHECK,1232,10203040,04c0,11,2,1,04c0,0000000000000001,62,1,0
P8D_XCHECK,1233,10203040,04c1,11,7,2,04c0,0000000000000002,63,0,0
P8D_XCHECK,1234,10203040,04c2,11,4,3,04c0,0000000000000004,64,1,0
P8D_XCHECK,1235,10203040,04c3,11,1,4,04c0,0000000000000008,0,1,0
P8D_XCHECK,1236,10203040,04c4,11,6,5,04c4,0000000000000001,1,0,0
P8D_XCHECK,1237,10203040,04c5,11,3,6,04c4,0000000000000002,2,1,0
P8D_XCHECK,1238,10203040,04c6,11,0,7,04c4,0000000000000004,3,1,0
P8D_XCHECK,1239,10203040,04c7,11,5,8,04c4,0000000000000008,4,0,0
P8D_XCHECK,1240,10203040,04c8,11,3,1,04c8,0000000000000001,5,1,0
P8D_XCHECK,1241,10203040,04c9,11,0,2,04c8,0000000000000002,6,1,4
P8D_XCHECK,1242,10203040,04ca,11,5,3,04c8,0000000000000004,7,0,0
P8D_XCHECK,1243,10203040,04cb,11,2,4,04c8,0000000000000008,8,1,0
P8D_XCHECK,1244,10203040,04cc,11,7,5,04cc,0000000000000001,9,1,0
P8D_XCHECK,1245,10203040,04cd,11,4,6,04cc,0000000000000002,10,0,0
P8D_XCHECK,1246,10203040,04ce,11,1,7,04cc,0000000000000004,11,1,0
P8D_XCHECK,1247,10203040,04cf,11,6,8,04cc,0000000000000008,12,1,0
P8D_XCHECK,1248,10203040,04d0,11,4,1,04d0,0000000000000001,13,0,0
P8D_XCHECK,1249,10203040,04d1,11,1,2,04d0,0000000000000002,14,1,0
P8D_XCHECK,1250,10203040,04d2,11,6,3,04d0,0000000000000004,15,1,0
P8D_XCHECK,1251,10203040,04d3,11,3,4,04d0,0000000000000008,16,0,0
P8D_XCHECK,1252,10203040,04d4,11,0,5,04d4,0000000000000001,17,1,0
P8D_XCHECK,1253,10203040,04d5,11,5,6,04d4,0000000000000002,18,1,0
P8D_XCHECK,1254,10203040,04d6,11,2,7,04d4,0000000000000004,19,0,0
P8D_XCHECK,1255,10203040,04d7,11,7,8,04d4,0000000000000008,20,1,0
P8D_XCHECK,1256,10203040,04d8,11,5,1,04d8,0000000000000001,21,1,0
P8D_XCHECK,1257,10203040,04d9,11,2,2,04d8,0000000000000002,22,0,0
P8D_XCHECK,1258,10203040,04da,11,7,3,04d8,0000000000000004,23,1,4
P8D_XCHECK,1259,10203040,04db,11,4,4,04d8,0000000000000008,24,1,0
P8D_XCHECK,1260,10203040,04dc,11,1,5,04dc,0000000000000001,25,0,0
P8D_XCHECK,1261,10203040,04dd,11,6,6,04dc,0000000000000002,26,1,0
P8D_XCHECK,1262,10203040,04de,11,3,7,04dc,0000000000000004,27,1,0
P8D_XCHECK,1263,10203040,04df,11,0,8,04dc,0000000000000008,28,0,0
P8D_XCHECK,1264,10203040,04e0,11,6,1,04e0,0000000000000001,29,1,0
P8D_XCHECK,1265,10203040,04e1,11,3,2,04e0,0000000000000002,30,1,0
P8D_XCHECK,1266,10203040,04e2,11,0,3,04e0,0000000000000004,31,0,0
P8D_XCHECK,1267,10203040,04e3,11,5,4,04e0,0000000000000008,32,1,0
P8D_XCHECK,1268,10203040,04e4,11,2,5,04e4,0000000000000001,33,1,0
P8D_XCHECK,1269,10203040,04e5,11,7,6,04e4,0000000000000002,34,0,0
P8D_XCHECK,1270,10203040,04e6,11,4,7,04e4,0000000000000004,35,1,0
P8D_XCHECK,1271,10203040,04e7,11,1,8,04e4,0000000000000008,36,1,0
P8D_XCHECK,1272,10203040,04e8,11,7,1,04e8,0000000000000001,37,0,0
P8D_XCHECK,1273,10203040,04e9,11,4,2,04e8,0000000000000002,38,1,0
P8D_XCHECK,1274,10203040,04ea,11,1,3,04e8,0000000000000004,39,1,0
P8D_XCHECK,1275,10203040,04eb,11,6,4,04e8,0000000000000008,40,0,4
P8D_XCHECK,1276,10203040,04ec,11,3,5,04ec,0000000000000001,41,1,0
P8D_XCHECK,1277,10203040,04ed,11,0,6,04ec,0000000000000002,42,1,0
P8D_XCHECK,1278,10203040,04ee,11,5,7,04ec,0000000000000004,43,0,0
P8D_XCHECK,1279,10203040,04ef,11,2,8,04ec,0000000000000008,44,1,0
P8D_XCHECK,1280,10203040,04f0,12,0,1,04f0,0000000000000001,45,1,0
P8D_XCHECK,1281,10203040,04f1,12,5,2,04f0,0000000000000002,46,0,0
P8D_XCHECK,1282,10203040,04f2,12,2,3,04f0,0000000000000004,47,1,0
P8D_XCHECK,1283,10203040,04f3,12,7,4,04f0,0000000000000008,48,1,0
P8D_XCHECK,1284,10203040,04f4,12,4,5,04f4,0000000000000001,49,0,0
P8D_XCHECK,1285,10203040,04f5,12,1,6,04f4,0000000000000002,50,1,0
P8D_XCHECK,1286,10203040,04f6,12,6,7,04f4,0000000000000004,51,1,0
P8D_XCHECK,1287,10203040,04f7,12,3,8,04f4,0000000000000008,52,0,0
P8D_XCHECK,1288,10203040,04f8,12,1,1,04f8,0000000000000001,53,1,0
P8D_XCHECK,1289,10203040,04f9,12,6,2,04f8,0000000000000002,54,1,0
P8D_XCHECK,1290,10203040,04fa,12,3,3,04f8,0000000000000004,55,0,0
P8D_XCHECK,1291,10203040,04fb,12,0,4,04f8,0000000000000008,56,1,0
P8D_XCHECK,1292,10203040,04fc,12,5,5,04fc,0000000000000001,57,1,4
P8D_XCHECK,1293,10203040,04fd,12,2,6,04fc,0000000000000002,58,0,0
P8D_XCHECK,1294,10203040,04fe,12,7,7,04fc,0000000000000004,59,1,0
P8D_XCHECK,1295,10203040,04ff,12,4,8,04fc,0000000000000008,60,1,0
P8D_XCHECK,1296,10203040,0500,12,2,1,0500,0000000000000001,61,0,0
P8D_XCHECK,1297,10203040,0501,12,7,2,0500,0000000000000002,62,1,0
P8D_XCHECK,1298,10203040,0502,12,4,3,0500,0000000000000004,63,1,0
P8D_XCHECK,1299,10203040,0503,12,1,4,0500,0000000000000008,64,0,0
P8D_XCHECK,1300,10203040,0504,12,6,5,0504,0000000000000001,0,1,0
P8D_XCHECK,1301,10203040,0505,12,3,6,0504,0000000000000002,1,1,0
P8D_XCHECK,1302,10203040,0506,12,0,7,0504,0000000000000004,2,0,0
P8D_XCHECK,1303,10203040,0507,12,5,8,0504,0000000000000008,3,1,0
P8D_XCHECK,1304,10203040,0508,12,3,1,0508,0000000000000001,4,1,0
P8D_XCHECK,1305,10203040,0509,12,0,2,0508,0000000000000002,5,0,0
P8D_XCHECK,1306,10203040,050a,12,5,3,0508,0000000000000004,6,1,0
P8D_XCHECK,1307,10203040,050b,12,2,4,0508,0000000000000008,7,1,0
P8D_XCHECK,1308,10203040,050c,12,7,5,050c,0000000000000001,8,0,0
P8D_XCHECK,1309,10203040,050d,12,4,6,050c,0000000000000002,9,1,4
P8D_XCHECK,1310,10203040,050e,12,1,7,050c,0000000000000004,10,1,0
P8D_XCHECK,1311,10203040,050f,12,6,8,050c,0000000000000008,11,0,0
P8D_XCHECK,1312,10203040,0510,12,4,1,0510,0000000000000001,12,1,0
P8D_XCHECK,1313,10203040,0511,12,1,2,0510,0000000000000002,13,1,0
P8D_XCHECK,1314,10203040,0512,12,6,3,0510,0000000000000004,14,0,0
P8D_XCHECK,1315,10203040,0513,12,3,4,0510,0000000000000008,15,1,0
P8D_XCHECK,1316,10203040,0514,12,0,5,0514,0000000000000001,16,1,0
P8D_XCHECK,1317,10203040,0515,12,5,6,0514,0000000000000002,17,0,0
P8D_XCHECK,1318,10203040,0516,12,2,7,0514,0000000000000004,18,1,0
P8D_XCHECK,1319,10203040,0517,12,7,8,0514,0000000000000008,19,1,0
P8D_XCHECK,1320,10203040,0518,12,5,1,0518,0000000000000001,20,0,0
P8D_XCHECK,1321,10203040,0519,12,2,2,0518,0000000000000002,21,1,0
P8D_XCHECK,1322,10203040,051a,12,7,3,0518,0000000000000004,22,1,0
P8D_XCHECK,1323,10203040,051b,12,4,4,0518,0000000000000008,23,0,0
P8D_XCHECK,1324,10203040,051c,12,1,5,051c,0000000000000001,24,1,0
P8D_XCHECK,1325,10203040,051d,12,6,6,051c,0000000000000002,25,1,0
P8D_XCHECK,1326,10203040,051e,12,3,7,051c,0000000000000004,26,0,4
P8D_XCHECK,1327,10203040,051f,12,0,8,051c,0000000000000008,27,1,0
P8D_XCHECK,1328,10203040,0520,12,6,1,0520,0000000000000001,28,1,0
P8D_XCHECK,1329,10203040,0521,12,3,2,0520,0000000000000002,29,0,0
P8D_XCHECK,1330,10203040,0522,12,0,3,0520,0000000000000004,30,1,0
P8D_XCHECK,1331,10203040,0523,12,5,4,0520,0000000000000008,31,1,0
P8D_XCHECK,1332,10203040,0524,12,2,5,0524,0000000000000001,32,0,0
P8D_XCHECK,1333,10203040,0525,12,7,6,0524,0000000000000002,33,1,0
P8D_XCHECK,1334,10203040,0526,12,4,7,0524,0000000000000004,34,1,0
P8D_XCHECK,1335,10203040,0527,12,1,8,0524,0000000000000008,35,0,0
P8D_XCHECK,1336,10203040,0528,12,7,1,0528,0000000000000001,36,1,0
P8D_XCHECK,1337,10203040,0529,12,4,2,0528,0000000000000002,37,1,0
P8D_XCHECK,1338,10203040,052a,12,1,3,0528,0000000000000004,38,0,0
P8D_XCHECK,1339,10203040,052b,12,6,4,0528,0000000000000008,39,1,0
P8D_XCHECK,1340,10203040,052c,12,3,5,052c,0000000000000001,40,1,0
P8D_XCHECK,1341,10203040,052d,12,0,6,052c,0000000000000002,41,0,0
P8D_XCHECK,1342,10203040,052e,12,5,7,052c,0000000000000004,42,1,0
P8D_XCHECK,1343,10203040,052f,12,2,8,052c,0000000000000008,43,1,4
P8D_XCHECK,1344,10203040,0530,12,0,1,0530,0000000000000001,44,0,0
P8D_XCHECK,1345,10203040,0531,12,5,2,0530,0000000000000002,45,1,0
P8D_XCHECK,1346,10203040,0532,12,2,3,0530,0000000000000004,46,1,0
P8D_XCHECK,1347,10203040,0533,12,7,4,0530,0000000000000008,47,0,0
P8D_XCHECK,1348,10203040,0534,12,4,5,0534,0000000000000001,48,1,0
P8D_XCHECK,1349,10203040,0535,12,1,6,0534,0000000000000002,49,1,0
P8D_XCHECK,1350,10203040,0536,12,6,7,0534,0000000000000004,50,0,0
P8D_XCHECK,1351,10203040,0537,12,3,8,0534,0000000000000008,51,1,0
P8D_XCHECK,1352,10203040,0538,12,1,1,0538,0000000000000001,52,1,0
P8D_XCHECK,1353,10203040,0539,12,6,2,0538,0000000000000002,53,0,0
P8D_XCHECK,1354,10203040,053a,12,3,3,0538,0000000000000004,54,1,0
P8D_XCHECK,1355,10203040,053b,12,0,4,0538,0000000000000008,55,1,0
P8D_XCHECK,1356,10203040,053c,12,5,5,053c,0000000000000001,56,0,0
P8D_XCHECK,1357,10203040,053d,12,2,6,053c,0000000000000002,57,1,0
P8D_XCHECK,1358,10203040,053e,12,7,7,053c,0000000000000004,58,1,0
P8D_XCHECK,1359,10203040,053f,12,4,8,053c,0000000000000008,59,0,0
P8D_XCHECK,1360,10203040,0540,12,2,1,0540,0000000000000001,60,1,4
P8D_XCHECK,1361,10203040,0541,12,7,2,0540,0000000000000002,61,1,0
P8D_XCHECK,1362,10203040,0542,12,4,3,0540,0000000000000004,62,0,0
P8D_XCHECK,1363,10203040,0543,12,1,4,0540,0000000000000008,63,1,0
P8D_XCHECK,1364,10203040,0544,12,6,5,0544,0000000000000001,64,1,0
P8D_XCHECK,1365,10203040,0545,12,3,6,0544,0000000000000002,0,0,0
P8D_XCHECK,1366,10203040,0546,12,0,7,0544,0000000000000004,1,1,0
P8D_XCHECK,1367,10203040,0547,12,5,8,0544,0000000000000008,2,1,0
P8D_XCHECK,1368,10203040,0548,12,3,1,0548,0000000000000001,3,0,0
P8D_XCHECK,1369,10203040,0549,12,0,2,0548,0000000000000002,4,1,0
P8D_XCHECK,1370,10203040,054a,12,5,3,0548,0000000000000004,5,1,0
P8D_XCHECK,1371,10203040,054b,12,2,4,0548,0000000000000008,6,0,0
P8D_XCHECK,1372,10203040,054c,12,7,5,054c,0000000000000001,7,1,0
P8D_XCHECK,1373,10203040,054d,12,4,6,054c,0000000000000002,8,1,0
P8D_XCHECK,1374,10203040,054e,12,1,7,054c,0000000000000004,9,0,0
P8D_XCHECK,1375,10203040,054f,12,6,8,054c,0000000000000008,10,1,0
P8D_XCHECK,1376,10203040,0550,12,4,1,0550,0000000000000001,11,1,0
P8D_XCHECK,1377,10203040,0551,12,1,2,0550,0000000000000002,12,0,4
P8D_XCHECK,1378,10203040,0552,12,6,3,0550,0000000000000004,13,1,0
P8D_XCHECK,1379,10203040,0553,12,3,4,0550,0000000000000008,14,1,0
P8D_XCHECK,1380,10203040,0554,12,0,5,0554,0000000000000001,15,0,0
P8D_XCHECK,1381,10203040,0555,12,5,6,0554,0000000000000002,16,1,0
P8D_XCHECK,1382,10203040,0556,12,2,7,0554,0000000000000004,17,1,0
P8D_XCHECK,1383,10203040,0557,12,7,8,0554,0000000000000008,18,0,0
P8D_XCHECK,1384,10203040,0558,12,5,1,0558,0000000000000001,19,1,0
P8D_XCHECK,1385,10203040,0559,12,2,2,0558,0000000000000002,20,1,0
P8D_XCHECK,1386,10203040,055a,12,7,3,0558,0000000000000004,21,0,0
P8D_XCHECK,1387,10203040,055b,12,4,4,0558,0000000000000008,22,1,0
P8D_XCHECK,1388,10203040,055c,12,1,5,055c,0000000000000001,23,1,0
P8D_XCHECK,1389,10203040,055d,12,6,6,055c,0000000000000002,24,0,0
P8D_XCHECK,1390,10203040,055e,12,3,7,055c,0000000000000004,25,1,0
P8D_XCHECK,1391,10203040,055f,12,0,8,055c,0000000000000008,26,1,0
P8D_XCHECK,1392,10203040,0560,12,6,1,0560,0000000000000001,27,0,0
P8D_XCHECK,1393,10203040,0561,12,3,2,0560,0000000000000002,28,1,0
P8D_XCHECK,1394,10203040,0562,12,0,3,0560,0000000000000004,29,1,4
P8D_XCHECK,1395,10203040,0563,12,5,4,0560,0000000000000008,30,0,0
P8D_XCHECK,1396,10203040,0564,12,2,5,0564,0000000000000001,31,1,0
P8D_XCHECK,1397,10203040,0565,12,7,6,0564,0000000000000002,32,1,0
P8D_XCHECK,1398,10203040,0566,12,4,7,0564,0000000000000004,33,0,0
P8D_XCHECK,1399,10203040,0567,12,1,8,0564,0000000000000008,34,1,0
P8D_XCHECK,1400,10203040,0568,12,7,1,0568,0000000000000001,35,1,0
P8D_XCHECK,1401,10203040,0569,12,4,2,0568,0000000000000002,36,0,0
P8D_XCHECK,1402,10203040,056a,12,1,3,0568,0000000000000004,37,1,0
P8D_XCHECK,1403,10203040,056b,12,6,4,0568,0000000000000008,38,1,0
P8D_XCHECK,1404,10203040,056c,12,3,5,056c,0000000000000001,39,0,0
P8D_XCHECK,1405,10203040,056d,12,0,6,056c,0000000000000002,40,1,0
P8D_XCHECK,1406,10203040,056e,12,5,7,056c,0000000000000004,41,1,0
P8D_XCHECK,1407,10203040,056f,12,2,8,056c,0000000000000008,42,0,0
P8D_XCHECK,1408,10203040,0570,12,0,1,0570,0000000000000001,43,1,0
P8D_XCHECK,1409,10203040,0571,12,5,2,0570,0000000000000002,44,1,0
P8D_XCHECK,1410,10203040,0572,12,2,3,0570,0000000000000004,45,0,0
P8D_XCHECK,1411,10203040,0573,12,7,4,0570,0000000000000008,46,1,4
P8D_XCHECK,1412,10203040,0574,12,4,5,0574,0000000000000001,47,1,0
P8D_XCHECK,1413,10203040,0575,12,1,6,0574,0000000000000002,48,0,0
P8D_XCHECK,1414,10203040,0576,12,6,7,0574,0000000000000004,49,1,0
P8D_XCHECK,1415,10203040,0577,12,3,8,0574,0000000000000008,50,1,0
P8D_XCHECK,1416,10203040,0578,12,1,1,0578,0000000000000001,51,0,0
P8D_XCHECK,1417,10203040,0579,12,6,2,0578,0000000000000002,52,1,0
P8D_XCHECK,1418,10203040,057a,12,3,3,0578,0000000000000004,53,1,0
P8D_XCHECK,1419,10203040,057b,12,0,4,0578,0000000000000008,54,0,0
P8D_XCHECK,1420,10203040,057c,12,5,5,057c,0000000000000001,55,1,0
P8D_XCHECK,1421,10203040,057d,12,2,6,057c,0000000000000002,56,1,0
P8D_XCHECK,1422,10203040,057e,12,7,7,057c,0000000000000004,57,0,0
P8D_XCHECK,1423,10203040,057f,12,4,8,057c,0000000000000008,58,1,0
P8D_XCHECK,1424,10203040,0580,12,2,1,0580,0000000000000001,59,1,0
P8D_XCHECK,1425,10203040,0581,12,7,2,0580,0000000000000002,60,0,0
P8D_XCHECK,1426,10203040,0582,12,4,3,0580,0000000000000004,61,1,0
P8D_XCHECK,1427,10203040,0583,12,1,4,0580,0000000000000008,62,1,0
P8D_XCHECK,1428,10203040,0584,12,6,5,0584,0000000000000001,63,0,4
P8D_XCHECK,1429,10203040,0585,12,3,6,0584,0000000000000002,64,1,0
P8D_XCHECK,1430,10203040,0586,12,0,7,0584,0000000000000004,0,1,0
P8D_XCHECK,1431,10203040,0587,12,5,8,0584,0000000000000008,1,0,0
P8D_XCHECK,1432,10203040,0588,12,3,1,0588,0000000000000001,2,1,0
P8D_XCHECK,1433,10203040,0589,12,0,2,0588,0000000000000002,3,1,0
P8D_XCHECK,1434,10203040,058a,12,5,3,0588,0000000000000004,4,0,0
P8D_XCHECK,1435,10203040,058b,12,2,4,0588,0000000000000008,5,1,0
P8D_XCHECK,1436,10203040,058c,12,7,5,058c,0000000000000001,6,1,0
P8D_XCHECK,1437,10203040,058d,12,4,6,058c,0000000000000002,7,0,0
P8D_XCHECK,1438,10203040,058e,12,1,7,058c,0000000000000004,8,1,0
P8D_XCHECK,1439,10203040,058f,12,6,8,058c,0000000000000008,9,1,0
P8D_XCHECK,1440,10203040,0590,12,4,1,0590,0000000000000001,10,0,0
P8D_XCHECK,1441,10203040,0591,12,1,2,0590,0000000000000002,11,1,0
P8D_XCHECK,1442,10203040,0592,12,6,3,0590,0000000000000004,12,1,0
P8D_XCHECK,1443,10203040,0593,12,3,4,0590,0000000000000008,13,0,0
P8D_XCHECK,1444,10203040,0594,12,0,5,0594,0000000000000001,14,1,0
P8D_XCHECK,1445,10203040,0595,12,5,6,0594,0000000000000002,15,1,4
P8D_XCHECK,1446,10203040,0596,12,2,7,0594,0000000000000004,16,0,0
P8D_XCHECK,1447,10203040,0597,12,7,8,0594,0000000000000008,17,1,0
P8D_XCHECK,1448,10203040,0598,12,5,1,0598,0000000000000001,18,1,0
P8D_XCHECK,1449,10203040,0599,12,2,2,0598,0000000000000002,19,0,0
P8D_XCHECK,1450,10203040,059a,12,7,3,0598,0000000000000004,20,1,0
P8D_XCHECK,1451,10203040,059b,12,4,4,0598,0000000000000008,21,1,0
P8D_XCHECK,1452,10203040,059c,12,1,5,059c,0000000000000001,22,0,0
P8D_XCHECK,1453,10203040,059d,12,6,6,059c,0000000000000002,23,1,0
P8D_XCHECK,1454,10203040,059e,12,3,7,059c,0000000000000004,24,1,0
P8D_XCHECK,1455,10203040,059f,12,0,8,059c,0000000000000008,25,0,0
P8D_XCHECK,1456,10203040,05a0,12,6,1,05a0,0000000000000001,26,1,0
P8D_XCHECK,1457,10203040,05a1,12,3,2,05a0,0000000000000002,27,1,0
P8D_XCHECK,1458,10203040,05a2,12,0,3,05a0,0000000000000004,28,0,0
P8D_XCHECK,1459,10203040,05a3,12,5,4,05a0,0000000000000008,29,1,0
P8D_XCHECK,1460,10203040,05a4,12,2,5,05a4,0000000000000001,30,1,0
P8D_XCHECK,1461,10203040,05a5,12,7,6,05a4,0000000000000002,31,0,0
P8D_XCHECK,1462,10203040,05a6,12,4,7,05a4,0000000000000004,32,1,4
P8D_XCHECK,1463,10203040,05a7,12,1,8,05a4,0000000000000008,33,1,0
P8D_XCHECK,1464,10203040,05a8,12,7,1,05a8,0000000000000001,34,0,0
P8D_XCHECK,1465,10203040,05a9,12,4,2,05a8,0000000000000002,35,1,0
P8D_XCHECK,1466,10203040,05aa,12,1,3,05a8,0000000000000004,36,1,0
P8D_XCHECK,1467,10203040,05ab,12,6,4,05a8,0000000000000008,37,0,0
P8D_XCHECK,1468,10203040,05ac,12,3,5,05ac,0000000000000001,38,1,0
P8D_XCHECK,1469,10203040,05ad,12,0,6,05ac,0000000000000002,39,1,0
P8D_XCHECK,1470,10203040,05ae,12,5,7,05ac,0000000000000004,40,0,0
P8D_XCHECK,1471,10203040,05af,12,2,8,05ac,0000000000000008,41,1,0
P8D_XCHECK,1472,10203040,05b0,12,0,1,05b0,0000000000000001,42,1,0
P8D_XCHECK,1473,10203040,05b1,12,5,2,05b0,0000000000000002,43,0,0
P8D_XCHECK,1474,10203040,05b2,12,2,3,05b0,0000000000000004,44,1,0
P8D_XCHECK,1475,10203040,05b3,12,7,4,05b0,0000000000000008,45,1,0
P8D_XCHECK,1476,10203040,05b4,12,4,5,05b4,0000000000000001,46,0,0
P8D_XCHECK,1477,10203040,05b5,12,1,6,05b4,0000000000000002,47,1,0
P8D_XCHECK,1478,10203040,05b6,12,6,7,05b4,0000000000000004,48,1,0
P8D_XCHECK,1479,10203040,05b7,12,3,8,05b4,0000000000000008,49,0,4
P8D_XCHECK,1480,10203040,05b8,12,1,1,05b8,0000000000000001,50,1,0
P8D_XCHECK,1481,10203040,05b9,12,6,2,05b8,0000000000000002,51,1,0
P8D_XCHECK,1482,10203040,05ba,12,3,3,05b8,0000000000000004,52,0,0
P8D_XCHECK,1483,10203040,05bb,12,0,4,05b8,0000000000000008,53,1,0
P8D_XCHECK,1484,10203040,05bc,12,5,5,05bc,0000000000000001,54,1,0
P8D_XCHECK,1485,10203040,05bd,12,2,6,05bc,0000000000000002,55,0,0
P8D_XCHECK,1486,10203040,05be,12,7,7,05bc,0000000000000004,56,1,0
P8D_XCHECK,1487,10203040,05bf,12,4,8,05bc,0000000000000008,57,1,0
P8D_XCHECK,1488,10203040,05c0,12,2,1,05c0,0000000000000001,58,0,0
P8D_XCHECK,1489,10203040,05c1,12,7,2,05c0,0000000000000002,59,1,0
P8D_XCHECK,1490,10203040,05c2,12,4,3,05c0,0000000000000004,60,1,0
P8D_XCHECK,1491,10203040,05c3,12,1,4,05c0,0000000000000008,61,0,0
P8D_XCHECK,1492,10203040,05c4,12,6,5,05c4,0000000000000001,62,1,0
P8D_XCHECK,1493,10203040,05c5,12,3,6,05c4,0000000000000002,63,1,0
P8D_XCHECK,1494,10203040,05c6,12,0,7,05c4,0000000000000004,64,0,0
P8D_XCHECK,1495,10203040,05c7,12,5,8,05c4,0000000000000008,0,1,0
P8D_XCHECK,1496,10203040,05c8,12,3,1,05c8,0000000000000001,1,1,4
P8D_XCHECK,1497,10203040,05c9,12,0,2,05c8,0000000000000002,2,0,0
P8D_XCHECK,1498,10203040,05ca,12,5,3,05c8,0000000000000004,3,1,0
P8D_XCHECK,1499,10203040,05cb,12,2,4,05c8,0000000000000008,4,1,0
P8D_XCHECK,1500,10203040,05cc,12,7,5,05cc,0000000000000001,5,0,0
P8D_XCHECK,1501,10203040,05cd,12,4,6,05cc,0000000000000002,6,1,0
P8D_XCHECK,1502,10203040,05ce,12,1,7,05cc,0000000000000004,7,1,0
P8D_XCHECK,1503,10203040,05cf,12,6,8,05cc,0000000000000008,8,0,0
P8D_XCHECK,1504,10203040,05d0,12,4,1,05d0,0000000000000001,9,1,0
P8D_XCHECK,1505,10203040,05d1,12,1,2,05d0,0000000000000002,10,1,0
P8D_XCHECK,1506,10203040,05d2,12,6,3,05d0,0000000000000004,11,0,0
P8D_XCHECK,1507,10203040,05d3,12,3,4,05d0,0000000000000008,12,1,0
P8D_XCHECK,1508,10203040,05d4,12,0,5,05d4,0000000000000001,13,1,0
P8D_XCHECK,1509,10203040,05d5,12,5,6,05d4,0000000000000002,14,0,0
P8D_XCHECK,1510,10203040,05d6,12,2,7,05d4,0000000000000004,15,1,0
P8D_XCHECK,1511,10203040,05d7,12,7,8,05d4,0000000000000008,16,1,0
P8D_XCHECK,1512,10203040,05d8,12,5,1,05d8,0000000000000001,17,0,0
P8D_XCHECK,1513,10203040,05d9,12,2,2,05d8,0000000000000002,18,1,4
P8D_XCHECK,1514,10203040,05da,12,7,3,05d8,0000000000000004,19,1,0
P8D_XCHECK,1515,10203040,05db,12,4,4,05d8,0000000000000008,20,0,0
P8D_XCHECK,1516,10203040,05dc,12,1,5,05dc,0000000000000001,21,1,0
P8D_XCHECK,1517,10203040,05dd,12,6,6,05dc,0000000000000002,22,1,0
P8D_XCHECK,1518,10203040,05de,12,3,7,05dc,0000000000000004,23,0,0
P8D_XCHECK,1519,10203040,05df,12,0,8,05dc,0000000000000008,24,1,0
P8D_XCHECK,1520,10203040,05e0,12,6,1,05e0,0000000000000001,25,1,0
P8D_XCHECK,1521,10203040,05e1,12,3,2,05e0,0000000000000002,26,0,0
P8D_XCHECK,1522,10203040,05e2,12,0,3,05e0,0000000000000004,27,1,0
P8D_XCHECK,1523,10203040,05e3,12,5,4,05e0,0000000000000008,28,1,0
P8D_XCHECK,1524,10203040,05e4,12,2,5,05e4,0000000000000001,29,0,0
P8D_XCHECK,1525,10203040,05e5,12,7,6,05e4,0000000000000002,30,1,0
P8D_XCHECK,1526,10203040,05e6,12,4,7,05e4,0000000000000004,31,1,0
P8D_XCHECK,1527,10203040,05e7,12,1,8,05e4,0000000000000008,32,0,0
P8D_XCHECK,1528,10203040,05e8,12,7,1,05e8,0000000000000001,33,1,0
P8D_XCHECK,1529,10203040,05e9,12,4,2,05e8,0000000000000002,34,1,0
P8D_XCHECK,1530,10203040,05ea,12,1,3,05e8,0000000000000004,35,0,4
P8D_XCHECK,1531,10203040,05eb,12,6,4,05e8,0000000000000008,36,1,0
P8D_XCHECK,1532,10203040,05ec,12,3,5,05ec,0000000000000001,37,1,0
P8D_XCHECK,1533,10203040,05ed,12,0,6,05ec,0000000000000002,38,0,0
P8D_XCHECK,1534,10203040,05ee,12,5,7,05ec,0000000000000004,39,1,0
P8D_XCHECK,1535,10203040,05ef,12,2,8,05ec,0000000000000008,40,1,0
P8D_XCHECK,1536,10203040,05f0,13,0,1,05f0,0000000000000001,41,0,0
P8D_XCHECK,1537,10203040,05f1,13,5,2,05f0,0000000000000002,42,1,0
P8D_XCHECK,1538,10203040,05f2,13,2,3,05f0,0000000000000004,43,1,0
P8D_XCHECK,1539,10203040,05f3,13,7,4,05f0,0000000000000008,44,0,0
P8D_XCHECK,1540,10203040,05f4,13,4,5,05f4,0000000000000001,45,1,0
P8D_XCHECK,1541,10203040,05f5,13,1,6,05f4,0000000000000002,46,1,0
P8D_XCHECK,1542,10203040,05f6,13,6,7,05f4,0000000000000004,47,0,0
P8D_XCHECK,1543,10203040,05f7,13,3,8,05f4,0000000000000008,48,1,0
P8D_XCHECK,1544,10203040,05f8,13,1,1,05f8,0000000000000001,49,1,0
P8D_XCHECK,1545,10203040,05f9,13,6,2,05f8,0000000000000002,50,0,0
P8D_XCHECK,1546,10203040,05fa,13,3,3,05f8,0000000000000004,51,1,0
P8D_XCHECK,1547,10203040,05fb,13,0,4,05f8,0000000000000008,52,1,4
P8D_XCHECK,1548,10203040,05fc,13,5,5,05fc,0000000000000001,53,0,0
P8D_XCHECK,1549,10203040,05fd,13,2,6,05fc,0000000000000002,54,1,0
P8D_XCHECK,1550,10203040,05fe,13,7,7,05fc,0000000000000004,55,1,0
P8D_XCHECK,1551,10203040,05ff,13,4,8,05fc,0000000000000008,56,0,0
P8D_XCHECK,1552,10203040,0600,13,2,1,0600,0000000000000001,57,1,0
P8D_XCHECK,1553,10203040,0601,13,7,2,0600,0000000000000002,58,1,0
P8D_XCHECK,1554,10203040,0602,13,4,3,0600,0000000000000004,59,0,0
P8D_XCHECK,1555,10203040,0603,13,1,4,0600,0000000000000008,60,1,0
P8D_XCHECK,1556,10203040,0604,13,6,5,0604,0000000000000001,61,1,0
P8D_XCHECK,1557,10203040,0605,13,3,6,0604,0000000000000002,62,0,0
P8D_XCHECK,1558,10203040,0606,13,0,7,0604,0000000000000004,63,1,0
P8D_XCHECK,1559,10203040,0607,13,5,8,0604,0000000000000008,64,1,0
P8D_XCHECK,1560,10203040,0608,13,3,1,0608,0000000000000001,0,0,0
P8D_XCHECK,1561,10203040,0609,13,0,2,0608,0000000000000002,1,1,0
P8D_XCHECK,1562,10203040,060a,13,5,3,0608,0000000000000004,2,1,0
P8D_XCHECK,1563,10203040,060b,13,2,4,0608,0000000000000008,3,0,0
P8D_XCHECK,1564,10203040,060c,13,7,5,060c,0000000000000001,4,1,4
P8D_XCHECK,1565,10203040,060d,13,4,6,060c,0000000000000002,5,1,0
P8D_XCHECK,1566,10203040,060e,13,1,7,060c,0000000000000004,6,0,0
P8D_XCHECK,1567,10203040,060f,13,6,8,060c,0000000000000008,7,1,0
P8D_XCHECK,1568,10203040,0610,13,4,1,0610,0000000000000001,8,1,0
P8D_XCHECK,1569,10203040,0611,13,1,2,0610,0000000000000002,9,0,0
P8D_XCHECK,1570,10203040,0612,13,6,3,0610,0000000000000004,10,1,0
P8D_XCHECK,1571,10203040,0613,13,3,4,0610,0000000000000008,11,1,0
P8D_XCHECK,1572,10203040,0614,13,0,5,0614,0000000000000001,12,0,0
P8D_XCHECK,1573,10203040,0615,13,5,6,0614,0000000000000002,13,1,0
P8D_XCHECK,1574,10203040,0616,13,2,7,0614,0000000000000004,14,1,0
P8D_XCHECK,1575,10203040,0617,13,7,8,0614,0000000000000008,15,0,0
P8D_XCHECK,1576,10203040,0618,13,5,1,0618,0000000000000001,16,1,0
P8D_XCHECK,1577,10203040,0619,13,2,2,0618,0000000000000002,17,1,0
P8D_XCHECK,1578,10203040,061a,13,7,3,0618,0000000000000004,18,0,0
P8D_XCHECK,1579,10203040,061b,13,4,4,0618,0000000000000008,19,1,0
P8D_XCHECK,1580,10203040,061c,13,1,5,061c,0000000000000001,20,1,0
P8D_XCHECK,1581,10203040,061d,13,6,6,061c,0000000000000002,21,0,4
P8D_XCHECK,1582,10203040,061e,13,3,7,061c,0000000000000004,22,1,0
P8D_XCHECK,1583,10203040,061f,13,0,8,061c,0000000000000008,23,1,0
P8D_XCHECK,1584,10203040,0620,13,6,1,0620,0000000000000001,24,0,0
P8D_XCHECK,1585,10203040,0621,13,3,2,0620,0000000000000002,25,1,0
P8D_XCHECK,1586,10203040,0622,13,0,3,0620,0000000000000004,26,1,0
P8D_XCHECK,1587,10203040,0623,13,5,4,0620,0000000000000008,27,0,0
P8D_XCHECK,1588,10203040,0624,13,2,5,0624,0000000000000001,28,1,0
P8D_XCHECK,1589,10203040,0625,13,7,6,0624,0000000000000002,29,1,0
P8D_XCHECK,1590,10203040,0626,13,4,7,0624,0000000000000004,30,0,0
P8D_XCHECK,1591,10203040,0627,13,1,8,0624,0000000000000008,31,1,0
P8D_XCHECK,1592,10203040,0628,13,7,1,0628,0000000000000001,32,1,0
P8D_XCHECK,1593,10203040,0629,13,4,2,0628,0000000000000002,33,0,0
P8D_XCHECK,1594,10203040,062a,13,1,3,0628,0000000000000004,34,1,0
P8D_XCHECK,1595,10203040,062b,13,6,4,0628,0000000000000008,35,1,0
P8D_XCHECK,1596,10203040,062c,13,3,5,062c,0000000000000001,36,0,0
P8D_XCHECK,1597,10203040,062d,13,0,6,062c,0000000000000002,37,1,0
P8D_XCHECK,1598,10203040,062e,13,5,7,062c,0000000000000004,38,1,4
P8D_XCHECK,1599,10203040,062f,13,2,8,062c,0000000000000008,39,0,0
P8D_XCHECK,1600,10203040,0630,13,0,1,0630,0000000000000001,40,1,0
P8D_XCHECK,1601,10203040,0631,13,5,2,0630,0000000000000002,41,1,0
P8D_XCHECK,1602,10203040,0632,13,2,3,0630,0000000000000004,42,0,0
P8D_XCHECK,1603,10203040,0633,13,7,4,0630,0000000000000008,43,1,0
P8D_XCHECK,1604,10203040,0634,13,4,5,0634,0000000000000001,44,1,0
P8D_XCHECK,1605,10203040,0635,13,1,6,0634,0000000000000002,45,0,0
P8D_XCHECK,1606,10203040,0636,13,6,7,0634,0000000000000004,46,1,0
P8D_XCHECK,1607,10203040,0637,13,3,8,0634,0000000000000008,47,1,0
P8D_XCHECK,1608,10203040,0638,13,1,1,0638,0000000000000001,48,0,0
P8D_XCHECK,1609,10203040,0639,13,6,2,0638,0000000000000002,49,1,0
P8D_XCHECK,1610,10203040,063a,13,3,3,0638,0000000000000004,50,1,0
P8D_XCHECK,1611,10203040,063b,13,0,4,0638,0000000000000008,51,0,0
P8D_XCHECK,1612,10203040,063c,13,5,5,063c,0000000000000001,52,1,0
P8D_XCHECK,1613,10203040,063d,13,2,6,063c,0000000000000002,53,1,0
P8D_XCHECK,1614,10203040,063e,13,7,7,063c,0000000000000004,54,0,0
P8D_XCHECK,1615,10203040,063f,13,4,8,063c,0000000000000008,55,1,4
P8D_XCHECK,1616,10203040,0640,13,2,1,0640,0000000000000001,56,1,0
P8D_XCHECK,1617,10203040,0641,13,7,2,0640,0000000000000002,57,0,0
P8D_XCHECK,1618,10203040,0642,13,4,3,0640,0000000000000004,58,1,0
P8D_XCHECK,1619,10203040,0643,13,1,4,0640,0000000000000008,59,1,0
P8D_XCHECK,1620,10203040,0644,13,6,5,0644,0000000000000001,60,0,0
P8D_XCHECK,1621,10203040,0645,13,3,6,0644,0000000000000002,61,1,0
P8D_XCHECK,1622,10203040,0646,13,0,7,0644,0000000000000004,62,1,0
P8D_XCHECK,1623,10203040,0647,13,5,8,0644,0000000000000008,63,0,0
P8D_XCHECK,1624,10203040,0648,13,3,1,0648,0000000000000001,64,1,0
P8D_XCHECK,1625,10203040,0649,13,0,2,0648,0000000000000002,0,1,0
P8D_XCHECK,1626,10203040,064a,13,5,3,0648,0000000000000004,1,0,0
P8D_XCHECK,1627,10203040,064b,13,2,4,0648,0000000000000008,2,1,0
P8D_XCHECK,1628,10203040,064c,13,7,5,064c,0000000000000001,3,1,0
P8D_XCHECK,1629,10203040,064d,13,4,6,064c,0000000000000002,4,0,0
P8D_XCHECK,1630,10203040,064e,13,1,7,064c,0000000000000004,5,1,0
P8D_XCHECK,1631,10203040,064f,13,6,8,064c,0000000000000008,6,1,0
P8D_XCHECK,1632,10203040,0650,13,4,1,0650,0000000000000001,7,0,4
P8D_XCHECK,1633,10203040,0651,13,1,2,0650,0000000000000002,8,1,0
P8D_XCHECK,1634,10203040,0652,13,6,3,0650,0000000000000004,9,1,0
P8D_XCHECK,1635,10203040,0653,13,3,4,0650,0000000000000008,10,0,0
P8D_XCHECK,1636,10203040,0654,13,0,5,0654,0000000000000001,11,1,0
P8D_XCHECK,1637,10203040,0655,13,5,6,0654,0000000000000002,12,1,0
P8D_XCHECK,1638,10203040,0656,13,2,7,0654,0000000000000004,13,0,0
P8D_XCHECK,1639,10203040,0657,13,7,8,0654,0000000000000008,14,1,0
P8D_XCHECK,1640,10203040,0658,13,5,1,0658,0000000000000001,15,1,0
P8D_XCHECK,1641,10203040,0659,13,2,2,0658,0000000000000002,16,0,0
P8D_XCHECK,1642,10203040,065a,13,7,3,0658,0000000000000004,17,1,0
P8D_XCHECK,1643,10203040,065b,13,4,4,0658,0000000000000008,18,1,0
P8D_XCHECK,1644,10203040,065c,13,1,5,065c,0000000000000001,19,0,0
P8D_XCHECK,1645,10203040,065d,13,6,6,065c,0000000000000002,20,1,0
P8D_XCHECK,1646,10203040,065e,13,3,7,065c,0000000000000004,21,1,0
P8D_XCHECK,1647,10203040,065f,13,0,8,065c,0000000000000008,22,0,0
P8D_XCHECK,1648,10203040,0660,13,6,1,0660,0000000000000001,23,1,0
P8D_XCHECK,1649,10203040,0661,13,3,2,0660,0000000000000002,24,1,4
P8D_XCHECK,1650,10203040,0662,13,0,3,0660,0000000000000004,25,0,0
P8D_XCHECK,1651,10203040,0663,13,5,4,0660,0000000000000008,26,1,0
P8D_XCHECK,1652,10203040,0664,13,2,5,0664,0000000000000001,27,1,0
P8D_XCHECK,1653,10203040,0665,13,7,6,0664,0000000000000002,28,0,0
P8D_XCHECK,1654,10203040,0666,13,4,7,0664,0000000000000004,29,1,0
P8D_XCHECK,1655,10203040,0667,13,1,8,0664,0000000000000008,30,1,0
P8D_XCHECK,1656,10203040,0668,13,7,1,0668,0000000000000001,31,0,0
P8D_XCHECK,1657,10203040,0669,13,4,2,0668,0000000000000002,32,1,0
P8D_XCHECK,1658,10203040,066a,13,1,3,0668,0000000000000004,33,1,0
P8D_XCHECK,1659,10203040,066b,13,6,4,0668,0000000000000008,34,0,0
P8D_XCHECK,1660,10203040,066c,13,3,5,066c,0000000000000001,35,1,0
P8D_XCHECK,1661,10203040,066d,13,0,6,066c,0000000000000002,36,1,0
P8D_XCHECK,1662,10203040,066e,13,5,7,066c,0000000000000004,37,0,0
P8D_XCHECK,1663,10203040,066f,13,2,8,066c,0000000000000008,38,1,0
P8D_XCHECK,1664,10203040,0670,13,0,1,0670,0000000000000001,39,1,0
P8D_XCHECK,1665,10203040,0671,13,5,2,0670,0000000000000002,40,0,0
P8D_XCHECK,1666,10203040,0672,13,2,3,0670,0000000000000004,41,1,4
P8D_XCHECK,1667,10203040,0673,13,7,4,0670,0000000000000008,42,1,0
P8D_XCHECK,1668,10203040,0674,13,4,5,0674,0000000000000001,43,0,0
P8D_XCHECK,1669,10203040,0675,13,1,6,0674,0000000000000002,44,1,0
P8D_XCHECK,1670,10203040,0676,13,6,7,0674,0000000000000004,45,1,0
P8D_XCHECK,1671,10203040,0677,13,3,8,0674,0000000000000008,46,0,0
P8D_XCHECK,1672,10203040,0678,13,1,1,0678,0000000000000001,47,1,0
P8D_XCHECK,1673,10203040,0679,13,6,2,0678,0000000000000002,48,1,0
P8D_XCHECK,1674,10203040,067a,13,3,3,0678,0000000000000004,49,0,0
P8D_XCHECK,1675,10203040,067b,13,0,4,0678,0000000000000008,50,1,0
P8D_XCHECK,1676,10203040,067c,13,5,5,067c,0000000000000001,51,1,0
P8D_XCHECK,1677,10203040,067d,13,2,6,067c,0000000000000002,52,0,0
P8D_XCHECK,1678,10203040,067e,13,7,7,067c,0000000000000004,53,1,0
P8D_XCHECK,1679,10203040,067f,13,4,8,067c,0000000000000008,54,1,0
P8D_XCHECK,1680,10203040,0680,13,2,1,0680,0000000000000001,55,0,0
P8D_XCHECK,1681,10203040,0681,13,7,2,0680,0000000000000002,56,1,0
P8D_XCHECK,1682,10203040,0682,13,4,3,0680,0000000000000004,57,1,0
P8D_XCHECK,1683,10203040,0683,13,1,4,0680,0000000000000008,58,0,4
P8D_XCHECK,1684,10203040,0684,13,6,5,0684,0000000000000001,59,1,0
P8D_XCHECK,1685,10203040,0685,13,3,6,0684,0000000000000002,60,1,0
P8D_XCHECK,1686,10203040,0686,13,0,7,0684,0000000000000004,61,0,0
P8D_XCHECK,1687,10203040,0687,13,5,8,0684,0000000000000008,62,1,0
P8D_XCHECK,1688,10203040,0688,13,3,1,0688,0000000000000001,63,1,0
P8D_XCHECK,1689,10203040,0689,13,0,2,0688,0000000000000002,64,0,0
P8D_XCHECK,1690,10203040,068a,13,5,3,0688,0000000000000004,0,1,0
P8D_XCHECK,1691,10203040,068b,13,2,4,0688,0000000000000008,1,1,0
P8D_XCHECK,1692,10203040,068c,13,7,5,068c,0000000000000001,2,0,0
P8D_XCHECK,1693,10203040,068d,13,4,6,068c,0000000000000002,3,1,0
P8D_XCHECK,1694,10203040,068e,13,1,7,068c,0000000000000004,4,1,0
P8D_XCHECK,1695,10203040,068f,13,6,8,068c,0000000000000008,5,0,0
P8D_XCHECK,1696,10203040,0690,13,4,1,0690,0000000000000001,6,1,0
P8D_XCHECK,1697,10203040,0691,13,1,2,0690,0000000000000002,7,1,0
P8D_XCHECK,1698,10203040,0692,13,6,3,0690,0000000000000004,8,0,0
P8D_XCHECK,1699,10203040,0693,13,3,4,0690,0000000000000008,9,1,0
P8D_XCHECK,1700,10203040,0694,13,0,5,0694,0000000000000001,10,1,4
P8D_XCHECK,1701,10203040,0695,13,5,6,0694,0000000000000002,11,0,0
P8D_XCHECK,1702,10203040,0696,13,2,7,0694,0000000000000004,12,1,0
P8D_XCHECK,1703,10203040,0697,13,7,8,0694,0000000000000008,13,1,0
P8D_XCHECK,1704,10203040,0698,13,5,1,0698,0000000000000001,14,0,0
P8D_XCHECK,1705,10203040,0699,13,2,2,0698,0000000000000002,15,1,0
P8D_XCHECK,1706,10203040,069a,13,7,3,0698,0000000000000004,16,1,0
P8D_XCHECK,1707,10203040,069b,13,4,4,0698,0000000000000008,17,0,0
P8D_XCHECK,1708,10203040,069c,13,1,5,069c,0000000000000001,18,1,0
P8D_XCHECK,1709,10203040,069d,13,6,6,069c,0000000000000002,19,1,0
P8D_XCHECK,1710,10203040,069e,13,3,7,069c,0000000000000004,20,0,0
P8D_XCHECK,1711,10203040,069f,13,0,8,069c,0000000000000008,21,1,0
P8D_XCHECK,1712,10203040,06a0,13,6,1,06a0,0000000000000001,22,1,0
P8D_XCHECK,1713,10203040,06a1,13,3,2,06a0,0000000000000002,23,0,0
P8D_XCHECK,1714,10203040,06a2,13,0,3,06a0,0000000000000004,24,1,0
P8D_XCHECK,1715,10203040,06a3,13,5,4,06a0,0000000000000008,25,1,0
P8D_XCHECK,1716,10203040,06a4,13,2,5,06a4,0000000000000001,26,0,0
P8D_XCHECK,1717,10203040,06a5,13,7,6,06a4,0000000000000002,27,1,4
P8D_XCHECK,1718,10203040,06a6,13,4,7,06a4,0000000000000004,28,1,0
P8D_XCHECK,1719,10203040,06a7,13,1,8,06a4,0000000000000008,29,0,0
P8D_XCHECK,1720,10203040,06a8,13,7,1,06a8,0000000000000001,30,1,0
P8D_XCHECK,1721,10203040,06a9,13,4,2,06a8,0000000000000002,31,1,0
P8D_XCHECK,1722,10203040,06aa,13,1,3,06a8,0000000000000004,32,0,0
P8D_XCHECK,1723,10203040,06ab,13,6,4,06a8,0000000000000008,33,1,0
P8D_XCHECK,1724,10203040,06ac,13,3,5,06ac,0000000000000001,34,1,0
P8D_XCHECK,1725,10203040,06ad,13,0,6,06ac,0000000000000002,35,0,0
P8D_XCHECK,1726,10203040,06ae,13,5,7,06ac,0000000000000004,36,1,0
P8D_XCHECK,1727,10203040,06af,13,2,8,06ac,0000000000000008,37,1,0
P8D_XCHECK,1728,10203040,06b0,13,0,1,06b0,0000000000000001,38,0,0
P8D_XCHECK,1729,10203040,06b1,13,5,2,06b0,0000000000000002,39,1,0
P8D_XCHECK,1730,10203040,06b2,13,2,3,06b0,0000000000000004,40,1,0
P8D_XCHECK,1731,10203040,06b3,13,7,4,06b0,0000000000000008,41,0,0
P8D_XCHECK,1732,10203040,06b4,13,4,5,06b4,0000000000000001,42,1,0
P8D_XCHECK,1733,10203040,06b5,13,1,6,06b4,0000000000000002,43,1,0
P8D_XCHECK,1734,10203040,06b6,13,6,7,06b4,0000000000000004,44,0,4
P8D_XCHECK,1735,10203040,06b7,13,3,8,06b4,0000000000000008,45,1,0
P8D_XCHECK,1736,10203040,06b8,13,1,1,06b8,0000000000000001,46,1,0
P8D_XCHECK,1737,10203040,06b9,13,6,2,06b8,0000000000000002,47,0,0
P8D_XCHECK,1738,10203040,06ba,13,3,3,06b8,0000000000000004,48,1,0
P8D_XCHECK,1739,10203040,06bb,13,0,4,06b8,0000000000000008,49,1,0
P8D_XCHECK,1740,10203040,06bc,13,5,5,06bc,0000000000000001,50,0,0
P8D_XCHECK,1741,10203040,06bd,13,2,6,06bc,0000000000000002,51,1,0
P8D_XCHECK,1742,10203040,06be,13,7,7,06bc,0000000000000004,52,1,0
P8D_XCHECK,1743,10203040,06bf,13,4,8,06bc,0000000000000008,53,0,0
P8D_XCHECK,1744,10203040,06c0,13,2,1,06c0,0000000000000001,54,1,0
P8D_XCHECK,1745,10203040,06c1,13,7,2,06c0,0000000000000002,55,1,0
P8D_XCHECK,1746,10203040,06c2,13,4,3,06c0,0000000000000004,56,0,0
P8D_XCHECK,1747,10203040,06c3,13,1,4,06c0,0000000000000008,57,1,0
P8D_XCHECK,1748,10203040,06c4,13,6,5,06c4,0000000000000001,58,1,0
P8D_XCHECK,1749,10203040,06c5,13,3,6,06c4,0000000000000002,59,0,0
P8D_XCHECK,1750,10203040,06c6,13,0,7,06c4,0000000000000004,60,1,0
P8D_XCHECK,1751,10203040,06c7,13,5,8,06c4,0000000000000008,61,1,4
P8D_XCHECK,1752,10203040,06c8,13,3,1,06c8,0000000000000001,62,0,0
P8D_XCHECK,1753,10203040,06c9,13,0,2,06c8,0000000000000002,63,1,0
P8D_XCHECK,1754,10203040,06ca,13,5,3,06c8,0000000000000004,64,1,0
P8D_XCHECK,1755,10203040,06cb,13,2,4,06c8,0000000000000008,0,0,0
P8D_XCHECK,1756,10203040,06cc,13,7,5,06cc,0000000000000001,1,1,0
P8D_XCHECK,1757,10203040,06cd,13,4,6,06cc,0000000000000002,2,1,0
P8D_XCHECK,1758,10203040,06ce,13,1,7,06cc,0000000000000004,3,0,0
P8D_XCHECK,1759,10203040,06cf,13,6,8,06cc,0000000000000008,4,1,0
P8D_XCHECK,1760,10203040,06d0,13,4,1,06d0,0000000000000001,5,1,0
P8D_XCHECK,1761,10203040,06d1,13,1,2,06d0,0000000000000002,6,0,0
P8D_XCHECK,1762,10203040,06d2,13,6,3,06d0,0000000000000004,7,1,0
P8D_XCHECK,1763,10203040,06d3,13,3,4,06d0,0000000000000008,8,1,0
P8D_XCHECK,1764,10203040,06d4,13,0,5,06d4,0000000000000001,9,0,0
P8D_XCHECK,1765,10203040,06d5,13,5,6,06d4,0000000000000002,10,1,0
P8D_XCHECK,1766,10203040,06d6,13,2,7,06d4,0000000000000004,11,1,0
P8D_XCHECK,1767,10203040,06d7,13,7,8,06d4,0000000000000008,12,0,0
P8D_XCHECK,1768,10203040,06d8,13,5,1,06d8,0000000000000001,13,1,4
P8D_XCHECK,1769,10203040,06d9,13,2,2,06d8,0000000000000002,14,1,0
P8D_XCHECK,1770,10203040,06da,13,7,3,06d8,0000000000000004,15,0,0
P8D_XCHECK,1771,10203040,06db,13,4,4,06d8,0000000000000008,16,1,0
P8D_XCHECK,1772,10203040,06dc,13,1,5,06dc,0000000000000001,17,1,0
P8D_XCHECK,1773,10203040,06dd,13,6,6,06dc,0000000000000002,18,0,0
P8D_XCHECK,1774,10203040,06de,13,3,7,06dc,0000000000000004,19,1,0
P8D_XCHECK,1775,10203040,06df,13,0,8,06dc,0000000000000008,20,1,0
P8D_XCHECK,1776,10203040,06e0,13,6,1,06e0,0000000000000001,21,0,0
P8D_XCHECK,1777,10203040,06e1,13,3,2,06e0,0000000000000002,22,1,0
P8D_XCHECK,1778,10203040,06e2,13,0,3,06e0,0000000000000004,23,1,0
P8D_XCHECK,1779,10203040,06e3,13,5,4,06e0,0000000000000008,24,0,0
P8D_XCHECK,1780,10203040,06e4,13,2,5,06e4,0000000000000001,25,1,0
P8D_XCHECK,1781,10203040,06e5,13,7,6,06e4,0000000000000002,26,1,0
P8D_XCHECK,1782,10203040,06e6,13,4,7,06e4,0000000000000004,27,0,0
P8D_XCHECK,1783,10203040,06e7,13,1,8,06e4,0000000000000008,28,1,0
P8D_XCHECK,1784,10203040,06e8,13,7,1,06e8,0000000000000001,29,1,0
P8D_XCHECK,1785,10203040,06e9,13,4,2,06e8,0000000000000002,30,0,4
P8D_XCHECK,1786,10203040,06ea,13,1,3,06e8,0000000000000004,31,1,0
P8D_XCHECK,1787,10203040,06eb,13,6,4,06e8,0000000000000008,32,1,0
P8D_XCHECK,1788,10203040,06ec,13,3,5,06ec,0000000000000001,33,0,0
P8D_XCHECK,1789,10203040,06ed,13,0,6,06ec,0000000000000002,34,1,0
P8D_XCHECK,1790,10203040,06ee,13,5,7,06ec,0000000000000004,35,1,0
P8D_XCHECK,1791,10203040,06ef,13,2,8,06ec,0000000000000008,36,0,0
P8D_XCHECK,1792,10203040,06f0,14,0,1,06f0,0000000000000001,37,1,0
P8D_XCHECK,1793,10203040,06f1,14,5,2,06f0,0000000000000002,38,1,0
P8D_XCHECK,1794,10203040,06f2,14,2,3,06f0,0000000000000004,39,0,0
P8D_XCHECK,1795,10203040,06f3,14,7,4,06f0,0000000000000008,40,1,0
P8D_XCHECK,1796,10203040,06f4,14,4,5,06f4,0000000000000001,41,1,0
P8D_XCHECK,1797,10203040,06f5,14,1,6,06f4,0000000000000002,42,0,0
P8D_XCHECK,1798,10203040,06f6,14,6,7,06f4,0000000000000004,43,1,0
P8D_XCHECK,1799,10203040,06f7,14,3,8,06f4,0000000000000008,44,1,0
P8D_XCHECK,1800,10203040,06f8,14,1,1,06f8,0000000000000001,45,0,0
P8D_XCHECK,1801,10203040,06f9,14,6,2,06f8,0000000000000002,46,1,0
P8D_XCHECK,1802,10203040,06fa,14,3,3,06f8,0000000000000004,47,1,4
P8D_XCHECK,1803,10203040,06fb,14,0,4,06f8,0000000000000008,48,0,0
P8D_XCHECK,1804,10203040,06fc,14,5,5,06fc,0000000000000001,49,1,0
P8D_XCHECK,1805,10203040,06fd,14,2,6,06fc,0000000000000002,50,1,0
P8D_XCHECK,1806,10203040,06fe,14,7,7,06fc,0000000000000004,51,0,0
P8D_XCHECK,1807,10203040,06ff,14,4,8,06fc,0000000000000008,52,1,0
P8D_XCHECK,1808,10203040,0700,14,2,1,0700,0000000000000001,53,1,0
P8D_XCHECK,1809,10203040,0701,14,7,2,0700,0000000000000002,54,0,0
P8D_XCHECK,1810,10203040,0702,14,4,3,0700,0000000000000004,55,1,0
P8D_XCHECK,1811,10203040,0703,14,1,4,0700,0000000000000008,56,1,0
P8D_XCHECK,1812,10203040,0704,14,6,5,0704,0000000000000001,57,0,0
P8D_XCHECK,1813,10203040,0705,14,3,6,0704,0000000000000002,58,1,0
P8D_XCHECK,1814,10203040,0706,14,0,7,0704,0000000000000004,59,1,0
P8D_XCHECK,1815,10203040,0707,14,5,8,0704,0000000000000008,60,0,0
P8D_XCHECK,1816,10203040,0708,14,3,1,0708,0000000000000001,61,1,0
P8D_XCHECK,1817,10203040,0709,14,0,2,0708,0000000000000002,62,1,0
P8D_XCHECK,1818,10203040,070a,14,5,3,0708,0000000000000004,63,0,0
P8D_XCHECK,1819,10203040,070b,14,2,4,0708,0000000000000008,64,1,4
P8D_XCHECK,1820,10203040,070c,14,7,5,070c,0000000000000001,0,1,0
P8D_XCHECK,1821,10203040,070d,14,4,6,070c,0000000000000002,1,0,0
P8D_XCHECK,1822,10203040,070e,14,1,7,070c,0000000000000004,2,1,0
P8D_XCHECK,1823,10203040,070f,14,6,8,070c,0000000000000008,3,1,0
P8D_XCHECK,1824,10203040,0710,14,4,1,0710,0000000000000001,4,0,0
P8D_XCHECK,1825,10203040,0711,14,1,2,0710,0000000000000002,5,1,0
P8D_XCHECK,1826,10203040,0712,14,6,3,0710,0000000000000004,6,1,0
P8D_XCHECK,1827,10203040,0713,14,3,4,0710,0000000000000008,7,0,0
P8D_XCHECK,1828,10203040,0714,14,0,5,0714,0000000000000001,8,1,0
P8D_XCHECK,1829,10203040,0715,14,5,6,0714,0000000000000002,9,1,0
P8D_XCHECK,1830,10203040,0716,14,2,7,0714,0000000000000004,10,0,0
P8D_XCHECK,1831,10203040,0717,14,7,8,0714,0000000000000008,11,1,0
P8D_XCHECK,1832,10203040,0718,14,5,1,0718,0000000000000001,12,1,0
P8D_XCHECK,1833,10203040,0719,14,2,2,0718,0000000000000002,13,0,0
P8D_XCHECK,1834,10203040,071a,14,7,3,0718,0000000000000004,14,1,0
P8D_XCHECK,1835,10203040,071b,14,4,4,0718,0000000000000008,15,1,0
P8D_XCHECK,1836,10203040,071c,14,1,5,071c,0000000000000001,16,0,4
P8D_XCHECK,1837,10203040,071d,14,6,6,071c,0000000000000002,17,1,0
P8D_XCHECK,1838,10203040,071e,14,3,7,071c,0000000000000004,18,1,0
P8D_XCHECK,1839,10203040,071f,14,0,8,071c,0000000000000008,19,0,0
P8D_XCHECK,1840,10203040,0720,14,6,1,0720,0000000000000001,20,1,0
P8D_XCHECK,1841,10203040,0721,14,3,2,0720,0000000000000002,21,1,0
P8D_XCHECK,1842,10203040,0722,14,0,3,0720,0000000000000004,22,0,0
P8D_XCHECK,1843,10203040,0723,14,5,4,0720,0000000000000008,23,1,0
P8D_XCHECK,1844,10203040,0724,14,2,5,0724,0000000000000001,24,1,0
P8D_XCHECK,1845,10203040,0725,14,7,6,0724,0000000000000002,25,0,0
P8D_XCHECK,1846,10203040,0726,14,4,7,0724,0000000000000004,26,1,0
P8D_XCHECK,1847,10203040,0727,14,1,8,0724,0000000000000008,27,1,0
P8D_XCHECK,1848,10203040,0728,14,7,1,0728,0000000000000001,28,0,0
P8D_XCHECK,1849,10203040,0729,14,4,2,0728,0000000000000002,29,1,0
P8D_XCHECK,1850,10203040,072a,14,1,3,0728,0000000000000004,30,1,0
P8D_XCHECK,1851,10203040,072b,14,6,4,0728,0000000000000008,31,0,0
P8D_XCHECK,1852,10203040,072c,14,3,5,072c,0000000000000001,32,1,0
P8D_XCHECK,1853,10203040,072d,14,0,6,072c,0000000000000002,33,1,4
P8D_XCHECK,1854,10203040,072e,14,5,7,072c,0000000000000004,34,0,0
P8D_XCHECK,1855,10203040,072f,14,2,8,072c,0000000000000008,35,1,0
P8D_XCHECK,1856,10203040,0730,14,0,1,0730,0000000000000001,36,1,0
P8D_XCHECK,1857,10203040,0731,14,5,2,0730,0000000000000002,37,0,0
P8D_XCHECK,1858,10203040,0732,14,2,3,0730,0000000000000004,38,1,0
P8D_XCHECK,1859,10203040,0733,14,7,4,0730,0000000000000008,39,1,0
P8D_XCHECK,1860,10203040,0734,14,4,5,0734,0000000000000001,40,0,0
P8D_XCHECK,1861,10203040,0735,14,1,6,0734,0000000000000002,41,1,0
P8D_XCHECK,1862,10203040,0736,14,6,7,0734,0000000000000004,42,1,0
P8D_XCHECK,1863,10203040,0737,14,3,8,0734,0000000000000008,43,0,0
P8D_XCHECK,1864,10203040,0738,14,1,1,0738,0000000000000001,44,1,0
P8D_XCHECK,1865,10203040,0739,14,6,2,0738,0000000000000002,45,1,0
P8D_XCHECK,1866,10203040,073a,14,3,3,0738,0000000000000004,46,0,0
P8D_XCHECK,1867,10203040,073b,14,0,4,0738,0000000000000008,47,1,0
P8D_XCHECK,1868,10203040,073c,14,5,5,073c,0000000000000001,48,1,0
P8D_XCHECK,1869,10203040,073d,14,2,6,073c,0000000000000002,49,0,0
P8D_XCHECK,1870,10203040,073e,14,7,7,073c,0000000000000004,50,1,4
P8D_XCHECK,1871,10203040,073f,14,4,8,073c,0000000000000008,51,1,0
P8D_XCHECK,1872,10203040,0740,14,2,1,0740,0000000000000001,52,0,0
P8D_XCHECK,1873,10203040,0741,14,7,2,0740,0000000000000002,53,1,0
P8D_XCHECK,1874,10203040,0742,14,4,3,0740,0000000000000004,54,1,0
P8D_XCHECK,1875,10203040,0743,14,1,4,0740,0000000000000008,55,0,0
P8D_XCHECK,1876,10203040,0744,14,6,5,0744,0000000000000001,56,1,0
P8D_XCHECK,1877,10203040,0745,14,3,6,0744,0000000000000002,57,1,0
P8D_XCHECK,1878,10203040,0746,14,0,7,0744,0000000000000004,58,0,0
P8D_XCHECK,1879,10203040,0747,14,5,8,0744,0000000000000008,59,1,0
P8D_XCHECK,1880,10203040,0748,14,3,1,0748,0000000000000001,60,1,0
P8D_XCHECK,1881,10203040,0749,14,0,2,0748,0000000000000002,61,0,0
P8D_XCHECK,1882,10203040,074a,14,5,3,0748,0000000000000004,62,1,0
P8D_XCHECK,1883,10203040,074b,14,2,4,0748,0000000000000008,63,1,0
P8D_XCHECK,1884,10203040,074c,14,7,5,074c,0000000000000001,64,0,0
P8D_XCHECK,1885,10203040,074d,14,4,6,074c,0000000000000002,0,1,0
P8D_XCHECK,1886,10203040,074e,14,1,7,074c,0000000000000004,1,1,0
P8D_XCHECK,1887,10203040,074f,14,6,8,074c,0000000000000008,2,0,4
P8D_XCHECK,1888,10203040,0750,14,4,1,0750,0000000000000001,3,1,0
P8D_XCHECK,1889,10203040,0751,14,1,2,0750,0000000000000002,4,1,0
P8D_XCHECK,1890,10203040,0752,14,6,3,0750,0000000000000004,5,0,0
P8D_XCHECK,1891,10203040,0753,14,3,4,0750,0000000000000008,6,1,0
P8D_XCHECK,1892,10203040,0754,14,0,5,0754,0000000000000001,7,1,0
P8D_XCHECK,1893,10203040,0755,14,5,6,0754,0000000000000002,8,0,0
P8D_XCHECK,1894,10203040,0756,14,2,7,0754,0000000000000004,9,1,0
P8D_XCHECK,1895,10203040,0757,14,7,8,0754,0000000000000008,10,1,0
P8D_XCHECK,1896,10203040,0758,14,5,1,0758,0000000000000001,11,0,0
P8D_XCHECK,1897,10203040,0759,14,2,2,0758,0000000000000002,12,1,0
P8D_XCHECK,1898,10203040,075a,14,7,3,0758,0000000000000004,13,1,0
P8D_XCHECK,1899,10203040,075b,14,4,4,0758,0000000000000008,14,0,0
P8D_XCHECK,1900,10203040,075c,14,1,5,075c,0000000000000001,15,1,0
P8D_XCHECK,1901,10203040,075d,14,6,6,075c,0000000000000002,16,1,0
P8D_XCHECK,1902,10203040,075e,14,3,7,075c,0000000000000004,17,0,0
P8D_XCHECK,1903,10203040,075f,14,0,8,075c,0000000000000008,18,1,0
P8D_XCHECK,1904,10203040,0760,14,6,1,0760,0000000000000001,19,1,4
P8D_XCHECK,1905,10203040,0761,14,3,2,0760,0000000000000002,20,0,0
P8D_XCHECK,1906,10203040,0762,14,0,3,0760,0000000000000004,21,1,0
P8D_XCHECK,1907,10203040,0763,14,5,4,0760,0000000000000008,22,1,0
P8D_XCHECK,1908,10203040,0764,14,2,5,0764,0000000000000001,23,0,0
P8D_XCHECK,1909,10203040,0765,14,7,6,0764,0000000000000002,24,1,0
P8D_XCHECK,1910,10203040,0766,14,4,7,0764,0000000000000004,25,1,0
P8D_XCHECK,1911,10203040,0767,14,1,8,0764,0000000000000008,26,0,0
P8D_XCHECK,1912,10203040,0768,14,7,1,0768,0000000000000001,27,1,0
P8D_XCHECK,1913,10203040,0769,14,4,2,0768,0000000000000002,28,1,0
P8D_XCHECK,1914,10203040,076a,14,1,3,0768,0000000000000004,29,0,0
P8D_XCHECK,1915,10203040,076b,14,6,4,0768,0000000000000008,30,1,0
P8D_XCHECK,1916,10203040,076c,14,3,5,076c,0000000000000001,31,1,0
P8D_XCHECK,1917,10203040,076d,14,0,6,076c,0000000000000002,32,0,0
P8D_XCHECK,1918,10203040,076e,14,5,7,076c,0000000000000004,33,1,0
P8D_XCHECK,1919,10203040,076f,14,2,8,076c,0000000000000008,34,1,0
P8D_XCHECK,1920,10203040,0770,14,0,1,0770,0000000000000001,35,0,0
P8D_XCHECK,1921,10203040,0771,14,5,2,0770,0000000000000002,36,1,4
P8D_XCHECK,1922,10203040,0772,14,2,3,0770,0000000000000004,37,1,0
P8D_XCHECK,1923,10203040,0773,14,7,4,0770,0000000000000008,38,0,0
P8D_XCHECK,1924,10203040,0774,14,4,5,0774,0000000000000001,39,1,0
P8D_XCHECK,1925,10203040,0775,14,1,6,0774,0000000000000002,40,1,0
P8D_XCHECK,1926,10203040,0776,14,6,7,0774,0000000000000004,41,0,0
P8D_XCHECK,1927,10203040,0777,14,3,8,0774,0000000000000008,42,1,0
P8D_XCHECK,1928,10203040,0778,14,1,1,0778,0000000000000001,43,1,0
P8D_XCHECK,1929,10203040,0779,14,6,2,0778,0000000000000002,44,0,0
P8D_XCHECK,1930,10203040,077a,14,3,3,0778,0000000000000004,45,1,0
P8D_XCHECK,1931,10203040,077b,14,0,4,0778,0000000000000008,46,1,0
P8D_XCHECK,1932,10203040,077c,14,5,5,077c,0000000000000001,47,0,0
P8D_XCHECK,1933,10203040,077d,14,2,6,077c,0000000000000002,48,1,0
P8D_XCHECK,1934,10203040,077e,14,7,7,077c,0000000000000004,49,1,0
P8D_XCHECK,1935,10203040,077f,14,4,8,077c,0000000000000008,50,0,0
P8D_XCHECK,1936,10203040,0780,14,2,1,0780,0000000000000001,51,1,0
P8D_XCHECK,1937,10203040,0781,14,7,2,0780,0000000000000002,52,1,0
P8D_XCHECK,1938,10203040,0782,14,4,3,0780,0000000000000004,53,0,4
P8D_XCHECK,1939,10203040,0783,14,1,4,0780,0000000000000008,54,1,0
P8D_XCHECK,1940,10203040,0784,14,6,5,0784,0000000000000001,55,1,0
P8D_XCHECK,1941,10203040,0785,14,3,6,0784,0000000000000002,56,0,0
P8D_XCHECK,1942,10203040,0786,14,0,7,0784,0000000000000004,57,1,0
P8D_XCHECK,1943,10203040,0787,14,5,8,0784,0000000000000008,58,1,0
P8D_XCHECK,1944,10203040,0788,14,3,1,0788,0000000000000001,59,0,0
P8D_XCHECK,1945,10203040,0789,14,0,2,0788,0000000000000002,60,1,0
P8D_XCHECK,1946,10203040,078a,14,5,3,0788,0000000000000004,61,1,0
P8D_XCHECK,1947,10203040,078b,14,2,4,0788,0000000000000008,62,0,0
P8D_XCHECK,1948,10203040,078c,14,7,5,078c,0000000000000001,63,1,0
P8D_XCHECK,1949,10203040,078d,14,4,6,078c,0000000000000002,64,1,0
P8D_XCHECK,1950,10203040,078e,14,1,7,078c,0000000000000004,0,0,0
P8D_XCHECK,1951,10203040,078f,14,6,8,078c,0000000000000008,1,1,0
P8D_XCHECK,1952,10203040,0790,14,4,1,0790,0000000000000001,2,1,0
P8D_XCHECK,1953,10203040,0791,14,1,2,0790,0000000000000002,3,0,0
P8D_XCHECK,1954,10203040,0792,14,6,3,0790,0000000000000004,4,1,0
P8D_XCHECK,1955,10203040,0793,14,3,4,0790,0000000000000008,5,1,4
P8D_XCHECK,1956,10203040,0794,14,0,5,0794,0000000000000001,6,0,0
P8D_XCHECK,1957,10203040,0795,14,5,6,0794,0000000000000002,7,1,0
P8D_XCHECK,1958,10203040,0796,14,2,7,0794,0000000000000004,8,1,0
P8D_XCHECK,1959,10203040,0797,14,7,8,0794,0000000000000008,9,0,0
P8D_XCHECK,1960,10203040,0798,14,5,1,0798,0000000000000001,10,1,0
P8D_XCHECK,1961,10203040,0799,14,2,2,0798,0000000000000002,11,1,0
P8D_XCHECK,1962,10203040,079a,14,7,3,0798,0000000000000004,12,0,0
P8D_XCHECK,1963,10203040,079b,14,4,4,0798,0000000000000008,13,1,0
P8D_XCHECK,1964,10203040,079c,14,1,5,079c,0000000000000001,14,1,0
P8D_XCHECK,1965,10203040,079d,14,6,6,079c,0000000000000002,15,0,0
P8D_XCHECK,1966,10203040,079e,14,3,7,079c,0000000000000004,16,1,0
P8D_XCHECK,1967,10203040,079f,14,0,8,079c,0000000000000008,17,1,0
P8D_XCHECK,1968,10203040,07a0,14,6,1,07a0,0000000000000001,18,0,0
P8D_XCHECK,1969,10203040,07a1,14,3,2,07a0,0000000000000002,19,1,0
P8D_XCHECK,1970,10203040,07a2,14,0,3,07a0,0000000000000004,20,1,0
P8D_XCHECK,1971,10203040,07a3,14,5,4,07a0,0000000000000008,21,0,0
P8D_XCHECK,1972,10203040,07a4,14,2,5,07a4,0000000000000001,22,1,4
P8D_XCHECK,1973,10203040,07a5,14,7,6,07a4,0000000000000002,23,1,0
P8D_XCHECK,1974,10203040,07a6,14,4,7,07a4,0000000000000004,24,0,0
P8D_XCHECK,1975,10203040,07a7,14,1,8,07a4,0000000000000008,25,1,0
P8D_XCHECK,1976,10203040,07a8,14,7,1,07a8,0000000000000001,26,1,0
P8D_XCHECK,1977,10203040,07a9,14,4,2,07a8,0000000000000002,27,0,0
P8D_XCHECK,1978,10203040,07aa,14,1,3,07a8,0000000000000004,28,1,0
P8D_XCHECK,1979,10203040,07ab,14,6,4,07a8,0000000000000008,29,1,0
P8D_XCHECK,1980,10203040,07ac,14,3,5,07ac,0000000000000001,30,0,0
P8D_XCHECK,1981,10203040,07ad,14,0,6,07ac,0000000000000002,31,1,0
P8D_XCHECK,1982,10203040,07ae,14,5,7,07ac,0000000000000004,32,1,0
P8D_XCHECK,1983,10203040,07af,14,2,8,07ac,0000000000000008,33,0,0
P8D_XCHECK,1984,10203040,07b0,14,0,1,07b0,0000000000000001,34,1,0
P8D_XCHECK,1985,10203040,07b1,14,5,2,07b0,0000000000000002,35,1,0
P8D_XCHECK,1986,10203040,07b2,14,2,3,07b0,0000000000000004,36,0,0
P8D_XCHECK,1987,10203040,07b3,14,7,4,07b0,0000000000000008,37,1,0
P8D_XCHECK,1988,10203040,07b4,14,4,5,07b4,0000000000000001,38,1,0
P8D_XCHECK,1989,10203040,07b5,14,1,6,07b4,0000000000000002,39,0,4
P8D_XCHECK,1990,10203040,07b6,14,6,7,07b4,0000000000000004,40,1,0
P8D_XCHECK,1991,10203040,07b7,14,3,8,07b4,0000000000000008,41,1,0
P8D_XCHECK,1992,10203040,07b8,14,1,1,07b8,0000000000000001,42,0,0
P8D_XCHECK,1993,10203040,07b9,14,6,2,07b8,0000000000000002,43,1,0
P8D_XCHECK,1994,10203040,07ba,14,3,3,07b8,0000000000000004,44,1,0
P8D_XCHECK,1995,10203040,07bb,14,0,4,07b8,0000000000000008,45,0,0
P8D_XCHECK,1996,10203040,07bc,14,5,5,07bc,0000000000000001,46,1,0
P8D_XCHECK,1997,10203040,07bd,14,2,6,07bc,0000000000000002,47,1,0
P8D_XCHECK,1998,10203040,07be,14,7,7,07bc,0000000000000004,48,0,0
P8D_XCHECK,1999,10203040,07bf,14,4,8,07bc,0000000000000008,49,1,0
P8D_XCHECK,2000,10203040,07c0,14,2,1,07c0,0000000000000001,50,1,0
P8D_XCHECK,2001,10203040,07c1,14,7,2,07c0,0000000000000002,51,0,0
P8D_XCHECK,2002,10203040,07c2,14,4,3,07c0,0000000000000004,52,1,0
P8D_XCHECK,2003,10203040,07c3,14,1,4,07c0,0000000000000008,53,1,0
P8D_XCHECK,2004,10203040,07c4,14,6,5,07c4,0000000000000001,54,0,0
P8D_XCHECK,2005,10203040,07c5,14,3,6,07c4,0000000000000002,55,1,0
P8D_XCHECK,2006,10203040,07c6,14,0,7,07c4,0000000000000004,56,1,4
P8D_XCHECK,2007,10203040,07c7,14,5,8,07c4,0000000000000008,57,0,0
P8D_XCHECK,2008,10203040,07c8,14,3,1,07c8,0000000000000001,58,1,0
P8D_XCHECK,2009,10203040,07c9,14,0,2,07c8,0000000000000002,59,1,0
P8D_XCHECK,2010,10203040,07ca,14,5,3,07c8,0000000000000004,60,0,0
P8D_XCHECK,2011,10203040,07cb,14,2,4,07c8,0000000000000008,61,1,0
P8D_XCHECK,2012,10203040,07cc,14,7,5,07cc,0000000000000001,62,1,0
P8D_XCHECK,2013,10203040,07cd,14,4,6,07cc,0000000000000002,63,0,0
P8D_XCHECK,2014,10203040,07ce,14,1,7,07cc,0000000000000004,64,1,0
P8D_XCHECK,2015,10203040,07cf,14,6,8,07cc,0000000000000008,0,1,0
P8D_XCHECK,2016,10203040,07d0,14,4,1,07d0,0000000000000001,1,0,0
P8D_XCHECK,2017,10203040,07d1,14,1,2,07d0,0000000000000002,2,1,0
P8D_XCHECK,2018,10203040,07d2,14,6,3,07d0,0000000000000004,3,1,0
P8D_XCHECK,2019,10203040,07d3,14,3,4,07d0,0000000000000008,4,0,0
P8D_XCHECK,2020,10203040,07d4,14,0,5,07d4,0000000000000001,5,1,0
P8D_XCHECK,2021,10203040,07d5,14,5,6,07d4,0000000000000002,6,1,0
P8D_XCHECK,2022,10203040,07d6,14,2,7,07d4,0000000000000004,7,0,0
P8D_XCHECK,2023,10203040,07d7,14,7,8,07d4,0000000000000008,8,1,4
P8D_XCHECK,2024,10203040,07d8,14,5,1,07d8,0000000000000001,9,1,0
P8D_XCHECK,2025,10203040,07d9,14,2,2,07d8,0000000000000002,10,0,0
P8D_XCHECK,2026,10203040,07da,14,7,3,07d8,0000000000000004,11,1,0
P8D_XCHECK,2027,10203040,07db,14,4,4,07d8,0000000000000008,12,1,0
P8D_XCHECK,2028,10203040,07dc,14,1,5,07dc,0000000000000001,13,0,0
P8D_XCHECK,2029,10203040,07dd,14,6,6,07dc,0000000000000002,14,1,0
P8D_XCHECK,2030,10203040,07de,14,3,7,07dc,0000000000000004,15,1,0
P8D_XCHECK,2031,10203040,07df,14,0,8,07dc,0000000000000008,16,0,0
P8D_XCHECK,2032,10203040,07e0,14,6,1,07e0,0000000000000001,17,1,0
P8D_XCHECK,2033,10203040,07e1,14,3,2,07e0,0000000000000002,18,1,0
P8D_XCHECK,2034,10203040,07e2,14,0,3,07e0,0000000000000004,19,0,0
P8D_XCHECK,2035,10203040,07e3,14,5,4,07e0,0000000000000008,20,1,0
P8D_XCHECK,2036,10203040,07e4,14,2,5,07e4,0000000000000001,21,1,0
P8D_XCHECK,2037,10203040,07e5,14,7,6,07e4,0000000000000002,22,0,0
P8D_XCHECK,2038,10203040,07e6,14,4,7,07e4,0000000000000004,23,1,0
P8D_XCHECK,2039,10203040,07e7,14,1,8,07e4,0000000000000008,24,1,0
P8D_XCHECK,2040,10203040,07e8,14,7,1,07e8,0000000000000001,25,0,4
P8D_XCHECK,2041,10203040,07e9,14,4,2,07e8,0000000000000002,26,1,0
P8D_XCHECK,2042,10203040,07ea,14,1,3,07e8,0000000000000004,27,1,0
P8D_XCHECK,2043,10203040,07eb,14,6,4,07e8,0000000000000008,28,0,0
P8D_XCHECK,2044,10203040,07ec,14,3,5,07ec,0000000000000001,29,1,0
P8D_XCHECK,2045,10203040,07ed,14,0,6,07ec,0000000000000002,30,1,0
P8D_XCHECK,2046,10203040,07ee,14,5,7,07ec,0000000000000004,31,0,0
P8D_XCHECK,2047,10203040,07ef,14,2,8,07ec,0000000000000008,32,1,0
P8D_RTL_PYTHON_CROSSCHECK_RECORDS=2048
TB_IR_P8D_PYTHON_CROSSCHECK_PASS=1
$finish called at time : 2048 ns : File "C:/Users/user/.codex/worktrees/3765/RF_COMM_MULTILANE/sim/tb/tb_ir_p8d_python_crosscheck.sv" Line 41
exit
INFO: [Common 17-206] Exiting xsim at Sat Jul 18 16:42:18 2026...
STDOUT_END
STDERR_BEGIN

STDERR_END
