Copyright 1986-2022 Xilinx, Inc. All Rights Reserved. Copyright 2022-2023 Advanced Micro Devices, Inc. All Rights Reserved.
----------------------------------------------------------------------------------------------------------------------------------------------------
| Tool Version : Vivado v.2023.1 (win64) Build 3865809 Sun May  7 15:05:29 MDT 2023
| Date         : Mon Jul 27 22:13:43 2026
| Host         : DESKTOP-PU0AECA running 64-bit major release  (build 9200)
| Command      : report_timing_summary -delay_type max -max_paths 20 -file C:/Users/user/AppData/Local/Temp/p8c_ooc_dhnkn40z/out/timing_summary.rpt
| Design       : ir_p8c_resource_top_8
| Device       : 7z020-clg400
| Speed File   : -1  PRODUCTION 1.12 2019-11-22
| Design State : Synthesized
----------------------------------------------------------------------------------------------------------------------------------------------------

Timing Summary Report

------------------------------------------------------------------------------------------------
| Timer Settings
| --------------
------------------------------------------------------------------------------------------------

  Enable Multi Corner Analysis               :  Yes
  Enable Pessimism Removal                   :  Yes
  Pessimism Removal Resolution               :  Nearest Common Node
  Enable Input Delay Default Clock           :  No
  Enable Preset / Clear Arcs                 :  No
  Disable Flight Delays                      :  No
  Ignore I/O Paths                           :  No
  Timing Early Launch at Borrowing Latches   :  No
  Borrow Time for Max Delay Exceptions       :  Yes
  Merge Timing Exceptions                    :  Yes

  Corner  Analyze    Analyze    
  Name    Max Paths  Min Paths  
  ------  ---------  ---------  
  Slow    Yes        Yes        
  Fast    Yes        Yes        


------------------------------------------------------------------------------------------------
| Report Methodology
| ------------------
------------------------------------------------------------------------------------------------

No report available as report_methodology has not been run prior. Run report_methodology on the current design for the summary of methodology violations.



check_timing report

Table of Contents
-----------------
1. checking no_clock (0)
2. checking constant_clock (0)
3. checking pulse_width_clock (0)
4. checking unconstrained_internal_endpoints (0)
5. checking no_input_delay (19)
6. checking no_output_delay (9)
7. checking multiple_clock (0)
8. checking generated_clocks (0)
9. checking loops (0)
10. checking partial_input_delay (0)
11. checking partial_output_delay (0)
12. checking latch_loops (0)

1. checking no_clock (0)
------------------------
 There are 0 register/latch pins with no clock.


2. checking constant_clock (0)
------------------------------
 There are 0 register/latch pins with constant_clock.


3. checking pulse_width_clock (0)
---------------------------------
 There are 0 register/latch pins which need pulse_width check


4. checking unconstrained_internal_endpoints (0)
------------------------------------------------
 There are 0 pins that are not constrained for maximum delay.

 There are 0 pins that are not constrained for maximum delay due to constant clock.


5. checking no_input_delay (19)
-------------------------------
 There are 19 input ports with no input delay specified. (HIGH)

 There are 0 input ports with no input delay but user has a false path constraint.


6. checking no_output_delay (9)
-------------------------------
 There are 9 ports with no output delay specified. (HIGH)

 There are 0 ports with no output delay but user has a false path constraint

 There are 0 ports with no output delay but with a timing clock defined on it or propagating through it


7. checking multiple_clock (0)
------------------------------
 There are 0 register/latch pins with multiple clocks.


8. checking generated_clocks (0)
--------------------------------
 There are 0 generated clocks that are not connected to a clock source.


9. checking loops (0)
---------------------
 There are 0 combinational loops in the design.


10. checking partial_input_delay (0)
------------------------------------
 There are 0 input ports with partial input delay specified.


11. checking partial_output_delay (0)
-------------------------------------
 There are 0 ports with partial output delay specified.


12. checking latch_loops (0)
----------------------------
 There are 0 combinational latch loops in the design through latch input



------------------------------------------------------------------------------------------------
| Design Timing Summary
| ---------------------
------------------------------------------------------------------------------------------------

    WNS(ns)      TNS(ns)  TNS Failing Endpoints  TNS Total Endpoints     WPWS(ns)     TPWS(ns)  TPWS Failing Endpoints  TPWS Total Endpoints  
    -------      -------  ---------------------  -------------------     --------     --------  ----------------------  --------------------  
      7.234        0.000                      0                 2623        7.312        0.000                       0                  1233  


All user specified timing constraints are met.


------------------------------------------------------------------------------------------------
| Clock Summary
| -------------
------------------------------------------------------------------------------------------------

Clock    Waveform(ns)       Period(ns)      Frequency(MHz)
-----    ------------       ----------      --------------
p8c_clk  {0.000 7.812}      15.625          64.000          


------------------------------------------------------------------------------------------------
| Intra Clock Table
| -----------------
------------------------------------------------------------------------------------------------

Clock             WNS(ns)      TNS(ns)  TNS Failing Endpoints  TNS Total Endpoints     WPWS(ns)     TPWS(ns)  TPWS Failing Endpoints  TPWS Total Endpoints  
-----             -------      -------  ---------------------  -------------------     --------     --------  ----------------------  --------------------  
p8c_clk             7.234        0.000                      0                 2623        7.312        0.000                       0                  1233  


------------------------------------------------------------------------------------------------
| Inter Clock Table
| -----------------
------------------------------------------------------------------------------------------------

From Clock    To Clock          WNS(ns)      TNS(ns)  TNS Failing Endpoints  TNS Total Endpoints  
----------    --------          -------      -------  ---------------------  -------------------  


------------------------------------------------------------------------------------------------
| Other Path Groups Table
| -----------------------
------------------------------------------------------------------------------------------------

Path Group    From Clock    To Clock          WNS(ns)      TNS(ns)  TNS Failing Endpoints  TNS Total Endpoints  
----------    ----------    --------          -------      -------  ---------------------  -------------------  


------------------------------------------------------------------------------------------------
| Timing Details
| --------------
------------------------------------------------------------------------------------------------


---------------------------------------------------------------------------------------------------
From Clock:  p8c_clk
  To Clock:  p8c_clk

Setup :            0  Failing Endpoints,  Worst Slack        7.234ns,  Total Violation        0.000ns
Hold  :           NA  Failing Endpoints,  Worst Slack           NA  ,  Total Violation           NA
PW    :            0  Failing Endpoints,  Worst Slack        7.312ns,  Total Violation        0.000ns
---------------------------------------------------------------------------------------------------


Max Delay Paths
--------------------------------------------------------------------------------------
Slack (MET) :             7.234ns  (required time - arrival time)
  Source:                 impl/endpoint/g_physical_safety[0].u_physical_module_safety/u_exact_duty_accountant/history_mem_reg_0/CLKBWRCLK
                            (rising edge-triggered cell RAMB36E1 clocked by p8c_clk  {rise@0.000ns fall@7.813ns period=15.625ns})
  Destination:            impl/endpoint/g_physical_safety[0].u_physical_module_safety/txd_pre_final_o_reg/D
                            (rising edge-triggered cell FDCE clocked by p8c_clk  {rise@0.000ns fall@7.813ns period=15.625ns})
  Path Group:             p8c_clk
  Path Type:              Setup (Max at Slow Process Corner)
  Requirement:            15.625ns  (p8c_clk rise@15.625ns - p8c_clk rise@0.000ns)
  Data Path Delay:        8.384ns  (logic 4.964ns (59.210%)  route 3.420ns (40.790%))
  Logic Levels:           8  (CARRY4=3 LUT2=1 LUT5=1 LUT6=2 RAMB36E1=1)
  Clock Path Skew:        -0.049ns (DCD - SCD + CPR)
    Destination Clock Delay (DCD):    0.924ns = ( 16.549 - 15.625 ) 
    Source Clock Delay      (SCD):    0.973ns
    Clock Pessimism Removal (CPR):    0.000ns
  Clock Uncertainty:      0.035ns  ((TSJ^2 + TIJ^2)^1/2 + DJ) / 2 + PE
    Total System Jitter     (TSJ):    0.071ns
    Total Input Jitter      (TIJ):    0.000ns
    Discrete Jitter          (DJ):    0.000ns
    Phase Error              (PE):    0.000ns

    Location             Delay type                Incr(ns)  Path(ns)    Netlist Resource(s)
  -------------------------------------------------------------------    -------------------
                         (clock p8c_clk rise edge)    0.000     0.000 r  
                                                      0.000     0.000 r  clk (IN)
                         net (fo=1232, unset)         0.973     0.973    impl/endpoint/g_physical_safety[0].u_physical_module_safety/u_exact_duty_accountant/clk
                         RAMB36E1                                     r  impl/endpoint/g_physical_safety[0].u_physical_module_safety/u_exact_duty_accountant/history_mem_reg_0/CLKBWRCLK
  -------------------------------------------------------------------    -------------------
                         RAMB36E1 (Prop_ramb36e1_CLKBWRCLK_CASCADEOUTB)
                                                      2.872     3.845 r  impl/endpoint/g_physical_safety[0].u_physical_module_safety/u_exact_duty_accountant/history_mem_reg_0/CASCADEOUTB
                         net (fo=1, unplaced)         0.065     3.910    impl/endpoint/g_physical_safety[0].u_physical_module_safety/u_exact_duty_accountant/history_mem_reg_0_n_1
                         RAMB36E1 (Prop_ramb36e1_CASCADEINB_DOBDO[0])
                                                      0.425     4.335 f  impl/endpoint/g_physical_safety[0].u_physical_module_safety/u_exact_duty_accountant/history_mem_reg_1/DOBDO[0]
                         net (fo=3, unplaced)         0.800     5.135    impl/endpoint/g_physical_safety[0].u_physical_module_safety/u_exact_duty_accountant/outgoing_bit_q
                         LUT2 (Prop_lut2_I1_O)        0.117     5.252 r  impl/endpoint/g_physical_safety[0].u_physical_module_safety/u_exact_duty_accountant/rolling_next_carry_i_1/O
                         net (fo=1, unplaced)         0.000     5.252    impl/endpoint/g_physical_safety[0].u_physical_module_safety/u_exact_duty_accountant/rolling_next_carry_i_1_n_0
                         CARRY4 (Prop_carry4_DI[1]_CO[3])
                                                      0.547     5.799 r  impl/endpoint/g_physical_safety[0].u_physical_module_safety/u_exact_duty_accountant/rolling_next_carry/CO[3]
                         net (fo=1, unplaced)         0.009     5.808    impl/endpoint/g_physical_safety[0].u_physical_module_safety/u_exact_duty_accountant/rolling_next_carry_n_0
                         CARRY4 (Prop_carry4_CI_CO[3])
                                                      0.117     5.925 r  impl/endpoint/g_physical_safety[0].u_physical_module_safety/u_exact_duty_accountant/rolling_next_carry__0/CO[3]
                         net (fo=1, unplaced)         0.000     5.925    impl/endpoint/g_physical_safety[0].u_physical_module_safety/u_exact_duty_accountant/rolling_next_carry__0_n_0
                         CARRY4 (Prop_carry4_CI_O[3])
                                                      0.331     6.256 f  impl/endpoint/g_physical_safety[0].u_physical_module_safety/u_exact_duty_accountant/rolling_next_carry__1/O[3]
                         net (fo=3, unplaced)         0.986     7.242    impl/endpoint/g_physical_safety[0].u_physical_module_safety/u_exact_duty_accountant/rolling_next[11]
                         LUT6 (Prop_lut6_I1_O)        0.307     7.549 r  impl/endpoint/g_physical_safety[0].u_physical_module_safety/u_exact_duty_accountant/txd_pre_final_o_i_12/O
                         net (fo=1, unplaced)         0.449     7.998    impl/endpoint/g_physical_safety[0].u_physical_module_safety/u_exact_duty_accountant/txd_pre_final_o_i_12_n_0
                         LUT5 (Prop_lut5_I4_O)        0.124     8.122 r  impl/endpoint/g_physical_safety[0].u_physical_module_safety/u_exact_duty_accountant/txd_pre_final_o_i_3/O
                         net (fo=1, unplaced)         1.111     9.233    impl/endpoint/g_physical_safety[0].u_physical_module_safety/u_exact_duty_accountant/txd_pre_final_o_i_3_n_0
                         LUT6 (Prop_lut6_I1_O)        0.124     9.357 r  impl/endpoint/g_physical_safety[0].u_physical_module_safety/u_exact_duty_accountant/txd_pre_final_o_i_1/O
                         net (fo=1, unplaced)         0.000     9.357    impl/endpoint/g_physical_safety[0].u_physical_module_safety/u_exact_duty_accountant_n_37
                         FDCE                                         r  impl/endpoint/g_physical_safety[0].u_physical_module_safety/txd_pre_final_o_reg/D
  -------------------------------------------------------------------    -------------------

                         (clock p8c_clk rise edge)   15.625    15.625 r  
                                                      0.000    15.625 r  clk (IN)
                         net (fo=1232, unset)         0.924    16.549    impl/endpoint/g_physical_safety[0].u_physical_module_safety/clk
                         FDCE                                         r  impl/endpoint/g_physical_safety[0].u_physical_module_safety/txd_pre_final_o_reg/C
                         clock pessimism              0.000    16.549    
                         clock uncertainty           -0.035    16.514    
                         FDCE (Setup_fdce_C_D)        0.077    16.591    impl/endpoint/g_physical_safety[0].u_physical_module_safety/txd_pre_final_o_reg
  -------------------------------------------------------------------
                         required time                         16.591    
                         arrival time                          -9.357    
  -------------------------------------------------------------------
                         slack                                  7.234    

Slack (MET) :             7.234ns  (required time - arrival time)
  Source:                 impl/endpoint/g_physical_safety[1].u_physical_module_safety/u_exact_duty_accountant/history_mem_reg_0/CLKBWRCLK
                            (rising edge-triggered cell RAMB36E1 clocked by p8c_clk  {rise@0.000ns fall@7.813ns period=15.625ns})
  Destination:            impl/endpoint/g_physical_safety[1].u_physical_module_safety/txd_pre_final_o_reg/D
                            (rising edge-triggered cell FDCE clocked by p8c_clk  {rise@0.000ns fall@7.813ns period=15.625ns})
  Path Group:             p8c_clk
  Path Type:              Setup (Max at Slow Process Corner)
  Requirement:            15.625ns  (p8c_clk rise@15.625ns - p8c_clk rise@0.000ns)
  Data Path Delay:        8.384ns  (logic 4.964ns (59.210%)  route 3.420ns (40.790%))
  Logic Levels:           8  (CARRY4=3 LUT2=1 LUT5=1 LUT6=2 RAMB36E1=1)
  Clock Path Skew:        -0.049ns (DCD - SCD + CPR)
    Destination Clock Delay (DCD):    0.924ns = ( 16.549 - 15.625 ) 
    Source Clock Delay      (SCD):    0.973ns
    Clock Pessimism Removal (CPR):    0.000ns
  Clock Uncertainty:      0.035ns  ((TSJ^2 + TIJ^2)^1/2 + DJ) / 2 + PE
    Total System Jitter     (TSJ):    0.071ns
    Total Input Jitter      (TIJ):    0.000ns
    Discrete Jitter          (DJ):    0.000ns
    Phase Error              (PE):    0.000ns

    Location             Delay type                Incr(ns)  Path(ns)    Netlist Resource(s)
  -------------------------------------------------------------------    -------------------
                         (clock p8c_clk rise edge)    0.000     0.000 r  
                                                      0.000     0.000 r  clk (IN)
                         net (fo=1232, unset)         0.973     0.973    impl/endpoint/g_physical_safety[1].u_physical_module_safety/u_exact_duty_accountant/clk
                         RAMB36E1                                     r  impl/endpoint/g_physical_safety[1].u_physical_module_safety/u_exact_duty_accountant/history_mem_reg_0/CLKBWRCLK
  -------------------------------------------------------------------    -------------------
                         RAMB36E1 (Prop_ramb36e1_CLKBWRCLK_CASCADEOUTB)
                                                      2.872     3.845 r  impl/endpoint/g_physical_safety[1].u_physical_module_safety/u_exact_duty_accountant/history_mem_reg_0/CASCADEOUTB
                         net (fo=1, unplaced)         0.065     3.910    impl/endpoint/g_physical_safety[1].u_physical_module_safety/u_exact_duty_accountant/history_mem_reg_0_n_1
                         RAMB36E1 (Prop_ramb36e1_CASCADEINB_DOBDO[0])
                                                      0.425     4.335 f  impl/endpoint/g_physical_safety[1].u_physical_module_safety/u_exact_duty_accountant/history_mem_reg_1/DOBDO[0]
                         net (fo=3, unplaced)         0.800     5.135    impl/endpoint/g_physical_safety[1].u_physical_module_safety/u_exact_duty_accountant/outgoing_bit_q
                         LUT2 (Prop_lut2_I1_O)        0.117     5.252 r  impl/endpoint/g_physical_safety[1].u_physical_module_safety/u_exact_duty_accountant/rolling_next_carry_i_1__0/O
                         net (fo=1, unplaced)         0.000     5.252    impl/endpoint/g_physical_safety[1].u_physical_module_safety/u_exact_duty_accountant/rolling_next_carry_i_1__0_n_0
                         CARRY4 (Prop_carry4_DI[1]_CO[3])
                                                      0.547     5.799 r  impl/endpoint/g_physical_safety[1].u_physical_module_safety/u_exact_duty_accountant/rolling_next_carry/CO[3]
                         net (fo=1, unplaced)         0.009     5.808    impl/endpoint/g_physical_safety[1].u_physical_module_safety/u_exact_duty_accountant/rolling_next_carry_n_0
                         CARRY4 (Prop_carry4_CI_CO[3])
                                                      0.117     5.925 r  impl/endpoint/g_physical_safety[1].u_physical_module_safety/u_exact_duty_accountant/rolling_next_carry__0/CO[3]
                         net (fo=1, unplaced)         0.000     5.925    impl/endpoint/g_physical_safety[1].u_physical_module_safety/u_exact_duty_accountant/rolling_next_carry__0_n_0
                         CARRY4 (Prop_carry4_CI_O[3])
                                                      0.331     6.256 f  impl/endpoint/g_physical_safety[1].u_physical_module_safety/u_exact_duty_accountant/rolling_next_carry__1/O[3]
                         net (fo=3, unplaced)         0.986     7.242    impl/endpoint/g_physical_safety[1].u_physical_module_safety/u_exact_duty_accountant/rolling_next[11]
                         LUT6 (Prop_lut6_I1_O)        0.307     7.549 r  impl/endpoint/g_physical_safety[1].u_physical_module_safety/u_exact_duty_accountant/txd_pre_final_o_i_12__0/O
                         net (fo=1, unplaced)         0.449     7.998    impl/endpoint/g_physical_safety[1].u_physical_module_safety/u_exact_duty_accountant/txd_pre_final_o_i_12__0_n_0
                         LUT5 (Prop_lut5_I4_O)        0.124     8.122 r  impl/endpoint/g_physical_safety[1].u_physical_module_safety/u_exact_duty_accountant/txd_pre_final_o_i_3__0/O
                         net (fo=1, unplaced)         1.111     9.233    impl/endpoint/g_physical_safety[1].u_physical_module_safety/u_exact_duty_accountant/txd_pre_final_o_i_3__0_n_0
                         LUT6 (Prop_lut6_I1_O)        0.124     9.357 r  impl/endpoint/g_physical_safety[1].u_physical_module_safety/u_exact_duty_accountant/txd_pre_final_o_i_1__0/O
                         net (fo=1, unplaced)         0.000     9.357    impl/endpoint/g_physical_safety[1].u_physical_module_safety/u_exact_duty_accountant_n_37
                         FDCE                                         r  impl/endpoint/g_physical_safety[1].u_physical_module_safety/txd_pre_final_o_reg/D
  -------------------------------------------------------------------    -------------------

                         (clock p8c_clk rise edge)   15.625    15.625 r  
                                                      0.000    15.625 r  clk (IN)
                         net (fo=1232, unset)         0.924    16.549    impl/endpoint/g_physical_safety[1].u_physical_module_safety/clk
                         FDCE                                         r  impl/endpoint/g_physical_safety[1].u_physical_module_safety/txd_pre_final_o_reg/C
                         clock pessimism              0.000    16.549    
                         clock uncertainty           -0.035    16.514    
                         FDCE (Setup_fdce_C_D)        0.077    16.591    impl/endpoint/g_physical_safety[1].u_physical_module_safety/txd_pre_final_o_reg
  -------------------------------------------------------------------
                         required time                         16.591    
                         arrival time                          -9.357    
  -------------------------------------------------------------------
                         slack                                  7.234    

Slack (MET) :             7.234ns  (required time - arrival time)
  Source:                 impl/endpoint/g_physical_safety[2].u_physical_module_safety/u_exact_duty_accountant/history_mem_reg_0/CLKBWRCLK
                            (rising edge-triggered cell RAMB36E1 clocked by p8c_clk  {rise@0.000ns fall@7.813ns period=15.625ns})
  Destination:            impl/endpoint/g_physical_safety[2].u_physical_module_safety/txd_pre_final_o_reg/D
                            (rising edge-triggered cell FDCE clocked by p8c_clk  {rise@0.000ns fall@7.813ns period=15.625ns})
  Path Group:             p8c_clk
  Path Type:              Setup (Max at Slow Process Corner)
  Requirement:            15.625ns  (p8c_clk rise@15.625ns - p8c_clk rise@0.000ns)
  Data Path Delay:        8.384ns  (logic 4.964ns (59.210%)  route 3.420ns (40.790%))
  Logic Levels:           8  (CARRY4=3 LUT2=1 LUT5=1 LUT6=2 RAMB36E1=1)
  Clock Path Skew:        -0.049ns (DCD - SCD + CPR)
    Destination Clock Delay (DCD):    0.924ns = ( 16.549 - 15.625 ) 
    Source Clock Delay      (SCD):    0.973ns
    Clock Pessimism Removal (CPR):    0.000ns
  Clock Uncertainty:      0.035ns  ((TSJ^2 + TIJ^2)^1/2 + DJ) / 2 + PE
    Total System Jitter     (TSJ):    0.071ns
    Total Input Jitter      (TIJ):    0.000ns
    Discrete Jitter          (DJ):    0.000ns
    Phase Error              (PE):    0.000ns

    Location             Delay type                Incr(ns)  Path(ns)    Netlist Resource(s)
  -------------------------------------------------------------------    -------------------
                         (clock p8c_clk rise edge)    0.000     0.000 r  
                                                      0.000     0.000 r  clk (IN)
                         net (fo=1232, unset)         0.973     0.973    impl/endpoint/g_physical_safety[2].u_physical_module_safety/u_exact_duty_accountant/clk
                         RAMB36E1                                     r  impl/endpoint/g_physical_safety[2].u_physical_module_safety/u_exact_duty_accountant/history_mem_reg_0/CLKBWRCLK
  -------------------------------------------------------------------    -------------------
                         RAMB36E1 (Prop_ramb36e1_CLKBWRCLK_CASCADEOUTB)
                                                      2.872     3.845 r  impl/endpoint/g_physical_safety[2].u_physical_module_safety/u_exact_duty_accountant/history_mem_reg_0/CASCADEOUTB
                         net (fo=1, unplaced)         0.065     3.910    impl/endpoint/g_physical_safety[2].u_physical_module_safety/u_exact_duty_accountant/history_mem_reg_0_n_1
                         RAMB36E1 (Prop_ramb36e1_CASCADEINB_DOBDO[0])
                                                      0.425     4.335 f  impl/endpoint/g_physical_safety[2].u_physical_module_safety/u_exact_duty_accountant/history_mem_reg_1/DOBDO[0]
                         net (fo=3, unplaced)         0.800     5.135    impl/endpoint/g_physical_safety[2].u_physical_module_safety/u_exact_duty_accountant/outgoing_bit_q
                         LUT2 (Prop_lut2_I1_O)        0.117     5.252 r  impl/endpoint/g_physical_safety[2].u_physical_module_safety/u_exact_duty_accountant/rolling_next_carry_i_1__1/O
                         net (fo=1, unplaced)         0.000     5.252    impl/endpoint/g_physical_safety[2].u_physical_module_safety/u_exact_duty_accountant/rolling_next_carry_i_1__1_n_0
                         CARRY4 (Prop_carry4_DI[1]_CO[3])
                                                      0.547     5.799 r  impl/endpoint/g_physical_safety[2].u_physical_module_safety/u_exact_duty_accountant/rolling_next_carry/CO[3]
                         net (fo=1, unplaced)         0.009     5.808    impl/endpoint/g_physical_safety[2].u_physical_module_safety/u_exact_duty_accountant/rolling_next_carry_n_0
                         CARRY4 (Prop_carry4_CI_CO[3])
                                                      0.117     5.925 r  impl/endpoint/g_physical_safety[2].u_physical_module_safety/u_exact_duty_accountant/rolling_next_carry__0/CO[3]
                         net (fo=1, unplaced)         0.000     5.925    impl/endpoint/g_physical_safety[2].u_physical_module_safety/u_exact_duty_accountant/rolling_next_carry__0_n_0
                         CARRY4 (Prop_carry4_CI_O[3])
                                                      0.331     6.256 f  impl/endpoint/g_physical_safety[2].u_physical_module_safety/u_exact_duty_accountant/rolling_next_carry__1/O[3]
                         net (fo=3, unplaced)         0.986     7.242    impl/endpoint/g_physical_safety[2].u_physical_module_safety/u_exact_duty_accountant/rolling_next[11]
                         LUT6 (Prop_lut6_I1_O)        0.307     7.549 r  impl/endpoint/g_physical_safety[2].u_physical_module_safety/u_exact_duty_accountant/txd_pre_final_o_i_12__1/O
                         net (fo=1, unplaced)         0.449     7.998    impl/endpoint/g_physical_safety[2].u_physical_module_safety/u_exact_duty_accountant/txd_pre_final_o_i_12__1_n_0
                         LUT5 (Prop_lut5_I4_O)        0.124     8.122 r  impl/endpoint/g_physical_safety[2].u_physical_module_safety/u_exact_duty_accountant/txd_pre_final_o_i_3__1/O
                         net (fo=1, unplaced)         1.111     9.233    impl/endpoint/g_physical_safety[2].u_physical_module_safety/u_exact_duty_accountant/txd_pre_final_o_i_3__1_n_0
                         LUT6 (Prop_lut6_I1_O)        0.124     9.357 r  impl/endpoint/g_physical_safety[2].u_physical_module_safety/u_exact_duty_accountant/txd_pre_final_o_i_1__1/O
                         net (fo=1, unplaced)         0.000     9.357    impl/endpoint/g_physical_safety[2].u_physical_module_safety/u_exact_duty_accountant_n_35
                         FDCE                                         r  impl/endpoint/g_physical_safety[2].u_physical_module_safety/txd_pre_final_o_reg/D
  -------------------------------------------------------------------    -------------------

                         (clock p8c_clk rise edge)   15.625    15.625 r  
                                                      0.000    15.625 r  clk (IN)
                         net (fo=1232, unset)         0.924    16.549    impl/endpoint/g_physical_safety[2].u_physical_module_safety/clk
                         FDCE                                         r  impl/endpoint/g_physical_safety[2].u_physical_module_safety/txd_pre_final_o_reg/C
                         clock pessimism              0.000    16.549    
                         clock uncertainty           -0.035    16.514    
                         FDCE (Setup_fdce_C_D)        0.077    16.591    impl/endpoint/g_physical_safety[2].u_physical_module_safety/txd_pre_final_o_reg
  -------------------------------------------------------------------
                         required time                         16.591    
                         arrival time                          -9.357    
  -------------------------------------------------------------------
                         slack                                  7.234    

Slack (MET) :             7.234ns  (required time - arrival time)
  Source:                 impl/endpoint/g_physical_safety[3].u_physical_module_safety/u_exact_duty_accountant/history_mem_reg_0/CLKBWRCLK
                            (rising edge-triggered cell RAMB36E1 clocked by p8c_clk  {rise@0.000ns fall@7.813ns period=15.625ns})
  Destination:            impl/endpoint/g_physical_safety[3].u_physical_module_safety/txd_pre_final_o_reg/D
                            (rising edge-triggered cell FDCE clocked by p8c_clk  {rise@0.000ns fall@7.813ns period=15.625ns})
  Path Group:             p8c_clk
  Path Type:              Setup (Max at Slow Process Corner)
  Requirement:            15.625ns  (p8c_clk rise@15.625ns - p8c_clk rise@0.000ns)
  Data Path Delay:        8.384ns  (logic 4.964ns (59.210%)  route 3.420ns (40.790%))
  Logic Levels:           8  (CARRY4=3 LUT2=1 LUT5=1 LUT6=2 RAMB36E1=1)
  Clock Path Skew:        -0.049ns (DCD - SCD + CPR)
    Destination Clock Delay (DCD):    0.924ns = ( 16.549 - 15.625 ) 
    Source Clock Delay      (SCD):    0.973ns
    Clock Pessimism Removal (CPR):    0.000ns
  Clock Uncertainty:      0.035ns  ((TSJ^2 + TIJ^2)^1/2 + DJ) / 2 + PE
    Total System Jitter     (TSJ):    0.071ns
    Total Input Jitter      (TIJ):    0.000ns
    Discrete Jitter          (DJ):    0.000ns
    Phase Error              (PE):    0.000ns

    Location             Delay type                Incr(ns)  Path(ns)    Netlist Resource(s)
  -------------------------------------------------------------------    -------------------
                         (clock p8c_clk rise edge)    0.000     0.000 r  
                                                      0.000     0.000 r  clk (IN)
                         net (fo=1232, unset)         0.973     0.973    impl/endpoint/g_physical_safety[3].u_physical_module_safety/u_exact_duty_accountant/clk
                         RAMB36E1                                     r  impl/endpoint/g_physical_safety[3].u_physical_module_safety/u_exact_duty_accountant/history_mem_reg_0/CLKBWRCLK
  -------------------------------------------------------------------    -------------------
                         RAMB36E1 (Prop_ramb36e1_CLKBWRCLK_CASCADEOUTB)
                                                      2.872     3.845 r  impl/endpoint/g_physical_safety[3].u_physical_module_safety/u_exact_duty_accountant/history_mem_reg_0/CASCADEOUTB
                         net (fo=1, unplaced)         0.065     3.910    impl/endpoint/g_physical_safety[3].u_physical_module_safety/u_exact_duty_accountant/history_mem_reg_0_n_1
                         RAMB36E1 (Prop_ramb36e1_CASCADEINB_DOBDO[0])
                                                      0.425     4.335 f  impl/endpoint/g_physical_safety[3].u_physical_module_safety/u_exact_duty_accountant/history_mem_reg_1/DOBDO[0]
                         net (fo=3, unplaced)         0.800     5.135    impl/endpoint/g_physical_safety[3].u_physical_module_safety/u_exact_duty_accountant/outgoing_bit_q
                         LUT2 (Prop_lut2_I1_O)        0.117     5.252 r  impl/endpoint/g_physical_safety[3].u_physical_module_safety/u_exact_duty_accountant/rolling_next_carry_i_1__2/O
                         net (fo=1, unplaced)         0.000     5.252    impl/endpoint/g_physical_safety[3].u_physical_module_safety/u_exact_duty_accountant/rolling_next_carry_i_1__2_n_0
                         CARRY4 (Prop_carry4_DI[1]_CO[3])
                                                      0.547     5.799 r  impl/endpoint/g_physical_safety[3].u_physical_module_safety/u_exact_duty_accountant/rolling_next_carry/CO[3]
                         net (fo=1, unplaced)         0.009     5.808    impl/endpoint/g_physical_safety[3].u_physical_module_safety/u_exact_duty_accountant/rolling_next_carry_n_0
                         CARRY4 (Prop_carry4_CI_CO[3])
                                                      0.117     5.925 r  impl/endpoint/g_physical_safety[3].u_physical_module_safety/u_exact_duty_accountant/rolling_next_carry__0/CO[3]
                         net (fo=1, unplaced)         0.000     5.925    impl/endpoint/g_physical_safety[3].u_physical_module_safety/u_exact_duty_accountant/rolling_next_carry__0_n_0
                         CARRY4 (Prop_carry4_CI_O[3])
                                                      0.331     6.256 f  impl/endpoint/g_physical_safety[3].u_physical_module_safety/u_exact_duty_accountant/rolling_next_carry__1/O[3]
                         net (fo=3, unplaced)         0.986     7.242    impl/endpoint/g_physical_safety[3].u_physical_module_safety/u_exact_duty_accountant/rolling_next[11]
                         LUT6 (Prop_lut6_I1_O)        0.307     7.549 r  impl/endpoint/g_physical_safety[3].u_physical_module_safety/u_exact_duty_accountant/txd_pre_final_o_i_12__2/O
                         net (fo=1, unplaced)         0.449     7.998    impl/endpoint/g_physical_safety[3].u_physical_module_safety/u_exact_duty_accountant/txd_pre_final_o_i_12__2_n_0
                         LUT5 (Prop_lut5_I4_O)        0.124     8.122 r  impl/endpoint/g_physical_safety[3].u_physical_module_safety/u_exact_duty_accountant/txd_pre_final_o_i_3__2/O
                         net (fo=1, unplaced)         1.111     9.233    impl/endpoint/g_physical_safety[3].u_physical_module_safety/u_exact_duty_accountant/txd_pre_final_o_i_3__2_n_0
                         LUT6 (Prop_lut6_I1_O)        0.124     9.357 r  impl/endpoint/g_physical_safety[3].u_physical_module_safety/u_exact_duty_accountant/txd_pre_final_o_i_1__2/O
                         net (fo=1, unplaced)         0.000     9.357    impl/endpoint/g_physical_safety[3].u_physical_module_safety/u_exact_duty_accountant_n_37
                         FDCE                                         r  impl/endpoint/g_physical_safety[3].u_physical_module_safety/txd_pre_final_o_reg/D
  -------------------------------------------------------------------    -------------------

                         (clock p8c_clk rise edge)   15.625    15.625 r  
                                                      0.000    15.625 r  clk (IN)
                         net (fo=1232, unset)         0.924    16.549    impl/endpoint/g_physical_safety[3].u_physical_module_safety/clk
                         FDCE                                         r  impl/endpoint/g_physical_safety[3].u_physical_module_safety/txd_pre_final_o_reg/C
                         clock pessimism              0.000    16.549    
                         clock uncertainty           -0.035    16.514    
                         FDCE (Setup_fdce_C_D)        0.077    16.591    impl/endpoint/g_physical_safety[3].u_physical_module_safety/txd_pre_final_o_reg
  -------------------------------------------------------------------
                         required time                         16.591    
                         arrival time                          -9.357    
  -------------------------------------------------------------------
                         slack                                  7.234    

Slack (MET) :             7.234ns  (required time - arrival time)
  Source:                 impl/endpoint/g_physical_safety[4].u_physical_module_safety/u_exact_duty_accountant/history_mem_reg_0/CLKBWRCLK
                            (rising edge-triggered cell RAMB36E1 clocked by p8c_clk  {rise@0.000ns fall@7.813ns period=15.625ns})
  Destination:            impl/endpoint/g_physical_safety[4].u_physical_module_safety/txd_pre_final_o_reg/D
                            (rising edge-triggered cell FDCE clocked by p8c_clk  {rise@0.000ns fall@7.813ns period=15.625ns})
  Path Group:             p8c_clk
  Path Type:              Setup (Max at Slow Process Corner)
  Requirement:            15.625ns  (p8c_clk rise@15.625ns - p8c_clk rise@0.000ns)
  Data Path Delay:        8.384ns  (logic 4.964ns (59.210%)  route 3.420ns (40.790%))
  Logic Levels:           8  (CARRY4=3 LUT2=1 LUT5=1 LUT6=2 RAMB36E1=1)
  Clock Path Skew:        -0.049ns (DCD - SCD + CPR)
    Destination Clock Delay (DCD):    0.924ns = ( 16.549 - 15.625 ) 
    Source Clock Delay      (SCD):    0.973ns
    Clock Pessimism Removal (CPR):    0.000ns
  Clock Uncertainty:      0.035ns  ((TSJ^2 + TIJ^2)^1/2 + DJ) / 2 + PE
    Total System Jitter     (TSJ):    0.071ns
    Total Input Jitter      (TIJ):    0.000ns
    Discrete Jitter          (DJ):    0.000ns
    Phase Error              (PE):    0.000ns

    Location             Delay type                Incr(ns)  Path(ns)    Netlist Resource(s)
  -------------------------------------------------------------------    -------------------
                         (clock p8c_clk rise edge)    0.000     0.000 r  
                                                      0.000     0.000 r  clk (IN)
                         net (fo=1232, unset)         0.973     0.973    impl/endpoint/g_physical_safety[4].u_physical_module_safety/u_exact_duty_accountant/clk
                         RAMB36E1                                     r  impl/endpoint/g_physical_safety[4].u_physical_module_safety/u_exact_duty_accountant/history_mem_reg_0/CLKBWRCLK
  -------------------------------------------------------------------    -------------------
                         RAMB36E1 (Prop_ramb36e1_CLKBWRCLK_CASCADEOUTB)
                                                      2.872     3.845 r  impl/endpoint/g_physical_safety[4].u_physical_module_safety/u_exact_duty_accountant/history_mem_reg_0/CASCADEOUTB
                         net (fo=1, unplaced)         0.065     3.910    impl/endpoint/g_physical_safety[4].u_physical_module_safety/u_exact_duty_accountant/history_mem_reg_0_n_1
                         RAMB36E1 (Prop_ramb36e1_CASCADEINB_DOBDO[0])
                                                      0.425     4.335 f  impl/endpoint/g_physical_safety[4].u_physical_module_safety/u_exact_duty_accountant/history_mem_reg_1/DOBDO[0]
                         net (fo=3, unplaced)         0.800     5.135    impl/endpoint/g_physical_safety[4].u_physical_module_safety/u_exact_duty_accountant/outgoing_bit_q
                         LUT2 (Prop_lut2_I1_O)        0.117     5.252 r  impl/endpoint/g_physical_safety[4].u_physical_module_safety/u_exact_duty_accountant/rolling_next_carry_i_1__3/O
                         net (fo=1, unplaced)         0.000     5.252    impl/endpoint/g_physical_safety[4].u_physical_module_safety/u_exact_duty_accountant/rolling_next_carry_i_1__3_n_0
                         CARRY4 (Prop_carry4_DI[1]_CO[3])
                                                      0.547     5.799 r  impl/endpoint/g_physical_safety[4].u_physical_module_safety/u_exact_duty_accountant/rolling_next_carry/CO[3]
                         net (fo=1, unplaced)         0.009     5.808    impl/endpoint/g_physical_safety[4].u_physical_module_safety/u_exact_duty_accountant/rolling_next_carry_n_0
                         CARRY4 (Prop_carry4_CI_CO[3])
                                                      0.117     5.925 r  impl/endpoint/g_physical_safety[4].u_physical_module_safety/u_exact_duty_accountant/rolling_next_carry__0/CO[3]
                         net (fo=1, unplaced)         0.000     5.925    impl/endpoint/g_physical_safety[4].u_physical_module_safety/u_exact_duty_accountant/rolling_next_carry__0_n_0
                         CARRY4 (Prop_carry4_CI_O[3])
                                                      0.331     6.256 f  impl/endpoint/g_physical_safety[4].u_physical_module_safety/u_exact_duty_accountant/rolling_next_carry__1/O[3]
                         net (fo=3, unplaced)         0.986     7.242    impl/endpoint/g_physical_safety[4].u_physical_module_safety/u_exact_duty_accountant/rolling_next[11]
                         LUT6 (Prop_lut6_I1_O)        0.307     7.549 r  impl/endpoint/g_physical_safety[4].u_physical_module_safety/u_exact_duty_accountant/txd_pre_final_o_i_12__3/O
                         net (fo=1, unplaced)         0.449     7.998    impl/endpoint/g_physical_safety[4].u_physical_module_safety/u_exact_duty_accountant/txd_pre_final_o_i_12__3_n_0
                         LUT5 (Prop_lut5_I4_O)        0.124     8.122 r  impl/endpoint/g_physical_safety[4].u_physical_module_safety/u_exact_duty_accountant/txd_pre_final_o_i_3__3/O
                         net (fo=1, unplaced)         1.111     9.233    impl/endpoint/g_physical_safety[4].u_physical_module_safety/u_exact_duty_accountant/txd_pre_final_o_i_3__3_n_0
                         LUT6 (Prop_lut6_I1_O)        0.124     9.357 r  impl/endpoint/g_physical_safety[4].u_physical_module_safety/u_exact_duty_accountant/txd_pre_final_o_i_1__3/O
                         net (fo=1, unplaced)         0.000     9.357    impl/endpoint/g_physical_safety[4].u_physical_module_safety/u_exact_duty_accountant_n_35
                         FDCE                                         r  impl/endpoint/g_physical_safety[4].u_physical_module_safety/txd_pre_final_o_reg/D
  -------------------------------------------------------------------    -------------------

                         (clock p8c_clk rise edge)   15.625    15.625 r  
                                                      0.000    15.625 r  clk (IN)
                         net (fo=1232, unset)         0.924    16.549    impl/endpoint/g_physical_safety[4].u_physical_module_safety/clk
                         FDCE                                         r  impl/endpoint/g_physical_safety[4].u_physical_module_safety/txd_pre_final_o_reg/C
                         clock pessimism              0.000    16.549    
                         clock uncertainty           -0.035    16.514    
                         FDCE (Setup_fdce_C_D)        0.077    16.591    impl/endpoint/g_physical_safety[4].u_physical_module_safety/txd_pre_final_o_reg
  -------------------------------------------------------------------
                         required time                         16.591    
                         arrival time                          -9.357    
  -------------------------------------------------------------------
                         slack                                  7.234    

Slack (MET) :             7.234ns  (required time - arrival time)
  Source:                 impl/endpoint/g_physical_safety[5].u_physical_module_safety/u_exact_duty_accountant/history_mem_reg_0/CLKBWRCLK
                            (rising edge-triggered cell RAMB36E1 clocked by p8c_clk  {rise@0.000ns fall@7.813ns period=15.625ns})
  Destination:            impl/endpoint/g_physical_safety[5].u_physical_module_safety/txd_pre_final_o_reg/D
                            (rising edge-triggered cell FDCE clocked by p8c_clk  {rise@0.000ns fall@7.813ns period=15.625ns})
  Path Group:             p8c_clk
  Path Type:              Setup (Max at Slow Process Corner)
  Requirement:            15.625ns  (p8c_clk rise@15.625ns - p8c_clk rise@0.000ns)
  Data Path Delay:        8.384ns  (logic 4.964ns (59.210%)  route 3.420ns (40.790%))
  Logic Levels:           8  (CARRY4=3 LUT2=1 LUT5=1 LUT6=2 RAMB36E1=1)
  Clock Path Skew:        -0.049ns (DCD - SCD + CPR)
    Destination Clock Delay (DCD):    0.924ns = ( 16.549 - 15.625 ) 
    Source Clock Delay      (SCD):    0.973ns
    Clock Pessimism Removal (CPR):    0.000ns
  Clock Uncertainty:      0.035ns  ((TSJ^2 + TIJ^2)^1/2 + DJ) / 2 + PE
    Total System Jitter     (TSJ):    0.071ns
    Total Input Jitter      (TIJ):    0.000ns
    Discrete Jitter          (DJ):    0.000ns
    Phase Error              (PE):    0.000ns

    Location             Delay type                Incr(ns)  Path(ns)    Netlist Resource(s)
  -------------------------------------------------------------------    -------------------
                         (clock p8c_clk rise edge)    0.000     0.000 r  
                                                      0.000     0.000 r  clk (IN)
                         net (fo=1232, unset)         0.973     0.973    impl/endpoint/g_physical_safety[5].u_physical_module_safety/u_exact_duty_accountant/clk
                         RAMB36E1                                     r  impl/endpoint/g_physical_safety[5].u_physical_module_safety/u_exact_duty_accountant/history_mem_reg_0/CLKBWRCLK
  -------------------------------------------------------------------    -------------------
                         RAMB36E1 (Prop_ramb36e1_CLKBWRCLK_CASCADEOUTB)
                                                      2.872     3.845 r  impl/endpoint/g_physical_safety[5].u_physical_module_safety/u_exact_duty_accountant/history_mem_reg_0/CASCADEOUTB
                         net (fo=1, unplaced)         0.065     3.910    impl/endpoint/g_physical_safety[5].u_physical_module_safety/u_exact_duty_accountant/history_mem_reg_0_n_1
                         RAMB36E1 (Prop_ramb36e1_CASCADEINB_DOBDO[0])
                                                      0.425     4.335 f  impl/endpoint/g_physical_safety[5].u_physical_module_safety/u_exact_duty_accountant/history_mem_reg_1/DOBDO[0]
                         net (fo=3, unplaced)         0.800     5.135    impl/endpoint/g_physical_safety[5].u_physical_module_safety/u_exact_duty_accountant/outgoing_bit_q
                         LUT2 (Prop_lut2_I1_O)        0.117     5.252 r  impl/endpoint/g_physical_safety[5].u_physical_module_safety/u_exact_duty_accountant/rolling_next_carry_i_1__4/O
                         net (fo=1, unplaced)         0.000     5.252    impl/endpoint/g_physical_safety[5].u_physical_module_safety/u_exact_duty_accountant/rolling_next_carry_i_1__4_n_0
                         CARRY4 (Prop_carry4_DI[1]_CO[3])
                                                      0.547     5.799 r  impl/endpoint/g_physical_safety[5].u_physical_module_safety/u_exact_duty_accountant/rolling_next_carry/CO[3]
                         net (fo=1, unplaced)         0.009     5.808    impl/endpoint/g_physical_safety[5].u_physical_module_safety/u_exact_duty_accountant/rolling_next_carry_n_0
                         CARRY4 (Prop_carry4_CI_CO[3])
                                                      0.117     5.925 r  impl/endpoint/g_physical_safety[5].u_physical_module_safety/u_exact_duty_accountant/rolling_next_carry__0/CO[3]
                         net (fo=1, unplaced)         0.000     5.925    impl/endpoint/g_physical_safety[5].u_physical_module_safety/u_exact_duty_accountant/rolling_next_carry__0_n_0
                         CARRY4 (Prop_carry4_CI_O[3])
                                                      0.331     6.256 f  impl/endpoint/g_physical_safety[5].u_physical_module_safety/u_exact_duty_accountant/rolling_next_carry__1/O[3]
                         net (fo=3, unplaced)         0.986     7.242    impl/endpoint/g_physical_safety[5].u_physical_module_safety/u_exact_duty_accountant/rolling_next[11]
                         LUT6 (Prop_lut6_I1_O)        0.307     7.549 r  impl/endpoint/g_physical_safety[5].u_physical_module_safety/u_exact_duty_accountant/txd_pre_final_o_i_12__4/O
                         net (fo=1, unplaced)         0.449     7.998    impl/endpoint/g_physical_safety[5].u_physical_module_safety/u_exact_duty_accountant/txd_pre_final_o_i_12__4_n_0
                         LUT5 (Prop_lut5_I4_O)        0.124     8.122 r  impl/endpoint/g_physical_safety[5].u_physical_module_safety/u_exact_duty_accountant/txd_pre_final_o_i_3__4/O
                         net (fo=1, unplaced)         1.111     9.233    impl/endpoint/g_physical_safety[5].u_physical_module_safety/u_exact_duty_accountant/txd_pre_final_o_i_3__4_n_0
                         LUT6 (Prop_lut6_I1_O)        0.124     9.357 r  impl/endpoint/g_physical_safety[5].u_physical_module_safety/u_exact_duty_accountant/txd_pre_final_o_i_1__4/O
                         net (fo=1, unplaced)         0.000     9.357    impl/endpoint/g_physical_safety[5].u_physical_module_safety/u_exact_duty_accountant_n_38
                         FDCE                                         r  impl/endpoint/g_physical_safety[5].u_physical_module_safety/txd_pre_final_o_reg/D
  -------------------------------------------------------------------    -------------------

                         (clock p8c_clk rise edge)   15.625    15.625 r  
                                                      0.000    15.625 r  clk (IN)
                         net (fo=1232, unset)         0.924    16.549    impl/endpoint/g_physical_safety[5].u_physical_module_safety/clk
                         FDCE                                         r  impl/endpoint/g_physical_safety[5].u_physical_module_safety/txd_pre_final_o_reg/C
                         clock pessimism              0.000    16.549    
                         clock uncertainty           -0.035    16.514    
                         FDCE (Setup_fdce_C_D)        0.077    16.591    impl/endpoint/g_physical_safety[5].u_physical_module_safety/txd_pre_final_o_reg
  -------------------------------------------------------------------
                         required time                         16.591    
                         arrival time                          -9.357    
  -------------------------------------------------------------------
                         slack                                  7.234    

Slack (MET) :             7.234ns  (required time - arrival time)
  Source:                 impl/endpoint/g_physical_safety[6].u_physical_module_safety/u_exact_duty_accountant/history_mem_reg_0/CLKBWRCLK
                            (rising edge-triggered cell RAMB36E1 clocked by p8c_clk  {rise@0.000ns fall@7.813ns period=15.625ns})
  Destination:            impl/endpoint/g_physical_safety[6].u_physical_module_safety/txd_pre_final_o_reg/D
                            (rising edge-triggered cell FDCE clocked by p8c_clk  {rise@0.000ns fall@7.813ns period=15.625ns})
  Path Group:             p8c_clk
  Path Type:              Setup (Max at Slow Process Corner)
  Requirement:            15.625ns  (p8c_clk rise@15.625ns - p8c_clk rise@0.000ns)
  Data Path Delay:        8.384ns  (logic 4.964ns (59.210%)  route 3.420ns (40.790%))
  Logic Levels:           8  (CARRY4=3 LUT2=1 LUT5=1 LUT6=2 RAMB36E1=1)
  Clock Path Skew:        -0.049ns (DCD - SCD + CPR)
    Destination Clock Delay (DCD):    0.924ns = ( 16.549 - 15.625 ) 
    Source Clock Delay      (SCD):    0.973ns
    Clock Pessimism Removal (CPR):    0.000ns
  Clock Uncertainty:      0.035ns  ((TSJ^2 + TIJ^2)^1/2 + DJ) / 2 + PE
    Total System Jitter     (TSJ):    0.071ns
    Total Input Jitter      (TIJ):    0.000ns
    Discrete Jitter          (DJ):    0.000ns
    Phase Error              (PE):    0.000ns

    Location             Delay type                Incr(ns)  Path(ns)    Netlist Resource(s)
  -------------------------------------------------------------------    -------------------
                         (clock p8c_clk rise edge)    0.000     0.000 r  
                                                      0.000     0.000 r  clk (IN)
                         net (fo=1232, unset)         0.973     0.973    impl/endpoint/g_physical_safety[6].u_physical_module_safety/u_exact_duty_accountant/clk
                         RAMB36E1                                     r  impl/endpoint/g_physical_safety[6].u_physical_module_safety/u_exact_duty_accountant/history_mem_reg_0/CLKBWRCLK
  -------------------------------------------------------------------    -------------------
                         RAMB36E1 (Prop_ramb36e1_CLKBWRCLK_CASCADEOUTB)
                                                      2.872     3.845 r  impl/endpoint/g_physical_safety[6].u_physical_module_safety/u_exact_duty_accountant/history_mem_reg_0/CASCADEOUTB
                         net (fo=1, unplaced)         0.065     3.910    impl/endpoint/g_physical_safety[6].u_physical_module_safety/u_exact_duty_accountant/history_mem_reg_0_n_1
                         RAMB36E1 (Prop_ramb36e1_CASCADEINB_DOBDO[0])
                                                      0.425     4.335 f  impl/endpoint/g_physical_safety[6].u_physical_module_safety/u_exact_duty_accountant/history_mem_reg_1/DOBDO[0]
                         net (fo=3, unplaced)         0.800     5.135    impl/endpoint/g_physical_safety[6].u_physical_module_safety/u_exact_duty_accountant/outgoing_bit_q
                         LUT2 (Prop_lut2_I1_O)        0.117     5.252 r  impl/endpoint/g_physical_safety[6].u_physical_module_safety/u_exact_duty_accountant/rolling_next_carry_i_1__5/O
                         net (fo=1, unplaced)         0.000     5.252    impl/endpoint/g_physical_safety[6].u_physical_module_safety/u_exact_duty_accountant/rolling_next_carry_i_1__5_n_0
                         CARRY4 (Prop_carry4_DI[1]_CO[3])
                                                      0.547     5.799 r  impl/endpoint/g_physical_safety[6].u_physical_module_safety/u_exact_duty_accountant/rolling_next_carry/CO[3]
                         net (fo=1, unplaced)         0.009     5.808    impl/endpoint/g_physical_safety[6].u_physical_module_safety/u_exact_duty_accountant/rolling_next_carry_n_0
                         CARRY4 (Prop_carry4_CI_CO[3])
                                                      0.117     5.925 r  impl/endpoint/g_physical_safety[6].u_physical_module_safety/u_exact_duty_accountant/rolling_next_carry__0/CO[3]
                         net (fo=1, unplaced)         0.000     5.925    impl/endpoint/g_physical_safety[6].u_physical_module_safety/u_exact_duty_accountant/rolling_next_carry__0_n_0
                         CARRY4 (Prop_carry4_CI_O[3])
                                                      0.331     6.256 f  impl/endpoint/g_physical_safety[6].u_physical_module_safety/u_exact_duty_accountant/rolling_next_carry__1/O[3]
                         net (fo=3, unplaced)         0.986     7.242    impl/endpoint/g_physical_safety[6].u_physical_module_safety/u_exact_duty_accountant/rolling_next[11]
                         LUT6 (Prop_lut6_I1_O)        0.307     7.549 r  impl/endpoint/g_physical_safety[6].u_physical_module_safety/u_exact_duty_accountant/txd_pre_final_o_i_12__5/O
                         net (fo=1, unplaced)         0.449     7.998    impl/endpoint/g_physical_safety[6].u_physical_module_safety/u_exact_duty_accountant/txd_pre_final_o_i_12__5_n_0
                         LUT5 (Prop_lut5_I4_O)        0.124     8.122 r  impl/endpoint/g_physical_safety[6].u_physical_module_safety/u_exact_duty_accountant/txd_pre_final_o_i_3__5/O
                         net (fo=1, unplaced)         1.111     9.233    impl/endpoint/g_physical_safety[6].u_physical_module_safety/u_exact_duty_accountant/txd_pre_final_o_i_3__5_n_0
                         LUT6 (Prop_lut6_I1_O)        0.124     9.357 r  impl/endpoint/g_physical_safety[6].u_physical_module_safety/u_exact_duty_accountant/txd_pre_final_o_i_1__5/O
                         net (fo=1, unplaced)         0.000     9.357    impl/endpoint/g_physical_safety[6].u_physical_module_safety/u_exact_duty_accountant_n_36
                         FDCE                                         r  impl/endpoint/g_physical_safety[6].u_physical_module_safety/txd_pre_final_o_reg/D
  -------------------------------------------------------------------    -------------------

                         (clock p8c_clk rise edge)   15.625    15.625 r  
                                                      0.000    15.625 r  clk (IN)
                         net (fo=1232, unset)         0.924    16.549    impl/endpoint/g_physical_safety[6].u_physical_module_safety/clk
                         FDCE                                         r  impl/endpoint/g_physical_safety[6].u_physical_module_safety/txd_pre_final_o_reg/C
                         clock pessimism              0.000    16.549    
                         clock uncertainty           -0.035    16.514    
                         FDCE (Setup_fdce_C_D)        0.077    16.591    impl/endpoint/g_physical_safety[6].u_physical_module_safety/txd_pre_final_o_reg
  -------------------------------------------------------------------
                         required time                         16.591    
                         arrival time                          -9.357    
  -------------------------------------------------------------------
                         slack                                  7.234    

Slack (MET) :             7.242ns  (required time - arrival time)
  Source:                 impl/endpoint/g_physical_safety[7].u_physical_module_safety/u_exact_duty_accountant/history_mem_reg_0/CLKBWRCLK
                            (rising edge-triggered cell RAMB36E1 clocked by p8c_clk  {rise@0.000ns fall@7.813ns period=15.625ns})
  Destination:            impl/endpoint/g_physical_safety[7].u_physical_module_safety/txd_pre_final_o_reg/D
                            (rising edge-triggered cell FDCE clocked by p8c_clk  {rise@0.000ns fall@7.813ns period=15.625ns})
  Path Group:             p8c_clk
  Path Type:              Setup (Max at Slow Process Corner)
  Requirement:            15.625ns  (p8c_clk rise@15.625ns - p8c_clk rise@0.000ns)
  Data Path Delay:        8.376ns  (logic 4.956ns (59.171%)  route 3.420ns (40.829%))
  Logic Levels:           8  (CARRY4=3 LUT2=1 LUT5=1 LUT6=2 RAMB36E1=1)
  Clock Path Skew:        -0.049ns (DCD - SCD + CPR)
    Destination Clock Delay (DCD):    0.924ns = ( 16.549 - 15.625 ) 
    Source Clock Delay      (SCD):    0.973ns
    Clock Pessimism Removal (CPR):    0.000ns
  Clock Uncertainty:      0.035ns  ((TSJ^2 + TIJ^2)^1/2 + DJ) / 2 + PE
    Total System Jitter     (TSJ):    0.071ns
    Total Input Jitter      (TIJ):    0.000ns
    Discrete Jitter          (DJ):    0.000ns
    Phase Error              (PE):    0.000ns

    Location             Delay type                Incr(ns)  Path(ns)    Netlist Resource(s)
  -------------------------------------------------------------------    -------------------
                         (clock p8c_clk rise edge)    0.000     0.000 r  
                                                      0.000     0.000 r  clk (IN)
                         net (fo=1232, unset)         0.973     0.973    impl/endpoint/g_physical_safety[7].u_physical_module_safety/u_exact_duty_accountant/clk
                         RAMB36E1                                     r  impl/endpoint/g_physical_safety[7].u_physical_module_safety/u_exact_duty_accountant/history_mem_reg_0/CLKBWRCLK
  -------------------------------------------------------------------    -------------------
                         RAMB36E1 (Prop_ramb36e1_CLKBWRCLK_CASCADEOUTB)
                                                      2.872     3.845 r  impl/endpoint/g_physical_safety[7].u_physical_module_safety/u_exact_duty_accountant/history_mem_reg_0/CASCADEOUTB
                         net (fo=1, unplaced)         0.065     3.910    impl/endpoint/g_physical_safety[7].u_physical_module_safety/u_exact_duty_accountant/history_mem_reg_0_n_1
                         RAMB36E1 (Prop_ramb36e1_CASCADEINB_DOBDO[0])
                                                      0.425     4.335 f  impl/endpoint/g_physical_safety[7].u_physical_module_safety/u_exact_duty_accountant/history_mem_reg_1/DOBDO[0]
                         net (fo=3, unplaced)         0.800     5.135    impl/endpoint/g_physical_safety[7].u_physical_module_safety/u_exact_duty_accountant/outgoing_bit_q
                         LUT2 (Prop_lut2_I1_O)        0.117     5.252 r  impl/endpoint/g_physical_safety[7].u_physical_module_safety/u_exact_duty_accountant/rolling_next_carry_i_1__6/O
                         net (fo=1, unplaced)         0.000     5.252    impl/endpoint/g_physical_safety[7].u_physical_module_safety/u_exact_duty_accountant/rolling_next_carry_i_1__6_n_0
                         CARRY4 (Prop_carry4_DI[1]_CO[3])
                                                      0.547     5.799 r  impl/endpoint/g_physical_safety[7].u_physical_module_safety/u_exact_duty_accountant/rolling_next_carry/CO[3]
                         net (fo=1, unplaced)         0.009     5.808    impl/endpoint/g_physical_safety[7].u_physical_module_safety/u_exact_duty_accountant/rolling_next_carry_n_0
                         CARRY4 (Prop_carry4_CI_CO[3])
                                                      0.117     5.925 r  impl/endpoint/g_physical_safety[7].u_physical_module_safety/u_exact_duty_accountant/rolling_next_carry__0/CO[3]
                         net (fo=1, unplaced)         0.000     5.925    impl/endpoint/g_physical_safety[7].u_physical_module_safety/u_exact_duty_accountant/rolling_next_carry__0_n_0
                         CARRY4 (Prop_carry4_CI_O[3])
                                                      0.331     6.256 f  impl/endpoint/g_physical_safety[7].u_physical_module_safety/u_exact_duty_accountant/rolling_next_carry__1/O[3]
                         net (fo=3, unplaced)         0.986     7.242    impl/endpoint/g_physical_safety[7].u_physical_module_safety/u_exact_duty_accountant/rolling_next[11]
                         LUT6 (Prop_lut6_I1_O)        0.307     7.549 r  impl/endpoint/g_physical_safety[7].u_physical_module_safety/u_exact_duty_accountant/txd_pre_final_o_i_12__6/O
                         net (fo=1, unplaced)         0.449     7.998    impl/endpoint/g_physical_safety[7].u_physical_module_safety/u_exact_duty_accountant/txd_pre_final_o_i_12__6_n_0
                         LUT5 (Prop_lut5_I4_O)        0.116     8.114 r  impl/endpoint/g_physical_safety[7].u_physical_module_safety/u_exact_duty_accountant/txd_pre_final_o_i_3__6/O
                         net (fo=1, unplaced)         1.111     9.225    impl/endpoint/g_physical_safety[7].u_physical_module_safety/u_exact_duty_accountant/txd_pre_final_o_i_3__6_n_0
                         LUT6 (Prop_lut6_I1_O)        0.124     9.349 r  impl/endpoint/g_physical_safety[7].u_physical_module_safety/u_exact_duty_accountant/txd_pre_final_o_i_1__6/O
                         net (fo=1, unplaced)         0.000     9.349    impl/endpoint/g_physical_safety[7].u_physical_module_safety/u_exact_duty_accountant_n_38
                         FDCE                                         r  impl/endpoint/g_physical_safety[7].u_physical_module_safety/txd_pre_final_o_reg/D
  -------------------------------------------------------------------    -------------------

                         (clock p8c_clk rise edge)   15.625    15.625 r  
                                                      0.000    15.625 r  clk (IN)
                         net (fo=1232, unset)         0.924    16.549    impl/endpoint/g_physical_safety[7].u_physical_module_safety/clk
                         FDCE                                         r  impl/endpoint/g_physical_safety[7].u_physical_module_safety/txd_pre_final_o_reg/C
                         clock pessimism              0.000    16.549    
                         clock uncertainty           -0.035    16.514    
                         FDCE (Setup_fdce_C_D)        0.077    16.591    impl/endpoint/g_physical_safety[7].u_physical_module_safety/txd_pre_final_o_reg
  -------------------------------------------------------------------
                         required time                         16.591    
                         arrival time                          -9.349    
  -------------------------------------------------------------------
                         slack                                  7.242    

Slack (MET) :             7.248ns  (required time - arrival time)
  Source:                 impl/endpoint/g_physical_safety[0].u_physical_module_safety/u_exact_duty_accountant/history_mem_reg_0/CLKBWRCLK
                            (rising edge-triggered cell RAMB36E1 clocked by p8c_clk  {rise@0.000ns fall@7.813ns period=15.625ns})
  Destination:            impl/endpoint/g_physical_safety[0].u_physical_module_safety/u_exact_duty_accountant/duty_hard_fault_o_reg/D
                            (rising edge-triggered cell FDRE clocked by p8c_clk  {rise@0.000ns fall@7.813ns period=15.625ns})
  Path Group:             p8c_clk
  Path Type:              Setup (Max at Slow Process Corner)
  Requirement:            15.625ns  (p8c_clk rise@15.625ns - p8c_clk rise@0.000ns)
  Data Path Delay:        8.370ns  (logic 5.315ns (63.503%)  route 3.055ns (36.497%))
  Logic Levels:           11  (CARRY4=6 LUT2=1 LUT4=1 LUT5=2 RAMB36E1=1)
  Clock Path Skew:        -0.049ns (DCD - SCD + CPR)
    Destination Clock Delay (DCD):    0.924ns = ( 16.549 - 15.625 ) 
    Source Clock Delay      (SCD):    0.973ns
    Clock Pessimism Removal (CPR):    0.000ns
  Clock Uncertainty:      0.035ns  ((TSJ^2 + TIJ^2)^1/2 + DJ) / 2 + PE
    Total System Jitter     (TSJ):    0.071ns
    Total Input Jitter      (TIJ):    0.000ns
    Discrete Jitter          (DJ):    0.000ns
    Phase Error              (PE):    0.000ns

    Location             Delay type                Incr(ns)  Path(ns)    Netlist Resource(s)
  -------------------------------------------------------------------    -------------------
                         (clock p8c_clk rise edge)    0.000     0.000 r  
                                                      0.000     0.000 r  clk (IN)
                         net (fo=1232, unset)         0.973     0.973    impl/endpoint/g_physical_safety[0].u_physical_module_safety/u_exact_duty_accountant/clk
                         RAMB36E1                                     r  impl/endpoint/g_physical_safety[0].u_physical_module_safety/u_exact_duty_accountant/history_mem_reg_0/CLKBWRCLK
  -------------------------------------------------------------------    -------------------
                         RAMB36E1 (Prop_ramb36e1_CLKBWRCLK_CASCADEOUTB)
                                                      2.872     3.845 r  impl/endpoint/g_physical_safety[0].u_physical_module_safety/u_exact_duty_accountant/history_mem_reg_0/CASCADEOUTB
                         net (fo=1, unplaced)         0.065     3.910    impl/endpoint/g_physical_safety[0].u_physical_module_safety/u_exact_duty_accountant/history_mem_reg_0_n_1
                         RAMB36E1 (Prop_ramb36e1_CASCADEINB_DOBDO[0])
                                                      0.425     4.335 f  impl/endpoint/g_physical_safety[0].u_physical_module_safety/u_exact_duty_accountant/history_mem_reg_1/DOBDO[0]
                         net (fo=3, unplaced)         0.800     5.135    impl/endpoint/g_physical_safety[0].u_physical_module_safety/u_exact_duty_accountant/outgoing_bit_q
                         LUT2 (Prop_lut2_I1_O)        0.117     5.252 r  impl/endpoint/g_physical_safety[0].u_physical_module_safety/u_exact_duty_accountant/rolling_next_carry_i_1/O
                         net (fo=1, unplaced)         0.000     5.252    impl/endpoint/g_physical_safety[0].u_physical_module_safety/u_exact_duty_accountant/rolling_next_carry_i_1_n_0
                         CARRY4 (Prop_carry4_DI[1]_CO[3])
                                                      0.547     5.799 r  impl/endpoint/g_physical_safety[0].u_physical_module_safety/u_exact_duty_accountant/rolling_next_carry/CO[3]
                         net (fo=1, unplaced)         0.009     5.808    impl/endpoint/g_physical_safety[0].u_physical_module_safety/u_exact_duty_accountant/rolling_next_carry_n_0
                         CARRY4 (Prop_carry4_CI_CO[3])
                                                      0.117     5.925 r  impl/endpoint/g_physical_safety[0].u_physical_module_safety/u_exact_duty_accountant/rolling_next_carry__0/CO[3]
                         net (fo=1, unplaced)         0.000     5.925    impl/endpoint/g_physical_safety[0].u_physical_module_safety/u_exact_duty_accountant/rolling_next_carry__0_n_0
                         CARRY4 (Prop_carry4_CI_CO[3])
                                                      0.117     6.042 r  impl/endpoint/g_physical_safety[0].u_physical_module_safety/u_exact_duty_accountant/rolling_next_carry__1/CO[3]
                         net (fo=1, unplaced)         0.000     6.042    impl/endpoint/g_physical_safety[0].u_physical_module_safety/u_exact_duty_accountant/rolling_next_carry__1_n_0
                         CARRY4 (Prop_carry4_CI_CO[3])
                                                      0.117     6.159 r  impl/endpoint/g_physical_safety[0].u_physical_module_safety/u_exact_duty_accountant/rolling_next_carry__2/CO[3]
                         net (fo=1, unplaced)         0.000     6.159    impl/endpoint/g_physical_safety[0].u_physical_module_safety/u_exact_duty_accountant/rolling_next_carry__2_n_0
                         CARRY4 (Prop_carry4_CI_CO[3])
                                                      0.117     6.276 r  impl/endpoint/g_physical_safety[0].u_physical_module_safety/u_exact_duty_accountant/rolling_next_carry__3/CO[3]
                         net (fo=1, unplaced)         0.000     6.276    impl/endpoint/g_physical_safety[0].u_physical_module_safety/u_exact_duty_accountant/rolling_next_carry__3_n_0
                         CARRY4 (Prop_carry4_CI_O[3])
                                                      0.331     6.607 r  impl/endpoint/g_physical_safety[0].u_physical_module_safety/u_exact_duty_accountant/rolling_next_carry__4/O[3]
                         net (fo=2, unplaced)         0.819     7.426    impl/endpoint/g_physical_safety[0].u_physical_module_safety/u_exact_duty_accountant/rolling_next[23]
                         LUT4 (Prop_lut4_I1_O)        0.307     7.733 r  impl/endpoint/g_physical_safety[0].u_physical_module_safety/u_exact_duty_accountant/txd_pre_final_o_i_10/O
                         net (fo=1, unplaced)         0.902     8.635    impl/endpoint/g_physical_safety[0].u_physical_module_safety/u_exact_duty_accountant/txd_pre_final_o_i_10_n_0
                         LUT5 (Prop_lut5_I3_O)        0.124     8.759 r  impl/endpoint/g_physical_safety[0].u_physical_module_safety/u_exact_duty_accountant/txd_pre_final_o_i_2/O
                         net (fo=2, unplaced)         0.460     9.219    impl/endpoint/g_physical_safety[0].u_physical_module_safety/u_exact_duty_accountant/txd_pre_final_o_i_2_n_0
                         LUT5 (Prop_lut5_I4_O)        0.124     9.343 r  impl/endpoint/g_physical_safety[0].u_physical_module_safety/u_exact_duty_accountant/duty_hard_fault_o_i_1/O
                         net (fo=1, unplaced)         0.000     9.343    impl/endpoint/g_physical_safety[0].u_physical_module_safety/u_exact_duty_accountant/duty_hard_fault_o_i_1_n_0
                         FDRE                                         r  impl/endpoint/g_physical_safety[0].u_physical_module_safety/u_exact_duty_accountant/duty_hard_fault_o_reg/D
  -------------------------------------------------------------------    -------------------

                         (clock p8c_clk rise edge)   15.625    15.625 r  
                                                      0.000    15.625 r  clk (IN)
                         net (fo=1232, unset)         0.924    16.549    impl/endpoint/g_physical_safety[0].u_physical_module_safety/u_exact_duty_accountant/clk
                         FDRE                                         r  impl/endpoint/g_physical_safety[0].u_physical_module_safety/u_exact_duty_accountant/duty_hard_fault_o_reg/C
                         clock pessimism              0.000    16.549    
                         clock uncertainty           -0.035    16.514    
                         FDRE (Setup_fdre_C_D)        0.077    16.591    impl/endpoint/g_physical_safety[0].u_physical_module_safety/u_exact_duty_accountant/duty_hard_fault_o_reg
  -------------------------------------------------------------------
                         required time                         16.591    
                         arrival time                          -9.343    
  -------------------------------------------------------------------
                         slack                                  7.248    

Slack (MET) :             7.248ns  (required time - arrival time)
  Source:                 impl/endpoint/g_physical_safety[1].u_physical_module_safety/u_exact_duty_accountant/history_mem_reg_0/CLKBWRCLK
                            (rising edge-triggered cell RAMB36E1 clocked by p8c_clk  {rise@0.000ns fall@7.813ns period=15.625ns})
  Destination:            impl/endpoint/g_physical_safety[1].u_physical_module_safety/u_exact_duty_accountant/duty_hard_fault_o_reg/D
                            (rising edge-triggered cell FDRE clocked by p8c_clk  {rise@0.000ns fall@7.813ns period=15.625ns})
  Path Group:             p8c_clk
  Path Type:              Setup (Max at Slow Process Corner)
  Requirement:            15.625ns  (p8c_clk rise@15.625ns - p8c_clk rise@0.000ns)
  Data Path Delay:        8.370ns  (logic 5.315ns (63.503%)  route 3.055ns (36.497%))
  Logic Levels:           11  (CARRY4=6 LUT2=1 LUT4=1 LUT5=2 RAMB36E1=1)
  Clock Path Skew:        -0.049ns (DCD - SCD + CPR)
    Destination Clock Delay (DCD):    0.924ns = ( 16.549 - 15.625 ) 
    Source Clock Delay      (SCD):    0.973ns
    Clock Pessimism Removal (CPR):    0.000ns
  Clock Uncertainty:      0.035ns  ((TSJ^2 + TIJ^2)^1/2 + DJ) / 2 + PE
    Total System Jitter     (TSJ):    0.071ns
    Total Input Jitter      (TIJ):    0.000ns
    Discrete Jitter          (DJ):    0.000ns
    Phase Error              (PE):    0.000ns

    Location             Delay type                Incr(ns)  Path(ns)    Netlist Resource(s)
  -------------------------------------------------------------------    -------------------
                         (clock p8c_clk rise edge)    0.000     0.000 r  
                                                      0.000     0.000 r  clk (IN)
                         net (fo=1232, unset)         0.973     0.973    impl/endpoint/g_physical_safety[1].u_physical_module_safety/u_exact_duty_accountant/clk
                         RAMB36E1                                     r  impl/endpoint/g_physical_safety[1].u_physical_module_safety/u_exact_duty_accountant/history_mem_reg_0/CLKBWRCLK
  -------------------------------------------------------------------    -------------------
                         RAMB36E1 (Prop_ramb36e1_CLKBWRCLK_CASCADEOUTB)
                                                      2.872     3.845 r  impl/endpoint/g_physical_safety[1].u_physical_module_safety/u_exact_duty_accountant/history_mem_reg_0/CASCADEOUTB
                         net (fo=1, unplaced)         0.065     3.910    impl/endpoint/g_physical_safety[1].u_physical_module_safety/u_exact_duty_accountant/history_mem_reg_0_n_1
                         RAMB36E1 (Prop_ramb36e1_CASCADEINB_DOBDO[0])
                                                      0.425     4.335 f  impl/endpoint/g_physical_safety[1].u_physical_module_safety/u_exact_duty_accountant/history_mem_reg_1/DOBDO[0]
                         net (fo=3, unplaced)         0.800     5.135    impl/endpoint/g_physical_safety[1].u_physical_module_safety/u_exact_duty_accountant/outgoing_bit_q
                         LUT2 (Prop_lut2_I1_O)        0.117     5.252 r  impl/endpoint/g_physical_safety[1].u_physical_module_safety/u_exact_duty_accountant/rolling_next_carry_i_1__0/O
                         net (fo=1, unplaced)         0.000     5.252    impl/endpoint/g_physical_safety[1].u_physical_module_safety/u_exact_duty_accountant/rolling_next_carry_i_1__0_n_0
                         CARRY4 (Prop_carry4_DI[1]_CO[3])
                                                      0.547     5.799 r  impl/endpoint/g_physical_safety[1].u_physical_module_safety/u_exact_duty_accountant/rolling_next_carry/CO[3]
                         net (fo=1, unplaced)         0.009     5.808    impl/endpoint/g_physical_safety[1].u_physical_module_safety/u_exact_duty_accountant/rolling_next_carry_n_0
                         CARRY4 (Prop_carry4_CI_CO[3])
                                                      0.117     5.925 r  impl/endpoint/g_physical_safety[1].u_physical_module_safety/u_exact_duty_accountant/rolling_next_carry__0/CO[3]
                         net (fo=1, unplaced)         0.000     5.925    impl/endpoint/g_physical_safety[1].u_physical_module_safety/u_exact_duty_accountant/rolling_next_carry__0_n_0
                         CARRY4 (Prop_carry4_CI_CO[3])
                                                      0.117     6.042 r  impl/endpoint/g_physical_safety[1].u_physical_module_safety/u_exact_duty_accountant/rolling_next_carry__1/CO[3]
                         net (fo=1, unplaced)         0.000     6.042    impl/endpoint/g_physical_safety[1].u_physical_module_safety/u_exact_duty_accountant/rolling_next_carry__1_n_0
                         CARRY4 (Prop_carry4_CI_CO[3])
                                                      0.117     6.159 r  impl/endpoint/g_physical_safety[1].u_physical_module_safety/u_exact_duty_accountant/rolling_next_carry__2/CO[3]
                         net (fo=1, unplaced)         0.000     6.159    impl/endpoint/g_physical_safety[1].u_physical_module_safety/u_exact_duty_accountant/rolling_next_carry__2_n_0
                         CARRY4 (Prop_carry4_CI_CO[3])
                                                      0.117     6.276 r  impl/endpoint/g_physical_safety[1].u_physical_module_safety/u_exact_duty_accountant/rolling_next_carry__3/CO[3]
                         net (fo=1, unplaced)         0.000     6.276    impl/endpoint/g_physical_safety[1].u_physical_module_safety/u_exact_duty_accountant/rolling_next_carry__3_n_0
                         CARRY4 (Prop_carry4_CI_O[3])
                                                      0.331     6.607 r  impl/endpoint/g_physical_safety[1].u_physical_module_safety/u_exact_duty_accountant/rolling_next_carry__4/O[3]
                         net (fo=2, unplaced)         0.819     7.426    impl/endpoint/g_physical_safety[1].u_physical_module_safety/u_exact_duty_accountant/rolling_next[23]
                         LUT4 (Prop_lut4_I1_O)        0.307     7.733 r  impl/endpoint/g_physical_safety[1].u_physical_module_safety/u_exact_duty_accountant/txd_pre_final_o_i_10__0/O
                         net (fo=1, unplaced)         0.902     8.635    impl/endpoint/g_physical_safety[1].u_physical_module_safety/u_exact_duty_accountant/txd_pre_final_o_i_10__0_n_0
                         LUT5 (Prop_lut5_I3_O)        0.124     8.759 r  impl/endpoint/g_physical_safety[1].u_physical_module_safety/u_exact_duty_accountant/txd_pre_final_o_i_2__0/O
                         net (fo=2, unplaced)         0.460     9.219    impl/endpoint/g_physical_safety[1].u_physical_module_safety/u_exact_duty_accountant/txd_pre_final_o_i_2__0_n_0
                         LUT5 (Prop_lut5_I4_O)        0.124     9.343 r  impl/endpoint/g_physical_safety[1].u_physical_module_safety/u_exact_duty_accountant/duty_hard_fault_o_i_1__0/O
                         net (fo=1, unplaced)         0.000     9.343    impl/endpoint/g_physical_safety[1].u_physical_module_safety/u_exact_duty_accountant/duty_hard_fault_o_i_1__0_n_0
                         FDRE                                         r  impl/endpoint/g_physical_safety[1].u_physical_module_safety/u_exact_duty_accountant/duty_hard_fault_o_reg/D
  -------------------------------------------------------------------    -------------------

                         (clock p8c_clk rise edge)   15.625    15.625 r  
                                                      0.000    15.625 r  clk (IN)
                         net (fo=1232, unset)         0.924    16.549    impl/endpoint/g_physical_safety[1].u_physical_module_safety/u_exact_duty_accountant/clk
                         FDRE                                         r  impl/endpoint/g_physical_safety[1].u_physical_module_safety/u_exact_duty_accountant/duty_hard_fault_o_reg/C
                         clock pessimism              0.000    16.549    
                         clock uncertainty           -0.035    16.514    
                         FDRE (Setup_fdre_C_D)        0.077    16.591    impl/endpoint/g_physical_safety[1].u_physical_module_safety/u_exact_duty_accountant/duty_hard_fault_o_reg
  -------------------------------------------------------------------
                         required time                         16.591    
                         arrival time                          -9.343    
  -------------------------------------------------------------------
                         slack                                  7.248    

Slack (MET) :             7.248ns  (required time - arrival time)
  Source:                 impl/endpoint/g_physical_safety[2].u_physical_module_safety/u_exact_duty_accountant/history_mem_reg_0/CLKBWRCLK
                            (rising edge-triggered cell RAMB36E1 clocked by p8c_clk  {rise@0.000ns fall@7.813ns period=15.625ns})
  Destination:            impl/endpoint/g_physical_safety[2].u_physical_module_safety/u_exact_duty_accountant/duty_hard_fault_o_reg/D
                            (rising edge-triggered cell FDRE clocked by p8c_clk  {rise@0.000ns fall@7.813ns period=15.625ns})
  Path Group:             p8c_clk
  Path Type:              Setup (Max at Slow Process Corner)
  Requirement:            15.625ns  (p8c_clk rise@15.625ns - p8c_clk rise@0.000ns)
  Data Path Delay:        8.370ns  (logic 5.315ns (63.503%)  route 3.055ns (36.497%))
  Logic Levels:           11  (CARRY4=6 LUT2=1 LUT4=1 LUT5=2 RAMB36E1=1)
  Clock Path Skew:        -0.049ns (DCD - SCD + CPR)
    Destination Clock Delay (DCD):    0.924ns = ( 16.549 - 15.625 ) 
    Source Clock Delay      (SCD):    0.973ns
    Clock Pessimism Removal (CPR):    0.000ns
  Clock Uncertainty:      0.035ns  ((TSJ^2 + TIJ^2)^1/2 + DJ) / 2 + PE
    Total System Jitter     (TSJ):    0.071ns
    Total Input Jitter      (TIJ):    0.000ns
    Discrete Jitter          (DJ):    0.000ns
    Phase Error              (PE):    0.000ns

    Location             Delay type                Incr(ns)  Path(ns)    Netlist Resource(s)
  -------------------------------------------------------------------    -------------------
                         (clock p8c_clk rise edge)    0.000     0.000 r  
                                                      0.000     0.000 r  clk (IN)
                         net (fo=1232, unset)         0.973     0.973    impl/endpoint/g_physical_safety[2].u_physical_module_safety/u_exact_duty_accountant/clk
                         RAMB36E1                                     r  impl/endpoint/g_physical_safety[2].u_physical_module_safety/u_exact_duty_accountant/history_mem_reg_0/CLKBWRCLK
  -------------------------------------------------------------------    -------------------
                         RAMB36E1 (Prop_ramb36e1_CLKBWRCLK_CASCADEOUTB)
                                                      2.872     3.845 r  impl/endpoint/g_physical_safety[2].u_physical_module_safety/u_exact_duty_accountant/history_mem_reg_0/CASCADEOUTB
                         net (fo=1, unplaced)         0.065     3.910    impl/endpoint/g_physical_safety[2].u_physical_module_safety/u_exact_duty_accountant/history_mem_reg_0_n_1
                         RAMB36E1 (Prop_ramb36e1_CASCADEINB_DOBDO[0])
                                                      0.425     4.335 f  impl/endpoint/g_physical_safety[2].u_physical_module_safety/u_exact_duty_accountant/history_mem_reg_1/DOBDO[0]
                         net (fo=3, unplaced)         0.800     5.135    impl/endpoint/g_physical_safety[2].u_physical_module_safety/u_exact_duty_accountant/outgoing_bit_q
                         LUT2 (Prop_lut2_I1_O)        0.117     5.252 r  impl/endpoint/g_physical_safety[2].u_physical_module_safety/u_exact_duty_accountant/rolling_next_carry_i_1__1/O
                         net (fo=1, unplaced)         0.000     5.252    impl/endpoint/g_physical_safety[2].u_physical_module_safety/u_exact_duty_accountant/rolling_next_carry_i_1__1_n_0
                         CARRY4 (Prop_carry4_DI[1]_CO[3])
                                                      0.547     5.799 r  impl/endpoint/g_physical_safety[2].u_physical_module_safety/u_exact_duty_accountant/rolling_next_carry/CO[3]
                         net (fo=1, unplaced)         0.009     5.808    impl/endpoint/g_physical_safety[2].u_physical_module_safety/u_exact_duty_accountant/rolling_next_carry_n_0
                         CARRY4 (Prop_carry4_CI_CO[3])
                                                      0.117     5.925 r  impl/endpoint/g_physical_safety[2].u_physical_module_safety/u_exact_duty_accountant/rolling_next_carry__0/CO[3]
                         net (fo=1, unplaced)         0.000     5.925    impl/endpoint/g_physical_safety[2].u_physical_module_safety/u_exact_duty_accountant/rolling_next_carry__0_n_0
                         CARRY4 (Prop_carry4_CI_CO[3])
                                                      0.117     6.042 r  impl/endpoint/g_physical_safety[2].u_physical_module_safety/u_exact_duty_accountant/rolling_next_carry__1/CO[3]
                         net (fo=1, unplaced)         0.000     6.042    impl/endpoint/g_physical_safety[2].u_physical_module_safety/u_exact_duty_accountant/rolling_next_carry__1_n_0
                         CARRY4 (Prop_carry4_CI_CO[3])
                                                      0.117     6.159 r  impl/endpoint/g_physical_safety[2].u_physical_module_safety/u_exact_duty_accountant/rolling_next_carry__2/CO[3]
                         net (fo=1, unplaced)         0.000     6.159    impl/endpoint/g_physical_safety[2].u_physical_module_safety/u_exact_duty_accountant/rolling_next_carry__2_n_0
                         CARRY4 (Prop_carry4_CI_CO[3])
                                                      0.117     6.276 r  impl/endpoint/g_physical_safety[2].u_physical_module_safety/u_exact_duty_accountant/rolling_next_carry__3/CO[3]
                         net (fo=1, unplaced)         0.000     6.276    impl/endpoint/g_physical_safety[2].u_physical_module_safety/u_exact_duty_accountant/rolling_next_carry__3_n_0
                         CARRY4 (Prop_carry4_CI_O[3])
                                                      0.331     6.607 r  impl/endpoint/g_physical_safety[2].u_physical_module_safety/u_exact_duty_accountant/rolling_next_carry__4/O[3]
                         net (fo=2, unplaced)         0.819     7.426    impl/endpoint/g_physical_safety[2].u_physical_module_safety/u_exact_duty_accountant/rolling_next[23]
                         LUT4 (Prop_lut4_I1_O)        0.307     7.733 r  impl/endpoint/g_physical_safety[2].u_physical_module_safety/u_exact_duty_accountant/txd_pre_final_o_i_10__1/O
                         net (fo=1, unplaced)         0.902     8.635    impl/endpoint/g_physical_safety[2].u_physical_module_safety/u_exact_duty_accountant/txd_pre_final_o_i_10__1_n_0
                         LUT5 (Prop_lut5_I3_O)        0.124     8.759 r  impl/endpoint/g_physical_safety[2].u_physical_module_safety/u_exact_duty_accountant/txd_pre_final_o_i_2__1/O
                         net (fo=2, unplaced)         0.460     9.219    impl/endpoint/g_physical_safety[2].u_physical_module_safety/u_exact_duty_accountant/txd_pre_final_o_i_2__1_n_0
                         LUT5 (Prop_lut5_I4_O)        0.124     9.343 r  impl/endpoint/g_physical_safety[2].u_physical_module_safety/u_exact_duty_accountant/duty_hard_fault_o_i_1__1/O
                         net (fo=1, unplaced)         0.000     9.343    impl/endpoint/g_physical_safety[2].u_physical_module_safety/u_exact_duty_accountant/duty_hard_fault_o_i_1__1_n_0
                         FDRE                                         r  impl/endpoint/g_physical_safety[2].u_physical_module_safety/u_exact_duty_accountant/duty_hard_fault_o_reg/D
  -------------------------------------------------------------------    -------------------

                         (clock p8c_clk rise edge)   15.625    15.625 r  
                                                      0.000    15.625 r  clk (IN)
                         net (fo=1232, unset)         0.924    16.549    impl/endpoint/g_physical_safety[2].u_physical_module_safety/u_exact_duty_accountant/clk
                         FDRE                                         r  impl/endpoint/g_physical_safety[2].u_physical_module_safety/u_exact_duty_accountant/duty_hard_fault_o_reg/C
                         clock pessimism              0.000    16.549    
                         clock uncertainty           -0.035    16.514    
                         FDRE (Setup_fdre_C_D)        0.077    16.591    impl/endpoint/g_physical_safety[2].u_physical_module_safety/u_exact_duty_accountant/duty_hard_fault_o_reg
  -------------------------------------------------------------------
                         required time                         16.591    
                         arrival time                          -9.343    
  -------------------------------------------------------------------
                         slack                                  7.248    

Slack (MET) :             7.248ns  (required time - arrival time)
  Source:                 impl/endpoint/g_physical_safety[3].u_physical_module_safety/u_exact_duty_accountant/history_mem_reg_0/CLKBWRCLK
                            (rising edge-triggered cell RAMB36E1 clocked by p8c_clk  {rise@0.000ns fall@7.813ns period=15.625ns})
  Destination:            impl/endpoint/g_physical_safety[3].u_physical_module_safety/u_exact_duty_accountant/duty_hard_fault_o_reg/D
                            (rising edge-triggered cell FDRE clocked by p8c_clk  {rise@0.000ns fall@7.813ns period=15.625ns})
  Path Group:             p8c_clk
  Path Type:              Setup (Max at Slow Process Corner)
  Requirement:            15.625ns  (p8c_clk rise@15.625ns - p8c_clk rise@0.000ns)
  Data Path Delay:        8.370ns  (logic 5.315ns (63.503%)  route 3.055ns (36.497%))
  Logic Levels:           11  (CARRY4=6 LUT2=1 LUT4=1 LUT5=2 RAMB36E1=1)
  Clock Path Skew:        -0.049ns (DCD - SCD + CPR)
    Destination Clock Delay (DCD):    0.924ns = ( 16.549 - 15.625 ) 
    Source Clock Delay      (SCD):    0.973ns
    Clock Pessimism Removal (CPR):    0.000ns
  Clock Uncertainty:      0.035ns  ((TSJ^2 + TIJ^2)^1/2 + DJ) / 2 + PE
    Total System Jitter     (TSJ):    0.071ns
    Total Input Jitter      (TIJ):    0.000ns
    Discrete Jitter          (DJ):    0.000ns
    Phase Error              (PE):    0.000ns

    Location             Delay type                Incr(ns)  Path(ns)    Netlist Resource(s)
  -------------------------------------------------------------------    -------------------
                         (clock p8c_clk rise edge)    0.000     0.000 r  
                                                      0.000     0.000 r  clk (IN)
                         net (fo=1232, unset)         0.973     0.973    impl/endpoint/g_physical_safety[3].u_physical_module_safety/u_exact_duty_accountant/clk
                         RAMB36E1                                     r  impl/endpoint/g_physical_safety[3].u_physical_module_safety/u_exact_duty_accountant/history_mem_reg_0/CLKBWRCLK
  -------------------------------------------------------------------    -------------------
                         RAMB36E1 (Prop_ramb36e1_CLKBWRCLK_CASCADEOUTB)
                                                      2.872     3.845 r  impl/endpoint/g_physical_safety[3].u_physical_module_safety/u_exact_duty_accountant/history_mem_reg_0/CASCADEOUTB
                         net (fo=1, unplaced)         0.065     3.910    impl/endpoint/g_physical_safety[3].u_physical_module_safety/u_exact_duty_accountant/history_mem_reg_0_n_1
                         RAMB36E1 (Prop_ramb36e1_CASCADEINB_DOBDO[0])
                                                      0.425     4.335 f  impl/endpoint/g_physical_safety[3].u_physical_module_safety/u_exact_duty_accountant/history_mem_reg_1/DOBDO[0]
                         net (fo=3, unplaced)         0.800     5.135    impl/endpoint/g_physical_safety[3].u_physical_module_safety/u_exact_duty_accountant/outgoing_bit_q
                         LUT2 (Prop_lut2_I1_O)        0.117     5.252 r  impl/endpoint/g_physical_safety[3].u_physical_module_safety/u_exact_duty_accountant/rolling_next_carry_i_1__2/O
                         net (fo=1, unplaced)         0.000     5.252    impl/endpoint/g_physical_safety[3].u_physical_module_safety/u_exact_duty_accountant/rolling_next_carry_i_1__2_n_0
                         CARRY4 (Prop_carry4_DI[1]_CO[3])
                                                      0.547     5.799 r  impl/endpoint/g_physical_safety[3].u_physical_module_safety/u_exact_duty_accountant/rolling_next_carry/CO[3]
                         net (fo=1, unplaced)         0.009     5.808    impl/endpoint/g_physical_safety[3].u_physical_module_safety/u_exact_duty_accountant/rolling_next_carry_n_0
                         CARRY4 (Prop_carry4_CI_CO[3])
                                                      0.117     5.925 r  impl/endpoint/g_physical_safety[3].u_physical_module_safety/u_exact_duty_accountant/rolling_next_carry__0/CO[3]
                         net (fo=1, unplaced)         0.000     5.925    impl/endpoint/g_physical_safety[3].u_physical_module_safety/u_exact_duty_accountant/rolling_next_carry__0_n_0
                         CARRY4 (Prop_carry4_CI_CO[3])
                                                      0.117     6.042 r  impl/endpoint/g_physical_safety[3].u_physical_module_safety/u_exact_duty_accountant/rolling_next_carry__1/CO[3]
                         net (fo=1, unplaced)         0.000     6.042    impl/endpoint/g_physical_safety[3].u_physical_module_safety/u_exact_duty_accountant/rolling_next_carry__1_n_0
                         CARRY4 (Prop_carry4_CI_CO[3])
                                                      0.117     6.159 r  impl/endpoint/g_physical_safety[3].u_physical_module_safety/u_exact_duty_accountant/rolling_next_carry__2/CO[3]
                         net (fo=1, unplaced)         0.000     6.159    impl/endpoint/g_physical_safety[3].u_physical_module_safety/u_exact_duty_accountant/rolling_next_carry__2_n_0
                         CARRY4 (Prop_carry4_CI_CO[3])
                                                      0.117     6.276 r  impl/endpoint/g_physical_safety[3].u_physical_module_safety/u_exact_duty_accountant/rolling_next_carry__3/CO[3]
                         net (fo=1, unplaced)         0.000     6.276    impl/endpoint/g_physical_safety[3].u_physical_module_safety/u_exact_duty_accountant/rolling_next_carry__3_n_0
                         CARRY4 (Prop_carry4_CI_O[3])
                                                      0.331     6.607 r  impl/endpoint/g_physical_safety[3].u_physical_module_safety/u_exact_duty_accountant/rolling_next_carry__4/O[3]
                         net (fo=2, unplaced)         0.819     7.426    impl/endpoint/g_physical_safety[3].u_physical_module_safety/u_exact_duty_accountant/rolling_next[23]
                         LUT4 (Prop_lut4_I1_O)        0.307     7.733 r  impl/endpoint/g_physical_safety[3].u_physical_module_safety/u_exact_duty_accountant/txd_pre_final_o_i_10__2/O
                         net (fo=1, unplaced)         0.902     8.635    impl/endpoint/g_physical_safety[3].u_physical_module_safety/u_exact_duty_accountant/txd_pre_final_o_i_10__2_n_0
                         LUT5 (Prop_lut5_I3_O)        0.124     8.759 r  impl/endpoint/g_physical_safety[3].u_physical_module_safety/u_exact_duty_accountant/txd_pre_final_o_i_2__2/O
                         net (fo=2, unplaced)         0.460     9.219    impl/endpoint/g_physical_safety[3].u_physical_module_safety/u_exact_duty_accountant/txd_pre_final_o_i_2__2_n_0
                         LUT5 (Prop_lut5_I4_O)        0.124     9.343 r  impl/endpoint/g_physical_safety[3].u_physical_module_safety/u_exact_duty_accountant/duty_hard_fault_o_i_1__2/O
                         net (fo=1, unplaced)         0.000     9.343    impl/endpoint/g_physical_safety[3].u_physical_module_safety/u_exact_duty_accountant/duty_hard_fault_o_i_1__2_n_0
                         FDRE                                         r  impl/endpoint/g_physical_safety[3].u_physical_module_safety/u_exact_duty_accountant/duty_hard_fault_o_reg/D
  -------------------------------------------------------------------    -------------------

                         (clock p8c_clk rise edge)   15.625    15.625 r  
                                                      0.000    15.625 r  clk (IN)
                         net (fo=1232, unset)         0.924    16.549    impl/endpoint/g_physical_safety[3].u_physical_module_safety/u_exact_duty_accountant/clk
                         FDRE                                         r  impl/endpoint/g_physical_safety[3].u_physical_module_safety/u_exact_duty_accountant/duty_hard_fault_o_reg/C
                         clock pessimism              0.000    16.549    
                         clock uncertainty           -0.035    16.514    
                         FDRE (Setup_fdre_C_D)        0.077    16.591    impl/endpoint/g_physical_safety[3].u_physical_module_safety/u_exact_duty_accountant/duty_hard_fault_o_reg
  -------------------------------------------------------------------
                         required time                         16.591    
                         arrival time                          -9.343    
  -------------------------------------------------------------------
                         slack                                  7.248    

Slack (MET) :             7.248ns  (required time - arrival time)
  Source:                 impl/endpoint/g_physical_safety[4].u_physical_module_safety/u_exact_duty_accountant/history_mem_reg_0/CLKBWRCLK
                            (rising edge-triggered cell RAMB36E1 clocked by p8c_clk  {rise@0.000ns fall@7.813ns period=15.625ns})
  Destination:            impl/endpoint/g_physical_safety[4].u_physical_module_safety/u_exact_duty_accountant/duty_hard_fault_o_reg/D
                            (rising edge-triggered cell FDRE clocked by p8c_clk  {rise@0.000ns fall@7.813ns period=15.625ns})
  Path Group:             p8c_clk
  Path Type:              Setup (Max at Slow Process Corner)
  Requirement:            15.625ns  (p8c_clk rise@15.625ns - p8c_clk rise@0.000ns)
  Data Path Delay:        8.370ns  (logic 5.315ns (63.503%)  route 3.055ns (36.497%))
  Logic Levels:           11  (CARRY4=6 LUT2=1 LUT4=1 LUT5=2 RAMB36E1=1)
  Clock Path Skew:        -0.049ns (DCD - SCD + CPR)
    Destination Clock Delay (DCD):    0.924ns = ( 16.549 - 15.625 ) 
    Source Clock Delay      (SCD):    0.973ns
    Clock Pessimism Removal (CPR):    0.000ns
  Clock Uncertainty:      0.035ns  ((TSJ^2 + TIJ^2)^1/2 + DJ) / 2 + PE
    Total System Jitter     (TSJ):    0.071ns
    Total Input Jitter      (TIJ):    0.000ns
    Discrete Jitter          (DJ):    0.000ns
    Phase Error              (PE):    0.000ns

    Location             Delay type                Incr(ns)  Path(ns)    Netlist Resource(s)
  -------------------------------------------------------------------    -------------------
                         (clock p8c_clk rise edge)    0.000     0.000 r  
                                                      0.000     0.000 r  clk (IN)
                         net (fo=1232, unset)         0.973     0.973    impl/endpoint/g_physical_safety[4].u_physical_module_safety/u_exact_duty_accountant/clk
                         RAMB36E1                                     r  impl/endpoint/g_physical_safety[4].u_physical_module_safety/u_exact_duty_accountant/history_mem_reg_0/CLKBWRCLK
  -------------------------------------------------------------------    -------------------
                         RAMB36E1 (Prop_ramb36e1_CLKBWRCLK_CASCADEOUTB)
                                                      2.872     3.845 r  impl/endpoint/g_physical_safety[4].u_physical_module_safety/u_exact_duty_accountant/history_mem_reg_0/CASCADEOUTB
                         net (fo=1, unplaced)         0.065     3.910    impl/endpoint/g_physical_safety[4].u_physical_module_safety/u_exact_duty_accountant/history_mem_reg_0_n_1
                         RAMB36E1 (Prop_ramb36e1_CASCADEINB_DOBDO[0])
                                                      0.425     4.335 f  impl/endpoint/g_physical_safety[4].u_physical_module_safety/u_exact_duty_accountant/history_mem_reg_1/DOBDO[0]
                         net (fo=3, unplaced)         0.800     5.135    impl/endpoint/g_physical_safety[4].u_physical_module_safety/u_exact_duty_accountant/outgoing_bit_q
                         LUT2 (Prop_lut2_I1_O)        0.117     5.252 r  impl/endpoint/g_physical_safety[4].u_physical_module_safety/u_exact_duty_accountant/rolling_next_carry_i_1__3/O
                         net (fo=1, unplaced)         0.000     5.252    impl/endpoint/g_physical_safety[4].u_physical_module_safety/u_exact_duty_accountant/rolling_next_carry_i_1__3_n_0
                         CARRY4 (Prop_carry4_DI[1]_CO[3])
                                                      0.547     5.799 r  impl/endpoint/g_physical_safety[4].u_physical_module_safety/u_exact_duty_accountant/rolling_next_carry/CO[3]
                         net (fo=1, unplaced)         0.009     5.808    impl/endpoint/g_physical_safety[4].u_physical_module_safety/u_exact_duty_accountant/rolling_next_carry_n_0
                         CARRY4 (Prop_carry4_CI_CO[3])
                                                      0.117     5.925 r  impl/endpoint/g_physical_safety[4].u_physical_module_safety/u_exact_duty_accountant/rolling_next_carry__0/CO[3]
                         net (fo=1, unplaced)         0.000     5.925    impl/endpoint/g_physical_safety[4].u_physical_module_safety/u_exact_duty_accountant/rolling_next_carry__0_n_0
                         CARRY4 (Prop_carry4_CI_CO[3])
                                                      0.117     6.042 r  impl/endpoint/g_physical_safety[4].u_physical_module_safety/u_exact_duty_accountant/rolling_next_carry__1/CO[3]
                         net (fo=1, unplaced)         0.000     6.042    impl/endpoint/g_physical_safety[4].u_physical_module_safety/u_exact_duty_accountant/rolling_next_carry__1_n_0
                         CARRY4 (Prop_carry4_CI_CO[3])
                                                      0.117     6.159 r  impl/endpoint/g_physical_safety[4].u_physical_module_safety/u_exact_duty_accountant/rolling_next_carry__2/CO[3]
                         net (fo=1, unplaced)         0.000     6.159    impl/endpoint/g_physical_safety[4].u_physical_module_safety/u_exact_duty_accountant/rolling_next_carry__2_n_0
                         CARRY4 (Prop_carry4_CI_CO[3])
                                                      0.117     6.276 r  impl/endpoint/g_physical_safety[4].u_physical_module_safety/u_exact_duty_accountant/rolling_next_carry__3/CO[3]
                         net (fo=1, unplaced)         0.000     6.276    impl/endpoint/g_physical_safety[4].u_physical_module_safety/u_exact_duty_accountant/rolling_next_carry__3_n_0
                         CARRY4 (Prop_carry4_CI_O[3])
                                                      0.331     6.607 r  impl/endpoint/g_physical_safety[4].u_physical_module_safety/u_exact_duty_accountant/rolling_next_carry__4/O[3]
                         net (fo=2, unplaced)         0.819     7.426    impl/endpoint/g_physical_safety[4].u_physical_module_safety/u_exact_duty_accountant/rolling_next[23]
                         LUT4 (Prop_lut4_I1_O)        0.307     7.733 r  impl/endpoint/g_physical_safety[4].u_physical_module_safety/u_exact_duty_accountant/txd_pre_final_o_i_10__3/O
                         net (fo=1, unplaced)         0.902     8.635    impl/endpoint/g_physical_safety[4].u_physical_module_safety/u_exact_duty_accountant/txd_pre_final_o_i_10__3_n_0
                         LUT5 (Prop_lut5_I3_O)        0.124     8.759 r  impl/endpoint/g_physical_safety[4].u_physical_module_safety/u_exact_duty_accountant/txd_pre_final_o_i_2__3/O
                         net (fo=2, unplaced)         0.460     9.219    impl/endpoint/g_physical_safety[4].u_physical_module_safety/u_exact_duty_accountant/txd_pre_final_o_i_2__3_n_0
                         LUT5 (Prop_lut5_I4_O)        0.124     9.343 r  impl/endpoint/g_physical_safety[4].u_physical_module_safety/u_exact_duty_accountant/duty_hard_fault_o_i_1__3/O
                         net (fo=1, unplaced)         0.000     9.343    impl/endpoint/g_physical_safety[4].u_physical_module_safety/u_exact_duty_accountant/duty_hard_fault_o_i_1__3_n_0
                         FDRE                                         r  impl/endpoint/g_physical_safety[4].u_physical_module_safety/u_exact_duty_accountant/duty_hard_fault_o_reg/D
  -------------------------------------------------------------------    -------------------

                         (clock p8c_clk rise edge)   15.625    15.625 r  
                                                      0.000    15.625 r  clk (IN)
                         net (fo=1232, unset)         0.924    16.549    impl/endpoint/g_physical_safety[4].u_physical_module_safety/u_exact_duty_accountant/clk
                         FDRE                                         r  impl/endpoint/g_physical_safety[4].u_physical_module_safety/u_exact_duty_accountant/duty_hard_fault_o_reg/C
                         clock pessimism              0.000    16.549    
                         clock uncertainty           -0.035    16.514    
                         FDRE (Setup_fdre_C_D)        0.077    16.591    impl/endpoint/g_physical_safety[4].u_physical_module_safety/u_exact_duty_accountant/duty_hard_fault_o_reg
  -------------------------------------------------------------------
                         required time                         16.591    
                         arrival time                          -9.343    
  -------------------------------------------------------------------
                         slack                                  7.248    

Slack (MET) :             7.248ns  (required time - arrival time)
  Source:                 impl/endpoint/g_physical_safety[5].u_physical_module_safety/u_exact_duty_accountant/history_mem_reg_0/CLKBWRCLK
                            (rising edge-triggered cell RAMB36E1 clocked by p8c_clk  {rise@0.000ns fall@7.813ns period=15.625ns})
  Destination:            impl/endpoint/g_physical_safety[5].u_physical_module_safety/u_exact_duty_accountant/duty_hard_fault_o_reg/D
                            (rising edge-triggered cell FDRE clocked by p8c_clk  {rise@0.000ns fall@7.813ns period=15.625ns})
  Path Group:             p8c_clk
  Path Type:              Setup (Max at Slow Process Corner)
  Requirement:            15.625ns  (p8c_clk rise@15.625ns - p8c_clk rise@0.000ns)
  Data Path Delay:        8.370ns  (logic 5.315ns (63.503%)  route 3.055ns (36.497%))
  Logic Levels:           11  (CARRY4=6 LUT2=1 LUT4=1 LUT5=2 RAMB36E1=1)
  Clock Path Skew:        -0.049ns (DCD - SCD + CPR)
    Destination Clock Delay (DCD):    0.924ns = ( 16.549 - 15.625 ) 
    Source Clock Delay      (SCD):    0.973ns
    Clock Pessimism Removal (CPR):    0.000ns
  Clock Uncertainty:      0.035ns  ((TSJ^2 + TIJ^2)^1/2 + DJ) / 2 + PE
    Total System Jitter     (TSJ):    0.071ns
    Total Input Jitter      (TIJ):    0.000ns
    Discrete Jitter          (DJ):    0.000ns
    Phase Error              (PE):    0.000ns

    Location             Delay type                Incr(ns)  Path(ns)    Netlist Resource(s)
  -------------------------------------------------------------------    -------------------
                         (clock p8c_clk rise edge)    0.000     0.000 r  
                                                      0.000     0.000 r  clk (IN)
                         net (fo=1232, unset)         0.973     0.973    impl/endpoint/g_physical_safety[5].u_physical_module_safety/u_exact_duty_accountant/clk
                         RAMB36E1                                     r  impl/endpoint/g_physical_safety[5].u_physical_module_safety/u_exact_duty_accountant/history_mem_reg_0/CLKBWRCLK
  -------------------------------------------------------------------    -------------------
                         RAMB36E1 (Prop_ramb36e1_CLKBWRCLK_CASCADEOUTB)
                                                      2.872     3.845 r  impl/endpoint/g_physical_safety[5].u_physical_module_safety/u_exact_duty_accountant/history_mem_reg_0/CASCADEOUTB
                         net (fo=1, unplaced)         0.065     3.910    impl/endpoint/g_physical_safety[5].u_physical_module_safety/u_exact_duty_accountant/history_mem_reg_0_n_1
                         RAMB36E1 (Prop_ramb36e1_CASCADEINB_DOBDO[0])
                                                      0.425     4.335 f  impl/endpoint/g_physical_safety[5].u_physical_module_safety/u_exact_duty_accountant/history_mem_reg_1/DOBDO[0]
                         net (fo=3, unplaced)         0.800     5.135    impl/endpoint/g_physical_safety[5].u_physical_module_safety/u_exact_duty_accountant/outgoing_bit_q
                         LUT2 (Prop_lut2_I1_O)        0.117     5.252 r  impl/endpoint/g_physical_safety[5].u_physical_module_safety/u_exact_duty_accountant/rolling_next_carry_i_1__4/O
                         net (fo=1, unplaced)         0.000     5.252    impl/endpoint/g_physical_safety[5].u_physical_module_safety/u_exact_duty_accountant/rolling_next_carry_i_1__4_n_0
                         CARRY4 (Prop_carry4_DI[1]_CO[3])
                                                      0.547     5.799 r  impl/endpoint/g_physical_safety[5].u_physical_module_safety/u_exact_duty_accountant/rolling_next_carry/CO[3]
                         net (fo=1, unplaced)         0.009     5.808    impl/endpoint/g_physical_safety[5].u_physical_module_safety/u_exact_duty_accountant/rolling_next_carry_n_0
                         CARRY4 (Prop_carry4_CI_CO[3])
                                                      0.117     5.925 r  impl/endpoint/g_physical_safety[5].u_physical_module_safety/u_exact_duty_accountant/rolling_next_carry__0/CO[3]
                         net (fo=1, unplaced)         0.000     5.925    impl/endpoint/g_physical_safety[5].u_physical_module_safety/u_exact_duty_accountant/rolling_next_carry__0_n_0
                         CARRY4 (Prop_carry4_CI_CO[3])
                                                      0.117     6.042 r  impl/endpoint/g_physical_safety[5].u_physical_module_safety/u_exact_duty_accountant/rolling_next_carry__1/CO[3]
                         net (fo=1, unplaced)         0.000     6.042    impl/endpoint/g_physical_safety[5].u_physical_module_safety/u_exact_duty_accountant/rolling_next_carry__1_n_0
                         CARRY4 (Prop_carry4_CI_CO[3])
                                                      0.117     6.159 r  impl/endpoint/g_physical_safety[5].u_physical_module_safety/u_exact_duty_accountant/rolling_next_carry__2/CO[3]
                         net (fo=1, unplaced)         0.000     6.159    impl/endpoint/g_physical_safety[5].u_physical_module_safety/u_exact_duty_accountant/rolling_next_carry__2_n_0
                         CARRY4 (Prop_carry4_CI_CO[3])
                                                      0.117     6.276 r  impl/endpoint/g_physical_safety[5].u_physical_module_safety/u_exact_duty_accountant/rolling_next_carry__3/CO[3]
                         net (fo=1, unplaced)         0.000     6.276    impl/endpoint/g_physical_safety[5].u_physical_module_safety/u_exact_duty_accountant/rolling_next_carry__3_n_0
                         CARRY4 (Prop_carry4_CI_O[3])
                                                      0.331     6.607 r  impl/endpoint/g_physical_safety[5].u_physical_module_safety/u_exact_duty_accountant/rolling_next_carry__4/O[3]
                         net (fo=2, unplaced)         0.819     7.426    impl/endpoint/g_physical_safety[5].u_physical_module_safety/u_exact_duty_accountant/rolling_next[23]
                         LUT4 (Prop_lut4_I1_O)        0.307     7.733 r  impl/endpoint/g_physical_safety[5].u_physical_module_safety/u_exact_duty_accountant/txd_pre_final_o_i_10__4/O
                         net (fo=1, unplaced)         0.902     8.635    impl/endpoint/g_physical_safety[5].u_physical_module_safety/u_exact_duty_accountant/txd_pre_final_o_i_10__4_n_0
                         LUT5 (Prop_lut5_I3_O)        0.124     8.759 r  impl/endpoint/g_physical_safety[5].u_physical_module_safety/u_exact_duty_accountant/txd_pre_final_o_i_2__4/O
                         net (fo=2, unplaced)         0.460     9.219    impl/endpoint/g_physical_safety[5].u_physical_module_safety/u_exact_duty_accountant/txd_pre_final_o_i_2__4_n_0
                         LUT5 (Prop_lut5_I4_O)        0.124     9.343 r  impl/endpoint/g_physical_safety[5].u_physical_module_safety/u_exact_duty_accountant/duty_hard_fault_o_i_1__4/O
                         net (fo=1, unplaced)         0.000     9.343    impl/endpoint/g_physical_safety[5].u_physical_module_safety/u_exact_duty_accountant/duty_hard_fault_o_i_1__4_n_0
                         FDRE                                         r  impl/endpoint/g_physical_safety[5].u_physical_module_safety/u_exact_duty_accountant/duty_hard_fault_o_reg/D
  -------------------------------------------------------------------    -------------------

                         (clock p8c_clk rise edge)   15.625    15.625 r  
                                                      0.000    15.625 r  clk (IN)
                         net (fo=1232, unset)         0.924    16.549    impl/endpoint/g_physical_safety[5].u_physical_module_safety/u_exact_duty_accountant/clk
                         FDRE                                         r  impl/endpoint/g_physical_safety[5].u_physical_module_safety/u_exact_duty_accountant/duty_hard_fault_o_reg/C
                         clock pessimism              0.000    16.549    
                         clock uncertainty           -0.035    16.514    
                         FDRE (Setup_fdre_C_D)        0.077    16.591    impl/endpoint/g_physical_safety[5].u_physical_module_safety/u_exact_duty_accountant/duty_hard_fault_o_reg
  -------------------------------------------------------------------
                         required time                         16.591    
                         arrival time                          -9.343    
  -------------------------------------------------------------------
                         slack                                  7.248    

Slack (MET) :             7.248ns  (required time - arrival time)
  Source:                 impl/endpoint/g_physical_safety[6].u_physical_module_safety/u_exact_duty_accountant/history_mem_reg_0/CLKBWRCLK
                            (rising edge-triggered cell RAMB36E1 clocked by p8c_clk  {rise@0.000ns fall@7.813ns period=15.625ns})
  Destination:            impl/endpoint/g_physical_safety[6].u_physical_module_safety/u_exact_duty_accountant/duty_hard_fault_o_reg/D
                            (rising edge-triggered cell FDRE clocked by p8c_clk  {rise@0.000ns fall@7.813ns period=15.625ns})
  Path Group:             p8c_clk
  Path Type:              Setup (Max at Slow Process Corner)
  Requirement:            15.625ns  (p8c_clk rise@15.625ns - p8c_clk rise@0.000ns)
  Data Path Delay:        8.370ns  (logic 5.315ns (63.503%)  route 3.055ns (36.497%))
  Logic Levels:           11  (CARRY4=6 LUT2=1 LUT4=1 LUT5=2 RAMB36E1=1)
  Clock Path Skew:        -0.049ns (DCD - SCD + CPR)
    Destination Clock Delay (DCD):    0.924ns = ( 16.549 - 15.625 ) 
    Source Clock Delay      (SCD):    0.973ns
    Clock Pessimism Removal (CPR):    0.000ns
  Clock Uncertainty:      0.035ns  ((TSJ^2 + TIJ^2)^1/2 + DJ) / 2 + PE
    Total System Jitter     (TSJ):    0.071ns
    Total Input Jitter      (TIJ):    0.000ns
    Discrete Jitter          (DJ):    0.000ns
    Phase Error              (PE):    0.000ns

    Location             Delay type                Incr(ns)  Path(ns)    Netlist Resource(s)
  -------------------------------------------------------------------    -------------------
                         (clock p8c_clk rise edge)    0.000     0.000 r  
                                                      0.000     0.000 r  clk (IN)
                         net (fo=1232, unset)         0.973     0.973    impl/endpoint/g_physical_safety[6].u_physical_module_safety/u_exact_duty_accountant/clk
                         RAMB36E1                                     r  impl/endpoint/g_physical_safety[6].u_physical_module_safety/u_exact_duty_accountant/history_mem_reg_0/CLKBWRCLK
  -------------------------------------------------------------------    -------------------
                         RAMB36E1 (Prop_ramb36e1_CLKBWRCLK_CASCADEOUTB)
                                                      2.872     3.845 r  impl/endpoint/g_physical_safety[6].u_physical_module_safety/u_exact_duty_accountant/history_mem_reg_0/CASCADEOUTB
                         net (fo=1, unplaced)         0.065     3.910    impl/endpoint/g_physical_safety[6].u_physical_module_safety/u_exact_duty_accountant/history_mem_reg_0_n_1
                         RAMB36E1 (Prop_ramb36e1_CASCADEINB_DOBDO[0])
                                                      0.425     4.335 f  impl/endpoint/g_physical_safety[6].u_physical_module_safety/u_exact_duty_accountant/history_mem_reg_1/DOBDO[0]
                         net (fo=3, unplaced)         0.800     5.135    impl/endpoint/g_physical_safety[6].u_physical_module_safety/u_exact_duty_accountant/outgoing_bit_q
                         LUT2 (Prop_lut2_I1_O)        0.117     5.252 r  impl/endpoint/g_physical_safety[6].u_physical_module_safety/u_exact_duty_accountant/rolling_next_carry_i_1__5/O
                         net (fo=1, unplaced)         0.000     5.252    impl/endpoint/g_physical_safety[6].u_physical_module_safety/u_exact_duty_accountant/rolling_next_carry_i_1__5_n_0
                         CARRY4 (Prop_carry4_DI[1]_CO[3])
                                                      0.547     5.799 r  impl/endpoint/g_physical_safety[6].u_physical_module_safety/u_exact_duty_accountant/rolling_next_carry/CO[3]
                         net (fo=1, unplaced)         0.009     5.808    impl/endpoint/g_physical_safety[6].u_physical_module_safety/u_exact_duty_accountant/rolling_next_carry_n_0
                         CARRY4 (Prop_carry4_CI_CO[3])
                                                      0.117     5.925 r  impl/endpoint/g_physical_safety[6].u_physical_module_safety/u_exact_duty_accountant/rolling_next_carry__0/CO[3]
                         net (fo=1, unplaced)         0.000     5.925    impl/endpoint/g_physical_safety[6].u_physical_module_safety/u_exact_duty_accountant/rolling_next_carry__0_n_0
                         CARRY4 (Prop_carry4_CI_CO[3])
                                                      0.117     6.042 r  impl/endpoint/g_physical_safety[6].u_physical_module_safety/u_exact_duty_accountant/rolling_next_carry__1/CO[3]
                         net (fo=1, unplaced)         0.000     6.042    impl/endpoint/g_physical_safety[6].u_physical_module_safety/u_exact_duty_accountant/rolling_next_carry__1_n_0
                         CARRY4 (Prop_carry4_CI_CO[3])
                                                      0.117     6.159 r  impl/endpoint/g_physical_safety[6].u_physical_module_safety/u_exact_duty_accountant/rolling_next_carry__2/CO[3]
                         net (fo=1, unplaced)         0.000     6.159    impl/endpoint/g_physical_safety[6].u_physical_module_safety/u_exact_duty_accountant/rolling_next_carry__2_n_0
                         CARRY4 (Prop_carry4_CI_CO[3])
                                                      0.117     6.276 r  impl/endpoint/g_physical_safety[6].u_physical_module_safety/u_exact_duty_accountant/rolling_next_carry__3/CO[3]
                         net (fo=1, unplaced)         0.000     6.276    impl/endpoint/g_physical_safety[6].u_physical_module_safety/u_exact_duty_accountant/rolling_next_carry__3_n_0
                         CARRY4 (Prop_carry4_CI_O[3])
                                                      0.331     6.607 r  impl/endpoint/g_physical_safety[6].u_physical_module_safety/u_exact_duty_accountant/rolling_next_carry__4/O[3]
                         net (fo=2, unplaced)         0.819     7.426    impl/endpoint/g_physical_safety[6].u_physical_module_safety/u_exact_duty_accountant/rolling_next[23]
                         LUT4 (Prop_lut4_I1_O)        0.307     7.733 r  impl/endpoint/g_physical_safety[6].u_physical_module_safety/u_exact_duty_accountant/txd_pre_final_o_i_10__5/O
                         net (fo=1, unplaced)         0.902     8.635    impl/endpoint/g_physical_safety[6].u_physical_module_safety/u_exact_duty_accountant/txd_pre_final_o_i_10__5_n_0
                         LUT5 (Prop_lut5_I3_O)        0.124     8.759 r  impl/endpoint/g_physical_safety[6].u_physical_module_safety/u_exact_duty_accountant/txd_pre_final_o_i_2__5/O
                         net (fo=2, unplaced)         0.460     9.219    impl/endpoint/g_physical_safety[6].u_physical_module_safety/u_exact_duty_accountant/txd_pre_final_o_i_2__5_n_0
                         LUT5 (Prop_lut5_I4_O)        0.124     9.343 r  impl/endpoint/g_physical_safety[6].u_physical_module_safety/u_exact_duty_accountant/duty_hard_fault_o_i_1__5/O
                         net (fo=1, unplaced)         0.000     9.343    impl/endpoint/g_physical_safety[6].u_physical_module_safety/u_exact_duty_accountant/duty_hard_fault_o_i_1__5_n_0
                         FDRE                                         r  impl/endpoint/g_physical_safety[6].u_physical_module_safety/u_exact_duty_accountant/duty_hard_fault_o_reg/D
  -------------------------------------------------------------------    -------------------

                         (clock p8c_clk rise edge)   15.625    15.625 r  
                                                      0.000    15.625 r  clk (IN)
                         net (fo=1232, unset)         0.924    16.549    impl/endpoint/g_physical_safety[6].u_physical_module_safety/u_exact_duty_accountant/clk
                         FDRE                                         r  impl/endpoint/g_physical_safety[6].u_physical_module_safety/u_exact_duty_accountant/duty_hard_fault_o_reg/C
                         clock pessimism              0.000    16.549    
                         clock uncertainty           -0.035    16.514    
                         FDRE (Setup_fdre_C_D)        0.077    16.591    impl/endpoint/g_physical_safety[6].u_physical_module_safety/u_exact_duty_accountant/duty_hard_fault_o_reg
  -------------------------------------------------------------------
                         required time                         16.591    
                         arrival time                          -9.343    
  -------------------------------------------------------------------
                         slack                                  7.248    

Slack (MET) :             7.248ns  (required time - arrival time)
  Source:                 impl/endpoint/g_physical_safety[7].u_physical_module_safety/u_exact_duty_accountant/history_mem_reg_0/CLKBWRCLK
                            (rising edge-triggered cell RAMB36E1 clocked by p8c_clk  {rise@0.000ns fall@7.813ns period=15.625ns})
  Destination:            impl/endpoint/g_physical_safety[7].u_physical_module_safety/u_exact_duty_accountant/duty_hard_fault_o_reg/D
                            (rising edge-triggered cell FDRE clocked by p8c_clk  {rise@0.000ns fall@7.813ns period=15.625ns})
  Path Group:             p8c_clk
  Path Type:              Setup (Max at Slow Process Corner)
  Requirement:            15.625ns  (p8c_clk rise@15.625ns - p8c_clk rise@0.000ns)
  Data Path Delay:        8.370ns  (logic 5.315ns (63.503%)  route 3.055ns (36.497%))
  Logic Levels:           11  (CARRY4=6 LUT2=1 LUT4=1 LUT5=2 RAMB36E1=1)
  Clock Path Skew:        -0.049ns (DCD - SCD + CPR)
    Destination Clock Delay (DCD):    0.924ns = ( 16.549 - 15.625 ) 
    Source Clock Delay      (SCD):    0.973ns
    Clock Pessimism Removal (CPR):    0.000ns
  Clock Uncertainty:      0.035ns  ((TSJ^2 + TIJ^2)^1/2 + DJ) / 2 + PE
    Total System Jitter     (TSJ):    0.071ns
    Total Input Jitter      (TIJ):    0.000ns
    Discrete Jitter          (DJ):    0.000ns
    Phase Error              (PE):    0.000ns

    Location             Delay type                Incr(ns)  Path(ns)    Netlist Resource(s)
  -------------------------------------------------------------------    -------------------
                         (clock p8c_clk rise edge)    0.000     0.000 r  
                                                      0.000     0.000 r  clk (IN)
                         net (fo=1232, unset)         0.973     0.973    impl/endpoint/g_physical_safety[7].u_physical_module_safety/u_exact_duty_accountant/clk
                         RAMB36E1                                     r  impl/endpoint/g_physical_safety[7].u_physical_module_safety/u_exact_duty_accountant/history_mem_reg_0/CLKBWRCLK
  -------------------------------------------------------------------    -------------------
                         RAMB36E1 (Prop_ramb36e1_CLKBWRCLK_CASCADEOUTB)
                                                      2.872     3.845 r  impl/endpoint/g_physical_safety[7].u_physical_module_safety/u_exact_duty_accountant/history_mem_reg_0/CASCADEOUTB
                         net (fo=1, unplaced)         0.065     3.910    impl/endpoint/g_physical_safety[7].u_physical_module_safety/u_exact_duty_accountant/history_mem_reg_0_n_1
                         RAMB36E1 (Prop_ramb36e1_CASCADEINB_DOBDO[0])
                                                      0.425     4.335 f  impl/endpoint/g_physical_safety[7].u_physical_module_safety/u_exact_duty_accountant/history_mem_reg_1/DOBDO[0]
                         net (fo=3, unplaced)         0.800     5.135    impl/endpoint/g_physical_safety[7].u_physical_module_safety/u_exact_duty_accountant/outgoing_bit_q
                         LUT2 (Prop_lut2_I1_O)        0.117     5.252 r  impl/endpoint/g_physical_safety[7].u_physical_module_safety/u_exact_duty_accountant/rolling_next_carry_i_1__6/O
                         net (fo=1, unplaced)         0.000     5.252    impl/endpoint/g_physical_safety[7].u_physical_module_safety/u_exact_duty_accountant/rolling_next_carry_i_1__6_n_0
                         CARRY4 (Prop_carry4_DI[1]_CO[3])
                                                      0.547     5.799 r  impl/endpoint/g_physical_safety[7].u_physical_module_safety/u_exact_duty_accountant/rolling_next_carry/CO[3]
                         net (fo=1, unplaced)         0.009     5.808    impl/endpoint/g_physical_safety[7].u_physical_module_safety/u_exact_duty_accountant/rolling_next_carry_n_0
                         CARRY4 (Prop_carry4_CI_CO[3])
                                                      0.117     5.925 r  impl/endpoint/g_physical_safety[7].u_physical_module_safety/u_exact_duty_accountant/rolling_next_carry__0/CO[3]
                         net (fo=1, unplaced)         0.000     5.925    impl/endpoint/g_physical_safety[7].u_physical_module_safety/u_exact_duty_accountant/rolling_next_carry__0_n_0
                         CARRY4 (Prop_carry4_CI_CO[3])
                                                      0.117     6.042 r  impl/endpoint/g_physical_safety[7].u_physical_module_safety/u_exact_duty_accountant/rolling_next_carry__1/CO[3]
                         net (fo=1, unplaced)         0.000     6.042    impl/endpoint/g_physical_safety[7].u_physical_module_safety/u_exact_duty_accountant/rolling_next_carry__1_n_0
                         CARRY4 (Prop_carry4_CI_CO[3])
                                                      0.117     6.159 r  impl/endpoint/g_physical_safety[7].u_physical_module_safety/u_exact_duty_accountant/rolling_next_carry__2/CO[3]
                         net (fo=1, unplaced)         0.000     6.159    impl/endpoint/g_physical_safety[7].u_physical_module_safety/u_exact_duty_accountant/rolling_next_carry__2_n_0
                         CARRY4 (Prop_carry4_CI_CO[3])
                                                      0.117     6.276 r  impl/endpoint/g_physical_safety[7].u_physical_module_safety/u_exact_duty_accountant/rolling_next_carry__3/CO[3]
                         net (fo=1, unplaced)         0.000     6.276    impl/endpoint/g_physical_safety[7].u_physical_module_safety/u_exact_duty_accountant/rolling_next_carry__3_n_0
                         CARRY4 (Prop_carry4_CI_O[3])
                                                      0.331     6.607 r  impl/endpoint/g_physical_safety[7].u_physical_module_safety/u_exact_duty_accountant/rolling_next_carry__4/O[3]
                         net (fo=2, unplaced)         0.819     7.426    impl/endpoint/g_physical_safety[7].u_physical_module_safety/u_exact_duty_accountant/rolling_next[23]
                         LUT4 (Prop_lut4_I1_O)        0.307     7.733 r  impl/endpoint/g_physical_safety[7].u_physical_module_safety/u_exact_duty_accountant/txd_pre_final_o_i_10__6/O
                         net (fo=1, unplaced)         0.902     8.635    impl/endpoint/g_physical_safety[7].u_physical_module_safety/u_exact_duty_accountant/txd_pre_final_o_i_10__6_n_0
                         LUT5 (Prop_lut5_I3_O)        0.124     8.759 r  impl/endpoint/g_physical_safety[7].u_physical_module_safety/u_exact_duty_accountant/txd_pre_final_o_i_2__6/O
                         net (fo=2, unplaced)         0.460     9.219    impl/endpoint/g_physical_safety[7].u_physical_module_safety/u_exact_duty_accountant/txd_pre_final_o_i_2__6_n_0
                         LUT5 (Prop_lut5_I4_O)        0.124     9.343 r  impl/endpoint/g_physical_safety[7].u_physical_module_safety/u_exact_duty_accountant/duty_hard_fault_o_i_1__6/O
                         net (fo=1, unplaced)         0.000     9.343    impl/endpoint/g_physical_safety[7].u_physical_module_safety/u_exact_duty_accountant/duty_hard_fault_o_i_1__6_n_0
                         FDRE                                         r  impl/endpoint/g_physical_safety[7].u_physical_module_safety/u_exact_duty_accountant/duty_hard_fault_o_reg/D
  -------------------------------------------------------------------    -------------------

                         (clock p8c_clk rise edge)   15.625    15.625 r  
                                                      0.000    15.625 r  clk (IN)
                         net (fo=1232, unset)         0.924    16.549    impl/endpoint/g_physical_safety[7].u_physical_module_safety/u_exact_duty_accountant/clk
                         FDRE                                         r  impl/endpoint/g_physical_safety[7].u_physical_module_safety/u_exact_duty_accountant/duty_hard_fault_o_reg/C
                         clock pessimism              0.000    16.549    
                         clock uncertainty           -0.035    16.514    
                         FDRE (Setup_fdre_C_D)        0.077    16.591    impl/endpoint/g_physical_safety[7].u_physical_module_safety/u_exact_duty_accountant/duty_hard_fault_o_reg
  -------------------------------------------------------------------
                         required time                         16.591    
                         arrival time                          -9.343    
  -------------------------------------------------------------------
                         slack                                  7.248    

Slack (MET) :             9.776ns  (required time - arrival time)
  Source:                 impl/endpoint/g_physical_safety[0].u_physical_module_safety/u_exact_duty_accountant/history_mem_reg_0/CLKBWRCLK
                            (rising edge-triggered cell RAMB36E1 clocked by p8c_clk  {rise@0.000ns fall@7.813ns period=15.625ns})
  Destination:            impl/endpoint/g_physical_safety[0].u_physical_module_safety/u_exact_duty_accountant/rolling_high_cycles_o_reg[29]/D
                            (rising edge-triggered cell FDRE clocked by p8c_clk  {rise@0.000ns fall@7.813ns period=15.625ns})
  Path Group:             p8c_clk
  Path Type:              Setup (Max at Slow Process Corner)
  Requirement:            15.625ns  (p8c_clk rise@15.625ns - p8c_clk rise@0.000ns)
  Data Path Delay:        5.874ns  (logic 5.000ns (85.125%)  route 0.874ns (14.875%))
  Logic Levels:           10  (CARRY4=8 LUT2=1 RAMB36E1=1)
  Clock Path Skew:        -0.049ns (DCD - SCD + CPR)
    Destination Clock Delay (DCD):    0.924ns = ( 16.549 - 15.625 ) 
    Source Clock Delay      (SCD):    0.973ns
    Clock Pessimism Removal (CPR):    0.000ns
  Clock Uncertainty:      0.035ns  ((TSJ^2 + TIJ^2)^1/2 + DJ) / 2 + PE
    Total System Jitter     (TSJ):    0.071ns
    Total Input Jitter      (TIJ):    0.000ns
    Discrete Jitter          (DJ):    0.000ns
    Phase Error              (PE):    0.000ns

    Location             Delay type                Incr(ns)  Path(ns)    Netlist Resource(s)
  -------------------------------------------------------------------    -------------------
                         (clock p8c_clk rise edge)    0.000     0.000 r  
                                                      0.000     0.000 r  clk (IN)
                         net (fo=1232, unset)         0.973     0.973    impl/endpoint/g_physical_safety[0].u_physical_module_safety/u_exact_duty_accountant/clk
                         RAMB36E1                                     r  impl/endpoint/g_physical_safety[0].u_physical_module_safety/u_exact_duty_accountant/history_mem_reg_0/CLKBWRCLK
  -------------------------------------------------------------------    -------------------
                         RAMB36E1 (Prop_ramb36e1_CLKBWRCLK_CASCADEOUTB)
                                                      2.872     3.845 r  impl/endpoint/g_physical_safety[0].u_physical_module_safety/u_exact_duty_accountant/history_mem_reg_0/CASCADEOUTB
                         net (fo=1, unplaced)         0.065     3.910    impl/endpoint/g_physical_safety[0].u_physical_module_safety/u_exact_duty_accountant/history_mem_reg_0_n_1
                         RAMB36E1 (Prop_ramb36e1_CASCADEINB_DOBDO[0])
                                                      0.425     4.335 f  impl/endpoint/g_physical_safety[0].u_physical_module_safety/u_exact_duty_accountant/history_mem_reg_1/DOBDO[0]
                         net (fo=3, unplaced)         0.800     5.135    impl/endpoint/g_physical_safety[0].u_physical_module_safety/u_exact_duty_accountant/outgoing_bit_q
                         LUT2 (Prop_lut2_I1_O)        0.117     5.252 r  impl/endpoint/g_physical_safety[0].u_physical_module_safety/u_exact_duty_accountant/rolling_next_carry_i_1/O
                         net (fo=1, unplaced)         0.000     5.252    impl/endpoint/g_physical_safety[0].u_physical_module_safety/u_exact_duty_accountant/rolling_next_carry_i_1_n_0
                         CARRY4 (Prop_carry4_DI[1]_CO[3])
                                                      0.547     5.799 r  impl/endpoint/g_physical_safety[0].u_physical_module_safety/u_exact_duty_accountant/rolling_next_carry/CO[3]
                         net (fo=1, unplaced)         0.009     5.808    impl/endpoint/g_physical_safety[0].u_physical_module_safety/u_exact_duty_accountant/rolling_next_carry_n_0
                         CARRY4 (Prop_carry4_CI_CO[3])
                                                      0.117     5.925 r  impl/endpoint/g_physical_safety[0].u_physical_module_safety/u_exact_duty_accountant/rolling_next_carry__0/CO[3]
                         net (fo=1, unplaced)         0.000     5.925    impl/endpoint/g_physical_safety[0].u_physical_module_safety/u_exact_duty_accountant/rolling_next_carry__0_n_0
                         CARRY4 (Prop_carry4_CI_CO[3])
                                                      0.117     6.042 r  impl/endpoint/g_physical_safety[0].u_physical_module_safety/u_exact_duty_accountant/rolling_next_carry__1/CO[3]
                         net (fo=1, unplaced)         0.000     6.042    impl/endpoint/g_physical_safety[0].u_physical_module_safety/u_exact_duty_accountant/rolling_next_carry__1_n_0
                         CARRY4 (Prop_carry4_CI_CO[3])
                                                      0.117     6.159 r  impl/endpoint/g_physical_safety[0].u_physical_module_safety/u_exact_duty_accountant/rolling_next_carry__2/CO[3]
                         net (fo=1, unplaced)         0.000     6.159    impl/endpoint/g_physical_safety[0].u_physical_module_safety/u_exact_duty_accountant/rolling_next_carry__2_n_0
                         CARRY4 (Prop_carry4_CI_CO[3])
                                                      0.117     6.276 r  impl/endpoint/g_physical_safety[0].u_physical_module_safety/u_exact_duty_accountant/rolling_next_carry__3/CO[3]
                         net (fo=1, unplaced)         0.000     6.276    impl/endpoint/g_physical_safety[0].u_physical_module_safety/u_exact_duty_accountant/rolling_next_carry__3_n_0
                         CARRY4 (Prop_carry4_CI_CO[3])
                                                      0.117     6.393 r  impl/endpoint/g_physical_safety[0].u_physical_module_safety/u_exact_duty_accountant/rolling_next_carry__4/CO[3]
                         net (fo=1, unplaced)         0.000     6.393    impl/endpoint/g_physical_safety[0].u_physical_module_safety/u_exact_duty_accountant/rolling_next_carry__4_n_0
                         CARRY4 (Prop_carry4_CI_CO[3])
                                                      0.117     6.510 r  impl/endpoint/g_physical_safety[0].u_physical_module_safety/u_exact_duty_accountant/rolling_next_carry__5/CO[3]
                         net (fo=1, unplaced)         0.000     6.510    impl/endpoint/g_physical_safety[0].u_physical_module_safety/u_exact_duty_accountant/rolling_next_carry__5_n_0
                         CARRY4 (Prop_carry4_CI_O[1])
                                                      0.337     6.847 r  impl/endpoint/g_physical_safety[0].u_physical_module_safety/u_exact_duty_accountant/rolling_next_carry__6/O[1]
                         net (fo=2, unplaced)         0.000     6.847    impl/endpoint/g_physical_safety[0].u_physical_module_safety/u_exact_duty_accountant/rolling_next[29]
                         FDRE                                         r  impl/endpoint/g_physical_safety[0].u_physical_module_safety/u_exact_duty_accountant/rolling_high_cycles_o_reg[29]/D
  -------------------------------------------------------------------    -------------------

                         (clock p8c_clk rise edge)   15.625    15.625 r  
                                                      0.000    15.625 r  clk (IN)
                         net (fo=1232, unset)         0.924    16.549    impl/endpoint/g_physical_safety[0].u_physical_module_safety/u_exact_duty_accountant/clk
                         FDRE                                         r  impl/endpoint/g_physical_safety[0].u_physical_module_safety/u_exact_duty_accountant/rolling_high_cycles_o_reg[29]/C
                         clock pessimism              0.000    16.549    
                         clock uncertainty           -0.035    16.514    
                         FDRE (Setup_fdre_C_D)        0.109    16.623    impl/endpoint/g_physical_safety[0].u_physical_module_safety/u_exact_duty_accountant/rolling_high_cycles_o_reg[29]
  -------------------------------------------------------------------
                         required time                         16.623    
                         arrival time                          -6.847    
  -------------------------------------------------------------------
                         slack                                  9.776    

Slack (MET) :             9.776ns  (required time - arrival time)
  Source:                 impl/endpoint/g_physical_safety[1].u_physical_module_safety/u_exact_duty_accountant/history_mem_reg_0/CLKBWRCLK
                            (rising edge-triggered cell RAMB36E1 clocked by p8c_clk  {rise@0.000ns fall@7.813ns period=15.625ns})
  Destination:            impl/endpoint/g_physical_safety[1].u_physical_module_safety/u_exact_duty_accountant/rolling_high_cycles_o_reg[29]/D
                            (rising edge-triggered cell FDRE clocked by p8c_clk  {rise@0.000ns fall@7.813ns period=15.625ns})
  Path Group:             p8c_clk
  Path Type:              Setup (Max at Slow Process Corner)
  Requirement:            15.625ns  (p8c_clk rise@15.625ns - p8c_clk rise@0.000ns)
  Data Path Delay:        5.874ns  (logic 5.000ns (85.125%)  route 0.874ns (14.875%))
  Logic Levels:           10  (CARRY4=8 LUT2=1 RAMB36E1=1)
  Clock Path Skew:        -0.049ns (DCD - SCD + CPR)
    Destination Clock Delay (DCD):    0.924ns = ( 16.549 - 15.625 ) 
    Source Clock Delay      (SCD):    0.973ns
    Clock Pessimism Removal (CPR):    0.000ns
  Clock Uncertainty:      0.035ns  ((TSJ^2 + TIJ^2)^1/2 + DJ) / 2 + PE
    Total System Jitter     (TSJ):    0.071ns
    Total Input Jitter      (TIJ):    0.000ns
    Discrete Jitter          (DJ):    0.000ns
    Phase Error              (PE):    0.000ns

    Location             Delay type                Incr(ns)  Path(ns)    Netlist Resource(s)
  -------------------------------------------------------------------    -------------------
                         (clock p8c_clk rise edge)    0.000     0.000 r  
                                                      0.000     0.000 r  clk (IN)
                         net (fo=1232, unset)         0.973     0.973    impl/endpoint/g_physical_safety[1].u_physical_module_safety/u_exact_duty_accountant/clk
                         RAMB36E1                                     r  impl/endpoint/g_physical_safety[1].u_physical_module_safety/u_exact_duty_accountant/history_mem_reg_0/CLKBWRCLK
  -------------------------------------------------------------------    -------------------
                         RAMB36E1 (Prop_ramb36e1_CLKBWRCLK_CASCADEOUTB)
                                                      2.872     3.845 r  impl/endpoint/g_physical_safety[1].u_physical_module_safety/u_exact_duty_accountant/history_mem_reg_0/CASCADEOUTB
                         net (fo=1, unplaced)         0.065     3.910    impl/endpoint/g_physical_safety[1].u_physical_module_safety/u_exact_duty_accountant/history_mem_reg_0_n_1
                         RAMB36E1 (Prop_ramb36e1_CASCADEINB_DOBDO[0])
                                                      0.425     4.335 f  impl/endpoint/g_physical_safety[1].u_physical_module_safety/u_exact_duty_accountant/history_mem_reg_1/DOBDO[0]
                         net (fo=3, unplaced)         0.800     5.135    impl/endpoint/g_physical_safety[1].u_physical_module_safety/u_exact_duty_accountant/outgoing_bit_q
                         LUT2 (Prop_lut2_I1_O)        0.117     5.252 r  impl/endpoint/g_physical_safety[1].u_physical_module_safety/u_exact_duty_accountant/rolling_next_carry_i_1__0/O
                         net (fo=1, unplaced)         0.000     5.252    impl/endpoint/g_physical_safety[1].u_physical_module_safety/u_exact_duty_accountant/rolling_next_carry_i_1__0_n_0
                         CARRY4 (Prop_carry4_DI[1]_CO[3])
                                                      0.547     5.799 r  impl/endpoint/g_physical_safety[1].u_physical_module_safety/u_exact_duty_accountant/rolling_next_carry/CO[3]
                         net (fo=1, unplaced)         0.009     5.808    impl/endpoint/g_physical_safety[1].u_physical_module_safety/u_exact_duty_accountant/rolling_next_carry_n_0
                         CARRY4 (Prop_carry4_CI_CO[3])
                                                      0.117     5.925 r  impl/endpoint/g_physical_safety[1].u_physical_module_safety/u_exact_duty_accountant/rolling_next_carry__0/CO[3]
                         net (fo=1, unplaced)         0.000     5.925    impl/endpoint/g_physical_safety[1].u_physical_module_safety/u_exact_duty_accountant/rolling_next_carry__0_n_0
                         CARRY4 (Prop_carry4_CI_CO[3])
                                                      0.117     6.042 r  impl/endpoint/g_physical_safety[1].u_physical_module_safety/u_exact_duty_accountant/rolling_next_carry__1/CO[3]
                         net (fo=1, unplaced)         0.000     6.042    impl/endpoint/g_physical_safety[1].u_physical_module_safety/u_exact_duty_accountant/rolling_next_carry__1_n_0
                         CARRY4 (Prop_carry4_CI_CO[3])
                                                      0.117     6.159 r  impl/endpoint/g_physical_safety[1].u_physical_module_safety/u_exact_duty_accountant/rolling_next_carry__2/CO[3]
                         net (fo=1, unplaced)         0.000     6.159    impl/endpoint/g_physical_safety[1].u_physical_module_safety/u_exact_duty_accountant/rolling_next_carry__2_n_0
                         CARRY4 (Prop_carry4_CI_CO[3])
                                                      0.117     6.276 r  impl/endpoint/g_physical_safety[1].u_physical_module_safety/u_exact_duty_accountant/rolling_next_carry__3/CO[3]
                         net (fo=1, unplaced)         0.000     6.276    impl/endpoint/g_physical_safety[1].u_physical_module_safety/u_exact_duty_accountant/rolling_next_carry__3_n_0
                         CARRY4 (Prop_carry4_CI_CO[3])
                                                      0.117     6.393 r  impl/endpoint/g_physical_safety[1].u_physical_module_safety/u_exact_duty_accountant/rolling_next_carry__4/CO[3]
                         net (fo=1, unplaced)         0.000     6.393    impl/endpoint/g_physical_safety[1].u_physical_module_safety/u_exact_duty_accountant/rolling_next_carry__4_n_0
                         CARRY4 (Prop_carry4_CI_CO[3])
                                                      0.117     6.510 r  impl/endpoint/g_physical_safety[1].u_physical_module_safety/u_exact_duty_accountant/rolling_next_carry__5/CO[3]
                         net (fo=1, unplaced)         0.000     6.510    impl/endpoint/g_physical_safety[1].u_physical_module_safety/u_exact_duty_accountant/rolling_next_carry__5_n_0
                         CARRY4 (Prop_carry4_CI_O[1])
                                                      0.337     6.847 r  impl/endpoint/g_physical_safety[1].u_physical_module_safety/u_exact_duty_accountant/rolling_next_carry__6/O[1]
                         net (fo=2, unplaced)         0.000     6.847    impl/endpoint/g_physical_safety[1].u_physical_module_safety/u_exact_duty_accountant/rolling_next[29]
                         FDRE                                         r  impl/endpoint/g_physical_safety[1].u_physical_module_safety/u_exact_duty_accountant/rolling_high_cycles_o_reg[29]/D
  -------------------------------------------------------------------    -------------------

                         (clock p8c_clk rise edge)   15.625    15.625 r  
                                                      0.000    15.625 r  clk (IN)
                         net (fo=1232, unset)         0.924    16.549    impl/endpoint/g_physical_safety[1].u_physical_module_safety/u_exact_duty_accountant/clk
                         FDRE                                         r  impl/endpoint/g_physical_safety[1].u_physical_module_safety/u_exact_duty_accountant/rolling_high_cycles_o_reg[29]/C
                         clock pessimism              0.000    16.549    
                         clock uncertainty           -0.035    16.514    
                         FDRE (Setup_fdre_C_D)        0.109    16.623    impl/endpoint/g_physical_safety[1].u_physical_module_safety/u_exact_duty_accountant/rolling_high_cycles_o_reg[29]
  -------------------------------------------------------------------
                         required time                         16.623    
                         arrival time                          -6.847    
  -------------------------------------------------------------------
                         slack                                  9.776    

Slack (MET) :             9.776ns  (required time - arrival time)
  Source:                 impl/endpoint/g_physical_safety[2].u_physical_module_safety/u_exact_duty_accountant/history_mem_reg_0/CLKBWRCLK
                            (rising edge-triggered cell RAMB36E1 clocked by p8c_clk  {rise@0.000ns fall@7.813ns period=15.625ns})
  Destination:            impl/endpoint/g_physical_safety[2].u_physical_module_safety/u_exact_duty_accountant/rolling_high_cycles_o_reg[29]/D
                            (rising edge-triggered cell FDRE clocked by p8c_clk  {rise@0.000ns fall@7.813ns period=15.625ns})
  Path Group:             p8c_clk
  Path Type:              Setup (Max at Slow Process Corner)
  Requirement:            15.625ns  (p8c_clk rise@15.625ns - p8c_clk rise@0.000ns)
  Data Path Delay:        5.874ns  (logic 5.000ns (85.125%)  route 0.874ns (14.875%))
  Logic Levels:           10  (CARRY4=8 LUT2=1 RAMB36E1=1)
  Clock Path Skew:        -0.049ns (DCD - SCD + CPR)
    Destination Clock Delay (DCD):    0.924ns = ( 16.549 - 15.625 ) 
    Source Clock Delay      (SCD):    0.973ns
    Clock Pessimism Removal (CPR):    0.000ns
  Clock Uncertainty:      0.035ns  ((TSJ^2 + TIJ^2)^1/2 + DJ) / 2 + PE
    Total System Jitter     (TSJ):    0.071ns
    Total Input Jitter      (TIJ):    0.000ns
    Discrete Jitter          (DJ):    0.000ns
    Phase Error              (PE):    0.000ns

    Location             Delay type                Incr(ns)  Path(ns)    Netlist Resource(s)
  -------------------------------------------------------------------    -------------------
                         (clock p8c_clk rise edge)    0.000     0.000 r  
                                                      0.000     0.000 r  clk (IN)
                         net (fo=1232, unset)         0.973     0.973    impl/endpoint/g_physical_safety[2].u_physical_module_safety/u_exact_duty_accountant/clk
                         RAMB36E1                                     r  impl/endpoint/g_physical_safety[2].u_physical_module_safety/u_exact_duty_accountant/history_mem_reg_0/CLKBWRCLK
  -------------------------------------------------------------------    -------------------
                         RAMB36E1 (Prop_ramb36e1_CLKBWRCLK_CASCADEOUTB)
                                                      2.872     3.845 r  impl/endpoint/g_physical_safety[2].u_physical_module_safety/u_exact_duty_accountant/history_mem_reg_0/CASCADEOUTB
                         net (fo=1, unplaced)         0.065     3.910    impl/endpoint/g_physical_safety[2].u_physical_module_safety/u_exact_duty_accountant/history_mem_reg_0_n_1
                         RAMB36E1 (Prop_ramb36e1_CASCADEINB_DOBDO[0])
                                                      0.425     4.335 f  impl/endpoint/g_physical_safety[2].u_physical_module_safety/u_exact_duty_accountant/history_mem_reg_1/DOBDO[0]
                         net (fo=3, unplaced)         0.800     5.135    impl/endpoint/g_physical_safety[2].u_physical_module_safety/u_exact_duty_accountant/outgoing_bit_q
                         LUT2 (Prop_lut2_I1_O)        0.117     5.252 r  impl/endpoint/g_physical_safety[2].u_physical_module_safety/u_exact_duty_accountant/rolling_next_carry_i_1__1/O
                         net (fo=1, unplaced)         0.000     5.252    impl/endpoint/g_physical_safety[2].u_physical_module_safety/u_exact_duty_accountant/rolling_next_carry_i_1__1_n_0
                         CARRY4 (Prop_carry4_DI[1]_CO[3])
                                                      0.547     5.799 r  impl/endpoint/g_physical_safety[2].u_physical_module_safety/u_exact_duty_accountant/rolling_next_carry/CO[3]
                         net (fo=1, unplaced)         0.009     5.808    impl/endpoint/g_physical_safety[2].u_physical_module_safety/u_exact_duty_accountant/rolling_next_carry_n_0
                         CARRY4 (Prop_carry4_CI_CO[3])
                                                      0.117     5.925 r  impl/endpoint/g_physical_safety[2].u_physical_module_safety/u_exact_duty_accountant/rolling_next_carry__0/CO[3]
                         net (fo=1, unplaced)         0.000     5.925    impl/endpoint/g_physical_safety[2].u_physical_module_safety/u_exact_duty_accountant/rolling_next_carry__0_n_0
                         CARRY4 (Prop_carry4_CI_CO[3])
                                                      0.117     6.042 r  impl/endpoint/g_physical_safety[2].u_physical_module_safety/u_exact_duty_accountant/rolling_next_carry__1/CO[3]
                         net (fo=1, unplaced)         0.000     6.042    impl/endpoint/g_physical_safety[2].u_physical_module_safety/u_exact_duty_accountant/rolling_next_carry__1_n_0
                         CARRY4 (Prop_carry4_CI_CO[3])
                                                      0.117     6.159 r  impl/endpoint/g_physical_safety[2].u_physical_module_safety/u_exact_duty_accountant/rolling_next_carry__2/CO[3]
                         net (fo=1, unplaced)         0.000     6.159    impl/endpoint/g_physical_safety[2].u_physical_module_safety/u_exact_duty_accountant/rolling_next_carry__2_n_0
                         CARRY4 (Prop_carry4_CI_CO[3])
                                                      0.117     6.276 r  impl/endpoint/g_physical_safety[2].u_physical_module_safety/u_exact_duty_accountant/rolling_next_carry__3/CO[3]
                         net (fo=1, unplaced)         0.000     6.276    impl/endpoint/g_physical_safety[2].u_physical_module_safety/u_exact_duty_accountant/rolling_next_carry__3_n_0
                         CARRY4 (Prop_carry4_CI_CO[3])
                                                      0.117     6.393 r  impl/endpoint/g_physical_safety[2].u_physical_module_safety/u_exact_duty_accountant/rolling_next_carry__4/CO[3]
                         net (fo=1, unplaced)         0.000     6.393    impl/endpoint/g_physical_safety[2].u_physical_module_safety/u_exact_duty_accountant/rolling_next_carry__4_n_0
                         CARRY4 (Prop_carry4_CI_CO[3])
                                                      0.117     6.510 r  impl/endpoint/g_physical_safety[2].u_physical_module_safety/u_exact_duty_accountant/rolling_next_carry__5/CO[3]
                         net (fo=1, unplaced)         0.000     6.510    impl/endpoint/g_physical_safety[2].u_physical_module_safety/u_exact_duty_accountant/rolling_next_carry__5_n_0
                         CARRY4 (Prop_carry4_CI_O[1])
                                                      0.337     6.847 r  impl/endpoint/g_physical_safety[2].u_physical_module_safety/u_exact_duty_accountant/rolling_next_carry__6/O[1]
                         net (fo=2, unplaced)         0.000     6.847    impl/endpoint/g_physical_safety[2].u_physical_module_safety/u_exact_duty_accountant/rolling_next[29]
                         FDRE                                         r  impl/endpoint/g_physical_safety[2].u_physical_module_safety/u_exact_duty_accountant/rolling_high_cycles_o_reg[29]/D
  -------------------------------------------------------------------    -------------------

                         (clock p8c_clk rise edge)   15.625    15.625 r  
                                                      0.000    15.625 r  clk (IN)
                         net (fo=1232, unset)         0.924    16.549    impl/endpoint/g_physical_safety[2].u_physical_module_safety/u_exact_duty_accountant/clk
                         FDRE                                         r  impl/endpoint/g_physical_safety[2].u_physical_module_safety/u_exact_duty_accountant/rolling_high_cycles_o_reg[29]/C
                         clock pessimism              0.000    16.549    
                         clock uncertainty           -0.035    16.514    
                         FDRE (Setup_fdre_C_D)        0.109    16.623    impl/endpoint/g_physical_safety[2].u_physical_module_safety/u_exact_duty_accountant/rolling_high_cycles_o_reg[29]
  -------------------------------------------------------------------
                         required time                         16.623    
                         arrival time                          -6.847    
  -------------------------------------------------------------------
                         slack                                  9.776    

Slack (MET) :             9.776ns  (required time - arrival time)
  Source:                 impl/endpoint/g_physical_safety[3].u_physical_module_safety/u_exact_duty_accountant/history_mem_reg_0/CLKBWRCLK
                            (rising edge-triggered cell RAMB36E1 clocked by p8c_clk  {rise@0.000ns fall@7.813ns period=15.625ns})
  Destination:            impl/endpoint/g_physical_safety[3].u_physical_module_safety/u_exact_duty_accountant/rolling_high_cycles_o_reg[29]/D
                            (rising edge-triggered cell FDRE clocked by p8c_clk  {rise@0.000ns fall@7.813ns period=15.625ns})
  Path Group:             p8c_clk
  Path Type:              Setup (Max at Slow Process Corner)
  Requirement:            15.625ns  (p8c_clk rise@15.625ns - p8c_clk rise@0.000ns)
  Data Path Delay:        5.874ns  (logic 5.000ns (85.125%)  route 0.874ns (14.875%))
  Logic Levels:           10  (CARRY4=8 LUT2=1 RAMB36E1=1)
  Clock Path Skew:        -0.049ns (DCD - SCD + CPR)
    Destination Clock Delay (DCD):    0.924ns = ( 16.549 - 15.625 ) 
    Source Clock Delay      (SCD):    0.973ns
    Clock Pessimism Removal (CPR):    0.000ns
  Clock Uncertainty:      0.035ns  ((TSJ^2 + TIJ^2)^1/2 + DJ) / 2 + PE
    Total System Jitter     (TSJ):    0.071ns
    Total Input Jitter      (TIJ):    0.000ns
    Discrete Jitter          (DJ):    0.000ns
    Phase Error              (PE):    0.000ns

    Location             Delay type                Incr(ns)  Path(ns)    Netlist Resource(s)
  -------------------------------------------------------------------    -------------------
                         (clock p8c_clk rise edge)    0.000     0.000 r  
                                                      0.000     0.000 r  clk (IN)
                         net (fo=1232, unset)         0.973     0.973    impl/endpoint/g_physical_safety[3].u_physical_module_safety/u_exact_duty_accountant/clk
                         RAMB36E1                                     r  impl/endpoint/g_physical_safety[3].u_physical_module_safety/u_exact_duty_accountant/history_mem_reg_0/CLKBWRCLK
  -------------------------------------------------------------------    -------------------
                         RAMB36E1 (Prop_ramb36e1_CLKBWRCLK_CASCADEOUTB)
                                                      2.872     3.845 r  impl/endpoint/g_physical_safety[3].u_physical_module_safety/u_exact_duty_accountant/history_mem_reg_0/CASCADEOUTB
                         net (fo=1, unplaced)         0.065     3.910    impl/endpoint/g_physical_safety[3].u_physical_module_safety/u_exact_duty_accountant/history_mem_reg_0_n_1
                         RAMB36E1 (Prop_ramb36e1_CASCADEINB_DOBDO[0])
                                                      0.425     4.335 f  impl/endpoint/g_physical_safety[3].u_physical_module_safety/u_exact_duty_accountant/history_mem_reg_1/DOBDO[0]
                         net (fo=3, unplaced)         0.800     5.135    impl/endpoint/g_physical_safety[3].u_physical_module_safety/u_exact_duty_accountant/outgoing_bit_q
                         LUT2 (Prop_lut2_I1_O)        0.117     5.252 r  impl/endpoint/g_physical_safety[3].u_physical_module_safety/u_exact_duty_accountant/rolling_next_carry_i_1__2/O
                         net (fo=1, unplaced)         0.000     5.252    impl/endpoint/g_physical_safety[3].u_physical_module_safety/u_exact_duty_accountant/rolling_next_carry_i_1__2_n_0
                         CARRY4 (Prop_carry4_DI[1]_CO[3])
                                                      0.547     5.799 r  impl/endpoint/g_physical_safety[3].u_physical_module_safety/u_exact_duty_accountant/rolling_next_carry/CO[3]
                         net (fo=1, unplaced)         0.009     5.808    impl/endpoint/g_physical_safety[3].u_physical_module_safety/u_exact_duty_accountant/rolling_next_carry_n_0
                         CARRY4 (Prop_carry4_CI_CO[3])
                                                      0.117     5.925 r  impl/endpoint/g_physical_safety[3].u_physical_module_safety/u_exact_duty_accountant/rolling_next_carry__0/CO[3]
                         net (fo=1, unplaced)         0.000     5.925    impl/endpoint/g_physical_safety[3].u_physical_module_safety/u_exact_duty_accountant/rolling_next_carry__0_n_0
                         CARRY4 (Prop_carry4_CI_CO[3])
                                                      0.117     6.042 r  impl/endpoint/g_physical_safety[3].u_physical_module_safety/u_exact_duty_accountant/rolling_next_carry__1/CO[3]
                         net (fo=1, unplaced)         0.000     6.042    impl/endpoint/g_physical_safety[3].u_physical_module_safety/u_exact_duty_accountant/rolling_next_carry__1_n_0
                         CARRY4 (Prop_carry4_CI_CO[3])
                                                      0.117     6.159 r  impl/endpoint/g_physical_safety[3].u_physical_module_safety/u_exact_duty_accountant/rolling_next_carry__2/CO[3]
                         net (fo=1, unplaced)         0.000     6.159    impl/endpoint/g_physical_safety[3].u_physical_module_safety/u_exact_duty_accountant/rolling_next_carry__2_n_0
                         CARRY4 (Prop_carry4_CI_CO[3])
                                                      0.117     6.276 r  impl/endpoint/g_physical_safety[3].u_physical_module_safety/u_exact_duty_accountant/rolling_next_carry__3/CO[3]
                         net (fo=1, unplaced)         0.000     6.276    impl/endpoint/g_physical_safety[3].u_physical_module_safety/u_exact_duty_accountant/rolling_next_carry__3_n_0
                         CARRY4 (Prop_carry4_CI_CO[3])
                                                      0.117     6.393 r  impl/endpoint/g_physical_safety[3].u_physical_module_safety/u_exact_duty_accountant/rolling_next_carry__4/CO[3]
                         net (fo=1, unplaced)         0.000     6.393    impl/endpoint/g_physical_safety[3].u_physical_module_safety/u_exact_duty_accountant/rolling_next_carry__4_n_0
                         CARRY4 (Prop_carry4_CI_CO[3])
                                                      0.117     6.510 r  impl/endpoint/g_physical_safety[3].u_physical_module_safety/u_exact_duty_accountant/rolling_next_carry__5/CO[3]
                         net (fo=1, unplaced)         0.000     6.510    impl/endpoint/g_physical_safety[3].u_physical_module_safety/u_exact_duty_accountant/rolling_next_carry__5_n_0
                         CARRY4 (Prop_carry4_CI_O[1])
                                                      0.337     6.847 r  impl/endpoint/g_physical_safety[3].u_physical_module_safety/u_exact_duty_accountant/rolling_next_carry__6/O[1]
                         net (fo=2, unplaced)         0.000     6.847    impl/endpoint/g_physical_safety[3].u_physical_module_safety/u_exact_duty_accountant/rolling_next[29]
                         FDRE                                         r  impl/endpoint/g_physical_safety[3].u_physical_module_safety/u_exact_duty_accountant/rolling_high_cycles_o_reg[29]/D
  -------------------------------------------------------------------    -------------------

                         (clock p8c_clk rise edge)   15.625    15.625 r  
                                                      0.000    15.625 r  clk (IN)
                         net (fo=1232, unset)         0.924    16.549    impl/endpoint/g_physical_safety[3].u_physical_module_safety/u_exact_duty_accountant/clk
                         FDRE                                         r  impl/endpoint/g_physical_safety[3].u_physical_module_safety/u_exact_duty_accountant/rolling_high_cycles_o_reg[29]/C
                         clock pessimism              0.000    16.549    
                         clock uncertainty           -0.035    16.514    
                         FDRE (Setup_fdre_C_D)        0.109    16.623    impl/endpoint/g_physical_safety[3].u_physical_module_safety/u_exact_duty_accountant/rolling_high_cycles_o_reg[29]
  -------------------------------------------------------------------
                         required time                         16.623    
                         arrival time                          -6.847    
  -------------------------------------------------------------------
                         slack                                  9.776    





Pulse Width Checks
--------------------------------------------------------------------------------------
Clock Name:         p8c_clk
Waveform(ns):       { 0.000 7.812 }
Period(ns):         15.625
Sources:            { clk }

Check Type        Corner  Lib Pin             Reference Pin  Required(ns)  Actual(ns)  Slack(ns)  Location  Pin
Min Period        n/a     RAMB36E1/CLKARDCLK  n/a            3.363         15.625      12.262               impl/endpoint/g_physical_safety[0].u_physical_module_safety/u_exact_duty_accountant/history_mem_reg_0/CLKARDCLK
Min Period        n/a     RAMB36E1/CLKARDCLK  n/a            3.363         15.625      12.262               impl/endpoint/g_physical_safety[0].u_physical_module_safety/u_exact_duty_accountant/history_mem_reg_1/CLKARDCLK
Min Period        n/a     RAMB36E1/CLKARDCLK  n/a            3.363         15.625      12.262               impl/endpoint/g_physical_safety[1].u_physical_module_safety/u_exact_duty_accountant/history_mem_reg_0/CLKARDCLK
Min Period        n/a     RAMB36E1/CLKARDCLK  n/a            3.363         15.625      12.262               impl/endpoint/g_physical_safety[1].u_physical_module_safety/u_exact_duty_accountant/history_mem_reg_1/CLKARDCLK
Min Period        n/a     RAMB36E1/CLKARDCLK  n/a            3.363         15.625      12.262               impl/endpoint/g_physical_safety[2].u_physical_module_safety/u_exact_duty_accountant/history_mem_reg_0/CLKARDCLK
Min Period        n/a     RAMB36E1/CLKARDCLK  n/a            3.363         15.625      12.262               impl/endpoint/g_physical_safety[2].u_physical_module_safety/u_exact_duty_accountant/history_mem_reg_1/CLKARDCLK
Min Period        n/a     RAMB36E1/CLKARDCLK  n/a            3.363         15.625      12.262               impl/endpoint/g_physical_safety[3].u_physical_module_safety/u_exact_duty_accountant/history_mem_reg_0/CLKARDCLK
Min Period        n/a     RAMB36E1/CLKARDCLK  n/a            3.363         15.625      12.262               impl/endpoint/g_physical_safety[3].u_physical_module_safety/u_exact_duty_accountant/history_mem_reg_1/CLKARDCLK
Min Period        n/a     RAMB36E1/CLKARDCLK  n/a            3.363         15.625      12.262               impl/endpoint/g_physical_safety[4].u_physical_module_safety/u_exact_duty_accountant/history_mem_reg_0/CLKARDCLK
Min Period        n/a     RAMB36E1/CLKARDCLK  n/a            3.363         15.625      12.262               impl/endpoint/g_physical_safety[4].u_physical_module_safety/u_exact_duty_accountant/history_mem_reg_1/CLKARDCLK
Min Period        n/a     RAMB36E1/CLKARDCLK  n/a            3.363         15.625      12.262               impl/endpoint/g_physical_safety[5].u_physical_module_safety/u_exact_duty_accountant/history_mem_reg_0/CLKARDCLK
Min Period        n/a     RAMB36E1/CLKARDCLK  n/a            3.363         15.625      12.262               impl/endpoint/g_physical_safety[5].u_physical_module_safety/u_exact_duty_accountant/history_mem_reg_1/CLKARDCLK
Min Period        n/a     RAMB36E1/CLKARDCLK  n/a            3.363         15.625      12.262               impl/endpoint/g_physical_safety[6].u_physical_module_safety/u_exact_duty_accountant/history_mem_reg_0/CLKARDCLK
Min Period        n/a     RAMB36E1/CLKARDCLK  n/a            3.363         15.625      12.262               impl/endpoint/g_physical_safety[6].u_physical_module_safety/u_exact_duty_accountant/history_mem_reg_1/CLKARDCLK
Min Period        n/a     RAMB36E1/CLKARDCLK  n/a            3.363         15.625      12.262               impl/endpoint/g_physical_safety[7].u_physical_module_safety/u_exact_duty_accountant/history_mem_reg_0/CLKARDCLK
Min Period        n/a     RAMB36E1/CLKARDCLK  n/a            3.363         15.625      12.262               impl/endpoint/g_physical_safety[7].u_physical_module_safety/u_exact_duty_accountant/history_mem_reg_1/CLKARDCLK
Min Period        n/a     RAMB36E1/CLKBWRCLK  n/a            2.892         15.625      12.733               impl/endpoint/g_physical_safety[0].u_physical_module_safety/u_exact_duty_accountant/history_mem_reg_0/CLKBWRCLK
Min Period        n/a     RAMB36E1/CLKBWRCLK  n/a            2.892         15.625      12.733               impl/endpoint/g_physical_safety[0].u_physical_module_safety/u_exact_duty_accountant/history_mem_reg_1/CLKBWRCLK
Min Period        n/a     RAMB36E1/CLKBWRCLK  n/a            2.892         15.625      12.733               impl/endpoint/g_physical_safety[1].u_physical_module_safety/u_exact_duty_accountant/history_mem_reg_0/CLKBWRCLK
Min Period        n/a     RAMB36E1/CLKBWRCLK  n/a            2.892         15.625      12.733               impl/endpoint/g_physical_safety[1].u_physical_module_safety/u_exact_duty_accountant/history_mem_reg_1/CLKBWRCLK
Low Pulse Width   Slow    FDCE/C              n/a            0.500         7.812       7.312                impl/endpoint/endpoint_armed_o_reg/C
Low Pulse Width   Fast    FDCE/C              n/a            0.500         7.813       7.313                impl/endpoint/endpoint_armed_o_reg/C
Low Pulse Width   Slow    FDCE/C              n/a            0.500         7.812       7.312                impl/endpoint/partial_frame_abort_block_o_reg/C
Low Pulse Width   Fast    FDCE/C              n/a            0.500         7.813       7.313                impl/endpoint/partial_frame_abort_block_o_reg/C
Low Pulse Width   Slow    FDCE/C              n/a            0.500         7.812       7.312                impl/endpoint/permit_filter_count_q_reg[0]/C
Low Pulse Width   Fast    FDCE/C              n/a            0.500         7.813       7.313                impl/endpoint/permit_filter_count_q_reg[0]/C
Low Pulse Width   Slow    FDCE/C              n/a            0.500         7.812       7.312                impl/endpoint/permit_filter_count_q_reg[1]/C
Low Pulse Width   Fast    FDCE/C              n/a            0.500         7.813       7.313                impl/endpoint/permit_filter_count_q_reg[1]/C
Low Pulse Width   Slow    FDCE/C              n/a            0.500         7.812       7.312                impl/endpoint/permit_filter_count_q_reg[2]/C
Low Pulse Width   Fast    FDCE/C              n/a            0.500         7.813       7.313                impl/endpoint/permit_filter_count_q_reg[2]/C
Low Pulse Width   Slow    FDCE/C              n/a            0.500         7.812       7.312                impl/endpoint/permit_meta_q_reg/C
Low Pulse Width   Fast    FDCE/C              n/a            0.500         7.813       7.313                impl/endpoint/permit_meta_q_reg/C
Low Pulse Width   Slow    FDCE/C              n/a            0.500         7.812       7.312                impl/endpoint/permit_raw_prev_q_reg/C
Low Pulse Width   Fast    FDCE/C              n/a            0.500         7.813       7.313                impl/endpoint/permit_raw_prev_q_reg/C
Low Pulse Width   Slow    FDCE/C              n/a            0.500         7.812       7.312                impl/endpoint/permit_sync_q_reg/C
Low Pulse Width   Fast    FDCE/C              n/a            0.500         7.813       7.313                impl/endpoint/permit_sync_q_reg/C
Low Pulse Width   Slow    FDCE/C              n/a            0.500         7.812       7.312                impl/endpoint/permit_sync_valid_q_reg/C
Low Pulse Width   Fast    FDCE/C              n/a            0.500         7.813       7.313                impl/endpoint/permit_sync_valid_q_reg/C
Low Pulse Width   Slow    FDCE/C              n/a            0.500         7.812       7.312                impl/endpoint/g_physical_safety[0].u_physical_module_safety/continuous_high_cycles_o_reg[0]/C
Low Pulse Width   Fast    FDCE/C              n/a            0.500         7.813       7.313                impl/endpoint/g_physical_safety[0].u_physical_module_safety/continuous_high_cycles_o_reg[0]/C
High Pulse Width  Slow    FDCE/C              n/a            0.500         7.812       7.312                impl/endpoint/endpoint_armed_o_reg/C
High Pulse Width  Fast    FDCE/C              n/a            0.500         7.812       7.312                impl/endpoint/endpoint_armed_o_reg/C
High Pulse Width  Slow    FDCE/C              n/a            0.500         7.812       7.312                impl/endpoint/partial_frame_abort_block_o_reg/C
High Pulse Width  Fast    FDCE/C              n/a            0.500         7.812       7.312                impl/endpoint/partial_frame_abort_block_o_reg/C
High Pulse Width  Slow    FDCE/C              n/a            0.500         7.812       7.312                impl/endpoint/permit_filter_count_q_reg[0]/C
High Pulse Width  Fast    FDCE/C              n/a            0.500         7.812       7.312                impl/endpoint/permit_filter_count_q_reg[0]/C
High Pulse Width  Slow    FDCE/C              n/a            0.500         7.812       7.312                impl/endpoint/permit_filter_count_q_reg[1]/C
High Pulse Width  Fast    FDCE/C              n/a            0.500         7.812       7.312                impl/endpoint/permit_filter_count_q_reg[1]/C
High Pulse Width  Slow    FDCE/C              n/a            0.500         7.812       7.312                impl/endpoint/permit_filter_count_q_reg[2]/C
High Pulse Width  Fast    FDCE/C              n/a            0.500         7.812       7.312                impl/endpoint/permit_filter_count_q_reg[2]/C
High Pulse Width  Slow    FDCE/C              n/a            0.500         7.812       7.312                impl/endpoint/permit_meta_q_reg/C
High Pulse Width  Fast    FDCE/C              n/a            0.500         7.812       7.312                impl/endpoint/permit_meta_q_reg/C
High Pulse Width  Slow    FDCE/C              n/a            0.500         7.812       7.312                impl/endpoint/permit_raw_prev_q_reg/C
High Pulse Width  Fast    FDCE/C              n/a            0.500         7.812       7.312                impl/endpoint/permit_raw_prev_q_reg/C
High Pulse Width  Slow    FDCE/C              n/a            0.500         7.812       7.312                impl/endpoint/permit_sync_q_reg/C
High Pulse Width  Fast    FDCE/C              n/a            0.500         7.812       7.312                impl/endpoint/permit_sync_q_reg/C
High Pulse Width  Slow    FDCE/C              n/a            0.500         7.812       7.312                impl/endpoint/permit_sync_valid_q_reg/C
High Pulse Width  Fast    FDCE/C              n/a            0.500         7.812       7.312                impl/endpoint/permit_sync_valid_q_reg/C
High Pulse Width  Slow    FDCE/C              n/a            0.500         7.812       7.312                impl/endpoint/g_physical_safety[0].u_physical_module_safety/continuous_high_cycles_o_reg[0]/C
High Pulse Width  Fast    FDCE/C              n/a            0.500         7.812       7.312                impl/endpoint/g_physical_safety[0].u_physical_module_safety/continuous_high_cycles_o_reg[0]/C



