{
  "P7_JTAG_AXI_SAFE_STAGE": "PASS",
  "generated_at_utc": "2026-07-11T07:51:44.191276+00:00",
  "stage_name": "p7_p6_frame_regression_m3",
  "semantic_mode": "rfap",
  "requested_execute_hardware": true,
  "hardware_actions_executed": true,
  "programmed_fpga": true,
  "programmed_candidate": true,
  "programmed_shutdown_before": true,
  "programmed_shutdown_after": true,
  "started_ps_elf": false,
  "drove_tfdu_txd": true,
  "enabled_tfdu_receiver": true,
  "uart_access": false,
  "ethernet_used": false,
  "motion_used": false,
  "hardware_acceptance": "PENDING_HW",
  "safety_validation": {
    "P7_HARDWARE_SAFETY": "PASS",
    "ready_for_hardware_preflight": true,
    "hardware_actions_executed": false,
    "programmed_fpga": false,
    "drove_tfdu_txd": false,
    "started_ps_elf": false,
    "authorization_environment_present": true,
    "authorization": {
      "exists": true,
      "path": "C:\\Users\\user\\Documents\\RF_COMM_MULTILANE\\.hardware_authorization\\p7_20260711_stationary_app_r8_004_p7_p6_frame_regression_m3.txt",
      "actual_sha256": "ac4d24096ff1ca56a195c5d8737923f28564aef5552ca6a82a7e2ffd951f377c",
      "expected_sha256": "ac4d24096ff1ca56a195c5d8737923f28564aef5552ca6a82a7e2ffd951f377c",
      "markers": [
        "P7_STATIONARY_APP_LAYER_APPROVED"
      ],
      "duplicate_keys": []
    },
    "authorization_fields": {
      "AUTHORIZED_STAGE": "P7_STATIONARY_LOCAL_APPLICATION_LAYER_NO_ETHERNET",
      "USER_HARDWARE_AUTHORIZATION_FOR_P7": "GRANTED",
      "BOARD_ID": "210512180081",
      "EXPECTED_PART": "xc7z010clg400-1",
      "EXPECTED_TARGET": "localhost:3121/xilinx_tcf/Digilent/210512180081",
      "SOURCE_COMMIT": "11961c92d22713032d92095d87e6c4362b3254dc",
      "MAX_RUNTIME_SEC": "960",
      "SHUTDOWN_ON_EXIT": "required",
      "NO_ETHERNET": "true",
      "NO_MOTION": "true",
      "LANE_COUNT": "2",
      "MAX_LANE_MASK": "0x3",
      "P7_PLAN_PATH": "C:\\Users\\user\\Documents\\RF_COMM_MULTILANE\\evidence\\hardware\\p7\\artifacts\\p7_plan_c6db9d8348c3bc518fa5985595adfcdada1a08f11c9246c6103ec378b43b58dd.md",
      "P7_PLAN_SHA256": "c6db9d8348c3bc518fa5985595adfcdada1a08f11c9246c6103ec378b43b58dd",
      "BITSTREAM_PATH": "C:\\Users\\user\\Documents\\RF_COMM_MULTILANE\\evidence\\hardware\\p6\\bitstreams\\p6_jtag_dynamic_transport_4830d547d6a667edda8deebae855c3a7154478e298efca70e2526e6f3570b23c.bit",
      "BITSTREAM_SHA256": "4830d547d6a667edda8deebae855c3a7154478e298efca70e2526e6f3570b23c",
      "XSA_PATH": "C:\\Users\\user\\Documents\\RF_COMM_MULTILANE\\evidence\\hardware\\p6\\bitstreams\\p6_ps_dynamic_transport_b5d1174eb46d12eb395ceabbbea3c132c5771ca6777194138e68c2eacb2e4fc9.xsa",
      "XSA_SHA256": "b5d1174eb46d12eb395ceabbbea3c132c5771ca6777194138e68c2eacb2e4fc9",
      "ELF_PATH": "C:\\Users\\user\\Documents\\RF_COMM_MULTILANE\\evidence\\hardware\\p7\\artifacts\\p7_runtime_14450369d4c6cbe27899bc69f210278e3b2076573e0122859d266fe63cc8e0ce.elf",
      "ELF_SHA256": "14450369d4c6cbe27899bc69f210278e3b2076573e0122859d266fe63cc8e0ce",
      "PROFILE_PATH": "C:\\Users\\user\\Documents\\RF_COMM_MULTILANE\\profiles\\p7\\p7_stationary_app_30min.json",
      "PROFILE_SHA256": "65a36a8318e7fd1e3b647997aceca773c69e76eee85cb8fae922148ccd8f3c94",
      "ACTIVE_XDC_PATH": "C:\\Users\\user\\Documents\\RF_COMM_MULTILANE\\constraints\\active\\PORT1.generated.xdc",
      "ACTIVE_XDC_SHA256": "cf23a0d34a2fa76521faf4c91f3858cff2117fa6020d302d1a6109f10254f990",
      "PINMAP_PATH": "C:\\Users\\user\\Documents\\RF_COMM_MULTILANE\\board_profiles\\ax7010_tfdu_j10_j11_pinmap.csv",
      "PINMAP_SHA256": "4c7d5f0836a2ab48df7672e00f99455e582fbf477b04ed2b3b44ef38506a8a6a",
      "REGISTER_MAP_PATH": "C:\\Users\\user\\Documents\\RF_COMM_MULTILANE\\config\\register_map\\ir_axi_regs.yaml",
      "REGISTER_MAP_SHA256": "d5b0bf1476d815a3ed69988c72097827356d4eade48813c8913fc1b2d448983d",
      "SHUTDOWN_BITSTREAM_PATH": "C:\\Users\\user\\Documents\\RF_COMM_MULTILANE\\shutdown_bitstream\\tfdu_shutdown_j10_j11.bit",
      "SHUTDOWN_BITSTREAM_SHA256": "bac60b58912f0acd771dc830a6761535ec8f6a92befb1ae4cb7d928745af5810",
      "LTX_PATH": "C:\\Users\\user\\Documents\\RF_COMM_MULTILANE\\evidence\\hardware\\p6\\bitstreams\\p6_jtag_dynamic_transport_76fe1ec47871946a7d357b0caa1f669500de827b796d6154dcc54678e0ac7083.ltx",
      "LTX_SHA256": "76fe1ec47871946a7d357b0caa1f669500de827b796d6154dcc54678e0ac7083",
      "P7_JTAG_STAGE_NAME": "p7_p6_frame_regression_m3",
      "P7_JTAG_SEMANTIC_MODE": "rfap",
      "P7_JTAG_TRANSACTION_PATH": "C:\\Users\\user\\Documents\\RF_COMM_MULTILANE\\build\\p7_authorized_sequence\\p7_20260711_stationary_app_r8\\transactions\\004_p7_p6_frame_regression_m3.transactions.txt",
      "P7_JTAG_TRANSACTION_SHA256": "152fefaac51ab25feebddb5349b85d53e43da6dfa969c20b2cc089f212cf3b1e",
      "P7_JTAG_FREQUENCY_HZ": "1000000",
      "P7_JTAG_AXI_BASE": "0x43c00000",
      "P7_JTAG_BACKEND_MANIFEST_PATH": "C:\\Users\\user\\Documents\\RF_COMM_MULTILANE\\build\\p7_authorized_sequence\\p7_20260711_stationary_app_r8\\manifests\\004_p7_p6_frame_regression_m3.manifest.json",
      "P7_JTAG_BACKEND_MANIFEST_SHA256": "d318f518919b18c0331c50e810e1d8cef19d945701b4f9f7a08a6aa44dd9939b"
    },
    "source_commit_requested": "11961c92d22713032d92095d87e6c4362b3254dc",
    "source_commit_current": "11961c92d22713032d92095d87e6c4362b3254dc",
    "dirty_files": [
      " M evidence/generated/p7_ps_runtime_build_summary.json",
      " M evidence/generated/p7_ps_runtime_build_summary.md",
      " M evidence/generated/vitis/p7_ps_runtime/p7_ps_runtime_build_summary.json",
      "?? evidence/generated/p7_2lane_scope_summary.md",
      "?? evidence/generated/p7_application_protocol_summary.md",
      "?? evidence/generated/p7_artifact_provenance_summary.json",
      "?? evidence/generated/p7_artifact_provenance_summary.md",
      "?? evidence/generated/p7_backend_conformance_summary.md",
      "?? evidence/generated/p7_fault_recovery_summary.md",
      "?? evidence/generated/p7_file_integrity_summary.md",
      "?? evidence/generated/p7_fragmentation_reassembly_summary.md",
      "?? evidence/generated/p7_lane1_promotion_summary.json",
      "?? evidence/generated/p7_lane1_promotion_summary.md",
      "?? evidence/generated/p7_lane_scheduler_summary.md",
      "?? evidence/generated/p7_no_ethernet_summary.md",
      "?? evidence/generated/p7_no_motion_summary.md",
      "?? evidence/generated/p7_offline_gate_summary.json",
      "?? evidence/generated/p7_offline_gate_summary.md",
      "?? evidence/generated/p7_offline_test_run.json",
      "?? evidence/generated/p7_protocol_vector_summary.json",
      "?? evidence/generated/p7_protocol_vector_summary.md",
      "?? evidence/generated/p7_ps_core_hardware_readiness.json",
      "?? evidence/generated/p7_ps_core_hardware_readiness.md",
      "?? evidence/generated/p7_ps_runtime_summary.md",
      "?? evidence/generated/p7_queue_backpressure_summary.md",
      "?? evidence/generated/p7_repo_intake.md",
      "?? evidence/generated/p7_repo_intake_summary.json",
      "?? evidence/generated/p7_repo_intake_summary.md",
      "?? evidence/generated/p7_segmentation_reassembly_summary.md",
      "?? evidence/hardware/p7/authorized_sequence/p7_20260711_stationary_app_r8/"
    ],
    "max_runtime_sec": 960,
    "lane_count": 2,
    "max_lane_mask": "0x3",
    "no_ethernet": true,
    "no_motion": true,
    "shutdown_on_exit": true,
    "abort_file": "C:\\Users\\user\\Documents\\RF_COMM_MULTILANE\\.hardware_authorization\\ABORT_NOW.txt",
    "abort_file_present": false,
    "hw_server_url": "localhost:3121",
    "preflight_tcl": "C:\\Users\\user\\Documents\\RF_COMM_MULTILANE\\scripts\\hw\\p7_hw_preflight.tcl",
    "preflight_tcl_sha256": "95bfbdf7e6c429e6637c1b4224a9dcecaa1fd756a1f665b21a797d54afbfc464",
    "artifacts": {
      "plan": {
        "path": "C:\\Users\\user\\Documents\\RF_COMM_MULTILANE\\evidence\\hardware\\p7\\artifacts\\p7_plan_c6db9d8348c3bc518fa5985595adfcdada1a08f11c9246c6103ec378b43b58dd.md",
        "expected_sha256": "c6db9d8348c3bc518fa5985595adfcdada1a08f11c9246c6103ec378b43b58dd",
        "exists": true,
        "actual_sha256": "c6db9d8348c3bc518fa5985595adfcdada1a08f11c9246c6103ec378b43b58dd"
      },
      "bitstream": {
        "path": "C:\\Users\\user\\Documents\\RF_COMM_MULTILANE\\evidence\\hardware\\p6\\bitstreams\\p6_jtag_dynamic_transport_4830d547d6a667edda8deebae855c3a7154478e298efca70e2526e6f3570b23c.bit",
        "expected_sha256": "4830d547d6a667edda8deebae855c3a7154478e298efca70e2526e6f3570b23c",
        "exists": true,
        "actual_sha256": "4830d547d6a667edda8deebae855c3a7154478e298efca70e2526e6f3570b23c"
      },
      "xsa": {
        "path": "C:\\Users\\user\\Documents\\RF_COMM_MULTILANE\\evidence\\hardware\\p6\\bitstreams\\p6_ps_dynamic_transport_b5d1174eb46d12eb395ceabbbea3c132c5771ca6777194138e68c2eacb2e4fc9.xsa",
        "expected_sha256": "b5d1174eb46d12eb395ceabbbea3c132c5771ca6777194138e68c2eacb2e4fc9",
        "exists": true,
        "actual_sha256": "b5d1174eb46d12eb395ceabbbea3c132c5771ca6777194138e68c2eacb2e4fc9"
      },
      "elf": {
        "path": "C:\\Users\\user\\Documents\\RF_COMM_MULTILANE\\evidence\\hardware\\p7\\artifacts\\p7_runtime_14450369d4c6cbe27899bc69f210278e3b2076573e0122859d266fe63cc8e0ce.elf",
        "expected_sha256": "14450369d4c6cbe27899bc69f210278e3b2076573e0122859d266fe63cc8e0ce",
        "exists": true,
        "actual_sha256": "14450369d4c6cbe27899bc69f210278e3b2076573e0122859d266fe63cc8e0ce"
      },
      "profile": {
        "path": "C:\\Users\\user\\Documents\\RF_COMM_MULTILANE\\profiles\\p7\\p7_stationary_app_30min.json",
        "expected_sha256": "65a36a8318e7fd1e3b647997aceca773c69e76eee85cb8fae922148ccd8f3c94",
        "exists": true,
        "actual_sha256": "65a36a8318e7fd1e3b647997aceca773c69e76eee85cb8fae922148ccd8f3c94"
      },
      "active_xdc": {
        "path": "C:\\Users\\user\\Documents\\RF_COMM_MULTILANE\\constraints\\active\\PORT1.generated.xdc",
        "expected_sha256": "cf23a0d34a2fa76521faf4c91f3858cff2117fa6020d302d1a6109f10254f990",
        "exists": true,
        "actual_sha256": "cf23a0d34a2fa76521faf4c91f3858cff2117fa6020d302d1a6109f10254f990"
      },
      "pinmap": {
        "path": "C:\\Users\\user\\Documents\\RF_COMM_MULTILANE\\board_profiles\\ax7010_tfdu_j10_j11_pinmap.csv",
        "expected_sha256": "4c7d5f0836a2ab48df7672e00f99455e582fbf477b04ed2b3b44ef38506a8a6a",
        "exists": true,
        "actual_sha256": "4c7d5f0836a2ab48df7672e00f99455e582fbf477b04ed2b3b44ef38506a8a6a"
      },
      "register_map": {
        "path": "C:\\Users\\user\\Documents\\RF_COMM_MULTILANE\\config\\register_map\\ir_axi_regs.yaml",
        "expected_sha256": "d5b0bf1476d815a3ed69988c72097827356d4eade48813c8913fc1b2d448983d",
        "exists": true,
        "actual_sha256": "d5b0bf1476d815a3ed69988c72097827356d4eade48813c8913fc1b2d448983d"
      },
      "shutdown_bitstream": {
        "path": "C:\\Users\\user\\Documents\\RF_COMM_MULTILANE\\shutdown_bitstream\\tfdu_shutdown_j10_j11.bit",
        "expected_sha256": "bac60b58912f0acd771dc830a6761535ec8f6a92befb1ae4cb7d928745af5810",
        "exists": true,
        "actual_sha256": "bac60b58912f0acd771dc830a6761535ec8f6a92befb1ae4cb7d928745af5810"
      },
      "ltx": {
        "path": "C:\\Users\\user\\Documents\\RF_COMM_MULTILANE\\evidence\\hardware\\p6\\bitstreams\\p6_jtag_dynamic_transport_76fe1ec47871946a7d357b0caa1f669500de827b796d6154dcc54678e0ac7083.ltx",
        "expected_sha256": "76fe1ec47871946a7d357b0caa1f669500de827b796d6154dcc54678e0ac7083",
        "exists": true,
        "actual_sha256": "76fe1ec47871946a7d357b0caa1f669500de827b796d6154dcc54678e0ac7083"
      }
    },
    "errors": [],
    "warnings": [
      "workspace has uncommitted changes; frozen artifact hashes remain authoritative"
    ]
  },
  "stage_validation_errors": [],
  "transaction_validation": {
    "format": "P7_JTAG_AXI_TRANSACTIONS_V1",
    "path": "C:\\Users\\user\\Documents\\RF_COMM_MULTILANE\\build\\p7_authorized_sequence\\p7_20260711_stationary_app_r8\\transactions\\004_p7_p6_frame_regression_m3.transactions.txt",
    "expected_sha256": "152fefaac51ab25feebddb5349b85d53e43da6dfa969c20b2cc089f212cf3b1e",
    "actual_sha256": "152fefaac51ab25feebddb5349b85d53e43da6dfa969c20b2cc089f212cf3b1e",
    "operation_count": 4269,
    "poll_operation_count": 40,
    "poll_iteration_ceiling": 240000,
    "metadata": {
      "BACKEND": "p7_jtag_backend",
      "LANE_POLICY": "REPLICATE_0X3"
    },
    "errors": [],
    "size_bytes": 130273,
    "start_operation_count": 20,
    "commit_operation_count": 20,
    "payload_write_count": 1189,
    "result_keys": [
      "P7F00000_ACK_SEEN",
      "P7F00000_ACK_SENT",
      "P7F00000_COMMIT",
      "P7F00000_COMMIT_POLLS",
      "P7F00000_CRC_BAD",
      "P7F00000_DONE",
      "P7F00000_DONE_POLLS",
      "P7F00000_DUTY_VIOLATION",
      "P7F00000_ERROR_CODE",
      "P7F00000_FRAME_BAD",
      "P7F00000_FRAME_GOOD",
      "P7F00000_MAILBOX",
      "P7F00000_PAYLOAD_MISMATCH",
      "P7F00000_RAW_RX_PULSES",
      "P7F00000_RAW_TX_PULSES",
      "P7F00000_RETRY_COUNT",
      "P7F00000_RETRY_EXHAUSTED",
      "P7F00000_RXW000",
      "P7F00000_RXW001",
      "P7F00000_RXW002",
      "P7F00000_RXW003",
      "P7F00000_RXW004",
      "P7F00000_RXW005",
      "P7F00000_RXW006",
      "P7F00000_RXW007",
      "P7F00000_RXW008",
      "P7F00000_RXW009",
      "P7F00000_RXW010",
      "P7F00000_RXW011",
      "P7F00000_RXW012",
      "P7F00000_RXW013",
      "P7F00000_RXW014",
      "P7F00000_RXW015",
      "P7F00000_RXW016",
      "P7F00000_RXW017",
      "P7F00000_RXW018",
      "P7F00000_RXW019",
      "P7F00000_RXW020",
      "P7F00000_RXW021",
      "P7F00000_RXW022",
      "P7F00000_RXW023",
      "P7F00000_RXW024",
      "P7F00000_RXW025",
      "P7F00000_RXW026",
      "P7F00000_RXW027",
      "P7F00000_RXW028",
      "P7F00000_RXW029",
      "P7F00000_RXW030",
      "P7F00000_RXW031",
      "P7F00000_RXW032",
      "P7F00000_RXW033",
      "P7F00000_RXW034",
      "P7F00000_RXW035",
      "P7F00000_RXW036",
      "P7F00000_RXW037",
      "P7F00000_RXW038",
      "P7F00000_RXW039",
      "P7F00000_RXW040",
      "P7F00000_RXW041",
      "P7F00000_RXW042",
      "P7F00000_RXW043",
      "P7F00000_RXW044",
      "P7F00000_RXW045",
      "P7F00000_RXW046",
      "P7F00000_RXW047",
      "P7F00000_RXW048",
      "P7F00000_RXW049",
      "P7F00000_RXW050",
      "P7F00000_RXW051",
      "P7F00000_RXW052",
      "P7F00000_RXW053",
      "P7F00000_RXW054",
      "P7F00000_RXW055",
      "P7F00000_RXW056",
      "P7F00000_RXW057",
      "P7F00000_RXW058",
      "P7F00000_RXW059",
      "P7F00000_RXW060",
      "P7F00000_RXW061",
      "P7F00000_RX_CRC32",
      "P7F00000_RX_DIGEST",
      "P7F00000_RX_GOOD_COUNT_L0",
      "P7F00000_RX_GOOD_COUNT_L1",
      "P7F00000_RX_LEN",
      "P7F00000_STATUS",
      "P7F00000_STICKY_ERROR",
      "P7F00000_TXD_HIGH_MAX",
      "P7F00000_TXW000",
      "P7F00000_TXW001",
      "P7F00000_TXW002",
      "P7F00000_TXW003",
      "P7F00000_TXW004",
      "P7F00000_TXW005",
      "P7F00000_TXW006",
      "P7F00000_TXW007",
      "P7F00000_TXW008",
      "P7F00000_TXW009",
      "P7F00000_TXW010",
      "P7F00000_TXW011",
      "P7F00000_TXW012",
      "P7F00000_TXW013",
      "P7F00000_TXW014",
      "P7F00000_TXW015",
      "P7F00000_TXW016",
      "P7F00000_TXW017",
      "P7F00000_TXW018",
      "P7F00000_TXW019",
      "P7F00000_TXW020",
      "P7F00000_TXW021",
      "P7F00000_TXW022",
      "P7F00000_TXW023",
      "P7F00000_TXW024",
      "P7F00000_TXW025",
      "P7F00000_TXW026",
      "P7F00000_TXW027",
      "P7F00000_TXW028",
      "P7F00000_TXW029",
      "P7F00000_TXW030",
      "P7F00000_TXW031",
      "P7F00000_TXW032",
      "P7F00000_TXW033",
      "P7F00000_TXW034",
      "P7F00000_TXW035",
      "P7F00000_TXW036",
      "P7F00000_TXW037",
      "P7F00000_TXW038",
      "P7F00000_TXW039",
      "P7F00000_TXW040",
      "P7F00000_TXW041",
      "P7F00000_TXW042",
      "P7F00000_TXW043",
      "P7F00000_TXW044",
      "P7F00000_TXW045",
      "P7F00000_TXW046",
      "P7F00000_TXW047",
      "P7F00000_TXW048",
      "P7F00000_TXW049",
      "P7F00000_TXW050",
      "P7F00000_TXW051",
      "P7F00000_TXW052",
      "P7F00000_TXW053",
      "P7F00000_TXW054",
      "P7F00000_TXW055",
      "P7F00000_TXW056",
      "P7F00000_TXW057",
      "P7F00000_TXW058",
      "P7F00000_TXW059",
      "P7F00000_TXW060",
      "P7F00000_TXW061",
      "P7F00000_TX_COUNT",
      "P7F00000_TX_CRC32",
      "P7F00000_TX_FAIL",
      "P7F00001_ACK_SEEN",
      "P7F00001_ACK_SENT",
      "P7F00001_COMMIT",
      "P7F00001_COMMIT_POLLS",
      "P7F00001_CRC_BAD",
      "P7F00001_DONE",
      "P7F00001_DONE_POLLS",
      "P7F00001_DUTY_VIOLATION",
      "P7F00001_ERROR_CODE",
      "P7F00001_FRAME_BAD",
      "P7F00001_FRAME_GOOD",
      "P7F00001_MAILBOX",
      "P7F00001_PAYLOAD_MISMATCH",
      "P7F00001_RAW_RX_PULSES",
      "P7F00001_RAW_TX_PULSES",
      "P7F00001_RETRY_COUNT",
      "P7F00001_RETRY_EXHAUSTED",
      "P7F00001_RXW000",
      "P7F00001_RXW001",
      "P7F00001_RXW002",
      "P7F00001_RXW003",
      "P7F00001_RXW004",
      "P7F00001_RXW005",
      "P7F00001_RXW006",
      "P7F00001_RXW007",
      "P7F00001_RXW008",
      "P7F00001_RXW009",
      "P7F00001_RXW010",
      "P7F00001_RXW011",
      "P7F00001_RXW012",
      "P7F00001_RXW013",
      "P7F00001_RXW014",
      "P7F00001_RXW015",
      "P7F00001_RXW016",
      "P7F00001_RXW017",
      "P7F00001_RXW018",
      "P7F00001_RXW019",
      "P7F00001_RXW020",
      "P7F00001_RXW021",
      "P7F00001_RXW022",
      "P7F00001_RXW023",
      "P7F00001_RXW024",
      "P7F00001_RXW025",
      "P7F00001_RXW026",
      "P7F00001_RXW027",
      "P7F00001_RXW028",
      "P7F00001_RXW029",
      "P7F00001_RXW030",
      "P7F00001_RXW031",
      "P7F00001_RXW032",
      "P7F00001_RXW033",
      "P7F00001_RXW034",
      "P7F00001_RXW035",
      "P7F00001_RXW036",
      "P7F00001_RXW037",
      "P7F00001_RXW038",
      "P7F00001_RXW039",
      "P7F00001_RXW040",
      "P7F00001_RXW041",
      "P7F00001_RXW042",
      "P7F00001_RXW043",
      "P7F00001_RXW044",
      "P7F00001_RXW045",
      "P7F00001_RXW046",
      "P7F00001_RXW047",
      "P7F00001_RXW048",
      "P7F00001_RXW049",
      "P7F00001_RXW050",
      "P7F00001_RXW051",
      "P7F00001_RXW052",
      "P7F00001_RXW053",
      "P7F00001_RXW054",
      "P7F00001_RXW055",
      "P7F00001_RXW056",
      "P7F00001_RXW057",
      "P7F00001_RXW058",
      "P7F00001_RXW059",
      "P7F00001_RXW060",
      "P7F00001_RXW061",
      "P7F00001_RX_CRC32",
      "P7F00001_RX_DIGEST",
      "P7F00001_RX_GOOD_COUNT_L0",
      "P7F00001_RX_GOOD_COUNT_L1",
      "P7F00001_RX_LEN",
      "P7F00001_STATUS",
      "P7F00001_STICKY_ERROR",
      "P7F00001_TXD_HIGH_MAX",
      "P7F00001_TXW000",
      "P7F00001_TXW001",
      "P7F00001_TXW002",
      "P7F00001_TXW003",
      "P7F00001_TXW004",
      "P7F00001_TXW005",
      "P7F00001_TXW006",
      "P7F00001_TXW007",
      "P7F00001_TXW008",
      "P7F00001_TXW009",
      "P7F00001_TXW010",
      "P7F00001_TXW011",
      "P7F00001_TXW012",
      "P7F00001_TXW013",
      "P7F00001_TXW014",
      "P7F00001_TXW015",
      "P7F00001_TXW016",
      "P7F00001_TXW017",
      "P7F00001_TXW018",
      "P7F00001_TXW019",
      "P7F00001_TXW020",
      "P7F00001_TXW021",
      "P7F00001_TXW022",
      "P7F00001_TXW023",
      "P7F00001_TXW024",
      "P7F00001_TXW025",
      "P7F00001_TXW026",
      "P7F00001_TXW027",
      "P7F00001_TXW028",
      "P7F00001_TXW029",
      "P7F00001_TXW030",
      "P7F00001_TXW031",
      "P7F00001_TXW032",
      "P7F00001_TXW033",
      "P7F00001_TXW034",
      "P7F00001_TXW035",
      "P7F00001_TXW036",
      "P7F00001_TXW037",
      "P7F00001_TXW038",
      "P7F00001_TXW039",
      "P7F00001_TXW040",
      "P7F00001_TXW041",
      "P7F00001_TXW042",
      "P7F00001_TXW043",
      "P7F00001_TXW044",
      "P7F00001_TXW045",
      "P7F00001_TXW046",
      "P7F00001_TXW047",
      "P7F00001_TXW048",
      "P7F00001_TXW049",
      "P7F00001_TXW050",
      "P7F00001_TXW051",
      "P7F00001_TXW052",
      "P7F00001_TXW053",
      "P7F00001_TXW054",
      "P7F00001_TXW055",
      "P7F00001_TXW056",
      "P7F00001_TXW057",
      "P7F00001_TXW058",
      "P7F00001_TXW059",
      "P7F00001_TXW060",
      "P7F00001_TXW061",
      "P7F00001_TX_COUNT",
      "P7F00001_TX_CRC32",
      "P7F00001_TX_FAIL",
      "P7F00002_ACK_SEEN",
      "P7F00002_ACK_SENT",
      "P7F00002_COMMIT",
      "P7F00002_COMMIT_POLLS",
      "P7F00002_CRC_BAD",
      "P7F00002_DONE",
      "P7F00002_DONE_POLLS",
      "P7F00002_DUTY_VIOLATION",
      "P7F00002_ERROR_CODE",
      "P7F00002_FRAME_BAD",
      "P7F00002_FRAME_GOOD",
      "P7F00002_MAILBOX",
      "P7F00002_PAYLOAD_MISMATCH",
      "P7F00002_RAW_RX_PULSES",
      "P7F00002_RAW_TX_PULSES",
      "P7F00002_RETRY_COUNT",
      "P7F00002_RETRY_EXHAUSTED",
      "P7F00002_RXW000",
      "P7F00002_RXW001",
      "P7F00002_RXW002",
      "P7F00002_RXW003",
      "P7F00002_RXW004",
      "P7F00002_RXW005",
      "P7F00002_RXW006",
      "P7F00002_RXW007",
      "P7F00002_RXW008",
      "P7F00002_RXW009",
      "P7F00002_RXW010",
      "P7F00002_RXW011",
      "P7F00002_RXW012",
      "P7F00002_RXW013",
      "P7F00002_RXW014",
      "P7F00002_RXW015",
      "P7F00002_RXW016",
      "P7F00002_RXW017",
      "P7F00002_RXW018",
      "P7F00002_RXW019",
      "P7F00002_RXW020",
      "P7F00002_RXW021",
      "P7F00002_RXW022",
      "P7F00002_RXW023",
      "P7F00002_RXW024",
      "P7F00002_RXW025",
      "P7F00002_RXW026",
      "P7F00002_RXW027",
      "P7F00002_RXW028",
      "P7F00002_RXW029",
      "P7F00002_RXW030",
      "P7F00002_RXW031",
      "P7F00002_RXW032",
      "P7F00002_RXW033",
      "P7F00002_RXW034",
      "P7F00002_RXW035",
      "P7F00002_RXW036",
      "P7F00002_RXW037",
      "P7F00002_RXW038",
      "P7F00002_RXW039",
      "P7F00002_RXW040",
      "P7F00002_RXW041",
      "P7F00002_RXW042",
      "P7F00002_RXW043",
      "P7F00002_RXW044",
      "P7F00002_RXW045",
      "P7F00002_RXW046",
      "P7F00002_RXW047",
      "P7F00002_RXW048",
      "P7F00002_RXW049",
      "P7F00002_RXW050",
      "P7F00002_RXW051",
      "P7F00002_RXW052",
      "P7F00002_RXW053",
      "P7F00002_RXW054",
      "P7F00002_RXW055",
      "P7F00002_RXW056",
      "P7F00002_RXW057",
      "P7F00002_RXW058",
      "P7F00002_RXW059",
      "P7F00002_RXW060",
      "P7F00002_RXW061",
      "P7F00002_RX_CRC32",
      "P7F00002_RX_DIGEST",
      "P7F00002_RX_GOOD_COUNT_L0",
      "P7F00002_RX_GOOD_COUNT_L1",
      "P7F00002_RX_LEN",
      "P7F00002_STATUS",
      "P7F00002_STICKY_ERROR",
      "P7F00002_TXD_HIGH_MAX",
      "P7F00002_TXW000",
      "P7F00002_TXW001",
      "P7F00002_TXW002",
      "P7F00002_TXW003",
      "P7F00002_TXW004",
      "P7F00002_TXW005",
      "P7F00002_TXW006",
      "P7F00002_TXW007",
      "P7F00002_TXW008",
      "P7F00002_TXW009",
      "P7F00002_TXW010",
      "P7F00002_TXW011",
      "P7F00002_TXW012",
      "P7F00002_TXW013",
      "P7F00002_TXW014",
      "P7F00002_TXW015",
      "P7F00002_TXW016",
      "P7F00002_TXW017",
      "P7F00002_TXW018",
      "P7F00002_TXW019",
      "P7F00002_TXW020",
      "P7F00002_TXW021",
      "P7F00002_TXW022",
      "P7F00002_TXW023",
      "P7F00002_TXW024",
      "P7F00002_TXW025",
      "P7F00002_TXW026",
      "P7F00002_TXW027",
      "P7F00002_TXW028",
      "P7F00002_TXW029",
      "P7F00002_TXW030",
      "P7F00002_TXW031",
      "P7F00002_TXW032",
      "P7F00002_TXW033",
      "P7F00002_TXW034",
      "P7F00002_TXW035",
      "P7F00002_TXW036",
      "P7F00002_TXW037",
      "P7F00002_TXW038",
      "P7F00002_TXW039",
      "P7F00002_TXW040",
      "P7F00002_TXW041",
      "P7F00002_TXW042",
      "P7F00002_TXW043",
      "P7F00002_TXW044",
      "P7F00002_TXW045",
      "P7F00002_TXW046",
      "P7F00002_TXW047",
      "P7F00002_TXW048",
      "P7F00002_TXW049",
      "P7F00002_TXW050",
      "P7F00002_TXW051",
      "P7F00002_TXW052",
      "P7F00002_TXW053",
      "P7F00002_TXW054",
      "P7F00002_TXW055",
      "P7F00002_TXW056",
      "P7F00002_TXW057",
      "P7F00002_TXW058",
      "P7F00002_TXW059",
      "P7F00002_TXW060",
      "P7F00002_TXW061",
      "P7F00002_TX_COUNT",
      "P7F00002_TX_CRC32",
      "P7F00002_TX_FAIL",
      "P7F00003_ACK_SEEN",
      "P7F00003_ACK_SENT",
      "P7F00003_COMMIT",
      "P7F00003_COMMIT_POLLS",
      "P7F00003_CRC_BAD",
      "P7F00003_DONE",
      "P7F00003_DONE_POLLS",
      "P7F00003_DUTY_VIOLATION",
      "P7F00003_ERROR_CODE",
      "P7F00003_FRAME_BAD",
      "P7F00003_FRAME_GOOD",
      "P7F00003_MAILBOX",
      "P7F00003_PAYLOAD_MISMATCH",
      "P7F00003_RAW_RX_PULSES",
      "P7F00003_RAW_TX_PULSES",
      "P7F00003_RETRY_COUNT",
      "P7F00003_RETRY_EXHAUSTED",
      "P7F00003_RXW000",
      "P7F00003_RXW001",
      "P7F00003_RXW002",
      "P7F00003_RXW003",
      "P7F00003_RXW004",
      "P7F00003_RXW005",
      "P7F00003_RXW006",
      "P7F00003_RXW007",
      "P7F00003_RXW008",
      "P7F00003_RXW009",
      "P7F00003_RXW010",
      "P7F00003_RXW011",
      "P7F00003_RXW012",
      "P7F00003_RXW013",
      "P7F00003_RXW014",
      "P7F00003_RXW015",
      "P7F00003_RXW016",
      "P7F00003_RXW017",
      "P7F00003_RXW018",
      "P7F00003_RXW019",
      "P7F00003_RXW020",
      "P7F00003_RXW021",
      "P7F00003_RXW022",
      "P7F00003_RXW023",
      "P7F00003_RXW024",
      "P7F00003_RXW025",
      "P7F00003_RXW026",
      "P7F00003_RXW027",
      "P7F00003_RXW028",
      "P7F00003_RXW029",
      "P7F00003_RXW030",
      "P7F00003_RXW031",
      "P7F00003_RXW032",
      "P7F00003_RXW033",
      "P7F00003_RXW034",
      "P7F00003_RXW035",
      "P7F00003_RXW036",
      "P7F00003_RXW037",
      "P7F00003_RXW038",
      "P7F00003_RXW039",
      "P7F00003_RXW040",
      "P7F00003_RXW041",
      "P7F00003_RXW042",
      "P7F00003_RXW043",
      "P7F00003_RXW044",
      "P7F00003_RXW045",
      "P7F00003_RXW046",
      "P7F00003_RXW047",
      "P7F00003_RXW048",
      "P7F00003_RXW049",
      "P7F00003_RXW050",
      "P7F00003_RXW051",
      "P7F00003_RXW052",
      "P7F00003_RXW053",
      "P7F00003_RXW054",
      "P7F00003_RXW055",
      "P7F00003_RXW056",
      "P7F00003_RXW057",
      "P7F00003_RXW058",
      "P7F00003_RXW059",
      "P7F00003_RXW060",
      "P7F00003_RXW061",
      "P7F00003_RX_CRC32",
      "P7F00003_RX_DIGEST",
      "P7F00003_RX_GOOD_COUNT_L0",
      "P7F00003_RX_GOOD_COUNT_L1",
      "P7F00003_RX_LEN",
      "P7F00003_STATUS",
      "P7F00003_STICKY_ERROR",
      "P7F00003_TXD_HIGH_MAX",
      "P7F00003_TXW000",
      "P7F00003_TXW001",
      "P7F00003_TXW002",
      "P7F00003_TXW003",
      "P7F00003_TXW004",
      "P7F00003_TXW005",
      "P7F00003_TXW006",
      "P7F00003_TXW007",
      "P7F00003_TXW008",
      "P7F00003_TXW009",
      "P7F00003_TXW010",
      "P7F00003_TXW011",
      "P7F00003_TXW012",
      "P7F00003_TXW013",
      "P7F00003_TXW014",
      "P7F00003_TXW015",
      "P7F00003_TXW016",
      "P7F00003_TXW017",
      "P7F00003_TXW018",
      "P7F00003_TXW019",
      "P7F00003_TXW020",
      "P7F00003_TXW021",
      "P7F00003_TXW022",
      "P7F00003_TXW023",
      "P7F00003_TXW024",
      "P7F00003_TXW025",
      "P7F00003_TXW026",
      "P7F00003_TXW027",
      "P7F00003_TXW028",
      "P7F00003_TXW029",
      "P7F00003_TXW030",
      "P7F00003_TXW031",
      "P7F00003_TXW032",
      "P7F00003_TXW033",
      "P7F00003_TXW034",
      "P7F00003_TXW035",
      "P7F00003_TXW036",
      "P7F00003_TXW037",
      "P7F00003_TXW038",
      "P7F00003_TXW039",
      "P7F00003_TXW040",
      "P7F00003_TXW041",
      "P7F00003_TXW042",
      "P7F00003_TXW043",
      "P7F00003_TXW044",
      "P7F00003_TXW045",
      "P7F00003_TXW046",
      "P7F00003_TXW047",
      "P7F00003_TXW048",
      "P7F00003_TXW049",
      "P7F00003_TXW050",
      "P7F00003_TXW051",
      "P7F00003_TXW052",
      "P7F00003_TXW053",
      "P7F00003_TXW054",
      "P7F00003_TXW055",
      "P7F00003_TXW056",
      "P7F00003_TXW057",
      "P7F00003_TXW058",
      "P7F00003_TXW059",
      "P7F00003_TXW060",
      "P7F00003_TXW061",
      "P7F00003_TX_COUNT",
      "P7F00003_TX_CRC32",
      "P7F00003_TX_FAIL",
      "P7F00004_ACK_SEEN",
      "P7F00004_ACK_SENT",
      "P7F00004_COMMIT",
      "P7F00004_COMMIT_POLLS",
      "P7F00004_CRC_BAD",
      "P7F00004_DONE",
      "P7F00004_DONE_POLLS",
      "P7F00004_DUTY_VIOLATION",
      "P7F00004_ERROR_CODE",
      "P7F00004_FRAME_BAD",
      "P7F00004_FRAME_GOOD",
      "P7F00004_MAILBOX",
      "P7F00004_PAYLOAD_MISMATCH",
      "P7F00004_RAW_RX_PULSES",
      "P7F00004_RAW_TX_PULSES",
      "P7F00004_RETRY_COUNT",
      "P7F00004_RETRY_EXHAUSTED",
      "P7F00004_RXW000",
      "P7F00004_RXW001",
      "P7F00004_RXW002",
      "P7F00004_RXW003",
      "P7F00004_RXW004",
      "P7F00004_RXW005",
      "P7F00004_RXW006",
      "P7F00004_RXW007",
      "P7F00004_RXW008",
      "P7F00004_RXW009",
      "P7F00004_RXW010",
      "P7F00004_RXW011",
      "P7F00004_RXW012",
      "P7F00004_RXW013",
      "P7F00004_RXW014",
      "P7F00004_RXW015",
      "P7F00004_RXW016",
      "P7F00004_RXW017",
      "P7F00004_RXW018",
      "P7F00004_RXW019",
      "P7F00004_RXW020",
      "P7F00004_RXW021",
      "P7F00004_RXW022",
      "P7F00004_RXW023",
      "P7F00004_RXW024",
      "P7F00004_RXW025",
      "P7F00004_RXW026",
      "P7F00004_RXW027",
      "P7F00004_RXW028",
      "P7F00004_RXW029",
      "P7F00004_RXW030",
      "P7F00004_RXW031",
      "P7F00004_RXW032",
      "P7F00004_RXW033",
      "P7F00004_RXW034",
      "P7F00004_RXW035",
      "P7F00004_RXW036",
      "P7F00004_RXW037",
      "P7F00004_RXW038",
      "P7F00004_RXW039",
      "P7F00004_RXW040",
      "P7F00004_RXW041",
      "P7F00004_RXW042",
      "P7F00004_RXW043",
      "P7F00004_RXW044",
      "P7F00004_RXW045",
      "P7F00004_RXW046",
      "P7F00004_RXW047",
      "P7F00004_RXW048",
      "P7F00004_RXW049",
      "P7F00004_RXW050",
      "P7F00004_RXW051",
      "P7F00004_RXW052",
      "P7F00004_RXW053",
      "P7F00004_RXW054",
      "P7F00004_RXW055",
      "P7F00004_RXW056",
      "P7F00004_RXW057",
      "P7F00004_RXW058",
      "P7F00004_RXW059",
      "P7F00004_RXW060",
      "P7F00004_RXW061",
      "P7F00004_RX_CRC32",
      "P7F00004_RX_DIGEST",
      "P7F00004_RX_GOOD_COUNT_L0",
      "P7F00004_RX_GOOD_COUNT_L1",
      "P7F00004_RX_LEN",
      "P7F00004_STATUS",
      "P7F00004_STICKY_ERROR",
      "P7F00004_TXD_HIGH_MAX",
      "P7F00004_TXW000",
      "P7F00004_TXW001",
      "P7F00004_TXW002",
      "P7F00004_TXW003",
      "P7F00004_TXW004",
      "P7F00004_TXW005",
      "P7F00004_TXW006",
      "P7F00004_TXW007",
      "P7F00004_TXW008",
      "P7F00004_TXW009",
      "P7F00004_TXW010",
      "P7F00004_TXW011",
      "P7F00004_TXW012",
      "P7F00004_TXW013",
      "P7F00004_TXW014",
      "P7F00004_TXW015",
      "P7F00004_TXW016",
      "P7F00004_TXW017",
      "P7F00004_TXW018",
      "P7F00004_TXW019",
      "P7F00004_TXW020",
      "P7F00004_TXW021",
      "P7F00004_TXW022",
      "P7F00004_TXW023",
      "P7F00004_TXW024",
      "P7F00004_TXW025",
      "P7F00004_TXW026",
      "P7F00004_TXW027",
      "P7F00004_TXW028",
      "P7F00004_TXW029",
      "P7F00004_TXW030",
      "P7F00004_TXW031",
      "P7F00004_TXW032",
      "P7F00004_TXW033",
      "P7F00004_TXW034",
      "P7F00004_TXW035",
      "P7F00004_TXW036",
      "P7F00004_TXW037",
      "P7F00004_TXW038",
      "P7F00004_TXW039",
      "P7F00004_TXW040",
      "P7F00004_TXW041",
      "P7F00004_TXW042",
      "P7F00004_TXW043",
      "P7F00004_TXW044",
      "P7F00004_TXW045",
      "P7F00004_TXW046",
      "P7F00004_TXW047",
      "P7F00004_TXW048",
      "P7F00004_TXW049",
      "P7F00004_TXW050",
      "P7F00004_TXW051",
      "P7F00004_TXW052",
      "P7F00004_TXW053",
      "P7F00004_TXW054",
      "P7F00004_TXW055",
      "P7F00004_TXW056",
      "P7F00004_TXW057",
      "P7F00004_TXW058",
      "P7F00004_TXW059",
      "P7F00004_TXW060",
      "P7F00004_TXW061",
      "P7F00004_TX_COUNT",
      "P7F00004_TX_CRC32",
      "P7F00004_TX_FAIL",
      "P7F00005_ACK_SEEN",
      "P7F00005_ACK_SENT",
      "P7F00005_COMMIT",
      "P7F00005_COMMIT_POLLS",
      "P7F00005_CRC_BAD",
      "P7F00005_DONE",
      "P7F00005_DONE_POLLS",
      "P7F00005_DUTY_VIOLATION",
      "P7F00005_ERROR_CODE",
      "P7F00005_FRAME_BAD",
      "P7F00005_FRAME_GOOD",
      "P7F00005_MAILBOX",
      "P7F00005_PAYLOAD_MISMATCH",
      "P7F00005_RAW_RX_PULSES",
      "P7F00005_RAW_TX_PULSES",
      "P7F00005_RETRY_COUNT",
      "P7F00005_RETRY_EXHAUSTED",
      "P7F00005_RXW000",
      "P7F00005_RXW001",
      "P7F00005_RXW002",
      "P7F00005_RXW003",
      "P7F00005_RXW004",
      "P7F00005_RXW005",
      "P7F00005_RXW006",
      "P7F00005_RXW007",
      "P7F00005_RXW008",
      "P7F00005_RXW009",
      "P7F00005_RXW010",
      "P7F00005_RXW011",
      "P7F00005_RXW012",
      "P7F00005_RXW013",
      "P7F00005_RXW014",
      "P7F00005_RXW015",
      "P7F00005_RXW016",
      "P7F00005_RXW017",
      "P7F00005_RXW018",
      "P7F00005_RXW019",
      "P7F00005_RXW020",
      "P7F00005_RXW021",
      "P7F00005_RXW022",
      "P7F00005_RXW023",
      "P7F00005_RXW024",
      "P7F00005_RXW025",
      "P7F00005_RXW026",
      "P7F00005_RXW027",
      "P7F00005_RXW028",
      "P7F00005_RXW029",
      "P7F00005_RXW030",
      "P7F00005_RXW031",
      "P7F00005_RXW032",
      "P7F00005_RXW033",
      "P7F00005_RXW034",
      "P7F00005_RXW035",
      "P7F00005_RXW036",
      "P7F00005_RXW037",
      "P7F00005_RXW038",
      "P7F00005_RXW039",
      "P7F00005_RXW040",
      "P7F00005_RXW041",
      "P7F00005_RXW042",
      "P7F00005_RXW043",
      "P7F00005_RXW044",
      "P7F00005_RXW045",
      "P7F00005_RXW046",
      "P7F00005_RXW047",
      "P7F00005_RXW048",
      "P7F00005_RXW049",
      "P7F00005_RXW050",
      "P7F00005_RXW051",
      "P7F00005_RXW052",
      "P7F00005_RXW053",
      "P7F00005_RXW054",
      "P7F00005_RXW055",
      "P7F00005_RXW056",
      "P7F00005_RXW057",
      "P7F00005_RXW058",
      "P7F00005_RXW059",
      "P7F00005_RXW060",
      "P7F00005_RXW061",
      "P7F00005_RX_CRC32",
      "P7F00005_RX_DIGEST",
      "P7F00005_RX_GOOD_COUNT_L0",
      "P7F00005_RX_GOOD_COUNT_L1",
      "P7F00005_RX_LEN",
      "P7F00005_STATUS",
      "P7F00005_STICKY_ERROR",
      "P7F00005_TXD_HIGH_MAX",
      "P7F00005_TXW000",
      "P7F00005_TXW001",
      "P7F00005_TXW002",
      "P7F00005_TXW003",
      "P7F00005_TXW004",
      "P7F00005_TXW005",
      "P7F00005_TXW006",
      "P7F00005_TXW007",
      "P7F00005_TXW008",
      "P7F00005_TXW009",
      "P7F00005_TXW010",
      "P7F00005_TXW011",
      "P7F00005_TXW012",
      "P7F00005_TXW013",
      "P7F00005_TXW014",
      "P7F00005_TXW015",
      "P7F00005_TXW016",
      "P7F00005_TXW017",
      "P7F00005_TXW018",
      "P7F00005_TXW019",
      "P7F00005_TXW020",
      "P7F00005_TXW021",
      "P7F00005_TXW022",
      "P7F00005_TXW023",
      "P7F00005_TXW024",
      "P7F00005_TXW025",
      "P7F00005_TXW026",
      "P7F00005_TXW027",
      "P7F00005_TXW028",
      "P7F00005_TXW029",
      "P7F00005_TXW030",
      "P7F00005_TXW031",
      "P7F00005_TXW032",
      "P7F00005_TXW033",
      "P7F00005_TXW034",
      "P7F00005_TXW035",
      "P7F00005_TXW036",
      "P7F00005_TXW037",
      "P7F00005_TXW038",
      "P7F00005_TXW039",
      "P7F00005_TXW040",
      "P7F00005_TXW041",
      "P7F00005_TXW042",
      "P7F00005_TXW043",
      "P7F00005_TXW044",
      "P7F00005_TXW045",
      "P7F00005_TXW046",
      "P7F00005_TXW047",
      "P7F00005_TXW048",
      "P7F00005_TXW049",
      "P7F00005_TXW050",
      "P7F00005_TXW051",
      "P7F00005_TXW052",
      "P7F00005_TXW053",
      "P7F00005_TXW054",
      "P7F00005_TXW055",
      "P7F00005_TXW056",
      "P7F00005_TXW057",
      "P7F00005_TXW058",
      "P7F00005_TXW059",
      "P7F00005_TXW060",
      "P7F00005_TXW061",
      "P7F00005_TX_COUNT",
      "P7F00005_TX_CRC32",
      "P7F00005_TX_FAIL",
      "P7F00006_ACK_SEEN",
      "P7F00006_ACK_SENT",
      "P7F00006_COMMIT",
      "P7F00006_COMMIT_POLLS",
      "P7F00006_CRC_BAD",
      "P7F00006_DONE",
      "P7F00006_DONE_POLLS",
      "P7F00006_DUTY_VIOLATION",
      "P7F00006_ERROR_CODE",
      "P7F00006_FRAME_BAD",
      "P7F00006_FRAME_GOOD",
      "P7F00006_MAILBOX",
      "P7F00006_PAYLOAD_MISMATCH",
      "P7F00006_RAW_RX_PULSES",
      "P7F00006_RAW_TX_PULSES",
      "P7F00006_RETRY_COUNT",
      "P7F00006_RETRY_EXHAUSTED",
      "P7F00006_RXW000",
      "P7F00006_RXW001",
      "P7F00006_RXW002",
      "P7F00006_RXW003",
      "P7F00006_RXW004",
      "P7F00006_RXW005",
      "P7F00006_RXW006",
      "P7F00006_RXW007",
      "P7F00006_RXW008",
      "P7F00006_RXW009",
      "P7F00006_RXW010",
      "P7F00006_RXW011",
      "P7F00006_RXW012",
      "P7F00006_RXW013",
      "P7F00006_RXW014",
      "P7F00006_RXW015",
      "P7F00006_RXW016",
      "P7F00006_RXW017",
      "P7F00006_RXW018",
      "P7F00006_RXW019",
      "P7F00006_RXW020",
      "P7F00006_RXW021",
      "P7F00006_RXW022",
      "P7F00006_RXW023",
      "P7F00006_RXW024",
      "P7F00006_RXW025",
      "P7F00006_RXW026",
      "P7F00006_RXW027",
      "P7F00006_RXW028",
      "P7F00006_RXW029",
      "P7F00006_RXW030",
      "P7F00006_RXW031",
      "P7F00006_RXW032",
      "P7F00006_RXW033",
      "P7F00006_RXW034",
      "P7F00006_RXW035",
      "P7F00006_RXW036",
      "P7F00006_RXW037",
      "P7F00006_RXW038",
      "P7F00006_RXW039",
      "P7F00006_RXW040",
      "P7F00006_RXW041",
      "P7F00006_RXW042",
      "P7F00006_RXW043",
      "P7F00006_RXW044",
      "P7F00006_RXW045",
      "P7F00006_RXW046",
      "P7F00006_RXW047",
      "P7F00006_RXW048",
      "P7F00006_RXW049",
      "P7F00006_RXW050",
      "P7F00006_RXW051",
      "P7F00006_RXW052",
      "P7F00006_RXW053",
      "P7F00006_RXW054",
      "P7F00006_RXW055",
      "P7F00006_RXW056",
      "P7F00006_RXW057",
      "P7F00006_RXW058",
      "P7F00006_RXW059",
      "P7F00006_RXW060",
      "P7F00006_RXW061",
      "P7F00006_RX_CRC32",
      "P7F00006_RX_DIGEST",
      "P7F00006_RX_GOOD_COUNT_L0",
      "P7F00006_RX_GOOD_COUNT_L1",
      "P7F00006_RX_LEN",
      "P7F00006_STATUS",
      "P7F00006_STICKY_ERROR",
      "P7F00006_TXD_HIGH_MAX",
      "P7F00006_TXW000",
      "P7F00006_TXW001",
      "P7F00006_TXW002",
      "P7F00006_TXW003",
      "P7F00006_TXW004",
      "P7F00006_TXW005",
      "P7F00006_TXW006",
      "P7F00006_TXW007",
      "P7F00006_TXW008",
      "P7F00006_TXW009",
      "P7F00006_TXW010",
      "P7F00006_TXW011",
      "P7F00006_TXW012",
      "P7F00006_TXW013",
      "P7F00006_TXW014",
      "P7F00006_TXW015",
      "P7F00006_TXW016",
      "P7F00006_TXW017",
      "P7F00006_TXW018",
      "P7F00006_TXW019",
      "P7F00006_TXW020",
      "P7F00006_TXW021",
      "P7F00006_TXW022",
      "P7F00006_TXW023",
      "P7F00006_TXW024",
      "P7F00006_TXW025",
      "P7F00006_TXW026",
      "P7F00006_TXW027",
      "P7F00006_TXW028",
      "P7F00006_TXW029",
      "P7F00006_TXW030",
      "P7F00006_TXW031",
      "P7F00006_TXW032",
      "P7F00006_TXW033",
      "P7F00006_TXW034",
      "P7F00006_TXW035",
      "P7F00006_TXW036",
      "P7F00006_TXW037",
      "P7F00006_TXW038",
      "P7F00006_TXW039",
      "P7F00006_TXW040",
      "P7F00006_TXW041",
      "P7F00006_TXW042",
      "P7F00006_TXW043",
      "P7F00006_TXW044",
      "P7F00006_TXW045",
      "P7F00006_TXW046",
      "P7F00006_TXW047",
      "P7F00006_TXW048",
      "P7F00006_TXW049",
      "P7F00006_TXW050",
      "P7F00006_TXW051",
      "P7F00006_TXW052",
      "P7F00006_TXW053",
      "P7F00006_TXW054",
      "P7F00006_TXW055",
      "P7F00006_TXW056",
      "P7F00006_TXW057",
      "P7F00006_TXW058",
      "P7F00006_TXW059",
      "P7F00006_TXW060",
      "P7F00006_TXW061",
      "P7F00006_TX_COUNT",
      "P7F00006_TX_CRC32",
      "P7F00006_TX_FAIL",
      "P7F00007_ACK_SEEN",
      "P7F00007_ACK_SENT",
      "P7F00007_COMMIT",
      "P7F00007_COMMIT_POLLS",
      "P7F00007_CRC_BAD",
      "P7F00007_DONE",
      "P7F00007_DONE_POLLS",
      "P7F00007_DUTY_VIOLATION",
      "P7F00007_ERROR_CODE",
      "P7F00007_FRAME_BAD",
      "P7F00007_FRAME_GOOD",
      "P7F00007_MAILBOX",
      "P7F00007_PAYLOAD_MISMATCH",
      "P7F00007_RAW_RX_PULSES",
      "P7F00007_RAW_TX_PULSES",
      "P7F00007_RETRY_COUNT",
      "P7F00007_RETRY_EXHAUSTED",
      "P7F00007_RXW000",
      "P7F00007_RXW001",
      "P7F00007_RXW002",
      "P7F00007_RXW003",
      "P7F00007_RXW004",
      "P7F00007_RXW005",
      "P7F00007_RXW006",
      "P7F00007_RXW007",
      "P7F00007_RXW008",
      "P7F00007_RXW009",
      "P7F00007_RXW010",
      "P7F00007_RXW011",
      "P7F00007_RXW012",
      "P7F00007_RXW013",
      "P7F00007_RXW014",
      "P7F00007_RXW015",
      "P7F00007_RXW016",
      "P7F00007_RXW017",
      "P7F00007_RXW018",
      "P7F00007_RXW019",
      "P7F00007_RXW020",
      "P7F00007_RXW021",
      "P7F00007_RXW022",
      "P7F00007_RXW023",
      "P7F00007_RXW024",
      "P7F00007_RXW025",
      "P7F00007_RXW026",
      "P7F00007_RXW027",
      "P7F00007_RXW028",
      "P7F00007_RXW029",
      "P7F00007_RXW030",
      "P7F00007_RXW031",
      "P7F00007_RXW032",
      "P7F00007_RXW033",
      "P7F00007_RXW034",
      "P7F00007_RXW035",
      "P7F00007_RXW036",
      "P7F00007_RXW037",
      "P7F00007_RXW038",
      "P7F00007_RXW039",
      "P7F00007_RXW040",
      "P7F00007_RXW041",
      "P7F00007_RXW042",
      "P7F00007_RXW043",
      "P7F00007_RXW044",
      "P7F00007_RXW045",
      "P7F00007_RXW046",
      "P7F00007_RXW047",
      "P7F00007_RXW048",
      "P7F00007_RXW049",
      "P7F00007_RXW050",
      "P7F00007_RXW051",
      "P7F00007_RXW052",
      "P7F00007_RXW053",
      "P7F00007_RXW054",
      "P7F00007_RXW055",
      "P7F00007_RXW056",
      "P7F00007_RXW057",
      "P7F00007_RXW058",
      "P7F00007_RXW059",
      "P7F00007_RXW060",
      "P7F00007_RXW061",
      "P7F00007_RX_CRC32",
      "P7F00007_RX_DIGEST",
      "P7F00007_RX_GOOD_COUNT_L0",
      "P7F00007_RX_GOOD_COUNT_L1",
      "P7F00007_RX_LEN",
      "P7F00007_STATUS",
      "P7F00007_STICKY_ERROR",
      "P7F00007_TXD_HIGH_MAX",
      "P7F00007_TXW000",
      "P7F00007_TXW001",
      "P7F00007_TXW002",
      "P7F00007_TXW003",
      "P7F00007_TXW004",
      "P7F00007_TXW005",
      "P7F00007_TXW006",
      "P7F00007_TXW007",
      "P7F00007_TXW008",
      "P7F00007_TXW009",
      "P7F00007_TXW010",
      "P7F00007_TXW011",
      "P7F00007_TXW012",
      "P7F00007_TXW013",
      "P7F00007_TXW014",
      "P7F00007_TXW015",
      "P7F00007_TXW016",
      "P7F00007_TXW017",
      "P7F00007_TXW018",
      "P7F00007_TXW019",
      "P7F00007_TXW020",
      "P7F00007_TXW021",
      "P7F00007_TXW022",
      "P7F00007_TXW023",
      "P7F00007_TXW024",
      "P7F00007_TXW025",
      "P7F00007_TXW026",
      "P7F00007_TXW027",
      "P7F00007_TXW028",
      "P7F00007_TXW029",
      "P7F00007_TXW030",
      "P7F00007_TXW031",
      "P7F00007_TXW032",
      "P7F00007_TXW033",
      "P7F00007_TXW034",
      "P7F00007_TXW035",
      "P7F00007_TXW036",
      "P7F00007_TXW037",
      "P7F00007_TXW038",
      "P7F00007_TXW039",
      "P7F00007_TXW040",
      "P7F00007_TXW041",
      "P7F00007_TXW042",
      "P7F00007_TXW043",
      "P7F00007_TXW044",
      "P7F00007_TXW045",
      "P7F00007_TXW046",
      "P7F00007_TXW047",
      "P7F00007_TXW048",
      "P7F00007_TXW049",
      "P7F00007_TXW050",
      "P7F00007_TXW051",
      "P7F00007_TXW052",
      "P7F00007_TXW053",
      "P7F00007_TXW054",
      "P7F00007_TXW055",
      "P7F00007_TXW056",
      "P7F00007_TXW057",
      "P7F00007_TXW058",
      "P7F00007_TXW059",
      "P7F00007_TXW060",
      "P7F00007_TXW061",
      "P7F00007_TX_COUNT",
      "P7F00007_TX_CRC32",
      "P7F00007_TX_FAIL",
      "P7F00008_ACK_SEEN",
      "P7F00008_ACK_SENT",
      "P7F00008_COMMIT",
      "P7F00008_COMMIT_POLLS",
      "P7F00008_CRC_BAD",
      "P7F00008_DONE",
      "P7F00008_DONE_POLLS",
      "P7F00008_DUTY_VIOLATION",
      "P7F00008_ERROR_CODE",
      "P7F00008_FRAME_BAD",
      "P7F00008_FRAME_GOOD",
      "P7F00008_MAILBOX",
      "P7F00008_PAYLOAD_MISMATCH",
      "P7F00008_RAW_RX_PULSES",
      "P7F00008_RAW_TX_PULSES",
      "P7F00008_RETRY_COUNT",
      "P7F00008_RETRY_EXHAUSTED",
      "P7F00008_RXW000",
      "P7F00008_RXW001",
      "P7F00008_RXW002",
      "P7F00008_RXW003",
      "P7F00008_RXW004",
      "P7F00008_RXW005",
      "P7F00008_RXW006",
      "P7F00008_RXW007",
      "P7F00008_RXW008",
      "P7F00008_RXW009",
      "P7F00008_RXW010",
      "P7F00008_RXW011",
      "P7F00008_RXW012",
      "P7F00008_RXW013",
      "P7F00008_RXW014",
      "P7F00008_RXW015",
      "P7F00008_RXW016",
      "P7F00008_RXW017",
      "P7F00008_RXW018",
      "P7F00008_RXW019",
      "P7F00008_RXW020",
      "P7F00008_RXW021",
      "P7F00008_RXW022",
      "P7F00008_RXW023",
      "P7F00008_RXW024",
      "P7F00008_RXW025",
      "P7F00008_RXW026",
      "P7F00008_RXW027",
      "P7F00008_RXW028",
      "P7F00008_RXW029",
      "P7F00008_RXW030",
      "P7F00008_RXW031",
      "P7F00008_RXW032",
      "P7F00008_RXW033",
      "P7F00008_RXW034",
      "P7F00008_RXW035",
      "P7F00008_RXW036",
      "P7F00008_RXW037",
      "P7F00008_RXW038",
      "P7F00008_RXW039",
      "P7F00008_RXW040",
      "P7F00008_RXW041",
      "P7F00008_RXW042",
      "P7F00008_RXW043",
      "P7F00008_RXW044",
      "P7F00008_RXW045",
      "P7F00008_RXW046",
      "P7F00008_RXW047",
      "P7F00008_RXW048",
      "P7F00008_RXW049",
      "P7F00008_RXW050",
      "P7F00008_RXW051",
      "P7F00008_RXW052",
      "P7F00008_RXW053",
      "P7F00008_RXW054",
      "P7F00008_RXW055",
      "P7F00008_RXW056",
      "P7F00008_RXW057",
      "P7F00008_RXW058",
      "P7F00008_RXW059",
      "P7F00008_RXW060",
      "P7F00008_RXW061",
      "P7F00008_RX_CRC32",
      "P7F00008_RX_DIGEST",
      "P7F00008_RX_GOOD_COUNT_L0",
      "P7F00008_RX_GOOD_COUNT_L1",
      "P7F00008_RX_LEN",
      "P7F00008_STATUS",
      "P7F00008_STICKY_ERROR",
      "P7F00008_TXD_HIGH_MAX",
      "P7F00008_TXW000",
      "P7F00008_TXW001",
      "P7F00008_TXW002",
      "P7F00008_TXW003",
      "P7F00008_TXW004",
      "P7F00008_TXW005",
      "P7F00008_TXW006",
      "P7F00008_TXW007",
      "P7F00008_TXW008",
      "P7F00008_TXW009",
      "P7F00008_TXW010",
      "P7F00008_TXW011",
      "P7F00008_TXW012",
      "P7F00008_TXW013",
      "P7F00008_TXW014",
      "P7F00008_TXW015",
      "P7F00008_TXW016",
      "P7F00008_TXW017",
      "P7F00008_TXW018",
      "P7F00008_TXW019",
      "P7F00008_TXW020",
      "P7F00008_TXW021",
      "P7F00008_TXW022",
      "P7F00008_TXW023",
      "P7F00008_TXW024",
      "P7F00008_TXW025",
      "P7F00008_TXW026",
      "P7F00008_TXW027",
      "P7F00008_TXW028",
      "P7F00008_TXW029",
      "P7F00008_TXW030",
      "P7F00008_TXW031",
      "P7F00008_TXW032",
      "P7F00008_TXW033",
      "P7F00008_TXW034",
      "P7F00008_TXW035",
      "P7F00008_TXW036",
      "P7F00008_TXW037",
      "P7F00008_TXW038",
      "P7F00008_TXW039",
      "P7F00008_TXW040",
      "P7F00008_TXW041",
      "P7F00008_TXW042",
      "P7F00008_TXW043",
      "P7F00008_TXW044",
      "P7F00008_TXW045",
      "P7F00008_TXW046",
      "P7F00008_TXW047",
      "P7F00008_TXW048",
      "P7F00008_TXW049",
      "P7F00008_TXW050",
      "P7F00008_TXW051",
      "P7F00008_TXW052",
      "P7F00008_TXW053",
      "P7F00008_TXW054",
      "P7F00008_TXW055",
      "P7F00008_TXW056",
      "P7F00008_TXW057",
      "P7F00008_TXW058",
      "P7F00008_TXW059",
      "P7F00008_TXW060",
      "P7F00008_TXW061",
      "P7F00008_TX_COUNT",
      "P7F00008_TX_CRC32",
      "P7F00008_TX_FAIL",
      "P7F00009_ACK_SEEN",
      "P7F00009_ACK_SENT",
      "P7F00009_COMMIT",
      "P7F00009_COMMIT_POLLS",
      "P7F00009_CRC_BAD",
      "P7F00009_DONE",
      "P7F00009_DONE_POLLS",
      "P7F00009_DUTY_VIOLATION",
      "P7F00009_ERROR_CODE",
      "P7F00009_FRAME_BAD",
      "P7F00009_FRAME_GOOD",
      "P7F00009_MAILBOX",
      "P7F00009_PAYLOAD_MISMATCH",
      "P7F00009_RAW_RX_PULSES",
      "P7F00009_RAW_TX_PULSES",
      "P7F00009_RETRY_COUNT",
      "P7F00009_RETRY_EXHAUSTED",
      "P7F00009_RXW000",
      "P7F00009_RXW001",
      "P7F00009_RXW002",
      "P7F00009_RXW003",
      "P7F00009_RXW004",
      "P7F00009_RXW005",
      "P7F00009_RXW006",
      "P7F00009_RXW007",
      "P7F00009_RXW008",
      "P7F00009_RXW009",
      "P7F00009_RXW010",
      "P7F00009_RXW011",
      "P7F00009_RXW012",
      "P7F00009_RXW013",
      "P7F00009_RXW014",
      "P7F00009_RXW015",
      "P7F00009_RXW016",
      "P7F00009_RXW017",
      "P7F00009_RXW018",
      "P7F00009_RXW019",
      "P7F00009_RXW020",
      "P7F00009_RXW021",
      "P7F00009_RXW022",
      "P7F00009_RXW023",
      "P7F00009_RXW024",
      "P7F00009_RXW025",
      "P7F00009_RXW026",
      "P7F00009_RXW027",
      "P7F00009_RXW028",
      "P7F00009_RXW029",
      "P7F00009_RXW030",
      "P7F00009_RXW031",
      "P7F00009_RXW032",
      "P7F00009_RXW033",
      "P7F00009_RXW034",
      "P7F00009_RXW035",
      "P7F00009_RXW036",
      "P7F00009_RXW037",
      "P7F00009_RXW038",
      "P7F00009_RXW039",
      "P7F00009_RXW040",
      "P7F00009_RXW041",
      "P7F00009_RXW042",
      "P7F00009_RXW043",
      "P7F00009_RXW044",
      "P7F00009_RXW045",
      "P7F00009_RXW046",
      "P7F00009_RXW047",
      "P7F00009_RXW048",
      "P7F00009_RXW049",
      "P7F00009_RXW050",
      "P7F00009_RXW051",
      "P7F00009_RXW052",
      "P7F00009_RXW053",
      "P7F00009_RXW054",
      "P7F00009_RXW055",
      "P7F00009_RXW056",
      "P7F00009_RXW057",
      "P7F00009_RXW058",
      "P7F00009_RXW059",
      "P7F00009_RXW060",
      "P7F00009_RXW061",
      "P7F00009_RX_CRC32",
      "P7F00009_RX_DIGEST",
      "P7F00009_RX_GOOD_COUNT_L0",
      "P7F00009_RX_GOOD_COUNT_L1",
      "P7F00009_RX_LEN",
      "P7F00009_STATUS",
      "P7F00009_STICKY_ERROR",
      "P7F00009_TXD_HIGH_MAX",
      "P7F00009_TXW000",
      "P7F00009_TXW001",
      "P7F00009_TXW002",
      "P7F00009_TXW003",
      "P7F00009_TXW004",
      "P7F00009_TXW005",
      "P7F00009_TXW006",
      "P7F00009_TXW007",
      "P7F00009_TXW008",
      "P7F00009_TXW009",
      "P7F00009_TXW010",
      "P7F00009_TXW011",
      "P7F00009_TXW012",
      "P7F00009_TXW013",
      "P7F00009_TXW014",
      "P7F00009_TXW015",
      "P7F00009_TXW016",
      "P7F00009_TXW017",
      "P7F00009_TXW018",
      "P7F00009_TXW019",
      "P7F00009_TXW020",
      "P7F00009_TXW021",
      "P7F00009_TXW022",
      "P7F00009_TXW023",
      "P7F00009_TXW024",
      "P7F00009_TXW025",
      "P7F00009_TXW026",
      "P7F00009_TXW027",
      "P7F00009_TXW028",
      "P7F00009_TXW029",
      "P7F00009_TXW030",
      "P7F00009_TXW031",
      "P7F00009_TXW032",
      "P7F00009_TXW033",
      "P7F00009_TXW034",
      "P7F00009_TXW035",
      "P7F00009_TXW036",
      "P7F00009_TXW037",
      "P7F00009_TXW038",
      "P7F00009_TXW039",
      "P7F00009_TXW040",
      "P7F00009_TXW041",
      "P7F00009_TXW042",
      "P7F00009_TXW043",
      "P7F00009_TXW044",
      "P7F00009_TXW045",
      "P7F00009_TXW046",
      "P7F00009_TXW047",
      "P7F00009_TXW048",
      "P7F00009_TXW049",
      "P7F00009_TXW050",
      "P7F00009_TXW051",
      "P7F00009_TXW052",
      "P7F00009_TXW053",
      "P7F00009_TXW054",
      "P7F00009_TXW055",
      "P7F00009_TXW056",
      "P7F00009_TXW057",
      "P7F00009_TXW058",
      "P7F00009_TXW059",
      "P7F00009_TXW060",
      "P7F00009_TXW061",
      "P7F00009_TX_COUNT",
      "P7F00009_TX_CRC32",
      "P7F00009_TX_FAIL",
      "P7F00010_ACK_SEEN",
      "P7F00010_ACK_SENT",
      "P7F00010_COMMIT",
      "P7F00010_COMMIT_POLLS",
      "P7F00010_CRC_BAD",
      "P7F00010_DONE",
      "P7F00010_DONE_POLLS",
      "P7F00010_DUTY_VIOLATION",
      "P7F00010_ERROR_CODE",
      "P7F00010_FRAME_BAD",
      "P7F00010_FRAME_GOOD",
      "P7F00010_MAILBOX",
      "P7F00010_PAYLOAD_MISMATCH",
      "P7F00010_RAW_RX_PULSES",
      "P7F00010_RAW_TX_PULSES",
      "P7F00010_RETRY_COUNT",
      "P7F00010_RETRY_EXHAUSTED",
      "P7F00010_RXW000",
      "P7F00010_RXW001",
      "P7F00010_RXW002",
      "P7F00010_RXW003",
      "P7F00010_RXW004",
      "P7F00010_RXW005",
      "P7F00010_RXW006",
      "P7F00010_RXW007",
      "P7F00010_RXW008",
      "P7F00010_RXW009",
      "P7F00010_RXW010",
      "P7F00010_RXW011",
      "P7F00010_RXW012",
      "P7F00010_RXW013",
      "P7F00010_RXW014",
      "P7F00010_RXW015",
      "P7F00010_RXW016",
      "P7F00010_RXW017",
      "P7F00010_RXW018",
      "P7F00010_RXW019",
      "P7F00010_RXW020",
      "P7F00010_RXW021",
      "P7F00010_RXW022",
      "P7F00010_RXW023",
      "P7F00010_RXW024",
      "P7F00010_RXW025",
      "P7F00010_RXW026",
      "P7F00010_RXW027",
      "P7F00010_RXW028",
      "P7F00010_RXW029",
      "P7F00010_RXW030",
      "P7F00010_RXW031",
      "P7F00010_RXW032",
      "P7F00010_RXW033",
      "P7F00010_RXW034",
      "P7F00010_RXW035",
      "P7F00010_RXW036",
      "P7F00010_RXW037",
      "P7F00010_RXW038",
      "P7F00010_RXW039",
      "P7F00010_RXW040",
      "P7F00010_RXW041",
      "P7F00010_RXW042",
      "P7F00010_RXW043",
      "P7F00010_RXW044",
      "P7F00010_RXW045",
      "P7F00010_RXW046",
      "P7F00010_RXW047",
      "P7F00010_RXW048",
      "P7F00010_RXW049",
      "P7F00010_RXW050",
      "P7F00010_RXW051",
      "P7F00010_RXW052",
      "P7F00010_RXW053",
      "P7F00010_RXW054",
      "P7F00010_RXW055",
      "P7F00010_RXW056",
      "P7F00010_RXW057",
      "P7F00010_RXW058",
      "P7F00010_RXW059",
      "P7F00010_RXW060",
      "P7F00010_RXW061",
      "P7F00010_RX_CRC32",
      "P7F00010_RX_DIGEST",
      "P7F00010_RX_GOOD_COUNT_L0",
      "P7F00010_RX_GOOD_COUNT_L1",
      "P7F00010_RX_LEN",
      "P7F00010_STATUS",
      "P7F00010_STICKY_ERROR",
      "P7F00010_TXD_HIGH_MAX",
      "P7F00010_TXW000",
      "P7F00010_TXW001",
      "P7F00010_TXW002",
      "P7F00010_TXW003",
      "P7F00010_TXW004",
      "P7F00010_TXW005",
      "P7F00010_TXW006",
      "P7F00010_TXW007",
      "P7F00010_TXW008",
      "P7F00010_TXW009",
      "P7F00010_TXW010",
      "P7F00010_TXW011",
      "P7F00010_TXW012",
      "P7F00010_TXW013",
      "P7F00010_TXW014",
      "P7F00010_TXW015",
      "P7F00010_TXW016",
      "P7F00010_TXW017",
      "P7F00010_TXW018",
      "P7F00010_TXW019",
      "P7F00010_TXW020",
      "P7F00010_TXW021",
      "P7F00010_TXW022",
      "P7F00010_TXW023",
      "P7F00010_TXW024",
      "P7F00010_TXW025",
      "P7F00010_TXW026",
      "P7F00010_TXW027",
      "P7F00010_TXW028",
      "P7F00010_TXW029",
      "P7F00010_TXW030",
      "P7F00010_TXW031",
      "P7F00010_TXW032",
      "P7F00010_TXW033",
      "P7F00010_TXW034",
      "P7F00010_TXW035",
      "P7F00010_TXW036",
      "P7F00010_TXW037",
      "P7F00010_TXW038",
      "P7F00010_TXW039",
      "P7F00010_TXW040",
      "P7F00010_TXW041",
      "P7F00010_TXW042",
      "P7F00010_TXW043",
      "P7F00010_TXW044",
      "P7F00010_TXW045",
      "P7F00010_TXW046",
      "P7F00010_TXW047",
      "P7F00010_TXW048",
      "P7F00010_TXW049",
      "P7F00010_TXW050",
      "P7F00010_TXW051",
      "P7F00010_TXW052",
      "P7F00010_TXW053",
      "P7F00010_TXW054",
      "P7F00010_TXW055",
      "P7F00010_TXW056",
      "P7F00010_TXW057",
      "P7F00010_TXW058",
      "P7F00010_TXW059",
      "P7F00010_TXW060",
      "P7F00010_TXW061",
      "P7F00010_TX_COUNT",
      "P7F00010_TX_CRC32",
      "P7F00010_TX_FAIL",
      "P7F00011_ACK_SEEN",
      "P7F00011_ACK_SENT",
      "P7F00011_COMMIT",
      "P7F00011_COMMIT_POLLS",
      "P7F00011_CRC_BAD",
      "P7F00011_DONE",
      "P7F00011_DONE_POLLS",
      "P7F00011_DUTY_VIOLATION",
      "P7F00011_ERROR_CODE",
      "P7F00011_FRAME_BAD",
      "P7F00011_FRAME_GOOD",
      "P7F00011_MAILBOX",
      "P7F00011_PAYLOAD_MISMATCH",
      "P7F00011_RAW_RX_PULSES",
      "P7F00011_RAW_TX_PULSES",
      "P7F00011_RETRY_COUNT",
      "P7F00011_RETRY_EXHAUSTED",
      "P7F00011_RXW000",
      "P7F00011_RXW001",
      "P7F00011_RXW002",
      "P7F00011_RXW003",
      "P7F00011_RXW004",
      "P7F00011_RXW005",
      "P7F00011_RXW006",
      "P7F00011_RXW007",
      "P7F00011_RXW008",
      "P7F00011_RXW009",
      "P7F00011_RXW010",
      "P7F00011_RXW011",
      "P7F00011_RXW012",
      "P7F00011_RXW013",
      "P7F00011_RXW014",
      "P7F00011_RXW015",
      "P7F00011_RXW016",
      "P7F00011_RXW017",
      "P7F00011_RXW018",
      "P7F00011_RXW019",
      "P7F00011_RXW020",
      "P7F00011_RXW021",
      "P7F00011_RXW022",
      "P7F00011_RXW023",
      "P7F00011_RXW024",
      "P7F00011_RXW025",
      "P7F00011_RXW026",
      "P7F00011_RXW027",
      "P7F00011_RXW028",
      "P7F00011_RXW029",
      "P7F00011_RXW030",
      "P7F00011_RXW031",
      "P7F00011_RXW032",
      "P7F00011_RXW033",
      "P7F00011_RXW034",
      "P7F00011_RXW035",
      "P7F00011_RXW036",
      "P7F00011_RXW037",
      "P7F00011_RXW038",
      "P7F00011_RXW039",
      "P7F00011_RXW040",
      "P7F00011_RXW041",
      "P7F00011_RXW042",
      "P7F00011_RXW043",
      "P7F00011_RXW044",
      "P7F00011_RXW045",
      "P7F00011_RXW046",
      "P7F00011_RXW047",
      "P7F00011_RXW048",
      "P7F00011_RXW049",
      "P7F00011_RXW050",
      "P7F00011_RXW051",
      "P7F00011_RXW052",
      "P7F00011_RXW053",
      "P7F00011_RXW054",
      "P7F00011_RXW055",
      "P7F00011_RXW056",
      "P7F00011_RXW057",
      "P7F00011_RXW058",
      "P7F00011_RXW059",
      "P7F00011_RXW060",
      "P7F00011_RXW061",
      "P7F00011_RX_CRC32",
      "P7F00011_RX_DIGEST",
      "P7F00011_RX_GOOD_COUNT_L0",
      "P7F00011_RX_GOOD_COUNT_L1",
      "P7F00011_RX_LEN",
      "P7F00011_STATUS",
      "P7F00011_STICKY_ERROR",
      "P7F00011_TXD_HIGH_MAX",
      "P7F00011_TXW000",
      "P7F00011_TXW001",
      "P7F00011_TXW002",
      "P7F00011_TXW003",
      "P7F00011_TXW004",
      "P7F00011_TXW005",
      "P7F00011_TXW006",
      "P7F00011_TXW007",
      "P7F00011_TXW008",
      "P7F00011_TXW009",
      "P7F00011_TXW010",
      "P7F00011_TXW011",
      "P7F00011_TXW012",
      "P7F00011_TXW013",
      "P7F00011_TXW014",
      "P7F00011_TXW015",
      "P7F00011_TXW016",
      "P7F00011_TXW017",
      "P7F00011_TXW018",
      "P7F00011_TXW019",
      "P7F00011_TXW020",
      "P7F00011_TXW021",
      "P7F00011_TXW022",
      "P7F00011_TXW023",
      "P7F00011_TXW024",
      "P7F00011_TXW025",
      "P7F00011_TXW026",
      "P7F00011_TXW027",
      "P7F00011_TXW028",
      "P7F00011_TXW029",
      "P7F00011_TXW030",
      "P7F00011_TXW031",
      "P7F00011_TXW032",
      "P7F00011_TXW033",
      "P7F00011_TXW034",
      "P7F00011_TXW035",
      "P7F00011_TXW036",
      "P7F00011_TXW037",
      "P7F00011_TXW038",
      "P7F00011_TXW039",
      "P7F00011_TXW040",
      "P7F00011_TXW041",
      "P7F00011_TXW042",
      "P7F00011_TXW043",
      "P7F00011_TXW044",
      "P7F00011_TXW045",
      "P7F00011_TXW046",
      "P7F00011_TXW047",
      "P7F00011_TXW048",
      "P7F00011_TXW049",
      "P7F00011_TXW050",
      "P7F00011_TXW051",
      "P7F00011_TXW052",
      "P7F00011_TXW053",
      "P7F00011_TXW054",
      "P7F00011_TXW055",
      "P7F00011_TXW056",
      "P7F00011_TXW057",
      "P7F00011_TXW058",
      "P7F00011_TXW059",
      "P7F00011_TXW060",
      "P7F00011_TXW061",
      "P7F00011_TX_COUNT",
      "P7F00011_TX_CRC32",
      "P7F00011_TX_FAIL",
      "P7F00012_ACK_SEEN",
      "P7F00012_ACK_SENT",
      "P7F00012_COMMIT",
      "P7F00012_COMMIT_POLLS",
      "P7F00012_CRC_BAD",
      "P7F00012_DONE",
      "P7F00012_DONE_POLLS",
      "P7F00012_DUTY_VIOLATION",
      "P7F00012_ERROR_CODE",
      "P7F00012_FRAME_BAD",
      "P7F00012_FRAME_GOOD",
      "P7F00012_MAILBOX",
      "P7F00012_PAYLOAD_MISMATCH",
      "P7F00012_RAW_RX_PULSES",
      "P7F00012_RAW_TX_PULSES",
      "P7F00012_RETRY_COUNT",
      "P7F00012_RETRY_EXHAUSTED",
      "P7F00012_RXW000",
      "P7F00012_RXW001",
      "P7F00012_RXW002",
      "P7F00012_RXW003",
      "P7F00012_RXW004",
      "P7F00012_RXW005",
      "P7F00012_RXW006",
      "P7F00012_RXW007",
      "P7F00012_RXW008",
      "P7F00012_RXW009",
      "P7F00012_RXW010",
      "P7F00012_RXW011",
      "P7F00012_RXW012",
      "P7F00012_RXW013",
      "P7F00012_RXW014",
      "P7F00012_RXW015",
      "P7F00012_RXW016",
      "P7F00012_RXW017",
      "P7F00012_RXW018",
      "P7F00012_RXW019",
      "P7F00012_RXW020",
      "P7F00012_RXW021",
      "P7F00012_RXW022",
      "P7F00012_RXW023",
      "P7F00012_RXW024",
      "P7F00012_RXW025",
      "P7F00012_RXW026",
      "P7F00012_RXW027",
      "P7F00012_RXW028",
      "P7F00012_RXW029",
      "P7F00012_RXW030",
      "P7F00012_RXW031",
      "P7F00012_RXW032",
      "P7F00012_RXW033",
      "P7F00012_RXW034",
      "P7F00012_RXW035",
      "P7F00012_RXW036",
      "P7F00012_RXW037",
      "P7F00012_RXW038",
      "P7F00012_RXW039",
      "P7F00012_RXW040",
      "P7F00012_RXW041",
      "P7F00012_RXW042",
      "P7F00012_RXW043",
      "P7F00012_RXW044",
      "P7F00012_RXW045",
      "P7F00012_RXW046",
      "P7F00012_RXW047",
      "P7F00012_RXW048",
      "P7F00012_RXW049",
      "P7F00012_RXW050",
      "P7F00012_RXW051",
      "P7F00012_RXW052",
      "P7F00012_RXW053",
      "P7F00012_RXW054",
      "P7F00012_RXW055",
      "P7F00012_RXW056",
      "P7F00012_RXW057",
      "P7F00012_RXW058",
      "P7F00012_RXW059",
      "P7F00012_RXW060",
      "P7F00012_RXW061",
      "P7F00012_RX_CRC32",
      "P7F00012_RX_DIGEST",
      "P7F00012_RX_GOOD_COUNT_L0",
      "P7F00012_RX_GOOD_COUNT_L1",
      "P7F00012_RX_LEN",
      "P7F00012_STATUS",
      "P7F00012_STICKY_ERROR",
      "P7F00012_TXD_HIGH_MAX",
      "P7F00012_TXW000",
      "P7F00012_TXW001",
      "P7F00012_TXW002",
      "P7F00012_TXW003",
      "P7F00012_TXW004",
      "P7F00012_TXW005",
      "P7F00012_TXW006",
      "P7F00012_TXW007",
      "P7F00012_TXW008",
      "P7F00012_TXW009",
      "P7F00012_TXW010",
      "P7F00012_TXW011",
      "P7F00012_TXW012",
      "P7F00012_TXW013",
      "P7F00012_TXW014",
      "P7F00012_TXW015",
      "P7F00012_TXW016",
      "P7F00012_TXW017",
      "P7F00012_TXW018",
      "P7F00012_TXW019",
      "P7F00012_TXW020",
      "P7F00012_TXW021",
      "P7F00012_TXW022",
      "P7F00012_TXW023",
      "P7F00012_TXW024",
      "P7F00012_TXW025",
      "P7F00012_TXW026",
      "P7F00012_TXW027",
      "P7F00012_TXW028",
      "P7F00012_TXW029",
      "P7F00012_TXW030",
      "P7F00012_TXW031",
      "P7F00012_TXW032",
      "P7F00012_TXW033",
      "P7F00012_TXW034",
      "P7F00012_TXW035",
      "P7F00012_TXW036",
      "P7F00012_TXW037",
      "P7F00012_TXW038",
      "P7F00012_TXW039",
      "P7F00012_TXW040",
      "P7F00012_TXW041",
      "P7F00012_TXW042",
      "P7F00012_TXW043",
      "P7F00012_TXW044",
      "P7F00012_TXW045",
      "P7F00012_TXW046",
      "P7F00012_TXW047",
      "P7F00012_TXW048",
      "P7F00012_TXW049",
      "P7F00012_TXW050",
      "P7F00012_TXW051",
      "P7F00012_TXW052",
      "P7F00012_TXW053",
      "P7F00012_TXW054",
      "P7F00012_TXW055",
      "P7F00012_TXW056",
      "P7F00012_TXW057",
      "P7F00012_TXW058",
      "P7F00012_TXW059",
      "P7F00012_TXW060",
      "P7F00012_TXW061",
      "P7F00012_TX_COUNT",
      "P7F00012_TX_CRC32",
      "P7F00012_TX_FAIL",
      "P7F00013_ACK_SEEN",
      "P7F00013_ACK_SENT",
      "P7F00013_COMMIT",
      "P7F00013_COMMIT_POLLS",
      "P7F00013_CRC_BAD",
      "P7F00013_DONE",
      "P7F00013_DONE_POLLS",
      "P7F00013_DUTY_VIOLATION",
      "P7F00013_ERROR_CODE",
      "P7F00013_FRAME_BAD",
      "P7F00013_FRAME_GOOD",
      "P7F00013_MAILBOX",
      "P7F00013_PAYLOAD_MISMATCH",
      "P7F00013_RAW_RX_PULSES",
      "P7F00013_RAW_TX_PULSES",
      "P7F00013_RETRY_COUNT",
      "P7F00013_RETRY_EXHAUSTED",
      "P7F00013_RXW000",
      "P7F00013_RXW001",
      "P7F00013_RXW002",
      "P7F00013_RXW003",
      "P7F00013_RXW004",
      "P7F00013_RXW005",
      "P7F00013_RXW006",
      "P7F00013_RXW007",
      "P7F00013_RXW008",
      "P7F00013_RXW009",
      "P7F00013_RXW010",
      "P7F00013_RXW011",
      "P7F00013_RXW012",
      "P7F00013_RXW013",
      "P7F00013_RXW014",
      "P7F00013_RXW015",
      "P7F00013_RXW016",
      "P7F00013_RXW017",
      "P7F00013_RXW018",
      "P7F00013_RXW019",
      "P7F00013_RXW020",
      "P7F00013_RXW021",
      "P7F00013_RXW022",
      "P7F00013_RXW023",
      "P7F00013_RXW024",
      "P7F00013_RXW025",
      "P7F00013_RXW026",
      "P7F00013_RXW027",
      "P7F00013_RXW028",
      "P7F00013_RXW029",
      "P7F00013_RXW030",
      "P7F00013_RXW031",
      "P7F00013_RXW032",
      "P7F00013_RXW033",
      "P7F00013_RXW034",
      "P7F00013_RXW035",
      "P7F00013_RXW036",
      "P7F00013_RXW037",
      "P7F00013_RXW038",
      "P7F00013_RXW039",
      "P7F00013_RXW040",
      "P7F00013_RXW041",
      "P7F00013_RXW042",
      "P7F00013_RXW043",
      "P7F00013_RXW044",
      "P7F00013_RXW045",
      "P7F00013_RXW046",
      "P7F00013_RXW047",
      "P7F00013_RXW048",
      "P7F00013_RXW049",
      "P7F00013_RXW050",
      "P7F00013_RXW051",
      "P7F00013_RXW052",
      "P7F00013_RXW053",
      "P7F00013_RXW054",
      "P7F00013_RXW055",
      "P7F00013_RXW056",
      "P7F00013_RXW057",
      "P7F00013_RXW058",
      "P7F00013_RXW059",
      "P7F00013_RXW060",
      "P7F00013_RXW061",
      "P7F00013_RX_CRC32",
      "P7F00013_RX_DIGEST",
      "P7F00013_RX_GOOD_COUNT_L0",
      "P7F00013_RX_GOOD_COUNT_L1",
      "P7F00013_RX_LEN",
      "P7F00013_STATUS",
      "P7F00013_STICKY_ERROR",
      "P7F00013_TXD_HIGH_MAX",
      "P7F00013_TXW000",
      "P7F00013_TXW001",
      "P7F00013_TXW002",
      "P7F00013_TXW003",
      "P7F00013_TXW004",
      "P7F00013_TXW005",
      "P7F00013_TXW006",
      "P7F00013_TXW007",
      "P7F00013_TXW008",
      "P7F00013_TXW009",
      "P7F00013_TXW010",
      "P7F00013_TXW011",
      "P7F00013_TXW012",
      "P7F00013_TXW013",
      "P7F00013_TXW014",
      "P7F00013_TXW015",
      "P7F00013_TXW016",
      "P7F00013_TXW017",
      "P7F00013_TXW018",
      "P7F00013_TXW019",
      "P7F00013_TXW020",
      "P7F00013_TXW021",
      "P7F00013_TXW022",
      "P7F00013_TXW023",
      "P7F00013_TXW024",
      "P7F00013_TXW025",
      "P7F00013_TXW026",
      "P7F00013_TXW027",
      "P7F00013_TXW028",
      "P7F00013_TXW029",
      "P7F00013_TXW030",
      "P7F00013_TXW031",
      "P7F00013_TXW032",
      "P7F00013_TXW033",
      "P7F00013_TXW034",
      "P7F00013_TXW035",
      "P7F00013_TXW036",
      "P7F00013_TXW037",
      "P7F00013_TXW038",
      "P7F00013_TXW039",
      "P7F00013_TXW040",
      "P7F00013_TXW041",
      "P7F00013_TXW042",
      "P7F00013_TXW043",
      "P7F00013_TXW044",
      "P7F00013_TXW045",
      "P7F00013_TXW046",
      "P7F00013_TXW047",
      "P7F00013_TXW048",
      "P7F00013_TXW049",
      "P7F00013_TXW050",
      "P7F00013_TXW051",
      "P7F00013_TXW052",
      "P7F00013_TXW053",
      "P7F00013_TXW054",
      "P7F00013_TXW055",
      "P7F00013_TXW056",
      "P7F00013_TXW057",
      "P7F00013_TXW058",
      "P7F00013_TXW059",
      "P7F00013_TXW060",
      "P7F00013_TXW061",
      "P7F00013_TX_COUNT",
      "P7F00013_TX_CRC32",
      "P7F00013_TX_FAIL",
      "P7F00014_ACK_SEEN",
      "P7F00014_ACK_SENT",
      "P7F00014_COMMIT",
      "P7F00014_COMMIT_POLLS",
      "P7F00014_CRC_BAD",
      "P7F00014_DONE",
      "P7F00014_DONE_POLLS",
      "P7F00014_DUTY_VIOLATION",
      "P7F00014_ERROR_CODE",
      "P7F00014_FRAME_BAD",
      "P7F00014_FRAME_GOOD",
      "P7F00014_MAILBOX",
      "P7F00014_PAYLOAD_MISMATCH",
      "P7F00014_RAW_RX_PULSES",
      "P7F00014_RAW_TX_PULSES",
      "P7F00014_RETRY_COUNT",
      "P7F00014_RETRY_EXHAUSTED",
      "P7F00014_RXW000",
      "P7F00014_RXW001",
      "P7F00014_RXW002",
      "P7F00014_RXW003",
      "P7F00014_RXW004",
      "P7F00014_RXW005",
      "P7F00014_RXW006",
      "P7F00014_RXW007",
      "P7F00014_RXW008",
      "P7F00014_RXW009",
      "P7F00014_RXW010",
      "P7F00014_RXW011",
      "P7F00014_RXW012",
      "P7F00014_RXW013",
      "P7F00014_RXW014",
      "P7F00014_RXW015",
      "P7F00014_RXW016",
      "P7F00014_RXW017",
      "P7F00014_RXW018",
      "P7F00014_RXW019",
      "P7F00014_RXW020",
      "P7F00014_RXW021",
      "P7F00014_RXW022",
      "P7F00014_RXW023",
      "P7F00014_RXW024",
      "P7F00014_RXW025",
      "P7F00014_RXW026",
      "P7F00014_RXW027",
      "P7F00014_RXW028",
      "P7F00014_RXW029",
      "P7F00014_RXW030",
      "P7F00014_RXW031",
      "P7F00014_RXW032",
      "P7F00014_RXW033",
      "P7F00014_RXW034",
      "P7F00014_RXW035",
      "P7F00014_RXW036",
      "P7F00014_RXW037",
      "P7F00014_RXW038",
      "P7F00014_RXW039",
      "P7F00014_RXW040",
      "P7F00014_RXW041",
      "P7F00014_RXW042",
      "P7F00014_RXW043",
      "P7F00014_RXW044",
      "P7F00014_RXW045",
      "P7F00014_RXW046",
      "P7F00014_RXW047",
      "P7F00014_RXW048",
      "P7F00014_RXW049",
      "P7F00014_RXW050",
      "P7F00014_RXW051",
      "P7F00014_RXW052",
      "P7F00014_RXW053",
      "P7F00014_RXW054",
      "P7F00014_RXW055",
      "P7F00014_RXW056",
      "P7F00014_RXW057",
      "P7F00014_RXW058",
      "P7F00014_RXW059",
      "P7F00014_RXW060",
      "P7F00014_RXW061",
      "P7F00014_RX_CRC32",
      "P7F00014_RX_DIGEST",
      "P7F00014_RX_GOOD_COUNT_L0",
      "P7F00014_RX_GOOD_COUNT_L1",
      "P7F00014_RX_LEN",
      "P7F00014_STATUS",
      "P7F00014_STICKY_ERROR",
      "P7F00014_TXD_HIGH_MAX",
      "P7F00014_TXW000",
      "P7F00014_TXW001",
      "P7F00014_TXW002",
      "P7F00014_TXW003",
      "P7F00014_TXW004",
      "P7F00014_TXW005",
      "P7F00014_TXW006",
      "P7F00014_TXW007",
      "P7F00014_TXW008",
      "P7F00014_TXW009",
      "P7F00014_TXW010",
      "P7F00014_TXW011",
      "P7F00014_TXW012",
      "P7F00014_TXW013",
      "P7F00014_TXW014",
      "P7F00014_TXW015",
      "P7F00014_TXW016",
      "P7F00014_TXW017",
      "P7F00014_TXW018",
      "P7F00014_TXW019",
      "P7F00014_TXW020",
      "P7F00014_TXW021",
      "P7F00014_TXW022",
      "P7F00014_TXW023",
      "P7F00014_TXW024",
      "P7F00014_TXW025",
      "P7F00014_TXW026",
      "P7F00014_TXW027",
      "P7F00014_TXW028",
      "P7F00014_TXW029",
      "P7F00014_TXW030",
      "P7F00014_TXW031",
      "P7F00014_TXW032",
      "P7F00014_TXW033",
      "P7F00014_TXW034",
      "P7F00014_TXW035",
      "P7F00014_TXW036",
      "P7F00014_TXW037",
      "P7F00014_TXW038",
      "P7F00014_TXW039",
      "P7F00014_TXW040",
      "P7F00014_TXW041",
      "P7F00014_TXW042",
      "P7F00014_TXW043",
      "P7F00014_TXW044",
      "P7F00014_TXW045",
      "P7F00014_TXW046",
      "P7F00014_TXW047",
      "P7F00014_TXW048",
      "P7F00014_TXW049",
      "P7F00014_TXW050",
      "P7F00014_TXW051",
      "P7F00014_TXW052",
      "P7F00014_TXW053",
      "P7F00014_TXW054",
      "P7F00014_TXW055",
      "P7F00014_TXW056",
      "P7F00014_TXW057",
      "P7F00014_TXW058",
      "P7F00014_TXW059",
      "P7F00014_TXW060",
      "P7F00014_TXW061",
      "P7F00014_TX_COUNT",
      "P7F00014_TX_CRC32",
      "P7F00014_TX_FAIL",
      "P7F00015_ACK_SEEN",
      "P7F00015_ACK_SENT",
      "P7F00015_COMMIT",
      "P7F00015_COMMIT_POLLS",
      "P7F00015_CRC_BAD",
      "P7F00015_DONE",
      "P7F00015_DONE_POLLS",
      "P7F00015_DUTY_VIOLATION",
      "P7F00015_ERROR_CODE",
      "P7F00015_FRAME_BAD",
      "P7F00015_FRAME_GOOD",
      "P7F00015_MAILBOX",
      "P7F00015_PAYLOAD_MISMATCH",
      "P7F00015_RAW_RX_PULSES",
      "P7F00015_RAW_TX_PULSES",
      "P7F00015_RETRY_COUNT",
      "P7F00015_RETRY_EXHAUSTED",
      "P7F00015_RXW000",
      "P7F00015_RXW001",
      "P7F00015_RXW002",
      "P7F00015_RXW003",
      "P7F00015_RXW004",
      "P7F00015_RXW005",
      "P7F00015_RXW006",
      "P7F00015_RXW007",
      "P7F00015_RXW008",
      "P7F00015_RXW009",
      "P7F00015_RXW010",
      "P7F00015_RXW011",
      "P7F00015_RXW012",
      "P7F00015_RXW013",
      "P7F00015_RXW014",
      "P7F00015_RXW015",
      "P7F00015_RXW016",
      "P7F00015_RXW017",
      "P7F00015_RXW018",
      "P7F00015_RXW019",
      "P7F00015_RXW020",
      "P7F00015_RXW021",
      "P7F00015_RXW022",
      "P7F00015_RXW023",
      "P7F00015_RXW024",
      "P7F00015_RXW025",
      "P7F00015_RXW026",
      "P7F00015_RXW027",
      "P7F00015_RXW028",
      "P7F00015_RXW029",
      "P7F00015_RXW030",
      "P7F00015_RXW031",
      "P7F00015_RXW032",
      "P7F00015_RXW033",
      "P7F00015_RXW034",
      "P7F00015_RXW035",
      "P7F00015_RXW036",
      "P7F00015_RXW037",
      "P7F00015_RXW038",
      "P7F00015_RXW039",
      "P7F00015_RXW040",
      "P7F00015_RXW041",
      "P7F00015_RXW042",
      "P7F00015_RXW043",
      "P7F00015_RXW044",
      "P7F00015_RXW045",
      "P7F00015_RXW046",
      "P7F00015_RXW047",
      "P7F00015_RXW048",
      "P7F00015_RXW049",
      "P7F00015_RXW050",
      "P7F00015_RXW051",
      "P7F00015_RXW052",
      "P7F00015_RXW053",
      "P7F00015_RXW054",
      "P7F00015_RXW055",
      "P7F00015_RXW056",
      "P7F00015_RXW057",
      "P7F00015_RXW058",
      "P7F00015_RXW059",
      "P7F00015_RXW060",
      "P7F00015_RXW061",
      "P7F00015_RX_CRC32",
      "P7F00015_RX_DIGEST",
      "P7F00015_RX_GOOD_COUNT_L0",
      "P7F00015_RX_GOOD_COUNT_L1",
      "P7F00015_RX_LEN",
      "P7F00015_STATUS",
      "P7F00015_STICKY_ERROR",
      "P7F00015_TXD_HIGH_MAX",
      "P7F00015_TXW000",
      "P7F00015_TXW001",
      "P7F00015_TXW002",
      "P7F00015_TXW003",
      "P7F00015_TXW004",
      "P7F00015_TXW005",
      "P7F00015_TXW006",
      "P7F00015_TXW007",
      "P7F00015_TXW008",
      "P7F00015_TXW009",
      "P7F00015_TXW010",
      "P7F00015_TXW011",
      "P7F00015_TXW012",
      "P7F00015_TXW013",
      "P7F00015_TXW014",
      "P7F00015_TXW015",
      "P7F00015_TXW016",
      "P7F00015_TXW017",
      "P7F00015_TXW018",
      "P7F00015_TXW019",
      "P7F00015_TXW020",
      "P7F00015_TXW021",
      "P7F00015_TXW022",
      "P7F00015_TXW023",
      "P7F00015_TXW024",
      "P7F00015_TXW025",
      "P7F00015_TXW026",
      "P7F00015_TXW027",
      "P7F00015_TXW028",
      "P7F00015_TXW029",
      "P7F00015_TXW030",
      "P7F00015_TXW031",
      "P7F00015_TXW032",
      "P7F00015_TXW033",
      "P7F00015_TXW034",
      "P7F00015_TXW035",
      "P7F00015_TXW036",
      "P7F00015_TXW037",
      "P7F00015_TXW038",
      "P7F00015_TXW039",
      "P7F00015_TXW040",
      "P7F00015_TXW041",
      "P7F00015_TXW042",
      "P7F00015_TXW043",
      "P7F00015_TXW044",
      "P7F00015_TXW045",
      "P7F00015_TXW046",
      "P7F00015_TXW047",
      "P7F00015_TXW048",
      "P7F00015_TXW049",
      "P7F00015_TXW050",
      "P7F00015_TXW051",
      "P7F00015_TXW052",
      "P7F00015_TXW053",
      "P7F00015_TXW054",
      "P7F00015_TXW055",
      "P7F00015_TXW056",
      "P7F00015_TXW057",
      "P7F00015_TXW058",
      "P7F00015_TXW059",
      "P7F00015_TXW060",
      "P7F00015_TXW061",
      "P7F00015_TX_COUNT",
      "P7F00015_TX_CRC32",
      "P7F00015_TX_FAIL",
      "P7F00016_ACK_SEEN",
      "P7F00016_ACK_SENT",
      "P7F00016_COMMIT",
      "P7F00016_COMMIT_POLLS",
      "P7F00016_CRC_BAD",
      "P7F00016_DONE",
      "P7F00016_DONE_POLLS",
      "P7F00016_DUTY_VIOLATION",
      "P7F00016_ERROR_CODE",
      "P7F00016_FRAME_BAD",
      "P7F00016_FRAME_GOOD",
      "P7F00016_MAILBOX",
      "P7F00016_PAYLOAD_MISMATCH",
      "P7F00016_RAW_RX_PULSES",
      "P7F00016_RAW_TX_PULSES",
      "P7F00016_RETRY_COUNT",
      "P7F00016_RETRY_EXHAUSTED",
      "P7F00016_RXW000",
      "P7F00016_RXW001",
      "P7F00016_RXW002",
      "P7F00016_RXW003",
      "P7F00016_RXW004",
      "P7F00016_RXW005",
      "P7F00016_RXW006",
      "P7F00016_RXW007",
      "P7F00016_RXW008",
      "P7F00016_RXW009",
      "P7F00016_RXW010",
      "P7F00016_RXW011",
      "P7F00016_RXW012",
      "P7F00016_RXW013",
      "P7F00016_RXW014",
      "P7F00016_RXW015",
      "P7F00016_RXW016",
      "P7F00016_RXW017",
      "P7F00016_RXW018",
      "P7F00016_RXW019",
      "P7F00016_RXW020",
      "P7F00016_RXW021",
      "P7F00016_RXW022",
      "P7F00016_RXW023",
      "P7F00016_RXW024",
      "P7F00016_RXW025",
      "P7F00016_RXW026",
      "P7F00016_RXW027",
      "P7F00016_RXW028",
      "P7F00016_RXW029",
      "P7F00016_RXW030",
      "P7F00016_RXW031",
      "P7F00016_RXW032",
      "P7F00016_RXW033",
      "P7F00016_RXW034",
      "P7F00016_RXW035",
      "P7F00016_RXW036",
      "P7F00016_RXW037",
      "P7F00016_RXW038",
      "P7F00016_RXW039",
      "P7F00016_RXW040",
      "P7F00016_RXW041",
      "P7F00016_RXW042",
      "P7F00016_RXW043",
      "P7F00016_RXW044",
      "P7F00016_RXW045",
      "P7F00016_RXW046",
      "P7F00016_RXW047",
      "P7F00016_RXW048",
      "P7F00016_RXW049",
      "P7F00016_RXW050",
      "P7F00016_RXW051",
      "P7F00016_RXW052",
      "P7F00016_RXW053",
      "P7F00016_RXW054",
      "P7F00016_RXW055",
      "P7F00016_RXW056",
      "P7F00016_RXW057",
      "P7F00016_RXW058",
      "P7F00016_RXW059",
      "P7F00016_RXW060",
      "P7F00016_RXW061",
      "P7F00016_RX_CRC32",
      "P7F00016_RX_DIGEST",
      "P7F00016_RX_GOOD_COUNT_L0",
      "P7F00016_RX_GOOD_COUNT_L1",
      "P7F00016_RX_LEN",
      "P7F00016_STATUS",
      "P7F00016_STICKY_ERROR",
      "P7F00016_TXD_HIGH_MAX",
      "P7F00016_TXW000",
      "P7F00016_TXW001",
      "P7F00016_TXW002",
      "P7F00016_TXW003",
      "P7F00016_TXW004",
      "P7F00016_TXW005",
      "P7F00016_TXW006",
      "P7F00016_TXW007",
      "P7F00016_TXW008",
      "P7F00016_TXW009",
      "P7F00016_TXW010",
      "P7F00016_TXW011",
      "P7F00016_TXW012",
      "P7F00016_TXW013",
      "P7F00016_TXW014",
      "P7F00016_TXW015",
      "P7F00016_TXW016",
      "P7F00016_TXW017",
      "P7F00016_TXW018",
      "P7F00016_TXW019",
      "P7F00016_TXW020",
      "P7F00016_TXW021",
      "P7F00016_TXW022",
      "P7F00016_TXW023",
      "P7F00016_TXW024",
      "P7F00016_TXW025",
      "P7F00016_TXW026",
      "P7F00016_TXW027",
      "P7F00016_TXW028",
      "P7F00016_TXW029",
      "P7F00016_TXW030",
      "P7F00016_TXW031",
      "P7F00016_TXW032",
      "P7F00016_TXW033",
      "P7F00016_TXW034",
      "P7F00016_TXW035",
      "P7F00016_TXW036",
      "P7F00016_TXW037",
      "P7F00016_TXW038",
      "P7F00016_TXW039",
      "P7F00016_TXW040",
      "P7F00016_TXW041",
      "P7F00016_TXW042",
      "P7F00016_TXW043",
      "P7F00016_TXW044",
      "P7F00016_TXW045",
      "P7F00016_TXW046",
      "P7F00016_TXW047",
      "P7F00016_TXW048",
      "P7F00016_TXW049",
      "P7F00016_TXW050",
      "P7F00016_TXW051",
      "P7F00016_TXW052",
      "P7F00016_TXW053",
      "P7F00016_TXW054",
      "P7F00016_TXW055",
      "P7F00016_TXW056",
      "P7F00016_TXW057",
      "P7F00016_TXW058",
      "P7F00016_TXW059",
      "P7F00016_TXW060",
      "P7F00016_TXW061",
      "P7F00016_TX_COUNT",
      "P7F00016_TX_CRC32",
      "P7F00016_TX_FAIL",
      "P7F00017_ACK_SEEN",
      "P7F00017_ACK_SENT",
      "P7F00017_COMMIT",
      "P7F00017_COMMIT_POLLS",
      "P7F00017_CRC_BAD",
      "P7F00017_DONE",
      "P7F00017_DONE_POLLS",
      "P7F00017_DUTY_VIOLATION",
      "P7F00017_ERROR_CODE",
      "P7F00017_FRAME_BAD",
      "P7F00017_FRAME_GOOD",
      "P7F00017_MAILBOX",
      "P7F00017_PAYLOAD_MISMATCH",
      "P7F00017_RAW_RX_PULSES",
      "P7F00017_RAW_TX_PULSES",
      "P7F00017_RETRY_COUNT",
      "P7F00017_RETRY_EXHAUSTED",
      "P7F00017_RXW000",
      "P7F00017_RXW001",
      "P7F00017_RXW002",
      "P7F00017_RXW003",
      "P7F00017_RXW004",
      "P7F00017_RXW005",
      "P7F00017_RXW006",
      "P7F00017_RXW007",
      "P7F00017_RXW008",
      "P7F00017_RXW009",
      "P7F00017_RXW010",
      "P7F00017_RXW011",
      "P7F00017_RXW012",
      "P7F00017_RXW013",
      "P7F00017_RXW014",
      "P7F00017_RXW015",
      "P7F00017_RXW016",
      "P7F00017_RXW017",
      "P7F00017_RXW018",
      "P7F00017_RXW019",
      "P7F00017_RXW020",
      "P7F00017_RXW021",
      "P7F00017_RXW022",
      "P7F00017_RXW023",
      "P7F00017_RXW024",
      "P7F00017_RXW025",
      "P7F00017_RXW026",
      "P7F00017_RXW027",
      "P7F00017_RXW028",
      "P7F00017_RXW029",
      "P7F00017_RXW030",
      "P7F00017_RXW031",
      "P7F00017_RXW032",
      "P7F00017_RXW033",
      "P7F00017_RXW034",
      "P7F00017_RXW035",
      "P7F00017_RXW036",
      "P7F00017_RXW037",
      "P7F00017_RXW038",
      "P7F00017_RXW039",
      "P7F00017_RXW040",
      "P7F00017_RXW041",
      "P7F00017_RXW042",
      "P7F00017_RXW043",
      "P7F00017_RXW044",
      "P7F00017_RXW045",
      "P7F00017_RXW046",
      "P7F00017_RXW047",
      "P7F00017_RXW048",
      "P7F00017_RXW049",
      "P7F00017_RXW050",
      "P7F00017_RXW051",
      "P7F00017_RXW052",
      "P7F00017_RXW053",
      "P7F00017_RXW054",
      "P7F00017_RXW055",
      "P7F00017_RXW056",
      "P7F00017_RXW057",
      "P7F00017_RXW058",
      "P7F00017_RXW059",
      "P7F00017_RXW060",
      "P7F00017_RXW061",
      "P7F00017_RX_CRC32",
      "P7F00017_RX_DIGEST",
      "P7F00017_RX_GOOD_COUNT_L0",
      "P7F00017_RX_GOOD_COUNT_L1",
      "P7F00017_RX_LEN",
      "P7F00017_STATUS",
      "P7F00017_STICKY_ERROR",
      "P7F00017_TXD_HIGH_MAX",
      "P7F00017_TXW000",
      "P7F00017_TXW001",
      "P7F00017_TXW002",
      "P7F00017_TXW003",
      "P7F00017_TXW004",
      "P7F00017_TXW005",
      "P7F00017_TXW006",
      "P7F00017_TXW007",
      "P7F00017_TXW008",
      "P7F00017_TXW009",
      "P7F00017_TXW010",
      "P7F00017_TXW011",
      "P7F00017_TXW012",
      "P7F00017_TXW013",
      "P7F00017_TXW014",
      "P7F00017_TXW015",
      "P7F00017_TXW016",
      "P7F00017_TXW017",
      "P7F00017_TXW018",
      "P7F00017_TXW019",
      "P7F00017_TXW020",
      "P7F00017_TXW021",
      "P7F00017_TXW022",
      "P7F00017_TXW023",
      "P7F00017_TXW024",
      "P7F00017_TXW025",
      "P7F00017_TXW026",
      "P7F00017_TXW027",
      "P7F00017_TXW028",
      "P7F00017_TXW029",
      "P7F00017_TXW030",
      "P7F00017_TXW031",
      "P7F00017_TXW032",
      "P7F00017_TXW033",
      "P7F00017_TXW034",
      "P7F00017_TXW035",
      "P7F00017_TXW036",
      "P7F00017_TXW037",
      "P7F00017_TXW038",
      "P7F00017_TXW039",
      "P7F00017_TXW040",
      "P7F00017_TXW041",
      "P7F00017_TXW042",
      "P7F00017_TXW043",
      "P7F00017_TXW044",
      "P7F00017_TXW045",
      "P7F00017_TXW046",
      "P7F00017_TXW047",
      "P7F00017_TXW048",
      "P7F00017_TXW049",
      "P7F00017_TXW050",
      "P7F00017_TXW051",
      "P7F00017_TXW052",
      "P7F00017_TXW053",
      "P7F00017_TXW054",
      "P7F00017_TXW055",
      "P7F00017_TXW056",
      "P7F00017_TXW057",
      "P7F00017_TXW058",
      "P7F00017_TXW059",
      "P7F00017_TXW060",
      "P7F00017_TXW061",
      "P7F00017_TX_COUNT",
      "P7F00017_TX_CRC32",
      "P7F00017_TX_FAIL",
      "P7F00018_ACK_SEEN",
      "P7F00018_ACK_SENT",
      "P7F00018_COMMIT",
      "P7F00018_COMMIT_POLLS",
      "P7F00018_CRC_BAD",
      "P7F00018_DONE",
      "P7F00018_DONE_POLLS",
      "P7F00018_DUTY_VIOLATION",
      "P7F00018_ERROR_CODE",
      "P7F00018_FRAME_BAD",
      "P7F00018_FRAME_GOOD",
      "P7F00018_MAILBOX",
      "P7F00018_PAYLOAD_MISMATCH",
      "P7F00018_RAW_RX_PULSES",
      "P7F00018_RAW_TX_PULSES",
      "P7F00018_RETRY_COUNT",
      "P7F00018_RETRY_EXHAUSTED",
      "P7F00018_RXW000",
      "P7F00018_RXW001",
      "P7F00018_RXW002",
      "P7F00018_RXW003",
      "P7F00018_RXW004",
      "P7F00018_RXW005",
      "P7F00018_RXW006",
      "P7F00018_RXW007",
      "P7F00018_RXW008",
      "P7F00018_RXW009",
      "P7F00018_RXW010",
      "P7F00018_RXW011",
      "P7F00018_RXW012",
      "P7F00018_RXW013",
      "P7F00018_RXW014",
      "P7F00018_RXW015",
      "P7F00018_RXW016",
      "P7F00018_RXW017",
      "P7F00018_RXW018",
      "P7F00018_RXW019",
      "P7F00018_RXW020",
      "P7F00018_RXW021",
      "P7F00018_RXW022",
      "P7F00018_RXW023",
      "P7F00018_RXW024",
      "P7F00018_RXW025",
      "P7F00018_RXW026",
      "P7F00018_RXW027",
      "P7F00018_RXW028",
      "P7F00018_RXW029",
      "P7F00018_RXW030",
      "P7F00018_RXW031",
      "P7F00018_RXW032",
      "P7F00018_RXW033",
      "P7F00018_RXW034",
      "P7F00018_RXW035",
      "P7F00018_RXW036",
      "P7F00018_RXW037",
      "P7F00018_RXW038",
      "P7F00018_RXW039",
      "P7F00018_RXW040",
      "P7F00018_RXW041",
      "P7F00018_RXW042",
      "P7F00018_RXW043",
      "P7F00018_RXW044",
      "P7F00018_RXW045",
      "P7F00018_RXW046",
      "P7F00018_RXW047",
      "P7F00018_RXW048",
      "P7F00018_RXW049",
      "P7F00018_RXW050",
      "P7F00018_RXW051",
      "P7F00018_RXW052",
      "P7F00018_RXW053",
      "P7F00018_RXW054",
      "P7F00018_RXW055",
      "P7F00018_RXW056",
      "P7F00018_RXW057",
      "P7F00018_RXW058",
      "P7F00018_RXW059",
      "P7F00018_RXW060",
      "P7F00018_RXW061",
      "P7F00018_RX_CRC32",
      "P7F00018_RX_DIGEST",
      "P7F00018_RX_GOOD_COUNT_L0",
      "P7F00018_RX_GOOD_COUNT_L1",
      "P7F00018_RX_LEN",
      "P7F00018_STATUS",
      "P7F00018_STICKY_ERROR",
      "P7F00018_TXD_HIGH_MAX",
      "P7F00018_TXW000",
      "P7F00018_TXW001",
      "P7F00018_TXW002",
      "P7F00018_TXW003",
      "P7F00018_TXW004",
      "P7F00018_TXW005",
      "P7F00018_TXW006",
      "P7F00018_TXW007",
      "P7F00018_TXW008",
      "P7F00018_TXW009",
      "P7F00018_TXW010",
      "P7F00018_TXW011",
      "P7F00018_TXW012",
      "P7F00018_TXW013",
      "P7F00018_TXW014",
      "P7F00018_TXW015",
      "P7F00018_TXW016",
      "P7F00018_TXW017",
      "P7F00018_TXW018",
      "P7F00018_TXW019",
      "P7F00018_TXW020",
      "P7F00018_TXW021",
      "P7F00018_TXW022",
      "P7F00018_TXW023",
      "P7F00018_TXW024",
      "P7F00018_TXW025",
      "P7F00018_TXW026",
      "P7F00018_TXW027",
      "P7F00018_TXW028",
      "P7F00018_TXW029",
      "P7F00018_TXW030",
      "P7F00018_TXW031",
      "P7F00018_TXW032",
      "P7F00018_TXW033",
      "P7F00018_TXW034",
      "P7F00018_TXW035",
      "P7F00018_TXW036",
      "P7F00018_TXW037",
      "P7F00018_TXW038",
      "P7F00018_TXW039",
      "P7F00018_TXW040",
      "P7F00018_TXW041",
      "P7F00018_TXW042",
      "P7F00018_TXW043",
      "P7F00018_TXW044",
      "P7F00018_TXW045",
      "P7F00018_TXW046",
      "P7F00018_TXW047",
      "P7F00018_TXW048",
      "P7F00018_TXW049",
      "P7F00018_TXW050",
      "P7F00018_TXW051",
      "P7F00018_TXW052",
      "P7F00018_TXW053",
      "P7F00018_TXW054",
      "P7F00018_TXW055",
      "P7F00018_TXW056",
      "P7F00018_TXW057",
      "P7F00018_TXW058",
      "P7F00018_TXW059",
      "P7F00018_TXW060",
      "P7F00018_TXW061",
      "P7F00018_TX_COUNT",
      "P7F00018_TX_CRC32",
      "P7F00018_TX_FAIL",
      "P7F00019_ACK_SEEN",
      "P7F00019_ACK_SENT",
      "P7F00019_COMMIT",
      "P7F00019_COMMIT_POLLS",
      "P7F00019_CRC_BAD",
      "P7F00019_DONE",
      "P7F00019_DONE_POLLS",
      "P7F00019_DUTY_VIOLATION",
      "P7F00019_ERROR_CODE",
      "P7F00019_FRAME_BAD",
      "P7F00019_FRAME_GOOD",
      "P7F00019_MAILBOX",
      "P7F00019_PAYLOAD_MISMATCH",
      "P7F00019_RAW_RX_PULSES",
      "P7F00019_RAW_TX_PULSES",
      "P7F00019_RETRY_COUNT",
      "P7F00019_RETRY_EXHAUSTED",
      "P7F00019_RXW000",
      "P7F00019_RXW001",
      "P7F00019_RXW002",
      "P7F00019_RXW003",
      "P7F00019_RXW004",
      "P7F00019_RXW005",
      "P7F00019_RXW006",
      "P7F00019_RXW007",
      "P7F00019_RXW008",
      "P7F00019_RXW009",
      "P7F00019_RXW010",
      "P7F00019_RX_CRC32",
      "P7F00019_RX_DIGEST",
      "P7F00019_RX_GOOD_COUNT_L0",
      "P7F00019_RX_GOOD_COUNT_L1",
      "P7F00019_RX_LEN",
      "P7F00019_STATUS",
      "P7F00019_STICKY_ERROR",
      "P7F00019_TXD_HIGH_MAX",
      "P7F00019_TXW000",
      "P7F00019_TXW001",
      "P7F00019_TXW002",
      "P7F00019_TXW003",
      "P7F00019_TXW004",
      "P7F00019_TXW005",
      "P7F00019_TXW006",
      "P7F00019_TXW007",
      "P7F00019_TXW008",
      "P7F00019_TXW009",
      "P7F00019_TXW010",
      "P7F00019_TX_COUNT",
      "P7F00019_TX_CRC32",
      "P7F00019_TX_FAIL",
      "P7_BASE_ACK_SEEN",
      "P7_BASE_ACK_SENT",
      "P7_BASE_CRC_BAD",
      "P7_BASE_DUTY_VIOLATION",
      "P7_BASE_ERROR_CODE",
      "P7_BASE_FRAME_BAD",
      "P7_BASE_FRAME_GOOD",
      "P7_BASE_PAYLOAD_MISMATCH",
      "P7_BASE_RAW_RX_PULSES",
      "P7_BASE_RAW_TX_PULSES",
      "P7_BASE_RETRY_COUNT",
      "P7_BASE_RETRY_EXHAUSTED",
      "P7_BASE_RX_GOOD_COUNT_L0",
      "P7_BASE_RX_GOOD_COUNT_L1",
      "P7_BASE_STICKY_ERROR",
      "P7_BASE_TXD_HIGH_MAX",
      "P7_BASE_TX_COUNT",
      "P7_BASE_TX_FAIL",
      "P7_FINAL_SHUTDOWN_REASON"
    ],
    "write_operations": [
      {
        "offset": "0x100",
        "value": "0x00000002"
      },
      {
        "offset": "0x100",
        "value": "0x00000002"
      },
      {
        "offset": "0x200",
        "value": "0x50414652"
      },
      {
        "offset": "0x204",
        "value": "0x00200101"
      },
      {
        "offset": "0x208",
        "value": "0x50370004"
      },
      {
        "offset": "0x20c",
        "value": "0x00000004"
      },
      {
        "offset": "0x210",
        "value": "0x00001000"
      },
      {
        "offset": "0x214",
        "value": "0x00140000"
      },
      {
        "offset": "0x218",
        "value": "0x000000d7"
      },
      {
        "offset": "0x21c",
        "value": "0x2fb64e16"
      },
      {
        "offset": "0x220",
        "value": "0x07060504"
      },
      {
        "offset": "0x224",
        "value": "0x0b0a0908"
      },
      {
        "offset": "0x228",
        "value": "0x0f0e0d0c"
      },
      {
        "offset": "0x22c",
        "value": "0x13121110"
      },
      {
        "offset": "0x230",
        "value": "0x17161514"
      },
      {
        "offset": "0x234",
        "value": "0x1b1a1918"
      },
      {
        "offset": "0x238",
        "value": "0x1f1e1d1c"
      },
      {
        "offset": "0x23c",
        "value": "0x23222120"
      },
      {
        "offset": "0x240",
        "value": "0x27262524"
      },
      {
        "offset": "0x244",
        "value": "0x2b2a2928"
      },
      {
        "offset": "0x248",
        "value": "0x2f2e2d2c"
      },
      {
        "offset": "0x24c",
        "value": "0x33323130"
      },
      {
        "offset": "0x250",
        "value": "0x37363534"
      },
      {
        "offset": "0x254",
        "value": "0x3b3a3938"
      },
      {
        "offset": "0x258",
        "value": "0x3f3e3d3c"
      },
      {
        "offset": "0x25c",
        "value": "0x43424140"
      },
      {
        "offset": "0x260",
        "value": "0x47464544"
      },
      {
        "offset": "0x264",
        "value": "0x4b4a4948"
      },
      {
        "offset": "0x268",
        "value": "0x4f4e4d4c"
      },
      {
        "offset": "0x26c",
        "value": "0x53525150"
      },
      {
        "offset": "0x270",
        "value": "0x57565554"
      },
      {
        "offset": "0x274",
        "value": "0x5b5a5958"
      },
      {
        "offset": "0x278",
        "value": "0x5f5e5d5c"
      },
      {
        "offset": "0x27c",
        "value": "0x63626160"
      },
      {
        "offset": "0x280",
        "value": "0x67666564"
      },
      {
        "offset": "0x284",
        "value": "0x6b6a6968"
      },
      {
        "offset": "0x288",
        "value": "0x6f6e6d6c"
      },
      {
        "offset": "0x28c",
        "value": "0x73727170"
      },
      {
        "offset": "0x290",
        "value": "0x77767574"
      },
      {
        "offset": "0x294",
        "value": "0x7b7a7978"
      },
      {
        "offset": "0x298",
        "value": "0x7f7e7d7c"
      },
      {
        "offset": "0x29c",
        "value": "0x83828180"
      },
      {
        "offset": "0x2a0",
        "value": "0x87868584"
      },
      {
        "offset": "0x2a4",
        "value": "0x8b8a8988"
      },
      {
        "offset": "0x2a8",
        "value": "0x8f8e8d8c"
      },
      {
        "offset": "0x2ac",
        "value": "0x93929190"
      },
      {
        "offset": "0x2b0",
        "value": "0x97969594"
      },
      {
        "offset": "0x2b4",
        "value": "0x9b9a9998"
      },
      {
        "offset": "0x2b8",
        "value": "0x9f9e9d9c"
      },
      {
        "offset": "0x2bc",
        "value": "0xa3a2a1a0"
      },
      {
        "offset": "0x2c0",
        "value": "0xa7a6a5a4"
      },
      {
        "offset": "0x2c4",
        "value": "0xabaaa9a8"
      },
      {
        "offset": "0x2c8",
        "value": "0xafaeadac"
      },
      {
        "offset": "0x2cc",
        "value": "0xb3b2b1b0"
      },
      {
        "offset": "0x2d0",
        "value": "0xb7b6b5b4"
      },
      {
        "offset": "0x2d4",
        "value": "0xbbbab9b8"
      },
      {
        "offset": "0x2d8",
        "value": "0xbfbebdbc"
      },
      {
        "offset": "0x2dc",
        "value": "0xc3c2c1c0"
      },
      {
        "offset": "0x2e0",
        "value": "0xc7c6c5c4"
      },
      {
        "offset": "0x2e4",
        "value": "0xcbcac9c8"
      },
      {
        "offset": "0x2e8",
        "value": "0xcfcecdcc"
      },
      {
        "offset": "0x2ec",
        "value": "0xd3d2d1d0"
      },
      {
        "offset": "0x2f0",
        "value": "0xd7d6d5d4"
      },
      {
        "offset": "0x2f4",
        "value": "0x00dad9d8"
      },
      {
        "offset": "0x108",
        "value": "0x00002201"
      },
      {
        "offset": "0x10c",
        "value": "0x00000003"
      },
      {
        "offset": "0x110",
        "value": "0x00000003"
      },
      {
        "offset": "0x114",
        "value": "0x000000f7"
      },
      {
        "offset": "0x15c",
        "value": "0x0061a800"
      },
      {
        "offset": "0x100",
        "value": "0x00000004"
      },
      {
        "offset": "0x100",
        "value": "0x00000008"
      },
      {
        "offset": "0x100",
        "value": "0x00000002"
      },
      {
        "offset": "0x200",
        "value": "0x50414652"
      },
      {
        "offset": "0x204",
        "value": "0x00200001"
      },
      {
        "offset": "0x208",
        "value": "0x50370004"
      },
      {
        "offset": "0x20c",
        "value": "0x00000004"
      },
      {
        "offset": "0x210",
        "value": "0x00001000"
      },
      {
        "offset": "0x214",
        "value": "0x00140001"
      },
      {
        "offset": "0x218",
        "value": "0x000000d7"
      },
      {
        "offset": "0x21c",
        "value": "0x2fb64e16"
      },
      {
        "offset": "0x220",
        "value": "0xdedddcdb"
      },
      {
        "offset": "0x224",
        "value": "0xe2e1e0df"
      },
      {
        "offset": "0x228",
        "value": "0xe6e5e4e3"
      },
      {
        "offset": "0x22c",
        "value": "0xeae9e8e7"
      },
      {
        "offset": "0x230",
        "value": "0xeeedeceb"
      },
      {
        "offset": "0x234",
        "value": "0xf2f1f0ef"
      },
      {
        "offset": "0x238",
        "value": "0xf6f5f4f3"
      },
      {
        "offset": "0x23c",
        "value": "0xfaf9f8f7"
      },
      {
        "offset": "0x240",
        "value": "0xfefdfcfb"
      },
      {
        "offset": "0x244",
        "value": "0x020100ff"
      },
      {
        "offset": "0x248",
        "value": "0x06050403"
      },
      {
        "offset": "0x24c",
        "value": "0x0a090807"
      },
      {
        "offset": "0x250",
        "value": "0x0e0d0c0b"
      },
      {
        "offset": "0x254",
        "value": "0x1211100f"
      },
      {
        "offset": "0x258",
        "value": "0x16151413"
      },
      {
        "offset": "0x25c",
        "value": "0x1a191817"
      },
      {
        "offset": "0x260",
        "value": "0x1e1d1c1b"
      },
      {
        "offset": "0x264",
        "value": "0x2221201f"
      },
      {
        "offset": "0x268",
        "value": "0x26252423"
      },
      {
        "offset": "0x26c",
        "value": "0x2a292827"
      },
      {
        "offset": "0x270",
        "value": "0x2e2d2c2b"
      },
      {
        "offset": "0x274",
        "value": "0x3231302f"
      },
      {
        "offset": "0x278",
        "value": "0x36353433"
      },
      {
        "offset": "0x27c",
        "value": "0x3a393837"
      },
      {
        "offset": "0x280",
        "value": "0x3e3d3c3b"
      },
      {
        "offset": "0x284",
        "value": "0x4241403f"
      },
      {
        "offset": "0x288",
        "value": "0x46454443"
      },
      {
        "offset": "0x28c",
        "value": "0x4a494847"
      },
      {
        "offset": "0x290",
        "value": "0x4e4d4c4b"
      },
      {
        "offset": "0x294",
        "value": "0x5251504f"
      },
      {
        "offset": "0x298",
        "value": "0x56555453"
      },
      {
        "offset": "0x29c",
        "value": "0x5a595857"
      },
      {
        "offset": "0x2a0",
        "value": "0x5e5d5c5b"
      },
      {
        "offset": "0x2a4",
        "value": "0x6261605f"
      },
      {
        "offset": "0x2a8",
        "value": "0x66656463"
      },
      {
        "offset": "0x2ac",
        "value": "0x6a696867"
      },
      {
        "offset": "0x2b0",
        "value": "0x6e6d6c6b"
      },
      {
        "offset": "0x2b4",
        "value": "0x7271706f"
      },
      {
        "offset": "0x2b8",
        "value": "0x76757473"
      },
      {
        "offset": "0x2bc",
        "value": "0x7a797877"
      },
      {
        "offset": "0x2c0",
        "value": "0x7e7d7c7b"
      },
      {
        "offset": "0x2c4",
        "value": "0x8281807f"
      },
      {
        "offset": "0x2c8",
        "value": "0x86858483"
      },
      {
        "offset": "0x2cc",
        "value": "0x8a898887"
      },
      {
        "offset": "0x2d0",
        "value": "0x8e8d8c8b"
      },
      {
        "offset": "0x2d4",
        "value": "0x9291908f"
      },
      {
        "offset": "0x2d8",
        "value": "0x96959493"
      },
      {
        "offset": "0x2dc",
        "value": "0x9a999897"
      },
      {
        "offset": "0x2e0",
        "value": "0x9e9d9c9b"
      },
      {
        "offset": "0x2e4",
        "value": "0xa2a1a09f"
      },
      {
        "offset": "0x2e8",
        "value": "0xa6a5a4a3"
      },
      {
        "offset": "0x2ec",
        "value": "0xaaa9a8a7"
      },
      {
        "offset": "0x2f0",
        "value": "0xaeadacab"
      },
      {
        "offset": "0x2f4",
        "value": "0x00b1b0af"
      },
      {
        "offset": "0x108",
        "value": "0x00002201"
      },
      {
        "offset": "0x10c",
        "value": "0x00000003"
      },
      {
        "offset": "0x110",
        "value": "0x00000003"
      },
      {
        "offset": "0x114",
        "value": "0x000000f7"
      },
      {
        "offset": "0x15c",
        "value": "0x0061a800"
      },
      {
        "offset": "0x100",
        "value": "0x00000004"
      },
      {
        "offset": "0x100",
        "value": "0x00000008"
      },
      {
        "offset": "0x100",
        "value": "0x00000002"
      },
      {
        "offset": "0x200",
        "value": "0x50414652"
      },
      {
        "offset": "0x204",
        "value": "0x00200001"
      },
      {
        "offset": "0x208",
        "value": "0x50370004"
      },
      {
        "offset": "0x20c",
        "value": "0x00000004"
      },
      {
        "offset": "0x210",
        "value": "0x00001000"
      },
      {
        "offset": "0x214",
        "value": "0x00140002"
      },
      {
        "offset": "0x218",
        "value": "0x000000d7"
      },
      {
        "offset": "0x21c",
        "value": "0x2fb64e16"
      },
      {
        "offset": "0x220",
        "value": "0xb5b4b3b2"
      },
      {
        "offset": "0x224",
        "value": "0xb9b8b7b6"
      },
      {
        "offset": "0x228",
        "value": "0xbdbcbbba"
      },
      {
        "offset": "0x22c",
        "value": "0xc1c0bfbe"
      },
      {
        "offset": "0x230",
        "value": "0xc5c4c3c2"
      },
      {
        "offset": "0x234",
        "value": "0xc9c8c7c6"
      },
      {
        "offset": "0x238",
        "value": "0xcdcccbca"
      },
      {
        "offset": "0x23c",
        "value": "0xd1d0cfce"
      },
      {
        "offset": "0x240",
        "value": "0xd5d4d3d2"
      },
      {
        "offset": "0x244",
        "value": "0xd9d8d7d6"
      },
      {
        "offset": "0x248",
        "value": "0xdddcdbda"
      },
      {
        "offset": "0x24c",
        "value": "0xe1e0dfde"
      },
      {
        "offset": "0x250",
        "value": "0xe5e4e3e2"
      },
      {
        "offset": "0x254",
        "value": "0xe9e8e7e6"
      },
      {
        "offset": "0x258",
        "value": "0xedecebea"
      },
      {
        "offset": "0x25c",
        "value": "0xf1f0efee"
      },
      {
        "offset": "0x260",
        "value": "0xf5f4f3f2"
      },
      {
        "offset": "0x264",
        "value": "0xf9f8f7f6"
      },
      {
        "offset": "0x268",
        "value": "0xfdfcfbfa"
      },
      {
        "offset": "0x26c",
        "value": "0x0100fffe"
      },
      {
        "offset": "0x270",
        "value": "0x05040302"
      },
      {
        "offset": "0x274",
        "value": "0x09080706"
      },
      {
        "offset": "0x278",
        "value": "0x0d0c0b0a"
      },
      {
        "offset": "0x27c",
        "value": "0x11100f0e"
      },
      {
        "offset": "0x280",
        "value": "0x15141312"
      },
      {
        "offset": "0x284",
        "value": "0x19181716"
      },
      {
        "offset": "0x288",
        "value": "0x1d1c1b1a"
      },
      {
        "offset": "0x28c",
        "value": "0x21201f1e"
      },
      {
        "offset": "0x290",
        "value": "0x25242322"
      },
      {
        "offset": "0x294",
        "value": "0x29282726"
      },
      {
        "offset": "0x298",
        "value": "0x2d2c2b2a"
      },
      {
        "offset": "0x29c",
        "value": "0x31302f2e"
      },
      {
        "offset": "0x2a0",
        "value": "0x35343332"
      },
      {
        "offset": "0x2a4",
        "value": "0x39383736"
      },
      {
        "offset": "0x2a8",
        "value": "0x3d3c3b3a"
      },
      {
        "offset": "0x2ac",
        "value": "0x41403f3e"
      },
      {
        "offset": "0x2b0",
        "value": "0x45444342"
      },
      {
        "offset": "0x2b4",
        "value": "0x49484746"
      },
      {
        "offset": "0x2b8",
        "value": "0x4d4c4b4a"
      },
      {
        "offset": "0x2bc",
        "value": "0x51504f4e"
      },
      {
        "offset": "0x2c0",
        "value": "0x55545352"
      },
      {
        "offset": "0x2c4",
        "value": "0x59585756"
      },
      {
        "offset": "0x2c8",
        "value": "0x5d5c5b5a"
      },
      {
        "offset": "0x2cc",
        "value": "0x61605f5e"
      },
      {
        "offset": "0x2d0",
        "value": "0x65646362"
      },
      {
        "offset": "0x2d4",
        "value": "0x69686766"
      },
      {
        "offset": "0x2d8",
        "value": "0x6d6c6b6a"
      },
      {
        "offset": "0x2dc",
        "value": "0x71706f6e"
      },
      {
        "offset": "0x2e0",
        "value": "0x75747372"
      },
      {
        "offset": "0x2e4",
        "value": "0x79787776"
      },
      {
        "offset": "0x2e8",
        "value": "0x7d7c7b7a"
      },
      {
        "offset": "0x2ec",
        "value": "0x81807f7e"
      },
      {
        "offset": "0x2f0",
        "value": "0x85848382"
      },
      {
        "offset": "0x2f4",
        "value": "0x00888786"
      },
      {
        "offset": "0x108",
        "value": "0x00002201"
      },
      {
        "offset": "0x10c",
        "value": "0x00000003"
      },
      {
        "offset": "0x110",
        "value": "0x00000003"
      },
      {
        "offset": "0x114",
        "value": "0x000000f7"
      },
      {
        "offset": "0x15c",
        "value": "0x0061a800"
      },
      {
        "offset": "0x100",
        "value": "0x00000004"
      },
      {
        "offset": "0x100",
        "value": "0x00000008"
      },
      {
        "offset": "0x100",
        "value": "0x00000002"
      },
      {
        "offset": "0x200",
        "value": "0x50414652"
      },
      {
        "offset": "0x204",
        "value": "0x00200001"
      },
      {
        "offset": "0x208",
        "value": "0x50370004"
      },
      {
        "offset": "0x20c",
        "value": "0x00000004"
      },
      {
        "offset": "0x210",
        "value": "0x00001000"
      },
      {
        "offset": "0x214",
        "value": "0x00140003"
      },
      {
        "offset": "0x218",
        "value": "0x000000d7"
      },
      {
        "offset": "0x21c",
        "value": "0x2fb64e16"
      },
      {
        "offset": "0x220",
        "value": "0x8c8b8a89"
      },
      {
        "offset": "0x224",
        "value": "0x908f8e8d"
      },
      {
        "offset": "0x228",
        "value": "0x94939291"
      },
      {
        "offset": "0x22c",
        "value": "0x98979695"
      },
      {
        "offset": "0x230",
        "value": "0x9c9b9a99"
      },
      {
        "offset": "0x234",
        "value": "0xa09f9e9d"
      },
      {
        "offset": "0x238",
        "value": "0xa4a3a2a1"
      },
      {
        "offset": "0x23c",
        "value": "0xa8a7a6a5"
      },
      {
        "offset": "0x240",
        "value": "0xacabaaa9"
      },
      {
        "offset": "0x244",
        "value": "0xb0afaead"
      },
      {
        "offset": "0x248",
        "value": "0xb4b3b2b1"
      },
      {
        "offset": "0x24c",
        "value": "0xb8b7b6b5"
      },
      {
        "offset": "0x250",
        "value": "0xbcbbbab9"
      },
      {
        "offset": "0x254",
        "value": "0xc0bfbebd"
      },
      {
        "offset": "0x258",
        "value": "0xc4c3c2c1"
      },
      {
        "offset": "0x25c",
        "value": "0xc8c7c6c5"
      },
      {
        "offset": "0x260",
        "value": "0xcccbcac9"
      },
      {
        "offset": "0x264",
        "value": "0xd0cfcecd"
      },
      {
        "offset": "0x268",
        "value": "0xd4d3d2d1"
      },
      {
        "offset": "0x26c",
        "value": "0xd8d7d6d5"
      },
      {
        "offset": "0x270",
        "value": "0xdcdbdad9"
      },
      {
        "offset": "0x274",
        "value": "0xe0dfdedd"
      },
      {
        "offset": "0x278",
        "value": "0xe4e3e2e1"
      },
      {
        "offset": "0x27c",
        "value": "0xe8e7e6e5"
      },
      {
        "offset": "0x280",
        "value": "0xecebeae9"
      },
      {
        "offset": "0x284",
        "value": "0xf0efeeed"
      },
      {
        "offset": "0x288",
        "value": "0xf4f3f2f1"
      },
      {
        "offset": "0x28c",
        "value": "0xf8f7f6f5"
      },
      {
        "offset": "0x290",
        "value": "0xfcfbfaf9"
      },
      {
        "offset": "0x294",
        "value": "0x00fffefd"
      },
      {
        "offset": "0x298",
        "value": "0x04030201"
      },
      {
        "offset": "0x29c",
        "value": "0x08070605"
      },
      {
        "offset": "0x2a0",
        "value": "0x0c0b0a09"
      },
      {
        "offset": "0x2a4",
        "value": "0x100f0e0d"
      },
      {
        "offset": "0x2a8",
        "value": "0x14131211"
      },
      {
        "offset": "0x2ac",
        "value": "0x18171615"
      },
      {
        "offset": "0x2b0",
        "value": "0x1c1b1a19"
      },
      {
        "offset": "0x2b4",
        "value": "0x201f1e1d"
      },
      {
        "offset": "0x2b8",
        "value": "0x24232221"
      },
      {
        "offset": "0x2bc",
        "value": "0x28272625"
      },
      {
        "offset": "0x2c0",
        "value": "0x2c2b2a29"
      },
      {
        "offset": "0x2c4",
        "value": "0x302f2e2d"
      },
      {
        "offset": "0x2c8",
        "value": "0x34333231"
      },
      {
        "offset": "0x2cc",
        "value": "0x38373635"
      },
      {
        "offset": "0x2d0",
        "value": "0x3c3b3a39"
      },
      {
        "offset": "0x2d4",
        "value": "0x403f3e3d"
      },
      {
        "offset": "0x2d8",
        "value": "0x44434241"
      },
      {
        "offset": "0x2dc",
        "value": "0x48474645"
      },
      {
        "offset": "0x2e0",
        "value": "0x4c4b4a49"
      },
      {
        "offset": "0x2e4",
        "value": "0x504f4e4d"
      },
      {
        "offset": "0x2e8",
        "value": "0x54535251"
      },
      {
        "offset": "0x2ec",
        "value": "0x58575655"
      },
      {
        "offset": "0x2f0",
        "value": "0x5c5b5a59"
      },
      {
        "offset": "0x2f4",
        "value": "0x005f5e5d"
      },
      {
        "offset": "0x108",
        "value": "0x00002201"
      },
      {
        "offset": "0x10c",
        "value": "0x00000003"
      },
      {
        "offset": "0x110",
        "value": "0x00000003"
      },
      {
        "offset": "0x114",
        "value": "0x000000f7"
      },
      {
        "offset": "0x15c",
        "value": "0x0061a800"
      },
      {
        "offset": "0x100",
        "value": "0x00000004"
      },
      {
        "offset": "0x100",
        "value": "0x00000008"
      },
      {
        "offset": "0x100",
        "value": "0x00000002"
      },
      {
        "offset": "0x200",
        "value": "0x50414652"
      },
      {
        "offset": "0x204",
        "value": "0x00200001"
      },
      {
        "offset": "0x208",
        "value": "0x50370004"
      },
      {
        "offset": "0x20c",
        "value": "0x00000004"
      },
      {
        "offset": "0x210",
        "value": "0x00001000"
      },
      {
        "offset": "0x214",
        "value": "0x00140004"
      },
      {
        "offset": "0x218",
        "value": "0x000000d7"
      },
      {
        "offset": "0x21c",
        "value": "0x2fb64e16"
      },
      {
        "offset": "0x220",
        "value": "0x63626160"
      },
      {
        "offset": "0x224",
        "value": "0x67666564"
      },
      {
        "offset": "0x228",
        "value": "0x6b6a6968"
      },
      {
        "offset": "0x22c",
        "value": "0x6f6e6d6c"
      },
      {
        "offset": "0x230",
        "value": "0x73727170"
      },
      {
        "offset": "0x234",
        "value": "0x77767574"
      },
      {
        "offset": "0x238",
        "value": "0x7b7a7978"
      },
      {
        "offset": "0x23c",
        "value": "0x7f7e7d7c"
      },
      {
        "offset": "0x240",
        "value": "0x83828180"
      },
      {
        "offset": "0x244",
        "value": "0x87868584"
      },
      {
        "offset": "0x248",
        "value": "0x8b8a8988"
      },
      {
        "offset": "0x24c",
        "value": "0x8f8e8d8c"
      },
      {
        "offset": "0x250",
        "value": "0x93929190"
      },
      {
        "offset": "0x254",
        "value": "0x97969594"
      },
      {
        "offset": "0x258",
        "value": "0x9b9a9998"
      },
      {
        "offset": "0x25c",
        "value": "0x9f9e9d9c"
      },
      {
        "offset": "0x260",
        "value": "0xa3a2a1a0"
      },
      {
        "offset": "0x264",
        "value": "0xa7a6a5a4"
      },
      {
        "offset": "0x268",
        "value": "0xabaaa9a8"
      },
      {
        "offset": "0x26c",
        "value": "0xafaeadac"
      },
      {
        "offset": "0x270",
        "value": "0xb3b2b1b0"
      },
      {
        "offset": "0x274",
        "value": "0xb7b6b5b4"
      },
      {
        "offset": "0x278",
        "value": "0xbbbab9b8"
      },
      {
        "offset": "0x27c",
        "value": "0xbfbebdbc"
      },
      {
        "offset": "0x280",
        "value": "0xc3c2c1c0"
      },
      {
        "offset": "0x284",
        "value": "0xc7c6c5c4"
      },
      {
        "offset": "0x288",
        "value": "0xcbcac9c8"
      },
      {
        "offset": "0x28c",
        "value": "0xcfcecdcc"
      },
      {
        "offset": "0x290",
        "value": "0xd3d2d1d0"
      },
      {
        "offset": "0x294",
        "value": "0xd7d6d5d4"
      },
      {
        "offset": "0x298",
        "value": "0xdbdad9d8"
      },
      {
        "offset": "0x29c",
        "value": "0xdfdedddc"
      },
      {
        "offset": "0x2a0",
        "value": "0xe3e2e1e0"
      },
      {
        "offset": "0x2a4",
        "value": "0xe7e6e5e4"
      },
      {
        "offset": "0x2a8",
        "value": "0xebeae9e8"
      },
      {
        "offset": "0x2ac",
        "value": "0xefeeedec"
      },
      {
        "offset": "0x2b0",
        "value": "0xf3f2f1f0"
      },
      {
        "offset": "0x2b4",
        "value": "0xf7f6f5f4"
      },
      {
        "offset": "0x2b8",
        "value": "0xfbfaf9f8"
      },
      {
        "offset": "0x2bc",
        "value": "0xfffefdfc"
      },
      {
        "offset": "0x2c0",
        "value": "0x03020100"
      },
      {
        "offset": "0x2c4",
        "value": "0x07060504"
      },
      {
        "offset": "0x2c8",
        "value": "0x0b0a0908"
      },
      {
        "offset": "0x2cc",
        "value": "0x0f0e0d0c"
      },
      {
        "offset": "0x2d0",
        "value": "0x13121110"
      },
      {
        "offset": "0x2d4",
        "value": "0x17161514"
      },
      {
        "offset": "0x2d8",
        "value": "0x1b1a1918"
      },
      {
        "offset": "0x2dc",
        "value": "0x1f1e1d1c"
      },
      {
        "offset": "0x2e0",
        "value": "0x23222120"
      },
      {
        "offset": "0x2e4",
        "value": "0x27262524"
      },
      {
        "offset": "0x2e8",
        "value": "0x2b2a2928"
      },
      {
        "offset": "0x2ec",
        "value": "0x2f2e2d2c"
      },
      {
        "offset": "0x2f0",
        "value": "0x33323130"
      },
      {
        "offset": "0x2f4",
        "value": "0x00363534"
      },
      {
        "offset": "0x108",
        "value": "0x00002201"
      },
      {
        "offset": "0x10c",
        "value": "0x00000003"
      },
      {
        "offset": "0x110",
        "value": "0x00000003"
      },
      {
        "offset": "0x114",
        "value": "0x000000f7"
      },
      {
        "offset": "0x15c",
        "value": "0x0061a800"
      },
      {
        "offset": "0x100",
        "value": "0x00000004"
      },
      {
        "offset": "0x100",
        "value": "0x00000008"
      },
      {
        "offset": "0x100",
        "value": "0x00000002"
      },
      {
        "offset": "0x200",
        "value": "0x50414652"
      },
      {
        "offset": "0x204",
        "value": "0x00200001"
      },
      {
        "offset": "0x208",
        "value": "0x50370004"
      },
      {
        "offset": "0x20c",
        "value": "0x00000004"
      },
      {
        "offset": "0x210",
        "value": "0x00001000"
      },
      {
        "offset": "0x214",
        "value": "0x00140005"
      },
      {
        "offset": "0x218",
        "value": "0x000000d7"
      },
      {
        "offset": "0x21c",
        "value": "0x2fb64e16"
      },
      {
        "offset": "0x220",
        "value": "0x3a393837"
      },
      {
        "offset": "0x224",
        "value": "0x3e3d3c3b"
      },
      {
        "offset": "0x228",
        "value": "0x4241403f"
      },
      {
        "offset": "0x22c",
        "value": "0x46454443"
      },
      {
        "offset": "0x230",
        "value": "0x4a494847"
      },
      {
        "offset": "0x234",
        "value": "0x4e4d4c4b"
      },
      {
        "offset": "0x238",
        "value": "0x5251504f"
      },
      {
        "offset": "0x23c",
        "value": "0x56555453"
      },
      {
        "offset": "0x240",
        "value": "0x5a595857"
      },
      {
        "offset": "0x244",
        "value": "0x5e5d5c5b"
      },
      {
        "offset": "0x248",
        "value": "0x6261605f"
      },
      {
        "offset": "0x24c",
        "value": "0x66656463"
      },
      {
        "offset": "0x250",
        "value": "0x6a696867"
      },
      {
        "offset": "0x254",
        "value": "0x6e6d6c6b"
      },
      {
        "offset": "0x258",
        "value": "0x7271706f"
      },
      {
        "offset": "0x25c",
        "value": "0x76757473"
      },
      {
        "offset": "0x260",
        "value": "0x7a797877"
      },
      {
        "offset": "0x264",
        "value": "0x7e7d7c7b"
      },
      {
        "offset": "0x268",
        "value": "0x8281807f"
      },
      {
        "offset": "0x26c",
        "value": "0x86858483"
      },
      {
        "offset": "0x270",
        "value": "0x8a898887"
      },
      {
        "offset": "0x274",
        "value": "0x8e8d8c8b"
      },
      {
        "offset": "0x278",
        "value": "0x9291908f"
      },
      {
        "offset": "0x27c",
        "value": "0x96959493"
      },
      {
        "offset": "0x280",
        "value": "0x9a999897"
      },
      {
        "offset": "0x284",
        "value": "0x9e9d9c9b"
      },
      {
        "offset": "0x288",
        "value": "0xa2a1a09f"
      },
      {
        "offset": "0x28c",
        "value": "0xa6a5a4a3"
      },
      {
        "offset": "0x290",
        "value": "0xaaa9a8a7"
      },
      {
        "offset": "0x294",
        "value": "0xaeadacab"
      },
      {
        "offset": "0x298",
        "value": "0xb2b1b0af"
      },
      {
        "offset": "0x29c",
        "value": "0xb6b5b4b3"
      },
      {
        "offset": "0x2a0",
        "value": "0xbab9b8b7"
      },
      {
        "offset": "0x2a4",
        "value": "0xbebdbcbb"
      },
      {
        "offset": "0x2a8",
        "value": "0xc2c1c0bf"
      },
      {
        "offset": "0x2ac",
        "value": "0xc6c5c4c3"
      },
      {
        "offset": "0x2b0",
        "value": "0xcac9c8c7"
      },
      {
        "offset": "0x2b4",
        "value": "0xcecdcccb"
      },
      {
        "offset": "0x2b8",
        "value": "0xd2d1d0cf"
      },
      {
        "offset": "0x2bc",
        "value": "0xd6d5d4d3"
      },
      {
        "offset": "0x2c0",
        "value": "0xdad9d8d7"
      },
      {
        "offset": "0x2c4",
        "value": "0xdedddcdb"
      },
      {
        "offset": "0x2c8",
        "value": "0xe2e1e0df"
      },
      {
        "offset": "0x2cc",
        "value": "0xe6e5e4e3"
      },
      {
        "offset": "0x2d0",
        "value": "0xeae9e8e7"
      },
      {
        "offset": "0x2d4",
        "value": "0xeeedeceb"
      },
      {
        "offset": "0x2d8",
        "value": "0xf2f1f0ef"
      },
      {
        "offset": "0x2dc",
        "value": "0xf6f5f4f3"
      },
      {
        "offset": "0x2e0",
        "value": "0xfaf9f8f7"
      },
      {
        "offset": "0x2e4",
        "value": "0xfefdfcfb"
      },
      {
        "offset": "0x2e8",
        "value": "0x020100ff"
      },
      {
        "offset": "0x2ec",
        "value": "0x06050403"
      },
      {
        "offset": "0x2f0",
        "value": "0x0a090807"
      },
      {
        "offset": "0x2f4",
        "value": "0x000d0c0b"
      },
      {
        "offset": "0x108",
        "value": "0x00002201"
      },
      {
        "offset": "0x10c",
        "value": "0x00000003"
      },
      {
        "offset": "0x110",
        "value": "0x00000003"
      },
      {
        "offset": "0x114",
        "value": "0x000000f7"
      },
      {
        "offset": "0x15c",
        "value": "0x0061a800"
      },
      {
        "offset": "0x100",
        "value": "0x00000004"
      },
      {
        "offset": "0x100",
        "value": "0x00000008"
      },
      {
        "offset": "0x100",
        "value": "0x00000002"
      },
      {
        "offset": "0x200",
        "value": "0x50414652"
      },
      {
        "offset": "0x204",
        "value": "0x00200001"
      },
      {
        "offset": "0x208",
        "value": "0x50370004"
      },
      {
        "offset": "0x20c",
        "value": "0x00000004"
      },
      {
        "offset": "0x210",
        "value": "0x00001000"
      },
      {
        "offset": "0x214",
        "value": "0x00140006"
      },
      {
        "offset": "0x218",
        "value": "0x000000d7"
      },
      {
        "offset": "0x21c",
        "value": "0x2fb64e16"
      },
      {
        "offset": "0x220",
        "value": "0x11100f0e"
      },
      {
        "offset": "0x224",
        "value": "0x15141312"
      },
      {
        "offset": "0x228",
        "value": "0x19181716"
      },
      {
        "offset": "0x22c",
        "value": "0x1d1c1b1a"
      },
      {
        "offset": "0x230",
        "value": "0x21201f1e"
      },
      {
        "offset": "0x234",
        "value": "0x25242322"
      },
      {
        "offset": "0x238",
        "value": "0x29282726"
      },
      {
        "offset": "0x23c",
        "value": "0x2d2c2b2a"
      },
      {
        "offset": "0x240",
        "value": "0x31302f2e"
      },
      {
        "offset": "0x244",
        "value": "0x35343332"
      },
      {
        "offset": "0x248",
        "value": "0x39383736"
      },
      {
        "offset": "0x24c",
        "value": "0x3d3c3b3a"
      },
      {
        "offset": "0x250",
        "value": "0x41403f3e"
      },
      {
        "offset": "0x254",
        "value": "0x45444342"
      },
      {
        "offset": "0x258",
        "value": "0x49484746"
      },
      {
        "offset": "0x25c",
        "value": "0x4d4c4b4a"
      },
      {
        "offset": "0x260",
        "value": "0x51504f4e"
      },
      {
        "offset": "0x264",
        "value": "0x55545352"
      },
      {
        "offset": "0x268",
        "value": "0x59585756"
      },
      {
        "offset": "0x26c",
        "value": "0x5d5c5b5a"
      },
      {
        "offset": "0x270",
        "value": "0x61605f5e"
      },
      {
        "offset": "0x274",
        "value": "0x65646362"
      },
      {
        "offset": "0x278",
        "value": "0x69686766"
      },
      {
        "offset": "0x27c",
        "value": "0x6d6c6b6a"
      },
      {
        "offset": "0x280",
        "value": "0x71706f6e"
      },
      {
        "offset": "0x284",
        "value": "0x75747372"
      },
      {
        "offset": "0x288",
        "value": "0x79787776"
      },
      {
        "offset": "0x28c",
        "value": "0x7d7c7b7a"
      },
      {
        "offset": "0x290",
        "value": "0x81807f7e"
      },
      {
        "offset": "0x294",
        "value": "0x85848382"
      },
      {
        "offset": "0x298",
        "value": "0x89888786"
      },
      {
        "offset": "0x29c",
        "value": "0x8d8c8b8a"
      },
      {
        "offset": "0x2a0",
        "value": "0x91908f8e"
      },
      {
        "offset": "0x2a4",
        "value": "0x95949392"
      },
      {
        "offset": "0x2a8",
        "value": "0x99989796"
      },
      {
        "offset": "0x2ac",
        "value": "0x9d9c9b9a"
      },
      {
        "offset": "0x2b0",
        "value": "0xa1a09f9e"
      },
      {
        "offset": "0x2b4",
        "value": "0xa5a4a3a2"
      },
      {
        "offset": "0x2b8",
        "value": "0xa9a8a7a6"
      },
      {
        "offset": "0x2bc",
        "value": "0xadacabaa"
      },
      {
        "offset": "0x2c0",
        "value": "0xb1b0afae"
      },
      {
        "offset": "0x2c4",
        "value": "0xb5b4b3b2"
      },
      {
        "offset": "0x2c8",
        "value": "0xb9b8b7b6"
      },
      {
        "offset": "0x2cc",
        "value": "0xbdbcbbba"
      },
      {
        "offset": "0x2d0",
        "value": "0xc1c0bfbe"
      },
      {
        "offset": "0x2d4",
        "value": "0xc5c4c3c2"
      },
      {
        "offset": "0x2d8",
        "value": "0xc9c8c7c6"
      },
      {
        "offset": "0x2dc",
        "value": "0xcdcccbca"
      },
      {
        "offset": "0x2e0",
        "value": "0xd1d0cfce"
      },
      {
        "offset": "0x2e4",
        "value": "0xd5d4d3d2"
      },
      {
        "offset": "0x2e8",
        "value": "0xd9d8d7d6"
      },
      {
        "offset": "0x2ec",
        "value": "0xdddcdbda"
      },
      {
        "offset": "0x2f0",
        "value": "0xe1e0dfde"
      },
      {
        "offset": "0x2f4",
        "value": "0x00e4e3e2"
      },
      {
        "offset": "0x108",
        "value": "0x00002201"
      },
      {
        "offset": "0x10c",
        "value": "0x00000003"
      },
      {
        "offset": "0x110",
        "value": "0x00000003"
      },
      {
        "offset": "0x114",
        "value": "0x000000f7"
      },
      {
        "offset": "0x15c",
        "value": "0x0061a800"
      },
      {
        "offset": "0x100",
        "value": "0x00000004"
      },
      {
        "offset": "0x100",
        "value": "0x00000008"
      },
      {
        "offset": "0x100",
        "value": "0x00000002"
      },
      {
        "offset": "0x200",
        "value": "0x50414652"
      },
      {
        "offset": "0x204",
        "value": "0x00200001"
      },
      {
        "offset": "0x208",
        "value": "0x50370004"
      },
      {
        "offset": "0x20c",
        "value": "0x00000004"
      },
      {
        "offset": "0x210",
        "value": "0x00001000"
      },
      {
        "offset": "0x214",
        "value": "0x00140007"
      },
      {
        "offset": "0x218",
        "value": "0x000000d7"
      },
      {
        "offset": "0x21c",
        "value": "0x2fb64e16"
      },
      {
        "offset": "0x220",
        "value": "0xe8e7e6e5"
      },
      {
        "offset": "0x224",
        "value": "0xecebeae9"
      },
      {
        "offset": "0x228",
        "value": "0xf0efeeed"
      },
      {
        "offset": "0x22c",
        "value": "0xf4f3f2f1"
      },
      {
        "offset": "0x230",
        "value": "0xf8f7f6f5"
      },
      {
        "offset": "0x234",
        "value": "0xfcfbfaf9"
      },
      {
        "offset": "0x238",
        "value": "0x00fffefd"
      },
      {
        "offset": "0x23c",
        "value": "0x04030201"
      },
      {
        "offset": "0x240",
        "value": "0x08070605"
      },
      {
        "offset": "0x244",
        "value": "0x0c0b0a09"
      },
      {
        "offset": "0x248",
        "value": "0x100f0e0d"
      },
      {
        "offset": "0x24c",
        "value": "0x14131211"
      },
      {
        "offset": "0x250",
        "value": "0x18171615"
      },
      {
        "offset": "0x254",
        "value": "0x1c1b1a19"
      },
      {
        "offset": "0x258",
        "value": "0x201f1e1d"
      },
      {
        "offset": "0x25c",
        "value": "0x24232221"
      },
      {
        "offset": "0x260",
        "value": "0x28272625"
      },
      {
        "offset": "0x264",
        "value": "0x2c2b2a29"
      },
      {
        "offset": "0x268",
        "value": "0x302f2e2d"
      },
      {
        "offset": "0x26c",
        "value": "0x34333231"
      },
      {
        "offset": "0x270",
        "value": "0x38373635"
      },
      {
        "offset": "0x274",
        "value": "0x3c3b3a39"
      },
      {
        "offset": "0x278",
        "value": "0x403f3e3d"
      },
      {
        "offset": "0x27c",
        "value": "0x44434241"
      },
      {
        "offset": "0x280",
        "value": "0x48474645"
      },
      {
        "offset": "0x284",
        "value": "0x4c4b4a49"
      },
      {
        "offset": "0x288",
        "value": "0x504f4e4d"
      },
      {
        "offset": "0x28c",
        "value": "0x54535251"
      },
      {
        "offset": "0x290",
        "value": "0x58575655"
      },
      {
        "offset": "0x294",
        "value": "0x5c5b5a59"
      },
      {
        "offset": "0x298",
        "value": "0x605f5e5d"
      },
      {
        "offset": "0x29c",
        "value": "0x64636261"
      },
      {
        "offset": "0x2a0",
        "value": "0x68676665"
      },
      {
        "offset": "0x2a4",
        "value": "0x6c6b6a69"
      },
      {
        "offset": "0x2a8",
        "value": "0x706f6e6d"
      },
      {
        "offset": "0x2ac",
        "value": "0x74737271"
      },
      {
        "offset": "0x2b0",
        "value": "0x78777675"
      },
      {
        "offset": "0x2b4",
        "value": "0x7c7b7a79"
      },
      {
        "offset": "0x2b8",
        "value": "0x807f7e7d"
      },
      {
        "offset": "0x2bc",
        "value": "0x84838281"
      },
      {
        "offset": "0x2c0",
        "value": "0x88878685"
      },
      {
        "offset": "0x2c4",
        "value": "0x8c8b8a89"
      },
      {
        "offset": "0x2c8",
        "value": "0x908f8e8d"
      },
      {
        "offset": "0x2cc",
        "value": "0x94939291"
      },
      {
        "offset": "0x2d0",
        "value": "0x98979695"
      },
      {
        "offset": "0x2d4",
        "value": "0x9c9b9a99"
      },
      {
        "offset": "0x2d8",
        "value": "0xa09f9e9d"
      },
      {
        "offset": "0x2dc",
        "value": "0xa4a3a2a1"
      },
      {
        "offset": "0x2e0",
        "value": "0xa8a7a6a5"
      },
      {
        "offset": "0x2e4",
        "value": "0xacabaaa9"
      },
      {
        "offset": "0x2e8",
        "value": "0xb0afaead"
      },
      {
        "offset": "0x2ec",
        "value": "0xb4b3b2b1"
      },
      {
        "offset": "0x2f0",
        "value": "0xb8b7b6b5"
      },
      {
        "offset": "0x2f4",
        "value": "0x00bbbab9"
      },
      {
        "offset": "0x108",
        "value": "0x00002201"
      },
      {
        "offset": "0x10c",
        "value": "0x00000003"
      },
      {
        "offset": "0x110",
        "value": "0x00000003"
      },
      {
        "offset": "0x114",
        "value": "0x000000f7"
      },
      {
        "offset": "0x15c",
        "value": "0x0061a800"
      },
      {
        "offset": "0x100",
        "value": "0x00000004"
      },
      {
        "offset": "0x100",
        "value": "0x00000008"
      },
      {
        "offset": "0x100",
        "value": "0x00000002"
      },
      {
        "offset": "0x200",
        "value": "0x50414652"
      },
      {
        "offset": "0x204",
        "value": "0x00200001"
      },
      {
        "offset": "0x208",
        "value": "0x50370004"
      },
      {
        "offset": "0x20c",
        "value": "0x00000004"
      },
      {
        "offset": "0x210",
        "value": "0x00001000"
      },
      {
        "offset": "0x214",
        "value": "0x00140008"
      },
      {
        "offset": "0x218",
        "value": "0x000000d7"
      },
      {
        "offset": "0x21c",
        "value": "0x2fb64e16"
      },
      {
        "offset": "0x220",
        "value": "0xbfbebdbc"
      },
      {
        "offset": "0x224",
        "value": "0xc3c2c1c0"
      },
      {
        "offset": "0x228",
        "value": "0xc7c6c5c4"
      },
      {
        "offset": "0x22c",
        "value": "0xcbcac9c8"
      },
      {
        "offset": "0x230",
        "value": "0xcfcecdcc"
      },
      {
        "offset": "0x234",
        "value": "0xd3d2d1d0"
      },
      {
        "offset": "0x238",
        "value": "0xd7d6d5d4"
      },
      {
        "offset": "0x23c",
        "value": "0xdbdad9d8"
      },
      {
        "offset": "0x240",
        "value": "0xdfdedddc"
      },
      {
        "offset": "0x244",
        "value": "0xe3e2e1e0"
      },
      {
        "offset": "0x248",
        "value": "0xe7e6e5e4"
      },
      {
        "offset": "0x24c",
        "value": "0xebeae9e8"
      },
      {
        "offset": "0x250",
        "value": "0xefeeedec"
      },
      {
        "offset": "0x254",
        "value": "0xf3f2f1f0"
      },
      {
        "offset": "0x258",
        "value": "0xf7f6f5f4"
      },
      {
        "offset": "0x25c",
        "value": "0xfbfaf9f8"
      },
      {
        "offset": "0x260",
        "value": "0xfffefdfc"
      },
      {
        "offset": "0x264",
        "value": "0x03020100"
      },
      {
        "offset": "0x268",
        "value": "0x07060504"
      },
      {
        "offset": "0x26c",
        "value": "0x0b0a0908"
      },
      {
        "offset": "0x270",
        "value": "0x0f0e0d0c"
      },
      {
        "offset": "0x274",
        "value": "0x13121110"
      },
      {
        "offset": "0x278",
        "value": "0x17161514"
      },
      {
        "offset": "0x27c",
        "value": "0x1b1a1918"
      },
      {
        "offset": "0x280",
        "value": "0x1f1e1d1c"
      },
      {
        "offset": "0x284",
        "value": "0x23222120"
      },
      {
        "offset": "0x288",
        "value": "0x27262524"
      },
      {
        "offset": "0x28c",
        "value": "0x2b2a2928"
      },
      {
        "offset": "0x290",
        "value": "0x2f2e2d2c"
      },
      {
        "offset": "0x294",
        "value": "0x33323130"
      },
      {
        "offset": "0x298",
        "value": "0x37363534"
      },
      {
        "offset": "0x29c",
        "value": "0x3b3a3938"
      },
      {
        "offset": "0x2a0",
        "value": "0x3f3e3d3c"
      },
      {
        "offset": "0x2a4",
        "value": "0x43424140"
      },
      {
        "offset": "0x2a8",
        "value": "0x47464544"
      },
      {
        "offset": "0x2ac",
        "value": "0x4b4a4948"
      },
      {
        "offset": "0x2b0",
        "value": "0x4f4e4d4c"
      },
      {
        "offset": "0x2b4",
        "value": "0x53525150"
      },
      {
        "offset": "0x2b8",
        "value": "0x57565554"
      },
      {
        "offset": "0x2bc",
        "value": "0x5b5a5958"
      },
      {
        "offset": "0x2c0",
        "value": "0x5f5e5d5c"
      },
      {
        "offset": "0x2c4",
        "value": "0x63626160"
      },
      {
        "offset": "0x2c8",
        "value": "0x67666564"
      },
      {
        "offset": "0x2cc",
        "value": "0x6b6a6968"
      },
      {
        "offset": "0x2d0",
        "value": "0x6f6e6d6c"
      },
      {
        "offset": "0x2d4",
        "value": "0x73727170"
      },
      {
        "offset": "0x2d8",
        "value": "0x77767574"
      },
      {
        "offset": "0x2dc",
        "value": "0x7b7a7978"
      },
      {
        "offset": "0x2e0",
        "value": "0x7f7e7d7c"
      },
      {
        "offset": "0x2e4",
        "value": "0x83828180"
      },
      {
        "offset": "0x2e8",
        "value": "0x87868584"
      },
      {
        "offset": "0x2ec",
        "value": "0x8b8a8988"
      },
      {
        "offset": "0x2f0",
        "value": "0x8f8e8d8c"
      },
      {
        "offset": "0x2f4",
        "value": "0x00929190"
      },
      {
        "offset": "0x108",
        "value": "0x00002201"
      },
      {
        "offset": "0x10c",
        "value": "0x00000003"
      },
      {
        "offset": "0x110",
        "value": "0x00000003"
      },
      {
        "offset": "0x114",
        "value": "0x000000f7"
      },
      {
        "offset": "0x15c",
        "value": "0x0061a800"
      },
      {
        "offset": "0x100",
        "value": "0x00000004"
      },
      {
        "offset": "0x100",
        "value": "0x00000008"
      },
      {
        "offset": "0x100",
        "value": "0x00000002"
      },
      {
        "offset": "0x200",
        "value": "0x50414652"
      },
      {
        "offset": "0x204",
        "value": "0x00200001"
      },
      {
        "offset": "0x208",
        "value": "0x50370004"
      },
      {
        "offset": "0x20c",
        "value": "0x00000004"
      },
      {
        "offset": "0x210",
        "value": "0x00001000"
      },
      {
        "offset": "0x214",
        "value": "0x00140009"
      },
      {
        "offset": "0x218",
        "value": "0x000000d7"
      },
      {
        "offset": "0x21c",
        "value": "0x2fb64e16"
      },
      {
        "offset": "0x220",
        "value": "0x96959493"
      },
      {
        "offset": "0x224",
        "value": "0x9a999897"
      },
      {
        "offset": "0x228",
        "value": "0x9e9d9c9b"
      },
      {
        "offset": "0x22c",
        "value": "0xa2a1a09f"
      },
      {
        "offset": "0x230",
        "value": "0xa6a5a4a3"
      },
      {
        "offset": "0x234",
        "value": "0xaaa9a8a7"
      },
      {
        "offset": "0x238",
        "value": "0xaeadacab"
      },
      {
        "offset": "0x23c",
        "value": "0xb2b1b0af"
      },
      {
        "offset": "0x240",
        "value": "0xb6b5b4b3"
      },
      {
        "offset": "0x244",
        "value": "0xbab9b8b7"
      },
      {
        "offset": "0x248",
        "value": "0xbebdbcbb"
      },
      {
        "offset": "0x24c",
        "value": "0xc2c1c0bf"
      },
      {
        "offset": "0x250",
        "value": "0xc6c5c4c3"
      },
      {
        "offset": "0x254",
        "value": "0xcac9c8c7"
      },
      {
        "offset": "0x258",
        "value": "0xcecdcccb"
      },
      {
        "offset": "0x25c",
        "value": "0xd2d1d0cf"
      },
      {
        "offset": "0x260",
        "value": "0xd6d5d4d3"
      },
      {
        "offset": "0x264",
        "value": "0xdad9d8d7"
      },
      {
        "offset": "0x268",
        "value": "0xdedddcdb"
      },
      {
        "offset": "0x26c",
        "value": "0xe2e1e0df"
      },
      {
        "offset": "0x270",
        "value": "0xe6e5e4e3"
      },
      {
        "offset": "0x274",
        "value": "0xeae9e8e7"
      },
      {
        "offset": "0x278",
        "value": "0xeeedeceb"
      },
      {
        "offset": "0x27c",
        "value": "0xf2f1f0ef"
      },
      {
        "offset": "0x280",
        "value": "0xf6f5f4f3"
      },
      {
        "offset": "0x284",
        "value": "0xfaf9f8f7"
      },
      {
        "offset": "0x288",
        "value": "0xfefdfcfb"
      },
      {
        "offset": "0x28c",
        "value": "0x020100ff"
      },
      {
        "offset": "0x290",
        "value": "0x06050403"
      },
      {
        "offset": "0x294",
        "value": "0x0a090807"
      },
      {
        "offset": "0x298",
        "value": "0x0e0d0c0b"
      },
      {
        "offset": "0x29c",
        "value": "0x1211100f"
      },
      {
        "offset": "0x2a0",
        "value": "0x16151413"
      },
      {
        "offset": "0x2a4",
        "value": "0x1a191817"
      },
      {
        "offset": "0x2a8",
        "value": "0x1e1d1c1b"
      },
      {
        "offset": "0x2ac",
        "value": "0x2221201f"
      },
      {
        "offset": "0x2b0",
        "value": "0x26252423"
      },
      {
        "offset": "0x2b4",
        "value": "0x2a292827"
      },
      {
        "offset": "0x2b8",
        "value": "0x2e2d2c2b"
      },
      {
        "offset": "0x2bc",
        "value": "0x3231302f"
      },
      {
        "offset": "0x2c0",
        "value": "0x36353433"
      },
      {
        "offset": "0x2c4",
        "value": "0x3a393837"
      },
      {
        "offset": "0x2c8",
        "value": "0x3e3d3c3b"
      },
      {
        "offset": "0x2cc",
        "value": "0x4241403f"
      },
      {
        "offset": "0x2d0",
        "value": "0x46454443"
      },
      {
        "offset": "0x2d4",
        "value": "0x4a494847"
      },
      {
        "offset": "0x2d8",
        "value": "0x4e4d4c4b"
      },
      {
        "offset": "0x2dc",
        "value": "0x5251504f"
      },
      {
        "offset": "0x2e0",
        "value": "0x56555453"
      },
      {
        "offset": "0x2e4",
        "value": "0x5a595857"
      },
      {
        "offset": "0x2e8",
        "value": "0x5e5d5c5b"
      },
      {
        "offset": "0x2ec",
        "value": "0x6261605f"
      },
      {
        "offset": "0x2f0",
        "value": "0x66656463"
      },
      {
        "offset": "0x2f4",
        "value": "0x00696867"
      },
      {
        "offset": "0x108",
        "value": "0x00002201"
      },
      {
        "offset": "0x10c",
        "value": "0x00000003"
      },
      {
        "offset": "0x110",
        "value": "0x00000003"
      },
      {
        "offset": "0x114",
        "value": "0x000000f7"
      },
      {
        "offset": "0x15c",
        "value": "0x0061a800"
      },
      {
        "offset": "0x100",
        "value": "0x00000004"
      },
      {
        "offset": "0x100",
        "value": "0x00000008"
      },
      {
        "offset": "0x100",
        "value": "0x00000002"
      },
      {
        "offset": "0x200",
        "value": "0x50414652"
      },
      {
        "offset": "0x204",
        "value": "0x00200001"
      },
      {
        "offset": "0x208",
        "value": "0x50370004"
      },
      {
        "offset": "0x20c",
        "value": "0x00000004"
      },
      {
        "offset": "0x210",
        "value": "0x00001000"
      },
      {
        "offset": "0x214",
        "value": "0x0014000a"
      },
      {
        "offset": "0x218",
        "value": "0x000000d7"
      },
      {
        "offset": "0x21c",
        "value": "0x2fb64e16"
      },
      {
        "offset": "0x220",
        "value": "0x6d6c6b6a"
      },
      {
        "offset": "0x224",
        "value": "0x71706f6e"
      },
      {
        "offset": "0x228",
        "value": "0x75747372"
      },
      {
        "offset": "0x22c",
        "value": "0x79787776"
      },
      {
        "offset": "0x230",
        "value": "0x7d7c7b7a"
      },
      {
        "offset": "0x234",
        "value": "0x81807f7e"
      },
      {
        "offset": "0x238",
        "value": "0x85848382"
      },
      {
        "offset": "0x23c",
        "value": "0x89888786"
      },
      {
        "offset": "0x240",
        "value": "0x8d8c8b8a"
      },
      {
        "offset": "0x244",
        "value": "0x91908f8e"
      },
      {
        "offset": "0x248",
        "value": "0x95949392"
      },
      {
        "offset": "0x24c",
        "value": "0x99989796"
      },
      {
        "offset": "0x250",
        "value": "0x9d9c9b9a"
      },
      {
        "offset": "0x254",
        "value": "0xa1a09f9e"
      },
      {
        "offset": "0x258",
        "value": "0xa5a4a3a2"
      },
      {
        "offset": "0x25c",
        "value": "0xa9a8a7a6"
      },
      {
        "offset": "0x260",
        "value": "0xadacabaa"
      },
      {
        "offset": "0x264",
        "value": "0xb1b0afae"
      },
      {
        "offset": "0x268",
        "value": "0xb5b4b3b2"
      },
      {
        "offset": "0x26c",
        "value": "0xb9b8b7b6"
      },
      {
        "offset": "0x270",
        "value": "0xbdbcbbba"
      },
      {
        "offset": "0x274",
        "value": "0xc1c0bfbe"
      },
      {
        "offset": "0x278",
        "value": "0xc5c4c3c2"
      },
      {
        "offset": "0x27c",
        "value": "0xc9c8c7c6"
      },
      {
        "offset": "0x280",
        "value": "0xcdcccbca"
      },
      {
        "offset": "0x284",
        "value": "0xd1d0cfce"
      },
      {
        "offset": "0x288",
        "value": "0xd5d4d3d2"
      },
      {
        "offset": "0x28c",
        "value": "0xd9d8d7d6"
      },
      {
        "offset": "0x290",
        "value": "0xdddcdbda"
      },
      {
        "offset": "0x294",
        "value": "0xe1e0dfde"
      },
      {
        "offset": "0x298",
        "value": "0xe5e4e3e2"
      },
      {
        "offset": "0x29c",
        "value": "0xe9e8e7e6"
      },
      {
        "offset": "0x2a0",
        "value": "0xedecebea"
      },
      {
        "offset": "0x2a4",
        "value": "0xf1f0efee"
      },
      {
        "offset": "0x2a8",
        "value": "0xf5f4f3f2"
      },
      {
        "offset": "0x2ac",
        "value": "0xf9f8f7f6"
      },
      {
        "offset": "0x2b0",
        "value": "0xfdfcfbfa"
      },
      {
        "offset": "0x2b4",
        "value": "0x0100fffe"
      },
      {
        "offset": "0x2b8",
        "value": "0x05040302"
      },
      {
        "offset": "0x2bc",
        "value": "0x09080706"
      },
      {
        "offset": "0x2c0",
        "value": "0x0d0c0b0a"
      },
      {
        "offset": "0x2c4",
        "value": "0x11100f0e"
      },
      {
        "offset": "0x2c8",
        "value": "0x15141312"
      },
      {
        "offset": "0x2cc",
        "value": "0x19181716"
      },
      {
        "offset": "0x2d0",
        "value": "0x1d1c1b1a"
      },
      {
        "offset": "0x2d4",
        "value": "0x21201f1e"
      },
      {
        "offset": "0x2d8",
        "value": "0x25242322"
      },
      {
        "offset": "0x2dc",
        "value": "0x29282726"
      },
      {
        "offset": "0x2e0",
        "value": "0x2d2c2b2a"
      },
      {
        "offset": "0x2e4",
        "value": "0x31302f2e"
      },
      {
        "offset": "0x2e8",
        "value": "0x35343332"
      },
      {
        "offset": "0x2ec",
        "value": "0x39383736"
      },
      {
        "offset": "0x2f0",
        "value": "0x3d3c3b3a"
      },
      {
        "offset": "0x2f4",
        "value": "0x00403f3e"
      },
      {
        "offset": "0x108",
        "value": "0x00002201"
      },
      {
        "offset": "0x10c",
        "value": "0x00000003"
      },
      {
        "offset": "0x110",
        "value": "0x00000003"
      },
      {
        "offset": "0x114",
        "value": "0x000000f7"
      },
      {
        "offset": "0x15c",
        "value": "0x0061a800"
      },
      {
        "offset": "0x100",
        "value": "0x00000004"
      },
      {
        "offset": "0x100",
        "value": "0x00000008"
      },
      {
        "offset": "0x100",
        "value": "0x00000002"
      },
      {
        "offset": "0x200",
        "value": "0x50414652"
      },
      {
        "offset": "0x204",
        "value": "0x00200001"
      },
      {
        "offset": "0x208",
        "value": "0x50370004"
      },
      {
        "offset": "0x20c",
        "value": "0x00000004"
      },
      {
        "offset": "0x210",
        "value": "0x00001000"
      },
      {
        "offset": "0x214",
        "value": "0x0014000b"
      },
      {
        "offset": "0x218",
        "value": "0x000000d7"
      },
      {
        "offset": "0x21c",
        "value": "0x2fb64e16"
      },
      {
        "offset": "0x220",
        "value": "0x44434241"
      },
      {
        "offset": "0x224",
        "value": "0x48474645"
      },
      {
        "offset": "0x228",
        "value": "0x4c4b4a49"
      },
      {
        "offset": "0x22c",
        "value": "0x504f4e4d"
      },
      {
        "offset": "0x230",
        "value": "0x54535251"
      },
      {
        "offset": "0x234",
        "value": "0x58575655"
      },
      {
        "offset": "0x238",
        "value": "0x5c5b5a59"
      },
      {
        "offset": "0x23c",
        "value": "0x605f5e5d"
      },
      {
        "offset": "0x240",
        "value": "0x64636261"
      },
      {
        "offset": "0x244",
        "value": "0x68676665"
      },
      {
        "offset": "0x248",
        "value": "0x6c6b6a69"
      },
      {
        "offset": "0x24c",
        "value": "0x706f6e6d"
      },
      {
        "offset": "0x250",
        "value": "0x74737271"
      },
      {
        "offset": "0x254",
        "value": "0x78777675"
      },
      {
        "offset": "0x258",
        "value": "0x7c7b7a79"
      },
      {
        "offset": "0x25c",
        "value": "0x807f7e7d"
      },
      {
        "offset": "0x260",
        "value": "0x84838281"
      },
      {
        "offset": "0x264",
        "value": "0x88878685"
      },
      {
        "offset": "0x268",
        "value": "0x8c8b8a89"
      },
      {
        "offset": "0x26c",
        "value": "0x908f8e8d"
      },
      {
        "offset": "0x270",
        "value": "0x94939291"
      },
      {
        "offset": "0x274",
        "value": "0x98979695"
      },
      {
        "offset": "0x278",
        "value": "0x9c9b9a99"
      },
      {
        "offset": "0x27c",
        "value": "0xa09f9e9d"
      },
      {
        "offset": "0x280",
        "value": "0xa4a3a2a1"
      },
      {
        "offset": "0x284",
        "value": "0xa8a7a6a5"
      },
      {
        "offset": "0x288",
        "value": "0xacabaaa9"
      },
      {
        "offset": "0x28c",
        "value": "0xb0afaead"
      },
      {
        "offset": "0x290",
        "value": "0xb4b3b2b1"
      },
      {
        "offset": "0x294",
        "value": "0xb8b7b6b5"
      },
      {
        "offset": "0x298",
        "value": "0xbcbbbab9"
      },
      {
        "offset": "0x29c",
        "value": "0xc0bfbebd"
      },
      {
        "offset": "0x2a0",
        "value": "0xc4c3c2c1"
      },
      {
        "offset": "0x2a4",
        "value": "0xc8c7c6c5"
      },
      {
        "offset": "0x2a8",
        "value": "0xcccbcac9"
      },
      {
        "offset": "0x2ac",
        "value": "0xd0cfcecd"
      },
      {
        "offset": "0x2b0",
        "value": "0xd4d3d2d1"
      },
      {
        "offset": "0x2b4",
        "value": "0xd8d7d6d5"
      },
      {
        "offset": "0x2b8",
        "value": "0xdcdbdad9"
      },
      {
        "offset": "0x2bc",
        "value": "0xe0dfdedd"
      },
      {
        "offset": "0x2c0",
        "value": "0xe4e3e2e1"
      },
      {
        "offset": "0x2c4",
        "value": "0xe8e7e6e5"
      },
      {
        "offset": "0x2c8",
        "value": "0xecebeae9"
      },
      {
        "offset": "0x2cc",
        "value": "0xf0efeeed"
      },
      {
        "offset": "0x2d0",
        "value": "0xf4f3f2f1"
      },
      {
        "offset": "0x2d4",
        "value": "0xf8f7f6f5"
      },
      {
        "offset": "0x2d8",
        "value": "0xfcfbfaf9"
      },
      {
        "offset": "0x2dc",
        "value": "0x00fffefd"
      },
      {
        "offset": "0x2e0",
        "value": "0x04030201"
      },
      {
        "offset": "0x2e4",
        "value": "0x08070605"
      },
      {
        "offset": "0x2e8",
        "value": "0x0c0b0a09"
      },
      {
        "offset": "0x2ec",
        "value": "0x100f0e0d"
      },
      {
        "offset": "0x2f0",
        "value": "0x14131211"
      },
      {
        "offset": "0x2f4",
        "value": "0x00171615"
      },
      {
        "offset": "0x108",
        "value": "0x00002201"
      },
      {
        "offset": "0x10c",
        "value": "0x00000003"
      },
      {
        "offset": "0x110",
        "value": "0x00000003"
      },
      {
        "offset": "0x114",
        "value": "0x000000f7"
      },
      {
        "offset": "0x15c",
        "value": "0x0061a800"
      },
      {
        "offset": "0x100",
        "value": "0x00000004"
      },
      {
        "offset": "0x100",
        "value": "0x00000008"
      },
      {
        "offset": "0x100",
        "value": "0x00000002"
      },
      {
        "offset": "0x200",
        "value": "0x50414652"
      },
      {
        "offset": "0x204",
        "value": "0x00200001"
      },
      {
        "offset": "0x208",
        "value": "0x50370004"
      },
      {
        "offset": "0x20c",
        "value": "0x00000004"
      },
      {
        "offset": "0x210",
        "value": "0x00001000"
      },
      {
        "offset": "0x214",
        "value": "0x0014000c"
      },
      {
        "offset": "0x218",
        "value": "0x000000d7"
      },
      {
        "offset": "0x21c",
        "value": "0x2fb64e16"
      },
      {
        "offset": "0x220",
        "value": "0x1b1a1918"
      },
      {
        "offset": "0x224",
        "value": "0x1f1e1d1c"
      },
      {
        "offset": "0x228",
        "value": "0x23222120"
      },
      {
        "offset": "0x22c",
        "value": "0x27262524"
      },
      {
        "offset": "0x230",
        "value": "0x2b2a2928"
      },
      {
        "offset": "0x234",
        "value": "0x2f2e2d2c"
      },
      {
        "offset": "0x238",
        "value": "0x33323130"
      },
      {
        "offset": "0x23c",
        "value": "0x37363534"
      },
      {
        "offset": "0x240",
        "value": "0x3b3a3938"
      },
      {
        "offset": "0x244",
        "value": "0x3f3e3d3c"
      },
      {
        "offset": "0x248",
        "value": "0x43424140"
      },
      {
        "offset": "0x24c",
        "value": "0x47464544"
      },
      {
        "offset": "0x250",
        "value": "0x4b4a4948"
      },
      {
        "offset": "0x254",
        "value": "0x4f4e4d4c"
      },
      {
        "offset": "0x258",
        "value": "0x53525150"
      },
      {
        "offset": "0x25c",
        "value": "0x57565554"
      },
      {
        "offset": "0x260",
        "value": "0x5b5a5958"
      },
      {
        "offset": "0x264",
        "value": "0x5f5e5d5c"
      },
      {
        "offset": "0x268",
        "value": "0x63626160"
      },
      {
        "offset": "0x26c",
        "value": "0x67666564"
      },
      {
        "offset": "0x270",
        "value": "0x6b6a6968"
      },
      {
        "offset": "0x274",
        "value": "0x6f6e6d6c"
      },
      {
        "offset": "0x278",
        "value": "0x73727170"
      },
      {
        "offset": "0x27c",
        "value": "0x77767574"
      },
      {
        "offset": "0x280",
        "value": "0x7b7a7978"
      },
      {
        "offset": "0x284",
        "value": "0x7f7e7d7c"
      },
      {
        "offset": "0x288",
        "value": "0x83828180"
      },
      {
        "offset": "0x28c",
        "value": "0x87868584"
      },
      {
        "offset": "0x290",
        "value": "0x8b8a8988"
      },
      {
        "offset": "0x294",
        "value": "0x8f8e8d8c"
      },
      {
        "offset": "0x298",
        "value": "0x93929190"
      },
      {
        "offset": "0x29c",
        "value": "0x97969594"
      },
      {
        "offset": "0x2a0",
        "value": "0x9b9a9998"
      },
      {
        "offset": "0x2a4",
        "value": "0x9f9e9d9c"
      },
      {
        "offset": "0x2a8",
        "value": "0xa3a2a1a0"
      },
      {
        "offset": "0x2ac",
        "value": "0xa7a6a5a4"
      },
      {
        "offset": "0x2b0",
        "value": "0xabaaa9a8"
      },
      {
        "offset": "0x2b4",
        "value": "0xafaeadac"
      },
      {
        "offset": "0x2b8",
        "value": "0xb3b2b1b0"
      },
      {
        "offset": "0x2bc",
        "value": "0xb7b6b5b4"
      },
      {
        "offset": "0x2c0",
        "value": "0xbbbab9b8"
      },
      {
        "offset": "0x2c4",
        "value": "0xbfbebdbc"
      },
      {
        "offset": "0x2c8",
        "value": "0xc3c2c1c0"
      },
      {
        "offset": "0x2cc",
        "value": "0xc7c6c5c4"
      },
      {
        "offset": "0x2d0",
        "value": "0xcbcac9c8"
      },
      {
        "offset": "0x2d4",
        "value": "0xcfcecdcc"
      },
      {
        "offset": "0x2d8",
        "value": "0xd3d2d1d0"
      },
      {
        "offset": "0x2dc",
        "value": "0xd7d6d5d4"
      },
      {
        "offset": "0x2e0",
        "value": "0xdbdad9d8"
      },
      {
        "offset": "0x2e4",
        "value": "0xdfdedddc"
      },
      {
        "offset": "0x2e8",
        "value": "0xe3e2e1e0"
      },
      {
        "offset": "0x2ec",
        "value": "0xe7e6e5e4"
      },
      {
        "offset": "0x2f0",
        "value": "0xebeae9e8"
      },
      {
        "offset": "0x2f4",
        "value": "0x00eeedec"
      },
      {
        "offset": "0x108",
        "value": "0x00002201"
      },
      {
        "offset": "0x10c",
        "value": "0x00000003"
      },
      {
        "offset": "0x110",
        "value": "0x00000003"
      },
      {
        "offset": "0x114",
        "value": "0x000000f7"
      },
      {
        "offset": "0x15c",
        "value": "0x0061a800"
      },
      {
        "offset": "0x100",
        "value": "0x00000004"
      },
      {
        "offset": "0x100",
        "value": "0x00000008"
      },
      {
        "offset": "0x100",
        "value": "0x00000002"
      },
      {
        "offset": "0x200",
        "value": "0x50414652"
      },
      {
        "offset": "0x204",
        "value": "0x00200001"
      },
      {
        "offset": "0x208",
        "value": "0x50370004"
      },
      {
        "offset": "0x20c",
        "value": "0x00000004"
      },
      {
        "offset": "0x210",
        "value": "0x00001000"
      },
      {
        "offset": "0x214",
        "value": "0x0014000d"
      },
      {
        "offset": "0x218",
        "value": "0x000000d7"
      },
      {
        "offset": "0x21c",
        "value": "0x2fb64e16"
      },
      {
        "offset": "0x220",
        "value": "0xf2f1f0ef"
      },
      {
        "offset": "0x224",
        "value": "0xf6f5f4f3"
      },
      {
        "offset": "0x228",
        "value": "0xfaf9f8f7"
      },
      {
        "offset": "0x22c",
        "value": "0xfefdfcfb"
      },
      {
        "offset": "0x230",
        "value": "0x020100ff"
      },
      {
        "offset": "0x234",
        "value": "0x06050403"
      },
      {
        "offset": "0x238",
        "value": "0x0a090807"
      },
      {
        "offset": "0x23c",
        "value": "0x0e0d0c0b"
      },
      {
        "offset": "0x240",
        "value": "0x1211100f"
      },
      {
        "offset": "0x244",
        "value": "0x16151413"
      },
      {
        "offset": "0x248",
        "value": "0x1a191817"
      },
      {
        "offset": "0x24c",
        "value": "0x1e1d1c1b"
      },
      {
        "offset": "0x250",
        "value": "0x2221201f"
      },
      {
        "offset": "0x254",
        "value": "0x26252423"
      },
      {
        "offset": "0x258",
        "value": "0x2a292827"
      },
      {
        "offset": "0x25c",
        "value": "0x2e2d2c2b"
      },
      {
        "offset": "0x260",
        "value": "0x3231302f"
      },
      {
        "offset": "0x264",
        "value": "0x36353433"
      },
      {
        "offset": "0x268",
        "value": "0x3a393837"
      },
      {
        "offset": "0x26c",
        "value": "0x3e3d3c3b"
      },
      {
        "offset": "0x270",
        "value": "0x4241403f"
      },
      {
        "offset": "0x274",
        "value": "0x46454443"
      },
      {
        "offset": "0x278",
        "value": "0x4a494847"
      },
      {
        "offset": "0x27c",
        "value": "0x4e4d4c4b"
      },
      {
        "offset": "0x280",
        "value": "0x5251504f"
      },
      {
        "offset": "0x284",
        "value": "0x56555453"
      },
      {
        "offset": "0x288",
        "value": "0x5a595857"
      },
      {
        "offset": "0x28c",
        "value": "0x5e5d5c5b"
      },
      {
        "offset": "0x290",
        "value": "0x6261605f"
      },
      {
        "offset": "0x294",
        "value": "0x66656463"
      },
      {
        "offset": "0x298",
        "value": "0x6a696867"
      },
      {
        "offset": "0x29c",
        "value": "0x6e6d6c6b"
      },
      {
        "offset": "0x2a0",
        "value": "0x7271706f"
      },
      {
        "offset": "0x2a4",
        "value": "0x76757473"
      },
      {
        "offset": "0x2a8",
        "value": "0x7a797877"
      },
      {
        "offset": "0x2ac",
        "value": "0x7e7d7c7b"
      },
      {
        "offset": "0x2b0",
        "value": "0x8281807f"
      },
      {
        "offset": "0x2b4",
        "value": "0x86858483"
      },
      {
        "offset": "0x2b8",
        "value": "0x8a898887"
      },
      {
        "offset": "0x2bc",
        "value": "0x8e8d8c8b"
      },
      {
        "offset": "0x2c0",
        "value": "0x9291908f"
      },
      {
        "offset": "0x2c4",
        "value": "0x96959493"
      },
      {
        "offset": "0x2c8",
        "value": "0x9a999897"
      },
      {
        "offset": "0x2cc",
        "value": "0x9e9d9c9b"
      },
      {
        "offset": "0x2d0",
        "value": "0xa2a1a09f"
      },
      {
        "offset": "0x2d4",
        "value": "0xa6a5a4a3"
      },
      {
        "offset": "0x2d8",
        "value": "0xaaa9a8a7"
      },
      {
        "offset": "0x2dc",
        "value": "0xaeadacab"
      },
      {
        "offset": "0x2e0",
        "value": "0xb2b1b0af"
      },
      {
        "offset": "0x2e4",
        "value": "0xb6b5b4b3"
      },
      {
        "offset": "0x2e8",
        "value": "0xbab9b8b7"
      },
      {
        "offset": "0x2ec",
        "value": "0xbebdbcbb"
      },
      {
        "offset": "0x2f0",
        "value": "0xc2c1c0bf"
      },
      {
        "offset": "0x2f4",
        "value": "0x00c5c4c3"
      },
      {
        "offset": "0x108",
        "value": "0x00002201"
      },
      {
        "offset": "0x10c",
        "value": "0x00000003"
      },
      {
        "offset": "0x110",
        "value": "0x00000003"
      },
      {
        "offset": "0x114",
        "value": "0x000000f7"
      },
      {
        "offset": "0x15c",
        "value": "0x0061a800"
      },
      {
        "offset": "0x100",
        "value": "0x00000004"
      },
      {
        "offset": "0x100",
        "value": "0x00000008"
      },
      {
        "offset": "0x100",
        "value": "0x00000002"
      },
      {
        "offset": "0x200",
        "value": "0x50414652"
      },
      {
        "offset": "0x204",
        "value": "0x00200001"
      },
      {
        "offset": "0x208",
        "value": "0x50370004"
      },
      {
        "offset": "0x20c",
        "value": "0x00000004"
      },
      {
        "offset": "0x210",
        "value": "0x00001000"
      },
      {
        "offset": "0x214",
        "value": "0x0014000e"
      },
      {
        "offset": "0x218",
        "value": "0x000000d7"
      },
      {
        "offset": "0x21c",
        "value": "0x2fb64e16"
      },
      {
        "offset": "0x220",
        "value": "0xc9c8c7c6"
      },
      {
        "offset": "0x224",
        "value": "0xcdcccbca"
      },
      {
        "offset": "0x228",
        "value": "0xd1d0cfce"
      },
      {
        "offset": "0x22c",
        "value": "0xd5d4d3d2"
      },
      {
        "offset": "0x230",
        "value": "0xd9d8d7d6"
      },
      {
        "offset": "0x234",
        "value": "0xdddcdbda"
      },
      {
        "offset": "0x238",
        "value": "0xe1e0dfde"
      },
      {
        "offset": "0x23c",
        "value": "0xe5e4e3e2"
      },
      {
        "offset": "0x240",
        "value": "0xe9e8e7e6"
      },
      {
        "offset": "0x244",
        "value": "0xedecebea"
      },
      {
        "offset": "0x248",
        "value": "0xf1f0efee"
      },
      {
        "offset": "0x24c",
        "value": "0xf5f4f3f2"
      },
      {
        "offset": "0x250",
        "value": "0xf9f8f7f6"
      },
      {
        "offset": "0x254",
        "value": "0xfdfcfbfa"
      },
      {
        "offset": "0x258",
        "value": "0x0100fffe"
      },
      {
        "offset": "0x25c",
        "value": "0x05040302"
      },
      {
        "offset": "0x260",
        "value": "0x09080706"
      },
      {
        "offset": "0x264",
        "value": "0x0d0c0b0a"
      },
      {
        "offset": "0x268",
        "value": "0x11100f0e"
      },
      {
        "offset": "0x26c",
        "value": "0x15141312"
      },
      {
        "offset": "0x270",
        "value": "0x19181716"
      },
      {
        "offset": "0x274",
        "value": "0x1d1c1b1a"
      },
      {
        "offset": "0x278",
        "value": "0x21201f1e"
      },
      {
        "offset": "0x27c",
        "value": "0x25242322"
      },
      {
        "offset": "0x280",
        "value": "0x29282726"
      },
      {
        "offset": "0x284",
        "value": "0x2d2c2b2a"
      },
      {
        "offset": "0x288",
        "value": "0x31302f2e"
      },
      {
        "offset": "0x28c",
        "value": "0x35343332"
      },
      {
        "offset": "0x290",
        "value": "0x39383736"
      },
      {
        "offset": "0x294",
        "value": "0x3d3c3b3a"
      },
      {
        "offset": "0x298",
        "value": "0x41403f3e"
      },
      {
        "offset": "0x29c",
        "value": "0x45444342"
      },
      {
        "offset": "0x2a0",
        "value": "0x49484746"
      },
      {
        "offset": "0x2a4",
        "value": "0x4d4c4b4a"
      },
      {
        "offset": "0x2a8",
        "value": "0x51504f4e"
      },
      {
        "offset": "0x2ac",
        "value": "0x55545352"
      },
      {
        "offset": "0x2b0",
        "value": "0x59585756"
      },
      {
        "offset": "0x2b4",
        "value": "0x5d5c5b5a"
      },
      {
        "offset": "0x2b8",
        "value": "0x61605f5e"
      },
      {
        "offset": "0x2bc",
        "value": "0x65646362"
      },
      {
        "offset": "0x2c0",
        "value": "0x69686766"
      },
      {
        "offset": "0x2c4",
        "value": "0x6d6c6b6a"
      },
      {
        "offset": "0x2c8",
        "value": "0x71706f6e"
      },
      {
        "offset": "0x2cc",
        "value": "0x75747372"
      },
      {
        "offset": "0x2d0",
        "value": "0x79787776"
      },
      {
        "offset": "0x2d4",
        "value": "0x7d7c7b7a"
      },
      {
        "offset": "0x2d8",
        "value": "0x81807f7e"
      },
      {
        "offset": "0x2dc",
        "value": "0x85848382"
      },
      {
        "offset": "0x2e0",
        "value": "0x89888786"
      },
      {
        "offset": "0x2e4",
        "value": "0x8d8c8b8a"
      },
      {
        "offset": "0x2e8",
        "value": "0x91908f8e"
      },
      {
        "offset": "0x2ec",
        "value": "0x95949392"
      },
      {
        "offset": "0x2f0",
        "value": "0x99989796"
      },
      {
        "offset": "0x2f4",
        "value": "0x009c9b9a"
      },
      {
        "offset": "0x108",
        "value": "0x00002201"
      },
      {
        "offset": "0x10c",
        "value": "0x00000003"
      },
      {
        "offset": "0x110",
        "value": "0x00000003"
      },
      {
        "offset": "0x114",
        "value": "0x000000f7"
      },
      {
        "offset": "0x15c",
        "value": "0x0061a800"
      },
      {
        "offset": "0x100",
        "value": "0x00000004"
      },
      {
        "offset": "0x100",
        "value": "0x00000008"
      },
      {
        "offset": "0x100",
        "value": "0x00000002"
      },
      {
        "offset": "0x200",
        "value": "0x50414652"
      },
      {
        "offset": "0x204",
        "value": "0x00200001"
      },
      {
        "offset": "0x208",
        "value": "0x50370004"
      },
      {
        "offset": "0x20c",
        "value": "0x00000004"
      },
      {
        "offset": "0x210",
        "value": "0x00001000"
      },
      {
        "offset": "0x214",
        "value": "0x0014000f"
      },
      {
        "offset": "0x218",
        "value": "0x000000d7"
      },
      {
        "offset": "0x21c",
        "value": "0x2fb64e16"
      },
      {
        "offset": "0x220",
        "value": "0xa09f9e9d"
      },
      {
        "offset": "0x224",
        "value": "0xa4a3a2a1"
      },
      {
        "offset": "0x228",
        "value": "0xa8a7a6a5"
      },
      {
        "offset": "0x22c",
        "value": "0xacabaaa9"
      },
      {
        "offset": "0x230",
        "value": "0xb0afaead"
      },
      {
        "offset": "0x234",
        "value": "0xb4b3b2b1"
      },
      {
        "offset": "0x238",
        "value": "0xb8b7b6b5"
      },
      {
        "offset": "0x23c",
        "value": "0xbcbbbab9"
      },
      {
        "offset": "0x240",
        "value": "0xc0bfbebd"
      },
      {
        "offset": "0x244",
        "value": "0xc4c3c2c1"
      },
      {
        "offset": "0x248",
        "value": "0xc8c7c6c5"
      },
      {
        "offset": "0x24c",
        "value": "0xcccbcac9"
      },
      {
        "offset": "0x250",
        "value": "0xd0cfcecd"
      },
      {
        "offset": "0x254",
        "value": "0xd4d3d2d1"
      },
      {
        "offset": "0x258",
        "value": "0xd8d7d6d5"
      },
      {
        "offset": "0x25c",
        "value": "0xdcdbdad9"
      },
      {
        "offset": "0x260",
        "value": "0xe0dfdedd"
      },
      {
        "offset": "0x264",
        "value": "0xe4e3e2e1"
      },
      {
        "offset": "0x268",
        "value": "0xe8e7e6e5"
      },
      {
        "offset": "0x26c",
        "value": "0xecebeae9"
      },
      {
        "offset": "0x270",
        "value": "0xf0efeeed"
      },
      {
        "offset": "0x274",
        "value": "0xf4f3f2f1"
      },
      {
        "offset": "0x278",
        "value": "0xf8f7f6f5"
      },
      {
        "offset": "0x27c",
        "value": "0xfcfbfaf9"
      },
      {
        "offset": "0x280",
        "value": "0x00fffefd"
      },
      {
        "offset": "0x284",
        "value": "0x04030201"
      },
      {
        "offset": "0x288",
        "value": "0x08070605"
      },
      {
        "offset": "0x28c",
        "value": "0x0c0b0a09"
      },
      {
        "offset": "0x290",
        "value": "0x100f0e0d"
      },
      {
        "offset": "0x294",
        "value": "0x14131211"
      },
      {
        "offset": "0x298",
        "value": "0x18171615"
      },
      {
        "offset": "0x29c",
        "value": "0x1c1b1a19"
      },
      {
        "offset": "0x2a0",
        "value": "0x201f1e1d"
      },
      {
        "offset": "0x2a4",
        "value": "0x24232221"
      },
      {
        "offset": "0x2a8",
        "value": "0x28272625"
      },
      {
        "offset": "0x2ac",
        "value": "0x2c2b2a29"
      },
      {
        "offset": "0x2b0",
        "value": "0x302f2e2d"
      },
      {
        "offset": "0x2b4",
        "value": "0x34333231"
      },
      {
        "offset": "0x2b8",
        "value": "0x38373635"
      },
      {
        "offset": "0x2bc",
        "value": "0x3c3b3a39"
      },
      {
        "offset": "0x2c0",
        "value": "0x403f3e3d"
      },
      {
        "offset": "0x2c4",
        "value": "0x44434241"
      },
      {
        "offset": "0x2c8",
        "value": "0x48474645"
      },
      {
        "offset": "0x2cc",
        "value": "0x4c4b4a49"
      },
      {
        "offset": "0x2d0",
        "value": "0x504f4e4d"
      },
      {
        "offset": "0x2d4",
        "value": "0x54535251"
      },
      {
        "offset": "0x2d8",
        "value": "0x58575655"
      },
      {
        "offset": "0x2dc",
        "value": "0x5c5b5a59"
      },
      {
        "offset": "0x2e0",
        "value": "0x605f5e5d"
      },
      {
        "offset": "0x2e4",
        "value": "0x64636261"
      },
      {
        "offset": "0x2e8",
        "value": "0x68676665"
      },
      {
        "offset": "0x2ec",
        "value": "0x6c6b6a69"
      },
      {
        "offset": "0x2f0",
        "value": "0x706f6e6d"
      },
      {
        "offset": "0x2f4",
        "value": "0x00737271"
      },
      {
        "offset": "0x108",
        "value": "0x00002201"
      },
      {
        "offset": "0x10c",
        "value": "0x00000003"
      },
      {
        "offset": "0x110",
        "value": "0x00000003"
      },
      {
        "offset": "0x114",
        "value": "0x000000f7"
      },
      {
        "offset": "0x15c",
        "value": "0x0061a800"
      },
      {
        "offset": "0x100",
        "value": "0x00000004"
      },
      {
        "offset": "0x100",
        "value": "0x00000008"
      },
      {
        "offset": "0x100",
        "value": "0x00000002"
      },
      {
        "offset": "0x200",
        "value": "0x50414652"
      },
      {
        "offset": "0x204",
        "value": "0x00200001"
      },
      {
        "offset": "0x208",
        "value": "0x50370004"
      },
      {
        "offset": "0x20c",
        "value": "0x00000004"
      },
      {
        "offset": "0x210",
        "value": "0x00001000"
      },
      {
        "offset": "0x214",
        "value": "0x00140010"
      },
      {
        "offset": "0x218",
        "value": "0x000000d7"
      },
      {
        "offset": "0x21c",
        "value": "0x2fb64e16"
      },
      {
        "offset": "0x220",
        "value": "0x77767574"
      },
      {
        "offset": "0x224",
        "value": "0x7b7a7978"
      },
      {
        "offset": "0x228",
        "value": "0x7f7e7d7c"
      },
      {
        "offset": "0x22c",
        "value": "0x83828180"
      },
      {
        "offset": "0x230",
        "value": "0x87868584"
      },
      {
        "offset": "0x234",
        "value": "0x8b8a8988"
      },
      {
        "offset": "0x238",
        "value": "0x8f8e8d8c"
      },
      {
        "offset": "0x23c",
        "value": "0x93929190"
      },
      {
        "offset": "0x240",
        "value": "0x97969594"
      },
      {
        "offset": "0x244",
        "value": "0x9b9a9998"
      },
      {
        "offset": "0x248",
        "value": "0x9f9e9d9c"
      },
      {
        "offset": "0x24c",
        "value": "0xa3a2a1a0"
      },
      {
        "offset": "0x250",
        "value": "0xa7a6a5a4"
      },
      {
        "offset": "0x254",
        "value": "0xabaaa9a8"
      },
      {
        "offset": "0x258",
        "value": "0xafaeadac"
      },
      {
        "offset": "0x25c",
        "value": "0xb3b2b1b0"
      },
      {
        "offset": "0x260",
        "value": "0xb7b6b5b4"
      },
      {
        "offset": "0x264",
        "value": "0xbbbab9b8"
      },
      {
        "offset": "0x268",
        "value": "0xbfbebdbc"
      },
      {
        "offset": "0x26c",
        "value": "0xc3c2c1c0"
      },
      {
        "offset": "0x270",
        "value": "0xc7c6c5c4"
      },
      {
        "offset": "0x274",
        "value": "0xcbcac9c8"
      },
      {
        "offset": "0x278",
        "value": "0xcfcecdcc"
      },
      {
        "offset": "0x27c",
        "value": "0xd3d2d1d0"
      },
      {
        "offset": "0x280",
        "value": "0xd7d6d5d4"
      },
      {
        "offset": "0x284",
        "value": "0xdbdad9d8"
      },
      {
        "offset": "0x288",
        "value": "0xdfdedddc"
      },
      {
        "offset": "0x28c",
        "value": "0xe3e2e1e0"
      },
      {
        "offset": "0x290",
        "value": "0xe7e6e5e4"
      },
      {
        "offset": "0x294",
        "value": "0xebeae9e8"
      },
      {
        "offset": "0x298",
        "value": "0xefeeedec"
      },
      {
        "offset": "0x29c",
        "value": "0xf3f2f1f0"
      },
      {
        "offset": "0x2a0",
        "value": "0xf7f6f5f4"
      },
      {
        "offset": "0x2a4",
        "value": "0xfbfaf9f8"
      },
      {
        "offset": "0x2a8",
        "value": "0xfffefdfc"
      },
      {
        "offset": "0x2ac",
        "value": "0x03020100"
      },
      {
        "offset": "0x2b0",
        "value": "0x07060504"
      },
      {
        "offset": "0x2b4",
        "value": "0x0b0a0908"
      },
      {
        "offset": "0x2b8",
        "value": "0x0f0e0d0c"
      },
      {
        "offset": "0x2bc",
        "value": "0x13121110"
      },
      {
        "offset": "0x2c0",
        "value": "0x17161514"
      },
      {
        "offset": "0x2c4",
        "value": "0x1b1a1918"
      },
      {
        "offset": "0x2c8",
        "value": "0x1f1e1d1c"
      },
      {
        "offset": "0x2cc",
        "value": "0x23222120"
      },
      {
        "offset": "0x2d0",
        "value": "0x27262524"
      },
      {
        "offset": "0x2d4",
        "value": "0x2b2a2928"
      },
      {
        "offset": "0x2d8",
        "value": "0x2f2e2d2c"
      },
      {
        "offset": "0x2dc",
        "value": "0x33323130"
      },
      {
        "offset": "0x2e0",
        "value": "0x37363534"
      },
      {
        "offset": "0x2e4",
        "value": "0x3b3a3938"
      },
      {
        "offset": "0x2e8",
        "value": "0x3f3e3d3c"
      },
      {
        "offset": "0x2ec",
        "value": "0x43424140"
      },
      {
        "offset": "0x2f0",
        "value": "0x47464544"
      },
      {
        "offset": "0x2f4",
        "value": "0x004a4948"
      },
      {
        "offset": "0x108",
        "value": "0x00002201"
      },
      {
        "offset": "0x10c",
        "value": "0x00000003"
      },
      {
        "offset": "0x110",
        "value": "0x00000003"
      },
      {
        "offset": "0x114",
        "value": "0x000000f7"
      },
      {
        "offset": "0x15c",
        "value": "0x0061a800"
      },
      {
        "offset": "0x100",
        "value": "0x00000004"
      },
      {
        "offset": "0x100",
        "value": "0x00000008"
      },
      {
        "offset": "0x100",
        "value": "0x00000002"
      },
      {
        "offset": "0x200",
        "value": "0x50414652"
      },
      {
        "offset": "0x204",
        "value": "0x00200001"
      },
      {
        "offset": "0x208",
        "value": "0x50370004"
      },
      {
        "offset": "0x20c",
        "value": "0x00000004"
      },
      {
        "offset": "0x210",
        "value": "0x00001000"
      },
      {
        "offset": "0x214",
        "value": "0x00140011"
      },
      {
        "offset": "0x218",
        "value": "0x000000d7"
      },
      {
        "offset": "0x21c",
        "value": "0x2fb64e16"
      },
      {
        "offset": "0x220",
        "value": "0x4e4d4c4b"
      },
      {
        "offset": "0x224",
        "value": "0x5251504f"
      },
      {
        "offset": "0x228",
        "value": "0x56555453"
      },
      {
        "offset": "0x22c",
        "value": "0x5a595857"
      },
      {
        "offset": "0x230",
        "value": "0x5e5d5c5b"
      },
      {
        "offset": "0x234",
        "value": "0x6261605f"
      },
      {
        "offset": "0x238",
        "value": "0x66656463"
      },
      {
        "offset": "0x23c",
        "value": "0x6a696867"
      },
      {
        "offset": "0x240",
        "value": "0x6e6d6c6b"
      },
      {
        "offset": "0x244",
        "value": "0x7271706f"
      },
      {
        "offset": "0x248",
        "value": "0x76757473"
      },
      {
        "offset": "0x24c",
        "value": "0x7a797877"
      },
      {
        "offset": "0x250",
        "value": "0x7e7d7c7b"
      },
      {
        "offset": "0x254",
        "value": "0x8281807f"
      },
      {
        "offset": "0x258",
        "value": "0x86858483"
      },
      {
        "offset": "0x25c",
        "value": "0x8a898887"
      },
      {
        "offset": "0x260",
        "value": "0x8e8d8c8b"
      },
      {
        "offset": "0x264",
        "value": "0x9291908f"
      },
      {
        "offset": "0x268",
        "value": "0x96959493"
      },
      {
        "offset": "0x26c",
        "value": "0x9a999897"
      },
      {
        "offset": "0x270",
        "value": "0x9e9d9c9b"
      },
      {
        "offset": "0x274",
        "value": "0xa2a1a09f"
      },
      {
        "offset": "0x278",
        "value": "0xa6a5a4a3"
      },
      {
        "offset": "0x27c",
        "value": "0xaaa9a8a7"
      },
      {
        "offset": "0x280",
        "value": "0xaeadacab"
      },
      {
        "offset": "0x284",
        "value": "0xb2b1b0af"
      },
      {
        "offset": "0x288",
        "value": "0xb6b5b4b3"
      },
      {
        "offset": "0x28c",
        "value": "0xbab9b8b7"
      },
      {
        "offset": "0x290",
        "value": "0xbebdbcbb"
      },
      {
        "offset": "0x294",
        "value": "0xc2c1c0bf"
      },
      {
        "offset": "0x298",
        "value": "0xc6c5c4c3"
      },
      {
        "offset": "0x29c",
        "value": "0xcac9c8c7"
      },
      {
        "offset": "0x2a0",
        "value": "0xcecdcccb"
      },
      {
        "offset": "0x2a4",
        "value": "0xd2d1d0cf"
      },
      {
        "offset": "0x2a8",
        "value": "0xd6d5d4d3"
      },
      {
        "offset": "0x2ac",
        "value": "0xdad9d8d7"
      },
      {
        "offset": "0x2b0",
        "value": "0xdedddcdb"
      },
      {
        "offset": "0x2b4",
        "value": "0xe2e1e0df"
      },
      {
        "offset": "0x2b8",
        "value": "0xe6e5e4e3"
      },
      {
        "offset": "0x2bc",
        "value": "0xeae9e8e7"
      },
      {
        "offset": "0x2c0",
        "value": "0xeeedeceb"
      },
      {
        "offset": "0x2c4",
        "value": "0xf2f1f0ef"
      },
      {
        "offset": "0x2c8",
        "value": "0xf6f5f4f3"
      },
      {
        "offset": "0x2cc",
        "value": "0xfaf9f8f7"
      },
      {
        "offset": "0x2d0",
        "value": "0xfefdfcfb"
      },
      {
        "offset": "0x2d4",
        "value": "0x020100ff"
      },
      {
        "offset": "0x2d8",
        "value": "0x06050403"
      },
      {
        "offset": "0x2dc",
        "value": "0x0a090807"
      },
      {
        "offset": "0x2e0",
        "value": "0x0e0d0c0b"
      },
      {
        "offset": "0x2e4",
        "value": "0x1211100f"
      },
      {
        "offset": "0x2e8",
        "value": "0x16151413"
      },
      {
        "offset": "0x2ec",
        "value": "0x1a191817"
      },
      {
        "offset": "0x2f0",
        "value": "0x1e1d1c1b"
      },
      {
        "offset": "0x2f4",
        "value": "0x0021201f"
      },
      {
        "offset": "0x108",
        "value": "0x00002201"
      },
      {
        "offset": "0x10c",
        "value": "0x00000003"
      },
      {
        "offset": "0x110",
        "value": "0x00000003"
      },
      {
        "offset": "0x114",
        "value": "0x000000f7"
      },
      {
        "offset": "0x15c",
        "value": "0x0061a800"
      },
      {
        "offset": "0x100",
        "value": "0x00000004"
      },
      {
        "offset": "0x100",
        "value": "0x00000008"
      },
      {
        "offset": "0x100",
        "value": "0x00000002"
      },
      {
        "offset": "0x200",
        "value": "0x50414652"
      },
      {
        "offset": "0x204",
        "value": "0x00200001"
      },
      {
        "offset": "0x208",
        "value": "0x50370004"
      },
      {
        "offset": "0x20c",
        "value": "0x00000004"
      },
      {
        "offset": "0x210",
        "value": "0x00001000"
      },
      {
        "offset": "0x214",
        "value": "0x00140012"
      },
      {
        "offset": "0x218",
        "value": "0x000000d7"
      },
      {
        "offset": "0x21c",
        "value": "0x2fb64e16"
      },
      {
        "offset": "0x220",
        "value": "0x25242322"
      },
      {
        "offset": "0x224",
        "value": "0x29282726"
      },
      {
        "offset": "0x228",
        "value": "0x2d2c2b2a"
      },
      {
        "offset": "0x22c",
        "value": "0x31302f2e"
      },
      {
        "offset": "0x230",
        "value": "0x35343332"
      },
      {
        "offset": "0x234",
        "value": "0x39383736"
      },
      {
        "offset": "0x238",
        "value": "0x3d3c3b3a"
      },
      {
        "offset": "0x23c",
        "value": "0x41403f3e"
      },
      {
        "offset": "0x240",
        "value": "0x45444342"
      },
      {
        "offset": "0x244",
        "value": "0x49484746"
      },
      {
        "offset": "0x248",
        "value": "0x4d4c4b4a"
      },
      {
        "offset": "0x24c",
        "value": "0x51504f4e"
      },
      {
        "offset": "0x250",
        "value": "0x55545352"
      },
      {
        "offset": "0x254",
        "value": "0x59585756"
      },
      {
        "offset": "0x258",
        "value": "0x5d5c5b5a"
      },
      {
        "offset": "0x25c",
        "value": "0x61605f5e"
      },
      {
        "offset": "0x260",
        "value": "0x65646362"
      },
      {
        "offset": "0x264",
        "value": "0x69686766"
      },
      {
        "offset": "0x268",
        "value": "0x6d6c6b6a"
      },
      {
        "offset": "0x26c",
        "value": "0x71706f6e"
      },
      {
        "offset": "0x270",
        "value": "0x75747372"
      },
      {
        "offset": "0x274",
        "value": "0x79787776"
      },
      {
        "offset": "0x278",
        "value": "0x7d7c7b7a"
      },
      {
        "offset": "0x27c",
        "value": "0x81807f7e"
      },
      {
        "offset": "0x280",
        "value": "0x85848382"
      },
      {
        "offset": "0x284",
        "value": "0x89888786"
      },
      {
        "offset": "0x288",
        "value": "0x8d8c8b8a"
      },
      {
        "offset": "0x28c",
        "value": "0x91908f8e"
      },
      {
        "offset": "0x290",
        "value": "0x95949392"
      },
      {
        "offset": "0x294",
        "value": "0x99989796"
      },
      {
        "offset": "0x298",
        "value": "0x9d9c9b9a"
      },
      {
        "offset": "0x29c",
        "value": "0xa1a09f9e"
      },
      {
        "offset": "0x2a0",
        "value": "0xa5a4a3a2"
      },
      {
        "offset": "0x2a4",
        "value": "0xa9a8a7a6"
      },
      {
        "offset": "0x2a8",
        "value": "0xadacabaa"
      },
      {
        "offset": "0x2ac",
        "value": "0xb1b0afae"
      },
      {
        "offset": "0x2b0",
        "value": "0xb5b4b3b2"
      },
      {
        "offset": "0x2b4",
        "value": "0xb9b8b7b6"
      },
      {
        "offset": "0x2b8",
        "value": "0xbdbcbbba"
      },
      {
        "offset": "0x2bc",
        "value": "0xc1c0bfbe"
      },
      {
        "offset": "0x2c0",
        "value": "0xc5c4c3c2"
      },
      {
        "offset": "0x2c4",
        "value": "0xc9c8c7c6"
      },
      {
        "offset": "0x2c8",
        "value": "0xcdcccbca"
      },
      {
        "offset": "0x2cc",
        "value": "0xd1d0cfce"
      },
      {
        "offset": "0x2d0",
        "value": "0xd5d4d3d2"
      },
      {
        "offset": "0x2d4",
        "value": "0xd9d8d7d6"
      },
      {
        "offset": "0x2d8",
        "value": "0xdddcdbda"
      },
      {
        "offset": "0x2dc",
        "value": "0xe1e0dfde"
      },
      {
        "offset": "0x2e0",
        "value": "0xe5e4e3e2"
      },
      {
        "offset": "0x2e4",
        "value": "0xe9e8e7e6"
      },
      {
        "offset": "0x2e8",
        "value": "0xedecebea"
      },
      {
        "offset": "0x2ec",
        "value": "0xf1f0efee"
      },
      {
        "offset": "0x2f0",
        "value": "0xf5f4f3f2"
      },
      {
        "offset": "0x2f4",
        "value": "0x00f8f7f6"
      },
      {
        "offset": "0x108",
        "value": "0x00002201"
      },
      {
        "offset": "0x10c",
        "value": "0x00000003"
      },
      {
        "offset": "0x110",
        "value": "0x00000003"
      },
      {
        "offset": "0x114",
        "value": "0x000000f7"
      },
      {
        "offset": "0x15c",
        "value": "0x0061a800"
      },
      {
        "offset": "0x100",
        "value": "0x00000004"
      },
      {
        "offset": "0x100",
        "value": "0x00000008"
      },
      {
        "offset": "0x100",
        "value": "0x00000002"
      },
      {
        "offset": "0x200",
        "value": "0x50414652"
      },
      {
        "offset": "0x204",
        "value": "0x00200201"
      },
      {
        "offset": "0x208",
        "value": "0x50370004"
      },
      {
        "offset": "0x20c",
        "value": "0x00000004"
      },
      {
        "offset": "0x210",
        "value": "0x00001000"
      },
      {
        "offset": "0x214",
        "value": "0x00140013"
      },
      {
        "offset": "0x218",
        "value": "0x0000000b"
      },
      {
        "offset": "0x21c",
        "value": "0x2fb64e16"
      },
      {
        "offset": "0x220",
        "value": "0xfcfbfaf9"
      },
      {
        "offset": "0x224",
        "value": "0x00fffefd"
      },
      {
        "offset": "0x228",
        "value": "0x00030201"
      },
      {
        "offset": "0x108",
        "value": "0x00002201"
      },
      {
        "offset": "0x10c",
        "value": "0x00000003"
      },
      {
        "offset": "0x110",
        "value": "0x00000003"
      },
      {
        "offset": "0x114",
        "value": "0x0000002b"
      },
      {
        "offset": "0x15c",
        "value": "0x0061a800"
      },
      {
        "offset": "0x100",
        "value": "0x00000004"
      },
      {
        "offset": "0x100",
        "value": "0x00000008"
      },
      {
        "offset": "0x100",
        "value": "0x00000030"
      },
      {
        "offset": "0x100",
        "value": "0x00000030"
      }
    ],
    "runtime_feasibility": {
      "jtag_frequency_hz": 1000000,
      "reference_jtag_frequency_hz": 1000000,
      "estimated_axi_operation_us_at_1mhz": 1250,
      "estimated_stage_fixed_overhead_seconds": 30.0,
      "estimate_model": "one_axi_read_per_poll_operation_global_deadline_authoritative",
      "estimated_stage_runtime_seconds": 35.33625,
      "minimum_stage_runtime_sec": 36,
      "authorized_runtime_sec": 960,
      "feasible_within_authorized_runtime": true,
      "containment_initial_empty_wait_seconds": 0,
      "expected_tool_daemon_grace_seconds": 30,
      "containment_total_exit_window_seconds": 30,
      "containment_topology_revalidation_interval_seconds": 0.1,
      "containment_forced_cleanup_wait_seconds": 10,
      "containment_failure_bound_seconds": 40,
      "jtag_wrapper_vivado_process_count": 4,
      "jtag_wrapper_containment_allowance_seconds": 120,
      "jtag_wrapper_max_forced_cleanup_events": 2,
      "jtag_wrapper_forced_cleanup_reserve_seconds": 20,
      "jtag_wrapper_other_guard_seconds": 65,
      "jtag_wrapper_bookkeeping_guard_seconds": 45,
      "jtag_wrapper_other_guard_after_forced_cleanup_seconds": 45,
      "global_runtime_budget": {
        "minimum_estimated_global_runtime_sec": 401,
        "configured_global_timeout_ceiling_sec": 915,
        "authorized_global_runtime_sec": 960,
        "containment_initial_empty_wait_seconds": 0,
        "expected_tool_daemon_grace_seconds": 30,
        "containment_total_exit_window_seconds": 30,
        "containment_topology_revalidation_interval_seconds": 0.1,
        "containment_success_bound_seconds_each": 30,
        "containment_failure_bound_seconds_each": 40,
        "contained_vivado_process_count": 4,
        "containment_allowance_seconds": 120,
        "max_forced_cleanup_events": 2,
        "forced_cleanup_wait_seconds": 10,
        "forced_cleanup_reserve_seconds": 20,
        "other_guard_seconds": 65,
        "bookkeeping_guard_seconds": 45,
        "other_guard_after_forced_cleanup_seconds": 45,
        "configured_unallocated_margin_seconds": 45,
        "estimated_unallocated_margin_seconds": 559,
        "minimum_stage_fits_configured_timeout": true,
        "feasible": true
      }
    },
    "valid": true,
    "backend_manifest": {
      "path": "C:\\Users\\user\\Documents\\RF_COMM_MULTILANE\\build\\p7_authorized_sequence\\p7_20260711_stationary_app_r8\\manifests\\004_p7_p6_frame_regression_m3.manifest.json",
      "expected_sha256": "d318f518919b18c0331c50e810e1d8cef19d945701b4f9f7a08a6aa44dd9939b",
      "actual_sha256": "d318f518919b18c0331c50e810e1d8cef19d945701b4f9f7a08a6aa44dd9939b",
      "schema": "rfap-p7-jtag-axi-dry-run-v1",
      "input_length": 4096,
      "input_sha256": "43812ad6447f6d7cbd02439ca869aff553eda792fa799ab066242fdccebefa30",
      "lane_policy": "REPLICATE_0X3",
      "transaction_operation_count": 4269
    },
    "global_runtime_budget": {
      "minimum_estimated_global_runtime_sec": 401,
      "configured_global_timeout_ceiling_sec": 915,
      "authorized_global_runtime_sec": 960,
      "containment_initial_empty_wait_seconds": 0,
      "expected_tool_daemon_grace_seconds": 30,
      "containment_total_exit_window_seconds": 30,
      "containment_topology_revalidation_interval_seconds": 0.1,
      "containment_success_bound_seconds_each": 30,
      "containment_failure_bound_seconds_each": 40,
      "contained_vivado_process_count": 4,
      "containment_allowance_seconds": 120,
      "max_forced_cleanup_events": 2,
      "forced_cleanup_wait_seconds": 10,
      "forced_cleanup_reserve_seconds": 20,
      "other_guard_seconds": 65,
      "bookkeeping_guard_seconds": 45,
      "other_guard_after_forced_cleanup_seconds": 45,
      "configured_unallocated_margin_seconds": 45,
      "estimated_unallocated_margin_seconds": 559,
      "minimum_stage_fits_configured_timeout": true,
      "feasible": true
    }
  },
  "exit_code_policy": "returncode_must_be_exactly_zero_and_required_markers_must_match",
  "transaction_format_boundary": "strict_P7_JTAG_AXI_TRANSACTIONS_V1_no_source_no_eval_no_external_commands",
  "hardware_execution_lock": {
    "path": "C:\\Users\\user\\Documents\\RF_COMM_MULTILANE\\.hardware_authorization\\P7_HARDWARE_EXECUTION.lock",
    "token_sha256": "fd6fd51e8432aa9d493786c30398a0398f17ee2b52f9da46a70711b81bcd5688",
    "owner": {
      "schema": "rf-comm-p7-hardware-execution-lock-v1",
      "pid": 7460,
      "wrapper": "run_p7_jtag_axi_stage_safe.py",
      "stage_name": "p7_p6_frame_regression_m3",
      "acquired_at_utc": "2026-07-11T07:51:44.191522+00:00",
      "evidence_dir": "C:\\Users\\user\\Documents\\RF_COMM_MULTILANE\\evidence\\hardware\\p7\\authorized_sequence\\p7_20260711_stationary_app_r8\\004_p7_p6_frame_regression_m3"
    },
    "acquired": true,
    "stale_lock_auto_recovery": false
  },
  "global_runtime_deadline_source": "host_monotonic",
  "global_runtime_guard_seconds": 65,
  "global_runtime_budget_components": {
    "contained_vivado_process_count": 4,
    "initial_empty_wait_seconds_per_process": 0,
    "expected_tool_daemon_grace_seconds_per_process": 30,
    "total_containment_window_seconds_per_process": 30,
    "topology_revalidation_interval_seconds": 0.1,
    "containment_allowance_seconds": 120,
    "forced_cleanup_wait_seconds": 10,
    "failure_containment_bound_seconds_per_failed_process": 40,
    "max_forced_cleanup_events": 2,
    "forced_cleanup_reserve_seconds": 20,
    "bookkeeping_guard_seconds": 45,
    "other_guard_seconds": 65
  },
  "evidence_dir": "C:\\Users\\user\\Documents\\RF_COMM_MULTILANE\\evidence\\hardware\\p7\\authorized_sequence\\p7_20260711_stationary_app_r8\\004_p7_p6_frame_regression_m3",
  "event_log": "C:\\Users\\user\\Documents\\RF_COMM_MULTILANE\\evidence\\hardware\\p7\\authorized_sequence\\p7_20260711_stationary_app_r8\\004_p7_p6_frame_regression_m3\\p7_jtag_axi_stage_events.jsonl",
  "preflight_process": {
    "name": "preflight",
    "returncode": 0,
    "stdout_path": "C:\\Users\\user\\Documents\\RF_COMM_MULTILANE\\evidence\\hardware\\p7\\authorized_sequence\\p7_20260711_stationary_app_r8\\004_p7_p6_frame_regression_m3\\p7_preflight.stdout.log",
    "stderr_path": "C:\\Users\\user\\Documents\\RF_COMM_MULTILANE\\evidence\\hardware\\p7\\authorized_sequence\\p7_20260711_stationary_app_r8\\004_p7_p6_frame_regression_m3\\p7_preflight.stderr.log",
    "elapsed_seconds": 31.289195,
    "argv": [
      "D:\\Xilinx\\Vivado\\2023.1\\bin\\vivado.bat",
      "-mode",
      "batch",
      "-source",
      "C:\\Users\\user\\Documents\\RF_COMM_MULTILANE\\scripts\\hw\\p7_hw_preflight.tcl",
      "-tclargs",
      "C:\\Users\\user\\Documents\\RF_COMM_MULTILANE",
      "C:\\Users\\user\\Documents\\RF_COMM_MULTILANE\\.hardware_authorization\\p7_20260711_stationary_app_r8_004_p7_p6_frame_regression_m3.txt",
      "210512180081",
      "xc7z010clg400-1",
      "localhost:3121/xilinx_tcf/Digilent/210512180081",
      "localhost:3121",
      "C:\\Users\\user\\Documents\\RF_COMM_MULTILANE\\evidence\\hardware\\p7\\authorized_sequence\\p7_20260711_stationary_app_r8\\004_p7_p6_frame_regression_m3\\p7_preflight_result.txt"
    ],
    "started_at_utc": "2026-07-11T07:51:44.194559+00:00",
    "ended_at_utc": "2026-07-11T07:52:15.483765+00:00",
    "timed_out": false,
    "abort_seen": false,
    "interrupted": false,
    "process_tree_terminated": false,
    "process_tree_reaped": true,
    "containment_kind": "WINDOWS_JOB_OBJECT_KILL_ON_CLOSE",
    "containment_assigned": true,
    "containment_closed": true,
    "descendant_count_after": 0,
    "expected_tool_daemon_grace_used": true,
    "expected_tool_daemon_grace_seconds": 30.0,
    "expected_tool_daemon_paths": [
      "D:\\Xilinx\\Vivado\\2023.1\\bin\\unwrapped\\win64.o\\cs_server.exe",
      "D:\\Xilinx\\Vivado\\2023.1\\bin\\unwrapped\\win64.o\\rdi_xsdb.exe",
      "C:\\Windows\\System32\\cmd.exe",
      "C:\\Windows\\System32\\conhost.exe"
    ],
    "descendant_paths_seen": [
      "C:\\Windows\\System32\\cmd.exe",
      "D:\\Xilinx\\Vivado\\2023.1\\bin\\unwrapped\\win64.o\\rdi_xsdb.exe",
      "D:\\Xilinx\\Vivado\\2023.1\\bin\\unwrapped\\win64.o\\cs_server.exe",
      "D:\\Xilinx\\Vivado\\2023.1\\bin\\unwrapped\\win64.o\\cs_server.exe",
      "C:\\Windows\\System32\\conhost.exe",
      "C:\\Windows\\System32\\conhost.exe"
    ],
    "descendant_processes_seen": [
      {
        "pid": 19896,
        "parent_pid": 11676,
        "parent_active_globally": false,
        "image_path": "C:\\Windows\\System32\\cmd.exe",
        "creation_time_100ns": 134282299133041037
      },
      {
        "pid": 19940,
        "parent_pid": 19896,
        "parent_active_globally": true,
        "image_path": "D:\\Xilinx\\Vivado\\2023.1\\bin\\unwrapped\\win64.o\\rdi_xsdb.exe",
        "creation_time_100ns": 134282299136640582
      },
      {
        "pid": 28784,
        "parent_pid": 27280,
        "parent_active_globally": false,
        "image_path": "D:\\Xilinx\\Vivado\\2023.1\\bin\\unwrapped\\win64.o\\cs_server.exe",
        "creation_time_100ns": 134282299128061181
      },
      {
        "pid": 39548,
        "parent_pid": 28784,
        "parent_active_globally": true,
        "image_path": "D:\\Xilinx\\Vivado\\2023.1\\bin\\unwrapped\\win64.o\\cs_server.exe",
        "creation_time_100ns": 134282299128989095
      },
      {
        "pid": 44696,
        "parent_pid": 19896,
        "parent_active_globally": true,
        "image_path": "C:\\Windows\\System32\\conhost.exe",
        "creation_time_100ns": 134282299133101562
      },
      {
        "pid": 44720,
        "parent_pid": 780,
        "parent_active_globally": false,
        "image_path": "C:\\Windows\\System32\\conhost.exe",
        "creation_time_100ns": 134282299121280594
      }
    ],
    "expected_tool_daemon_classification": "EXACT_R2_VIVADO_EXIT_HELPER_FOREST",
    "expected_tool_daemon_topology_snapshots": [
      {
        "classification": "EXACT_R2_VIVADO_EXIT_HELPER_FOREST",
        "elapsed_seconds": 0.007261,
        "processes": [
          {
            "pid": 19896,
            "parent_pid": 11676,
            "parent_active_globally": false,
            "image_path": "C:\\Windows\\System32\\cmd.exe",
            "creation_time_100ns": 134282299133041037
          },
          {
            "pid": 19940,
            "parent_pid": 19896,
            "parent_active_globally": true,
            "image_path": "D:\\Xilinx\\Vivado\\2023.1\\bin\\unwrapped\\win64.o\\rdi_xsdb.exe",
            "creation_time_100ns": 134282299136640582
          },
          {
            "pid": 28784,
            "parent_pid": 27280,
            "parent_active_globally": false,
            "image_path": "D:\\Xilinx\\Vivado\\2023.1\\bin\\unwrapped\\win64.o\\cs_server.exe",
            "creation_time_100ns": 134282299128061181
          },
          {
            "pid": 39548,
            "parent_pid": 28784,
            "parent_active_globally": true,
            "image_path": "D:\\Xilinx\\Vivado\\2023.1\\bin\\unwrapped\\win64.o\\cs_server.exe",
            "creation_time_100ns": 134282299128989095
          },
          {
            "pid": 44696,
            "parent_pid": 19896,
            "parent_active_globally": true,
            "image_path": "C:\\Windows\\System32\\conhost.exe",
            "creation_time_100ns": 134282299133101562
          },
          {
            "pid": 44720,
            "parent_pid": 780,
            "parent_active_globally": false,
            "image_path": "C:\\Windows\\System32\\conhost.exe",
            "creation_time_100ns": 134282299121280594
          }
        ]
      },
      {
        "classification": "STRICT_SHRINK_SUBSET_OF_EXACT_R2_VIVADO_EXIT_HELPER_FOREST",
        "elapsed_seconds": 19.688915,
        "processes": [
          {
            "pid": 28784,
            "parent_pid": 27280,
            "parent_active_globally": false,
            "image_path": "D:\\Xilinx\\Vivado\\2023.1\\bin\\unwrapped\\win64.o\\cs_server.exe",
            "creation_time_100ns": 134282299128061181
          },
          {
            "pid": 39548,
            "parent_pid": 28784,
            "parent_active_globally": true,
            "image_path": "D:\\Xilinx\\Vivado\\2023.1\\bin\\unwrapped\\win64.o\\cs_server.exe",
            "creation_time_100ns": 134282299128989095
          },
          {
            "pid": 44720,
            "parent_pid": 780,
            "parent_active_globally": false,
            "image_path": "C:\\Windows\\System32\\conhost.exe",
            "creation_time_100ns": 134282299121280594
          }
        ]
      },
      {
        "classification": "EMPTY",
        "elapsed_seconds": 20.82381,
        "processes": []
      }
    ],
    "expected_tool_daemon_topology_revalidation_count": 191,
    "expected_tool_daemon_topology_monotonic": true,
    "expected_tool_daemon_topology_sample_elapsed_seconds": [
      4.8e-05,
      0.007261,
      0.117842,
      0.226753,
      0.336949,
      0.444822,
      0.552907,
      0.660676,
      0.769191,
      0.876501,
      0.984497,
      1.093027,
      1.202532,
      1.309939,
      1.418851,
      1.527704,
      1.63649,
      1.745576,
      1.855631,
      1.965083,
      2.075079,
      2.184238,
      2.296202,
      2.404373,
      2.513457,
      2.622161,
      2.7321,
      2.839109,
      2.947243,
      3.05614,
      3.165203,
      3.272433,
      3.379636,
      3.488904,
      3.597515,
      3.705102,
      3.814066,
      3.922442,
      4.031192,
      4.140112,
      4.248146,
      4.355971,
      4.464051,
      4.571864,
      4.679121,
      4.787765,
      4.89851,
      5.006957,
      5.11605,
      5.225032,
      5.333216,
      5.441989,
      5.550948,
      5.659255,
      5.767614,
      5.875985,
      5.98494,
      6.093483,
      6.201722,
      6.309016,
      6.417219,
      6.52616,
      6.633649,
      6.741927,
      6.849077,
      6.956066,
      7.0648,
      7.173495,
      7.281147,
      7.389402,
      7.49797,
      7.604679,
      7.713017,
      7.82135,
      7.928549,
      8.03829,
      8.147362,
      8.256201,
      8.365672,
      8.474624,
      8.583193,
      8.692232,
      8.800454,
      8.909743,
      9.025761,
      9.139015,
      9.247803,
      9.354788,
      9.462854,
      9.571265,
      9.679881,
      9.78861,
      9.897559,
      10.005713,
      10.114031,
      10.221942,
      10.330912,
      10.437983,
      10.546511,
      10.655005,
      10.762536,
      10.870644,
      10.978634,
      11.085913,
      11.194051,
      11.302271,
      11.410092,
      11.519187,
      11.627968,
      11.735926,
      11.844857,
      11.953366,
      12.061819,
      12.173243,
      12.280594,
      12.389455,
      12.497935,
      12.606611,
      12.714712,
      12.823854,
      12.930766,
      13.038994,
      13.147246,
      13.254445,
      13.361421,
      13.470447,
      13.579533,
      13.686812,
      13.795121,
      13.903378,
      14.01112,
      14.120072,
      14.229211,
      14.338145,
      14.44764,
      14.556021,
      14.665465,
      14.774504,
      14.884039,
      14.992911,
      15.101029,
      15.209429,
      15.317952,
      15.426768,
      15.533736,
      15.64261,
      15.750377,
      15.859162,
      15.967991,
      16.076318,
      16.183989,
      16.294512,
      16.403475,
      16.512401,
      16.623521,
      16.735025,
      16.846135,
      16.953003,
      17.062252,
      17.172477,
      17.282771,
      17.392628,
      17.502219,
      17.614706,
      17.734703,
      17.843543,
      17.952618,
      18.061165,
      18.168156,
      18.277241,
      18.385662,
      18.494783,
      18.602251,
      18.711239,
      18.820243,
      18.929717,
      19.039231,
      19.148609,
      19.257537,
      19.364373,
      19.473778,
      19.582133,
      19.688915,
      19.795662,
      19.903934,
      20.012344,
      20.120806,
      20.229732,
      20.338346,
      20.446616,
      20.554867,
      20.663125,
      20.82381
    ],
    "expected_tool_daemon_topology_max_sample_gap_seconds": 0.160685,
    "expected_tool_daemon_grace_elapsed_seconds": 20.823829,
    "expected_tool_daemon_hashes_verified": true,
    "expected_tool_daemon_sha256_by_role": {
      "cs_server": "9bf0e15ffe162a96679c14b8117cf8ebe8a47b8032bee4ab8cb0317c112df536",
      "rdi_xsdb": "3193d8c4e7115e82e5b4ea6c2eb1aa8a7566bd5a9f9c78e9d901b9eab9d4ebfc",
      "cmd": "75320a519959cc6d089ea3eba33c38caccb7f138a025ea439bc9686cdb79ded4",
      "conhost": "a93cbb36b9c02364be6a72817174c46f94b66715549f279c6592ed659d237911"
    },
    "expected_tool_daemon_hash_error": "",
    "expected_tool_daemon_prelaunch_hashes_verified": true,
    "expected_tool_daemon_prelaunch_sha256_by_role": {
      "cs_server": "9bf0e15ffe162a96679c14b8117cf8ebe8a47b8032bee4ab8cb0317c112df536",
      "rdi_xsdb": "3193d8c4e7115e82e5b4ea6c2eb1aa8a7566bd5a9f9c78e9d901b9eab9d4ebfc",
      "cmd": "75320a519959cc6d089ea3eba33c38caccb7f138a025ea439bc9686cdb79ded4",
      "conhost": "a93cbb36b9c02364be6a72817174c46f94b66715549f279c6592ed659d237911"
    },
    "expected_tool_daemon_prelaunch_hash_error": "",
    "expected_tool_daemon_postexit_hashes_verified": true,
    "expected_tool_daemon_postexit_sha256_by_role": {
      "cs_server": "9bf0e15ffe162a96679c14b8117cf8ebe8a47b8032bee4ab8cb0317c112df536",
      "rdi_xsdb": "3193d8c4e7115e82e5b4ea6c2eb1aa8a7566bd5a9f9c78e9d901b9eab9d4ebfc",
      "cmd": "75320a519959cc6d089ea3eba33c38caccb7f138a025ea439bc9686cdb79ded4",
      "conhost": "a93cbb36b9c02364be6a72817174c46f94b66715549f279c6592ed659d237911"
    },
    "expected_tool_daemon_postexit_hash_error": "",
    "expected_tool_daemon_topology_error": "",
    "expected_tool_daemon_topology_terminal_empty": true,
    "process_identity_query_retry_count": 0,
    "process_exit_race_recheck_count": 1,
    "process_identity_query_transient_errors": [],
    "containment_cleanup_attempted": false,
    "containment_cleanup_terminated": false,
    "process_exit_race_rechecked": true,
    "process_identity_query_retried": false,
    "containment_query_error": "",
    "launch_error": ""
  },
  "preflight_result_file": "C:\\Users\\user\\Documents\\RF_COMM_MULTILANE\\evidence\\hardware\\p7\\authorized_sequence\\p7_20260711_stationary_app_r8\\004_p7_p6_frame_regression_m3\\p7_preflight_result.txt",
  "preflight_failures": [],
  "target_identity": {
    "P7_HW_PREFLIGHT_AUTHORIZED": "1",
    "P7_HW_PREFLIGHT_READ_ONLY": "1",
    "P7_HW_PREFLIGHT_BOARD_ID": "210512180081",
    "P7_HW_PREFLIGHT_TARGET": "localhost:3121/xilinx_tcf/Digilent/210512180081",
    "P7_HW_PREFLIGHT_DEVICE": "xc7z010_1",
    "P7_HW_PREFLIGHT_PART": "xc7z010clg400-1",
    "P7_HW_PREFLIGHT_IDCODE": "00010011011100100010000010010011",
    "P7_HW_PREFLIGHT_CANONICAL_PART": "xc7z010clg400-1",
    "P7_HW_PREFLIGHT_LIVE_PART": "xc7z010",
    "P7_HW_PREFLIGHT_LIVE_DEVICE": "xc7z010_1",
    "P7_HW_PREFLIGHT_LIVE_IDCODE": "00010011011100100010000010010011",
    "P7_HW_PREFLIGHT_RESULT": "PASS"
  },
  "shutdown_before": {
    "name": "shutdown_before",
    "returncode": 0,
    "stdout_path": "C:\\Users\\user\\Documents\\RF_COMM_MULTILANE\\evidence\\hardware\\p7\\authorized_sequence\\p7_20260711_stationary_app_r8\\004_p7_p6_frame_regression_m3\\p7_shutdown_before.stdout.log",
    "stderr_path": "C:\\Users\\user\\Documents\\RF_COMM_MULTILANE\\evidence\\hardware\\p7\\authorized_sequence\\p7_20260711_stationary_app_r8\\004_p7_p6_frame_regression_m3\\p7_shutdown_before.stderr.log",
    "elapsed_seconds": 48.469507,
    "argv": [
      "D:\\Xilinx\\Vivado\\2023.1\\bin\\vivado.bat",
      "-mode",
      "batch",
      "-source",
      "C:\\Users\\user\\Documents\\RF_COMM_MULTILANE\\scripts\\hw\\p7_jtag_axi_transactions.tcl",
      "-tclargs",
      "C:\\Users\\user\\Documents\\RF_COMM_MULTILANE",
      "SHUTDOWN",
      "C:\\Users\\user\\Documents\\RF_COMM_MULTILANE\\.hardware_authorization\\p7_20260711_stationary_app_r8_004_p7_p6_frame_regression_m3.txt",
      "210512180081",
      "xc7z010clg400-1",
      "localhost:3121/xilinx_tcf/Digilent/210512180081",
      "localhost:3121",
      "1000000",
      "C:\\Users\\user\\Documents\\RF_COMM_MULTILANE\\shutdown_bitstream\\tfdu_shutdown_j10_j11.bit",
      "-",
      "-",
      "C:\\Users\\user\\Documents\\RF_COMM_MULTILANE\\evidence\\hardware\\p7\\authorized_sequence\\p7_20260711_stationary_app_r8\\004_p7_p6_frame_regression_m3\\p7_shutdown_before_result.txt",
      "0x43c00000",
      "1100000",
      "134217728",
      "550",
      "C:\\Users\\user\\Documents\\RF_COMM_MULTILANE\\shutdown_bitstream\\tfdu_shutdown_j10_j11.bit"
    ],
    "started_at_utc": "2026-07-11T07:52:15.497884+00:00",
    "ended_at_utc": "2026-07-11T07:53:03.967396+00:00",
    "timed_out": false,
    "abort_seen": false,
    "interrupted": false,
    "process_tree_terminated": false,
    "process_tree_reaped": true,
    "containment_kind": "WINDOWS_JOB_OBJECT_KILL_ON_CLOSE",
    "containment_assigned": true,
    "containment_closed": true,
    "descendant_count_after": 0,
    "expected_tool_daemon_grace_used": true,
    "expected_tool_daemon_grace_seconds": 30.0,
    "expected_tool_daemon_paths": [
      "D:\\Xilinx\\Vivado\\2023.1\\bin\\unwrapped\\win64.o\\cs_server.exe",
      "D:\\Xilinx\\Vivado\\2023.1\\bin\\unwrapped\\win64.o\\rdi_xsdb.exe",
      "C:\\Windows\\System32\\cmd.exe",
      "C:\\Windows\\System32\\conhost.exe"
    ],
    "descendant_paths_seen": [
      "D:\\Xilinx\\Vivado\\2023.1\\bin\\unwrapped\\win64.o\\cs_server.exe",
      "D:\\Xilinx\\Vivado\\2023.1\\bin\\unwrapped\\win64.o\\rdi_xsdb.exe",
      "D:\\Xilinx\\Vivado\\2023.1\\bin\\unwrapped\\win64.o\\cs_server.exe",
      "C:\\Windows\\System32\\conhost.exe",
      "C:\\Windows\\System32\\conhost.exe",
      "C:\\Windows\\System32\\cmd.exe"
    ],
    "descendant_processes_seen": [
      {
        "pid": 4784,
        "parent_pid": 21276,
        "parent_active_globally": false,
        "image_path": "D:\\Xilinx\\Vivado\\2023.1\\bin\\unwrapped\\win64.o\\cs_server.exe",
        "creation_time_100ns": 134282299441436500
      },
      {
        "pid": 8360,
        "parent_pid": 49132,
        "parent_active_globally": true,
        "image_path": "D:\\Xilinx\\Vivado\\2023.1\\bin\\unwrapped\\win64.o\\rdi_xsdb.exe",
        "creation_time_100ns": 134282299449960557
      },
      {
        "pid": 23116,
        "parent_pid": 4784,
        "parent_active_globally": true,
        "image_path": "D:\\Xilinx\\Vivado\\2023.1\\bin\\unwrapped\\win64.o\\cs_server.exe",
        "creation_time_100ns": 134282299442373596
      },
      {
        "pid": 39580,
        "parent_pid": 49132,
        "parent_active_globally": true,
        "image_path": "C:\\Windows\\System32\\conhost.exe",
        "creation_time_100ns": 134282299446721142
      },
      {
        "pid": 46884,
        "parent_pid": 37588,
        "parent_active_globally": false,
        "image_path": "C:\\Windows\\System32\\conhost.exe",
        "creation_time_100ns": 134282299434739168
      },
      {
        "pid": 49132,
        "parent_pid": 28464,
        "parent_active_globally": false,
        "image_path": "C:\\Windows\\System32\\cmd.exe",
        "creation_time_100ns": 134282299446653708
      }
    ],
    "expected_tool_daemon_classification": "EXACT_R2_VIVADO_EXIT_HELPER_FOREST",
    "expected_tool_daemon_topology_snapshots": [
      {
        "classification": "EXACT_R2_VIVADO_EXIT_HELPER_FOREST",
        "elapsed_seconds": 0.007582,
        "processes": [
          {
            "pid": 4784,
            "parent_pid": 21276,
            "parent_active_globally": false,
            "image_path": "D:\\Xilinx\\Vivado\\2023.1\\bin\\unwrapped\\win64.o\\cs_server.exe",
            "creation_time_100ns": 134282299441436500
          },
          {
            "pid": 8360,
            "parent_pid": 49132,
            "parent_active_globally": true,
            "image_path": "D:\\Xilinx\\Vivado\\2023.1\\bin\\unwrapped\\win64.o\\rdi_xsdb.exe",
            "creation_time_100ns": 134282299449960557
          },
          {
            "pid": 23116,
            "parent_pid": 4784,
            "parent_active_globally": true,
            "image_path": "D:\\Xilinx\\Vivado\\2023.1\\bin\\unwrapped\\win64.o\\cs_server.exe",
            "creation_time_100ns": 134282299442373596
          },
          {
            "pid": 39580,
            "parent_pid": 49132,
            "parent_active_globally": true,
            "image_path": "C:\\Windows\\System32\\conhost.exe",
            "creation_time_100ns": 134282299446721142
          },
          {
            "pid": 46884,
            "parent_pid": 37588,
            "parent_active_globally": false,
            "image_path": "C:\\Windows\\System32\\conhost.exe",
            "creation_time_100ns": 134282299434739168
          },
          {
            "pid": 49132,
            "parent_pid": 28464,
            "parent_active_globally": false,
            "image_path": "C:\\Windows\\System32\\cmd.exe",
            "creation_time_100ns": 134282299446653708
          }
        ]
      },
      {
        "classification": "STRICT_SHRINK_SUBSET_OF_EXACT_R2_VIVADO_EXIT_HELPER_FOREST",
        "elapsed_seconds": 19.0035,
        "processes": [
          {
            "pid": 4784,
            "parent_pid": 21276,
            "parent_active_globally": false,
            "image_path": "D:\\Xilinx\\Vivado\\2023.1\\bin\\unwrapped\\win64.o\\cs_server.exe",
            "creation_time_100ns": 134282299441436500
          },
          {
            "pid": 23116,
            "parent_pid": 4784,
            "parent_active_globally": true,
            "image_path": "D:\\Xilinx\\Vivado\\2023.1\\bin\\unwrapped\\win64.o\\cs_server.exe",
            "creation_time_100ns": 134282299442373596
          },
          {
            "pid": 46884,
            "parent_pid": 37588,
            "parent_active_globally": false,
            "image_path": "C:\\Windows\\System32\\conhost.exe",
            "creation_time_100ns": 134282299434739168
          }
        ]
      },
      {
        "classification": "EMPTY",
        "elapsed_seconds": 20.247021,
        "processes": []
      }
    ],
    "expected_tool_daemon_topology_revalidation_count": 187,
    "expected_tool_daemon_topology_monotonic": true,
    "expected_tool_daemon_topology_sample_elapsed_seconds": [
      5.2e-05,
      0.007582,
      0.116513,
      0.224491,
      0.332422,
      0.440995,
      0.547799,
      0.656485,
      0.765423,
      0.873167,
      0.981549,
      1.089962,
      1.199161,
      1.307303,
      1.414215,
      1.522751,
      1.630323,
      1.738815,
      1.846531,
      1.956027,
      2.064776,
      2.173543,
      2.281934,
      2.390879,
      2.499433,
      2.607892,
      2.715499,
      2.823489,
      2.932167,
      3.039915,
      3.148103,
      3.25618,
      3.363786,
      3.472077,
      3.580463,
      3.688903,
      3.797425,
      3.906267,
      4.013265,
      4.121625,
      4.229852,
      4.337783,
      4.446544,
      4.555048,
      4.662559,
      4.770664,
      4.878209,
      4.987158,
      5.096179,
      5.205062,
      5.313346,
      5.420343,
      5.529181,
      5.636015,
      5.743715,
      5.854721,
      5.963231,
      6.072095,
      6.179211,
      6.285879,
      6.394778,
      6.504144,
      6.612444,
      6.719014,
      6.827392,
      6.935695,
      7.044107,
      7.15238,
      7.259996,
      7.367727,
      7.476522,
      7.584719,
      7.692839,
      7.801172,
      7.909726,
      8.017825,
      8.125578,
      8.233991,
      8.342688,
      8.450984,
      8.55783,
      8.666228,
      8.774665,
      8.8836,
      8.991917,
      9.10063,
      9.207977,
      9.316257,
      9.425502,
      9.533898,
      9.642183,
      9.750822,
      9.85942,
      9.968182,
      10.077002,
      10.183861,
      10.290775,
      10.398871,
      10.506752,
      10.615426,
      10.724407,
      10.832782,
      10.941453,
      11.050737,
      11.158484,
      11.267421,
      11.375841,
      11.484454,
      11.591764,
      11.699817,
      11.808393,
      11.91719,
      12.025667,
      12.132461,
      12.241324,
      12.349837,
      12.456699,
      12.564668,
      12.672887,
      12.781119,
      12.888191,
      12.995717,
      13.104204,
      13.211953,
      13.320219,
      13.429281,
      13.538364,
      13.646649,
      13.753838,
      13.863373,
      13.97158,
      14.079682,
      14.188353,
      14.297207,
      14.404127,
      14.512684,
      14.621052,
      14.728696,
      14.837017,
      14.945511,
      15.052937,
      15.16154,
      15.270674,
      15.377164,
      15.485506,
      15.593688,
      15.701496,
      15.809752,
      15.917344,
      16.023406,
      16.13233,
      16.241355,
      16.349848,
      16.456097,
      16.564538,
      16.673047,
      16.780499,
      16.888423,
      16.996914,
      17.105476,
      17.212487,
      17.320613,
      17.429772,
      17.53857,
      17.646649,
      17.754335,
      17.862637,
      17.97108,
      18.078357,
      18.186372,
      18.294109,
      18.401552,
      18.510531,
      18.620327,
      18.728649,
      18.837056,
      19.0035,
      19.111294,
      19.219023,
      19.325662,
      19.434691,
      19.542627,
      19.650279,
      19.761439,
      19.869718,
      19.978527,
      20.086782,
      20.196418,
      20.247021
    ],
    "expected_tool_daemon_topology_max_sample_gap_seconds": 0.166444,
    "expected_tool_daemon_grace_elapsed_seconds": 20.247039,
    "expected_tool_daemon_hashes_verified": true,
    "expected_tool_daemon_sha256_by_role": {
      "cs_server": "9bf0e15ffe162a96679c14b8117cf8ebe8a47b8032bee4ab8cb0317c112df536",
      "rdi_xsdb": "3193d8c4e7115e82e5b4ea6c2eb1aa8a7566bd5a9f9c78e9d901b9eab9d4ebfc",
      "cmd": "75320a519959cc6d089ea3eba33c38caccb7f138a025ea439bc9686cdb79ded4",
      "conhost": "a93cbb36b9c02364be6a72817174c46f94b66715549f279c6592ed659d237911"
    },
    "expected_tool_daemon_hash_error": "",
    "expected_tool_daemon_prelaunch_hashes_verified": true,
    "expected_tool_daemon_prelaunch_sha256_by_role": {
      "cs_server": "9bf0e15ffe162a96679c14b8117cf8ebe8a47b8032bee4ab8cb0317c112df536",
      "rdi_xsdb": "3193d8c4e7115e82e5b4ea6c2eb1aa8a7566bd5a9f9c78e9d901b9eab9d4ebfc",
      "cmd": "75320a519959cc6d089ea3eba33c38caccb7f138a025ea439bc9686cdb79ded4",
      "conhost": "a93cbb36b9c02364be6a72817174c46f94b66715549f279c6592ed659d237911"
    },
    "expected_tool_daemon_prelaunch_hash_error": "",
    "expected_tool_daemon_postexit_hashes_verified": true,
    "expected_tool_daemon_postexit_sha256_by_role": {
      "cs_server": "9bf0e15ffe162a96679c14b8117cf8ebe8a47b8032bee4ab8cb0317c112df536",
      "rdi_xsdb": "3193d8c4e7115e82e5b4ea6c2eb1aa8a7566bd5a9f9c78e9d901b9eab9d4ebfc",
      "cmd": "75320a519959cc6d089ea3eba33c38caccb7f138a025ea439bc9686cdb79ded4",
      "conhost": "a93cbb36b9c02364be6a72817174c46f94b66715549f279c6592ed659d237911"
    },
    "expected_tool_daemon_postexit_hash_error": "",
    "expected_tool_daemon_topology_error": "",
    "expected_tool_daemon_topology_terminal_empty": true,
    "process_identity_query_retry_count": 1,
    "process_exit_race_recheck_count": 1,
    "process_identity_query_transient_errors": [],
    "containment_cleanup_attempted": false,
    "containment_cleanup_terminated": false,
    "process_exit_race_rechecked": true,
    "process_identity_query_retried": true,
    "containment_query_error": "",
    "launch_error": "",
    "attempted": true,
    "programming_attempted": true,
    "result_file": "C:\\Users\\user\\Documents\\RF_COMM_MULTILANE\\evidence\\hardware\\p7\\authorized_sequence\\p7_20260711_stationary_app_r8\\004_p7_p6_frame_regression_m3\\p7_shutdown_before_result.txt",
    "passed": true,
    "failures": []
  },
  "shutdown_after": {
    "name": "shutdown_after",
    "returncode": 0,
    "stdout_path": "C:\\Users\\user\\Documents\\RF_COMM_MULTILANE\\evidence\\hardware\\p7\\authorized_sequence\\p7_20260711_stationary_app_r8\\004_p7_p6_frame_regression_m3\\p7_shutdown_after.stdout.log",
    "stderr_path": "C:\\Users\\user\\Documents\\RF_COMM_MULTILANE\\evidence\\hardware\\p7\\authorized_sequence\\p7_20260711_stationary_app_r8\\004_p7_p6_frame_regression_m3\\p7_shutdown_after.stderr.log",
    "elapsed_seconds": 48.546558,
    "argv": [
      "D:\\Xilinx\\Vivado\\2023.1\\bin\\vivado.bat",
      "-mode",
      "batch",
      "-source",
      "C:\\Users\\user\\Documents\\RF_COMM_MULTILANE\\scripts\\hw\\p7_jtag_axi_transactions.tcl",
      "-tclargs",
      "C:\\Users\\user\\Documents\\RF_COMM_MULTILANE",
      "SHUTDOWN",
      "C:\\Users\\user\\Documents\\RF_COMM_MULTILANE\\.hardware_authorization\\p7_20260711_stationary_app_r8_004_p7_p6_frame_regression_m3.txt",
      "210512180081",
      "xc7z010clg400-1",
      "localhost:3121/xilinx_tcf/Digilent/210512180081",
      "localhost:3121",
      "1000000",
      "C:\\Users\\user\\Documents\\RF_COMM_MULTILANE\\shutdown_bitstream\\tfdu_shutdown_j10_j11.bit",
      "-",
      "-",
      "C:\\Users\\user\\Documents\\RF_COMM_MULTILANE\\evidence\\hardware\\p7\\authorized_sequence\\p7_20260711_stationary_app_r8\\004_p7_p6_frame_regression_m3\\p7_shutdown_after_result.txt",
      "0x43c00000",
      "1100000",
      "134217728",
      "550",
      "C:\\Users\\user\\Documents\\RF_COMM_MULTILANE\\shutdown_bitstream\\tfdu_shutdown_j10_j11.bit"
    ],
    "started_at_utc": "2026-07-11T07:54:19.709120+00:00",
    "ended_at_utc": "2026-07-11T07:55:08.255687+00:00",
    "timed_out": false,
    "abort_seen": false,
    "interrupted": false,
    "process_tree_terminated": false,
    "process_tree_reaped": true,
    "containment_kind": "WINDOWS_JOB_OBJECT_KILL_ON_CLOSE",
    "containment_assigned": true,
    "containment_closed": true,
    "descendant_count_after": 0,
    "expected_tool_daemon_grace_used": true,
    "expected_tool_daemon_grace_seconds": 30.0,
    "expected_tool_daemon_paths": [
      "D:\\Xilinx\\Vivado\\2023.1\\bin\\unwrapped\\win64.o\\cs_server.exe",
      "D:\\Xilinx\\Vivado\\2023.1\\bin\\unwrapped\\win64.o\\rdi_xsdb.exe",
      "C:\\Windows\\System32\\cmd.exe",
      "C:\\Windows\\System32\\conhost.exe"
    ],
    "descendant_paths_seen": [
      "C:\\Windows\\System32\\conhost.exe",
      "D:\\Xilinx\\Vivado\\2023.1\\bin\\unwrapped\\win64.o\\cs_server.exe",
      "C:\\Windows\\System32\\conhost.exe",
      "D:\\Xilinx\\Vivado\\2023.1\\bin\\unwrapped\\win64.o\\cs_server.exe",
      "C:\\Windows\\System32\\cmd.exe",
      "D:\\Xilinx\\Vivado\\2023.1\\bin\\unwrapped\\win64.o\\rdi_xsdb.exe"
    ],
    "descendant_processes_seen": [
      {
        "pid": 9836,
        "parent_pid": 35260,
        "parent_active_globally": false,
        "image_path": "C:\\Windows\\System32\\conhost.exe",
        "creation_time_100ns": 134282300677104242
      },
      {
        "pid": 21968,
        "parent_pid": 42048,
        "parent_active_globally": true,
        "image_path": "D:\\Xilinx\\Vivado\\2023.1\\bin\\unwrapped\\win64.o\\cs_server.exe",
        "creation_time_100ns": 134282300685130599
      },
      {
        "pid": 41956,
        "parent_pid": 44092,
        "parent_active_globally": true,
        "image_path": "C:\\Windows\\System32\\conhost.exe",
        "creation_time_100ns": 134282300689375185
      },
      {
        "pid": 42048,
        "parent_pid": 8720,
        "parent_active_globally": false,
        "image_path": "D:\\Xilinx\\Vivado\\2023.1\\bin\\unwrapped\\win64.o\\cs_server.exe",
        "creation_time_100ns": 134282300684180100
      },
      {
        "pid": 44092,
        "parent_pid": 13628,
        "parent_active_globally": false,
        "image_path": "C:\\Windows\\System32\\cmd.exe",
        "creation_time_100ns": 134282300689315963
      },
      {
        "pid": 47316,
        "parent_pid": 44092,
        "parent_active_globally": true,
        "image_path": "D:\\Xilinx\\Vivado\\2023.1\\bin\\unwrapped\\win64.o\\rdi_xsdb.exe",
        "creation_time_100ns": 134282300692512001
      }
    ],
    "expected_tool_daemon_classification": "EXACT_R2_VIVADO_EXIT_HELPER_FOREST",
    "expected_tool_daemon_topology_snapshots": [
      {
        "classification": "EXACT_R2_VIVADO_EXIT_HELPER_FOREST",
        "elapsed_seconds": 0.00626,
        "processes": [
          {
            "pid": 9836,
            "parent_pid": 35260,
            "parent_active_globally": false,
            "image_path": "C:\\Windows\\System32\\conhost.exe",
            "creation_time_100ns": 134282300677104242
          },
          {
            "pid": 21968,
            "parent_pid": 42048,
            "parent_active_globally": true,
            "image_path": "D:\\Xilinx\\Vivado\\2023.1\\bin\\unwrapped\\win64.o\\cs_server.exe",
            "creation_time_100ns": 134282300685130599
          },
          {
            "pid": 41956,
            "parent_pid": 44092,
            "parent_active_globally": true,
            "image_path": "C:\\Windows\\System32\\conhost.exe",
            "creation_time_100ns": 134282300689375185
          },
          {
            "pid": 42048,
            "parent_pid": 8720,
            "parent_active_globally": false,
            "image_path": "D:\\Xilinx\\Vivado\\2023.1\\bin\\unwrapped\\win64.o\\cs_server.exe",
            "creation_time_100ns": 134282300684180100
          },
          {
            "pid": 44092,
            "parent_pid": 13628,
            "parent_active_globally": false,
            "image_path": "C:\\Windows\\System32\\cmd.exe",
            "creation_time_100ns": 134282300689315963
          },
          {
            "pid": 47316,
            "parent_pid": 44092,
            "parent_active_globally": true,
            "image_path": "D:\\Xilinx\\Vivado\\2023.1\\bin\\unwrapped\\win64.o\\rdi_xsdb.exe",
            "creation_time_100ns": 134282300692512001
          }
        ]
      },
      {
        "classification": "STRICT_SHRINK_SUBSET_OF_EXACT_R2_VIVADO_EXIT_HELPER_FOREST",
        "elapsed_seconds": 19.86031,
        "processes": [
          {
            "pid": 9836,
            "parent_pid": 35260,
            "parent_active_globally": false,
            "image_path": "C:\\Windows\\System32\\conhost.exe",
            "creation_time_100ns": 134282300677104242
          },
          {
            "pid": 21968,
            "parent_pid": 42048,
            "parent_active_globally": true,
            "image_path": "D:\\Xilinx\\Vivado\\2023.1\\bin\\unwrapped\\win64.o\\cs_server.exe",
            "creation_time_100ns": 134282300685130599
          },
          {
            "pid": 42048,
            "parent_pid": 8720,
            "parent_active_globally": false,
            "image_path": "D:\\Xilinx\\Vivado\\2023.1\\bin\\unwrapped\\win64.o\\cs_server.exe",
            "creation_time_100ns": 134282300684180100
          }
        ]
      },
      {
        "classification": "EMPTY",
        "elapsed_seconds": 20.126809,
        "processes": []
      }
    ],
    "expected_tool_daemon_topology_revalidation_count": 185,
    "expected_tool_daemon_topology_monotonic": true,
    "expected_tool_daemon_topology_sample_elapsed_seconds": [
      4.1e-05,
      0.00626,
      0.116244,
      0.224108,
      0.332525,
      0.441649,
      0.550506,
      0.658352,
      0.766995,
      0.87623,
      0.985144,
      1.094117,
      1.202421,
      1.308499,
      1.417032,
      1.525502,
      1.634202,
      1.742469,
      1.850692,
      1.960664,
      2.069528,
      2.177994,
      2.285448,
      2.394505,
      2.503083,
      2.611911,
      2.720217,
      2.828599,
      2.937113,
      3.045155,
      3.153298,
      3.261451,
      3.369883,
      3.481706,
      3.590109,
      3.697106,
      3.805864,
      3.914039,
      4.022292,
      4.130985,
      4.238862,
      4.345842,
      4.454613,
      4.563252,
      4.672161,
      4.781068,
      4.889541,
      4.998197,
      5.105189,
      5.213562,
      5.322401,
      5.430795,
      5.539275,
      5.647778,
      5.756997,
      5.865942,
      5.97724,
      6.085764,
      6.194071,
      6.302104,
      6.410708,
      6.519365,
      6.626081,
      6.734323,
      6.841803,
      6.949315,
      7.056147,
      7.165064,
      7.27335,
      7.382081,
      7.490794,
      7.598738,
      7.707453,
      7.816262,
      7.924992,
      8.032889,
      8.141337,
      8.248187,
      8.356417,
      8.465171,
      8.571877,
      8.678807,
      8.786271,
      8.895137,
      9.003569,
      9.111734,
      9.219071,
      9.326415,
      9.434841,
      9.542709,
      9.649933,
      9.75834,
      9.866118,
      9.974955,
      10.084829,
      10.192778,
      10.303351,
      10.411957,
      10.520398,
      10.628348,
      10.737348,
      10.846415,
      10.955346,
      11.062286,
      11.171429,
      11.279465,
      11.387934,
      11.494759,
      11.604062,
      11.711845,
      11.81985,
      11.927357,
      12.035742,
      12.144081,
      12.252366,
      12.360035,
      12.469182,
      12.578795,
      12.687501,
      12.795307,
      12.903672,
      13.012174,
      13.121062,
      13.229038,
      13.33633,
      13.444533,
      13.553145,
      13.660147,
      13.768866,
      13.876641,
      13.985387,
      14.093878,
      14.200837,
      14.307511,
      14.41586,
      14.524425,
      14.633397,
      14.741799,
      14.849233,
      14.958369,
      15.066983,
      15.175571,
      15.284835,
      15.393852,
      15.500597,
      15.609586,
      15.718014,
      15.835986,
      15.94513,
      16.054008,
      16.163115,
      16.271839,
      16.390596,
      16.499946,
      16.610722,
      16.718365,
      16.82739,
      16.935473,
      17.044096,
      17.152799,
      17.260134,
      17.368862,
      17.477354,
      17.58568,
      17.692899,
      17.802197,
      17.91068,
      18.019544,
      18.127802,
      18.235209,
      18.342282,
      18.451081,
      18.55937,
      18.667779,
      18.776575,
      18.884999,
      18.993121,
      19.101453,
      19.208687,
      19.317655,
      19.426889,
      19.535496,
      19.643767,
      19.751862,
      19.86031,
      19.967721,
      20.126809
    ],
    "expected_tool_daemon_topology_max_sample_gap_seconds": 0.159088,
    "expected_tool_daemon_grace_elapsed_seconds": 20.126827,
    "expected_tool_daemon_hashes_verified": true,
    "expected_tool_daemon_sha256_by_role": {
      "cs_server": "9bf0e15ffe162a96679c14b8117cf8ebe8a47b8032bee4ab8cb0317c112df536",
      "rdi_xsdb": "3193d8c4e7115e82e5b4ea6c2eb1aa8a7566bd5a9f9c78e9d901b9eab9d4ebfc",
      "cmd": "75320a519959cc6d089ea3eba33c38caccb7f138a025ea439bc9686cdb79ded4",
      "conhost": "a93cbb36b9c02364be6a72817174c46f94b66715549f279c6592ed659d237911"
    },
    "expected_tool_daemon_hash_error": "",
    "expected_tool_daemon_prelaunch_hashes_verified": true,
    "expected_tool_daemon_prelaunch_sha256_by_role": {
      "cs_server": "9bf0e15ffe162a96679c14b8117cf8ebe8a47b8032bee4ab8cb0317c112df536",
      "rdi_xsdb": "3193d8c4e7115e82e5b4ea6c2eb1aa8a7566bd5a9f9c78e9d901b9eab9d4ebfc",
      "cmd": "75320a519959cc6d089ea3eba33c38caccb7f138a025ea439bc9686cdb79ded4",
      "conhost": "a93cbb36b9c02364be6a72817174c46f94b66715549f279c6592ed659d237911"
    },
    "expected_tool_daemon_prelaunch_hash_error": "",
    "expected_tool_daemon_postexit_hashes_verified": true,
    "expected_tool_daemon_postexit_sha256_by_role": {
      "cs_server": "9bf0e15ffe162a96679c14b8117cf8ebe8a47b8032bee4ab8cb0317c112df536",
      "rdi_xsdb": "3193d8c4e7115e82e5b4ea6c2eb1aa8a7566bd5a9f9c78e9d901b9eab9d4ebfc",
      "cmd": "75320a519959cc6d089ea3eba33c38caccb7f138a025ea439bc9686cdb79ded4",
      "conhost": "a93cbb36b9c02364be6a72817174c46f94b66715549f279c6592ed659d237911"
    },
    "expected_tool_daemon_postexit_hash_error": "",
    "expected_tool_daemon_topology_error": "",
    "expected_tool_daemon_topology_terminal_empty": true,
    "process_identity_query_retry_count": 0,
    "process_exit_race_recheck_count": 1,
    "process_identity_query_transient_errors": [],
    "containment_cleanup_attempted": false,
    "containment_cleanup_terminated": false,
    "process_exit_race_rechecked": true,
    "process_identity_query_retried": false,
    "containment_query_error": "",
    "launch_error": "",
    "passed": true,
    "failures": [],
    "attempted": true,
    "programming_attempted": true,
    "result_file": "C:\\Users\\user\\Documents\\RF_COMM_MULTILANE\\evidence\\hardware\\p7\\authorized_sequence\\p7_20260711_stationary_app_r8\\004_p7_p6_frame_regression_m3\\p7_shutdown_after_result.txt"
  },
  "tfdu_activity_semantics": "conservative_true_once_transmitting_candidate_command_is_launched",
  "stage_process": {
    "name": "jtag_axi_stage",
    "returncode": 0,
    "stdout_path": "C:\\Users\\user\\Documents\\RF_COMM_MULTILANE\\evidence\\hardware\\p7\\authorized_sequence\\p7_20260711_stationary_app_r8\\004_p7_p6_frame_regression_m3\\p7_jtag_axi_stage.stdout.log",
    "stderr_path": "C:\\Users\\user\\Documents\\RF_COMM_MULTILANE\\evidence\\hardware\\p7\\authorized_sequence\\p7_20260711_stationary_app_r8\\004_p7_p6_frame_regression_m3\\p7_jtag_axi_stage.stderr.log",
    "elapsed_seconds": 75.717154,
    "argv": [
      "D:\\Xilinx\\Vivado\\2023.1\\bin\\vivado.bat",
      "-mode",
      "batch",
      "-source",
      "C:\\Users\\user\\Documents\\RF_COMM_MULTILANE\\scripts\\hw\\p7_jtag_axi_transactions.tcl",
      "-tclargs",
      "C:\\Users\\user\\Documents\\RF_COMM_MULTILANE",
      "STAGE",
      "C:\\Users\\user\\Documents\\RF_COMM_MULTILANE\\.hardware_authorization\\p7_20260711_stationary_app_r8_004_p7_p6_frame_regression_m3.txt",
      "210512180081",
      "xc7z010clg400-1",
      "localhost:3121/xilinx_tcf/Digilent/210512180081",
      "localhost:3121",
      "1000000",
      "C:\\Users\\user\\Documents\\RF_COMM_MULTILANE\\evidence\\hardware\\p6\\bitstreams\\p6_jtag_dynamic_transport_4830d547d6a667edda8deebae855c3a7154478e298efca70e2526e6f3570b23c.bit",
      "C:\\Users\\user\\Documents\\RF_COMM_MULTILANE\\evidence\\hardware\\p6\\bitstreams\\p6_jtag_dynamic_transport_76fe1ec47871946a7d357b0caa1f669500de827b796d6154dcc54678e0ac7083.ltx",
      "C:\\Users\\user\\Documents\\RF_COMM_MULTILANE\\build\\p7_authorized_sequence\\p7_20260711_stationary_app_r8\\transactions\\004_p7_p6_frame_regression_m3.transactions.txt",
      "C:\\Users\\user\\Documents\\RF_COMM_MULTILANE\\evidence\\hardware\\p7\\authorized_sequence\\p7_20260711_stationary_app_r8\\004_p7_p6_frame_regression_m3\\p7_jtag_axi_raw_result.txt",
      "0x43c00000",
      "1100000",
      "134217728",
      "550",
      "C:\\Users\\user\\Documents\\RF_COMM_MULTILANE\\shutdown_bitstream\\tfdu_shutdown_j10_j11.bit"
    ],
    "started_at_utc": "2026-07-11T07:53:03.975775+00:00",
    "ended_at_utc": "2026-07-11T07:54:19.692936+00:00",
    "timed_out": false,
    "abort_seen": false,
    "interrupted": false,
    "process_tree_terminated": false,
    "process_tree_reaped": true,
    "containment_kind": "WINDOWS_JOB_OBJECT_KILL_ON_CLOSE",
    "containment_assigned": true,
    "containment_closed": true,
    "descendant_count_after": 0,
    "expected_tool_daemon_grace_used": true,
    "expected_tool_daemon_grace_seconds": 30.0,
    "expected_tool_daemon_paths": [
      "D:\\Xilinx\\Vivado\\2023.1\\bin\\unwrapped\\win64.o\\cs_server.exe",
      "D:\\Xilinx\\Vivado\\2023.1\\bin\\unwrapped\\win64.o\\rdi_xsdb.exe",
      "C:\\Windows\\System32\\cmd.exe",
      "C:\\Windows\\System32\\conhost.exe"
    ],
    "descendant_paths_seen": [
      "C:\\Windows\\System32\\conhost.exe",
      "C:\\Windows\\System32\\conhost.exe",
      "C:\\Windows\\System32\\cmd.exe",
      "D:\\Xilinx\\Vivado\\2023.1\\bin\\unwrapped\\win64.o\\cs_server.exe",
      "D:\\Xilinx\\Vivado\\2023.1\\bin\\unwrapped\\win64.o\\cs_server.exe",
      "D:\\Xilinx\\Vivado\\2023.1\\bin\\unwrapped\\win64.o\\rdi_xsdb.exe"
    ],
    "descendant_processes_seen": [
      {
        "pid": 11896,
        "parent_pid": 15528,
        "parent_active_globally": true,
        "image_path": "C:\\Windows\\System32\\conhost.exe",
        "creation_time_100ns": 134282299931710786
      },
      {
        "pid": 15244,
        "parent_pid": 7696,
        "parent_active_globally": false,
        "image_path": "C:\\Windows\\System32\\conhost.exe",
        "creation_time_100ns": 134282299920055973
      },
      {
        "pid": 15528,
        "parent_pid": 45232,
        "parent_active_globally": false,
        "image_path": "C:\\Windows\\System32\\cmd.exe",
        "creation_time_100ns": 134282299931493434
      },
      {
        "pid": 31416,
        "parent_pid": 39036,
        "parent_active_globally": true,
        "image_path": "D:\\Xilinx\\Vivado\\2023.1\\bin\\unwrapped\\win64.o\\cs_server.exe",
        "creation_time_100ns": 134282299927726345
      },
      {
        "pid": 39036,
        "parent_pid": 544,
        "parent_active_globally": false,
        "image_path": "D:\\Xilinx\\Vivado\\2023.1\\bin\\unwrapped\\win64.o\\cs_server.exe",
        "creation_time_100ns": 134282299926750598
      },
      {
        "pid": 47800,
        "parent_pid": 15528,
        "parent_active_globally": true,
        "image_path": "D:\\Xilinx\\Vivado\\2023.1\\bin\\unwrapped\\win64.o\\rdi_xsdb.exe",
        "creation_time_100ns": 134282299934717025
      }
    ],
    "expected_tool_daemon_classification": "EXACT_R2_VIVADO_EXIT_HELPER_FOREST",
    "expected_tool_daemon_topology_snapshots": [
      {
        "classification": "EXACT_R2_VIVADO_EXIT_HELPER_FOREST",
        "elapsed_seconds": 0.005757,
        "processes": [
          {
            "pid": 11896,
            "parent_pid": 15528,
            "parent_active_globally": true,
            "image_path": "C:\\Windows\\System32\\conhost.exe",
            "creation_time_100ns": 134282299931710786
          },
          {
            "pid": 15244,
            "parent_pid": 7696,
            "parent_active_globally": false,
            "image_path": "C:\\Windows\\System32\\conhost.exe",
            "creation_time_100ns": 134282299920055973
          },
          {
            "pid": 15528,
            "parent_pid": 45232,
            "parent_active_globally": false,
            "image_path": "C:\\Windows\\System32\\cmd.exe",
            "creation_time_100ns": 134282299931493434
          },
          {
            "pid": 31416,
            "parent_pid": 39036,
            "parent_active_globally": true,
            "image_path": "D:\\Xilinx\\Vivado\\2023.1\\bin\\unwrapped\\win64.o\\cs_server.exe",
            "creation_time_100ns": 134282299927726345
          },
          {
            "pid": 39036,
            "parent_pid": 544,
            "parent_active_globally": false,
            "image_path": "D:\\Xilinx\\Vivado\\2023.1\\bin\\unwrapped\\win64.o\\cs_server.exe",
            "creation_time_100ns": 134282299926750598
          },
          {
            "pid": 47800,
            "parent_pid": 15528,
            "parent_active_globally": true,
            "image_path": "D:\\Xilinx\\Vivado\\2023.1\\bin\\unwrapped\\win64.o\\rdi_xsdb.exe",
            "creation_time_100ns": 134282299934717025
          }
        ]
      },
      {
        "classification": "STRICT_SHRINK_SUBSET_OF_EXACT_R2_VIVADO_EXIT_HELPER_FOREST",
        "elapsed_seconds": 19.490775,
        "processes": [
          {
            "pid": 15244,
            "parent_pid": 7696,
            "parent_active_globally": false,
            "image_path": "C:\\Windows\\System32\\conhost.exe",
            "creation_time_100ns": 134282299920055973
          },
          {
            "pid": 31416,
            "parent_pid": 39036,
            "parent_active_globally": true,
            "image_path": "D:\\Xilinx\\Vivado\\2023.1\\bin\\unwrapped\\win64.o\\cs_server.exe",
            "creation_time_100ns": 134282299927726345
          },
          {
            "pid": 39036,
            "parent_pid": 544,
            "parent_active_globally": false,
            "image_path": "D:\\Xilinx\\Vivado\\2023.1\\bin\\unwrapped\\win64.o\\cs_server.exe",
            "creation_time_100ns": 134282299926750598
          }
        ]
      },
      {
        "classification": "EMPTY",
        "elapsed_seconds": 20.782169,
        "processes": []
      }
    ],
    "expected_tool_daemon_topology_revalidation_count": 192,
    "expected_tool_daemon_topology_monotonic": true,
    "expected_tool_daemon_topology_sample_elapsed_seconds": [
      4.4e-05,
      0.005757,
      0.115073,
      0.223473,
      0.331876,
      0.439736,
      0.546983,
      0.655941,
      0.76485,
      0.873062,
      0.981895,
      1.09063,
      1.198152,
      1.306799,
      1.415376,
      1.524017,
      1.63231,
      1.740745,
      1.848133,
      1.957822,
      2.066118,
      2.175398,
      2.284163,
      2.392896,
      2.500185,
      2.608982,
      2.718165,
      2.826501,
      2.934918,
      3.042527,
      3.15083,
      3.258227,
      3.366462,
      3.475204,
      3.583647,
      3.692167,
      3.801436,
      3.910201,
      4.019172,
      4.127268,
      4.234611,
      4.3428,
      4.451457,
      4.558367,
      4.664872,
      4.773363,
      4.881753,
      4.990355,
      5.098504,
      5.206604,
      5.314227,
      5.422165,
      5.530303,
      5.638874,
      5.747842,
      5.855834,
      5.9641,
      6.072088,
      6.180158,
      6.288164,
      6.396735,
      6.504706,
      6.612858,
      6.722157,
      6.828461,
      6.936881,
      7.045141,
      7.153764,
      7.26107,
      7.36988,
      7.478112,
      7.586221,
      7.69521,
      7.8038,
      7.910912,
      8.019976,
      8.128281,
      8.235555,
      8.344354,
      8.453432,
      8.56091,
      8.668654,
      8.776955,
      8.884191,
      8.991548,
      9.099375,
      9.207598,
      9.315667,
      9.423325,
      9.531385,
      9.639252,
      9.74795,
      9.856096,
      9.963512,
      10.073779,
      10.181349,
      10.289386,
      10.39809,
      10.506208,
      10.61642,
      10.725072,
      10.832874,
      10.941631,
      11.051758,
      11.162384,
      11.271082,
      11.379206,
      11.488245,
      11.595952,
      11.70441,
      11.812499,
      11.920556,
      12.02874,
      12.135152,
      12.243852,
      12.352299,
      12.460213,
      12.567964,
      12.676747,
      12.78384,
      12.892605,
      13.001305,
      13.108476,
      13.21663,
      13.324862,
      13.432507,
      13.541277,
      13.649496,
      13.757314,
      13.86546,
      13.974393,
      14.082437,
      14.190745,
      14.300466,
      14.407249,
      14.516588,
      14.6251,
      14.733804,
      14.842751,
      14.951512,
      15.060083,
      15.166705,
      15.275018,
      15.383715,
      15.492086,
      15.600545,
      15.707711,
      15.814766,
      15.923628,
      16.030937,
      16.139704,
      16.248295,
      16.355399,
      16.463553,
      16.571764,
      16.679476,
      16.788271,
      16.896849,
      17.005671,
      17.113946,
      17.223091,
      17.33168,
      17.44014,
      17.548931,
      17.657131,
      17.765699,
      17.872016,
      17.980094,
      18.087867,
      18.194634,
      18.300956,
      18.409567,
      18.518179,
      18.624643,
      18.733785,
      18.842584,
      18.951781,
      19.059186,
      19.167323,
      19.275519,
      19.383458,
      19.490775,
      19.59835,
      19.706943,
      19.815962,
      19.924022,
      20.030371,
      20.138867,
      20.247359,
      20.355415,
      20.463984,
      20.572318,
      20.680623,
      20.782169
    ],
    "expected_tool_daemon_topology_max_sample_gap_seconds": 0.110626,
    "expected_tool_daemon_grace_elapsed_seconds": 20.782188,
    "expected_tool_daemon_hashes_verified": true,
    "expected_tool_daemon_sha256_by_role": {
      "cs_server": "9bf0e15ffe162a96679c14b8117cf8ebe8a47b8032bee4ab8cb0317c112df536",
      "rdi_xsdb": "3193d8c4e7115e82e5b4ea6c2eb1aa8a7566bd5a9f9c78e9d901b9eab9d4ebfc",
      "cmd": "75320a519959cc6d089ea3eba33c38caccb7f138a025ea439bc9686cdb79ded4",
      "conhost": "a93cbb36b9c02364be6a72817174c46f94b66715549f279c6592ed659d237911"
    },
    "expected_tool_daemon_hash_error": "",
    "expected_tool_daemon_prelaunch_hashes_verified": true,
    "expected_tool_daemon_prelaunch_sha256_by_role": {
      "cs_server": "9bf0e15ffe162a96679c14b8117cf8ebe8a47b8032bee4ab8cb0317c112df536",
      "rdi_xsdb": "3193d8c4e7115e82e5b4ea6c2eb1aa8a7566bd5a9f9c78e9d901b9eab9d4ebfc",
      "cmd": "75320a519959cc6d089ea3eba33c38caccb7f138a025ea439bc9686cdb79ded4",
      "conhost": "a93cbb36b9c02364be6a72817174c46f94b66715549f279c6592ed659d237911"
    },
    "expected_tool_daemon_prelaunch_hash_error": "",
    "expected_tool_daemon_postexit_hashes_verified": true,
    "expected_tool_daemon_postexit_sha256_by_role": {
      "cs_server": "9bf0e15ffe162a96679c14b8117cf8ebe8a47b8032bee4ab8cb0317c112df536",
      "rdi_xsdb": "3193d8c4e7115e82e5b4ea6c2eb1aa8a7566bd5a9f9c78e9d901b9eab9d4ebfc",
      "cmd": "75320a519959cc6d089ea3eba33c38caccb7f138a025ea439bc9686cdb79ded4",
      "conhost": "a93cbb36b9c02364be6a72817174c46f94b66715549f279c6592ed659d237911"
    },
    "expected_tool_daemon_postexit_hash_error": "",
    "expected_tool_daemon_topology_error": "",
    "expected_tool_daemon_topology_terminal_empty": true,
    "process_identity_query_retry_count": 0,
    "process_exit_race_recheck_count": 0,
    "process_identity_query_transient_errors": [],
    "containment_cleanup_attempted": false,
    "containment_cleanup_terminated": false,
    "process_exit_race_rechecked": false,
    "process_identity_query_retried": false,
    "containment_query_error": "",
    "launch_error": "",
    "passed": true,
    "failures": [],
    "result_file": "C:\\Users\\user\\Documents\\RF_COMM_MULTILANE\\evidence\\hardware\\p7\\authorized_sequence\\p7_20260711_stationary_app_r8\\004_p7_p6_frame_regression_m3\\p7_jtag_axi_raw_result.txt"
  },
  "stage_result_markers": {
    "P7_HW_TARGET": "localhost:3121/xilinx_tcf/Digilent/210512180081",
    "P7_HW_DEVICE": "xc7z010_1",
    "P7_HW_PART": "xc7z010clg400-1",
    "P7_HW_IDCODE": "00010011011100100010000010010011",
    "P7_HW_CANONICAL_PART": "xc7z010clg400-1",
    "P7_HW_LIVE_PART": "xc7z010",
    "P7_HW_LIVE_DEVICE": "xc7z010_1",
    "P7_HW_LIVE_IDCODE": "00010011011100100010000010010011",
    "P7_CANDIDATE_PROGRAMMED": "1",
    "P7_HW_AXI": "hw_axi_1",
    "P7_TXN_META_BACKEND": "p7_jtag_backend",
    "P7_TXN_META_LANE_POLICY": "REPLICATE_0X3",
    "P7_BASE_TX_COUNT": "00000000",
    "P7_BASE_RX_GOOD_COUNT_L0": "00000000",
    "P7_BASE_RX_GOOD_COUNT_L1": "00000000",
    "P7_BASE_CRC_BAD": "00000000",
    "P7_BASE_PAYLOAD_MISMATCH": "00000000",
    "P7_BASE_RETRY_COUNT": "00000000",
    "P7_BASE_RETRY_EXHAUSTED": "00000000",
    "P7_BASE_TX_FAIL": "00000000",
    "P7_BASE_DUTY_VIOLATION": "00000000",
    "P7_BASE_RAW_TX_PULSES": "00000000",
    "P7_BASE_RAW_RX_PULSES": "00000000",
    "P7_BASE_FRAME_GOOD": "00000000",
    "P7_BASE_FRAME_BAD": "00000000",
    "P7_BASE_ACK_SENT": "00000000",
    "P7_BASE_ACK_SEEN": "00000000",
    "P7_BASE_TXD_HIGH_MAX": "00000000",
    "P7_BASE_ERROR_CODE": "00000000",
    "P7_BASE_STICKY_ERROR": "00000000",
    "P7F00000_TXW000": "50414652",
    "P7F00000_TXW001": "00200101",
    "P7F00000_TXW002": "50370004",
    "P7F00000_TXW003": "00000004",
    "P7F00000_TXW004": "00001000",
    "P7F00000_TXW005": "00140000",
    "P7F00000_TXW006": "000000D7",
    "P7F00000_TXW007": "2FB64E16",
    "P7F00000_TXW008": "07060504",
    "P7F00000_TXW009": "0B0A0908",
    "P7F00000_TXW010": "0F0E0D0C",
    "P7F00000_TXW011": "13121110",
    "P7F00000_TXW012": "17161514",
    "P7F00000_TXW013": "1B1A1918",
    "P7F00000_TXW014": "1F1E1D1C",
    "P7F00000_TXW015": "23222120",
    "P7F00000_TXW016": "27262524",
    "P7F00000_TXW017": "2B2A2928",
    "P7F00000_TXW018": "2F2E2D2C",
    "P7F00000_TXW019": "33323130",
    "P7F00000_TXW020": "37363534",
    "P7F00000_TXW021": "3B3A3938",
    "P7F00000_TXW022": "3F3E3D3C",
    "P7F00000_TXW023": "43424140",
    "P7F00000_TXW024": "47464544",
    "P7F00000_TXW025": "4B4A4948",
    "P7F00000_TXW026": "4F4E4D4C",
    "P7F00000_TXW027": "53525150",
    "P7F00000_TXW028": "57565554",
    "P7F00000_TXW029": "5B5A5958",
    "P7F00000_TXW030": "5F5E5D5C",
    "P7F00000_TXW031": "63626160",
    "P7F00000_TXW032": "67666564",
    "P7F00000_TXW033": "6B6A6968",
    "P7F00000_TXW034": "6F6E6D6C",
    "P7F00000_TXW035": "73727170",
    "P7F00000_TXW036": "77767574",
    "P7F00000_TXW037": "7B7A7978",
    "P7F00000_TXW038": "7F7E7D7C",
    "P7F00000_TXW039": "83828180",
    "P7F00000_TXW040": "87868584",
    "P7F00000_TXW041": "8B8A8988",
    "P7F00000_TXW042": "8F8E8D8C",
    "P7F00000_TXW043": "93929190",
    "P7F00000_TXW044": "97969594",
    "P7F00000_TXW045": "9B9A9998",
    "P7F00000_TXW046": "9F9E9D9C",
    "P7F00000_TXW047": "A3A2A1A0",
    "P7F00000_TXW048": "A7A6A5A4",
    "P7F00000_TXW049": "ABAAA9A8",
    "P7F00000_TXW050": "AFAEADAC",
    "P7F00000_TXW051": "B3B2B1B0",
    "P7F00000_TXW052": "B7B6B5B4",
    "P7F00000_TXW053": "BBBAB9B8",
    "P7F00000_TXW054": "BFBEBDBC",
    "P7F00000_TXW055": "C3C2C1C0",
    "P7F00000_TXW056": "C7C6C5C4",
    "P7F00000_TXW057": "CBCAC9C8",
    "P7F00000_TXW058": "CFCECDCC",
    "P7F00000_TXW059": "D3D2D1D0",
    "P7F00000_TXW060": "D7D6D5D4",
    "P7F00000_TXW061": "00DAD9D8",
    "P7F00000_COMMIT": "00000007",
    "P7F00000_COMMIT_POLLS": "1",
    "P7F00000_TX_CRC32": "9A6E5A89",
    "P7F00000_DONE": "00000017",
    "P7F00000_DONE_POLLS": "1",
    "P7F00000_STATUS": "00000017",
    "P7F00000_MAILBOX": "50364F4B",
    "P7F00000_RX_LEN": "000000F7",
    "P7F00000_RX_CRC32": "9A6E5A89",
    "P7F00000_RX_DIGEST": "9A6E5A89",
    "P7F00000_TX_COUNT": "00000001",
    "P7F00000_RX_GOOD_COUNT_L0": "00000001",
    "P7F00000_RX_GOOD_COUNT_L1": "00000001",
    "P7F00000_CRC_BAD": "00000000",
    "P7F00000_PAYLOAD_MISMATCH": "00000000",
    "P7F00000_RETRY_COUNT": "00000000",
    "P7F00000_RETRY_EXHAUSTED": "00000000",
    "P7F00000_TX_FAIL": "00000000",
    "P7F00000_DUTY_VIOLATION": "00000000",
    "P7F00000_RAW_TX_PULSES": "000008C0",
    "P7F00000_RAW_RX_PULSES": "00001180",
    "P7F00000_FRAME_GOOD": "00000001",
    "P7F00000_FRAME_BAD": "00000000",
    "P7F00000_ACK_SENT": "00000001",
    "P7F00000_ACK_SEEN": "00000001",
    "P7F00000_TXD_HIGH_MAX": "00000008",
    "P7F00000_ERROR_CODE": "00000000",
    "P7F00000_STICKY_ERROR": "00000000",
    "P7F00000_RXW000": "50414652",
    "P7F00000_RXW001": "00200101",
    "P7F00000_RXW002": "50370004",
    "P7F00000_RXW003": "00000004",
    "P7F00000_RXW004": "00001000",
    "P7F00000_RXW005": "00140000",
    "P7F00000_RXW006": "000000D7",
    "P7F00000_RXW007": "2FB64E16",
    "P7F00000_RXW008": "07060504",
    "P7F00000_RXW009": "0B0A0908",
    "P7F00000_RXW010": "0F0E0D0C",
    "P7F00000_RXW011": "13121110",
    "P7F00000_RXW012": "17161514",
    "P7F00000_RXW013": "1B1A1918",
    "P7F00000_RXW014": "1F1E1D1C",
    "P7F00000_RXW015": "23222120",
    "P7F00000_RXW016": "27262524",
    "P7F00000_RXW017": "2B2A2928",
    "P7F00000_RXW018": "2F2E2D2C",
    "P7F00000_RXW019": "33323130",
    "P7F00000_RXW020": "37363534",
    "P7F00000_RXW021": "3B3A3938",
    "P7F00000_RXW022": "3F3E3D3C",
    "P7F00000_RXW023": "43424140",
    "P7F00000_RXW024": "47464544",
    "P7F00000_RXW025": "4B4A4948",
    "P7F00000_RXW026": "4F4E4D4C",
    "P7F00000_RXW027": "53525150",
    "P7F00000_RXW028": "57565554",
    "P7F00000_RXW029": "5B5A5958",
    "P7F00000_RXW030": "5F5E5D5C",
    "P7F00000_RXW031": "63626160",
    "P7F00000_RXW032": "67666564",
    "P7F00000_RXW033": "6B6A6968",
    "P7F00000_RXW034": "6F6E6D6C",
    "P7F00000_RXW035": "73727170",
    "P7F00000_RXW036": "77767574",
    "P7F00000_RXW037": "7B7A7978",
    "P7F00000_RXW038": "7F7E7D7C",
    "P7F00000_RXW039": "83828180",
    "P7F00000_RXW040": "87868584",
    "P7F00000_RXW041": "8B8A8988",
    "P7F00000_RXW042": "8F8E8D8C",
    "P7F00000_RXW043": "93929190",
    "P7F00000_RXW044": "97969594",
    "P7F00000_RXW045": "9B9A9998",
    "P7F00000_RXW046": "9F9E9D9C",
    "P7F00000_RXW047": "A3A2A1A0",
    "P7F00000_RXW048": "A7A6A5A4",
    "P7F00000_RXW049": "ABAAA9A8",
    "P7F00000_RXW050": "AFAEADAC",
    "P7F00000_RXW051": "B3B2B1B0",
    "P7F00000_RXW052": "B7B6B5B4",
    "P7F00000_RXW053": "BBBAB9B8",
    "P7F00000_RXW054": "BFBEBDBC",
    "P7F00000_RXW055": "C3C2C1C0",
    "P7F00000_RXW056": "C7C6C5C4",
    "P7F00000_RXW057": "CBCAC9C8",
    "P7F00000_RXW058": "CFCECDCC",
    "P7F00000_RXW059": "D3D2D1D0",
    "P7F00000_RXW060": "D7D6D5D4",
    "P7F00000_RXW061": "00DAD9D8",
    "P7F00001_TXW000": "50414652",
    "P7F00001_TXW001": "00200001",
    "P7F00001_TXW002": "50370004",
    "P7F00001_TXW003": "00000004",
    "P7F00001_TXW004": "00001000",
    "P7F00001_TXW005": "00140001",
    "P7F00001_TXW006": "000000D7",
    "P7F00001_TXW007": "2FB64E16",
    "P7F00001_TXW008": "DEDDDCDB",
    "P7F00001_TXW009": "E2E1E0DF",
    "P7F00001_TXW010": "E6E5E4E3",
    "P7F00001_TXW011": "EAE9E8E7",
    "P7F00001_TXW012": "EEEDECEB",
    "P7F00001_TXW013": "F2F1F0EF",
    "P7F00001_TXW014": "F6F5F4F3",
    "P7F00001_TXW015": "FAF9F8F7",
    "P7F00001_TXW016": "FEFDFCFB",
    "P7F00001_TXW017": "020100FF",
    "P7F00001_TXW018": "06050403",
    "P7F00001_TXW019": "0A090807",
    "P7F00001_TXW020": "0E0D0C0B",
    "P7F00001_TXW021": "1211100F",
    "P7F00001_TXW022": "16151413",
    "P7F00001_TXW023": "1A191817",
    "P7F00001_TXW024": "1E1D1C1B",
    "P7F00001_TXW025": "2221201F",
    "P7F00001_TXW026": "26252423",
    "P7F00001_TXW027": "2A292827",
    "P7F00001_TXW028": "2E2D2C2B",
    "P7F00001_TXW029": "3231302F",
    "P7F00001_TXW030": "36353433",
    "P7F00001_TXW031": "3A393837",
    "P7F00001_TXW032": "3E3D3C3B",
    "P7F00001_TXW033": "4241403F",
    "P7F00001_TXW034": "46454443",
    "P7F00001_TXW035": "4A494847",
    "P7F00001_TXW036": "4E4D4C4B",
    "P7F00001_TXW037": "5251504F",
    "P7F00001_TXW038": "56555453",
    "P7F00001_TXW039": "5A595857",
    "P7F00001_TXW040": "5E5D5C5B",
    "P7F00001_TXW041": "6261605F",
    "P7F00001_TXW042": "66656463",
    "P7F00001_TXW043": "6A696867",
    "P7F00001_TXW044": "6E6D6C6B",
    "P7F00001_TXW045": "7271706F",
    "P7F00001_TXW046": "76757473",
    "P7F00001_TXW047": "7A797877",
    "P7F00001_TXW048": "7E7D7C7B",
    "P7F00001_TXW049": "8281807F",
    "P7F00001_TXW050": "86858483",
    "P7F00001_TXW051": "8A898887",
    "P7F00001_TXW052": "8E8D8C8B",
    "P7F00001_TXW053": "9291908F",
    "P7F00001_TXW054": "96959493",
    "P7F00001_TXW055": "9A999897",
    "P7F00001_TXW056": "9E9D9C9B",
    "P7F00001_TXW057": "A2A1A09F",
    "P7F00001_TXW058": "A6A5A4A3",
    "P7F00001_TXW059": "AAA9A8A7",
    "P7F00001_TXW060": "AEADACAB",
    "P7F00001_TXW061": "00B1B0AF",
    "P7F00001_COMMIT": "00000007",
    "P7F00001_COMMIT_POLLS": "1",
    "P7F00001_TX_CRC32": "7E28A420",
    "P7F00001_DONE": "00000017",
    "P7F00001_DONE_POLLS": "1",
    "P7F00001_STATUS": "00000017",
    "P7F00001_MAILBOX": "50364F4B",
    "P7F00001_RX_LEN": "000000F7",
    "P7F00001_RX_CRC32": "7E28A420",
    "P7F00001_RX_DIGEST": "7E28A420",
    "P7F00001_TX_COUNT": "00000002",
    "P7F00001_RX_GOOD_COUNT_L0": "00000002",
    "P7F00001_RX_GOOD_COUNT_L1": "00000002",
    "P7F00001_CRC_BAD": "00000000",
    "P7F00001_PAYLOAD_MISMATCH": "00000000",
    "P7F00001_RETRY_COUNT": "00000000",
    "P7F00001_RETRY_EXHAUSTED": "00000000",
    "P7F00001_TX_FAIL": "00000000",
    "P7F00001_DUTY_VIOLATION": "00000000",
    "P7F00001_RAW_TX_PULSES": "000008C0",
    "P7F00001_RAW_RX_PULSES": "00001181",
    "P7F00001_FRAME_GOOD": "00000002",
    "P7F00001_FRAME_BAD": "00000000",
    "P7F00001_ACK_SENT": "00000002",
    "P7F00001_ACK_SEEN": "00000002",
    "P7F00001_TXD_HIGH_MAX": "00000008",
    "P7F00001_ERROR_CODE": "00000000",
    "P7F00001_STICKY_ERROR": "00000000",
    "P7F00001_RXW000": "50414652",
    "P7F00001_RXW001": "00200001",
    "P7F00001_RXW002": "50370004",
    "P7F00001_RXW003": "00000004",
    "P7F00001_RXW004": "00001000",
    "P7F00001_RXW005": "00140001",
    "P7F00001_RXW006": "000000D7",
    "P7F00001_RXW007": "2FB64E16",
    "P7F00001_RXW008": "DEDDDCDB",
    "P7F00001_RXW009": "E2E1E0DF",
    "P7F00001_RXW010": "E6E5E4E3",
    "P7F00001_RXW011": "EAE9E8E7",
    "P7F00001_RXW012": "EEEDECEB",
    "P7F00001_RXW013": "F2F1F0EF",
    "P7F00001_RXW014": "F6F5F4F3",
    "P7F00001_RXW015": "FAF9F8F7",
    "P7F00001_RXW016": "FEFDFCFB",
    "P7F00001_RXW017": "020100FF",
    "P7F00001_RXW018": "06050403",
    "P7F00001_RXW019": "0A090807",
    "P7F00001_RXW020": "0E0D0C0B",
    "P7F00001_RXW021": "1211100F",
    "P7F00001_RXW022": "16151413",
    "P7F00001_RXW023": "1A191817",
    "P7F00001_RXW024": "1E1D1C1B",
    "P7F00001_RXW025": "2221201F",
    "P7F00001_RXW026": "26252423",
    "P7F00001_RXW027": "2A292827",
    "P7F00001_RXW028": "2E2D2C2B",
    "P7F00001_RXW029": "3231302F",
    "P7F00001_RXW030": "36353433",
    "P7F00001_RXW031": "3A393837",
    "P7F00001_RXW032": "3E3D3C3B",
    "P7F00001_RXW033": "4241403F",
    "P7F00001_RXW034": "46454443",
    "P7F00001_RXW035": "4A494847",
    "P7F00001_RXW036": "4E4D4C4B",
    "P7F00001_RXW037": "5251504F",
    "P7F00001_RXW038": "56555453",
    "P7F00001_RXW039": "5A595857",
    "P7F00001_RXW040": "5E5D5C5B",
    "P7F00001_RXW041": "6261605F",
    "P7F00001_RXW042": "66656463",
    "P7F00001_RXW043": "6A696867",
    "P7F00001_RXW044": "6E6D6C6B",
    "P7F00001_RXW045": "7271706F",
    "P7F00001_RXW046": "76757473",
    "P7F00001_RXW047": "7A797877",
    "P7F00001_RXW048": "7E7D7C7B",
    "P7F00001_RXW049": "8281807F",
    "P7F00001_RXW050": "86858483",
    "P7F00001_RXW051": "8A898887",
    "P7F00001_RXW052": "8E8D8C8B",
    "P7F00001_RXW053": "9291908F",
    "P7F00001_RXW054": "96959493",
    "P7F00001_RXW055": "9A999897",
    "P7F00001_RXW056": "9E9D9C9B",
    "P7F00001_RXW057": "A2A1A09F",
    "P7F00001_RXW058": "A6A5A4A3",
    "P7F00001_RXW059": "AAA9A8A7",
    "P7F00001_RXW060": "AEADACAB",
    "P7F00001_RXW061": "00B1B0AF",
    "P7F00002_TXW000": "50414652",
    "P7F00002_TXW001": "00200001",
    "P7F00002_TXW002": "50370004",
    "P7F00002_TXW003": "00000004",
    "P7F00002_TXW004": "00001000",
    "P7F00002_TXW005": "00140002",
    "P7F00002_TXW006": "000000D7",
    "P7F00002_TXW007": "2FB64E16",
    "P7F00002_TXW008": "B5B4B3B2",
    "P7F00002_TXW009": "B9B8B7B6",
    "P7F00002_TXW010": "BDBCBBBA",
    "P7F00002_TXW011": "C1C0BFBE",
    "P7F00002_TXW012": "C5C4C3C2",
    "P7F00002_TXW013": "C9C8C7C6",
    "P7F00002_TXW014": "CDCCCBCA",
    "P7F00002_TXW015": "D1D0CFCE",
    "P7F00002_TXW016": "D5D4D3D2",
    "P7F00002_TXW017": "D9D8D7D6",
    "P7F00002_TXW018": "DDDCDBDA",
    "P7F00002_TXW019": "E1E0DFDE",
    "P7F00002_TXW020": "E5E4E3E2",
    "P7F00002_TXW021": "E9E8E7E6",
    "P7F00002_TXW022": "EDECEBEA",
    "P7F00002_TXW023": "F1F0EFEE",
    "P7F00002_TXW024": "F5F4F3F2",
    "P7F00002_TXW025": "F9F8F7F6",
    "P7F00002_TXW026": "FDFCFBFA",
    "P7F00002_TXW027": "0100FFFE",
    "P7F00002_TXW028": "05040302",
    "P7F00002_TXW029": "09080706",
    "P7F00002_TXW030": "0D0C0B0A",
    "P7F00002_TXW031": "11100F0E",
    "P7F00002_TXW032": "15141312",
    "P7F00002_TXW033": "19181716",
    "P7F00002_TXW034": "1D1C1B1A",
    "P7F00002_TXW035": "21201F1E",
    "P7F00002_TXW036": "25242322",
    "P7F00002_TXW037": "29282726",
    "P7F00002_TXW038": "2D2C2B2A",
    "P7F00002_TXW039": "31302F2E",
    "P7F00002_TXW040": "35343332",
    "P7F00002_TXW041": "39383736",
    "P7F00002_TXW042": "3D3C3B3A",
    "P7F00002_TXW043": "41403F3E",
    "P7F00002_TXW044": "45444342",
    "P7F00002_TXW045": "49484746",
    "P7F00002_TXW046": "4D4C4B4A",
    "P7F00002_TXW047": "51504F4E",
    "P7F00002_TXW048": "55545352",
    "P7F00002_TXW049": "59585756",
    "P7F00002_TXW050": "5D5C5B5A",
    "P7F00002_TXW051": "61605F5E",
    "P7F00002_TXW052": "65646362",
    "P7F00002_TXW053": "69686766",
    "P7F00002_TXW054": "6D6C6B6A",
    "P7F00002_TXW055": "71706F6E",
    "P7F00002_TXW056": "75747372",
    "P7F00002_TXW057": "79787776",
    "P7F00002_TXW058": "7D7C7B7A",
    "P7F00002_TXW059": "81807F7E",
    "P7F00002_TXW060": "85848382",
    "P7F00002_TXW061": "00888786",
    "P7F00002_COMMIT": "00000007",
    "P7F00002_COMMIT_POLLS": "1",
    "P7F00002_TX_CRC32": "3491F17C",
    "P7F00002_DONE": "00000017",
    "P7F00002_DONE_POLLS": "1",
    "P7F00002_STATUS": "00000017",
    "P7F00002_MAILBOX": "50364F4B",
    "P7F00002_RX_LEN": "000000F7",
    "P7F00002_RX_CRC32": "3491F17C",
    "P7F00002_RX_DIGEST": "3491F17C",
    "P7F00002_TX_COUNT": "00000003",
    "P7F00002_RX_GOOD_COUNT_L0": "00000003",
    "P7F00002_RX_GOOD_COUNT_L1": "00000003",
    "P7F00002_CRC_BAD": "00000000",
    "P7F00002_PAYLOAD_MISMATCH": "00000000",
    "P7F00002_RETRY_COUNT": "00000000",
    "P7F00002_RETRY_EXHAUSTED": "00000000",
    "P7F00002_TX_FAIL": "00000000",
    "P7F00002_DUTY_VIOLATION": "00000000",
    "P7F00002_RAW_TX_PULSES": "000008C0",
    "P7F00002_RAW_RX_PULSES": "00001181",
    "P7F00002_FRAME_GOOD": "00000003",
    "P7F00002_FRAME_BAD": "00000000",
    "P7F00002_ACK_SENT": "00000003",
    "P7F00002_ACK_SEEN": "00000003",
    "P7F00002_TXD_HIGH_MAX": "00000008",
    "P7F00002_ERROR_CODE": "00000000",
    "P7F00002_STICKY_ERROR": "00000000",
    "P7F00002_RXW000": "50414652",
    "P7F00002_RXW001": "00200001",
    "P7F00002_RXW002": "50370004",
    "P7F00002_RXW003": "00000004",
    "P7F00002_RXW004": "00001000",
    "P7F00002_RXW005": "00140002",
    "P7F00002_RXW006": "000000D7",
    "P7F00002_RXW007": "2FB64E16",
    "P7F00002_RXW008": "B5B4B3B2",
    "P7F00002_RXW009": "B9B8B7B6",
    "P7F00002_RXW010": "BDBCBBBA",
    "P7F00002_RXW011": "C1C0BFBE",
    "P7F00002_RXW012": "C5C4C3C2",
    "P7F00002_RXW013": "C9C8C7C6",
    "P7F00002_RXW014": "CDCCCBCA",
    "P7F00002_RXW015": "D1D0CFCE",
    "P7F00002_RXW016": "D5D4D3D2",
    "P7F00002_RXW017": "D9D8D7D6",
    "P7F00002_RXW018": "DDDCDBDA",
    "P7F00002_RXW019": "E1E0DFDE",
    "P7F00002_RXW020": "E5E4E3E2",
    "P7F00002_RXW021": "E9E8E7E6",
    "P7F00002_RXW022": "EDECEBEA",
    "P7F00002_RXW023": "F1F0EFEE",
    "P7F00002_RXW024": "F5F4F3F2",
    "P7F00002_RXW025": "F9F8F7F6",
    "P7F00002_RXW026": "FDFCFBFA",
    "P7F00002_RXW027": "0100FFFE",
    "P7F00002_RXW028": "05040302",
    "P7F00002_RXW029": "09080706",
    "P7F00002_RXW030": "0D0C0B0A",
    "P7F00002_RXW031": "11100F0E",
    "P7F00002_RXW032": "15141312",
    "P7F00002_RXW033": "19181716",
    "P7F00002_RXW034": "1D1C1B1A",
    "P7F00002_RXW035": "21201F1E",
    "P7F00002_RXW036": "25242322",
    "P7F00002_RXW037": "29282726",
    "P7F00002_RXW038": "2D2C2B2A",
    "P7F00002_RXW039": "31302F2E",
    "P7F00002_RXW040": "35343332",
    "P7F00002_RXW041": "39383736",
    "P7F00002_RXW042": "3D3C3B3A",
    "P7F00002_RXW043": "41403F3E",
    "P7F00002_RXW044": "45444342",
    "P7F00002_RXW045": "49484746",
    "P7F00002_RXW046": "4D4C4B4A",
    "P7F00002_RXW047": "51504F4E",
    "P7F00002_RXW048": "55545352",
    "P7F00002_RXW049": "59585756",
    "P7F00002_RXW050": "5D5C5B5A",
    "P7F00002_RXW051": "61605F5E",
    "P7F00002_RXW052": "65646362",
    "P7F00002_RXW053": "69686766",
    "P7F00002_RXW054": "6D6C6B6A",
    "P7F00002_RXW055": "71706F6E",
    "P7F00002_RXW056": "75747372",
    "P7F00002_RXW057": "79787776",
    "P7F00002_RXW058": "7D7C7B7A",
    "P7F00002_RXW059": "81807F7E",
    "P7F00002_RXW060": "85848382",
    "P7F00002_RXW061": "00888786",
    "P7F00003_TXW000": "50414652",
    "P7F00003_TXW001": "00200001",
    "P7F00003_TXW002": "50370004",
    "P7F00003_TXW003": "00000004",
    "P7F00003_TXW004": "00001000",
    "P7F00003_TXW005": "00140003",
    "P7F00003_TXW006": "000000D7",
    "P7F00003_TXW007": "2FB64E16",
    "P7F00003_TXW008": "8C8B8A89",
    "P7F00003_TXW009": "908F8E8D",
    "P7F00003_TXW010": "94939291",
    "P7F00003_TXW011": "98979695",
    "P7F00003_TXW012": "9C9B9A99",
    "P7F00003_TXW013": "A09F9E9D",
    "P7F00003_TXW014": "A4A3A2A1",
    "P7F00003_TXW015": "A8A7A6A5",
    "P7F00003_TXW016": "ACABAAA9",
    "P7F00003_TXW017": "B0AFAEAD",
    "P7F00003_TXW018": "B4B3B2B1",
    "P7F00003_TXW019": "B8B7B6B5",
    "P7F00003_TXW020": "BCBBBAB9",
    "P7F00003_TXW021": "C0BFBEBD",
    "P7F00003_TXW022": "C4C3C2C1",
    "P7F00003_TXW023": "C8C7C6C5",
    "P7F00003_TXW024": "CCCBCAC9",
    "P7F00003_TXW025": "D0CFCECD",
    "P7F00003_TXW026": "D4D3D2D1",
    "P7F00003_TXW027": "D8D7D6D5",
    "P7F00003_TXW028": "DCDBDAD9",
    "P7F00003_TXW029": "E0DFDEDD",
    "P7F00003_TXW030": "E4E3E2E1",
    "P7F00003_TXW031": "E8E7E6E5",
    "P7F00003_TXW032": "ECEBEAE9",
    "P7F00003_TXW033": "F0EFEEED",
    "P7F00003_TXW034": "F4F3F2F1",
    "P7F00003_TXW035": "F8F7F6F5",
    "P7F00003_TXW036": "FCFBFAF9",
    "P7F00003_TXW037": "00FFFEFD",
    "P7F00003_TXW038": "04030201",
    "P7F00003_TXW039": "08070605",
    "P7F00003_TXW040": "0C0B0A09",
    "P7F00003_TXW041": "100F0E0D",
    "P7F00003_TXW042": "14131211",
    "P7F00003_TXW043": "18171615",
    "P7F00003_TXW044": "1C1B1A19",
    "P7F00003_TXW045": "201F1E1D",
    "P7F00003_TXW046": "24232221",
    "P7F00003_TXW047": "28272625",
    "P7F00003_TXW048": "2C2B2A29",
    "P7F00003_TXW049": "302F2E2D",
    "P7F00003_TXW050": "34333231",
    "P7F00003_TXW051": "38373635",
    "P7F00003_TXW052": "3C3B3A39",
    "P7F00003_TXW053": "403F3E3D",
    "P7F00003_TXW054": "44434241",
    "P7F00003_TXW055": "48474645",
    "P7F00003_TXW056": "4C4B4A49",
    "P7F00003_TXW057": "504F4E4D",
    "P7F00003_TXW058": "54535251",
    "P7F00003_TXW059": "58575655",
    "P7F00003_TXW060": "5C5B5A59",
    "P7F00003_TXW061": "005F5E5D",
    "P7F00003_COMMIT": "00000007",
    "P7F00003_COMMIT_POLLS": "1",
    "P7F00003_TX_CRC32": "C019E8D3",
    "P7F00003_DONE": "00000017",
    "P7F00003_DONE_POLLS": "1",
    "P7F00003_STATUS": "00000017",
    "P7F00003_MAILBOX": "50364F4B",
    "P7F00003_RX_LEN": "000000F7",
    "P7F00003_RX_CRC32": "C019E8D3",
    "P7F00003_RX_DIGEST": "C019E8D3",
    "P7F00003_TX_COUNT": "00000004",
    "P7F00003_RX_GOOD_COUNT_L0": "00000004",
    "P7F00003_RX_GOOD_COUNT_L1": "00000004",
    "P7F00003_CRC_BAD": "00000000",
    "P7F00003_PAYLOAD_MISMATCH": "00000000",
    "P7F00003_RETRY_COUNT": "00000000",
    "P7F00003_RETRY_EXHAUSTED": "00000000",
    "P7F00003_TX_FAIL": "00000000",
    "P7F00003_DUTY_VIOLATION": "00000000",
    "P7F00003_RAW_TX_PULSES": "000008C0",
    "P7F00003_RAW_RX_PULSES": "00001181",
    "P7F00003_FRAME_GOOD": "00000004",
    "P7F00003_FRAME_BAD": "00000000",
    "P7F00003_ACK_SENT": "00000004",
    "P7F00003_ACK_SEEN": "00000004",
    "P7F00003_TXD_HIGH_MAX": "00000008",
    "P7F00003_ERROR_CODE": "00000000",
    "P7F00003_STICKY_ERROR": "00000000",
    "P7F00003_RXW000": "50414652",
    "P7F00003_RXW001": "00200001",
    "P7F00003_RXW002": "50370004",
    "P7F00003_RXW003": "00000004",
    "P7F00003_RXW004": "00001000",
    "P7F00003_RXW005": "00140003",
    "P7F00003_RXW006": "000000D7",
    "P7F00003_RXW007": "2FB64E16",
    "P7F00003_RXW008": "8C8B8A89",
    "P7F00003_RXW009": "908F8E8D",
    "P7F00003_RXW010": "94939291",
    "P7F00003_RXW011": "98979695",
    "P7F00003_RXW012": "9C9B9A99",
    "P7F00003_RXW013": "A09F9E9D",
    "P7F00003_RXW014": "A4A3A2A1",
    "P7F00003_RXW015": "A8A7A6A5",
    "P7F00003_RXW016": "ACABAAA9",
    "P7F00003_RXW017": "B0AFAEAD",
    "P7F00003_RXW018": "B4B3B2B1",
    "P7F00003_RXW019": "B8B7B6B5",
    "P7F00003_RXW020": "BCBBBAB9",
    "P7F00003_RXW021": "C0BFBEBD",
    "P7F00003_RXW022": "C4C3C2C1",
    "P7F00003_RXW023": "C8C7C6C5",
    "P7F00003_RXW024": "CCCBCAC9",
    "P7F00003_RXW025": "D0CFCECD",
    "P7F00003_RXW026": "D4D3D2D1",
    "P7F00003_RXW027": "D8D7D6D5",
    "P7F00003_RXW028": "DCDBDAD9",
    "P7F00003_RXW029": "E0DFDEDD",
    "P7F00003_RXW030": "E4E3E2E1",
    "P7F00003_RXW031": "E8E7E6E5",
    "P7F00003_RXW032": "ECEBEAE9",
    "P7F00003_RXW033": "F0EFEEED",
    "P7F00003_RXW034": "F4F3F2F1",
    "P7F00003_RXW035": "F8F7F6F5",
    "P7F00003_RXW036": "FCFBFAF9",
    "P7F00003_RXW037": "00FFFEFD",
    "P7F00003_RXW038": "04030201",
    "P7F00003_RXW039": "08070605",
    "P7F00003_RXW040": "0C0B0A09",
    "P7F00003_RXW041": "100F0E0D",
    "P7F00003_RXW042": "14131211",
    "P7F00003_RXW043": "18171615",
    "P7F00003_RXW044": "1C1B1A19",
    "P7F00003_RXW045": "201F1E1D",
    "P7F00003_RXW046": "24232221",
    "P7F00003_RXW047": "28272625",
    "P7F00003_RXW048": "2C2B2A29",
    "P7F00003_RXW049": "302F2E2D",
    "P7F00003_RXW050": "34333231",
    "P7F00003_RXW051": "38373635",
    "P7F00003_RXW052": "3C3B3A39",
    "P7F00003_RXW053": "403F3E3D",
    "P7F00003_RXW054": "44434241",
    "P7F00003_RXW055": "48474645",
    "P7F00003_RXW056": "4C4B4A49",
    "P7F00003_RXW057": "504F4E4D",
    "P7F00003_RXW058": "54535251",
    "P7F00003_RXW059": "58575655",
    "P7F00003_RXW060": "5C5B5A59",
    "P7F00003_RXW061": "005F5E5D",
    "P7F00004_TXW000": "50414652",
    "P7F00004_TXW001": "00200001",
    "P7F00004_TXW002": "50370004",
    "P7F00004_TXW003": "00000004",
    "P7F00004_TXW004": "00001000",
    "P7F00004_TXW005": "00140004",
    "P7F00004_TXW006": "000000D7",
    "P7F00004_TXW007": "2FB64E16",
    "P7F00004_TXW008": "63626160",
    "P7F00004_TXW009": "67666564",
    "P7F00004_TXW010": "6B6A6968",
    "P7F00004_TXW011": "6F6E6D6C",
    "P7F00004_TXW012": "73727170",
    "P7F00004_TXW013": "77767574",
    "P7F00004_TXW014": "7B7A7978",
    "P7F00004_TXW015": "7F7E7D7C",
    "P7F00004_TXW016": "83828180",
    "P7F00004_TXW017": "87868584",
    "P7F00004_TXW018": "8B8A8988",
    "P7F00004_TXW019": "8F8E8D8C",
    "P7F00004_TXW020": "93929190",
    "P7F00004_TXW021": "97969594",
    "P7F00004_TXW022": "9B9A9998",
    "P7F00004_TXW023": "9F9E9D9C",
    "P7F00004_TXW024": "A3A2A1A0",
    "P7F00004_TXW025": "A7A6A5A4",
    "P7F00004_TXW026": "ABAAA9A8",
    "P7F00004_TXW027": "AFAEADAC",
    "P7F00004_TXW028": "B3B2B1B0",
    "P7F00004_TXW029": "B7B6B5B4",
    "P7F00004_TXW030": "BBBAB9B8",
    "P7F00004_TXW031": "BFBEBDBC",
    "P7F00004_TXW032": "C3C2C1C0",
    "P7F00004_TXW033": "C7C6C5C4",
    "P7F00004_TXW034": "CBCAC9C8",
    "P7F00004_TXW035": "CFCECDCC",
    "P7F00004_TXW036": "D3D2D1D0",
    "P7F00004_TXW037": "D7D6D5D4",
    "P7F00004_TXW038": "DBDAD9D8",
    "P7F00004_TXW039": "DFDEDDDC",
    "P7F00004_TXW040": "E3E2E1E0",
    "P7F00004_TXW041": "E7E6E5E4",
    "P7F00004_TXW042": "EBEAE9E8",
    "P7F00004_TXW043": "EFEEEDEC",
    "P7F00004_TXW044": "F3F2F1F0",
    "P7F00004_TXW045": "F7F6F5F4",
    "P7F00004_TXW046": "FBFAF9F8",
    "P7F00004_TXW047": "FFFEFDFC",
    "P7F00004_TXW048": "03020100",
    "P7F00004_TXW049": "07060504",
    "P7F00004_TXW050": "0B0A0908",
    "P7F00004_TXW051": "0F0E0D0C",
    "P7F00004_TXW052": "13121110",
    "P7F00004_TXW053": "17161514",
    "P7F00004_TXW054": "1B1A1918",
    "P7F00004_TXW055": "1F1E1D1C",
    "P7F00004_TXW056": "23222120",
    "P7F00004_TXW057": "27262524",
    "P7F00004_TXW058": "2B2A2928",
    "P7F00004_TXW059": "2F2E2D2C",
    "P7F00004_TXW060": "33323130",
    "P7F00004_TXW061": "00363534",
    "P7F00004_COMMIT": "00000007",
    "P7F00004_COMMIT_POLLS": "1",
    "P7F00004_TX_CRC32": "9DCFC60E",
    "P7F00004_DONE": "00000017",
    "P7F00004_DONE_POLLS": "1",
    "P7F00004_STATUS": "00000017",
    "P7F00004_MAILBOX": "50364F4B",
    "P7F00004_RX_LEN": "000000F7",
    "P7F00004_RX_CRC32": "9DCFC60E",
    "P7F00004_RX_DIGEST": "9DCFC60E",
    "P7F00004_TX_COUNT": "00000005",
    "P7F00004_RX_GOOD_COUNT_L0": "00000005",
    "P7F00004_RX_GOOD_COUNT_L1": "00000005",
    "P7F00004_CRC_BAD": "00000000",
    "P7F00004_PAYLOAD_MISMATCH": "00000000",
    "P7F00004_RETRY_COUNT": "00000000",
    "P7F00004_RETRY_EXHAUSTED": "00000000",
    "P7F00004_TX_FAIL": "00000000",
    "P7F00004_DUTY_VIOLATION": "00000000",
    "P7F00004_RAW_TX_PULSES": "000008C0",
    "P7F00004_RAW_RX_PULSES": "00001181",
    "P7F00004_FRAME_GOOD": "00000005",
    "P7F00004_FRAME_BAD": "00000000",
    "P7F00004_ACK_SENT": "00000005",
    "P7F00004_ACK_SEEN": "00000005",
    "P7F00004_TXD_HIGH_MAX": "00000008",
    "P7F00004_ERROR_CODE": "00000000",
    "P7F00004_STICKY_ERROR": "00000000",
    "P7F00004_RXW000": "50414652",
    "P7F00004_RXW001": "00200001",
    "P7F00004_RXW002": "50370004",
    "P7F00004_RXW003": "00000004",
    "P7F00004_RXW004": "00001000",
    "P7F00004_RXW005": "00140004",
    "P7F00004_RXW006": "000000D7",
    "P7F00004_RXW007": "2FB64E16",
    "P7F00004_RXW008": "63626160",
    "P7F00004_RXW009": "67666564",
    "P7F00004_RXW010": "6B6A6968",
    "P7F00004_RXW011": "6F6E6D6C",
    "P7F00004_RXW012": "73727170",
    "P7F00004_RXW013": "77767574",
    "P7F00004_RXW014": "7B7A7978",
    "P7F00004_RXW015": "7F7E7D7C",
    "P7F00004_RXW016": "83828180",
    "P7F00004_RXW017": "87868584",
    "P7F00004_RXW018": "8B8A8988",
    "P7F00004_RXW019": "8F8E8D8C",
    "P7F00004_RXW020": "93929190",
    "P7F00004_RXW021": "97969594",
    "P7F00004_RXW022": "9B9A9998",
    "P7F00004_RXW023": "9F9E9D9C",
    "P7F00004_RXW024": "A3A2A1A0",
    "P7F00004_RXW025": "A7A6A5A4",
    "P7F00004_RXW026": "ABAAA9A8",
    "P7F00004_RXW027": "AFAEADAC",
    "P7F00004_RXW028": "B3B2B1B0",
    "P7F00004_RXW029": "B7B6B5B4",
    "P7F00004_RXW030": "BBBAB9B8",
    "P7F00004_RXW031": "BFBEBDBC",
    "P7F00004_RXW032": "C3C2C1C0",
    "P7F00004_RXW033": "C7C6C5C4",
    "P7F00004_RXW034": "CBCAC9C8",
    "P7F00004_RXW035": "CFCECDCC",
    "P7F00004_RXW036": "D3D2D1D0",
    "P7F00004_RXW037": "D7D6D5D4",
    "P7F00004_RXW038": "DBDAD9D8",
    "P7F00004_RXW039": "DFDEDDDC",
    "P7F00004_RXW040": "E3E2E1E0",
    "P7F00004_RXW041": "E7E6E5E4",
    "P7F00004_RXW042": "EBEAE9E8",
    "P7F00004_RXW043": "EFEEEDEC",
    "P7F00004_RXW044": "F3F2F1F0",
    "P7F00004_RXW045": "F7F6F5F4",
    "P7F00004_RXW046": "FBFAF9F8",
    "P7F00004_RXW047": "FFFEFDFC",
    "P7F00004_RXW048": "03020100",
    "P7F00004_RXW049": "07060504",
    "P7F00004_RXW050": "0B0A0908",
    "P7F00004_RXW051": "0F0E0D0C",
    "P7F00004_RXW052": "13121110",
    "P7F00004_RXW053": "17161514",
    "P7F00004_RXW054": "1B1A1918",
    "P7F00004_RXW055": "1F1E1D1C",
    "P7F00004_RXW056": "23222120",
    "P7F00004_RXW057": "27262524",
    "P7F00004_RXW058": "2B2A2928",
    "P7F00004_RXW059": "2F2E2D2C",
    "P7F00004_RXW060": "33323130",
    "P7F00004_RXW061": "00363534",
    "P7F00005_TXW000": "50414652",
    "P7F00005_TXW001": "00200001",
    "P7F00005_TXW002": "50370004",
    "P7F00005_TXW003": "00000004",
    "P7F00005_TXW004": "00001000",
    "P7F00005_TXW005": "00140005",
    "P7F00005_TXW006": "000000D7",
    "P7F00005_TXW007": "2FB64E16",
    "P7F00005_TXW008": "3A393837",
    "P7F00005_TXW009": "3E3D3C3B",
    "P7F00005_TXW010": "4241403F",
    "P7F00005_TXW011": "46454443",
    "P7F00005_TXW012": "4A494847",
    "P7F00005_TXW013": "4E4D4C4B",
    "P7F00005_TXW014": "5251504F",
    "P7F00005_TXW015": "56555453",
    "P7F00005_TXW016": "5A595857",
    "P7F00005_TXW017": "5E5D5C5B",
    "P7F00005_TXW018": "6261605F",
    "P7F00005_TXW019": "66656463",
    "P7F00005_TXW020": "6A696867",
    "P7F00005_TXW021": "6E6D6C6B",
    "P7F00005_TXW022": "7271706F",
    "P7F00005_TXW023": "76757473",
    "P7F00005_TXW024": "7A797877",
    "P7F00005_TXW025": "7E7D7C7B",
    "P7F00005_TXW026": "8281807F",
    "P7F00005_TXW027": "86858483",
    "P7F00005_TXW028": "8A898887",
    "P7F00005_TXW029": "8E8D8C8B",
    "P7F00005_TXW030": "9291908F",
    "P7F00005_TXW031": "96959493",
    "P7F00005_TXW032": "9A999897",
    "P7F00005_TXW033": "9E9D9C9B",
    "P7F00005_TXW034": "A2A1A09F",
    "P7F00005_TXW035": "A6A5A4A3",
    "P7F00005_TXW036": "AAA9A8A7",
    "P7F00005_TXW037": "AEADACAB",
    "P7F00005_TXW038": "B2B1B0AF",
    "P7F00005_TXW039": "B6B5B4B3",
    "P7F00005_TXW040": "BAB9B8B7",
    "P7F00005_TXW041": "BEBDBCBB",
    "P7F00005_TXW042": "C2C1C0BF",
    "P7F00005_TXW043": "C6C5C4C3",
    "P7F00005_TXW044": "CAC9C8C7",
    "P7F00005_TXW045": "CECDCCCB",
    "P7F00005_TXW046": "D2D1D0CF",
    "P7F00005_TXW047": "D6D5D4D3",
    "P7F00005_TXW048": "DAD9D8D7",
    "P7F00005_TXW049": "DEDDDCDB",
    "P7F00005_TXW050": "E2E1E0DF",
    "P7F00005_TXW051": "E6E5E4E3",
    "P7F00005_TXW052": "EAE9E8E7",
    "P7F00005_TXW053": "EEEDECEB",
    "P7F00005_TXW054": "F2F1F0EF",
    "P7F00005_TXW055": "F6F5F4F3",
    "P7F00005_TXW056": "FAF9F8F7",
    "P7F00005_TXW057": "FEFDFCFB",
    "P7F00005_TXW058": "020100FF",
    "P7F00005_TXW059": "06050403",
    "P7F00005_TXW060": "0A090807",
    "P7F00005_TXW061": "000D0C0B",
    "P7F00005_COMMIT": "00000007",
    "P7F00005_COMMIT_POLLS": "1",
    "P7F00005_TX_CRC32": "C1E202A0",
    "P7F00005_DONE": "00000017",
    "P7F00005_DONE_POLLS": "1",
    "P7F00005_STATUS": "00000017",
    "P7F00005_MAILBOX": "50364F4B",
    "P7F00005_RX_LEN": "000000F7",
    "P7F00005_RX_CRC32": "C1E202A0",
    "P7F00005_RX_DIGEST": "C1E202A0",
    "P7F00005_TX_COUNT": "00000006",
    "P7F00005_RX_GOOD_COUNT_L0": "00000006",
    "P7F00005_RX_GOOD_COUNT_L1": "00000006",
    "P7F00005_CRC_BAD": "00000000",
    "P7F00005_PAYLOAD_MISMATCH": "00000000",
    "P7F00005_RETRY_COUNT": "00000000",
    "P7F00005_RETRY_EXHAUSTED": "00000000",
    "P7F00005_TX_FAIL": "00000000",
    "P7F00005_DUTY_VIOLATION": "00000000",
    "P7F00005_RAW_TX_PULSES": "000008C0",
    "P7F00005_RAW_RX_PULSES": "00001181",
    "P7F00005_FRAME_GOOD": "00000006",
    "P7F00005_FRAME_BAD": "00000000",
    "P7F00005_ACK_SENT": "00000006",
    "P7F00005_ACK_SEEN": "00000006",
    "P7F00005_TXD_HIGH_MAX": "00000008",
    "P7F00005_ERROR_CODE": "00000000",
    "P7F00005_STICKY_ERROR": "00000000",
    "P7F00005_RXW000": "50414652",
    "P7F00005_RXW001": "00200001",
    "P7F00005_RXW002": "50370004",
    "P7F00005_RXW003": "00000004",
    "P7F00005_RXW004": "00001000",
    "P7F00005_RXW005": "00140005",
    "P7F00005_RXW006": "000000D7",
    "P7F00005_RXW007": "2FB64E16",
    "P7F00005_RXW008": "3A393837",
    "P7F00005_RXW009": "3E3D3C3B",
    "P7F00005_RXW010": "4241403F",
    "P7F00005_RXW011": "46454443",
    "P7F00005_RXW012": "4A494847",
    "P7F00005_RXW013": "4E4D4C4B",
    "P7F00005_RXW014": "5251504F",
    "P7F00005_RXW015": "56555453",
    "P7F00005_RXW016": "5A595857",
    "P7F00005_RXW017": "5E5D5C5B",
    "P7F00005_RXW018": "6261605F",
    "P7F00005_RXW019": "66656463",
    "P7F00005_RXW020": "6A696867",
    "P7F00005_RXW021": "6E6D6C6B",
    "P7F00005_RXW022": "7271706F",
    "P7F00005_RXW023": "76757473",
    "P7F00005_RXW024": "7A797877",
    "P7F00005_RXW025": "7E7D7C7B",
    "P7F00005_RXW026": "8281807F",
    "P7F00005_RXW027": "86858483",
    "P7F00005_RXW028": "8A898887",
    "P7F00005_RXW029": "8E8D8C8B",
    "P7F00005_RXW030": "9291908F",
    "P7F00005_RXW031": "96959493",
    "P7F00005_RXW032": "9A999897",
    "P7F00005_RXW033": "9E9D9C9B",
    "P7F00005_RXW034": "A2A1A09F",
    "P7F00005_RXW035": "A6A5A4A3",
    "P7F00005_RXW036": "AAA9A8A7",
    "P7F00005_RXW037": "AEADACAB",
    "P7F00005_RXW038": "B2B1B0AF",
    "P7F00005_RXW039": "B6B5B4B3",
    "P7F00005_RXW040": "BAB9B8B7",
    "P7F00005_RXW041": "BEBDBCBB",
    "P7F00005_RXW042": "C2C1C0BF",
    "P7F00005_RXW043": "C6C5C4C3",
    "P7F00005_RXW044": "CAC9C8C7",
    "P7F00005_RXW045": "CECDCCCB",
    "P7F00005_RXW046": "D2D1D0CF",
    "P7F00005_RXW047": "D6D5D4D3",
    "P7F00005_RXW048": "DAD9D8D7",
    "P7F00005_RXW049": "DEDDDCDB",
    "P7F00005_RXW050": "E2E1E0DF",
    "P7F00005_RXW051": "E6E5E4E3",
    "P7F00005_RXW052": "EAE9E8E7",
    "P7F00005_RXW053": "EEEDECEB",
    "P7F00005_RXW054": "F2F1F0EF",
    "P7F00005_RXW055": "F6F5F4F3",
    "P7F00005_RXW056": "FAF9F8F7",
    "P7F00005_RXW057": "FEFDFCFB",
    "P7F00005_RXW058": "020100FF",
    "P7F00005_RXW059": "06050403",
    "P7F00005_RXW060": "0A090807",
    "P7F00005_RXW061": "000D0C0B",
    "P7F00006_TXW000": "50414652",
    "P7F00006_TXW001": "00200001",
    "P7F00006_TXW002": "50370004",
    "P7F00006_TXW003": "00000004",
    "P7F00006_TXW004": "00001000",
    "P7F00006_TXW005": "00140006",
    "P7F00006_TXW006": "000000D7",
    "P7F00006_TXW007": "2FB64E16",
    "P7F00006_TXW008": "11100F0E",
    "P7F00006_TXW009": "15141312",
    "P7F00006_TXW010": "19181716",
    "P7F00006_TXW011": "1D1C1B1A",
    "P7F00006_TXW012": "21201F1E",
    "P7F00006_TXW013": "25242322",
    "P7F00006_TXW014": "29282726",
    "P7F00006_TXW015": "2D2C2B2A",
    "P7F00006_TXW016": "31302F2E",
    "P7F00006_TXW017": "35343332",
    "P7F00006_TXW018": "39383736",
    "P7F00006_TXW019": "3D3C3B3A",
    "P7F00006_TXW020": "41403F3E",
    "P7F00006_TXW021": "45444342",
    "P7F00006_TXW022": "49484746",
    "P7F00006_TXW023": "4D4C4B4A",
    "P7F00006_TXW024": "51504F4E",
    "P7F00006_TXW025": "55545352",
    "P7F00006_TXW026": "59585756",
    "P7F00006_TXW027": "5D5C5B5A",
    "P7F00006_TXW028": "61605F5E",
    "P7F00006_TXW029": "65646362",
    "P7F00006_TXW030": "69686766",
    "P7F00006_TXW031": "6D6C6B6A",
    "P7F00006_TXW032": "71706F6E",
    "P7F00006_TXW033": "75747372",
    "P7F00006_TXW034": "79787776",
    "P7F00006_TXW035": "7D7C7B7A",
    "P7F00006_TXW036": "81807F7E",
    "P7F00006_TXW037": "85848382",
    "P7F00006_TXW038": "89888786",
    "P7F00006_TXW039": "8D8C8B8A",
    "P7F00006_TXW040": "91908F8E",
    "P7F00006_TXW041": "95949392",
    "P7F00006_TXW042": "99989796",
    "P7F00006_TXW043": "9D9C9B9A",
    "P7F00006_TXW044": "A1A09F9E",
    "P7F00006_TXW045": "A5A4A3A2",
    "P7F00006_TXW046": "A9A8A7A6",
    "P7F00006_TXW047": "ADACABAA",
    "P7F00006_TXW048": "B1B0AFAE",
    "P7F00006_TXW049": "B5B4B3B2",
    "P7F00006_TXW050": "B9B8B7B6",
    "P7F00006_TXW051": "BDBCBBBA",
    "P7F00006_TXW052": "C1C0BFBE",
    "P7F00006_TXW053": "C5C4C3C2",
    "P7F00006_TXW054": "C9C8C7C6",
    "P7F00006_TXW055": "CDCCCBCA",
    "P7F00006_TXW056": "D1D0CFCE",
    "P7F00006_TXW057": "D5D4D3D2",
    "P7F00006_TXW058": "D9D8D7D6",
    "P7F00006_TXW059": "DDDCDBDA",
    "P7F00006_TXW060": "E1E0DFDE",
    "P7F00006_TXW061": "00E4E3E2",
    "P7F00006_COMMIT": "00000007",
    "P7F00006_COMMIT_POLLS": "1",
    "P7F00006_TX_CRC32": "33AEA652",
    "P7F00006_DONE": "00000017",
    "P7F00006_DONE_POLLS": "1",
    "P7F00006_STATUS": "00000017",
    "P7F00006_MAILBOX": "50364F4B",
    "P7F00006_RX_LEN": "000000F7",
    "P7F00006_RX_CRC32": "33AEA652",
    "P7F00006_RX_DIGEST": "33AEA652",
    "P7F00006_TX_COUNT": "00000007",
    "P7F00006_RX_GOOD_COUNT_L0": "00000007",
    "P7F00006_RX_GOOD_COUNT_L1": "00000007",
    "P7F00006_CRC_BAD": "00000000",
    "P7F00006_PAYLOAD_MISMATCH": "00000000",
    "P7F00006_RETRY_COUNT": "00000000",
    "P7F00006_RETRY_EXHAUSTED": "00000000",
    "P7F00006_TX_FAIL": "00000000",
    "P7F00006_DUTY_VIOLATION": "00000000",
    "P7F00006_RAW_TX_PULSES": "000008C0",
    "P7F00006_RAW_RX_PULSES": "00001181",
    "P7F00006_FRAME_GOOD": "00000007",
    "P7F00006_FRAME_BAD": "00000000",
    "P7F00006_ACK_SENT": "00000007",
    "P7F00006_ACK_SEEN": "00000007",
    "P7F00006_TXD_HIGH_MAX": "00000008",
    "P7F00006_ERROR_CODE": "00000000",
    "P7F00006_STICKY_ERROR": "00000000",
    "P7F00006_RXW000": "50414652",
    "P7F00006_RXW001": "00200001",
    "P7F00006_RXW002": "50370004",
    "P7F00006_RXW003": "00000004",
    "P7F00006_RXW004": "00001000",
    "P7F00006_RXW005": "00140006",
    "P7F00006_RXW006": "000000D7",
    "P7F00006_RXW007": "2FB64E16",
    "P7F00006_RXW008": "11100F0E",
    "P7F00006_RXW009": "15141312",
    "P7F00006_RXW010": "19181716",
    "P7F00006_RXW011": "1D1C1B1A",
    "P7F00006_RXW012": "21201F1E",
    "P7F00006_RXW013": "25242322",
    "P7F00006_RXW014": "29282726",
    "P7F00006_RXW015": "2D2C2B2A",
    "P7F00006_RXW016": "31302F2E",
    "P7F00006_RXW017": "35343332",
    "P7F00006_RXW018": "39383736",
    "P7F00006_RXW019": "3D3C3B3A",
    "P7F00006_RXW020": "41403F3E",
    "P7F00006_RXW021": "45444342",
    "P7F00006_RXW022": "49484746",
    "P7F00006_RXW023": "4D4C4B4A",
    "P7F00006_RXW024": "51504F4E",
    "P7F00006_RXW025": "55545352",
    "P7F00006_RXW026": "59585756",
    "P7F00006_RXW027": "5D5C5B5A",
    "P7F00006_RXW028": "61605F5E",
    "P7F00006_RXW029": "65646362",
    "P7F00006_RXW030": "69686766",
    "P7F00006_RXW031": "6D6C6B6A",
    "P7F00006_RXW032": "71706F6E",
    "P7F00006_RXW033": "75747372",
    "P7F00006_RXW034": "79787776",
    "P7F00006_RXW035": "7D7C7B7A",
    "P7F00006_RXW036": "81807F7E",
    "P7F00006_RXW037": "85848382",
    "P7F00006_RXW038": "89888786",
    "P7F00006_RXW039": "8D8C8B8A",
    "P7F00006_RXW040": "91908F8E",
    "P7F00006_RXW041": "95949392",
    "P7F00006_RXW042": "99989796",
    "P7F00006_RXW043": "9D9C9B9A",
    "P7F00006_RXW044": "A1A09F9E",
    "P7F00006_RXW045": "A5A4A3A2",
    "P7F00006_RXW046": "A9A8A7A6",
    "P7F00006_RXW047": "ADACABAA",
    "P7F00006_RXW048": "B1B0AFAE",
    "P7F00006_RXW049": "B5B4B3B2",
    "P7F00006_RXW050": "B9B8B7B6",
    "P7F00006_RXW051": "BDBCBBBA",
    "P7F00006_RXW052": "C1C0BFBE",
    "P7F00006_RXW053": "C5C4C3C2",
    "P7F00006_RXW054": "C9C8C7C6",
    "P7F00006_RXW055": "CDCCCBCA",
    "P7F00006_RXW056": "D1D0CFCE",
    "P7F00006_RXW057": "D5D4D3D2",
    "P7F00006_RXW058": "D9D8D7D6",
    "P7F00006_RXW059": "DDDCDBDA",
    "P7F00006_RXW060": "E1E0DFDE",
    "P7F00006_RXW061": "00E4E3E2",
    "P7F00007_TXW000": "50414652",
    "P7F00007_TXW001": "00200001",
    "P7F00007_TXW002": "50370004",
    "P7F00007_TXW003": "00000004",
    "P7F00007_TXW004": "00001000",
    "P7F00007_TXW005": "00140007",
    "P7F00007_TXW006": "000000D7",
    "P7F00007_TXW007": "2FB64E16",
    "P7F00007_TXW008": "E8E7E6E5",
    "P7F00007_TXW009": "ECEBEAE9",
    "P7F00007_TXW010": "F0EFEEED",
    "P7F00007_TXW011": "F4F3F2F1",
    "P7F00007_TXW012": "F8F7F6F5",
    "P7F00007_TXW013": "FCFBFAF9",
    "P7F00007_TXW014": "00FFFEFD",
    "P7F00007_TXW015": "04030201",
    "P7F00007_TXW016": "08070605",
    "P7F00007_TXW017": "0C0B0A09",
    "P7F00007_TXW018": "100F0E0D",
    "P7F00007_TXW019": "14131211",
    "P7F00007_TXW020": "18171615",
    "P7F00007_TXW021": "1C1B1A19",
    "P7F00007_TXW022": "201F1E1D",
    "P7F00007_TXW023": "24232221",
    "P7F00007_TXW024": "28272625",
    "P7F00007_TXW025": "2C2B2A29",
    "P7F00007_TXW026": "302F2E2D",
    "P7F00007_TXW027": "34333231",
    "P7F00007_TXW028": "38373635",
    "P7F00007_TXW029": "3C3B3A39",
    "P7F00007_TXW030": "403F3E3D",
    "P7F00007_TXW031": "44434241",
    "P7F00007_TXW032": "48474645",
    "P7F00007_TXW033": "4C4B4A49",
    "P7F00007_TXW034": "504F4E4D",
    "P7F00007_TXW035": "54535251",
    "P7F00007_TXW036": "58575655",
    "P7F00007_TXW037": "5C5B5A59",
    "P7F00007_TXW038": "605F5E5D",
    "P7F00007_TXW039": "64636261",
    "P7F00007_TXW040": "68676665",
    "P7F00007_TXW041": "6C6B6A69",
    "P7F00007_TXW042": "706F6E6D",
    "P7F00007_TXW043": "74737271",
    "P7F00007_TXW044": "78777675",
    "P7F00007_TXW045": "7C7B7A79",
    "P7F00007_TXW046": "807F7E7D",
    "P7F00007_TXW047": "84838281",
    "P7F00007_TXW048": "88878685",
    "P7F00007_TXW049": "8C8B8A89",
    "P7F00007_TXW050": "908F8E8D",
    "P7F00007_TXW051": "94939291",
    "P7F00007_TXW052": "98979695",
    "P7F00007_TXW053": "9C9B9A99",
    "P7F00007_TXW054": "A09F9E9D",
    "P7F00007_TXW055": "A4A3A2A1",
    "P7F00007_TXW056": "A8A7A6A5",
    "P7F00007_TXW057": "ACABAAA9",
    "P7F00007_TXW058": "B0AFAEAD",
    "P7F00007_TXW059": "B4B3B2B1",
    "P7F00007_TXW060": "B8B7B6B5",
    "P7F00007_TXW061": "00BBBAB9",
    "P7F00007_COMMIT": "00000007",
    "P7F00007_COMMIT_POLLS": "1",
    "P7F00007_TX_CRC32": "ECC53D87",
    "P7F00007_DONE": "00000017",
    "P7F00007_DONE_POLLS": "1",
    "P7F00007_STATUS": "00000017",
    "P7F00007_MAILBOX": "50364F4B",
    "P7F00007_RX_LEN": "000000F7",
    "P7F00007_RX_CRC32": "ECC53D87",
    "P7F00007_RX_DIGEST": "ECC53D87",
    "P7F00007_TX_COUNT": "00000008",
    "P7F00007_RX_GOOD_COUNT_L0": "00000008",
    "P7F00007_RX_GOOD_COUNT_L1": "00000008",
    "P7F00007_CRC_BAD": "00000000",
    "P7F00007_PAYLOAD_MISMATCH": "00000000",
    "P7F00007_RETRY_COUNT": "00000000",
    "P7F00007_RETRY_EXHAUSTED": "00000000",
    "P7F00007_TX_FAIL": "00000000",
    "P7F00007_DUTY_VIOLATION": "00000000",
    "P7F00007_RAW_TX_PULSES": "000008C0",
    "P7F00007_RAW_RX_PULSES": "00001181",
    "P7F00007_FRAME_GOOD": "00000008",
    "P7F00007_FRAME_BAD": "00000000",
    "P7F00007_ACK_SENT": "00000008",
    "P7F00007_ACK_SEEN": "00000008",
    "P7F00007_TXD_HIGH_MAX": "00000008",
    "P7F00007_ERROR_CODE": "00000000",
    "P7F00007_STICKY_ERROR": "00000000",
    "P7F00007_RXW000": "50414652",
    "P7F00007_RXW001": "00200001",
    "P7F00007_RXW002": "50370004",
    "P7F00007_RXW003": "00000004",
    "P7F00007_RXW004": "00001000",
    "P7F00007_RXW005": "00140007",
    "P7F00007_RXW006": "000000D7",
    "P7F00007_RXW007": "2FB64E16",
    "P7F00007_RXW008": "E8E7E6E5",
    "P7F00007_RXW009": "ECEBEAE9",
    "P7F00007_RXW010": "F0EFEEED",
    "P7F00007_RXW011": "F4F3F2F1",
    "P7F00007_RXW012": "F8F7F6F5",
    "P7F00007_RXW013": "FCFBFAF9",
    "P7F00007_RXW014": "00FFFEFD",
    "P7F00007_RXW015": "04030201",
    "P7F00007_RXW016": "08070605",
    "P7F00007_RXW017": "0C0B0A09",
    "P7F00007_RXW018": "100F0E0D",
    "P7F00007_RXW019": "14131211",
    "P7F00007_RXW020": "18171615",
    "P7F00007_RXW021": "1C1B1A19",
    "P7F00007_RXW022": "201F1E1D",
    "P7F00007_RXW023": "24232221",
    "P7F00007_RXW024": "28272625",
    "P7F00007_RXW025": "2C2B2A29",
    "P7F00007_RXW026": "302F2E2D",
    "P7F00007_RXW027": "34333231",
    "P7F00007_RXW028": "38373635",
    "P7F00007_RXW029": "3C3B3A39",
    "P7F00007_RXW030": "403F3E3D",
    "P7F00007_RXW031": "44434241",
    "P7F00007_RXW032": "48474645",
    "P7F00007_RXW033": "4C4B4A49",
    "P7F00007_RXW034": "504F4E4D",
    "P7F00007_RXW035": "54535251",
    "P7F00007_RXW036": "58575655",
    "P7F00007_RXW037": "5C5B5A59",
    "P7F00007_RXW038": "605F5E5D",
    "P7F00007_RXW039": "64636261",
    "P7F00007_RXW040": "68676665",
    "P7F00007_RXW041": "6C6B6A69",
    "P7F00007_RXW042": "706F6E6D",
    "P7F00007_RXW043": "74737271",
    "P7F00007_RXW044": "78777675",
    "P7F00007_RXW045": "7C7B7A79",
    "P7F00007_RXW046": "807F7E7D",
    "P7F00007_RXW047": "84838281",
    "P7F00007_RXW048": "88878685",
    "P7F00007_RXW049": "8C8B8A89",
    "P7F00007_RXW050": "908F8E8D",
    "P7F00007_RXW051": "94939291",
    "P7F00007_RXW052": "98979695",
    "P7F00007_RXW053": "9C9B9A99",
    "P7F00007_RXW054": "A09F9E9D",
    "P7F00007_RXW055": "A4A3A2A1",
    "P7F00007_RXW056": "A8A7A6A5",
    "P7F00007_RXW057": "ACABAAA9",
    "P7F00007_RXW058": "B0AFAEAD",
    "P7F00007_RXW059": "B4B3B2B1",
    "P7F00007_RXW060": "B8B7B6B5",
    "P7F00007_RXW061": "00BBBAB9",
    "P7F00008_TXW000": "50414652",
    "P7F00008_TXW001": "00200001",
    "P7F00008_TXW002": "50370004",
    "P7F00008_TXW003": "00000004",
    "P7F00008_TXW004": "00001000",
    "P7F00008_TXW005": "00140008",
    "P7F00008_TXW006": "000000D7",
    "P7F00008_TXW007": "2FB64E16",
    "P7F00008_TXW008": "BFBEBDBC",
    "P7F00008_TXW009": "C3C2C1C0",
    "P7F00008_TXW010": "C7C6C5C4",
    "P7F00008_TXW011": "CBCAC9C8",
    "P7F00008_TXW012": "CFCECDCC",
    "P7F00008_TXW013": "D3D2D1D0",
    "P7F00008_TXW014": "D7D6D5D4",
    "P7F00008_TXW015": "DBDAD9D8",
    "P7F00008_TXW016": "DFDEDDDC",
    "P7F00008_TXW017": "E3E2E1E0",
    "P7F00008_TXW018": "E7E6E5E4",
    "P7F00008_TXW019": "EBEAE9E8",
    "P7F00008_TXW020": "EFEEEDEC",
    "P7F00008_TXW021": "F3F2F1F0",
    "P7F00008_TXW022": "F7F6F5F4",
    "P7F00008_TXW023": "FBFAF9F8",
    "P7F00008_TXW024": "FFFEFDFC",
    "P7F00008_TXW025": "03020100",
    "P7F00008_TXW026": "07060504",
    "P7F00008_TXW027": "0B0A0908",
    "P7F00008_TXW028": "0F0E0D0C",
    "P7F00008_TXW029": "13121110",
    "P7F00008_TXW030": "17161514",
    "P7F00008_TXW031": "1B1A1918",
    "P7F00008_TXW032": "1F1E1D1C",
    "P7F00008_TXW033": "23222120",
    "P7F00008_TXW034": "27262524",
    "P7F00008_TXW035": "2B2A2928",
    "P7F00008_TXW036": "2F2E2D2C",
    "P7F00008_TXW037": "33323130",
    "P7F00008_TXW038": "37363534",
    "P7F00008_TXW039": "3B3A3938",
    "P7F00008_TXW040": "3F3E3D3C",
    "P7F00008_TXW041": "43424140",
    "P7F00008_TXW042": "47464544",
    "P7F00008_TXW043": "4B4A4948",
    "P7F00008_TXW044": "4F4E4D4C",
    "P7F00008_TXW045": "53525150",
    "P7F00008_TXW046": "57565554",
    "P7F00008_TXW047": "5B5A5958",
    "P7F00008_TXW048": "5F5E5D5C",
    "P7F00008_TXW049": "63626160",
    "P7F00008_TXW050": "67666564",
    "P7F00008_TXW051": "6B6A6968",
    "P7F00008_TXW052": "6F6E6D6C",
    "P7F00008_TXW053": "73727170",
    "P7F00008_TXW054": "77767574",
    "P7F00008_TXW055": "7B7A7978",
    "P7F00008_TXW056": "7F7E7D7C",
    "P7F00008_TXW057": "83828180",
    "P7F00008_TXW058": "87868584",
    "P7F00008_TXW059": "8B8A8988",
    "P7F00008_TXW060": "8F8E8D8C",
    "P7F00008_TXW061": "00929190",
    "P7F00008_COMMIT": "00000007",
    "P7F00008_COMMIT_POLLS": "1",
    "P7F00008_TX_CRC32": "176853D5",
    "P7F00008_DONE": "00000017",
    "P7F00008_DONE_POLLS": "1",
    "P7F00008_STATUS": "00000017",
    "P7F00008_MAILBOX": "50364F4B",
    "P7F00008_RX_LEN": "000000F7",
    "P7F00008_RX_CRC32": "176853D5",
    "P7F00008_RX_DIGEST": "176853D5",
    "P7F00008_TX_COUNT": "00000009",
    "P7F00008_RX_GOOD_COUNT_L0": "00000009",
    "P7F00008_RX_GOOD_COUNT_L1": "00000009",
    "P7F00008_CRC_BAD": "00000000",
    "P7F00008_PAYLOAD_MISMATCH": "00000000",
    "P7F00008_RETRY_COUNT": "00000000",
    "P7F00008_RETRY_EXHAUSTED": "00000000",
    "P7F00008_TX_FAIL": "00000000",
    "P7F00008_DUTY_VIOLATION": "00000000",
    "P7F00008_RAW_TX_PULSES": "000008C0",
    "P7F00008_RAW_RX_PULSES": "00001181",
    "P7F00008_FRAME_GOOD": "00000009",
    "P7F00008_FRAME_BAD": "00000000",
    "P7F00008_ACK_SENT": "00000009",
    "P7F00008_ACK_SEEN": "00000009",
    "P7F00008_TXD_HIGH_MAX": "00000008",
    "P7F00008_ERROR_CODE": "00000000",
    "P7F00008_STICKY_ERROR": "00000000",
    "P7F00008_RXW000": "50414652",
    "P7F00008_RXW001": "00200001",
    "P7F00008_RXW002": "50370004",
    "P7F00008_RXW003": "00000004",
    "P7F00008_RXW004": "00001000",
    "P7F00008_RXW005": "00140008",
    "P7F00008_RXW006": "000000D7",
    "P7F00008_RXW007": "2FB64E16",
    "P7F00008_RXW008": "BFBEBDBC",
    "P7F00008_RXW009": "C3C2C1C0",
    "P7F00008_RXW010": "C7C6C5C4",
    "P7F00008_RXW011": "CBCAC9C8",
    "P7F00008_RXW012": "CFCECDCC",
    "P7F00008_RXW013": "D3D2D1D0",
    "P7F00008_RXW014": "D7D6D5D4",
    "P7F00008_RXW015": "DBDAD9D8",
    "P7F00008_RXW016": "DFDEDDDC",
    "P7F00008_RXW017": "E3E2E1E0",
    "P7F00008_RXW018": "E7E6E5E4",
    "P7F00008_RXW019": "EBEAE9E8",
    "P7F00008_RXW020": "EFEEEDEC",
    "P7F00008_RXW021": "F3F2F1F0",
    "P7F00008_RXW022": "F7F6F5F4",
    "P7F00008_RXW023": "FBFAF9F8",
    "P7F00008_RXW024": "FFFEFDFC",
    "P7F00008_RXW025": "03020100",
    "P7F00008_RXW026": "07060504",
    "P7F00008_RXW027": "0B0A0908",
    "P7F00008_RXW028": "0F0E0D0C",
    "P7F00008_RXW029": "13121110",
    "P7F00008_RXW030": "17161514",
    "P7F00008_RXW031": "1B1A1918",
    "P7F00008_RXW032": "1F1E1D1C",
    "P7F00008_RXW033": "23222120",
    "P7F00008_RXW034": "27262524",
    "P7F00008_RXW035": "2B2A2928",
    "P7F00008_RXW036": "2F2E2D2C",
    "P7F00008_RXW037": "33323130",
    "P7F00008_RXW038": "37363534",
    "P7F00008_RXW039": "3B3A3938",
    "P7F00008_RXW040": "3F3E3D3C",
    "P7F00008_RXW041": "43424140",
    "P7F00008_RXW042": "47464544",
    "P7F00008_RXW043": "4B4A4948",
    "P7F00008_RXW044": "4F4E4D4C",
    "P7F00008_RXW045": "53525150",
    "P7F00008_RXW046": "57565554",
    "P7F00008_RXW047": "5B5A5958",
    "P7F00008_RXW048": "5F5E5D5C",
    "P7F00008_RXW049": "63626160",
    "P7F00008_RXW050": "67666564",
    "P7F00008_RXW051": "6B6A6968",
    "P7F00008_RXW052": "6F6E6D6C",
    "P7F00008_RXW053": "73727170",
    "P7F00008_RXW054": "77767574",
    "P7F00008_RXW055": "7B7A7978",
    "P7F00008_RXW056": "7F7E7D7C",
    "P7F00008_RXW057": "83828180",
    "P7F00008_RXW058": "87868584",
    "P7F00008_RXW059": "8B8A8988",
    "P7F00008_RXW060": "8F8E8D8C",
    "P7F00008_RXW061": "00929190",
    "P7F00009_TXW000": "50414652",
    "P7F00009_TXW001": "00200001",
    "P7F00009_TXW002": "50370004",
    "P7F00009_TXW003": "00000004",
    "P7F00009_TXW004": "00001000",
    "P7F00009_TXW005": "00140009",
    "P7F00009_TXW006": "000000D7",
    "P7F00009_TXW007": "2FB64E16",
    "P7F00009_TXW008": "96959493",
    "P7F00009_TXW009": "9A999897",
    "P7F00009_TXW010": "9E9D9C9B",
    "P7F00009_TXW011": "A2A1A09F",
    "P7F00009_TXW012": "A6A5A4A3",
    "P7F00009_TXW013": "AAA9A8A7",
    "P7F00009_TXW014": "AEADACAB",
    "P7F00009_TXW015": "B2B1B0AF",
    "P7F00009_TXW016": "B6B5B4B3",
    "P7F00009_TXW017": "BAB9B8B7",
    "P7F00009_TXW018": "BEBDBCBB",
    "P7F00009_TXW019": "C2C1C0BF",
    "P7F00009_TXW020": "C6C5C4C3",
    "P7F00009_TXW021": "CAC9C8C7",
    "P7F00009_TXW022": "CECDCCCB",
    "P7F00009_TXW023": "D2D1D0CF",
    "P7F00009_TXW024": "D6D5D4D3",
    "P7F00009_TXW025": "DAD9D8D7",
    "P7F00009_TXW026": "DEDDDCDB",
    "P7F00009_TXW027": "E2E1E0DF",
    "P7F00009_TXW028": "E6E5E4E3",
    "P7F00009_TXW029": "EAE9E8E7",
    "P7F00009_TXW030": "EEEDECEB",
    "P7F00009_TXW031": "F2F1F0EF",
    "P7F00009_TXW032": "F6F5F4F3",
    "P7F00009_TXW033": "FAF9F8F7",
    "P7F00009_TXW034": "FEFDFCFB",
    "P7F00009_TXW035": "020100FF",
    "P7F00009_TXW036": "06050403",
    "P7F00009_TXW037": "0A090807",
    "P7F00009_TXW038": "0E0D0C0B",
    "P7F00009_TXW039": "1211100F",
    "P7F00009_TXW040": "16151413",
    "P7F00009_TXW041": "1A191817",
    "P7F00009_TXW042": "1E1D1C1B",
    "P7F00009_TXW043": "2221201F",
    "P7F00009_TXW044": "26252423",
    "P7F00009_TXW045": "2A292827",
    "P7F00009_TXW046": "2E2D2C2B",
    "P7F00009_TXW047": "3231302F",
    "P7F00009_TXW048": "36353433",
    "P7F00009_TXW049": "3A393837",
    "P7F00009_TXW050": "3E3D3C3B",
    "P7F00009_TXW051": "4241403F",
    "P7F00009_TXW052": "46454443",
    "P7F00009_TXW053": "4A494847",
    "P7F00009_TXW054": "4E4D4C4B",
    "P7F00009_TXW055": "5251504F",
    "P7F00009_TXW056": "56555453",
    "P7F00009_TXW057": "5A595857",
    "P7F00009_TXW058": "5E5D5C5B",
    "P7F00009_TXW059": "6261605F",
    "P7F00009_TXW060": "66656463",
    "P7F00009_TXW061": "00696867",
    "P7F00009_COMMIT": "00000007",
    "P7F00009_COMMIT_POLLS": "1",
    "P7F00009_TX_CRC32": "A1BCE806",
    "P7F00009_DONE": "00000017",
    "P7F00009_DONE_POLLS": "1",
    "P7F00009_STATUS": "00000017",
    "P7F00009_MAILBOX": "50364F4B",
    "P7F00009_RX_LEN": "000000F7",
    "P7F00009_RX_CRC32": "A1BCE806",
    "P7F00009_RX_DIGEST": "A1BCE806",
    "P7F00009_TX_COUNT": "0000000A",
    "P7F00009_RX_GOOD_COUNT_L0": "0000000A",
    "P7F00009_RX_GOOD_COUNT_L1": "0000000A",
    "P7F00009_CRC_BAD": "00000000",
    "P7F00009_PAYLOAD_MISMATCH": "00000000",
    "P7F00009_RETRY_COUNT": "00000000",
    "P7F00009_RETRY_EXHAUSTED": "00000000",
    "P7F00009_TX_FAIL": "00000000",
    "P7F00009_DUTY_VIOLATION": "00000000",
    "P7F00009_RAW_TX_PULSES": "000008C0",
    "P7F00009_RAW_RX_PULSES": "00001181",
    "P7F00009_FRAME_GOOD": "0000000A",
    "P7F00009_FRAME_BAD": "00000000",
    "P7F00009_ACK_SENT": "0000000A",
    "P7F00009_ACK_SEEN": "0000000A",
    "P7F00009_TXD_HIGH_MAX": "00000008",
    "P7F00009_ERROR_CODE": "00000000",
    "P7F00009_STICKY_ERROR": "00000000",
    "P7F00009_RXW000": "50414652",
    "P7F00009_RXW001": "00200001",
    "P7F00009_RXW002": "50370004",
    "P7F00009_RXW003": "00000004",
    "P7F00009_RXW004": "00001000",
    "P7F00009_RXW005": "00140009",
    "P7F00009_RXW006": "000000D7",
    "P7F00009_RXW007": "2FB64E16",
    "P7F00009_RXW008": "96959493",
    "P7F00009_RXW009": "9A999897",
    "P7F00009_RXW010": "9E9D9C9B",
    "P7F00009_RXW011": "A2A1A09F",
    "P7F00009_RXW012": "A6A5A4A3",
    "P7F00009_RXW013": "AAA9A8A7",
    "P7F00009_RXW014": "AEADACAB",
    "P7F00009_RXW015": "B2B1B0AF",
    "P7F00009_RXW016": "B6B5B4B3",
    "P7F00009_RXW017": "BAB9B8B7",
    "P7F00009_RXW018": "BEBDBCBB",
    "P7F00009_RXW019": "C2C1C0BF",
    "P7F00009_RXW020": "C6C5C4C3",
    "P7F00009_RXW021": "CAC9C8C7",
    "P7F00009_RXW022": "CECDCCCB",
    "P7F00009_RXW023": "D2D1D0CF",
    "P7F00009_RXW024": "D6D5D4D3",
    "P7F00009_RXW025": "DAD9D8D7",
    "P7F00009_RXW026": "DEDDDCDB",
    "P7F00009_RXW027": "E2E1E0DF",
    "P7F00009_RXW028": "E6E5E4E3",
    "P7F00009_RXW029": "EAE9E8E7",
    "P7F00009_RXW030": "EEEDECEB",
    "P7F00009_RXW031": "F2F1F0EF",
    "P7F00009_RXW032": "F6F5F4F3",
    "P7F00009_RXW033": "FAF9F8F7",
    "P7F00009_RXW034": "FEFDFCFB",
    "P7F00009_RXW035": "020100FF",
    "P7F00009_RXW036": "06050403",
    "P7F00009_RXW037": "0A090807",
    "P7F00009_RXW038": "0E0D0C0B",
    "P7F00009_RXW039": "1211100F",
    "P7F00009_RXW040": "16151413",
    "P7F00009_RXW041": "1A191817",
    "P7F00009_RXW042": "1E1D1C1B",
    "P7F00009_RXW043": "2221201F",
    "P7F00009_RXW044": "26252423",
    "P7F00009_RXW045": "2A292827",
    "P7F00009_RXW046": "2E2D2C2B",
    "P7F00009_RXW047": "3231302F",
    "P7F00009_RXW048": "36353433",
    "P7F00009_RXW049": "3A393837",
    "P7F00009_RXW050": "3E3D3C3B",
    "P7F00009_RXW051": "4241403F",
    "P7F00009_RXW052": "46454443",
    "P7F00009_RXW053": "4A494847",
    "P7F00009_RXW054": "4E4D4C4B",
    "P7F00009_RXW055": "5251504F",
    "P7F00009_RXW056": "56555453",
    "P7F00009_RXW057": "5A595857",
    "P7F00009_RXW058": "5E5D5C5B",
    "P7F00009_RXW059": "6261605F",
    "P7F00009_RXW060": "66656463",
    "P7F00009_RXW061": "00696867",
    "P7F00010_TXW000": "50414652",
    "P7F00010_TXW001": "00200001",
    "P7F00010_TXW002": "50370004",
    "P7F00010_TXW003": "00000004",
    "P7F00010_TXW004": "00001000",
    "P7F00010_TXW005": "0014000A",
    "P7F00010_TXW006": "000000D7",
    "P7F00010_TXW007": "2FB64E16",
    "P7F00010_TXW008": "6D6C6B6A",
    "P7F00010_TXW009": "71706F6E",
    "P7F00010_TXW010": "75747372",
    "P7F00010_TXW011": "79787776",
    "P7F00010_TXW012": "7D7C7B7A",
    "P7F00010_TXW013": "81807F7E",
    "P7F00010_TXW014": "85848382",
    "P7F00010_TXW015": "89888786",
    "P7F00010_TXW016": "8D8C8B8A",
    "P7F00010_TXW017": "91908F8E",
    "P7F00010_TXW018": "95949392",
    "P7F00010_TXW019": "99989796",
    "P7F00010_TXW020": "9D9C9B9A",
    "P7F00010_TXW021": "A1A09F9E",
    "P7F00010_TXW022": "A5A4A3A2",
    "P7F00010_TXW023": "A9A8A7A6",
    "P7F00010_TXW024": "ADACABAA",
    "P7F00010_TXW025": "B1B0AFAE",
    "P7F00010_TXW026": "B5B4B3B2",
    "P7F00010_TXW027": "B9B8B7B6",
    "P7F00010_TXW028": "BDBCBBBA",
    "P7F00010_TXW029": "C1C0BFBE",
    "P7F00010_TXW030": "C5C4C3C2",
    "P7F00010_TXW031": "C9C8C7C6",
    "P7F00010_TXW032": "CDCCCBCA",
    "P7F00010_TXW033": "D1D0CFCE",
    "P7F00010_TXW034": "D5D4D3D2",
    "P7F00010_TXW035": "D9D8D7D6",
    "P7F00010_TXW036": "DDDCDBDA",
    "P7F00010_TXW037": "E1E0DFDE",
    "P7F00010_TXW038": "E5E4E3E2",
    "P7F00010_TXW039": "E9E8E7E6",
    "P7F00010_TXW040": "EDECEBEA",
    "P7F00010_TXW041": "F1F0EFEE",
    "P7F00010_TXW042": "F5F4F3F2",
    "P7F00010_TXW043": "F9F8F7F6",
    "P7F00010_TXW044": "FDFCFBFA",
    "P7F00010_TXW045": "0100FFFE",
    "P7F00010_TXW046": "05040302",
    "P7F00010_TXW047": "09080706",
    "P7F00010_TXW048": "0D0C0B0A",
    "P7F00010_TXW049": "11100F0E",
    "P7F00010_TXW050": "15141312",
    "P7F00010_TXW051": "19181716",
    "P7F00010_TXW052": "1D1C1B1A",
    "P7F00010_TXW053": "21201F1E",
    "P7F00010_TXW054": "25242322",
    "P7F00010_TXW055": "29282726",
    "P7F00010_TXW056": "2D2C2B2A",
    "P7F00010_TXW057": "31302F2E",
    "P7F00010_TXW058": "35343332",
    "P7F00010_TXW059": "39383736",
    "P7F00010_TXW060": "3D3C3B3A",
    "P7F00010_TXW061": "00403F3E",
    "P7F00010_COMMIT": "00000007",
    "P7F00010_COMMIT_POLLS": "1",
    "P7F00010_TX_CRC32": "B74E7D2C",
    "P7F00010_DONE": "00000017",
    "P7F00010_DONE_POLLS": "1",
    "P7F00010_STATUS": "00000017",
    "P7F00010_MAILBOX": "50364F4B",
    "P7F00010_RX_LEN": "000000F7",
    "P7F00010_RX_CRC32": "B74E7D2C",
    "P7F00010_RX_DIGEST": "B74E7D2C",
    "P7F00010_TX_COUNT": "0000000B",
    "P7F00010_RX_GOOD_COUNT_L0": "0000000B",
    "P7F00010_RX_GOOD_COUNT_L1": "0000000B",
    "P7F00010_CRC_BAD": "00000000",
    "P7F00010_PAYLOAD_MISMATCH": "00000000",
    "P7F00010_RETRY_COUNT": "00000000",
    "P7F00010_RETRY_EXHAUSTED": "00000000",
    "P7F00010_TX_FAIL": "00000000",
    "P7F00010_DUTY_VIOLATION": "00000000",
    "P7F00010_RAW_TX_PULSES": "000008C0",
    "P7F00010_RAW_RX_PULSES": "00001181",
    "P7F00010_FRAME_GOOD": "0000000B",
    "P7F00010_FRAME_BAD": "00000000",
    "P7F00010_ACK_SENT": "0000000B",
    "P7F00010_ACK_SEEN": "0000000B",
    "P7F00010_TXD_HIGH_MAX": "00000008",
    "P7F00010_ERROR_CODE": "00000000",
    "P7F00010_STICKY_ERROR": "00000000",
    "P7F00010_RXW000": "50414652",
    "P7F00010_RXW001": "00200001",
    "P7F00010_RXW002": "50370004",
    "P7F00010_RXW003": "00000004",
    "P7F00010_RXW004": "00001000",
    "P7F00010_RXW005": "0014000A",
    "P7F00010_RXW006": "000000D7",
    "P7F00010_RXW007": "2FB64E16",
    "P7F00010_RXW008": "6D6C6B6A",
    "P7F00010_RXW009": "71706F6E",
    "P7F00010_RXW010": "75747372",
    "P7F00010_RXW011": "79787776",
    "P7F00010_RXW012": "7D7C7B7A",
    "P7F00010_RXW013": "81807F7E",
    "P7F00010_RXW014": "85848382",
    "P7F00010_RXW015": "89888786",
    "P7F00010_RXW016": "8D8C8B8A",
    "P7F00010_RXW017": "91908F8E",
    "P7F00010_RXW018": "95949392",
    "P7F00010_RXW019": "99989796",
    "P7F00010_RXW020": "9D9C9B9A",
    "P7F00010_RXW021": "A1A09F9E",
    "P7F00010_RXW022": "A5A4A3A2",
    "P7F00010_RXW023": "A9A8A7A6",
    "P7F00010_RXW024": "ADACABAA",
    "P7F00010_RXW025": "B1B0AFAE",
    "P7F00010_RXW026": "B5B4B3B2",
    "P7F00010_RXW027": "B9B8B7B6",
    "P7F00010_RXW028": "BDBCBBBA",
    "P7F00010_RXW029": "C1C0BFBE",
    "P7F00010_RXW030": "C5C4C3C2",
    "P7F00010_RXW031": "C9C8C7C6",
    "P7F00010_RXW032": "CDCCCBCA",
    "P7F00010_RXW033": "D1D0CFCE",
    "P7F00010_RXW034": "D5D4D3D2",
    "P7F00010_RXW035": "D9D8D7D6",
    "P7F00010_RXW036": "DDDCDBDA",
    "P7F00010_RXW037": "E1E0DFDE",
    "P7F00010_RXW038": "E5E4E3E2",
    "P7F00010_RXW039": "E9E8E7E6",
    "P7F00010_RXW040": "EDECEBEA",
    "P7F00010_RXW041": "F1F0EFEE",
    "P7F00010_RXW042": "F5F4F3F2",
    "P7F00010_RXW043": "F9F8F7F6",
    "P7F00010_RXW044": "FDFCFBFA",
    "P7F00010_RXW045": "0100FFFE",
    "P7F00010_RXW046": "05040302",
    "P7F00010_RXW047": "09080706",
    "P7F00010_RXW048": "0D0C0B0A",
    "P7F00010_RXW049": "11100F0E",
    "P7F00010_RXW050": "15141312",
    "P7F00010_RXW051": "19181716",
    "P7F00010_RXW052": "1D1C1B1A",
    "P7F00010_RXW053": "21201F1E",
    "P7F00010_RXW054": "25242322",
    "P7F00010_RXW055": "29282726",
    "P7F00010_RXW056": "2D2C2B2A",
    "P7F00010_RXW057": "31302F2E",
    "P7F00010_RXW058": "35343332",
    "P7F00010_RXW059": "39383736",
    "P7F00010_RXW060": "3D3C3B3A",
    "P7F00010_RXW061": "00403F3E",
    "P7F00011_TXW000": "50414652",
    "P7F00011_TXW001": "00200001",
    "P7F00011_TXW002": "50370004",
    "P7F00011_TXW003": "00000004",
    "P7F00011_TXW004": "00001000",
    "P7F00011_TXW005": "0014000B",
    "P7F00011_TXW006": "000000D7",
    "P7F00011_TXW007": "2FB64E16",
    "P7F00011_TXW008": "44434241",
    "P7F00011_TXW009": "48474645",
    "P7F00011_TXW010": "4C4B4A49",
    "P7F00011_TXW011": "504F4E4D",
    "P7F00011_TXW012": "54535251",
    "P7F00011_TXW013": "58575655",
    "P7F00011_TXW014": "5C5B5A59",
    "P7F00011_TXW015": "605F5E5D",
    "P7F00011_TXW016": "64636261",
    "P7F00011_TXW017": "68676665",
    "P7F00011_TXW018": "6C6B6A69",
    "P7F00011_TXW019": "706F6E6D",
    "P7F00011_TXW020": "74737271",
    "P7F00011_TXW021": "78777675",
    "P7F00011_TXW022": "7C7B7A79",
    "P7F00011_TXW023": "807F7E7D",
    "P7F00011_TXW024": "84838281",
    "P7F00011_TXW025": "88878685",
    "P7F00011_TXW026": "8C8B8A89",
    "P7F00011_TXW027": "908F8E8D",
    "P7F00011_TXW028": "94939291",
    "P7F00011_TXW029": "98979695",
    "P7F00011_TXW030": "9C9B9A99",
    "P7F00011_TXW031": "A09F9E9D",
    "P7F00011_TXW032": "A4A3A2A1",
    "P7F00011_TXW033": "A8A7A6A5",
    "P7F00011_TXW034": "ACABAAA9",
    "P7F00011_TXW035": "B0AFAEAD",
    "P7F00011_TXW036": "B4B3B2B1",
    "P7F00011_TXW037": "B8B7B6B5",
    "P7F00011_TXW038": "BCBBBAB9",
    "P7F00011_TXW039": "C0BFBEBD",
    "P7F00011_TXW040": "C4C3C2C1",
    "P7F00011_TXW041": "C8C7C6C5",
    "P7F00011_TXW042": "CCCBCAC9",
    "P7F00011_TXW043": "D0CFCECD",
    "P7F00011_TXW044": "D4D3D2D1",
    "P7F00011_TXW045": "D8D7D6D5",
    "P7F00011_TXW046": "DCDBDAD9",
    "P7F00011_TXW047": "E0DFDEDD",
    "P7F00011_TXW048": "E4E3E2E1",
    "P7F00011_TXW049": "E8E7E6E5",
    "P7F00011_TXW050": "ECEBEAE9",
    "P7F00011_TXW051": "F0EFEEED",
    "P7F00011_TXW052": "F4F3F2F1",
    "P7F00011_TXW053": "F8F7F6F5",
    "P7F00011_TXW054": "FCFBFAF9",
    "P7F00011_TXW055": "00FFFEFD",
    "P7F00011_TXW056": "04030201",
    "P7F00011_TXW057": "08070605",
    "P7F00011_TXW058": "0C0B0A09",
    "P7F00011_TXW059": "100F0E0D",
    "P7F00011_TXW060": "14131211",
    "P7F00011_TXW061": "00171615",
    "P7F00011_COMMIT": "00000007",
    "P7F00011_COMMIT_POLLS": "1",
    "P7F00011_TX_CRC32": "129D12F2",
    "P7F00011_DONE": "00000017",
    "P7F00011_DONE_POLLS": "1",
    "P7F00011_STATUS": "00000017",
    "P7F00011_MAILBOX": "50364F4B",
    "P7F00011_RX_LEN": "000000F7",
    "P7F00011_RX_CRC32": "129D12F2",
    "P7F00011_RX_DIGEST": "129D12F2",
    "P7F00011_TX_COUNT": "0000000C",
    "P7F00011_RX_GOOD_COUNT_L0": "0000000C",
    "P7F00011_RX_GOOD_COUNT_L1": "0000000C",
    "P7F00011_CRC_BAD": "00000000",
    "P7F00011_PAYLOAD_MISMATCH": "00000000",
    "P7F00011_RETRY_COUNT": "00000000",
    "P7F00011_RETRY_EXHAUSTED": "00000000",
    "P7F00011_TX_FAIL": "00000000",
    "P7F00011_DUTY_VIOLATION": "00000000",
    "P7F00011_RAW_TX_PULSES": "000008C0",
    "P7F00011_RAW_RX_PULSES": "00001181",
    "P7F00011_FRAME_GOOD": "0000000C",
    "P7F00011_FRAME_BAD": "00000000",
    "P7F00011_ACK_SENT": "0000000C",
    "P7F00011_ACK_SEEN": "0000000C",
    "P7F00011_TXD_HIGH_MAX": "00000008",
    "P7F00011_ERROR_CODE": "00000000",
    "P7F00011_STICKY_ERROR": "00000000",
    "P7F00011_RXW000": "50414652",
    "P7F00011_RXW001": "00200001",
    "P7F00011_RXW002": "50370004",
    "P7F00011_RXW003": "00000004",
    "P7F00011_RXW004": "00001000",
    "P7F00011_RXW005": "0014000B",
    "P7F00011_RXW006": "000000D7",
    "P7F00011_RXW007": "2FB64E16",
    "P7F00011_RXW008": "44434241",
    "P7F00011_RXW009": "48474645",
    "P7F00011_RXW010": "4C4B4A49",
    "P7F00011_RXW011": "504F4E4D",
    "P7F00011_RXW012": "54535251",
    "P7F00011_RXW013": "58575655",
    "P7F00011_RXW014": "5C5B5A59",
    "P7F00011_RXW015": "605F5E5D",
    "P7F00011_RXW016": "64636261",
    "P7F00011_RXW017": "68676665",
    "P7F00011_RXW018": "6C6B6A69",
    "P7F00011_RXW019": "706F6E6D",
    "P7F00011_RXW020": "74737271",
    "P7F00011_RXW021": "78777675",
    "P7F00011_RXW022": "7C7B7A79",
    "P7F00011_RXW023": "807F7E7D",
    "P7F00011_RXW024": "84838281",
    "P7F00011_RXW025": "88878685",
    "P7F00011_RXW026": "8C8B8A89",
    "P7F00011_RXW027": "908F8E8D",
    "P7F00011_RXW028": "94939291",
    "P7F00011_RXW029": "98979695",
    "P7F00011_RXW030": "9C9B9A99",
    "P7F00011_RXW031": "A09F9E9D",
    "P7F00011_RXW032": "A4A3A2A1",
    "P7F00011_RXW033": "A8A7A6A5",
    "P7F00011_RXW034": "ACABAAA9",
    "P7F00011_RXW035": "B0AFAEAD",
    "P7F00011_RXW036": "B4B3B2B1",
    "P7F00011_RXW037": "B8B7B6B5",
    "P7F00011_RXW038": "BCBBBAB9",
    "P7F00011_RXW039": "C0BFBEBD",
    "P7F00011_RXW040": "C4C3C2C1",
    "P7F00011_RXW041": "C8C7C6C5",
    "P7F00011_RXW042": "CCCBCAC9",
    "P7F00011_RXW043": "D0CFCECD",
    "P7F00011_RXW044": "D4D3D2D1",
    "P7F00011_RXW045": "D8D7D6D5",
    "P7F00011_RXW046": "DCDBDAD9",
    "P7F00011_RXW047": "E0DFDEDD",
    "P7F00011_RXW048": "E4E3E2E1",
    "P7F00011_RXW049": "E8E7E6E5",
    "P7F00011_RXW050": "ECEBEAE9",
    "P7F00011_RXW051": "F0EFEEED",
    "P7F00011_RXW052": "F4F3F2F1",
    "P7F00011_RXW053": "F8F7F6F5",
    "P7F00011_RXW054": "FCFBFAF9",
    "P7F00011_RXW055": "00FFFEFD",
    "P7F00011_RXW056": "04030201",
    "P7F00011_RXW057": "08070605",
    "P7F00011_RXW058": "0C0B0A09",
    "P7F00011_RXW059": "100F0E0D",
    "P7F00011_RXW060": "14131211",
    "P7F00011_RXW061": "00171615",
    "P7F00012_TXW000": "50414652",
    "P7F00012_TXW001": "00200001",
    "P7F00012_TXW002": "50370004",
    "P7F00012_TXW003": "00000004",
    "P7F00012_TXW004": "00001000",
    "P7F00012_TXW005": "0014000C",
    "P7F00012_TXW006": "000000D7",
    "P7F00012_TXW007": "2FB64E16",
    "P7F00012_TXW008": "1B1A1918",
    "P7F00012_TXW009": "1F1E1D1C",
    "P7F00012_TXW010": "23222120",
    "P7F00012_TXW011": "27262524",
    "P7F00012_TXW012": "2B2A2928",
    "P7F00012_TXW013": "2F2E2D2C",
    "P7F00012_TXW014": "33323130",
    "P7F00012_TXW015": "37363534",
    "P7F00012_TXW016": "3B3A3938",
    "P7F00012_TXW017": "3F3E3D3C",
    "P7F00012_TXW018": "43424140",
    "P7F00012_TXW019": "47464544",
    "P7F00012_TXW020": "4B4A4948",
    "P7F00012_TXW021": "4F4E4D4C",
    "P7F00012_TXW022": "53525150",
    "P7F00012_TXW023": "57565554",
    "P7F00012_TXW024": "5B5A5958",
    "P7F00012_TXW025": "5F5E5D5C",
    "P7F00012_TXW026": "63626160",
    "P7F00012_TXW027": "67666564",
    "P7F00012_TXW028": "6B6A6968",
    "P7F00012_TXW029": "6F6E6D6C",
    "P7F00012_TXW030": "73727170",
    "P7F00012_TXW031": "77767574",
    "P7F00012_TXW032": "7B7A7978",
    "P7F00012_TXW033": "7F7E7D7C",
    "P7F00012_TXW034": "83828180",
    "P7F00012_TXW035": "87868584",
    "P7F00012_TXW036": "8B8A8988",
    "P7F00012_TXW037": "8F8E8D8C",
    "P7F00012_TXW038": "93929190",
    "P7F00012_TXW039": "97969594",
    "P7F00012_TXW040": "9B9A9998",
    "P7F00012_TXW041": "9F9E9D9C",
    "P7F00012_TXW042": "A3A2A1A0",
    "P7F00012_TXW043": "A7A6A5A4",
    "P7F00012_TXW044": "ABAAA9A8",
    "P7F00012_TXW045": "AFAEADAC",
    "P7F00012_TXW046": "B3B2B1B0",
    "P7F00012_TXW047": "B7B6B5B4",
    "P7F00012_TXW048": "BBBAB9B8",
    "P7F00012_TXW049": "BFBEBDBC",
    "P7F00012_TXW050": "C3C2C1C0",
    "P7F00012_TXW051": "C7C6C5C4",
    "P7F00012_TXW052": "CBCAC9C8",
    "P7F00012_TXW053": "CFCECDCC",
    "P7F00012_TXW054": "D3D2D1D0",
    "P7F00012_TXW055": "D7D6D5D4",
    "P7F00012_TXW056": "DBDAD9D8",
    "P7F00012_TXW057": "DFDEDDDC",
    "P7F00012_TXW058": "E3E2E1E0",
    "P7F00012_TXW059": "E7E6E5E4",
    "P7F00012_TXW060": "EBEAE9E8",
    "P7F00012_TXW061": "00EEEDEC",
    "P7F00012_COMMIT": "00000007",
    "P7F00012_COMMIT_POLLS": "1",
    "P7F00012_TX_CRC32": "09A3D82B",
    "P7F00012_DONE": "00000017",
    "P7F00012_DONE_POLLS": "1",
    "P7F00012_STATUS": "00000017",
    "P7F00012_MAILBOX": "50364F4B",
    "P7F00012_RX_LEN": "000000F7",
    "P7F00012_RX_CRC32": "09A3D82B",
    "P7F00012_RX_DIGEST": "09A3D82B",
    "P7F00012_TX_COUNT": "0000000D",
    "P7F00012_RX_GOOD_COUNT_L0": "0000000D",
    "P7F00012_RX_GOOD_COUNT_L1": "0000000D",
    "P7F00012_CRC_BAD": "00000000",
    "P7F00012_PAYLOAD_MISMATCH": "00000000",
    "P7F00012_RETRY_COUNT": "00000000",
    "P7F00012_RETRY_EXHAUSTED": "00000000",
    "P7F00012_TX_FAIL": "00000000",
    "P7F00012_DUTY_VIOLATION": "00000000",
    "P7F00012_RAW_TX_PULSES": "000008C0",
    "P7F00012_RAW_RX_PULSES": "00001181",
    "P7F00012_FRAME_GOOD": "0000000D",
    "P7F00012_FRAME_BAD": "00000000",
    "P7F00012_ACK_SENT": "0000000D",
    "P7F00012_ACK_SEEN": "0000000D",
    "P7F00012_TXD_HIGH_MAX": "00000008",
    "P7F00012_ERROR_CODE": "00000000",
    "P7F00012_STICKY_ERROR": "00000000",
    "P7F00012_RXW000": "50414652",
    "P7F00012_RXW001": "00200001",
    "P7F00012_RXW002": "50370004",
    "P7F00012_RXW003": "00000004",
    "P7F00012_RXW004": "00001000",
    "P7F00012_RXW005": "0014000C",
    "P7F00012_RXW006": "000000D7",
    "P7F00012_RXW007": "2FB64E16",
    "P7F00012_RXW008": "1B1A1918",
    "P7F00012_RXW009": "1F1E1D1C",
    "P7F00012_RXW010": "23222120",
    "P7F00012_RXW011": "27262524",
    "P7F00012_RXW012": "2B2A2928",
    "P7F00012_RXW013": "2F2E2D2C",
    "P7F00012_RXW014": "33323130",
    "P7F00012_RXW015": "37363534",
    "P7F00012_RXW016": "3B3A3938",
    "P7F00012_RXW017": "3F3E3D3C",
    "P7F00012_RXW018": "43424140",
    "P7F00012_RXW019": "47464544",
    "P7F00012_RXW020": "4B4A4948",
    "P7F00012_RXW021": "4F4E4D4C",
    "P7F00012_RXW022": "53525150",
    "P7F00012_RXW023": "57565554",
    "P7F00012_RXW024": "5B5A5958",
    "P7F00012_RXW025": "5F5E5D5C",
    "P7F00012_RXW026": "63626160",
    "P7F00012_RXW027": "67666564",
    "P7F00012_RXW028": "6B6A6968",
    "P7F00012_RXW029": "6F6E6D6C",
    "P7F00012_RXW030": "73727170",
    "P7F00012_RXW031": "77767574",
    "P7F00012_RXW032": "7B7A7978",
    "P7F00012_RXW033": "7F7E7D7C",
    "P7F00012_RXW034": "83828180",
    "P7F00012_RXW035": "87868584",
    "P7F00012_RXW036": "8B8A8988",
    "P7F00012_RXW037": "8F8E8D8C",
    "P7F00012_RXW038": "93929190",
    "P7F00012_RXW039": "97969594",
    "P7F00012_RXW040": "9B9A9998",
    "P7F00012_RXW041": "9F9E9D9C",
    "P7F00012_RXW042": "A3A2A1A0",
    "P7F00012_RXW043": "A7A6A5A4",
    "P7F00012_RXW044": "ABAAA9A8",
    "P7F00012_RXW045": "AFAEADAC",
    "P7F00012_RXW046": "B3B2B1B0",
    "P7F00012_RXW047": "B7B6B5B4",
    "P7F00012_RXW048": "BBBAB9B8",
    "P7F00012_RXW049": "BFBEBDBC",
    "P7F00012_RXW050": "C3C2C1C0",
    "P7F00012_RXW051": "C7C6C5C4",
    "P7F00012_RXW052": "CBCAC9C8",
    "P7F00012_RXW053": "CFCECDCC",
    "P7F00012_RXW054": "D3D2D1D0",
    "P7F00012_RXW055": "D7D6D5D4",
    "P7F00012_RXW056": "DBDAD9D8",
    "P7F00012_RXW057": "DFDEDDDC",
    "P7F00012_RXW058": "E3E2E1E0",
    "P7F00012_RXW059": "E7E6E5E4",
    "P7F00012_RXW060": "EBEAE9E8",
    "P7F00012_RXW061": "00EEEDEC",
    "P7F00013_TXW000": "50414652",
    "P7F00013_TXW001": "00200001",
    "P7F00013_TXW002": "50370004",
    "P7F00013_TXW003": "00000004",
    "P7F00013_TXW004": "00001000",
    "P7F00013_TXW005": "0014000D",
    "P7F00013_TXW006": "000000D7",
    "P7F00013_TXW007": "2FB64E16",
    "P7F00013_TXW008": "F2F1F0EF",
    "P7F00013_TXW009": "F6F5F4F3",
    "P7F00013_TXW010": "FAF9F8F7",
    "P7F00013_TXW011": "FEFDFCFB",
    "P7F00013_TXW012": "020100FF",
    "P7F00013_TXW013": "06050403",
    "P7F00013_TXW014": "0A090807",
    "P7F00013_TXW015": "0E0D0C0B",
    "P7F00013_TXW016": "1211100F",
    "P7F00013_TXW017": "16151413",
    "P7F00013_TXW018": "1A191817",
    "P7F00013_TXW019": "1E1D1C1B",
    "P7F00013_TXW020": "2221201F",
    "P7F00013_TXW021": "26252423",
    "P7F00013_TXW022": "2A292827",
    "P7F00013_TXW023": "2E2D2C2B",
    "P7F00013_TXW024": "3231302F",
    "P7F00013_TXW025": "36353433",
    "P7F00013_TXW026": "3A393837",
    "P7F00013_TXW027": "3E3D3C3B",
    "P7F00013_TXW028": "4241403F",
    "P7F00013_TXW029": "46454443",
    "P7F00013_TXW030": "4A494847",
    "P7F00013_TXW031": "4E4D4C4B",
    "P7F00013_TXW032": "5251504F",
    "P7F00013_TXW033": "56555453",
    "P7F00013_TXW034": "5A595857",
    "P7F00013_TXW035": "5E5D5C5B",
    "P7F00013_TXW036": "6261605F",
    "P7F00013_TXW037": "66656463",
    "P7F00013_TXW038": "6A696867",
    "P7F00013_TXW039": "6E6D6C6B",
    "P7F00013_TXW040": "7271706F",
    "P7F00013_TXW041": "76757473",
    "P7F00013_TXW042": "7A797877",
    "P7F00013_TXW043": "7E7D7C7B",
    "P7F00013_TXW044": "8281807F",
    "P7F00013_TXW045": "86858483",
    "P7F00013_TXW046": "8A898887",
    "P7F00013_TXW047": "8E8D8C8B",
    "P7F00013_TXW048": "9291908F",
    "P7F00013_TXW049": "96959493",
    "P7F00013_TXW050": "9A999897",
    "P7F00013_TXW051": "9E9D9C9B",
    "P7F00013_TXW052": "A2A1A09F",
    "P7F00013_TXW053": "A6A5A4A3",
    "P7F00013_TXW054": "AAA9A8A7",
    "P7F00013_TXW055": "AEADACAB",
    "P7F00013_TXW056": "B2B1B0AF",
    "P7F00013_TXW057": "B6B5B4B3",
    "P7F00013_TXW058": "BAB9B8B7",
    "P7F00013_TXW059": "BEBDBCBB",
    "P7F00013_TXW060": "C2C1C0BF",
    "P7F00013_TXW061": "00C5C4C3",
    "P7F00013_COMMIT": "00000007",
    "P7F00013_COMMIT_POLLS": "1",
    "P7F00013_TX_CRC32": "D0ABFC42",
    "P7F00013_DONE": "00000017",
    "P7F00013_DONE_POLLS": "1",
    "P7F00013_STATUS": "00000017",
    "P7F00013_MAILBOX": "50364F4B",
    "P7F00013_RX_LEN": "000000F7",
    "P7F00013_RX_CRC32": "D0ABFC42",
    "P7F00013_RX_DIGEST": "D0ABFC42",
    "P7F00013_TX_COUNT": "0000000E",
    "P7F00013_RX_GOOD_COUNT_L0": "0000000E",
    "P7F00013_RX_GOOD_COUNT_L1": "0000000E",
    "P7F00013_CRC_BAD": "00000000",
    "P7F00013_PAYLOAD_MISMATCH": "00000000",
    "P7F00013_RETRY_COUNT": "00000000",
    "P7F00013_RETRY_EXHAUSTED": "00000000",
    "P7F00013_TX_FAIL": "00000000",
    "P7F00013_DUTY_VIOLATION": "00000000",
    "P7F00013_RAW_TX_PULSES": "000008C0",
    "P7F00013_RAW_RX_PULSES": "00001181",
    "P7F00013_FRAME_GOOD": "0000000E",
    "P7F00013_FRAME_BAD": "00000000",
    "P7F00013_ACK_SENT": "0000000E",
    "P7F00013_ACK_SEEN": "0000000E",
    "P7F00013_TXD_HIGH_MAX": "00000008",
    "P7F00013_ERROR_CODE": "00000000",
    "P7F00013_STICKY_ERROR": "00000000",
    "P7F00013_RXW000": "50414652",
    "P7F00013_RXW001": "00200001",
    "P7F00013_RXW002": "50370004",
    "P7F00013_RXW003": "00000004",
    "P7F00013_RXW004": "00001000",
    "P7F00013_RXW005": "0014000D",
    "P7F00013_RXW006": "000000D7",
    "P7F00013_RXW007": "2FB64E16",
    "P7F00013_RXW008": "F2F1F0EF",
    "P7F00013_RXW009": "F6F5F4F3",
    "P7F00013_RXW010": "FAF9F8F7",
    "P7F00013_RXW011": "FEFDFCFB",
    "P7F00013_RXW012": "020100FF",
    "P7F00013_RXW013": "06050403",
    "P7F00013_RXW014": "0A090807",
    "P7F00013_RXW015": "0E0D0C0B",
    "P7F00013_RXW016": "1211100F",
    "P7F00013_RXW017": "16151413",
    "P7F00013_RXW018": "1A191817",
    "P7F00013_RXW019": "1E1D1C1B",
    "P7F00013_RXW020": "2221201F",
    "P7F00013_RXW021": "26252423",
    "P7F00013_RXW022": "2A292827",
    "P7F00013_RXW023": "2E2D2C2B",
    "P7F00013_RXW024": "3231302F",
    "P7F00013_RXW025": "36353433",
    "P7F00013_RXW026": "3A393837",
    "P7F00013_RXW027": "3E3D3C3B",
    "P7F00013_RXW028": "4241403F",
    "P7F00013_RXW029": "46454443",
    "P7F00013_RXW030": "4A494847",
    "P7F00013_RXW031": "4E4D4C4B",
    "P7F00013_RXW032": "5251504F",
    "P7F00013_RXW033": "56555453",
    "P7F00013_RXW034": "5A595857",
    "P7F00013_RXW035": "5E5D5C5B",
    "P7F00013_RXW036": "6261605F",
    "P7F00013_RXW037": "66656463",
    "P7F00013_RXW038": "6A696867",
    "P7F00013_RXW039": "6E6D6C6B",
    "P7F00013_RXW040": "7271706F",
    "P7F00013_RXW041": "76757473",
    "P7F00013_RXW042": "7A797877",
    "P7F00013_RXW043": "7E7D7C7B",
    "P7F00013_RXW044": "8281807F",
    "P7F00013_RXW045": "86858483",
    "P7F00013_RXW046": "8A898887",
    "P7F00013_RXW047": "8E8D8C8B",
    "P7F00013_RXW048": "9291908F",
    "P7F00013_RXW049": "96959493",
    "P7F00013_RXW050": "9A999897",
    "P7F00013_RXW051": "9E9D9C9B",
    "P7F00013_RXW052": "A2A1A09F",
    "P7F00013_RXW053": "A6A5A4A3",
    "P7F00013_RXW054": "AAA9A8A7",
    "P7F00013_RXW055": "AEADACAB",
    "P7F00013_RXW056": "B2B1B0AF",
    "P7F00013_RXW057": "B6B5B4B3",
    "P7F00013_RXW058": "BAB9B8B7",
    "P7F00013_RXW059": "BEBDBCBB",
    "P7F00013_RXW060": "C2C1C0BF",
    "P7F00013_RXW061": "00C5C4C3",
    "P7F00014_TXW000": "50414652",
    "P7F00014_TXW001": "00200001",
    "P7F00014_TXW002": "50370004",
    "P7F00014_TXW003": "00000004",
    "P7F00014_TXW004": "00001000",
    "P7F00014_TXW005": "0014000E",
    "P7F00014_TXW006": "000000D7",
    "P7F00014_TXW007": "2FB64E16",
    "P7F00014_TXW008": "C9C8C7C6",
    "P7F00014_TXW009": "CDCCCBCA",
    "P7F00014_TXW010": "D1D0CFCE",
    "P7F00014_TXW011": "D5D4D3D2",
    "P7F00014_TXW012": "D9D8D7D6",
    "P7F00014_TXW013": "DDDCDBDA",
    "P7F00014_TXW014": "E1E0DFDE",
    "P7F00014_TXW015": "E5E4E3E2",
    "P7F00014_TXW016": "E9E8E7E6",
    "P7F00014_TXW017": "EDECEBEA",
    "P7F00014_TXW018": "F1F0EFEE",
    "P7F00014_TXW019": "F5F4F3F2",
    "P7F00014_TXW020": "F9F8F7F6",
    "P7F00014_TXW021": "FDFCFBFA",
    "P7F00014_TXW022": "0100FFFE",
    "P7F00014_TXW023": "05040302",
    "P7F00014_TXW024": "09080706",
    "P7F00014_TXW025": "0D0C0B0A",
    "P7F00014_TXW026": "11100F0E",
    "P7F00014_TXW027": "15141312",
    "P7F00014_TXW028": "19181716",
    "P7F00014_TXW029": "1D1C1B1A",
    "P7F00014_TXW030": "21201F1E",
    "P7F00014_TXW031": "25242322",
    "P7F00014_TXW032": "29282726",
    "P7F00014_TXW033": "2D2C2B2A",
    "P7F00014_TXW034": "31302F2E",
    "P7F00014_TXW035": "35343332",
    "P7F00014_TXW036": "39383736",
    "P7F00014_TXW037": "3D3C3B3A",
    "P7F00014_TXW038": "41403F3E",
    "P7F00014_TXW039": "45444342",
    "P7F00014_TXW040": "49484746",
    "P7F00014_TXW041": "4D4C4B4A",
    "P7F00014_TXW042": "51504F4E",
    "P7F00014_TXW043": "55545352",
    "P7F00014_TXW044": "59585756",
    "P7F00014_TXW045": "5D5C5B5A",
    "P7F00014_TXW046": "61605F5E",
    "P7F00014_TXW047": "65646362",
    "P7F00014_TXW048": "69686766",
    "P7F00014_TXW049": "6D6C6B6A",
    "P7F00014_TXW050": "71706F6E",
    "P7F00014_TXW051": "75747372",
    "P7F00014_TXW052": "79787776",
    "P7F00014_TXW053": "7D7C7B7A",
    "P7F00014_TXW054": "81807F7E",
    "P7F00014_TXW055": "85848382",
    "P7F00014_TXW056": "89888786",
    "P7F00014_TXW057": "8D8C8B8A",
    "P7F00014_TXW058": "91908F8E",
    "P7F00014_TXW059": "95949392",
    "P7F00014_TXW060": "99989796",
    "P7F00014_TXW061": "009C9B9A",
    "P7F00014_COMMIT": "00000007",
    "P7F00014_COMMIT_POLLS": "1",
    "P7F00014_TX_CRC32": "2A55F769",
    "P7F00014_DONE": "00000017",
    "P7F00014_DONE_POLLS": "1",
    "P7F00014_STATUS": "00000017",
    "P7F00014_MAILBOX": "50364F4B",
    "P7F00014_RX_LEN": "000000F7",
    "P7F00014_RX_CRC32": "2A55F769",
    "P7F00014_RX_DIGEST": "2A55F769",
    "P7F00014_TX_COUNT": "0000000F",
    "P7F00014_RX_GOOD_COUNT_L0": "0000000F",
    "P7F00014_RX_GOOD_COUNT_L1": "0000000F",
    "P7F00014_CRC_BAD": "00000000",
    "P7F00014_PAYLOAD_MISMATCH": "00000000",
    "P7F00014_RETRY_COUNT": "00000000",
    "P7F00014_RETRY_EXHAUSTED": "00000000",
    "P7F00014_TX_FAIL": "00000000",
    "P7F00014_DUTY_VIOLATION": "00000000",
    "P7F00014_RAW_TX_PULSES": "000008C0",
    "P7F00014_RAW_RX_PULSES": "00001181",
    "P7F00014_FRAME_GOOD": "0000000F",
    "P7F00014_FRAME_BAD": "00000000",
    "P7F00014_ACK_SENT": "0000000F",
    "P7F00014_ACK_SEEN": "0000000F",
    "P7F00014_TXD_HIGH_MAX": "00000008",
    "P7F00014_ERROR_CODE": "00000000",
    "P7F00014_STICKY_ERROR": "00000000",
    "P7F00014_RXW000": "50414652",
    "P7F00014_RXW001": "00200001",
    "P7F00014_RXW002": "50370004",
    "P7F00014_RXW003": "00000004",
    "P7F00014_RXW004": "00001000",
    "P7F00014_RXW005": "0014000E",
    "P7F00014_RXW006": "000000D7",
    "P7F00014_RXW007": "2FB64E16",
    "P7F00014_RXW008": "C9C8C7C6",
    "P7F00014_RXW009": "CDCCCBCA",
    "P7F00014_RXW010": "D1D0CFCE",
    "P7F00014_RXW011": "D5D4D3D2",
    "P7F00014_RXW012": "D9D8D7D6",
    "P7F00014_RXW013": "DDDCDBDA",
    "P7F00014_RXW014": "E1E0DFDE",
    "P7F00014_RXW015": "E5E4E3E2",
    "P7F00014_RXW016": "E9E8E7E6",
    "P7F00014_RXW017": "EDECEBEA",
    "P7F00014_RXW018": "F1F0EFEE",
    "P7F00014_RXW019": "F5F4F3F2",
    "P7F00014_RXW020": "F9F8F7F6",
    "P7F00014_RXW021": "FDFCFBFA",
    "P7F00014_RXW022": "0100FFFE",
    "P7F00014_RXW023": "05040302",
    "P7F00014_RXW024": "09080706",
    "P7F00014_RXW025": "0D0C0B0A",
    "P7F00014_RXW026": "11100F0E",
    "P7F00014_RXW027": "15141312",
    "P7F00014_RXW028": "19181716",
    "P7F00014_RXW029": "1D1C1B1A",
    "P7F00014_RXW030": "21201F1E",
    "P7F00014_RXW031": "25242322",
    "P7F00014_RXW032": "29282726",
    "P7F00014_RXW033": "2D2C2B2A",
    "P7F00014_RXW034": "31302F2E",
    "P7F00014_RXW035": "35343332",
    "P7F00014_RXW036": "39383736",
    "P7F00014_RXW037": "3D3C3B3A",
    "P7F00014_RXW038": "41403F3E",
    "P7F00014_RXW039": "45444342",
    "P7F00014_RXW040": "49484746",
    "P7F00014_RXW041": "4D4C4B4A",
    "P7F00014_RXW042": "51504F4E",
    "P7F00014_RXW043": "55545352",
    "P7F00014_RXW044": "59585756",
    "P7F00014_RXW045": "5D5C5B5A",
    "P7F00014_RXW046": "61605F5E",
    "P7F00014_RXW047": "65646362",
    "P7F00014_RXW048": "69686766",
    "P7F00014_RXW049": "6D6C6B6A",
    "P7F00014_RXW050": "71706F6E",
    "P7F00014_RXW051": "75747372",
    "P7F00014_RXW052": "79787776",
    "P7F00014_RXW053": "7D7C7B7A",
    "P7F00014_RXW054": "81807F7E",
    "P7F00014_RXW055": "85848382",
    "P7F00014_RXW056": "89888786",
    "P7F00014_RXW057": "8D8C8B8A",
    "P7F00014_RXW058": "91908F8E",
    "P7F00014_RXW059": "95949392",
    "P7F00014_RXW060": "99989796",
    "P7F00014_RXW061": "009C9B9A",
    "P7F00015_TXW000": "50414652",
    "P7F00015_TXW001": "00200001",
    "P7F00015_TXW002": "50370004",
    "P7F00015_TXW003": "00000004",
    "P7F00015_TXW004": "00001000",
    "P7F00015_TXW005": "0014000F",
    "P7F00015_TXW006": "000000D7",
    "P7F00015_TXW007": "2FB64E16",
    "P7F00015_TXW008": "A09F9E9D",
    "P7F00015_TXW009": "A4A3A2A1",
    "P7F00015_TXW010": "A8A7A6A5",
    "P7F00015_TXW011": "ACABAAA9",
    "P7F00015_TXW012": "B0AFAEAD",
    "P7F00015_TXW013": "B4B3B2B1",
    "P7F00015_TXW014": "B8B7B6B5",
    "P7F00015_TXW015": "BCBBBAB9",
    "P7F00015_TXW016": "C0BFBEBD",
    "P7F00015_TXW017": "C4C3C2C1",
    "P7F00015_TXW018": "C8C7C6C5",
    "P7F00015_TXW019": "CCCBCAC9",
    "P7F00015_TXW020": "D0CFCECD",
    "P7F00015_TXW021": "D4D3D2D1",
    "P7F00015_TXW022": "D8D7D6D5",
    "P7F00015_TXW023": "DCDBDAD9",
    "P7F00015_TXW024": "E0DFDEDD",
    "P7F00015_TXW025": "E4E3E2E1",
    "P7F00015_TXW026": "E8E7E6E5",
    "P7F00015_TXW027": "ECEBEAE9",
    "P7F00015_TXW028": "F0EFEEED",
    "P7F00015_TXW029": "F4F3F2F1",
    "P7F00015_TXW030": "F8F7F6F5",
    "P7F00015_TXW031": "FCFBFAF9",
    "P7F00015_TXW032": "00FFFEFD",
    "P7F00015_TXW033": "04030201",
    "P7F00015_TXW034": "08070605",
    "P7F00015_TXW035": "0C0B0A09",
    "P7F00015_TXW036": "100F0E0D",
    "P7F00015_TXW037": "14131211",
    "P7F00015_TXW038": "18171615",
    "P7F00015_TXW039": "1C1B1A19",
    "P7F00015_TXW040": "201F1E1D",
    "P7F00015_TXW041": "24232221",
    "P7F00015_TXW042": "28272625",
    "P7F00015_TXW043": "2C2B2A29",
    "P7F00015_TXW044": "302F2E2D",
    "P7F00015_TXW045": "34333231",
    "P7F00015_TXW046": "38373635",
    "P7F00015_TXW047": "3C3B3A39",
    "P7F00015_TXW048": "403F3E3D",
    "P7F00015_TXW049": "44434241",
    "P7F00015_TXW050": "48474645",
    "P7F00015_TXW051": "4C4B4A49",
    "P7F00015_TXW052": "504F4E4D",
    "P7F00015_TXW053": "54535251",
    "P7F00015_TXW054": "58575655",
    "P7F00015_TXW055": "5C5B5A59",
    "P7F00015_TXW056": "605F5E5D",
    "P7F00015_TXW057": "64636261",
    "P7F00015_TXW058": "68676665",
    "P7F00015_TXW059": "6C6B6A69",
    "P7F00015_TXW060": "706F6E6D",
    "P7F00015_TXW061": "00737271",
    "P7F00015_COMMIT": "00000007",
    "P7F00015_COMMIT_POLLS": "1",
    "P7F00015_TX_CRC32": "DC9B697E",
    "P7F00015_DONE": "00000017",
    "P7F00015_DONE_POLLS": "1",
    "P7F00015_STATUS": "00000017",
    "P7F00015_MAILBOX": "50364F4B",
    "P7F00015_RX_LEN": "000000F7",
    "P7F00015_RX_CRC32": "DC9B697E",
    "P7F00015_RX_DIGEST": "DC9B697E",
    "P7F00015_TX_COUNT": "00000010",
    "P7F00015_RX_GOOD_COUNT_L0": "00000010",
    "P7F00015_RX_GOOD_COUNT_L1": "00000010",
    "P7F00015_CRC_BAD": "00000000",
    "P7F00015_PAYLOAD_MISMATCH": "00000000",
    "P7F00015_RETRY_COUNT": "00000000",
    "P7F00015_RETRY_EXHAUSTED": "00000000",
    "P7F00015_TX_FAIL": "00000000",
    "P7F00015_DUTY_VIOLATION": "00000000",
    "P7F00015_RAW_TX_PULSES": "000008C0",
    "P7F00015_RAW_RX_PULSES": "00001181",
    "P7F00015_FRAME_GOOD": "00000010",
    "P7F00015_FRAME_BAD": "00000000",
    "P7F00015_ACK_SENT": "00000010",
    "P7F00015_ACK_SEEN": "00000010",
    "P7F00015_TXD_HIGH_MAX": "00000008",
    "P7F00015_ERROR_CODE": "00000000",
    "P7F00015_STICKY_ERROR": "00000000",
    "P7F00015_RXW000": "50414652",
    "P7F00015_RXW001": "00200001",
    "P7F00015_RXW002": "50370004",
    "P7F00015_RXW003": "00000004",
    "P7F00015_RXW004": "00001000",
    "P7F00015_RXW005": "0014000F",
    "P7F00015_RXW006": "000000D7",
    "P7F00015_RXW007": "2FB64E16",
    "P7F00015_RXW008": "A09F9E9D",
    "P7F00015_RXW009": "A4A3A2A1",
    "P7F00015_RXW010": "A8A7A6A5",
    "P7F00015_RXW011": "ACABAAA9",
    "P7F00015_RXW012": "B0AFAEAD",
    "P7F00015_RXW013": "B4B3B2B1",
    "P7F00015_RXW014": "B8B7B6B5",
    "P7F00015_RXW015": "BCBBBAB9",
    "P7F00015_RXW016": "C0BFBEBD",
    "P7F00015_RXW017": "C4C3C2C1",
    "P7F00015_RXW018": "C8C7C6C5",
    "P7F00015_RXW019": "CCCBCAC9",
    "P7F00015_RXW020": "D0CFCECD",
    "P7F00015_RXW021": "D4D3D2D1",
    "P7F00015_RXW022": "D8D7D6D5",
    "P7F00015_RXW023": "DCDBDAD9",
    "P7F00015_RXW024": "E0DFDEDD",
    "P7F00015_RXW025": "E4E3E2E1",
    "P7F00015_RXW026": "E8E7E6E5",
    "P7F00015_RXW027": "ECEBEAE9",
    "P7F00015_RXW028": "F0EFEEED",
    "P7F00015_RXW029": "F4F3F2F1",
    "P7F00015_RXW030": "F8F7F6F5",
    "P7F00015_RXW031": "FCFBFAF9",
    "P7F00015_RXW032": "00FFFEFD",
    "P7F00015_RXW033": "04030201",
    "P7F00015_RXW034": "08070605",
    "P7F00015_RXW035": "0C0B0A09",
    "P7F00015_RXW036": "100F0E0D",
    "P7F00015_RXW037": "14131211",
    "P7F00015_RXW038": "18171615",
    "P7F00015_RXW039": "1C1B1A19",
    "P7F00015_RXW040": "201F1E1D",
    "P7F00015_RXW041": "24232221",
    "P7F00015_RXW042": "28272625",
    "P7F00015_RXW043": "2C2B2A29",
    "P7F00015_RXW044": "302F2E2D",
    "P7F00015_RXW045": "34333231",
    "P7F00015_RXW046": "38373635",
    "P7F00015_RXW047": "3C3B3A39",
    "P7F00015_RXW048": "403F3E3D",
    "P7F00015_RXW049": "44434241",
    "P7F00015_RXW050": "48474645",
    "P7F00015_RXW051": "4C4B4A49",
    "P7F00015_RXW052": "504F4E4D",
    "P7F00015_RXW053": "54535251",
    "P7F00015_RXW054": "58575655",
    "P7F00015_RXW055": "5C5B5A59",
    "P7F00015_RXW056": "605F5E5D",
    "P7F00015_RXW057": "64636261",
    "P7F00015_RXW058": "68676665",
    "P7F00015_RXW059": "6C6B6A69",
    "P7F00015_RXW060": "706F6E6D",
    "P7F00015_RXW061": "00737271",
    "P7F00016_TXW000": "50414652",
    "P7F00016_TXW001": "00200001",
    "P7F00016_TXW002": "50370004",
    "P7F00016_TXW003": "00000004",
    "P7F00016_TXW004": "00001000",
    "P7F00016_TXW005": "00140010",
    "P7F00016_TXW006": "000000D7",
    "P7F00016_TXW007": "2FB64E16",
    "P7F00016_TXW008": "77767574",
    "P7F00016_TXW009": "7B7A7978",
    "P7F00016_TXW010": "7F7E7D7C",
    "P7F00016_TXW011": "83828180",
    "P7F00016_TXW012": "87868584",
    "P7F00016_TXW013": "8B8A8988",
    "P7F00016_TXW014": "8F8E8D8C",
    "P7F00016_TXW015": "93929190",
    "P7F00016_TXW016": "97969594",
    "P7F00016_TXW017": "9B9A9998",
    "P7F00016_TXW018": "9F9E9D9C",
    "P7F00016_TXW019": "A3A2A1A0",
    "P7F00016_TXW020": "A7A6A5A4",
    "P7F00016_TXW021": "ABAAA9A8",
    "P7F00016_TXW022": "AFAEADAC",
    "P7F00016_TXW023": "B3B2B1B0",
    "P7F00016_TXW024": "B7B6B5B4",
    "P7F00016_TXW025": "BBBAB9B8",
    "P7F00016_TXW026": "BFBEBDBC",
    "P7F00016_TXW027": "C3C2C1C0",
    "P7F00016_TXW028": "C7C6C5C4",
    "P7F00016_TXW029": "CBCAC9C8",
    "P7F00016_TXW030": "CFCECDCC",
    "P7F00016_TXW031": "D3D2D1D0",
    "P7F00016_TXW032": "D7D6D5D4",
    "P7F00016_TXW033": "DBDAD9D8",
    "P7F00016_TXW034": "DFDEDDDC",
    "P7F00016_TXW035": "E3E2E1E0",
    "P7F00016_TXW036": "E7E6E5E4",
    "P7F00016_TXW037": "EBEAE9E8",
    "P7F00016_TXW038": "EFEEEDEC",
    "P7F00016_TXW039": "F3F2F1F0",
    "P7F00016_TXW040": "F7F6F5F4",
    "P7F00016_TXW041": "FBFAF9F8",
    "P7F00016_TXW042": "FFFEFDFC",
    "P7F00016_TXW043": "03020100",
    "P7F00016_TXW044": "07060504",
    "P7F00016_TXW045": "0B0A0908",
    "P7F00016_TXW046": "0F0E0D0C",
    "P7F00016_TXW047": "13121110",
    "P7F00016_TXW048": "17161514",
    "P7F00016_TXW049": "1B1A1918",
    "P7F00016_TXW050": "1F1E1D1C",
    "P7F00016_TXW051": "23222120",
    "P7F00016_TXW052": "27262524",
    "P7F00016_TXW053": "2B2A2928",
    "P7F00016_TXW054": "2F2E2D2C",
    "P7F00016_TXW055": "33323130",
    "P7F00016_TXW056": "37363534",
    "P7F00016_TXW057": "3B3A3938",
    "P7F00016_TXW058": "3F3E3D3C",
    "P7F00016_TXW059": "43424140",
    "P7F00016_TXW060": "47464544",
    "P7F00016_TXW061": "004A4948",
    "P7F00016_COMMIT": "00000007",
    "P7F00016_COMMIT_POLLS": "1",
    "P7F00016_TX_CRC32": "4F626DA8",
    "P7F00016_DONE": "00000017",
    "P7F00016_DONE_POLLS": "1",
    "P7F00016_STATUS": "00000017",
    "P7F00016_MAILBOX": "50364F4B",
    "P7F00016_RX_LEN": "000000F7",
    "P7F00016_RX_CRC32": "4F626DA8",
    "P7F00016_RX_DIGEST": "4F626DA8",
    "P7F00016_TX_COUNT": "00000011",
    "P7F00016_RX_GOOD_COUNT_L0": "00000011",
    "P7F00016_RX_GOOD_COUNT_L1": "00000011",
    "P7F00016_CRC_BAD": "00000000",
    "P7F00016_PAYLOAD_MISMATCH": "00000000",
    "P7F00016_RETRY_COUNT": "00000000",
    "P7F00016_RETRY_EXHAUSTED": "00000000",
    "P7F00016_TX_FAIL": "00000000",
    "P7F00016_DUTY_VIOLATION": "00000000",
    "P7F00016_RAW_TX_PULSES": "000008C0",
    "P7F00016_RAW_RX_PULSES": "00001181",
    "P7F00016_FRAME_GOOD": "00000011",
    "P7F00016_FRAME_BAD": "00000000",
    "P7F00016_ACK_SENT": "00000011",
    "P7F00016_ACK_SEEN": "00000011",
    "P7F00016_TXD_HIGH_MAX": "00000008",
    "P7F00016_ERROR_CODE": "00000000",
    "P7F00016_STICKY_ERROR": "00000000",
    "P7F00016_RXW000": "50414652",
    "P7F00016_RXW001": "00200001",
    "P7F00016_RXW002": "50370004",
    "P7F00016_RXW003": "00000004",
    "P7F00016_RXW004": "00001000",
    "P7F00016_RXW005": "00140010",
    "P7F00016_RXW006": "000000D7",
    "P7F00016_RXW007": "2FB64E16",
    "P7F00016_RXW008": "77767574",
    "P7F00016_RXW009": "7B7A7978",
    "P7F00016_RXW010": "7F7E7D7C",
    "P7F00016_RXW011": "83828180",
    "P7F00016_RXW012": "87868584",
    "P7F00016_RXW013": "8B8A8988",
    "P7F00016_RXW014": "8F8E8D8C",
    "P7F00016_RXW015": "93929190",
    "P7F00016_RXW016": "97969594",
    "P7F00016_RXW017": "9B9A9998",
    "P7F00016_RXW018": "9F9E9D9C",
    "P7F00016_RXW019": "A3A2A1A0",
    "P7F00016_RXW020": "A7A6A5A4",
    "P7F00016_RXW021": "ABAAA9A8",
    "P7F00016_RXW022": "AFAEADAC",
    "P7F00016_RXW023": "B3B2B1B0",
    "P7F00016_RXW024": "B7B6B5B4",
    "P7F00016_RXW025": "BBBAB9B8",
    "P7F00016_RXW026": "BFBEBDBC",
    "P7F00016_RXW027": "C3C2C1C0",
    "P7F00016_RXW028": "C7C6C5C4",
    "P7F00016_RXW029": "CBCAC9C8",
    "P7F00016_RXW030": "CFCECDCC",
    "P7F00016_RXW031": "D3D2D1D0",
    "P7F00016_RXW032": "D7D6D5D4",
    "P7F00016_RXW033": "DBDAD9D8",
    "P7F00016_RXW034": "DFDEDDDC",
    "P7F00016_RXW035": "E3E2E1E0",
    "P7F00016_RXW036": "E7E6E5E4",
    "P7F00016_RXW037": "EBEAE9E8",
    "P7F00016_RXW038": "EFEEEDEC",
    "P7F00016_RXW039": "F3F2F1F0",
    "P7F00016_RXW040": "F7F6F5F4",
    "P7F00016_RXW041": "FBFAF9F8",
    "P7F00016_RXW042": "FFFEFDFC",
    "P7F00016_RXW043": "03020100",
    "P7F00016_RXW044": "07060504",
    "P7F00016_RXW045": "0B0A0908",
    "P7F00016_RXW046": "0F0E0D0C",
    "P7F00016_RXW047": "13121110",
    "P7F00016_RXW048": "17161514",
    "P7F00016_RXW049": "1B1A1918",
    "P7F00016_RXW050": "1F1E1D1C",
    "P7F00016_RXW051": "23222120",
    "P7F00016_RXW052": "27262524",
    "P7F00016_RXW053": "2B2A2928",
    "P7F00016_RXW054": "2F2E2D2C",
    "P7F00016_RXW055": "33323130",
    "P7F00016_RXW056": "37363534",
    "P7F00016_RXW057": "3B3A3938",
    "P7F00016_RXW058": "3F3E3D3C",
    "P7F00016_RXW059": "43424140",
    "P7F00016_RXW060": "47464544",
    "P7F00016_RXW061": "004A4948",
    "P7F00017_TXW000": "50414652",
    "P7F00017_TXW001": "00200001",
    "P7F00017_TXW002": "50370004",
    "P7F00017_TXW003": "00000004",
    "P7F00017_TXW004": "00001000",
    "P7F00017_TXW005": "00140011",
    "P7F00017_TXW006": "000000D7",
    "P7F00017_TXW007": "2FB64E16",
    "P7F00017_TXW008": "4E4D4C4B",
    "P7F00017_TXW009": "5251504F",
    "P7F00017_TXW010": "56555453",
    "P7F00017_TXW011": "5A595857",
    "P7F00017_TXW012": "5E5D5C5B",
    "P7F00017_TXW013": "6261605F",
    "P7F00017_TXW014": "66656463",
    "P7F00017_TXW015": "6A696867",
    "P7F00017_TXW016": "6E6D6C6B",
    "P7F00017_TXW017": "7271706F",
    "P7F00017_TXW018": "76757473",
    "P7F00017_TXW019": "7A797877",
    "P7F00017_TXW020": "7E7D7C7B",
    "P7F00017_TXW021": "8281807F",
    "P7F00017_TXW022": "86858483",
    "P7F00017_TXW023": "8A898887",
    "P7F00017_TXW024": "8E8D8C8B",
    "P7F00017_TXW025": "9291908F",
    "P7F00017_TXW026": "96959493",
    "P7F00017_TXW027": "9A999897",
    "P7F00017_TXW028": "9E9D9C9B",
    "P7F00017_TXW029": "A2A1A09F",
    "P7F00017_TXW030": "A6A5A4A3",
    "P7F00017_TXW031": "AAA9A8A7",
    "P7F00017_TXW032": "AEADACAB",
    "P7F00017_TXW033": "B2B1B0AF",
    "P7F00017_TXW034": "B6B5B4B3",
    "P7F00017_TXW035": "BAB9B8B7",
    "P7F00017_TXW036": "BEBDBCBB",
    "P7F00017_TXW037": "C2C1C0BF",
    "P7F00017_TXW038": "C6C5C4C3",
    "P7F00017_TXW039": "CAC9C8C7",
    "P7F00017_TXW040": "CECDCCCB",
    "P7F00017_TXW041": "D2D1D0CF",
    "P7F00017_TXW042": "D6D5D4D3",
    "P7F00017_TXW043": "DAD9D8D7",
    "P7F00017_TXW044": "DEDDDCDB",
    "P7F00017_TXW045": "E2E1E0DF",
    "P7F00017_TXW046": "E6E5E4E3",
    "P7F00017_TXW047": "EAE9E8E7",
    "P7F00017_TXW048": "EEEDECEB",
    "P7F00017_TXW049": "F2F1F0EF",
    "P7F00017_TXW050": "F6F5F4F3",
    "P7F00017_TXW051": "FAF9F8F7",
    "P7F00017_TXW052": "FEFDFCFB",
    "P7F00017_TXW053": "020100FF",
    "P7F00017_TXW054": "06050403",
    "P7F00017_TXW055": "0A090807",
    "P7F00017_TXW056": "0E0D0C0B",
    "P7F00017_TXW057": "1211100F",
    "P7F00017_TXW058": "16151413",
    "P7F00017_TXW059": "1A191817",
    "P7F00017_TXW060": "1E1D1C1B",
    "P7F00017_TXW061": "0021201F",
    "P7F00017_COMMIT": "00000007",
    "P7F00017_COMMIT_POLLS": "1",
    "P7F00017_TX_CRC32": "815529C6",
    "P7F00017_DONE": "00000017",
    "P7F00017_DONE_POLLS": "1",
    "P7F00017_STATUS": "00000017",
    "P7F00017_MAILBOX": "50364F4B",
    "P7F00017_RX_LEN": "000000F7",
    "P7F00017_RX_CRC32": "815529C6",
    "P7F00017_RX_DIGEST": "815529C6",
    "P7F00017_TX_COUNT": "00000012",
    "P7F00017_RX_GOOD_COUNT_L0": "00000012",
    "P7F00017_RX_GOOD_COUNT_L1": "00000012",
    "P7F00017_CRC_BAD": "00000000",
    "P7F00017_PAYLOAD_MISMATCH": "00000000",
    "P7F00017_RETRY_COUNT": "00000000",
    "P7F00017_RETRY_EXHAUSTED": "00000000",
    "P7F00017_TX_FAIL": "00000000",
    "P7F00017_DUTY_VIOLATION": "00000000",
    "P7F00017_RAW_TX_PULSES": "000008C0",
    "P7F00017_RAW_RX_PULSES": "00001181",
    "P7F00017_FRAME_GOOD": "00000012",
    "P7F00017_FRAME_BAD": "00000000",
    "P7F00017_ACK_SENT": "00000012",
    "P7F00017_ACK_SEEN": "00000012",
    "P7F00017_TXD_HIGH_MAX": "00000008",
    "P7F00017_ERROR_CODE": "00000000",
    "P7F00017_STICKY_ERROR": "00000000",
    "P7F00017_RXW000": "50414652",
    "P7F00017_RXW001": "00200001",
    "P7F00017_RXW002": "50370004",
    "P7F00017_RXW003": "00000004",
    "P7F00017_RXW004": "00001000",
    "P7F00017_RXW005": "00140011",
    "P7F00017_RXW006": "000000D7",
    "P7F00017_RXW007": "2FB64E16",
    "P7F00017_RXW008": "4E4D4C4B",
    "P7F00017_RXW009": "5251504F",
    "P7F00017_RXW010": "56555453",
    "P7F00017_RXW011": "5A595857",
    "P7F00017_RXW012": "5E5D5C5B",
    "P7F00017_RXW013": "6261605F",
    "P7F00017_RXW014": "66656463",
    "P7F00017_RXW015": "6A696867",
    "P7F00017_RXW016": "6E6D6C6B",
    "P7F00017_RXW017": "7271706F",
    "P7F00017_RXW018": "76757473",
    "P7F00017_RXW019": "7A797877",
    "P7F00017_RXW020": "7E7D7C7B",
    "P7F00017_RXW021": "8281807F",
    "P7F00017_RXW022": "86858483",
    "P7F00017_RXW023": "8A898887",
    "P7F00017_RXW024": "8E8D8C8B",
    "P7F00017_RXW025": "9291908F",
    "P7F00017_RXW026": "96959493",
    "P7F00017_RXW027": "9A999897",
    "P7F00017_RXW028": "9E9D9C9B",
    "P7F00017_RXW029": "A2A1A09F",
    "P7F00017_RXW030": "A6A5A4A3",
    "P7F00017_RXW031": "AAA9A8A7",
    "P7F00017_RXW032": "AEADACAB",
    "P7F00017_RXW033": "B2B1B0AF",
    "P7F00017_RXW034": "B6B5B4B3",
    "P7F00017_RXW035": "BAB9B8B7",
    "P7F00017_RXW036": "BEBDBCBB",
    "P7F00017_RXW037": "C2C1C0BF",
    "P7F00017_RXW038": "C6C5C4C3",
    "P7F00017_RXW039": "CAC9C8C7",
    "P7F00017_RXW040": "CECDCCCB",
    "P7F00017_RXW041": "D2D1D0CF",
    "P7F00017_RXW042": "D6D5D4D3",
    "P7F00017_RXW043": "DAD9D8D7",
    "P7F00017_RXW044": "DEDDDCDB",
    "P7F00017_RXW045": "E2E1E0DF",
    "P7F00017_RXW046": "E6E5E4E3",
    "P7F00017_RXW047": "EAE9E8E7",
    "P7F00017_RXW048": "EEEDECEB",
    "P7F00017_RXW049": "F2F1F0EF",
    "P7F00017_RXW050": "F6F5F4F3",
    "P7F00017_RXW051": "FAF9F8F7",
    "P7F00017_RXW052": "FEFDFCFB",
    "P7F00017_RXW053": "020100FF",
    "P7F00017_RXW054": "06050403",
    "P7F00017_RXW055": "0A090807",
    "P7F00017_RXW056": "0E0D0C0B",
    "P7F00017_RXW057": "1211100F",
    "P7F00017_RXW058": "16151413",
    "P7F00017_RXW059": "1A191817",
    "P7F00017_RXW060": "1E1D1C1B",
    "P7F00017_RXW061": "0021201F",
    "P7F00018_TXW000": "50414652",
    "P7F00018_TXW001": "00200001",
    "P7F00018_TXW002": "50370004",
    "P7F00018_TXW003": "00000004",
    "P7F00018_TXW004": "00001000",
    "P7F00018_TXW005": "00140012",
    "P7F00018_TXW006": "000000D7",
    "P7F00018_TXW007": "2FB64E16",
    "P7F00018_TXW008": "25242322",
    "P7F00018_TXW009": "29282726",
    "P7F00018_TXW010": "2D2C2B2A",
    "P7F00018_TXW011": "31302F2E",
    "P7F00018_TXW012": "35343332",
    "P7F00018_TXW013": "39383736",
    "P7F00018_TXW014": "3D3C3B3A",
    "P7F00018_TXW015": "41403F3E",
    "P7F00018_TXW016": "45444342",
    "P7F00018_TXW017": "49484746",
    "P7F00018_TXW018": "4D4C4B4A",
    "P7F00018_TXW019": "51504F4E",
    "P7F00018_TXW020": "55545352",
    "P7F00018_TXW021": "59585756",
    "P7F00018_TXW022": "5D5C5B5A",
    "P7F00018_TXW023": "61605F5E",
    "P7F00018_TXW024": "65646362",
    "P7F00018_TXW025": "69686766",
    "P7F00018_TXW026": "6D6C6B6A",
    "P7F00018_TXW027": "71706F6E",
    "P7F00018_TXW028": "75747372",
    "P7F00018_TXW029": "79787776",
    "P7F00018_TXW030": "7D7C7B7A",
    "P7F00018_TXW031": "81807F7E",
    "P7F00018_TXW032": "85848382",
    "P7F00018_TXW033": "89888786",
    "P7F00018_TXW034": "8D8C8B8A",
    "P7F00018_TXW035": "91908F8E",
    "P7F00018_TXW036": "95949392",
    "P7F00018_TXW037": "99989796",
    "P7F00018_TXW038": "9D9C9B9A",
    "P7F00018_TXW039": "A1A09F9E",
    "P7F00018_TXW040": "A5A4A3A2",
    "P7F00018_TXW041": "A9A8A7A6",
    "P7F00018_TXW042": "ADACABAA",
    "P7F00018_TXW043": "B1B0AFAE",
    "P7F00018_TXW044": "B5B4B3B2",
    "P7F00018_TXW045": "B9B8B7B6",
    "P7F00018_TXW046": "BDBCBBBA",
    "P7F00018_TXW047": "C1C0BFBE",
    "P7F00018_TXW048": "C5C4C3C2",
    "P7F00018_TXW049": "C9C8C7C6",
    "P7F00018_TXW050": "CDCCCBCA",
    "P7F00018_TXW051": "D1D0CFCE",
    "P7F00018_TXW052": "D5D4D3D2",
    "P7F00018_TXW053": "D9D8D7D6",
    "P7F00018_TXW054": "DDDCDBDA",
    "P7F00018_TXW055": "E1E0DFDE",
    "P7F00018_TXW056": "E5E4E3E2",
    "P7F00018_TXW057": "E9E8E7E6",
    "P7F00018_TXW058": "EDECEBEA",
    "P7F00018_TXW059": "F1F0EFEE",
    "P7F00018_TXW060": "F5F4F3F2",
    "P7F00018_TXW061": "00F8F7F6",
    "P7F00018_COMMIT": "00000007",
    "P7F00018_COMMIT_POLLS": "1",
    "P7F00018_TX_CRC32": "FBC7F9E2",
    "P7F00018_DONE": "00000017",
    "P7F00018_DONE_POLLS": "1",
    "P7F00018_STATUS": "00000017",
    "P7F00018_MAILBOX": "50364F4B",
    "P7F00018_RX_LEN": "000000F7",
    "P7F00018_RX_CRC32": "FBC7F9E2",
    "P7F00018_RX_DIGEST": "FBC7F9E2",
    "P7F00018_TX_COUNT": "00000013",
    "P7F00018_RX_GOOD_COUNT_L0": "00000013",
    "P7F00018_RX_GOOD_COUNT_L1": "00000013",
    "P7F00018_CRC_BAD": "00000000",
    "P7F00018_PAYLOAD_MISMATCH": "00000000",
    "P7F00018_RETRY_COUNT": "00000000",
    "P7F00018_RETRY_EXHAUSTED": "00000000",
    "P7F00018_TX_FAIL": "00000000",
    "P7F00018_DUTY_VIOLATION": "00000000",
    "P7F00018_RAW_TX_PULSES": "000008C0",
    "P7F00018_RAW_RX_PULSES": "00001181",
    "P7F00018_FRAME_GOOD": "00000013",
    "P7F00018_FRAME_BAD": "00000000",
    "P7F00018_ACK_SENT": "00000013",
    "P7F00018_ACK_SEEN": "00000013",
    "P7F00018_TXD_HIGH_MAX": "00000008",
    "P7F00018_ERROR_CODE": "00000000",
    "P7F00018_STICKY_ERROR": "00000000",
    "P7F00018_RXW000": "50414652",
    "P7F00018_RXW001": "00200001",
    "P7F00018_RXW002": "50370004",
    "P7F00018_RXW003": "00000004",
    "P7F00018_RXW004": "00001000",
    "P7F00018_RXW005": "00140012",
    "P7F00018_RXW006": "000000D7",
    "P7F00018_RXW007": "2FB64E16",
    "P7F00018_RXW008": "25242322",
    "P7F00018_RXW009": "29282726",
    "P7F00018_RXW010": "2D2C2B2A",
    "P7F00018_RXW011": "31302F2E",
    "P7F00018_RXW012": "35343332",
    "P7F00018_RXW013": "39383736",
    "P7F00018_RXW014": "3D3C3B3A",
    "P7F00018_RXW015": "41403F3E",
    "P7F00018_RXW016": "45444342",
    "P7F00018_RXW017": "49484746",
    "P7F00018_RXW018": "4D4C4B4A",
    "P7F00018_RXW019": "51504F4E",
    "P7F00018_RXW020": "55545352",
    "P7F00018_RXW021": "59585756",
    "P7F00018_RXW022": "5D5C5B5A",
    "P7F00018_RXW023": "61605F5E",
    "P7F00018_RXW024": "65646362",
    "P7F00018_RXW025": "69686766",
    "P7F00018_RXW026": "6D6C6B6A",
    "P7F00018_RXW027": "71706F6E",
    "P7F00018_RXW028": "75747372",
    "P7F00018_RXW029": "79787776",
    "P7F00018_RXW030": "7D7C7B7A",
    "P7F00018_RXW031": "81807F7E",
    "P7F00018_RXW032": "85848382",
    "P7F00018_RXW033": "89888786",
    "P7F00018_RXW034": "8D8C8B8A",
    "P7F00018_RXW035": "91908F8E",
    "P7F00018_RXW036": "95949392",
    "P7F00018_RXW037": "99989796",
    "P7F00018_RXW038": "9D9C9B9A",
    "P7F00018_RXW039": "A1A09F9E",
    "P7F00018_RXW040": "A5A4A3A2",
    "P7F00018_RXW041": "A9A8A7A6",
    "P7F00018_RXW042": "ADACABAA",
    "P7F00018_RXW043": "B1B0AFAE",
    "P7F00018_RXW044": "B5B4B3B2",
    "P7F00018_RXW045": "B9B8B7B6",
    "P7F00018_RXW046": "BDBCBBBA",
    "P7F00018_RXW047": "C1C0BFBE",
    "P7F00018_RXW048": "C5C4C3C2",
    "P7F00018_RXW049": "C9C8C7C6",
    "P7F00018_RXW050": "CDCCCBCA",
    "P7F00018_RXW051": "D1D0CFCE",
    "P7F00018_RXW052": "D5D4D3D2",
    "P7F00018_RXW053": "D9D8D7D6",
    "P7F00018_RXW054": "DDDCDBDA",
    "P7F00018_RXW055": "E1E0DFDE",
    "P7F00018_RXW056": "E5E4E3E2",
    "P7F00018_RXW057": "E9E8E7E6",
    "P7F00018_RXW058": "EDECEBEA",
    "P7F00018_RXW059": "F1F0EFEE",
    "P7F00018_RXW060": "F5F4F3F2",
    "P7F00018_RXW061": "00F8F7F6",
    "P7F00019_TXW000": "50414652",
    "P7F00019_TXW001": "00200201",
    "P7F00019_TXW002": "50370004",
    "P7F00019_TXW003": "00000004",
    "P7F00019_TXW004": "00001000",
    "P7F00019_TXW005": "00140013",
    "P7F00019_TXW006": "0000000B",
    "P7F00019_TXW007": "2FB64E16",
    "P7F00019_TXW008": "FCFBFAF9",
    "P7F00019_TXW009": "00FFFEFD",
    "P7F00019_TXW010": "00030201",
    "P7F00019_COMMIT": "00000007",
    "P7F00019_COMMIT_POLLS": "1",
    "P7F00019_TX_CRC32": "E064F6D9",
    "P7F00019_DONE": "00000017",
    "P7F00019_DONE_POLLS": "1",
    "P7F00019_STATUS": "00000017",
    "P7F00019_MAILBOX": "50364F4B",
    "P7F00019_RX_LEN": "0000002B",
    "P7F00019_RX_CRC32": "E064F6D9",
    "P7F00019_RX_DIGEST": "E064F6D9",
    "P7F00019_TX_COUNT": "00000014",
    "P7F00019_RX_GOOD_COUNT_L0": "00000014",
    "P7F00019_RX_GOOD_COUNT_L1": "00000014",
    "P7F00019_CRC_BAD": "00000000",
    "P7F00019_PAYLOAD_MISMATCH": "00000000",
    "P7F00019_RETRY_COUNT": "00000000",
    "P7F00019_RETRY_EXHAUSTED": "00000000",
    "P7F00019_TX_FAIL": "00000000",
    "P7F00019_DUTY_VIOLATION": "00000000",
    "P7F00019_RAW_TX_PULSES": "00000260",
    "P7F00019_RAW_RX_PULSES": "000004C1",
    "P7F00019_FRAME_GOOD": "00000014",
    "P7F00019_FRAME_BAD": "00000000",
    "P7F00019_ACK_SENT": "00000014",
    "P7F00019_ACK_SEEN": "00000014",
    "P7F00019_TXD_HIGH_MAX": "00000008",
    "P7F00019_ERROR_CODE": "00000000",
    "P7F00019_STICKY_ERROR": "00000000",
    "P7F00019_RXW000": "50414652",
    "P7F00019_RXW001": "00200201",
    "P7F00019_RXW002": "50370004",
    "P7F00019_RXW003": "00000004",
    "P7F00019_RXW004": "00001000",
    "P7F00019_RXW005": "00140013",
    "P7F00019_RXW006": "0000000B",
    "P7F00019_RXW007": "2FB64E16",
    "P7F00019_RXW008": "FCFBFAF9",
    "P7F00019_RXW009": "00FFFEFD",
    "P7F00019_RXW010": "2D030201",
    "P7_FINAL_SHUTDOWN_REASON": "54464455",
    "P7_TCL_PROGRAMMING_ATTEMPTED": "1",
    "P7_TRANSACTION_COUNT": "4269",
    "P7_JTAG_AXI_TRANSACTIONS": "PASS",
    "P7_JTAG_STAGE_RESULT": "PASS"
  },
  "child_reaped_before_shutdown_after": true,
  "backend_parse": {
    "passed": true,
    "semantic_mode": "rfap",
    "summary_file": "C:\\Users\\user\\Documents\\RF_COMM_MULTILANE\\evidence\\hardware\\p7\\authorized_sequence\\p7_20260711_stationary_app_r8\\004_p7_p6_frame_regression_m3\\p7_jtag_backend_parse_summary.json",
    "summary_sha256": "5ea0690994eac01e6d8a401cf6b658df686c085b07115b19d3818c725831a763",
    "output_file": "C:\\Users\\user\\Documents\\RF_COMM_MULTILANE\\evidence\\hardware\\p7\\authorized_sequence\\p7_20260711_stationary_app_r8\\004_p7_p6_frame_regression_m3\\p7_jtag_reassembled_output.bin",
    "output_sha256": "43812ad6447f6d7cbd02439ca869aff553eda792fa799ab066242fdccebefa30",
    "object_length": 4096,
    "object_crc32": 800476694,
    "object_sha256": "43812ad6447f6d7cbd02439ca869aff553eda792fa799ab066242fdccebefa30",
    "lane_policy": "REPLICATE_0X3",
    "fragment_count": 20,
    "missing_fragments": 0,
    "duplicate_fragments": 0,
    "error_counter_increments": 0,
    "fragment_latency_upper_bound_us": {
      "sample_count": 20,
      "min": 2000,
      "mean": 2000.0,
      "p50": 2000,
      "p95": 2000,
      "p99": 2000,
      "max": 2000,
      "percentile_method": "nearest_rank",
      "semantics": "upper_bound",
      "source": "bounded_commit_plus_transfer_poll_counts_x_manifest_poll_period"
    },
    "object_transport_latency_upper_bound_us": 40000,
    "object_transport_latency_semantics": "sum_of_sequential_fragment_poll_upper_bounds",
    "poll_bound_application_goodput_lower_bound_bps": 819200,
    "poll_bound_goodput_semantics": "lower_bound_from_object_bytes_over_transport_latency_upper_bound",
    "host_end_to_end_elapsed_seconds": 75.717154,
    "host_end_to_end_goodput_bps": 432.768511,
    "host_end_to_end_time_source": "host_monotonic_child_process_elapsed",
    "host_end_to_end_semantics": "includes Vivado startup, FPGA programming, JTAG/AXI operations, polling, and host overhead; not optical-only fragment latency",
    "raw_log_bound_to_this_hardware_process": true
  },
  "internal_error": "",
  "stage_failures": [],
  "backend_parse_failure": "",
  "global_runtime": {
    "elapsed_seconds": 204.083132,
    "authorized_max_seconds": 960,
    "within_authorized_limit": true
  },
  "reason": "authorized direct JTAG/AXI stage, strict byte/counter parser, and both shutdown barriers passed"
}
