{
  "P7_JTAG_AXI_SAFE_STAGE": "PASS",
  "generated_at_utc": "2026-07-11T09:58:31.508426+00:00",
  "stage_name": "p7_fragment_boundary_432_l1",
  "semantic_mode": "rfap",
  "requested_execute_hardware": true,
  "hardware_actions_executed": true,
  "programmed_fpga": true,
  "programmed_candidate": true,
  "programmed_shutdown_before": true,
  "programmed_shutdown_after": true,
  "started_ps_elf": false,
  "drove_tfdu_txd": true,
  "enabled_tfdu_receiver": true,
  "uart_access": false,
  "ethernet_used": false,
  "motion_used": false,
  "hardware_acceptance": "PENDING_HW",
  "safety_validation": {
    "P7_HARDWARE_SAFETY": "PASS",
    "ready_for_hardware_preflight": true,
    "hardware_actions_executed": false,
    "programmed_fpga": false,
    "drove_tfdu_txd": false,
    "started_ps_elf": false,
    "authorization_environment_present": true,
    "authorization": {
      "exists": true,
      "path": "C:\\Users\\user\\Documents\\RF_COMM_MULTILANE\\.hardware_authorization\\p7_20260711_stationary_app_r8_046_p7_fragment_boundary_432_l1.txt",
      "actual_sha256": "081a42559727f8d502d200180200e1a1228d74e6acc7f396999e171791356fba",
      "expected_sha256": "081a42559727f8d502d200180200e1a1228d74e6acc7f396999e171791356fba",
      "markers": [
        "P7_STATIONARY_APP_LAYER_APPROVED"
      ],
      "duplicate_keys": []
    },
    "authorization_fields": {
      "AUTHORIZED_STAGE": "P7_STATIONARY_LOCAL_APPLICATION_LAYER_NO_ETHERNET",
      "USER_HARDWARE_AUTHORIZATION_FOR_P7": "GRANTED",
      "BOARD_ID": "210512180081",
      "EXPECTED_PART": "xc7z010clg400-1",
      "EXPECTED_TARGET": "localhost:3121/xilinx_tcf/Digilent/210512180081",
      "SOURCE_COMMIT": "11961c92d22713032d92095d87e6c4362b3254dc",
      "MAX_RUNTIME_SEC": "960",
      "SHUTDOWN_ON_EXIT": "required",
      "NO_ETHERNET": "true",
      "NO_MOTION": "true",
      "LANE_COUNT": "2",
      "MAX_LANE_MASK": "0x3",
      "P7_PLAN_PATH": "C:\\Users\\user\\Documents\\RF_COMM_MULTILANE\\evidence\\hardware\\p7\\artifacts\\p7_plan_c6db9d8348c3bc518fa5985595adfcdada1a08f11c9246c6103ec378b43b58dd.md",
      "P7_PLAN_SHA256": "c6db9d8348c3bc518fa5985595adfcdada1a08f11c9246c6103ec378b43b58dd",
      "BITSTREAM_PATH": "C:\\Users\\user\\Documents\\RF_COMM_MULTILANE\\evidence\\hardware\\p6\\bitstreams\\p6_jtag_dynamic_transport_4830d547d6a667edda8deebae855c3a7154478e298efca70e2526e6f3570b23c.bit",
      "BITSTREAM_SHA256": "4830d547d6a667edda8deebae855c3a7154478e298efca70e2526e6f3570b23c",
      "XSA_PATH": "C:\\Users\\user\\Documents\\RF_COMM_MULTILANE\\evidence\\hardware\\p6\\bitstreams\\p6_ps_dynamic_transport_b5d1174eb46d12eb395ceabbbea3c132c5771ca6777194138e68c2eacb2e4fc9.xsa",
      "XSA_SHA256": "b5d1174eb46d12eb395ceabbbea3c132c5771ca6777194138e68c2eacb2e4fc9",
      "ELF_PATH": "C:\\Users\\user\\Documents\\RF_COMM_MULTILANE\\evidence\\hardware\\p7\\artifacts\\p7_runtime_14450369d4c6cbe27899bc69f210278e3b2076573e0122859d266fe63cc8e0ce.elf",
      "ELF_SHA256": "14450369d4c6cbe27899bc69f210278e3b2076573e0122859d266fe63cc8e0ce",
      "PROFILE_PATH": "C:\\Users\\user\\Documents\\RF_COMM_MULTILANE\\profiles\\p7\\p7_stationary_app_30min.json",
      "PROFILE_SHA256": "65a36a8318e7fd1e3b647997aceca773c69e76eee85cb8fae922148ccd8f3c94",
      "ACTIVE_XDC_PATH": "C:\\Users\\user\\Documents\\RF_COMM_MULTILANE\\constraints\\active\\PORT1.generated.xdc",
      "ACTIVE_XDC_SHA256": "cf23a0d34a2fa76521faf4c91f3858cff2117fa6020d302d1a6109f10254f990",
      "PINMAP_PATH": "C:\\Users\\user\\Documents\\RF_COMM_MULTILANE\\board_profiles\\ax7010_tfdu_j10_j11_pinmap.csv",
      "PINMAP_SHA256": "4c7d5f0836a2ab48df7672e00f99455e582fbf477b04ed2b3b44ef38506a8a6a",
      "REGISTER_MAP_PATH": "C:\\Users\\user\\Documents\\RF_COMM_MULTILANE\\config\\register_map\\ir_axi_regs.yaml",
      "REGISTER_MAP_SHA256": "d5b0bf1476d815a3ed69988c72097827356d4eade48813c8913fc1b2d448983d",
      "SHUTDOWN_BITSTREAM_PATH": "C:\\Users\\user\\Documents\\RF_COMM_MULTILANE\\shutdown_bitstream\\tfdu_shutdown_j10_j11.bit",
      "SHUTDOWN_BITSTREAM_SHA256": "bac60b58912f0acd771dc830a6761535ec8f6a92befb1ae4cb7d928745af5810",
      "LTX_PATH": "C:\\Users\\user\\Documents\\RF_COMM_MULTILANE\\evidence\\hardware\\p6\\bitstreams\\p6_jtag_dynamic_transport_76fe1ec47871946a7d357b0caa1f669500de827b796d6154dcc54678e0ac7083.ltx",
      "LTX_SHA256": "76fe1ec47871946a7d357b0caa1f669500de827b796d6154dcc54678e0ac7083",
      "P7_JTAG_STAGE_NAME": "p7_fragment_boundary_432_l1",
      "P7_JTAG_SEMANTIC_MODE": "rfap",
      "P7_JTAG_TRANSACTION_PATH": "C:\\Users\\user\\Documents\\RF_COMM_MULTILANE\\build\\p7_authorized_sequence\\p7_20260711_stationary_app_r8\\transactions\\046_p7_fragment_boundary_432_l1.transactions.txt",
      "P7_JTAG_TRANSACTION_SHA256": "ed4a16fa0c9e9ee033ba64e7d8c37f9aeeffac4f6e680e3a1df681ba1e5fc912",
      "P7_JTAG_FREQUENCY_HZ": "1000000",
      "P7_JTAG_AXI_BASE": "0x43c00000",
      "P7_JTAG_BACKEND_MANIFEST_PATH": "C:\\Users\\user\\Documents\\RF_COMM_MULTILANE\\build\\p7_authorized_sequence\\p7_20260711_stationary_app_r8\\manifests\\046_p7_fragment_boundary_432_l1.manifest.json",
      "P7_JTAG_BACKEND_MANIFEST_SHA256": "a6f111fef26f17911c1d017443d7c421d9266fae1402b20979d6cdc9b33117fd"
    },
    "source_commit_requested": "11961c92d22713032d92095d87e6c4362b3254dc",
    "source_commit_current": "11961c92d22713032d92095d87e6c4362b3254dc",
    "dirty_files": [
      " M evidence/generated/p7_ps_runtime_build_summary.json",
      " M evidence/generated/p7_ps_runtime_build_summary.md",
      " M evidence/generated/vitis/p7_ps_runtime/p7_ps_runtime_build_summary.json",
      "?? evidence/generated/p7_2lane_scope_summary.md",
      "?? evidence/generated/p7_application_protocol_summary.md",
      "?? evidence/generated/p7_artifact_provenance_summary.json",
      "?? evidence/generated/p7_artifact_provenance_summary.md",
      "?? evidence/generated/p7_backend_conformance_summary.md",
      "?? evidence/generated/p7_fault_recovery_summary.md",
      "?? evidence/generated/p7_file_integrity_summary.md",
      "?? evidence/generated/p7_fragmentation_reassembly_summary.md",
      "?? evidence/generated/p7_lane1_promotion_summary.json",
      "?? evidence/generated/p7_lane1_promotion_summary.md",
      "?? evidence/generated/p7_lane_scheduler_summary.md",
      "?? evidence/generated/p7_no_ethernet_summary.md",
      "?? evidence/generated/p7_no_motion_summary.md",
      "?? evidence/generated/p7_offline_gate_summary.json",
      "?? evidence/generated/p7_offline_gate_summary.md",
      "?? evidence/generated/p7_offline_test_run.json",
      "?? evidence/generated/p7_protocol_vector_summary.json",
      "?? evidence/generated/p7_protocol_vector_summary.md",
      "?? evidence/generated/p7_ps_core_hardware_readiness.json",
      "?? evidence/generated/p7_ps_core_hardware_readiness.md",
      "?? evidence/generated/p7_ps_runtime_summary.md",
      "?? evidence/generated/p7_queue_backpressure_summary.md",
      "?? evidence/generated/p7_repo_intake.md",
      "?? evidence/generated/p7_repo_intake_summary.json",
      "?? evidence/generated/p7_repo_intake_summary.md",
      "?? evidence/generated/p7_segmentation_reassembly_summary.md",
      "?? evidence/hardware/p7/authorized_sequence/p7_20260711_stationary_app_r8/"
    ],
    "max_runtime_sec": 960,
    "lane_count": 2,
    "max_lane_mask": "0x3",
    "no_ethernet": true,
    "no_motion": true,
    "shutdown_on_exit": true,
    "abort_file": "C:\\Users\\user\\Documents\\RF_COMM_MULTILANE\\.hardware_authorization\\ABORT_NOW.txt",
    "abort_file_present": false,
    "hw_server_url": "localhost:3121",
    "preflight_tcl": "C:\\Users\\user\\Documents\\RF_COMM_MULTILANE\\scripts\\hw\\p7_hw_preflight.tcl",
    "preflight_tcl_sha256": "95bfbdf7e6c429e6637c1b4224a9dcecaa1fd756a1f665b21a797d54afbfc464",
    "artifacts": {
      "plan": {
        "path": "C:\\Users\\user\\Documents\\RF_COMM_MULTILANE\\evidence\\hardware\\p7\\artifacts\\p7_plan_c6db9d8348c3bc518fa5985595adfcdada1a08f11c9246c6103ec378b43b58dd.md",
        "expected_sha256": "c6db9d8348c3bc518fa5985595adfcdada1a08f11c9246c6103ec378b43b58dd",
        "exists": true,
        "actual_sha256": "c6db9d8348c3bc518fa5985595adfcdada1a08f11c9246c6103ec378b43b58dd"
      },
      "bitstream": {
        "path": "C:\\Users\\user\\Documents\\RF_COMM_MULTILANE\\evidence\\hardware\\p6\\bitstreams\\p6_jtag_dynamic_transport_4830d547d6a667edda8deebae855c3a7154478e298efca70e2526e6f3570b23c.bit",
        "expected_sha256": "4830d547d6a667edda8deebae855c3a7154478e298efca70e2526e6f3570b23c",
        "exists": true,
        "actual_sha256": "4830d547d6a667edda8deebae855c3a7154478e298efca70e2526e6f3570b23c"
      },
      "xsa": {
        "path": "C:\\Users\\user\\Documents\\RF_COMM_MULTILANE\\evidence\\hardware\\p6\\bitstreams\\p6_ps_dynamic_transport_b5d1174eb46d12eb395ceabbbea3c132c5771ca6777194138e68c2eacb2e4fc9.xsa",
        "expected_sha256": "b5d1174eb46d12eb395ceabbbea3c132c5771ca6777194138e68c2eacb2e4fc9",
        "exists": true,
        "actual_sha256": "b5d1174eb46d12eb395ceabbbea3c132c5771ca6777194138e68c2eacb2e4fc9"
      },
      "elf": {
        "path": "C:\\Users\\user\\Documents\\RF_COMM_MULTILANE\\evidence\\hardware\\p7\\artifacts\\p7_runtime_14450369d4c6cbe27899bc69f210278e3b2076573e0122859d266fe63cc8e0ce.elf",
        "expected_sha256": "14450369d4c6cbe27899bc69f210278e3b2076573e0122859d266fe63cc8e0ce",
        "exists": true,
        "actual_sha256": "14450369d4c6cbe27899bc69f210278e3b2076573e0122859d266fe63cc8e0ce"
      },
      "profile": {
        "path": "C:\\Users\\user\\Documents\\RF_COMM_MULTILANE\\profiles\\p7\\p7_stationary_app_30min.json",
        "expected_sha256": "65a36a8318e7fd1e3b647997aceca773c69e76eee85cb8fae922148ccd8f3c94",
        "exists": true,
        "actual_sha256": "65a36a8318e7fd1e3b647997aceca773c69e76eee85cb8fae922148ccd8f3c94"
      },
      "active_xdc": {
        "path": "C:\\Users\\user\\Documents\\RF_COMM_MULTILANE\\constraints\\active\\PORT1.generated.xdc",
        "expected_sha256": "cf23a0d34a2fa76521faf4c91f3858cff2117fa6020d302d1a6109f10254f990",
        "exists": true,
        "actual_sha256": "cf23a0d34a2fa76521faf4c91f3858cff2117fa6020d302d1a6109f10254f990"
      },
      "pinmap": {
        "path": "C:\\Users\\user\\Documents\\RF_COMM_MULTILANE\\board_profiles\\ax7010_tfdu_j10_j11_pinmap.csv",
        "expected_sha256": "4c7d5f0836a2ab48df7672e00f99455e582fbf477b04ed2b3b44ef38506a8a6a",
        "exists": true,
        "actual_sha256": "4c7d5f0836a2ab48df7672e00f99455e582fbf477b04ed2b3b44ef38506a8a6a"
      },
      "register_map": {
        "path": "C:\\Users\\user\\Documents\\RF_COMM_MULTILANE\\config\\register_map\\ir_axi_regs.yaml",
        "expected_sha256": "d5b0bf1476d815a3ed69988c72097827356d4eade48813c8913fc1b2d448983d",
        "exists": true,
        "actual_sha256": "d5b0bf1476d815a3ed69988c72097827356d4eade48813c8913fc1b2d448983d"
      },
      "shutdown_bitstream": {
        "path": "C:\\Users\\user\\Documents\\RF_COMM_MULTILANE\\shutdown_bitstream\\tfdu_shutdown_j10_j11.bit",
        "expected_sha256": "bac60b58912f0acd771dc830a6761535ec8f6a92befb1ae4cb7d928745af5810",
        "exists": true,
        "actual_sha256": "bac60b58912f0acd771dc830a6761535ec8f6a92befb1ae4cb7d928745af5810"
      },
      "ltx": {
        "path": "C:\\Users\\user\\Documents\\RF_COMM_MULTILANE\\evidence\\hardware\\p6\\bitstreams\\p6_jtag_dynamic_transport_76fe1ec47871946a7d357b0caa1f669500de827b796d6154dcc54678e0ac7083.ltx",
        "expected_sha256": "76fe1ec47871946a7d357b0caa1f669500de827b796d6154dcc54678e0ac7083",
        "exists": true,
        "actual_sha256": "76fe1ec47871946a7d357b0caa1f669500de827b796d6154dcc54678e0ac7083"
      }
    },
    "errors": [],
    "warnings": [
      "workspace has uncommitted changes; frozen artifact hashes remain authoritative"
    ]
  },
  "stage_validation_errors": [],
  "transaction_validation": {
    "format": "P7_JTAG_AXI_TRANSACTIONS_V1",
    "path": "C:\\Users\\user\\Documents\\RF_COMM_MULTILANE\\build\\p7_authorized_sequence\\p7_20260711_stationary_app_r8\\transactions\\046_p7_fragment_boundary_432_l1.transactions.txt",
    "expected_sha256": "ed4a16fa0c9e9ee033ba64e7d8c37f9aeeffac4f6e680e3a1df681ba1e5fc912",
    "actual_sha256": "ed4a16fa0c9e9ee033ba64e7d8c37f9aeeffac4f6e680e3a1df681ba1e5fc912",
    "operation_count": 523,
    "poll_operation_count": 6,
    "poll_iteration_ceiling": 36000,
    "metadata": {
      "BACKEND": "p7_jtag_backend",
      "LANE_POLICY": "LANE1_ONLY"
    },
    "errors": [],
    "size_bytes": 16456,
    "start_operation_count": 3,
    "commit_operation_count": 3,
    "payload_write_count": 133,
    "result_keys": [
      "P7F00000_ACK_SEEN",
      "P7F00000_ACK_SENT",
      "P7F00000_COMMIT",
      "P7F00000_COMMIT_POLLS",
      "P7F00000_CRC_BAD",
      "P7F00000_DONE",
      "P7F00000_DONE_POLLS",
      "P7F00000_DUTY_VIOLATION",
      "P7F00000_ERROR_CODE",
      "P7F00000_FRAME_BAD",
      "P7F00000_FRAME_GOOD",
      "P7F00000_MAILBOX",
      "P7F00000_PAYLOAD_MISMATCH",
      "P7F00000_RAW_RX_PULSES",
      "P7F00000_RAW_TX_PULSES",
      "P7F00000_RETRY_COUNT",
      "P7F00000_RETRY_EXHAUSTED",
      "P7F00000_RXW000",
      "P7F00000_RXW001",
      "P7F00000_RXW002",
      "P7F00000_RXW003",
      "P7F00000_RXW004",
      "P7F00000_RXW005",
      "P7F00000_RXW006",
      "P7F00000_RXW007",
      "P7F00000_RXW008",
      "P7F00000_RXW009",
      "P7F00000_RXW010",
      "P7F00000_RXW011",
      "P7F00000_RXW012",
      "P7F00000_RXW013",
      "P7F00000_RXW014",
      "P7F00000_RXW015",
      "P7F00000_RXW016",
      "P7F00000_RXW017",
      "P7F00000_RXW018",
      "P7F00000_RXW019",
      "P7F00000_RXW020",
      "P7F00000_RXW021",
      "P7F00000_RXW022",
      "P7F00000_RXW023",
      "P7F00000_RXW024",
      "P7F00000_RXW025",
      "P7F00000_RXW026",
      "P7F00000_RXW027",
      "P7F00000_RXW028",
      "P7F00000_RXW029",
      "P7F00000_RXW030",
      "P7F00000_RXW031",
      "P7F00000_RXW032",
      "P7F00000_RXW033",
      "P7F00000_RXW034",
      "P7F00000_RXW035",
      "P7F00000_RXW036",
      "P7F00000_RXW037",
      "P7F00000_RXW038",
      "P7F00000_RXW039",
      "P7F00000_RXW040",
      "P7F00000_RXW041",
      "P7F00000_RXW042",
      "P7F00000_RXW043",
      "P7F00000_RXW044",
      "P7F00000_RXW045",
      "P7F00000_RXW046",
      "P7F00000_RXW047",
      "P7F00000_RXW048",
      "P7F00000_RXW049",
      "P7F00000_RXW050",
      "P7F00000_RXW051",
      "P7F00000_RXW052",
      "P7F00000_RXW053",
      "P7F00000_RXW054",
      "P7F00000_RXW055",
      "P7F00000_RXW056",
      "P7F00000_RXW057",
      "P7F00000_RXW058",
      "P7F00000_RXW059",
      "P7F00000_RXW060",
      "P7F00000_RXW061",
      "P7F00000_RX_CRC32",
      "P7F00000_RX_DIGEST",
      "P7F00000_RX_GOOD_COUNT_L0",
      "P7F00000_RX_GOOD_COUNT_L1",
      "P7F00000_RX_LEN",
      "P7F00000_STATUS",
      "P7F00000_STICKY_ERROR",
      "P7F00000_TXD_HIGH_MAX",
      "P7F00000_TXW000",
      "P7F00000_TXW001",
      "P7F00000_TXW002",
      "P7F00000_TXW003",
      "P7F00000_TXW004",
      "P7F00000_TXW005",
      "P7F00000_TXW006",
      "P7F00000_TXW007",
      "P7F00000_TXW008",
      "P7F00000_TXW009",
      "P7F00000_TXW010",
      "P7F00000_TXW011",
      "P7F00000_TXW012",
      "P7F00000_TXW013",
      "P7F00000_TXW014",
      "P7F00000_TXW015",
      "P7F00000_TXW016",
      "P7F00000_TXW017",
      "P7F00000_TXW018",
      "P7F00000_TXW019",
      "P7F00000_TXW020",
      "P7F00000_TXW021",
      "P7F00000_TXW022",
      "P7F00000_TXW023",
      "P7F00000_TXW024",
      "P7F00000_TXW025",
      "P7F00000_TXW026",
      "P7F00000_TXW027",
      "P7F00000_TXW028",
      "P7F00000_TXW029",
      "P7F00000_TXW030",
      "P7F00000_TXW031",
      "P7F00000_TXW032",
      "P7F00000_TXW033",
      "P7F00000_TXW034",
      "P7F00000_TXW035",
      "P7F00000_TXW036",
      "P7F00000_TXW037",
      "P7F00000_TXW038",
      "P7F00000_TXW039",
      "P7F00000_TXW040",
      "P7F00000_TXW041",
      "P7F00000_TXW042",
      "P7F00000_TXW043",
      "P7F00000_TXW044",
      "P7F00000_TXW045",
      "P7F00000_TXW046",
      "P7F00000_TXW047",
      "P7F00000_TXW048",
      "P7F00000_TXW049",
      "P7F00000_TXW050",
      "P7F00000_TXW051",
      "P7F00000_TXW052",
      "P7F00000_TXW053",
      "P7F00000_TXW054",
      "P7F00000_TXW055",
      "P7F00000_TXW056",
      "P7F00000_TXW057",
      "P7F00000_TXW058",
      "P7F00000_TXW059",
      "P7F00000_TXW060",
      "P7F00000_TXW061",
      "P7F00000_TX_COUNT",
      "P7F00000_TX_CRC32",
      "P7F00000_TX_FAIL",
      "P7F00001_ACK_SEEN",
      "P7F00001_ACK_SENT",
      "P7F00001_COMMIT",
      "P7F00001_COMMIT_POLLS",
      "P7F00001_CRC_BAD",
      "P7F00001_DONE",
      "P7F00001_DONE_POLLS",
      "P7F00001_DUTY_VIOLATION",
      "P7F00001_ERROR_CODE",
      "P7F00001_FRAME_BAD",
      "P7F00001_FRAME_GOOD",
      "P7F00001_MAILBOX",
      "P7F00001_PAYLOAD_MISMATCH",
      "P7F00001_RAW_RX_PULSES",
      "P7F00001_RAW_TX_PULSES",
      "P7F00001_RETRY_COUNT",
      "P7F00001_RETRY_EXHAUSTED",
      "P7F00001_RXW000",
      "P7F00001_RXW001",
      "P7F00001_RXW002",
      "P7F00001_RXW003",
      "P7F00001_RXW004",
      "P7F00001_RXW005",
      "P7F00001_RXW006",
      "P7F00001_RXW007",
      "P7F00001_RXW008",
      "P7F00001_RXW009",
      "P7F00001_RXW010",
      "P7F00001_RXW011",
      "P7F00001_RXW012",
      "P7F00001_RXW013",
      "P7F00001_RXW014",
      "P7F00001_RXW015",
      "P7F00001_RXW016",
      "P7F00001_RXW017",
      "P7F00001_RXW018",
      "P7F00001_RXW019",
      "P7F00001_RXW020",
      "P7F00001_RXW021",
      "P7F00001_RXW022",
      "P7F00001_RXW023",
      "P7F00001_RXW024",
      "P7F00001_RXW025",
      "P7F00001_RXW026",
      "P7F00001_RXW027",
      "P7F00001_RXW028",
      "P7F00001_RXW029",
      "P7F00001_RXW030",
      "P7F00001_RXW031",
      "P7F00001_RXW032",
      "P7F00001_RXW033",
      "P7F00001_RXW034",
      "P7F00001_RXW035",
      "P7F00001_RXW036",
      "P7F00001_RXW037",
      "P7F00001_RXW038",
      "P7F00001_RXW039",
      "P7F00001_RXW040",
      "P7F00001_RXW041",
      "P7F00001_RXW042",
      "P7F00001_RXW043",
      "P7F00001_RXW044",
      "P7F00001_RXW045",
      "P7F00001_RXW046",
      "P7F00001_RXW047",
      "P7F00001_RXW048",
      "P7F00001_RXW049",
      "P7F00001_RXW050",
      "P7F00001_RXW051",
      "P7F00001_RXW052",
      "P7F00001_RXW053",
      "P7F00001_RXW054",
      "P7F00001_RXW055",
      "P7F00001_RXW056",
      "P7F00001_RXW057",
      "P7F00001_RXW058",
      "P7F00001_RXW059",
      "P7F00001_RXW060",
      "P7F00001_RXW061",
      "P7F00001_RX_CRC32",
      "P7F00001_RX_DIGEST",
      "P7F00001_RX_GOOD_COUNT_L0",
      "P7F00001_RX_GOOD_COUNT_L1",
      "P7F00001_RX_LEN",
      "P7F00001_STATUS",
      "P7F00001_STICKY_ERROR",
      "P7F00001_TXD_HIGH_MAX",
      "P7F00001_TXW000",
      "P7F00001_TXW001",
      "P7F00001_TXW002",
      "P7F00001_TXW003",
      "P7F00001_TXW004",
      "P7F00001_TXW005",
      "P7F00001_TXW006",
      "P7F00001_TXW007",
      "P7F00001_TXW008",
      "P7F00001_TXW009",
      "P7F00001_TXW010",
      "P7F00001_TXW011",
      "P7F00001_TXW012",
      "P7F00001_TXW013",
      "P7F00001_TXW014",
      "P7F00001_TXW015",
      "P7F00001_TXW016",
      "P7F00001_TXW017",
      "P7F00001_TXW018",
      "P7F00001_TXW019",
      "P7F00001_TXW020",
      "P7F00001_TXW021",
      "P7F00001_TXW022",
      "P7F00001_TXW023",
      "P7F00001_TXW024",
      "P7F00001_TXW025",
      "P7F00001_TXW026",
      "P7F00001_TXW027",
      "P7F00001_TXW028",
      "P7F00001_TXW029",
      "P7F00001_TXW030",
      "P7F00001_TXW031",
      "P7F00001_TXW032",
      "P7F00001_TXW033",
      "P7F00001_TXW034",
      "P7F00001_TXW035",
      "P7F00001_TXW036",
      "P7F00001_TXW037",
      "P7F00001_TXW038",
      "P7F00001_TXW039",
      "P7F00001_TXW040",
      "P7F00001_TXW041",
      "P7F00001_TXW042",
      "P7F00001_TXW043",
      "P7F00001_TXW044",
      "P7F00001_TXW045",
      "P7F00001_TXW046",
      "P7F00001_TXW047",
      "P7F00001_TXW048",
      "P7F00001_TXW049",
      "P7F00001_TXW050",
      "P7F00001_TXW051",
      "P7F00001_TXW052",
      "P7F00001_TXW053",
      "P7F00001_TXW054",
      "P7F00001_TXW055",
      "P7F00001_TXW056",
      "P7F00001_TXW057",
      "P7F00001_TXW058",
      "P7F00001_TXW059",
      "P7F00001_TXW060",
      "P7F00001_TXW061",
      "P7F00001_TX_COUNT",
      "P7F00001_TX_CRC32",
      "P7F00001_TX_FAIL",
      "P7F00002_ACK_SEEN",
      "P7F00002_ACK_SENT",
      "P7F00002_COMMIT",
      "P7F00002_COMMIT_POLLS",
      "P7F00002_CRC_BAD",
      "P7F00002_DONE",
      "P7F00002_DONE_POLLS",
      "P7F00002_DUTY_VIOLATION",
      "P7F00002_ERROR_CODE",
      "P7F00002_FRAME_BAD",
      "P7F00002_FRAME_GOOD",
      "P7F00002_MAILBOX",
      "P7F00002_PAYLOAD_MISMATCH",
      "P7F00002_RAW_RX_PULSES",
      "P7F00002_RAW_TX_PULSES",
      "P7F00002_RETRY_COUNT",
      "P7F00002_RETRY_EXHAUSTED",
      "P7F00002_RXW000",
      "P7F00002_RXW001",
      "P7F00002_RXW002",
      "P7F00002_RXW003",
      "P7F00002_RXW004",
      "P7F00002_RXW005",
      "P7F00002_RXW006",
      "P7F00002_RXW007",
      "P7F00002_RXW008",
      "P7F00002_RX_CRC32",
      "P7F00002_RX_DIGEST",
      "P7F00002_RX_GOOD_COUNT_L0",
      "P7F00002_RX_GOOD_COUNT_L1",
      "P7F00002_RX_LEN",
      "P7F00002_STATUS",
      "P7F00002_STICKY_ERROR",
      "P7F00002_TXD_HIGH_MAX",
      "P7F00002_TXW000",
      "P7F00002_TXW001",
      "P7F00002_TXW002",
      "P7F00002_TXW003",
      "P7F00002_TXW004",
      "P7F00002_TXW005",
      "P7F00002_TXW006",
      "P7F00002_TXW007",
      "P7F00002_TXW008",
      "P7F00002_TX_COUNT",
      "P7F00002_TX_CRC32",
      "P7F00002_TX_FAIL",
      "P7_BASE_ACK_SEEN",
      "P7_BASE_ACK_SENT",
      "P7_BASE_CRC_BAD",
      "P7_BASE_DUTY_VIOLATION",
      "P7_BASE_ERROR_CODE",
      "P7_BASE_FRAME_BAD",
      "P7_BASE_FRAME_GOOD",
      "P7_BASE_PAYLOAD_MISMATCH",
      "P7_BASE_RAW_RX_PULSES",
      "P7_BASE_RAW_TX_PULSES",
      "P7_BASE_RETRY_COUNT",
      "P7_BASE_RETRY_EXHAUSTED",
      "P7_BASE_RX_GOOD_COUNT_L0",
      "P7_BASE_RX_GOOD_COUNT_L1",
      "P7_BASE_STICKY_ERROR",
      "P7_BASE_TXD_HIGH_MAX",
      "P7_BASE_TX_COUNT",
      "P7_BASE_TX_FAIL",
      "P7_FINAL_SHUTDOWN_REASON"
    ],
    "write_operations": [
      {
        "offset": "0x100",
        "value": "0x00000002"
      },
      {
        "offset": "0x100",
        "value": "0x00000002"
      },
      {
        "offset": "0x200",
        "value": "0x50414652"
      },
      {
        "offset": "0x204",
        "value": "0x00200101"
      },
      {
        "offset": "0x208",
        "value": "0x5037002e"
      },
      {
        "offset": "0x20c",
        "value": "0x0000002e"
      },
      {
        "offset": "0x210",
        "value": "0x000001b0"
      },
      {
        "offset": "0x214",
        "value": "0x00030000"
      },
      {
        "offset": "0x218",
        "value": "0x000000d7"
      },
      {
        "offset": "0x21c",
        "value": "0x670ab359"
      },
      {
        "offset": "0x220",
        "value": "0x03020100"
      },
      {
        "offset": "0x224",
        "value": "0x07060504"
      },
      {
        "offset": "0x228",
        "value": "0x0b0a0908"
      },
      {
        "offset": "0x22c",
        "value": "0x0f0e0d0c"
      },
      {
        "offset": "0x230",
        "value": "0x13121110"
      },
      {
        "offset": "0x234",
        "value": "0x17161514"
      },
      {
        "offset": "0x238",
        "value": "0x1b1a1918"
      },
      {
        "offset": "0x23c",
        "value": "0x1f1e1d1c"
      },
      {
        "offset": "0x240",
        "value": "0x23222120"
      },
      {
        "offset": "0x244",
        "value": "0x27262524"
      },
      {
        "offset": "0x248",
        "value": "0x2b2a2928"
      },
      {
        "offset": "0x24c",
        "value": "0x2f2e2d2c"
      },
      {
        "offset": "0x250",
        "value": "0x33323130"
      },
      {
        "offset": "0x254",
        "value": "0x37363534"
      },
      {
        "offset": "0x258",
        "value": "0x3b3a3938"
      },
      {
        "offset": "0x25c",
        "value": "0x3f3e3d3c"
      },
      {
        "offset": "0x260",
        "value": "0x43424140"
      },
      {
        "offset": "0x264",
        "value": "0x47464544"
      },
      {
        "offset": "0x268",
        "value": "0x4b4a4948"
      },
      {
        "offset": "0x26c",
        "value": "0x4f4e4d4c"
      },
      {
        "offset": "0x270",
        "value": "0x53525150"
      },
      {
        "offset": "0x274",
        "value": "0x57565554"
      },
      {
        "offset": "0x278",
        "value": "0x5b5a5958"
      },
      {
        "offset": "0x27c",
        "value": "0x5f5e5d5c"
      },
      {
        "offset": "0x280",
        "value": "0x63626160"
      },
      {
        "offset": "0x284",
        "value": "0x67666564"
      },
      {
        "offset": "0x288",
        "value": "0x6b6a6968"
      },
      {
        "offset": "0x28c",
        "value": "0x6f6e6d6c"
      },
      {
        "offset": "0x290",
        "value": "0x73727170"
      },
      {
        "offset": "0x294",
        "value": "0x77767574"
      },
      {
        "offset": "0x298",
        "value": "0x7b7a7978"
      },
      {
        "offset": "0x29c",
        "value": "0x7f7e7d7c"
      },
      {
        "offset": "0x2a0",
        "value": "0x83828180"
      },
      {
        "offset": "0x2a4",
        "value": "0x87868584"
      },
      {
        "offset": "0x2a8",
        "value": "0x8b8a8988"
      },
      {
        "offset": "0x2ac",
        "value": "0x8f8e8d8c"
      },
      {
        "offset": "0x2b0",
        "value": "0x93929190"
      },
      {
        "offset": "0x2b4",
        "value": "0x97969594"
      },
      {
        "offset": "0x2b8",
        "value": "0x9b9a9998"
      },
      {
        "offset": "0x2bc",
        "value": "0x9f9e9d9c"
      },
      {
        "offset": "0x2c0",
        "value": "0xa3a2a1a0"
      },
      {
        "offset": "0x2c4",
        "value": "0xa7a6a5a4"
      },
      {
        "offset": "0x2c8",
        "value": "0xabaaa9a8"
      },
      {
        "offset": "0x2cc",
        "value": "0xafaeadac"
      },
      {
        "offset": "0x2d0",
        "value": "0xb3b2b1b0"
      },
      {
        "offset": "0x2d4",
        "value": "0xb7b6b5b4"
      },
      {
        "offset": "0x2d8",
        "value": "0xbbbab9b8"
      },
      {
        "offset": "0x2dc",
        "value": "0xbfbebdbc"
      },
      {
        "offset": "0x2e0",
        "value": "0xc3c2c1c0"
      },
      {
        "offset": "0x2e4",
        "value": "0xc7c6c5c4"
      },
      {
        "offset": "0x2e8",
        "value": "0xcbcac9c8"
      },
      {
        "offset": "0x2ec",
        "value": "0xcfcecdcc"
      },
      {
        "offset": "0x2f0",
        "value": "0xd3d2d1d0"
      },
      {
        "offset": "0x2f4",
        "value": "0x00d6d5d4"
      },
      {
        "offset": "0x108",
        "value": "0x00002201"
      },
      {
        "offset": "0x10c",
        "value": "0x00000002"
      },
      {
        "offset": "0x110",
        "value": "0x00000002"
      },
      {
        "offset": "0x114",
        "value": "0x000000f7"
      },
      {
        "offset": "0x15c",
        "value": "0x0061a800"
      },
      {
        "offset": "0x100",
        "value": "0x00000004"
      },
      {
        "offset": "0x100",
        "value": "0x00000008"
      },
      {
        "offset": "0x100",
        "value": "0x00000002"
      },
      {
        "offset": "0x200",
        "value": "0x50414652"
      },
      {
        "offset": "0x204",
        "value": "0x00200001"
      },
      {
        "offset": "0x208",
        "value": "0x5037002e"
      },
      {
        "offset": "0x20c",
        "value": "0x0000002e"
      },
      {
        "offset": "0x210",
        "value": "0x000001b0"
      },
      {
        "offset": "0x214",
        "value": "0x00030001"
      },
      {
        "offset": "0x218",
        "value": "0x000000d7"
      },
      {
        "offset": "0x21c",
        "value": "0x670ab359"
      },
      {
        "offset": "0x220",
        "value": "0xdad9d8d7"
      },
      {
        "offset": "0x224",
        "value": "0xdedddcdb"
      },
      {
        "offset": "0x228",
        "value": "0xe2e1e0df"
      },
      {
        "offset": "0x22c",
        "value": "0xe6e5e4e3"
      },
      {
        "offset": "0x230",
        "value": "0xeae9e8e7"
      },
      {
        "offset": "0x234",
        "value": "0xeeedeceb"
      },
      {
        "offset": "0x238",
        "value": "0xf2f1f0ef"
      },
      {
        "offset": "0x23c",
        "value": "0xf6f5f4f3"
      },
      {
        "offset": "0x240",
        "value": "0xfaf9f8f7"
      },
      {
        "offset": "0x244",
        "value": "0xfefdfcfb"
      },
      {
        "offset": "0x248",
        "value": "0x020100ff"
      },
      {
        "offset": "0x24c",
        "value": "0x06050403"
      },
      {
        "offset": "0x250",
        "value": "0x0a090807"
      },
      {
        "offset": "0x254",
        "value": "0x0e0d0c0b"
      },
      {
        "offset": "0x258",
        "value": "0x1211100f"
      },
      {
        "offset": "0x25c",
        "value": "0x16151413"
      },
      {
        "offset": "0x260",
        "value": "0x1a191817"
      },
      {
        "offset": "0x264",
        "value": "0x1e1d1c1b"
      },
      {
        "offset": "0x268",
        "value": "0x2221201f"
      },
      {
        "offset": "0x26c",
        "value": "0x26252423"
      },
      {
        "offset": "0x270",
        "value": "0x2a292827"
      },
      {
        "offset": "0x274",
        "value": "0x2e2d2c2b"
      },
      {
        "offset": "0x278",
        "value": "0x3231302f"
      },
      {
        "offset": "0x27c",
        "value": "0x36353433"
      },
      {
        "offset": "0x280",
        "value": "0x3a393837"
      },
      {
        "offset": "0x284",
        "value": "0x3e3d3c3b"
      },
      {
        "offset": "0x288",
        "value": "0x4241403f"
      },
      {
        "offset": "0x28c",
        "value": "0x46454443"
      },
      {
        "offset": "0x290",
        "value": "0x4a494847"
      },
      {
        "offset": "0x294",
        "value": "0x4e4d4c4b"
      },
      {
        "offset": "0x298",
        "value": "0x5251504f"
      },
      {
        "offset": "0x29c",
        "value": "0x56555453"
      },
      {
        "offset": "0x2a0",
        "value": "0x5a595857"
      },
      {
        "offset": "0x2a4",
        "value": "0x5e5d5c5b"
      },
      {
        "offset": "0x2a8",
        "value": "0x6261605f"
      },
      {
        "offset": "0x2ac",
        "value": "0x66656463"
      },
      {
        "offset": "0x2b0",
        "value": "0x6a696867"
      },
      {
        "offset": "0x2b4",
        "value": "0x6e6d6c6b"
      },
      {
        "offset": "0x2b8",
        "value": "0x7271706f"
      },
      {
        "offset": "0x2bc",
        "value": "0x76757473"
      },
      {
        "offset": "0x2c0",
        "value": "0x7a797877"
      },
      {
        "offset": "0x2c4",
        "value": "0x7e7d7c7b"
      },
      {
        "offset": "0x2c8",
        "value": "0x8281807f"
      },
      {
        "offset": "0x2cc",
        "value": "0x86858483"
      },
      {
        "offset": "0x2d0",
        "value": "0x8a898887"
      },
      {
        "offset": "0x2d4",
        "value": "0x8e8d8c8b"
      },
      {
        "offset": "0x2d8",
        "value": "0x9291908f"
      },
      {
        "offset": "0x2dc",
        "value": "0x96959493"
      },
      {
        "offset": "0x2e0",
        "value": "0x9a999897"
      },
      {
        "offset": "0x2e4",
        "value": "0x9e9d9c9b"
      },
      {
        "offset": "0x2e8",
        "value": "0xa2a1a09f"
      },
      {
        "offset": "0x2ec",
        "value": "0xa6a5a4a3"
      },
      {
        "offset": "0x2f0",
        "value": "0xaaa9a8a7"
      },
      {
        "offset": "0x2f4",
        "value": "0x00adacab"
      },
      {
        "offset": "0x108",
        "value": "0x00002201"
      },
      {
        "offset": "0x10c",
        "value": "0x00000002"
      },
      {
        "offset": "0x110",
        "value": "0x00000002"
      },
      {
        "offset": "0x114",
        "value": "0x000000f7"
      },
      {
        "offset": "0x15c",
        "value": "0x0061a800"
      },
      {
        "offset": "0x100",
        "value": "0x00000004"
      },
      {
        "offset": "0x100",
        "value": "0x00000008"
      },
      {
        "offset": "0x100",
        "value": "0x00000002"
      },
      {
        "offset": "0x200",
        "value": "0x50414652"
      },
      {
        "offset": "0x204",
        "value": "0x00200201"
      },
      {
        "offset": "0x208",
        "value": "0x5037002e"
      },
      {
        "offset": "0x20c",
        "value": "0x0000002e"
      },
      {
        "offset": "0x210",
        "value": "0x000001b0"
      },
      {
        "offset": "0x214",
        "value": "0x00030002"
      },
      {
        "offset": "0x218",
        "value": "0x00000002"
      },
      {
        "offset": "0x21c",
        "value": "0x670ab359"
      },
      {
        "offset": "0x220",
        "value": "0x0000afae"
      },
      {
        "offset": "0x108",
        "value": "0x00002201"
      },
      {
        "offset": "0x10c",
        "value": "0x00000002"
      },
      {
        "offset": "0x110",
        "value": "0x00000002"
      },
      {
        "offset": "0x114",
        "value": "0x00000022"
      },
      {
        "offset": "0x15c",
        "value": "0x0061a800"
      },
      {
        "offset": "0x100",
        "value": "0x00000004"
      },
      {
        "offset": "0x100",
        "value": "0x00000008"
      },
      {
        "offset": "0x100",
        "value": "0x00000030"
      },
      {
        "offset": "0x100",
        "value": "0x00000030"
      }
    ],
    "runtime_feasibility": {
      "jtag_frequency_hz": 1000000,
      "reference_jtag_frequency_hz": 1000000,
      "estimated_axi_operation_us_at_1mhz": 1250,
      "estimated_stage_fixed_overhead_seconds": 30.0,
      "estimate_model": "one_axi_read_per_poll_operation_global_deadline_authoritative",
      "estimated_stage_runtime_seconds": 30.65375,
      "minimum_stage_runtime_sec": 31,
      "authorized_runtime_sec": 960,
      "feasible_within_authorized_runtime": true,
      "containment_initial_empty_wait_seconds": 0,
      "expected_tool_daemon_grace_seconds": 30,
      "containment_total_exit_window_seconds": 30,
      "containment_topology_revalidation_interval_seconds": 0.1,
      "containment_forced_cleanup_wait_seconds": 10,
      "containment_failure_bound_seconds": 40,
      "jtag_wrapper_vivado_process_count": 4,
      "jtag_wrapper_containment_allowance_seconds": 120,
      "jtag_wrapper_max_forced_cleanup_events": 2,
      "jtag_wrapper_forced_cleanup_reserve_seconds": 20,
      "jtag_wrapper_other_guard_seconds": 65,
      "jtag_wrapper_bookkeeping_guard_seconds": 45,
      "jtag_wrapper_other_guard_after_forced_cleanup_seconds": 45,
      "global_runtime_budget": {
        "minimum_estimated_global_runtime_sec": 396,
        "configured_global_timeout_ceiling_sec": 915,
        "authorized_global_runtime_sec": 960,
        "containment_initial_empty_wait_seconds": 0,
        "expected_tool_daemon_grace_seconds": 30,
        "containment_total_exit_window_seconds": 30,
        "containment_topology_revalidation_interval_seconds": 0.1,
        "containment_success_bound_seconds_each": 30,
        "containment_failure_bound_seconds_each": 40,
        "contained_vivado_process_count": 4,
        "containment_allowance_seconds": 120,
        "max_forced_cleanup_events": 2,
        "forced_cleanup_wait_seconds": 10,
        "forced_cleanup_reserve_seconds": 20,
        "other_guard_seconds": 65,
        "bookkeeping_guard_seconds": 45,
        "other_guard_after_forced_cleanup_seconds": 45,
        "configured_unallocated_margin_seconds": 45,
        "estimated_unallocated_margin_seconds": 564,
        "minimum_stage_fits_configured_timeout": true,
        "feasible": true
      }
    },
    "valid": true,
    "backend_manifest": {
      "path": "C:\\Users\\user\\Documents\\RF_COMM_MULTILANE\\build\\p7_authorized_sequence\\p7_20260711_stationary_app_r8\\manifests\\046_p7_fragment_boundary_432_l1.manifest.json",
      "expected_sha256": "a6f111fef26f17911c1d017443d7c421d9266fae1402b20979d6cdc9b33117fd",
      "actual_sha256": "a6f111fef26f17911c1d017443d7c421d9266fae1402b20979d6cdc9b33117fd",
      "schema": "rfap-p7-jtag-axi-dry-run-v1",
      "input_length": 432,
      "input_sha256": "ce7b1c71b87a0ab700b2547140d15258be75b927600d784ecc071f119f790a69",
      "lane_policy": "LANE1_ONLY",
      "transaction_operation_count": 523
    },
    "global_runtime_budget": {
      "minimum_estimated_global_runtime_sec": 396,
      "configured_global_timeout_ceiling_sec": 915,
      "authorized_global_runtime_sec": 960,
      "containment_initial_empty_wait_seconds": 0,
      "expected_tool_daemon_grace_seconds": 30,
      "containment_total_exit_window_seconds": 30,
      "containment_topology_revalidation_interval_seconds": 0.1,
      "containment_success_bound_seconds_each": 30,
      "containment_failure_bound_seconds_each": 40,
      "contained_vivado_process_count": 4,
      "containment_allowance_seconds": 120,
      "max_forced_cleanup_events": 2,
      "forced_cleanup_wait_seconds": 10,
      "forced_cleanup_reserve_seconds": 20,
      "other_guard_seconds": 65,
      "bookkeeping_guard_seconds": 45,
      "other_guard_after_forced_cleanup_seconds": 45,
      "configured_unallocated_margin_seconds": 45,
      "estimated_unallocated_margin_seconds": 564,
      "minimum_stage_fits_configured_timeout": true,
      "feasible": true
    }
  },
  "exit_code_policy": "returncode_must_be_exactly_zero_and_required_markers_must_match",
  "transaction_format_boundary": "strict_P7_JTAG_AXI_TRANSACTIONS_V1_no_source_no_eval_no_external_commands",
  "hardware_execution_lock": {
    "path": "C:\\Users\\user\\Documents\\RF_COMM_MULTILANE\\.hardware_authorization\\P7_HARDWARE_EXECUTION.lock",
    "token_sha256": "0bf81f67756a00ad6a4022a3aad865a3fc5619798786f685e9b6ca5f39997619",
    "owner": {
      "schema": "rf-comm-p7-hardware-execution-lock-v1",
      "pid": 15604,
      "wrapper": "run_p7_jtag_axi_stage_safe.py",
      "stage_name": "p7_fragment_boundary_432_l1",
      "acquired_at_utc": "2026-07-11T09:58:31.508687+00:00",
      "evidence_dir": "C:\\Users\\user\\Documents\\RF_COMM_MULTILANE\\evidence\\hardware\\p7\\authorized_sequence\\p7_20260711_stationary_app_r8\\046_p7_fragment_boundary_432_l1"
    },
    "acquired": true,
    "stale_lock_auto_recovery": false
  },
  "global_runtime_deadline_source": "host_monotonic",
  "global_runtime_guard_seconds": 65,
  "global_runtime_budget_components": {
    "contained_vivado_process_count": 4,
    "initial_empty_wait_seconds_per_process": 0,
    "expected_tool_daemon_grace_seconds_per_process": 30,
    "total_containment_window_seconds_per_process": 30,
    "topology_revalidation_interval_seconds": 0.1,
    "containment_allowance_seconds": 120,
    "forced_cleanup_wait_seconds": 10,
    "failure_containment_bound_seconds_per_failed_process": 40,
    "max_forced_cleanup_events": 2,
    "forced_cleanup_reserve_seconds": 20,
    "bookkeeping_guard_seconds": 45,
    "other_guard_seconds": 65
  },
  "evidence_dir": "C:\\Users\\user\\Documents\\RF_COMM_MULTILANE\\evidence\\hardware\\p7\\authorized_sequence\\p7_20260711_stationary_app_r8\\046_p7_fragment_boundary_432_l1",
  "event_log": "C:\\Users\\user\\Documents\\RF_COMM_MULTILANE\\evidence\\hardware\\p7\\authorized_sequence\\p7_20260711_stationary_app_r8\\046_p7_fragment_boundary_432_l1\\p7_jtag_axi_stage_events.jsonl",
  "preflight_process": {
    "name": "preflight",
    "returncode": 0,
    "stdout_path": "C:\\Users\\user\\Documents\\RF_COMM_MULTILANE\\evidence\\hardware\\p7\\authorized_sequence\\p7_20260711_stationary_app_r8\\046_p7_fragment_boundary_432_l1\\p7_preflight.stdout.log",
    "stderr_path": "C:\\Users\\user\\Documents\\RF_COMM_MULTILANE\\evidence\\hardware\\p7\\authorized_sequence\\p7_20260711_stationary_app_r8\\046_p7_fragment_boundary_432_l1\\p7_preflight.stderr.log",
    "elapsed_seconds": 31.836493,
    "argv": [
      "D:\\Xilinx\\Vivado\\2023.1\\bin\\vivado.bat",
      "-mode",
      "batch",
      "-source",
      "C:\\Users\\user\\Documents\\RF_COMM_MULTILANE\\scripts\\hw\\p7_hw_preflight.tcl",
      "-tclargs",
      "C:\\Users\\user\\Documents\\RF_COMM_MULTILANE",
      "C:\\Users\\user\\Documents\\RF_COMM_MULTILANE\\.hardware_authorization\\p7_20260711_stationary_app_r8_046_p7_fragment_boundary_432_l1.txt",
      "210512180081",
      "xc7z010clg400-1",
      "localhost:3121/xilinx_tcf/Digilent/210512180081",
      "localhost:3121",
      "C:\\Users\\user\\Documents\\RF_COMM_MULTILANE\\evidence\\hardware\\p7\\authorized_sequence\\p7_20260711_stationary_app_r8\\046_p7_fragment_boundary_432_l1\\p7_preflight_result.txt"
    ],
    "started_at_utc": "2026-07-11T09:58:31.511583+00:00",
    "ended_at_utc": "2026-07-11T09:59:03.348083+00:00",
    "timed_out": false,
    "abort_seen": false,
    "interrupted": false,
    "process_tree_terminated": false,
    "process_tree_reaped": true,
    "containment_kind": "WINDOWS_JOB_OBJECT_KILL_ON_CLOSE",
    "containment_assigned": true,
    "containment_closed": true,
    "descendant_count_after": 0,
    "expected_tool_daemon_grace_used": true,
    "expected_tool_daemon_grace_seconds": 30.0,
    "expected_tool_daemon_paths": [
      "D:\\Xilinx\\Vivado\\2023.1\\bin\\unwrapped\\win64.o\\cs_server.exe",
      "D:\\Xilinx\\Vivado\\2023.1\\bin\\unwrapped\\win64.o\\rdi_xsdb.exe",
      "C:\\Windows\\System32\\cmd.exe",
      "C:\\Windows\\System32\\conhost.exe"
    ],
    "descendant_paths_seen": [
      "D:\\Xilinx\\Vivado\\2023.1\\bin\\unwrapped\\win64.o\\cs_server.exe",
      "D:\\Xilinx\\Vivado\\2023.1\\bin\\unwrapped\\win64.o\\cs_server.exe",
      "C:\\Windows\\System32\\conhost.exe",
      "C:\\Windows\\System32\\conhost.exe",
      "D:\\Xilinx\\Vivado\\2023.1\\bin\\unwrapped\\win64.o\\rdi_xsdb.exe",
      "C:\\Windows\\System32\\cmd.exe"
    ],
    "descendant_processes_seen": [
      {
        "pid": 3236,
        "parent_pid": 7380,
        "parent_active_globally": true,
        "image_path": "D:\\Xilinx\\Vivado\\2023.1\\bin\\unwrapped\\win64.o\\cs_server.exe",
        "creation_time_100ns": 134282375207775465
      },
      {
        "pid": 7380,
        "parent_pid": 30500,
        "parent_active_globally": false,
        "image_path": "D:\\Xilinx\\Vivado\\2023.1\\bin\\unwrapped\\win64.o\\cs_server.exe",
        "creation_time_100ns": 134282375206832223
      },
      {
        "pid": 13988,
        "parent_pid": 44104,
        "parent_active_globally": true,
        "image_path": "C:\\Windows\\System32\\conhost.exe",
        "creation_time_100ns": 134282375212446255
      },
      {
        "pid": 23348,
        "parent_pid": 40312,
        "parent_active_globally": false,
        "image_path": "C:\\Windows\\System32\\conhost.exe",
        "creation_time_100ns": 134282375199261542
      },
      {
        "pid": 35972,
        "parent_pid": 44104,
        "parent_active_globally": true,
        "image_path": "D:\\Xilinx\\Vivado\\2023.1\\bin\\unwrapped\\win64.o\\rdi_xsdb.exe",
        "creation_time_100ns": 134282375216068043
      },
      {
        "pid": 44104,
        "parent_pid": 30656,
        "parent_active_globally": false,
        "image_path": "C:\\Windows\\System32\\cmd.exe",
        "creation_time_100ns": 134282375212368069
      }
    ],
    "expected_tool_daemon_classification": "EXACT_R2_VIVADO_EXIT_HELPER_FOREST",
    "expected_tool_daemon_topology_snapshots": [
      {
        "classification": "EXACT_R2_VIVADO_EXIT_HELPER_FOREST",
        "elapsed_seconds": 0.015378,
        "processes": [
          {
            "pid": 3236,
            "parent_pid": 7380,
            "parent_active_globally": true,
            "image_path": "D:\\Xilinx\\Vivado\\2023.1\\bin\\unwrapped\\win64.o\\cs_server.exe",
            "creation_time_100ns": 134282375207775465
          },
          {
            "pid": 7380,
            "parent_pid": 30500,
            "parent_active_globally": false,
            "image_path": "D:\\Xilinx\\Vivado\\2023.1\\bin\\unwrapped\\win64.o\\cs_server.exe",
            "creation_time_100ns": 134282375206832223
          },
          {
            "pid": 13988,
            "parent_pid": 44104,
            "parent_active_globally": true,
            "image_path": "C:\\Windows\\System32\\conhost.exe",
            "creation_time_100ns": 134282375212446255
          },
          {
            "pid": 23348,
            "parent_pid": 40312,
            "parent_active_globally": false,
            "image_path": "C:\\Windows\\System32\\conhost.exe",
            "creation_time_100ns": 134282375199261542
          },
          {
            "pid": 35972,
            "parent_pid": 44104,
            "parent_active_globally": true,
            "image_path": "D:\\Xilinx\\Vivado\\2023.1\\bin\\unwrapped\\win64.o\\rdi_xsdb.exe",
            "creation_time_100ns": 134282375216068043
          },
          {
            "pid": 44104,
            "parent_pid": 30656,
            "parent_active_globally": false,
            "image_path": "C:\\Windows\\System32\\cmd.exe",
            "creation_time_100ns": 134282375212368069
          }
        ]
      },
      {
        "classification": "STRICT_SHRINK_SUBSET_OF_EXACT_R2_VIVADO_EXIT_HELPER_FOREST",
        "elapsed_seconds": 19.692101,
        "processes": [
          {
            "pid": 3236,
            "parent_pid": 7380,
            "parent_active_globally": true,
            "image_path": "D:\\Xilinx\\Vivado\\2023.1\\bin\\unwrapped\\win64.o\\cs_server.exe",
            "creation_time_100ns": 134282375207775465
          },
          {
            "pid": 7380,
            "parent_pid": 30500,
            "parent_active_globally": false,
            "image_path": "D:\\Xilinx\\Vivado\\2023.1\\bin\\unwrapped\\win64.o\\cs_server.exe",
            "creation_time_100ns": 134282375206832223
          },
          {
            "pid": 23348,
            "parent_pid": 40312,
            "parent_active_globally": false,
            "image_path": "C:\\Windows\\System32\\conhost.exe",
            "creation_time_100ns": 134282375199261542
          }
        ]
      },
      {
        "classification": "EMPTY",
        "elapsed_seconds": 20.665469,
        "processes": []
      }
    ],
    "expected_tool_daemon_topology_revalidation_count": 189,
    "expected_tool_daemon_topology_monotonic": true,
    "expected_tool_daemon_topology_sample_elapsed_seconds": [
      0.000103,
      0.015378,
      0.127094,
      0.236472,
      0.346682,
      0.454917,
      0.564272,
      0.674676,
      0.785301,
      0.893324,
      1.002338,
      1.112171,
      1.221699,
      1.330545,
      1.440403,
      1.550057,
      1.658985,
      1.766689,
      1.876692,
      1.986647,
      2.10242,
      2.211385,
      2.3209,
      2.429915,
      2.539268,
      2.648582,
      2.757595,
      2.865866,
      2.973116,
      3.082402,
      3.191679,
      3.300215,
      3.409635,
      3.519269,
      3.6272,
      3.737075,
      3.847132,
      3.955482,
      4.064594,
      4.173334,
      4.282769,
      4.390511,
      4.499912,
      4.609017,
      4.720457,
      4.829758,
      4.9372,
      5.046498,
      5.155368,
      5.264648,
      5.373495,
      5.483463,
      5.593474,
      5.702537,
      5.812188,
      5.921841,
      6.031746,
      6.139297,
      6.248609,
      6.357344,
      6.466589,
      6.575521,
      6.683356,
      6.791658,
      6.90166,
      7.016132,
      7.125121,
      7.234919,
      7.344406,
      7.453393,
      7.56282,
      7.672738,
      7.781911,
      7.88872,
      7.998459,
      8.106887,
      8.216451,
      8.324691,
      8.434296,
      8.545029,
      8.654872,
      8.764114,
      8.873106,
      8.982816,
      9.091772,
      9.200931,
      9.310435,
      9.418987,
      9.528491,
      9.637599,
      9.746503,
      9.8553,
      9.965276,
      10.074746,
      10.183766,
      10.292975,
      10.40244,
      10.513156,
      10.622216,
      10.730969,
      10.840451,
      10.949378,
      11.05853,
      11.172094,
      11.28101,
      11.389603,
      11.498222,
      11.608052,
      11.716991,
      11.82621,
      11.935437,
      12.043902,
      12.153127,
      12.262172,
      12.371768,
      12.480563,
      12.589381,
      12.698177,
      12.808532,
      12.917881,
      13.024827,
      13.134373,
      13.242997,
      13.351159,
      13.458239,
      13.571874,
      13.681141,
      13.789682,
      13.898006,
      14.00743,
      14.117759,
      14.226243,
      14.334534,
      14.443898,
      14.553194,
      14.66147,
      14.770359,
      14.8798,
      14.989005,
      15.098056,
      15.207118,
      15.320343,
      15.42954,
      15.53894,
      15.648625,
      15.757934,
      15.867174,
      15.974674,
      16.083891,
      16.193003,
      16.302176,
      16.410192,
      16.519819,
      16.628998,
      16.738092,
      16.84747,
      16.960545,
      17.069361,
      17.179198,
      17.289257,
      17.398581,
      17.508132,
      17.617198,
      17.726339,
      17.835556,
      17.944492,
      18.052237,
      18.161505,
      18.270832,
      18.381459,
      18.491069,
      18.59991,
      18.709316,
      18.819028,
      18.928434,
      19.037846,
      19.147284,
      19.256302,
      19.36464,
      19.474038,
      19.583155,
      19.692101,
      19.801979,
      19.908905,
      20.01873,
      20.127382,
      20.237071,
      20.346206,
      20.455117,
      20.564306,
      20.665469
    ],
    "expected_tool_daemon_topology_max_sample_gap_seconds": 0.115773,
    "expected_tool_daemon_grace_elapsed_seconds": 20.665489,
    "expected_tool_daemon_hashes_verified": true,
    "expected_tool_daemon_sha256_by_role": {
      "cs_server": "9bf0e15ffe162a96679c14b8117cf8ebe8a47b8032bee4ab8cb0317c112df536",
      "rdi_xsdb": "3193d8c4e7115e82e5b4ea6c2eb1aa8a7566bd5a9f9c78e9d901b9eab9d4ebfc",
      "cmd": "75320a519959cc6d089ea3eba33c38caccb7f138a025ea439bc9686cdb79ded4",
      "conhost": "a93cbb36b9c02364be6a72817174c46f94b66715549f279c6592ed659d237911"
    },
    "expected_tool_daemon_hash_error": "",
    "expected_tool_daemon_prelaunch_hashes_verified": true,
    "expected_tool_daemon_prelaunch_sha256_by_role": {
      "cs_server": "9bf0e15ffe162a96679c14b8117cf8ebe8a47b8032bee4ab8cb0317c112df536",
      "rdi_xsdb": "3193d8c4e7115e82e5b4ea6c2eb1aa8a7566bd5a9f9c78e9d901b9eab9d4ebfc",
      "cmd": "75320a519959cc6d089ea3eba33c38caccb7f138a025ea439bc9686cdb79ded4",
      "conhost": "a93cbb36b9c02364be6a72817174c46f94b66715549f279c6592ed659d237911"
    },
    "expected_tool_daemon_prelaunch_hash_error": "",
    "expected_tool_daemon_postexit_hashes_verified": true,
    "expected_tool_daemon_postexit_sha256_by_role": {
      "cs_server": "9bf0e15ffe162a96679c14b8117cf8ebe8a47b8032bee4ab8cb0317c112df536",
      "rdi_xsdb": "3193d8c4e7115e82e5b4ea6c2eb1aa8a7566bd5a9f9c78e9d901b9eab9d4ebfc",
      "cmd": "75320a519959cc6d089ea3eba33c38caccb7f138a025ea439bc9686cdb79ded4",
      "conhost": "a93cbb36b9c02364be6a72817174c46f94b66715549f279c6592ed659d237911"
    },
    "expected_tool_daemon_postexit_hash_error": "",
    "expected_tool_daemon_topology_error": "",
    "expected_tool_daemon_topology_terminal_empty": true,
    "process_identity_query_retry_count": 0,
    "process_exit_race_recheck_count": 0,
    "process_identity_query_transient_errors": [],
    "containment_cleanup_attempted": false,
    "containment_cleanup_terminated": false,
    "process_exit_race_rechecked": false,
    "process_identity_query_retried": false,
    "containment_query_error": "",
    "launch_error": ""
  },
  "preflight_result_file": "C:\\Users\\user\\Documents\\RF_COMM_MULTILANE\\evidence\\hardware\\p7\\authorized_sequence\\p7_20260711_stationary_app_r8\\046_p7_fragment_boundary_432_l1\\p7_preflight_result.txt",
  "preflight_failures": [],
  "target_identity": {
    "P7_HW_PREFLIGHT_AUTHORIZED": "1",
    "P7_HW_PREFLIGHT_READ_ONLY": "1",
    "P7_HW_PREFLIGHT_BOARD_ID": "210512180081",
    "P7_HW_PREFLIGHT_TARGET": "localhost:3121/xilinx_tcf/Digilent/210512180081",
    "P7_HW_PREFLIGHT_DEVICE": "xc7z010_1",
    "P7_HW_PREFLIGHT_PART": "xc7z010clg400-1",
    "P7_HW_PREFLIGHT_IDCODE": "00010011011100100010000010010011",
    "P7_HW_PREFLIGHT_CANONICAL_PART": "xc7z010clg400-1",
    "P7_HW_PREFLIGHT_LIVE_PART": "xc7z010",
    "P7_HW_PREFLIGHT_LIVE_DEVICE": "xc7z010_1",
    "P7_HW_PREFLIGHT_LIVE_IDCODE": "00010011011100100010000010010011",
    "P7_HW_PREFLIGHT_RESULT": "PASS"
  },
  "shutdown_before": {
    "name": "shutdown_before",
    "returncode": 0,
    "stdout_path": "C:\\Users\\user\\Documents\\RF_COMM_MULTILANE\\evidence\\hardware\\p7\\authorized_sequence\\p7_20260711_stationary_app_r8\\046_p7_fragment_boundary_432_l1\\p7_shutdown_before.stdout.log",
    "stderr_path": "C:\\Users\\user\\Documents\\RF_COMM_MULTILANE\\evidence\\hardware\\p7\\authorized_sequence\\p7_20260711_stationary_app_r8\\046_p7_fragment_boundary_432_l1\\p7_shutdown_before.stderr.log",
    "elapsed_seconds": 48.914665,
    "argv": [
      "D:\\Xilinx\\Vivado\\2023.1\\bin\\vivado.bat",
      "-mode",
      "batch",
      "-source",
      "C:\\Users\\user\\Documents\\RF_COMM_MULTILANE\\scripts\\hw\\p7_jtag_axi_transactions.tcl",
      "-tclargs",
      "C:\\Users\\user\\Documents\\RF_COMM_MULTILANE",
      "SHUTDOWN",
      "C:\\Users\\user\\Documents\\RF_COMM_MULTILANE\\.hardware_authorization\\p7_20260711_stationary_app_r8_046_p7_fragment_boundary_432_l1.txt",
      "210512180081",
      "xc7z010clg400-1",
      "localhost:3121/xilinx_tcf/Digilent/210512180081",
      "localhost:3121",
      "1000000",
      "C:\\Users\\user\\Documents\\RF_COMM_MULTILANE\\shutdown_bitstream\\tfdu_shutdown_j10_j11.bit",
      "-",
      "-",
      "C:\\Users\\user\\Documents\\RF_COMM_MULTILANE\\evidence\\hardware\\p7\\authorized_sequence\\p7_20260711_stationary_app_r8\\046_p7_fragment_boundary_432_l1\\p7_shutdown_before_result.txt",
      "0x43c00000",
      "1100000",
      "134217728",
      "550",
      "C:\\Users\\user\\Documents\\RF_COMM_MULTILANE\\shutdown_bitstream\\tfdu_shutdown_j10_j11.bit"
    ],
    "started_at_utc": "2026-07-11T09:59:03.358085+00:00",
    "ended_at_utc": "2026-07-11T09:59:52.272757+00:00",
    "timed_out": false,
    "abort_seen": false,
    "interrupted": false,
    "process_tree_terminated": false,
    "process_tree_reaped": true,
    "containment_kind": "WINDOWS_JOB_OBJECT_KILL_ON_CLOSE",
    "containment_assigned": true,
    "containment_closed": true,
    "descendant_count_after": 0,
    "expected_tool_daemon_grace_used": true,
    "expected_tool_daemon_grace_seconds": 30.0,
    "expected_tool_daemon_paths": [
      "D:\\Xilinx\\Vivado\\2023.1\\bin\\unwrapped\\win64.o\\cs_server.exe",
      "D:\\Xilinx\\Vivado\\2023.1\\bin\\unwrapped\\win64.o\\rdi_xsdb.exe",
      "C:\\Windows\\System32\\cmd.exe",
      "C:\\Windows\\System32\\conhost.exe"
    ],
    "descendant_paths_seen": [
      "D:\\Xilinx\\Vivado\\2023.1\\bin\\unwrapped\\win64.o\\rdi_xsdb.exe",
      "C:\\Windows\\System32\\conhost.exe",
      "C:\\Windows\\System32\\cmd.exe",
      "D:\\Xilinx\\Vivado\\2023.1\\bin\\unwrapped\\win64.o\\cs_server.exe",
      "D:\\Xilinx\\Vivado\\2023.1\\bin\\unwrapped\\win64.o\\cs_server.exe",
      "C:\\Windows\\System32\\conhost.exe"
    ],
    "descendant_processes_seen": [
      {
        "pid": 5192,
        "parent_pid": 11408,
        "parent_active_globally": true,
        "image_path": "D:\\Xilinx\\Vivado\\2023.1\\bin\\unwrapped\\win64.o\\rdi_xsdb.exe",
        "creation_time_100ns": 134282375533801144
      },
      {
        "pid": 7344,
        "parent_pid": 11408,
        "parent_active_globally": true,
        "image_path": "C:\\Windows\\System32\\conhost.exe",
        "creation_time_100ns": 134282375530230358
      },
      {
        "pid": 11408,
        "parent_pid": 3356,
        "parent_active_globally": false,
        "image_path": "C:\\Windows\\System32\\cmd.exe",
        "creation_time_100ns": 134282375530154643
      },
      {
        "pid": 17420,
        "parent_pid": 48988,
        "parent_active_globally": false,
        "image_path": "D:\\Xilinx\\Vivado\\2023.1\\bin\\unwrapped\\win64.o\\cs_server.exe",
        "creation_time_100ns": 134282375524732491
      },
      {
        "pid": 32300,
        "parent_pid": 17420,
        "parent_active_globally": true,
        "image_path": "D:\\Xilinx\\Vivado\\2023.1\\bin\\unwrapped\\win64.o\\cs_server.exe",
        "creation_time_100ns": 134282375525729294
      },
      {
        "pid": 35260,
        "parent_pid": 33268,
        "parent_active_globally": false,
        "image_path": "C:\\Windows\\System32\\conhost.exe",
        "creation_time_100ns": 134282375517351790
      }
    ],
    "expected_tool_daemon_classification": "EXACT_R2_VIVADO_EXIT_HELPER_FOREST",
    "expected_tool_daemon_topology_snapshots": [
      {
        "classification": "EXACT_R2_VIVADO_EXIT_HELPER_FOREST",
        "elapsed_seconds": 0.007837,
        "processes": [
          {
            "pid": 5192,
            "parent_pid": 11408,
            "parent_active_globally": true,
            "image_path": "D:\\Xilinx\\Vivado\\2023.1\\bin\\unwrapped\\win64.o\\rdi_xsdb.exe",
            "creation_time_100ns": 134282375533801144
          },
          {
            "pid": 7344,
            "parent_pid": 11408,
            "parent_active_globally": true,
            "image_path": "C:\\Windows\\System32\\conhost.exe",
            "creation_time_100ns": 134282375530230358
          },
          {
            "pid": 11408,
            "parent_pid": 3356,
            "parent_active_globally": false,
            "image_path": "C:\\Windows\\System32\\cmd.exe",
            "creation_time_100ns": 134282375530154643
          },
          {
            "pid": 17420,
            "parent_pid": 48988,
            "parent_active_globally": false,
            "image_path": "D:\\Xilinx\\Vivado\\2023.1\\bin\\unwrapped\\win64.o\\cs_server.exe",
            "creation_time_100ns": 134282375524732491
          },
          {
            "pid": 32300,
            "parent_pid": 17420,
            "parent_active_globally": true,
            "image_path": "D:\\Xilinx\\Vivado\\2023.1\\bin\\unwrapped\\win64.o\\cs_server.exe",
            "creation_time_100ns": 134282375525729294
          },
          {
            "pid": 35260,
            "parent_pid": 33268,
            "parent_active_globally": false,
            "image_path": "C:\\Windows\\System32\\conhost.exe",
            "creation_time_100ns": 134282375517351790
          }
        ]
      },
      {
        "classification": "STRICT_SHRINK_SUBSET_OF_EXACT_R2_VIVADO_EXIT_HELPER_FOREST",
        "elapsed_seconds": 19.217613,
        "processes": [
          {
            "pid": 17420,
            "parent_pid": 48988,
            "parent_active_globally": false,
            "image_path": "D:\\Xilinx\\Vivado\\2023.1\\bin\\unwrapped\\win64.o\\cs_server.exe",
            "creation_time_100ns": 134282375524732491
          },
          {
            "pid": 32300,
            "parent_pid": 17420,
            "parent_active_globally": true,
            "image_path": "D:\\Xilinx\\Vivado\\2023.1\\bin\\unwrapped\\win64.o\\cs_server.exe",
            "creation_time_100ns": 134282375525729294
          },
          {
            "pid": 35260,
            "parent_pid": 33268,
            "parent_active_globally": false,
            "image_path": "C:\\Windows\\System32\\conhost.exe",
            "creation_time_100ns": 134282375517351790
          }
        ]
      },
      {
        "classification": "EMPTY",
        "elapsed_seconds": 20.195106,
        "processes": []
      }
    ],
    "expected_tool_daemon_topology_revalidation_count": 185,
    "expected_tool_daemon_topology_monotonic": true,
    "expected_tool_daemon_topology_sample_elapsed_seconds": [
      5.7e-05,
      0.007837,
      0.118325,
      0.228093,
      0.338024,
      0.446375,
      0.554043,
      0.663619,
      0.772992,
      0.880793,
      0.990286,
      1.099983,
      1.208852,
      1.316601,
      1.426142,
      1.535255,
      1.644861,
      1.754813,
      1.863156,
      1.97293,
      2.083273,
      2.192956,
      2.300654,
      2.410759,
      2.519501,
      2.629039,
      2.738297,
      2.848142,
      2.955174,
      3.063809,
      3.173042,
      3.28242,
      3.391251,
      3.500086,
      3.609078,
      3.71812,
      3.826951,
      3.936554,
      4.046622,
      4.16,
      4.268944,
      4.378997,
      4.487351,
      4.595663,
      4.706133,
      4.816106,
      4.923679,
      5.032564,
      5.141398,
      5.249786,
      5.357772,
      5.467116,
      5.575978,
      5.682967,
      5.791617,
      5.900843,
      6.009569,
      6.117098,
      6.226816,
      6.336529,
      6.44419,
      6.553782,
      6.663206,
      6.771175,
      6.880496,
      6.989613,
      7.099116,
      7.205952,
      7.314522,
      7.423644,
      7.532916,
      7.642172,
      7.751081,
      7.861326,
      7.970824,
      8.08006,
      8.187313,
      8.296447,
      8.404048,
      8.513422,
      8.623202,
      8.732082,
      8.841354,
      8.9517,
      9.060355,
      9.168902,
      9.278232,
      9.388221,
      9.497454,
      9.60628,
      9.714253,
      9.824026,
      9.933177,
      10.040536,
      10.149831,
      10.259441,
      10.368954,
      10.478461,
      10.587702,
      10.697092,
      10.805745,
      10.91372,
      11.022682,
      11.132098,
      11.24181,
      11.349352,
      11.459139,
      11.568335,
      11.676557,
      11.786155,
      11.895148,
      12.004728,
      12.114061,
      12.22313,
      12.332171,
      12.441444,
      12.550735,
      12.659422,
      12.769246,
      12.878125,
      12.987533,
      13.097212,
      13.206163,
      13.31531,
      13.423781,
      13.533819,
      13.643097,
      13.751379,
      13.860656,
      13.97097,
      14.081027,
      14.191645,
      14.300828,
      14.410106,
      14.51898,
      14.628165,
      14.737559,
      14.846881,
      14.957415,
      15.065529,
      15.174675,
      15.283814,
      15.391857,
      15.500576,
      15.609646,
      15.718692,
      15.828365,
      15.937479,
      16.047368,
      16.160457,
      16.2701,
      16.379513,
      16.488437,
      16.598231,
      16.707651,
      16.816189,
      16.925142,
      17.033877,
      17.14397,
      17.253068,
      17.36255,
      17.471186,
      17.580301,
      17.689641,
      17.799603,
      17.906769,
      18.016275,
      18.125977,
      18.236027,
      18.345116,
      18.454905,
      18.562825,
      18.671653,
      18.780793,
      18.889442,
      18.99764,
      19.10759,
      19.217613,
      19.327574,
      19.435576,
      19.548851,
      19.657981,
      19.766681,
      19.875879,
      19.985049,
      20.094121,
      20.195106
    ],
    "expected_tool_daemon_topology_max_sample_gap_seconds": 0.113378,
    "expected_tool_daemon_grace_elapsed_seconds": 20.195126,
    "expected_tool_daemon_hashes_verified": true,
    "expected_tool_daemon_sha256_by_role": {
      "cs_server": "9bf0e15ffe162a96679c14b8117cf8ebe8a47b8032bee4ab8cb0317c112df536",
      "rdi_xsdb": "3193d8c4e7115e82e5b4ea6c2eb1aa8a7566bd5a9f9c78e9d901b9eab9d4ebfc",
      "cmd": "75320a519959cc6d089ea3eba33c38caccb7f138a025ea439bc9686cdb79ded4",
      "conhost": "a93cbb36b9c02364be6a72817174c46f94b66715549f279c6592ed659d237911"
    },
    "expected_tool_daemon_hash_error": "",
    "expected_tool_daemon_prelaunch_hashes_verified": true,
    "expected_tool_daemon_prelaunch_sha256_by_role": {
      "cs_server": "9bf0e15ffe162a96679c14b8117cf8ebe8a47b8032bee4ab8cb0317c112df536",
      "rdi_xsdb": "3193d8c4e7115e82e5b4ea6c2eb1aa8a7566bd5a9f9c78e9d901b9eab9d4ebfc",
      "cmd": "75320a519959cc6d089ea3eba33c38caccb7f138a025ea439bc9686cdb79ded4",
      "conhost": "a93cbb36b9c02364be6a72817174c46f94b66715549f279c6592ed659d237911"
    },
    "expected_tool_daemon_prelaunch_hash_error": "",
    "expected_tool_daemon_postexit_hashes_verified": true,
    "expected_tool_daemon_postexit_sha256_by_role": {
      "cs_server": "9bf0e15ffe162a96679c14b8117cf8ebe8a47b8032bee4ab8cb0317c112df536",
      "rdi_xsdb": "3193d8c4e7115e82e5b4ea6c2eb1aa8a7566bd5a9f9c78e9d901b9eab9d4ebfc",
      "cmd": "75320a519959cc6d089ea3eba33c38caccb7f138a025ea439bc9686cdb79ded4",
      "conhost": "a93cbb36b9c02364be6a72817174c46f94b66715549f279c6592ed659d237911"
    },
    "expected_tool_daemon_postexit_hash_error": "",
    "expected_tool_daemon_topology_error": "",
    "expected_tool_daemon_topology_terminal_empty": true,
    "process_identity_query_retry_count": 0,
    "process_exit_race_recheck_count": 0,
    "process_identity_query_transient_errors": [],
    "containment_cleanup_attempted": false,
    "containment_cleanup_terminated": false,
    "process_exit_race_rechecked": false,
    "process_identity_query_retried": false,
    "containment_query_error": "",
    "launch_error": "",
    "attempted": true,
    "programming_attempted": true,
    "result_file": "C:\\Users\\user\\Documents\\RF_COMM_MULTILANE\\evidence\\hardware\\p7\\authorized_sequence\\p7_20260711_stationary_app_r8\\046_p7_fragment_boundary_432_l1\\p7_shutdown_before_result.txt",
    "passed": true,
    "failures": []
  },
  "shutdown_after": {
    "name": "shutdown_after",
    "returncode": 0,
    "stdout_path": "C:\\Users\\user\\Documents\\RF_COMM_MULTILANE\\evidence\\hardware\\p7\\authorized_sequence\\p7_20260711_stationary_app_r8\\046_p7_fragment_boundary_432_l1\\p7_shutdown_after.stdout.log",
    "stderr_path": "C:\\Users\\user\\Documents\\RF_COMM_MULTILANE\\evidence\\hardware\\p7\\authorized_sequence\\p7_20260711_stationary_app_r8\\046_p7_fragment_boundary_432_l1\\p7_shutdown_after.stderr.log",
    "elapsed_seconds": 48.986619,
    "argv": [
      "D:\\Xilinx\\Vivado\\2023.1\\bin\\vivado.bat",
      "-mode",
      "batch",
      "-source",
      "C:\\Users\\user\\Documents\\RF_COMM_MULTILANE\\scripts\\hw\\p7_jtag_axi_transactions.tcl",
      "-tclargs",
      "C:\\Users\\user\\Documents\\RF_COMM_MULTILANE",
      "SHUTDOWN",
      "C:\\Users\\user\\Documents\\RF_COMM_MULTILANE\\.hardware_authorization\\p7_20260711_stationary_app_r8_046_p7_fragment_boundary_432_l1.txt",
      "210512180081",
      "xc7z010clg400-1",
      "localhost:3121/xilinx_tcf/Digilent/210512180081",
      "localhost:3121",
      "1000000",
      "C:\\Users\\user\\Documents\\RF_COMM_MULTILANE\\shutdown_bitstream\\tfdu_shutdown_j10_j11.bit",
      "-",
      "-",
      "C:\\Users\\user\\Documents\\RF_COMM_MULTILANE\\evidence\\hardware\\p7\\authorized_sequence\\p7_20260711_stationary_app_r8\\046_p7_fragment_boundary_432_l1\\p7_shutdown_after_result.txt",
      "0x43c00000",
      "1100000",
      "134217728",
      "550",
      "C:\\Users\\user\\Documents\\RF_COMM_MULTILANE\\shutdown_bitstream\\tfdu_shutdown_j10_j11.bit"
    ],
    "started_at_utc": "2026-07-11T10:00:45.207152+00:00",
    "ended_at_utc": "2026-07-11T10:01:34.193777+00:00",
    "timed_out": false,
    "abort_seen": false,
    "interrupted": false,
    "process_tree_terminated": false,
    "process_tree_reaped": true,
    "containment_kind": "WINDOWS_JOB_OBJECT_KILL_ON_CLOSE",
    "containment_assigned": true,
    "containment_closed": true,
    "descendant_count_after": 0,
    "expected_tool_daemon_grace_used": true,
    "expected_tool_daemon_grace_seconds": 30.0,
    "expected_tool_daemon_paths": [
      "D:\\Xilinx\\Vivado\\2023.1\\bin\\unwrapped\\win64.o\\cs_server.exe",
      "D:\\Xilinx\\Vivado\\2023.1\\bin\\unwrapped\\win64.o\\rdi_xsdb.exe",
      "C:\\Windows\\System32\\cmd.exe",
      "C:\\Windows\\System32\\conhost.exe"
    ],
    "descendant_paths_seen": [
      "D:\\Xilinx\\Vivado\\2023.1\\bin\\unwrapped\\win64.o\\rdi_xsdb.exe",
      "D:\\Xilinx\\Vivado\\2023.1\\bin\\unwrapped\\win64.o\\cs_server.exe",
      "C:\\Windows\\System32\\cmd.exe",
      "C:\\Windows\\System32\\conhost.exe",
      "D:\\Xilinx\\Vivado\\2023.1\\bin\\unwrapped\\win64.o\\cs_server.exe",
      "C:\\Windows\\System32\\conhost.exe"
    ],
    "descendant_processes_seen": [
      {
        "pid": 15900,
        "parent_pid": 22216,
        "parent_active_globally": true,
        "image_path": "D:\\Xilinx\\Vivado\\2023.1\\bin\\unwrapped\\win64.o\\rdi_xsdb.exe",
        "creation_time_100ns": 134282376551965494
      },
      {
        "pid": 20976,
        "parent_pid": 32020,
        "parent_active_globally": false,
        "image_path": "D:\\Xilinx\\Vivado\\2023.1\\bin\\unwrapped\\win64.o\\cs_server.exe",
        "creation_time_100ns": 134282376543252173
      },
      {
        "pid": 22216,
        "parent_pid": 24500,
        "parent_active_globally": false,
        "image_path": "C:\\Windows\\System32\\cmd.exe",
        "creation_time_100ns": 134282376548321575
      },
      {
        "pid": 43960,
        "parent_pid": 22216,
        "parent_active_globally": true,
        "image_path": "C:\\Windows\\System32\\conhost.exe",
        "creation_time_100ns": 134282376548382230
      },
      {
        "pid": 45788,
        "parent_pid": 20976,
        "parent_active_globally": true,
        "image_path": "D:\\Xilinx\\Vivado\\2023.1\\bin\\unwrapped\\win64.o\\cs_server.exe",
        "creation_time_100ns": 134282376544192181
      },
      {
        "pid": 47008,
        "parent_pid": 32324,
        "parent_active_globally": false,
        "image_path": "C:\\Windows\\System32\\conhost.exe",
        "creation_time_100ns": 134282376535525983
      }
    ],
    "expected_tool_daemon_classification": "EXACT_R2_VIVADO_EXIT_HELPER_FOREST",
    "expected_tool_daemon_topology_snapshots": [
      {
        "classification": "EXACT_R2_VIVADO_EXIT_HELPER_FOREST",
        "elapsed_seconds": 0.006007,
        "processes": [
          {
            "pid": 15900,
            "parent_pid": 22216,
            "parent_active_globally": true,
            "image_path": "D:\\Xilinx\\Vivado\\2023.1\\bin\\unwrapped\\win64.o\\rdi_xsdb.exe",
            "creation_time_100ns": 134282376551965494
          },
          {
            "pid": 20976,
            "parent_pid": 32020,
            "parent_active_globally": false,
            "image_path": "D:\\Xilinx\\Vivado\\2023.1\\bin\\unwrapped\\win64.o\\cs_server.exe",
            "creation_time_100ns": 134282376543252173
          },
          {
            "pid": 22216,
            "parent_pid": 24500,
            "parent_active_globally": false,
            "image_path": "C:\\Windows\\System32\\cmd.exe",
            "creation_time_100ns": 134282376548321575
          },
          {
            "pid": 43960,
            "parent_pid": 22216,
            "parent_active_globally": true,
            "image_path": "C:\\Windows\\System32\\conhost.exe",
            "creation_time_100ns": 134282376548382230
          },
          {
            "pid": 45788,
            "parent_pid": 20976,
            "parent_active_globally": true,
            "image_path": "D:\\Xilinx\\Vivado\\2023.1\\bin\\unwrapped\\win64.o\\cs_server.exe",
            "creation_time_100ns": 134282376544192181
          },
          {
            "pid": 47008,
            "parent_pid": 32324,
            "parent_active_globally": false,
            "image_path": "C:\\Windows\\System32\\conhost.exe",
            "creation_time_100ns": 134282376535525983
          }
        ]
      },
      {
        "classification": "STRICT_SHRINK_SUBSET_OF_EXACT_R2_VIVADO_EXIT_HELPER_FOREST",
        "elapsed_seconds": 20.007753,
        "processes": [
          {
            "pid": 20976,
            "parent_pid": 32020,
            "parent_active_globally": false,
            "image_path": "D:\\Xilinx\\Vivado\\2023.1\\bin\\unwrapped\\win64.o\\cs_server.exe",
            "creation_time_100ns": 134282376543252173
          },
          {
            "pid": 45788,
            "parent_pid": 20976,
            "parent_active_globally": true,
            "image_path": "D:\\Xilinx\\Vivado\\2023.1\\bin\\unwrapped\\win64.o\\cs_server.exe",
            "creation_time_100ns": 134282376544192181
          },
          {
            "pid": 47008,
            "parent_pid": 32324,
            "parent_active_globally": false,
            "image_path": "C:\\Windows\\System32\\conhost.exe",
            "creation_time_100ns": 134282376535525983
          }
        ]
      },
      {
        "classification": "STRICT_SHRINK_SUBSET_OF_EXACT_R2_VIVADO_EXIT_HELPER_FOREST",
        "elapsed_seconds": 20.116858,
        "processes": [
          {
            "pid": 20976,
            "parent_pid": 32020,
            "parent_active_globally": false,
            "image_path": "D:\\Xilinx\\Vivado\\2023.1\\bin\\unwrapped\\win64.o\\cs_server.exe",
            "creation_time_100ns": 134282376543252173
          },
          {
            "pid": 47008,
            "parent_pid": 32324,
            "parent_active_globally": false,
            "image_path": "C:\\Windows\\System32\\conhost.exe",
            "creation_time_100ns": 134282376535525983
          }
        ]
      },
      {
        "classification": "EMPTY",
        "elapsed_seconds": 20.167656,
        "processes": []
      }
    ],
    "expected_tool_daemon_topology_revalidation_count": 185,
    "expected_tool_daemon_topology_monotonic": true,
    "expected_tool_daemon_topology_sample_elapsed_seconds": [
      3.8e-05,
      0.006007,
      0.116176,
      0.233243,
      0.342259,
      0.449954,
      0.559249,
      0.668239,
      0.775738,
      0.885166,
      0.993618,
      1.102852,
      1.211244,
      1.319225,
      1.428254,
      1.537072,
      1.645923,
      1.755246,
      1.862904,
      1.972087,
      2.085513,
      2.195144,
      2.302812,
      2.412503,
      2.521987,
      2.630461,
      2.7396,
      2.848356,
      2.957725,
      3.066211,
      3.175348,
      3.28439,
      3.393597,
      3.502734,
      3.612105,
      3.721373,
      3.830229,
      3.938398,
      4.047647,
      4.156675,
      4.265965,
      4.376012,
      4.485439,
      4.594566,
      4.70426,
      4.813477,
      4.922713,
      5.031917,
      5.141326,
      5.2494,
      5.358576,
      5.468029,
      5.576654,
      5.685601,
      5.794863,
      5.904903,
      6.01242,
      6.121938,
      6.23074,
      6.337623,
      6.446596,
      6.554978,
      6.664443,
      6.772112,
      6.8815,
      6.990735,
      7.098719,
      7.208202,
      7.317641,
      7.426515,
      7.535738,
      7.644433,
      7.753662,
      7.862658,
      7.971266,
      8.080675,
      8.188128,
      8.297381,
      8.406919,
      8.51658,
      8.626787,
      8.736796,
      8.846141,
      8.954537,
      9.064461,
      9.173843,
      9.282944,
      9.391924,
      9.499851,
      9.607329,
      9.716128,
      9.825506,
      9.934618,
      10.044022,
      10.153111,
      10.262144,
      10.371283,
      10.488352,
      10.597173,
      10.706984,
      10.816583,
      10.925594,
      11.036127,
      11.145159,
      11.252116,
      11.361915,
      11.470582,
      11.578748,
      11.688471,
      11.798443,
      11.908776,
      12.016122,
      12.12596,
      12.23634,
      12.34394,
      12.453124,
      12.562153,
      12.671696,
      12.779975,
      12.889424,
      12.998971,
      13.10816,
      13.219347,
      13.328158,
      13.437899,
      13.546563,
      13.656541,
      13.766079,
      13.875959,
      13.985372,
      14.095081,
      14.208676,
      14.32226,
      14.431124,
      14.539192,
      14.648826,
      14.757259,
      14.866371,
      14.97608,
      15.0858,
      15.195511,
      15.305126,
      15.414762,
      15.524264,
      15.633861,
      15.743186,
      15.85685,
      15.964702,
      16.074971,
      16.184487,
      16.293015,
      16.40228,
      16.511773,
      16.62124,
      16.728289,
      16.837474,
      16.946384,
      17.055449,
      17.164674,
      17.273705,
      17.38354,
      17.49288,
      17.601824,
      17.709321,
      17.818943,
      17.928232,
      18.038436,
      18.148084,
      18.257165,
      18.366736,
      18.476295,
      18.586343,
      18.695786,
      18.805047,
      18.914699,
      19.024529,
      19.133702,
      19.242416,
      19.35178,
      19.462003,
      19.569427,
      19.679136,
      19.788726,
      19.898367,
      20.007753,
      20.116858,
      20.167656
    ],
    "expected_tool_daemon_topology_max_sample_gap_seconds": 0.117069,
    "expected_tool_daemon_grace_elapsed_seconds": 20.167671,
    "expected_tool_daemon_hashes_verified": true,
    "expected_tool_daemon_sha256_by_role": {
      "cs_server": "9bf0e15ffe162a96679c14b8117cf8ebe8a47b8032bee4ab8cb0317c112df536",
      "rdi_xsdb": "3193d8c4e7115e82e5b4ea6c2eb1aa8a7566bd5a9f9c78e9d901b9eab9d4ebfc",
      "cmd": "75320a519959cc6d089ea3eba33c38caccb7f138a025ea439bc9686cdb79ded4",
      "conhost": "a93cbb36b9c02364be6a72817174c46f94b66715549f279c6592ed659d237911"
    },
    "expected_tool_daemon_hash_error": "",
    "expected_tool_daemon_prelaunch_hashes_verified": true,
    "expected_tool_daemon_prelaunch_sha256_by_role": {
      "cs_server": "9bf0e15ffe162a96679c14b8117cf8ebe8a47b8032bee4ab8cb0317c112df536",
      "rdi_xsdb": "3193d8c4e7115e82e5b4ea6c2eb1aa8a7566bd5a9f9c78e9d901b9eab9d4ebfc",
      "cmd": "75320a519959cc6d089ea3eba33c38caccb7f138a025ea439bc9686cdb79ded4",
      "conhost": "a93cbb36b9c02364be6a72817174c46f94b66715549f279c6592ed659d237911"
    },
    "expected_tool_daemon_prelaunch_hash_error": "",
    "expected_tool_daemon_postexit_hashes_verified": true,
    "expected_tool_daemon_postexit_sha256_by_role": {
      "cs_server": "9bf0e15ffe162a96679c14b8117cf8ebe8a47b8032bee4ab8cb0317c112df536",
      "rdi_xsdb": "3193d8c4e7115e82e5b4ea6c2eb1aa8a7566bd5a9f9c78e9d901b9eab9d4ebfc",
      "cmd": "75320a519959cc6d089ea3eba33c38caccb7f138a025ea439bc9686cdb79ded4",
      "conhost": "a93cbb36b9c02364be6a72817174c46f94b66715549f279c6592ed659d237911"
    },
    "expected_tool_daemon_postexit_hash_error": "",
    "expected_tool_daemon_topology_error": "",
    "expected_tool_daemon_topology_terminal_empty": true,
    "process_identity_query_retry_count": 0,
    "process_exit_race_recheck_count": 0,
    "process_identity_query_transient_errors": [],
    "containment_cleanup_attempted": false,
    "containment_cleanup_terminated": false,
    "process_exit_race_rechecked": false,
    "process_identity_query_retried": false,
    "containment_query_error": "",
    "launch_error": "",
    "passed": true,
    "failures": [],
    "attempted": true,
    "programming_attempted": true,
    "result_file": "C:\\Users\\user\\Documents\\RF_COMM_MULTILANE\\evidence\\hardware\\p7\\authorized_sequence\\p7_20260711_stationary_app_r8\\046_p7_fragment_boundary_432_l1\\p7_shutdown_after_result.txt"
  },
  "tfdu_activity_semantics": "conservative_true_once_transmitting_candidate_command_is_launched",
  "stage_process": {
    "name": "jtag_axi_stage",
    "returncode": 0,
    "stdout_path": "C:\\Users\\user\\Documents\\RF_COMM_MULTILANE\\evidence\\hardware\\p7\\authorized_sequence\\p7_20260711_stationary_app_r8\\046_p7_fragment_boundary_432_l1\\p7_jtag_axi_stage.stdout.log",
    "stderr_path": "C:\\Users\\user\\Documents\\RF_COMM_MULTILANE\\evidence\\hardware\\p7\\authorized_sequence\\p7_20260711_stationary_app_r8\\046_p7_fragment_boundary_432_l1\\p7_jtag_axi_stage.stderr.log",
    "elapsed_seconds": 52.914215,
    "argv": [
      "D:\\Xilinx\\Vivado\\2023.1\\bin\\vivado.bat",
      "-mode",
      "batch",
      "-source",
      "C:\\Users\\user\\Documents\\RF_COMM_MULTILANE\\scripts\\hw\\p7_jtag_axi_transactions.tcl",
      "-tclargs",
      "C:\\Users\\user\\Documents\\RF_COMM_MULTILANE",
      "STAGE",
      "C:\\Users\\user\\Documents\\RF_COMM_MULTILANE\\.hardware_authorization\\p7_20260711_stationary_app_r8_046_p7_fragment_boundary_432_l1.txt",
      "210512180081",
      "xc7z010clg400-1",
      "localhost:3121/xilinx_tcf/Digilent/210512180081",
      "localhost:3121",
      "1000000",
      "C:\\Users\\user\\Documents\\RF_COMM_MULTILANE\\evidence\\hardware\\p6\\bitstreams\\p6_jtag_dynamic_transport_4830d547d6a667edda8deebae855c3a7154478e298efca70e2526e6f3570b23c.bit",
      "C:\\Users\\user\\Documents\\RF_COMM_MULTILANE\\evidence\\hardware\\p6\\bitstreams\\p6_jtag_dynamic_transport_76fe1ec47871946a7d357b0caa1f669500de827b796d6154dcc54678e0ac7083.ltx",
      "C:\\Users\\user\\Documents\\RF_COMM_MULTILANE\\build\\p7_authorized_sequence\\p7_20260711_stationary_app_r8\\transactions\\046_p7_fragment_boundary_432_l1.transactions.txt",
      "C:\\Users\\user\\Documents\\RF_COMM_MULTILANE\\evidence\\hardware\\p7\\authorized_sequence\\p7_20260711_stationary_app_r8\\046_p7_fragment_boundary_432_l1\\p7_jtag_axi_raw_result.txt",
      "0x43c00000",
      "1100000",
      "134217728",
      "550",
      "C:\\Users\\user\\Documents\\RF_COMM_MULTILANE\\shutdown_bitstream\\tfdu_shutdown_j10_j11.bit"
    ],
    "started_at_utc": "2026-07-11T09:59:52.281235+00:00",
    "ended_at_utc": "2026-07-11T10:00:45.195457+00:00",
    "timed_out": false,
    "abort_seen": false,
    "interrupted": false,
    "process_tree_terminated": false,
    "process_tree_reaped": true,
    "containment_kind": "WINDOWS_JOB_OBJECT_KILL_ON_CLOSE",
    "containment_assigned": true,
    "containment_closed": true,
    "descendant_count_after": 0,
    "expected_tool_daemon_grace_used": true,
    "expected_tool_daemon_grace_seconds": 30.0,
    "expected_tool_daemon_paths": [
      "D:\\Xilinx\\Vivado\\2023.1\\bin\\unwrapped\\win64.o\\cs_server.exe",
      "D:\\Xilinx\\Vivado\\2023.1\\bin\\unwrapped\\win64.o\\rdi_xsdb.exe",
      "C:\\Windows\\System32\\cmd.exe",
      "C:\\Windows\\System32\\conhost.exe"
    ],
    "descendant_paths_seen": [
      "D:\\Xilinx\\Vivado\\2023.1\\bin\\unwrapped\\win64.o\\rdi_xsdb.exe",
      "C:\\Windows\\System32\\conhost.exe",
      "C:\\Windows\\System32\\cmd.exe",
      "D:\\Xilinx\\Vivado\\2023.1\\bin\\unwrapped\\win64.o\\cs_server.exe",
      "D:\\Xilinx\\Vivado\\2023.1\\bin\\unwrapped\\win64.o\\cs_server.exe",
      "C:\\Windows\\System32\\conhost.exe"
    ],
    "descendant_processes_seen": [
      {
        "pid": 13500,
        "parent_pid": 16720,
        "parent_active_globally": true,
        "image_path": "D:\\Xilinx\\Vivado\\2023.1\\bin\\unwrapped\\win64.o\\rdi_xsdb.exe",
        "creation_time_100ns": 134282376023087041
      },
      {
        "pid": 14444,
        "parent_pid": 38732,
        "parent_active_globally": false,
        "image_path": "C:\\Windows\\System32\\conhost.exe",
        "creation_time_100ns": 134282376006276657
      },
      {
        "pid": 16720,
        "parent_pid": 36920,
        "parent_active_globally": false,
        "image_path": "C:\\Windows\\System32\\cmd.exe",
        "creation_time_100ns": 134282376019325324
      },
      {
        "pid": 23980,
        "parent_pid": 35260,
        "parent_active_globally": true,
        "image_path": "D:\\Xilinx\\Vivado\\2023.1\\bin\\unwrapped\\win64.o\\cs_server.exe",
        "creation_time_100ns": 134282376014792188
      },
      {
        "pid": 35260,
        "parent_pid": 35388,
        "parent_active_globally": false,
        "image_path": "D:\\Xilinx\\Vivado\\2023.1\\bin\\unwrapped\\win64.o\\cs_server.exe",
        "creation_time_100ns": 134282376013785020
      },
      {
        "pid": 36788,
        "parent_pid": 16720,
        "parent_active_globally": true,
        "image_path": "C:\\Windows\\System32\\conhost.exe",
        "creation_time_100ns": 134282376019480892
      }
    ],
    "expected_tool_daemon_classification": "EXACT_R2_VIVADO_EXIT_HELPER_FOREST",
    "expected_tool_daemon_topology_snapshots": [
      {
        "classification": "EXACT_R2_VIVADO_EXIT_HELPER_FOREST",
        "elapsed_seconds": 0.012733,
        "processes": [
          {
            "pid": 13500,
            "parent_pid": 16720,
            "parent_active_globally": true,
            "image_path": "D:\\Xilinx\\Vivado\\2023.1\\bin\\unwrapped\\win64.o\\rdi_xsdb.exe",
            "creation_time_100ns": 134282376023087041
          },
          {
            "pid": 14444,
            "parent_pid": 38732,
            "parent_active_globally": false,
            "image_path": "C:\\Windows\\System32\\conhost.exe",
            "creation_time_100ns": 134282376006276657
          },
          {
            "pid": 16720,
            "parent_pid": 36920,
            "parent_active_globally": false,
            "image_path": "C:\\Windows\\System32\\cmd.exe",
            "creation_time_100ns": 134282376019325324
          },
          {
            "pid": 23980,
            "parent_pid": 35260,
            "parent_active_globally": true,
            "image_path": "D:\\Xilinx\\Vivado\\2023.1\\bin\\unwrapped\\win64.o\\cs_server.exe",
            "creation_time_100ns": 134282376014792188
          },
          {
            "pid": 35260,
            "parent_pid": 35388,
            "parent_active_globally": false,
            "image_path": "D:\\Xilinx\\Vivado\\2023.1\\bin\\unwrapped\\win64.o\\cs_server.exe",
            "creation_time_100ns": 134282376013785020
          },
          {
            "pid": 36788,
            "parent_pid": 16720,
            "parent_active_globally": true,
            "image_path": "C:\\Windows\\System32\\conhost.exe",
            "creation_time_100ns": 134282376019480892
          }
        ]
      },
      {
        "classification": "STRICT_SHRINK_SUBSET_OF_EXACT_R2_VIVADO_EXIT_HELPER_FOREST",
        "elapsed_seconds": 19.532537,
        "processes": [
          {
            "pid": 14444,
            "parent_pid": 38732,
            "parent_active_globally": false,
            "image_path": "C:\\Windows\\System32\\conhost.exe",
            "creation_time_100ns": 134282376006276657
          },
          {
            "pid": 23980,
            "parent_pid": 35260,
            "parent_active_globally": true,
            "image_path": "D:\\Xilinx\\Vivado\\2023.1\\bin\\unwrapped\\win64.o\\cs_server.exe",
            "creation_time_100ns": 134282376014792188
          },
          {
            "pid": 35260,
            "parent_pid": 35388,
            "parent_active_globally": false,
            "image_path": "D:\\Xilinx\\Vivado\\2023.1\\bin\\unwrapped\\win64.o\\cs_server.exe",
            "creation_time_100ns": 134282376013785020
          }
        ]
      },
      {
        "classification": "EMPTY",
        "elapsed_seconds": 20.5652,
        "processes": []
      }
    ],
    "expected_tool_daemon_topology_revalidation_count": 188,
    "expected_tool_daemon_topology_monotonic": true,
    "expected_tool_daemon_topology_sample_elapsed_seconds": [
      5.9e-05,
      0.012733,
      0.122465,
      0.230331,
      0.339104,
      0.448204,
      0.556993,
      0.665979,
      0.775574,
      0.884649,
      0.993761,
      1.102342,
      1.211805,
      1.321168,
      1.430597,
      1.539684,
      1.649002,
      1.75806,
      1.867327,
      1.976452,
      2.086133,
      2.194668,
      2.304021,
      2.413187,
      2.522092,
      2.630539,
      2.739369,
      2.849148,
      2.958357,
      3.068358,
      3.177746,
      3.287004,
      3.397236,
      3.50639,
      3.615372,
      3.724503,
      3.83354,
      3.942577,
      4.051471,
      4.160213,
      4.268648,
      4.37878,
      4.486103,
      4.595781,
      4.70505,
      4.813435,
      4.922511,
      5.031568,
      5.14098,
      5.249304,
      5.358372,
      5.467302,
      5.576434,
      5.685442,
      5.794661,
      5.904464,
      6.013607,
      6.122226,
      6.231866,
      6.341299,
      6.44926,
      6.557985,
      6.667042,
      6.775832,
      6.88447,
      6.993803,
      7.103024,
      7.212117,
      7.321646,
      7.432028,
      7.542064,
      7.650409,
      7.76394,
      7.874083,
      7.981051,
      8.094593,
      8.204807,
      8.313273,
      8.427055,
      8.536904,
      8.646341,
      8.755325,
      8.86499,
      8.973899,
      9.082742,
      9.191701,
      9.30161,
      9.411196,
      9.519719,
      9.628709,
      9.73796,
      9.847876,
      9.956796,
      10.06623,
      10.176057,
      10.286046,
      10.395175,
      10.504968,
      10.613778,
      10.723745,
      10.833333,
      10.942458,
      11.052176,
      11.161285,
      11.268874,
      11.377927,
      11.487494,
      11.596898,
      11.705955,
      11.815274,
      11.924786,
      12.034063,
      12.142051,
      12.251765,
      12.360772,
      12.469406,
      12.578578,
      12.687201,
      12.796976,
      12.907833,
      13.017393,
      13.124968,
      13.23495,
      13.344254,
      13.454046,
      13.562638,
      13.672145,
      13.781239,
      13.889268,
      13.998445,
      14.107872,
      14.218501,
      14.327028,
      14.436113,
      14.545125,
      14.655554,
      14.767695,
      14.881707,
      14.991398,
      15.100181,
      15.20775,
      15.317587,
      15.426851,
      15.536014,
      15.64491,
      15.753333,
      15.862315,
      15.971675,
      16.080957,
      16.189757,
      16.299698,
      16.409426,
      16.517269,
      16.627512,
      16.737342,
      16.848579,
      16.957677,
      17.066958,
      17.176579,
      17.285838,
      17.395053,
      17.504043,
      17.612915,
      17.721885,
      17.831854,
      17.941543,
      18.050883,
      18.160434,
      18.269399,
      18.383026,
      18.492129,
      18.6013,
      18.710464,
      18.819188,
      18.926446,
      19.036905,
      19.146146,
      19.253889,
      19.363859,
      19.532537,
      19.639237,
      19.748688,
      19.859308,
      19.96865,
      20.078117,
      20.187786,
      20.295432,
      20.404689,
      20.51447,
      20.5652
    ],
    "expected_tool_daemon_topology_max_sample_gap_seconds": 0.168678,
    "expected_tool_daemon_grace_elapsed_seconds": 20.565234,
    "expected_tool_daemon_hashes_verified": true,
    "expected_tool_daemon_sha256_by_role": {
      "cs_server": "9bf0e15ffe162a96679c14b8117cf8ebe8a47b8032bee4ab8cb0317c112df536",
      "rdi_xsdb": "3193d8c4e7115e82e5b4ea6c2eb1aa8a7566bd5a9f9c78e9d901b9eab9d4ebfc",
      "cmd": "75320a519959cc6d089ea3eba33c38caccb7f138a025ea439bc9686cdb79ded4",
      "conhost": "a93cbb36b9c02364be6a72817174c46f94b66715549f279c6592ed659d237911"
    },
    "expected_tool_daemon_hash_error": "",
    "expected_tool_daemon_prelaunch_hashes_verified": true,
    "expected_tool_daemon_prelaunch_sha256_by_role": {
      "cs_server": "9bf0e15ffe162a96679c14b8117cf8ebe8a47b8032bee4ab8cb0317c112df536",
      "rdi_xsdb": "3193d8c4e7115e82e5b4ea6c2eb1aa8a7566bd5a9f9c78e9d901b9eab9d4ebfc",
      "cmd": "75320a519959cc6d089ea3eba33c38caccb7f138a025ea439bc9686cdb79ded4",
      "conhost": "a93cbb36b9c02364be6a72817174c46f94b66715549f279c6592ed659d237911"
    },
    "expected_tool_daemon_prelaunch_hash_error": "",
    "expected_tool_daemon_postexit_hashes_verified": true,
    "expected_tool_daemon_postexit_sha256_by_role": {
      "cs_server": "9bf0e15ffe162a96679c14b8117cf8ebe8a47b8032bee4ab8cb0317c112df536",
      "rdi_xsdb": "3193d8c4e7115e82e5b4ea6c2eb1aa8a7566bd5a9f9c78e9d901b9eab9d4ebfc",
      "cmd": "75320a519959cc6d089ea3eba33c38caccb7f138a025ea439bc9686cdb79ded4",
      "conhost": "a93cbb36b9c02364be6a72817174c46f94b66715549f279c6592ed659d237911"
    },
    "expected_tool_daemon_postexit_hash_error": "",
    "expected_tool_daemon_topology_error": "",
    "expected_tool_daemon_topology_terminal_empty": true,
    "process_identity_query_retry_count": 1,
    "process_exit_race_recheck_count": 1,
    "process_identity_query_transient_errors": [],
    "containment_cleanup_attempted": false,
    "containment_cleanup_terminated": false,
    "process_exit_race_rechecked": true,
    "process_identity_query_retried": true,
    "containment_query_error": "",
    "launch_error": "",
    "passed": true,
    "failures": [],
    "result_file": "C:\\Users\\user\\Documents\\RF_COMM_MULTILANE\\evidence\\hardware\\p7\\authorized_sequence\\p7_20260711_stationary_app_r8\\046_p7_fragment_boundary_432_l1\\p7_jtag_axi_raw_result.txt"
  },
  "stage_result_markers": {
    "P7_HW_TARGET": "localhost:3121/xilinx_tcf/Digilent/210512180081",
    "P7_HW_DEVICE": "xc7z010_1",
    "P7_HW_PART": "xc7z010clg400-1",
    "P7_HW_IDCODE": "00010011011100100010000010010011",
    "P7_HW_CANONICAL_PART": "xc7z010clg400-1",
    "P7_HW_LIVE_PART": "xc7z010",
    "P7_HW_LIVE_DEVICE": "xc7z010_1",
    "P7_HW_LIVE_IDCODE": "00010011011100100010000010010011",
    "P7_CANDIDATE_PROGRAMMED": "1",
    "P7_HW_AXI": "hw_axi_1",
    "P7_TXN_META_BACKEND": "p7_jtag_backend",
    "P7_TXN_META_LANE_POLICY": "LANE1_ONLY",
    "P7_BASE_TX_COUNT": "00000000",
    "P7_BASE_RX_GOOD_COUNT_L0": "00000000",
    "P7_BASE_RX_GOOD_COUNT_L1": "00000000",
    "P7_BASE_CRC_BAD": "00000000",
    "P7_BASE_PAYLOAD_MISMATCH": "00000000",
    "P7_BASE_RETRY_COUNT": "00000000",
    "P7_BASE_RETRY_EXHAUSTED": "00000000",
    "P7_BASE_TX_FAIL": "00000000",
    "P7_BASE_DUTY_VIOLATION": "00000000",
    "P7_BASE_RAW_TX_PULSES": "00000000",
    "P7_BASE_RAW_RX_PULSES": "00000000",
    "P7_BASE_FRAME_GOOD": "00000000",
    "P7_BASE_FRAME_BAD": "00000000",
    "P7_BASE_ACK_SENT": "00000000",
    "P7_BASE_ACK_SEEN": "00000000",
    "P7_BASE_TXD_HIGH_MAX": "00000000",
    "P7_BASE_ERROR_CODE": "00000000",
    "P7_BASE_STICKY_ERROR": "00000000",
    "P7F00000_TXW000": "50414652",
    "P7F00000_TXW001": "00200101",
    "P7F00000_TXW002": "5037002E",
    "P7F00000_TXW003": "0000002E",
    "P7F00000_TXW004": "000001B0",
    "P7F00000_TXW005": "00030000",
    "P7F00000_TXW006": "000000D7",
    "P7F00000_TXW007": "670AB359",
    "P7F00000_TXW008": "03020100",
    "P7F00000_TXW009": "07060504",
    "P7F00000_TXW010": "0B0A0908",
    "P7F00000_TXW011": "0F0E0D0C",
    "P7F00000_TXW012": "13121110",
    "P7F00000_TXW013": "17161514",
    "P7F00000_TXW014": "1B1A1918",
    "P7F00000_TXW015": "1F1E1D1C",
    "P7F00000_TXW016": "23222120",
    "P7F00000_TXW017": "27262524",
    "P7F00000_TXW018": "2B2A2928",
    "P7F00000_TXW019": "2F2E2D2C",
    "P7F00000_TXW020": "33323130",
    "P7F00000_TXW021": "37363534",
    "P7F00000_TXW022": "3B3A3938",
    "P7F00000_TXW023": "3F3E3D3C",
    "P7F00000_TXW024": "43424140",
    "P7F00000_TXW025": "47464544",
    "P7F00000_TXW026": "4B4A4948",
    "P7F00000_TXW027": "4F4E4D4C",
    "P7F00000_TXW028": "53525150",
    "P7F00000_TXW029": "57565554",
    "P7F00000_TXW030": "5B5A5958",
    "P7F00000_TXW031": "5F5E5D5C",
    "P7F00000_TXW032": "63626160",
    "P7F00000_TXW033": "67666564",
    "P7F00000_TXW034": "6B6A6968",
    "P7F00000_TXW035": "6F6E6D6C",
    "P7F00000_TXW036": "73727170",
    "P7F00000_TXW037": "77767574",
    "P7F00000_TXW038": "7B7A7978",
    "P7F00000_TXW039": "7F7E7D7C",
    "P7F00000_TXW040": "83828180",
    "P7F00000_TXW041": "87868584",
    "P7F00000_TXW042": "8B8A8988",
    "P7F00000_TXW043": "8F8E8D8C",
    "P7F00000_TXW044": "93929190",
    "P7F00000_TXW045": "97969594",
    "P7F00000_TXW046": "9B9A9998",
    "P7F00000_TXW047": "9F9E9D9C",
    "P7F00000_TXW048": "A3A2A1A0",
    "P7F00000_TXW049": "A7A6A5A4",
    "P7F00000_TXW050": "ABAAA9A8",
    "P7F00000_TXW051": "AFAEADAC",
    "P7F00000_TXW052": "B3B2B1B0",
    "P7F00000_TXW053": "B7B6B5B4",
    "P7F00000_TXW054": "BBBAB9B8",
    "P7F00000_TXW055": "BFBEBDBC",
    "P7F00000_TXW056": "C3C2C1C0",
    "P7F00000_TXW057": "C7C6C5C4",
    "P7F00000_TXW058": "CBCAC9C8",
    "P7F00000_TXW059": "CFCECDCC",
    "P7F00000_TXW060": "D3D2D1D0",
    "P7F00000_TXW061": "00D6D5D4",
    "P7F00000_COMMIT": "00000007",
    "P7F00000_COMMIT_POLLS": "1",
    "P7F00000_TX_CRC32": "A11D4A2F",
    "P7F00000_DONE": "00000017",
    "P7F00000_DONE_POLLS": "1",
    "P7F00000_STATUS": "00000017",
    "P7F00000_MAILBOX": "50364F4B",
    "P7F00000_RX_LEN": "000000F7",
    "P7F00000_RX_CRC32": "A11D4A2F",
    "P7F00000_RX_DIGEST": "A11D4A2F",
    "P7F00000_TX_COUNT": "00000001",
    "P7F00000_RX_GOOD_COUNT_L0": "00000000",
    "P7F00000_RX_GOOD_COUNT_L1": "00000001",
    "P7F00000_CRC_BAD": "00000000",
    "P7F00000_PAYLOAD_MISMATCH": "00000000",
    "P7F00000_RETRY_COUNT": "00000000",
    "P7F00000_RETRY_EXHAUSTED": "00000000",
    "P7F00000_TX_FAIL": "00000000",
    "P7F00000_DUTY_VIOLATION": "00000000",
    "P7F00000_RAW_TX_PULSES": "00000460",
    "P7F00000_RAW_RX_PULSES": "000008C0",
    "P7F00000_FRAME_GOOD": "00000001",
    "P7F00000_FRAME_BAD": "00000000",
    "P7F00000_ACK_SENT": "00000001",
    "P7F00000_ACK_SEEN": "00000001",
    "P7F00000_TXD_HIGH_MAX": "00000008",
    "P7F00000_ERROR_CODE": "00000000",
    "P7F00000_STICKY_ERROR": "00000000",
    "P7F00000_RXW000": "50414652",
    "P7F00000_RXW001": "00200101",
    "P7F00000_RXW002": "5037002E",
    "P7F00000_RXW003": "0000002E",
    "P7F00000_RXW004": "000001B0",
    "P7F00000_RXW005": "00030000",
    "P7F00000_RXW006": "000000D7",
    "P7F00000_RXW007": "670AB359",
    "P7F00000_RXW008": "03020100",
    "P7F00000_RXW009": "07060504",
    "P7F00000_RXW010": "0B0A0908",
    "P7F00000_RXW011": "0F0E0D0C",
    "P7F00000_RXW012": "13121110",
    "P7F00000_RXW013": "17161514",
    "P7F00000_RXW014": "1B1A1918",
    "P7F00000_RXW015": "1F1E1D1C",
    "P7F00000_RXW016": "23222120",
    "P7F00000_RXW017": "27262524",
    "P7F00000_RXW018": "2B2A2928",
    "P7F00000_RXW019": "2F2E2D2C",
    "P7F00000_RXW020": "33323130",
    "P7F00000_RXW021": "37363534",
    "P7F00000_RXW022": "3B3A3938",
    "P7F00000_RXW023": "3F3E3D3C",
    "P7F00000_RXW024": "43424140",
    "P7F00000_RXW025": "47464544",
    "P7F00000_RXW026": "4B4A4948",
    "P7F00000_RXW027": "4F4E4D4C",
    "P7F00000_RXW028": "53525150",
    "P7F00000_RXW029": "57565554",
    "P7F00000_RXW030": "5B5A5958",
    "P7F00000_RXW031": "5F5E5D5C",
    "P7F00000_RXW032": "63626160",
    "P7F00000_RXW033": "67666564",
    "P7F00000_RXW034": "6B6A6968",
    "P7F00000_RXW035": "6F6E6D6C",
    "P7F00000_RXW036": "73727170",
    "P7F00000_RXW037": "77767574",
    "P7F00000_RXW038": "7B7A7978",
    "P7F00000_RXW039": "7F7E7D7C",
    "P7F00000_RXW040": "83828180",
    "P7F00000_RXW041": "87868584",
    "P7F00000_RXW042": "8B8A8988",
    "P7F00000_RXW043": "8F8E8D8C",
    "P7F00000_RXW044": "93929190",
    "P7F00000_RXW045": "97969594",
    "P7F00000_RXW046": "9B9A9998",
    "P7F00000_RXW047": "9F9E9D9C",
    "P7F00000_RXW048": "A3A2A1A0",
    "P7F00000_RXW049": "A7A6A5A4",
    "P7F00000_RXW050": "ABAAA9A8",
    "P7F00000_RXW051": "AFAEADAC",
    "P7F00000_RXW052": "B3B2B1B0",
    "P7F00000_RXW053": "B7B6B5B4",
    "P7F00000_RXW054": "BBBAB9B8",
    "P7F00000_RXW055": "BFBEBDBC",
    "P7F00000_RXW056": "C3C2C1C0",
    "P7F00000_RXW057": "C7C6C5C4",
    "P7F00000_RXW058": "CBCAC9C8",
    "P7F00000_RXW059": "CFCECDCC",
    "P7F00000_RXW060": "D3D2D1D0",
    "P7F00000_RXW061": "00D6D5D4",
    "P7F00001_TXW000": "50414652",
    "P7F00001_TXW001": "00200001",
    "P7F00001_TXW002": "5037002E",
    "P7F00001_TXW003": "0000002E",
    "P7F00001_TXW004": "000001B0",
    "P7F00001_TXW005": "00030001",
    "P7F00001_TXW006": "000000D7",
    "P7F00001_TXW007": "670AB359",
    "P7F00001_TXW008": "DAD9D8D7",
    "P7F00001_TXW009": "DEDDDCDB",
    "P7F00001_TXW010": "E2E1E0DF",
    "P7F00001_TXW011": "E6E5E4E3",
    "P7F00001_TXW012": "EAE9E8E7",
    "P7F00001_TXW013": "EEEDECEB",
    "P7F00001_TXW014": "F2F1F0EF",
    "P7F00001_TXW015": "F6F5F4F3",
    "P7F00001_TXW016": "FAF9F8F7",
    "P7F00001_TXW017": "FEFDFCFB",
    "P7F00001_TXW018": "020100FF",
    "P7F00001_TXW019": "06050403",
    "P7F00001_TXW020": "0A090807",
    "P7F00001_TXW021": "0E0D0C0B",
    "P7F00001_TXW022": "1211100F",
    "P7F00001_TXW023": "16151413",
    "P7F00001_TXW024": "1A191817",
    "P7F00001_TXW025": "1E1D1C1B",
    "P7F00001_TXW026": "2221201F",
    "P7F00001_TXW027": "26252423",
    "P7F00001_TXW028": "2A292827",
    "P7F00001_TXW029": "2E2D2C2B",
    "P7F00001_TXW030": "3231302F",
    "P7F00001_TXW031": "36353433",
    "P7F00001_TXW032": "3A393837",
    "P7F00001_TXW033": "3E3D3C3B",
    "P7F00001_TXW034": "4241403F",
    "P7F00001_TXW035": "46454443",
    "P7F00001_TXW036": "4A494847",
    "P7F00001_TXW037": "4E4D4C4B",
    "P7F00001_TXW038": "5251504F",
    "P7F00001_TXW039": "56555453",
    "P7F00001_TXW040": "5A595857",
    "P7F00001_TXW041": "5E5D5C5B",
    "P7F00001_TXW042": "6261605F",
    "P7F00001_TXW043": "66656463",
    "P7F00001_TXW044": "6A696867",
    "P7F00001_TXW045": "6E6D6C6B",
    "P7F00001_TXW046": "7271706F",
    "P7F00001_TXW047": "76757473",
    "P7F00001_TXW048": "7A797877",
    "P7F00001_TXW049": "7E7D7C7B",
    "P7F00001_TXW050": "8281807F",
    "P7F00001_TXW051": "86858483",
    "P7F00001_TXW052": "8A898887",
    "P7F00001_TXW053": "8E8D8C8B",
    "P7F00001_TXW054": "9291908F",
    "P7F00001_TXW055": "96959493",
    "P7F00001_TXW056": "9A999897",
    "P7F00001_TXW057": "9E9D9C9B",
    "P7F00001_TXW058": "A2A1A09F",
    "P7F00001_TXW059": "A6A5A4A3",
    "P7F00001_TXW060": "AAA9A8A7",
    "P7F00001_TXW061": "00ADACAB",
    "P7F00001_COMMIT": "00000007",
    "P7F00001_COMMIT_POLLS": "1",
    "P7F00001_TX_CRC32": "D5A08989",
    "P7F00001_DONE": "00000017",
    "P7F00001_DONE_POLLS": "1",
    "P7F00001_STATUS": "00000017",
    "P7F00001_MAILBOX": "50364F4B",
    "P7F00001_RX_LEN": "000000F7",
    "P7F00001_RX_CRC32": "D5A08989",
    "P7F00001_RX_DIGEST": "D5A08989",
    "P7F00001_TX_COUNT": "00000002",
    "P7F00001_RX_GOOD_COUNT_L0": "00000000",
    "P7F00001_RX_GOOD_COUNT_L1": "00000002",
    "P7F00001_CRC_BAD": "00000000",
    "P7F00001_PAYLOAD_MISMATCH": "00000000",
    "P7F00001_RETRY_COUNT": "00000000",
    "P7F00001_RETRY_EXHAUSTED": "00000000",
    "P7F00001_TX_FAIL": "00000000",
    "P7F00001_DUTY_VIOLATION": "00000000",
    "P7F00001_RAW_TX_PULSES": "00000460",
    "P7F00001_RAW_RX_PULSES": "000008C0",
    "P7F00001_FRAME_GOOD": "00000002",
    "P7F00001_FRAME_BAD": "00000000",
    "P7F00001_ACK_SENT": "00000002",
    "P7F00001_ACK_SEEN": "00000002",
    "P7F00001_TXD_HIGH_MAX": "00000008",
    "P7F00001_ERROR_CODE": "00000000",
    "P7F00001_STICKY_ERROR": "00000000",
    "P7F00001_RXW000": "50414652",
    "P7F00001_RXW001": "00200001",
    "P7F00001_RXW002": "5037002E",
    "P7F00001_RXW003": "0000002E",
    "P7F00001_RXW004": "000001B0",
    "P7F00001_RXW005": "00030001",
    "P7F00001_RXW006": "000000D7",
    "P7F00001_RXW007": "670AB359",
    "P7F00001_RXW008": "DAD9D8D7",
    "P7F00001_RXW009": "DEDDDCDB",
    "P7F00001_RXW010": "E2E1E0DF",
    "P7F00001_RXW011": "E6E5E4E3",
    "P7F00001_RXW012": "EAE9E8E7",
    "P7F00001_RXW013": "EEEDECEB",
    "P7F00001_RXW014": "F2F1F0EF",
    "P7F00001_RXW015": "F6F5F4F3",
    "P7F00001_RXW016": "FAF9F8F7",
    "P7F00001_RXW017": "FEFDFCFB",
    "P7F00001_RXW018": "020100FF",
    "P7F00001_RXW019": "06050403",
    "P7F00001_RXW020": "0A090807",
    "P7F00001_RXW021": "0E0D0C0B",
    "P7F00001_RXW022": "1211100F",
    "P7F00001_RXW023": "16151413",
    "P7F00001_RXW024": "1A191817",
    "P7F00001_RXW025": "1E1D1C1B",
    "P7F00001_RXW026": "2221201F",
    "P7F00001_RXW027": "26252423",
    "P7F00001_RXW028": "2A292827",
    "P7F00001_RXW029": "2E2D2C2B",
    "P7F00001_RXW030": "3231302F",
    "P7F00001_RXW031": "36353433",
    "P7F00001_RXW032": "3A393837",
    "P7F00001_RXW033": "3E3D3C3B",
    "P7F00001_RXW034": "4241403F",
    "P7F00001_RXW035": "46454443",
    "P7F00001_RXW036": "4A494847",
    "P7F00001_RXW037": "4E4D4C4B",
    "P7F00001_RXW038": "5251504F",
    "P7F00001_RXW039": "56555453",
    "P7F00001_RXW040": "5A595857",
    "P7F00001_RXW041": "5E5D5C5B",
    "P7F00001_RXW042": "6261605F",
    "P7F00001_RXW043": "66656463",
    "P7F00001_RXW044": "6A696867",
    "P7F00001_RXW045": "6E6D6C6B",
    "P7F00001_RXW046": "7271706F",
    "P7F00001_RXW047": "76757473",
    "P7F00001_RXW048": "7A797877",
    "P7F00001_RXW049": "7E7D7C7B",
    "P7F00001_RXW050": "8281807F",
    "P7F00001_RXW051": "86858483",
    "P7F00001_RXW052": "8A898887",
    "P7F00001_RXW053": "8E8D8C8B",
    "P7F00001_RXW054": "9291908F",
    "P7F00001_RXW055": "96959493",
    "P7F00001_RXW056": "9A999897",
    "P7F00001_RXW057": "9E9D9C9B",
    "P7F00001_RXW058": "A2A1A09F",
    "P7F00001_RXW059": "A6A5A4A3",
    "P7F00001_RXW060": "AAA9A8A7",
    "P7F00001_RXW061": "00ADACAB",
    "P7F00002_TXW000": "50414652",
    "P7F00002_TXW001": "00200201",
    "P7F00002_TXW002": "5037002E",
    "P7F00002_TXW003": "0000002E",
    "P7F00002_TXW004": "000001B0",
    "P7F00002_TXW005": "00030002",
    "P7F00002_TXW006": "00000002",
    "P7F00002_TXW007": "670AB359",
    "P7F00002_TXW008": "0000AFAE",
    "P7F00002_COMMIT": "00000007",
    "P7F00002_COMMIT_POLLS": "1",
    "P7F00002_TX_CRC32": "87E29928",
    "P7F00002_DONE": "00000017",
    "P7F00002_DONE_POLLS": "1",
    "P7F00002_STATUS": "00000017",
    "P7F00002_MAILBOX": "50364F4B",
    "P7F00002_RX_LEN": "00000022",
    "P7F00002_RX_CRC32": "87E29928",
    "P7F00002_RX_DIGEST": "87E29928",
    "P7F00002_TX_COUNT": "00000003",
    "P7F00002_RX_GOOD_COUNT_L0": "00000000",
    "P7F00002_RX_GOOD_COUNT_L1": "00000003",
    "P7F00002_CRC_BAD": "00000000",
    "P7F00002_PAYLOAD_MISMATCH": "00000000",
    "P7F00002_RETRY_COUNT": "00000000",
    "P7F00002_RETRY_EXHAUSTED": "00000000",
    "P7F00002_TX_FAIL": "00000000",
    "P7F00002_DUTY_VIOLATION": "00000000",
    "P7F00002_RAW_TX_PULSES": "0000010C",
    "P7F00002_RAW_RX_PULSES": "00000218",
    "P7F00002_FRAME_GOOD": "00000003",
    "P7F00002_FRAME_BAD": "00000000",
    "P7F00002_ACK_SENT": "00000003",
    "P7F00002_ACK_SEEN": "00000003",
    "P7F00002_TXD_HIGH_MAX": "00000008",
    "P7F00002_ERROR_CODE": "00000000",
    "P7F00002_STICKY_ERROR": "00000000",
    "P7F00002_RXW000": "50414652",
    "P7F00002_RXW001": "00200201",
    "P7F00002_RXW002": "5037002E",
    "P7F00002_RXW003": "0000002E",
    "P7F00002_RXW004": "000001B0",
    "P7F00002_RXW005": "00030002",
    "P7F00002_RXW006": "00000002",
    "P7F00002_RXW007": "670AB359",
    "P7F00002_RXW008": "DAD9AFAE",
    "P7_FINAL_SHUTDOWN_REASON": "54464455",
    "P7_TCL_PROGRAMMING_ATTEMPTED": "1",
    "P7_TRANSACTION_COUNT": "523",
    "P7_JTAG_AXI_TRANSACTIONS": "PASS",
    "P7_JTAG_STAGE_RESULT": "PASS"
  },
  "child_reaped_before_shutdown_after": true,
  "backend_parse": {
    "passed": true,
    "semantic_mode": "rfap",
    "summary_file": "C:\\Users\\user\\Documents\\RF_COMM_MULTILANE\\evidence\\hardware\\p7\\authorized_sequence\\p7_20260711_stationary_app_r8\\046_p7_fragment_boundary_432_l1\\p7_jtag_backend_parse_summary.json",
    "summary_sha256": "e86538783c21d34ad4eb56810a20b57d4257b62ed0a7018e5f96c1bfed36cb70",
    "output_file": "C:\\Users\\user\\Documents\\RF_COMM_MULTILANE\\evidence\\hardware\\p7\\authorized_sequence\\p7_20260711_stationary_app_r8\\046_p7_fragment_boundary_432_l1\\p7_jtag_reassembled_output.bin",
    "output_sha256": "ce7b1c71b87a0ab700b2547140d15258be75b927600d784ecc071f119f790a69",
    "object_length": 432,
    "object_crc32": 1728754521,
    "object_sha256": "ce7b1c71b87a0ab700b2547140d15258be75b927600d784ecc071f119f790a69",
    "lane_policy": "LANE1_ONLY",
    "fragment_count": 3,
    "missing_fragments": 0,
    "duplicate_fragments": 0,
    "error_counter_increments": 0,
    "fragment_latency_upper_bound_us": {
      "sample_count": 3,
      "min": 2000,
      "mean": 2000.0,
      "p50": 2000,
      "p95": 2000,
      "p99": 2000,
      "max": 2000,
      "percentile_method": "nearest_rank",
      "semantics": "upper_bound",
      "source": "bounded_commit_plus_transfer_poll_counts_x_manifest_poll_period"
    },
    "object_transport_latency_upper_bound_us": 6000,
    "object_transport_latency_semantics": "sum_of_sequential_fragment_poll_upper_bounds",
    "poll_bound_application_goodput_lower_bound_bps": 576000,
    "poll_bound_goodput_semantics": "lower_bound_from_object_bytes_over_transport_latency_upper_bound",
    "host_end_to_end_elapsed_seconds": 52.914215,
    "host_end_to_end_goodput_bps": 65.313262,
    "host_end_to_end_time_source": "host_monotonic_child_process_elapsed",
    "host_end_to_end_semantics": "includes Vivado startup, FPGA programming, JTAG/AXI operations, polling, and host overhead; not optical-only fragment latency",
    "raw_log_bound_to_this_hardware_process": true
  },
  "internal_error": "",
  "stage_failures": [],
  "backend_parse_failure": "",
  "global_runtime": {
    "elapsed_seconds": 182.701541,
    "authorized_max_seconds": 960,
    "within_authorized_limit": true
  },
  "reason": "authorized direct JTAG/AXI stage, strict byte/counter parser, and both shutdown barriers passed"
}
