captured_ms|sequence|label|role|admission_snapshot_words_csv|ps_runtime_words_csv|pl_perf_snapshot_words_csv
1785978050128|1001|stream64_f2r_01|fixed|2,1378943233,16781056,6144380,6059009,6074628,6059009,6074628,6059009,5809,5787,5787,5787,0,0,739,0,178633152,178289600,4096,4096,0,0,5787,5787,358942252,358942593,358942260,358942601,0,0,0,0,0,0,0,0,4096,256,131072,4,15|4,0,67108864,262144,256,0,0,0,0,96,0,84,0,24,21,0,1,96,0|4,1071874073,0,5765856,0,0,0,0,0,6119902,0,21,0,320371698,0,320371698,0,2080,313570672,0,9673569,0,0,0,0,0
1785978050128|1001|stream64_f2r_01|rotating|2,1378943233,33558272,6239938,6152654,70882,0,70882,0,1502,0,751,0,0,0,5877,5877,4798072,4798072,4096,4096,0,0,751,751,345763194,345763194,345763202,345763202,0,0,0,0,0,0,0,0,4096,256,131072,4,15|4,0,67108864,262144,256,0,0,0,0,100,0,88,0,25,22,0,1,100,0|4,391816389,0,0,0,5767168,0,5767168,0,17815,0,0,22,0,0,0,0,0,0,0,6897027,0,0,0,0,0
1785978055135|1001|stream64_f2r_01|fixed|4,1378943233,16777471,12416044,12242382,12275038,12242382,12275038,12242382,11742,11698,11697,11697,0,0,1494,0,361067430,360364441,4096,4096,0,0,11698,11698,679237581,679237578,679237589,679237586,0,0,0,0,0,0,0,0,4096,256,131072,4,15|4,0,67108864,262144,256,0,0,0,0,188,0,176,0,47,44,0,1,188,0|6,1392615126,0,11597568,0,0,0,0,0,12309989,0,44,0,639654823,0,639654823,0,2080,630983087,0,12691046,0,0,0,0,0
1785978055135|1001|stream64_f2r_01|rotating|4,1378943233,33558272,12504343,12328896,142048,0,142048,0,3010,0,1505,0,0,0,11780,11780,9615384,9615384,4096,4096,0,0,1505,1505,665497529,665497529,665497537,665497537,0,0,0,0,0,0,0,0,4096,256,131072,4,15|4,0,67108864,262144,256,0,0,0,0,188,0,176,0,47,44,0,1,188,0|6,711863768,0,0,0,11534336,0,11534336,0,35630,0,0,44,0,0,0,0,0,0,0,6951740,0,0,0,0,0
1785978060149|1001|stream64_f2r_01|fixed|6,1378943233,16777471,18698964,18436933,18486508,18436933,18486508,18436933,17684,17618,17616,17616,0,0,2251,0,543781731,542702710,4096,4096,0,0,17617,17617,1000128363,1000128368,1000128371,1000128376,0,0,0,0,0,0,0,0,4096,256,131072,4,15|4,0,67108864,262144,256,0,0,0,0,276,0,264,0,69,66,0,1,276,0|8,1712585220,0,17412160,0,0,0,0,0,18489855,0,66,0,958171269,0,958171269,0,2080,947759846,0,15578403,0,0,0,0,0
1785978060149|1001|stream64_f2r_01|rotating|6,1378943233,33558272,18773815,18511175,213308,0,213308,0,4520,0,2260,0,0,0,17687,17687,14439016,14439016,4096,4096,0,0,2260,2260,985662781,985662781,985662789,985662789,0,0,0,0,0,0,0,0,4096,256,131072,4,15|4,0,67108864,262144,256,0,0,0,0,276,0,264,0,69,66,0,1,276,0|8,1032020980,0,0,0,17301504,0,17301504,0,53445,0,0,66,0,0,0,0,0,0,0,6999942,0,0,0,0,0
1785978065151|1001|stream64_f2r_01|fixed|8,1378943233,16781056,24969616,24621869,24685898,24621869,24685898,24621869,23613,23525,23524,23524,0,0,3006,0,726140504,724701968,4096,4096,0,0,23524,23524,1320259580,1320259929,1320259588,1320259937,0,0,0,0,0,0,0,0,4096,256,131072,4,15|4,0,67108864,262144,256,0,0,0,0,364,0,352,0,91,88,0,1,364,0|10,2033273774,0,23242560,0,0,0,0,0,24684799,0,88,0,1277402223,0,1277402223,0,2080,1265256241,0,18464026,0,0,0,0,0
1785978065151|1001|stream64_f2r_01|rotating|8,1378943233,33558272,25060186,24711364,284755,0,284755,0,6034,0,3017,0,0,0,23609,23609,19275400,19275400,4096,4096,0,0,3017,3017,1306685794,1306685794,1306685802,1306685802,0,0,0,0,0,0,0,0,4096,256,131072,4,15|4,0,67108864,262144,256,0,0,0,0,364,0,352,0,91,88,0,1,364,0|10,1352879693,0,0,0,23068672,0,23068672,0,71282,0,0,88,0,0,0,0,0,0,0,7039147,0,0,0,0,0
1785978070154|1001|stream64_f2r_01|fixed|10,1378943233,16777471,31243581,30809111,30888604,30809111,30888604,30809111,29545,29435,29433,29433,0,0,3761,0,908551254,906754425,4096,4096,0,0,29434,29434,1640512585,1640512566,1640512593,1640512574,0,0,0,0,0,0,0,0,4096,256,131072,4,15|4,0,67108864,262144,256,0,0,0,0,452,0,440,0,113,110,0,1,452,0|12,2353020009,0,29057152,0,0,0,0,0,30862531,0,110,0,1595694810,0,1595694810,0,2080,1581810660,0,21349864,0,0,0,0,0
1785978070154|1001|stream64_f2r_01|rotating|10,1378943233,33558272,31317595,30882268,355821,0,355821,0,7540,0,3770,0,0,0,29503,29503,24086288,24086288,4096,4096,0,0,3770,3770,1625989999,1625989999,1625990007,1625990007,0,0,0,0,0,0,0,0,4096,256,131072,4,15|5,0,67108864,262144,256,0,0,0,0,456,0,444,0,114,111,0,1,456,0|12,1672196316,0,0,0,29097984,0,29097984,0,89073,0,0,111,0,0,0,0,0,0,0,7086117,0,0,0,0,0
1785978075155|1001|stream64_f2r_01|fixed|12,1378943233,16781056,37513561,36991514,37087330,36991514,37087330,36991514,35473,35341,35340,35340,0,0,4516,0,1090875432,1088720768,4096,4096,0,0,35340,35340,1960566134,1960566459,1960566142,1960566467,0,0,0,0,0,0,0,0,4096,256,131072,4,15|4,0,67108864,262144,256,0,0,0,0,544,0,532,0,136,133,0,1,544,0|14,2674586247,0,34904672,0,0,0,0,0,37071622,0,133,0,1915799168,0,1915799168,0,2080,1900068602,0,24346441,0,0,0,0,0
1785978075155|1001|stream64_f2r_01|rotating|12,1378943233,33558272,37642070,37117833,427744,0,427744,0,9064,0,4532,0,0,0,35461,35461,28954712,28954712,4096,4096,0,0,4532,4532,1948945700,1948945700,1948945708,1948945708,0,0,0,0,0,0,0,0,4096,256,131072,4,15|4,0,67108864,262144,256,0,0,0,0,544,0,532,0,136,133,0,1,544,0|14,1995385589,0,0,0,34865152,0,34865152,0,107054,0,0,133,0,0,0,0,0,0,0,7126152,0,0,0,0,0
1785978080169|1001|stream64_f2r_01|fixed|14,1378943233,16777471,43799791,43189817,43302112,43189817,43302112,43189817,41417,41262,41260,41260,0,0,5273,0,1273625827,1271094550,4096,4096,0,0,41261,41261,2281504851,2281504848,2281504859,2281504856,0,0,0,0,0,0,0,0,4096,256,131072,4,15|4,0,67108864,262144,256,0,0,0,0,632,0,620,0,158,155,0,1,632,0|16,2994123035,0,40719264,0,0,0,0,0,43245165,0,155,0,2233882308,0,2233882308,0,2080,2216442575,0,27203278,0,0,0,0,0
1785978080169|1001|stream64_f2r_01|rotating|14,1378943233,33558272,43875277,43264432,498532,0,498532,0,10564,0,5282,0,0,0,41331,41331,33746408,33746408,4096,4096,0,0,5282,5282,2266931554,2266931554,2266931562,2266931562,0,0,0,0,0,0,0,0,4096,256,131072,4,15|4,0,67108864,262144,256,0,0,0,0,632,0,620,0,158,155,0,1,632,0|16,2313375687,0,0,0,40632320,0,40632320,0,124751,0,0,155,0,0,0,0,0,0,0,7170412,0,0,0,0,0
1785978085173|1001|stream64_f2r_01|fixed|16,1378943233,16777471,50074151,49377748,49505116,49377748,49505116,49377748,47349,47173,47170,47170,0,0,6029,0,1456055348,1453164247,4096,4096,0,0,47171,47171,2601746062,2601746043,2601746070,2601746051,0,0,0,0,0,0,0,0,4096,256,131072,4,15|4,0,67108864,262144,256,0,0,0,0,720,0,708,0,180,177,0,1,720,0|18,3314810592,0,46549664,0,0,0,0,0,49441360,0,177,0,2553112265,0,2553112265,0,2080,2533966925,0,30059949,0,0,0,0,0
1785978085173|1001|stream64_f2r_01|rotating|16,1378943233,33558272,50168120,49470692,570075,0,570075,0,12080,0,6040,0,0,0,47259,47259,38589200,38589200,4096,4096,0,0,6040,6040,2588355407,2588355407,2588355415,2588355415,0,0,0,0,0,0,0,0,4096,256,131072,4,15|4,0,67108864,262144,256,0,0,0,0,720,0,708,0,180,177,0,1,720,0|18,2634737222,0,0,0,46399488,0,46399488,0,142635,0,0,177,0,0,0,0,0,0,0,7207362,0,0,0,0,0
1785978090183|1001|stream64_f2r_01|fixed|18,1378943233,16777471,56355221,55571084,55714832,55571084,55714832,55571084,53293,53095,53093,53093,0,0,6785,0,1638872454,1635622633,4096,4096,0,0,53093,53093,2922653924,2922654257,2922653932,2922654265,0,0,0,0,0,0,0,0,4096,256,131072,4,15|4,0,67108864,262144,256,0,0,0,0,808,0,796,0,202,199,0,1,808,0|20,3635022386,0,52372160,0,0,0,0,0,55621175,0,199,0,2871868435,0,2871868435,0,2080,2851016005,0,32916406,0,0,0,0,0
1785978090183|1001|stream64_f2r_01|rotating|18,1378943233,33558272,56421951,55637070,641141,0,641141,0,13586,0,6793,0,0,0,53156,53156,43400032,43400032,4096,4096,0,0,6793,6793,2907630208,2907630208,2907630216,2907630216,0,0,0,0,0,0,0,0,4096,256,131072,4,15|4,0,67108864,262144,256,0,0,0,0,808,0,796,0,202,199,0,1,808,0|20,2954170830,0,0,0,52166656,0,52166656,0,160402,0,0,199,0,0,0,0,0,0,0,7254321,0,0,0,0,0
1785978095202|1001|stream64_f2r_01|fixed|20,1378943233,16777471,62638273,61767621,61926441,61767621,61926441,61767621,59239,59020,59016,59016,0,0,7542,0,1821725667,1818119054,4096,4096,0,0,59017,59017,3243630021,3243630026,3243630029,3243630034,0,0,0,0,0,0,0,0,4096,256,131072,4,15|4,0,67108864,262144,256,0,0,0,0,900,0,888,0,225,222,0,1,900,0|22,3956080540,0,58211776,0,0,0,0,0,61815791,0,222,0,3191466685,0,3191466685,0,2080,3168786512,0,35892613,0,0,0,0,0
1785978095202|1001|stream64_f2r_01|rotating|20,1378943233,33558272,62710785,61838419,712777,0,712777,0,15104,0,7552,0,0,0,59084,59084,48249272,48249272,4096,4096,0,0,7552,7552,3229276239,3229276239,3229276247,3229276247,0,0,0,0,0,0,0,0,4096,256,131072,4,15|4,0,67108864,262144,256,0,0,0,0,900,0,888,0,225,222,0,1,900,0|22,3277615785,0,0,0,58195968,0,58195968,0,178407,0,0,222,0,0,0,0,0,0,0,7290945,0,0,0,0,0
1785978100207|1001|stream64_f2r_01|fixed|22,1378943233,16781056,68911284,67953502,68128004,67953502,68128004,67953502,65175,64933,64930,64930,0,0,8299,0,2004259392,2000278072,4096,4096,0,0,64930,64930,3564171811,3564172160,3564171819,3564172168,0,0,0,0,0,0,0,0,4096,256,131072,4,15|4,0,67108864,262144,256,0,0,0,0,988,0,976,0,247,244,0,1,988,0|24,4276782497,0,64042176,0,0,0,0,0,68007683,0,244,0,3510711042,0,3510711042,0,2080,3486319129,0,38755417,0,0,0,0,0
1785978100207|1001|stream64_f2r_01|rotating|22,1378943233,33558272,69003685,68044891,784322,0,784322,0,16620,0,8310,0,0,0,65017,65017,53092104,53092104,4096,4096,0,0,8310,8310,3550706208,3550706208,3550706216,3550706216,0,0,0,0,0,0,0,0,4096,256,131072,4,15|4,0,67108864,262144,256,0,0,0,0,988,0,976,0,247,244,0,1,988,0|24,3596963294,0,0,0,63963136,0,63963136,0,196175,0,0,244,0,0,0,0,0,0,0,7333452,0,0,0,0,0
1785978108690|1002|stream64_f2r_02|fixed|26,1378943233,16777471,6146554,6061473,6076802,6061473,6076802,6061473,5812,5790,5789,5789,0,0,739,0,178696496,178353411,4096,4096,0,0,5790,5790,4106944929,4106944942,4106944937,4106944950,0,0,0,0,0,0,0,0,4096,256,131072,4,15|4,0,67108864,262144,256,0,0,0,0,96,0,84,0,24,21,0,1,96,0|32,524334571,1,5757952,0,0,0,0,0,6110998,0,21,0,319901275,0,319901275,0,2080,313123959,0,9648200,0,0,0,0,0
1785978108690|1002|stream64_f2r_02|rotating|26,1378943233,33558272,6221015,6134353,70598,0,70598,0,1496,0,748,0,0,0,5859,5859,4778928,4778928,4096,4096,0,0,748,748,4092221992,4092221992,4092222000,4092222000,0,0,0,0,0,0,0,0,4096,256,131072,4,15|4,0,67108864,262144,256,0,0,0,0,100,0,88,0,25,22,0,1,100,0|32,4138848102,0,0,0,5767168,0,5767168,0,17768,0,0,22,0,0,0,0,0,0,0,6900394,0,0,0,0,0
1785978113698|1002|stream64_f2r_02|fixed|28,1378943233,16780339,12422755,12249131,12281654,12249131,12281654,12249131,11748,11704,11703,11704,0,0,1495,0,361258488,360557563,4096,4096,0,0,11704,11704,132454382,132452811,132454390,132452819,0,0,0,0,0,0,0,0,4096,256,131072,4,15|4,0,67108864,262144,256,0,0,0,0,188,0,176,0,47,44,0,1,188,0|34,845871721,1,11597568,0,0,0,0,0,12317338,0,44,0,639978521,0,639978521,0,2080,631357864,0,12640005,0,0,0,0,0
1785978113698|1002|stream64_f2r_02|rotating|28,1378943233,33558272,12514527,12339241,142143,0,142143,0,3012,0,1506,0,0,0,11790,11790,9621776,9621776,4096,4096,0,0,1506,1506,118810361,118810361,118810369,118810369,0,0,0,0,0,0,0,0,4096,256,131072,4,15|4,0,67108864,262144,256,0,0,0,0,188,0,176,0,47,44,0,1,188,0|34,165174744,1,0,0,11534336,0,11534336,0,35654,0,0,44,0,0,0,0,0,0,0,6951166,0,0,0,0,0
1785978118701|1002|stream64_f2r_02|fixed|30,1378943233,16777471,18698961,18437052,18486505,18437052,18486505,18437052,17683,17616,17615,17615,0,0,2251,0,543761295,542684882,4096,4096,0,0,17616,17616,452951610,452951607,452951618,452951615,0,0,0,0,0,0,0,0,4096,256,131072,4,15|4,0,67108864,262144,256,0,0,0,0,276,0,264,0,69,66,0,1,276,0|36,1165889312,1,17420064,0,0,0,0,0,18498773,0,66,0,958540488,0,958540488,0,2080,948204106,0,15505097,0,0,0,0,0
1785978118701|1002|stream64_f2r_02|rotating|30,1378943233,33558272,18779381,18516747,213308,0,213308,0,4520,0,2260,0,0,0,17691,17691,14439016,14439016,4096,4096,0,0,2260,2260,438523572,438523572,438523580,438523580,0,0,0,0,0,0,0,0,4096,256,131072,4,15|4,0,67108864,262144,256,0,0,0,0,276,0,264,0,69,66,0,1,276,0|36,485709282,1,0,0,17301504,0,17301504,0,53492,0,0,66,0,0,0,0,0,0,0,6998177,0,0,0,0,0
1785978123731|1002|stream64_f2r_02|fixed|32,1378943233,16777471,24999716,24651546,24715715,24651546,24715715,24651546,23641,23552,23551,23551,0,0,3009,0,726988745,725554528,4096,4096,0,0,23552,23552,774583075,774583088,774583083,774583048,0,0,0,0,0,0,0,0,4096,256,131072,4,15|4,0,67108864,262144,256,0,0,0,0,364,0,352,0,91,88,0,1,364,0|38,1487136380,1,23266272,0,0,0,0,0,24705182,0,88,0,1278326004,0,1278326004,0,2080,1266287857,0,18361320,0,0,0,0,0
1785978123731|1002|stream64_f2r_02|rotating|32,1378943233,33558272,25073913,24724857,284849,0,284849,0,6036,0,3018,0,0,0,23621,23621,19281784,19281784,4096,4096,0,0,3018,3018,759946967,759946967,759946975,759946975,0,0,0,0,0,0,0,0,4096,256,131072,4,15|4,0,67108864,262144,256,0,0,0,0,364,0,352,0,91,88,0,1,364,0|38,806353888,1,0,0,23068672,0,23068672,0,71329,0,0,88,0,0,0,0,0,0,0,7038431,0,0,0,0,0
1785978128738|1002|stream64_f2r_02|fixed|34,1378943233,16777471,31282927,30847829,30927480,30847829,30927480,30847829,29581,29470,29469,29469,0,0,3766,0,909663852,907870295,4096,4096,0,0,29470,29470,1095257346,1095257335,1095257354,1095257351,0,0,0,0,0,0,0,0,4096,256,131072,4,15|4,0,67108864,262144,256,0,0,0,0,452,0,440,0,113,110,0,1,452,0|40,1807694962,1,29096672,0,0,0,0,0,30899016,0,110,0,1597426986,0,1597426986,0,2048,1583677354,0,21223869,0,0,0,0,0
1785978128738|1002|stream64_f2r_02|rotating|34,1378943233,33558272,31347978,30911515,356199,0,356199,0,7548,0,3774,0,0,0,29530,29530,24111864,24111864,4096,4096,0,0,3774,3774,1080193352,1080193352,1080193360,1080193360,0,0,0,0,0,0,0,0,4096,256,131072,4,15|4,0,67108864,262144,256,0,0,0,0,456,0,444,0,114,111,0,1,456,0|40,1126587960,1,0,0,29097984,0,29097984,0,89144,0,0,111,0,0,0,0,0,0,0,7097477,0,0,0,0,0
1785978133749|1002|stream64_f2r_02|fixed|36,1378943233,16779383,37558784,37035963,37131987,37035963,37131987,37035963,35517,35383,35382,35382,0,0,4522,0,1092171632,1090001728,4096,4096,0,0,35383,35383,1415771218,1415771199,1415771194,1415771207,0,0,0,0,0,0,0,0,4096,256,131072,4,15|4,0,67108864,262144,256,0,0,0,0,544,0,532,0,136,133,0,1,544,0|42,2129279210,1,34944192,0,0,0,0,0,37108849,0,133,0,1917549354,0,1917549354,0,2080,1901956854,0,24216898,0,0,0,0,0
1785978133749|1002|stream64_f2r_02|rotating|36,1378943233,33558272,37652980,37129050,427839,0,427839,0,9066,0,4533,0,0,0,35470,35470,28961104,28961104,4096,4096,0,0,4533,4533,1402180021,1402180021,1402180029,1402180029,0,0,0,0,0,0,0,0,4096,256,131072,4,15|4,0,67108864,262144,256,0,0,0,0,544,0,532,0,136,133,0,1,544,0|42,1448388578,1,0,0,34865152,0,34865152,0,107054,0,0,133,0,0,0,0,0,0,0,7140453,0,0,0,0,0
1785978138753|1002|stream64_f2r_02|fixed|38,1378943233,16777471,43838253,43228559,43340101,43228559,43340101,43228559,41453,41299,41296,41296,0,0,5278,0,1274727800,1272197032,4096,4096,0,0,41297,41297,1736233727,1736233724,1736233703,1736233700,0,0,0,0,0,0,0,0,4096,256,131072,4,15|4,0,67108864,262144,256,0,0,0,0,632,0,620,0,158,155,0,1,632,0|44,2448681566,1,40750880,0,0,0,0,0,43279735,0,155,0,2235500038,0,2235500038,0,2080,2218193804,0,27076605,0,0,0,0,0
1785978138753|1002|stream64_f2r_02|rotating|38,1378943233,33558272,43905085,43294571,498909,0,498909,0,10572,0,5286,0,0,0,41359,41359,33771952,33771952,4096,4096,0,0,5286,5286,1721458080,1721458080,1721458088,1721458088,0,0,0,0,0,0,0,0,4096,256,131072,4,15|4,0,67108864,262144,256,0,0,0,0,632,0,620,0,158,155,0,1,632,0|44,1767635822,1,0,0,40632320,0,40632320,0,124821,0,0,155,0,0,0,0,0,0,0,7181721,0,0,0,0,0
1785978143765|1002|stream64_f2r_02|fixed|40,1378943233,16777471,50124423,49427158,49554916,49427158,49554916,49427158,47395,47220,47216,47216,0,0,6034,0,1457470487,1454583618,4096,4096,0,0,47217,47217,2057020737,2057020734,2057020745,2057020742,0,0,0,0,0,0,0,0,4096,256,131072,4,15|4,0,67108864,262144,256,0,0,0,0,720,0,708,0,180,177,0,1,720,0|46,2769532496,1,46589184,0,0,0,0,0,49479301,0,177,0,2554891392,0,2554891392,0,2080,2535881303,0,29933221,0,0,0,0,0
1785978143765|1002|stream64_f2r_02|rotating|40,1378943233,33558272,50193130,49495154,570262,0,570262,0,12084,0,6042,0,0,0,47281,47281,38601960,38601960,4096,4096,0,0,6042,6042,2042022321,2042022321,2042022329,2042022329,0,0,0,0,0,0,0,0,4096,256,131072,4,15|4,0,67108864,262144,256,0,0,0,0,720,0,708,0,180,177,0,1,720,0|46,2089205212,1,0,0,46399488,0,46399488,0,142729,0,0,177,0,0,0,0,0,0,0,7222785,0,0,0,0,0
1785978148773|1002|stream64_f2r_02|fixed|42,1378943233,16777471,56405504,55621513,55764644,55621513,55764644,55621513,53334,53137,53133,53133,0,0,6790,0,1640128562,1636882029,4096,4096,0,0,53134,53134,2377662894,2377662899,2377662902,2377662907,0,0,0,0,0,0,0,0,4096,256,131072,4,15|4,0,67108864,262144,256,0,0,0,0,808,0,796,0,202,199,0,1,808,0|48,3089736322,1,52411680,0,0,0,0,0,55664907,0,199,0,2873639594,0,2873639594,0,2069,2852913425,0,32798668,0,0,0,0,0
1785978148773|1002|stream64_f2r_02|rotating|42,1378943233,33558272,56470418,55685719,641610,0,641610,0,13596,0,6798,0,0,0,53195,53195,43432008,43432008,4096,4096,0,0,6798,6798,2362595431,2362595431,2362595439,2362595439,0,0,0,0,0,0,0,0,4096,256,131072,4,15|4,0,67108864,262144,256,0,0,0,0,812,0,800,0,203,200,0,1,812,0|48,2409622388,1,0,0,52428800,0,52428800,0,160568,0,0,200,0,0,0,0,0,0,0,7259972,0,0,0,0,0
1785978153781|1002|stream64_f2r_02|fixed|44,1378943233,16777471,62687432,61816717,61975129,61816717,61975129,61816717,59273,59054,59050,59050,0,0,7547,0,1822770144,1819165059,4096,4096,0,0,59051,59051,2698287582,2698287595,2698287590,2698287603,0,0,0,0,0,0,0,0,4096,256,131072,4,15|4,0,67108864,262144,256,0,0,0,0,900,0,888,0,225,222,0,1,900,0|50,3411463678,1,58259200,0,0,0,0,0,61878170,0,222,0,3193905070,0,3193905070,0,2080,3171329146,0,35798584,0,0,0,0,0
1785978153781|1002|stream64_f2r_02|rotating|44,1378943233,33558272,62835551,61962394,714007,0,714007,0,15130,0,7565,0,0,0,59190,59190,48332360,48332360,4096,4096,0,0,7565,7565,2687703319,2687703319,2687703327,2687703327,0,0,0,0,0,0,0,0,4096,256,131072,4,15|4,0,67108864,262144,256,0,0,0,0,900,0,888,0,225,222,0,1,900,0|50,2736889769,1,0,0,58195968,0,58195968,0,178760,0,0,222,0,0,0,0,0,0,0,7309050,0,0,0,0,0
1785978158803|1002|stream64_f2r_02|fixed|46,1378943233,16777471,68975377,68017159,68191624,68017159,68191624,68017159,65219,64978,64973,64973,0,0,8304,0,2005597830,2001616640,4096,4096,0,0,64974,64974,3019361715,3019361736,3019361723,3019361720,0,0,0,0,0,0,0,0,4096,256,131072,4,15|4,0,67108864,262144,256,0,0,0,0,988,0,976,0,247,244,0,1,988,0|52,3735728064,1,64152832,0,0,0,0,0,68143884,0,244,0,3516696048,0,3516696048,0,2080,3492416393,0,38666955,0,0,0,0,0
1785978158803|1002|stream64_f2r_02|rotating|46,1378943233,33558272,69137100,68177082,785546,0,785546,0,16646,0,8323,0,0,0,65125,65125,53175112,53175112,4096,4096,0,0,8323,8323,3009138854,3009138854,3009138862,3009138862,0,0,0,0,0,0,0,0,4096,256,131072,4,15|4,0,67108864,262144,256,0,0,0,0,992,0,980,0,248,245,0,1,992,0|52,3056329021,1,0,0,64225280,0,64225280,0,196551,0,0,245,0,0,0,0,0,0,0,7370166,0,0,0,0,0
1785978167448|1003|stream64_f2r_03|fixed|50,1378943233,16777471,6143494,6058236,6073742,6058236,6073742,6058236,5809,5787,5786,5786,0,0,739,0,178608080,178265427,4096,4096,0,0,5787,5787,3572630232,3572630229,3572630240,3572630237,0,0,0,0,0,0,0,0,4096,256,131072,4,15|4,0,67108864,262144,256,0,0,0,0,96,0,84,0,24,21,0,1,96,0|60,4284953901,1,5750048,0,0,0,0,0,6107564,0,21,0,319715951,0,319715951,0,2080,312936780,0,9648267,0,0,0,0,0
1785978167448|1003|stream64_f2r_03|rotating|50,1378943233,33558272,6220587,6133776,70598,0,70598,0,1496,0,748,0,0,0,5858,5858,4778928,4778928,4096,4096,0,0,748,748,3558062732,3558062732,3558062740,3558062740,0,0,0,0,0,0,0,0,4096,256,131072,4,15|4,0,67108864,262144,256,0,0,0,0,100,0,88,0,25,22,0,1,100,0|60,3604598311,1,0,0,5767168,0,5767168,0,17768,0,0,22,0,0,0,0,0,0,0,6890877,0,0,0,0,0
1785978172448|1003|stream64_f2r_03|fixed|52,1378943233,16777471,12413364,12240951,12272358,12240951,12272358,12240951,11740,11696,11695,11695,0,0,1494,0,361001506,360299365,4096,4096,0,0,11696,11696,3892821668,3892821665,3892821676,3892821673,0,0,0,0,0,0,0,0,4096,256,131072,4,15|4,0,67108864,262144,256,0,0,0,0,188,0,176,0,47,44,0,1,188,0|62,310002178,2,11567428,0,0,0,0,0,12283737,0,44,0,638277179,0,638277179,0,2080,629642053,0,12647685,0,0,0,0,0
1785978172448|1003|stream64_f2r_03|rotating|52,1378943233,33558272,12475921,12302060,141764,0,141764,0,3004,0,1502,0,0,0,11754,11754,9596192,9596192,4096,4096,0,0,1502,1502,3877906945,3877906945,3877906953,3877906953,0,0,0,0,0,0,0,0,4096,256,131072,4,15|4,0,67108864,262144,256,0,0,0,0,188,0,176,0,47,44,0,1,188,0|62,3924095526,1,0,0,11534336,0,11534336,0,35535,0,0,44,0,0,0,0,0,0,0,6931846,0,0,0,0,0
1785978177462|1003|stream64_f2r_03|fixed|54,1378943233,16777471,18694384,18434098,18481928,18434098,18481928,18434098,17680,17613,17612,17612,0,0,2251,0,543656997,542580064,4096,4096,0,0,17613,17613,4213585412,4213585433,4213585420,4213585441,0,0,0,0,0,0,0,0,4096,256,131072,4,15|4,0,67108864,262144,256,0,0,0,0,276,0,264,0,69,66,0,1,276,0|64,631689168,2,17420064,0,0,0,0,0,18497827,0,66,0,958501010,0,958501010,0,2080,948159419,0,15510215,0,0,0,0,0
1785978177462|1003|stream64_f2r_03|rotating|54,1378943233,33558272,18784067,18523071,213403,0,213403,0,4522,0,2261,0,0,0,17697,17697,14445416,14445416,4096,4096,0,0,2261,2261,4199766434,4199766434,4199766442,4199766442,0,0,0,0,0,0,0,0,4096,256,131072,4,15|4,0,67108864,262144,256,0,0,0,0,276,0,264,0,69,66,0,1,276,0|64,4246075038,1,0,0,17301504,0,17301504,0,53445,0,0,66,0,0,0,0,0,0,0,6983753,0,0,0,0,0
1785978182475|1003|stream64_f2r_03|fixed|56,1378943233,16777471,24979601,24632711,24695789,24632711,24695789,24632711,23623,23535,23533,23533,0,0,3007,0,726418112,724982611,4096,4096,0,0,23534,23534,239444135,239444116,239444127,239444124,0,0,0,0,0,0,0,0,4096,256,131072,4,15|4,0,67108864,262144,256,0,0,0,0,364,0,352,0,91,88,0,1,364,0|66,952850784,2,23258368,0,0,0,0,0,24702537,0,88,0,1278203050,0,1278203050,0,2080,1266152765,0,18371670,0,0,0,0,0
1785978182475|1003|stream64_f2r_03|rotating|56,1378943233,33558272,25074564,24726590,284849,0,284849,0,6036,0,3018,0,0,0,23622,23622,19281784,19281784,4096,4096,0,0,3018,3018,225797999,225797999,225798007,225798007,0,0,0,0,0,0,0,0,4096,256,131072,4,15|4,0,67108864,262144,256,0,0,0,0,364,0,352,0,91,88,0,1,364,0|66,272314172,2,0,0,23068672,0,23068672,0,71329,0,0,88,0,0,0,0,0,0,0,7028746,0,0,0,0,0
1785978187481|1003|stream64_f2r_03|fixed|58,1378943233,16781056,31281337,30846109,30925900,30846109,30925900,30846109,29579,29469,29468,29468,0,0,3765,0,909618480,907823936,4096,4096,0,0,29468,29468,561016783,561017116,561016791,561017124,0,0,0,0,0,0,0,0,4096,256,131072,4,15|4,0,67108864,262144,256,0,0,0,0,452,0,440,0,113,110,0,1,452,0|68,1273395600,2,29088768,0,0,0,0,0,30895920,0,110,0,1597290266,0,1597290266,0,2054,1583525521,0,21237194,0,0,0,0,0
1785978187481|1003|stream64_f2r_03|rotating|58,1378943233,33558272,31344769,30908064,356199,0,356199,0,7548,0,3774,0,0,0,29527,29527,24111864,24111864,4096,4096,0,0,3774,3774,546047354,546047354,546047362,546047362,0,0,0,0,0,0,0,0,4096,256,131072,4,15|4,0,67108864,262144,256,0,0,0,0,456,0,444,0,114,111,0,1,456,0|68,592517268,2,0,0,29097984,0,29097984,0,89168,0,0,111,0,0,0,0,0,0,0,7066994,0,0,0,0,0
1785978192492|1003|stream64_f2r_03|fixed|60,1378943233,16777471,37540965,37017588,37114452,37017588,37114452,37017588,35498,35366,35364,35364,0,0,4519,0,1091626560,1089473487,4096,4096,0,0,35365,35365,880553746,880553735,880553730,880553743,0,0,0,0,0,0,0,0,4096,256,131072,4,15|4,0,67108864,262144,256,0,0,0,0,544,0,532,0,136,133,0,1,544,0|70,1592872384,2,34896768,0,0,0,0,0,37064359,0,133,0,1915315050,0,1915315050,0,2080,1899692336,0,24236839,0,0,0,0,0
1785978192492|1003|stream64_f2r_03|rotating|60,1378943233,33558272,37629898,37105112,427554,0,427554,0,9060,0,4530,0,0,0,35448,35448,28941920,28941920,4096,4096,0,0,4530,4530,866751335,866751335,866751343,866751343,0,0,0,0,0,0,0,0,4096,256,131072,4,15|4,0,67108864,262144,256,0,0,0,0,544,0,532,0,136,133,0,1,544,0|70,913701490,2,0,0,34865152,0,34865152,0,107030,0,0,133,0,0,0,0,0,0,0,7117039,0,0,0,0,0
1785978197497|1003|stream64_f2r_03|fixed|62,1378943233,16777471,43838147,43226963,43339995,43226963,43339995,43226963,41452,41297,41295,41295,0,0,5278,0,1274695822,1272168673,4096,4096,0,0,41296,41296,1202035705,1202035702,1202035713,1202035710,0,0,0,0,0,0,0,0,4096,256,131072,4,15|4,0,67108864,262144,256,0,0,0,0,632,0,620,0,158,155,0,1,632,0|72,1914100646,2,40742976,0,0,0,0,0,43271297,0,155,0,2235081760,0,2235081760,0,2080,2217756918,0,27093425,0,0,0,0,0
1785978197497|1003|stream64_f2r_03|rotating|62,1378943233,33558272,43904652,43292768,498815,0,498815,0,10570,0,5285,0,0,0,41357,41357,33765552,33765552,4096,4096,0,0,5285,5285,1186885785,1186885785,1186885793,1186885793,0,0,0,0,0,0,0,0,4096,256,131072,4,15|4,0,67108864,262144,256,0,0,0,0,632,0,620,0,158,155,0,1,632,0|72,1233669685,2,0,0,40632320,0,40632320,0,124845,0,0,155,0,0,0,0,0,0,0,7170354,0,0,0,0,0
1785978202500|1003|stream64_f2r_03|fixed|64,1378943233,16781056,50089618,49392372,49520488,49392372,49520488,49392372,47361,47184,47183,47183,0,0,6030,0,1456445128,1453557960,4096,4096,0,0,47183,47183,1521094658,1521095015,1521094666,1521095023,0,0,0,0,0,0,0,0,4096,256,131072,4,15|4,0,67108864,262144,256,0,0,0,0,720,0,708,0,180,177,0,1,720,0|74,2233503383,2,46549664,0,0,0,0,0,49442343,0,177,0,2553032825,0,2553032825,0,2080,2533977326,0,29970055,0,0,0,0,0
1785978202500|1003|stream64_f2r_03|rotating|64,1378943233,33558272,50164718,49466731,569980,0,569980,0,12078,0,6039,0,0,0,47253,47253,38582816,38582816,4096,4096,0,0,6039,6039,1506610519,1506610519,1506610527,1506610527,0,0,0,0,0,0,0,0,4096,256,131072,4,15|4,0,67108864,262144,256,0,0,0,0,720,0,708,0,180,177,0,1,720,0|74,1552872034,2,0,0,46399488,0,46399488,0,142589,0,0,177,0,0,0,0,0,0,0,7220148,0,0,0,0,0
1785978207501|1003|stream64_f2r_03|fixed|66,1378943233,16777471,56362499,55579333,55722110,55579333,55722110,55579333,53294,53094,53092,53092,0,0,6785,0,1638869972,1635623576,4096,4096,0,0,53093,53093,1841341208,1841341245,1841341216,1841341205,0,0,0,0,0,0,0,0,4096,256,131072,4,15|4,0,67108864,262144,256,0,0,0,0,808,0,796,0,202,199,0,1,808,0|76,2553583222,2,52372160,0,0,0,0,0,55625844,0,199,0,2871657040,0,2871657040,0,2080,2850888002,0,32832961,0,0,0,0,0
1785978207501|1003|stream64_f2r_03|rotating|66,1378943233,33558272,56441997,55657909,641328,0,641328,0,13590,0,6795,0,0,0,53167,53167,43412832,43412832,4096,4096,0,0,6795,6795,1827181092,1827181092,1827181100,1827181100,0,0,0,0,0,0,0,0,4096,256,131072,4,15|5,0,67108864,262144,256,0,0,0,0,812,0,800,0,203,200,0,1,812,0|76,1874028109,2,0,0,52428800,0,52428800,0,160473,0,0,200,0,0,0,0,0,0,0,7265897,0,0,0,0,0
1785978212513|1003|stream64_f2r_03|fixed|68,1378943233,16777471,62647340,61778896,61935508,61778896,61935508,61778896,59236,59014,59013,59013,0,0,7542,0,1821611827,1818005198,4096,4096,0,0,59013,59013,2162130475,2162130784,2162130483,2162130792,0,0,0,0,0,0,0,0,4096,256,131072,4,15|4,0,67108864,262144,256,0,0,0,0,900,0,888,0,225,222,0,1,900,0|78,2874524096,2,58203872,0,0,0,0,0,61823527,0,222,0,3191139986,0,3191139986,0,2080,3168520942,0,35829734,0,0,0,0,0
1785978212513|1003|stream64_f2r_03|rotating|68,1378943233,33558272,62725927,61855940,712777,0,712777,0,15104,0,7552,0,0,0,59087,59087,48249272,48249272,4096,4096,0,0,7552,7552,2147988131,2147988131,2147988139,2147988139,0,0,0,0,0,0,0,0,4096,256,131072,4,15|4,0,67108864,262144,256,0,0,0,0,900,0,888,0,225,222,0,1,900,0|78,2194578478,2,0,0,58195968,0,58195968,0,178312,0,0,222,0,0,0,0,0,0,0,7307684,0,0,0,0,0
1785978217522|1003|stream64_f2r_03|fixed|70,1378943233,16781056,68921498,67964675,68138313,67964675,68138313,67964675,65169,64924,64923,64923,0,0,8298,0,2004044672,2000062296,4096,4096,0,0,64923,64923,2482510776,2482511101,2482510784,2482511109,0,0,0,0,0,0,0,0,4096,256,131072,4,15|4,0,67108864,262144,256,0,0,0,0,988,0,976,0,247,244,0,1,988,0|80,3194412054,2,64026368,0,0,0,0,0,68003047,0,244,0,3509572320,0,3509572320,0,2080,3485234253,0,38698124,0,0,0,0,0
1785978217522|1003|stream64_f2r_03|rotating|70,1378943233,33558272,68999635,68042017,784038,0,784038,0,16614,0,8307,0,0,0,64996,64996,53072968,53072968,4096,4096,0,0,8307,8307,2468134384,2468134384,2468134392,2468134392,0,0,0,0,0,0,0,0,4096,256,131072,4,15|4,0,67108864,262144,256,0,0,0,0,988,0,976,0,247,244,0,1,988,0|80,2514295652,2,0,0,63963136,0,63963136,0,196104,0,0,244,0,0,0,0,0,0,0,7357117,0,0,0,0,0
1785978225957|1004|stream64_f2r_04|fixed|74,1378943233,16777471,6135349,6050838,6065691,6050838,6065691,6050838,5806,5784,5783,5783,0,0,738,0,178537050,178193173,4096,4096,0,0,5784,5784,3022407084,3022407065,3022407092,3022407073,0,0,0,0,0,0,0,0,4096,256,131072,4,15|4,0,67108864,262144,256,0,0,0,0,96,0,84,0,24,21,0,1,96,0|88,3735547535,2,5765856,0,0,0,0,0,6114806,0,21,0,320406678,0,320406678,0,2080,313617159,0,9662069,0,0,0,0,0
1785978225957|1004|stream64_f2r_04|rotating|74,1378943233,33558272,6228412,6142046,70787,0,70787,0,1500,0,750,0,0,0,5871,5871,4791688,4791688,4096,4096,0,0,750,750,3008964290,3008964290,3008964298,3008964298,0,0,0,0,0,0,0,0,4096,256,131072,4,15|4,0,67108864,262144,256,0,0,0,0,100,0,88,0,25,22,0,1,100,0|88,3055409808,2,0,0,5767168,0,5767168,0,17815,0,0,22,0,0,0,0,0,0,0,6896178,0,0,0,0,0
1785978230958|1004|stream64_f2r_04|fixed|76,1378943233,16777471,12412718,12240214,12271522,12240214,12271522,12240214,11751,11708,11705,11705,0,0,1496,0,361322192,360603842,4096,4096,0,0,11706,11706,3343413704,3343413685,3343413672,3343413693,0,0,0,0,0,0,0,0,4096,256,131072,4,15|4,0,67108864,262144,256,0,0,0,0,188,0,176,0,47,44,0,1,188,0|90,4057392426,2,11613376,0,0,0,0,0,12321149,0,44,0,640789689,0,640789689,0,2080,632150591,0,12661809,0,0,0,0,0
1785978230958|1004|stream64_f2r_04|rotating|76,1378943233,33558272,12531992,12358071,142522,0,142522,0,3020,0,1510,0,0,0,11818,11818,9647304,9647304,4096,4096,0,0,1510,1510,3331259290,3331259290,3331259298,3331259298,0,0,0,0,0,0,0,0,4096,256,131072,4,15|4,0,67108864,262144,256,0,0,0,0,188,0,176,0,47,44,0,1,188,0|90,3378765271,2,0,0,11534336,0,11534336,0,35795,0,0,44,0,0,0,0,0,0,0,6942562,0,0,0,0,0
1785978235960|1004|stream64_f2r_04|fixed|78,1378943233,16781056,18659325,18400191,18447068,18400191,18447068,18400191,17663,17598,17596,17596,0,0,2248,0,543153520,542075968,4096,4096,0,0,17596,17596,3662599418,3662599735,3662599426,3662599743,0,0,0,0,0,0,0,0,4096,256,131072,4,15|4,0,67108864,262144,256,0,0,0,0,276,0,264,0,69,66,0,1,276,0|92,80335693,3,17396352,0,0,0,0,0,18455383,0,66,0,957254508,0,957254508,0,2080,946900550,0,15517551,0,0,0,0,0
1785978235960|1004|stream64_f2r_04|rotating|78,1378943233,33558272,18734673,18474774,213025,0,213025,0,4514,0,2257,0,0,0,17667,17667,14419848,14419848,4096,4096,0,0,2257,2257,3647954739,3647954739,3647954755,3647954755,0,0,0,0,0,0,0,0,4096,256,131072,4,15|4,0,67108864,262144,256,0,0,0,0,276,0,264,0,69,66,0,1,276,0|92,3694389094,2,0,0,17301504,0,17301504,0,53374,0,0,66,0,0,0,0,0,0,0,6991959,0,0,0,0,0
1785978240969|1004|stream64_f2r_04|fixed|80,1378943233,16777471,24933572,24588586,24649949,24588586,24649949,24588586,23602,23515,23512,23512,0,0,3005,0,725774792,724339162,4096,4096,0,0,23513,23513,3983199783,3983199780,3983199743,3983199788,0,0,0,0,0,0,0,0,4096,256,131072,4,15|4,0,67108864,262144,256,0,0,0,0,364,0,352,0,91,88,0,1,364,0|94,401699206,3,23242560,0,0,0,0,0,24657944,0,88,0,1277156469,0,1277156469,0,2080,1265091668,0,18382852,0,0,0,0,0
1785978240969|1004|stream64_f2r_04|rotating|80,1378943233,33558272,25023477,24677472,284568,0,284568,0,6030,0,3015,0,0,0,23597,23597,19262648,19262648,4096,4096,0,0,3015,3015,3969387235,3969387235,3969387243,3969387243,0,0,0,0,0,0,0,0,4096,256,131072,4,15|4,0,67108864,262144,256,0,0,0,0,364,0,352,0,91,88,0,1,364,0|94,4016364469,2,0,0,23068672,0,23068672,0,71282,0,0,88,0,0,0,0,0,0,0,7032667,0,0,0,0,0
1785978245972|1004|stream64_f2r_04|fixed|82,1378943233,16777471,31206260,30773364,30851378,30773364,30851378,30773364,29537,29429,29425,29425,0,0,3760,0,908311424,906515320,4096,4096,0,0,29426,29426,8664121,8664118,8664089,8664070,0,0,0,0,0,0,0,0,4096,256,131072,4,15|4,0,67108864,262144,256,0,0,0,0,452,0,440,0,113,110,0,1,452,0|96,721051584,3,29049248,0,0,0,0,0,30822372,0,110,0,1595057175,0,1595057175,0,2080,1581269781,0,21251418,0,0,0,0,0
1785978245972|1004|stream64_f2r_04|rotating|82,1378943233,33558272,31275168,30841429,355633,0,355633,0,7536,0,3768,0,0,0,29490,29490,24073496,24073496,4096,4096,0,0,3768,3768,4288674159,4288674159,4288674167,4288674167,0,0,0,0,0,0,0,0,4096,256,131072,4,15|5,0,67108864,262144,256,0,0,0,0,456,0,444,0,114,111,0,1,456,0|96,40951851,3,0,0,29097984,0,29097984,0,89073,0,0,111,0,0,0,0,0,0,0,7074882,0,0,0,0,0
1785978250980|1004|stream64_f2r_04|fixed|84,1378943233,16781056,37475385,36954945,37049154,36954945,37049154,36954945,35470,35340,35337,35337,0,0,4516,0,1090783856,1088627768,4096,4096,0,0,35337,35337,328963486,328963827,328963494,328963835,0,0,0,0,0,0,0,0,4096,256,131072,4,15|4,0,67108864,262144,256,0,0,0,0,540,0,532,0,136,133,0,1,544,0|98,1041314002,3,34873056,0,0,0,0,0,37000528,0,133,0,1913863641,0,1913863641,0,2080,1898241820,0,24230915,0,0,0,0,0
1785978250980|1004|stream64_f2r_04|rotating|84,1378943233,33558272,37548031,37026238,427081,0,427081,0,9050,0,4525,0,0,0,35405,35405,28909936,28909936,4096,4096,0,0,4525,4525,314496616,314496616,314496624,314496624,0,0,0,0,0,0,0,0,4096,256,131072,4,15|4,0,67108864,262144,256,0,0,0,0,544,0,532,0,136,133,0,1,544,0|98,360598654,3,0,0,34865152,0,34865152,0,106864,0,0,133,0,0,0,0,0,0,0,7119469,0,0,0,0,0
1785978255993|1004|stream64_f2r_04|fixed|86,1378943233,16781056,43756996,43149501,43259317,43149501,43259317,43149501,41415,41262,41259,41259,0,0,5273,0,1273583496,1271052488,4096,4096,0,0,41259,41259,649982111,649982436,649982119,649982444,0,0,0,0,0,0,0,0,4096,256,131072,4,15|4,0,67108864,262144,256,0,0,0,0,632,0,620,0,158,155,0,1,632,0|100,1362323973,3,40711360,0,0,0,0,0,43197037,0,155,0,2233414036,0,2233414036,0,2080,2216079985,0,27095906,0,0,0,0,0
1785978255993|1004|stream64_f2r_04|rotating|86,1378943233,33558272,43824853,43216596,498437,0,498437,0,10562,0,5281,0,0,0,41323,41323,33740032,33740032,4096,4096,0,0,5281,5281,635069262,635069262,635069270,635069270,0,0,0,0,0,0,0,0,4096,256,131072,4,15|4,0,67108864,262144,256,0,0,0,0,632,0,620,0,158,155,0,1,632,0|100,682119530,3,0,0,40632320,0,40632320,0,124751,0,0,155,0,0,0,0,0,0,0,7163152,0,0,0,0,0
1785978261022|1004|stream64_f2r_04|fixed|88,1378943233,16777471,50054798,49361167,49485479,49361167,49485479,49361167,47375,47200,47196,47196,0,0,6032,0,1456849546,1453958749,4096,4096,0,0,47197,47197,971704903,971704916,971704911,971704924,0,0,0,0,0,0,0,0,4096,256,131072,4,15|4,0,67108864,262144,256,0,0,0,0,720,0,708,0,180,177,0,1,720,0|102,1684833870,3,46573376,0,0,0,0,0,49423156,0,177,0,2554458429,0,2554458429,0,2080,2535417130,0,29961006,0,0,0,0,0
1785978261022|1004|stream64_f2r_04|rotating|88,1378943233,33558272,50148013,49453268,570356,0,570356,0,12086,0,6043,0,0,0,47284,47284,38608336,38608336,4096,4096,0,0,6043,6043,958220596,958220596,958220604,958220604,0,0,0,0,0,0,0,0,4096,256,131072,4,15|4,0,67108864,262144,256,0,0,0,0,720,0,708,0,180,177,0,1,720,0|102,1004739636,3,0,0,46399488,0,46399488,0,142706,0,0,177,0,0,0,0,0,0,0,7202531,0,0,0,0,0
1785978266034|1004|stream64_f2r_04|fixed|90,1378943233,16777471,56336116,55555345,55695349,55555345,55695349,55555345,53320,53123,53119,53119,0,0,6789,0,1639685227,1636434550,4096,4096,0,0,53120,53120,1292645492,1292645465,1292645500,1292645473,0,0,0,0,0,0,0,0,4096,256,131072,4,15|4,0,67108864,262144,256,0,0,0,0,808,0,796,0,202,199,0,1,808,0|104,2005263970,3,52403776,0,0,0,0,0,55607467,0,199,0,2873430929,0,2873430929,0,2054,2852690446,0,32811254,0,0,0,0,0
1785978266034|1004|stream64_f2r_04|rotating|90,1378943233,33558272,56423671,55641139,641800,0,641800,0,13600,0,6800,0,0,0,53201,53201,43444800,43444800,4096,4096,0,0,6800,6800,1278884451,1278884451,1278884459,1278884459,0,0,0,0,0,0,0,0,4096,256,131072,4,15|4,0,67108864,262144,256,0,0,0,0,812,0,800,0,203,200,0,1,812,0|104,1325163792,3,0,0,52428800,0,52428800,0,160544,0,0,200,0,0,0,0,0,0,0,7250468,0,0,0,0,0
1785978271038|1004|stream64_f2r_04|fixed|92,1378943233,16777471,62602656,61735835,61890636,61735835,61890636,61735835,59250,59031,59027,59027,0,0,7544,0,1822052271,1818441146,4096,4096,0,0,59028,59028,1612783564,1612783585,1612783572,1612783593,0,0,0,0,0,0,0,0,4096,256,131072,4,15|4,0,67108864,262144,256,0,0,0,0,900,0,888,0,225,222,0,1,900,0|106,2324931145,3,58219680,0,0,0,0,0,61774779,0,222,0,3191644128,0,3191644128,0,2080,3169056686,0,35801586,0,0,0,0,0
1785978271038|1004|stream64_f2r_04|rotating|92,1378943233,33558272,62686897,61818460,712966,0,712966,0,15108,0,7554,0,0,0,59106,59106,48262064,48262064,4096,4096,0,0,7554,7554,1598719565,1598719565,1598719573,1598719573,0,0,0,0,0,0,0,0,4096,256,131072,4,15|4,0,67108864,262144,256,0,0,0,0,900,0,888,0,225,222,0,1,900,0|106,1645475105,3,0,0,58195968,0,58195968,0,178383,0,0,222,0,0,0,0,0,0,0,7291454,0,0,0,0,0
1785978276044|1004|stream64_f2r_04|fixed|94,1378943233,16777471,68873802,67918954,68090427,67918954,68090427,67918954,65183,64941,64938,64938,0,0,8300,0,2004502142,2000515001,4096,4096,0,0,64938,64938,1933181237,1933181562,1933181245,1933181570,0,0,0,0,0,0,0,0,4096,256,131072,4,15|4,0,67108864,262144,256,0,0,0,0,988,0,976,0,247,244,0,1,988,0|108,2645677056,3,64050080,0,0,0,0,0,67967465,0,244,0,3510932439,0,3510932439,0,2080,3486633786,0,38663861,0,0,0,0,0
1785978276044|1004|stream64_f2r_04|rotating|94,1378943233,33557555,68948062,67992485,784224,0,784224,0,16618,0,8308,0,0,0,65008,65008,53081563,53081563,4096,4096,0,0,8309,8309,1918859585,1918859585,1918859593,1918859593,0,0,0,0,0,0,0,0,4096,256,131072,4,15|4,0,67108864,262144,256,0,0,0,0,988,0,976,0,247,244,0,1,988,0|108,1965015771,3,0,0,63963136,0,63963136,0,196151,0,0,244,0,0,0,0,0,0,0,7335769,0,0,0,0,0
1785978284647|1005|stream64_f2r_05|fixed|98,1378943233,16781056,6144702,6062830,6074950,6062830,6074950,6062830,5811,5789,5789,5789,0,0,739,0,178694256,178352032,4096,4096,0,0,5789,5789,2483769294,2483769619,2483769302,2483769627,0,0,0,0,0,0,0,0,4096,256,131072,4,15|4,0,67108864,262144,256,0,0,0,0,96,0,84,0,24,21,0,1,96,0|116,3196237893,3,5757952,0,0,0,0,0,6112840,0,21,0,319998679,0,319998679,0,2048,313215192,0,9654323,0,0,0,0,0
1785978284647|1005|stream64_f2r_05|rotating|98,1378943233,33558272,6216826,6133438,70598,0,70598,0,1496,0,748,0,0,0,5856,5856,4778928,4778928,4096,4096,0,0,748,748,2469070383,2469070383,2469070391,2469070391,0,0,0,0,0,0,0,0,4096,256,131072,4,15|4,0,67108864,262144,256,0,0,0,0,100,0,88,0,25,22,0,1,100,0|116,2515366546,3,0,0,5767168,0,5767168,0,17744,0,0,22,0,0,0,0,0,0,0,6884819,0,0,0,0,0
1785978289649|1005|stream64_f2r_05|fixed|100,1378943233,16777471,12428632,12258430,12287436,12258430,12287436,12258430,11756,11711,11711,11711,0,0,1496,0,361492193,360774180,4096,4096,0,0,11711,11711,2804785589,2804785914,2804785597,2804785922,0,0,0,0,0,0,0,0,4096,256,131072,4,15|4,0,67108864,262144,256,0,0,0,0,188,0,176,0,47,44,0,1,188,0|118,3517724960,3,11605472,0,0,0,0,0,12318286,0,44,0,640023866,0,640023866,0,2080,631399307,0,12645556,0,0,0,0,0
1785978289649|1005|stream64_f2r_05|rotating|100,1378943233,33558272,12526204,12354919,142333,0,142333,0,3016,0,1508,0,0,0,11803,11803,9634544,9634544,4096,4096,0,0,1508,1508,2791484993,2791484993,2791485001,2791485001,0,0,0,0,0,0,0,0,4096,256,131072,4,15|4,0,67108864,262144,256,0,0,0,0,188,0,176,0,47,44,0,1,188,0|118,2839656158,3,0,0,11534336,0,11534336,0,35795,0,0,44,0,0,0,0,0,0,0,6926609,0,0,0,0,0
1785978294664|1005|stream64_f2r_05|fixed|102,1378943233,16781056,18701685,18444992,18489134,18444992,18489134,18444992,17688,17621,17621,17621,0,0,2252,0,543924416,542847344,4096,4096,0,0,17621,17621,3125039235,3125039568,3125039243,3125039576,0,0,0,0,0,0,0,0,4096,256,131072,4,15|4,0,67108864,262144,256,0,0,0,0,276,0,264,0,69,66,0,1,276,0|120,3837213097,3,17412160,0,0,0,0,0,18489153,0,66,0,958060331,0,958060331,0,2080,947713301,0,15514000,0,0,0,0,0
1785978294664|1005|stream64_f2r_05|rotating|102,1378943233,33558272,18766473,18509146,213214,0,213214,0,4518,0,2259,0,0,0,17682,17682,14432616,14432616,4096,4096,0,0,2259,2259,3109912242,3109912242,3109912250,3109912250,0,0,0,0,0,0,0,0,4096,256,131072,4,15|4,0,67108864,262144,256,0,0,0,0,276,0,264,0,69,66,0,1,276,0|120,3156254231,3,0,0,17301504,0,17301504,0,53421,0,0,66,0,0,0,0,0,0,0,6961032,0,0,0,0,0
1785978299677|1005|stream64_f2r_05|fixed|104,1378943233,16781056,24988786,24643984,24704880,24643984,24704880,24643984,23632,23543,23543,23543,0,0,3008,0,726724560,725287928,4096,4096,0,0,23543,23543,3445922507,3445922840,3445922515,3445922848,0,0,0,0,0,0,0,0,4096,256,131072,4,15|4,0,67108864,262144,256,0,0,0,0,364,0,352,0,91,88,0,1,364,0|122,4158180870,3,23250464,0,0,0,0,0,24690183,0,88,0,1277568528,0,1277568528,0,2080,1265520871,0,18367388,0,0,0,0,0
1785978299677|1005|stream64_f2r_05|rotating|104,1378943233,33558272,25061080,24715372,284755,0,284755,0,6034,0,3017,0,0,0,23611,23611,19275400,19275400,4096,4096,0,0,3017,3017,3431332792,3431332792,3431332800,3431332800,0,0,0,0,0,0,0,0,4096,256,131072,4,15|4,0,67108864,262144,256,0,0,0,0,364,0,352,0,91,88,0,1,364,0|122,3478002869,3,0,0,23068672,0,23068672,0,71305,0,0,88,0,0,0,0,0,0,0,6997186,0,0,0,0,0
1785978304685|1005|stream64_f2r_05|fixed|106,1378943233,16777471,31269316,30837984,30914057,30837984,30914057,30837984,29570,29459,29458,29458,0,0,3764,0,909319240,907521803,4096,4096,0,0,29459,29459,3766460850,3766460839,3766460858,3766460847,0,0,0,0,0,0,0,0,4096,256,131072,4,15|4,0,67108864,262144,256,0,0,0,0,452,0,440,0,113,110,0,1,452,0|124,184019393,4,29088768,0,0,0,0,0,30889391,0,110,0,1596914771,0,1596914771,0,2080,1583166681,0,21220582,0,0,0,0,0
1785978304685|1005|stream64_f2r_05|rotating|106,1378943233,33558272,31338844,30906708,356009,0,356009,0,7544,0,3772,0,0,0,29524,29524,24099072,24099072,4096,4096,0,0,3772,3772,3751463874,3751463874,3751463882,3751463882,0,0,0,0,0,0,0,0,4096,256,131072,4,15|4,0,67108864,262144,256,0,0,0,0,456,0,444,0,114,111,0,1,456,0|124,3797966364,3,0,0,29097984,0,29097984,0,89120,0,0,111,0,0,0,0,0,0,0,7042800,0,0,0,0,0
1785978309692|1005|stream64_f2r_05|fixed|108,1378943233,16777471,37542674,37023806,37116067,37023806,37116067,37023806,35502,35369,35368,35368,0,0,4520,0,1091744182,1089587009,4096,4096,0,0,35369,35369,4086691479,4086691484,4086691487,4086691492,0,0,0,0,0,0,0,0,4096,256,131072,4,15|4,0,67108864,262144,256,0,0,0,0,544,0,532,0,136,133,0,1,544,0|126,504135264,4,34904672,0,0,0,0,0,37070282,0,133,0,1915576666,0,1915576666,0,2080,1899987507,0,24205024,0,0,0,0,0
1785978309692|1005|stream64_f2r_05|rotating|108,1378943233,33558272,37615817,37095492,427459,0,427459,0,9058,0,4529,0,0,0,35437,35437,28935520,28935520,4096,4096,0,0,4529,4529,4072258587,4072258587,4072258595,4072258595,0,0,0,0,0,0,0,0,4096,256,131072,4,15|4,0,67108864,262144,256,0,0,0,0,544,0,532,0,136,133,0,1,544,0|126,4118624283,3,0,0,34865152,0,34865152,0,106983,0,0,133,0,0,0,0,0,0,0,7094372,0,0,0,0,0
1785978314698|1005|stream64_f2r_05|fixed|110,1378943233,16777471,43819391,43212075,43321428,43212075,43321428,43212075,41436,41280,41279,41279,0,0,5276,0,1274218916,1271689023,4096,4096,0,0,41280,41280,112165146,112165151,112165154,112165159,0,0,0,0,0,0,0,0,4096,256,131072,4,15|4,0,67108864,262144,256,0,0,0,0,632,0,620,0,158,155,0,1,632,0|128,825357125,4,40750880,0,0,0,0,0,43276853,0,155,0,2235336975,0,2235336975,0,2080,2218048434,0,27058864,0,0,0,0,0
1785978314698|1005|stream64_f2r_05|rotating|110,1378943233,33558272,43927350,43318839,499099,0,499099,0,10576,0,5288,0,0,0,41381,41381,33784744,33784744,4096,4096,0,0,5288,5288,99142079,99142079,99142087,99142087,0,0,0,0,0,0,0,0,4096,256,131072,4,15|4,0,67108864,262144,256,0,0,0,0,632,0,620,0,158,155,0,1,632,0|128,146361513,4,0,0,40632320,0,40632320,0,124939,0,0,155,0,0,0,0,0,0,0,7133931,0,0,0,0,0
1785978319707|1005|stream64_f2r_05|fixed|112,1378943233,16781056,50102588,49408777,49533269,49408777,49533269,49408777,47376,47198,47198,47198,0,0,6032,0,1456905568,1454016816,4096,4096,0,0,47198,47198,432845422,432845771,432845430,432845779,0,0,0,0,0,0,0,0,4096,256,131072,4,15|4,0,67108864,262144,256,0,0,0,0,720,0,708,0,180,177,0,1,720,0|130,1145075790,4,46565472,0,0,0,0,0,49454125,0,177,0,2553601992,0,2553601992,0,2080,2534604240,0,29915745,0,0,0,0,0
1785978319707|1005|stream64_f2r_05|rotating|112,1378943233,33558272,50171872,49477203,570075,0,570075,0,12080,0,6040,0,0,0,47263,47263,38589200,38589200,4096,4096,0,0,6040,6040,417987527,417987527,417987535,417987535,0,0,0,0,0,0,0,0,4096,256,131072,4,15|4,0,67108864,262144,256,0,0,0,0,720,0,708,0,180,177,0,1,720,0|130,464540233,4,0,0,46399488,0,46399488,0,142635,0,0,177,0,0,0,0,0,0,0,7181503,0,0,0,0,0
1785978324721|1005|stream64_f2r_05|fixed|114,1378943233,16777471,56384097,55603148,55743330,55603148,55743330,55603148,53322,53122,53121,53121,0,0,6789,0,1639746884,1636499584,4096,4096,0,0,53122,53122,753829820,753829865,753829836,753829825,0,0,0,0,0,0,0,0,4096,256,131072,4,15|4,0,67108864,262144,256,0,0,0,0,808,0,796,0,202,199,0,1,808,0|132,1466304446,4,52403776,0,0,0,0,0,55653860,0,199,0,2873371072,0,2873371072,0,2080,2852657091,0,32784735,0,0,0,0,0
1785978324721|1005|stream64_f2r_05|rotating|114,1378943233,33558272,56473703,55691260,641800,0,641800,0,13600,0,6800,0,0,0,53206,53206,43444800,43444800,4096,4096,0,0,6800,6800,739959432,739959432,739959440,739959440,0,0,0,0,0,0,0,0,4096,256,131072,4,15|4,0,67108864,262144,256,0,0,0,0,812,0,800,0,203,200,0,1,812,0|132,788095376,4,0,0,52428800,0,52428800,0,160639,0,0,200,0,0,0,0,0,0,0,7215351,0,0,0,0,0
1785978329723|1005|stream64_f2r_05|fixed|116,1378943233,16777471,62650764,61783309,61938744,61783309,61938744,61783309,59252,59030,59029,59029,0,0,7544,0,1822111929,1818505972,4096,4096,0,0,59030,59030,1073966218,1073966223,1073966226,1073966231,0,0,0,0,0,0,0,0,4096,256,131072,4,15|4,0,67108864,262144,256,0,0,0,0,900,0,888,0,225,222,0,1,900,0|134,1786560965,4,58227584,0,0,0,0,0,61832590,0,222,0,3192171639,0,3192171639,0,2080,3169612768,0,35774695,0,0,0,0,0
1785978329723|1005|stream64_f2r_05|rotating|116,1378943233,33558272,62740807,61871762,713060,0,713060,0,15110,0,7555,0,0,0,59114,59114,48268456,48268456,4096,4096,0,0,7555,7555,1060223956,1060223956,1060223964,1060223964,0,0,0,0,0,0,0,0,4096,256,131072,4,15|4,0,67108864,262144,256,0,0,0,0,900,0,888,0,225,222,0,1,900,0|134,1108270049,4,0,0,58195968,0,58195968,0,178478,0,0,222,0,0,0,0,0,0,0,7267566,0,0,0,0,0
1785978334732|1005|stream64_f2r_05|fixed|118,1378943233,16777471,68922166,67964872,68138791,67964872,68138791,67964872,65185,64940,64939,64939,0,0,8300,0,2004557879,2000576434,4096,4096,0,0,64940,64940,1394360878,1394360883,1394360886,1394360891,0,0,0,0,0,0,0,0,4096,256,131072,4,15|4,0,67108864,262144,256,0,0,0,0,988,0,976,0,247,244,0,1,988,0|136,2106849097,4,64050080,0,0,0,0,0,68015940,0,244,0,3511004147,0,3511004147,0,2080,3486729502,0,38639836,0,0,0,0,0
1785978334732|1005|stream64_f2r_05|rotating|118,1378943233,33558272,69019140,68061020,784416,0,784416,0,16622,0,8311,0,0,0,65031,65031,53098488,53098488,4096,4096,0,0,8311,8311,1380796733,1380796733,1380796741,1380796741,0,0,0,0,0,0,0,0,4096,256,131072,4,15|4,0,67108864,262144,256,0,0,0,0,988,0,976,0,247,244,0,1,988,0|136,1427920631,4,0,0,63963136,0,63963136,0,196245,0,0,244,0,0,0,0,0,0,0,7307516,0,0,0,0,0
1785978343149|1006|stream64_f2r_06|fixed|122,1378943233,16777471,6168627,6084175,6098595,6084175,6098595,6084175,5833,5811,5810,5810,0,0,742,0,179365946,179020957,4096,4096,0,0,5811,5811,1933112498,1933112511,1933112506,1933112519,0,0,0,0,0,0,0,0,4096,256,131072,4,15|4,0,67108864,262144,256,0,0,0,0,100,0,88,0,25,22,0,1,100,0|144,2645553478,4,5775072,0,0,0,0,0,6132132,0,22,0,321135819,0,321135819,0,2080,314226578,0,9779110,0,0,0,0,0
1785978343149|1006|stream64_f2r_06|rotating|122,1378943233,33558272,6240850,6154896,70882,0,70882,0,1502,0,751,0,0,0,5878,5878,4798072,4798072,4096,4096,0,0,751,751,1918656559,1918656559,1918656567,1918656567,0,0,0,0,0,0,0,0,4096,256,131072,4,15|4,0,67108864,262144,256,0,0,0,0,100,0,88,0,25,22,0,1,100,0|144,1965195719,4,0,0,5767168,0,5767168,0,17838,0,0,22,0,0,0,0,0,0,0,6908160,0,0,0,0,0
1785978348149|1006|stream64_f2r_06|fixed|124,1378943233,16777471,12435707,12263726,12294417,12263726,12294417,12263726,11763,11718,11717,11717,0,0,1497,0,361682616,360963063,4096,4096,0,0,11718,11718,2253283232,2253283213,2253283208,2253283221,0,0,0,0,0,0,0,0,4096,256,131072,4,15|4,0,67108864,262144,256,0,0,0,0,188,0,176,0,47,44,0,1,188,0|146,2964892699,4,11581760,0,0,0,0,0,12298881,0,44,0,639023368,0,639023368,0,2080,630412698,0,12626512,0,0,0,0,0
1785978348149|1006|stream64_f2r_06|rotating|124,1378943233,33558272,12516289,12343363,142238,0,142238,0,3014,0,1507,0,0,0,11793,11793,9628168,9628168,4096,4096,0,0,1507,1507,2239211619,2239211619,2239211627,2239211627,0,0,0,0,0,0,0,0,4096,256,131072,4,15|4,0,67108864,262144,256,0,0,0,0,188,0,176,0,47,44,0,1,188,0|146,2285846881,4,0,0,11534336,0,11534336,0,35677,0,0,44,0,0,0,0,0,0,0,6947032,0,0,0,0,0
1785978353160|1006|stream64_f2r_06|fixed|126,1378943233,16777471,18718203,18460122,18505462,18460122,18505462,18460122,17704,17637,17636,17636,0,0,2254,0,544389501,543310992,4096,4096,0,0,17637,17637,2574010891,2574010880,2574010899,2574010888,0,0,0,0,0,0,0,0,4096,256,131072,4,15|4,0,67108864,262144,256,0,0,0,0,276,0,264,0,69,66,0,1,276,0|148,3286412107,4,17432964,0,0,0,0,0,18509589,0,66,0,959079975,0,959079975,0,2080,948765431,0,15485814,0,0,0,0,0
1785978353160|1006|stream64_f2r_06|rotating|126,1378943233,33558272,18787191,18528448,213498,0,213498,0,4524,0,2262,0,0,0,17701,17701,14451808,14451808,4096,4096,0,0,2262,2262,2559348815,2559348815,2559348823,2559348823,0,0,0,0,0,0,0,0,4096,256,131072,4,15|4,0,67108864,262144,256,0,0,0,0,276,0,264,0,69,66,0,1,276,0|148,2605487461,4,0,0,17301504,0,17301504,0,53469,0,0,66,0,0,0,0,0,0,0,6994432,0,0,0,0,0
1785978358162|1006|stream64_f2r_06|fixed|128,1378943233,16781056,24990332,24644752,24706331,24644752,24706331,24644752,23633,23544,23544,23544,0,0,3009,0,726757760,725318712,4096,4096,0,0,23544,23544,2894131206,2894131531,2894131214,2894131539,0,0,0,0,0,0,0,0,4096,256,131072,4,15|4,0,67108864,262144,256,0,0,0,0,364,0,352,0,91,88,0,1,364,0|150,3606597052,4,23258368,0,0,0,0,0,24695467,0,88,0,1277808569,0,1277808569,0,2080,1265781794,0,18348139,0,0,0,0,0
1785978358162|1006|stream64_f2r_06|rotating|128,1378943233,33558272,25059395,24712977,284755,0,284755,0,6034,0,3017,0,0,0,23609,23609,19275400,19275400,4096,4096,0,0,3017,3017,2879489010,2879489010,2879489018,2879489018,0,0,0,0,0,0,0,0,4096,256,131072,4,15|4,0,67108864,262144,256,0,0,0,0,364,0,352,0,91,88,0,1,364,0|150,2925914937,4,0,0,23068672,0,23068672,0,71305,0,0,88,0,0,0,0,0,0,0,7034037,0,0,0,0,0
1785978363168|1006|stream64_f2r_06|fixed|130,1378943233,16781056,31265064,30833216,30909805,30833216,30909805,30833216,29565,29454,29454,29454,0,0,3764,0,909187016,907389288,4096,4096,0,0,29454,29454,3214387554,3214387895,3214387562,3214387903,0,0,0,0,0,0,0,0,4096,256,131072,4,15|4,0,67108864,262144,256,0,0,0,0,452,0,440,0,113,110,0,1,452,0|152,3927751853,4,29096672,0,0,0,0,0,30901028,0,110,0,1597503794,0,1597503794,0,2080,1583758641,0,21219278,0,0,0,0,0
1785978363168|1006|stream64_f2r_06|rotating|130,1378943233,33558272,31356856,30923331,356293,0,356293,0,7550,0,3775,0,0,0,29540,29540,24118240,24118240,4096,4096,0,0,3775,3775,3200731616,3200731616,3200731632,3200731632,0,0,0,0,0,0,0,0,4096,256,131072,4,15|4,0,67108864,262144,256,0,0,0,0,456,0,444,0,114,111,0,1,456,0|152,3247175053,4,0,0,29097984,0,29097984,0,89191,0,0,111,0,0,0,0,0,0,0,7081494,0,0,0,0,0
1785978368181|1006|stream64_f2r_06|fixed|132,1378943233,16777471,37550017,37029774,37123410,37029774,37123410,37029774,35508,35375,35374,35374,0,0,4520,0,1091935184,1089776707,4096,4096,0,0,35375,35375,3535213130,3535213119,3535213106,3535213127,0,0,0,0,0,0,0,0,4096,256,131072,4,15|4,0,67108864,262144,256,0,0,0,0,544,0,532,0,136,133,0,1,544,0|154,4248096624,4,34920480,0,0,0,0,0,37086128,0,133,0,1916392613,0,1916392613,0,2080,1900789965,0,24221843,0,0,0,0,0
1785978368181|1006|stream64_f2r_06|rotating|132,1378943233,33558272,37637783,37115918,427649,0,427649,0,9062,0,4531,0,0,0,35456,35456,28948320,28948320,4096,4096,0,0,4531,4531,3521310436,3521310436,3521310444,3521310444,0,0,0,0,0,0,0,0,4096,256,131072,4,15|4,0,67108864,262144,256,0,0,0,0,544,0,532,0,136,133,0,1,544,0|154,3568580331,4,0,0,34865152,0,34865152,0,107077,0,0,133,0,0,0,0,0,0,0,7128624,0,0,0,0,0
1785978373190|1006|stream64_f2r_06|fixed|134,1378943233,16777471,43847782,43238482,43349535,43238482,43349535,43238482,41462,41307,41305,41305,0,0,5279,0,1275019720,1272485896,4096,4096,0,0,41306,41306,3856724311,3856724268,3856724287,3856724284,0,0,0,0,0,0,0,0,4096,256,131072,4,15|4,0,67108864,262144,256,0,0,0,0,632,0,620,0,158,155,0,1,632,0|156,274896651,5,40774592,0,0,0,0,0,43303109,0,155,0,2236696408,0,2236696408,0,2080,2219385091,0,27086667,0,0,0,0,0
1785978373190|1006|stream64_f2r_06|rotating|134,1378943233,33558272,43945185,43334789,499287,0,499287,0,10580,0,5290,0,0,0,41397,41397,33797512,33797512,4096,4096,0,0,5290,5290,3843172187,3843172187,3843172195,3843172195,0,0,0,0,0,0,0,0,4096,256,131072,4,15|4,0,67108864,262144,256,0,0,0,0,632,0,620,0,158,155,0,1,632,0|156,3889896841,4,0,0,40632320,0,40632320,0,124939,0,0,155,0,0,0,0,0,0,0,7174799,0,0,0,0,0
1785978378196|1006|stream64_f2r_06|fixed|136,1378943233,16777471,50111205,49415614,49541792,49415614,49541792,49415614,47383,47206,47204,47204,0,0,6033,0,1457113945,1454219240,4096,4096,0,0,47205,47205,4176391637,4176391650,4176391645,4176391618,0,0,0,0,0,0,0,0,4096,256,131072,4,15|4,0,67108864,262144,256,0,0,0,0,720,0,708,0,180,177,0,1,720,0|158,595627247,5,46604992,0,0,0,0,0,49500223,0,177,0,2555969404,0,2555969404,0,2080,2536940780,0,29955038,0,0,0,0,0
1785978378196|1006|stream64_f2r_06|rotating|136,1378943233,33558272,50222711,49525766,570636,0,570636,0,12092,0,6046,0,0,0,47309,47309,38627504,38627504,4096,4096,0,0,6046,6046,4163748231,4163748231,4163748239,4163748239,0,0,0,0,0,0,0,0,4096,256,131072,4,15|4,0,67108864,262144,256,0,0,0,0,720,0,708,0,180,177,0,1,720,0|158,4210066964,4,0,0,46399488,0,46399488,0,142753,0,0,177,0,0,0,0,0,0,0,7230387,0,0,0,0,0
1785978383211|1006|stream64_f2r_06|fixed|138,1378943233,16777471,56399775,55616620,55758915,55616620,55758915,55616620,53329,53130,53128,53128,0,0,6790,0,1639978992,1636723568,4096,4096,0,0,53129,53129,202424481,202424478,202424449,202424430,0,0,0,0,0,0,0,0,4096,256,131072,4,15|4,0,67108864,262144,256,0,0,0,0,808,0,796,0,202,199,0,1,808,0|160,915034130,5,52411680,0,0,0,0,0,55670479,0,199,0,2873924615,0,2873924615,0,2070,2853182136,0,32814866,0,0,0,0,0
1785978383211|1006|stream64_f2r_06|rotating|138,1378943233,33558272,56469971,55686056,641610,0,641610,0,13596,0,6798,0,0,0,53195,53195,43432008,43432008,4096,4096,0,0,6798,6798,187629333,187629333,187629341,187629341,0,0,0,0,0,0,0,0,4096,256,131072,4,15|5,0,67108864,262144,256,0,0,0,0,812,0,800,0,203,200,0,1,812,0|160,234055247,5,0,0,52428800,0,52428800,0,160521,0,0,200,0,0,0,0,0,0,0,7285165,0,0,0,0,0
1785978388213|1006|stream64_f2r_06|fixed|140,1378943233,16779383,62667251,61797378,61955231,61797378,61955231,61797378,59255,59033,59032,59032,0,0,7544,0,1822202030,1818588273,4096,4096,0,0,59033,59033,522328255,522328276,522328271,522328284,0,0,0,0,0,0,0,0,4096,256,131072,4,15|4,0,67108864,262144,256,0,0,0,0,900,0,888,0,225,222,0,1,900,0|162,1238053714,5,58282912,0,0,0,0,0,61909053,0,222,0,3195476391,0,3195476391,0,2080,3172889498,0,35814532,0,0,0,0,0
1785978388213|1006|stream64_f2r_06|rotating|140,1378943233,33558272,62816982,61944631,713818,0,713818,0,15126,0,7563,0,0,0,59172,59172,48319560,48319560,4096,4096,0,0,7563,7563,511877416,511877416,511877424,511877424,0,0,0,0,0,0,0,0,4096,256,131072,4,15|4,0,67108864,262144,256,0,0,0,0,900,0,888,0,225,222,0,1,900,0|162,558625389,5,0,0,58195968,0,58195968,0,178572,0,0,222,0,0,0,0,0,0,0,7339291,0,0,0,0,0
1785978393230|1006|stream64_f2r_06|fixed|142,1378943233,16777471,68957845,67999402,68174281,67999402,68174281,67999402,65202,64958,64956,64956,0,0,8302,0,2005083456,2001094400,4096,4096,0,0,64957,64957,843485200,843485197,843485184,843485165,0,0,0,0,0,0,0,0,4096,256,131072,4,15|4,0,67108864,262144,256,0,0,0,0,988,0,976,0,247,244,0,1,988,0|164,1556012491,5,64065888,0,0,0,0,0,68051705,0,244,0,3511989424,0,3511989424,0,2080,3487677939,0,38680006,0,0,0,0,0
1785978393230|1006|stream64_f2r_06|rotating|142,1378943233,33558272,69032035,68072765,784416,0,784416,0,16622,0,8311,0,0,0,65026,65026,53098488,53098488,4096,4096,0,0,8311,8311,829012386,829012386,829012394,829012394,0,0,0,0,0,0,0,0,4096,256,131072,4,15|4,0,67108864,262144,256,0,0,0,0,988,0,976,0,247,244,0,1,988,0|164,875458621,5,0,0,63963136,0,63963136,0,196222,0,0,244,0,0,0,0,0,0,0,7375771,0,0,0,0,0
1785978401632|1007|stream64_f2r_07|fixed|146,1378943233,16781056,6153320,6068863,6083474,6068863,6083474,6068863,5818,5796,5796,5796,0,0,740,0,178910336,178568280,4096,4096,0,0,5796,5796,1381223605,1381223946,1381223621,1381223954,0,0,0,0,0,0,0,0,4096,256,131072,4,15|4,0,67108864,262144,256,0,0,0,0,96,0,84,0,24,21,0,1,96,0|172,2093660010,5,5765856,0,0,0,0,0,6119494,0,21,0,320345960,0,320345960,0,2080,313558745,0,9659751,0,0,0,0,0
1785978401632|1007|stream64_f2r_07|rotating|146,1378943233,33558272,6225503,6139556,70692,0,70692,0,1498,0,749,0,0,0,5864,5864,4785304,4785304,4096,4096,0,0,749,749,1366708934,1366708934,1366708950,1366708950,0,0,0,0,0,0,0,0,4096,256,131072,4,15|4,0,67108864,262144,256,0,0,0,0,100,0,88,0,25,22,0,1,100,0|172,1413159946,5,0,0,5767168,0,5767168,0,17791,0,0,22,0,0,0,0,0,0,0,6889358,0,0,0,0,0
1785978406642|1007|stream64_f2r_07|fixed|148,1378943233,16781056,12433191,12260207,12291901,12260207,12291901,12260207,11759,11714,11714,11714,0,0,1497,0,361587456,360869456,4096,4096,0,0,11714,11714,1702026786,1702027143,1702026794,1702027151,0,0,0,0,0,0,0,0,4096,256,131072,4,15|4,0,67108864,262144,256,0,0,0,0,188,0,176,0,47,44,0,1,188,0|174,2414160457,5,11589664,0,0,0,0,0,12305576,0,44,0,639390455,0,639390455,0,2080,630755311,0,12652750,0,0,0,0,0
1785978406642|1007|stream64_f2r_07|rotating|148,1378943233,33558272,12512241,12338466,142143,0,142143,0,3012,0,1506,0,0,0,11788,11788,9621776,9621776,4096,4096,0,0,1506,1506,1687707979,1687707979,1687707987,1687707987,0,0,0,0,0,0,0,0,4096,256,131072,4,15|4,0,67108864,262144,256,0,0,0,0,188,0,176,0,47,44,0,1,188,0|174,1734473784,5,0,0,11534336,0,11534336,0,35677,0,0,44,0,0,0,0,0,0,0,6938147,0,0,0,0,0
1785978411647|1007|stream64_f2r_07|fixed|150,1378943233,16777471,18704460,18444377,18491909,18444377,18491909,18444377,17690,17623,17622,17622,0,0,2252,0,543967322,542888928,4096,4096,0,0,17623,17623,2022203441,2022203446,2022203449,2022203430,0,0,0,0,0,0,0,0,4096,256,131072,4,15|4,0,67108864,262144,256,0,0,0,0,276,0,264,0,69,66,0,1,276,0|176,2734576990,5,17420064,0,0,0,0,0,18494550,0,66,0,958349388,0,958349388,0,2080,947999704,0,15518354,0,0,0,0,0
1785978411647|1007|stream64_f2r_07|rotating|150,1378943233,33558272,18780562,18519656,213403,0,213403,0,4522,0,2261,0,0,0,17694,17694,14445416,14445416,4096,4096,0,0,2261,2261,2007851469,2007851469,2007851477,2007851477,0,0,0,0,0,0,0,0,4096,256,131072,4,15|4,0,67108864,262144,256,0,0,0,0,276,0,264,0,69,66,0,1,276,0|176,2053840702,5,0,0,17301504,0,17301504,0,53445,0,0,66,0,0,0,0,0,0,0,6980151,0,0,0,0,0
1785978416659|1007|stream64_f2r_07|fixed|152,1378943233,16777471,24993597,24646351,24709596,24646351,24709596,24646351,23636,23547,23546,23546,0,0,3009,0,726841947,725403560,4096,4096,0,0,23547,23547,2343221289,2343221318,2343221297,2343221278,0,0,0,0,0,0,0,0,4096,256,131072,4,15|4,0,67108864,262144,256,0,0,0,0,364,0,352,0,91,88,0,1,364,0|178,3055415266,5,23250464,0,0,0,0,0,24692869,0,88,0,1277730064,0,1277730064,0,2080,1265666520,0,18383278,0,0,0,0,0
1785978416659|1007|stream64_f2r_07|rotating|152,1378943233,33558272,25059685,24711495,284755,0,284755,0,6034,0,3017,0,0,0,23609,23609,19275400,19275400,4096,4096,0,0,3017,3017,2328424018,2328424018,2328424026,2328424026,0,0,0,0,0,0,0,0,4096,256,131072,4,15|4,0,67108864,262144,256,0,0,0,0,364,0,352,0,91,88,0,1,364,0|178,2374584887,5,0,0,23068672,0,23068672,0,71282,0,0,88,0,0,0,0,0,0,0,7026346,0,0,0,0,0
1785978421665|1007|stream64_f2r_07|fixed|154,1378943233,16777471,31269485,30835724,30914226,30835724,30914226,30835724,29570,29459,29458,29458,0,0,3764,0,909313595,907515030,4096,4096,0,0,29459,29459,2663550620,2663550609,2663550628,2663550617,0,0,0,0,0,0,0,0,4096,256,131072,4,15|4,0,67108864,262144,256,0,0,0,0,452,0,440,0,113,110,0,1,452,0|180,3375822085,5,29080864,0,0,0,0,0,30883709,0,110,0,1596679283,0,1596679283,0,2080,1582902273,0,21247808,0,0,0,0,0
1785978421665|1007|stream64_f2r_07|rotating|154,1378943233,33558272,31337021,30902534,356009,0,356009,0,7544,0,3772,0,0,0,29521,29521,24099072,24099072,4096,4096,0,0,3772,3772,2648566447,2648566447,2648566455,2648566455,0,0,0,0,0,0,0,0,4096,256,131072,4,15|4,0,67108864,262144,256,0,0,0,0,456,0,444,0,114,111,0,1,456,0|180,2695026212,5,0,0,29097984,0,29097984,0,89120,0,0,111,0,0,0,0,0,0,0,7071747,0,0,0,0,0
1785978426679|1007|stream64_f2r_07|fixed|156,1378943233,16781056,37554824,37032290,37128027,37032290,37128027,37032290,35513,35379,35379,35379,0,0,4522,0,1092079304,1089906888,4096,4096,0,0,35379,35379,2984483198,2984483523,2984483206,2984483531,0,0,0,0,0,0,0,0,4096,256,131072,4,15|4,0,67108864,262144,256,0,0,0,0,544,0,532,0,136,133,0,1,544,0|182,3696829897,5,34912576,0,0,0,0,0,37082336,0,133,0,1916229167,0,1916229167,0,2080,1900616655,0,24230077,0,0,0,0,0
1785978426679|1007|stream64_f2r_07|rotating|156,1378943233,33558272,37629029,37105776,427554,0,427554,0,9060,0,4530,0,0,0,35449,35449,28941920,28941920,4096,4096,0,0,4530,4530,2969788765,2969788765,2969788773,2969788773,0,0,0,0,0,0,0,0,4096,256,131072,4,15|4,0,67108864,262144,256,0,0,0,0,544,0,532,0,136,133,0,1,544,0|182,3016721395,5,0,0,34865152,0,34865152,0,107030,0,0,133,0,0,0,0,0,0,0,7115896,0,0,0,0,0
1785978431692|1007|stream64_f2r_07|fixed|158,1378943233,16777471,43860146,43249860,43361804,43249860,43361804,43249860,41474,41318,41317,41317,0,0,5280,0,1275393000,1272859790,4096,4096,0,0,41318,41318,3306274741,3306274714,3306274733,3306274722,0,0,0,0,0,0,0,0,4096,256,131072,4,15|4,0,67108864,262144,256,0,0,0,0,632,0,620,0,158,155,0,1,632,0|184,4018661117,5,40766688,0,0,0,0,0,43300649,0,155,0,2236596859,0,2236596859,0,2080,2219280972,0,27089607,0,0,0,0,0
1785978431692|1007|stream64_f2r_07|rotating|158,1378943233,33558272,43950273,43338969,499382,0,499382,0,10582,0,5291,0,0,0,41402,41402,33803888,33803888,4096,4096,0,0,5291,5291,3292504760,3292504760,3292504768,3292504768,0,0,0,0,0,0,0,0,4096,256,131072,4,15|4,0,67108864,262144,256,0,0,0,0,632,0,620,0,158,155,0,1,632,0|184,3340433541,5,0,0,40632320,0,40632320,0,125033,0,0,155,0,0,0,0,0,0,0,7169811,0,0,0,0,0
1785978436694|1007|stream64_f2r_07|fixed|160,1378943233,16781056,50116814,49420025,49547307,49420025,49547307,49420025,47388,47210,47210,47210,0,0,6034,0,1457280040,1454387104,4096,4096,0,0,47210,47210,3625563710,3625564051,3625563718,3625564059,0,0,0,0,0,0,0,0,4096,256,131072,4,15|4,0,67108864,262144,256,0,0,0,0,720,0,708,0,180,177,0,1,720,0|186,41902103,6,46557568,0,0,0,0,0,49448739,0,177,0,2553357421,0,2553357421,0,2080,2534324478,0,29949242,0,0,0,0,0
1785978436694|1007|stream64_f2r_07|rotating|160,1378943233,33558272,50185936,49488287,570262,0,570262,0,12084,0,6042,0,0,0,47275,47275,38601960,38601960,4096,4096,0,0,6042,6042,3610923209,3610923209,3610923217,3610923217,0,0,0,0,0,0,0,0,4096,256,131072,4,15|4,0,67108864,262144,256,0,0,0,0,720,0,708,0,180,177,0,1,720,0|186,3657740498,5,0,0,46399488,0,46399488,0,142706,0,0,177,0,0,0,0,0,0,0,7216427,0,0,0,0,0
1785978441701|1007|stream64_f2r_07|fixed|162,1378943233,16777471,56389737,55606128,55748970,55606128,55748970,55606128,53320,53120,53119,53119,0,0,6789,0,1639701012,1636447591,4096,4096,0,0,53120,53120,3945804639,3945804620,3945804647,3945804628,0,0,0,0,0,0,0,0,4096,256,131072,4,15|4,0,67108864,262144,256,0,0,0,0,808,0,796,0,202,199,0,1,808,0|188,363085389,6,52395872,0,0,0,0,0,55653874,0,199,0,2873081131,0,2873081131,0,2080,2852338549,0,32811642,0,0,0,0,0
1785978441701|1007|stream64_f2r_07|rotating|162,1378943233,33558272,56455691,55671351,641516,0,641516,0,13594,0,6797,0,0,0,53182,53182,43425616,43425616,4096,4096,0,0,6797,6797,3931063507,3931063507,3931063515,3931063515,0,0,0,0,0,0,0,0,4096,256,131072,4,15|4,0,67108864,262144,256,0,0,0,0,812,0,800,0,203,200,0,1,812,0|188,3978116443,5,0,0,52428800,0,52428800,0,160544,0,0,200,0,0,0,0,0,0,0,7259053,0,0,0,0,0
1785978446716|1007|stream64_f2r_07|fixed|164,1378943233,16777471,62691409,61820733,61979011,61820733,61979011,61820733,59279,59057,59055,59055,0,0,7548,0,1822921866,1819294821,4096,4096,0,0,59056,59056,4267559038,4267559027,4267559054,4267559035,0,0,0,0,0,0,0,0,4096,256,131072,4,15|4,0,67108864,262144,256,0,0,0,0,900,0,888,0,225,222,0,1,900,0|190,683893686,6,58227584,0,0,0,0,0,61849339,0,222,0,3192431500,0,3192431500,0,2080,3169844604,0,35802723,0,0,0,0,0
1785978446716|1007|stream64_f2r_07|rotating|164,1378943233,33558272,62745644,61874396,712966,0,712966,0,15108,0,7554,0,0,0,59106,59106,48262064,48262064,4096,4096,0,0,7554,7554,4251864868,4251864868,4251864876,4251864876,0,0,0,0,0,0,0,0,4096,256,131072,4,15|4,0,67108864,262144,256,0,0,0,0,900,0,888,0,225,222,0,1,900,0|190,4022662,6,0,0,58195968,0,58195968,0,178383,0,0,222,0,0,0,0,0,0,0,7311718,0,0,0,0,0
1785978451719|1007|stream64_f2r_07|fixed|166,1378943233,16781056,68967961,68009774,68184303,68009774,68184303,68009774,65212,64969,64967,64967,0,0,8303,0,2005402856,2001416624,4096,4096,0,0,64967,64967,292913178,292913487,292913186,292913495,0,0,0,0,0,0,0,0,4096,256,131072,4,15|4,0,67108864,262144,256,0,0,0,0,988,0,976,0,247,244,0,1,988,0|192,1005201143,6,64073792,0,0,0,0,0,68057735,0,244,0,3512277405,0,3512277405,0,2080,3487983012,0,38664678,0,0,0,0,0
1785978451719|1007|stream64_f2r_07|rotating|166,1378943233,33558272,69046545,68087547,784605,0,784605,0,16626,0,8313,0,0,0,65041,65041,53111288,53111288,4096,4096,0,0,8313,8313,278756484,278756484,278756492,278756492,0,0,0,0,0,0,0,0,4096,256,131072,4,15|4,0,67108864,262144,256,0,0,0,0,988,0,976,0,247,244,0,1,988,0|192,326550446,6,0,0,63963136,0,63963136,0,196339,0,0,244,0,0,0,0,0,0,0,7358002,0,0,0,0,0
1785978460155|1008|stream64_f2r_08|fixed|170,1378943233,16781056,6142840,6058035,6073155,6058035,6073155,6058035,5809,5786,5786,5786,0,0,738,0,178603008,178260624,4096,4096,0,0,5786,5786,832060077,832060386,832060085,832060402,0,0,0,0,0,0,0,0,4096,256,131072,4,15|4,0,67108864,262144,256,0,0,0,0,96,0,84,0,24,21,0,1,96,0|200,1544305376,6,5750048,0,0,0,0,0,6105441,0,21,0,319618922,0,319618922,0,2080,312831007,0,9657068,0,0,0,0,0
1785978460155|1008|stream64_f2r_08|rotating|170,1378943233,33558272,6209391,6123782,70408,0,70408,0,1492,0,746,0,0,0,5848,5848,4766136,4766136,4096,4096,0,0,746,746,816990316,816990316,816990324,816990324,0,0,0,0,0,0,0,0,4096,256,131072,4,15|4,0,67108864,262144,256,0,0,0,0,100,0,88,0,25,22,0,1,100,0|200,863377499,6,0,0,5767168,0,5767168,0,17720,0,0,22,0,0,0,0,0,0,0,6894201,0,0,0,0,0
1785978465168|1008|stream64_f2r_08|fixed|172,1378943233,16780339,12422128,12249193,12281027,12249193,12281027,12249193,11749,11704,11703,11704,0,0,1495,0,361261837,360560960,4096,4096,0,0,11704,11704,1152730848,1152727349,1152730864,1152727357,0,0,0,0,0,0,0,0,4096,256,131072,4,15|4,0,67108864,262144,256,0,0,0,0,188,0,176,0,47,44,0,1,188,0|202,1865343361,6,11589664,0,0,0,0,0,12301425,0,44,0,639197003,0,639197003,0,2080,630552351,0,12662269,0,0,0,0,0
1785978465168|1008|stream64_f2r_08|rotating|172,1378943233,33558272,12494737,12320537,141953,0,141953,0,3008,0,1504,0,0,0,11772,11772,9608984,9608984,4096,4096,0,0,1504,1504,1138235570,1138235570,1138235578,1138235578,0,0,0,0,0,0,0,0,4096,256,131072,4,15|4,0,67108864,262144,256,0,0,0,0,188,0,176,0,47,44,0,1,188,0|202,1184399317,6,0,0,11534336,0,11534336,0,35583,0,0,44,0,0,0,0,0,0,0,6940058,0,0,0,0,0
1785978470172|1008|stream64_f2r_08|fixed|174,1378943233,16777471,18692509,18432789,18480147,18432789,18480147,18432789,17680,17612,17611,17611,0,0,2250,0,543627629,542551648,4096,4096,0,0,17612,17612,1472986666,1472986687,1472986674,1472986679,0,0,0,0,0,0,0,0,4096,256,131072,4,15|4,0,67108864,262144,256,0,0,0,0,276,0,264,0,69,66,0,1,276,0|204,2184719988,6,17396352,0,0,0,0,0,18470350,0,66,0,957121958,0,957121958,0,2080,946769437,0,15516111,0,0,0,0,0
1785978470172|1008|stream64_f2r_08|rotating|174,1378943233,33558272,18768098,18507575,213214,0,213214,0,4518,0,2259,0,0,0,17682,17682,14432616,14432616,4096,4096,0,0,2259,2259,1458367277,1458367277,1458367285,1458367285,0,0,0,0,0,0,0,0,4096,256,131072,4,15|4,0,67108864,262144,256,0,0,0,0,276,0,264,0,69,66,0,1,276,0|204,1504818692,6,0,0,17301504,0,17301504,0,53421,0,0,66,0,0,0,0,0,0,0,6995552,0,0,0,0,0
1785978475185|1008|stream64_f2r_08|fixed|176,1378943233,16777471,24978203,24632106,24694391,24632106,24694391,24632106,23623,23533,23532,23532,0,0,3007,0,726407640,724973446,4096,4096,0,0,23533,23533,1793836362,1793836343,1793836354,1793836351,0,0,0,0,0,0,0,0,4096,256,131072,4,15|4,0,67108864,262144,256,0,0,0,0,364,0,352,0,91,88,0,1,364,0|206,2506230535,6,23242560,0,0,0,0,0,24681924,0,88,0,1277170953,0,1277170953,0,2080,1265113808,0,18375193,0,0,0,0,0
1785978475185|1008|stream64_f2r_08|rotating|176,1378943233,33558272,25051654,24704472,284661,0,284661,0,6032,0,3016,0,0,0,23601,23601,19269024,19269024,4096,4096,0,0,3016,3016,1779363774,1779363774,1779363782,1779363782,0,0,0,0,0,0,0,0,4096,256,131072,4,15|4,0,67108864,262144,256,0,0,0,0,364,0,352,0,91,88,0,1,364,0|206,1825813793,6,0,0,23068672,0,23068672,0,71282,0,0,88,0,0,0,0,0,0,0,7052491,0,0,0,0,0
1785978480198|1008|stream64_f2r_08|fixed|178,1378943233,16777471,31268217,30835469,30912958,30835469,30912958,30835469,29570,29458,29457,29457,0,0,3764,0,909293592,907501222,4096,4096,0,0,29458,29458,2114877674,2114877631,2114877642,2114877647,0,0,0,0,0,0,0,0,4096,256,131072,4,15|4,0,67108864,262144,256,0,0,0,0,452,0,440,0,113,110,0,1,452,0|208,2827950212,6,29096672,0,0,0,0,0,30898572,0,110,0,1597427102,0,1597427102,0,2080,1583666726,0,21234579,0,0,0,0,0
1785978480198|1008|stream64_f2r_08|rotating|178,1378943233,33558272,31365524,30931010,356388,0,356388,0,7552,0,3776,0,0,0,29549,29549,24124624,24124624,4096,4096,0,0,3776,3776,2101451320,2101451320,2101451328,2101451328,0,0,0,0,0,0,0,0,4096,256,131072,4,15|4,0,67108864,262144,256,0,0,0,0,456,0,444,0,114,111,0,1,456,0|208,2148534302,6,0,0,29097984,0,29097984,0,89239,0,0,111,0,0,0,0,0,0,0,7100927,0,0,0,0,0
1785978485209|1008|stream64_f2r_08|fixed|180,1378943233,16781056,37548122,37026900,37121515,37026900,37121515,37026900,35507,35373,35373,35373,0,0,4520,0,1091893656,1089743528,4096,4096,0,0,35373,35373,2435419819,2435420144,2435419827,2435420152,0,0,0,0,0,0,0,0,4096,256,131072,4,15|4,0,67108864,262144,256,0,0,0,0,544,0,532,0,136,133,0,1,544,0|210,3148481718,6,34920480,0,0,0,0,0,37087641,0,133,0,1916502656,0,1916502656,0,2080,1900885564,0,24236365,0,0,0,0,0
1785978485209|1008|stream64_f2r_08|rotating|180,1378943233,33558272,37639674,37116704,427744,0,427744,0,9064,0,4532,0,0,0,35459,35459,28954712,28954712,4096,4096,0,0,4532,4532,2422032188,2422032188,2422032196,2422032196,0,0,0,0,0,0,0,0,4096,256,131072,4,15|4,0,67108864,262144,256,0,0,0,0,544,0,532,0,136,133,0,1,544,0|210,2469517353,6,0,0,34865152,0,34865152,0,107101,0,0,133,0,0,0,0,0,0,0,7147956,0,0,0,0,0
1785978490211|1008|stream64_f2r_08|fixed|182,1378943233,16777471,43834598,43225141,43336541,43225141,43336541,43225141,41451,41294,41293,41293,0,0,5277,0,1274657015,1272130490,4096,4096,0,0,41294,41294,2756384998,2756385003,2756385006,2756385011,0,0,0,0,0,0,0,0,4096,256,131072,4,15|4,0,67108864,262144,256,0,0,0,0,632,0,620,0,158,155,0,1,632,0|212,3467730011,6,40727168,0,0,0,0,0,43255318,0,155,0,2234299277,0,2234299277,0,2051,2216959993,0,27104530,0,0,0,0,0
1785978490211|1008|stream64_f2r_08|rotating|182,1378943233,33558272,43893352,43283300,498721,0,498721,0,10568,0,5284,0,0,0,41349,41349,33759168,33759168,4096,4096,0,0,5284,5284,2740888913,2740888913,2740888921,2740888921,0,0,0,0,0,0,0,0,4096,256,131072,4,15|4,0,67108864,262144,256,0,0,0,0,632,0,620,0,158,155,0,1,632,0|212,2787427540,6,0,0,40632320,0,40632320,0,124798,0,0,155,0,0,0,0,0,0,0,7196539,0,0,0,0,0
1785978495232|1008|stream64_f2r_08|fixed|184,1378943233,16780339,50115970,49418631,49546557,49418631,49546557,49418631,47389,47209,47209,47209,0,0,6033,0,1457247625,1454360724,4096,4096,0,0,47210,47210,3076924683,3076924680,3076924691,3076924688,0,0,0,0,0,0,0,0,4096,256,131072,4,15|4,0,67108864,262144,256,0,0,0,0,720,0,708,0,180,177,0,1,720,0|214,3790791417,6,46604992,0,0,0,0,0,49498191,0,177,0,2555891227,0,2555891227,0,2080,2536848763,0,29968956,0,0,0,0,0
1785978495232|1008|stream64_f2r_08|rotating|184,1378943233,33558272,50232867,49533970,570730,0,570730,0,12094,0,6047,0,0,0,47319,47319,38633904,38633904,4096,4096,0,0,6047,6047,3064469372,3064469372,3064469380,3064469380,0,0,0,0,0,0,0,0,4096,256,131072,4,15|5,0,67108864,262144,256,0,0,0,0,724,0,712,0,181,178,0,1,724,0|214,3113099873,6,0,0,46661632,0,46661632,0,142919,0,0,178,0,0,0,0,0,0,0,7243326,0,0,0,0,0
1785978500248|1008|stream64_f2r_08|fixed|186,1378943233,16781056,56405054,55620301,55764193,55620301,55764193,55620301,53335,53134,53134,53134,0,0,6790,0,1640140064,1636894056,4096,4096,0,0,53134,53134,3397950728,3397951045,3397950736,3397951053,0,0,0,0,0,0,0,0,4096,256,131072,4,15|4,0,67108864,262144,256,0,0,0,0,808,0,800,0,203,200,0,1,812,0|216,4111685415,6,52436704,0,0,0,0,0,55694283,0,200,0,2875327297,0,2875327297,0,2080,2854446584,0,32953972,0,0,0,0,0
1785978500248|1008|stream64_f2r_08|rotating|186,1378943233,33557555,56517498,55730876,642185,0,642185,0,13608,0,6804,0,0,0,53240,53240,43470488,43470488,4096,4096,0,0,6805,6805,3385691565,3385691565,3385691541,3385691541,0,0,0,0,0,0,0,0,4096,256,131072,4,15|4,0,67108864,262144,256,0,0,0,0,812,0,800,0,203,200,0,1,812,0|216,3431515812,6,0,0,52428800,0,52428800,0,160639,0,0,200,0,0,0,0,0,0,0,7302364,0,0,0,0,0
1785978505262|1008|stream64_f2r_08|fixed|188,1378943233,16777471,62693802,61822465,61981404,61822465,61981404,61822465,59282,59058,59057,59057,0,0,7548,0,1822986447,1819363402,4096,4096,0,0,59058,59058,3719059998,3719060019,3719060006,3719060027,0,0,0,0,0,0,0,0,4096,256,131072,4,15|4,0,67108864,262144,256,0,0,0,0,900,0,888,0,225,222,0,1,900,0|218,136520381,7,58251296,0,0,0,0,0,61873570,0,222,0,3193675911,0,3193675911,0,2080,3171080988,0,35815852,0,0,0,0,0
1785978505262|1008|stream64_f2r_08|rotating|188,1378943233,33558272,62762235,61890204,713155,0,713155,0,15112,0,7556,0,0,0,59122,59122,48274856,48274856,4096,4096,0,0,7556,7556,3704115128,3704115128,3704115136,3704115136,0,0,0,0,0,0,0,0,4096,256,131072,4,15|4,0,67108864,262144,256,0,0,0,0,900,0,888,0,225,222,0,1,900,0|218,3751167205,6,0,0,58195968,0,58195968,0,178431,0,0,222,0,0,0,0,0,0,0,7348002,0,0,0,0,0
1785978510263|1008|stream64_f2r_08|fixed|190,1378943233,16781056,68961934,68002868,68178276,68002868,68178276,68002868,65207,64961,64961,64961,0,0,8303,0,2005217152,2001234152,4096,4096,0,0,64961,64961,4038933127,4038933460,4038933135,4038933468,0,0,0,0,0,0,0,0,4096,256,131072,4,15|4,0,67108864,262144,256,0,0,0,0,988,0,976,0,247,244,0,1,988,0|220,456531783,7,64073792,0,0,0,0,0,68056981,0,244,0,3512231689,0,3512231689,0,2080,3487938661,0,38663324,0,0,0,0,0
1785978510263|1008|stream64_f2r_08|rotating|190,1378943233,33558272,69037544,68077748,784510,0,784510,0,16624,0,8312,0,0,0,65032,65032,53104888,53104888,4096,4096,0,0,8312,8312,4024670255,4024670255,4024670263,4024670263,0,0,0,0,0,0,0,0,4096,256,131072,4,15|4,0,67108864,262144,256,0,0,0,0,988,0,976,0,247,244,0,1,988,0|220,4071055636,6,0,0,63963136,0,63963136,0,196245,0,0,244,0,0,0,0,0,0,0,7392321,0,0,0,0,0
1785978518645|1009|stream64_f2r_09|fixed|194,1378943233,16781056,6137735,6054855,6068077,6054855,6068077,6054855,5804,5782,5782,5782,0,0,738,0,178479296,178135600,4096,4096,0,0,5782,5782,280461566,280461899,280461574,280461907,0,0,0,0,0,0,0,0,4096,256,131072,4,15|4,0,67108864,262144,256,0,0,0,0,96,0,84,0,24,21,0,1,96,0|228,992887515,7,5750048,0,0,0,0,0,6104629,0,21,0,319601086,0,319601086,0,2080,312796786,0,9673434,0,0,0,0,0
1785978518645|1009|stream64_f2r_09|rotating|194,1378943233,33558272,6212167,6127692,70598,0,70598,0,1496,0,748,0,0,0,5852,5852,4778928,4778928,4096,4096,0,0,748,748,266143628,266143628,266143636,266143636,0,0,0,0,0,0,0,0,4096,256,131072,4,15|4,0,67108864,262144,256,0,0,0,0,100,0,88,0,25,22,0,1,100,0|228,312166087,7,0,0,5767168,0,5767168,0,17744,0,0,22,0,0,0,0,0,0,0,6896316,0,0,0,0,0
1785978523657|1009|stream64_f2r_09|fixed|196,1378943233,16781056,12421442,12252367,12280246,12252367,12280246,12252367,11748,11704,11704,11704,0,0,1496,0,361279216,360560184,4096,4096,0,0,11704,11704,601377408,601355989,601377416,601355997,0,0,0,0,0,0,0,0,4096,256,131072,4,15|4,0,67108864,262144,256,0,0,0,0,188,0,176,0,47,44,0,1,188,0|230,1312698526,7,11565952,0,0,0,0,0,12276756,0,44,0,637958121,0,637958121,0,2080,629279926,0,12690702,0,0,0,0,0
1785978523657|1009|stream64_f2r_09|rotating|196,1378943233,33558272,12471999,12302477,141670,0,141670,0,3002,0,1501,0,0,0,11751,11751,9589800,9589800,4096,4096,0,0,1501,1501,585575925,585575925,585575933,585575933,0,0,0,0,0,0,0,0,4096,256,131072,4,15|4,0,67108864,262144,256,0,0,0,0,188,0,176,0,47,44,0,1,188,0|230,632229385,7,0,0,11534336,0,11534336,0,35535,0,0,44,0,0,0,0,0,0,0,6941142,0,0,0,0,0
1785978528669|1009|stream64_f2r_09|fixed|198,1378943233,16777471,18702815,18446121,18490264,18446121,18490264,18446121,17689,17623,17621,17621,0,0,2252,0,543944451,542867006,4096,4096,0,0,17622,17622,922196648,922196669,922196664,922196677,0,0,0,0,0,0,0,0,4096,256,131072,4,15|4,0,67108864,262144,256,0,0,0,0,276,0,264,0,69,66,0,1,276,0|232,1634612605,7,17420064,0,0,0,0,0,18494873,0,66,0,958408672,0,958408672,0,2080,948000918,0,15576416,0,0,0,0,0
1785978528669|1009|stream64_f2r_09|rotating|198,1378943233,33558272,18769161,18511590,213308,0,213308,0,4520,0,2260,0,0,0,17684,17684,14439016,14439016,4096,4096,0,0,2260,2260,907458591,907458591,907458599,907458599,0,0,0,0,0,0,0,0,4096,256,131072,4,15|4,0,67108864,262144,256,0,0,0,0,276,0,264,0,69,66,0,1,276,0|232,953755635,7,0,0,17301504,0,17301504,0,53421,0,0,66,0,0,0,0,0,0,0,6989612,0,0,0,0,0
1785978533669|1009|stream64_f2r_09|fixed|200,1378943233,16777471,24971881,24629041,24688163,24629041,24688163,24629041,23616,23528,23526,23526,0,0,3006,0,726224427,724785670,4096,4096,0,0,23527,23527,1242203939,1242203928,1242203947,1242203936,0,0,0,0,0,0,0,0,4096,256,131072,4,15|4,0,67108864,262144,256,0,0,0,0,364,0,352,0,91,88,0,1,364,0|234,1954514258,7,23234656,0,0,0,0,0,24674442,0,88,0,1276856677,0,1276856677,0,2080,1264710625,0,18462384,0,0,0,0,0
1785978533669|1009|stream64_f2r_09|rotating|200,1378943233,33558272,25039811,24696318,284474,0,284474,0,6028,0,3014,0,0,0,23590,23590,19256264,19256264,4096,4096,0,0,3014,3014,1227192660,1227192660,1227192668,1227192668,0,0,0,0,0,0,0,0,4096,256,131072,4,15|4,0,67108864,262144,256,0,0,0,0,364,0,352,0,91,88,0,1,364,0|234,1273641467,7,0,0,23068672,0,23068672,0,71235,0,0,88,0,0,0,0,0,0,0,7029928,0,0,0,0,0
1785978538678|1009|stream64_f2r_09|fixed|202,1378943233,16777471,31252034,30823412,30896962,30823412,30896962,30823412,29554,29444,29442,29442,0,0,3762,0,908819987,907019878,4096,4096,0,0,29443,29443,1562770703,1562770700,1562770711,1562770708,0,0,0,0,0,0,0,0,4096,256,131072,4,15|4,0,67108864,262144,256,0,0,0,0,452,0,440,0,113,110,0,1,452,0|236,2275320856,7,29072960,0,0,0,0,0,30872919,0,110,0,1596203699,0,1596203699,0,2080,1582324689,0,21348103,0,0,0,0,0
1785978538678|1009|stream64_f2r_09|rotating|202,1378943233,33558272,31320517,30891013,355821,0,355821,0,7540,0,3770,0,0,0,29506,29506,24086288,24086288,4096,4096,0,0,3770,3770,1547786045,1547786045,1547786053,1547786053,0,0,0,0,0,0,0,0,4096,256,131072,4,15|5,0,67108864,262144,256,0,0,0,0,456,0,444,0,114,111,0,1,456,0|236,1594243611,7,0,0,29097984,0,29097984,0,89073,0,0,111,0,0,0,0,0,0,0,7081378,0,0,0,0,0
1785978543688|1009|stream64_f2r_09|fixed|204,1378943233,16777471,37531028,37015412,37104609,37015412,37104609,37015412,35490,35358,35356,35356,0,0,4518,0,1091387928,1089229117,4096,4096,0,0,35357,35357,1883276758,1883276723,1883276726,1883276731,0,0,0,0,0,0,0,0,4096,256,131072,4,15|4,0,67108864,262144,256,0,0,0,0,544,0,532,0,136,133,0,1,544,0|238,2595693404,7,34896768,0,0,0,0,0,37058235,0,133,0,1915120295,0,1915120295,0,2080,1899369267,0,24365191,0,0,0,0,0
1785978543688|1009|stream64_f2r_09|rotating|204,1378943233,33558272,37604322,37087187,427271,0,427271,0,9054,0,4527,0,0,0,35425,35425,28922736,28922736,4096,4096,0,0,4527,4527,1868613431,1868613431,1868613439,1868613439,0,0,0,0,0,0,0,0,4096,256,131072,4,15|4,0,67108864,262144,256,0,0,0,0,544,0,532,0,136,133,0,1,544,0|238,1915122556,7,0,0,34865152,0,34865152,0,106936,0,0,133,0,0,0,0,0,0,0,7126011,0,0,0,0,0
1785978548691|1009|stream64_f2r_09|fixed|206,1378943233,16777471,43801388,43197845,43303614,43197845,43303614,43197845,41419,41264,41262,41262,0,0,5274,0,1273698046,1271164049,4096,4096,0,0,41263,41263,2203464111,2203464100,2203464127,2203464108,0,0,0,0,0,0,0,0,4096,256,131072,4,15|4,0,67108864,262144,256,0,0,0,0,632,0,620,0,158,155,0,1,632,0|240,2916583584,7,40727168,0,0,0,0,0,43257834,0,155,0,2234552875,0,2234552875,0,2080,2217067072,0,27251030,0,0,0,0,0
1785978548691|1009|stream64_f2r_09|rotating|206,1378943233,33558272,43897942,43293457,498815,0,498815,0,10570,0,5285,0,0,0,41353,41353,33765552,33765552,4096,4096,0,0,5285,5285,2190066443,2190066443,2190066451,2190066451,0,0,0,0,0,0,0,0,4096,256,131072,4,15|4,0,67108864,262144,256,0,0,0,0,632,0,620,0,158,155,0,1,632,0|240,2236134222,7,0,0,40632320,0,40632320,0,124798,0,0,155,0,0,0,0,0,0,0,7171433,0,0,0,0,0
1785978553694|1009|stream64_f2r_09|fixed|208,1378943233,16777471,50077620,49387552,49508585,49387552,49508585,49387552,47353,47176,47174,47174,0,0,6029,0,1456187056,1453294984,4096,4096,0,0,47175,47175,2523839095,2523839068,2523839079,2523839076,0,0,0,0,0,0,0,0,4096,256,131072,4,15|4,0,67108864,262144,256,0,0,0,0,720,0,708,0,180,177,0,1,720,0|242,3236286809,7,46541760,0,0,0,0,0,49434121,0,177,0,2552802452,0,2552802452,0,2080,2533578482,0,30136867,0,0,0,0,0
1785978553694|1009|stream64_f2r_09|rotating|208,1378943233,33558272,50146856,49456036,569791,0,569791,0,12074,0,6037,0,0,0,47240,47240,38570064,38570064,4096,4096,0,0,6037,6037,2508940865,2508940865,2508940873,2508940873,0,0,0,0,0,0,0,0,4096,256,131072,4,15|4,0,67108864,262144,256,0,0,0,0,720,0,708,0,180,177,0,1,720,0|242,2555391225,7,0,0,46399488,0,46399488,0,142565,0,0,177,0,0,0,0,0,0,0,7230435,0,0,0,0,0
1785978558708|1009|stream64_f2r_09|fixed|210,1378943233,16777471,56358358,55580895,55717875,55580895,55717875,55580895,53297,53098,53096,53096,0,0,6786,0,1638989950,1635740513,4096,4096,0,0,53097,53097,2844759957,2844759970,2844759965,2844759978,0,0,0,0,0,0,0,0,4096,256,131072,4,15|4,0,67108864,262144,256,0,0,0,0,808,0,796,0,202,199,0,1,808,0|244,3557120953,7,52380064,0,0,0,0,0,55625838,0,199,0,2872177020,0,2872177020,0,2080,2851220169,0,33022509,0,0,0,0,0
1785978558708|1009|stream64_f2r_09|rotating|210,1378943233,33558272,56426274,55648021,641234,0,641234,0,13588,0,6794,0,0,0,53161,53161,43406432,43406432,4096,4096,0,0,6794,6794,2829963930,2829963930,2829963938,2829963938,0,0,0,0,0,0,0,0,4096,256,131072,4,15|5,0,67108864,262144,256,0,0,0,0,812,0,800,0,203,200,0,1,812,0|244,2876862863,7,0,0,52428800,0,52428800,0,160450,0,0,200,0,0,0,0,0,0,0,7281886,0,0,0,0,0
1785978563729|1009|stream64_f2r_09|fixed|212,1378943233,16777471,62644797,61780430,61932871,61780430,61932871,61780430,59246,59025,59023,59023,0,0,7543,0,1821942304,1818334072,4096,4096,0,0,59024,59024,3165942968,3165942965,3165942936,3165942941,0,0,0,0,0,0,0,0,4096,256,131072,4,15|4,0,67108864,262144,256,0,0,0,0,900,0,888,0,225,222,0,1,900,0|246,3878387236,7,58219680,0,0,0,0,0,61823573,0,222,0,3191983399,0,3191983399,0,2080,3169156757,0,36040764,0,0,0,0,0
1785978563729|1009|stream64_f2r_09|rotating|212,1378943233,33558272,62718228,61852235,712872,0,712872,0,15106,0,7553,0,0,0,59093,59093,48255672,48255672,4096,4096,0,0,7553,7553,3151652005,3151652005,3151652013,3151652013,0,0,0,0,0,0,0,0,4096,256,131072,4,15|4,0,67108864,262144,256,0,0,0,0,900,0,888,0,225,222,0,1,900,0|246,3197791882,7,0,0,58195968,0,58195968,0,178312,0,0,222,0,0,0,0,0,0,0,7326420,0,0,0,0,0
1785978568735|1009|stream64_f2r_09|fixed|214,1378943233,16777471,68915146,67963007,68131866,67963007,68131866,67963007,65179,64935,64934,64934,0,0,8299,0,2004377937,2000394740,4096,4096,0,0,64934,64934,3486345654,3486346003,3486345662,3486346011,0,0,0,0,0,0,0,0,4096,256,131072,4,15|4,0,67108864,262144,256,0,0,0,0,988,0,976,0,247,244,0,1,988,0|248,4198850157,7,64042176,0,0,0,0,0,68010262,0,244,0,3510990696,0,3510990696,0,2080,3486427860,0,38926325,0,0,0,0,0
1785978568735|1009|stream64_f2r_09|rotating|214,1378943233,33558272,69008446,68055263,784322,0,784322,0,16620,0,8310,0,0,0,65021,65021,53092104,53092104,4096,4096,0,0,8310,8310,3472674968,3472674968,3472674976,3472674976,0,0,0,0,0,0,0,0,4096,256,131072,4,15|4,0,67108864,262144,256,0,0,0,0,988,0,976,0,247,244,0,1,988,0|248,3518900577,7,0,0,63963136,0,63963136,0,196175,0,0,244,0,0,0,0,0,0,0,7369189,0,0,0,0,0
1785978577130|1010|stream64_f2r_10|fixed|218,1378943233,16781056,6153731,6071109,6083885,6071109,6083885,6071109,5819,5797,5797,5797,0,0,740,0,178941000,178598616,4096,4096,0,0,5797,5797,4023798413,4023798746,4023798421,4023798754,0,0,0,0,0,0,0,0,4096,256,131072,4,15|4,0,67108864,262144,256,0,0,0,0,96,0,84,0,24,21,0,1,96,0|256,441793380,8,5775072,0,0,0,0,0,6127937,0,22,0,320936647,0,320936647,0,2080,314002206,0,9804347,0,0,0,0,0
1785978577130|1010|stream64_f2r_10|rotating|218,1378943233,33558272,6244069,6159627,70882,0,70882,0,1502,0,751,0,0,0,5882,5882,4798072,4798072,4096,4096,0,0,751,751,4010093147,4010093147,4010093155,4010093155,0,0,0,0,0,0,0,0,4096,256,131072,4,15|4,0,67108864,262144,256,0,0,0,0,100,0,88,0,25,22,0,1,100,0|256,4056341775,7,0,0,5767168,0,5767168,0,17815,0,0,22,0,0,0,0,0,0,0,6901163,0,0,0,0,0
1785978582140|1010|stream64_f2r_10|fixed|220,1378943233,16777471,12430327,12261332,12289037,12261332,12289037,12261332,11758,11713,11712,11712,0,0,1497,0,361531770,360813312,4096,4096,0,0,11713,11713,49524051,49524072,49524059,49524048,0,0,0,0,0,0,0,0,4096,256,131072,4,15|4,0,67108864,262144,256,0,0,0,0,188,0,176,0,47,44,0,1,188,0|258,761766493,8,11589664,0,0,0,0,0,12306049,0,44,0,639456112,0,639456112,0,2080,630782494,0,12691194,0,0,0,0,0
1785978582140|1010|stream64_f2r_10|rotating|220,1378943233,33558272,12522865,12352961,142238,0,142238,0,3014,0,1507,0,0,0,11799,11799,9628168,9628168,4096,4096,0,0,1507,1507,35720349,35720349,35720357,35720357,0,0,0,0,0,0,0,0,4096,256,131072,4,15|4,0,67108864,262144,256,0,0,0,0,188,0,176,0,47,44,0,1,188,0|258,82476587,8,0,0,11534336,0,11534336,0,35701,0,0,44,0,0,0,0,0,0,0,6941346,0,0,0,0,0
1785978587153|1010|stream64_f2r_10|fixed|222,1378943233,16781056,18711722,18455027,18499076,18455027,18499076,18455027,17697,17630,17630,17630,0,0,2253,0,544202024,543126032,4096,4096,0,0,17630,17630,370194541,370194842,370194549,370194858,0,0,0,0,0,0,0,0,4096,256,131072,4,15|4,0,67108864,262144,256,0,0,0,0,276,0,264,0,69,66,0,1,276,0|260,1082632006,8,17427968,0,0,0,0,0,18503662,0,66,0,958862049,0,958862049,0,2080,948459844,0,15572542,0,0,0,0,0
1785978587153|1010|stream64_f2r_10|rotating|222,1378943233,33558272,18784758,18527122,213403,0,213403,0,4522,0,2261,0,0,0,17698,17698,14445416,14445416,4096,4096,0,0,2261,2261,355449816,355449816,355449824,355449824,0,0,0,0,0,0,0,0,4096,256,131072,4,15|4,0,67108864,262144,256,0,0,0,0,276,0,264,0,69,66,0,1,276,0|260,401837109,8,0,0,17301504,0,17301504,0,53469,0,0,66,0,0,0,0,0,0,0,6992196,0,0,0,0,0
1785978592165|1010|stream64_f2r_10|fixed|224,1378943233,16777471,25000309,24656321,24716213,24656321,24716213,24656321,23643,23554,23553,23553,0,0,3010,0,727037232,725602586,4096,4096,0,0,23554,23554,691179936,691179933,691179912,691179941,0,0,0,0,0,0,0,0,4096,256,131072,4,15|4,0,67108864,262144,256,0,0,0,0,364,0,352,0,91,88,0,1,364,0|262,1403902475,8,23266272,0,0,0,0,0,24710058,0,88,0,1278672942,0,1278672942,0,2080,1266543994,0,18452046,0,0,0,0,0
1785978592165|1010|stream64_f2r_10|rotating|224,1378943233,33558272,25112531,24767238,285317,0,285317,0,6046,0,3023,0,0,0,23658,23658,19313752,19313752,4096,4096,0,0,3023,3023,678615566,678615566,678615574,678615574,0,0,0,0,0,0,0,0,4096,256,131072,4,15|5,0,67108864,262144,256,0,0,0,0,368,0,356,0,92,89,0,1,368,0|262,724784528,8,0,0,23330816,0,23330816,0,71447,0,0,89,0,0,0,0,0,0,0,7036921,0,0,0,0,0
1785978597182|1010|stream64_f2r_10|fixed|226,1378943233,16777471,31294740,30864059,30939200,30864059,30939200,30864059,29593,29482,29481,29481,0,0,3767,0,910031632,908239671,4096,4096,0,0,29482,29482,1012411539,1012411512,1012411507,1012411520,0,0,0,0,0,0,0,0,4096,256,131072,4,15|4,0,67108864,262144,256,0,0,0,0,452,0,440,0,113,110,0,1,452,0|264,1724715488,8,29097984,0,0,0,0,0,30906777,0,111,0,1598028027,0,1598028027,0,2080,1584096596,0,21401327,0,0,0,0,0
1785978597182|1010|stream64_f2r_10|rotating|226,1378943233,33558272,31358478,30926287,356293,0,356293,0,7550,0,3775,0,0,0,29541,29541,24118240,24118240,4096,4096,0,0,3775,3775,997276397,997276397,997276413,997276413,0,0,0,0,0,0,0,0,4096,256,131072,4,15|4,0,67108864,262144,256,0,0,0,0,456,0,444,0,114,111,0,1,456,0|264,1044407797,8,0,0,29097984,0,29097984,0,89215,0,0,111,0,0,0,0,0,0,0,7085077,0,0,0,0,0
1785978602228|1010|stream64_f2r_10|fixed|228,1378943233,16781056,37614049,37095412,37186600,37095412,37186600,37095412,35569,35434,35434,35434,0,0,4528,0,1093776848,1091610032,4096,4096,0,0,35434,35434,1335056282,1335056607,1335056290,1335056615,0,0,0,0,0,0,0,0,4096,256,131072,4,15|4,0,67108864,262144,256,0,0,0,0,544,0,532,0,136,133,0,1,544,0|266,2047628613,8,34975808,0,0,0,0,0,37144749,0,133,0,1919471696,0,1919471696,0,2080,1903794698,0,24308109,0,0,0,0,0
1785978602228|1010|stream64_f2r_10|rotating|228,1378943233,33558272,37689078,37169719,428217,0,428217,0,9074,0,4537,0,0,0,35504,35504,28986624,28986624,4096,4096,0,0,4537,4537,1320419306,1320419306,1320419314,1320419314,0,0,0,0,0,0,0,0,4096,256,131072,4,15|4,0,67108864,262144,256,0,0,0,0,544,0,532,0,136,133,0,1,544,0|266,1366953929,8,0,0,34865152,0,34865152,0,107172,0,0,133,0,0,0,0,0,0,0,7122962,0,0,0,0,0
1785978607231|1010|stream64_f2r_10|fixed|230,1378943233,16777471,43886530,43281103,43387809,43281103,43387809,43281103,41500,41343,41342,41342,0,0,5284,0,1276164420,1273638463,4096,4096,0,0,41343,41343,1655240252,1655240257,1655240260,1655240265,0,0,0,0,0,0,0,0,4096,256,131072,4,15|4,0,67108864,262144,256,0,0,0,0,632,0,620,0,158,155,0,1,632,0|268,2368415883,8,40806208,0,0,0,0,0,43342589,0,155,0,2238801366,0,2238801366,0,2080,2221413557,0,27169984,0,0,0,0,0
1785978607231|1010|stream64_f2r_10|rotating|230,1378943233,33558272,43981694,43375215,499758,0,499758,0,10590,0,5295,0,0,0,41432,41432,33829408,33829408,4096,4096,0,0,5295,5295,1641848352,1641848352,1641848360,1641848360,0,0,0,0,0,0,0,0,4096,256,131072,4,15|4,0,67108864,262144,256,0,0,0,0,632,0,620,0,158,155,0,1,632,0|268,1688776505,8,0,0,40632320,0,40632320,0,125080,0,0,155,0,0,0,0,0,0,0,7166045,0,0,0,0,0
1785978612241|1010|stream64_f2r_10|fixed|232,1378943233,16777471,50172119,49480252,49602044,49480252,49602044,49480252,47443,47264,47263,47263,0,0,6040,0,1458917376,1456032219,4096,4096,0,0,47264,47264,1976052755,1976052752,1976052763,1976052760,0,0,0,0,0,0,0,0,4096,256,131072,4,15|4,0,67108864,262144,256,0,0,0,0,720,0,708,0,180,177,0,1,720,0|270,2688666706,8,46636608,0,0,0,0,0,49530310,0,177,0,2557594589,0,2557594589,0,2054,2538499185,0,30028643,0,0,0,0,0
1785978612241|1010|stream64_f2r_10|rotating|232,1378943233,33558272,50265824,49572109,571202,0,571202,0,12104,0,6052,0,0,0,47351,47351,38665872,38665872,4096,4096,0,0,6052,6052,1962520622,1962520622,1962520630,1962520630,0,0,0,0,0,0,0,0,4096,256,131072,4,15|4,0,67108864,262144,256,0,0,0,0,724,0,712,0,181,178,0,1,724,0|270,2010766113,8,0,0,46661632,0,46661632,0,143013,0,0,178,0,0,0,0,0,0,0,7207434,0,0,0,0,0
1785978617257|1010|stream64_f2r_10|fixed|234,1378943233,16777471,56463162,55683857,55821646,55683857,55821646,55683857,53391,53190,53189,53189,0,0,6797,0,1641851592,1638606696,4096,4096,0,0,53190,53190,2297178727,2297178732,2297178703,2297178724,0,0,0,0,0,0,0,0,4096,256,131072,4,15|4,0,67108864,262144,256,0,0,0,0,812,0,800,0,203,200,0,1,812,0|272,3009346575,8,52460416,0,0,0,0,0,55722305,0,200,0,2876818506,0,2876818506,0,2080,2855868181,0,33028634,0,0,0,0,0
1785978617257|1010|stream64_f2r_10|rotating|234,1378943233,33558272,56527525,55746860,642368,0,642368,0,13612,0,6806,0,0,0,53250,53250,43483136,43483136,4096,4096,0,0,6806,6806,2282365400,2282365400,2282365408,2282365408,0,0,0,0,0,0,0,0,4096,256,131072,4,15|4,0,67108864,262144,256,0,0,0,0,812,0,800,0,203,200,0,1,812,0|272,2329185047,8,0,0,52428800,0,52428800,0,160734,0,0,200,0,0,0,0,0,0,0,7246994,0,0,0,0,0
1785978622279|1010|stream64_f2r_10|fixed|236,1378943233,16777471,62753491,61886471,62040431,61886471,62040431,61886471,59339,59115,59114,59114,0,0,7555,0,1824737840,1821115344,4096,4096,0,0,59115,59115,2618356526,2618356523,2618356486,2618356499,0,0,0,0,0,0,0,0,4096,256,131072,4,15|4,0,67108864,262144,256,0,0,0,0,900,0,888,0,225,222,0,1,900,0|274,3331245773,8,58314528,0,0,0,0,0,61941849,0,222,0,3197254176,0,3197254176,0,2080,3174589490,0,35899150,0,0,0,0,0
1785978622279|1010|stream64_f2r_10|rotating|236,1378943233,33558272,62842877,61974911,714102,0,714102,0,15132,0,7566,0,0,0,59198,59198,48338752,48338752,4096,4096,0,0,7566,7566,2604662627,2604662627,2604662635,2604662635,0,0,0,0,0,0,0,0,4096,256,131072,4,15|4,0,67108864,262144,256,0,0,0,0,900,0,888,0,225,222,0,1,900,0|274,2650988510,8,0,0,58195968,0,58195968,0,178643,0,0,222,0,0,0,0,0,0,0,7289171,0,0,0,0,0
1785978627287|1010|stream64_f2r_10|fixed|238,1378943233,16777471,69037794,68083622,68253284,68083622,68253284,68083622,65279,65033,65032,65032,0,0,8312,0,2007435523,2003453152,4096,4096,0,0,65033,65033,2939060859,2939060880,2939060867,2939060848,0,0,0,0,0,0,0,0,4096,256,131072,4,15|4,0,67108864,262144,256,0,0,0,0,988,0,976,0,247,244,0,1,988,0|276,3651529276,8,64144928,0,0,0,0,0,68130158,0,244,0,3516080079,0,3516080079,0,2080,3491703653,0,38761954,0,0,0,0,0
1785978627287|1010|stream64_f2r_10|rotating|238,1378943233,33558272,69127073,68171759,785453,0,785453,0,16644,0,8322,0,0,0,65117,65117,53168728,53168728,4096,4096,0,0,8322,8322,2925233074,2925233074,2925233082,2925233082,0,0,0,0,0,0,0,0,4096,256,131072,4,15|4,0,67108864,262144,256,0,0,0,0,988,0,976,0,247,244,0,1,988,0|276,2971559959,8,0,0,63963136,0,63963136,0,196480,0,0,244,0,0,0,0,0,0,0,7339009,0,0,0,0,0
1785978635634|1011|stream64_r2f_01|fixed|242,1378943233,16781056,6136650,6052742,69549,0,69549,0,1476,0,738,0,0,0,5780,5780,4715016,4715016,4096,4096,0,0,738,738,3472958450,3472958450,3472958466,3472958466,0,0,0,0,0,0,0,0,4096,256,131072,4,15|4,0,67108864,262144,256,0,0,0,0,96,0,84,0,24,21,0,1,96,0|284,4185669444,8,0,0,5505024,0,5505024,0,17528,0,0,21,0,0,0,0,0,0,0,6887542,0,0,0,0,0
1785978635634|1011|stream64_r2f_01|rotating|242,1378943233,33554687,6211493,6126694,6141099,6126694,6141099,6126694,5873,5852,5850,5850,0,0,747,0,180597424,180255014,4096,4096,0,0,5851,5851,3458776267,3458776256,3458776235,3458776264,0,0,0,0,0,0,0,0,4096,256,131072,4,15|4,0,67108864,262144,256,0,0,0,0,100,0,88,0,25,22,0,1,100,0|284,3504935653,8,5806688,0,0,0,0,0,6161618,0,22,0,322644714,0,322644714,0,2080,315744030,0,9778747,0,0,0,0,0
1785978640644|1011|stream64_r2f_01|fixed|244,1378943233,16781056,12416879,12246892,140788,0,140788,0,2988,0,1494,0,0,0,11698,11698,9545064,9545064,4096,4096,0,0,1494,1494,3793519032,3793519032,3793519040,3793519040,0,0,0,0,0,0,0,0,4096,256,131072,4,15|4,0,67108864,262144,256,0,0,0,0,188,0,176,0,47,44,0,1,188,0|286,211247321,9,0,0,11534336,0,11534336,0,35362,0,0,44,0,0,0,0,0,0,0,6932714,0,0,0,0,0
1785978640644|1011|stream64_r2f_01|rotating|244,1378943233,33558272,12490408,12318769,12348765,12318769,12348765,12318769,11814,11769,11768,11768,0,0,1503,0,363255552,362536976,4096,4096,0,0,11768,11768,3779525092,3779525433,3779525100,3779525441,0,0,0,0,0,0,0,0,4096,256,131072,4,15|4,0,67108864,262144,256,0,0,0,0,188,0,176,0,47,44,0,1,188,0|286,3825458090,8,11637088,0,0,0,0,0,12351429,0,44,0,641709551,0,641709551,0,2080,633106691,0,12631987,0,0,0,0,0
1785978645652|1011|stream64_r2f_01|fixed|246,1378943233,16781056,18696637,18439128,212124,0,212124,0,4502,0,2251,0,0,0,17615,17615,14381512,14381512,4096,4096,0,0,2251,2251,4114312419,4114312419,4114312427,4114312427,0,0,0,0,0,0,0,0,4096,256,131072,4,15|4,0,67108864,262144,256,0,0,0,0,276,0,264,0,69,66,0,1,276,0|288,531566076,9,0,0,17301504,0,17301504,0,53149,0,0,66,0,0,0,0,0,0,0,6984798,0,0,0,0,0
1785978645652|1011|stream64_r2f_01|rotating|246,1378943233,33554687,18776137,18517625,18563164,18517625,18563164,18517625,17759,17692,17689,17689,0,0,2260,0,546049578,544972125,4096,4096,0,0,17690,17690,4100406355,4100406352,4100406363,4100406360,0,0,0,0,0,0,0,0,4096,256,131072,4,15|4,0,67108864,262144,256,0,0,0,0,276,0,264,0,69,66,0,1,276,0|288,4147064650,8,17483296,0,0,0,0,0,18563937,0,66,0,961854559,0,961854559,0,2080,951552617,0,15485527,0,0,0,0,0
1785978650665|1011|stream64_r2f_01|fixed|248,1378943233,16781056,24982375,24637981,283461,0,283461,0,6016,0,3008,0,0,0,23536,23536,19217944,19217944,4096,4096,0,0,3008,3008,140335945,140335945,140335953,140335953,0,0,0,0,0,0,0,0,4096,256,131072,4,15|4,0,67108864,262144,256,0,0,0,0,364,0,352,0,91,88,0,1,364,0|290,852597006,9,0,0,23068672,0,23068672,0,70983,0,0,88,0,0,0,0,0,0,0,7023137,0,0,0,0,0
1785978650665|1011|stream64_r2f_01|rotating|248,1378943233,33558272,25060891,24715735,24776580,24715735,24776580,24715735,23702,23612,23610,23610,0,0,3017,0,728793736,727358272,4096,4096,0,0,23610,23610,126217220,126217553,126217236,126217569,0,0,0,0,0,0,0,0,4096,256,131072,4,15|4,0,67108864,262144,256,0,0,0,0,364,0,352,0,91,88,0,1,364,0|290,173180859,9,23321600,0,0,0,0,0,24767234,0,88,0,1281478488,0,1281478488,0,2048,1269475709,0,18339125,0,0,0,0,0
1785978655667|1011|stream64_r2f_01|fixed|250,1378943233,16781056,31252126,30821937,354517,0,354517,0,7524,0,3762,0,0,0,29441,29441,24035192,24035192,4096,4096,0,0,3762,3762,460037294,460037294,460037302,460037302,0,0,0,0,0,0,0,0,4096,256,131072,4,15|4,0,67108864,262144,256,0,0,0,0,452,0,440,0,113,110,0,1,452,0|292,1172720381,9,0,0,28835840,0,28835840,0,88770,0,0,110,0,0,0,0,0,0,0,7067460,0,0,0,0,0
1785978655667|1011|stream64_r2f_01|rotating|250,1378943233,33554687,31344029,30912018,30988385,30912018,30988385,30912018,29644,29530,29527,29527,0,0,3774,0,911453496,909642913,4096,4096,0,0,29528,29528,446993095,446993076,446993047,446993084,0,0,0,0,0,0,0,0,4096,256,131072,4,15|4,0,67108864,262144,256,0,0,0,0,456,0,444,0,114,111,0,1,456,0|292,493073586,9,29137504,0,0,0,0,0,30945123,0,111,0,1599917239,0,1599917239,0,2080,1586074722,0,21322236,0,0,0,0,0
1785978660676|1011|stream64_r2f_01|fixed|252,1378943233,16781056,37533341,37017295,425756,0,425756,0,9036,0,4518,0,0,0,35358,35358,28865216,28865216,4096,4096,0,0,4518,4518,780598138,780598138,780598146,780598146,0,0,0,0,0,0,0,0,4096,256,131072,4,15|4,0,67108864,262144,256,0,0,0,0,544,0,532,0,136,133,0,1,544,0|294,1494488993,9,0,0,34865152,0,34865152,0,106651,0,0,133,0,0,0,0,0,0,0,7111568,0,0,0,0,0
1785978660676|1011|stream64_r2f_01|rotating|252,1378943233,33554687,38148026,37622985,37715203,37622985,37715203,37622985,36078,35940,35937,35937,0,0,4593,0,1109309390,1107106585,4096,4096,0,0,35938,35938,794330979,794330992,794330987,794331000,0,0,0,0,0,0,0,0,4096,256,131072,4,15|4,0,67108864,262144,256,0,0,0,0,552,0,540,0,138,135,0,1,552,0|294,842107640,9,35484288,0,0,0,0,0,37687925,0,135,0,1947364597,0,1947364597,0,2080,1931662112,0,24434979,0,0,0,0,0
1785978665685|1011|stream64_r2f_01|fixed|254,1378943233,16781056,44304859,43695887,502652,0,502652,0,10668,0,5334,0,0,0,41736,41736,34078592,34078592,4096,4096,0,0,5334,5334,1126550111,1126550111,1126550119,1126550119,0,0,0,0,0,0,0,0,4096,256,131072,4,15|5,0,67108864,262144,256,0,0,0,0,640,0,628,0,160,157,0,1,640,0|296,1839546749,9,0,0,41156608,0,41156608,0,125827,0,0,157,0,0,0,0,0,0,0,7160823,0,0,0,0,0
1785978665685|1011|stream64_r2f_01|rotating|254,1378943233,33554687,44405264,43794579,43901481,43794579,43901481,43794579,41994,41834,41831,41831,0,0,5346,0,1291249472,1288687576,4096,4096,0,0,41832,41832,1113714691,1113714688,1113714667,1113714672,0,0,0,0,0,0,0,0,4096,256,131072,4,15|4,0,67108864,262144,256,0,0,0,0,640,0,628,0,160,157,0,1,640,0|296,1161577627,9,41298880,0,0,0,0,0,43860547,0,157,0,2265380936,0,2265380936,0,2080,2247972730,0,27288370,0,0,0,0,0
1785978670698|1011|stream64_r2f_01|fixed|256,1378943233,16781056,50571460,49875809,573799,0,573799,0,12178,0,6089,0,0,0,47639,47639,38902240,38902240,4096,4096,0,0,6089,6089,1446483157,1446483157,1446483165,1446483165,0,0,0,0,0,0,0,0,4096,256,131072,4,15|4,0,67108864,262144,256,0,0,0,0,728,0,716,0,182,179,0,1,728,0|298,2159069116,9,0,0,46923776,0,46923776,0,143591,0,0,179,0,0,0,0,0,0,0,7199106,0,0,0,0,0
1785978670698|1011|stream64_r2f_01|rotating|256,1378943233,33554687,50640240,49943820,50065685,49943820,50065685,49943820,47888,47706,47704,47704,0,0,6097,0,1472526226,1469604101,4096,4096,0,0,47704,47704,1431935116,1431935465,1431935124,1431935473,0,0,0,0,0,0,0,0,4096,256,131072,4,15|4,0,67108864,262144,256,0,0,0,0,728,0,716,0,182,179,0,1,728,0|298,1482286254,9,47129280,0,0,0,0,0,50057634,0,179,0,2584631963,0,2584631963,0,2080,2565521950,0,30141241,0,0,0,0,0
1785978675702|1011|stream64_r2f_01|fixed|258,1378943233,16781056,56821936,56040461,644664,0,644664,0,13682,0,6841,0,0,0,53527,53527,43706752,43706752,4096,4096,0,0,6841,6841,1765324796,1765324796,1765324804,1765324804,0,0,0,0,0,0,0,0,4096,256,131072,4,15|4,0,67108864,262144,256,0,0,0,0,816,0,804,0,204,201,0,1,816,0|300,2478031100,9,0,0,52690944,0,52690944,0,161307,0,0,201,0,0,0,0,0,0,0,7241851,0,0,0,0,0
1785978675702|1011|stream64_r2f_01|rotating|258,1378943233,33558272,56897303,56115067,56251790,56115067,56251790,56115067,53805,53601,53599,53599,0,0,6850,0,1654496416,1651216120,4096,4096,0,0,53599,53599,1751367798,1751368123,1751367806,1751368131,0,0,0,0,0,0,0,0,4096,256,131072,4,15|4,0,67108864,262144,256,0,0,0,0,816,0,804,0,204,201,0,1,816,0|300,1797407535,9,52856928,0,0,0,0,0,56144231,0,201,0,2898321332,0,2898321332,0,2080,2877487059,0,32994504,0,0,0,0,0
1785978680716|1011|stream64_r2f_01|fixed|260,1378943233,16781056,63091432,62222800,715813,0,715813,0,15192,0,7596,0,0,0,59433,59433,48530400,48530400,4096,4096,0,0,7596,7596,2085455202,2085455202,2085455210,2085455210,0,0,0,0,0,0,0,0,4096,256,131072,4,15|4,0,67108864,262144,256,0,0,0,0,904,0,892,0,226,223,0,1,904,0|302,2798052224,9,0,0,58458112,0,58458112,0,179095,0,0,223,0,0,0,0,0,0,0,7286739,0,0,0,0,0
1785978680716|1011|stream64_r2f_01|rotating|260,1378943233,33554687,63163708,62294235,62447139,62294235,62447139,62294235,59730,59504,59501,59501,0,0,7604,0,1836681496,1833041872,4096,4096,0,0,59502,59502,2071195891,2071195888,2071195851,2071195856,0,0,0,0,0,0,0,0,4096,256,131072,4,15|4,0,67108864,262144,256,0,0,0,0,904,0,892,0,226,223,0,1,904,0|302,2117115917,9,58671520,0,0,0,0,0,62321755,0,223,0,3216576066,0,3216576066,0,2080,3194036715,0,35847252,0,0,0,0,0
1785978685728|1011|stream64_r2f_01|fixed|262,1378943233,16781056,69361426,68405702,786962,0,786962,0,16702,0,8351,0,0,0,65338,65338,53354048,53354048,4096,4096,0,0,8351,8351,2405586409,2405586409,2405586417,2405586417,0,0,0,0,0,0,0,0,4096,256,131072,4,15|4,0,67108864,262144,256,0,0,0,0,992,0,980,0,248,245,0,1,992,0|304,3117956303,9,0,0,64225280,0,64225280,0,196858,0,0,245,0,0,0,0,0,0,0,7335816,0,0,0,0,0
1785978685728|1011|stream64_r2f_01|rotating|262,1378943233,33554687,69429303,68472907,68641589,68472907,68641589,68472907,65653,65405,65402,65402,0,0,8359,0,2018833274,2014835008,4096,4096,0,0,65403,65403,2390950270,2390950283,2390950278,2390950267,0,0,0,0,0,0,0,0,4096,256,131072,4,15|4,0,67108864,262144,256,0,0,0,0,992,0,980,0,248,245,0,1,992,0|304,2436999965,9,64487424,0,0,0,0,0,68500392,0,246,0,3535006138,0,3535006138,0,2080,3510700612,0,38756831,0,0,0,0,0
1785978693811|1012|stream64_r2f_02|fixed|266,1378943233,16781056,6133784,6050783,69456,0,69456,0,1474,0,737,0,0,0,5778,5778,4708640,4708640,4096,4096,0,0,737,737,2921052450,2921052450,2921052458,2921052458,0,0,0,0,0,0,0,0,4096,256,131072,4,15|4,0,67108864,262144,256,0,0,0,0,96,0,84,0,24,21,0,1,96,0|312,3633457044,9,0,0,5505024,0,5505024,0,17503,0,0,21,0,0,0,0,0,0,0,6891547,0,0,0,0,0
1785978693811|1012|stream64_r2f_02|rotating|266,1378943233,33554687,6199761,6115947,6129556,6115947,6129556,6115947,5863,5841,5840,5840,0,0,745,0,180273658,179929741,4096,4096,0,0,5841,5841,2906743586,2906743583,2906743594,2906743591,0,0,0,0,0,0,0,0,4096,256,131072,4,15|4,0,67108864,262144,256,0,0,0,0,100,0,88,0,25,22,0,1,100,0|312,2952791480,9,5790880,0,0,0,0,0,6148799,0,22,0,321978977,0,321978977,0,2080,315075399,0,9778215,0,0,0,0,0
1785978698823|1012|stream64_r2f_02|fixed|268,1378943233,16781056,12395857,12226158,140600,0,140600,0,2984,0,1492,0,0,0,11679,11679,9532280,9532280,4096,4096,0,0,1492,1492,3241183304,3241183304,3241183312,3241183312,0,0,0,0,0,0,0,0,4096,256,131072,4,15|5,0,67108864,262144,256,0,0,0,0,188,0,176,0,47,44,0,1,188,0|314,3953553061,9,0,0,11534336,0,11534336,0,35291,0,0,44,0,0,0,0,0,0,0,6943184,0,0,0,0,0
1785978698823|1012|stream64_r2f_02|rotating|268,1378943233,33554687,12462153,12291103,12320799,12291103,12320799,12291103,11787,11743,11741,11741,0,0,1500,0,362436858,361716621,4096,4096,0,0,11742,11742,3226638096,3226638085,3226638104,3226638093,0,0,0,0,0,0,0,0,4096,256,131072,4,15|4,0,67108864,262144,256,0,0,0,0,188,0,176,0,47,44,0,1,188,0|314,3272631987,9,11605472,0,0,0,0,0,12324928,0,44,0,640365836,0,640365836,0,2080,631756758,0,12631385,0,0,0,0,0
1785978703830|1012|stream64_r2f_02|fixed|270,1378943233,16781056,18651286,18394353,211653,0,211653,0,4492,0,2246,0,0,0,17572,17572,14349544,14349544,4096,4096,0,0,2246,2246,3560687079,3560687079,3560687087,3560687087,0,0,0,0,0,0,0,0,4096,256,131072,4,15|4,0,67108864,262144,256,0,0,0,0,276,0,264,0,69,66,0,1,276,0|316,4273067924,9,0,0,17301504,0,17301504,0,53031,0,0,66,0,0,0,0,0,0,0,6985619,0,0,0,0,0
1785978703830|1012|stream64_r2f_02|rotating|270,1378943233,33554687,18715704,18458095,18503390,18458095,18503390,18458095,17701,17635,17633,17633,0,0,2253,0,544309072,543228688,4096,4096,0,0,17634,17634,3545905429,3545905434,3545905421,3545905418,0,0,0,0,0,0,0,0,4096,256,131072,4,15|4,0,67108864,262144,256,0,0,0,0,276,0,264,0,69,66,0,1,276,0|316,3592171411,9,17420064,0,0,0,0,0,18497140,0,66,0,958451612,0,958451612,0,2080,948136886,0,15484703,0,0,0,0,0
1785978708830|1012|stream64_r2f_02|fixed|272,1378943233,16781056,24902115,24558038,282518,0,282518,0,5996,0,2998,0,0,0,23460,23460,19154048,19154048,4096,4096,0,0,2998,2998,3879528422,3879528422,3879528430,3879528430,0,0,0,0,0,0,0,0,4096,256,131072,4,15|4,0,67108864,262144,256,0,0,0,0,364,0,352,0,91,88,0,1,364,0|318,296054625,10,0,0,23068672,0,23068672,0,70700,0,0,88,0,0,0,0,0,0,0,7029896,0,0,0,0,0
1785978708830|1012|stream64_r2f_02|rotating|272,1378943233,33558272,24953753,24609045,24670668,24609045,24670668,24609045,23598,23510,23509,23509,0,0,3004,0,725676984,724238088,4096,4096,0,0,23509,23509,3864282799,3864283148,3864282807,3864283156,0,0,0,0,0,0,0,0,4096,256,131072,4,15|4,0,67108864,262144,256,0,0,0,0,364,0,352,0,91,88,0,1,364,0|318,3910212897,9,23203040,0,0,0,0,0,24641007,0,88,0,1275047354,0,1275047354,0,2080,1263020548,0,18337665,0,0,0,0,0
1785978713832|1012|stream64_r2f_02|fixed|274,1378943233,16781056,31156324,30726942,353479,0,353479,0,7502,0,3751,0,0,0,29350,29350,23964952,23964952,4096,4096,0,0,3751,3751,4198800028,4198800028,4198800036,4198800036,0,0,0,0,0,0,0,0,4096,256,131072,4,15|4,0,67108864,262144,256,0,0,0,0,452,0,440,0,113,110,0,1,452,0|320,616157520,10,0,0,28835840,0,28835840,0,88487,0,0,110,0,0,0,0,0,0,0,7075569,0,0,0,0,0
1785978713832|1012|stream64_r2f_02|rotating|274,1378943233,33554687,31222217,30791955,30867983,30791955,30867983,30791955,29524,29415,29412,29412,0,0,3759,0,907918139,906120022,4096,4096,0,0,29413,29413,4184198318,4184198331,4184198326,4184198339,0,0,0,0,0,0,0,0,4096,256,131072,4,15|4,0,67108864,262144,256,0,0,0,0,452,0,440,0,113,110,0,1,452,0|320,4230200621,9,29025536,0,0,0,0,0,30824062,0,110,0,1593579454,0,1593579454,0,2080,1579848549,0,21191131,0,0,0,0,0
1785978718833|1012|stream64_r2f_02|fixed|276,1378943233,16781056,37409088,36893616,424437,0,424437,0,9008,0,4504,0,0,0,35241,35241,28775800,28775800,4096,4096,0,0,4504,4504,223103901,223103901,223103909,223103909,0,0,0,0,0,0,0,0,4096,256,131072,4,15|4,0,67108864,262144,256,0,0,0,0,540,0,528,0,135,132,0,1,540,0|322,935238072,10,0,0,34603008,0,34603008,0,106227,0,0,132,0,0,0,0,0,0,0,7122638,0,0,0,0,0
1785978718833|1012|stream64_r2f_02|rotating|276,1378943233,33554687,37473646,36957533,37048546,36957533,37048546,36957533,35435,35304,35301,35301,0,0,4511,0,1089695950,1087538528,4096,4096,0,0,35302,35302,208336935,208336956,208336943,208336916,0,0,0,0,0,0,0,0,4096,256,131072,4,15|4,0,67108864,262144,256,0,0,0,0,540,0,528,0,135,132,0,1,540,0|322,254278402,10,34824320,0,0,0,0,0,36987230,0,132,0,1911174835,0,1911174835,0,2080,1895735184,0,24044153,0,0,0,0,0
1785978723848|1012|stream64_r2f_02|fixed|278,1378943233,16781056,43674612,43073529,495493,0,495493,0,10516,0,5258,0,0,0,41143,41143,33593048,33593048,4096,4096,0,0,5258,5258,542805199,542805199,542805207,542805207,0,0,0,0,0,0,0,0,4096,256,131072,4,15|4,0,67108864,262144,256,0,0,0,0,628,0,616,0,157,154,0,1,628,0|324,1256139266,10,0,0,40370176,0,40370176,0,124061,0,0,154,0,0,0,0,0,0,0,7173335,0,0,0,0,0
1785978723848|1012|stream64_r2f_02|rotating|278,1378943233,33557555,43766017,43163740,43269491,43163740,43269491,43163740,41385,41232,41229,41229,0,0,5269,0,1272666520,1270149883,4096,4096,0,0,41230,41230,529522520,529522501,529522528,529522509,0,0,0,0,0,0,0,0,4096,256,131072,4,15|4,0,67108864,262144,256,0,0,0,0,632,0,620,0,158,155,0,1,632,0|324,575899902,10,40671840,0,0,0,0,0,43198441,0,155,0,2231334455,0,2231334455,0,2080,2214061856,0,27027262,0,0,0,0,0
1785978728855|1012|stream64_r2f_02|fixed|280,1378943233,16781056,49937934,49251361,566544,0,566544,0,12024,0,6012,0,0,0,47043,47043,38410280,38410280,4096,4096,0,0,6012,6012,862506011,862506011,862506019,862506019,0,0,0,0,0,0,0,0,4096,256,131072,4,15|5,0,67108864,262144,256,0,0,0,0,720,0,708,0,180,177,0,1,720,0|326,1575812708,10,0,0,46399488,0,46399488,0,141824,0,0,177,0,0,0,0,0,0,0,7224330,0,0,0,0,0
1785978728855|1012|stream64_r2f_02|rotating|280,1378943233,33554687,50032365,49344034,49464691,49344034,49464691,49344034,47310,47134,47131,47131,0,0,6024,0,1454866337,1451974796,4096,4096,0,0,47132,47132,849478699,849478704,849478707,849478712,0,0,0,0,0,0,0,0,4096,256,131072,4,15|4,0,67108864,262144,256,0,0,0,0,720,0,708,0,180,177,0,1,720,0|326,895598936,10,46486432,0,0,0,0,0,49375788,0,177,0,2549579841,0,2549579841,0,2080,2530602020,0,29880154,0,0,0,0,0
1785978733869|1012|stream64_r2f_02|fixed|282,1378943233,16781056,56199726,55425689,637596,0,637596,0,13532,0,6766,0,0,0,52942,52942,43227576,43227576,4096,4096,0,0,6766,6766,1181883683,1181883683,1181883691,1181883691,0,0,0,0,0,0,0,0,4096,256,131072,4,15|4,0,67108864,262144,256,0,0,0,0,808,0,796,0,202,199,0,1,808,0|328,1895612220,10,0,0,52166656,0,52166656,0,159587,0,0,199,0,0,0,0,0,0,0,7260841,0,0,0,0,0
1785978733869|1012|stream64_r2f_02|rotating|282,1378943233,33554687,56293135,55518034,55654500,55518034,55654500,55518034,53230,53032,53029,53029,0,0,6777,0,1636925624,1633675235,4096,4096,0,0,53030,53030,1169073363,1169073384,1169073371,1169073392,0,0,0,0,0,0,0,0,4096,256,131072,4,15|4,0,67108864,262144,256,0,0,0,0,808,0,796,0,202,199,0,1,808,0|328,1215831159,10,52308928,0,0,0,0,0,55562522,0,199,0,2868356440,0,2868356440,0,2080,2847674376,0,32733764,0,0,0,0,0
1785978738892|1012|stream64_r2f_02|fixed|284,1378943233,16781056,62480765,61619384,708839,0,708839,0,15044,0,7522,0,0,0,58857,58857,48057632,48057632,4096,4096,0,0,7522,7522,1502570427,1502570427,1502570435,1502570435,0,0,0,0,0,0,0,0,4096,256,131072,4,15|4,0,67108864,262144,256,0,0,0,0,896,0,884,0,224,221,0,1,896,0|330,2215950178,10,0,0,57933824,0,57933824,0,177398,0,0,221,0,0,0,0,0,0,0,7302579,0,0,0,0,0
1785978738892|1012|stream64_r2f_02|rotating|284,1378943233,33554687,62557252,61694958,61847564,61694958,61847564,61694958,59152,58932,58929,58929,0,0,7531,0,1819042096,1815432648,4096,4096,0,0,58930,58930,1488766609,1488766622,1488766617,1488766590,0,0,0,0,0,0,0,0,4096,256,131072,4,15|4,0,67108864,262144,256,0,0,0,0,896,0,884,0,224,221,0,1,896,0|330,1536419111,10,58147232,0,0,0,0,0,61756900,0,221,0,3187484816,0,3187484816,0,2080,3165102617,0,35586660,0,0,0,0,0
1785978743895|1012|stream64_r2f_02|fixed|286,1378943233,16781056,68734232,67787046,779798,0,779798,0,16550,0,8275,0,0,0,64749,64749,52868496,52868496,4096,4096,0,0,8275,8275,1821841710,1821841710,1821841718,1821841718,0,0,0,0,0,0,0,0,4096,256,131072,4,15|4,0,67108864,262144,256,0,0,0,0,984,0,972,0,246,243,0,1,984,0|332,2535453922,10,0,0,63700992,0,63700992,0,195138,0,0,243,0,0,0,0,0,0,0,7341394,0,0,0,0,0
1785978743895|1012|stream64_r2f_02|rotating|286,1378943233,33554687,68827985,67879669,68047148,67879669,68047148,67879669,65083,64841,64837,64837,0,0,8286,0,2001401839,1997432290,4096,4096,0,0,64838,64838,1808885650,1808885655,1808885658,1808885663,0,0,0,0,0,0,0,0,4096,256,131072,4,15|4,0,67108864,262144,256,0,0,0,0,984,0,972,0,246,243,0,1,984,0|332,1855709734,10,63953920,0,0,0,0,0,67925140,0,243,0,3505323767,0,3505323767,0,2054,3481234372,0,38439829,0,0,0,0,0
1785978752462|1013|stream64_r2f_03|fixed|290,1378943233,16781056,6118851,6033130,69361,0,69361,0,1472,0,736,0,0,0,5767,5767,4702256,4702256,4096,4096,0,0,736,736,2368552011,2368552011,2368552019,2368552019,0,0,0,0,0,0,0,0,4096,256,131072,4,15|4,0,67108864,262144,256,0,0,0,0,96,0,84,0,24,21,0,1,96,0|340,3082165981,10,0,0,5505024,0,5505024,0,17528,0,0,21,0,0,0,0,0,0,0,6890567,0,0,0,0,0
1785978752462|1013|stream64_r2f_03|rotating|290,1378943233,33558033,6210524,6122981,6140036,6122981,6140036,6122981,5877,5854,5854,5854,0,0,748,0,180701498,180341104,4096,4096,0,0,5855,5854,2355545343,2355527587,2355545351,2355527595,0,0,0,0,0,0,0,0,4096,256,131072,4,15|4,0,67108864,262144,256,0,0,0,0,100,0,88,0,25,22,0,1,100,0|340,2401436253,10,5806688,0,0,0,0,0,6156699,0,22,0,322690661,0,322690661,0,2080,315789137,0,9779557,0,0,0,0,0
1785978757476|1013|stream64_r2f_03|fixed|292,1378943233,16781056,12382645,12210503,140506,0,140506,0,2982,0,1491,0,0,0,11675,11675,9525888,9525888,4096,4096,0,0,1491,1491,2688682815,2688682815,2688682823,2688682823,0,0,0,0,0,0,0,0,4096,256,131072,4,15|5,0,67108864,262144,256,0,0,0,0,188,0,176,0,47,44,0,1,188,0|342,3401140324,10,0,0,11534336,0,11534336,0,35267,0,0,44,0,0,0,0,0,0,0,6935354,0,0,0,0,0
1785978757476|1013|stream64_r2f_03|rotating|292,1378943233,33554687,12453079,12279449,12311725,12279449,12311725,12279449,11788,11743,11742,11742,0,0,1500,0,362460120,361740632,4096,4096,0,0,11743,11743,2674611803,2674611808,2674611779,2674611792,0,0,0,0,0,0,0,0,4096,256,131072,4,15|4,0,67108864,262144,256,0,0,0,0,188,0,176,0,47,44,0,1,188,0|342,2721381557,10,11621280,0,0,0,0,0,12329536,0,44,0,641182317,0,641182317,0,2080,632575222,0,12632798,0,0,0,0,0
1785978762487|1013|stream64_r2f_03|fixed|294,1378943233,16781056,18634544,18374359,211559,0,211559,0,4490,0,2245,0,0,0,17571,17571,14343160,14343160,4096,4096,0,0,2245,2245,3008186579,3008186579,3008186587,3008186587,0,0,0,0,0,0,0,0,4096,256,131072,4,15|4,0,67108864,262144,256,0,0,0,0,276,0,264,0,69,66,0,1,276,0|344,3720973906,10,0,0,17301504,0,17301504,0,53031,0,0,66,0,0,0,0,0,0,0,6983024,0,0,0,0,0
1785978762487|1013|stream64_r2f_03|rotating|294,1378943233,33556360,18708898,18447693,18496490,18447693,18496490,18447693,17708,17641,17641,17641,0,0,2254,0,544542672,543463504,4096,4096,0,0,17641,17641,2994231387,2994231696,2994231395,2994231704,0,0,0,0,0,0,0,0,4096,256,131072,4,15|4,0,67108864,262144,256,0,0,0,0,276,0,264,0,69,66,0,1,276,0|344,3040279540,10,17420064,0,0,0,0,0,18483327,0,66,0,958630604,0,958630604,0,2080,948314542,0,15486041,0,0,0,0,0
1785978767496|1013|stream64_r2f_03|fixed|296,1378943233,16781056,24894334,24548180,282707,0,282707,0,6000,0,3000,0,0,0,23473,23473,19166840,19166840,4096,4096,0,0,3000,3000,3328321014,3328321014,3328321022,3328321022,0,0,0,0,0,0,0,0,4096,256,131072,4,15|4,0,67108864,262144,256,0,0,0,0,364,0,352,0,91,88,0,1,364,0|346,4040736075,10,0,0,23068672,0,23068672,0,70818,0,0,88,0,0,0,0,0,0,0,7029063,0,0,0,0,0
1785978767496|1013|stream64_r2f_03|rotating|296,1378943233,33554687,24962502,24615579,24679041,24615579,24679041,24615579,23627,23538,23537,23537,0,0,3008,0,726561885,725123504,4096,4096,0,0,23538,23538,3313767152,3313767165,3313767160,3313767149,0,0,0,0,0,0,0,0,4096,256,131072,4,15|4,0,67108864,262144,256,0,0,0,0,364,0,352,0,91,88,0,1,364,0|346,3359849056,10,23234656,0,0,0,0,0,24650918,0,88,0,1276746472,0,1276746472,0,2080,1264721342,0,18342779,0,0,0,0,0
1785978772503|1013|stream64_r2f_03|fixed|298,1378943233,16781056,31145391,30712252,353666,0,353666,0,7506,0,3753,0,0,0,29366,29366,23977704,23977704,4096,4096,0,0,3753,3753,3647600155,3647600155,3647600163,3647600163,0,0,0,0,0,0,0,0,4096,256,131072,4,15|4,0,67108864,262144,256,0,0,0,0,452,0,440,0,113,110,0,1,452,0|348,65161583,11,0,0,28835840,0,28835840,0,88558,0,0,110,0,0,0,0,0,0,0,7071486,0,0,0,0,0
1785978772503|1013|stream64_r2f_03|rotating|298,1378943233,33558272,31220429,30786538,30865912,30786538,30865912,30786538,29548,29437,29437,29437,0,0,3762,0,908661160,906864480,4096,4096,0,0,29437,29437,3633430283,3633430592,3633430291,3633430600,0,0,0,0,0,0,0,0,4096,256,131072,4,15|4,0,67108864,262144,256,0,0,0,0,452,0,440,0,113,110,0,1,452,0|348,3679533504,10,29049248,0,0,0,0,0,30822351,0,110,0,1594977272,0,1594977272,0,2080,1581238782,0,21203809,0,0,0,0,0
1785978777504|1013|stream64_r2f_03|fixed|300,1378943233,16781056,37393468,36874035,424627,0,424627,0,9012,0,4506,0,0,0,35257,35257,28788592,28788592,4096,4096,0,0,4506,4506,3966880051,3966880051,3966880059,3966880059,0,0,0,0,0,0,0,0,4096,256,131072,4,15|4,0,67108864,262144,256,0,0,0,0,540,0,528,0,135,132,0,1,540,0|350,384387686,11,0,0,34603008,0,34603008,0,106298,0,0,132,0,0,0,0,0,0,0,7115908,0,0,0,0,0
1785978777504|1013|stream64_r2f_03|rotating|300,1378943233,33554687,37479637,36959372,37054069,36959372,37054069,36959372,35473,35340,35339,35339,0,0,4516,0,1090848172,1088691519,4096,4096,0,0,35340,35340,3953270007,3953270028,3953270015,3953270036,0,0,0,0,0,0,0,0,4096,256,131072,4,15|4,0,67108864,262144,256,0,0,0,0,540,0,532,0,136,133,0,1,544,0|350,3999862570,10,34873056,0,0,0,0,0,37001413,0,133,0,1913850386,0,1913850386,0,2080,1898264939,0,24195836,0,0,0,0,0
1785978782505|1013|stream64_r2f_03|fixed|302,1378943233,16781056,43635549,43031678,495493,0,495493,0,10516,0,5258,0,0,0,41144,41144,33593048,33593048,4096,4096,0,0,5258,5258,4285730417,4285730417,4285730425,4285730425,0,0,0,0,0,0,0,0,4096,256,131072,4,15|4,0,67108864,262144,256,0,0,0,0,628,0,616,0,157,154,0,1,628,0|352,703562786,11,0,0,40370176,0,40370176,0,124014,0,0,154,0,0,0,0,0,0,0,7162946,0,0,0,0,0
1785978782505|1013|stream64_r2f_03|rotating|302,1378943233,33558272,43714932,43110232,43218595,43110232,43218595,43110232,41374,41219,41219,41219,0,0,5267,0,1272346784,1269834472,4096,4096,0,0,41219,41219,4271883058,4271883383,4271883066,4271883391,0,0,0,0,0,0,0,0,4096,256,131072,4,15|4,0,67108864,262144,256,0,0,0,0,632,0,620,0,158,155,0,1,632,0|352,24771393,11,40687648,0,0,0,0,0,43175636,0,155,0,2232272857,0,2232272857,0,2080,2214973432,0,27057484,0,0,0,0,0
1785978787512|1013|stream64_r2f_03|fixed|304,1378943233,16781056,49892471,49203552,566544,0,566544,0,12024,0,6012,0,0,0,47043,47043,38410280,38410280,4096,4096,0,0,6012,6012,310473207,310473207,310473215,310473215,0,0,0,0,0,0,0,0,4096,256,131072,4,15|5,0,67108864,262144,256,0,0,0,0,720,0,708,0,180,177,0,1,720,0|354,1023223723,11,0,0,46399488,0,46399488,0,141800,0,0,177,0,0,0,0,0,0,0,7209445,0,0,0,0,0
1785978787512|1013|stream64_r2f_03|rotating|304,1378943233,33554687,49980213,49289611,49412632,49289611,49412632,49289611,47305,47127,47126,47126,0,0,6023,0,1454699105,1451813476,4096,4096,0,0,47127,47127,297166507,297166528,297166515,297166536,0,0,0,0,0,0,0,0,4096,256,131072,4,15|4,0,67108864,262144,256,0,0,0,0,720,0,708,0,180,177,0,1,720,0|354,343649118,11,46486432,0,0,0,0,0,49330410,0,177,0,2549700886,0,2549700886,0,2080,2530683572,0,29919649,0,0,0,0,0
1785978792518|1013|stream64_r2f_03|fixed|306,1378943233,16781056,56133266,55357226,637596,0,637596,0,13532,0,6766,0,0,0,52934,52934,43227576,43227576,4096,4096,0,0,6766,6766,629857864,629857864,629857872,629857872,0,0,0,0,0,0,0,0,4096,256,131072,4,15|4,0,67108864,262144,256,0,0,0,0,808,0,796,0,202,199,0,1,808,0|356,1342207460,11,0,0,52166656,0,52166656,0,159517,0,0,199,0,0,0,0,0,0,0,7254693,0,0,0,0,0
1785978792518|1013|stream64_r2f_03|rotating|306,1378943233,33554687,56217737,55440814,55579291,55440814,55579291,55440814,53215,53014,53013,53013,0,0,6775,0,1636424592,1633178960,4096,4096,0,0,53014,53014,616183300,616183321,616183308,616183305,0,0,0,0,0,0,0,0,4096,256,131072,4,15|4,0,67108864,262144,256,0,0,0,0,808,0,796,0,202,199,0,1,808,0|356,662869730,11,52293120,0,0,0,0,0,55485199,0,199,0,2867469826,0,2867469826,0,2080,2846737974,0,32780160,0,0,0,0,0
1785978797530|1013|stream64_r2f_03|fixed|308,1378943233,16781056,62393075,61529689,708650,0,708650,0,15040,0,7520,0,0,0,58841,58841,48044840,48044840,4096,4096,0,0,7520,7520,949693669,949693669,949693677,949693677,0,0,0,0,0,0,0,0,4096,256,131072,4,15|4,0,67108864,262144,256,0,0,0,0,896,0,884,0,224,221,0,1,896,0|358,1663111050,11,0,0,57933824,0,57933824,0,177351,0,0,221,0,0,0,0,0,0,0,7298229,0,0,0,0,0
1785978797530|1013|stream64_r2f_03|rotating|308,1378943233,33554687,62489063,61624424,61779280,61624424,61779280,61624424,59155,58932,58931,58931,0,0,7532,0,1819096537,1815493028,4096,4096,0,0,58932,58932,936853501,936853522,936853509,936853530,0,0,0,0,0,0,0,0,4096,256,131072,4,15|4,0,67108864,262144,256,0,0,0,0,896,0,884,0,224,221,0,1,896,0|358,983000619,11,58115616,0,0,0,0,0,61658702,0,221,0,3186145091,0,3186145091,0,2080,3163701234,0,35641532,0,0,0,0,0
1785978802533|1013|stream64_r2f_03|fixed|310,1378943233,16781056,68657099,67707672,779893,0,779893,0,16552,0,8276,0,0,0,64751,64751,52874880,52874880,4096,4096,0,0,8276,8276,1270260906,1270260906,1270260914,1270260914,0,0,0,0,0,0,0,0,4096,256,131072,4,15|4,0,67108864,262144,256,0,0,0,0,984,0,972,0,246,243,0,1,984,0|360,1982816888,11,0,0,63700992,0,63700992,0,195115,0,0,243,0,0,0,0,0,0,0,7334163,0,0,0,0,0
1785978802533|1013|stream64_r2f_03|rotating|310,1378943233,33554687,68731418,67781290,67950769,67781290,67950769,67781290,65067,64822,64821,64821,0,0,8284,0,2000907850,1996945037,4096,4096,0,0,64822,64822,1256023622,1256023611,1256023630,1256023619,0,0,0,0,0,0,0,0,4096,256,131072,4,15|4,0,67108864,262144,256,0,0,0,0,984,0,972,0,246,243,0,1,984,0|360,1302122384,11,63922304,0,0,0,0,0,67813590,0,243,0,3503815184,0,3503815184,0,2080,3479657489,0,38501343,0,0,0,0,0
1785978811083|1014|stream64_r2f_04|fixed|314,1378943233,16781056,6166958,6080770,69924,0,69924,0,1484,0,742,0,0,0,5813,5813,4740560,4740560,4096,4096,0,0,742,742,1818433865,1818433865,1818433873,1818433873,0,0,0,0,0,0,0,0,4096,256,131072,4,15|4,0,67108864,262144,256,0,0,0,0,96,0,88,0,25,22,0,1,100,0|368,2530742465,11,0,0,5767168,0,5767168,0,17622,0,0,22,0,0,0,0,0,0,0,6895203,0,0,0,0,0
1785978811083|1014|stream64_r2f_04|rotating|314,1378943233,33554687,6244275,6156474,6173409,6156474,6173409,6156474,5909,5886,5885,5885,0,0,752,0,181680624,181319575,4096,4096,0,0,5886,5886,1804544039,1804543996,1804544007,1804544004,0,0,0,0,0,0,0,0,4096,256,131072,4,15|4,0,67108864,262144,256,0,0,0,0,100,0,88,0,25,22,0,1,100,0|368,1851197852,11,5846208,0,0,0,0,0,6204881,0,22,0,325145449,0,325145449,0,2080,318244598,0,9787419,0,0,0,0,0
1785978816084|1014|stream64_r2f_04|fixed|316,1378943233,16781056,12405588,12234225,140788,0,140788,0,2988,0,1494,0,0,0,11698,11698,9545064,9545064,4096,4096,0,0,1494,1494,2137283601,2137283601,2137283609,2137283609,0,0,0,0,0,0,0,0,4096,256,131072,4,15|4,0,67108864,262144,256,0,0,0,0,188,0,176,0,47,44,0,1,188,0|370,2849926374,11,0,0,11534336,0,11534336,0,35362,0,0,44,0,0,0,0,0,0,0,6933527,0,0,0,0,0
1785978816084|1014|stream64_r2f_04|rotating|316,1378943233,33556599,12477575,12304691,12335939,12304691,12335939,12304691,11812,11767,11766,11766,0,0,1503,0,363196472,362474942,4096,4096,0,0,11767,11767,2123205306,2123205295,2123205282,2123205303,0,0,0,0,0,0,0,0,4096,256,131072,4,15|4,0,67108864,262144,256,0,0,0,0,188,0,176,0,47,44,0,1,188,0|370,2169396363,11,11637088,0,0,0,0,0,12343081,0,44,0,641896240,0,641896240,0,2080,633276242,0,12649145,0,0,0,0,0
1785978821089|1014|stream64_r2f_04|fixed|318,1378943233,16781056,18672910,18413767,212030,0,212030,0,4500,0,2250,0,0,0,17608,17608,14375120,14375120,4096,4096,0,0,2250,2250,2457655317,2457655317,2457655325,2457655325,0,0,0,0,0,0,0,0,4096,256,131072,4,15|4,0,67108864,262144,256,0,0,0,0,276,0,264,0,69,66,0,1,276,0|372,3170127000,11,0,0,17301504,0,17301504,0,53149,0,0,66,0,0,0,0,0,0,0,6978553,0,0,0,0,0
1785978821089|1014|stream64_r2f_04|rotating|318,1378943233,33558272,18764315,18503978,18551247,18503978,18551247,18503978,17761,17694,17694,17694,0,0,2261,0,546180184,545101376,4096,4096,0,0,17694,17694,2444399723,2444400080,2444399731,2444400088,0,0,0,0,0,0,0,0,4096,256,131072,4,15|4,0,67108864,262144,256,0,0,0,0,276,0,264,0,69,66,0,1,276,0|372,2490491206,11,17475392,0,0,0,0,0,18539535,0,66,0,961531507,0,961531507,0,2080,951203111,0,15510304,0,0,0,0,0
1785978826099|1014|stream64_r2f_04|fixed|320,1378943233,16781056,24966576,24621076,283461,0,283461,0,6016,0,3008,0,0,0,23542,23542,19217944,19217944,4096,4096,0,0,3008,3008,2779082546,2779082546,2779082554,2779082554,0,0,0,0,0,0,0,0,4096,256,131072,4,15|4,0,67108864,262144,256,0,0,0,0,364,0,352,0,91,88,0,1,364,0|374,3492090118,11,0,0,23068672,0,23068672,0,71031,0,0,88,0,0,0,0,0,0,0,7019510,0,0,0,0,0
1785978826099|1014|stream64_r2f_04|rotating|320,1378943233,33558272,25044590,24698242,24760279,24698242,24760279,24698242,23705,23616,23616,23616,0,0,3017,0,728980568,727542416,4096,4096,0,0,23616,23616,2765289837,2765290194,2765289853,2765290202,0,0,0,0,0,0,0,0,4096,256,131072,4,15|4,0,67108864,262144,256,0,0,0,0,364,0,352,0,91,88,0,1,364,0|374,2812535974,11,23330816,0,0,0,0,0,24755545,0,89,0,1282112419,0,1282112419,0,2080,1270079973,0,18370558,0,0,0,0,0
1785978831099|1014|stream64_r2f_04|fixed|322,1378943233,16781056,31216944,30785066,354422,0,354422,0,7522,0,3761,0,0,0,29434,29434,24028808,24028808,4096,4096,0,0,3761,3761,3098361459,3098361459,3098361467,3098361467,0,0,0,0,0,0,0,0,4096,256,131072,4,15|4,0,67108864,262144,256,0,0,0,0,452,0,440,0,113,110,0,1,452,0|376,3811757367,11,0,0,28835840,0,28835840,0,88793,0,0,110,0,0,0,0,0,0,0,7063407,0,0,0,0,0
1785978831099|1014|stream64_r2f_04|rotating|322,1378943233,33554687,31297132,30864331,30941771,30864331,30941771,30864331,29622,29511,29510,29510,0,0,3771,0,910930839,909132322,4096,4096,0,0,29511,29511,3084712070,3084712075,3084712078,3084712091,0,0,0,0,0,0,0,0,4096,256,131072,4,15|4,0,67108864,262144,256,0,0,0,0,456,0,444,0,114,111,0,1,456,0|376,3131276093,11,29129600,0,0,0,0,0,30905207,0,111,0,1599402842,0,1599402842,0,2080,1585519173,0,21361711,0,0,0,0,0
1785978836102|1014|stream64_r2f_04|fixed|324,1378943233,16781056,37480314,36961942,425568,0,425568,0,9032,0,4516,0,0,0,35341,35341,28852424,28852424,4096,4096,0,0,4516,4516,3418499385,3418499385,3418499393,3418499393,0,0,0,0,0,0,0,0,4096,256,131072,4,15|4,0,67108864,262144,256,0,0,0,0,544,0,532,0,136,133,0,1,544,0|378,4133136155,11,0,0,34865152,0,34865152,0,106651,0,0,133,0,0,0,0,0,0,0,7116083,0,0,0,0,0
1785978836102|1014|stream64_r2f_04|rotating|324,1378943233,33554687,37589910,37069559,37163023,37069559,37163023,37069559,35580,35445,35444,35444,0,0,4530,0,1094096592,1091921607,4096,4096,0,0,35445,35445,3406364880,3406364861,3406364872,3406364869,0,0,0,0,0,0,0,0,4096,256,131072,4,15|4,0,67108864,262144,256,0,0,0,0,544,0,532,0,136,133,0,1,544,0|378,3453045086,11,34983712,0,0,0,0,0,37115478,0,133,0,1919708307,0,1919708307,0,2080,1904121039,0,24221465,0,0,0,0,0
1785978841115|1014|stream64_r2f_04|fixed|326,1378943233,16781056,43756768,43151150,496903,0,496903,0,10546,0,5273,0,0,0,41259,41259,33688864,33688864,4096,4096,0,0,5273,5273,3739299892,3739299892,3739299900,3739299900,0,0,0,0,0,0,0,0,4096,256,131072,4,15|4,0,67108864,262144,256,0,0,0,0,632,0,620,0,158,155,0,1,632,0|380,157093627,12,0,0,40632320,0,40632320,0,124367,0,0,155,0,0,0,0,0,0,0,7159741,0,0,0,0,0
1785978841115|1014|stream64_r2f_04|rotating|326,1378943233,33554687,43847857,43241186,43349916,43241186,43349916,43241186,41502,41345,41344,41344,0,0,5284,0,1276232656,1273697211,4096,4096,0,0,41345,41345,3726092840,3726092837,3726092800,3726092845,0,0,0,0,0,0,0,0,4096,256,131072,4,15|4,0,67108864,262144,256,0,0,0,0,632,0,620,0,158,155,0,1,632,0|380,3772357844,11,40790400,0,0,0,0,0,43278896,0,155,0,2237569393,0,2237569393,0,2066,2220267515,0,27082048,0,0,0,0,0
1785978846119|1014|stream64_r2f_04|fixed|328,1378943233,16781056,50025547,49335260,568052,0,568052,0,12056,0,6028,0,0,0,47170,47170,38512568,38512568,4096,4096,0,0,6028,6028,4059437676,4059437676,4059437684,4059437684,0,0,0,0,0,0,0,0,4096,256,131072,4,15|4,0,67108864,262144,256,0,0,0,0,720,0,708,0,180,177,0,1,720,0|382,477923872,12,0,0,46399488,0,46399488,0,142201,0,0,177,0,0,0,0,0,0,0,7213823,0,0,0,0,0
1785978846119|1014|stream64_r2f_04|rotating|328,1378943233,33554687,50122890,49431354,49553705,49431354,49553705,49431354,47441,47262,47261,47261,0,0,6040,0,1458872958,1455978817,4096,4096,0,0,47262,47262,4046705920,4046705941,4046705928,4046705949,0,0,0,0,0,0,0,0,4096,256,131072,4,15|4,0,67108864,262144,256,0,0,0,0,720,0,708,0,180,177,0,1,720,0|382,4093650629,11,46628704,0,0,0,0,0,49480956,0,177,0,2557402602,0,2557402602,0,2080,2538393382,0,29942151,0,0,0,0,0
1785978851126|1014|stream64_r2f_04|fixed|330,1378943233,16781056,56297143,55519419,639295,0,639295,0,13568,0,6784,0,0,0,53083,53083,43342600,43342600,4096,4096,0,0,6784,6784,85039042,85039042,85039050,85039050,0,0,0,0,0,0,0,0,4096,256,131072,4,15|4,0,67108864,262144,256,0,0,0,0,808,0,796,0,202,199,0,1,808,0|384,797770137,12,0,0,52166656,0,52166656,0,159965,0,0,199,0,0,0,0,0,0,0,7259103,0,0,0,0,0
1785978851126|1014|stream64_r2f_04|rotating|330,1378943233,33554687,56373146,55594449,55733004,55594449,55733004,55594449,53356,53155,53154,53154,0,0,6793,0,1640787180,1637533592,4096,4096,0,0,53155,53155,71083313,71083334,71083321,71083310,0,0,0,0,0,0,0,0,4096,256,131072,4,15|4,0,67108864,262144,256,0,0,0,0,808,0,796,0,202,199,0,1,812,0|384,117915639,12,52436704,0,0,0,0,0,55638854,0,200,0,2875182908,0,2875182908,0,2080,2854323859,0,32933656,0,0,0,0,0
1785978856138|1014|stream64_r2f_04|fixed|332,1378943233,16781056,62580613,61715333,710630,0,710630,0,15082,0,7541,0,0,0,59007,59007,48178960,48178960,4096,4096,0,0,7541,7541,406038036,406038036,406038044,406038044,0,0,0,0,0,0,0,0,4096,256,131072,4,15|4,0,67108864,262144,256,0,0,0,0,896,0,884,0,224,221,0,1,896,0|386,1118438683,12,0,0,57933824,0,57933824,0,177775,0,0,221,0,0,0,0,0,0,0,7304840,0,0,0,0,0
1785978856138|1014|stream64_r2f_04|rotating|332,1378943233,33558272,62642137,61775482,61930754,61775482,61930754,61775482,59289,59065,59065,59065,0,0,7549,0,1823221688,1819593080,4096,4096,0,0,59065,59065,391457875,391458208,391457883,391458216,0,0,0,0,0,0,0,0,4096,256,131072,4,15|4,0,67108864,262144,256,0,0,0,0,900,0,888,0,225,222,0,1,900,0|386,437498291,12,58243392,0,0,0,0,0,61807691,0,222,0,3193313888,0,3193313888,0,2080,3170739354,0,35795114,0,0,0,0,0
1785978861138|1014|stream64_r2f_04|fixed|334,1378943233,16781056,68838699,67886690,781776,0,781776,0,16592,0,8296,0,0,0,64907,64907,53002656,53002656,4096,4096,0,0,8296,8296,725853490,725853490,725853498,725853498,0,0,0,0,0,0,0,0,4096,256,131072,4,15|4,0,67108864,262144,256,0,0,0,0,988,0,976,0,247,244,0,1,988,0|388,1438459405,12,0,0,63963136,0,63963136,0,195585,0,0,244,0,0,0,0,0,0,0,7350589,0,0,0,0,0
1785978861138|1014|stream64_r2f_04|rotating|334,1378943233,33558272,68915036,67962195,68132410,67962195,68132410,67962195,65225,64979,64979,64979,0,0,8305,0,2005775792,2001787576,4096,4096,0,0,64979,64979,711919646,711919979,711919654,711919987,0,0,0,0,0,0,0,0,4096,256,131072,4,15|4,0,67108864,262144,256,0,0,0,0,988,0,976,0,247,244,0,1,988,0|388,758078327,12,64073792,0,0,0,0,0,67995904,0,244,0,3512436324,0,3512436324,0,2080,3488151185,0,38656783,0,0,0,0,0
1785978869557|1015|stream64_r2f_05|fixed|338,1378943233,16781056,6170564,6085431,69924,0,69924,0,1484,0,742,0,0,0,5817,5817,4740560,4740560,4096,4096,0,0,742,742,1265765298,1265765298,1265765306,1265765306,0,0,0,0,0,0,0,0,4096,256,131072,4,15|5,0,67108864,262144,256,0,0,0,0,100,0,88,0,25,22,0,1,100,0|396,1978645200,12,0,0,5767168,0,5767168,0,17645,0,0,22,0,0,0,0,0,0,0,6895259,0,0,0,0,0
1785978869557|1015|stream64_r2f_05|rotating|338,1378943233,33554687,6238666,6152042,6167895,6152042,6167895,6152042,5905,5882,5881,5881,0,0,751,0,181539136,181179193,4096,4096,0,0,5882,5882,1251637983,1251637980,1251637959,1251637988,0,0,0,0,0,0,0,0,4096,256,131072,4,15|4,0,67108864,262144,256,0,0,0,0,100,0,88,0,25,22,0,1,100,0|396,1297661350,12,5830400,0,0,0,0,0,6187819,0,22,0,324278612,0,324278612,0,2080,317375944,0,9785816,0,0,0,0,0
1785978874572|1015|stream64_r2f_05|fixed|340,1378943233,16781056,12424828,12253061,141071,0,141071,0,2994,0,1497,0,0,0,11716,11716,9564232,9564232,4096,4096,0,0,1497,1497,1585707983,1585707983,1585707991,1585707991,0,0,0,0,0,0,0,0,4096,256,131072,4,15|4,0,67108864,262144,256,0,0,0,0,188,0,176,0,47,44,0,1,188,0|398,2298368253,12,0,0,11534336,0,11534336,0,35409,0,0,44,0,0,0,0,0,0,0,6940186,0,0,0,0,0
1785978874572|1015|stream64_r2f_05|rotating|340,1378943233,33554687,12499608,12326957,12357688,12326957,12357688,12326957,11833,11788,11787,11787,0,0,1506,0,363845808,363126866,4096,4096,0,0,11788,11788,1571670188,1571670177,1571670164,1571670185,0,0,0,0,0,0,0,0,4096,256,131072,4,15|4,0,67108864,262144,256,0,0,0,0,188,0,176,0,47,44,0,1,188,0|398,1618085874,12,11660800,0,0,0,0,0,12369339,0,44,0,643245536,0,643245536,0,2080,634631676,0,12648072,0,0,0,0,0
1785978879574|1015|stream64_r2f_05|fixed|342,1378943233,16781056,18694184,18435153,212314,0,212314,0,4506,0,2253,0,0,0,17628,17628,14394312,14394312,4096,4096,0,0,2253,2253,1906276864,1906276864,1906276872,1906276872,0,0,0,0,0,0,0,0,4096,256,131072,4,15|4,0,67108864,262144,256,0,0,0,0,276,0,264,0,69,66,0,1,276,0|400,2618798492,12,0,0,17301504,0,17301504,0,53220,0,0,66,0,0,0,0,0,0,0,6980385,0,0,0,0,0
1785978879574|1015|stream64_r2f_05|rotating|342,1378943233,33554687,18762557,18502839,18549489,18502839,18549489,18502839,17760,17695,17692,17692,0,0,2261,0,546142152,545065720,4096,4096,0,0,17693,17693,1891675826,1891675847,1891675834,1891675831,0,0,0,0,0,0,0,0,4096,256,131072,4,15|4,0,67108864,262144,256,0,0,0,0,276,0,264,0,69,66,0,1,276,0|400,1937760226,12,17475392,0,0,0,0,0,18538030,0,66,0,961466240,0,961466240,0,2080,951138624,0,15509498,0,0,0,0,0
1785978884584|1015|stream64_r2f_05|fixed|344,1378943233,16781056,24970132,24625560,283556,0,283556,0,6018,0,3009,0,0,0,23546,23546,19224344,19224344,4096,4096,0,0,3009,3009,2226845763,2226845763,2226845771,2226845771,0,0,0,0,0,0,0,0,4096,256,131072,4,15|4,0,67108864,262144,256,0,0,0,0,364,0,352,0,91,88,0,1,364,0|402,2939548174,12,0,0,23068672,0,23068672,0,71031,0,0,88,0,0,0,0,0,0,0,7031685,0,0,0,0,0
1785978884584|1015|stream64_r2f_05|rotating|344,1378943233,33558272,25062638,24717071,24778046,24717071,24778046,24717071,23723,23636,23634,23634,0,0,3020,0,729535976,728100608,4096,4096,0,0,23634,23634,2213591552,2213591877,2213591560,2213591885,0,0,0,0,0,0,0,0,4096,256,131072,4,15|4,0,67108864,262144,256,0,0,0,0,368,0,356,0,92,89,0,1,368,0|402,2261073570,12,23354528,0,0,0,0,0,24775485,0,89,0,1283309800,0,1283309800,0,2080,1271147330,0,18501301,0,0,0,0,0
1785978889590|1015|stream64_r2f_05|fixed|346,1378943233,16781056,31254774,30822725,354893,0,354893,0,7532,0,3766,0,0,0,29471,29471,24060712,24060712,4096,4096,0,0,3766,3766,2547843753,2547843753,2547843761,2547843761,0,0,0,0,0,0,0,0,4096,256,131072,4,15|4,0,67108864,262144,256,0,0,0,0,452,0,440,0,113,110,0,1,452,0|404,3259356306,12,0,0,28835840,0,28835840,0,88793,0,0,110,0,0,0,0,0,0,0,7075608,0,0,0,0,0
1785978889590|1015|stream64_r2f_05|rotating|346,1378943233,33554687,31309474,30876799,30954018,30876799,30954018,30876799,29634,29525,29522,29522,0,0,3772,0,911305625,909509788,4096,4096,0,0,29523,29523,2532697404,2532697425,2532697412,2532697433,0,0,0,0,0,0,0,0,4096,256,131072,4,15|4,0,67108864,262144,256,0,0,0,0,456,0,444,0,114,111,0,1,456,0|404,2578642616,12,29129600,0,0,0,0,0,30905253,0,111,0,1599435078,0,1599435078,0,2080,1585551464,0,21361630,0,0,0,0,0
1785978894607|1015|stream64_r2f_05|fixed|348,1378943233,16781056,37520917,37000976,426132,0,426132,0,9044,0,4522,0,0,0,35379,35379,28890792,28890792,4096,4096,0,0,4522,4522,2868088180,2868088180,2868088188,2868088188,0,0,0,0,0,0,0,0,4096,256,131072,4,15|4,0,67108864,262144,256,0,0,0,0,544,0,532,0,136,133,0,1,544,0|406,3580581730,12,0,0,34865152,0,34865152,0,106651,0,0,133,0,0,0,0,0,0,0,7122468,0,0,0,0,0
1785978894607|1015|stream64_r2f_05|rotating|348,1378943233,33558272,37592641,37071973,37165754,37071973,37165754,37071973,35581,35449,35447,35447,0,0,4530,0,1094181072,1092010184,4096,4096,0,0,35447,35447,2853833089,2853833438,2853833097,2853833446,0,0,0,0,0,0,0,0,4096,256,131072,4,15|4,0,67108864,262144,256,0,0,0,0,544,0,532,0,136,133,0,1,544,0|406,2899894366,12,34967904,0,0,0,0,0,37105821,0,133,0,1919227252,0,1919227252,0,2080,1903635100,0,24222929,0,0,0,0,0
1785978899615|1015|stream64_r2f_05|fixed|350,1378943233,16781056,43796746,43191304,497375,0,497375,0,10556,0,5278,0,0,0,41297,41297,33720848,33720848,4096,4096,0,0,5278,5278,3188783686,3188783686,3188783694,3188783694,0,0,0,0,0,0,0,0,4096,256,131072,4,15|4,0,67108864,262144,256,0,0,0,0,632,0,620,0,158,155,0,1,632,0|408,3900261610,12,0,0,40632320,0,40632320,0,124414,0,0,155,0,0,0,0,0,0,0,7167751,0,0,0,0,0
1785978899615|1015|stream64_r2f_05|rotating|350,1378943233,33554687,43845744,43239742,43347803,43239742,43347803,43239742,41500,41346,41343,41343,0,0,5284,0,1276182573,1273652496,4096,4096,0,0,41344,41344,3173350413,3173350402,3173350421,3173350410,0,0,0,0,0,0,0,0,4096,256,131072,4,15|4,0,67108864,262144,256,0,0,0,0,632,0,620,0,158,155,0,1,632,0|408,3220141438,12,40798304,0,0,0,0,0,43287510,0,155,0,2238016724,0,2238016724,0,2080,2220714613,0,27083952,0,0,0,0,0
1785978904626|1015|stream64_r2f_05|fixed|352,1378943233,16781056,50071700,49381159,568617,0,568617,0,12068,0,6034,0,0,0,47213,47213,38550880,38550880,4096,4096,0,0,6034,6034,3509352560,3509352560,3509352568,3509352568,0,0,0,0,0,0,0,0,4096,256,131072,4,15|4,0,67108864,262144,256,0,0,0,0,720,0,708,0,180,177,0,1,720,0|410,4221984467,12,0,0,46399488,0,46399488,0,142296,0,0,177,0,0,0,0,0,0,0,7215067,0,0,0,0,0
1785978904626|1015|stream64_r2f_05|rotating|352,1378943233,33554687,50146859,49455550,49577392,49455550,49577392,49455550,47464,47287,47284,47284,0,0,6043,0,1459572016,1456684512,4096,4096,0,0,47285,47285,3495266993,3495266990,3495266969,3495266966,0,0,0,0,0,0,0,0,4096,256,131072,4,15|4,0,67108864,262144,256,0,0,0,0,720,0,708,0,180,177,0,1,720,0|410,3541297278,12,46636608,0,0,0,0,0,49487254,0,177,0,2557712988,0,2557712988,0,2080,2538702202,0,29945388,0,0,0,0,0
1785978909634|1015|stream64_r2f_05|fixed|354,1378943233,16781056,56367530,55589677,640142,0,640142,0,13586,0,6793,0,0,0,53150,53150,43400032,43400032,4096,4096,0,0,6793,6793,3831211107,3831211107,3831211115,3831211115,0,0,0,0,0,0,0,0,4096,256,131072,4,15|4,0,67108864,262144,256,0,0,0,0,808,0,796,0,202,199,0,1,808,0|412,248485513,13,0,0,52166656,0,52166656,0,160153,0,0,199,0,0,0,0,0,0,0,7261824,0,0,0,0,0
1785978909634|1015|stream64_r2f_05|rotating|354,1378943233,33554687,56443771,55664311,55802782,55664311,55802782,55664311,53424,53225,53221,53221,0,0,6802,0,1642851780,1639589375,4096,4096,0,0,53222,53222,3817112796,3817112761,3817112804,3817112769,0,0,0,0,0,0,0,0,4096,256,131072,4,15|4,0,67108864,262144,256,0,0,0,0,812,0,800,0,203,200,0,1,812,0|412,3862760302,12,52484128,0,0,0,0,0,55688364,0,200,0,2877714132,0,2877714132,0,2080,2856861699,0,32937196,0,0,0,0,0
1785978914641|1015|stream64_r2f_05|fixed|356,1378943233,16781056,62617262,61752025,711100,0,711100,0,15092,0,7546,0,0,0,59042,59042,48210936,48210936,4096,4096,0,0,7546,7546,4150489255,4150489255,4150489263,4150489263,0,0,0,0,0,0,0,0,4096,256,131072,4,15|4,0,67108864,262144,256,0,0,0,0,900,0,888,0,225,222,0,1,900,0|414,568824901,13,0,0,58195968,0,58195968,0,177963,0,0,222,0,0,0,0,0,0,0,7307014,0,0,0,0,0
1785978914641|1015|stream64_r2f_05|rotating|356,1378943233,33554687,62705409,61838379,61993271,61838379,61993271,61838379,59350,59129,59125,59125,0,0,7557,0,1825073910,1821452273,4096,4096,0,0,59126,59126,4137004634,4137004631,4137004650,4137004639,0,0,0,0,0,0,0,0,4096,256,131072,4,15|4,0,67108864,262144,256,0,0,0,0,900,0,888,0,225,222,0,1,900,0|414,4182925956,12,58306624,0,0,0,0,0,61868865,0,222,0,3196424162,0,3196424162,0,2080,3173861211,0,35797081,0,0,0,0,0
1785978919652|1015|stream64_r2f_05|fixed|358,1378943233,16781056,68893392,67940930,782342,0,782342,0,16604,0,8302,0,0,0,64959,64959,53040992,53040992,4096,4096,0,0,8302,8302,175894147,175894147,175894155,175894155,0,0,0,0,0,0,0,0,4096,256,131072,4,15|4,0,67108864,262144,256,0,0,0,0,988,0,976,0,247,244,0,1,988,0|416,889668222,13,0,0,63963136,0,63963136,0,195798,0,0,244,0,0,0,0,0,0,0,7351340,0,0,0,0,0
1785978919652|1015|stream64_r2f_05|rotating|358,1378943233,33554687,68991274,68037596,68207799,68037596,68207799,68037596,65298,65055,65051,65051,0,0,8314,0,2008003330,2004021669,4096,4096,0,0,65052,65052,163149028,163149001,163149036,163149009,0,0,0,0,0,0,0,0,4096,256,131072,4,15|4,0,67108864,262144,256,0,0,0,0,988,0,976,0,247,244,0,1,988,0|416,209969986,13,64160736,0,0,0,0,0,68084883,0,244,0,3516971960,0,3516971960,0,2080,3492703140,0,38659105,0,0,0,0,0
1785978928028|1016|stream64_r2f_06|fixed|362,1378943233,16781056,6140092,6055127,69643,0,69643,0,1478,0,739,0,0,0,5788,5788,4721392,4721392,4096,4096,0,0,739,739,712233258,712233258,712233266,712233266,0,0,0,0,0,0,0,0,4096,256,131072,4,15|4,0,67108864,262144,256,0,0,0,0,96,0,84,0,24,21,0,1,96,0|424,1424768329,13,0,0,5505024,0,5505024,0,17551,0,0,21,0,0,0,0,0,0,0,6892570,0,0,0,0,0
1785978928028|1016|stream64_r2f_06|rotating|362,1378943233,33558033,6211009,6124498,6140521,6124498,6140521,6124498,5878,5855,5855,5855,0,0,748,0,180732440,180373360,4096,4096,0,0,5856,5855,697995050,697977086,697995058,697977094,0,0,0,0,0,0,0,0,4096,256,131072,4,15|4,0,67108864,262144,256,0,0,0,0,100,0,88,0,25,22,0,1,100,0|424,744204988,13,5814592,0,0,0,0,0,6163972,0,22,0,323060968,0,323060968,0,2080,316161798,0,9778929,0,0,0,0,0
1785978933032|1016|stream64_r2f_06|fixed|364,1378943233,16781056,12420766,12248991,141071,0,141071,0,2994,0,1497,0,0,0,11712,11712,9564232,9564232,4096,4096,0,0,1497,1497,1033456062,1033456062,1033456070,1033456070,0,0,0,0,0,0,0,0,4096,256,131072,4,15|4,0,67108864,262144,256,0,0,0,0,188,0,176,0,47,44,0,1,188,0|426,1746726538,13,0,0,11534336,0,11534336,0,35456,0,0,44,0,0,0,0,0,0,0,6943133,0,0,0,0,0
1785978933032|1016|stream64_r2f_06|rotating|364,1378943233,33554687,12518757,12345998,12376648,12345998,12376648,12345998,11851,11806,11805,11805,0,0,1508,0,364401638,363682833,4096,4096,0,0,11806,11806,1020388613,1020388618,1020388621,1020388626,0,0,0,0,0,0,0,0,4096,256,131072,4,15|4,0,67108864,262144,256,0,0,0,0,188,0,176,0,47,44,0,1,188,0|426,1066663737,13,11676608,0,0,0,0,0,12385461,0,44,0,644054213,0,644054213,0,2080,635459652,0,12632172,0,0,0,0,0
1785978938050|1016|stream64_r2f_06|fixed|366,1378943233,16781056,18689243,18430644,212219,0,212219,0,4504,0,2252,0,0,0,17624,17624,14387912,14387912,4096,4096,0,0,2252,2252,1353594127,1353594127,1353594135,1353594135,0,0,0,0,0,0,0,0,4096,256,131072,4,15|4,0,67108864,262144,256,0,0,0,0,276,0,264,0,69,66,0,1,276,0|428,2066103805,13,0,0,17301504,0,17301504,0,53196,0,0,66,0,0,0,0,0,0,0,6982484,0,0,0,0,0
1785978938050|1016|stream64_r2f_06|rotating|366,1378943233,33554687,18759167,18499830,18546194,18499830,18546194,18499830,17757,17690,17689,17689,0,0,2260,0,546046779,544970134,4096,4096,0,0,17690,17690,1339261844,1339261833,1339261860,1339261841,0,0,0,0,0,0,0,0,4096,256,131072,4,15|4,0,67108864,262144,256,0,0,0,0,276,0,264,0,69,66,0,1,276,0|428,1385543904,13,17475392,0,0,0,0,0,18538793,0,66,0,961484684,0,961484684,0,2080,951174022,0,15492549,0,0,0,0,0
1785978943063|1016|stream64_r2f_06|fixed|368,1378943233,16781056,24972033,24627157,283556,0,283556,0,6018,0,3009,0,0,0,23548,23548,19224344,19224344,4096,4096,0,0,3009,3009,1674593487,1674593487,1674593495,1674593495,0,0,0,0,0,0,0,0,4096,256,131072,4,15|4,0,67108864,262144,256,0,0,0,0,364,0,352,0,91,88,0,1,364,0|430,2387399260,13,0,0,23068672,0,23068672,0,71031,0,0,88,0,0,0,0,0,0,0,7027749,0,0,0,0,0
1785978943063|1016|stream64_r2f_06|rotating|368,1378943233,33558272,25065052,24719116,24780460,24719116,24780460,24719116,23726,23636,23636,23636,0,0,3020,0,729595584,728161312,4096,4096,0,0,23636,23636,1661447958,1661448283,1661447966,1661448291,0,0,0,0,0,0,0,0,4096,256,131072,4,15|4,0,67108864,262144,256,0,0,0,0,364,0,352,0,91,88,0,1,364,0|430,1707633501,13,23330816,0,0,0,0,0,24755330,0,89,0,1282110425,0,1282110425,0,2080,1270093811,0,18354705,0,0,0,0,0
1785978948067|1016|stream64_r2f_06|fixed|370,1378943233,16781056,31237739,30805436,354705,0,354705,0,7528,0,3764,0,0,0,29454,29454,24047952,24047952,4096,4096,0,0,3764,3764,1994732718,1994732718,1994732734,1994732734,0,0,0,0,0,0,0,0,4096,256,131072,4,15|4,0,67108864,262144,256,0,0,0,0,452,0,440,0,113,110,0,1,452,0|432,2707233750,13,0,0,28835840,0,28835840,0,88817,0,0,110,0,0,0,0,0,0,0,7069480,0,0,0,0,0
1785978948067|1016|stream64_r2f_06|rotating|370,1378943233,33554687,31311974,30878798,30956424,30878798,30956424,30878798,29637,29525,29525,29525,0,0,3773,0,911376090,909582453,4096,4096,0,0,29525,29525,1980566637,1980566978,1980566645,1980566986,0,0,0,0,0,0,0,0,4096,256,131072,4,15|4,0,67108864,262144,256,0,0,0,0,456,0,444,0,114,111,0,1,456,0|432,2026661538,13,29137504,0,0,0,0,0,30910489,0,111,0,1599686790,0,1599686790,0,2080,1585820277,0,21346231,0,0,0,0,0
1785978953078|1016|stream64_r2f_06|fixed|372,1378943233,16781056,37514681,36996359,425944,0,425944,0,9040,0,4520,0,0,0,35374,35374,28878000,28878000,4096,4096,0,0,4520,4520,2315302263,2315302263,2315302271,2315302271,0,0,0,0,0,0,0,0,4096,256,131072,4,15|4,0,67108864,262144,256,0,0,0,0,544,0,532,0,136,133,0,1,544,0|434,3028492077,13,0,0,34865152,0,34865152,0,106674,0,0,133,0,0,0,0,0,0,0,7110523,0,0,0,0,0
1785978953078|1016|stream64_r2f_06|rotating|372,1378943233,33554687,37600747,37080718,37173765,37080718,37173765,37080718,35591,35456,35455,35455,0,0,4531,0,1094429906,1092259901,4096,4096,0,0,35456,35456,2302037898,2302037879,2302037906,2302037887,0,0,0,0,0,0,0,0,4096,256,131072,4,15|4,0,67108864,262144,256,0,0,0,0,544,0,532,0,136,133,0,1,544,0|434,2348260687,13,34983712,0,0,0,0,0,37117712,0,133,0,1919824387,0,1919824387,0,2080,1904250173,0,24208390,0,0,0,0,0
1785978958078|1016|stream64_r2f_06|fixed|374,1378943233,16781056,43794864,43190360,497375,0,497375,0,10556,0,5278,0,0,0,41296,41296,33720848,33720848,4096,4096,0,0,5278,5278,2636534185,2636534185,2636534193,2636534193,0,0,0,0,0,0,0,0,4096,256,131072,4,15|4,0,67108864,262144,256,0,0,0,0,632,0,620,0,158,155,0,1,632,0|436,3349007028,13,0,0,40632320,0,40632320,0,124485,0,0,155,0,0,0,0,0,0,0,7151726,0,0,0,0,0
1785978958078|1016|stream64_r2f_06|rotating|374,1378943233,33554687,43883361,43277872,43385042,43277872,43385042,43277872,41537,41380,41379,41379,0,0,5288,0,1277299992,1274768565,4096,4096,0,0,41380,41380,2623047835,2623047824,2623047827,2623047832,0,0,0,0,0,0,0,0,4096,256,131072,4,15|4,0,67108864,262144,256,0,0,0,0,632,0,620,0,158,155,0,1,632,0|436,2669541465,13,40829920,0,0,0,0,0,43319674,0,155,0,2239643613,0,2239643613,0,2080,2222361785,0,27070462,0,0,0,0,0
1785978963084|1016|stream64_r2f_06|fixed|376,1378943233,16781056,50046802,49357151,568334,0,568334,0,12062,0,6031,0,0,0,47190,47190,38531712,38531712,4096,4096,0,0,6031,6031,2955814676,2955814676,2955814684,2955814684,0,0,0,0,0,0,0,0,4096,256,131072,4,15|4,0,67108864,262144,256,0,0,0,0,720,0,708,0,180,177,0,1,720,0|438,3668494422,13,0,0,46399488,0,46399488,0,142225,0,0,177,0,0,0,0,0,0,0,7196334,0,0,0,0,0
1785978963084|1016|stream64_r2f_06|rotating|376,1378943233,33554687,50122584,49432086,49553399,49432086,49553399,49432086,47441,47262,47261,47261,0,0,6040,0,1458878988,1455987240,4096,4096,0,0,47262,47262,2941808017,2941808022,2941808025,2941807990,0,0,0,0,0,0,0,0,4096,256,131072,4,15|4,0,67108864,262144,256,0,0,0,0,720,0,708,0,180,177,0,1,720,0|438,2988643914,13,46628704,0,0,0,0,0,49479097,0,177,0,2557296366,0,2557296366,0,2080,2538296439,0,29932837,0,0,0,0,0
1785978968095|1016|stream64_r2f_06|fixed|378,1378943233,16781056,56323413,55546629,639578,0,639578,0,13574,0,6787,0,0,0,53109,53108,43361744,43361744,4096,4096,0,0,6787,6787,3276386367,3276386367,3276386375,3276386375,0,0,0,0,0,0,0,0,4096,256,131072,4,15|4,0,67108864,262144,256,0,0,0,0,808,0,796,0,202,199,0,1,808,0|440,3989073506,13,0,0,52166656,0,52166656,0,160035,0,0,199,0,0,0,0,0,0,0,7242206,0,0,0,0,0
1785978968095|1016|stream64_r2f_06|rotating|378,1378943233,33558272,56401970,55624070,55761453,55624070,55761453,55624070,53384,53183,53183,53183,0,0,6797,0,1641654352,1638403824,4096,4096,0,0,53183,53183,3262650445,3262650786,3262650453,3262650794,0,0,0,0,0,0,0,0,4096,256,131072,4,15|4,0,67108864,262144,256,0,0,0,0,812,0,800,0,203,200,0,1,812,0|440,3310417213,13,52476224,0,0,0,0,0,55686523,0,200,0,2877607785,0,2877607785,0,2080,2856763919,0,32926937,0,0,0,0,0
1785978973098|1016|stream64_r2f_06|fixed|380,1378943233,16781056,62595099,61731156,710818,0,710818,0,15086,0,7543,0,0,0,59021,59021,48191760,48191760,4096,4096,0,0,7543,7543,3596953792,3596953792,3596953800,3596953800,0,0,0,0,0,0,0,0,4096,256,131072,4,15|5,0,67108864,262144,256,0,0,0,0,900,0,888,0,225,222,0,1,900,0|442,14464192,14,0,0,58195968,0,58195968,0,177845,0,0,222,0,0,0,0,0,0,0,7290431,0,0,0,0,0
1785978973098|1016|stream64_r2f_06|rotating|380,1378943233,33554687,62659346,61794085,61947775,61794085,61947775,61794085,59308,59083,59082,59082,0,0,7551,0,1823758052,1820130848,4096,4096,0,0,59083,59083,3582463738,3582463767,3582463746,3582463743,0,0,0,0,0,0,0,0,4096,256,131072,4,15|4,0,67108864,262144,256,0,0,0,0,900,0,888,0,225,222,0,1,900,0|442,3628566592,13,58267104,0,0,0,0,0,61827416,0,222,0,3194309444,0,3194309444,0,2080,3171748201,0,35786893,0,0,0,0,0
1785978978106|1016|stream64_r2f_06|fixed|382,1378943233,16781056,68864065,67912676,782059,0,782059,0,16598,0,8299,0,0,0,64931,64931,53021800,53021800,4096,4096,0,0,8299,8299,3917325738,3917325738,3917325746,3917325746,0,0,0,0,0,0,0,0,4096,256,131072,4,15|4,0,67108864,262144,256,0,0,0,0,988,0,976,0,247,244,0,1,988,0|444,334902626,14,0,0,63963136,0,63963136,0,195656,0,0,244,0,0,0,0,0,0,0,7340873,0,0,0,0,0
1785978978106|1016|stream64_r2f_06|rotating|382,1378943233,33554687,68938943,67986726,68156034,67986726,68156034,67986726,65249,65002,65001,65001,0,0,8308,0,2006466631,2002480328,4096,4096,0,0,65002,65002,3903195565,3903195594,3903195573,3903195562,0,0,0,0,0,0,0,0,4096,256,131072,4,15|4,0,67108864,262144,256,0,0,0,0,988,0,976,0,247,244,0,1,988,0|444,3949360709,13,64097504,0,0,0,0,0,68021025,0,244,0,3513645961,0,3513645961,0,2080,3489373982,0,38648693,0,0,0,0,0
1785978986501|1017|stream64_r2f_07|fixed|386,1378943233,16781056,6163938,6078037,69830,0,69830,0,1482,0,741,0,0,0,5804,5804,4734160,4734160,4096,4096,0,0,741,741,160839478,160839478,160839486,160839486,0,0,0,0,0,0,0,0,4096,256,131072,4,15|4,0,67108864,262144,256,0,0,0,0,96,0,84,0,24,21,0,1,100,0|452,873454740,14,0,0,5767168,0,5767168,0,17622,0,0,22,0,0,0,0,0,0,0,6896845,0,0,0,0,0
1785978986501|1017|stream64_r2f_07|rotating|386,1378943233,33554687,6230093,6142638,6159510,6142638,6159510,6142638,5890,5867,5867,5867,0,0,749,0,181101389,180741912,4096,4096,0,0,5867,5867,146369960,146370285,146369968,146370293,0,0,0,0,0,0,0,0,4096,256,131072,4,15|4,0,67108864,262144,256,0,0,0,0,100,0,88,0,25,22,0,1,100,0|452,192466366,14,5822496,0,0,0,0,0,6180076,0,22,0,323580608,0,323580608,0,2080,316674363,0,9787712,0,0,0,0,0
1785978991504|1017|stream64_r2f_07|fixed|388,1378943233,16781056,12414549,12241684,140788,0,140788,0,2988,0,1494,0,0,0,11695,11695,9545064,9545064,4096,4096,0,0,1494,1494,480118454,480118454,480118462,480118462,0,0,0,0,0,0,0,0,4096,256,131072,4,15|4,0,67108864,262144,256,0,0,0,0,188,0,176,0,47,44,0,1,188,0|454,1192525654,14,0,0,11534336,0,11534336,0,35338,0,0,44,0,0,0,0,0,0,0,6939103,0,0,0,0,0
1785978991504|1017|stream64_r2f_07|rotating|388,1378943233,33554687,12479637,12305390,12338095,12305390,12338095,12305390,11802,11757,11756,11756,0,0,1502,0,362893878,362174889,4096,4096,0,0,11757,11757,465518832,465518853,465518840,465518869,0,0,0,0,0,0,0,0,4096,256,131072,4,15|4,0,67108864,262144,256,0,0,0,0,188,0,176,0,47,44,0,1,188,0|454,511540949,14,11621280,0,0,0,0,0,12341402,0,44,0,641205495,0,641205495,0,2080,632582792,0,12648446,0,0,0,0,0
1785978996509|1017|stream64_r2f_07|fixed|390,1378943233,16781056,18684149,18423826,211937,0,211937,0,4498,0,2249,0,0,0,17602,17602,14368728,14368728,4096,4096,0,0,2249,2249,800064058,800064058,800064066,800064066,0,0,0,0,0,0,0,0,4096,256,131072,4,15|4,0,67108864,262144,256,0,0,0,0,276,0,264,0,69,66,0,1,276,0|456,1512801647,14,0,0,17301504,0,17301504,0,53125,0,0,66,0,0,0,0,0,0,0,6982218,0,0,0,0,0
1785978996509|1017|stream64_r2f_07|rotating|390,1378943233,33558272,18758465,18497244,18545680,18497244,18545680,18497244,17739,17672,17672,17672,0,0,2258,0,545499872,544421864,4096,4096,0,0,17672,17672,786060110,786060435,786060118,786060443,0,0,0,0,0,0,0,0,4096,256,131072,4,15|4,0,67108864,262144,256,0,0,0,0,276,0,264,0,69,66,0,1,276,0|456,832371506,14,17459584,0,0,0,0,0,18538605,0,66,0,960576476,0,960576476,0,2080,950241738,0,15513242,0,0,0,0,0
1785979001509|1017|stream64_r2f_07|fixed|392,1378943233,16781056,24955935,24610219,283085,0,283085,0,6008,0,3004,0,0,0,23510,23510,19192400,19192400,4096,4096,0,0,3004,3004,1120202076,1120202076,1120202084,1120202084,0,0,0,0,0,0,0,0,4096,256,131072,4,15|4,0,67108864,262144,256,0,0,0,0,364,0,352,0,91,88,0,1,364,0|458,1832917734,14,0,0,23068672,0,23068672,0,70912,0,0,88,0,0,0,0,0,0,0,7021822,0,0,0,0,0
1785979001509|1017|stream64_r2f_07|rotating|392,1378943233,33554687,25022858,24676376,24739018,24676376,24739018,24676376,23663,23574,23573,23573,0,0,3012,0,727669152,726229997,4096,4096,0,0,23574,23574,1105861554,1105861535,1105861530,1105861543,0,0,0,0,0,0,0,0,4096,256,131072,4,15|4,0,67108864,262144,256,0,0,0,0,364,0,352,0,91,88,0,1,364,0|458,1151981684,14,23274176,0,0,0,0,0,24713179,0,88,0,1278733006,0,1278733006,0,2080,1266685563,0,18373617,0,0,0,0,0
1785979006509|1017|stream64_r2f_07|fixed|394,1378943233,16781056,31228494,30795334,354234,0,354234,0,7518,0,3759,0,0,0,29417,29417,24016056,24016056,4096,4096,0,0,3759,3759,1440341638,1440341638,1440341646,1440341646,0,0,0,0,0,0,0,0,4096,256,131072,4,15|4,0,67108864,262144,256,0,0,0,0,452,0,440,0,113,110,0,1,452,0|460,2151940905,14,0,0,28835840,0,28835840,0,88653,0,0,110,0,0,0,0,0,0,0,7065472,0,0,0,0,0
1785979006509|1017|stream64_r2f_07|rotating|394,1378943233,33554687,31277598,30844002,30922799,30844002,30922799,30844002,29575,29464,29463,29463,0,0,3765,0,909491824,907693208,4096,4096,0,0,29464,29464,1425047516,1425047513,1425047500,1425047465,0,0,0,0,0,0,0,0,4096,256,131072,4,15|4,0,67108864,262144,256,0,0,0,0,452,0,440,0,113,110,0,1,452,0|460,1471011945,14,29072960,0,0,0,0,0,30877011,0,110,0,1596313571,0,1596313571,0,2080,1582548529,0,21235492,0,0,0,0,0
1785979011524|1017|stream64_r2f_07|fixed|396,1378943233,16781056,37510821,36991844,425474,0,425474,0,9030,0,4515,0,0,0,35335,35335,28846024,28846024,4096,4096,0,0,4515,4515,1760911379,1760911379,1760911387,1760911387,0,0,0,0,0,0,0,0,4096,256,131072,4,15|5,0,67108864,262144,256,0,0,0,0,544,0,532,0,136,133,0,1,544,0|462,2474347714,14,0,0,34865152,0,34865152,0,106556,0,0,133,0,0,0,0,0,0,0,7110709,0,0,0,0,0
1785979011524|1017|stream64_r2f_07|rotating|396,1378943233,33558272,37596989,37076402,37170479,37076402,37170479,37076402,35551,35418,35417,35417,0,0,4526,0,1093253440,1091080640,4096,4096,0,0,35417,35417,1747731604,1747731937,1747731612,1747731945,0,0,0,0,0,0,0,0,4096,256,131072,4,15|4,0,67108864,262144,256,0,0,0,0,544,0,532,0,136,133,0,1,544,0|462,1793828167,14,34944192,0,0,0,0,0,37110837,0,133,0,1917661985,0,1917661985,0,2080,1902059616,0,24228071,0,0,0,0,0
1785979016537|1017|stream64_r2f_07|fixed|398,1378943233,16781056,43797070,43191377,496903,0,496903,0,10546,0,5273,0,0,0,41258,41257,33688864,33688864,4096,4096,0,0,5273,5273,2082143335,2082143335,2082143343,2082143343,0,0,0,0,0,0,0,0,4096,256,131072,4,15|4,0,67108864,262144,256,0,0,0,0,632,0,620,0,158,155,0,1,632,0|464,2794878258,14,0,0,40632320,0,40632320,0,124367,0,0,155,0,0,0,0,0,0,0,7159065,0,0,0,0,0
1785979016537|1017|stream64_r2f_07|rotating|398,1378943233,33554687,43866607,43260135,43368948,43260135,43368948,43260135,41480,41325,41323,41323,0,0,5281,0,1275572456,1273041465,4096,4096,0,0,41324,41324,2067799270,2067799243,2067799254,2067799251,0,0,0,0,0,0,0,0,4096,256,131072,4,15|4,0,67108864,262144,256,0,0,0,0,632,0,620,0,158,155,0,1,632,0|464,2113891855,14,40766688,0,0,0,0,0,43294467,0,155,0,2236270049,0,2236270049,0,2080,2218955220,0,27089898,0,0,0,0,0
1785979021544|1017|stream64_r2f_07|fixed|400,1378943233,16781056,50076864,49383429,568147,0,568147,0,12058,0,6029,0,0,0,47173,47173,38518960,38518960,4096,4096,0,0,6029,6029,2402713367,2402713367,2402713375,2402713375,0,0,0,0,0,0,0,0,4096,256,131072,4,15|4,0,67108864,262144,256,0,0,0,0,720,0,708,0,180,177,0,1,720,0|466,3115298867,14,0,0,46399488,0,46399488,0,142178,0,0,177,0,0,0,0,0,0,0,7206913,0,0,0,0,0
1785979021544|1017|stream64_r2f_07|rotating|400,1378943233,33558272,50144797,49450592,49575895,49450592,49575895,49450592,47415,47238,47237,47237,0,0,6037,0,1458113000,1455223976,4096,4096,0,0,47237,47237,2388226430,2388226755,2388226438,2388226763,0,0,0,0,0,0,0,0,4096,256,131072,4,15|4,0,67108864,262144,256,0,0,0,0,720,0,708,0,180,177,0,1,720,0|466,2434334052,14,46589184,0,0,0,0,0,49485872,0,177,0,2555256622,0,2555256622,0,2080,2536228587,0,29952471,0,0,0,0,0
1785979026547|1017|stream64_r2f_07|fixed|402,1378943233,16781056,56343781,55563868,639295,0,639295,0,13568,0,6784,0,0,0,53082,53082,43342600,43342600,4096,4096,0,0,6784,6784,2722851433,2722851433,2722851441,2722851441,0,0,0,0,0,0,0,0,4096,256,131072,4,15|4,0,67108864,262144,256,0,0,0,0,808,0,796,0,202,199,0,1,808,0|468,3435206091,14,0,0,52166656,0,52166656,0,159942,0,0,199,0,0,0,0,0,0,0,7253258,0,0,0,0,0
1785979026547|1017|stream64_r2f_07|rotating|402,1378943233,33554687,56409909,55629226,55769860,55629226,55769860,55629226,53345,53147,53144,53144,0,0,6792,0,1640457929,1637210452,4096,4096,0,0,53145,53145,2708340294,2708340267,2708340302,2708340275,0,0,0,0,0,0,0,0,4096,256,131072,4,15|4,0,67108864,262144,256,0,0,0,0,808,0,796,0,202,199,0,1,808,0|468,2754430977,14,52411680,0,0,0,0,0,55663355,0,199,0,2873897923,0,2873897923,0,2080,2853158874,0,32812852,0,0,0,0,0
1785979031559|1017|stream64_r2f_07|fixed|404,1378943233,16781056,62638429,61770598,710724,0,710724,0,15084,0,7542,0,0,0,59016,59016,48185360,48185360,4096,4096,0,0,7542,7542,3044279100,3044279100,3044279108,3044279108,0,0,0,0,0,0,0,0,4096,256,131072,4,15|4,0,67108864,262144,256,0,0,0,0,896,0,884,0,224,221,0,1,896,0|470,3756270121,14,0,0,57933824,0,57933824,0,177798,0,0,221,0,0,0,0,0,0,0,7295863,0,0,0,0,0
1785979031559|1017|stream64_r2f_07|rotating|404,1378943233,33554687,62691473,61822261,61980090,61822261,61980090,61822261,59290,59069,59066,59066,0,0,7549,0,1823256473,1819631472,4096,4096,0,0,59067,59067,3029352201,3029352222,3029352209,3029352206,0,0,0,0,0,0,0,0,4096,256,131072,4,15|4,0,67108864,262144,256,0,0,0,0,900,0,888,0,225,222,0,1,900,0|470,3076499874,14,58267104,0,0,0,0,0,61877667,0,222,0,3194502964,0,3194502964,0,2080,3171924822,0,35803803,0,0,0,0,0
1785979036573|1017|stream64_r2f_07|fixed|406,1378943233,16781056,68900195,67945332,781871,0,781871,0,16594,0,8297,0,0,0,64919,64919,53009032,53009032,4096,4096,0,0,8297,8297,3364222146,3364222146,3364222154,3364222154,0,0,0,0,0,0,0,0,4096,256,131072,4,15|4,0,67108864,262144,256,0,0,0,0,988,0,976,0,247,244,0,1,988,0|472,4077016059,14,0,0,63963136,0,63963136,0,195609,0,0,244,0,0,0,0,0,0,0,7336591,0,0,0,0,0
1785979036573|1017|stream64_r2f_07|rotating|406,1378943233,33554687,68976528,68020837,68193808,68020837,68193808,68020837,65236,64993,64990,64990,0,0,8306,0,2006138596,2002155048,4096,4096,0,0,64991,64991,3350378494,3350378491,3350378502,3350378443,0,0,0,0,0,0,0,0,4096,256,131072,4,15|4,0,67108864,262144,256,0,0,0,0,988,0,976,0,247,244,0,1,988,0|472,3396452535,14,64089600,0,0,0,0,0,68054433,0,244,0,3513000001,0,3513000001,0,2080,3488708966,0,38666063,0,0,0,0,0
1785979044992|1018|stream64_r2f_08|fixed|410,1378943233,16781056,6147309,6061299,69643,0,69643,0,1478,0,739,0,0,0,5788,5788,4721392,4721392,4096,4096,0,0,739,739,3903223920,3903223920,3903223928,3903223928,0,0,0,0,0,0,0,0,4096,256,131072,4,15|4,0,67108864,262144,256,0,0,0,0,96,0,84,0,24,21,0,1,96,0|480,320753107,15,0,0,5505024,0,5505024,0,17551,0,0,21,0,0,0,0,0,0,0,6892271,0,0,0,0,0
1785979044992|1018|stream64_r2f_08|rotating|410,1378943233,33554687,6220507,6132940,6150019,6132940,6150019,6132940,5881,5858,5857,5857,0,0,748,0,180816997,180458944,4096,4096,0,0,5858,5858,3889127618,3889127615,3889127626,3889127623,0,0,0,0,0,0,0,0,4096,256,131072,4,15|4,0,67108864,262144,256,0,0,0,0,100,0,88,0,25,22,0,1,100,0|480,3935955709,14,5822496,0,0,0,0,0,6184634,0,22,0,323824223,0,323824223,0,2080,316918492,0,9787227,0,0,0,0,0
1785979049993|1018|stream64_r2f_08|fixed|412,1378943233,16781056,12417555,12245372,140788,0,140788,0,2988,0,1494,0,0,0,11698,11698,9545064,9545064,4096,4096,0,0,1494,1494,4223363050,4223363050,4223363058,4223363058,0,0,0,0,0,0,0,0,4096,256,131072,4,15|4,0,67108864,262144,256,0,0,0,0,188,0,176,0,47,44,0,1,188,0|482,640849762,15,0,0,11534336,0,11534336,0,35338,0,0,44,0,0,0,0,0,0,0,6935938,0,0,0,0,0
1785979049993|1018|stream64_r2f_08|rotating|412,1378943233,33554687,12489654,12315901,12348018,12315901,12348018,12315901,11811,11766,11765,11765,0,0,1503,0,363186768,362470032,4096,4096,0,0,11766,11766,4209268608,4209268613,4209268584,4209268573,0,0,0,0,0,0,0,0,4096,256,131072,4,15|4,0,67108864,262144,256,0,0,0,0,188,0,176,0,47,44,0,1,188,0|482,4255403878,14,11637088,0,0,0,0,0,12353240,0,44,0,641818744,0,641818744,0,2080,633199333,0,12648577,0,0,0,0,0
1785979055000|1018|stream64_r2f_08|fixed|414,1378943233,16781056,18693436,18433524,212030,0,212030,0,4500,0,2250,0,0,0,17611,17611,14375120,14375120,4096,4096,0,0,2250,2250,248768066,248768066,248768074,248768074,0,0,0,0,0,0,0,0,4096,256,131072,4,15|4,0,67108864,262144,256,0,0,0,0,276,0,264,0,69,66,0,1,276,0|484,961716727,15,0,0,17301504,0,17301504,0,53172,0,0,66,0,0,0,0,0,0,0,6981088,0,0,0,0,0
1785979055000|1018|stream64_r2f_08|rotating|414,1378943233,33558272,18786757,18525911,18573689,18525911,18573689,18525911,17766,17699,17699,17699,0,0,2261,0,546331904,545257048,4096,4096,0,0,17699,17699,235786002,235786335,235786010,235786343,0,0,0,0,0,0,0,0,4096,256,131072,4,15|4,0,67108864,262144,256,0,0,0,0,276,0,264,0,69,66,0,1,276,0|484,283233783,15,17507008,0,0,0,0,0,18589293,0,66,0,963148465,0,963148465,0,2080,952826921,0,15510259,0,0,0,0,0
1785979060015|1018|stream64_r2f_08|fixed|416,1378943233,16781056,24977849,24632209,283368,0,283368,0,6014,0,3007,0,0,0,23531,23531,19211544,19211544,4096,4096,0,0,3007,3007,569767267,569767267,569767275,569767275,0,0,0,0,0,0,0,0,4096,256,131072,4,15|4,0,67108864,262144,256,0,0,0,0,364,0,352,0,91,88,0,1,364,0|486,1282365225,15,0,0,23068672,0,23068672,0,70983,0,0,88,0,0,0,0,0,0,0,7028887,0,0,0,0,0
1785979060015|1018|stream64_r2f_08|rotating|416,1378943233,33554687,25057669,24711239,24773452,24711239,24773452,24711239,23696,23607,23606,23606,0,0,3016,0,728682168,727248827,4096,4096,0,0,23607,23607,555907693,555907690,555907661,555907698,0,0,0,0,0,0,0,0,4096,256,131072,4,15|4,0,67108864,262144,256,0,0,0,0,364,0,352,0,91,88,0,1,364,0|486,602828372,15,23321600,0,0,0,0,0,24763275,0,88,0,1281289406,0,1281289406,0,2048,1269253530,0,18372261,0,0,0,0,0
1785979065030|1018|stream64_r2f_08|fixed|418,1378943233,16781056,31271129,30838225,354705,0,354705,0,7528,0,3764,0,0,0,29458,29458,24047952,24047952,4096,4096,0,0,3764,3764,890766199,890766199,890766215,890766215,0,0,0,0,0,0,0,0,4096,256,131072,4,15|4,0,67108864,262144,256,0,0,0,0,456,0,444,0,114,111,0,1,456,0|488,1612078793,15,0,0,29097984,0,29097984,0,89312,0,0,111,0,0,0,0,0,0,0,7076355,0,0,0,0,0
1785979065030|1018|stream64_r2f_08|rotating|418,1378943233,33554687,31512096,31076011,31154658,31076011,31154658,31076011,29799,29686,29685,29685,0,0,3793,0,916316472,914507279,4096,4096,0,0,29686,29686,885342194,885342175,885342178,885342183,0,0,0,0,0,0,0,0,4096,256,131072,4,15|4,0,67108864,262144,256,0,0,0,0,456,0,444,0,114,111,0,1,456,0|488,933867301,15,29342740,0,0,0,0,0,31158710,0,111,0,1610823050,0,1610823050,0,2062,1596982922,0,21363941,0,0,0,0,0
1785979070033|1018|stream64_r2f_08|fixed|420,1378943233,16781056,37545380,37026050,425944,0,425944,0,9040,0,4520,0,0,0,35368,35368,28878000,28878000,4096,4096,0,0,4520,4520,1211335254,1211335254,1211335262,1211335262,0,0,0,0,0,0,0,0,4096,256,131072,4,15|4,0,67108864,262144,256,0,0,0,0,544,0,532,0,136,133,0,1,544,0|490,1924483828,15,0,0,34865152,0,34865152,0,106674,0,0,133,0,0,0,0,0,0,0,7119012,0,0,0,0,0
1785979070033|1018|stream64_r2f_08|rotating|420,1378943233,33558272,37633197,37112048,37206215,37112048,37206215,37112048,35586,35451,35451,35451,0,0,4531,0,1094300960,1092131664,4096,4096,0,0,35451,35451,1197833985,1197834318,1197833993,1197834326,0,0,0,0,0,0,0,0,4096,256,131072,4,15|4,0,67108864,262144,256,0,0,0,0,544,0,532,0,136,133,0,1,544,0|490,1245549650,15,35007424,0,0,0,0,0,37178291,0,133,0,1921089228,0,1921089228,0,2080,1905502994,0,24225541,0,0,0,0,0
1785979075039|1018|stream64_r2f_08|fixed|422,1378943233,16781056,43815384,43209173,497093,0,497093,0,10550,0,5275,0,0,0,41275,41275,33701664,33701664,4096,4096,0,0,5275,5275,1531278968,1531278968,1531278976,1531278976,0,0,0,0,0,0,0,0,4096,256,131072,4,15|4,0,67108864,262144,256,0,0,0,0,632,0,620,0,158,155,0,1,632,0|492,2244065586,15,0,0,40632320,0,40632320,0,124414,0,0,155,0,0,0,0,0,0,0,7168575,0,0,0,0,0
1785979075039|1018|stream64_r2f_08|rotating|422,1378943233,33554687,43906467,43299171,43408338,43299171,43408338,43299171,41518,41362,41360,41360,0,0,5286,0,1276720472,1274191248,4096,4096,0,0,41361,41361,1518073374,1518073395,1518073382,1518073363,0,0,0,0,0,0,0,0,4096,256,131072,4,15|4,0,67108864,262144,256,0,0,0,0,632,0,620,0,158,155,0,1,632,0|492,1565573895,15,40829920,0,0,0,0,0,43361312,0,155,0,2239657849,0,2239657849,0,2080,2222357732,0,27088791,0,0,0,0,0
1785979080048|1018|stream64_r2f_08|fixed|424,1378943233,16781056,50115582,49421407,568524,0,568524,0,12066,0,6033,0,0,0,47209,47209,38544480,38544480,4096,4096,0,0,6033,6033,1852708702,1852708702,1852708710,1852708710,0,0,0,0,0,0,0,0,4096,256,131072,4,15|4,0,67108864,262144,256,0,0,0,0,720,0,708,0,180,177,0,1,720,0|494,2565367515,15,0,0,46399488,0,46399488,0,142272,0,0,177,0,0,0,0,0,0,0,7216255,0,0,0,0,0
1785979080048|1018|stream64_r2f_08|rotating|424,1378943233,33558272,50207826,49512771,49638265,49512771,49638265,49512771,47475,47297,47296,47296,0,0,6044,0,1459932640,1457044552,4096,4096,0,0,47296,47296,1839673449,1839673806,1839673457,1839673814,0,0,0,0,0,0,0,0,4096,256,131072,4,15|4,0,67108864,262144,256,0,0,0,0,720,0,708,0,180,177,0,1,720,0|494,1885991032,15,46652416,0,0,0,0,0,49552374,0,177,0,2558619362,0,2558619362,0,2080,2539605838,0,29951565,0,0,0,0,0
1785979085060|1018|stream64_r2f_08|fixed|426,1378943233,16781056,56384605,55603436,639673,0,639673,0,13576,0,6788,0,0,0,53114,53114,43368128,43368128,4096,4096,0,0,6788,6788,2172847620,2172847620,2172847628,2172847628,0,0,0,0,0,0,0,0,4096,256,131072,4,15|4,0,67108864,262144,256,0,0,0,0,808,0,796,0,202,199,0,1,808,0|496,2885242676,15,0,0,52166656,0,52166656,0,160035,0,0,199,0,0,0,0,0,0,0,7263244,0,0,0,0,0
1785979085060|1018|stream64_r2f_08|rotating|426,1378943233,33554687,56457548,55675517,55817031,55675517,55817031,55675517,53384,53184,53182,53182,0,0,6797,0,1641644071,1638394656,4096,4096,0,0,53183,53183,2158677470,2158677483,2158677478,2158677467,0,0,0,0,0,0,0,0,4096,256,131072,4,15|4,0,67108864,262144,256,0,0,0,0,812,0,800,0,203,200,0,1,812,0|496,2205419357,15,52460416,0,0,0,0,0,55719481,0,200,0,2876595687,0,2876595687,0,2080,2855732313,0,32943091,0,0,0,0,0
1785979090072|1018|stream64_r2f_08|fixed|428,1378943233,16781056,62672301,61802937,711005,0,711005,0,15090,0,7545,0,0,0,59036,59036,48204544,48204544,4096,4096,0,0,7545,7545,2493845793,2493845793,2493845801,2493845801,0,0,0,0,0,0,0,0,4096,256,131072,4,15|5,0,67108864,262144,256,0,0,0,0,900,0,888,0,225,222,0,1,900,0|498,3206135051,15,0,0,58195968,0,58195968,0,177892,0,0,222,0,0,0,0,0,0,0,7307324,0,0,0,0,0
1785979090072|1018|stream64_r2f_08|rotating|428,1378943233,33554687,62736067,61865168,62024306,61865168,62024306,61865168,59320,59097,59095,59095,0,0,7553,0,1824170022,1820546737,4096,4096,0,0,59096,59096,2479215559,2479215556,2479215567,2479215564,0,0,0,0,0,0,0,0,4096,256,131072,4,15|4,0,67108864,262144,256,0,0,0,0,900,0,888,0,225,222,0,1,900,0|498,2525310405,15,58275008,0,0,0,0,0,61900361,0,222,0,3195033087,0,3195033087,0,2080,3172456726,0,35803748,0,0,0,0,0
1785979095083|1018|stream64_r2f_08|fixed|430,1378943233,16781056,68952117,67995310,782249,0,782249,0,16602,0,8301,0,0,0,64951,64951,53034600,53034600,4096,4096,0,0,8301,8301,2814216366,2814216366,2814216374,2814216374,0,0,0,0,0,0,0,0,4096,256,131072,4,15|4,0,67108864,262144,256,0,0,0,0,988,0,976,0,247,244,0,1,988,0|500,3525930378,15,0,0,63963136,0,63963136,0,195656,0,0,244,0,0,0,0,0,0,0,7352134,0,0,0,0,0
1785979095083|1018|stream64_r2f_08|rotating|430,1378943233,33558272,69003091,68045678,68220276,68045678,68220276,68045678,65245,65001,64999,64999,0,0,8307,0,2006389560,2002406760,4096,4096,0,0,64999,64999,2799086303,2799086660,2799086311,2799086668,0,0,0,0,0,0,0,0,4096,256,131072,4,15|4,0,67108864,262144,256,0,0,0,0,988,0,976,0,247,244,0,1,988,0|500,2845071357,15,64097504,0,0,0,0,0,68078420,0,244,0,3513338415,0,3513338415,0,2080,3489051120,0,38664049,0,0,0,0,0
1785979103484|1019|stream64_r2f_09|fixed|434,1378943233,16781056,6158345,6073262,69737,0,69737,0,1480,0,740,0,0,0,5799,5799,4727776,4727776,4096,4096,0,0,740,740,3351944018,3351944018,3351944026,3351944026,0,0,0,0,0,0,0,0,4096,256,131072,4,15|4,0,67108864,262144,256,0,0,0,0,96,0,84,0,24,21,0,1,96,0|508,4064884740,15,0,0,5767168,0,5767168,0,17622,0,0,22,0,0,0,0,0,0,0,6892402,0,0,0,0,0
1785979103484|1019|stream64_r2f_09|rotating|434,1378943233,33554687,6247883,6160907,6177017,6160907,6177017,6160907,5908,5885,5884,5884,0,0,752,0,181631747,181271406,4096,4096,0,0,5885,5885,3338841944,3338841933,3338841952,3338841941,0,0,0,0,0,0,0,0,4096,256,131072,4,15|4,0,67108864,262144,256,0,0,0,0,100,0,88,0,25,22,0,1,100,0|508,3384990317,15,5838304,0,0,0,0,0,6199202,0,22,0,324561531,0,324561531,0,2080,317661453,0,9784918,0,0,0,0,0
1785979108485|1019|stream64_r2f_09|fixed|436,1378943233,16781056,12423138,12251375,140882,0,140882,0,2990,0,1495,0,0,0,11703,11704,9551456,9551456,4096,4096,0,0,1495,1495,3672084091,3672084091,3672084099,3672084099,0,0,0,0,0,0,0,0,4096,256,131072,4,15|4,0,67108864,262144,256,0,0,0,0,188,0,176,0,47,44,0,1,188,0|510,89606397,16,0,0,11534336,0,11534336,0,35362,0,0,44,0,0,0,0,0,0,0,6942401,0,0,0,0,0
1785979108485|1019|stream64_r2f_09|rotating|436,1378943233,33554687,12495556,12322737,12353825,12322737,12353825,12322737,11818,11773,11772,11772,0,0,1504,0,363380218,362661101,4096,4096,0,0,11773,11773,3657904647,3657904628,3657904655,3657904636,0,0,0,0,0,0,0,0,4096,256,131072,4,15|4,0,67108864,262144,256,0,0,0,0,188,0,176,0,47,44,0,1,188,0|510,3703875993,15,11637088,0,0,0,0,0,12356633,0,44,0,641997511,0,641997511,0,2080,633379307,0,12647320,0,0,0,0,0
1785979113487|1019|stream64_r2f_09|fixed|438,1378943233,16781056,18694844,18436260,212124,0,212124,0,4502,0,2251,0,0,0,17612,17612,14381512,14381512,4096,4096,0,0,2251,2251,3992454047,3992454047,3992454055,3992454055,0,0,0,0,0,0,0,0,4096,256,131072,4,15|4,0,67108864,262144,256,0,0,0,0,276,0,264,0,69,66,0,1,276,0|512,410090294,16,0,0,17301504,0,17301504,0,53172,0,0,66,0,0,0,0,0,0,0,6982403,0,0,0,0,0
1785979113487|1019|stream64_r2f_09|rotating|438,1378943233,33554687,18788830,18529068,18575667,18529068,18575667,18529068,17769,17703,17701,17701,0,0,2262,0,546407545,545328888,4096,4096,0,0,17702,17702,3979183755,3979183760,3979183763,3979183736,0,0,0,0,0,0,0,0,4096,256,131072,4,15|4,0,67108864,262144,256,0,0,0,0,276,0,264,0,69,66,0,1,276,0|512,4027613844,15,17530720,0,0,0,0,0,18610735,0,66,0,964261954,0,964261954,0,2080,953948662,0,15507048,0,0,0,0,0
1785979118488|1019|stream64_r2f_09|fixed|440,1378943233,16781056,24961750,24617432,283178,0,283178,0,6010,0,3005,0,0,0,23516,23516,19198776,19198776,4096,4096,0,0,3005,3005,17194489,17194489,17194497,17194497,0,0,0,0,0,0,0,0,4096,256,131072,4,15|4,0,67108864,262144,256,0,0,0,0,364,0,352,0,91,88,0,1,364,0|514,729761637,16,0,0,23068672,0,23068672,0,70936,0,0,88,0,0,0,0,0,0,0,7024402,0,0,0,0,0
1785979118488|1019|stream64_r2f_09|rotating|440,1378943233,33558272,25037265,24692212,24753236,24692212,24753236,24692212,23677,23590,23588,23588,0,0,3014,0,728116128,726680416,4096,4096,0,0,23588,23588,3193105,3193438,3193113,3193446,0,0,0,0,0,0,0,0,4096,256,131072,4,15|4,0,67108864,262144,256,0,0,0,0,364,0,352,0,91,88,0,1,364,0|514,50020329,16,23297888,0,0,0,0,0,24741123,0,88,0,1280193943,0,1280193943,0,2080,1268158278,0,18366909,0,0,0,0,0
1785979123502|1019|stream64_r2f_09|fixed|442,1378943233,16781056,31253684,30821619,354517,0,354517,0,7524,0,3762,0,0,0,29442,29442,24035192,24035192,4096,4096,0,0,3762,3762,338193527,338193527,338193535,338193535,0,0,0,0,0,0,0,0,4096,256,131072,4,15|4,0,67108864,262144,256,0,0,0,0,452,0,440,0,113,110,0,1,452,0|516,1051625968,16,0,0,28835840,0,28835840,0,88817,0,0,110,0,0,0,0,0,0,0,7075956,0,0,0,0,0
1785979123502|1019|stream64_r2f_09|rotating|442,1378943233,33558272,31356581,30922932,31000842,30922932,31000842,30922932,29651,29541,29539,29539,0,0,3775,0,911812256,910001616,4096,4096,0,0,29539,29539,325767746,325768071,325767754,325768087,0,0,0,0,0,0,0,0,4096,256,131072,4,15|4,0,67108864,262144,256,0,0,0,0,456,0,444,0,114,111,0,1,456,0|516,371882558,16,29153312,0,0,0,0,0,30957631,0,111,0,1600592316,0,1600592316,0,2080,1586716834,0,21358584,0,0,0,0,0
1785979128516|1019|stream64_r2f_09|fixed|444,1378943233,16781056,37537585,37018887,425849,0,425849,0,9038,0,4519,0,0,0,35361,35361,28871608,28871608,4096,4096,0,0,4519,4519,659190841,659190841,659190849,659190849,0,0,0,0,0,0,0,0,4096,256,131072,4,15|5,0,67108864,262144,256,0,0,0,0,544,0,532,0,136,133,0,1,544,0|518,1371639812,16,0,0,34865152,0,34865152,0,106603,0,0,133,0,0,0,0,0,0,0,7116370,0,0,0,0,0
1785979128516|1019|stream64_r2f_09|rotating|444,1378943233,33558272,37608347,37088167,37181649,37088167,37181649,37088167,35563,35430,35428,35428,0,0,4528,0,1093592968,1091424072,4096,4096,0,0,35428,35428,644885028,644885337,644885036,644885345,0,0,0,0,0,0,0,0,4096,256,131072,4,15|4,0,67108864,262144,256,0,0,0,0,544,0,532,0,136,133,0,1,544,0|518,691143809,16,34960000,0,0,0,0,0,37125055,0,133,0,1918401895,0,1918401895,0,2080,1902812207,0,24218763,0,0,0,0,0
1785979133524|1019|stream64_r2f_09|fixed|446,1378943233,16781056,43813939,43208112,497093,0,497093,0,10550,0,5275,0,0,0,41273,41273,33701664,33701664,4096,4096,0,0,5275,5275,979562723,979562723,979562731,979562731,0,0,0,0,0,0,0,0,4096,256,131072,4,15|4,0,67108864,262144,256,0,0,0,0,632,0,620,0,158,155,0,1,632,0|520,1692047492,16,0,0,40632320,0,40632320,0,124414,0,0,155,0,0,0,0,0,0,0,7160669,0,0,0,0,0
1785979133524|1019|stream64_r2f_09|rotating|446,1378943233,33554687,43885779,43279068,43387933,43279068,43387933,43279068,41499,41345,41341,41341,0,0,5283,0,1276127367,1273597938,4096,4096,0,0,41342,41342,965325695,965325700,965325711,965325708,0,0,0,0,0,0,0,0,4096,256,131072,4,15|4,0,67108864,262144,256,0,0,0,0,632,0,620,0,158,155,0,1,632,0|520,1011444480,16,40782496,0,0,0,0,0,43313576,0,155,0,2237246942,0,2237246942,0,2080,2219944968,0,27080416,0,0,0,0,0
1785979138527|1019|stream64_r2f_09|fixed|448,1378943233,16781056,50087664,49394388,568241,0,568241,0,12060,0,6030,0,0,0,47183,47183,38525336,38525336,4096,4096,0,0,6030,6030,1299702717,1299702717,1299702725,1299702725,0,0,0,0,0,0,0,0,4096,256,131072,4,15|4,0,67108864,262144,256,0,0,0,0,720,0,708,0,180,177,0,1,720,0|522,2012398601,16,0,0,46399488,0,46399488,0,142201,0,0,177,0,0,0,0,0,0,0,7200343,0,0,0,0,0
1785979138527|1019|stream64_r2f_09|rotating|448,1378943233,33554687,50163571,49469271,49594481,49469271,49594481,49469271,47435,47258,47254,47254,0,0,6039,0,1458650379,1455761478,4096,4096,0,0,47255,47255,1285734759,1285734764,1285734767,1285734772,0,0,0,0,0,0,0,0,4096,256,131072,4,15|4,0,67108864,262144,256,0,0,0,0,720,0,708,0,180,177,0,1,720,0|522,1331610581,16,46604992,0,0,0,0,0,49499583,0,177,0,2555957419,0,2555957419,0,2080,2536942466,0,29942762,0,0,0,0,0
1785979143533|1019|stream64_r2f_09|fixed|450,1378943233,16781056,56365859,55584486,639484,0,639484,0,13572,0,6786,0,0,0,53096,53096,43355368,43355368,4096,4096,0,0,6786,6786,1620270678,1620270678,1620270694,1620270694,0,0,0,0,0,0,0,0,4096,256,131072,4,15|4,0,67108864,262144,256,0,0,0,0,808,0,796,0,202,199,0,1,808,0|524,2333552005,16,0,0,52166656,0,52166656,0,160059,0,0,199,0,0,0,0,0,0,0,7246247,0,0,0,0,0
1785979143533|1019|stream64_r2f_09|rotating|450,1378943233,33554687,56456399,55674077,55815975,55674077,55815975,55674077,53384,53185,53181,53181,0,0,6796,0,1641604882,1638357509,4096,4096,0,0,53182,53182,1606894806,1606894811,1606894822,1606894819,0,0,0,0,0,0,0,0,4096,256,131072,4,15|4,0,67108864,262144,256,0,0,0,0,812,0,800,0,203,200,0,1,812,0|524,1652755475,16,52444608,0,0,0,0,0,55700791,0,200,0,2875642409,0,2875642409,0,2080,2854785089,0,32933593,0,0,0,0,0
1785979148541|1019|stream64_r2f_09|fixed|452,1378943233,16781056,62645690,61776756,710724,0,710724,0,15084,0,7542,0,0,0,59010,59010,48185360,48185360,4096,4096,0,0,7542,7542,1940839602,1940839602,1940839610,1940839610,0,0,0,0,0,0,0,0,4096,256,131072,4,15|5,0,67108864,262144,256,0,0,0,0,900,0,888,0,225,222,0,1,900,0|526,2654044906,16,0,0,58195968,0,58195968,0,177869,0,0,222,0,0,0,0,0,0,0,7293358,0,0,0,0,0
1785979148541|1019|stream64_r2f_09|rotating|452,1378943233,33554687,62738724,61868171,62026963,61868171,62026963,61868171,59324,59102,59098,59098,0,0,7553,0,1824247123,1820621936,4096,4096,0,0,59099,59099,1927636123,1927636128,1927636131,1927636112,0,0,0,0,0,0,0,0,4096,256,131072,4,15|4,0,67108864,262144,256,0,0,0,0,900,0,888,0,225,222,0,1,900,0|526,1973879384,16,58282912,0,0,0,0,0,61905753,0,222,0,3195306742,0,3195306742,0,2080,3172741103,0,35794673,0,0,0,0,0
1785979153551|1019|stream64_r2f_09|fixed|454,1378943233,16781056,68929313,67972924,782059,0,782059,0,16598,0,8299,0,0,0,64930,64930,53021800,53021800,4096,4096,0,0,8299,8299,2261640952,2261640952,2261640960,2261640960,0,0,0,0,0,0,0,0,4096,256,131072,4,15|4,0,67108864,262144,256,0,0,0,0,988,0,976,0,247,244,0,1,988,0|528,2973967777,16,0,0,63963136,0,63963136,0,195632,0,0,244,0,0,0,0,0,0,0,7336752,0,0,0,0,0
1785979153551|1019|stream64_r2f_09|rotating|454,1378943233,33554687,69010418,68053234,68227509,68053234,68227509,68053234,65254,65010,65006,65006,0,0,8308,0,2006623985,2002639768,4096,4096,0,0,65007,65007,2247787322,2247787367,2247787338,2247787327,0,0,0,0,0,0,0,0,4096,256,131072,4,15|4,0,67108864,262144,256,0,0,0,0,988,0,976,0,247,244,0,1,988,0|528,2294498557,16,64113312,0,0,0,0,0,68099423,0,244,0,3514468315,0,3514468315,0,2080,3490192369,0,38656044,0,0,0,0,0
1785979161939|1020|stream64_r2f_10|fixed|458,1378943233,16781056,6139086,6054102,69643,0,69643,0,1478,0,739,0,0,0,5787,5787,4721392,4721392,4096,4096,0,0,739,739,2798348430,2798348430,2798348438,2798348438,0,0,0,0,0,0,0,0,4096,256,131072,4,15|4,0,67108864,262144,256,0,0,0,0,96,0,84,0,24,21,0,1,96,0|536,3510807035,16,0,0,5505024,0,5505024,0,17551,0,0,21,0,0,0,0,0,0,0,6893816,0,0,0,0,0
1785979161939|1020|stream64_r2f_10|rotating|458,1378943233,33554687,6211341,6124861,6140853,6124861,6140853,6124861,5880,5857,5855,5855,0,0,748,0,180746711,180384546,4096,4096,0,0,5856,5856,2784133079,2784133060,2784133087,2784133068,0,0,0,0,0,0,0,0,4096,256,131072,4,15|4,0,67108864,262144,256,0,0,0,0,100,0,88,0,25,22,0,1,100,0|536,2830218616,16,5806688,0,0,0,0,0,6161796,0,22,0,322962157,0,322962157,0,2080,316054995,0,9785223,0,0,0,0,0
1785979166951|1020|stream64_r2f_10|fixed|460,1378943233,16781056,12416622,12243579,140976,0,140976,0,2992,0,1496,0,0,0,11708,11708,9557856,9557856,4096,4096,0,0,1496,1496,3119023330,3119023330,3119023338,3119023338,0,0,0,0,0,0,0,0,4096,256,131072,4,15|4,0,67108864,262144,256,0,0,0,0,188,0,176,0,47,44,0,1,188,0|538,3831831926,16,0,0,11534336,0,11534336,0,35385,0,0,44,0,0,0,0,0,0,0,6950179,0,0,0,0,0
1785979166951|1020|stream64_r2f_10|rotating|460,1378943233,33554687,12485105,12311347,12343374,12311347,12343374,12311347,11820,11774,11773,11773,0,0,1504,0,363409321,362688180,4096,4096,0,0,11773,11773,3104773558,3104773891,3104773566,3104773899,0,0,0,0,0,0,0,0,4096,256,131072,4,15|4,0,67108864,262144,256,0,0,0,0,188,0,176,0,47,44,0,1,188,0|538,3151924242,16,11660800,0,0,0,0,0,12368391,0,44,0,643204255,0,643204255,0,2080,634592169,0,12646302,0,0,0,0,0
1785979171956|1020|stream64_r2f_10|fixed|462,1378943233,16781056,18681446,18422014,212124,0,212124,0,4502,0,2251,0,0,0,17616,17616,14381512,14381512,4096,4096,0,0,2251,2251,3439290421,3439290421,3439290429,3439290429,0,0,0,0,0,0,0,0,4096,256,131072,4,15|4,0,67108864,262144,256,0,0,0,0,276,0,264,0,69,66,0,1,276,0|540,4152044919,16,0,0,17301504,0,17301504,0,53172,0,0,66,0,0,0,0,0,0,0,6992697,0,0,0,0,0
1785979171956|1020|stream64_r2f_10|rotating|462,1378943233,33554687,18757366,18497022,18544393,18497022,18544393,18497022,17758,17691,17688,17688,0,0,2260,0,546002130,544921397,4096,4096,0,0,17689,17689,3425316777,3425316798,3425316785,3425316806,0,0,0,0,0,0,0,0,4096,256,131072,4,15|4,0,67108864,262144,256,0,0,0,0,276,0,264,0,69,66,0,1,276,0|540,3471242218,16,17467488,0,0,0,0,0,18530480,0,66,0,961070559,0,961070559,0,2080,950741621,0,15509127,0,0,0,0,0
1785979176969|1020|stream64_r2f_10|fixed|464,1378943233,16781056,24960404,24614875,283461,0,283461,0,6016,0,3008,0,0,0,23537,23537,19217944,19217944,4096,4096,0,0,3008,3008,3760289662,3760289662,3760289670,3760289670,0,0,0,0,0,0,0,0,4096,256,131072,4,15|4,0,67108864,262144,256,0,0,0,0,364,0,352,0,91,88,0,1,364,0|542,177960747,17,0,0,23068672,0,23068672,0,71007,0,0,88,0,0,0,0,0,0,0,7042544,0,0,0,0,0
1785979176969|1020|stream64_r2f_10|rotating|464,1378943233,33554687,25034695,24688711,24750478,24688711,24750478,24688711,23699,23610,23607,23607,0,0,3016,0,728721632,727282176,4096,4096,0,0,23608,23608,3746063420,3746063401,3746063404,3746063409,0,0,0,0,0,0,0,0,4096,256,131072,4,15|4,0,67108864,262144,256,0,0,0,0,364,0,352,0,91,88,0,1,364,0|542,3793119607,16,23321600,0,0,0,0,0,24742892,0,88,0,1281484420,0,1281484420,0,2048,1269449615,0,18371149,0,0,0,0,0
1785979181980|1020|stream64_r2f_10|fixed|466,1378943233,16781056,31243416,30810919,354705,0,354705,0,7528,0,3764,0,0,0,29460,29460,24047952,24047952,4096,4096,0,0,3764,3764,4080859641,4080859641,4080859657,4080859657,0,0,0,0,0,0,0,0,4096,256,131072,4,15|4,0,67108864,262144,256,0,0,0,0,452,0,440,0,113,110,0,1,452,0|544,498743088,17,0,0,28835840,0,28835840,0,88840,0,0,110,0,0,0,0,0,0,0,7083741,0,0,0,0,0
1785979181980|1020|stream64_r2f_10|rotating|466,1378943233,33554687,31310254,30877112,30954798,30877112,30954798,30877112,29637,29526,29523,29523,0,0,3772,0,911322280,909523504,4096,4096,0,0,29524,29524,4066613601,4066613566,4066613585,4066613574,0,0,0,0,0,0,0,0,4096,256,131072,4,15|4,0,67108864,262144,256,0,0,0,0,456,0,444,0,114,111,0,1,456,0|544,4112772815,16,29129600,0,0,0,0,0,30910418,0,111,0,1599685628,0,1599685628,0,2080,1585799648,0,21364000,0,0,0,0,0
1785979187008|1020|stream64_r2f_10|fixed|468,1378943233,16781056,37535998,37016294,426227,0,426227,0,9046,0,4523,0,0,0,35393,35393,28897168,28897168,4096,4096,0,0,4523,4523,107552912,107552912,107552920,107552920,0,0,0,0,0,0,0,0,4096,256,131072,4,15|4,0,67108864,262144,256,0,0,0,0,544,0,532,0,136,133,0,1,544,0|546,820308150,17,0,0,34865152,0,34865152,0,106698,0,0,133,0,0,0,0,0,0,0,7132635,0,0,0,0,0
1785979187008|1020|stream64_r2f_10|rotating|468,1378943233,33558272,37610992,37090351,37183916,37090351,37183916,37090351,35600,35466,35464,35464,0,0,4532,0,1094705376,1092531208,4096,4096,0,0,35464,35464,93660459,93660800,93660467,93660808,0,0,0,0,0,0,0,0,4096,256,131072,4,15|4,0,67108864,262144,256,0,0,0,0,544,0,532,0,136,133,0,1,544,0|546,139814736,17,34991616,0,0,0,0,0,37125568,0,133,0,1920229341,0,1920229341,0,2080,1904640535,0,24224678,0,0,0,0,0
1785979192012|1020|stream64_r2f_10|fixed|470,1378943233,16781056,43807725,43200597,497470,0,497470,0,10558,0,5279,0,0,0,41306,41306,33727248,33727248,4096,4096,0,0,5279,5279,428122744,428122744,428122752,428122752,0,0,0,0,0,0,0,0,4096,256,131072,4,15|4,0,67108864,262144,256,0,0,0,0,632,0,620,0,158,155,0,1,632,0|548,1140828016,17,0,0,40632320,0,40632320,0,124509,0,0,155,0,0,0,0,0,0,0,7175159,0,0,0,0,0
1785979192012|1020|stream64_r2f_10|rotating|470,1378943233,33558272,43874087,43266054,43375863,43266054,43375863,43266054,41527,41371,41369,41369,0,0,5287,0,1276981528,1274446536,4096,4096,0,0,41369,41369,413639448,413639773,413639456,413639781,0,0,0,0,0,0,0,0,4096,256,131072,4,15|4,0,67108864,262144,256,0,0,0,0,632,0,620,0,158,155,0,1,632,0|548,459634994,17,40806208,0,0,0,0,0,43298883,0,155,0,2238595951,0,2238595951,0,2080,2221292437,0,27087056,0,0,0,0,0
1785979197017|1020|stream64_r2f_10|fixed|472,1378943233,16781056,50076131,49380468,568617,0,568617,0,12068,0,6034,0,0,0,47215,47215,38550880,38550880,4096,4096,0,0,6034,6034,748259984,748259984,748259992,748259992,0,0,0,0,0,0,0,0,4096,256,131072,4,15|4,0,67108864,262144,256,0,0,0,0,720,0,708,0,180,177,0,1,720,0|550,1460907275,17,0,0,46399488,0,46399488,0,142296,0,0,177,0,0,0,0,0,0,0,7220955,0,0,0,0,0
1785979197017|1020|stream64_r2f_10|rotating|472,1378943233,33554687,50151774,49455279,49582307,49455279,49582307,49455279,47468,47290,47287,47287,0,0,6043,0,1459662880,1456768144,4096,4096,0,0,47288,47288,734337861,734337842,734337813,734337850,0,0,0,0,0,0,0,0,4096,256,131072,4,15|4,0,67108864,262144,256,0,0,0,0,720,0,708,0,180,177,0,1,720,0|550,780473244,17,46644512,0,0,0,0,0,49492513,0,177,0,2557974625,0,2557974625,0,2080,2538964296,0,29946632,0,0,0,0,0
1785979202017|1020|stream64_r2f_10|fixed|474,1378943233,16781056,56339394,55556458,639768,0,639768,0,13578,0,6789,0,0,0,53120,53120,43374512,43374512,4096,4096,0,0,6789,6789,1068399804,1068399804,1068399812,1068399812,0,0,0,0,0,0,0,0,4096,256,131072,4,15|4,0,67108864,262144,256,0,0,0,0,808,0,796,0,202,199,0,1,808,0|552,1780915410,17,0,0,52166656,0,52166656,0,160082,0,0,199,0,0,0,0,0,0,0,7264829,0,0,0,0,0
1785979202017|1020|stream64_r2f_10|rotating|474,1378943233,33554687,56414060,55630270,55773448,55630270,55773448,55630270,53394,53194,53191,53191,0,0,6798,0,1641905432,1638651995,4096,4096,0,0,53192,53192,1054260181,1054260178,1054260189,1054260186,0,0,0,0,0,0,0,0,4096,256,131072,4,15|4,0,67108864,262144,256,0,0,0,0,812,0,800,0,203,200,0,1,812,0|552,1100541179,17,52460416,0,0,0,0,0,55666344,0,200,0,2876588584,0,2876588584,0,2080,2855729098,0,32939162,0,0,0,0,0
1785979207018|1020|stream64_r2f_10|fixed|476,1378943233,16781056,62609286,61738569,710912,0,710912,0,15088,0,7544,0,0,0,59031,59031,48198152,48198152,4096,4096,0,0,7544,7544,1388540202,1388540202,1388540210,1388540210,0,0,0,0,0,0,0,0,4096,256,131072,4,15|5,0,67108864,262144,256,0,0,0,0,900,0,888,0,225,222,0,1,900,0|554,2100956306,17,0,0,58195968,0,58195968,0,177869,0,0,222,0,0,0,0,0,0,0,7306592,0,0,0,0,0
1785979207018|1020|stream64_r2f_10|rotating|476,1378943233,33554687,62685269,61813082,61973415,61813082,61973415,61813082,59328,59105,59102,59102,0,0,7554,0,1824380781,1820751408,4096,4096,0,0,59103,59103,1374706485,1374706482,1374706493,1374706490,0,0,0,0,0,0,0,0,4096,256,131072,4,15|4,0,67108864,262144,256,0,0,0,0,900,0,888,0,225,222,0,1,900,0|554,1422067381,17,58306624,0,0,0,0,0,61873386,0,222,0,3196653234,0,3196653234,0,2080,3174085556,0,35801812,0,0,0,0,0
1785979212031|1020|stream64_r2f_10|fixed|478,1378943233,16781056,68906182,67946915,782436,0,782436,0,16606,0,8303,0,0,0,64966,64966,53047384,53047384,4096,4096,0,0,8303,8303,1710200212,1710200212,1710200220,1710200220,0,0,0,0,0,0,0,0,4096,256,131072,4,15|4,0,67108864,262144,256,0,0,0,0,988,0,976,0,247,244,0,1,988,0|556,2422704582,17,0,0,63963136,0,63963136,0,195750,0,0,244,0,0,0,0,0,0,0,7349316,0,0,0,0,0
1785979212031|1020|stream64_r2f_10|rotating|478,1378943233,33554687,68997486,68037076,68214011,68037076,68214011,68037076,65299,65055,65052,65052,0,0,8314,0,2008025243,2004036094,4096,4096,0,0,65052,65052,1697060399,1697060716,1697060407,1697060732,0,0,0,0,0,0,0,0,4096,256,131072,4,15|4,0,67108864,262144,256,0,0,0,0,988,0,976,0,247,244,0,1,988,0|556,1743310558,17,64152832,0,0,0,0,0,68075738,0,244,0,3516434859,0,3516434859,0,2080,3492161512,0,38661939,0,0,0,0,0
