captured_ms|sequence|label|role|admission_snapshot_words_csv|ps_runtime_words_csv|pl_perf_snapshot_words_csv
1785985859076|1002|mixed_30min_warmup_f2r_00001_16777216|fixed|4,1378943233,16777471,6557695,6471648,6487475,6471648,6487475,6471648,11690,11668,5833,5833,0,0,744,0,180090480,179747339,4096,4096,0,0,5834,5834,649825150,649825163,649825158,649825171,0,0,0,0,0,0,0,0,4096,256,131072,4,15|4,0,16777216,262144,64,0,0,0,0,100,0,88,0,25,22,0,1,100,0|10,1362960787,0,5806688,0,0,0,0,0,6529897,0,22,0,321313116,0,321313116,0,2080,315813850,0,7904163,0,0,0,0,0
1785985859076|1002|mixed_30min_warmup_f2r_00001_16777216|rotating|4,1378943233,33558272,6693211,6604962,71735,0,71735,0,1520,0,760,0,0,0,5954,5954,4855616,4855616,4096,4096,0,0,760,760,637200850,637200850,637200858,637200858,0,0,0,0,0,0,0,0,4096,256,131072,4,15|4,0,16777216,262144,64,0,0,0,0,100,0,88,0,25,22,0,1,100,0|10,684243958,0,0,0,5767168,0,5767168,0,18051,0,0,22,0,0,0,0,0,0,0,5017196,0,0,0,0,0
1785985864078|1002|mixed_30min_warmup_f2r_00001_16777216|fixed|6,1378943233,16777471,13193030,13018505,13051455,13018505,13051455,13018505,23523,23478,11738,11738,0,0,1500,0,362386792,361668111,4096,4096,0,0,11739,11739,969935189,969935170,969935165,969935178,0,0,0,0,0,0,0,0,4096,256,131072,4,15|4,0,16777216,262144,64,0,0,0,0,188,0,176,0,47,44,0,1,188,0|12,1681638527,0,11597568,0,0,0,0,0,13049905,0,44,0,638543136,0,638543136,0,2080,631314981,0,10775631,0,0,0,0,0
1785985864078|1002|mixed_30min_warmup_f2r_00001_16777216|rotating|6,1378943233,33558272,13246598,13071499,142143,0,142143,0,3012,0,1506,0,0,0,11786,11786,9621776,9621776,4096,4096,0,0,1506,1506,953482281,953482281,953482289,953482289,0,0,0,0,0,0,0,0,4096,256,131072,4,15|4,0,16777216,262144,64,0,0,0,0,188,0,176,0,47,44,0,1,188,0|12,1000321242,0,0,0,11534336,0,11534336,0,35630,0,0,44,0,0,0,0,0,0,0,5055808,0,0,0,0,0
1785985919024|1015|mixed_30min_warmup_r2f_00001_16777216|fixed|34,1378943233,16781056,6551966,6466002,70112,0,70112,0,1488,0,744,0,0,0,5833,5833,4753352,4753352,4096,4096,0,0,744,744,191539390,191539390,191539398,191539398,0,0,0,0,0,0,0,0,4096,256,131072,4,15|4,0,16777216,262144,64,0,0,0,0,100,0,88,0,25,22,0,1,100,0|92,905381662,1,0,0,5767168,0,5767168,0,17740,0,0,22,0,0,0,0,0,0,0,5024938,0,0,0,0,0
1785985919024|1015|mixed_30min_warmup_r2f_00001_16777216|rotating|34,1378943233,33554687,6643432,6555736,6572284,6555736,6572284,6555736,11853,11830,5914,5914,0,0,755,0,182599618,182240157,4096,4096,0,0,5915,5915,177528872,177528853,177528880,177528861,0,0,0,0,0,0,0,0,4096,256,131072,4,15|4,0,16777216,262144,64,0,0,0,0,100,0,88,0,25,22,0,1,100,0|92,224462051,1,5869920,0,0,0,0,0,6599445,0,22,0,324903634,0,324903634,0,2080,319453953,0,7869459,0,0,0,0,0
1785985924033|1015|mixed_30min_warmup_r2f_00001_16777216|fixed|36,1378943233,16781056,13186183,13011844,141354,0,141354,0,3000,0,1500,0,0,0,11739,11739,9583400,9583400,4096,4096,0,0,1500,1500,511880260,511880260,511880268,511880268,0,0,0,0,0,0,0,0,4096,256,131072,4,15|4,0,16777216,262144,64,0,0,0,0,188,0,176,0,47,44,0,1,188,0|94,1227853109,1,0,0,11534336,0,11534336,0,35645,0,0,44,0,0,0,0,0,0,0,5071350,0,0,0,0,0
1785985924033|1015|mixed_30min_warmup_r2f_00001_16777216|rotating|36,1378943233,33554687,13334085,13158198,13191221,13158198,13191221,13158198,23789,23744,11871,11871,0,0,1516,0,366493239,365774554,4096,4096,0,0,11872,11872,500256375,500256388,500256383,500256396,0,0,0,0,0,0,0,0,4096,256,131072,4,15|4,0,16777216,262144,64,0,0,0,0,188,0,176,0,47,44,0,1,188,0|94,547984507,1,11755648,0,0,0,0,0,13218365,0,44,0,646954658,0,646954658,0,2080,639835985,0,10701394,0,0,0,0,0
1785985979128|1028|mixed_30min_half_f2r_00001_16777216|fixed|64,1378943233,16781056,6519271,6433593,6449425,6433593,6449425,6433593,11620,11598,5799,5799,0,0,740,0,179026728,178683840,4096,4096,0,0,5799,5799,4038502736,4038503069,4038502744,4038503077,0,0,0,0,0,0,0,0,4096,256,131072,4,15|4,0,16777216,262144,64,0,0,0,0,96,0,84,0,24,21,0,1,96,0|174,456229122,2,5765856,0,0,0,0,0,6485610,0,21,0,319016576,0,319016576,0,2080,313645148,0,7772102,0,0,0,0,0
1785985979128|1028|mixed_30min_half_f2r_00001_16777216|rotating|64,1378943233,33558272,6596401,6509167,70692,0,70692,0,1498,0,749,0,0,0,5867,5867,4785304,4785304,4096,4096,0,0,749,749,4023016656,4023016656,4023016672,4023016672,0,0,0,0,0,0,0,0,4096,256,131072,4,15|4,0,16777216,262144,64,0,0,0,0,100,0,88,0,25,22,0,1,100,0|174,4069907908,1,0,0,5767168,0,5767168,0,17768,0,0,22,0,0,0,0,0,0,0,5032880,0,0,0,0,0
1785985984138|1028|mixed_30min_half_f2r_00001_16777216|fixed|66,1378943233,16781056,13167682,12993285,13026392,12993285,13026392,12993285,23472,23426,11713,11713,0,0,1497,0,361603736,360885304,4096,4096,0,0,11713,11713,64132173,64132506,64132181,64132514,0,0,0,0,0,0,0,0,4096,256,131072,4,15|4,0,16777216,262144,64,0,0,0,0,188,0,176,0,47,44,0,1,188,0|176,776694886,2,11589664,0,0,0,0,0,13042498,0,44,0,638026388,0,638026388,0,2080,630798582,0,10773550,0,0,0,0,0
1785985984138|1028|mixed_30min_half_f2r_00001_16777216|rotating|66,1378943233,33558272,13244345,13069172,142048,0,142048,0,3010,0,1505,0,0,0,11781,11781,9615384,9615384,4096,4096,0,0,1505,1505,48627679,48627679,48627687,48627687,0,0,0,0,0,0,0,0,4096,256,131072,4,15|4,0,16777216,262144,64,0,0,0,0,188,0,176,0,47,44,0,1,188,0|176,96004885,2,0,0,11534336,0,11534336,0,35630,0,0,44,0,0,0,0,0,0,0,5070422,0,0,0,0,0
1785985994363|1029|mixed_30min_half_f2r_00002_67108864|fixed|70,1378943233,16777471,6552962,6466972,6482742,6466972,6482742,6466972,5857,5834,5832,5832,0,0,744,0,179977176,179634204,4096,4096,0,0,5833,5833,718558103,718558084,718558079,718558092,0,0,0,0,0,0,0,0,4096,256,131072,4,15|4,0,67108864,262144,256,0,0,0,0,100,0,88,0,25,22,0,1,100,0|184,1431991699,2,5806688,0,0,0,0,0,6530956,0,22,0,321570266,0,321570266,0,2080,316072742,0,7902375,0,0,0,0,0
1785985994363|1029|mixed_30min_half_f2r_00002_67108864|rotating|70,1378943233,33558272,6658755,6570822,71450,0,71450,0,1514,0,757,0,0,0,5927,5927,4836456,4836456,4096,4096,0,0,757,757,704685957,704685957,704685965,704685965,0,0,0,0,0,0,0,0,4096,256,131072,4,15|4,0,67108864,262144,256,0,0,0,0,100,0,88,0,25,22,0,1,100,0|184,751871476,2,0,0,5767168,0,5767168,0,17981,0,0,22,0,0,0,0,0,0,0,5017800,0,0,0,0,0
1785985999376|1029|mixed_30min_half_f2r_00002_67108864|fixed|72,1378943233,16777471,13197975,13023312,13056305,13023312,13056305,13023312,11795,11749,11747,11747,0,0,1501,0,362486288,361767959,4096,4096,0,0,11748,11748,1039203242,1039203223,1039203218,1039203231,0,0,0,0,0,0,0,0,4096,256,131072,4,15|4,0,67108864,262144,256,0,0,0,0,188,0,176,0,47,44,0,1,188,0|186,1751901502,2,11629184,0,0,0,0,0,13075260,0,44,0,640024445,0,640024445,0,2080,632805074,0,10773589,0,0,0,0,0
1785985999376|1029|mixed_30min_half_f2r_00002_67108864|rotating|72,1378943233,33558272,13276844,13101320,142522,0,142522,0,3020,0,1510,0,0,0,11817,11817,9647304,9647304,4096,4096,0,0,1510,1510,1023975463,1023975463,1023975471,1023975471,0,0,0,0,0,0,0,0,4096,256,131072,4,15|4,0,67108864,262144,256,0,0,0,0,188,0,176,0,47,44,0,1,188,0|186,1070839714,2,0,0,11534336,0,11534336,0,35725,0,0,44,0,0,0,0,0,0,0,5059522,0,0,0,0,0
1785986004390|1029|mixed_30min_half_f2r_00002_67108864|fixed|74,1378943233,16777471,19851613,19589105,19638493,19589105,19638493,19589105,17741,17673,17671,17671,0,0,2258,0,545260523,544183150,4096,4096,0,0,17672,17672,1360189965,1360189978,1360189973,1360189986,0,0,0,0,0,0,0,0,4096,256,131072,4,15|4,0,67108864,262144,256,0,0,0,0,276,0,264,0,69,66,0,1,276,0|188,2075155523,2,17507008,0,0,0,0,0,19688008,0,66,0,961809010,0,961809010,0,2080,952879162,0,13645312,0,0,0,0,0
1785986004390|1029|mixed_30min_half_f2r_00002_67108864|rotating|74,1378943233,33558272,19975041,19711190,214437,0,214437,0,4544,0,2272,0,0,0,17781,17781,14515640,14515640,4096,4096,0,0,2272,2272,1347133418,1347133418,1347133426,1347133426,0,0,0,0,0,0,0,0,4096,256,131072,4,15|5,0,67108864,262144,256,0,0,0,0,280,0,268,0,70,67,0,1,280,0|188,1396130490,2,0,0,17563648,0,17563648,0,53845,0,0,67,0,0,0,0,0,0,0,5107902,0,0,0,0,0
1785986009403|1029|mixed_30min_half_f2r_00002_67108864|fixed|76,1378943233,16778188,26503281,26152920,26218807,26152920,26218807,26152920,23683,23594,23592,23592,0,0,3014,0,727954752,726518592,4096,4096,0,0,23592,23592,1681015083,1681015416,1681015091,1681015424,0,0,0,0,0,0,0,0,4096,256,131072,4,15|4,0,67108864,262144,256,0,0,0,0,364,0,352,0,91,88,0,1,364,0|190,2394306326,2,23313696,0,0,0,0,0,26216166,0,88,0,1279508141,0,1279508141,0,2063,1268851760,0,16517818,0,0,0,0,0
1785986009403|1029|mixed_30min_half_f2r_00002_67108864|rotating|76,1378943233,33558272,26622438,26269933,285885,0,285885,0,6058,0,3029,0,0,0,23698,23698,19352080,19352080,4096,4096,0,0,3029,3029,1667946590,1667946590,1667946598,1667946598,0,0,0,0,0,0,0,0,4096,256,131072,4,15|4,0,67108864,262144,256,0,0,0,0,368,0,356,0,92,89,0,1,368,0|190,1716005583,2,0,0,23330816,0,23330816,0,71637,0,0,89,0,0,0,0,0,0,0,5154969,0,0,0,0,0
1785986014410|1029|mixed_30min_half_f2r_00002_67108864|fixed|78,1378943233,16777471,33150117,32711823,32794202,32711823,32794202,32711823,29626,29516,29512,29512,0,0,3771,0,910629896,908834443,4096,4096,0,0,29513,29513,2001836205,2001836218,2001836213,2001836226,0,0,0,0,0,0,0,0,4096,256,131072,4,15|4,0,67108864,262144,256,0,0,0,0,456,0,444,0,114,111,0,1,456,0|192,2715761061,2,29153312,0,0,0,0,0,32785042,0,111,0,1599502972,0,1599502972,0,2056,1586994203,0,19518670,0,0,0,0,0
1785986014410|1029|mixed_30min_half_f2r_00002_67108864|rotating|78,1378943233,33558272,33263306,32823087,357146,0,357146,0,7568,0,3784,0,0,0,29613,29613,24175784,24175784,4096,4096,0,0,3784,3784,1988094865,1988094865,1988094873,1988094873,0,0,0,0,0,0,0,0,4096,256,131072,4,15|4,0,67108864,262144,256,0,0,0,0,456,0,444,0,114,111,0,1,456,0|192,2036684324,2,0,0,29097984,0,29097984,0,89475,0,0,111,0,0,0,0,0,0,0,5200081,0,0,0,0,0
1785986019419|1029|mixed_30min_half_f2r_00002_67108864|fixed|80,1378943233,16777471,39785717,39258978,39358446,39258978,39358446,39258978,35557,35423,35419,35419,0,0,4527,0,1092901503,1090730690,4096,4096,0,0,35420,35420,2322064527,2322064540,2322064535,2322064548,0,0,0,0,0,0,0,0,4096,256,131072,4,15|4,0,67108864,262144,256,0,0,0,0,544,0,532,0,136,133,0,1,544,0|194,3034809918,2,34960000,0,0,0,0,0,39310866,0,133,0,1917100157,0,1917100157,0,2080,1902865553,0,22390478,0,0,0,0,0
1785986019419|1029|mixed_30min_half_f2r_00002_67108864|rotating|80,1378943233,33558272,39867009,39339405,428123,0,428123,0,9072,0,4536,0,0,0,35491,35491,28980240,28980240,4096,4096,0,0,4536,4536,2306955205,2306955205,2306955213,2306955213,0,0,0,0,0,0,0,0,4096,256,131072,4,15|4,0,67108864,262144,256,0,0,0,0,544,0,532,0,136,133,0,1,544,0|194,2357335945,2,0,0,34865152,0,34865152,0,107313,0,0,133,0,0,0,0,0,0,0,5241376,0,0,0,0,0
1785986024430|1029|mixed_30min_half_f2r_00002_67108864|fixed|82,1378943233,16781056,46438181,45823571,45939555,45823571,45939555,45823571,41500,41344,41341,41341,0,0,5283,0,1275617896,1273088296,4096,4096,0,0,41341,41341,2642930982,2642931315,2642930990,2642931323,0,0,0,0,0,0,0,0,4096,256,131072,4,15|4,0,67108864,262144,256,0,0,0,0,632,0,620,0,158,155,0,1,632,0|196,3355461327,2,40790400,0,0,0,0,0,45870492,0,155,0,2236293966,0,2236293966,0,2080,2220338712,0,25262192,0,0,0,0,0
1785986024430|1029|mixed_30min_half_f2r_00002_67108864|rotating|82,1378943233,33558272,46524670,45909085,499571,0,499571,0,10586,0,5293,0,0,0,41418,41418,33816656,33816656,4096,4096,0,0,5293,5293,2627964293,2627964293,2627964301,2627964301,0,0,0,0,0,0,0,0,4096,256,131072,4,15|4,0,67108864,262144,256,0,0,0,0,632,0,620,0,158,155,0,1,632,0|196,2675370959,2,0,0,40632320,0,40632320,0,125033,0,0,155,0,0,0,0,0,0,0,5287345,0,0,0,0,0
1785986029437|1029|mixed_30min_half_f2r_00002_67108864|fixed|84,1378943233,16777471,53081784,52379330,52511804,52379330,52511804,52379330,47436,47258,47254,47254,0,0,6039,0,1458084871,1455195978,4096,4096,0,0,47255,47255,2963386265,2963386278,2963386273,2963386286,0,0,0,0,0,0,0,0,4096,256,131072,4,15|4,0,67108864,262144,256,0,0,0,0,720,0,708,0,180,177,0,1,720,0|198,3676179531,2,46620800,0,0,0,0,0,52431650,0,177,0,2555554570,0,2555554570,0,2080,2537880079,0,28132493,0,0,0,0,0
1785986029437|1029|mixed_30min_half_f2r_00002_67108864|rotating|84,1378943233,33558272,53152979,52449767,570730,0,570730,0,12094,0,6047,0,0,0,47318,47318,38633904,38633904,4096,4096,0,0,6047,6047,2947682689,2947682689,2947682697,2947682697,0,0,0,0,0,0,0,0,4096,256,131072,4,15|5,0,67108864,262144,256,0,0,0,0,724,0,712,0,181,178,0,1,724,0|198,2995307245,2,0,0,46661632,0,46661632,0,142847,0,0,178,0,0,0,0,0,0,0,5336192,0,0,0,0,0
1785986034457|1029|mixed_30min_half_f2r_00002_67108864|fixed|86,1378943233,16777471,59738089,58947889,59096667,58947889,59096667,58947889,53384,53184,53180,53180,0,0,6796,0,1640933350,1637685417,4096,4096,0,0,53181,53181,3284496813,3284496826,3284496821,3284496834,0,0,0,0,0,0,0,0,4096,256,131072,4,15|4,0,67108864,262144,256,0,0,0,0,812,0,800,0,203,200,0,1,812,0|200,3997154268,2,52460416,0,0,0,0,0,58993856,0,200,0,2875069403,0,2875069403,0,2080,2855541388,0,31134481,0,0,0,0,0
1785986034457|1029|mixed_30min_half_f2r_00002_67108864|rotating|86,1378943233,33558272,59817502,59025664,642368,0,642368,0,13612,0,6806,0,0,0,53251,53251,43483136,43483136,4096,4096,0,0,6806,6806,3269354441,3269354441,3269354449,3269354449,0,0,0,0,0,0,0,0,4096,256,131072,4,15|4,0,67108864,262144,256,0,0,0,0,812,0,800,0,203,200,0,1,812,0|200,3316884982,2,0,0,52428800,0,52428800,0,160734,0,0,200,0,0,0,0,0,0,0,5376759,0,0,0,0,0
1785986039461|1029|mixed_30min_half_f2r_00002_67108864|fixed|88,1378943233,16777471,66378393,65499627,65665616,65499627,65665616,65499627,59318,59095,59091,59091,0,0,7552,0,1823314243,1819690952,4096,4096,0,0,59092,59092,3604922475,3604922496,3604922483,3604922480,0,0,0,0,0,0,0,0,4096,256,131072,4,15|4,0,67108864,262144,256,0,0,0,0,900,0,888,0,225,222,0,1,900,0|202,22443166,3,58282912,0,0,0,0,0,65545289,0,222,0,3193869973,0,3193869973,0,2080,3172618510,0,34007296,0,0,0,0,0
1785986039461|1029|mixed_30min_half_f2r_00002_67108864|rotating|88,1378943233,33558272,66461781,65582059,713724,0,713724,0,15124,0,7562,0,0,0,59165,59165,48313176,48313176,4096,4096,0,0,7562,7562,3589934862,3589934862,3589934870,3589934870,0,0,0,0,0,0,0,0,4096,256,131072,4,15|4,0,67108864,262144,256,0,0,0,0,900,0,888,0,225,222,0,1,900,0|202,3637404667,2,0,0,58195968,0,58195968,0,178572,0,0,222,0,0,0,0,0,0,0,5414432,0,0,0,0,0
1785986044470|1029|mixed_30min_half_f2r_00002_67108864|fixed|90,1378943233,16777471,73026014,72059342,72241787,72059342,72241787,72059342,65257,65012,65008,65008,0,0,8309,0,2005891456,2001909127,4096,4096,0,0,65009,65009,3925558412,3925558393,3925558388,3925558401,0,0,0,0,0,0,0,0,4096,256,131072,4,15|4,0,67108864,262144,256,0,0,0,0,988,0,976,0,247,244,0,1,988,0|204,343161144,3,64113312,0,0,0,0,0,72106223,0,244,0,3513130351,0,3513130351,0,2080,3490158307,0,36878941,0,0,0,0,0
1785986044470|1029|mixed_30min_half_f2r_00002_67108864|rotating|90,1378943233,33558272,73104276,72136834,784983,0,784983,0,16634,0,8317,0,0,0,65077,65077,53136824,53136824,4096,4096,0,0,8317,8317,3910084341,3910084341,3910084349,3910084349,0,0,0,0,0,0,0,0,4096,256,131072,4,15|4,0,67108864,262144,256,0,0,0,0,988,0,976,0,247,244,0,1,988,0|204,3958699509,2,0,0,63963136,0,63963136,0,196433,0,0,244,0,0,0,0,0,0,0,5451108,0,0,0,0,0
1785986057228|1031|mixed_30min_half_f2r_00004_16777216|fixed|96,1378943233,16777471,6130212,6045628,6060180,6045628,6060180,6045628,5840,5818,5817,5817,0,0,742,0,179573755,179232880,4096,4096,0,0,5818,5818,447119216,447119237,447119224,447119213,0,0,0,0,0,0,0,0,4096,256,131072,4,15|4,0,16777216,262144,64,0,0,0,0,100,0,88,0,25,22,0,1,100,0|218,1159724980,3,5782976,0,0,0,0,0,6089738,0,22,0,320361905,0,320361905,0,2080,314432991,0,8422801,0,0,0,0,0
1785986057228|1031|mixed_30min_half_f2r_00004_16777216|rotating|96,1378943233,33558272,6204506,6118318,70977,0,70977,0,1504,0,752,0,0,0,5888,5888,4804472,4804472,4096,4096,0,0,752,752,431911889,431911889,431911897,431911897,0,0,0,0,0,0,0,0,4096,256,131072,4,15|4,0,16777216,262144,64,0,0,0,0,100,0,88,0,25,22,0,1,100,0|218,478739714,3,0,0,5767168,0,5767168,0,17838,0,0,22,0,0,0,0,0,0,0,5488021,0,0,0,0,0
1785986062229|1031|mixed_30min_half_f2r_00004_16777216|fixed|98,1378943233,16777471,12342311,12170046,12201021,12170046,12201021,12170046,11765,11720,11719,11719,0,0,1497,0,361735520,361017539,4096,4096,0,0,11720,11720,767046283,767046296,767046299,767046304,0,0,0,0,0,0,0,0,4096,256,131072,4,15|4,0,16777216,262144,64,0,0,0,0,188,0,176,0,47,44,0,1,188,0|220,1479724547,3,11597568,0,0,0,0,0,12218493,0,44,0,638907824,0,638907824,0,2080,631257242,0,11292139,0,0,0,0,0
1785986062229|1031|mixed_30min_half_f2r_00004_16777216|rotating|98,1378943233,33558272,12416946,12243892,142143,0,142143,0,3012,0,1506,0,0,0,11790,11790,9621776,9621776,4096,4096,0,0,1506,1506,751629295,751629295,751629303,751629303,0,0,0,0,0,0,0,0,4096,256,131072,4,15|4,0,16777216,262144,64,0,0,0,0,188,0,176,0,47,44,0,1,188,0|220,798730320,3,0,0,11534336,0,11534336,0,35654,0,0,44,0,0,0,0,0,0,0,5528273,0,0,0,0,0
1785986072444|1032|mixed_30min_half_f2r_00005_67108864|fixed|102,1378943233,16781056,6137090,6053342,6067338,6053342,6067338,6053342,5812,5791,5790,5790,0,0,739,0,178725512,178382280,4096,4096,0,0,5790,5790,1420825660,1420825985,1420825668,1420825993,0,0,0,0,0,0,0,0,4096,256,131072,4,15|4,0,67108864,262144,256,0,0,0,0,96,0,84,0,24,21,0,1,96,0|228,2133490467,3,5757952,0,0,0,0,0,6101335,0,21,0,319933464,0,319933464,0,2080,313133068,0,9671132,0,0,0,0,0
1785986072444|1032|mixed_30min_half_f2r_00005_67108864|rotating|102,1378943233,33558272,6208805,6123613,70598,0,70598,0,1496,0,748,0,0,0,5857,5857,4778928,4778928,4096,4096,0,0,748,748,1405267221,1405267221,1405267229,1405267229,0,0,0,0,0,0,0,0,4096,256,131072,4,15|4,0,67108864,262144,256,0,0,0,0,100,0,88,0,25,22,0,1,100,0|228,1452416511,3,0,0,5767168,0,5767168,0,17768,0,0,22,0,0,0,0,0,0,0,6894175,0,0,0,0,0
1785986077478|1032|mixed_30min_half_f2r_00005_67108864|fixed|104,1378943233,16777471,12439840,12267713,12298360,12267713,12298360,12267713,11779,11735,11734,11734,0,0,1499,0,362203924,361484719,4096,4096,0,0,11734,11734,1743048696,1743049021,1743048704,1743049029,0,0,0,0,0,0,0,0,4096,256,131072,4,15|4,0,67108864,262144,256,0,0,0,0,188,0,176,0,47,44,0,1,188,0|230,2457915756,3,11652896,0,0,0,0,0,12359084,0,44,0,642885017,0,642885017,0,2080,634228841,0,12687255,0,0,0,0,0
1785986077478|1032|mixed_30min_half_f2r_00005_67108864|rotating|104,1378943233,33558272,12575682,12402097,142994,0,142994,0,3030,0,1515,0,0,0,11862,11862,9679272,9679272,4096,4096,0,0,1515,1515,1730715077,1730715077,1730715085,1730715085,0,0,0,0,0,0,0,0,4096,256,131072,4,15|5,0,67108864,262144,256,0,0,0,0,192,0,180,0,48,45,0,1,192,0|230,1782790523,3,0,0,11796480,0,11796480,0,36148,0,0,45,0,0,0,0,0,0,0,6954102,0,0,0,0,0
1785986082484|1032|mixed_30min_half_f2r_00005_67108864|fixed|106,1378943233,16777471,18710659,18451700,18497823,18451700,18497823,18451700,17713,17647,17645,17645,0,0,2255,0,544679940,543602728,4096,4096,0,0,17646,17646,2063409472,2063409477,2063409480,2063409453,0,0,0,0,0,0,0,0,4096,256,131072,4,15|4,0,67108864,262144,256,0,0,0,0,276,0,264,0,69,66,0,1,276,0|232,2776736362,3,17451680,0,0,0,0,0,18512680,0,66,0,960255927,0,960255927,0,2080,949859683,0,15571599,0,0,0,0,0
1785986082484|1032|mixed_30min_half_f2r_00005_67108864|rotating|106,1378943233,33558272,18805528,18545669,213876,0,213876,0,4532,0,2266,0,0,0,17735,17735,14477336,14477336,4096,4096,0,0,2266,2266,2049158175,2049158175,2049158183,2049158183,0,0,0,0,0,0,0,0,4096,256,131072,4,15|4,0,67108864,262144,256,0,0,0,0,276,0,264,0,69,66,0,1,276,0|232,2096243545,3,0,0,17301504,0,17301504,0,53586,0,0,66,0,0,0,0,0,0,0,7005445,0,0,0,0,0
1785986087500|1032|mixed_30min_half_f2r_00005_67108864|fixed|108,1378943233,16777471,24992957,24648750,24708673,24648750,24708673,24648750,23659,23572,23569,23569,0,0,3012,0,727539999,726103184,4096,4096,0,0,23570,23570,2384428022,2384428051,2384428030,2384428003,0,0,0,0,0,0,0,0,4096,256,131072,4,15|4,0,67108864,262144,256,0,0,0,0,364,0,352,0,91,88,0,1,364,0|234,3097072988,3,23274176,0,0,0,0,0,24695468,0,88,0,1279136929,0,1279136929,0,2080,1267005538,0,18456113,0,0,0,0,0
1785986087500|1032|mixed_30min_half_f2r_00005_67108864|rotating|108,1378943233,33558272,25060772,24715811,285035,0,285035,0,6040,0,3020,0,0,0,23633,23633,19294568,19294568,4096,4096,0,0,3020,3020,2368890773,2368890773,2368890781,2368890781,0,0,0,0,0,0,0,0,4096,256,131072,4,15|4,0,67108864,262144,256,0,0,0,0,364,0,352,0,91,88,0,1,364,0|234,2415891057,3,0,0,23068672,0,23068672,0,71376,0,0,88,0,0,0,0,0,0,0,7054984,0,0,0,0,0
1785986092515|1032|mixed_30min_half_f2r_00005_67108864|fixed|110,1378943233,16781056,31279761,30847865,30924034,30847865,30924034,30847865,29608,29499,29497,29497,0,0,3769,0,910513272,908717752,4096,4096,0,0,29497,29497,2705631288,2705631637,2705631296,2705631645,0,0,0,0,0,0,0,0,4096,256,131072,4,15|4,0,67108864,262144,256,0,0,0,0,456,0,444,0,114,111,0,1,456,0|236,3418227495,3,29113792,0,0,0,0,0,30890163,0,111,0,1598831532,0,1598831532,0,2080,1584832060,0,21472658,0,0,0,0,0
1785986092515|1032|mixed_30min_half_f2r_00005_67108864|rotating|110,1378943233,33558272,31344595,30911131,356578,0,356578,0,7556,0,3778,0,0,0,29558,29558,24137408,24137408,4096,4096,0,0,3778,3778,2690147316,2690147316,2690147324,2690147324,0,0,0,0,0,0,0,0,4096,256,131072,4,15|4,0,67108864,262144,256,0,0,0,0,456,0,444,0,114,111,0,1,456,0|236,2736919720,3,0,0,29097984,0,29097984,0,89239,0,0,111,0,0,0,0,0,0,0,7115162,0,0,0,0,0
1785986097525|1032|mixed_30min_half_f2r_00005_67108864|fixed|112,1378943233,16781056,37548562,37030636,37121481,37030636,37121481,37030636,35543,35410,35408,35408,0,0,4525,0,1092973568,1090803864,4096,4096,0,0,35408,35408,3026065582,3026065915,3026065590,3026065923,0,0,0,0,0,0,0,0,4096,256,131072,4,15|4,0,67108864,262144,256,0,0,0,0,544,0,532,0,136,133,0,1,544,0|238,3738921808,3,34945788,0,0,0,0,0,37080419,0,133,0,1918067846,0,1918067846,0,2080,1902350636,0,24341580,0,0,0,0,0
1785986097525|1032|mixed_30min_half_f2r_00005_67108864|rotating|112,1378943233,33558272,37623980,37105194,427934,0,427934,0,9068,0,4534,0,0,0,35479,35479,28967480,28967480,4096,4096,0,0,4534,4534,3010723825,3010723825,3010723833,3010723833,0,0,0,0,0,0,0,0,4096,256,131072,4,15|4,0,67108864,262144,256,0,0,0,0,544,0,532,0,136,133,0,1,544,0|238,3057614594,3,0,0,34865152,0,34865152,0,107077,0,0,133,0,0,0,0,0,0,0,7152891,0,0,0,0,0
1785986102533|1032|mixed_30min_half_f2r_00005_67108864|fixed|114,1378943233,16777471,43822604,43218135,43324167,43218135,43324167,43218135,41481,41326,41323,41323,0,0,5281,0,1275574294,1273046865,4096,4096,0,0,41324,41324,3346603762,3346603783,3346603770,3346603799,0,0,0,0,0,0,0,0,4096,256,131072,4,15|4,0,67108864,262144,256,0,0,0,0,632,0,620,0,158,155,0,1,632,0|240,4059712513,3,40782496,0,0,0,0,0,43272923,0,155,0,2237399374,0,2237399374,0,2080,2219991390,0,27184995,0,0,0,0,0
1785986102533|1032|mixed_30min_half_f2r_00005_67108864|rotating|114,1378943233,33558272,43915278,43309607,499477,0,499477,0,10584,0,5292,0,0,0,41411,41411,33810272,33810272,4096,4096,0,0,5292,5292,3332134397,3332134397,3332134405,3332134405,0,0,0,0,0,0,0,0,4096,256,131072,4,15|4,0,67108864,262144,256,0,0,0,0,632,0,620,0,158,155,0,1,632,0|240,3379100642,3,0,0,40632320,0,40632320,0,124986,0,0,155,0,0,0,0,0,0,0,7206064,0,0,0,0,0
1785986107544|1032|mixed_30min_half_f2r_00005_67108864|fixed|116,1378943233,16777471,50128471,49435973,49558302,49435973,49558302,49435973,47449,47272,47269,47269,0,0,6041,0,1459113125,1456227656,4096,4096,0,0,47270,47270,3668772317,3668772322,3668772325,3668772282,0,0,0,0,0,0,0,0,4096,256,131072,4,15|4,0,67108864,262144,256,0,0,0,0,720,0,708,0,180,177,0,1,720,0|242,87510187,4,46652416,0,0,0,0,0,49502593,0,177,0,2558696864,0,2558696864,0,2080,2539597590,0,30035834,0,0,0,0,0
1785986107544|1032|mixed_30min_half_f2r_00005_67108864|rotating|116,1378943233,33558272,50212717,49518488,571202,0,571202,0,12104,0,6052,0,0,0,47349,47349,38665872,38665872,4096,4096,0,0,6052,6052,3654088104,3654088104,3654088112,3654088112,0,0,0,0,0,0,0,0,4096,256,131072,4,15|4,0,67108864,262144,256,0,0,0,0,724,0,712,0,181,178,0,1,724,0|242,3701802723,3,0,0,46661632,0,46661632,0,142942,0,0,178,0,0,0,0,0,0,0,7257389,0,0,0,0,0
1785986112559|1032|mixed_30min_half_f2r_00005_67108864|fixed|118,1378943233,16777471,56385644,55607123,55744316,55607123,55744316,55607123,53371,53173,53169,53169,0,0,6795,0,1641219007,1637975930,4096,4096,0,0,53170,53170,3988455879,3988455924,3988455887,3988455932,0,0,0,0,0,0,0,0,4096,256,131072,4,15|4,0,67108864,262144,256,0,0,0,0,812,0,800,0,203,200,0,1,812,0|244,406097314,4,52444608,0,0,0,0,0,55649059,0,200,0,2875835943,0,2875835943,0,2080,2854891405,0,33019380,0,0,0,0,0
1785986112559|1032|mixed_30min_half_f2r_00005_67108864|rotating|118,1378943233,33558272,56464803,55684706,642274,0,642274,0,13610,0,6805,0,0,0,53243,53243,43476744,43476744,4096,4096,0,0,6805,6805,3973486639,3973486639,3973486647,3973486647,0,0,0,0,0,0,0,0,4096,256,131072,4,15|4,0,67108864,262144,256,0,0,0,0,812,0,800,0,203,200,0,1,812,0|244,4020877984,3,0,0,52428800,0,52428800,0,160710,0,0,200,0,0,0,0,0,0,0,7306117,0,0,0,0,0
1785986117564|1032|mixed_30min_half_f2r_00005_67108864|fixed|120,1378943233,16777471,62652972,61786611,61940385,61786611,61940385,61786611,59300,59079,59076,59076,0,0,7550,0,1823554337,1819935516,4096,4096,0,0,59076,59076,13669033,13669366,13669041,13669374,0,0,0,0,0,0,0,0,4096,256,131072,4,15|4,0,67108864,262144,256,0,0,0,0,900,0,888,0,225,222,0,1,900,0|246,726561259,4,58275008,0,0,0,0,0,61837057,0,222,0,3194842288,0,3194842288,0,2080,3172196095,0,35872099,0,0,0,0,0
1785986117564|1032|mixed_30min_half_f2r_00005_67108864|rotating|120,1378943233,33558272,62747679,61880069,713724,0,713724,0,15124,0,7562,0,0,0,59165,59165,48313176,48313176,4096,4096,0,0,7562,7562,4294476711,4294476711,4294476719,4294476719,0,0,0,0,0,0,0,0,4096,256,131072,4,15|4,0,67108864,262144,256,0,0,0,0,900,0,888,0,225,222,0,1,900,0|246,46267024,4,0,0,58195968,0,58195968,0,178525,0,0,222,0,0,0,0,0,0,0,7349048,0,0,0,0,0
1785986122583|1032|mixed_30min_half_f2r_00005_67108864|fixed|122,1378943233,16777471,68945242,67993239,68161109,67993239,68161109,67993239,65251,65008,65004,65004,0,0,8308,0,2006544088,2002565416,4096,4096,0,0,65005,65005,334907745,334907742,334907705,334907726,0,0,0,0,0,0,0,0,4096,256,131072,4,15|4,0,67108864,262144,256,0,0,0,0,988,0,976,0,247,244,0,1,988,0|248,1049361117,4,64144928,0,0,0,0,0,68073640,0,244,0,3516174666,0,3516174666,0,2080,3491822964,0,38737157,0,0,0,0,0
1785986122583|1032|mixed_30min_half_f2r_00005_67108864|rotating|122,1378943233,33558272,69059490,68106051,785359,0,785359,0,16642,0,8321,0,0,0,65111,65111,53162344,53162344,4096,4096,0,0,8321,8321,321371369,321371369,321371377,321371377,0,0,0,0,0,0,0,0,4096,256,131072,4,15|4,0,67108864,262144,256,0,0,0,0,992,0,980,0,248,245,0,1,992,0|248,370164889,4,0,0,64225280,0,64225280,0,196551,0,0,245,0,0,0,0,0,0,0,7393108,0,0,0,0,0
1785986135269|1034|mixed_30min_half_f2r_00007_16777216|fixed|128,1378943233,16781056,6533678,6447913,6463589,6447913,6463589,6447913,5840,5818,5818,5818,0,0,742,0,179520208,179177488,4096,4096,0,0,5818,5818,1146840214,1146840547,1146840222,1146840555,0,0,0,0,0,0,0,0,4096,256,131072,4,15|4,0,16777216,262144,64,0,0,0,0,100,0,88,0,25,22,0,1,100,0|262,1859497005,4,5782976,0,0,0,0,0,6495760,0,22,0,319997474,0,319997474,0,2080,314492955,0,7904343,0,0,0,0,0
1785986135269|1034|mixed_30min_half_f2r_00007_16777216|rotating|128,1378943233,33558272,6609640,6522279,70977,0,70977,0,1504,0,752,0,0,0,5885,5885,4804472,4804472,4096,4096,0,0,752,752,1131624979,1131624979,1131624987,1131624987,0,0,0,0,0,0,0,0,4096,256,131072,4,15|4,0,16777216,262144,64,0,0,0,0,100,0,88,0,25,22,0,1,100,0|262,1178254959,4,0,0,5767168,0,5767168,0,17838,0,0,22,0,0,0,0,0,0,0,5014173,0,0,0,0,0
1785986140275|1034|mixed_30min_half_f2r_00007_16777216|fixed|130,1378943233,16781056,13173674,12999457,13032194,12999457,13032194,12999457,11774,11729,11729,11729,0,0,1499,0,361910024,361191944,4096,4096,0,0,11729,11729,1467276126,1467276459,1467276134,1467276467,0,0,0,0,0,0,0,0,4096,256,131072,4,15|4,0,16777216,262144,64,0,0,0,0,188,0,176,0,47,44,0,1,188,0|264,2180061223,4,11613376,0,0,0,0,0,13053179,0,44,0,639104092,0,639104092,0,2080,631879644,0,10775336,0,0,0,0,0
1785986140275|1034|mixed_30min_half_f2r_00007_16777216|rotating|130,1378943233,33558272,13253609,13078518,142333,0,142333,0,3016,0,1508,0,0,0,11800,11800,9634544,9634544,4096,4096,0,0,1508,1508,1452203552,1452203552,1452203560,1452203560,0,0,0,0,0,0,0,0,4096,256,131072,4,15|4,0,16777216,262144,64,0,0,0,0,188,0,176,0,47,44,0,1,188,0|264,1499019907,4,0,0,11534336,0,11534336,0,35677,0,0,44,0,0,0,0,0,0,0,5058293,0,0,0,0,0
1785986150672|1035|mixed_30min_half_f2r_00008_67108864|fixed|134,1378943233,16777471,6177302,6092103,6107176,6092103,6107176,6092103,5842,5819,5819,5819,0,0,743,0,179622618,179279189,4096,4096,0,0,5819,5819,2132644562,2132644887,2132644570,2132644895,0,0,0,0,0,0,0,0,4096,256,131072,4,15|4,0,67108864,262144,256,0,0,0,0,100,0,88,0,25,22,0,1,100,0|272,2845307213,4,5782976,0,0,0,0,0,6137441,0,22,0,320099490,0,320099490,0,2080,314554670,0,7968894,0,0,0,0,0
1785986150672|1035|mixed_30min_half_f2r_00008_67108864|rotating|134,1378943233,33558272,6249463,6162741,70977,0,70977,0,1504,0,752,0,0,0,5887,5887,4804472,4804472,4096,4096,0,0,752,752,2117373686,2117373686,2117373694,2117373694,0,0,0,0,0,0,0,0,4096,256,131072,4,15|4,0,67108864,262144,256,0,0,0,0,100,0,88,0,25,22,0,1,100,0|272,2164253572,4,0,0,5767168,0,5767168,0,17838,0,0,22,0,0,0,0,0,0,0,5115660,0,0,0,0,0
1785986155679|1035|mixed_30min_half_f2r_00008_67108864|fixed|136,1378943233,16777471,12456289,12283742,12314809,12283742,12314809,12283742,11781,11735,11734,11734,0,0,1499,0,362214393,361495968,4096,4096,0,0,11735,11735,2453293287,2453293300,2453293295,2453293276,0,0,0,0,0,0,0,0,4096,256,131072,4,15|4,0,67108864,262144,256,0,0,0,0,188,0,176,0,47,44,0,1,188,0|274,3166125096,4,11615148,0,0,0,0,0,12335511,0,44,0,639459330,0,639459330,0,2080,632219356,0,10815276,0,0,0,0,0
1785986155679|1035|mixed_30min_half_f2r_00008_67108864|rotating|136,1378943233,33558272,12524036,12350711,142238,0,142238,0,3014,0,1507,0,0,0,11798,11798,9628168,9628168,4096,4096,0,0,1507,1507,2437497914,2437497914,2437497922,2437497922,0,0,0,0,0,0,0,0,4096,256,131072,4,15|4,0,67108864,262144,256,0,0,0,0,188,0,176,0,47,44,0,1,188,0|274,2485270623,4,0,0,11534336,0,11534336,0,35701,0,0,44,0,0,0,0,0,0,0,5161473,0,0,0,0,0
1785986160681|1035|mixed_30min_half_f2r_00008_67108864|fixed|138,1378943233,16777471,18730001,18470447,18517260,18470447,18517260,18470447,17712,17644,17643,17643,0,0,2254,0,544621045,543543352,4096,4096,0,0,17644,17644,2773469961,2773469974,2773469969,2773469942,0,0,0,0,0,0,0,0,4096,256,131072,4,15|4,0,67108864,262144,256,0,0,0,0,276,0,264,0,69,66,0,1,276,0|276,3489924010,4,17507008,0,0,0,0,0,18592845,0,66,0,961785279,0,961785279,0,2080,952871840,0,13653217,0,0,0,0,0
1785986160681|1035|mixed_30min_half_f2r_00008_67108864|rotating|138,1378943233,33558272,18880328,18619113,214437,0,214437,0,4544,0,2272,0,0,0,17785,17785,14515640,14515640,4096,4096,0,0,2272,2272,2761911395,2761911395,2761911403,2761911403,0,0,0,0,0,0,0,0,4096,256,131072,4,15|5,0,67108864,262144,256,0,0,0,0,280,0,268,0,70,67,0,1,280,0|276,2810097931,4,0,0,17563648,0,17563648,0,53798,0,0,67,0,0,0,0,0,0,0,5208626,0,0,0,0,0
1785986165687|1035|mixed_30min_half_f2r_00008_67108864|fixed|140,1378943233,16781056,25001706,24655167,24717610,24655167,24717610,24655167,23647,23556,23556,23556,0,0,3010,0,727135000,725698920,4096,4096,0,0,23556,23556,3093829982,3093830307,3093829990,3093830315,0,0,0,0,0,0,0,0,4096,256,131072,4,15|4,0,67108864,262144,256,0,0,0,0,364,0,352,0,91,88,0,1,364,0|278,3807114623,4,23274176,0,0,0,0,0,24715160,0,88,0,1277534100,0,1277534100,0,2080,1266912619,0,16498747,0,0,0,0,0
1785986165687|1035|mixed_30min_half_f2r_00008_67108864|rotating|140,1378943233,33558272,25102429,24754734,285223,0,285223,0,6044,0,3022,0,0,0,23651,23651,19307360,19307360,4096,4096,0,0,3022,3022,3079885930,3079885930,3079885938,3079885938,0,0,0,0,0,0,0,0,4096,256,131072,4,15|5,0,67108864,262144,256,0,0,0,0,368,0,356,0,92,89,0,1,368,0|278,3127045562,4,0,0,23330816,0,23330816,0,71423,0,0,89,0,0,0,0,0,0,0,5247616,0,0,0,0,0
1785986170698|1035|mixed_30min_half_f2r_00008_67108864|fixed|142,1378943233,16781056,31294465,30860773,30938832,30860773,30938832,30860773,29602,29489,29489,29489,0,0,3768,0,910277184,908481800,4096,4096,0,0,29489,29489,3415293336,3415293677,3415293344,3415293685,0,0,0,0,0,0,0,0,4096,256,131072,4,15|4,0,67108864,262144,256,0,0,0,0,456,0,444,0,114,111,0,1,456,0|280,4127876369,4,29105888,0,0,0,0,0,30903626,0,111,0,1596837918,0,1596837918,0,2080,1584389934,0,19472017,0,0,0,0,0
1785986170698|1035|mixed_30min_half_f2r_00008_67108864|rotating|142,1378943233,33558272,31385572,30950078,356767,0,356767,0,7560,0,3780,0,0,0,29574,29574,24150200,24150200,4096,4096,0,0,3780,3780,3401099199,3401099199,3401099207,3401099207,0,0,0,0,0,0,0,0,4096,256,131072,4,15|4,0,67108864,262144,256,0,0,0,0,456,0,444,0,114,111,0,1,456,0|280,3447829181,4,0,0,29097984,0,29097984,0,89286,0,0,111,0,0,0,0,0,0,0,5287665,0,0,0,0,0
1785986175702|1035|mixed_30min_half_f2r_00008_67108864|fixed|144,1378943233,16777471,37543468,37022105,37116671,37022105,37116671,37022105,35517,35381,35380,35380,0,0,4522,0,1092137840,1089967005,4096,4096,0,0,35381,35381,3734666785,3734666750,3734666769,3734666758,0,0,0,0,0,0,0,0,4096,256,131072,4,15|4,0,67108864,262144,256,0,0,0,0,544,0,532,0,136,133,0,1,544,0|282,152402652,5,34920480,0,0,0,0,0,37070693,0,133,0,1914877849,0,1914877849,0,2080,1900732864,0,22316688,0,0,0,0,0
1785986175702|1035|mixed_30min_half_f2r_00008_67108864|rotating|144,1378943233,33558272,37619034,37096776,427649,0,427649,0,9062,0,4531,0,0,0,35451,35451,28948320,28948320,4096,4096,0,0,4531,4531,3719502656,3719502656,3719502664,3719502664,0,0,0,0,0,0,0,0,4096,256,131072,4,15|4,0,67108864,262144,256,0,0,0,0,544,0,532,0,136,133,0,1,544,0|282,3766269060,4,0,0,34865152,0,34865152,0,107007,0,0,133,0,0,0,0,0,0,0,5334860,0,0,0,0,0
1785986180706|1035|mixed_30min_half_f2r_00008_67108864|fixed|146,1378943233,16777471,43817087,43209240,43319030,43209240,43319030,43209240,41450,41292,41291,41291,0,0,5277,0,1274604088,1272074078,4096,4096,0,0,41292,41292,4054953835,4054953808,4054953795,4054953816,0,0,0,0,0,0,0,0,4096,256,131072,4,15|4,0,67108864,262144,256,0,0,0,0,632,0,620,0,158,155,0,1,632,0|284,472804871,5,40742976,0,0,0,0,0,43259313,0,155,0,2233824444,0,2233824444,0,2080,2217984616,0,25160898,0,0,0,0,0
1785986180706|1035|mixed_30min_half_f2r_00008_67108864|rotating|146,1378943233,33558272,43891702,43283002,498909,0,498909,0,10572,0,5286,0,0,0,41362,41362,33771952,33771952,4096,4096,0,0,5286,5286,4039624710,4039624710,4039624718,4039624718,0,0,0,0,0,0,0,0,4096,256,131072,4,15|4,0,67108864,262144,256,0,0,0,0,632,0,620,0,158,155,0,1,632,0|284,4089085056,4,0,0,40632320,0,40632320,0,124963,0,0,155,0,0,0,0,0,0,0,5379242,0,0,0,0,0
1785986185707|1035|mixed_30min_half_f2r_00008_67108864|fixed|148,1378943233,16777471,50090870,49396401,49521551,49396401,49521551,49396401,47383,47202,47201,47201,0,0,6032,0,1457026872,1454138032,4096,4096,0,0,47202,47202,80196304,80196341,80196320,80196325,0,0,0,0,0,0,0,0,4096,256,131072,4,15|4,0,67108864,262144,256,0,0,0,0,720,0,708,0,180,177,0,1,720,0|286,792952565,5,46565472,0,0,0,0,0,49445374,0,177,0,2552516514,0,2552516514,0,2080,2534989256,0,27997695,0,0,0,0,0
1785986185707|1035|mixed_30min_half_f2r_00008_67108864|rotating|148,1378943233,33558272,50159660,49464305,570169,0,570169,0,12082,0,6041,0,0,0,47266,47266,38595584,38595584,4096,4096,0,0,6041,6041,64772046,64772046,64772054,64772054,0,0,0,0,0,0,0,0,4096,256,131072,4,15|4,0,67108864,262144,256,0,0,0,0,720,0,708,0,180,177,0,1,720,0|286,111442079,5,0,0,46399488,0,46399488,0,142635,0,0,177,0,0,0,0,0,0,0,5424214,0,0,0,0,0
1785986190709|1035|mixed_30min_half_f2r_00008_67108864|fixed|150,1378943233,16777471,56356595,55575789,55716017,55575789,55716017,55575789,53311,53108,53107,53107,0,0,6787,0,1639330911,1636083026,4096,4096,0,0,53108,53108,400202872,400202861,400202880,400202869,0,0,0,0,0,0,0,0,4096,256,131072,4,15|4,0,67108864,262144,256,0,0,0,0,808,0,796,0,202,199,0,1,808,0|288,1112825645,5,52387968,0,0,0,0,0,55621309,0,199,0,2870933970,0,2870933970,0,2080,2851713418,0,30840356,0,0,0,0,0
1785986190709|1035|mixed_30min_half_f2r_00008_67108864|rotating|150,1378943233,33558272,56431204,55649561,641422,0,641422,0,13592,0,6796,0,0,0,53177,53177,43419224,43419224,4096,4096,0,0,6796,6796,384892562,384892562,384892570,384892570,0,0,0,0,0,0,0,0,4096,256,131072,4,15|5,0,67108864,262144,256,0,0,0,0,812,0,800,0,203,200,0,1,812,0|288,431869988,5,0,0,52428800,0,52428800,0,160473,0,0,200,0,0,0,0,0,0,0,5467162,0,0,0,0,0
1785986195710|1035|mixed_30min_half_f2r_00008_67108864|fixed|152,1378943233,16777471,62627102,61759494,61915270,61759494,61915270,61759494,59240,59016,59014,59014,0,0,7542,0,1821686006,1818078665,4096,4096,0,0,59015,59015,720292000,720292005,720292008,720292013,0,0,0,0,0,0,0,0,4096,256,131072,4,15|4,0,67108864,262144,256,0,0,0,0,900,0,888,0,225,222,0,1,900,0|290,1432946073,5,58203872,0,0,0,0,0,61802300,0,222,0,3189600422,0,3189600422,0,2080,3168548055,0,33815544,0,0,0,0,0
1785986195710|1035|mixed_30min_half_f2r_00008_67108864|rotating|152,1378943233,33558272,62700005,61830923,712682,0,712682,0,15102,0,7551,0,0,0,59083,59083,48242872,48242872,4096,4096,0,0,7551,7551,704818431,704818431,704818439,704818439,0,0,0,0,0,0,0,0,4096,256,131072,4,15|4,0,67108864,262144,256,0,0,0,0,900,0,888,0,225,222,0,1,900,0|290,751932949,5,0,0,58195968,0,58195968,0,178288,0,0,222,0,0,0,0,0,0,0,5518421,0,0,0,0,0
1785986200721|1035|mixed_30min_half_f2r_00008_67108864|fixed|154,1378943233,16777471,68925010,67969639,68141540,67969639,68141540,67969639,65195,64948,64946,64946,0,0,8301,0,2004800051,2000817926,4096,4096,0,0,64947,64947,1041826172,1041826169,1041826180,1041826185,0,0,0,0,0,0,0,0,4096,256,131072,4,15|4,0,67108864,262144,256,0,0,0,0,988,0,976,0,247,244,0,1,988,0|292,1754838659,5,64057984,0,0,0,0,0,68022344,0,244,0,3510029480,0,3510029480,0,2080,3487296050,0,36652762,0,0,0,0,0
1785986200721|1035|mixed_30min_half_f2r_00008_67108864|rotating|154,1378943233,33558272,69021793,68065317,784510,0,784510,0,16624,0,8312,0,0,0,65038,65038,53104888,53104888,4096,4096,0,0,8312,8312,1027512115,1027512115,1027512123,1027512123,0,0,0,0,0,0,0,0,4096,256,131072,4,15|4,0,67108864,262144,256,0,0,0,0,988,0,976,0,247,244,0,1,988,0|292,1075237072,5,0,0,63963136,0,63963136,0,196269,0,0,244,0,0,0,0,0,0,0,5560699,0,0,0,0,0
1785986213557|1037|mixed_30min_half_f2r_00010_16777216|fixed|160,1378943233,16777710,6159473,6074914,6089534,6074914,6089534,6074914,5825,5803,5803,5803,0,0,741,0,179126864,178784235,4096,4096,0,0,5803,5803,1863066680,1863066981,1863066688,1863066997,0,0,0,0,0,0,0,0,4096,256,131072,4,15|4,0,16777216,262144,64,0,0,0,0,96,0,88,0,25,22,0,1,100,0|306,2576190941,5,5775072,0,0,0,0,0,6129466,0,22,0,321050327,0,321050327,0,2080,314157165,0,9763080,0,0,0,0,0
1785986213557|1037|mixed_30min_half_f2r_00010_16777216|rotating|160,1378943233,33558272,6236872,6150621,70787,0,70787,0,1500,0,750,0,0,0,5875,5875,4791688,4791688,4096,4096,0,0,750,750,1847796559,1847796559,1847796567,1847796567,0,0,0,0,0,0,0,0,4096,256,131072,4,15|4,0,16777216,262144,64,0,0,0,0,100,0,88,0,25,22,0,1,100,0|306,1895885711,5,0,0,5767168,0,5767168,0,17862,0,0,22,0,0,0,0,0,0,0,6903932,0,0,0,0,0
1785986218558|1037|mixed_30min_half_f2r_00010_16777216|fixed|162,1378943233,16780339,12423550,12253366,12282449,12253366,12282449,12253366,11748,11704,11703,11703,0,0,1495,0,361252336,360550648,4096,4096,0,0,11704,11704,2182794987,2182794968,2182794971,2182794976,0,0,0,0,0,0,0,0,4096,256,131072,4,15|4,0,16777216,262144,64,0,0,0,0,188,0,176,0,47,44,0,1,188,0|308,2895602769,5,11581760,0,0,0,0,0,12300343,0,44,0,639010483,0,639010483,0,2080,630407003,0,12619371,0,0,0,0,0
1785986218558|1037|mixed_30min_half_f2r_00010_16777216|rotating|162,1378943233,33558272,12489217,12317640,141858,0,141858,0,3006,0,1503,0,0,0,11764,11764,9602584,9602584,4096,4096,0,0,1503,1503,2167071165,2167071165,2167071173,2167071173,0,0,0,0,0,0,0,0,4096,256,131072,4,15|4,0,16777216,262144,64,0,0,0,0,188,0,176,0,47,44,0,1,188,0|308,2214074578,5,0,0,11534336,0,11534336,0,35583,0,0,44,0,0,0,0,0,0,0,6943373,0,0,0,0,0
1785986228765|1038|mixed_30min_half_f2r_00011_67108864|fixed|166,1378943233,16777471,6556971,6470759,6486751,6470759,6486751,6470759,11690,11668,5833,5833,0,0,744,0,180090279,179747144,4096,4096,0,0,5834,5834,2836070868,2836070881,2836070876,2836070857,0,0,0,0,0,0,0,0,4096,256,131072,4,15|4,0,67108864,262144,256,0,0,0,0,100,0,88,0,25,22,0,1,100,0|316,3548754329,5,5798784,0,0,0,0,0,6519412,0,22,0,320861309,0,320861309,0,2080,315361605,0,7902791,0,0,0,0,0
1785986228765|1038|mixed_30min_half_f2r_00011_67108864|rotating|166,1378943233,33558272,6623986,6536235,71072,0,71072,0,1506,0,753,0,0,0,5893,5893,4810872,4810872,4096,4096,0,0,753,753,2820444199,2820444199,2820444207,2820444207,0,0,0,0,0,0,0,0,4096,256,131072,4,15|4,0,67108864,262144,256,0,0,0,0,100,0,88,0,25,22,0,1,100,0|316,2867289891,5,0,0,5767168,0,5767168,0,17862,0,0,22,0,0,0,0,0,0,0,5011144,0,0,0,0,0
1785986233794|1038|mixed_30min_half_f2r_00011_67108864|fixed|168,1378943233,16781056,13228505,13053409,13086552,13053409,13086552,13053409,23581,23536,11768,11768,0,0,1504,0,363301696,362583264,4096,4096,0,0,11768,11768,3157759609,3157759942,3157759617,3157759950,0,0,0,0,0,0,0,0,4096,256,131072,4,15|4,0,67108864,262144,256,0,0,0,0,188,0,176,0,47,44,0,1,188,0|318,3871649293,5,11668704,0,0,0,0,0,13129942,0,44,0,642288793,0,642288793,0,2080,635077419,0,10774010,0,0,0,0,0
1785986233794|1038|mixed_30min_half_f2r_00011_67108864|rotating|168,1378943233,33558272,13347691,13171343,143183,0,143183,0,3034,0,1517,0,0,0,11874,11874,9692024,9692024,4096,4096,0,0,1517,1517,3144461159,3144461159,3144461167,3144461167,0,0,0,0,0,0,0,0,4096,256,131072,4,15|4,0,67108864,262144,256,0,0,0,0,188,0,176,0,47,44,0,1,188,0|318,3191753164,5,0,0,11534336,0,11534336,0,35913,0,0,44,0,0,0,0,0,0,0,5052518,0,0,0,0,0
1785986238806|1038|mixed_30min_half_f2r_00011_67108864|fixed|170,1378943233,16777471,19887486,19624513,19674178,19624513,19674178,19624513,35451,35384,17691,17691,0,0,2260,0,546163317,545085416,4096,4096,0,0,17692,17692,3478742376,3478742389,3478742384,3478742397,0,0,0,0,0,0,0,0,4096,256,131072,4,15|4,0,67108864,262144,256,0,0,0,0,276,0,264,0,69,66,0,1,276,0|320,4191407574,5,17483296,0,0,0,0,0,19675840,0,66,0,960593426,0,960593426,0,2080,951657560,0,13646172,0,0,0,0,0
1785986238806|1038|mixed_30min_half_f2r_00011_67108864|rotating|170,1378943233,33558272,19955553,19691805,214063,0,214063,0,4536,0,2268,0,0,0,17751,17751,14490096,14490096,4096,4096,0,0,2268,2268,3462892089,3462892089,3462892097,3462892097,0,0,0,0,0,0,0,0,4096,256,131072,4,15|4,0,67108864,262144,256,0,0,0,0,276,0,264,0,69,66,0,1,276,0|320,3510014738,5,0,0,17301504,0,17301504,0,53632,0,0,66,0,0,0,0,0,0,0,5091838,0,0,0,0,0
1785986243836|1038|mixed_30min_half_f2r_00011_67108864|fixed|172,1378943233,16777471,26563025,26211781,26278083,26211781,26278083,26211781,47351,47262,23630,23630,0,0,3019,0,729510112,728072997,4096,4096,0,0,23631,23631,3800554550,3800554531,3800554526,3800554539,0,0,0,0,0,0,0,0,4096,256,131072,4,15|4,0,67108864,262144,256,0,0,0,0,368,0,356,0,92,89,0,1,368,0|322,219434072,6,23354528,0,0,0,0,0,26284116,0,89,0,1282119412,0,1282119412,0,2080,1271336738,0,16648232,0,0,0,0,0
1785986243836|1038|mixed_30min_half_f2r_00011_67108864|rotating|172,1378943233,33558272,26675505,26322237,286263,0,286263,0,6066,0,3033,0,0,0,23730,23730,19377664,19377664,4096,4096,0,0,3033,3033,3787142545,3787142545,3787142553,3787142553,0,0,0,0,0,0,0,0,4096,256,131072,4,15|4,0,67108864,262144,256,0,0,0,0,368,0,356,0,92,89,0,1,368,0|322,3834929856,5,0,0,23330816,0,23330816,0,71708,0,0,89,0,0,0,0,0,0,0,5142616,0,0,0,0,0
1785986248859|1038|mixed_30min_half_f2r_00011_67108864|fixed|174,1378943233,16777471,33227038,32786982,32870460,32786982,32870460,32786982,59232,59120,29559,29559,0,0,3778,0,912565200,910752542,4096,4096,0,0,29560,29560,4121978099,4121978080,4121978075,4121978088,0,0,0,0,0,0,0,0,4096,256,131072,4,15|4,0,67108864,262144,256,0,0,0,0,456,0,444,0,114,111,0,1,456,0|324,539705576,6,29184928,0,0,0,0,0,32838352,0,111,0,1600933316,0,1600933316,0,2080,1588429610,0,19520328,0,0,0,0,0
1785986248859|1038|mixed_30min_half_f2r_00011_67108864|rotating|174,1378943233,33558272,33305384,32864556,357336,0,357336,0,7572,0,3786,0,0,0,29629,29629,24188552,24188552,4096,4096,0,0,3786,3786,4106432930,4106432930,4106432938,4106432938,0,0,0,0,0,0,0,0,4096,256,131072,4,15|4,0,67108864,262144,256,0,0,0,0,456,0,444,0,114,111,0,1,456,0|324,4153582687,5,0,0,29097984,0,29097984,0,89452,0,0,111,0,0,0,0,0,0,0,5197725,0,0,0,0,0
1785986253861|1038|mixed_30min_half_f2r_00011_67108864|fixed|176,1378943233,16781056,39868658,39340897,39440819,39340897,39440819,39340897,71074,70940,35470,35470,0,0,4533,0,1095029840,1092858216,4096,4096,0,0,35470,35470,147278233,147278566,147278241,147278574,0,0,0,0,0,0,0,0,4096,256,131072,4,15|4,0,67108864,262144,256,0,0,0,0,544,0,532,0,136,133,0,1,544,0|326,859910822,6,35007424,0,0,0,0,0,39390641,0,133,0,1919682938,0,1919682938,0,2080,1905455742,0,22393185,0,0,0,0,0
1785986253861|1038|mixed_30min_half_f2r_00011_67108864|rotating|176,1378943233,33558272,39939908,39411358,428595,0,428595,0,9082,0,4541,0,0,0,35533,35533,29012208,29012208,4096,4096,0,0,4541,4541,131616351,131616351,131616359,131616359,0,0,0,0,0,0,0,0,4096,256,131072,4,15|4,0,67108864,262144,256,0,0,0,0,544,0,532,0,136,133,0,1,544,0|326,178466002,6,0,0,34865152,0,34865152,0,107243,0,0,133,0,0,0,0,0,0,0,5233367,0,0,0,0,0
1785986258874|1038|mixed_30min_half_f2r_00011_67108864|fixed|178,1378943233,16777471,46521500,45905707,46022307,45905707,46022307,45905707,82934,82778,41388,41388,0,0,5289,0,1277743517,1275212432,4096,4096,0,0,41389,41389,468002023,468002004,468002031,468002012,0,0,0,0,0,0,0,0,4096,256,131072,4,15|4,0,67108864,262144,256,0,0,0,0,632,0,620,0,158,155,0,1,632,0|328,1180568097,6,40837824,0,0,0,0,0,45953868,0,155,0,2238882613,0,2238882613,0,2080,2222933267,0,25266399,0,0,0,0,0
1785986258874|1038|mixed_30min_half_f2r_00011_67108864|rotating|178,1378943233,33558272,46599261,45982607,500038,0,500038,0,10596,0,5298,0,0,0,41457,41457,33848576,33848576,4096,4096,0,0,5298,5298,452626954,452626954,452626962,452626962,0,0,0,0,0,0,0,0,4096,256,131072,4,15|4,0,67108864,262144,256,0,0,0,0,632,0,620,0,158,155,0,1,632,0|328,499540608,6,0,0,40632320,0,40632320,0,125103,0,0,155,0,0,0,0,0,0,0,5282668,0,0,0,0,0
1785986263889|1038|mixed_30min_half_f2r_00011_67108864|fixed|180,1378943233,16777471,53183967,52480207,52613237,52480207,52613237,52480207,94808,94630,47314,47314,0,0,6047,0,1460701305,1457811004,4096,4096,0,0,47315,47315,789132321,789132302,789132329,789132310,0,0,0,0,0,0,0,0,4096,256,131072,4,15|4,0,67108864,262144,256,0,0,0,0,724,0,712,0,181,178,0,1,724,0|330,1501569748,6,46669536,0,0,0,0,0,52522194,0,178,0,2558426336,0,2558426336,0,2080,2540621120,0,28269036,0,0,0,0,0
1785986263889|1038|mixed_30min_half_f2r_00011_67108864|rotating|180,1378943233,33558272,53243687,52538573,571391,0,571391,0,12108,0,6054,0,0,0,47368,47368,38678632,38678632,4096,4096,0,0,6054,6054,773010057,773010057,773010065,773010065,0,0,0,0,0,0,0,0,4096,256,131072,4,15|4,0,67108864,262144,256,0,0,0,0,724,0,712,0,181,178,0,1,724,0|330,820331720,6,0,0,46661632,0,46661632,0,142966,0,0,178,0,0,0,0,0,0,0,5325866,0,0,0,0,0
1785986268889|1038|mixed_30min_half_f2r_00011_67108864|fixed|182,1378943233,16777471,59816193,59024048,59174299,59024048,59174299,59024048,106633,106432,53215,53215,0,0,6801,0,1642861487,1639595634,4096,4096,0,0,53216,53216,1109010576,1109010589,1109010584,1109010597,0,0,0,0,0,0,0,0,4096,256,131072,4,15|4,0,67108864,262144,256,0,0,0,0,812,0,800,0,203,200,0,1,812,0|332,1821613726,6,52492032,0,0,0,0,0,59072809,0,200,0,2877014690,0,2877014690,0,2080,2857487677,0,31140200,0,0,0,0,0
1785986268889|1038|mixed_30min_half_f2r_00011_67108864|rotating|182,1378943233,33558272,59895691,59102692,642747,0,642747,0,13620,0,6810,0,0,0,53286,53286,43508720,43508720,4096,4096,0,0,6810,6810,1093588841,1093588841,1093588849,1093588849,0,0,0,0,0,0,0,0,4096,256,131072,4,15|4,0,67108864,262144,256,0,0,0,0,812,0,800,0,203,200,0,1,812,0|332,1140605827,6,0,0,52428800,0,52428800,0,160805,0,0,200,0,0,0,0,0,0,0,5368070,0,0,0,0,0
1785986273913|1038|mixed_30min_half_f2r_00011_67108864|fixed|184,1378943233,16777471,66487589,65607226,65774054,65607226,65774054,65607226,118523,118300,59149,59149,0,0,7560,0,1826066494,1822441425,4096,4096,0,0,59150,59150,1430572312,1430572325,1430572320,1430572333,0,0,0,0,0,0,0,0,4096,256,131072,4,15|4,0,67108864,262144,256,0,0,0,0,900,0,888,0,225,222,0,1,900,0|334,2144880592,6,58369856,0,0,0,0,0,65691019,0,222,0,3198812100,0,3198812100,0,2080,3177573194,0,34013339,0,0,0,0,0
1785986273913|1038|mixed_30min_half_f2r_00011_67108864|rotating|184,1378943233,33558272,66609596,65727988,714761,0,714761,0,15146,0,7573,0,0,0,59258,59258,48383416,48383416,4096,4096,0,0,7573,7573,1417177954,1417177954,1417177962,1417177962,0,0,0,0,0,0,0,0,4096,256,131072,4,15|4,0,67108864,262144,256,0,0,0,0,900,0,888,0,225,222,0,1,900,0|334,1464120428,6,0,0,58195968,0,58195968,0,178783,0,0,222,0,0,0,0,0,0,0,5407268,0,0,0,0,0
1785986278920|1038|mixed_30min_half_f2r_00011_67108864|fixed|186,1378943233,16781056,73138834,72170779,72353946,72170779,72353946,72170779,130377,130132,65066,65066,0,0,8316,0,2008717552,2004733520,4096,4096,0,0,65066,65066,1751161757,1751162090,1751161765,1751162098,0,0,0,0,0,0,0,0,4096,256,131072,4,15|4,0,67108864,262144,256,0,0,0,0,988,0,976,0,247,244,0,1,988,0|336,2463874740,6,64176544,0,0,0,0,0,72220850,0,244,0,3516354576,0,3516354576,0,2080,3493390699,0,36884283,0,0,0,0,0
1785986278920|1038|mixed_30min_half_f2r_00011_67108864|rotating|186,1378943233,33558272,73210743,72241926,785639,0,785639,0,16648,0,8324,0,0,0,65130,65130,53181512,53181512,4096,4096,0,0,8324,8324,1735607695,1735607695,1735607703,1735607703,0,0,0,0,0,0,0,0,4096,256,131072,4,15|4,0,67108864,262144,256,0,0,0,0,988,0,976,0,247,244,0,1,988,0|336,1782466005,6,0,0,63963136,0,63963136,0,196503,0,0,244,0,0,0,0,0,0,0,5448240,0,0,0,0,0
1785986291649|1040|mixed_30min_half_f2r_00013_16777216|fixed|192,1378943233,16777471,6188871,6103525,6118651,6103525,6118651,6103525,5852,5830,5829,5829,0,0,744,0,179942032,179598687,4096,4096,0,0,5830,5830,2565663248,2565663237,2565663240,2565663245,0,0,0,0,0,0,0,0,4096,256,131072,4,15|4,0,16777216,262144,64,0,0,0,0,100,0,88,0,25,22,0,1,100,0|350,3279170950,6,5806688,0,0,0,0,0,6165763,0,22,0,321507275,0,321507275,0,2080,315964914,0,7971479,0,0,0,0,0
1785986291649|1040|mixed_30min_half_f2r_00013_16777216|rotating|192,1378943233,33558272,6280827,6193782,71260,0,71260,0,1510,0,755,0,0,0,5916,5916,4823656,4823656,4096,4096,0,0,755,755,2551117653,2551117653,2551117661,2551117661,0,0,0,0,0,0,0,0,4096,256,131072,4,15|4,0,16777216,262144,64,0,0,0,0,100,0,88,0,25,22,0,1,100,0|350,2598412292,6,0,0,5767168,0,5767168,0,17933,0,0,22,0,0,0,0,0,0,0,5127971,0,0,0,0,0
1785986296657|1040|mixed_30min_half_f2r_00013_16777216|fixed|194,1378943233,16777471,12470402,12297504,12328732,12297504,12328732,12297504,11792,11747,11746,11746,0,0,1501,0,362586191,361867786,4096,4096,0,0,11747,11747,2886392663,2886392668,2886392671,2886392676,0,0,0,0,0,0,0,0,4096,256,131072,4,15|4,0,16777216,262144,64,0,0,0,0,188,0,176,0,47,44,0,1,188,0|352,3599032181,6,11629184,0,0,0,0,0,12345727,0,44,0,639912882,0,639912882,0,2080,632673277,0,10818090,0,0,0,0,0
1785986296657|1040|mixed_30min_half_f2r_00013_16777216|rotating|194,1378943233,33558272,12537380,12363697,142427,0,142427,0,3018,0,1509,0,0,0,11809,11809,9640920,9640920,4096,4096,0,0,1509,1509,2870812317,2870812317,2870812333,2870812333,0,0,0,0,0,0,0,0,4096,256,131072,4,15|4,0,16777216,262144,64,0,0,0,0,188,0,176,0,47,44,0,1,188,0|352,2917617512,6,0,0,11534336,0,11534336,0,35701,0,0,44,0,0,0,0,0,0,0,5172611,0,0,0,0,0
1785986306878|1041|mixed_30min_half_f2r_00014_16777216|fixed|198,1378943233,16781056,6133595,6048926,6063469,6048926,6063469,6048926,5843,5821,5821,5821,0,0,743,0,179677024,179336376,4096,4096,0,0,5821,5821,3540381403,3540381728,3540381411,3540381736,0,0,0,0,0,0,0,0,4096,256,131072,4,15|4,0,16777216,262144,64,0,0,0,0,100,0,88,0,25,22,0,1,100,0|360,4253056492,6,5782976,0,0,0,0,0,6094058,0,22,0,320598271,0,320598271,0,2080,314674300,0,8417918,0,0,0,0,0
1785986306878|1041|mixed_30min_half_f2r_00014_16777216|rotating|198,1378943233,33558272,6206018,6119828,70977,0,70977,0,1504,0,752,0,0,0,5889,5889,4804472,4804472,4096,4096,0,0,752,752,3525005569,3525005569,3525005577,3525005577,0,0,0,0,0,0,0,0,4096,256,131072,4,15|4,0,16777216,262144,64,0,0,0,0,100,0,88,0,25,22,0,1,100,0|360,3571919759,6,0,0,5767168,0,5767168,0,17838,0,0,22,0,0,0,0,0,0,0,5589937,0,0,0,0,0
1785986311884|1041|mixed_30min_half_f2r_00014_16777216|fixed|200,1378943233,16777471,12357215,12184857,12215735,12184857,12215735,12184857,11777,11732,11731,11731,0,0,1499,0,362109678,361391825,4096,4096,0,0,11732,11732,3860786429,3860786418,3860786437,3860786426,0,0,0,0,0,0,0,0,4096,256,131072,4,15|4,0,16777216,262144,64,0,0,0,0,188,0,176,0,47,44,0,1,188,0|362,278613100,7,11613376,0,0,0,0,0,12235432,0,44,0,639664575,0,639664575,0,2080,632022149,0,11287437,0,0,0,0,0
1785986311884|1041|mixed_30min_half_f2r_00014_16777216|rotating|200,1378943233,33558272,12430814,12257648,142333,0,142333,0,3016,0,1508,0,0,0,11801,11801,9634544,9634544,4096,4096,0,0,1508,1508,3845582679,3845582679,3845582687,3845582687,0,0,0,0,0,0,0,0,4096,256,131072,4,15|4,0,16777216,262144,64,0,0,0,0,188,0,176,0,47,44,0,1,188,0|362,3892177282,6,0,0,11534336,0,11534336,0,35677,0,0,44,0,0,0,0,0,0,0,5635872,0,0,0,0,0
1785986326522|1043|mixed_30min_half_f2r_00016_16777216|fixed|206,1378943233,16777471,6545671,6459672,6475545,6459672,6475545,6459672,11668,11646,5822,5822,0,0,743,0,179749936,179406801,4096,4096,0,0,5823,5823,502872603,502872584,502872579,502872592,0,0,0,0,0,0,0,0,4096,256,131072,4,15|4,0,16777216,262144,64,0,0,0,0,100,0,88,0,25,22,0,1,100,0|376,1215750657,7,5790880,0,0,0,0,0,6512625,0,22,0,320466886,0,320466886,0,2080,314964777,0,7903575,0,0,0,0,0
1785986326522|1043|mixed_30min_half_f2r_00016_16777216|rotating|206,1378943233,33558272,6660120,6572092,71450,0,71450,0,1514,0,757,0,0,0,5924,5924,4836456,4836456,4096,4096,0,0,757,757,489558082,489558082,489558090,489558090,0,0,0,0,0,0,0,0,4096,256,131072,4,15|4,0,16777216,262144,64,0,0,0,0,100,0,88,0,25,22,0,1,100,0|376,536995340,7,0,0,5767168,0,5767168,0,18004,0,0,22,0,0,0,0,0,0,0,5011434,0,0,0,0,0
1785986331522|1043|mixed_30min_half_f2r_00016_16777216|fixed|208,1378943233,16777471,13181887,13007493,13040502,13007493,13040502,13007493,23499,23454,11726,11726,0,0,1498,0,362022280,361303601,4096,4096,0,0,11727,11727,822938777,822938758,822938753,822938766,0,0,0,0,0,0,0,0,4096,256,131072,4,15|4,0,16777216,262144,64,0,0,0,0,188,0,176,0,47,44,0,1,188,0|378,1535452581,7,11605472,0,0,0,0,0,13055732,0,44,0,638715162,0,638715162,0,2080,631488462,0,10775836,0,0,0,0,0
1785986331522|1043|mixed_30min_half_f2r_00016_16777216|rotating|208,1378943233,33558272,13251517,13076347,142143,0,142143,0,3012,0,1506,0,0,0,11788,11788,9621776,9621776,4096,4096,0,0,1506,1506,807129571,807129571,807129579,807129579,0,0,0,0,0,0,0,0,4096,256,131072,4,15|4,0,16777216,262144,64,0,0,0,0,188,0,176,0,47,44,0,1,188,0|378,854104945,7,0,0,11534336,0,11534336,0,35654,0,0,44,0,0,0,0,0,0,0,5052777,0,0,0,0,0
1785986341718|1044|mixed_30min_half_f2r_00017_16777216|fixed|212,1378943233,16777471,6550109,6464035,6479889,6464035,6479889,6464035,5853,5831,5830,5830,0,0,744,0,179899548,179556575,4096,4096,0,0,5831,5831,1475405825,1475405838,1475405833,1475405846,0,0,0,0,0,0,0,0,4096,256,131072,4,15|4,0,16777216,262144,64,0,0,0,0,100,0,88,0,25,22,0,1,100,0|386,2187837141,7,5790880,0,0,0,0,0,6507613,0,22,0,320435264,0,320435264,0,2080,314942702,0,7894076,0,0,0,0,0
1785986341718|1044|mixed_30min_half_f2r_00017_16777216|rotating|212,1378943233,33558272,6631094,6543373,71166,0,71166,0,1508,0,754,0,0,0,5902,5902,4817264,4817264,4096,4096,0,0,754,754,1460377553,1460377553,1460377561,1460377561,0,0,0,0,0,0,0,0,4096,256,131072,4,15|4,0,16777216,262144,64,0,0,0,0,100,0,88,0,25,22,0,1,100,0|386,1507843166,7,0,0,5767168,0,5767168,0,17933,0,0,22,0,0,0,0,0,0,0,5013808,0,0,0,0,0
1785986346719|1044|mixed_30min_half_f2r_00017_16777216|fixed|214,1378943233,16777471,13179704,13005297,13038224,13005297,13038224,13005297,11778,11733,11732,11732,0,0,1499,0,362014856,361296525,4096,4096,0,0,11733,11733,1795353677,1795353658,1795353653,1795353666,0,0,0,0,0,0,0,0,4096,256,131072,4,15|4,0,16777216,262144,64,0,0,0,0,188,0,176,0,47,44,0,1,188,0|388,2507332593,7,11597568,0,0,0,0,0,13042466,0,44,0,638479044,0,638479044,0,2080,631269575,0,10756956,0,0,0,0,0
1785986346719|1044|mixed_30min_half_f2r_00017_16777216|rotating|214,1378943233,33558272,13234290,13059305,142048,0,142048,0,3010,0,1505,0,0,0,11781,11781,9615384,9615384,4096,4096,0,0,1505,1505,1778799214,1778799214,1778799222,1778799222,0,0,0,0,0,0,0,0,4096,256,131072,4,15|4,0,16777216,262144,64,0,0,0,0,188,0,176,0,47,44,0,1,188,0|388,1828958077,7,0,0,11534336,0,11534336,0,35795,0,0,44,0,0,0,0,0,0,0,5060361,0,0,0,0,0
1785986399072|1057|mixed_30min_half_r2f_00001_16777216|fixed|242,1378943233,16781056,6546955,6461180,70018,0,70018,0,1486,0,743,0,0,0,5824,5824,4746960,4746960,4096,4096,0,0,743,743,850836702,850836702,850836710,850836710,0,0,0,0,0,0,0,0,4096,256,131072,4,15|5,0,16777216,262144,64,0,0,0,0,100,0,88,0,25,22,0,1,100,0|468,1564474315,8,0,0,5767168,0,5767168,0,17692,0,0,22,0,0,0,0,0,0,0,5020307,0,0,0,0,0
1785986399072|1057|mixed_30min_half_r2f_00001_16777216|rotating|242,1378943233,33554687,6640424,6552895,6569370,6552895,6569370,6552895,11838,11815,5907,5907,0,0,754,0,182363706,182004245,4096,4096,0,0,5908,5908,836860587,836860576,836860595,836860584,0,0,0,0,0,0,0,0,4096,256,131072,4,15|4,0,16777216,262144,64,0,0,0,0,100,0,88,0,25,22,0,1,100,0|468,883527715,8,5862016,0,0,0,0,0,6591482,0,22,0,324237193,0,324237193,0,2080,318785707,0,7869543,0,0,0,0,0
1785986404072|1057|mixed_30min_half_r2f_00001_16777216|fixed|244,1378943233,16781056,13187655,13013440,141259,0,141259,0,2998,0,1499,0,0,0,11731,11731,9577000,9577000,4096,4096,0,0,1499,1499,1171177161,1171177161,1171177169,1171177169,0,0,0,0,0,0,0,0,4096,256,131072,4,15|4,0,16777216,262144,64,0,0,0,0,188,0,176,0,47,44,0,1,188,0|470,1884154067,8,0,0,11534336,0,11534336,0,35456,0,0,44,0,0,0,0,0,0,0,5058857,0,0,0,0,0
1785986404072|1057|mixed_30min_half_r2f_00001_16777216|rotating|244,1378943233,33558272,13258424,13083439,13116409,13083439,13116409,13083439,23633,23588,11794,11794,0,0,1507,0,364104368,363385936,4096,4096,0,0,11794,11794,1155819811,1155820144,1155819819,1155820152,0,0,0,0,0,0,0,0,4096,256,131072,4,15|4,0,16777216,262144,64,0,0,0,0,188,0,176,0,47,44,0,1,188,0|470,1202570400,8,11660800,0,0,0,0,0,13123007,0,44,0,641830182,0,641830182,0,2080,634691639,0,10700876,0,0,0,0,0
1785986414297|1058|mixed_30min_half_r2f_00002_67108864|fixed|248,1378943233,16781056,6540088,6454418,70018,0,70018,0,1486,0,743,0,0,0,5821,5821,4746960,4746960,4096,4096,0,0,743,743,1825516747,1825516747,1825516755,1825516755,0,0,0,0,0,0,0,0,4096,256,131072,4,15|5,0,67108864,262144,256,0,0,0,0,100,0,88,0,25,22,0,1,100,0|478,2538272020,8,0,0,5767168,0,5767168,0,17645,0,0,22,0,0,0,0,0,0,0,5016289,0,0,0,0,0
1785986414297|1058|mixed_30min_half_r2f_00002_67108864|rotating|248,1378943233,33554687,6608582,6521465,6537811,6521465,6537811,6521465,5906,5885,5882,5882,0,0,751,0,181514216,181154929,4096,4096,0,0,5883,5883,1810219604,1810219585,1810219580,1810219593,0,0,0,0,0,0,0,0,4096,256,131072,4,15|4,0,67108864,262144,256,0,0,0,0,100,0,88,0,25,22,0,1,100,0|478,1857613411,8,5846208,0,0,0,0,0,6574747,0,22,0,323646514,0,323646514,0,2080,318191833,0,7869376,0,0,0,0,0
1785986419309|1058|mixed_30min_half_r2f_00002_67108864|fixed|250,1378943233,16781056,13182691,13008477,141354,0,141354,0,3000,0,1500,0,0,0,11737,11737,9583400,9583400,4096,4096,0,0,1500,1500,2146287491,2146287491,2146287499,2146287499,0,0,0,0,0,0,0,0,4096,256,131072,4,15|4,0,67108864,262144,256,0,0,0,0,188,0,176,0,47,44,0,1,188,0|480,2858896838,8,0,0,11534336,0,11534336,0,35456,0,0,44,0,0,0,0,0,0,0,5064957,0,0,0,0,0
1785986419309|1058|mixed_30min_half_r2f_00002_67108864|rotating|250,1378943233,33554687,13260664,13085692,13118555,13085692,13118555,13085692,11852,11809,11806,11806,0,0,1508,0,364309822,363591496,4096,4096,0,0,11807,11807,2131195056,2131195069,2131195064,2131195045,0,0,0,0,0,0,0,0,4096,256,131072,4,15|4,0,67108864,262144,256,0,0,0,0,188,0,176,0,47,44,0,1,188,0|480,2177822166,8,11676608,0,0,0,0,0,13122785,0,44,0,642397669,0,642397669,0,2080,635262119,0,10701309,0,0,0,0,0
1785986424323|1058|mixed_30min_half_r2f_00002_67108864|fixed|252,1378943233,16781056,19832411,19570321,212690,0,212690,0,4514,0,2257,0,0,0,17662,17662,14419848,14419848,4096,4096,0,0,2257,2257,2467255983,2467255983,2467255991,2467255991,0,0,0,0,0,0,0,0,4096,256,131072,4,15|4,0,67108864,262144,256,0,0,0,0,276,0,264,0,69,66,0,1,276,0|482,3179894978,8,0,0,17301504,0,17301504,0,53290,0,0,66,0,0,0,0,0,0,0,5109996,0,0,0,0,0
1785986424323|1058|mixed_30min_half_r2f_00002_67108864|rotating|252,1378943233,33554687,19897146,19634379,19683794,19634379,19683794,19634379,17788,17723,17720,17720,0,0,2264,0,546772633,545695260,4096,4096,0,0,17721,17721,2451600318,2451600331,2451600326,2451600339,0,0,0,0,0,0,0,0,4096,256,131072,4,15|4,0,67108864,262144,256,0,0,0,0,276,0,264,0,69,66,0,1,276,0|482,2498753175,8,17507796,0,0,0,0,0,19682252,0,66,0,961870881,0,961870881,0,2080,953055037,0,13532585,0,0,0,0,0
1785986429325|1058|mixed_30min_half_r2f_00002_67108864|fixed|254,1378943233,16781056,26464459,26114855,283840,0,283840,0,6024,0,3012,0,0,0,23571,23571,19243504,19243504,4096,4096,0,0,3012,3012,2787364955,2787364955,2787364971,2787364971,0,0,0,0,0,0,0,0,4096,256,131072,4,15|4,0,67108864,262144,256,0,0,0,0,364,0,352,0,91,88,0,1,364,0|484,3500240781,8,0,0,23068672,0,23068672,0,71101,0,0,88,0,0,0,0,0,0,0,5155554,0,0,0,0,0
1785986429325|1058|mixed_30min_half_r2f_00002_67108864|rotating|254,1378943233,33558272,26537000,26186634,26252408,26186634,26252408,26186634,23725,23639,23636,23636,0,0,3020,0,729312416,727876256,4096,4096,0,0,23636,23636,2772115379,2772115712,2772115387,2772115720,0,0,0,0,0,0,0,0,4096,256,131072,4,15|4,0,67108864,262144,256,0,0,0,0,364,0,352,0,91,88,0,1,364,0|484,2818900569,8,23330816,0,0,0,0,0,26226382,0,89,0,1280562520,0,1280562520,0,2080,1270064893,0,16363866,0,0,0,0,0
1785986434328|1058|mixed_30min_half_r2f_00002_67108864|fixed|256,1378943233,16781056,33097723,32660650,354986,0,354986,0,7534,0,3767,0,0,0,29478,29478,24067096,24067096,4096,4096,0,0,3767,3767,3107474754,3107474754,3107474762,3107474762,0,0,0,0,0,0,0,0,4096,256,131072,4,15|4,0,67108864,262144,256,0,0,0,0,452,0,440,0,113,110,0,1,452,0|486,3820182192,8,0,0,28835840,0,28835840,0,88864,0,0,110,0,0,0,0,0,0,0,5200500,0,0,0,0,0
1785986434328|1058|mixed_30min_half_r2f_00002_67108864|rotating|256,1378943233,33556599,33175023,32736411,32819190,32736411,32819190,32736411,29660,29550,29547,29547,0,0,3776,0,911702717,909890944,4096,4096,0,0,29548,29548,3092528898,3092528895,3092528906,3092528903,0,0,0,0,0,0,0,0,4096,256,131072,4,15|4,0,67108864,262144,256,0,0,0,0,456,0,444,0,114,111,0,1,456,0|486,3140187057,8,29177024,0,0,0,0,0,32794002,0,111,0,1600387456,0,1600387456,0,2080,1588079207,0,19324600,0,0,0,0,0
1785986439329|1058|mixed_30min_half_r2f_00002_67108864|fixed|258,1378943233,16781056,39734947,39209569,426227,0,426227,0,9046,0,4523,0,0,0,35386,35386,28897168,28897168,4096,4096,0,0,4523,4523,3427815459,3427815459,3427815467,3427815467,0,0,0,0,0,0,0,0,4096,256,131072,4,15|4,0,67108864,262144,256,0,0,0,0,544,0,532,0,136,133,0,1,544,0|488,4141299493,8,0,0,34865152,0,34865152,0,106721,0,0,133,0,0,0,0,0,0,0,5247757,0,0,0,0,0
1785986439329|1058|mixed_30min_half_r2f_00002_67108864|rotating|258,1378943233,33554687,39867472,39340731,39439924,39340731,39439924,39340731,35639,35508,35504,35504,0,0,4537,0,1095526327,1093355514,4096,4096,0,0,35505,35505,3415289938,3415289951,3415289946,3415289959,0,0,0,0,0,0,0,0,4096,256,131072,4,15|4,0,67108864,262144,256,0,0,0,0,544,0,532,0,136,133,0,1,544,0|488,3463829566,8,35062752,0,0,0,0,0,39416195,0,133,0,1922558533,0,1922558533,0,2080,1908581495,0,22156332,0,0,0,0,0
1785986444331|1058|mixed_30min_half_r2f_00002_67108864|fixed|260,1378943233,16781056,46370359,45757316,497375,0,497375,0,10556,0,5278,0,0,0,41295,41295,33720848,33720848,4096,4096,0,0,5278,5278,3747924004,3747924004,3747924012,3747924012,0,0,0,0,0,0,0,0,4096,256,131072,4,15|4,0,67108864,262144,256,0,0,0,0,632,0,620,0,158,155,0,1,632,0|490,167597625,9,0,0,40632320,0,40632320,0,124579,0,0,155,0,0,0,0,0,0,0,5283191,0,0,0,0,0
1785986444331|1058|mixed_30min_half_r2f_00002_67108864|rotating|260,1378943233,33554687,46562975,45947895,46063621,45947895,46063621,45947895,41624,41471,41467,41467,0,0,5299,0,1279509488,1276979635,4096,4096,0,0,41468,41468,3738338314,3738338327,3738338322,3738338335,0,0,0,0,0,0,0,0,4096,256,131072,4,15|4,0,67108864,262144,256,0,0,0,0,636,0,624,0,159,156,0,1,636,0|490,3786260459,8,40926080,0,0,0,0,0,46007261,0,156,0,2243523594,0,2243523594,0,2080,2227740558,0,25115885,0,0,0,0,0
1785986449331|1058|mixed_30min_half_r2f_00002_67108864|fixed|262,1378943233,16781056,53022562,52321821,568712,0,568712,0,12070,0,6035,0,0,0,47218,47218,38557280,38557280,4096,4096,0,0,6035,6035,4068893379,4068893379,4068893387,4068893387,0,0,0,0,0,0,0,0,4096,256,131072,4,15|4,0,67108864,262144,256,0,0,0,0,720,0,708,0,180,177,0,1,720,0|492,487606725,9,0,0,46399488,0,46399488,0,142366,0,0,177,0,0,0,0,0,0,0,5331898,0,0,0,0,0
1785986449331|1058|mixed_30min_half_r2f_00002_67108864|rotating|262,1378943233,33554687,53125735,52423930,52555987,52423930,52555987,52423930,47489,47314,47310,47310,0,0,6046,0,1459814481,1456925592,4096,4096,0,0,47311,47311,4054974227,4054974240,4054974235,4054974216,0,0,0,0,0,0,0,0,4096,256,131072,4,15|4,0,67108864,262144,256,0,0,0,0,720,0,708,0,180,177,0,1,720,0|492,4101590979,8,46660320,0,0,0,0,0,52459058,0,177,0,2557420554,0,2557420554,0,2080,2540069095,0,27819305,0,0,0,0,0
1785986454340|1058|mixed_30min_half_r2f_00002_67108864|fixed|264,1378943233,16781056,59650412,58862115,639768,0,639768,0,13578,0,6789,0,0,0,53118,53118,43374512,43374512,4096,4096,0,0,6789,6789,93605208,93605208,93605216,93605216,0,0,0,0,0,0,0,0,4096,256,131072,4,15|4,0,67108864,262144,256,0,0,0,0,808,0,796,0,202,199,0,1,808,0|494,806344305,9,0,0,52166656,0,52166656,0,160082,0,0,199,0,0,0,0,0,0,0,5373829,0,0,0,0,0
1785986454340|1058|mixed_30min_half_r2f_00002_67108864|rotating|264,1378943233,33554687,59720923,58931956,59080499,58931956,59080499,58931956,53383,53185,53181,53181,0,0,6796,0,1640963769,1637715840,4096,4096,0,0,53182,53182,78119853,78119866,78119861,78119842,0,0,0,0,0,0,0,0,4096,256,131072,4,15|4,0,67108864,262144,256,0,0,0,0,812,0,800,0,203,200,0,1,812,0|494,124977305,9,52452512,0,0,0,0,0,58968704,0,200,0,2874326128,0,2874326128,0,2080,2855153033,0,30779223,0,0,0,0,0
1785986459340|1058|mixed_30min_half_r2f_00002_67108864|fixed|266,1378943233,16781056,66286322,65410512,710818,0,710818,0,15086,0,7543,0,0,0,59025,59025,48191760,48191760,4096,4096,0,0,7543,7543,413284295,413284295,413284303,413284303,0,0,0,0,0,0,0,0,4096,256,131072,4,15|5,0,67108864,262144,256,0,0,0,0,900,0,888,0,225,222,0,1,900,0|496,1126345300,9,0,0,58195968,0,58195968,0,177869,0,0,222,0,0,0,0,0,0,0,5419641,0,0,0,0,0
1785986459340|1058|mixed_30min_half_r2f_00002_67108864|rotating|266,1378943233,33558272,66356816,65479483,65645150,65479483,65645150,65479483,59312,59091,59088,59088,0,0,7552,0,1823219328,1819596288,4096,4096,0,0,59088,59088,398266428,398266761,398266436,398266769,0,0,0,0,0,0,0,0,4096,256,131072,4,15|4,0,67108864,262144,256,0,0,0,0,900,0,888,0,225,222,0,1,900,0|496,445031249,9,58275008,0,0,0,0,0,65517093,0,222,0,3192924448,0,3192924448,0,2080,3172069626,0,33610317,0,0,0,0,0
1785986464353|1058|mixed_30min_half_r2f_00002_67108864|fixed|268,1378943233,16781056,72931547,71967292,782154,0,782154,0,16600,0,8300,0,0,0,64941,64941,53028200,53028200,4096,4096,0,0,8300,8300,734055935,734055935,734055943,734055943,0,0,0,0,0,0,0,0,4096,256,131072,4,15|4,0,67108864,262144,256,0,0,0,0,988,0,976,0,247,244,0,1,988,0|498,1446957683,9,0,0,63963136,0,63963136,0,195680,0,0,244,0,0,0,0,0,0,0,5468355,0,0,0,0,0
1785986464353|1058|mixed_30min_half_r2f_00002_67108864|rotating|268,1378943233,33554687,73012035,72046915,72229033,72046915,72229033,72046915,65260,65017,65013,65013,0,0,8309,0,2006044816,2002062483,4096,4096,0,0,65014,65014,719313290,719313303,719313298,719313311,0,0,0,0,0,0,0,0,4096,256,131072,4,15|4,0,67108864,262144,256,0,0,0,0,988,0,976,0,247,244,0,1,988,0|498,766705067,9,64121216,0,0,0,0,0,72097644,0,244,0,3513136714,0,3513136714,0,2080,3490603446,0,36443221,0,0,0,0,0
1785986477128|1060|mixed_30min_half_r2f_00004_16777216|fixed|274,1378943233,16781056,6136389,6051759,70018,0,70018,0,1486,0,743,0,0,0,5824,5824,4746960,4746960,4096,4096,0,0,743,743,1551850411,1551850411,1551850419,1551850419,0,0,0,0,0,0,0,0,4096,256,131072,4,15|5,0,16777216,262144,64,0,0,0,0,100,0,88,0,25,22,0,1,100,0|512,2264647530,9,0,0,5767168,0,5767168,0,17645,0,0,22,0,0,0,0,0,0,0,5548003,0,0,0,0,0
1785986477128|1060|mixed_30min_half_r2f_00004_16777216|rotating|274,1378943233,33554687,6212330,6126084,6141369,6126084,6141369,6126084,5919,5896,5896,5896,0,0,753,0,181988487,181631154,4096,4096,0,0,5896,5896,1537263049,1537263406,1537263057,1537263414,0,0,0,0,0,0,0,0,4096,256,131072,4,15|4,0,16777216,262144,64,0,0,0,0,100,0,88,0,25,22,0,1,100,0|512,1584568893,9,5862016,0,0,0,0,0,6174150,0,22,0,324661362,0,324661362,0,2080,318811741,0,8362149,0,0,0,0,0
1785986482128|1060|mixed_30min_half_r2f_00004_16777216|fixed|276,1378943233,16781056,12355647,12183713,141165,0,141165,0,2996,0,1498,0,0,0,11727,11727,9570616,9570616,4096,4096,0,0,1498,1498,1871779982,1871779982,1871779990,1871779990,0,0,0,0,0,0,0,0,4096,256,131072,4,15|4,0,16777216,262144,64,0,0,0,0,188,0,176,0,47,44,0,1,188,0|514,2584784282,9,0,0,11534336,0,11534336,0,35432,0,0,44,0,0,0,0,0,0,0,5585988,0,0,0,0,0
1785986482128|1060|mixed_30min_half_r2f_00004_16777216|rotating|276,1378943233,33554687,12436027,12263209,12293918,12263209,12293918,12263209,11849,11805,11803,11803,0,0,1508,0,364332747,363615686,4096,4096,0,0,11804,11804,1857364416,1857364421,1857364424,1857364429,0,0,0,0,0,0,0,0,4096,256,131072,4,15|4,0,16777216,262144,64,0,0,0,0,188,0,176,0,47,44,0,1,188,0|514,1904655634,9,11684512,0,0,0,0,0,12311010,0,44,0,643292479,0,643292479,0,2080,635742329,0,11212045,0,0,0,0,0
1785986492404|1061|mixed_30min_half_r2f_00005_67108864|fixed|280,1378943233,16781056,6141729,6058080,69549,0,69549,0,1476,0,738,0,0,0,5785,5785,4715016,4715016,4096,4096,0,0,738,738,2529457420,2529457420,2529457436,2529457436,0,0,0,0,0,0,0,0,4096,256,131072,4,15|4,0,67108864,262144,256,0,0,0,0,96,0,84,0,24,21,0,1,96,0|522,3242446963,9,0,0,5505024,0,5505024,0,17528,0,0,21,0,0,0,0,0,0,0,6891714,0,0,0,0,0
1785986492404|1061|mixed_30min_half_r2f_00005_67108864|rotating|280,1378943233,33554687,6207799,6123484,6137499,6123484,6137499,6123484,5870,5848,5848,5848,0,0,746,0,180514758,180172961,4096,4096,0,0,5848,5848,2514316244,2514316577,2514316252,2514316585,0,0,0,0,0,0,0,0,4096,256,131072,4,15|4,0,67108864,262144,256,0,0,0,0,100,0,88,0,25,22,0,1,100,0|522,2561066038,9,5798784,0,0,0,0,0,6157622,0,22,0,322456236,0,322456236,0,2080,315554440,0,9778162,0,0,0,0,0
1785986497412|1061|mixed_30min_half_r2f_00005_67108864|fixed|282,1378943233,16781056,12419605,12249306,140788,0,140788,0,2988,0,1494,0,0,0,11700,11700,9545064,9545064,4096,4096,0,0,1494,1494,2850020935,2850020935,2850020943,2850020943,0,0,0,0,0,0,0,0,4096,256,131072,4,15|4,0,67108864,262144,256,0,0,0,0,188,0,176,0,47,44,0,1,188,0|524,3562792742,9,0,0,11534336,0,11534336,0,35338,0,0,44,0,0,0,0,0,0,0,6939140,0,0,0,0,0
1785986497412|1061|mixed_30min_half_r2f_00005_67108864|rotating|282,1378943233,33554687,12495832,12323863,12354101,12323863,12354101,12323863,11817,11774,11771,11771,0,0,1504,0,363365590,362647097,4096,4096,0,0,11772,11772,2835422421,2835422450,2835422429,2835422458,0,0,0,0,0,0,0,0,4096,256,131072,4,15|4,0,67108864,262144,256,0,0,0,0,188,0,176,0,47,44,0,1,188,0|524,2882873462,9,11652896,0,0,0,0,0,12374552,0,44,0,642800132,0,642800132,0,2080,634198480,0,12634173,0,0,0,0,0
1785986502416|1061|mixed_30min_half_r2f_00005_67108864|fixed|284,1378943233,16781056,18692186,18434911,212030,0,212030,0,4500,0,2250,0,0,0,17608,17608,14375120,14375120,4096,4096,0,0,2250,2250,3170385353,3170385353,3170385361,3170385361,0,0,0,0,0,0,0,0,4096,256,131072,4,15|4,0,67108864,262144,256,0,0,0,0,276,0,264,0,69,66,0,1,276,0|526,3883120399,9,0,0,17301504,0,17301504,0,53136,0,0,66,0,0,0,0,0,0,0,6979445,0,0,0,0,0
1785986502416|1061|mixed_30min_half_r2f_00005_67108864|rotating|284,1378943233,33554687,18772038,18513958,18559158,18513958,18559158,18513958,17751,17686,17683,17683,0,0,2259,0,545864467,544786662,4096,4096,0,0,17684,17684,3155778335,3155778324,3155778343,3155778340,0,0,0,0,0,0,0,0,4096,256,131072,4,15|4,0,67108864,262144,256,0,0,0,0,276,0,264,0,69,66,0,1,276,0|526,3202937702,9,17475392,0,0,0,0,0,18558171,0,66,0,961408748,0,961408748,0,2080,951102072,0,15488564,0,0,0,0,0
1785986507422|1061|mixed_30min_half_r2f_00005_67108864|fixed|286,1378943233,16781056,24965677,24621804,283273,0,283273,0,6012,0,3006,0,0,0,23521,23521,19205160,19205160,4096,4096,0,0,3006,3006,3490945019,3490945019,3490945027,3490945027,0,0,0,0,0,0,0,0,4096,256,131072,4,15|4,0,67108864,262144,256,0,0,0,0,364,0,352,0,91,88,0,1,364,0|528,4203480326,9,0,0,23068672,0,23068672,0,70936,0,0,88,0,0,0,0,0,0,0,7023936,0,0,0,0,0
1785986507422|1061|mixed_30min_half_r2f_00005_67108864|rotating|286,1378943233,33554687,25058303,24713283,24773992,24713283,24773992,24713283,23698,23611,23608,23608,0,0,3017,0,728752590,727316081,4096,4096,0,0,23609,23609,3476815725,3476815698,3476815733,3476815714,0,0,0,0,0,0,0,0,4096,256,131072,4,15|4,0,67108864,262144,256,0,0,0,0,364,0,352,0,91,88,0,1,364,0|528,3524546701,9,23321600,0,0,0,0,0,24768039,0,88,0,1281556195,0,1281556195,0,2080,1269551780,0,18340761,0,0,0,0,0
1785986512435|1061|mixed_30min_half_r2f_00005_67108864|fixed|288,1378943233,16781056,31247035,30816804,354517,0,354517,0,7524,0,3762,0,0,0,29439,29439,24035192,24035192,4096,4096,0,0,3762,3762,3811507296,3811507296,3811507304,3811507304,0,0,0,0,0,0,0,0,4096,256,131072,4,15|4,0,67108864,262144,256,0,0,0,0,452,0,440,0,113,110,0,1,452,0|530,229390492,10,0,0,28835840,0,28835840,0,88770,0,0,110,0,0,0,0,0,0,0,7069235,0,0,0,0,0
1785986512435|1061|mixed_30min_half_r2f_00005_67108864|rotating|288,1378943233,33554687,31322550,30891434,30967189,30891434,30967189,30891434,29622,29514,29510,29510,0,0,3771,0,910926801,909131316,4096,4096,0,0,29511,29511,3796615232,3796615237,3796615240,3796615245,0,0,0,0,0,0,0,0,4096,256,131072,4,15|4,0,67108864,262144,256,0,0,0,0,456,0,444,0,114,111,0,1,456,0|530,3843983290,9,29129600,0,0,0,0,0,30936216,0,111,0,1599540784,0,1599540784,0,2080,1585693557,0,21325249,0,0,0,0,0
1785986517444|1061|mixed_30min_half_r2f_00005_67108864|fixed|290,1378943233,16781056,37531838,37015137,425756,0,425756,0,9036,0,4518,0,0,0,35359,35359,28865216,28865216,4096,4096,0,0,4518,4518,4132069041,4132069041,4132069049,4132069049,0,0,0,0,0,0,0,0,4096,256,131072,4,15|5,0,67108864,262144,256,0,0,0,0,544,0,532,0,136,133,0,1,544,0|532,549919558,10,0,0,34865152,0,34865152,0,106580,0,0,133,0,0,0,0,0,0,0,7114792,0,0,0,0,0
1785986517444|1061|mixed_30min_half_r2f_00005_67108864|rotating|290,1378943233,33554687,37610201,37091942,37183503,37091942,37183503,37091942,35567,35436,35432,35432,0,0,4528,0,1093735776,1091564211,4096,4096,0,0,35433,35433,4117635925,4117635922,4117635933,4117635930,0,0,0,0,0,0,0,0,4096,256,131072,4,15|4,0,67108864,262144,256,0,0,0,0,544,0,532,0,136,133,0,1,544,0|532,4164727885,9,34967904,0,0,0,0,0,37133293,0,133,0,1918825803,0,1918825803,0,2080,1903277045,0,24179541,0,0,0,0,0
1785986522459|1061|mixed_30min_half_r2f_00005_67108864|fixed|292,1378943233,16781056,43815290,43211184,497093,0,497093,0,10550,0,5275,0,0,0,41277,41277,33701664,33701664,4096,4096,0,0,5275,5275,157895434,157895434,157895442,157895442,0,0,0,0,0,0,0,0,4096,256,131072,4,15|4,0,67108864,262144,256,0,0,0,0,632,0,620,0,158,155,0,1,632,0|534,870907501,10,0,0,40632320,0,40632320,0,124414,0,0,155,0,0,0,0,0,0,0,7156622,0,0,0,0,0
1785986522459|1061|mixed_30min_half_r2f_00005_67108864|rotating|292,1378943233,33554687,43889346,43284114,43391405,43284114,43391405,43284114,41504,41351,41347,41347,0,0,5284,0,1276313445,1273781664,4096,4096,0,0,41348,41348,143167115,143167120,143167123,143167128,0,0,0,0,0,0,0,0,4096,256,131072,4,15|4,0,67108864,262144,256,0,0,0,0,632,0,620,0,158,155,0,1,632,0|534,189682137,10,40782496,0,0,0,0,0,43314599,0,155,0,2237293703,0,2237293703,0,2080,2220038727,0,27033429,0,0,0,0,0
1785986527462|1061|mixed_30min_half_r2f_00005_67108864|fixed|294,1378943233,16781056,50087361,49396611,568334,0,568334,0,12062,0,6031,0,0,0,47187,47187,38531712,38531712,4096,4096,0,0,6031,6031,478456550,478456550,478456558,478456558,0,0,0,0,0,0,0,0,4096,256,131072,4,15|4,0,67108864,262144,256,0,0,0,0,720,0,708,0,180,177,0,1,720,0|536,1191182486,10,0,0,46399488,0,46399488,0,142201,0,0,177,0,0,0,0,0,0,0,7197105,0,0,0,0,0
1785986527462|1061|mixed_30min_half_r2f_00005_67108864|rotating|294,1378943233,33558272,50162765,49471182,49593675,49471182,49593675,49471182,47437,47261,47258,47258,0,0,6039,0,1458759800,1455870656,4096,4096,0,0,47258,47258,463423309,463423658,463423317,463423666,0,0,0,0,0,0,0,0,4096,256,131072,4,15|4,0,67108864,262144,256,0,0,0,0,720,0,708,0,180,177,0,1,720,0|536,509889818,10,46604992,0,0,0,0,0,49500618,0,177,0,2556045760,0,2556045760,0,2080,2537086476,0,29887104,0,0,0,0,0
1785986532482|1061|mixed_30min_half_r2f_00005_67108864|fixed|296,1378943233,16781056,56381573,55605105,639673,0,639673,0,13576,0,6788,0,0,0,53116,53116,43368128,43368128,4096,4096,0,0,6788,6788,799445985,799445985,799445993,799445993,0,0,0,0,0,0,0,0,4096,256,131072,4,15|4,0,67108864,262144,256,0,0,0,0,808,0,796,0,202,199,0,1,808,0|538,1512538993,10,0,0,52166656,0,52166656,0,160059,0,0,199,0,0,0,0,0,0,0,7245774,0,0,0,0,0
1785986532482|1061|mixed_30min_half_r2f_00005_67108864|rotating|296,1378943233,33554687,56456127,55678697,55815610,55678697,55815610,55678697,53388,53190,53186,53186,0,0,6797,0,1641754782,1638506649,4096,4096,0,0,53187,53187,784659321,784659310,784659329,784659318,0,0,0,0,0,0,0,0,4096,256,131072,4,15|4,0,67108864,262144,256,0,0,0,0,812,0,800,0,203,200,0,1,812,0|538,831488569,10,52452512,0,0,0,0,0,55711548,0,200,0,2876182631,0,2876182631,0,2080,2855391613,0,32868999,0,0,0,0,0
1785986537493|1061|mixed_30min_half_r2f_00005_67108864|fixed|298,1378943233,16781056,62666389,61802652,711005,0,711005,0,15090,0,7545,0,0,0,59036,59036,48204544,48204544,4096,4096,0,0,7545,7545,1120436468,1120436468,1120436476,1120436476,0,0,0,0,0,0,0,0,4096,256,131072,4,15|5,0,67108864,262144,256,0,0,0,0,900,0,888,0,225,222,0,1,900,0|540,1833166522,10,0,0,58195968,0,58195968,0,177892,0,0,222,0,0,0,0,0,0,0,7295505,0,0,0,0,0
1785986537493|1061|mixed_30min_half_r2f_00005_67108864|rotating|298,1378943233,33558272,62739652,61874380,62027798,61874380,62027798,61874380,59329,59108,59105,59105,0,0,7554,0,1824452512,1820828552,4096,4096,0,0,59105,59105,1105474550,1105474883,1105474558,1105474891,0,0,0,0,0,0,0,0,4096,256,131072,4,15|4,0,67108864,262144,256,0,0,0,0,900,0,888,0,225,222,0,1,900,0|540,1152254903,10,58290816,0,0,0,0,0,61909086,0,222,0,3195489389,0,3195489389,0,2080,3172997864,0,35722267,0,0,0,0,0
1785986542503|1061|mixed_30min_half_r2f_00005_67108864|fixed|300,1378943233,16781056,68946560,67994587,782249,0,782249,0,16602,0,8301,0,0,0,64951,64951,53034600,53034600,4096,4096,0,0,8301,8301,1440800389,1440800389,1440800397,1440800397,0,0,0,0,0,0,0,0,4096,256,131072,4,15|4,0,67108864,262144,256,0,0,0,0,988,0,976,0,247,244,0,1,988,0|542,2154758809,10,0,0,63963136,0,63963136,0,195750,0,0,244,0,0,0,0,0,0,0,7346865,0,0,0,0,0
1785986542503|1061|mixed_30min_half_r2f_00005_67108864|rotating|300,1378943233,33554687,69049945,68096721,68266470,68096721,68266470,68096721,65295,65052,65048,65048,0,0,8314,0,2007921846,2003938000,4096,4096,0,0,65049,65049,1427531864,1427531893,1427531872,1427531853,0,0,0,0,0,0,0,0,4096,256,131072,4,15|4,0,67108864,262144,256,0,0,0,0,988,0,976,0,247,244,0,1,992,0|542,1480559206,10,64256896,0,0,0,0,0,68250804,0,245,0,3522302172,0,3522302172,0,2080,3498002674,0,38705856,0,0,0,0,0
1785986555761|1063|mixed_30min_half_r2f_00007_16777216|fixed|306,1378943233,16781056,6549201,6463252,70112,0,70112,0,1488,0,744,0,0,0,5830,5830,4753352,4753352,4096,4096,0,0,744,744,2289485543,2289485543,2289485551,2289485551,0,0,0,0,0,0,0,0,4096,256,131072,4,15|5,0,16777216,262144,64,0,0,0,0,100,0,88,0,25,22,0,1,100,0|556,3002514022,10,0,0,5767168,0,5767168,0,17692,0,0,22,0,0,0,0,0,0,0,5031484,0,0,0,0,0
1785986555761|1063|mixed_30min_half_r2f_00007_16777216|rotating|306,1378943233,33554687,6625320,6537822,6554359,6537822,6554359,6537822,5922,5899,5898,5898,0,0,753,0,182002661,181643376,4096,4096,0,0,5899,5899,2274612993,2274612974,2274613001,2274612982,0,0,0,0,0,0,0,0,4096,256,131072,4,15|4,0,16777216,262144,64,0,0,0,0,100,0,88,0,25,22,0,1,100,0|556,2321121636,10,5846208,0,0,0,0,0,6572754,0,22,0,323609322,0,323609322,0,2080,318159197,0,7864829,0,0,0,0,0
1785986560771|1063|mixed_30min_half_r2f_00007_16777216|fixed|308,1378943233,16781056,13219561,13044811,141731,0,141731,0,3008,0,1504,0,0,0,11768,11768,9608984,9608984,4096,4096,0,0,1504,1504,2611542579,2611542579,2611542587,2611542587,0,0,0,0,0,0,0,0,4096,256,131072,4,15|4,0,16777216,262144,64,0,0,0,0,188,0,176,0,47,44,0,1,188,0|558,3324021445,10,0,0,11534336,0,11534336,0,35550,0,0,44,0,0,0,0,0,0,0,5079290,0,0,0,0,0
1785986560771|1063|mixed_30min_half_r2f_00007_16777216|rotating|308,1378943233,33554926,13283461,13108054,13141069,13108054,13141069,13108054,11870,11825,11825,11825,0,0,1511,0,364872200,364153951,4096,4096,0,0,11825,11825,2595704015,2595704348,2595704023,2595704356,0,0,0,0,0,0,0,0,4096,256,131072,4,15|4,0,16777216,262144,64,0,0,0,0,188,0,176,0,47,44,0,1,188,0|558,2642795061,10,11700320,0,0,0,0,0,13154725,0,44,0,643819219,0,643819219,0,2080,636696043,0,10694035,0,0,0,0,0
1785986570979|1064|mixed_30min_half_r2f_00008_67108864|fixed|312,1378943233,16781056,6185068,6099755,70112,0,70112,0,1488,0,744,0,0,0,5827,5827,4753352,4753352,4096,4096,0,0,744,744,3263855322,3263855322,3263855330,3263855330,0,0,0,0,0,0,0,0,4096,256,131072,4,15|5,0,67108864,262144,256,0,0,0,0,100,0,88,0,25,22,0,1,100,0|566,3976445858,10,0,0,5767168,0,5767168,0,17669,0,0,22,0,0,0,0,0,0,0,5122245,0,0,0,0,0
1785986570979|1064|mixed_30min_half_r2f_00008_67108864|rotating|312,1378943233,33554687,6261593,6174775,6190632,6174775,6190632,6174775,5923,5900,5899,5899,0,0,753,0,182098671,181738904,4096,4096,0,0,5900,5900,3249028111,3249028148,3249028119,3249028124,0,0,0,0,0,0,0,0,4096,256,131072,4,15|4,0,67108864,262144,256,0,0,0,0,100,0,88,0,25,22,0,1,100,0|566,3296163142,10,5862016,0,0,0,0,0,6220487,0,22,0,324384275,0,324384275,0,2080,318828015,0,8002783,0,0,0,0,0
1785986575992|1064|mixed_30min_half_r2f_00008_67108864|fixed|314,1378943233,16781056,12468233,12295457,141449,0,141449,0,3002,0,1501,0,0,0,11745,11745,9589800,9589800,4096,4096,0,0,1501,1501,3584653078,3584653078,3584653086,3584653086,0,0,0,0,0,0,0,0,4096,256,131072,4,15|4,0,67108864,262144,256,0,0,0,0,188,0,176,0,47,44,0,1,188,0|568,2242823,11,0,0,11534336,0,11534336,0,35480,0,0,44,0,0,0,0,0,0,0,5168369,0,0,0,0,0
1785986575992|1064|mixed_30min_half_r2f_00008_67108864|rotating|314,1378943233,33554687,12532542,12359086,12390433,12359086,12390433,12359086,11852,11807,11806,11806,0,0,1508,0,364436772,363718295,4096,4096,0,0,11807,11807,3569107841,3569107814,3569107849,3569107822,0,0,0,0,0,0,0,0,4096,256,131072,4,15|4,0,67108864,262144,256,0,0,0,0,188,0,176,0,47,44,0,1,188,0|568,3615955556,10,11676608,0,0,0,0,0,12398805,0,44,0,642723041,0,642723041,0,2080,635457340,0,10859894,0,0,0,0,0
1785986580998|1064|mixed_30min_half_r2f_00008_67108864|fixed|316,1378943233,16781056,18745809,18486354,212597,0,212597,0,4512,0,2256,0,0,0,17658,17658,14413472,14413472,4096,4096,0,0,2256,2256,3904787004,3904787004,3904787012,3904787012,0,0,0,0,0,0,0,0,4096,256,131072,4,15|4,0,67108864,262144,256,0,0,0,0,276,0,264,0,69,66,0,1,276,0|570,322888165,11,0,0,17301504,0,17301504,0,53290,0,0,66,0,0,0,0,0,0,0,5207573,0,0,0,0,0
1785986580998|1064|mixed_30min_half_r2f_00008_67108864|rotating|316,1378943233,33554687,18823196,18562899,18609750,18562899,18609750,18562899,17799,17733,17731,17731,0,0,2265,0,547340613,546263056,4096,4096,0,0,17732,17732,3890166812,3890166793,3890166820,3890166801,0,0,0,0,0,0,0,0,4096,256,131072,4,15|4,0,67108864,262144,256,0,0,0,0,276,0,264,0,69,66,0,1,276,0|570,3938098489,10,17538624,0,0,0,0,0,18623426,0,66,0,963400470,0,963400470,0,2048,954436373,0,13716142,0,0,0,0,0
1785986586011|1064|mixed_30min_half_r2f_00008_67108864|fixed|318,1378943233,16781056,25028403,24681871,283934,0,283934,0,6026,0,3013,0,0,0,23577,23577,19249880,19249880,4096,4096,0,0,3013,3013,4225782124,4225782124,4225782132,4225782132,0,0,0,0,0,0,0,0,4096,256,131072,4,15|4,0,67108864,262144,256,0,0,0,0,364,0,352,0,91,88,0,1,364,0|572,645230757,11,0,0,23068672,0,23068672,0,71195,0,0,88,0,0,0,0,0,0,0,5258462,0,0,0,0,0
1785986586011|1064|mixed_30min_half_r2f_00008_67108864|rotating|318,1378943233,33558272,25145557,24796975,24860306,24796975,24860306,24796975,23778,23689,23688,23688,0,0,3027,0,731209640,729757128,4096,4096,0,0,23688,23688,4213023753,4213024062,4213023761,4213024070,0,0,0,0,0,0,0,0,4096,256,131072,4,15|4,0,67108864,262144,256,0,0,0,0,368,0,356,0,92,89,0,1,368,0|572,4260269515,10,23394048,0,0,0,0,0,24843775,0,89,0,1284107640,0,1284107640,0,2080,1273307587,0,16703956,0,0,0,0,0
1785986591025|1064|mixed_30min_half_r2f_00008_67108864|fixed|320,1378943233,16781056,31318313,30884975,355268,0,355268,0,7540,0,3770,0,0,0,29502,29502,24086288,24086288,4096,4096,0,0,3770,3770,251814534,251814534,251814542,251814542,0,0,0,0,0,0,0,0,4096,256,131072,4,15|5,0,67108864,262144,256,0,0,0,0,456,0,444,0,114,111,0,1,456,0|574,964461473,11,0,0,29097984,0,29097984,0,88958,0,0,111,0,0,0,0,0,0,0,5305228,0,0,0,0,0
1785986591025|1064|mixed_30min_half_r2f_00008_67108864|rotating|320,1378943233,33554687,31394958,30960040,31038748,30960040,31038748,30960040,29687,29576,29574,29574,0,0,3780,0,912912576,911100617,4096,4096,0,0,29575,29575,237047450,237047431,237047402,237047439,0,0,0,0,0,0,0,0,4096,256,131072,4,15|4,0,67108864,262144,256,0,0,0,0,456,0,444,0,114,111,0,1,456,0|574,284441380,11,29200736,0,0,0,0,0,31009715,0,111,0,1601795129,0,1601795129,0,2080,1589279367,0,19565638,0,0,0,0,0
1785986596035|1064|mixed_30min_half_r2f_00008_67108864|fixed|322,1378943233,16781056,37594162,37073383,426510,0,426510,0,9052,0,4526,0,0,0,35414,35414,28916336,28916336,4096,4096,0,0,4526,4526,572181607,572181607,572181615,572181615,0,0,0,0,0,0,0,0,4096,256,131072,4,15|4,0,67108864,262144,256,0,0,0,0,544,0,532,0,136,133,0,1,544,0|576,1285088965,11,0,0,34865152,0,34865152,0,106769,0,0,133,0,0,0,0,0,0,0,5351084,0,0,0,0,0
1785986596035|1064|mixed_30min_half_r2f_00008_67108864|rotating|322,1378943233,33554687,37668693,37147032,37241335,37147032,37241335,37147032,35619,35486,35484,35484,0,0,4535,0,1095337472,1093166525,4096,4096,0,0,35485,35485,557280880,557280869,557280872,557280877,0,0,0,0,0,0,0,0,4096,256,131072,4,15|4,0,67108864,262144,256,0,0,0,0,544,0,532,0,136,133,0,1,544,0|576,604055647,11,35007424,0,0,0,0,0,37184521,0,133,0,1919957724,0,1919957724,0,2080,1905730350,0,22423223,0,0,0,0,0
1785986601036|1064|mixed_30min_half_r2f_00008_67108864|fixed|324,1378943233,16781056,43867568,43260120,497659,0,497659,0,10562,0,5281,0,0,0,41324,41324,33740032,33740032,4096,4096,0,0,5281,5281,892321594,892321594,892321602,892321602,0,0,0,0,0,0,0,0,4096,256,131072,4,15|4,0,67108864,262144,256,0,0,0,0,632,0,620,0,158,155,0,1,632,0|578,1605339521,11,0,0,40632320,0,40632320,0,124556,0,0,155,0,0,0,0,0,0,0,5400689,0,0,0,0,0
1785986601036|1064|mixed_30min_half_r2f_00008_67108864|rotating|324,1378943233,33554687,43935273,43327058,43436859,43327058,43436859,43327058,41544,41390,41387,41387,0,0,5289,0,1277571869,1275042064,4096,4096,0,0,41388,41388,877176644,877176617,877176652,877176625,0,0,0,0,0,0,0,0,4096,256,131072,4,15|4,0,67108864,262144,256,0,0,0,0,632,0,620,0,158,155,0,1,632,0|578,923871495,11,40829920,0,0,0,0,0,43362497,0,155,0,2238317948,0,2238317948,0,2080,2222377641,0,25285523,0,0,0,0,0
1785986606039|1064|mixed_30min_half_r2f_00008_67108864|fixed|326,1378943233,16781056,50137557,49443656,568807,0,568807,0,12072,0,6036,0,0,0,47230,47229,38563672,38563672,4096,4096,0,0,6036,6036,1212458043,1212458043,1212458051,1212458051,0,0,0,0,0,0,0,0,4096,256,131072,4,15|4,0,67108864,262144,256,0,0,0,0,720,0,708,0,180,177,0,1,720,0|580,1925374154,11,0,0,46399488,0,46399488,0,142343,0,0,177,0,0,0,0,0,0,0,5440473,0,0,0,0,0
1785986606039|1064|mixed_30min_half_r2f_00008_67108864|rotating|326,1378943233,33554687,50212249,49517464,49642595,49517464,49642595,49517464,47479,47303,47300,47300,0,0,6045,0,1460083136,1457194160,4096,4096,0,0,47301,47301,1197563814,1197563811,1197563774,1197563779,0,0,0,0,0,0,0,0,4096,256,131072,4,15|4,0,67108864,262144,256,0,0,0,0,720,0,708,0,180,177,0,1,720,0|580,1244309073,11,46652416,0,0,0,0,0,49553568,0,177,0,2557299902,0,2557299902,0,2054,2539650203,0,28144282,0,0,0,0,0
1785986611048|1064|mixed_30min_half_r2f_00008_67108864|fixed|328,1378943233,16781056,56416797,55636626,640049,0,640049,0,13584,0,6792,0,0,0,53147,53147,43393648,43393648,4096,4096,0,0,6792,6792,1533024655,1533024655,1533024663,1533024663,0,0,0,0,0,0,0,0,4096,256,131072,4,15|4,0,67108864,262144,256,0,0,0,0,808,0,796,0,202,199,0,1,808,0|582,2245989200,11,0,0,52166656,0,52166656,0,160153,0,0,199,0,0,0,0,0,0,0,5481547,0,0,0,0,0
1785986611048|1064|mixed_30min_half_r2f_00008_67108864|rotating|328,1378943233,33554687,56505219,55723351,55864136,55723351,55864136,55723351,53432,53233,53230,53230,0,0,6803,0,1643133549,1639869528,4096,4096,0,0,53231,53231,1519007672,1519007693,1519007680,1519007701,0,0,0,0,0,0,0,0,4096,256,131072,4,15|4,0,67108864,262144,256,0,0,0,0,812,0,800,0,203,200,0,1,812,0|582,1566336048,11,52507840,0,0,0,0,0,55770160,0,200,0,2877863021,0,2877863021,0,2080,2858377315,0,31132147,0,0,0,0,0
1785986616051|1064|mixed_30min_half_r2f_00008_67108864|fixed|330,1378943233,16781056,62703372,61835647,711477,0,711477,0,15100,0,7550,0,0,0,59075,59075,48236488,48236488,4096,4096,0,0,7550,7550,1854257585,1854257585,1854257593,1854257593,0,0,0,0,0,0,0,0,4096,256,131072,4,15|4,0,67108864,262144,256,0,0,0,0,900,0,888,0,225,222,0,1,900,0|584,2567494922,11,0,0,58195968,0,58195968,0,178034,0,0,222,0,0,0,0,0,0,0,5533514,0,0,0,0,0
1785986616051|1064|mixed_30min_half_r2f_00008_67108864|rotating|330,1378943233,33558272,62772368,61903811,62060041,61903811,62060041,61903811,59363,59142,59140,59140,0,0,7559,0,1825555856,1821932480,4096,4096,0,0,59140,59140,1839225709,1839226058,1839225717,1839226066,0,0,0,0,0,0,0,0,4096,256,131072,4,15|4,0,67108864,262144,256,0,0,0,0,900,0,888,0,225,222,0,1,900,0|584,1885954553,11,58322432,0,0,0,0,0,61938464,0,222,0,3196027878,0,3196027878,0,2080,3174825467,0,33996522,0,0,0,0,0
1785986621062|1064|mixed_30min_half_r2f_00008_67108864|fixed|332,1378943233,16781056,68956748,68002377,782531,0,782531,0,16608,0,8304,0,0,0,64972,64972,53053784,53053784,4096,4096,0,0,8304,8304,2173965903,2173965903,2173965911,2173965911,0,0,0,0,0,0,0,0,4096,256,131072,4,15|4,0,67108864,262144,256,0,0,0,0,988,0,976,0,247,244,0,1,988,0|586,2886790954,11,0,0,63963136,0,63963136,0,195774,0,0,244,0,0,0,0,0,0,0,5581677,0,0,0,0,0
1785986621062|1064|mixed_30min_half_r2f_00008_67108864|rotating|332,1378943233,33558272,69030796,68075562,68247416,68075562,68247416,68075562,65287,65044,65042,65042,0,0,8313,0,2007740808,2003758768,4096,4096,0,0,65042,65042,2159041547,2159041896,2159041555,2159041904,0,0,0,0,0,0,0,0,4096,256,131072,4,15|4,0,67108864,262144,256,0,0,0,0,988,0,976,0,247,244,0,1,988,0|586,2205706665,11,64137024,0,0,0,0,0,68108742,0,244,0,3514326342,0,3514326342,0,2080,3491411219,0,36856904,0,0,0,0,0
1785986633795|1066|mixed_30min_half_r2f_00010_16777216|fixed|338,1378943233,16781056,6145089,6060239,69737,0,69737,0,1480,0,740,0,0,0,5794,5794,4727776,4727776,4096,4096,0,0,740,740,2989295198,2989295198,2989295206,2989295206,0,0,0,0,0,0,0,0,4096,256,131072,4,15|4,0,16777216,262144,64,0,0,0,0,96,0,84,0,24,21,0,1,96,0|600,3701754083,11,0,0,5505024,0,5505024,0,17551,0,0,21,0,0,0,0,0,0,0,6896143,0,0,0,0,0
1785986633795|1066|mixed_30min_half_r2f_00010_16777216|rotating|338,1378943233,33554687,6214686,6128278,6144198,6128278,6144198,6128278,5883,5860,5859,5859,0,0,748,0,180870942,180510137,4096,4096,0,0,5860,5860,2974049483,2974049488,2974049491,2974049496,0,0,0,0,0,0,0,0,4096,256,131072,4,15|4,0,16777216,262144,64,0,0,0,0,100,0,88,0,25,22,0,1,100,0|600,3020362550,11,5806688,0,0,0,0,0,6157914,0,22,0,322764684,0,322764684,0,2080,315870527,0,9772253,0,0,0,0,0
1785986638807|1066|mixed_30min_half_r2f_00010_16777216|fixed|340,1378943233,16781056,12419376,12247617,140976,0,140976,0,2992,0,1496,0,0,0,11709,11709,9557856,9557856,4096,4096,0,0,1496,1496,3309530448,3309530448,3309530456,3309530456,0,0,0,0,0,0,0,0,4096,256,131072,4,15|4,0,16777216,262144,64,0,0,0,0,188,0,176,0,47,44,0,1,188,0|602,4022583070,11,0,0,11534336,0,11534336,0,35385,0,0,44,0,0,0,0,0,0,0,6947004,0,0,0,0,0
1785986638807|1066|mixed_30min_half_r2f_00010_16777216|rotating|340,1378943233,33558272,12495044,12322308,12353218,12322308,12353218,12322308,11826,11781,11781,11781,0,0,1505,0,363658232,362937328,4096,4096,0,0,11781,11781,3294894039,3294894380,3294894047,3294894388,0,0,0,0,0,0,0,0,4096,256,131072,4,15|4,0,16777216,262144,64,0,0,0,0,188,0,176,0,47,44,0,1,188,0|602,3341612948,11,11652896,0,0,0,0,0,12359330,0,44,0,642553530,0,642553530,0,2080,633961865,0,12624219,0,0,0,0,0
1785986649093|1067|mixed_30min_half_r2f_00011_67108864|fixed|344,1378943233,16781056,6542643,6456805,70018,0,70018,0,1486,0,743,0,0,0,5825,5825,4746960,4746960,4096,4096,0,0,743,743,3967896905,3967896905,3967896913,3967896913,0,0,0,0,0,0,0,0,4096,256,131072,4,15|5,0,67108864,262144,256,0,0,0,0,100,0,88,0,25,22,0,1,100,0|610,386124287,12,0,0,5767168,0,5767168,0,17669,0,0,22,0,0,0,0,0,0,0,5021034,0,0,0,0,0
1785986649093|1067|mixed_30min_half_r2f_00011_67108864|rotating|344,1378943233,33558272,6636707,6549035,6565559,6549035,6565559,6549035,11841,11818,5909,5909,0,0,755,0,182422648,182063432,4096,4096,0,0,5909,5909,3954009930,3954010263,3954009938,3954010271,0,0,0,0,0,0,0,0,4096,256,131072,4,15|4,0,67108864,262144,256,0,0,0,0,100,0,88,0,25,22,0,1,100,0|610,4001957128,11,5885728,0,0,0,0,0,6613602,0,22,0,325591833,0,325591833,0,2080,320150643,0,7864383,0,0,0,0,0
1785986654094|1067|mixed_30min_half_r2f_00011_67108864|fixed|346,1378943233,16781056,13174855,13000515,141259,0,141259,0,2998,0,1499,0,0,0,11730,11730,9577000,9577000,4096,4096,0,0,1499,1499,4288231217,4288231217,4288231225,4288231225,0,0,0,0,0,0,0,0,4096,256,131072,4,15|4,0,67108864,262144,256,0,0,0,0,188,0,176,0,47,44,0,1,188,0|612,706218882,12,0,0,11534336,0,11534336,0,35456,0,0,44,0,0,0,0,0,0,0,5061278,0,0,0,0,0
1785986654094|1067|mixed_30min_half_r2f_00011_67108864|rotating|346,1378943233,33558272,13253499,13078301,13111390,13078301,13111390,13078301,23645,23600,11800,11800,0,0,1508,0,364289600,363571168,4096,4096,0,0,11800,11800,4273200027,4273200360,4273200035,4273200368,0,0,0,0,0,0,0,0,4096,256,131072,4,15|4,0,67108864,262144,256,0,0,0,0,188,0,176,0,47,44,0,1,188,0|612,24940053,12,11668704,0,0,0,0,0,13116990,0,44,0,642096310,0,642096310,0,2080,634970415,0,10689970,0,0,0,0,0
1785986659103|1067|mixed_30min_half_r2f_00011_67108864|fixed|348,1378943233,16781056,19815914,19553835,212503,0,212503,0,4510,0,2255,0,0,0,17647,17647,14407096,14407096,4096,4096,0,0,2255,2255,313796833,313796833,313796841,313796841,0,0,0,0,0,0,0,0,4096,256,131072,4,15|4,0,67108864,262144,256,0,0,0,0,276,0,264,0,69,66,0,1,276,0|614,1026821438,12,0,0,17301504,0,17301504,0,53267,0,0,66,0,0,0,0,0,0,0,5105921,0,0,0,0,0
1785986659103|1067|mixed_30min_half_r2f_00011_67108864|rotating|348,1378943233,33554687,19894819,19631879,19681467,19631879,19681467,19631879,35505,35438,17718,17718,0,0,2264,0,546996599,545918698,4096,4096,0,0,17719,17719,298899821,298899834,298899829,298899842,0,0,0,0,0,0,0,0,4096,256,131072,4,15|4,0,67108864,262144,256,0,0,0,0,276,0,264,0,69,66,0,1,276,0|614,345688619,12,17499104,0,0,0,0,0,19672271,0,66,0,961387276,0,961387276,0,2080,952587002,0,13515413,0,0,0,0,0
1785986664115|1067|mixed_30min_half_r2f_00011_67108864|fixed|350,1378943233,16781056,26459201,26109271,283840,0,283840,0,6024,0,3012,0,0,0,23568,23568,19243504,19243504,4096,4096,0,0,3012,3012,634759814,634759814,634759830,634759830,0,0,0,0,0,0,0,0,4096,256,131072,4,15|4,0,67108864,262144,256,0,0,0,0,364,0,352,0,91,88,0,1,364,0|616,1347601908,12,0,0,23068672,0,23068672,0,71101,0,0,88,0,0,0,0,0,0,0,5144992,0,0,0,0,0
1785986664115|1067|mixed_30min_half_r2f_00011_67108864|rotating|350,1378943233,33554687,26540616,26189813,26255930,26189813,26255930,26189813,47371,47282,23640,23640,0,0,3021,0,729830175,728393058,4096,4096,0,0,23641,23641,619768272,619768285,619768280,619768293,0,0,0,0,0,0,0,0,4096,256,131072,4,15|4,0,67108864,262144,256,0,0,0,0,368,0,356,0,92,89,0,1,368,0|616,666869693,12,23338720,0,0,0,0,0,26233001,0,89,0,1281108446,0,1281108446,0,2080,1270502415,0,16469634,0,0,0,0,0
1785986669117|1067|mixed_30min_half_r2f_00011_67108864|fixed|352,1378943233,16781056,33096947,32659246,354986,0,354986,0,7534,0,3767,0,0,0,29483,29483,24067096,24067096,4096,4096,0,0,3767,3767,954863450,954863450,954863458,954863458,0,0,0,0,0,0,0,0,4096,256,131072,4,15|4,0,67108864,262144,256,0,0,0,0,452,0,440,0,113,110,0,1,452,0|618,1667405662,12,0,0,28835840,0,28835840,0,88864,0,0,110,0,0,0,0,0,0,0,5195714,0,0,0,0,0
1785986669117|1067|mixed_30min_half_r2f_00011_67108864|rotating|352,1378943233,33554687,33164311,32725078,32808478,32725078,32808478,32725078,59198,59086,29543,29543,0,0,3776,0,912050761,910238020,4096,4096,0,0,29543,29543,939687682,939688015,939687690,939688023,0,0,0,0,0,0,0,0,4096,256,131072,4,15|4,0,67108864,262144,256,0,0,0,0,456,0,444,0,114,111,0,1,456,0|618,986383433,12,29153312,0,0,0,0,0,32762847,0,111,0,1599168538,0,1599168538,0,2080,1586884091,0,19295720,0,0,0,0,0
1785986674117|1067|mixed_30min_half_r2f_00011_67108864|fixed|354,1378943233,16781056,39722307,39196187,426132,0,426132,0,9044,0,4522,0,0,0,35383,35383,28890792,28890792,4096,4096,0,0,4522,4522,1274643257,1274643257,1274643265,1274643265,0,0,0,0,0,0,0,0,4096,256,131072,4,15|4,0,67108864,262144,256,0,0,0,0,544,0,532,0,136,133,0,1,544,0|620,1987975632,12,0,0,34865152,0,34865152,0,106698,0,0,133,0,0,0,0,0,0,0,5238010,0,0,0,0,0
1785986674117|1067|mixed_30min_half_r2f_00011_67108864|rotating|354,1378943233,33558272,39818803,39291637,39391632,39291637,39391632,39291637,71072,70938,35469,35469,0,0,4533,0,1094998968,1092827344,4096,4096,0,0,35469,35469,1260758369,1260758702,1260758377,1260758710,0,0,0,0,0,0,0,0,4096,256,131072,4,15|4,0,67108864,262144,256,0,0,0,0,544,0,532,0,136,133,0,1,544,0|620,1307477673,12,34991616,0,0,0,0,0,39329928,0,133,0,1918803202,0,1918803202,0,2080,1904845577,0,22121659,0,0,0,0,0
1785986679122|1067|mixed_30min_half_r2f_00011_67108864|fixed|356,1378943233,16781056,46360292,45746484,497280,0,497280,0,10554,0,5277,0,0,0,41293,41293,33714448,33714448,4096,4096,0,0,5277,5277,1594871642,1594871642,1594871650,1594871650,0,0,0,0,0,0,0,0,4096,256,131072,4,15|4,0,67108864,262144,256,0,0,0,0,632,0,620,0,158,155,0,1,632,0|622,2307874317,12,0,0,40632320,0,40632320,0,124461,0,0,155,0,0,0,0,0,0,0,5284337,0,0,0,0,0
1785986679122|1067|mixed_30min_half_r2f_00011_67108864|rotating|356,1378943233,33554687,46440067,45825381,45941938,45825381,45941938,45825381,82884,82728,41363,41363,0,0,5286,0,1276985187,1274454102,4096,4096,0,0,41364,41364,1580163040,1580163013,1580163048,1580163021,0,0,0,0,0,0,0,0,4096,256,131072,4,15|4,0,67108864,262144,256,0,0,0,0,632,0,620,0,158,155,0,1,632,0|622,1627064434,12,40806208,0,0,0,0,0,45867394,0,155,0,2236936315,0,2236936315,0,2080,2221300922,0,24947097,0,0,0,0,0
1785986684131|1067|mixed_30min_half_r2f_00011_67108864|fixed|358,1378943233,16781056,53005556,52304038,568617,0,568617,0,12068,0,6034,0,0,0,47213,47213,38550880,38550880,4096,4096,0,0,6034,6034,1915834297,1915834297,1915834305,1915834305,0,0,0,0,0,0,0,0,4096,256,131072,4,15|4,0,67108864,262144,256,0,0,0,0,720,0,708,0,180,177,0,1,720,0|624,2629083243,12,0,0,46399488,0,46399488,0,142320,0,0,177,0,0,0,0,0,0,0,5333029,0,0,0,0,0
1785986684131|1067|mixed_30min_half_r2f_00011_67108864|rotating|358,1378943233,33554687,53090172,52387768,52520705,52387768,52520705,52387768,94756,94578,47288,47288,0,0,6043,0,1459888500,1456998191,4096,4096,0,0,47289,47289,1901161772,1901161785,1901161780,1901161793,0,0,0,0,0,0,0,0,4096,256,131072,4,15|4,0,67108864,262144,256,0,0,0,0,720,0,708,0,180,177,0,1,720,0|624,1948368072,12,46652416,0,0,0,0,0,52435685,0,177,0,2556778401,0,2556778401,0,2048,2539472025,0,27772538,0,0,0,0,0
1785986689134|1067|mixed_30min_half_r2f_00011_67108864|fixed|360,1378943233,16781056,59638906,58849642,639768,0,639768,0,13578,0,6789,0,0,0,53120,53120,43374512,43374512,4096,4096,0,0,6789,6789,2235937389,2235937389,2235937397,2235937397,0,0,0,0,0,0,0,0,4096,256,131072,4,15|4,0,67108864,262144,256,0,0,0,0,808,0,796,0,202,199,0,1,808,0|626,2948712299,12,0,0,52166656,0,52166656,0,160082,0,0,199,0,0,0,0,0,0,0,5380089,0,0,0,0,0
1785986689134|1067|mixed_30min_half_r2f_00011_67108864|rotating|360,1378943233,33555404,59719682,58929550,59079070,58929550,59079070,58929550,106584,106385,53192,53192,0,0,6798,0,1642143424,1638894152,4096,4096,0,0,53192,53192,2221014281,2221014614,2221014289,2221014622,0,0,0,0,0,0,0,0,4096,256,131072,4,15|4,0,67108864,262144,256,0,0,0,0,812,0,800,0,203,200,0,1,812,0|626,2267528663,12,52452512,0,0,0,0,0,58959694,0,200,0,2874488968,0,2874488968,0,2080,2855368729,0,30726380,0,0,0,0,0
1785986694145|1067|mixed_30min_half_r2f_00011_67108864|fixed|362,1378943233,16781056,66302826,65424844,711288,0,711288,0,15096,0,7548,0,0,0,59053,59053,48223728,48223728,4096,4096,0,0,7548,7548,2557435767,2557435767,2557435775,2557435775,0,0,0,0,0,0,0,0,4096,256,131072,4,15|4,0,67108864,262144,256,0,0,0,0,900,0,888,0,225,222,0,1,900,0|628,3270324744,12,0,0,58195968,0,58195968,0,177963,0,0,222,0,0,0,0,0,0,0,5426088,0,0,0,0,0
1785986694145|1067|mixed_30min_half_r2f_00011_67108864|rotating|362,1378943233,33554687,66401858,65522821,65689531,65522821,65689531,65522821,118507,118285,59141,59141,0,0,7559,0,1825805693,1822180624,4096,4096,0,0,59142,59142,2543467999,2543468012,2543468007,2543467988,0,0,0,0,0,0,0,0,4096,256,131072,4,15|4,0,67108864,262144,256,0,0,0,0,900,0,888,0,225,222,0,1,900,0|628,2590465417,12,58330336,0,0,0,0,0,65566255,0,222,0,3195956266,0,3195956266,0,2080,3175171811,0,33551842,0,0,0,0,0
1785986699145|1067|mixed_30min_half_r2f_00011_67108864|fixed|364,1378943233,16781056,72919233,71953987,782154,0,782154,0,16600,0,8300,0,0,0,64943,64943,53028200,53028200,4096,4096,0,0,8300,8300,2876374702,2876374702,2876374710,2876374710,0,0,0,0,0,0,0,0,4096,256,131072,4,15|4,0,67108864,262144,256,0,0,0,0,988,0,976,0,247,244,0,1,988,0|630,3589614529,12,0,0,63963136,0,63963136,0,195703,0,0,244,0,0,0,0,0,0,0,5474086,0,0,0,0,0
1785986699145|1067|mixed_30min_half_r2f_00011_67108864|rotating|364,1378943233,33554687,72997473,72031368,72214471,72031368,72214471,72031368,130273,130029,65013,65013,0,0,8309,0,2007098448,2003114163,4096,4096,0,0,65014,65014,2861653733,2861653746,2861653741,2861653754,0,0,0,0,0,0,0,0,4096,256,131072,4,15|4,0,67108864,262144,256,0,0,0,0,988,0,976,0,247,244,0,1,988,0|630,2908443839,12,64113312,0,0,0,0,0,72070288,0,244,0,3512488944,0,3512488944,0,2080,3490019934,0,36377279,0,0,0,0,0
1785986711861|1069|mixed_30min_half_r2f_00013_16777216|fixed|370,1378943233,16781056,6174645,6089491,70018,0,70018,0,1486,0,743,0,0,0,5821,5821,4746960,4746960,4096,4096,0,0,743,743,3690574229,3690574229,3690574237,3690574237,0,0,0,0,0,0,0,0,4096,256,131072,4,15|5,0,16777216,262144,64,0,0,0,0,100,0,88,0,25,22,0,1,100,0|644,108552698,13,0,0,5767168,0,5767168,0,17645,0,0,22,0,0,0,0,0,0,0,5111725,0,0,0,0,0
1785986711861|1069|mixed_30min_half_r2f_00013_16777216|rotating|370,1378943233,33554687,6240512,6153933,6169741,6153933,6169741,6153933,5907,5884,5883,5883,0,0,751,0,181623056,181263304,4096,4096,0,0,5884,5884,3675343721,3675343734,3675343729,3675343694,0,0,0,0,0,0,0,0,4096,256,131072,4,15|4,0,16777216,262144,64,0,0,0,0,100,0,88,0,25,22,0,1,100,0|644,3721970135,12,5838304,0,0,0,0,0,6189402,0,22,0,323041860,0,323041860,0,2080,317485118,0,7994027,0,0,0,0,0
1785986716865|1069|mixed_30min_half_r2f_00013_16777216|fixed|372,1378943233,16781056,12442108,12269648,141259,0,141259,0,2998,0,1499,0,0,0,11731,11731,9577000,9577000,4096,4096,0,0,1499,1499,4010942961,4010942961,4010942969,4010942969,0,0,0,0,0,0,0,0,4096,256,131072,4,15|4,0,16777216,262144,64,0,0,0,0,188,0,176,0,47,44,0,1,188,0|646,428842138,13,0,0,11534336,0,11534336,0,35456,0,0,44,0,0,0,0,0,0,0,5154150,0,0,0,0,0
1785986716865|1069|mixed_30min_half_r2f_00013_16777216|rotating|372,1378943233,33554687,12509654,12336405,12367639,12336405,12367639,12336405,11840,11795,11794,11794,0,0,1507,0,364081560,363363079,4096,4096,0,0,11795,11795,3995635329,3995635326,3995635297,3995635334,0,0,0,0,0,0,0,0,4096,256,131072,4,15|4,0,16777216,262144,64,0,0,0,0,188,0,176,0,47,44,0,1,188,0|646,4042375659,12,11660800,0,0,0,0,0,12373883,0,44,0,641991760,0,641991760,0,2080,634726119,0,10852293,0,0,0,0,0
1785986727032|1070|mixed_30min_half_r2f_00014_16777216|fixed|376,1378943233,16781056,6125823,6041323,70018,0,70018,0,1486,0,743,0,0,0,5819,5819,4746960,4746960,4096,4096,0,0,743,743,366555461,366555461,366555469,366555469,0,0,0,0,0,0,0,0,4096,256,131072,4,15|5,0,16777216,262144,64,0,0,0,0,100,0,88,0,25,22,0,1,100,0|654,1080622410,13,0,0,5767168,0,5767168,0,17716,0,0,22,0,0,0,0,0,0,0,5530369,0,0,0,0,0
1785986727032|1070|mixed_30min_half_r2f_00014_16777216|rotating|376,1378943233,33554687,6250323,6163699,6178891,6163699,6178891,6163699,5961,5938,5937,5937,0,0,758,0,183276643,182919494,4096,4096,0,0,5938,5938,354220218,354220215,354220226,354220223,0,0,0,0,0,0,0,0,4096,256,131072,4,15|4,0,16777216,262144,64,0,0,0,0,100,0,88,0,25,22,0,1,100,0|654,400707898,13,5885728,0,0,0,0,0,6195928,0,22,0,326007029,0,326007029,0,2080,320238932,0,8285654,0,0,0,0,0
1785986732036|1070|mixed_30min_half_r2f_00014_16777216|fixed|378,1378943233,16781056,12345937,12174063,141165,0,141165,0,2996,0,1498,0,0,0,11727,11727,9570616,9570616,4096,4096,0,0,1498,1498,686515762,686515762,686515770,686515770,0,0,0,0,0,0,0,0,4096,256,131072,4,15|4,0,16777216,262144,64,0,0,0,0,188,0,176,0,47,44,0,1,188,0|656,1399650602,13,0,0,11534336,0,11534336,0,35432,0,0,44,0,0,0,0,0,0,0,5573998,0,0,0,0,0
1785986732036|1070|mixed_30min_half_r2f_00014_16777216|rotating|378,1378943233,33558272,12420661,12248000,12278646,12248000,12278646,12248000,11844,11799,11799,11799,0,0,1507,0,364202264,363485408,4096,4096,0,0,11799,11799,671862054,671862403,671862062,671862411,0,0,0,0,0,0,0,0,4096,256,131072,4,15|4,0,16777216,262144,64,0,0,0,0,188,0,176,0,47,44,0,1,188,0|656,718560847,13,11668704,0,0,0,0,0,12283729,0,44,0,642414234,0,642414234,0,2080,634908161,0,11164512,0,0,0,0,0
1785986746761|1072|mixed_30min_half_r2f_00016_16777216|fixed|384,1378943233,16781056,6546383,6460530,70112,0,70112,0,1488,0,744,0,0,0,5832,5832,4753352,4753352,4096,4096,0,0,744,744,1629143118,1629143118,1629143126,1629143126,0,0,0,0,0,0,0,0,4096,256,131072,4,15|5,0,16777216,262144,64,0,0,0,0,100,0,88,0,25,22,0,1,100,0|670,2342170755,13,0,0,5767168,0,5767168,0,17692,0,0,22,0,0,0,0,0,0,0,5024510,0,0,0,0,0
1785986746761|1072|mixed_30min_half_r2f_00016_16777216|rotating|384,1378943233,33554687,6627457,6539961,6556403,6539961,6556403,6539961,11833,11810,5904,5904,0,0,754,0,182284440,181924976,4096,4096,0,0,5905,5905,1614599360,1614599341,1614599336,1614599349,0,0,0,0,0,0,0,0,4096,256,131072,4,15|4,0,16777216,262144,64,0,0,0,0,100,0,88,0,25,22,0,1,100,0|670,1662509949,13,5877824,0,0,0,0,0,6603909,0,22,0,325333061,0,325333061,0,2080,319885272,0,7869251,0,0,0,0,0
1785986751764|1072|mixed_30min_half_r2f_00016_16777216|fixed|386,1378943233,16781056,13181653,13007203,141354,0,141354,0,3000,0,1500,0,0,0,11740,11740,9583400,9583400,4096,4096,0,0,1500,1500,1949483366,1949483366,1949483374,1949483374,0,0,0,0,0,0,0,0,4096,256,131072,4,15|4,0,16777216,262144,64,0,0,0,0,188,0,176,0,47,44,0,1,188,0|672,2662497855,13,0,0,11534336,0,11534336,0,35480,0,0,44,0,0,0,0,0,0,0,5065664,0,0,0,0,0
1785986751764|1072|mixed_30min_half_r2f_00016_16777216|rotating|386,1378943233,33554687,13253497,13078270,13111388,13078270,13111388,13078270,23655,23610,11804,11804,0,0,1508,0,364434218,363715536,4096,4096,0,0,11805,11805,1934285264,1934285277,1934285272,1934285253,0,0,0,0,0,0,0,0,4096,256,131072,4,15|4,0,16777216,262144,64,0,0,0,0,188,0,176,0,47,44,0,1,188,0|672,1981005346,13,11676608,0,0,0,0,0,13117385,0,44,0,642378762,0,642378762,0,2080,635243972,0,10700528,0,0,0,0,0
1785986762004|1073|mixed_30min_half_r2f_00017_16777216|fixed|390,1378943233,16781056,6643298,6555667,71243,0,71243,0,1512,0,756,0,0,0,5918,5918,4830056,4830056,4096,4096,0,0,756,756,2604824790,2604824790,2604824798,2604824798,0,0,0,0,0,0,0,0,4096,256,131072,4,15|4,0,16777216,262144,64,0,0,0,0,100,0,88,0,25,22,0,1,100,0|680,3317663176,13,0,0,5767168,0,5767168,0,17952,0,0,22,0,0,0,0,0,0,0,5021580,0,0,0,0,0
1785986762004|1073|mixed_30min_half_r2f_00017_16777216|rotating|390,1378943233,33554687,6723738,6635228,6651646,6635228,6651646,6635228,6014,5991,5990,5990,0,0,765,0,184841268,184481983,4096,4096,0,0,5991,5991,2589939453,2589939434,2589939461,2589939442,0,0,0,0,0,0,0,0,4096,256,131072,4,15|4,0,16777216,262144,64,0,0,0,0,100,0,88,0,25,22,0,1,100,0|680,2636694207,13,5941056,0,0,0,0,0,6675481,0,22,0,328773371,0,328773371,0,2080,323344101,0,7864352,0,0,0,0,0
1785986767010|1073|mixed_30min_half_r2f_00017_16777216|fixed|392,1378943233,16781056,13279963,13104539,142485,0,142485,0,3024,0,1512,0,0,0,11832,11832,9660088,9660088,4096,4096,0,0,1512,1512,2925361526,2925361526,2925361534,2925361534,0,0,0,0,0,0,0,0,4096,256,131072,4,15|4,0,16777216,262144,64,0,0,0,0,188,0,176,0,47,44,0,1,188,0|682,3638026718,13,0,0,11534336,0,11534336,0,35739,0,0,44,0,0,0,0,0,0,0,5065760,0,0,0,0,0
1785986767010|1073|mixed_30min_half_r2f_00017_16777216|rotating|392,1378943233,33554687,13358880,13182682,13215639,13182682,13215639,13182682,11948,11903,11902,11902,0,0,1520,0,367267732,366549400,4096,4096,0,0,11903,11903,2910269107,2910269120,2910269115,2910269096,0,0,0,0,0,0,0,0,4096,256,131072,4,15|4,0,16777216,262144,64,0,0,0,0,188,0,176,0,47,44,0,1,188,0|682,2957118850,13,11771456,0,0,0,0,0,13224577,0,44,0,647740414,0,647740414,0,2080,640632923,0,10693637,0,0,0,0,0
1785987114638|1184|mixed_30min_degrade_00_maskE_00000_4194304|fixed|616,1378943233,16777710,0,5991729,0,5940574,0,5940574,0,5678,0,5661,0,0,0,542,0,174762757,0,4096,0,0,0,5662,0,3699725302,0,3699725310,0,0,0,0,0,0,0,0,4096,256,131072,4,15|6,0,4194304,262144,16,4194304,0,4194304,0,64,0,64,0,16,16,1,1,64,1|1354,117496012,19,4194304,0,0,0,0,0,4454651,0,16,0,318267197,0,318267197,0,2048,312065440,0,11270282,0,0,0,0,0
1785987114638|1184|mixed_30min_degrade_00_maskE_00000_4194304|rotating|616,1378943233,33554432,0,5994327,0,51360,0,51360,0,1088,0,544,0,0,0,5664,3494920,3494920,4096,4096,0,0,546,546,3682282117,3682282117,3682282125,3682282125,0,0,0,0,0,0,0,0,4096,256,131072,4,15|6,0,4194304,262144,16,4194304,0,4194304,0,64,0,64,0,16,16,1,1,64,1|1354,3731391866,18,0,0,4194304,0,4194304,0,12840,0,0,16,0,0,0,0,0,0,0,12446607,0,0,0,0,0
1785987152642|1196|mixed_30min_degrade_02_maskD_00000_4194304|fixed|642,1378943233,16777949,5994806,0,5943557,0,5943557,0,5679,0,5662,0,0,0,543,0,174778879,0,4096,0,0,0,5663,0,1837265653,0,1837265661,0,0,0,0,0,0,0,0,0,4096,256,131072,4,15|6,0,4194304,262144,16,4194304,0,4194304,0,64,0,64,0,16,16,1,1,64,1|1428,2549766058,19,4194304,0,0,0,0,0,4455681,0,16,0,318256161,0,318256161,0,2048,312065351,0,11099416,0,0,0,0,0
1785987152642|1196|mixed_30min_degrade_02_maskD_00000_4194304|rotating|642,1378943233,33554432,5996861,0,51360,0,51360,0,1088,0,544,0,0,0,5664,0,3494920,3494920,4096,4096,0,0,546,546,1819772078,1819772078,1819772086,1819772086,0,0,0,0,0,0,0,0,4096,256,131072,4,15|6,0,4194304,262144,16,4194304,0,4194304,0,64,0,64,0,16,16,1,1,64,1|1428,1868609844,19,0,0,4194304,0,4194304,0,12840,0,0,16,0,0,0,0,0,0,0,12211229,0,0,0,0,0
1785987164897|1200|mixed_30min_degrade_02_maskD_00004_1048576|fixed|652,1378943233,16781056,1424216,0,1336866,0,1336866,0,1287,0,1284,0,0,0,936,0,39617544,0,4096,0,0,0,1284,0,2621136877,0,2621136893,0,0,0,0,0,0,0,0,0,4096,256,131072,4,15|4,0,1048576,262144,4,0,0,0,0,16,0,8,0,4,2,0,1,16,0|1450,3334144025,19,655692,0,0,0,0,0,933098,0,2,0,321786482,0,321786482,0,2063,317473561,0,5818787,0,0,0,0,0
1785987164897|1200|mixed_30min_degrade_02_maskD_00004_1048576|rotating|652,1378943233,33558272,1443256,0,88661,0,88661,0,963,0,950,0,0,0,1301,0,6068808,6068808,4096,4096,0,0,950,950,2606268438,2606268438,2606268446,2606268446,0,0,0,0,0,0,0,0,4096,256,131072,4,15|4,0,1048576,262144,4,0,0,0,0,16,0,8,0,4,2,0,1,16,0|1450,2653125927,19,0,0,524288,0,524288,0,22165,0,0,2,0,0,0,0,0,0,0,5445111,0,0,0,0,0
1785987190650|1208|mixed_30min_degrade_04_maskB_00000_4194304|fixed|670,1378943233,16778427,5992834,5940434,5941680,5940434,5941680,5940434,5678,5661,5661,5660,0,0,542,0,174756359,174729450,4096,4096,0,0,5662,5661,4269750057,4269750038,4269750065,4269750046,0,0,0,0,0,0,0,0,4096,256,131072,4,15|6,0,4194304,262144,16,4194304,0,4194304,0,64,0,64,0,16,16,1,1,64,1|1504,687520002,20,4194304,0,0,0,0,0,4455655,0,16,0,318252376,0,318252376,0,2048,312065351,0,11246539,0,0,0,0,0
1785987190650|1208|mixed_30min_degrade_04_maskB_00000_4194304|rotating|670,1378943233,33554432,5995662,5943966,51360,0,51360,0,1088,0,544,0,0,0,5664,5664,3494920,3494920,4096,4096,0,0,546,546,4252314424,4252314424,4252314432,4252314432,0,0,0,0,0,0,0,0,4096,256,131072,4,15|6,0,4194304,262144,16,4194304,0,4194304,0,64,0,64,0,16,16,1,1,64,1|1504,6217036,20,0,0,4194304,0,4194304,0,12840,0,0,16,0,0,0,0,0,0,0,12210718,0,0,0,0,0
1785987228622|1220|mixed_30min_degrade_06_mask7_00000_4194304|fixed|696,1378943233,16781056,1384848,1297511,1296803,1297511,1296803,1297511,1240,1236,1237,1236,0,0,945,0,38151368,38152480,4096,4096,0,0,1237,1236,2405063369,2405009686,2405063377,2405009694,0,0,0,0,0,0,0,0,4096,256,131072,4,15|4,0,4194304,262144,16,0,0,0,0,20,0,8,0,5,2,0,1,20,0|1574,3117737058,20,621112,0,0,0,0,0,909361,0,2,0,321136215,0,321136215,0,2063,315835233,0,7177563,0,0,0,0,0
1785987228622|1220|mixed_30min_degrade_06_mask7_00000_4194304|rotating|696,1378943233,33558272,1400577,1313234,89074,0,89074,0,960,0,956,0,0,0,1251,1251,6106472,6106472,4096,4096,0,0,956,956,2387369907,2387369907,2387369915,2387369915,0,0,0,0,0,0,0,0,4096,256,131072,4,15|4,0,4194304,262144,16,0,0,0,0,20,0,8,0,5,2,0,1,20,0|1574,2436528075,20,0,0,524288,0,524288,0,22595,0,0,2,0,0,0,0,0,0,0,6856395,0,0,0,0,0
1785987233626|1220|mixed_30min_degrade_06_mask7_00000_4194304|fixed|698,1378943233,16781056,2813512,2635243,2633276,2635243,2633276,2635243,2516,2511,2511,2511,0,0,1934,0,77460864,77492776,4096,4096,0,0,2511,2511,2724267502,2724320224,2724267510,2724320232,0,0,0,0,0,0,0,0,4096,256,131072,4,15|4,0,4194304,262144,16,0,0,0,0,28,0,16,0,7,4,0,1,28,0|1576,3438008514,20,1248400,0,0,0,0,0,1834069,0,4,0,641250849,0,641250849,0,2062,635835675,0,7439323,0,0,0,0,0
1785987233626|1220|mixed_30min_degrade_06_mask7_00000_4194304|rotating|698,1378943233,33558272,2832671,2653073,181531,0,181531,0,1954,0,1948,0,0,0,2528,2528,12442792,12442792,4096,4096,0,0,1948,1948,2709452711,2709452711,2709452727,2709452727,0,0,0,0,0,0,0,0,4096,256,131072,4,15|4,0,4194304,262144,16,0,0,0,0,28,0,16,0,7,4,0,1,28,0|1576,2756749517,20,0,0,1048576,0,1048576,0,45452,0,0,4,0,0,0,0,0,0,0,6860378,0,0,0,0,0
1785987238635|1220|mixed_30min_degrade_06_mask7_00000_4194304|fixed|700,1378943233,16781056,4230898,3963648,3960005,3963648,3960005,3963648,3785,3777,3777,3777,0,0,2908,0,116490640,116572136,4096,4096,0,0,3777,3777,3045739810,3045792548,3045739818,3045792556,0,0,0,0,0,0,0,0,4096,256,131072,4,15|4,0,4194304,262144,16,0,0,0,0,40,0,28,0,10,7,0,1,40,0|1578,3757763202,20,1867368,0,0,0,0,0,2742905,0,7,0,960850795,0,960850795,0,2064,955187596,0,7828209,0,0,0,0,0
1785987238635|1220|mixed_30min_degrade_06_mask7_00000_4194304|rotating|700,1378943233,33558272,4233334,3965738,270986,0,270986,0,2918,0,2909,0,0,0,3779,3779,18581192,18581192,4096,4096,0,0,2909,2909,3029644443,3029644443,3029644451,3029644451,0,0,0,0,0,0,0,0,4096,256,131072,4,15|4,0,4194304,262144,16,0,0,0,0,40,0,28,0,10,7,0,1,40,0|1578,3077322796,20,0,0,1835008,0,1835008,0,67978,0,0,7,0,0,0,0,0,0,0,6867318,0,0,0,0,0
1785987243639|1220|mixed_30min_degrade_06_mask7_00000_4194304|fixed|702,1378943233,16781056,5645605,5287148,5283577,5287148,5283577,5287148,5049,5038,5039,5038,0,0,3886,0,155413768,155496616,4096,4096,0,0,5039,5038,3366331035,3366278283,3366331043,3366278291,0,0,0,0,0,0,0,0,4096,256,131072,4,15|4,0,4194304,262144,16,0,0,0,0,48,0,36,0,12,9,0,1,48,0|1580,4079014876,20,2496628,0,0,0,0,0,3669764,0,9,0,1281945154,0,1281945154,0,2063,1276169586,0,8088640,0,0,0,0,0
1785987243639|1220|mixed_30min_degrade_06_mask7_00000_4194304|rotating|702,1378943233,33558272,5658088,5299742,362963,0,362963,0,3909,0,3896,0,0,0,5050,5050,24885616,24885616,4096,4096,0,0,3896,3896,3348740108,3348740108,3348740116,3348740116,0,0,0,0,0,0,0,0,4096,256,131072,4,15|4,0,4194304,262144,16,0,0,0,0,48,0,36,0,12,9,0,1,48,0|1580,3398363632,20,0,0,2359296,0,2359296,0,91069,0,0,9,0,0,0,0,0,0,0,6871061,0,0,0,0,0
