captured_ms|sequence|label|role|data_ro|dirm0|oen0
1785985849456|0|SAFE_BOOT|fixed|1350565379|8193|8193
1785985849456|0|SAFE_BOOT|rotating|1350565379|8193|8193
1785985849610|1001|mixed_30min_warmup_f2r_00000_4194304_active|fixed|1346371075|8193|8193
1785985849610|1001|mixed_30min_warmup_f2r_00000_4194304_active|rotating|1350557187|8193|8193
1785985853736|1001|mixed_30min_warmup_f2r_00000_4194304_terminal|fixed|1346371075|8193|8193
1785985853736|1001|mixed_30min_warmup_f2r_00000_4194304_terminal|rotating|1346371075|8193|8193
1785985854066|1002|mixed_30min_warmup_f2r_00001_16777216_active|fixed|1350565379|8193|8193
1785985854066|1002|mixed_30min_warmup_f2r_00001_16777216_active|rotating|1350557187|8193|8193
1785985859226|1002|mixed_30min_warmup_f2r_00001_16777216|fixed|1350565378|8193|8193
1785985859226|1002|mixed_30min_warmup_f2r_00001_16777216|rotating|1346362883|8193|8193
1785985864166|1002|mixed_30min_warmup_f2r_00001_16777216|fixed|1346371074|8193|8193
1785985864166|1002|mixed_30min_warmup_f2r_00001_16777216|rotating|1350557187|8193|8193
1785985868981|1002|mixed_30min_warmup_f2r_00001_16777216_terminal|fixed|1346371075|8193|8193
1785985868981|1002|mixed_30min_warmup_f2r_00001_16777216_terminal|rotating|1346371075|8193|8193
1785985869341|1003|mixed_30min_warmup_f2r_00002_4194304_active|fixed|1346371075|8193|8193
1785985869341|1003|mixed_30min_warmup_f2r_00002_4194304_active|rotating|1346362883|8193|8193
1785985873417|1003|mixed_30min_warmup_f2r_00002_4194304_terminal|fixed|1350565379|8193|8193
1785985873417|1003|mixed_30min_warmup_f2r_00002_4194304_terminal|rotating|1346371075|8193|8193
1785985873739|1004|mixed_30min_warmup_f2r_00003_4194304_active|fixed|1346371075|8193|8193
1785985873739|1004|mixed_30min_warmup_f2r_00003_4194304_active|rotating|1350557187|8193|8193
1785985877824|1004|mixed_30min_warmup_f2r_00003_4194304_terminal|fixed|1350565379|8193|8193
1785985877824|1004|mixed_30min_warmup_f2r_00003_4194304_terminal|rotating|1346371075|8193|8193
1785985878144|1005|mixed_30min_warmup_f2r_00004_4194304_active|fixed|1346371075|8193|8193
1785985878144|1005|mixed_30min_warmup_f2r_00004_4194304_active|rotating|1346362883|8193|8193
1785985882201|1005|mixed_30min_warmup_f2r_00004_4194304_terminal|fixed|1346371075|8193|8193
1785985882201|1005|mixed_30min_warmup_f2r_00004_4194304_terminal|rotating|1350565379|8193|8193
1785985882539|1006|mixed_30min_warmup_f2r_00005_4194304_active|fixed|1350565379|8193|8193
1785985882539|1006|mixed_30min_warmup_f2r_00005_4194304_active|rotating|1346362883|8193|8193
1785985886619|1006|mixed_30min_warmup_f2r_00005_4194304_terminal|fixed|1346371075|8193|8193
1785985886619|1006|mixed_30min_warmup_f2r_00005_4194304_terminal|rotating|1346371075|8193|8193
1785985886937|1007|mixed_30min_warmup_f2r_00006_4194304_active|fixed|1350565379|8193|8193
1785985886937|1007|mixed_30min_warmup_f2r_00006_4194304_active|rotating|1346362883|8193|8193
1785985890998|1007|mixed_30min_warmup_f2r_00006_4194304_terminal|fixed|1350565379|8193|8193
1785985890998|1007|mixed_30min_warmup_f2r_00006_4194304_terminal|rotating|1346371075|8193|8193
1785985891314|1008|mixed_30min_warmup_f2r_00007_4194304_active|fixed|1346371075|8193|8193
1785985891314|1008|mixed_30min_warmup_f2r_00007_4194304_active|rotating|1346362883|8193|8193
1785985895412|1008|mixed_30min_warmup_f2r_00007_4194304_terminal|fixed|1346371075|8193|8193
1785985895412|1008|mixed_30min_warmup_f2r_00007_4194304_terminal|rotating|1350565379|8193|8193
1785985895739|1009|mixed_30min_warmup_f2r_00008_1048576_active|fixed|1350565379|8193|8193
1785985895739|1009|mixed_30min_warmup_f2r_00008_1048576_active|rotating|1346362883|8193|8193
1785985897115|1009|mixed_30min_warmup_f2r_00008_1048576_terminal|fixed|1346371075|8193|8193
1785985897115|1009|mixed_30min_warmup_f2r_00008_1048576_terminal|rotating|1346371075|8193|8193
1785985897410|1010|mixed_30min_warmup_f2r_00009_1048576_active|fixed|1346371075|8193|8193
1785985897410|1010|mixed_30min_warmup_f2r_00009_1048576_active|rotating|1346362883|8193|8193
1785985898830|1010|mixed_30min_warmup_f2r_00009_1048576_terminal|fixed|1350565379|8193|8193
1785985898830|1010|mixed_30min_warmup_f2r_00009_1048576_terminal|rotating|1346371075|8193|8193
1785985899153|1011|mixed_30min_warmup_f2r_00010_1048576_active|fixed|1350565379|8193|8193
1785985899153|1011|mixed_30min_warmup_f2r_00010_1048576_active|rotating|1346362883|8193|8193
1785985900537|1011|mixed_30min_warmup_f2r_00010_1048576_terminal|fixed|1346371075|8193|8193
1785985900537|1011|mixed_30min_warmup_f2r_00010_1048576_terminal|rotating|1350565379|8193|8193
1785985900856|1012|mixed_30min_warmup_f2r_00011_1048576_active|fixed|1350565379|8193|8193
1785985900856|1012|mixed_30min_warmup_f2r_00011_1048576_active|rotating|1350557187|8193|8193
1785985902287|1012|mixed_30min_warmup_f2r_00011_1048576_terminal|fixed|1350565379|8193|8193
1785985902287|1012|mixed_30min_warmup_f2r_00011_1048576_terminal|rotating|1350565379|8193|8193
1785985902571|1013|mixed_30min_warmup_f2r_00012_1048576_active|fixed|1346371075|8193|8193
1785985902571|1013|mixed_30min_warmup_f2r_00012_1048576_active|rotating|1346362883|8193|8193
1785985903967|1013|mixed_30min_warmup_f2r_00012_1048576_terminal|fixed|1346371075|8193|8193
1785985903967|1013|mixed_30min_warmup_f2r_00012_1048576_terminal|rotating|1346371075|8193|8193
1785985909619|1014|mixed_30min_warmup_r2f_00000_4194304_active|fixed|1346362883|8193|8193
1785985909619|1014|mixed_30min_warmup_r2f_00000_4194304_active|rotating|1346371075|8193|8193
1785985913714|1014|mixed_30min_warmup_r2f_00000_4194304_terminal|fixed|1346371075|8193|8193
1785985913714|1014|mixed_30min_warmup_r2f_00000_4194304_terminal|rotating|1350565379|8193|8193
1785985914018|1015|mixed_30min_warmup_r2f_00001_16777216_active|fixed|1350557187|8193|8193
1785985914018|1015|mixed_30min_warmup_r2f_00001_16777216_active|rotating|1350565379|8193|8193
1785985919167|1015|mixed_30min_warmup_r2f_00001_16777216|fixed|1346362883|8193|8193
1785985919167|1015|mixed_30min_warmup_r2f_00001_16777216|rotating|1346371074|8193|8193
1785985924223|1015|mixed_30min_warmup_r2f_00001_16777216|fixed|1350557187|8193|8193
1785985924223|1015|mixed_30min_warmup_r2f_00001_16777216|rotating|1350565378|8193|8193
1785985928887|1015|mixed_30min_warmup_r2f_00001_16777216_terminal|fixed|1346371075|8193|8193
1785985928887|1015|mixed_30min_warmup_r2f_00001_16777216_terminal|rotating|1350565379|8193|8193
1785985929243|1016|mixed_30min_warmup_r2f_00002_4194304_active|fixed|1346362883|8193|8193
1785985929243|1016|mixed_30min_warmup_r2f_00002_4194304_active|rotating|1346371075|8193|8193
1785985933304|1016|mixed_30min_warmup_r2f_00002_4194304_terminal|fixed|1350565379|8193|8193
1785985933304|1016|mixed_30min_warmup_r2f_00002_4194304_terminal|rotating|1350565379|8193|8193
1785985933595|1017|mixed_30min_warmup_r2f_00003_4194304_active|fixed|1346362883|8193|8193
1785985933595|1017|mixed_30min_warmup_r2f_00003_4194304_active|rotating|1346371075|8193|8193
1785985937663|1017|mixed_30min_warmup_r2f_00003_4194304_terminal|fixed|1350565379|8193|8193
1785985937663|1017|mixed_30min_warmup_r2f_00003_4194304_terminal|rotating|1346371075|8193|8193
1785985937961|1018|mixed_30min_warmup_r2f_00004_4194304_active|fixed|1350557187|8193|8193
1785985937961|1018|mixed_30min_warmup_r2f_00004_4194304_active|rotating|1346371075|8193|8193
1785985942043|1018|mixed_30min_warmup_r2f_00004_4194304_terminal|fixed|1350565379|8193|8193
1785985942043|1018|mixed_30min_warmup_r2f_00004_4194304_terminal|rotating|1346371075|8193|8193
1785985942401|1019|mixed_30min_warmup_r2f_00005_4194304_active|fixed|1346362883|8193|8193
1785985942401|1019|mixed_30min_warmup_r2f_00005_4194304_active|rotating|1350565379|8193|8193
1785985946523|1019|mixed_30min_warmup_r2f_00005_4194304_terminal|fixed|1346371075|8193|8193
1785985946523|1019|mixed_30min_warmup_r2f_00005_4194304_terminal|rotating|1350565379|8193|8193
1785985946829|1020|mixed_30min_warmup_r2f_00006_4194304_active|fixed|1350557187|8193|8193
1785985946829|1020|mixed_30min_warmup_r2f_00006_4194304_active|rotating|1350565379|8193|8193
1785985950927|1020|mixed_30min_warmup_r2f_00006_4194304_terminal|fixed|1350565379|8193|8193
1785985950927|1020|mixed_30min_warmup_r2f_00006_4194304_terminal|rotating|1350565379|8193|8193
1785985951244|1021|mixed_30min_warmup_r2f_00007_4194304_active|fixed|1350557187|8193|8193
1785985951244|1021|mixed_30min_warmup_r2f_00007_4194304_active|rotating|1350565379|8193|8193
1785985955307|1021|mixed_30min_warmup_r2f_00007_4194304_terminal|fixed|1346371075|8193|8193
1785985955307|1021|mixed_30min_warmup_r2f_00007_4194304_terminal|rotating|1346371075|8193|8193
1785985955612|1022|mixed_30min_warmup_r2f_00008_1048576_active|fixed|1346362883|8193|8193
1785985955612|1022|mixed_30min_warmup_r2f_00008_1048576_active|rotating|1346371075|8193|8193
1785985957003|1022|mixed_30min_warmup_r2f_00008_1048576_terminal|fixed|1350565379|8193|8193
1785985957003|1022|mixed_30min_warmup_r2f_00008_1048576_terminal|rotating|1346371075|8193|8193
1785985957309|1023|mixed_30min_warmup_r2f_00009_1048576_active|fixed|1350557187|8193|8193
1785985957309|1023|mixed_30min_warmup_r2f_00009_1048576_active|rotating|1350565379|8193|8193
1785985958670|1023|mixed_30min_warmup_r2f_00009_1048576_terminal|fixed|1346371075|8193|8193
1785985958670|1023|mixed_30min_warmup_r2f_00009_1048576_terminal|rotating|1350565379|8193|8193
1785985959053|1024|mixed_30min_warmup_r2f_00010_1048576_active|fixed|1350557187|8193|8193
1785985959053|1024|mixed_30min_warmup_r2f_00010_1048576_active|rotating|1346371075|8193|8193
1785985960457|1024|mixed_30min_warmup_r2f_00010_1048576_terminal|fixed|1346371075|8193|8193
1785985960457|1024|mixed_30min_warmup_r2f_00010_1048576_terminal|rotating|1350565379|8193|8193
1785985960757|1025|mixed_30min_warmup_r2f_00011_1048576_active|fixed|1346362883|8193|8193
1785985960757|1025|mixed_30min_warmup_r2f_00011_1048576_active|rotating|1346371075|8193|8193
1785985962142|1025|mixed_30min_warmup_r2f_00011_1048576_terminal|fixed|1350565379|8193|8193
1785985962142|1025|mixed_30min_warmup_r2f_00011_1048576_terminal|rotating|1346371075|8193|8193
1785985962429|1026|mixed_30min_warmup_r2f_00012_1048576_active|fixed|1346362883|8193|8193
1785985962429|1026|mixed_30min_warmup_r2f_00012_1048576_active|rotating|1346371075|8193|8193
1785985963816|1026|mixed_30min_warmup_r2f_00012_1048576_terminal|fixed|1350565379|8193|8193
1785985963816|1026|mixed_30min_warmup_r2f_00012_1048576_terminal|rotating|1350565379|8193|8193
1785985969670|1027|mixed_30min_half_f2r_00000_4194304_active|fixed|1350565379|8193|8193
1785985969670|1027|mixed_30min_half_f2r_00000_4194304_active|rotating|1350557187|8193|8193
1785985973792|1027|mixed_30min_half_f2r_00000_4194304_terminal|fixed|1346371075|8193|8193
1785985973792|1027|mixed_30min_half_f2r_00000_4194304_terminal|rotating|1346371075|8193|8193
1785985974128|1028|mixed_30min_half_f2r_00001_16777216_active|fixed|1346371075|8193|8193
1785985974128|1028|mixed_30min_half_f2r_00001_16777216_active|rotating|1346362883|8193|8193
1785985979241|1028|mixed_30min_half_f2r_00001_16777216|fixed|1346371074|8193|8193
1785985979241|1028|mixed_30min_half_f2r_00001_16777216|rotating|1346362883|8193|8193
1785985984258|1028|mixed_30min_half_f2r_00001_16777216|fixed|1350565378|8193|8193
1785985984258|1028|mixed_30min_half_f2r_00001_16777216|rotating|1350557187|8193|8193
1785985989026|1028|mixed_30min_half_f2r_00001_16777216_terminal|fixed|1350565379|8193|8193
1785985989026|1028|mixed_30min_half_f2r_00001_16777216_terminal|rotating|1350565379|8193|8193
1785985989352|1029|mixed_30min_half_f2r_00002_67108864_active|fixed|1346371075|8193|8193
1785985989352|1029|mixed_30min_half_f2r_00002_67108864_active|rotating|1346362883|8193|8193
1785985994499|1029|mixed_30min_half_f2r_00002_67108864|fixed|1346371074|8193|8193
1785985994499|1029|mixed_30min_half_f2r_00002_67108864|rotating|1346362883|8193|8193
1785985999478|1029|mixed_30min_half_f2r_00002_67108864|fixed|1350565378|8193|8193
1785985999478|1029|mixed_30min_half_f2r_00002_67108864|rotating|1346362883|8193|8193
1785986004582|1029|mixed_30min_half_f2r_00002_67108864|fixed|1346371074|8193|8193
1785986004582|1029|mixed_30min_half_f2r_00002_67108864|rotating|1350557187|8193|8193
1785986009607|1029|mixed_30min_half_f2r_00002_67108864|fixed|1350565378|8193|8193
1785986009607|1029|mixed_30min_half_f2r_00002_67108864|rotating|1350557187|8193|8193
1785986014578|1029|mixed_30min_half_f2r_00002_67108864|fixed|1346371074|8193|8193
1785986014578|1029|mixed_30min_half_f2r_00002_67108864|rotating|1350557187|8193|8193
1785986019589|1029|mixed_30min_half_f2r_00002_67108864|fixed|1350565378|8193|8193
1785986019589|1029|mixed_30min_half_f2r_00002_67108864|rotating|1350557187|8193|8193
1785986024548|1029|mixed_30min_half_f2r_00002_67108864|fixed|1346371074|8193|8193
1785986024548|1029|mixed_30min_half_f2r_00002_67108864|rotating|1346362883|8193|8193
1785986029556|1029|mixed_30min_half_f2r_00002_67108864|fixed|1350565378|8193|8193
1785986029556|1029|mixed_30min_half_f2r_00002_67108864|rotating|1346362883|8193|8193
1785986034577|1029|mixed_30min_half_f2r_00002_67108864|fixed|1350565378|8193|8193
1785986034577|1029|mixed_30min_half_f2r_00002_67108864|rotating|1350557187|8193|8193
1785986039579|1029|mixed_30min_half_f2r_00002_67108864|fixed|1346371074|8193|8193
1785986039579|1029|mixed_30min_half_f2r_00002_67108864|rotating|1346362883|8193|8193
1785986044607|1029|mixed_30min_half_f2r_00002_67108864|fixed|1346371074|8193|8193
1785986044607|1029|mixed_30min_half_f2r_00002_67108864|rotating|1346362883|8193|8193
1785986047488|1029|mixed_30min_half_f2r_00002_67108864_terminal|fixed|1350565379|8193|8193
1785986047488|1029|mixed_30min_half_f2r_00002_67108864_terminal|rotating|1350565379|8193|8193
1785986047805|1030|mixed_30min_half_f2r_00003_4194304_active|fixed|1350565379|8193|8193
1785986047805|1030|mixed_30min_half_f2r_00003_4194304_active|rotating|1346362883|8193|8193
1785986051900|1030|mixed_30min_half_f2r_00003_4194304_terminal|fixed|1346371075|8193|8193
1785986051900|1030|mixed_30min_half_f2r_00003_4194304_terminal|rotating|1346371075|8193|8193
1785986052221|1031|mixed_30min_half_f2r_00004_16777216_active|fixed|1346371075|8193|8193
1785986052221|1031|mixed_30min_half_f2r_00004_16777216_active|rotating|1350557187|8193|8193
1785986057350|1031|mixed_30min_half_f2r_00004_16777216|fixed|1346371074|8193|8193
1785986057350|1031|mixed_30min_half_f2r_00004_16777216|rotating|1350557187|8193|8193
1785986062332|1031|mixed_30min_half_f2r_00004_16777216|fixed|1346371074|8193|8193
1785986062332|1031|mixed_30min_half_f2r_00004_16777216|rotating|1350557187|8193|8193
1785986067110|1031|mixed_30min_half_f2r_00004_16777216_terminal|fixed|1346371075|8193|8193
1785986067110|1031|mixed_30min_half_f2r_00004_16777216_terminal|rotating|1350565379|8193|8193
1785986067437|1032|mixed_30min_half_f2r_00005_67108864_active|fixed|1350565379|8193|8193
1785986067437|1032|mixed_30min_half_f2r_00005_67108864_active|rotating|1346362883|8193|8193
1785986072547|1032|mixed_30min_half_f2r_00005_67108864|fixed|1346371074|8193|8193
1785986072547|1032|mixed_30min_half_f2r_00005_67108864|rotating|1350557187|8193|8193
1785986077726|1032|mixed_30min_half_f2r_00005_67108864|fixed|1350565378|8193|8193
1785986077726|1032|mixed_30min_half_f2r_00005_67108864|rotating|1346362883|8193|8193
1785986082621|1032|mixed_30min_half_f2r_00005_67108864|fixed|1346371074|8193|8193
1785986082621|1032|mixed_30min_half_f2r_00005_67108864|rotating|1346362883|8193|8193
1785986087613|1032|mixed_30min_half_f2r_00005_67108864|fixed|1350565378|8193|8193
1785986087613|1032|mixed_30min_half_f2r_00005_67108864|rotating|1346362883|8193|8193
1785986092622|1032|mixed_30min_half_f2r_00005_67108864|fixed|1346371074|8193|8193
1785986092622|1032|mixed_30min_half_f2r_00005_67108864|rotating|1350557187|8193|8193
1785986097638|1032|mixed_30min_half_f2r_00005_67108864|fixed|1346371074|8193|8193
1785986097638|1032|mixed_30min_half_f2r_00005_67108864|rotating|1350557187|8193|8193
1785986102650|1032|mixed_30min_half_f2r_00005_67108864|fixed|1346371074|8193|8193
1785986102650|1032|mixed_30min_half_f2r_00005_67108864|rotating|1346362883|8193|8193
1785986107694|1032|mixed_30min_half_f2r_00005_67108864|fixed|1346371074|8193|8193
1785986107694|1032|mixed_30min_half_f2r_00005_67108864|rotating|1350557187|8193|8193
1785986112678|1032|mixed_30min_half_f2r_00005_67108864|fixed|1346371074|8193|8193
1785986112678|1032|mixed_30min_half_f2r_00005_67108864|rotating|1350557187|8193|8193
1785986117683|1032|mixed_30min_half_f2r_00005_67108864|fixed|1346371074|8193|8193
1785986117683|1032|mixed_30min_half_f2r_00005_67108864|rotating|1350557187|8193|8193
1785986122759|1032|mixed_30min_half_f2r_00005_67108864|fixed|1350565378|8193|8193
1785986122759|1032|mixed_30min_half_f2r_00005_67108864|rotating|1346362883|8193|8193
1785986125579|1032|mixed_30min_half_f2r_00005_67108864_terminal|fixed|1350565379|8193|8193
1785986125579|1032|mixed_30min_half_f2r_00005_67108864_terminal|rotating|1346371075|8193|8193
1785986125899|1033|mixed_30min_half_f2r_00006_4194304_active|fixed|1346371075|8193|8193
1785986125899|1033|mixed_30min_half_f2r_00006_4194304_active|rotating|1350557187|8193|8193
1785986129978|1033|mixed_30min_half_f2r_00006_4194304_terminal|fixed|1350565379|8193|8193
1785986129978|1033|mixed_30min_half_f2r_00006_4194304_terminal|rotating|1350565379|8193|8193
1785986130268|1034|mixed_30min_half_f2r_00007_16777216_active|fixed|1346371075|8193|8193
1785986130268|1034|mixed_30min_half_f2r_00007_16777216_active|rotating|1346362883|8193|8193
1785986135392|1034|mixed_30min_half_f2r_00007_16777216|fixed|1350565378|8193|8193
1785986135392|1034|mixed_30min_half_f2r_00007_16777216|rotating|1346362883|8193|8193
1785986140390|1034|mixed_30min_half_f2r_00007_16777216|fixed|1346371074|8193|8193
1785986140390|1034|mixed_30min_half_f2r_00007_16777216|rotating|1350557187|8193|8193
1785986145238|1034|mixed_30min_half_f2r_00007_16777216_terminal|fixed|1350565379|8193|8193
1785986145238|1034|mixed_30min_half_f2r_00007_16777216_terminal|rotating|1346371075|8193|8193
1785986145674|1035|mixed_30min_half_f2r_00008_67108864_active|fixed|1346371075|8193|8193
1785986145674|1035|mixed_30min_half_f2r_00008_67108864_active|rotating|1350557187|8193|8193
1785986150774|1035|mixed_30min_half_f2r_00008_67108864|fixed|1350565378|8193|8193
1785986150774|1035|mixed_30min_half_f2r_00008_67108864|rotating|1346362883|8193|8193
1785986155796|1035|mixed_30min_half_f2r_00008_67108864|fixed|1350565378|8193|8193
1785986155796|1035|mixed_30min_half_f2r_00008_67108864|rotating|1346362883|8193|8193
1785986160883|1035|mixed_30min_half_f2r_00008_67108864|fixed|1350565378|8193|8193
1785986160883|1035|mixed_30min_half_f2r_00008_67108864|rotating|1350557187|8193|8193
1785986165816|1035|mixed_30min_half_f2r_00008_67108864|fixed|1346371074|8193|8193
1785986165816|1035|mixed_30min_half_f2r_00008_67108864|rotating|1346362883|8193|8193
1785986170830|1035|mixed_30min_half_f2r_00008_67108864|fixed|1346371074|8193|8193
1785986170830|1035|mixed_30min_half_f2r_00008_67108864|rotating|1350557187|8193|8193
1785986175805|1035|mixed_30min_half_f2r_00008_67108864|fixed|1350565378|8193|8193
1785986175805|1035|mixed_30min_half_f2r_00008_67108864|rotating|1350557187|8193|8193
1785986180869|1035|mixed_30min_half_f2r_00008_67108864|fixed|1350565378|8193|8193
1785986180869|1035|mixed_30min_half_f2r_00008_67108864|rotating|1346362883|8193|8193
1785986185813|1035|mixed_30min_half_f2r_00008_67108864|fixed|1350565378|8193|8193
1785986185813|1035|mixed_30min_half_f2r_00008_67108864|rotating|1350557187|8193|8193
1785986190812|1035|mixed_30min_half_f2r_00008_67108864|fixed|1346371074|8193|8193
1785986190812|1035|mixed_30min_half_f2r_00008_67108864|rotating|1346362883|8193|8193
1785986195814|1035|mixed_30min_half_f2r_00008_67108864|fixed|1346371074|8193|8193
1785986195814|1035|mixed_30min_half_f2r_00008_67108864|rotating|1350557187|8193|8193
1785986200871|1035|mixed_30min_half_f2r_00008_67108864|fixed|1346371074|8193|8193
1785986200871|1035|mixed_30min_half_f2r_00008_67108864|rotating|1350557187|8193|8193
1785986203796|1035|mixed_30min_half_f2r_00008_67108864_terminal|fixed|1346371075|8193|8193
1785986203796|1035|mixed_30min_half_f2r_00008_67108864_terminal|rotating|1346371075|8193|8193
1785986204136|1036|mixed_30min_half_f2r_00009_4194304_active|fixed|1346371075|8193|8193
1785986204136|1036|mixed_30min_half_f2r_00009_4194304_active|rotating|1346362883|8193|8193
1785986208224|1036|mixed_30min_half_f2r_00009_4194304_terminal|fixed|1346371075|8193|8193
1785986208224|1036|mixed_30min_half_f2r_00009_4194304_terminal|rotating|1346371075|8193|8193
1785986208548|1037|mixed_30min_half_f2r_00010_16777216_active|fixed|1346371075|8193|8193
1785986208548|1037|mixed_30min_half_f2r_00010_16777216_active|rotating|1346362883|8193|8193
1785986213694|1037|mixed_30min_half_f2r_00010_16777216|fixed|1350565378|8193|8193
1785986213694|1037|mixed_30min_half_f2r_00010_16777216|rotating|1346362883|8193|8193
1785986218664|1037|mixed_30min_half_f2r_00010_16777216|fixed|1350565378|8193|8193
1785986218664|1037|mixed_30min_half_f2r_00010_16777216|rotating|1346362883|8193|8193
1785986223429|1037|mixed_30min_half_f2r_00010_16777216_terminal|fixed|1350565379|8193|8193
1785986223429|1037|mixed_30min_half_f2r_00010_16777216_terminal|rotating|1350565379|8193|8193
1785986223754|1038|mixed_30min_half_f2r_00011_67108864_active|fixed|1346371075|8193|8193
1785986223754|1038|mixed_30min_half_f2r_00011_67108864_active|rotating|1346362883|8193|8193
1785986228872|1038|mixed_30min_half_f2r_00011_67108864|fixed|1350565378|8193|8193
1785986228872|1038|mixed_30min_half_f2r_00011_67108864|rotating|1350557187|8193|8193
1785986233942|1038|mixed_30min_half_f2r_00011_67108864|fixed|1346371074|8193|8193
1785986233942|1038|mixed_30min_half_f2r_00011_67108864|rotating|1350557187|8193|8193
1785986238911|1038|mixed_30min_half_f2r_00011_67108864|fixed|1346371074|8193|8193
1785986238911|1038|mixed_30min_half_f2r_00011_67108864|rotating|1350557187|8193|8193
1785986243987|1038|mixed_30min_half_f2r_00011_67108864|fixed|1350565378|8193|8193
1785986243987|1038|mixed_30min_half_f2r_00011_67108864|rotating|1350557187|8193|8193
1785986248962|1038|mixed_30min_half_f2r_00011_67108864|fixed|1350565378|8193|8193
1785986248962|1038|mixed_30min_half_f2r_00011_67108864|rotating|1346362883|8193|8193
1785986253966|1038|mixed_30min_half_f2r_00011_67108864|fixed|1350565378|8193|8193
1785986253966|1038|mixed_30min_half_f2r_00011_67108864|rotating|1350557187|8193|8193
1785986258977|1038|mixed_30min_half_f2r_00011_67108864|fixed|1346371074|8193|8193
1785986258977|1038|mixed_30min_half_f2r_00011_67108864|rotating|1350557187|8193|8193
1785986263994|1038|mixed_30min_half_f2r_00011_67108864|fixed|1350565378|8193|8193
1785986263994|1038|mixed_30min_half_f2r_00011_67108864|rotating|1346362883|8193|8193
1785986268993|1038|mixed_30min_half_f2r_00011_67108864|fixed|1350565378|8193|8193
1785986268993|1038|mixed_30min_half_f2r_00011_67108864|rotating|1350557187|8193|8193
1785986274048|1038|mixed_30min_half_f2r_00011_67108864|fixed|1346371074|8193|8193
1785986274048|1038|mixed_30min_half_f2r_00011_67108864|rotating|1346362883|8193|8193
1785986279026|1038|mixed_30min_half_f2r_00011_67108864|fixed|1346371074|8193|8193
1785986279026|1038|mixed_30min_half_f2r_00011_67108864|rotating|1346362883|8193|8193
1785986281867|1038|mixed_30min_half_f2r_00011_67108864_terminal|fixed|1346371075|8193|8193
1785986281867|1038|mixed_30min_half_f2r_00011_67108864_terminal|rotating|1346371075|8193|8193
1785986282260|1039|mixed_30min_half_f2r_00012_4194304_active|fixed|1350565379|8193|8193
1785986282260|1039|mixed_30min_half_f2r_00012_4194304_active|rotating|1346362883|8193|8193
1785986286344|1039|mixed_30min_half_f2r_00012_4194304_terminal|fixed|1346371075|8193|8193
1785986286344|1039|mixed_30min_half_f2r_00012_4194304_terminal|rotating|1346371075|8193|8193
1785986286637|1040|mixed_30min_half_f2r_00013_16777216_active|fixed|1346371075|8193|8193
1785986286637|1040|mixed_30min_half_f2r_00013_16777216_active|rotating|1346362883|8193|8193
1785986291779|1040|mixed_30min_half_f2r_00013_16777216|fixed|1346371074|8193|8193
1785986291779|1040|mixed_30min_half_f2r_00013_16777216|rotating|1350557187|8193|8193
1785986296764|1040|mixed_30min_half_f2r_00013_16777216|fixed|1346371074|8193|8193
1785986296764|1040|mixed_30min_half_f2r_00013_16777216|rotating|1346362883|8193|8193
1785986301571|1040|mixed_30min_half_f2r_00013_16777216_terminal|fixed|1346371075|8193|8193
1785986301571|1040|mixed_30min_half_f2r_00013_16777216_terminal|rotating|1346371075|8193|8193
1785986301886|1041|mixed_30min_half_f2r_00014_16777216_active|fixed|1350565379|8193|8193
1785986301886|1041|mixed_30min_half_f2r_00014_16777216_active|rotating|1350557187|8193|8193
1785986306981|1041|mixed_30min_half_f2r_00014_16777216|fixed|1350565378|8193|8193
1785986306981|1041|mixed_30min_half_f2r_00014_16777216|rotating|1350557187|8193|8193
1785986311996|1041|mixed_30min_half_f2r_00014_16777216|fixed|1346371074|8193|8193
1785986311996|1041|mixed_30min_half_f2r_00014_16777216|rotating|1346362883|8193|8193
1785986316747|1041|mixed_30min_half_f2r_00014_16777216_terminal|fixed|1346371075|8193|8193
1785986316747|1041|mixed_30min_half_f2r_00014_16777216_terminal|rotating|1346371075|8193|8193
1785986317089|1042|mixed_30min_half_f2r_00015_4194304_active|fixed|1346371075|8193|8193
1785986317089|1042|mixed_30min_half_f2r_00015_4194304_active|rotating|1346362883|8193|8193
1785986321214|1042|mixed_30min_half_f2r_00015_4194304_terminal|fixed|1346371075|8193|8193
1785986321214|1042|mixed_30min_half_f2r_00015_4194304_terminal|rotating|1350565379|8193|8193
1785986321520|1043|mixed_30min_half_f2r_00016_16777216_active|fixed|1350565379|8193|8193
1785986321520|1043|mixed_30min_half_f2r_00016_16777216_active|rotating|1350557187|8193|8193
1785986326673|1043|mixed_30min_half_f2r_00016_16777216|fixed|1346371074|8193|8193
1785986326673|1043|mixed_30min_half_f2r_00016_16777216|rotating|1346362883|8193|8193
1785986331629|1043|mixed_30min_half_f2r_00016_16777216|fixed|1350565378|8193|8193
1785986331629|1043|mixed_30min_half_f2r_00016_16777216|rotating|1346362883|8193|8193
1785986336392|1043|mixed_30min_half_f2r_00016_16777216_terminal|fixed|1346371075|8193|8193
1785986336392|1043|mixed_30min_half_f2r_00016_16777216_terminal|rotating|1350565379|8193|8193
1785986336709|1044|mixed_30min_half_f2r_00017_16777216_active|fixed|1350565379|8193|8193
1785986336709|1044|mixed_30min_half_f2r_00017_16777216_active|rotating|1346362883|8193|8193
1785986341836|1044|mixed_30min_half_f2r_00017_16777216|fixed|1350565378|8193|8193
1785986341836|1044|mixed_30min_half_f2r_00017_16777216|rotating|1350557187|8193|8193
1785986346855|1044|mixed_30min_half_f2r_00017_16777216|fixed|1350565378|8193|8193
1785986346855|1044|mixed_30min_half_f2r_00017_16777216|rotating|1346362883|8193|8193
1785986351648|1044|mixed_30min_half_f2r_00017_16777216_terminal|fixed|1346371075|8193|8193
1785986351648|1044|mixed_30min_half_f2r_00017_16777216_terminal|rotating|1350565379|8193|8193
1785986352000|1045|mixed_30min_half_f2r_00018_4194304_active|fixed|1346371075|8193|8193
1785986352000|1045|mixed_30min_half_f2r_00018_4194304_active|rotating|1350557187|8193|8193
1785986356072|1045|mixed_30min_half_f2r_00018_4194304_terminal|fixed|1346371075|8193|8193
1785986356072|1045|mixed_30min_half_f2r_00018_4194304_terminal|rotating|1350565379|8193|8193
1785986356397|1046|mixed_30min_half_f2r_00019_4194304_active|fixed|1350565379|8193|8193
1785986356397|1046|mixed_30min_half_f2r_00019_4194304_active|rotating|1346362883|8193|8193
1785986360480|1046|mixed_30min_half_f2r_00019_4194304_terminal|fixed|1346371075|8193|8193
1785986360480|1046|mixed_30min_half_f2r_00019_4194304_terminal|rotating|1350565379|8193|8193
1785986360832|1047|mixed_30min_half_f2r_00020_4194304_active|fixed|1346371075|8193|8193
1785986360832|1047|mixed_30min_half_f2r_00020_4194304_active|rotating|1350557187|8193|8193
1785986364922|1047|mixed_30min_half_f2r_00020_4194304_terminal|fixed|1346371075|8193|8193
1785986364922|1047|mixed_30min_half_f2r_00020_4194304_terminal|rotating|1350565379|8193|8193
1785986365214|1048|mixed_30min_half_f2r_00021_4194304_active|fixed|1350565379|8193|8193
1785986365214|1048|mixed_30min_half_f2r_00021_4194304_active|rotating|1346362883|8193|8193
1785986369269|1048|mixed_30min_half_f2r_00021_4194304_terminal|fixed|1346371075|8193|8193
1785986369269|1048|mixed_30min_half_f2r_00021_4194304_terminal|rotating|1346371075|8193|8193
1785986369553|1049|mixed_30min_half_f2r_00022_4194304_active|fixed|1346371075|8193|8193
1785986369553|1049|mixed_30min_half_f2r_00022_4194304_active|rotating|1350557187|8193|8193
1785986373622|1049|mixed_30min_half_f2r_00022_4194304_terminal|fixed|1346371075|8193|8193
1785986373622|1049|mixed_30min_half_f2r_00022_4194304_terminal|rotating|1350565379|8193|8193
1785986373902|1050|mixed_30min_half_f2r_00023_1048576_active|fixed|1346371075|8193|8193
1785986373902|1050|mixed_30min_half_f2r_00023_1048576_active|rotating|1350557187|8193|8193
1785986375320|1050|mixed_30min_half_f2r_00023_1048576_terminal|fixed|1350565379|8193|8193
1785986375320|1050|mixed_30min_half_f2r_00023_1048576_terminal|rotating|1350565379|8193|8193
1785986375647|1051|mixed_30min_half_f2r_00024_1048576_active|fixed|1350565379|8193|8193
1785986375647|1051|mixed_30min_half_f2r_00024_1048576_active|rotating|1346362883|8193|8193
1785986377020|1051|mixed_30min_half_f2r_00024_1048576_terminal|fixed|1350565379|8193|8193
1785986377020|1051|mixed_30min_half_f2r_00024_1048576_terminal|rotating|1346371075|8193|8193
1785986377364|1052|mixed_30min_half_f2r_00025_1048576_active|fixed|1350565379|8193|8193
1785986377364|1052|mixed_30min_half_f2r_00025_1048576_active|rotating|1350557187|8193|8193
1785986378814|1052|mixed_30min_half_f2r_00025_1048576_terminal|fixed|1346371075|8193|8193
1785986378814|1052|mixed_30min_half_f2r_00025_1048576_terminal|rotating|1350565379|8193|8193
1785986379121|1053|mixed_30min_half_f2r_00026_1048576_active|fixed|1346371075|8193|8193
1785986379121|1053|mixed_30min_half_f2r_00026_1048576_active|rotating|1350557187|8193|8193
1785986380507|1053|mixed_30min_half_f2r_00026_1048576_terminal|fixed|1346371075|8193|8193
1785986380507|1053|mixed_30min_half_f2r_00026_1048576_terminal|rotating|1350565379|8193|8193
1785986380808|1054|mixed_30min_half_f2r_00027_1048576_active|fixed|1350565379|8193|8193
1785986380808|1054|mixed_30min_half_f2r_00027_1048576_active|rotating|1350557187|8193|8193
1785986382165|1054|mixed_30min_half_f2r_00027_1048576_terminal|fixed|1346371075|8193|8193
1785986382165|1054|mixed_30min_half_f2r_00027_1048576_terminal|rotating|1346371075|8193|8193
1785986382455|1055|mixed_30min_half_f2r_00028_1048576_active|fixed|1346371075|8193|8193
1785986382455|1055|mixed_30min_half_f2r_00028_1048576_active|rotating|1350557187|8193|8193
1785986383829|1055|mixed_30min_half_f2r_00028_1048576_terminal|fixed|1350565379|8193|8193
1785986383829|1055|mixed_30min_half_f2r_00028_1048576_terminal|rotating|1346371075|8193|8193
1785986389650|1056|mixed_30min_half_r2f_00000_4194304_active|fixed|1346362883|8193|8193
1785986389650|1056|mixed_30min_half_r2f_00000_4194304_active|rotating|1350565379|8193|8193
1785986393759|1056|mixed_30min_half_r2f_00000_4194304_terminal|fixed|1350565379|8193|8193
1785986393759|1056|mixed_30min_half_r2f_00000_4194304_terminal|rotating|1350565379|8193|8193
1785986394062|1057|mixed_30min_half_r2f_00001_16777216_active|fixed|1350557187|8193|8193
1785986394062|1057|mixed_30min_half_r2f_00001_16777216_active|rotating|1350565379|8193|8193
1785986399188|1057|mixed_30min_half_r2f_00001_16777216|fixed|1350557187|8193|8193
1785986399188|1057|mixed_30min_half_r2f_00001_16777216|rotating|1350565378|8193|8193
1785986404190|1057|mixed_30min_half_r2f_00001_16777216|fixed|1350557187|8193|8193
1785986404190|1057|mixed_30min_half_r2f_00001_16777216|rotating|1350565378|8193|8193
1785986408978|1057|mixed_30min_half_r2f_00001_16777216_terminal|fixed|1350565379|8193|8193
1785986408978|1057|mixed_30min_half_r2f_00001_16777216_terminal|rotating|1350565379|8193|8193
1785986409296|1058|mixed_30min_half_r2f_00002_67108864_active|fixed|1350557187|8193|8193
1785986409296|1058|mixed_30min_half_r2f_00002_67108864_active|rotating|1350565379|8193|8193
1785986414417|1058|mixed_30min_half_r2f_00002_67108864|fixed|1350557187|8193|8193
1785986414417|1058|mixed_30min_half_r2f_00002_67108864|rotating|1346371074|8193|8193
1785986419408|1058|mixed_30min_half_r2f_00002_67108864|fixed|1346362883|8193|8193
1785986419408|1058|mixed_30min_half_r2f_00002_67108864|rotating|1350565378|8193|8193
1785986424429|1058|mixed_30min_half_r2f_00002_67108864|fixed|1350557187|8193|8193
1785986424429|1058|mixed_30min_half_r2f_00002_67108864|rotating|1350565378|8193|8193
1785986429430|1058|mixed_30min_half_r2f_00002_67108864|fixed|1346362883|8193|8193
1785986429430|1058|mixed_30min_half_r2f_00002_67108864|rotating|1350565378|8193|8193
1785986434449|1058|mixed_30min_half_r2f_00002_67108864|fixed|1350557187|8193|8193
1785986434449|1058|mixed_30min_half_r2f_00002_67108864|rotating|1350565378|8193|8193
1785986439509|1058|mixed_30min_half_r2f_00002_67108864|fixed|1346362883|8193|8193
1785986439509|1058|mixed_30min_half_r2f_00002_67108864|rotating|1350565378|8193|8193
1785986444546|1058|mixed_30min_half_r2f_00002_67108864|fixed|1346362883|8193|8193
1785986444546|1058|mixed_30min_half_r2f_00002_67108864|rotating|1346371074|8193|8193
1785986449475|1058|mixed_30min_half_r2f_00002_67108864|fixed|1350557187|8193|8193
1785986449475|1058|mixed_30min_half_r2f_00002_67108864|rotating|1350565378|8193|8193
1785986454445|1058|mixed_30min_half_r2f_00002_67108864|fixed|1346362883|8193|8193
1785986454445|1058|mixed_30min_half_r2f_00002_67108864|rotating|1350565378|8193|8193
1785986459447|1058|mixed_30min_half_r2f_00002_67108864|fixed|1346362883|8193|8193
1785986459447|1058|mixed_30min_half_r2f_00002_67108864|rotating|1346371074|8193|8193
1785986464482|1058|mixed_30min_half_r2f_00002_67108864|fixed|1350557187|8193|8193
1785986464482|1058|mixed_30min_half_r2f_00002_67108864|rotating|1350565378|8193|8193
1785986467417|1058|mixed_30min_half_r2f_00002_67108864_terminal|fixed|1350565379|8193|8193
1785986467417|1058|mixed_30min_half_r2f_00002_67108864_terminal|rotating|1350565379|8193|8193
1785986467718|1059|mixed_30min_half_r2f_00003_4194304_active|fixed|1346362883|8193|8193
1785986467718|1059|mixed_30min_half_r2f_00003_4194304_active|rotating|1346371075|8193|8193
1785986471820|1059|mixed_30min_half_r2f_00003_4194304_terminal|fixed|1350565379|8193|8193
1785986471820|1059|mixed_30min_half_r2f_00003_4194304_terminal|rotating|1346371075|8193|8193
1785986472125|1060|mixed_30min_half_r2f_00004_16777216_active|fixed|1350557187|8193|8193
1785986472125|1060|mixed_30min_half_r2f_00004_16777216_active|rotating|1350565379|8193|8193
1785986477246|1060|mixed_30min_half_r2f_00004_16777216|fixed|1346362883|8193|8193
1785986477246|1060|mixed_30min_half_r2f_00004_16777216|rotating|1350565378|8193|8193
1785986482248|1060|mixed_30min_half_r2f_00004_16777216|fixed|1346362883|8193|8193
1785986482248|1060|mixed_30min_half_r2f_00004_16777216|rotating|1346371074|8193|8193
1785986487085|1060|mixed_30min_half_r2f_00004_16777216_terminal|fixed|1350565379|8193|8193
1785986487085|1060|mixed_30min_half_r2f_00004_16777216_terminal|rotating|1350565379|8193|8193
1785986487404|1061|mixed_30min_half_r2f_00005_67108864_active|fixed|1346362883|8193|8193
1785986487404|1061|mixed_30min_half_r2f_00005_67108864_active|rotating|1346371075|8193|8193
1785986492507|1061|mixed_30min_half_r2f_00005_67108864|fixed|1346362883|8193|8193
1785986492507|1061|mixed_30min_half_r2f_00005_67108864|rotating|1346371074|8193|8193
1785986497531|1061|mixed_30min_half_r2f_00005_67108864|fixed|1346362883|8193|8193
1785986497531|1061|mixed_30min_half_r2f_00005_67108864|rotating|1346371074|8193|8193
1785986502534|1061|mixed_30min_half_r2f_00005_67108864|fixed|1350557187|8193|8193
1785986502534|1061|mixed_30min_half_r2f_00005_67108864|rotating|1346371074|8193|8193
1785986507573|1061|mixed_30min_half_r2f_00005_67108864|fixed|1346362883|8193|8193
1785986507573|1061|mixed_30min_half_r2f_00005_67108864|rotating|1346371074|8193|8193
1785986512554|1061|mixed_30min_half_r2f_00005_67108864|fixed|1350557187|8193|8193
1785986512554|1061|mixed_30min_half_r2f_00005_67108864|rotating|1350565378|8193|8193
1785986517566|1061|mixed_30min_half_r2f_00005_67108864|fixed|1350557187|8193|8193
1785986517566|1061|mixed_30min_half_r2f_00005_67108864|rotating|1350565378|8193|8193
1785986522573|1061|mixed_30min_half_r2f_00005_67108864|fixed|1346362883|8193|8193
1785986522573|1061|mixed_30min_half_r2f_00005_67108864|rotating|1346371074|8193|8193
1785986527568|1061|mixed_30min_half_r2f_00005_67108864|fixed|1350557187|8193|8193
1785986527568|1061|mixed_30min_half_r2f_00005_67108864|rotating|1346371074|8193|8193
1785986532584|1061|mixed_30min_half_r2f_00005_67108864|fixed|1346362883|8193|8193
1785986532584|1061|mixed_30min_half_r2f_00005_67108864|rotating|1346371074|8193|8193
1785986537596|1061|mixed_30min_half_r2f_00005_67108864|fixed|1346362883|8193|8193
1785986537596|1061|mixed_30min_half_r2f_00005_67108864|rotating|1346371074|8193|8193
1785986542735|1061|mixed_30min_half_r2f_00005_67108864|fixed|1346362883|8193|8193
1785986542735|1061|mixed_30min_half_r2f_00005_67108864|rotating|1346371074|8193|8193
1785986545763|1061|mixed_30min_half_r2f_00005_67108864_terminal|fixed|1346371075|8193|8193
1785986545763|1061|mixed_30min_half_r2f_00005_67108864_terminal|rotating|1346371075|8193|8193
1785986546211|1062|mixed_30min_half_r2f_00006_4194304_active|fixed|1346362883|8193|8193
1785986546211|1062|mixed_30min_half_r2f_00006_4194304_active|rotating|1350565379|8193|8193
1785986550345|1062|mixed_30min_half_r2f_00006_4194304_terminal|fixed|1350565379|8193|8193
1785986550345|1062|mixed_30min_half_r2f_00006_4194304_terminal|rotating|1346371075|8193|8193
1785986550750|1063|mixed_30min_half_r2f_00007_16777216_active|fixed|1350557187|8193|8193
1785986550750|1063|mixed_30min_half_r2f_00007_16777216_active|rotating|1350565379|8193|8193
1785986555863|1063|mixed_30min_half_r2f_00007_16777216|fixed|1350557187|8193|8193
1785986555863|1063|mixed_30min_half_r2f_00007_16777216|rotating|1346371074|8193|8193
1785986560893|1063|mixed_30min_half_r2f_00007_16777216|fixed|1346362883|8193|8193
1785986560893|1063|mixed_30min_half_r2f_00007_16777216|rotating|1346371074|8193|8193
1785986565652|1063|mixed_30min_half_r2f_00007_16777216_terminal|fixed|1346371075|8193|8193
1785986565652|1063|mixed_30min_half_r2f_00007_16777216_terminal|rotating|1350565379|8193|8193
1785986565971|1064|mixed_30min_half_r2f_00008_67108864_active|fixed|1350557187|8193|8193
1785986565971|1064|mixed_30min_half_r2f_00008_67108864_active|rotating|1350565379|8193|8193
1785986571107|1064|mixed_30min_half_r2f_00008_67108864|fixed|1350557187|8193|8193
1785986571107|1064|mixed_30min_half_r2f_00008_67108864|rotating|1350565378|8193|8193
1785986576096|1064|mixed_30min_half_r2f_00008_67108864|fixed|1350557187|8193|8193
1785986576096|1064|mixed_30min_half_r2f_00008_67108864|rotating|1350565378|8193|8193
1785986581143|1064|mixed_30min_half_r2f_00008_67108864|fixed|1346362883|8193|8193
1785986581143|1064|mixed_30min_half_r2f_00008_67108864|rotating|1350565378|8193|8193
1785986586164|1064|mixed_30min_half_r2f_00008_67108864|fixed|1350557187|8193|8193
1785986586164|1064|mixed_30min_half_r2f_00008_67108864|rotating|1350565378|8193|8193
1785986591144|1064|mixed_30min_half_r2f_00008_67108864|fixed|1350557187|8193|8193
1785986591144|1064|mixed_30min_half_r2f_00008_67108864|rotating|1350565378|8193|8193
1785986596137|1064|mixed_30min_half_r2f_00008_67108864|fixed|1346362883|8193|8193
1785986596137|1064|mixed_30min_half_r2f_00008_67108864|rotating|1346371074|8193|8193
1785986601141|1064|mixed_30min_half_r2f_00008_67108864|fixed|1346362883|8193|8193
1785986601141|1064|mixed_30min_half_r2f_00008_67108864|rotating|1346371074|8193|8193
1785986606142|1064|mixed_30min_half_r2f_00008_67108864|fixed|1350557187|8193|8193
1785986606142|1064|mixed_30min_half_r2f_00008_67108864|rotating|1350565378|8193|8193
1785986611186|1064|mixed_30min_half_r2f_00008_67108864|fixed|1350557187|8193|8193
1785986611186|1064|mixed_30min_half_r2f_00008_67108864|rotating|1350565378|8193|8193
1785986616173|1064|mixed_30min_half_r2f_00008_67108864|fixed|1346362883|8193|8193
1785986616173|1064|mixed_30min_half_r2f_00008_67108864|rotating|1350565378|8193|8193
1785986621163|1064|mixed_30min_half_r2f_00008_67108864|fixed|1346362883|8193|8193
1785986621163|1064|mixed_30min_half_r2f_00008_67108864|rotating|1350565378|8193|8193
1785986624123|1064|mixed_30min_half_r2f_00008_67108864_terminal|fixed|1346371075|8193|8193
1785986624123|1064|mixed_30min_half_r2f_00008_67108864_terminal|rotating|1346371075|8193|8193
1785986624425|1065|mixed_30min_half_r2f_00009_4194304_active|fixed|1350557187|8193|8193
1785986624425|1065|mixed_30min_half_r2f_00009_4194304_active|rotating|1350565379|8193|8193
1785986628474|1065|mixed_30min_half_r2f_00009_4194304_terminal|fixed|1350565379|8193|8193
1785986628474|1065|mixed_30min_half_r2f_00009_4194304_terminal|rotating|1346371075|8193|8193
1785986628787|1066|mixed_30min_half_r2f_00010_16777216_active|fixed|1346362883|8193|8193
1785986628787|1066|mixed_30min_half_r2f_00010_16777216_active|rotating|1350565379|8193|8193
1785986633901|1066|mixed_30min_half_r2f_00010_16777216|fixed|1350557187|8193|8193
1785986633901|1066|mixed_30min_half_r2f_00010_16777216|rotating|1346371074|8193|8193
1785986638911|1066|mixed_30min_half_r2f_00010_16777216|fixed|1346362883|8193|8193
1785986638911|1066|mixed_30min_half_r2f_00010_16777216|rotating|1346371074|8193|8193
1785986643724|1066|mixed_30min_half_r2f_00010_16777216_terminal|fixed|1350565379|8193|8193
1785986643724|1066|mixed_30min_half_r2f_00010_16777216_terminal|rotating|1350565379|8193|8193
1785986644087|1067|mixed_30min_half_r2f_00011_67108864_active|fixed|1346362883|8193|8193
1785986644087|1067|mixed_30min_half_r2f_00011_67108864_active|rotating|1346371075|8193|8193
1785986649232|1067|mixed_30min_half_r2f_00011_67108864|fixed|1346362883|8193|8193
1785986649232|1067|mixed_30min_half_r2f_00011_67108864|rotating|1350565378|8193|8193
1785986654196|1067|mixed_30min_half_r2f_00011_67108864|fixed|1346362883|8193|8193
1785986654196|1067|mixed_30min_half_r2f_00011_67108864|rotating|1346371074|8193|8193
1785986659207|1067|mixed_30min_half_r2f_00011_67108864|fixed|1350557187|8193|8193
1785986659207|1067|mixed_30min_half_r2f_00011_67108864|rotating|1350565378|8193|8193
1785986664247|1067|mixed_30min_half_r2f_00011_67108864|fixed|1346362883|8193|8193
1785986664247|1067|mixed_30min_half_r2f_00011_67108864|rotating|1350565378|8193|8193
1785986669223|1067|mixed_30min_half_r2f_00011_67108864|fixed|1346362883|8193|8193
1785986669223|1067|mixed_30min_half_r2f_00011_67108864|rotating|1350565378|8193|8193
1785986674236|1067|mixed_30min_half_r2f_00011_67108864|fixed|1350557187|8193|8193
1785986674236|1067|mixed_30min_half_r2f_00011_67108864|rotating|1350565378|8193|8193
1785986679228|1067|mixed_30min_half_r2f_00011_67108864|fixed|1350557187|8193|8193
1785986679228|1067|mixed_30min_half_r2f_00011_67108864|rotating|1350565378|8193|8193
1785986684261|1067|mixed_30min_half_r2f_00011_67108864|fixed|1346362883|8193|8193
1785986684261|1067|mixed_30min_half_r2f_00011_67108864|rotating|1346371074|8193|8193
1785986689248|1067|mixed_30min_half_r2f_00011_67108864|fixed|1350557187|8193|8193
1785986689248|1067|mixed_30min_half_r2f_00011_67108864|rotating|1350565378|8193|8193
1785986694279|1067|mixed_30min_half_r2f_00011_67108864|fixed|1346362883|8193|8193
1785986694279|1067|mixed_30min_half_r2f_00011_67108864|rotating|1350565378|8193|8193
1785986699248|1067|mixed_30min_half_r2f_00011_67108864|fixed|1350557187|8193|8193
1785986699248|1067|mixed_30min_half_r2f_00011_67108864|rotating|1350565378|8193|8193
1785986702189|1067|mixed_30min_half_r2f_00011_67108864_terminal|fixed|1350565379|8193|8193
1785986702189|1067|mixed_30min_half_r2f_00011_67108864_terminal|rotating|1346371075|8193|8193
1785986702507|1068|mixed_30min_half_r2f_00012_4194304_active|fixed|1346362883|8193|8193
1785986702507|1068|mixed_30min_half_r2f_00012_4194304_active|rotating|1346371075|8193|8193
1785986706565|1068|mixed_30min_half_r2f_00012_4194304_terminal|fixed|1346371075|8193|8193
1785986706565|1068|mixed_30min_half_r2f_00012_4194304_terminal|rotating|1346371075|8193|8193
1785986706857|1069|mixed_30min_half_r2f_00013_16777216_active|fixed|1346362883|8193|8193
1785986706857|1069|mixed_30min_half_r2f_00013_16777216_active|rotating|1346371075|8193|8193
1785986711965|1069|mixed_30min_half_r2f_00013_16777216|fixed|1350557187|8193|8193
1785986711965|1069|mixed_30min_half_r2f_00013_16777216|rotating|1346371074|8193|8193
1785986716971|1069|mixed_30min_half_r2f_00013_16777216|fixed|1350557187|8193|8193
1785986716971|1069|mixed_30min_half_r2f_00013_16777216|rotating|1350565378|8193|8193
1785986721730|1069|mixed_30min_half_r2f_00013_16777216_terminal|fixed|1350565379|8193|8193
1785986721730|1069|mixed_30min_half_r2f_00013_16777216_terminal|rotating|1346371075|8193|8193
1785986722023|1070|mixed_30min_half_r2f_00014_16777216_active|fixed|1350557187|8193|8193
1785986722023|1070|mixed_30min_half_r2f_00014_16777216_active|rotating|1346371075|8193|8193
1785986727180|1070|mixed_30min_half_r2f_00014_16777216|fixed|1346362883|8193|8193
1785986727180|1070|mixed_30min_half_r2f_00014_16777216|rotating|1350565378|8193|8193
1785986732140|1070|mixed_30min_half_r2f_00014_16777216|fixed|1350557187|8193|8193
1785986732140|1070|mixed_30min_half_r2f_00014_16777216|rotating|1350565378|8193|8193
1785986736927|1070|mixed_30min_half_r2f_00014_16777216_terminal|fixed|1350565379|8193|8193
1785986736927|1070|mixed_30min_half_r2f_00014_16777216_terminal|rotating|1346371075|8193|8193
1785986737287|1071|mixed_30min_half_r2f_00015_4194304_active|fixed|1346362883|8193|8193
1785986737287|1071|mixed_30min_half_r2f_00015_4194304_active|rotating|1346371075|8193|8193
1785986741391|1071|mixed_30min_half_r2f_00015_4194304_terminal|fixed|1346371075|8193|8193
1785986741391|1071|mixed_30min_half_r2f_00015_4194304_terminal|rotating|1350565379|8193|8193
1785986741750|1072|mixed_30min_half_r2f_00016_16777216_active|fixed|1350557187|8193|8193
1785986741750|1072|mixed_30min_half_r2f_00016_16777216_active|rotating|1346371075|8193|8193
1785986746903|1072|mixed_30min_half_r2f_00016_16777216|fixed|1346362883|8193|8193
1785986746903|1072|mixed_30min_half_r2f_00016_16777216|rotating|1346371074|8193|8193
1785986751869|1072|mixed_30min_half_r2f_00016_16777216|fixed|1350557187|8193|8193
1785986751869|1072|mixed_30min_half_r2f_00016_16777216|rotating|1346371074|8193|8193
1785986756608|1072|mixed_30min_half_r2f_00016_16777216_terminal|fixed|1350565379|8193|8193
1785986756608|1072|mixed_30min_half_r2f_00016_16777216_terminal|rotating|1346371075|8193|8193
1785986756917|1073|mixed_30min_half_r2f_00017_16777216_active|fixed|1346362883|8193|8193
1785986756917|1073|mixed_30min_half_r2f_00017_16777216_active|rotating|1346371075|8193|8193
1785986762108|1073|mixed_30min_half_r2f_00017_16777216|fixed|1346362883|8193|8193
1785986762108|1073|mixed_30min_half_r2f_00017_16777216|rotating|1346371074|8193|8193
1785986767113|1073|mixed_30min_half_r2f_00017_16777216|fixed|1350557187|8193|8193
1785986767113|1073|mixed_30min_half_r2f_00017_16777216|rotating|1346371074|8193|8193
1785986771820|1073|mixed_30min_half_r2f_00017_16777216_terminal|fixed|1346371075|8193|8193
1785986771820|1073|mixed_30min_half_r2f_00017_16777216_terminal|rotating|1346371075|8193|8193
1785986772126|1074|mixed_30min_half_r2f_00018_4194304_active|fixed|1350557187|8193|8193
1785986772126|1074|mixed_30min_half_r2f_00018_4194304_active|rotating|1350565379|8193|8193
1785986776216|1074|mixed_30min_half_r2f_00018_4194304_terminal|fixed|1350565379|8193|8193
1785986776216|1074|mixed_30min_half_r2f_00018_4194304_terminal|rotating|1346371075|8193|8193
1785986776535|1075|mixed_30min_half_r2f_00019_4194304_active|fixed|1350557187|8193|8193
1785986776535|1075|mixed_30min_half_r2f_00019_4194304_active|rotating|1350565379|8193|8193
1785986780583|1075|mixed_30min_half_r2f_00019_4194304_terminal|fixed|1350565379|8193|8193
1785986780583|1075|mixed_30min_half_r2f_00019_4194304_terminal|rotating|1350565379|8193|8193
1785986780904|1076|mixed_30min_half_r2f_00020_4194304_active|fixed|1346362883|8193|8193
1785986780904|1076|mixed_30min_half_r2f_00020_4194304_active|rotating|1350565379|8193|8193
1785986785043|1076|mixed_30min_half_r2f_00020_4194304_terminal|fixed|1350565379|8193|8193
1785986785043|1076|mixed_30min_half_r2f_00020_4194304_terminal|rotating|1346371075|8193|8193
1785986785379|1077|mixed_30min_half_r2f_00021_4194304_active|fixed|1350557187|8193|8193
1785986785379|1077|mixed_30min_half_r2f_00021_4194304_active|rotating|1346371075|8193|8193
1785986789445|1077|mixed_30min_half_r2f_00021_4194304_terminal|fixed|1350565379|8193|8193
1785986789445|1077|mixed_30min_half_r2f_00021_4194304_terminal|rotating|1346371075|8193|8193
1785986789737|1078|mixed_30min_half_r2f_00022_4194304_active|fixed|1346362883|8193|8193
1785986789737|1078|mixed_30min_half_r2f_00022_4194304_active|rotating|1346371075|8193|8193
1785986793842|1078|mixed_30min_half_r2f_00022_4194304_terminal|fixed|1350565379|8193|8193
1785986793842|1078|mixed_30min_half_r2f_00022_4194304_terminal|rotating|1346371075|8193|8193
1785986794172|1079|mixed_30min_half_r2f_00023_1048576_active|fixed|1346362883|8193|8193
1785986794172|1079|mixed_30min_half_r2f_00023_1048576_active|rotating|1346371075|8193|8193
1785986795578|1079|mixed_30min_half_r2f_00023_1048576_terminal|fixed|1350565379|8193|8193
1785986795578|1079|mixed_30min_half_r2f_00023_1048576_terminal|rotating|1346371075|8193|8193
1785986795889|1080|mixed_30min_half_r2f_00024_1048576_active|fixed|1346362883|8193|8193
1785986795889|1080|mixed_30min_half_r2f_00024_1048576_active|rotating|1346371075|8193|8193
1785986797267|1080|mixed_30min_half_r2f_00024_1048576_terminal|fixed|1350565379|8193|8193
1785986797267|1080|mixed_30min_half_r2f_00024_1048576_terminal|rotating|1350565379|8193|8193
1785986797621|1081|mixed_30min_half_r2f_00025_1048576_active|fixed|1350557187|8193|8193
1785986797621|1081|mixed_30min_half_r2f_00025_1048576_active|rotating|1346371075|8193|8193
1785986799038|1081|mixed_30min_half_r2f_00025_1048576_terminal|fixed|1346371075|8193|8193
1785986799038|1081|mixed_30min_half_r2f_00025_1048576_terminal|rotating|1346371075|8193|8193
1785986799334|1082|mixed_30min_half_r2f_00026_1048576_active|fixed|1346362883|8193|8193
1785986799334|1082|mixed_30min_half_r2f_00026_1048576_active|rotating|1350565379|8193|8193
1785986800701|1082|mixed_30min_half_r2f_00026_1048576_terminal|fixed|1350565379|8193|8193
1785986800701|1082|mixed_30min_half_r2f_00026_1048576_terminal|rotating|1346371075|8193|8193
1785986801000|1083|mixed_30min_half_r2f_00027_1048576_active|fixed|1350557187|8193|8193
1785986801000|1083|mixed_30min_half_r2f_00027_1048576_active|rotating|1346371075|8193|8193
1785986802368|1083|mixed_30min_half_r2f_00027_1048576_terminal|fixed|1346371075|8193|8193
1785986802368|1083|mixed_30min_half_r2f_00027_1048576_terminal|rotating|1346371075|8193|8193
1785986802698|1084|mixed_30min_half_r2f_00028_1048576_active|fixed|1350557187|8193|8193
1785986802698|1084|mixed_30min_half_r2f_00028_1048576_active|rotating|1350565379|8193|8193
1785986804109|1084|mixed_30min_half_r2f_00028_1048576_terminal|fixed|1346371075|8193|8193
1785986804109|1084|mixed_30min_half_r2f_00028_1048576_terminal|rotating|1346371075|8193|8193
1785986809636|1085|mixed_30min_switch_00_d0_00000_4194304_active|fixed|1350565379|8193|8193
1785986809636|1085|mixed_30min_switch_00_d0_00000_4194304_active|rotating|1346362883|8193|8193
1785986813713|1085|mixed_30min_switch_00_d0_00000_4194304_terminal|fixed|1350565379|8193|8193
1785986813713|1085|mixed_30min_switch_00_d0_00000_4194304_terminal|rotating|1350565379|8193|8193
1785986814021|1086|mixed_30min_switch_00_d0_00001_4194304_active|fixed|1346371075|8193|8193
1785986814021|1086|mixed_30min_switch_00_d0_00001_4194304_active|rotating|1350557187|8193|8193
1785986818081|1086|mixed_30min_switch_00_d0_00001_4194304_terminal|fixed|1346371075|8193|8193
1785986818081|1086|mixed_30min_switch_00_d0_00001_4194304_terminal|rotating|1346371075|8193|8193
1785986818396|1087|mixed_30min_switch_00_d0_00002_4194304_active|fixed|1346371075|8193|8193
1785986818396|1087|mixed_30min_switch_00_d0_00002_4194304_active|rotating|1346362883|8193|8193
1785986822463|1087|mixed_30min_switch_00_d0_00002_4194304_terminal|fixed|1346371075|8193|8193
1785986822463|1087|mixed_30min_switch_00_d0_00002_4194304_terminal|rotating|1346371075|8193|8193
1785986822785|1088|mixed_30min_switch_00_d0_00003_1048576_active|fixed|1350565379|8193|8193
1785986822785|1088|mixed_30min_switch_00_d0_00003_1048576_active|rotating|1350557187|8193|8193
1785986824152|1088|mixed_30min_switch_00_d0_00003_1048576_terminal|fixed|1350565379|8193|8193
1785986824152|1088|mixed_30min_switch_00_d0_00003_1048576_terminal|rotating|1346371075|8193|8193
1785986824468|1089|mixed_30min_switch_00_d0_00004_1048576_active|fixed|1346371075|8193|8193
1785986824468|1089|mixed_30min_switch_00_d0_00004_1048576_active|rotating|1350557187|8193|8193
1785986825849|1089|mixed_30min_switch_00_d0_00004_1048576_terminal|fixed|1346371075|8193|8193
1785986825849|1089|mixed_30min_switch_00_d0_00004_1048576_terminal|rotating|1346371075|8193|8193
1785986826197|1090|mixed_30min_switch_00_d0_00005_1048576_active|fixed|1350565379|8193|8193
1785986826197|1090|mixed_30min_switch_00_d0_00005_1048576_active|rotating|1350557187|8193|8193
1785986827629|1090|mixed_30min_switch_00_d0_00005_1048576_terminal|fixed|1350565379|8193|8193
1785986827629|1090|mixed_30min_switch_00_d0_00005_1048576_terminal|rotating|1346371075|8193|8193
1785986827911|1091|mixed_30min_switch_00_d0_00006_1048576_active|fixed|1350565379|8193|8193
1785986827911|1091|mixed_30min_switch_00_d0_00006_1048576_active|rotating|1346362883|8193|8193
1785986829280|1091|mixed_30min_switch_00_d0_00006_1048576_terminal|fixed|1346371075|8193|8193
1785986829280|1091|mixed_30min_switch_00_d0_00006_1048576_terminal|rotating|1350565379|8193|8193
1785986829578|1092|mixed_30min_switch_00_d0_00007_1048576_active|fixed|1350565379|8193|8193
1785986829578|1092|mixed_30min_switch_00_d0_00007_1048576_active|rotating|1346362883|8193|8193
1785986830943|1092|mixed_30min_switch_00_d0_00007_1048576_terminal|fixed|1350565379|8193|8193
1785986830943|1092|mixed_30min_switch_00_d0_00007_1048576_terminal|rotating|1346371075|8193|8193
1785986831229|1093|mixed_30min_switch_00_d0_00008_1048576_active|fixed|1350565379|8193|8193
1785986831229|1093|mixed_30min_switch_00_d0_00008_1048576_active|rotating|1346362883|8193|8193
1785986832597|1093|mixed_30min_switch_00_d0_00008_1048576_terminal|fixed|1346371075|8193|8193
1785986832597|1093|mixed_30min_switch_00_d0_00008_1048576_terminal|rotating|1350565379|8193|8193
1785986832916|1094|mixed_30min_switch_00_d0_00009_1048576_active|fixed|1350565379|8193|8193
1785986832916|1094|mixed_30min_switch_00_d0_00009_1048576_active|rotating|1346362883|8193|8193
1785986834309|1094|mixed_30min_switch_00_d0_00009_1048576_terminal|fixed|1350565379|8193|8193
1785986834309|1094|mixed_30min_switch_00_d0_00009_1048576_terminal|rotating|1346371075|8193|8193
1785986839643|1095|mixed_30min_switch_00_d1_00000_4194304_active|fixed|1346362883|8193|8193
1785986839643|1095|mixed_30min_switch_00_d1_00000_4194304_active|rotating|1346371075|8193|8193
1785986843858|1095|mixed_30min_switch_00_d1_00000_4194304_terminal|fixed|1346371075|8193|8193
1785986843858|1095|mixed_30min_switch_00_d1_00000_4194304_terminal|rotating|1346371075|8193|8193
1785986844175|1096|mixed_30min_switch_00_d1_00001_4194304_active|fixed|1350557187|8193|8193
1785986844175|1096|mixed_30min_switch_00_d1_00001_4194304_active|rotating|1350565379|8193|8193
1785986848282|1096|mixed_30min_switch_00_d1_00001_4194304_terminal|fixed|1350565379|8193|8193
1785986848282|1096|mixed_30min_switch_00_d1_00001_4194304_terminal|rotating|1346371075|8193|8193
1785986848643|1097|mixed_30min_switch_00_d1_00002_4194304_active|fixed|1346362883|8193|8193
1785986848643|1097|mixed_30min_switch_00_d1_00002_4194304_active|rotating|1350565379|8193|8193
1785986852839|1097|mixed_30min_switch_00_d1_00002_4194304_terminal|fixed|1350565379|8193|8193
1785986852839|1097|mixed_30min_switch_00_d1_00002_4194304_terminal|rotating|1350565379|8193|8193
1785986853135|1098|mixed_30min_switch_00_d1_00003_1048576_active|fixed|1350557187|8193|8193
1785986853135|1098|mixed_30min_switch_00_d1_00003_1048576_active|rotating|1350565379|8193|8193
1785986854548|1098|mixed_30min_switch_00_d1_00003_1048576_terminal|fixed|1346371075|8193|8193
1785986854548|1098|mixed_30min_switch_00_d1_00003_1048576_terminal|rotating|1350565379|8193|8193
1785986854872|1099|mixed_30min_switch_00_d1_00004_1048576_active|fixed|1346362883|8193|8193
1785986854872|1099|mixed_30min_switch_00_d1_00004_1048576_active|rotating|1350565379|8193|8193
1785986856236|1099|mixed_30min_switch_00_d1_00004_1048576_terminal|fixed|1350565379|8193|8193
1785986856236|1099|mixed_30min_switch_00_d1_00004_1048576_terminal|rotating|1346371075|8193|8193
1785986856541|1100|mixed_30min_switch_00_d1_00005_1048576_active|fixed|1350557187|8193|8193
1785986856541|1100|mixed_30min_switch_00_d1_00005_1048576_active|rotating|1346371075|8193|8193
1785986857944|1100|mixed_30min_switch_00_d1_00005_1048576_terminal|fixed|1346371075|8193|8193
1785986857944|1100|mixed_30min_switch_00_d1_00005_1048576_terminal|rotating|1346371075|8193|8193
1785986858270|1101|mixed_30min_switch_00_d1_00006_1048576_active|fixed|1350557187|8193|8193
1785986858270|1101|mixed_30min_switch_00_d1_00006_1048576_active|rotating|1346371075|8193|8193
1785986859650|1101|mixed_30min_switch_00_d1_00006_1048576_terminal|fixed|1350565379|8193|8193
1785986859650|1101|mixed_30min_switch_00_d1_00006_1048576_terminal|rotating|1346371075|8193|8193
1785986859933|1102|mixed_30min_switch_00_d1_00007_1048576_active|fixed|1350557187|8193|8193
1785986859933|1102|mixed_30min_switch_00_d1_00007_1048576_active|rotating|1346371075|8193|8193
1785986861296|1102|mixed_30min_switch_00_d1_00007_1048576_terminal|fixed|1350565379|8193|8193
1785986861296|1102|mixed_30min_switch_00_d1_00007_1048576_terminal|rotating|1346371075|8193|8193
1785986861610|1103|mixed_30min_switch_00_d1_00008_1048576_active|fixed|1350557187|8193|8193
1785986861610|1103|mixed_30min_switch_00_d1_00008_1048576_active|rotating|1350565379|8193|8193
1785986863009|1103|mixed_30min_switch_00_d1_00008_1048576_terminal|fixed|1346371075|8193|8193
1785986863009|1103|mixed_30min_switch_00_d1_00008_1048576_terminal|rotating|1346371075|8193|8193
1785986863344|1104|mixed_30min_switch_00_d1_00009_1048576_active|fixed|1346362883|8193|8193
1785986863344|1104|mixed_30min_switch_00_d1_00009_1048576_active|rotating|1350565379|8193|8193
1785986864761|1104|mixed_30min_switch_00_d1_00009_1048576_terminal|fixed|1346371075|8193|8193
1785986864761|1104|mixed_30min_switch_00_d1_00009_1048576_terminal|rotating|1350565379|8193|8193
1785986869631|1105|mixed_30min_switch_01_d0_00000_4194304_active|fixed|1346371075|8193|8193
1785986869631|1105|mixed_30min_switch_01_d0_00000_4194304_active|rotating|1350557187|8193|8193
1785986873769|1105|mixed_30min_switch_01_d0_00000_4194304_terminal|fixed|1350565379|8193|8193
1785986873769|1105|mixed_30min_switch_01_d0_00000_4194304_terminal|rotating|1346371075|8193|8193
1785986874095|1106|mixed_30min_switch_01_d0_00001_4194304_active|fixed|1350565379|8193|8193
1785986874095|1106|mixed_30min_switch_01_d0_00001_4194304_active|rotating|1350557187|8193|8193
1785986878185|1106|mixed_30min_switch_01_d0_00001_4194304_terminal|fixed|1350565379|8193|8193
1785986878185|1106|mixed_30min_switch_01_d0_00001_4194304_terminal|rotating|1350565379|8193|8193
1785986878483|1107|mixed_30min_switch_01_d0_00002_4194304_active|fixed|1346371075|8193|8193
1785986878483|1107|mixed_30min_switch_01_d0_00002_4194304_active|rotating|1350557187|8193|8193
1785986882535|1107|mixed_30min_switch_01_d0_00002_4194304_terminal|fixed|1346371075|8193|8193
1785986882535|1107|mixed_30min_switch_01_d0_00002_4194304_terminal|rotating|1350565379|8193|8193
1785986883214|1108|mixed_30min_switch_01_d0_00003_1048576_active|fixed|1346371075|8193|8193
1785986883214|1108|mixed_30min_switch_01_d0_00003_1048576_active|rotating|1346362883|8193|8193
1785986884585|1108|mixed_30min_switch_01_d0_00003_1048576_terminal|fixed|1350565379|8193|8193
1785986884585|1108|mixed_30min_switch_01_d0_00003_1048576_terminal|rotating|1350565379|8193|8193
1785986884890|1109|mixed_30min_switch_01_d0_00004_1048576_active|fixed|1346371075|8193|8193
1785986884890|1109|mixed_30min_switch_01_d0_00004_1048576_active|rotating|1346362883|8193|8193
1785986886284|1109|mixed_30min_switch_01_d0_00004_1048576_terminal|fixed|1346371075|8193|8193
1785986886284|1109|mixed_30min_switch_01_d0_00004_1048576_terminal|rotating|1346371075|8193|8193
1785986886605|1110|mixed_30min_switch_01_d0_00005_1048576_active|fixed|1346371075|8193|8193
1785986886605|1110|mixed_30min_switch_01_d0_00005_1048576_active|rotating|1346362883|8193|8193
1785986888046|1110|mixed_30min_switch_01_d0_00005_1048576_terminal|fixed|1350565379|8193|8193
1785986888046|1110|mixed_30min_switch_01_d0_00005_1048576_terminal|rotating|1346371075|8193|8193
1785986888405|1111|mixed_30min_switch_01_d0_00006_1048576_active|fixed|1346371075|8193|8193
1785986888405|1111|mixed_30min_switch_01_d0_00006_1048576_active|rotating|1350557187|8193|8193
1785986889799|1111|mixed_30min_switch_01_d0_00006_1048576_terminal|fixed|1346371075|8193|8193
1785986889799|1111|mixed_30min_switch_01_d0_00006_1048576_terminal|rotating|1350565379|8193|8193
1785986890122|1112|mixed_30min_switch_01_d0_00007_1048576_active|fixed|1346371075|8193|8193
1785986890122|1112|mixed_30min_switch_01_d0_00007_1048576_active|rotating|1350557187|8193|8193
1785986891507|1112|mixed_30min_switch_01_d0_00007_1048576_terminal|fixed|1346371075|8193|8193
1785986891507|1112|mixed_30min_switch_01_d0_00007_1048576_terminal|rotating|1346371075|8193|8193
1785986891829|1113|mixed_30min_switch_01_d0_00008_1048576_active|fixed|1346371075|8193|8193
1785986891829|1113|mixed_30min_switch_01_d0_00008_1048576_active|rotating|1350557187|8193|8193
1785986893236|1113|mixed_30min_switch_01_d0_00008_1048576_terminal|fixed|1346371075|8193|8193
1785986893236|1113|mixed_30min_switch_01_d0_00008_1048576_terminal|rotating|1346371075|8193|8193
1785986893560|1114|mixed_30min_switch_01_d0_00009_1048576_active|fixed|1346371075|8193|8193
1785986893560|1114|mixed_30min_switch_01_d0_00009_1048576_active|rotating|1350557187|8193|8193
1785986894919|1114|mixed_30min_switch_01_d0_00009_1048576_terminal|fixed|1350565379|8193|8193
1785986894919|1114|mixed_30min_switch_01_d0_00009_1048576_terminal|rotating|1350565379|8193|8193
1785986899632|1115|mixed_30min_switch_01_d1_00000_4194304_active|fixed|1346362883|8193|8193
1785986899632|1115|mixed_30min_switch_01_d1_00000_4194304_active|rotating|1350565379|8193|8193
1785986903721|1115|mixed_30min_switch_01_d1_00000_4194304_terminal|fixed|1346371075|8193|8193
1785986903721|1115|mixed_30min_switch_01_d1_00000_4194304_terminal|rotating|1350565379|8193|8193
1785986904043|1116|mixed_30min_switch_01_d1_00001_4194304_active|fixed|1346362883|8193|8193
1785986904043|1116|mixed_30min_switch_01_d1_00001_4194304_active|rotating|1350565379|8193|8193
1785986908096|1116|mixed_30min_switch_01_d1_00001_4194304_terminal|fixed|1346371075|8193|8193
1785986908096|1116|mixed_30min_switch_01_d1_00001_4194304_terminal|rotating|1350565379|8193|8193
1785986908388|1117|mixed_30min_switch_01_d1_00002_4194304_active|fixed|1346362883|8193|8193
1785986908388|1117|mixed_30min_switch_01_d1_00002_4194304_active|rotating|1350565379|8193|8193
1785986912460|1117|mixed_30min_switch_01_d1_00002_4194304_terminal|fixed|1350565379|8193|8193
1785986912460|1117|mixed_30min_switch_01_d1_00002_4194304_terminal|rotating|1350565379|8193|8193
1785986912782|1118|mixed_30min_switch_01_d1_00003_1048576_active|fixed|1346362883|8193|8193
1785986912782|1118|mixed_30min_switch_01_d1_00003_1048576_active|rotating|1346371075|8193|8193
1785986914139|1118|mixed_30min_switch_01_d1_00003_1048576_terminal|fixed|1350565379|8193|8193
1785986914139|1118|mixed_30min_switch_01_d1_00003_1048576_terminal|rotating|1346371075|8193|8193
1785986914463|1119|mixed_30min_switch_01_d1_00004_1048576_active|fixed|1346362883|8193|8193
1785986914463|1119|mixed_30min_switch_01_d1_00004_1048576_active|rotating|1346371075|8193|8193
1785986915855|1119|mixed_30min_switch_01_d1_00004_1048576_terminal|fixed|1346371075|8193|8193
1785986915855|1119|mixed_30min_switch_01_d1_00004_1048576_terminal|rotating|1346371075|8193|8193
1785986916176|1120|mixed_30min_switch_01_d1_00005_1048576_active|fixed|1346362883|8193|8193
1785986916176|1120|mixed_30min_switch_01_d1_00005_1048576_active|rotating|1350565379|8193|8193
1785986917598|1120|mixed_30min_switch_01_d1_00005_1048576_terminal|fixed|1350565379|8193|8193
1785986917598|1120|mixed_30min_switch_01_d1_00005_1048576_terminal|rotating|1350565379|8193|8193
1785986917903|1121|mixed_30min_switch_01_d1_00006_1048576_active|fixed|1346362883|8193|8193
1785986917903|1121|mixed_30min_switch_01_d1_00006_1048576_active|rotating|1350565379|8193|8193
1785986919295|1121|mixed_30min_switch_01_d1_00006_1048576_terminal|fixed|1350565379|8193|8193
1785986919295|1121|mixed_30min_switch_01_d1_00006_1048576_terminal|rotating|1346371075|8193|8193
1785986919605|1122|mixed_30min_switch_01_d1_00007_1048576_active|fixed|1350557187|8193|8193
1785986919605|1122|mixed_30min_switch_01_d1_00007_1048576_active|rotating|1346371075|8193|8193
1785986920990|1122|mixed_30min_switch_01_d1_00007_1048576_terminal|fixed|1346371075|8193|8193
1785986920990|1122|mixed_30min_switch_01_d1_00007_1048576_terminal|rotating|1346371075|8193|8193
1785986921287|1123|mixed_30min_switch_01_d1_00008_1048576_active|fixed|1346362883|8193|8193
1785986921287|1123|mixed_30min_switch_01_d1_00008_1048576_active|rotating|1350565379|8193|8193
1785986922661|1123|mixed_30min_switch_01_d1_00008_1048576_terminal|fixed|1350565379|8193|8193
1785986922661|1123|mixed_30min_switch_01_d1_00008_1048576_terminal|rotating|1346371075|8193|8193
1785986922979|1124|mixed_30min_switch_01_d1_00009_1048576_active|fixed|1350557187|8193|8193
1785986922979|1124|mixed_30min_switch_01_d1_00009_1048576_active|rotating|1346371075|8193|8193
1785986924388|1124|mixed_30min_switch_01_d1_00009_1048576_terminal|fixed|1346371075|8193|8193
1785986924388|1124|mixed_30min_switch_01_d1_00009_1048576_terminal|rotating|1350565379|8193|8193
1785986929624|1125|mixed_30min_switch_02_d0_00000_4194304_active|fixed|1346371075|8193|8193
1785986929624|1125|mixed_30min_switch_02_d0_00000_4194304_active|rotating|1346362883|8193|8193
1785986933766|1125|mixed_30min_switch_02_d0_00000_4194304_terminal|fixed|1350565379|8193|8193
1785986933766|1125|mixed_30min_switch_02_d0_00000_4194304_terminal|rotating|1346371075|8193|8193
1785986934085|1126|mixed_30min_switch_02_d0_00001_4194304_active|fixed|1350565379|8193|8193
1785986934085|1126|mixed_30min_switch_02_d0_00001_4194304_active|rotating|1346362883|8193|8193
1785986938155|1126|mixed_30min_switch_02_d0_00001_4194304_terminal|fixed|1350565379|8193|8193
1785986938155|1126|mixed_30min_switch_02_d0_00001_4194304_terminal|rotating|1346371075|8193|8193
1785986938461|1127|mixed_30min_switch_02_d0_00002_4194304_active|fixed|1350565379|8193|8193
1785986938461|1127|mixed_30min_switch_02_d0_00002_4194304_active|rotating|1346362883|8193|8193
1785986942544|1127|mixed_30min_switch_02_d0_00002_4194304_terminal|fixed|1350565379|8193|8193
1785986942544|1127|mixed_30min_switch_02_d0_00002_4194304_terminal|rotating|1346371075|8193|8193
1785986943360|1128|mixed_30min_switch_02_d0_00003_1048576_active|fixed|1350565379|8193|8193
1785986943360|1128|mixed_30min_switch_02_d0_00003_1048576_active|rotating|1346362883|8193|8193
1785986944778|1128|mixed_30min_switch_02_d0_00003_1048576_terminal|fixed|1346371075|8193|8193
1785986944778|1128|mixed_30min_switch_02_d0_00003_1048576_terminal|rotating|1350565379|8193|8193
1785986945238|1129|mixed_30min_switch_02_d0_00004_1048576_active|fixed|1350565379|8193|8193
1785986945238|1129|mixed_30min_switch_02_d0_00004_1048576_active|rotating|1350557187|8193|8193
1785986946590|1129|mixed_30min_switch_02_d0_00004_1048576_terminal|fixed|1346371075|8193|8193
1785986946590|1129|mixed_30min_switch_02_d0_00004_1048576_terminal|rotating|1350565379|8193|8193
1785986947083|1130|mixed_30min_switch_02_d0_00005_1048576_active|fixed|1346371075|8193|8193
1785986947083|1130|mixed_30min_switch_02_d0_00005_1048576_active|rotating|1346362883|8193|8193
1785986948456|1130|mixed_30min_switch_02_d0_00005_1048576_terminal|fixed|1346371075|8193|8193
1785986948456|1130|mixed_30min_switch_02_d0_00005_1048576_terminal|rotating|1346371075|8193|8193
1785986948809|1131|mixed_30min_switch_02_d0_00006_1048576_active|fixed|1350565379|8193|8193
1785986948809|1131|mixed_30min_switch_02_d0_00006_1048576_active|rotating|1350557187|8193|8193
1785986950299|1131|mixed_30min_switch_02_d0_00006_1048576_terminal|fixed|1346371075|8193|8193
1785986950299|1131|mixed_30min_switch_02_d0_00006_1048576_terminal|rotating|1350565379|8193|8193
1785986950665|1132|mixed_30min_switch_02_d0_00007_1048576_active|fixed|1350565379|8193|8193
1785986950665|1132|mixed_30min_switch_02_d0_00007_1048576_active|rotating|1350557187|8193|8193
1785986952081|1132|mixed_30min_switch_02_d0_00007_1048576_terminal|fixed|1346371075|8193|8193
1785986952081|1132|mixed_30min_switch_02_d0_00007_1048576_terminal|rotating|1350565379|8193|8193
1785986952384|1133|mixed_30min_switch_02_d0_00008_1048576_active|fixed|1346371075|8193|8193
1785986952384|1133|mixed_30min_switch_02_d0_00008_1048576_active|rotating|1346362883|8193|8193
1785986953894|1133|mixed_30min_switch_02_d0_00008_1048576_terminal|fixed|1350565379|8193|8193
1785986953894|1133|mixed_30min_switch_02_d0_00008_1048576_terminal|rotating|1346371075|8193|8193
1785986959622|1134|mixed_30min_switch_02_d1_00000_4194304_active|fixed|1346362883|8193|8193
1785986959622|1134|mixed_30min_switch_02_d1_00000_4194304_active|rotating|1350565379|8193|8193
1785986963707|1134|mixed_30min_switch_02_d1_00000_4194304_terminal|fixed|1350565379|8193|8193
1785986963707|1134|mixed_30min_switch_02_d1_00000_4194304_terminal|rotating|1350565379|8193|8193
1785986964026|1135|mixed_30min_switch_02_d1_00001_4194304_active|fixed|1346362883|8193|8193
1785986964026|1135|mixed_30min_switch_02_d1_00001_4194304_active|rotating|1346371075|8193|8193
1785986968058|1135|mixed_30min_switch_02_d1_00001_4194304_terminal|fixed|1346371075|8193|8193
1785986968058|1135|mixed_30min_switch_02_d1_00001_4194304_terminal|rotating|1346371075|8193|8193
1785986968385|1136|mixed_30min_switch_02_d1_00002_4194304_active|fixed|1346362883|8193|8193
1785986968385|1136|mixed_30min_switch_02_d1_00002_4194304_active|rotating|1346371075|8193|8193
1785986972447|1136|mixed_30min_switch_02_d1_00002_4194304_terminal|fixed|1346371075|8193|8193
1785986972447|1136|mixed_30min_switch_02_d1_00002_4194304_terminal|rotating|1350565379|8193|8193
1785986972750|1137|mixed_30min_switch_02_d1_00003_1048576_active|fixed|1350557187|8193|8193
1785986972750|1137|mixed_30min_switch_02_d1_00003_1048576_active|rotating|1350565379|8193|8193
1785986974123|1137|mixed_30min_switch_02_d1_00003_1048576_terminal|fixed|1346371075|8193|8193
1785986974123|1137|mixed_30min_switch_02_d1_00003_1048576_terminal|rotating|1346371075|8193|8193
1785986974416|1138|mixed_30min_switch_02_d1_00004_1048576_active|fixed|1350557187|8193|8193
1785986974416|1138|mixed_30min_switch_02_d1_00004_1048576_active|rotating|1350565379|8193|8193
1785986975800|1138|mixed_30min_switch_02_d1_00004_1048576_terminal|fixed|1350565379|8193|8193
1785986975800|1138|mixed_30min_switch_02_d1_00004_1048576_terminal|rotating|1350565379|8193|8193
1785986976163|1139|mixed_30min_switch_02_d1_00005_1048576_active|fixed|1350557187|8193|8193
1785986976163|1139|mixed_30min_switch_02_d1_00005_1048576_active|rotating|1346371075|8193|8193
1785986977511|1139|mixed_30min_switch_02_d1_00005_1048576_terminal|fixed|1346371075|8193|8193
1785986977511|1139|mixed_30min_switch_02_d1_00005_1048576_terminal|rotating|1346371075|8193|8193
1785986977831|1140|mixed_30min_switch_02_d1_00006_1048576_active|fixed|1350557187|8193|8193
1785986977831|1140|mixed_30min_switch_02_d1_00006_1048576_active|rotating|1350565379|8193|8193
1785986979220|1140|mixed_30min_switch_02_d1_00006_1048576_terminal|fixed|1350565379|8193|8193
1785986979220|1140|mixed_30min_switch_02_d1_00006_1048576_terminal|rotating|1350565379|8193|8193
1785986979512|1141|mixed_30min_switch_02_d1_00007_1048576_active|fixed|1346362883|8193|8193
1785986979512|1141|mixed_30min_switch_02_d1_00007_1048576_active|rotating|1350565379|8193|8193
1785986980887|1141|mixed_30min_switch_02_d1_00007_1048576_terminal|fixed|1350565379|8193|8193
1785986980887|1141|mixed_30min_switch_02_d1_00007_1048576_terminal|rotating|1350565379|8193|8193
1785986981196|1142|mixed_30min_switch_02_d1_00008_1048576_active|fixed|1350557187|8193|8193
1785986981196|1142|mixed_30min_switch_02_d1_00008_1048576_active|rotating|1350565379|8193|8193
1785986982609|1142|mixed_30min_switch_02_d1_00008_1048576_terminal|fixed|1346371075|8193|8193
1785986982609|1142|mixed_30min_switch_02_d1_00008_1048576_terminal|rotating|1350565379|8193|8193
1785986982938|1143|mixed_30min_switch_02_d1_00009_1048576_active|fixed|1346362883|8193|8193
1785986982938|1143|mixed_30min_switch_02_d1_00009_1048576_active|rotating|1350565379|8193|8193
1785986984362|1143|mixed_30min_switch_02_d1_00009_1048576_terminal|fixed|1350565379|8193|8193
1785986984362|1143|mixed_30min_switch_02_d1_00009_1048576_terminal|rotating|1350565379|8193|8193
1785986989633|1144|mixed_30min_switch_03_d0_00000_4194304_active|fixed|1346371075|8193|8193
1785986989633|1144|mixed_30min_switch_03_d0_00000_4194304_active|rotating|1350557187|8193|8193
1785986993716|1144|mixed_30min_switch_03_d0_00000_4194304_terminal|fixed|1346371075|8193|8193
1785986993716|1144|mixed_30min_switch_03_d0_00000_4194304_terminal|rotating|1346371075|8193|8193
1785986994037|1145|mixed_30min_switch_03_d0_00001_4194304_active|fixed|1350565379|8193|8193
1785986994037|1145|mixed_30min_switch_03_d0_00001_4194304_active|rotating|1350557187|8193|8193
1785986998124|1145|mixed_30min_switch_03_d0_00001_4194304_terminal|fixed|1346371075|8193|8193
1785986998124|1145|mixed_30min_switch_03_d0_00001_4194304_terminal|rotating|1350565379|8193|8193
1785986998442|1146|mixed_30min_switch_03_d0_00002_4194304_active|fixed|1346371075|8193|8193
1785986998442|1146|mixed_30min_switch_03_d0_00002_4194304_active|rotating|1346362883|8193|8193
1785987002498|1146|mixed_30min_switch_03_d0_00002_4194304_terminal|fixed|1346371075|8193|8193
1785987002498|1146|mixed_30min_switch_03_d0_00002_4194304_terminal|rotating|1350565379|8193|8193
1785987002814|1147|mixed_30min_switch_03_d0_00003_1048576_active|fixed|1346371075|8193|8193
1785987002814|1147|mixed_30min_switch_03_d0_00003_1048576_active|rotating|1346362883|8193|8193
1785987004167|1147|mixed_30min_switch_03_d0_00003_1048576_terminal|fixed|1350565379|8193|8193
1785987004167|1147|mixed_30min_switch_03_d0_00003_1048576_terminal|rotating|1346371075|8193|8193
1785987004463|1148|mixed_30min_switch_03_d0_00004_1048576_active|fixed|1346371075|8193|8193
1785987004463|1148|mixed_30min_switch_03_d0_00004_1048576_active|rotating|1346362883|8193|8193
1785987005834|1148|mixed_30min_switch_03_d0_00004_1048576_terminal|fixed|1346371075|8193|8193
1785987005834|1148|mixed_30min_switch_03_d0_00004_1048576_terminal|rotating|1346371075|8193|8193
1785987006163|1149|mixed_30min_switch_03_d0_00005_1048576_active|fixed|1346371075|8193|8193
1785987006163|1149|mixed_30min_switch_03_d0_00005_1048576_active|rotating|1346362883|8193|8193
1785987007587|1149|mixed_30min_switch_03_d0_00005_1048576_terminal|fixed|1346371075|8193|8193
1785987007587|1149|mixed_30min_switch_03_d0_00005_1048576_terminal|rotating|1350565379|8193|8193
1785987007922|1150|mixed_30min_switch_03_d0_00006_1048576_active|fixed|1350565379|8193|8193
1785987007922|1150|mixed_30min_switch_03_d0_00006_1048576_active|rotating|1350557187|8193|8193
1785987009318|1150|mixed_30min_switch_03_d0_00006_1048576_terminal|fixed|1346371075|8193|8193
1785987009318|1150|mixed_30min_switch_03_d0_00006_1048576_terminal|rotating|1346371075|8193|8193
1785987009600|1151|mixed_30min_switch_03_d0_00007_1048576_active|fixed|1346371075|8193|8193
1785987009600|1151|mixed_30min_switch_03_d0_00007_1048576_active|rotating|1346362883|8193|8193
1785987010980|1151|mixed_30min_switch_03_d0_00007_1048576_terminal|fixed|1346371075|8193|8193
1785987010980|1151|mixed_30min_switch_03_d0_00007_1048576_terminal|rotating|1350565379|8193|8193
1785987011296|1152|mixed_30min_switch_03_d0_00008_1048576_active|fixed|1350565379|8193|8193
1785987011296|1152|mixed_30min_switch_03_d0_00008_1048576_active|rotating|1346362883|8193|8193
1785987012656|1152|mixed_30min_switch_03_d0_00008_1048576_terminal|fixed|1346371075|8193|8193
1785987012656|1152|mixed_30min_switch_03_d0_00008_1048576_terminal|rotating|1346371075|8193|8193
1785987012982|1153|mixed_30min_switch_03_d0_00009_1048576_active|fixed|1346371075|8193|8193
1785987012982|1153|mixed_30min_switch_03_d0_00009_1048576_active|rotating|1350557187|8193|8193
1785987014310|1153|mixed_30min_switch_03_d0_00009_1048576_terminal|fixed|1350565379|8193|8193
1785987014310|1153|mixed_30min_switch_03_d0_00009_1048576_terminal|rotating|1350565379|8193|8193
1785987019626|1154|mixed_30min_switch_03_d1_00000_4194304_active|fixed|1346362883|8193|8193
1785987019626|1154|mixed_30min_switch_03_d1_00000_4194304_active|rotating|1346371075|8193|8193
1785987023755|1154|mixed_30min_switch_03_d1_00000_4194304_terminal|fixed|1346371075|8193|8193
1785987023755|1154|mixed_30min_switch_03_d1_00000_4194304_terminal|rotating|1346371075|8193|8193
1785987024046|1155|mixed_30min_switch_03_d1_00001_4194304_active|fixed|1350557187|8193|8193
1785987024046|1155|mixed_30min_switch_03_d1_00001_4194304_active|rotating|1350565379|8193|8193
1785987028106|1155|mixed_30min_switch_03_d1_00001_4194304_terminal|fixed|1346371075|8193|8193
1785987028106|1155|mixed_30min_switch_03_d1_00001_4194304_terminal|rotating|1346371075|8193|8193
1785987028394|1156|mixed_30min_switch_03_d1_00002_4194304_active|fixed|1346362883|8193|8193
1785987028394|1156|mixed_30min_switch_03_d1_00002_4194304_active|rotating|1350565379|8193|8193
1785987032452|1156|mixed_30min_switch_03_d1_00002_4194304_terminal|fixed|1346371075|8193|8193
1785987032452|1156|mixed_30min_switch_03_d1_00002_4194304_terminal|rotating|1350565379|8193|8193
1785987032742|1157|mixed_30min_switch_03_d1_00003_1048576_active|fixed|1350557187|8193|8193
1785987032742|1157|mixed_30min_switch_03_d1_00003_1048576_active|rotating|1350565379|8193|8193
1785987034105|1157|mixed_30min_switch_03_d1_00003_1048576_terminal|fixed|1346371075|8193|8193
1785987034105|1157|mixed_30min_switch_03_d1_00003_1048576_terminal|rotating|1346371075|8193|8193
1785987034409|1158|mixed_30min_switch_03_d1_00004_1048576_active|fixed|1346362883|8193|8193
1785987034409|1158|mixed_30min_switch_03_d1_00004_1048576_active|rotating|1350565379|8193|8193
1785987035783|1158|mixed_30min_switch_03_d1_00004_1048576_terminal|fixed|1346371075|8193|8193
1785987035783|1158|mixed_30min_switch_03_d1_00004_1048576_terminal|rotating|1346371075|8193|8193
1785987036112|1159|mixed_30min_switch_03_d1_00005_1048576_active|fixed|1350557187|8193|8193
1785987036112|1159|mixed_30min_switch_03_d1_00005_1048576_active|rotating|1346371075|8193|8193
1785987037482|1159|mixed_30min_switch_03_d1_00005_1048576_terminal|fixed|1346371075|8193|8193
1785987037482|1159|mixed_30min_switch_03_d1_00005_1048576_terminal|rotating|1350565379|8193|8193
1785987037803|1160|mixed_30min_switch_03_d1_00006_1048576_active|fixed|1346362883|8193|8193
1785987037803|1160|mixed_30min_switch_03_d1_00006_1048576_active|rotating|1350565379|8193|8193
1785987039231|1160|mixed_30min_switch_03_d1_00006_1048576_terminal|fixed|1346371075|8193|8193
1785987039231|1160|mixed_30min_switch_03_d1_00006_1048576_terminal|rotating|1350565379|8193|8193
1785987039573|1161|mixed_30min_switch_03_d1_00007_1048576_active|fixed|1346362883|8193|8193
1785987039573|1161|mixed_30min_switch_03_d1_00007_1048576_active|rotating|1346371075|8193|8193
1785987040944|1161|mixed_30min_switch_03_d1_00007_1048576_terminal|fixed|1346371075|8193|8193
1785987040944|1161|mixed_30min_switch_03_d1_00007_1048576_terminal|rotating|1350565379|8193|8193
1785987041244|1162|mixed_30min_switch_03_d1_00008_1048576_active|fixed|1350557187|8193|8193
1785987041244|1162|mixed_30min_switch_03_d1_00008_1048576_active|rotating|1346371075|8193|8193
1785987042619|1162|mixed_30min_switch_03_d1_00008_1048576_terminal|fixed|1346371075|8193|8193
1785987042619|1162|mixed_30min_switch_03_d1_00008_1048576_terminal|rotating|1346371075|8193|8193
1785987042957|1163|mixed_30min_switch_03_d1_00009_1048576_active|fixed|1346362883|8193|8193
1785987042957|1163|mixed_30min_switch_03_d1_00009_1048576_active|rotating|1350565379|8193|8193
1785987044386|1163|mixed_30min_switch_03_d1_00009_1048576_terminal|fixed|1350565379|8193|8193
1785987044386|1163|mixed_30min_switch_03_d1_00009_1048576_terminal|rotating|1346371075|8193|8193
1785987049693|1164|mixed_30min_switch_04_d0_00000_4194304_active|fixed|1346371075|8193|8193
1785987049693|1164|mixed_30min_switch_04_d0_00000_4194304_active|rotating|1350557187|8193|8193
1785987053880|1164|mixed_30min_switch_04_d0_00000_4194304_terminal|fixed|1346371075|8193|8193
1785987053880|1164|mixed_30min_switch_04_d0_00000_4194304_terminal|rotating|1346371075|8193|8193
1785987054233|1165|mixed_30min_switch_04_d0_00001_4194304_active|fixed|1350565379|8193|8193
1785987054233|1165|mixed_30min_switch_04_d0_00001_4194304_active|rotating|1350557187|8193|8193
1785987058433|1165|mixed_30min_switch_04_d0_00001_4194304_terminal|fixed|1346371075|8193|8193
1785987058433|1165|mixed_30min_switch_04_d0_00001_4194304_terminal|rotating|1346371075|8193|8193
1785987058807|1166|mixed_30min_switch_04_d0_00002_4194304_active|fixed|1350565379|8193|8193
1785987058807|1166|mixed_30min_switch_04_d0_00002_4194304_active|rotating|1346362883|8193|8193
1785987062837|1166|mixed_30min_switch_04_d0_00002_4194304_terminal|fixed|1346371075|8193|8193
1785987062837|1166|mixed_30min_switch_04_d0_00002_4194304_terminal|rotating|1350565379|8193|8193
1785987063158|1167|mixed_30min_switch_04_d0_00003_1048576_active|fixed|1350565379|8193|8193
1785987063158|1167|mixed_30min_switch_04_d0_00003_1048576_active|rotating|1350557187|8193|8193
1785987064551|1167|mixed_30min_switch_04_d0_00003_1048576_terminal|fixed|1350565379|8193|8193
1785987064551|1167|mixed_30min_switch_04_d0_00003_1048576_terminal|rotating|1346371075|8193|8193
1785987064873|1168|mixed_30min_switch_04_d0_00004_1048576_active|fixed|1350565379|8193|8193
1785987064873|1168|mixed_30min_switch_04_d0_00004_1048576_active|rotating|1350557187|8193|8193
1785987066229|1168|mixed_30min_switch_04_d0_00004_1048576_terminal|fixed|1346371075|8193|8193
1785987066229|1168|mixed_30min_switch_04_d0_00004_1048576_terminal|rotating|1350565379|8193|8193
1785987066558|1169|mixed_30min_switch_04_d0_00005_1048576_active|fixed|1346371075|8193|8193
1785987066558|1169|mixed_30min_switch_04_d0_00005_1048576_active|rotating|1350557187|8193|8193
1785987067937|1169|mixed_30min_switch_04_d0_00005_1048576_terminal|fixed|1346371075|8193|8193
1785987067937|1169|mixed_30min_switch_04_d0_00005_1048576_terminal|rotating|1346371075|8193|8193
1785987068238|1170|mixed_30min_switch_04_d0_00006_1048576_active|fixed|1346371075|8193|8193
1785987068238|1170|mixed_30min_switch_04_d0_00006_1048576_active|rotating|1350557187|8193|8193
1785987069626|1170|mixed_30min_switch_04_d0_00006_1048576_terminal|fixed|1350565379|8193|8193
1785987069626|1170|mixed_30min_switch_04_d0_00006_1048576_terminal|rotating|1350565379|8193|8193
1785987069922|1171|mixed_30min_switch_04_d0_00007_1048576_active|fixed|1346371075|8193|8193
1785987069922|1171|mixed_30min_switch_04_d0_00007_1048576_active|rotating|1350557187|8193|8193
1785987071241|1171|mixed_30min_switch_04_d0_00007_1048576_terminal|fixed|1350565379|8193|8193
1785987071241|1171|mixed_30min_switch_04_d0_00007_1048576_terminal|rotating|1350565379|8193|8193
1785987071561|1172|mixed_30min_switch_04_d0_00008_1048576_active|fixed|1346371075|8193|8193
1785987071561|1172|mixed_30min_switch_04_d0_00008_1048576_active|rotating|1350557187|8193|8193
1785987072967|1172|mixed_30min_switch_04_d0_00008_1048576_terminal|fixed|1350565379|8193|8193
1785987072967|1172|mixed_30min_switch_04_d0_00008_1048576_terminal|rotating|1350565379|8193|8193
1785987073285|1173|mixed_30min_switch_04_d0_00009_1048576_active|fixed|1346371075|8193|8193
1785987073285|1173|mixed_30min_switch_04_d0_00009_1048576_active|rotating|1346362883|8193|8193
1785987074651|1173|mixed_30min_switch_04_d0_00009_1048576_terminal|fixed|1350565379|8193|8193
1785987074651|1173|mixed_30min_switch_04_d0_00009_1048576_terminal|rotating|1346371075|8193|8193
1785987079625|1174|mixed_30min_switch_04_d1_00000_4194304_active|fixed|1350557187|8193|8193
1785987079625|1174|mixed_30min_switch_04_d1_00000_4194304_active|rotating|1350565379|8193|8193
1785987083733|1174|mixed_30min_switch_04_d1_00000_4194304_terminal|fixed|1346371075|8193|8193
1785987083733|1174|mixed_30min_switch_04_d1_00000_4194304_terminal|rotating|1350565379|8193|8193
1785987084091|1175|mixed_30min_switch_04_d1_00001_4194304_active|fixed|1350557187|8193|8193
1785987084091|1175|mixed_30min_switch_04_d1_00001_4194304_active|rotating|1346371075|8193|8193
1785987088196|1175|mixed_30min_switch_04_d1_00001_4194304_terminal|fixed|1350565379|8193|8193
1785987088196|1175|mixed_30min_switch_04_d1_00001_4194304_terminal|rotating|1346371075|8193|8193
1785987088497|1176|mixed_30min_switch_04_d1_00002_4194304_active|fixed|1350557187|8193|8193
1785987088497|1176|mixed_30min_switch_04_d1_00002_4194304_active|rotating|1350565379|8193|8193
1785987092716|1176|mixed_30min_switch_04_d1_00002_4194304_terminal|fixed|1350565379|8193|8193
1785987092716|1176|mixed_30min_switch_04_d1_00002_4194304_terminal|rotating|1350565379|8193|8193
1785987093008|1177|mixed_30min_switch_04_d1_00003_1048576_active|fixed|1350557187|8193|8193
1785987093008|1177|mixed_30min_switch_04_d1_00003_1048576_active|rotating|1346371074|8193|8193
1785987094365|1177|mixed_30min_switch_04_d1_00003_1048576_terminal|fixed|1350565379|8193|8193
1785987094365|1177|mixed_30min_switch_04_d1_00003_1048576_terminal|rotating|1346371075|8193|8193
1785987094686|1178|mixed_30min_switch_04_d1_00004_1048576_active|fixed|1346362883|8193|8193
1785987094686|1178|mixed_30min_switch_04_d1_00004_1048576_active|rotating|1350565378|8193|8193
1785987096045|1178|mixed_30min_switch_04_d1_00004_1048576_terminal|fixed|1346371075|8193|8193
1785987096045|1178|mixed_30min_switch_04_d1_00004_1048576_terminal|rotating|1346371075|8193|8193
1785987096379|1179|mixed_30min_switch_04_d1_00005_1048576_active|fixed|1346362883|8193|8193
1785987096379|1179|mixed_30min_switch_04_d1_00005_1048576_active|rotating|1346371075|8193|8193
1785987097795|1179|mixed_30min_switch_04_d1_00005_1048576_terminal|fixed|1346371075|8193|8193
1785987097795|1179|mixed_30min_switch_04_d1_00005_1048576_terminal|rotating|1350565379|8193|8193
1785987098113|1180|mixed_30min_switch_04_d1_00006_1048576_active|fixed|1350557187|8193|8193
1785987098113|1180|mixed_30min_switch_04_d1_00006_1048576_active|rotating|1346371075|8193|8193
1785987099511|1180|mixed_30min_switch_04_d1_00006_1048576_terminal|fixed|1350565379|8193|8193
1785987099511|1180|mixed_30min_switch_04_d1_00006_1048576_terminal|rotating|1350565379|8193|8193
1785987099780|1181|mixed_30min_switch_04_d1_00007_1048576_active|fixed|1346362883|8193|8193
1785987099780|1181|mixed_30min_switch_04_d1_00007_1048576_active|rotating|1346371075|8193|8193
1785987101113|1181|mixed_30min_switch_04_d1_00007_1048576_terminal|fixed|1350565379|8193|8193
1785987101113|1181|mixed_30min_switch_04_d1_00007_1048576_terminal|rotating|1350565379|8193|8193
1785987101447|1182|mixed_30min_switch_04_d1_00008_1048576_active|fixed|1346362883|8193|8193
1785987101447|1182|mixed_30min_switch_04_d1_00008_1048576_active|rotating|1346371075|8193|8193
1785987102855|1182|mixed_30min_switch_04_d1_00008_1048576_terminal|fixed|1350565379|8193|8193
1785987102855|1182|mixed_30min_switch_04_d1_00008_1048576_terminal|rotating|1346371075|8193|8193
1785987103204|1183|mixed_30min_switch_04_d1_00009_1048576_active|fixed|1346362883|8193|8193
1785987103204|1183|mixed_30min_switch_04_d1_00009_1048576_active|rotating|1346371075|8193|8193
1785987104590|1183|mixed_30min_switch_04_d1_00009_1048576_terminal|fixed|1350565379|8193|8193
1785987104590|1183|mixed_30min_switch_04_d1_00009_1048576_terminal|rotating|1350565379|8193|8193
1785987109631|1184|mixed_30min_degrade_00_maskE_00000_4194304_active|fixed|1346371075|8193|8193
1785987109631|1184|mixed_30min_degrade_00_maskE_00000_4194304_active|rotating|1346362883|8193|8193
1785987114742|1184|mixed_30min_degrade_00_maskE_00000_4194304|fixed|1346371075|8193|8193
1785987114742|1184|mixed_30min_degrade_00_maskE_00000_4194304|rotating|1346371075|8193|8193
1785987115163|1184|mixed_30min_degrade_00_maskE_00000_4194304_terminal|fixed|1350565379|8193|8193
1785987115163|1184|mixed_30min_degrade_00_maskE_00000_4194304_terminal|rotating|1346371075|8193|8193
1785987115483|1185|mixed_30min_degrade_00_maskE_00001_1048576_active|fixed|1346371075|8193|8193
1785987115483|1185|mixed_30min_degrade_00_maskE_00001_1048576_active|rotating|1350557187|8193|8193
1785987117205|1185|mixed_30min_degrade_00_maskE_00001_1048576_terminal|fixed|1346371075|8193|8193
1785987117205|1185|mixed_30min_degrade_00_maskE_00001_1048576_terminal|rotating|1350565379|8193|8193
1785987117509|1186|mixed_30min_degrade_00_maskE_00002_1048576_active|fixed|1350565379|8193|8193
1785987117509|1186|mixed_30min_degrade_00_maskE_00002_1048576_active|rotating|1346362883|8193|8193
1785987119244|1186|mixed_30min_degrade_00_maskE_00002_1048576_terminal|fixed|1350565379|8193|8193
1785987119244|1186|mixed_30min_degrade_00_maskE_00002_1048576_terminal|rotating|1350565379|8193|8193
1785987119568|1187|mixed_30min_degrade_00_maskE_00003_1048576_active|fixed|1346371075|8193|8193
1785987119568|1187|mixed_30min_degrade_00_maskE_00003_1048576_active|rotating|1346362883|8193|8193
1785987121256|1187|mixed_30min_degrade_00_maskE_00003_1048576_terminal|fixed|1350565379|8193|8193
1785987121256|1187|mixed_30min_degrade_00_maskE_00003_1048576_terminal|rotating|1346371075|8193|8193
1785987121581|1188|mixed_30min_degrade_00_maskE_00004_1048576_active|fixed|1350565379|8193|8193
1785987121581|1188|mixed_30min_degrade_00_maskE_00004_1048576_active|rotating|1350557187|8193|8193
1785987123395|1188|mixed_30min_degrade_00_maskE_00004_1048576_terminal|fixed|1346371075|8193|8193
1785987123395|1188|mixed_30min_degrade_00_maskE_00004_1048576_terminal|rotating|1346371075|8193|8193
1785987128635|1189|mixed_30min_degrade_01_maskF_00000_4194304_active|fixed|1346362883|8193|8193
1785987128635|1189|mixed_30min_degrade_01_maskF_00000_4194304_active|rotating|1346371075|8193|8193
1785987132759|1189|mixed_30min_degrade_01_maskF_00000_4194304_terminal|fixed|1350565379|8193|8193
1785987132759|1189|mixed_30min_degrade_01_maskF_00000_4194304_terminal|rotating|1350565379|8193|8193
1785987133055|1190|mixed_30min_degrade_01_maskF_00001_1048576_active|fixed|1350557187|8193|8193
1785987133055|1190|mixed_30min_degrade_01_maskF_00001_1048576_active|rotating|1350565379|8193|8193
1785987134449|1190|mixed_30min_degrade_01_maskF_00001_1048576_terminal|fixed|1346371075|8193|8193
1785987134449|1190|mixed_30min_degrade_01_maskF_00001_1048576_terminal|rotating|1350565379|8193|8193
1785987134759|1191|mixed_30min_degrade_01_maskF_00002_1048576_active|fixed|1350557187|8193|8193
1785987134759|1191|mixed_30min_degrade_01_maskF_00002_1048576_active|rotating|1346371075|8193|8193
1785987136154|1191|mixed_30min_degrade_01_maskF_00002_1048576_terminal|fixed|1346371075|8193|8193
1785987136154|1191|mixed_30min_degrade_01_maskF_00002_1048576_terminal|rotating|1346371075|8193|8193
1785987136450|1192|mixed_30min_degrade_01_maskF_00003_1048576_active|fixed|1350557187|8193|8193
1785987136450|1192|mixed_30min_degrade_01_maskF_00003_1048576_active|rotating|1346371075|8193|8193
1785987137795|1192|mixed_30min_degrade_01_maskF_00003_1048576_terminal|fixed|1346371075|8193|8193
1785987137795|1192|mixed_30min_degrade_01_maskF_00003_1048576_terminal|rotating|1350565379|8193|8193
1785987138115|1193|mixed_30min_degrade_01_maskF_00004_1048576_active|fixed|1346362883|8193|8193
1785987138115|1193|mixed_30min_degrade_01_maskF_00004_1048576_active|rotating|1346371075|8193|8193
1785987139486|1193|mixed_30min_degrade_01_maskF_00004_1048576_terminal|fixed|1346371075|8193|8193
1785987139486|1193|mixed_30min_degrade_01_maskF_00004_1048576_terminal|rotating|1350565379|8193|8193
1785987139876|1194|mixed_30min_degrade_01_maskF_00005_1048576_active|fixed|1350557187|8193|8193
1785987139876|1194|mixed_30min_degrade_01_maskF_00005_1048576_active|rotating|1350565379|8193|8193
1785987141269|1194|mixed_30min_degrade_01_maskF_00005_1048576_terminal|fixed|1350565379|8193|8193
1785987141269|1194|mixed_30min_degrade_01_maskF_00005_1048576_terminal|rotating|1346371075|8193|8193
1785987141590|1195|mixed_30min_degrade_01_maskF_00006_1048576_active|fixed|1346362883|8193|8193
1785987141590|1195|mixed_30min_degrade_01_maskF_00006_1048576_active|rotating|1346371074|8193|8193
1785987143063|1195|mixed_30min_degrade_01_maskF_00006_1048576_terminal|fixed|1346371075|8193|8193
1785987143063|1195|mixed_30min_degrade_01_maskF_00006_1048576_terminal|rotating|1346371075|8193|8193
1785987147631|1196|mixed_30min_degrade_02_maskD_00000_4194304_active|fixed|1350565379|8193|8193
1785987147631|1196|mixed_30min_degrade_02_maskD_00000_4194304_active|rotating|1350557187|8193|8193
1785987152741|1196|mixed_30min_degrade_02_maskD_00000_4194304|fixed|1346371075|8193|8193
1785987152741|1196|mixed_30min_degrade_02_maskD_00000_4194304|rotating|1346371075|8193|8193
1785987153115|1196|mixed_30min_degrade_02_maskD_00000_4194304_terminal|fixed|1346371075|8193|8193
1785987153115|1196|mixed_30min_degrade_02_maskD_00000_4194304_terminal|rotating|1346371075|8193|8193
1785987153463|1197|mixed_30min_degrade_02_maskD_00001_1048576_active|fixed|1346371075|8193|8193
1785987153463|1197|mixed_30min_degrade_02_maskD_00001_1048576_active|rotating|1346362883|8193|8193
1785987155242|1197|mixed_30min_degrade_02_maskD_00001_1048576_terminal|fixed|1350565379|8193|8193
1785987155242|1197|mixed_30min_degrade_02_maskD_00001_1048576_terminal|rotating|1346371075|8193|8193
1785987155583|1198|mixed_30min_degrade_02_maskD_00002_1048576_active|fixed|1346371075|8193|8193
1785987155583|1198|mixed_30min_degrade_02_maskD_00002_1048576_active|rotating|1346362883|8193|8193
1785987157420|1198|mixed_30min_degrade_02_maskD_00002_1048576_terminal|fixed|1350565379|8193|8193
1785987157420|1198|mixed_30min_degrade_02_maskD_00002_1048576_terminal|rotating|1350565379|8193|8193
1785987157751|1199|mixed_30min_degrade_02_maskD_00003_1048576_active|fixed|1350565379|8193|8193
1785987157751|1199|mixed_30min_degrade_02_maskD_00003_1048576_active|rotating|1346362883|8193|8193
1785987159519|1199|mixed_30min_degrade_02_maskD_00003_1048576_terminal|fixed|1346371075|8193|8193
1785987159519|1199|mixed_30min_degrade_02_maskD_00003_1048576_terminal|rotating|1350565379|8193|8193
1785987159887|1200|mixed_30min_degrade_02_maskD_00004_1048576_active|fixed|1346371075|8193|8193
1785987159887|1200|mixed_30min_degrade_02_maskD_00004_1048576_active|rotating|1350557187|8193|8193
1785987165000|1200|mixed_30min_degrade_02_maskD_00004_1048576|fixed|1350565378|8193|8193
1785987165000|1200|mixed_30min_degrade_02_maskD_00004_1048576|rotating|1346362883|8193|8193
1785987168566|1200|mixed_30min_degrade_02_maskD_00004_1048576_terminal|fixed|1346371075|8193|8193
1785987168566|1200|mixed_30min_degrade_02_maskD_00004_1048576_terminal|rotating|1350565379|8193|8193
1785987168899|1201|mixed_30min_degrade_03_maskF_00000_1048576_active|fixed|1346362883|8193|8193
1785987168899|1201|mixed_30min_degrade_03_maskF_00000_1048576_active|rotating|1350565379|8193|8193
1785987170309|1201|mixed_30min_degrade_03_maskF_00000_1048576_terminal|fixed|1350565379|8193|8193
1785987170309|1201|mixed_30min_degrade_03_maskF_00000_1048576_terminal|rotating|1346371075|8193|8193
1785987170603|1202|mixed_30min_degrade_03_maskF_00001_1048576_active|fixed|1350557187|8193|8193
1785987170603|1202|mixed_30min_degrade_03_maskF_00001_1048576_active|rotating|1346371075|8193|8193
1785987171981|1202|mixed_30min_degrade_03_maskF_00001_1048576_terminal|fixed|1350565379|8193|8193
1785987171981|1202|mixed_30min_degrade_03_maskF_00001_1048576_terminal|rotating|1346371075|8193|8193
1785987172296|1203|mixed_30min_degrade_03_maskF_00002_1048576_active|fixed|1350557187|8193|8193
1785987172296|1203|mixed_30min_degrade_03_maskF_00002_1048576_active|rotating|1350565379|8193|8193
1785987173677|1203|mixed_30min_degrade_03_maskF_00002_1048576_terminal|fixed|1346371075|8193|8193
1785987173677|1203|mixed_30min_degrade_03_maskF_00002_1048576_terminal|rotating|1346371075|8193|8193
1785987173955|1204|mixed_30min_degrade_03_maskF_00003_1048576_active|fixed|1346362883|8193|8193
1785987173955|1204|mixed_30min_degrade_03_maskF_00003_1048576_active|rotating|1350565379|8193|8193
1785987175315|1204|mixed_30min_degrade_03_maskF_00003_1048576_terminal|fixed|1346371075|8193|8193
1785987175315|1204|mixed_30min_degrade_03_maskF_00003_1048576_terminal|rotating|1346371075|8193|8193
1785987175651|1205|mixed_30min_degrade_03_maskF_00004_1048576_active|fixed|1350557187|8193|8193
1785987175651|1205|mixed_30min_degrade_03_maskF_00004_1048576_active|rotating|1346371075|8193|8193
1785987177028|1205|mixed_30min_degrade_03_maskF_00004_1048576_terminal|fixed|1346371075|8193|8193
1785987177028|1205|mixed_30min_degrade_03_maskF_00004_1048576_terminal|rotating|1346371075|8193|8193
1785987177364|1206|mixed_30min_degrade_03_maskF_00005_1048576_active|fixed|1346362883|8193|8193
1785987177364|1206|mixed_30min_degrade_03_maskF_00005_1048576_active|rotating|1346371075|8193|8193
1785987178794|1206|mixed_30min_degrade_03_maskF_00005_1048576_terminal|fixed|1350565379|8193|8193
1785987178794|1206|mixed_30min_degrade_03_maskF_00005_1048576_terminal|rotating|1350565379|8193|8193
1785987179124|1207|mixed_30min_degrade_03_maskF_00006_1048576_active|fixed|1346362883|8193|8193
1785987179124|1207|mixed_30min_degrade_03_maskF_00006_1048576_active|rotating|1346371075|8193|8193
1785987180501|1207|mixed_30min_degrade_03_maskF_00006_1048576_terminal|fixed|1346371075|8193|8193
1785987180501|1207|mixed_30min_degrade_03_maskF_00006_1048576_terminal|rotating|1350565379|8193|8193
1785987185644|1208|mixed_30min_degrade_04_maskB_00000_4194304_active|fixed|1350565379|8193|8193
1785987185644|1208|mixed_30min_degrade_04_maskB_00000_4194304_active|rotating|1350557187|8193|8193
1785987190764|1208|mixed_30min_degrade_04_maskB_00000_4194304|fixed|1346371075|8193|8193
1785987190764|1208|mixed_30min_degrade_04_maskB_00000_4194304|rotating|1350565379|8193|8193
1785987191111|1208|mixed_30min_degrade_04_maskB_00000_4194304_terminal|fixed|1346371075|8193|8193
1785987191111|1208|mixed_30min_degrade_04_maskB_00000_4194304_terminal|rotating|1346371075|8193|8193
1785987191421|1209|mixed_30min_degrade_04_maskB_00001_1048576_active|fixed|1346371075|8193|8193
1785987191421|1209|mixed_30min_degrade_04_maskB_00001_1048576_active|rotating|1350557187|8193|8193
1785987193124|1209|mixed_30min_degrade_04_maskB_00001_1048576_terminal|fixed|1350565379|8193|8193
1785987193124|1209|mixed_30min_degrade_04_maskB_00001_1048576_terminal|rotating|1346371075|8193|8193
1785987193444|1210|mixed_30min_degrade_04_maskB_00002_1048576_active|fixed|1346371075|8193|8193
1785987193444|1210|mixed_30min_degrade_04_maskB_00002_1048576_active|rotating|1346362883|8193|8193
1785987195199|1210|mixed_30min_degrade_04_maskB_00002_1048576_terminal|fixed|1346371075|8193|8193
1785987195199|1210|mixed_30min_degrade_04_maskB_00002_1048576_terminal|rotating|1350565379|8193|8193
1785987195541|1211|mixed_30min_degrade_04_maskB_00003_1048576_active|fixed|1346371075|8193|8193
1785987195541|1211|mixed_30min_degrade_04_maskB_00003_1048576_active|rotating|1346362883|8193|8193
1785987197247|1211|mixed_30min_degrade_04_maskB_00003_1048576_terminal|fixed|1346371075|8193|8193
1785987197247|1211|mixed_30min_degrade_04_maskB_00003_1048576_terminal|rotating|1350565379|8193|8193
1785987197616|1212|mixed_30min_degrade_04_maskB_00004_1048576_active|fixed|1346371075|8193|8193
1785987197616|1212|mixed_30min_degrade_04_maskB_00004_1048576_active|rotating|1350557187|8193|8193
1785987199335|1212|mixed_30min_degrade_04_maskB_00004_1048576_terminal|fixed|1346371075|8193|8193
1785987199335|1212|mixed_30min_degrade_04_maskB_00004_1048576_terminal|rotating|1346371075|8193|8193
1785987204621|1213|mixed_30min_degrade_05_maskF_00000_4194304_active|fixed|1346362883|8193|8193
1785987204621|1213|mixed_30min_degrade_05_maskF_00000_4194304_active|rotating|1346371075|8193|8193
1785987208722|1213|mixed_30min_degrade_05_maskF_00000_4194304_terminal|fixed|1346371075|8193|8193
1785987208722|1213|mixed_30min_degrade_05_maskF_00000_4194304_terminal|rotating|1350565379|8193|8193
1785987209045|1214|mixed_30min_degrade_05_maskF_00001_1048576_active|fixed|1350557187|8193|8193
1785987209045|1214|mixed_30min_degrade_05_maskF_00001_1048576_active|rotating|1346371075|8193|8193
1785987210443|1214|mixed_30min_degrade_05_maskF_00001_1048576_terminal|fixed|1350565379|8193|8193
1785987210443|1214|mixed_30min_degrade_05_maskF_00001_1048576_terminal|rotating|1346371075|8193|8193
1785987210730|1215|mixed_30min_degrade_05_maskF_00002_1048576_active|fixed|1350557187|8193|8193
1785987210730|1215|mixed_30min_degrade_05_maskF_00002_1048576_active|rotating|1346371075|8193|8193
1785987212124|1215|mixed_30min_degrade_05_maskF_00002_1048576_terminal|fixed|1350565379|8193|8193
1785987212124|1215|mixed_30min_degrade_05_maskF_00002_1048576_terminal|rotating|1350565379|8193|8193
1785987212443|1216|mixed_30min_degrade_05_maskF_00003_1048576_active|fixed|1350557187|8193|8193
1785987212443|1216|mixed_30min_degrade_05_maskF_00003_1048576_active|rotating|1350565379|8193|8193
1785987213847|1216|mixed_30min_degrade_05_maskF_00003_1048576_terminal|fixed|1346371075|8193|8193
1785987213847|1216|mixed_30min_degrade_05_maskF_00003_1048576_terminal|rotating|1350565379|8193|8193
1785987214141|1217|mixed_30min_degrade_05_maskF_00004_1048576_active|fixed|1346362883|8193|8193
1785987214141|1217|mixed_30min_degrade_05_maskF_00004_1048576_active|rotating|1346371075|8193|8193
1785987215540|1217|mixed_30min_degrade_05_maskF_00004_1048576_terminal|fixed|1346371075|8193|8193
1785987215540|1217|mixed_30min_degrade_05_maskF_00004_1048576_terminal|rotating|1350565379|8193|8193
1785987215874|1218|mixed_30min_degrade_05_maskF_00005_1048576_active|fixed|1350557187|8193|8193
1785987215874|1218|mixed_30min_degrade_05_maskF_00005_1048576_active|rotating|1346371075|8193|8193
1785987217242|1218|mixed_30min_degrade_05_maskF_00005_1048576_terminal|fixed|1346371075|8193|8193
1785987217242|1218|mixed_30min_degrade_05_maskF_00005_1048576_terminal|rotating|1346371075|8193|8193
1785987217561|1219|mixed_30min_degrade_05_maskF_00006_1048576_active|fixed|1350557187|8193|8193
1785987217561|1219|mixed_30min_degrade_05_maskF_00006_1048576_active|rotating|1346371075|8193|8193
1785987218933|1219|mixed_30min_degrade_05_maskF_00006_1048576_terminal|fixed|1346371075|8193|8193
1785987218933|1219|mixed_30min_degrade_05_maskF_00006_1048576_terminal|rotating|1350565379|8193|8193
1785987223616|1220|mixed_30min_degrade_06_mask7_00000_4194304_active|fixed|1346371075|8193|8193
1785987223616|1220|mixed_30min_degrade_06_mask7_00000_4194304_active|rotating|1350557187|8193|8193
1785987228735|1220|mixed_30min_degrade_06_mask7_00000_4194304|fixed|1346371074|8193|8193
1785987228735|1220|mixed_30min_degrade_06_mask7_00000_4194304|rotating|1346362883|8193|8193
1785987233741|1220|mixed_30min_degrade_06_mask7_00000_4194304|fixed|1346371074|8193|8193
1785987233741|1220|mixed_30min_degrade_06_mask7_00000_4194304|rotating|1350557187|8193|8193
1785987238747|1220|mixed_30min_degrade_06_mask7_00000_4194304|fixed|1350565378|8193|8193
1785987238747|1220|mixed_30min_degrade_06_mask7_00000_4194304|rotating|1346362883|8193|8193
1785987243758|1220|mixed_30min_degrade_06_mask7_00000_4194304|fixed|1346371074|8193|8193
1785987243758|1220|mixed_30min_degrade_06_mask7_00000_4194304|rotating|1346362883|8193|8193
