Sample in Buffer,Sample in Window,TRIGGER,p4_auto_status_words_flat[767:0]
Radix - UNSIGNED,UNSIGNED,UNSIGNED,HEX
0,0,1,4c30415264800008000000000064006422010101000000000000006400640064003b600000000000000000000000db0000000008000148a900004c90000048a800000005000000050000000f000000000000000a0000000f0004000150344144
1,1,0,4c30415264800008000000000064006422010101000000000000006400640064003b600000000000000000000000db0000000008000148a900004c90000048a800000005000000050000000f000000000000000a0000000f0004000150344144
2,2,0,4c30415264800008000000000064006422010101000000000000006400640064003b600000000000000000000000db0000000008000148a900004c90000048a800000005000000050000000f000000000000000a0000000f0004000150344144
3,3,0,4c30415264800008000000000064006422010101000000000000006400640064003b600000000000000000000000db0000000008000148a900004c90000048a800000005000000050000000f000000000000000a0000000f0004000150344144
4,4,0,4c30415264800008000000000064006422010101000000000000006400640064003b600000000000000000000000db0000000008000148a900004c90000048a800000005000000050000000f000000000000000a0000000f0004000150344144
5,5,0,4c30415264800008000000000064006422010101000000000000006400640064003b600000000000000000000000db0000000008000148a900004c90000048a800000005000000050000000f000000000000000a0000000f0004000150344144
6,6,0,4c30415264800008000000000064006422010101000000000000006400640064003b600000000000000000000000db0000000008000148a900004c90000048a800000005000000050000000f000000000000000a0000000f0004000150344144
7,7,0,4c30415264800008000000000064006422010101000000000000006400640064003b600000000000000000000000db0000000008000148a900004c90000048a800000005000000050000000f000000000000000a0000000f0004000150344144
8,8,0,4c30415264800008000000000064006422010101000000000000006400640064003b600000000000000000000000db0000000008000148a900004c90000048a800000005000000050000000f000000000000000a0000000f0004000150344144
9,9,0,4c30415264800008000000000064006422010101000000000000006400640064003b600000000000000000000000db0000000008000148a900004c90000048a800000005000000050000000f000000000000000a0000000f0004000150344144
10,10,0,4c30415264800008000000000064006422010101000000000000006400640064003b600000000000000000000000db0000000008000148a900004c90000048a800000005000000050000000f000000000000000a0000000f0004000150344144
11,11,0,4c30415264800008000000000064006422010101000000000000006400640064003b600000000000000000000000db0000000008000148a900004c90000048a800000005000000050000000f000000000000000a0000000f0004000150344144
12,12,0,4c30415264800008000000000064006422010101000000000000006400640064003b600000000000000000000000db0000000008000148a900004c90000048a800000005000000050000000f000000000000000a0000000f0004000150344144
13,13,0,4c30415264800008000000000064006422010101000000000000006400640064003b600000000000000000000000db0000000008000148a900004c90000048a800000005000000050000000f000000000000000a0000000f0004000150344144
14,14,0,4c30415264800008000000000064006422010101000000000000006400640064003b600000000000000000000000db0000000008000148a900004c90000048a800000005000000050000000f000000000000000a0000000f0004000150344144
15,15,0,4c30415264800008000000000064006422010101000000000000006400640064003b600000000000000000000000db0000000008000148a900004c90000048a800000005000000050000000f000000000000000a0000000f0004000150344144
16,16,0,4c30415264800008000000000064006422010101000000000000006400640064003b600000000000000000000000db0000000008000148a900004c90000048a800000005000000050000000f000000000000000a0000000f0004000150344144
17,17,0,4c30415264800008000000000064006422010101000000000000006400640064003b600000000000000000000000db0000000008000148a900004c90000048a800000005000000050000000f000000000000000a0000000f0004000150344144
18,18,0,4c30415264800008000000000064006422010101000000000000006400640064003b600000000000000000000000db0000000008000148a900004c90000048a800000005000000050000000f000000000000000a0000000f0004000150344144
19,19,0,4c30415264800008000000000064006422010101000000000000006400640064003b600000000000000000000000db0000000008000148a900004c90000048a800000005000000050000000f000000000000000a0000000f0004000150344144
20,20,0,4c30415264800008000000000064006422010101000000000000006400640064003b600000000000000000000000db0000000008000148a900004c90000048a800000005000000050000000f000000000000000a0000000f0004000150344144
21,21,0,4c30415264800008000000000064006422010101000000000000006400640064003b600000000000000000000000db0000000008000148a900004c90000048a800000005000000050000000f000000000000000a0000000f0004000150344144
22,22,0,4c30415264800008000000000064006422010101000000000000006400640064003b600000000000000000000000db0000000008000148a900004c90000048a800000005000000050000000f000000000000000a0000000f0004000150344144
23,23,0,4c30415264800008000000000064006422010101000000000000006400640064003b600000000000000000000000db0000000008000148a900004c90000048a800000005000000050000000f000000000000000a0000000f0004000150344144
24,24,0,4c30415264800008000000000064006422010101000000000000006400640064003b600000000000000000000000db0000000008000148a900004c90000048a800000005000000050000000f000000000000000a0000000f0004000150344144
25,25,0,4c30415264800008000000000064006422010101000000000000006400640064003b600000000000000000000000db0000000008000148a900004c90000048a800000005000000050000000f000000000000000a0000000f0004000150344144
26,26,0,4c30415264800008000000000064006422010101000000000000006400640064003b600000000000000000000000db0000000008000148a900004c90000048a800000005000000050000000f000000000000000a0000000f0004000150344144
27,27,0,4c30415264800008000000000064006422010101000000000000006400640064003b600000000000000000000000db0000000008000148a900004c90000048a800000005000000050000000f000000000000000a0000000f0004000150344144
28,28,0,4c30415264800008000000000064006422010101000000000000006400640064003b600000000000000000000000db0000000008000148a900004c90000048a800000005000000050000000f000000000000000a0000000f0004000150344144
29,29,0,4c30415264800008000000000064006422010101000000000000006400640064003b600000000000000000000000db0000000008000148a900004c90000048a800000005000000050000000f000000000000000a0000000f0004000150344144
30,30,0,4c30415264800008000000000064006422010101000000000000006400640064003b600000000000000000000000db0000000008000148a900004c90000048a800000005000000050000000f000000000000000a0000000f0004000150344144
31,31,0,4c30415264800008000000000064006422010101000000000000006400640064003b600000000000000000000000db0000000008000148a900004c90000048a800000005000000050000000f000000000000000a0000000f0004000150344144
32,32,0,4c30415264800008000000000064006422010101000000000000006400640064003b600000000000000000000000db0000000008000148a900004c90000048a800000005000000050000000f000000000000000a0000000f0004000150344144
33,33,0,4c30415264800008000000000064006422010101000000000000006400640064003b600000000000000000000000db0000000008000148a900004c90000048a800000005000000050000000f000000000000000a0000000f0004000150344144
34,34,0,4c30415264800008000000000064006422010101000000000000006400640064003b600000000000000000000000db0000000008000148a900004c90000048a800000005000000050000000f000000000000000a0000000f0004000150344144
35,35,0,4c30415264800008000000000064006422010101000000000000006400640064003b600000000000000000000000db0000000008000148a900004c90000048a800000005000000050000000f000000000000000a0000000f0004000150344144
36,36,0,4c30415264800008000000000064006422010101000000000000006400640064003b600000000000000000000000db0000000008000148a900004c90000048a800000005000000050000000f000000000000000a0000000f0004000150344144
37,37,0,4c30415264800008000000000064006422010101000000000000006400640064003b600000000000000000000000db0000000008000148a900004c90000048a800000005000000050000000f000000000000000a0000000f0004000150344144
38,38,0,4c30415264800008000000000064006422010101000000000000006400640064003b600000000000000000000000db0000000008000148a900004c90000048a800000005000000050000000f000000000000000a0000000f0004000150344144
39,39,0,4c30415264800008000000000064006422010101000000000000006400640064003b600000000000000000000000db0000000008000148a900004c90000048a800000005000000050000000f000000000000000a0000000f0004000150344144
40,40,0,4c30415264800008000000000064006422010101000000000000006400640064003b600000000000000000000000db0000000008000148a900004c90000048a800000005000000050000000f000000000000000a0000000f0004000150344144
41,41,0,4c30415264800008000000000064006422010101000000000000006400640064003b600000000000000000000000db0000000008000148a900004c90000048a800000005000000050000000f000000000000000a0000000f0004000150344144
42,42,0,4c30415264800008000000000064006422010101000000000000006400640064003b600000000000000000000000db0000000008000148a900004c90000048a800000005000000050000000f000000000000000a0000000f0004000150344144
43,43,0,4c30415264800008000000000064006422010101000000000000006400640064003b600000000000000000000000db0000000008000148a900004c90000048a800000005000000050000000f000000000000000a0000000f0004000150344144
44,44,0,4c30415264800008000000000064006422010101000000000000006400640064003b600000000000000000000000db0000000008000148a900004c90000048a800000005000000050000000f000000000000000a0000000f0004000150344144
45,45,0,4c30415264800008000000000064006422010101000000000000006400640064003b600000000000000000000000db0000000008000148a900004c90000048a800000005000000050000000f000000000000000a0000000f0004000150344144
46,46,0,4c30415264800008000000000064006422010101000000000000006400640064003b600000000000000000000000db0000000008000148a900004c90000048a800000005000000050000000f000000000000000a0000000f0004000150344144
47,47,0,4c30415264800008000000000064006422010101000000000000006400640064003b600000000000000000000000db0000000008000148a900004c90000048a800000005000000050000000f000000000000000a0000000f0004000150344144
48,48,0,4c30415264800008000000000064006422010101000000000000006400640064003b600000000000000000000000db0000000008000148a900004c90000048a800000005000000050000000f000000000000000a0000000f0004000150344144
49,49,0,4c30415264800008000000000064006422010101000000000000006400640064003b600000000000000000000000db0000000008000148a900004c90000048a800000005000000050000000f000000000000000a0000000f0004000150344144
50,50,0,4c30415264800008000000000064006422010101000000000000006400640064003b600000000000000000000000db0000000008000148a900004c90000048a800000005000000050000000f000000000000000a0000000f0004000150344144
51,51,0,4c30415264800008000000000064006422010101000000000000006400640064003b600000000000000000000000db0000000008000148a900004c90000048a800000005000000050000000f000000000000000a0000000f0004000150344144
52,52,0,4c30415264800008000000000064006422010101000000000000006400640064003b600000000000000000000000db0000000008000148a900004c90000048a800000005000000050000000f000000000000000a0000000f0004000150344144
53,53,0,4c30415264800008000000000064006422010101000000000000006400640064003b600000000000000000000000db0000000008000148a900004c90000048a800000005000000050000000f000000000000000a0000000f0004000150344144
54,54,0,4c30415264800008000000000064006422010101000000000000006400640064003b600000000000000000000000db0000000008000148a900004c90000048a800000005000000050000000f000000000000000a0000000f0004000150344144
55,55,0,4c30415264800008000000000064006422010101000000000000006400640064003b600000000000000000000000db0000000008000148a900004c90000048a800000005000000050000000f000000000000000a0000000f0004000150344144
56,56,0,4c30415264800008000000000064006422010101000000000000006400640064003b600000000000000000000000db0000000008000148a900004c90000048a800000005000000050000000f000000000000000a0000000f0004000150344144
57,57,0,4c30415264800008000000000064006422010101000000000000006400640064003b600000000000000000000000db0000000008000148a900004c90000048a800000005000000050000000f000000000000000a0000000f0004000150344144
58,58,0,4c30415264800008000000000064006422010101000000000000006400640064003b600000000000000000000000db0000000008000148a900004c90000048a800000005000000050000000f000000000000000a0000000f0004000150344144
59,59,0,4c30415264800008000000000064006422010101000000000000006400640064003b600000000000000000000000db0000000008000148a900004c90000048a800000005000000050000000f000000000000000a0000000f0004000150344144
60,60,0,4c30415264800008000000000064006422010101000000000000006400640064003b600000000000000000000000db0000000008000148a900004c90000048a800000005000000050000000f000000000000000a0000000f0004000150344144
61,61,0,4c30415264800008000000000064006422010101000000000000006400640064003b600000000000000000000000db0000000008000148a900004c90000048a800000005000000050000000f000000000000000a0000000f0004000150344144
62,62,0,4c30415264800008000000000064006422010101000000000000006400640064003b600000000000000000000000db0000000008000148a900004c90000048a800000005000000050000000f000000000000000a0000000f0004000150344144
63,63,0,4c30415264800008000000000064006422010101000000000000006400640064003b600000000000000000000000db0000000008000148a900004c90000048a800000005000000050000000f000000000000000a0000000f0004000150344144
64,64,0,4c30415264800008000000000064006422010101000000000000006400640064003b600000000000000000000000db0000000008000148a900004c90000048a800000005000000050000000f000000000000000a0000000f0004000150344144
65,65,0,4c30415264800008000000000064006422010101000000000000006400640064003b600000000000000000000000db0000000008000148a900004c90000048a800000005000000050000000f000000000000000a0000000f0004000150344144
66,66,0,4c30415264800008000000000064006422010101000000000000006400640064003b600000000000000000000000db0000000008000148a900004c90000048a800000005000000050000000f000000000000000a0000000f0004000150344144
67,67,0,4c30415264800008000000000064006422010101000000000000006400640064003b600000000000000000000000db0000000008000148a900004c90000048a800000005000000050000000f000000000000000a0000000f0004000150344144
68,68,0,4c30415264800008000000000064006422010101000000000000006400640064003b600000000000000000000000db0000000008000148a900004c90000048a800000005000000050000000f000000000000000a0000000f0004000150344144
69,69,0,4c30415264800008000000000064006422010101000000000000006400640064003b600000000000000000000000db0000000008000148a900004c90000048a800000005000000050000000f000000000000000a0000000f0004000150344144
70,70,0,4c30415264800008000000000064006422010101000000000000006400640064003b600000000000000000000000db0000000008000148a900004c90000048a800000005000000050000000f000000000000000a0000000f0004000150344144
71,71,0,4c30415264800008000000000064006422010101000000000000006400640064003b600000000000000000000000db0000000008000148a900004c90000048a800000005000000050000000f000000000000000a0000000f0004000150344144
72,72,0,4c30415264800008000000000064006422010101000000000000006400640064003b600000000000000000000000db0000000008000148a900004c90000048a800000005000000050000000f000000000000000a0000000f0004000150344144
73,73,0,4c30415264800008000000000064006422010101000000000000006400640064003b600000000000000000000000db0000000008000148a900004c90000048a800000005000000050000000f000000000000000a0000000f0004000150344144
74,74,0,4c30415264800008000000000064006422010101000000000000006400640064003b600000000000000000000000db0000000008000148a900004c90000048a800000005000000050000000f000000000000000a0000000f0004000150344144
75,75,0,4c30415264800008000000000064006422010101000000000000006400640064003b600000000000000000000000db0000000008000148a900004c90000048a800000005000000050000000f000000000000000a0000000f0004000150344144
76,76,0,4c30415264800008000000000064006422010101000000000000006400640064003b600000000000000000000000db0000000008000148a900004c90000048a800000005000000050000000f000000000000000a0000000f0004000150344144
77,77,0,4c30415264800008000000000064006422010101000000000000006400640064003b600000000000000000000000db0000000008000148a900004c90000048a800000005000000050000000f000000000000000a0000000f0004000150344144
78,78,0,4c30415264800008000000000064006422010101000000000000006400640064003b600000000000000000000000db0000000008000148a900004c90000048a800000005000000050000000f000000000000000a0000000f0004000150344144
79,79,0,4c30415264800008000000000064006422010101000000000000006400640064003b600000000000000000000000db0000000008000148a900004c90000048a800000005000000050000000f000000000000000a0000000f0004000150344144
80,80,0,4c30415264800008000000000064006422010101000000000000006400640064003b600000000000000000000000db0000000008000148a900004c90000048a800000005000000050000000f000000000000000a0000000f0004000150344144
81,81,0,4c30415264800008000000000064006422010101000000000000006400640064003b600000000000000000000000db0000000008000148a900004c90000048a800000005000000050000000f000000000000000a0000000f0004000150344144
82,82,0,4c30415264800008000000000064006422010101000000000000006400640064003b600000000000000000000000db0000000008000148a900004c90000048a800000005000000050000000f000000000000000a0000000f0004000150344144
83,83,0,4c30415264800008000000000064006422010101000000000000006400640064003b600000000000000000000000db0000000008000148a900004c90000048a800000005000000050000000f000000000000000a0000000f0004000150344144
84,84,0,4c30415264800008000000000064006422010101000000000000006400640064003b600000000000000000000000db0000000008000148a900004c90000048a800000005000000050000000f000000000000000a0000000f0004000150344144
85,85,0,4c30415264800008000000000064006422010101000000000000006400640064003b600000000000000000000000db0000000008000148a900004c90000048a800000005000000050000000f000000000000000a0000000f0004000150344144
86,86,0,4c30415264800008000000000064006422010101000000000000006400640064003b600000000000000000000000db0000000008000148a900004c90000048a800000005000000050000000f000000000000000a0000000f0004000150344144
87,87,0,4c30415264800008000000000064006422010101000000000000006400640064003b600000000000000000000000db0000000008000148a900004c90000048a800000005000000050000000f000000000000000a0000000f0004000150344144
88,88,0,4c30415264800008000000000064006422010101000000000000006400640064003b600000000000000000000000db0000000008000148a900004c90000048a800000005000000050000000f000000000000000a0000000f0004000150344144
89,89,0,4c30415264800008000000000064006422010101000000000000006400640064003b600000000000000000000000db0000000008000148a900004c90000048a800000005000000050000000f000000000000000a0000000f0004000150344144
90,90,0,4c30415264800008000000000064006422010101000000000000006400640064003b600000000000000000000000db0000000008000148a900004c90000048a800000005000000050000000f000000000000000a0000000f0004000150344144
91,91,0,4c30415264800008000000000064006422010101000000000000006400640064003b600000000000000000000000db0000000008000148a900004c90000048a800000005000000050000000f000000000000000a0000000f0004000150344144
92,92,0,4c30415264800008000000000064006422010101000000000000006400640064003b600000000000000000000000db0000000008000148a900004c90000048a800000005000000050000000f000000000000000a0000000f0004000150344144
93,93,0,4c30415264800008000000000064006422010101000000000000006400640064003b600000000000000000000000db0000000008000148a900004c90000048a800000005000000050000000f000000000000000a0000000f0004000150344144
94,94,0,4c30415264800008000000000064006422010101000000000000006400640064003b600000000000000000000000db0000000008000148a900004c90000048a800000005000000050000000f000000000000000a0000000f0004000150344144
95,95,0,4c30415264800008000000000064006422010101000000000000006400640064003b600000000000000000000000db0000000008000148a900004c90000048a800000005000000050000000f000000000000000a0000000f0004000150344144
96,96,0,4c30415264800008000000000064006422010101000000000000006400640064003b600000000000000000000000db0000000008000148a900004c90000048a800000005000000050000000f000000000000000a0000000f0004000150344144
97,97,0,4c30415264800008000000000064006422010101000000000000006400640064003b600000000000000000000000db0000000008000148a900004c90000048a800000005000000050000000f000000000000000a0000000f0004000150344144
98,98,0,4c30415264800008000000000064006422010101000000000000006400640064003b600000000000000000000000db0000000008000148a900004c90000048a800000005000000050000000f000000000000000a0000000f0004000150344144
99,99,0,4c30415264800008000000000064006422010101000000000000006400640064003b600000000000000000000000db0000000008000148a900004c90000048a800000005000000050000000f000000000000000a0000000f0004000150344144
100,100,0,4c30415264800008000000000064006422010101000000000000006400640064003b600000000000000000000000db0000000008000148a900004c90000048a800000005000000050000000f000000000000000a0000000f0004000150344144
101,101,0,4c30415264800008000000000064006422010101000000000000006400640064003b600000000000000000000000db0000000008000148a900004c90000048a800000005000000050000000f000000000000000a0000000f0004000150344144
102,102,0,4c30415264800008000000000064006422010101000000000000006400640064003b600000000000000000000000db0000000008000148a900004c90000048a800000005000000050000000f000000000000000a0000000f0004000150344144
103,103,0,4c30415264800008000000000064006422010101000000000000006400640064003b600000000000000000000000db0000000008000148a900004c90000048a800000005000000050000000f000000000000000a0000000f0004000150344144
104,104,0,4c30415264800008000000000064006422010101000000000000006400640064003b600000000000000000000000db0000000008000148a900004c90000048a800000005000000050000000f000000000000000a0000000f0004000150344144
105,105,0,4c30415264800008000000000064006422010101000000000000006400640064003b600000000000000000000000db0000000008000148a900004c90000048a800000005000000050000000f000000000000000a0000000f0004000150344144
106,106,0,4c30415264800008000000000064006422010101000000000000006400640064003b600000000000000000000000db0000000008000148a900004c90000048a800000005000000050000000f000000000000000a0000000f0004000150344144
107,107,0,4c30415264800008000000000064006422010101000000000000006400640064003b600000000000000000000000db0000000008000148a900004c90000048a800000005000000050000000f000000000000000a0000000f0004000150344144
108,108,0,4c30415264800008000000000064006422010101000000000000006400640064003b600000000000000000000000db0000000008000148a900004c90000048a800000005000000050000000f000000000000000a0000000f0004000150344144
109,109,0,4c30415264800008000000000064006422010101000000000000006400640064003b600000000000000000000000db0000000008000148a900004c90000048a800000005000000050000000f000000000000000a0000000f0004000150344144
110,110,0,4c30415264800008000000000064006422010101000000000000006400640064003b600000000000000000000000db0000000008000148a900004c90000048a800000005000000050000000f000000000000000a0000000f0004000150344144
111,111,0,4c30415264800008000000000064006422010101000000000000006400640064003b600000000000000000000000db0000000008000148a900004c90000048a800000005000000050000000f000000000000000a0000000f0004000150344144
112,112,0,4c30415264800008000000000064006422010101000000000000006400640064003b600000000000000000000000db0000000008000148a900004c90000048a800000005000000050000000f000000000000000a0000000f0004000150344144
113,113,0,4c30415264800008000000000064006422010101000000000000006400640064003b600000000000000000000000db0000000008000148a900004c90000048a800000005000000050000000f000000000000000a0000000f0004000150344144
114,114,0,4c30415264800008000000000064006422010101000000000000006400640064003b600000000000000000000000db0000000008000148a900004c90000048a800000005000000050000000f000000000000000a0000000f0004000150344144
115,115,0,4c30415264800008000000000064006422010101000000000000006400640064003b600000000000000000000000db0000000008000148a900004c90000048a800000005000000050000000f000000000000000a0000000f0004000150344144
116,116,0,4c30415264800008000000000064006422010101000000000000006400640064003b600000000000000000000000db0000000008000148a900004c90000048a800000005000000050000000f000000000000000a0000000f0004000150344144
117,117,0,4c30415264800008000000000064006422010101000000000000006400640064003b600000000000000000000000db0000000008000148a900004c90000048a800000005000000050000000f000000000000000a0000000f0004000150344144
118,118,0,4c30415264800008000000000064006422010101000000000000006400640064003b600000000000000000000000db0000000008000148a900004c90000048a800000005000000050000000f000000000000000a0000000f0004000150344144
119,119,0,4c30415264800008000000000064006422010101000000000000006400640064003b600000000000000000000000db0000000008000148a900004c90000048a800000005000000050000000f000000000000000a0000000f0004000150344144
120,120,0,4c30415264800008000000000064006422010101000000000000006400640064003b600000000000000000000000db0000000008000148a900004c90000048a800000005000000050000000f000000000000000a0000000f0004000150344144
121,121,0,4c30415264800008000000000064006422010101000000000000006400640064003b600000000000000000000000db0000000008000148a900004c90000048a800000005000000050000000f000000000000000a0000000f0004000150344144
122,122,0,4c30415264800008000000000064006422010101000000000000006400640064003b600000000000000000000000db0000000008000148a900004c90000048a800000005000000050000000f000000000000000a0000000f0004000150344144
123,123,0,4c30415264800008000000000064006422010101000000000000006400640064003b600000000000000000000000db0000000008000148a900004c90000048a800000005000000050000000f000000000000000a0000000f0004000150344144
124,124,0,4c30415264800008000000000064006422010101000000000000006400640064003b600000000000000000000000db0000000008000148a900004c90000048a800000005000000050000000f000000000000000a0000000f0004000150344144
125,125,0,4c30415264800008000000000064006422010101000000000000006400640064003b600000000000000000000000db0000000008000148a900004c90000048a800000005000000050000000f000000000000000a0000000f0004000150344144
126,126,0,4c30415264800008000000000064006422010101000000000000006400640064003b600000000000000000000000db0000000008000148a900004c90000048a800000005000000050000000f000000000000000a0000000f0004000150344144
127,127,0,4c30415264800008000000000064006422010101000000000000006400640064003b600000000000000000000000db0000000008000148a900004c90000048a800000005000000050000000f000000000000000a0000000f0004000150344144
128,128,0,4c30415264800008000000000064006422010101000000000000006400640064003b600000000000000000000000db0000000008000148a900004c90000048a800000005000000050000000f000000000000000a0000000f0004000150344144
129,129,0,4c30415264800008000000000064006422010101000000000000006400640064003b600000000000000000000000db0000000008000148a900004c90000048a800000005000000050000000f000000000000000a0000000f0004000150344144
130,130,0,4c30415264800008000000000064006422010101000000000000006400640064003b600000000000000000000000db0000000008000148a900004c90000048a800000005000000050000000f000000000000000a0000000f0004000150344144
131,131,0,4c30415264800008000000000064006422010101000000000000006400640064003b600000000000000000000000db0000000008000148a900004c90000048a800000005000000050000000f000000000000000a0000000f0004000150344144
132,132,0,4c30415264800008000000000064006422010101000000000000006400640064003b600000000000000000000000db0000000008000148a900004c90000048a800000005000000050000000f000000000000000a0000000f0004000150344144
133,133,0,4c30415264800008000000000064006422010101000000000000006400640064003b600000000000000000000000db0000000008000148a900004c90000048a800000005000000050000000f000000000000000a0000000f0004000150344144
134,134,0,4c30415264800008000000000064006422010101000000000000006400640064003b600000000000000000000000db0000000008000148a900004c90000048a800000005000000050000000f000000000000000a0000000f0004000150344144
135,135,0,4c30415264800008000000000064006422010101000000000000006400640064003b600000000000000000000000db0000000008000148a900004c90000048a800000005000000050000000f000000000000000a0000000f0004000150344144
136,136,0,4c30415264800008000000000064006422010101000000000000006400640064003b600000000000000000000000db0000000008000148a900004c90000048a800000005000000050000000f000000000000000a0000000f0004000150344144
137,137,0,4c30415264800008000000000064006422010101000000000000006400640064003b600000000000000000000000db0000000008000148a900004c90000048a800000005000000050000000f000000000000000a0000000f0004000150344144
138,138,0,4c30415264800008000000000064006422010101000000000000006400640064003b600000000000000000000000db0000000008000148a900004c90000048a800000005000000050000000f000000000000000a0000000f0004000150344144
139,139,0,4c30415264800008000000000064006422010101000000000000006400640064003b600000000000000000000000db0000000008000148a900004c90000048a800000005000000050000000f000000000000000a0000000f0004000150344144
140,140,0,4c30415264800008000000000064006422010101000000000000006400640064003b600000000000000000000000db0000000008000148a900004c90000048a800000005000000050000000f000000000000000a0000000f0004000150344144
141,141,0,4c30415264800008000000000064006422010101000000000000006400640064003b600000000000000000000000db0000000008000148a900004c90000048a800000005000000050000000f000000000000000a0000000f0004000150344144
142,142,0,4c30415264800008000000000064006422010101000000000000006400640064003b600000000000000000000000db0000000008000148a900004c90000048a800000005000000050000000f000000000000000a0000000f0004000150344144
143,143,0,4c30415264800008000000000064006422010101000000000000006400640064003b600000000000000000000000db0000000008000148a900004c90000048a800000005000000050000000f000000000000000a0000000f0004000150344144
144,144,0,4c30415264800008000000000064006422010101000000000000006400640064003b600000000000000000000000db0000000008000148a900004c90000048a800000005000000050000000f000000000000000a0000000f0004000150344144
145,145,0,4c30415264800008000000000064006422010101000000000000006400640064003b600000000000000000000000db0000000008000148a900004c90000048a800000005000000050000000f000000000000000a0000000f0004000150344144
146,146,0,4c30415264800008000000000064006422010101000000000000006400640064003b600000000000000000000000db0000000008000148a900004c90000048a800000005000000050000000f000000000000000a0000000f0004000150344144
147,147,0,4c30415264800008000000000064006422010101000000000000006400640064003b600000000000000000000000db0000000008000148a900004c90000048a800000005000000050000000f000000000000000a0000000f0004000150344144
148,148,0,4c30415264800008000000000064006422010101000000000000006400640064003b600000000000000000000000db0000000008000148a900004c90000048a800000005000000050000000f000000000000000a0000000f0004000150344144
149,149,0,4c30415264800008000000000064006422010101000000000000006400640064003b600000000000000000000000db0000000008000148a900004c90000048a800000005000000050000000f000000000000000a0000000f0004000150344144
150,150,0,4c30415264800008000000000064006422010101000000000000006400640064003b600000000000000000000000db0000000008000148a900004c90000048a800000005000000050000000f000000000000000a0000000f0004000150344144
151,151,0,4c30415264800008000000000064006422010101000000000000006400640064003b600000000000000000000000db0000000008000148a900004c90000048a800000005000000050000000f000000000000000a0000000f0004000150344144
152,152,0,4c30415264800008000000000064006422010101000000000000006400640064003b600000000000000000000000db0000000008000148a900004c90000048a800000005000000050000000f000000000000000a0000000f0004000150344144
153,153,0,4c30415264800008000000000064006422010101000000000000006400640064003b600000000000000000000000db0000000008000148a900004c90000048a800000005000000050000000f000000000000000a0000000f0004000150344144
154,154,0,4c30415264800008000000000064006422010101000000000000006400640064003b600000000000000000000000db0000000008000148a900004c90000048a800000005000000050000000f000000000000000a0000000f0004000150344144
155,155,0,4c30415264800008000000000064006422010101000000000000006400640064003b600000000000000000000000db0000000008000148a900004c90000048a800000005000000050000000f000000000000000a0000000f0004000150344144
156,156,0,4c30415264800008000000000064006422010101000000000000006400640064003b600000000000000000000000db0000000008000148a900004c90000048a800000005000000050000000f000000000000000a0000000f0004000150344144
157,157,0,4c30415264800008000000000064006422010101000000000000006400640064003b600000000000000000000000db0000000008000148a900004c90000048a800000005000000050000000f000000000000000a0000000f0004000150344144
158,158,0,4c30415264800008000000000064006422010101000000000000006400640064003b600000000000000000000000db0000000008000148a900004c90000048a800000005000000050000000f000000000000000a0000000f0004000150344144
159,159,0,4c30415264800008000000000064006422010101000000000000006400640064003b600000000000000000000000db0000000008000148a900004c90000048a800000005000000050000000f000000000000000a0000000f0004000150344144
160,160,0,4c30415264800008000000000064006422010101000000000000006400640064003b600000000000000000000000db0000000008000148a900004c90000048a800000005000000050000000f000000000000000a0000000f0004000150344144
161,161,0,4c30415264800008000000000064006422010101000000000000006400640064003b600000000000000000000000db0000000008000148a900004c90000048a800000005000000050000000f000000000000000a0000000f0004000150344144
162,162,0,4c30415264800008000000000064006422010101000000000000006400640064003b600000000000000000000000db0000000008000148a900004c90000048a800000005000000050000000f000000000000000a0000000f0004000150344144
163,163,0,4c30415264800008000000000064006422010101000000000000006400640064003b600000000000000000000000db0000000008000148a900004c90000048a800000005000000050000000f000000000000000a0000000f0004000150344144
164,164,0,4c30415264800008000000000064006422010101000000000000006400640064003b600000000000000000000000db0000000008000148a900004c90000048a800000005000000050000000f000000000000000a0000000f0004000150344144
165,165,0,4c30415264800008000000000064006422010101000000000000006400640064003b600000000000000000000000db0000000008000148a900004c90000048a800000005000000050000000f000000000000000a0000000f0004000150344144
166,166,0,4c30415264800008000000000064006422010101000000000000006400640064003b600000000000000000000000db0000000008000148a900004c90000048a800000005000000050000000f000000000000000a0000000f0004000150344144
167,167,0,4c30415264800008000000000064006422010101000000000000006400640064003b600000000000000000000000db0000000008000148a900004c90000048a800000005000000050000000f000000000000000a0000000f0004000150344144
168,168,0,4c30415264800008000000000064006422010101000000000000006400640064003b600000000000000000000000db0000000008000148a900004c90000048a800000005000000050000000f000000000000000a0000000f0004000150344144
169,169,0,4c30415264800008000000000064006422010101000000000000006400640064003b600000000000000000000000db0000000008000148a900004c90000048a800000005000000050000000f000000000000000a0000000f0004000150344144
170,170,0,4c30415264800008000000000064006422010101000000000000006400640064003b600000000000000000000000db0000000008000148a900004c90000048a800000005000000050000000f000000000000000a0000000f0004000150344144
171,171,0,4c30415264800008000000000064006422010101000000000000006400640064003b600000000000000000000000db0000000008000148a900004c90000048a800000005000000050000000f000000000000000a0000000f0004000150344144
172,172,0,4c30415264800008000000000064006422010101000000000000006400640064003b600000000000000000000000db0000000008000148a900004c90000048a800000005000000050000000f000000000000000a0000000f0004000150344144
173,173,0,4c30415264800008000000000064006422010101000000000000006400640064003b600000000000000000000000db0000000008000148a900004c90000048a800000005000000050000000f000000000000000a0000000f0004000150344144
174,174,0,4c30415264800008000000000064006422010101000000000000006400640064003b600000000000000000000000db0000000008000148a900004c90000048a800000005000000050000000f000000000000000a0000000f0004000150344144
175,175,0,4c30415264800008000000000064006422010101000000000000006400640064003b600000000000000000000000db0000000008000148a900004c90000048a800000005000000050000000f000000000000000a0000000f0004000150344144
176,176,0,4c30415264800008000000000064006422010101000000000000006400640064003b600000000000000000000000db0000000008000148a900004c90000048a800000005000000050000000f000000000000000a0000000f0004000150344144
177,177,0,4c30415264800008000000000064006422010101000000000000006400640064003b600000000000000000000000db0000000008000148a900004c90000048a800000005000000050000000f000000000000000a0000000f0004000150344144
178,178,0,4c30415264800008000000000064006422010101000000000000006400640064003b600000000000000000000000db0000000008000148a900004c90000048a800000005000000050000000f000000000000000a0000000f0004000150344144
179,179,0,4c30415264800008000000000064006422010101000000000000006400640064003b600000000000000000000000db0000000008000148a900004c90000048a800000005000000050000000f000000000000000a0000000f0004000150344144
180,180,0,4c30415264800008000000000064006422010101000000000000006400640064003b600000000000000000000000db0000000008000148a900004c90000048a800000005000000050000000f000000000000000a0000000f0004000150344144
181,181,0,4c30415264800008000000000064006422010101000000000000006400640064003b600000000000000000000000db0000000008000148a900004c90000048a800000005000000050000000f000000000000000a0000000f0004000150344144
182,182,0,4c30415264800008000000000064006422010101000000000000006400640064003b600000000000000000000000db0000000008000148a900004c90000048a800000005000000050000000f000000000000000a0000000f0004000150344144
183,183,0,4c30415264800008000000000064006422010101000000000000006400640064003b600000000000000000000000db0000000008000148a900004c90000048a800000005000000050000000f000000000000000a0000000f0004000150344144
184,184,0,4c30415264800008000000000064006422010101000000000000006400640064003b600000000000000000000000db0000000008000148a900004c90000048a800000005000000050000000f000000000000000a0000000f0004000150344144
185,185,0,4c30415264800008000000000064006422010101000000000000006400640064003b600000000000000000000000db0000000008000148a900004c90000048a800000005000000050000000f000000000000000a0000000f0004000150344144
186,186,0,4c30415264800008000000000064006422010101000000000000006400640064003b600000000000000000000000db0000000008000148a900004c90000048a800000005000000050000000f000000000000000a0000000f0004000150344144
187,187,0,4c30415264800008000000000064006422010101000000000000006400640064003b600000000000000000000000db0000000008000148a900004c90000048a800000005000000050000000f000000000000000a0000000f0004000150344144
188,188,0,4c30415264800008000000000064006422010101000000000000006400640064003b600000000000000000000000db0000000008000148a900004c90000048a800000005000000050000000f000000000000000a0000000f0004000150344144
189,189,0,4c30415264800008000000000064006422010101000000000000006400640064003b600000000000000000000000db0000000008000148a900004c90000048a800000005000000050000000f000000000000000a0000000f0004000150344144
190,190,0,4c30415264800008000000000064006422010101000000000000006400640064003b600000000000000000000000db0000000008000148a900004c90000048a800000005000000050000000f000000000000000a0000000f0004000150344144
191,191,0,4c30415264800008000000000064006422010101000000000000006400640064003b600000000000000000000000db0000000008000148a900004c90000048a800000005000000050000000f000000000000000a0000000f0004000150344144
192,192,0,4c30415264800008000000000064006422010101000000000000006400640064003b600000000000000000000000db0000000008000148a900004c90000048a800000005000000050000000f000000000000000a0000000f0004000150344144
193,193,0,4c30415264800008000000000064006422010101000000000000006400640064003b600000000000000000000000db0000000008000148a900004c90000048a800000005000000050000000f000000000000000a0000000f0004000150344144
194,194,0,4c30415264800008000000000064006422010101000000000000006400640064003b600000000000000000000000db0000000008000148a900004c90000048a800000005000000050000000f000000000000000a0000000f0004000150344144
195,195,0,4c30415264800008000000000064006422010101000000000000006400640064003b600000000000000000000000db0000000008000148a900004c90000048a800000005000000050000000f000000000000000a0000000f0004000150344144
196,196,0,4c30415264800008000000000064006422010101000000000000006400640064003b600000000000000000000000db0000000008000148a900004c90000048a800000005000000050000000f000000000000000a0000000f0004000150344144
197,197,0,4c30415264800008000000000064006422010101000000000000006400640064003b600000000000000000000000db0000000008000148a900004c90000048a800000005000000050000000f000000000000000a0000000f0004000150344144
198,198,0,4c30415264800008000000000064006422010101000000000000006400640064003b600000000000000000000000db0000000008000148a900004c90000048a800000005000000050000000f000000000000000a0000000f0004000150344144
199,199,0,4c30415264800008000000000064006422010101000000000000006400640064003b600000000000000000000000db0000000008000148a900004c90000048a800000005000000050000000f000000000000000a0000000f0004000150344144
200,200,0,4c30415264800008000000000064006422010101000000000000006400640064003b600000000000000000000000db0000000008000148a900004c90000048a800000005000000050000000f000000000000000a0000000f0004000150344144
201,201,0,4c30415264800008000000000064006422010101000000000000006400640064003b600000000000000000000000db0000000008000148a900004c90000048a800000005000000050000000f000000000000000a0000000f0004000150344144
202,202,0,4c30415264800008000000000064006422010101000000000000006400640064003b600000000000000000000000db0000000008000148a900004c90000048a800000005000000050000000f000000000000000a0000000f0004000150344144
203,203,0,4c30415264800008000000000064006422010101000000000000006400640064003b600000000000000000000000db0000000008000148a900004c90000048a800000005000000050000000f000000000000000a0000000f0004000150344144
204,204,0,4c30415264800008000000000064006422010101000000000000006400640064003b600000000000000000000000db0000000008000148a900004c90000048a800000005000000050000000f000000000000000a0000000f0004000150344144
205,205,0,4c30415264800008000000000064006422010101000000000000006400640064003b600000000000000000000000db0000000008000148a900004c90000048a800000005000000050000000f000000000000000a0000000f0004000150344144
206,206,0,4c30415264800008000000000064006422010101000000000000006400640064003b600000000000000000000000db0000000008000148a900004c90000048a800000005000000050000000f000000000000000a0000000f0004000150344144
207,207,0,4c30415264800008000000000064006422010101000000000000006400640064003b600000000000000000000000db0000000008000148a900004c90000048a800000005000000050000000f000000000000000a0000000f0004000150344144
208,208,0,4c30415264800008000000000064006422010101000000000000006400640064003b600000000000000000000000db0000000008000148a900004c90000048a800000005000000050000000f000000000000000a0000000f0004000150344144
209,209,0,4c30415264800008000000000064006422010101000000000000006400640064003b600000000000000000000000db0000000008000148a900004c90000048a800000005000000050000000f000000000000000a0000000f0004000150344144
210,210,0,4c30415264800008000000000064006422010101000000000000006400640064003b600000000000000000000000db0000000008000148a900004c90000048a800000005000000050000000f000000000000000a0000000f0004000150344144
211,211,0,4c30415264800008000000000064006422010101000000000000006400640064003b600000000000000000000000db0000000008000148a900004c90000048a800000005000000050000000f000000000000000a0000000f0004000150344144
212,212,0,4c30415264800008000000000064006422010101000000000000006400640064003b600000000000000000000000db0000000008000148a900004c90000048a800000005000000050000000f000000000000000a0000000f0004000150344144
213,213,0,4c30415264800008000000000064006422010101000000000000006400640064003b600000000000000000000000db0000000008000148a900004c90000048a800000005000000050000000f000000000000000a0000000f0004000150344144
214,214,0,4c30415264800008000000000064006422010101000000000000006400640064003b600000000000000000000000db0000000008000148a900004c90000048a800000005000000050000000f000000000000000a0000000f0004000150344144
215,215,0,4c30415264800008000000000064006422010101000000000000006400640064003b600000000000000000000000db0000000008000148a900004c90000048a800000005000000050000000f000000000000000a0000000f0004000150344144
216,216,0,4c30415264800008000000000064006422010101000000000000006400640064003b600000000000000000000000db0000000008000148a900004c90000048a800000005000000050000000f000000000000000a0000000f0004000150344144
217,217,0,4c30415264800008000000000064006422010101000000000000006400640064003b600000000000000000000000db0000000008000148a900004c90000048a800000005000000050000000f000000000000000a0000000f0004000150344144
218,218,0,4c30415264800008000000000064006422010101000000000000006400640064003b600000000000000000000000db0000000008000148a900004c90000048a800000005000000050000000f000000000000000a0000000f0004000150344144
219,219,0,4c30415264800008000000000064006422010101000000000000006400640064003b600000000000000000000000db0000000008000148a900004c90000048a800000005000000050000000f000000000000000a0000000f0004000150344144
220,220,0,4c30415264800008000000000064006422010101000000000000006400640064003b600000000000000000000000db0000000008000148a900004c90000048a800000005000000050000000f000000000000000a0000000f0004000150344144
221,221,0,4c30415264800008000000000064006422010101000000000000006400640064003b600000000000000000000000db0000000008000148a900004c90000048a800000005000000050000000f000000000000000a0000000f0004000150344144
222,222,0,4c30415264800008000000000064006422010101000000000000006400640064003b600000000000000000000000db0000000008000148a900004c90000048a800000005000000050000000f000000000000000a0000000f0004000150344144
223,223,0,4c30415264800008000000000064006422010101000000000000006400640064003b600000000000000000000000db0000000008000148a900004c90000048a800000005000000050000000f000000000000000a0000000f0004000150344144
224,224,0,4c30415264800008000000000064006422010101000000000000006400640064003b600000000000000000000000db0000000008000148a900004c90000048a800000005000000050000000f000000000000000a0000000f0004000150344144
225,225,0,4c30415264800008000000000064006422010101000000000000006400640064003b600000000000000000000000db0000000008000148a900004c90000048a800000005000000050000000f000000000000000a0000000f0004000150344144
226,226,0,4c30415264800008000000000064006422010101000000000000006400640064003b600000000000000000000000db0000000008000148a900004c90000048a800000005000000050000000f000000000000000a0000000f0004000150344144
227,227,0,4c30415264800008000000000064006422010101000000000000006400640064003b600000000000000000000000db0000000008000148a900004c90000048a800000005000000050000000f000000000000000a0000000f0004000150344144
228,228,0,4c30415264800008000000000064006422010101000000000000006400640064003b600000000000000000000000db0000000008000148a900004c90000048a800000005000000050000000f000000000000000a0000000f0004000150344144
229,229,0,4c30415264800008000000000064006422010101000000000000006400640064003b600000000000000000000000db0000000008000148a900004c90000048a800000005000000050000000f000000000000000a0000000f0004000150344144
230,230,0,4c30415264800008000000000064006422010101000000000000006400640064003b600000000000000000000000db0000000008000148a900004c90000048a800000005000000050000000f000000000000000a0000000f0004000150344144
231,231,0,4c30415264800008000000000064006422010101000000000000006400640064003b600000000000000000000000db0000000008000148a900004c90000048a800000005000000050000000f000000000000000a0000000f0004000150344144
232,232,0,4c30415264800008000000000064006422010101000000000000006400640064003b600000000000000000000000db0000000008000148a900004c90000048a800000005000000050000000f000000000000000a0000000f0004000150344144
233,233,0,4c30415264800008000000000064006422010101000000000000006400640064003b600000000000000000000000db0000000008000148a900004c90000048a800000005000000050000000f000000000000000a0000000f0004000150344144
234,234,0,4c30415264800008000000000064006422010101000000000000006400640064003b600000000000000000000000db0000000008000148a900004c90000048a800000005000000050000000f000000000000000a0000000f0004000150344144
235,235,0,4c30415264800008000000000064006422010101000000000000006400640064003b600000000000000000000000db0000000008000148a900004c90000048a800000005000000050000000f000000000000000a0000000f0004000150344144
236,236,0,4c30415264800008000000000064006422010101000000000000006400640064003b600000000000000000000000db0000000008000148a900004c90000048a800000005000000050000000f000000000000000a0000000f0004000150344144
237,237,0,4c30415264800008000000000064006422010101000000000000006400640064003b600000000000000000000000db0000000008000148a900004c90000048a800000005000000050000000f000000000000000a0000000f0004000150344144
238,238,0,4c30415264800008000000000064006422010101000000000000006400640064003b600000000000000000000000db0000000008000148a900004c90000048a800000005000000050000000f000000000000000a0000000f0004000150344144
239,239,0,4c30415264800008000000000064006422010101000000000000006400640064003b600000000000000000000000db0000000008000148a900004c90000048a800000005000000050000000f000000000000000a0000000f0004000150344144
240,240,0,4c30415264800008000000000064006422010101000000000000006400640064003b600000000000000000000000db0000000008000148a900004c90000048a800000005000000050000000f000000000000000a0000000f0004000150344144
241,241,0,4c30415264800008000000000064006422010101000000000000006400640064003b600000000000000000000000db0000000008000148a900004c90000048a800000005000000050000000f000000000000000a0000000f0004000150344144
242,242,0,4c30415264800008000000000064006422010101000000000000006400640064003b600000000000000000000000db0000000008000148a900004c90000048a800000005000000050000000f000000000000000a0000000f0004000150344144
243,243,0,4c30415264800008000000000064006422010101000000000000006400640064003b600000000000000000000000db0000000008000148a900004c90000048a800000005000000050000000f000000000000000a0000000f0004000150344144
244,244,0,4c30415264800008000000000064006422010101000000000000006400640064003b600000000000000000000000db0000000008000148a900004c90000048a800000005000000050000000f000000000000000a0000000f0004000150344144
245,245,0,4c30415264800008000000000064006422010101000000000000006400640064003b600000000000000000000000db0000000008000148a900004c90000048a800000005000000050000000f000000000000000a0000000f0004000150344144
246,246,0,4c30415264800008000000000064006422010101000000000000006400640064003b600000000000000000000000db0000000008000148a900004c90000048a800000005000000050000000f000000000000000a0000000f0004000150344144
247,247,0,4c30415264800008000000000064006422010101000000000000006400640064003b600000000000000000000000db0000000008000148a900004c90000048a800000005000000050000000f000000000000000a0000000f0004000150344144
248,248,0,4c30415264800008000000000064006422010101000000000000006400640064003b600000000000000000000000db0000000008000148a900004c90000048a800000005000000050000000f000000000000000a0000000f0004000150344144
249,249,0,4c30415264800008000000000064006422010101000000000000006400640064003b600000000000000000000000db0000000008000148a900004c90000048a800000005000000050000000f000000000000000a0000000f0004000150344144
250,250,0,4c30415264800008000000000064006422010101000000000000006400640064003b600000000000000000000000db0000000008000148a900004c90000048a800000005000000050000000f000000000000000a0000000f0004000150344144
251,251,0,4c30415264800008000000000064006422010101000000000000006400640064003b600000000000000000000000db0000000008000148a900004c90000048a800000005000000050000000f000000000000000a0000000f0004000150344144
252,252,0,4c30415264800008000000000064006422010101000000000000006400640064003b600000000000000000000000db0000000008000148a900004c90000048a800000005000000050000000f000000000000000a0000000f0004000150344144
253,253,0,4c30415264800008000000000064006422010101000000000000006400640064003b600000000000000000000000db0000000008000148a900004c90000048a800000005000000050000000f000000000000000a0000000f0004000150344144
254,254,0,4c30415264800008000000000064006422010101000000000000006400640064003b600000000000000000000000db0000000008000148a900004c90000048a800000005000000050000000f000000000000000a0000000f0004000150344144
255,255,0,4c30415264800008000000000064006422010101000000000000006400640064003b600000000000000000000000db0000000008000148a900004c90000048a800000005000000050000000f000000000000000a0000000f0004000150344144
256,256,0,4c30415264800008000000000064006422010101000000000000006400640064003b600000000000000000000000db0000000008000148a900004c90000048a800000005000000050000000f000000000000000a0000000f0004000150344144
257,257,0,4c30415264800008000000000064006422010101000000000000006400640064003b600000000000000000000000db0000000008000148a900004c90000048a800000005000000050000000f000000000000000a0000000f0004000150344144
258,258,0,4c30415264800008000000000064006422010101000000000000006400640064003b600000000000000000000000db0000000008000148a900004c90000048a800000005000000050000000f000000000000000a0000000f0004000150344144
259,259,0,4c30415264800008000000000064006422010101000000000000006400640064003b600000000000000000000000db0000000008000148a900004c90000048a800000005000000050000000f000000000000000a0000000f0004000150344144
260,260,0,4c30415264800008000000000064006422010101000000000000006400640064003b600000000000000000000000db0000000008000148a900004c90000048a800000005000000050000000f000000000000000a0000000f0004000150344144
261,261,0,4c30415264800008000000000064006422010101000000000000006400640064003b600000000000000000000000db0000000008000148a900004c90000048a800000005000000050000000f000000000000000a0000000f0004000150344144
262,262,0,4c30415264800008000000000064006422010101000000000000006400640064003b600000000000000000000000db0000000008000148a900004c90000048a800000005000000050000000f000000000000000a0000000f0004000150344144
263,263,0,4c30415264800008000000000064006422010101000000000000006400640064003b600000000000000000000000db0000000008000148a900004c90000048a800000005000000050000000f000000000000000a0000000f0004000150344144
264,264,0,4c30415264800008000000000064006422010101000000000000006400640064003b600000000000000000000000db0000000008000148a900004c90000048a800000005000000050000000f000000000000000a0000000f0004000150344144
265,265,0,4c30415264800008000000000064006422010101000000000000006400640064003b600000000000000000000000db0000000008000148a900004c90000048a800000005000000050000000f000000000000000a0000000f0004000150344144
266,266,0,4c30415264800008000000000064006422010101000000000000006400640064003b600000000000000000000000db0000000008000148a900004c90000048a800000005000000050000000f000000000000000a0000000f0004000150344144
267,267,0,4c30415264800008000000000064006422010101000000000000006400640064003b600000000000000000000000db0000000008000148a900004c90000048a800000005000000050000000f000000000000000a0000000f0004000150344144
268,268,0,4c30415264800008000000000064006422010101000000000000006400640064003b600000000000000000000000db0000000008000148a900004c90000048a800000005000000050000000f000000000000000a0000000f0004000150344144
269,269,0,4c30415264800008000000000064006422010101000000000000006400640064003b600000000000000000000000db0000000008000148a900004c90000048a800000005000000050000000f000000000000000a0000000f0004000150344144
270,270,0,4c30415264800008000000000064006422010101000000000000006400640064003b600000000000000000000000db0000000008000148a900004c90000048a800000005000000050000000f000000000000000a0000000f0004000150344144
271,271,0,4c30415264800008000000000064006422010101000000000000006400640064003b600000000000000000000000db0000000008000148a900004c90000048a800000005000000050000000f000000000000000a0000000f0004000150344144
272,272,0,4c30415264800008000000000064006422010101000000000000006400640064003b600000000000000000000000db0000000008000148a900004c90000048a800000005000000050000000f000000000000000a0000000f0004000150344144
273,273,0,4c30415264800008000000000064006422010101000000000000006400640064003b600000000000000000000000db0000000008000148a900004c90000048a800000005000000050000000f000000000000000a0000000f0004000150344144
274,274,0,4c30415264800008000000000064006422010101000000000000006400640064003b600000000000000000000000db0000000008000148a900004c90000048a800000005000000050000000f000000000000000a0000000f0004000150344144
275,275,0,4c30415264800008000000000064006422010101000000000000006400640064003b600000000000000000000000db0000000008000148a900004c90000048a800000005000000050000000f000000000000000a0000000f0004000150344144
276,276,0,4c30415264800008000000000064006422010101000000000000006400640064003b600000000000000000000000db0000000008000148a900004c90000048a800000005000000050000000f000000000000000a0000000f0004000150344144
277,277,0,4c30415264800008000000000064006422010101000000000000006400640064003b600000000000000000000000db0000000008000148a900004c90000048a800000005000000050000000f000000000000000a0000000f0004000150344144
278,278,0,4c30415264800008000000000064006422010101000000000000006400640064003b600000000000000000000000db0000000008000148a900004c90000048a800000005000000050000000f000000000000000a0000000f0004000150344144
279,279,0,4c30415264800008000000000064006422010101000000000000006400640064003b600000000000000000000000db0000000008000148a900004c90000048a800000005000000050000000f000000000000000a0000000f0004000150344144
280,280,0,4c30415264800008000000000064006422010101000000000000006400640064003b600000000000000000000000db0000000008000148a900004c90000048a800000005000000050000000f000000000000000a0000000f0004000150344144
281,281,0,4c30415264800008000000000064006422010101000000000000006400640064003b600000000000000000000000db0000000008000148a900004c90000048a800000005000000050000000f000000000000000a0000000f0004000150344144
282,282,0,4c30415264800008000000000064006422010101000000000000006400640064003b600000000000000000000000db0000000008000148a900004c90000048a800000005000000050000000f000000000000000a0000000f0004000150344144
283,283,0,4c30415264800008000000000064006422010101000000000000006400640064003b600000000000000000000000db0000000008000148a900004c90000048a800000005000000050000000f000000000000000a0000000f0004000150344144
284,284,0,4c30415264800008000000000064006422010101000000000000006400640064003b600000000000000000000000db0000000008000148a900004c90000048a800000005000000050000000f000000000000000a0000000f0004000150344144
285,285,0,4c30415264800008000000000064006422010101000000000000006400640064003b600000000000000000000000db0000000008000148a900004c90000048a800000005000000050000000f000000000000000a0000000f0004000150344144
286,286,0,4c30415264800008000000000064006422010101000000000000006400640064003b600000000000000000000000db0000000008000148a900004c90000048a800000005000000050000000f000000000000000a0000000f0004000150344144
287,287,0,4c30415264800008000000000064006422010101000000000000006400640064003b600000000000000000000000db0000000008000148a900004c90000048a800000005000000050000000f000000000000000a0000000f0004000150344144
288,288,0,4c30415264800008000000000064006422010101000000000000006400640064003b600000000000000000000000db0000000008000148a900004c90000048a800000005000000050000000f000000000000000a0000000f0004000150344144
289,289,0,4c30415264800008000000000064006422010101000000000000006400640064003b600000000000000000000000db0000000008000148a900004c90000048a800000005000000050000000f000000000000000a0000000f0004000150344144
290,290,0,4c30415264800008000000000064006422010101000000000000006400640064003b600000000000000000000000db0000000008000148a900004c90000048a800000005000000050000000f000000000000000a0000000f0004000150344144
291,291,0,4c30415264800008000000000064006422010101000000000000006400640064003b600000000000000000000000db0000000008000148a900004c90000048a800000005000000050000000f000000000000000a0000000f0004000150344144
292,292,0,4c30415264800008000000000064006422010101000000000000006400640064003b600000000000000000000000db0000000008000148a900004c90000048a800000005000000050000000f000000000000000a0000000f0004000150344144
293,293,0,4c30415264800008000000000064006422010101000000000000006400640064003b600000000000000000000000db0000000008000148a900004c90000048a800000005000000050000000f000000000000000a0000000f0004000150344144
294,294,0,4c30415264800008000000000064006422010101000000000000006400640064003b600000000000000000000000db0000000008000148a900004c90000048a800000005000000050000000f000000000000000a0000000f0004000150344144
295,295,0,4c30415264800008000000000064006422010101000000000000006400640064003b600000000000000000000000db0000000008000148a900004c90000048a800000005000000050000000f000000000000000a0000000f0004000150344144
296,296,0,4c30415264800008000000000064006422010101000000000000006400640064003b600000000000000000000000db0000000008000148a900004c90000048a800000005000000050000000f000000000000000a0000000f0004000150344144
297,297,0,4c30415264800008000000000064006422010101000000000000006400640064003b600000000000000000000000db0000000008000148a900004c90000048a800000005000000050000000f000000000000000a0000000f0004000150344144
298,298,0,4c30415264800008000000000064006422010101000000000000006400640064003b600000000000000000000000db0000000008000148a900004c90000048a800000005000000050000000f000000000000000a0000000f0004000150344144
299,299,0,4c30415264800008000000000064006422010101000000000000006400640064003b600000000000000000000000db0000000008000148a900004c90000048a800000005000000050000000f000000000000000a0000000f0004000150344144
300,300,0,4c30415264800008000000000064006422010101000000000000006400640064003b600000000000000000000000db0000000008000148a900004c90000048a800000005000000050000000f000000000000000a0000000f0004000150344144
301,301,0,4c30415264800008000000000064006422010101000000000000006400640064003b600000000000000000000000db0000000008000148a900004c90000048a800000005000000050000000f000000000000000a0000000f0004000150344144
302,302,0,4c30415264800008000000000064006422010101000000000000006400640064003b600000000000000000000000db0000000008000148a900004c90000048a800000005000000050000000f000000000000000a0000000f0004000150344144
303,303,0,4c30415264800008000000000064006422010101000000000000006400640064003b600000000000000000000000db0000000008000148a900004c90000048a800000005000000050000000f000000000000000a0000000f0004000150344144
304,304,0,4c30415264800008000000000064006422010101000000000000006400640064003b600000000000000000000000db0000000008000148a900004c90000048a800000005000000050000000f000000000000000a0000000f0004000150344144
305,305,0,4c30415264800008000000000064006422010101000000000000006400640064003b600000000000000000000000db0000000008000148a900004c90000048a800000005000000050000000f000000000000000a0000000f0004000150344144
306,306,0,4c30415264800008000000000064006422010101000000000000006400640064003b600000000000000000000000db0000000008000148a900004c90000048a800000005000000050000000f000000000000000a0000000f0004000150344144
307,307,0,4c30415264800008000000000064006422010101000000000000006400640064003b600000000000000000000000db0000000008000148a900004c90000048a800000005000000050000000f000000000000000a0000000f0004000150344144
308,308,0,4c30415264800008000000000064006422010101000000000000006400640064003b600000000000000000000000db0000000008000148a900004c90000048a800000005000000050000000f000000000000000a0000000f0004000150344144
309,309,0,4c30415264800008000000000064006422010101000000000000006400640064003b600000000000000000000000db0000000008000148a900004c90000048a800000005000000050000000f000000000000000a0000000f0004000150344144
310,310,0,4c30415264800008000000000064006422010101000000000000006400640064003b600000000000000000000000db0000000008000148a900004c90000048a800000005000000050000000f000000000000000a0000000f0004000150344144
311,311,0,4c30415264800008000000000064006422010101000000000000006400640064003b600000000000000000000000db0000000008000148a900004c90000048a800000005000000050000000f000000000000000a0000000f0004000150344144
312,312,0,4c30415264800008000000000064006422010101000000000000006400640064003b600000000000000000000000db0000000008000148a900004c90000048a800000005000000050000000f000000000000000a0000000f0004000150344144
313,313,0,4c30415264800008000000000064006422010101000000000000006400640064003b600000000000000000000000db0000000008000148a900004c90000048a800000005000000050000000f000000000000000a0000000f0004000150344144
314,314,0,4c30415264800008000000000064006422010101000000000000006400640064003b600000000000000000000000db0000000008000148a900004c90000048a800000005000000050000000f000000000000000a0000000f0004000150344144
315,315,0,4c30415264800008000000000064006422010101000000000000006400640064003b600000000000000000000000db0000000008000148a900004c90000048a800000005000000050000000f000000000000000a0000000f0004000150344144
316,316,0,4c30415264800008000000000064006422010101000000000000006400640064003b600000000000000000000000db0000000008000148a900004c90000048a800000005000000050000000f000000000000000a0000000f0004000150344144
317,317,0,4c30415264800008000000000064006422010101000000000000006400640064003b600000000000000000000000db0000000008000148a900004c90000048a800000005000000050000000f000000000000000a0000000f0004000150344144
318,318,0,4c30415264800008000000000064006422010101000000000000006400640064003b600000000000000000000000db0000000008000148a900004c90000048a800000005000000050000000f000000000000000a0000000f0004000150344144
319,319,0,4c30415264800008000000000064006422010101000000000000006400640064003b600000000000000000000000db0000000008000148a900004c90000048a800000005000000050000000f000000000000000a0000000f0004000150344144
320,320,0,4c30415264800008000000000064006422010101000000000000006400640064003b600000000000000000000000db0000000008000148a900004c90000048a800000005000000050000000f000000000000000a0000000f0004000150344144
321,321,0,4c30415264800008000000000064006422010101000000000000006400640064003b600000000000000000000000db0000000008000148a900004c90000048a800000005000000050000000f000000000000000a0000000f0004000150344144
322,322,0,4c30415264800008000000000064006422010101000000000000006400640064003b600000000000000000000000db0000000008000148a900004c90000048a800000005000000050000000f000000000000000a0000000f0004000150344144
323,323,0,4c30415264800008000000000064006422010101000000000000006400640064003b600000000000000000000000db0000000008000148a900004c90000048a800000005000000050000000f000000000000000a0000000f0004000150344144
324,324,0,4c30415264800008000000000064006422010101000000000000006400640064003b600000000000000000000000db0000000008000148a900004c90000048a800000005000000050000000f000000000000000a0000000f0004000150344144
325,325,0,4c30415264800008000000000064006422010101000000000000006400640064003b600000000000000000000000db0000000008000148a900004c90000048a800000005000000050000000f000000000000000a0000000f0004000150344144
326,326,0,4c30415264800008000000000064006422010101000000000000006400640064003b600000000000000000000000db0000000008000148a900004c90000048a800000005000000050000000f000000000000000a0000000f0004000150344144
327,327,0,4c30415264800008000000000064006422010101000000000000006400640064003b600000000000000000000000db0000000008000148a900004c90000048a800000005000000050000000f000000000000000a0000000f0004000150344144
328,328,0,4c30415264800008000000000064006422010101000000000000006400640064003b600000000000000000000000db0000000008000148a900004c90000048a800000005000000050000000f000000000000000a0000000f0004000150344144
329,329,0,4c30415264800008000000000064006422010101000000000000006400640064003b600000000000000000000000db0000000008000148a900004c90000048a800000005000000050000000f000000000000000a0000000f0004000150344144
330,330,0,4c30415264800008000000000064006422010101000000000000006400640064003b600000000000000000000000db0000000008000148a900004c90000048a800000005000000050000000f000000000000000a0000000f0004000150344144
331,331,0,4c30415264800008000000000064006422010101000000000000006400640064003b600000000000000000000000db0000000008000148a900004c90000048a800000005000000050000000f000000000000000a0000000f0004000150344144
332,332,0,4c30415264800008000000000064006422010101000000000000006400640064003b600000000000000000000000db0000000008000148a900004c90000048a800000005000000050000000f000000000000000a0000000f0004000150344144
333,333,0,4c30415264800008000000000064006422010101000000000000006400640064003b600000000000000000000000db0000000008000148a900004c90000048a800000005000000050000000f000000000000000a0000000f0004000150344144
334,334,0,4c30415264800008000000000064006422010101000000000000006400640064003b600000000000000000000000db0000000008000148a900004c90000048a800000005000000050000000f000000000000000a0000000f0004000150344144
335,335,0,4c30415264800008000000000064006422010101000000000000006400640064003b600000000000000000000000db0000000008000148a900004c90000048a800000005000000050000000f000000000000000a0000000f0004000150344144
336,336,0,4c30415264800008000000000064006422010101000000000000006400640064003b600000000000000000000000db0000000008000148a900004c90000048a800000005000000050000000f000000000000000a0000000f0004000150344144
337,337,0,4c30415264800008000000000064006422010101000000000000006400640064003b600000000000000000000000db0000000008000148a900004c90000048a800000005000000050000000f000000000000000a0000000f0004000150344144
338,338,0,4c30415264800008000000000064006422010101000000000000006400640064003b600000000000000000000000db0000000008000148a900004c90000048a800000005000000050000000f000000000000000a0000000f0004000150344144
339,339,0,4c30415264800008000000000064006422010101000000000000006400640064003b600000000000000000000000db0000000008000148a900004c90000048a800000005000000050000000f000000000000000a0000000f0004000150344144
340,340,0,4c30415264800008000000000064006422010101000000000000006400640064003b600000000000000000000000db0000000008000148a900004c90000048a800000005000000050000000f000000000000000a0000000f0004000150344144
341,341,0,4c30415264800008000000000064006422010101000000000000006400640064003b600000000000000000000000db0000000008000148a900004c90000048a800000005000000050000000f000000000000000a0000000f0004000150344144
342,342,0,4c30415264800008000000000064006422010101000000000000006400640064003b600000000000000000000000db0000000008000148a900004c90000048a800000005000000050000000f000000000000000a0000000f0004000150344144
343,343,0,4c30415264800008000000000064006422010101000000000000006400640064003b600000000000000000000000db0000000008000148a900004c90000048a800000005000000050000000f000000000000000a0000000f0004000150344144
344,344,0,4c30415264800008000000000064006422010101000000000000006400640064003b600000000000000000000000db0000000008000148a900004c90000048a800000005000000050000000f000000000000000a0000000f0004000150344144
345,345,0,4c30415264800008000000000064006422010101000000000000006400640064003b600000000000000000000000db0000000008000148a900004c90000048a800000005000000050000000f000000000000000a0000000f0004000150344144
346,346,0,4c30415264800008000000000064006422010101000000000000006400640064003b600000000000000000000000db0000000008000148a900004c90000048a800000005000000050000000f000000000000000a0000000f0004000150344144
347,347,0,4c30415264800008000000000064006422010101000000000000006400640064003b600000000000000000000000db0000000008000148a900004c90000048a800000005000000050000000f000000000000000a0000000f0004000150344144
348,348,0,4c30415264800008000000000064006422010101000000000000006400640064003b600000000000000000000000db0000000008000148a900004c90000048a800000005000000050000000f000000000000000a0000000f0004000150344144
349,349,0,4c30415264800008000000000064006422010101000000000000006400640064003b600000000000000000000000db0000000008000148a900004c90000048a800000005000000050000000f000000000000000a0000000f0004000150344144
350,350,0,4c30415264800008000000000064006422010101000000000000006400640064003b600000000000000000000000db0000000008000148a900004c90000048a800000005000000050000000f000000000000000a0000000f0004000150344144
351,351,0,4c30415264800008000000000064006422010101000000000000006400640064003b600000000000000000000000db0000000008000148a900004c90000048a800000005000000050000000f000000000000000a0000000f0004000150344144
352,352,0,4c30415264800008000000000064006422010101000000000000006400640064003b600000000000000000000000db0000000008000148a900004c90000048a800000005000000050000000f000000000000000a0000000f0004000150344144
353,353,0,4c30415264800008000000000064006422010101000000000000006400640064003b600000000000000000000000db0000000008000148a900004c90000048a800000005000000050000000f000000000000000a0000000f0004000150344144
354,354,0,4c30415264800008000000000064006422010101000000000000006400640064003b600000000000000000000000db0000000008000148a900004c90000048a800000005000000050000000f000000000000000a0000000f0004000150344144
355,355,0,4c30415264800008000000000064006422010101000000000000006400640064003b600000000000000000000000db0000000008000148a900004c90000048a800000005000000050000000f000000000000000a0000000f0004000150344144
356,356,0,4c30415264800008000000000064006422010101000000000000006400640064003b600000000000000000000000db0000000008000148a900004c90000048a800000005000000050000000f000000000000000a0000000f0004000150344144
357,357,0,4c30415264800008000000000064006422010101000000000000006400640064003b600000000000000000000000db0000000008000148a900004c90000048a800000005000000050000000f000000000000000a0000000f0004000150344144
358,358,0,4c30415264800008000000000064006422010101000000000000006400640064003b600000000000000000000000db0000000008000148a900004c90000048a800000005000000050000000f000000000000000a0000000f0004000150344144
359,359,0,4c30415264800008000000000064006422010101000000000000006400640064003b600000000000000000000000db0000000008000148a900004c90000048a800000005000000050000000f000000000000000a0000000f0004000150344144
360,360,0,4c30415264800008000000000064006422010101000000000000006400640064003b600000000000000000000000db0000000008000148a900004c90000048a800000005000000050000000f000000000000000a0000000f0004000150344144
361,361,0,4c30415264800008000000000064006422010101000000000000006400640064003b600000000000000000000000db0000000008000148a900004c90000048a800000005000000050000000f000000000000000a0000000f0004000150344144
362,362,0,4c30415264800008000000000064006422010101000000000000006400640064003b600000000000000000000000db0000000008000148a900004c90000048a800000005000000050000000f000000000000000a0000000f0004000150344144
363,363,0,4c30415264800008000000000064006422010101000000000000006400640064003b600000000000000000000000db0000000008000148a900004c90000048a800000005000000050000000f000000000000000a0000000f0004000150344144
364,364,0,4c30415264800008000000000064006422010101000000000000006400640064003b600000000000000000000000db0000000008000148a900004c90000048a800000005000000050000000f000000000000000a0000000f0004000150344144
365,365,0,4c30415264800008000000000064006422010101000000000000006400640064003b600000000000000000000000db0000000008000148a900004c90000048a800000005000000050000000f000000000000000a0000000f0004000150344144
366,366,0,4c30415264800008000000000064006422010101000000000000006400640064003b600000000000000000000000db0000000008000148a900004c90000048a800000005000000050000000f000000000000000a0000000f0004000150344144
367,367,0,4c30415264800008000000000064006422010101000000000000006400640064003b600000000000000000000000db0000000008000148a900004c90000048a800000005000000050000000f000000000000000a0000000f0004000150344144
368,368,0,4c30415264800008000000000064006422010101000000000000006400640064003b600000000000000000000000db0000000008000148a900004c90000048a800000005000000050000000f000000000000000a0000000f0004000150344144
369,369,0,4c30415264800008000000000064006422010101000000000000006400640064003b600000000000000000000000db0000000008000148a900004c90000048a800000005000000050000000f000000000000000a0000000f0004000150344144
370,370,0,4c30415264800008000000000064006422010101000000000000006400640064003b600000000000000000000000db0000000008000148a900004c90000048a800000005000000050000000f000000000000000a0000000f0004000150344144
371,371,0,4c30415264800008000000000064006422010101000000000000006400640064003b600000000000000000000000db0000000008000148a900004c90000048a800000005000000050000000f000000000000000a0000000f0004000150344144
372,372,0,4c30415264800008000000000064006422010101000000000000006400640064003b600000000000000000000000db0000000008000148a900004c90000048a800000005000000050000000f000000000000000a0000000f0004000150344144
373,373,0,4c30415264800008000000000064006422010101000000000000006400640064003b600000000000000000000000db0000000008000148a900004c90000048a800000005000000050000000f000000000000000a0000000f0004000150344144
374,374,0,4c30415264800008000000000064006422010101000000000000006400640064003b600000000000000000000000db0000000008000148a900004c90000048a800000005000000050000000f000000000000000a0000000f0004000150344144
375,375,0,4c30415264800008000000000064006422010101000000000000006400640064003b600000000000000000000000db0000000008000148a900004c90000048a800000005000000050000000f000000000000000a0000000f0004000150344144
376,376,0,4c30415264800008000000000064006422010101000000000000006400640064003b600000000000000000000000db0000000008000148a900004c90000048a800000005000000050000000f000000000000000a0000000f0004000150344144
377,377,0,4c30415264800008000000000064006422010101000000000000006400640064003b600000000000000000000000db0000000008000148a900004c90000048a800000005000000050000000f000000000000000a0000000f0004000150344144
378,378,0,4c30415264800008000000000064006422010101000000000000006400640064003b600000000000000000000000db0000000008000148a900004c90000048a800000005000000050000000f000000000000000a0000000f0004000150344144
379,379,0,4c30415264800008000000000064006422010101000000000000006400640064003b600000000000000000000000db0000000008000148a900004c90000048a800000005000000050000000f000000000000000a0000000f0004000150344144
380,380,0,4c30415264800008000000000064006422010101000000000000006400640064003b600000000000000000000000db0000000008000148a900004c90000048a800000005000000050000000f000000000000000a0000000f0004000150344144
381,381,0,4c30415264800008000000000064006422010101000000000000006400640064003b600000000000000000000000db0000000008000148a900004c90000048a800000005000000050000000f000000000000000a0000000f0004000150344144
382,382,0,4c30415264800008000000000064006422010101000000000000006400640064003b600000000000000000000000db0000000008000148a900004c90000048a800000005000000050000000f000000000000000a0000000f0004000150344144
383,383,0,4c30415264800008000000000064006422010101000000000000006400640064003b600000000000000000000000db0000000008000148a900004c90000048a800000005000000050000000f000000000000000a0000000f0004000150344144
384,384,0,4c30415264800008000000000064006422010101000000000000006400640064003b600000000000000000000000db0000000008000148a900004c90000048a800000005000000050000000f000000000000000a0000000f0004000150344144
385,385,0,4c30415264800008000000000064006422010101000000000000006400640064003b600000000000000000000000db0000000008000148a900004c90000048a800000005000000050000000f000000000000000a0000000f0004000150344144
386,386,0,4c30415264800008000000000064006422010101000000000000006400640064003b600000000000000000000000db0000000008000148a900004c90000048a800000005000000050000000f000000000000000a0000000f0004000150344144
387,387,0,4c30415264800008000000000064006422010101000000000000006400640064003b600000000000000000000000db0000000008000148a900004c90000048a800000005000000050000000f000000000000000a0000000f0004000150344144
388,388,0,4c30415264800008000000000064006422010101000000000000006400640064003b600000000000000000000000db0000000008000148a900004c90000048a800000005000000050000000f000000000000000a0000000f0004000150344144
389,389,0,4c30415264800008000000000064006422010101000000000000006400640064003b600000000000000000000000db0000000008000148a900004c90000048a800000005000000050000000f000000000000000a0000000f0004000150344144
390,390,0,4c30415264800008000000000064006422010101000000000000006400640064003b600000000000000000000000db0000000008000148a900004c90000048a800000005000000050000000f000000000000000a0000000f0004000150344144
391,391,0,4c30415264800008000000000064006422010101000000000000006400640064003b600000000000000000000000db0000000008000148a900004c90000048a800000005000000050000000f000000000000000a0000000f0004000150344144
392,392,0,4c30415264800008000000000064006422010101000000000000006400640064003b600000000000000000000000db0000000008000148a900004c90000048a800000005000000050000000f000000000000000a0000000f0004000150344144
393,393,0,4c30415264800008000000000064006422010101000000000000006400640064003b600000000000000000000000db0000000008000148a900004c90000048a800000005000000050000000f000000000000000a0000000f0004000150344144
394,394,0,4c30415264800008000000000064006422010101000000000000006400640064003b600000000000000000000000db0000000008000148a900004c90000048a800000005000000050000000f000000000000000a0000000f0004000150344144
395,395,0,4c30415264800008000000000064006422010101000000000000006400640064003b600000000000000000000000db0000000008000148a900004c90000048a800000005000000050000000f000000000000000a0000000f0004000150344144
396,396,0,4c30415264800008000000000064006422010101000000000000006400640064003b600000000000000000000000db0000000008000148a900004c90000048a800000005000000050000000f000000000000000a0000000f0004000150344144
397,397,0,4c30415264800008000000000064006422010101000000000000006400640064003b600000000000000000000000db0000000008000148a900004c90000048a800000005000000050000000f000000000000000a0000000f0004000150344144
398,398,0,4c30415264800008000000000064006422010101000000000000006400640064003b600000000000000000000000db0000000008000148a900004c90000048a800000005000000050000000f000000000000000a0000000f0004000150344144
399,399,0,4c30415264800008000000000064006422010101000000000000006400640064003b600000000000000000000000db0000000008000148a900004c90000048a800000005000000050000000f000000000000000a0000000f0004000150344144
400,400,0,4c30415264800008000000000064006422010101000000000000006400640064003b600000000000000000000000db0000000008000148a900004c90000048a800000005000000050000000f000000000000000a0000000f0004000150344144
401,401,0,4c30415264800008000000000064006422010101000000000000006400640064003b600000000000000000000000db0000000008000148a900004c90000048a800000005000000050000000f000000000000000a0000000f0004000150344144
402,402,0,4c30415264800008000000000064006422010101000000000000006400640064003b600000000000000000000000db0000000008000148a900004c90000048a800000005000000050000000f000000000000000a0000000f0004000150344144
403,403,0,4c30415264800008000000000064006422010101000000000000006400640064003b600000000000000000000000db0000000008000148a900004c90000048a800000005000000050000000f000000000000000a0000000f0004000150344144
404,404,0,4c30415264800008000000000064006422010101000000000000006400640064003b600000000000000000000000db0000000008000148a900004c90000048a800000005000000050000000f000000000000000a0000000f0004000150344144
405,405,0,4c30415264800008000000000064006422010101000000000000006400640064003b600000000000000000000000db0000000008000148a900004c90000048a800000005000000050000000f000000000000000a0000000f0004000150344144
406,406,0,4c30415264800008000000000064006422010101000000000000006400640064003b600000000000000000000000db0000000008000148a900004c90000048a800000005000000050000000f000000000000000a0000000f0004000150344144
407,407,0,4c30415264800008000000000064006422010101000000000000006400640064003b600000000000000000000000db0000000008000148a900004c90000048a800000005000000050000000f000000000000000a0000000f0004000150344144
408,408,0,4c30415264800008000000000064006422010101000000000000006400640064003b600000000000000000000000db0000000008000148a900004c90000048a800000005000000050000000f000000000000000a0000000f0004000150344144
409,409,0,4c30415264800008000000000064006422010101000000000000006400640064003b600000000000000000000000db0000000008000148a900004c90000048a800000005000000050000000f000000000000000a0000000f0004000150344144
410,410,0,4c30415264800008000000000064006422010101000000000000006400640064003b600000000000000000000000db0000000008000148a900004c90000048a800000005000000050000000f000000000000000a0000000f0004000150344144
411,411,0,4c30415264800008000000000064006422010101000000000000006400640064003b600000000000000000000000db0000000008000148a900004c90000048a800000005000000050000000f000000000000000a0000000f0004000150344144
412,412,0,4c30415264800008000000000064006422010101000000000000006400640064003b600000000000000000000000db0000000008000148a900004c90000048a800000005000000050000000f000000000000000a0000000f0004000150344144
413,413,0,4c30415264800008000000000064006422010101000000000000006400640064003b600000000000000000000000db0000000008000148a900004c90000048a800000005000000050000000f000000000000000a0000000f0004000150344144
414,414,0,4c30415264800008000000000064006422010101000000000000006400640064003b600000000000000000000000db0000000008000148a900004c90000048a800000005000000050000000f000000000000000a0000000f0004000150344144
415,415,0,4c30415264800008000000000064006422010101000000000000006400640064003b600000000000000000000000db0000000008000148a900004c90000048a800000005000000050000000f000000000000000a0000000f0004000150344144
416,416,0,4c30415264800008000000000064006422010101000000000000006400640064003b600000000000000000000000db0000000008000148a900004c90000048a800000005000000050000000f000000000000000a0000000f0004000150344144
417,417,0,4c30415264800008000000000064006422010101000000000000006400640064003b600000000000000000000000db0000000008000148a900004c90000048a800000005000000050000000f000000000000000a0000000f0004000150344144
418,418,0,4c30415264800008000000000064006422010101000000000000006400640064003b600000000000000000000000db0000000008000148a900004c90000048a800000005000000050000000f000000000000000a0000000f0004000150344144
419,419,0,4c30415264800008000000000064006422010101000000000000006400640064003b600000000000000000000000db0000000008000148a900004c90000048a800000005000000050000000f000000000000000a0000000f0004000150344144
420,420,0,4c30415264800008000000000064006422010101000000000000006400640064003b600000000000000000000000db0000000008000148a900004c90000048a800000005000000050000000f000000000000000a0000000f0004000150344144
421,421,0,4c30415264800008000000000064006422010101000000000000006400640064003b600000000000000000000000db0000000008000148a900004c90000048a800000005000000050000000f000000000000000a0000000f0004000150344144
422,422,0,4c30415264800008000000000064006422010101000000000000006400640064003b600000000000000000000000db0000000008000148a900004c90000048a800000005000000050000000f000000000000000a0000000f0004000150344144
423,423,0,4c30415264800008000000000064006422010101000000000000006400640064003b600000000000000000000000db0000000008000148a900004c90000048a800000005000000050000000f000000000000000a0000000f0004000150344144
424,424,0,4c30415264800008000000000064006422010101000000000000006400640064003b600000000000000000000000db0000000008000148a900004c90000048a800000005000000050000000f000000000000000a0000000f0004000150344144
425,425,0,4c30415264800008000000000064006422010101000000000000006400640064003b600000000000000000000000db0000000008000148a900004c90000048a800000005000000050000000f000000000000000a0000000f0004000150344144
426,426,0,4c30415264800008000000000064006422010101000000000000006400640064003b600000000000000000000000db0000000008000148a900004c90000048a800000005000000050000000f000000000000000a0000000f0004000150344144
427,427,0,4c30415264800008000000000064006422010101000000000000006400640064003b600000000000000000000000db0000000008000148a900004c90000048a800000005000000050000000f000000000000000a0000000f0004000150344144
428,428,0,4c30415264800008000000000064006422010101000000000000006400640064003b600000000000000000000000db0000000008000148a900004c90000048a800000005000000050000000f000000000000000a0000000f0004000150344144
429,429,0,4c30415264800008000000000064006422010101000000000000006400640064003b600000000000000000000000db0000000008000148a900004c90000048a800000005000000050000000f000000000000000a0000000f0004000150344144
430,430,0,4c30415264800008000000000064006422010101000000000000006400640064003b600000000000000000000000db0000000008000148a900004c90000048a800000005000000050000000f000000000000000a0000000f0004000150344144
431,431,0,4c30415264800008000000000064006422010101000000000000006400640064003b600000000000000000000000db0000000008000148a900004c90000048a800000005000000050000000f000000000000000a0000000f0004000150344144
432,432,0,4c30415264800008000000000064006422010101000000000000006400640064003b600000000000000000000000db0000000008000148a900004c90000048a800000005000000050000000f000000000000000a0000000f0004000150344144
433,433,0,4c30415264800008000000000064006422010101000000000000006400640064003b600000000000000000000000db0000000008000148a900004c90000048a800000005000000050000000f000000000000000a0000000f0004000150344144
434,434,0,4c30415264800008000000000064006422010101000000000000006400640064003b600000000000000000000000db0000000008000148a900004c90000048a800000005000000050000000f000000000000000a0000000f0004000150344144
435,435,0,4c30415264800008000000000064006422010101000000000000006400640064003b600000000000000000000000db0000000008000148a900004c90000048a800000005000000050000000f000000000000000a0000000f0004000150344144
436,436,0,4c30415264800008000000000064006422010101000000000000006400640064003b600000000000000000000000db0000000008000148a900004c90000048a800000005000000050000000f000000000000000a0000000f0004000150344144
437,437,0,4c30415264800008000000000064006422010101000000000000006400640064003b600000000000000000000000db0000000008000148a900004c90000048a800000005000000050000000f000000000000000a0000000f0004000150344144
438,438,0,4c30415264800008000000000064006422010101000000000000006400640064003b600000000000000000000000db0000000008000148a900004c90000048a800000005000000050000000f000000000000000a0000000f0004000150344144
439,439,0,4c30415264800008000000000064006422010101000000000000006400640064003b600000000000000000000000db0000000008000148a900004c90000048a800000005000000050000000f000000000000000a0000000f0004000150344144
440,440,0,4c30415264800008000000000064006422010101000000000000006400640064003b600000000000000000000000db0000000008000148a900004c90000048a800000005000000050000000f000000000000000a0000000f0004000150344144
441,441,0,4c30415264800008000000000064006422010101000000000000006400640064003b600000000000000000000000db0000000008000148a900004c90000048a800000005000000050000000f000000000000000a0000000f0004000150344144
442,442,0,4c30415264800008000000000064006422010101000000000000006400640064003b600000000000000000000000db0000000008000148a900004c90000048a800000005000000050000000f000000000000000a0000000f0004000150344144
443,443,0,4c30415264800008000000000064006422010101000000000000006400640064003b600000000000000000000000db0000000008000148a900004c90000048a800000005000000050000000f000000000000000a0000000f0004000150344144
444,444,0,4c30415264800008000000000064006422010101000000000000006400640064003b600000000000000000000000db0000000008000148a900004c90000048a800000005000000050000000f000000000000000a0000000f0004000150344144
445,445,0,4c30415264800008000000000064006422010101000000000000006400640064003b600000000000000000000000db0000000008000148a900004c90000048a800000005000000050000000f000000000000000a0000000f0004000150344144
446,446,0,4c30415264800008000000000064006422010101000000000000006400640064003b600000000000000000000000db0000000008000148a900004c90000048a800000005000000050000000f000000000000000a0000000f0004000150344144
447,447,0,4c30415264800008000000000064006422010101000000000000006400640064003b600000000000000000000000db0000000008000148a900004c90000048a800000005000000050000000f000000000000000a0000000f0004000150344144
448,448,0,4c30415264800008000000000064006422010101000000000000006400640064003b600000000000000000000000db0000000008000148a900004c90000048a800000005000000050000000f000000000000000a0000000f0004000150344144
449,449,0,4c30415264800008000000000064006422010101000000000000006400640064003b600000000000000000000000db0000000008000148a900004c90000048a800000005000000050000000f000000000000000a0000000f0004000150344144
450,450,0,4c30415264800008000000000064006422010101000000000000006400640064003b600000000000000000000000db0000000008000148a900004c90000048a800000005000000050000000f000000000000000a0000000f0004000150344144
451,451,0,4c30415264800008000000000064006422010101000000000000006400640064003b600000000000000000000000db0000000008000148a900004c90000048a800000005000000050000000f000000000000000a0000000f0004000150344144
452,452,0,4c30415264800008000000000064006422010101000000000000006400640064003b600000000000000000000000db0000000008000148a900004c90000048a800000005000000050000000f000000000000000a0000000f0004000150344144
453,453,0,4c30415264800008000000000064006422010101000000000000006400640064003b600000000000000000000000db0000000008000148a900004c90000048a800000005000000050000000f000000000000000a0000000f0004000150344144
454,454,0,4c30415264800008000000000064006422010101000000000000006400640064003b600000000000000000000000db0000000008000148a900004c90000048a800000005000000050000000f000000000000000a0000000f0004000150344144
455,455,0,4c30415264800008000000000064006422010101000000000000006400640064003b600000000000000000000000db0000000008000148a900004c90000048a800000005000000050000000f000000000000000a0000000f0004000150344144
456,456,0,4c30415264800008000000000064006422010101000000000000006400640064003b600000000000000000000000db0000000008000148a900004c90000048a800000005000000050000000f000000000000000a0000000f0004000150344144
457,457,0,4c30415264800008000000000064006422010101000000000000006400640064003b600000000000000000000000db0000000008000148a900004c90000048a800000005000000050000000f000000000000000a0000000f0004000150344144
458,458,0,4c30415264800008000000000064006422010101000000000000006400640064003b600000000000000000000000db0000000008000148a900004c90000048a800000005000000050000000f000000000000000a0000000f0004000150344144
459,459,0,4c30415264800008000000000064006422010101000000000000006400640064003b600000000000000000000000db0000000008000148a900004c90000048a800000005000000050000000f000000000000000a0000000f0004000150344144
460,460,0,4c30415264800008000000000064006422010101000000000000006400640064003b600000000000000000000000db0000000008000148a900004c90000048a800000005000000050000000f000000000000000a0000000f0004000150344144
461,461,0,4c30415264800008000000000064006422010101000000000000006400640064003b600000000000000000000000db0000000008000148a900004c90000048a800000005000000050000000f000000000000000a0000000f0004000150344144
462,462,0,4c30415264800008000000000064006422010101000000000000006400640064003b600000000000000000000000db0000000008000148a900004c90000048a800000005000000050000000f000000000000000a0000000f0004000150344144
463,463,0,4c30415264800008000000000064006422010101000000000000006400640064003b600000000000000000000000db0000000008000148a900004c90000048a800000005000000050000000f000000000000000a0000000f0004000150344144
464,464,0,4c30415264800008000000000064006422010101000000000000006400640064003b600000000000000000000000db0000000008000148a900004c90000048a800000005000000050000000f000000000000000a0000000f0004000150344144
465,465,0,4c30415264800008000000000064006422010101000000000000006400640064003b600000000000000000000000db0000000008000148a900004c90000048a800000005000000050000000f000000000000000a0000000f0004000150344144
466,466,0,4c30415264800008000000000064006422010101000000000000006400640064003b600000000000000000000000db0000000008000148a900004c90000048a800000005000000050000000f000000000000000a0000000f0004000150344144
467,467,0,4c30415264800008000000000064006422010101000000000000006400640064003b600000000000000000000000db0000000008000148a900004c90000048a800000005000000050000000f000000000000000a0000000f0004000150344144
468,468,0,4c30415264800008000000000064006422010101000000000000006400640064003b600000000000000000000000db0000000008000148a900004c90000048a800000005000000050000000f000000000000000a0000000f0004000150344144
469,469,0,4c30415264800008000000000064006422010101000000000000006400640064003b600000000000000000000000db0000000008000148a900004c90000048a800000005000000050000000f000000000000000a0000000f0004000150344144
470,470,0,4c30415264800008000000000064006422010101000000000000006400640064003b600000000000000000000000db0000000008000148a900004c90000048a800000005000000050000000f000000000000000a0000000f0004000150344144
471,471,0,4c30415264800008000000000064006422010101000000000000006400640064003b600000000000000000000000db0000000008000148a900004c90000048a800000005000000050000000f000000000000000a0000000f0004000150344144
472,472,0,4c30415264800008000000000064006422010101000000000000006400640064003b600000000000000000000000db0000000008000148a900004c90000048a800000005000000050000000f000000000000000a0000000f0004000150344144
473,473,0,4c30415264800008000000000064006422010101000000000000006400640064003b600000000000000000000000db0000000008000148a900004c90000048a800000005000000050000000f000000000000000a0000000f0004000150344144
474,474,0,4c30415264800008000000000064006422010101000000000000006400640064003b600000000000000000000000db0000000008000148a900004c90000048a800000005000000050000000f000000000000000a0000000f0004000150344144
475,475,0,4c30415264800008000000000064006422010101000000000000006400640064003b600000000000000000000000db0000000008000148a900004c90000048a800000005000000050000000f000000000000000a0000000f0004000150344144
476,476,0,4c30415264800008000000000064006422010101000000000000006400640064003b600000000000000000000000db0000000008000148a900004c90000048a800000005000000050000000f000000000000000a0000000f0004000150344144
477,477,0,4c30415264800008000000000064006422010101000000000000006400640064003b600000000000000000000000db0000000008000148a900004c90000048a800000005000000050000000f000000000000000a0000000f0004000150344144
478,478,0,4c30415264800008000000000064006422010101000000000000006400640064003b600000000000000000000000db0000000008000148a900004c90000048a800000005000000050000000f000000000000000a0000000f0004000150344144
479,479,0,4c30415264800008000000000064006422010101000000000000006400640064003b600000000000000000000000db0000000008000148a900004c90000048a800000005000000050000000f000000000000000a0000000f0004000150344144
480,480,0,4c30415264800008000000000064006422010101000000000000006400640064003b600000000000000000000000db0000000008000148a900004c90000048a800000005000000050000000f000000000000000a0000000f0004000150344144
481,481,0,4c30415264800008000000000064006422010101000000000000006400640064003b600000000000000000000000db0000000008000148a900004c90000048a800000005000000050000000f000000000000000a0000000f0004000150344144
482,482,0,4c30415264800008000000000064006422010101000000000000006400640064003b600000000000000000000000db0000000008000148a900004c90000048a800000005000000050000000f000000000000000a0000000f0004000150344144
483,483,0,4c30415264800008000000000064006422010101000000000000006400640064003b600000000000000000000000db0000000008000148a900004c90000048a800000005000000050000000f000000000000000a0000000f0004000150344144
484,484,0,4c30415264800008000000000064006422010101000000000000006400640064003b600000000000000000000000db0000000008000148a900004c90000048a800000005000000050000000f000000000000000a0000000f0004000150344144
485,485,0,4c30415264800008000000000064006422010101000000000000006400640064003b600000000000000000000000db0000000008000148a900004c90000048a800000005000000050000000f000000000000000a0000000f0004000150344144
486,486,0,4c30415264800008000000000064006422010101000000000000006400640064003b600000000000000000000000db0000000008000148a900004c90000048a800000005000000050000000f000000000000000a0000000f0004000150344144
487,487,0,4c30415264800008000000000064006422010101000000000000006400640064003b600000000000000000000000db0000000008000148a900004c90000048a800000005000000050000000f000000000000000a0000000f0004000150344144
488,488,0,4c30415264800008000000000064006422010101000000000000006400640064003b600000000000000000000000db0000000008000148a900004c90000048a800000005000000050000000f000000000000000a0000000f0004000150344144
489,489,0,4c30415264800008000000000064006422010101000000000000006400640064003b600000000000000000000000db0000000008000148a900004c90000048a800000005000000050000000f000000000000000a0000000f0004000150344144
490,490,0,4c30415264800008000000000064006422010101000000000000006400640064003b600000000000000000000000db0000000008000148a900004c90000048a800000005000000050000000f000000000000000a0000000f0004000150344144
491,491,0,4c30415264800008000000000064006422010101000000000000006400640064003b600000000000000000000000db0000000008000148a900004c90000048a800000005000000050000000f000000000000000a0000000f0004000150344144
492,492,0,4c30415264800008000000000064006422010101000000000000006400640064003b600000000000000000000000db0000000008000148a900004c90000048a800000005000000050000000f000000000000000a0000000f0004000150344144
493,493,0,4c30415264800008000000000064006422010101000000000000006400640064003b600000000000000000000000db0000000008000148a900004c90000048a800000005000000050000000f000000000000000a0000000f0004000150344144
494,494,0,4c30415264800008000000000064006422010101000000000000006400640064003b600000000000000000000000db0000000008000148a900004c90000048a800000005000000050000000f000000000000000a0000000f0004000150344144
495,495,0,4c30415264800008000000000064006422010101000000000000006400640064003b600000000000000000000000db0000000008000148a900004c90000048a800000005000000050000000f000000000000000a0000000f0004000150344144
496,496,0,4c30415264800008000000000064006422010101000000000000006400640064003b600000000000000000000000db0000000008000148a900004c90000048a800000005000000050000000f000000000000000a0000000f0004000150344144
497,497,0,4c30415264800008000000000064006422010101000000000000006400640064003b600000000000000000000000db0000000008000148a900004c90000048a800000005000000050000000f000000000000000a0000000f0004000150344144
498,498,0,4c30415264800008000000000064006422010101000000000000006400640064003b600000000000000000000000db0000000008000148a900004c90000048a800000005000000050000000f000000000000000a0000000f0004000150344144
499,499,0,4c30415264800008000000000064006422010101000000000000006400640064003b600000000000000000000000db0000000008000148a900004c90000048a800000005000000050000000f000000000000000a0000000f0004000150344144
500,500,0,4c30415264800008000000000064006422010101000000000000006400640064003b600000000000000000000000db0000000008000148a900004c90000048a800000005000000050000000f000000000000000a0000000f0004000150344144
501,501,0,4c30415264800008000000000064006422010101000000000000006400640064003b600000000000000000000000db0000000008000148a900004c90000048a800000005000000050000000f000000000000000a0000000f0004000150344144
502,502,0,4c30415264800008000000000064006422010101000000000000006400640064003b600000000000000000000000db0000000008000148a900004c90000048a800000005000000050000000f000000000000000a0000000f0004000150344144
503,503,0,4c30415264800008000000000064006422010101000000000000006400640064003b600000000000000000000000db0000000008000148a900004c90000048a800000005000000050000000f000000000000000a0000000f0004000150344144
504,504,0,4c30415264800008000000000064006422010101000000000000006400640064003b600000000000000000000000db0000000008000148a900004c90000048a800000005000000050000000f000000000000000a0000000f0004000150344144
505,505,0,4c30415264800008000000000064006422010101000000000000006400640064003b600000000000000000000000db0000000008000148a900004c90000048a800000005000000050000000f000000000000000a0000000f0004000150344144
506,506,0,4c30415264800008000000000064006422010101000000000000006400640064003b600000000000000000000000db0000000008000148a900004c90000048a800000005000000050000000f000000000000000a0000000f0004000150344144
507,507,0,4c30415264800008000000000064006422010101000000000000006400640064003b600000000000000000000000db0000000008000148a900004c90000048a800000005000000050000000f000000000000000a0000000f0004000150344144
508,508,0,4c30415264800008000000000064006422010101000000000000006400640064003b600000000000000000000000db0000000008000148a900004c90000048a800000005000000050000000f000000000000000a0000000f0004000150344144
509,509,0,4c30415264800008000000000064006422010101000000000000006400640064003b600000000000000000000000db0000000008000148a900004c90000048a800000005000000050000000f000000000000000a0000000f0004000150344144
510,510,0,4c30415264800008000000000064006422010101000000000000006400640064003b600000000000000000000000db0000000008000148a900004c90000048a800000005000000050000000f000000000000000a0000000f0004000150344144
511,511,0,4c30415264800008000000000064006422010101000000000000006400640064003b600000000000000000000000db0000000008000148a900004c90000048a800000005000000050000000f000000000000000a0000000f0004000150344144
512,512,0,4c30415264800008000000000064006422010101000000000000006400640064003b600000000000000000000000db0000000008000148a900004c90000048a800000005000000050000000f000000000000000a0000000f0004000150344144
513,513,0,4c30415264800008000000000064006422010101000000000000006400640064003b600000000000000000000000db0000000008000148a900004c90000048a800000005000000050000000f000000000000000a0000000f0004000150344144
514,514,0,4c30415264800008000000000064006422010101000000000000006400640064003b600000000000000000000000db0000000008000148a900004c90000048a800000005000000050000000f000000000000000a0000000f0004000150344144
515,515,0,4c30415264800008000000000064006422010101000000000000006400640064003b600000000000000000000000db0000000008000148a900004c90000048a800000005000000050000000f000000000000000a0000000f0004000150344144
516,516,0,4c30415264800008000000000064006422010101000000000000006400640064003b600000000000000000000000db0000000008000148a900004c90000048a800000005000000050000000f000000000000000a0000000f0004000150344144
517,517,0,4c30415264800008000000000064006422010101000000000000006400640064003b600000000000000000000000db0000000008000148a900004c90000048a800000005000000050000000f000000000000000a0000000f0004000150344144
518,518,0,4c30415264800008000000000064006422010101000000000000006400640064003b600000000000000000000000db0000000008000148a900004c90000048a800000005000000050000000f000000000000000a0000000f0004000150344144
519,519,0,4c30415264800008000000000064006422010101000000000000006400640064003b600000000000000000000000db0000000008000148a900004c90000048a800000005000000050000000f000000000000000a0000000f0004000150344144
520,520,0,4c30415264800008000000000064006422010101000000000000006400640064003b600000000000000000000000db0000000008000148a900004c90000048a800000005000000050000000f000000000000000a0000000f0004000150344144
521,521,0,4c30415264800008000000000064006422010101000000000000006400640064003b600000000000000000000000db0000000008000148a900004c90000048a800000005000000050000000f000000000000000a0000000f0004000150344144
522,522,0,4c30415264800008000000000064006422010101000000000000006400640064003b600000000000000000000000db0000000008000148a900004c90000048a800000005000000050000000f000000000000000a0000000f0004000150344144
523,523,0,4c30415264800008000000000064006422010101000000000000006400640064003b600000000000000000000000db0000000008000148a900004c90000048a800000005000000050000000f000000000000000a0000000f0004000150344144
524,524,0,4c30415264800008000000000064006422010101000000000000006400640064003b600000000000000000000000db0000000008000148a900004c90000048a800000005000000050000000f000000000000000a0000000f0004000150344144
525,525,0,4c30415264800008000000000064006422010101000000000000006400640064003b600000000000000000000000db0000000008000148a900004c90000048a800000005000000050000000f000000000000000a0000000f0004000150344144
526,526,0,4c30415264800008000000000064006422010101000000000000006400640064003b600000000000000000000000db0000000008000148a900004c90000048a800000005000000050000000f000000000000000a0000000f0004000150344144
527,527,0,4c30415264800008000000000064006422010101000000000000006400640064003b600000000000000000000000db0000000008000148a900004c90000048a800000005000000050000000f000000000000000a0000000f0004000150344144
528,528,0,4c30415264800008000000000064006422010101000000000000006400640064003b600000000000000000000000db0000000008000148a900004c90000048a800000005000000050000000f000000000000000a0000000f0004000150344144
529,529,0,4c30415264800008000000000064006422010101000000000000006400640064003b600000000000000000000000db0000000008000148a900004c90000048a800000005000000050000000f000000000000000a0000000f0004000150344144
530,530,0,4c30415264800008000000000064006422010101000000000000006400640064003b600000000000000000000000db0000000008000148a900004c90000048a800000005000000050000000f000000000000000a0000000f0004000150344144
531,531,0,4c30415264800008000000000064006422010101000000000000006400640064003b600000000000000000000000db0000000008000148a900004c90000048a800000005000000050000000f000000000000000a0000000f0004000150344144
532,532,0,4c30415264800008000000000064006422010101000000000000006400640064003b600000000000000000000000db0000000008000148a900004c90000048a800000005000000050000000f000000000000000a0000000f0004000150344144
533,533,0,4c30415264800008000000000064006422010101000000000000006400640064003b600000000000000000000000db0000000008000148a900004c90000048a800000005000000050000000f000000000000000a0000000f0004000150344144
534,534,0,4c30415264800008000000000064006422010101000000000000006400640064003b600000000000000000000000db0000000008000148a900004c90000048a800000005000000050000000f000000000000000a0000000f0004000150344144
535,535,0,4c30415264800008000000000064006422010101000000000000006400640064003b600000000000000000000000db0000000008000148a900004c90000048a800000005000000050000000f000000000000000a0000000f0004000150344144
536,536,0,4c30415264800008000000000064006422010101000000000000006400640064003b600000000000000000000000db0000000008000148a900004c90000048a800000005000000050000000f000000000000000a0000000f0004000150344144
537,537,0,4c30415264800008000000000064006422010101000000000000006400640064003b600000000000000000000000db0000000008000148a900004c90000048a800000005000000050000000f000000000000000a0000000f0004000150344144
538,538,0,4c30415264800008000000000064006422010101000000000000006400640064003b600000000000000000000000db0000000008000148a900004c90000048a800000005000000050000000f000000000000000a0000000f0004000150344144
539,539,0,4c30415264800008000000000064006422010101000000000000006400640064003b600000000000000000000000db0000000008000148a900004c90000048a800000005000000050000000f000000000000000a0000000f0004000150344144
540,540,0,4c30415264800008000000000064006422010101000000000000006400640064003b600000000000000000000000db0000000008000148a900004c90000048a800000005000000050000000f000000000000000a0000000f0004000150344144
541,541,0,4c30415264800008000000000064006422010101000000000000006400640064003b600000000000000000000000db0000000008000148a900004c90000048a800000005000000050000000f000000000000000a0000000f0004000150344144
542,542,0,4c30415264800008000000000064006422010101000000000000006400640064003b600000000000000000000000db0000000008000148a900004c90000048a800000005000000050000000f000000000000000a0000000f0004000150344144
543,543,0,4c30415264800008000000000064006422010101000000000000006400640064003b600000000000000000000000db0000000008000148a900004c90000048a800000005000000050000000f000000000000000a0000000f0004000150344144
544,544,0,4c30415264800008000000000064006422010101000000000000006400640064003b600000000000000000000000db0000000008000148a900004c90000048a800000005000000050000000f000000000000000a0000000f0004000150344144
545,545,0,4c30415264800008000000000064006422010101000000000000006400640064003b600000000000000000000000db0000000008000148a900004c90000048a800000005000000050000000f000000000000000a0000000f0004000150344144
546,546,0,4c30415264800008000000000064006422010101000000000000006400640064003b600000000000000000000000db0000000008000148a900004c90000048a800000005000000050000000f000000000000000a0000000f0004000150344144
547,547,0,4c30415264800008000000000064006422010101000000000000006400640064003b600000000000000000000000db0000000008000148a900004c90000048a800000005000000050000000f000000000000000a0000000f0004000150344144
548,548,0,4c30415264800008000000000064006422010101000000000000006400640064003b600000000000000000000000db0000000008000148a900004c90000048a800000005000000050000000f000000000000000a0000000f0004000150344144
549,549,0,4c30415264800008000000000064006422010101000000000000006400640064003b600000000000000000000000db0000000008000148a900004c90000048a800000005000000050000000f000000000000000a0000000f0004000150344144
550,550,0,4c30415264800008000000000064006422010101000000000000006400640064003b600000000000000000000000db0000000008000148a900004c90000048a800000005000000050000000f000000000000000a0000000f0004000150344144
551,551,0,4c30415264800008000000000064006422010101000000000000006400640064003b600000000000000000000000db0000000008000148a900004c90000048a800000005000000050000000f000000000000000a0000000f0004000150344144
552,552,0,4c30415264800008000000000064006422010101000000000000006400640064003b600000000000000000000000db0000000008000148a900004c90000048a800000005000000050000000f000000000000000a0000000f0004000150344144
553,553,0,4c30415264800008000000000064006422010101000000000000006400640064003b600000000000000000000000db0000000008000148a900004c90000048a800000005000000050000000f000000000000000a0000000f0004000150344144
554,554,0,4c30415264800008000000000064006422010101000000000000006400640064003b600000000000000000000000db0000000008000148a900004c90000048a800000005000000050000000f000000000000000a0000000f0004000150344144
555,555,0,4c30415264800008000000000064006422010101000000000000006400640064003b600000000000000000000000db0000000008000148a900004c90000048a800000005000000050000000f000000000000000a0000000f0004000150344144
556,556,0,4c30415264800008000000000064006422010101000000000000006400640064003b600000000000000000000000db0000000008000148a900004c90000048a800000005000000050000000f000000000000000a0000000f0004000150344144
557,557,0,4c30415264800008000000000064006422010101000000000000006400640064003b600000000000000000000000db0000000008000148a900004c90000048a800000005000000050000000f000000000000000a0000000f0004000150344144
558,558,0,4c30415264800008000000000064006422010101000000000000006400640064003b600000000000000000000000db0000000008000148a900004c90000048a800000005000000050000000f000000000000000a0000000f0004000150344144
559,559,0,4c30415264800008000000000064006422010101000000000000006400640064003b600000000000000000000000db0000000008000148a900004c90000048a800000005000000050000000f000000000000000a0000000f0004000150344144
560,560,0,4c30415264800008000000000064006422010101000000000000006400640064003b600000000000000000000000db0000000008000148a900004c90000048a800000005000000050000000f000000000000000a0000000f0004000150344144
561,561,0,4c30415264800008000000000064006422010101000000000000006400640064003b600000000000000000000000db0000000008000148a900004c90000048a800000005000000050000000f000000000000000a0000000f0004000150344144
562,562,0,4c30415264800008000000000064006422010101000000000000006400640064003b600000000000000000000000db0000000008000148a900004c90000048a800000005000000050000000f000000000000000a0000000f0004000150344144
563,563,0,4c30415264800008000000000064006422010101000000000000006400640064003b600000000000000000000000db0000000008000148a900004c90000048a800000005000000050000000f000000000000000a0000000f0004000150344144
564,564,0,4c30415264800008000000000064006422010101000000000000006400640064003b600000000000000000000000db0000000008000148a900004c90000048a800000005000000050000000f000000000000000a0000000f0004000150344144
565,565,0,4c30415264800008000000000064006422010101000000000000006400640064003b600000000000000000000000db0000000008000148a900004c90000048a800000005000000050000000f000000000000000a0000000f0004000150344144
566,566,0,4c30415264800008000000000064006422010101000000000000006400640064003b600000000000000000000000db0000000008000148a900004c90000048a800000005000000050000000f000000000000000a0000000f0004000150344144
567,567,0,4c30415264800008000000000064006422010101000000000000006400640064003b600000000000000000000000db0000000008000148a900004c90000048a800000005000000050000000f000000000000000a0000000f0004000150344144
568,568,0,4c30415264800008000000000064006422010101000000000000006400640064003b600000000000000000000000db0000000008000148a900004c90000048a800000005000000050000000f000000000000000a0000000f0004000150344144
569,569,0,4c30415264800008000000000064006422010101000000000000006400640064003b600000000000000000000000db0000000008000148a900004c90000048a800000005000000050000000f000000000000000a0000000f0004000150344144
570,570,0,4c30415264800008000000000064006422010101000000000000006400640064003b600000000000000000000000db0000000008000148a900004c90000048a800000005000000050000000f000000000000000a0000000f0004000150344144
571,571,0,4c30415264800008000000000064006422010101000000000000006400640064003b600000000000000000000000db0000000008000148a900004c90000048a800000005000000050000000f000000000000000a0000000f0004000150344144
572,572,0,4c30415264800008000000000064006422010101000000000000006400640064003b600000000000000000000000db0000000008000148a900004c90000048a800000005000000050000000f000000000000000a0000000f0004000150344144
573,573,0,4c30415264800008000000000064006422010101000000000000006400640064003b600000000000000000000000db0000000008000148a900004c90000048a800000005000000050000000f000000000000000a0000000f0004000150344144
574,574,0,4c30415264800008000000000064006422010101000000000000006400640064003b600000000000000000000000db0000000008000148a900004c90000048a800000005000000050000000f000000000000000a0000000f0004000150344144
575,575,0,4c30415264800008000000000064006422010101000000000000006400640064003b600000000000000000000000db0000000008000148a900004c90000048a800000005000000050000000f000000000000000a0000000f0004000150344144
576,576,0,4c30415264800008000000000064006422010101000000000000006400640064003b600000000000000000000000db0000000008000148a900004c90000048a800000005000000050000000f000000000000000a0000000f0004000150344144
577,577,0,4c30415264800008000000000064006422010101000000000000006400640064003b600000000000000000000000db0000000008000148a900004c90000048a800000005000000050000000f000000000000000a0000000f0004000150344144
578,578,0,4c30415264800008000000000064006422010101000000000000006400640064003b600000000000000000000000db0000000008000148a900004c90000048a800000005000000050000000f000000000000000a0000000f0004000150344144
579,579,0,4c30415264800008000000000064006422010101000000000000006400640064003b600000000000000000000000db0000000008000148a900004c90000048a800000005000000050000000f000000000000000a0000000f0004000150344144
580,580,0,4c30415264800008000000000064006422010101000000000000006400640064003b600000000000000000000000db0000000008000148a900004c90000048a800000005000000050000000f000000000000000a0000000f0004000150344144
581,581,0,4c30415264800008000000000064006422010101000000000000006400640064003b600000000000000000000000db0000000008000148a900004c90000048a800000005000000050000000f000000000000000a0000000f0004000150344144
582,582,0,4c30415264800008000000000064006422010101000000000000006400640064003b600000000000000000000000db0000000008000148a900004c90000048a800000005000000050000000f000000000000000a0000000f0004000150344144
583,583,0,4c30415264800008000000000064006422010101000000000000006400640064003b600000000000000000000000db0000000008000148a900004c90000048a800000005000000050000000f000000000000000a0000000f0004000150344144
584,584,0,4c30415264800008000000000064006422010101000000000000006400640064003b600000000000000000000000db0000000008000148a900004c90000048a800000005000000050000000f000000000000000a0000000f0004000150344144
585,585,0,4c30415264800008000000000064006422010101000000000000006400640064003b600000000000000000000000db0000000008000148a900004c90000048a800000005000000050000000f000000000000000a0000000f0004000150344144
586,586,0,4c30415264800008000000000064006422010101000000000000006400640064003b600000000000000000000000db0000000008000148a900004c90000048a800000005000000050000000f000000000000000a0000000f0004000150344144
587,587,0,4c30415264800008000000000064006422010101000000000000006400640064003b600000000000000000000000db0000000008000148a900004c90000048a800000005000000050000000f000000000000000a0000000f0004000150344144
588,588,0,4c30415264800008000000000064006422010101000000000000006400640064003b600000000000000000000000db0000000008000148a900004c90000048a800000005000000050000000f000000000000000a0000000f0004000150344144
589,589,0,4c30415264800008000000000064006422010101000000000000006400640064003b600000000000000000000000db0000000008000148a900004c90000048a800000005000000050000000f000000000000000a0000000f0004000150344144
590,590,0,4c30415264800008000000000064006422010101000000000000006400640064003b600000000000000000000000db0000000008000148a900004c90000048a800000005000000050000000f000000000000000a0000000f0004000150344144
591,591,0,4c30415264800008000000000064006422010101000000000000006400640064003b600000000000000000000000db0000000008000148a900004c90000048a800000005000000050000000f000000000000000a0000000f0004000150344144
592,592,0,4c30415264800008000000000064006422010101000000000000006400640064003b600000000000000000000000db0000000008000148a900004c90000048a800000005000000050000000f000000000000000a0000000f0004000150344144
593,593,0,4c30415264800008000000000064006422010101000000000000006400640064003b600000000000000000000000db0000000008000148a900004c90000048a800000005000000050000000f000000000000000a0000000f0004000150344144
594,594,0,4c30415264800008000000000064006422010101000000000000006400640064003b600000000000000000000000db0000000008000148a900004c90000048a800000005000000050000000f000000000000000a0000000f0004000150344144
595,595,0,4c30415264800008000000000064006422010101000000000000006400640064003b600000000000000000000000db0000000008000148a900004c90000048a800000005000000050000000f000000000000000a0000000f0004000150344144
596,596,0,4c30415264800008000000000064006422010101000000000000006400640064003b600000000000000000000000db0000000008000148a900004c90000048a800000005000000050000000f000000000000000a0000000f0004000150344144
597,597,0,4c30415264800008000000000064006422010101000000000000006400640064003b600000000000000000000000db0000000008000148a900004c90000048a800000005000000050000000f000000000000000a0000000f0004000150344144
598,598,0,4c30415264800008000000000064006422010101000000000000006400640064003b600000000000000000000000db0000000008000148a900004c90000048a800000005000000050000000f000000000000000a0000000f0004000150344144
599,599,0,4c30415264800008000000000064006422010101000000000000006400640064003b600000000000000000000000db0000000008000148a900004c90000048a800000005000000050000000f000000000000000a0000000f0004000150344144
600,600,0,4c30415264800008000000000064006422010101000000000000006400640064003b600000000000000000000000db0000000008000148a900004c90000048a800000005000000050000000f000000000000000a0000000f0004000150344144
601,601,0,4c30415264800008000000000064006422010101000000000000006400640064003b600000000000000000000000db0000000008000148a900004c90000048a800000005000000050000000f000000000000000a0000000f0004000150344144
602,602,0,4c30415264800008000000000064006422010101000000000000006400640064003b600000000000000000000000db0000000008000148a900004c90000048a800000005000000050000000f000000000000000a0000000f0004000150344144
603,603,0,4c30415264800008000000000064006422010101000000000000006400640064003b600000000000000000000000db0000000008000148a900004c90000048a800000005000000050000000f000000000000000a0000000f0004000150344144
604,604,0,4c30415264800008000000000064006422010101000000000000006400640064003b600000000000000000000000db0000000008000148a900004c90000048a800000005000000050000000f000000000000000a0000000f0004000150344144
605,605,0,4c30415264800008000000000064006422010101000000000000006400640064003b600000000000000000000000db0000000008000148a900004c90000048a800000005000000050000000f000000000000000a0000000f0004000150344144
606,606,0,4c30415264800008000000000064006422010101000000000000006400640064003b600000000000000000000000db0000000008000148a900004c90000048a800000005000000050000000f000000000000000a0000000f0004000150344144
607,607,0,4c30415264800008000000000064006422010101000000000000006400640064003b600000000000000000000000db0000000008000148a900004c90000048a800000005000000050000000f000000000000000a0000000f0004000150344144
608,608,0,4c30415264800008000000000064006422010101000000000000006400640064003b600000000000000000000000db0000000008000148a900004c90000048a800000005000000050000000f000000000000000a0000000f0004000150344144
609,609,0,4c30415264800008000000000064006422010101000000000000006400640064003b600000000000000000000000db0000000008000148a900004c90000048a800000005000000050000000f000000000000000a0000000f0004000150344144
610,610,0,4c30415264800008000000000064006422010101000000000000006400640064003b600000000000000000000000db0000000008000148a900004c90000048a800000005000000050000000f000000000000000a0000000f0004000150344144
611,611,0,4c30415264800008000000000064006422010101000000000000006400640064003b600000000000000000000000db0000000008000148a900004c90000048a800000005000000050000000f000000000000000a0000000f0004000150344144
612,612,0,4c30415264800008000000000064006422010101000000000000006400640064003b600000000000000000000000db0000000008000148a900004c90000048a800000005000000050000000f000000000000000a0000000f0004000150344144
613,613,0,4c30415264800008000000000064006422010101000000000000006400640064003b600000000000000000000000db0000000008000148a900004c90000048a800000005000000050000000f000000000000000a0000000f0004000150344144
614,614,0,4c30415264800008000000000064006422010101000000000000006400640064003b600000000000000000000000db0000000008000148a900004c90000048a800000005000000050000000f000000000000000a0000000f0004000150344144
615,615,0,4c30415264800008000000000064006422010101000000000000006400640064003b600000000000000000000000db0000000008000148a900004c90000048a800000005000000050000000f000000000000000a0000000f0004000150344144
616,616,0,4c30415264800008000000000064006422010101000000000000006400640064003b600000000000000000000000db0000000008000148a900004c90000048a800000005000000050000000f000000000000000a0000000f0004000150344144
617,617,0,4c30415264800008000000000064006422010101000000000000006400640064003b600000000000000000000000db0000000008000148a900004c90000048a800000005000000050000000f000000000000000a0000000f0004000150344144
618,618,0,4c30415264800008000000000064006422010101000000000000006400640064003b600000000000000000000000db0000000008000148a900004c90000048a800000005000000050000000f000000000000000a0000000f0004000150344144
619,619,0,4c30415264800008000000000064006422010101000000000000006400640064003b600000000000000000000000db0000000008000148a900004c90000048a800000005000000050000000f000000000000000a0000000f0004000150344144
620,620,0,4c30415264800008000000000064006422010101000000000000006400640064003b600000000000000000000000db0000000008000148a900004c90000048a800000005000000050000000f000000000000000a0000000f0004000150344144
621,621,0,4c30415264800008000000000064006422010101000000000000006400640064003b600000000000000000000000db0000000008000148a900004c90000048a800000005000000050000000f000000000000000a0000000f0004000150344144
622,622,0,4c30415264800008000000000064006422010101000000000000006400640064003b600000000000000000000000db0000000008000148a900004c90000048a800000005000000050000000f000000000000000a0000000f0004000150344144
623,623,0,4c30415264800008000000000064006422010101000000000000006400640064003b600000000000000000000000db0000000008000148a900004c90000048a800000005000000050000000f000000000000000a0000000f0004000150344144
624,624,0,4c30415264800008000000000064006422010101000000000000006400640064003b600000000000000000000000db0000000008000148a900004c90000048a800000005000000050000000f000000000000000a0000000f0004000150344144
625,625,0,4c30415264800008000000000064006422010101000000000000006400640064003b600000000000000000000000db0000000008000148a900004c90000048a800000005000000050000000f000000000000000a0000000f0004000150344144
626,626,0,4c30415264800008000000000064006422010101000000000000006400640064003b600000000000000000000000db0000000008000148a900004c90000048a800000005000000050000000f000000000000000a0000000f0004000150344144
627,627,0,4c30415264800008000000000064006422010101000000000000006400640064003b600000000000000000000000db0000000008000148a900004c90000048a800000005000000050000000f000000000000000a0000000f0004000150344144
628,628,0,4c30415264800008000000000064006422010101000000000000006400640064003b600000000000000000000000db0000000008000148a900004c90000048a800000005000000050000000f000000000000000a0000000f0004000150344144
629,629,0,4c30415264800008000000000064006422010101000000000000006400640064003b600000000000000000000000db0000000008000148a900004c90000048a800000005000000050000000f000000000000000a0000000f0004000150344144
630,630,0,4c30415264800008000000000064006422010101000000000000006400640064003b600000000000000000000000db0000000008000148a900004c90000048a800000005000000050000000f000000000000000a0000000f0004000150344144
631,631,0,4c30415264800008000000000064006422010101000000000000006400640064003b600000000000000000000000db0000000008000148a900004c90000048a800000005000000050000000f000000000000000a0000000f0004000150344144
632,632,0,4c30415264800008000000000064006422010101000000000000006400640064003b600000000000000000000000db0000000008000148a900004c90000048a800000005000000050000000f000000000000000a0000000f0004000150344144
633,633,0,4c30415264800008000000000064006422010101000000000000006400640064003b600000000000000000000000db0000000008000148a900004c90000048a800000005000000050000000f000000000000000a0000000f0004000150344144
634,634,0,4c30415264800008000000000064006422010101000000000000006400640064003b600000000000000000000000db0000000008000148a900004c90000048a800000005000000050000000f000000000000000a0000000f0004000150344144
635,635,0,4c30415264800008000000000064006422010101000000000000006400640064003b600000000000000000000000db0000000008000148a900004c90000048a800000005000000050000000f000000000000000a0000000f0004000150344144
636,636,0,4c30415264800008000000000064006422010101000000000000006400640064003b600000000000000000000000db0000000008000148a900004c90000048a800000005000000050000000f000000000000000a0000000f0004000150344144
637,637,0,4c30415264800008000000000064006422010101000000000000006400640064003b600000000000000000000000db0000000008000148a900004c90000048a800000005000000050000000f000000000000000a0000000f0004000150344144
638,638,0,4c30415264800008000000000064006422010101000000000000006400640064003b600000000000000000000000db0000000008000148a900004c90000048a800000005000000050000000f000000000000000a0000000f0004000150344144
639,639,0,4c30415264800008000000000064006422010101000000000000006400640064003b600000000000000000000000db0000000008000148a900004c90000048a800000005000000050000000f000000000000000a0000000f0004000150344144
640,640,0,4c30415264800008000000000064006422010101000000000000006400640064003b600000000000000000000000db0000000008000148a900004c90000048a800000005000000050000000f000000000000000a0000000f0004000150344144
641,641,0,4c30415264800008000000000064006422010101000000000000006400640064003b600000000000000000000000db0000000008000148a900004c90000048a800000005000000050000000f000000000000000a0000000f0004000150344144
642,642,0,4c30415264800008000000000064006422010101000000000000006400640064003b600000000000000000000000db0000000008000148a900004c90000048a800000005000000050000000f000000000000000a0000000f0004000150344144
643,643,0,4c30415264800008000000000064006422010101000000000000006400640064003b600000000000000000000000db0000000008000148a900004c90000048a800000005000000050000000f000000000000000a0000000f0004000150344144
644,644,0,4c30415264800008000000000064006422010101000000000000006400640064003b600000000000000000000000db0000000008000148a900004c90000048a800000005000000050000000f000000000000000a0000000f0004000150344144
645,645,0,4c30415264800008000000000064006422010101000000000000006400640064003b600000000000000000000000db0000000008000148a900004c90000048a800000005000000050000000f000000000000000a0000000f0004000150344144
646,646,0,4c30415264800008000000000064006422010101000000000000006400640064003b600000000000000000000000db0000000008000148a900004c90000048a800000005000000050000000f000000000000000a0000000f0004000150344144
647,647,0,4c30415264800008000000000064006422010101000000000000006400640064003b600000000000000000000000db0000000008000148a900004c90000048a800000005000000050000000f000000000000000a0000000f0004000150344144
648,648,0,4c30415264800008000000000064006422010101000000000000006400640064003b600000000000000000000000db0000000008000148a900004c90000048a800000005000000050000000f000000000000000a0000000f0004000150344144
649,649,0,4c30415264800008000000000064006422010101000000000000006400640064003b600000000000000000000000db0000000008000148a900004c90000048a800000005000000050000000f000000000000000a0000000f0004000150344144
650,650,0,4c30415264800008000000000064006422010101000000000000006400640064003b600000000000000000000000db0000000008000148a900004c90000048a800000005000000050000000f000000000000000a0000000f0004000150344144
651,651,0,4c30415264800008000000000064006422010101000000000000006400640064003b600000000000000000000000db0000000008000148a900004c90000048a800000005000000050000000f000000000000000a0000000f0004000150344144
652,652,0,4c30415264800008000000000064006422010101000000000000006400640064003b600000000000000000000000db0000000008000148a900004c90000048a800000005000000050000000f000000000000000a0000000f0004000150344144
653,653,0,4c30415264800008000000000064006422010101000000000000006400640064003b600000000000000000000000db0000000008000148a900004c90000048a800000005000000050000000f000000000000000a0000000f0004000150344144
654,654,0,4c30415264800008000000000064006422010101000000000000006400640064003b600000000000000000000000db0000000008000148a900004c90000048a800000005000000050000000f000000000000000a0000000f0004000150344144
655,655,0,4c30415264800008000000000064006422010101000000000000006400640064003b600000000000000000000000db0000000008000148a900004c90000048a800000005000000050000000f000000000000000a0000000f0004000150344144
656,656,0,4c30415264800008000000000064006422010101000000000000006400640064003b600000000000000000000000db0000000008000148a900004c90000048a800000005000000050000000f000000000000000a0000000f0004000150344144
657,657,0,4c30415264800008000000000064006422010101000000000000006400640064003b600000000000000000000000db0000000008000148a900004c90000048a800000005000000050000000f000000000000000a0000000f0004000150344144
658,658,0,4c30415264800008000000000064006422010101000000000000006400640064003b600000000000000000000000db0000000008000148a900004c90000048a800000005000000050000000f000000000000000a0000000f0004000150344144
659,659,0,4c30415264800008000000000064006422010101000000000000006400640064003b600000000000000000000000db0000000008000148a900004c90000048a800000005000000050000000f000000000000000a0000000f0004000150344144
660,660,0,4c30415264800008000000000064006422010101000000000000006400640064003b600000000000000000000000db0000000008000148a900004c90000048a800000005000000050000000f000000000000000a0000000f0004000150344144
661,661,0,4c30415264800008000000000064006422010101000000000000006400640064003b600000000000000000000000db0000000008000148a900004c90000048a800000005000000050000000f000000000000000a0000000f0004000150344144
662,662,0,4c30415264800008000000000064006422010101000000000000006400640064003b600000000000000000000000db0000000008000148a900004c90000048a800000005000000050000000f000000000000000a0000000f0004000150344144
663,663,0,4c30415264800008000000000064006422010101000000000000006400640064003b600000000000000000000000db0000000008000148a900004c90000048a800000005000000050000000f000000000000000a0000000f0004000150344144
664,664,0,4c30415264800008000000000064006422010101000000000000006400640064003b600000000000000000000000db0000000008000148a900004c90000048a800000005000000050000000f000000000000000a0000000f0004000150344144
665,665,0,4c30415264800008000000000064006422010101000000000000006400640064003b600000000000000000000000db0000000008000148a900004c90000048a800000005000000050000000f000000000000000a0000000f0004000150344144
666,666,0,4c30415264800008000000000064006422010101000000000000006400640064003b600000000000000000000000db0000000008000148a900004c90000048a800000005000000050000000f000000000000000a0000000f0004000150344144
667,667,0,4c30415264800008000000000064006422010101000000000000006400640064003b600000000000000000000000db0000000008000148a900004c90000048a800000005000000050000000f000000000000000a0000000f0004000150344144
668,668,0,4c30415264800008000000000064006422010101000000000000006400640064003b600000000000000000000000db0000000008000148a900004c90000048a800000005000000050000000f000000000000000a0000000f0004000150344144
669,669,0,4c30415264800008000000000064006422010101000000000000006400640064003b600000000000000000000000db0000000008000148a900004c90000048a800000005000000050000000f000000000000000a0000000f0004000150344144
670,670,0,4c30415264800008000000000064006422010101000000000000006400640064003b600000000000000000000000db0000000008000148a900004c90000048a800000005000000050000000f000000000000000a0000000f0004000150344144
671,671,0,4c30415264800008000000000064006422010101000000000000006400640064003b600000000000000000000000db0000000008000148a900004c90000048a800000005000000050000000f000000000000000a0000000f0004000150344144
672,672,0,4c30415264800008000000000064006422010101000000000000006400640064003b600000000000000000000000db0000000008000148a900004c90000048a800000005000000050000000f000000000000000a0000000f0004000150344144
673,673,0,4c30415264800008000000000064006422010101000000000000006400640064003b600000000000000000000000db0000000008000148a900004c90000048a800000005000000050000000f000000000000000a0000000f0004000150344144
674,674,0,4c30415264800008000000000064006422010101000000000000006400640064003b600000000000000000000000db0000000008000148a900004c90000048a800000005000000050000000f000000000000000a0000000f0004000150344144
675,675,0,4c30415264800008000000000064006422010101000000000000006400640064003b600000000000000000000000db0000000008000148a900004c90000048a800000005000000050000000f000000000000000a0000000f0004000150344144
676,676,0,4c30415264800008000000000064006422010101000000000000006400640064003b600000000000000000000000db0000000008000148a900004c90000048a800000005000000050000000f000000000000000a0000000f0004000150344144
677,677,0,4c30415264800008000000000064006422010101000000000000006400640064003b600000000000000000000000db0000000008000148a900004c90000048a800000005000000050000000f000000000000000a0000000f0004000150344144
678,678,0,4c30415264800008000000000064006422010101000000000000006400640064003b600000000000000000000000db0000000008000148a900004c90000048a800000005000000050000000f000000000000000a0000000f0004000150344144
679,679,0,4c30415264800008000000000064006422010101000000000000006400640064003b600000000000000000000000db0000000008000148a900004c90000048a800000005000000050000000f000000000000000a0000000f0004000150344144
680,680,0,4c30415264800008000000000064006422010101000000000000006400640064003b600000000000000000000000db0000000008000148a900004c90000048a800000005000000050000000f000000000000000a0000000f0004000150344144
681,681,0,4c30415264800008000000000064006422010101000000000000006400640064003b600000000000000000000000db0000000008000148a900004c90000048a800000005000000050000000f000000000000000a0000000f0004000150344144
682,682,0,4c30415264800008000000000064006422010101000000000000006400640064003b600000000000000000000000db0000000008000148a900004c90000048a800000005000000050000000f000000000000000a0000000f0004000150344144
683,683,0,4c30415264800008000000000064006422010101000000000000006400640064003b600000000000000000000000db0000000008000148a900004c90000048a800000005000000050000000f000000000000000a0000000f0004000150344144
684,684,0,4c30415264800008000000000064006422010101000000000000006400640064003b600000000000000000000000db0000000008000148a900004c90000048a800000005000000050000000f000000000000000a0000000f0004000150344144
685,685,0,4c30415264800008000000000064006422010101000000000000006400640064003b600000000000000000000000db0000000008000148a900004c90000048a800000005000000050000000f000000000000000a0000000f0004000150344144
686,686,0,4c30415264800008000000000064006422010101000000000000006400640064003b600000000000000000000000db0000000008000148a900004c90000048a800000005000000050000000f000000000000000a0000000f0004000150344144
687,687,0,4c30415264800008000000000064006422010101000000000000006400640064003b600000000000000000000000db0000000008000148a900004c90000048a800000005000000050000000f000000000000000a0000000f0004000150344144
688,688,0,4c30415264800008000000000064006422010101000000000000006400640064003b600000000000000000000000db0000000008000148a900004c90000048a800000005000000050000000f000000000000000a0000000f0004000150344144
689,689,0,4c30415264800008000000000064006422010101000000000000006400640064003b600000000000000000000000db0000000008000148a900004c90000048a800000005000000050000000f000000000000000a0000000f0004000150344144
690,690,0,4c30415264800008000000000064006422010101000000000000006400640064003b600000000000000000000000db0000000008000148a900004c90000048a800000005000000050000000f000000000000000a0000000f0004000150344144
691,691,0,4c30415264800008000000000064006422010101000000000000006400640064003b600000000000000000000000db0000000008000148a900004c90000048a800000005000000050000000f000000000000000a0000000f0004000150344144
692,692,0,4c30415264800008000000000064006422010101000000000000006400640064003b600000000000000000000000db0000000008000148a900004c90000048a800000005000000050000000f000000000000000a0000000f0004000150344144
693,693,0,4c30415264800008000000000064006422010101000000000000006400640064003b600000000000000000000000db0000000008000148a900004c90000048a800000005000000050000000f000000000000000a0000000f0004000150344144
694,694,0,4c30415264800008000000000064006422010101000000000000006400640064003b600000000000000000000000db0000000008000148a900004c90000048a800000005000000050000000f000000000000000a0000000f0004000150344144
695,695,0,4c30415264800008000000000064006422010101000000000000006400640064003b600000000000000000000000db0000000008000148a900004c90000048a800000005000000050000000f000000000000000a0000000f0004000150344144
696,696,0,4c30415264800008000000000064006422010101000000000000006400640064003b600000000000000000000000db0000000008000148a900004c90000048a800000005000000050000000f000000000000000a0000000f0004000150344144
697,697,0,4c30415264800008000000000064006422010101000000000000006400640064003b600000000000000000000000db0000000008000148a900004c90000048a800000005000000050000000f000000000000000a0000000f0004000150344144
698,698,0,4c30415264800008000000000064006422010101000000000000006400640064003b600000000000000000000000db0000000008000148a900004c90000048a800000005000000050000000f000000000000000a0000000f0004000150344144
699,699,0,4c30415264800008000000000064006422010101000000000000006400640064003b600000000000000000000000db0000000008000148a900004c90000048a800000005000000050000000f000000000000000a0000000f0004000150344144
700,700,0,4c30415264800008000000000064006422010101000000000000006400640064003b600000000000000000000000db0000000008000148a900004c90000048a800000005000000050000000f000000000000000a0000000f0004000150344144
701,701,0,4c30415264800008000000000064006422010101000000000000006400640064003b600000000000000000000000db0000000008000148a900004c90000048a800000005000000050000000f000000000000000a0000000f0004000150344144
702,702,0,4c30415264800008000000000064006422010101000000000000006400640064003b600000000000000000000000db0000000008000148a900004c90000048a800000005000000050000000f000000000000000a0000000f0004000150344144
703,703,0,4c30415264800008000000000064006422010101000000000000006400640064003b600000000000000000000000db0000000008000148a900004c90000048a800000005000000050000000f000000000000000a0000000f0004000150344144
704,704,0,4c30415264800008000000000064006422010101000000000000006400640064003b600000000000000000000000db0000000008000148a900004c90000048a800000005000000050000000f000000000000000a0000000f0004000150344144
705,705,0,4c30415264800008000000000064006422010101000000000000006400640064003b600000000000000000000000db0000000008000148a900004c90000048a800000005000000050000000f000000000000000a0000000f0004000150344144
706,706,0,4c30415264800008000000000064006422010101000000000000006400640064003b600000000000000000000000db0000000008000148a900004c90000048a800000005000000050000000f000000000000000a0000000f0004000150344144
707,707,0,4c30415264800008000000000064006422010101000000000000006400640064003b600000000000000000000000db0000000008000148a900004c90000048a800000005000000050000000f000000000000000a0000000f0004000150344144
708,708,0,4c30415264800008000000000064006422010101000000000000006400640064003b600000000000000000000000db0000000008000148a900004c90000048a800000005000000050000000f000000000000000a0000000f0004000150344144
709,709,0,4c30415264800008000000000064006422010101000000000000006400640064003b600000000000000000000000db0000000008000148a900004c90000048a800000005000000050000000f000000000000000a0000000f0004000150344144
710,710,0,4c30415264800008000000000064006422010101000000000000006400640064003b600000000000000000000000db0000000008000148a900004c90000048a800000005000000050000000f000000000000000a0000000f0004000150344144
711,711,0,4c30415264800008000000000064006422010101000000000000006400640064003b600000000000000000000000db0000000008000148a900004c90000048a800000005000000050000000f000000000000000a0000000f0004000150344144
712,712,0,4c30415264800008000000000064006422010101000000000000006400640064003b600000000000000000000000db0000000008000148a900004c90000048a800000005000000050000000f000000000000000a0000000f0004000150344144
713,713,0,4c30415264800008000000000064006422010101000000000000006400640064003b600000000000000000000000db0000000008000148a900004c90000048a800000005000000050000000f000000000000000a0000000f0004000150344144
714,714,0,4c30415264800008000000000064006422010101000000000000006400640064003b600000000000000000000000db0000000008000148a900004c90000048a800000005000000050000000f000000000000000a0000000f0004000150344144
715,715,0,4c30415264800008000000000064006422010101000000000000006400640064003b600000000000000000000000db0000000008000148a900004c90000048a800000005000000050000000f000000000000000a0000000f0004000150344144
716,716,0,4c30415264800008000000000064006422010101000000000000006400640064003b600000000000000000000000db0000000008000148a900004c90000048a800000005000000050000000f000000000000000a0000000f0004000150344144
717,717,0,4c30415264800008000000000064006422010101000000000000006400640064003b600000000000000000000000db0000000008000148a900004c90000048a800000005000000050000000f000000000000000a0000000f0004000150344144
718,718,0,4c30415264800008000000000064006422010101000000000000006400640064003b600000000000000000000000db0000000008000148a900004c90000048a800000005000000050000000f000000000000000a0000000f0004000150344144
719,719,0,4c30415264800008000000000064006422010101000000000000006400640064003b600000000000000000000000db0000000008000148a900004c90000048a800000005000000050000000f000000000000000a0000000f0004000150344144
720,720,0,4c30415264800008000000000064006422010101000000000000006400640064003b600000000000000000000000db0000000008000148a900004c90000048a800000005000000050000000f000000000000000a0000000f0004000150344144
721,721,0,4c30415264800008000000000064006422010101000000000000006400640064003b600000000000000000000000db0000000008000148a900004c90000048a800000005000000050000000f000000000000000a0000000f0004000150344144
722,722,0,4c30415264800008000000000064006422010101000000000000006400640064003b600000000000000000000000db0000000008000148a900004c90000048a800000005000000050000000f000000000000000a0000000f0004000150344144
723,723,0,4c30415264800008000000000064006422010101000000000000006400640064003b600000000000000000000000db0000000008000148a900004c90000048a800000005000000050000000f000000000000000a0000000f0004000150344144
724,724,0,4c30415264800008000000000064006422010101000000000000006400640064003b600000000000000000000000db0000000008000148a900004c90000048a800000005000000050000000f000000000000000a0000000f0004000150344144
725,725,0,4c30415264800008000000000064006422010101000000000000006400640064003b600000000000000000000000db0000000008000148a900004c90000048a800000005000000050000000f000000000000000a0000000f0004000150344144
726,726,0,4c30415264800008000000000064006422010101000000000000006400640064003b600000000000000000000000db0000000008000148a900004c90000048a800000005000000050000000f000000000000000a0000000f0004000150344144
727,727,0,4c30415264800008000000000064006422010101000000000000006400640064003b600000000000000000000000db0000000008000148a900004c90000048a800000005000000050000000f000000000000000a0000000f0004000150344144
728,728,0,4c30415264800008000000000064006422010101000000000000006400640064003b600000000000000000000000db0000000008000148a900004c90000048a800000005000000050000000f000000000000000a0000000f0004000150344144
729,729,0,4c30415264800008000000000064006422010101000000000000006400640064003b600000000000000000000000db0000000008000148a900004c90000048a800000005000000050000000f000000000000000a0000000f0004000150344144
730,730,0,4c30415264800008000000000064006422010101000000000000006400640064003b600000000000000000000000db0000000008000148a900004c90000048a800000005000000050000000f000000000000000a0000000f0004000150344144
731,731,0,4c30415264800008000000000064006422010101000000000000006400640064003b600000000000000000000000db0000000008000148a900004c90000048a800000005000000050000000f000000000000000a0000000f0004000150344144
732,732,0,4c30415264800008000000000064006422010101000000000000006400640064003b600000000000000000000000db0000000008000148a900004c90000048a800000005000000050000000f000000000000000a0000000f0004000150344144
733,733,0,4c30415264800008000000000064006422010101000000000000006400640064003b600000000000000000000000db0000000008000148a900004c90000048a800000005000000050000000f000000000000000a0000000f0004000150344144
734,734,0,4c30415264800008000000000064006422010101000000000000006400640064003b600000000000000000000000db0000000008000148a900004c90000048a800000005000000050000000f000000000000000a0000000f0004000150344144
735,735,0,4c30415264800008000000000064006422010101000000000000006400640064003b600000000000000000000000db0000000008000148a900004c90000048a800000005000000050000000f000000000000000a0000000f0004000150344144
736,736,0,4c30415264800008000000000064006422010101000000000000006400640064003b600000000000000000000000db0000000008000148a900004c90000048a800000005000000050000000f000000000000000a0000000f0004000150344144
737,737,0,4c30415264800008000000000064006422010101000000000000006400640064003b600000000000000000000000db0000000008000148a900004c90000048a800000005000000050000000f000000000000000a0000000f0004000150344144
738,738,0,4c30415264800008000000000064006422010101000000000000006400640064003b600000000000000000000000db0000000008000148a900004c90000048a800000005000000050000000f000000000000000a0000000f0004000150344144
739,739,0,4c30415264800008000000000064006422010101000000000000006400640064003b600000000000000000000000db0000000008000148a900004c90000048a800000005000000050000000f000000000000000a0000000f0004000150344144
740,740,0,4c30415264800008000000000064006422010101000000000000006400640064003b600000000000000000000000db0000000008000148a900004c90000048a800000005000000050000000f000000000000000a0000000f0004000150344144
741,741,0,4c30415264800008000000000064006422010101000000000000006400640064003b600000000000000000000000db0000000008000148a900004c90000048a800000005000000050000000f000000000000000a0000000f0004000150344144
742,742,0,4c30415264800008000000000064006422010101000000000000006400640064003b600000000000000000000000db0000000008000148a900004c90000048a800000005000000050000000f000000000000000a0000000f0004000150344144
743,743,0,4c30415264800008000000000064006422010101000000000000006400640064003b600000000000000000000000db0000000008000148a900004c90000048a800000005000000050000000f000000000000000a0000000f0004000150344144
744,744,0,4c30415264800008000000000064006422010101000000000000006400640064003b600000000000000000000000db0000000008000148a900004c90000048a800000005000000050000000f000000000000000a0000000f0004000150344144
745,745,0,4c30415264800008000000000064006422010101000000000000006400640064003b600000000000000000000000db0000000008000148a900004c90000048a800000005000000050000000f000000000000000a0000000f0004000150344144
746,746,0,4c30415264800008000000000064006422010101000000000000006400640064003b600000000000000000000000db0000000008000148a900004c90000048a800000005000000050000000f000000000000000a0000000f0004000150344144
747,747,0,4c30415264800008000000000064006422010101000000000000006400640064003b600000000000000000000000db0000000008000148a900004c90000048a800000005000000050000000f000000000000000a0000000f0004000150344144
748,748,0,4c30415264800008000000000064006422010101000000000000006400640064003b600000000000000000000000db0000000008000148a900004c90000048a800000005000000050000000f000000000000000a0000000f0004000150344144
749,749,0,4c30415264800008000000000064006422010101000000000000006400640064003b600000000000000000000000db0000000008000148a900004c90000048a800000005000000050000000f000000000000000a0000000f0004000150344144
750,750,0,4c30415264800008000000000064006422010101000000000000006400640064003b600000000000000000000000db0000000008000148a900004c90000048a800000005000000050000000f000000000000000a0000000f0004000150344144
751,751,0,4c30415264800008000000000064006422010101000000000000006400640064003b600000000000000000000000db0000000008000148a900004c90000048a800000005000000050000000f000000000000000a0000000f0004000150344144
752,752,0,4c30415264800008000000000064006422010101000000000000006400640064003b600000000000000000000000db0000000008000148a900004c90000048a800000005000000050000000f000000000000000a0000000f0004000150344144
753,753,0,4c30415264800008000000000064006422010101000000000000006400640064003b600000000000000000000000db0000000008000148a900004c90000048a800000005000000050000000f000000000000000a0000000f0004000150344144
754,754,0,4c30415264800008000000000064006422010101000000000000006400640064003b600000000000000000000000db0000000008000148a900004c90000048a800000005000000050000000f000000000000000a0000000f0004000150344144
755,755,0,4c30415264800008000000000064006422010101000000000000006400640064003b600000000000000000000000db0000000008000148a900004c90000048a800000005000000050000000f000000000000000a0000000f0004000150344144
756,756,0,4c30415264800008000000000064006422010101000000000000006400640064003b600000000000000000000000db0000000008000148a900004c90000048a800000005000000050000000f000000000000000a0000000f0004000150344144
757,757,0,4c30415264800008000000000064006422010101000000000000006400640064003b600000000000000000000000db0000000008000148a900004c90000048a800000005000000050000000f000000000000000a0000000f0004000150344144
758,758,0,4c30415264800008000000000064006422010101000000000000006400640064003b600000000000000000000000db0000000008000148a900004c90000048a800000005000000050000000f000000000000000a0000000f0004000150344144
759,759,0,4c30415264800008000000000064006422010101000000000000006400640064003b600000000000000000000000db0000000008000148a900004c90000048a800000005000000050000000f000000000000000a0000000f0004000150344144
760,760,0,4c30415264800008000000000064006422010101000000000000006400640064003b600000000000000000000000db0000000008000148a900004c90000048a800000005000000050000000f000000000000000a0000000f0004000150344144
761,761,0,4c30415264800008000000000064006422010101000000000000006400640064003b600000000000000000000000db0000000008000148a900004c90000048a800000005000000050000000f000000000000000a0000000f0004000150344144
762,762,0,4c30415264800008000000000064006422010101000000000000006400640064003b600000000000000000000000db0000000008000148a900004c90000048a800000005000000050000000f000000000000000a0000000f0004000150344144
763,763,0,4c30415264800008000000000064006422010101000000000000006400640064003b600000000000000000000000db0000000008000148a900004c90000048a800000005000000050000000f000000000000000a0000000f0004000150344144
764,764,0,4c30415264800008000000000064006422010101000000000000006400640064003b600000000000000000000000db0000000008000148a900004c90000048a800000005000000050000000f000000000000000a0000000f0004000150344144
765,765,0,4c30415264800008000000000064006422010101000000000000006400640064003b600000000000000000000000db0000000008000148a900004c90000048a800000005000000050000000f000000000000000a0000000f0004000150344144
766,766,0,4c30415264800008000000000064006422010101000000000000006400640064003b600000000000000000000000db0000000008000148a900004c90000048a800000005000000050000000f000000000000000a0000000f0004000150344144
767,767,0,4c30415264800008000000000064006422010101000000000000006400640064003b600000000000000000000000db0000000008000148a900004c90000048a800000005000000050000000f000000000000000a0000000f0004000150344144
768,768,0,4c30415264800008000000000064006422010101000000000000006400640064003b600000000000000000000000db0000000008000148a900004c90000048a800000005000000050000000f000000000000000a0000000f0004000150344144
769,769,0,4c30415264800008000000000064006422010101000000000000006400640064003b600000000000000000000000db0000000008000148a900004c90000048a800000005000000050000000f000000000000000a0000000f0004000150344144
770,770,0,4c30415264800008000000000064006422010101000000000000006400640064003b600000000000000000000000db0000000008000148a900004c90000048a800000005000000050000000f000000000000000a0000000f0004000150344144
771,771,0,4c30415264800008000000000064006422010101000000000000006400640064003b600000000000000000000000db0000000008000148a900004c90000048a800000005000000050000000f000000000000000a0000000f0004000150344144
772,772,0,4c30415264800008000000000064006422010101000000000000006400640064003b600000000000000000000000db0000000008000148a900004c90000048a800000005000000050000000f000000000000000a0000000f0004000150344144
773,773,0,4c30415264800008000000000064006422010101000000000000006400640064003b600000000000000000000000db0000000008000148a900004c90000048a800000005000000050000000f000000000000000a0000000f0004000150344144
774,774,0,4c30415264800008000000000064006422010101000000000000006400640064003b600000000000000000000000db0000000008000148a900004c90000048a800000005000000050000000f000000000000000a0000000f0004000150344144
775,775,0,4c30415264800008000000000064006422010101000000000000006400640064003b600000000000000000000000db0000000008000148a900004c90000048a800000005000000050000000f000000000000000a0000000f0004000150344144
776,776,0,4c30415264800008000000000064006422010101000000000000006400640064003b600000000000000000000000db0000000008000148a900004c90000048a800000005000000050000000f000000000000000a0000000f0004000150344144
777,777,0,4c30415264800008000000000064006422010101000000000000006400640064003b600000000000000000000000db0000000008000148a900004c90000048a800000005000000050000000f000000000000000a0000000f0004000150344144
778,778,0,4c30415264800008000000000064006422010101000000000000006400640064003b600000000000000000000000db0000000008000148a900004c90000048a800000005000000050000000f000000000000000a0000000f0004000150344144
779,779,0,4c30415264800008000000000064006422010101000000000000006400640064003b600000000000000000000000db0000000008000148a900004c90000048a800000005000000050000000f000000000000000a0000000f0004000150344144
780,780,0,4c30415264800008000000000064006422010101000000000000006400640064003b600000000000000000000000db0000000008000148a900004c90000048a800000005000000050000000f000000000000000a0000000f0004000150344144
781,781,0,4c30415264800008000000000064006422010101000000000000006400640064003b600000000000000000000000db0000000008000148a900004c90000048a800000005000000050000000f000000000000000a0000000f0004000150344144
782,782,0,4c30415264800008000000000064006422010101000000000000006400640064003b600000000000000000000000db0000000008000148a900004c90000048a800000005000000050000000f000000000000000a0000000f0004000150344144
783,783,0,4c30415264800008000000000064006422010101000000000000006400640064003b600000000000000000000000db0000000008000148a900004c90000048a800000005000000050000000f000000000000000a0000000f0004000150344144
784,784,0,4c30415264800008000000000064006422010101000000000000006400640064003b600000000000000000000000db0000000008000148a900004c90000048a800000005000000050000000f000000000000000a0000000f0004000150344144
785,785,0,4c30415264800008000000000064006422010101000000000000006400640064003b600000000000000000000000db0000000008000148a900004c90000048a800000005000000050000000f000000000000000a0000000f0004000150344144
786,786,0,4c30415264800008000000000064006422010101000000000000006400640064003b600000000000000000000000db0000000008000148a900004c90000048a800000005000000050000000f000000000000000a0000000f0004000150344144
787,787,0,4c30415264800008000000000064006422010101000000000000006400640064003b600000000000000000000000db0000000008000148a900004c90000048a800000005000000050000000f000000000000000a0000000f0004000150344144
788,788,0,4c30415264800008000000000064006422010101000000000000006400640064003b600000000000000000000000db0000000008000148a900004c90000048a800000005000000050000000f000000000000000a0000000f0004000150344144
789,789,0,4c30415264800008000000000064006422010101000000000000006400640064003b600000000000000000000000db0000000008000148a900004c90000048a800000005000000050000000f000000000000000a0000000f0004000150344144
790,790,0,4c30415264800008000000000064006422010101000000000000006400640064003b600000000000000000000000db0000000008000148a900004c90000048a800000005000000050000000f000000000000000a0000000f0004000150344144
791,791,0,4c30415264800008000000000064006422010101000000000000006400640064003b600000000000000000000000db0000000008000148a900004c90000048a800000005000000050000000f000000000000000a0000000f0004000150344144
792,792,0,4c30415264800008000000000064006422010101000000000000006400640064003b600000000000000000000000db0000000008000148a900004c90000048a800000005000000050000000f000000000000000a0000000f0004000150344144
793,793,0,4c30415264800008000000000064006422010101000000000000006400640064003b600000000000000000000000db0000000008000148a900004c90000048a800000005000000050000000f000000000000000a0000000f0004000150344144
794,794,0,4c30415264800008000000000064006422010101000000000000006400640064003b600000000000000000000000db0000000008000148a900004c90000048a800000005000000050000000f000000000000000a0000000f0004000150344144
795,795,0,4c30415264800008000000000064006422010101000000000000006400640064003b600000000000000000000000db0000000008000148a900004c90000048a800000005000000050000000f000000000000000a0000000f0004000150344144
796,796,0,4c30415264800008000000000064006422010101000000000000006400640064003b600000000000000000000000db0000000008000148a900004c90000048a800000005000000050000000f000000000000000a0000000f0004000150344144
797,797,0,4c30415264800008000000000064006422010101000000000000006400640064003b600000000000000000000000db0000000008000148a900004c90000048a800000005000000050000000f000000000000000a0000000f0004000150344144
798,798,0,4c30415264800008000000000064006422010101000000000000006400640064003b600000000000000000000000db0000000008000148a900004c90000048a800000005000000050000000f000000000000000a0000000f0004000150344144
799,799,0,4c30415264800008000000000064006422010101000000000000006400640064003b600000000000000000000000db0000000008000148a900004c90000048a800000005000000050000000f000000000000000a0000000f0004000150344144
800,800,0,4c30415264800008000000000064006422010101000000000000006400640064003b600000000000000000000000db0000000008000148a900004c90000048a800000005000000050000000f000000000000000a0000000f0004000150344144
801,801,0,4c30415264800008000000000064006422010101000000000000006400640064003b600000000000000000000000db0000000008000148a900004c90000048a800000005000000050000000f000000000000000a0000000f0004000150344144
802,802,0,4c30415264800008000000000064006422010101000000000000006400640064003b600000000000000000000000db0000000008000148a900004c90000048a800000005000000050000000f000000000000000a0000000f0004000150344144
803,803,0,4c30415264800008000000000064006422010101000000000000006400640064003b600000000000000000000000db0000000008000148a900004c90000048a800000005000000050000000f000000000000000a0000000f0004000150344144
804,804,0,4c30415264800008000000000064006422010101000000000000006400640064003b600000000000000000000000db0000000008000148a900004c90000048a800000005000000050000000f000000000000000a0000000f0004000150344144
805,805,0,4c30415264800008000000000064006422010101000000000000006400640064003b600000000000000000000000db0000000008000148a900004c90000048a800000005000000050000000f000000000000000a0000000f0004000150344144
806,806,0,4c30415264800008000000000064006422010101000000000000006400640064003b600000000000000000000000db0000000008000148a900004c90000048a800000005000000050000000f000000000000000a0000000f0004000150344144
807,807,0,4c30415264800008000000000064006422010101000000000000006400640064003b600000000000000000000000db0000000008000148a900004c90000048a800000005000000050000000f000000000000000a0000000f0004000150344144
808,808,0,4c30415264800008000000000064006422010101000000000000006400640064003b600000000000000000000000db0000000008000148a900004c90000048a800000005000000050000000f000000000000000a0000000f0004000150344144
809,809,0,4c30415264800008000000000064006422010101000000000000006400640064003b600000000000000000000000db0000000008000148a900004c90000048a800000005000000050000000f000000000000000a0000000f0004000150344144
810,810,0,4c30415264800008000000000064006422010101000000000000006400640064003b600000000000000000000000db0000000008000148a900004c90000048a800000005000000050000000f000000000000000a0000000f0004000150344144
811,811,0,4c30415264800008000000000064006422010101000000000000006400640064003b600000000000000000000000db0000000008000148a900004c90000048a800000005000000050000000f000000000000000a0000000f0004000150344144
812,812,0,4c30415264800008000000000064006422010101000000000000006400640064003b600000000000000000000000db0000000008000148a900004c90000048a800000005000000050000000f000000000000000a0000000f0004000150344144
813,813,0,4c30415264800008000000000064006422010101000000000000006400640064003b600000000000000000000000db0000000008000148a900004c90000048a800000005000000050000000f000000000000000a0000000f0004000150344144
814,814,0,4c30415264800008000000000064006422010101000000000000006400640064003b600000000000000000000000db0000000008000148a900004c90000048a800000005000000050000000f000000000000000a0000000f0004000150344144
815,815,0,4c30415264800008000000000064006422010101000000000000006400640064003b600000000000000000000000db0000000008000148a900004c90000048a800000005000000050000000f000000000000000a0000000f0004000150344144
816,816,0,4c30415264800008000000000064006422010101000000000000006400640064003b600000000000000000000000db0000000008000148a900004c90000048a800000005000000050000000f000000000000000a0000000f0004000150344144
817,817,0,4c30415264800008000000000064006422010101000000000000006400640064003b600000000000000000000000db0000000008000148a900004c90000048a800000005000000050000000f000000000000000a0000000f0004000150344144
818,818,0,4c30415264800008000000000064006422010101000000000000006400640064003b600000000000000000000000db0000000008000148a900004c90000048a800000005000000050000000f000000000000000a0000000f0004000150344144
819,819,0,4c30415264800008000000000064006422010101000000000000006400640064003b600000000000000000000000db0000000008000148a900004c90000048a800000005000000050000000f000000000000000a0000000f0004000150344144
820,820,0,4c30415264800008000000000064006422010101000000000000006400640064003b600000000000000000000000db0000000008000148a900004c90000048a800000005000000050000000f000000000000000a0000000f0004000150344144
821,821,0,4c30415264800008000000000064006422010101000000000000006400640064003b600000000000000000000000db0000000008000148a900004c90000048a800000005000000050000000f000000000000000a0000000f0004000150344144
822,822,0,4c30415264800008000000000064006422010101000000000000006400640064003b600000000000000000000000db0000000008000148a900004c90000048a800000005000000050000000f000000000000000a0000000f0004000150344144
823,823,0,4c30415264800008000000000064006422010101000000000000006400640064003b600000000000000000000000db0000000008000148a900004c90000048a800000005000000050000000f000000000000000a0000000f0004000150344144
824,824,0,4c30415264800008000000000064006422010101000000000000006400640064003b600000000000000000000000db0000000008000148a900004c90000048a800000005000000050000000f000000000000000a0000000f0004000150344144
825,825,0,4c30415264800008000000000064006422010101000000000000006400640064003b600000000000000000000000db0000000008000148a900004c90000048a800000005000000050000000f000000000000000a0000000f0004000150344144
826,826,0,4c30415264800008000000000064006422010101000000000000006400640064003b600000000000000000000000db0000000008000148a900004c90000048a800000005000000050000000f000000000000000a0000000f0004000150344144
827,827,0,4c30415264800008000000000064006422010101000000000000006400640064003b600000000000000000000000db0000000008000148a900004c90000048a800000005000000050000000f000000000000000a0000000f0004000150344144
828,828,0,4c30415264800008000000000064006422010101000000000000006400640064003b600000000000000000000000db0000000008000148a900004c90000048a800000005000000050000000f000000000000000a0000000f0004000150344144
829,829,0,4c30415264800008000000000064006422010101000000000000006400640064003b600000000000000000000000db0000000008000148a900004c90000048a800000005000000050000000f000000000000000a0000000f0004000150344144
830,830,0,4c30415264800008000000000064006422010101000000000000006400640064003b600000000000000000000000db0000000008000148a900004c90000048a800000005000000050000000f000000000000000a0000000f0004000150344144
831,831,0,4c30415264800008000000000064006422010101000000000000006400640064003b600000000000000000000000db0000000008000148a900004c90000048a800000005000000050000000f000000000000000a0000000f0004000150344144
832,832,0,4c30415264800008000000000064006422010101000000000000006400640064003b600000000000000000000000db0000000008000148a900004c90000048a800000005000000050000000f000000000000000a0000000f0004000150344144
833,833,0,4c30415264800008000000000064006422010101000000000000006400640064003b600000000000000000000000db0000000008000148a900004c90000048a800000005000000050000000f000000000000000a0000000f0004000150344144
834,834,0,4c30415264800008000000000064006422010101000000000000006400640064003b600000000000000000000000db0000000008000148a900004c90000048a800000005000000050000000f000000000000000a0000000f0004000150344144
835,835,0,4c30415264800008000000000064006422010101000000000000006400640064003b600000000000000000000000db0000000008000148a900004c90000048a800000005000000050000000f000000000000000a0000000f0004000150344144
836,836,0,4c30415264800008000000000064006422010101000000000000006400640064003b600000000000000000000000db0000000008000148a900004c90000048a800000005000000050000000f000000000000000a0000000f0004000150344144
837,837,0,4c30415264800008000000000064006422010101000000000000006400640064003b600000000000000000000000db0000000008000148a900004c90000048a800000005000000050000000f000000000000000a0000000f0004000150344144
838,838,0,4c30415264800008000000000064006422010101000000000000006400640064003b600000000000000000000000db0000000008000148a900004c90000048a800000005000000050000000f000000000000000a0000000f0004000150344144
839,839,0,4c30415264800008000000000064006422010101000000000000006400640064003b600000000000000000000000db0000000008000148a900004c90000048a800000005000000050000000f000000000000000a0000000f0004000150344144
840,840,0,4c30415264800008000000000064006422010101000000000000006400640064003b600000000000000000000000db0000000008000148a900004c90000048a800000005000000050000000f000000000000000a0000000f0004000150344144
841,841,0,4c30415264800008000000000064006422010101000000000000006400640064003b600000000000000000000000db0000000008000148a900004c90000048a800000005000000050000000f000000000000000a0000000f0004000150344144
842,842,0,4c30415264800008000000000064006422010101000000000000006400640064003b600000000000000000000000db0000000008000148a900004c90000048a800000005000000050000000f000000000000000a0000000f0004000150344144
843,843,0,4c30415264800008000000000064006422010101000000000000006400640064003b600000000000000000000000db0000000008000148a900004c90000048a800000005000000050000000f000000000000000a0000000f0004000150344144
844,844,0,4c30415264800008000000000064006422010101000000000000006400640064003b600000000000000000000000db0000000008000148a900004c90000048a800000005000000050000000f000000000000000a0000000f0004000150344144
845,845,0,4c30415264800008000000000064006422010101000000000000006400640064003b600000000000000000000000db0000000008000148a900004c90000048a800000005000000050000000f000000000000000a0000000f0004000150344144
846,846,0,4c30415264800008000000000064006422010101000000000000006400640064003b600000000000000000000000db0000000008000148a900004c90000048a800000005000000050000000f000000000000000a0000000f0004000150344144
847,847,0,4c30415264800008000000000064006422010101000000000000006400640064003b600000000000000000000000db0000000008000148a900004c90000048a800000005000000050000000f000000000000000a0000000f0004000150344144
848,848,0,4c30415264800008000000000064006422010101000000000000006400640064003b600000000000000000000000db0000000008000148a900004c90000048a800000005000000050000000f000000000000000a0000000f0004000150344144
849,849,0,4c30415264800008000000000064006422010101000000000000006400640064003b600000000000000000000000db0000000008000148a900004c90000048a800000005000000050000000f000000000000000a0000000f0004000150344144
850,850,0,4c30415264800008000000000064006422010101000000000000006400640064003b600000000000000000000000db0000000008000148a900004c90000048a800000005000000050000000f000000000000000a0000000f0004000150344144
851,851,0,4c30415264800008000000000064006422010101000000000000006400640064003b600000000000000000000000db0000000008000148a900004c90000048a800000005000000050000000f000000000000000a0000000f0004000150344144
852,852,0,4c30415264800008000000000064006422010101000000000000006400640064003b600000000000000000000000db0000000008000148a900004c90000048a800000005000000050000000f000000000000000a0000000f0004000150344144
853,853,0,4c30415264800008000000000064006422010101000000000000006400640064003b600000000000000000000000db0000000008000148a900004c90000048a800000005000000050000000f000000000000000a0000000f0004000150344144
854,854,0,4c30415264800008000000000064006422010101000000000000006400640064003b600000000000000000000000db0000000008000148a900004c90000048a800000005000000050000000f000000000000000a0000000f0004000150344144
855,855,0,4c30415264800008000000000064006422010101000000000000006400640064003b600000000000000000000000db0000000008000148a900004c90000048a800000005000000050000000f000000000000000a0000000f0004000150344144
856,856,0,4c30415264800008000000000064006422010101000000000000006400640064003b600000000000000000000000db0000000008000148a900004c90000048a800000005000000050000000f000000000000000a0000000f0004000150344144
857,857,0,4c30415264800008000000000064006422010101000000000000006400640064003b600000000000000000000000db0000000008000148a900004c90000048a800000005000000050000000f000000000000000a0000000f0004000150344144
858,858,0,4c30415264800008000000000064006422010101000000000000006400640064003b600000000000000000000000db0000000008000148a900004c90000048a800000005000000050000000f000000000000000a0000000f0004000150344144
859,859,0,4c30415264800008000000000064006422010101000000000000006400640064003b600000000000000000000000db0000000008000148a900004c90000048a800000005000000050000000f000000000000000a0000000f0004000150344144
860,860,0,4c30415264800008000000000064006422010101000000000000006400640064003b600000000000000000000000db0000000008000148a900004c90000048a800000005000000050000000f000000000000000a0000000f0004000150344144
861,861,0,4c30415264800008000000000064006422010101000000000000006400640064003b600000000000000000000000db0000000008000148a900004c90000048a800000005000000050000000f000000000000000a0000000f0004000150344144
862,862,0,4c30415264800008000000000064006422010101000000000000006400640064003b600000000000000000000000db0000000008000148a900004c90000048a800000005000000050000000f000000000000000a0000000f0004000150344144
863,863,0,4c30415264800008000000000064006422010101000000000000006400640064003b600000000000000000000000db0000000008000148a900004c90000048a800000005000000050000000f000000000000000a0000000f0004000150344144
864,864,0,4c30415264800008000000000064006422010101000000000000006400640064003b600000000000000000000000db0000000008000148a900004c90000048a800000005000000050000000f000000000000000a0000000f0004000150344144
865,865,0,4c30415264800008000000000064006422010101000000000000006400640064003b600000000000000000000000db0000000008000148a900004c90000048a800000005000000050000000f000000000000000a0000000f0004000150344144
866,866,0,4c30415264800008000000000064006422010101000000000000006400640064003b600000000000000000000000db0000000008000148a900004c90000048a800000005000000050000000f000000000000000a0000000f0004000150344144
867,867,0,4c30415264800008000000000064006422010101000000000000006400640064003b600000000000000000000000db0000000008000148a900004c90000048a800000005000000050000000f000000000000000a0000000f0004000150344144
868,868,0,4c30415264800008000000000064006422010101000000000000006400640064003b600000000000000000000000db0000000008000148a900004c90000048a800000005000000050000000f000000000000000a0000000f0004000150344144
869,869,0,4c30415264800008000000000064006422010101000000000000006400640064003b600000000000000000000000db0000000008000148a900004c90000048a800000005000000050000000f000000000000000a0000000f0004000150344144
870,870,0,4c30415264800008000000000064006422010101000000000000006400640064003b600000000000000000000000db0000000008000148a900004c90000048a800000005000000050000000f000000000000000a0000000f0004000150344144
871,871,0,4c30415264800008000000000064006422010101000000000000006400640064003b600000000000000000000000db0000000008000148a900004c90000048a800000005000000050000000f000000000000000a0000000f0004000150344144
872,872,0,4c30415264800008000000000064006422010101000000000000006400640064003b600000000000000000000000db0000000008000148a900004c90000048a800000005000000050000000f000000000000000a0000000f0004000150344144
873,873,0,4c30415264800008000000000064006422010101000000000000006400640064003b600000000000000000000000db0000000008000148a900004c90000048a800000005000000050000000f000000000000000a0000000f0004000150344144
874,874,0,4c30415264800008000000000064006422010101000000000000006400640064003b600000000000000000000000db0000000008000148a900004c90000048a800000005000000050000000f000000000000000a0000000f0004000150344144
875,875,0,4c30415264800008000000000064006422010101000000000000006400640064003b600000000000000000000000db0000000008000148a900004c90000048a800000005000000050000000f000000000000000a0000000f0004000150344144
876,876,0,4c30415264800008000000000064006422010101000000000000006400640064003b600000000000000000000000db0000000008000148a900004c90000048a800000005000000050000000f000000000000000a0000000f0004000150344144
877,877,0,4c30415264800008000000000064006422010101000000000000006400640064003b600000000000000000000000db0000000008000148a900004c90000048a800000005000000050000000f000000000000000a0000000f0004000150344144
878,878,0,4c30415264800008000000000064006422010101000000000000006400640064003b600000000000000000000000db0000000008000148a900004c90000048a800000005000000050000000f000000000000000a0000000f0004000150344144
879,879,0,4c30415264800008000000000064006422010101000000000000006400640064003b600000000000000000000000db0000000008000148a900004c90000048a800000005000000050000000f000000000000000a0000000f0004000150344144
880,880,0,4c30415264800008000000000064006422010101000000000000006400640064003b600000000000000000000000db0000000008000148a900004c90000048a800000005000000050000000f000000000000000a0000000f0004000150344144
881,881,0,4c30415264800008000000000064006422010101000000000000006400640064003b600000000000000000000000db0000000008000148a900004c90000048a800000005000000050000000f000000000000000a0000000f0004000150344144
882,882,0,4c30415264800008000000000064006422010101000000000000006400640064003b600000000000000000000000db0000000008000148a900004c90000048a800000005000000050000000f000000000000000a0000000f0004000150344144
883,883,0,4c30415264800008000000000064006422010101000000000000006400640064003b600000000000000000000000db0000000008000148a900004c90000048a800000005000000050000000f000000000000000a0000000f0004000150344144
884,884,0,4c30415264800008000000000064006422010101000000000000006400640064003b600000000000000000000000db0000000008000148a900004c90000048a800000005000000050000000f000000000000000a0000000f0004000150344144
885,885,0,4c30415264800008000000000064006422010101000000000000006400640064003b600000000000000000000000db0000000008000148a900004c90000048a800000005000000050000000f000000000000000a0000000f0004000150344144
886,886,0,4c30415264800008000000000064006422010101000000000000006400640064003b600000000000000000000000db0000000008000148a900004c90000048a800000005000000050000000f000000000000000a0000000f0004000150344144
887,887,0,4c30415264800008000000000064006422010101000000000000006400640064003b600000000000000000000000db0000000008000148a900004c90000048a800000005000000050000000f000000000000000a0000000f0004000150344144
888,888,0,4c30415264800008000000000064006422010101000000000000006400640064003b600000000000000000000000db0000000008000148a900004c90000048a800000005000000050000000f000000000000000a0000000f0004000150344144
889,889,0,4c30415264800008000000000064006422010101000000000000006400640064003b600000000000000000000000db0000000008000148a900004c90000048a800000005000000050000000f000000000000000a0000000f0004000150344144
890,890,0,4c30415264800008000000000064006422010101000000000000006400640064003b600000000000000000000000db0000000008000148a900004c90000048a800000005000000050000000f000000000000000a0000000f0004000150344144
891,891,0,4c30415264800008000000000064006422010101000000000000006400640064003b600000000000000000000000db0000000008000148a900004c90000048a800000005000000050000000f000000000000000a0000000f0004000150344144
892,892,0,4c30415264800008000000000064006422010101000000000000006400640064003b600000000000000000000000db0000000008000148a900004c90000048a800000005000000050000000f000000000000000a0000000f0004000150344144
893,893,0,4c30415264800008000000000064006422010101000000000000006400640064003b600000000000000000000000db0000000008000148a900004c90000048a800000005000000050000000f000000000000000a0000000f0004000150344144
894,894,0,4c30415264800008000000000064006422010101000000000000006400640064003b600000000000000000000000db0000000008000148a900004c90000048a800000005000000050000000f000000000000000a0000000f0004000150344144
895,895,0,4c30415264800008000000000064006422010101000000000000006400640064003b600000000000000000000000db0000000008000148a900004c90000048a800000005000000050000000f000000000000000a0000000f0004000150344144
896,896,0,4c30415264800008000000000064006422010101000000000000006400640064003b600000000000000000000000db0000000008000148a900004c90000048a800000005000000050000000f000000000000000a0000000f0004000150344144
897,897,0,4c30415264800008000000000064006422010101000000000000006400640064003b600000000000000000000000db0000000008000148a900004c90000048a800000005000000050000000f000000000000000a0000000f0004000150344144
898,898,0,4c30415264800008000000000064006422010101000000000000006400640064003b600000000000000000000000db0000000008000148a900004c90000048a800000005000000050000000f000000000000000a0000000f0004000150344144
899,899,0,4c30415264800008000000000064006422010101000000000000006400640064003b600000000000000000000000db0000000008000148a900004c90000048a800000005000000050000000f000000000000000a0000000f0004000150344144
900,900,0,4c30415264800008000000000064006422010101000000000000006400640064003b600000000000000000000000db0000000008000148a900004c90000048a800000005000000050000000f000000000000000a0000000f0004000150344144
901,901,0,4c30415264800008000000000064006422010101000000000000006400640064003b600000000000000000000000db0000000008000148a900004c90000048a800000005000000050000000f000000000000000a0000000f0004000150344144
902,902,0,4c30415264800008000000000064006422010101000000000000006400640064003b600000000000000000000000db0000000008000148a900004c90000048a800000005000000050000000f000000000000000a0000000f0004000150344144
903,903,0,4c30415264800008000000000064006422010101000000000000006400640064003b600000000000000000000000db0000000008000148a900004c90000048a800000005000000050000000f000000000000000a0000000f0004000150344144
904,904,0,4c30415264800008000000000064006422010101000000000000006400640064003b600000000000000000000000db0000000008000148a900004c90000048a800000005000000050000000f000000000000000a0000000f0004000150344144
905,905,0,4c30415264800008000000000064006422010101000000000000006400640064003b600000000000000000000000db0000000008000148a900004c90000048a800000005000000050000000f000000000000000a0000000f0004000150344144
906,906,0,4c30415264800008000000000064006422010101000000000000006400640064003b600000000000000000000000db0000000008000148a900004c90000048a800000005000000050000000f000000000000000a0000000f0004000150344144
907,907,0,4c30415264800008000000000064006422010101000000000000006400640064003b600000000000000000000000db0000000008000148a900004c90000048a800000005000000050000000f000000000000000a0000000f0004000150344144
908,908,0,4c30415264800008000000000064006422010101000000000000006400640064003b600000000000000000000000db0000000008000148a900004c90000048a800000005000000050000000f000000000000000a0000000f0004000150344144
909,909,0,4c30415264800008000000000064006422010101000000000000006400640064003b600000000000000000000000db0000000008000148a900004c90000048a800000005000000050000000f000000000000000a0000000f0004000150344144
910,910,0,4c30415264800008000000000064006422010101000000000000006400640064003b600000000000000000000000db0000000008000148a900004c90000048a800000005000000050000000f000000000000000a0000000f0004000150344144
911,911,0,4c30415264800008000000000064006422010101000000000000006400640064003b600000000000000000000000db0000000008000148a900004c90000048a800000005000000050000000f000000000000000a0000000f0004000150344144
912,912,0,4c30415264800008000000000064006422010101000000000000006400640064003b600000000000000000000000db0000000008000148a900004c90000048a800000005000000050000000f000000000000000a0000000f0004000150344144
913,913,0,4c30415264800008000000000064006422010101000000000000006400640064003b600000000000000000000000db0000000008000148a900004c90000048a800000005000000050000000f000000000000000a0000000f0004000150344144
914,914,0,4c30415264800008000000000064006422010101000000000000006400640064003b600000000000000000000000db0000000008000148a900004c90000048a800000005000000050000000f000000000000000a0000000f0004000150344144
915,915,0,4c30415264800008000000000064006422010101000000000000006400640064003b600000000000000000000000db0000000008000148a900004c90000048a800000005000000050000000f000000000000000a0000000f0004000150344144
916,916,0,4c30415264800008000000000064006422010101000000000000006400640064003b600000000000000000000000db0000000008000148a900004c90000048a800000005000000050000000f000000000000000a0000000f0004000150344144
917,917,0,4c30415264800008000000000064006422010101000000000000006400640064003b600000000000000000000000db0000000008000148a900004c90000048a800000005000000050000000f000000000000000a0000000f0004000150344144
918,918,0,4c30415264800008000000000064006422010101000000000000006400640064003b600000000000000000000000db0000000008000148a900004c90000048a800000005000000050000000f000000000000000a0000000f0004000150344144
919,919,0,4c30415264800008000000000064006422010101000000000000006400640064003b600000000000000000000000db0000000008000148a900004c90000048a800000005000000050000000f000000000000000a0000000f0004000150344144
920,920,0,4c30415264800008000000000064006422010101000000000000006400640064003b600000000000000000000000db0000000008000148a900004c90000048a800000005000000050000000f000000000000000a0000000f0004000150344144
921,921,0,4c30415264800008000000000064006422010101000000000000006400640064003b600000000000000000000000db0000000008000148a900004c90000048a800000005000000050000000f000000000000000a0000000f0004000150344144
922,922,0,4c30415264800008000000000064006422010101000000000000006400640064003b600000000000000000000000db0000000008000148a900004c90000048a800000005000000050000000f000000000000000a0000000f0004000150344144
923,923,0,4c30415264800008000000000064006422010101000000000000006400640064003b600000000000000000000000db0000000008000148a900004c90000048a800000005000000050000000f000000000000000a0000000f0004000150344144
924,924,0,4c30415264800008000000000064006422010101000000000000006400640064003b600000000000000000000000db0000000008000148a900004c90000048a800000005000000050000000f000000000000000a0000000f0004000150344144
925,925,0,4c30415264800008000000000064006422010101000000000000006400640064003b600000000000000000000000db0000000008000148a900004c90000048a800000005000000050000000f000000000000000a0000000f0004000150344144
926,926,0,4c30415264800008000000000064006422010101000000000000006400640064003b600000000000000000000000db0000000008000148a900004c90000048a800000005000000050000000f000000000000000a0000000f0004000150344144
927,927,0,4c30415264800008000000000064006422010101000000000000006400640064003b600000000000000000000000db0000000008000148a900004c90000048a800000005000000050000000f000000000000000a0000000f0004000150344144
928,928,0,4c30415264800008000000000064006422010101000000000000006400640064003b600000000000000000000000db0000000008000148a900004c90000048a800000005000000050000000f000000000000000a0000000f0004000150344144
929,929,0,4c30415264800008000000000064006422010101000000000000006400640064003b600000000000000000000000db0000000008000148a900004c90000048a800000005000000050000000f000000000000000a0000000f0004000150344144
930,930,0,4c30415264800008000000000064006422010101000000000000006400640064003b600000000000000000000000db0000000008000148a900004c90000048a800000005000000050000000f000000000000000a0000000f0004000150344144
931,931,0,4c30415264800008000000000064006422010101000000000000006400640064003b600000000000000000000000db0000000008000148a900004c90000048a800000005000000050000000f000000000000000a0000000f0004000150344144
932,932,0,4c30415264800008000000000064006422010101000000000000006400640064003b600000000000000000000000db0000000008000148a900004c90000048a800000005000000050000000f000000000000000a0000000f0004000150344144
933,933,0,4c30415264800008000000000064006422010101000000000000006400640064003b600000000000000000000000db0000000008000148a900004c90000048a800000005000000050000000f000000000000000a0000000f0004000150344144
934,934,0,4c30415264800008000000000064006422010101000000000000006400640064003b600000000000000000000000db0000000008000148a900004c90000048a800000005000000050000000f000000000000000a0000000f0004000150344144
935,935,0,4c30415264800008000000000064006422010101000000000000006400640064003b600000000000000000000000db0000000008000148a900004c90000048a800000005000000050000000f000000000000000a0000000f0004000150344144
936,936,0,4c30415264800008000000000064006422010101000000000000006400640064003b600000000000000000000000db0000000008000148a900004c90000048a800000005000000050000000f000000000000000a0000000f0004000150344144
937,937,0,4c30415264800008000000000064006422010101000000000000006400640064003b600000000000000000000000db0000000008000148a900004c90000048a800000005000000050000000f000000000000000a0000000f0004000150344144
938,938,0,4c30415264800008000000000064006422010101000000000000006400640064003b600000000000000000000000db0000000008000148a900004c90000048a800000005000000050000000f000000000000000a0000000f0004000150344144
939,939,0,4c30415264800008000000000064006422010101000000000000006400640064003b600000000000000000000000db0000000008000148a900004c90000048a800000005000000050000000f000000000000000a0000000f0004000150344144
940,940,0,4c30415264800008000000000064006422010101000000000000006400640064003b600000000000000000000000db0000000008000148a900004c90000048a800000005000000050000000f000000000000000a0000000f0004000150344144
941,941,0,4c30415264800008000000000064006422010101000000000000006400640064003b600000000000000000000000db0000000008000148a900004c90000048a800000005000000050000000f000000000000000a0000000f0004000150344144
942,942,0,4c30415264800008000000000064006422010101000000000000006400640064003b600000000000000000000000db0000000008000148a900004c90000048a800000005000000050000000f000000000000000a0000000f0004000150344144
943,943,0,4c30415264800008000000000064006422010101000000000000006400640064003b600000000000000000000000db0000000008000148a900004c90000048a800000005000000050000000f000000000000000a0000000f0004000150344144
944,944,0,4c30415264800008000000000064006422010101000000000000006400640064003b600000000000000000000000db0000000008000148a900004c90000048a800000005000000050000000f000000000000000a0000000f0004000150344144
945,945,0,4c30415264800008000000000064006422010101000000000000006400640064003b600000000000000000000000db0000000008000148a900004c90000048a800000005000000050000000f000000000000000a0000000f0004000150344144
946,946,0,4c30415264800008000000000064006422010101000000000000006400640064003b600000000000000000000000db0000000008000148a900004c90000048a800000005000000050000000f000000000000000a0000000f0004000150344144
947,947,0,4c30415264800008000000000064006422010101000000000000006400640064003b600000000000000000000000db0000000008000148a900004c90000048a800000005000000050000000f000000000000000a0000000f0004000150344144
948,948,0,4c30415264800008000000000064006422010101000000000000006400640064003b600000000000000000000000db0000000008000148a900004c90000048a800000005000000050000000f000000000000000a0000000f0004000150344144
949,949,0,4c30415264800008000000000064006422010101000000000000006400640064003b600000000000000000000000db0000000008000148a900004c90000048a800000005000000050000000f000000000000000a0000000f0004000150344144
950,950,0,4c30415264800008000000000064006422010101000000000000006400640064003b600000000000000000000000db0000000008000148a900004c90000048a800000005000000050000000f000000000000000a0000000f0004000150344144
951,951,0,4c30415264800008000000000064006422010101000000000000006400640064003b600000000000000000000000db0000000008000148a900004c90000048a800000005000000050000000f000000000000000a0000000f0004000150344144
952,952,0,4c30415264800008000000000064006422010101000000000000006400640064003b600000000000000000000000db0000000008000148a900004c90000048a800000005000000050000000f000000000000000a0000000f0004000150344144
953,953,0,4c30415264800008000000000064006422010101000000000000006400640064003b600000000000000000000000db0000000008000148a900004c90000048a800000005000000050000000f000000000000000a0000000f0004000150344144
954,954,0,4c30415264800008000000000064006422010101000000000000006400640064003b600000000000000000000000db0000000008000148a900004c90000048a800000005000000050000000f000000000000000a0000000f0004000150344144
955,955,0,4c30415264800008000000000064006422010101000000000000006400640064003b600000000000000000000000db0000000008000148a900004c90000048a800000005000000050000000f000000000000000a0000000f0004000150344144
956,956,0,4c30415264800008000000000064006422010101000000000000006400640064003b600000000000000000000000db0000000008000148a900004c90000048a800000005000000050000000f000000000000000a0000000f0004000150344144
957,957,0,4c30415264800008000000000064006422010101000000000000006400640064003b600000000000000000000000db0000000008000148a900004c90000048a800000005000000050000000f000000000000000a0000000f0004000150344144
958,958,0,4c30415264800008000000000064006422010101000000000000006400640064003b600000000000000000000000db0000000008000148a900004c90000048a800000005000000050000000f000000000000000a0000000f0004000150344144
959,959,0,4c30415264800008000000000064006422010101000000000000006400640064003b600000000000000000000000db0000000008000148a900004c90000048a800000005000000050000000f000000000000000a0000000f0004000150344144
960,960,0,4c30415264800008000000000064006422010101000000000000006400640064003b600000000000000000000000db0000000008000148a900004c90000048a800000005000000050000000f000000000000000a0000000f0004000150344144
961,961,0,4c30415264800008000000000064006422010101000000000000006400640064003b600000000000000000000000db0000000008000148a900004c90000048a800000005000000050000000f000000000000000a0000000f0004000150344144
962,962,0,4c30415264800008000000000064006422010101000000000000006400640064003b600000000000000000000000db0000000008000148a900004c90000048a800000005000000050000000f000000000000000a0000000f0004000150344144
963,963,0,4c30415264800008000000000064006422010101000000000000006400640064003b600000000000000000000000db0000000008000148a900004c90000048a800000005000000050000000f000000000000000a0000000f0004000150344144
964,964,0,4c30415264800008000000000064006422010101000000000000006400640064003b600000000000000000000000db0000000008000148a900004c90000048a800000005000000050000000f000000000000000a0000000f0004000150344144
965,965,0,4c30415264800008000000000064006422010101000000000000006400640064003b600000000000000000000000db0000000008000148a900004c90000048a800000005000000050000000f000000000000000a0000000f0004000150344144
966,966,0,4c30415264800008000000000064006422010101000000000000006400640064003b600000000000000000000000db0000000008000148a900004c90000048a800000005000000050000000f000000000000000a0000000f0004000150344144
967,967,0,4c30415264800008000000000064006422010101000000000000006400640064003b600000000000000000000000db0000000008000148a900004c90000048a800000005000000050000000f000000000000000a0000000f0004000150344144
968,968,0,4c30415264800008000000000064006422010101000000000000006400640064003b600000000000000000000000db0000000008000148a900004c90000048a800000005000000050000000f000000000000000a0000000f0004000150344144
969,969,0,4c30415264800008000000000064006422010101000000000000006400640064003b600000000000000000000000db0000000008000148a900004c90000048a800000005000000050000000f000000000000000a0000000f0004000150344144
970,970,0,4c30415264800008000000000064006422010101000000000000006400640064003b600000000000000000000000db0000000008000148a900004c90000048a800000005000000050000000f000000000000000a0000000f0004000150344144
971,971,0,4c30415264800008000000000064006422010101000000000000006400640064003b600000000000000000000000db0000000008000148a900004c90000048a800000005000000050000000f000000000000000a0000000f0004000150344144
972,972,0,4c30415264800008000000000064006422010101000000000000006400640064003b600000000000000000000000db0000000008000148a900004c90000048a800000005000000050000000f000000000000000a0000000f0004000150344144
973,973,0,4c30415264800008000000000064006422010101000000000000006400640064003b600000000000000000000000db0000000008000148a900004c90000048a800000005000000050000000f000000000000000a0000000f0004000150344144
974,974,0,4c30415264800008000000000064006422010101000000000000006400640064003b600000000000000000000000db0000000008000148a900004c90000048a800000005000000050000000f000000000000000a0000000f0004000150344144
975,975,0,4c30415264800008000000000064006422010101000000000000006400640064003b600000000000000000000000db0000000008000148a900004c90000048a800000005000000050000000f000000000000000a0000000f0004000150344144
976,976,0,4c30415264800008000000000064006422010101000000000000006400640064003b600000000000000000000000db0000000008000148a900004c90000048a800000005000000050000000f000000000000000a0000000f0004000150344144
977,977,0,4c30415264800008000000000064006422010101000000000000006400640064003b600000000000000000000000db0000000008000148a900004c90000048a800000005000000050000000f000000000000000a0000000f0004000150344144
978,978,0,4c30415264800008000000000064006422010101000000000000006400640064003b600000000000000000000000db0000000008000148a900004c90000048a800000005000000050000000f000000000000000a0000000f0004000150344144
979,979,0,4c30415264800008000000000064006422010101000000000000006400640064003b600000000000000000000000db0000000008000148a900004c90000048a800000005000000050000000f000000000000000a0000000f0004000150344144
980,980,0,4c30415264800008000000000064006422010101000000000000006400640064003b600000000000000000000000db0000000008000148a900004c90000048a800000005000000050000000f000000000000000a0000000f0004000150344144
981,981,0,4c30415264800008000000000064006422010101000000000000006400640064003b600000000000000000000000db0000000008000148a900004c90000048a800000005000000050000000f000000000000000a0000000f0004000150344144
982,982,0,4c30415264800008000000000064006422010101000000000000006400640064003b600000000000000000000000db0000000008000148a900004c90000048a800000005000000050000000f000000000000000a0000000f0004000150344144
983,983,0,4c30415264800008000000000064006422010101000000000000006400640064003b600000000000000000000000db0000000008000148a900004c90000048a800000005000000050000000f000000000000000a0000000f0004000150344144
984,984,0,4c30415264800008000000000064006422010101000000000000006400640064003b600000000000000000000000db0000000008000148a900004c90000048a800000005000000050000000f000000000000000a0000000f0004000150344144
985,985,0,4c30415264800008000000000064006422010101000000000000006400640064003b600000000000000000000000db0000000008000148a900004c90000048a800000005000000050000000f000000000000000a0000000f0004000150344144
986,986,0,4c30415264800008000000000064006422010101000000000000006400640064003b600000000000000000000000db0000000008000148a900004c90000048a800000005000000050000000f000000000000000a0000000f0004000150344144
987,987,0,4c30415264800008000000000064006422010101000000000000006400640064003b600000000000000000000000db0000000008000148a900004c90000048a800000005000000050000000f000000000000000a0000000f0004000150344144
988,988,0,4c30415264800008000000000064006422010101000000000000006400640064003b600000000000000000000000db0000000008000148a900004c90000048a800000005000000050000000f000000000000000a0000000f0004000150344144
989,989,0,4c30415264800008000000000064006422010101000000000000006400640064003b600000000000000000000000db0000000008000148a900004c90000048a800000005000000050000000f000000000000000a0000000f0004000150344144
990,990,0,4c30415264800008000000000064006422010101000000000000006400640064003b600000000000000000000000db0000000008000148a900004c90000048a800000005000000050000000f000000000000000a0000000f0004000150344144
991,991,0,4c30415264800008000000000064006422010101000000000000006400640064003b600000000000000000000000db0000000008000148a900004c90000048a800000005000000050000000f000000000000000a0000000f0004000150344144
992,992,0,4c30415264800008000000000064006422010101000000000000006400640064003b600000000000000000000000db0000000008000148a900004c90000048a800000005000000050000000f000000000000000a0000000f0004000150344144
993,993,0,4c30415264800008000000000064006422010101000000000000006400640064003b600000000000000000000000db0000000008000148a900004c90000048a800000005000000050000000f000000000000000a0000000f0004000150344144
994,994,0,4c30415264800008000000000064006422010101000000000000006400640064003b600000000000000000000000db0000000008000148a900004c90000048a800000005000000050000000f000000000000000a0000000f0004000150344144
995,995,0,4c30415264800008000000000064006422010101000000000000006400640064003b600000000000000000000000db0000000008000148a900004c90000048a800000005000000050000000f000000000000000a0000000f0004000150344144
996,996,0,4c30415264800008000000000064006422010101000000000000006400640064003b600000000000000000000000db0000000008000148a900004c90000048a800000005000000050000000f000000000000000a0000000f0004000150344144
997,997,0,4c30415264800008000000000064006422010101000000000000006400640064003b600000000000000000000000db0000000008000148a900004c90000048a800000005000000050000000f000000000000000a0000000f0004000150344144
998,998,0,4c30415264800008000000000064006422010101000000000000006400640064003b600000000000000000000000db0000000008000148a900004c90000048a800000005000000050000000f000000000000000a0000000f0004000150344144
999,999,0,4c30415264800008000000000064006422010101000000000000006400640064003b600000000000000000000000db0000000008000148a900004c90000048a800000005000000050000000f000000000000000a0000000f0004000150344144
1000,1000,0,4c30415264800008000000000064006422010101000000000000006400640064003b600000000000000000000000db0000000008000148a900004c90000048a800000005000000050000000f000000000000000a0000000f0004000150344144
1001,1001,0,4c30415264800008000000000064006422010101000000000000006400640064003b600000000000000000000000db0000000008000148a900004c90000048a800000005000000050000000f000000000000000a0000000f0004000150344144
1002,1002,0,4c30415264800008000000000064006422010101000000000000006400640064003b600000000000000000000000db0000000008000148a900004c90000048a800000005000000050000000f000000000000000a0000000f0004000150344144
1003,1003,0,4c30415264800008000000000064006422010101000000000000006400640064003b600000000000000000000000db0000000008000148a900004c90000048a800000005000000050000000f000000000000000a0000000f0004000150344144
1004,1004,0,4c30415264800008000000000064006422010101000000000000006400640064003b600000000000000000000000db0000000008000148a900004c90000048a800000005000000050000000f000000000000000a0000000f0004000150344144
1005,1005,0,4c30415264800008000000000064006422010101000000000000006400640064003b600000000000000000000000db0000000008000148a900004c90000048a800000005000000050000000f000000000000000a0000000f0004000150344144
1006,1006,0,4c30415264800008000000000064006422010101000000000000006400640064003b600000000000000000000000db0000000008000148a900004c90000048a800000005000000050000000f000000000000000a0000000f0004000150344144
1007,1007,0,4c30415264800008000000000064006422010101000000000000006400640064003b600000000000000000000000db0000000008000148a900004c90000048a800000005000000050000000f000000000000000a0000000f0004000150344144
1008,1008,0,4c30415264800008000000000064006422010101000000000000006400640064003b600000000000000000000000db0000000008000148a900004c90000048a800000005000000050000000f000000000000000a0000000f0004000150344144
1009,1009,0,4c30415264800008000000000064006422010101000000000000006400640064003b600000000000000000000000db0000000008000148a900004c90000048a800000005000000050000000f000000000000000a0000000f0004000150344144
1010,1010,0,4c30415264800008000000000064006422010101000000000000006400640064003b600000000000000000000000db0000000008000148a900004c90000048a800000005000000050000000f000000000000000a0000000f0004000150344144
1011,1011,0,4c30415264800008000000000064006422010101000000000000006400640064003b600000000000000000000000db0000000008000148a900004c90000048a800000005000000050000000f000000000000000a0000000f0004000150344144
1012,1012,0,4c30415264800008000000000064006422010101000000000000006400640064003b600000000000000000000000db0000000008000148a900004c90000048a800000005000000050000000f000000000000000a0000000f0004000150344144
1013,1013,0,4c30415264800008000000000064006422010101000000000000006400640064003b600000000000000000000000db0000000008000148a900004c90000048a800000005000000050000000f000000000000000a0000000f0004000150344144
1014,1014,0,4c30415264800008000000000064006422010101000000000000006400640064003b600000000000000000000000db0000000008000148a900004c90000048a800000005000000050000000f000000000000000a0000000f0004000150344144
1015,1015,0,4c30415264800008000000000064006422010101000000000000006400640064003b600000000000000000000000db0000000008000148a900004c90000048a800000005000000050000000f000000000000000a0000000f0004000150344144
1016,1016,0,4c30415264800008000000000064006422010101000000000000006400640064003b600000000000000000000000db0000000008000148a900004c90000048a800000005000000050000000f000000000000000a0000000f0004000150344144
1017,1017,0,4c30415264800008000000000064006422010101000000000000006400640064003b600000000000000000000000db0000000008000148a900004c90000048a800000005000000050000000f000000000000000a0000000f0004000150344144
1018,1018,0,4c30415264800008000000000064006422010101000000000000006400640064003b600000000000000000000000db0000000008000148a900004c90000048a800000005000000050000000f000000000000000a0000000f0004000150344144
1019,1019,0,4c30415264800008000000000064006422010101000000000000006400640064003b600000000000000000000000db0000000008000148a900004c90000048a800000005000000050000000f000000000000000a0000000f0004000150344144
1020,1020,0,4c30415264800008000000000064006422010101000000000000006400640064003b600000000000000000000000db0000000008000148a900004c90000048a800000005000000050000000f000000000000000a0000000f0004000150344144
1021,1021,0,4c30415264800008000000000064006422010101000000000000006400640064003b600000000000000000000000db0000000008000148a900004c90000048a800000005000000050000000f000000000000000a0000000f0004000150344144
1022,1022,0,4c30415264800008000000000064006422010101000000000000006400640064003b600000000000000000000000db0000000008000148a900004c90000048a800000005000000050000000f000000000000000a0000000f0004000150344144
1023,1023,0,4c30415264800008000000000064006422010101000000000000006400640064003b600000000000000000000000db0000000008000148a900004c90000048a800000005000000050000000f000000000000000a0000000f0004000150344144
