captured_ms|sequence|label|role|admission_snapshot_words_csv|ps_runtime_words_csv|pl_perf_snapshot_words_csv
1785936331769|1001|stream64_f2r_01|fixed|2,1378943233,16781056,6207931,6121822,6137523,6121822,6137523,6121822,5869,5847,5847,5847,0,0,746,0,180485232,180141688,4096,4096,0,0,5847,5847,363681458,363681783,363681466,363681791,0,0,0,0,0,0,0,0,4096,256,131072,4,15|4,0,67108864,262144,256,0,0,0,0,100,0,88,0,25,22,0,1,100,0|4,1087469553,0,5838304,0,0,0,0,0,6197317,0,22,0,324487542,0,324487542,0,2080,317567076,0,9804012,0,0,0,0,0
1785936331769|1001|stream64_f2r_01|rotating|2,1378943233,33558272,6316396,6228242,71735,0,71735,0,1520,0,760,0,0,0,5949,5949,4855616,0,4096,0,0,0,760,0,351178508,0,351178516,0,0,0,0,0,0,0,0,0,4096,256,131072,4,15|4,0,67108864,262144,256,0,0,0,0,100,0,88,0,25,22,0,1,100,0|4,398588331,0,0,0,5767168,0,5767168,0,18099,0,0,22,0,0,0,0,0,0,0,6893076,0,0,0,0,0
1785936336771|1001|stream64_f2r_01|fixed|4,1378943233,16777471,12479367,12304285,12337603,12304285,12337603,12304285,11802,11757,11756,11756,0,0,1502,0,362907411,362188222,4096,4096,0,0,11757,11757,684074004,684073977,684074012,684073985,0,0,0,0,0,0,0,0,4096,256,131072,4,15|4,0,67108864,262144,256,0,0,0,0,188,0,176,0,47,44,0,1,188,0|6,1407057643,0,11652896,0,0,0,0,0,12368252,0,44,0,642621984,0,642621984,0,2080,633963458,0,12689742,0,0,0,0,0
1785936336771|1001|stream64_f2r_01|rotating|4,1378943233,33558272,12556889,12380902,142616,0,142616,0,3022,0,1511,0,0,0,11830,11830,9653688,0,4096,0,0,0,1511,0,669623004,0,669623012,0,0,0,0,0,0,0,0,0,4096,256,131072,4,15|4,0,67108864,262144,256,0,0,0,0,188,0,176,0,47,44,0,1,188,0|6,716289117,0,0,0,11534336,0,11534336,0,35772,0,0,44,0,0,0,0,0,0,0,6933791,0,0,0,0,0
1785936341785|1001|stream64_f2r_01|fixed|6,1378943233,16777471,18760285,18497768,18547165,18497768,18547165,18497768,17742,17676,17674,17674,0,0,2258,0,545567665,544488744,4096,4096,0,0,17675,17675,1004745541,1004745554,1004745557,1004745514,0,0,0,0,0,0,0,0,4096,256,131072,4,15|4,0,67108864,262144,256,0,0,0,0,276,0,264,0,69,66,0,1,276,0|8,1730537406,0,17530720,0,0,0,0,0,18616911,0,66,0,964632291,0,964632291,0,2080,954255804,0,15568949,0,0,0,0,0
1785936341785|1001|stream64_f2r_01|rotating|6,1378943233,33558272,18901249,18637157,214719,0,214719,0,4550,0,2275,0,0,0,17807,17807,14534824,0,4096,0,0,0,2275,0,993647971,0,993647979,0,0,0,0,0,0,0,0,0,4096,256,131072,4,15|5,0,67108864,262144,256,0,0,0,0,280,0,268,0,70,67,0,1,280,0|8,1040684983,0,0,0,17563648,0,17563648,0,53821,0,0,67,0,0,0,0,0,0,0,6979855,0,0,0,0,0
1785936346800|1001|stream64_f2r_01|fixed|8,1378943233,16781056,25049289,24700616,24764721,24700616,24764721,24700616,23688,23600,23599,23599,0,0,3015,0,728455392,727017048,4096,4096,0,0,23599,23599,1325796697,1325797054,1325796705,1325797062,0,0,0,0,0,0,0,0,4096,256,131072,4,15|4,0,67108864,262144,256,0,0,0,0,364,0,352,0,91,88,0,1,364,0|10,2049013724,0,23321600,0,0,0,0,0,24768661,0,88,0,1281660889,0,1281660889,0,2080,1269540557,0,18455373,0,0,0,0,0
1785936346800|1001|stream64_f2r_01|rotating|8,1378943233,33558272,25138554,24788054,285695,0,285695,0,6054,0,3027,0,0,0,23682,23682,19339312,0,4096,0,0,0,3027,0,1312326960,0,1312326976,0,0,0,0,0,0,0,0,0,4096,256,131072,4,15|4,0,67108864,262144,256,0,0,0,0,368,0,356,0,92,89,0,1,368,0|10,1361006414,0,0,0,23330816,0,23330816,0,71660,0,0,89,0,0,0,0,0,0,0,7024210,0,0,0,0,0
1785936351810|1001|stream64_f2r_01|fixed|10,1378943233,16781056,31332190,30896680,30976181,30896680,30976181,30896680,29628,29518,29517,29517,0,0,3772,0,911130912,909334544,4096,4096,0,0,29517,29517,1646499577,1646499902,1646499585,1646499910,0,0,0,0,0,0,0,0,4096,256,131072,4,15|4,0,67108864,262144,256,0,0,0,0,456,0,444,0,114,111,0,1,456,0|12,2368914181,0,29137504,0,0,0,0,0,30946307,0,111,0,1600107370,0,1600107370,0,2077,1586114217,0,21471567,0,0,0,0,0
1785936351810|1001|stream64_f2r_01|rotating|10,1378943233,33558272,31410818,30973712,356956,0,356956,0,7564,0,3782,0,0,0,29591,29591,24162992,0,4096,0,0,0,3782,0,1632489834,0,1632489842,0,0,0,0,0,0,0,0,0,4096,256,131072,4,15|4,0,67108864,262144,256,0,0,0,0,456,0,444,0,114,111,0,1,456,0|12,1679280248,0,0,0,29097984,0,29097984,0,89357,0,0,111,0,0,0,0,0,0,0,7068185,0,0,0,0,0
1785936356841|1001|stream64_f2r_01|fixed|12,1378943233,16781056,37634622,37110502,37206973,37110502,37206973,37110502,35588,35455,35454,35454,0,0,4531,0,1094394440,1092223376,4096,4096,0,0,35454,35454,1968347865,1968348182,1968347873,1968348190,0,0,0,0,0,0,0,0,4096,256,131072,4,15|4,0,67108864,262144,256,0,0,0,0,544,0,532,0,136,133,0,1,544,0|14,2690693374,0,34991616,0,0,0,0,0,37162224,0,133,0,1920423035,0,1920423035,0,2080,1904696921,0,24360683,0,0,0,0,0
1785936356841|1001|stream64_f2r_01|rotating|12,1378943233,33558272,37708951,37184014,428501,0,428501,0,9080,0,4540,0,0,0,35523,35523,29005816,0,4096,0,0,0,4540,0,1953946087,0,1953946095,0,0,0,0,0,0,0,0,0,4096,256,131072,4,15|4,0,67108864,262144,256,0,0,0,0,544,0,532,0,136,133,0,1,544,0|14,2000421560,0,0,0,34865152,0,34865152,0,107243,0,0,133,0,0,0,0,0,0,0,7115320,0,0,0,0,0
1785936361851|1001|stream64_f2r_01|fixed|14,1378943233,16781056,43917265,43305856,43418261,43305856,43418261,43305856,41527,41372,41371,41371,0,0,5287,0,1277040968,1274509840,4096,4096,0,0,41371,41371,2288998111,2288998444,2288998119,2288998452,0,0,0,0,0,0,0,0,4096,256,131072,4,15|4,0,67108864,262144,256,0,0,0,0,632,0,620,0,158,155,0,1,632,0|16,3012574407,0,40845728,0,0,0,0,0,43380996,0,155,0,2240840540,0,2240840540,0,2080,2223381592,0,27249672,0,0,0,0,0
1785936361851|1001|stream64_f2r_01|rotating|14,1378943233,33558272,44008713,43396334,500038,0,500038,0,10596,0,5298,0,0,0,41457,41457,33848576,0,4096,0,0,0,5298,0,2275402232,0,2275402240,0,0,0,0,0,0,0,0,0,4096,256,131072,4,15|4,0,67108864,262144,256,0,0,0,0,632,0,620,0,158,155,0,1,632,0|16,2321831525,0,0,0,40632320,0,40632320,0,125127,0,0,155,0,0,0,0,0,0,0,7149151,0,0,0,0,0
1785936366853|1001|stream64_f2r_01|fixed|16,1378943233,16781056,50209425,49511562,49638975,49511562,49638975,49511562,47476,47300,47298,47298,0,0,6044,0,1459995720,1457104936,4096,4096,0,0,47298,47298,2610185858,2610186183,2610185866,2610186191,0,0,0,0,0,0,0,0,4096,256,131072,4,15|4,0,67108864,262144,256,0,0,0,0,720,0,708,0,180,177,0,1,720,0|18,3332811609,0,46669536,0,0,0,0,0,49564214,0,178,0,2559621790,0,2559621790,0,2080,2540287367,0,30270217,0,0,0,0,0
1785936366853|1001|stream64_f2r_01|rotating|16,1378943233,33558272,50283678,49584248,571391,0,571391,0,12108,0,6054,0,0,0,47368,47368,38678632,0,4096,0,0,0,6054,0,2595803230,0,2595803238,0,0,0,0,0,0,0,0,0,4096,256,131072,4,15|4,0,67108864,262144,256,0,0,0,0,724,0,712,0,181,178,0,1,724,0|18,2643356989,0,0,0,46661632,0,46661632,0,143013,0,0,178,0,0,0,0,0,0,0,7199299,0,0,0,0,0
1785936371864|1001|stream64_f2r_01|fixed|18,1378943233,16781056,56468705,55682564,55826905,55682564,55826905,55682564,53400,53202,53200,53200,0,0,6800,0,1642178224,1638912456,4096,4096,0,0,53200,53200,2930021429,2930000010,2930021437,2930000018,0,0,0,0,0,0,0,0,4096,256,131072,4,15|4,0,67108864,262144,256,0,0,0,0,812,0,800,0,203,200,0,1,812,0|20,3652421533,0,52476224,0,0,0,0,0,55731965,0,200,0,2877780042,0,2877780042,0,2080,2856711357,0,33150452,0,0,0,0,0
1785936371864|1001|stream64_f2r_01|rotating|18,1378943233,33558272,56535501,55748565,642462,0,642462,0,13614,0,6807,0,0,0,53263,53263,43489528,0,4096,0,0,0,6807,0,2915101783,0,2915101791,0,0,0,0,0,0,0,0,0,4096,256,131072,4,15|4,0,67108864,262144,256,0,0,0,0,812,0,800,0,203,200,0,1,812,0|20,2961658121,0,0,0,52428800,0,52428800,0,160734,0,0,200,0,0,0,0,0,0,0,7239269,0,0,0,0,0
1785936376873|1001|stream64_f2r_01|fixed|20,1378943233,16781056,62741645,61868908,62028585,61868908,62028585,61868908,59337,59117,59114,59114,0,0,7555,0,1824730536,1821107808,4096,4096,0,0,59114,59114,3250636979,3250637304,3250636987,3250637312,0,0,0,0,0,0,0,0,4096,256,131072,4,15|4,0,67108864,262144,256,0,0,0,0,900,0,888,0,225,222,0,1,900,0|22,3973079020,0,58306624,0,0,0,0,0,61921209,0,222,0,3196979929,0,3196979929,0,2080,3174173398,0,36039362,0,0,0,0,0
1785936376873|1001|stream64_f2r_01|rotating|20,1378943233,33558272,62810302,61936674,713818,0,713818,0,15126,0,7563,0,0,0,59178,59178,48319560,0,4096,0,0,0,7563,0,3235698299,0,3235698307,0,0,0,0,0,0,0,0,0,4096,256,131072,4,15|4,0,67108864,262144,256,0,0,0,0,900,0,888,0,225,222,0,1,900,0|22,3283570278,0,0,0,58195968,0,58195968,0,178643,0,0,222,0,0,0,0,0,0,0,7283838,0,0,0,0,0
1785936381882|1001|stream64_f2r_01|fixed|22,1378943233,16777471,69017383,68058537,68232967,68058537,68232967,68058537,65275,65033,65030,65029,0,0,8311,0,2007342408,2003360779,4096,4096,0,0,65030,65030,3571228384,3571228701,3571228392,3571228709,0,0,0,0,0,0,0,0,4096,256,131072,4,15|4,0,67108864,262144,256,0,0,0,0,988,0,976,0,247,244,0,1,988,0|24,4293573433,0,64137024,0,0,0,0,0,68108588,0,244,0,3516016742,0,3516016742,0,2080,3491477422,0,38923215,0,0,0,0,0
1785936381882|1001|stream64_f2r_01|rotating|22,1378943233,33558272,69085017,68125386,785172,0,785172,0,16638,0,8319,0,0,0,65093,65093,53149592,0,4096,0,0,0,8319,0,3556289758,0,3556289766,0,0,0,0,0,0,0,0,0,4096,256,131072,4,15|4,0,67108864,262144,256,0,0,0,0,988,0,976,0,247,244,0,1,988,0|24,3602882405,0,0,0,63963136,0,63963136,0,196409,0,0,244,0,0,0,0,0,0,0,7329394,0,0,0,0,0
1785936390211|1002|stream64_f2r_02|fixed|26,1378943233,16777471,6155211,6070000,6085365,6070000,6085365,6070000,5820,5798,5797,5797,0,0,740,0,178947505,178604456,4096,4096,0,0,5798,5798,4104350214,4104350267,4104350230,4104350251,0,0,0,0,0,0,0,0,4096,256,131072,4,15|4,0,67108864,262144,256,0,0,0,0,96,0,84,0,24,21,0,1,96,0|32,531667603,1,5765856,0,0,0,0,0,6119147,0,21,0,320340586,0,320340586,0,2080,313541834,0,9671237,0,0,0,0,0
1785936390211|1002|stream64_f2r_02|rotating|26,1378943233,33558272,6227038,6140289,70692,0,70692,0,1498,0,749,0,0,0,5864,5864,4785304,0,4096,0,0,0,749,0,4089780933,0,4089780949,0,0,0,0,0,0,0,0,0,4096,256,131072,4,15|4,0,67108864,262144,256,0,0,0,0,100,0,88,0,25,22,0,1,100,0|32,4136027848,0,0,0,5767168,0,5767168,0,17768,0,0,22,0,0,0,0,0,0,0,6885811,0,0,0,0,0
1785936395226|1002|stream64_f2r_02|fixed|28,1378943233,16777471,12434102,12259627,12292812,12259627,12292812,12259627,11760,11715,11714,11714,0,0,1497,0,361587612,360869935,4096,4096,0,0,11715,11715,130149909,130149906,130149917,130149914,0,0,0,0,0,0,0,0,4096,256,131072,4,15|4,0,67108864,262144,256,0,0,0,0,188,0,176,0,47,44,0,1,188,0|34,852417043,1,11597568,0,0,0,0,0,12309752,0,44,0,639632098,0,639632098,0,2080,630963612,0,12687738,0,0,0,0,0
1785936395226|1002|stream64_f2r_02|rotating|28,1378943233,33558272,12508544,12333260,142143,0,142143,0,3012,0,1506,0,0,0,11784,11784,9621776,0,4096,0,0,0,1506,0,115836274,0,115836282,0,0,0,0,0,0,0,0,0,4096,256,131072,4,15|4,0,67108864,262144,256,0,0,0,0,188,0,176,0,47,44,0,1,188,0|34,162109737,1,0,0,11534336,0,11534336,0,35630,0,0,44,0,0,0,0,0,0,0,6931175,0,0,0,0,0
1785936400230|1002|stream64_f2r_02|fixed|30,1378943233,16777471,18711663,18449707,18499112,18449707,18499112,18449707,17695,17628,17627,17627,0,0,2252,0,544132777,543056308,4096,4096,0,0,17628,17628,450616088,450616085,450616096,450616093,0,0,0,0,0,0,0,0,4096,256,131072,4,15|4,0,67108864,262144,256,0,0,0,0,276,0,264,0,69,66,0,1,276,0|36,1172856097,1,17420064,0,0,0,0,0,18498880,0,66,0,958615528,0,958615528,0,2080,948207667,0,15576480,0,0,0,0,0
1785936400230|1002|stream64_f2r_02|rotating|30,1378943233,33558272,18792494,18529730,213498,0,213498,0,4524,0,2262,0,0,0,17704,17704,14451808,0,4096,0,0,0,2262,0,436432637,0,436432645,0,0,0,0,0,0,0,0,0,4096,256,131072,4,15|4,0,67108864,262144,256,0,0,0,0,276,0,264,0,69,66,0,1,276,0|36,483336008,1,0,0,17301504,0,17301504,0,53515,0,0,66,0,0,0,0,0,0,0,6979283,0,0,0,0,0
1785936405232|1002|stream64_f2r_02|fixed|32,1378943233,16777471,25020531,24672098,24736247,24672098,24736247,24672098,23661,23572,23571,23571,0,0,3012,0,727593824,726159518,4096,4096,0,0,23572,23572,772691377,772691366,772691353,772691374,0,0,0,0,0,0,0,0,4096,256,131072,4,15|4,0,67108864,262144,256,0,0,0,0,364,0,352,0,91,88,0,1,364,0|38,1494898769,1,23282080,0,0,0,0,0,24720269,0,88,0,1279192696,0,1279192696,0,2080,1267054550,0,18464617,0,0,0,0,0
1785936405232|1002|stream64_f2r_02|rotating|32,1378943233,33558272,25095623,24746247,285129,0,285129,0,6042,0,3021,0,0,0,23641,23641,19300968,0,4096,0,0,0,3021,0,758317723,0,758317731,0,0,0,0,0,0,0,0,0,4096,256,131072,4,15|5,0,67108864,262144,256,0,0,0,0,368,0,356,0,92,89,0,1,368,0|38,805420046,1,0,0,23330816,0,23330816,0,71447,0,0,89,0,0,0,0,0,0,0,7024820,0,0,0,0,0
1785936410242|1002|stream64_f2r_02|fixed|34,1378943233,16777471,31280844,30845826,30925491,30845826,30925491,30845826,29579,29468,29467,29467,0,0,3765,0,909604715,907811136,4096,4096,0,0,29468,29468,1092229571,1092229600,1092229579,1092229576,0,0,0,0,0,0,0,0,4096,256,131072,4,15|4,0,67108864,262144,256,0,0,0,0,452,0,440,0,113,110,0,1,452,0|40,1814915573,1,29096672,0,0,0,0,0,30903201,0,110,0,1597755852,0,1597755852,0,2080,1583876934,0,21353059,0,0,0,0,0
1785936410242|1002|stream64_f2r_02|rotating|34,1378943233,33558272,31357590,30920979,356293,0,356293,0,7550,0,3775,0,0,0,29540,29540,24118240,0,4096,0,0,0,3775,0,1077858337,0,1077858353,0,0,0,0,0,0,0,0,0,4096,256,131072,4,15|4,0,67108864,262144,256,0,0,0,0,456,0,444,0,114,111,0,1,456,0|40,1124957035,1,0,0,29097984,0,29097984,0,89215,0,0,111,0,0,0,0,0,0,0,7071228,0,0,0,0,0
1785936415246|1002|stream64_f2r_02|fixed|36,1378943233,16781056,37534242,37012432,37107823,37012432,37107823,37012432,35492,35359,35359,35359,0,0,4518,0,1091461048,1089307680,4096,4096,0,0,35359,35359,1411492677,1411493010,1411492685,1411493018,0,0,0,0,0,0,0,0,4096,256,131072,4,15|4,0,67108864,262144,256,0,0,0,0,544,0,532,0,136,133,0,1,544,0|42,2133711249,1,34889816,0,0,0,0,0,37057602,0,133,0,1915103242,0,1915103242,0,2080,1899343392,0,24372232,0,0,0,0,0
1785936415246|1002|stream64_f2r_02|rotating|36,1378943233,33558272,37606981,37083580,427365,0,427365,0,9056,0,4528,0,0,0,35427,35427,28929128,0,4096,0,0,0,4528,0,1397164602,0,1397164610,0,0,0,0,0,0,0,0,0,4096,256,131072,4,15|4,0,67108864,262144,256,0,0,0,0,544,0,532,0,136,133,0,1,544,0|42,1443359132,1,0,0,34865152,0,34865152,0,106936,0,0,133,0,0,0,0,0,0,0,7109486,0,0,0,0,0
1785936420251|1002|stream64_f2r_02|fixed|38,1378943233,16781056,43811641,43202286,43313772,43202286,43313772,43202286,41427,41273,41271,41271,0,0,5275,0,1273953328,1271423008,4096,4096,0,0,41271,41271,1731998801,1731999166,1731998817,1731999174,0,0,0,0,0,0,0,0,4096,256,131072,4,15|4,0,67108864,262144,256,0,0,0,0,632,0,620,0,158,155,0,1,632,0|44,2455049007,1,40735072,0,0,0,0,0,43266079,0,155,0,2234979686,0,2234979686,0,2080,2217487299,0,27259268,0,0,0,0,0
1785936420251|1002|stream64_f2r_02|rotating|38,1378943233,33558272,43913759,43303131,499004,0,499004,0,10574,0,5287,0,0,0,41367,41367,33778352,0,4096,0,0,0,5287,0,1719048578,0,1719048586,0,0,0,0,0,0,0,0,0,4096,256,131072,4,15|4,0,67108864,262144,256,0,0,0,0,632,0,620,0,158,155,0,1,632,0|44,1765810470,1,0,0,40632320,0,40632320,0,124869,0,0,155,0,0,0,0,0,0,0,7159487,0,0,0,0,0
1785936425269|1002|stream64_f2r_02|fixed|40,1378943233,16777471,50108291,49411223,49538972,49411223,49538972,49411223,47380,47205,47201,47201,0,0,6032,0,1457002277,1454115504,4096,4096,0,0,47202,47202,2053364829,2053364858,2053364837,2053364826,0,0,0,0,0,0,0,0,4096,256,131072,4,15|4,0,67108864,262144,256,0,0,0,0,720,0,708,0,180,177,0,1,720,0|46,2778194295,1,46612896,0,0,0,0,0,49509776,0,177,0,2556655518,0,2556655518,0,2080,2537440570,0,30143075,0,0,0,0,0
1785936425269|1002|stream64_f2r_02|rotating|40,1378943233,33558272,50230248,49531778,570730,0,570730,0,12094,0,6047,0,0,0,47316,47316,38633904,0,4096,0,0,0,6047,0,2041359087,0,2041359095,0,0,0,0,0,0,0,0,0,4096,256,131072,4,15|5,0,67108864,262144,256,0,0,0,0,724,0,712,0,181,178,0,1,724,0|46,2088318145,1,0,0,46661632,0,46661632,0,142824,0,0,178,0,0,0,0,0,0,0,7210678,0,0,0,0,0
1785936430283|1002|stream64_f2r_02|fixed|42,1378943233,16777471,56392310,55608459,55751543,55608459,55751543,55608459,53322,53125,53121,53121,0,0,6789,0,1639746040,1636499523,4096,4096,0,0,53122,53122,2374182116,2374182113,2374182124,2374182121,0,0,0,0,0,0,0,0,4096,256,131072,4,15|4,0,67108864,262144,256,0,0,0,0,808,0,796,0,202,199,0,1,808,0|48,3096446782,1,52403776,0,0,0,0,0,55656973,0,199,0,2873460285,0,2873460285,0,2080,2852499303,0,33031688,0,0,0,0,0
1785936430283|1002|stream64_f2r_02|rotating|42,1378943233,33558272,56521775,55735670,642274,0,642274,0,13610,0,6805,0,0,0,53243,53243,43476744,0,4096,0,0,0,6805,0,2362619051,0,2362619059,0,0,0,0,0,0,0,0,0,4096,256,131072,4,15|4,0,67108864,262144,256,0,0,0,0,812,0,800,0,203,200,0,1,812,0|48,2418141299,1,0,0,52428800,0,52428800,0,161181,0,0,200,0,0,0,0,0,0,0,7252452,0,0,0,0,0
1785936435305|1002|stream64_f2r_02|fixed|44,1378943233,16777471,62684579,61813979,61972371,61813979,61972371,61813979,59270,59051,59048,59048,0,0,7546,0,1822688350,1819083177,4096,4096,0,0,59048,59048,2695326340,2695326689,2695326348,2695326697,0,0,0,0,0,0,0,0,4096,256,131072,4,15|4,0,67108864,262144,256,0,0,0,0,900,0,888,0,225,222,0,1,900,0|50,3418744193,1,58259200,0,0,0,0,0,61880983,0,222,0,3194293840,0,3194293840,0,2080,3171478701,0,36037703,0,0,0,0,0
1785936435305|1002|stream64_f2r_02|rotating|44,1378943233,33558272,62768820,61896483,713250,0,713250,0,15114,0,7557,0,0,0,59127,59127,48281256,0,4096,0,0,0,7557,0,2681482298,0,2681482306,0,0,0,0,0,0,0,0,0,4096,256,131072,4,15|4,0,67108864,262144,256,0,0,0,0,900,0,888,0,225,222,0,1,900,0|50,2728037440,1,0,0,58195968,0,58195968,0,178431,0,0,222,0,0,0,0,0,0,0,7297188,0,0,0,0,0
1785936440310|1002|stream64_f2r_02|fixed|46,1378943233,16777471,68957299,67999286,68173735,67999286,68173735,67999286,65202,64961,64956,64956,0,0,8302,0,2005070784,2001089619,4096,4096,0,0,64957,64957,3015649357,3015649354,3015649333,3015649362,0,0,0,0,0,0,0,0,4096,256,131072,4,15|4,0,67108864,262144,256,0,0,0,0,988,0,976,0,247,244,0,1,988,0|52,3738785409,1,64081696,0,0,0,0,0,68064019,0,244,0,3512879432,0,3512879432,0,2080,3488327463,0,38923900,0,0,0,0,0
1785936440310|1002|stream64_f2r_02|rotating|46,1378943233,33558272,69050747,68091708,784605,0,784605,0,16626,0,8313,0,0,0,65044,65044,53111288,0,4096,0,0,0,8313,0,3002076130,0,3002076138,0,0,0,0,0,0,0,0,0,4096,256,131072,4,15|4,0,67108864,262144,256,0,0,0,0,988,0,976,0,247,244,0,1,988,0|52,3049256602,1,0,0,63963136,0,63963136,0,196293,0,0,244,0,0,0,0,0,0,0,7344285,0,0,0,0,0
1785936448691|1003|stream64_f2r_03|fixed|50,1378943233,16777471,6150060,6064803,6080308,6064803,6080308,6064803,5815,5793,5792,5792,0,0,739,0,178801016,178458387,4096,4096,0,0,5793,5793,3552257407,3552257428,3552257415,3552257436,0,0,0,0,0,0,0,0,4096,256,131072,4,15|4,0,67108864,262144,256,0,0,0,0,96,0,84,0,24,21,0,1,96,0|60,4274750691,1,5765856,0,0,0,0,0,6118107,0,21,0,320292598,0,320292598,0,2080,313493676,0,9671420,0,0,0,0,0
1785936448691|1003|stream64_f2r_03|rotating|50,1378943233,33558033,6238733,6151664,70838,0,70838,0,1501,0,750,0,0,0,5876,5876,4792933,0,4096,0,0,0,751,0,3538803972,0,3538803980,0,0,0,0,0,0,0,0,0,4096,256,131072,4,15|4,0,67108864,262144,256,0,0,0,0,100,0,88,0,25,22,0,1,100,0|60,3585168145,1,0,0,5767168,0,5767168,0,17815,0,0,22,0,0,0,0,0,0,0,6892986,0,0,0,0,0
1785936453698|1003|stream64_f2r_03|fixed|52,1378943233,16777471,12421798,12249269,12280697,12249269,12280697,12249269,11747,11703,11703,11703,0,0,1495,0,361243850,360541685,4096,4096,0,0,11703,11703,3872543767,3872544092,3872543775,3872544100,0,0,0,0,0,0,0,0,4096,256,131072,4,15|4,0,67108864,262144,256,0,0,0,0,188,0,176,0,47,44,0,1,188,0|62,300140500,2,11589664,0,0,0,0,0,12300973,0,44,0,639193751,0,639193751,0,2080,630523410,0,12687909,0,0,0,0,0
1785936453698|1003|stream64_f2r_03|rotating|52,1378943233,33558272,12495789,12321716,141953,0,141953,0,3008,0,1504,0,0,0,11772,11772,9608984,0,4096,0,0,0,1504,0,3858109072,0,3858109080,0,0,0,0,0,0,0,0,0,4096,256,131072,4,15|4,0,67108864,262144,256,0,0,0,0,188,0,176,0,47,44,0,1,188,0|62,3904511109,1,0,0,11534336,0,11534336,0,35583,0,0,44,0,0,0,0,0,0,0,6936778,0,0,0,0,0
1785936458702|1003|stream64_f2r_03|fixed|54,1378943233,16781056,18696027,18435774,18483571,18435774,18483571,18435774,17681,17614,17614,17614,0,0,2251,0,543707712,542631024,4096,4096,0,0,17614,17614,4192995364,4192995705,4192995372,4192995713,0,0,0,0,0,0,0,0,4096,256,131072,4,15|4,0,67108864,262144,256,0,0,0,0,276,0,264,0,69,66,0,1,276,0|64,620131982,2,17404256,0,0,0,0,0,18481156,0,66,0,957731585,0,957731585,0,2080,947322788,0,15574035,0,0,0,0,0
1785936458702|1003|stream64_f2r_03|rotating|54,1378943233,33558272,18782242,18521233,213403,0,213403,0,4522,0,2261,0,0,0,17695,17695,14445416,0,4096,0,0,0,2261,0,4179132606,0,4179132614,0,0,0,0,0,0,0,0,0,4096,256,131072,4,15|4,0,67108864,262144,256,0,0,0,0,276,0,264,0,69,66,0,1,276,0|64,4226829441,1,0,0,17301504,0,17301504,0,53539,0,0,66,0,0,0,0,0,0,0,6988409,0,0,0,0,0
1785936463703|1003|stream64_f2r_03|fixed|56,1378943233,16777471,24966859,24620042,24683141,24620042,24683141,24620042,23611,23523,23521,23521,0,0,3006,0,726046352,724610856,4096,4096,0,0,23522,23522,218155851,218155824,218155835,218155832,0,0,0,0,0,0,0,0,4096,256,131072,4,15|4,0,67108864,262144,256,0,0,0,0,364,0,352,0,91,88,0,1,364,0|66,941045844,2,23242560,0,0,0,0,0,24680629,0,88,0,1277185871,0,1277185871,0,2080,1265045419,0,18458451,0,0,0,0,0
1785936463703|1003|stream64_f2r_03|rotating|56,1378943233,33558272,25057249,24709427,284661,0,284661,0,6032,0,3016,0,0,0,23606,23606,19269024,0,4096,0,0,0,3016,0,204327564,0,204327572,0,0,0,0,0,0,0,0,0,4096,256,131072,4,15|4,0,67108864,262144,256,0,0,0,0,364,0,352,0,91,88,0,1,364,0|66,251443661,2,0,0,23068672,0,23068672,0,71305,0,0,88,0,0,0,0,0,0,0,7035701,0,0,0,0,0
1785936468703|1003|stream64_f2r_03|fixed|58,1378943233,16777471,31236469,30801873,30881587,30801873,30881587,30801873,29537,29427,29425,29425,0,0,3760,0,908313244,906518543,4096,4096,0,0,29426,29426,538132987,538132984,538132995,538132992,0,0,0,0,0,0,0,0,4096,256,131072,4,15|4,0,67108864,262144,256,0,0,0,0,452,0,440,0,113,110,0,1,452,0|68,1260460209,2,29049248,0,0,0,0,0,30851807,0,110,0,1595148564,0,1595148564,0,2080,1581268016,0,21344520,0,0,0,0,0
1785936468703|1003|stream64_f2r_03|rotating|58,1378943233,33558272,31303570,30868128,355633,0,355633,0,7536,0,3768,0,0,0,29489,29489,24073496,0,4096,0,0,0,3768,0,523202225,0,523202233,0,0,0,0,0,0,0,0,0,4096,256,131072,4,15|4,0,67108864,262144,256,0,0,0,0,452,0,440,0,113,110,0,1,452,0|68,569594132,2,0,0,28835840,0,28835840,0,89002,0,0,110,0,0,0,0,0,0,0,7076036,0,0,0,0,0
1785936473713|1003|stream64_f2r_03|fixed|60,1378943233,16777471,37517959,36994864,37091728,36994864,37091728,36994864,35476,35344,35342,35342,0,0,4516,0,1090956088,1088802912,4096,4096,0,0,35343,35343,858772725,858772722,858772701,858772690,0,0,0,0,0,0,0,0,4096,256,131072,4,15|4,0,67108864,262144,256,0,0,0,0,544,0,532,0,136,133,0,1,544,0|70,1580932924,2,34873056,0,0,0,0,0,37039548,0,133,0,1914165327,0,1914165327,0,2080,1898416803,0,24357566,0,0,0,0,0
1785936473713|1003|stream64_f2r_03|rotating|60,1378943233,33558272,37593907,37069429,427176,0,427176,0,9052,0,4526,0,0,0,35414,35414,28916336,0,4096,0,0,0,4526,0,844455311,0,844455319,0,0,0,0,0,0,0,0,0,4096,256,131072,4,15|4,0,67108864,262144,256,0,0,0,0,544,0,532,0,136,133,0,1,544,0|70,891460362,2,0,0,34865152,0,34865152,0,106936,0,0,133,0,0,0,0,0,0,0,7125711,0,0,0,0,0
1785936478716|1003|stream64_f2r_03|fixed|62,1378943233,16777471,43785603,43175094,43288114,43175094,43288114,43175094,41402,41247,41245,41245,0,0,5271,0,1273168505,1270641300,4096,4096,0,0,41246,41246,1178786119,1178786100,1178786135,1178786116,0,0,0,0,0,0,0,0,4096,256,131072,4,15|4,0,67108864,262144,256,0,0,0,0,632,0,620,0,158,155,0,1,632,0|72,1901313303,2,40703456,0,0,0,0,0,43229314,0,155,0,2233088106,0,2233088106,0,2080,2215611084,0,27237128,0,0,0,0,0
1785936478716|1003|stream64_f2r_03|rotating|62,1378943233,33558272,43861122,43249716,498342,0,498342,0,10560,0,5280,0,0,0,41316,41316,33733640,0,4096,0,0,0,5280,0,1164182962,0,1164182970,0,0,0,0,0,0,0,0,0,4096,256,131072,4,15|4,0,67108864,262144,256,0,0,0,0,632,0,620,0,158,155,0,1,632,0|72,1210568206,2,0,0,40632320,0,40632320,0,124680,0,0,155,0,0,0,0,0,0,0,7165005,0,0,0,0,0
1785936483729|1003|stream64_f2r_03|fixed|64,1378943233,16777471,50071472,49374354,49502532,49374354,49502532,49374354,47344,47167,47165,47165,0,0,6028,0,1455912920,1453025447,4096,4096,0,0,47166,47166,1499600216,1499600189,1499600184,1499600197,0,0,0,0,0,0,0,0,4096,256,131072,4,15|4,0,67108864,262144,256,0,0,0,0,720,0,708,0,180,177,0,1,720,0|74,2221921397,2,46533856,0,0,0,0,0,49423521,0,177,0,2552238600,0,2552238600,0,2080,2533027775,0,30121995,0,0,0,0,0
1785936483729|1003|stream64_f2r_03|rotating|64,1378943233,33558272,50146953,49449151,569791,0,569791,0,12074,0,6037,0,0,0,47237,47236,38570064,0,4096,0,0,0,6037,0,1485205238,0,1485205246,0,0,0,0,0,0,0,0,0,4096,256,131072,4,15|4,0,67108864,262144,256,0,0,0,0,720,0,708,0,180,177,0,1,720,0|74,1531374051,2,0,0,46399488,0,46399488,0,142542,0,0,177,0,0,0,0,0,0,0,7204332,0,0,0,0,0
1785936488733|1003|stream64_f2r_03|fixed|66,1378943233,16781056,56367875,55584634,55727392,55584634,55727392,55584634,53299,53099,53098,53098,0,0,6786,0,1639029552,1635783432,4096,4096,0,0,53098,53098,1821059060,1821059409,1821059068,1821059417,0,0,0,0,0,0,0,0,4096,256,131072,4,15|4,0,67108864,262144,256,0,0,0,0,808,0,796,0,202,199,0,1,808,0|76,2543424056,2,52380064,0,0,0,0,0,55634318,0,199,0,2872279707,0,2872279707,0,2080,2851336075,0,33009260,0,0,0,0,0
1785936488733|1003|stream64_f2r_03|rotating|66,1378943233,33558272,56435552,55651559,641234,0,641234,0,13588,0,6794,0,0,0,53161,53161,43406432,0,4096,0,0,0,6794,0,1806229916,0,1806229924,0,0,0,0,0,0,0,0,0,4096,256,131072,4,15|4,0,67108864,262144,256,0,0,0,0,808,0,796,0,203,200,0,1,812,0|76,1852901215,2,0,0,52428800,0,52428800,0,160450,0,0,200,0,0,0,0,0,0,0,7258724,0,0,0,0,0
1785936493745|1003|stream64_f2r_03|fixed|68,1378943233,16777471,62631712,61763397,61920066,61763397,61920066,61763397,59222,59000,58998,58998,0,0,7540,0,1821157689,1817551096,4096,4096,0,0,58999,58999,2140821960,2140821973,2140821968,2140821941,0,0,0,0,0,0,0,0,4096,256,131072,4,15|4,0,67108864,262144,256,0,0,0,0,896,0,884,0,224,221,0,1,896,0|78,2863145745,2,58194656,0,0,0,0,0,61811484,0,221,0,3190547748,0,3190547748,0,2080,3167863449,0,35897597,0,0,0,0,0
1785936493745|1003|stream64_f2r_03|rotating|68,1378943233,33558272,62713792,61843968,712587,0,712587,0,15100,0,7550,0,0,0,59075,59075,48236488,0,4096,0,0,0,7550,0,2126630013,0,2126630021,0,0,0,0,0,0,0,0,0,4096,256,131072,4,15|4,0,67108864,262144,256,0,0,0,0,900,0,888,0,225,222,0,1,900,0|78,2173529807,2,0,0,58195968,0,58195968,0,178288,0,0,222,0,0,0,0,0,0,0,7300199,0,0,0,0,0
1785936498752|1003|stream64_f2r_03|fixed|70,1378943233,16777471,68904730,67948074,68121734,67948074,68121734,67948074,65154,64909,64907,64907,0,0,8296,0,2003555272,1999572692,4096,4096,0,0,64908,64908,2461156238,2461156219,2461156222,2461156227,0,0,0,0,0,0,0,0,4096,256,131072,4,15|4,0,67108864,262144,256,0,0,0,0,988,0,976,0,247,244,0,1,988,0|80,3183917086,2,64026368,0,0,0,0,0,68004684,0,244,0,3509861161,0,3509861161,0,2080,3485313500,0,38907726,0,0,0,0,0
1785936498752|1003|stream64_f2r_03|rotating|70,1378943233,33558272,69004438,68046736,784133,0,784133,0,16616,0,8308,0,0,0,65001,65001,53079344,0,4096,0,0,0,8308,0,2448076031,0,2448076039,0,0,0,0,0,0,0,0,0,4096,256,131072,4,15|4,0,67108864,262144,256,0,0,0,0,988,0,976,0,247,244,0,1,988,0|80,2495037736,2,0,0,63963136,0,63963136,0,196175,0,0,244,0,0,0,0,0,0,0,7343716,0,0,0,0,0
1785936507325|1004|stream64_f2r_04|fixed|74,1378943233,16781056,6135377,6050876,6065719,6050876,6065719,6050876,5806,5784,5784,5784,0,0,738,0,178541872,178198248,4096,4096,0,0,5784,5784,3009917121,3009917462,3009917129,3009917470,0,0,0,0,0,0,0,0,4096,256,131072,4,15|4,0,67108864,262144,256,0,0,0,0,96,0,84,0,24,21,0,1,96,0|88,3732154196,2,5750048,0,0,0,0,0,6098407,0,21,0,319576122,0,319576122,0,2080,312770537,0,9674661,0,0,0,0,0
1785936507325|1004|stream64_f2r_04|rotating|74,1378943233,33558272,6207558,6121395,70598,0,70598,0,1496,0,748,0,0,0,5852,5852,4778928,0,4096,0,0,0,748,0,2995516622,0,2995516630,0,0,0,0,0,0,0,0,0,4096,256,131072,4,15|4,0,67108864,262144,256,0,0,0,0,100,0,88,0,25,22,0,1,100,0|88,3046583439,2,0,0,5767168,0,5767168,0,18004,0,0,22,0,0,0,0,0,0,0,6890310,0,0,0,0,0
1785936512339|1004|stream64_f2r_04|fixed|76,1378943233,16781056,12411172,12238691,12269976,12238691,12269976,12238691,11748,11706,11704,11704,0,0,1496,0,361278944,360560840,4096,4096,0,0,11704,11704,3330722615,3330701204,3330722623,3330701212,0,0,0,0,0,0,0,0,4096,256,131072,4,15|4,0,67108864,262144,256,0,0,0,0,188,0,176,0,47,44,0,1,188,0|90,4053085863,2,11581760,0,0,0,0,0,12286555,0,44,0,639049861,0,639049861,0,2080,630376769,0,12688935,0,0,0,0,0
1785936512339|1004|stream64_f2r_04|rotating|76,1378943233,33558272,12484196,12310994,141953,0,141953,0,3008,0,1504,0,0,0,11773,11773,9608984,0,4096,0,0,0,1504,0,3316235226,0,3316235234,0,0,0,0,0,0,0,0,0,4096,256,131072,4,15|4,0,67108864,262144,256,0,0,0,0,188,0,176,0,47,44,0,1,188,0|90,3362648764,2,0,0,11534336,0,11534336,0,35606,0,0,44,0,0,0,0,0,0,0,6933777,0,0,0,0,0
1785936517354|1004|stream64_f2r_04|fixed|78,1378943233,16781056,18690014,18430532,18477463,18430532,18477463,18430532,17692,17627,17625,17625,0,0,2252,0,544048680,542971112,4096,4096,0,0,17625,17625,3651706009,3651706350,3651706017,3651706358,0,0,0,0,0,0,0,0,4096,256,131072,4,15|4,0,67108864,262144,256,0,0,0,0,276,0,264,0,69,66,0,1,276,0|92,78988981,3,17420064,0,0,0,0,0,18478119,0,66,0,958460699,0,958460699,0,2080,948059509,0,15569794,0,0,0,0,0
1785936517354|1004|stream64_f2r_04|rotating|78,1378943233,33558272,18762131,18501968,213403,0,213403,0,4522,0,2261,0,0,0,17693,17693,14445416,0,4096,0,0,0,2261,0,3637253493,0,3637253501,0,0,0,0,0,0,0,0,0,4096,256,131072,4,15|4,0,67108864,262144,256,0,0,0,0,276,0,264,0,69,66,0,1,276,0|92,3683538509,2,0,0,17301504,0,17301504,0,53445,0,0,66,0,0,0,0,0,0,0,6976775,0,0,0,0,0
1785936522364|1004|stream64_f2r_04|fixed|80,1378943233,16777471,24965504,24620238,24681598,24620238,24681598,24620238,23632,23545,23542,23542,0,0,3008,0,726705846,725270257,4096,4096,0,0,23543,23543,3972384730,3972384735,3972384738,3972384743,0,0,0,0,0,0,0,0,4096,256,131072,4,15|4,0,67108864,262144,256,0,0,0,0,364,0,352,0,91,88,0,1,364,0|94,400748346,3,23274176,0,0,0,0,0,24688175,0,88,0,1278756536,0,1278756536,0,2080,1266628281,0,18453014,0,0,0,0,0
1785936522364|1004|stream64_f2r_04|rotating|80,1378943233,33558272,25060119,24713792,284942,0,284942,0,6038,0,3019,0,0,0,23631,23631,19288168,0,4096,0,0,0,3019,0,3958703877,0,3958703885,0,0,0,0,0,0,0,0,0,4096,256,131072,4,15|4,0,67108864,262144,256,0,0,0,0,364,0,352,0,91,88,0,1,364,0|94,4005216069,2,0,0,23068672,0,23068672,0,71352,0,0,88,0,0,0,0,0,0,0,7020510,0,0,0,0,0
1785936527377|1004|stream64_f2r_04|fixed|82,1378943233,16777471,31245835,30812374,30890482,30812374,30890482,30812374,29574,29466,29462,29462,0,0,3765,0,909459923,907663752,4096,4096,0,0,29463,29463,4293210853,4293210858,4293210861,4293210850,0,0,0,0,0,0,0,0,4096,256,131072,4,15|4,0,67108864,262144,256,0,0,0,0,452,0,440,0,113,110,0,1,452,0|96,720503248,3,29088768,0,0,0,0,0,30859818,0,110,0,1597057790,0,1597057790,0,2054,1583192089,0,21338130,0,0,0,0,0
1785936527377|1004|stream64_f2r_04|rotating|82,1378943233,33558272,31315377,30880421,356199,0,356199,0,7548,0,3774,0,0,0,29528,29528,24111864,0,4096,0,0,0,3774,0,4278543056,0,4278543064,0,0,0,0,0,0,0,0,0,4096,256,131072,4,15|4,0,67108864,262144,256,0,0,0,0,456,0,444,0,114,111,0,1,456,0|96,29853613,3,0,0,29097984,0,29097984,0,89144,0,0,111,0,0,0,0,0,0,0,7071919,0,0,0,0,0
1785936532387|1004|stream64_f2r_04|fixed|84,1378943233,16777471,37522490,37000845,37095693,37000845,37095693,37000845,35516,35385,35381,35381,0,0,4522,0,1092153536,1089980771,4096,4096,0,0,35382,35382,319107645,319107658,319107653,319107666,0,0,0,0,0,0,0,0,4096,256,131072,4,15|4,0,67108864,262144,256,0,0,0,0,544,0,532,0,136,133,0,1,544,0|98,1041448687,3,34920480,0,0,0,0,0,37050516,0,133,0,1916545301,0,1916545301,0,2080,1900806594,0,24357903,0,0,0,0,0
1785936532387|1004|stream64_f2r_04|rotating|84,1378943233,33558272,37600425,37078065,427649,0,427649,0,9062,0,4531,0,0,0,35455,35455,28948320,0,4096,0,0,0,4531,0,304729621,0,304729629,0,0,0,0,0,0,0,0,0,4096,256,131072,4,15|4,0,67108864,262144,256,0,0,0,0,544,0,532,0,136,133,0,1,544,0|98,352582638,3,0,0,34865152,0,34865152,0,107101,0,0,133,0,0,0,0,0,0,0,7113745,0,0,0,0,0
1785936537396|1004|stream64_f2r_04|fixed|86,1378943233,16777471,43810889,43202809,43312642,43202809,43312642,43202809,41466,41313,41309,41309,0,0,5279,0,1275150448,1272619384,4096,4096,0,0,41310,41310,640363544,640363541,640363520,640363509,0,0,0,0,0,0,0,0,4096,256,131072,4,15|4,0,67108864,262144,256,0,0,0,0,632,0,620,0,158,155,0,1,632,0|100,1363012632,3,40766688,0,0,0,0,0,43257366,0,155,0,2236647694,0,2236647694,0,2080,2219176107,0,27245241,0,0,0,0,0
1785936537396|1004|stream64_f2r_04|rotating|86,1378943233,33558272,43907098,43297802,499382,0,499382,0,10582,0,5291,0,0,0,41400,41400,33803888,0,4096,0,0,0,5291,0,627043638,0,627043646,0,0,0,0,0,0,0,0,0,4096,256,131072,4,15|4,0,67108864,262144,256,0,0,0,0,632,0,620,0,158,155,0,1,632,0|100,674211200,3,0,0,40632320,0,40632320,0,124986,0,0,155,0,0,0,0,0,0,0,7156604,0,0,0,0,0
1785936542408|1004|stream64_f2r_04|fixed|88,1378943233,16777471,50096326,49402206,49526535,49402206,49526535,49402206,47414,47239,47235,47235,0,0,6037,0,1458056119,1455165402,4096,4096,0,0,47236,47236,961472423,961472428,961472439,961472436,0,0,0,0,0,0,0,0,4096,256,131072,4,15|4,0,67108864,262144,256,0,0,0,0,720,0,708,0,180,177,0,1,720,0|102,1684622111,3,46620800,0,0,0,0,0,49465310,0,177,0,2556793645,0,2556793645,0,2080,2537590097,0,30133357,0,0,0,0,0
1785936542408|1004|stream64_f2r_04|rotating|88,1378943233,33558272,50182049,49486849,570730,0,570730,0,12094,0,6047,0,0,0,47316,47316,38633904,0,4096,0,0,0,6047,0,947639412,0,947639420,0,0,0,0,0,0,0,0,0,4096,256,131072,4,15|4,0,67108864,262144,256,0,0,0,0,720,0,708,0,181,178,0,1,724,0|102,993871558,3,0,0,46661632,0,46661632,0,142800,0,0,178,0,0,0,0,0,0,0,7197104,0,0,0,0,0
1785936547417|1004|stream64_f2r_04|fixed|90,1378943233,16777471,56350291,55569425,55709431,55569425,55709431,55569425,53333,53136,53132,53132,0,0,6790,0,1640097965,1636847176,4096,4096,0,0,53133,53133,1281066157,1281066170,1281066165,1281066178,0,0,0,0,0,0,0,0,4096,256,131072,4,15|4,0,67108864,262144,256,0,0,0,0,808,0,796,0,202,199,0,1,808,0|104,2003376066,3,52411680,0,0,0,0,0,55616616,0,199,0,2874099880,0,2874099880,0,2080,2853150343,0,33021925,0,0,0,0,0
1785936547417|1004|stream64_f2r_04|rotating|90,1378943233,33558272,56416909,55635198,641610,0,641610,0,13596,0,6798,0,0,0,53195,53195,43432008,0,4096,0,0,0,6798,0,1266086777,0,1266086785,0,0,0,0,0,0,0,0,0,4096,256,131072,4,15|4,0,67108864,262144,256,0,0,0,0,812,0,800,0,203,200,0,1,812,0|104,1312584819,3,0,0,52428800,0,52428800,0,160521,0,0,200,0,0,0,0,0,0,0,7239302,0,0,0,0,0
1785936552428|1004|stream64_f2r_04|fixed|92,1378943233,16777471,62624445,61757400,61912237,61757400,61912237,61757400,59270,59051,59047,59047,0,0,7546,0,1822685340,1819074215,4096,4096,0,0,59048,59048,1601603082,1601603087,1601603090,1601603095,0,0,0,0,0,0,0,0,4096,256,131072,4,15|4,0,67108864,262144,256,0,0,0,0,900,0,888,0,225,222,0,1,900,0|106,2323890590,3,58243392,0,0,0,0,0,61799898,0,222,0,3193156476,0,3193156476,0,2080,3170343652,0,36031979,0,0,0,0,0
1785936552428|1004|stream64_f2r_04|rotating|92,1378943233,33558272,62696671,61828096,713060,0,713060,0,15110,0,7555,0,0,0,59115,59115,48268456,0,4096,0,0,0,7555,0,1586907108,0,1586907116,0,0,0,0,0,0,0,0,0,4096,256,131072,4,15|4,0,67108864,262144,256,0,0,0,0,900,0,888,0,225,222,0,1,900,0|106,1633599403,3,0,0,58195968,0,58195968,0,178383,0,0,222,0,0,0,0,0,0,0,7282578,0,0,0,0,0
1785936557439|1004|stream64_f2r_04|fixed|94,1378943233,16777471,68901165,67945961,68117507,67945961,68117507,67945961,65209,64967,64963,64963,0,0,8303,0,2005298166,2001311105,4096,4096,0,0,64964,64964,1922323343,1922323332,1922323351,1922323340,0,0,0,0,0,0,0,0,4096,256,131072,4,15|4,0,67108864,262144,256,0,0,0,0,988,0,976,0,247,244,0,1,988,0|108,2644664984,3,64073792,0,0,0,0,0,67992693,0,244,0,3512473270,0,3512473270,0,2080,3487922719,0,38920770,0,0,0,0,0
1785936557439|1004|stream64_f2r_04|rotating|94,1378943233,33558272,68976381,68020437,784510,0,784510,0,16624,0,8312,0,0,0,65034,65034,53104888,0,4096,0,0,0,8312,0,1907933325,0,1907933333,0,0,0,0,0,0,0,0,0,4096,256,131072,4,15|4,0,67108864,262144,256,0,0,0,0,988,0,976,0,247,244,0,1,988,0|108,1954060781,3,0,0,63963136,0,63963136,0,196222,0,0,244,0,0,0,0,0,0,0,7326101,0,0,0,0,0
1785936565844|1005|stream64_f2r_05|fixed|98,1378943233,16781056,6187092,6104748,6116872,6104748,6116872,6104748,5851,5829,5829,5829,0,0,744,0,179928904,179586696,4096,4096,0,0,5829,5829,2462112157,2462112498,2462112165,2462112506,0,0,0,0,0,0,0,0,4096,256,131072,4,15|4,0,67108864,262144,256,0,0,0,0,100,0,88,0,25,22,0,1,100,0|116,3184854149,3,5798784,0,0,0,0,0,6158237,0,22,0,322476105,0,322476105,0,2080,315555139,0,9796024,0,0,0,0,0
1785936565844|1005|stream64_f2r_05|rotating|98,1378943233,33558272,6281029,6196931,71355,0,71355,0,1512,0,756,0,0,0,5917,5917,4830056,0,4096,0,0,0,756,0,2448861723,0,2448861731,0,0,0,0,0,0,0,0,0,4096,256,131072,4,15|4,0,67108864,262144,256,0,0,0,0,100,0,88,0,25,22,0,1,100,0|116,2495228321,3,0,0,5767168,0,5767168,0,17933,0,0,22,0,0,0,0,0,0,0,6888480,0,0,0,0,0
1785936570844|1005|stream64_f2r_05|fixed|100,1378943233,16777471,12419225,12249772,12278124,12249772,12278124,12249772,11747,11703,11702,11702,0,0,1495,0,361219433,360517820,4096,4096,0,0,11703,11703,2780417969,2780418006,2780417985,2780418014,0,0,0,0,0,0,0,0,4096,256,131072,4,15|4,0,67108864,262144,256,0,0,0,0,188,0,176,0,47,44,0,1,188,0|118,3502481249,3,11573856,0,0,0,0,0,12290692,0,44,0,638659437,0,638659437,0,2080,629991376,0,12682304,0,0,0,0,0
1785936570844|1005|stream64_f2r_05|rotating|100,1378943233,33558272,12495377,12324536,141953,0,141953,0,3008,0,1504,0,0,0,11774,11774,9608984,0,4096,0,0,0,1504,0,2766017494,0,2766017502,0,0,0,0,0,0,0,0,0,4096,256,131072,4,15|4,0,67108864,262144,256,0,0,0,0,188,0,176,0,47,44,0,1,188,0|118,2813128259,3,0,0,11534336,0,11534336,0,35630,0,0,44,0,0,0,0,0,0,0,6932928,0,0,0,0,0
1785936575846|1005|stream64_f2r_05|fixed|102,1378943233,16777471,18684794,18428185,18472432,18428185,18472432,18428185,17672,17605,17605,17605,0,0,2250,0,543428907,542351542,4096,4096,0,0,17605,17605,3100416716,3100417049,3100416732,3100417065,0,0,0,0,0,0,0,0,4096,256,131072,4,15|4,0,67108864,262144,256,0,0,0,0,276,0,264,0,69,66,0,1,276,0|120,3822950257,3,17404256,0,0,0,0,0,18480312,0,66,0,957670845,0,957670845,0,2080,947268903,0,15567249,0,0,0,0,0
1785936575846|1005|stream64_f2r_05|rotating|102,1378943233,33558272,18759035,18501791,213120,0,213120,0,4516,0,2258,0,0,0,17675,17675,14426232,0,4096,0,0,0,2258,0,3085750535,0,3085750543,0,0,0,0,0,0,0,0,0,4096,256,131072,4,15|4,0,67108864,262144,256,0,0,0,0,276,0,264,0,69,66,0,1,276,0|120,3132369341,3,0,0,17301504,0,17301504,0,53398,0,0,66,0,0,0,0,0,0,0,6978566,0,0,0,0,0
1785936580861|1005|stream64_f2r_05|fixed|104,1378943233,16777471,24978750,24634039,24694938,24634039,24694938,24634039,23623,23534,23533,23533,0,0,3007,0,726429885,724993064,4096,4096,0,0,23534,23534,3421690689,3421690710,3421690697,3421690718,0,0,0,0,0,0,0,0,4096,256,131072,4,15|4,0,67108864,262144,256,0,0,0,0,364,0,352,0,91,88,0,1,364,0|122,4143793584,3,23242560,0,0,0,0,0,24678620,0,88,0,1277054596,0,1277054596,0,2080,1264920347,0,18452317,0,0,0,0,0
1785936580861|1005|stream64_f2r_05|rotating|104,1378943233,33558272,25044114,24698604,284568,0,284568,0,6030,0,3015,0,0,0,23595,23595,19262648,0,4096,0,0,0,3015,0,3406773023,0,3406773031,0,0,0,0,0,0,0,0,0,4096,256,131072,4,15|4,0,67108864,262144,256,0,0,0,0,364,0,352,0,91,88,0,1,364,0|122,3453186141,3,0,0,23068672,0,23068672,0,71258,0,0,88,0,0,0,0,0,0,0,7028659,0,0,0,0,0
1785936585873|1005|stream64_f2r_05|fixed|106,1378943233,16781056,31257240,30826069,30902074,30826069,30902074,30826069,29558,29447,29447,29447,0,0,3763,0,908969720,907172480,4096,4096,0,0,29447,29447,3742142701,3742143058,3742142709,3742143066,0,0,0,0,0,0,0,0,4096,256,131072,4,15|4,0,67108864,262144,256,0,0,0,0,452,0,440,0,113,110,0,1,452,0|124,169444595,4,29072960,0,0,0,0,0,30873122,0,110,0,1596215303,0,1596215303,0,2080,1582343496,0,21340939,0,0,0,0,0
1785936585873|1005|stream64_f2r_05|rotating|106,1378943233,33558272,31332781,30900621,356009,0,356009,0,7544,0,3772,0,0,0,29518,29518,24099072,0,4096,0,0,0,3772,0,3727799075,0,3727799083,0,0,0,0,0,0,0,0,0,4096,256,131072,4,15|5,0,67108864,262144,256,0,0,0,0,456,0,444,0,114,111,0,1,456,0|124,3774078145,3,0,0,29097984,0,29097984,0,89120,0,0,111,0,0,0,0,0,0,0,7080546,0,0,0,0,0
1785936590882|1005|stream64_f2r_05|fixed|108,1378943233,16777471,37538230,37019444,37111717,37019444,37111717,37019444,35497,35364,35364,35364,0,0,4519,0,1091613743,1089456458,4096,4096,0,0,35364,35364,4062783985,4062784294,4062783993,4062784302,0,0,0,0,0,0,0,0,4096,256,131072,4,15|4,0,67108864,262144,256,0,0,0,0,544,0,532,0,136,133,0,1,544,0|126,490147816,4,34896768,0,0,0,0,0,37065020,0,133,0,1915462572,0,1915462572,0,2080,1899724558,0,24352216,0,0,0,0,0
1785936590882|1005|stream64_f2r_05|rotating|108,1378943233,33558272,37611535,37091280,427365,0,427365,0,9056,0,4528,0,0,0,35433,35433,28929128,0,4096,0,0,0,4528,0,4048190864,0,4048190872,0,0,0,0,0,0,0,0,0,4096,256,131072,4,15|4,0,67108864,262144,256,0,0,0,0,544,0,532,0,136,133,0,1,544,0|126,4094754618,3,0,0,34865152,0,34865152,0,106959,0,0,133,0,0,0,0,0,0,0,7125041,0,0,0,0,0
1785936595885|1005|stream64_f2r_05|fixed|110,1378943233,16777471,43811749,43204548,43313880,43204548,43313880,43204548,41429,41273,41272,41272,0,0,5275,0,1273997854,1271467929,4096,4096,0,0,41273,41273,88143277,88143290,88143285,88143298,0,0,0,0,0,0,0,0,4096,256,131072,4,15|4,0,67108864,262144,256,0,0,0,0,632,0,620,0,158,155,0,1,632,0|128,811342538,4,40742976,0,0,0,0,0,43270608,0,155,0,2235195742,0,2235195742,0,2080,2217728443,0,27235959,0,0,0,0,0
1785936595885|1005|stream64_f2r_05|rotating|110,1378943233,33558272,43902383,43294230,498815,0,498815,0,10570,0,5285,0,0,0,41358,41357,33765552,0,4096,0,0,0,5285,0,74244723,0,74244731,0,0,0,0,0,0,0,0,0,4096,256,131072,4,15|4,0,67108864,262144,256,0,0,0,0,632,0,620,0,158,155,0,1,632,0|128,120832488,4,0,0,40632320,0,40632320,0,124821,0,0,155,0,0,0,0,0,0,0,7168444,0,0,0,0,0
1785936600915|1005|stream64_f2r_05|fixed|112,1378943233,16777471,50116990,49422984,49547483,49422984,49547483,49422984,47390,47212,47211,47211,0,0,6034,0,1457321216,1454432229,4096,4096,0,0,47212,47212,409971592,409971581,409971584,409971589,0,0,0,0,0,0,0,0,4096,256,131072,4,15|4,0,67108864,262144,256,0,0,0,0,720,0,708,0,180,177,0,1,720,0|130,1132253509,4,46581280,0,0,0,0,0,49470386,0,177,0,2554647137,0,2554647137,0,2080,2535445953,0,30122605,0,0,0,0,0
1785936600915|1005|stream64_f2r_05|rotating|112,1378943233,33558272,50192472,49497518,570356,0,570356,0,12086,0,6043,0,0,0,47282,47282,38608336,0,4096,0,0,0,6043,0,395698546,0,395698554,0,0,0,0,0,0,0,0,0,4096,256,131072,4,15|4,0,67108864,262144,256,0,0,0,0,720,0,708,0,180,177,0,1,720,0|130,441938487,4,0,0,46399488,0,46399488,0,142682,0,0,177,0,0,0,0,0,0,0,7216085,0,0,0,0,0
1785936605921|1005|stream64_f2r_05|fixed|114,1378943233,16777471,56386422,55605462,55745655,55605462,55745655,55605462,53324,53124,53123,53123,0,0,6789,0,1639814000,1636566704,4096,4096,0,0,53124,53124,730354913,730354958,730354921,730354934,0,0,0,0,0,0,0,0,4096,256,131072,4,15|4,0,67108864,262144,256,0,0,0,0,808,0,796,0,202,199,0,1,808,0|132,1452708779,4,52403776,0,0,0,0,0,55654776,0,199,0,2873646783,0,2873646783,0,2079,2852706119,0,33011452,0,0,0,0,0
1785936605921|1005|stream64_f2r_05|rotating|114,1378943233,33558272,56461979,55680336,641610,0,641610,0,13596,0,6798,0,0,0,53195,53195,43432008,0,4096,0,0,0,6798,0,715865287,0,715865295,0,0,0,0,0,0,0,0,0,4096,256,131072,4,15|4,0,67108864,262144,256,0,0,0,0,812,0,800,0,203,200,0,1,812,0|132,762351290,4,0,0,52428800,0,52428800,0,160521,0,0,200,0,0,0,0,0,0,0,7264240,0,0,0,0,0
1785936610928|1005|stream64_f2r_05|fixed|116,1378943233,16781056,62657914,61790333,61945800,61790333,61945800,61790333,59258,59036,59036,59036,0,0,7545,0,1822319944,1818714232,4096,4096,0,0,59036,59036,1050750199,1050750540,1050750207,1050750548,0,0,0,0,0,0,0,0,4096,256,131072,4,15|4,0,67108864,262144,256,0,0,0,0,900,0,888,0,225,222,0,1,900,0|134,1773182003,4,58227584,0,0,0,0,0,61837160,0,222,0,3192664055,0,3192664055,0,2080,3169849174,0,36030739,0,0,0,0,0
1785936610928|1005|stream64_f2r_05|rotating|116,1378943233,33558272,62732405,61863372,712966,0,712966,0,15108,0,7554,0,0,0,59106,59106,48262064,0,4096,0,0,0,7554,0,1036265081,0,1036265089,0,0,0,0,0,0,0,0,0,4096,256,131072,4,15|4,0,67108864,262144,256,0,0,0,0,900,0,888,0,225,222,0,1,900,0|134,1083477069,4,0,0,58195968,0,58195968,0,178383,0,0,222,0,0,0,0,0,0,0,7306905,0,0,0,0,0
1785936615942|1005|stream64_f2r_05|fixed|118,1378943233,16777471,68943876,67986361,68160218,67986361,68160218,67986361,65206,64961,64960,64960,0,0,8303,0,2005190962,2001209557,4096,4096,0,0,64961,64961,1371926772,1371926777,1371926780,1371926785,0,0,0,0,0,0,0,0,4096,256,131072,4,15|4,0,67108864,262144,256,0,0,0,0,988,0,976,0,247,244,0,1,988,0|136,2094278832,4,64073792,0,0,0,0,0,68036083,0,244,0,3512299332,0,3512299332,0,2080,3487755634,0,38914014,0,0,0,0,0
1785936615942|1005|stream64_f2r_05|rotating|118,1378943233,33558272,69011692,68053538,784416,0,784416,0,16622,0,8311,0,0,0,65024,65024,53098488,0,4096,0,0,0,8311,0,1357285769,0,1357285777,0,0,0,0,0,0,0,0,0,4096,256,131072,4,15|4,0,67108864,262144,256,0,0,0,0,988,0,976,0,247,244,0,1,988,0|136,1403503103,4,0,0,63963136,0,63963136,0,196198,0,0,244,0,0,0,0,0,0,0,7348365,0,0,0,0,0
1785936624358|1006|stream64_f2r_06|fixed|122,1378943233,16781056,6153960,6069642,6084114,6069642,6084114,6069642,5819,5797,5797,5797,0,0,740,0,178942616,178597888,4096,4096,0,0,5797,5797,1910495802,1910496127,1910495810,1910496135,0,0,0,0,0,0,0,0,4096,256,131072,4,15|4,0,67108864,262144,256,0,0,0,0,96,0,84,0,24,21,0,1,96,0|144,2632637027,4,5757952,0,0,0,0,0,6116023,0,21,0,320173079,0,320173079,0,2080,313372788,0,9671138,0,0,0,0,0
1785936624358|1006|stream64_f2r_06|rotating|122,1378943233,33558272,6223128,6137346,70692,0,70692,0,1498,0,749,0,0,0,5862,5862,4785304,0,4096,0,0,0,749,0,1895957307,0,1895957323,0,0,0,0,0,0,0,0,0,4096,256,131072,4,15|4,0,67108864,262144,256,0,0,0,0,100,0,88,0,25,22,0,1,100,0|144,1943517521,4,0,0,5767168,0,5767168,0,17838,0,0,22,0,0,0,0,0,0,0,6889344,0,0,0,0,0
1785936629359|1006|stream64_f2r_06|fixed|124,1378943233,16777471,12423234,12251373,12282038,12251373,12282038,12251373,11751,11706,11705,11705,0,0,1496,0,361317983,360598402,4096,4096,0,0,11706,11706,2230815675,2230815704,2230815683,2230815712,0,0,0,0,0,0,0,0,4096,256,131072,4,15|4,0,67108864,262144,256,0,0,0,0,188,0,176,0,47,44,0,1,188,0|146,2953567527,4,11597568,0,0,0,0,0,12310047,0,44,0,639643675,0,639643675,0,2080,630972735,0,12690251,0,0,0,0,0
1785936629359|1006|stream64_f2r_06|rotating|124,1378943233,33558272,12501227,12328566,142048,0,142048,0,3010,0,1505,0,0,0,11778,11778,9615384,0,4096,0,0,0,1505,0,2216552680,0,2216552688,0,0,0,0,0,0,0,0,0,4096,256,131072,4,15|4,0,67108864,262144,256,0,0,0,0,188,0,176,0,47,44,0,1,188,0|146,2262895584,4,0,0,11534336,0,11534336,0,35606,0,0,44,0,0,0,0,0,0,0,6936266,0,0,0,0,0
1785936634381|1006|stream64_f2r_06|fixed|126,1378943233,16777471,18713542,18455544,18500896,18455544,18500896,18455544,17699,17632,17631,17631,0,0,2253,0,544253025,543174496,4096,4096,0,0,17632,17632,2551963926,2551963931,2551963934,2551963915,0,0,0,0,0,0,0,0,4096,256,131072,4,15|4,0,67108864,262144,256,0,0,0,0,276,0,264,0,69,66,0,1,276,0|148,3274108901,4,17420064,0,0,0,0,0,18501162,0,66,0,958729425,0,958729425,0,2080,948320165,0,15577938,0,0,0,0,0
1785936634381|1006|stream64_f2r_06|rotating|126,1378943233,33558272,18786048,18527398,213403,0,213403,0,4522,0,2261,0,0,0,17700,17700,14445416,0,4096,0,0,0,2261,0,2537148011,0,2537148019,0,0,0,0,0,0,0,0,0,4096,256,131072,4,15|4,0,67108864,262144,256,0,0,0,0,276,0,264,0,69,66,0,1,276,0|148,2583821227,4,0,0,17301504,0,17301504,0,53469,0,0,66,0,0,0,0,0,0,0,6975642,0,0,0,0,0
1785936639386|1006|stream64_f2r_06|fixed|128,1378943233,16777471,24987335,24641847,24703429,24641847,24703429,24641847,23631,23542,23541,23541,0,0,3008,0,726671528,725232248,4096,4096,0,0,23542,23542,2872214417,2872214414,2872214401,2872214390,0,0,0,0,0,0,0,0,4096,256,131072,4,15|4,0,67108864,262144,256,0,0,0,0,364,0,352,0,91,88,0,1,364,0|150,3594426024,4,23250464,0,0,0,0,0,24689047,0,88,0,1277588948,0,1277588948,0,2080,1265448402,0,18460288,0,0,0,0,0
1785936639386|1006|stream64_f2r_06|rotating|128,1378943233,33558272,25066974,24720463,284849,0,284849,0,6036,0,3018,0,0,0,23616,23616,19281784,0,4096,0,0,0,3018,0,2858167757,0,2858167765,0,0,0,0,0,0,0,0,0,4096,256,131072,4,15|4,0,67108864,262144,256,0,0,0,0,364,0,352,0,91,88,0,1,364,0|150,2904245050,4,0,0,23068672,0,23068672,0,71305,0,0,88,0,0,0,0,0,0,0,7018379,0,0,0,0,0
1785936644386|1006|stream64_f2r_06|fixed|130,1378943233,16777471,31260387,30828654,30905221,30828654,30905221,30828654,29561,29450,29449,29449,0,0,3763,0,909049920,907251967,4096,4096,0,0,29450,29450,3192393784,3192393773,3192393768,3192393781,0,0,0,0,0,0,0,0,4096,256,131072,4,15|4,0,67108864,262144,256,0,0,0,0,452,0,440,0,113,110,0,1,452,0|152,3914658128,4,29072960,0,0,0,0,0,30876078,0,110,0,1596365428,0,1596365428,0,2080,1582487181,0,21347356,0,0,0,0,0
1785936644386|1006|stream64_f2r_06|rotating|130,1378943233,33558272,31328135,30895539,355915,0,355915,0,7542,0,3771,0,0,0,29513,29513,24092680,0,4096,0,0,0,3771,0,3177473168,0,3177473176,0,0,0,0,0,0,0,0,0,4096,256,131072,4,15|5,0,67108864,262144,256,0,0,0,0,456,0,444,0,114,111,0,1,456,0|152,3223985741,4,0,0,29097984,0,29097984,0,89097,0,0,111,0,0,0,0,0,0,0,7059110,0,0,0,0,0
1785936649391|1006|stream64_f2r_06|fixed|132,1378943233,16777471,37532561,37012486,37106142,37012486,37106142,37012486,35491,35358,35357,35357,0,0,4518,0,1091425252,1089266752,4096,4096,0,0,35358,35358,3512567741,3512567762,3512567749,3512567754,0,0,0,0,0,0,0,0,4096,256,131072,4,15|4,0,67108864,262144,256,0,0,0,0,544,0,532,0,136,133,0,1,544,0|154,4234823843,4,34888864,0,0,0,0,0,37057481,0,133,0,1915077167,0,1915077167,0,2080,1899322752,0,24366897,0,0,0,0,0
1785936649391|1006|stream64_f2r_06|rotating|132,1378943233,33558272,37604137,37082636,427271,0,427271,0,9054,0,4527,0,0,0,35425,35425,28922736,0,4096,0,0,0,4527,0,3497873217,0,3497873225,0,0,0,0,0,0,0,0,0,4096,256,131072,4,15|4,0,67108864,262144,256,0,0,0,0,544,0,532,0,136,133,0,1,544,0|154,3544409010,4,0,0,34865152,0,34865152,0,106936,0,0,133,0,0,0,0,0,0,0,7108043,0,0,0,0,0
1785936654391|1006|stream64_f2r_06|fixed|134,1378943233,16777471,43799833,43191169,43302154,43191169,43302154,43191169,41417,41262,41260,41260,0,0,5273,0,1273627264,1271093544,4096,4096,0,0,41261,41261,3832571507,3832571512,3832571491,3832571496,0,0,0,0,0,0,0,0,4096,256,131072,4,15|4,0,67108864,262144,256,0,0,0,0,632,0,620,0,158,155,0,1,632,0|156,259862650,5,40711360,0,0,0,0,0,43239921,0,155,0,2233627646,0,2233627646,0,2080,2216139372,0,27250123,0,0,0,0,0
1785936654391|1006|stream64_f2r_06|rotating|134,1378943233,33558272,43875288,43265690,498532,0,498532,0,10564,0,5282,0,0,0,41331,41331,33746408,0,4096,0,0,0,5282,0,3818034297,0,3818034305,0,0,0,0,0,0,0,0,0,4096,256,131072,4,15|4,0,67108864,262144,256,0,0,0,0,632,0,620,0,158,155,0,1,632,0|156,3864585956,4,0,0,40632320,0,40632320,0,124751,0,0,155,0,0,0,0,0,0,0,7155945,0,0,0,0,0
1785936659404|1006|stream64_f2r_06|fixed|136,1378943233,16781056,50085015,49389667,49515885,49389667,49515885,49389667,47358,47181,47180,47180,0,0,6030,0,1456354352,1453459800,4096,4096,0,0,47180,47180,4153345803,4153346112,4153345811,4153346120,0,0,0,0,0,0,0,0,4096,256,131072,4,15|4,0,67108864,262144,256,0,0,0,0,720,0,708,0,180,177,0,1,720,0|158,580671605,5,46549664,0,0,0,0,0,49438222,0,177,0,2552977025,0,2552977025,0,2080,2533755740,0,30135895,0,0,0,0,0
1785936659404|1006|stream64_f2r_06|rotating|136,1378943233,33558272,50159110,49463020,569885,0,569885,0,12076,0,6038,0,0,0,47249,47249,38576440,0,4096,0,0,0,6038,0,4138627716,0,4138627724,0,0,0,0,0,0,0,0,0,4096,256,131072,4,15|4,0,67108864,262144,256,0,0,0,0,720,0,708,0,180,177,0,1,720,0|158,4185208621,4,0,0,46399488,0,46399488,0,142589,0,0,177,0,0,0,0,0,0,0,7200291,0,0,0,0,0
1785936664409|1006|stream64_f2r_06|fixed|138,1378943233,16777471,56363927,55581032,55723444,55581032,55723444,55581032,53295,53096,53094,53094,0,0,6786,0,1638933914,1635678485,4096,4096,0,0,53095,53095,178912511,178912516,178912527,178912524,0,0,0,0,0,0,0,0,4096,256,131072,4,15|4,0,67108864,262144,256,0,0,0,0,808,0,796,0,202,199,0,1,808,0|160,901679869,5,52387968,0,0,0,0,0,55639137,0,199,0,2872525713,0,2872525713,0,2080,2851575211,0,33017873,0,0,0,0,0
1785936664409|1006|stream64_f2r_06|rotating|138,1378943233,33558272,56445545,55661957,641328,0,641328,0,13590,0,6795,0,0,0,53172,53172,43412832,0,4096,0,0,0,6795,0,164679840,0,164679848,0,0,0,0,0,0,0,0,0,4096,256,131072,4,15|4,0,67108864,262144,256,0,0,0,0,812,0,800,0,203,200,0,1,812,0|160,211008448,5,0,0,52428800,0,52428800,0,160450,0,0,200,0,0,0,0,0,0,0,7247950,0,0,0,0,0
1785936669414|1006|stream64_f2r_06|fixed|140,1378943233,16777471,62636494,61766991,61924755,61766991,61924755,61766991,59225,59004,59003,59003,0,0,7541,0,1821304894,1817691153,4096,4096,0,0,59003,59003,499080476,499080801,499080484,499080809,0,0,0,0,0,0,0,0,4096,256,131072,4,15|4,0,67108864,262144,256,0,0,0,0,900,0,888,0,225,222,0,1,900,0|162,1222280270,5,58211776,0,0,0,0,0,61829875,0,222,0,3191670162,0,3191670162,0,2080,3168848013,0,36034590,0,0,0,0,0
1785936669414|1006|stream64_f2r_06|rotating|140,1378943233,33558272,62727415,61856147,712777,0,712777,0,15104,0,7552,0,0,0,59088,59088,48249272,0,4096,0,0,0,7552,0,485506832,0,485506840,0,0,0,0,0,0,0,0,0,4096,256,131072,4,15|4,0,67108864,262144,256,0,0,0,0,900,0,888,0,225,222,0,1,900,0|162,531998213,5,0,0,58195968,0,58195968,0,178312,0,0,222,0,0,0,0,0,0,0,7288485,0,0,0,0,0
1785936674431|1006|stream64_f2r_06|fixed|142,1378943233,16777471,68925997,67967878,68142812,67967878,68142812,67967878,65172,64928,64926,64926,0,0,8298,0,2004157474,2000168533,4096,4096,0,0,64927,64927,820219660,820219641,820219668,820219649,0,0,0,0,0,0,0,0,4096,256,131072,4,15|4,0,67108864,262144,256,0,0,0,0,988,0,976,0,247,244,0,1,988,0|164,1542791869,5,64042176,0,0,0,0,0,68022302,0,244,0,3510724161,0,3510724161,0,2080,3486167383,0,38920283,0,0,0,0,0
1785936674431|1006|stream64_f2r_06|rotating|142,1378943233,33558272,69001526,68042614,784038,0,784038,0,16614,0,8307,0,0,0,64998,64998,53072968,0,4096,0,0,0,8307,0,805670403,0,805670411,0,0,0,0,0,0,0,0,0,4096,256,131072,4,15|4,0,67108864,262144,256,0,0,0,0,988,0,976,0,247,244,0,1,988,0|164,852058484,5,0,0,63963136,0,63963136,0,196104,0,0,244,0,0,0,0,0,0,0,7333861,0,0,0,0,0
1785936682912|1007|stream64_f2r_07|fixed|146,1378943233,16781056,6160738,6076227,6090799,6076227,6090799,6076227,5825,5803,5803,5803,0,0,741,0,179126416,178784336,4096,4096,0,0,5803,5803,1362994798,1362995123,1362994806,1362995131,0,0,0,0,0,0,0,0,4096,256,131072,4,15|4,0,67108864,262144,256,0,0,0,0,96,0,84,0,24,21,0,1,96,0|172,2085465711,5,5767168,0,0,0,0,0,6126825,0,22,0,320820833,0,320820833,0,2080,313965087,0,9724021,0,0,0,0,0
1785936682912|1007|stream64_f2r_07|rotating|146,1378943233,33558272,6248660,6162512,70977,0,70977,0,1504,0,752,0,0,0,5885,5885,4804472,0,4096,0,0,0,752,0,1349424348,0,1349424356,0,0,0,0,0,0,0,0,0,4096,256,131072,4,15|4,0,67108864,262144,256,0,0,0,0,100,0,88,0,25,22,0,1,100,0|172,1395505198,5,0,0,5767168,0,5767168,0,17838,0,0,22,0,0,0,0,0,0,0,6898311,0,0,0,0,0
1785936687918|1007|stream64_f2r_07|fixed|148,1378943233,16777471,12436227,12263257,12294937,12263257,12294937,12263257,11762,11717,11716,11716,0,0,1497,0,361673561,360955300,4096,4096,0,0,11717,11717,1683607166,1683607187,1683607182,1683607195,0,0,0,0,0,0,0,0,4096,256,131072,4,15|4,0,67108864,262144,256,0,0,0,0,188,0,176,0,47,44,0,1,188,0|174,2404854483,5,11581760,0,0,0,0,0,12292173,0,44,0,638755957,0,638755957,0,2080,630082357,0,12689514,0,0,0,0,0
1785936687918|1007|stream64_f2r_07|rotating|148,1378943233,33558272,12486402,12312998,141858,0,141858,0,3006,0,1503,0,0,0,11764,11764,9602584,0,4096,0,0,0,1503,0,1667872297,0,1667872305,0,0,0,0,0,0,0,0,0,4096,256,131072,4,15|4,0,67108864,262144,256,0,0,0,0,188,0,176,0,47,44,0,1,188,0|174,1714108668,5,0,0,11534336,0,11534336,0,35559,0,0,44,0,0,0,0,0,0,0,6945767,0,0,0,0,0
1785936692918|1007|stream64_f2r_07|fixed|150,1378943233,16777471,18703595,18443516,18491044,18443516,18491044,18443516,17689,17622,17621,17621,0,0,2252,0,543941288,542862883,4096,4096,0,0,17622,17622,2003598608,2003598613,2003598616,2003598621,0,0,0,0,0,0,0,0,4096,256,131072,4,15|4,0,67108864,262144,256,0,0,0,0,276,0,264,0,69,66,0,1,276,0|176,2725730878,5,17412160,0,0,0,0,0,18489844,0,66,0,958174752,0,958174752,0,2080,947766594,0,15575136,0,0,0,0,0
1785936692918|1007|stream64_f2r_07|rotating|150,1378943233,33558272,18764601,18503867,213214,0,213214,0,4518,0,2259,0,0,0,17679,17679,14432616,0,4096,0,0,0,2259,0,1988465555,0,1988465563,0,0,0,0,0,0,0,0,0,4096,256,131072,4,15|4,0,67108864,262144,256,0,0,0,0,276,0,264,0,69,66,0,1,276,0|176,2035095571,5,0,0,17301504,0,17301504,0,53421,0,0,66,0,0,0,0,0,0,0,6991578,0,0,0,0,0
1785936697930|1007|stream64_f2r_07|fixed|152,1378943233,16780817,24983150,24636036,24699244,24636036,24699244,24636036,23626,23537,23537,23537,0,0,3008,0,726541076,725102824,4096,4096,0,0,23538,23537,2324166778,2324148910,2324166786,2324148918,0,0,0,0,0,0,0,0,4096,256,131072,4,15|4,0,67108864,262144,256,0,0,0,0,364,0,352,0,91,88,0,1,364,0|178,3046431919,5,23242560,0,0,0,0,0,24685170,0,88,0,1277418193,0,1277418193,0,2080,1265278972,0,18457263,0,0,0,0,0
1785936697930|1007|stream64_f2r_07|rotating|152,1378943233,33558272,25058541,24710447,284661,0,284661,0,6032,0,3016,0,0,0,23608,23608,19269024,0,4096,0,0,0,3016,0,2309485088,0,2309485096,0,0,0,0,0,0,0,0,0,4096,256,131072,4,15|4,0,67108864,262144,256,0,0,0,0,364,0,352,0,91,88,0,1,364,0|178,2355842852,5,0,0,23068672,0,23068672,0,71258,0,0,88,0,0,0,0,0,0,0,7038903,0,0,0,0,0
1785936702943|1007|stream64_f2r_07|fixed|154,1378943233,16777471,31270354,30836601,30915095,30836601,30915095,30836601,29570,29459,29458,29458,0,0,3764,0,909335822,907537265,4096,4096,0,0,29459,29459,2645057327,2645057308,2645057335,2645057316,0,0,0,0,0,0,0,0,4096,256,131072,4,15|4,0,67108864,262144,256,0,0,0,0,452,0,440,0,113,110,0,1,452,0|180,3367259055,5,29080864,0,0,0,0,0,30883865,0,110,0,1596785753,0,1596785753,0,2054,1582917369,0,21339187,0,0,0,0,0
1785936702943|1007|stream64_f2r_07|rotating|154,1378943233,33558272,31342664,30907355,356199,0,356199,0,7548,0,3774,0,0,0,29527,29527,24111864,0,4096,0,0,0,3774,0,2630610393,0,2630610401,0,0,0,0,0,0,0,0,0,4096,256,131072,4,15|4,0,67108864,262144,256,0,0,0,0,456,0,444,0,114,111,0,1,456,0|180,2677194051,5,0,0,29097984,0,29097984,0,89168,0,0,111,0,0,0,0,0,0,0,7089257,0,0,0,0,0
1785936707954|1007|stream64_f2r_07|fixed|156,1378943233,16781056,37553770,37031239,37126973,37031239,37126973,37031239,35511,35378,35378,35378,0,0,4522,0,1092048432,1089876024,4096,4096,0,0,35378,35378,2965814893,2965793466,2965814901,2965793474,0,0,0,0,0,0,0,0,4096,256,131072,4,15|4,0,67108864,262144,256,0,0,0,0,544,0,532,0,136,133,0,1,544,0|182,3688679420,5,34920480,0,0,0,0,0,37089824,0,133,0,1916746214,0,1916746214,0,2080,1901009101,0,24356380,0,0,0,0,0
1785936707954|1007|stream64_f2r_07|rotating|156,1378943233,33558272,37647573,37123997,427839,0,427839,0,9066,0,4533,0,0,0,35466,35466,28961104,0,4096,0,0,0,4533,0,2952621223,0,2952621231,0,0,0,0,0,0,0,0,0,4096,256,131072,4,15|4,0,67108864,262144,256,0,0,0,0,544,0,532,0,136,133,0,1,544,0|182,2998935858,5,0,0,34865152,0,34865152,0,107054,0,0,133,0,0,0,0,0,0,0,7129974,0,0,0,0,0
1785936712954|1007|stream64_f2r_07|fixed|158,1378943233,16777471,43824134,43214240,43326171,43214240,43326171,43214240,41440,41284,41283,41283,0,0,5276,0,1274344281,1271811200,4096,4096,0,0,41284,41284,3285988289,3285988294,3285988297,3285988270,0,0,0,0,0,0,0,0,4096,256,131072,4,15|4,0,67108864,262144,256,0,0,0,0,632,0,620,0,158,155,0,1,632,0|184,4008118731,5,40735072,0,0,0,0,0,43261192,0,155,0,2234731877,0,2234731877,0,2080,2217256013,0,27242801,0,0,0,0,0
1785936712954|1007|stream64_f2r_07|rotating|158,1378943233,33558272,43896635,43285975,498815,0,498815,0,10570,0,5285,0,0,0,41352,41352,33765552,0,4096,0,0,0,5285,0,3271496206,0,3271496214,0,0,0,0,0,0,0,0,0,4096,256,131072,4,15|4,0,67108864,262144,256,0,0,0,0,632,0,620,0,158,155,0,1,632,0|184,3318318492,5,0,0,40632320,0,40632320,0,124821,0,0,155,0,0,0,0,0,0,0,7176294,0,0,0,0,0
1785936717960|1007|stream64_f2r_07|fixed|160,1378943233,16777471,50098693,49402143,49529469,49402143,49529469,49402143,47371,47193,47193,47193,0,0,6031,0,1456755201,1453861932,4096,4096,0,0,47193,47193,3606206121,3606206462,3606206129,3606206470,0,0,0,0,0,0,0,0,4096,256,131072,4,15|4,0,67108864,262144,256,0,0,0,0,720,0,708,0,180,177,0,1,720,0|186,33480151,6,46557568,0,0,0,0,0,49450478,0,177,0,2553604969,0,2553604969,0,2065,2534402036,0,30119237,0,0,0,0,0
1785936717960|1007|stream64_f2r_07|rotating|160,1378943233,33558272,50173103,49475660,570075,0,570075,0,12080,0,6040,0,0,0,47263,47263,38589200,0,4096,0,0,0,6040,0,3591650519,0,3591650527,0,0,0,0,0,0,0,0,0,4096,256,131072,4,15|4,0,67108864,262144,256,0,0,0,0,720,0,708,0,180,177,0,1,720,0|186,3638060223,5,0,0,46399488,0,46399488,0,142635,0,0,177,0,0,0,0,0,0,0,7223913,0,0,0,0,0
1785936722964|1007|stream64_f2r_07|fixed|162,1378943233,16777471,56374815,55591346,55734237,55591346,55734237,55591346,53306,53106,53105,53105,0,0,6787,0,1639267380,1636014007,4096,4096,0,0,53106,53106,3926627516,3926627505,3926627524,3926627513,0,0,0,0,0,0,0,0,4096,256,131072,4,15|4,0,67108864,262144,256,0,0,0,0,808,0,796,0,202,199,0,1,808,0|188,353953506,6,52387968,0,0,0,0,0,55641030,0,199,0,2872620724,0,2872620724,0,2080,2851685215,0,33002877,0,0,0,0,0
1785936722964|1007|stream64_f2r_07|rotating|162,1378943233,33558272,56444109,55659915,641328,0,641328,0,13590,0,6795,0,0,0,53171,53171,43412832,0,4096,0,0,0,6795,0,3911812063,0,3911812071,0,0,0,0,0,0,0,0,0,4096,256,131072,4,15|4,0,67108864,262144,256,0,0,0,0,812,0,800,0,203,200,0,1,812,0|188,3958237472,5,0,0,52428800,0,52428800,0,160450,0,0,200,0,0,0,0,0,0,0,7267750,0,0,0,0,0
1785936727974|1007|stream64_f2r_07|fixed|164,1378943233,16777471,62653145,61783714,61941219,61783714,61941219,61783714,59242,59021,59019,59019,0,0,7543,0,1821811580,1818200928,4096,4096,0,0,59020,59020,4247102991,4247103004,4247103007,4247102972,0,0,0,0,0,0,0,0,4096,256,131072,4,15|4,0,67108864,262144,256,0,0,0,0,900,0,888,0,225,222,0,1,900,0|190,674479983,6,58211776,0,0,0,0,0,61830455,0,222,0,3191691249,0,3191691249,0,2080,3168886538,0,36017149,0,0,0,0,0
1785936727974|1007|stream64_f2r_07|rotating|164,1378943233,33558272,62724518,61853441,712777,0,712777,0,15104,0,7552,0,0,0,59086,59086,48249272,0,4096,0,0,0,7552,0,4232636611,0,4232636619,0,0,0,0,0,0,0,0,0,4096,256,131072,4,15|4,0,67108864,262144,256,0,0,0,0,900,0,888,0,225,222,0,1,900,0|190,4279027494,5,0,0,58195968,0,58195968,0,178288,0,0,222,0,0,0,0,0,0,0,7311424,0,0,0,0,0
1785936732974|1007|stream64_f2r_07|fixed|166,1378943233,16781056,68920267,67962562,68137082,67962562,68137082,67962562,65167,64924,64922,64922,0,0,8298,0,2004013816,2000027472,4096,4096,0,0,64922,64922,272118970,272119319,272118978,272119327,0,0,0,0,0,0,0,0,4096,256,131072,4,15|4,0,67108864,262144,256,0,0,0,0,988,0,976,0,247,244,0,1,988,0|192,994523745,6,64034272,0,0,0,0,0,68013916,0,244,0,3510279387,0,3510279387,0,2080,3485738913,0,38902279,0,0,0,0,0
1785936732974|1007|stream64_f2r_07|rotating|166,1378943233,33558272,68996382,68037856,784038,0,784038,0,16614,0,8307,0,0,0,64993,64993,53072968,0,4096,0,0,0,8307,0,257832311,0,257832319,0,0,0,0,0,0,0,0,0,4096,256,131072,4,15|4,0,67108864,262144,256,0,0,0,0,988,0,976,0,247,244,0,1,988,0|192,304794257,6,0,0,63963136,0,63963136,0,196151,0,0,244,0,0,0,0,0,0,0,7358708,0,0,0,0,0
1785936741368|1008|stream64_f2r_08|fixed|170,1378943233,16781056,6139661,6054892,6070003,6054892,6070003,6054892,5806,5783,5783,5783,0,0,738,0,178510392,178168024,4096,4096,0,0,5783,5783,809573722,809574055,809573730,809574063,0,0,0,0,0,0,0,0,4096,256,131072,4,15|4,0,67108864,262144,256,0,0,0,0,96,0,84,0,24,21,0,1,96,0|200,1531776156,6,5750048,0,0,0,0,0,6102294,0,21,0,319482309,0,319482309,0,2080,312682193,0,9669333,0,0,0,0,0
1785936741368|1008|stream64_f2r_08|rotating|170,1378943233,33558033,6210743,6125075,70468,0,70468,0,1493,0,746,0,0,0,5850,5850,4767584,0,4096,0,0,0,747,0,795124929,0,795124937,0,0,0,0,0,0,0,0,0,4096,256,131072,4,15|5,0,67108864,262144,256,0,0,0,0,100,0,88,0,25,22,0,1,100,0|200,841700892,6,0,0,5767168,0,5767168,0,17744,0,0,22,0,0,0,0,0,0,0,6889867,0,0,0,0,0
1785936746375|1008|stream64_f2r_08|fixed|172,1378943233,16781056,12414188,12241451,12273182,12241451,12273182,12241451,11741,11696,11696,11696,0,0,1494,0,361032472,360330912,4096,4096,0,0,11696,11696,1130007066,1130007399,1130007074,1130007407,0,0,0,0,0,0,0,0,4096,256,131072,4,15|4,0,67108864,262144,256,0,0,0,0,188,0,176,0,47,44,0,1,188,0|202,1855396056,6,11629184,0,0,0,0,0,12348581,0,44,0,641632425,0,641632425,0,2080,632973991,0,12684600,0,0,0,0,0
1785936746375|1008|stream64_f2r_08|rotating|172,1378943233,33558272,12552085,12377067,142616,0,142616,0,3022,0,1511,0,0,0,11826,11826,9653688,0,4096,0,0,0,1511,0,1118959974,0,1118959982,0,0,0,0,0,0,0,0,0,4096,256,131072,4,15|4,0,67108864,262144,256,0,0,0,0,188,0,176,0,47,44,0,1,188,0|202,1166335845,6,0,0,11534336,0,11534336,0,35819,0,0,44,0,0,0,0,0,0,0,6939333,0,0,0,0,0
1785936751389|1008|stream64_f2r_08|fixed|174,1378943233,16781056,18702715,18442879,18490164,18442879,18490164,18442879,17689,17621,17621,17621,0,0,2252,0,543924784,542849056,4096,4096,0,0,17621,17621,1451207004,1451207353,1451207020,1451207361,0,0,0,0,0,0,0,0,4096,256,131072,4,15|4,0,67108864,262144,256,0,0,0,0,276,0,264,0,69,66,0,1,276,0|204,2173876191,6,17420064,0,0,0,0,0,18499660,0,66,0,958664840,0,958664840,0,2080,948263533,0,15570052,0,0,0,0,0
1785936751389|1008|stream64_f2r_08|rotating|174,1378943233,33558272,18782400,18521754,213403,0,213403,0,4522,0,2261,0,0,0,17696,17696,14445416,0,4096,0,0,0,2261,0,1436974474,0,1436974482,0,0,0,0,0,0,0,0,0,4096,256,131072,4,15|4,0,67108864,262144,256,0,0,0,0,276,0,264,0,69,66,0,1,276,0|204,1483377687,6,0,0,17301504,0,17301504,0,53446,0,0,66,0,0,0,0,0,0,0,6982822,0,0,0,0,0
1785936756391|1008|stream64_f2r_08|fixed|176,1378943233,16777471,24982530,24636296,24698624,24636296,24698624,24636296,23627,23537,23536,23536,0,0,3008,0,726531937,725097720,4096,4096,0,0,23537,23537,1771792740,1771792745,1771792748,1771792697,0,0,0,0,0,0,0,0,4096,256,131072,4,15|4,0,67108864,262144,256,0,0,0,0,364,0,352,0,91,88,0,1,364,0|206,2494642567,6,23258368,0,0,0,0,0,24696076,0,88,0,1277971640,0,1277971640,0,2080,1265840074,0,18453072,0,0,0,0,0
1785936756391|1008|stream64_f2r_08|rotating|176,1378943233,33558272,25080208,24732793,284942,0,284942,0,6038,0,3019,0,0,0,23628,23628,19288168,0,4096,0,0,0,3019,0,1758424659,0,1758424667,0,0,0,0,0,0,0,0,0,4096,256,131072,4,15|4,0,67108864,262144,256,0,0,0,0,364,0,352,0,91,88,0,1,364,0|206,1804916303,6,0,0,23068672,0,23068672,0,71352,0,0,88,0,0,0,0,0,0,0,7030306,0,0,0,0,0
1785936761394|1008|stream64_f2r_08|fixed|178,1378943233,16777471,31240936,30808457,30885959,30808457,30885959,30808457,29544,29432,29431,29431,0,0,3761,0,908498916,906706519,4096,4096,0,0,29432,29432,2091251631,2091251628,2091251639,2091251636,0,0,0,0,0,0,0,0,4096,256,131072,4,15|4,0,67108864,262144,256,0,0,0,0,452,0,440,0,113,110,0,1,452,0|208,2813520670,6,29057152,0,0,0,0,0,30856756,0,110,0,1595400047,0,1595400047,0,2080,1581533526,0,21332303,0,0,0,0,0
1785936761394|1008|stream64_f2r_08|rotating|178,1378943233,33558272,31322780,30889357,355915,0,355915,0,7542,0,3771,0,0,0,29509,29509,24092680,0,4096,0,0,0,3771,0,2077292483,0,2077292491,0,0,0,0,0,0,0,0,0,4096,256,131072,4,15|5,0,67108864,262144,256,0,0,0,0,456,0,444,0,114,111,0,1,456,0|208,2124088797,6,0,0,29097984,0,29097984,0,89120,0,0,111,0,0,0,0,0,0,0,7078738,0,0,0,0,0
1785936766399|1008|stream64_f2r_08|fixed|180,1378943233,16777471,37517470,36996551,37091145,36996551,37091145,36996551,35479,35345,35344,35344,0,0,4517,0,1091000856,1088850426,4096,4096,0,0,35345,35345,2411654892,2411654881,2411654868,2411654889,0,0,0,0,0,0,0,0,4096,256,131072,4,15|4,0,67108864,262144,256,0,0,0,0,544,0,532,0,136,133,0,1,544,0|210,3133816501,6,34880960,0,0,0,0,0,37040845,0,133,0,1914239926,0,1914239926,0,2080,1898502423,0,24348355,0,0,0,0,0
1785936766399|1008|stream64_f2r_08|rotating|180,1378943233,33558272,37582041,37059728,427081,0,427081,0,9050,0,4525,0,0,0,35404,35404,28909936,0,4096,0,0,0,4525,0,2396829505,0,2396829513,0,0,0,0,0,0,0,0,0,4096,256,131072,4,15|4,0,67108864,262144,256,0,0,0,0,544,0,532,0,136,133,0,1,544,0|210,2443224075,6,0,0,34865152,0,34865152,0,106864,0,0,133,0,0,0,0,0,0,0,7126171,0,0,0,0,0
1785936771410|1008|stream64_f2r_08|fixed|182,1378943233,16781056,43797579,43188506,43299900,43188506,43299900,43188506,41416,41259,41259,41259,0,0,5273,0,1273582904,1271056576,4096,4096,0,0,41259,41259,2732299975,2732300324,2732299983,2732300332,0,0,0,0,0,0,0,0,4096,256,131072,4,15|4,0,67108864,262144,256,0,0,0,0,632,0,620,0,158,155,0,1,632,0|212,3454433655,6,40711360,0,0,0,0,0,43235328,0,155,0,2233399480,0,2233399480,0,2080,2215926978,0,27234418,0,0,0,0,0
1785936771410|1008|stream64_f2r_08|rotating|182,1378943233,33558272,43876122,43266145,498532,0,498532,0,10564,0,5282,0,0,0,41333,41333,33746408,0,4096,0,0,0,5282,0,2717852975,0,2717852983,0,0,0,0,0,0,0,0,0,4096,256,131072,4,15|4,0,67108864,262144,256,0,0,0,0,632,0,620,0,158,155,0,1,632,0|212,2765089709,6,0,0,40632320,0,40632320,0,124774,0,0,155,0,0,0,0,0,0,0,7172196,0,0,0,0,0
1785936776410|1008|stream64_f2r_08|fixed|184,1378943233,16777471,50065038,49368159,49496193,49368159,49496193,49368159,47340,47161,47160,47160,0,0,6027,0,1455761272,1452874464,4096,4096,0,0,47161,47161,3052143941,3052143922,3052143925,3052143930,0,0,0,0,0,0,0,0,4096,256,131072,4,15|4,0,67108864,262144,256,0,0,0,0,720,0,708,0,180,177,0,1,720,0|214,3774498179,6,46525952,0,0,0,0,0,49419117,0,177,0,2552010356,0,2552010356,0,2080,2532796905,0,30123037,0,0,0,0,0
1785936776410|1008|stream64_f2r_08|rotating|184,1378943233,33558272,50138279,49440552,569697,0,569697,0,12072,0,6036,0,0,0,47229,47229,38563672,0,4096,0,0,0,6036,0,3037589717,0,3037589725,0,0,0,0,0,0,0,0,0,4096,256,131072,4,15|4,0,67108864,262144,256,0,0,0,0,720,0,708,0,180,177,0,1,720,0|214,3083766299,6,0,0,46399488,0,46399488,0,142518,0,0,177,0,0,0,0,0,0,0,7217146,0,0,0,0,0
1785936781418|1008|stream64_f2r_08|fixed|186,1378943233,16781056,56347789,55563578,55707494,55563578,55707494,55563578,53281,53080,53080,53080,0,0,6784,0,1638473192,1635227208,4096,4096,0,0,53080,53080,3372898445,3372898762,3372898453,3372898770,0,0,0,0,0,0,0,0,4096,256,131072,4,15|4,0,67108864,262144,256,0,0,0,0,808,0,796,0,202,199,0,1,808,0|216,4095194725,6,52364256,0,0,0,0,0,55614196,0,199,0,2871247326,0,2871247326,0,2080,2850300934,0,33008739,0,0,0,0,0
1785936781418|1008|stream64_f2r_08|rotating|186,1378943233,33558272,56415734,55630780,641048,0,641048,0,13584,0,6792,0,0,0,53144,53144,43393648,0,4096,0,0,0,6792,0,3358183056,0,3358183064,0,0,0,0,0,0,0,0,0,4096,256,131072,4,15|4,0,67108864,262144,256,0,0,0,0,808,0,796,0,202,199,0,1,808,0|216,3404468996,6,0,0,52166656,0,52166656,0,160355,0,0,199,0,0,0,0,0,0,0,7259191,0,0,0,0,0
1785936786423|1008|stream64_f2r_08|fixed|188,1378943233,16781056,62618914,61749151,61907362,61749151,61907362,61749151,59210,58987,58987,58987,0,0,7539,0,1820811208,1817204904,4096,4096,0,0,58987,58987,3693005850,3693006167,3693005858,3693006175,0,0,0,0,0,0,0,0,4096,256,131072,4,15|4,0,67108864,262144,256,0,0,0,0,896,0,884,0,224,221,0,1,896,0|218,120389867,7,58186752,0,0,0,0,0,61799735,0,221,0,3189954140,0,3189954140,0,2048,3167273766,0,35892088,0,0,0,0,0
1785936786423|1008|stream64_f2r_08|rotating|188,1378943233,33558272,62691418,61820067,712398,0,712398,0,15096,0,7548,0,0,0,59055,59055,48223728,0,4096,0,0,0,7548,0,3678450239,0,3678450247,0,0,0,0,0,0,0,0,0,4096,256,131072,4,15|4,0,67108864,262144,256,0,0,0,0,900,0,888,0,225,222,0,1,900,0|218,3725025795,6,0,0,58195968,0,58195968,0,178218,0,0,222,0,0,0,0,0,0,0,7304625,0,0,0,0,0
1785936791434|1008|stream64_f2r_08|fixed|190,1378943233,16780817,68901456,67943091,68118460,67943091,68118460,67943091,65149,64904,64904,64904,0,0,8296,0,2003457964,1999474640,4096,4096,0,0,64905,64904,4013799820,4013633577,4013799828,4013633585,0,0,0,0,0,0,0,0,4096,256,131072,4,15|4,0,67108864,262144,256,0,0,0,0,988,0,976,0,247,244,0,1,988,0|220,441046072,7,64010560,0,0,0,0,0,67991615,0,244,0,3509154393,0,3509154393,0,2080,3484599904,0,38911273,0,0,0,0,0
1785936791434|1008|stream64_f2r_08|rotating|190,1378943233,33558272,68992209,68032861,783943,0,783943,0,16612,0,8306,0,0,0,64989,64989,53066576,0,4096,0,0,0,8306,0,4000033289,0,4000033297,0,0,0,0,0,0,0,0,0,4096,256,131072,4,15|4,0,67108864,262144,256,0,0,0,0,988,0,976,0,247,244,0,1,988,0|220,4047211930,6,0,0,63963136,0,63963136,0,196127,0,0,244,0,0,0,0,0,0,0,7344239,0,0,0,0,0
1785936799946|1009|stream64_f2r_09|fixed|194,1378943233,16777471,6149525,6066576,6079773,6066576,6079773,6066576,5816,5794,5793,5793,0,0,739,0,178823379,178479424,4096,4096,0,0,5794,5794,263570218,263570223,263570226,263570183,0,0,0,0,0,0,0,0,4096,256,131072,4,15|4,0,67108864,262144,256,0,0,0,0,96,0,84,0,24,21,0,1,96,0|228,985859810,7,5757952,0,0,0,0,0,6115033,0,21,0,320131500,0,320131500,0,2080,313330325,0,9671971,0,0,0,0,0
1785936799946|1009|stream64_f2r_09|rotating|194,1378943233,33558272,6223040,6138441,70692,0,70692,0,1498,0,749,0,0,0,5862,5862,4785304,0,4096,0,0,0,749,0,249226221,0,249226237,0,0,0,0,0,0,0,0,0,4096,256,131072,4,15|4,0,67108864,262144,256,0,0,0,0,100,0,88,0,25,22,0,1,100,0|228,295383081,7,0,0,5767168,0,5767168,0,17768,0,0,22,0,0,0,0,0,0,0,6892518,0,0,0,0,0
1785936804961|1009|stream64_f2r_09|fixed|196,1378943233,16777471,12435129,12265970,12293839,12265970,12293839,12265970,11762,11717,11716,11716,0,0,1497,0,361675584,360956331,4096,4096,0,0,11717,11717,584688569,584688542,584688537,584688550,0,0,0,0,0,0,0,0,4096,256,131072,4,15|4,0,67108864,262144,256,0,0,0,0,188,0,176,0,47,44,0,1,188,0|230,1307049937,7,11597568,0,0,0,0,0,12314278,0,44,0,639861723,0,639861723,0,2080,631198058,0,12682925,0,0,0,0,0
1785936804961|1009|stream64_f2r_09|rotating|196,1378943233,33558272,12504064,12334143,142048,0,142048,0,3010,0,1505,0,0,0,11782,11782,9615384,0,4096,0,0,0,1505,0,569813601,0,569813609,0,0,0,0,0,0,0,0,0,4096,256,131072,4,15|4,0,67108864,262144,256,0,0,0,0,188,0,176,0,47,44,0,1,188,0|230,616254001,7,0,0,11534336,0,11534336,0,35630,0,0,44,0,0,0,0,0,0,0,6933217,0,0,0,0,0
1785936809966|1009|stream64_f2r_09|fixed|198,1378943233,16777471,18710120,18453308,18497474,18453308,18497474,18453308,17696,17630,17628,17628,0,0,2253,0,544156424,543078982,4096,4096,0,0,17629,17629,905055003,905054976,905054971,905054984,0,0,0,0,0,0,0,0,4096,256,131072,4,15|4,0,67108864,262144,256,0,0,0,0,276,0,264,0,69,66,0,1,276,0|232,1627115591,7,17420064,0,0,0,0,0,18495973,0,66,0,958471753,0,958471753,0,2080,948071413,0,15568967,0,0,0,0,0
1785936809966|1009|stream64_f2r_09|rotating|198,1378943233,33558272,18790208,18532454,213498,0,213498,0,4524,0,2262,0,0,0,17704,17704,14451808,0,4096,0,0,0,2262,0,890837050,0,890837058,0,0,0,0,0,0,0,0,0,4096,256,131072,4,15|4,0,67108864,262144,256,0,0,0,0,276,0,264,0,69,66,0,1,276,0|232,937865418,7,0,0,17301504,0,17301504,0,53515,0,0,66,0,0,0,0,0,0,0,6976184,0,0,0,0,0
1785936814970|1009|stream64_f2r_09|fixed|200,1378943233,16777471,24984414,24641379,24700508,24641379,24700508,24641379,23628,23540,23538,23538,0,0,3008,0,726588681,725149876,4096,4096,0,0,23539,23539,1225325785,1225325814,1225325793,1225325822,0,0,0,0,0,0,0,0,4096,256,131072,4,15|4,0,67108864,262144,256,0,0,0,0,364,0,352,0,91,88,0,1,364,0|234,1947631569,7,23250464,0,0,0,0,0,24688053,0,88,0,1277530131,0,1277530131,0,2080,1265397136,0,18452686,0,0,0,0,0
1785936814970|1009|stream64_f2r_09|rotating|200,1378943233,33558272,25053868,24710156,284661,0,284661,0,6032,0,3016,0,0,0,23604,23604,19269024,0,4096,0,0,0,3016,0,1210568867,0,1210568875,0,0,0,0,0,0,0,0,0,4096,256,131072,4,15|4,0,67108864,262144,256,0,0,0,0,364,0,352,0,91,88,0,1,364,0|234,1257001709,7,0,0,23068672,0,23068672,0,71282,0,0,88,0,0,0,0,0,0,0,7019798,0,0,0,0,0
1785936819973|1009|stream64_f2r_09|fixed|202,1378943233,16780817,31257191,30828477,30902025,30828477,30902025,30828477,29558,29448,29447,29447,0,0,3763,0,908970017,907169984,4096,4096,0,0,29448,29447,1545518422,1545500506,1545518430,1545500514,0,0,0,0,0,0,0,0,4096,256,131072,4,15|4,0,67108864,262144,256,0,0,0,0,452,0,440,0,113,110,0,1,452,0|236,2267803298,7,29072960,0,0,0,0,0,30873966,0,110,0,1596246236,0,1596246236,0,2080,1582377459,0,21337835,0,0,0,0,0
1785936819973|1009|stream64_f2r_09|rotating|202,1378943233,33558272,31325119,30895535,355915,0,355915,0,7542,0,3771,0,0,0,29511,29511,24092680,0,4096,0,0,0,3771,0,1530731900,0,1530731908,0,0,0,0,0,0,0,0,0,4096,256,131072,4,15|5,0,67108864,262144,256,0,0,0,0,456,0,444,0,114,111,0,1,456,0|236,1577079914,7,0,0,29097984,0,29097984,0,89097,0,0,111,0,0,0,0,0,0,0,7058714,0,0,0,0,0
1785936824984|1009|stream64_f2r_09|fixed|204,1378943233,16777471,37540857,37025175,37114344,37025175,37114344,37025175,35499,35367,35366,35366,0,0,4519,0,1091674046,1089515209,4096,4096,0,0,35366,35366,1866254345,1866254670,1866254353,1866254678,0,0,0,0,0,0,0,0,4096,256,131072,4,15|4,0,67108864,262144,256,0,0,0,0,544,0,532,0,136,133,0,1,544,0|238,2588412757,7,34896768,0,0,0,0,0,37063990,0,133,0,1915399743,0,1915399743,0,2080,1899659213,0,24354658,0,0,0,0,0
1785936824984|1009|stream64_f2r_09|rotating|204,1378943233,33558272,37624855,37107392,427554,0,427554,0,9060,0,4530,0,0,0,35445,35445,28941920,0,4096,0,0,0,4530,0,1852418539,0,1852418547,0,0,0,0,0,0,0,0,0,4096,256,131072,4,15|4,0,67108864,262144,256,0,0,0,0,544,0,532,0,136,133,0,1,544,0|238,1900354003,7,0,0,34865152,0,34865152,0,107077,0,0,133,0,0,0,0,0,0,0,7108466,0,0,0,0,0
1785936829985|1009|stream64_f2r_09|fixed|206,1378943233,16781056,43841771,43237875,43343619,43237875,43343619,43237875,41457,41302,41301,41301,0,0,5278,0,1274878752,1272344968,4096,4096,0,0,41301,41301,2187991218,2187991575,2187991234,2187991583,0,0,0,0,0,0,0,0,4096,256,131072,4,15|4,0,67108864,262144,256,0,0,0,0,632,0,620,0,158,155,0,1,632,0|240,2909245871,7,40735072,0,0,0,0,0,43262472,0,155,0,2234773281,0,2234773281,0,2080,2217303384,0,27236786,0,0,0,0,0
1785936829985|1009|stream64_f2r_09|rotating|206,1378943233,33558272,43901812,43297334,498815,0,498815,0,10570,0,5285,0,0,0,41357,41357,33765552,0,4096,0,0,0,5285,0,2172578528,0,2172578536,0,0,0,0,0,0,0,0,0,4096,256,131072,4,15|4,0,67108864,262144,256,0,0,0,0,632,0,620,0,158,155,0,1,632,0|240,2219307462,7,0,0,40632320,0,40632320,0,124821,0,0,155,0,0,0,0,0,0,0,7154947,0,0,0,0,0
1785936834988|1009|stream64_f2r_09|fixed|208,1378943233,16777471,50079442,49389366,49510407,49389366,49510407,49389366,47355,47178,47176,47176,0,0,6029,0,1456241664,1453349547,4096,4096,0,0,47177,47177,2506418002,2506418015,2506418010,2506418023,0,0,0,0,0,0,0,0,4096,256,131072,4,15|4,0,67108864,262144,256,0,0,0,0,720,0,708,0,180,177,0,1,720,0|242,3230204012,7,46573376,0,0,0,0,0,49463129,0,177,0,2554271846,0,2554271846,0,2080,2535068711,0,30122785,0,0,0,0,0
1785936834988|1009|stream64_f2r_09|rotating|208,1378943233,33558272,50194214,49502728,570356,0,570356,0,12086,0,6043,0,0,0,47284,47284,38608336,0,4096,0,0,0,6043,0,2494031703,0,2494031711,0,0,0,0,0,0,0,0,0,4096,256,131072,4,15|4,0,67108864,262144,256,0,0,0,0,720,0,708,0,180,177,0,1,724,0|242,2541902548,7,0,0,46661632,0,46661632,0,142800,0,0,178,0,0,0,0,0,0,0,7201717,0,0,0,0,0
1785936839995|1009|stream64_f2r_09|fixed|210,1378943233,16781056,56349973,55572595,55709584,55572595,55709584,55572595,53289,53090,53089,53089,0,0,6785,0,1638749352,1635500168,4096,4096,0,0,53089,53089,2826813799,2826814148,2826813807,2826814156,0,0,0,0,0,0,0,0,4096,256,131072,4,15|4,0,67108864,262144,256,0,0,0,0,812,0,800,0,203,200,0,1,812,0|244,3554910737,7,52476224,0,0,0,0,0,55727259,0,200,0,2877502859,0,2877502859,0,2080,2856445190,0,33139359,0,0,0,0,0
1785936839995|1009|stream64_f2r_09|rotating|210,1378943233,33558272,56544364,55763910,642652,0,642652,0,13618,0,6809,0,0,0,53272,53272,43502328,0,4096,0,0,0,6809,0,2818726494,0,2818726502,0,0,0,0,0,0,0,0,0,4096,256,131072,4,15|4,0,67108864,262144,256,0,0,0,0,812,0,800,0,203,200,0,1,812,0|244,2866251332,7,0,0,52428800,0,52428800,0,160828,0,0,200,0,0,0,0,0,0,0,7243589,0,0,0,0,0
1785936844996|1009|stream64_f2r_09|fixed|212,1378943233,16777471,62615347,61751215,61903701,61751215,61903701,61751215,59218,58997,58995,58995,0,0,7540,0,1821081432,1817473225,4096,4096,0,0,58996,58996,3146924879,3146924868,3146924863,3146924876,0,0,0,0,0,0,0,0,4096,256,131072,4,15|4,0,67108864,262144,256,0,0,0,0,896,0,884,0,224,221,0,1,896,0|246,3868649502,7,58178848,0,0,0,0,0,61784412,0,221,0,3189815968,0,3189815968,0,2080,3167129951,0,35895916,0,0,0,0,0
1785936844996|1009|stream64_f2r_09|rotating|212,1378943233,33558272,62720942,61854919,712872,0,712872,0,15106,0,7553,0,0,0,59095,59095,48255672,0,4096,0,0,0,7553,0,3134164750,0,3134164758,0,0,0,0,0,0,0,0,0,4096,256,131072,4,15|4,0,67108864,262144,256,0,0,0,0,900,0,888,0,225,222,0,1,900,0|246,3181066813,7,0,0,58195968,0,58195968,0,178360,0,0,222,0,0,0,0,0,0,0,7289084,0,0,0,0,0
1785936850009|1009|stream64_f2r_09|fixed|214,1378943233,16777471,68894125,67942204,68111035,67942204,68111035,67942204,65160,64916,64914,64914,0,0,8297,0,2003767099,1999783958,4096,4096,0,0,64915,64915,3467775746,3467775775,3467775762,3467775783,0,0,0,0,0,0,0,0,4096,256,131072,4,15|4,0,67108864,262144,256,0,0,0,0,988,0,976,0,247,244,0,1,988,0|248,4189999738,7,64018464,0,0,0,0,0,67985343,0,244,0,3509706300,0,3509706300,0,2080,3485152978,0,38911685,0,0,0,0,0
1785936850009|1009|stream64_f2r_09|rotating|214,1378943233,33558272,68970112,68017339,783943,0,783943,0,16612,0,8306,0,0,0,64985,64985,53066576,0,4096,0,0,0,8306,0,3453467577,0,3453467585,0,0,0,0,0,0,0,0,0,4096,256,131072,4,15|4,0,67108864,262144,256,0,0,0,0,988,0,976,0,247,244,0,1,988,0|248,3499601197,7,0,0,63963136,0,63963136,0,196080,0,0,244,0,0,0,0,0,0,0,7330169,0,0,0,0,0
1785936858407|1010|stream64_f2r_10|fixed|218,1378943233,16777471,6140704,6058251,6071046,6058251,6071046,6058251,5807,5785,5784,5784,0,0,738,0,178559184,178216585,4096,4096,0,0,5785,5785,4005244660,4005244657,4005244636,4005244665,0,0,0,0,0,0,0,0,4096,256,131072,4,15|4,0,67108864,262144,256,0,0,0,0,96,0,84,0,24,21,0,1,96,0|256,431806257,8,5734240,0,0,0,0,0,6091189,0,21,0,318908019,0,318908019,0,2080,312106938,0,9666869,0,0,0,0,0
1785936858407|1010|stream64_f2r_10|rotating|218,1378943233,33558272,6229716,6145419,70787,0,70787,0,1500,0,750,0,0,0,5868,5868,4791688,0,4096,0,0,0,750,0,3991795241,0,3991795249,0,0,0,0,0,0,0,0,0,4096,256,131072,4,15|4,0,67108864,262144,256,0,0,0,0,100,0,88,0,25,22,0,1,100,0|256,4037913384,7,0,0,5767168,0,5767168,0,17791,0,0,22,0,0,0,0,0,0,0,6888583,0,0,0,0,0
1785936863411|1010|stream64_f2r_10|fixed|220,1378943233,16781056,12415146,12247089,12274140,12247089,12274140,12247089,11742,11698,11698,11698,0,0,1494,0,361093688,360391824,4096,4096,0,0,11698,11698,30718180,30718513,30718188,30718521,0,0,0,0,0,0,0,0,4096,256,131072,4,15|4,0,67108864,262144,256,0,0,0,0,188,0,176,0,47,44,0,1,188,0|258,751950369,8,11558048,0,0,0,0,0,12269956,0,44,0,637596179,0,637596179,0,2080,628923899,0,12683138,0,0,0,0,0
1785936863411|1010|stream64_f2r_10|rotating|220,1378943233,33558272,12468217,12298891,141670,0,141670,0,3002,0,1501,0,0,0,11748,11748,9589800,0,4096,0,0,0,1501,0,15271753,0,15271761,0,0,0,0,0,0,0,0,0,4096,256,131072,4,15|4,0,67108864,262144,256,0,0,0,0,188,0,176,0,47,44,0,1,188,0|258,62308988,8,0,0,11534336,0,11534336,0,35559,0,0,44,0,0,0,0,0,0,0,6931312,0,0,0,0,0
1785936868415|1010|stream64_f2r_10|fixed|222,1378943233,16777471,18682123,18425823,18469855,18425823,18469855,18425823,17670,17603,17602,17602,0,0,2249,0,543342413,542266136,4096,4096,0,0,17603,17603,350817538,350817551,350817546,350817559,0,0,0,0,0,0,0,0,4096,256,131072,4,15|4,0,67108864,262144,256,0,0,0,0,276,0,264,0,69,66,0,1,276,0|260,1073111015,8,17396352,0,0,0,0,0,18472867,0,66,0,957297249,0,957297249,0,2080,946892182,0,15568686,0,0,0,0,0
1785936868415|1010|stream64_f2r_10|rotating|222,1378943233,33558272,18757773,18500477,213120,0,213120,0,4516,0,2258,0,0,0,17673,17673,14426232,0,4096,0,0,0,2258,0,336294701,0,336294709,0,0,0,0,0,0,0,0,0,4096,256,131072,4,15|4,0,67108864,262144,256,0,0,0,0,276,0,264,0,69,66,0,1,276,0|260,382604628,8,0,0,17301504,0,17301504,0,53374,0,0,66,0,0,0,0,0,0,0,6980086,0,0,0,0,0
1785936873417|1010|stream64_f2r_10|fixed|224,1378943233,16777471,24955250,24611719,24671721,24611719,24671721,24611719,23600,23511,23510,23510,0,0,3004,0,725724808,724290191,4096,4096,0,0,23511,23511,670990395,670990360,670990379,670990376,0,0,0,0,0,0,0,0,4096,256,131072,4,15|4,0,67108864,262144,256,0,0,0,0,364,0,352,0,91,88,0,1,364,0|262,1393355654,8,23218848,0,0,0,0,0,24659665,0,88,0,1276086264,0,1276086264,0,2080,1263953502,0,18445748,0,0,0,0,0
1785936873417|1010|stream64_f2r_10|rotating|224,1378943233,33558272,25029240,24685001,284379,0,284379,0,6026,0,3013,0,0,0,23580,23580,19249880,0,4096,0,0,0,3013,0,656449639,0,656449647,0,0,0,0,0,0,0,0,0,4096,256,131072,4,15|4,0,67108864,262144,256,0,0,0,0,364,0,352,0,91,88,0,1,364,0|262,703427913,8,0,0,23068672,0,23068672,0,71235,0,0,88,0,0,0,0,0,0,0,7023543,0,0,0,0,0
1785936878422|1010|stream64_f2r_10|fixed|226,1378943233,16777471,31231866,30801896,30876984,30801896,30876984,30801896,29534,29423,29422,29422,0,0,3760,0,908203287,906411408,4096,4096,0,0,29423,29423,991350323,991350328,991350331,991350304,0,0,0,0,0,0,0,0,4096,256,131072,4,15|4,0,67108864,262144,256,0,0,0,0,452,0,440,0,113,110,0,1,452,0|264,1713725171,8,29049248,0,0,0,0,0,30849669,0,110,0,1594998181,0,1594998181,0,2080,1581131344,0,21330887,0,0,0,0,0
1785936878422|1010|stream64_f2r_10|rotating|226,1378943233,33558272,31304854,30874028,355633,0,355633,0,7536,0,3768,0,0,0,29491,29491,24073496,0,4096,0,0,0,3768,0,976612686,0,976612694,0,0,0,0,0,0,0,0,0,4096,256,131072,4,15|4,0,67108864,262144,256,0,0,0,0,452,0,440,0,113,110,0,1,452,0|264,1023062095,8,0,0,28835840,0,28835840,0,89026,0,0,110,0,0,0,0,0,0,0,7067188,0,0,0,0,0
1785936883422|1010|stream64_f2r_10|fixed|228,1378943233,16777471,37499749,36983117,37073704,36983117,37073704,36983117,35461,35327,35326,35326,0,0,4514,0,1090454548,1088303903,4096,4096,0,0,35327,35327,1311307117,1311307138,1311307125,1311307146,0,0,0,0,0,0,0,0,4096,256,131072,4,15|4,0,67108864,262144,256,0,0,0,0,540,0,528,0,135,132,0,1,540,0|266,2033761075,8,34865152,0,0,0,0,0,37031383,0,133,0,1913580109,0,1913580109,0,2080,1897976042,0,24215836,0,0,0,0,0
1785936883422|1010|stream64_f2r_10|rotating|228,1378943233,33558272,37594850,37076518,427176,0,427176,0,9052,0,4526,0,0,0,35416,35416,28916336,0,4096,0,0,0,4526,0,1297869145,0,1297869153,0,0,0,0,0,0,0,0,0,4096,256,131072,4,15|4,0,67108864,262144,256,0,0,0,0,544,0,532,0,136,133,0,1,544,0|266,1345974934,8,0,0,34865152,0,34865152,0,106983,0,0,133,0,0,0,0,0,0,0,7116664,0,0,0,0,0
1785936888422|1010|stream64_f2r_10|fixed|230,1378943233,16781056,43766785,43162785,43269390,43162785,43269390,43162785,41386,41230,41230,41230,0,0,5270,0,1272687440,1270161808,4096,4096,0,0,41230,41230,1631224523,1631203088,1631224531,1631203096,0,0,0,0,0,0,0,0,4096,256,131072,4,15|4,0,67108864,262144,256,0,0,0,0,632,0,620,0,158,155,0,1,632,0|268,2353695061,8,40679744,0,0,0,0,0,43209121,0,155,0,2232060447,0,2232060447,0,2080,2214580540,0,27235000,0,0,0,0,0
1785936888422|1010|stream64_f2r_10|rotating|230,1378943233,33558272,43853844,43248830,498342,0,498342,0,10560,0,5280,0,0,0,41312,41312,33733640,0,4096,0,0,0,5280,0,1617604932,0,1617604940,0,0,0,0,0,0,0,0,0,4096,256,131072,4,15|4,0,67108864,262144,256,0,0,0,0,632,0,620,0,158,155,0,1,632,0|268,1664031971,8,0,0,40632320,0,40632320,0,124703,0,0,155,0,0,0,0,0,0,0,7157779,0,0,0,0,0
1785936893432|1010|stream64_f2r_10|fixed|232,1378943233,16777471,50048792,49358286,49480042,49358286,49480042,49358286,47326,47147,47147,47147,0,0,6026,0,1455331280,1452446195,4096,4096,0,0,47147,47147,1951997743,1951998076,1951997751,1951998084,0,0,0,0,0,0,0,0,4096,256,131072,4,15|4,0,67108864,262144,256,0,0,0,0,720,0,708,0,180,177,0,1,720,0|270,2674481324,8,46518048,0,0,0,0,0,49406678,0,177,0,2551387134,0,2551387134,0,2080,2532174534,0,30120454,0,0,0,0,0
1785936893432|1010|stream64_f2r_10|rotating|232,1378943233,33558272,50123016,49431809,569507,0,569507,0,12068,0,6034,0,0,0,47217,47217,38550880,0,4096,0,0,0,6034,0,1937338491,0,1937338499,0,0,0,0,0,0,0,0,0,4096,256,131072,4,15|4,0,67108864,262144,256,0,0,0,0,720,0,708,0,180,177,0,1,720,0|270,1983890986,8,0,0,46399488,0,46399488,0,142495,0,0,177,0,0,0,0,0,0,0,7201771,0,0,0,0,0
1785936898434|1010|stream64_f2r_10|fixed|234,1378943233,16781056,56342938,55564911,55702738,55564911,55702738,55564911,53277,53076,53076,53076,0,0,6783,0,1638350896,1635106432,4096,4096,0,0,53076,53076,2273289387,2273289704,2273289395,2273289712,0,0,0,0,0,0,0,0,4096,256,131072,4,15|4,0,67108864,262144,256,0,0,0,0,808,0,796,0,202,199,0,1,808,0|272,2996240517,8,52372160,0,0,0,0,0,55622540,0,199,0,2871682799,0,2871682799,0,2080,2850740621,0,33006187,0,0,0,0,0
1785936898434|1010|stream64_f2r_10|rotating|234,1378943233,33558272,56425664,55646733,641141,0,641141,0,13586,0,6793,0,0,0,53154,53154,43400032,0,4096,0,0,0,6793,0,2259221145,0,2259221153,0,0,0,0,0,0,0,0,0,4096,256,131072,4,15|4,0,67108864,262144,256,0,0,0,0,808,0,796,0,202,199,0,1,808,0|272,2305657916,8,0,0,52166656,0,52166656,0,160402,0,0,199,0,0,0,0,0,0,0,7246511,0,0,0,0,0
1785936903444|1010|stream64_f2r_10|fixed|236,1378943233,16777471,62603415,61738818,61892050,61738818,61892050,61738818,59196,58973,58972,58972,0,0,7537,0,1820368276,1816761943,4096,4096,0,0,58973,58973,2592850718,2592850739,2592850726,2592850747,0,0,0,0,0,0,0,0,4096,256,131072,4,15|4,0,67108864,262144,256,0,0,0,0,896,0,884,0,224,221,0,1,896,0|274,3315198652,8,58170944,0,0,0,0,0,61784526,0,221,0,3189191238,0,3189191238,0,2080,3166507660,0,35891863,0,0,0,0,0
1785936903444|1010|stream64_f2r_10|rotating|236,1378943233,33558272,62674124,61808771,712114,0,712114,0,15090,0,7545,0,0,0,59039,59039,48204544,0,4096,0,0,0,7545,0,2578095400,0,2578095408,0,0,0,0,0,0,0,0,0,4096,256,131072,4,15|4,0,67108864,262144,256,0,0,0,0,900,0,888,0,225,222,0,1,900,0|274,2625401915,8,0,0,58195968,0,58195968,0,178194,0,0,222,0,0,0,0,0,0,0,7297257,0,0,0,0,0
1785936908446|1010|stream64_f2r_10|fixed|238,1378943233,16777471,68873864,67922112,68091246,67922112,68091246,67922112,65124,64879,64878,64878,0,0,8292,0,2002669045,1998703328,4096,4096,0,0,64879,64879,2912894776,2912894789,2912894792,2912894797,0,0,0,0,0,0,0,0,4096,256,131072,4,15|4,0,67108864,262144,256,0,0,0,0,988,0,976,0,247,244,0,1,988,0|276,3635317232,8,63986848,0,0,0,0,0,67965824,0,244,0,3507855842,0,3507855842,0,2080,3483302196,0,38905304,0,0,0,0,0
1785936908446|1010|stream64_f2r_10|rotating|238,1378943233,33558272,68947484,67994339,783470,0,783470,0,16602,0,8301,0,0,0,64947,64947,53034600,0,4096,0,0,0,8301,0,2898489350,0,2898489358,0,0,0,0,0,0,0,0,0,4096,256,131072,4,15|4,0,67108864,262144,256,0,0,0,0,988,0,976,0,247,244,0,1,988,0|276,2944672131,8,0,0,63963136,0,63963136,0,195962,0,0,244,0,0,0,0,0,0,0,7340986,0,0,0,0,0
1785936916934|1011|stream64_r2f_01|fixed|242,1378943233,16781056,6149546,6065534,69643,0,69643,0,1478,0,739,0,0,0,5792,5792,4721392,0,4096,0,0,0,739,0,3455853977,0,3455853985,0,0,0,0,0,0,0,0,0,4096,256,131072,4,15|4,0,67108864,262144,256,0,0,0,0,96,0,84,0,24,21,0,1,100,0|284,4179295869,8,0,0,5767168,0,5767168,0,17622,0,0,22,0,0,0,0,0,0,0,6893285,0,0,0,0,0
1785936916934|1011|stream64_r2f_01|rotating|242,1378943233,33554687,6242909,6157001,6172138,6157001,6172138,6157001,5905,5882,5880,5880,0,0,751,0,181510514,181151824,4096,4096,0,0,5881,5881,3442994366,3442994371,3442994374,3442994363,0,0,0,0,0,0,0,0,4096,256,131072,4,15|4,0,67108864,262144,256,0,0,0,0,100,0,88,0,25,22,0,1,100,0|284,3492047883,8,5885728,0,0,0,0,0,6250309,0,22,0,327133562,0,327133562,0,2080,320270644,0,9756589,0,0,0,0,0
1785936921950|1011|stream64_r2f_01|fixed|244,1378943233,16781056,12443792,12272723,141165,0,141165,0,2996,0,1498,0,0,0,11724,11724,9570616,0,4096,0,0,0,1498,0,3777488256,0,3777488264,0,0,0,0,0,0,0,0,0,4096,256,131072,4,15|4,0,67108864,262144,256,0,0,0,0,188,0,176,0,47,44,0,1,188,0|286,205863801,9,0,0,11534336,0,11534336,0,35480,0,0,44,0,0,0,0,0,0,0,6943777,0,0,0,0,0
1785936921950|1011|stream64_r2f_01|rotating|244,1378943233,33558272,12534959,12362873,12392757,12362873,12392757,12362873,11856,11811,11810,11810,0,0,1509,0,364552072,363833544,4096,4096,0,0,11810,11810,3764260148,3764260497,3764260156,3764260505,0,0,0,0,0,0,0,0,4096,256,131072,4,15|4,0,67108864,262144,256,0,0,0,0,188,0,176,0,47,44,0,1,188,0|286,3811192241,8,11692416,0,0,0,0,0,12413370,0,44,0,644826248,0,644826248,0,2080,636276153,0,12589739,0,0,0,0,0
1785936926952|1011|stream64_r2f_01|fixed|246,1378943233,16781056,18705113,18447463,212219,0,212219,0,4504,0,2252,0,0,0,17623,17623,14387912,0,4096,0,0,0,2252,0,4097171141,0,4097171149,0,0,0,0,0,0,0,0,0,4096,256,131072,4,15|4,0,67108864,262144,256,0,0,0,0,276,0,264,0,69,66,0,1,276,0|288,524697323,9,0,0,17301504,0,17301504,0,53196,0,0,66,0,0,0,0,0,0,0,6991915,0,0,0,0,0
1785936926952|1011|stream64_r2f_01|rotating|246,1378943233,33554687,18779462,18520854,18566394,18520854,18566394,18520854,17762,17695,17693,17693,0,0,2261,0,546146464,545068963,4096,4096,0,0,17693,17693,4083029863,4083030220,4083029871,4083030228,0,0,0,0,0,0,0,0,4096,256,131072,4,15|4,0,67108864,262144,256,0,0,0,0,276,0,264,0,69,66,0,1,276,0|288,4129934409,8,17491200,0,0,0,0,0,18570240,0,66,0,962118720,0,962118720,0,2080,951877920,0,15424720,0,0,0,0,0
1785936931959|1011|stream64_r2f_01|fixed|248,1378943233,16781056,24984427,24640060,283461,0,283461,0,6016,0,3008,0,0,0,23537,23537,19217944,0,4096,0,0,0,3008,0,122745849,0,122745857,0,0,0,0,0,0,0,0,0,4096,256,131072,4,15|4,0,67108864,262144,256,0,0,0,0,364,0,352,0,91,88,0,1,364,0|290,845217198,9,0,0,23068672,0,23068672,0,71007,0,0,88,0,0,0,0,0,0,0,7029529,0,0,0,0,0
1785936931959|1011|stream64_r2f_01|rotating|248,1378943233,33554687,25058386,24713328,24774169,24713328,24774169,24713328,23700,23610,23607,23607,0,0,3016,0,728720187,727284486,4096,4096,0,0,23608,23608,108540631,108540644,108540639,108540652,0,0,0,0,0,0,0,0,4096,256,131072,4,15|4,0,67108864,262144,256,0,0,0,0,364,0,352,0,91,88,0,1,364,0|290,154680550,9,23305792,0,0,0,0,0,24747191,0,88,0,1280378509,0,1280378509,0,2080,1268450802,0,18259297,0,0,0,0,0
1785936936966|1011|stream64_r2f_01|fixed|250,1378943233,16781056,31263937,30833508,354705,0,354705,0,7528,0,3764,0,0,0,29452,29452,24047952,0,4096,0,0,0,3764,0,443282615,0,443282631,0,0,0,0,0,0,0,0,0,4096,256,131072,4,15|4,0,67108864,262144,256,0,0,0,0,452,0,440,0,113,110,0,1,452,0|292,1165592318,9,0,0,28835840,0,28835840,0,88793,0,0,110,0,0,0,0,0,0,0,7074863,0,0,0,0,0
1785936936966|1011|stream64_r2f_01|rotating|250,1378943233,33554687,31352115,30919980,30996376,30919980,30996376,30919980,29652,29538,29535,29535,0,0,3775,0,911689492,909878895,4096,4096,0,0,29536,29536,429824177,429824174,429824185,429824182,0,0,0,0,0,0,0,0,4096,256,131072,4,15|4,0,67108864,262144,256,0,0,0,0,456,0,444,0,114,111,0,1,456,0|292,476668904,9,29161216,0,0,0,0,0,30966462,0,111,0,1600903007,0,1600903007,0,2080,1587169266,0,21217189,0,0,0,0,0
1785936941975|1011|stream64_r2f_01|fixed|252,1378943233,16781056,37544987,37028769,425944,0,425944,0,9040,0,4520,0,0,0,35369,35369,28878000,0,4096,0,0,0,4520,0,763822294,0,763822302,0,0,0,0,0,0,0,0,0,4096,256,131072,4,15|4,0,67108864,262144,256,0,0,0,0,544,0,532,0,136,133,0,1,544,0|294,1486380048,9,0,0,34865152,0,34865152,0,106627,0,0,133,0,0,0,0,0,0,0,7119891,0,0,0,0,0
1785936941975|1011|stream64_r2f_01|rotating|252,1378943233,33558272,37618277,37100608,37191485,37100608,37191485,37100608,35576,35440,35438,35438,0,0,4529,0,1093900864,1091731000,4096,4096,0,0,35438,35438,749643925,749644250,749643933,749644258,0,0,0,0,0,0,0,0,4096,256,131072,4,15|4,0,67108864,262144,256,0,0,0,0,544,0,532,0,136,133,0,1,544,0|294,795685745,9,34960000,0,0,0,0,0,37129659,0,133,0,1918470152,0,1918470152,0,2080,1903048453,0,24049423,0,0,0,0,0
1785936946979|1011|stream64_r2f_01|fixed|254,1378943233,16781056,43822427,43219289,497186,0,497186,0,10552,0,5276,0,0,0,41282,41282,33708056,0,4096,0,0,0,5276,0,1084159871,0,1084159879,0,0,0,0,0,0,0,0,0,4096,256,131072,4,15|4,0,67108864,262144,256,0,0,0,0,632,0,620,0,158,155,0,1,632,0|296,1806496232,9,0,0,40632320,0,40632320,0,124414,0,0,155,0,0,0,0,0,0,0,7162478,0,0,0,0,0
1785936946979|1011|stream64_r2f_01|rotating|254,1378943233,33554687,43901073,43297222,43403037,43297222,43403037,43297222,41517,41359,41356,41356,0,0,5285,0,1276583439,1274053914,4096,4096,0,0,41357,41357,1070312614,1070312619,1070312622,1070312627,0,0,0,0,0,0,0,0,4096,256,131072,4,15|4,0,67108864,262144,256,0,0,0,0,632,0,620,0,158,155,0,1,632,0|296,1117318772,9,40814112,0,0,0,0,0,43344924,0,155,0,2238639651,0,2238639651,0,2080,2221545354,0,26878176,0,0,0,0,0
1785936951992|1011|stream64_r2f_01|fixed|256,1378943233,16781056,50108889,49420267,568524,0,568524,0,12066,0,6033,0,0,0,47203,47203,38544480,0,4096,0,0,0,6033,0,1405127653,0,1405127661,0,0,0,0,0,0,0,0,0,4096,256,131072,4,15|4,0,67108864,262144,256,0,0,0,0,720,0,708,0,180,177,0,1,720,0|298,2127485474,9,0,0,46399488,0,46399488,0,142272,0,0,177,0,0,0,0,0,0,0,7209676,0,0,0,0,0
1785936951992|1011|stream64_r2f_01|rotating|256,1378943233,33554687,50195949,49506358,49626482,49506358,49626482,49506358,47468,47288,47285,47285,0,0,6043,0,1459613392,1456723768,4096,4096,0,0,47286,47286,1391566220,1391566225,1391566188,1391566209,0,0,0,0,0,0,0,0,4096,256,131072,4,15|4,0,67108864,262144,256,0,0,0,0,720,0,708,0,180,177,0,1,720,0|298,1437945329,9,46644512,0,0,0,0,0,49540677,0,177,0,2557808608,0,2557808608,0,2080,2539034786,0,29708765,0,0,0,0,0
1785936957006|1011|stream64_r2f_01|fixed|258,1378943233,16781056,56391507,55616410,639768,0,639768,0,13578,0,6789,0,0,0,53122,53122,43374512,0,4096,0,0,0,6789,0,1725665732,0,1725665740,0,0,0,0,0,0,0,0,0,4096,256,131072,4,15|4,0,67108864,262144,256,0,0,0,0,808,0,796,0,202,199,0,1,808,0|300,2448242136,9,0,0,52166656,0,52166656,0,160082,0,0,199,0,0,0,0,0,0,0,7255679,0,0,0,0,0
1785936957006|1011|stream64_r2f_01|rotating|258,1378943233,33554687,56465778,55689770,55825166,55689770,55825166,55689770,53397,53195,53192,53192,0,0,6798,0,1641946369,1638698348,4096,4096,0,0,53193,53193,1711614650,1711614647,1711614658,1711614655,0,0,0,0,0,0,0,0,4096,256,131072,4,15|4,0,67108864,262144,256,0,0,0,0,812,0,800,0,203,200,0,1,812,0|300,1757904965,9,52460416,0,0,0,0,0,55719248,0,200,0,2876314268,0,2876314268,0,2080,2855724601,0,32667983,0,0,0,0,0
1785936962018|1011|stream64_r2f_01|fixed|260,1378943233,16781056,62677580,61814862,711100,0,711100,0,15092,0,7546,0,0,0,59043,59043,48210936,0,4096,0,0,0,7546,0,2046634193,0,2046634201,0,0,0,0,0,0,0,0,0,4096,256,131072,4,15|4,0,67108864,262144,256,0,0,0,0,900,0,888,0,225,222,0,1,900,0|302,2769106455,9,0,0,58195968,0,58195968,0,177916,0,0,222,0,0,0,0,0,0,0,7301065,0,0,0,0,0
1785936962018|1011|stream64_r2f_01|rotating|260,1378943233,33556360,62767807,61903371,62055669,61903371,62055669,61903371,59355,59130,59128,59128,0,0,7557,0,1825166088,1821543312,4096,4096,0,0,59128,59128,2033316354,2033316687,2033316362,2033316695,0,0,0,0,0,0,0,0,4096,256,131072,4,15|4,0,67108864,262144,256,0,0,0,0,900,0,888,0,225,222,0,1,900,0|302,2080201327,9,58322432,0,0,0,0,0,61947824,0,222,0,3197145126,0,3197145126,0,2080,3174881513,0,35499781,0,0,0,0,0
1785936967028|1011|stream64_r2f_01|fixed|262,1378943233,16781056,68958629,68008428,782342,0,782342,0,16604,0,8302,0,0,0,64958,64958,53040992,0,4096,0,0,0,8302,0,2366976558,0,2366976566,0,0,0,0,0,0,0,0,0,4096,256,131072,4,15|4,0,67108864,262144,256,0,0,0,0,988,0,976,0,247,244,0,1,988,0|304,3089643399,9,0,0,63963136,0,63963136,0,195727,0,0,244,0,0,0,0,0,0,0,7346100,0,0,0,0,0
1785936967028|1011|stream64_r2f_01|rotating|262,1378943233,33554687,69036362,68085160,68253077,68085160,68253077,68085160,65282,65035,65032,65032,0,0,8312,0,2007412189,2003430624,4096,4096,0,0,65033,65033,2353231629,2353231618,2353231637,2353231626,0,0,0,0,0,0,0,0,4096,256,131072,4,15|4,0,67108864,262144,256,0,0,0,0,988,0,976,0,247,244,0,1,988,0|304,2400142299,9,64144928,0,0,0,0,0,68129904,0,244,0,3515630474,0,3515630474,0,2080,3491683248,0,38332761,0,0,0,0,0
1785936975466|1012|stream64_r2f_02|fixed|266,1378943233,16781056,6141230,6058115,69549,0,69549,0,1476,0,738,0,0,0,5785,5785,4715016,0,4096,0,0,0,738,0,2907051017,0,2907051033,0,0,0,0,0,0,0,0,0,4096,256,131072,4,15|4,0,67108864,262144,256,0,0,0,0,96,0,84,0,24,21,0,1,96,0|312,3629735060,9,0,0,5505024,0,5505024,0,17528,0,0,21,0,0,0,0,0,0,0,6893208,0,0,0,0,0
1785936975466|1012|stream64_r2f_02|rotating|266,1378943233,33554687,6212651,6127896,6142163,6127896,6142163,6127896,5876,5853,5852,5852,0,0,748,0,180643856,180283632,4096,4096,0,0,5853,5853,2893111752,2893111757,2893111744,2893111741,0,0,0,0,0,0,0,0,4096,256,131072,4,15|4,0,67108864,262144,256,0,0,0,0,100,0,88,0,25,22,0,1,100,0|312,2939271973,9,5806688,0,0,0,0,0,6164321,0,22,0,322747502,0,322747502,0,2080,315872528,0,9751704,0,0,0,0,0
1785936980486|1012|stream64_r2f_02|fixed|268,1378943233,16781056,12431799,12261064,141071,0,141071,0,2994,0,1497,0,0,0,11712,11712,9564232,0,4096,0,0,0,1497,0,3228681811,0,3228681819,0,0,0,0,0,0,0,0,0,4096,256,131072,4,15|4,0,67108864,262144,256,0,0,0,0,188,0,176,0,47,44,0,1,188,0|314,3951648958,9,0,0,11534336,0,11534336,0,35432,0,0,44,0,0,0,0,0,0,0,6942713,0,0,0,0,0
1785936980486|1012|stream64_r2f_02|rotating|268,1378943233,33554687,12520532,12348761,12378517,12348761,12378517,12348761,11842,11798,11796,11796,0,0,1507,0,364137260,363417215,4096,4096,0,0,11797,11797,3215174814,3215174795,3215174822,3215174803,0,0,0,0,0,0,0,0,4096,256,131072,4,15|4,0,67108864,262144,256,0,0,0,0,188,0,176,0,47,44,0,1,188,0|314,3262001819,9,11676608,0,0,0,0,0,12397328,0,44,0,644009868,0,644009868,0,2080,635461669,0,12584478,0,0,0,0,0
1785936985496|1012|stream64_r2f_02|fixed|270,1378943233,16781056,18715522,18457916,212314,0,212314,0,4506,0,2253,0,0,0,17633,17633,14394312,0,4096,0,0,0,2253,0,3549243428,0,3549243436,0,0,0,0,0,0,0,0,0,4096,256,131072,4,15|4,0,67108864,262144,256,0,0,0,0,276,0,264,0,69,66,0,1,276,0|316,4271773896,9,0,0,17301504,0,17301504,0,53220,0,0,66,0,0,0,0,0,0,0,6988016,0,0,0,0,0
1785936985496|1012|stream64_r2f_02|rotating|270,1378943233,33558272,18782213,18523810,18569145,18523810,18569145,18523810,17763,17697,17696,17696,0,0,2261,0,546241584,545161392,4096,4096,0,0,17696,17696,3534834864,3534835189,3534834872,3534835197,0,0,0,0,0,0,0,0,4096,256,131072,4,15|4,0,67108864,262144,256,0,0,0,0,276,0,264,0,69,66,0,1,276,0|316,3581084553,9,17483296,0,0,0,0,0,18560814,0,66,0,961640930,0,961640930,0,2080,951384525,0,15438657,0,0,0,0,0
1785936990499|1012|stream64_r2f_02|fixed|272,1378943233,16781056,24988810,24643761,283461,0,283461,0,6016,0,3008,0,0,0,23542,23542,19217944,0,4096,0,0,0,3008,0,3869387603,0,3869387611,0,0,0,0,0,0,0,0,0,4096,256,131072,4,15|4,0,67108864,262144,256,0,0,0,0,364,0,352,0,91,88,0,1,364,0|318,297045982,10,0,0,23068672,0,23068672,0,71007,0,0,88,0,0,0,0,0,0,0,7034571,0,0,0,0,0
1785936990499|1012|stream64_r2f_02|rotating|272,1378943233,33557555,25055669,24709878,24771452,24709878,24771452,24709878,23694,23606,23605,23605,0,0,3016,0,728640838,727201433,4096,4096,0,0,23606,23606,3855051383,3855051396,3855051391,3855051404,0,0,0,0,0,0,0,0,4096,256,131072,4,15|4,0,67108864,262144,256,0,0,0,0,364,0,352,0,91,88,0,1,364,0|318,3902760479,9,23329504,0,0,0,0,0,24775126,0,88,0,1281855304,0,1281855304,0,2080,1269886834,0,18305180,0,0,0,0,0
1785936995502|1012|stream64_r2f_02|fixed|274,1378943233,16781056,31259826,30829269,354612,0,354612,0,7526,0,3763,0,0,0,29448,29448,24041576,0,4096,0,0,0,3763,0,4189531744,0,4189531752,0,0,0,0,0,0,0,0,0,4096,256,131072,4,15|4,0,67108864,262144,256,0,0,0,0,452,0,440,0,113,110,0,1,452,0|320,617289082,10,0,0,28835840,0,28835840,0,88793,0,0,110,0,0,0,0,0,0,0,7079944,0,0,0,0,0
1785936995502|1012|stream64_r2f_02|rotating|274,1378943233,33554687,31366486,30933983,31010653,30933983,31010653,30933983,29661,29551,29548,29548,0,0,3776,0,912115491,910301054,4096,4096,0,0,29549,29549,4177232835,4177232800,4177232843,4177232808,0,0,0,0,0,0,0,0,4096,256,131072,4,15|4,0,67108864,262144,256,0,0,0,0,456,0,444,0,114,111,0,1,456,0|320,4223242154,9,29153312,0,0,0,0,0,30964354,0,111,0,1600881027,0,1600881027,0,2080,1587062826,0,21299981,0,0,0,0,0
1785937000530|1012|stream64_r2f_02|fixed|276,1378943233,16781056,37562109,37044381,426132,0,426132,0,9044,0,4522,0,0,0,35385,35385,28890792,0,4096,0,0,0,4522,0,216094490,0,216094498,0,0,0,0,0,0,0,0,0,4096,256,131072,4,15|4,0,67108864,262144,256,0,0,0,0,544,0,532,0,136,133,0,1,544,0|322,938995779,10,0,0,34865152,0,34865152,0,106675,0,0,133,0,0,0,0,0,0,0,7129288,0,0,0,0,0
1785937000530|1012|stream64_r2f_02|rotating|276,1378943233,33554687,37637418,37118824,37210436,37118824,37210436,37118824,35591,35459,35456,35456,0,0,4531,0,1094461049,1092287412,4096,4096,0,0,35457,35457,202371354,202371351,202371362,202371359,0,0,0,0,0,0,0,0,4096,256,131072,4,15|4,0,67108864,262144,256,0,0,0,0,544,0,532,0,136,133,0,1,544,0|322,248576136,10,34983712,0,0,0,0,0,37152154,0,133,0,1919724705,0,1919724705,0,2080,1904200432,0,24157117,0,0,0,0,0
1785937005539|1012|stream64_r2f_02|fixed|278,1378943233,16781056,43864438,43260430,497659,0,497659,0,10562,0,5281,0,0,0,41322,41322,33740032,0,4096,0,0,0,5281,0,538079738,0,538079746,0,0,0,0,0,0,0,0,0,4096,256,131072,4,15|4,0,67108864,262144,256,0,0,0,0,632,0,620,0,158,155,0,1,632,0|324,1260656604,10,0,0,40632320,0,40632320,0,124556,0,0,155,0,0,0,0,0,0,0,7177890,0,0,0,0,0
1785937005539|1012|stream64_r2f_02|rotating|278,1378943233,33558272,43947183,43342350,43448581,43342350,43448581,43342350,41556,41402,41400,41400,0,0,5291,0,1277936920,1275404256,4096,4096,0,0,41400,41400,524423730,524424063,524423738,524424071,0,0,0,0,0,0,0,0,4096,256,131072,4,15|4,0,67108864,262144,256,0,0,0,0,632,0,620,0,158,155,0,1,632,0|324,571980785,10,40861536,0,0,0,0,0,43401138,0,155,0,2241659898,0,2241659898,0,2080,2224433363,0,27020625,0,0,0,0,0
1785937010553|1012|stream64_r2f_02|fixed|280,1378943233,16781056,50130081,49440698,568712,0,568712,0,12070,0,6035,0,0,0,47224,47224,38557280,0,4096,0,0,0,6035,0,857803958,0,857803966,0,0,0,0,0,0,0,0,0,4096,256,131072,4,15|4,0,67108864,262144,256,0,0,0,0,720,0,708,0,180,177,0,1,720,0|326,1581103792,10,0,0,46399488,0,46399488,0,142366,0,0,177,0,0,0,0,0,0,0,7222137,0,0,0,0,0
1785937010553|1012|stream64_r2f_02|rotating|280,1378943233,33554687,50225469,49534994,49655721,49534994,49655721,49534994,47492,47316,47313,47313,0,0,6046,0,1460481551,1457590002,4096,4096,0,0,47314,47314,844894466,844894471,844894474,844894479,0,0,0,0,0,0,0,0,4096,256,131072,4,15|4,0,67108864,262144,256,0,0,0,0,724,0,712,0,181,178,0,1,724,0|326,891842683,10,46677440,0,0,0,0,0,49578104,0,178,0,2560067820,0,2560067820,0,2080,2540976909,0,30028374,0,0,0,0,0
1785937015554|1012|stream64_r2f_02|fixed|282,1378943233,16781056,56400408,55624129,639861,0,639861,0,13580,0,6790,0,0,0,53130,53130,43380888,0,4096,0,0,0,6790,0,1177938971,0,1177938987,0,0,0,0,0,0,0,0,0,4096,256,131072,4,15|4,0,67108864,262144,256,0,0,0,0,808,0,796,0,202,199,0,1,808,0|328,1900561491,10,0,0,52166656,0,52166656,0,160106,0,0,199,0,0,0,0,0,0,0,7266754,0,0,0,0,0
1785937015554|1012|stream64_r2f_02|rotating|282,1378943233,33554687,56487180,55709310,55846285,55709310,55846285,55709310,53414,53215,53212,53212,0,0,6801,0,1642568252,1639301431,4096,4096,0,0,53213,53213,1164665414,1164665395,1164665422,1164665403,0,0,0,0,0,0,0,0,4096,256,131072,4,15|4,0,67108864,262144,256,0,0,0,0,812,0,800,0,203,200,0,1,812,0|328,1211718417,10,52499936,0,0,0,0,0,55757797,0,200,0,2878487930,0,2878487930,0,2080,2857692111,0,32882649,0,0,0,0,0
1785937020562|1012|stream64_r2f_02|fixed|284,1378943233,16781056,62680613,61816983,711100,0,711100,0,15092,0,7546,0,0,0,59046,59046,48210936,0,4096,0,0,0,7546,0,1498510198,0,1498510206,0,0,0,0,0,0,0,0,0,4096,256,131072,4,15|4,0,67108864,262144,256,0,0,0,0,900,0,888,0,225,222,0,1,900,0|330,2221238807,10,0,0,58195968,0,58195968,0,177940,0,0,222,0,0,0,0,0,0,0,7318221,0,0,0,0,0
1785937020562|1012|stream64_r2f_02|rotating|284,1378943233,33554687,62775854,61910436,62063622,61910436,62063622,61910436,59359,59138,59135,59135,0,0,7558,0,1825401577,1821775740,4096,4096,0,0,59136,59136,1485617433,1485617414,1485617441,1485617422,0,0,0,0,0,0,0,0,4096,256,131072,4,15|4,0,67108864,262144,256,0,0,0,0,900,0,888,0,225,222,0,1,900,0|330,1532343950,10,58330336,0,0,0,0,0,61952801,0,222,0,3197655863,0,3197655863,0,2080,3175144180,0,35749577,0,0,0,0,0
1785937025567|1012|stream64_r2f_02|fixed|286,1378943233,16781056,68952654,68002286,782342,0,782342,0,16604,0,8302,0,0,0,64955,64955,53040992,0,4096,0,0,0,8302,0,1818895181,0,1818895189,0,0,0,0,0,0,0,0,0,4096,256,131072,4,15|4,0,67108864,262144,256,0,0,0,0,988,0,976,0,247,244,0,1,988,0|332,2541250565,10,0,0,63963136,0,63963136,0,195727,0,0,244,0,0,0,0,0,0,0,7357036,0,0,0,0,0
1785937025567|1012|stream64_r2f_02|rotating|286,1378943233,33558272,69044974,68093445,68261594,68093445,68261594,68093445,65288,65045,65042,65042,0,0,8313,0,2007718888,2003733312,4096,4096,0,0,65042,65042,1805669353,1805669686,1805669361,1805669694,0,0,0,0,0,0,0,0,4096,256,131072,4,15|4,0,67108864,262144,256,0,0,0,0,988,0,976,0,247,244,0,1,988,0|332,1851858099,10,64137024,0,0,0,0,0,68124715,0,244,0,3515718340,0,3515718340,0,2080,3491479422,0,38622785,0,0,0,0,0
1785937033947|1013|stream64_r2f_03|fixed|290,1378943233,16781056,6148203,6062118,69737,0,69737,0,1480,0,740,0,0,0,5795,5795,4727776,0,4096,0,0,0,740,0,2355461886,0,2355461894,0,0,0,0,0,0,0,0,0,4096,256,131072,4,15|5,0,67108864,262144,256,0,0,0,0,100,0,88,0,25,22,0,1,100,0|340,3078961866,10,0,0,5767168,0,5767168,0,17645,0,0,22,0,0,0,0,0,0,0,6897882,0,0,0,0,0
1785937033947|1013|stream64_r2f_03|rotating|290,1378943233,33554687,6235133,6147191,6164362,6147191,6164362,6147191,5901,5878,5877,5877,0,0,751,0,181415062,181054472,4096,4096,0,0,5878,5878,2342007408,2342007437,2342007424,2342007405,0,0,0,0,0,0,0,0,4096,256,131072,4,15|4,0,67108864,262144,256,0,0,0,0,100,0,88,0,25,22,0,1,100,0|340,2388210597,10,5830400,0,0,0,0,0,6185472,0,22,0,324128057,0,324128057,0,2080,317256965,0,9752944,0,0,0,0,0
1785937038951|1013|stream64_r2f_03|fixed|292,1378943233,16781056,12413125,12239865,140976,0,140976,0,2992,0,1496,0,0,0,11704,11704,9557856,0,4096,0,0,0,1496,0,2675678987,0,2675678995,0,0,0,0,0,0,0,0,0,4096,256,131072,4,15|4,0,67108864,262144,256,0,0,0,0,188,0,176,0,47,44,0,1,188,0|342,3397984780,10,0,0,11534336,0,11534336,0,35362,0,0,44,0,0,0,0,0,0,0,6940453,0,0,0,0,0
1785937038951|1013|stream64_r2f_03|rotating|292,1378943233,33554687,12492596,12318415,12350770,12318415,12350770,12318415,11825,11780,11779,11779,0,0,1505,0,363608814,362889473,4096,4096,0,0,11780,11780,2661810200,2661810197,2661810208,2661810205,0,0,0,0,0,0,0,0,4096,256,131072,4,15|4,0,67108864,262144,256,0,0,0,0,188,0,176,0,47,44,0,1,188,0|342,2708570318,10,11660800,0,0,0,0,0,12366472,0,44,0,643030178,0,643030178,0,2080,634476625,0,12586469,0,0,0,0,0
1785937043957|1013|stream64_r2f_03|fixed|294,1378943233,16781056,18681356,18420503,212124,0,212124,0,4502,0,2251,0,0,0,17615,17615,14381512,0,4096,0,0,0,2251,0,2995917726,0,2995917734,0,0,0,0,0,0,0,0,0,4096,256,131072,4,15|4,0,67108864,262144,256,0,0,0,0,276,0,264,0,69,66,0,1,276,0|344,3717485213,10,0,0,17301504,0,17301504,0,53125,0,0,66,0,0,0,0,0,0,0,6984955,0,0,0,0,0
1785937043957|1013|stream64_r2f_03|rotating|294,1378943233,33554687,18744031,18482473,18531246,18482473,18531246,18482473,17742,17675,17674,17674,0,0,2258,0,545564416,544484873,4096,4096,0,0,17675,17675,2981210131,2981210112,2981210115,2981210120,0,0,0,0,0,0,0,0,4096,256,131072,4,15|4,0,67108864,262144,256,0,0,0,0,276,0,264,0,69,66,0,1,276,0|344,3027990158,10,17467488,0,0,0,0,0,18530740,0,66,0,960998346,0,960998346,0,2080,950755585,0,15421650,0,0,0,0,0
1785937048962|1013|stream64_r2f_03|fixed|296,1378943233,16781056,24951164,24604450,283273,0,283273,0,6012,0,3006,0,0,0,23527,23527,19205160,0,4096,0,0,0,3006,0,3316029955,0,3316029963,0,0,0,0,0,0,0,0,0,4096,256,131072,4,15|4,0,67108864,262144,256,0,0,0,0,364,0,352,0,91,88,0,1,364,0|346,4038706586,10,0,0,23068672,0,23068672,0,70960,0,0,88,0,0,0,0,0,0,0,7039887,0,0,0,0,0
1785937048962|1013|stream64_r2f_03|rotating|296,1378943233,33554687,25024932,24677390,24740808,24677390,24740808,24677390,23686,23597,23596,23596,0,0,3015,0,728380471,726941986,4096,4096,0,0,23597,23597,3302094845,3302094874,3302094861,3302094882,0,0,0,0,0,0,0,0,4096,256,131072,4,15|4,0,67108864,262144,256,0,0,0,0,364,0,352,0,91,88,0,1,364,0|346,3348140202,10,23289984,0,0,0,0,0,24710568,0,88,0,1279692766,0,1279692766,0,2080,1267764798,0,18256224,0,0,0,0,0
1785937053975|1013|stream64_r2f_03|fixed|298,1378943233,16781056,31236260,30802262,354612,0,354612,0,7526,0,3763,0,0,0,29452,29451,24041576,0,4096,0,0,0,3763,0,3637002933,0,3637002941,0,0,0,0,0,0,0,0,0,4096,256,131072,4,15|4,0,67108864,262144,256,0,0,0,0,452,0,440,0,113,110,0,1,452,0|348,64659692,11,0,0,28835840,0,28835840,0,88793,0,0,110,0,0,0,0,0,0,0,7085674,0,0,0,0,0
1785937053975|1013|stream64_r2f_03|rotating|298,1378943233,33557555,31329693,30893802,30973954,30893802,30973954,30893802,29653,29540,29540,29540,0,0,3775,0,911841016,910027588,4096,4096,0,0,29541,29541,3624242275,3624242248,3624242243,3624242256,0,0,0,0,0,0,0,0,4096,256,131072,4,15|4,0,67108864,262144,256,0,0,0,0,456,0,444,0,114,111,0,1,456,0|348,3671187512,10,29169120,0,0,0,0,0,30944504,0,111,0,1601270292,0,1601270292,0,2080,1587534995,0,21220502,0,0,0,0,0
1785937058988|1013|stream64_r2f_03|fixed|300,1378943233,16781056,37517634,36997013,425944,0,425944,0,9040,0,4520,0,0,0,35375,35375,28878000,0,4096,0,0,0,4520,0,3957971065,0,3957971073,0,0,0,0,0,0,0,0,0,4096,256,131072,4,15|4,0,67108864,262144,256,0,0,0,0,544,0,532,0,136,133,0,1,544,0|350,386297486,11,0,0,34865152,0,34865152,0,106674,0,0,133,0,0,0,0,0,0,0,7129974,0,0,0,0,0
1785937058988|1013|stream64_r2f_03|rotating|300,1378943233,33554926,37604553,37082329,37177571,37082329,37177571,37082329,35591,35457,35457,35457,0,0,4531,0,1094487176,1092314262,4096,4096,0,0,35457,35457,3944816509,3944816826,3944816517,3944816834,0,0,0,0,0,0,0,0,4096,256,131072,4,15|4,0,67108864,262144,256,0,0,0,0,544,0,532,0,136,133,0,1,544,0|350,3992139019,10,34999520,0,0,0,0,0,37139830,0,133,0,1920764199,0,1920764199,0,2080,1905348456,0,24052012,0,0,0,0,0
1785937064000|1013|stream64_r2f_03|fixed|302,1378943233,16781056,43788996,43182732,497280,0,497280,0,10554,0,5277,0,0,0,41288,41288,33714448,0,4096,0,0,0,5277,0,4278742057,0,4278742065,0,0,0,0,0,0,0,0,0,4096,256,131072,4,15|4,0,67108864,262144,256,0,0,0,0,632,0,620,0,158,155,0,1,632,0|352,706202690,11,0,0,40632320,0,40632320,0,124461,0,0,155,0,0,0,0,0,0,0,7178072,0,0,0,0,0
1785937064000|1013|stream64_r2f_03|rotating|302,1378943233,33554687,43865802,43258663,43367673,43258663,43367673,43258663,41518,41362,41361,41361,0,0,5286,0,1276734032,1274205295,4096,4096,0,0,41362,41362,4264734440,4264734429,4264734416,4264734437,0,0,0,0,0,0,0,0,4096,256,131072,4,15|4,0,67108864,262144,256,0,0,0,0,632,0,620,0,158,155,0,1,632,0|352,17067958,11,40822016,0,0,0,0,0,43315121,0,155,0,2239204810,0,2239204810,0,2080,2222106582,0,26883864,0,0,0,0,0
1785937069002|1013|stream64_r2f_03|fixed|304,1378943233,16781056,50079064,49387128,568712,0,568712,0,12070,0,6035,0,0,0,47219,47219,38557280,0,4096,0,0,0,6035,0,305173974,0,305173982,0,0,0,0,0,0,0,0,0,4096,256,131072,4,15|4,0,67108864,262144,256,0,0,0,0,720,0,708,0,180,177,0,1,720,0|354,1028634375,11,0,0,46399488,0,46399488,0,142366,0,0,177,0,0,0,0,0,0,0,7217259,0,0,0,0,0
1785937069002|1013|stream64_r2f_03|rotating|304,1378943233,33558272,50181024,49487938,49611182,49487938,49611182,49487938,47494,47316,47316,47316,0,0,6047,0,1460547824,1457662552,4096,4096,0,0,47316,47316,292378844,292379177,292378852,292379185,0,0,0,0,0,0,0,0,4096,256,131072,4,15|4,0,67108864,262144,256,0,0,0,0,724,0,712,0,181,178,0,1,724,0|354,340506802,11,46701152,0,0,0,0,0,49556055,0,178,0,2561173870,0,2561173870,0,2080,2542271881,0,29844574,0,0,0,0,0
1785937074010|1013|stream64_r2f_03|fixed|306,1378943233,16781056,56327211,55548999,639673,0,639673,0,13576,0,6788,0,0,0,53117,53117,43368128,0,4096,0,0,0,6788,0,624423010,0,624423018,0,0,0,0,0,0,0,0,0,4096,256,131072,4,15|4,0,67108864,262144,256,0,0,0,0,808,0,796,0,202,199,0,1,808,0|356,1347643051,11,0,0,52166656,0,52166656,0,160106,0,0,199,0,0,0,0,0,0,0,7270778,0,0,0,0,0
1785937074010|1013|stream64_r2f_03|rotating|306,1378943233,33558272,56409877,55630588,55769265,55630588,55769265,55630588,53396,53195,53195,53195,0,0,6798,0,1642021456,1638776048,4096,4096,0,0,53195,53195,610929632,610929957,610929640,610929965,0,0,0,0,0,0,0,0,4096,256,131072,4,15|4,0,67108864,262144,256,0,0,0,0,812,0,800,0,203,200,0,1,812,0|356,658054289,11,52476224,0,0,0,0,0,55678888,0,200,0,2877277589,0,2877277589,0,2080,2856683104,0,32676255,0,0,0,0,0
1785937079065|1013|stream64_r2f_03|fixed|308,1378943233,16781056,62664967,61797720,711761,0,711761,0,15106,0,7553,0,0,0,59097,59097,48255672,0,4096,0,0,0,7553,0,948632435,0,948632443,0,0,0,0,0,0,0,0,0,4096,256,131072,4,15|4,0,67108864,262144,256,0,0,0,0,900,0,888,0,225,222,0,1,900,0|358,1672124152,11,0,0,58195968,0,58195968,0,178128,0,0,222,0,0,0,0,0,0,0,7314662,0,0,0,0,0
1785937079065|1013|stream64_r2f_03|rotating|308,1378943233,33554687,62773363,61904840,62060376,61904840,62060376,61904840,59424,59200,59199,59199,0,0,7566,0,1827378871,1823758800,4096,4096,0,0,59200,59200,936373821,936373866,936373829,936373850,0,0,0,0,0,0,0,0,4096,256,131072,4,15|4,0,67108864,262144,256,0,0,0,0,900,0,888,0,225,222,0,1,900,0|358,983225631,11,58393568,0,0,0,0,0,61951138,0,222,0,3200969595,0,3200969595,0,2080,3178712865,0,35508231,0,0,0,0,0
1785937084083|1013|stream64_r2f_03|fixed|310,1378943233,16781056,68931576,67978468,783002,0,783002,0,16618,0,8309,0,0,0,65010,65010,53085720,0,4096,0,0,0,8309,0,1269173615,0,1269173623,0,0,0,0,0,0,0,0,0,4096,256,131072,4,15|4,0,67108864,262144,256,0,0,0,0,988,0,976,0,247,244,0,1,988,0|360,1991611701,11,0,0,63963136,0,63963136,0,195892,0,0,244,0,0,0,0,0,0,0,7354512,0,0,0,0,0
1785937084083|1013|stream64_r2f_03|rotating|310,1378943233,33554687,69007254,68053296,68223401,68053296,68223401,68053296,65328,65082,65081,65081,0,0,8318,0,2008936458,2004957128,4096,4096,0,0,65082,65082,1255078897,1255078934,1255078905,1255078910,0,0,0,0,0,0,0,0,4096,256,131072,4,15|4,0,67108864,262144,256,0,0,0,0,988,0,976,0,247,244,0,1,988,0|360,1301057875,11,64176544,0,0,0,0,0,68081686,0,244,0,3517356095,0,3517356095,0,2080,3493406466,0,38342012,0,0,0,0,0
1785937092445|1014|stream64_r2f_04|fixed|314,1378943233,16781056,6147914,6061959,69737,0,69737,0,1480,0,740,0,0,0,5795,5795,4727776,0,4096,0,0,0,740,0,1804439934,0,1804439942,0,0,0,0,0,0,0,0,0,4096,256,131072,4,15|4,0,67108864,262144,256,0,0,0,0,96,0,84,0,24,21,0,1,96,0|368,2526881887,11,0,0,5505024,0,5505024,0,17575,0,0,21,0,0,0,0,0,0,0,6892580,0,0,0,0,0
1785937092445|1014|stream64_r2f_04|rotating|314,1378943233,33558272,6219022,6131477,6148439,6131477,6148439,6131477,5885,5862,5862,5862,0,0,749,0,180949160,180588328,4096,4096,0,0,5862,5862,1790157933,1790158282,1790157949,1790158290,0,0,0,0,0,0,0,0,4096,256,131072,4,15|4,0,67108864,262144,256,0,0,0,0,100,0,88,0,25,22,0,1,100,0|368,1836427579,11,5814592,0,0,0,0,0,6170466,0,22,0,323370331,0,323370331,0,2080,316495287,0,9753529,0,0,0,0,0
1785937097459|1014|stream64_r2f_04|fixed|316,1378943233,16781056,12427708,12255441,141071,0,141071,0,2994,0,1497,0,0,0,11719,11719,9564232,0,4096,0,0,0,1497,0,2125210786,0,2125210794,0,0,0,0,0,0,0,0,0,4096,256,131072,4,15|4,0,67108864,262144,256,0,0,0,0,188,0,176,0,47,44,0,1,188,0|370,2847914872,11,0,0,11534336,0,11534336,0,35409,0,0,44,0,0,0,0,0,0,0,6946493,0,0,0,0,0
1785937097459|1014|stream64_r2f_04|rotating|316,1378943233,33554687,12494491,12321465,12352665,12321465,12352665,12321465,11827,11782,11782,11782,0,0,1505,0,363688596,362966967,4096,4096,0,0,11782,11782,2110912119,2110912452,2110912127,2110912460,0,0,0,0,0,0,0,0,4096,256,131072,4,15|4,0,67108864,262144,256,0,0,0,0,188,0,176,0,47,44,0,1,188,0|370,2157099371,11,11652896,0,0,0,0,0,12357783,0,44,0,642582547,0,642582547,0,2080,634028533,0,12585260,0,0,0,0,0
1785937102471|1014|stream64_r2f_04|fixed|318,1378943233,16781056,18705885,18446214,212408,0,212408,0,4508,0,2254,0,0,0,17639,17639,14400704,0,4096,0,0,0,2254,0,2446177625,0,2446177633,0,0,0,0,0,0,0,0,0,4096,256,131072,4,15|4,0,67108864,262144,256,0,0,0,0,276,0,264,0,69,66,0,1,276,0|372,3168618401,11,0,0,17301504,0,17301504,0,53243,0,0,66,0,0,0,0,0,0,0,6988154,0,0,0,0,0
1785937102471|1014|stream64_r2f_04|rotating|318,1378943233,33554687,18773295,18512871,18560132,18512871,18560132,18512871,17770,17703,17702,17702,0,0,2262,0,546439480,545360378,4096,4096,0,0,17703,17703,2431698599,2431698564,2431698559,2431698572,0,0,0,0,0,0,0,0,4096,256,131072,4,15|4,0,67108864,262144,256,0,0,0,0,276,0,264,0,69,66,0,1,276,0|372,2478568946,11,17499104,0,0,0,0,0,18562054,0,66,0,962590570,0,962590570,0,2080,952361383,0,15414891,0,0,0,0,0
1785937107481|1014|stream64_r2f_04|fixed|320,1378943233,16781056,24982042,24636363,283651,0,283651,0,6020,0,3010,0,0,0,23557,23557,19230736,0,4096,0,0,0,3010,0,2766717065,0,2766717073,0,0,0,0,0,0,0,0,0,4096,256,131072,4,15|4,0,67108864,262144,256,0,0,0,0,364,0,352,0,91,88,0,1,364,0|374,3490418365,11,0,0,23068672,0,23068672,0,71124,0,0,88,0,0,0,0,0,0,0,7029860,0,0,0,0,0
1785937107481|1014|stream64_r2f_04|rotating|320,1378943233,33554687,25096132,24749041,24811164,24749041,24811164,24749041,23754,23665,23664,23664,0,0,3024,0,730478276,729039911,4096,4096,0,0,23665,23665,2754714223,2754714188,2754714231,2754714204,0,0,0,0,0,0,0,0,4096,256,131072,4,15|4,0,67108864,262144,256,0,0,0,0,368,0,356,0,92,89,0,1,368,0|374,2801582579,11,23370336,0,0,0,0,0,24794742,0,89,0,1284136395,0,1284136395,0,2080,1272101999,0,18375352,0,0,0,0,0
1785937112495|1014|stream64_r2f_04|fixed|322,1378943233,16781056,31261405,30829022,354986,0,354986,0,7534,0,3767,0,0,0,29476,29476,24067096,0,4096,0,0,0,3767,0,3087687226,0,3087687234,0,0,0,0,0,0,0,0,0,4096,256,131072,4,15|4,0,67108864,262144,256,0,0,0,0,452,0,440,0,113,110,0,1,452,0|376,3810007427,11,0,0,28835840,0,28835840,0,88864,0,0,110,0,0,0,0,0,0,0,7067480,0,0,0,0,0
1785937112495|1014|stream64_r2f_04|rotating|322,1378943233,33554687,31348262,30914114,30992240,30914114,30992240,30914114,29671,29559,29558,29558,0,0,3778,0,912414795,910600024,4096,4096,0,0,29559,29559,3074196635,3074196656,3074196643,3074196648,0,0,0,0,0,0,0,0,4096,256,131072,4,15|4,0,67108864,262144,256,0,0,0,0,456,0,444,0,114,111,0,1,456,0|376,3120371709,11,29169120,0,0,0,0,0,30948592,0,111,0,1601475829,0,1601475829,0,2080,1587752030,0,21209031,0,0,0,0,0
1785937117526|1014|stream64_r2f_04|fixed|324,1378943233,16781056,37561204,37041312,426510,0,426510,0,9052,0,4526,0,0,0,35417,35417,28916336,0,4096,0,0,0,4526,0,3409319844,0,3409319852,0,0,0,0,0,0,0,0,0,4096,256,131072,4,15|4,0,67108864,262144,256,0,0,0,0,544,0,532,0,136,133,0,1,544,0|378,4132004989,11,0,0,34865152,0,34865152,0,106769,0,0,133,0,0,0,0,0,0,0,7101721,0,0,0,0,0
1785937117526|1014|stream64_r2f_04|rotating|324,1378943233,33558272,37635148,37114374,37207790,37114374,37207790,37114374,35622,35487,35487,35487,0,0,4535,0,1095415824,1093241312,4096,4096,0,0,35487,35487,3395397635,3395397968,3395397643,3395397976,0,0,0,0,0,0,0,0,4096,256,131072,4,15|4,0,67108864,262144,256,0,0,0,0,544,0,532,0,136,133,0,1,544,0|378,3444157467,11,35062752,0,0,0,0,0,37199067,0,133,0,1923788179,0,1923788179,0,2080,1908395173,0,24042878,0,0,0,0,0
1785937122556|1014|stream64_r2f_04|fixed|326,1378943233,16781056,43863982,43257147,498129,0,498129,0,10572,0,5286,0,0,0,41360,41360,33771952,0,4096,0,0,0,5286,0,3731576866,0,3731576874,0,0,0,0,0,0,0,0,0,4096,256,131072,4,15|4,0,67108864,262144,256,0,0,0,0,632,0,620,0,158,155,0,1,632,0|380,160154845,12,0,0,40632320,0,40632320,0,124721,0,0,155,0,0,0,0,0,0,0,7150268,0,0,0,0,0
1785937122556|1014|stream64_r2f_04|rotating|326,1378943233,33558272,43952911,43345283,43453838,43345283,43453838,43345283,41601,41444,41444,41444,0,0,5296,0,1279296856,1276761688,4096,4096,0,0,41444,41444,3718138228,3718138585,3718138236,3718138593,0,0,0,0,0,0,0,0,4096,256,131072,4,15|4,0,67108864,262144,256,0,0,0,0,632,0,620,0,158,155,0,1,632,0|380,3764304439,11,40885248,0,0,0,0,0,43379073,0,155,0,2242479527,0,2242479527,0,2048,2225405377,0,26873389,0,0,0,0,0
1785937127565|1014|stream64_r2f_04|fixed|328,1378943233,16781056,50139345,49447603,569373,0,569373,0,12084,0,6042,0,0,0,47277,47277,38601960,0,4096,0,0,0,6042,0,4052115825,0,4052115841,0,0,0,0,0,0,0,0,0,4096,256,131072,4,15|4,0,67108864,262144,256,0,0,0,0,720,0,708,0,180,177,0,1,720,0|382,479656549,12,0,0,46399488,0,46399488,0,142484,0,0,177,0,0,0,0,0,0,0,7188625,0,0,0,0,0
1785937127565|1014|stream64_r2f_04|rotating|328,1378943233,33558033,50214261,49521206,49644043,49521206,49644043,49521206,47527,47348,47347,47348,0,0,6051,0,1461533732,1458631864,4096,4096,0,0,47348,47348,4038026843,4038011256,4038026851,4038011264,0,0,0,0,0,0,0,0,4096,256,131072,4,15|4,0,67108864,262144,256,0,0,0,0,724,0,712,0,181,178,0,1,724,0|382,4084561650,11,46701152,0,0,0,0,0,49558845,0,178,0,2561282762,0,2561282762,0,2080,2542392053,0,29833321,0,0,0,0,0
1785937132566|1014|stream64_r2f_04|fixed|330,1378943233,16781056,56408157,55629067,640517,0,640517,0,13594,0,6797,0,0,0,53188,53187,43425616,0,4096,0,0,0,6797,0,77261880,0,77261888,0,0,0,0,0,0,0,0,0,4096,256,131072,4,15|4,0,67108864,262144,256,0,0,0,0,812,0,800,0,203,200,0,1,812,0|384,799909322,12,0,0,52428800,0,52428800,0,160294,0,0,200,0,0,0,0,0,0,0,7229983,0,0,0,0,0
1785937132566|1014|stream64_r2f_04|rotating|330,1378943233,33558272,56471970,55691403,55830604,55691403,55830604,55691403,53450,53248,53248,53248,0,0,6806,0,1643663816,1640394128,4096,4096,0,0,53248,53248,62873376,62873701,62873384,62873709,0,0,0,0,0,0,0,0,4096,256,131072,4,15|4,0,67108864,262144,256,0,0,0,0,812,0,800,0,203,200,0,1,812,0|384,109101892,12,52515744,0,0,0,0,0,55725411,0,200,0,2879336652,0,2879336652,0,2080,2858757190,0,32669744,0,0,0,0,0
1785937137573|1014|stream64_r2f_04|fixed|332,1378943233,16781056,62678912,61811761,711761,0,711761,0,15106,0,7553,0,0,0,59099,59099,48255672,0,4096,0,0,0,7553,0,397603903,0,397603911,0,0,0,0,0,0,0,0,0,4096,256,131072,4,15|4,0,67108864,262144,256,0,0,0,0,900,0,888,0,225,222,0,1,900,0|386,1120298516,12,0,0,58195968,0,58195968,0,178081,0,0,222,0,0,0,0,0,0,0,7271145,0,0,0,0,0
1785937137573|1014|stream64_r2f_04|rotating|332,1378943233,33554687,62745672,61877691,62033158,61877691,62033158,61877691,59387,59163,59162,59162,0,0,7561,0,1826232613,1822603752,4096,4096,0,0,59163,59163,383346358,383346371,383346366,383346339,0,0,0,0,0,0,0,0,4096,256,131072,4,15|4,0,67108864,262144,256,0,0,0,0,900,0,888,0,225,222,0,1,900,0|386,430102984,12,58354048,0,0,0,0,0,61922409,0,222,0,3198878168,0,3198878168,0,2080,3176618888,0,35502323,0,0,0,0,0
1785937142574|1014|stream64_r2f_04|fixed|334,1378943233,16781056,68944927,67991742,782909,0,782909,0,16616,0,8308,0,0,0,65007,65007,53079344,0,4096,0,0,0,8308,0,717713146,0,717713154,0,0,0,0,0,0,0,0,0,4096,256,131072,4,15|4,0,67108864,262144,256,0,0,0,0,988,0,976,0,247,244,0,1,988,0|388,1440427938,12,0,0,63963136,0,63963136,0,195868,0,0,244,0,0,0,0,0,0,0,7315831,0,0,0,0,0
1785937142574|1014|stream64_r2f_04|rotating|334,1378943233,33554687,69012996,68059067,68229332,68059067,68229332,68059067,65318,65072,65071,65071,0,0,8316,0,2008625183,2004636690,4096,4096,0,0,65072,65072,703499857,703499862,703499865,703499870,0,0,0,0,0,0,0,0,4096,256,131072,4,15|4,0,67108864,262144,256,0,0,0,0,988,0,976,0,247,244,0,1,988,0|388,749795695,12,64168640,0,0,0,0,0,68093773,0,244,0,3517117231,0,3517117231,0,2080,3493174009,0,38333935,0,0,0,0,0
1785937150982|1015|stream64_r2f_05|fixed|338,1378943233,16781056,6147341,6062413,69737,0,69737,0,1480,0,740,0,0,0,5795,5795,4727776,0,4096,0,0,0,740,0,1256014463,0,1256014471,0,0,0,0,0,0,0,0,0,4096,256,131072,4,15|4,0,67108864,262144,256,0,0,0,0,96,0,84,0,24,21,0,1,96,0|396,1978426282,12,0,0,5505024,0,5505024,0,17575,0,0,21,0,0,0,0,0,0,0,6893120,0,0,0,0,0
1785937150982|1015|stream64_r2f_05|rotating|338,1378943233,33554687,6236718,6150083,6165947,6150083,6165947,6150083,5903,5880,5879,5879,0,0,751,0,181480973,181121000,4096,4096,0,0,5880,5880,1242674192,1242674189,1242674200,1242674197,0,0,0,0,0,0,0,0,4096,256,131072,4,15|4,0,67108864,262144,256,0,0,0,0,100,0,88,0,25,22,0,1,100,0|396,1289708127,12,5846208,0,0,0,0,0,6203791,0,22,0,325066914,0,325066914,0,2080,318199291,0,9752893,0,0,0,0,0
1785937156010|1015|stream64_r2f_05|fixed|340,1378943233,16781056,12441373,12269392,141259,0,141259,0,2998,0,1499,0,0,0,11732,11732,9577000,0,4096,0,0,0,1499,0,1577682566,0,1577682574,0,0,0,0,0,0,0,0,0,4096,256,131072,4,15|4,0,67108864,262144,256,0,0,0,0,188,0,176,0,47,44,0,1,188,0|398,2300860756,12,0,0,11534336,0,11534336,0,35480,0,0,44,0,0,0,0,0,0,0,6941313,0,0,0,0,0
1785937156010|1015|stream64_r2f_05|rotating|340,1378943233,33554687,12531314,12358323,12389017,12358323,12389017,12358323,11862,11817,11817,11817,0,0,1510,0,364766679,364047722,4096,4096,0,0,11817,11817,1564405810,1564406127,1564405818,1564406143,0,0,0,0,0,0,0,0,4096,256,131072,4,15|4,0,67108864,262144,256,0,0,0,0,188,0,176,0,47,44,0,1,188,0|398,1610748522,12,11684512,0,0,0,0,0,12397331,0,44,0,644647733,0,644647733,0,2080,636063103,0,12622661,0,0,0,0,0
1785937161014|1015|stream64_r2f_05|fixed|342,1378943233,16781056,18712256,18453003,212503,0,212503,0,4510,0,2255,0,0,0,17645,17645,14407096,0,4096,0,0,0,2255,0,1898259580,0,1898259588,0,0,0,0,0,0,0,0,0,4096,256,131072,4,15|4,0,67108864,262144,256,0,0,0,0,276,0,264,0,69,66,0,1,276,0|400,2620596997,12,0,0,17301504,0,17301504,0,53243,0,0,66,0,0,0,0,0,0,0,6985428,0,0,0,0,0
1785937161014|1015|stream64_r2f_05|rotating|342,1378943233,33554687,18783577,18523651,18570319,18523651,18570319,18523651,17780,17715,17712,17712,0,0,2263,0,546754954,545678541,4096,4096,0,0,17713,17713,1883898776,1883898765,1883898784,1883898773,0,0,0,0,0,0,0,0,4096,256,131072,4,15|4,0,67108864,262144,256,0,0,0,0,276,0,264,0,69,66,0,1,276,0|400,1929986084,12,17491200,0,0,0,0,0,18557518,0,66,0,962433623,0,962433623,0,2080,952125389,0,15492238,0,0,0,0,0
1785937166019|1015|stream64_r2f_05|fixed|344,1378943233,16781056,24976851,24632171,283651,0,283651,0,6020,0,3010,0,0,0,23553,23553,19230736,0,4096,0,0,0,3010,0,2218404020,0,2218404028,0,0,0,0,0,0,0,0,0,4096,256,131072,4,15|4,0,67108864,262144,256,0,0,0,0,364,0,352,0,91,88,0,1,364,0|402,2941818027,12,0,0,23068672,0,23068672,0,71101,0,0,88,0,0,0,0,0,0,0,7025336,0,0,0,0,0
1785937166019|1015|stream64_r2f_05|rotating|344,1378943233,33554926,25068918,24723374,24784326,24723374,24784326,24723374,23729,23642,23640,23640,0,0,3020,0,729721216,728285758,4096,4096,0,0,23640,23640,2205073747,2205074080,2205073755,2205074088,0,0,0,0,0,0,0,0,4096,256,131072,4,15|4,0,67108864,262144,256,0,0,0,0,364,0,352,0,91,88,0,1,364,0|402,2251309805,12,23337160,0,0,0,0,0,24755762,0,89,0,1282295854,0,1282295854,0,2080,1270139149,0,18490480,0,0,0,0,0
1785937171030|1015|stream64_r2f_05|fixed|346,1378943233,16781056,31255348,30823281,354893,0,354893,0,7532,0,3766,0,0,0,29471,29471,24060712,0,4096,0,0,0,3766,0,2538975108,0,2538975116,0,0,0,0,0,0,0,0,0,4096,256,131072,4,15|4,0,67108864,262144,256,0,0,0,0,452,0,440,0,113,110,0,1,452,0|404,3261553809,12,0,0,28835840,0,28835840,0,88864,0,0,110,0,0,0,0,0,0,0,7069268,0,0,0,0,0
1785937171030|1015|stream64_r2f_05|rotating|346,1378943233,33558272,31329014,30895320,30973275,30895320,30973275,30895320,29653,29543,29541,29541,0,0,3775,0,911874344,910062448,4096,4096,0,0,29541,29541,2524965727,2524966076,2524965735,2524966084,0,0,0,0,0,0,0,0,4096,256,131072,4,15|4,0,67108864,262144,256,0,0,0,0,456,0,444,0,114,111,0,1,456,0|404,2571866054,12,29161772,0,0,0,0,0,30943907,0,111,0,1601395950,0,1601395950,0,2080,1587525259,0,21354083,0,0,0,0,0
1785937176039|1015|stream64_r2f_05|fixed|348,1378943233,16781056,37527305,37007342,426132,0,426132,0,9044,0,4522,0,0,0,35385,35385,28890792,0,4096,0,0,0,4522,0,2859228936,0,2859228944,0,0,0,0,0,0,0,0,0,4096,256,131072,4,15|4,0,67108864,262144,256,0,0,0,0,544,0,532,0,136,133,0,1,544,0|406,3582077740,12,0,0,34865152,0,34865152,0,106674,0,0,133,0,0,0,0,0,0,0,7117772,0,0,0,0,0
1785937176039|1015|stream64_r2f_05|rotating|348,1378943233,33554687,37618555,37097574,37191384,37097574,37191384,37097574,35606,35474,35471,35471,0,0,4533,0,1094932904,1092761715,4096,4096,0,0,35472,35472,2846328127,2846328148,2846328135,2846328156,0,0,0,0,0,0,0,0,4096,256,131072,4,15|4,0,67108864,262144,256,0,0,0,0,544,0,532,0,136,133,0,1,544,0|406,2893085233,12,35007424,0,0,0,0,0,37143577,0,133,0,1921153716,0,1921153716,0,2080,1905567425,0,24224281,0,0,0,0,0
1785937181040|1015|stream64_r2f_05|fixed|350,1378943233,16781056,43791439,43186069,497280,0,497280,0,10554,0,5277,0,0,0,41292,41292,33714448,0,4096,0,0,0,5277,0,3179501358,0,3179501366,0,0,0,0,0,0,0,0,0,4096,256,131072,4,15|4,0,67108864,262144,256,0,0,0,0,632,0,620,0,158,155,0,1,632,0|408,3902218257,12,0,0,40632320,0,40632320,0,124461,0,0,155,0,0,0,0,0,0,0,7163391,0,0,0,0,0
1785937181040|1015|stream64_r2f_05|rotating|350,1378943233,33554687,43866728,43260552,43368599,43260552,43368599,43260552,41519,41365,41363,41363,0,0,5286,0,1276794716,1274264511,4096,4096,0,0,41363,41363,3165580476,3165580801,3165580484,3165580809,0,0,0,0,0,0,0,0,4096,256,131072,4,15|4,0,67108864,262144,256,0,0,0,0,632,0,620,0,158,155,0,1,632,0|408,3212443759,12,40814112,0,0,0,0,0,43307708,0,155,0,2239060570,0,2239060570,0,2080,2221753585,0,27090948,0,0,0,0,0
1785937186052|1015|stream64_r2f_05|fixed|352,1378943233,16781056,50070264,49379741,568617,0,568617,0,12068,0,6034,0,0,0,47212,47212,38550880,0,4096,0,0,0,6034,0,3500508436,0,3500508444,0,0,0,0,0,0,0,0,0,4096,256,131072,4,15|4,0,67108864,262144,256,0,0,0,0,720,0,708,0,180,177,0,1,720,0|410,4223547079,12,0,0,46399488,0,46399488,0,142320,0,0,177,0,0,0,0,0,0,0,7204977,0,0,0,0,0
1785937186052|1015|stream64_r2f_05|rotating|352,1378943233,33558272,50162476,49471016,49592822,49471016,49592822,49471016,47478,47301,47299,47299,0,0,6045,0,1460027680,1457140504,4096,4096,0,0,47299,47299,3487232280,3487232637,3487232288,3487232645,0,0,0,0,0,0,0,0,4096,256,131072,4,15|4,0,67108864,262144,256,0,0,0,0,720,0,708,0,180,177,0,1,720,0|410,3534049509,12,46661632,0,0,0,0,0,49516035,0,178,0,2559204440,0,2559204440,0,2080,2540182096,0,29960814,0,0,0,0,0
1785937191052|1015|stream64_r2f_05|fixed|354,1378943233,16781056,56333274,55555902,639673,0,639673,0,13576,0,6788,0,0,0,53117,53117,43368128,0,4096,0,0,0,6788,0,3820232174,0,3820232182,0,0,0,0,0,0,0,0,0,4096,256,131072,4,15|4,0,67108864,262144,256,0,0,0,0,808,0,796,0,202,199,0,1,808,0|412,249142250,13,0,0,52166656,0,52166656,0,160129,0,0,199,0,0,0,0,0,0,0,7250368,0,0,0,0,0
1785937191052|1015|stream64_r2f_05|rotating|354,1378943233,33554687,56422621,55643370,55781821,55643370,55781821,55643370,53404,53205,53201,53201,0,0,6800,0,1642235006,1638972640,4096,4096,0,0,53202,53202,3807241909,3807241922,3807241917,3807241906,0,0,0,0,0,0,0,0,4096,256,131072,4,15|4,0,67108864,262144,256,0,0,0,0,812,0,800,0,203,200,0,1,812,0|412,3854146827,12,52484128,0,0,0,0,0,55690393,0,200,0,2877846134,0,2877846134,0,2080,2856961528,0,32968097,0,0,0,0,0
1785937196058|1015|stream64_r2f_05|fixed|356,1378943233,16781056,62604288,61739242,710912,0,710912,0,15088,0,7544,0,0,0,59029,59029,48198152,0,4096,0,0,0,7544,0,4140818848,0,4140818856,0,0,0,0,0,0,0,0,0,4096,256,131072,4,15|5,0,67108864,262144,256,0,0,0,0,900,0,888,0,225,222,0,1,900,0|414,568526082,13,0,0,58195968,0,58195968,0,177892,0,0,222,0,0,0,0,0,0,0,7294541,0,0,0,0,0
1785937196058|1015|stream64_r2f_05|rotating|356,1378943233,33558272,62676639,61810098,61964878,61810098,61964878,61810098,59322,59101,59098,59098,0,0,7553,0,1824239000,1820617608,4096,4096,0,0,59098,59098,4126753117,4126753482,4126753133,4126753490,0,0,0,0,0,0,0,0,4096,256,131072,4,15|4,0,67108864,262144,256,0,0,0,0,900,0,888,0,225,222,0,1,900,0|414,4173013791,12,58282912,0,0,0,0,0,61844916,0,222,0,3195263402,0,3195263402,0,2080,3172646979,0,35844190,0,0,0,0,0
1785937201065|1015|stream64_r2f_05|fixed|358,1378943233,16781056,68875369,67923058,782154,0,782154,0,16600,0,8300,0,0,0,64942,64942,53028200,0,4096,0,0,0,8300,0,166227005,0,166227013,0,0,0,0,0,0,0,0,0,4096,256,131072,4,15|4,0,67108864,262144,256,0,0,0,0,988,0,976,0,247,244,0,1,988,0|416,888971160,13,0,0,63963136,0,63963136,0,195680,0,0,244,0,0,0,0,0,0,0,7340302,0,0,0,0,0
1785937201065|1015|stream64_r2f_05|rotating|358,1378943233,33554687,68950756,67997555,68167754,67997555,68167754,67997555,65259,65016,65013,65013,0,0,8309,0,2006823695,2002841962,4096,4096,0,0,65013,65013,152306545,152306854,152306553,152306862,0,0,0,0,0,0,0,0,4096,256,131072,4,15|4,0,67108864,262144,256,0,0,0,0,988,0,976,0,247,244,0,1,988,0|416,198260896,13,64105408,0,0,0,0,0,68025885,0,244,0,3514022179,0,3514022179,0,2080,3489688247,0,38711066,0,0,0,0,0
1785937209461|1016|stream64_r2f_06|fixed|362,1378943233,16781056,6149510,6064398,69737,0,69737,0,1480,0,740,0,0,0,5797,5797,4727776,0,4096,0,0,0,740,0,703743593,0,703743601,0,0,0,0,0,0,0,0,0,4096,256,131072,4,15|4,0,67108864,262144,256,0,0,0,0,96,0,84,0,24,21,0,1,96,0|424,1426055578,13,0,0,5505024,0,5505024,0,17551,0,0,21,0,0,0,0,0,0,0,6889286,0,0,0,0,0
1785937209461|1016|stream64_r2f_06|rotating|362,1378943233,33554687,6218500,6131848,6147917,6131848,6147917,6131848,5886,5863,5862,5862,0,0,749,0,180949792,180590714,4096,4096,0,0,5863,5863,689483527,689483508,689483503,689483516,0,0,0,0,0,0,0,0,4096,256,131072,4,15|4,0,67108864,262144,256,0,0,0,0,100,0,88,0,25,22,0,1,100,0|424,735450158,13,5814592,0,0,0,0,0,6165016,0,22,0,323088321,0,323088321,0,2080,316212373,0,9754423,0,0,0,0,0
1785937214464|1016|stream64_r2f_06|fixed|364,1378943233,16781056,12412686,12241019,140976,0,140976,0,2992,0,1496,0,0,0,11705,11705,9557856,0,4096,0,0,0,1496,0,1023958150,0,1023958158,0,0,0,0,0,0,0,0,0,4096,256,131072,4,15|4,0,67108864,262144,256,0,0,0,0,188,0,176,0,47,44,0,1,188,0|426,1746345968,13,0,0,11534336,0,11534336,0,35362,0,0,44,0,0,0,0,0,0,0,6940303,0,0,0,0,0
1785937214464|1016|stream64_r2f_06|rotating|364,1378943233,33554687,12487063,12314644,12345332,12314644,12345332,12314644,11821,11776,11775,11775,0,0,1504,0,363478184,362759304,4096,4096,0,0,11776,11776,1009868807,1009868804,1009868775,1009868796,0,0,0,0,0,0,0,0,4096,256,131072,4,15|4,0,67108864,262144,256,0,0,0,0,188,0,176,0,47,44,0,1,188,0|426,1056056433,13,11644992,0,0,0,0,0,12350662,0,44,0,642236996,0,642236996,0,2080,633681101,0,12585434,0,0,0,0,0
1785937219471|1016|stream64_r2f_06|fixed|366,1378943233,16781056,18686736,18428135,212219,0,212219,0,4504,0,2252,0,0,0,17621,17621,14387912,0,4096,0,0,0,2252,0,1344623626,0,1344623634,0,0,0,0,0,0,0,0,0,4096,256,131072,4,15|4,0,67108864,262144,256,0,0,0,0,276,0,264,0,69,66,0,1,276,0|428,2066957263,13,0,0,17301504,0,17301504,0,53172,0,0,66,0,0,0,0,0,0,0,6986696,0,0,0,0,0
1785937219471|1016|stream64_r2f_06|rotating|366,1378943233,33558272,18755098,18495752,18542125,18495752,18542125,18495752,17753,17686,17686,17686,0,0,2260,0,545930992,544854600,4096,4096,0,0,17686,17686,1330112598,1330112939,1330112614,1330112947,0,0,0,0,0,0,0,0,4096,256,131072,4,15|4,0,67108864,262144,256,0,0,0,0,276,0,264,0,69,66,0,1,276,0|428,1376971325,13,17483296,0,0,0,0,0,18544164,0,66,0,961692312,0,961692312,0,2080,951456328,0,15418284,0,0,0,0,0
1785937224472|1016|stream64_r2f_06|fixed|368,1378943233,16781056,24948225,24603594,283273,0,283273,0,6012,0,3006,0,0,0,23525,23525,19205160,0,4096,0,0,0,3006,0,1664305710,0,1664305718,0,0,0,0,0,0,0,0,0,4096,256,131072,4,15|4,0,67108864,262144,256,0,0,0,0,364,0,352,0,91,88,0,1,364,0|430,2387598877,13,0,0,23068672,0,23068672,0,71007,0,0,88,0,0,0,0,0,0,0,7030865,0,0,0,0,0
1785937224472|1016|stream64_r2f_06|rotating|368,1378943233,33558272,25041735,24696132,24757424,24696132,24757424,24696132,23704,23614,23614,23614,0,0,3017,0,728916432,727482200,4096,4096,0,0,23614,23614,1651299009,1651299350,1651299017,1651299358,0,0,0,0,0,0,0,0,4096,256,131072,4,15|4,0,67108864,262144,256,0,0,0,0,364,0,352,0,91,88,0,1,364,0|430,1698273143,13,23329504,0,0,0,0,0,24746151,0,88,0,1281532578,0,1281532578,0,2080,1269616845,0,18252491,0,0,0,0,0
1785937229492|1016|stream64_r2f_06|fixed|370,1378943233,16781056,31239283,30806993,354705,0,354705,0,7528,0,3764,0,0,0,29456,29456,24047952,0,4096,0,0,0,3764,0,1985707163,0,1985707179,0,0,0,0,0,0,0,0,0,4096,256,131072,4,15|4,0,67108864,262144,256,0,0,0,0,452,0,440,0,113,110,0,1,452,0|432,2708402613,13,0,0,28835840,0,28835840,0,88817,0,0,110,0,0,0,0,0,0,0,7082070,0,0,0,0,0
1785937229492|1016|stream64_r2f_06|rotating|370,1378943233,33558272,31313130,30879208,30957486,30879208,30957486,30879208,29638,29526,29526,29526,0,0,3774,0,911407944,909598352,4096,4096,0,0,29526,29526,1971626154,1971604751,1971626162,1971604759,0,0,0,0,0,0,0,0,4096,256,131072,4,15|4,0,67108864,262144,256,0,0,0,0,456,0,444,0,114,111,0,1,456,0|432,2017718854,13,29129600,0,0,0,0,0,30910105,0,111,0,1599528265,0,1599528265,0,2080,1585789585,0,21215417,0,0,0,0,0
1785937234500|1016|stream64_r2f_06|fixed|372,1378943233,16781056,37515511,36997178,425944,0,425944,0,9040,0,4520,0,0,0,35374,35374,28878000,0,4096,0,0,0,4520,0,2306244931,0,2306244939,0,0,0,0,0,0,0,0,0,4096,256,131072,4,15|4,0,67108864,262144,256,0,0,0,0,544,0,532,0,136,133,0,1,544,0|434,3028985852,13,0,0,34865152,0,34865152,0,106651,0,0,133,0,0,0,0,0,0,0,7124346,0,0,0,0,0
1785937234500|1016|stream64_r2f_06|rotating|372,1378943233,33554687,37579723,37059850,37152931,37059850,37152931,37059850,35571,35436,35435,35435,0,0,4529,0,1093814518,1091644441,4096,4096,0,0,35436,35436,2291938518,2291938539,2291938526,2291938547,0,0,0,0,0,0,0,0,4096,256,131072,4,15|4,0,67108864,262144,256,0,0,0,0,544,0,532,0,136,133,0,1,544,0|434,2338130207,13,34960000,0,0,0,0,0,37094480,0,133,0,1918482018,0,1918482018,0,2080,1903064041,0,24045778,0,0,0,0,0
1785937239556|1016|stream64_r2f_06|fixed|374,1378943233,16781056,43844935,43239846,497941,0,497941,0,10568,0,5284,0,0,0,41343,41343,33759168,0,4096,0,0,0,5284,0,2630023268,0,2630023276,0,0,0,0,0,0,0,0,0,4096,256,131072,4,15|4,0,67108864,262144,256,0,0,0,0,632,0,620,0,158,155,0,1,632,0|436,3352670741,13,0,0,40632320,0,40632320,0,124627,0,0,155,0,0,0,0,0,0,0,7166761,0,0,0,0,0
1785937239556|1016|stream64_r2f_06|rotating|374,1378943233,33554687,43947333,43341131,43448260,43341131,43448260,43341131,41597,41440,41439,41439,0,0,5296,0,1279159432,1276628097,4096,4096,0,0,41440,41440,2617222848,2617222845,2617222808,2617222853,0,0,0,0,0,0,0,0,4096,256,131072,4,15|4,0,67108864,262144,256,0,0,0,0,636,0,624,0,159,156,0,1,636,0|436,2664928785,13,40902368,0,0,0,0,0,43401552,0,156,0,2243795004,0,2243795004,0,2080,2226586893,0,27006437,0,0,0,0,0
1785937244558|1016|stream64_r2f_06|fixed|376,1378943233,16781056,50110859,49420442,569090,0,569090,0,12078,0,6039,0,0,0,47250,47250,38582816,0,4096,0,0,0,6039,0,2950133342,0,2950133350,0,0,0,0,0,0,0,0,0,4096,256,131072,4,15|4,0,67108864,262144,256,0,0,0,0,720,0,708,0,180,177,0,1,720,0|438,3672452899,13,0,0,46399488,0,46399488,0,142390,0,0,177,0,0,0,0,0,0,0,7211973,0,0,0,0,0
1785937244558|1016|stream64_r2f_06|rotating|376,1378943233,33554687,50185362,49494313,49615520,49494313,49615520,49494313,47501,47322,47321,47321,0,0,6047,0,1460713852,1457822199,4096,4096,0,0,47322,47322,2935920263,2935920260,2935920271,2935920268,0,0,0,0,0,0,0,0,4096,256,131072,4,15|4,0,67108864,262144,256,0,0,0,0,724,0,712,0,181,178,0,1,724,0|438,2982235613,13,46677440,0,0,0,0,0,49526635,0,178,0,2559658064,0,2559658064,0,2080,2540757464,0,29838111,0,0,0,0,0
1785937249566|1016|stream64_r2f_06|fixed|378,1378943233,16781056,56388159,55610460,640330,0,640330,0,13590,0,6795,0,0,0,53170,53170,43412832,0,4096,0,0,0,6795,0,3270670225,0,3270670233,0,0,0,0,0,0,0,0,0,4096,256,131072,4,15|5,0,67108864,262144,256,0,0,0,0,812,0,800,0,203,200,0,1,812,0|440,3993107351,13,0,0,52428800,0,52428800,0,160223,0,0,200,0,0,0,0,0,0,0,7257839,0,0,0,0,0
1785937249566|1016|stream64_r2f_06|rotating|378,1378943233,33554687,56465563,55686273,55824290,55686273,55824290,55686273,53445,53243,53242,53242,0,0,6805,0,1643500257,1640233420,4096,4096,0,0,53243,53243,3256872493,3256872466,3256872501,3256872474,0,0,0,0,0,0,0,0,4096,256,131072,4,15|4,0,67108864,262144,256,0,0,0,0,812,0,800,0,203,200,0,1,812,0|440,3303873294,13,52523648,0,0,0,0,0,55735450,0,200,0,2879834193,0,2879834193,0,2080,2859257994,0,32668168,0,0,0,0,0
1785937254574|1016|stream64_r2f_06|fixed|380,1378943233,16781056,62657620,61792351,711571,0,711571,0,15102,0,7551,0,0,0,59080,59080,48242872,0,4096,0,0,0,7551,0,3591019550,0,3591019558,0,0,0,0,0,0,0,0,0,4096,256,131072,4,15|4,0,67108864,262144,256,0,0,0,0,900,0,888,0,225,222,0,1,900,0|442,18552060,14,0,0,58195968,0,58195968,0,178034,0,0,222,0,0,0,0,0,0,0,7299596,0,0,0,0,0
1785937254574|1016|stream64_r2f_06|rotating|380,1378943233,33554687,62733426,61867282,62021005,61867282,62021005,61867282,59378,59153,59152,59152,0,0,7560,0,1825913882,1822286701,4096,4096,0,0,59153,59153,3577073883,3577073904,3577073891,3577073912,0,0,0,0,0,0,0,0,4096,256,131072,4,15|4,0,67108864,262144,256,0,0,0,0,900,0,888,0,225,222,0,1,900,0|442,3623174322,13,58330336,0,0,0,0,0,61899167,0,222,0,3197683549,0,3197683549,0,2080,3175413376,0,35508115,0,0,0,0,0
1785937259581|1016|stream64_r2f_06|fixed|382,1378943233,16781056,68931862,67979775,782815,0,782815,0,16614,0,8307,0,0,0,64994,64994,53072968,0,4096,0,0,0,8307,0,3911593887,0,3911593895,0,0,0,0,0,0,0,0,0,4096,256,131072,4,15|4,0,67108864,262144,256,0,0,0,0,988,0,976,0,247,244,0,1,988,0|444,339107327,14,0,0,63963136,0,63963136,0,195845,0,0,244,0,0,0,0,0,0,0,7341644,0,0,0,0,0
1785937259581|1016|stream64_r2f_06|rotating|382,1378943233,33554687,69006063,68053145,68222399,68053145,68222399,68053145,65312,65065,65064,65064,0,0,8316,0,2008417936,2004431584,4096,4096,0,0,65065,65065,3897450251,3897450256,3897450259,3897450224,0,0,0,0,0,0,0,0,4096,256,131072,4,15|4,0,67108864,262144,256,0,0,0,0,988,0,976,0,247,244,0,1,988,0|444,3943716669,13,64160736,0,0,0,0,0,68087603,0,244,0,3516768296,0,3516768296,0,2080,3492782287,0,38375015,0,0,0,0,0
1785937267974|1017|stream64_r2f_07|fixed|386,1378943233,16781056,6148396,6062703,69643,0,69643,0,1478,0,739,0,0,0,5790,5790,4721392,0,4096,0,0,0,739,0,153727054,0,153727062,0,0,0,0,0,0,0,0,0,4096,256,131072,4,15|4,0,67108864,262144,256,0,0,0,0,96,0,84,0,24,21,0,1,96,0|452,876259211,14,0,0,5505024,0,5505024,0,17551,0,0,21,0,0,0,0,0,0,0,6884550,0,0,0,0,0
1785937267974|1017|stream64_r2f_07|rotating|386,1378943233,33554687,6221142,6133857,6150654,6133857,6150654,6133857,5882,5859,5858,5858,0,0,748,0,180840218,180480813,4096,4096,0,0,5859,5859,139701341,139701322,139701349,139701330,0,0,0,0,0,0,0,0,4096,256,131072,4,15|4,0,67108864,262144,256,0,0,0,0,100,0,88,0,25,22,0,1,100,0|452,185991183,14,5814592,0,0,0,0,0,6173379,0,22,0,323212201,0,323212201,0,2080,316338907,0,9751767,0,0,0,0,0
1785937272984|1017|stream64_r2f_07|fixed|388,1378943233,16781056,12425621,12251856,140976,0,140976,0,2992,0,1496,0,0,0,11705,11705,9557856,0,4096,0,0,0,1496,0,474372038,0,474372046,0,0,0,0,0,0,0,0,0,4096,256,131072,4,15|4,0,67108864,262144,256,0,0,0,0,188,0,176,0,47,44,0,1,188,0|454,1196053587,14,0,0,11534336,0,11534336,0,35338,0,0,44,0,0,0,0,0,0,0,6927013,0,0,0,0,0
1785937272984|1017|stream64_r2f_07|rotating|388,1378943233,33558272,12487769,12313364,12346133,12313364,12346133,12313364,11809,11764,11764,11764,0,0,1503,0,363131016,362412312,4096,4096,0,0,11764,11764,459665653,459666010,459665661,459666018,0,0,0,0,0,0,0,0,4096,256,131072,4,15|4,0,67108864,262144,256,0,0,0,0,188,0,176,0,47,44,0,1,188,0|454,505422842,14,11621280,0,0,0,0,0,12342336,0,44,0,641192188,0,641192188,0,2080,632632583,0,12584051,0,0,0,0,0
1785937277994|1017|stream64_r2f_07|fixed|390,1378943233,16781056,18707440,18446762,212219,0,212219,0,4504,0,2252,0,0,0,17623,17623,14387912,0,4096,0,0,0,2252,0,795036948,0,795036956,0,0,0,0,0,0,0,0,0,4096,256,131072,4,15|4,0,67108864,262144,256,0,0,0,0,276,0,264,0,69,66,0,1,276,0|456,1517534620,14,0,0,17301504,0,17301504,0,53196,0,0,66,0,0,0,0,0,0,0,6975484,0,0,0,0,0
1785937277994|1017|stream64_r2f_07|rotating|390,1378943233,33554687,18783073,18521496,18570005,18521496,18570005,18521496,17763,17696,17695,17695,0,0,2261,0,546213297,545135148,4096,4096,0,0,17696,17696,781033371,781033368,781033379,781033376,0,0,0,0,0,0,0,0,4096,256,131072,4,15|4,0,67108864,262144,256,0,0,0,0,276,0,264,0,69,66,0,1,276,0|456,826989364,14,17475392,0,0,0,0,0,18554691,0,66,0,961295182,0,961295182,0,2080,951060081,0,15415702,0,0,0,0,0
1785937282997|1017|stream64_r2f_07|fixed|392,1378943233,16781056,24983924,24637750,283461,0,283461,0,6016,0,3008,0,0,0,23536,23536,19217944,0,4096,0,0,0,3008,0,1115596038,0,1115596046,0,0,0,0,0,0,0,0,0,4096,256,131072,4,15|4,0,67108864,262144,256,0,0,0,0,364,0,352,0,91,88,0,1,364,0|458,1837670830,14,0,0,23068672,0,23068672,0,70983,0,0,88,0,0,0,0,0,0,0,7018794,0,0,0,0,0
1785937282997|1017|stream64_r2f_07|rotating|392,1378943233,33554687,25055004,24708242,24770787,24708242,24770787,24708242,23693,23604,23603,23603,0,0,3016,0,728603913,727164728,4096,4096,0,0,23604,23604,1101190997,1101191026,1101191005,1101191002,0,0,0,0,0,0,0,0,4096,256,131072,4,15|4,0,67108864,262144,256,0,0,0,0,364,0,352,0,91,88,0,1,364,0|458,1147385370,14,23297888,0,0,0,0,0,24744667,0,88,0,1280235564,0,1280235564,0,2080,1268298176,0,18267356,0,0,0,0,0
1785937288011|1017|stream64_r2f_07|fixed|394,1378943233,16781056,31271768,30838221,354705,0,354705,0,7528,0,3764,0,0,0,29458,29458,24047952,0,4096,0,0,0,3764,0,1436167315,0,1436167331,0,0,0,0,0,0,0,0,0,4096,256,131072,4,15|4,0,67108864,262144,256,0,0,0,0,452,0,440,0,113,110,0,1,452,0|460,2158626361,14,0,0,28835840,0,28835840,0,88817,0,0,110,0,0,0,0,0,0,0,7060217,0,0,0,0,0
1785937288011|1017|stream64_r2f_07|rotating|394,1378943233,33554687,31350359,30915297,30994715,30915297,30994715,30915297,29645,29533,29532,29532,0,0,3774,0,911608366,909793561,4096,4096,0,0,29533,29533,1422571495,1422571500,1422571503,1422571508,0,0,0,0,0,0,0,0,4096,256,131072,4,15|4,0,67108864,262144,256,0,0,0,0,456,0,444,0,114,111,0,1,456,0|460,1469129951,14,29153312,0,0,0,0,0,30958405,0,111,0,1600516289,0,1600516289,0,2080,1586735407,0,21262708,0,0,0,0,0
1785937293039|1017|stream64_r2f_07|fixed|396,1378943233,16781056,37571085,37050779,426227,0,426227,0,9046,0,4523,0,0,0,35392,35392,28897168,0,4096,0,0,0,4523,0,1757841708,0,1757841716,0,0,0,0,0,0,0,0,0,4096,256,131072,4,15|4,0,67108864,262144,256,0,0,0,0,544,0,532,0,136,133,0,1,544,0|462,2480460070,14,0,0,34865152,0,34865152,0,106698,0,0,133,0,0,0,0,0,0,0,7105762,0,0,0,0,0
1785937293039|1017|stream64_r2f_07|rotating|396,1378943233,33554687,37645749,37124533,37218673,37124533,37218673,37124533,35597,35464,35462,35462,0,0,4532,0,1094666029,1092493080,4096,4096,0,0,35463,35463,1743918961,1743918974,1743918969,1743918942,0,0,0,0,0,0,0,0,4096,256,131072,4,15|4,0,67108864,262144,256,0,0,0,0,544,0,532,0,136,133,0,1,544,0|462,1790021610,14,34983712,0,0,0,0,0,37157359,0,133,0,1919950348,0,1919950348,0,2080,1904447213,0,24136025,0,0,0,0,0
1785937298045|1017|stream64_r2f_07|fixed|398,1378943233,16781056,43849911,43243640,497470,0,497470,0,10558,0,5279,0,0,0,41307,41307,33727248,0,4096,0,0,0,5279,0,2078419485,0,2078419493,0,0,0,0,0,0,0,0,0,4096,256,131072,4,15|4,0,67108864,262144,256,0,0,0,0,632,0,620,0,158,155,0,1,632,0|464,2801230983,14,0,0,40632320,0,40632320,0,124532,0,0,155,0,0,0,0,0,0,0,7148137,0,0,0,0,0
1785937298045|1017|stream64_r2f_07|rotating|398,1378943233,33558272,43940476,43333054,43441968,43333054,43441968,43333054,41549,41394,41393,41393,0,0,5290,0,1277719936,1275189312,4096,4096,0,0,41393,41393,2065253159,2065253508,2065253167,2065253516,0,0,0,0,0,0,0,0,4096,256,131072,4,15|4,0,67108864,262144,256,0,0,0,0,632,0,620,0,158,155,0,1,632,0|464,2112237042,14,40845728,0,0,0,0,0,43383201,0,155,0,2240700276,0,2240700276,0,2080,2223484671,0,27006347,0,0,0,0,0
1785937303045|1017|stream64_r2f_07|fixed|400,1378943233,16781056,50116436,49422492,568617,0,568617,0,12068,0,6034,0,0,0,47210,47210,38550880,0,4096,0,0,0,6034,0,2398564029,0,2398564037,0,0,0,0,0,0,0,0,0,4096,256,131072,4,15|4,0,67108864,262144,256,0,0,0,0,720,0,708,0,180,177,0,1,720,0|466,3120948892,14,0,0,46399488,0,46399488,0,142296,0,0,177,0,0,0,0,0,0,0,7192426,0,0,0,0,0
1785937303045|1017|stream64_r2f_07|rotating|400,1378943233,33554687,50207212,49512481,49637651,49512481,49637651,49512481,47474,47297,47296,47296,0,0,6044,0,1459931778,1457042405,4096,4096,0,0,47296,47296,2385129215,2385129548,2385129223,2385129556,0,0,0,0,0,0,0,0,4096,256,131072,4,15|4,0,67108864,262144,256,0,0,0,0,720,0,708,0,180,177,0,1,720,0|466,2431977656,14,46660320,0,0,0,0,0,49560305,0,177,0,2558987242,0,2558987242,0,2080,2540052431,0,29873223,0,0,0,0,0
1785937308053|1017|stream64_r2f_07|fixed|402,1378943233,16781056,56389385,55609059,639768,0,639768,0,13578,0,6789,0,0,0,53125,53125,43374512,0,4096,0,0,0,6789,0,2718714886,0,2718714894,0,0,0,0,0,0,0,0,0,4096,256,131072,4,15|4,0,67108864,262144,256,0,0,0,0,808,0,796,0,202,199,0,1,808,0|468,3441476092,14,0,0,52166656,0,52166656,0,160082,0,0,199,0,0,0,0,0,0,0,7240695,0,0,0,0,0
1785937308053|1017|stream64_r2f_07|rotating|402,1378943233,33554687,56494531,55712100,55853448,55712100,55853448,55712100,53426,53227,53224,53224,0,0,6803,0,1642922835,1639659086,4096,4096,0,0,53225,53225,2706501505,2706501494,2706501513,2706501502,0,0,0,0,0,0,0,0,4096,256,131072,4,15|4,0,67108864,262144,256,0,0,0,0,812,0,800,0,203,200,0,1,812,0|468,2752692963,14,52492032,0,0,0,0,0,55746705,0,200,0,2878244621,0,2878244621,0,2080,2857455062,0,32874738,0,0,0,0,0
1785937313054|1017|stream64_r2f_07|fixed|404,1378943233,16781056,62658338,61790258,711005,0,711005,0,15090,0,7545,0,0,0,59035,59035,48204544,0,4096,0,0,0,7545,0,3039282842,0,3039282850,0,0,0,0,0,0,0,0,0,4096,256,131072,4,15|4,0,67108864,262144,256,0,0,0,0,900,0,888,0,225,222,0,1,900,0|470,3762504291,14,0,0,58195968,0,58195968,0,177940,0,0,222,0,0,0,0,0,0,0,7290704,0,0,0,0,0
1785937313054|1017|stream64_r2f_07|rotating|404,1378943233,33554687,62747308,61877335,62035265,61877335,62035265,61877335,59342,59121,59118,59118,0,0,7556,0,1824878240,1821253198,4096,4096,0,0,59119,59119,3025915006,3025915003,3025914958,3025915011,0,0,0,0,0,0,0,0,4096,256,131072,4,15|4,0,67108864,262144,256,0,0,0,0,900,0,888,0,225,222,0,1,900,0|470,3072876294,14,58314528,0,0,0,0,0,61927248,0,222,0,3196972328,0,3196972328,0,2080,3174468429,0,35738445,0,0,0,0,0
1785937318056|1017|stream64_r2f_07|fixed|406,1378943233,16780817,68986214,68030376,782909,0,782909,0,16616,0,8308,0,0,0,65000,65000,53075880,0,4096,0,0,0,8308,0,3362676034,0,3362676042,0,0,0,0,0,0,0,0,0,4096,256,131072,4,15|4,0,67108864,262144,256,0,0,0,0,988,0,976,0,247,244,0,1,988,0|472,4087925560,14,0,0,63963136,0,63963136,0,196010,0,0,244,0,0,0,0,0,0,0,7330110,0,0,0,0,0
1785937318056|1017|stream64_r2f_07|rotating|406,1378943233,33554687,69129317,68171992,68344901,68171992,68344901,68171992,65380,65137,65134,65134,0,0,8324,0,2010584630,2006601009,4096,4096,0,0,65135,65135,3351873386,3351873391,3351873394,3351873407,0,0,0,0,0,0,0,0,4096,256,131072,4,15|4,0,67108864,262144,256,0,0,0,0,992,0,980,0,248,245,0,1,992,0|472,3400311607,14,64272704,0,0,0,0,0,68247028,0,245,0,3522918097,0,3522918097,0,2080,3498583632,0,38742930,0,0,0,0,0
1785937326622|1018|stream64_r2f_08|fixed|410,1378943233,16781056,6167766,6081582,69830,0,69830,0,1482,0,741,0,0,0,5808,5808,4734160,0,4096,0,0,0,741,0,3907231580,0,3907231588,0,0,0,0,0,0,0,0,0,4096,256,131072,4,15|4,0,67108864,262144,256,0,0,0,0,100,0,88,0,25,22,0,1,100,0|480,335034960,15,0,0,5767168,0,5767168,0,17622,0,0,22,0,0,0,0,0,0,0,6891652,0,0,0,0,0
1785937326622|1018|stream64_r2f_08|rotating|410,1378943233,33554687,6256933,6168809,6185972,6168809,6185972,6168809,5916,5893,5892,5892,0,0,753,0,181878048,181519945,4096,4096,0,0,5893,5893,3894159552,3894159549,3894159504,3894159557,0,0,0,0,0,0,0,0,4096,256,131072,4,15|4,0,67108864,262144,256,0,0,0,0,100,0,88,0,25,22,0,1,100,0|480,3941012521,14,5862016,0,0,0,0,0,6219893,0,22,0,325575738,0,325575738,0,2080,318712401,0,9751971,0,0,0,0,0
1785937331637|1018|stream64_r2f_08|fixed|412,1378943233,16781056,12454755,12281435,141259,0,141259,0,2998,0,1499,0,0,0,11733,11733,9577000,0,4096,0,0,0,1499,0,4228433495,0,4228433503,0,0,0,0,0,0,0,0,0,4096,256,131072,4,15|4,0,67108864,262144,256,0,0,0,0,188,0,176,0,47,44,0,1,188,0|482,655999413,15,0,0,11534336,0,11534336,0,35456,0,0,44,0,0,0,0,0,0,0,6932089,0,0,0,0,0
1785937331637|1018|stream64_r2f_08|rotating|412,1378943233,33557555,12520509,12346332,12378494,12346332,12378494,12346332,11840,11795,11795,11795,0,0,1507,0,364088053,363371272,4096,4096,0,0,11796,11796,4213996993,4213997006,4213997001,4213996982,0,0,0,0,0,0,0,0,4096,256,131072,4,15|4,0,67108864,262144,256,0,0,0,0,188,0,176,0,47,44,0,1,188,0|482,4259996155,14,11660800,0,0,0,0,0,12379917,0,44,0,643109676,0,643109676,0,2080,634556936,0,12585650,0,0,0,0,0
1785937336651|1018|stream64_r2f_08|fixed|414,1378943233,16781056,18746528,18485974,212690,0,212690,0,4514,0,2257,0,0,0,17661,17661,14419848,0,4096,0,0,0,2257,0,254866083,0,254866091,0,0,0,0,0,0,0,0,0,4096,256,131072,4,15|4,0,67108864,262144,256,0,0,0,0,276,0,264,0,69,66,0,1,276,0|484,978321687,15,0,0,17301504,0,17301504,0,53361,0,0,66,0,0,0,0,0,0,0,6975657,0,0,0,0,0
1785937336651|1018|stream64_r2f_08|rotating|414,1378943233,33558272,18850461,18588937,18636638,18588937,18636638,18588937,17826,17759,17759,17759,0,0,2269,0,548183808,547109088,4096,4096,0,0,17759,17759,242130340,242130681,242130356,242130689,0,0,0,0,0,0,0,0,4096,256,131072,4,15|4,0,67108864,262144,256,0,0,0,0,276,0,264,0,69,66,0,1,276,0|484,288701065,15,17546528,0,0,0,0,0,18633446,0,66,0,965310450,0,965310450,0,2054,955087721,0,15418582,0,0,0,0,0
1785937341651|1018|stream64_r2f_08|fixed|416,1378943233,16781056,25007933,24661986,283651,0,283651,0,6020,0,3010,0,0,0,23559,23559,19230736,0,4096,0,0,0,3010,0,574115733,0,574115741,0,0,0,0,0,0,0,0,0,4096,256,131072,4,15|4,0,67108864,262144,256,0,0,0,0,364,0,352,0,91,88,0,1,364,0|486,1296848747,15,0,0,23068672,0,23068672,0,71054,0,0,88,0,0,0,0,0,0,0,7023374,0,0,0,0,0
1785937341651|1018|stream64_r2f_08|rotating|416,1378943233,33554687,25098329,24751432,24813643,24751432,24813643,24751432,23734,23645,23644,23644,0,0,3021,0,729863747,728430528,4096,4096,0,0,23645,23645,561051176,561051189,561051184,561051165,0,0,0,0,0,0,0,0,4096,256,131072,4,15|4,0,67108864,262144,256,0,0,0,0,368,0,356,0,92,89,0,1,368,0|486,607927421,15,23354528,0,0,0,0,0,24797544,0,89,0,1283084806,0,1283084806,0,2080,1271043642,0,18378693,0,0,0,0,0
1785937346658|1018|stream64_r2f_08|fixed|418,1378943233,16781056,31324039,30890774,355268,0,355268,0,7540,0,3770,0,0,0,29508,29508,24086288,0,4096,0,0,0,3770,0,896371665,0,896371673,0,0,0,0,0,0,0,0,0,4096,256,131072,4,15|4,0,67108864,262144,256,0,0,0,0,456,0,444,0,114,111,0,1,456,0|488,1619775884,15,0,0,29097984,0,29097984,0,89005,0,0,111,0,0,0,0,0,0,0,7075401,0,0,0,0,0
1785937346658|1018|stream64_r2f_08|rotating|418,1378943233,33558272,31409016,30974160,31052712,30974160,31052712,30974160,29701,29588,29588,29588,0,0,3781,0,913321392,911512568,4096,4096,0,0,29588,29588,883169634,883169967,883169642,883169975,0,0,0,0,0,0,0,0,4096,256,131072,4,15|4,0,67108864,262144,256,0,0,0,0,456,0,444,0,114,111,0,1,456,0|488,929683785,15,29200736,0,0,0,0,0,31015929,0,111,0,1603379618,0,1603379618,0,2080,1589662857,0,21208748,0,0,0,0,0
1785937351668|1018|stream64_r2f_08|fixed|420,1378943233,16781056,37571535,37051229,426227,0,426227,0,9046,0,4523,0,0,0,35393,35393,28897168,0,4096,0,0,0,4523,0,1215428211,0,1215428219,0,0,0,0,0,0,0,0,0,4096,256,131072,4,15|4,0,67108864,262144,256,0,0,0,0,544,0,532,0,136,133,0,1,544,0|490,1938029213,15,0,0,34865152,0,34865152,0,106698,0,0,133,0,0,0,0,0,0,0,7117848,0,0,0,0,0
1785937351668|1018|stream64_r2f_08|rotating|420,1378943233,33554687,37644105,37122839,37217029,37122839,37217029,37122839,35597,35462,35461,35461,0,0,4532,0,1094617648,1092448067,4096,4096,0,0,35462,35462,1201432116,1201432105,1201432124,1201432121,0,0,0,0,0,0,0,0,4096,256,131072,4,15|4,0,67108864,262144,256,0,0,0,0,544,0,532,0,136,133,0,1,544,0|490,1247390111,15,34983712,0,0,0,0,0,37153186,0,133,0,1919640200,0,1919640200,0,2080,1904227977,0,24045092,0,0,0,0,0
1785937356684|1018|stream64_r2f_08|fixed|422,1378943233,16781056,43862416,43255630,497659,0,497659,0,10562,0,5281,0,0,0,41319,41319,33740032,0,4096,0,0,0,5281,0,1536824328,0,1536824336,0,0,0,0,0,0,0,0,0,4096,256,131072,4,15|4,0,67108864,262144,256,0,0,0,0,632,0,620,0,158,155,0,1,632,0|492,2259809813,15,0,0,40632320,0,40632320,0,124579,0,0,155,0,0,0,0,0,0,0,7158993,0,0,0,0,0
1785937356684|1018|stream64_r2f_08|rotating|422,1378943233,33554687,43957693,43349836,43458996,43349836,43458996,43349836,41566,41410,41409,41409,0,0,5292,0,1278209791,1275680554,4096,4096,0,0,41409,41409,1523659255,1523659596,1523659263,1523659604,0,0,0,0,0,0,0,0,4096,256,131072,4,15|4,0,67108864,262144,256,0,0,0,0,632,0,620,0,158,155,0,1,632,0|492,1569790591,15,40845728,0,0,0,0,0,43383481,0,155,0,2240575176,0,2240575176,0,2080,2223491669,0,26874228,0,0,0,0,0
1785937361687|1018|stream64_r2f_08|fixed|424,1378943233,16781056,50135413,49440967,568807,0,568807,0,12072,0,6036,0,0,0,47227,47227,38563672,0,4096,0,0,0,6036,0,1856936282,0,1856936290,0,0,0,0,0,0,0,0,0,4096,256,131072,4,15|4,0,67108864,262144,256,0,0,0,0,720,0,708,0,180,177,0,1,720,0|494,2579582483,15,0,0,46399488,0,46399488,0,142343,0,0,177,0,0,0,0,0,0,0,7200234,0,0,0,0,0
1785937361687|1018|stream64_r2f_08|rotating|424,1378943233,33554687,50226945,49531619,49657197,49531619,49657197,49531619,47493,47315,47314,47314,0,0,6046,0,1460488003,1457599614,4096,4096,0,0,47314,47314,1843610169,1843610478,1843610177,1843610494,0,0,0,0,0,0,0,0,4096,256,131072,4,15|4,0,67108864,262144,256,0,0,0,0,720,0,708,0,180,177,0,1,720,0|494,1889617464,15,46661632,0,0,0,0,0,49563384,0,178,0,2558948073,0,2558948073,0,2080,2540177987,0,29708526,0,0,0,0,0
1785937366695|1018|stream64_r2f_08|fixed|426,1378943233,16781056,56415457,55633904,640049,0,640049,0,13584,0,6792,0,0,0,53143,53143,43393648,0,4096,0,0,0,6792,0,2177473634,0,2177473642,0,0,0,0,0,0,0,0,0,4096,256,131072,4,15|4,0,67108864,262144,256,0,0,0,0,808,0,796,0,202,199,0,1,808,0|496,2899815198,15,0,0,52166656,0,52166656,0,160129,0,0,199,0,0,0,0,0,0,0,7244388,0,0,0,0,0
1785937366695|1018|stream64_r2f_08|rotating|426,1378943233,33554687,56479171,55696204,55838371,55696204,55838371,55696204,53406,53205,53203,53203,0,0,6800,0,1642274618,1639008973,4096,4096,0,0,53204,53204,2162844175,2162844148,2162844183,2162844156,0,0,0,0,0,0,0,0,4096,256,131072,4,15|4,0,67108864,262144,256,0,0,0,0,812,0,800,0,203,200,0,1,812,0|496,2208837376,15,52468320,0,0,0,0,0,55727477,0,200,0,2876716313,0,2876716313,0,2080,2856129493,0,32666887,0,0,0,0,0
1785937371718|1018|stream64_r2f_08|fixed|428,1378943233,16781056,62709836,61839274,711477,0,711477,0,15100,0,7550,0,0,0,59071,59071,48236488,0,4096,0,0,0,7550,0,2498683979,0,2498683987,0,0,0,0,0,0,0,0,0,4096,256,131072,4,15|4,0,67108864,262144,256,0,0,0,0,900,0,888,0,225,222,0,1,900,0|498,3221094827,15,0,0,58195968,0,58195968,0,178010,0,0,222,0,0,0,0,0,0,0,7288338,0,0,0,0,0
1785937371718|1018|stream64_r2f_08|rotating|428,1378943233,33554687,62784822,61913486,62072495,61913486,62072495,61913486,59366,59143,59141,59141,0,0,7559,0,1825590522,1821967272,4096,4096,0,0,59142,59142,2484605397,2484605410,2484605405,2484605370,0,0,0,0,0,0,0,0,4096,256,131072,4,15|4,0,67108864,262144,256,0,0,0,0,900,0,888,0,225,222,0,1,900,0|498,2530825582,15,58322432,0,0,0,0,0,61949374,0,222,0,3197240991,0,3197240991,0,2080,3174968230,0,35508983,0,0,0,0,0
1785937376718|1018|stream64_r2f_08|fixed|430,1378943233,16781056,68979554,68022299,782626,0,782626,0,16610,0,8305,0,0,0,64976,64976,53060184,0,4096,0,0,0,8305,0,2818834823,0,2818834831,0,0,0,0,0,0,0,0,0,4096,256,131072,4,15|4,0,67108864,262144,256,0,0,0,0,988,0,976,0,247,244,0,1,988,0|500,3541197377,15,0,0,63963136,0,63963136,0,195798,0,0,244,0,0,0,0,0,0,0,7334162,0,0,0,0,0
1785937376718|1018|stream64_r2f_08|rotating|430,1378943233,33554687,69057594,68099430,68274119,68099430,68274119,68099430,65297,65053,65050,65050,0,0,8314,0,2007971696,2003988562,4096,4096,0,0,65051,65051,2804785430,2804785411,2804785414,2804785419,0,0,0,0,0,0,0,0,4096,256,131072,4,15|4,0,67108864,262144,256,0,0,0,0,988,0,976,0,247,244,0,1,988,0|500,2851767487,15,64160736,0,0,0,0,0,68150264,0,244,0,3516723320,0,3516723320,0,2080,3492730154,0,38382149,0,0,0,0,0
1785937385126|1019|stream64_r2f_09|fixed|434,1378943233,16781056,6166958,6081820,69830,0,69830,0,1482,0,741,0,0,0,5808,5808,4734160,0,4096,0,0,0,741,0,3357916156,0,3357916164,0,0,0,0,0,0,0,0,0,4096,256,131072,4,15|4,0,67108864,262144,256,0,0,0,0,96,0,88,0,25,22,0,1,100,0|508,4080599301,15,0,0,5767168,0,5767168,0,17622,0,0,22,0,0,0,0,0,0,0,6884834,0,0,0,0,0
1785937385126|1019|stream64_r2f_09|rotating|434,1378943233,33554687,6231815,6145041,6161138,6145041,6161138,6145041,5892,5869,5868,5868,0,0,750,0,181160697,180800396,4096,4096,0,0,5869,5869,3343585187,3343585184,3343585195,3343585192,0,0,0,0,0,0,0,0,4096,256,131072,4,15|4,0,67108864,262144,256,0,0,0,0,100,0,88,0,25,22,0,1,100,0|508,3389814108,15,5822496,0,0,0,0,0,6182981,0,22,0,323705808,0,323705808,0,2080,316829581,0,9756422,0,0,0,0,0
1785937390152|1019|stream64_r2f_09|fixed|436,1378943233,16781056,12441400,12269095,141165,0,141165,0,2996,0,1498,0,0,0,11720,11720,9570616,0,4096,0,0,0,1498,0,3678687003,0,3678687011,0,0,0,0,0,0,0,0,0,4096,256,131072,4,15|4,0,67108864,262144,256,0,0,0,0,188,0,176,0,47,44,0,1,188,0|510,105956689,16,0,0,11534336,0,11534336,0,35409,0,0,44,0,0,0,0,0,0,0,6927173,0,0,0,0,0
1785937390152|1019|stream64_r2f_09|rotating|436,1378943233,33558272,12516676,12343670,12374756,12343670,12374756,12343670,11837,11792,11792,11792,0,0,1506,0,363996624,363277720,4096,4096,0,0,11792,11792,3664501988,3664502313,3664501996,3664502321,0,0,0,0,0,0,0,0,4096,256,131072,4,15|4,0,67108864,262144,256,0,0,0,0,188,0,176,0,47,44,0,1,188,0|510,3710514264,15,11660800,0,0,0,0,0,12376314,0,44,0,642946388,0,642946388,0,2080,634390494,0,12588850,0,0,0,0,0
1785937395157|1019|stream64_r2f_09|fixed|438,1378943233,16781056,18716044,18457284,212314,0,212314,0,4506,0,2253,0,0,0,17633,17633,14394312,0,4096,0,0,0,2253,0,3998798330,0,3998798338,0,0,0,0,0,0,0,0,0,4096,256,131072,4,15|4,0,67108864,262144,256,0,0,0,0,276,0,264,0,69,66,0,1,276,0|512,426399253,16,0,0,17301504,0,17301504,0,53220,0,0,66,0,0,0,0,0,0,0,6982448,0,0,0,0,0
1785937395157|1019|stream64_r2f_09|rotating|438,1378943233,33554687,18786905,18527244,18573837,18527244,18573837,18527244,17767,17701,17699,17699,0,0,2261,0,546352647,545274000,4096,4096,0,0,17700,17700,3984601625,3984601638,3984601633,3984601606,0,0,0,0,0,0,0,0,4096,256,131072,4,15|4,0,67108864,262144,256,0,0,0,0,276,0,264,0,69,66,0,1,276,0|512,4030506917,15,17475392,0,0,0,0,0,18557638,0,66,0,961485393,0,961485393,0,2080,951243521,0,15422498,0,0,0,0,0
1785937400172|1019|stream64_r2f_09|fixed|440,1378943233,16781056,25007568,24662793,283651,0,283651,0,6020,0,3010,0,0,0,23560,23560,19230736,0,4096,0,0,0,3010,0,24831858,0,24831866,0,0,0,0,0,0,0,0,0,4096,256,131072,4,15|4,0,67108864,262144,256,0,0,0,0,364,0,352,0,91,88,0,1,364,0|514,747644005,16,0,0,23068672,0,23068672,0,71077,0,0,88,0,0,0,0,0,0,0,7027162,0,0,0,0,0
1785937400172|1019|stream64_r2f_09|rotating|440,1378943233,33558272,25104059,24758310,24819279,24758310,24819279,24758310,23740,23653,23651,23651,0,0,3022,0,730060816,728624944,4096,4096,0,0,23651,23651,12097507,12097840,12097515,12097848,0,0,0,0,0,0,0,0,4096,256,131072,4,15|4,0,67108864,262144,256,0,0,0,0,368,0,356,0,92,89,0,1,368,0|514,59005078,16,23354528,0,0,0,0,0,24804311,0,89,0,1283481066,0,1283481066,0,2080,1271401060,0,18417581,0,0,0,0,0
1785937405185|1019|stream64_r2f_09|fixed|442,1378943233,16781056,31293928,30861589,354986,0,354986,0,7534,0,3767,0,0,0,29480,29480,24067096,0,4096,0,0,0,3767,0,345841671,0,345841679,0,0,0,0,0,0,0,0,0,4096,256,131072,4,15|4,0,67108864,262144,256,0,0,0,0,452,0,440,0,113,110,0,1,452,0|516,1068314288,16,0,0,29097984,0,29097984,0,88911,0,0,111,0,0,0,0,0,0,0,7076731,0,0,0,0,0
1785937405185|1019|stream64_r2f_09|rotating|442,1378943233,33554687,31371870,30938050,31015943,30938050,31015943,30938050,29666,29556,29553,29553,0,0,3777,0,912255128,910444258,4096,4096,0,0,29554,29554,332084500,332084505,332084452,332084513,0,0,0,0,0,0,0,0,4096,256,131072,4,15|4,0,67108864,262144,256,0,0,0,0,456,0,444,0,114,111,0,1,456,0|516,378931096,16,29177024,0,0,0,0,0,30985625,0,111,0,1601951460,0,1601951460,0,2080,1588148231,0,21290171,0,0,0,0,0
1785937410187|1019|stream64_r2f_09|fixed|444,1378943233,16781056,37559484,37039927,426132,0,426132,0,9044,0,4522,0,0,0,35382,35382,28890792,0,4096,0,0,0,4522,0,665661957,0,665661965,0,0,0,0,0,0,0,0,0,4096,256,131072,4,15|4,0,67108864,262144,256,0,0,0,0,544,0,532,0,136,133,0,1,544,0|518,1388326790,16,0,0,34865152,0,34865152,0,106674,0,0,133,0,0,0,0,0,0,0,7118325,0,0,0,0,0
1785937410187|1019|stream64_r2f_09|rotating|444,1378943233,33558272,37634899,37114408,37207917,37114408,37207917,37114408,35588,35455,35453,35453,0,0,4531,0,1094364664,1092195776,4096,4096,0,0,35453,35453,651766694,651767019,651766702,651767027,0,0,0,0,0,0,0,0,4096,256,131072,4,15|4,0,67108864,262144,256,0,0,0,0,544,0,532,0,136,133,0,1,544,0|518,697842244,16,34975808,0,0,0,0,0,37146068,0,133,0,1919412912,0,1919412912,0,2080,1903887456,0,24156674,0,0,0,0,0
1785937415190|1019|stream64_r2f_09|fixed|446,1378943233,16781056,43855519,43249217,497564,0,497564,0,10560,0,5280,0,0,0,41312,41312,33733640,0,4096,0,0,0,5280,0,987217646,0,987217654,0,0,0,0,0,0,0,0,0,4096,256,131072,4,15|4,0,67108864,262144,256,0,0,0,0,632,0,620,0,158,155,0,1,632,0|520,1709438196,16,0,0,40632320,0,40632320,0,124509,0,0,155,0,0,0,0,0,0,0,7162156,0,0,0,0,0
1785937415190|1019|stream64_r2f_09|rotating|446,1378943233,33558272,43936362,43328968,43437948,43328968,43437948,43328968,41546,41392,41389,41389,0,0,5289,0,1277598096,1275068904,4096,4096,0,0,41389,41389,973409168,973409517,973409176,973409525,0,0,0,0,0,0,0,0,4096,256,131072,4,15|4,0,67108864,262144,256,0,0,0,0,632,0,620,0,158,155,0,1,632,0|520,1020250208,16,40837824,0,0,0,0,0,43375793,0,155,0,2240355372,0,2240355372,0,2080,2223127238,0,27017204,0,0,0,0,0
1785937420190|1019|stream64_r2f_09|fixed|448,1378943233,16781056,50103276,49409747,568429,0,568429,0,12064,0,6032,0,0,0,47197,47197,38538096,0,4096,0,0,0,6032,0,1306069431,0,1306069439,0,0,0,0,0,0,0,0,0,4096,256,131072,4,15|4,0,67108864,262144,256,0,0,0,0,720,0,708,0,180,177,0,1,720,0|522,2028631534,16,0,0,46399488,0,46399488,0,142249,0,0,177,0,0,0,0,0,0,0,7213605,0,0,0,0,0
1785937420190|1019|stream64_r2f_09|rotating|448,1378943233,33554687,50178069,49483518,49608789,49483518,49608789,49483518,47449,47272,47268,47268,0,0,6041,0,1459072044,1456183071,4096,4096,0,0,47269,47269,1292011419,1292011416,1292011427,1292011424,0,0,0,0,0,0,0,0,4096,256,131072,4,15|4,0,67108864,262144,256,0,0,0,0,720,0,708,0,180,177,0,1,720,0|522,1337980523,16,46620800,0,0,0,0,0,49514262,0,177,0,2556639943,0,2556639943,0,2080,2537689260,0,29880635,0,0,0,0,0
1785937425190|1019|stream64_r2f_09|fixed|450,1378943233,16781056,56373003,55591523,639578,0,639578,0,13574,0,6787,0,0,0,53102,53102,43361744,0,4096,0,0,0,6787,0,1626223397,0,1626223405,0,0,0,0,0,0,0,0,0,4096,256,131072,4,15|4,0,67108864,262144,256,0,0,0,0,808,0,796,0,202,199,0,1,808,0|524,2348576857,16,0,0,52166656,0,52166656,0,160035,0,0,199,0,0,0,0,0,0,0,7255132,0,0,0,0,0
1785937425190|1019|stream64_r2f_09|rotating|450,1378943233,33554687,56448492,55666240,55808162,55666240,55808162,55666240,53376,53177,53173,53173,0,0,6795,0,1641372100,1638124719,4096,4096,0,0,53174,53174,1612038230,1612038235,1612038238,1612038243,0,0,0,0,0,0,0,0,4096,256,131072,4,15|4,0,67108864,262144,256,0,0,0,0,812,0,800,0,203,200,0,1,812,0|524,1658139747,16,52436704,0,0,0,0,0,55695917,0,200,0,2875345191,0,2875345191,0,2080,2854530117,0,32888399,0,0,0,0,0
1785937430201|1019|stream64_r2f_09|fixed|452,1378943233,16781056,62680015,61810762,711100,0,711100,0,15092,0,7546,0,0,0,59043,59043,48210936,0,4096,0,0,0,7546,0,1948096737,0,1948096745,0,0,0,0,0,0,0,0,0,4096,256,131072,4,15|4,0,67108864,262144,256,0,0,0,0,900,0,888,0,225,222,0,1,900,0|526,2670516202,16,0,0,58195968,0,58195968,0,177916,0,0,222,0,0,0,0,0,0,0,7308717,0,0,0,0,0
1785937430201|1019|stream64_r2f_09|rotating|452,1378943233,33558272,62745876,61875255,62034022,61875255,62034022,61875255,59330,59108,59105,59105,0,0,7554,0,1824456072,1820831160,4096,4096,0,0,59105,59105,1933552502,1933552827,1933552510,1933552835,0,0,0,0,0,0,0,0,4096,256,131072,4,15|4,0,67108864,262144,256,0,0,0,0,900,0,888,0,225,222,0,1,900,0|526,1979758269,16,58290816,0,0,0,0,0,61909960,0,222,0,3195500185,0,3195500185,0,2080,3172967862,0,35761803,0,0,0,0,0
1785937435214|1019|stream64_r2f_09|fixed|454,1378943233,16781056,68939875,67983408,782154,0,782154,0,16600,0,8300,0,0,0,64940,64940,53028200,0,4096,0,0,0,8300,0,2267615528,0,2267615536,0,0,0,0,0,0,0,0,0,4096,256,131072,4,15|4,0,67108864,262144,256,0,0,0,0,988,0,976,0,247,244,0,1,988,0|528,2990109062,16,0,0,63963136,0,63963136,0,195680,0,0,244,0,0,0,0,0,0,0,7350805,0,0,0,0,0
1785937435214|1019|stream64_r2f_09|rotating|454,1378943233,33554687,69014911,68057625,68231909,68057625,68231909,68057625,65258,65014,65010,65010,0,0,8309,0,2006752816,2002768593,4096,4096,0,0,65011,65011,2253585592,2253585565,2253585568,2253585573,0,0,0,0,0,0,0,0,4096,256,131072,4,15|4,0,67108864,262144,256,0,0,0,0,988,0,976,0,247,244,0,1,988,0|528,2299845871,16,64105408,0,0,0,0,0,68093177,0,244,0,3514134139,0,3514134139,0,2080,3489879740,0,38631549,0,0,0,0,0
1785937443631|1020|stream64_r2f_10|fixed|458,1378943233,16781056,6134486,6049602,69549,0,69549,0,1476,0,738,0,0,0,5783,5782,4715016,0,4096,0,0,0,738,0,2806249886,0,2806249902,0,0,0,0,0,0,0,0,0,4096,256,131072,4,15|4,0,67108864,262144,256,0,0,0,0,96,0,84,0,24,21,0,1,96,0|536,3529846625,16,0,0,5505024,0,5505024,0,17575,0,0,21,0,0,0,0,0,0,0,6894114,0,0,0,0,0
1785937443631|1020|stream64_r2f_10|rotating|458,1378943233,33554687,6225712,6138989,6155035,6138989,6155035,6138989,5893,5870,5869,5869,0,0,750,0,181162181,180799872,4096,4096,0,0,5869,5869,2793210451,2793210760,2793210459,2793210768,0,0,0,0,0,0,0,0,4096,256,131072,4,15|4,0,67108864,262144,256,0,0,0,0,100,0,88,0,25,22,0,1,100,0|536,2841360389,16,5862016,0,0,0,0,0,6214378,0,22,0,325616063,0,325616063,0,2080,318749987,0,9754717,0,0,0,0,0
1785937448644|1020|stream64_r2f_10|fixed|460,1378943233,16781056,12412080,12239040,140976,0,140976,0,2992,0,1496,0,0,0,11704,11704,9557856,0,4096,0,0,0,1496,0,3127327988,0,3127327996,0,0,0,0,0,0,0,0,0,4096,256,131072,4,15|4,0,67108864,262144,256,0,0,0,0,188,0,176,0,47,44,0,1,188,0|538,3849637591,16,0,0,11534336,0,11534336,0,35362,0,0,44,0,0,0,0,0,0,0,6946146,0,0,0,0,0
1785937448644|1020|stream64_r2f_10|rotating|460,1378943233,33554687,12486468,12312709,12344737,12312709,12344737,12312709,11822,11776,11774,11774,0,0,1504,0,363449582,362728529,4096,4096,0,0,11775,11775,3113190728,3113190741,3113190736,3113190749,0,0,0,0,0,0,0,0,4096,256,131072,4,15|4,0,67108864,262144,256,0,0,0,0,188,0,176,0,47,44,0,1,188,0|538,3159301764,16,11644992,0,0,0,0,0,12348346,0,44,0,642111694,0,642111694,0,2080,633551725,0,12589492,0,0,0,0,0
1785937453669|1020|stream64_r2f_10|fixed|462,1378943233,16781056,18704861,18445117,212408,0,212408,0,4508,0,2254,0,0,0,17638,17638,14400704,0,4096,0,0,0,2254,0,3448852365,0,3448852373,0,0,0,0,0,0,0,0,0,4096,256,131072,4,15|4,0,67108864,262144,256,0,0,0,0,276,0,264,0,69,66,0,1,276,0|540,4171267809,16,0,0,17301504,0,17301504,0,53243,0,0,66,0,0,0,0,0,0,0,6988837,0,0,0,0,0
1785937453669|1020|stream64_r2f_10|rotating|462,1378943233,33554687,18779559,18518974,18566301,18518974,18566301,18518974,17779,17712,17709,17709,0,0,2263,0,546648425,545567704,4096,4096,0,0,17710,17710,3434746427,3434746440,3434746435,3434746400,0,0,0,0,0,0,0,0,4096,256,131072,4,15|4,0,67108864,262144,256,0,0,0,0,276,0,264,0,69,66,0,1,276,0|540,3481086217,16,17492344,0,0,0,0,0,18558810,0,66,0,962434309,0,962434309,0,2080,952196494,0,15421803,0,0,0,0,0
1785937458682|1020|stream64_r2f_10|fixed|464,1378943233,16781056,24988349,24642643,283746,0,283746,0,6022,0,3011,0,0,0,23563,23563,19237128,0,4096,0,0,0,3011,0,3769819199,0,3769819207,0,0,0,0,0,0,0,0,0,4096,256,131072,4,15|4,0,67108864,262144,256,0,0,0,0,364,0,352,0,91,88,0,1,364,0|542,197600494,17,0,0,23068672,0,23068672,0,71077,0,0,88,0,0,0,0,0,0,0,7036954,0,0,0,0,0
1785937458682|1020|stream64_r2f_10|rotating|464,1378943233,33554687,25059679,24713370,24775181,24713370,24775181,24713370,23723,23634,23631,23631,0,0,3019,0,729451080,728011579,4096,4096,0,0,23632,23632,3755609100,3755609105,3755609116,3755609113,0,0,0,0,0,0,0,0,4096,256,131072,4,15|4,0,67108864,262144,256,0,0,0,0,364,0,352,0,91,88,0,1,364,0|542,3801756413,16,23329504,0,0,0,0,0,24748504,0,88,0,1281645215,0,1281645215,0,2080,1269730520,0,18251437,0,0,0,0,0
1785937463694|1020|stream64_r2f_10|fixed|466,1378943233,16781056,31269075,30836281,355080,0,355080,0,7536,0,3768,0,0,0,29484,29484,24073496,0,4096,0,0,0,3768,0,4090816205,0,4090816213,0,0,0,0,0,0,0,0,0,4096,256,131072,4,15|4,0,67108864,262144,256,0,0,0,0,456,0,444,0,114,111,0,1,456,0|544,518133360,17,0,0,29097984,0,29097984,0,88911,0,0,111,0,0,0,0,0,0,0,7080545,0,0,0,0,0
1785937463694|1020|stream64_r2f_10|rotating|466,1378943233,33554687,31334011,30899840,30978178,30899840,30978178,30899840,29660,29548,29545,29545,0,0,3776,0,912008616,910193488,4096,4096,0,0,29546,29546,4076197429,4076197426,4076197389,4076197410,0,0,0,0,0,0,0,0,4096,256,131072,4,15|4,0,67108864,262144,256,0,0,0,0,456,0,444,0,114,111,0,1,456,0|544,4122376133,16,29153312,0,0,0,0,0,30934563,0,111,0,1600808983,0,1600808983,0,2080,1587051239,0,21239556,0,0,0,0,0
1785937468706|1020|stream64_r2f_10|fixed|468,1378943233,16781056,37540935,37021175,426321,0,426321,0,9048,0,4524,0,0,0,35398,35398,28903552,0,4096,0,0,0,4524,0,116240240,0,116240248,0,0,0,0,0,0,0,0,0,4096,256,131072,4,15|4,0,67108864,262144,256,0,0,0,0,544,0,532,0,136,133,0,1,544,0|546,838808636,17,0,0,34865152,0,34865152,0,106721,0,0,133,0,0,0,0,0,0,0,7128338,0,0,0,0,0
1785937468706|1020|stream64_r2f_10|rotating|468,1378943233,33558272,37616320,37095611,37189149,37095611,37189149,37095611,35605,35471,35469,35469,0,0,4533,0,1094859696,1092685536,4096,4096,0,0,35469,35469,102217999,102218340,102218015,102218348,0,0,0,0,0,0,0,0,4096,256,131072,4,15|4,0,67108864,262144,256,0,0,0,0,544,0,532,0,136,133,0,1,544,0|546,148865028,17,34999520,0,0,0,0,0,37138582,0,133,0,1920803622,0,1920803622,0,2053,1905317593,0,24122299,0,0,0,0,0
1785937473718|1020|stream64_r2f_10|fixed|470,1378943233,16781056,43822218,43214906,497659,0,497659,0,10562,0,5281,0,0,0,41320,41320,33740032,0,4096,0,0,0,5281,0,437250191,0,437250199,0,0,0,0,0,0,0,0,0,4096,256,131072,4,15|4,0,67108864,262144,256,0,0,0,0,632,0,620,0,158,155,0,1,632,0|548,1160005797,17,0,0,40632320,0,40632320,0,124556,0,0,155,0,0,0,0,0,0,0,7170916,0,0,0,0,0
1785937473718|1020|stream64_r2f_10|rotating|470,1378943233,33554687,43921194,43312740,43422497,43312740,43422497,43312740,41572,41416,41413,41413,0,0,5292,0,1278353120,1275817692,4096,4096,0,0,41414,41414,424338156,424338137,424338140,424338145,0,0,0,0,0,0,0,0,4096,256,131072,4,15|4,0,67108864,262144,256,0,0,0,0,632,0,620,0,158,155,0,1,632,0|548,471266943,17,40869440,0,0,0,0,0,43361998,0,155,0,2241738057,0,2241738057,0,2080,2224538839,0,26995037,0,0,0,0,0
1785937478721|1020|stream64_r2f_10|fixed|472,1378943233,16781056,50093862,49398029,568807,0,568807,0,12072,0,6036,0,0,0,47232,47232,38563672,0,4096,0,0,0,6036,0,757403989,0,757403997,0,0,0,0,0,0,0,0,0,4096,256,131072,4,15|4,0,67108864,262144,256,0,0,0,0,720,0,708,0,180,177,0,1,720,0|550,1479975731,17,0,0,46399488,0,46399488,0,142343,0,0,177,0,0,0,0,0,0,0,7213329,0,0,0,0,0
1785937478721|1020|stream64_r2f_10|rotating|472,1378943233,33558272,50182375,49485540,49612533,49485540,49612533,49485540,47496,47318,47316,47316,0,0,6047,0,1460553720,1457659160,4096,4096,0,0,47316,47316,744187793,744188110,744187801,744188118,0,0,0,0,0,0,0,0,4096,256,131072,4,15|4,0,67108864,262144,256,0,0,0,0,724,0,712,0,181,178,0,1,724,0|550,792573841,17,46709056,0,0,0,0,0,49561364,0,178,0,2561585051,0,2561585051,0,2080,2542526683,0,30002651,0,0,0,0,0
1785937483745|1020|stream64_r2f_10|fixed|474,1378943233,16781056,56382281,55598842,640236,0,640236,0,13588,0,6794,0,0,0,53161,53161,43406432,0,4096,0,0,0,6794,0,1078837561,0,1078837569,0,0,0,0,0,0,0,0,0,4096,256,131072,4,15|5,0,67108864,262144,256,0,0,0,0,812,0,800,0,203,200,0,1,812,0|552,1801521593,17,0,0,52428800,0,52428800,0,160223,0,0,200,0,0,0,0,0,0,0,7266796,0,0,0,0,0
1785937483745|1020|stream64_r2f_10|rotating|474,1378943233,33554687,56454919,55670004,55813836,55670004,55813836,55670004,53433,53232,53229,53229,0,0,6803,0,1643093282,1639823589,4096,4096,0,0,53230,53230,1064765092,1064765105,1064765100,1064765113,0,0,0,0,0,0,0,0,4096,256,131072,4,15|4,0,67108864,262144,256,0,0,0,0,812,0,800,0,203,200,0,1,812,0|552,1112846752,17,52531552,0,0,0,0,0,55742824,0,200,0,2880402338,0,2880402338,0,2073,2859629934,0,32866054,0,0,0,0,0
1785937488760|1020|stream64_r2f_10|fixed|476,1378943233,16781056,62665971,61793956,711666,0,711666,0,15104,0,7552,0,0,0,59084,59084,48249272,0,4096,0,0,0,7552,0,1400072391,0,1400072399,0,0,0,0,0,0,0,0,0,4096,256,131072,4,15|4,0,67108864,262144,256,0,0,0,0,900,0,888,0,225,222,0,1,900,0|554,2122551959,17,0,0,58195968,0,58195968,0,178058,0,0,222,0,0,0,0,0,0,0,7307925,0,0,0,0,0
1785937488760|1020|stream64_r2f_10|rotating|476,1378943233,33554687,62752282,61879347,62039673,61879347,62039673,61879347,59391,59168,59165,59165,0,0,7562,0,1826330039,1822700698,4096,4096,0,0,59166,59166,1386419383,1386419364,1386419399,1386419380,0,0,0,0,0,0,0,0,4096,256,131072,4,15|4,0,67108864,262144,256,0,0,0,0,900,0,888,0,225,222,0,1,900,0|554,1433659826,17,58369856,0,0,0,0,0,61935380,0,222,0,3199755836,0,3199755836,0,2080,3177269472,0,35732775,0,0,0,0,0
1785937493774|1020|stream64_r2f_10|fixed|478,1378943233,16781056,68946988,67987229,782909,0,782909,0,16616,0,8308,0,0,0,65004,65004,53079344,0,4096,0,0,0,8308,0,1720649741,0,1720649749,0,0,0,0,0,0,0,0,0,4096,256,131072,4,15|4,0,67108864,262144,256,0,0,0,0,988,0,976,0,247,244,0,1,988,0|556,2443168496,17,0,0,63963136,0,63963136,0,195868,0,0,244,0,0,0,0,0,0,0,7349482,0,0,0,0,0
1785937493774|1020|stream64_r2f_10|rotating|478,1378943233,33554687,69021486,68060777,68237728,68060777,68237728,68060777,65322,65078,65074,65074,0,0,8317,0,2008724068,2004735040,4096,4096,0,0,65075,65075,1706613807,1706613812,1706613815,1706613788,0,0,0,0,0,0,0,0,4096,256,131072,4,15|4,0,67108864,262144,256,0,0,0,0,988,0,976,0,247,244,0,1,988,0|556,1752966010,17,64176544,0,0,0,0,0,68099962,0,244,0,3517610348,0,3517610348,0,2080,3493400017,0,38602715,0,0,0,0,0
