Copyright 1986-2022 Xilinx, Inc. All Rights Reserved. Copyright 2022-2023 Advanced Micro Devices, Inc. All Rights Reserved.
---------------------------------------------------------------------------------------------------------------------------------------------------------------------------------------
| Tool Version : Vivado v.2023.1 (win64) Build 3865809 Sun May  7 15:05:29 MDT 2023
| Date         : Thu Jul 30 23:21:57 2026
| Host         : DESKTOP-PU0AECA running 64-bit major release  (build 9200)
| Command      : report_utilization -hierarchical -file C:/Users/user/Documents/RF_COMM_MULTILANE_P10/evidence/generated/vivado/p10_ax7020_functional/fixed/post_route_utilization.rpt
| Design       : p10_ps_system_wrapper
| Device       : xc7z020clg400-2
| Speed File   : -2
| Design State : Routed
---------------------------------------------------------------------------------------------------------------------------------------------------------------------------------------

Utilization Design Information

Table of Contents
-----------------
1. Utilization by Hierarchy

1. Utilization by Hierarchy
---------------------------

+-----------------------------------------------------------------------------------+----------------------------------------------------------------------------------------------------+------------+------------+---------+------+-------+--------+--------+------------+
|                                      Instance                                     |                                               Module                                               | Total LUTs | Logic LUTs | LUTRAMs | SRLs |  FFs  | RAMB36 | RAMB18 | DSP Blocks |
+-----------------------------------------------------------------------------------+----------------------------------------------------------------------------------------------------+------------+------------+---------+------+-------+--------+--------+------------+
| p10_ps_system_wrapper                                                             |                                                                                              (top) |      14679 |      14148 |     270 |  261 | 15491 |     16 |      2 |          0 |
|   (p10_ps_system_wrapper)                                                         |                                                                                              (top) |          0 |          0 |       0 |    0 |     0 |      0 |      0 |          0 |
|   p10_ps_system_i                                                                 |                                                                                      p10_ps_system |      14679 |      14148 |     270 |  261 | 15491 |     16 |      2 |          0 |
|     (p10_ps_system_i)                                                             |                                                                                      p10_ps_system |          0 |          0 |       0 |    0 |     0 |      0 |      0 |          0 |
|     axi_dma_0                                                                     |                                                                          p10_ps_system_axi_dma_0_0 |       2070 |       1941 |       8 |  121 |  3840 |      2 |      0 |          0 |
|       (axi_dma_0)                                                                 |                                                                          p10_ps_system_axi_dma_0_0 |          0 |          0 |       0 |    0 |     0 |      0 |      0 |          0 |
|       U0                                                                          |                                                                  p10_ps_system_axi_dma_0_0_axi_dma |       2070 |       1941 |       8 |  121 |  3840 |      2 |      0 |          0 |
|         GEN_SG_ENGINE.I_SG_ENGINE                                                 |                                                                   p10_ps_system_axi_dma_0_0_axi_sg |        365 |        360 |       0 |    5 |  1229 |      0 |      0 |          0 |
|           (GEN_SG_ENGINE.I_SG_ENGINE)                                             |                                                                   p10_ps_system_axi_dma_0_0_axi_sg |          0 |          0 |       0 |    0 |    26 |      0 |      0 |          0 |
|           GEN_DESC_UPDATE.I_SG_UPDATE_MNGR                                        |                                                         p10_ps_system_axi_dma_0_0_axi_sg_updt_mngr |         39 |         39 |       0 |    0 |    80 |      0 |      0 |          0 |
|             I_UPDT_CMDSTS_IF                                                      |                                                    p10_ps_system_axi_dma_0_0_axi_sg_updt_cmdsts_if |          4 |          4 |       0 |    0 |     6 |      0 |      0 |          0 |
|             I_UPDT_SG                                                             |                                                           p10_ps_system_axi_dma_0_0_axi_sg_updt_sm |         35 |         35 |       0 |    0 |    74 |      0 |      0 |          0 |
|           GEN_DESC_UPDATE.I_SG_UPDATE_QUEUE                                       |                                                       p10_ps_system_axi_dma_0_0_axi_sg_updt_q_mngr |         62 |         62 |       0 |    0 |   230 |      0 |      0 |          0 |
|             GEN_QUEUE.I_UPDT_DESC_QUEUE                                           |                                                        p10_ps_system_axi_dma_0_0_axi_sg_updt_queue |         62 |         62 |       0 |    0 |   230 |      0 |      0 |          0 |
|           GEN_INTERRUPT_LOGIC.I_AXI_SG_INTRPT                                     |                                                            p10_ps_system_axi_dma_0_0_axi_sg_intrpt |         52 |         52 |       0 |    0 |    54 |      0 |      0 |          0 |
|           I_SG_AXI_DATAMOVER                                                      |                                                         p10_ps_system_axi_dma_0_0_axi_sg_datamover |         83 |         78 |       0 |    5 |   259 |      0 |      0 |          0 |
|             GEN_MM2S_BASIC.I_MM2S_BASIC_WRAPPER                                   |                                                   p10_ps_system_axi_dma_0_0_axi_sg_mm2s_basic_wrap |         24 |         24 |       0 |    0 |   111 |      0 |      0 |          0 |
|               I_ADDR_CNTL                                                         |                                                         p10_ps_system_axi_dma_0_0_axi_sg_addr_cntl |          2 |          2 |       0 |    0 |    31 |      0 |      0 |          0 |
|               I_CMD_STATUS                                                        |                                                     p10_ps_system_axi_dma_0_0_axi_sg_cmd_status_44 |         12 |         12 |       0 |    0 |    38 |      0 |      0 |          0 |
|                 GEN_INCLUDE_STATUS_FIFO.I_STS_FIFO                                |                                           p10_ps_system_axi_dma_0_0_axi_sg_fifo__parameterized0_45 |          5 |          5 |       0 |    0 |     6 |      0 |      0 |          0 |
|                 I_CMD_FIFO                                                        |                                                           p10_ps_system_axi_dma_0_0_axi_sg_fifo_46 |          7 |          7 |       0 |    0 |    32 |      0 |      0 |          0 |
|               I_MSTR_SCC                                                          |                                                               p10_ps_system_axi_dma_0_0_axi_sg_scc |          1 |          1 |       0 |    0 |    31 |      0 |      0 |          0 |
|               I_RD_DATA_CNTL                                                      |                                                       p10_ps_system_axi_dma_0_0_axi_sg_rddata_cntl |          6 |          6 |       0 |    0 |     5 |      0 |      0 |          0 |
|               I_RD_STATUS_CNTLR                                                   |                                                    p10_ps_system_axi_dma_0_0_axi_sg_rd_status_cntl |          2 |          2 |       0 |    0 |     5 |      0 |      0 |          0 |
|               I_RESET                                                             |                                                             p10_ps_system_axi_dma_0_0_axi_sg_reset |          1 |          1 |       0 |    0 |     1 |      0 |      0 |          0 |
|             GEN_S2MM_BASIC.I_S2MM_BASIC_WRAPPER                                   |                                                   p10_ps_system_axi_dma_0_0_axi_sg_s2mm_basic_wrap |         60 |         55 |       0 |    5 |   148 |      0 |      0 |          0 |
|               I_ADDR_CNTL                                                         |                                         p10_ps_system_axi_dma_0_0_axi_sg_addr_cntl__parameterized0 |          3 |          3 |       0 |    0 |    33 |      0 |      0 |          0 |
|               I_CMD_STATUS                                                        |                                                        p10_ps_system_axi_dma_0_0_axi_sg_cmd_status |          8 |          8 |       0 |    0 |    38 |      0 |      0 |          0 |
|                 GEN_INCLUDE_STATUS_FIFO.I_STS_FIFO                                |                                              p10_ps_system_axi_dma_0_0_axi_sg_fifo__parameterized0 |          5 |          5 |       0 |    0 |     7 |      0 |      0 |          0 |
|                 I_CMD_FIFO                                                        |                                                              p10_ps_system_axi_dma_0_0_axi_sg_fifo |          3 |          3 |       0 |    0 |    31 |      0 |      0 |          0 |
|               I_MSTR_SCC                                                          |                                                            p10_ps_system_axi_dma_0_0_axi_sg_scc_wr |          2 |          2 |       0 |    0 |    32 |      0 |      0 |          0 |
|               I_WR_DATA_CNTL                                                      |                                                       p10_ps_system_axi_dma_0_0_axi_sg_wrdata_cntl |         23 |         23 |       0 |    0 |    23 |      0 |      0 |          0 |
|               I_WR_STATUS_CNTLR                                                   |                                                    p10_ps_system_axi_dma_0_0_axi_sg_wr_status_cntl |         24 |         19 |       0 |    5 |    22 |      0 |      0 |          0 |
|                 (I_WR_STATUS_CNTLR)                                               |                                                    p10_ps_system_axi_dma_0_0_axi_sg_wr_status_cntl |          4 |          4 |       0 |    0 |    10 |      0 |      0 |          0 |
|                 GEN_OMIT_INDET_BTT.I_DATA_CNTL_STATUS_FIFO                        |                                              p10_ps_system_axi_dma_0_0_axi_sg_fifo__parameterized2 |         12 |          9 |       0 |    3 |     6 |      0 |      0 |          0 |
|                   (GEN_OMIT_INDET_BTT.I_DATA_CNTL_STATUS_FIFO)                    |                                              p10_ps_system_axi_dma_0_0_axi_sg_fifo__parameterized2 |          1 |          1 |       0 |    0 |     2 |      0 |      0 |          0 |
|                   USE_SRL_FIFO.I_SYNC_FIFO                                        |                                               p10_ps_system_axi_dma_0_0_srl_fifo_f__parameterized0 |         11 |          8 |       0 |    3 |     4 |      0 |      0 |          0 |
|                     I_SRL_FIFO_RBU_F                                              |                                           p10_ps_system_axi_dma_0_0_srl_fifo_rbu_f__parameterized0 |         11 |          8 |       0 |    3 |     4 |      0 |      0 |          0 |
|                       (I_SRL_FIFO_RBU_F)                                          |                                           p10_ps_system_axi_dma_0_0_srl_fifo_rbu_f__parameterized0 |          0 |          0 |       0 |    0 |     1 |      0 |      0 |          0 |
|                       CNTR_INCR_DECR_ADDN_F_I                                     |                                                 p10_ps_system_axi_dma_0_0_cntr_incr_decr_addn_f_43 |          3 |          3 |       0 |    0 |     3 |      0 |      0 |          0 |
|                       DYNSHREG_F_I                                                |                                               p10_ps_system_axi_dma_0_0_dynshreg_f__parameterized0 |          8 |          5 |       0 |    3 |     0 |      0 |      0 |          0 |
|                 I_WRESP_STATUS_FIFO                                               |                                              p10_ps_system_axi_dma_0_0_axi_sg_fifo__parameterized1 |          8 |          6 |       0 |    2 |     6 |      0 |      0 |          0 |
|                   (I_WRESP_STATUS_FIFO)                                           |                                              p10_ps_system_axi_dma_0_0_axi_sg_fifo__parameterized1 |          1 |          1 |       0 |    0 |     2 |      0 |      0 |          0 |
|                   USE_SRL_FIFO.I_SYNC_FIFO                                        |                                                               p10_ps_system_axi_dma_0_0_srl_fifo_f |          7 |          5 |       0 |    2 |     4 |      0 |      0 |          0 |
|                     I_SRL_FIFO_RBU_F                                              |                                                           p10_ps_system_axi_dma_0_0_srl_fifo_rbu_f |          7 |          5 |       0 |    2 |     4 |      0 |      0 |          0 |
|                       (I_SRL_FIFO_RBU_F)                                          |                                                           p10_ps_system_axi_dma_0_0_srl_fifo_rbu_f |          1 |          1 |       0 |    0 |     1 |      0 |      0 |          0 |
|                       CNTR_INCR_DECR_ADDN_F_I                                     |                                                 p10_ps_system_axi_dma_0_0_cntr_incr_decr_addn_f_42 |          3 |          3 |       0 |    0 |     3 |      0 |      0 |          0 |
|                       DYNSHREG_F_I                                                |                                                               p10_ps_system_axi_dma_0_0_dynshreg_f |          4 |          2 |       0 |    2 |     0 |      0 |      0 |          0 |
|           I_SG_FETCH_MNGR                                                         |                                                         p10_ps_system_axi_dma_0_0_axi_sg_ftch_mngr |         66 |         66 |       0 |    0 |   107 |      0 |      0 |          0 |
|             I_FTCH_CMDSTS_IF                                                      |                                                    p10_ps_system_axi_dma_0_0_axi_sg_ftch_cmdsts_if |          4 |          4 |       0 |    0 |     9 |      0 |      0 |          0 |
|             I_FTCH_PNTR_MNGR                                                      |                                                         p10_ps_system_axi_dma_0_0_axi_sg_ftch_pntr |         18 |         18 |       0 |    0 |    58 |      0 |      0 |          0 |
|             I_FTCH_SG                                                             |                                                           p10_ps_system_axi_dma_0_0_axi_sg_ftch_sm |         44 |         44 |       0 |    0 |    40 |      0 |      0 |          0 |
|           I_SG_FETCH_QUEUE                                                        |                                                       p10_ps_system_axi_dma_0_0_axi_sg_ftch_q_mngr |         65 |         65 |       0 |    0 |   473 |      0 |      0 |          0 |
|             (I_SG_FETCH_QUEUE)                                                    |                                                       p10_ps_system_axi_dma_0_0_axi_sg_ftch_q_mngr |         55 |         55 |       0 |    0 |    97 |      0 |      0 |          0 |
|             GEN_QUEUE.FTCH_QUEUE_I                                                |                                                        p10_ps_system_axi_dma_0_0_axi_sg_ftch_queue |         11 |         11 |       0 |    0 |   376 |      0 |      0 |          0 |
|         INCLUDE_MM2S_SOF_EOF_GENERATOR.I_MM2S_DMA_MNGR                            |                                                        p10_ps_system_axi_dma_0_0_axi_dma_mm2s_mngr |         41 |         27 |       0 |   14 |    86 |      0 |      0 |          0 |
|           (INCLUDE_MM2S_SOF_EOF_GENERATOR.I_MM2S_DMA_MNGR)                        |                                                        p10_ps_system_axi_dma_0_0_axi_dma_mm2s_mngr |          0 |          0 |       0 |    0 |     1 |      0 |      0 |          0 |
|           GEN_MM2S_DMA_CONTROL.GEN_SCATTER_GATHER_MODE.I_MM2S_SG_IF               |                                                       p10_ps_system_axi_dma_0_0_axi_dma_mm2s_sg_if |         32 |         18 |       0 |   14 |    68 |      0 |      0 |          0 |
|             (GEN_MM2S_DMA_CONTROL.GEN_SCATTER_GATHER_MODE.I_MM2S_SG_IF)           |                                                       p10_ps_system_axi_dma_0_0_axi_dma_mm2s_sg_if |          6 |          6 |       0 |    0 |    62 |      0 |      0 |          0 |
|             GEN_UPDT_FOR_QUEUE.GEN_NO_MICRO_DMA.XFERRED_BYTE_FIFO                 |                                               p10_ps_system_axi_dma_0_0_srl_fifo_f__parameterized1 |         26 |         12 |       0 |   14 |     6 |      0 |      0 |          0 |
|               I_SRL_FIFO_RBU_F                                                    |                                           p10_ps_system_axi_dma_0_0_srl_fifo_rbu_f__parameterized1 |         26 |         12 |       0 |   14 |     6 |      0 |      0 |          0 |
|                 (I_SRL_FIFO_RBU_F)                                                |                                           p10_ps_system_axi_dma_0_0_srl_fifo_rbu_f__parameterized1 |          4 |          4 |       0 |    0 |     1 |      0 |      0 |          0 |
|                 CNTR_INCR_DECR_ADDN_F_I                                           |                                 p10_ps_system_axi_dma_0_0_cntr_incr_decr_addn_f__parameterized0_41 |          8 |          8 |       0 |    0 |     5 |      0 |      0 |          0 |
|                 DYNSHREG_F_I                                                      |                                               p10_ps_system_axi_dma_0_0_dynshreg_f__parameterized1 |         14 |          0 |       0 |   14 |     0 |      0 |      0 |          0 |
|           GEN_MM2S_DMA_CONTROL.GEN_SCATTER_GATHER_MODE.I_MM2S_SM                  |                                                          p10_ps_system_axi_dma_0_0_axi_dma_mm2s_sm |          5 |          5 |       0 |    0 |     6 |      0 |      0 |          0 |
|           GEN_MM2S_DMA_CONTROL.I_MM2S_CMDSTS                                      |                                                   p10_ps_system_axi_dma_0_0_axi_dma_mm2s_cmdsts_if |          3 |          3 |       0 |    0 |     8 |      0 |      0 |          0 |
|           GEN_MM2S_DMA_CONTROL.I_MM2S_STS_MNGR                                    |                                                    p10_ps_system_axi_dma_0_0_axi_dma_mm2s_sts_mngr |          1 |          1 |       0 |    0 |     3 |      0 |      0 |          0 |
|         INCLUDE_MM2S_SOF_EOF_GENERATOR.I_MM2S_SOFEOF_GEN                          |                                                       p10_ps_system_axi_dma_0_0_axi_dma_sofeof_gen |          6 |          6 |       0 |    0 |     7 |      0 |      0 |          0 |
|         INCLUDE_S2MM_SOF_EOF_GENERATOR.I_S2MM_DMA_MNGR                            |                                                        p10_ps_system_axi_dma_0_0_axi_dma_s2mm_mngr |         22 |         22 |       0 |    0 |   111 |      0 |      0 |          0 |
|           (INCLUDE_S2MM_SOF_EOF_GENERATOR.I_S2MM_DMA_MNGR)                        |                                                        p10_ps_system_axi_dma_0_0_axi_dma_s2mm_mngr |          0 |          0 |       0 |    0 |     2 |      0 |      0 |          0 |
|           GEN_S2MM_DMA_CONTROL.GEN_SCATTER_GATHER_MODE.I_S2MM_SG_IF               |                                                       p10_ps_system_axi_dma_0_0_axi_dma_s2mm_sg_if |         13 |         13 |       0 |    0 |    67 |      0 |      0 |          0 |
|           GEN_S2MM_DMA_CONTROL.GEN_SCATTER_GATHER_MODE.I_S2MM_SM                  |                                                          p10_ps_system_axi_dma_0_0_axi_dma_s2mm_sm |          4 |          4 |       0 |    0 |     5 |      0 |      0 |          0 |
|           GEN_S2MM_DMA_CONTROL.I_S2MM_CMDSTS                                      |                                                   p10_ps_system_axi_dma_0_0_axi_dma_s2mm_cmdsts_if |          4 |          4 |       0 |    0 |    34 |      0 |      0 |          0 |
|           GEN_S2MM_DMA_CONTROL.I_S2MM_STS_MNGR                                    |                                                    p10_ps_system_axi_dma_0_0_axi_dma_s2mm_sts_mngr |          1 |          1 |       0 |    0 |     3 |      0 |      0 |          0 |
|         INCLUDE_S2MM_SOF_EOF_GENERATOR.I_S2MM_SOFEOF_GEN                          |                                                     p10_ps_system_axi_dma_0_0_axi_dma_sofeof_gen_0 |          6 |          6 |       0 |    0 |     7 |      0 |      0 |          0 |
|         I_AXI_DMA_REG_MODULE                                                      |                                                       p10_ps_system_axi_dma_0_0_axi_dma_reg_module |        283 |        283 |       0 |    0 |   538 |      0 |      0 |          0 |
|           GEN_AXI_LITE_IF.AXI_LITE_IF_I                                           |                                                          p10_ps_system_axi_dma_0_0_axi_dma_lite_if |        141 |        141 |       0 |    0 |   340 |      0 |      0 |          0 |
|             (GEN_AXI_LITE_IF.AXI_LITE_IF_I)                                       |                                                          p10_ps_system_axi_dma_0_0_axi_dma_lite_if |        117 |        117 |       0 |    0 |   117 |      0 |      0 |          0 |
|             GEN_ASYNC_READ.REG_ARVALID_TO_IPCLK                                   |                                                 p10_ps_system_axi_dma_0_0_cdc_sync__parameterized3 |          1 |          1 |       0 |    0 |     4 |      0 |      0 |          0 |
|             GEN_ASYNC_READ.REG_DATA2LITE_CLOCK                                    |                                                 p10_ps_system_axi_dma_0_0_cdc_sync__parameterized4 |          0 |          0 |       0 |    0 |   128 |      0 |      0 |          0 |
|             GEN_ASYNC_READ.REG_RADDR_TO_IPCLK                                     |                                                 p10_ps_system_axi_dma_0_0_cdc_sync__parameterized2 |          0 |          0 |       0 |    0 |    40 |      0 |      0 |          0 |
|             GEN_ASYNC_WRITE.AWVLD_CDC_TO                                          |                                                              p10_ps_system_axi_dma_0_0_cdc_sync_37 |          1 |          1 |       0 |    0 |     4 |      0 |      0 |          0 |
|             GEN_ASYNC_WRITE.REG2_WREADY                                           |                                                              p10_ps_system_axi_dma_0_0_cdc_sync_38 |          1 |          1 |       0 |    0 |     4 |      0 |      0 |          0 |
|             GEN_ASYNC_WRITE.REG3_WREADY                                           |                                                              p10_ps_system_axi_dma_0_0_cdc_sync_39 |          1 |          1 |       0 |    0 |     4 |      0 |      0 |          0 |
|             GEN_ASYNC_WRITE.REG_WADDR_TO_IPCLK                                    |                                                 p10_ps_system_axi_dma_0_0_cdc_sync__parameterized0 |          8 |          8 |       0 |    0 |     5 |      0 |      0 |          0 |
|             GEN_ASYNC_WRITE.REG_WADDR_TO_IPCLK1                                   |                                                 p10_ps_system_axi_dma_0_0_cdc_sync__parameterized1 |         11 |         11 |       0 |    0 |    30 |      0 |      0 |          0 |
|             GEN_ASYNC_WRITE.WVLD_CDC_TO                                           |                                                              p10_ps_system_axi_dma_0_0_cdc_sync_40 |          1 |          1 |       0 |    0 |     4 |      0 |      0 |          0 |
|           GEN_MM2S_REGISTERS.GEN_INTROUT_ASYNC.PROC_REG_INTR2LITE                 |                                                              p10_ps_system_axi_dma_0_0_cdc_sync_35 |          0 |          0 |       0 |    0 |     4 |      0 |      0 |          0 |
|           GEN_MM2S_REGISTERS.I_MM2S_DMA_REGISTER                                  |                                                         p10_ps_system_axi_dma_0_0_axi_dma_register |         73 |         73 |       0 |    0 |    95 |      0 |      0 |          0 |
|           GEN_S2MM_REGISTERS.GEN_INTROUT_ASYNC.PROC_REG_INTR2LITE                 |                                                              p10_ps_system_axi_dma_0_0_cdc_sync_36 |          0 |          0 |       0 |    0 |     4 |      0 |      0 |          0 |
|           GEN_S2MM_REGISTERS.I_S2MM_DMA_REGISTER                                  |                                                    p10_ps_system_axi_dma_0_0_axi_dma_register_s2mm |         71 |         71 |       0 |    0 |    95 |      0 |      0 |          0 |
|         I_PRMRY_DATAMOVER                                                         |                                                            p10_ps_system_axi_dma_0_0_axi_datamover |       1324 |       1214 |       8 |  102 |  1776 |      2 |      0 |          0 |
|           GEN_MM2S_FULL.I_MM2S_FULL_WRAPPER                                       |                                             p10_ps_system_axi_dma_0_0_axi_datamover_mm2s_full_wrap |        454 |        419 |       0 |   35 |   602 |      1 |      0 |          0 |
|             ENABLE_AXIS_SKID.I_MM2S_SKID_BUF                                      |                                                p10_ps_system_axi_dma_0_0_axi_datamover_skid_buf_18 |         44 |         44 |       0 |    0 |    80 |      0 |      0 |          0 |
|             GEN_INCLUDE_MM2S_DRE.I_DRE_16_to_64                                   |                                                   p10_ps_system_axi_dma_0_0_axi_datamover_mm2s_dre |         78 |         78 |       0 |    0 |   113 |      0 |      0 |          0 |
|             GEN_INCLUDE_MM2S_SF.I_RD_SF                                           |                                                      p10_ps_system_axi_dma_0_0_axi_datamover_rd_sf |         88 |         85 |       0 |    3 |    63 |      1 |      0 |          0 |
|               (GEN_INCLUDE_MM2S_SF.I_RD_SF)                                       |                                                      p10_ps_system_axi_dma_0_0_axi_datamover_rd_sf |         10 |         10 |       0 |    0 |    10 |      0 |      0 |          0 |
|               INCLUDE_DRE_CNTL.I_DRE_CNTL_FIFO                                    |                                       p10_ps_system_axi_dma_0_0_axi_datamover_fifo__parameterized3 |         11 |          8 |       0 |    3 |     6 |      0 |      0 |          0 |
|                 (INCLUDE_DRE_CNTL.I_DRE_CNTL_FIFO)                                |                                       p10_ps_system_axi_dma_0_0_axi_datamover_fifo__parameterized3 |          1 |          1 |       0 |    0 |     2 |      0 |      0 |          0 |
|                 USE_SRL_FIFO.I_SYNC_FIFO                                          |                                               p10_ps_system_axi_dma_0_0_srl_fifo_f__parameterized4 |         10 |          7 |       0 |    3 |     4 |      0 |      0 |          0 |
|                   I_SRL_FIFO_RBU_F                                                |                                           p10_ps_system_axi_dma_0_0_srl_fifo_rbu_f__parameterized4 |         10 |          7 |       0 |    3 |     4 |      0 |      0 |          0 |
|                     (I_SRL_FIFO_RBU_F)                                            |                                           p10_ps_system_axi_dma_0_0_srl_fifo_rbu_f__parameterized4 |          0 |          0 |       0 |    0 |     1 |      0 |      0 |          0 |
|                     CNTR_INCR_DECR_ADDN_F_I                                       |                                                 p10_ps_system_axi_dma_0_0_cntr_incr_decr_addn_f_34 |          5 |          5 |       0 |    0 |     3 |      0 |      0 |          0 |
|                     DYNSHREG_F_I                                                  |                                               p10_ps_system_axi_dma_0_0_dynshreg_f__parameterized4 |          5 |          2 |       0 |    3 |     0 |      0 |      0 |          0 |
|               I_DATA_FIFO                                                         |                                               p10_ps_system_axi_dma_0_0_axi_datamover_sfifo_autord |         67 |         67 |       0 |    0 |    47 |      1 |      0 |          0 |
|                 BLK_MEM.I_SYNC_FIFOGEN_FIFO                                       |                                                             p10_ps_system_axi_dma_0_0_sync_fifo_fg |         67 |         67 |       0 |    0 |    47 |      1 |      0 |          0 |
|                   (BLK_MEM.I_SYNC_FIFOGEN_FIFO)                                   |                                                             p10_ps_system_axi_dma_0_0_sync_fifo_fg |         11 |         11 |       0 |    0 |     0 |      0 |      0 |          0 |
|                   xpm_fifo_instance.xpm_fifo_sync_inst                            |                                                            p10_ps_system_axi_dma_0_0_xpm_fifo_sync |         56 |         56 |       0 |    0 |    47 |      1 |      0 |          0 |
|                     xpm_fifo_base_inst                                            |                                                            p10_ps_system_axi_dma_0_0_xpm_fifo_base |         56 |         56 |       0 |    0 |    47 |      1 |      0 |          0 |
|                       (xpm_fifo_base_inst)                                        |                                                            p10_ps_system_axi_dma_0_0_xpm_fifo_base |          3 |          3 |       0 |    0 |     9 |      0 |      0 |          0 |
|                       gen_fwft.rdpp1_inst                                         |                                      p10_ps_system_axi_dma_0_0_xpm_counter_updn__parameterized1_27 |          5 |          5 |       0 |    0 |     2 |      0 |      0 |          0 |
|                       gen_sdpram.xpm_memory_base_inst                             |                                                          p10_ps_system_axi_dma_0_0_xpm_memory_base |          0 |          0 |       0 |    0 |     0 |      1 |      0 |          0 |
|                       rdp_inst                                                    |                                      p10_ps_system_axi_dma_0_0_xpm_counter_updn__parameterized2_28 |         22 |         22 |       0 |    0 |     8 |      0 |      0 |          0 |
|                       rdpp1_inst                                                  |                                      p10_ps_system_axi_dma_0_0_xpm_counter_updn__parameterized3_29 |          7 |          7 |       0 |    0 |     7 |      0 |      0 |          0 |
|                       rst_d1_inst                                                 |                                                      p10_ps_system_axi_dma_0_0_xpm_fifo_reg_bit_30 |          1 |          1 |       0 |    0 |     1 |      0 |      0 |          0 |
|                       wrp_inst                                                    |                                      p10_ps_system_axi_dma_0_0_xpm_counter_updn__parameterized2_31 |         17 |         17 |       0 |    0 |     8 |      0 |      0 |          0 |
|                       wrpp1_inst                                                  |                                      p10_ps_system_axi_dma_0_0_xpm_counter_updn__parameterized3_32 |          6 |          6 |       0 |    0 |     7 |      0 |      0 |          0 |
|                       xpm_fifo_rst_inst                                           |                                                          p10_ps_system_axi_dma_0_0_xpm_fifo_rst_33 |          2 |          2 |       0 |    0 |     5 |      0 |      0 |          0 |
|             I_ADDR_CNTL                                                           |                                                  p10_ps_system_axi_dma_0_0_axi_datamover_addr_cntl |         29 |          9 |       0 |   20 |    50 |      0 |      0 |          0 |
|               (I_ADDR_CNTL)                                                       |                                                  p10_ps_system_axi_dma_0_0_axi_datamover_addr_cntl |          2 |          2 |       0 |    0 |    44 |      0 |      0 |          0 |
|               GEN_ADDR_FIFO.I_ADDR_QUAL_FIFO                                      |                                    p10_ps_system_axi_dma_0_0_axi_datamover_fifo__parameterized1_22 |         27 |          7 |       0 |   20 |     6 |      0 |      0 |          0 |
|                 (GEN_ADDR_FIFO.I_ADDR_QUAL_FIFO)                                  |                                    p10_ps_system_axi_dma_0_0_axi_datamover_fifo__parameterized1_22 |          1 |          1 |       0 |    0 |     2 |      0 |      0 |          0 |
|                 USE_SRL_FIFO.I_SYNC_FIFO                                          |                                            p10_ps_system_axi_dma_0_0_srl_fifo_f__parameterized2_23 |         26 |          6 |       0 |   20 |     4 |      0 |      0 |          0 |
|                   I_SRL_FIFO_RBU_F                                                |                                        p10_ps_system_axi_dma_0_0_srl_fifo_rbu_f__parameterized2_24 |         26 |          6 |       0 |   20 |     4 |      0 |      0 |          0 |
|                     (I_SRL_FIFO_RBU_F)                                            |                                        p10_ps_system_axi_dma_0_0_srl_fifo_rbu_f__parameterized2_24 |          1 |          1 |       0 |    0 |     1 |      0 |      0 |          0 |
|                     CNTR_INCR_DECR_ADDN_F_I                                       |                                                 p10_ps_system_axi_dma_0_0_cntr_incr_decr_addn_f_25 |          4 |          4 |       0 |    0 |     3 |      0 |      0 |          0 |
|                     DYNSHREG_F_I                                                  |                                            p10_ps_system_axi_dma_0_0_dynshreg_f__parameterized2_26 |         22 |          2 |       0 |   20 |     0 |      0 |      0 |          0 |
|             I_CMD_STATUS                                                          |                                                 p10_ps_system_axi_dma_0_0_axi_datamover_cmd_status |         10 |         10 |       0 |    0 |    73 |      0 |      0 |          0 |
|               GEN_INCLUDE_STATUS_FIFO.I_STS_FIFO                                  |                                       p10_ps_system_axi_dma_0_0_axi_datamover_fifo__parameterized0 |          5 |          5 |       0 |    0 |     7 |      0 |      0 |          0 |
|               I_CMD_FIFO                                                          |                                                    p10_ps_system_axi_dma_0_0_axi_datamover_fifo_21 |          5 |          5 |       0 |    0 |    66 |      0 |      0 |          0 |
|             I_MSTR_PCC                                                            |                                                        p10_ps_system_axi_dma_0_0_axi_datamover_pcc |        147 |        147 |       0 |    0 |   169 |      0 |      0 |          0 |
|               (I_MSTR_PCC)                                                        |                                                        p10_ps_system_axi_dma_0_0_axi_datamover_pcc |        146 |        146 |       0 |    0 |   169 |      0 |      0 |          0 |
|               I_STRT_STRB_GEN                                                     |                                                  p10_ps_system_axi_dma_0_0_axi_datamover_strb_gen2 |          1 |          1 |       0 |    0 |     0 |      0 |      0 |          0 |
|             I_RD_DATA_CNTL                                                        |                                                p10_ps_system_axi_dma_0_0_axi_datamover_rddata_cntl |         57 |         45 |       0 |   12 |    45 |      0 |      0 |          0 |
|               (I_RD_DATA_CNTL)                                                    |                                                p10_ps_system_axi_dma_0_0_axi_datamover_rddata_cntl |         24 |         24 |       0 |    0 |    39 |      0 |      0 |          0 |
|               GEN_DATA_CNTL_FIFO.I_DATA_CNTL_FIFO                                 |                                       p10_ps_system_axi_dma_0_0_axi_datamover_fifo__parameterized2 |         33 |         21 |       0 |   12 |     6 |      0 |      0 |          0 |
|                 (GEN_DATA_CNTL_FIFO.I_DATA_CNTL_FIFO)                             |                                       p10_ps_system_axi_dma_0_0_axi_datamover_fifo__parameterized2 |          1 |          1 |       0 |    0 |     2 |      0 |      0 |          0 |
|                 USE_SRL_FIFO.I_SYNC_FIFO                                          |                                               p10_ps_system_axi_dma_0_0_srl_fifo_f__parameterized3 |         32 |         20 |       0 |   12 |     4 |      0 |      0 |          0 |
|                   I_SRL_FIFO_RBU_F                                                |                                           p10_ps_system_axi_dma_0_0_srl_fifo_rbu_f__parameterized3 |         32 |         20 |       0 |   12 |     4 |      0 |      0 |          0 |
|                     (I_SRL_FIFO_RBU_F)                                            |                                           p10_ps_system_axi_dma_0_0_srl_fifo_rbu_f__parameterized3 |          1 |          1 |       0 |    0 |     1 |      0 |      0 |          0 |
|                     CNTR_INCR_DECR_ADDN_F_I                                       |                                                 p10_ps_system_axi_dma_0_0_cntr_incr_decr_addn_f_20 |         14 |         14 |       0 |    0 |     3 |      0 |      0 |          0 |
|                     DYNSHREG_F_I                                                  |                                               p10_ps_system_axi_dma_0_0_dynshreg_f__parameterized3 |         18 |          6 |       0 |   12 |     0 |      0 |      0 |          0 |
|             I_RD_STATUS_CNTLR                                                     |                                             p10_ps_system_axi_dma_0_0_axi_datamover_rd_status_cntl |          3 |          3 |       0 |    0 |     6 |      0 |      0 |          0 |
|             I_RESET                                                               |                                                   p10_ps_system_axi_dma_0_0_axi_datamover_reset_19 |          2 |          2 |       0 |    0 |     3 |      0 |      0 |          0 |
|           GEN_S2MM_FULL.I_S2MM_FULL_WRAPPER                                       |                                             p10_ps_system_axi_dma_0_0_axi_datamover_s2mm_full_wrap |        870 |        795 |       8 |   67 |  1174 |      1 |      0 |          0 |
|             ENABLE_AXIS_SKID.I_S2MM_STRM_SKID_BUF                                 |                                                   p10_ps_system_axi_dma_0_0_axi_datamover_skid_buf |         46 |         46 |       0 |    0 |    80 |      0 |      0 |          0 |
|             GEN_ENABLE_INDET_BTT_SF.I_INDET_BTT                                   |                                                  p10_ps_system_axi_dma_0_0_axi_datamover_indet_btt |        167 |        159 |       8 |    0 |   193 |      1 |      0 |          0 |
|               (GEN_ENABLE_INDET_BTT_SF.I_INDET_BTT)                               |                                                  p10_ps_system_axi_dma_0_0_axi_datamover_indet_btt |          2 |          2 |       0 |    0 |    14 |      0 |      0 |          0 |
|               ENABLE_AXIS_SKID.I_INDET_BTT_SKID_BUF                               |                                   p10_ps_system_axi_dma_0_0_axi_datamover_skid_buf__parameterized0 |         48 |         48 |       0 |    0 |    86 |      0 |      0 |          0 |
|               I_DATA_FIFO                                                         |                               p10_ps_system_axi_dma_0_0_axi_datamover_sfifo_autord__parameterized1 |         46 |         46 |       0 |    0 |    39 |      1 |      0 |          0 |
|                 BLK_MEM.I_SYNC_FIFOGEN_FIFO                                       |                                             p10_ps_system_axi_dma_0_0_sync_fifo_fg__parameterized1 |         46 |         46 |       0 |    0 |    39 |      1 |      0 |          0 |
|                   (BLK_MEM.I_SYNC_FIFOGEN_FIFO)                                   |                                             p10_ps_system_axi_dma_0_0_sync_fifo_fg__parameterized1 |          5 |          5 |       0 |    0 |     0 |      0 |      0 |          0 |
|                   xpm_fifo_instance.xpm_fifo_sync_inst                            |                                            p10_ps_system_axi_dma_0_0_xpm_fifo_sync__parameterized3 |         41 |         41 |       0 |    0 |    39 |      1 |      0 |          0 |
|                     xpm_fifo_base_inst                                            |                                            p10_ps_system_axi_dma_0_0_xpm_fifo_base__parameterized1 |         41 |         41 |       0 |    0 |    39 |      1 |      0 |          0 |
|                       (xpm_fifo_base_inst)                                        |                                            p10_ps_system_axi_dma_0_0_xpm_fifo_base__parameterized1 |          3 |          3 |       0 |    0 |     5 |      0 |      0 |          0 |
|                       gen_sdpram.xpm_memory_base_inst                             |                                          p10_ps_system_axi_dma_0_0_xpm_memory_base__parameterized1 |          0 |          0 |       0 |    0 |     0 |      1 |      0 |          0 |
|                       rdp_inst                                                    |                                         p10_ps_system_axi_dma_0_0_xpm_counter_updn__parameterized2 |         14 |         14 |       0 |    0 |     7 |      0 |      0 |          0 |
|                       rdpp1_inst                                                  |                                         p10_ps_system_axi_dma_0_0_xpm_counter_updn__parameterized3 |          7 |          7 |       0 |    0 |     7 |      0 |      0 |          0 |
|                       rst_d1_inst                                                 |                                                      p10_ps_system_axi_dma_0_0_xpm_fifo_reg_bit_14 |          1 |          1 |       0 |    0 |     1 |      0 |      0 |          0 |
|                       wrp_inst                                                    |                                      p10_ps_system_axi_dma_0_0_xpm_counter_updn__parameterized2_15 |         10 |         10 |       0 |    0 |     7 |      0 |      0 |          0 |
|                       wrpp1_inst                                                  |                                      p10_ps_system_axi_dma_0_0_xpm_counter_updn__parameterized3_16 |          6 |          6 |       0 |    0 |     7 |      0 |      0 |          0 |
|                       xpm_fifo_rst_inst                                           |                                                          p10_ps_system_axi_dma_0_0_xpm_fifo_rst_17 |          2 |          2 |       0 |    0 |     5 |      0 |      0 |          0 |
|               I_XD_FIFO                                                           |                               p10_ps_system_axi_dma_0_0_axi_datamover_sfifo_autord__parameterized0 |         71 |         63 |       8 |    0 |    54 |      0 |      0 |          0 |
|                 NON_BLK_MEM.I_SYNC_FIFOGEN_FIFO                                   |                                             p10_ps_system_axi_dma_0_0_sync_fifo_fg__parameterized0 |         71 |         63 |       8 |    0 |    54 |      0 |      0 |          0 |
|                   (NON_BLK_MEM.I_SYNC_FIFOGEN_FIFO)                               |                                             p10_ps_system_axi_dma_0_0_sync_fifo_fg__parameterized0 |         27 |         27 |       0 |    0 |     0 |      0 |      0 |          0 |
|                   xpm_fifo_instance.xpm_fifo_sync_inst                            |                                            p10_ps_system_axi_dma_0_0_xpm_fifo_sync__parameterized1 |         44 |         36 |       8 |    0 |    54 |      0 |      0 |          0 |
|                     xpm_fifo_base_inst                                            |                                            p10_ps_system_axi_dma_0_0_xpm_fifo_base__parameterized0 |         44 |         36 |       8 |    0 |    54 |      0 |      0 |          0 |
|                       (xpm_fifo_base_inst)                                        |                                            p10_ps_system_axi_dma_0_0_xpm_fifo_base__parameterized0 |          3 |          3 |       0 |    0 |    10 |      0 |      0 |          0 |
|                       gen_fwft.rdpp1_inst                                         |                                         p10_ps_system_axi_dma_0_0_xpm_counter_updn__parameterized1 |          4 |          4 |       0 |    0 |     2 |      0 |      0 |          0 |
|                       gen_sdpram.xpm_memory_base_inst                             |                                          p10_ps_system_axi_dma_0_0_xpm_memory_base__parameterized0 |          8 |          0 |       8 |    0 |    18 |      0 |      0 |          0 |
|                       rdp_inst                                                    |                                         p10_ps_system_axi_dma_0_0_xpm_counter_updn__parameterized6 |         11 |         11 |       0 |    0 |     5 |      0 |      0 |          0 |
|                       rdpp1_inst                                                  |                                         p10_ps_system_axi_dma_0_0_xpm_counter_updn__parameterized7 |          3 |          3 |       0 |    0 |     4 |      0 |      0 |          0 |
|                       rst_d1_inst                                                 |                                                         p10_ps_system_axi_dma_0_0_xpm_fifo_reg_bit |          1 |          1 |       0 |    0 |     1 |      0 |      0 |          0 |
|                       wrp_inst                                                    |                                      p10_ps_system_axi_dma_0_0_xpm_counter_updn__parameterized6_12 |         10 |         10 |       0 |    0 |     5 |      0 |      0 |          0 |
|                       wrpp1_inst                                                  |                                      p10_ps_system_axi_dma_0_0_xpm_counter_updn__parameterized7_13 |          3 |          3 |       0 |    0 |     4 |      0 |      0 |          0 |
|                       xpm_fifo_rst_inst                                           |                                                             p10_ps_system_axi_dma_0_0_xpm_fifo_rst |          2 |          2 |       0 |    0 |     5 |      0 |      0 |          0 |
|             GEN_INCLUDE_IBTTCC.I_S2MM_MSTR_IBTTCC                                 |                                                     p10_ps_system_axi_dma_0_0_axi_datamover_ibttcc |        156 |        156 |       0 |    0 |   252 |      0 |      0 |          0 |
|             GEN_INCLUDE_REALIGNER.I_S2MM_REALIGNER                                |                                               p10_ps_system_axi_dma_0_0_axi_datamover_s2mm_realign |        291 |        270 |       0 |   21 |   301 |      0 |      0 |          0 |
|               (GEN_INCLUDE_REALIGNER.I_S2MM_REALIGNER)                            |                                               p10_ps_system_axi_dma_0_0_axi_datamover_s2mm_realign |          0 |          0 |       0 |    0 |     8 |      0 |      0 |          0 |
|               GEN_INCLUDE_DRE.I_S2MM_DRE_BLOCK                                    |                                                   p10_ps_system_axi_dma_0_0_axi_datamover_s2mm_dre |         76 |         76 |       0 |    0 |   113 |      0 |      0 |          0 |
|               GEN_INCLUDE_SCATTER.I_S2MM_SCATTER                                  |                                               p10_ps_system_axi_dma_0_0_axi_datamover_s2mm_scatter |        185 |        181 |       0 |    4 |   173 |      0 |      0 |          0 |
|                 (GEN_INCLUDE_SCATTER.I_S2MM_SCATTER)                              |                                               p10_ps_system_axi_dma_0_0_axi_datamover_s2mm_scatter |         84 |         84 |       0 |    0 |    69 |      0 |      0 |          0 |
|                 I_MSSAI_SKID_BUF                                                  |                                             p10_ps_system_axi_dma_0_0_axi_datamover_mssai_skid_buf |         54 |         54 |       0 |    0 |    83 |      0 |      0 |          0 |
|                 I_TSTRB_FIFO                                                      |                                       p10_ps_system_axi_dma_0_0_axi_datamover_fifo__parameterized8 |         29 |         25 |       0 |    4 |    10 |      0 |      0 |          0 |
|                   (I_TSTRB_FIFO)                                                  |                                       p10_ps_system_axi_dma_0_0_axi_datamover_fifo__parameterized8 |          2 |          2 |       0 |    0 |     4 |      0 |      0 |          0 |
|                   USE_SRL_FIFO.I_SYNC_FIFO                                        |                                               p10_ps_system_axi_dma_0_0_srl_fifo_f__parameterized8 |         27 |         23 |       0 |    4 |     6 |      0 |      0 |          0 |
|                     I_SRL_FIFO_RBU_F                                              |                                           p10_ps_system_axi_dma_0_0_srl_fifo_rbu_f__parameterized8 |         27 |         23 |       0 |    4 |     6 |      0 |      0 |          0 |
|                       (I_SRL_FIFO_RBU_F)                                          |                                           p10_ps_system_axi_dma_0_0_srl_fifo_rbu_f__parameterized8 |          0 |          0 |       0 |    0 |     1 |      0 |      0 |          0 |
|                       CNTR_INCR_DECR_ADDN_F_I                                     |                                    p10_ps_system_axi_dma_0_0_cntr_incr_decr_addn_f__parameterized0 |         17 |         17 |       0 |    0 |     5 |      0 |      0 |          0 |
|                       DYNSHREG_F_I                                                |                                               p10_ps_system_axi_dma_0_0_dynshreg_f__parameterized8 |         10 |          6 |       0 |    4 |     0 |      0 |      0 |          0 |
|                 SLICE_INSERTION                                                   |                                                      p10_ps_system_axi_dma_0_0_axi_datamover_slice |         19 |         19 |       0 |    0 |    11 |      0 |      0 |          0 |
|               I_DRE_CNTL_FIFO                                                     |                                       p10_ps_system_axi_dma_0_0_axi_datamover_fifo__parameterized7 |         32 |         15 |       0 |   17 |     7 |      0 |      0 |          0 |
|                 (I_DRE_CNTL_FIFO)                                                 |                                       p10_ps_system_axi_dma_0_0_axi_datamover_fifo__parameterized7 |          3 |          3 |       0 |    0 |     3 |      0 |      0 |          0 |
|                 USE_SRL_FIFO.I_SYNC_FIFO                                          |                                               p10_ps_system_axi_dma_0_0_srl_fifo_f__parameterized7 |         29 |         12 |       0 |   17 |     4 |      0 |      0 |          0 |
|                   I_SRL_FIFO_RBU_F                                                |                                           p10_ps_system_axi_dma_0_0_srl_fifo_rbu_f__parameterized7 |         29 |         12 |       0 |   17 |     4 |      0 |      0 |          0 |
|                     (I_SRL_FIFO_RBU_F)                                            |                                           p10_ps_system_axi_dma_0_0_srl_fifo_rbu_f__parameterized7 |          0 |          0 |       0 |    0 |     1 |      0 |      0 |          0 |
|                     CNTR_INCR_DECR_ADDN_F_I                                       |                                                 p10_ps_system_axi_dma_0_0_cntr_incr_decr_addn_f_11 |          7 |          7 |       0 |    0 |     3 |      0 |      0 |          0 |
|                     DYNSHREG_F_I                                                  |                                               p10_ps_system_axi_dma_0_0_dynshreg_f__parameterized7 |         22 |          5 |       0 |   17 |     0 |      0 |      0 |          0 |
|             I_ADDR_CNTL                                                           |                                  p10_ps_system_axi_dma_0_0_axi_datamover_addr_cntl__parameterized0 |         29 |          9 |       0 |   20 |    50 |      0 |      0 |          0 |
|               (I_ADDR_CNTL)                                                       |                                  p10_ps_system_axi_dma_0_0_axi_datamover_addr_cntl__parameterized0 |          1 |          1 |       0 |    0 |    44 |      0 |      0 |          0 |
|               GEN_ADDR_FIFO.I_ADDR_QUAL_FIFO                                      |                                       p10_ps_system_axi_dma_0_0_axi_datamover_fifo__parameterized1 |         28 |          8 |       0 |   20 |     6 |      0 |      0 |          0 |
|                 (GEN_ADDR_FIFO.I_ADDR_QUAL_FIFO)                                  |                                       p10_ps_system_axi_dma_0_0_axi_datamover_fifo__parameterized1 |          1 |          1 |       0 |    0 |     2 |      0 |      0 |          0 |
|                 USE_SRL_FIFO.I_SYNC_FIFO                                          |                                               p10_ps_system_axi_dma_0_0_srl_fifo_f__parameterized2 |         27 |          7 |       0 |   20 |     4 |      0 |      0 |          0 |
|                   I_SRL_FIFO_RBU_F                                                |                                           p10_ps_system_axi_dma_0_0_srl_fifo_rbu_f__parameterized2 |         27 |          7 |       0 |   20 |     4 |      0 |      0 |          0 |
|                     (I_SRL_FIFO_RBU_F)                                            |                                           p10_ps_system_axi_dma_0_0_srl_fifo_rbu_f__parameterized2 |          0 |          0 |       0 |    0 |     1 |      0 |      0 |          0 |
|                     CNTR_INCR_DECR_ADDN_F_I                                       |                                                 p10_ps_system_axi_dma_0_0_cntr_incr_decr_addn_f_10 |          5 |          5 |       0 |    0 |     3 |      0 |      0 |          0 |
|                     DYNSHREG_F_I                                                  |                                               p10_ps_system_axi_dma_0_0_dynshreg_f__parameterized2 |         22 |          2 |       0 |   20 |     0 |      0 |      0 |          0 |
|             I_CMD_STATUS                                                          |                                 p10_ps_system_axi_dma_0_0_axi_datamover_cmd_status__parameterized0 |         21 |         21 |       0 |    0 |    95 |      0 |      0 |          0 |
|               GEN_INCLUDE_STATUS_FIFO.I_STS_FIFO                                  |                                       p10_ps_system_axi_dma_0_0_axi_datamover_fifo__parameterized4 |         18 |         18 |       0 |    0 |    33 |      0 |      0 |          0 |
|               I_CMD_FIFO                                                          |                                                       p10_ps_system_axi_dma_0_0_axi_datamover_fifo |          3 |          3 |       0 |    0 |    62 |      0 |      0 |          0 |
|             I_RESET                                                               |                                                      p10_ps_system_axi_dma_0_0_axi_datamover_reset |          3 |          3 |       0 |    0 |     3 |      0 |      0 |          0 |
|             I_S2MM_MMAP_SKID_BUF                                                  |                                                p10_ps_system_axi_dma_0_0_axi_datamover_skid2mm_buf |         36 |         36 |       0 |    0 |    78 |      0 |      0 |          0 |
|             I_WR_DATA_CNTL                                                        |                                                p10_ps_system_axi_dma_0_0_axi_datamover_wrdata_cntl |         80 |         72 |       0 |    8 |    65 |      0 |      0 |          0 |
|               (I_WR_DATA_CNTL)                                                    |                                                p10_ps_system_axi_dma_0_0_axi_datamover_wrdata_cntl |         47 |         47 |       0 |    0 |    59 |      0 |      0 |          0 |
|               GEN_DATA_CNTL_FIFO.I_DATA_CNTL_FIFO                                 |                                       p10_ps_system_axi_dma_0_0_axi_datamover_fifo__parameterized9 |         33 |         25 |       0 |    8 |     6 |      0 |      0 |          0 |
|                 (GEN_DATA_CNTL_FIFO.I_DATA_CNTL_FIFO)                             |                                       p10_ps_system_axi_dma_0_0_axi_datamover_fifo__parameterized9 |          1 |          1 |       0 |    0 |     2 |      0 |      0 |          0 |
|                 USE_SRL_FIFO.I_SYNC_FIFO                                          |                                               p10_ps_system_axi_dma_0_0_srl_fifo_f__parameterized9 |         32 |         24 |       0 |    8 |     4 |      0 |      0 |          0 |
|                   I_SRL_FIFO_RBU_F                                                |                                           p10_ps_system_axi_dma_0_0_srl_fifo_rbu_f__parameterized9 |         32 |         24 |       0 |    8 |     4 |      0 |      0 |          0 |
|                     (I_SRL_FIFO_RBU_F)                                            |                                           p10_ps_system_axi_dma_0_0_srl_fifo_rbu_f__parameterized9 |          1 |          1 |       0 |    0 |     1 |      0 |      0 |          0 |
|                     CNTR_INCR_DECR_ADDN_F_I                                       |                                                    p10_ps_system_axi_dma_0_0_cntr_incr_decr_addn_f |         15 |         15 |       0 |    0 |     3 |      0 |      0 |          0 |
|                     DYNSHREG_F_I                                                  |                                               p10_ps_system_axi_dma_0_0_dynshreg_f__parameterized9 |         17 |          9 |       0 |    8 |     0 |      0 |      0 |          0 |
|             I_WR_STATUS_CNTLR                                                     |                                             p10_ps_system_axi_dma_0_0_axi_datamover_wr_status_cntl |         56 |         38 |       0 |   18 |    57 |      0 |      0 |          0 |
|               (I_WR_STATUS_CNTLR)                                                 |                                             p10_ps_system_axi_dma_0_0_axi_datamover_wr_status_cntl |          6 |          6 |       0 |    0 |    42 |      0 |      0 |          0 |
|               GEN_ENABLE_INDET_BTT.I_SF_DATA_CNTL_STATUS_FIFO                     |                                       p10_ps_system_axi_dma_0_0_axi_datamover_fifo__parameterized6 |         32 |         16 |       0 |   16 |     7 |      0 |      0 |          0 |
|                 (GEN_ENABLE_INDET_BTT.I_SF_DATA_CNTL_STATUS_FIFO)                 |                                       p10_ps_system_axi_dma_0_0_axi_datamover_fifo__parameterized6 |          1 |          1 |       0 |    0 |     2 |      0 |      0 |          0 |
|                 USE_SRL_FIFO.I_SYNC_FIFO                                          |                                               p10_ps_system_axi_dma_0_0_srl_fifo_f__parameterized6 |         31 |         15 |       0 |   16 |     5 |      0 |      0 |          0 |
|                   I_SRL_FIFO_RBU_F                                                |                                           p10_ps_system_axi_dma_0_0_srl_fifo_rbu_f__parameterized6 |         31 |         15 |       0 |   16 |     5 |      0 |      0 |          0 |
|                     (I_SRL_FIFO_RBU_F)                                            |                                           p10_ps_system_axi_dma_0_0_srl_fifo_rbu_f__parameterized6 |          1 |          1 |       0 |    0 |     1 |      0 |      0 |          0 |
|                     CNTR_INCR_DECR_ADDN_F_I                                       |                                  p10_ps_system_axi_dma_0_0_cntr_incr_decr_addn_f__parameterized1_9 |          7 |          7 |       0 |    0 |     4 |      0 |      0 |          0 |
|                     DYNSHREG_F_I                                                  |                                               p10_ps_system_axi_dma_0_0_dynshreg_f__parameterized6 |         23 |          7 |       0 |   16 |     0 |      0 |      0 |          0 |
|               I_WRESP_STATUS_FIFO                                                 |                                       p10_ps_system_axi_dma_0_0_axi_datamover_fifo__parameterized5 |         18 |         16 |       0 |    2 |     8 |      0 |      0 |          0 |
|                 (I_WRESP_STATUS_FIFO)                                             |                                       p10_ps_system_axi_dma_0_0_axi_datamover_fifo__parameterized5 |          5 |          5 |       0 |    0 |     3 |      0 |      0 |          0 |
|                 USE_SRL_FIFO.I_SYNC_FIFO                                          |                                               p10_ps_system_axi_dma_0_0_srl_fifo_f__parameterized5 |         13 |         11 |       0 |    2 |     5 |      0 |      0 |          0 |
|                   I_SRL_FIFO_RBU_F                                                |                                           p10_ps_system_axi_dma_0_0_srl_fifo_rbu_f__parameterized5 |         13 |         11 |       0 |    2 |     5 |      0 |      0 |          0 |
|                     (I_SRL_FIFO_RBU_F)                                            |                                           p10_ps_system_axi_dma_0_0_srl_fifo_rbu_f__parameterized5 |          5 |          5 |       0 |    0 |     1 |      0 |      0 |          0 |
|                     CNTR_INCR_DECR_ADDN_F_I                                       |                                    p10_ps_system_axi_dma_0_0_cntr_incr_decr_addn_f__parameterized1 |          5 |          5 |       0 |    0 |     4 |      0 |      0 |          0 |
|                     DYNSHREG_F_I                                                  |                                               p10_ps_system_axi_dma_0_0_dynshreg_f__parameterized5 |          4 |          2 |       0 |    2 |     0 |      0 |      0 |          0 |
|         I_RST_MODULE                                                              |                                                       p10_ps_system_axi_dma_0_0_axi_dma_rst_module |         29 |         29 |       0 |    0 |    86 |      0 |      0 |          0 |
|           (I_RST_MODULE)                                                          |                                                       p10_ps_system_axi_dma_0_0_axi_dma_rst_module |          4 |          4 |       0 |    0 |     2 |      0 |      0 |          0 |
|           GEN_RESET_FOR_MM2S.RESET_I                                              |                                                            p10_ps_system_axi_dma_0_0_axi_dma_reset |         13 |         13 |       0 |    0 |    39 |      0 |      0 |          0 |
|             (GEN_RESET_FOR_MM2S.RESET_I)                                          |                                                            p10_ps_system_axi_dma_0_0_axi_dma_reset |         11 |         11 |       0 |    0 |    27 |      0 |      0 |          0 |
|             GEN_ASYNC_RESET.GEN_PRMRY_GRTR_EQL_SCNDRY.HALT_PROCESS                |                                                               p10_ps_system_axi_dma_0_0_cdc_sync_6 |          0 |          0 |       0 |    0 |     4 |      0 |      0 |          0 |
|             GEN_ASYNC_RESET.REG_HALT_CMPLT_IN                                     |                                                               p10_ps_system_axi_dma_0_0_cdc_sync_7 |          1 |          1 |       0 |    0 |     4 |      0 |      0 |          0 |
|             GEN_ASYNC_RESET.REG_RESET_OUT                                         |                                                               p10_ps_system_axi_dma_0_0_cdc_sync_8 |          1 |          1 |       0 |    0 |     4 |      0 |      0 |          0 |
|           GEN_RESET_FOR_S2MM.RESET_I                                              |                                                          p10_ps_system_axi_dma_0_0_axi_dma_reset_1 |         15 |         15 |       0 |    0 |    37 |      0 |      0 |          0 |
|             (GEN_RESET_FOR_S2MM.RESET_I)                                          |                                                          p10_ps_system_axi_dma_0_0_axi_dma_reset_1 |         13 |         13 |       0 |    0 |    25 |      0 |      0 |          0 |
|             GEN_ASYNC_RESET.GEN_PRMRY_GRTR_EQL_SCNDRY.HALT_PROCESS                |                                                               p10_ps_system_axi_dma_0_0_cdc_sync_3 |          0 |          0 |       0 |    0 |     4 |      0 |      0 |          0 |
|             GEN_ASYNC_RESET.REG_HALT_CMPLT_IN                                     |                                                               p10_ps_system_axi_dma_0_0_cdc_sync_4 |          1 |          1 |       0 |    0 |     4 |      0 |      0 |          0 |
|             GEN_ASYNC_RESET.REG_RESET_OUT                                         |                                                               p10_ps_system_axi_dma_0_0_cdc_sync_5 |          1 |          1 |       0 |    0 |     4 |      0 |      0 |          0 |
|           REG_HRD_RST                                                             |                                                                 p10_ps_system_axi_dma_0_0_cdc_sync |          0 |          0 |       0 |    0 |     4 |      0 |      0 |          0 |
|           REG_HRD_RST_OUT                                                         |                                                               p10_ps_system_axi_dma_0_0_cdc_sync_2 |          0 |          0 |       0 |    0 |     4 |      0 |      0 |          0 |
|     dma_irq_concat                                                                |                                                                     p10_ps_system_dma_irq_concat_0 |          0 |          0 |       0 |    0 |     0 |      0 |      0 |          0 |
|     gp0_interconnect                                                              |                                                                   p10_ps_system_gp0_interconnect_0 |        527 |        466 |       0 |   61 |   677 |      0 |      0 |          0 |
|       s00_couplers                                                                |                                                                            s00_couplers_imp_KA4MRP |        409 |        348 |       0 |   61 |   550 |      0 |      0 |          0 |
|         auto_pc                                                                   |                                                                            p10_ps_system_auto_pc_0 |        409 |        348 |       0 |   61 |   550 |      0 |      0 |          0 |
|           inst                                                                    |                      p10_ps_system_auto_pc_0_axi_protocol_converter_v2_1_28_axi_protocol_converter |        409 |        348 |       0 |   61 |   550 |      0 |      0 |          0 |
|             gen_axilite.gen_b2s_conv.axilite_b2s                                  |                                         p10_ps_system_auto_pc_0_axi_protocol_converter_v2_1_28_b2s |        409 |        348 |       0 |   61 |   550 |      0 |      0 |          0 |
|               (gen_axilite.gen_b2s_conv.axilite_b2s)                              |                                         p10_ps_system_auto_pc_0_axi_protocol_converter_v2_1_28_b2s |          1 |          1 |       0 |    0 |     1 |      0 |      0 |          0 |
|               RD.ar_channel_0                                                     |                              p10_ps_system_auto_pc_0_axi_protocol_converter_v2_1_28_b2s_ar_channel |         68 |         68 |       0 |    0 |    82 |      0 |      0 |          0 |
|                 (RD.ar_channel_0)                                                 |                              p10_ps_system_auto_pc_0_axi_protocol_converter_v2_1_28_b2s_ar_channel |          0 |          0 |       0 |    0 |    12 |      0 |      0 |          0 |
|                 ar_cmd_fsm_0                                                      |                              p10_ps_system_auto_pc_0_axi_protocol_converter_v2_1_28_b2s_rd_cmd_fsm |         36 |         36 |       0 |    0 |     2 |      0 |      0 |          0 |
|                 cmd_translator_0                                                  |                        p10_ps_system_auto_pc_0_axi_protocol_converter_v2_1_28_b2s_cmd_translator_1 |         32 |         32 |       0 |    0 |    68 |      0 |      0 |          0 |
|                   (cmd_translator_0)                                              |                        p10_ps_system_auto_pc_0_axi_protocol_converter_v2_1_28_b2s_cmd_translator_1 |          1 |          1 |       0 |    0 |     3 |      0 |      0 |          0 |
|                   incr_cmd_0                                                      |                              p10_ps_system_auto_pc_0_axi_protocol_converter_v2_1_28_b2s_incr_cmd_2 |         21 |         21 |       0 |    0 |    22 |      0 |      0 |          0 |
|                   wrap_cmd_0                                                      |                              p10_ps_system_auto_pc_0_axi_protocol_converter_v2_1_28_b2s_wrap_cmd_3 |         10 |         10 |       0 |    0 |    43 |      0 |      0 |          0 |
|               RD.r_channel_0                                                      |                               p10_ps_system_auto_pc_0_axi_protocol_converter_v2_1_28_b2s_r_channel |         61 |         14 |       0 |   47 |    24 |      0 |      0 |          0 |
|                 (RD.r_channel_0)                                                  |                               p10_ps_system_auto_pc_0_axi_protocol_converter_v2_1_28_b2s_r_channel |          0 |          0 |       0 |    0 |    14 |      0 |      0 |          0 |
|                 rd_data_fifo_0                                                    |             p10_ps_system_auto_pc_0_axi_protocol_converter_v2_1_28_b2s_simple_fifo__parameterized1 |         43 |          9 |       0 |   34 |     5 |      0 |      0 |          0 |
|                 transaction_fifo_0                                                |             p10_ps_system_auto_pc_0_axi_protocol_converter_v2_1_28_b2s_simple_fifo__parameterized2 |         19 |          6 |       0 |   13 |     5 |      0 |      0 |          0 |
|               SI_REG                                                              |                              p10_ps_system_auto_pc_0_axi_register_slice_v2_1_28_axi_register_slice |        173 |        173 |       0 |    0 |   340 |      0 |      0 |          0 |
|                 ar.ar_pipe                                                        |                             p10_ps_system_auto_pc_0_axi_register_slice_v2_1_28_axic_register_slice |         65 |         65 |       0 |    0 |   107 |      0 |      0 |          0 |
|                 aw.aw_pipe                                                        |                           p10_ps_system_auto_pc_0_axi_register_slice_v2_1_28_axic_register_slice_0 |         71 |         71 |       0 |    0 |   107 |      0 |      0 |          0 |
|                 b.b_pipe                                                          |             p10_ps_system_auto_pc_0_axi_register_slice_v2_1_28_axic_register_slice__parameterized1 |         10 |         10 |       0 |    0 |    30 |      0 |      0 |          0 |
|                 r.r_pipe                                                          |             p10_ps_system_auto_pc_0_axi_register_slice_v2_1_28_axic_register_slice__parameterized2 |         27 |         27 |       0 |    0 |    96 |      0 |      0 |          0 |
|               WR.aw_channel_0                                                     |                              p10_ps_system_auto_pc_0_axi_protocol_converter_v2_1_28_b2s_aw_channel |         77 |         77 |       0 |    0 |    86 |      0 |      0 |          0 |
|                 (WR.aw_channel_0)                                                 |                              p10_ps_system_auto_pc_0_axi_protocol_converter_v2_1_28_b2s_aw_channel |          0 |          0 |       0 |    0 |    16 |      0 |      0 |          0 |
|                 aw_cmd_fsm_0                                                      |                              p10_ps_system_auto_pc_0_axi_protocol_converter_v2_1_28_b2s_wr_cmd_fsm |         44 |         44 |       0 |    0 |     2 |      0 |      0 |          0 |
|                 cmd_translator_0                                                  |                          p10_ps_system_auto_pc_0_axi_protocol_converter_v2_1_28_b2s_cmd_translator |         33 |         33 |       0 |    0 |    68 |      0 |      0 |          0 |
|                   (cmd_translator_0)                                              |                          p10_ps_system_auto_pc_0_axi_protocol_converter_v2_1_28_b2s_cmd_translator |          1 |          1 |       0 |    0 |     3 |      0 |      0 |          0 |
|                   incr_cmd_0                                                      |                                p10_ps_system_auto_pc_0_axi_protocol_converter_v2_1_28_b2s_incr_cmd |         22 |         22 |       0 |    0 |    22 |      0 |      0 |          0 |
|                   wrap_cmd_0                                                      |                                p10_ps_system_auto_pc_0_axi_protocol_converter_v2_1_28_b2s_wrap_cmd |         10 |         10 |       0 |    0 |    43 |      0 |      0 |          0 |
|               WR.b_channel_0                                                      |                               p10_ps_system_auto_pc_0_axi_protocol_converter_v2_1_28_b2s_b_channel |         35 |         21 |       0 |   14 |    17 |      0 |      0 |          0 |
|                 (WR.b_channel_0)                                                  |                               p10_ps_system_auto_pc_0_axi_protocol_converter_v2_1_28_b2s_b_channel |          8 |          8 |       0 |    0 |    13 |      0 |      0 |          0 |
|                 bid_fifo_0                                                        |                             p10_ps_system_auto_pc_0_axi_protocol_converter_v2_1_28_b2s_simple_fifo |         21 |          9 |       0 |   12 |     2 |      0 |      0 |          0 |
|                 bresp_fifo_0                                                      |             p10_ps_system_auto_pc_0_axi_protocol_converter_v2_1_28_b2s_simple_fifo__parameterized0 |          6 |          4 |       0 |    2 |     2 |      0 |      0 |          0 |
|       xbar                                                                        |                                                                               p10_ps_system_xbar_0 |        118 |        118 |       0 |    0 |   127 |      0 |      0 |          0 |
|         inst                                                                      |                                             p10_ps_system_xbar_0_axi_crossbar_v2_1_29_axi_crossbar |        118 |        118 |       0 |    0 |   127 |      0 |      0 |          0 |
|           gen_sasd.crossbar_sasd_0                                                |                                            p10_ps_system_xbar_0_axi_crossbar_v2_1_29_crossbar_sasd |        118 |        118 |       0 |    0 |   127 |      0 |      0 |          0 |
|             (gen_sasd.crossbar_sasd_0)                                            |                                            p10_ps_system_xbar_0_axi_crossbar_v2_1_29_crossbar_sasd |          1 |          1 |       0 |    0 |     6 |      0 |      0 |          0 |
|             addr_arbiter_inst                                                     |                                        p10_ps_system_xbar_0_axi_crossbar_v2_1_29_addr_arbiter_sasd |         67 |         67 |       0 |    0 |    38 |      0 |      0 |          0 |
|             gen_decerr.decerr_slave_inst                                          |                                             p10_ps_system_xbar_0_axi_crossbar_v2_1_29_decerr_slave |          8 |          8 |       0 |    0 |     4 |      0 |      0 |          0 |
|             reg_slice_r                                                           |                                p10_ps_system_xbar_0_axi_register_slice_v2_1_28_axic_register_slice |         38 |         38 |       0 |    0 |    74 |      0 |      0 |          0 |
|             splitter_ar                                                           |                                 p10_ps_system_xbar_0_axi_crossbar_v2_1_29_splitter__parameterized0 |          1 |          1 |       0 |    0 |     2 |      0 |      0 |          0 |
|             splitter_aw                                                           |                                                 p10_ps_system_xbar_0_axi_crossbar_v2_1_29_splitter |          3 |          3 |       0 |    0 |     3 |      0 |      0 |          0 |
|     hp0_interconnect                                                              |                                                                   p10_ps_system_hp0_interconnect_0 |       1412 |       1329 |      10 |   73 |  1495 |      0 |      0 |          0 |
|       m00_couplers                                                                |                                                                           m00_couplers_imp_13ESIV9 |        339 |        329 |      10 |    0 |   390 |      0 |      0 |          0 |
|         auto_pc                                                                   |                                                                            p10_ps_system_auto_pc_1 |        339 |        329 |      10 |    0 |   390 |      0 |      0 |          0 |
|           (auto_pc)                                                               |                                                                            p10_ps_system_auto_pc_1 |          0 |          0 |       0 |    0 |     0 |      0 |      0 |          0 |
|           inst                                                                    |                      p10_ps_system_auto_pc_1_axi_protocol_converter_v2_1_28_axi_protocol_converter |        339 |        329 |      10 |    0 |   390 |      0 |      0 |          0 |
|             gen_axi4_axi3.axi3_conv_inst                                          |                                   p10_ps_system_auto_pc_1_axi_protocol_converter_v2_1_28_axi3_conv |        339 |        329 |      10 |    0 |   390 |      0 |      0 |          0 |
|               USE_READ.USE_SPLIT_R.read_addr_inst                                 |                 p10_ps_system_auto_pc_1_axi_protocol_converter_v2_1_28_a_axi3_conv__parameterized0 |        137 |        135 |       2 |    0 |   153 |      0 |      0 |          0 |
|                 (USE_READ.USE_SPLIT_R.read_addr_inst)                             |                 p10_ps_system_auto_pc_1_axi_protocol_converter_v2_1_28_a_axi3_conv__parameterized0 |         88 |         88 |       0 |    0 |   115 |      0 |      0 |          0 |
|                 USE_R_CHANNEL.cmd_queue                                           |                            p10_ps_system_auto_pc_1_axi_data_fifo_v2_1_27_axic_fifo__parameterized1 |         51 |         49 |       2 |    0 |    38 |      0 |      0 |          0 |
|                   inst                                                            |                             p10_ps_system_auto_pc_1_axi_data_fifo_v2_1_27_fifo_gen__parameterized1 |         51 |         49 |       2 |    0 |    38 |      0 |      0 |          0 |
|                     (inst)                                                        |                             p10_ps_system_auto_pc_1_axi_data_fifo_v2_1_27_fifo_gen__parameterized1 |         23 |         23 |       0 |    0 |     0 |      0 |      0 |          0 |
|                     fifo_gen_inst                                                 |                                     p10_ps_system_auto_pc_1_fifo_generator_v13_2_8__parameterized1 |         28 |         26 |       2 |    0 |    38 |      0 |      0 |          0 |
|                       inst_fifo_gen                                               |                               p10_ps_system_auto_pc_1_fifo_generator_v13_2_8_synth__parameterized1 |         28 |         26 |       2 |    0 |    38 |      0 |      0 |          0 |
|                         gconvfifo.rf                                              |                                         p10_ps_system_auto_pc_1_fifo_generator_top__parameterized1 |         28 |         26 |       2 |    0 |    38 |      0 |      0 |          0 |
|                           grf.rf                                                  |                                     p10_ps_system_auto_pc_1_fifo_generator_ramfifo__parameterized1 |         28 |         26 |       2 |    0 |    38 |      0 |      0 |          0 |
|                             gntv_or_sync_fifo.gl0.rd                              |                                                                 p10_ps_system_auto_pc_1_rd_logic_7 |          9 |          9 |       0 |    0 |    20 |      0 |      0 |          0 |
|                               gr1.gr1_int.rfwft                                   |                                                                 p10_ps_system_auto_pc_1_rd_fwft_11 |          6 |          6 |       0 |    0 |     8 |      0 |      0 |          0 |
|                               grss.rsts                                           |                                                      p10_ps_system_auto_pc_1_rd_status_flags_ss_12 |          0 |          0 |       0 |    0 |     2 |      0 |      0 |          0 |
|                               rpntr                                               |                                                             p10_ps_system_auto_pc_1_rd_bin_cntr_13 |          3 |          3 |       0 |    0 |    10 |      0 |      0 |          0 |
|                             gntv_or_sync_fifo.gl0.wr                              |                                                                 p10_ps_system_auto_pc_1_wr_logic_8 |         12 |         12 |       0 |    0 |    12 |      0 |      0 |          0 |
|                               gwss.wsts                                           |                                                       p10_ps_system_auto_pc_1_wr_status_flags_ss_9 |          2 |          2 |       0 |    0 |     2 |      0 |      0 |          0 |
|                               wpntr                                               |                                                             p10_ps_system_auto_pc_1_wr_bin_cntr_10 |         11 |         11 |       0 |    0 |    10 |      0 |      0 |          0 |
|                             gntv_or_sync_fifo.mem                                 |                                                     p10_ps_system_auto_pc_1_memory__parameterized1 |          3 |          1 |       2 |    0 |     2 |      0 |      0 |          0 |
|                               (gntv_or_sync_fifo.mem)                             |                                                     p10_ps_system_auto_pc_1_memory__parameterized1 |          0 |          0 |       0 |    0 |     1 |      0 |      0 |          0 |
|                               gdm.dm_gen.dm                                       |                                                       p10_ps_system_auto_pc_1_dmem__parameterized1 |          3 |          1 |       2 |    0 |     1 |      0 |      0 |          0 |
|                             rstblk                                                |                                                          p10_ps_system_auto_pc_1_reset_blk_ramfifo |          4 |          4 |       0 |    0 |     4 |      0 |      0 |          0 |
|                               (rstblk)                                            |                                                          p10_ps_system_auto_pc_1_reset_blk_ramfifo |          4 |          4 |       0 |    0 |     2 |      0 |      0 |          0 |
|                               ngwrdrst.grst.g7serrst.gnsckt_wrst.rst_wr_reg2_inst |                                                          p10_ps_system_auto_pc_1_xpm_cdc_async_rst |          0 |          0 |       0 |    0 |     2 |      0 |      0 |          0 |
|               USE_WRITE.USE_SPLIT_W.write_resp_inst                               |                                 p10_ps_system_auto_pc_1_axi_protocol_converter_v2_1_28_b_downsizer |          9 |          9 |       0 |    0 |     7 |      0 |      0 |          0 |
|               USE_WRITE.write_addr_inst                                           |                                 p10_ps_system_auto_pc_1_axi_protocol_converter_v2_1_28_a_axi3_conv |        181 |        173 |       8 |    0 |   221 |      0 |      0 |          0 |
|                 (USE_WRITE.write_addr_inst)                                       |                                 p10_ps_system_auto_pc_1_axi_protocol_converter_v2_1_28_a_axi3_conv |         87 |         87 |       0 |    0 |   127 |      0 |      0 |          0 |
|                 USE_BURSTS.cmd_queue                                              |                                            p10_ps_system_auto_pc_1_axi_data_fifo_v2_1_27_axic_fifo |         58 |         54 |       4 |    0 |    48 |      0 |      0 |          0 |
|                   inst                                                            |                                             p10_ps_system_auto_pc_1_axi_data_fifo_v2_1_27_fifo_gen |         58 |         54 |       4 |    0 |    48 |      0 |      0 |          0 |
|                     (inst)                                                        |                                             p10_ps_system_auto_pc_1_axi_data_fifo_v2_1_27_fifo_gen |         28 |         28 |       0 |    0 |     0 |      0 |      0 |          0 |
|                     fifo_gen_inst                                                 |                                                     p10_ps_system_auto_pc_1_fifo_generator_v13_2_8 |         30 |         26 |       4 |    0 |    48 |      0 |      0 |          0 |
|                       inst_fifo_gen                                               |                                               p10_ps_system_auto_pc_1_fifo_generator_v13_2_8_synth |         30 |         26 |       4 |    0 |    48 |      0 |      0 |          0 |
|                         gconvfifo.rf                                              |                                                         p10_ps_system_auto_pc_1_fifo_generator_top |         30 |         26 |       4 |    0 |    48 |      0 |      0 |          0 |
|                           grf.rf                                                  |                                                     p10_ps_system_auto_pc_1_fifo_generator_ramfifo |         30 |         26 |       4 |    0 |    48 |      0 |      0 |          0 |
|                             gntv_or_sync_fifo.gl0.rd                              |                                                                 p10_ps_system_auto_pc_1_rd_logic_0 |          9 |          9 |       0 |    0 |    20 |      0 |      0 |          0 |
|                               gr1.gr1_int.rfwft                                   |                                                                  p10_ps_system_auto_pc_1_rd_fwft_4 |          6 |          6 |       0 |    0 |     8 |      0 |      0 |          0 |
|                               grss.rsts                                           |                                                       p10_ps_system_auto_pc_1_rd_status_flags_ss_5 |          0 |          0 |       0 |    0 |     2 |      0 |      0 |          0 |
|                               rpntr                                               |                                                              p10_ps_system_auto_pc_1_rd_bin_cntr_6 |          3 |          3 |       0 |    0 |    10 |      0 |      0 |          0 |
|                             gntv_or_sync_fifo.gl0.wr                              |                                                                 p10_ps_system_auto_pc_1_wr_logic_1 |         12 |         12 |       0 |    0 |    12 |      0 |      0 |          0 |
|                               gwss.wsts                                           |                                                       p10_ps_system_auto_pc_1_wr_status_flags_ss_2 |          2 |          2 |       0 |    0 |     2 |      0 |      0 |          0 |
|                               wpntr                                               |                                                              p10_ps_system_auto_pc_1_wr_bin_cntr_3 |         11 |         11 |       0 |    0 |    10 |      0 |      0 |          0 |
|                             gntv_or_sync_fifo.mem                                 |                                                                     p10_ps_system_auto_pc_1_memory |          4 |          0 |       4 |    0 |    12 |      0 |      0 |          0 |
|                               (gntv_or_sync_fifo.mem)                             |                                                                     p10_ps_system_auto_pc_1_memory |          0 |          0 |       0 |    0 |     6 |      0 |      0 |          0 |
|                               gdm.dm_gen.dm                                       |                                                                       p10_ps_system_auto_pc_1_dmem |          4 |          0 |       4 |    0 |     6 |      0 |      0 |          0 |
|                             rstblk                                                |                                               p10_ps_system_auto_pc_1_reset_blk_ramfifo__xdcDup__1 |          5 |          5 |       0 |    0 |     4 |      0 |      0 |          0 |
|                               (rstblk)                                            |                                               p10_ps_system_auto_pc_1_reset_blk_ramfifo__xdcDup__1 |          5 |          5 |       0 |    0 |     2 |      0 |      0 |          0 |
|                               ngwrdrst.grst.g7serrst.gnsckt_wrst.rst_wr_reg2_inst |                                                       p10_ps_system_auto_pc_1_xpm_cdc_async_rst__3 |          0 |          0 |       0 |    0 |     2 |      0 |      0 |          0 |
|                 USE_B_CHANNEL.cmd_b_queue                                         |                            p10_ps_system_auto_pc_1_axi_data_fifo_v2_1_27_axic_fifo__parameterized0 |         38 |         34 |       4 |    0 |    46 |      0 |      0 |          0 |
|                   inst                                                            |                             p10_ps_system_auto_pc_1_axi_data_fifo_v2_1_27_fifo_gen__parameterized0 |         38 |         34 |       4 |    0 |    46 |      0 |      0 |          0 |
|                     (inst)                                                        |                             p10_ps_system_auto_pc_1_axi_data_fifo_v2_1_27_fifo_gen__parameterized0 |          8 |          8 |       0 |    0 |     0 |      0 |      0 |          0 |
|                     fifo_gen_inst                                                 |                                     p10_ps_system_auto_pc_1_fifo_generator_v13_2_8__parameterized0 |         30 |         26 |       4 |    0 |    46 |      0 |      0 |          0 |
|                       inst_fifo_gen                                               |                               p10_ps_system_auto_pc_1_fifo_generator_v13_2_8_synth__parameterized0 |         30 |         26 |       4 |    0 |    46 |      0 |      0 |          0 |
|                         gconvfifo.rf                                              |                                         p10_ps_system_auto_pc_1_fifo_generator_top__parameterized0 |         30 |         26 |       4 |    0 |    46 |      0 |      0 |          0 |
|                           grf.rf                                                  |                                     p10_ps_system_auto_pc_1_fifo_generator_ramfifo__parameterized0 |         30 |         26 |       4 |    0 |    46 |      0 |      0 |          0 |
|                             gntv_or_sync_fifo.gl0.rd                              |                                                                   p10_ps_system_auto_pc_1_rd_logic |          9 |          9 |       0 |    0 |    20 |      0 |      0 |          0 |
|                               gr1.gr1_int.rfwft                                   |                                                                    p10_ps_system_auto_pc_1_rd_fwft |          6 |          6 |       0 |    0 |     8 |      0 |      0 |          0 |
|                               grss.rsts                                           |                                                         p10_ps_system_auto_pc_1_rd_status_flags_ss |          0 |          0 |       0 |    0 |     2 |      0 |      0 |          0 |
|                               rpntr                                               |                                                                p10_ps_system_auto_pc_1_rd_bin_cntr |          3 |          3 |       0 |    0 |    10 |      0 |      0 |          0 |
|                             gntv_or_sync_fifo.gl0.wr                              |                                                                   p10_ps_system_auto_pc_1_wr_logic |         12 |         12 |       0 |    0 |    12 |      0 |      0 |          0 |
|                               gwss.wsts                                           |                                                         p10_ps_system_auto_pc_1_wr_status_flags_ss |          2 |          2 |       0 |    0 |     2 |      0 |      0 |          0 |
|                               wpntr                                               |                                                                p10_ps_system_auto_pc_1_wr_bin_cntr |         11 |         11 |       0 |    0 |    10 |      0 |      0 |          0 |
|                             gntv_or_sync_fifo.mem                                 |                                                     p10_ps_system_auto_pc_1_memory__parameterized0 |          4 |          0 |       4 |    0 |    10 |      0 |      0 |          0 |
|                               (gntv_or_sync_fifo.mem)                             |                                                     p10_ps_system_auto_pc_1_memory__parameterized0 |          0 |          0 |       0 |    0 |     5 |      0 |      0 |          0 |
|                               gdm.dm_gen.dm                                       |                                                       p10_ps_system_auto_pc_1_dmem__parameterized0 |          4 |          0 |       4 |    0 |     5 |      0 |      0 |          0 |
|                             rstblk                                                |                                               p10_ps_system_auto_pc_1_reset_blk_ramfifo__xdcDup__2 |          5 |          5 |       0 |    0 |     4 |      0 |      0 |          0 |
|                               (rstblk)                                            |                                               p10_ps_system_auto_pc_1_reset_blk_ramfifo__xdcDup__2 |          5 |          5 |       0 |    0 |     2 |      0 |      0 |          0 |
|                               ngwrdrst.grst.g7serrst.gnsckt_wrst.rst_wr_reg2_inst |                                                       p10_ps_system_auto_pc_1_xpm_cdc_async_rst__4 |          0 |          0 |       0 |    0 |     2 |      0 |      0 |          0 |
|               USE_WRITE.write_data_inst                                           |                                 p10_ps_system_auto_pc_1_axi_protocol_converter_v2_1_28_w_axi3_conv |         15 |         15 |       0 |    0 |     9 |      0 |      0 |          0 |
|       s00_couplers                                                                |                                                                           s00_couplers_imp_14GE516 |        158 |        137 |       0 |   21 |   228 |      0 |      0 |          0 |
|         auto_us                                                                   |                                                                            p10_ps_system_auto_us_0 |        158 |        137 |       0 |   21 |   228 |      0 |      0 |          0 |
|           inst                                                                    |                                           p10_ps_system_auto_us_0_axi_dwidth_converter_v2_1_28_top |        158 |        137 |       0 |   21 |   228 |      0 |      0 |          0 |
|             gen_upsizer.gen_full_upsizer.axi_upsizer_inst                         |                                   p10_ps_system_auto_us_0_axi_dwidth_converter_v2_1_28_axi_upsizer |        158 |        137 |       0 |   21 |   228 |      0 |      0 |          0 |
|               USE_READ.gen_non_fifo_r_upsizer.mi_register_slice_inst              |                              p10_ps_system_auto_us_0_axi_register_slice_v2_1_28_axi_register_slice |         36 |         36 |       0 |    0 |   136 |      0 |      0 |          0 |
|                 r.r_pipe                                                          |             p10_ps_system_auto_us_0_axi_register_slice_v2_1_28_axic_register_slice__parameterized2 |         36 |         36 |       0 |    0 |   136 |      0 |      0 |          0 |
|               USE_READ.gen_non_fifo_r_upsizer.read_data_inst                      |                                     p10_ps_system_auto_us_0_axi_dwidth_converter_v2_1_28_r_upsizer |         54 |         54 |       0 |    0 |    18 |      0 |      0 |          0 |
|               USE_READ.read_addr_inst                                             |                                     p10_ps_system_auto_us_0_axi_dwidth_converter_v2_1_28_a_upsizer |         48 |         27 |       0 |   21 |    30 |      0 |      0 |          0 |
|                 (USE_READ.read_addr_inst)                                         |                                     p10_ps_system_auto_us_0_axi_dwidth_converter_v2_1_28_a_upsizer |          0 |          0 |       0 |    0 |     1 |      0 |      0 |          0 |
|                 GEN_CMD_QUEUE.cmd_queue                                           |                                     p10_ps_system_auto_us_0_generic_baseblocks_v2_1_0_command_fifo |         48 |         27 |       0 |   21 |    29 |      0 |      0 |          0 |
|               si_register_slice_inst                                              |              p10_ps_system_auto_us_0_axi_register_slice_v2_1_28_axi_register_slice__parameterized0 |         24 |         24 |       0 |    0 |    44 |      0 |      0 |          0 |
|                 ar.ar_pipe                                                        |                             p10_ps_system_auto_us_0_axi_register_slice_v2_1_28_axic_register_slice |         24 |         24 |       0 |    0 |    44 |      0 |      0 |          0 |
|       s01_couplers                                                                |                                                                            s01_couplers_imp_2ZB226 |        182 |        160 |       0 |   22 |   166 |      0 |      0 |          0 |
|         auto_us                                                                   |                                                                            p10_ps_system_auto_us_1 |        182 |        160 |       0 |   22 |   166 |      0 |      0 |          0 |
|           inst                                                                    |                                           p10_ps_system_auto_us_1_axi_dwidth_converter_v2_1_28_top |        182 |        160 |       0 |   22 |   166 |      0 |      0 |          0 |
|             gen_upsizer.gen_full_upsizer.axi_upsizer_inst                         |                                   p10_ps_system_auto_us_1_axi_dwidth_converter_v2_1_28_axi_upsizer |        182 |        160 |       0 |   22 |   166 |      0 |      0 |          0 |
|               USE_WRITE.gen_non_fifo_w_upsizer.write_data_inst                    |                                     p10_ps_system_auto_us_1_axi_dwidth_converter_v2_1_28_w_upsizer |         99 |         99 |       0 |    0 |    90 |      0 |      0 |          0 |
|               USE_WRITE.write_addr_inst                                           |                                     p10_ps_system_auto_us_1_axi_dwidth_converter_v2_1_28_a_upsizer |         57 |         35 |       0 |   22 |    31 |      0 |      0 |          0 |
|                 (USE_WRITE.write_addr_inst)                                       |                                     p10_ps_system_auto_us_1_axi_dwidth_converter_v2_1_28_a_upsizer |          0 |          0 |       0 |    0 |     1 |      0 |      0 |          0 |
|                 GEN_CMD_QUEUE.cmd_queue                                           |                                     p10_ps_system_auto_us_1_generic_baseblocks_v2_1_0_command_fifo |         57 |         35 |       0 |   22 |    30 |      0 |      0 |          0 |
|               si_register_slice_inst                                              |                              p10_ps_system_auto_us_1_axi_register_slice_v2_1_28_axi_register_slice |         29 |         29 |       0 |    0 |    45 |      0 |      0 |          0 |
|                 aw.aw_pipe                                                        |                             p10_ps_system_auto_us_1_axi_register_slice_v2_1_28_axic_register_slice |         29 |         29 |       0 |    0 |    45 |      0 |      0 |          0 |
|       s02_couplers                                                                |                                                                            s02_couplers_imp_YI5KWJ |        262 |        238 |       0 |   24 |   347 |      0 |      0 |          0 |
|         auto_us                                                                   |                                                                            p10_ps_system_auto_us_2 |        262 |        238 |       0 |   24 |   347 |      0 |      0 |          0 |
|           inst                                                                    |                                           p10_ps_system_auto_us_2_axi_dwidth_converter_v2_1_28_top |        262 |        238 |       0 |   24 |   347 |      0 |      0 |          0 |
|             gen_upsizer.gen_full_upsizer.axi_upsizer_inst                         |                                   p10_ps_system_auto_us_2_axi_dwidth_converter_v2_1_28_axi_upsizer |        262 |        238 |       0 |   24 |   347 |      0 |      0 |          0 |
|               USE_READ.gen_non_fifo_r_upsizer.mi_register_slice_inst              |                              p10_ps_system_auto_us_2_axi_register_slice_v2_1_28_axi_register_slice |         36 |         36 |       0 |    0 |   136 |      0 |      0 |          0 |
|                 r.r_pipe                                                          |             p10_ps_system_auto_us_2_axi_register_slice_v2_1_28_axic_register_slice__parameterized2 |         36 |         36 |       0 |    0 |   136 |      0 |      0 |          0 |
|               USE_READ.gen_non_fifo_r_upsizer.read_data_inst                      |                                     p10_ps_system_auto_us_2_axi_dwidth_converter_v2_1_28_r_upsizer |         56 |         56 |       0 |    0 |    18 |      0 |      0 |          0 |
|               USE_READ.read_addr_inst                                             |                     p10_ps_system_auto_us_2_axi_dwidth_converter_v2_1_28_a_upsizer__parameterized0 |         41 |         26 |       0 |   15 |    24 |      0 |      0 |          0 |
|                 (USE_READ.read_addr_inst)                                         |                     p10_ps_system_auto_us_2_axi_dwidth_converter_v2_1_28_a_upsizer__parameterized0 |          0 |          0 |       0 |    0 |     1 |      0 |      0 |          0 |
|                 GEN_CMD_QUEUE.cmd_queue                                           |                                   p10_ps_system_auto_us_2_generic_baseblocks_v2_1_0_command_fifo_1 |         41 |         26 |       0 |   15 |    23 |      0 |      0 |          0 |
|               USE_WRITE.gen_non_fifo_w_upsizer.write_data_inst                    |                                     p10_ps_system_auto_us_2_axi_dwidth_converter_v2_1_28_w_upsizer |         12 |         12 |       0 |    0 |    79 |      0 |      0 |          0 |
|               USE_WRITE.write_addr_inst                                           |                                     p10_ps_system_auto_us_2_axi_dwidth_converter_v2_1_28_a_upsizer |        106 |         97 |       0 |    9 |    18 |      0 |      0 |          0 |
|                 (USE_WRITE.write_addr_inst)                                       |                                     p10_ps_system_auto_us_2_axi_dwidth_converter_v2_1_28_a_upsizer |          0 |          0 |       0 |    0 |     1 |      0 |      0 |          0 |
|                 GEN_CMD_QUEUE.cmd_queue                                           |                                     p10_ps_system_auto_us_2_generic_baseblocks_v2_1_0_command_fifo |        106 |         97 |       0 |    9 |    17 |      0 |      0 |          0 |
|               si_register_slice_inst                                              |              p10_ps_system_auto_us_2_axi_register_slice_v2_1_28_axi_register_slice__parameterized0 |         16 |         16 |       0 |    0 |    72 |      0 |      0 |          0 |
|                 ar.ar_pipe                                                        |                             p10_ps_system_auto_us_2_axi_register_slice_v2_1_28_axic_register_slice |         11 |         11 |       0 |    0 |    36 |      0 |      0 |          0 |
|                 aw.aw_pipe                                                        |                           p10_ps_system_auto_us_2_axi_register_slice_v2_1_28_axic_register_slice_0 |          5 |          5 |       0 |    0 |    36 |      0 |      0 |          0 |
|       xbar                                                                        |                                                                               p10_ps_system_xbar_1 |        473 |        467 |       0 |    6 |   364 |      0 |      0 |          0 |
|         inst                                                                      |                                             p10_ps_system_xbar_1_axi_crossbar_v2_1_29_axi_crossbar |        473 |        467 |       0 |    6 |   364 |      0 |      0 |          0 |
|           gen_samd.crossbar_samd                                                  |                                                 p10_ps_system_xbar_1_axi_crossbar_v2_1_29_crossbar |        473 |        467 |       0 |    6 |   364 |      0 |      0 |          0 |
|             (gen_samd.crossbar_samd)                                              |                                                 p10_ps_system_xbar_1_axi_crossbar_v2_1_29_crossbar |          2 |          2 |       0 |    0 |    11 |      0 |      0 |          0 |
|             addr_arbiter_ar                                                       |                                             p10_ps_system_xbar_1_axi_crossbar_v2_1_29_addr_arbiter |         44 |         44 |       0 |    0 |    56 |      0 |      0 |          0 |
|             addr_arbiter_aw                                                       |                                           p10_ps_system_xbar_1_axi_crossbar_v2_1_29_addr_arbiter_0 |         65 |         65 |       0 |    0 |    58 |      0 |      0 |          0 |
|             gen_decerr_slave.decerr_slave_inst                                    |                                             p10_ps_system_xbar_1_axi_crossbar_v2_1_29_decerr_slave |         23 |         23 |       0 |    0 |    20 |      0 |      0 |          0 |
|             gen_master_slots[0].gen_mi_write.wdata_mux_w                          |                                                p10_ps_system_xbar_1_axi_crossbar_v2_1_29_wdata_mux |         98 |         96 |       0 |    2 |     9 |      0 |      0 |          0 |
|               gen_wmux.wmux_aw_fifo                                               |                       p10_ps_system_xbar_1_axi_data_fifo_v2_1_27_axic_reg_srl_fifo__parameterized1 |         98 |         96 |       0 |    2 |     9 |      0 |      0 |          0 |
|                 (gen_wmux.wmux_aw_fifo)                                           |                       p10_ps_system_xbar_1_axi_data_fifo_v2_1_27_axic_reg_srl_fifo__parameterized1 |         90 |         90 |       0 |    0 |     9 |      0 |      0 |          0 |
|                 gen_srls[0].gen_rep[0].srl_nx1                                    |                             p10_ps_system_xbar_1_axi_data_fifo_v2_1_27_ndeep_srl__parameterized0_8 |          2 |          1 |       0 |    1 |     0 |      0 |      0 |          0 |
|                 gen_srls[0].gen_rep[1].srl_nx1                                    |                             p10_ps_system_xbar_1_axi_data_fifo_v2_1_27_ndeep_srl__parameterized0_9 |          6 |          5 |       0 |    1 |     0 |      0 |      0 |          0 |
|             gen_master_slots[0].reg_slice_mi                                      |                                 p10_ps_system_xbar_1_axi_register_slice_v2_1_28_axi_register_slice |         99 |         99 |       0 |    0 |   147 |      0 |      0 |          0 |
|               b.b_pipe                                                            |              p10_ps_system_xbar_1_axi_register_slice_v2_1_28_axic_register_slice__parameterized1_6 |         16 |         16 |       0 |    0 |     7 |      0 |      0 |          0 |
|               r.r_pipe                                                            |              p10_ps_system_xbar_1_axi_register_slice_v2_1_28_axic_register_slice__parameterized2_7 |         83 |         83 |       0 |    0 |   140 |      0 |      0 |          0 |
|             gen_master_slots[1].gen_mi_write.wdata_mux_w                          |                                p10_ps_system_xbar_1_axi_crossbar_v2_1_29_wdata_mux__parameterized0 |         20 |         18 |       0 |    2 |     8 |      0 |      0 |          0 |
|               gen_wmux.wmux_aw_fifo                                               |                       p10_ps_system_xbar_1_axi_data_fifo_v2_1_27_axic_reg_srl_fifo__parameterized2 |         20 |         18 |       0 |    2 |     8 |      0 |      0 |          0 |
|                 (gen_wmux.wmux_aw_fifo)                                           |                       p10_ps_system_xbar_1_axi_data_fifo_v2_1_27_axic_reg_srl_fifo__parameterized2 |         13 |         13 |       0 |    0 |     8 |      0 |      0 |          0 |
|                 gen_srls[0].gen_rep[0].srl_nx1                                    |                             p10_ps_system_xbar_1_axi_data_fifo_v2_1_27_ndeep_srl__parameterized1_4 |          2 |          1 |       0 |    1 |     0 |      0 |      0 |          0 |
|                 gen_srls[0].gen_rep[1].srl_nx1                                    |                             p10_ps_system_xbar_1_axi_data_fifo_v2_1_27_ndeep_srl__parameterized1_5 |          5 |          4 |       0 |    1 |     0 |      0 |      0 |          0 |
|             gen_master_slots[1].reg_slice_mi                                      |                               p10_ps_system_xbar_1_axi_register_slice_v2_1_28_axi_register_slice_1 |         18 |         18 |       0 |    0 |    11 |      0 |      0 |          0 |
|               b.b_pipe                                                            |                p10_ps_system_xbar_1_axi_register_slice_v2_1_28_axic_register_slice__parameterized1 |          9 |          9 |       0 |    0 |     5 |      0 |      0 |          0 |
|               r.r_pipe                                                            |                p10_ps_system_xbar_1_axi_register_slice_v2_1_28_axic_register_slice__parameterized2 |          9 |          9 |       0 |    0 |     6 |      0 |      0 |          0 |
|             gen_slave_slots[0].gen_si_read.si_transactor_ar                       |                                            p10_ps_system_xbar_1_axi_crossbar_v2_1_29_si_transactor |         24 |         24 |       0 |    0 |     6 |      0 |      0 |          0 |
|             gen_slave_slots[1].gen_si_write.si_transactor_aw                      |                            p10_ps_system_xbar_1_axi_crossbar_v2_1_29_si_transactor__parameterized0 |          6 |          6 |       0 |    0 |     6 |      0 |      0 |          0 |
|             gen_slave_slots[1].gen_si_write.splitter_aw_si                        |                                                 p10_ps_system_xbar_1_axi_crossbar_v2_1_29_splitter |          5 |          5 |       0 |    0 |     2 |      0 |      0 |          0 |
|             gen_slave_slots[1].gen_si_write.wdata_router_w                        |                                             p10_ps_system_xbar_1_axi_crossbar_v2_1_29_wdata_router |         19 |         18 |       0 |    1 |     9 |      0 |      0 |          0 |
|               wrouter_aw_fifo                                                     |                                       p10_ps_system_xbar_1_axi_data_fifo_v2_1_27_axic_reg_srl_fifo |         19 |         18 |       0 |    1 |     9 |      0 |      0 |          0 |
|                 (wrouter_aw_fifo)                                                 |                                       p10_ps_system_xbar_1_axi_data_fifo_v2_1_27_axic_reg_srl_fifo |         15 |         15 |       0 |    0 |     9 |      0 |      0 |          0 |
|                 gen_srls[0].gen_rep[0].srl_nx1                                    |                               p10_ps_system_xbar_1_axi_data_fifo_v2_1_27_ndeep_srl__parameterized0 |          4 |          3 |       0 |    1 |     0 |      0 |      0 |          0 |
|             gen_slave_slots[2].gen_si_read.si_transactor_ar                       |                            p10_ps_system_xbar_1_axi_crossbar_v2_1_29_si_transactor__parameterized1 |         22 |         22 |       0 |    0 |     4 |      0 |      0 |          0 |
|             gen_slave_slots[2].gen_si_write.si_transactor_aw                      |                            p10_ps_system_xbar_1_axi_crossbar_v2_1_29_si_transactor__parameterized2 |          5 |          5 |       0 |    0 |     4 |      0 |      0 |          0 |
|             gen_slave_slots[2].gen_si_write.splitter_aw_si                        |                                               p10_ps_system_xbar_1_axi_crossbar_v2_1_29_splitter_2 |          5 |          5 |       0 |    0 |     2 |      0 |      0 |          0 |
|             gen_slave_slots[2].gen_si_write.wdata_router_w                        |                             p10_ps_system_xbar_1_axi_crossbar_v2_1_29_wdata_router__parameterized0 |         17 |         16 |       0 |    1 |     9 |      0 |      0 |          0 |
|               wrouter_aw_fifo                                                     |                       p10_ps_system_xbar_1_axi_data_fifo_v2_1_27_axic_reg_srl_fifo__parameterized0 |         17 |         16 |       0 |    1 |     9 |      0 |      0 |          0 |
|                 (wrouter_aw_fifo)                                                 |                       p10_ps_system_xbar_1_axi_data_fifo_v2_1_27_axic_reg_srl_fifo__parameterized0 |         11 |         11 |       0 |    0 |     9 |      0 |      0 |          0 |
|                 gen_srls[0].gen_rep[0].srl_nx1                                    |                               p10_ps_system_xbar_1_axi_data_fifo_v2_1_27_ndeep_srl__parameterized1 |          6 |          5 |       0 |    1 |     0 |      0 |      0 |          0 |
|             splitter_aw_mi                                                        |                                               p10_ps_system_xbar_1_axi_crossbar_v2_1_29_splitter_3 |          3 |          3 |       0 |    0 |     2 |      0 |      0 |          0 |
|     mm2s_axis_clock_converter                                                     |                                                          p10_ps_system_mm2s_axis_clock_converter_0 |         87 |         61 |      26 |    0 |   166 |      0 |      0 |          0 |
|       inst                                                                        |        p10_ps_system_mm2s_axis_clock_converter_0_axis_clock_converter_v1_1_29_axis_clock_converter |         87 |         61 |      26 |    0 |   166 |      0 |      0 |          0 |
|         gen_async_conv.axisc_async_clock_converter_0                              | p10_ps_system_mm2s_axis_clock_converter_0_axis_clock_converter_v1_1_29_axisc_async_clock_converter |         87 |         61 |      26 |    0 |   166 |      0 |      0 |          0 |
|           (gen_async_conv.axisc_async_clock_converter_0)                          | p10_ps_system_mm2s_axis_clock_converter_0_axis_clock_converter_v1_1_29_axisc_async_clock_converter |          3 |          3 |       0 |    0 |     1 |      0 |      0 |          0 |
|           inst_xpm_cdc_sync_rst                                                   |                                         p10_ps_system_mm2s_axis_clock_converter_0_xpm_cdc_sync_rst |          0 |          0 |       0 |    0 |     2 |      0 |      0 |          0 |
|           xpm_fifo_async_inst                                                     |                                           p10_ps_system_mm2s_axis_clock_converter_0_xpm_fifo_async |         84 |         58 |      26 |    0 |   163 |      0 |      0 |          0 |
|             gnuram_async_fifo.xpm_fifo_base_inst                                  |                                            p10_ps_system_mm2s_axis_clock_converter_0_xpm_fifo_base |         84 |         58 |      26 |    0 |   163 |      0 |      0 |          0 |
|               (gnuram_async_fifo.xpm_fifo_base_inst)                              |                                            p10_ps_system_mm2s_axis_clock_converter_0_xpm_fifo_base |          3 |          3 |       0 |    0 |     6 |      0 |      0 |          0 |
|               gen_cdc_pntr.rd_pntr_cdc_inst                                       |                                             p10_ps_system_mm2s_axis_clock_converter_0_xpm_cdc_gray |          6 |          6 |       0 |    0 |    15 |      0 |      0 |          0 |
|               gen_cdc_pntr.rpw_gray_reg                                           |                                         p10_ps_system_mm2s_axis_clock_converter_0_xpm_fifo_reg_vec |          2 |          2 |       0 |    0 |     5 |      0 |      0 |          0 |
|               gen_cdc_pntr.wpr_gray_reg                                           |                                       p10_ps_system_mm2s_axis_clock_converter_0_xpm_fifo_reg_vec_0 |          4 |          4 |       0 |    0 |     5 |      0 |      0 |          0 |
|               gen_cdc_pntr.wr_pntr_cdc_inst                                       |                                          p10_ps_system_mm2s_axis_clock_converter_0_xpm_cdc_gray__2 |          6 |          6 |       0 |    0 |    15 |      0 |      0 |          0 |
|               gen_sdpram.xpm_memory_base_inst                                     |                                          p10_ps_system_mm2s_axis_clock_converter_0_xpm_memory_base |         26 |          0 |      26 |    0 |    74 |      0 |      0 |          0 |
|               rdp_inst                                                            |                         p10_ps_system_mm2s_axis_clock_converter_0_xpm_counter_updn__parameterized0 |          5 |          5 |       0 |    0 |     5 |      0 |      0 |          0 |
|               rdpp1_inst                                                          |                         p10_ps_system_mm2s_axis_clock_converter_0_xpm_counter_updn__parameterized1 |          4 |          4 |       0 |    0 |     5 |      0 |      0 |          0 |
|               rst_d1_inst                                                         |                                         p10_ps_system_mm2s_axis_clock_converter_0_xpm_fifo_reg_bit |          2 |          2 |       0 |    0 |     1 |      0 |      0 |          0 |
|               wrp_inst                                                            |                       p10_ps_system_mm2s_axis_clock_converter_0_xpm_counter_updn__parameterized0_1 |          3 |          3 |       0 |    0 |     5 |      0 |      0 |          0 |
|               wrpp1_inst                                                          |                       p10_ps_system_mm2s_axis_clock_converter_0_xpm_counter_updn__parameterized1_2 |          4 |          4 |       0 |    0 |     5 |      0 |      0 |          0 |
|               wrpp2_inst                                                          |                         p10_ps_system_mm2s_axis_clock_converter_0_xpm_counter_updn__parameterized2 |          4 |          4 |       0 |    0 |     5 |      0 |      0 |          0 |
|               xpm_fifo_rst_inst                                                   |                                             p10_ps_system_mm2s_axis_clock_converter_0_xpm_fifo_rst |         15 |         15 |       0 |    0 |    17 |      0 |      0 |          0 |
|                 (xpm_fifo_rst_inst)                                               |                                             p10_ps_system_mm2s_axis_clock_converter_0_xpm_fifo_rst |         15 |         15 |       0 |    0 |    13 |      0 |      0 |          0 |
|                 gen_rst_ic.rrst_wr_inst                                           |                         p10_ps_system_mm2s_axis_clock_converter_0_xpm_cdc_sync_rst__parameterized0 |          0 |          0 |       0 |    0 |     2 |      0 |      0 |          0 |
|                 gen_rst_ic.wrst_rd_inst                                           |                      p10_ps_system_mm2s_axis_clock_converter_0_xpm_cdc_sync_rst__parameterized0__2 |          0 |          0 |       0 |    0 |     2 |      0 |      0 |          0 |
|     p10_axil_clock_converter                                                      |                                                           p10_ps_system_p10_axil_clock_converter_0 |         39 |         39 |       0 |    0 |   280 |      0 |      0 |          0 |
|       inst                                                                        |           p10_ps_system_p10_axil_clock_converter_0_axi_clock_converter_v2_1_27_axi_clock_converter |         39 |         39 |       0 |    0 |   280 |      0 |      0 |          0 |
|         gen_clock_conv.gen_async_lite_conv.clock_conv_lite_fwd_ar                 |                    p10_ps_system_p10_axil_clock_converter_0_axi_clock_converter_v2_1_27_lite_async |          7 |          7 |       0 |    0 |    40 |      0 |      0 |          0 |
|           (gen_clock_conv.gen_async_lite_conv.clock_conv_lite_fwd_ar)             |                    p10_ps_system_p10_axil_clock_converter_0_axi_clock_converter_v2_1_27_lite_async |          5 |          5 |       0 |    0 |     8 |      0 |      0 |          0 |
|           handshake                                                               |                                         p10_ps_system_p10_axil_clock_converter_0_xpm_cdc_handshake |          2 |          2 |       0 |    0 |    32 |      0 |      0 |          0 |
|             (handshake)                                                           |                                         p10_ps_system_p10_axil_clock_converter_0_xpm_cdc_handshake |          2 |          2 |       0 |    0 |    26 |      0 |      0 |          0 |
|             xpm_cdc_single_dest2src_inst                                          |                                        p10_ps_system_p10_axil_clock_converter_0_xpm_cdc_single__13 |          0 |          0 |       0 |    0 |     3 |      0 |      0 |          0 |
|             xpm_cdc_single_src2dest_inst                                          |                                        p10_ps_system_p10_axil_clock_converter_0_xpm_cdc_single__12 |          0 |          0 |       0 |    0 |     3 |      0 |      0 |          0 |
|         gen_clock_conv.gen_async_lite_conv.clock_conv_lite_fwd_aw                 |         p10_ps_system_p10_axil_clock_converter_0_axi_clock_converter_v2_1_27_lite_async__xdcDup__1 |         11 |         11 |       0 |    0 |    48 |      0 |      0 |          0 |
|           (gen_clock_conv.gen_async_lite_conv.clock_conv_lite_fwd_aw)             |         p10_ps_system_p10_axil_clock_converter_0_axi_clock_converter_v2_1_27_lite_async__xdcDup__1 |          9 |          9 |       0 |    0 |    16 |      0 |      0 |          0 |
|           handshake                                                               |                              p10_ps_system_p10_axil_clock_converter_0_xpm_cdc_handshake__xdcDup__1 |          2 |          2 |       0 |    0 |    32 |      0 |      0 |          0 |
|             (handshake)                                                           |                              p10_ps_system_p10_axil_clock_converter_0_xpm_cdc_handshake__xdcDup__1 |          2 |          2 |       0 |    0 |    26 |      0 |      0 |          0 |
|             xpm_cdc_single_dest2src_inst                                          |                                        p10_ps_system_p10_axil_clock_converter_0_xpm_cdc_single__11 |          0 |          0 |       0 |    0 |     3 |      0 |      0 |          0 |
|             xpm_cdc_single_src2dest_inst                                          |                                        p10_ps_system_p10_axil_clock_converter_0_xpm_cdc_single__10 |          0 |          0 |       0 |    0 |     3 |      0 |      0 |          0 |
|         gen_clock_conv.gen_async_lite_conv.clock_conv_lite_fwd_w                  |    p10_ps_system_p10_axil_clock_converter_0_axi_clock_converter_v2_1_27_lite_async__parameterized0 |          7 |          7 |       0 |    0 |    88 |      0 |      0 |          0 |
|           (gen_clock_conv.gen_async_lite_conv.clock_conv_lite_fwd_w)              |    p10_ps_system_p10_axil_clock_converter_0_axi_clock_converter_v2_1_27_lite_async__parameterized0 |          5 |          5 |       0 |    0 |     8 |      0 |      0 |          0 |
|           handshake                                                               |                         p10_ps_system_p10_axil_clock_converter_0_xpm_cdc_handshake__parameterized0 |          2 |          2 |       0 |    0 |    80 |      0 |      0 |          0 |
|             (handshake)                                                           |                         p10_ps_system_p10_axil_clock_converter_0_xpm_cdc_handshake__parameterized0 |          2 |          2 |       0 |    0 |    74 |      0 |      0 |          0 |
|             xpm_cdc_single_dest2src_inst                                          |                                        p10_ps_system_p10_axil_clock_converter_0_xpm_cdc_single__15 |          0 |          0 |       0 |    0 |     3 |      0 |      0 |          0 |
|             xpm_cdc_single_src2dest_inst                                          |                                        p10_ps_system_p10_axil_clock_converter_0_xpm_cdc_single__14 |          0 |          0 |       0 |    0 |     3 |      0 |      0 |          0 |
|         gen_clock_conv.gen_async_lite_conv.clock_conv_lite_resp_b                 |    p10_ps_system_p10_axil_clock_converter_0_axi_clock_converter_v2_1_27_lite_async__parameterized1 |          7 |          7 |       0 |    0 |    20 |      0 |      0 |          0 |
|           (gen_clock_conv.gen_async_lite_conv.clock_conv_lite_resp_b)             |    p10_ps_system_p10_axil_clock_converter_0_axi_clock_converter_v2_1_27_lite_async__parameterized1 |          5 |          5 |       0 |    0 |     8 |      0 |      0 |          0 |
|           handshake                                                               |                         p10_ps_system_p10_axil_clock_converter_0_xpm_cdc_handshake__parameterized1 |          2 |          2 |       0 |    0 |    12 |      0 |      0 |          0 |
|             (handshake)                                                           |                         p10_ps_system_p10_axil_clock_converter_0_xpm_cdc_handshake__parameterized1 |          2 |          2 |       0 |    0 |     6 |      0 |      0 |          0 |
|             xpm_cdc_single_dest2src_inst                                          |                                        p10_ps_system_p10_axil_clock_converter_0_xpm_cdc_single__17 |          0 |          0 |       0 |    0 |     3 |      0 |      0 |          0 |
|             xpm_cdc_single_src2dest_inst                                          |                                        p10_ps_system_p10_axil_clock_converter_0_xpm_cdc_single__16 |          0 |          0 |       0 |    0 |     3 |      0 |      0 |          0 |
|         gen_clock_conv.gen_async_lite_conv.clock_conv_lite_resp_r                 |    p10_ps_system_p10_axil_clock_converter_0_axi_clock_converter_v2_1_27_lite_async__parameterized2 |          7 |          7 |       0 |    0 |    84 |      0 |      0 |          0 |
|           (gen_clock_conv.gen_async_lite_conv.clock_conv_lite_resp_r)             |    p10_ps_system_p10_axil_clock_converter_0_axi_clock_converter_v2_1_27_lite_async__parameterized2 |          5 |          5 |       0 |    0 |     8 |      0 |      0 |          0 |
|           handshake                                                               |                         p10_ps_system_p10_axil_clock_converter_0_xpm_cdc_handshake__parameterized2 |          2 |          2 |       0 |    0 |    76 |      0 |      0 |          0 |
|             (handshake)                                                           |                         p10_ps_system_p10_axil_clock_converter_0_xpm_cdc_handshake__parameterized2 |          2 |          2 |       0 |    0 |    70 |      0 |      0 |          0 |
|             xpm_cdc_single_dest2src_inst                                          |                                            p10_ps_system_p10_axil_clock_converter_0_xpm_cdc_single |          0 |          0 |       0 |    0 |     3 |      0 |      0 |          0 |
|             xpm_cdc_single_src2dest_inst                                          |                                        p10_ps_system_p10_axil_clock_converter_0_xpm_cdc_single__18 |          0 |          0 |       0 |    0 |     3 |      0 |      0 |          0 |
|     p10_endpoint_0                                                                |                                                                     p10_ps_system_p10_endpoint_0_0 |      10360 |      10160 |     200 |    0 |  8665 |     14 |      2 |          0 |
|       (p10_endpoint_0)                                                            |                                                                     p10_ps_system_p10_endpoint_0_0 |          0 |          0 |       0 |    0 |     0 |      0 |      0 |          0 |
|       inst                                                                        |                                  p10_ps_system_p10_endpoint_0_0_p10_axi_dma_endpoint_peripheral_bd |      10360 |      10160 |     200 |    0 |  8665 |     14 |      2 |          0 |
|         impl                                                                      |                                               p10_ps_system_p10_endpoint_0_0_p9_axi_dma_peripheral |      10360 |      10160 |     200 |    0 |  8665 |     14 |      2 |          0 |
|           (impl)                                                                  |                                               p10_ps_system_p10_endpoint_0_0_p9_axi_dma_peripheral |          3 |          3 |       0 |    0 |   259 |      0 |      0 |          0 |
|           u_axi_lite                                                              |                                                  p10_ps_system_p10_endpoint_0_0_p6_axi_lite_bridge |        371 |        371 |       0 |    0 |   158 |      0 |      0 |          0 |
|           u_transport                                                             |                                           p10_ps_system_p10_endpoint_0_0_p9_optical_transport_core |       9989 |       9789 |     200 |    0 |  8248 |     14 |      2 |          0 |
|             (u_transport)                                                         |                                           p10_ps_system_p10_endpoint_0_0_p9_optical_transport_core |        850 |        756 |      94 |    0 |  1774 |      6 |      2 |          0 |
|             g_physical[0].u_a_phy                                                 |                                                       p10_ps_system_p10_endpoint_0_0_tfdu_lane_phy |        417 |        417 |       0 |    0 |   347 |      2 |      0 |          0 |
|               (g_physical[0].u_a_phy)                                             |                                                       p10_ps_system_p10_endpoint_0_0_tfdu_lane_phy |          7 |          7 |       0 |    0 |    70 |      0 |      0 |          0 |
|               u_p8c_physical_safety                                               |                                   p10_ps_system_p10_endpoint_0_0_ir_tfdu_physical_module_safety_13 |        411 |        411 |       0 |    0 |   277 |      2 |      0 |          0 |
|                 (u_p8c_physical_safety)                                           |                                   p10_ps_system_p10_endpoint_0_0_ir_tfdu_physical_module_safety_13 |        116 |        116 |       0 |    0 |    99 |      0 |      0 |          0 |
|                 u_exact_duty_accountant                                           |                                    p10_ps_system_p10_endpoint_0_0_ir_tfdu_exact_duty_accountant_14 |        296 |        296 |       0 |    0 |   178 |      2 |      0 |          0 |
|             g_physical[0].u_b_phy                                                 |                                                     p10_ps_system_p10_endpoint_0_0_tfdu_lane_phy_0 |        502 |        502 |       0 |    0 |   312 |      2 |      0 |          0 |
|               (g_physical[0].u_b_phy)                                             |                                                     p10_ps_system_p10_endpoint_0_0_tfdu_lane_phy_0 |         33 |         33 |       0 |    0 |    35 |      0 |      0 |          0 |
|               u_p8c_physical_safety                                               |                                   p10_ps_system_p10_endpoint_0_0_ir_tfdu_physical_module_safety_11 |        469 |        469 |       0 |    0 |   277 |      2 |      0 |          0 |
|                 (u_p8c_physical_safety)                                           |                                   p10_ps_system_p10_endpoint_0_0_ir_tfdu_physical_module_safety_11 |        149 |        149 |       0 |    0 |    99 |      0 |      0 |          0 |
|                 u_exact_duty_accountant                                           |                                    p10_ps_system_p10_endpoint_0_0_ir_tfdu_exact_duty_accountant_12 |        320 |        320 |       0 |    0 |   178 |      2 |      0 |          0 |
|             g_physical[1].u_a_phy                                                 |                                                     p10_ps_system_p10_endpoint_0_0_tfdu_lane_phy_1 |        528 |        528 |       0 |    0 |   347 |      2 |      0 |          0 |
|               (g_physical[1].u_a_phy)                                             |                                                     p10_ps_system_p10_endpoint_0_0_tfdu_lane_phy_1 |        202 |        202 |       0 |    0 |    70 |      0 |      0 |          0 |
|               u_p8c_physical_safety                                               |                                    p10_ps_system_p10_endpoint_0_0_ir_tfdu_physical_module_safety_9 |        327 |        327 |       0 |    0 |   277 |      2 |      0 |          0 |
|                 (u_p8c_physical_safety)                                           |                                    p10_ps_system_p10_endpoint_0_0_ir_tfdu_physical_module_safety_9 |        116 |        116 |       0 |    0 |    99 |      0 |      0 |          0 |
|                 u_exact_duty_accountant                                           |                                    p10_ps_system_p10_endpoint_0_0_ir_tfdu_exact_duty_accountant_10 |        212 |        212 |       0 |    0 |   178 |      2 |      0 |          0 |
|             g_physical[1].u_b_phy                                                 |                                                     p10_ps_system_p10_endpoint_0_0_tfdu_lane_phy_2 |        274 |        274 |       0 |    0 |   312 |      2 |      0 |          0 |
|               (g_physical[1].u_b_phy)                                             |                                                     p10_ps_system_p10_endpoint_0_0_tfdu_lane_phy_2 |          1 |          1 |       0 |    0 |    35 |      0 |      0 |          0 |
|               u_p8c_physical_safety                                               |                                      p10_ps_system_p10_endpoint_0_0_ir_tfdu_physical_module_safety |        273 |        273 |       0 |    0 |   277 |      2 |      0 |          0 |
|                 (u_p8c_physical_safety)                                           |                                      p10_ps_system_p10_endpoint_0_0_ir_tfdu_physical_module_safety |        116 |        116 |       0 |    0 |    99 |      0 |      0 |          0 |
|                 u_exact_duty_accountant                                           |                                       p10_ps_system_p10_endpoint_0_0_ir_tfdu_exact_duty_accountant |        157 |        157 |       0 |    0 |   178 |      2 |      0 |          0 |
|             g_receive[0].u_codec                                                  |                                                     p10_ps_system_p10_endpoint_0_0_p9_rate_4ppm_rx |         75 |         75 |       0 |    0 |    63 |      0 |      0 |          0 |
|               u_rx_1mbps                                                          |                                                     p10_ps_system_p10_endpoint_0_0_ir_4ppm_codec_6 |         28 |         28 |       0 |    0 |    22 |      0 |      0 |          0 |
|               u_rx_2mbps                                                          |                                     p10_ps_system_p10_endpoint_0_0_ir_4ppm_codec__parameterized0_7 |         22 |         22 |       0 |    0 |    21 |      0 |      0 |          0 |
|               u_rx_4mbps                                                          |                                     p10_ps_system_p10_endpoint_0_0_ir_4ppm_codec__parameterized1_8 |         25 |         25 |       0 |    0 |    20 |      0 |      0 |          0 |
|             g_receive[0].u_parser                                                 |                                                    p10_ps_system_p10_endpoint_0_0_p9_4ppm_frame_rx |        454 |        454 |       0 |    0 |   580 |      0 |      0 |          0 |
|             g_receive[1].u_codec                                                  |                                                   p10_ps_system_p10_endpoint_0_0_p9_rate_4ppm_rx_3 |         75 |         75 |       0 |    0 |    63 |      0 |      0 |          0 |
|               u_rx_1mbps                                                          |                                                       p10_ps_system_p10_endpoint_0_0_ir_4ppm_codec |         28 |         28 |       0 |    0 |    22 |      0 |      0 |          0 |
|               u_rx_2mbps                                                          |                                       p10_ps_system_p10_endpoint_0_0_ir_4ppm_codec__parameterized0 |         22 |         22 |       0 |    0 |    21 |      0 |      0 |          0 |
|               u_rx_4mbps                                                          |                                       p10_ps_system_p10_endpoint_0_0_ir_4ppm_codec__parameterized1 |         25 |         25 |       0 |    0 |    20 |      0 |      0 |          0 |
|             g_receive[1].u_parser                                                 |                                                  p10_ps_system_p10_endpoint_0_0_p9_4ppm_frame_rx_4 |        407 |        407 |       0 |    0 |   580 |      0 |      0 |          0 |
|             g_serializer[0].u_serializer                                          |                                                    p10_ps_system_p10_endpoint_0_0_p9_4ppm_frame_tx |        552 |        552 |       0 |    0 |   340 |      0 |      0 |          0 |
|             g_serializer[1].u_serializer                                          |                                                  p10_ps_system_p10_endpoint_0_0_p9_4ppm_frame_tx_5 |        627 |        627 |       0 |    0 |   341 |      0 |      0 |          0 |
|             u_data_plane                                                          |                                                   p10_ps_system_p10_endpoint_0_0_ir_data_plane_top |       5253 |       5147 |     106 |    0 |  3189 |      0 |      0 |          0 |
|               (u_data_plane)                                                      |                                                   p10_ps_system_p10_endpoint_0_0_ir_data_plane_top |         56 |         56 |       0 |    0 |    39 |      0 |      0 |          0 |
|               u_ack_aggregator                                                    |                                                   p10_ps_system_p10_endpoint_0_0_ir_ack_aggregator |        164 |        164 |       0 |    0 |   219 |      0 |      0 |          0 |
|               u_rx_window                                                         |                                              p10_ps_system_p10_endpoint_0_0_ir_selective_repeat_rx |        818 |        766 |      52 |    0 |   300 |      0 |      0 |          0 |
|               u_scheduler                                                         |                                        p10_ps_system_p10_endpoint_0_0_ir_health_weighted_scheduler |        594 |        594 |       0 |    0 |   477 |      0 |      0 |          0 |
|               u_tx_window                                                         |                                              p10_ps_system_p10_endpoint_0_0_ir_selective_repeat_tx |       3622 |       3568 |      54 |    0 |  2154 |      0 |      0 |          0 |
|     processing_system7_0                                                          |                                                               p10_ps_system_processing_system7_0_0 |          0 |          0 |       0 |    0 |     0 |      0 |      0 |          0 |
|       inst                                                                        |                    p10_ps_system_processing_system7_0_0_processing_system7_v5_5_processing_system7 |          0 |          0 |       0 |    0 |     0 |      0 |      0 |          0 |
|     rst_axil_50                                                                   |                                                                        p10_ps_system_rst_axil_50_0 |         18 |         17 |       0 |    1 |    37 |      0 |      0 |          0 |
|       U0                                                                          |                                                         p10_ps_system_rst_axil_50_0_proc_sys_reset |         18 |         17 |       0 |    1 |    37 |      0 |      0 |          0 |
|         (U0)                                                                      |                                                         p10_ps_system_rst_axil_50_0_proc_sys_reset |          0 |          0 |       0 |    0 |     2 |      0 |      0 |          0 |
|         EXT_LPF                                                                   |                                                                    p10_ps_system_rst_axil_50_0_lpf |          5 |          4 |       0 |    1 |    17 |      0 |      0 |          0 |
|           (EXT_LPF)                                                               |                                                                    p10_ps_system_rst_axil_50_0_lpf |          2 |          1 |       0 |    1 |     9 |      0 |      0 |          0 |
|           ACTIVE_LOW_AUX.ACT_LO_AUX                                               |                                                               p10_ps_system_rst_axil_50_0_cdc_sync |          1 |          1 |       0 |    0 |     4 |      0 |      0 |          0 |
|           ACTIVE_LOW_EXT.ACT_LO_EXT                                               |                                                             p10_ps_system_rst_axil_50_0_cdc_sync_0 |          2 |          2 |       0 |    0 |     4 |      0 |      0 |          0 |
|         SEQ                                                                       |                                                           p10_ps_system_rst_axil_50_0_sequence_psr |         13 |         13 |       0 |    0 |    18 |      0 |      0 |          0 |
|           (SEQ)                                                                   |                                                           p10_ps_system_rst_axil_50_0_sequence_psr |          8 |          8 |       0 |    0 |    12 |      0 |      0 |          0 |
|           SEQ_COUNTER                                                             |                                                                p10_ps_system_rst_axil_50_0_upcnt_n |          5 |          5 |       0 |    0 |     6 |      0 |      0 |          0 |
|     rst_dma_100                                                                   |                                                                        p10_ps_system_rst_dma_100_0 |         15 |         14 |       0 |    1 |    33 |      0 |      0 |          0 |
|       U0                                                                          |                                                         p10_ps_system_rst_dma_100_0_proc_sys_reset |         15 |         14 |       0 |    1 |    33 |      0 |      0 |          0 |
|         (U0)                                                                      |                                                         p10_ps_system_rst_dma_100_0_proc_sys_reset |          0 |          0 |       0 |    0 |     1 |      0 |      0 |          0 |
|         EXT_LPF                                                                   |                                                                    p10_ps_system_rst_dma_100_0_lpf |          5 |          4 |       0 |    1 |    17 |      0 |      0 |          0 |
|           (EXT_LPF)                                                               |                                                                    p10_ps_system_rst_dma_100_0_lpf |          2 |          1 |       0 |    1 |     9 |      0 |      0 |          0 |
|           ACTIVE_LOW_AUX.ACT_LO_AUX                                               |                                                               p10_ps_system_rst_dma_100_0_cdc_sync |          1 |          1 |       0 |    0 |     4 |      0 |      0 |          0 |
|           ACTIVE_LOW_EXT.ACT_LO_EXT                                               |                                                             p10_ps_system_rst_dma_100_0_cdc_sync_0 |          2 |          2 |       0 |    0 |     4 |      0 |      0 |          0 |
|         SEQ                                                                       |                                                           p10_ps_system_rst_dma_100_0_sequence_psr |         10 |         10 |       0 |    0 |    15 |      0 |      0 |          0 |
|           (SEQ)                                                                   |                                                           p10_ps_system_rst_dma_100_0_sequence_psr |          5 |          5 |       0 |    0 |     9 |      0 |      0 |          0 |
|           SEQ_COUNTER                                                             |                                                                p10_ps_system_rst_dma_100_0_upcnt_n |          5 |          5 |       0 |    0 |     6 |      0 |      0 |          0 |
|     rst_protocol_64                                                               |                                                                    p10_ps_system_rst_protocol_64_0 |         17 |         16 |       0 |    1 |    33 |      0 |      0 |          0 |
|       U0                                                                          |                                                     p10_ps_system_rst_protocol_64_0_proc_sys_reset |         17 |         16 |       0 |    1 |    33 |      0 |      0 |          0 |
|         (U0)                                                                      |                                                     p10_ps_system_rst_protocol_64_0_proc_sys_reset |          0 |          0 |       0 |    0 |     1 |      0 |      0 |          0 |
|         EXT_LPF                                                                   |                                                                p10_ps_system_rst_protocol_64_0_lpf |          5 |          4 |       0 |    1 |    17 |      0 |      0 |          0 |
|           (EXT_LPF)                                                               |                                                                p10_ps_system_rst_protocol_64_0_lpf |          2 |          1 |       0 |    1 |     9 |      0 |      0 |          0 |
|           ACTIVE_LOW_AUX.ACT_LO_AUX                                               |                                                           p10_ps_system_rst_protocol_64_0_cdc_sync |          1 |          1 |       0 |    0 |     4 |      0 |      0 |          0 |
|           ACTIVE_LOW_EXT.ACT_LO_EXT                                               |                                                         p10_ps_system_rst_protocol_64_0_cdc_sync_0 |          2 |          2 |       0 |    0 |     4 |      0 |      0 |          0 |
|         SEQ                                                                       |                                                       p10_ps_system_rst_protocol_64_0_sequence_psr |         12 |         12 |       0 |    0 |    15 |      0 |      0 |          0 |
|           (SEQ)                                                                   |                                                       p10_ps_system_rst_protocol_64_0_sequence_psr |          7 |          7 |       0 |    0 |     9 |      0 |      0 |          0 |
|           SEQ_COUNTER                                                             |                                                            p10_ps_system_rst_protocol_64_0_upcnt_n |          5 |          5 |       0 |    0 |     6 |      0 |      0 |          0 |
|     rst_stream_dma_100                                                            |                                                                 p10_ps_system_rst_stream_dma_100_0 |         17 |         16 |       0 |    1 |    33 |      0 |      0 |          0 |
|       U0                                                                          |                                                  p10_ps_system_rst_stream_dma_100_0_proc_sys_reset |         17 |         16 |       0 |    1 |    33 |      0 |      0 |          0 |
|         (U0)                                                                      |                                                  p10_ps_system_rst_stream_dma_100_0_proc_sys_reset |          0 |          0 |       0 |    0 |     1 |      0 |      0 |          0 |
|         EXT_LPF                                                                   |                                                             p10_ps_system_rst_stream_dma_100_0_lpf |          5 |          4 |       0 |    1 |    17 |      0 |      0 |          0 |
|           (EXT_LPF)                                                               |                                                             p10_ps_system_rst_stream_dma_100_0_lpf |          2 |          1 |       0 |    1 |     9 |      0 |      0 |          0 |
|           ACTIVE_HIGH_AUX.ACT_HI_AUX                                              |                                                        p10_ps_system_rst_stream_dma_100_0_cdc_sync |          1 |          1 |       0 |    0 |     4 |      0 |      0 |          0 |
|           ACTIVE_LOW_EXT.ACT_LO_EXT                                               |                                                      p10_ps_system_rst_stream_dma_100_0_cdc_sync_0 |          2 |          2 |       0 |    0 |     4 |      0 |      0 |          0 |
|         SEQ                                                                       |                                                    p10_ps_system_rst_stream_dma_100_0_sequence_psr |         12 |         12 |       0 |    0 |    15 |      0 |      0 |          0 |
|           (SEQ)                                                                   |                                                    p10_ps_system_rst_stream_dma_100_0_sequence_psr |          7 |          7 |       0 |    0 |     9 |      0 |      0 |          0 |
|           SEQ_COUNTER                                                             |                                                         p10_ps_system_rst_stream_dma_100_0_upcnt_n |          5 |          5 |       0 |    0 |     6 |      0 |      0 |          0 |
|     rst_stream_dma_50                                                             |                                                                  p10_ps_system_rst_stream_dma_50_0 |         17 |         16 |       0 |    1 |    33 |      0 |      0 |          0 |
|       U0                                                                          |                                                   p10_ps_system_rst_stream_dma_50_0_proc_sys_reset |         17 |         16 |       0 |    1 |    33 |      0 |      0 |          0 |
|         (U0)                                                                      |                                                   p10_ps_system_rst_stream_dma_50_0_proc_sys_reset |          0 |          0 |       0 |    0 |     1 |      0 |      0 |          0 |
|         EXT_LPF                                                                   |                                                              p10_ps_system_rst_stream_dma_50_0_lpf |          5 |          4 |       0 |    1 |    17 |      0 |      0 |          0 |
|           (EXT_LPF)                                                               |                                                              p10_ps_system_rst_stream_dma_50_0_lpf |          2 |          1 |       0 |    1 |     9 |      0 |      0 |          0 |
|           ACTIVE_HIGH_AUX.ACT_HI_AUX                                              |                                                         p10_ps_system_rst_stream_dma_50_0_cdc_sync |          1 |          1 |       0 |    0 |     4 |      0 |      0 |          0 |
|           ACTIVE_LOW_EXT.ACT_LO_EXT                                               |                                                       p10_ps_system_rst_stream_dma_50_0_cdc_sync_0 |          2 |          2 |       0 |    0 |     4 |      0 |      0 |          0 |
|         SEQ                                                                       |                                                     p10_ps_system_rst_stream_dma_50_0_sequence_psr |         12 |         12 |       0 |    0 |    15 |      0 |      0 |          0 |
|           (SEQ)                                                                   |                                                     p10_ps_system_rst_stream_dma_50_0_sequence_psr |          7 |          7 |       0 |    0 |     9 |      0 |      0 |          0 |
|           SEQ_COUNTER                                                             |                                                          p10_ps_system_rst_stream_dma_50_0_upcnt_n |          5 |          5 |       0 |    0 |     6 |      0 |      0 |          0 |
|     rst_stream_protocol_64                                                        |                                                             p10_ps_system_rst_stream_protocol_64_0 |         17 |         16 |       0 |    1 |    33 |      0 |      0 |          0 |
|       U0                                                                          |                                              p10_ps_system_rst_stream_protocol_64_0_proc_sys_reset |         17 |         16 |       0 |    1 |    33 |      0 |      0 |          0 |
|         (U0)                                                                      |                                              p10_ps_system_rst_stream_protocol_64_0_proc_sys_reset |          0 |          0 |       0 |    0 |     1 |      0 |      0 |          0 |
|         EXT_LPF                                                                   |                                                         p10_ps_system_rst_stream_protocol_64_0_lpf |          5 |          4 |       0 |    1 |    17 |      0 |      0 |          0 |
|           (EXT_LPF)                                                               |                                                         p10_ps_system_rst_stream_protocol_64_0_lpf |          2 |          1 |       0 |    1 |     9 |      0 |      0 |          0 |
|           ACTIVE_HIGH_AUX.ACT_HI_AUX                                              |                                                    p10_ps_system_rst_stream_protocol_64_0_cdc_sync |          1 |          1 |       0 |    0 |     4 |      0 |      0 |          0 |
|           ACTIVE_LOW_EXT.ACT_LO_EXT                                               |                                                  p10_ps_system_rst_stream_protocol_64_0_cdc_sync_0 |          2 |          2 |       0 |    0 |     4 |      0 |      0 |          0 |
|         SEQ                                                                       |                                                p10_ps_system_rst_stream_protocol_64_0_sequence_psr |         12 |         12 |       0 |    0 |    15 |      0 |      0 |          0 |
|           (SEQ)                                                                   |                                                p10_ps_system_rst_stream_protocol_64_0_sequence_psr |          7 |          7 |       0 |    0 |     9 |      0 |      0 |          0 |
|           SEQ_COUNTER                                                             |                                                     p10_ps_system_rst_stream_protocol_64_0_upcnt_n |          5 |          5 |       0 |    0 |     6 |      0 |      0 |          0 |
|     s2mm_axis_clock_converter                                                     |                                                          p10_ps_system_s2mm_axis_clock_converter_0 |         85 |         59 |      26 |    0 |   166 |      0 |      0 |          0 |
|       inst                                                                        |        p10_ps_system_s2mm_axis_clock_converter_0_axis_clock_converter_v1_1_29_axis_clock_converter |         85 |         59 |      26 |    0 |   166 |      0 |      0 |          0 |
|         gen_async_conv.axisc_async_clock_converter_0                              | p10_ps_system_s2mm_axis_clock_converter_0_axis_clock_converter_v1_1_29_axisc_async_clock_converter |         85 |         59 |      26 |    0 |   166 |      0 |      0 |          0 |
|           (gen_async_conv.axisc_async_clock_converter_0)                          | p10_ps_system_s2mm_axis_clock_converter_0_axis_clock_converter_v1_1_29_axisc_async_clock_converter |          2 |          2 |       0 |    0 |     1 |      0 |      0 |          0 |
|           inst_xpm_cdc_sync_rst                                                   |                                         p10_ps_system_s2mm_axis_clock_converter_0_xpm_cdc_sync_rst |          0 |          0 |       0 |    0 |     2 |      0 |      0 |          0 |
|           xpm_fifo_async_inst                                                     |                                           p10_ps_system_s2mm_axis_clock_converter_0_xpm_fifo_async |         83 |         57 |      26 |    0 |   163 |      0 |      0 |          0 |
|             gnuram_async_fifo.xpm_fifo_base_inst                                  |                                            p10_ps_system_s2mm_axis_clock_converter_0_xpm_fifo_base |         83 |         57 |      26 |    0 |   163 |      0 |      0 |          0 |
|               (gnuram_async_fifo.xpm_fifo_base_inst)                              |                                            p10_ps_system_s2mm_axis_clock_converter_0_xpm_fifo_base |          3 |          3 |       0 |    0 |     6 |      0 |      0 |          0 |
|               gen_cdc_pntr.rd_pntr_cdc_inst                                       |                                             p10_ps_system_s2mm_axis_clock_converter_0_xpm_cdc_gray |          6 |          6 |       0 |    0 |    15 |      0 |      0 |          0 |
|               gen_cdc_pntr.rpw_gray_reg                                           |                                         p10_ps_system_s2mm_axis_clock_converter_0_xpm_fifo_reg_vec |          2 |          2 |       0 |    0 |     5 |      0 |      0 |          0 |
|               gen_cdc_pntr.wpr_gray_reg                                           |                                       p10_ps_system_s2mm_axis_clock_converter_0_xpm_fifo_reg_vec_0 |          4 |          4 |       0 |    0 |     5 |      0 |      0 |          0 |
|               gen_cdc_pntr.wr_pntr_cdc_inst                                       |                                          p10_ps_system_s2mm_axis_clock_converter_0_xpm_cdc_gray__2 |          6 |          6 |       0 |    0 |    15 |      0 |      0 |          0 |
|               gen_sdpram.xpm_memory_base_inst                                     |                                          p10_ps_system_s2mm_axis_clock_converter_0_xpm_memory_base |         26 |          0 |      26 |    0 |    74 |      0 |      0 |          0 |
|               rdp_inst                                                            |                         p10_ps_system_s2mm_axis_clock_converter_0_xpm_counter_updn__parameterized0 |          5 |          5 |       0 |    0 |     5 |      0 |      0 |          0 |
|               rdpp1_inst                                                          |                         p10_ps_system_s2mm_axis_clock_converter_0_xpm_counter_updn__parameterized1 |          4 |          4 |       0 |    0 |     5 |      0 |      0 |          0 |
|               rst_d1_inst                                                         |                                         p10_ps_system_s2mm_axis_clock_converter_0_xpm_fifo_reg_bit |          2 |          2 |       0 |    0 |     1 |      0 |      0 |          0 |
|               wrp_inst                                                            |                       p10_ps_system_s2mm_axis_clock_converter_0_xpm_counter_updn__parameterized0_1 |          3 |          3 |       0 |    0 |     5 |      0 |      0 |          0 |
|               wrpp1_inst                                                          |                       p10_ps_system_s2mm_axis_clock_converter_0_xpm_counter_updn__parameterized1_2 |          4 |          4 |       0 |    0 |     5 |      0 |      0 |          0 |
|               wrpp2_inst                                                          |                         p10_ps_system_s2mm_axis_clock_converter_0_xpm_counter_updn__parameterized2 |          4 |          4 |       0 |    0 |     5 |      0 |      0 |          0 |
|               xpm_fifo_rst_inst                                                   |                                             p10_ps_system_s2mm_axis_clock_converter_0_xpm_fifo_rst |         14 |         14 |       0 |    0 |    17 |      0 |      0 |          0 |
|                 (xpm_fifo_rst_inst)                                               |                                             p10_ps_system_s2mm_axis_clock_converter_0_xpm_fifo_rst |         14 |         14 |       0 |    0 |    13 |      0 |      0 |          0 |
|                 gen_rst_ic.rrst_wr_inst                                           |                         p10_ps_system_s2mm_axis_clock_converter_0_xpm_cdc_sync_rst__parameterized0 |          0 |          0 |       0 |    0 |     2 |      0 |      0 |          0 |
|                 gen_rst_ic.wrst_rd_inst                                           |                      p10_ps_system_s2mm_axis_clock_converter_0_xpm_cdc_sync_rst__parameterized0__2 |          0 |          0 |       0 |    0 |     2 |      0 |      0 |          0 |
+-----------------------------------------------------------------------------------+----------------------------------------------------------------------------------------------------+------------+------------+---------+------+-------+--------+--------+------------+
* Note: The sum of lower-level cells may be larger than their parent cells total, due to cross-hierarchy LUT combining


