captured_ms|sequence|label|role|admission_snapshot_words_csv|ps_runtime_words_csv|pl_perf_snapshot_words_csv
1785760449808|1001|stationary_30min_warmup_f2r_0000_4194304|fixed|2,1378943233,271,6127027,6082316,6092056,6082316,6092056,6082316,5821,5810,5809,5809,0,0,371,0,179313324,179150087,4096,4096,0,0,5810,5810,358176298,358176271,358176306,358176287,0,0,0,0,0,0,0,0,4096,256,131072,4,3|4,0,4194304,262144,16,0,0,0,0,56,0,44,0,14,11,0,1,56,0|4,976634787,0,2891488,0,0,0,0,0,3067317,0,11,0,320351462,0,320351462,0,2080,314300339,0,8353622,0,0,0,0,0
1785760449808|1001|stationary_30min_warmup_f2r_0000_4194304|rotating|2,1378943233,560,6200862,6154920,35445,0,35445,0,752,0,376,0,0,0,5879,5879,2401552,0,4096,0,0,0,376,0,344602597,0,344602605,0,0,0,0,0,0,0,0,0,4096,256,131072,4,3|4,0,4194304,262144,16,0,0,0,0,56,0,44,0,14,11,0,1,56,0|4,390813488,0,0,0,2883584,0,2883584,0,8908,0,0,11,0,0,0,0,0,0,0,6869740,0,0,0,0,0
1785760457484|1002|stationary_30min_warmup_f2r_0001_16777216|fixed|6,1378943233,271,6526051,6481797,6490796,6481797,6490796,6481797,11696,11684,5841,5841,0,0,374,0,180341568,180161709,4096,4096,0,0,5842,5842,849586315,849586296,849586291,849586304,0,0,0,0,0,0,0,0,4096,256,131072,4,3|4,0,16777216,262144,64,0,0,0,0,56,0,44,0,14,11,0,1,56,0|12,1467761976,0,2907296,0,0,0,0,0,3266645,0,11,0,320517284,0,320517284,0,2080,315883720,0,6467551,0,0,0,0,0
1785760457484|1002|stationary_30min_warmup_f2r_0001_16777216|rotating|6,1378943233,560,6609115,6564459,35635,0,35635,0,756,0,378,0,0,0,5916,5916,2414336,0,4096,0,0,0,378,0,835865006,0,835865014,0,0,0,0,0,0,0,0,0,4096,256,131072,4,3|4,0,16777216,262144,64,0,0,0,0,56,0,44,0,14,11,0,1,56,0|12,883205476,0,0,0,2883584,0,2883584,0,8979,0,0,11,0,0,0,0,0,0,0,4998051,0,0,0,0,0
1785760462486|1002|stationary_30min_warmup_f2r_0001_16777216|fixed|8,1378943233,271,13149114,13060217,13078130,13060217,13078130,13060217,23570,23546,11772,11772,0,0,753,0,363429792,363070331,4096,4096,0,0,11773,11773,1169562431,1169562412,1169562407,1169562420,0,0,0,0,0,0,0,0,4096,256,131072,4,3|4,0,16777216,262144,64,0,0,0,0,100,0,88,0,25,22,0,1,100,0|14,1788061582,0,5838304,0,0,0,0,0,6561638,0,22,0,640084138,0,640084138,0,2080,634601541,0,7895510,0,0,0,0,0
1785760462486|1002|stationary_30min_warmup_f2r_0001_16777216|rotating|8,1378943233,560,13227333,13137955,71454,0,71454,0,1516,0,758,0,0,0,11842,11842,4841376,0,4096,0,0,0,758,0,1156181646,0,1156181662,0,0,0,0,0,0,0,0,0,4096,256,131072,4,3|4,0,16777216,262144,64,0,0,0,0,100,0,88,0,25,22,0,1,100,0|14,1202474586,0,0,0,5767168,0,5767168,0,17910,0,0,22,0,0,0,0,0,0,0,5020024,0,0,0,0,0
1785760467502|1002|stationary_30min_warmup_f2r_0001_16777216|fixed|10,1378943233,271,19796915,19663110,19690017,19663110,19690017,19663110,35482,35446,17722,17722,0,0,1134,0,547123182,546584105,4096,4096,0,0,17723,17723,1490586922,1490586935,1490586930,1490586943,0,0,0,0,0,0,0,0,4096,256,131072,4,3|4,0,16777216,262144,64,0,0,0,0,144,0,132,0,36,33,0,1,144,0|16,2109023826,0,8777216,0,0,0,0,0,9864676,0,33,0,960311654,0,960311654,0,2080,953978813,0,9326377,0,0,0,0,0
1785760467502|1002|stationary_30min_warmup_f2r_0001_16777216|rotating|10,1378943233,560,19876174,19741973,107278,0,107278,0,2276,0,1138,0,0,0,17793,17793,7268480,0,4096,0,0,0,1138,0,1476501221,0,1476501229,0,0,0,0,0,0,0,0,0,4096,256,131072,4,3|4,0,16777216,262144,64,0,0,0,0,144,0,132,0,36,33,0,1,144,0|16,1523298054,0,0,0,8650752,0,8650752,0,26890,0,0,33,0,0,0,0,0,0,0,5042223,0,0,0,0,0
1785760472513|1002|stationary_30min_warmup_f2r_0001_16777216|fixed|12,1378943233,304,26442563,26263843,26299747,26263843,26299747,26263843,47389,47342,23671,23671,0,0,1515,0,730771112,730052680,4096,4096,0,0,23671,23671,1811521424,1811521757,1811521432,1811521765,0,0,0,0,0,0,0,0,4096,256,131072,4,3|4,0,16777216,262144,64,0,0,0,0,188,0,176,0,47,44,0,1,188,0|18,2429837669,0,11708224,0,0,0,0,0,13165914,0,44,0,1280392745,0,1280392745,0,2080,1273206812,0,10758395,0,0,0,0,0
1785760472513|1002|stationary_30min_warmup_f2r_0001_16777216|rotating|12,1378943233,560,26529756,26350567,143286,0,143286,0,3040,0,1520,0,0,0,23749,23749,9708352,0,4096,0,0,0,1520,0,1798541024,0,1798541032,0,0,0,0,0,0,0,0,0,4096,256,131072,4,3|4,0,16777216,262144,64,0,0,0,0,188,0,176,0,47,44,0,1,188,0|18,1844691755,0,0,0,11534336,0,11534336,0,35868,0,0,44,0,0,0,0,0,0,0,5066168,0,0,0,0,0
1785760477525|1002|stationary_30min_warmup_f2r_0001_16777216|fixed|14,1378943233,271,33076062,32852442,32897428,32852442,32897428,32852442,59284,59226,29612,29612,0,0,1895,0,914208313,913310028,4096,4096,0,0,29613,29613,2132107896,2132107869,2132107904,2132107877,0,0,0,0,0,0,0,0,4096,256,131072,4,3|4,0,16777216,262144,64,0,0,0,0,232,0,220,0,58,55,0,1,232,0|20,2750537483,0,14647136,0,0,0,0,0,16463524,0,55,0,1600357831,0,1600357831,0,2080,1592323113,0,12187803,0,0,0,0,0
1785760477525|1002|stationary_30min_warmup_f2r_0001_16777216|rotating|14,1378943233,560,33155426,32931416,179008,0,179008,0,3798,0,1899,0,0,0,29684,29684,12129072,0,4096,0,0,0,1899,0,2117999592,0,2117999600,0,0,0,0,0,0,0,0,0,4096,256,131072,4,3|4,0,16777216,262144,64,0,0,0,0,232,0,220,0,58,55,0,1,232,0|20,2164850934,0,0,0,14417920,0,14417920,0,44822,0,0,55,0,0,0,0,0,0,0,5081652,0,0,0,0,0
1785760486639|1003|stationary_30min_warmup_f2r_0002_4194304|fixed|18,1378943233,271,6551624,6507276,6516274,6507276,6516274,6507276,5882,5870,5869,5869,0,0,375,0,181096336,180916568,4096,4096,0,0,5870,5870,2716374868,2716374897,2716374876,2716374881,0,0,0,0,0,0,0,0,4096,256,131072,4,3|4,0,4194304,262144,16,0,0,0,0,56,0,44,0,14,11,0,1,56,0|28,3335110619,0,2931008,0,0,0,0,0,3285254,0,11,0,322555414,0,322555414,0,2080,317926137,0,6468309,0,0,0,0,0
1785760486639|1003|stationary_30min_warmup_f2r_0002_4194304|rotating|18,1378943233,560,6635245,6590415,35822,0,35822,0,760,0,380,0,0,0,5944,5944,2427096,0,4096,0,0,0,380,0,2702889878,0,2702889894,0,0,0,0,0,0,0,0,0,4096,256,131072,4,3|4,0,4194304,262144,16,0,0,0,0,56,0,44,0,14,11,0,1,56,0|28,2750622123,0,0,0,2883584,0,2883584,0,9049,0,0,11,0,0,0,0,0,0,0,5001578,0,0,0,0,0
1785760509822|1009|stationary_30min_warmup_r2f_0000_4194304|fixed|32,1378943233,304,6124143,6080568,34937,0,34937,0,742,0,371,0,0,0,5806,5806,2370272,0,4096,0,0,0,371,0,4199152007,0,4199152015,0,0,0,0,0,0,0,0,0,4096,256,131072,4,3|5,0,4194304,262144,16,0,0,0,0,56,0,44,0,14,11,0,1,56,0|66,522554030,1,0,0,2883584,0,2883584,0,8805,0,0,11,0,0,0,0,0,0,0,6869450,0,0,0,0,0
1785760509822|1009|stationary_30min_warmup_r2f_0000_4194304|rotating|32,1378943233,527,6196326,6151505,6160916,6151505,6160916,6151505,5887,5876,5874,5874,0,0,376,0,181331656,181152393,4096,4096,0,0,5875,5875,4185831914,4185831911,4185831906,4185831919,0,0,0,0,0,0,0,0,4096,256,131072,4,3|4,0,4194304,262144,16,0,0,0,0,56,0,44,0,14,11,0,1,56,0|66,4232016503,0,2923104,0,0,0,0,0,3098275,0,11,0,323465495,0,323465495,0,2080,317424979,0,8348133,0,0,0,0,0
1785760517485|1010|stationary_30min_warmup_r2f_0001_16777216|fixed|36,1378943233,304,6537424,6493219,35222,0,35222,0,748,0,374,0,0,0,5852,5852,2389464,0,4096,0,0,0,374,0,394000431,0,394000439,0,0,0,0,0,0,0,0,0,4096,256,131072,4,3|4,0,16777216,262144,64,0,0,0,0,56,0,44,0,14,11,0,1,56,0|74,1013272677,1,0,0,2883584,0,2883584,0,8876,0,0,11,0,0,0,0,0,0,0,4992166,0,0,0,0,0
1785760517485|1010|stationary_30min_warmup_r2f_0001_16777216|rotating|36,1378943233,527,6616437,6571732,6580744,6571732,6580744,6571732,11858,11847,5922,5922,0,0,379,0,182844816,182664955,4096,4096,0,0,5923,5923,381388337,381388350,381388345,381388358,0,0,0,0,0,0,0,0,4096,256,131072,4,3|4,0,16777216,262144,64,0,0,0,0,56,0,44,0,14,11,0,1,56,0|74,427371865,1,2946816,0,0,0,0,0,3307152,0,11,0,324422739,0,324422739,0,2080,319811951,0,6451649,0,0,0,0,0
1785760522499|1010|stationary_30min_warmup_r2f_0001_16777216|fixed|38,1378943233,304,13239071,13149863,71386,0,71386,0,1516,0,758,0,0,0,11853,11853,4842832,0,4096,0,0,0,758,0,717873796,0,717873804,0,0,0,0,0,0,0,0,0,4096,256,131072,4,3|4,0,16777216,262144,64,0,0,0,0,100,0,88,0,25,22,0,1,100,0|76,1335860010,1,0,0,5767168,0,5767168,0,17894,0,0,22,0,0,0,0,0,0,0,5010216,0,0,0,0,0
1785760522499|1010|stationary_30min_warmup_r2f_0001_16777216|rotating|38,1378943233,527,13302031,13212410,13230267,13212410,13230267,13212410,23843,23821,11909,11909,0,0,762,0,367662098,367302632,4096,4096,0,0,11910,11910,704367159,704367172,704367167,704367148,0,0,0,0,0,0,0,0,4096,256,131072,4,3|4,0,16777216,262144,64,0,0,0,0,100,0,88,0,25,22,0,1,100,0|76,750239238,1,5901536,0,0,0,0,0,6628846,0,22,0,646551432,0,646551432,0,2080,641102696,0,7873614,0,0,0,0,0
1785760527508|1010|stationary_30min_warmup_r2f_0001_16777216|fixed|40,1378943233,304,19818637,19684876,106893,0,106893,0,2270,0,1135,0,0,0,17742,17742,7251464,0,4096,0,0,0,1135,0,1035605144,0,1035605152,0,0,0,0,0,0,0,0,0,4096,256,131072,4,3|4,0,16777216,262144,64,0,0,0,0,144,0,132,0,36,33,0,1,144,0|78,1654600327,1,0,0,8650752,0,8650752,0,26793,0,0,33,0,0,0,0,0,0,0,5036986,0,0,0,0,0
1785760527508|1010|stationary_30min_warmup_r2f_0001_16777216|rotating|40,1378943233,527,19901595,19767343,19794232,19767343,19794232,19767343,35668,35635,17816,17816,0,0,1140,0,550025325,549486256,4096,4096,0,0,17817,17817,1023068687,1023068668,1023068695,1023068676,0,0,0,0,0,0,0,0,4096,256,131072,4,3|4,0,16777216,262144,64,0,0,0,0,144,0,132,0,36,33,0,1,144,0|78,1069923182,1,8824640,0,0,0,0,0,9918542,0,33,0,965504600,0,965504600,0,2080,959211668,0,9295039,0,0,0,0,0
1785760532518|1010|stationary_30min_warmup_r2f_0001_16777216|fixed|42,1378943233,304,26458747,26280195,142773,0,142773,0,3032,0,1516,0,0,0,23686,23686,9685648,0,4096,0,0,0,1516,0,1356773992,0,1356774000,0,0,0,0,0,0,0,0,0,4096,256,131072,4,3|4,0,16777216,262144,64,0,0,0,0,188,0,176,0,47,44,0,1,188,0|80,1975230302,1,0,0,11534336,0,11534336,0,35740,0,0,44,0,0,0,0,0,0,0,5056911,0,0,0,0,0
1785760532518|1010|stationary_30min_warmup_r2f_0001_16777216|rotating|42,1378943233,527,26534569,26355608,26391417,26355608,26391417,26355608,47553,47509,23753,23753,0,0,1520,0,733325272,732606588,4096,4096,0,0,23754,23754,1343395263,1343395244,1343395239,1343395252,0,0,0,0,0,0,0,0,4096,256,131072,4,3|4,0,16777216,262144,64,0,0,0,0,188,0,176,0,47,44,0,1,188,0|80,1389578567,1,11747744,0,0,0,0,0,13207929,0,44,0,1284429209,0,1284429209,0,2080,1277292741,0,10715804,0,0,0,0,0
1785760537528|1010|stationary_30min_warmup_r2f_0001_16777216|fixed|44,1378943233,304,33093190,32869769,178561,0,178561,0,3792,0,1896,0,0,0,29629,29629,12113392,0,4096,0,0,0,1896,0,1677083368,0,1677083376,0,0,0,0,0,0,0,0,0,4096,256,131072,4,3|4,0,16777216,262144,64,0,0,0,0,232,0,220,0,58,55,0,1,232,0|82,2296008073,1,0,0,14417920,0,14417920,0,44709,0,0,55,0,0,0,0,0,0,0,5085457,0,0,0,0,0
1785760537528|1010|stationary_30min_warmup_r2f_0001_16777216|rotating|44,1378943233,527,33174037,32950126,32995010,32950126,32995010,32950126,59460,59405,29701,29701,0,0,1901,0,916942384,916044096,4096,4096,0,0,29702,29702,1664282923,1664282936,1664282931,1664282912,0,0,0,0,0,0,0,0,4096,256,131072,4,3|4,0,16777216,262144,64,0,0,0,0,236,0,224,0,59,56,0,1,236,0|82,1711168578,1,14687968,0,0,0,0,0,16513319,0,56,0,1605284164,0,1605284164,0,2080,1597174083,0,12265743,0,0,0,0,0
1785760546599|1011|stationary_30min_warmup_r2f_0002_4194304|fixed|48,1378943233,304,6535460,6491257,35222,0,35222,0,748,0,374,0,0,0,5854,5854,2389464,0,4096,0,0,0,374,0,2257224727,0,2257224735,0,0,0,0,0,0,0,0,0,4096,256,131072,4,3|4,0,4194304,262144,16,0,0,0,0,56,0,44,0,14,11,0,1,56,0|90,2876662205,1,0,0,2883584,0,2883584,0,8876,0,0,11,0,0,0,0,0,0,0,4995029,0,0,0,0,0
1785760546599|1011|stationary_30min_warmup_r2f_0002_4194304|rotating|48,1378943233,527,6615504,6570819,6579811,6570819,6579811,6570819,5939,5928,5926,5926,0,0,379,0,182863351,182683578,4096,4096,0,0,5927,5927,2244814624,2244814637,2244814632,2244814645,0,0,0,0,0,0,0,0,4096,256,131072,4,3|4,0,4194304,262144,16,0,0,0,0,56,0,44,0,14,11,0,1,56,0|90,2290656597,1,2946816,0,0,0,0,0,3305315,0,11,0,324482264,0,324482264,0,2080,319871772,0,6451433,0,0,0,0,0
1785760569826|1017|stationary_30min_formal_f2r_0000_436207616|fixed|62,1378943233,271,6142345,6099786,6107374,6099786,6107374,6099786,5830,5819,5818,5818,0,0,371,0,179608058,179444421,4096,4096,0,0,5819,5819,3744801563,3744801560,3744801571,3744801568,0,0,0,0,0,0,0,0,4096,256,131072,4,3|4,0,436207616,262144,1664,0,0,0,0,56,0,44,0,14,11,0,1,56,0|128,68413456,2,2899392,0,0,0,0,0,3076544,0,11,0,320979675,0,320979675,0,2080,314927902,0,8355938,0,0,0,0,0
1785760569826|1017|stationary_30min_formal_f2r_0000_436207616|rotating|62,1378943233,560,6209249,6165697,35445,0,35445,0,752,0,376,0,0,0,5882,5882,2401552,0,4096,0,0,0,376,0,3730722470,0,3730722478,0,0,0,0,0,0,0,0,0,4096,256,131072,4,3|4,0,436207616,262144,1664,0,0,0,0,56,0,44,0,14,11,0,1,56,0|128,3777268228,1,0,0,2883584,0,2883584,0,8908,0,0,11,0,0,0,0,0,0,0,6867664,0,0,0,0,0
1785760574837|1017|stationary_30min_formal_f2r_0000_436207616|fixed|64,1378943233,271,12413242,12326547,12342352,12326547,12342352,12326547,11785,11762,11761,11761,0,0,752,0,363058144,362697816,4096,4096,0,0,11762,11762,4065558541,4065558538,4065558501,4065558522,0,0,0,0,0,0,0,0,4096,256,131072,4,3|4,0,436207616,262144,1664,0,0,0,0,100,0,88,0,25,22,0,1,100,0|130,389216848,2,5838304,0,0,0,0,0,6193863,0,22,0,641048339,0,641048339,0,2080,634156227,0,9776900,0,0,0,0,0
1785760574837|1017|stationary_30min_formal_f2r_0000_436207616|rotating|64,1378943233,560,12482657,12395513,71361,0,71361,0,1514,0,757,0,0,0,11827,11827,4835000,0,4096,0,0,0,757,0,4051891651,0,4051891659,0,0,0,0,0,0,0,0,0,4096,256,131072,4,3|4,0,436207616,262144,1664,0,0,0,0,100,0,88,0,25,22,0,1,100,0|130,4098014751,1,0,0,5767168,0,5767168,0,17887,0,0,22,0,0,0,0,0,0,0,6884475,0,0,0,0,0
1785760579845|1017|stationary_30min_formal_f2r_0000_436207616|fixed|66,1378943233,271,18682639,18551644,18575836,18551644,18575836,18551644,17734,17700,17699,17699,0,0,1133,0,546342226,545800845,4096,4096,0,0,17700,17700,90947055,90947044,90947063,90947052,0,0,0,0,0,0,0,0,4096,256,131072,4,3|4,0,436207616,262144,1664,0,0,0,0,144,0,132,0,36,33,0,1,144,0|132,709378043,2,8761408,0,0,0,0,0,9306694,0,33,0,960478758,0,960478758,0,2080,952736422,0,11204353,0,0,0,0,0
1785760579845|1017|stationary_30min_formal_f2r_0000_436207616|rotating|66,1378943233,560,18760236,18628920,107183,0,107183,0,2274,0,1137,0,0,0,17772,17772,7262096,0,4096,0,0,0,1137,0,77240530,0,77240538,0,0,0,0,0,0,0,0,0,4096,256,131072,4,3|4,0,436207616,262144,1664,0,0,0,0,144,0,132,0,36,33,0,1,144,0|132,125294046,2,0,0,8650752,0,8650752,0,26890,0,0,33,0,0,0,0,0,0,0,6906319,0,0,0,0,0
1785760584856|1017|stationary_30min_formal_f2r_0000_436207616|fixed|68,1378943233,271,24957713,24780546,24815085,24780546,24815085,24780546,23689,23644,23643,23643,0,0,1513,0,729820035,729098814,4096,4096,0,0,23644,23644,411631229,411631218,411631237,411631226,0,0,0,0,0,0,0,0,4096,256,131072,4,3|4,0,436207616,262144,1664,0,0,0,0,188,0,176,0,47,44,0,1,188,0|134,1030290446,2,11700320,0,0,0,0,0,12426020,0,44,0,1280656433,0,1280656433,0,2080,1272072965,0,12626108,0,0,0,0,0
1785760584856|1017|stationary_30min_formal_f2r_0000_436207616|rotating|68,1378943233,560,25033037,24855436,143005,0,143005,0,3034,0,1517,0,0,0,23714,23714,9689160,0,4096,0,0,0,1517,0,397550982,0,397550990,0,0,0,0,0,0,0,0,0,4096,256,131072,4,3|4,0,436207616,262144,1664,0,0,0,0,188,0,176,0,47,44,0,1,188,0|134,444441305,2,0,0,11534336,0,11534336,0,35821,0,0,44,0,0,0,0,0,0,0,6925214,0,0,0,0,0
1785760589860|1017|stationary_30min_formal_f2r_0000_436207616|fixed|70,1378943233,271,31219555,30999042,31041107,30999042,31041107,30999042,29636,29580,29579,29579,0,0,1893,0,913070170,912167877,4096,4096,0,0,29580,29580,731912550,731912547,731912558,731912555,0,0,0,0,0,0,0,0,4096,256,131072,4,3|4,0,436207616,262144,1664,0,0,0,0,232,0,220,0,58,55,0,1,232,0|136,1351398675,2,14639232,0,0,0,0,0,15545031,0,55,0,1601029934,0,1601029934,0,2080,1591603627,0,14049570,0,0,0,0,0
1785760589860|1017|stationary_30min_formal_f2r_0000_436207616|rotating|70,1378943233,560,31314350,31093356,179008,0,179008,0,3798,0,1899,0,0,0,29669,29669,12129072,0,4096,0,0,0,1899,0,719582207,0,719582215,0,0,0,0,0,0,0,0,0,4096,256,131072,4,3|4,0,436207616,262144,1664,0,0,0,0,232,0,220,0,58,55,0,1,232,0|136,765743195,2,0,0,14417920,0,14417920,0,44799,0,0,55,0,0,0,0,0,0,0,6946107,0,0,0,0,0
1785760594868|1017|stationary_30min_formal_f2r_0000_436207616|fixed|72,1378943233,271,37491211,37226431,37276948,37226431,37276948,37226431,35592,35525,35524,35524,0,0,2273,0,1096568093,1095486248,4096,4096,0,0,35525,35525,1052640506,1052640503,1052640522,1052640511,0,0,0,0,0,0,0,0,4096,256,131072,4,3|4,0,436207616,262144,1664,0,0,0,0,276,0,264,0,69,66,0,1,276,0|138,1670912505,2,17562336,0,0,0,0,0,18649115,0,66,0,1919812988,0,1919812988,0,2080,1909537532,0,15475948,0,0,0,0,0
1785760594868|1017|stationary_30min_formal_f2r_0000_436207616|rotating|72,1378943233,560,37571097,37304985,214830,0,214830,0,4558,0,2279,0,0,0,35600,35600,14556112,0,4096,0,0,0,2279,0,1039324302,0,1039324310,0,0,0,0,0,0,0,0,0,4096,256,131072,4,3|4,0,436207616,262144,1664,0,0,0,0,280,0,268,0,70,67,0,1,280,0|138,1086266682,2,0,0,17563648,0,17563648,0,53778,0,0,67,0,0,0,0,0,0,0,6970631,0,0,0,0,0
1785760599897|1017|stationary_30min_formal_f2r_0000_436207616|fixed|74,1378943233,271,43782081,43472072,43531711,43472072,43531711,43472072,41564,41485,41484,41484,0,0,2656,0,1280542768,1279264520,4096,4096,0,0,41485,41485,1374312645,1374312634,1374312613,1374312642,0,0,0,0,0,0,0,0,4096,256,131072,4,3|4,0,436207616,262144,1664,0,0,0,0,324,0,312,0,81,78,0,1,324,0|140,1996885401,2,20542080,0,0,0,0,0,21816210,0,78,0,2245040948,0,2245040948,0,2080,2233798650,0,17027601,0,0,0,0,0
1785760599897|1017|stationary_30min_formal_f2r_0000_436207616|rotating|74,1378943233,560,43955493,43644426,251313,0,251313,0,5332,0,2666,0,0,0,41648,41648,17027896,0,4096,0,0,0,2666,0,1365651219,0,1365651227,0,0,0,0,0,0,0,0,0,4096,256,131072,4,3|4,0,436207616,262144,1664,0,0,0,0,324,0,312,0,81,78,0,1,324,0|140,1412224535,2,0,0,20447232,0,20447232,0,62875,0,0,78,0,0,0,0,0,0,0,6994999,0,0,0,0,0
1785760604897|1017|stationary_30min_formal_f2r_0000_436207616|fixed|76,1378943233,271,50047540,49692428,49761351,49692428,49761351,49692428,47510,47420,47419,47419,0,0,3036,0,1463747294,1462291649,4096,4096,0,0,47420,47420,1694528002,1694528015,1694528010,1694528023,0,0,0,0,0,0,0,0,4096,256,131072,4,3|4,0,436207616,262144,1664,0,0,0,0,368,0,356,0,92,89,0,1,368,0|142,2313104385,2,23441472,0,0,0,0,0,24889625,0,89,0,2560535084,0,2560535084,0,2080,2548435472,0,18457053,0,0,0,0,0
1785760604897|1017|stationary_30min_formal_f2r_0000_436207616|rotating|76,1378943233,560,50115182,49759839,286568,0,286568,0,6080,0,3040,0,0,0,47483,47483,19416656,0,4096,0,0,0,3040,0,1680812151,0,1680812159,0,0,0,0,0,0,0,0,0,4096,256,131072,4,3|4,0,436207616,262144,1664,0,0,0,0,368,0,356,0,92,89,0,1,368,0|142,1730466873,2,0,0,23330816,0,23330816,0,71783,0,0,89,0,0,0,0,0,0,0,7013497,0,0,0,0,0
1785760609902|1017|stationary_30min_formal_f2r_0000_436207616|fixed|78,1378943233,304,56312006,55912672,55990088,55912672,55990088,55912672,53455,53354,53354,53354,0,0,3415,0,1646933512,1645298544,4096,4096,0,0,53354,53354,2014685040,2014685389,2014685048,2014685397,0,0,0,0,0,0,0,0,4096,256,131072,4,3|4,0,436207616,262144,1664,0,0,0,0,412,0,400,0,103,100,0,1,412,0|144,2637516114,2,26404096,0,0,0,0,0,28043438,0,100,0,2884206157,0,2884206157,0,2080,2871277365,0,19871947,0,0,0,0,0
1785760609902|1017|stationary_30min_formal_f2r_0000_436207616|rotating|78,1378943233,560,56469405,56069105,322859,0,322859,0,6850,0,3425,0,0,0,53503,53503,21875704,0,4096,0,0,0,3425,0,2005413416,0,2005413424,0,0,0,0,0,0,0,0,0,4096,256,131072,4,3|4,0,436207616,262144,1664,0,0,0,0,412,0,400,0,103,100,0,1,412,0|144,2053112443,2,0,0,26214400,0,26214400,0,80808,0,0,100,0,0,0,0,0,0,0,7033544,0,0,0,0,0
1785760614914|1017|stationary_30min_formal_f2r_0000_436207616|fixed|80,1378943233,304,62592982,62149084,62235148,62149084,62235148,62149084,59415,59303,59303,59303,0,0,3796,0,1830567528,1828751304,4096,4096,0,0,59303,59303,2335638445,2335638794,2335638453,2335638802,0,0,0,0,0,0,0,0,4096,256,131072,4,3|4,0,436207616,262144,1664,0,0,0,0,456,0,444,0,114,111,0,1,456,0|146,2954164103,2,29303488,0,0,0,0,0,31121743,0,111,0,3200129298,0,3200129298,0,2080,3186352524,0,21292067,0,0,0,0,0
1785760614914|1017|stationary_30min_formal_f2r_0000_436207616|rotating|80,1378943233,560,62661007,62216871,358208,0,358208,0,7600,0,3800,0,0,0,59367,59367,24270864,0,4096,0,0,0,3800,0,2321424564,0,2321424572,0,0,0,0,0,0,0,0,0,4096,256,131072,4,3|4,0,436207616,262144,1664,0,0,0,0,456,0,444,0,114,111,0,1,456,0|146,2368734952,2,0,0,29097984,0,29097984,0,89622,0,0,111,0,0,0,0,0,0,0,7053883,0,0,0,0,0
1785760619932|1017|stationary_30min_formal_f2r_0000_436207616|fixed|82,1378943233,304,68873301,68384627,68479558,68384627,68479558,68384627,65375,65252,65252,65252,0,0,4177,0,2014199928,2012205240,4096,4096,0,0,65252,65252,2656597739,2656598096,2656597747,2656598104,0,0,0,0,0,0,0,0,4096,256,131072,4,3|4,0,436207616,262144,1664,0,0,0,0,504,0,492,0,126,123,0,1,504,0|148,3276242837,2,32251616,0,0,0,0,0,34251165,0,123,0,3521471000,0,3521471000,0,2080,3506717953,0,22846363,0,0,0,0,0
1785760619932|1017|stationary_30min_formal_f2r_0000_436207616|rotating|82,1378943233,560,68962680,68472678,394310,0,394310,0,8366,0,4183,0,0,0,65336,65336,26717072,0,4096,0,0,0,4183,0,2643742974,0,2643742982,0,0,0,0,0,0,0,0,0,4096,256,131072,4,3|4,0,436207616,262144,1664,0,0,0,0,504,0,492,0,126,123,0,1,504,0|148,2692835802,2,0,0,32243712,0,32243712,0,98695,0,0,123,0,0,0,0,0,0,0,7079277,0,0,0,0,0
1785760624936|1017|stationary_30min_formal_f2r_0000_436207616|fixed|84,1378943233,304,75142194,74608142,74712534,74608142,74712534,74608142,71325,71190,71190,71190,0,0,4558,0,2197494256,2195303504,4096,4096,0,0,71190,71190,2977090792,2977091125,2977090800,2977091133,0,0,0,0,0,0,0,0,4096,256,131072,4,3|4,0,436207616,262144,1664,0,0,0,0,548,0,536,0,137,134,0,1,548,0|150,3595367669,2,35174204,0,0,0,0,0,37353263,0,134,0,3839865185,0,3839865185,0,2057,3824262011,0,24273590,0,0,0,0,0
1785760624936|1017|stationary_30min_formal_f2r_0000_436207616|rotating|84,1378943233,560,75223550,74688906,430131,0,430131,0,9126,0,4563,0,0,0,71267,71267,29144152,0,4096,0,0,0,4563,0,2964058879,0,2964058887,0,0,0,0,0,0,0,0,0,4096,256,131072,4,3|4,0,436207616,262144,1664,0,0,0,0,548,0,536,0,137,134,0,1,548,0|150,3010823406,2,0,0,35127296,0,35127296,0,107603,0,0,134,0,0,0,0,0,0,0,7099799,0,0,0,0,0
1785760629946|1017|stationary_30min_formal_f2r_0000_436207616|fixed|86,1378943233,271,81414569,80835424,80949088,80835424,80949088,80835424,77279,77133,77132,77132,0,0,4938,0,2380937112,2378566840,4096,4096,0,0,77133,77133,3297726009,3297726006,3297725969,3297725990,0,0,0,0,0,0,0,0,4096,256,131072,4,3|4,0,436207616,262144,1664,0,0,0,0,592,0,580,0,148,145,0,1,592,0|152,3916419694,2,38105728,0,0,0,0,0,40473458,0,145,0,4160184329,0,4160184329,0,2080,4143734027,0,25699773,0,0,0,0,0
1785760629946|1017|stationary_30min_formal_f2r_0000_436207616|rotating|86,1378943233,560,81506721,80926952,466048,0,466048,0,9888,0,4944,0,0,0,77220,77220,31577616,0,4096,0,0,0,4944,0,3285233318,0,3285233326,0,0,0,0,0,0,0,0,0,4096,256,131072,4,3|4,0,436207616,262144,1664,0,0,0,0,592,0,580,0,148,145,0,1,592,0|152,3331380198,2,0,0,38010880,0,38010880,0,116559,0,0,145,0,0,0,0,0,0,0,7120838,0,0,0,0,0
1785760634960|1017|stationary_30min_formal_f2r_0000_436207616|fixed|88,1378943233,271,87691190,87066687,87189792,87066687,87189792,87066687,83236,83079,83078,83078,0,0,5319,0,2564454416,2561905400,4096,4096,0,0,83079,83079,3618495635,3618495632,3618495619,3618495608,0,0,0,0,0,0,0,0,4096,256,131072,4,3|4,0,436207616,262144,1664,0,0,0,0,636,0,624,0,159,156,0,1,636,0|154,4237023863,2,41044640,0,0,0,0,0,43589856,0,156,0,185086474,1,185086474,1,2080,167788469,1,27128099,0,0,0,0,0
1785760634960|1017|stationary_30min_formal_f2r_0000_436207616|rotating|88,1378943233,560,87767509,87142672,501776,0,501776,0,10646,0,5323,0,0,0,83150,83150,33998296,0,4096,0,0,0,5323,0,3604690769,0,3604690777,0,0,0,0,0,0,0,0,0,4096,256,131072,4,3|4,0,436207616,262144,1664,0,0,0,0,636,0,624,0,159,156,0,1,636,0|154,3651299488,2,0,0,40894464,0,40894464,0,125491,0,0,156,0,0,0,0,0,0,0,7141314,0,0,0,0,0
1785760639964|1017|stationary_30min_formal_f2r_0000_436207616|fixed|90,1378943233,271,93956360,93289368,93419140,93289368,93419140,93289368,89182,89014,89013,89013,0,0,5699,0,2747679394,2744952597,4096,4096,0,0,89014,89014,3938737572,3938737593,3938737580,3938737601,0,0,0,0,0,0,0,0,4096,256,131072,4,3|4,0,436207616,262144,1664,0,0,0,0,680,0,668,0,170,167,0,1,680,0|156,262250693,3,43975648,0,0,0,0,0,46702383,0,167,0,504547848,1,504547848,1,2080,486399978,1,28556890,0,0,0,0,0
1785760639964|1017|stationary_30min_formal_f2r_0000_436207616|rotating|90,1378943233,560,94032417,93365088,537594,0,537594,0,11406,0,5703,0,0,0,89086,89086,36425424,0,4096,0,0,0,5703,0,3925008268,0,3925008276,0,0,0,0,0,0,0,0,0,4096,256,131072,4,3|4,0,436207616,262144,1664,0,0,0,0,680,0,668,0,170,167,0,1,680,0|156,3971356694,2,0,0,43778048,0,43778048,0,134445,0,0,167,0,0,0,0,0,0,0,7161809,0,0,0,0,0
1785760644967|1017|stationary_30min_formal_f2r_0000_436207616|fixed|92,1378943233,271,100224451,99513330,99651414,99513330,99651414,99513330,95131,94952,94951,94951,0,0,6079,0,2930962110,2928054241,4096,4096,0,0,94952,94952,4259094066,4259094071,4259094074,4259094079,0,0,0,0,0,0,0,0,4096,256,131072,4,3|4,0,436207616,262144,1664,0,0,0,0,724,0,712,0,181,178,0,1,724,0|158,582404522,3,46898752,0,0,0,0,0,49814493,0,178,0,823970901,1,823970901,1,2080,804969507,1,29987643,0,0,0,0,0
1785760644967|1017|stationary_30min_formal_f2r_0000_436207616|rotating|92,1378943233,560,100290988,99579447,573411,0,573411,0,12166,0,6083,0,0,0,95014,95014,38852504,0,4096,0,0,0,6083,0,4245327695,0,4245327703,0,0,0,0,0,0,0,0,0,4096,256,131072,4,3|4,0,436207616,262144,1664,0,0,0,0,728,0,716,0,182,179,0,1,728,0|158,4291627042,2,0,0,46923776,0,46923776,0,143423,0,0,179,0,0,0,0,0,0,0,7186648,0,0,0,0,0
1785760649978|1017|stationary_30min_formal_f2r_0000_436207616|fixed|94,1378943233,271,106498717,105744295,105889767,105744295,105889767,105744295,101087,100896,100895,100895,0,0,6460,0,3114430237,3111326992,4096,4096,0,0,100896,100896,284924460,284924497,284924468,284924473,0,0,0,0,0,0,0,0,4096,256,131072,4,3|4,0,436207616,262144,1664,0,0,0,0,772,0,760,0,193,190,0,1,772,0|160,903362197,3,49838976,0,0,0,0,0,52933447,0,190,0,1144193520,1,1144193520,1,2080,1124216249,1,31539846,0,0,0,0,0
1785760649978|1017|stationary_30min_formal_f2r_0000_436207616|rotating|94,1378943233,560,106566219,105811330,609330,0,609330,0,12928,0,6464,0,0,0,100959,100959,41285976,0,4096,0,0,0,6464,0,270957655,0,270957663,0,0,0,0,0,0,0,0,0,4096,256,131072,4,3|4,0,436207616,262144,1664,0,0,0,0,772,0,760,0,193,190,0,1,772,0|160,317970832,3,0,0,49807360,0,49807360,0,152402,0,0,190,0,0,0,0,0,0,0,7204463,0,0,0,0,0
1785760654992|1017|stationary_30min_formal_f2r_0000_436207616|fixed|96,1378943233,304,112768204,111969499,112123432,111969499,112123432,111969499,107041,106839,106839,106839,0,0,6840,0,3297905808,3294624040,4096,4096,0,0,106839,106839,605597626,605597935,605597634,605597943,0,0,0,0,0,0,0,0,4096,256,131072,4,3|4,0,436207616,262144,1664,0,0,0,0,816,0,804,0,204,201,0,1,816,0|162,1224188788,3,52769984,0,0,0,0,0,56049445,0,201,0,1464287359,1,1464287359,1,2080,1443458567,1,32970293,0,0,0,0,0
1785760654992|1017|stationary_30min_formal_f2r_0000_436207616|rotating|96,1378943233,560,112842354,112043095,645243,0,645243,0,13690,0,6845,0,0,0,106909,106909,43719392,0,4096,0,0,0,6845,0,592136329,0,592136337,0,0,0,0,0,0,0,0,0,4096,256,131072,4,3|4,0,436207616,262144,1664,0,0,0,0,816,0,804,0,204,201,0,1,816,0|162,638194269,3,0,0,52690944,0,52690944,0,161358,0,0,201,0,0,0,0,0,0,0,7225663,0,0,0,0,0
1785760660003|1017|stationary_30min_formal_f2r_0000_436207616|fixed|98,1378943233,271,119038390,118195699,118357702,118195699,118357702,118195699,113000,112787,112786,112786,0,0,7221,0,3481480957,3478019776,4096,4096,0,0,112787,112787,926469721,926469718,926469729,926469726,0,0,0,0,0,0,0,0,4096,256,131072,4,3|4,0,436207616,262144,1664,0,0,0,0,860,0,848,0,215,212,0,1,860,0|164,1545089603,3,55708896,0,0,0,0,0,59165082,0,212,0,1784453446,1,1784453446,1,2080,1762781093,1,34394477,0,0,0,0,0
1785760660003|1017|stationary_30min_formal_f2r_0000_436207616|rotating|98,1378943233,560,119107612,118264481,681068,0,681068,0,14450,0,7225,0,0,0,112851,112851,46146504,0,4096,0,0,0,7225,0,912449221,0,912449229,0,0,0,0,0,0,0,0,0,4096,256,131072,4,3|4,0,436207616,262144,1664,0,0,0,0,860,0,848,0,215,212,0,1,860,0|164,958931167,3,0,0,55574528,0,55574528,0,170314,0,0,212,0,0,0,0,0,0,0,7245887,0,0,0,0,0
1785760665010|1017|stationary_30min_formal_f2r_0000_436207616|fixed|100,1378943233,271,125303253,124416517,124586742,124416517,124586742,124416517,118950,118726,118725,118725,0,0,7601,0,3664825808,3661183568,4096,4096,0,0,118726,118726,1246919505,1246919502,1246919465,1246919478,0,0,0,0,0,0,0,0,4096,256,131072,4,3|4,0,436207616,262144,1664,0,0,0,0,904,0,892,0,226,223,0,1,904,0|166,1865453482,3,58639904,0,0,0,0,0,62276585,0,223,0,2104084573,1,2104084573,1,2080,2081562776,1,35822847,0,0,0,0,0
1785760665010|1017|stationary_30min_formal_f2r_0000_436207616|rotating|100,1378943233,560,125371872,124484931,716888,0,716888,0,15210,0,7605,0,0,0,118791,118791,48573600,0,4096,0,0,0,7605,0,1232766313,0,1232766321,0,0,0,0,0,0,0,0,0,4096,256,131072,4,3|4,0,436207616,262144,1664,0,0,0,0,904,0,892,0,226,223,0,1,904,0|166,1279267289,3,0,0,58458112,0,58458112,0,179268,0,0,223,0,0,0,0,0,0,0,7265016,0,0,0,0,0
1785760670017|1017|stationary_30min_formal_f2r_0000_436207616|fixed|102,1378943233,271,131567717,130636918,130815388,130636918,130815388,130636918,124902,124668,124666,124666,0,0,7981,0,3848193915,3844373744,4096,4096,0,0,124667,124667,1567421354,1567421391,1567421362,1567421383,0,0,0,0,0,0,0,0,4096,256,131072,4,3|4,0,436207616,262144,1664,0,0,0,0,948,0,936,0,237,234,0,1,948,0|168,2186270857,3,61578816,0,0,0,0,0,65391867,0,234,0,2424167220,1,2424167220,1,2080,2400804555,1,37244338,0,0,0,0,0
1785760670017|1017|stationary_30min_formal_f2r_0000_436207616|rotating|102,1378943233,560,131646790,130715496,752797,0,752797,0,15972,0,7986,0,0,0,124741,124741,51007088,0,4096,0,0,0,7986,0,1553936015,0,1553936023,0,0,0,0,0,0,0,0,0,4096,256,131072,4,3|4,0,436207616,262144,1664,0,0,0,0,952,0,940,0,238,235,0,1,952,0|168,1601191988,3,0,0,61603840,0,61603840,0,188293,0,0,235,0,0,0,0,0,0,0,7291113,0,0,0,0,0
1785760675025|1017|stationary_30min_formal_f2r_0000_436207616|fixed|104,1378943233,304,137833002,136857723,137044813,136857723,137044813,136857723,130853,130608,130607,130607,0,0,8361,0,4031575256,4027576096,4096,4096,0,0,130607,130607,1887925894,1887926235,1887925902,1887926243,0,0,0,0,0,0,0,0,4096,256,131072,4,3|4,0,436207616,262144,1664,0,0,0,0,996,0,984,0,249,246,0,1,996,0|170,2506341373,3,64503232,0,0,0,0,0,68498721,0,246,0,2743506632,1,2743506632,1,2080,2719161469,1,38799768,0,0,0,0,0
1785760675025|1017|stationary_30min_formal_f2r_0000_436207616|rotating|104,1378943233,560,137901954,136925642,788620,0,788620,0,16732,0,8366,0,0,0,130672,130672,53434152,0,4096,0,0,0,8366,0,1873676984,0,1873676992,0,0,0,0,0,0,0,0,0,4096,256,131072,4,3|4,0,436207616,262144,1664,0,0,0,0,996,0,984,0,249,246,0,1,996,0|170,1920332148,3,0,0,64487424,0,64487424,0,197202,0,0,246,0,0,0,0,0,0,0,7312143,0,0,0,0,0
1785760680039|1017|stationary_30min_formal_f2r_0000_436207616|fixed|106,1378943233,271,144119538,143098644,143295286,143098644,143295286,143098644,136825,136568,136566,136566,0,0,8744,0,4215532856,4211338769,4096,4096,0,0,136567,136567,2209586199,2209586188,2209586159,2209586196,0,0,0,0,0,0,0,0,4096,256,131072,4,3|4,0,436207616,262144,1664,0,0,0,0,1040,0,1028,0,260,257,0,1,1040,0|172,2828162932,3,67450048,0,0,0,0,0,71624658,0,257,0,3064591487,1,3064591487,1,2080,3039403346,1,40225066,0,0,0,0,0
1785760680039|1017|stationary_30min_formal_f2r_0000_436207616|rotating|106,1378943233,560,144207513,143186213,824723,0,824723,0,17498,0,8749,0,0,0,136650,136650,55880352,0,4096,0,0,0,8749,0,2196569560,0,2196569568,0,0,0,0,0,0,0,0,0,4096,256,131072,4,3|4,0,436207616,262144,1664,0,0,0,0,1040,0,1028,0,260,257,0,1,1040,0|172,2243532425,3,0,0,67371008,0,67371008,0,206252,0,0,257,0,0,0,0,0,0,0,7331339,0,0,0,0,0
1785760685047|1017|stationary_30min_formal_f2r_0000_436207616|fixed|108,1378943233,304,150372484,149307968,149512506,149307968,149512506,149307968,142761,142492,142491,142491,0,0,9123,0,4294967295,4294967295,4096,4096,0,0,142491,142491,2529217088,2529217413,2529217096,2529217421,0,0,0,0,0,0,0,0,4096,256,131072,4,3|4,0,436207616,262144,1664,0,0,0,0,1084,0,1072,0,271,268,0,1,1084,0|174,3147735854,3,70373152,0,0,0,0,0,74730692,0,268,0,3383433633,1,3383433633,1,2080,3357396615,1,41651172,0,0,0,0,0
1785760685047|1017|stationary_30min_formal_f2r_0000_436207616|rotating|108,1378943233,560,150448506,149383614,860358,0,860358,0,18254,0,9127,0,0,0,142563,142563,58294696,0,4096,0,0,0,9127,0,2515165315,0,2515165323,0,0,0,0,0,0,0,0,0,4096,256,131072,4,3|4,0,436207616,262144,1664,0,0,0,0,1084,0,1072,0,271,268,0,1,1084,0|174,2561982690,3,0,0,70254592,0,70254592,0,215160,0,0,268,0,0,0,0,0,0,0,7356875,0,0,0,0,0
1785760690056|1017|stationary_30min_formal_f2r_0000_436207616|fixed|110,1378943233,271,156643032,155534153,155747229,155534153,155747229,155534153,148714,148434,148432,148432,0,0,9503,0,4294967295,4294967295,4096,4096,0,0,148433,148433,2849782839,2849782828,2849782847,2849782836,0,0,0,0,0,0,0,0,4096,256,131072,4,3|4,0,436207616,262144,1664,0,0,0,0,1128,0,1116,0,282,279,0,1,1128,0|176,3469021328,3,73312064,0,0,0,0,0,77853068,0,279,0,3703984379,1,3703984379,1,2080,3677098964,1,43080192,0,0,0,0,0
1785760690056|1017|stationary_30min_formal_f2r_0000_436207616|rotating|110,1378943233,560,156738627,155629321,896368,0,896368,0,19018,0,9509,0,0,0,148523,148523,60734560,0,4096,0,0,0,9509,0,2837202113,0,2837202121,0,0,0,0,0,0,0,0,0,4096,256,131072,4,3|4,0,436207616,262144,1664,0,0,0,0,1128,0,1116,0,282,279,0,1,1128,0|176,2884331642,3,0,0,73138176,0,73138176,0,224162,0,0,279,0,0,0,0,0,0,0,7382274,0,0,0,0,0
1785760695060|1017|stationary_30min_formal_f2r_0000_436207616|fixed|112,1378943233,271,162913888,161761937,161982265,161761937,161982265,161761937,154666,154374,154372,154372,0,0,9883,0,4294967295,4294967295,4096,4096,0,0,154373,154373,3170272113,3170272110,3170272073,3170272086,0,0,0,0,0,0,0,0,4096,256,131072,4,3|4,0,436207616,262144,1664,0,0,0,0,1172,0,1160,0,293,290,0,1,1172,0|178,3788423909,3,76235168,0,0,0,0,0,80958066,0,290,0,4022656184,1,4022656184,1,2080,3994923898,1,44504292,0,0,0,0,0
1785760695060|1017|stationary_30min_formal_f2r_0000_436207616|rotating|112,1378943233,560,162993904,161841451,932090,0,932090,0,19776,0,9888,0,0,0,154448,154448,63155288,0,4096,0,0,0,9888,0,3156655362,0,3156655370,0,0,0,0,0,0,0,0,0,4096,256,131072,4,3|4,0,436207616,262144,1664,0,0,0,0,1172,0,1160,0,293,290,0,1,1172,0|178,3203688694,3,0,0,76021760,0,76021760,0,233092,0,0,290,0,0,0,0,0,0,0,7398295,0,0,0,0,0
1785760700071|1017|stationary_30min_formal_f2r_0000_436207616|fixed|114,1378943233,271,169185372,167989149,168217840,167989149,168217840,167989149,160618,160315,160313,160313,0,0,10264,0,4294967295,4294967295,4096,4096,0,0,160314,160314,3490793179,3490793184,3490793187,3490793192,0,0,0,0,0,0,0,0,4096,256,131072,4,3|4,0,436207616,262144,1664,0,0,0,0,1216,0,1204,0,304,301,0,1,1216,0|180,4109122516,3,79166176,0,0,0,0,0,84075565,0,301,0,47654743,2,47654743,2,2080,19075123,2,45930552,0,0,0,0,0
1785760700071|1017|stationary_30min_formal_f2r_0000_436207616|rotating|114,1378943233,560,169259771,168062340,968005,0,968005,0,20538,0,10269,0,0,0,160384,160384,65588712,0,4096,0,0,0,10269,0,3477256780,0,3477256788,0,0,0,0,0,0,0,0,0,4096,256,131072,4,3|4,0,436207616,262144,1664,0,0,0,0,1220,0,1208,0,305,302,0,1,1220,0|180,3523390004,3,0,0,79167488,0,79167488,0,242048,0,0,302,0,0,0,0,0,0,0,7425560,0,0,0,0,0
1785760705084|1017|stationary_30min_formal_f2r_0000_436207616|fixed|116,1378943233,271,175459573,174218497,174456123,174218497,174456123,174218497,166579,166263,166261,166261,0,0,10645,0,4294967295,4294967295,4096,4096,0,0,166262,166262,3811813264,3811813269,3811813272,3811813277,0,0,0,0,0,0,0,0,4096,256,131072,4,3|4,0,436207616,262144,1664,0,0,0,0,1264,0,1252,0,316,313,0,1,1264,0|182,135106475,4,82106400,0,0,0,0,0,87191759,0,313,0,367870942,2,367870942,2,2080,338315221,2,47482979,0,0,0,0,0
1785760705084|1017|stationary_30min_formal_f2r_0000_436207616|rotating|116,1378943233,560,175532767,174291235,1003826,0,1003826,0,21298,0,10649,0,0,0,166330,166330,68015792,0,4096,0,0,0,10649,0,3797567800,0,3797567808,0,0,0,0,0,0,0,0,0,4096,256,131072,4,3|4,0,436207616,262144,1664,0,0,0,0,1264,0,1252,0,316,313,0,1,1264,0|182,3845051413,3,0,0,82051072,0,82051072,0,251027,0,0,313,0,0,0,0,0,0,0,7444094,0,0,0,0,0
1785760710088|1017|stationary_30min_formal_f2r_0000_436207616|fixed|118,1378943233,304,181722684,180437044,180683413,180437044,180683413,180437044,172525,172199,172197,172197,0,0,11025,0,4294967295,4294967295,4096,4096,0,0,172197,172197,4132041745,4132042054,4132041753,4132042062,0,0,0,0,0,0,0,0,4096,256,131072,4,3|4,0,436207616,262144,1664,0,0,0,0,1308,0,1296,0,327,324,0,1,1308,0|184,455407347,4,85037408,0,0,0,0,0,90303740,0,324,0,687439062,2,687439062,2,2080,657035884,2,48909362,0,0,0,0,0
1785760710088|1017|stationary_30min_formal_f2r_0000_436207616|rotating|118,1378943233,560,181800728,180514607,1039743,0,1039743,0,22060,0,11030,0,0,0,172270,172270,70449256,0,4096,0,0,0,11030,0,4118742453,0,4118742461,0,0,0,0,0,0,0,0,0,4096,256,131072,4,3|4,0,436207616,262144,1664,0,0,0,0,1308,0,1296,0,327,324,0,1,1308,0|184,4166039502,3,0,0,84934656,0,84934656,0,260007,0,0,324,0,0,0,0,0,0,0,7470614,0,0,0,0,0
1785760715094|1017|stationary_30min_formal_f2r_0000_436207616|fixed|120,1378943233,271,187987100,186657989,186912007,186657989,186912007,186657989,178472,178135,178132,178132,0,0,11405,0,4294967295,4294967295,4096,4096,0,0,178133,178133,157314055,157314052,157314063,157314060,0,0,0,0,0,0,0,0,4096,256,131072,4,3|4,0,436207616,262144,1664,0,0,0,0,1352,0,1340,0,338,335,0,1,1352,0|186,775656603,4,87968416,0,0,0,0,0,93416344,0,335,0,1006955566,2,1006955566,2,2080,975708207,2,50332469,0,0,0,0,0
1785760715094|1017|stationary_30min_formal_f2r_0000_436207616|rotating|120,1378943233,560,188061475,186731680,1075471,0,1075471,0,22818,0,11409,0,0,0,178202,178202,72869936,0,4096,0,0,0,11409,0,143227419,0,143227427,0,0,0,0,0,0,0,0,0,4096,256,131072,4,3|4,0,436207616,262144,1664,0,0,0,0,1352,0,1340,0,338,335,0,1,1352,0|186,189893197,4,0,0,87818240,0,87818240,0,268915,0,0,335,0,0,0,0,0,0,0,7493215,0,0,0,0,0
1785760720098|1017|stationary_30min_formal_f2r_0000_436207616|fixed|122,1378943233,293,194256604,192882567,193145689,192882567,193145689,192882567,184422,184074,184072,184072,0,0,11785,0,4294967295,4294967295,4096,4096,0,0,184073,184072,477770379,477752591,477770387,477752599,0,0,0,0,0,0,0,0,4096,256,131072,4,3|4,0,436207616,262144,1664,0,0,0,0,1396,0,1384,0,349,346,0,1,1396,0|188,1096310835,4,90899424,0,0,0,0,0,96532985,0,346,0,1326877046,2,1326877046,2,2080,1294784880,2,51756202,0,0,0,0,0
1785760720098|1017|stationary_30min_formal_f2r_0000_436207616|rotating|122,1378943233,560,194325321,192950842,1111289,0,1111289,0,23578,0,11789,0,0,0,184137,184137,75297064,0,4096,0,0,0,11789,0,463539875,0,463539883,0,0,0,0,0,0,0,0,0,4096,256,131072,4,3|4,0,436207616,262144,1664,0,0,0,0,1396,0,1384,0,349,346,0,1,1396,0|188,510166484,4,0,0,90701824,0,90701824,0,277869,0,0,346,0,0,0,0,0,0,0,7517023,0,0,0,0,0
1785760725106|1017|stationary_30min_formal_f2r_0000_436207616|fixed|124,1378943233,271,200525029,199106981,199378297,199106981,199378297,199106981,190372,190013,190009,190009,0,0,12165,0,4294967295,4294967295,4096,4096,0,0,190010,190010,798110483,798110488,798110491,798110496,0,0,0,0,0,0,0,0,4096,256,131072,4,3|4,0,436207616,262144,1664,0,0,0,0,1440,0,1428,0,360,357,0,1,1440,0|190,1416656530,4,93830432,0,0,0,0,0,99647215,0,357,0,1646489989,2,1646489989,2,2080,1613545506,2,53187445,0,0,0,0,0
1785760725106|1017|stationary_30min_formal_f2r_0000_436207616|rotating|124,1378943233,560,200600652,199182053,1147200,0,1147200,0,24340,0,12170,0,0,0,190081,190081,77730520,0,4096,0,0,0,12170,0,784719342,0,784719358,0,0,0,0,0,0,0,0,0,4096,256,131072,4,3|5,0,436207616,262144,1664,0,0,0,0,1444,0,1432,0,361,358,0,1,1444,0|190,831077430,4,0,0,93847552,0,93847552,0,286871,0,0,358,0,0,0,0,0,0,0,7540722,0,0,0,0,0
1785760730110|1017|stationary_30min_formal_f2r_0000_436207616|fixed|126,1378943233,304,206789772,205327011,205607127,205327011,205607127,205327011,196318,195947,195944,195944,0,0,12546,0,4294967295,4294967295,4096,4096,0,0,195944,195944,1118405077,1118405402,1118405085,1118405410,0,0,0,0,0,0,0,0,4096,256,131072,4,3|4,0,436207616,262144,1664,0,0,0,0,1488,0,1476,0,372,369,0,1,1488,0|192,1736870131,4,96762752,0,0,0,0,0,102758568,0,369,0,1965970510,2,1965970510,2,2080,1932044080,2,54744021,0,0,0,0,0
1785760730110|1017|stationary_30min_formal_f2r_0000_436207616|rotating|126,1378943233,560,206864699,205401460,1183025,0,1183025,0,25100,0,12550,0,0,0,196015,196015,80157616,0,4096,0,0,0,12550,0,1104461452,0,1104461460,0,0,0,0,0,0,0,0,0,4096,256,131072,4,3|4,0,436207616,262144,1664,0,0,0,0,1488,0,1476,0,372,369,0,1,1488,0|192,1151289310,4,0,0,96731136,0,96731136,0,295826,0,0,369,0,0,0,0,0,0,0,7558425,0,0,0,0,0
1785760735116|1017|stationary_30min_formal_f2r_0000_436207616|fixed|128,1378943233,271,213060088,211553974,211841621,211553974,211841621,211553974,202270,201888,201884,201884,0,0,12926,0,4294967295,4294967295,4096,4096,0,0,201885,201885,1438922090,1438922119,1438922098,1438922127,0,0,0,0,0,0,0,0,4096,256,131072,4,3|4,0,436207616,262144,1664,0,0,0,0,1532,0,1520,0,383,380,0,1,1532,0|194,2057288464,4,99693760,0,0,0,0,0,105873005,0,380,0,2285656091,2,2285656091,2,2080,2250884262,2,56168346,0,0,0,0,0
1785760735116|1017|stationary_30min_formal_f2r_0000_436207616|rotating|128,1378943233,560,213132763,211626286,1218844,0,1218844,0,25860,0,12930,0,0,0,201953,201953,82584656,0,4096,0,0,0,12930,0,1424774462,0,1424774478,0,0,0,0,0,0,0,0,0,4096,256,131072,4,3|4,0,436207616,262144,1664,0,0,0,0,1532,0,1520,0,383,380,0,1,1532,0|194,1471430187,4,0,0,99614720,0,99614720,0,304758,0,0,380,0,0,0,0,0,0,0,7581083,0,0,0,0,0
1785760740121|1017|stationary_30min_formal_f2r_0000_436207616|fixed|130,1378943233,271,219326440,217774542,218072152,217774542,218072152,217774542,208216,207824,207819,207819,0,0,13306,0,4294967295,4294967295,4096,4096,0,0,207820,207820,1759141473,1759141462,1759141481,1759141470,0,0,0,0,0,0,0,0,4096,256,131072,4,3|4,0,436207616,262144,1664,0,0,0,0,1576,0,1564,0,394,391,0,1,1576,0|196,2377759131,4,102624768,0,0,0,0,0,108988185,0,391,0,2605394006,2,2605394006,2,2080,2569772450,2,57596999,0,0,0,0,0
1785760740121|1017|stationary_30min_formal_f2r_0000_436207616|rotating|130,1378943233,560,219401164,217848906,1254668,0,1254668,0,26620,0,13310,0,0,0,207890,207890,85011760,0,4096,0,0,0,13310,0,1745091828,0,1745091836,0,0,0,0,0,0,0,0,0,4096,256,131072,4,3|4,0,436207616,262144,1664,0,0,0,0,1576,0,1564,0,394,391,0,1,1576,0|196,1792662233,4,0,0,102498304,0,102498304,0,313761,0,0,391,0,0,0,0,0,0,0,7602189,0,0,0,0,0
1785760745127|1017|stationary_30min_formal_f2r_0000_436207616|fixed|132,1378943233,304,225596803,224000657,224306691,224000657,224306691,224000657,214168,213765,213761,213761,0,0,13686,0,4294967295,4294967295,4096,4096,0,0,213761,213761,2079673489,2079673822,2079673497,2079673830,0,0,0,0,0,0,0,0,4096,256,131072,4,3|4,0,436207616,262144,1664,0,0,0,0,1620,0,1608,0,405,402,0,1,1620,0|198,2698895957,4,105563680,0,0,0,0,0,112109346,0,402,0,2925796104,2,2925796104,2,2080,2889327945,2,59024225,0,0,0,0,0
1785760745127|1017|stationary_30min_formal_f2r_0000_436207616|rotating|132,1378943233,560,225702454,224105593,1290676,0,1290676,0,27384,0,13692,0,0,0,213861,213861,87451632,0,4096,0,0,0,13692,0,2067126830,0,2067126838,0,0,0,0,0,0,0,0,0,4096,256,131072,4,3|4,0,436207616,262144,1664,0,0,0,0,1620,0,1608,0,405,402,0,1,1620,0|198,2114163723,4,0,0,105381888,0,105381888,0,322739,0,0,402,0,0,0,0,0,0,0,7619790,0,0,0,0,0
1785760750133|1017|stationary_30min_formal_f2r_0000_436207616|fixed|134,1378943233,271,231863202,230222822,230537271,230222822,230537271,230222822,220115,219701,219696,219696,0,0,14066,0,4294967295,4294967295,4096,4096,0,0,219697,219697,2399911852,2399911833,2399911860,2399911841,0,0,0,0,0,0,0,0,4096,256,131072,4,3|4,0,436207616,262144,1664,0,0,0,0,1664,0,1652,0,416,413,0,1,1664,0|200,3018346640,4,108486784,0,0,0,0,0,115214804,0,413,0,3244516011,2,3244516011,2,2080,3207210728,2,60438578,0,0,0,0,0
1785760750133|1017|stationary_30min_formal_f2r_0000_436207616|rotating|134,1378943233,560,231940534,230299604,1326398,0,1326398,0,28142,0,14071,0,0,0,219770,219770,89872352,0,4096,0,0,0,14071,0,2386570339,0,2386570347,0,0,0,0,0,0,0,0,0,4096,256,131072,4,3|4,0,436207616,262144,1664,0,0,0,0,1664,0,1652,0,416,413,0,1,1664,0|200,2434321777,4,0,0,108527616,0,108527616,0,331717,0,0,414,0,0,0,0,0,0,0,7644284,0,0,0,0,0
1785760755141|1017|stationary_30min_formal_f2r_0000_436207616|fixed|136,1378943233,271,238134803,236450057,236773056,236450057,236773056,236450057,226067,225642,225638,225638,0,0,14446,0,4294967295,4294967295,4096,4096,0,0,225638,225638,2720448671,2720448980,2720448679,2720448988,0,0,0,0,0,0,0,0,4096,256,131072,4,3|4,0,436207616,262144,1664,0,0,0,0,1712,0,1700,0,428,425,0,1,1712,0|202,3338905921,4,111419104,0,0,0,0,0,118329241,0,425,0,3564342212,2,3564342212,2,2080,3526060902,2,61989234,0,0,0,0,0
1785760755141|1017|stationary_30min_formal_f2r_0000_436207616|rotating|136,1378943233,560,238209379,236523416,1362315,0,1362315,0,28904,0,14452,0,0,0,225708,225708,92305792,0,4096,0,0,0,14452,0,2707166064,0,2707166072,0,0,0,0,0,0,0,0,0,4096,256,131072,4,3|4,0,436207616,262144,1664,0,0,0,0,1712,0,1700,0,428,425,0,1,1712,0|202,2754801981,4,0,0,111411200,0,111411200,0,340673,0,0,425,0,0,0,0,0,0,0,7667931,0,0,0,0,0
1785760760143|1017|stationary_30min_formal_f2r_0000_436207616|fixed|138,1378943233,304,244398418,242668588,243000753,242668588,243000753,242668588,232013,231576,231572,231572,0,0,14827,0,4294967295,4294967295,4096,4096,0,0,231572,231572,3040727732,3040728057,3040727740,3040728065,0,0,0,0,0,0,0,0,4096,256,131072,4,3|4,0,436207616,262144,1664,0,0,0,0,1756,0,1744,0,439,436,0,1,1756,0|204,3659112133,4,114350112,0,0,0,0,0,121441486,0,436,0,3883815672,2,3883815672,2,2080,3844685117,2,63417405,0,0,0,0,0
1785760760143|1017|stationary_30min_formal_f2r_0000_436207616|rotating|138,1378943233,560,244466592,242736324,1398041,0,1398041,0,29662,0,14831,0,0,0,231636,231636,94726472,0,4096,0,0,0,14831,0,3026623387,0,3026623395,0,0,0,0,0,0,0,0,0,4096,256,131072,4,3|4,0,436207616,262144,1664,0,0,0,0,1756,0,1744,0,439,436,0,1,1756,0|204,3073051011,4,0,0,114294784,0,114294784,0,349557,0,0,436,0,0,0,0,0,0,0,7691026,0,0,0,0,0
1785760765157|1017|stationary_30min_formal_f2r_0000_436207616|fixed|140,1378943233,271,250679330,248903762,249245751,248903762,249245751,248903762,237973,237525,237520,237520,0,0,15208,0,4294967295,4294967295,4096,4096,0,0,237521,237521,3361668268,3361668289,3361668276,3361668297,0,0,0,0,0,0,0,0,4096,256,131072,4,3|4,0,436207616,262144,1664,0,0,0,0,1800,0,1788,0,450,447,0,1,1800,0|206,3980950851,4,117296928,0,0,0,0,0,124570538,0,447,0,4204917686,2,4204917686,2,2080,4164945340,2,64841516,0,0,0,0,0
1785760765157|1017|stationary_30min_formal_f2r_0000_436207616|rotating|140,1378943233,560,250771034,248995189,1434053,0,1434053,0,30426,0,15213,0,0,0,237607,237607,97166336,0,4096,0,0,0,15213,0,3348655308,0,3348655316,0,0,0,0,0,0,0,0,0,4096,256,131072,4,3|4,0,436207616,262144,1664,0,0,0,0,1800,0,1788,0,450,447,0,1,1800,0|206,3395996063,4,0,0,117178368,0,117178368,0,358584,0,0,447,0,0,0,0,0,0,0,7709555,0,0,0,0,0
1785760770157|1017|stationary_30min_formal_f2r_0000_436207616|fixed|142,1378943233,271,256942211,255121566,255472903,255121566,255472903,255121566,243916,243457,243452,243452,0,0,15587,0,4294967295,4294967295,4096,4096,0,0,243453,243453,3681706927,3681706916,3681706935,3681706924,0,0,0,0,0,0,0,0,4096,256,131072,4,3|4,0,436207616,262144,1664,0,0,0,0,1844,0,1832,0,461,458,0,1,1844,0|208,6253411,5,120227936,0,0,0,0,0,127684102,0,458,0,229487494,3,229487494,3,2080,188669621,3,66265969,0,0,0,0,0
1785760770157|1017|stationary_30min_formal_f2r_0000_436207616|rotating|142,1378943233,560,257038992,255217779,1469875,0,1469875,0,31186,0,15593,0,0,0,243543,243543,99593400,0,4096,0,0,0,15593,0,3668968450,0,3668968458,0,0,0,0,0,0,0,0,0,4096,256,131072,4,3|4,0,436207616,262144,1664,0,0,0,0,1844,0,1832,0,461,458,0,1,1844,0|208,3716997968,4,0,0,120061952,0,120061952,0,367562,0,0,458,0,0,0,0,0,0,0,7735006,0,0,0,0,0
1785760775158|1017|stationary_30min_formal_f2r_0000_436207616|fixed|144,1378943233,271,263202882,261337813,261697752,261337813,261697752,261337813,249859,249389,249384,249384,0,0,15967,0,4294967295,4294967295,4096,4096,0,0,249385,249385,4001752145,4001752126,4001752121,4001752142,0,0,0,0,0,0,0,0,4096,256,131072,4,3|4,0,436207616,262144,1664,0,0,0,0,1888,0,1876,0,472,469,0,1,1888,0|210,325241205,5,123143136,0,0,0,0,0,130783907,0,469,0,547746488,3,547746488,3,2080,506077769,3,67692347,0,0,0,0,0
1785760775158|1017|stationary_30min_formal_f2r_0000_436207616|rotating|144,1378943233,560,263269611,261404175,1505504,0,1505504,0,31942,0,15971,0,0,0,249447,249447,102007744,0,4096,0,0,0,15971,0,3987564447,0,3987564455,0,0,0,0,0,0,0,0,0,4096,256,131072,4,3|4,0,436207616,262144,1664,0,0,0,0,1888,0,1876,0,472,469,0,1,1888,0|210,4034042563,4,0,0,122945536,0,122945536,0,376423,0,0,469,0,0,0,0,0,0,0,7758407,0,0,0,0,0
1785760780165|1017|stationary_30min_formal_f2r_0000_436207616|fixed|146,1378943233,304,269473085,267565759,267932138,267565759,267932138,267565759,255809,255328,255324,255324,0,0,16347,0,4294967295,4294967295,4096,4096,0,0,255324,255324,27229468,27229801,27229476,27229809,0,0,0,0,0,0,0,0,4096,256,131072,4,3|4,0,436207616,262144,1664,0,0,0,0,1932,0,1920,0,483,480,0,1,1932,0|212,645949091,5,126082048,0,0,0,0,0,133901956,0,480,0,867719646,3,867719646,3,2080,825206871,3,69117026,0,0,0,0,0
1785760780165|1017|stationary_30min_formal_f2r_0000_436207616|rotating|146,1378943233,560,269565027,267656359,1541605,0,1541605,0,32708,0,16354,0,0,0,255411,255411,104453960,0,4096,0,0,0,16354,0,14790376,0,14790384,0,0,0,0,0,0,0,0,0,4096,256,131072,4,3|4,0,436207616,262144,1664,0,0,0,0,1936,0,1924,0,484,481,0,1,1936,0|212,60957904,5,0,0,126091264,0,126091264,0,385448,0,0,481,0,0,0,0,0,0,0,7780171,0,0,0,0,0
1785760785173|1017|stationary_30min_formal_f2r_0000_436207616|fixed|148,1378943233,271,275744276,273791125,274167416,273791125,274167416,273791125,261761,261268,261263,261263,0,0,16728,0,4294967295,4294967295,4096,4096,0,0,261264,261264,347807366,347807371,347807342,347807355,0,0,0,0,0,0,0,0,4096,256,131072,4,3|4,0,436207616,262144,1664,0,0,0,0,1980,0,1968,0,495,492,0,1,1980,0|214,966275257,5,129006464,0,0,0,0,0,137014771,0,492,0,1187314708,3,1187314708,3,2080,1143824781,3,70667110,0,0,0,0,0
1785760785173|1017|stationary_30min_formal_f2r_0000_436207616|rotating|148,1378943233,560,275810385,273856896,1577240,0,1577240,0,33464,0,16732,0,0,0,261326,261326,106868296,0,4096,0,0,0,16732,0,333505660,0,333505668,0,0,0,0,0,0,0,0,0,4096,256,131072,4,3|4,0,436207616,262144,1664,0,0,0,0,1980,0,1968,0,495,492,0,1,1980,0|214,380233972,5,0,0,128974848,0,128974848,0,394380,0,0,492,0,0,0,0,0,0,0,7795390,0,0,0,0,0
1785760790181|1017|stationary_30min_formal_f2r_0000_436207616|fixed|150,1378943233,271,282011795,280014722,280399113,280014722,280399113,280014722,267710,267205,267201,267201,0,0,17108,0,4294967295,4294967295,4096,4096,0,0,267201,267201,668137316,668137665,668137324,668137673,0,0,0,0,0,0,0,0,4096,256,131072,4,3|4,0,436207616,262144,1664,0,0,0,0,2024,0,2012,0,506,503,0,1,2024,0|216,1286661089,5,131937472,0,0,0,0,0,140129088,0,503,0,1506967788,3,1506967788,3,2080,1462632608,3,72091289,0,0,0,0,0
1785760790181|1017|stationary_30min_formal_f2r_0000_436207616|rotating|150,1378943233,560,282088800,280091207,1613153,0,1613153,0,34226,0,17113,0,0,0,267274,267274,109301712,0,4096,0,0,0,17113,0,654678061,0,654678069,0,0,0,0,0,0,0,0,0,4096,256,131072,4,3|4,0,436207616,262144,1664,0,0,0,0,2024,0,2012,0,506,503,0,1,2024,0|216,700789638,5,0,0,131858432,0,131858432,0,403335,0,0,503,0,0,0,0,0,0,0,7822178,0,0,0,0,0
1785760795196|1017|stationary_30min_formal_f2r_0000_436207616|fixed|152,1378943233,304,288296587,286254890,286647989,286254890,286647989,286254890,273674,273158,273154,273154,0,0,17489,0,4294967295,4294967295,4096,4096,0,0,273154,273154,989307716,989308065,989307724,989308073,0,0,0,0,0,0,0,0,4096,256,131072,4,3|4,0,436207616,262144,1664,0,0,0,0,2068,0,2056,0,517,514,0,1,2068,0|218,1607740025,5,134876384,0,0,0,0,0,143250383,0,514,0,1827311996,3,1827311996,3,2080,1782135202,3,73513526,0,0,0,0,0
1785760795196|1017|stationary_30min_formal_f2r_0000_436207616|rotating|152,1378943233,560,288365236,286323098,1648978,0,1648978,0,34986,0,17493,0,0,0,273219,273219,111728824,0,4096,0,0,0,17493,0,974989000,0,974989008,0,0,0,0,0,0,0,0,0,4096,256,131072,4,3|4,0,436207616,262144,1664,0,0,0,0,2068,0,2056,0,517,514,0,1,2068,0|218,1021719165,5,0,0,134742016,0,134742016,0,412315,0,0,514,0,0,0,0,0,0,0,7836463,0,0,0,0,0
1785760800211|1017|stationary_30min_formal_f2r_0000_436207616|fixed|154,1378943233,304,294575440,292490158,292890925,292490158,292890925,292490158,279634,279107,279103,279103,0,0,17870,0,4294967295,4294967295,4096,4096,0,0,279103,279103,1310267024,1310267349,1310267032,1310267365,0,0,0,0,0,0,0,0,4096,256,131072,4,3|4,0,436207616,262144,1664,0,0,0,0,2112,0,2100,0,528,525,0,1,2112,0|220,1928716550,5,137815296,0,0,0,0,0,146370093,0,525,0,2147553793,3,2147553793,3,2080,2101531595,3,74939553,0,0,0,0,0
1785760800211|1017|stationary_30min_formal_f2r_0000_436207616|rotating|154,1378943233,560,294641334,292555656,1684891,0,1684891,0,35748,0,17874,0,0,0,279165,279165,114162312,0,4096,0,0,0,17874,0,1296163263,0,1296163271,0,0,0,0,0,0,0,0,0,4096,256,131072,4,3|4,0,436207616,262144,1664,0,0,0,0,2112,0,2100,0,528,525,0,1,2112,0|220,1344304334,5,0,0,137625600,0,137625600,0,421316,0,0,525,0,0,0,0,0,0,0,7854691,0,0,0,0,0
1785760805219|1017|stationary_30min_formal_f2r_0000_436207616|fixed|156,1378943233,271,300860553,298729632,299140126,298729632,299140126,298729632,285600,285062,285057,285057,0,0,18251,0,4294967295,4294967295,4096,4096,0,0,285058,285058,1631527477,1631527474,1631527485,1631527482,0,0,0,0,0,0,0,0,4096,256,131072,4,3|4,0,436207616,262144,1664,0,0,0,0,2156,0,2144,0,539,536,0,1,2156,0|222,2250006886,5,140754208,0,0,0,0,0,149492674,0,536,0,2468109401,3,2468109401,3,2080,2421237945,3,76369434,0,0,0,0,0
1785760805219|1017|stationary_30min_formal_f2r_0000_436207616|rotating|156,1378943233,560,300955258,298823009,1721085,0,1721085,0,36516,0,18258,0,0,0,285147,285147,116614920,0,4096,0,0,0,18258,0,1619221213,0,1619221221,0,0,0,0,0,0,0,0,0,4096,256,131072,4,3|4,0,436207616,262144,1664,0,0,0,0,2160,0,2148,0,540,537,0,1,2160,0|222,1665460611,5,0,0,140771328,0,140771328,0,430318,0,0,537,0,0,0,0,0,0,0,7883323,0,0,0,0,0
1785760810233|1017|stationary_30min_formal_f2r_0000_436207616|fixed|158,1378943233,304,307121223,304945569,305364883,304945569,305364883,304945569,291541,290992,290988,290988,0,0,18632,0,4294967295,4294967295,4096,4096,0,0,290988,290988,1951485125,1951463690,1951485133,1951463698,0,0,0,0,0,0,0,0,4096,256,131072,4,3|4,0,436207616,262144,1664,0,0,0,0,2204,0,2192,0,551,548,0,1,2204,0|224,2569233721,5,143670972,0,0,0,0,0,152594390,0,548,0,2786607045,3,2786607045,3,2080,2738756459,3,77919583,0,0,0,0,0
1785760810233|1017|stationary_30min_formal_f2r_0000_436207616|rotating|158,1378943233,560,307174167,304998192,1756625,0,1756625,0,37270,0,18635,0,0,0,291038,291038,119022872,0,4096,0,0,0,18635,0,1937077034,0,1937077042,0,0,0,0,0,0,0,0,0,4096,256,131072,4,3|4,0,436207616,262144,1664,0,0,0,0,2204,0,2192,0,551,548,0,1,2204,0|224,1983074294,5,0,0,143654912,0,143654912,0,439203,0,0,548,0,0,0,0,0,0,0,7903011,0,0,0,0,0
1785760815245|1017|stationary_30min_formal_f2r_0000_436207616|fixed|160,1378943233,271,313396075,311177100,311603913,311177100,311603913,311177100,297498,296937,296932,296932,0,0,19012,0,4294967295,4294967295,4096,4096,0,0,296933,296933,2272325974,2272325979,2272325982,2272325987,0,0,0,0,0,0,0,0,4096,256,131072,4,3|4,0,436207616,262144,1664,0,0,0,0,2248,0,2236,0,562,559,0,1,2248,0|226,2891021605,5,146617536,0,0,0,0,0,155722631,0,559,0,3107658288,3,3107658288,3,2080,3058960838,3,79348983,0,0,0,0,0
1785760815245|1017|stationary_30min_formal_f2r_0000_436207616|rotating|160,1378943233,560,313479465,311259883,1792633,0,1792633,0,38034,0,19017,0,0,0,297011,297011,121462672,0,4096,0,0,0,19017,0,2259114172,0,2259114180,0,0,0,0,0,0,0,0,0,4096,256,131072,4,3|4,0,436207616,262144,1664,0,0,0,0,2248,0,2236,0,562,559,0,1,2248,0|226,2306181700,5,0,0,146538496,0,146538496,0,448229,0,0,559,0,0,0,0,0,0,0,7925615,0,0,0,0,0
1785760820251|1017|stationary_30min_formal_f2r_0000_436207616|fixed|162,1378943233,271,319662499,317398183,317834516,317398183,317834516,317398183,303450,302878,302873,302873,0,0,19392,0,4294967295,4294967295,4096,4096,0,0,302874,302874,2592868445,2592868474,2592868453,2592868434,0,0,0,0,0,0,0,0,4096,256,131072,4,3|4,0,436207616,262144,1664,0,0,0,0,2292,0,2280,0,573,570,0,1,2292,0|228,3211506313,5,149548544,0,0,0,0,0,158834979,0,570,0,3427410244,3,3427410244,3,2080,3377869338,3,80771365,0,0,0,0,0
1785760820251|1017|stationary_30min_formal_f2r_0000_436207616|rotating|162,1378943233,560,319731642,317466796,1828363,0,1828363,0,38792,0,19396,0,0,0,302939,302939,123883400,0,4096,0,0,0,19396,0,2578565724,0,2578565732,0,0,0,0,0,0,0,0,0,4096,256,131072,4,3|4,0,436207616,262144,1664,0,0,0,0,2292,0,2280,0,573,570,0,1,2292,0|228,2625259700,5,0,0,149422080,0,149422080,0,457138,0,0,570,0,0,0,0,0,0,0,7949441,0,0,0,0,0
1785760825261|1017|stationary_30min_formal_f2r_0000_436207616|fixed|164,1378943233,271,325929627,323621259,324065820,323621259,324065820,323621259,309401,308818,308814,308814,0,0,19772,0,4294967295,4294967295,4096,4096,0,0,308814,308814,2913359304,2913359629,2913359312,2913359637,0,0,0,0,0,0,0,0,4096,256,131072,4,3|4,0,436207616,262144,1664,0,0,0,0,2336,0,2324,0,584,581,0,1,2336,0|230,3531861607,5,152479552,0,0,0,0,0,161947124,0,581,0,3747032786,3,3747032786,3,2080,3696645424,3,82196747,0,0,0,0,0
1785760825261|1017|stationary_30min_formal_f2r_0000_436207616|rotating|164,1378943233,560,326004780,323695946,1864278,0,1864278,0,39554,0,19777,0,0,0,308885,308885,126316880,0,4096,0,0,0,19777,0,2899739347,0,2899739355,0,0,0,0,0,0,0,0,0,4096,256,131072,4,3|4,0,436207616,262144,1664,0,0,0,0,2336,0,2324,0,584,581,0,1,2336,0|230,2945842646,5,0,0,152305664,0,152305664,0,466116,0,0,581,0,0,0,0,0,0,0,7964665,0,0,0,0,0
1785760830264|1017|stationary_30min_formal_f2r_0000_436207616|fixed|166,1378943233,271,332191698,329840955,330292072,329840955,330292072,329840955,315347,314753,314748,314748,0,0,20152,0,4294967295,4294967295,4096,4096,0,0,314749,314749,3233536448,3233536429,3233536456,3233536437,0,0,0,0,0,0,0,0,4096,256,131072,4,3|4,0,436207616,262144,1664,0,0,0,0,2380,0,2368,0,595,592,0,1,2380,0|232,3851967566,5,155410560,0,0,0,0,0,165058064,0,592,0,4066405993,3,4066405993,3,2080,4015171233,3,83623071,0,0,0,0,0
1785760830264|1017|stationary_30min_formal_f2r_0000_436207616|rotating|166,1378943233,560,332269897,329918564,1900093,0,1900093,0,40314,0,20157,0,0,0,314822,314822,128743992,0,4096,0,0,0,20157,0,3220054357,0,3220054365,0,0,0,0,0,0,0,0,0,4096,256,131072,4,3|4,0,436207616,262144,1664,0,0,0,0,2380,0,2368,0,595,592,0,1,2380,0|232,3267203231,5,0,0,155189248,0,155189248,0,475093,0,0,592,0,0,0,0,0,0,0,7989259,0,0,0,0,0
1785760835275|1017|stationary_30min_formal_f2r_0000_436207616|fixed|168,1378943233,271,338471451,336077119,336535915,336077119,336535915,336077119,321306,320701,320696,320696,0,0,20533,0,4294967295,4294967295,4096,4096,0,0,320697,320697,3554450532,3554450521,3554450516,3554450529,0,0,0,0,0,0,0,0,4096,256,131072,4,3|4,0,436207616,262144,1664,0,0,0,0,2428,0,2416,0,607,604,0,1,2428,0|234,4172741260,5,158342880,0,0,0,0,0,168175339,0,604,0,91479311,4,91479311,4,2080,39264326,4,85177925,0,0,0,0,0
1785760835275|1017|stationary_30min_formal_f2r_0000_436207616|rotating|168,1378943233,560,338546506,336150907,1936010,0,1936010,0,41076,0,20538,0,0,0,320767,320767,131177432,0,4096,0,0,0,20538,0,3540654280,0,3540654288,0,0,0,0,0,0,0,0,0,4096,256,131072,4,3|4,0,436207616,262144,1664,0,0,0,0,2428,0,2416,0,607,604,0,1,2428,0|234,3587772702,5,0,0,158334976,0,158334976,0,484073,0,0,604,0,0,0,0,0,0,0,8006436,0,0,0,0,0
1785760840282|1017|stationary_30min_formal_f2r_0000_436207616|fixed|170,1378943233,271,344738849,342299274,342767394,342299274,342767394,342299274,327255,326638,326633,326633,0,0,20914,0,4294967295,4294967295,4096,4096,0,0,326634,326634,3874886076,3874886049,3874886060,3874886057,0,0,0,0,0,0,0,0,4096,256,131072,4,3|4,0,436207616,262144,1664,0,0,0,0,2472,0,2460,0,618,615,0,1,2472,0|236,198179114,6,161281792,0,0,0,0,0,171289807,0,615,0,411149733,4,411149733,4,2080,358091987,4,86601309,0,0,0,0,0
1785760840282|1017|stationary_30min_formal_f2r_0000_436207616|rotating|170,1378943233,560,344820215,342380134,1971926,0,1971926,0,41838,0,20919,0,0,0,326710,326710,133610880,0,4096,0,0,0,20919,0,3861825883,0,3861825891,0,0,0,0,0,0,0,0,0,4096,256,131072,4,3|4,0,436207616,262144,1664,0,0,0,0,2472,0,2460,0,618,615,0,1,2472,0|236,3909267666,5,0,0,161218560,0,161218560,0,493052,0,0,615,0,0,0,0,0,0,0,8032382,0,0,0,0,0
1785760845288|1017|stationary_30min_formal_f2r_0000_436207616|fixed|172,1378943233,304,351005329,348521254,348998055,348521254,348998055,348521254,333201,332573,332569,332569,0,0,21294,0,4294967295,4294967295,4096,4096,0,0,332569,332569,4195114849,4195115198,4195114857,4195115206,0,0,0,0,0,0,0,0,4096,256,131072,4,3|4,0,436207616,262144,1664,0,0,0,0,2516,0,2504,0,629,626,0,1,2516,0|238,520038314,6,164220704,0,0,0,0,0,174418727,0,626,0,732274205,4,732274205,4,2080,678371831,4,88026560,0,0,0,0,0
1785760845288|1017|stationary_30min_formal_f2r_0000_436207616|rotating|172,1378943233,560,351133533,348648806,2007938,0,2007938,0,42602,0,21301,0,0,0,332690,332690,136050744,0,4096,0,0,0,21301,0,4183858914,0,4183858922,0,0,0,0,0,0,0,0,0,4096,256,131072,4,3|4,0,436207616,262144,1664,0,0,0,0,2516,0,2504,0,629,626,0,1,2516,0|238,4230751806,5,0,0,164102144,0,164102144,0,502055,0,0,626,0,0,0,0,0,0,0,8056753,0,0,0,0,0
1785760850298|1017|stationary_30min_formal_f2r_0000_436207616|fixed|174,1378943233,304,357281106,354752301,355238008,354752301,355238008,354752301,339156,338517,338513,338513,0,0,21674,0,4294967295,4294967295,4096,4096,0,0,338513,338513,220838905,220839230,220838913,220839246,0,0,0,0,0,0,0,0,4096,256,131072,4,3|4,0,436207616,262144,1664,0,0,0,0,2560,0,2548,0,640,637,0,1,2560,0|240,840069921,6,167151712,0,0,0,0,0,177530116,0,637,0,1051573060,4,1051573060,4,2080,996822935,4,89453237,0,0,0,0,0
1785760850298|1017|stationary_30min_formal_f2r_0000_436207616|rotating|174,1378943233,560,357375115,354845687,2043664,0,2043664,0,43360,0,21680,0,0,0,338602,338602,138471440,0,4096,0,0,0,21680,0,208347481,0,208347489,0,0,0,0,0,0,0,0,0,4096,256,131072,4,3|4,0,436207616,262144,1664,0,0,0,0,2560,0,2548,0,640,637,0,1,2560,0|240,255339636,6,0,0,166985728,0,166985728,0,510986,0,0,637,0,0,0,0,0,0,0,8075420,0,0,0,0,0
1785760855308|1017|stationary_30min_formal_f2r_0000_436207616|fixed|176,1378943233,271,363553730,360980819,361474811,360980819,361474811,360980819,345110,344460,344455,344455,0,0,22054,0,4294967295,4294967295,4096,4096,0,0,344456,344456,541453895,541453900,541453903,541453908,0,0,0,0,0,0,0,0,4096,256,131072,4,3|4,0,436207616,262144,1664,0,0,0,0,2604,0,2592,0,651,648,0,1,2604,0|242,1159933263,6,170074816,0,0,0,0,0,180639184,0,648,0,1370705626,4,1370705626,4,2080,1315103007,4,90882960,0,0,0,0,0
1785760855308|1017|stationary_30min_formal_f2r_0000_436207616|rotating|176,1378943233,560,363628403,361054995,2079387,0,2079387,0,44118,0,22059,0,0,0,344526,344526,140892184,0,4096,0,0,0,22059,0,527806362,0,527806370,0,0,0,0,0,0,0,0,0,4096,256,131072,4,3|4,0,436207616,262144,1664,0,0,0,0,2604,0,2592,0,651,648,0,1,2604,0|242,574346897,6,0,0,169869312,0,169869312,0,519893,0,0,648,0,0,0,0,0,0,0,8100306,0,0,0,0,0
1785760860311|1017|stationary_30min_formal_f2r_0000_436207616|fixed|178,1378943233,304,369818127,367200279,367703392,367200279,367703392,367200279,351057,350395,350391,350391,0,0,22434,0,4294967295,4294967295,4096,4096,0,0,350391,350391,861689240,861689565,861689248,861689573,0,0,0,0,0,0,0,0,4096,256,131072,4,3|4,0,436207616,262144,1664,0,0,0,0,2648,0,2636,0,662,659,0,1,2648,0|244,1480306725,6,173013728,0,0,0,0,0,183752369,0,659,0,1690344360,4,1690344360,4,2080,1633893920,4,92311404,0,0,0,0,0
1785760860311|1017|stationary_30min_formal_f2r_0000_436207616|rotating|178,1378943233,560,369907318,367288186,2115300,0,2115300,0,44880,0,22440,0,0,0,350475,350475,143325600,0,4096,0,0,0,22440,0,848284269,0,848284277,0,0,0,0,0,0,0,0,0,4096,256,131072,4,3|4,0,436207616,262144,1664,0,0,0,0,2652,0,2640,0,663,660,0,1,2652,0|244,895145110,6,0,0,173015040,0,173015040,0,528896,0,0,660,0,0,0,0,0,0,0,8119806,0,0,0,0,0
1785760865311|1017|stationary_30min_formal_f2r_0000_436207616|fixed|180,1378943233,271,376080760,373417794,373930110,373417794,373930110,373417794,357002,356328,356323,356323,0,0,22815,0,4294967295,4294967295,4096,4096,0,0,356324,356324,1181902348,1181902337,1181902356,1181902345,0,0,0,0,0,0,0,0,4096,256,131072,4,3|4,0,436207616,262144,1664,0,0,0,0,2696,0,2684,0,674,671,0,1,2696,0|246,1800526932,6,175938144,0,0,0,0,0,186863585,0,671,0,2009833463,4,2009833463,4,2080,1952397231,4,93870128,0,0,0,0,0
1785760865311|1017|stationary_30min_formal_f2r_0000_436207616|rotating|180,1378943233,560,376149828,373486433,2151029,0,2151029,0,45638,0,22819,0,0,0,356389,356389,145746320,0,4096,0,0,0,22819,0,1167867715,0,1167867723,0,0,0,0,0,0,0,0,0,4096,256,131072,4,3|4,0,436207616,262144,1664,0,0,0,0,2696,0,2684,0,674,671,0,1,2696,0|246,1214351541,6,0,0,175898624,0,175898624,0,537804,0,0,671,0,0,0,0,0,0,0,8142632,0,0,0,0,0
1785760870321|1017|stationary_30min_formal_f2r_0000_436207616|fixed|182,1378943233,271,382349674,379642107,380163203,379642107,380163203,379642107,362952,362267,362262,362262,0,0,23195,0,4294967295,4294967295,4096,4096,0,0,362263,362263,1502320456,1502320453,1502320464,1502320429,0,0,0,0,0,0,0,0,4096,256,131072,4,3|4,0,436207616,262144,1664,0,0,0,0,2740,0,2728,0,685,682,0,1,2740,0|248,2120731278,6,178869152,0,0,0,0,0,189975862,0,682,0,2329305057,4,2329305057,4,2080,2271021999,4,95295880,0,0,0,0,0
1785760870321|1017|stationary_30min_formal_f2r_0000_436207616|rotating|182,1378943233,560,382425930,379717905,2186943,0,2186943,0,46400,0,23200,0,0,0,362334,362334,148179744,0,4096,0,0,0,23200,0,1489041694,0,1489041702,0,0,0,0,0,0,0,0,0,4096,256,131072,4,3|4,0,436207616,262144,1664,0,0,0,0,2740,0,2728,0,685,682,0,1,2740,0|248,1535003967,6,0,0,178782208,0,178782208,0,546783,0,0,682,0,0,0,0,0,0,0,8156927,0,0,0,0,0
1785760875321|1017|stationary_30min_formal_f2r_0000_436207616|fixed|184,1378943233,304,388611818,385860235,386389525,385860235,386389525,385860235,368894,368198,368194,368194,0,0,23575,0,4294967295,4294967295,4096,4096,0,0,368194,368194,1822327375,1822327732,1822327383,1822327740,0,0,0,0,0,0,0,0,4096,256,131072,4,3|4,0,436207616,262144,1664,0,0,0,0,2784,0,2772,0,696,693,0,1,2784,0|250,2441038144,6,181800160,0,0,0,0,0,193089833,0,693,0,2648879171,4,2648879171,4,2080,2589752656,4,96718263,0,0,0,0,0
1785760875321|1017|stationary_30min_formal_f2r_0000_436207616|rotating|184,1378943233,560,388705743,385953668,2222767,0,2222767,0,47160,0,23580,0,0,0,368282,368282,150606840,0,4096,0,0,0,23580,0,1809352750,0,1809352758,0,0,0,0,0,0,0,0,0,4096,256,131072,4,3|4,0,436207616,262144,1664,0,0,0,0,2784,0,2772,0,696,693,0,1,2784,0|250,1855876361,6,0,0,181665792,0,181665792,0,555738,0,0,693,0,0,0,0,0,0,0,8171034,0,0,0,0,0
1785760880331|1017|stationary_30min_formal_f2r_0000_436207616|fixed|186,1378943233,271,394890652,392095401,392632536,392095401,392632536,392095401,374853,374146,374141,374141,0,0,23955,0,4294967295,4294967295,4096,4096,0,0,374142,374142,2143204030,2143204019,2143203982,2143204027,0,0,0,0,0,0,0,0,4096,256,131072,4,3|4,0,436207616,262144,1664,0,0,0,0,2828,0,2816,0,707,704,0,1,2828,0|252,2761562040,6,184731168,0,0,0,0,0,196206056,0,704,0,2968670315,4,2968670315,4,2080,2908695573,4,98145416,0,0,0,0,0
1785760880331|1017|stationary_30min_formal_f2r_0000_436207616|rotating|186,1378943233,560,394959350,392163593,2258493,0,2258493,0,47918,0,23959,0,0,0,374206,374206,153027560,0,4096,0,0,0,23959,0,2128809077,0,2128809085,0,0,0,0,0,0,0,0,0,4096,256,131072,4,3|4,0,436207616,262144,1664,0,0,0,0,2828,0,2816,0,707,704,0,1,2828,0|252,2175596633,6,0,0,184549376,0,184549376,0,564693,0,0,704,0,0,0,0,0,0,0,8192627,0,0,0,0,0
1785760885334|1017|stationary_30min_formal_f2r_0000_436207616|fixed|188,1378943233,271,401151913,398313003,398857979,398313003,398857979,398313003,380795,380077,380073,380073,0,0,24335,0,4294967295,4294967295,4096,4096,0,0,380073,380073,2463227736,2463228061,2463227744,2463228069,0,0,0,0,0,0,0,0,4096,256,131072,4,3|4,0,436207616,262144,1664,0,0,0,0,2872,0,2860,0,718,715,0,1,2872,0|254,3081069237,6,187654272,0,0,0,0,0,199311620,0,715,0,3287446736,4,3287446736,4,2080,3226621900,4,99572739,0,0,0,0,0
1785760885334|1017|stationary_30min_formal_f2r_0000_436207616|rotating|188,1378943233,560,401228702,398389176,2294402,0,2294402,0,48680,0,24340,0,0,0,380145,380145,155461048,0,4096,0,0,0,24340,0,2449984596,0,2449984604,0,0,0,0,0,0,0,0,0,4096,256,131072,4,3|4,0,436207616,262144,1664,0,0,0,0,2872,0,2860,0,718,715,0,1,2872,0|254,2496116747,6,0,0,187432960,0,187432960,0,573647,0,0,715,0,0,0,0,0,0,0,8216502,0,0,0,0,0
1785760890348|1017|stationary_30min_formal_f2r_0000_436207616|fixed|190,1378943233,271,407438364,404553359,405108519,404553359,405108519,404553359,386763,386034,386029,386029,0,0,24716,0,4294967295,4294967295,4096,4096,0,0,386030,386030,2784586600,2784586613,2784586608,2784586605,0,0,0,0,0,0,0,0,4096,256,131072,4,3|4,0,436207616,262144,1664,0,0,0,0,2920,0,2908,0,730,727,0,1,2920,0|256,3402561803,6,190594496,0,0,0,0,0,202434533,0,727,0,3608204246,4,3608204246,4,2080,3546404077,4,101124398,0,0,0,0,0
1785760890348|1017|stationary_30min_formal_f2r_0000_436207616|rotating|190,1378943233,560,407492067,404605991,2330225,0,2330225,0,49440,0,24720,0,0,0,386080,386080,157888112,0,4096,0,0,0,24720,0,2769721795,0,2769721803,0,0,0,0,0,0,0,0,0,4096,256,131072,4,3|4,0,436207616,262144,1664,0,0,0,0,2920,0,2908,0,730,727,0,1,2920,0|256,2817427587,6,0,0,190578688,0,190578688,0,582650,0,0,727,0,0,0,0,0,0,0,8236317,0,0,0,0,0
1785760895377|1017|stationary_30min_formal_f2r_0000_436207616|fixed|192,1378943233,304,413726129,410796403,411360272,410796403,411360272,410796403,392730,391989,391985,391985,0,0,25098,0,4294967295,4294967295,4096,4096,0,0,391985,391985,3106012250,3106012567,3106012258,3106012575,0,0,0,0,0,0,0,0,4096,256,131072,4,3|4,0,436207616,262144,1664,0,0,0,0,2964,0,2952,0,741,738,0,1,2964,0|258,3724695138,6,193541312,0,0,0,0,0,205566390,0,738,0,3929600877,4,3929600877,4,2080,3866964016,4,102543410,0,0,0,0,0
1785760895377|1017|stationary_30min_formal_f2r_0000_436207616|rotating|192,1378943233,560,413803003,410872865,2366328,0,2366328,0,50206,0,25103,0,0,0,392057,392057,160334312,0,4096,0,0,0,25103,0,3092608095,0,3092608103,0,0,0,0,0,0,0,0,0,4096,256,131072,4,3|4,0,436207616,262144,1664,0,0,0,0,2964,0,2952,0,741,738,0,1,2964,0|258,3138912658,6,0,0,193462272,0,193462272,0,591629,0,0,738,0,0,0,0,0,0,0,8256605,0,0,0,0,0
1785760900382|1017|stationary_30min_formal_f2r_0000_436207616|fixed|194,1378943233,271,419993266,417019573,417591588,417019573,417591588,417019573,398678,397926,397921,397921,0,0,25478,0,4294967295,4294967295,4096,4096,0,0,397922,397922,3426322682,3426322655,3426322642,3426322663,0,0,0,0,0,0,0,0,4096,256,131072,4,3|4,0,436207616,262144,1664,0,0,0,0,3008,0,2996,0,752,749,0,1,3008,0|260,4044807613,6,196472320,0,0,0,0,0,208678009,0,749,0,4248980600,4,4248980600,4,2080,4185500032,4,103966043,0,0,0,0,0
1785760900382|1017|stationary_30min_formal_f2r_0000_436207616|rotating|194,1378943233,560,420069556,417095341,2402153,0,2402153,0,50966,0,25483,0,0,0,397994,397994,162761424,0,4096,0,0,0,25483,0,3412919433,0,3412919441,0,0,0,0,0,0,0,0,0,4096,256,131072,4,3|4,0,436207616,262144,1664,0,0,0,0,3008,0,2996,0,752,749,0,1,3008,0|260,3459193197,6,0,0,196345856,0,196345856,0,600585,0,0,749,0,0,0,0,0,0,0,8270295,0,0,0,0,0
1785760905382|1017|stationary_30min_formal_f2r_0000_436207616|fixed|196,1378943233,271,426254364,423236590,423816862,423236590,423816862,423236590,404622,403858,403853,403853,0,0,25858,0,4294967295,4294967295,4096,4096,0,0,403854,403854,3746350419,3746350432,3746350427,3746350440,0,0,0,0,0,0,0,0,4096,256,131072,4,3|4,0,436207616,262144,1664,0,0,0,0,3052,0,3040,0,763,760,0,1,3052,0|262,69817804,7,199403328,0,0,0,0,0,211788293,0,760,0,273258039,5,273258039,5,2080,208927180,5,105395260,0,0,0,0,0
1785760905382|1017|stationary_30min_formal_f2r_0000_436207616|rotating|196,1378943233,560,426329521,423311221,2437879,0,2437879,0,51724,0,25862,0,0,0,403924,403924,165182120,0,4096,0,0,0,25862,0,3732377826,0,3732377834,0,0,0,0,0,0,0,0,0,4096,256,131072,4,3|4,0,436207616,262144,1664,0,0,0,0,3052,0,3040,0,763,760,0,1,3052,0|262,3779231121,6,0,0,199229440,0,199229440,0,609539,0,0,760,0,0,0,0,0,0,0,8300530,0,0,0,0,0
1785760910393|1017|stationary_30min_formal_f2r_0000_436207616|fixed|198,1378943233,271,432531838,429468755,430058424,429468755,430058424,429468755,410581,409806,409801,409801,0,0,26239,0,4294967295,4294967295,4096,4096,0,0,409802,409802,4067252960,4067252965,4067252968,4067252973,0,0,0,0,0,0,0,0,4096,256,131072,4,3|4,0,436207616,262144,1664,0,0,0,0,3096,0,3084,0,774,771,0,1,3096,0|264,390675630,7,202334336,0,0,0,0,0,214906183,0,771,0,593383113,5,593383113,5,2080,528201574,5,106824866,0,0,0,0,0
1785760910393|1017|stationary_30min_formal_f2r_0000_436207616|rotating|198,1378943233,560,432616142,429552591,2473882,0,2473882,0,52488,0,26244,0,0,0,409881,409881,167622008,0,4096,0,0,0,26244,0,4054415179,0,4054415187,0,0,0,0,0,0,0,0,0,4096,256,131072,4,3|4,0,436207616,262144,1664,0,0,0,0,3096,0,3084,0,774,771,0,1,3096,0|264,4100750215,6,0,0,202113024,0,202113024,0,618517,0,0,771,0,0,0,0,0,0,0,8321718,0,0,0,0,0
1785760915402|1017|stationary_30min_formal_f2r_0000_436207616|fixed|200,1378943233,304,438793065,435685801,436283834,435685801,436283834,435685801,416531,415745,415740,415740,0,0,26619,0,4294967295,4294967295,4096,4096,0,0,415740,415740,92684777,92685102,92684785,92685110,0,0,0,0,0,0,0,0,4096,256,131072,4,3|4,0,436207616,262144,1664,0,0,0,0,3144,0,3132,0,786,783,0,1,3144,0|266,711089605,7,205266656,0,0,0,0,0,218015295,0,783,0,913064008,5,913064008,5,2080,846897834,5,108384130,0,0,0,0,0
1785760915402|1017|stationary_30min_formal_f2r_0000_436207616|rotating|200,1378943233,560,438867138,435758745,2509705,0,2509705,0,53248,0,26624,0,0,0,415810,415810,170049072,0,4096,0,0,0,26624,0,79192684,0,79192692,0,0,0,0,0,0,0,0,0,4096,256,131072,4,3|4,0,436207616,262144,1664,0,0,0,0,3144,0,3132,0,786,783,0,1,3144,0|266,126238508,7,0,0,205258752,0,205258752,0,627497,0,0,783,0,0,0,0,0,0,0,8344487,0,0,0,0,0
1785760920432|1017|stationary_30min_formal_f2r_0000_436207616|fixed|202,1378943233,271,445083565,441930918,442538321,441930918,442538321,441930918,422508,421710,421704,421704,0,0,27001,0,4294967295,4294967295,4096,4096,0,0,421705,421705,414630029,414630034,414630037,414630042,0,0,0,0,0,0,0,0,4096,256,131072,4,3|4,0,436207616,262144,1664,0,0,0,0,3188,0,3176,0,797,794,0,1,3188,0|268,1033174333,7,208213472,0,0,0,0,0,221143019,0,794,0,1234412032,5,1234412032,5,2080,1167399559,5,109812749,0,0,0,0,0
1785760920432|1017|stationary_30min_formal_f2r_0000_436207616|rotating|202,1378943233,560,445157006,442003872,2545714,0,2545714,0,54012,0,27006,0,0,0,421774,421774,172488896,0,4096,0,0,0,27006,0,401229045,0,401229061,0,0,0,0,0,0,0,0,0,4096,256,131072,4,3|4,0,436207616,262144,1664,0,0,0,0,3188,0,3176,0,797,794,0,1,3188,0|268,447071808,7,0,0,208142336,0,208142336,0,636452,0,0,794,0,0,0,0,0,0,0,8362352,0,0,0,0,0
1785760925432|1017|stationary_30min_formal_f2r_0000_436207616|fixed|204,1378943233,271,451339930,448143253,448758867,448143253,448758867,448143253,428451,427642,427636,427636,0,0,27381,0,4294967295,4294967295,4096,4096,0,0,427637,427637,734670830,734670867,734670846,734670851,0,0,0,0,0,0,0,0,4096,256,131072,4,3|4,0,436207616,262144,1664,0,0,0,0,3232,0,3220,0,808,805,0,1,3232,0|270,1353088789,7,211144480,0,0,0,0,0,224250163,0,805,0,1553593736,5,1553593736,5,2080,1485734885,5,111238053,0,0,0,0,0
1785760925432|1017|stationary_30min_formal_f2r_0000_436207616|rotating|204,1378943233,560,451416154,448218997,2581443,0,2581443,0,54770,0,27385,0,0,0,427709,427709,174909616,0,4096,0,0,0,27385,0,720683549,0,720683557,0,0,0,0,0,0,0,0,0,4096,256,131072,4,3|4,0,436207616,262144,1664,0,0,0,0,3232,0,3220,0,808,805,0,1,3232,0|270,767474216,7,0,0,211025920,0,211025920,0,645431,0,0,805,0,0,0,0,0,0,0,8385490,0,0,0,0,0
1785760930443|1017|stationary_30min_formal_f2r_0000_436207616|fixed|206,1378943233,271,457608618,454366464,454991730,454366464,454991730,454366464,434406,433586,433580,433580,0,0,27761,0,4294967295,4294967295,4096,4096,0,0,433581,433581,1055337324,1055337305,1055337292,1055337313,0,0,0,0,0,0,0,0,4096,256,131072,4,3|4,0,436207616,262144,1664,0,0,0,0,3276,0,3264,0,819,816,0,1,3276,0|272,1673769147,7,214075488,0,0,0,0,0,227364340,0,816,0,1873541342,5,1873541342,5,2080,1804835167,5,112664303,0,0,0,0,0
1785760930443|1017|stationary_30min_formal_f2r_0000_436207616|rotating|206,1378943233,560,457685502,454442814,2617359,0,2617359,0,55532,0,27766,0,0,0,433653,433653,177343080,0,4096,0,0,0,27766,0,1041858048,0,1041858056,0,0,0,0,0,0,0,0,0,4096,256,131072,4,3|4,0,436207616,262144,1664,0,0,0,0,3276,0,3264,0,819,816,0,1,3276,0|272,1088822539,7,0,0,213909504,0,213909504,0,654409,0,0,816,0,0,0,0,0,0,0,8408194,0,0,0,0,0
1785760935445|1017|stationary_30min_formal_f2r_0000_436207616|fixed|208,1378943233,271,463864814,460578393,461212106,460578393,461212106,460578393,440355,439524,439518,439518,0,0,28141,0,4294967295,4294967295,4096,4096,0,0,439519,439519,1375708634,1375708663,1375708642,1375708647,0,0,0,0,0,0,0,0,4096,256,131072,4,3|4,0,436207616,262144,1664,0,0,0,0,3320,0,3308,0,830,827,0,1,3320,0|274,1993072912,7,216998592,0,0,0,0,0,230462041,0,827,0,2192114331,5,2192114331,5,2080,2122559854,5,114089834,0,0,0,0,0
1785760935445|1017|stationary_30min_formal_f2r_0000_436207616|rotating|208,1378943233,560,463917038,460630275,2652988,0,2652988,0,56288,0,28144,0,0,0,439567,439567,179757424,0,4096,0,0,0,28144,0,1360453212,0,1360453220,0,0,0,0,0,0,0,0,0,4096,256,131072,4,3|4,0,436207616,262144,1664,0,0,0,0,3320,0,3308,0,830,827,0,1,3320,0|274,1407370518,7,0,0,216793088,0,216793088,0,663317,0,0,827,0,0,0,0,0,0,0,8427826,0,0,0,0,0
1785760940460|1017|stationary_30min_formal_f2r_0000_436207616|fixed|210,1378943233,271,470133643,466803024,467445026,466803024,467445026,466803024,446311,445469,445463,445463,0,0,28522,0,4294967295,4294967295,4096,4096,0,0,445464,445464,1696470923,1696470896,1696470931,1696470904,0,0,0,0,0,0,0,0,4096,256,131072,4,3|4,0,436207616,262144,1664,0,0,0,0,3364,0,3352,0,841,838,0,1,3364,0|276,2314936660,7,219941724,0,0,0,0,0,233585568,0,839,0,2513242296,5,2513242296,5,2080,2442712239,5,115642188,0,0,0,0,0
1785760940460|1017|stationary_30min_formal_f2r_0000_436207616|rotating|210,1378943233,560,470221781,466889929,2689185,0,2689185,0,57056,0,28528,0,0,0,445547,445547,182210032,0,4096,0,0,0,28528,0,1683629228,0,1683629236,0,0,0,0,0,0,0,0,0,4096,256,131072,4,3|4,0,436207616,262144,1664,0,0,0,0,3368,0,3356,0,842,839,0,1,3368,0|276,1730703971,7,0,0,219938816,0,219938816,0,672367,0,0,839,0,0,0,0,0,0,0,8449761,0,0,0,0,0
1785760945469|1017|stationary_30min_formal_f2r_0000_436207616|fixed|212,1378943233,304,476399760,473024341,473675225,473024341,473675225,473024341,452266,451412,451407,451407,0,0,28903,0,4294967295,4294967295,4096,4096,0,0,451407,451407,2017237395,2017237720,2017237403,2017237736,0,0,0,0,0,0,0,0,4096,256,131072,4,3|4,0,436207616,262144,1664,0,0,0,0,3412,0,3400,0,853,850,0,1,3412,0|278,2636290256,7,222885632,0,0,0,0,0,236705646,0,850,0,2833859915,5,2833859915,5,2080,2762488197,5,117065721,0,0,0,0,0
1785760945469|1017|stationary_30min_formal_f2r_0000_436207616|rotating|212,1378943233,560,476504198,473128017,2725101,0,2725101,0,57818,0,28909,0,0,0,451506,451506,184643480,0,4096,0,0,0,28909,0,2004800987,0,2004800995,0,0,0,0,0,0,0,0,0,4096,256,131072,4,3|4,0,436207616,262144,1664,0,0,0,0,3412,0,3400,0,853,850,0,1,3412,0|278,2051800969,7,0,0,222822400,0,222822400,0,681345,0,0,850,0,0,0,0,0,0,0,8473830,0,0,0,0,0
1785760950475|1017|stationary_30min_formal_f2r_0000_436207616|fixed|214,1378943233,271,482660354,479240872,479899998,479240872,479899998,479240872,458213,457348,457342,457342,0,0,29283,0,4294967295,4294967295,4096,4096,0,0,457343,457343,2337487232,2337487237,2337487240,2337487245,0,0,0,0,0,0,0,0,4096,256,131072,4,3|4,0,436207616,262144,1664,0,0,0,0,3456,0,3444,0,864,861,0,1,3456,0|280,2955991947,7,225808736,0,0,0,0,0,239810560,0,861,0,3152830830,5,3152830830,5,2080,3080615074,5,118486988,0,0,0,0,0
1785760950475|1017|stationary_30min_formal_f2r_0000_436207616|rotating|214,1378943233,560,482732162,479312419,2760733,0,2760733,0,58574,0,29287,0,0,0,457411,457411,187057776,0,4096,0,0,0,29287,0,2323391903,0,2323391911,0,0,0,0,0,0,0,0,0,4096,256,131072,4,3|4,0,436207616,262144,1664,0,0,0,0,3456,0,3444,0,864,861,0,1,3456,0|280,2370109105,7,0,0,225705984,0,225705984,0,690254,0,0,861,0,0,0,0,0,0,0,8496850,0,0,0,0,0
1785760955477|1017|stationary_30min_formal_f2r_0000_436207616|fixed|216,1378943233,271,488917161,485454109,486120983,485454109,486120983,485454109,464158,463282,463276,463276,0,0,29663,0,4294967295,4294967295,4096,4096,0,0,463277,463277,2657614068,2657614065,2657614036,2657614057,0,0,0,0,0,0,0,0,4096,256,131072,4,3|4,0,436207616,262144,1664,0,0,0,0,3500,0,3488,0,875,872,0,1,3500,0|282,3276132751,7,228739744,0,0,0,0,0,242919420,0,872,0,3472238882,5,3472238882,5,2080,3399176753,5,119912287,0,0,0,0,0
1785760955477|1017|stationary_30min_formal_f2r_0000_436207616|rotating|216,1378943233,560,489009565,485545909,2796650,0,2796650,0,59336,0,29668,0,0,0,463363,463363,189491248,0,4096,0,0,0,29668,0,2644565453,0,2644565461,0,0,0,0,0,0,0,0,0,4096,256,131072,4,3|4,0,436207616,262144,1664,0,0,0,0,3500,0,3488,0,875,872,0,1,3500,0|282,2691285072,7,0,0,228589568,0,228589568,0,699233,0,0,872,0,0,0,0,0,0,0,8512894,0,0,0,0,0
1785760960488|1017|stationary_30min_formal_f2r_0000_436207616|fixed|218,1378943233,271,495190086,491682509,492358086,491682509,492358086,491682509,470118,469230,469224,469224,0,0,30043,0,4294967295,4294967295,4096,4096,0,0,469225,469225,2978517313,2978517334,2978517321,2978517342,0,0,0,0,0,0,0,0,4096,256,131072,4,3|4,0,436207616,262144,1664,0,0,0,0,3544,0,3532,0,886,883,0,1,3544,0|284,3595918515,7,231662848,0,0,0,0,0,246024837,0,883,0,3791293870,5,3791293870,5,2080,3717385163,5,121336094,0,0,0,0,0
1785760960488|1017|stationary_30min_formal_f2r_0000_436207616|rotating|218,1378943233,560,495242702,491734678,2832374,0,2832374,0,60094,0,30047,0,0,0,469273,469273,191911984,0,4096,0,0,0,30047,0,2964018435,0,2964018443,0,0,0,0,0,0,0,0,0,4096,256,131072,4,3|4,0,436207616,262144,1664,0,0,0,0,3544,0,3532,0,886,883,0,1,3544,0|284,3009897725,7,0,0,231473152,0,231473152,0,708140,0,0,883,0,0,0,0,0,0,0,8529665,0,0,0,0,0
1785760965500|1017|stationary_30min_formal_f2r_0000_436207616|fixed|220,1378943233,271,501457972,497904585,498590062,497904585,498590062,497904585,476072,475172,475166,475166,0,0,30424,0,4294967295,4294967295,4096,4096,0,0,475167,475167,3299109198,3299109211,3299109206,3299109219,0,0,0,0,0,0,0,0,4096,256,131072,4,3|4,0,436207616,262144,1664,0,0,0,0,3588,0,3576,0,897,894,0,1,3588,0|286,3917575155,7,234609664,0,0,0,0,0,249148675,0,894,0,4112213806,5,4112213806,5,2080,4037458095,5,122765418,0,0,0,0,0
1785760965500|1017|stationary_30min_formal_f2r_0000_436207616|rotating|220,1378943233,560,501534143,497980416,2868285,0,2868285,0,60856,0,30428,0,0,0,475238,475238,194345440,0,4096,0,0,0,30428,0,3285195980,0,3285195996,0,0,0,0,0,0,0,0,0,4096,256,131072,4,3|5,0,436207616,262144,1664,0,0,0,0,3592,0,3580,0,898,895,0,1,3592,0|286,3331877370,7,0,0,234618880,0,234618880,0,717142,0,0,895,0,0,0,0,0,0,0,8553674,0,0,0,0,0
1785760970516|1017|stationary_30min_formal_f2r_0000_436207616|fixed|222,1378943233,271,507731346,504132535,504827521,504132535,504827521,504132535,482032,481120,481114,481114,0,0,30805,0,4294967295,4294967295,4096,4096,0,0,481115,481115,3620146294,3620146283,3620146302,3620146291,0,0,0,0,0,0,0,0,4096,256,131072,4,3|4,0,436207616,262144,1664,0,0,0,0,3636,0,3624,0,909,906,0,1,3636,0|288,4239518071,7,237549888,0,0,0,0,0,252273962,0,906,0,138454370,6,138454370,6,2080,62714374,6,124326029,0,0,0,0,0
1785760970516|1017|stationary_30min_formal_f2r_0000_436207616|rotating|222,1378943233,560,507825998,504226624,2904391,0,2904391,0,61622,0,30811,0,0,0,481204,481204,196791672,0,4096,0,0,0,30811,0,3607520733,0,3607520741,0,0,0,0,0,0,0,0,0,4096,256,131072,4,3|4,0,436207616,262144,1664,0,0,0,0,3636,0,3624,0,909,906,0,1,3636,0|288,3654653486,7,0,0,237502464,0,237502464,0,726168,0,0,906,0,0,0,0,0,0,0,8577135,0,0,0,0,0
1785760975523|1017|stationary_30min_formal_f2r_0000_436207616|fixed|224,1378943233,271,513993918,510350362,511054272,510350362,511054272,510350362,487983,487060,487054,487054,0,0,31185,0,4294967295,4294967295,4096,4096,0,0,487055,487055,3940627060,3940627089,3940627068,3940627097,0,0,0,0,0,0,0,0,4096,256,131072,4,3|4,0,436207616,262144,1664,0,0,0,0,3680,0,3668,0,920,917,0,1,3680,0|290,264183242,8,240480896,0,0,0,0,0,255376805,0,917,0,457354085,6,457354085,6,2080,380763840,6,125755204,0,0,0,0,0
1785760975523|1017|stationary_30min_formal_f2r_0000_436207616|rotating|224,1378943233,560,514068506,510424482,2940118,0,2940118,0,62380,0,31190,0,0,0,487125,487125,199212344,0,4096,0,0,0,31190,0,3926979096,0,3926979104,0,0,0,0,0,0,0,0,0,4096,256,131072,4,3|4,0,436207616,262144,1664,0,0,0,0,3680,0,3668,0,920,917,0,1,3680,0|290,3973215065,7,0,0,240386048,0,240386048,0,735077,0,0,917,0,0,0,0,0,0,0,8602042,0,0,0,0,0
1785760980533|1017|stationary_30min_formal_f2r_0000_436207616|fixed|226,1378943233,304,520268563,516581056,517293000,516581056,517293000,516581056,493942,493008,493003,493003,0,0,31566,0,4294967295,4294967295,4096,4096,0,0,493003,493003,4261558532,4261558865,4261558540,4261558873,0,0,0,0,0,0,0,0,4096,256,131072,4,3|4,0,436207616,262144,1664,0,0,0,0,3724,0,3712,0,931,928,0,1,3724,0|292,585003366,8,243411904,0,0,0,0,0,258493061,0,928,0,777441457,6,777441457,6,2080,700001762,6,127183580,0,0,0,0,0
1785760980533|1017|stationary_30min_formal_f2r_0000_436207616|rotating|226,1378943233,560,520333964,516646158,2975942,0,2975942,0,63140,0,31570,0,0,0,493065,493065,201639440,0,4096,0,0,0,31570,0,4247296166,0,4247296174,0,0,0,0,0,0,0,0,0,4096,256,131072,4,3|4,0,436207616,262144,1664,0,0,0,0,3724,0,3712,0,931,928,0,1,3724,0|292,4293854382,7,0,0,243269632,0,243269632,0,744032,0,0,928,0,0,0,0,0,0,0,8627663,0,0,0,0,0
1785760985539|1017|stationary_30min_formal_f2r_0000_436207616|fixed|228,1378943233,271,526526625,522793845,523515240,522793845,523515240,522793845,499886,498941,498935,498935,0,0,31946,0,4294967295,4294967295,4096,4096,0,0,498936,498936,286690336,286690381,286690344,286690349,0,0,0,0,0,0,0,0,4096,256,131072,4,3|4,0,436207616,262144,1664,0,0,0,0,3768,0,3756,0,942,939,0,1,3768,0|294,905180588,8,246342912,0,0,0,0,0,261602508,0,939,0,1096885927,6,1096885927,6,2080,1018597682,6,128611056,0,0,0,0,0
1785760985539|1017|stationary_30min_formal_f2r_0000_436207616|rotating|228,1378943233,560,526603633,522870590,3011761,0,3011761,0,63900,0,31950,0,0,0,499009,499009,204066552,0,4096,0,0,0,31950,0,272645075,0,272645083,0,0,0,0,0,0,0,0,0,4096,256,131072,4,3|4,0,436207616,262144,1664,0,0,0,0,3768,0,3756,0,942,939,0,1,3768,0|294,319341177,8,0,0,246153216,0,246153216,0,752987,0,0,939,0,0,0,0,0,0,0,8648029,0,0,0,0,0
1785760990551|1017|stationary_30min_formal_f2r_0000_436207616|fixed|230,1378943233,304,532800132,529023093,529752835,529023093,529752835,529023093,505846,504891,504885,504885,0,0,32327,0,4294967295,4294967295,4096,4096,0,0,504885,504885,607651108,607651457,607651116,607651465,0,0,0,0,0,0,0,0,4096,256,131072,4,3|4,0,436207616,262144,1664,0,0,0,0,3812,0,3800,0,953,950,0,1,3812,0|296,1226115539,8,249281824,0,0,0,0,0,264718955,0,950,0,1417086150,6,1417086150,6,2080,1337953147,6,130036437,0,0,0,0,0
1785760990551|1017|stationary_30min_formal_f2r_0000_436207616|rotating|230,1378943233,560,532868572,529091114,3047671,0,3047671,0,64662,0,32331,0,0,0,504950,504950,206500024,0,4096,0,0,0,32331,0,593818682,0,593818690,0,0,0,0,0,0,0,0,0,4096,256,131072,4,3|5,0,436207616,262144,1664,0,0,0,0,3816,0,3804,0,954,951,0,1,3816,0|296,640919926,8,0,0,249298944,0,249298944,0,762012,0,0,951,0,0,0,0,0,0,0,8677772,0,0,0,0,0
1785760995562|1017|stationary_30min_formal_f2r_0000_436207616|fixed|232,1378943233,304,539064291,535242472,535981081,535242472,535981081,535242472,511797,510830,510824,510824,0,0,32708,0,4294967295,4294967295,4096,4096,0,0,510824,510824,928198673,928198982,928198681,928198998,0,0,0,0,0,0,0,0,4096,256,131072,4,3|4,0,436207616,262144,1664,0,0,0,0,3860,0,3848,0,965,962,0,1,3860,0|298,1546801062,8,252214144,0,0,0,0,0,267832175,0,962,0,1737038593,6,1737038593,6,2080,1656923921,6,131592735,0,0,0,0,0
1785760995562|1017|stationary_30min_formal_f2r_0000_436207616|rotating|232,1378943233,560,539141106,535318800,3083590,0,3083590,0,65424,0,32712,0,0,0,510896,510896,208933496,0,4096,0,0,0,32712,0,914420045,0,914420053,0,0,0,0,0,0,0,0,0,4096,256,131072,4,3|4,0,436207616,262144,1664,0,0,0,0,3860,0,3848,0,965,962,0,1,3860,0|298,961115488,8,0,0,252182528,0,252182528,0,770944,0,0,962,0,0,0,0,0,0,0,8699324,0,0,0,0,0
1785761000571|1017|stationary_30min_formal_f2r_0000_436207616|fixed|234,1378943233,304,545330107,541465097,542211075,541465097,542211075,541465097,517750,516772,516766,516766,0,0,33088,0,4294967295,4294967295,4096,4096,0,0,516766,516766,1248786393,1248786718,1248786401,1248786726,0,0,0,0,0,0,0,0,4096,256,131072,4,3|4,0,436207616,262144,1664,0,0,0,0,3904,0,3892,0,976,973,0,1,3904,0|300,1867303244,8,255145152,0,0,0,0,0,270944568,0,973,0,2056808023,6,2056808023,6,2080,1975841781,6,133023231,0,0,0,0,0
1785761000571|1017|stationary_30min_formal_f2r_0000_436207616|rotating|234,1378943233,560,545405359,541539884,3119409,0,3119409,0,66184,0,33092,0,0,0,516837,516837,211360536,0,4096,0,0,0,33092,0,1234739242,0,1234739258,0,0,0,0,0,0,0,0,0,4096,256,131072,4,3|4,0,436207616,262144,1664,0,0,0,0,3904,0,3892,0,976,973,0,1,3904,0|300,1281623063,8,0,0,255066112,0,255066112,0,779923,0,0,973,0,0,0,0,0,0,0,8724965,0,0,0,0,0
1785761005571|1017|stationary_30min_formal_f2r_0000_436207616|fixed|236,1378943233,271,551588615,547680340,548433762,547680340,548433762,547680340,523697,522708,522701,522701,0,0,33468,0,4294967295,4294967295,4096,4096,0,0,522702,522702,1569040309,1569040266,1569040293,1569040274,0,0,0,0,0,0,0,0,4096,256,131072,4,3|4,0,436207616,262144,1664,0,0,0,0,3948,0,3936,0,987,984,0,1,3948,0|302,2187281624,8,258076160,0,0,0,0,0,274051348,0,984,0,2376053651,6,2376053651,6,2080,2294241432,6,134448134,0,0,0,0,0
1785761005571|1017|stationary_30min_formal_f2r_0000_436207616|rotating|236,1378943233,560,551653841,547745077,3155233,0,3155233,0,66944,0,33472,0,0,0,522763,522763,213787640,0,4096,0,0,0,33472,0,1555052873,0,1555052881,0,0,0,0,0,0,0,0,0,4096,256,131072,4,3|4,0,436207616,262144,1664,0,0,0,0,3948,0,3936,0,987,984,0,1,3948,0|302,1601408482,8,0,0,257949696,0,257949696,0,788855,0,0,984,0,0,0,0,0,0,0,8746039,0,0,0,0,0
1785761010586|1017|stationary_30min_formal_f2r_0000_436207616|fixed|238,1378943233,271,557858123,553904933,554667446,553904933,554667446,553904933,529654,528653,528646,528646,0,0,33848,0,4294967295,4294967295,4096,4096,0,0,528647,528647,1889761806,1889761787,1889761782,1889761795,0,0,0,0,0,0,0,0,4096,256,131072,4,3|4,0,436207616,262144,1664,0,0,0,0,3992,0,3980,0,998,995,0,1,3992,0|304,2508311239,8,261007168,0,0,0,0,0,277169061,0,995,0,2696350514,6,2696350514,6,2080,2613689426,6,135875929,0,0,0,0,0
1785761010586|1017|stationary_30min_formal_f2r_0000_436207616|rotating|238,1378943233,560,557934345,553980759,3191148,0,3191148,0,67706,0,33853,0,0,0,528718,528718,216221120,0,4096,0,0,0,33853,0,1876228926,0,1876228934,0,0,0,0,0,0,0,0,0,4096,256,131072,4,3|4,0,436207616,262144,1664,0,0,0,0,3992,0,3980,0,998,995,0,1,3992,0|304,1923289914,8,0,0,260833280,0,260833280,0,797857,0,0,995,0,0,0,0,0,0,0,8765163,0,0,0,0,0
1785761015600|1017|stationary_30min_formal_f2r_0000_436207616|fixed|240,1378943233,304,564157696,560158557,560930919,560158557,560930919,560158557,535636,534624,534618,534618,0,0,34231,0,4294967295,4294967295,4096,4096,0,0,534618,534618,2211938066,2211938399,2211938074,2211938407,0,0,0,0,0,0,0,0,4096,256,131072,4,3|4,0,436207616,262144,1664,0,0,0,0,4036,0,4024,0,1009,1006,0,1,4036,0|306,2830221611,8,263953984,0,0,0,0,0,280295503,0,1006,0,3017524182,6,3017524182,6,2080,2934014895,6,137306448,0,0,0,0,0
1785761015600|1017|stationary_30min_formal_f2r_0000_436207616|rotating|240,1378943233,560,564223935,560224563,3227057,0,3227057,0,68468,0,34234,0,0,0,534681,534681,218654608,0,4096,0,0,0,34234,0,2197407659,0,2197407667,0,0,0,0,0,0,0,0,0,4096,256,131072,4,3|4,0,436207616,262144,1664,0,0,0,0,4036,0,4024,0,1009,1006,0,1,4036,0|306,2244248053,8,0,0,263716864,0,263716864,0,806835,0,0,1006,0,0,0,0,0,0,0,8791519,0,0,0,0,0
1785761020606|1017|stationary_30min_formal_f2r_0000_436207616|fixed|242,1378943233,304,570399059,566356538,567136653,566356538,567136653,566356538,541565,540542,540536,540536,0,0,34609,0,4294967295,4294967295,4096,4096,0,0,540536,540536,2531238893,2531239234,2531238901,2531239242,0,0,0,0,0,0,0,0,4096,256,131072,4,3|4,0,436207616,262144,1664,0,0,0,0,4084,0,4072,0,1021,1018,0,1,4084,0|308,3149816615,8,266878400,0,0,0,0,0,283397996,0,1018,0,3336388082,6,3336388082,6,2080,3251890554,6,138867621,0,0,0,0,0
1785761020606|1017|stationary_30min_formal_f2r_0000_436207616|rotating|242,1378943233,560,570464875,566421192,3262880,0,3262880,0,69228,0,34614,0,0,0,540598,540598,221081672,0,4096,0,0,0,34614,0,2517154375,0,2517154383,0,0,0,0,0,0,0,0,0,4096,256,131072,4,3|4,0,436207616,262144,1664,0,0,0,0,4084,0,4072,0,1021,1018,0,1,4084,0|308,2563720484,8,0,0,266862592,0,266862592,0,815767,0,0,1018,0,0,0,0,0,0,0,8817437,0,0,0,0,0
1785761025608|1017|stationary_30min_formal_f2r_0000_436207616|fixed|244,1378943233,271,576656859,572568755,573358534,572568755,573358534,572568755,547508,546473,546466,546466,0,0,34990,0,4294967295,4294967295,4096,4096,0,0,546467,546467,2851351528,2851351541,2851351536,2851351549,0,0,0,0,0,0,0,0,4096,256,131072,4,3|4,0,436207616,262144,1664,0,0,0,0,4128,0,4116,0,1032,1029,0,1,4128,0|310,3469658889,8,269809408,0,0,0,0,0,286505372,0,1029,0,3655497604,6,3655497604,6,2080,3570154298,6,140292325,0,0,0,0,0
1785761025608|1017|stationary_30min_formal_f2r_0000_436207616|rotating|244,1378943233,560,576741434,572652756,3298796,0,3298796,0,69990,0,34995,0,0,0,546547,546547,223515120,0,4096,0,0,0,34995,0,2838327301,0,2838327309,0,0,0,0,0,0,0,0,0,4096,256,131072,4,3|4,0,436207616,262144,1664,0,0,0,0,4128,0,4116,0,1032,1029,0,1,4128,0|310,2885002854,8,0,0,269746176,0,269746176,0,824745,0,0,1029,0,0,0,0,0,0,0,8838326,0,0,0,0,0
1785761030617|1017|stationary_30min_formal_f2r_0000_436207616|fixed|246,1378943233,271,582926436,578793310,579592292,578793310,579592292,578793310,553460,552414,552407,552407,0,0,35370,0,4294967295,4294967295,4096,4096,0,0,552408,552408,3171851844,3171851833,3171851820,3171851841,0,0,0,0,0,0,0,0,4096,256,131072,4,3|4,0,436207616,262144,1664,0,0,0,0,4172,0,4160,0,1043,1040,0,1,4172,0|312,3790364435,8,272740416,0,0,0,0,0,289621979,0,1040,0,3975470398,6,3975470398,6,2080,3889286528,6,141711815,0,0,0,0,0
1785761030617|1017|stationary_30min_formal_f2r_0000_436207616|rotating|246,1378943233,560,583015849,578882214,3334618,0,3334618,0,70750,0,35375,0,0,0,552492,552492,225942216,0,4096,0,0,0,35375,0,3158635507,0,3158635515,0,0,0,0,0,0,0,0,0,4096,256,131072,4,3|4,0,436207616,262144,1664,0,0,0,0,4172,0,4160,0,1043,1040,0,1,4172,0|312,3206251549,8,0,0,272629760,0,272629760,0,833749,0,0,1040,0,0,0,0,0,0,0,8866573,0,0,0,0,0
1785761035621|1017|stationary_30min_formal_f2r_0000_436207616|fixed|248,1378943233,271,589196883,585018347,585826915,585018347,585826915,585018347,559410,558354,558346,558346,0,0,35750,0,4294967295,4294967295,4096,4096,0,0,558347,558347,3492282240,3492282221,3492282200,3492282229,0,0,0,0,0,0,0,0,4096,256,131072,4,3|4,0,436207616,262144,1664,0,0,0,0,4216,0,4204,0,1054,1051,0,1,4216,0|314,4110681999,8,275671424,0,0,0,0,0,292735725,0,1051,0,87914,7,87914,7,2080,4208023891,6,143138190,0,0,0,0,0
1785761035621|1017|stationary_30min_formal_f2r_0000_436207616|rotating|248,1378943233,560,589263383,585084432,3370345,0,3370345,0,71508,0,35754,0,0,0,558409,558409,228362888,0,4096,0,0,0,35754,0,3478091030,0,3478091038,0,0,0,0,0,0,0,0,0,4096,256,131072,4,3|4,0,436207616,262144,1664,0,0,0,0,4216,0,4204,0,1054,1051,0,1,4216,0|314,3524637821,8,0,0,275513344,0,275513344,0,842633,0,0,1051,0,0,0,0,0,0,0,8889271,0,0,0,0,0
1785761040631|1017|stationary_30min_formal_f2r_0000_436207616|fixed|250,1378943233,271,595467946,591245088,592062157,591245088,592062157,591245088,565361,564295,564286,564286,0,0,36130,0,4294967295,4294967295,4096,4096,0,0,564287,564287,3812754023,3812754044,3812754031,3812754020,0,0,0,0,0,0,0,0,4096,256,131072,4,3|4,0,436207616,262144,1664,0,0,0,0,4260,0,4248,0,1065,1062,0,1,4260,0|316,136202492,9,278602432,0,0,0,0,0,295851402,0,1062,0,319842951,7,319842951,7,2080,231963456,7,144565292,0,0,0,0,0
1785761040631|1017|stationary_30min_formal_f2r_0000_436207616|rotating|250,1378943233,560,595543029,591319572,3406257,0,3406257,0,72270,0,36135,0,0,0,564357,564357,230796424,0,4096,0,0,0,36135,0,3799266377,0,3799266385,0,0,0,0,0,0,0,0,0,4096,256,131072,4,3|4,0,436207616,262144,1664,0,0,0,0,4260,0,4248,0,1065,1062,0,1,4260,0|316,3845335564,8,0,0,278396928,0,278396928,0,851610,0,0,1062,0,0,0,0,0,0,0,8913880,0,0,0,0,0
1785761045644|1017|stationary_30min_formal_f2r_0000_436207616|fixed|252,1378943233,271,601744999,597477452,598303301,597477452,598303301,597477452,571318,570241,570232,570232,0,0,36511,0,4294967295,4294967295,4096,4096,0,0,570233,570233,4133578973,4133578970,4133578949,4133578938,0,0,0,0,0,0,0,0,4096,256,131072,4,3|4,0,436207616,262144,1664,0,0,0,0,4304,0,4292,0,1076,1073,0,1,4304,0|318,457032318,9,281541344,0,0,0,0,0,298969798,0,1073,0,639938049,7,639938049,7,2080,551207231,7,145997238,0,0,0,0,0
1785761045644|1017|stationary_30min_formal_f2r_0000_436207616|rotating|252,1378943233,560,601817908,597549174,3442170,0,3442170,0,73032,0,36516,0,0,0,570302,570302,233229840,0,4096,0,0,0,36516,0,4119747785,0,4119747793,0,0,0,0,0,0,0,0,0,4096,256,131072,4,3|4,0,436207616,262144,1664,0,0,0,0,4308,0,4296,0,1077,1074,0,1,4308,0|318,4166185581,8,0,0,281542656,0,281542656,0,860590,0,0,1074,0,0,0,0,0,0,0,8936922,0,0,0,0,0
1785761050652|1017|stationary_30min_formal_f2r_0000_436207616|fixed|254,1378943233,271,608011193,603697683,604533578,603697683,604533578,603697683,577271,576182,576174,576174,0,0,36892,0,4294967295,4294967295,4096,4096,0,0,576174,576174,159274495,159274828,159274503,159274836,0,0,0,0,0,0,0,0,4096,256,131072,4,3|4,0,436207616,262144,1664,0,0,0,0,4352,0,4340,0,1088,1085,0,1,4352,0|320,777682501,9,284473664,0,0,0,0,0,302082279,0,1085,0,959855152,7,959855152,7,2080,870135625,7,147560576,0,0,0,0,0
1785761050652|1017|stationary_30min_formal_f2r_0000_436207616|rotating|254,1378943233,560,608094509,603780494,3478086,0,3478086,0,73794,0,36897,0,0,0,576253,576253,235663312,0,4096,0,0,0,36897,0,146087636,0,146087644,0,0,0,0,0,0,0,0,0,4096,256,131072,4,3|4,0,436207616,262144,1664,0,0,0,0,4352,0,4340,0,1088,1085,0,1,4352,0|320,192993643,9,0,0,284426240,0,284426240,0,869592,0,0,1085,0,0,0,0,0,0,0,8956703,0,0,0,0,0
1785761055667|1017|stationary_30min_formal_f2r_0000_436207616|fixed|256,1378943233,271,614293147,609934159,610779616,609934159,610779616,609934159,583235,582136,582126,582126,0,0,37273,0,4294967295,4294967295,4096,4096,0,0,582127,582127,480421535,480421524,480421543,480421532,0,0,0,0,0,0,0,0,4096,256,131072,4,3|4,0,436207616,262144,1664,0,0,0,0,4396,0,4384,0,1099,1096,0,1,4396,0|322,1098591408,9,287412576,0,0,0,0,0,305200734,0,1096,0,1280029331,7,1280029331,7,2080,1189463873,7,148987130,0,0,0,0,0
1785761055667|1017|stationary_30min_formal_f2r_0000_436207616|rotating|256,1378943233,560,614370448,610011148,3513908,0,3513908,0,74554,0,37277,0,0,0,582199,582199,238090376,0,4096,0,0,0,37277,0,466402916,0,466402924,0,0,0,0,0,0,0,0,0,4096,256,131072,4,3|4,0,436207616,262144,1664,0,0,0,0,4396,0,4384,0,1099,1096,0,1,4396,0|322,513893988,9,0,0,287309824,0,287309824,0,878548,0,0,1096,0,0,0,0,0,0,0,8980439,0,0,0,0,0
1785761060676|1017|stationary_30min_formal_f2r_0000_436207616|fixed|258,1378943233,304,620557783,616155436,617008430,616155436,617008430,616155436,589182,588072,588063,588063,0,0,37653,0,4294967295,4294967295,4096,4096,0,0,588063,588063,800705787,800706128,800705795,800706136,0,0,0,0,0,0,0,0,4096,256,131072,4,3|4,0,436207616,262144,1664,0,0,0,0,4440,0,4428,0,1110,1107,0,1,4440,0|324,1419145241,9,290343584,0,0,0,0,0,308315632,0,1107,0,1599850412,7,1599850412,7,2080,1508442221,7,150408789,0,0,0,0,0
1785761060676|1017|stationary_30min_formal_f2r_0000_436207616|rotating|258,1378943233,560,620631590,616228924,3549731,0,3549731,0,75314,0,37657,0,0,0,588133,588133,240517456,0,4096,0,0,0,37657,0,786713263,0,786713271,0,0,0,0,0,0,0,0,0,4096,256,131072,4,3|4,0,436207616,262144,1664,0,0,0,0,4440,0,4428,0,1110,1107,0,1,4440,0|324,833594070,9,0,0,290193408,0,290193408,0,887503,0,0,1107,0,0,0,0,0,0,0,8998081,0,0,0,0,0
1785761065683|1017|stationary_30min_formal_f2r_0000_436207616|fixed|260,1378943233,304,626831377,622385461,623246202,622385461,623246202,622385461,595136,594015,594006,594006,0,0,38033,0,4294967295,4294967295,4096,4096,0,0,594006,594006,1121344126,1121344483,1121344134,1121344491,0,0,0,0,0,0,0,0,4096,256,131072,4,3|4,0,436207616,262144,1664,0,0,0,0,4484,0,4472,0,1121,1118,0,1,4484,0|326,1739897724,9,293274592,0,0,0,0,0,311433766,0,1118,0,1919870143,7,1919870143,7,2080,1827613479,7,151836188,0,0,0,0,0
1785761065683|1017|stationary_30min_formal_f2r_0000_436207616|rotating|260,1378943233,560,626900189,622453973,3585549,0,3585549,0,76074,0,38037,0,0,0,594071,594071,242944584,0,4096,0,0,0,38037,0,1107029368,0,1107029376,0,0,0,0,0,0,0,0,0,4096,256,131072,4,3|4,0,436207616,262144,1664,0,0,0,0,4484,0,4472,0,1121,1118,0,1,4484,0|326,1153811860,9,0,0,293076992,0,293076992,0,896457,0,0,1118,0,0,0,0,0,0,0,9017606,0,0,0,0,0
1785761070693|1017|stationary_30min_formal_f2r_0000_436207616|fixed|262,1378943233,271,633105738,628614676,629484653,628614676,629484653,628614676,601091,599959,599949,599949,0,0,38414,0,4294967295,4294967295,4096,4096,0,0,599950,599950,1442032909,1442032922,1442032917,1442032930,0,0,0,0,0,0,0,0,4096,256,131072,4,3|4,0,436207616,262144,1664,0,0,0,0,4528,0,4516,0,1132,1129,0,1,4528,0|328,2060138035,9,296205600,0,0,0,0,0,314546386,0,1129,0,2239377702,7,2239377702,7,2080,2146271440,7,153264712,0,0,0,0,0
1785761070693|1017|stationary_30min_formal_f2r_0000_436207616|rotating|262,1378943233,560,633177513,628686123,3621460,0,3621460,0,76836,0,38418,0,0,0,600018,600018,245378040,0,4096,0,0,0,38418,0,1428206092,0,1428206108,0,0,0,0,0,0,0,0,0,4096,256,131072,4,3|4,0,436207616,262144,1664,0,0,0,0,4532,0,4520,0,1133,1130,0,1,4532,0|328,1476018850,9,0,0,296222720,0,296222720,0,905460,0,0,1130,0,0,0,0,0,0,0,9036013,0,0,0,0,0
1785761075693|1017|stationary_30min_formal_f2r_0000_436207616|fixed|264,1378943233,271,639365463,634829461,635708558,634829461,635708558,634829461,607032,605888,605878,605878,0,0,38794,0,4294967295,4294967295,4096,4096,0,0,605879,605879,1762035928,1762035933,1762035936,1762035941,0,0,0,0,0,0,0,0,4096,256,131072,4,3|4,0,436207616,262144,1664,0,0,0,0,4576,0,4564,0,1144,1141,0,1,4576,0|330,2380389099,9,299137920,0,0,0,0,0,317658470,0,1141,0,2558895686,7,2558895686,7,2080,2464812623,7,154816142,0,0,0,0,0
1785761075693|1017|stationary_30min_formal_f2r_0000_436207616|rotating|264,1378943233,560,639461811,634925356,3657472,0,3657472,0,77600,0,38800,0,0,0,605970,605970,247817896,0,4096,0,0,0,38800,0,1749662096,0,1749662112,0,0,0,0,0,0,0,0,0,4096,256,131072,4,3|4,0,436207616,262144,1664,0,0,0,0,4576,0,4564,0,1144,1141,0,1,4576,0|330,1797118055,9,0,0,299106304,0,299106304,0,914439,0,0,1141,0,0,0,0,0,0,0,9054883,0,0,0,0,0
1785761080707|1017|stationary_30min_formal_f2r_0000_436207616|fixed|266,1378943233,304,645640510,641060574,641947783,641060574,641947783,641060574,612987,611832,611823,611823,0,0,39174,0,4294967295,4294967295,4096,4096,0,0,611823,611823,2082727744,2082728085,2082727752,2082728093,0,0,0,0,0,0,0,0,4096,256,131072,4,3|4,0,436207616,262144,1664,0,0,0,0,4620,0,4608,0,1155,1152,0,1,4620,0|332,2701216819,9,302068928,0,0,0,0,0,320777289,0,1152,0,2878990654,7,2878990654,7,2080,2784066257,7,156236402,0,0,0,0,0
1785761080707|1017|stationary_30min_formal_f2r_0000_436207616|rotating|266,1378943233,560,645714458,641134068,3693198,0,3693198,0,78358,0,39179,0,0,0,611893,611893,250238552,0,4096,0,0,0,39179,0,2069111526,0,2069111534,0,0,0,0,0,0,0,0,0,4096,256,131072,4,3|4,0,436207616,262144,1664,0,0,0,0,4620,0,4608,0,1155,1152,0,1,4620,0|332,2115381868,9,0,0,301989888,0,301989888,0,923347,0,0,1152,0,0,0,0,0,0,0,9072090,0,0,0,0,0
1785761085721|1017|stationary_30min_formal_f2r_0000_436207616|fixed|268,1378943233,271,651919508,647295380,648190865,647295380,648190865,647295380,618947,617781,617771,617771,0,0,39555,0,4294967295,4294967295,4096,4096,0,0,617772,617772,2403659475,2403659480,2403659483,2403659488,0,0,0,0,0,0,0,0,4096,256,131072,4,3|4,0,436207616,262144,1664,0,0,0,0,4664,0,4652,0,1166,1163,0,1,4664,0|334,3022018854,9,305007840,0,0,0,0,0,323895647,0,1163,0,3199057961,7,3199057961,7,2080,3103291529,7,157659060,0,0,0,0,0
1785761085721|1017|stationary_30min_formal_f2r_0000_436207616|rotating|268,1378943233,560,651995695,647371153,3729117,0,3729117,0,79120,0,39560,0,0,0,617843,617843,252672040,0,4096,0,0,0,39560,0,2390282418,0,2390282426,0,0,0,0,0,0,0,0,0,4096,256,131072,4,3|4,0,436207616,262144,1664,0,0,0,0,4664,0,4652,0,1166,1163,0,1,4664,0|334,2437133037,9,0,0,304873472,0,304873472,0,932350,0,0,1163,0,0,0,0,0,0,0,9097117,0,0,0,0,0
1785761090723|1017|stationary_30min_formal_f2r_0000_436207616|fixed|270,1378943233,271,658185696,653517305,654421230,653517305,654421230,653517305,624895,623718,623709,623708,0,0,39935,0,4294967295,4294967295,4096,4096,0,0,623709,623709,2724000900,2724000993,2724000916,2724001001,0,0,0,0,0,0,0,0,4096,256,131072,4,3|4,0,436207616,262144,1664,0,0,0,0,4708,0,4696,0,1177,1174,0,1,4708,0|336,3342306563,9,307938848,0,0,0,0,0,327008193,0,1174,0,3518612918,7,3518612918,7,2080,3421996806,7,159087666,0,0,0,0,0
1785761090723|1017|stationary_30min_formal_f2r_0000_436207616|rotating|270,1378943233,560,658268503,653599585,3764936,0,3764936,0,79880,0,39940,0,0,0,623787,623787,255099152,0,4096,0,0,0,39940,0,2710599734,0,2710599742,0,0,0,0,0,0,0,0,0,4096,256,131072,4,3|4,0,436207616,262144,1664,0,0,0,0,4708,0,4696,0,1177,1174,0,1,4708,0|336,2757699787,9,0,0,307757056,0,307757056,0,941304,0,0,1174,0,0,0,0,0,0,0,9119104,0,0,0,0,0
1785761095733|1017|stationary_30min_formal_f2r_0000_436207616|fixed|272,1378943233,271,664458556,659747038,660658178,659747038,660658178,659747038,630849,629661,629651,629651,0,0,40316,0,4294967295,4294967295,4096,4096,0,0,629652,629652,3044609240,3044609245,3044609248,3044609253,0,0,0,0,0,0,0,0,4096,256,131072,4,3|4,0,436207616,262144,1664,0,0,0,0,4752,0,4740,0,1188,1185,0,1,4752,0|338,3662939137,9,310869856,0,0,0,0,0,330125167,0,1185,0,3838512740,7,3838512740,7,2080,3741049025,7,160514195,0,0,0,0,0
1785761095733|1017|stationary_30min_formal_f2r_0000_436207616|rotating|272,1378943233,560,664537967,659825988,3800752,0,3800752,0,80640,0,40320,0,0,0,629726,629726,257526248,0,4096,0,0,0,40320,0,3030914941,0,3030914949,0,0,0,0,0,0,0,0,0,4096,256,131072,4,3|5,0,436207616,262144,1664,0,0,0,0,4756,0,4744,0,1189,1186,0,1,4756,0|338,3078381686,9,0,0,310902784,0,310902784,0,950282,0,0,1186,0,0,0,0,0,0,0,9142156,0,0,0,0,0
1785761100741|1017|stationary_30min_formal_f2r_0000_436207616|fixed|274,1378943233,271,670727932,665971841,666891737,665971841,666891737,665971841,636798,635599,635589,635589,0,0,40696,0,4294967295,4294967295,4096,4096,0,0,635590,635590,3364994954,3364994951,3364994962,3364994959,0,0,0,0,0,0,0,0,4096,256,131072,4,3|4,0,436207616,262144,1664,0,0,0,0,4800,0,4788,0,1200,1197,0,1,4800,0|340,3983573472,9,313802176,0,0,0,0,0,333240646,0,1197,0,4158413995,7,4158413995,7,2080,4059969189,7,162069915,0,0,0,0,0
1785761100741|1017|stationary_30min_formal_f2r_0000_436207616|rotating|274,1378943233,560,670798909,666041735,3836670,0,3836670,0,81402,0,40701,0,0,0,635656,635656,259959712,0,4096,0,0,0,40701,0,3351515719,0,3351515727,0,0,0,0,0,0,0,0,0,4096,256,131072,4,3|4,0,436207616,262144,1664,0,0,0,0,4800,0,4788,0,1200,1197,0,1,4800,0|340,3397767317,9,0,0,313786368,0,313786368,0,959214,0,0,1197,0,0,0,0,0,0,0,9159083,0,0,0,0,0
1785761105741|1017|stationary_30min_formal_f2r_0000_436207616|fixed|276,1378943233,304,676990656,672189026,673118636,672189026,673118636,672189026,642742,641531,641522,641522,0,0,41076,0,4294967295,4294967295,4096,4096,0,0,641522,641522,3685176049,3685176414,3685176065,3685176422,0,0,0,0,0,0,0,0,4096,256,131072,4,3|4,0,436207616,262144,1664,0,0,0,0,4844,0,4832,0,1211,1208,0,1,4844,0|342,8743623,10,316733184,0,0,0,0,0,336352640,0,1208,0,182851394,8,182851394,8,2080,83561131,8,163494298,0,0,0,0,0
1785761105741|1017|stationary_30min_formal_f2r_0000_436207616|rotating|276,1378943233,560,677071093,672268964,3872491,0,3872491,0,82162,0,41081,0,0,0,641598,641598,262386760,0,4096,0,0,0,41081,0,3671828775,0,3671828783,0,0,0,0,0,0,0,0,0,4096,256,131072,4,3|4,0,436207616,262144,1664,0,0,0,0,4844,0,4832,0,1211,1208,0,1,4844,0|342,3718837398,9,0,0,316669952,0,316669952,0,968193,0,0,1208,0,0,0,0,0,0,0,9180321,0,0,0,0,0
1785761110741|1017|stationary_30min_formal_f2r_0000_436207616|fixed|278,1378943233,271,683250430,678404770,679342591,678404770,679342591,678404770,648684,647462,647452,647452,0,0,41456,0,4294967295,4294967295,4096,4096,0,0,647453,647453,4005159277,4005159274,4005159285,4005159282,0,0,0,0,0,0,0,0,4096,256,131072,4,3|4,0,436207616,262144,1664,0,0,0,0,4888,0,4876,0,1222,1219,0,1,4888,0|344,328435899,10,319656288,0,0,0,0,0,339459702,0,1219,0,501812894,8,501812894,8,2080,401675686,8,164918472,0,0,0,0,0
1785761110741|1017|stationary_30min_formal_f2r_0000_436207616|rotating|278,1378943233,560,683310707,678464791,3908123,0,3908123,0,82918,0,41459,0,0,0,647510,647510,264801056,0,4096,0,0,0,41459,0,3990422577,0,3990422585,0,0,0,0,0,0,0,0,0,4096,256,131072,4,3|4,0,436207616,262144,1664,0,0,0,0,4888,0,4876,0,1222,1219,0,1,4888,0|344,4037546946,9,0,0,319553536,0,319553536,0,977102,0,0,1219,0,0,0,0,0,0,0,9194850,0,0,0,0,0
1785761115754|1017|stationary_30min_formal_f2r_0000_436207616|fixed|280,1378943233,304,689519108,684628359,685575445,684628359,685575445,684628359,654639,653406,653397,653397,0,0,41836,0,4294967295,4294967295,4096,4096,0,0,653397,653397,30885229,30885570,30885237,30885578,0,0,0,0,0,0,0,0,4096,256,131072,4,3|4,0,436207616,262144,1664,0,0,0,0,4932,0,4920,0,1233,1230,0,1,4932,0|346,649997123,10,322603104,0,0,0,0,0,342582279,0,1230,0,822637414,8,822637414,8,2080,721661217,8,166339781,0,0,0,0,0
1785761115754|1017|stationary_30min_formal_f2r_0000_436207616|rotating|280,1378943233,560,689622376,684730945,3944229,0,3944229,0,83684,0,41842,0,0,0,653495,653495,267247320,0,4096,0,0,0,41842,0,18343901,0,18343909,0,0,0,0,0,0,0,0,0,4096,256,131072,4,3|4,0,436207616,262144,1664,0,0,0,0,4932,0,4920,0,1233,1230,0,1,4932,0|346,65614231,10,0,0,322437120,0,322437120,0,986127,0,0,1230,0,0,0,0,0,0,0,9213252,0,0,0,0,0
1785761120765|1017|stationary_30min_formal_f2r_0000_436207616|fixed|282,1378943233,271,695804400,690869906,691824729,690869906,691824729,690869906,660611,659367,659358,659357,0,0,42218,0,4294967295,4294967295,4096,4096,0,0,659358,659358,352481523,352481760,352481531,352481736,0,0,0,0,0,0,0,0,4096,256,131072,4,3|4,0,436207616,262144,1664,0,0,0,0,4976,0,4964,0,1244,1241,0,1,4976,0|348,969793455,10,325526208,0,0,0,0,0,345687326,0,1241,0,1141702970,8,1141702970,8,2080,1039885658,8,167758125,0,0,0,0,0
1785761120765|1017|stationary_30min_formal_f2r_0000_436207616|rotating|282,1378943233,560,695863219,690928521,3979952,0,3979952,0,84442,0,42221,0,0,0,659413,659413,269668064,0,4096,0,0,0,42221,0,337791395,0,337791403,0,0,0,0,0,0,0,0,0,4096,256,131072,4,3|4,0,436207616,262144,1664,0,0,0,0,4976,0,4964,0,1244,1241,0,1,4976,0|348,384628990,10,0,0,325320704,0,325320704,0,995058,0,0,1241,0,0,0,0,0,0,0,9236084,0,0,0,0,0
1785761125772|1017|stationary_30min_formal_f2r_0000_436207616|fixed|284,1378943233,271,702051603,697073998,698036210,697073998,698036210,697073998,666547,665292,665282,665282,0,0,42597,0,4294967295,4294967295,4096,4096,0,0,665283,665283,672128018,672127999,672128026,672128007,0,0,0,0,0,0,0,0,4096,256,131072,4,3|4,0,436207616,262144,1664,0,0,0,0,5020,0,5008,0,1255,1252,0,1,5020,0|350,1290467530,10,328465120,0,0,0,0,0,348801503,0,1252,0,1461642317,8,1461642317,8,2080,1358976183,8,169187570,0,0,0,0,0
1785761125772|1017|stationary_30min_formal_f2r_0000_436207616|rotating|284,1378943233,560,702123326,697144627,4015865,0,4015865,0,85204,0,42602,0,0,0,665350,665350,272101480,0,4096,0,0,0,42602,0,658270293,0,658270301,0,0,0,0,0,0,0,0,0,4096,256,131072,4,3|4,0,436207616,262144,1664,0,0,0,0,5024,0,5012,0,1256,1253,0,1,5024,0|350,704982924,10,0,0,328466432,0,328466432,0,1004013,0,0,1253,0,0,0,0,0,0,0,9254520,0,0,0,0,0
1785761130777|1017|stationary_30min_formal_f2r_0000_436207616|fixed|286,1378943233,271,708308697,703287752,704257482,703287752,704257482,703287752,672492,671225,671215,671215,0,0,42977,0,4294967295,4294967295,4096,4096,0,0,671216,671216,992373290,992373271,992373298,992373279,0,0,0,0,0,0,0,0,4096,256,131072,4,3|4,0,436207616,262144,1664,0,0,0,0,5068,0,5056,0,1267,1264,0,1,5068,0|352,1610834208,10,331389536,0,0,0,0,0,351911286,0,1264,0,1781277891,8,1781277891,8,2080,1677621276,8,170750983,0,0,0,0,0
1785761130777|1017|stationary_30min_formal_f2r_0000_436207616|rotating|286,1378943233,560,708384971,703363526,4051687,0,4051687,0,85964,0,42982,0,0,0,671287,671287,274528576,0,4096,0,0,0,42982,0,978717951,0,978717967,0,0,0,0,0,0,0,0,0,4096,256,131072,4,3|4,0,436207616,262144,1664,0,0,0,0,5068,0,5056,0,1267,1264,0,1,5068,0|352,1024980750,10,0,0,331350016,0,331350016,0,1012969,0,0,1264,0,0,0,0,0,0,0,9278081,0,0,0,0,0
1785761135786|1017|stationary_30min_formal_f2r_0000_436207616|fixed|288,1378943233,271,714580803,709514548,710493672,709514548,710493672,709514548,678450,677172,677162,677162,0,0,43358,0,4294967295,4294967295,4096,4096,0,0,677163,677163,1313226405,1313226410,1313226373,1313226378,0,0,0,0,0,0,0,0,4096,256,131072,4,3|4,0,436207616,262144,1664,0,0,0,0,5112,0,5100,0,1278,1275,0,1,5112,0|354,1930631805,10,334320544,0,0,0,0,0,355016810,0,1275,0,2100342736,8,2100342736,8,2080,1995842289,8,172173741,0,0,0,0,0
1785761135786|1017|stationary_30min_formal_f2r_0000_436207616|rotating|288,1378943233,560,714632603,709566113,4087413,0,4087413,0,86722,0,43361,0,0,0,677211,677211,276949232,0,4096,0,0,0,43361,0,1298169863,0,1298169871,0,0,0,0,0,0,0,0,0,4096,256,131072,4,3|4,0,436207616,262144,1664,0,0,0,0,5112,0,5100,0,1278,1275,0,1,5112,0|354,1344789517,10,0,0,334233600,0,334233600,0,1021900,0,0,1275,0,0,0,0,0,0,0,9299313,0,0,0,0,0
1785761140801|1017|stationary_30min_formal_f2r_0000_436207616|fixed|290,1378943233,304,720854509,715744294,716731461,715744294,716731461,715744294,684406,683117,683108,683108,0,0,43739,0,4294967295,4294967295,4096,4096,0,0,683108,683108,1633980872,1633981213,1633980880,1633981221,0,0,0,0,0,0,0,0,4096,256,131072,4,3|4,0,436207616,262144,1664,0,0,0,0,5156,0,5144,0,1289,1286,0,1,5156,0|356,2252402741,10,337267360,0,0,0,0,0,358143627,0,1286,0,2421376968,8,2421376968,8,2080,2316032244,8,173600338,0,0,0,0,0
1785761140801|1017|stationary_30min_formal_f2r_0000_436207616|rotating|290,1378943233,560,720930376,715819813,4123426,0,4123426,0,87486,0,43743,0,0,0,683179,683179,279389096,0,4096,0,0,0,43743,0,1620204231,0,1620204239,0,0,0,0,0,0,0,0,0,4096,256,131072,4,3|4,0,436207616,262144,1664,0,0,0,0,5156,0,5144,0,1289,1286,0,1,5156,0|356,1666753938,10,0,0,337117184,0,337117184,0,1030903,0,0,1286,0,0,0,0,0,0,0,9323326,0,0,0,0,0
1785761145809|1017|stationary_30min_formal_f2r_0000_436207616|fixed|292,1378943233,304,727127258,721973047,722968388,721973047,722968388,721973047,690360,689060,689051,689051,0,0,44119,0,4294967295,4294967295,4096,4096,0,0,689051,689051,1954614122,1954614471,1954614130,1954614479,0,0,0,0,0,0,0,0,4096,256,131072,4,3|4,0,436207616,262144,1664,0,0,0,0,5200,0,5188,0,1300,1297,0,1,5200,0|358,2573195142,10,340198368,0,0,0,0,0,361261631,0,1297,0,2741436617,8,2741436617,8,2080,2635248507,8,175022650,0,0,0,0,0
1785761145809|1017|stationary_30min_formal_f2r_0000_436207616|rotating|292,1378943233,560,727196934,722042388,4159244,0,4159244,0,88246,0,44123,0,0,0,689117,689117,281816224,0,4096,0,0,0,44123,0,1940515254,0,1940515262,0,0,0,0,0,0,0,0,0,4096,256,131072,4,3|4,0,436207616,262144,1664,0,0,0,0,5200,0,5188,0,1300,1297,0,1,5200,0|358,1987114837,10,0,0,340000768,0,340000768,0,1039858,0,0,1297,0,0,0,0,0,0,0,9344659,0,0,0,0,0
1785761150818|1017|stationary_30min_formal_f2r_0000_436207616|fixed|294,1378943233,271,733398103,728198655,729203416,728198655,729203416,728198655,696311,695000,694990,694990,0,0,44499,0,4294967295,4294967295,4096,4096,0,0,694991,694991,2275072205,2275072194,2275072213,2275072202,0,0,0,0,0,0,0,0,4096,256,131072,4,3|4,0,436207616,262144,1664,0,0,0,0,5244,0,5232,0,1311,1308,0,1,5244,0|360,2893589972,10,343129376,0,0,0,0,0,364376063,0,1308,0,3061098695,8,3061098695,8,2080,2954060363,8,176451798,0,0,0,0,0
1785761150818|1017|stationary_30min_formal_f2r_0000_436207616|rotating|294,1378943233,560,733474129,728274217,4195155,0,4195155,0,89008,0,44504,0,0,0,695062,695062,284249680,0,4096,0,0,0,44504,0,2261692605,0,2261692621,0,0,0,0,0,0,0,0,0,4096,256,131072,4,3|5,0,436207616,262144,1664,0,0,0,0,5248,0,5236,0,1312,1309,0,1,5248,0|360,2308020895,10,0,0,343146496,0,343146496,0,1048860,0,0,1309,0,0,0,0,0,0,0,9374705,0,0,0,0,0
1785761155832|1017|stationary_30min_formal_f2r_0000_436207616|fixed|296,1378943233,271,739678129,734433464,735447434,734433464,735447434,734433464,702272,700949,700939,700939,0,0,44881,0,4294967295,4294967295,4096,4096,0,0,700940,700940,2596154340,2596154313,2596154316,2596154321,0,0,0,0,0,0,0,0,4096,256,131072,4,3|4,0,436207616,262144,1664,0,0,0,0,5292,0,5280,0,1323,1320,0,1,5292,0|362,3214577586,10,346069600,0,0,0,0,0,367494948,0,1320,0,3381351253,8,3381351253,8,2080,3273331451,8,178009594,0,0,0,0,0
1785761155832|1017|stationary_30min_formal_f2r_0000_436207616|rotating|296,1378943233,560,739746482,734501405,4231074,0,4231074,0,89770,0,44885,0,0,0,701004,701004,286683160,0,4096,0,0,0,44885,0,2582295464,0,2582295472,0,0,0,0,0,0,0,0,0,4096,256,131072,4,3|4,0,436207616,262144,1664,0,0,0,0,5292,0,5280,0,1323,1320,0,1,5292,0|362,2629334348,10,0,0,346030080,0,346030080,0,1057839,0,0,1320,0,0,0,0,0,0,0,9400170,0,0,0,0,0
1785761160862|1017|stationary_30min_formal_f2r_0000_436207616|fixed|298,1378943233,271,745973209,740683430,741706598,740683430,741706598,740683430,708247,706914,706903,706903,0,0,45262,0,4294967295,4294967295,4096,4096,0,0,706904,706904,2917915742,2917915747,2917915710,2917915755,0,0,0,0,0,0,0,0,4096,256,131072,4,3|4,0,436207616,262144,1664,0,0,0,0,5336,0,5324,0,1334,1331,0,1,5336,0|364,3536453742,10,349008512,0,0,0,0,0,370623328,0,1331,0,3702492681,8,3702492681,8,2080,3593631471,8,179431625,0,0,0,0,0
1785761160862|1017|stationary_30min_formal_f2r_0000_436207616|rotating|298,1378943233,560,746049746,740759579,4267083,0,4267083,0,90534,0,45267,0,0,0,706975,706975,289122976,0,4096,0,0,0,45267,0,2904325282,0,2904325290,0,0,0,0,0,0,0,0,0,4096,256,131072,4,3|4,0,436207616,262144,1664,0,0,0,0,5336,0,5324,0,1334,1331,0,1,5336,0|364,2950845474,10,0,0,348913664,0,348913664,0,1066818,0,0,1331,0,0,0,0,0,0,0,9429235,0,0,0,0,0
1785761165862|1017|stationary_30min_formal_f2r_0000_436207616|fixed|300,1378943233,271,752231567,746898095,747929134,746898095,747929134,746898095,714193,712848,712838,712838,0,0,45642,0,4294967295,4294967295,4096,4096,0,0,712839,712839,3238111037,3238111050,3238111045,3238111058,0,0,0,0,0,0,0,0,4096,256,131072,4,3|4,0,436207616,262144,1664,0,0,0,0,5380,0,5368,0,1345,1342,0,1,5380,0|366,3856566191,10,351939520,0,0,0,0,0,373732001,0,1342,0,4021872378,8,4021872378,8,2080,3912165687,8,180856032,0,0,0,0,0
1785761165862|1017|stationary_30min_formal_f2r_0000_436207616|rotating|300,1378943233,560,752299715,746965862,4302812,0,4302812,0,91292,0,45646,0,0,0,712902,712902,291543680,0,4096,0,0,0,45646,0,3223778833,0,3223778841,0,0,0,0,0,0,0,0,0,4096,256,131072,4,3|4,0,436207616,262144,1664,0,0,0,0,5380,0,5368,0,1345,1342,0,1,5380,0|366,3270535824,10,0,0,351797248,0,351797248,0,1075773,0,0,1342,0,0,0,0,0,0,0,9450422,0,0,0,0,0
1785761170877|1017|stationary_30min_formal_f2r_0000_436207616|fixed|302,1378943233,271,758511394,753134075,754173044,753134075,754173044,753134075,720153,718798,718788,718788,0,0,46023,0,4294967295,4294967295,4096,4096,0,0,718788,718788,3559096368,3559096701,3559096376,3559096709,0,0,0,0,0,0,0,0,4096,256,131072,4,3|4,0,436207616,262144,1664,0,0,0,0,5424,0,5412,0,1356,1353,0,1,5424,0|368,4177342389,10,354878432,0,0,0,0,0,376849730,0,1353,0,46946552,9,46946552,9,2080,4231370734,8,182273078,0,0,0,0,0
1785761170877|1017|stationary_30min_formal_f2r_0000_436207616|rotating|302,1378943233,560,758583241,753205471,4338724,0,4338724,0,92054,0,46027,0,0,0,718856,718856,293977184,0,4096,0,0,0,46027,0,3544944120,0,3544944128,0,0,0,0,0,0,0,0,0,4096,256,131072,4,3|4,0,436207616,262144,1664,0,0,0,0,5424,0,5412,0,1356,1353,0,1,5424,0|368,3591514103,10,0,0,354680832,0,354680832,0,1084728,0,0,1353,0,0,0,0,0,0,0,9472608,0,0,0,0,0
1785761175881|1017|stationary_30min_formal_f2r_0000_436207616|fixed|304,1378943233,304,764771061,759350243,760396894,759350243,760396894,759350243,726096,724731,724720,724720,0,0,46403,0,4294967295,4294967295,4096,4096,0,0,724720,724720,3879147412,3879147745,3879147420,3879147753,0,0,0,0,0,0,0,0,4096,256,131072,4,3|4,0,436207616,262144,1664,0,0,0,0,5468,0,5456,0,1367,1364,0,1,5468,0|370,202706647,11,357809440,0,0,0,0,0,379962465,0,1364,0,366545354,9,366545354,9,2080,255150144,9,183704100,0,0,0,0,0
1785761175881|1017|stationary_30min_formal_f2r_0000_436207616|rotating|304,1378943233,560,764845968,759424746,4374541,0,4374541,0,92814,0,46407,0,0,0,724791,724791,296404264,0,4096,0,0,0,46407,0,3865263806,0,3865263814,0,0,0,0,0,0,0,0,0,4096,256,131072,4,3|4,0,436207616,262144,1664,0,0,0,0,5472,0,5460,0,1368,1365,0,1,5472,0|370,3911681335,10,0,0,357826560,0,357826560,0,1093706,0,0,1365,0,0,0,0,0,0,0,9497880,0,0,0,0,0
1785761180884|1017|stationary_30min_formal_f2r_0000_436207616|fixed|306,1378943233,293,771038948,765572963,766628963,765572963,766628963,765572963,732043,730667,730656,730656,0,0,46783,0,4294967295,4294967295,4096,4096,0,0,730656,730656,4199404399,4199382988,4199404407,4199382996,0,0,0,0,0,0,0,0,4096,256,131072,4,3|4,0,436207616,262144,1664,0,0,0,0,5516,0,5504,0,1379,1376,0,1,5516,0|372,523019950,11,360733856,0,0,0,0,0,383075438,0,1376,0,686127553,9,686127553,9,2080,573752924,9,185256451,0,0,0,0,0
1785761180884|1017|stationary_30min_formal_f2r_0000_436207616|rotating|306,1378943233,560,771115110,765648485,4410460,0,4410460,0,93576,0,46788,0,0,0,730728,730728,298837736,0,4096,0,0,0,46788,0,4185861194,0,4185861202,0,0,0,0,0,0,0,0,0,4096,256,131072,4,3|4,0,436207616,262144,1664,0,0,0,0,5516,0,5504,0,1379,1376,0,1,5516,0|372,4233118816,10,0,0,360710144,0,360710144,0,1102685,0,0,1376,0,0,0,0,0,0,0,9518190,0,0,0,0,0
1785761185898|1017|stationary_30min_formal_f2r_0000_436207616|fixed|308,1378943233,271,777315791,771805443,772869889,771805443,772869889,771805443,738001,736613,736601,736601,0,0,47164,0,4294967295,4294967295,4096,4096,0,0,736602,736602,225339808,225339821,225339816,225339829,0,0,0,0,0,0,0,0,4096,256,131072,4,3|4,0,436207616,262144,1664,0,0,0,0,5560,0,5548,0,1390,1387,0,1,5560,0|374,843700153,11,363672768,0,0,0,0,0,386192903,0,1387,0,1006073028,9,1006073028,9,2080,892850775,9,186684698,0,0,0,0,0
1785761185898|1017|stationary_30min_formal_f2r_0000_436207616|rotating|308,1378943233,560,777389070,771878386,4446279,0,4446279,0,94336,0,47168,0,0,0,736670,736670,301264776,0,4096,0,0,0,47168,0,211210823,0,211210839,0,0,0,0,0,0,0,0,0,4096,256,131072,4,3|4,0,436207616,262144,1664,0,0,0,0,5560,0,5548,0,1390,1387,0,1,5560,0|374,257992334,11,0,0,363593728,0,363593728,0,1111640,0,0,1387,0,0,0,0,0,0,0,9538811,0,0,0,0,0
1785761190899|1017|stationary_30min_formal_f2r_0000_436207616|fixed|310,1378943233,271,783582362,778027222,779100639,778027222,779100639,778027222,743948,742550,742537,742537,0,0,47544,0,4294967295,4294967295,4096,4096,0,0,742538,742538,545596304,545596325,545596312,545596333,0,0,0,0,0,0,0,0,4096,256,131072,4,3|4,0,436207616,262144,1664,0,0,0,0,5604,0,5592,0,1401,1398,0,1,5604,0|376,1164096896,11,366603776,0,0,0,0,0,389307517,0,1398,0,1325737019,9,1325737019,9,2080,1211672148,9,188106242,0,0,0,0,0
1785761190899|1017|stationary_30min_formal_f2r_0000_436207616|rotating|310,1378943233,560,783651707,778096179,4482103,0,4482103,0,95096,0,47548,0,0,0,742603,742603,303691880,0,4096,0,0,0,47548,0,531521085,0,531521093,0,0,0,0,0,0,0,0,0,4096,256,131072,4,3|4,0,436207616,262144,1664,0,0,0,0,5604,0,5592,0,1401,1398,0,1,5604,0|376,578050928,11,0,0,366477312,0,366477312,0,1120573,0,0,1398,0,0,0,0,0,0,0,9553991,0,0,0,0,0
1785761195912|1017|stationary_30min_formal_f2r_0000_436207616|fixed|312,1378943233,271,789859412,784260769,785341771,784260769,785341771,784260769,749905,748496,748483,748483,0,0,47925,0,4294967295,4294967295,4096,4096,0,0,748484,748484,866408387,866408384,866408395,866408392,0,0,0,0,0,0,0,0,4096,256,131072,4,3|4,0,436207616,262144,1664,0,0,0,0,5648,0,5636,0,1412,1409,0,1,5648,0|378,1485040581,11,369542688,0,0,0,0,0,392427393,0,1409,0,1645945976,9,1645945976,9,2080,1531036426,9,189531544,0,0,0,0,0
1785761195912|1017|stationary_30min_formal_f2r_0000_436207616|rotating|312,1378943233,560,789929348,784330333,4518018,0,4518018,0,95858,0,47929,0,0,0,748550,748550,306125360,0,4096,0,0,0,47929,0,852694635,0,852694643,0,0,0,0,0,0,0,0,0,4096,256,131072,4,3|4,0,436207616,262144,1664,0,0,0,0,5648,0,5636,0,1412,1409,0,1,5648,0|378,899053751,11,0,0,369360896,0,369360896,0,1129551,0,0,1409,0,0,0,0,0,0,0,9570825,0,0,0,0,0
1785761200941|1017|stationary_30min_formal_f2r_0000_436207616|fixed|314,1378943233,304,796152660,790510017,791599107,790510017,791599107,790510017,755879,754459,754447,754447,0,0,48306,0,4294967295,4294967295,4096,4096,0,0,754447,754447,1188125570,1188125903,1188125578,1188125911,0,0,0,0,0,0,0,0,4096,256,131072,4,3|4,0,436207616,262144,1664,0,0,0,0,5692,0,5680,0,1423,1420,0,1,5692,0|380,1806782314,11,372481600,0,0,0,0,0,395554038,0,1420,0,1966952981,9,1966952981,9,2080,1851200671,9,190954927,0,0,0,0,0
1785761200941|1017|stationary_30min_formal_f2r_0000_436207616|rotating|314,1378943233,560,796227929,790584929,4554021,0,4554021,0,96622,0,48311,0,0,0,754518,754518,308565224,0,4096,0,0,0,48311,0,1174725763,0,1174725771,0,0,0,0,0,0,0,0,0,4096,256,131072,4,3|4,0,436207616,262144,1664,0,0,0,0,5696,0,5684,0,1424,1421,0,1,5696,0|380,1221091755,11,0,0,372506624,0,372506624,0,1138576,0,0,1421,0,0,0,0,0,0,0,9589630,0,0,0,0,0
1785761205951|1017|stationary_30min_formal_f2r_0000_436207616|fixed|316,1378943233,271,802428711,796740803,797839151,796740803,797839151,796740803,761838,760406,760393,760393,0,0,48688,0,4294967295,4294967295,4096,4096,0,0,760394,760394,1509073101,1509073066,1509073109,1509073074,0,0,0,0,0,0,0,0,4096,256,131072,4,3|4,0,436207616,262144,1664,0,0,0,0,5740,0,5728,0,1435,1432,0,1,5740,0|382,2127669481,11,375421824,0,0,0,0,0,398671449,0,1432,0,2287105092,9,2287105092,9,2080,2170377803,9,192506232,0,0,0,0,0
1785761205951|1017|stationary_30min_formal_f2r_0000_436207616|rotating|316,1378943233,560,802520142,796831899,4590034,0,4590034,0,97386,0,48693,0,0,0,760480,760480,311005080,0,4096,0,0,0,48693,0,1496181640,0,1496181648,0,0,0,0,0,0,0,0,0,4096,256,131072,4,3|4,0,436207616,262144,1664,0,0,0,0,5740,0,5728,0,1435,1432,0,1,5740,0|382,1543498185,11,0,0,375390208,0,375390208,0,1147579,0,0,1432,0,0,0,0,0,0,0,9611566,0,0,0,0,0
1785761210963|1017|stationary_30min_formal_f2r_0000_436207616|fixed|318,1378943233,271,808717353,802986903,804091877,802986903,804091877,802986903,767807,766364,766351,766351,0,0,49069,0,4294967295,4294967295,4096,4096,0,0,766352,766352,1830509699,1830509664,1830509707,1830509672,0,0,0,0,0,0,0,0,4096,256,131072,4,3|4,0,436207616,262144,1664,0,0,0,0,5784,0,5772,0,1446,1443,0,1,5784,0|384,2449705318,11,378368640,0,0,0,0,0,401802057,0,1443,0,2608404225,9,2608404225,9,2080,2490833958,9,193931530,0,0,0,0,0
1785761210963|1017|stationary_30min_formal_f2r_0000_436207616|rotating|318,1378943233,560,808816380,803085470,4626043,0,4626043,0,98150,0,49075,0,0,0,766445,766445,313444896,0,4096,0,0,0,49075,0,1818214715,0,1818214723,0,0,0,0,0,0,0,0,0,4096,256,131072,4,3|4,0,436207616,262144,1664,0,0,0,0,5784,0,5772,0,1446,1443,0,1,5784,0|384,1864684215,11,0,0,378273792,0,378273792,0,1156558,0,0,1443,0,0,0,0,0,0,0,9631394,0,0,0,0,0
1785761215974|1017|stationary_30min_formal_f2r_0000_436207616|fixed|320,1378943233,271,814983896,809208508,810322598,809208508,810322598,809208508,773754,772300,772287,772287,0,0,49449,0,4294967295,4294967295,4096,4096,0,0,772288,772288,2150782255,2150782236,2150782247,2150782244,0,0,0,0,0,0,0,0,4096,256,131072,4,3|4,0,436207616,262144,1664,0,0,0,0,5828,0,5816,0,1457,1454,0,1,5828,0|386,2769867991,11,381299648,0,0,0,0,0,404914035,0,1454,0,2927834146,9,2927834146,9,2080,2809417629,9,195356706,0,0,0,0,0
1785761215974|1017|stationary_30min_formal_f2r_0000_436207616|rotating|320,1378943233,560,815061219,809285356,4661678,0,4661678,0,98906,0,49453,0,0,0,772360,772360,315859224,0,4096,0,0,0,49453,0,2136809510,0,2136809518,0,0,0,0,0,0,0,0,0,4096,256,131072,4,3|4,0,436207616,262144,1664,0,0,0,0,5828,0,5816,0,1457,1454,0,1,5828,0|386,2183929710,11,0,0,381157376,0,381157376,0,1165490,0,0,1454,0,0,0,0,0,0,0,9650454,0,0,0,0,0
1785761220975|1017|stationary_30min_formal_f2r_0000_436207616|fixed|322,1378943233,271,821237168,815417710,816540141,815417710,816540141,815417710,779688,778223,778210,778210,0,0,49828,0,4294967295,4294967295,4096,4096,0,0,778211,778211,2470360663,2470360684,2470360671,2470360692,0,0,0,0,0,0,0,0,4096,256,131072,4,3|4,0,436207616,262144,1664,0,0,0,0,5872,0,5860,0,1468,1465,0,1,5872,0|388,3088947406,11,384214848,0,0,0,0,0,408015730,0,1465,0,3246184761,9,3246184761,9,2080,3126918518,9,196781964,0,0,0,0,0
1785761220975|1017|stationary_30min_formal_f2r_0000_436207616|rotating|322,1378943233,560,821312268,815492402,4697404,0,4697404,0,99664,0,49832,0,0,0,778282,778282,318279920,0,4096,0,0,0,49832,0,2456263942,0,2456263950,0,0,0,0,0,0,0,0,0,4096,256,131072,4,3|4,0,436207616,262144,1664,0,0,0,0,5872,0,5860,0,1468,1465,0,1,5872,0|388,2503206193,11,0,0,384040960,0,384040960,0,1174421,0,0,1465,0,0,0,0,0,0,0,9673243,0,0,0,0,0
1785761225977|1017|stationary_30min_formal_f2r_0000_436207616|fixed|324,1378943233,271,827505129,821641805,822772283,821641805,822772283,821641805,785637,784161,784148,784148,0,0,50208,0,4294967295,4294967295,4096,4096,0,0,784149,784149,2790707076,2790707081,2790707084,2790707089,0,0,0,0,0,0,0,0,4096,256,131072,4,3|4,0,436207616,262144,1664,0,0,0,0,5916,0,5904,0,1479,1476,0,1,5916,0|390,3409076926,11,387145856,0,0,0,0,0,411127690,0,1476,0,3565581529,9,3565581529,9,2080,3445469980,9,198206196,0,0,0,0,0
1785761225977|1017|stationary_30min_formal_f2r_0000_436207616|rotating|324,1378943233,560,827586072,821722249,4733313,0,4733313,0,100426,0,50213,0,0,0,784225,784225,320713432,0,4096,0,0,0,50213,0,2777436399,0,2777436407,0,0,0,0,0,0,0,0,0,4096,256,131072,4,3|4,0,436207616,262144,1664,0,0,0,0,5916,0,5904,0,1479,1476,0,1,5916,0|390,2824745010,11,0,0,386924544,0,386924544,0,1183398,0,0,1476,0,0,0,0,0,0,0,9693288,0,0,0,0,0
1785761230990|1017|stationary_30min_formal_f2r_0000_436207616|fixed|326,1378943233,304,833777733,827870304,829009071,827870304,829009071,827870304,791591,790104,790092,790092,0,0,50588,0,4294967295,4294967295,4096,4096,0,0,790092,790092,3111361738,3111362079,3111361754,3111362087,0,0,0,0,0,0,0,0,4096,256,131072,4,3|4,0,436207616,262144,1664,0,0,0,0,5964,0,5952,0,1491,1488,0,1,5964,0|392,3730785176,11,390086080,0,0,0,0,0,414252748,0,1488,0,3886554723,9,3886554723,9,2080,3765466920,9,199758776,0,0,0,0,0
1785761230990|1017|stationary_30min_formal_f2r_0000_436207616|rotating|326,1378943233,560,833873240,827964398,4769325,0,4769325,0,101190,0,50595,0,0,0,790182,790182,323153272,0,4096,0,0,0,50595,0,3098893578,0,3098893586,0,0,0,0,0,0,0,0,0,4096,256,131072,4,3|4,0,436207616,262144,1664,0,0,0,0,5964,0,5952,0,1491,1488,0,1,5964,0|392,3145074420,11,0,0,390070272,0,390070272,0,1192378,0,0,1488,0,0,0,0,0,0,0,9722521,0,0,0,0,0
1785761235991|1017|stationary_30min_formal_f2r_0000_436207616|fixed|328,1378943233,271,840041482,834089091,835236902,834089091,835236902,834089091,797537,796038,796026,796026,0,0,50969,0,4294967295,4294967295,4096,4096,0,0,796026,796026,3431641944,3431642245,3431641952,3431642261,0,0,0,0,0,0,0,0,4096,256,131072,4,3|4,0,436207616,262144,1664,0,0,0,0,6008,0,5996,0,1502,1499,0,1,6008,0|394,4050000896,11,393009184,0,0,0,0,0,417355545,0,1499,0,4205039667,9,4205039667,9,2080,4083101773,9,201186096,0,0,0,0,0
1785761235991|1017|stationary_30min_formal_f2r_0000_436207616|rotating|328,1378943233,560,840107199,834154461,4804956,0,4804956,0,101946,0,50973,0,0,0,796088,796088,325567552,0,4096,0,0,0,50973,0,3417490511,0,3417490519,0,0,0,0,0,0,0,0,0,4096,256,131072,4,3|4,0,436207616,262144,1664,0,0,0,0,6008,0,5996,0,1502,1499,0,1,6008,0|394,3463995395,11,0,0,392953856,0,392953856,0,1201286,0,0,1499,0,0,0,0,0,0,0,9741803,0,0,0,0,0
1785761240994|1017|stationary_30min_formal_f2r_0000_436207616|fixed|330,1378943233,271,846301509,840305925,841461108,840305925,841461108,840305925,803479,801969,801956,801956,0,0,51349,0,4294967295,4294967295,4096,4096,0,0,801957,801957,3751623268,3751623249,3751623252,3751623257,0,0,0,0,0,0,0,0,4096,256,131072,4,3|4,0,436207616,262144,1664,0,0,0,0,6052,0,6040,0,1513,1510,0,1,6052,0|396,75197547,12,395940192,0,0,0,0,0,420467698,0,1510,0,229503566,10,229503566,10,2080,106714873,10,202615821,0,0,0,0,0
1785761240994|1017|stationary_30min_formal_f2r_0000_436207616|rotating|330,1378943233,560,846377538,840381407,4840778,0,4840778,0,102706,0,51353,0,0,0,802028,802028,327994616,0,4096,0,0,0,51353,0,3737808954,0,3737808962,0,0,0,0,0,0,0,0,0,4096,256,131072,4,3|4,0,436207616,262144,1664,0,0,0,0,6052,0,6040,0,1513,1510,0,1,6052,0|396,3784489341,11,0,0,395837440,0,395837440,0,1210242,0,0,1510,0,0,0,0,0,0,0,9758890,0,0,0,0,0
1785761246007|1017|stationary_30min_formal_f2r_0000_436207616|fixed|332,1378943233,304,852581218,846540245,847704995,846540245,847704995,846540245,809437,807916,807904,807904,0,0,51729,0,4294967295,4294967295,4096,4096,0,0,807904,807904,4072485980,4072486329,4072485988,4072486337,0,0,0,0,0,0,0,0,4096,256,131072,4,3|4,0,436207616,262144,1664,0,0,0,0,6096,0,6084,0,1524,1521,0,1,6096,0|398,396042430,12,398871200,0,0,0,0,0,423586971,0,1521,0,549615697,10,549615697,10,2080,425983743,10,204038008,0,0,0,0,0
1785761246007|1017|stationary_30min_formal_f2r_0000_436207616|rotating|332,1378943233,560,852657259,846615823,4876695,0,4876695,0,103468,0,51734,0,0,0,807975,807975,330428088,0,4096,0,0,0,51734,0,4058979391,0,4058979399,0,0,0,0,0,0,0,0,0,4096,256,131072,4,3|4,0,436207616,262144,1664,0,0,0,0,6096,0,6084,0,1524,1521,0,1,6096,0|398,4105058519,11,0,0,398721024,0,398721024,0,1219221,0,0,1521,0,0,0,0,0,0,0,9780808,0,0,0,0,0
1785761251021|1017|stationary_30min_formal_f2r_0000_436207616|fixed|334,1378943233,304,858865321,852779176,853953182,852779176,853953182,852779176,815401,813868,813856,813856,0,0,52110,0,4294967295,4294967295,4096,4096,0,0,813856,813856,98635943,98636260,98635951,98636268,0,0,0,0,0,0,0,0,4096,256,131072,4,3|4,0,436207616,262144,1664,0,0,0,0,6140,0,6128,0,1535,1532,0,1,6140,0|400,716853675,12,401810112,0,0,0,0,0,426705636,0,1532,0,869692214,10,869692214,10,2080,745218074,10,205460817,0,0,0,0,0
1785761251021|1017|stationary_30min_formal_f2r_0000_436207616|rotating|334,1378943233,560,858948089,852861465,4912607,0,4912607,0,104230,0,52115,0,0,0,813934,813934,332861624,0,4096,0,0,0,52115,0,85183153,0,85183161,0,0,0,0,0,0,0,0,0,4096,256,131072,4,3|4,0,436207616,262144,1664,0,0,0,0,6140,0,6128,0,1535,1532,0,1,6140,0|400,133022166,12,0,0,401604608,0,401604608,0,1228245,0,0,1532,0,0,0,0,0,0,0,9810033,0,0,0,0,0
1785761256035|1017|stationary_30min_formal_f2r_0000_436207616|fixed|336,1378943233,271,865157809,859027238,860209667,859027238,860209667,859027238,821373,819830,819817,819817,0,0,52492,0,4294967295,4294967295,4096,4096,0,0,819817,819817,420248897,420249206,420248905,420249214,0,0,0,0,0,0,0,0,4096,256,131072,4,3|4,0,436207616,262144,1664,0,0,0,0,6184,0,6172,0,1546,1543,0,1,6184,0|402,1038631522,12,404750336,0,0,0,0,0,429833357,0,1544,0,1190735005,10,1190735005,10,2080,1065406523,10,206895831,0,0,0,0,0
1785761256035|1017|stationary_30min_formal_f2r_0000_436207616|rotating|336,1378943233,560,865232978,859101311,4948615,0,4948615,0,104994,0,52497,0,0,0,819888,819888,335301432,0,4096,0,0,0,52497,0,406653016,0,406653024,0,0,0,0,0,0,0,0,0,4096,256,131072,4,3|4,0,436207616,262144,1664,0,0,0,0,6188,0,6176,0,1547,1544,0,1,6188,0|402,453936322,12,0,0,404750336,0,404750336,0,1237225,0,0,1544,0,0,0,0,0,0,0,9830732,0,0,0,0,0
1785761261047|1017|stationary_30min_formal_f2r_0000_436207616|fixed|338,1378943233,304,871429035,865252615,866444975,865252615,866444975,865252615,827327,825772,825759,825759,0,0,52873,0,4294967295,4294967295,4096,4096,0,0,825759,825759,740959957,740960290,740959965,740960298,0,0,0,0,0,0,0,0,4096,256,131072,4,3|4,0,436207616,262144,1664,0,0,0,0,6232,0,6220,0,1558,1555,0,1,6232,0|404,1358402700,12,407681344,0,0,0,0,0,432939446,0,1555,0,1509773431,10,1509773431,10,2080,1383460879,10,208454481,0,0,0,0,0
1785761261047|1017|stationary_30min_formal_f2r_0000_436207616|rotating|338,1378943233,560,871488183,865311435,4984342,0,4984342,0,105752,0,52876,0,0,0,825815,825815,337722136,0,4096,0,0,0,52876,0,726110544,0,726110560,0,0,0,0,0,0,0,0,0,4096,256,131072,4,3|4,0,436207616,262144,1664,0,0,0,0,6232,0,6220,0,1558,1555,0,1,6232,0|404,772805858,12,0,0,407633920,0,407633920,0,1246132,0,0,1555,0,0,0,0,0,0,0,9854554,0,0,0,0,0
1785761266062|1017|stationary_30min_formal_f2r_0000_436207616|fixed|340,1378943233,271,877715024,871493561,872695050,871493561,872695050,871493561,833294,831728,831714,831714,0,0,53254,0,4294967295,4294967295,4096,4096,0,0,831715,831715,1062280960,1062280949,1062280968,1062280965,0,0,0,0,0,0,0,0,4096,256,131072,4,3|4,0,436207616,262144,1664,0,0,0,0,6276,0,6264,0,1569,1566,0,1,6276,0|406,1680600823,12,410628160,0,0,0,0,0,436070894,0,1566,0,1831234850,10,1831234850,10,2080,1704074253,10,209884846,0,0,0,0,0
1785761266062|1017|stationary_30min_formal_f2r_0000_436207616|rotating|340,1378943233,560,877787537,871565815,5020353,0,5020353,0,106516,0,53258,0,0,0,831783,831783,340161976,0,4096,0,0,0,53258,0,1048148713,0,1048148721,0,0,0,0,0,0,0,0,0,4096,256,131072,4,3|4,0,436207616,262144,1664,0,0,0,0,6276,0,6264,0,1569,1566,0,1,6276,0|406,1095563570,12,0,0,410517504,0,410517504,0,1255159,0,0,1566,0,0,0,0,0,0,0,9875151,0,0,0,0,0
1785761271069|1017|stationary_30min_formal_f2r_0000_436207616|fixed|342,1378943233,304,883962708,877695960,878907005,877695960,878907005,877695960,839222,837645,837632,837632,0,0,53633,0,4294967295,4294967295,4096,4096,0,0,837632,837632,1381536039,1381536364,1381536047,1381536372,0,0,0,0,0,0,0,0,4096,256,131072,4,3|4,0,436207616,262144,1664,0,0,0,0,6320,0,6308,0,1580,1577,0,1,6320,0|408,2000066610,12,413551264,0,0,0,0,0,439176473,0,1577,0,2149969861,10,2149969861,10,2080,2021964303,10,211307036,0,0,0,0,0
1785761271069|1017|stationary_30min_formal_f2r_0000_436207616|rotating|342,1378943233,560,884039623,877772490,5056081,0,5056081,0,107274,0,53637,0,0,0,837704,837704,342582656,0,4096,0,0,0,53637,0,1367600042,0,1367600050,0,0,0,0,0,0,0,0,0,4096,256,131072,4,3|4,0,436207616,262144,1664,0,0,0,0,6320,0,6308,0,1580,1577,0,1,6320,0|408,1414401344,12,0,0,413401088,0,413401088,0,1264091,0,0,1577,0,0,0,0,0,0,0,9890876,0,0,0,0,0
1785761276076|1017|stationary_30min_formal_f2r_0000_436207616|fixed|344,1378943233,304,890230218,883920386,885138693,883920386,885138693,883920386,845173,843585,843572,843572,0,0,54013,0,4294967295,4294967295,4096,4096,0,0,843572,843572,1702008163,1702008504,1702008171,1702008512,0,0,0,0,0,0,0,0,4096,256,131072,4,3|4,0,436207616,262144,1664,0,0,0,0,6364,0,6352,0,1591,1588,0,1,6364,0|410,2320449742,12,416482272,0,0,0,0,0,442289488,0,1588,0,2469620241,10,2469620241,10,2080,2340771284,10,212729361,0,0,0,0,0
1785761276076|1017|stationary_30min_formal_f2r_0000_436207616|rotating|344,1378943233,560,890307082,883996822,5091993,0,5091993,0,108036,0,54018,0,0,0,843644,843644,345016184,0,4096,0,0,0,54018,0,1688770640,0,1688770648,0,0,0,0,0,0,0,0,0,4096,256,131072,4,3|4,0,436207616,262144,1664,0,0,0,0,6364,0,6352,0,1591,1588,0,1,6364,0|410,1734888718,12,0,0,416284672,0,416284672,0,1273045,0,0,1588,0,0,0,0,0,0,0,9911839,0,0,0,0,0
1785761281082|1017|stationary_30min_formal_f2r_0000_436207616|fixed|346,1378943233,271,896496673,890142425,891369331,890142425,891369331,890142425,851127,849527,849513,849513,0,0,54393,0,4294967295,4294967295,4096,4096,0,0,849514,849514,2022565041,2022565062,2022565049,2022565070,0,0,0,0,0,0,0,0,4096,256,131072,4,3|4,0,436207616,262144,1664,0,0,0,0,6408,0,6396,0,1602,1599,0,1,6408,0|412,2641184641,12,419413280,0,0,0,0,0,445404553,0,1599,0,2789622388,10,2789622388,10,2080,2659922785,10,214158933,0,0,0,0,0
1785761281082|1017|stationary_30min_formal_f2r_0000_436207616|rotating|346,1378943233,560,896565947,890211383,5127716,0,5127716,0,108794,0,54397,0,0,0,849579,849579,347436864,0,4096,0,0,0,54397,0,2008229363,0,2008229371,0,0,0,0,0,0,0,0,0,4096,256,131072,4,3|5,0,436207616,262144,1664,0,0,0,0,6412,0,6400,0,1603,1600,0,1,6412,0|412,2055086438,12,0,0,419430400,0,419430400,0,1282000,0,0,1600,0,0,0,0,0,0,0,9929443,0,0,0,0,0
1785761286096|1017|stationary_30min_formal_f2r_0000_436207616|fixed|348,1378943233,271,902770664,896370759,897607409,896370759,897607409,896370759,857081,855469,855455,855455,0,0,54774,0,4294967295,4294967295,4096,4096,0,0,855456,855456,2343294897,2343294870,2343294873,2343294878,0,0,0,0,0,0,0,0,4096,256,131072,4,3|4,0,436207616,262144,1664,0,0,0,0,6456,0,6444,0,1614,1611,0,1,6456,0|414,2961762566,12,422345600,0,0,0,0,0,448519655,0,1611,0,3109467233,10,3109467233,10,2080,2978793592,10,215707600,0,0,0,0,0
1785761286096|1017|stationary_30min_formal_f2r_0000_436207616|rotating|348,1378943233,560,902846860,896446354,5163729,0,5163729,0,109558,0,54779,0,0,0,855528,855528,349876720,0,4096,0,0,0,54779,0,2329682639,0,2329682647,0,0,0,0,0,0,0,0,0,4096,256,131072,4,3|4,0,436207616,262144,1664,0,0,0,0,6456,0,6444,0,1614,1611,0,1,6456,0|414,2376158082,12,0,0,422313984,0,422313984,0,1290979,0,0,1611,0,0,0,0,0,0,0,9951078,0,0,0,0,0
1785761291110|1017|stationary_30min_formal_f2r_0000_436207616|fixed|350,1378943233,271,909049384,902604114,903850213,902604114,903850213,902604114,863041,861418,861405,861405,0,0,55155,0,4294967295,4294967295,4096,4096,0,0,861405,861405,2664242796,2664243137,2664242804,2664243145,0,0,0,0,0,0,0,0,4096,256,131072,4,3|4,0,436207616,262144,1664,0,0,0,0,6500,0,6488,0,1625,1622,0,1,6500,0|416,3282598115,12,425284512,0,0,0,0,0,451637544,0,1622,0,3429568054,10,3429568054,10,2080,3298061567,10,217121069,0,0,0,0,0
1785761291110|1017|stationary_30min_formal_f2r_0000_436207616|rotating|350,1378943233,560,909123904,902678096,5199643,0,5199643,0,110320,0,55160,0,0,0,861475,861475,352310144,0,4096,0,0,0,55160,0,2650844346,0,2650844354,0,0,0,0,0,0,0,0,0,4096,256,131072,4,3|4,0,436207616,262144,1664,0,0,0,0,6500,0,6488,0,1625,1622,0,1,6500,0|416,2697180492,12,0,0,425197568,0,425197568,0,1299958,0,0,1622,0,0,0,0,0,0,0,9971920,0,0,0,0,0
1785761296112|1017|stationary_30min_formal_f2r_0000_436207616|fixed|352,1378943233,304,915312482,908823376,910077489,908823376,910077489,908823376,868985,867351,867338,867338,0,0,55535,0,4294967295,4294967295,4096,4096,0,0,867338,867338,2984342577,2984342886,2984342585,2984342902,0,0,0,0,0,0,0,0,4096,256,131072,4,3|4,0,436207616,262144,1664,0,0,0,0,6544,0,6532,0,1636,1633,0,1,6544,0|418,3602758681,12,428215520,0,0,0,0,0,454749843,0,1633,0,3748995868,10,3748995868,10,2080,3616642278,10,218547098,0,0,0,0,0
1785761296112|1017|stationary_30min_formal_f2r_0000_436207616|rotating|352,1378943233,560,915388532,908898913,5235373,0,5235373,0,111078,0,55539,0,0,0,867410,867410,354730864,0,4096,0,0,0,55539,0,2970299537,0,2970299545,0,0,0,0,0,0,0,0,0,4096,256,131072,4,3|4,0,436207616,262144,1664,0,0,0,0,6544,0,6532,0,1636,1633,0,1,6544,0|418,3017944422,12,0,0,428081152,0,428081152,0,1308937,0,0,1633,0,0,0,0,0,0,0,9989301,0,0,0,0,0
1785761301125|1017|stationary_30min_formal_f2r_0000_436207616|fixed|354,1378943233,304,921591050,915057345,916320140,915057345,916320140,915057345,874943,873298,873285,873285,0,0,55916,0,4294967295,4294967295,4096,4096,0,0,873285,873285,3305196292,3305196609,3305196300,3305196617,0,0,0,0,0,0,0,0,4096,256,131072,4,3|4,0,436207616,262144,1664,0,0,0,0,6588,0,6576,0,1647,1644,0,1,6588,0|420,3923632707,12,431152620,0,0,0,0,0,457869075,0,1644,0,4069135619,10,4069135619,10,2080,3935934321,10,219974976,0,0,0,0,0
1785761301125|1017|stationary_30min_formal_f2r_0000_436207616|rotating|354,1378943233,560,921690821,915156508,5271379,0,5271379,0,111842,0,55921,0,0,0,873379,873379,357170744,0,4096,0,0,0,55921,0,3292335198,0,3292335206,0,0,0,0,0,0,0,0,0,4096,256,131072,4,3|4,0,436207616,262144,1664,0,0,0,0,6588,0,6576,0,1647,1644,0,1,6588,0|420,3340795956,12,0,0,430964736,0,430964736,0,1317961,0,0,1644,0,0,0,0,0,0,0,10012353,0,0,0,0,0
1785761306141|1017|stationary_30min_formal_f2r_0000_436207616|fixed|356,1378943233,271,927872900,921295468,922566172,921295468,922566172,921295468,880905,879249,879235,879235,0,0,56296,0,4294967295,4294967295,4096,4096,0,0,879236,879236,3626261568,3626261541,3626261552,3626261549,0,0,0,0,0,0,0,0,4096,256,131072,4,3|4,0,436207616,262144,1664,0,0,0,0,6632,0,6620,0,1658,1655,0,1,6632,0|422,4244734355,12,434085440,0,0,0,0,0,460990558,0,1655,0,94536766,11,94536766,11,2080,4255456817,10,221400302,0,0,0,0,0
1785761306141|1017|stationary_30min_formal_f2r_0000_436207616|rotating|356,1378943233,560,927950014,921372182,5307196,0,5307196,0,112602,0,56301,0,0,0,879309,879309,359597824,0,4096,0,0,0,56301,0,3612649208,0,3612649216,0,0,0,0,0,0,0,0,0,4096,256,131072,4,3|4,0,436207616,262144,1664,0,0,0,0,6636,0,6624,0,1659,1656,0,1,6636,0|422,3659037225,12,0,0,434110464,0,434110464,0,1326870,0,0,1656,0,0,0,0,0,0,0,10037350,0,0,0,0,0
1785761409819|1018|stationary_30min_formal_r2f_0000_436207616|fixed|360,1378943233,304,6144584,6101915,34937,0,34937,0,742,0,371,0,0,0,5821,5821,2370272,0,4096,0,0,0,371,0,1671216604,0,1671216612,0,0,0,0,0,0,0,0,0,4096,256,131072,4,3|4,0,436207616,262144,1664,0,0,0,0,56,0,44,0,14,11,0,1,56,0|430,2294937152,14,0,0,2883584,0,2883584,0,8946,0,0,11,0,0,0,0,0,0,0,6873885,0,0,0,0,0
1785761409819|1018|stationary_30min_formal_r2f_0000_436207616|rotating|360,1378943233,527,6328486,6284059,6292417,6284059,6292417,6284059,6008,5996,5995,5995,0,0,383,0,185057708,184875808,4096,4096,0,0,5996,5996,1664396133,1664396170,1664396141,1664396130,0,0,0,0,0,0,0,0,4096,256,131072,4,3|4,0,436207616,262144,1664,0,0,0,0,56,0,44,0,14,11,0,1,56,0|430,1711044301,14,2986336,0,0,0,0,0,3168742,0,11,0,330400292,0,330400292,0,2080,324372829,0,8348692,0,0,0,0,0
1785761414825|1018|stationary_30min_formal_r2f_0000_436207616|fixed|362,1378943233,304,12407553,12321116,70820,0,70820,0,1504,0,752,0,0,0,11756,11756,4804456,0,4096,0,0,0,752,0,1991823372,0,1991823380,0,0,0,0,0,0,0,0,0,4096,256,131072,4,3|4,0,436207616,262144,1664,0,0,0,0,100,0,88,0,25,22,0,1,100,0|432,2611377358,14,0,0,5767168,0,5767168,0,17799,0,0,22,0,0,0,0,0,0,0,6896573,0,0,0,0,0
1785761414825|1018|stationary_30min_formal_r2f_0000_436207616|rotating|362,1378943233,527,12532904,12445492,12461328,12445492,12461328,12445492,11899,11876,11875,11875,0,0,760,0,366560255,366200658,4096,4096,0,0,11876,11876,1981651861,1981651842,1981651869,1981651850,0,0,0,0,0,0,0,0,4096,256,131072,4,3|4,0,436207616,262144,1664,0,0,0,0,100,0,88,0,25,22,0,1,100,0|432,2029330559,14,5901536,0,0,0,0,0,6261439,0,22,0,647957750,0,647957750,0,2080,641074222,0,9780289,0,0,0,0,0
1785761419832|1018|stationary_30min_formal_r2f_0000_436207616|fixed|364,1378943233,304,18682521,18551336,106703,0,106703,0,2266,0,1133,0,0,0,17699,17699,7238696,0,4096,0,0,0,1133,0,2313003323,0,2313003331,0,0,0,0,0,0,0,0,0,4096,256,131072,4,3|4,0,436207616,262144,1664,0,0,0,0,144,0,132,0,36,33,0,1,144,0|434,2932521257,14,0,0,8650752,0,8650752,0,26770,0,0,33,0,0,0,0,0,0,0,6921080,0,0,0,0,0
1785761419832|1018|stationary_30min_formal_r2f_0000_436207616|rotating|364,1378943233,527,18805365,18673594,18698002,18673594,18698002,18673594,17850,17816,17815,17815,0,0,1140,0,549940031,549402194,4096,4096,0,0,17816,17816,2302166540,2302166513,2302166548,2302166529,0,0,0,0,0,0,0,0,4096,256,131072,4,3|4,0,436207616,262144,1664,0,0,0,0,144,0,132,0,36,33,0,1,144,0|434,2348604876,14,8816736,0,0,0,0,0,9365480,0,33,0,966503267,0,966503267,0,2080,958763408,0,11212152,0,0,0,0,0
1785761424835|1018|stationary_30min_formal_r2f_0000_436207616|fixed|366,1378943233,304,24947019,24771811,142397,0,142397,0,3024,0,1512,0,0,0,23634,23634,9660072,0,4096,0,0,0,1512,0,2632465568,0,2632465576,0,0,0,0,0,0,0,0,0,4096,256,131072,4,3|4,0,436207616,262144,1664,0,0,0,0,188,0,176,0,47,44,0,1,188,0|436,3251933843,14,0,0,11534336,0,11534336,0,35693,0,0,44,0,0,0,0,0,0,0,6943530,0,0,0,0,0
1785761424835|1018|stationary_30min_formal_r2f_0000_436207616|rotating|366,1378943233,560,25039885,24863910,24896922,24863910,24896922,24863910,23767,23722,23722,23722,0,0,1518,0,732252200,731534392,4096,4096,0,0,23722,23722,2620824396,2620824721,2620824404,2620824729,0,0,0,0,0,0,0,0,4096,256,131072,4,3|4,0,436207616,262144,1664,0,0,0,0,188,0,176,0,47,44,0,1,188,0|436,2667070446,14,11731936,0,0,0,0,0,12460730,0,44,0,1284240037,0,1284240037,0,2080,1275642467,0,12645395,0,0,0,0,0
1785761429844|1018|stationary_30min_formal_r2f_0000_436207616|fixed|368,1378943233,304,31216126,30997720,178280,0,178280,0,3786,0,1893,0,0,0,29577,29577,12094248,0,4096,0,0,0,1893,0,2953645657,0,2953645665,0,0,0,0,0,0,0,0,0,4096,256,131072,4,3|4,0,436207616,262144,1664,0,0,0,0,232,0,220,0,58,55,0,1,232,0|438,3571266149,14,0,0,14417920,0,14417920,0,44616,0,0,55,0,0,0,0,0,0,0,6964397,0,0,0,0,0
1785761429844|1018|stationary_30min_formal_r2f_0000_436207616|rotating|368,1378943233,527,31267779,31049041,31089218,31049041,31089218,31049041,29683,29627,29626,29626,0,0,1896,0,914497690,913600245,4096,4096,0,0,29627,29627,2939391384,2939391397,2939391392,2939391405,0,0,0,0,0,0,0,0,4096,256,131072,4,3|4,0,436207616,262144,1664,0,0,0,0,232,0,220,0,58,55,0,1,232,0|438,2985582944,14,14647136,0,0,0,0,0,15554805,0,55,0,1602023735,0,1602023735,0,2080,1592569682,0,14077410,0,0,0,0,0
1785761434852|1018|stationary_30min_formal_r2f_0000_436207616|fixed|370,1378943233,304,37479228,37217194,214061,0,214061,0,4546,0,2273,0,0,0,35514,35514,14522016,0,4096,0,0,0,2273,0,3273965746,0,3273965754,0,0,0,0,0,0,0,0,0,4096,256,131072,4,3|4,0,436207616,262144,1664,0,0,0,0,276,0,264,0,69,66,0,1,276,0|440,3892707278,14,0,0,17301504,0,17301504,0,53586,0,0,66,0,0,0,0,0,0,0,6986403,0,0,0,0,0
1785761434852|1018|stationary_30min_formal_r2f_0000_436207616|rotating|370,1378943233,527,37551823,37288598,37337289,37288598,37337289,37288598,35652,35584,35583,35583,0,0,2278,0,1098381193,1097288348,4096,4096,0,0,35584,35584,3260914071,3260914028,3260914079,3260914036,0,0,0,0,0,0,0,0,4096,256,131072,4,3|4,0,436207616,262144,1664,0,0,0,0,280,0,268,0,70,67,0,1,280,0|440,3307045498,14,17587360,0,0,0,0,0,18676114,0,67,0,1922751233,0,1922751233,0,2080,1912311733,0,15639183,0,0,0,0,0
1785761439852|1018|stationary_30min_formal_r2f_0000_436207616|fixed|372,1378943233,304,43736111,43430215,249850,0,249850,0,5306,0,2653,0,0,0,41443,41443,16949856,0,4096,0,0,0,2653,0,3593713213,0,3593713221,0,0,0,0,0,0,0,0,0,4096,256,131072,4,3|4,0,436207616,262144,1664,0,0,0,0,324,0,312,0,81,78,0,1,324,0|442,4212675028,14,0,0,20447232,0,20447232,0,62533,0,0,78,0,0,0,0,0,0,0,7011530,0,0,0,0,0
1785761439852|1018|stationary_30min_formal_r2f_0000_436207616|rotating|372,1378943233,527,43812157,43505693,43561836,43505693,43561836,43505693,41594,41515,41514,41514,0,0,2658,0,1281483757,1280210288,4096,4096,0,0,41515,41515,3580943442,3580943447,3580943450,3580943455,0,0,0,0,0,0,0,0,4096,256,131072,4,3|4,0,436207616,262144,1664,0,0,0,0,324,0,312,0,81,78,0,1,324,0|442,3627112750,14,20518368,0,0,0,0,0,21786763,0,78,0,2242085733,0,2242085733,0,2080,2230793295,0,17071047,0,0,0,0,0
1785761444860|1018|stationary_30min_formal_r2f_0000_436207616|fixed|374,1378943233,304,50010626,49660265,285636,0,285636,0,6066,0,3033,0,0,0,47387,47387,19377656,0,4096,0,0,0,3033,0,3914033880,0,3914033888,0,0,0,0,0,0,0,0,0,4096,256,131072,4,3|4,0,436207616,262144,1664,0,0,0,0,368,0,356,0,92,89,0,1,368,0|444,238391503,15,0,0,23330816,0,23330816,0,71480,0,0,89,0,0,0,0,0,0,0,7032475,0,0,0,0,0
1785761444860|1018|stationary_30min_formal_r2f_0000_436207616|rotating|374,1378943233,527,50076191,49725405,49790176,49725405,49790176,49725405,47540,47450,47449,47449,0,0,3037,0,1464658696,1463206820,4096,4096,0,0,47450,47450,3901123094,3901123083,3901123070,3901123091,0,0,0,0,0,0,0,0,4096,256,131072,4,3|4,0,436207616,262144,1664,0,0,0,0,368,0,356,0,92,89,0,1,368,0|444,3947139710,14,23449376,0,0,0,0,0,24897422,0,89,0,2561379941,0,2561379941,0,2080,2549234328,0,18503148,0,0,0,0,0
1785761449867|1018|stationary_30min_formal_r2f_0000_436207616|fixed|376,1378943233,304,56277723,55883393,321427,0,321427,0,6826,0,3413,0,0,0,53323,53323,21805472,0,4096,0,0,0,3413,0,4234354784,0,4234354792,0,0,0,0,0,0,0,0,0,4096,256,131072,4,3|4,0,436207616,262144,1664,0,0,0,0,412,0,400,0,103,100,0,1,412,0|446,558643024,15,0,0,26214400,0,26214400,0,80427,0,0,100,0,0,0,0,0,0,0,7052878,0,0,0,0,0
1785761449867|1018|stationary_30min_formal_r2f_0000_436207616|rotating|376,1378943233,527,56353488,55958658,56031591,55958658,56031591,55958658,53498,53396,53395,53395,0,0,3418,0,1648204536,1646574384,4096,4096,0,0,53396,53396,4221933941,4221933890,4221933893,4221933906,0,0,0,0,0,0,0,0,4096,256,131072,4,3|4,0,436207616,262144,1664,0,0,0,0,412,0,400,0,103,100,0,1,412,0|446,4268122955,14,26380384,0,0,0,0,0,28017809,0,100,0,2881630434,0,2881630434,0,2080,2868631377,0,19935518,0,0,0,0,0
1785761454875|1018|stationary_30min_formal_r2f_0000_436207616|fixed|378,1378943233,304,62553177,62115497,357307,0,357307,0,7588,0,3794,0,0,0,59268,59268,24239656,0,4096,0,0,0,3794,0,260567462,0,260567470,0,0,0,0,0,0,0,0,0,4096,256,131072,4,3|4,0,436207616,262144,1664,0,0,0,0,456,0,444,0,114,111,0,1,456,0|448,879160571,15,0,0,29097984,0,29097984,0,89398,0,0,111,0,0,0,0,0,0,0,7070756,0,0,0,0,0
1785761454875|1018|stationary_30min_formal_r2f_0000_436207616|rotating|378,1378943233,527,62633704,62195365,62275925,62195365,62275925,62195365,59459,59345,59344,59344,0,0,3799,0,1831837304,1830027464,4096,4096,0,0,59345,59345,247930865,247930894,247930873,247930870,0,0,0,0,0,0,0,0,4096,256,131072,4,3|4,0,436207616,262144,1664,0,0,0,0,456,0,444,0,114,111,0,1,456,0|448,294796912,15,29327200,0,0,0,0,0,31144502,0,111,0,3202534983,0,3202534983,0,2080,3188686353,0,21367411,0,0,0,0,0
1785761459883|1018|stationary_30min_formal_r2f_0000_436207616|fixed|380,1378943233,304,68821586,68340232,393095,0,393095,0,8348,0,4174,0,0,0,65205,65205,26667400,0,4096,0,0,0,4174,0,580887444,0,580887452,0,0,0,0,0,0,0,0,0,4096,256,131072,4,3|4,0,436207616,262144,1664,0,0,0,0,500,0,488,0,125,122,0,1,500,0|450,1199733816,15,0,0,31981568,0,31981568,0,98343,0,0,122,0,0,0,0,0,0,0,7093718,0,0,0,0,0
1785761459883|1018|stationary_30min_formal_r2f_0000_436207616|rotating|380,1378943233,527,68895901,68414223,68502434,68414223,68502434,68414223,65402,65277,65276,65276,0,0,4178,0,2014953280,2012962840,4096,4096,0,0,65277,65277,567990353,567990350,567990329,567990326,0,0,0,0,0,0,0,0,4096,256,131072,4,3|4,0,436207616,262144,1664,0,0,0,0,500,0,488,0,125,122,0,1,500,0|450,614150502,15,32243712,0,0,0,0,0,34248193,0,123,0,3521159445,0,3521159445,0,2080,3506386269,0,22863223,0,0,0,0,0
1785761464895|1018|stationary_30min_formal_r2f_0000_436207616|fixed|382,1378943233,304,75100478,74575158,428973,0,428973,0,9110,0,4555,0,0,0,71153,71154,29101624,0,4096,0,0,0,4555,0,902067994,0,902068002,0,0,0,0,0,0,0,0,0,4096,256,131072,4,3|4,0,436207616,262144,1664,0,0,0,0,548,0,536,0,137,134,0,1,548,0|452,1520478485,15,0,0,35127296,0,35127296,0,107314,0,0,134,0,0,0,0,0,0,0,7115994,0,0,0,0,0
1785761464895|1018|stationary_30min_formal_r2f_0000_436207616|rotating|382,1378943233,527,75180151,74654419,74750707,74654419,74750707,74654419,71367,71230,71229,71229,0,0,4560,0,2198710772,2196524160,4096,4096,0,0,71230,71230,889296749,889296754,889296757,889296738,0,0,0,0,0,0,0,0,4096,256,131072,4,3|4,0,436207616,262144,1664,0,0,0,0,548,0,536,0,137,134,0,1,548,0|452,936830723,15,35198432,0,0,0,0,0,37384636,0,134,0,3843100986,0,3843100986,0,2080,3827413385,0,24361634,0,0,0,0,0
1785761469898|1018|stationary_30min_formal_r2f_0000_436207616|fixed|384,1378943233,304,81362973,80792815,464761,0,464761,0,9870,0,4935,0,0,0,77087,77087,31529400,0,4096,0,0,0,4935,0,1221816563,0,1221816571,0,0,0,0,0,0,0,0,0,4096,256,131072,4,3|4,0,436207616,262144,1664,0,0,0,0,592,0,580,0,148,145,0,1,592,0|454,1840784244,15,0,0,38010880,0,38010880,0,116260,0,0,145,0,0,0,0,0,0,0,7137204,0,0,0,0,0
1785761469898|1018|stationary_30min_formal_r2f_0000_436207616|rotating|384,1378943233,527,81441158,80870514,80975926,80870514,80975926,80870514,77310,77162,77161,77161,0,0,4940,0,2381814915,2379449168,4096,4096,0,0,77162,77162,1209343729,1209343766,1209343737,1209343726,0,0,0,0,0,0,0,0,4096,256,131072,4,3|4,0,436207616,262144,1664,0,0,0,0,592,0,580,0,148,145,0,1,592,0|454,1257178503,15,38129440,0,0,0,0,0,40497875,0,145,0,4162716014,0,4162716014,0,2080,4146174467,0,25794506,0,0,0,0,0
1785761474913|1018|stationary_30min_formal_r2f_0000_436207616|fixed|386,1378943233,304,87640171,87024715,500644,0,500644,0,10632,0,5316,0,0,0,83032,83032,33963632,0,4096,0,0,0,5316,0,1542996858,0,1542996866,0,0,0,0,0,0,0,0,0,4096,256,131072,4,3|4,0,436207616,262144,1664,0,0,0,0,636,0,624,0,159,156,0,1,636,0|456,2162363997,15,0,0,40894464,0,40894464,0,125255,0,0,156,0,0,0,0,0,0,0,7160788,0,0,0,0,0
1785761474913|1018|stationary_30min_formal_r2f_0000_436207616|rotating|386,1378943233,527,87737127,87121152,87235918,87121152,87235918,87121152,83284,83125,83124,83124,0,0,5322,0,2565888577,2563343792,4096,4096,0,0,83125,83125,1531071152,1531071157,1531071160,1531071149,0,0,0,0,0,0,0,0,4096,256,131072,4,3|4,0,436207616,262144,1664,0,0,0,0,636,0,624,0,159,156,0,1,636,0|456,1577786086,15,41068352,0,0,0,0,0,43614570,0,156,0,187621573,1,187621573,1,2080,170228432,1,27226723,0,0,0,0,0
1785761479915|1018|stationary_30min_formal_r2f_0000_436207616|fixed|388,1378943233,304,93907507,93247881,536431,0,536431,0,11392,0,5696,0,0,0,88969,88969,36391416,0,4096,0,0,0,5696,0,1863317720,0,1863317728,0,0,0,0,0,0,0,0,0,4096,256,131072,4,3|4,0,436207616,262144,1664,0,0,0,0,680,0,668,0,170,167,0,1,680,0|458,2481925775,15,0,0,43778048,0,43778048,0,134178,0,0,167,0,0,0,0,0,0,0,7179608,0,0,0,0,0
1785761479915|1018|stationary_30min_formal_r2f_0000_436207616|rotating|388,1378943233,527,93976291,93316382,93439482,93316382,93439482,93316382,89205,89035,89035,89035,0,0,5700,0,2748334905,2745610364,4096,4096,0,0,89035,89035,1849958300,1849958657,1849958308,1849958665,0,0,0,0,0,0,0,0,4096,256,131072,4,3|4,0,436207616,262144,1664,0,0,0,0,680,0,668,0,170,167,0,1,680,0|458,1895928181,15,43975648,0,0,0,0,0,46706795,0,167,0,505036844,1,505036844,1,2080,486785248,1,28659013,0,0,0,0,0
1785761484924|1018|stationary_30min_formal_r2f_0000_436207616|fixed|390,1378943233,304,100180161,99477359,572220,0,572220,0,12152,0,6076,0,0,0,94911,94911,38819184,0,4096,0,0,0,6076,0,2183638373,0,2183638381,0,0,0,0,0,0,0,0,0,4096,256,131072,4,3|4,0,436207616,262144,1664,0,0,0,0,724,0,712,0,181,178,0,1,724,0|460,2802559142,15,0,0,46661632,0,46661632,0,143125,0,0,178,0,0,0,0,0,0,0,7205212,0,0,0,0,0
1785761484924|1018|stationary_30min_formal_r2f_0000_436207616|rotating|390,1378943233,527,100249351,99545925,99676759,99545925,99676759,99545925,95158,94978,94976,94976,0,0,6080,0,2931736449,2928834160,4096,4096,0,0,94977,94977,2170531948,2170531969,2170531956,2170531953,0,0,0,0,0,0,0,0,4096,256,131072,4,3|4,0,436207616,262144,1664,0,0,0,0,724,0,712,0,181,178,0,1,724,0|460,2216458190,15,46906656,0,0,0,0,0,49823196,0,178,0,824834101,1,824834101,1,2080,805729302,1,30091142,0,0,0,0,0
1785761489939|1018|stationary_30min_formal_r2f_0000_436207616|fixed|392,1378943233,304,106460778,105711704,608095,0,608095,0,12914,0,6457,0,0,0,100860,100860,41253368,0,4096,0,0,0,6457,0,2504818383,0,2504818391,0,0,0,0,0,0,0,0,0,4096,256,131072,4,3|5,0,436207616,262144,1664,0,0,0,0,772,0,760,0,193,190,0,1,772,0|462,3123501266,15,0,0,49807360,0,49807360,0,152095,0,0,190,0,0,0,0,0,0,0,7231817,0,0,0,0,0
1785761489939|1018|stationary_30min_formal_r2f_0000_436207616|rotating|392,1378943233,527,106541444,105791253,105932876,105791253,105932876,105791253,101130,100938,100936,100936,0,0,6462,0,3115705199,3112607336,4096,4096,0,0,100937,100937,2492207996,2492208025,2492208004,2492207993,0,0,0,0,0,0,0,0,4096,256,131072,4,3|4,0,436207616,262144,1664,0,0,0,0,772,0,760,0,193,190,0,1,772,0|462,2538773675,15,49854784,0,0,0,0,0,52954974,0,190,0,1146412554,1,1146412554,1,2080,1126323821,1,31653099,0,0,0,0,0
1785761494951|1018|stationary_30min_formal_r2f_0000_436207616|fixed|394,1378943233,304,112727157,111932859,643978,0,643978,0,13676,0,6838,0,0,0,106800,106800,43687552,0,4096,0,0,0,6838,0,2825425643,0,2825425651,0,0,0,0,0,0,0,0,0,4096,256,131072,4,3|4,0,436207616,262144,1664,0,0,0,0,816,0,804,0,204,201,0,1,816,0|464,3444380426,15,0,0,52690944,0,52690944,0,161065,0,0,201,0,0,0,0,0,0,0,7251417,0,0,0,0,0
1785761494951|1018|stationary_30min_formal_r2f_0000_436207616|rotating|394,1378943233,560,112798044,112003320,112153690,112003320,112153690,112003320,107072,106869,106868,106868,0,0,6842,0,3298803920,3295526552,4096,4096,0,0,106868,106868,2812227652,2812227993,2812227660,2812228001,0,0,0,0,0,0,0,0,4096,256,131072,4,3|4,0,436207616,262144,1664,0,0,0,0,816,0,804,0,204,201,0,1,816,0|464,2858342823,15,52777888,0,0,0,0,0,56058645,0,201,0,1465250926,1,1465250926,1,2080,1444307097,1,33085424,0,0,0,0,0
1785761499965|1018|stationary_30min_formal_r2f_0000_436207616|fixed|396,1378943233,304,119001379,118163112,679861,0,679861,0,14438,0,7219,0,0,0,112752,112752,46121792,0,4096,0,0,0,7219,0,3146606063,0,3146606071,0,0,0,0,0,0,0,0,0,4096,256,131072,4,3|4,0,436207616,262144,1664,0,0,0,0,860,0,848,0,215,212,0,1,860,0|466,3765382606,15,0,0,55574528,0,55574528,0,170036,0,0,212,0,0,0,0,0,0,0,7273518,0,0,0,0,0
1785761499965|1018|stationary_30min_formal_r2f_0000_436207616|rotating|396,1378943233,527,119070170,118231406,118389932,118231406,118389932,118231406,113033,112819,112817,112817,0,0,7223,0,3482439448,3478983129,4096,4096,0,0,112818,112818,3133214448,3133214437,3133214424,3133214445,0,0,0,0,0,0,0,0,4096,256,131072,4,3|4,0,436207616,262144,1664,0,0,0,0,860,0,848,0,215,212,0,1,860,0|466,3179265278,15,55716800,0,0,0,0,0,59174160,0,212,0,1785438653,1,1785438653,1,2080,1763643124,1,34517747,0,0,0,0,0
1785761504965|1018|stationary_30min_formal_r2f_0000_436207616|fixed|398,1378943233,304,125256670,124374345,715555,0,715555,0,15196,0,7598,0,0,0,118682,118682,48543168,0,4096,0,0,0,7598,0,3466067139,0,3466067147,0,0,0,0,0,0,0,0,0,4096,256,131072,4,3|4,0,436207616,262144,1664,0,0,0,0,904,0,892,0,226,223,0,1,904,0|468,4085268828,15,0,0,58458112,0,58458112,0,178959,0,0,223,0,0,0,0,0,0,0,7297119,0,0,0,0,0
1785761504965|1018|stationary_30min_formal_r2f_0000_436207616|rotating|398,1378943233,527,125323653,124440933,124607722,124440933,124607722,124440933,118973,118748,118746,118746,0,0,7602,0,3665456530,3661821373,4096,4096,0,0,118747,118747,3453107272,3453107269,3453107280,3453107277,0,0,0,0,0,0,0,0,4096,256,131072,4,3|4,0,436207616,262144,1664,0,0,0,0,904,0,892,0,226,223,0,1,904,0|468,3499185038,15,58647808,0,0,0,0,0,62281285,0,223,0,2104625661,1,2104625661,1,2080,2081976990,1,35949815,0,0,0,0,0
1785761509980|1018|stationary_30min_formal_r2f_0000_436207616|fixed|400,1378943233,304,131548515,130621378,751532,0,751532,0,15960,0,7980,0,0,0,124648,124648,50983728,0,4096,0,0,0,7980,0,3788106228,0,3788106236,0,0,0,0,0,0,0,0,0,4096,256,131072,4,3|4,0,436207616,262144,1664,0,0,0,0,948,0,936,0,237,234,0,1,948,0|470,112109113,16,0,0,61341696,0,61341696,0,187953,0,0,234,0,0,0,0,0,0,0,7321417,0,0,0,0,0
1785761509980|1018|stationary_30min_formal_r2f_0000_436207616|rotating|400,1378943233,527,131633059,130705516,130881062,130705516,130881062,130705516,124966,124730,124728,124728,0,0,7985,0,3850127331,3846313270,4096,4096,0,0,124729,124729,3775870638,3775870659,3775870646,3775870667,0,0,0,0,0,0,0,0,4096,256,131072,4,3|4,0,436207616,262144,1664,0,0,0,0,948,0,936,0,237,234,0,1,952,0|470,3823210060,15,61611744,0,0,0,0,0,65426422,0,235,0,2427909699,1,2427909699,1,2080,2404280583,1,37511677,0,0,0,0,0
1785761514980|1018|stationary_30min_formal_r2f_0000_436207616|fixed|402,1378943233,304,137793742,136821584,787219,0,787219,0,16718,0,8359,0,0,0,130569,130569,53405112,0,4096,0,0,0,8359,0,4107567557,0,4107567565,0,0,0,0,0,0,0,0,0,4096,256,131072,4,3|4,0,436207616,262144,1664,0,0,0,0,992,0,980,0,248,245,0,1,992,0|472,431134007,16,0,0,64225280,0,64225280,0,196875,0,0,245,0,0,0,0,0,0,0,7345985,0,0,0,0,0
1785761514980|1018|stationary_30min_formal_r2f_0000_436207616|rotating|402,1378943233,527,137853572,136880199,137065880,136880199,137065880,136880199,130876,130629,130626,130626,0,0,8364,0,4032172716,4028160680,4096,4096,0,0,130627,130627,4094202037,4094202066,4094202045,4094202042,0,0,0,0,0,0,0,0,4096,256,131072,4,3|4,0,436207616,262144,1664,0,0,0,0,996,0,984,0,249,246,0,1,996,0|472,4140249617,15,64511136,0,0,0,0,0,68505248,0,246,0,2744224408,1,2744224408,1,2080,2719735207,1,38943900,0,0,0,0,0
1785761519991|1018|stationary_30min_formal_r2f_0000_436207616|fixed|404,1378943233,304,144055537,143038603,823102,0,823102,0,17480,0,8740,0,0,0,136505,136505,55839328,0,4096,0,0,0,8740,0,133207917,0,133207933,0,0,0,0,0,0,0,0,0,4096,256,131072,4,3|4,0,436207616,262144,1664,0,0,0,0,1040,0,1028,0,260,257,0,1,1040,0|474,752716460,16,0,0,67371008,0,67371008,0,205869,0,0,257,0,0,0,0,0,0,0,7370116,0,0,0,0,0
1785761519991|1018|stationary_30min_formal_r2f_0000_436207616|rotating|404,1378943233,527,144182137,143164499,143358376,143164499,143358376,143164499,136886,136629,136625,136625,0,0,8747,0,4217356169,4213165340,4096,4096,0,0,136626,136626,122895210,122895215,122895218,122895231,0,0,0,0,0,0,0,0,4096,256,131072,4,3|4,0,436207616,262144,1664,0,0,0,0,1040,0,1028,0,260,257,0,1,1040,0|474,169130967,16,67473760,0,0,0,0,0,71651382,0,257,0,3067332398,1,3067332398,1,2080,3041996444,1,40376367,0,0,0,0,0
1785761524992|1018|stationary_30min_formal_r2f_0000_436207616|fixed|406,1378943233,304,150315376,149254221,858794,0,858794,0,18238,0,9119,0,0,0,142435,142435,58260752,0,4096,0,0,0,9119,0,452669172,0,452669180,0,0,0,0,0,0,0,0,0,4096,256,131072,4,3|4,0,436207616,262144,1664,0,0,0,0,1084,0,1072,0,271,268,0,1,1084,0|476,1072749216,16,0,0,70254592,0,70254592,0,214793,0,0,268,0,0,0,0,0,0,0,7392033,0,0,0,0,0
1785761524992|1018|stationary_30min_formal_r2f_0000_436207616|rotating|406,1378943233,527,150412771,149350970,149553408,149350970,149553408,149350970,142799,142531,142527,142527,0,0,9125,0,4294967295,4294967295,4096,4096,0,0,142528,142528,441337027,441337040,441337035,441337000,0,0,0,0,0,0,0,0,4096,256,131072,4,3|4,0,436207616,262144,1664,0,0,0,0,1084,0,1072,0,271,268,0,1,1084,0|476,487498252,16,70388960,0,0,0,0,0,74745910,0,268,0,3384970883,1,3384970883,1,2080,3358778245,1,41808583,0,0,0,0,0
1785761530003|1018|stationary_30min_formal_r2f_0000_436207616|fixed|408,1378943233,304,156588499,155483792,894678,0,894678,0,19000,0,9500,0,0,0,148379,148379,60694944,0,4096,0,0,0,9500,0,773849362,0,773849378,0,0,0,0,0,0,0,0,0,4096,256,131072,4,3|4,0,436207616,262144,1664,0,0,0,0,1128,0,1116,0,282,279,0,1,1128,0|478,1391955421,16,0,0,73138176,0,73138176,0,223716,0,0,279,0,0,0,0,0,0,0,7414951,0,0,0,0,0
1785761530003|1018|stationary_30min_formal_r2f_0000_436207616|rotating|408,1378943233,560,156641723,155536842,155746761,155536842,155746761,155536842,148712,148433,148430,148430,0,0,9503,0,4294967295,4294967295,4096,4096,0,0,148430,148430,759792388,759792721,759792396,759792729,0,0,0,0,0,0,0,0,4096,256,131072,4,3|4,0,436207616,262144,1664,0,0,0,0,1128,0,1116,0,282,279,0,1,1128,0|478,805898336,16,73296256,0,0,0,0,0,77840185,0,279,0,3702644143,1,3702644143,1,2080,3675593197,1,43240726,0,0,0,0,0
1785761535006|1018|stationary_30min_formal_r2f_0000_436207616|fixed|410,1378943233,304,162856764,161708397,930465,0,930465,0,19760,0,9880,0,0,0,154317,154317,63122752,0,4096,0,0,0,9880,0,1094170895,0,1094170903,0,0,0,0,0,0,0,0,0,4096,256,131072,4,3|4,0,436207616,262144,1664,0,0,0,0,1172,0,1160,0,293,290,0,1,1172,0|480,1713074503,16,0,0,76021760,0,76021760,0,232687,0,0,290,0,0,0,0,0,0,0,7438579,0,0,0,0,0
1785761535006|1018|stationary_30min_formal_r2f_0000_436207616|rotating|410,1378943233,527,162924543,161775746,161993699,161775746,161993699,161775746,154675,154385,154381,154381,0,0,9884,0,4294967295,4294967295,4096,4096,0,0,154382,154382,1080889887,1080889884,1080889895,1080889892,0,0,0,0,0,0,0,0,4096,256,131072,4,3|4,0,436207616,262144,1664,0,0,0,0,1172,0,1160,0,293,290,0,1,1172,0|480,1127703257,16,76243072,0,0,0,0,0,80968573,0,290,0,4023712360,1,4023712360,1,2075,3995810765,1,44673695,0,0,0,0,0
1785761540006|1018|stationary_30min_formal_r2f_0000_436207616|fixed|412,1378943233,304,169150595,167958225,966438,0,966438,0,20524,0,10262,0,0,0,160279,160279,65563264,0,4096,0,0,0,10262,0,1416211388,0,1416211396,0,0,0,0,0,0,0,0,0,4096,256,131072,4,3|4,0,436207616,262144,1664,0,0,0,0,1216,0,1204,0,304,301,0,1,1216,0|482,2036365222,16,0,0,78905344,0,78905344,0,241703,0,0,301,0,0,0,0,0,0,0,7461331,0,0,0,0,0
1785761540006|1018|stationary_30min_formal_r2f_0000_436207616|rotating|412,1378943233,527,169270757,168077030,168303659,168077030,168303659,168077030,160698,160396,160393,160393,0,0,10269,0,4294967295,4294967295,4096,4096,0,0,160394,160394,1405360441,1405360454,1405360449,1405360462,0,0,0,0,0,0,0,0,4096,256,131072,4,3|4,0,436207616,262144,1664,0,0,0,0,1220,0,1208,0,305,302,0,1,1220,0|482,1452081280,16,79207008,0,0,0,0,0,84120591,0,302,0,52382103,2,52382103,2,2080,23498812,2,46236808,0,0,0,0,0
1785761545016|1018|stationary_30min_formal_r2f_0000_436207616|fixed|414,1378943233,304,175405135,174167061,1002226,0,1002226,0,21284,0,10642,0,0,0,166207,166207,67991112,0,4096,0,0,0,10642,0,1735833553,0,1735833561,0,0,0,0,0,0,0,0,0,4096,256,131072,4,3|4,0,436207616,262144,1664,0,0,0,0,1264,0,1252,0,316,313,0,1,1264,0|484,2354755896,16,0,0,82051072,0,82051072,0,250627,0,0,313,0,0,0,0,0,0,0,7483421,0,0,0,0,0
1785761545016|1018|stationary_30min_formal_r2f_0000_436207616|rotating|414,1378943233,560,175474111,174235638,174471509,174235638,174471509,174235638,166589,166276,166273,166273,0,0,10646,0,4294967295,4294967295,4096,4096,0,0,166273,166273,1722600992,1722601341,1722601000,1722601349,0,0,0,0,0,0,0,0,4096,256,131072,4,3|4,0,436207616,262144,1664,0,0,0,0,1264,0,1252,0,316,313,0,1,1264,0|484,1768682391,16,82106400,0,0,0,0,0,87195703,0,313,0,368258366,2,368258366,2,2080,338514842,2,47669179,0,0,0,0,0
1785761550016|1018|stationary_30min_formal_r2f_0000_436207616|fixed|416,1378943233,304,181640379,180358265,1037824,0,1037824,0,22040,0,11020,0,0,0,172117,172117,70406104,0,4096,0,0,0,11020,0,2054561234,0,2054561242,0,0,0,0,0,0,0,0,0,4096,256,131072,4,3|4,0,436207616,262144,1664,0,0,0,0,1308,0,1296,0,327,324,0,1,1308,0|486,2673490356,16,0,0,84934656,0,84934656,0,259526,0,0,324,0,0,0,0,0,0,0,7501379,0,0,0,0,0
1785761550016|1018|stationary_30min_formal_r2f_0000_436207616|rotating|416,1378943233,560,181714414,180431866,180676191,180431866,180676191,180431866,172515,172191,172188,172188,0,0,11024,0,4294967295,4294967295,4096,4096,0,0,172188,172188,2041740164,2041740481,2041740172,2041740489,0,0,0,0,0,0,0,0,4096,256,131072,4,3|4,0,436207616,262144,1664,0,0,0,0,1308,0,1296,0,327,324,0,1,1308,0|486,2087948822,16,85029504,0,0,0,0,0,90297264,0,324,0,686794021,2,686794021,2,2080,656195338,2,49101567,0,0,0,0,0
1785761555040|1018|stationary_30min_formal_r2f_0000_436207616|fixed|418,1378943233,304,187930647,186604481,1073802,0,1073802,0,22804,0,11402,0,0,0,178077,178077,72846728,0,4096,0,0,0,11402,0,2376601081,0,2376601089,0,0,0,0,0,0,0,0,0,4096,256,131072,4,3|4,0,436207616,262144,1664,0,0,0,0,1352,0,1340,0,338,335,0,1,1352,0|488,2995137555,16,0,0,87818240,0,87818240,0,268521,0,0,335,0,0,0,0,0,0,0,7524565,0,0,0,0,0
1785761555040|1018|stationary_30min_formal_r2f_0000_436207616|rotating|418,1378943233,560,188006169,186679580,186931990,186679580,186931990,186679580,178487,178152,178149,178149,0,0,11406,0,4294967295,4294967295,4096,4096,0,0,178149,178149,2363350314,2363350671,2363350322,2363350679,0,0,0,0,0,0,0,0,4096,256,131072,4,3|4,0,436207616,262144,1664,0,0,0,0,1352,0,1340,0,338,335,0,1,1352,0|488,2409543622,16,87968416,0,0,0,0,0,93422908,0,335,0,1007654093,2,1007654093,2,2080,976203790,2,50533810,0,0,0,0,0
1785761560043|1018|stationary_30min_formal_r2f_0000_436207616|fixed|420,1378943233,304,194199955,192829187,1109589,0,1109589,0,23564,0,11782,0,0,0,184016,184016,75274512,0,4096,0,0,0,11782,0,2696921287,0,2696921295,0,0,0,0,0,0,0,0,0,4096,256,131072,4,3|4,0,436207616,262144,1664,0,0,0,0,1396,0,1384,0,349,346,0,1,1396,0|490,3315343184,16,0,0,90701824,0,90701824,0,277444,0,0,346,0,0,0,0,0,0,0,7544080,0,0,0,0,0
1785761560043|1018|stationary_30min_formal_r2f_0000_436207616|rotating|420,1378943233,527,194262956,192891842,193153084,192891842,193153084,192891842,184425,184079,184075,184075,0,0,11785,0,4294967295,4294967295,4096,4096,0,0,184076,184076,2683121869,2683121866,2683121877,2683121874,0,0,0,0,0,0,0,0,4096,256,131072,4,3|4,0,436207616,262144,1664,0,0,0,0,1396,0,1384,0,349,346,0,1,1396,0|490,2728921264,16,90891520,0,0,0,0,0,96527579,0,346,0,1326300959,2,1326300959,2,2080,1293996245,2,51965450,0,0,0,0,0
1785761565044|1018|stationary_30min_formal_r2f_0000_436207616|fixed|422,1378943233,304,200459432,199043870,1145284,0,1145284,0,24322,0,12161,0,0,0,189945,189945,77695896,0,4096,0,0,0,12161,0,3016381377,0,3016381385,0,0,0,0,0,0,0,0,0,4096,256,131072,4,3|4,0,436207616,262144,1664,0,0,0,0,1440,0,1428,0,360,357,0,1,1440,0|492,3635425345,16,0,0,93585408,0,93585408,0,286391,0,0,357,0,0,0,0,0,0,0,7567719,0,0,0,0,0
1785761565044|1018|stationary_30min_formal_r2f_0000_436207616|rotating|422,1378943233,538,200535380,199119366,199389630,199119366,199389630,199119366,190377,190020,190017,190017,0,0,12166,0,4294967295,4294967295,4096,4096,0,0,190017,190017,3003667987,3003668320,3003667995,3003668328,0,0,0,0,0,0,0,0,4096,256,131072,4,3|4,0,436207616,262144,1664,0,0,0,0,1440,0,1428,0,360,357,0,1,1440,0|492,3049856538,16,93830432,0,0,0,0,0,99647175,0,357,0,1646501505,2,1646501505,2,2080,1613346320,2,53396544,0,0,0,0,0
1785761570068|1018|stationary_30min_formal_r2f_0000_436207616|fixed|424,1378943233,304,206752447,205290960,1181253,0,1181253,0,25086,0,12543,0,0,0,195905,195905,80136464,0,4096,0,0,0,12543,0,3338421344,0,3338421352,0,0,0,0,0,0,0,0,0,4096,256,131072,4,3|5,0,436207616,262144,1664,0,0,0,0,1488,0,1476,0,372,369,0,1,1488,0|494,3956833669,16,0,0,96731136,0,96731136,0,295384,0,0,369,0,0,0,0,0,0,0,7587737,0,0,0,0,0
1785761570068|1018|stationary_30min_formal_r2f_0000_436207616|rotating|424,1378943233,527,206823202,205360721,205641476,205360721,205641476,205360721,196344,195975,195972,195972,0,0,12548,0,4294967295,4294967295,4096,4096,0,0,195972,195972,3325081440,3325081773,3325081448,3325081781,0,0,0,0,0,0,0,0,4096,256,131072,4,3|4,0,436207616,262144,1664,0,0,0,0,1488,0,1476,0,372,369,0,1,1488,0|494,3370975778,16,96770656,0,0,0,0,0,102767766,0,369,0,1966885689,2,1966885689,2,2080,1932744184,2,54959190,0,0,0,0,0
1785761575076|1018|stationary_30min_formal_r2f_0000_436207616|fixed|426,1378943233,304,213021955,211515328,1217042,0,1217042,0,25846,0,12923,0,0,0,201843,201843,82564256,0,4096,0,0,0,12923,0,3658168244,0,3658168252,0,0,0,0,0,0,0,0,0,4096,256,131072,4,3|4,0,436207616,262144,1664,0,0,0,0,1532,0,1520,0,383,380,0,1,1532,0|496,4277509900,16,0,0,99614720,0,99614720,0,304354,0,0,380,0,0,0,0,0,0,0,7610490,0,0,0,0,0
1785761575076|1018|stationary_30min_formal_r2f_0000_436207616|rotating|426,1378943233,527,213112649,211605252,211895042,211605252,211895042,211605252,202313,201933,201929,201929,0,0,12929,0,4294967295,4294967295,4096,4096,0,0,201930,201930,3646517341,3646517330,3646517349,3646517338,0,0,0,0,0,0,0,0,4096,256,131072,4,3|4,0,436207616,262144,1664,0,0,0,0,1532,0,1520,0,383,380,0,1,1532,0|496,3693359538,16,99717472,0,0,0,0,0,105901512,0,380,0,2288532745,2,2288532745,2,2080,2253542315,2,56390435,0,0,0,0,0
1785761580083|1018|stationary_30min_formal_r2f_0000_436207616|fixed|428,1378943233,304,219294646,217743855,1252924,0,1252924,0,26608,0,13304,0,0,0,207786,207786,84998488,0,4096,0,0,0,13304,0,3979348497,0,3979348505,0,0,0,0,0,0,0,0,0,4096,256,131072,4,3|4,0,436207616,262144,1664,0,0,0,0,1576,0,1564,0,394,391,0,1,1576,0|498,303840293,17,0,0,102498304,0,102498304,0,313325,0,0,391,0,0,0,0,0,0,0,7629595,0,0,0,0,0
1785761580083|1018|stationary_30min_formal_r2f_0000_436207616|rotating|428,1378943233,527,219396200,217844819,218142709,217844819,218142709,217844819,208277,207888,207882,207882,0,0,13310,0,4294967295,4294967295,4096,4096,0,0,207883,207883,3967701197,3967701194,3967701205,3967701210,0,0,0,0,0,0,0,0,4096,256,131072,4,3|4,0,436207616,262144,1664,0,0,0,0,1576,0,1564,0,394,391,0,1,1576,0|498,4014541033,16,102656384,0,0,0,0,0,109023245,0,391,0,2608979512,2,2608979512,2,2080,2573137566,2,57822574,0,0,0,0,0
1785761585095|1018|stationary_30min_formal_r2f_0000_436207616|fixed|430,1378943233,304,225568287,223973614,1288713,0,1288713,0,27368,0,13684,0,0,0,213731,213731,87426264,0,4096,0,0,0,13684,0,4701755,0,4701763,0,0,0,0,0,0,0,0,0,4096,256,131072,4,3|4,0,436207616,262144,1664,0,0,0,0,1620,0,1608,0,405,402,0,1,1620,0|500,623645807,17,0,0,105381888,0,105381888,0,322248,0,0,402,0,0,0,0,0,0,0,7649631,0,0,0,0,0
1785761585095|1018|stationary_30min_formal_r2f_0000_436207616|rotating|430,1378943233,527,225634476,224039406,224345387,224039406,224345387,224039406,214200,213801,213794,213794,0,0,13688,0,4294967295,4294967295,4096,4096,0,0,213795,213795,4286665113,4286665134,4286665121,4286665126,0,0,0,0,0,0,0,0,4096,256,131072,4,3|4,0,436207616,262144,1664,0,0,0,0,1620,0,1608,0,405,402,0,1,1620,0|500,37786667,17,105571584,0,0,0,0,0,112115439,0,402,0,2926463642,2,2926463642,2,2080,2889765211,2,59254591,0,0,0,0,0
1785761590101|1018|stationary_30min_formal_r2f_0000_436207616|fixed|432,1378943233,304,231834537,230195162,1324501,0,1324501,0,28128,0,14064,0,0,0,219667,219667,89854064,0,4096,0,0,0,14064,0,325021961,0,325021969,0,0,0,0,0,0,0,0,0,4096,256,131072,4,3|4,0,436207616,262144,1664,0,0,0,0,1664,0,1652,0,416,413,0,1,1664,0|502,944150846,17,0,0,108265472,0,108265472,0,331195,0,0,413,0,0,0,0,0,0,0,7668606,0,0,0,0,0
1785761590101|1018|stationary_30min_formal_r2f_0000_436207616|rotating|432,1378943233,527,231909181,230269368,230584211,230269368,230584211,230269368,220155,219745,219738,219738,0,0,14069,0,4294967295,4294967295,4096,4096,0,0,219739,219739,312386486,312386531,312386494,312386507,0,0,0,0,0,0,0,0,4096,256,131072,4,3|4,0,436207616,262144,1664,0,0,0,0,1664,0,1652,0,416,413,0,1,1664,0|502,358504471,17,108502592,0,0,0,0,0,115232816,0,413,0,3246448694,2,3246448694,2,2080,3208897516,2,60686264,0,0,0,0,0
1785761595104|1018|stationary_30min_formal_r2f_0000_436207616|fixed|434,1378943233,304,238098726,236415876,1360284,0,1360284,0,28888,0,14444,0,0,0,225602,225602,92281816,0,4096,0,0,0,14444,0,645342178,0,645342186,0,0,0,0,0,0,0,0,0,4096,256,131072,4,3|4,0,436207616,262144,1664,0,0,0,0,1708,0,1696,0,427,424,0,1,1708,0|504,1264306208,17,0,0,111149056,0,111149056,0,340141,0,0,424,0,0,0,0,0,0,0,7687572,0,0,0,0,0
1785761595104|1018|stationary_30min_formal_r2f_0000_436207616|rotating|434,1378943233,527,238173945,236490718,236813190,236490718,236813190,236490718,226101,225680,225673,225673,0,0,14449,0,4294967295,4294967295,4096,4096,0,0,225674,225674,632606223,632606220,632606191,632606228,0,0,0,0,0,0,0,0,4096,256,131072,4,3|4,0,436207616,262144,1664,0,0,0,0,1712,0,1700,0,428,425,0,1,1712,0|504,678806315,17,111434912,0,0,0,0,0,118344914,0,425,0,3566017458,2,3566017458,2,2080,3527479120,2,62248053,0,0,0,0,0
1785761600107|1018|stationary_30min_formal_r2f_0000_436207616|fixed|436,1378943233,304,244365050,242637090,1396166,0,1396166,0,29650,0,14825,0,0,0,231537,231537,94716048,0,4096,0,0,0,14825,0,965949642,0,965949650,0,0,0,0,0,0,0,0,0,4096,256,131072,4,3|4,0,436207616,262144,1664,0,0,0,0,1756,0,1744,0,439,436,0,1,1756,0|506,1584590752,17,0,0,114294784,0,114294784,0,349112,0,0,436,0,0,0,0,0,0,0,7712793,0,0,0,0,0
1785761600107|1018|stationary_30min_formal_r2f_0000_436207616|rotating|436,1378943233,527,244448263,242719829,243051626,242719829,243051626,242719829,232056,231623,231616,231616,0,0,14830,0,4294967295,4294967295,4096,4096,0,0,231617,231617,953383049,953383046,953383057,953383054,0,0,0,0,0,0,0,0,4096,256,131072,4,3|4,0,436207616,262144,1664,0,0,0,0,1756,0,1744,0,439,436,0,1,1756,0|506,1000049832,17,114373824,0,0,0,0,0,121467740,0,436,0,3886526247,2,3886526247,2,2080,3847136111,2,63680474,0,0,0,0,0
1785761605111|1018|stationary_30min_formal_r2f_0000_436207616|fixed|438,1378943233,304,250632059,248859382,1431952,0,1431952,0,30410,0,15205,0,0,0,237473,237473,97143848,0,4096,0,0,0,15205,0,1286270325,0,1286270333,0,0,0,0,0,0,0,0,0,4096,256,131072,4,3|4,0,436207616,262144,1664,0,0,0,0,1800,0,1788,0,450,447,0,1,1800,0|508,1904799735,17,0,0,117178368,0,117178368,0,358059,0,0,447,0,0,0,0,0,0,0,7737814,0,0,0,0,0
1785761605111|1018|stationary_30min_formal_r2f_0000_436207616|rotating|438,1378943233,527,250708842,248935893,249276511,248935893,249276511,248935893,237997,237553,237546,237546,0,0,15209,0,4294967295,4294967295,4096,4096,0,0,237547,237547,1273330944,1273330941,1273330952,1273330949,0,0,0,0,0,0,0,0,4096,256,131072,4,3|4,0,436207616,262144,1664,0,0,0,0,1800,0,1788,0,450,447,0,1,1800,0|508,1320231348,17,117304832,0,0,0,0,0,124580099,0,447,0,4205975011,2,4205975011,2,2080,4165731688,2,65112587,0,0,0,0,0
1785761610122|1018|stationary_30min_formal_r2f_0000_436207616|fixed|440,1378943233,304,256904730,255087336,1467743,0,1467743,0,31170,0,15585,0,0,0,243415,243415,99571664,0,4096,0,0,0,15585,0,1606591112,0,1606591120,0,0,0,0,0,0,0,0,0,4096,256,131072,4,3|4,0,436207616,262144,1664,0,0,0,0,1844,0,1832,0,461,458,0,1,1844,0|510,2225653589,17,0,0,120061952,0,120061952,0,367006,0,0,458,0,0,0,0,0,0,0,7759037,0,0,0,0,0
1785761610122|1018|stationary_30min_formal_r2f_0000_436207616|rotating|440,1378943233,527,256978754,255160895,255510634,255160895,255510634,255160895,243947,243492,243485,243485,0,0,15589,0,4294967295,4294967295,4096,4096,0,0,243486,243486,1593737514,1593737519,1593737522,1593737535,0,0,0,0,0,0,0,0,4096,256,131072,4,3|4,0,436207616,262144,1664,0,0,0,0,1844,0,1832,0,461,458,0,1,1844,0|510,1639680942,17,120227936,0,0,0,0,0,127685721,0,458,0,229726533,3,229726533,3,2080,188628192,3,66544834,0,0,0,0,0
1785761615135|1018|stationary_30min_formal_r2f_0000_436207616|fixed|442,1378943233,304,263182438,261320936,1503623,0,1503623,0,31932,0,15966,0,0,0,249364,249364,102005848,0,4096,0,0,0,15966,0,1927771268,0,1927771276,0,0,0,0,0,0,0,0,0,4096,256,131072,4,3|4,0,436207616,262144,1664,0,0,0,0,1888,0,1876,0,472,469,0,1,1888,0|512,2546685926,17,0,0,122945536,0,122945536,0,375977,0,0,469,0,0,0,0,0,0,0,7785108,0,0,0,0,0
1785761615135|1018|stationary_30min_formal_r2f_0000_436207616|rotating|442,1378943233,527,263274617,261412683,261770522,261412683,261770522,261412683,249924,249458,249452,249452,0,0,15971,0,4294967295,4294967295,4096,4096,0,0,249452,249452,1915649575,1915649908,1915649583,1915649916,0,0,0,0,0,0,0,0,4096,256,131072,4,3|4,0,436207616,262144,1664,0,0,0,0,1888,0,1876,0,472,469,0,1,1888,0|512,1962435280,17,123174752,0,0,0,0,0,130821587,0,469,0,551744167,3,551744167,3,2080,509796079,3,67976901,0,0,0,0,0
1785761620137|1018|stationary_30min_formal_r2f_0000_436207616|fixed|444,1378943233,304,269443150,267536293,1539317,0,1539317,0,32690,0,16345,0,0,0,255295,255295,104427216,0,4096,0,0,0,16345,0,2247232607,0,2247232615,0,0,0,0,0,0,0,0,0,4096,256,131072,4,3|4,0,436207616,262144,1664,0,0,0,0,1932,0,1920,0,483,480,0,1,1932,0|514,2867422997,17,0,0,125829120,0,125829120,0,384928,0,0,480,0,0,0,0,0,0,0,7805904,0,0,0,0,0
1785761620137|1018|stationary_30min_formal_r2f_0000_436207616|rotating|444,1378943233,527,269538035,267630635,267998158,267630635,267998158,267630635,255869,255393,255385,255385,0,0,16351,0,4294967295,4294967295,4096,4096,0,0,255386,255386,2235784081,2235784094,2235784089,2235784070,0,0,0,0,0,0,0,0,4096,256,131072,4,3|4,0,436207616,262144,1664,0,0,0,0,1936,0,1924,0,484,481,0,1,1936,0|514,2282703261,17,126107072,0,0,0,0,0,133933136,0,481,0,871279068,3,871279068,3,2080,828343027,3,69539483,0,0,0,0,0
1785761625148|1018|stationary_30min_formal_r2f_0000_436207616|fixed|446,1378943233,304,275718057,273767340,1575194,0,1575194,0,33452,0,16726,0,0,0,261239,261239,106861416,0,4096,0,0,0,16726,0,2568411954,0,2568411962,0,0,0,0,0,0,0,0,0,4096,256,131072,4,3|4,0,436207616,262144,1664,0,0,0,0,1980,0,1968,0,495,492,0,1,1980,0|516,3187363091,17,0,0,128974848,0,128974848,0,393893,0,0,492,0,0,0,0,0,0,0,7827834,0,0,0,0,0
1785761625148|1018|stationary_30min_formal_r2f_0000_436207616|rotating|446,1378943233,527,275792150,273840260,274216484,273840260,274216484,273840260,261805,261317,261309,261309,0,0,16731,0,4294967295,4294967295,4096,4096,0,0,261310,261310,2555531339,2555531344,2555531347,2555531352,0,0,0,0,0,0,0,0,4096,256,131072,4,3|4,0,436207616,262144,1664,0,0,0,0,1980,0,1968,0,495,492,0,1,1980,0|516,2602295094,17,129030176,0,0,0,0,0,137039976,0,492,0,1190140125,3,1190140125,3,2080,1146350042,3,70970754,0,0,0,0,0
1785761630160|1018|stationary_30min_formal_r2f_0000_436207616|fixed|448,1378943233,304,281992972,279996427,1611077,0,1611077,0,34214,0,17107,0,0,0,267183,267183,109295592,0,4096,0,0,0,17107,0,2889019914,0,2889019922,0,0,0,0,0,0,0,0,0,4096,256,131072,4,3|4,0,436207616,262144,1664,0,0,0,0,2024,0,2012,0,506,503,0,1,2024,0|518,3508147691,17,0,0,131858432,0,131858432,0,402839,0,0,503,0,0,0,0,0,0,0,7852306,0,0,0,0,0
1785761630160|1018|stationary_30min_formal_r2f_0000_436207616|rotating|448,1378943233,527,282069304,280072194,280457756,280072194,280457756,280072194,267762,267264,267255,267255,0,0,17112,0,4294967295,4294967295,4096,4096,0,0,267256,267256,2876335744,2876335749,2876335728,2876335725,0,0,0,0,0,0,0,0,4096,256,131072,4,3|4,0,436207616,262144,1664,0,0,0,0,2024,0,2012,0,506,503,0,1,2024,0|518,2923201214,17,131969088,0,0,0,0,0,140159200,0,503,0,1510311517,3,1510311517,3,2080,1465669313,3,72403498,0,0,0,0,0
1785761635168|1018|stationary_30min_formal_r2f_0000_436207616|fixed|450,1378943233,304,288265276,286223222,1646865,0,1646865,0,34974,0,17487,0,0,0,273124,273124,111723440,0,4096,0,0,0,17487,0,3209339785,0,3209339793,0,0,0,0,0,0,0,0,0,4096,256,131072,4,3|4,0,436207616,262144,1664,0,0,0,0,2068,0,2056,0,517,514,0,1,2068,0|520,3828947950,17,0,0,134742016,0,134742016,0,411810,0,0,514,0,0,0,0,0,0,0,7873714,0,0,0,0,0
1785761635168|1018|stationary_30min_formal_r2f_0000_436207616|rotating|450,1378943233,527,288359283,286316664,286711851,286316664,286711851,286316664,273730,273221,273213,273213,0,0,17493,0,4294967295,4294967295,4096,4096,0,0,273213,273213,3197755563,3197755888,3197755571,3197755896,0,0,0,0,0,0,0,0,4096,256,131072,4,3|4,0,436207616,262144,1664,0,0,0,0,2068,0,2056,0,517,514,0,1,2068,0|520,3243967303,17,134900096,0,0,0,0,0,143277420,0,514,0,1830344854,3,1830344854,3,2080,1784850264,3,73834810,0,0,0,0,0
1785761640168|1018|stationary_30min_formal_r2f_0000_436207616|fixed|452,1378943233,304,294528935,292441669,1682654,0,1682654,0,35734,0,17867,0,0,0,279057,279057,114151208,0,4096,0,0,0,17867,0,3529660045,0,3529660053,0,0,0,0,0,0,0,0,0,4096,256,131072,4,3|4,0,436207616,262144,1664,0,0,0,0,2112,0,2100,0,528,525,0,1,2112,0|522,4148584603,17,0,0,137625600,0,137625600,0,420733,0,0,525,0,0,0,0,0,0,0,7894144,0,0,0,0,0
1785761640168|1018|stationary_30min_formal_r2f_0000_436207616|rotating|452,1378943233,560,294608018,292520281,292924893,292520281,292924893,292520281,279661,279141,279133,279133,0,0,17872,0,4294967295,4294967295,4096,4096,0,0,279133,279133,3517162658,3517162975,3517162666,3517162983,0,0,0,0,0,0,0,0,4096,256,131072,4,3|4,0,436207616,262144,1664,0,0,0,0,2112,0,2100,0,528,525,0,1,2112,0|522,3563886782,17,137831104,0,0,0,0,0,146386479,0,525,0,2149531581,3,2149531581,3,2080,2103184194,3,75266533,0,0,0,0,0
1785761645182|1018|stationary_30min_formal_r2f_0000_436207616|fixed|454,1378943233,304,300807205,298675891,1718536,0,1718536,0,36496,0,18248,0,0,0,285007,285007,116585376,0,4096,0,0,0,18248,0,3850839864,0,3850839872,0,0,0,0,0,0,0,0,0,4096,256,131072,4,3|4,0,436207616,262144,1664,0,0,0,0,2156,0,2144,0,539,536,0,1,2156,0|524,174700094,18,0,0,140509184,0,140509184,0,429704,0,0,536,0,0,0,0,0,0,0,7916926,0,0,0,0,0
1785761645182|1018|stationary_30min_formal_r2f_0000_436207616|rotating|454,1378943233,527,300873226,298741544,299154318,298741544,299154318,298741544,285609,285078,285069,285069,0,0,18252,0,4294967295,4294967295,4096,4096,0,0,285070,285070,3837473798,3837473811,3837473806,3837473819,0,0,0,0,0,0,0,0,4096,256,131072,4,3|4,0,436207616,262144,1664,0,0,0,0,2156,0,2144,0,539,536,0,1,2156,0|524,3883269291,17,140754208,0,0,0,0,0,149490239,0,536,0,2468183314,3,2468183314,3,2080,2420981416,3,76698273,0,0,0,0,0
1785761650192|1018|stationary_30min_formal_r2f_0000_436207616|fixed|456,1378943233,304,307076852,304900815,1754317,0,1754317,0,37256,0,18628,0,0,0,290946,290946,119013160,0,4096,0,0,0,18628,0,4171160800,0,4171160808,0,0,0,0,0,0,0,0,0,4096,256,131072,4,3|5,0,436207616,262144,1664,0,0,0,0,2204,0,2192,0,551,548,0,1,2204,0|526,495919852,18,0,0,143654912,0,143654912,0,438697,0,0,548,0,0,0,0,0,0,0,7937195,0,0,0,0,0
1785761650192|1018|stationary_30min_formal_r2f_0000_436207616|rotating|456,1378943233,560,307170008,304992723,305415124,304992723,305415124,304992723,291586,291044,291035,291035,0,0,18634,0,4294967295,4294967295,4096,4096,0,0,291035,291035,4159433720,4159434085,4159433736,4159434093,0,0,0,0,0,0,0,0,4096,256,131072,4,3|4,0,436207616,262144,1664,0,0,0,0,2204,0,2192,0,551,548,0,1,2204,0|526,4205521389,17,143702336,0,0,0,0,0,152620993,0,548,0,2789698380,3,2789698380,3,2080,2741511794,3,78260984,0,0,0,0,0
1785761655192|1018|stationary_30min_formal_r2f_0000_436207616|fixed|458,1378943233,304,313339052,311117690,1790200,0,1790200,0,38018,0,19009,0,0,0,296878,296878,121447352,0,4096,0,0,0,19009,0,196800450,0,196800458,0,0,0,0,0,0,0,0,0,4096,256,131072,4,3|4,0,436207616,262144,1664,0,0,0,0,2248,0,2236,0,562,559,0,1,2248,0|528,815297438,18,0,0,146538496,0,146538496,0,447620,0,0,559,0,0,0,0,0,0,0,7962663,0,0,0,0,0
1785761655192|1018|stationary_30min_formal_r2f_0000_436207616|rotating|458,1378943233,527,313407107,311185324,311616531,311185324,311616531,311185324,297506,296953,296943,296943,0,0,19013,0,4294967295,4294967295,4096,4096,0,0,296944,296944,183256197,183256202,183256205,183256210,0,0,0,0,0,0,0,0,4096,256,131072,4,3|4,0,436207616,262144,1664,0,0,0,0,2248,0,2236,0,562,559,0,1,2248,0|528,229361705,18,146617536,0,0,0,0,0,155719740,0,559,0,3107777192,3,3107777192,3,2080,3058734421,3,79692701,0,0,0,0,0
1785761660203|1018|stationary_30min_formal_r2f_0000_436207616|fixed|460,1378943233,304,319605168,317339657,1825987,0,1825987,0,38778,0,19389,0,0,0,302819,302819,123875184,0,4096,0,0,0,19389,0,517120113,0,517120121,0,0,0,0,0,0,0,0,0,4096,256,131072,4,3|4,0,436207616,262144,1664,0,0,0,0,2292,0,2280,0,573,570,0,1,2292,0|530,1135992286,18,0,0,149422080,0,149422080,0,456568,0,0,570,0,0,0,0,0,0,0,7987072,0,0,0,0,0
1785761660203|1018|stationary_30min_formal_r2f_0000_436207616|rotating|460,1378943233,527,319680658,317414644,317854291,317414644,317854291,317414644,303465,302901,302891,302891,0,0,19393,0,4294967295,4294967295,4096,4096,0,0,302892,302892,504162597,504162578,504162605,504162586,0,0,0,0,0,0,0,0,4096,256,131072,4,3|4,0,436207616,262144,1664,0,0,0,0,2292,0,2280,0,573,570,0,1,2292,0|530,550306327,18,149556448,0,0,0,0,0,158837052,0,570,0,3427987086,3,3427987086,3,2080,3378093840,3,81123799,0,0,0,0,0
1785761665212|1018|stationary_30min_formal_r2f_0000_436207616|fixed|462,1378943233,304,325879389,323569832,1861776,0,1861776,0,39538,0,19769,0,0,0,308765,308765,126302968,0,4096,0,0,0,19769,0,837441045,0,837441053,0,0,0,0,0,0,0,0,0,4096,256,131072,4,3|4,0,436207616,262144,1664,0,0,0,0,2336,0,2324,0,584,581,0,1,2336,0|532,1456545401,18,0,0,152305664,0,152305664,0,465514,0,0,581,0,0,0,0,0,0,0,8011761,0,0,0,0,0
1785761665212|1018|stationary_30min_formal_r2f_0000_436207616|rotating|462,1378943233,560,325949493,323639562,324087246,323639562,324087246,323639562,309416,308842,308832,308832,0,0,19774,0,4294967295,4294967295,4096,4096,0,0,308832,308832,824675434,824675751,824675442,824675767,0,0,0,0,0,0,0,0,4096,256,131072,4,3|4,0,436207616,262144,1664,0,0,0,0,2336,0,2324,0,584,581,0,1,2336,0|532,870322960,18,152479552,0,0,0,0,0,161946388,0,581,0,3747272943,3,3747272943,3,2080,3696524538,3,82556187,0,0,0,0,0
1785761670221|1018|stationary_30min_formal_r2f_0000_436207616|fixed|464,1378943233,304,332149330,329795535,1897659,0,1897659,0,40300,0,20150,0,0,0,314707,314707,128737160,0,4096,0,0,0,20150,0,1158621557,0,1158621565,0,0,0,0,0,0,0,0,0,4096,256,131072,4,3|4,0,436207616,262144,1664,0,0,0,0,2380,0,2368,0,595,592,0,1,2380,0|534,1777381186,18,0,0,155189248,0,155189248,0,474485,0,0,592,0,0,0,0,0,0,0,8034898,0,0,0,0,0
1785761670221|1018|stationary_30min_formal_r2f_0000_436207616|rotating|464,1378943233,560,332218753,329864743,330320718,329864743,330320718,329864743,315368,314784,314773,314773,0,0,20154,0,4294967295,4294967295,4096,4096,0,0,314773,314773,1145211359,1145211716,1145211367,1145211724,0,0,0,0,0,0,0,0,4096,256,131072,4,3|4,0,436207616,262144,1664,0,0,0,0,2380,0,2368,0,595,592,0,1,2380,0|534,1191275940,18,155418464,0,0,0,0,0,165065259,0,592,0,4067491195,3,4067491195,3,2080,4015890991,3,83988609,0,0,0,0,0
1785761675242|1018|stationary_30min_formal_r2f_0000_436207616|fixed|466,1378943233,304,338433153,336034223,1933535,0,1933535,0,41062,0,20531,0,0,0,320659,320659,131171304,0,4096,0,0,0,20531,0,1479801561,0,1479801569,0,0,0,0,0,0,0,0,0,4096,256,131072,4,3|4,0,436207616,262144,1664,0,0,0,0,2424,0,2412,0,606,603,0,1,2424,0|536,2098533625,18,0,0,158072832,0,158072832,0,483454,0,0,603,0,0,0,0,0,0,0,8057090,0,0,0,0,0
1785761675242|1018|stationary_30min_formal_r2f_0000_436207616|rotating|466,1378943233,527,338507008,336106938,336573000,336106938,336573000,336106938,321337,320741,320729,320729,0,0,20536,0,4294967295,4294967295,4096,4096,0,0,320730,320730,1466721813,1466721802,1466721821,1466721810,0,0,0,0,0,0,0,0,4096,256,131072,4,3|4,0,436207616,262144,1664,0,0,0,0,2428,0,2416,0,607,604,0,1,2428,0|536,1512715886,18,158358688,0,0,0,0,0,168188171,0,604,0,93228789,4,93228789,4,2080,40642926,4,85550594,0,0,0,0,0
1785761680254|1018|stationary_30min_formal_r2f_0000_436207616|fixed|468,1378943233,304,344707606,342263533,1969418,0,1969418,0,41824,0,20912,0,0,0,326603,326603,133605520,0,4096,0,0,0,20912,0,1800408756,0,1800408772,0,0,0,0,0,0,0,0,0,4096,256,131072,4,3|4,0,436207616,262144,1664,0,0,0,0,2472,0,2460,0,618,615,0,1,2472,0|538,2419274151,18,0,0,161218560,0,161218560,0,492425,0,0,615,0,0,0,0,0,0,0,8081748,0,0,0,0,0
1785761680254|1018|stationary_30min_formal_r2f_0000_436207616|rotating|468,1378943233,527,344784060,342339701,342814265,342339701,342814265,342339701,327294,326687,326675,326675,0,0,20916,0,4294967295,4294967295,4096,4096,0,0,326676,326676,1787519005,1787518986,1787518989,1787518994,0,0,0,0,0,0,0,0,4096,256,131072,4,3|4,0,436207616,262144,1664,0,0,0,0,2472,0,2460,0,618,615,0,1,2472,0|538,1833315267,18,161289696,0,0,0,0,0,171304798,0,615,0,413095418,4,413095418,4,2080,359656285,4,86982790,0,0,0,0,0
1785761685260|1018|stationary_30min_formal_r2f_0000_436207616|fixed|470,1378943233,304,350980168,348492444,2005204,0,2005204,0,42584,0,21292,0,0,0,332544,332544,136033336,0,4096,0,0,0,21292,0,2120729699,0,2120729707,0,0,0,0,0,0,0,0,0,4096,256,131072,4,3|4,0,436207616,262144,1664,0,0,0,0,2516,0,2504,0,629,626,0,1,2516,0|540,2739746819,18,0,0,164102144,0,164102144,0,501372,0,0,626,0,0,0,0,0,0,0,8100409,0,0,0,0,0
1785761685260|1018|stationary_30min_formal_r2f_0000_436207616|rotating|470,1378943233,527,351048655,348560635,349043071,348560635,349043071,348560635,333239,332621,332609,332609,0,0,21296,0,4294967295,4294967295,4096,4096,0,0,332610,332610,2107683402,2107683399,2107683410,2107683407,0,0,0,0,0,0,0,0,4096,256,131072,4,3|4,0,436207616,262144,1664,0,0,0,0,2516,0,2504,0,629,626,0,1,2516,0|540,2153736212,18,164220704,0,0,0,0,0,174419693,0,626,0,732783611,4,732783611,4,2080,678491064,4,88415130,0,0,0,0,0
1785761690265|1018|stationary_30min_formal_r2f_0000_436207616|fixed|472,1378943233,304,357243086,354712198,2040994,0,2040994,0,43344,0,21672,0,0,0,338478,338478,138461136,0,4096,0,0,0,21672,0,2441049934,0,2441049950,0,0,0,0,0,0,0,0,0,4096,256,131072,4,3|4,0,436207616,262144,1664,0,0,0,0,2560,0,2548,0,640,637,0,1,2560,0|542,3059932407,18,0,0,166985728,0,166985728,0,510319,0,0,637,0,0,0,0,0,0,0,8125457,0,0,0,0,0
1785761690265|1018|stationary_30min_formal_r2f_0000_436207616|rotating|472,1378943233,527,357334372,354802962,355292907,354802962,355292907,354802962,339205,338576,338565,338565,0,0,21677,0,4294967295,4294967295,4096,4096,0,0,338566,338566,2429001456,2429001469,2429001464,2429001445,0,0,0,0,0,0,0,0,4096,256,131072,4,3|4,0,436207616,262144,1664,0,0,0,0,2560,0,2548,0,640,637,0,1,2560,0|542,2475647081,18,167167520,0,0,0,0,0,177548648,0,637,0,1053957776,4,1053957776,4,2080,998815853,4,89846826,0,0,0,0,0
1785761695276|1018|stationary_30min_formal_r2f_0000_436207616|fixed|474,1378943233,304,363536642,360960742,2076971,0,2076971,0,44108,0,22054,0,0,0,344440,344440,140901704,0,4096,0,0,0,22054,0,2763089298,0,2763089306,0,0,0,0,0,0,0,0,0,4096,256,131072,4,3|4,0,436207616,262144,1664,0,0,0,0,2604,0,2592,0,651,648,0,1,2604,0|544,3381942670,18,0,0,169869312,0,169869312,0,519313,0,0,648,0,0,0,0,0,0,0,8150225,0,0,0,0,0
1785761695276|1018|stationary_30min_formal_r2f_0000_436207616|rotating|474,1378943233,560,363615399,361039179,361538052,361039179,361538052,361039179,345166,344526,344515,344515,0,0,22058,0,4294967295,4294967295,4096,4096,0,0,344515,344515,2750001732,2750002049,2750001740,2750002065,0,0,0,0,0,0,0,0,4096,256,131072,4,3|4,0,436207616,262144,1664,0,0,0,0,2604,0,2592,0,651,648,0,1,2604,0|544,2797211712,18,170114336,0,0,0,0,0,180674251,0,648,0,1374785703,4,1374785703,4,2080,1318794372,4,91278554,0,0,0,0,0
1785761700285|1018|stationary_30min_formal_r2f_0000_436207616|fixed|476,1378943233,304,369789487,367169774,2112662,0,2112662,0,44866,0,22433,0,0,0,350365,350365,143323064,0,4096,0,0,0,22433,0,3082550034,0,3082550042,0,0,0,0,0,0,0,0,0,4096,256,131072,4,3|4,0,436207616,262144,1664,0,0,0,0,2648,0,2636,0,662,659,0,1,2648,0|546,3701164558,18,0,0,172752896,0,172752896,0,528235,0,0,659,0,0,0,0,0,0,0,8173866,0,0,0,0,0
1785761700285|1018|stationary_30min_formal_r2f_0000_436207616|rotating|476,1378943233,527,369857237,367237091,367744202,367237091,367744202,367237091,351092,350441,350429,350429,0,0,22437,0,4294967295,4294967295,4096,4096,0,0,350430,350430,3069115239,3069115252,3069115191,3069115204,0,0,0,0,0,0,0,0,4096,256,131072,4,3|4,0,436207616,262144,1664,0,0,0,0,2652,0,2640,0,663,660,0,1,2652,0|546,3115423261,18,173022944,0,0,0,0,0,183765269,0,660,0,1692270100,4,1692270100,4,2080,1635286592,4,92840269,0,0,0,0,0
1785761705299|1018|stationary_30min_formal_r2f_0000_436207616|fixed|478,1378943233,304,376069555,373405476,2148542,0,2148542,0,45628,0,22814,0,0,0,356314,356314,145757304,0,4096,0,0,0,22814,0,3403031275,0,3403031283,0,0,0,0,0,0,0,0,0,4096,256,131072,4,3|4,0,436207616,262144,1664,0,0,0,0,2696,0,2684,0,674,671,0,1,2696,0|548,4022503248,18,0,0,175898624,0,175898624,0,537229,0,0,671,0,0,0,0,0,0,0,8194536,0,0,0,0,0
1785761705299|1018|stationary_30min_formal_r2f_0000_436207616|rotating|478,1378943233,560,376138110,373473627,373989192,373473627,373989192,373473627,357053,356390,356379,356379,0,0,22818,0,4294967295,4294967295,4096,4096,0,0,356379,356379,3390230816,3390231173,3390230824,3390231181,0,0,0,0,0,0,0,0,4096,256,131072,4,3|4,0,436207616,262144,1664,0,0,0,0,2696,0,2684,0,674,671,0,1,2696,0|548,3436357873,18,175961856,0,0,0,0,0,186885130,0,671,0,2012469984,4,2012469984,4,2080,1954634957,4,94272411,0,0,0,0,0
1785761710314|1018|stationary_30min_formal_r2f_0000_436207616|fixed|480,1378943233,304,382349570,379641058,2184422,0,2184422,0,46390,0,23195,0,0,0,362263,362263,148191488,0,4096,0,0,0,23195,0,3724337359,0,3724337367,0,0,0,0,0,0,0,0,0,4096,256,131072,4,3|4,0,436207616,262144,1664,0,0,0,0,2740,0,2728,0,685,682,0,1,2740,0|550,48191500,19,0,0,178782208,0,178782208,0,546176,0,0,682,0,0,0,0,0,0,0,8218330,0,0,0,0,0
1785761710314|1018|stationary_30min_formal_r2f_0000_436207616|rotating|480,1378943233,527,382435027,379726009,380250131,379726009,380250131,379726009,363029,362355,362344,362344,0,0,23200,0,4294967295,4294967295,4096,4096,0,0,362344,362344,3712055807,3712056140,3712055815,3712056148,0,0,0,0,0,0,0,0,4096,256,131072,4,3|4,0,436207616,262144,1664,0,0,0,0,2740,0,2728,0,685,682,0,1,2740,0|550,3758359714,18,178908672,0,0,0,0,0,190015182,0,682,0,2333735121,4,2333735121,4,2080,2275050247,4,95704578,0,0,0,0,0
1785761715315|1018|stationary_30min_formal_r2f_0000_436207616|fixed|482,1378943233,304,388609199,385856456,2220213,0,2220213,0,47150,0,23575,0,0,0,368192,368192,150619304,0,4096,0,0,0,23575,0,4044657150,0,4044657158,0,0,0,0,0,0,0,0,0,4096,256,131072,4,3|4,0,436207616,262144,1664,0,0,0,0,2784,0,2772,0,696,693,0,1,2784,0|552,369117647,19,0,0,181665792,0,181665792,0,555147,0,0,693,0,0,0,0,0,0,0,8238036,0,0,0,0,0
1785761715315|1018|stationary_30min_formal_r2f_0000_436207616|rotating|482,1378943233,527,388700353,385947263,386479670,385947263,386479670,385947263,368976,368291,368279,368279,0,0,23580,0,4294967295,4294967295,4096,4096,0,0,368280,368280,4032288614,4032288651,4032288622,4032288659,0,0,0,0,0,0,0,0,4096,256,131072,4,3|4,0,436207616,262144,1664,0,0,0,0,2784,0,2772,0,696,693,0,1,2784,0|552,4078138851,18,181831776,0,0,0,0,0,193123588,0,693,0,2652783482,4,2652783482,4,2080,2593244592,4,97135823,0,0,0,0,0
1785761720330|1018|stationary_30min_formal_r2f_0000_436207616|fixed|484,1378943233,304,394920620,392123057,2256188,0,2256188,0,47914,0,23957,0,0,0,374170,374170,153059872,0,4096,0,0,0,23957,0,71728547,0,71728555,0,0,0,0,0,0,0,0,0,4096,256,131072,4,3|4,0,436207616,262144,1664,0,0,0,0,2828,0,2816,0,707,704,0,1,2828,0|554,691024467,19,0,0,184549376,0,184549376,0,564118,0,0,704,0,0,0,0,0,0,0,8258983,0,0,0,0,0
1785761720330|1018|stationary_30min_formal_r2f_0000_436207616|rotating|484,1378943233,527,395007951,392209826,392751292,392209826,392751292,392209826,374960,374264,374253,374253,0,0,23962,0,4294967295,4294967295,4096,4096,0,0,374253,374253,59608308,59608657,59608316,59608665,0,0,0,0,0,0,0,0,4096,256,131072,4,3|4,0,436207616,262144,1664,0,0,0,0,2828,0,2816,0,707,704,0,1,2828,0|554,105260494,19,184778592,0,0,0,0,0,196254993,0,704,0,2974135717,4,2974135717,4,2080,2913748080,4,98566890,0,0,0,0,0
1785761725342|1018|stationary_30min_formal_r2f_0000_436207616|fixed|486,1378943233,304,401170113,398327580,2291881,0,2291881,0,48672,0,24336,0,0,0,380090,380090,155481232,0,4096,0,0,0,24336,0,391189921,0,391189929,0,0,0,0,0,0,0,0,0,4096,256,131072,4,3|4,0,436207616,262144,1664,0,0,0,0,2872,0,2860,0,718,715,0,1,2872,0|556,1010026521,19,0,0,187432960,0,187432960,0,573039,0,0,715,0,0,0,0,0,0,0,8280192,0,0,0,0,0
1785761725342|1018|stationary_30min_formal_r2f_0000_436207616|rotating|486,1378943233,560,401242741,398399884,398950488,398399884,398950488,398399884,380877,380170,380159,380159,0,0,24340,0,4294967295,4294967295,4096,4096,0,0,380159,380159,378263977,378264310,378263985,378264318,0,0,0,0,0,0,0,0,4096,256,131072,4,3|4,0,436207616,262144,1664,0,0,0,0,2872,0,2860,0,718,715,0,1,2876,0|556,424963861,19,187703008,0,0,0,0,0,199361200,0,716,0,3293107980,4,3293107980,4,2080,3231730636,4,100129529,0,0,0,0,0
1785761730352|1018|stationary_30min_formal_r2f_0000_436207616|fixed|488,1378943233,304,407439809,404553329,2327664,0,2327664,0,49432,0,24716,0,0,0,386031,386031,157909056,0,4096,0,0,0,24716,0,711510685,0,711510693,0,0,0,0,0,0,0,0,0,4096,256,131072,4,3|4,0,436207616,262144,1664,0,0,0,0,2920,0,2908,0,730,727,0,1,2920,0|558,1330770279,19,0,0,190578688,0,190578688,0,582010,0,0,727,0,0,0,0,0,0,0,8305578,0,0,0,0,0
1785761730352|1018|stationary_30min_formal_r2f_0000_436207616|rotating|488,1378943233,549,407511667,404624073,405183531,404624073,405183531,404624073,386829,386110,386099,386099,0,0,24721,0,4294967295,4294967295,4096,4096,0,0,386100,386099,698889472,698871484,698889448,698871492,0,0,0,0,0,0,0,0,4096,256,131072,4,3|4,0,436207616,262144,1664,0,0,0,0,2920,0,2908,0,730,727,0,1,2920,0|558,745066566,19,190634016,0,0,0,0,0,202471977,0,727,0,3612477933,4,3612477933,4,2080,3550247577,4,101561467,0,0,0,0,0
1785761735355|1018|stationary_30min_formal_r2f_0000_436207616|fixed|490,1378943233,304,413701537,410772017,2363547,0,2363547,0,50194,0,25097,0,0,0,391962,391962,160343232,0,4096,0,0,0,25097,0,1032118269,0,1032118277,0,0,0,0,0,0,0,0,0,4096,256,131072,4,3|4,0,436207616,262144,1664,0,0,0,0,2964,0,2952,0,741,738,0,1,2964,0|560,1650876074,19,0,0,193462272,0,193462272,0,590957,0,0,738,0,0,0,0,0,0,0,8326641,0,0,0,0,0
1785761735355|1018|stationary_30min_formal_r2f_0000_436207616|rotating|490,1378943233,527,413777705,410847697,411413782,410847697,411413782,410847697,392776,392046,392035,392035,0,0,25101,0,4294967295,4294967295,4096,4096,0,0,392035,392035,1019138726,1019139067,1019138734,1019139075,0,0,0,0,0,0,0,0,4096,256,131072,4,3|4,0,436207616,262144,1664,0,0,0,0,2964,0,2952,0,741,738,0,1,2964,0|560,1065268725,19,193565024,0,0,0,0,0,205584793,0,738,0,3931947340,4,3931947340,4,2080,3868863241,4,102994136,0,0,0,0,0
1785761740370|1018|stationary_30min_formal_r2f_0000_436207616|fixed|492,1378943233,304,419984933,417011801,2399430,0,2399430,0,50956,0,25478,0,0,0,397915,397915,162777464,0,4096,0,0,0,25478,0,1353297955,0,1353297963,0,0,0,0,0,0,0,0,0,4096,256,131072,4,3|4,0,436207616,262144,1664,0,0,0,0,3008,0,2996,0,752,749,0,1,3008,0|562,1971998977,19,0,0,196345856,0,196345856,0,599928,0,0,749,0,0,0,0,0,0,0,8349694,0,0,0,0,0
1785761740370|1018|stationary_30min_formal_r2f_0000_436207616|rotating|492,1378943233,560,420053326,417079677,417653519,417079677,417653519,417079677,398732,397991,397980,397980,0,0,25482,0,4294967295,4294967295,4096,4096,0,0,397980,397980,1339888734,1339889067,1339888742,1339889075,0,0,0,0,0,0,0,0,4096,256,131072,4,3|4,0,436207616,262144,1664,0,0,0,0,3008,0,2996,0,752,749,0,1,3008,0|562,1386039287,19,196496032,0,0,0,0,0,208702969,0,749,0,4251985150,4,4251985150,4,2080,4188048382,4,104425731,0,0,0,0,0
1785761745385|1018|stationary_30min_formal_r2f_0000_436207616|fixed|494,1378943233,304,426265893,423247879,2435311,0,2435311,0,51718,0,25859,0,0,0,403864,403864,165211648,0,4096,0,0,0,25859,0,1674478441,0,1674478449,0,0,0,0,0,0,0,0,0,4096,256,131072,4,3|4,0,436207616,262144,1664,0,0,0,0,3052,0,3040,0,763,760,0,1,3052,0|564,2292811956,19,0,0,199229440,0,199229440,0,608875,0,0,760,0,0,0,0,0,0,0,8371911,0,0,0,0,0
1785761745385|1018|stationary_30min_formal_r2f_0000_436207616|rotating|494,1378943233,560,426344478,423326258,423908788,423326258,423908788,423326258,404702,403950,403939,403939,0,0,25863,0,4294967295,4294967295,4096,4096,0,0,403939,403939,1661391578,1661391911,1661391586,1661391919,0,0,0,0,0,0,0,0,4096,256,131072,4,3|4,0,436207616,262144,1664,0,0,0,0,3052,0,3040,0,763,760,0,1,3052,0|564,1708152928,19,199442848,0,0,0,0,0,211834460,0,760,0,278394791,5,278394791,5,2080,213607970,5,105858104,0,0,0,0,0
1785761750400|1018|stationary_30min_formal_r2f_0000_436207616|fixed|496,1378943233,304,432541190,429479333,2471099,0,2471099,0,52478,0,26239,0,0,0,409811,409811,167639400,0,4096,0,0,0,26239,0,1994798845,0,1994798853,0,0,0,0,0,0,0,0,0,4096,256,131072,4,3|4,0,436207616,262144,1664,0,0,0,0,3096,0,3084,0,774,771,0,1,3096,0|566,2613786027,19,0,0,202113024,0,202113024,0,617844,0,0,771,0,0,0,0,0,0,0,8392183,0,0,0,0,0
1785761750400|1018|stationary_30min_formal_r2f_0000_436207616|rotating|496,1378943233,527,432613940,429551622,430142469,429551622,430142469,429551622,410655,409892,409880,409880,0,0,26243,0,4294967295,4294967295,4096,4096,0,0,409881,409881,1981960449,1981960486,1981960457,1981960470,0,0,0,0,0,0,0,0,4096,256,131072,4,3|4,0,436207616,262144,1664,0,0,0,0,3096,0,3084,0,774,771,0,1,3096,0|566,2028334599,19,202373856,0,0,0,0,0,214945348,0,771,0,597843710,5,597843710,5,2048,532203955,5,107289964,0,0,0,0,0
1785761755403|1018|stationary_30min_formal_r2f_0000_436207616|fixed|498,1378943233,304,438801717,435696651,2506881,0,2506881,0,53238,0,26619,0,0,0,415750,415750,170067200,0,4096,0,0,0,26619,0,2315119594,0,2315119602,0,0,0,0,0,0,0,0,0,4096,256,131072,4,3|5,0,436207616,262144,1664,0,0,0,0,3144,0,3132,0,786,783,0,1,3144,0|568,2934004562,19,0,0,205258752,0,205258752,0,626815,0,0,783,0,0,0,0,0,0,0,8416379,0,0,0,0,0
1785761755403|1018|stationary_30min_formal_r2f_0000_436207616|rotating|498,1378943233,527,438886426,435780146,436378978,435780146,436378978,435780146,416617,415842,415830,415830,0,0,26625,0,4294967295,4294967295,4096,4096,0,0,415831,415831,2303102977,2303102958,2303102985,2303102966,0,0,0,0,0,0,0,0,4096,256,131072,4,3|4,0,436207616,262144,1664,0,0,0,0,3144,0,3132,0,786,783,0,1,3144,0|568,2348899509,19,205306176,0,0,0,0,0,218056036,0,783,0,917675540,5,917675540,5,2080,851048119,5,108852259,0,0,0,0,0
1785761760408|1018|stationary_30min_formal_r2f_0000_436207616|fixed|500,1378943233,304,445055836,441905819,2542764,0,2542764,0,54000,0,27000,0,0,0,421680,421680,172501384,0,4096,0,0,0,27000,0,2635726408,0,2635726416,0,0,0,0,0,0,0,0,0,4096,256,131072,4,3|4,0,436207616,262144,1664,0,0,0,0,3188,0,3176,0,797,794,0,1,3188,0|570,3254210222,19,0,0,208142336,0,208142336,0,635761,0,0,794,0,0,0,0,0,0,0,8439633,0,0,0,0,0
1785761760408|1018|stationary_30min_formal_r2f_0000_436207616|rotating|500,1378943233,527,445129230,441978867,442586090,441978867,442586090,441978867,422548,421762,421750,421750,0,0,27004,0,4294967295,4294967295,4096,4096,0,0,421751,421751,2622504460,2622504465,2622504476,2622504473,0,0,0,0,0,0,0,0,4096,256,131072,4,3|4,0,436207616,262144,1664,0,0,0,0,3188,0,3176,0,797,794,0,1,3188,0|570,2668591377,19,208229280,0,0,0,0,0,221160456,0,794,0,1236636632,5,1236636632,5,2080,1169154650,5,110284049,0,0,0,0,0
1785761765415|1018|stationary_30min_formal_r2f_0000_436207616|fixed|502,1378943233,304,451323414,448128622,2578552,0,2578552,0,54760,0,27380,0,0,0,427623,427623,174929224,0,4096,0,0,0,27380,0,2956046281,0,2956046289,0,0,0,0,0,0,0,0,0,4096,256,131072,4,3|4,0,436207616,262144,1664,0,0,0,0,3232,0,3220,0,808,805,0,1,3232,0|572,3574751081,19,0,0,211025920,0,211025920,0,644709,0,0,805,0,0,0,0,0,0,0,8456394,0,0,0,0,0
1785761765415|1018|stationary_30min_formal_r2f_0000_436207616|rotating|502,1378943233,560,451400475,448205268,448821451,448205268,448821451,448205268,428504,427707,427696,427696,0,0,27385,0,4294967295,4294967295,4096,4096,0,0,427696,427696,2943282032,2943282365,2943282040,2943282373,0,0,0,0,0,0,0,0,4096,256,131072,4,3|4,0,436207616,262144,1664,0,0,0,0,3232,0,3220,0,808,805,0,1,3232,0|572,2989908142,19,211168192,0,0,0,0,0,224280961,0,805,0,1557218669,5,1557218669,5,2080,1488886006,5,111715353,0,0,0,0,0
1785761770430|1018|stationary_30min_formal_r2f_0000_436207616|fixed|504,1378943233,304,457599644,454361113,2614436,0,2614436,0,55522,0,27761,0,0,0,433573,433573,177363392,0,4096,0,0,0,27761,0,3277225848,0,3277225856,0,0,0,0,0,0,0,0,0,4096,256,131072,4,3|4,0,436207616,262144,1664,0,0,0,0,3276,0,3264,0,819,816,0,1,3276,0|574,3895659923,19,0,0,213909504,0,213909504,0,653655,0,0,816,0,0,0,0,0,0,0,8477536,0,0,0,0,0
1785761770430|1018|stationary_30min_formal_r2f_0000_436207616|rotating|504,1378943233,560,457663959,454425108,455049147,454425108,455049147,454425108,434455,433646,433635,433635,0,0,27765,0,4294967295,4294967295,4096,4096,0,0,433635,433635,3263709556,3263709865,3263709564,3263709881,0,0,0,0,0,0,0,0,4096,256,131072,4,3|4,0,436207616,262144,1664,0,0,0,0,3276,0,3264,0,819,816,0,1,3276,0|574,3309765124,19,214099200,0,0,0,0,0,227387342,0,816,0,1876342899,5,1876342899,5,2080,1807157701,5,113146814,0,0,0,0,0
1785761775435|1018|stationary_30min_formal_r2f_0000_436207616|fixed|506,1378943233,304,463850350,460567735,2650224,0,2650224,0,56282,0,28141,0,0,0,439506,439506,179791176,0,4096,0,0,0,28141,0,3597546759,0,3597546767,0,0,0,0,0,0,0,0,0,4096,256,131072,4,3|4,0,436207616,262144,1664,0,0,0,0,3320,0,3308,0,830,827,0,1,3320,0|576,4216359947,19,0,0,216793088,0,216793088,0,662626,0,0,827,0,0,0,0,0,0,0,8496980,0,0,0,0,0
1785761775435|1018|stationary_30min_formal_r2f_0000_436207616|rotating|506,1378943233,527,463926738,460643750,461276140,460643750,461276140,460643750,440410,439591,439579,439579,0,0,28145,0,4294967295,4294967295,4096,4096,0,0,439579,439579,3584406601,3584406942,3584406609,3584406950,0,0,0,0,0,0,0,0,4096,256,131072,4,3|4,0,436207616,262144,1664,0,0,0,0,3320,0,3308,0,830,827,0,1,3320,0|576,3631278304,19,217038112,0,0,0,0,0,230506670,0,827,0,2197121351,5,2197121351,5,2054,2127084406,5,114579184,0,0,0,0,0
1785761780437|1018|stationary_30min_formal_r2f_0000_436207616|fixed|508,1378943233,304,470106229,466781739,2685912,0,2685912,0,57040,0,28520,0,0,0,445441,445441,182212552,0,4096,0,0,0,28520,0,3917007621,0,3917007629,0,0,0,0,0,0,0,0,0,4096,256,131072,4,3|4,0,436207616,262144,1664,0,0,0,0,3364,0,3352,0,841,838,0,1,3364,0|578,241238132,20,0,0,219676672,0,219676672,0,671548,0,0,838,0,0,0,0,0,0,0,8522891,0,0,0,0,0
1785761780437|1018|stationary_30min_formal_r2f_0000_436207616|rotating|508,1378943233,527,470178297,466852603,467491819,466852603,467491819,466852603,446353,445522,445509,445509,0,0,28526,0,4294967295,4294967295,4096,4096,0,0,445510,445510,3904523701,3904523674,3904523709,3904523682,0,0,0,0,0,0,0,0,4096,256,131072,4,3|4,0,436207616,262144,1664,0,0,0,0,3368,0,3356,0,842,839,0,1,3368,0|578,3950707024,19,219962528,0,0,0,0,0,233606119,0,839,0,2515818967,5,2515818967,5,2080,2444792971,5,116141167,0,0,0,0,0
1785761785446|1018|stationary_30min_formal_r2f_0000_436207616|fixed|510,1378943233,304,476367942,472997865,2721794,0,2721794,0,57802,0,28901,0,0,0,451380,451380,184646784,0,4096,0,0,0,28901,0,4237614518,0,4237614526,0,0,0,0,0,0,0,0,0,4096,256,131072,4,3|4,0,436207616,262144,1664,0,0,0,0,3412,0,3400,0,853,850,0,1,3412,0|580,561832032,20,0,0,222822400,0,222822400,0,680519,0,0,850,0,0,0,0,0,0,0,8545387,0,0,0,0,0
1785761785446|1018|stationary_30min_formal_r2f_0000_436207616|rotating|510,1378943233,527,476442763,473072228,473720498,473072228,473720498,473072228,452305,451463,451450,451450,0,0,28906,0,4294967295,4294967295,4096,4096,0,0,451451,451451,4225061312,4225061301,4225061272,4225061277,0,0,0,0,0,0,0,0,4096,256,131072,4,3|4,0,436207616,262144,1664,0,0,0,0,3412,0,3400,0,853,850,0,1,3412,0|580,4271248199,19,222893536,0,0,0,0,0,236718148,0,850,0,2835627390,5,2835627390,5,2080,2763748500,5,117572987,0,0,0,0,0
1785761790447|1018|stationary_30min_formal_r2f_0000_436207616|fixed|512,1378943233,304,482624748,479211619,2757580,0,2757580,0,58562,0,29281,0,0,0,457313,457313,187074584,0,4096,0,0,0,29281,0,262967203,0,262967211,0,0,0,0,0,0,0,0,0,4096,256,131072,4,3|4,0,436207616,262144,1664,0,0,0,0,3456,0,3444,0,864,861,0,1,3456,0|582,881920002,20,0,0,225705984,0,225705984,0,689466,0,0,861,0,0,0,0,0,0,0,8564458,0,0,0,0,0
1785761790447|1018|stationary_30min_formal_r2f_0000_436207616|rotating|512,1378943233,560,482699647,479286082,479941593,479286082,479941593,479286082,458250,457396,457384,457384,0,0,29286,0,4294967295,4294967295,4096,4096,0,0,457384,457384,250203242,250203583,250203250,250203591,0,0,0,0,0,0,0,0,4096,256,131072,4,3|4,0,436207616,262144,1664,0,0,0,0,3456,0,3444,0,864,861,0,1,3456,0|582,296262265,20,225824544,0,0,0,0,0,239825750,0,861,0,3154876000,5,3154876000,5,2080,3082144641,5,119004382,0,0,0,0,0
1785761795457|1018|stationary_30min_formal_r2f_0000_436207616|fixed|514,1378943233,304,488896075,485438660,2793464,0,2793464,0,59324,0,29662,0,0,0,463259,463259,189508776,0,4096,0,0,0,29662,0,584147051,0,584147067,0,0,0,0,0,0,0,0,0,4096,256,131072,4,3|4,0,436207616,262144,1664,0,0,0,0,3500,0,3488,0,875,872,0,1,3500,0|584,1202638905,20,0,0,228589568,0,228589568,0,698437,0,0,872,0,0,0,0,0,0,0,8584281,0,0,0,0,0
1785761795457|1018|stationary_30min_formal_r2f_0000_436207616|rotating|514,1378943233,560,488958224,485500520,486164476,485500520,486164476,485500520,464195,463330,463318,463318,0,0,29665,0,4294967295,4294967295,4096,4096,0,0,463318,463318,570362495,570362812,570362503,570362820,0,0,0,0,0,0,0,0,4096,256,131072,4,3|4,0,436207616,262144,1664,0,0,0,0,3500,0,3488,0,875,872,0,1,3500,0|584,616742822,20,228755552,0,0,0,0,0,242938217,0,872,0,3474623805,5,3474623805,5,2080,3401039601,5,120436153,0,0,0,0,0
1785761800458|1018|stationary_30min_formal_r2f_0000_436207616|fixed|516,1378943233,304,495148719,491647310,2829157,0,2829157,0,60082,0,30041,0,0,0,469187,469187,191930200,0,4096,0,0,0,30041,0,903609086,0,903609094,0,0,0,0,0,0,0,0,0,4096,256,131072,4,3|4,0,436207616,262144,1664,0,0,0,0,3544,0,3532,0,886,883,0,1,3544,0|586,1523433665,20,0,0,231473152,0,231473152,0,707384,0,0,883,0,0,0,0,0,0,0,8608513,0,0,0,0,0
1785761800458|1018|stationary_30min_formal_r2f_0000_436207616|rotating|516,1378943233,527,495245865,491743936,492416142,491743936,492416142,491743936,470168,469293,469279,469279,0,0,30047,0,4294967295,4294967295,4096,4096,0,0,469280,469280,892017878,892017899,892017886,892017907,0,0,0,0,0,0,0,0,4096,256,131072,4,3|4,0,436207616,262144,1664,0,0,0,0,3544,0,3532,0,886,883,0,1,3544,0|586,937831648,20,231694464,0,0,0,0,0,246056371,0,883,0,3794977903,5,3794977903,5,2080,3720541354,5,121869121,0,0,0,0,0
1785761805480|1018|stationary_30min_formal_r2f_0000_436207616|fixed|518,1378943233,304,501432029,497886106,2865039,0,2865039,0,60844,0,30422,0,0,0,475145,475145,194364328,0,4096,0,0,0,30422,0,1224789404,0,1224789412,0,0,0,0,0,0,0,0,0,4096,256,131072,4,3|4,0,436207616,262144,1664,0,0,0,0,3588,0,3576,0,897,894,0,1,3588,0|588,1843949863,20,0,0,234356736,0,234356736,0,716329,0,0,894,0,0,0,0,0,0,0,8629831,0,0,0,0,0
1785761805480|1018|stationary_30min_formal_r2f_0000_436207616|rotating|518,1378943233,527,501507405,497961060,498641900,497961060,498641900,497961060,476116,475230,475217,475216,0,0,30427,0,4294967295,4294967295,4096,4096,0,0,475217,475217,1212347980,1212348097,1212347988,1212348049,0,0,0,0,0,0,0,0,4096,256,131072,4,3|4,0,436207616,262144,1664,0,0,0,0,3592,0,3580,0,898,895,0,1,3592,0|588,1258467391,20,234626784,0,0,0,0,0,249168692,0,895,0,4114880566,5,4114880566,5,2080,4039456080,5,123431687,0,0,0,0,0
1785761810480|1018|stationary_30min_formal_r2f_0000_436207616|fixed|520,1378943233,304,507686667,504097062,2900822,0,2900822,0,61604,0,30802,0,0,0,481076,481076,196792152,0,4096,0,0,0,30802,0,1545109901,0,1545109909,0,0,0,0,0,0,0,0,0,4096,256,131072,4,3|4,0,436207616,262144,1664,0,0,0,0,3636,0,3624,0,909,906,0,1,3636,0|590,2164029164,20,0,0,237502464,0,237502464,0,725300,0,0,906,0,0,0,0,0,0,0,8661572,0,0,0,0,0
1785761810480|1018|stationary_30min_formal_r2f_0000_436207616|rotating|520,1378943233,560,507760140,504169334,504858846,504169334,504858846,504169334,482057,481159,481146,481146,0,0,30807,0,4294967295,4294967295,4096,4096,0,0,481146,481146,1532364271,1532364604,1532364279,1532364612,0,0,0,0,0,0,0,0,4096,256,131072,4,3|4,0,436207616,262144,1664,0,0,0,0,3636,0,3624,0,909,906,0,1,3636,0|590,1578405229,20,237549888,0,0,0,0,0,252275627,0,906,0,139120332,6,139120332,6,2080,62841139,6,124863623,0,0,0,0,0
1785761815482|1018|stationary_30min_formal_r2f_0000_436207616|fixed|522,1378943233,304,513944357,510310461,2936705,0,2936705,0,62366,0,31183,0,0,0,487011,487011,199226328,0,4096,0,0,0,31183,0,1865716833,0,1865716841,0,0,0,0,0,0,0,0,0,4096,256,131072,4,3|4,0,436207616,262144,1664,0,0,0,0,3680,0,3668,0,920,917,0,1,3680,0|592,2484564568,20,0,0,240386048,0,240386048,0,734246,0,0,917,0,0,0,0,0,0,0,8681831,0,0,0,0,0
1785761815482|1018|stationary_30min_formal_r2f_0000_436207616|rotating|522,1378943233,527,514011458,510377107,511074377,510377107,511074377,510377107,487998,487089,487075,487075,0,0,31187,0,4294967295,4294967295,4096,4096,0,0,487076,487076,1852291377,1852291390,1852291385,1852291398,0,0,0,0,0,0,0,0,4096,256,131072,4,3|4,0,436207616,262144,1664,0,0,0,0,3680,0,3668,0,920,917,0,1,3680,0|592,1898444022,20,240480896,0,0,0,0,0,255382565,0,917,0,458426373,6,458426373,6,2080,381294436,6,126295293,0,0,0,0,0
1785761820489|1018|stationary_30min_formal_r2f_0000_436207616|fixed|524,1378943233,304,520208671,516530850,2972493,0,2972493,0,63126,0,31563,0,0,0,492951,492951,201654176,0,4096,0,0,0,31563,0,2186037696,0,2186037704,0,0,0,0,0,0,0,0,0,4096,256,131072,4,3|4,0,436207616,262144,1664,0,0,0,0,3724,0,3712,0,931,928,0,1,3724,0|594,2804929147,20,0,0,243269632,0,243269632,0,743194,0,0,928,0,0,0,0,0,0,0,8705080,0,0,0,0,0
1785761820489|1018|stationary_30min_formal_r2f_0000_436207616|rotating|524,1378943233,527,520276495,516598384,517303625,516598384,517303625,516598384,493949,493029,493015,493015,0,0,31567,0,4294967295,4294967295,4096,4096,0,0,493016,493016,2172767107,2172767136,2172767123,2172767120,0,0,0,0,0,0,0,0,4096,256,131072,4,3|4,0,436207616,262144,1664,0,0,0,0,3724,0,3712,0,931,928,0,1,3724,0|594,2218839060,20,243411904,0,0,0,0,0,258494522,0,928,0,778088659,6,778088659,6,2080,700103358,6,127727583,0,0,0,0,0
1785761825491|1018|stationary_30min_formal_r2f_0000_436207616|fixed|526,1378943233,304,526465726,522744404,3008282,0,3008282,0,63886,0,31943,0,0,0,498884,498884,204081944,0,4096,0,0,0,31943,0,2506357935,0,2506357943,0,0,0,0,0,0,0,0,0,4096,256,131072,4,3|4,0,436207616,262144,1664,0,0,0,0,3768,0,3756,0,942,939,0,1,3768,0|596,3125144905,20,0,0,246153216,0,246153216,0,752140,0,0,939,0,0,0,0,0,0,0,8727889,0,0,0,0,0
1785761825491|1018|stationary_30min_formal_r2f_0000_436207616|rotating|526,1378943233,527,526547868,522826083,523539115,522826083,523539115,522826083,499908,498976,498962,498962,0,0,31948,0,4294967295,4294967295,4096,4096,0,0,498963,498963,2493616141,2493616122,2493616149,2493616138,0,0,0,0,0,0,0,0,4096,256,131072,4,3|4,0,436207616,262144,1664,0,0,0,0,3768,0,3756,0,942,939,0,1,3768,0|596,2540308404,20,246358720,0,0,0,0,0,261616403,0,939,0,1098821299,6,1098821299,6,2080,1019986642,6,129159259,0,0,0,0,0
1785761830492|1018|stationary_30min_formal_r2f_0000_436207616|fixed|528,1378943233,304,532723019,528956820,3043975,0,3043975,0,64644,0,32322,0,0,0,504817,504817,206503352,0,4096,0,0,0,32322,0,2825819585,0,2825819593,0,0,0,0,0,0,0,0,0,4096,256,131072,4,3|4,0,436207616,262144,1664,0,0,0,0,3812,0,3800,0,953,950,0,1,3812,0|598,3445145693,20,0,0,249036800,0,249036800,0,761064,0,0,950,0,0,0,0,0,0,0,8746151,0,0,0,0,0
1785761830492|1018|stationary_30min_formal_r2f_0000_436207616|rotating|528,1378943233,527,532790454,529023953,529746103,529023953,529746103,529023953,505838,504896,504881,504881,0,0,32326,0,4294967295,4294967295,4096,4096,0,0,504882,504882,2812968555,2812968560,2812968563,2812968568,0,0,0,0,0,0,0,0,4096,256,131072,4,3|4,0,436207616,262144,1664,0,0,0,0,3812,0,3800,0,953,950,0,1,3812,0|598,2859069776,20,249273920,0,0,0,0,0,264711881,0,950,0,1416853871,6,1416853871,6,2080,1337162110,6,130591895,0,0,0,0,0
1785761835499|1018|stationary_30min_formal_r2f_0000_436207616|fixed|530,1378943233,304,538984305,535174315,3079758,0,3079758,0,65404,0,32702,0,0,0,510754,510754,208931104,0,4096,0,0,0,32702,0,3146140293,0,3146140301,0,0,0,0,0,0,0,0,0,4096,256,131072,4,3|4,0,436207616,262144,1664,0,0,0,0,3856,0,3844,0,964,961,0,1,3856,0|600,3766080358,20,0,0,251920384,0,251920384,0,770033,0,0,961,0,0,0,0,0,0,0,8766800,0,0,0,0,0
1785761835499|1018|stationary_30min_formal_r2f_0000_436207616|rotating|530,1378943233,560,539101372,535290080,536020860,535290080,536020860,535290080,511833,510879,510865,510865,0,0,32710,0,4294967295,4294967295,4096,4096,0,0,510865,510865,3135919766,3135920091,3135919774,3135920099,0,0,0,0,0,0,0,0,4096,256,131072,4,3|4,0,436207616,262144,1664,0,0,0,0,3860,0,3848,0,965,962,0,1,3860,0|600,3182839131,20,252229952,0,0,0,0,0,267855006,0,962,0,1739884218,6,1739884218,6,2080,1659209812,6,132154260,0,0,0,0,0
1785761840512|1018|stationary_30min_formal_r2f_0000_436207616|fixed|532,1378943233,304,545253722,541398173,3115734,0,3115734,0,66168,0,33084,0,0,0,516698,516698,211371712,0,4096,0,0,0,33084,0,3467606974,0,3467606990,0,0,0,0,0,0,0,0,0,4096,256,131072,4,3|4,0,436207616,262144,1664,0,0,0,0,3904,0,3892,0,976,973,0,1,3904,0|602,4086342782,20,0,0,255066112,0,255066112,0,779004,0,0,973,0,0,0,0,0,0,0,8794284,0,0,0,0,0
1785761840512|1018|stationary_30min_formal_r2f_0000_436207616|rotating|532,1378943233,527,545326862,541470949,542210751,541470949,542210751,541470949,517748,516783,516768,516768,0,0,33088,0,4294967295,4294967295,4096,4096,0,0,516769,516769,3454439046,3454439051,3454439054,3454439059,0,0,0,0,0,0,0,0,4096,256,131072,4,3|4,0,436207616,262144,1664,0,0,0,0,3904,0,3892,0,976,973,0,1,3904,0|602,3500400981,20,255137248,0,0,0,0,0,270938338,0,973,0,2056719244,6,2056719244,6,2080,1975186653,6,133586280,0,0,0,0,0
1785761845521|1018|stationary_30min_formal_r2f_0000_436207616|fixed|534,1378943233,304,551517945,547618637,3151520,0,3151520,0,66928,0,33464,0,0,0,522640,522640,213799528,0,4096,0,0,0,33464,0,3787927013,0,3787927021,0,0,0,0,0,0,0,0,0,4096,256,131072,4,3|4,0,436207616,262144,1664,0,0,0,0,3948,0,3936,0,987,984,0,1,3948,0|604,111896940,21,0,0,257949696,0,257949696,0,787951,0,0,984,0,0,0,0,0,0,0,8813522,0,0,0,0,0
1785761845521|1018|stationary_30min_formal_r2f_0000_436207616|rotating|534,1378943233,527,551592706,547692958,548440806,547692958,548440806,547692958,523702,522726,522711,522711,0,0,33468,0,4294967295,4294967295,4096,4096,0,0,522712,522712,3775082195,3775082184,3775082171,3775082192,0,0,0,0,0,0,0,0,4096,256,131072,4,3|4,0,436207616,262144,1664,0,0,0,0,3948,0,3936,0,987,984,0,1,3948,0|604,3821007735,20,258076160,0,0,0,0,0,274051125,0,984,0,2376591270,6,2376591270,6,2080,2294207860,6,135017722,0,0,0,0,0
1785761850523|1018|stationary_30min_formal_r2f_0000_436207616|fixed|536,1378943233,304,557776399,553832546,3187310,0,3187310,0,67688,0,33844,0,0,0,528574,528574,216227328,0,4096,0,0,0,33844,0,4108247734,0,4108247750,0,0,0,0,0,0,0,0,0,4096,256,131072,4,3|4,0,436207616,262144,1664,0,0,0,0,3992,0,3980,0,998,995,0,1,3992,0|606,431959721,21,0,0,260833280,0,260833280,0,796898,0,0,995,0,0,0,0,0,0,0,8837060,0,0,0,0,0
1785761850523|1018|stationary_30min_formal_r2f_0000_436207616|rotating|536,1378943233,527,557851121,553906944,554663434,553906944,554663434,553906944,529647,528660,528645,528645,0,0,33848,0,4294967295,4294967295,4096,4096,0,0,528646,528646,4095241280,4095241293,4095241288,4095241253,0,0,0,0,0,0,0,0,4096,256,131072,4,3|4,0,436207616,262144,1664,0,0,0,0,3992,0,3980,0,998,995,0,1,3992,0|606,4141232926,20,260999264,0,0,0,0,0,277160835,0,995,0,2696085685,6,2696085685,6,2080,2612847332,6,136449894,0,0,0,0,0
1785761855538|1018|stationary_30min_formal_r2f_0000_436207616|fixed|538,1378943233,304,564050517,560062560,3223192,0,3223192,0,68450,0,34225,0,0,0,534523,534523,218661520,0,4096,0,0,0,34225,0,134460312,0,134460320,0,0,0,0,0,0,0,0,0,4096,256,131072,4,3|4,0,436207616,262144,1664,0,0,0,0,4036,0,4024,0,1009,1006,0,1,4036,0|608,753022955,21,0,0,263716864,0,263716864,0,805869,0,0,1006,0,0,0,0,0,0,0,8858053,0,0,0,0,0
1785761855538|1018|stationary_30min_formal_r2f_0000_436207616|rotating|538,1378943233,527,564127036,560138607,560903467,560138607,560903467,560138607,535608,534610,534595,534595,0,0,34229,0,4294967295,4294967295,4096,4096,0,0,534596,534596,121314707,121314704,121314715,121314712,0,0,0,0,0,0,0,0,4096,256,131072,4,3|4,0,436207616,262144,1664,0,0,0,0,4036,0,4024,0,1009,1006,0,1,4036,0|608,167412199,21,263938176,0,0,0,0,0,280279645,0,1006,0,3016497526,6,3016497526,6,2080,2932408051,6,137881639,0,0,0,0,0
1785761860538|1018|stationary_30min_formal_r2f_0000_436207616|fixed|540,1378943233,304,570310065,566279516,3258978,0,3258978,0,69210,0,34605,0,0,0,540459,540459,221089256,0,4096,0,0,0,34605,0,454780729,0,454780737,0,0,0,0,0,0,0,0,0,4096,256,131072,4,3|4,0,436207616,262144,1664,0,0,0,0,4080,0,4068,0,1020,1017,0,1,4080,0|610,1073283425,21,0,0,266600448,0,266600448,0,814814,0,0,1017,0,0,0,0,0,0,0,8880565,0,0,0,0,0
1785761860538|1018|stationary_30min_formal_r2f_0000_436207616|rotating|540,1378943233,527,570377529,566346449,567118178,566346449,567118178,566346449,541548,540538,540523,540523,0,0,34609,0,4294967295,4294967295,4096,4096,0,0,540524,540524,441139075,441139056,441139051,441139072,0,0,0,0,0,0,0,0,4096,256,131072,4,3|4,0,436207616,262144,1664,0,0,0,0,4080,0,4068,0,1020,1017,0,1,4080,0|610,487174135,21,266862592,0,0,0,0,0,283384083,0,1018,0,3335528358,6,3335528358,6,2075,3250531398,6,139362087,0,0,0,0,0
1785761865545|1018|stationary_30min_formal_r2f_0000_436207616|fixed|542,1378943233,304,576572236,572496471,3294668,0,3294668,0,69968,0,34984,0,0,0,546394,546394,223510704,0,4096,0,0,0,34984,0,774241730,0,774241738,0,0,0,0,0,0,0,0,0,4096,256,131072,4,3|4,0,436207616,262144,1664,0,0,0,0,4128,0,4116,0,1032,1029,0,1,4128,0|612,1393594494,21,0,0,269746176,0,269746176,0,823761,0,0,1029,0,0,0,0,0,0,0,8894764,0,0,0,0,0
1785761865545|1018|stationary_30min_formal_r2f_0000_436207616|rotating|542,1378943233,560,576645991,572569023,573350757,572569023,573350757,572569023,547500,546478,546464,546464,0,0,34990,0,4294967295,4294967295,4096,4096,0,0,546464,546464,761765065,761765422,761765073,761765430,0,0,0,0,0,0,0,0,4096,256,131072,4,3|4,0,436207616,262144,1664,0,0,0,0,4128,0,4116,0,1032,1029,0,1,4128,0|612,807932973,21,269801504,0,0,0,0,0,286499863,0,1029,0,3655552468,6,3655552468,6,2080,3569622691,6,140875496,0,0,0,0,0
1785761870553|1018|stationary_30min_formal_r2f_0000_436207616|fixed|544,1378943233,304,582839232,578718308,3330551,0,3330551,0,70730,0,35365,0,0,0,552332,552332,225944880,0,4096,0,0,0,35365,0,1094849247,0,1094849255,0,0,0,0,0,0,0,0,0,4096,256,131072,4,3|4,0,436207616,262144,1664,0,0,0,0,4172,0,4160,0,1043,1040,0,1,4172,0|614,1714180439,21,0,0,272629760,0,272629760,0,832716,0,0,1040,0,0,0,0,0,0,0,8918844,0,0,0,0,0
1785761870553|1018|stationary_30min_formal_r2f_0000_436207616|rotating|544,1378943233,527,582915533,578794173,579584511,578794173,579584511,578794173,553452,552419,552404,552404,0,0,35370,0,4294967295,4294967295,4096,4096,0,0,552405,552405,1082275830,1082275811,1082275838,1082275819,0,0,0,0,0,0,0,0,4096,256,131072,4,3|4,0,436207616,262144,1664,0,0,0,0,4172,0,4160,0,1043,1040,0,1,4172,0|614,1128218915,21,272732512,0,0,0,0,0,289612401,0,1040,0,3975105658,6,3975105658,6,2080,3888322243,6,142308060,0,0,0,0,0
1785761875564|1018|stationary_30min_formal_r2f_0000_436207616|fixed|546,1378943233,304,589115190,584950680,3366434,0,3366434,0,71492,0,35746,0,0,0,558277,558277,228379112,0,4096,0,0,0,35746,0,1416029224,0,1416029232,0,0,0,0,0,0,0,0,0,4096,256,131072,4,3|4,0,436207616,262144,1664,0,0,0,0,4216,0,4204,0,1054,1051,0,1,4216,0|616,2034701070,21,0,0,275513344,0,275513344,0,841679,0,0,1051,0,0,0,0,0,0,0,8943162,0,0,0,0,0
1785761875564|1018|stationary_30min_formal_r2f_0000_436207616|rotating|546,1378943233,527,589190961,585026051,585824150,585026051,585824150,585026051,559407,558363,558348,558348,0,0,35750,0,4294967295,4294967295,4096,4096,0,0,558349,558349,1402988787,1402988800,1402988803,1402988816,0,0,0,0,0,0,0,0,4096,256,131072,4,3|4,0,436207616,262144,1664,0,0,0,0,4216,0,4204,0,1054,1051,0,1,4216,0|616,1449228021,21,275671424,0,0,0,0,0,292733153,0,1051,0,412740,7,412740,7,2080,4207745370,6,143739934,0,0,0,0,0
1785761880566|1018|stationary_30min_formal_r2f_0000_436207616|fixed|548,1378943233,304,595377761,591169966,3402221,0,3402221,0,72252,0,36126,0,0,0,564210,564210,230806896,0,4096,0,0,0,36126,0,1736349697,0,1736349705,0,0,0,0,0,0,0,0,0,4096,256,131072,4,3|4,0,436207616,262144,1664,0,0,0,0,4260,0,4248,0,1065,1062,0,1,4260,0|618,2354812478,21,0,0,278396928,0,278396928,0,850602,0,0,1062,0,0,0,0,0,0,0,8964884,0,0,0,0,0
1785761880566|1018|stationary_30min_formal_r2f_0000_436207616|rotating|548,1378943233,527,595469212,591260753,592066518,591260753,592066518,591260753,565367,564311,564296,564296,0,0,36131,0,4294967295,4294967295,4096,4096,0,0,564297,564297,1723890652,1723890657,1723890660,1723890665,0,0,0,0,0,0,0,0,4096,256,131072,4,3|4,0,436207616,262144,1664,0,0,0,0,4260,0,4248,0,1065,1062,0,1,4260,0|618,1770652861,21,278610336,0,0,0,0,0,295857552,0,1062,0,321102852,7,321102852,7,2080,232616921,7,145171822,0,0,0,0,0
1785761885566|1018|stationary_30min_formal_r2f_0000_436207616|fixed|550,1378943233,304,601639677,597387141,3437916,0,3437916,0,73010,0,36505,0,0,0,570141,570141,233228280,0,4096,0,0,0,36505,0,2055811233,0,2055811241,0,0,0,0,0,0,0,0,0,4096,256,131072,4,3|4,0,436207616,262144,1664,0,0,0,0,4304,0,4292,0,1076,1073,0,1,4304,0|620,2675639607,21,0,0,281280512,0,281280512,0,859572,0,0,1073,0,0,0,0,0,0,0,8988165,0,0,0,0,0
1785761885566|1018|stationary_30min_formal_r2f_0000_436207616|rotating|550,1378943233,527,601733560,597480383,598295085,597480383,598295085,597480383,571312,570245,570230,570230,0,0,36511,0,4294967295,4294967295,4096,4096,0,0,570231,570231,2044067110,2044067083,2044067094,2044067091,0,0,0,0,0,0,0,0,4096,256,131072,4,3|4,0,436207616,262144,1664,0,0,0,0,4304,0,4292,0,1076,1073,0,1,4304,0|620,2090382153,21,281533440,0,0,0,0,0,298965091,0,1073,0,640101368,7,640101368,7,2080,550760129,7,146604359,0,0,0,0,0
1785761890578|1018|stationary_30min_formal_r2f_0000_436207616|fixed|552,1378943233,304,607914780,603616628,3473791,0,3473791,0,73772,0,36886,0,0,0,576091,576091,235662448,0,4096,0,0,0,36886,0,2376991378,0,2376991386,0,0,0,0,0,0,0,0,0,4096,256,131072,4,3|4,0,436207616,262144,1664,0,0,0,0,4348,0,4336,0,1087,1084,0,1,4348,0|622,2995657308,21,0,0,284426240,0,284426240,0,868542,0,0,1085,0,0,0,0,0,0,0,9011332,0,0,0,0,0
1785761890578|1018|stationary_30min_formal_r2f_0000_436207616|rotating|552,1378943233,560,608008119,603708725,604533761,603708725,604533761,603708725,577273,576194,576180,576180,0,0,36892,0,4294967295,4294967295,4096,4096,0,0,576180,576180,2365159679,2365159988,2365159687,2365159996,0,0,0,0,0,0,0,0,4096,256,131072,4,3|4,0,436207616,262144,1664,0,0,0,0,4352,0,4340,0,1088,1085,0,1,4352,0|622,2412544482,21,284481568,0,0,0,0,0,302092316,0,1085,0,961526665,7,961526665,7,2080,871201404,7,148166404,0,0,0,0,0
1785761895589|1018|stationary_30min_formal_r2f_0000_436207616|fixed|554,1378943233,304,614182784,609838731,3509674,0,3509674,0,74534,0,37267,0,0,0,582029,582029,238096640,0,4096,0,0,0,37267,0,2697598941,0,2697598949,0,0,0,0,0,0,0,0,0,4096,256,131072,4,3|4,0,436207616,262144,1664,0,0,0,0,4396,0,4384,0,1099,1096,0,1,4396,0|624,3317076404,21,0,0,287309824,0,287309824,0,877512,0,0,1096,0,0,0,0,0,0,0,9035499,0,0,0,0,0
1785761895589|1018|stationary_30min_formal_r2f_0000_436207616|rotating|554,1378943233,527,614279356,609934945,610769117,609934945,610769117,609934945,583225,582135,582121,582121,0,0,37273,0,4294967295,4294967295,4096,4096,0,0,582121,582121,2685695830,2685696147,2685695838,2685696155,0,0,0,0,0,0,0,0,4096,256,131072,4,3|4,0,436207616,262144,1664,0,0,0,0,4396,0,4384,0,1099,1096,0,1,4396,0|624,2731816269,21,287404672,0,0,0,0,0,305195443,0,1096,0,1280067676,7,1280067676,7,2080,1188886997,7,149599051,0,0,0,0,0
1785761900589|1018|stationary_30min_formal_r2f_0000_436207616|fixed|556,1378943233,304,620445919,616057885,3545461,0,3545461,0,75294,0,37647,0,0,0,587964,587964,240524472,0,4096,0,0,0,37647,0,3017920551,0,3017920559,0,0,0,0,0,0,0,0,0,4096,256,131072,4,3|4,0,436207616,262144,1664,0,0,0,0,4440,0,4428,0,1110,1107,0,1,4440,0|626,3636279182,21,0,0,290193408,0,290193408,0,886412,0,0,1107,0,0,0,0,0,0,0,9058859,0,0,0,0,0
1785761900589|1018|stationary_30min_formal_r2f_0000_436207616|rotating|556,1378943233,560,620517350,616128896,616971509,616128896,616971509,616128896,589147,588046,588032,588032,0,0,37651,0,4294967295,4294967295,4096,4096,0,0,588032,588032,3004620739,3004621064,3004620747,3004621072,0,0,0,0,0,0,0,0,4096,256,131072,4,3|4,0,436207616,262144,1664,0,0,0,0,4440,0,4428,0,1110,1107,0,1,4440,0|626,3051133626,21,290327776,0,0,0,0,0,308298275,0,1107,0,1598654257,7,1598654257,7,2080,1506617773,7,151032085,0,0,0,0,0
1785761905596|1018|stationary_30min_formal_r2f_0000_436207616|fixed|558,1378943233,304,626711687,622279593,3581250,0,3581250,0,76054,0,38027,0,0,0,593900,593899,242952256,0,4096,0,0,0,38027,0,3338241253,0,3338241261,0,0,0,0,0,0,0,0,0,4096,256,131072,4,3|4,0,436207616,262144,1664,0,0,0,0,4484,0,4472,0,1121,1118,0,1,4484,0|628,3956705853,21,0,0,293076992,0,293076992,0,895360,0,0,1118,0,0,0,0,0,0,0,9083993,0,0,0,0,0
1785761905596|1018|stationary_30min_formal_r2f_0000_436207616|rotating|558,1378943233,527,626786612,622354221,623204985,622354221,623204985,622354221,595097,593985,593971,593971,0,0,38031,0,4294967295,4294967295,4096,4096,0,0,593971,593971,3325048972,3325049321,3325048980,3325049329,0,0,0,0,0,0,0,0,4096,256,131072,4,3|4,0,436207616,262144,1664,0,0,0,0,4484,0,4472,0,1121,1118,0,1,4484,0|628,3371149739,21,293250880,0,0,0,0,0,311409009,0,1118,0,1917939594,7,1917939594,7,2080,1825048178,7,152464246,0,0,0,0,0
1785761910601|1018|stationary_30min_formal_r2f_0000_436207616|fixed|560,1378943233,304,632981877,628505466,3617038,0,3617038,0,76814,0,38407,0,0,0,599840,599840,245380072,0,4096,0,0,0,38407,0,3658562345,0,3658562353,0,0,0,0,0,0,0,0,0,4096,256,131072,4,3|4,0,436207616,262144,1664,0,0,0,0,4528,0,4516,0,1132,1129,0,1,4528,0|630,4277151301,21,0,0,295960576,0,295960576,0,904330,0,0,1129,0,0,0,0,0,0,0,9106525,0,0,0,0,0
1785761910601|1018|stationary_30min_formal_r2f_0000_436207616|rotating|560,1378943233,527,633064493,628587717,629446984,628587717,629446984,628587717,601056,599933,599918,599918,0,0,38412,0,4294967295,4294967295,4096,4096,0,0,599919,599919,3645935379,3645935384,3645935387,3645935400,0,0,0,0,0,0,0,0,4096,256,131072,4,3|4,0,436207616,262144,1664,0,0,0,0,4528,0,4516,0,1132,1129,0,1,4528,0|630,3692473289,21,296197696,0,0,0,0,0,314532139,0,1129,0,2238526440,7,2238526440,7,2080,2144784825,7,153896765,0,0,0,0,0
1785761915610|1018|stationary_30min_formal_r2f_0000_436207616|fixed|562,1378943233,304,639255885,634736025,3652824,0,3652824,0,77574,0,38787,0,0,0,605783,605783,247807808,0,4096,0,0,0,38787,0,3978882846,0,3978882854,0,0,0,0,0,0,0,0,0,4096,256,131072,4,3|4,0,436207616,262144,1664,0,0,0,0,4572,0,4560,0,1143,1140,0,1,4572,0|632,302982245,22,0,0,298844160,0,298844160,0,913275,0,0,1140,0,0,0,0,0,0,0,9124809,0,0,0,0,0
1785761915610|1018|stationary_30min_formal_r2f_0000_436207616|rotating|562,1378943233,527,639323533,634803225,635670336,634803225,635670336,634803225,606996,605863,605847,605847,0,0,38791,0,4294967295,4294967295,4096,4096,0,0,605848,605848,3965821004,3965821009,3965821012,3965820985,0,0,0,0,0,0,0,0,4096,256,131072,4,3|4,0,436207616,262144,1664,0,0,0,0,4576,0,4564,0,1144,1141,0,1,4576,0|632,4011828286,21,299114208,0,0,0,0,0,317635469,0,1141,0,2557152309,7,2557152309,7,2080,2462419866,7,155458828,0,0,0,0,0
1785761920621|1018|stationary_30min_formal_r2f_0000_436207616|fixed|564,1378943233,304,645529237,640964628,3688704,0,3688704,0,78336,0,39168,0,0,0,611725,611725,250242048,0,4096,0,0,0,39168,0,4396768,0,4396776,0,0,0,0,0,0,0,0,0,4096,256,131072,4,3|4,0,436207616,262144,1664,0,0,0,0,4620,0,4608,0,1155,1152,0,1,4620,0|634,623528855,22,0,0,301989888,0,301989888,0,922246,0,0,1152,0,0,0,0,0,0,0,9148860,0,0,0,0,0
1785761920621|1018|stationary_30min_formal_r2f_0000_436207616|rotating|564,1378943233,527,645611366,641046266,641922191,641046266,641922191,641046266,612963,611818,611802,611802,0,0,39173,0,4294967295,4294967295,4096,4096,0,0,611803,611803,4287263334,4287263339,4287263342,4287263347,0,0,0,0,0,0,0,0,4096,256,131072,4,3|4,0,436207616,262144,1664,0,0,0,0,4620,0,4608,0,1155,1152,0,1,4620,0|634,39060454,22,302061024,0,0,0,0,0,320767870,0,1152,0,2878615069,7,2878615069,7,2080,2783033078,7,156890696,0,0,0,0,0
1785761925627|1018|stationary_30min_formal_r2f_0000_436207616|fixed|566,1378943233,304,651794158,647185268,3724491,0,3724491,0,79096,0,39548,0,0,0,617659,617659,252669832,0,4096,0,0,0,39548,0,324843040,0,324843048,0,0,0,0,0,0,0,0,0,4096,256,131072,4,3|4,0,436207616,262144,1664,0,0,0,0,4664,0,4652,0,1166,1163,0,1,4664,0|636,943921595,22,0,0,304873472,0,304873472,0,931193,0,0,1163,0,0,0,0,0,0,0,9172827,0,0,0,0,0
1785761925627|1018|stationary_30min_formal_r2f_0000_436207616|rotating|566,1378943233,560,651869387,647259949,648144424,647259949,648144424,647259949,618902,617746,617731,617731,0,0,39553,0,4294967295,4294967295,4096,4096,0,0,617731,617731,312134467,312134816,312134483,312134824,0,0,0,0,0,0,0,0,4096,256,131072,4,3|4,0,436207616,262144,1664,0,0,0,0,4664,0,4652,0,1166,1163,0,1,4664,0|636,358240511,22,304984128,0,0,0,0,0,323870376,0,1163,0,3197064350,7,3197064350,7,2080,3100627588,7,158322696,0,0,0,0,0
1785761930630|1018|stationary_30min_formal_r2f_0000_436207616|fixed|568,1378943233,304,658059941,653408090,3760280,0,3760280,0,79856,0,39928,0,0,0,623598,623598,255097664,0,4096,0,0,0,39928,0,645163939,0,645163947,0,0,0,0,0,0,0,0,0,4096,256,131072,4,3|4,0,436207616,262144,1664,0,0,0,0,4708,0,4696,0,1177,1174,0,1,4708,0|638,1264114366,22,0,0,307757056,0,307757056,0,940140,0,0,1174,0,0,0,0,0,0,0,9188436,0,0,0,0,0
1785761930630|1018|stationary_30min_formal_r2f_0000_436207616|rotating|568,1378943233,560,658156128,653503766,654395283,653503766,654395283,653503766,624871,623704,623689,623689,0,0,39934,0,4294967295,4294967295,4096,4096,0,0,623689,623689,633583578,633583935,633583594,633583943,0,0,0,0,0,0,0,0,4096,256,131072,4,3|4,0,436207616,262144,1664,0,0,0,0,4708,0,4696,0,1177,1174,0,1,4708,0|638,680883195,22,307938848,0,0,0,0,0,327005742,0,1174,0,3518968354,7,3518968354,7,2080,3421683270,7,159755035,0,0,0,0,0
1785761935634|1018|stationary_30min_formal_r2f_0000_436207616|fixed|570,1378943233,304,664323022,659627804,3796067,0,3796067,0,80616,0,40308,0,0,0,629530,629530,257525448,0,4096,0,0,0,40308,0,965485162,0,965485170,0,0,0,0,0,0,0,0,0,4096,256,131072,4,3|4,0,436207616,262144,1664,0,0,0,0,4752,0,4740,0,1188,1185,0,1,4752,0|640,1584391195,22,0,0,310640640,0,310640640,0,949087,0,0,1185,0,0,0,0,0,0,0,9207706,0,0,0,0,0
1785761935634|1018|stationary_30min_formal_r2f_0000_436207616|rotating|570,1378943233,560,664413041,659717287,660616501,659717287,660616501,659717287,630809,629631,629616,629616,0,0,40313,0,4294967295,4294967295,4096,4096,0,0,629616,629616,953367663,953367996,953367671,953368004,0,0,0,0,0,0,0,0,4096,256,131072,4,3|4,0,436207616,262144,1664,0,0,0,0,4752,0,4740,0,1188,1185,0,1,4752,0|640,999909764,22,310854048,0,0,0,0,0,330107002,0,1185,0,3837266123,7,3837266123,7,2080,3739123939,7,161187667,0,0,0,0,0
1785761940648|1018|stationary_30min_formal_r2f_0000_436207616|fixed|572,1378943233,304,670601894,665862770,3831949,0,3831949,0,81378,0,40689,0,0,0,635478,635478,259959600,0,4096,0,0,0,40689,0,1286664831,0,1286664839,0,0,0,0,0,0,0,0,0,4096,256,131072,4,3|4,0,436207616,262144,1664,0,0,0,0,4796,0,4784,0,1199,1196,0,1,4796,0|642,1906235604,22,0,0,313524224,0,313524224,0,958080,0,0,1196,0,0,0,0,0,0,0,9229842,0,0,0,0,0
1785761940648|1018|stationary_30min_formal_r2f_0000_436207616|rotating|572,1378943233,527,670696965,665957269,666864550,665957269,666864550,665957269,636775,635585,635569,635569,0,0,40694,0,4294967295,4294967295,4096,4096,0,0,635570,635570,1274568749,1274568746,1274568757,1274568754,0,0,0,0,0,0,0,0,4096,256,131072,4,3|4,0,436207616,262144,1664,0,0,0,0,4796,0,4784,0,1199,1196,0,1,4796,0|642,1320774438,22,313786368,0,0,0,0,0,333225199,0,1197,0,4157397717,7,4157397717,7,2080,4058353900,7,162663960,0,0,0,0,0
1785761945657|1018|stationary_30min_formal_r2f_0000_436207616|fixed|574,1378943233,304,676874194,672091280,3867731,0,3867731,0,82138,0,41069,0,0,0,641421,641421,262387400,0,4096,0,0,0,41069,0,1606985594,0,1606985602,0,0,0,0,0,0,0,0,0,4096,256,131072,4,3|5,0,436207616,262144,1664,0,0,0,0,4844,0,4832,0,1211,1208,0,1,4844,0|644,2225913299,22,0,0,316669952,0,316669952,0,967027,0,0,1208,0,0,0,0,0,0,0,9252768,0,0,0,0,0
1785761945657|1018|stationary_30min_formal_r2f_0000_436207616|rotating|574,1378943233,527,676945375,672161426,673077171,672161426,673077171,672161426,642706,641504,641488,641488,0,0,41074,0,4294967295,4294967295,4096,4096,0,0,641489,641489,1594076363,1594076360,1594076347,1594076328,0,0,0,0,0,0,0,0,4096,256,131072,4,3|4,0,436207616,262144,1664,0,0,0,0,4844,0,4832,0,1211,1208,0,1,4844,0|644,1639942649,22,316709472,0,0,0,0,0,336326542,0,1208,0,180867856,8,180867856,8,2080,80883793,8,164181404,0,0,0,0,0
1785761950668|1018|stationary_30min_formal_r2f_0000_436207616|fixed|576,1378943233,304,683145700,678317690,3903614,0,3903614,0,82900,0,41450,0,0,0,647362,647362,264821584,0,4096,0,0,0,41450,0,1927592453,0,1927592461,0,0,0,0,0,0,0,0,0,4096,256,131072,4,3|4,0,436207616,262144,1664,0,0,0,0,4888,0,4876,0,1222,1219,0,1,4888,0|646,2546587027,22,0,0,319553536,0,319553536,0,975974,0,0,1219,0,0,0,0,0,0,0,9275908,0,0,0,0,0
1785761950668|1018|stationary_30min_formal_r2f_0000_436207616|rotating|576,1378943233,527,683221924,678393336,679317839,678393336,679317839,678393336,648663,647450,647434,647434,0,0,41455,0,4294967295,4294967295,4096,4096,0,0,647435,647435,1914874943,1914874932,1914874951,1914874940,0,0,0,0,0,0,0,0,4096,256,131072,4,3|4,0,436207616,262144,1664,0,0,0,0,4888,0,4876,0,1222,1219,0,1,4888,0|646,1961065771,22,319648384,0,0,0,0,0,339447831,0,1219,0,501256250,8,501256250,8,2080,400420867,8,165613347,0,0,0,0,0
1785761955677|1018|stationary_30min_formal_r2f_0000_436207616|fixed|578,1378943233,304,689414931,684542725,3939497,0,3939497,0,83662,0,41831,0,0,0,653308,653308,267255824,0,4096,0,0,0,41831,0,2248772900,0,2248772908,0,0,0,0,0,0,0,0,0,4096,256,131072,4,3|4,0,436207616,262144,1664,0,0,0,0,4932,0,4920,0,1233,1230,0,1,4932,0|648,2867221763,22,0,0,322437120,0,322437120,0,984921,0,0,1230,0,0,0,0,0,0,0,9298424,0,0,0,0,0
1785761955677|1018|stationary_30min_formal_r2f_0000_436207616|rotating|578,1378943233,527,689497490,684624787,685557521,684624787,685557521,684624787,654626,653402,653386,653386,0,0,41836,0,4294967295,4294967295,4096,4096,0,0,653387,653387,2236005916,2236005929,2236005924,2236005889,0,0,0,0,0,0,0,0,4096,256,131072,4,3|4,0,436207616,262144,1664,0,0,0,0,4932,0,4920,0,1233,1230,0,1,4932,0|648,2281574284,22,322579392,0,0,0,0,0,342559567,0,1230,0,821032011,8,821032011,8,2080,719343235,8,167045666,0,0,0,0,0
1785761960690|1018|stationary_30min_formal_r2f_0000_436207616|fixed|580,1378943233,304,695685352,690768474,3975286,0,3975286,0,84422,0,42211,0,0,0,659255,659255,269683592,0,4096,0,0,0,42211,0,2569093482,0,2569093490,0,0,0,0,0,0,0,0,0,4096,256,131072,4,3|4,0,436207616,262144,1664,0,0,0,0,4976,0,4964,0,1244,1241,0,1,4976,0|650,3188327174,22,0,0,325320704,0,325320704,0,993891,0,0,1241,0,0,0,0,0,0,0,9324334,0,0,0,0,0
1785761960690|1018|stationary_30min_formal_r2f_0000_436207616|rotating|580,1378943233,527,695754334,690837020,691778672,690837020,691778672,690837020,660571,659336,659320,659320,0,0,42215,0,4294967295,4294967295,4096,4096,0,0,659321,659321,2556146343,2556146380,2556146351,2556146388,0,0,0,0,0,0,0,0,4096,256,131072,4,3|4,0,436207616,262144,1664,0,0,0,0,4976,0,4964,0,1244,1241,0,1,4976,0|650,2602202847,22,325518304,0,0,0,0,0,345672721,0,1241,0,1140925846,8,1140925846,8,2080,1038385674,8,168477685,0,0,0,0,0
1785761965700|1018|stationary_30min_formal_r2f_0000_436207616|fixed|582,1378943233,304,701949324,696988874,4011074,0,4011074,0,85182,0,42591,0,0,0,665195,665195,272111376,0,4096,0,0,0,42591,0,2889413876,0,2889413884,0,0,0,0,0,0,0,0,0,4096,256,131072,4,3|4,0,436207616,262144,1664,0,0,0,0,5020,0,5008,0,1255,1252,0,1,5020,0|652,3508746366,22,0,0,328204288,0,328204288,0,1002857,0,0,1252,0,0,0,0,0,0,0,9348276,0,0,0,0,0
1785761965700|1018|stationary_30min_formal_r2f_0000_436207616|rotating|582,1378943233,560,702025154,697064312,698013614,697064312,698013614,697064312,666528,665282,665267,665267,0,0,42596,0,4294967295,4294967295,4096,4096,0,0,665267,665267,2876974366,2876974707,2876974374,2876974715,0,0,0,0,0,0,0,0,4096,256,131072,4,3|4,0,436207616,262144,1664,0,0,0,0,5020,0,5008,0,1255,1252,0,1,5020,0|652,2923096104,22,328449312,0,0,0,0,0,348788852,0,1252,0,1461086351,8,1461086351,8,2080,1357693262,8,169909528,0,0,0,0,0
1785761970710|1018|stationary_30min_formal_r2f_0000_436207616|fixed|584,1378943233,304,708218442,703214262,4046949,0,4046949,0,85944,0,42972,0,0,0,671138,671138,274545544,0,4096,0,0,0,42972,0,3210594274,0,3210594282,0,0,0,0,0,0,0,0,0,4096,256,131072,4,3|4,0,436207616,262144,1664,0,0,0,0,5064,0,5052,0,1266,1264,0,1,5068,0|654,3829368683,22,0,0,331350016,0,331350016,0,1011832,0,0,1264,0,0,0,0,0,0,0,9373487,0,0,0,0,0
1785761970710|1018|stationary_30min_formal_r2f_0000_436207616|rotating|584,1378943233,527,708306414,703300848,704258898,703300848,704258898,703300848,672496,671237,671221,671221,0,0,42978,0,4294967295,4294967295,4096,4096,0,0,671222,671222,3198380696,3198380717,3198380704,3198380725,0,0,0,0,0,0,0,0,4096,256,131072,4,3|4,0,436207616,262144,1664,0,0,0,0,5068,0,5056,0,1267,1264,0,1,5068,0|654,3244689192,22,331389536,0,0,0,0,0,351911102,0,1264,0,1781944383,8,1781944383,8,2080,1677565332,8,171471816,0,0,0,0,0
1785761975719|1018|stationary_30min_formal_r2f_0000_436207616|fixed|586,1378943233,304,714482802,709433316,4082832,0,4082832,0,86706,0,43353,0,0,0,677078,677078,276979736,0,4096,0,0,0,43353,0,3531201590,0,3531201598,0,0,0,0,0,0,0,0,0,4096,256,131072,4,3|4,0,436207616,262144,1664,0,0,0,0,5112,0,5100,0,1278,1275,0,1,5112,0|656,4150649500,22,0,0,334233600,0,334233600,0,1020802,0,0,1275,0,0,0,0,0,0,0,9398258,0,0,0,0,0
1785761975719|1018|stationary_30min_formal_r2f_0000_436207616|rotating|586,1378943233,527,714580953,709530875,710497556,709530875,710497556,709530875,678457,677187,677171,677171,0,0,43359,0,4294967295,4294967295,4096,4096,0,0,677172,677172,3519374880,3519374893,3519374888,3519374869,0,0,0,0,0,0,0,0,4096,256,131072,4,3|4,0,436207616,262144,1664,0,0,0,0,5112,0,5100,0,1278,1275,0,1,5112,0|656,3566134683,22,334336352,0,0,0,0,0,355032813,0,1275,0,2102653170,8,2102653170,8,2080,1997424050,8,172904205,0,0,0,0,0
1785761980731|1018|stationary_30min_formal_r2f_0000_436207616|fixed|588,1378943233,304,720756543,715662641,4118619,0,4118619,0,87466,0,43733,0,0,0,683024,683024,279407568,0,4096,0,0,0,43733,0,3851522594,0,3851522602,0,0,0,0,0,0,0,0,0,4096,256,131072,4,3|4,0,436207616,262144,1664,0,0,0,0,5156,0,5144,0,1289,1286,0,1,5156,0|658,175786155,23,0,0,337117184,0,337117184,0,1029726,0,0,1286,0,0,0,0,0,0,0,9423079,0,0,0,0,0
1785761980731|1018|stationary_30min_formal_r2f_0000_436207616|rotating|588,1378943233,527,720832364,715738062,716713272,715738062,716713272,715738062,684392,683111,683095,683095,0,0,43738,0,4294967295,4294967295,4096,4096,0,0,683096,683096,3839021761,3839021758,3839021713,3839021766,0,0,0,0,0,0,0,0,4096,256,131072,4,3|4,0,436207616,262144,1664,0,0,0,0,5156,0,5144,0,1289,1286,0,1,5156,0|658,3885245694,22,337251552,0,0,0,0,0,358133340,0,1286,0,2421035381,8,2421035381,8,2080,2314949374,8,174336624,0,0,0,0,0
1785761985741|1018|stationary_30min_formal_r2f_0000_436207616|fixed|590,1378943233,304,727031450,721894120,4154503,0,4154503,0,88228,0,44114,0,0,0,688970,688970,281841744,0,4096,0,0,0,44114,0,4172702323,0,4172702331,0,0,0,0,0,0,0,0,0,4096,256,131072,4,3|4,0,436207616,262144,1664,0,0,0,0,5200,0,5188,0,1300,1297,0,1,5200,0|660,496452152,23,0,0,340000768,0,340000768,0,1038696,0,0,1297,0,0,0,0,0,0,0,9449231,0,0,0,0,0
1785761985741|1018|stationary_30min_formal_r2f_0000_436207616|rotating|590,1378943233,527,727104823,721967046,722949944,721967046,722949944,721967046,690347,689055,689039,689039,0,0,44118,0,4294967295,4294967295,4096,4096,0,0,689040,689040,4159705806,4159705779,4159705814,4159705795,0,0,0,0,0,0,0,0,4096,256,131072,4,3|4,0,436207616,262144,1664,0,0,0,0,5200,0,5188,0,1300,1297,0,1,5200,0|660,4206325207,22,340190464,0,0,0,0,0,361253691,0,1297,0,2741380166,8,2741380166,8,2070,2634443165,8,175768241,0,0,0,0,0
1785761990742|1018|stationary_30min_formal_r2f_0000_436207616|fixed|592,1378943233,304,733290298,728108781,4190196,0,4190196,0,88986,0,44493,0,0,0,694899,694899,284263168,0,4096,0,0,0,44493,0,197196844,0,197196852,0,0,0,0,0,0,0,0,0,4096,256,131072,4,3|4,0,436207616,262144,1664,0,0,0,0,5244,0,5232,0,1311,1308,0,1,5244,0|662,815858428,23,0,0,342884352,0,342884352,0,1047620,0,0,1308,0,0,0,0,0,0,0,9468867,0,0,0,0,0
1785761990742|1018|stationary_30min_formal_r2f_0000_436207616|rotating|592,1378943233,560,733366280,728184158,729175613,728184158,729175613,728184158,696290,694986,694971,694971,0,0,44498,0,4294967295,4294967295,4096,4096,0,0,694971,694971,184757626,184757935,184757634,184757943,0,0,0,0,0,0,0,0,4096,256,131072,4,3|4,0,436207616,262144,1664,0,0,0,0,5244,0,5232,0,1311,1308,0,1,5244,0|662,230831547,23,343113568,0,0,0,0,0,364358822,0,1308,0,3060123026,8,3060123026,8,2080,2952330463,8,177201032,0,0,0,0,0
1785761995755|1018|stationary_30min_formal_r2f_0000_436207616|fixed|594,1378943233,304,739572563,734346517,4226074,0,4226074,0,89748,0,44874,0,0,0,700850,700850,286697296,0,4096,0,0,0,44874,0,518376457,0,518376465,0,0,0,0,0,0,0,0,0,4096,256,131072,4,3|4,0,436207616,262144,1664,0,0,0,0,5288,0,5276,0,1322,1319,0,1,5288,0|664,1136459751,23,0,0,345767936,0,345767936,0,1056565,0,0,1319,0,0,0,0,0,0,0,9492390,0,0,0,0,0
1785761995755|1018|stationary_30min_formal_r2f_0000_436207616|rotating|594,1378943233,527,739624588,734398305,735398233,734398305,735398233,734398305,702230,700915,700899,700899,0,0,44877,0,4294967295,4294967295,4096,4096,0,0,700900,700900,504625636,504625665,504625644,504625625,0,0,0,0,0,0,0,0,4096,256,131072,4,3|4,0,436207616,262144,1664,0,0,0,0,5292,0,5280,0,1323,1320,0,1,5292,0|664,550828063,23,346037984,0,0,0,0,0,367468094,0,1320,0,3379388438,8,3379388438,8,2080,3270607163,8,178762676,0,0,0,0,0
1785762000759|1018|stationary_30min_formal_r2f_0000_436207616|fixed|596,1378943233,304,745831986,740560342,4261956,0,4261956,0,90510,0,45255,0,0,0,706779,706779,289131528,0,4096,0,0,0,45255,0,838983079,0,838983087,0,0,0,0,0,0,0,0,0,4096,256,131072,4,3|4,0,436207616,262144,1664,0,0,0,0,5336,0,5324,0,1334,1331,0,1,5336,0|666,1457566557,23,0,0,348913664,0,348913664,0,1065559,0,0,1331,0,0,0,0,0,0,0,9513963,0,0,0,0,0
1785762000759|1018|stationary_30min_formal_r2f_0000_436207616|rotating|596,1378943233,527,745907778,740635881,741645445,740635881,741645445,740635881,708194,706867,706851,706851,0,0,45259,0,4294967295,4294967295,4096,4096,0,0,706852,706852,825896412,825896369,825896388,825896385,0,0,0,0,0,0,0,0,4096,256,131072,4,3|4,0,436207616,262144,1664,0,0,0,0,5336,0,5324,0,1334,1331,0,1,5336,0|666,871994457,23,348976896,0,0,0,0,0,370589409,0,1331,0,3699820104,8,3699820104,8,2080,3590187882,8,180194246,0,0,0,0,0
1785762005762|1018|stationary_30min_formal_r2f_0000_436207616|fixed|598,1378943233,304,752096955,746782225,4297742,0,4297742,0,91270,0,45635,0,0,0,712721,712721,291559328,0,4096,0,0,0,45635,0,1159304060,0,1159304068,0,0,0,0,0,0,0,0,0,4096,256,131072,4,3|4,0,436207616,262144,1664,0,0,0,0,5380,0,5368,0,1345,1342,0,1,5380,0|668,1777857323,23,0,0,351797248,0,351797248,0,1074506,0,0,1342,0,0,0,0,0,0,0,9536556,0,0,0,0,0
1785762005762|1018|stationary_30min_formal_r2f_0000_436207616|rotating|598,1378943233,527,752161160,746845950,747863039,746845950,747863039,746845950,714135,712797,712782,712782,0,0,45639,0,4294967295,4294967295,4096,4096,0,0,712782,712782,1145844286,1145844619,1145844294,1145844627,0,0,0,0,0,0,0,0,4096,256,131072,4,3|4,0,436207616,262144,1664,0,0,0,0,5380,0,5368,0,1345,1342,0,1,5380,0|668,1191915098,23,351907904,0,0,0,0,0,373696119,0,1342,0,4019007993,8,4019007993,8,2080,3908522309,8,181626634,0,0,0,0,0
1785762010770|1018|stationary_30min_formal_r2f_0000_436207616|fixed|600,1378943233,304,758364560,753004244,4333533,0,4333533,0,92030,0,46015,0,0,0,718659,718659,293987144,0,4096,0,0,0,46015,0,1479625489,0,1479625497,0,0,0,0,0,0,0,0,0,4096,256,131072,4,3|4,0,436207616,262144,1664,0,0,0,0,5424,0,5412,0,1356,1353,0,1,5424,0|670,2098170949,23,0,0,354680832,0,354680832,0,1083453,0,0,1353,0,0,0,0,0,0,0,9556653,0,0,0,0,0
1785762010770|1018|stationary_30min_formal_r2f_0000_436207616|rotating|600,1378943233,527,758433935,753073309,754100025,753073309,754100025,753073309,720089,718741,718724,718724,0,0,46019,0,4294967295,4294967295,4096,4096,0,0,718725,718725,1466477486,1466477483,1466477454,1466477451,0,0,0,0,0,0,0,0,4096,256,131072,4,3|4,0,436207616,262144,1664,0,0,0,0,5424,0,5412,0,1356,1353,0,1,5424,0|670,1512535943,23,354838912,0,0,0,0,0,376812184,0,1353,0,43928790,9,43928790,9,2080,4227556457,8,183059505,0,0,0,0,0
1785762015776|1018|stationary_30min_formal_r2f_0000_436207616|fixed|602,1378943233,304,764628338,759223355,4369319,0,4369319,0,92790,0,46395,0,0,0,724594,724594,296414944,0,4096,0,0,0,46395,0,1799946092,0,1799946100,0,0,0,0,0,0,0,0,0,4096,256,131072,4,3|4,0,436207616,262144,1664,0,0,0,0,5468,0,5456,0,1367,1364,0,1,5468,0|672,2419438235,23,0,0,357564416,0,357564416,0,1092424,0,0,1364,0,0,0,0,0,0,0,9576188,0,0,0,0,0
1785762015776|1018|stationary_30min_formal_r2f_0000_436207616|rotating|602,1378943233,560,764726672,759320997,760356787,759320997,760356787,759320997,726062,724703,724687,724687,0,0,46401,0,4294967295,4294967295,4096,4096,0,0,724687,724687,1788151797,1788152122,1788151805,1788152130,0,0,0,0,0,0,0,0,4096,256,131072,4,3|4,0,436207616,262144,1664,0,0,0,0,5468,0,5456,0,1367,1364,0,1,5468,0|672,1835414331,23,357793632,0,0,0,0,0,379949863,0,1364,0,366068498,9,366068498,9,2080,253880871,9,184491520,0,0,0,0,0
1785762020801|1018|stationary_30min_formal_r2f_0000_436207616|fixed|604,1378943233,304,770922214,765472902,4405201,0,4405201,0,93552,0,46776,0,0,0,730555,730555,298849072,0,4096,0,0,0,46776,0,2121126179,0,2121126187,0,0,0,0,0,0,0,0,0,4096,256,131072,4,3|4,0,436207616,262144,1664,0,0,0,0,5512,0,5500,0,1378,1375,0,1,5512,0|674,2741099527,23,0,0,360448000,0,360448000,0,1101393,0,0,1375,0,0,0,0,0,0,0,9597572,0,0,0,0,0
1785762020801|1018|stationary_30min_formal_r2f_0000_436207616|rotating|604,1378943233,527,771016782,765566955,766611020,765566955,766611020,765566955,732032,730662,730645,730645,0,0,46782,0,4294967295,4294967295,4096,4096,0,0,730646,730646,2109624746,2109624783,2109624754,2109624791,0,0,0,0,0,0,0,0,4096,256,131072,4,3|4,0,436207616,262144,1664,0,0,0,0,5516,0,5504,0,1379,1376,0,1,5516,0|674,2155829412,23,360725952,0,0,0,0,0,383063471,0,1376,0,685750499,9,685750499,9,2080,572575397,9,186053624,0,0,0,0,0
1785762025820|1018|stationary_30min_formal_r2f_0000_436207616|fixed|606,1378943233,304,777205490,771710586,4441174,0,4441174,0,94316,0,47158,0,0,0,736506,736506,301289688,0,4096,0,0,0,47158,0,2442467374,0,2442467382,0,0,0,0,0,0,0,0,0,4096,256,131072,4,3|4,0,436207616,262144,1664,0,0,0,0,5560,0,5548,0,1390,1387,0,1,5560,0|676,3062702625,23,0,0,363593728,0,363593728,0,1110387,0,0,1387,0,0,0,0,0,0,0,9618520,0,0,0,0,0
1785762025820|1018|stationary_30min_formal_r2f_0000_436207616|rotating|606,1378943233,527,777296488,771801002,772854749,771801002,772854749,771801002,737992,736610,736593,736593,0,0,47164,0,4294967295,4294967295,4096,4096,0,0,736594,736594,2430661251,2430661288,2430661259,2430661272,0,0,0,0,0,0,0,0,4096,256,131072,4,3|4,0,436207616,262144,1664,0,0,0,0,5560,0,5548,0,1390,1387,0,1,5560,0|676,2476730452,23,363664864,0,0,0,0,0,386182913,0,1387,0,1005916811,9,1005916811,9,2080,891889704,9,187486252,0,0,0,0,0
1785762030834|1018|stationary_30min_formal_r2f_0000_436207616|fixed|608,1378943233,304,783483157,777944351,4477054,0,4477054,0,95078,0,47539,0,0,0,742454,742454,303723872,0,4096,0,0,0,47539,0,2763773718,0,2763773726,0,0,0,0,0,0,0,0,0,4096,256,131072,4,3|4,0,436207616,262144,1664,0,0,0,0,5604,0,5592,0,1401,1398,0,1,5604,0|678,3383634648,23,0,0,366477312,0,366477312,0,1119358,0,0,1398,0,0,0,0,0,0,0,9639005,0,0,0,0,0
1785762030834|1018|stationary_30min_formal_r2f_0000_436207616|rotating|608,1378943233,527,783574449,778035224,779096921,778035224,779096921,778035224,743950,742557,742540,742540,0,0,47544,0,4294967295,4294967295,4096,4096,0,0,742541,742541,2751544956,2751544937,2751544940,2751544945,0,0,0,0,0,0,0,0,4096,256,131072,4,3|4,0,436207616,262144,1664,0,0,0,0,5604,0,5592,0,1401,1398,0,1,5604,0|678,2797641238,23,366595872,0,0,0,0,0,389302178,0,1398,0,1326094845,9,1326094845,9,2080,1211214422,9,188918494,0,0,0,0,0
1785762035837|1018|stationary_30min_formal_r2f_0000_436207616|fixed|610,1378943233,304,789749099,784165605,4512845,0,4512845,0,95838,0,47919,0,0,0,748389,748389,306151688,0,4096,0,0,0,47919,0,3084094636,0,3084094644,0,0,0,0,0,0,0,0,0,4096,256,131072,4,3|4,0,436207616,262144,1664,0,0,0,0,5648,0,5636,0,1412,1409,0,1,5648,0|680,3703167860,23,0,0,369360896,0,369360896,0,1128281,0,0,1409,0,0,0,0,0,0,0,9657492,0,0,0,0,0
1785762035837|1018|stationary_30min_formal_r2f_0000_436207616|rotating|610,1378943233,560,789854757,784270771,785341348,784270771,785341348,784270771,749909,748505,748489,748489,0,0,47925,0,4294967295,4294967295,4096,4096,0,0,748489,748489,3072461758,3072462099,3072461766,3072462107,0,0,0,0,0,0,0,0,4096,256,131072,4,3|4,0,436207616,262144,1664,0,0,0,0,5648,0,5636,0,1412,1409,0,1,5648,0|680,3118893451,23,369542688,0,0,0,0,0,392425500,0,1409,0,1646610354,9,1646610354,9,2080,1530879879,9,190350866,0,0,0,0,0
1785762040852|1018|stationary_30min_formal_r2f_0000_436207616|fixed|612,1378943233,304,796029462,790402113,4548631,0,4548631,0,96598,0,48299,0,0,0,754339,754339,308579488,0,4096,0,0,0,48299,0,3404415075,0,3404415083,0,0,0,0,0,0,0,0,0,4096,256,131072,4,3|4,0,436207616,262144,1664,0,0,0,0,5692,0,5680,0,1423,1420,0,1,5692,0|682,4023683663,23,0,0,372244480,0,372244480,0,1137228,0,0,1420,0,0,0,0,0,0,0,9677046,0,0,0,0,0
1785762040852|1018|stationary_30min_formal_r2f_0000_436207616|rotating|612,1378943233,549,796105532,790477568,791556428,790477568,791556428,790477568,755843,754427,754411,754411,0,0,48304,0,4294967295,4294967295,4096,4096,0,0,754412,754411,3391994785,3391976765,3391994793,3391976773,0,0,0,0,0,0,0,0,4096,256,131072,4,3|4,0,436207616,262144,1664,0,0,0,0,5692,0,5680,0,1423,1420,0,1,5692,0|682,3437932605,23,372457888,0,0,0,0,0,395526296,0,1420,0,1964920708,9,1964920708,9,2080,1848333905,9,191782726,0,0,0,0,0
1785762045866|1018|stationary_30min_formal_r2f_0000_436207616|fixed|614,1378943233,304,802309809,796637667,4584513,0,4584513,0,97360,0,48680,0,0,0,760290,760290,311013616,0,4096,0,0,0,48680,0,3725595391,0,3725595399,0,0,0,0,0,0,0,0,0,4096,256,131072,4,3|4,0,436207616,262144,1664,0,0,0,0,5736,0,5724,0,1434,1431,0,1,5736,0|684,48780683,24,0,0,375128064,0,375128064,0,1146174,0,0,1431,0,0,0,0,0,0,0,9701310,0,0,0,0,0
1785762045866|1018|stationary_30min_formal_r2f_0000_436207616|rotating|614,1378943233,527,802362184,796689656,797777393,796689656,797777393,796689656,761783,760356,760340,760340,0,0,48683,0,4294967295,4294967295,4096,4096,0,0,760340,760340,3711867545,3711867854,3711867553,3711867870,0,0,0,0,0,0,0,0,4096,256,131072,4,3|4,0,436207616,262144,1664,0,0,0,0,5736,0,5724,0,1434,1431,0,1,5736,0|684,3758025141,23,375388896,0,0,0,0,0,398636500,0,1431,0,2284280492,9,2284280492,9,2080,2166840369,9,193214972,0,0,0,0,0
1785762050879|1018|stationary_30min_formal_r2f_0000_436207616|fixed|616,1378943233,304,808584868,802867512,4620486,0,4620486,0,98124,0,49062,0,0,0,766234,766234,313454232,0,4096,0,0,0,49062,0,4046936151,0,4046936159,0,0,0,0,0,0,0,0,0,4096,256,131072,4,3|4,0,436207616,262144,1664,0,0,0,0,5784,0,5772,0,1446,1443,0,1,5784,0|686,370723691,24,0,0,378273792,0,378273792,0,1155192,0,0,1443,0,0,0,0,0,0,0,9730211,0,0,0,0,0
1785762050879|1018|stationary_30min_formal_r2f_0000_436207616|rotating|616,1378943233,560,808654055,802936330,804033193,802936330,804033193,802936330,767755,766316,766300,766300,0,0,49066,0,4294967295,4294967295,4096,4096,0,0,766300,766300,4033548766,4033549107,4033548774,4033549115,0,0,0,0,0,0,0,0,4096,256,131072,4,3|4,0,436207616,262144,1664,0,0,0,0,5784,0,5772,0,1446,1443,0,1,5784,0|686,4079637719,23,378329120,0,0,0,0,0,401761376,0,1443,0,2605158014,9,2605158014,9,2080,2486732376,9,194776813,0,0,0,0,0
1785762055888|1018|stationary_30min_formal_r2f_0000_436207616|fixed|618,1378943233,304,814857030,809094314,4656273,0,4656273,0,98884,0,49442,0,0,0,772176,772176,315882016,0,4096,0,0,0,49442,0,72414290,0,72414298,0,0,0,0,0,0,0,0,0,4096,256,131072,4,3|4,0,436207616,262144,1664,0,0,0,0,5828,0,5816,0,1457,1454,0,1,5828,0|688,690924275,24,0,0,381157376,0,381157376,0,1164138,0,0,1454,0,0,0,0,0,0,0,9750863,0,0,0,0,0
1785762055888|1018|stationary_30min_formal_r2f_0000_436207616|rotating|618,1378943233,560,814937088,809173941,810280343,809173941,810280343,809173941,773719,772268,772252,772252,0,0,49447,0,4294967295,4294967295,4096,4096,0,0,772252,772252,59707260,59707569,59707268,59707577,0,0,0,0,0,0,0,0,4096,256,131072,4,3|4,0,436207616,262144,1664,0,0,0,0,5828,0,5816,0,1457,1454,0,1,5828,0|688,107091775,24,381275936,0,0,0,0,0,404895299,0,1454,0,2926842662,9,2926842662,9,2080,2807568022,9,196208135,0,0,0,0,0
1785762060893|1018|stationary_30min_formal_r2f_0000_436207616|fixed|620,1378943233,304,821120286,815313973,4692062,0,4692062,0,99644,0,49822,0,0,0,778110,778110,318309848,0,4096,0,0,0,49822,0,392734113,0,392734121,0,0,0,0,0,0,0,0,0,4096,256,131072,4,3|4,0,436207616,262144,1664,0,0,0,0,5872,0,5860,0,1468,1465,0,1,5872,0|690,1012100028,24,0,0,384040960,0,384040960,0,1173109,0,0,1465,0,0,0,0,0,0,0,9770778,0,0,0,0,0
1785762060893|1018|stationary_30min_formal_r2f_0000_436207616|rotating|620,1378943233,527,821218849,815411920,816526222,815411920,816526222,815411920,779682,778220,778203,778203,0,0,49828,0,4294967295,4294967295,4096,4096,0,0,778204,778204,380811187,380811184,380811195,380811192,0,0,0,0,0,0,0,0,4096,256,131072,4,3|4,0,436207616,262144,1664,0,0,0,0,5872,0,5860,0,1468,1465,0,1,5872,0|690,427579208,24,384214848,0,0,0,0,0,408010337,0,1465,0,3246595367,9,3246595367,9,2080,3126470076,9,197639409,0,0,0,0,0
1785762065901|1018|stationary_30min_formal_r2f_0000_436207616|fixed|622,1378943233,304,827408690,821558818,4727943,0,4727943,0,100406,0,50203,0,0,0,784067,784067,320744032,0,4096,0,0,0,50203,0,713914269,0,713914277,0,0,0,0,0,0,0,0,0,4096,256,131072,4,3|4,0,436207616,262144,1664,0,0,0,0,5916,0,5904,0,1479,1476,0,1,5916,0|692,1332696038,24,0,0,386924544,0,386924544,0,1182056,0,0,1476,0,0,0,0,0,0,0,9796099,0,0,0,0,0
1785762065901|1018|stationary_30min_formal_r2f_0000_436207616|rotating|622,1378943233,560,827502196,821651801,822773687,821651801,822773687,821651801,785645,784172,784156,784156,0,0,50209,0,4294967295,4294967295,4096,4096,0,0,784156,784156,701959452,701959785,701959460,701959793,0,0,0,0,0,0,0,0,4096,256,131072,4,3|4,0,436207616,262144,1664,0,0,0,0,5916,0,5904,0,1479,1476,0,1,5916,0|692,748387479,24,387145856,0,0,0,0,0,411128730,0,1476,0,3566670886,9,3566670886,9,2080,3445692484,9,199071446,0,0,0,0,0
1785762070919|1018|stationary_30min_formal_r2f_0000_436207616|fixed|624,1378943233,304,833673799,827779839,4763731,0,4763731,0,101166,0,50583,0,0,0,790004,790004,323171784,0,4096,0,0,0,50583,0,1034233964,0,1034233972,0,0,0,0,0,0,0,0,0,4096,256,131072,4,3|4,0,436207616,262144,1664,0,0,0,0,5960,0,5948,0,1490,1487,0,1,5960,0|694,1652938450,24,0,0,389808128,0,389808128,0,1191002,0,0,1487,0,0,0,0,0,0,0,9816567,0,0,0,0,0
1785762070919|1018|stationary_30min_formal_r2f_0000_436207616|rotating|624,1378943233,527,833751043,827856670,828986846,827856670,828986846,827856670,791578,790094,790077,790077,0,0,50588,0,4294967295,4294967295,4096,4096,0,0,790078,790078,1021449130,1021449127,1021449098,1021449103,0,0,0,0,0,0,0,0,4096,256,131072,4,3|4,0,436207616,262144,1664,0,0,0,0,5960,0,5948,0,1490,1487,0,1,5960,0|694,1068265864,24,390070272,0,0,0,0,0,414237092,0,1488,0,3885818167,9,3885818167,9,2080,3763985900,9,200502589,0,0,0,0,0
1785762075921|1018|stationary_30min_formal_r2f_0000_436207616|fixed|626,1378943233,304,839942427,834004001,4799513,0,4799513,0,101926,0,50963,0,0,0,795942,795942,325599584,0,4096,0,0,0,50963,0,1354554513,0,1354554521,0,0,0,0,0,0,0,0,0,4096,256,131072,4,3|5,0,436207616,262144,1664,0,0,0,0,6008,0,5996,0,1502,1499,0,1,6008,0|696,1973206652,24,0,0,392953856,0,392953856,0,1199949,0,0,1499,0,0,0,0,0,0,0,9842794,0,0,0,0,0
1785762075921|1018|stationary_30min_formal_r2f_0000_436207616|rotating|626,1378943233,560,840011550,834072125,835211564,834072125,835211564,834072125,797520,796025,796008,796008,0,0,50968,0,4294967295,4294967295,4096,4096,0,0,796008,796008,1341543034,1341543375,1341543042,1341543383,0,0,0,0,0,0,0,0,4096,256,131072,4,3|4,0,436207616,262144,1664,0,0,0,0,6008,0,5996,0,1502,1499,0,1,6008,0|696,1387480930,24,392993376,0,0,0,0,0,417338551,0,1499,0,4204302457,9,4204302457,9,2080,4081481210,9,202064452,0,0,0,0,0
1785762080932|1018|stationary_30min_formal_r2f_0000_436207616|fixed|628,1378943233,304,846209724,840226502,4835396,0,4835396,0,102688,0,51344,0,0,0,801880,801880,328033768,0,4096,0,0,0,51344,0,1675160721,0,1675160729,0,0,0,0,0,0,0,0,0,4096,256,131072,4,3|4,0,436207616,262144,1664,0,0,0,0,6052,0,6040,0,1513,1510,0,1,6052,0|698,2293971490,24,0,0,395837440,0,395837440,0,1208919,0,0,1510,0,0,0,0,0,0,0,9860219,0,0,0,0,0
1785762080932|1018|stationary_30min_formal_r2f_0000_436207616|rotating|628,1378943233,527,846284907,840301351,841449135,840301351,841449135,840301351,803475,801969,801951,801951,0,0,51348,0,4294967295,4294967295,4096,4096,0,0,801952,801952,1662214811,1662214808,1662214819,1662214816,0,0,0,0,0,0,0,0,4096,256,131072,4,3|4,0,436207616,262144,1664,0,0,0,0,6052,0,6040,0,1513,1510,0,1,6052,0|698,1708082030,24,395924384,0,0,0,0,0,420454724,0,1510,0,229203509,10,229203509,10,2080,105529788,10,203495852,0,0,0,0,0
1785762085940|1018|stationary_30min_formal_r2f_0000_436207616|fixed|630,1378943233,304,852483130,846457408,4871184,0,4871184,0,103448,0,51724,0,0,0,807823,807823,330461608,0,4096,0,0,0,51724,0,1995481432,0,1995481440,0,0,0,0,0,0,0,0,0,4096,256,131072,4,3|4,0,436207616,262144,1664,0,0,0,0,6096,0,6084,0,1524,1521,0,1,6096,0|700,2614676315,24,0,0,398721024,0,398721024,0,1217867,0,0,1521,0,0,0,0,0,0,0,9883517,0,0,0,0,0
1785762085940|1018|stationary_30min_formal_r2f_0000_436207616|rotating|630,1378943233,527,852561949,846535787,847690293,846535787,847690293,846535787,809432,807915,807897,807897,0,0,51729,0,4294967295,4294967295,4096,4096,0,0,807898,807898,1983029184,1983029189,1983029192,1983029197,0,0,0,0,0,0,0,0,4096,256,131072,4,3|4,0,436207616,262144,1664,0,0,0,0,6096,0,6084,0,1524,1521,0,1,6096,0|700,2029760167,24,398871200,0,0,0,0,0,423581939,0,1521,0,550144942,10,550144942,10,2080,425621402,10,204927991,0,0,0,0,0
1785762090945|1018|stationary_30min_formal_r2f_0000_436207616|fixed|632,1378943233,304,858749858,852680242,4906973,0,4906973,0,104208,0,52104,0,0,0,813759,813759,332889384,0,4096,0,0,0,52104,0,2315801584,0,2315801592,0,0,0,0,0,0,0,0,0,4096,256,131072,4,3|4,0,436207616,262144,1664,0,0,0,0,6140,0,6128,0,1535,1532,0,1,6140,0|702,2934940416,24,0,0,401604608,0,401604608,0,1226813,0,0,1532,0,0,0,0,0,0,0,9902383,0,0,0,0,0
1785762090945|1018|stationary_30min_formal_r2f_0000_436207616|rotating|632,1378943233,527,858824469,852754333,853917025,852754333,853917025,852754333,815376,813848,813830,813830,0,0,52109,0,4294967295,4294967295,4096,4096,0,0,813831,813831,2303131543,2303131564,2303131551,2303131532,0,0,0,0,0,0,0,0,4096,256,131072,4,3|4,0,436207616,262144,1664,0,0,0,0,6140,0,6128,0,1535,1532,0,1,6140,0|702,2349150402,24,401794304,0,0,0,0,0,426686365,0,1532,0,868804401,10,868804401,10,2080,743426490,10,206359591,0,0,0,0,0
1785762095960|1018|stationary_30min_formal_r2f_0000_436207616|fixed|634,1378943233,304,865030350,858916611,4942856,0,4942856,0,104970,0,52485,0,0,0,819709,819709,335323560,0,4096,0,0,0,52485,0,2636982166,0,2636982174,0,0,0,0,0,0,0,0,0,4096,256,131072,4,3|4,0,436207616,262144,1664,0,0,0,0,6184,0,6172,0,1546,1543,0,1,6184,0|704,3256103672,24,0,0,404488192,0,404488192,0,1235784,0,0,1543,0,0,0,0,0,0,0,9926091,0,0,0,0,0
1785762095960|1018|stationary_30min_formal_r2f_0000_436207616|rotating|634,1378943233,527,865121622,859007278,860178300,859007278,860178300,859007278,821353,819814,819796,819796,0,0,52490,0,4294967295,4294967295,4096,4096,0,0,819797,819797,2624996178,2624996175,2624996186,2624996183,0,0,0,0,0,0,0,0,4096,256,131072,4,3|4,0,436207616,262144,1664,0,0,0,0,6184,0,6172,0,1546,1543,0,1,6184,0|704,2671073277,24,404741120,0,0,0,0,0,429815458,0,1543,0,1189990572,10,1189990572,10,2080,1063762482,10,207792090,0,0,0,0,0
1785762100972|1018|stationary_30min_formal_r2f_0000_436207616|fixed|636,1378943233,304,871305276,865147820,4978731,0,4978731,0,105732,0,52866,0,0,0,825655,825655,337757728,0,4096,0,0,0,52866,0,2958162678,0,2958162686,0,0,0,0,0,0,0,0,0,4096,256,131072,4,3|4,0,436207616,262144,1664,0,0,0,0,6228,0,6216,0,1557,1554,0,1,6228,0|706,3576597440,24,0,0,407371776,0,407371776,0,1244730,0,0,1554,0,0,0,0,0,0,0,9945271,0,0,0,0,0
1785762100972|1018|stationary_30min_formal_r2f_0000_436207616|rotating|636,1378943233,527,871376336,865217855,866397132,865217855,866397132,865217855,827291,825740,825722,825722,0,0,52871,0,4294967295,4294967295,4096,4096,0,0,825723,825723,2944865198,2944865203,2944865206,2944865171,0,0,0,0,0,0,0,0,4096,256,131072,4,3|4,0,436207616,262144,1664,0,0,0,0,6232,0,6220,0,1558,1555,0,1,6232,0|706,2990867846,24,407665536,0,0,0,0,0,432922035,0,1555,0,1509054037,10,1509054037,10,2080,1381836293,10,209354676,0,0,0,0,0
1785762105973|1018|stationary_30min_formal_r2f_0000_436207616|fixed|638,1378943233,304,877566565,871365086,5014520,0,5014520,0,106492,0,53246,0,0,0,831587,831587,340185544,0,4096,0,0,0,53246,0,3277909816,0,3277909832,0,0,0,0,0,0,0,0,0,4096,256,131072,4,3|4,0,436207616,262144,1664,0,0,0,0,6276,0,6264,0,1569,1566,0,1,6276,0|708,3897502620,24,0,0,410517504,0,410517504,0,1253724,0,0,1566,0,0,0,0,0,0,0,9965522,0,0,0,0,0
1785762105973|1018|stationary_30min_formal_r2f_0000_436207616|rotating|638,1378943233,527,877647392,871445309,872632402,871445309,872632402,871445309,833243,831681,831663,831663,0,0,53251,0,4294967295,4294967295,4096,4096,0,0,831664,831664,3265399731,3265399720,3265399739,3265399736,0,0,0,0,0,0,0,0,4096,256,131072,4,3|4,0,436207616,262144,1664,0,0,0,0,6276,0,6264,0,1569,1566,0,1,6276,0|708,3311868893,24,410604448,0,0,0,0,0,436042279,0,1566,0,1829320356,10,1829320356,10,2080,1701251638,10,210786273,0,0,0,0,0
1785762110986|1018|stationary_30min_formal_r2f_0000_436207616|fixed|640,1378943233,304,883839680,877594234,5050306,0,5050306,0,107252,0,53626,0,0,0,837529,837529,342613360,0,4096,0,0,0,53626,0,3598230424,0,3598230432,0,0,0,0,0,0,0,0,0,4096,256,131072,4,3|4,0,436207616,262144,1664,0,0,0,0,6320,0,6308,0,1580,1577,0,1,6320,0|710,4217393024,24,0,0,413401088,0,413401088,0,1262647,0,0,1577,0,0,0,0,0,0,0,9986205,0,0,0,0,0
1785762110986|1018|stationary_30min_formal_r2f_0000_436207616|rotating|640,1378943233,560,883914895,877668906,878864114,877668906,878864114,877668906,839191,837618,837601,837601,0,0,53631,0,4294967295,4294967295,4096,4096,0,0,837601,837601,3585738976,3585739293,3585738984,3585739301,0,0,0,0,0,0,0,0,4096,256,131072,4,3|4,0,436207616,262144,1664,0,0,0,0,6320,0,6308,0,1580,1577,0,1,6320,0|710,3631914855,24,413527552,0,0,0,0,0,439153207,0,1577,0,2148635542,10,2148635542,10,2080,2019712036,10,212218290,0,0,0,0,0
1785762115998|1018|stationary_30min_formal_r2f_0000_436207616|fixed|642,1378943233,304,890112778,883824478,5086190,0,5086190,0,108014,0,54007,0,0,0,843475,843475,345047536,0,4096,0,0,0,54007,0,3919411088,0,3919411096,0,0,0,0,0,0,0,0,0,4096,256,131072,4,3|4,0,436207616,262144,1664,0,0,0,0,6364,0,6352,0,1591,1588,0,1,6364,0|712,243257269,25,0,0,416284672,0,416284672,0,1271618,0,0,1588,0,0,0,0,0,0,0,10007937,0,0,0,0,0
1785762115998|1018|stationary_30min_formal_r2f_0000_436207616|rotating|642,1378943233,527,890188104,883899306,885101537,883899306,885101537,883899306,845148,843564,843546,843546,0,0,54011,0,4294967295,4294967295,4096,4096,0,0,843547,843547,3906522206,3906522219,3906522214,3906522227,0,0,0,0,0,0,0,0,4096,256,131072,4,3|4,0,436207616,262144,1664,0,0,0,0,6364,0,6352,0,1591,1588,0,1,6364,0|712,3952594928,24,416466464,0,0,0,0,0,442269220,0,1588,0,2468580887,10,2468580887,10,2080,2338805436,10,213650858,0,0,0,0,0
1785762121005|1018|stationary_30min_formal_r2f_0000_436207616|fixed|644,1378943233,304,896379431,890047900,5121978,0,5121978,0,108774,0,54387,0,0,0,849417,849417,347475352,0,4096,0,0,0,54387,0,4239731900,0,4239731908,0,0,0,0,0,0,0,0,0,4096,256,131072,4,3|4,0,436207616,262144,1664,0,0,0,0,6408,0,6396,0,1602,1599,0,1,6408,0|714,563937182,25,0,0,419168256,0,419168256,0,1280565,0,0,1599,0,0,0,0,0,0,0,10027031,0,0,0,0,0
1785762121005|1018|stationary_30min_formal_r2f_0000_436207616|rotating|644,1378943233,527,896447965,890116065,891325610,890116065,891325610,890116065,851095,849500,849482,849482,0,0,54391,0,4294967295,4294967295,4096,4096,0,0,849483,849483,4226786419,4226786432,4226786427,4226786400,0,0,0,0,0,0,0,0,4096,256,131072,4,3|4,0,436207616,262144,1664,0,0,0,0,6408,0,6396,0,1602,1599,0,1,6408,0|714,4272821370,24,419397472,0,0,0,0,0,445379078,0,1599,0,2788074577,10,2788074577,10,2080,2657445808,10,215083102,0,0,0,0,0
1785762126032|1018|stationary_30min_formal_r2f_0000_436207616|fixed|646,1378943233,304,902671096,896295022,5157949,0,5157949,0,109538,0,54769,0,0,0,855377,855377,349915872,0,4096,0,0,0,54769,0,266803718,0,266803726,0,0,0,0,0,0,0,0,0,4096,256,131072,4,3|4,0,436207616,262144,1664,0,0,0,0,6452,0,6440,0,1613,1610,0,1,6452,0|716,885302630,25,0,0,422051840,0,422051840,0,1289558,0,0,1610,0,0,0,0,0,0,0,10045418,0,0,0,0,0
1785762126032|1018|stationary_30min_formal_r2f_0000_436207616|rotating|646,1378943233,560,902740873,896363680,897582451,896363680,897582451,896363680,857068,855461,855444,855444,0,0,54774,0,4294967295,4294967295,4096,4096,0,0,855444,855444,253578260,253578593,253578268,253578601,0,0,0,0,0,0,0,0,4096,256,131072,4,3|4,0,436207616,262144,1664,0,0,0,0,6456,0,6444,0,1614,1611,0,1,6456,0|716,299581193,25,422337696,0,0,0,0,0,448504856,0,1611,0,3109066640,10,3109066640,10,2080,2977452561,10,216644738,0,0,0,0,0
1785762131034|1018|stationary_30min_formal_r2f_0000_436207616|fixed|648,1378943233,304,908933985,902512756,5193738,0,5193738,0,110298,0,55149,0,0,0,861312,861312,352343712,0,4096,0,0,0,55149,0,586551075,0,586551083,0,0,0,0,0,0,0,0,0,4096,256,131072,4,3|4,0,436207616,262144,1664,0,0,0,0,6500,0,6488,0,1625,1622,0,1,6500,0|718,1205733582,25,0,0,425197568,0,425197568,0,1298505,0,0,1622,0,0,0,0,0,0,0,10068793,0,0,0,0,0
1785762131034|1018|stationary_30min_formal_r2f_0000_436207616|rotating|648,1378943233,527,909001075,902579421,903806960,902579421,903806960,902579421,863011,861393,861375,861375,0,0,55153,0,4294967295,4294967295,4096,4096,0,0,861376,861376,573629123,573629080,573629091,573629088,0,0,0,0,0,0,0,0,4096,256,131072,4,3|4,0,436207616,262144,1664,0,0,0,0,6500,0,6488,0,1625,1622,0,1,6500,0|718,619546528,25,425260800,0,0,0,0,0,451613911,0,1622,0,3428301199,10,3428301199,10,2080,3295832527,10,218076560,0,0,0,0,0
1785762136047|1018|stationary_30min_formal_r2f_0000_436207616|fixed|650,1378943233,304,915209091,908743897,5229618,0,5229618,0,111060,0,55530,0,0,0,867256,867256,354777904,0,4096,0,0,0,55530,0,907730858,0,907730866,0,0,0,0,0,0,0,0,0,4096,256,131072,4,3|4,0,436207616,262144,1664,0,0,0,0,6544,0,6532,0,1636,1633,0,1,6544,0|720,1526373753,25,0,0,428081152,0,428081152,0,1307475,0,0,1633,0,0,0,0,0,0,0,10091020,0,0,0,0,0
1785762136047|1018|stationary_30min_formal_r2f_0000_436207616|rotating|650,1378943233,527,915281993,908816403,910051995,908816403,910051995,908816403,868972,867343,867325,867325,0,0,55534,0,4294967295,4294967295,4096,4096,0,0,867326,867326,894642277,894642266,894642261,894642274,0,0,0,0,0,0,0,0,4096,256,131072,4,3|4,0,436207616,262144,1664,0,0,0,0,6544,0,6532,0,1636,1633,0,1,6544,0|720,940756167,25,428199712,0,0,0,0,0,454736470,0,1633,0,3748776110,10,3748776110,10,2080,3615456395,10,219508226,0,0,0,0,0
1785762141058|1018|stationary_30min_formal_r2f_0000_436207616|fixed|652,1378943233,293,921487595,914977799,5265502,0,5265502,0,111822,0,55911,0,0,0,873204,873204,357208400,0,4096,0,0,0,55911,0,1228910448,0,1228910456,0,0,0,0,0,0,0,0,0,4096,256,131072,4,3|4,0,436207616,262144,1664,0,0,0,0,6588,0,6576,0,1647,1644,0,1,6588,0|722,1847272449,25,0,0,430964736,0,430964736,0,1316423,0,0,1644,0,0,0,0,0,0,0,10111420,0,0,0,0,0
1785762141058|1018|stationary_30min_formal_r2f_0000_436207616|rotating|652,1378943233,527,921550667,915040552,916284882,915040552,916284882,915040552,874921,873281,873263,873263,0,0,55914,0,4294967295,4294967295,4096,4096,0,0,873264,873264,1215014870,1215014875,1215014878,1215014883,0,0,0,0,0,0,0,0,4096,256,131072,4,3|4,0,436207616,262144,1664,0,0,0,0,6588,0,6576,0,1647,1644,0,1,6588,0|722,1261266002,25,431138624,0,0,0,0,0,457851986,0,1644,0,4068551217,10,4068551217,10,2080,3934380625,10,220939726,0,0,0,0,0
1785762146063|1018|stationary_30min_formal_r2f_0000_436207616|fixed|654,1378943233,304,927751345,921197613,5301195,0,5301195,0,112580,0,56290,0,0,0,879138,879138,359633512,0,4096,0,0,0,56290,0,1548371077,0,1548371085,0,0,0,0,0,0,0,0,0,4096,256,131072,4,3|4,0,436207616,262144,1664,0,0,0,0,6632,0,6620,0,1658,1655,0,1,6632,0|724,2167414652,25,0,0,433848320,0,433848320,0,1325370,0,0,1655,0,0,0,0,0,0,0,10136991,0,0,0,0,0
1785762146063|1018|stationary_30min_formal_r2f_0000_436207616|rotating|654,1378943233,527,927824169,921270009,922522502,921270009,922522502,921270009,880875,879224,879206,879206,0,0,56295,0,4294967295,4294967295,4096,4096,0,0,879207,879207,1535664619,1535664616,1535664627,1535664624,0,0,0,0,0,0,0,0,4096,256,131072,4,3|4,0,436207616,262144,1664,0,0,0,0,6632,0,6620,0,1658,1655,0,1,6632,0|724,1582039412,25,434069632,0,0,0,0,0,460969974,0,1655,0,93624579,11,93624579,11,2080,4253568622,10,222371313,0,0,0,0,0
