captured_ms|sequence|label|role|admission_snapshot_words_csv|ps_runtime_words_csv|pl_perf_snapshot_words_csv
1788096871999|1001|formal_primary_1800s|fixed|2,1378943233,16780339,6087671,6078742,6087671,6078742,6087671,6078742,10991,10960,5489,5479,0,0,0,0,177623368,177462023,4096,4096,0,0,5490,5490,362401642,362401631,362401594,362401639,0,0,0,0,0,0,0,0,4096,256,131072,4,15|4,0,1800000000,262144,6867,0,0,0,0,96,0,80,0,13,10,0,1,96,0|4,1076800524,0,2736048,0,2621440,0,2621440,0,3067947,0,10,10,299099270,0,299099270,0,2080,308914137,0,14285829,0,0,0,0,0
1788096871999|1001|formal_primary_1800s|rotating|2,1378943233,33555404,6155775,6146774,0,0,0,0,0,0,0,0,0,0,5550,5540,0,0,0,0,0,0,0,0,0,0,0,0,0,0,0,0,0,0,0,0,4096,256,131072,4,15|4,0,1800000000,262144,6867,0,0,0,0,96,0,80,0,13,10,0,1,96,0|4,395608234,0,2759760,0,2621440,0,2621440,0,3093948,0,10,10,301752563,0,301752563,0,2080,311272199,0,14285868,0,0,0,0,0
1788096877002|1001|formal_primary_1800s|fixed|4,1378943233,16780339,12147316,12130471,12147316,12130471,12147316,12130471,21933,21872,10955,10935,0,0,0,0,354486887,354162698,4096,4096,0,0,10956,10956,682607135,682607148,682607143,682607156,0,0,0,0,0,0,0,0,4096,256,131072,4,15|4,0,1800000000,262144,6867,0,0,0,0,176,0,160,0,23,20,0,1,176,0|6,1396894546,0,5428624,0,5242880,0,5242880,0,6094713,0,20,20,594144243,0,594144243,0,2080,613769291,0,26314826,0,0,0,0,0
1788096877002|1001|formal_primary_1800s|rotating|4,1378943233,33555404,12215291,12198481,0,0,0,0,0,0,0,0,0,0,11016,10996,0,0,0,0,0,0,0,0,0,0,0,0,0,0,0,0,0,0,0,0,4096,256,131072,4,15|4,0,1800000000,262144,6867,0,0,0,0,176,0,160,0,23,20,0,1,176,0|6,715784546,0,5452832,0,5242880,0,5242880,0,6120857,0,20,20,596871640,0,596871640,0,2080,615888679,0,26319937,0,0,0,0,0
1788096882009|1001|formal_primary_1800s|fixed|6,1378943233,16780339,18215690,18188592,18215690,18188592,18215690,18188592,32885,32794,16426,16396,0,0,0,0,531501075,531014702,4096,4096,0,0,16427,16427,1003075609,1003075622,1003075617,1003075630,0,0,0,0,0,0,0,0,4096,256,131072,4,15|4,0,1800000000,262144,6867,0,0,0,0,256,0,240,0,33,30,0,1,256,0|8,1717110271,0,8122188,0,7864320,0,7864320,0,9123712,0,30,30,889309429,0,889309429,0,2066,918746778,0,38343160,0,0,0,0,0
1788096882009|1001|formal_primary_1800s|rotating|6,1378943233,33558272,18287715,18259820,0,0,0,0,0,0,0,0,0,0,16492,16461,0,0,0,0,0,0,0,0,0,0,0,0,0,0,0,0,0,0,0,0,4096,256,131072,4,15|5,0,1800000000,262144,6867,0,0,0,0,264,0,248,0,34,31,0,1,264,0|8,1037492790,0,8145732,0,8126464,0,8126464,0,9148117,0,31,31,891087700,0,891087700,0,2080,920481299,0,39553964,0,0,0,0,0
1788096887009|1001|formal_primary_1800s|fixed|8,1378943233,16781056,24242031,24205727,24242031,24205727,24242031,24205727,43766,43642,21862,21821,0,0,0,0,707355328,706690192,4096,4096,0,0,21862,21862,1323102489,1323102822,1323102497,1323102830,0,0,0,0,0,0,0,0,4096,256,131072,4,15|4,0,1800000000,262144,6867,0,0,0,0,344,0,328,0,44,41,0,1,344,0|10,2037902617,0,10806692,0,10747904,0,10747904,0,12142145,0,41,41,1182614299,0,1182614299,0,2080,1222776598,0,51574826,0,0,0,0,0
1788096887009|1001|formal_primary_1800s|rotating|8,1378943233,33555404,24334600,24298449,0,0,0,0,0,0,0,0,0,0,21945,21904,0,0,0,0,0,0,0,0,0,0,0,0,0,0,0,0,0,0,0,0,4096,256,131072,4,15|4,0,1800000000,262144,6867,0,0,0,0,344,0,328,0,44,41,0,1,344,0|10,1357719529,0,10839296,0,10747904,0,10747904,0,12176091,0,41,41,1186261935,0,1186261935,0,2080,1225151315,0,51583124,0,0,0,0,0
1788096892017|1001|formal_primary_1800s|fixed|10,1378943233,16780339,30305837,30260971,30305837,30260971,30305837,30260971,54713,54559,27330,27279,0,0,0,0,884285091,883456358,4096,4096,0,0,27331,27331,1643439336,1643439317,1643439344,1643439325,0,0,0,0,0,0,0,0,4096,256,131072,4,15|4,0,1800000000,262144,6867,0,0,0,0,424,0,408,0,54,51,0,1,424,0|12,2357749356,0,13497292,0,13369344,0,13369344,0,15167156,0,51,51,1477413172,0,1477413172,0,2080,1527384494,0,63603824,0,0,0,0,0
1788096892017|1001|formal_primary_1800s|rotating|10,1378943233,33555404,30381252,30336374,0,0,0,0,0,0,0,0,0,0,27398,27347,0,0,0,0,0,0,0,0,0,0,0,0,0,0,0,0,0,0,0,0,4096,256,131072,4,15|4,0,1800000000,262144,6867,0,0,0,0,424,0,408,0,54,51,0,1,424,0|12,1677071366,0,13525448,0,13369344,0,13369344,0,15195337,0,51,51,1480558494,0,1480558494,0,2080,1528944208,0,63616918,0,0,0,0,0
1788096897017|1001|formal_primary_1800s|fixed|12,1378943233,16780339,36362940,36309397,36362940,36309397,36362940,36309397,65648,65464,32792,32731,0,0,0,0,1061029954,1060037885,4096,4096,0,0,32793,32793,1963435844,1963435825,1963435852,1963435833,0,0,0,0,0,0,0,0,4096,256,131072,4,15|4,0,1800000000,262144,6867,0,0,0,0,504,0,488,0,64,61,0,1,504,0|14,2677692589,0,16188384,0,15990784,0,15990784,0,18192965,0,61,61,1772309402,0,1772309402,0,2080,1832088968,0,75632704,0,0,0,0,0
1788096897017|1001|formal_primary_1800s|rotating|12,1378943233,33555404,36437670,36384095,0,0,0,0,0,0,0,0,0,0,32859,32798,0,0,0,0,0,0,0,0,0,0,0,0,0,0,0,0,0,0,0,0,4096,256,131072,4,15|4,0,1800000000,262144,6867,0,0,0,0,504,0,488,0,64,61,0,1,504,0|14,1996821015,0,16215060,0,15990784,0,15990784,0,18218328,0,61,61,1775250172,0,1775250172,0,2080,1833133990,0,75652559,0,0,0,0,0
1788096902019|1001|formal_primary_1800s|fixed|14,1378943233,16781056,42427620,42367600,42427620,42367600,42427620,42367600,76596,76382,38262,38191,0,0,0,0,1238006016,1236849104,4096,4096,0,0,38262,38262,2283822729,2283823070,2283822737,2283823078,0,0,0,0,0,0,0,0,4096,256,131072,4,15|4,0,1800000000,262144,6867,0,0,0,0,584,0,568,0,74,71,0,1,584,0|16,2997994152,0,18874368,0,18874368,0,18874368,0,21221431,0,72,72,2066596816,0,2066596816,0,2048,2137101567,0,87711842,0,0,0,0,0
1788096902019|1001|formal_primary_1800s|rotating|14,1378943233,33558272,42473227,42412497,0,0,0,0,0,0,0,0,0,0,38304,38232,0,0,0,0,0,0,0,0,0,0,0,0,0,0,0,0,0,0,0,0,4096,256,131072,4,15|5,0,1800000000,262144,6867,0,0,0,0,592,0,576,0,75,72,0,1,592,0|16,2316952522,0,18893636,0,18874368,0,18874368,0,21230061,0,72,72,2067893110,0,2067893110,0,2080,2136150481,0,88886557,0,0,0,0,0
1788096907022|1001|formal_primary_1800s|fixed|16,1378943233,16780339,48460761,48391019,48460761,48391019,48460761,48391019,87485,87238,43700,43618,0,0,0,0,1413955568,1412619321,4096,4096,0,0,43701,43701,2604037478,2604037475,2604037438,2604037483,0,0,0,0,0,0,0,0,4096,256,131072,4,15|4,0,1800000000,262144,6867,0,0,0,0,672,0,656,0,85,82,0,1,672,0|18,3317250901,0,21553608,0,21495808,0,21495808,0,24227486,0,82,82,2359330821,0,2359330821,0,2080,2439646304,0,100892983,0,0,0,0,0
1788096907022|1001|formal_primary_1800s|rotating|16,1378943233,33558272,48508692,48438966,0,0,0,0,0,0,0,0,0,0,43744,43662,0,0,0,0,0,0,0,0,0,0,0,0,0,0,0,0,0,0,0,0,4096,256,131072,4,15|4,0,1800000000,262144,6867,0,0,0,0,672,0,656,0,85,82,0,1,672,0|18,2636127412,0,21578308,0,21495808,0,21495808,0,24248939,0,82,82,2362018861,0,2362018861,0,2080,2439767337,0,100914566,0,0,0,0,0
1788096912046|1001|formal_primary_1800s|fixed|18,1378943233,16781056,54543631,54465041,54543631,54465041,54543631,54465041,98467,98190,49187,49095,0,0,0,0,1591477328,1589977256,4096,4096,0,0,49187,49187,2925366678,2925367011,2925366686,2925367019,0,0,0,0,0,0,0,0,4096,256,131072,4,15|4,0,1800000000,262144,6867,0,0,0,0,752,0,736,0,95,92,0,1,752,0|20,3640886248,0,24277800,0,24117248,0,24117248,0,27289430,0,92,92,2657908082,0,2657908082,0,2080,2748042808,0,112921973,0,0,0,0,0
1788096912046|1001|formal_primary_1800s|rotating|18,1378943233,33555404,54635157,54556581,0,0,0,0,0,0,0,0,0,0,49269,49177,0,0,0,0,0,0,0,0,0,0,0,0,0,0,0,0,0,0,0,0,4096,256,131072,4,15|4,0,1800000000,262144,6867,0,0,0,0,752,0,736,0,95,92,0,1,752,0|20,2959806536,0,24302500,0,24117248,0,24117248,0,27310768,0,92,92,2660634962,0,2660634962,0,2080,2747887466,0,112946625,0,0,0,0,0
1788096917051|1001|formal_primary_1800s|fixed|20,1378943233,16780339,60613812,60527180,60613812,60527180,60613812,60527180,109419,109112,54657,54555,0,0,0,0,1768494134,1766831169,4096,4096,0,0,54658,54658,3245843625,3245843646,3245843633,3245843654,0,0,0,0,0,0,0,0,4096,256,131072,4,15|4,0,1800000000,262144,6867,0,0,0,0,832,0,816,0,105,102,0,1,832,0|22,3959957956,0,26961484,0,26738688,0,26738688,0,30308632,0,102,102,2951930111,0,2951930111,0,2080,3051876072,0,124950529,0,0,0,0,0
1788096917051|1001|formal_primary_1800s|rotating|20,1378943233,33555404,60696343,60609678,0,0,0,0,0,0,0,0,0,0,54732,54630,0,0,0,0,0,0,0,0,0,0,0,0,0,0,0,0,0,0,0,0,4096,256,131072,4,15|4,0,1800000000,262144,6867,0,0,0,0,832,0,816,0,105,102,0,1,832,0|22,3280268805,0,26998532,0,26738688,0,26738688,0,30343237,0,102,102,2956042267,0,2956042267,0,2068,3052789639,0,124977679,0,0,0,0,0
1788096922065|1001|formal_primary_1800s|fixed|22,1378943233,16781056,66665636,66569313,66665636,66569313,66665636,66569313,120345,120006,60116,60003,0,0,0,0,1945077688,1943236584,4096,4096,0,0,60116,60116,3565596493,3565596493,3565596501,3565596501,0,0,0,0,0,0,0,0,4096,256,131072,4,15|4,0,1800000000,262144,6867,0,0,0,0,920,0,904,0,116,113,0,1,920,0|24,4280809001,0,29646480,0,29622272,0,29622272,0,33327741,0,113,113,3245296017,0,3245296017,0,2080,3355963916,0,138182829,0,0,0,0,0
1788096922065|1001|formal_primary_1800s|rotating|22,1378943233,33555404,66738594,66642130,0,0,0,0,0,0,0,0,0,0,60181,60068,0,0,0,0,0,0,0,0,0,0,0,0,0,0,0,0,0,0,0,0,4096,256,131072,4,15|4,0,1800000000,262144,6867,0,0,0,0,920,0,904,0,116,113,0,1,920,0|24,3600963100,0,29682048,0,29622272,0,29622272,0,33360253,0,113,113,3249246321,0,3249246321,0,2080,3356371173,0,138212084,0,0,0,0,0
1788096927074|1001|formal_primary_1800s|fixed|24,1378943233,16780339,72725294,72621063,72725294,72621063,72725294,72621063,131290,130920,65582,65459,0,0,0,0,2121945485,2119941560,4096,4096,0,0,65583,65583,3887364030,3887364075,3887364038,3887364059,0,0,0,0,0,0,0,0,4096,256,131072,4,15|4,0,1800000000,262144,6867,0,0,0,0,1000,0,984,0,126,123,0,1,1000,0|26,306711482,1,32345972,0,32243712,0,32243712,0,36361998,0,123,123,3541111329,0,3541111329,0,2080,3661595381,0,150211262,0,0,0,0,0
1788096927074|1001|formal_primary_1800s|rotating|24,1378943233,33555404,72793522,72689351,0,0,0,0,0,0,0,0,0,0,65643,65520,0,0,0,0,0,0,0,0,0,0,0,0,0,0,0,0,0,0,0,0,4096,256,131072,4,15|4,0,1800000000,262144,6867,0,0,0,0,1000,0,984,0,126,123,0,1,1000,0|26,3920569966,0,32370176,0,32243712,0,32243712,0,36381330,0,123,123,3543801435,0,3543801435,0,2080,3660418210,0,150241854,0,0,0,0,0
1788096932085|1001|formal_primary_1800s|fixed|26,1378943233,16780339,78795935,78682546,78795935,78682546,78795935,78682546,142243,141843,71054,70921,0,0,0,0,2298996236,2296828959,4096,4096,0,0,71055,71055,4207894549,4207894530,4207894557,4207894538,0,0,0,0,0,0,0,0,4096,256,131072,4,15|4,0,1800000000,262144,6867,0,0,0,0,1080,0,1064,0,136,133,0,1,1080,0|28,627903501,1,35048428,0,34865152,0,34865152,0,39401772,0,133,133,3837254107,0,3837254107,0,2080,3967548057,0,162240734,0,0,0,0,0
1788096932085|1001|formal_primary_1800s|rotating|26,1378943233,33555404,78891327,78777785,0,0,0,0,0,0,0,0,0,0,71139,71006,0,0,0,0,0,0,0,0,0,0,0,0,0,0,0,0,0,0,0,0,4096,256,131072,4,15|4,0,1800000000,262144,6867,0,0,0,0,1080,0,1064,0,136,133,0,1,1080,0|28,4242270593,0,35077080,0,34865152,0,34865152,0,39425152,0,133,133,3840439998,0,3840439998,0,2080,3966560387,0,162277266,0,0,0,0,0
1788096937093|1001|formal_primary_1800s|fixed|28,1378943233,16780339,84870593,84747720,84870593,84747720,84870593,84747720,153202,152772,76529,76385,0,0,0,0,2476145379,2473814040,4096,4096,0,0,76529,76529,233612486,233612675,233612494,233612643,0,0,0,0,0,0,0,0,4096,256,131072,4,15|4,0,1800000000,262144,6867,0,0,0,0,1160,0,1144,0,146,143,0,1,1160,0|30,947939159,1,37740508,0,37486592,0,37486592,0,42430078,0,143,143,4132240826,0,4132240826,0,2078,4272345058,0,174269517,0,0,0,0,0
1788096937093|1001|formal_primary_1800s|rotating|28,1378943233,33555404,84938711,84815768,0,0,0,0,0,0,0,0,0,0,76590,76447,0,0,0,0,0,0,0,0,0,0,0,0,0,0,0,0,0,0,0,0,4096,256,131072,4,15|4,0,1800000000,262144,6867,0,0,0,0,1164,0,1152,0,147,144,0,1,1164,0|30,266810704,1,37748736,0,37748736,0,37748736,0,42438155,0,144,144,4133100728,0,4133100728,0,2079,4269595141,0,175191793,0,0,0,0,0
1788096942104|1001|formal_primary_1800s|fixed|30,1378943233,16780339,90908825,90777331,90908825,90777331,90908825,90777331,164105,163642,81974,81820,0,0,0,0,2652315211,2649804926,4096,4096,0,0,81975,81975,554203802,554203799,554203810,554203807,0,0,0,0,0,0,0,0,4096,256,131072,4,15|4,0,1800000000,262144,6867,0,0,0,0,1248,0,1232,0,157,154,0,1,1248,0|32,1268538174,1,40423036,0,40370176,0,40370176,0,45447298,0,154,154,130388266,1,130388266,1,2080,281213747,1,187501676,0,0,0,0,0
1788096942104|1001|formal_primary_1800s|rotating|30,1378943233,33558272,90983921,90852537,0,0,0,0,0,0,0,0,0,0,82042,81888,0,0,0,0,0,0,0,0,0,0,0,0,0,0,0,0,0,0,0,0,4096,256,131072,4,15|4,0,1800000000,262144,6867,0,0,0,0,1248,0,1232,0,157,154,0,1,1248,0|32,587596936,1,40449216,0,40370176,0,40370176,0,45465892,0,154,154,133217651,1,133217651,1,2080,279211652,1,187548069,0,0,0,0,0
1788096947114|1001|formal_primary_1800s|fixed|32,1378943233,16780339,96973554,96834759,96973554,96834759,96973554,96834759,175061,174568,87447,87283,0,0,0,0,2829419958,2826745833,4096,4096,0,0,87448,87448,874818076,874818089,874818084,874818097,0,0,0,0,0,0,0,0,4096,256,131072,4,15|4,0,1800000000,262144,6867,0,0,0,0,1328,0,1312,0,167,164,0,1,1328,0|34,1589157974,1,43120552,0,42991616,0,42991616,0,48477767,0,164,164,425956697,1,425956697,1,2080,586594592,1,199530747,0,0,0,0,0
1788096947114|1001|formal_primary_1800s|rotating|32,1378943233,33555404,97048806,96909925,0,0,0,0,0,0,0,0,0,0,87515,87351,0,0,0,0,0,0,0,0,0,0,0,0,0,0,0,0,0,0,0,0,4096,256,131072,4,15|4,0,1800000000,262144,6867,0,0,0,0,1328,0,1312,0,167,164,0,1,1328,0|34,908426305,1,43148216,0,42991616,0,42991616,0,48497988,0,164,164,428989252,1,428989252,1,2080,584481138,1,199581132,0,0,0,0,0
1788096952126|1001|formal_primary_1800s|fixed|34,1378943233,16780339,103056353,102909130,103056353,102909130,103056353,102909130,186035,185512,92929,92755,0,0,0,0,3006782652,3003945599,4096,4096,0,0,92930,92930,1195889099,1195889096,1195889107,1195889104,0,0,0,0,0,0,0,0,4096,256,131072,4,15|4,0,1800000000,262144,6867,0,0,0,0,1408,0,1392,0,177,174,0,1,1408,0|36,1910063188,1,45820044,0,45613056,0,45613056,0,51515631,0,174,174,721813253,1,721813253,1,2080,892261190,1,211559478,0,0,0,0,0
1788096952126|1001|formal_primary_1800s|rotating|34,1378943233,33558272,103124015,102976769,0,0,0,0,0,0,0,0,0,0,92990,92816,0,0,0,0,0,0,0,0,0,0,0,0,0,0,0,0,0,0,0,0,4096,256,131072,4,15|4,0,1800000000,262144,6867,0,0,0,0,1408,0,1392,0,177,174,0,1,1408,0|36,1229142623,1,45846224,0,45613056,0,45613056,0,51533155,0,174,174,724646889,1,724646889,1,2080,889639291,1,211615372,0,0,0,0,0
1788096957141|1001|formal_primary_1800s|fixed|36,1378943233,16780339,109135747,108978210,109135747,108978210,109135747,108978210,197001,196448,98407,98223,0,0,0,0,3184052525,3181052392,4096,4096,0,0,98408,98408,1516787317,1516787306,1516787325,1516787322,0,0,0,0,0,0,0,0,4096,256,131072,4,15|4,0,1800000000,262144,6867,0,0,0,0,1496,0,1480,0,188,185,0,1,1496,0|38,2231051774,1,48506520,0,48496640,0,48496640,0,54537482,0,185,185,1015315232,1,1015315232,1,2080,1196486362,1,224792021,0,0,0,0,0
1788096957141|1001|formal_primary_1800s|rotating|36,1378943233,33555404,109173537,109015201,0,0,0,0,0,0,0,0,0,0,98442,98257,0,0,0,0,0,0,0,0,0,0,0,0,0,0,0,0,0,0,0,0,4096,256,131072,4,15|4,0,1800000000,262144,6867,0,0,0,0,1496,0,1480,0,188,185,0,1,1496,0|38,1550809116,1,48538632,0,48496640,0,48496640,0,54561187,0,185,185,1018820695,1,1018820695,1,2080,1194191914,1,224850046,0,0,0,0,0
1788096962169|1001|formal_primary_1800s|fixed|38,1378943233,16781056,115194765,115028197,115194765,115028197,115194765,115028197,207940,207354,103872,103677,0,0,0,0,3360831368,3357651384,4096,4096,0,0,103872,103872,1838411010,1838411359,1838411026,1838411367,0,0,0,0,0,0,0,0,4096,256,131072,4,15|4,0,1800000000,262144,6867,0,0,0,0,1576,0,1560,0,198,195,0,1,1576,0|40,2552702966,1,51212928,0,51118080,0,51118080,0,57580881,0,195,195,1311909512,1,1311909512,1,2080,1502898278,1,236821423,0,0,0,0,0
1788096962169|1001|formal_primary_1800s|rotating|38,1378943233,33555404,115270560,115104040,0,0,0,0,0,0,0,0,0,0,103940,103745,0,0,0,0,0,0,0,0,0,0,0,0,0,0,0,0,0,0,0,0,4096,256,131072,4,15|4,0,1800000000,262144,6867,0,0,0,0,1576,0,1560,0,198,195,0,1,1576,0|40,1872021488,1,51241088,0,51118080,0,51118080,0,57599678,0,195,195,1314976563,1,1314976563,1,2080,1499843532,1,236881004,0,0,0,0,0
1788096967183|1001|formal_primary_1800s|fixed|40,1378943233,16780339,121277142,121101979,121277142,121101979,121277142,121101979,218914,218298,109353,109148,0,0,0,0,3538186219,3534843134,4096,4096,0,0,109354,109354,2159478729,2159478710,2159478737,2159478718,0,0,0,0,0,0,0,0,4096,256,131072,4,15|4,0,1800000000,262144,6867,0,0,0,0,1656,0,1640,0,208,205,0,1,1656,0|42,2873868215,1,53914892,0,53739520,0,53739520,0,60621112,0,205,205,1608022961,1,1608022961,1,2080,1808824329,1,248850724,0,0,0,0,0
1788096967183|1001|formal_primary_1800s|rotating|40,1378943233,33555404,121345236,121170097,0,0,0,0,0,0,0,0,0,0,109414,109209,0,0,0,0,0,0,0,0,0,0,0,0,0,0,0,0,0,0,0,0,4096,256,131072,4,15|4,0,1800000000,262144,6867,0,0,0,0,1656,0,1640,0,208,205,0,1,1656,0|42,2192609057,1,53938108,0,53739520,0,53739520,0,60633309,0,205,205,1610506220,1,1610506220,1,2080,1804871502,1,248914731,0,0,0,0,0
1788096972183|1001|formal_primary_1800s|fixed|42,1378943233,16780339,127335578,127151765,127335578,127151765,127335578,127151765,229842,229196,114812,114597,0,0,0,0,3714834273,3711328116,4096,4096,0,0,114813,114813,2479308621,2479308626,2479308629,2479308634,0,0,0,0,0,0,0,0,4096,256,131072,4,15|4,0,1800000000,262144,6867,0,0,0,0,1736,0,1720,0,218,215,0,1,1736,0|44,3193523182,1,56603516,0,56360960,0,56360960,0,63646266,0,215,215,1902627906,1,1902627906,1,2080,2113240142,1,260880049,0,0,0,0,0
1788096972183|1001|formal_primary_1800s|rotating|42,1378943233,33558272,127411282,127227416,0,0,0,0,0,0,0,0,0,0,114881,114666,0,0,0,0,0,0,0,0,0,0,0,0,0,0,0,0,0,0,0,0,4096,256,131072,4,15|4,0,1800000000,262144,6867,0,0,0,0,1736,0,1720,0,218,215,0,1,1736,0|44,2512805803,1,56623104,0,56623104,0,56623104,0,63661861,0,216,216,1904682947,1,1904682947,1,2048,2109425422,1,260999217,0,0,0,0,0
1788096977197|1001|formal_primary_1800s|fixed|44,1378943233,16780339,133381425,133187279,133381425,133187279,133381425,133187279,240763,240084,120267,120041,0,0,0,0,3891303876,3887617783,4096,4096,0,0,120268,120268,2800413716,2800413721,2800413724,2800413737,0,0,0,0,0,0,0,0,4096,256,131072,4,15|4,0,1800000000,262144,6867,0,0,0,0,1824,0,1808,0,229,226,0,1,1824,0|46,3514664423,1,59291476,0,59244544,0,59244544,0,66666994,0,226,226,2196287067,1,2196287067,1,2080,2417617992,1,274112587,0,0,0,0,0
1788096977197|1001|formal_primary_1800s|rotating|44,1378943233,33558272,133448865,133254659,0,0,0,0,0,0,0,0,0,0,120328,120102,0,0,0,0,0,0,0,0,0,0,0,0,0,0,0,0,0,0,0,0,4096,256,131072,4,15|4,0,1800000000,262144,6867,0,0,0,0,1824,0,1808,0,229,226,0,1,1824,0|46,2833592488,1,59316176,0,59244544,0,59244544,0,66679633,0,226,226,2198938427,1,2198938427,1,2080,2413181273,1,274186544,0,0,0,0,0
1788096982202|1001|formal_primary_1800s|fixed|46,1378943233,16780339,139444387,139240475,139444387,139240475,139444387,139240475,251703,250994,125732,125496,0,0,0,0,4068152770,4064301912,4096,4096,0,0,125733,125733,3120585285,3120585314,3120585293,3120585290,0,0,0,0,0,0,0,0,4096,256,131072,4,15|4,0,1800000000,262144,6867,0,0,0,0,1904,0,1888,0,239,236,0,1,1904,0|48,3834885127,1,61985040,0,61865984,0,61865984,0,69696483,0,236,236,2491458122,1,2491458122,1,2080,2722599648,1,286141772,0,0,0,0,0
1788096982202|1001|formal_primary_1800s|rotating|46,1378943233,33558272,139520122,139316162,0,0,0,0,0,0,0,0,0,0,125801,125565,0,0,0,0,0,0,0,0,0,0,0,0,0,0,0,0,0,0,0,0,4096,256,131072,4,15|4,0,1800000000,262144,6867,0,0,0,0,1904,0,1888,0,239,236,0,1,1904,0|48,3154896472,1,62019620,0,61865984,0,61865984,0,69719467,0,236,236,2495183466,1,2495183466,1,2080,2718926134,1,286219655,0,0,0,0,0
1788096987212|1001|formal_primary_1800s|fixed|48,1378943233,16780339,145519261,145306265,145519261,145306265,145519261,145306265,262668,261929,131210,130964,0,0,0,0,4245378507,4241364710,4096,4096,0,0,131211,131211,3441424099,3441424120,3441424115,3441424128,0,0,0,0,0,0,0,0,4096,256,131072,4,15|4,0,1800000000,262144,6867,0,0,0,0,1984,0,1968,0,249,246,0,1,1984,0|50,4155875518,1,64685520,0,64487424,0,64487424,0,72733419,0,246,246,2787394910,1,2787394910,1,2080,3028350702,1,298171240,0,0,0,0,0
1788096987212|1001|formal_primary_1800s|rotating|48,1378943233,33558272,145588318,145375287,0,0,0,0,0,0,0,0,0,0,131272,131026,0,0,0,0,0,0,0,0,0,0,0,0,0,0,0,0,0,0,0,0,4096,256,131072,4,15|4,0,1800000000,262144,6867,0,0,0,0,1984,0,1968,0,249,246,0,1,1984,0|50,3474653175,1,64709232,0,64487424,0,64487424,0,72743426,0,246,246,2789886857,1,2789886857,1,2080,3023123957,1,298250624,0,0,0,0,0
1788096992223|1001|formal_primary_1800s|fixed|50,1378943233,16780339,151594432,151372604,151594432,151372604,151594432,151372604,273631,272862,136686,136430,0,0,0,0,4294967295,4294967295,4096,4096,0,0,136687,136687,3762210006,3762210011,3762210014,3762210019,0,0,0,0,0,0,0,0,4096,256,131072,4,15|4,0,1800000000,262144,6867,0,0,0,0,2068,0,2056,0,260,257,0,1,2068,0|52,181402866,2,67371008,0,67371008,0,67371008,0,75761762,0,257,257,3081615048,1,3081615048,1,2048,3333298037,1,310508661,0,0,0,0,0
1788096992223|1001|formal_primary_1800s|rotating|50,1378943233,33558272,151634863,151412188,0,0,0,0,0,0,0,0,0,0,136724,136467,0,0,0,0,0,0,0,0,0,0,0,0,0,0,0,0,0,0,0,0,4096,256,131072,4,15|5,0,1800000000,262144,6867,0,0,0,0,2072,0,2056,0,260,257,0,1,2072,0|52,3795291606,1,67392252,0,67371008,0,67371008,0,75760486,0,257,257,3083038128,1,3083038128,1,2080,3326647752,1,311482038,0,0,0,0,0
1788096997232|1001|formal_primary_1800s|fixed|52,1378943233,16781056,157624971,157394367,157624971,157394367,157624971,157394367,284522,283720,142127,141860,0,0,0,0,4294967295,4294967295,4096,4096,0,0,142127,142127,4082500649,4082500982,4082500657,4082500990,0,0,0,0,0,0,0,0,4096,256,131072,4,15|4,0,1800000000,262144,6867,0,0,0,0,2152,0,2136,0,270,267,0,1,2152,0|54,501230627,2,70057656,0,69992448,0,69992448,0,78774068,0,267,267,3375180497,1,3375180497,1,2080,3636671735,1,323431828,0,0,0,0,0
1788096997232|1001|formal_primary_1800s|rotating|52,1378943233,33555404,157700065,157469508,0,0,0,0,0,0,0,0,0,0,142194,141927,0,0,0,0,0,0,0,0,0,0,0,0,0,0,0,0,0,0,0,0,4096,256,131072,4,15|4,0,1800000000,262144,6867,0,0,0,0,2152,0,2136,0,270,267,0,1,2152,0|54,4116071912,1,70090756,0,69992448,0,69992448,0,78793628,0,267,267,3378758934,1,3378758934,1,2080,3631867457,1,323516941,0,0,0,0,0
1788097002233|1001|formal_primary_1800s|fixed|54,1378943233,16780339,163693105,163453741,163693105,163453741,163693105,163453741,295468,294636,147594,147317,0,0,0,0,4294967295,4294967295,4096,4096,0,0,147595,147595,107842898,107842919,107842906,107842927,0,0,0,0,0,0,0,0,4096,256,131072,4,15|4,0,1800000000,262144,6867,0,0,0,0,2232,0,2216,0,280,277,0,1,2232,0|56,822060013,2,72757148,0,72613888,0,72613888,0,81811268,0,277,277,3670959179,1,3670959179,1,2080,3942262858,1,335460234,0,0,0,0,0
1788097002233|1001|formal_primary_1800s|rotating|54,1378943233,33555404,163760224,163520795,0,0,0,0,0,0,0,0,0,0,147655,147378,0,0,0,0,0,0,0,0,0,0,0,0,0,0,0,0,0,0,0,0,4096,256,131072,4,15|4,0,1800000000,262144,6867,0,0,0,0,2232,0,2216,0,280,277,0,1,2232,0|56,141711041,2,72788272,0,72613888,0,72613888,0,81827892,0,277,277,3674308884,1,3674308884,1,2080,3936915387,1,335549069,0,0,0,0,0
1788097007236|1001|formal_primary_1800s|fixed|56,1378943233,16781056,169749450,169500417,169749450,169500417,169749450,169500417,306402,305540,153057,152770,0,0,0,0,4294967295,4294967295,4096,4096,0,0,153057,153057,427827781,427828114,427827789,427828122,0,0,0,0,0,0,0,0,4096,256,131072,4,15|4,0,1800000000,262144,6867,0,0,0,0,2312,0,2296,0,290,287,0,1,2312,0|58,1142151751,2,75449724,0,75235328,0,75235328,0,84837912,0,287,287,3966002429,1,3966002429,1,2080,4247115391,1,347489581,0,0,0,0,0
1788097007236|1001|formal_primary_1800s|rotating|56,1378943233,33555404,169823658,169574578,0,0,0,0,0,0,0,0,0,0,153124,152837,0,0,0,0,0,0,0,0,0,0,0,0,0,0,0,0,0,0,0,0,4096,256,131072,4,15|4,0,1800000000,262144,6867,0,0,0,0,2312,0,2296,0,290,287,0,1,2312,0|58,461380100,2,75476896,0,75235328,0,75235328,0,84849426,0,287,287,3968923180,1,3968923180,1,2080,4241026874,1,347581731,0,0,0,0,0
1788097012242|1001|formal_primary_1800s|fixed|58,1378943233,16780339,175817850,175559596,175817850,175559596,175817850,175559596,317352,316460,158526,158229,0,0,0,0,4294967295,4294967295,4096,4096,0,0,158527,158527,748229518,748229507,748229526,748229515,0,0,0,0,0,0,0,0,4096,256,131072,4,15|4,0,1800000000,262144,6867,0,0,0,0,2400,0,2384,0,301,298,0,1,2400,0|60,1462482846,2,78129780,0,78118912,0,78118912,0,87853436,0,298,298,4258848516,1,4258848516,1,2080,255716014,2,360721848,0,0,0,0,0
1788097012242|1001|formal_primary_1800s|rotating|58,1378943233,33555404,175862753,175603809,0,0,0,0,0,0,0,0,0,0,158567,158269,0,0,0,0,0,0,0,0,0,0,0,0,0,0,0,0,0,0,0,0,4096,256,131072,4,15|4,0,1800000000,262144,6867,0,0,0,0,2400,0,2384,0,301,298,0,1,2400,0|60,782556557,2,78164856,0,78118912,0,78118912,0,87872515,0,298,298,4262606834,1,4262606834,1,2080,250120695,2,360817615,0,0,0,0,0
1788097017245|1001|formal_primary_1800s|fixed|60,1378943233,16780339,181851173,181584090,181851173,181584090,181851173,181584090,328247,327322,163968,163660,0,0,0,0,4294967295,4294967295,4096,4096,0,0,163969,163969,1068640006,1068640035,1068640014,1068640043,0,0,0,0,0,0,0,0,4096,256,131072,4,15|4,0,1800000000,262144,6867,0,0,0,0,2480,0,2464,0,311,308,0,1,2480,0|62,1782862688,2,80825320,0,80740352,0,80740352,0,90883335,0,308,308,259210538,2,259210538,2,2080,560856705,2,372751149,0,0,0,0,0
1788097017245|1001|formal_primary_1800s|rotating|60,1378943233,33555404,181928553,181661511,0,0,0,0,0,0,0,0,0,0,164038,163730,0,0,0,0,0,0,0,0,0,0,0,0,0,0,0,0,0,0,0,0,4096,256,131072,4,15|4,0,1800000000,262144,6867,0,0,0,0,2480,0,2464,0,311,308,0,1,2480,0|62,1102800781,2,80858912,0,80740352,0,80740352,0,90900506,0,308,308,262827738,2,262827738,2,2080,554806094,2,372850209,0,0,0,0,0
1788097022256|1001|formal_primary_1800s|fixed|62,1378943233,16780339,187923710,187647885,187923710,187647885,187923710,187647885,339207,338252,169443,169125,0,0,0,0,4294967295,4294967295,4096,4096,0,0,169444,169444,1389336447,1389336428,1389336423,1389336436,0,0,0,0,0,0,0,0,4096,256,131072,4,15|4,0,1800000000,262144,6867,0,0,0,0,2560,0,2544,0,321,318,0,1,2560,0|64,2104250581,2,83529260,0,83361792,0,83361792,0,93924201,0,318,318,555545697,2,555545697,2,2080,867005953,2,384779886,0,0,0,0,0
1788097022256|1001|formal_primary_1800s|rotating|62,1378943233,33555404,188015969,187739932,0,0,0,0,0,0,0,0,0,0,169526,169208,0,0,0,0,0,0,0,0,0,0,0,0,0,0,0,0,0,0,0,0,4096,256,131072,4,15|4,0,1800000000,262144,6867,0,0,0,0,2560,0,2544,0,321,318,0,1,2560,0|64,1424462213,2,83565320,0,83361792,0,83361792,0,93943609,0,318,318,559429521,2,559429521,2,2080,860907545,2,384883310,0,0,0,0,0
1788097027271|1001|formal_primary_1800s|fixed|64,1378943233,16780339,193997364,193713886,193997364,193713886,193997364,193713886,350171,349186,174920,174592,0,0,0,0,4294967295,4294967295,4096,4096,0,0,174921,174921,1710140682,1710140679,1710140690,1710140687,0,0,0,0,0,0,0,0,4096,256,131072,4,15|4,0,1800000000,262144,6867,0,0,0,0,2640,0,2624,0,331,328,0,1,2640,0|66,2423687584,2,86215908,0,85983232,0,85983232,0,96945636,0,328,328,849932755,2,849932755,2,2080,1171204101,2,396808865,0,0,0,0,0
1788097027271|1001|formal_primary_1800s|rotating|64,1378943233,33558272,194049177,193765678,0,0,0,0,0,0,0,0,0,0,174967,174639,0,0,0,0,0,0,0,0,0,0,0,0,0,0,0,0,0,0,0,0,4096,256,131072,4,15|4,0,1800000000,262144,6867,0,0,0,0,2640,0,2624,0,331,328,0,1,2640,0|66,1742572531,2,86240112,0,85983232,0,85983232,0,96951101,0,328,328,852490004,2,852490004,2,2070,1163458472,2,396914491,0,0,0,0,0
1788097032277|1001|formal_primary_1800s|fixed|66,1378943233,16780339,200033547,199739530,200033547,199739530,200033547,199739530,361066,360048,180362,180023,0,0,0,0,4294967295,4294967295,4096,4096,0,0,180363,180363,2030558041,2030558046,2030558049,2030558054,0,0,0,0,0,0,0,0,4096,256,131072,4,15|4,0,1800000000,262144,6867,0,0,0,0,2728,0,2712,0,342,339,0,1,2728,0|68,2744724322,2,88902880,0,88866816,0,88866816,0,99967214,0,339,339,1143485047,2,1143485047,2,2080,1475478313,2,410040503,0,0,0,0,0
1788097032277|1001|formal_primary_1800s|rotating|66,1378943233,33555404,200109604,199815479,0,0,0,0,0,0,0,0,0,0,180431,180092,0,0,0,0,0,0,0,0,0,0,0,0,0,0,0,0,0,0,0,0,4096,256,131072,4,15|4,0,1800000000,262144,6867,0,0,0,0,2728,0,2712,0,342,339,0,1,2728,0|68,2064241866,2,88932520,0,88866816,0,88866816,0,99978436,0,339,339,1146665821,2,1146665821,2,2080,1468014499,2,410149967,0,0,0,0,0
1788097037291|1001|formal_primary_1800s|fixed|68,1378943233,16780339,206109420,205806184,206109420,205806184,206109420,205806184,372034,370986,185841,185492,0,0,0,0,4294967295,4294967295,4096,4096,0,0,185842,185842,2351472855,2351472860,2351472863,2351472868,0,0,0,0,0,0,0,0,4096,256,131072,4,15|4,0,1800000000,262144,6867,0,0,0,0,2808,0,2792,0,352,349,0,1,2808,0|70,3065718667,2,91603360,0,91488256,0,91488256,0,103003660,0,349,349,1439429989,2,1439429989,2,2080,1781233896,2,422069376,0,0,0,0,0
1788097037291|1001|formal_primary_1800s|rotating|68,1378943233,33555404,206185973,205882814,0,0,0,0,0,0,0,0,0,0,185910,185561,0,0,0,0,0,0,0,0,0,0,0,0,0,0,0,0,0,0,0,0,4096,256,131072,4,15|4,0,1800000000,262144,6867,0,0,0,0,2808,0,2792,0,352,349,0,1,2808,0|70,2384973556,2,91631024,0,91488256,0,91488256,0,103011477,0,349,349,1442338453,2,1442338453,2,2080,1773187405,2,422184476,0,0,0,0,0
1788097042294|1001|formal_primary_1800s|fixed|70,1378943233,16781056,212174814,211863371,212174814,211863371,212174814,211863371,382974,381896,191307,190948,0,0,0,0,4294967295,4294967295,4096,4096,0,0,191307,191307,2671636805,2671637154,2671636813,2671637162,0,0,0,0,0,0,0,0,4096,256,131072,4,15|4,0,1800000000,262144,6867,0,0,0,0,2888,0,2872,0,362,359,0,1,2888,0|72,3385845585,2,94295936,0,94109696,0,94109696,0,106033863,0,359,359,1734509218,2,1734509218,2,2080,2086122088,2,434098230,0,0,0,0,0
1788097042294|1001|formal_primary_1800s|rotating|70,1378943233,33555404,212251117,211939669,0,0,0,0,0,0,0,0,0,0,191375,191016,0,0,0,0,0,0,0,0,0,0,0,0,0,0,0,0,0,0,0,0,4096,256,131072,4,15|4,0,1800000000,262144,6867,0,0,0,0,2888,0,2872,0,362,359,0,1,2888,0|72,2705385014,2,94326564,0,94109696,0,94109696,0,106043646,0,359,359,1737690237,2,1737690237,2,2080,2078038425,2,434220364,0,0,0,0,0
1788097047299|1001|formal_primary_1800s|fixed|72,1378943233,16781056,218237048,217918159,218237048,217918159,218237048,217918159,393922,392814,196776,196407,0,0,0,0,4294967295,4294967295,4096,4096,0,0,196776,196776,2992007698,2992008023,2992007706,2992008031,0,0,0,0,0,0,0,0,4096,256,131072,4,15|4,0,1800000000,262144,6867,0,0,0,0,2968,0,2952,0,372,369,0,1,2968,0|74,3706209209,2,96990980,0,96731136,0,96731136,0,109063054,0,369,369,2029823330,2,2029823330,2,2050,2391246446,2,446127628,0,0,0,0,0
1788097047299|1001|formal_primary_1800s|rotating|72,1378943233,33558272,218306934,217987290,0,0,0,0,0,0,0,0,0,0,196840,196470,0,0,0,0,0,0,0,0,0,0,0,0,0,0,0,0,0,0,0,0,4096,256,131072,4,15|5,0,1800000000,262144,6867,0,0,0,0,2976,0,2960,0,373,370,0,1,2976,0|74,3025599914,2,97005632,0,96993280,0,96993280,0,109054791,0,370,370,2030416274,2,2030416274,2,2080,2381139797,2,447454534,0,0,0,0,0
1788097052306|1001|formal_primary_1800s|fixed|74,1378943233,16781056,224275539,223946680,224275539,223946680,224275539,223946680,404825,403684,202222,201842,0,0,0,0,4294967295,4294967295,4096,4096,0,0,202222,202222,3312623865,3312624198,3312623873,3312624206,0,0,0,0,0,0,0,0,4096,256,131072,4,15|4,0,1800000000,262144,6867,0,0,0,0,3056,0,3040,0,383,380,0,1,3056,0|76,4026832727,2,99674000,0,99614720,0,99614720,0,112080048,0,380,380,2322959461,2,2322959461,2,2080,2695106718,2,459360001,0,0,0,0,0
1788097052306|1001|formal_primary_1800s|rotating|74,1378943233,33555404,224344587,224015714,0,0,0,0,0,0,0,0,0,0,202283,201903,0,0,0,0,0,0,0,0,0,0,0,0,0,0,0,0,0,0,0,0,4096,256,131072,4,15|4,0,1800000000,262144,6867,0,0,0,0,3056,0,3040,0,383,380,0,1,3056,0|76,3345845961,2,99699688,0,99614720,0,99614720,0,112083197,0,380,380,2325605725,2,2325605725,2,2080,2685825781,2,459487677,0,0,0,0,0
1788097057313|1001|formal_primary_1800s|fixed|76,1378943233,16781056,230341470,230003623,230341470,230003623,230341470,230003623,415771,414600,207690,207300,0,0,0,0,4294967295,4294967295,4096,4096,0,0,207690,207690,3632938217,3632938550,3632938225,3632938558,0,0,0,0,0,0,0,0,4096,256,131072,4,15|4,0,1800000000,262144,6867,0,0,0,0,3136,0,3120,0,393,390,0,1,3136,0|78,52267423,3,102369540,0,102236160,0,102236160,0,115111452,0,390,390,2618309212,2,2618309212,2,2080,3000270192,2,471388631,0,0,0,0,0
1788097057313|1001|formal_primary_1800s|rotating|76,1378943233,33555404,230419057,230081409,0,0,0,0,0,0,0,0,0,0,207760,207370,0,0,0,0,0,0,0,0,0,0,0,0,0,0,0,0,0,0,0,0,4096,256,131072,4,15|4,0,1800000000,262144,6867,0,0,0,0,3136,0,3120,0,393,390,0,1,3136,0|78,3667304635,2,102404616,0,102236160,0,102236160,0,115124608,0,390,390,2622007091,2,2622007091,2,2080,2991724712,2,471518812,0,0,0,0,0
1788097062316|1001|formal_primary_1800s|fixed|78,1378943233,16780339,236399024,236053539,236399024,236053539,236399024,236053539,426713,425512,213155,212755,0,0,0,0,4294967295,4294967295,4096,4096,0,0,213156,213156,3953117942,3953117931,3953117950,3953117939,0,0,0,0,0,0,0,0,4096,256,131072,4,15|4,0,1800000000,262144,6867,0,0,0,0,3216,0,3200,0,403,400,0,1,3216,0|80,372505334,3,105063600,0,104857600,0,104857600,0,118138993,0,400,400,2913500290,2,2913500290,2,2080,3305269164,2,483417667,0,0,0,0,0
1788097062316|1001|formal_primary_1800s|rotating|78,1378943233,33556360,236475160,236129608,0,0,0,0,0,0,0,0,0,0,213224,212824,0,0,0,0,0,0,0,0,0,0,0,0,0,0,0,0,0,0,0,0,4096,256,131072,4,15|4,0,1800000000,262144,6867,0,0,0,0,3216,0,3200,0,403,400,0,1,3216,0|80,3986743366,2,105091264,0,104857600,0,104857600,0,118143371,0,400,400,2916390899,2,2916390899,2,2080,3295606977,2,483552090,0,0,0,0,0
1788097067318|1001|formal_primary_1800s|fixed|80,1378943233,16781056,242471386,242117098,242471386,242117098,242471386,242117098,437687,436456,218638,218228,0,0,0,0,4294967295,4294967295,4096,4096,0,0,218638,218638,4274237272,4274237629,4274237280,4274237637,0,0,0,0,0,0,0,0,4096,256,131072,4,15|5,0,1800000000,262144,6867,0,0,0,0,3304,0,3288,0,414,411,0,1,3304,0|82,694181191,3,107756004,0,107741184,0,107741184,0,121162519,0,411,411,3207683551,2,3207683551,2,2080,3610182201,2,496649635,0,0,0,0,0
1788097067318|1001|formal_primary_1800s|rotating|80,1378943233,33555404,242535883,242180776,0,0,0,0,0,0,0,0,0,0,218697,218286,0,0,0,0,0,0,0,0,0,0,0,0,0,0,0,0,0,0,0,0,4096,256,131072,4,15|4,0,1800000000,262144,6867,0,0,0,0,3304,0,3288,0,414,411,0,1,3304,0|82,13984904,3,107788116,0,107741184,0,107741184,0,121171842,0,411,411,3211107210,2,3211107210,2,2080,3600698118,2,496785479,0,0,0,0,0
1788097072325|1001|formal_primary_1800s|fixed|82,1378943233,16780339,248482681,248118491,248482681,248118491,248482681,248118491,448550,447286,224063,223642,0,0,0,0,4294967295,4294967295,4096,4096,0,0,224064,224064,298739562,298739559,298739530,298739567,0,0,0,0,0,0,0,0,4096,256,131072,4,15|4,0,1800000000,262144,6867,0,0,0,0,3384,0,3368,0,424,421,0,1,3384,0|84,1014052680,3,110446604,0,110362624,0,110362624,0,124185683,0,421,421,3502507049,2,3502507049,2,2080,3914814969,2,508678467,0,0,0,0,0
1788097072325|1001|formal_primary_1800s|rotating|82,1378943233,33558272,248567852,248203680,0,0,0,0,0,0,0,0,0,0,224140,223719,0,0,0,0,0,0,0,0,0,0,0,0,0,0,0,0,0,0,0,0,4096,256,131072,4,15|4,0,1800000000,262144,6867,0,0,0,0,3384,0,3368,0,424,421,0,1,3384,0|84,333154996,3,110472788,0,110362624,0,110362624,0,124187290,0,421,421,3505224813,2,3505224813,2,2080,3904311443,2,508816840,0,0,0,0,0
1788097077332|1001|formal_primary_1800s|fixed|84,1378943233,16780339,254547309,254173923,254547309,254173923,254547309,254173923,459503,458208,229535,229104,0,0,0,0,4294967295,4294967295,4096,4096,0,0,229536,229536,619270395,619270400,619270403,619270408,0,0,0,0,0,0,0,0,4096,256,131072,4,15|4,0,1800000000,262144,6867,0,0,0,0,3464,0,3448,0,434,431,0,1,3464,0|86,1334114056,3,113138688,0,112984064,0,112984064,0,127211125,0,431,431,3797516995,2,3797516995,2,2080,4219637489,2,520707428,0,0,0,0,0
1788097077332|1001|formal_primary_1800s|rotating|84,1378943233,33555404,254650045,254276612,0,0,0,0,0,0,0,0,0,0,229627,229196,0,0,0,0,0,0,0,0,0,0,0,0,0,0,0,0,0,0,0,0,4096,256,131072,4,15|4,0,1800000000,262144,6867,0,0,0,0,3464,0,3448,0,434,431,0,1,3464,0|86,654881075,3,113179688,0,112984064,0,112984064,0,127228732,0,431,431,3801894550,2,3801894550,2,2080,4210479525,2,520846550,0,0,0,0,0
1788097082336|1001|formal_primary_1800s|fixed|86,1378943233,16781056,260611456,260229251,260611456,260229251,260611456,260229251,470452,469128,235005,234564,0,0,0,0,4294967295,4294967295,4096,4096,0,0,235005,235005,939678097,939678406,939678105,939678414,0,0,0,0,0,0,0,0,4096,256,131072,4,15|4,0,1800000000,262144,6867,0,0,0,0,3544,0,3528,0,444,441,0,1,3544,0|88,1654266879,3,115831756,0,115605504,0,115605504,0,130238281,0,441,441,4092617950,2,4092617950,2,2080,229584143,3,532736434,0,0,0,0,0
1788097082336|1001|formal_primary_1800s|rotating|86,1378943233,33558272,260701340,260319099,0,0,0,0,0,0,0,0,0,0,235086,234645,0,0,0,0,0,0,0,0,0,0,0,0,0,0,0,0,0,0,0,0,4096,256,131072,4,15|4,0,1800000000,262144,6867,0,0,0,0,3544,0,3528,0,444,441,0,1,3544,0|88,974022434,3,115863868,0,115605504,0,115605504,0,130244907,0,441,441,4095984214,2,4095984214,2,2074,219094385,3,532877235,0,0,0,0,0
1788097087338|1001|formal_primary_1800s|fixed|88,1378943233,16781056,266659853,266269188,266659853,266269188,266659853,266269188,481380,480024,240464,240012,0,0,0,0,4294967295,4294967295,4096,4096,0,0,240464,240464,1259480946,1259480946,1259480954,1259480954,0,0,0,0,0,0,0,0,4096,256,131072,4,15|5,0,1800000000,262144,6867,0,0,0,0,3632,0,3616,0,455,452,0,1,3632,0|90,1974250519,3,118509344,0,118489088,0,118489088,0,133246806,0,452,452,90150867,3,90150867,3,2080,532805007,3,545968368,0,0,0,0,0
1788097087338|1001|formal_primary_1800s|rotating|88,1378943233,33558272,266729754,266339182,0,0,0,0,0,0,0,0,0,0,240527,240075,0,0,0,0,0,0,0,0,0,0,0,0,0,0,0,0,0,0,0,0,4096,256,131072,4,15|4,0,1800000000,262144,6867,0,0,0,0,3632,0,3616,0,455,452,0,1,3632,0|90,1294883528,3,118549356,0,118489088,0,118489088,0,133261574,0,452,452,94383238,3,94383238,3,2080,522838109,3,546115680,0,0,0,0,0
1788097092351|1001|formal_primary_1800s|fixed|90,1378943233,16780339,272713044,272314290,272713044,272314290,272713044,272314290,492313,490926,245924,245462,0,0,0,0,4294967295,4294967295,4096,4096,0,0,245925,245925,1580922378,1580922407,1580922386,1580922375,0,0,0,0,0,0,0,0,4096,256,131072,4,15|4,0,1800000000,262144,6867,0,0,0,0,3712,0,3696,0,465,462,0,1,3712,0|92,2295002743,3,121207848,0,121110528,0,121110528,0,136279930,0,462,462,385853114,3,385853114,3,2080,838318408,3,557997324,0,0,0,0,0
1788097092351|1001|formal_primary_1800s|rotating|90,1378943233,33555404,272777309,272378572,0,0,0,0,0,0,0,0,0,0,245982,245520,0,0,0,0,0,0,0,0,0,0,0,0,0,0,0,0,0,0,0,0,4096,256,131072,4,15|4,0,1800000000,262144,6867,0,0,0,0,3712,0,3696,0,465,462,0,1,3712,0|92,1613809701,3,121231560,0,121110528,0,121110528,0,136275853,0,462,462,388256519,3,388256519,3,2080,826206590,3,558148110,0,0,0,0,0
1788097097360|1001|formal_primary_1800s|fixed|92,1378943233,16781056,278772296,278365040,278772296,278365040,278772296,278365040,503253,501836,251390,250918,0,0,0,0,4294967295,4294967295,4096,4096,0,0,251390,251390,1901090480,1901090821,1901090488,1901090829,0,0,0,0,0,0,0,0,4096,256,131072,4,15|4,0,1800000000,262144,6867,0,0,0,0,3792,0,3776,0,475,472,0,1,3792,0|94,2615275015,3,123901904,0,123731968,0,123731968,0,139308393,0,472,472,681071465,3,681071465,3,2080,1143351844,3,570026286,0,0,0,0,0
1788097097360|1001|formal_primary_1800s|rotating|92,1378943233,33555404,278846747,278439444,0,0,0,0,0,0,0,0,0,0,251457,250985,0,0,0,0,0,0,0,0,0,0,0,0,0,0,0,0,0,0,0,0,4096,256,131072,4,15|4,0,1800000000,262144,6867,0,0,0,0,3792,0,3776,0,475,472,0,1,3792,0|94,1934645482,3,123930556,0,123731968,0,123731968,0,139309131,0,472,472,684040486,3,684040486,3,2080,1131484910,3,570175213,0,0,0,0,0
1788097102370|1001|formal_primary_1800s|fixed|94,1378943233,16780339,284844751,284428351,284844751,284428351,284844751,284428351,514217,512770,256866,256384,0,0,0,0,4294967295,4294967295,4096,4096,0,0,256867,256867,2221891547,2221891536,2221891555,2221891544,0,0,0,0,0,0,0,0,4096,256,131072,4,15|4,0,1800000000,262144,6867,0,0,0,0,3872,0,3856,0,485,482,0,1,3872,0|96,2936192428,3,126601892,0,126353408,0,126353408,0,142343500,0,482,482,976937083,3,976937083,3,2080,1449030297,3,582055384,0,0,0,0,0
1788097102370|1001|formal_primary_1800s|rotating|94,1378943233,33558272,284912969,284496565,0,0,0,0,0,0,0,0,0,0,256928,256446,0,0,0,0,0,0,0,0,0,0,0,0,0,0,0,0,0,0,0,0,4096,256,131072,4,15|4,0,1800000000,262144,6867,0,0,0,0,3872,0,3864,0,486,483,0,1,3876,0|96,2255130387,3,126615552,0,126615552,0,126615552,0,142335249,0,483,483,978208532,3,978208532,3,2048,1436031834,3,582556582,0,0,0,0,0
1788097107374|1001|formal_primary_1800s|fixed|96,1378943233,16780339,290877056,290450758,290877056,290450758,290877056,290450758,525102,523622,262303,261810,0,0,0,0,4294967295,4294967295,4096,4096,0,0,262304,262304,2542005710,2542005667,2542005686,2542005675,0,0,0,0,0,0,0,0,4096,256,131072,4,15|4,0,1800000000,262144,6867,0,0,0,0,3960,0,3944,0,496,493,0,1,3960,0|98,3256169261,3,129278984,0,129236992,0,129236992,0,145356035,0,493,493,1269427846,3,1269427846,3,2080,1752244116,3,595287550,0,0,0,0,0
1788097107374|1001|formal_primary_1800s|rotating|96,1378943233,33558272,290943212,290516924,0,0,0,0,0,0,0,0,0,0,262363,261870,0,0,0,0,0,0,0,0,0,0,0,0,0,0,0,0,0,0,0,0,4096,256,131072,4,15|4,0,1800000000,262144,6867,0,0,0,0,3960,0,3944,0,496,493,0,1,3960,0|98,2575376609,3,129306152,0,129236992,0,129236992,0,145353971,0,493,493,1272227103,3,1272227103,3,2078,1739542266,3,595440978,0,0,0,0,0
1788097112379|1001|formal_primary_1800s|fixed|98,1378943233,16781056,296943111,296507841,296943111,296507841,296943111,296507841,536048,534538,267772,267269,0,0,0,0,4294967295,4294967295,4096,4096,0,0,267772,267772,2862336068,2862336409,2862336076,2862336417,0,0,0,0,0,0,0,0,4096,256,131072,4,15|4,0,1800000000,262144,6867,0,0,0,0,4040,0,4024,0,506,503,0,1,4040,0|100,3576618718,3,131975016,0,131858432,0,131858432,0,148387791,0,503,503,1564824194,3,1564824194,3,2080,2057454553,3,607316657,0,0,0,0,0
1788097112379|1001|formal_primary_1800s|rotating|98,1378943233,33557316,297034428,296599104,0,0,0,0,0,0,0,0,0,0,267854,267351,0,0,0,0,0,0,0,0,0,0,0,0,0,0,0,0,0,0,0,0,4096,256,131072,4,15|4,0,1800000000,262144,6867,0,0,0,0,4040,0,4024,0,506,503,0,1,4040,0|100,2897462236,3,132016512,0,131858432,0,131858432,0,148401587,0,503,503,1569254511,3,1569254511,3,2080,2046068349,3,607471699,0,0,0,0,0
1788097117384|1001|formal_primary_1800s|fixed|100,1378943233,16780339,303006474,302563217,303006474,302563217,303006474,302563217,546996,545456,273240,272727,0,0,0,0,4294967295,4294967295,4096,4096,0,0,273241,273241,3182695463,3182695468,3182695471,3182695476,0,0,0,0,0,0,0,0,4096,256,131072,4,15|4,0,1800000000,262144,6867,0,0,0,0,4120,0,4104,0,516,513,0,1,4120,0|102,3897573278,3,134675004,0,134479872,0,134479872,0,151423522,0,513,513,1860726461,3,1860726461,3,2080,2363170569,3,619345337,0,0,0,0,0
1788097117384|1001|formal_primary_1800s|rotating|100,1378943233,33558272,303100155,302656780,0,0,0,0,0,0,0,0,0,0,273325,272812,0,0,0,0,0,0,0,0,0,0,0,0,0,0,0,0,0,0,0,0,4096,256,131072,4,15|4,0,1800000000,262144,6867,0,0,0,0,4120,0,4104,0,516,513,0,1,4120,0|102,3217412523,3,134708100,0,134479872,0,134479872,0,151426228,0,513,513,1864150189,3,1864150189,3,2080,2350459340,3,619503478,0,0,0,0,0
1788097122390|1001|formal_primary_1800s|fixed|102,1378943233,16780339,309071414,308618262,309071414,308618262,309071414,308618262,557944,556374,278709,278186,0,0,0,0,4294967295,4294967295,4096,4096,0,0,278710,278710,3503067335,3503067348,3503067351,3503067364,0,0,0,0,0,0,0,0,4096,256,131072,4,15|4,0,1800000000,262144,6867,0,0,0,0,4200,0,4184,0,526,523,0,1,4200,0|104,4217378718,3,137363456,0,137101312,0,137101312,0,154447782,0,524,523,2155281276,3,2155281276,3,2048,2667737764,3,631373688,0,0,0,0,0
1788097122390|1001|formal_primary_1800s|rotating|102,1378943233,33558272,309135044,308681095,0,0,0,0,0,0,0,0,0,0,278768,278244,0,0,0,0,0,0,0,0,0,0,0,0,0,0,0,0,0,0,0,0,4096,256,131072,4,15|5,0,1800000000,262144,6867,0,0,0,0,4208,0,4192,0,527,524,0,1,4208,0|104,3536600088,3,137378276,0,137363456,0,137363456,0,154427869,0,524,524,2155849383,3,2155849383,3,2080,2652532724,3,632739386,0,0,0,0,0
1788097127402|1001|formal_primary_1800s|fixed|104,1378943233,16781056,315120192,314657711,315120192,314657711,315120192,314657711,568861,567258,284163,283629,0,0,0,0,4294967295,4294967295,4096,4096,0,0,284163,284163,3824082947,3824083272,3824082955,3824083280,0,0,0,0,0,0,0,0,4096,256,131072,4,15|4,0,1800000000,262144,6867,0,0,0,0,4288,0,4272,0,537,534,0,1,4288,0|106,242411748,4,140042696,0,139984896,0,139984896,0,157459750,0,534,534,2447997881,3,2447997881,3,2080,2970974676,3,644606233,0,0,0,0,0
1788097127402|1001|formal_primary_1800s|rotating|104,1378943233,33558272,315172461,314709990,0,0,0,0,0,0,0,0,0,0,284210,283676,0,0,0,0,0,0,0,0,0,0,0,0,0,0,0,0,0,0,0,0,4096,256,131072,4,15|4,0,1800000000,262144,6867,0,0,0,0,4288,0,4272,0,537,534,0,1,4288,0|106,3856970771,3,140073324,0,139984896,0,139984896,0,157458682,0,534,534,2451165740,3,2451165740,3,2080,2957343894,3,644770014,0,0,0,0,0
1788097132411|1001|formal_primary_1800s|fixed|106,1378943233,16780339,321180519,320708921,321180519,320708921,321180519,320708921,579809,578176,289631,289087,0,0,0,0,4294967295,4294967295,4096,4096,0,0,289632,289632,4144424060,4144424041,4144424068,4144424057,0,0,0,0,0,0,0,0,4096,256,131072,4,15|4,0,1800000000,262144,6867,0,0,0,0,4368,0,4352,0,547,544,0,1,4368,0|108,563723081,4,142746140,0,142606336,0,142606336,0,160497306,0,544,544,2744256114,3,2744256114,3,2080,3277046779,3,656635549,0,0,0,0,0
1788097132411|1001|formal_primary_1800s|rotating|106,1378943233,33555404,321255612,320784096,0,0,0,0,0,0,0,0,0,0,289699,289154,0,0,0,0,0,0,0,0,0,0,0,0,0,0,0,0,0,0,0,0,4096,256,131072,4,15|4,0,1800000000,262144,6867,0,0,0,0,4368,0,4352,0,547,544,0,1,4368,0|108,4178035083,3,142774792,0,142606336,0,142606336,0,160493125,0,544,544,2747171953,3,2747171953,3,2080,3262848638,3,656802795,0,0,0,0,0
1788097137416|1001|formal_primary_1800s|fixed|108,1378943233,16781056,327247660,326767377,327247660,326767377,327247660,326767377,590755,589092,295100,294546,0,0,0,0,4294967295,4294967295,4096,4096,0,0,295100,295100,169801300,169801641,169801316,169801649,0,0,0,0,0,0,0,0,4096,256,131072,4,15|4,0,1800000000,262144,6867,0,0,0,0,4448,0,4432,0,557,554,0,1,4448,0|110,884100475,4,145441184,0,145227776,0,145227776,0,163528897,0,554,554,3039583588,3,3039583588,3,2080,3582185207,3,668664631,0,0,0,0,0
1788097137416|1001|formal_primary_1800s|rotating|108,1378943233,33555404,327322705,326842272,0,0,0,0,0,0,0,0,0,0,295167,294613,0,0,0,0,0,0,0,0,0,0,0,0,0,0,0,0,0,0,0,0,4096,256,131072,4,15|4,0,1800000000,262144,6867,0,0,0,0,4448,0,4432,0,557,554,0,1,4448,0|110,203414423,4,145469344,0,145227776,0,145227776,0,163523656,0,554,554,3042460928,3,3042460928,3,2080,3567635225,3,668836866,0,0,0,0,0
1788097142422|1001|formal_primary_1800s|fixed|110,1378943233,16780339,333315618,332825845,333315618,332825845,333315618,332825845,601703,600010,300569,300005,0,0,0,0,4294967295,4294967295,4096,4096,0,0,300569,300569,490171493,490171818,490171501,490171826,0,0,0,0,0,0,0,0,4096,256,131072,4,15|4,0,1800000000,262144,6867,0,0,0,0,4536,0,4520,0,568,565,0,1,4536,0|112,1204396030,4,148121240,0,148111360,0,148111360,0,166544000,0,565,565,3332393712,3,3332393712,3,2080,3885718299,3,681896217,0,0,0,0,0
1788097142422|1001|formal_primary_1800s|rotating|110,1378943233,33558272,333360157,332869583,0,0,0,0,0,0,0,0,0,0,300610,300045,0,0,0,0,0,0,0,0,0,0,0,0,0,0,0,0,0,0,0,0,4096,256,131072,4,15|4,0,1800000000,262144,6867,0,0,0,0,4536,0,4520,0,568,565,0,1,4536,0|112,524996994,4,148160760,0,148111360,0,148111360,0,166551029,0,565,565,3336554108,3,3336554108,3,2080,3872105594,3,682068464,0,0,0,0,0
1788097147442|1001|formal_primary_1800s|fixed|112,1378943233,16780339,339370442,338871301,339370442,338871301,339370442,338871301,612632,610906,306027,305452,0,0,0,0,4294967295,4294967295,4096,4096,0,0,306028,306028,811506120,811506125,811506128,811506133,0,0,0,0,0,0,0,0,4096,256,131072,4,15|4,0,1800000000,262144,6867,0,0,0,0,4616,0,4600,0,578,575,0,1,4616,0|114,1525950348,4,150827156,0,150732800,0,150732800,0,169587178,0,575,575,3628899102,3,3628899102,3,2080,4192034150,3,693924764,0,0,0,0,0
1788097147442|1001|formal_primary_1800s|rotating|112,1378943233,33555404,339445512,338946236,0,0,0,0,0,0,0,0,0,0,306095,305520,0,0,0,0,0,0,0,0,0,0,0,0,0,0,0,0,0,0,0,0,4096,256,131072,4,15|4,0,1800000000,262144,6867,0,0,0,0,4616,0,4600,0,578,575,0,1,4616,0|114,845141527,4,150853832,0,150732800,0,150732800,0,169579547,0,575,575,3631638966,3,3631638966,3,2080,4176690908,3,694104909,0,0,0,0,0
1788097152447|1001|formal_primary_1800s|fixed|114,1378943233,16780339,345437966,344930692,345437966,344930692,345437966,344930692,623580,621824,311496,310911,0,0,0,0,4294967295,4294967295,4096,4096,0,0,311497,311497,1131857156,1131857153,1131857164,1131857161,0,0,0,0,0,0,0,0,4096,256,131072,4,15|4,0,1800000000,262144,6867,0,0,0,0,4696,0,4680,0,588,585,0,1,4696,0|116,1846195830,4,153520720,0,153354240,0,153354240,0,172617965,0,585,585,3924094030,3,3924094030,3,2080,202073576,4,705953644,0,0,0,0,0
1788097152447|1001|formal_primary_1800s|rotating|114,1378943233,33555404,345515058,345007710,0,0,0,0,0,0,0,0,0,0,311565,310980,0,0,0,0,0,0,0,0,0,0,0,0,0,0,0,0,0,0,0,0,4096,256,131072,4,15|4,0,1800000000,262144,6867,0,0,0,0,4696,0,4680,0,588,585,0,1,4696,0|116,1165481418,4,153548876,0,153354240,0,153354240,0,172610311,0,585,585,3926922473,3,3926922473,3,2080,186503650,4,706137575,0,0,0,0,0
1788097157460|1001|formal_primary_1800s|fixed|116,1378943233,16781056,351514708,350998543,351514708,350998543,351514708,350998543,634544,632758,316974,316379,0,0,0,0,4294967295,4294967295,4096,4096,0,0,316974,316974,1452699179,1452699504,1452699187,1452699512,0,0,0,0,0,0,0,0,4096,256,131072,4,15|4,0,1800000000,262144,6867,0,0,0,0,4776,0,4760,0,598,595,0,1,4776,0|118,2166962445,4,156219224,0,155975680,0,155975680,0,175653226,0,595,595,4219811770,3,4219811770,3,2080,507601309,4,717982643,0,0,0,0,0
1788097157460|1001|formal_primary_1800s|rotating|116,1378943233,33555404,351593620,351077556,0,0,0,0,0,0,0,0,0,0,317045,316450,0,0,0,0,0,0,0,0,0,0,0,0,0,0,0,0,0,0,0,0,4096,256,131072,4,15|5,0,1800000000,262144,6867,0,0,0,0,4784,0,4768,0,599,596,0,1,4784,0|118,1488102228,4,156249680,0,156237824,0,156237824,0,175647369,0,596,596,4222045781,3,4222045781,3,2080,492009519,4,719374946,0,0,0,0,0
1788097162471|1001|formal_primary_1800s|fixed|118,1378943233,16780339,357557396,357031337,357557396,357031337,357557396,357031337,645451,643632,322421,321815,0,0,0,0,4294967295,4294967295,4096,4096,0,0,322422,322422,1773398137,1773398126,1773398097,1773398134,0,0,0,0,0,0,0,0,4096,256,131072,4,15|4,0,1800000000,262144,6867,0,0,0,0,4864,0,4848,0,609,606,0,1,4864,0|120,2487620738,4,158902736,0,158859264,0,158859264,0,178671818,0,606,606,218016882,4,218016882,4,2080,811496604,4,731214822,0,0,0,0,0
1788097162471|1001|formal_primary_1800s|rotating|118,1378943233,33555404,357632455,357106377,0,0,0,0,0,0,0,0,0,0,322488,321882,0,0,0,0,0,0,0,0,0,0,0,0,0,0,0,0,0,0,0,0,4096,256,131072,4,15|4,0,1800000000,262144,6867,0,0,0,0,4864,0,4848,0,609,606,0,1,4864,0|120,1806811073,4,158929908,0,158859264,0,158859264,0,178661852,0,606,606,220734639,4,220734639,4,2080,795159456,4,731407626,0,0,0,0,0
1788097167478|1001|formal_primary_1800s|fixed|120,1378943233,16780339,363627678,363091905,363627678,363091905,363627678,363091905,656403,654554,327892,327276,0,0,0,0,4294967295,4294967295,4096,4096,0,0,327893,327893,2093888396,2093888393,2093888372,2093888401,0,0,0,0,0,0,0,0,4096,256,131072,4,15|4,0,1800000000,262144,6867,0,0,0,0,4944,0,4928,0,619,616,0,1,4944,0|122,2808290741,4,161600748,0,161480704,0,161480704,0,181706371,0,616,616,513637974,4,513637974,4,2080,1116927810,4,743243712,0,0,0,0,0
1788097167478|1001|formal_primary_1800s|rotating|120,1378943233,33558272,363702939,363167124,0,0,0,0,0,0,0,0,0,0,327960,327344,0,0,0,0,0,0,0,0,0,0,0,0,0,0,0,0,0,0,0,0,4096,256,131072,4,15|4,0,1800000000,262144,6867,0,0,0,0,4944,0,4928,0,619,616,0,1,4944,0|122,2127577994,4,161628412,0,161480704,0,161480704,0,181696729,0,616,616,516442692,4,516442692,4,2080,1100367696,4,743441956,0,0,0,0,0
1788097172478|1001|formal_primary_1800s|fixed|122,1378943233,16781056,369687877,369145135,369687877,369145135,369687877,369145135,667341,665462,333357,332731,0,0,0,0,4294967295,4294967295,4096,4096,0,0,333357,333357,2414000180,2414000529,2414000188,2414000537,0,0,0,0,0,0,0,0,4096,256,131072,4,15|4,0,1800000000,262144,6867,0,0,0,0,5024,0,5008,0,629,626,0,1,5024,0|124,3128469379,4,164293816,0,164102144,0,164102144,0,184735234,0,626,626,808768773,4,808768773,4,2080,1421867631,4,755272707,0,0,0,0,0
1788097172478|1001|formal_primary_1800s|rotating|122,1378943233,33558272,369758035,369215262,0,0,0,0,0,0,0,0,0,0,333420,332794,0,0,0,0,0,0,0,0,0,0,0,0,0,0,0,0,0,0,0,0,4096,256,131072,4,15|4,0,1800000000,262144,6867,0,0,0,0,5024,0,5008,0,629,626,0,1,5024,0|124,2447355124,4,164318024,0,164102144,0,164102144,0,184721099,0,626,626,811163543,4,811163543,4,2080,1404586370,4,755475866,0,0,0,0,0
1788097177485|1001|formal_primary_1800s|fixed|124,1378943233,16781056,375758852,375206900,375758852,375206900,375758852,375206900,678295,676386,338829,338193,0,0,0,0,4294967295,4294967295,4096,4096,0,0,338829,338829,2734538008,2734538325,2734538016,2734538333,0,0,0,0,0,0,0,0,4096,256,131072,4,15|4,0,1800000000,262144,6867,0,0,0,0,5104,0,5088,0,639,636,0,1,5104,0|126,3448730723,4,166985728,0,166723584,0,166723584,0,187765535,0,637,636,1103719527,4,1103719527,4,2048,1726890147,4,767301651,0,0,0,0,0
1788097177485|1001|formal_primary_1800s|rotating|124,1378943233,33558272,375818733,375266034,0,0,0,0,0,0,0,0,0,0,338884,338247,0,0,0,0,0,0,0,0,0,0,0,0,0,0,0,0,0,0,0,0,4096,256,131072,4,15|5,0,1800000000,262144,6867,0,0,0,0,5112,0,5096,0,640,637,0,1,5112,0|126,2767750785,4,166999260,0,166985728,0,166985728,0,187736114,0,637,637,1104066687,4,1104066687,4,2080,1707865442,4,768713177,0,0,0,0,0
1788097182496|1001|formal_primary_1800s|fixed|126,1378943233,16780339,381796593,381235053,381796593,381235053,381796593,381235053,689200,687258,344275,343628,0,0,0,0,4294967295,4294967295,4096,4096,0,0,344276,344276,3055209368,3055209373,3055209376,3055209357,0,0,0,0,0,0,0,0,4096,256,131072,4,15|4,0,1800000000,262144,6867,0,0,0,0,5192,0,5176,0,650,647,0,1,5192,0|128,3770002536,4,169676824,0,169607168,0,169607168,0,190787907,0,647,647,1397763864,4,1397763864,4,2080,2031399202,4,780533523,0,0,0,0,0
1788097182496|1001|formal_primary_1800s|rotating|126,1378943233,33555404,381890749,381329158,0,0,0,0,0,0,0,0,0,0,344360,343713,0,0,0,0,0,0,0,0,0,0,0,0,0,0,0,0,0,0,0,0,4096,256,131072,4,15|4,0,1800000000,262144,6867,0,0,0,0,5192,0,5176,0,650,647,0,1,5192,0|128,3090499798,4,169715356,0,169607168,0,169607168,0,190788424,0,647,647,1401756485,4,1401756485,4,2080,2015056385,4,780743409,0,0,0,0,0
1788097187501|1001|formal_primary_1800s|fixed|128,1378943233,16780339,387861658,387289982,387861658,387289982,387861658,387289982,700142,698170,349741,349084,0,0,0,0,4294967295,4294967295,4096,4096,0,0,349742,349742,3375404889,3375404886,3375404897,3375404894,0,0,0,0,0,0,0,0,4096,256,131072,4,15|4,0,1800000000,262144,6867,0,0,0,0,5272,0,5256,0,660,657,0,1,5272,0|130,4090432884,4,172372364,0,172228608,0,172228608,0,193820500,0,657,657,1693140294,4,1693140294,4,2080,2336590208,4,792562977,0,0,0,0,0
1788097187501|1001|formal_primary_1800s|rotating|128,1378943233,33555404,387953104,387381299,0,0,0,0,0,0,0,0,0,0,349823,349166,0,0,0,0,0,0,0,0,0,0,0,0,0,0,0,0,0,0,0,0,4096,256,131072,4,15|4,0,1800000000,262144,6867,0,0,0,0,5272,0,5256,0,660,657,0,1,5272,0|130,3409888704,4,172402004,0,172228608,0,172228608,0,193810112,0,657,657,1696094563,4,1696094563,4,2080,2318886611,4,792772659,0,0,0,0,0
1788097192525|1001|formal_primary_1800s|fixed|130,1378943233,16781056,393949888,393368608,393949888,393368608,393949888,393368608,711132,709130,355232,354565,0,0,0,0,4294967295,4294967295,4096,4096,0,0,355232,355232,3696955228,3696955561,3696955236,3696955569,0,0,0,0,0,0,0,0,4096,256,131072,4,15|4,0,1800000000,262144,6867,0,0,0,0,5352,0,5336,0,670,667,0,1,5352,0|132,116513467,5,175073336,0,174850048,0,174850048,0,196857040,0,667,667,1989134665,4,1989134665,4,2080,2642399055,4,804592116,0,0,0,0,0
1788097192525|1001|formal_primary_1800s|rotating|130,1378943233,33555404,394041198,393459954,0,0,0,0,0,0,0,0,0,0,355314,354647,0,0,0,0,0,0,0,0,0,0,0,0,0,0,0,0,0,0,0,0,4096,256,131072,4,15|4,0,1800000000,262144,6867,0,0,0,0,5352,0,5336,0,670,667,0,1,5352,0|132,3731569844,4,175108412,0,174850048,0,174850048,0,196851903,0,667,667,1992716259,4,1992716259,4,2074,2625006849,4,804805581,0,0,0,0,0
1788097197532|1001|formal_primary_1800s|fixed|132,1378943233,16781056,400009873,399419823,400009873,399419823,400009873,399419823,722070,720036,360696,360018,0,0,0,0,4294967295,4294967295,4096,4096,0,0,360696,360696,4017038693,4017038693,4017038701,4017038701,0,0,0,0,0,0,0,0,4096,256,131072,4,15|5,0,1800000000,262144,6867,0,0,0,0,5440,0,5424,0,681,678,0,1,5440,0|134,436612566,5,177751912,0,177733632,0,177733632,0,199869741,0,678,678,2281751424,4,2281751424,4,2080,2945734624,4,817824808,0,0,0,0,0
1788097197532|1001|formal_primary_1800s|rotating|132,1378943233,33555404,400062837,399472702,0,0,0,0,0,0,0,0,0,0,360743,360065,0,0,0,0,0,0,0,0,0,0,0,0,0,0,0,0,0,0,0,0,4096,256,131072,4,15|4,0,1800000000,262144,6867,0,0,0,0,5440,0,5424,0,681,678,0,1,5440,0|134,4051040815,4,177781056,0,177733632,0,177733632,0,199858102,0,678,678,2284698397,4,2284698397,4,2080,2927365275,4,818041350,0,0,0,0,0
1788097202538|1001|formal_primary_1800s|fixed|134,1378943233,16780339,406056285,405456645,406056285,405456645,406056285,405456645,732987,730922,366148,365460,0,0,0,0,4294967295,4294967295,4096,4096,0,0,366149,366149,43067406,43067427,43067414,43067435,0,0,0,0,0,0,0,0,4096,256,131072,4,15|4,0,1800000000,262144,6867,0,0,0,0,5520,0,5504,0,691,688,0,1,5520,0|136,757124936,5,180447944,0,180355072,0,180355072,0,202901153,0,688,688,2577208808,4,2577208808,4,2080,3251007892,4,829854044,0,0,0,0,0
1788097202538|1001|formal_primary_1800s|rotating|134,1378943233,33555404,406127057,405527455,0,0,0,0,0,0,0,0,0,0,366212,365524,0,0,0,0,0,0,0,0,0,0,0,0,0,0,0,0,0,0,0,0,4096,256,131072,4,15|4,0,1800000000,262144,6867,0,0,0,0,5520,0,5504,0,691,688,0,1,5520,0|136,76453750,5,180476596,0,180355072,0,180355072,0,202886961,0,688,688,2580025121,4,2580025121,4,2080,3232185179,4,830070987,0,0,0,0,0
1788097207539|1001|formal_primary_1800s|fixed|136,1378943233,16780339,412116526,411508185,412116526,411508185,412116526,411508185,743921,741826,371610,370912,0,0,0,0,4294967295,4294967295,4096,4096,0,0,371611,371611,363038115,363038152,363038123,363038104,0,0,0,0,0,0,0,0,4096,256,131072,4,15|4,0,1800000000,262144,6867,0,0,0,0,5600,0,5584,0,701,698,0,1,5600,0|138,1077141447,5,183140028,0,182976512,0,182976512,0,205929624,0,698,698,2872173559,4,2872173559,4,2080,3555785547,4,841882962,0,0,0,0,0
1788097207539|1001|formal_primary_1800s|rotating|136,1378943233,33555404,412188769,411580439,0,0,0,0,0,0,0,0,0,0,371675,370977,0,0,0,0,0,0,0,0,0,0,0,0,0,0,0,0,0,0,0,0,4096,256,131072,4,15|4,0,1800000000,262144,6867,0,0,0,0,5600,0,5584,0,701,698,0,1,5600,0|138,397097739,5,183174112,0,182976512,0,182976512,0,205921424,0,698,698,2875613103,4,2875613103,4,2080,3537268828,4,842102709,0,0,0,0,0
1788097212547|1001|formal_primary_1800s|fixed|138,1378943233,16780339,418185345,417569827,418185345,417569827,418185345,417569827,754875,752750,377082,376374,0,0,0,0,4294967295,4294967295,4096,4096,0,0,377083,377083,683583171,683583136,683583123,683583144,0,0,0,0,0,0,0,0,4096,256,131072,4,15|4,0,1800000000,262144,6867,0,0,0,0,5680,0,5664,0,711,708,0,1,5680,0|140,1397863999,5,185838036,0,185597952,0,185597952,0,208964009,0,708,708,3167846015,4,3167846015,4,2080,3861269636,4,853911572,0,0,0,0,0
1788097212547|1001|formal_primary_1800s|rotating|138,1378943233,33555404,418254687,417639093,0,0,0,0,0,0,0,0,0,0,377144,376436,0,0,0,0,0,0,0,0,0,0,0,0,0,0,0,0,0,0,0,0,4096,256,131072,4,15|4,0,1800000000,262144,6867,0,0,0,0,5680,0,5664,0,711,708,0,1,5680,0|140,716853121,5,185860096,0,185597952,0,185597952,0,208945422,0,709,708,3169921639,4,3169921639,4,2048,3841465328,4,854135701,0,0,0,0,0
1788097217573|1001|formal_primary_1800s|fixed|140,1378943233,16780339,424241714,423616481,424241714,423616481,424241714,423616481,765812,763654,382545,381826,0,0,0,0,4294967295,4294967295,4096,4096,0,0,382546,382546,1005147612,1005147633,1005147620,1005147601,0,0,0,0,0,0,0,0,4096,256,131072,4,15|4,0,1800000000,262144,6867,0,0,0,0,5768,0,5752,0,722,719,0,1,5768,0|142,1719388045,5,188529456,0,188481536,0,188481536,0,211989232,0,719,719,3461882183,4,3461882183,4,2080,4166030707,4,867143684,0,0,0,0,0
1788097217573|1001|formal_primary_1800s|rotating|140,1378943233,33555404,424316539,423691130,0,0,0,0,0,0,0,0,0,0,382612,381893,0,0,0,0,0,0,0,0,0,0,0,0,0,0,0,0,0,0,0,0,4096,256,131072,4,15|4,0,1800000000,262144,6867,0,0,0,0,5768,0,5752,0,722,719,0,1,5768,0|142,1038859042,5,188558600,0,188481536,0,188481536,0,211974647,0,719,719,3464825340,4,3464825340,4,2080,4146356470,4,867370812,0,0,0,0,0
1788097222573|1001|formal_primary_1800s|fixed|142,1378943233,16781056,430296758,429663502,430296758,429663502,430296758,429663502,776746,774558,388008,387279,0,0,0,0,4294967295,4294967295,4096,4096,0,0,388008,388008,1325148991,1325149340,1325148999,1325149348,0,0,0,0,0,0,0,0,4096,256,131072,4,15|4,0,1800000000,262144,6867,0,0,0,0,5848,0,5832,0,732,729,0,1,5848,0|144,2039483522,5,191222032,0,191102976,0,191102976,0,215015614,0,729,729,3756927681,4,3756927681,4,2080,175919380,5,879173346,0,0,0,0,0
1788097222573|1001|formal_primary_1800s|rotating|142,1378943233,33555404,430372808,429739624,0,0,0,0,0,0,0,0,0,0,388076,387347,0,0,0,0,0,0,0,0,0,0,0,0,0,0,0,0,0,0,0,0,4096,256,131072,4,15|4,0,1800000000,262144,6867,0,0,0,0,5848,0,5832,0,732,729,0,1,5848,0|144,1358869236,5,191250684,0,191102976,0,191102976,0,214999703,0,729,729,3759780340,4,3759780340,4,2080,155841037,5,879403075,0,0,0,0,0
1788097227574|1001|formal_primary_1800s|fixed|144,1378943233,16780339,436358319,435716431,436358319,435716431,436358319,435716431,787684,785466,393472,392733,0,0,0,0,4294967295,4294967295,4096,4096,0,0,393472,393472,1645240915,1645241256,1645240923,1645241264,0,0,0,0,0,0,0,0,4096,256,131072,4,15|4,0,1800000000,262144,6867,0,0,0,0,5928,0,5912,0,742,739,0,1,5928,0|146,2359426044,5,193913124,0,193724416,0,193724416,0,218042763,0,739,739,4051822679,4,4051822679,4,2080,480622683,5,891202643,0,0,0,0,0
1788097227574|1001|formal_primary_1800s|rotating|144,1378943233,33555404,436435575,435793770,0,0,0,0,0,0,0,0,0,0,393541,392802,0,0,0,0,0,0,0,0,0,0,0,0,0,0,0,0,0,0,0,0,4096,256,131072,4,15|4,0,1800000000,262144,6867,0,0,0,0,5928,0,5912,0,742,739,0,1,5928,0|146,1680332984,5,193955608,0,193724416,0,193724416,0,218041231,0,739,739,4056182943,4,4056182943,4,2080,461745519,5,891438077,0,0,0,0,0
1788097232586|1001|formal_primary_1800s|fixed|146,1378943233,16780339,442433106,441783245,442433106,441783245,442433106,441783245,798652,796404,398950,398201,0,0,0,0,4294967295,4294967295,4096,4096,0,0,398951,398951,1966167163,1966167168,1966167171,1966167176,0,0,0,0,0,0,0,0,4096,256,131072,4,15|4,0,1800000000,262144,6867,0,0,0,0,6012,0,6000,0,753,750,0,1,6012,0|148,2680958396,5,196608000,0,196608000,0,196608000,0,221080601,0,750,750,52145273,5,52145273,5,2080,786638262,5,903509513,0,0,0,0,0
1788097232586|1001|formal_primary_1800s|rotating|146,1378943233,33555404,442493176,441842660,0,0,0,0,0,0,0,0,0,0,399006,398256,0,0,0,0,0,0,0,0,0,0,0,0,0,0,0,0,0,0,0,0,4096,256,131072,4,15|4,0,1800000000,262144,6867,0,0,0,0,6016,0,6000,0,753,750,0,1,6016,0|148,2000392089,5,196633688,0,196608000,0,196608000,0,221051557,0,750,750,53785624,5,53785624,5,2080,764690650,5,904672757,0,0,0,0,0
1788097237594|1001|formal_primary_1800s|fixed|148,1378943233,16780339,448469746,447810072,448469746,447810072,448469746,447810072,809545,807264,404391,403631,0,0,0,0,4294967295,4294967295,4096,4096,0,0,404392,404392,2286501426,2286501439,2286501434,2286501423,0,0,0,0,0,0,0,0,4096,256,131072,4,15|4,0,1800000000,262144,6867,0,0,0,0,6096,0,6080,0,763,760,0,1,6096,0|150,3000730560,5,199294156,0,199229440,0,199229440,0,224094498,0,760,760,345624391,5,345624391,5,2080,1089925474,5,916463591,0,0,0,0,0
1788097237594|1001|formal_primary_1800s|rotating|148,1378943233,33558272,448544357,447884702,0,0,0,0,0,0,0,0,0,0,404459,403699,0,0,0,0,0,0,0,0,0,0,0,0,0,0,0,0,0,0,0,0,4096,256,131072,4,15|4,0,1800000000,262144,6867,0,0,0,0,6096,0,6080,0,763,760,0,1,6096,0|150,2320166213,5,199323300,0,199229440,0,199229440,0,224076836,0,760,760,348503757,5,348503757,5,2080,1068905494,5,916706440,0,0,0,0,0
1788097242604|1001|formal_primary_1800s|fixed|150,1378943233,16781056,454535458,453867989,454535458,453867989,454535458,453867989,820503,818192,409866,409096,0,0,0,0,4294967295,4294967295,4096,4096,0,0,409866,409866,2607155540,2607155857,2607155548,2607155865,0,0,0,0,0,0,0,0,4096,256,131072,4,15|4,0,1800000000,262144,6867,0,0,0,0,6176,0,6160,0,773,770,0,1,6176,0|152,3321471508,5,201992164,0,201850880,0,201850880,0,227126357,0,770,770,641312718,5,641312718,5,2080,1395427575,5,928492559,0,0,0,0,0
1788097242604|1001|formal_primary_1800s|rotating|150,1378943233,33555404,454609248,453941851,0,0,0,0,0,0,0,0,0,0,409932,409162,0,0,0,0,0,0,0,0,0,0,0,0,0,0,0,0,0,0,0,0,4096,256,131072,4,15|4,0,1800000000,262144,6867,0,0,0,0,6176,0,6160,0,773,770,0,1,6176,0|152,2640714162,5,202019828,0,201850880,0,201850880,0,227106109,0,770,770,643997019,5,643997019,5,2080,1373894791,5,928737055,0,0,0,0,0
1788097247624|1001|formal_primary_1800s|fixed|152,1378943233,16781056,460617187,459941697,460617187,459941697,460617187,459941697,831485,829144,415352,414572,0,0,0,0,4294967295,4294967295,4096,4096,0,0,415352,415352,2928474553,2928474878,2928474561,2928474886,0,0,0,0,0,0,0,0,4096,256,131072,4,15|4,0,1800000000,262144,6867,0,0,0,0,6256,0,6240,0,783,780,0,1,6256,0|154,3644003404,5,204706476,0,204472320,0,204472320,0,230177167,0,780,780,938788902,5,938788902,5,2080,1702720432,5,940521699,0,0,0,0,0
1788097247624|1001|formal_primary_1800s|rotating|152,1378943233,33555404,460707871,460032500,0,0,0,0,0,0,0,0,0,0,415433,414653,0,0,0,0,0,0,0,0,0,0,0,0,0,0,0,0,0,0,0,0,4096,256,131072,4,15|4,0,1800000000,262144,6867,0,0,0,0,6256,0,6240,0,783,780,0,1,6256,0|154,2962820895,5,204730188,0,204472320,0,204472320,0,230152074,0,780,780,941041833,5,941041833,5,2062,1680440275,5,940771470,0,0,0,0,0
1788097252629|1001|formal_primary_1800s|fixed|154,1378943233,16781056,466667292,465982491,466667292,465982491,466667292,465982491,842415,840042,420812,420021,0,0,0,0,4294967295,4294967295,4096,4096,0,0,420812,420812,3248332910,3248332910,3248332918,3248332918,0,0,0,0,0,0,0,0,4096,256,131072,4,15|5,0,1800000000,262144,6867,0,0,0,0,6344,0,6328,0,794,791,0,1,6344,0|156,3963011487,5,207375172,0,207355904,0,207355904,0,233176225,0,791,791,1230312195,5,1230312195,5,2080,2004965965,5,953753380,0,0,0,0,0
1788097252629|1001|formal_primary_1800s|rotating|154,1378943233,33558272,466721852,466037038,0,0,0,0,0,0,0,0,0,0,420861,420070,0,0,0,0,0,0,0,0,0,0,0,0,0,0,0,0,0,0,0,0,4096,256,131072,4,15|4,0,1800000000,262144,6867,0,0,0,0,6344,0,6328,0,794,791,0,1,6344,0|156,3282242555,5,207402836,0,207355904,0,207355904,0,233154557,0,791,791,1232977945,5,1232977945,5,2080,1982746766,5,954003941,0,0,0,0,0
1788097257630|1001|formal_primary_1800s|fixed|156,1378943233,16780339,472709548,472015257,472709548,472015257,472709548,472015257,853322,850918,426259,425458,0,0,0,0,4294967295,4294967295,4096,4096,0,0,426260,426260,3569048023,3569048036,3569048031,3569048012,0,0,0,0,0,0,0,0,4096,256,131072,4,15|4,0,1800000000,262144,6867,0,0,0,0,6424,0,6408,0,804,801,0,1,6424,0|158,4283308846,5,210069724,0,209977344,0,209977344,0,236206149,0,801,801,1525559202,5,1525559202,5,2080,2310024489,5,965782355,0,0,0,0,0
1788097257630|1001|formal_primary_1800s|rotating|156,1378943233,33558272,472776958,472082640,0,0,0,0,0,0,0,0,0,0,426320,425519,0,0,0,0,0,0,0,0,0,0,0,0,0,0,0,0,0,0,0,0,4096,256,131072,4,15|4,0,1800000000,262144,6867,0,0,0,0,6424,0,6408,0,804,801,0,1,6424,0|158,3602239567,5,210094424,0,209977344,0,209977344,0,236181021,0,801,801,1527921554,5,1527921554,5,2080,2287186565,5,966034524,0,0,0,0,0
1788097262641|1001|formal_primary_1800s|fixed|158,1378943233,16781056,478782012,478079667,478782012,478079667,478782012,478079667,864282,861848,431735,430924,0,0,0,0,4294967295,4294967295,4096,4096,0,0,431735,431735,3889775087,3889775436,3889775095,3889775444,0,0,0,0,0,0,0,0,4096,256,131072,4,15|4,0,1800000000,262144,6867,0,0,0,0,6504,0,6488,0,814,811,0,1,6504,0|160,309266955,6,212769708,0,212598784,0,212598784,0,239242212,0,811,811,1821431177,5,1821431177,5,2080,2615711122,5,977811254,0,0,0,0,0
1788097262641|1001|formal_primary_1800s|rotating|158,1378943233,33555404,478852038,478149625,0,0,0,0,0,0,0,0,0,0,431797,430986,0,0,0,0,0,0,0,0,0,0,0,0,0,0,0,0,0,0,0,0,4096,256,131072,4,15|4,0,1800000000,262144,6867,0,0,0,0,6504,0,6488,0,814,811,0,1,6504,0|160,3923059782,5,212793420,0,212598784,0,212598784,0,239215294,0,811,811,1823686455,5,1823686455,5,2080,2592447728,5,978065176,0,0,0,0,0
1788097267669|1001|formal_primary_1800s|fixed|160,1378943233,16780339,484873802,484163504,484873802,484163504,484873802,484163504,875276,872812,437226,436405,0,0,0,0,4294967295,4294967295,4096,4096,0,0,437227,437227,4211400853,4211400850,4211400861,4211400858,0,0,0,0,0,0,0,0,4096,256,131072,4,15|4,0,1800000000,262144,6867,0,0,0,0,6584,0,6568,0,824,821,0,1,6584,0|162,630719337,6,215474140,0,215220224,0,215220224,0,242284587,0,821,821,2117830606,5,2117830606,5,2076,2921924632,5,989840200,0,0,0,0,0
1788097267669|1001|formal_primary_1800s|rotating|160,1378943233,33555404,484949896,484239593,0,0,0,0,0,0,0,0,0,0,437294,436473,0,0,0,0,0,0,0,0,0,0,0,0,0,0,0,0,0,0,0,0,4096,256,131072,4,15|4,0,1800000000,262144,6867,0,0,0,0,6588,0,6576,0,825,822,0,1,6588,0|162,4245072339,5,215482368,0,215482368,0,215482368,0,242247467,0,822,822,2118296095,5,2118296095,5,2080,2897435839,5,991302366,0,0,0,0,0
1788097272669|1001|formal_primary_1800s|fixed|162,1378943233,16780339,490903889,490184983,490903889,490184983,490903889,490184983,886157,883660,442661,441829,0,0,0,0,4294967295,4294967295,4096,4096,0,0,442662,442662,236442050,236442039,236442066,236442047,0,0,0,0,0,0,0,0,4096,256,131072,4,15|4,0,1800000000,262144,6867,0,0,0,0,6672,0,6656,0,835,832,0,1,6672,0|164,951443188,6,218158148,0,218103808,0,218103808,0,245304539,0,832,832,2411075708,5,2411075708,5,2080,3225886156,5,1003071663,0,0,0,0,0
1788097272669|1001|formal_primary_1800s|rotating|162,1378943233,33555404,490993691,490274736,0,0,0,0,0,0,0,0,0,0,442742,441910,0,0,0,0,0,0,0,0,0,0,0,0,0,0,0,0,0,0,0,0,4096,256,131072,4,15|4,0,1800000000,262144,6867,0,0,0,0,6672,0,6656,0,835,832,0,1,6672,0|164,270758996,6,218186308,0,218103808,0,218103808,0,245281005,0,832,832,2413797559,5,2413797559,5,2080,3202442130,5,1003337494,0,0,0,0,0
1788097277670|1001|formal_primary_1800s|fixed|164,1378943233,16780339,496963765,496237072,496963765,496237072,496963765,496237072,897094,894567,448125,447283,0,0,0,0,4294967295,4294967295,4096,4096,0,0,448126,448126,556517025,556517038,556517033,556517046,0,0,0,0,0,0,0,0,4096,256,131072,4,15|4,0,1800000000,262144,6867,0,0,0,0,6752,0,6736,0,845,842,0,1,6752,0|166,1270721964,6,220843808,0,220725248,0,220725248,0,248324700,0,842,842,2705310924,5,2705310924,5,2080,3529926707,5,1015099962,0,0,0,0,0
1788097277670|1001|formal_primary_1800s|rotating|164,1378943233,33555404,497039513,496312647,0,0,0,0,0,0,0,0,0,0,448192,447350,0,0,0,0,0,0,0,0,0,0,0,0,0,0,0,0,0,0,0,0,4096,256,131072,4,15|4,0,1800000000,262144,6867,0,0,0,0,6752,0,6736,0,845,842,0,1,6752,0|166,590185765,6,220872956,0,220725248,0,220725248,0,248302209,0,842,842,2708166051,5,2708166051,5,2080,3506309532,5,1015374174,0,0,0,0,0
1788097282677|1001|formal_primary_1800s|fixed|166,1378943233,16781056,503032845,502298290,503032845,502298290,503032845,502298290,908051,905494,453599,452747,0,0,0,0,4294967295,4294967295,4096,4096,0,0,453599,453599,877147600,877147941,877147608,877147949,0,0,0,0,0,0,0,0,4096,256,131072,4,15|4,0,1800000000,262144,6867,0,0,0,0,6832,0,6816,0,855,852,0,1,6832,0|168,1591675966,6,223543796,0,223346688,0,223346688,0,251360407,0,852,852,3001215872,5,3001215872,5,2080,3835641773,5,1027129028,0,0,0,0,0
1788097282677|1001|formal_primary_1800s|rotating|166,1378943233,33555404,503125350,502390682,0,0,0,0,0,0,0,0,0,0,453682,452830,0,0,0,0,0,0,0,0,0,0,0,0,0,0,0,0,0,0,0,0,4096,256,131072,4,15|4,0,1800000000,262144,6867,0,0,0,0,6832,0,6816,0,855,852,0,1,6832,0|168,911652056,6,223577880,0,223346688,0,223346688,0,251342095,0,852,852,3004572095,5,3004572095,5,2080,3812217857,5,1027408222,0,0,0,0,0
1788097287682|1001|formal_primary_1800s|fixed|168,1378943233,16780339,509099058,508355324,509099058,508355324,509099058,508355324,919001,916414,459068,458206,0,0,0,0,4294967295,4294967295,4096,4096,0,0,459069,459069,1197570640,1197570653,1197570648,1197570645,0,0,0,0,0,0,0,0,4096,256,131072,4,15|4,0,1800000000,262144,6867,0,0,0,0,6912,0,6896,0,865,862,0,1,6912,0|170,1911937045,6,226230272,0,226230272,0,226230272,0,254388988,0,863,863,3295547471,5,3295547471,5,2080,4140663793,5,1039158246,0,0,0,0,0
1788097287682|1001|formal_primary_1800s|rotating|168,1378943233,33558272,509173543,508429134,0,0,0,0,0,0,0,0,0,0,459137,458274,0,0,0,0,0,0,0,0,0,0,0,0,0,0,0,0,0,0,0,0,4096,256,131072,4,15|4,0,1800000000,262144,6867,0,0,0,0,6920,0,6904,0,866,863,0,1,6920,0|170,1233604976,6,226272756,0,226230272,0,226230272,0,254371388,0,863,863,3299033324,5,3299033324,5,2080,4117054933,5,1040641253,0,0,0,0,0
1788097292691|1001|formal_primary_1800s|fixed|170,1378943233,16780339,515138343,514383263,515138343,514383263,515138343,514383263,929901,927281,464513,463640,0,0,0,0,4294967295,4294967295,4096,4096,0,0,464514,464514,1518099570,1518099559,1518099578,1518099567,0,0,0,0,0,0,0,0,4096,256,131072,4,15|4,0,1800000000,262144,6867,0,0,0,0,7000,0,6984,0,876,873,0,1,7000,0|172,2233298006,6,228927788,0,228851712,0,228851712,0,257414855,0,873,873,3590293750,5,3590293750,5,2080,150294644,6,1052390202,0,0,0,0,0
1788097292691|1001|formal_primary_1800s|rotating|170,1378943233,33558272,515230615,514475480,0,0,0,0,0,0,0,0,0,0,464596,463723,0,0,0,0,0,0,0,0,0,0,0,0,0,0,0,0,0,0,0,0,4096,256,131072,4,15|4,0,1800000000,262144,6867,0,0,0,0,7000,0,6984,0,876,873,0,1,7000,0|172,1552541797,6,228954960,0,228851712,0,228851712,0,257388038,0,873,873,3592919128,5,3592919128,5,2080,125464032,6,1052671743,0,0,0,0,0
1788097297695|1001|formal_primary_1800s|fixed|172,1378943233,16780339,521204464,520440541,521204464,520440541,521204464,520440541,940846,938196,469980,469097,0,0,0,0,4294967295,4294967295,4096,4096,0,0,469981,469981,1838386036,1838386025,1838386028,1838386033,0,0,0,0,0,0,0,0,4096,256,131072,4,15|4,0,1800000000,262144,6867,0,0,0,0,7080,0,7064,0,886,883,0,1,7080,0|174,2552466480,6,231611968,0,231473152,0,231473152,0,260434357,0,883,883,3884416954,5,3884416954,5,2080,454224359,6,1064419088,0,0,0,0,0
1788097297695|1001|formal_primary_1800s|rotating|172,1378943233,33555404,521265386,520501339,0,0,0,0,0,0,0,0,0,0,470035,469152,0,0,0,0,0,0,0,0,0,0,0,0,0,0,0,0,0,0,0,0,4096,256,131072,4,15|4,0,1800000000,262144,6867,0,0,0,0,7080,0,7064,0,886,883,0,1,7080,0|174,1871645920,6,231639136,0,231473152,0,231473152,0,260406190,0,883,883,3886969255,5,3886969255,5,2080,429010910,6,1064704788,0,0,0,0,0
1788097302697|1001|formal_primary_1800s|fixed|174,1378943233,16780339,527265506,526491646,527265506,526491646,527265506,526491646,951786,949106,475445,474552,0,0,0,0,4294967295,4294967295,4096,4096,0,0,475446,475446,2158527113,2158527118,2158527121,2158527126,0,0,0,0,0,0,0,0,4096,256,131072,4,15|4,0,1800000000,262144,6867,0,0,0,0,7160,0,7144,0,896,893,0,1,7160,0|176,2872800977,6,234306520,0,234094592,0,234094592,0,263464373,0,893,893,4179703626,5,4179703626,5,2080,759320421,6,1076447607,0,0,0,0,0
1788097302697|1001|formal_primary_1800s|rotating|174,1378943233,33558272,527333573,526559627,0,0,0,0,0,0,0,0,0,0,475507,474614,0,0,0,0,0,0,0,0,0,0,0,0,0,0,0,0,0,0,0,0,4096,256,131072,4,15|4,0,1800000000,262144,6867,0,0,0,0,7160,0,7144,0,896,893,0,1,7160,0|176,2191798916,6,234332208,0,234094592,0,234094592,0,263433432,0,893,893,4182063400,5,4182063400,5,2080,733603743,6,1076740423,0,0,0,0,0
1788097307705|1001|formal_primary_1800s|fixed|176,1378943233,16780578,533334469,532551619,533334469,532551619,533334469,532551619,962732,960022,480914,480011,0,0,0,0,4294967295,4294967295,4096,4096,0,0,480914,480914,2478854502,2478854843,2478854510,2478854851,0,0,0,0,0,0,0,0,4096,256,131072,4,15|4,0,1800000000,262144,6867,0,0,0,0,7244,0,7232,0,907,904,0,1,7248,0|178,3192991189,6,236986080,0,236978176,0,236978176,0,266479156,0,904,904,177439508,6,177439508,6,2080,1062747965,6,1089679381,0,0,0,0,0
1788097307705|1001|formal_primary_1800s|rotating|176,1378943233,33555404,533378388,532594846,0,0,0,0,0,0,0,0,0,0,480954,480050,0,0,0,0,0,0,0,0,0,0,0,0,0,0,0,0,0,0,0,0,4096,256,131072,4,15|4,0,1800000000,262144,6867,0,0,0,0,7248,0,7232,0,907,904,0,1,7248,0|178,2512420774,6,237015228,0,236978176,0,236978176,0,266451859,0,904,904,180229912,6,180229912,6,2080,1037111123,6,1089972767,0,0,0,0,0
1788097312715|1001|formal_primary_1800s|fixed|178,1378943233,16780339,539376909,538585383,539376909,538585383,539376909,538585383,973645,970902,486364,485450,0,0,0,0,4294967295,4294967295,4096,4096,0,0,486365,486365,2799717810,2799717791,2799717818,2799717799,0,0,0,0,0,0,0,0,4096,256,131072,4,15|4,0,1800000000,262144,6867,0,0,0,0,7328,0,7312,0,917,914,0,1,7328,0|180,3514024764,6,239687056,0,239599616,0,239599616,0,269516022,0,914,914,473420290,6,473420290,6,2080,1368542442,6,1101708594,0,0,0,0,0
1788097312715|1001|formal_primary_1800s|rotating|178,1378943233,33555404,539445209,538653740,0,0,0,0,0,0,0,0,0,0,486425,485511,0,0,0,0,0,0,0,0,0,0,0,0,0,0,0,0,0,0,0,0,4096,256,131072,4,15|4,0,1800000000,262144,6867,0,0,0,0,7328,0,7312,0,917,914,0,1,7328,0|180,2833634493,6,239717684,0,239599616,0,239599616,0,269489908,0,914,914,476388170,6,476388170,6,2080,1342767715,6,1102002657,0,0,0,0,0
1788097317727|1001|formal_primary_1800s|fixed|180,1378943233,16780339,545448182,544648349,545448182,544648349,545448182,544648349,984601,981828,491837,490913,0,0,0,0,4294967295,4294967295,4096,4096,0,0,491838,491838,3120324386,3120324391,3120324394,3120324351,0,0,0,0,0,0,0,0,4096,256,131072,4,15|4,0,1800000000,262144,6867,0,0,0,0,7408,0,7392,0,927,924,0,1,7408,0|182,3835274395,6,242389512,0,242221056,0,242221056,0,272556017,0,924,924,769615361,6,769615361,6,2080,1674553129,6,1113737657,0,0,0,0,0
1788097317727|1001|formal_primary_1800s|rotating|180,1378943233,33558272,545544334,544744477,0,0,0,0,0,0,0,0,0,0,491924,491000,0,0,0,0,0,0,0,0,0,0,0,0,0,0,0,0,0,0,0,0,4096,256,131072,4,15|4,0,1800000000,262144,6867,0,0,0,0,7408,0,7392,0,927,924,0,1,7408,0|182,3155054383,6,242422116,0,242221056,0,242221056,0,272530970,0,924,924,772750333,6,772750333,6,2080,1648627156,6,1114034318,0,0,0,0,0
1788097322732|1001|formal_primary_1800s|fixed|182,1378943233,16780339,551515654,550706605,551515654,550706605,551515654,550706605,995553,992750,497308,496374,0,0,0,0,4294967295,4294967295,4096,4096,0,0,497309,497309,3440824537,3440824582,3440824545,3440824566,0,0,0,0,0,0,0,0,4096,256,131072,4,15|4,0,1800000000,262144,6867,0,0,0,0,7488,0,7472,0,937,934,0,1,7488,0|184,4155102283,6,245080112,0,244842496,0,244842496,0,275580548,0,934,934,1064395018,6,1064395018,6,2080,1979142176,6,1125766599,0,0,0,0,0
1788097322732|1001|formal_primary_1800s|rotating|182,1378943233,33555404,551583127,550774048,0,0,0,0,0,0,0,0,0,0,497369,496435,0,0,0,0,0,0,0,0,0,0,0,0,0,0,0,0,0,0,0,0,4096,256,131072,4,15|4,0,1800000000,262144,6867,0,0,0,0,7488,0,7472,0,937,934,0,1,7488,0|184,3474116609,6,245104640,0,244842496,0,244842496,0,275547294,0,935,934,1066660381,6,1066660381,6,2048,1952131050,6,1126067162,0,0,0,0,0
1788097327738|1001|formal_primary_1800s|fixed|184,1378943233,16781056,557550753,556732150,557550753,556732150,557550753,556732150,1006446,1003610,502750,501805,0,0,0,0,4294967295,4294967295,4096,4096,0,0,502750,502750,3761161381,3761161698,3761161389,3761161706,0,0,0,0,0,0,0,0,4096,256,131072,4,15|4,0,1800000000,262144,6867,0,0,0,0,7576,0,7560,0,948,945,0,1,7576,0|186,180518357,7,247761156,0,247726080,0,247726080,0,278596342,0,945,945,1357297001,6,1357297001,6,2080,2282763138,6,1138998105,0,0,0,0,0
1788097327738|1001|formal_primary_1800s|rotating|184,1378943233,33558272,557619846,556801205,0,0,0,0,0,0,0,0,0,0,502812,501867,0,0,0,0,0,0,0,0,0,0,0,0,0,0,0,0,0,0,0,0,4096,256,131072,4,15|4,0,1800000000,262144,6867,0,0,0,0,7576,0,7560,0,948,945,0,1,7576,0|186,3794394459,6,247785360,0,247726080,0,247726080,0,278561434,0,945,945,1359543658,6,1359543658,6,2080,2255294294,6,1139305378,0,0,0,0,0
1788097332747|1001|formal_primary_1800s|fixed|186,1378943233,16780339,563624738,562797615,563624738,562797615,563624738,562797615,1017404,1014538,508223,507268,0,0,0,0,4294967295,4294967295,4096,4096,0,0,508224,508224,4081797959,4081797940,4081797967,4081797948,0,0,0,0,0,0,0,0,4096,256,131072,4,15|4,0,1800000000,262144,6867,0,0,0,0,7656,0,7640,0,958,955,0,1,7656,0|188,499953019,7,250447804,0,250347520,0,250347520,0,281619092,0,955,955,1651684400,6,1651684400,6,2080,2586958761,6,1151027261,0,0,0,0,0
1788097332747|1001|formal_primary_1800s|rotating|186,1378943233,33555404,563675762,562848656,0,0,0,0,0,0,0,0,0,0,508269,507314,0,0,0,0,0,0,0,0,0,0,0,0,0,0,0,0,0,0,0,0,4096,256,131072,4,15|4,0,1800000000,262144,6867,0,0,0,0,7656,0,7640,0,958,955,0,1,7656,0|188,4114202111,6,250475468,0,250347520,0,250347520,0,281587100,0,955,955,1654296685,6,1654296685,6,2080,2559544461,6,1151337553,0,0,0,0,0
1788097337756|1001|formal_primary_1800s|fixed|188,1378943233,16780339,569694181,568859215,569694181,568859215,569694181,568859215,1028359,1025462,513696,512731,0,0,0,0,4294967295,4294967295,4096,4096,0,0,513697,513697,107400852,107400857,107400820,107400833,0,0,0,0,0,0,0,0,4096,256,131072,4,15|4,0,1800000000,262144,6867,0,0,0,0,7736,0,7720,0,968,965,0,1,7736,0|190,821658988,7,253154704,0,252968960,0,252968960,0,284663392,0,965,965,1948334482,6,1948334482,6,2080,2893425351,6,1163056735,0,0,0,0,0
1788097337756|1001|formal_primary_1800s|rotating|188,1378943233,33555404,569762808,568927842,0,0,0,0,0,0,0,0,0,0,513757,512792,0,0,0,0,0,0,0,0,0,0,0,0,0,0,0,0,0,0,0,0,4096,256,131072,4,15|4,0,1800000000,262144,6867,0,0,0,0,7736,0,7720,0,968,965,0,1,7736,0|190,140681787,7,253179900,0,252968960,0,252968960,0,284628282,0,965,965,1950683509,6,1950683509,6,2080,2865428784,6,1163371645,0,0,0,0,0
1788097342768|1001|formal_primary_1800s|fixed|190,1378943233,16781056,575763239,574918859,575763239,574918859,575763239,574918859,1039316,1036390,519170,518195,0,0,0,0,4294967295,4294967295,4096,4096,0,0,519170,519170,428031481,428031830,428031489,428031838,0,0,0,0,0,0,0,0,4096,256,131072,4,15|4,0,1800000000,262144,6867,0,0,0,0,7816,0,7800,0,978,975,0,1,7816,0|192,1142258094,7,255851728,0,255590400,0,255590400,0,287694893,0,975,975,2243881670,6,2243881670,6,2048,3198785554,6,1175085772,0,0,0,0,0
1788097342768|1001|formal_primary_1800s|rotating|190,1378943233,33558272,575830936,574985888,0,0,0,0,0,0,0,0,0,0,519232,518256,0,0,0,0,0,0,0,0,0,0,0,0,0,0,0,0,0,0,0,0,4096,256,131072,4,15|5,0,1800000000,262144,6867,0,0,0,0,7824,0,7808,0,979,976,0,1,7824,0|192,461665440,7,255866376,0,255852544,0,255852544,0,287646893,0,976,976,2244176082,6,2244176082,6,2080,3169297777,6,1176606179,0,0,0,0,0
1788097347773|1001|formal_primary_1800s|fixed|192,1378943233,16780339,581800295,580946390,581800295,580946390,581800295,580946390,1050215,1047256,524613,523627,0,0,0,0,4294967295,4294967295,4096,4096,0,0,524614,524614,748510281,748510286,748510289,748510294,0,0,0,0,0,0,0,0,4096,256,131072,4,15|4,0,1800000000,262144,6867,0,0,0,0,7904,0,7888,0,989,986,0,1,7904,0|194,1462850153,7,258534252,0,258473984,0,258473984,0,290712453,0,986,986,2536990791,6,2536990791,6,2080,3502615280,6,1188317228,0,0,0,0,0
1788097347773|1001|formal_primary_1800s|rotating|192,1378943233,33555404,581867941,581014105,0,0,0,0,0,0,0,0,0,0,524674,523688,0,0,0,0,0,0,0,0,0,0,0,0,0,0,0,0,0,0,0,0,4096,256,131072,4,15|4,0,1800000000,262144,6867,0,0,0,0,7904,0,7888,0,989,986,0,1,7904,0|194,781736900,7,258558952,0,258473984,0,258473984,0,290674388,0,986,986,2539193524,6,2539193524,6,2080,3473813297,6,1188637144,0,0,0,0,0
1788097352784|1001|formal_primary_1800s|fixed|194,1378943233,16780339,587868621,587006361,587868621,587006361,587868621,587006361,1061171,1058182,530086,529090,0,0,0,0,4294967295,4294967295,4096,4096,0,0,530087,530087,1069105302,1069105283,1069105262,1069105299,0,0,0,0,0,0,0,0,4096,256,131072,4,15|4,0,1800000000,262144,6867,0,0,0,0,7984,0,7968,0,999,996,0,1,7984,0|196,1783277180,7,261229792,0,261095424,0,261095424,0,293742952,0,996,996,2832368779,6,2832368779,6,2080,3807803534,6,1200346127,0,0,0,0,0
1788097352784|1001|formal_primary_1800s|rotating|194,1378943233,33555404,587943001,587080650,0,0,0,0,0,0,0,0,0,0,530153,529157,0,0,0,0,0,0,0,0,0,0,0,0,0,0,0,0,0,0,0,0,4096,256,131072,4,15|4,0,1800000000,262144,6867,0,0,0,0,7984,0,7968,0,999,996,0,1,7984,0|196,1102515209,7,261257456,0,261095424,0,261095424,0,293707797,0,996,996,2834911441,6,2834911441,6,2080,3779030628,6,1200672950,0,0,0,0,0
1788097357784|1001|formal_primary_1800s|fixed|196,1378943233,16780339,593930276,593059508,593930276,593059508,593930276,593059508,1072105,1069086,535548,534542,0,0,0,0,4294967295,4294967295,4096,4096,0,0,535549,535549,1389098633,1389098630,1389098641,1389098638,0,0,0,0,0,0,0,0,4096,256,131072,4,15|4,0,1800000000,262144,6867,0,0,0,0,8064,0,8048,0,1009,1006,0,1,8064,0|198,2103393219,7,263922864,0,263716864,0,263716864,0,296772653,0,1006,1006,3127431297,6,3127431297,6,2080,4112680604,6,1212375213,0,0,0,0,0
1788097357784|1001|formal_primary_1800s|rotating|196,1378943233,33558272,594005073,593134295,0,0,0,0,0,0,0,0,0,0,535616,534610,0,0,0,0,0,0,0,0,0,0,0,0,0,0,0,0,0,0,0,0,4096,256,131072,4,15|4,0,1800000000,262144,6867,0,0,0,0,8064,0,8048,0,1009,1006,0,1,8064,0|198,1423227732,7,263955468,0,263716864,0,263716864,0,296742844,0,1006,1006,3130573000,6,3130573000,6,2080,4084186574,6,1212699458,0,0,0,0,0
1788097362787|1001|formal_primary_1800s|fixed|198,1378943233,16780339,600001773,599121669,600001773,599121669,600001773,599121669,1083065,1080016,541023,540007,0,0,0,0,4294967295,4294967295,4096,4096,0,0,541024,541024,1709809256,1709809245,1709809224,1709809253,0,0,0,0,0,0,0,0,4096,256,131072,4,15|4,0,1800000000,262144,6867,0,0,0,0,8152,0,8136,0,1020,1017,0,1,8152,0|200,2424504629,7,266610328,0,266600448,0,266600448,0,299794148,0,1017,1017,3421053370,6,3421053370,6,2080,122061975,7,1225607075,0,0,0,0,0
1788097362787|1001|formal_primary_1800s|rotating|198,1378943233,33555404,600051017,599170032,0,0,0,0,0,0,0,0,0,0,541068,540051,0,0,0,0,0,0,0,0,0,0,0,0,0,0,0,0,0,0,0,0,4096,256,131072,4,15|4,0,1800000000,262144,6867,0,0,0,0,8152,0,8136,0,1020,1017,0,1,8152,0|200,1743662888,7,266637004,0,266600448,0,266600448,0,299757040,0,1017,1017,3423518950,6,3423518950,6,2080,92538175,7,1225933370,0,0,0,0,0
1788097367795|1001|formal_primary_1800s|fixed|200,1378943233,16780339,606028354,605138674,606028354,605138674,606028354,605138674,1093952,1090870,546462,545435,0,0,0,0,4294967295,4294967295,4096,4096,0,0,546462,546462,2029982723,2029983040,2029982731,2029983048,0,0,0,0,0,0,0,0,4096,256,131072,4,15|4,0,1800000000,262144,6867,0,0,0,0,8232,0,8216,0,1030,1027,0,1,8232,0|202,2744249361,7,269299448,0,269221888,0,269221888,0,302816647,0,1027,1027,3715752351,6,3715752351,6,2080,426568533,7,1237635380,0,0,0,0,0
1788097367795|1001|formal_primary_1800s|rotating|200,1378943233,33555404,606096940,605207307,0,0,0,0,0,0,0,0,0,0,546524,545497,0,0,0,0,0,0,0,0,0,0,0,0,0,0,0,0,0,0,0,0,4096,256,131072,4,15|4,0,1800000000,262144,6867,0,0,0,0,8232,0,8216,0,1030,1027,0,1,8232,0|202,2063221855,7,269324640,0,269221888,0,269221888,0,302776739,0,1027,1027,3718020885,6,3718020885,6,2080,396537896,7,1237968550,0,0,0,0,0
1788097372796|1001|formal_primary_1800s|fixed|202,1378943233,16780339,612076550,611178361,612076550,611178361,612076550,611178361,1104884,1101772,551922,550885,0,0,0,0,4294967295,4294967295,4096,4096,0,0,551923,551923,2349877938,2349877951,2349877946,2349877959,0,0,0,0,0,0,0,0,4096,256,131072,4,15|4,0,1800000000,262144,6867,0,0,0,0,8312,0,8296,0,1040,1037,0,1,8312,0|204,3064065305,7,271990048,0,271843328,0,271843328,0,305838118,0,1037,1037,4010518875,6,4010518875,6,2080,731145932,7,1249664015,0,0,0,0,0
1788097372796|1001|formal_primary_1800s|rotating|202,1378943233,33555404,612151660,611253504,0,0,0,0,0,0,0,0,0,0,551989,550952,0,0,0,0,0,0,0,0,0,0,0,0,0,0,0,0,0,0,0,0,4096,256,131072,4,15|4,0,1800000000,262144,6867,0,0,0,0,8312,0,8296,0,1040,1037,0,1,8312,0|204,2383508079,7,272019192,0,271843328,0,271843328,0,305802494,0,1037,1037,4013254135,6,4013254135,6,2080,701267735,7,1249997951,0,0,0,0,0
1788097377806|1001|formal_primary_1800s|fixed|204,1378943233,16780339,618151769,617245099,618151769,617245099,618151769,617245099,1115850,1112708,557400,556353,0,0,0,0,4294967295,4294967295,4096,4096,0,0,557401,557401,2670756386,2670756367,2670756394,2670756375,0,0,0,0,0,0,0,0,4096,256,131072,4,15|4,0,1800000000,262144,6867,0,0,0,0,8392,0,8376,0,1050,1047,0,1,8392,0|206,3385285865,7,274692504,0,274464768,0,274464768,0,308876713,0,1047,1047,11717036,7,11717036,7,2080,1037127865,7,1261692758,0,0,0,0,0
1788097377806|1001|formal_primary_1800s|rotating|204,1378943233,33555404,618263618,617356715,0,0,0,0,0,0,0,0,0,0,557501,556454,0,0,0,0,0,0,0,0,0,0,0,0,0,0,0,0,0,0,0,0,4096,256,131072,4,15|4,0,1800000000,262144,6867,0,0,0,0,8392,0,8376,0,1050,1047,0,1,8392,0|206,2706314588,7,274726912,0,274726912,0,274726912,0,308854402,0,1048,1048,15031360,7,15031360,7,2048,1008393645,7,1262118713,0,0,0,0,0
1788097382818|1001|formal_primary_1800s|fixed|206,1378943233,16781056,624199917,623282793,624199917,623282793,624199917,623282793,1126770,1123596,562856,561798,0,0,0,0,4294967295,4294967295,4096,4096,0,0,562856,562856,2990358418,2990358418,2990358426,2990358426,0,0,0,0,0,0,0,0,4096,256,131072,4,15|4,0,1800000000,262144,6867,0,0,0,0,8480,0,8464,0,1061,1058,0,1,8480,0|208,3705607449,7,277373052,0,277348352,0,277348352,0,311890151,0,1058,1058,304556550,7,304556550,7,2080,1340686486,7,1274924834,0,0,0,0,0
1788097382818|1001|formal_primary_1800s|rotating|206,1378943233,33558272,624282348,623365155,0,0,0,0,0,0,0,0,0,0,562930,561872,0,0,0,0,0,0,0,0,0,0,0,0,0,0,0,0,0,0,0,0,4096,256,131072,4,15|4,0,1800000000,262144,6867,0,0,0,0,8480,0,8464,0,1061,1058,0,1,8480,0|208,3026415634,7,277414056,0,277348352,0,277348352,0,311866722,0,1058,1058,308641480,7,308641480,7,2080,1311499719,7,1275267236,0,0,0,0,0
1788097387825|1001|formal_primary_1800s|fixed|208,1378943233,16781056,630260816,629335069,630260816,629335069,630260816,629335069,1137707,1134502,568319,567251,0,0,0,0,4294967295,4294967295,4096,4096,0,0,568319,568319,3311932812,3311933145,3311932820,3311933153,0,0,0,0,0,0,0,0,4096,256,131072,4,15|4,0,1800000000,262144,6867,0,0,0,0,8560,0,8544,0,1071,1068,0,1,8560,0|210,4026370782,7,280071556,0,279969792,0,279969792,0,314925605,0,1068,1068,600265208,7,600265208,7,2079,1646210811,7,1286953990,0,0,0,0,0
1788097387825|1001|formal_primary_1800s|rotating|208,1378943233,33555404,630329275,629403540,0,0,0,0,0,0,0,0,0,0,568380,567312,0,0,0,0,0,0,0,0,0,0,0,0,0,0,0,0,0,0,0,0,4096,256,131072,4,15|4,0,1800000000,262144,6867,0,0,0,0,8560,0,8544,0,1071,1068,0,1,8560,0|210,3345234492,7,280095268,0,279969792,0,279969792,0,314882067,0,1068,1068,602411797,7,602411797,7,2080,1614760469,7,1287295520,0,0,0,0,0
1788097392838|1001|formal_primary_1800s|fixed|210,1378943233,16780339,636332053,635398117,636332053,635398117,636332053,635398117,1148669,1145434,573794,572716,0,0,0,0,4294967295,4294967295,4096,4096,0,0,573795,573795,3632680070,3632680075,3632680078,3632680083,0,0,0,0,0,0,0,0,4096,256,131072,4,15|4,0,1800000000,262144,6867,0,0,0,0,8640,0,8624,0,1081,1078,0,1,8640,0|212,51888444,8,282767592,0,282591232,0,282591232,0,317956675,0,1078,1078,895698072,7,895698072,7,2080,1951456811,7,1298983046,0,0,0,0,0
1788097392838|1001|formal_primary_1800s|rotating|210,1378943233,33555404,636406514,635472551,0,0,0,0,0,0,0,0,0,0,573861,572783,0,0,0,0,0,0,0,0,0,0,0,0,0,0,0,0,0,0,0,0,4096,256,131072,4,15|4,0,1800000000,262144,6867,0,0,0,0,8640,0,8624,0,1081,1078,0,1,8640,0|212,3666212970,7,282795748,0,282591232,0,282591232,0,317917439,0,1078,1078,898333268,7,898333268,7,2080,1920179106,7,1299327435,0,0,0,0,0
1788097397847|1001|formal_primary_1800s|fixed|212,1378943233,16780339,642407984,641464749,642407984,641464749,642407984,641464749,1159631,1156366,579270,578182,0,0,0,0,4294967295,4294967295,4096,4096,0,0,579271,579271,3953442760,3953442733,3953442720,3953442741,0,0,0,0,0,0,0,0,4096,256,131072,4,15|4,0,1800000000,262144,6867,0,0,0,0,8720,0,8704,0,1091,1088,0,1,8720,0|214,372687186,8,285466096,0,285212672,0,285212672,0,320992647,0,1088,1088,1191443726,7,1191443726,7,2080,2257017001,7,1311011696,0,0,0,0,0
1788097397847|1001|formal_primary_1800s|rotating|212,1378943233,33558272,642477229,641533963,0,0,0,0,0,0,0,0,0,0,579333,578245,0,0,0,0,0,0,0,0,0,0,0,0,0,0,0,0,0,0,0,0,4096,256,131072,4,15|4,0,1800000000,262144,6867,0,0,0,0,8724,0,8712,0,1092,1089,0,1,8724,0|214,3986674876,7,285474816,0,285474816,0,285474816,0,320938557,0,1089,1089,1191823532,7,1191823532,7,2080,2224042265,7,1312365014,0,0,0,0,0
1788097402854|1001|formal_primary_1800s|fixed|214,1378943233,16780339,648441292,647489186,648441292,647489186,648441292,647489186,1170530,1167232,584714,583615,0,0,0,0,4294967295,4294967295,4096,4096,0,0,584715,584715,4273938303,4273938316,4273938311,4273938324,0,0,0,0,0,0,0,0,4096,256,131072,4,15|4,0,1800000000,262144,6867,0,0,0,0,8808,0,8792,0,1102,1099,0,1,8808,0|216,693249499,8,288148620,0,288096256,0,288096256,0,324007834,0,1099,1099,1484517491,7,1484517491,7,2080,2560816603,7,1324243534,0,0,0,0,0
1788097402854|1001|formal_primary_1800s|rotating|214,1378943233,33557316,648508623,647556458,0,0,0,0,0,0,0,0,0,0,584775,583676,0,0,0,0,0,0,0,0,0,0,0,0,0,0,0,0,0,0,0,0,4096,256,131072,4,15|4,0,1800000000,262144,6867,0,0,0,0,8808,0,8792,0,1102,1099,0,1,8808,0|216,12159571,8,288173320,0,288096256,0,288096256,0,323962639,0,1099,1099,1486706422,7,1486706422,7,2080,2528420001,7,1324588880,0,0,0,0,0
1788097407869|1001|formal_primary_1800s|fixed|216,1378943233,16780339,654513834,653552616,654513834,653552616,654513834,653552616,1181492,1178164,590190,589081,0,0,0,0,4294967295,4294967295,4096,4096,0,0,590191,590191,299726403,299726384,299726411,299726392,0,0,0,0,0,0,0,0,4096,256,131072,4,15|4,0,1800000000,262144,6867,0,0,0,0,8888,0,8872,0,1112,1109,0,1,8888,0|218,1014729577,8,290853548,0,290717696,0,290717696,0,327049048,0,1109,1109,1780946188,7,1780946188,7,2080,2867057768,7,1336272576,0,0,0,0,0
1788097407869|1001|formal_primary_1800s|rotating|216,1378943233,33558272,654609057,653647925,0,0,0,0,0,0,0,0,0,0,590276,589167,0,0,0,0,0,0,0,0,0,0,0,0,0,0,0,0,0,0,0,0,4096,256,131072,4,15|4,0,1800000000,262144,6867,0,0,0,0,8888,0,8872,0,1112,1109,0,1,8888,0|218,335091789,8,290891092,0,290717696,0,290717696,0,327017860,0,1109,1109,1784576110,7,1784576110,7,2080,2835794066,7,1336622008,0,0,0,0,0
1788097412872|1001|formal_primary_1800s|fixed|218,1378943233,16780339,660575542,659605650,660575542,659605650,660575542,659605650,1192432,1189074,595655,594536,0,0,0,0,4294967295,4294967295,4096,4096,0,0,595656,595656,619893920,619893925,619893928,619893893,0,0,0,0,0,0,0,0,4096,256,131072,4,15|4,0,1800000000,262144,6867,0,0,0,0,8968,0,8952,0,1122,1119,0,1,8968,0|220,1334207865,8,293540688,0,293339136,0,293339136,0,330070782,0,1119,1119,2075374783,7,2075374783,7,2080,3171297546,7,1348301189,0,0,0,0,0
1788097412872|1001|formal_primary_1800s|rotating|218,1378943233,33555404,660650904,659681008,0,0,0,0,0,0,0,0,0,0,595723,594604,0,0,0,0,0,0,0,0,0,0,0,0,0,0,0,0,0,0,0,0,4096,256,131072,4,15|4,0,1800000000,262144,6867,0,0,0,0,8968,0,8952,0,1122,1119,0,1,8968,0|220,653568714,8,293569340,0,293339136,0,293339136,0,330028778,0,1119,1119,2078003341,7,2078003341,7,2080,3138712628,7,1348652219,0,0,0,0,0
1788097417880|1001|formal_primary_1800s|fixed|220,1378943233,16780339,666648103,665668798,666648103,665668798,666648103,665668798,1203387,1199998,601128,599999,0,0,0,0,4294967295,4294967295,4096,4096,0,0,601129,601129,940456358,940456395,940456366,940456403,0,0,0,0,0,0,0,0,4096,256,131072,4,15|4,0,1800000000,262144,6867,0,0,0,0,9052,0,9040,0,1133,1130,0,1,9052,0|222,1654686960,8,296222720,0,296222720,0,296222720,0,333096254,0,1130,1130,2369204925,7,2369204925,7,2080,3475850893,7,1361017058,0,0,0,0,0
1788097417880|1001|formal_primary_1800s|rotating|220,1378943233,33558272,666692493,665712493,0,0,0,0,0,0,0,0,0,0,601169,600039,0,0,0,0,0,0,0,0,0,0,0,0,0,0,0,0,0,0,0,0,4096,256,131072,4,15|4,0,1800000000,262144,6867,0,0,0,0,9056,0,9040,0,1133,1130,0,1,9056,0|222,973906050,8,296249892,0,296222720,0,296222720,0,333043940,0,1130,1130,2370850938,7,2370850938,7,2080,3441935266,7,1361886865,0,0,0,0,0
1788097422885|1001|formal_primary_1800s|fixed|222,1378943233,16780339,672703413,671714097,672703413,671714097,672703413,671714097,1214320,1210899,606589,605449,0,0,0,0,4294967295,4294967295,4096,4096,0,0,606590,606590,1261911461,1261911466,1261911469,1261911474,0,0,0,0,0,0,0,0,4096,256,131072,4,15|4,0,1800000000,262144,6867,0,0,0,0,9136,0,9120,0,1143,1140,0,1,9136,0|224,1975750206,8,298923696,0,298844160,0,298844160,0,336125230,0,1140,1140,2664381358,7,2664381358,7,2080,3780838354,7,1373561990,0,0,0,0,0
1788097422885|1001|formal_primary_1800s|rotating|222,1378943233,33555404,672771163,671781785,0,0,0,0,0,0,0,0,0,0,606650,605510,0,0,0,0,0,0,0,0,0,0,0,0,0,0,0,0,0,0,0,0,4096,256,131072,4,15|4,0,1800000000,262144,6867,0,0,0,0,9136,0,9120,0,1143,1140,0,1,9136,0|224,1295118184,8,298952348,0,298844160,0,298844160,0,336082065,0,1140,1140,2667002744,7,2667002744,7,2080,3747587766,7,1373921663,0,0,0,0,0
1788097427895|1001|formal_primary_1800s|fixed|224,1378943233,16780339,678757666,677759658,678757666,677759658,678757666,677759658,1225243,1221792,612045,610895,0,0,0,0,4294967295,4294967295,4096,4096,0,0,612046,612046,1581576748,1581576753,1581576756,1581576761,0,0,0,0,0,0,0,0,4096,256,131072,4,15|4,0,1800000000,262144,6867,0,0,0,0,9216,0,9200,0,1153,1150,0,1,9216,0|226,2295681056,8,301614788,0,301465600,0,301465600,0,339152696,0,1150,1150,2959260416,7,2959260416,7,2080,4085530436,7,1385590889,0,0,0,0,0
1788097427895|1001|formal_primary_1800s|rotating|224,1378943233,33555404,678842407,677844413,0,0,0,0,0,0,0,0,0,0,612122,610972,0,0,0,0,0,0,0,0,0,0,0,0,0,0,0,0,0,0,0,0,4096,256,131072,4,15|4,0,1800000000,262144,6867,0,0,0,0,9216,0,9200,0,1153,1150,0,1,9216,0|226,1616632563,8,301657768,0,301465600,0,301465600,0,339124471,0,1150,1150,2963460891,7,2963460891,7,2080,4053543188,7,1385951665,0,0,0,0,0
1788097432895|1001|formal_primary_1800s|fixed|226,1378943233,16780339,684815563,683808562,684815563,683808562,684815563,683808562,1236173,1232692,617505,616345,0,0,0,0,4294967295,4294967295,4096,4096,0,0,617506,617506,1901436696,1901436725,1901436704,1901436733,0,0,0,0,0,0,0,0,4096,256,131072,4,15|4,0,1800000000,262144,6867,0,0,0,0,9296,0,9280,0,1163,1160,0,1,9296,0|228,2615624873,8,304306376,0,304087040,0,304087040,0,342180151,0,1160,1160,3254157371,7,3254157371,7,2078,95268212,8,1397619734,0,0,0,0,0
1788097432895|1001|formal_primary_1800s|rotating|226,1378943233,33555404,684889704,683882730,0,0,0,0,0,0,0,0,0,0,617572,616412,0,0,0,0,0,0,0,0,0,0,0,0,0,0,0,0,0,0,0,0,4096,256,131072,4,15|4,0,1800000000,262144,6867,0,0,0,0,9296,0,9280,0,1163,1160,0,1,9296,0|228,1934996312,8,304335028,0,304087040,0,304087040,0,342135689,0,1160,1160,3256771009,7,3256771009,7,2080,61381276,8,1397986017,0,0,0,0,0
1788097437901|1001|formal_primary_1800s|fixed|228,1378943233,16781056,690876934,689860647,690876934,689860647,690876934,689860647,1247115,1243602,622972,621801,0,0,0,0,4294967295,4294967295,4096,4096,0,0,622972,622972,2221652276,2221652276,2221652284,2221652284,0,0,0,0,0,0,0,0,4096,256,131072,4,15|5,0,1800000000,262144,6867,0,0,0,0,9384,0,9368,0,1174,1171,0,1,9384,0|230,2936068588,8,306987916,0,306970624,0,306970624,0,345195530,0,1171,1171,3547116152,7,3547116152,7,2080,398949224,8,1410851534,0,0,0,0,0
1788097437901|1001|formal_primary_1800s|rotating|228,1378943233,33555404,690924924,689908527,0,0,0,0,0,0,0,0,0,0,623015,621844,0,0,0,0,0,0,0,0,0,0,0,0,0,0,0,0,0,0,0,0,4096,256,131072,4,15|4,0,1800000000,262144,6867,0,0,0,0,9384,0,9368,0,1174,1171,0,1,9384,0|230,2255394542,8,307016072,0,306970624,0,306970624,0,345149894,0,1171,1171,3549676293,7,3549676293,7,2080,364662265,8,1411223751,0,0,0,0,0
1788097442910|1001|formal_primary_1800s|fixed|230,1378943233,16781056,696919968,695895313,696919968,695895313,696919968,695895313,1258022,1254478,628420,627239,0,0,0,0,4294967295,4294967295,4096,4096,0,0,628420,628420,2542389312,2542389661,2542389320,2542389669,0,0,0,0,0,0,0,0,4096,256,131072,4,15|4,0,1800000000,262144,6867,0,0,0,0,9464,0,9448,0,1184,1181,0,1,9464,0|232,3256618315,8,309684444,0,309592064,0,309592064,0,348228280,0,1181,1181,3842614332,7,3842614332,7,2080,704259954,8,1422880645,0,0,0,0,0
1788097442910|1001|formal_primary_1800s|rotating|230,1378943233,33555404,696994297,695969580,0,0,0,0,0,0,0,0,0,0,628486,627305,0,0,0,0,0,0,0,0,0,0,0,0,0,0,0,0,0,0,0,0,4096,256,131072,4,15|4,0,1800000000,262144,6867,0,0,0,0,9464,0,9448,0,1184,1181,0,1,9464,0|232,2575969608,8,309712600,0,309592064,0,309592064,0,348182610,0,1181,1181,3845196558,7,3845196558,7,2080,669679414,8,1423254488,0,0,0,0,0
1788097447923|1001|formal_primary_1800s|fixed|232,1378943233,16780339,702996504,701964010,702996504,701964010,702996504,701964010,1268988,1265414,633897,632706,0,0,0,0,4294967295,4294967295,4096,4096,0,0,633898,633898,2863241710,2863241667,2863241670,2863241675,0,0,0,0,0,0,0,0,4096,256,131072,4,15|4,0,1800000000,262144,6867,0,0,0,0,9544,0,9528,0,1194,1191,0,1,9544,0|234,3577443662,8,312383440,0,312213504,0,312213504,0,351264532,0,1191,1191,4138388290,7,4138388290,7,2080,1009846517,8,1434909492,0,0,0,0,0
1788097447923|1001|formal_primary_1800s|rotating|232,1378943233,33555404,703071632,702039151,0,0,0,0,0,0,0,0,0,0,633964,632773,0,0,0,0,0,0,0,0,0,0,0,0,0,0,0,0,0,0,0,0,4096,256,131072,4,15|4,0,1800000000,262144,6867,0,0,0,0,9544,0,9528,0,1194,1191,0,1,9544,0|234,2896809743,8,312412092,0,312213504,0,312213504,0,351218054,0,1191,1191,4140978850,7,4140978850,7,2080,974959897,8,1435287491,0,0,0,0,0
1788097452935|1001|formal_primary_1800s|fixed|234,1378943233,16780339,709073071,708030513,709073071,708030513,709073071,708030513,1279958,1276354,639377,638176,0,0,0,0,4294967295,4294967295,4096,4096,0,0,639378,639378,3184227195,3184227208,3184227203,3184227216,0,0,0,0,0,0,0,0,4096,256,131072,4,15|4,0,1800000000,262144,6867,0,0,0,0,9624,0,9608,0,1204,1201,0,1,9624,0|236,3898419428,8,315083920,0,314834944,0,314834944,0,354299934,0,1201,1201,139350259,8,139350259,8,2080,1315583251,8,1446938623,0,0,0,0,0
1788097452935|1001|formal_primary_1800s|rotating|234,1378943233,33558272,709135487,708092955,0,0,0,0,0,0,0,0,0,0,639434,638233,0,0,0,0,0,0,0,0,0,0,0,0,0,0,0,0,0,0,0,0,4096,256,131072,4,15|4,0,1800000000,262144,6867,0,0,0,0,9628,0,9616,0,1205,1202,0,1,9628,0|236,3217437601,8,315097088,0,315097088,0,315097088,0,354243597,0,1202,1202,140190253,8,140190253,8,2048,1279521162,8,1447801169,0,0,0,0,0
1788097457940|1001|formal_primary_1800s|fixed|236,1378943233,16781056,715108791,714057017,715108791,714057017,715108791,714057017,1290851,1287214,644819,643607,0,0,0,0,4294967295,4294967295,4096,4096,0,0,644819,644819,3504583314,3504583639,3504583322,3504583647,0,0,0,0,0,0,0,0,4096,256,131072,4,15|4,0,1800000000,262144,6867,0,0,0,0,9712,0,9696,0,1215,1212,0,1,9712,0|238,4217879083,8,317756568,0,317718528,0,317718528,0,357306715,0,1212,1212,431326939,8,431326939,8,2080,1618279686,8,1460170961,0,0,0,0,0
1788097457940|1001|formal_primary_1800s|rotating|236,1378943233,33555404,715160634,714108882,0,0,0,0,0,0,0,0,0,0,644865,643653,0,0,0,0,0,0,0,0,0,0,0,0,0,0,0,0,0,0,0,0,4096,256,131072,4,15|4,0,1800000000,262144,6867,0,0,0,0,9712,0,9696,0,1215,1212,0,1,9712,0|238,3536994242,8,317782748,0,317718528,0,317718528,0,357256392,0,1212,1212,433646803,8,433646803,8,2080,1582472328,8,1460559241,0,0,0,0,0
1788097462948|1001|formal_primary_1800s|fixed|238,1378943233,16780339,721177171,720116310,721177171,720116310,721177171,720116310,1301803,1298136,650289,649067,0,0,0,0,4294967295,4294967295,4096,4096,0,0,650290,650290,3825034197,3825034186,3825034157,3825034194,0,0,0,0,0,0,0,0,4096,256,131072,4,15|4,0,1800000000,262144,6867,0,0,0,0,9792,0,9776,0,1225,1222,0,1,9792,0|240,244358957,9,320461000,0,320339968,0,320339968,0,360348836,0,1222,1222,727721639,8,727721639,8,2080,1924488314,8,1472199627,0,0,0,0,0
1788097462948|1001|formal_primary_1800s|rotating|238,1378943233,33555404,721250675,720189822,0,0,0,0,0,0,0,0,0,0,650355,649133,0,0,0,0,0,0,0,0,0,0,0,0,0,0,0,0,0,0,0,0,4096,256,131072,4,15|4,0,1800000000,262144,6867,0,0,0,0,9792,0,9776,0,1225,1222,0,1,9792,0|240,3858691309,8,320489652,0,320339968,0,320339968,0,360300132,0,1222,1222,730284108,8,730284108,8,2080,1888609710,8,1472592302,0,0,0,0,0
1788097467966|1001|formal_primary_1800s|fixed|240,1378943233,16781056,727260360,726190690,727260360,726190690,727260360,726190690,1312775,1309078,655771,654539,0,0,0,0,4294967295,4294967295,4096,4096,0,0,655771,655771,4146105255,4146105612,4146105263,4146105620,0,0,0,0,0,0,0,0,4096,256,131072,4,15|4,0,1800000000,262144,6867,0,0,0,0,9872,0,9856,0,1235,1232,0,1,9872,0|242,565330587,9,323161480,0,322961408,0,322961408,0,363386975,0,1232,1232,1023645065,8,1023645065,8,2080,2230220763,8,1484228951,0,0,0,0,0
1788097467966|1001|formal_primary_1800s|rotating|240,1378943233,33555404,727337386,726267705,0,0,0,0,0,0,0,0,0,0,655840,654608,0,0,0,0,0,0,0,0,0,0,0,0,0,0,0,0,0,0,0,0,4096,256,131072,4,15|4,0,1800000000,262144,6867,0,0,0,0,9872,0,9856,0,1235,1232,0,1,9872,0|242,4180438841,8,323197048,0,322961408,0,322961408,0,363345327,0,1232,1232,1026968671,8,1026968671,8,2080,2194798389,8,1484628466,0,0,0,0,0
1788097472968|1001|formal_primary_1800s|fixed|242,1378943233,16780339,733322454,732244455,733322454,732244455,733322454,732244455,1323715,1319988,661235,659993,0,0,0,0,4294967295,4294967295,4096,4096,0,0,661236,661236,171263436,171263401,171263444,171263409,0,0,0,0,0,0,0,0,4096,256,131072,4,15|4,0,1800000000,262144,6867,0,0,0,0,9956,0,9944,0,1246,1243,0,1,9956,0|244,886202901,9,325844992,0,325844992,0,325844992,0,366413610,0,1243,1243,1317651300,8,1317651300,8,2080,2534945785,8,1497166349,0,0,0,0,0
1788097472968|1001|formal_primary_1800s|rotating|242,1378943233,33555404,733389540,732310939,0,0,0,0,0,0,0,0,0,0,661296,660053,0,0,0,0,0,0,0,0,0,0,0,0,0,0,0,0,0,0,0,0,4096,256,131072,4,15|4,0,1800000000,262144,6867,0,0,0,0,9960,0,9944,0,1246,1243,0,1,9960,0|244,206615667,9,325884512,0,325844992,0,325844992,0,366367982,0,1243,1243,1320617050,8,1320617050,8,2080,2498828324,8,1497867390,0,0,0,0,0
1788097477973|1001|formal_primary_1800s|fixed|244,1378943233,16780339,739374741,738287406,739374741,738287406,739374741,738287406,1334640,1330880,666692,665439,0,0,0,0,4294967295,4294967295,4096,4096,0,0,666693,666693,492495156,492495145,492495132,492495153,0,0,0,0,0,0,0,0,4096,256,131072,4,15|4,0,1800000000,262144,6867,0,0,0,0,10040,0,10024,0,1256,1253,0,1,10040,0|246,1206713316,9,328543004,0,328466432,0,328466432,0,369440087,0,1253,1253,1612490462,8,1612490462,8,2080,2839601425,8,1509490236,0,0,0,0,0
1788097477973|1001|formal_primary_1800s|rotating|244,1378943233,33555404,739469331,738381966,0,0,0,0,0,0,0,0,0,0,666777,665524,0,0,0,0,0,0,0,0,0,0,0,0,0,0,0,0,0,0,0,0,4096,256,131072,4,15|4,0,1800000000,262144,6867,0,0,0,0,10040,0,10024,0,1256,1253,0,1,10040,0|246,527009885,9,328580052,0,328466432,0,328466432,0,369398702,0,1253,1253,1615957976,8,1615957976,8,2080,2803662021,8,1509896861,0,0,0,0,0
1788097482974|1001|formal_primary_1800s|fixed|246,1378943233,16781056,745419709,744324229,745419709,744324229,745419709,744324229,1345544,1341754,672140,670877,0,0,0,0,4294967295,4294967295,4096,4096,0,0,672140,672140,811658081,811658390,811658089,811658406,0,0,0,0,0,0,0,0,4096,256,131072,4,15|4,0,1800000000,262144,6867,0,0,0,0,10120,0,10104,0,1266,1263,0,1,10120,0|248,1525923346,9,331227760,0,331087872,0,331087872,0,372460996,0,1263,1263,1906652204,8,1906652204,8,2080,3143572816,8,1521519012,0,0,0,0,0
1788097482974|1001|formal_primary_1800s|rotating|246,1378943233,33555404,745495724,744400171,0,0,0,0,0,0,0,0,0,0,672208,670945,0,0,0,0,0,0,0,0,0,0,0,0,0,0,0,0,0,0,0,0,4096,256,131072,4,15|4,0,1800000000,262144,6867,0,0,0,0,10120,0,10104,0,1266,1263,0,1,10120,0|248,845367805,9,331257316,0,331087872,0,331087872,0,372410301,0,1263,1263,1909266321,8,1909266321,8,2080,3106462392,8,1521927158,0,0,0,0,0
1788097487988|1001|formal_primary_1800s|fixed|248,1378943233,16780339,751498664,750394466,751498664,750394466,751498664,750394466,1356518,1352698,677621,676348,0,0,0,0,4294967295,4294967295,4096,4096,0,0,677622,677622,1132738952,1132738981,1132738968,1132738989,0,0,0,0,0,0,0,0,4096,256,131072,4,15|4,0,1800000000,262144,6867,0,0,0,0,10200,0,10184,0,1276,1273,0,1,10200,0|250,1846827889,9,333927660,0,333709312,0,333709312,0,375496386,0,1273,1273,2202507041,8,2202507041,8,2080,3449238227,8,1533548242,0,0,0,0,0
1788097487988|1001|formal_primary_1800s|rotating|248,1378943233,33555404,751583888,750479691,0,0,0,0,0,0,0,0,0,0,677698,676425,0,0,0,0,0,0,0,0,0,0,0,0,0,0,0,0,0,0,0,0,4096,256,131072,4,15|4,0,1800000000,262144,6867,0,0,0,0,10200,0,10184,0,1276,1273,0,1,10200,0|250,1167015750,9,333963724,0,333709312,0,333709312,0,375452313,0,1273,1273,2205850501,8,2205850501,8,2080,3412548751,8,1533964394,0,0,0,0,0
1788097492996|1001|formal_primary_1800s|fixed|250,1378943233,16781056,757554191,756439924,757554191,756439924,757554191,756439924,1367460,1363608,683088,681804,0,0,0,0,4294967295,4294967295,4096,4096,0,0,683088,683088,1452947533,1452947533,1452947541,1452947541,0,0,0,0,0,0,0,0,4096,256,131072,4,15|5,0,1800000000,262144,6867,0,0,0,0,10288,0,10272,0,1287,1284,0,1,10288,0|252,2167989890,9,336615620,0,336592896,0,336592896,0,378515772,0,1284,1284,2496183138,8,2496183138,8,2080,3753637677,8,1546779889,0,0,0,0,0
1788097492996|1001|formal_primary_1800s|rotating|250,1378943233,33558272,757617462,756503275,0,0,0,0,0,0,0,0,0,0,683145,681861,0,0,0,0,0,0,0,0,0,0,0,0,0,0,0,0,0,0,0,0,4096,256,131072,4,15|4,0,1800000000,262144,6867,0,0,0,0,10288,0,10272,0,1287,1284,0,1,10288,0|252,1487449430,9,336644768,0,336592896,0,336592896,0,378464168,0,1284,1284,2498796095,8,2498796095,8,2080,3715870537,8,1547197322,0,0,0,0,0
1788097498008|1001|formal_primary_1800s|fixed|252,1378943233,16780339,763595068,762472962,763595068,762472962,763595068,762472962,1378375,1374492,688539,687245,0,0,0,0,4294967295,4294967295,4096,4096,0,0,688540,688540,1773902371,1773902376,1773902379,1773902384,0,0,0,0,0,0,0,0,4096,256,131072,4,15|4,0,1800000000,262144,6867,0,0,0,0,10368,0,10352,0,1297,1294,0,1,10368,0|254,2488184533,9,339309184,0,339214336,0,339214336,0,381542143,0,1294,1294,2791328880,8,2791328880,8,2080,4058593380,8,1558808924,0,0,0,0,0
1788097498008|1001|formal_primary_1800s|rotating|252,1378943233,33558272,763669828,762547739,0,0,0,0,0,0,0,0,0,0,688607,687313,0,0,0,0,0,0,0,0,0,0,0,0,0,0,0,0,0,0,0,0,4096,256,131072,4,15|4,0,1800000000,262144,6867,0,0,0,0,10368,0,10352,0,1297,1294,0,1,10368,0|254,1807519782,9,339337344,0,339214336,0,339214336,0,381488435,0,1294,1294,2793809289,8,2793809289,8,2080,4020381478,8,1559231384,0,0,0,0,0
1788097503013|1001|formal_primary_1800s|fixed|254,1378943233,16781056,769665579,768534992,769665579,768534992,769665579,768534992,1389321,1385408,694008,692704,0,0,0,0,4294967295,4294967295,4096,4096,0,0,694008,694008,2094222396,2094222737,2094222404,2094222745,0,0,0,0,0,0,0,0,4096,256,131072,4,15|4,0,1800000000,262144,6867,0,0,0,0,10448,0,10432,0,1307,1304,0,1,10448,0|256,2809262670,9,342010160,0,341835776,0,341835776,0,384582880,0,1304,1304,3087356217,8,3087356217,8,2080,69465097,9,1570838210,0,0,0,0,0
1788097503013|1001|formal_primary_1800s|rotating|254,1378943233,33555404,769756449,768625926,0,0,0,0,0,0,0,0,0,0,694089,692785,0,0,0,0,0,0,0,0,0,0,0,0,0,0,0,0,0,0,0,0,4096,256,131072,4,15|4,0,1800000000,262144,6867,0,0,0,0,10448,0,10432,0,1307,1304,0,1,10448,0|256,2129271809,9,342044740,0,341835776,0,341835776,0,384535192,0,1304,1304,3090500239,8,3090500239,8,2080,31606720,9,1571265646,0,0,0,0,0
1788097508014|1001|formal_primary_1800s|fixed|256,1378943233,16780339,775720914,774582744,775720914,774582744,775720914,774582744,1400259,1396316,699471,698157,0,0,0,0,4294967295,4294967295,4096,4096,0,0,699472,699472,2414294141,2414294178,2414294149,2414294138,0,0,0,0,0,0,0,0,4096,256,131072,4,15|4,0,1800000000,262144,6867,0,0,0,0,10528,0,10512,0,1317,1314,0,1,10528,0|258,3128671932,9,344696808,0,344457216,0,344457216,0,387601960,0,1314,1314,3381717342,8,3381717342,8,2080,373635607,9,1582867091,0,0,0,0,0
1788097508014|1001|formal_primary_1800s|rotating|256,1378943233,33555404,775795707,774657607,0,0,0,0,0,0,0,0,0,0,699539,698225,0,0,0,0,0,0,0,0,0,0,0,0,0,0,0,0,0,0,0,0,4096,256,131072,4,15|4,0,1800000000,262144,6867,0,0,0,0,10528,0,10512,0,1317,1314,0,1,10528,0|258,2447895766,9,344719360,0,344457216,0,344457216,0,387545782,0,1315,1314,3383518160,8,3383518160,8,2048,334670535,9,1583299287,0,0,0,0,0
1788097513027|1001|formal_primary_1800s|fixed|258,1378943233,16781056,781766278,780617852,781766278,780617852,781766278,780617852,1411170,1407194,704922,703597,0,0,0,0,4294967295,4294967295,4096,4096,0,0,704922,704922,2735153040,2735153357,2735153048,2735153365,0,0,0,0,0,0,0,0,4096,256,131072,4,15|4,0,1800000000,262144,6867,0,0,0,0,10616,0,10600,0,1328,1325,0,1,10616,0|260,3449392858,9,347380816,0,347340800,0,347340800,0,390620671,0,1325,1325,3674950139,8,3674950139,8,2080,677593430,9,1596099323,0,0,0,0,0
1788097513027|1001|formal_primary_1800s|rotating|258,1378943233,33555404,781841033,780692513,0,0,0,0,0,0,0,0,0,0,704989,703664,0,0,0,0,0,0,0,0,0,0,0,0,0,0,0,0,0,0,0,0,4096,256,131072,4,15|4,0,1800000000,262144,6867,0,0,0,0,10616,0,10600,0,1328,1325,0,1,10616,0|260,2768519380,9,347407492,0,347340800,0,347340800,0,390563134,0,1325,1325,3677204926,8,3677204926,8,2080,638178818,9,1596532955,0,0,0,0,0
1788097518033|1001|formal_primary_1800s|fixed|260,1378943233,16781056,787834655,786678425,787834655,786678425,787834655,786678425,1422118,1418112,710391,709056,0,0,0,0,4294967295,4294967295,4096,4096,0,0,710391,710391,3055523412,3055523729,3055523420,3055523737,0,0,0,0,0,0,0,0,4096,256,131072,4,15|4,0,1800000000,262144,6867,0,0,0,0,10696,0,10680,0,1338,1335,0,1,10696,0|262,3770512384,9,350082284,0,349962240,0,349962240,0,393660485,0,1335,1335,3971015320,8,3971015320,8,2080,983474214,9,1608128186,0,0,0,0,0
1788097518033|1001|formal_primary_1800s|rotating|260,1378943233,33555404,787926306,786770000,0,0,0,0,0,0,0,0,0,0,710473,709138,0,0,0,0,0,0,0,0,0,0,0,0,0,0,0,0,0,0,0,0,4096,256,131072,4,15|4,0,1800000000,262144,6867,0,0,0,0,10696,0,10680,0,1338,1335,0,1,10696,0|262,3090039187,9,350112416,0,349962240,0,349962240,0,393606101,0,1335,1335,3973669790,8,3973669790,8,2080,944140851,9,1608561714,0,0,0,0,0
1788097523043|1001|formal_primary_1800s|fixed|262,1378943233,16781056,793906484,792741222,793906484,792741222,793906484,792741222,1433082,1429046,715868,714523,0,0,0,0,4294967295,4294967295,4096,4096,0,0,715868,715868,3376339999,3376340308,3376340007,3376340316,0,0,0,0,0,0,0,0,4096,256,131072,4,15|4,0,1800000000,262144,6867,0,0,0,0,10776,0,10760,0,1348,1345,0,1,10776,0|264,4090420695,9,352773376,0,352583680,0,352583680,0,396685003,0,1345,1345,4265869602,8,4265869602,8,2080,1288143846,9,1620157016,0,0,0,0,0
1788097523043|1001|formal_primary_1800s|rotating|262,1378943233,33558272,793985351,792820053,0,0,0,0,0,0,0,0,0,0,715939,714594,0,0,0,0,0,0,0,0,0,0,0,0,0,0,0,0,0,0,0,0,4096,256,131072,4,15|4,0,1800000000,262144,6867,0,0,0,0,10776,0,10760,0,1348,1345,0,1,10776,0|264,3411073801,9,352813392,0,352583680,0,352583680,0,396641031,0,1345,1345,4269652119,8,4269652119,8,2080,1249617019,9,1620588836,0,0,0,0,0
1788097528053|1001|formal_primary_1800s|fixed|264,1378943233,16780339,799992708,798818535,799992708,798818535,799992708,798818535,1444066,1440000,721354,719999,0,0,0,0,4294967295,4294967295,4096,4096,0,0,721355,721355,3697709960,3697709973,3697709968,3697709981,0,0,0,0,0,0,0,0,4096,256,131072,4,15|4,0,1800000000,262144,6867,0,0,0,0,10856,0,10840,0,1358,1355,0,1,10856,0|266,115961163,10,355467264,0,355205120,0,355205120,0,399717336,0,1356,1355,266071803,9,266071803,9,2048,1593412777,9,1632185972,0,0,0,0,0
1788097528053|1001|formal_primary_1800s|rotating|264,1378943233,33558272,800033047,798857963,0,0,0,0,0,0,0,0,0,0,721392,720036,0,0,0,0,0,0,0,0,0,0,0,0,0,0,0,0,0,0,0,0,4096,256,131072,4,15|5,0,1800000000,262144,6867,0,0,0,0,10864,0,10848,0,1359,1356,0,1,10864,0|266,3730627160,9,355487024,0,355467264,0,355467264,0,399647379,0,1356,1356,266749314,9,266749314,9,2080,1552053646,9,1633824375,0,0,0,0,0
1788097533064|1001|formal_primary_1800s|fixed|266,1378943233,16780339,806024853,804840001,806024853,804840001,806024853,804840001,1454955,1450856,726793,725427,0,0,0,0,4294967295,4294967295,4096,4096,0,0,726794,726794,4017928722,4017928711,4017928698,4017928719,0,0,0,0,0,0,0,0,4096,256,131072,4,15|4,0,1800000000,262144,6867,0,0,0,0,10944,0,10928,0,1369,1366,0,1,10944,0|268,437097307,10,358157372,0,358088704,0,358088704,0,402739863,0,1366,1366,560009553,9,560009553,9,2080,1897785919,9,1645418137,0,0,0,0,0
1788097533064|1001|formal_primary_1800s|rotating|266,1378943233,33555404,806089564,804904849,0,0,0,0,0,0,0,0,0,0,726851,725485,0,0,0,0,0,0,0,0,0,0,0,0,0,0,0,0,0,0,0,0,4096,256,131072,4,15|4,0,1800000000,262144,6867,0,0,0,0,10944,0,10928,0,1369,1366,0,1,10944,0|268,4050979835,9,358182072,0,358088704,0,358088704,0,402677328,0,1366,1366,562044973,9,562044973,9,2080,1856848980,9,1645857696,0,0,0,0,0
1788097538076|1001|formal_primary_1800s|fixed|268,1378943233,16781056,812089944,810896135,812089944,810896135,812089944,810896135,1465905,1461776,732264,730888,0,0,0,0,4294967295,4294967295,4096,4096,0,0,732264,732264,43398424,43398757,43398432,43398765,0,0,0,0,0,0,0,0,4096,256,131072,4,15|4,0,1800000000,262144,6867,0,0,0,0,11024,0,11008,0,1379,1376,0,1,11024,0|270,757654919,10,360853900,0,360710144,0,360710144,0,405771374,0,1376,1376,855521713,9,855521713,9,2080,2203105227,9,1657446513,0,0,0,0,0
1788097538076|1001|formal_primary_1800s|rotating|268,1378943233,33555404,812165375,810971470,0,0,0,0,0,0,0,0,0,0,732331,730955,0,0,0,0,0,0,0,0,0,0,0,0,0,0,0,0,0,0,0,0,4096,256,131072,4,15|4,0,1800000000,262144,6867,0,0,0,0,11024,0,11008,0,1379,1376,0,1,11024,0|270,76996425,10,360882552,0,360710144,0,360710144,0,405712273,0,1376,1376,857966787,9,857966787,9,2080,2162274070,9,1657894753,0,0,0,0,0
1788097543091|1001|formal_primary_1800s|fixed|270,1378943233,16780339,818171292,816969130,818171292,816969130,818171292,816969130,1476881,1472722,737746,736360,0,0,0,0,4294967295,4294967295,4096,4096,0,0,737747,737747,364531211,364531232,364531227,364531240,0,0,0,0,0,0,0,0,4096,256,131072,4,15|4,0,1800000000,262144,6867,0,0,0,0,11104,0,11088,0,1389,1386,0,1,11104,0|272,1078849801,10,363556356,0,363331584,0,363331584,0,408810507,0,1386,1386,1151663511,9,1151663511,9,2080,2509061333,9,1669475413,0,0,0,0,0
1788097543091|1001|formal_primary_1800s|rotating|270,1378943233,33555404,818239364,817037210,0,0,0,0,0,0,0,0,0,0,737808,736422,0,0,0,0,0,0,0,0,0,0,0,0,0,0,0,0,0,0,0,0,4096,256,131072,4,15|4,0,1800000000,262144,6867,0,0,0,0,11104,0,11088,0,1389,1386,0,1,11104,0|272,397771494,10,363581056,0,363331584,0,363331584,0,408746417,0,1386,1386,1153686604,9,1153686604,9,2080,2467490994,9,1669925456,0,0,0,0,0
1788097548106|1001|formal_primary_1800s|fixed|272,1378943233,16780339,824237341,823025714,824237341,823025714,824237341,823025714,1487832,1483640,743216,741819,0,0,0,0,4294967295,4294967295,4096,4096,0,0,743217,743217,686473316,686473329,686473324,686473337,0,0,0,0,0,0,0,0,4096,256,131072,4,15|4,0,1800000000,262144,6867,0,0,0,0,11192,0,11176,0,1400,1397,0,1,11192,0|274,1400805690,10,366251232,0,366215168,0,366215168,0,411841497,0,1397,1397,1446131280,9,1446131280,9,2080,2814255120,9,1682706650,0,0,0,0,0
1788097548106|1001|formal_primary_1800s|rotating|272,1378943233,33555404,824304815,823093127,0,0,0,0,0,0,0,0,0,0,743276,741879,0,0,0,0,0,0,0,0,0,0,0,0,0,0,0,0,0,0,0,0,4096,256,131072,4,15|4,0,1800000000,262144,6867,0,0,0,0,11192,0,11176,0,1400,1397,0,1,11192,0|274,720331996,10,366281364,0,366215168,0,366215168,0,411782906,0,1397,1397,1448752268,9,1448752268,9,2080,2772936730,9,1683160247,0,0,0,0,0
1788097553117|1001|formal_primary_1800s|fixed|274,1378943233,16780339,830310562,829090255,830310562,829090255,830310562,829090255,1498786,1494564,748688,747281,0,0,0,0,4294967295,4294967295,4096,4096,0,0,748689,748689,1007029640,1007029589,1007029592,1007029605,0,0,0,0,0,0,0,0,4096,256,131072,4,15|4,0,1800000000,262144,6867,0,0,0,0,11272,0,11256,0,1410,1407,0,1,11272,0|276,1721284334,10,368947264,0,368836608,0,368836608,0,414875061,0,1407,1407,1741563086,9,1741563086,9,2080,3119494744,9,1694735793,0,0,0,0,0
1788097553117|1001|formal_primary_1800s|rotating|274,1378943233,33555404,830398502,829178171,0,0,0,0,0,0,0,0,0,0,748767,747360,0,0,0,0,0,0,0,0,0,0,0,0,0,0,0,0,0,0,0,0,4096,256,131072,4,15|4,0,1800000000,262144,6867,0,0,0,0,11272,0,11256,0,1410,1407,0,1,11272,0|276,1041802299,10,368986292,0,368836608,0,368836608,0,414825971,0,1407,1407,1745161396,9,1745161396,9,2080,3078849456,9,1695195283,0,0,0,0,0
1788097558130|1001|formal_primary_1800s|fixed|276,1378943233,16780339,836362347,835133585,836362347,835133585,836362347,835133585,1509716,1505464,754149,752732,0,0,0,0,4294967295,4294967295,4096,4096,0,0,754150,754150,1326928739,1326928720,1326928715,1326928728,0,0,0,0,0,0,0,0,4096,256,131072,4,15|4,0,1800000000,262144,6867,0,0,0,0,11352,0,11336,0,1420,1417,0,1,11352,0|278,2041132720,10,371637864,0,371458048,0,371458048,0,417898429,0,1417,1417,2036361484,9,2036361484,9,2080,3424104110,9,1706764928,0,0,0,0,0
1788097558130|1001|formal_primary_1800s|rotating|276,1378943233,33555404,836437520,835208776,0,0,0,0,0,0,0,0,0,0,754216,752799,0,0,0,0,0,0,0,0,0,0,0,0,0,0,0,0,0,0,0,0,4096,256,131072,4,15|4,0,1800000000,262144,6867,0,0,0,0,11352,0,11336,0,1420,1417,0,1,11352,0|278,1360490052,10,371666024,0,371458048,0,371458048,0,417836982,0,1417,1417,2038796203,9,2038796203,9,2080,3381977058,9,1707228330,0,0,0,0,0
1788097563132|1001|formal_primary_1800s|fixed|278,1378943233,16780339,842421834,841183490,842421834,841183490,842421834,841183490,1520662,1516380,759616,758189,0,0,0,0,4294967295,4294967295,4096,4096,0,0,759617,759617,1647198294,1647198267,1647198270,1647198275,0,0,0,0,0,0,0,0,4096,256,131072,4,15|4,0,1800000000,262144,6867,0,0,0,0,11432,0,11416,0,1430,1427,0,1,11432,0|280,2361348661,10,374331428,0,374079488,0,374079488,0,420925108,0,1427,1427,2331531448,9,2331531448,9,2080,3729082275,9,1718792831,0,0,0,0,0
1788097563132|1001|formal_primary_1800s|rotating|278,1378943233,33555404,842503036,841264680,0,0,0,0,0,0,0,0,0,0,759689,758262,0,0,0,0,0,0,0,0,0,0,0,0,0,0,0,0,0,0,0,0,4096,256,131072,4,15|4,0,1800000000,262144,6867,0,0,0,0,11440,0,11424,0,1431,1428,0,1,11440,0|280,1681490728,10,374352500,0,374341632,0,374341632,0,420854915,0,1428,1428,2332303243,9,2332303243,9,2080,3685863366,9,1720465427,0,0,0,0,0
1788097568136|1001|formal_primary_1800s|fixed|280,1378943233,16781056,848449051,847202104,848449051,847202104,848449051,847202104,1531553,1527238,765057,763619,0,0,0,0,4294967295,4294967295,4096,4096,0,0,765057,765057,1967504725,1967505074,1967504733,1967505082,0,0,0,0,0,0,0,0,4096,256,131072,4,15|4,0,1800000000,262144,6867,0,0,0,0,11520,0,11504,0,1441,1438,0,1,11520,0|282,2681825978,10,377012968,0,376963072,0,376963072,0,423938377,0,1438,1438,2624523517,9,2624523517,9,2080,4032796972,9,1732024571,0,0,0,0,0
1788097568136|1001|formal_primary_1800s|rotating|280,1378943233,33555404,848517573,847270614,0,0,0,0,0,0,0,0,0,0,765118,763680,0,0,0,0,0,0,0,0,0,0,0,0,0,0,0,0,0,0,0,0,4096,256,131072,4,15|4,0,1800000000,262144,6867,0,0,0,0,11520,0,11504,0,1441,1438,0,1,11520,0|282,2000925176,10,377039644,0,376963072,0,376963072,0,423872892,0,1438,1438,2626681838,9,2626681838,9,2080,3989737512,9,1732499524,0,0,0,0,0
1788097573142|1001|formal_primary_1800s|fixed|282,1378943233,16780339,854509675,853253706,854509675,853253706,854509675,853253706,1542503,1538158,770526,769078,0,0,0,0,4294967295,4294967295,4096,4096,0,0,770527,770527,2287906427,2287906424,2287906435,2287906432,0,0,0,0,0,0,0,0,4096,256,131072,4,15|4,0,1800000000,262144,6867,0,0,0,0,11600,0,11584,0,1451,1448,0,1,11600,0|284,3001926870,10,379706036,0,379584512,0,379584512,0,426963440,0,1448,1448,2919573165,9,2919573165,9,2080,42691031,10,1744054202,0,0,0,0,0
1788097573142|1001|formal_primary_1800s|rotating|282,1378943233,33555404,854576948,853321025,0,0,0,0,0,0,0,0,0,0,770586,769138,0,0,0,0,0,0,0,0,0,0,0,0,0,0,0,0,0,0,0,0,4096,256,131072,4,15|4,0,1800000000,262144,6867,0,0,0,0,11600,0,11584,0,1451,1448,0,1,11600,0|284,2320969839,10,379731724,0,379584512,0,379584512,0,426896693,0,1448,1448,2921671215,9,2921671215,9,2080,4294222643,9,1744531849,0,0,0,0,0
1788097578157|1001|formal_primary_1800s|fixed|284,1378943233,16780339,860577796,859311512,860577796,859311512,860577796,859311512,1553465,1549090,776002,774544,0,0,0,0,4294967295,4294967295,4096,4096,0,0,776003,776003,2608691722,2608691679,2608691706,2608691695,0,0,0,0,0,0,0,0,4096,256,131072,4,15|4,0,1800000000,262144,6867,0,0,0,0,11680,0,11664,0,1461,1458,0,1,11680,0|286,3322894629,10,382406024,0,382205952,0,382205952,0,429996642,0,1458,1458,3215489148,9,3215489148,9,2080,348420235,10,1756082871,0,0,0,0,0
1788097578157|1001|formal_primary_1800s|rotating|284,1378943233,33555404,860648711,859382496,0,0,0,0,0,0,0,0,0,0,776066,774608,0,0,0,0,0,0,0,0,0,0,0,0,0,0,0,0,0,0,0,0,4096,256,131072,4,15|4,0,1800000000,262144,6867,0,0,0,0,11680,0,11664,0,1461,1458,0,1,11680,0|286,2642669821,10,382438440,0,382205952,0,382205952,0,429936426,0,1458,1458,3218314483,9,3218314483,9,2080,305398243,10,1756561951,0,0,0,0,0
1788097583168|1001|formal_primary_1800s|fixed|286,1378943233,16780339,866652590,865376796,866652590,865376796,866652590,865376796,1564427,1560022,781478,780010,0,0,0,0,4294967295,4294967295,4096,4096,0,0,781479,781479,2929444981,2929444978,2929444989,2929444986,0,0,0,0,0,0,0,0,4096,256,131072,4,15|4,0,1800000000,262144,6867,0,0,0,0,11764,0,11752,0,1472,1469,0,1,11764,0|288,3643650068,10,385089536,0,385089536,0,385089536,0,433022872,0,1469,1469,3509483570,9,3509483570,9,2080,653135603,10,1768913037,0,0,0,0,0
1788097583168|1001|formal_primary_1800s|rotating|286,1378943233,33555404,866696320,865419862,0,0,0,0,0,0,0,0,0,0,781519,780050,0,0,0,0,0,0,0,0,0,0,0,0,0,0,0,0,0,0,0,0,4096,256,131072,4,15|4,0,1800000000,262144,6867,0,0,0,0,11768,0,11752,0,1472,1469,0,1,11768,0|288,2963750596,10,385125600,0,385089536,0,385089536,0,432958257,0,1469,1469,3511901407,9,3511901407,9,2080,609364487,10,1769799117,0,0,0,0,0
1788097588169|1001|formal_primary_1800s|fixed|288,1378943233,16780339,872680799,871395035,872680799,871395035,872680799,871395035,1575316,1570878,786918,785439,0,0,0,0,4294967295,4294967295,4096,4096,0,0,786918,786918,3249678865,3249679182,3249678873,3249679190,0,0,0,0,0,0,0,0,4096,256,131072,4,15|4,0,1800000000,262144,6867,0,0,0,0,11848,0,11832,0,1482,1479,0,1,11848,0|290,3963772404,10,387783100,0,387710976,0,387710976,0,436042141,0,1479,1479,3803832596,9,3803832596,9,2080,957296061,10,1781344044,0,0,0,0,0
1788097588169|1001|formal_primary_1800s|rotating|288,1378943233,33558272,872758412,871472599,0,0,0,0,0,0,0,0,0,0,786988,785509,0,0,0,0,0,0,0,0,0,0,0,0,0,0,0,0,0,0,0,0,4096,256,131072,4,15|4,0,1800000000,262144,6867,0,0,0,0,11848,0,11832,0,1482,1479,0,1,11848,0|290,3283835403,10,387818176,0,387710976,0,387710976,0,435983625,0,1479,1479,3806929453,9,3806929453,9,2080,913888498,10,1781832760,0,0,0,0,0
1788097593169|1001|formal_primary_1800s|fixed|290,1378943233,16780339,878732085,877437823,878732085,877437823,878732085,877437823,1586244,1581776,792377,790888,0,0,0,0,4294967295,4294967295,4096,4096,0,0,792377,792377,3569491711,3569492036,3569491719,3569492044,0,0,0,0,0,0,0,0,4096,256,131072,4,15|4,0,1800000000,262144,6867,0,0,0,0,11928,0,11912,0,1492,1489,0,1,11928,0|292,4283652876,10,390474196,0,390332416,0,390332416,0,439066394,0,1489,1489,4098663992,9,4098663992,9,2080,1261937463,10,1793373212,0,0,0,0,0
1788097593169|1001|formal_primary_1800s|rotating|290,1378943233,33558272,878807765,877513447,0,0,0,0,0,0,0,0,0,0,792445,790956,0,0,0,0,0,0,0,0,0,0,0,0,0,0,0,0,0,0,0,0,4096,256,131072,4,15|4,0,1800000000,262144,6867,0,0,0,0,11928,0,11912,0,1492,1489,0,1,11928,0|292,3603051728,10,390502848,0,390332416,0,390332416,0,439000585,0,1489,1489,4101091161,9,4101091161,9,2080,1217545309,10,1793866267,0,0,0,0,0
1788097598176|1001|formal_primary_1800s|fixed|292,1378943233,16780339,884803640,883499812,884803640,883499812,884803640,883499812,1597204,1592706,797851,796352,0,0,0,0,4294967295,4294967295,4096,4096,0,0,797852,797852,3890172444,3890172449,3890172452,3890172457,0,0,0,0,0,0,0,0,4096,256,131072,4,15|4,0,1800000000,262144,6867,0,0,0,0,12008,0,11992,0,1502,1499,0,1,12008,0|294,309521657,11,393173192,0,392953856,0,392953856,0,442101309,0,1499,1499,99485436,10,99485436,10,2080,1567534306,10,1805402573,0,0,0,0,0
1788097598176|1001|formal_primary_1800s|rotating|292,1378943233,33555404,884872427,883568582,0,0,0,0,0,0,0,0,0,0,797913,796414,0,0,0,0,0,0,0,0,0,0,0,0,0,0,0,0,0,0,0,0,4096,256,131072,4,15|4,0,1800000000,262144,6867,0,0,0,0,12008,0,11992,0,1502,1499,0,1,12008,0|294,3923446214,10,393197892,0,392953856,0,392953856,0,442030655,0,1499,1499,101459853,10,101459853,10,2080,1522382876,10,1805901065,0,0,0,0,0
1788097603201|1001|formal_primary_1800s|fixed|294,1378943233,16781056,890869677,889557243,890869677,889557243,890869677,889557243,1608150,1603620,803320,801810,0,0,0,0,4294967295,4294967295,4096,4096,0,0,803320,803320,4210500744,4210500744,4210500752,4210500752,0,0,0,0,0,0,0,0,4096,256,131072,4,15|4,0,1800000000,262144,6867,0,0,0,0,12096,0,12080,0,1513,1510,0,1,12096,0|296,630921472,11,395863128,0,395837440,0,395837440,0,445127411,0,1510,1510,393395031,10,393395031,10,2080,1872171531,10,1818634307,0,0,0,0,0
1788097603201|1001|formal_primary_1800s|rotating|294,1378943233,33555404,890935145,889622687,0,0,0,0,0,0,0,0,0,0,803379,801869,0,0,0,0,0,0,0,0,0,0,0,0,0,0,0,0,0,0,0,0,4096,256,131072,4,15|4,0,1800000000,262144,6867,0,0,0,0,12096,0,12080,0,1513,1510,0,1,12096,0|296,4245147104,10,395890792,0,395837440,0,395837440,0,445058745,0,1510,1510,395670604,10,395670604,10,2080,1826968997,10,1819133068,0,0,0,0,0
1788097608209|1001|formal_primary_1800s|fixed|296,1378943233,16780339,896926061,895606060,896926061,895606060,896926061,895606060,1619089,1614528,808783,807263,0,0,0,0,4294967295,4294967295,4096,4096,0,0,808784,808784,237157891,237157904,237157899,237157912,0,0,0,0,0,0,0,0,4096,256,131072,4,15|4,0,1800000000,262144,6867,0,0,0,0,12176,0,12160,0,1523,1520,0,1,12176,0|298,951432899,11,398559656,0,398458880,0,398458880,0,448158048,0,1520,1520,688855148,10,688855148,10,2080,2177444540,10,1830662813,0,0,0,0,0
1788097608209|1001|formal_primary_1800s|rotating|296,1378943233,33558272,897001532,895681636,0,0,0,0,0,0,0,0,0,0,808852,807332,0,0,0,0,0,0,0,0,0,0,0,0,0,0,0,0,0,0,0,0,4096,256,131072,4,15|4,0,1800000000,262144,6867,0,0,0,0,12176,0,12160,0,1523,1520,0,1,12176,0|298,270790733,11,398587816,0,398458880,0,398458880,0,448089618,0,1520,1520,691224853,10,691224853,10,2080,2132019916,10,1831165528,0,0,0,0,0
1788097613219|1001|formal_primary_1800s|fixed|298,1378943233,16781056,903007658,901678027,903007658,901678027,903007658,901678027,1630055,1625464,814262,812732,0,0,0,0,4294967295,4294967295,4096,4096,0,0,814262,814262,558036801,558037126,558036809,558037134,0,0,0,0,0,0,0,0,4096,256,131072,4,15|4,0,1800000000,262144,6867,0,0,0,0,12256,0,12240,0,1533,1530,0,1,12256,0|300,1272186070,11,401257668,0,401080320,0,401080320,0,451195249,0,1530,1530,984559720,10,984559720,10,2080,2482958496,10,1842692139,0,0,0,0,0
1788097613219|1001|formal_primary_1800s|rotating|298,1378943233,33555404,903073476,901743873,0,0,0,0,0,0,0,0,0,0,814321,812791,0,0,0,0,0,0,0,0,0,0,0,0,0,0,0,0,0,0,0,0,4096,256,131072,4,15|4,0,1800000000,262144,6867,0,0,0,0,12256,0,12240,0,1533,1530,0,1,12256,0|300,590882063,11,401280392,0,401080320,0,401080320,0,451119625,0,1530,1530,986259195,10,986259195,10,2080,2436553697,10,1843199401,0,0,0,0,0
1788097618231|1001|formal_primary_1800s|fixed|300,1378943233,16780339,909073070,907734995,909073070,907734995,909073070,907734995,1641015,1636394,819736,818196,0,0,0,0,4294967295,4294967295,4096,4096,0,0,819737,819737,878724541,878724546,878724549,878724554,0,0,0,0,0,0,0,0,4096,256,131072,4,15|4,0,1800000000,262144,6867,0,0,0,0,12336,0,12320,0,1543,1540,0,1,12336,0|302,1592008904,11,403948268,0,403701760,0,403701760,0,454217234,0,1540,1540,1279332180,10,1279332180,10,2080,2787541928,10,1854721626,0,0,0,0,0
1788097618231|1001|formal_primary_1800s|rotating|300,1378943233,33555404,909126241,907788075,0,0,0,0,0,0,0,0,0,0,819784,818244,0,0,0,0,0,0,0,0,0,0,0,0,0,0,0,0,0,0,0,0,4096,256,131072,4,15|4,0,1800000000,262144,6867,0,0,0,0,12340,0,12328,0,1544,1541,0,1,12340,0|302,911426738,11,403963904,0,403963904,0,403963904,0,454141588,0,1541,1541,1280253581,10,1280253581,10,2048,2740925178,10,1855814561,0,0,0,0,0
1788097623240|1001|formal_primary_1800s|fixed|302,1378943233,16780339,915106413,913759193,915106413,913759193,915106413,913759193,1651912,1647258,825179,823628,0,0,0,0,4294967295,4294967295,4096,4096,0,0,825180,825180,1199170307,1199170304,1199170315,1199170280,0,0,0,0,0,0,0,0,4096,256,131072,4,15|4,0,1800000000,262144,6867,0,0,0,0,12424,0,12408,0,1554,1551,0,1,12424,0|304,1913402087,11,406638120,0,406585344,0,406585344,0,457241171,0,1551,1551,1573238107,10,1573238107,10,2080,3092172545,10,1867953337,0,0,0,0,0
1788097623240|1001|formal_primary_1800s|rotating|302,1378943233,33555404,915182997,913835687,0,0,0,0,0,0,0,0,0,0,825248,823697,0,0,0,0,0,0,0,0,0,0,0,0,0,0,0,0,0,0,0,0,4096,256,131072,4,15|4,0,1800000000,262144,6867,0,0,0,0,12424,0,12408,0,1554,1551,0,1,12424,0|304,1233597756,11,406673772,0,406585344,0,406585344,0,457179290,0,1551,1551,1576422997,10,1576422997,10,2080,3046593758,10,1868468100,0,0,0,0,0
1788097628247|1001|formal_primary_1800s|fixed|304,1378943233,16781056,921173886,919817448,921173886,919817448,921173886,919817448,1662862,1658178,830650,829089,0,0,0,0,4294967295,4294967295,4096,4096,0,0,830650,830650,1519617120,1519617453,1519617128,1519617461,0,0,0,0,0,0,0,0,4096,256,131072,4,15|4,0,1800000000,262144,6867,0,0,0,0,12504,0,12488,0,1564,1561,0,1,12504,0|306,2233798923,11,409333248,0,409206784,0,409206784,0,460271850,0,1561,1561,1868586593,10,1868586593,10,2080,3397330336,10,1879982491,0,0,0,0,0
1788097628247|1001|formal_primary_1800s|rotating|304,1378943233,33555404,921248414,919891976,0,0,0,0,0,0,0,0,0,0,830717,829156,0,0,0,0,0,0,0,0,0,0,0,0,0,0,0,0,0,0,0,0,4096,256,131072,4,15|4,0,1800000000,262144,6867,0,0,0,0,12504,0,12488,0,1564,1561,0,1,12504,0|306,1553243755,11,409362396,0,409206784,0,409206784,0,460201944,0,1561,1561,1871014328,10,1871014328,10,2080,3350682899,10,1880500705,0,0,0,0,0
1788097633249|1001|formal_primary_1800s|fixed|306,1378943233,16780339,927236166,925870869,927236166,925870869,927236166,925870869,1673804,1669090,836115,834544,0,0,0,0,4294967295,4294967295,4096,4096,0,0,836116,836116,1839795677,1839795642,1839795653,1839795650,0,0,0,0,0,0,0,0,4096,256,131072,4,15|4,0,1800000000,262144,6867,0,0,0,0,12584,0,12568,0,1574,1571,0,1,12584,0|308,2554790281,11,412033728,0,411828224,0,411828224,0,463309012,0,1571,1571,2164525532,10,2164525532,10,2080,3703083041,10,1892011228,0,0,0,0,0
1788097633249|1001|formal_primary_1800s|rotating|306,1378943233,33555404,927331288,925965888,0,0,0,0,0,0,0,0,0,0,836201,834630,0,0,0,0,0,0,0,0,0,0,0,0,0,0,0,0,0,0,0,0,4096,256,131072,4,15|4,0,1800000000,262144,6867,0,0,0,0,12584,0,12568,0,1574,1571,0,1,12584,0|308,1875597856,11,412075224,0,411828224,0,411828224,0,463251751,0,1571,1571,2168308634,10,2168308634,10,2080,3657477940,10,1892532368,0,0,0,0,0
1788097638257|1001|formal_primary_1800s|fixed|308,1378943233,16781056,933307909,931933914,933307909,931933914,933307909,931933914,1684756,1680012,841587,840006,0,0,0,0,4294967295,4294967295,4096,4096,0,0,841587,841587,2160301598,2160301955,2160301614,2160301963,0,0,0,0,0,0,0,0,4096,256,131072,4,15|4,0,1800000000,262144,6867,0,0,0,0,12668,0,12656,0,1585,1582,0,1,12668,0|310,2874584848,11,414711808,0,414711808,0,414711808,0,466330359,0,1582,1582,2457916034,10,2457916034,10,2048,4007197803,10,1904481145,0,0,0,0,0
1788097638257|1001|formal_primary_1800s|rotating|308,1378943233,33555404,933352369,931977589,0,0,0,0,0,0,0,0,0,0,841627,840045,0,0,0,0,0,0,0,0,0,0,0,0,0,0,0,0,0,0,0,0,4096,256,131072,4,15|4,0,1800000000,262144,6867,0,0,0,0,12672,0,12656,0,1585,1582,0,1,12672,0|310,2193968112,11,414738484,0,414711808,0,414711808,0,466247687,0,1582,1582,2459194295,10,2459194295,10,2080,3958732273,10,1905766203,0,0,0,0,0
1788097643271|1001|formal_primary_1800s|fixed|310,1378943233,16781056,939358727,937973550,939358727,937973550,939358727,937973550,1695675,1690898,847041,845449,0,0,0,0,4294967295,4294967295,4096,4096,0,0,847041,847041,2481363602,2481363927,2481363610,2481363935,0,0,0,0,0,0,0,0,4096,256,131072,4,15|4,0,1800000000,262144,6867,0,0,0,0,12752,0,12736,0,1595,1592,0,1,12752,0|312,3195631436,11,417410808,0,417333248,0,417333248,0,469358021,0,1592,1592,2752829512,10,2752829512,10,2080,16955755,11,1917271568,0,0,0,0,0
1788097643271|1001|formal_primary_1800s|rotating|310,1378943233,33558272,939426427,938041232,0,0,0,0,0,0,0,0,0,0,847102,845510,0,0,0,0,0,0,0,0,0,0,0,0,0,0,0,0,0,0,0,0,4096,256,131072,4,15|4,0,1800000000,262144,6867,0,0,0,0,12752,0,12736,0,1595,1592,0,1,12752,0|312,2514666340,11,417436000,0,417333248,0,417333248,0,469281815,0,1592,1592,2754834709,10,2754834709,10,2080,4263870909,10,1917799689,0,0,0,0,0
1788097648273|1001|formal_primary_1800s|fixed|312,1378943233,16780339,945411850,944016883,945411850,944016883,945411850,944016883,1706609,1701802,852502,850900,0,0,0,0,4294967295,4294967295,4096,4096,0,0,852503,852503,2801337490,2801337447,2801337466,2801337463,0,0,0,0,0,0,0,0,4096,256,131072,4,15|4,0,1800000000,262144,6867,0,0,0,0,12832,0,12816,0,1605,1602,0,1,12832,0|314,3515520724,11,420101408,0,419954688,0,419954688,0,472381327,0,1602,1602,3047674857,10,3047674857,10,2080,321606201,11,1929300538,0,0,0,0,0
1788097648273|1001|formal_primary_1800s|rotating|312,1378943233,33558272,945486647,944091777,0,0,0,0,0,0,0,0,0,0,852570,850968,0,0,0,0,0,0,0,0,0,0,0,0,0,0,0,0,0,0,0,0,4096,256,131072,4,15|4,0,1800000000,262144,6867,0,0,0,0,12832,0,12816,0,1605,1602,0,1,12832,0|314,2834890623,11,420130060,0,419954688,0,419954688,0,472307800,0,1602,1602,3049999719,10,3049999719,10,2080,273570860,11,1929835522,0,0,0,0,0
1788097653287|1001|formal_primary_1800s|fixed|314,1378943233,16780339,951494556,950092574,951494556,950092574,951494556,950092574,1717583,1712746,857985,856373,0,0,0,0,4294967295,4294967295,4096,4096,0,0,857985,857985,3122439208,3122439533,3122439216,3122439541,0,0,0,0,0,0,0,0,4096,256,131072,4,15|4,0,1800000000,262144,6867,0,0,0,0,12912,0,12896,0,1615,1612,0,1,12912,0|316,3836611865,11,422802876,0,422576128,0,422576128,0,475420620,0,1612,1612,3343711530,10,3343711530,10,2080,627458535,11,1941329452,0,0,0,0,0
1788097653287|1001|formal_primary_1800s|rotating|314,1378943233,33555404,951561708,950159703,0,0,0,0,0,0,0,0,0,0,858045,856433,0,0,0,0,0,0,0,0,0,0,0,0,0,0,0,0,0,0,0,0,4096,256,131072,4,15|4,0,1800000000,262144,6867,0,0,0,0,12912,0,12896,0,1615,1612,0,1,12912,0|316,3155731266,11,422829056,0,422576128,0,422576128,0,475344041,0,1612,1612,3345785207,10,3345785207,10,2058,578851969,11,1941865980,0,0,0,0,0
1788097658289|1001|formal_primary_1800s|fixed|316,1378943233,16781056,957536419,956124896,957536419,956124896,957536419,956124896,1728495,1723626,863436,861813,0,0,0,0,4294967295,4294967295,4096,4096,0,0,863436,863436,3441794063,3441794063,3441794071,3441794071,0,0,0,0,0,0,0,0,4096,256,131072,4,15|5,0,1800000000,262144,6867,0,0,0,0,13000,0,12984,0,1626,1623,0,1,13000,0|318,4156694457,11,425480956,0,425459712,0,425459712,0,478431321,0,1623,1623,3636304743,10,3636304743,10,2080,930778802,11,1954560990,0,0,0,0,0
1788097658289|1001|formal_primary_1800s|rotating|316,1378943233,33555404,957592800,956181323,0,0,0,0,0,0,0,0,0,0,863486,861863,0,0,0,0,0,0,0,0,0,0,0,0,0,0,0,0,0,0,0,0,4096,256,131072,4,15|4,0,1800000000,262144,6867,0,0,0,0,13000,0,12984,0,1626,1623,0,1,13000,0|318,3476059420,11,425509608,0,425459712,0,425459712,0,478356515,0,1623,1623,3638628350,10,3638628350,10,2080,882065010,11,1955095968,0,0,0,0,0
1788097663296|1001|formal_primary_1800s|fixed|318,1378943233,16781056,963583206,962162407,963583206,962162407,963583206,962162407,1739414,1734514,868890,867257,0,0,0,0,4294967295,4294967295,4096,4096,0,0,868890,868890,3762867141,3762867490,3762867149,3762867498,0,0,0,0,0,0,0,0,4096,256,131072,4,15|4,0,1800000000,262144,6867,0,0,0,0,13080,0,13064,0,1636,1633,0,1,13080,0|320,181517273,12,428171060,0,428081152,0,428081152,0,481454798,0,1633,1633,3931045138,10,3931045138,10,2080,1235329998,11,1966590026,0,0,0,0,0
1788097663296|1001|formal_primary_1800s|rotating|318,1378943233,33555404,963658907,962238148,0,0,0,0,0,0,0,0,0,0,868958,867325,0,0,0,0,0,0,0,0,0,0,0,0,0,0,0,0,0,0,0,0,4096,256,131072,4,15|4,0,1800000000,262144,6867,0,0,0,0,13080,0,13064,0,1636,1633,0,1,13080,0|320,3797144386,11,428211076,0,428081152,0,428081152,0,481392178,0,1633,1633,3934655461,10,3934655461,10,2080,1187590383,11,1967128508,0,0,0,0,0
1788097668304|1001|formal_primary_1800s|fixed|320,1378943233,16781056,969657543,968228029,969657543,968228029,969657543,968228029,1750372,1745442,874364,872721,0,0,0,0,4294967295,4294967295,4096,4096,0,0,874364,874364,4083516415,4083516732,4083516423,4083516740,0,0,0,0,0,0,0,0,4096,256,131072,4,15|4,0,1800000000,262144,6867,0,0,0,0,13160,0,13144,0,1646,1643,0,1,13160,0|322,503242441,12,430877964,0,430702592,0,430702592,0,484500569,0,1643,1643,4227716199,10,4227716199,10,2080,1541816463,11,1978618847,0,0,0,0,0
1788097668304|1001|formal_primary_1800s|rotating|320,1378943233,33555404,969750825,968321286,0,0,0,0,0,0,0,0,0,0,874447,872804,0,0,0,0,0,0,0,0,0,0,0,0,0,0,0,0,0,0,0,0,4096,256,131072,4,15|4,0,1800000000,262144,6867,0,0,0,0,13160,0,13144,0,1646,1643,0,1,13160,0|322,4117944077,11,430910072,0,430702592,0,430702592,0,484428008,0,1643,1643,4230401451,10,4230401451,10,2080,1492833620,11,1979157535,0,0,0,0,0
1788097673309|1001|formal_primary_1800s|fixed|322,1378943233,16780339,975722500,974283853,975722500,974283853,975722500,974283853,1761314,1756354,879829,878176,0,0,0,0,4294967295,4294967295,4096,4096,0,0,879830,879830,108743666,108743687,108743674,108743647,0,0,0,0,0,0,0,0,4096,256,131072,4,15|4,0,1800000000,262144,6867,0,0,0,0,13240,0,13224,0,1656,1653,0,1,13240,0|324,822977484,12,433567576,0,433324032,0,433324032,0,487526137,0,1653,1653,227435510,11,227435510,11,2080,1846312352,11,1990648151,0,0,0,0,0
1788097673309|1001|formal_primary_1800s|rotating|322,1378943233,33555404,975790549,974351980,0,0,0,0,0,0,0,0,0,0,879891,878238,0,0,0,0,0,0,0,0,0,0,0,0,0,0,0,0,0,0,0,0,4096,256,131072,4,15|4,0,1800000000,262144,6867,0,0,0,0,13240,0,13224,0,1656,1653,0,1,13240,0|324,142221546,12,433586176,0,433586176,0,433586176,0,487446246,0,1654,1654,228630140,11,228630140,11,2080,1796404088,11,1991273052,0,0,0,0,0
1788097678323|1001|formal_primary_1800s|fixed|324,1378943233,16780339,981783953,980335260,981783953,980335260,981783953,980335260,1772261,1767268,885297,883633,0,0,0,0,4294967295,4294967295,4096,4096,0,0,885298,885298,430585933,430585930,430585909,430585922,0,0,0,0,0,0,0,0,4096,256,131072,4,15|4,0,1800000000,262144,6867,0,0,0,0,13328,0,13312,0,1667,1664,0,1,13328,0|326,1145492457,12,436267392,0,436207616,0,436207616,0,490561012,0,1664,1664,522460957,11,522460957,11,2080,2152065041,11,2003879576,0,0,0,0,0
1788097678323|1001|formal_primary_1800s|rotating|324,1378943233,33555404,981879929,980431149,0,0,0,0,0,0,0,0,0,0,885384,883720,0,0,0,0,0,0,0,0,0,0,0,0,0,0,0,0,0,0,0,0,4096,256,131072,4,15|4,0,1800000000,262144,6867,0,0,0,0,13328,0,13312,0,1667,1664,0,1,13328,0|326,465349399,12,436299996,0,436207616,0,436207616,0,490488146,0,1664,1664,525253722,11,525253722,11,2080,2102529963,11,2004428262,0,0,0,0,0
1788097683338|1001|formal_primary_1800s|fixed|326,1378943233,16780817,987843230,986387510,987843230,986387510,987843230,986387510,1783203,1778180,890764,889090,0,0,0,0,4294967295,4294967295,4096,4096,0,0,890765,890764,750816140,750798416,750816148,750798424,0,0,0,0,0,0,0,0,4096,256,131072,4,15|4,0,1800000000,262144,6867,0,0,0,0,13408,0,13392,0,1677,1674,0,1,13408,0|328,1465556313,12,438959472,0,438829056,0,438829056,0,493587651,0,1674,1674,817473094,11,817473094,11,2080,2456890083,11,2015908527,0,0,0,0,0
1788097683338|1001|formal_primary_1800s|rotating|326,1378943233,33555404,987935866,986480057,0,0,0,0,0,0,0,0,0,0,890847,889173,0,0,0,0,0,0,0,0,0,0,0,0,0,0,0,0,0,0,0,0,4096,256,131072,4,15|4,0,1800000000,262144,6867,0,0,0,0,13408,0,13392,0,1677,1674,0,1,13408,0|328,785097528,12,438989608,0,438829056,0,438829056,0,493510968,0,1674,1674,819951150,11,819951150,11,2080,2406721080,11,2016456627,0,0,0,0,0
1788097688350|1001|formal_primary_1800s|fixed|328,1378943233,16780339,993916519,992453346,993916519,992453346,993916519,992453346,1794167,1789114,896240,894556,0,0,0,0,4294967295,4294967295,4096,4096,0,0,896241,896241,1071582730,1071582751,1071582746,1071582759,0,0,0,0,0,0,0,0,4096,256,131072,4,15|4,0,1800000000,262144,6867,0,0,0,0,13488,0,13472,0,1687,1684,0,1,13488,0|330,1785385849,12,441650072,0,441450496,0,441450496,0,496612917,0,1684,1684,1112254200,11,1112254200,11,2080,2761480711,11,2027937551,0,0,0,0,0
1788097688350|1001|formal_primary_1800s|rotating|328,1378943233,33558272,993985160,992522018,0,0,0,0,0,0,0,0,0,0,896302,894618,0,0,0,0,0,0,0,0,0,0,0,0,0,0,0,0,0,0,0,0,4096,256,131072,4,15|4,0,1800000000,262144,6867,0,0,0,0,13488,0,13472,0,1687,1684,0,1,13488,0|330,1104861262,12,441679220,0,441450496,0,441450496,0,496534819,0,1684,1684,1114657056,11,1114657056,11,2080,2710923685,11,2028492099,0,0,0,0,0
1788097693354|1001|formal_primary_1800s|fixed|330,1378943233,16780339,999974188,998501993,999974188,998501993,999974188,998501993,1805105,1800022,901704,900010,0,0,0,0,4294967295,4294967295,4096,4096,0,0,901705,901705,1391687136,1391687165,1391687144,1391687125,0,0,0,0,0,0,0,0,4096,256,131072,4,15|4,0,1800000000,262144,6867,0,0,0,0,13572,0,13560,0,1698,1695,0,1,13572,0|332,2106064699,12,444334080,0,444334080,0,444334080,0,499638093,0,1695,1695,1406341843,11,1406341843,11,2080,3066292702,11,2040594518,0,0,0,0,0
1788097693354|1001|formal_primary_1800s|rotating|330,1378943233,33555404,1000018577,998545640,0,0,0,0,0,0,0,0,0,0,901745,900050,0,0,0,0,0,0,0,0,0,0,0,0,0,0,0,0,0,0,0,0,4096,256,131072,4,15|4,0,1800000000,262144,6867,0,0,0,0,13576,0,13560,0,1698,1695,0,1,13576,0|332,1425255087,12,444360264,0,444334080,0,444334080,0,499547924,0,1695,1695,1407562616,11,1407562616,11,2080,3014203758,11,2041725199,0,0,0,0,0
1788097698360|1001|formal_primary_1800s|fixed|332,1378943233,16780339,1006009338,1004527784,1006009338,1004527784,1006009338,1004527784,1816000,1810884,907146,905441,0,0,0,0,4294967295,4294967295,4096,4096,0,0,907147,907147,1712088331,1712088344,1712088339,1712088352,0,0,0,0,0,0,0,0,4096,256,131072,4,15|4,0,1800000000,262144,6867,0,0,0,0,13656,0,13640,0,1708,1705,0,1,13656,0|334,2426268370,12,447027152,0,446955520,0,446955520,0,502658299,0,1705,1705,1700606104,11,1700606104,11,2080,3370362482,11,2053197522,0,0,0,0,0
1788097698360|1001|formal_primary_1800s|rotating|332,1378943233,33555404,1006083492,1004601798,0,0,0,0,0,0,0,0,0,0,907213,905508,0,0,0,0,0,0,0,0,0,0,0,0,0,0,0,0,0,0,0,0,4096,256,131072,4,15|4,0,1800000000,262144,6867,0,0,0,0,13656,0,13640,0,1708,1705,0,1,13656,0|334,1745735534,12,447056296,0,446955520,0,446955520,0,502579118,0,1705,1705,1702984094,11,1702984094,11,2080,3319127853,11,2053760222,0,0,0,0,0
1788097703371|1001|formal_primary_1800s|fixed|334,1378943233,16780339,1012085011,1010594913,1012085011,1010594913,1012085011,1010594913,1826962,1821816,912622,910907,0,0,0,0,4294967295,4294967295,4096,4096,0,0,912623,912623,2032839405,2032839386,2032839413,2032839394,0,0,0,0,0,0,0,0,4096,256,131072,4,15|4,0,1800000000,262144,6867,0,0,0,0,13736,0,13720,0,1718,1715,0,1,13736,0|336,2746182981,12,449718244,0,449576960,0,449576960,0,505685890,0,1715,1715,1995472047,11,1995472047,11,2080,3675037623,11,2065227107,0,0,0,0,0
1788097703371|1001|formal_primary_1800s|rotating|334,1378943233,33558272,1012153668,1010663374,0,0,0,0,0,0,0,0,0,0,912684,910969,0,0,0,0,0,0,0,0,0,0,0,0,0,0,0,0,0,0,0,0,4096,256,131072,4,15|4,0,1800000000,262144,6867,0,0,0,0,13736,0,13720,0,1718,1715,0,1,13736,0|336,2066584866,12,449755788,0,449576960,0,449576960,0,505615199,0,1715,1715,1998771655,11,1998771655,11,2080,3624415035,11,2065797179,0,0,0,0,0
1788097708383|1001|formal_primary_1800s|fixed|336,1378943233,16780339,1018161191,1016662134,1018161191,1016662134,1018161191,1016662134,1837924,1832748,918098,916373,0,0,0,0,4294967295,4294967295,4096,4096,0,0,918099,918099,2353619225,2353619262,2353619241,2353619230,0,0,0,0,0,0,0,0,4096,256,131072,4,15|4,0,1800000000,262144,6867,0,0,0,0,13816,0,13800,0,1728,1725,0,1,13816,0|338,3067864276,12,452424652,0,452198400,0,452198400,0,508730540,0,1725,1725,2292100969,11,2292100969,11,2080,3981480286,11,2077255867,0,0,0,0,0
1788097708383|1001|formal_primary_1800s|rotating|336,1378943233,33558272,1018235766,1016736609,0,0,0,0,0,0,0,0,0,0,918166,916441,0,0,0,0,0,0,0,0,0,0,0,0,0,0,0,0,0,0,0,0,4096,256,131072,4,15|4,0,1800000000,262144,6867,0,0,0,0,13816,0,13800,0,1728,1725,0,1,13816,0|338,2387124594,12,452452316,0,452198400,0,452198400,0,508647616,0,1725,1725,2294254426,11,2294254426,11,2080,3929395973,11,2077830099,0,0,0,0,0
1788097713384|1001|formal_primary_1800s|fixed|338,1378943233,16781056,1024209871,1022701418,1024209871,1022701418,1024209871,1022701418,1848840,1843632,923552,921816,0,0,0,0,4294967295,4294967295,4096,4096,0,0,923552,923552,2673089085,2673089085,2673089093,2673089093,0,0,0,0,0,0,0,0,4096,256,131072,4,15|5,0,1800000000,262144,6867,0,0,0,0,13904,0,13888,0,1739,1736,0,1,13904,0|340,3387955839,12,455103228,0,455081984,0,455081984,0,511743337,0,1736,1736,2584710035,11,2584710035,11,2079,4284809627,11,2090487219,0,0,0,0,0
1788097713384|1001|formal_primary_1800s|rotating|338,1378943233,33555404,1024264761,1022756223,0,0,0,0,0,0,0,0,0,0,923601,921865,0,0,0,0,0,0,0,0,0,0,0,0,0,0,0,0,0,0,0,0,4096,256,131072,4,15|4,0,1800000000,262144,6867,0,0,0,0,13904,0,13888,0,1739,1736,0,1,13904,0|340,2707156854,12,455130396,0,455081984,0,455081984,0,511659210,0,1736,1736,2586799211,11,2586799211,11,2080,4232316935,11,2091063105,0,0,0,0,0
1788097718386|1001|formal_primary_1800s|fixed|340,1378943233,16780339,1030250571,1028733646,1030250571,1028733646,1030250571,1028733646,1859749,1854510,929000,927254,0,0,0,0,4294967295,4294967295,4096,4096,0,0,929001,929001,2993853926,2993853939,2993853934,2993853947,0,0,0,0,0,0,0,0,4096,256,131072,4,15|4,0,1800000000,262144,6867,0,0,0,0,13984,0,13968,0,1749,1746,0,1,13984,0|342,3708147038,12,457796432,0,457703424,0,457703424,0,514771511,0,1746,1746,2879852660,11,2879852660,11,2080,294794290,12,2102516546,0,0,0,0,0
1788097718386|1001|formal_primary_1800s|rotating|340,1378943233,33555404,1030326795,1028809840,0,0,0,0,0,0,0,0,0,0,929068,927322,0,0,0,0,0,0,0,0,0,0,0,0,0,0,0,0,0,0,0,0,4096,256,131072,4,15|4,0,1800000000,262144,6867,0,0,0,0,13984,0,13968,0,1749,1746,0,1,13984,0|342,3027472079,12,457824948,0,457703424,0,457703424,0,514687979,0,1746,1746,2882055307,11,2882055307,11,2080,242104513,12,2103098636,0,0,0,0,0
1788097723391|1001|formal_primary_1800s|fixed|342,1378943233,16780339,1036317523,1034792508,1036317523,1034792508,1036317523,1034792508,1870701,1865432,934471,932715,0,0,0,0,4294967295,4294967295,4096,4096,0,0,934472,934472,3314349199,3314349156,3314349151,3314349164,0,0,0,0,0,0,0,0,4096,256,131072,4,15|4,0,1800000000,262144,6867,0,0,0,0,14064,0,14048,0,1759,1756,0,1,14064,0|344,4028644133,12,460492824,0,460324864,0,460324864,0,517802715,0,1756,1756,3175296237,11,3175296237,11,2080,600052424,12,2114545642,0,0,0,0,0
1788097723391|1001|formal_primary_1800s|rotating|342,1378943233,33555404,1036385094,1034860129,0,0,0,0,0,0,0,0,0,0,934532,932776,0,0,0,0,0,0,0,0,0,0,0,0,0,0,0,0,0,0,0,0,4096,256,131072,4,15|4,0,1800000000,262144,6867,0,0,0,0,14064,0,14048,0,1759,1756,0,1,14064,0|344,3347535698,12,460517032,0,460324864,0,460324864,0,517714026,0,1756,1756,3177064956,11,3177064956,11,2080,546607898,12,2115129627,0,0,0,0,0
1788097728395|1001|formal_primary_1800s|fixed|344,1378943233,16781056,1042379071,1040845474,1042379071,1040845474,1042379071,1040845474,1881645,1876346,939939,938173,0,0,0,0,4294967295,4294967295,4096,4096,0,0,939939,939939,3634622725,3634623066,3634622733,3634623074,0,0,0,0,0,0,0,0,4096,256,131072,4,15|4,0,1800000000,262144,6867,0,0,0,0,14144,0,14128,0,1769,1766,0,1,14144,0|346,53662169,13,463184412,0,462946304,0,462946304,0,520828379,0,1766,1766,3470231031,11,3470231031,11,2080,904798551,12,2126574978,0,0,0,0,0
1788097728395|1001|formal_primary_1800s|rotating|344,1378943233,33555404,1042467714,1040933879,0,0,0,0,0,0,0,0,0,0,940018,938252,0,0,0,0,0,0,0,0,0,0,0,0,0,0,0,0,0,0,0,0,4096,256,131072,4,15|4,0,1800000000,262144,6867,0,0,0,0,14148,0,14136,0,1770,1767,0,1,14148,0|346,3669966358,12,463216352,0,463208448,0,463208448,0,520747762,0,1767,1767,3472000868,11,3472000868,11,2080,851924899,12,2128364638,0,0,0,0,0
1788097733402|1001|formal_primary_1800s|fixed|346,1378943233,16780339,1048411866,1046868826,1048411866,1046868826,1048411866,1046868826,1892534,1887202,945377,943600,0,0,0,0,4294967295,4294967295,4096,4096,0,0,945378,945378,3954845772,3954845801,3954845780,3954845809,0,0,0,0,0,0,0,0,4096,256,131072,4,15|4,0,1800000000,262144,6867,0,0,0,0,14232,0,14216,0,1780,1777,0,1,14232,0|348,374179304,13,465866444,0,465829888,0,465829888,0,523845432,0,1777,1777,3763267836,11,3763267836,11,2080,1208553012,12,2139806798,0,0,0,0,0
1788097733402|1001|formal_primary_1800s|rotating|346,1378943233,33555404,1048487866,1046944818,0,0,0,0,0,0,0,0,0,0,945446,943669,0,0,0,0,0,0,0,0,0,0,0,0,0,0,0,0,0,0,0,0,4096,256,131072,4,15|4,0,1800000000,262144,6867,0,0,0,0,14232,0,14216,0,1780,1777,0,1,14232,0|348,3988261971,12,465892628,0,465829888,0,465829888,0,523757731,0,1777,1777,3765239974,11,3765239974,11,2080,1154659695,12,2140402161,0,0,0,0,0
1788097738417|1001|formal_primary_1800s|fixed|348,1378943233,16780339,1054494512,1052942323,1054494512,1052942323,1054494512,1052942323,1903504,1898142,950858,949071,0,0,0,0,4294967295,4294967295,4096,4096,0,0,950859,950859,4275850282,4275850295,4275850290,4275850271,0,0,0,0,0,0,0,0,4096,256,131072,4,15|4,0,1800000000,262144,6867,0,0,0,0,14312,0,14296,0,1790,1787,0,1,14312,0|350,695070452,13,468565936,0,468451328,0,468451328,0,526883549,0,1787,1787,4059106547,11,4059106547,11,2080,1514205393,12,2151835672,0,0,0,0,0
1788097738417|1001|formal_primary_1800s|rotating|348,1378943233,33558272,1054569900,1053017817,0,0,0,0,0,0,0,0,0,0,950926,949139,0,0,0,0,0,0,0,0,0,0,0,0,0,0,0,0,0,0,0,0,4096,256,131072,4,15|4,0,1800000000,262144,6867,0,0,0,0,14312,0,14296,0,1790,1787,0,1,14312,0|350,14365072,13,468594096,0,468451328,0,468451328,0,526796930,0,1787,1787,4061254490,11,4061254490,11,2080,1460171952,12,2152432699,0,0,0,0,0
1788097743419|1001|formal_primary_1800s|fixed|350,1378943233,16780339,1060549490,1058988571,1060549490,1058988571,1060549490,1058988571,1914444,1909052,956322,954525,0,0,0,0,4294967295,4294967295,4096,4096,0,0,956323,956323,301004271,301004268,301004279,301004276,0,0,0,0,0,0,0,0,4096,256,131072,4,15|4,0,1800000000,262144,6867,0,0,0,0,14392,0,14376,0,1800,1797,0,1,14392,0|352,1015213927,13,471259008,0,471072768,0,471072768,0,529909000,0,1797,1797,59234465,12,59234465,12,2080,1819110481,12,2163864211,0,0,0,0,0
1788097743419|1001|formal_primary_1800s|rotating|350,1378943233,33558272,1060623249,1059062179,0,0,0,0,0,0,0,0,0,0,956389,954592,0,0,0,0,0,0,0,0,0,0,0,0,0,0,0,0,0,0,0,0,4096,256,131072,4,15|4,0,1800000000,262144,6867,0,0,0,0,14392,0,14376,0,1800,1797,0,1,14392,0|352,334564343,13,471287660,0,471072768,0,471072768,0,529822242,0,1797,1797,61431728,12,61431728,12,2080,1764814451,12,2164464040,0,0,0,0,0
1788097748422|1001|formal_primary_1800s|fixed|352,1378943233,16780339,1066616744,1065045691,1066616744,1065045691,1066616744,1065045691,1925394,1919972,961792,959985,0,0,0,0,4294967295,4294967295,4096,4096,0,0,961793,961793,621429655,621429684,621429663,621429692,0,0,0,0,0,0,0,0,4096,256,131072,4,15|4,0,1800000000,262144,6867,0,0,0,0,14472,0,14456,0,1810,1807,0,1,14472,0|354,1335559804,13,473954052,0,473694208,0,473694208,0,532939097,0,1807,1807,354529398,12,354529398,12,2062,2124217700,12,2175893007,0,0,0,0,0
1788097748422|1001|formal_primary_1800s|rotating|352,1378943233,33558272,1066685921,1065114078,0,0,0,0,0,0,0,0,0,0,961856,960048,0,0,0,0,0,0,0,0,0,0,0,0,0,0,0,0,0,0,0,0,4096,256,131072,4,15|4,0,1800000000,262144,6867,0,0,0,0,14476,0,14464,0,1811,1808,0,1,14480,0|354,655391085,13,473972656,0,473956352,0,473956352,0,532840689,0,1808,1808,354766423,12,354766423,12,2080,2068526493,12,2177699922,0,0,0,0,0
1788097753427|1001|formal_primary_1800s|fixed|354,1378943233,16780339,1072648504,1071068290,1072648504,1071068290,1072648504,1071068290,1936281,1930826,967230,965412,0,0,0,0,4294967295,4294967295,4096,4096,0,0,967231,967231,941580489,941580494,941580497,941580502,0,0,0,0,0,0,0,0,4096,256,131072,4,15|4,0,1800000000,262144,6867,0,0,0,0,14560,0,14544,0,1821,1818,0,1,14560,0|356,1655880471,13,476634604,0,476577792,0,476577792,0,535954561,0,1818,1818,647365528,12,647365528,12,2080,2427775693,12,2189124778,0,0,0,0,0
1788097753427|1001|formal_primary_1800s|rotating|354,1378943233,33558272,1072722465,1071142214,0,0,0,0,0,0,0,0,0,0,967297,965479,0,0,0,0,0,0,0,0,0,0,0,0,0,0,0,0,0,0,0,0,4096,256,131072,4,15|4,0,1800000000,262144,6867,0,0,0,0,14560,0,14544,0,1821,1818,0,1,14560,0|356,975938628,13,476669184,0,476577792,0,476577792,0,535873312,0,1818,1818,650256308,12,650256308,12,2080,2373512626,12,2189733500,0,0,0,0,0
1788097758430|1001|formal_primary_1800s|fixed|356,1378943233,16780339,1078709041,1077121040,1078709041,1077121040,1078709041,1077121040,1947221,1941736,972695,970867,0,0,0,0,4294967295,4294967295,4096,4096,0,0,972696,972696,1261748433,1261748446,1261748441,1261748414,0,0,0,0,0,0,0,0,4096,256,131072,4,15|4,0,1800000000,262144,6867,0,0,0,0,14640,0,14624,0,1831,1828,0,1,14640,0|358,1977170969,13,479337552,0,479199232,0,479199232,0,538993966,0,1828,1828,943606837,12,943606837,12,2080,2733827036,12,2201154094,0,0,0,0,0
1788097758430|1001|formal_primary_1800s|rotating|356,1378943233,33555404,1078800798,1077212893,0,0,0,0,0,0,0,0,0,0,972778,970950,0,0,0,0,0,0,0,0,0,0,0,0,0,0,0,0,0,0,0,0,4096,256,131072,4,15|4,0,1800000000,262144,6867,0,0,0,0,14640,0,14624,0,1831,1828,0,1,14640,0|358,1296164512,13,479362748,0,479199232,0,479199232,0,538901594,0,1828,1828,945425015,12,945425015,12,2080,2678181608,12,2201767357,0,0,0,0,0
1788097763438|1001|formal_primary_1800s|fixed|358,1378943233,16781056,1084788087,1083190593,1084788087,1083190593,1084788087,1083190593,1958189,1952674,978175,976337,0,0,0,0,4294967295,4294967295,4096,4096,0,0,978175,978175,1582683192,1582683549,1582683200,1582683557,0,0,0,0,0,0,0,0,4096,256,131072,4,15|4,0,1800000000,262144,6867,0,0,0,0,14720,0,14704,0,1841,1838,0,1,14720,0|360,2297660916,13,482033588,0,481820672,0,481820672,0,542026576,0,1838,1838,1239045020,12,1239045020,12,2080,3039077727,12,2213183449,0,0,0,0,0
1788097763438|1001|formal_primary_1800s|rotating|358,1378943233,33558272,1084872166,1083274707,0,0,0,0,0,0,0,0,0,0,978251,976413,0,0,0,0,0,0,0,0,0,0,0,0,0,0,0,0,0,0,0,0,4096,256,131072,4,15|4,0,1800000000,262144,6867,0,0,0,0,14720,0,14704,0,1841,1838,0,1,14720,0|360,1616813144,13,482060264,0,481820672,0,481820672,0,541935108,0,1838,1838,1241016525,12,1241016525,12,2080,2983270169,12,2213800151,0,0,0,0,0
1788097768445|1001|formal_primary_1800s|fixed|360,1378943233,16780339,1090845905,1089240264,1090845905,1089240264,1090845905,1089240264,1969127,1963582,983638,981790,0,0,0,0,4294967295,4294967295,4096,4096,0,0,983639,983639,1902744814,1902744787,1902744822,1902744795,0,0,0,0,0,0,0,0,4096,256,131072,4,15|4,0,1800000000,262144,6867,0,0,0,0,14804,0,14792,0,1852,1849,0,1,14804,0|362,2616901541,13,484704256,0,484704256,0,484704256,0,545037439,0,1849,1849,1531593652,12,1531593652,12,2080,3342348233,12,2225943688,0,0,0,0,0
1788097768445|1001|formal_primary_1800s|rotating|360,1378943233,33555404,1090889556,1089283056,0,0,0,0,0,0,0,0,0,0,983678,981829,0,0,0,0,0,0,0,0,0,0,0,0,0,0,0,0,0,0,0,0,4096,256,131072,4,15|4,0,1800000000,262144,6867,0,0,0,0,14808,0,14792,0,1852,1849,0,1,14808,0|362,1936308585,13,484733404,0,484704256,0,484704256,0,544940100,0,1849,1849,1533025532,12,1533025532,12,2078,3285650851,12,2227033377,0,0,0,0,0
1788097773445|1001|formal_primary_1800s|fixed|362,1378943233,16780339,1096874687,1095260049,1096874687,1095260049,1096874687,1095260049,1980010,1974432,989074,987215,0,0,0,0,4294967295,4294967295,4096,4096,0,0,989075,989075,2222813217,2222813254,2222813225,2222813262,0,0,0,0,0,0,0,0,4096,256,131072,4,15|4,0,1800000000,262144,6867,0,0,0,0,14888,0,14872,0,1862,1859,0,1,14888,0|364,2936305453,13,487390904,0,487325696,0,487325696,0,548051021,0,1859,1859,1825155882,12,1825155882,12,2080,3645720466,12,2238444505,0,0,0,0,0
1788097773445|1001|formal_primary_1800s|rotating|362,1378943233,33558272,1096927462,1095312836,0,0,0,0,0,0,0,0,0,0,989122,987263,0,0,0,0,0,0,0,0,0,0,0,0,0,0,0,0,0,0,0,0,4096,256,131072,4,15|4,0,1800000000,262144,6867,0,0,0,0,14888,0,14872,0,1862,1859,0,1,14888,0|364,2255231252,13,487415604,0,487325696,0,487325696,0,547956135,0,1859,1859,1826894139,12,1826894139,12,2080,3589012529,12,2239066966,0,0,0,0,0
1788097778452|1001|formal_primary_1800s|fixed|364,1378943233,16780339,1102942643,1101319379,1102942643,1101319379,1102942643,1101319379,1990959,1985351,994544,992675,0,0,0,0,4294967295,4294967295,4096,4096,0,0,994545,994545,2543223240,2543223229,2543223216,2543223237,0,0,0,0,0,0,0,0,4096,256,131072,4,15|4,0,1800000000,262144,6867,0,0,0,0,14968,0,14952,0,1872,1869,0,1,14968,0|366,3257445778,13,490092868,0,489947136,0,489947136,0,551090221,0,1869,1869,2121246786,12,2121246786,12,2080,3951621951,12,2250473461,0,0,0,0,0
1788097778452|1001|formal_primary_1800s|rotating|364,1378943233,33555404,1103017944,1101394654,0,0,0,0,0,0,0,0,0,0,994611,992742,0,0,0,0,0,0,0,0,0,0,0,0,0,0,0,0,0,0,0,0,4096,256,131072,4,15|4,0,1800000000,262144,6867,0,0,0,0,14968,0,14952,0,1872,1869,0,1,14968,0|366,2576803170,13,490121520,0,489947136,0,489947136,0,550999073,0,1869,1869,2123405298,12,2123405298,12,2080,3895026249,12,2251101288,0,0,0,0,0
1788097783460|1001|formal_primary_1800s|fixed|366,1378943233,16780339,1109019300,1107386904,1109019300,1107386904,1109019300,1107386904,2001920,1996282,1000019,998140,0,0,0,0,4294967295,4294967295,4096,4096,0,0,1000020,1000020,2863935851,2863935832,2863935843,2863935840,0,0,0,0,0,0,0,0,4096,256,131072,4,15|4,0,1800000000,262144,6867,0,0,0,0,15048,0,15032,0,1882,1879,0,1,15048,0|368,3578133982,13,492790876,0,492568576,0,492568576,0,554125838,0,1879,1879,2416887094,12,2416887094,12,2080,4257071442,12,2262502299,0,0,0,0,0
1788097783460|1001|formal_primary_1800s|rotating|366,1378943233,33558272,1109086835,1107454308,0,0,0,0,0,0,0,0,0,0,1000080,998201,0,0,0,0,0,0,0,0,0,0,0,0,0,0,0,0,0,0,0,0,4096,256,131072,4,15|4,0,1800000000,262144,6867,0,0,0,0,15048,0,15032,0,1882,1879,0,1,15048,0|368,2897240724,13,492817060,0,492568576,0,492568576,0,554031355,0,1879,1879,2418784079,12,2418784079,12,2080,4199905407,12,2263136200,0,0,0,0,0
1788097788470|1001|formal_primary_1800s|fixed|368,1378943233,16781056,1115074917,1113432786,1115074917,1113432786,1115074917,1113432786,2012850,2007180,1005480,1003590,0,0,0,0,4294967295,4294967295,4096,4096,0,0,1005480,1005480,3183821798,3183821798,3183821806,3183821806,0,0,0,0,0,0,0,0,4096,256,131072,4,15|4,0,1800000000,262144,6867,0,0,0,0,15136,0,15120,0,1893,1890,0,1,15136,0|370,3899088519,13,495476860,0,495452160,0,495452160,0,557146444,0,1890,1890,2710357191,12,2710357191,12,2080,266295882,13,2275734236,0,0,0,0,0
1788097788470|1001|formal_primary_1800s|rotating|368,1378943233,33555404,1115153608,1113511388,0,0,0,0,0,0,0,0,0,0,1005550,1003660,0,0,0,0,0,0,0,0,0,0,0,0,0,0,0,0,0,0,0,0,4096,256,131072,4,15|4,0,1800000000,262144,6867,0,0,0,0,15136,0,15120,0,1893,1890,0,1,15136,0|370,3219307315,13,495512924,0,495452160,0,495452160,0,557062437,0,1890,1890,2713354463,12,2713354463,12,2080,209889611,13,2276373487,0,0,0,0,0
1788097793471|1001|formal_primary_1800s|fixed|370,1378943233,16780339,1121118394,1119468237,1121118394,1119468237,1121118394,1119468237,2023755,2018054,1010926,1009026,0,0,0,0,4294967295,4294967295,4096,4096,0,0,1010927,1010927,3504477878,3504477875,3504477886,3504477883,0,0,0,0,0,0,0,0,4096,256,131072,4,15|4,0,1800000000,262144,6867,0,0,0,0,15216,0,15200,0,1903,1900,0,1,15216,0|372,4218743861,13,498165484,0,498073600,0,498073600,0,560171657,0,1900,1900,3004962225,12,3004962225,12,2080,570712380,13,2287763194,0,0,0,0,0
1788097793471|1001|formal_primary_1800s|rotating|370,1378943233,33555404,1121193291,1119542988,0,0,0,0,0,0,0,0,0,0,1010993,1009093,0,0,0,0,0,0,0,0,0,0,0,0,0,0,0,0,0,0,0,0,4096,256,131072,4,15|4,0,1800000000,262144,6867,0,0,0,0,15216,0,15200,0,1903,1900,0,1,15216,0|372,3538244233,13,498195124,0,498073600,0,498073600,0,560079770,0,1900,1900,3007241158,12,3007241158,12,2080,513268719,13,2288403185,0,0,0,0,0
1788097798473|1001|formal_primary_1800s|fixed|372,1378943233,16780339,1127199857,1125539238,1127199857,1125539238,1127199857,1125539238,2034726,2028995,1016407,1014497,0,0,0,0,4294967295,4294967295,4096,4096,0,0,1016408,1016408,3825509748,3825509769,3825509756,3825509777,0,0,0,0,0,0,0,0,4096,256,131072,4,15|4,0,1800000000,262144,6867,0,0,0,0,15296,0,15280,0,1913,1910,0,1,15296,0|374,243824379,14,500857568,0,500695040,0,500695040,0,563200049,0,1910,1910,3299957693,12,3299957693,12,2080,875521427,13,2299792052,0,0,0,0,0
1788097798473|1001|formal_primary_1800s|rotating|372,1378943233,33555404,1127259661,1125598864,0,0,0,0,0,0,0,0,0,0,1016460,1014550,0,0,0,0,0,0,0,0,0,0,0,0,0,0,0,0,0,0,0,0,4096,256,131072,4,15|4,0,1800000000,262144,6867,0,0,0,0,15296,0,15280,0,1913,1910,0,1,15296,0|374,3858459199,13,500888688,0,500695040,0,500695040,0,563109286,0,1910,1910,3302402332,12,3302402332,12,2080,817923899,13,2300433646,0,0,0,0,0
1788097803475|1001|formal_primary_1800s|fixed|374,1378943233,16780339,1133239719,1131569805,1133239719,1131569805,1133239719,1131569805,2045635,2039874,1021856,1019936,0,0,0,0,4294967295,4294967295,4096,4096,0,0,1021857,1021857,4144786276,4144786305,4144786284,4144786313,0,0,0,0,0,0,0,0,4096,256,131072,4,15|4,0,1800000000,262144,6867,0,0,0,0,15376,0,15360,0,1923,1920,0,1,15376,0|376,563992022,14,503551132,0,503316480,0,503316480,0,566226419,0,1920,1920,3595073261,12,3595073261,12,2080,1180450326,13,2311820911,0,0,0,0,0
1788097803475|1001|formal_primary_1800s|rotating|374,1378943233,33555404,1133313954,1131644041,0,0,0,0,0,0,0,0,0,0,1021923,1020003,0,0,0,0,0,0,0,0,0,0,0,0,0,0,0,0,0,0,0,0,4096,256,131072,4,15|4,0,1800000000,262144,6867,0,0,0,0,15376,0,15360,0,1923,1920,0,1,15376,0|376,4178260687,13,503578624,0,503316480,0,503316480,0,566131096,0,1921,1920,3597112878,12,3597112878,12,2054,1122167326,13,2312462963,0,0,0,0,0
1788097808479|1001|formal_primary_1800s|fixed|376,1378943233,16780339,1139272374,1137593648,1139272374,1137593648,1139272374,1137593648,2056526,2050732,1027296,1025365,0,0,0,0,4294967295,4294967295,4096,4096,0,0,1027297,1027297,170096700,170096673,170096692,170096681,0,0,0,0,0,0,0,0,4096,256,131072,4,15|4,0,1800000000,262144,6867,0,0,0,0,15464,0,15448,0,1934,1931,0,1,15464,0|378,884339604,14,506231680,0,506200064,0,506200064,0,569241167,0,1931,1931,3887940641,12,3887940641,12,2080,1484035143,13,2325052791,0,0,0,0,0
1788097808479|1001|formal_primary_1800s|rotating|376,1378943233,33555404,1139344461,1137665758,0,0,0,0,0,0,0,0,0,0,1027361,1025430,0,0,0,0,0,0,0,0,0,0,0,0,0,0,0,0,0,0,0,0,4096,256,131072,4,15|4,0,1800000000,262144,6867,0,0,0,0,15464,0,15448,0,1934,1931,0,1,15464,0|378,203889190,14,506261816,0,506200064,0,506200064,0,569147879,0,1931,1931,3890252416,12,3890252416,12,2080,1425648492,13,2325702665,0,0,0,0,0
1788097813483|1001|formal_primary_1800s|fixed|378,1378943233,16780339,1145339351,1143652374,1145339351,1143652374,1145339351,1143652374,2067478,2061654,1032767,1030826,0,0,0,0,4294967295,4294967295,4096,4096,0,0,1032768,1032768,490565539,490565512,490565547,490565520,0,0,0,0,0,0,0,0,4096,256,131072,4,15|4,0,1800000000,262144,6867,0,0,0,0,15544,0,15528,0,1944,1941,0,1,15544,0|380,1204720086,14,508926728,0,508821504,0,508821504,0,572271872,0,1941,1941,4183269481,12,4183269481,12,2080,1789177095,13,2337081437,0,0,0,0,0
1788097813483|1001|formal_primary_1800s|rotating|378,1378943233,33555404,1145418484,1143731535,0,0,0,0,0,0,0,0,0,0,1032838,1030897,0,0,0,0,0,0,0,0,0,0,0,0,0,0,0,0,0,0,0,0,4096,256,131072,4,15|4,0,1800000000,262144,6867,0,0,0,0,15544,0,15528,0,1944,1941,0,1,15544,0|380,524879513,14,508962296,0,508821504,0,508821504,0,572184060,0,1941,1941,4186185151,12,4186185151,12,2080,1731078169,13,2337735216,0,0,0,0,0
1788097818494|1001|formal_primary_1800s|fixed|380,1378943233,16780339,1151407540,1149711033,1151407540,1149711033,1151407540,1149711033,2078430,2072576,1038239,1036287,0,0,0,0,4294967295,4294967295,4096,4096,0,0,1038239,1038239,811075553,811075846,811075561,811075814,0,0,0,0,0,0,0,0,4096,256,131072,4,15|4,0,1800000000,262144,6867,0,0,0,0,15624,0,15608,0,1954,1951,0,1,15624,0|382,1525324740,14,511623748,0,511442944,0,511442944,0,575304346,0,1951,1951,183857766,13,183857766,13,2080,2094543287,13,2349110045,0,0,0,0,0
1788097818494|1001|formal_primary_1800s|rotating|380,1378943233,33555404,1151481573,1149785060,0,0,0,0,0,0,0,0,0,0,1038305,1036354,0,0,0,0,0,0,0,0,0,0,0,0,0,0,0,0,0,0,0,0,4096,256,131072,4,15|4,0,1800000000,262144,6867,0,0,0,0,15624,0,15608,0,1954,1951,0,1,15624,0|382,844613843,14,511651908,0,511442944,0,511442944,0,575206917,0,1951,1951,185897172,13,185897172,13,2080,2035254706,13,2349767908,0,0,0,0,0
1788097823508|1001|formal_primary_1800s|fixed|382,1378943233,16780339,1157487640,1155783230,1157487640,1155783230,1157487640,1155783230,2089398,2083514,1043717,1041756,0,0,0,0,4294967295,4294967295,4096,4096,0,0,1043718,1043718,1132001376,1132001389,1132001384,1132001397,0,0,0,0,0,0,0,0,4096,256,131072,4,15|4,0,1800000000,262144,6867,0,0,0,0,15708,0,15696,0,1965,1962,0,1,15708,0|384,1848083212,14,514326528,0,514326528,0,514326528,0,578353735,0,1962,1962,480027497,13,480027497,13,2080,2401443136,13,2361758770,0,0,0,0,0
1788097823508|1001|formal_primary_1800s|rotating|382,1378943233,33555404,1157574039,1155868830,0,0,0,0,0,0,0,0,0,0,1043796,1041834,0,0,0,0,0,0,0,0,0,0,0,0,0,0,0,0,0,0,0,0,4096,256,131072,4,15|4,0,1800000000,262144,6867,0,0,0,0,15712,0,15696,0,1965,1962,0,1,15712,0|384,1168320380,14,514362096,0,514326528,0,514326528,0,578256283,0,1962,1962,482110265,13,482110265,13,2080,2341848523,13,2362998894,0,0,0,0,0
1788097828510|1001|formal_primary_1800s|fixed|384,1378943233,16780339,1163521841,1161807657,1163521841,1161807657,1163521841,1161807657,2100291,2094374,1049158,1047186,0,0,0,0,4294967295,4294967295,4096,4096,0,0,1049159,1049159,1452318925,1452318946,1452318933,1452318930,0,0,0,0,0,0,0,0,4096,256,131072,4,15|4,0,1800000000,262144,6867,0,0,0,0,15792,0,15776,0,1975,1972,0,1,15792,0|386,2166757863,14,517005768,0,516947968,0,516947968,0,581359049,0,1972,1972,772755591,13,772755591,13,2080,2703974999,13,2374370686,0,0,0,0,0
1788097828510|1001|formal_primary_1800s|rotating|384,1378943233,33555404,1163589362,1161875075,0,0,0,0,0,0,0,0,0,0,1049219,1047247,0,0,0,0,0,0,0,0,0,0,0,0,0,0,0,0,0,0,0,0,4096,256,131072,4,15|4,0,1800000000,262144,6867,0,0,0,0,15792,0,15776,0,1975,1972,0,1,15792,0|386,1486494002,14,517037876,0,516947968,0,516947968,0,581264665,0,1972,1972,775227773,13,775227773,13,2080,2644461879,13,2375036114,0,0,0,0,0
1788097833510|1001|formal_primary_1800s|fixed|386,1378943233,16780339,1169575671,1167852563,1169575671,1167852563,1169575671,1167852563,2111219,2105272,1054617,1052635,0,0,0,0,4294967295,4294967295,4096,4096,0,0,1054618,1054618,1772136803,1772136824,1772136811,1772136832,0,0,0,0,0,0,0,0,4096,256,131072,4,15|4,0,1800000000,262144,6867,0,0,0,0,15872,0,15856,0,1985,1982,0,1,15872,0|388,2486435440,14,519694884,0,519569408,0,519569408,0,584382307,0,1982,1982,1067380958,13,1067380958,13,2080,3008414196,13,2386399183,0,0,0,0,0
1788097833510|1001|formal_primary_1800s|rotating|386,1378943233,33555404,1169650687,1167927392,0,0,0,0,0,0,0,0,0,0,1054685,1052703,0,0,0,0,0,0,0,0,0,0,0,0,0,0,0,0,0,0,0,0,4096,256,131072,4,15|4,0,1800000000,262144,6867,0,0,0,0,15872,0,15856,0,1985,1982,0,1,15872,0|388,1805595108,14,519721560,0,519569408,0,519569408,0,584281675,0,1982,1982,1069280566,13,1069280566,13,2080,2948005213,13,2387063590,0,0,0,0,0
1788097838516|1001|formal_primary_1800s|fixed|388,1378943233,16780339,1175639865,1173908590,1175639865,1173908590,1175639865,1173908590,2122169,2116192,1060087,1058095,0,0,0,0,4294967295,4294967295,4096,4096,0,0,1060088,1060088,2092550677,2092550666,2092550685,2092550682,0,0,0,0,0,0,0,0,4096,256,131072,4,15|4,0,1800000000,262144,6867,0,0,0,0,15952,0,15936,0,1995,1992,0,1,15952,0|390,2807032276,14,522391908,0,522190848,0,522190848,0,587414203,0,1992,1992,1362924295,13,1362924295,13,2080,3313771690,13,2398428621,0,0,0,0,0
1788097838516|1001|formal_primary_1800s|rotating|388,1378943233,33558272,1175715039,1173983745,0,0,0,0,0,0,0,0,0,0,1060155,1058163,0,0,0,0,0,0,0,0,0,0,0,0,0,0,0,0,0,0,0,0,4096,256,131072,4,15|4,0,1800000000,262144,6867,0,0,0,0,15952,0,15936,0,1995,1992,0,1,15952,0|390,2125978843,14,522416608,0,522190848,0,522190848,0,587310579,0,1992,1992,1364608924,13,1364608924,13,2080,3252828603,13,2399095258,0,0,0,0,0
1788097843522|1001|formal_primary_1800s|fixed|390,1378943233,16780339,1181709307,1179969463,1181709307,1179969463,1181709307,1179969463,2133123,2127116,1065559,1063557,0,0,0,0,4294967295,4294967295,4096,4096,0,0,1065560,1065560,2413105535,2413105532,2413105511,2413105492,0,0,0,0,0,0,0,0,4096,256,131072,4,15|4,0,1800000000,262144,6867,0,0,0,0,16036,0,16024,0,2006,2003,0,1,16036,0|392,3127519184,14,525074432,0,525074432,0,525074432,0,590439143,0,2003,2003,1656828907,13,1656828907,13,2048,3618403752,13,2411073570,0,0,0,0,0
1788097843522|1001|formal_primary_1800s|rotating|390,1378943233,33555404,1181757614,1180016996,0,0,0,0,0,0,0,0,0,0,1065604,1063601,0,0,0,0,0,0,0,0,0,0,0,0,0,0,0,0,0,0,0,0,4096,256,131072,4,15|4,0,1800000000,262144,6867,0,0,0,0,16040,0,16024,0,2006,2003,0,1,16040,0|392,2447610251,14,525108520,0,525074432,0,525074432,0,590337531,0,2003,2003,1658752402,13,1658752402,13,2080,3557345840,13,2412325301,0,0,0,0,0
1788097848523|1001|formal_primary_1800s|fixed|392,1378943233,16780339,1187749941,1186001089,1187749941,1186001089,1187749941,1186001089,2144032,2137992,1071008,1068995,0,0,0,0,4294967295,4294967295,4096,4096,0,0,1071009,1071009,2733898848,2733898845,2733898856,2733898861,0,0,0,0,0,0,0,0,4096,256,131072,4,15|4,0,1800000000,262144,6867,0,0,0,0,16120,0,16104,0,2016,2013,0,1,16120,0|394,3448046307,14,527769972,0,527695872,0,527695872,0,593461505,0,2013,2013,1951397214,13,1951397214,13,2080,3922784574,13,2423688996,0,0,0,0,0
1788097848523|1001|formal_primary_1800s|rotating|392,1378943233,33555404,1187836926,1186088041,0,0,0,0,0,0,0,0,0,0,1071087,1069074,0,0,0,0,0,0,0,0,0,0,0,0,0,0,0,0,0,0,0,0,4096,256,131072,4,15|4,0,1800000000,262144,6867,0,0,0,0,16120,0,16104,0,2016,2013,0,1,16120,0|394,2768344865,14,527807024,0,527695872,0,527695872,0,593370115,0,2013,2013,1954430211,13,1954430211,13,2080,3862520504,13,2424357549,0,0,0,0,0
1788097853528|1001|formal_primary_1800s|fixed|394,1378943233,16780339,1193797454,1192040668,1193797454,1192040668,1193797454,1192040668,2154948,2148878,1076461,1074438,0,0,0,0,4294967295,4294967295,4096,4096,0,0,1076462,1076462,3053351164,3053351169,3053351140,3053351121,0,0,0,0,0,0,0,0,4096,256,131072,4,15|4,0,1800000000,262144,6867,0,0,0,0,16200,0,16184,0,2026,2023,0,1,16200,0|396,3767867742,14,530460572,0,530317312,0,530317312,0,596487116,0,2023,2023,2246172078,13,2246172078,13,2080,4227366928,13,2435718234,0,0,0,0,0
1788097853528|1001|formal_primary_1800s|rotating|394,1378943233,33558272,1193892628,1192135763,0,0,0,0,0,0,0,0,0,0,1076547,1074524,0,0,0,0,0,0,0,0,0,0,0,0,0,0,0,0,0,0,0,0,4096,256,131072,4,15|4,0,1800000000,262144,6867,0,0,0,0,16200,0,16184,0,2026,2023,0,1,16200,0|396,3087995787,14,530495648,0,530317312,0,530317312,0,596393333,0,2023,2023,2249025542,13,2249025542,13,2080,4166614324,13,2436391059,0,0,0,0,0
1788097858542|1001|formal_primary_1800s|fixed|396,1378943233,16780339,1199880970,1198114776,1199880970,1198114776,1199880970,1198114776,2165924,2159824,1081944,1079911,0,0,0,0,4294967295,4294967295,4096,4096,0,0,1081945,1081945,3374527316,3374527305,3374527324,3374527313,0,0,0,0,0,0,0,0,4096,256,131072,4,15|4,0,1800000000,262144,6867,0,0,0,0,16280,0,16264,0,2036,2033,0,1,16280,0|398,4088716695,14,533159572,0,532938752,0,532938752,0,599523048,0,2033,2033,2541967716,13,2541967716,13,2080,238009156,14,2447747758,0,0,0,0,0
1788097858542|1001|formal_primary_1800s|rotating|396,1378943233,33558272,1199947676,1198181401,0,0,0,0,0,0,0,0,0,0,1082005,1079972,0,0,0,0,0,0,0,0,0,0,0,0,0,0,0,0,0,0,0,0,4096,256,131072,4,15|4,0,1800000000,262144,6867,0,0,0,0,16280,0,16264,0,2036,2033,0,1,16280,0|398,3407633183,14,533184272,0,532938752,0,532938752,0,599416612,0,2033,2033,2543608605,13,2543608605,13,2080,175724285,14,2448423288,0,0,0,0,0
1788097863542|1001|formal_primary_1800s|fixed|398,1378943233,16780817,1205939315,1204162701,1205939315,1204162701,1205939315,1204162701,2176858,2170728,1087406,1085364,0,0,0,0,4294967295,4294967295,4096,4096,0,0,1087407,1087407,3694509930,3694488575,3694509938,3694488583,0,0,0,0,0,0,0,0,4096,256,131072,4,15|5,0,1800000000,262144,6867,0,0,0,0,16368,0,16352,0,2047,2044,0,1,16368,0|400,113542937,15,535835180,0,535822336,0,535822336,0,602532047,0,2044,2044,2834276956,13,2834276956,13,2080,541040042,14,2460979537,0,0,0,0,0
1788097863542|1001|formal_primary_1800s|rotating|398,1378943233,33555404,1205973908,1204197182,0,0,0,0,0,0,0,0,0,0,1087439,1085395,0,0,0,0,0,0,0,0,0,0,0,0,0,0,0,0,0,0,0,0,4096,256,131072,4,15|4,0,1800000000,262144,6867,0,0,0,0,16368,0,16352,0,2047,2044,0,1,16368,0|400,3727911371,14,535864328,0,535822336,0,535822336,0,602429596,0,2044,2044,2836396237,13,2836396237,13,2080,478886474,14,2461658925,0,0,0,0,0
1788097868545|1001|formal_primary_1800s|fixed|400,1378943233,16780339,1211965444,1210178719,1211965444,1210178719,1211965444,1210178719,2187747,2181584,1092845,1090791,0,0,0,0,4294967295,4294967295,4096,4096,0,0,1092846,1092846,4014725975,4014725980,4014725983,4014725988,0,0,0,0,0,0,0,0,4096,256,131072,4,15|4,0,1800000000,262144,6867,0,0,0,0,16448,0,16432,0,2057,2054,0,1,16448,0|402,434645954,15,538536648,0,538443776,0,538443776,0,605567292,0,2054,2054,3130327365,13,3130327365,13,2080,846904441,14,2473008271,0,0,0,0,0
1788097868545|1001|formal_primary_1800s|rotating|400,1378943233,33555404,1212067843,1210281044,0,0,0,0,0,0,0,0,0,0,1092937,1090883,0,0,0,0,0,0,0,0,0,0,0,0,0,0,0,0,0,0,0,0,4096,256,131072,4,15|4,0,1800000000,262144,6867,0,0,0,0,16448,0,16432,0,2057,2054,0,1,16448,0|402,4050263539,14,538576664,0,538443776,0,538443776,0,605476770,0,2054,2054,3133689086,13,3133689086,13,2080,785679956,14,2473690251,0,0,0,0,0
1788097873552|1001|formal_primary_1800s|fixed|402,1378943233,16780339,1218022687,1216225828,1218022687,1216225828,1218022687,1216225828,2198689,2192496,1098311,1096247,0,0,0,0,4294967295,4294967295,4096,4096,0,0,1098312,1098312,39965728,39965733,39965736,39965741,0,0,0,0,0,0,0,0,4096,256,131072,4,15|4,0,1800000000,262144,6867,0,0,0,0,16528,0,16512,0,2067,2064,0,1,16528,0|404,755235776,15,541233672,0,541065216,0,541065216,0,608597200,0,2064,2064,3425864527,13,3425864527,13,2080,1152255416,14,2485037209,0,0,0,0,0
1788097873552|1001|formal_primary_1800s|rotating|402,1378943233,33558272,1218118644,1216321690,0,0,0,0,0,0,0,0,0,0,1098398,1096334,0,0,0,0,0,0,0,0,0,0,0,0,0,0,0,0,0,0,0,0,4096,256,131072,4,15|4,0,1800000000,262144,6867,0,0,0,0,16528,0,16512,0,2067,2064,0,1,16528,0|404,74634939,15,541262816,0,541065216,0,541065216,0,608493383,0,2064,2064,3427978282,13,3427978282,13,2080,1089462308,14,2485718284,0,0,0,0,0
1788097878559|1001|formal_primary_1800s|fixed|404,1378943233,16780339,1224094126,1222288744,1224094126,1222288744,1224094126,1222288744,2209647,2203424,1103785,1101711,0,0,0,0,4294967295,4294967295,4096,4096,0,0,1103786,1103786,360613432,360613389,360613440,360613405,0,0,0,0,0,0,0,0,4096,256,131072,4,15|4,0,1800000000,262144,6867,0,0,0,0,16608,0,16592,0,2077,2074,0,1,16608,0|406,1074912722,15,543922788,0,543686656,0,543686656,0,611620878,0,2074,2074,3720491340,13,3720491340,13,2080,1456693396,14,2497066311,0,0,0,0,0
1788097878559|1001|formal_primary_1800s|rotating|404,1378943233,33555404,1224162864,1222357477,0,0,0,0,0,0,0,0,0,0,1103847,1101773,0,0,0,0,0,0,0,0,0,0,0,0,0,0,0,0,0,0,0,0,4096,256,131072,4,15|4,0,1800000000,262144,6867,0,0,0,0,16608,0,16592,0,2077,2074,0,1,16608,0|406,393907639,15,543947984,0,543686656,0,543686656,0,611512400,0,2074,2074,3722196825,13,3722196825,13,2048,1393174427,14,2497751199,0,0,0,0,0
1788097883559|1001|formal_primary_1800s|fixed|406,1378943233,16780339,1230121789,1228306448,1230121789,1228306448,1230121789,1228306448,2220528,2214272,1109220,1107135,0,0,0,0,4294967295,4294967295,4096,4096,0,0,1109221,1109221,680603030,680603003,680603006,680603019,0,0,0,0,0,0,0,0,4096,256,131072,4,15|4,0,1800000000,262144,6867,0,0,0,0,16696,0,16680,0,2088,2085,0,1,16696,0|408,1394959789,15,546600868,0,546570240,0,546570240,0,614632845,0,2085,2085,4013051903,13,4013051903,13,2080,1759977206,14,2510298695,0,0,0,0,0
1788097883559|1001|formal_primary_1800s|rotating|406,1378943233,33558272,1230188892,1228373515,0,0,0,0,0,0,0,0,0,0,1109281,1107196,0,0,0,0,0,0,0,0,0,0,0,0,0,0,0,0,0,0,0,0,4096,256,131072,4,15|4,0,1800000000,262144,6867,0,0,0,0,16696,0,16680,0,2088,2085,0,1,16696,0|408,713758370,15,546624088,0,546570240,0,546570240,0,614521838,0,2085,2085,4014558698,13,4014558698,13,2080,1695908888,14,2510986090,0,0,0,0,0
1788097888562|1001|formal_primary_1800s|fixed|408,1378943233,16780339,1236195318,1234370955,1236195318,1234370955,1236195318,1234370955,2231492,2225206,1114697,1112602,0,0,0,0,4294967295,4294967295,4096,4096,0,0,1114698,1114698,1001410780,1001410753,1001410764,1001410761,0,0,0,0,0,0,0,0,4096,256,131072,4,15|4,0,1800000000,262144,6867,0,0,0,0,16776,0,16760,0,2098,2095,0,1,16776,0|410,1715715785,15,549299372,0,549191680,0,549191680,0,617666963,0,2095,2095,13793756,14,13793756,14,2080,2065494097,14,2522327951,0,0,0,0,0
1788097888562|1001|formal_primary_1800s|rotating|408,1378943233,33558272,1236270513,1234446215,0,0,0,0,0,0,0,0,0,0,1114765,1112670,0,0,0,0,0,0,0,0,0,0,0,0,0,0,0,0,0,0,0,0,4096,256,131072,4,15|4,0,1800000000,262144,6867,0,0,0,0,16776,0,16760,0,2098,2095,0,1,16776,0|410,1035765081,15,549333952,0,549191680,0,549191680,0,617567687,0,2095,2095,16535978,14,16535978,14,2080,2002358988,14,2523020839,0,0,0,0,0
1788097893571|1001|formal_primary_1800s|fixed|410,1378943233,16780339,1242255242,1240421132,1242255242,1240421132,1242255242,1240421132,2242424,2236108,1120158,1118053,0,0,0,0,4294967295,4294967295,4096,4096,0,0,1120159,1120159,1321333659,1321333672,1321333667,1321333680,0,0,0,0,0,0,0,0,4096,256,131072,4,15|4,0,1800000000,262144,6867,0,0,0,0,16856,0,16840,0,2108,2105,0,1,16856,0|412,2036258082,15,551995900,0,551813120,0,551813120,0,620700669,0,2105,2105,309284726,14,309284726,14,2080,2370797742,14,2534356753,0,0,0,0,0
1788097893571|1001|formal_primary_1800s|rotating|410,1378943233,33555404,1242350848,1240516759,0,0,0,0,0,0,0,0,0,0,1120244,1118139,0,0,0,0,0,0,0,0,0,0,0,0,0,0,0,0,0,0,0,0,4096,256,131072,4,15|4,0,1800000000,262144,6867,0,0,0,0,16856,0,16840,0,2108,2105,0,1,16856,0|412,1356056649,15,552028012,0,551813120,0,551813120,0,620598315,0,2105,2105,311770249,14,311770249,14,2080,2307089397,14,2535054674,0,0,0,0,0
1788097898576|1001|formal_primary_1800s|fixed|412,1378943233,16780339,1248315573,1246473901,1248315573,1246473901,1248315573,1246473901,2253367,2247021,1125625,1123510,0,0,0,0,4294967295,4294967295,4096,4096,0,0,1125626,1125626,1641586419,1641586424,1641586427,1641586432,0,0,0,0,0,0,0,0,4096,256,131072,4,15|4,0,1800000000,262144,6867,0,0,0,0,16936,0,16920,0,2118,2115,0,1,16936,0|414,2355775944,15,554683044,0,554434560,0,554434560,0,623721742,0,2115,2115,603754349,14,603754349,14,2080,2675077009,14,2546385457,0,0,0,0,0
1788097898576|1001|formal_primary_1800s|rotating|412,1378943233,33558272,1248390978,1246549312,0,0,0,0,0,0,0,0,0,0,1125693,1123578,0,0,0,0,0,0,0,0,0,0,0,0,0,0,0,0,0,0,0,0,4096,256,131072,4,15|4,0,1800000000,262144,6867,0,0,0,0,16940,0,16928,0,2119,2116,0,1,16940,0|414,1675116765,15,554696704,0,554696704,0,554696704,0,623605324,0,2116,2116,604094399,14,604094399,14,2048,2609786678,14,2547859225,0,0,0,0,0
1788097903581|1001|formal_primary_1800s|fixed|414,1378943233,16780339,1254352707,1252501405,1254352707,1252501405,1254352707,1252501405,2264261,2257882,1131066,1128940,0,0,0,0,4294967295,4294967295,4096,4096,0,0,1131067,1131067,1961950841,1961950830,1961950833,1961950838,0,0,0,0,0,0,0,0,4096,256,131072,4,15|4,0,1800000000,262144,6867,0,0,0,0,17024,0,17008,0,2129,2126,0,1,17024,0|416,2676188869,15,557364580,0,557318144,0,557318144,0,626738122,0,2126,2126,896681335,14,896681335,14,2080,2978727410,14,2559617125,0,0,0,0,0
1788097903581|1001|formal_primary_1800s|rotating|414,1378943233,33558272,1254428447,1252577165,0,0,0,0,0,0,0,0,0,0,1131135,1129009,0,0,0,0,0,0,0,0,0,0,0,0,0,0,0,0,0,0,0,0,4096,256,131072,4,15|4,0,1800000000,262144,6867,0,0,0,0,17024,0,17008,0,2129,2126,0,1,17024,0|416,1995454157,15,557392244,0,557318144,0,557318144,0,626628833,0,2126,2126,898627899,14,898627899,14,2080,2913815684,14,2560318593,0,0,0,0,0
1788097908592|1001|formal_primary_1800s|fixed|416,1378943233,16781056,1260427703,1258566926,1260427703,1258566926,1260427703,1258566926,2275219,2268810,1136541,1134405,0,0,0,0,4294967295,4294967295,4096,4096,0,0,1136541,1136541,2282608051,2282608368,2282608059,2282608384,0,0,0,0,0,0,0,0,4096,256,131072,4,15|4,0,1800000000,262144,6867,0,0,0,0,17104,0,17088,0,2139,2136,0,1,17104,0|418,2996731619,15,560061108,0,559939584,0,559939584,0,629772177,0,2136,2136,1192174047,14,1192174047,14,2080,3284031503,14,2571645880,0,0,0,0,0
1788097908592|1001|formal_primary_1800s|rotating|416,1378943233,33555404,1260503030,1258642243,0,0,0,0,0,0,0,0,0,0,1136608,1134472,0,0,0,0,0,0,0,0,0,0,0,0,0,0,0,0,0,0,0,0,4096,256,131072,4,15|4,0,1800000000,262144,6867,0,0,0,0,17104,0,17088,0,2139,2136,0,1,17104,0|418,2316047964,15,560089268,0,559939584,0,559939584,0,629662786,0,2136,2136,1194162678,14,1194162678,14,2080,3218848642,14,2572353434,0,0,0,0,0
1788097913592|1001|formal_primary_1800s|fixed|418,1378943233,16781056,1266486647,1264616453,1266486647,1264616453,1266486647,1264616453,2286155,2279716,1142004,1139858,0,0,0,0,4294967295,4294967295,4096,4096,0,0,1142004,1142004,2602643962,2602644287,2602643970,2602644295,0,0,0,0,0,0,0,0,4096,256,131072,4,15|4,0,1800000000,262144,6867,0,0,0,0,17184,0,17168,0,2149,2146,0,1,17184,0|420,3316985589,15,562755168,0,562561024,0,562561024,0,632801384,0,2146,2146,1487379533,14,1487379533,14,2080,3589046481,14,2583674992,0,0,0,0,0
1788097913592|1001|formal_primary_1800s|rotating|418,1378943233,33555404,1266561913,1264691776,0,0,0,0,0,0,0,0,0,0,1142071,1139925,0,0,0,0,0,0,0,0,0,0,0,0,0,0,0,0,0,0,0,0,4096,256,131072,4,15|4,0,1800000000,262144,6867,0,0,0,0,17184,0,17168,0,2149,2146,0,1,17184,0|420,2636221142,15,562782336,0,562561024,0,562561024,0,632690533,0,2146,2146,1489279176,14,1489279176,14,2080,3523463604,14,2584386914,0,0,0,0,0
1788097918595|1001|formal_primary_1800s|fixed|420,1378943233,16781056,1272558756,1270680790,1272558756,1270680790,1272558756,1270680790,2297113,2290644,1147478,1145322,0,0,0,0,4294967295,4294967295,4096,4096,0,0,1147478,1147478,2923292923,2923293272,2923292931,2923293280,0,0,0,0,0,0,0,0,4096,256,131072,4,15|4,0,1800000000,262144,6867,0,0,0,0,17264,0,17248,0,2159,2156,0,1,17264,0|422,3636544604,15,565442804,0,565182464,0,565182464,0,635824682,0,2156,2156,1781890258,14,1781890258,14,2048,3893367086,14,2595703526,0,0,0,0,0
1788097918595|1001|formal_primary_1800s|rotating|420,1378943233,33558272,1272608842,1270729896,0,0,0,0,0,0,0,0,0,0,1147524,1145367,0,0,0,0,0,0,0,0,0,0,0,0,0,0,0,0,0,0,0,0,4096,256,131072,4,15|4,0,1800000000,262144,6867,0,0,0,0,17272,0,17256,0,2160,2157,0,1,17272,0|422,2957132616,15,565468320,0,565444608,0,565444608,0,635710693,0,2157,2157,1782700959,14,1782700959,14,2080,3827261058,14,2597620221,0,0,0,0,0
1788097923613|1001|formal_primary_1800s|fixed|422,1378943233,16781056,1278603740,1276716047,1278603740,1276716047,1278603740,1276716047,2308020,2301518,1152926,1150759,0,0,0,0,4294967295,4294967295,4096,4096,0,0,1152926,1152926,3244020237,3244020578,3244020245,3244020586,0,0,0,0,0,0,0,0,4096,256,131072,4,15|4,0,1800000000,262144,6867,0,0,0,0,17352,0,17336,0,2170,2167,0,1,17352,0|424,3958352201,15,568136692,0,568066048,0,568066048,0,638855454,0,2167,2167,2076208784,14,2076208784,14,2080,4198411867,14,2608935474,0,0,0,0,0
1788097923613|1001|formal_primary_1800s|rotating|422,1378943233,33555404,1278678400,1276790678,0,0,0,0,0,0,0,0,0,0,1152993,1150826,0,0,0,0,0,0,0,0,0,0,0,0,0,0,0,0,0,0,0,0,4096,256,131072,4,15|4,0,1800000000,262144,6867,0,0,0,0,17352,0,17336,0,2170,2167,0,1,17352,0|424,3277428796,15,568162380,0,568066048,0,568066048,0,638741604,0,2167,2167,2077940116,14,2077940116,14,2080,4131997263,14,2609653801,0,0,0,0,0
1788097928619|1001|formal_primary_1800s|fixed|424,1378943233,16780339,1284669391,1282771931,1284669391,1282771931,1284669391,1282771931,2318968,2312436,1158395,1156218,0,0,0,0,4294967295,4294967295,4096,4096,0,0,1158396,1158396,3564408537,3564408550,3564408545,3564408558,0,0,0,0,0,0,0,0,4096,256,131072,4,15|4,0,1800000000,262144,6867,0,0,0,0,17432,0,17416,0,2180,2177,0,1,17432,0|426,4278562651,15,570830256,0,570687488,0,570687488,0,641884225,0,2177,2177,2371369693,14,2371369693,14,2080,208416774,15,2620963811,0,0,0,0,0
1788097928619|1001|formal_primary_1800s|rotating|424,1378943233,33555404,1284744182,1282846667,0,0,0,0,0,0,0,0,0,0,1158462,1156285,0,0,0,0,0,0,0,0,0,0,0,0,0,0,0,0,0,0,0,0,4096,256,131072,4,15|4,0,1800000000,262144,6867,0,0,0,0,17432,0,17416,0,2180,2177,0,1,17432,0|426,3598032360,15,570859400,0,570687488,0,570687488,0,641773801,0,2177,2177,2373487608,14,2373487608,14,2080,142074984,15,2621685642,0,0,0,0,0
1788097933629|1001|formal_primary_1800s|fixed|426,1378943233,16780339,1290740891,1288837036,1290740891,1288837036,1290740891,1288837036,2329928,2323366,1163870,1161683,0,0,0,0,4294967295,4294967295,4096,4096,0,0,1163870,1163870,3885095269,3885095610,3885095277,3885095618,0,0,0,0,0,0,0,0,4096,256,131072,4,15|4,0,1800000000,262144,6867,0,0,0,0,17512,0,17496,0,2190,2187,0,1,17512,0|428,304446622,16,573529252,0,573308928,0,573308928,0,644919927,0,2187,2187,2667171928,14,2667171928,14,2080,514029218,15,2632992760,0,0,0,0,0
1788097933629|1001|formal_primary_1800s|rotating|426,1378943233,33555404,1290816307,1288912414,0,0,0,0,0,0,0,0,0,0,1163937,1161750,0,0,0,0,0,0,0,0,0,0,0,0,0,0,0,0,0,0,0,0,4096,256,131072,4,15|4,0,1800000000,262144,6867,0,0,0,0,17512,0,17496,0,2190,2187,0,1,17512,0|428,3918506267,15,573555436,0,573308928,0,573308928,0,644804839,0,2187,2187,2668905061,14,2668905061,14,2080,446992166,15,2633718172,0,0,0,0,0
1788097938637|1001|formal_primary_1800s|fixed|428,1378943233,16781056,1296802688,1294889253,1296802688,1294889253,1296802688,1294889253,2340870,2334276,1169336,1167138,0,0,0,0,4294967295,4294967295,4096,4096,0,0,1169336,1169336,4205289768,4205289768,4205289776,4205289776,0,0,0,0,0,0,0,0,4096,256,131072,4,15|5,0,1800000000,262144,6867,0,0,0,0,17600,0,17584,0,2201,2198,0,1,17600,0|430,624981045,16,576211780,0,576192512,0,576192512,0,647936456,0,2198,2198,2960219883,14,2960219883,14,2080,817800827,15,2646224720,0,0,0,0,0
1788097938637|1001|formal_primary_1800s|rotating|428,1378943233,33555404,1296853949,1294940499,0,0,0,0,0,0,0,0,0,0,1169382,1167184,0,0,0,0,0,0,0,0,0,0,0,0,0,0,0,0,0,0,0,0,4096,256,131072,4,15|4,0,1800000000,262144,6867,0,0,0,0,17600,0,17584,0,2201,2198,0,1,17600,0|430,4239181670,15,576238948,0,576192512,0,576192512,0,647822221,0,2198,2198,2962089965,14,2962089965,14,2080,750552218,15,2646952905,0,0,0,0,0
1788097943650|1001|formal_primary_1800s|fixed|430,1378943233,16780339,1302872229,1300949827,1302872229,1300949827,1302872229,1300949827,2351827,2345202,1174808,1172600,0,0,0,0,4294967295,4294967295,4096,4096,0,0,1174809,1174809,232433880,232433853,232433840,232433861,0,0,0,0,0,0,0,0,4096,256,131072,4,15|4,0,1800000000,262144,6867,0,0,0,0,17680,0,17664,0,2211,2208,0,1,17680,0|432,946938646,16,578920656,0,578813952,0,578813952,0,650982999,0,2208,2208,3257127139,14,3257127139,14,2080,1124519309,15,2658253947,0,0,0,0,0
1788097943650|1001|formal_primary_1800s|rotating|430,1378943233,33555404,1302966345,1301043801,0,0,0,0,0,0,0,0,0,0,1174893,1172685,0,0,0,0,0,0,0,0,0,0,0,0,0,0,0,0,0,0,0,0,4096,256,131072,4,15|4,0,1800000000,262144,6867,0,0,0,0,17680,0,17664,0,2211,2208,0,1,17680,0|432,266893567,16,578954744,0,578813952,0,578813952,0,650875090,0,2208,2208,3259704371,14,3259704371,14,2080,1057672737,15,2658988832,0,0,0,0,0
1788097948653|1001|formal_primary_1800s|fixed|432,1378943233,16780339,1308919329,1306988052,1308919329,1306988052,1308919329,1306988052,2362735,2356080,1180257,1178039,0,0,0,0,4294967295,4294967295,4096,4096,0,0,1180258,1180258,551707448,551707429,551707456,551707437,0,0,0,0,0,0,0,0,4096,256,131072,4,15|4,0,1800000000,262144,6867,0,0,0,0,17760,0,17744,0,2221,2218,0,1,17760,0|434,1265986683,16,581604340,0,581435392,0,581435392,0,654001829,0,2218,2218,3551125553,14,3551125553,14,2080,1428328490,15,2670282930,0,0,0,0,0
1788097948653|1001|formal_primary_1800s|rotating|432,1378943233,33555404,1308994389,1307063160,0,0,0,0,0,0,0,0,0,0,1180325,1178107,0,0,0,0,0,0,0,0,0,0,0,0,0,0,0,0,0,0,0,0,4096,256,131072,4,15|4,0,1800000000,262144,6867,0,0,0,0,17760,0,17744,0,2221,2218,0,1,17760,0|434,585151086,16,581631016,0,581435392,0,581435392,0,653885469,0,2218,2218,3552911136,14,3552911136,14,2080,1360369891,15,2671020602,0,0,0,0,0
1788097953665|1001|formal_primary_1800s|fixed|434,1378943233,16780339,1314992254,1313052138,1314992254,1313052138,1314992254,1313052138,2373697,2367012,1185733,1183505,0,0,0,0,4294967295,4294967295,4096,4096,0,0,1185734,1185734,872463832,872463821,872463840,872463829,0,0,0,0,0,0,0,0,4096,256,131072,4,15|4,0,1800000000,262144,6867,0,0,0,0,17840,0,17824,0,2231,2228,0,1,17840,0|436,1586712698,16,584302352,0,584056832,0,584056832,0,657035814,0,2228,2228,3846801073,14,3846801073,14,2080,1733815686,15,2682311887,0,0,0,0,0
1788097953665|1001|formal_primary_1800s|rotating|434,1378943233,33555404,1315066303,1313126115,0,0,0,0,0,0,0,0,0,0,1185800,1183572,0,0,0,0,0,0,0,0,0,0,0,0,0,0,0,0,0,0,0,0,4096,256,131072,4,15|4,0,1800000000,262144,6867,0,0,0,0,17840,0,17824,0,2231,2229,0,1,17844,0|436,905846007,16,584318976,0,584318976,0,584318976,0,656915608,0,2229,2229,3847427760,14,3847427760,14,2048,1665265580,15,2683262609,0,0,0,0,0
1788097958673|1001|formal_primary_1800s|fixed|436,1378943233,16781056,1321033703,1319084392,1321033703,1319084392,1321033703,1319084392,2384602,2377884,1191181,1188942,0,0,0,0,4294967295,4294967295,4096,4096,0,0,1191181,1191181,1193140845,1193141170,1193140853,1193141178,0,0,0,0,0,0,0,0,4096,256,131072,4,15|4,0,1800000000,262144,6867,0,0,0,0,17928,0,17912,0,2242,2239,0,1,17928,0|438,1906339739,16,586976480,0,586940416,0,586940416,0,660043831,0,2239,2239,4138945187,14,4138945187,14,2080,2036679626,15,2695544144,0,0,0,0,0
1788097958673|1001|formal_primary_1800s|rotating|436,1378943233,33555404,1321104970,1319155768,0,0,0,0,0,0,0,0,0,0,1191245,1189006,0,0,0,0,0,0,0,0,0,0,0,0,0,0,0,0,0,0,0,0,4096,256,131072,4,15|4,0,1800000000,262144,6867,0,0,0,0,17928,0,17912,0,2242,2239,0,1,17928,0|438,1226527795,16,587012540,0,586940416,0,586940416,0,659936146,0,2239,2239,4141737075,14,4141737075,14,2080,1969071201,15,2696291039,0,0,0,0,0
1788097963687|1001|formal_primary_1800s|fixed|438,1378943233,16781056,1327107452,1325148924,1327107452,1325148924,1327107452,1325148924,2395564,2388816,1196657,1194408,0,0,0,0,4294967295,4294967295,4096,4096,0,0,1196657,1196657,1513901888,1513902229,1513901896,1513902237,0,0,0,0,0,0,0,0,4096,256,131072,4,15|4,0,1800000000,262144,6867,0,0,0,0,18008,0,17992,0,2252,2249,0,1,18008,0|440,2228281751,16,589685852,0,589561856,0,589561856,0,663090188,0,2249,2249,140870137,15,140870137,15,2080,2343382701,15,2707573187,0,0,0,0,0
1788097963687|1001|formal_primary_1800s|rotating|438,1378943233,33555404,1327184404,1325225940,0,0,0,0,0,0,0,0,0,0,1196726,1194477,0,0,0,0,0,0,0,0,0,0,0,0,0,0,0,0,0,0,0,0,4096,256,131072,4,15|4,0,1800000000,262144,6867,0,0,0,0,18008,0,17992,0,2252,2249,0,1,18008,0|440,1547650054,16,589714008,0,589561856,0,589561856,0,662973926,0,2249,2249,142832498,15,142832498,15,2080,2274636972,15,2708325219,0,0,0,0,0
1788097968699|1001|formal_primary_1800s|fixed|440,1378943233,16781056,1333184041,1331217301,1333184041,1331217301,1333184041,1331217301,2406532,2399754,1202136,1199877,0,0,0,0,4294967295,4294967295,4096,4096,0,0,1202136,1202136,1834830623,1834830948,1834830631,1834830956,0,0,0,0,0,0,0,0,4096,256,131072,4,15|4,0,1800000000,262144,6867,0,0,0,0,18088,0,18072,0,2262,2259,0,1,18088,0|442,2548906001,16,592382872,0,592183296,0,592183296,0,666123381,0,2259,2259,436440138,15,436440138,15,2080,2648767713,15,2719602517,0,0,0,0,0
1788097968699|1001|formal_primary_1800s|rotating|440,1378943233,33555404,1333244675,1331277856,0,0,0,0,0,0,0,0,0,0,1202190,1199931,0,0,0,0,0,0,0,0,0,0,0,0,0,0,0,0,0,0,0,0,4096,256,131072,4,15|4,0,1800000000,262144,6867,0,0,0,0,18088,0,18072,0,2262,2259,0,1,18088,0|442,1868121558,16,592410044,0,592183296,0,592183296,0,666004828,0,2259,2259,438249305,15,438249305,15,2080,2579548209,15,2720355972,0,0,0,0,0
1788097973699|1001|formal_primary_1800s|fixed|442,1378943233,16780339,1339240894,1337265673,1339240894,1337265673,1339240894,1337265673,2417470,2410662,1207599,1205330,0,0,0,0,4294967295,4294967295,4096,4096,0,0,1207600,1207600,2154899384,2154899389,2154899392,2154899397,0,0,0,0,0,0,0,0,4096,256,131072,4,15|4,0,1800000000,262144,6867,0,0,0,0,18168,0,18160,0,2273,2270,0,1,18172,0|444,2869203226,16,595066880,0,595066880,0,595066880,0,669148509,0,2270,2270,730503558,15,730503558,15,2048,2953554179,15,2731903411,0,0,0,0,0
1788097973699|1001|formal_primary_1800s|rotating|442,1378943233,33558272,1339284987,1337309049,0,0,0,0,0,0,0,0,0,0,1207640,1205370,0,0,0,0,0,0,0,0,0,0,0,0,0,0,0,0,0,0,0,0,4096,256,131072,4,15|5,0,1800000000,262144,6867,0,0,0,0,18176,0,18160,0,2273,2270,0,1,18176,0|444,2188079174,16,595087136,0,595066880,0,595066880,0,669013531,0,2270,2270,730718120,15,730718120,15,2080,2882391854,15,2733590573,0,0,0,0,0
1788097978704|1001|formal_primary_1800s|fixed|444,1378943233,16780339,1345275979,1343291012,1345275979,1343291012,1345275979,1343291012,2428363,2421522,1213040,1210760,0,0,0,0,4294967295,4294967295,4096,4096,0,0,1213041,1213041,2475230810,2475230823,2475230818,2475230831,0,0,0,0,0,0,0,0,4096,256,131072,4,15|4,0,1800000000,262144,6867,0,0,0,0,18256,0,18240,0,2283,2280,0,1,18256,0|446,3189495785,16,597757480,0,597688320,0,597688320,0,672166730,0,2280,2280,1024494504,15,1024494504,15,2080,3257355987,15,2744863281,0,0,0,0,0
1788097978704|1001|formal_primary_1800s|rotating|444,1378943233,33555404,1345345500,1343360565,0,0,0,0,0,0,0,0,0,0,1213102,1210822,0,0,0,0,0,0,0,0,0,0,0,0,0,0,0,0,0,0,0,0,4096,256,131072,4,15|4,0,1800000000,262144,6867,0,0,0,0,18256,0,18240,0,2283,2280,0,1,18256,0|446,2509217533,16,597789096,0,597688320,0,597688320,0,672051828,0,2280,2280,1026797947,15,1026797947,15,2080,3187969826,15,2745623670,0,0,0,0,0
1788097983713|1001|formal_primary_1800s|fixed|446,1378943233,16780339,1351338659,1349345480,1351338659,1349345480,1351338659,1349345480,2439311,2432440,1218509,1216219,0,0,0,0,4294967295,4294967295,4096,4096,0,0,1218510,1218510,2795618954,2795618967,2795618962,2795618975,0,0,0,0,0,0,0,0,4096,256,131072,4,15|4,0,1800000000,262144,6867,0,0,0,0,18336,0,18320,0,2293,2290,0,1,18336,0|448,3509596365,16,600450056,0,600309760,0,600309760,0,675193108,0,2290,2290,1319544633,15,1319544633,15,2080,3562218003,15,2756891979,0,0,0,0,0
1788097983713|1001|formal_primary_1800s|rotating|446,1378943233,33558272,1351414509,1349421280,0,0,0,0,0,0,0,0,0,0,1218578,1216288,0,0,0,0,0,0,0,0,0,0,0,0,0,0,0,0,0,0,0,0,4096,256,131072,4,15|4,0,1800000000,262144,6867,0,0,0,0,18336,0,18320,0,2293,2290,0,1,18336,0|448,2829295556,16,600481672,0,600309760,0,600309760,0,675077188,0,2290,2290,1321823146,15,1321823146,15,2080,3492490599,15,2757653405,0,0,0,0,0
1788097988720|1001|formal_primary_1800s|fixed|448,1378943233,16780339,1357408914,1355406395,1357408914,1355406395,1357408914,1355406395,2450263,2443362,1223980,1221680,0,0,0,0,4294967295,4294967295,4096,4096,0,0,1223981,1223981,3116106914,3116106903,3116106922,3116106919,0,0,0,0,0,0,0,0,4096,256,131072,4,15|4,0,1800000000,262144,6867,0,0,0,0,18416,0,18400,0,2303,2300,0,1,18416,0|450,3830335799,16,603148560,0,602931200,0,602931200,0,678228380,0,2300,2300,1615229778,15,1615229778,15,2080,3867718354,15,2768921114,0,0,0,0,0
1788097988720|1001|formal_primary_1800s|rotating|448,1378943233,33555404,1357481185,1355478581,0,0,0,0,0,0,0,0,0,0,1224045,1221745,0,0,0,0,0,0,0,0,0,0,0,0,0,0,0,0,0,0,0,0,4096,256,131072,4,15|4,0,1800000000,262144,6867,0,0,0,0,18416,0,18400,0,2303,2300,0,1,18416,0|450,3149728384,16,603177212,0,602931200,0,602931200,0,678108860,0,2300,2300,1617203211,15,1617203211,15,2080,3797365140,15,2769682368,0,0,0,0,0
1788097993731|1001|formal_primary_1800s|fixed|450,1378943233,16781056,1363471952,1361461056,1363471952,1361461056,1363471952,1361461056,2461215,2454282,1229452,1227141,0,0,0,0,4294967295,4294967295,4096,4096,0,0,1229452,1229452,3436582697,3436582697,3436582705,3436582705,0,0,0,0,0,0,0,0,4096,256,131072,4,15|5,0,1800000000,262144,6867,0,0,0,0,18504,0,18488,0,2314,2311,0,1,18504,0|452,4151246248,16,605834052,0,605814784,0,605814784,0,681246789,0,2311,2311,1908651139,15,1908651139,15,2080,4171865841,15,2782153219,0,0,0,0,0
1788097993731|1001|formal_primary_1800s|rotating|450,1378943233,33558272,1363517534,1361506653,0,0,0,0,0,0,0,0,0,0,1229493,1227182,0,0,0,0,0,0,0,0,0,0,0,0,0,0,0,0,0,0,0,0,4096,256,131072,4,15|4,0,1800000000,262144,6867,0,0,0,0,18504,0,18488,0,2314,2311,0,1,18504,0|452,3470158250,16,605858752,0,605814784,0,605814784,0,681121849,0,2311,2311,1910143818,15,1910143818,15,2080,4100678666,15,2782916345,0,0,0,0,0
1788097998732|1001|formal_primary_1800s|fixed|452,1378943233,16780339,1369506792,1367486925,1369506792,1367486925,1369506792,1367486925,2472114,2465150,1234895,1232574,0,0,0,0,4294967295,4294967295,4096,4096,0,0,1234896,1234896,3757084156,3757084161,3757084164,3757084169,0,0,0,0,0,0,0,0,4096,256,131072,4,15|4,0,1800000000,262144,6867,0,0,0,0,18584,0,18568,0,2324,2321,0,1,18584,0|454,176471641,17,608527616,0,608436224,0,608436224,0,684274215,0,2321,2321,2203794592,15,2203794592,15,2080,181852213,16,2794182339,0,0,0,0,0
1788097998732|1001|formal_primary_1800s|rotating|452,1378943233,33558272,1369574972,1367555145,0,0,0,0,0,0,0,0,0,0,1234957,1232636,0,0,0,0,0,0,0,0,0,0,0,0,0,0,0,0,0,0,0,0,4096,256,131072,4,15|4,0,1800000000,262144,6867,0,0,0,0,18584,0,18568,0,2324,2321,0,1,18584,0|454,3790060745,16,608549352,0,608436224,0,608436224,0,684145845,0,2321,2321,2204989277,15,2204989277,15,2080,110053829,16,2794950802,0,0,0,0,0
1788098003745|1001|formal_primary_1800s|fixed|454,1378943233,16780339,1375592698,1373562569,1375592698,1373562569,1375592698,1373562569,2483104,2476110,1240385,1238054,0,0,0,0,4294967295,4294967295,4096,4096,0,0,1240386,1240386,4078611982,4078611979,4078611990,4078611987,0,0,0,0,0,0,0,0,4096,256,131072,4,15|4,0,1800000000,262144,6867,0,0,0,0,18664,0,18648,0,2334,2331,0,1,18664,0|456,497882797,17,611231552,0,611057664,0,611057664,0,687313661,0,2331,2331,2500152269,15,2500152269,15,2080,488024233,16,2806211608,0,0,0,0,0
1788098003745|1001|formal_primary_1800s|rotating|454,1378943233,33558272,1375671296,1373641048,0,0,0,0,0,0,0,0,0,0,1240456,1238125,0,0,0,0,0,0,0,0,0,0,0,0,0,0,0,0,0,0,0,0,4096,256,131072,4,15|4,0,1800000000,262144,6867,0,0,0,0,18664,0,18648,0,2334,2331,0,1,18664,0|456,4112166532,16,611259712,0,611057664,0,611057664,0,687191192,0,2331,2331,2502034459,15,2502034459,15,2080,416599418,16,2806983855,0,0,0,0,0
1788098008748|1001|formal_primary_1800s|fixed|456,1378943233,16780339,1381640398,1379601710,1381640398,1379601710,1381640398,1379601710,2494020,2486996,1245838,1243497,0,0,0,0,4294967295,4294967295,4096,4096,0,0,1245839,1245839,103122298,103122287,103122306,103122295,0,0,0,0,0,0,0,0,4096,256,131072,4,15|4,0,1800000000,262144,6867,0,0,0,0,18744,0,18728,0,2344,2341,0,1,18744,0|458,817173291,17,613917212,0,613679104,0,613679104,0,690333286,0,2341,2341,2794395063,15,2794395063,15,2080,792075928,16,2818240543,0,0,0,0,0
1788098008748|1001|formal_primary_1800s|rotating|456,1378943233,33555404,1381719549,1379680735,0,0,0,0,0,0,0,0,0,0,1245909,1243568,0,0,0,0,0,0,0,0,0,0,0,0,0,0,0,0,0,0,0,0,4096,256,131072,4,15|4,0,1800000000,262144,6867,0,0,0,0,18748,0,18736,0,2345,2342,0,1,18748,0|458,137358882,17,613941248,0,613941248,0,613941248,0,690213578,0,2342,2342,2795801542,15,2795801542,15,2048,720744487,16,2819441813,0,0,0,0,0
1788098013759|1001|formal_primary_1800s|fixed|458,1378943233,16781056,1387682982,1385634564,1387682982,1385634564,1387682982,1385634564,2504927,2497870,1251287,1248935,0,0,0,0,4294967295,4294967295,4096,4096,0,0,1251287,1251287,423877256,423877581,423877264,423877589,0,0,0,0,0,0,0,0,4096,256,131072,4,15|4,0,1800000000,262144,6867,0,0,0,0,18832,0,18816,0,2355,2352,0,1,18832,0|460,1137974800,17,616601716,0,616562688,0,616562688,0,693352750,0,2352,2352,3087716619,15,3087716619,15,2080,1096115327,16,2831471764,0,0,0,0,0
1788098013759|1001|formal_primary_1800s|rotating|458,1378943233,33555404,1387762413,1385713980,0,0,0,0,0,0,0,0,0,0,1251358,1249006,0,0,0,0,0,0,0,0,0,0,0,0,0,0,0,0,0,0,0,0,4096,256,131072,4,15|4,0,1800000000,262144,6867,0,0,0,0,18832,0,18816,0,2355,2352,0,1,18832,0|460,458347073,17,616639260,0,616562688,0,616562688,0,693239531,0,2352,2352,3090632702,15,3090632702,15,2080,1025076805,16,2832253731,0,0,0,0,0
1788098018773|1001|formal_primary_1800s|fixed|460,1378943233,16780339,1393757780,1391701161,1393757780,1391701161,1393757780,1391701161,2515889,2508802,1256762,1254400,0,0,0,0,4294967295,4294967295,4096,4096,0,0,1256763,1256763,744610598,744610579,744610606,744610587,0,0,0,0,0,0,0,0,4096,256,131072,4,15|4,0,1800000000,262144,6867,0,0,0,0,18912,0,18896,0,2365,2362,0,1,18912,0|462,1458894690,17,619301700,0,619184128,0,619184128,0,696390055,0,2362,2362,3383580486,15,3383580486,15,2080,1401796399,16,2843500691,0,0,0,0,0
1788098018773|1001|formal_primary_1800s|rotating|460,1378943233,33555404,1393834074,1391777521,0,0,0,0,0,0,0,0,0,0,1256830,1254468,0,0,0,0,0,0,0,0,0,0,0,0,0,0,0,0,0,0,0,0,4096,256,131072,4,15|4,0,1800000000,262144,6867,0,0,0,0,18912,0,18896,0,2365,2362,0,1,18912,0|462,778324361,17,619330848,0,619184128,0,619184128,0,696266637,0,2362,2362,3385557533,15,3385557533,15,2080,1329493499,16,2844283362,0,0,0,0,0
1788098023782|1001|formal_primary_1800s|fixed|462,1378943233,16781056,1399826393,1397759936,1399826393,1397759936,1399826393,1397759936,2526843,2519726,1262235,1259863,0,0,0,0,4294967295,4294967295,4096,4096,0,0,1262235,1262235,1065175992,1065176317,1065176000,1065176325,0,0,0,0,0,0,0,0,4096,256,131072,4,15|4,0,1800000000,262144,6867,0,0,0,0,18992,0,18976,0,2375,2372,0,1,18992,0|464,1779578546,17,621999712,0,621805568,0,621805568,0,699422878,0,2372,2372,3679213757,15,3679213757,15,2080,1707241434,16,2855529630,0,0,0,0,0
1788098023782|1001|formal_primary_1800s|rotating|462,1378943233,33555404,1399901680,1397835188,0,0,0,0,0,0,0,0,0,0,1262302,1259930,0,0,0,0,0,0,0,0,0,0,0,0,0,0,0,0,0,0,0,0,4096,256,131072,4,15|4,0,1800000000,262144,6867,0,0,0,0,18992,0,18976,0,2375,2372,0,1,18992,0|464,1099327297,17,622031440,0,621805568,0,621805568,0,699302131,0,2372,2372,3681503035,15,3681503035,15,2080,1634938057,16,2856315668,0,0,0,0,0
1788098028792|1001|formal_primary_1800s|fixed|464,1378943233,16780339,1405905087,1403828975,1405905087,1403828975,1405905087,1403828975,2537809,2530662,1267712,1265330,0,0,0,0,4294967295,4294967295,4096,4096,0,0,1267713,1267713,1386039338,1386039335,1386039346,1386039343,0,0,0,0,0,0,0,0,4096,256,131072,4,15|4,0,1800000000,262144,6867,0,0,0,0,19072,0,19056,0,2385,2382,0,1,19072,0|466,2100255569,17,624689152,0,624689152,0,624689152,0,702456750,0,2383,2383,3973893125,15,3973893125,15,2048,2012649075,16,2867589103,0,0,0,0,0
1788098028792|1001|formal_primary_1800s|rotating|464,1378943233,33558272,1405951914,1403875087,0,0,0,0,0,0,0,0,0,0,1267756,1265373,0,0,0,0,0,0,0,0,0,0,0,0,0,0,0,0,0,0,0,0,4096,256,131072,4,15|5,0,1800000000,262144,6867,0,0,0,0,19080,0,19064,0,2386,2383,0,1,19080,0|466,1419213785,17,624707924,0,624689152,0,624689152,0,702312559,0,2383,2383,3973903716,15,3973903716,15,2080,1937709545,16,2869547439,0,0,0,0,0
1788098033800|1001|formal_primary_1800s|fixed|466,1378943233,16780339,1411935695,1409850447,1411935695,1409850447,1411935695,1409850447,2548702,2541522,1273153,1270760,0,0,0,0,4294967295,4294967295,4096,4096,0,0,1273154,1273154,1706371119,1706371084,1706371103,1706371100,0,0,0,0,0,0,0,0,4096,256,131072,4,15|4,0,1800000000,262144,6867,0,0,0,0,19160,0,19144,0,2396,2393,0,1,19160,0|468,2419923756,17,627371848,0,627310592,0,627310592,0,705464445,0,2393,2393,4267021514,15,4267021514,15,2080,2315585628,16,2880789834,0,0,0,0,0
1788098033800|1001|formal_primary_1800s|rotating|466,1378943233,33555404,1411986549,1409901332,0,0,0,0,0,0,0,0,0,0,1273199,1270806,0,0,0,0,0,0,0,0,0,0,0,0,0,0,0,0,0,0,0,0,4096,256,131072,4,15|4,0,1800000000,262144,6867,0,0,0,0,19160,0,19144,0,2396,2393,0,1,19160,0|468,1738774634,17,627396056,0,627310592,0,627310592,0,705333122,0,2393,2393,4268411931,15,4268411931,15,2080,2241713164,16,2881578119,0,0,0,0,0
1788098038811|1001|formal_primary_1800s|fixed|468,1378943233,16781056,1418005454,1415910995,1418005454,1415910995,1418005454,1415910995,2559662,2552452,1278629,1276226,0,0,0,0,4294967295,4294967295,4096,4096,0,0,1278629,1278629,2027089188,2027089521,2027089196,2027089529,0,0,0,0,0,0,0,0,4096,256,131072,4,15|4,0,1800000000,262144,6867,0,0,0,0,19240,0,19224,0,2406,2403,0,1,19240,0|470,2741526335,17,630078256,0,629932032,0,629932032,0,708505824,0,2403,2403,268601032,16,268601032,16,2080,2621950045,16,2892818126,0,0,0,0,0
1788098038811|1001|formal_primary_1800s|rotating|468,1378943233,33555404,1418080802,1415986168,0,0,0,0,0,0,0,0,0,0,1278696,1276293,0,0,0,0,0,0,0,0,0,0,0,0,0,0,0,0,0,0,0,0,4096,256,131072,4,15|4,0,1800000000,262144,6867,0,0,0,0,19240,0,19224,0,2406,2403,0,1,19240,0|470,2060609510,17,630103944,0,629932032,0,629932032,0,708376314,0,2403,2403,270222574,16,270222574,16,2080,2547988247,16,2893608150,0,0,0,0,0
1788098043813|1001|formal_primary_1800s|fixed|470,1378943233,16781056,1424068039,1421965534,1424068039,1421965534,1424068039,1421965534,2570602,2563362,1284094,1281681,0,0,0,0,4294967295,4294967295,4096,4096,0,0,1284094,1284094,2347236948,2347237289,2347236956,2347237297,0,0,0,0,0,0,0,0,4096,256,131072,4,15|4,0,1800000000,262144,6867,0,0,0,0,19320,0,19304,0,2416,2413,0,1,19320,0|472,3061552642,17,632769844,0,632553472,0,632553472,0,711533860,0,2413,2413,563576583,16,563576583,16,2080,2926737090,16,2904847547,0,0,0,0,0
1788098043813|1001|formal_primary_1800s|rotating|470,1378943233,33555404,1424144589,1422042218,0,0,0,0,0,0,0,0,0,0,1284162,1281749,0,0,0,0,0,0,0,0,0,0,0,0,0,0,0,0,0,0,0,0,4096,256,131072,4,15|4,0,1800000000,262144,6867,0,0,0,0,19320,0,19304,0,2416,2413,0,1,19320,0|472,2380982795,17,632798992,0,632553472,0,632553472,0,711406993,0,2413,2413,565542538,16,565542538,16,2080,2852804548,16,2905637778,0,0,0,0,0
1788098048826|1001|formal_primary_1800s|fixed|472,1378943233,16781056,1430141077,1428029142,1430141077,1428029142,1430141077,1428029142,2581560,2574288,1289568,1287144,0,0,0,0,4294967295,4294967295,4096,4096,0,0,1289568,1289568,2667876939,2667876939,2667876947,2667876947,0,0,0,0,0,0,0,0,4096,256,131072,4,15|5,0,1800000000,262144,6867,0,0,0,0,19408,0,19392,0,2427,2424,0,1,19408,0|474,3382616826,17,635456816,0,635437056,0,635437056,0,714556977,0,2424,2424,857149492,16,857149492,16,2080,3231038505,16,2918079460,0,0,0,0,0
1788098048826|1001|formal_primary_1800s|rotating|472,1378943233,33555404,1430184803,1428072874,0,0,0,0,0,0,0,0,0,0,1289607,1287183,0,0,0,0,0,0,0,0,0,0,0,0,0,0,0,0,0,0,0,0,4096,256,131072,4,15|4,0,1800000000,262144,6867,0,0,0,0,19408,0,19392,0,2427,2424,0,1,19408,0|474,2701439321,17,635480528,0,635437056,0,635437056,0,714423385,0,2424,2424,858510524,16,858510524,16,2080,3156143445,16,2918870990,0,0,0,0,0
1788098053838|1001|formal_primary_1800s|fixed|474,1378943233,16780339,1436190553,1434069715,1436190553,1434069715,1436190553,1434069715,2592477,2585174,1295021,1292587,0,0,0,0,4294967295,4294967295,4096,4096,0,0,1295021,1295021,2988892435,2988892776,2988892443,2988892784,0,0,0,0,0,0,0,0,4096,256,131072,4,15|4,0,1800000000,262144,6867,0,0,0,0,19488,0,19472,0,2437,2434,0,1,19488,0|476,3703157301,17,638153344,0,638058496,0,638058496,0,717590098,0,2434,2434,1152638035,16,1152638035,16,2080,3536340231,16,2930108361,0,0,0,0,0
1788098053838|1001|formal_primary_1800s|rotating|474,1378943233,33555404,1436263766,1434142890,0,0,0,0,0,0,0,0,0,0,1295086,1292652,0,0,0,0,0,0,0,0,0,0,0,0,0,0,0,0,0,0,0,0,4096,256,131072,4,15|4,0,1800000000,262144,6867,0,0,0,0,19488,0,19472,0,2437,2434,0,1,19488,0|476,3022575328,17,638182492,0,638058496,0,638058496,0,717461753,0,2434,2434,1154591430,16,1154591430,16,2080,3461721969,16,2930900671,0,0,0,0,0
1788098058847|1001|formal_primary_1800s|fixed|476,1378943233,16780339,1442267940,1440137429,1442267940,1440137429,1442267940,1440137429,2603438,2596105,1300496,1298052,0,0,0,0,4294967295,4294967295,4096,4096,0,0,1300497,1300497,3309616238,3309616219,3309616246,3309616227,0,0,0,0,0,0,0,0,4096,256,131072,4,15|4,0,1800000000,262144,6867,0,0,0,0,19568,0,19552,0,2447,2444,0,1,19568,0|478,4023713980,17,640850368,0,640679936,0,640679936,0,720624692,0,2444,2444,1448142214,16,1448142214,16,2080,3841658429,16,2942136950,0,0,0,0,0
1788098058847|1001|formal_primary_1800s|rotating|476,1378943233,33558272,1442339162,1440208612,0,0,0,0,0,0,0,0,0,0,1300560,1298116,0,0,0,0,0,0,0,0,0,0,0,0,0,0,0,0,0,0,0,0,4096,256,131072,4,15|4,0,1800000000,262144,6867,0,0,0,0,19568,0,19552,0,2447,2444,0,1,19568,0|478,3342803969,17,640876548,0,640679936,0,640679936,0,720492681,0,2444,2444,1449767801,16,1449767801,16,2080,3766393264,16,2942929487,0,0,0,0,0
1788098063849|1001|formal_primary_1800s|fixed|478,1378943233,16780339,1448326249,1446186498,1448326249,1446186498,1448326249,1446186498,2614379,2607016,1305961,1303507,0,0,0,0,4294967295,4294967295,4096,4096,0,0,1305962,1305962,3629798119,3629798084,3629798127,3629798100,0,0,0,0,0,0,0,0,4096,256,131072,4,15|4,0,1800000000,262144,6867,0,0,0,0,19648,0,19632,0,2457,2454,0,1,19648,0|480,48974585,18,643543932,0,643301376,0,643301376,0,723651887,0,2454,2454,1743320280,16,1743320280,16,2080,4146648161,16,2954165225,0,0,0,0,0
1788098063849|1001|formal_primary_1800s|rotating|478,1378943233,33555404,1448413804,1446274090,0,0,0,0,0,0,0,0,0,0,1306040,1303586,0,0,0,0,0,0,0,0,0,0,0,0,0,0,0,0,0,0,0,0,4096,256,131072,4,15|4,0,1800000000,262144,6867,0,0,0,0,19652,0,19640,0,2458,2455,0,1,19652,0|480,3664284857,17,643563520,0,643563520,0,643563520,0,723519697,0,2455,2455,1744187781,16,1744187781,16,2080,4071190684,16,2956054401,0,0,0,0,0
1788098068863|1001|formal_primary_1800s|fixed|480,1378943233,16780339,1454358442,1452208704,1454358442,1452208704,1454358442,1452208704,2625286,2617890,1311410,1308945,0,0,0,0,4294967295,4294967295,4096,4096,0,0,1311410,1311410,3950526254,3950526595,3950526262,3950526603,0,0,0,0,0,0,0,0,4096,256,131072,4,15|4,0,1800000000,262144,6867,0,0,0,0,19736,0,19720,0,2468,2465,0,1,19736,0|482,369851396,18,646229420,0,646184960,0,646184960,0,726666935,0,2465,2465,2036709458,16,2036709458,16,2080,155795598,17,2967396444,0,0,0,0,0
1788098068863|1001|formal_primary_1800s|rotating|480,1378943233,33555404,1454434942,1452285195,0,0,0,0,0,0,0,0,0,0,1311478,1309013,0,0,0,0,0,0,0,0,0,0,0,0,0,0,0,0,0,0,0,0,4096,256,131072,4,15|4,0,1800000000,262144,6867,0,0,0,0,19736,0,19720,0,2468,2465,0,1,19736,0|482,3984275602,17,646258568,0,646184960,0,646184960,0,726537290,0,2465,2465,2038694717,16,2038694717,16,2080,80224389,17,2968193793,0,0,0,0,0
1788098073868|1001|formal_primary_1800s|fixed|482,1378943233,16781056,1460419155,1458261159,1460419155,1458261159,1460419155,1458261159,2636232,2628806,1316878,1314403,0,0,0,0,4294967295,4294967295,4096,4096,0,0,1316878,1316878,4270841275,4270841616,4270841283,4270841624,0,0,0,0,0,0,0,0,4096,256,131072,4,15|4,0,1800000000,262144,6867,0,0,0,0,19816,0,19800,0,2478,2475,0,1,19816,0|484,690120244,18,648923480,0,648806400,0,648806400,0,729694825,0,2475,2475,2331926641,16,2331926641,16,2080,460825261,17,2979425748,0,0,0,0,0
1788098073868|1001|formal_primary_1800s|rotating|482,1378943233,33555404,1460494582,1458336483,0,0,0,0,0,0,0,0,0,0,1316945,1314470,0,0,0,0,0,0,0,0,0,0,0,0,0,0,0,0,0,0,0,0,4096,256,131072,4,15|4,0,1800000000,262144,6867,0,0,0,0,19816,0,19800,0,2478,2475,0,1,19816,0|484,9423739,18,648951636,0,648806400,0,648806400,0,729562975,0,2475,2475,2333754964,16,2333754964,16,2080,384780118,17,2980225775,0,0,0,0,0
1788098078869|1001|formal_primary_1800s|fixed|484,1378943233,16780339,1466476141,1464309831,1466476141,1464309831,1466476141,1464309831,2647170,2639714,1322341,1319856,0,0,0,0,4294967295,4294967295,4096,4096,0,0,1322342,1322342,295950188,295950201,295950196,295950193,0,0,0,0,0,0,0,0,4096,256,131072,4,15|4,0,1800000000,262144,6867,0,0,0,0,19896,0,19880,0,2488,2485,0,1,19896,0|486,1010201659,18,651616056,0,651427840,0,651427840,0,732721293,0,2485,2485,2626955313,16,2626955313,16,2080,765667403,17,2991455101,0,0,0,0,0
1788098078869|1001|formal_primary_1800s|rotating|484,1378943233,33555404,1466551932,1464385714,0,0,0,0,0,0,0,0,0,0,1322409,1319924,0,0,0,0,0,0,0,0,0,0,0,0,0,0,0,0,0,0,0,0,4096,256,131072,4,15|4,0,1800000000,262144,6867,0,0,0,0,19896,0,19880,0,2488,2485,0,1,19896,0|486,329582036,18,651644708,0,651427840,0,651427840,0,732589332,0,2485,2485,2628859046,16,2628859046,16,2080,689378316,17,2992256825,0,0,0,0,0
1788098083875|1001|formal_primary_1800s|fixed|486,1378943233,16781056,1472558973,1470384084,1472558973,1470384084,1472558973,1470384084,2658158,2650672,1327831,1325336,0,0,0,0,4294967295,4294967295,4096,4096,0,0,1327831,1327831,617452106,617452455,617452114,617452463,0,0,0,0,0,0,0,0,4096,256,131072,4,15|4,0,1800000000,262144,6867,0,0,0,0,19976,0,19960,0,2498,2495,0,1,19976,0|488,1331498226,18,654311424,0,654311424,0,654311424,0,735757812,0,2496,2496,2922302186,16,2922302186,16,2048,1071725151,17,3003484113,0,0,0,0,0
1788098083875|1001|formal_primary_1800s|rotating|486,1378943233,33558272,1472620113,1470444341,0,0,0,0,0,0,0,0,0,0,1327887,1325391,0,0,0,0,0,0,0,0,0,0,0,0,0,0,0,0,0,0,0,0,4096,256,131072,4,15|4,0,1800000000,262144,6867,0,0,0,0,19984,0,19968,0,2499,2496,0,1,19984,0|488,651496339,18,654339088,0,654311424,0,654311424,0,735616104,0,2496,2496,2923282392,16,2923282392,16,2080,994177000,17,3005489213,0,0,0,0,0
1788098088881|1001|formal_primary_1800s|fixed|488,1378943233,16780578,1478573151,1476388149,1478573151,1476388149,1478573151,1476388149,2669021,2661502,1333257,1330751,0,0,0,0,4294967295,4294967295,4096,4096,0,0,1333257,1333257,936952182,936952523,936952190,936952531,0,0,0,0,0,0,0,0,4096,256,131072,4,15|4,0,1800000000,262144,6867,0,0,0,0,20064,0,20048,0,2509,2506,0,1,20064,0|490,1651188492,18,656994120,0,656932864,0,656932864,0,738764790,0,2506,2506,3215402412,16,3215402412,16,2080,1374652568,17,3016716100,0,0,0,0,0
1788098088881|1001|formal_primary_1800s|rotating|488,1378943233,33555404,1478641130,1476456172,0,0,0,0,0,0,0,0,0,0,1333318,1330812,0,0,0,0,0,0,0,0,0,0,0,0,0,0,0,0,0,0,0,0,4096,256,131072,4,15|4,0,1800000000,262144,6867,0,0,0,0,20064,0,20048,0,2509,2506,0,1,20064,0|490,970199776,18,657019316,0,656932864,0,656932864,0,738627806,0,2506,2506,3216934375,16,3216934375,16,2080,1297322213,17,3017520678,0,0,0,0,0
1788098093906|1001|formal_primary_1800s|fixed|490,1378943233,16780339,1484657677,1482465404,1484657677,1482465404,1484657677,1482465404,2680006,2672457,1338744,1336228,0,0,0,0,4294967295,4294967295,4096,4096,0,0,1338745,1338745,1258349503,1258349516,1258349511,1258349524,0,0,0,0,0,0,0,0,4096,256,131072,4,15|4,0,1800000000,262144,6867,0,0,0,0,20144,0,20128,0,2519,2516,0,1,20144,0|492,1972563735,18,659698060,0,659554304,0,659554304,0,741805265,0,2516,2516,3511728016,16,3511728016,16,2080,1680788592,17,3028745424,0,0,0,0,0
1788098093906|1001|formal_primary_1800s|rotating|490,1378943233,33555404,1484735309,1482542999,0,0,0,0,0,0,0,0,0,0,1338814,1336298,0,0,0,0,0,0,0,0,0,0,0,0,0,0,0,0,0,0,0,0,4096,256,131072,4,15|4,0,1800000000,262144,6867,0,0,0,0,20144,0,20128,0,2519,2516,0,1,20144,0|492,1292763664,18,659734120,0,659554304,0,659554304,0,741679606,0,2516,2516,3514433394,16,3514433394,16,2080,1604326668,17,3029556924,0,0,0,0,0
1788098098907|1001|formal_primary_1800s|fixed|492,1378943233,16780339,1490724804,1488523207,1490724804,1488523207,1490724804,1488523207,2690951,2683372,1344211,1341685,0,0,0,0,4294967295,4294967295,4096,4096,0,0,1344212,1344212,1578638850,1578638831,1578638858,1578638839,0,0,0,0,0,0,0,0,4096,256,131072,4,15|4,0,1800000000,262144,6867,0,0,0,0,20224,0,20208,0,2529,2526,0,1,20224,0|494,2291905622,18,662384212,0,662175744,0,662175744,0,744827015,0,2526,2526,3806017458,16,3806017458,16,2080,1984891262,17,3040774741,0,0,0,0,0
1788098098907|1001|formal_primary_1800s|rotating|492,1378943233,33555404,1490775873,1488574268,0,0,0,0,0,0,0,0,0,0,1344258,1341732,0,0,0,0,0,0,0,0,0,0,0,0,0,0,0,0,0,0,0,0,4096,256,131072,4,15|4,0,1800000000,262144,6867,0,0,0,0,20224,0,20208,0,2529,2526,0,1,20224,0|494,1611044425,18,662410396,0,662175744,0,662175744,0,744689875,0,2526,2526,3807667562,16,3807667562,16,2080,1907049391,17,3041584526,0,0,0,0,0
1788098103910|1001|formal_primary_1800s|fixed|494,1378943233,16780578,1496786064,1494573708,1496786064,1494573708,1496786064,1494573708,2701885,2694276,1349674,1347138,0,0,0,0,4294967295,4294967295,4096,4096,0,0,1349674,1349674,1898622220,1898622537,1898622228,1898622545,0,0,0,0,0,0,0,0,4096,256,131072,4,15|4,0,1800000000,262144,6867,0,0,0,0,20312,0,20296,0,2540,2537,0,1,20312,0|496,2612824411,18,665069704,0,665059328,0,665059328,0,747848262,0,2537,2537,4099452602,16,4099452602,16,2080,2289047176,17,3054006699,0,0,0,0,0
1788098103910|1001|formal_primary_1800s|rotating|494,1378943233,33555404,1496830020,1494616847,0,0,0,0,0,0,0,0,0,0,1349714,1347177,0,0,0,0,0,0,0,0,0,0,0,0,0,0,0,0,0,0,0,0,4096,256,131072,4,15|4,0,1800000000,262144,6867,0,0,0,0,20312,0,20296,0,2540,2537,0,1,20312,0|496,1932743816,18,665103296,0,665059328,0,665059328,0,747718740,0,2537,2537,4101871274,16,4101871274,16,2080,2211634219,17,3054822054,0,0,0,0,0
1788098108922|1001|formal_primary_1800s|fixed|496,1378943233,16780339,1502829074,1500607959,1502829074,1500607959,1502829074,1500607959,2712796,2705154,1355123,1352576,0,0,0,0,4294967295,4294967295,4096,4096,0,0,1355124,1355124,2219452087,2219452132,2219452095,2219452108,0,0,0,0,0,0,0,0,4096,256,131072,4,15|4,0,1800000000,262144,6867,0,0,0,0,20392,0,20376,0,2550,2547,0,1,20392,0|498,2932813530,18,667761292,0,667680768,0,667680768,0,750875150,0,2547,2547,99423615,17,99423615,17,2080,2593797365,17,3066035749,0,0,0,0,0
1788098108922|1001|formal_primary_1800s|rotating|496,1378943233,33558272,1502882511,1500661520,0,0,0,0,0,0,0,0,0,0,1355172,1352625,0,0,0,0,0,0,0,0,0,0,0,0,0,0,0,0,0,0,0,0,4096,256,131072,4,15|4,0,1800000000,262144,6867,0,0,0,0,20392,0,20376,0,2550,2547,0,1,20392,0|498,2251603693,18,667784508,0,667680768,0,667680768,0,750733468,0,2547,2547,100711279,17,100711279,17,2080,2514934016,17,3066854376,0,0,0,0,0
1788098113933|1001|formal_primary_1800s|fixed|498,1378943233,16780339,1508902428,1506673515,1508902428,1506673515,1508902428,1506673515,2723756,2716084,1360598,1358041,0,0,0,0,4294967295,4294967295,4096,4096,0,0,1360599,1360599,2540134210,2540134231,2540134226,2540134239,0,0,0,0,0,0,0,0,4096,256,131072,4,15|4,0,1800000000,262144,6867,0,0,0,0,20472,0,20456,0,2560,2557,0,1,20472,0|500,3254431897,18,670467700,0,670302208,0,670302208,0,753919429,0,2557,2557,395988760,17,395988760,17,2080,2900176869,17,3078064735,0,0,0,0,0
1788098113933|1001|formal_primary_1800s|rotating|498,1378943233,33555404,1508974342,1506745232,0,0,0,0,0,0,0,0,0,0,1360662,1358105,0,0,0,0,0,0,0,0,0,0,0,0,0,0,0,0,0,0,0,0,4096,256,131072,4,15|4,0,1800000000,262144,6867,0,0,0,0,20472,0,20456,0,2560,2557,0,1,20472,0|500,2573718619,18,670495364,0,670302208,0,670302208,0,753781728,0,2557,2557,397767947,17,397767947,17,2080,2821491814,17,3078885008,0,0,0,0,0
1788098118936|1001|formal_primary_1800s|fixed|500,1378943233,16780339,1514959399,1512721526,1514959399,1512721526,1514959399,1512721526,2734698,2726996,1366064,1363497,0,0,0,0,4294967295,4294967295,4096,4096,0,0,1366065,1366065,2860355867,2860355832,2860355835,2860355840,0,0,0,0,0,0,0,0,4096,256,131072,4,15|4,0,1800000000,262144,6867,0,0,0,0,20552,0,20536,0,2570,2567,0,1,20552,0|502,3574676009,18,673161264,0,672923648,0,672923648,0,756945671,0,2567,2567,691183835,17,691183835,17,2080,3205181796,17,3090094046,0,0,0,0,0
1788098118936|1001|formal_primary_1800s|rotating|500,1378943233,33555404,1515035954,1512798156,0,0,0,0,0,0,0,0,0,0,1366133,1363566,0,0,0,0,0,0,0,0,0,0,0,0,0,0,0,0,0,0,0,0,4096,256,131072,4,15|4,0,1800000000,262144,6867,0,0,0,0,20552,0,20536,0,2570,2567,0,1,20552,0|502,2893906320,18,673185792,0,672923648,0,672923648,0,756806932,0,2568,2567,692566673,17,692566673,17,2048,3126119717,17,3090919588,0,0,0,0,0
1788098123940|1001|formal_primary_1800s|fixed|502,1378943233,16780339,1520987600,1518738810,1520987600,1518738810,1520987600,1518738810,2745589,2737854,1371504,1368926,0,0,0,0,4294967295,4294967295,4096,4096,0,0,1371505,1371505,3180620535,3180620548,3180620543,3180620556,0,0,0,0,0,0,0,0,4096,256,131072,4,15|4,0,1800000000,262144,6867,0,0,0,0,20640,0,20624,0,2581,2578,0,1,20640,0|504,3895703339,18,675848236,0,675807232,0,675807232,0,759964920,0,2578,2578,984730550,17,984730550,17,2080,3509446302,17,3103325944,0,0,0,0,0
1788098123940|1001|formal_primary_1800s|rotating|502,1378943233,33558272,1521083176,1518834390,0,0,0,0,0,0,0,0,0,0,1371590,1369012,0,0,0,0,0,0,0,0,0,0,0,0,0,0,0,0,0,0,0,0,4096,256,131072,4,15|4,0,1800000000,262144,6867,0,0,0,0,20640,0,20624,0,2581,2578,0,1,20640,0|504,3216011768,18,675884792,0,675807232,0,675807232,0,759836098,0,2578,2578,987502863,17,987502863,17,2080,3431110039,17,3104161048,0,0,0,0,0
1788098128940|1001|formal_primary_1800s|fixed|504,1378943233,16780339,1527049923,1524794714,1527049923,1524794714,1527049923,1524794714,2756531,2748766,1376970,1374382,0,0,0,0,4294967295,4294967295,4096,4096,0,0,1376971,1376971,3500840171,3500840176,3500840179,3500840144,0,0,0,0,0,0,0,0,4096,256,131072,4,15|4,0,1800000000,262144,6867,0,0,0,0,20720,0,20704,0,2591,2588,0,1,20720,0|506,4215107593,18,678534388,0,678428672,0,678428672,0,762986153,0,2588,2588,1279085143,17,1279085143,17,2080,3813611388,17,3115355276,0,0,0,0,0
1788098128940|1001|formal_primary_1800s|rotating|504,1378943233,33555404,1527118749,1524863556,0,0,0,0,0,0,0,0,0,0,1377032,1374444,0,0,0,0,0,0,0,0,0,0,0,0,0,0,0,0,0,0,0,0,4096,256,131072,4,15|4,0,1800000000,262144,6867,0,0,0,0,20720,0,20704,0,2591,2588,0,1,20720,0|506,3534058954,18,678559320,0,678428672,0,678428672,0,762843190,0,2588,2588,1280499004,17,1280499004,17,2080,3733597031,17,3116193537,0,0,0,0,0
1788098133940|1001|formal_primary_1800s|fixed|506,1378943233,16780339,1533110436,1530846448,1533110436,1530846448,1533110436,1530846448,2767465,2759670,1382432,1379834,0,0,0,0,4294967295,4294967295,4096,4096,0,0,1382433,1382433,3820809367,3820809348,3820809375,3820809356,0,0,0,0,0,0,0,0,4096,256,131072,4,15|4,0,1800000000,262144,6867,0,0,0,0,20800,0,20784,0,2601,2598,0,1,20800,0|508,240092677,19,681225976,0,681050112,0,681050112,0,766014105,0,2598,2598,1573989311,17,1573989311,17,2080,4118325306,17,3127383867,0,0,0,0,0
1788098133940|1001|formal_primary_1800s|rotating|506,1378943233,33555404,1533178928,1530914938,0,0,0,0,0,0,0,0,0,0,1382493,1379895,0,0,0,0,0,0,0,0,0,0,0,0,0,0,0,0,0,0,0,0,4096,256,131072,4,15|4,0,1800000000,262144,6867,0,0,0,0,20800,0,20784,0,2601,2598,0,1,20800,0|508,3854094283,18,681251312,0,681050112,0,681050112,0,765871528,0,2598,2598,1575479556,17,1575479556,17,2080,4038074904,17,3128225363,0,0,0,0,0
1788098138942|1001|formal_primary_1800s|fixed|508,1378943233,16781056,1539172586,1536900696,1539172586,1536900696,1539172586,1536900696,2778405,2770580,1387898,1385290,0,0,0,0,4294967295,4294967295,4096,4096,0,0,1387898,1387898,4140981695,4140982044,4140981703,4140982052,0,0,0,0,0,0,0,0,4096,256,131072,4,15|4,0,1800000000,262144,6867,0,0,0,0,20880,0,20864,0,2611,2608,0,1,20880,0|510,560472786,19,683921024,0,683671552,0,683671552,0,769045009,0,2608,2608,1869315639,17,1869315639,17,2074,128498865,18,3139413219,0,0,0,0,0
1788098138942|1001|formal_primary_1800s|rotating|508,1378943233,33555404,1539263604,1536991542,0,0,0,0,0,0,0,0,0,0,1387980,1385372,0,0,0,0,0,0,0,0,0,0,0,0,0,0,0,0,0,0,0,0,4096,256,131072,4,15|4,0,1800000000,262144,6867,0,0,0,0,20884,0,20872,0,2612,2609,0,1,20888,0|510,4175559617,18,683942096,0,683933696,0,683933696,0,768896525,0,2609,2609,1869454020,17,1869454020,17,2080,47458403,18,3141458613,0,0,0,0,0
1788098143945|1001|formal_primary_1800s|fixed|510,1378943233,16780339,1545203148,1542921252,1545203148,1542921252,1545203148,1542921252,2789294,2781436,1393336,1390717,0,0,0,0,4294967295,4294967295,4096,4096,0,0,1393337,1393337,166226640,166226677,166226648,166226693,0,0,0,0,0,0,0,0,4096,256,131072,4,15|4,0,1800000000,262144,6867,0,0,0,0,20968,0,20952,0,2622,2619,0,1,20968,0|512,880248241,19,686596632,0,686555136,0,686555136,0,772053567,0,2619,2619,2161607920,17,2161607920,17,2080,431511473,18,3152645173,0,0,0,0,0
1788098143945|1001|formal_primary_1800s|rotating|510,1378943233,33558272,1545270185,1542988292,0,0,0,0,0,0,0,0,0,0,1393397,1390778,0,0,0,0,0,0,0,0,0,0,0,0,0,0,0,0,0,0,0,0,4096,256,131072,4,15|4,0,1800000000,262144,6867,0,0,0,0,20968,0,20952,0,2622,2619,0,1,20968,0|512,199500098,19,686623904,0,686555136,0,686555136,0,771911870,0,2619,2619,2163308324,17,2163308324,17,2080,350805800,18,3153491669,0,0,0,0,0
1788098148949|1001|formal_primary_1800s|fixed|512,1378943233,16780339,1551280967,1548990706,1551280967,1548990706,1551280967,1548990706,2800262,2792374,1398815,1396186,0,0,0,0,4294967295,4294967295,4096,4096,0,0,1398816,1398816,487139461,487139442,487139429,487139450,0,0,0,0,0,0,0,0,4096,256,131072,4,15|4,0,1800000000,262144,6867,0,0,0,0,21048,0,21032,0,2632,2629,0,1,21048,0|514,1201807440,19,689302052,0,689176576,0,689176576,0,775097008,0,2629,2629,2458114922,17,2458114922,17,2080,737831954,18,3164674001,0,0,0,0,0
1788098148949|1001|formal_primary_1800s|rotating|512,1378943233,33555404,1551362588,1549072399,0,0,0,0,0,0,0,0,0,0,1398888,1396259,0,0,0,0,0,0,0,0,0,0,0,0,0,0,0,0,0,0,0,0,4096,256,131072,4,15|4,0,1800000000,262144,6867,0,0,0,0,21048,0,21032,0,2632,2629,0,1,21048,0|514,522188737,19,689339596,0,689176576,0,689176576,0,774965777,0,2629,2629,2460935885,17,2460935885,17,2080,657936334,18,3165523910,0,0,0,0,0
1788098153952|1001|formal_primary_1800s|fixed|514,1378943233,16781056,1557323816,1555024069,1557323816,1555024069,1557323816,1555024069,2811172,2803254,1404266,1401627,0,0,0,0,4294967295,4294967295,4096,4096,0,0,1404266,1404266,806478426,806478759,806478434,806478767,0,0,0,0,0,0,0,0,4096,256,131072,4,15|4,0,1800000000,262144,6867,0,0,0,0,21128,0,21112,0,2642,2639,0,1,21128,0|516,1520798176,19,691984748,0,691798016,0,691798016,0,778112452,0,2639,2639,2752055409,17,2752055409,17,2080,1041583840,18,3176702956,0,0,0,0,0
1788098153952|1001|formal_primary_1800s|rotating|514,1378943233,33555404,1557398430,1555098710,0,0,0,0,0,0,0,0,0,0,1404333,1401694,0,0,0,0,0,0,0,0,0,0,0,0,0,0,0,0,0,0,0,0,4096,256,131072,4,15|4,0,1800000000,262144,6867,0,0,0,0,21128,0,21112,0,2642,2639,0,1,21128,0|516,840190945,19,692013896,0,691798016,0,691798016,0,777970536,0,2639,2639,2753888739,17,2753888739,17,2080,960378213,18,3177554697,0,0,0,0,0
1788098158955|1001|formal_primary_1800s|fixed|516,1378943233,16781056,1563389605,1561083209,1563389605,1561083209,1563389605,1561083209,2822120,2814172,1409735,1407086,0,0,0,0,4294967295,4294967295,4096,4096,0,0,1409735,1409735,1126848986,1126849311,1126848994,1126849319,0,0,0,0,0,0,0,0,4096,256,131072,4,15|4,0,1800000000,262144,6867,0,0,0,0,21208,0,21192,0,2652,2649,0,1,21208,0|518,1841223409,19,694680288,0,694419456,0,694419456,0,781144158,0,2649,2649,3047428788,17,3047428788,17,2064,1346770158,18,3188731980,0,0,0,0,0
1788098158955|1001|formal_primary_1800s|rotating|516,1378943233,33555404,1563457700,1561151301,0,0,0,0,0,0,0,0,0,0,1409796,1407147,0,0,0,0,0,0,0,0,0,0,0,0,0,0,0,0,0,0,0,0,4096,256,131072,4,15|4,0,1800000000,262144,6867,0,0,0,0,21212,0,21200,0,2653,2650,0,1,21216,0|518,1160085199,19,694690492,0,694681600,0,694681600,0,780980251,0,2650,2650,3046294906,17,3046294906,17,2080,1263159267,18,3190788645,0,0,0,0,0
1788098163963|1001|formal_primary_1800s|fixed|518,1378943233,16780339,1569425407,1567109931,1569425407,1567109931,1569425407,1567109931,2833015,2825034,1415176,1412516,0,0,0,0,4294967295,4294967295,4096,4096,0,0,1415177,1415177,1447235824,1447235821,1447235832,1447235829,0,0,0,0,0,0,0,0,4096,256,131072,4,15|4,0,1800000000,262144,6867,0,0,0,0,21296,0,21280,0,2663,2660,0,1,21296,0|520,2161464662,19,697360344,0,697303040,0,697303040,0,784158393,0,2660,2660,3340190084,17,3340190084,17,2080,1650248814,18,3201963698,0,0,0,0,0
1788098163963|1001|formal_primary_1800s|rotating|518,1378943233,33555404,1569502934,1567187506,0,0,0,0,0,0,0,0,0,0,1415246,1412586,0,0,0,0,0,0,0,0,0,0,0,0,0,0,0,0,0,0,0,0,4096,256,131072,4,15|4,0,1800000000,262144,6867,0,0,0,0,21296,0,21280,0,2663,2660,0,1,21296,0|520,1481669925,19,697395912,0,697303040,0,697303040,0,784023431,0,2660,2660,3342816034,17,3342816034,17,2080,1569183069,18,3202825954,0,0,0,0,0
1788098168992|1001|formal_primary_1800s|fixed|520,1378943233,16780339,1575523869,1573201241,1575523869,1573201241,1575523869,1573201241,2844017,2836006,1420672,1418002,0,0,0,0,4294967295,4294967295,4096,4096,0,0,1420673,1420673,1769116137,1769116134,1769116145,1769116142,0,0,0,0,0,0,0,0,4096,256,131072,4,15|4,0,1800000000,262144,6867,0,0,0,0,21376,0,21360,0,2673,2670,0,1,21376,0|522,2483590108,19,700070704,0,699924480,0,699924480,0,787208334,0,2670,2670,3637261635,17,3637261635,17,2080,1957135723,18,3213992312,0,0,0,0,0
1788098168992|1001|formal_primary_1800s|rotating|520,1378943233,33555404,1575598155,1573275515,0,0,0,0,0,0,0,0,0,0,1420739,1418069,0,0,0,0,0,0,0,0,0,0,0,0,0,0,0,0,0,0,0,0,4096,256,131072,4,15|4,0,1800000000,262144,6867,0,0,0,0,21376,0,21360,0,2673,2670,0,1,21376,0|522,1802481712,19,700094912,0,699924480,0,699924480,0,787059470,0,2670,2670,3638573450,17,3638573450,17,2080,1874438644,18,3214855621,0,0,0,0,0
1788098173998|1001|formal_primary_1800s|fixed|522,1378943233,16781056,1581588088,1579256750,1581588088,1579256750,1581588088,1579256750,2854965,2846924,1426142,1423462,0,0,0,0,4294967295,4294967295,4096,4096,0,0,1426142,1426142,2089488023,2089488372,2089488031,2089488380,0,0,0,0,0,0,0,0,4096,256,131072,4,15|4,0,1800000000,262144,6867,0,0,0,0,21456,0,21440,0,2683,2680,0,1,21456,0|524,2803739129,19,702763776,0,702545920,0,702545920,0,790235874,0,2680,2680,3932361744,17,3932361744,17,2080,2262046062,18,3226021108,0,0,0,0,0
1788098173998|1001|formal_primary_1800s|rotating|522,1378943233,33558272,1581662134,1579330923,0,0,0,0,0,0,0,0,0,0,1426209,1423529,0,0,0,0,0,0,0,0,0,0,0,0,0,0,0,0,0,0,0,0,4096,256,131072,4,15|4,0,1800000000,262144,6867,0,0,0,0,21456,0,21440,0,2683,2680,0,1,21456,0|524,2122990011,19,702791440,0,702545920,0,702545920,0,790089675,0,2680,2680,3934024618,17,3934024618,17,2080,2179388152,18,3226888647,0,0,0,0,0
1788098179002|1001|formal_primary_1800s|fixed|524,1378943233,16780339,1587653408,1585312326,1587653408,1585312326,1587653408,1585312326,2865911,2857840,1431609,1428919,0,0,0,0,4294967295,4294967295,4096,4096,0,0,1431610,1431610,2409801519,2409801500,2409801503,2409801508,0,0,0,0,0,0,0,0,4096,256,131072,4,15|5,0,1800000000,262144,6867,0,0,0,0,21544,0,21528,0,2694,2691,0,1,21544,0|526,3124127982,19,705444820,0,705429504,0,705429504,0,793251059,0,2691,2691,4225262499,17,4225262499,17,2080,2565672312,18,3239252841,0,0,0,0,0
1788098179002|1001|formal_primary_1800s|rotating|524,1378943233,33555404,1587696019,1585354239,0,0,0,0,0,0,0,0,0,0,1431649,1428958,0,0,0,0,0,0,0,0,0,0,0,0,0,0,0,0,0,0,0,0,4096,256,131072,4,15|4,0,1800000000,262144,6867,0,0,0,0,21544,0,21528,0,2694,2691,0,1,21544,0|526,2443361174,19,705471988,0,705429504,0,705429504,0,793104300,0,2691,2691,4226907368,17,4226907368,17,2080,2482643097,18,3240121994,0,0,0,0,0
1788098184011|1001|formal_primary_1800s|fixed|526,1378943233,16780339,1593696582,1591345710,1593696582,1591345710,1593696582,1591345710,2876820,2868716,1437058,1434357,0,0,0,0,4294967295,4294967295,4096,4096,0,0,1437059,1437059,2730565742,2730565763,2730565758,2730565739,0,0,0,0,0,0,0,0,4096,256,131072,4,15|4,0,1800000000,262144,6867,0,0,0,0,21624,0,21608,0,2704,2701,0,1,21624,0|528,3444857713,19,708143324,0,708050944,0,708050944,0,796285932,0,2701,2701,225971406,18,225971406,18,2080,2871163063,18,3251281921,0,0,0,0,0
1788098184011|1001|formal_primary_1800s|rotating|526,1378943233,33555404,1593765016,1591414073,0,0,0,0,0,0,0,0,0,0,1437119,1434418,0,0,0,0,0,0,0,0,0,0,0,0,0,0,0,0,0,0,0,0,4096,256,131072,4,15|4,0,1800000000,262144,6867,0,0,0,0,21624,0,21608,0,2704,2701,0,1,21624,0|528,2763781890,19,708167528,0,708050944,0,708050944,0,796135510,0,2701,2701,227307704,18,227307704,18,2080,2787505867,18,3252151232,0,0,0,0,0
1788098189014|1001|formal_primary_1800s|fixed|528,1378943233,16780339,1599757218,1597397930,1599757218,1597397930,1599757218,1597397930,2887760,2879626,1442524,1439813,0,0,0,0,4294967295,4294967295,4096,4096,0,0,1442524,1442524,3050732838,3050733155,3050732846,3050733163,0,0,0,0,0,0,0,0,4096,256,131072,4,15|4,0,1800000000,262144,6867,0,0,0,0,21704,0,21688,0,2714,2711,0,1,21704,0|530,3764977646,19,710835900,0,710672384,0,710672384,0,799313558,0,2711,2711,521043515,18,521043515,18,2080,3176044388,18,3263310626,0,0,0,0,0
1788098189014|1001|formal_primary_1800s|rotating|528,1378943233,33555404,1599827485,1597468182,0,0,0,0,0,0,0,0,0,0,1442587,1439876,0,0,0,0,0,0,0,0,0,0,0,0,0,0,0,0,0,0,0,0,4096,256,131072,4,15|4,0,1800000000,262144,6867,0,0,0,0,21704,0,21688,0,2714,2711,0,1,21704,0|530,3083925709,19,710860600,0,710672384,0,710672384,0,799162771,0,2711,2711,522393423,18,522393423,18,2080,3092089956,18,3264186113,0,0,0,0,0
1788098194017|1001|formal_primary_1800s|fixed|530,1378943233,16780339,1605815099,1603448258,1605815099,1603448258,1605815099,1603448258,2898698,2890534,1447987,1445266,0,0,0,0,4294967295,4294967295,4096,4096,0,0,1447988,1447988,3370801185,3370801206,3370801193,3370801190,0,0,0,0,0,0,0,0,4096,256,131072,4,15|4,0,1800000000,262144,6867,0,0,0,0,21784,0,21768,0,2724,2721,0,1,21784,0|532,4084610818,19,713524524,0,713293824,0,713293824,0,802336207,0,2721,2721,815627336,18,815627336,18,2080,3480438948,18,3275339380,0,0,0,0,0
1788098194017|1001|formal_primary_1800s|rotating|530,1378943233,33555404,1605889214,1603522389,0,0,0,0,0,0,0,0,0,0,1448054,1445333,0,0,0,0,0,0,0,0,0,0,0,0,0,0,0,0,0,0,0,0,4096,256,131072,4,15|4,0,1800000000,262144,6867,0,0,0,0,21784,0,21768,0,2724,2721,0,1,21784,0|532,3404338497,19,713555968,0,713293824,0,713293824,0,802192245,0,2722,2721,817720472,18,817720472,18,2062,3396943235,18,3276218258,0,0,0,0,0
1788098199019|1001|formal_primary_1800s|fixed|532,1378943233,16780339,1611850242,1609473024,1611850242,1609473024,1611850242,1609473024,2909589,2901392,1453428,1450696,0,0,0,0,4294967295,4294967295,4096,4096,0,0,1453428,1453428,3691104494,3691104851,3691104502,3691104859,0,0,0,0,0,0,0,0,4096,256,131072,4,15|4,0,1800000000,262144,6867,0,0,0,0,21872,0,21856,0,2735,2732,0,1,21872,0|534,110163396,20,716206556,0,716177408,0,716177408,0,805353306,0,2732,2732,1108662157,18,1108662157,18,2080,3784196666,18,3288570681,0,0,0,0,0
1788098199019|1001|formal_primary_1800s|rotating|532,1378943233,33555404,1611929843,1609552604,0,0,0,0,0,0,0,0,0,0,1453499,1450767,0,0,0,0,0,0,0,0,0,0,0,0,0,0,0,0,0,0,0,0,4096,256,131072,4,15|4,0,1800000000,262144,6867,0,0,0,0,21872,0,21856,0,2735,2732,0,1,21872,0|534,3725482766,19,716244100,0,716177408,0,716177408,0,805215032,0,2732,2732,1111403149,18,1111403149,18,2080,3700973046,18,3289452672,0,0,0,0,0
1788098204031|1001|formal_primary_1800s|fixed|534,1378943233,16780339,1617917953,1615532675,1617917953,1615532675,1617917953,1615532675,2920545,2912318,1458900,1456158,0,0,0,0,4294967295,4294967295,4096,4096,0,0,1458901,1458901,4011682096,4011682085,4011682104,4011682093,0,0,0,0,0,0,0,0,4096,256,131072,4,15|4,0,1800000000,262144,6867,0,0,0,0,21952,0,21936,0,2745,2742,0,1,21952,0|536,430930348,20,718905060,0,718798848,0,718798848,0,808387141,0,2742,2742,1404377797,18,1404377797,18,2080,4089724497,18,3300599898,0,0,0,0,0
1788098204031|1001|formal_primary_1800s|rotating|534,1378943233,33558272,1617992856,1615607433,0,0,0,0,0,0,0,0,0,0,1458968,1456226,0,0,0,0,0,0,0,0,0,0,0,0,0,0,0,0,0,0,0,0,4096,256,131072,4,15|4,0,1800000000,262144,6867,0,0,0,0,21952,0,21936,0,2745,2742,0,1,21952,0|536,4045071839,19,718932228,0,718798848,0,718798848,0,808236398,0,2742,2742,1405939337,18,1405939337,18,2080,4005004873,18,3301483578,0,0,0,0,0
1788098209033|1001|formal_primary_1800s|fixed|536,1378943233,16780339,1623986484,1621592963,1623986484,1621592963,1623986484,1621592963,2931493,2923236,1464369,1461617,0,0,0,0,4294967295,4294967295,4096,4096,0,0,1464370,1464370,37080530,37080567,37080538,37080527,0,0,0,0,0,0,0,0,4096,256,131072,4,15|4,0,1800000000,262144,6867,0,0,0,0,22032,0,22016,0,2755,2752,0,1,22032,0|538,750337260,20,721591708,0,721420288,0,721420288,0,811409815,0,2752,2752,1698736714,18,1698736714,18,2080,98925597,19,3312628534,0,0,0,0,0
1788098209033|1001|formal_primary_1800s|rotating|536,1378943233,33555404,1624037942,1621644521,0,0,0,0,0,0,0,0,0,0,1464415,1461663,0,0,0,0,0,0,0,0,0,0,0,0,0,0,0,0,0,0,0,0,4096,256,131072,4,15|4,0,1800000000,262144,6867,0,0,0,0,22032,0,22016,0,2755,2752,0,1,22032,0|538,69321986,20,721616900,0,721420288,0,721420288,0,811256555,0,2752,2752,1700101370,18,1700101370,18,2080,13694137,19,3313517877,0,0,0,0,0
1788098214040|1001|formal_primary_1800s|fixed|538,1378943233,16780339,1630049468,1627647675,1630049468,1627647675,1630049468,1627647675,2942437,2934150,1469836,1467074,0,0,0,0,4294967295,4294967295,4096,4096,0,0,1469837,1469837,357339942,357339955,357339950,357339963,0,0,0,0,0,0,0,0,4096,256,131072,4,15|4,0,1800000000,262144,6867,0,0,0,0,22112,0,22096,0,2765,2762,0,1,22112,0|540,1071584290,20,724294656,0,724041728,0,724041728,0,814448929,0,2762,2762,1994930912,18,1994930912,18,2080,404933410,19,3324657860,0,0,0,0,0
1788098214040|1001|formal_primary_1800s|rotating|538,1378943233,33555404,1630124803,1627723013,0,0,0,0,0,0,0,0,0,0,1469904,1467142,0,0,0,0,0,0,0,0,0,0,0,0,0,0,0,0,0,0,0,0,4096,256,131072,4,15|4,0,1800000000,262144,6867,0,0,0,0,22116,0,22104,0,2766,2763,0,1,22116,0|540,390729061,20,724303872,0,724303872,0,724303872,0,814285533,0,2763,2763,1994508428,18,1994508428,18,2080,318478459,19,3326581908,0,0,0,0,0
1788098219041|1001|formal_primary_1800s|fixed|540,1378943233,16780339,1636081525,1633670690,1636081525,1633670690,1636081525,1633670690,2953322,2945002,1475273,1472500,0,0,0,0,4294967295,4294967295,4096,4096,0,0,1475274,1475274,677449997,677449994,677449949,677450002,0,0,0,0,0,0,0,0,4096,256,131072,4,15|4,0,1800000000,262144,6867,0,0,0,0,22200,0,22184,0,2776,2773,0,1,22200,0|542,1391791235,20,726973724,0,726925312,0,726925312,0,817463933,0,2773,2773,2287656864,18,2287656864,18,2079,708377971,19,3337889393,0,0,0,0,0
1788098219041|1001|formal_primary_1800s|rotating|540,1378943233,33555404,1636155893,1633745074,0,0,0,0,0,0,0,0,0,0,1475340,1472567,0,0,0,0,0,0,0,0,0,0,0,0,0,0,0,0,0,0,0,0,4096,256,131072,4,15|4,0,1800000000,262144,6867,0,0,0,0,22200,0,22184,0,2776,2773,0,1,22200,0|542,711042127,20,727001388,0,726925312,0,726925312,0,817311908,0,2773,2773,2289270689,18,2289270689,18,2080,622741319,19,3338787681,0,0,0,0,0
1788098224052|1001|formal_primary_1800s|fixed|542,1378943233,16780339,1642154078,1639734582,1642154078,1639734582,1642154078,1639734582,2964282,2955932,1480748,1477965,0,0,0,0,4294967295,4294967295,4096,4096,0,0,1480749,1480749,998174084,998174057,998174092,998174065,0,0,0,0,0,0,0,0,4096,256,131072,4,15|4,0,1800000000,262144,6867,0,0,0,0,22280,0,22264,0,2786,2783,0,1,22280,0|544,1711782014,20,729665808,0,729546752,0,729546752,0,820490578,0,2783,2783,2582600911,18,2582600911,18,2080,1013130249,19,3349918039,0,0,0,0,0
1788098224052|1001|formal_primary_1800s|rotating|542,1378943233,33558272,1642205328,1639785910,0,0,0,0,0,0,0,0,0,0,1480795,1478012,0,0,0,0,0,0,0,0,0,0,0,0,0,0,0,0,0,0,0,0,4096,256,131072,4,15|4,0,1800000000,262144,6867,0,0,0,0,22280,0,22264,0,2786,2783,0,1,22280,0|544,1030603360,20,729689088,0,729546752,0,729546752,0,820333946,0,2783,2783,2583775493,18,2583775493,18,2080,926744006,19,3350822274,0,0,0,0,0
1788098229055|1001|formal_primary_1800s|fixed|544,1378943233,16781056,1648217882,1645789501,1648217882,1645789501,1648217882,1645789501,2975222,2966842,1486214,1483421,0,0,0,0,4294967295,4294967295,4096,4096,0,0,1486214,1486214,1318325197,1318325546,1318325205,1318325554,0,0,0,0,0,0,0,0,4096,256,131072,4,15|4,0,1800000000,262144,6867,0,0,0,0,22360,0,22344,0,2796,2793,0,1,22360,0|546,2032518331,20,732363816,0,732168192,0,732168192,0,823526031,0,2793,2793,2878284152,18,2878284152,18,2080,1318628444,19,3361946257,0,0,0,0,0
1788098229055|1001|formal_primary_1800s|rotating|544,1378943233,33555404,1648293397,1645864910,0,0,0,0,0,0,0,0,0,0,1486281,1483488,0,0,0,0,0,0,0,0,0,0,0,0,0,0,0,0,0,0,0,0,4096,256,131072,4,15|4,0,1800000000,262144,6867,0,0,0,0,22360,0,22344,0,2796,2793,0,1,22360,0|546,1351790457,20,732391480,0,732168192,0,732168192,0,823372869,0,2793,2793,2879908221,18,2879908221,18,2080,1232373054,19,3362851119,0,0,0,0,0
1788098234079|1001|formal_primary_1800s|fixed|546,1378943233,16780339,1654307325,1651869711,1654307325,1651869711,1654307325,1651869711,2986214,2977804,1491704,1488901,0,0,0,0,4294967295,4294967295,4096,4096,0,0,1491705,1491705,1639919371,1639919360,1639919347,1639919368,0,0,0,0,0,0,0,0,4096,256,131072,4,15|4,0,1800000000,262144,6867,0,0,0,0,22444,0,22432,0,2807,2804,0,1,22444,0|548,2353320841,20,735051776,0,735051776,0,735051776,0,826556412,0,2804,2804,3172786627,18,3172786627,18,2080,1623855028,19,3374312295,0,0,0,0,0
1788098234079|1001|formal_primary_1800s|rotating|546,1378943233,33555404,1654351482,1651913119,0,0,0,0,0,0,0,0,0,0,1491745,1488941,0,0,0,0,0,0,0,0,0,0,0,0,0,0,0,0,0,0,0,0,4096,256,131072,4,15|4,0,1800000000,262144,6867,0,0,0,0,22448,0,22432,0,2807,2804,0,1,22448,0|548,1673334075,20,735082900,0,735051776,0,735051776,0,826398474,0,2804,2804,3173958425,18,3173958425,18,2080,1536801594,19,3376086754,0,0,0,0,0
1788098239093|1001|formal_primary_1800s|fixed|548,1378943233,16781056,1660358404,1657910745,1660358404,1657910745,1660358404,1657910745,2997133,2988690,1497159,1494345,0,0,0,0,4294967295,4294967295,4096,4096,0,0,1497159,1497159,1960985202,1960985543,1960985210,1960985551,0,0,0,0,0,0,0,0,4096,256,131072,4,15|4,0,1800000000,262144,6867,0,0,0,0,22528,0,22512,0,2817,2814,0,1,22528,0|550,2675283761,20,737757692,0,737673216,0,737673216,0,829592275,0,2814,2814,3468507803,18,3468507803,18,2080,1929391978,19,3387207417,0,0,0,0,0
1788098239093|1001|formal_primary_1800s|rotating|548,1378943233,33555404,1660426040,1657978284,0,0,0,0,0,0,0,0,0,0,1497220,1494406,0,0,0,0,0,0,0,0,0,0,0,0,0,0,0,0,0,0,0,0,4096,256,131072,4,15|4,0,1800000000,262144,6867,0,0,0,0,22528,0,22512,0,2817,2814,0,1,22528,0|550,1994221097,20,737782392,0,737673216,0,737673216,0,829434244,0,2814,2814,3469791240,18,3469791240,18,2080,1842130853,19,3388116162,0,0,0,0,0
1788098244093|1001|formal_primary_1800s|fixed|550,1378943233,16781056,1666405503,1663948842,1666405503,1663948842,1666405503,1663948842,3008061,2999588,1502618,1499794,0,0,0,0,4294967295,4294967295,4096,4096,0,0,1502618,1502618,2280797730,2280798079,2280797738,2280798087,0,0,0,0,0,0,0,0,4096,256,131072,4,15|4,0,1800000000,262144,6867,0,0,0,0,22608,0,22592,0,2827,2824,0,1,22608,0|552,2995181128,20,740448784,0,740294656,0,740294656,0,832614676,0,2824,2824,3763356051,18,3763356051,18,2080,2234050594,19,3399236281,0,0,0,0,0
1788098244093|1001|formal_primary_1800s|rotating|550,1378943233,33555404,1666481470,1664024867,0,0,0,0,0,0,0,0,0,0,1502686,1499862,0,0,0,0,0,0,0,0,0,0,0,0,0,0,0,0,0,0,0,0,4096,256,131072,4,15|4,0,1800000000,262144,6867,0,0,0,0,22608,0,22592,0,2827,2824,0,1,22608,0|552,2314263435,20,740474472,0,740294656,0,740294656,0,832457659,0,2824,2824,3764778940,18,3764778940,18,2080,2146615148,19,3400147862,0,0,0,0,0
1788098249106|1001|formal_primary_1800s|fixed|552,1378943233,16780339,1672505976,1670041058,1672505976,1670041058,1672505976,1670041058,3019071,3010568,1508117,1505283,0,0,0,0,4294967295,4294967295,4096,4096,0,0,1508118,1508118,2602896326,2602896331,2602896334,2602896307,0,0,0,0,0,0,0,0,4096,256,131072,4,15|4,0,1800000000,262144,6867,0,0,0,0,22688,0,22672,0,2837,2834,0,1,22688,0|554,3316938787,20,743155688,0,742916096,0,742916096,0,835659468,0,2834,2834,4060057863,18,4060057863,18,2080,2540570091,19,3411264527,0,0,0,0,0
1788098249106|1001|formal_primary_1800s|rotating|552,1378943233,33555404,1672587515,1670122461,0,0,0,0,0,0,0,0,0,0,1508191,1505357,0,0,0,0,0,0,0,0,0,0,0,0,0,0,0,0,0,0,0,0,4096,256,131072,4,15|4,0,1800000000,262144,6867,0,0,0,0,22692,0,22680,0,2838,2835,0,1,22692,0|554,2637346461,20,743178240,0,743178240,0,743178240,0,835505792,0,2835,2835,4061060074,18,4061060074,18,2048,2453276038,19,3413009617,0,0,0,0,0
1788098254112|1001|formal_primary_1800s|fixed|554,1378943233,16780339,1678519919,1676047317,1678519919,1676047317,1678519919,1676047317,3029930,3021394,1513541,1510696,0,0,0,0,4294967295,4294967295,4096,4096,0,0,1513542,1513542,2922255187,2922255200,2922255195,2922255192,0,0,0,0,0,0,0,0,4096,256,131072,4,15|4,0,1800000000,262144,6867,0,0,0,0,22776,0,22760,0,2848,2845,0,1,22776,0|556,3636279095,20,745827840,0,745799680,0,745799680,0,838664502,0,2845,2845,56946498,19,56946498,19,2080,2843148173,19,3424495911,0,0,0,0,0
1788098254112|1001|formal_primary_1800s|rotating|554,1378943233,33555404,1678587457,1676114912,0,0,0,0,0,0,0,0,0,0,1513601,1510756,0,0,0,0,0,0,0,0,0,0,0,0,0,0,0,0,0,0,0,0,4096,256,131072,4,15|4,0,1800000000,262144,6867,0,0,0,0,22776,0,22760,0,2848,2845,0,1,22776,0|556,2955582793,20,745855504,0,745799680,0,745799680,0,838508457,0,2845,2845,58588107,19,58588107,19,2080,2755260258,19,3425410680,0,0,0,0,0
1788098259125|1001|formal_primary_1800s|fixed|556,1378943233,16780339,1684595568,1682112572,1684595568,1682112572,1684595568,1682112572,3040888,3032322,1519015,1516160,0,0,0,0,4294967295,4294967295,4096,4096,0,0,1519016,1519016,3242921519,3242921548,3242921527,3242921516,0,0,0,0,0,0,0,0,4096,256,131072,4,15|4,0,1800000000,262144,6867,0,0,0,0,22856,0,22840,0,2858,2855,0,1,22856,0|558,3957796132,20,748532764,0,748421120,0,748421120,0,841708107,0,2855,2855,353405659,19,353405659,19,2080,3149426144,19,3436525107,0,0,0,0,0
1788098259125|1001|formal_primary_1800s|rotating|556,1378943233,33555404,1684685457,1682202415,0,0,0,0,0,0,0,0,0,0,1519096,1516241,0,0,0,0,0,0,0,0,0,0,0,0,0,0,0,0,0,0,0,0,4096,256,131072,4,15|4,0,1800000000,262144,6867,0,0,0,0,22856,0,22840,0,2858,2855,0,1,22856,0|558,3277662640,20,748565864,0,748421120,0,748421120,0,841557019,0,2855,2855,355612283,19,355612283,19,2080,3061780618,19,3437438810,0,0,0,0,0
1788098264132|1001|formal_primary_1800s|fixed|558,1378943233,16781056,1690665511,1688174232,1690665511,1688174232,1690665511,1688174232,3051844,3043248,1524489,1521624,0,0,0,0,4294967295,4294967295,4096,4096,0,0,1524489,1524489,3563528224,3563528565,3563528240,3563528573,0,0,0,0,0,0,0,0,4096,256,131072,4,15|4,0,1800000000,262144,6867,0,0,0,0,22936,0,22920,0,2868,2865,0,1,22936,0|560,4277847318,20,751224848,0,751042560,0,751042560,0,844735485,0,2865,2865,648408650,19,648408650,19,2080,3454238212,19,3448554323,0,0,0,0,0
1788098264132|1001|formal_primary_1800s|rotating|558,1378943233,33555404,1690735578,1688244305,0,0,0,0,0,0,0,0,0,0,1524552,1521686,0,0,0,0,0,0,0,0,0,0,0,0,0,0,0,0,0,0,0,0,4096,256,131072,4,15|4,0,1800000000,262144,6867,0,0,0,0,22936,0,22920,0,2868,2865,0,1,22936,0|560,3596785778,20,751249548,0,751042560,0,751042560,0,844574358,0,2865,2865,649680871,19,649680871,19,2080,3365345250,19,3449472488,0,0,0,0,0
1788098269143|1001|formal_primary_1800s|fixed|560,1378943233,16781056,1696740739,1694240553,1696740739,1694240553,1696740739,1694240553,3062806,3054180,1529965,1527090,0,0,0,0,4294967295,4294967295,4096,4096,0,0,1529965,1529965,3884288703,3884289028,3884288711,3884289036,0,0,0,0,0,0,0,0,4096,256,131072,4,15|4,0,1800000000,262144,6867,0,0,0,0,23016,0,23000,0,2878,2875,0,1,23016,0|562,303395088,21,753921376,0,753664000,0,753664000,0,847768139,0,2875,2875,943872089,19,943872089,19,2070,3759514946,19,3460582760,0,0,0,0,0
1788098269143|1001|formal_primary_1800s|rotating|560,1378943233,33555404,1696812203,1694312169,0,0,0,0,0,0,0,0,0,0,1530029,1527154,0,0,0,0,0,0,0,0,0,0,0,0,0,0,0,0,0,0,0,0,4096,256,131072,4,15|4,0,1800000000,262144,6867,0,0,0,0,23020,0,23008,0,2879,2876,0,1,23020,0|562,3917377353,20,753926144,0,753926144,0,753926144,0,847592205,0,2876,2876,942885148,19,942885148,19,2080,3668924663,19,3462706712,0,0,0,0,0
1788098274154|1001|formal_primary_1800s|fixed|562,1378943233,16780339,1702777402,1700267093,1702777402,1700267093,1702777402,1700267093,3073707,3065048,1535409,1532523,0,0,0,0,4294967295,4294967295,4096,4096,0,0,1535410,1535410,4204842352,4204842341,4204842336,4204842309,0,0,0,0,0,0,0,0,4096,256,131072,4,15|4,0,1800000000,262144,6867,0,0,0,0,23104,0,23088,0,2889,2886,0,1,23104,0|564,624179545,21,756605876,0,756547584,0,756547584,0,850786484,0,2886,2886,1237172724,19,1237172724,19,2080,4063537287,19,3473813995,0,0,0,0,0
1788098274154|1001|formal_primary_1800s|rotating|562,1378943233,33555404,1702851602,1700341282,0,0,0,0,0,0,0,0,0,0,1535476,1532590,0,0,0,0,0,0,0,0,0,0,0,0,0,0,0,0,0,0,0,0,4096,256,131072,4,15|4,0,1800000000,262144,6867,0,0,0,0,23104,0,23088,0,2889,2886,0,1,23104,0|564,4238469583,20,756634036,0,756547584,0,756547584,0,850627816,0,2886,2886,1238816743,19,1238816743,19,2080,3974355960,19,3474739400,0,0,0,0,0
1788098279168|1001|formal_primary_1800s|fixed|564,1378943233,16781056,1708855276,1706335062,1708855276,1706335062,1708855276,1706335062,3084679,3075990,1540891,1537995,0,0,0,0,4294967295,4294967295,4096,4096,0,0,1540891,1540891,230920412,230920753,230920428,230920761,0,0,0,0,0,0,0,0,4096,256,131072,4,15|4,0,1800000000,262144,6867,0,0,0,0,23184,0,23168,0,2899,2896,0,1,23184,0|566,946020116,21,759313768,0,759169024,0,759169024,0,853830920,0,2896,2896,1533961305,19,1533961305,19,2080,75171830,20,3485842822,0,0,0,0,0
1788098279168|1001|formal_primary_1800s|rotating|564,1378943233,33555404,1708958807,1706438585,0,0,0,0,0,0,0,0,0,0,1540984,1538088,0,0,0,0,0,0,0,0,0,0,0,0,0,0,0,0,0,0,0,0,4096,256,131072,4,15|4,0,1800000000,262144,6867,0,0,0,0,23184,0,23168,0,2899,2896,0,1,23184,0|566,266183231,21,759349336,0,759169024,0,759169024,0,853680043,0,2896,2896,1536436578,19,1536436578,19,2080,4281479511,19,3486771753,0,0,0,0,0
1788098284171|1001|formal_primary_1800s|fixed|566,1378943233,16780339,1714915575,1712387192,1714915575,1712387192,1714915575,1712387192,3095615,3086896,1546353,1543447,0,0,0,0,4294967295,4294967295,4096,4096,0,0,1546354,1546354,550947403,550947400,550947411,550947408,0,0,0,0,0,0,0,0,4096,256,131072,4,15|4,0,1800000000,262144,6867,0,0,0,0,23264,0,23248,0,2909,2906,0,1,23264,0|568,1265232410,21,761998932,0,761790464,0,761790464,0,856850788,0,2906,2906,1828123657,19,1828123657,19,2080,379144804,20,3497872252,0,0,0,0,0
1788098284171|1001|formal_primary_1800s|rotating|566,1378943233,33555404,1714990553,1712462041,0,0,0,0,0,0,0,0,0,0,1546421,1543515,0,0,0,0,0,0,0,0,0,0,0,0,0,0,0,0,0,0,0,0,4096,256,131072,4,15|4,0,1800000000,262144,6867,0,0,0,0,23264,0,23248,0,2909,2906,0,1,23264,0|568,584691314,21,762028080,0,761790464,0,761790464,0,856692125,0,2906,2906,1829894415,19,1829894415,19,2080,289461581,20,3498802392,0,0,0,0,0
1788098289181|1001|formal_primary_1800s|fixed|568,1378943233,16780339,1720993384,1718456917,1720993384,1718456917,1720993384,1718456917,3106579,3097830,1551831,1548915,0,0,0,0,4294967295,4294967295,4096,4096,0,0,1551831,1551831,871773634,871773967,871773642,871773975,0,0,0,0,0,0,0,0,4096,256,131072,4,15|4,0,1800000000,262144,6867,0,0,0,0,23352,0,23336,0,2920,2917,0,1,23352,0|570,1586112200,21,764683928,0,764674048,0,764674048,0,859872391,0,2917,2917,2121514345,19,2121514345,19,2080,683261714,20,3511104260,0,0,0,0,0
1788098289181|1001|formal_primary_1800s|rotating|568,1378943233,33555404,1721030860,1718493722,0,0,0,0,0,0,0,0,0,0,1551865,1548948,0,0,0,0,0,0,0,0,0,0,0,0,0,0,0,0,0,0,0,0,4096,256,131072,4,15|4,0,1800000000,262144,6867,0,0,0,0,23352,0,23336,0,2920,2917,0,1,23352,0|570,905021312,21,764708628,0,764674048,0,764674048,0,859707535,0,2917,2917,2122734770,19,2122734770,19,2080,592674389,20,3512037002,0,0,0,0,0
1788098294191|1001|formal_primary_1800s|fixed|570,1378943233,16780339,1727032151,1724485529,1727032151,1724485529,1727032151,1724485529,3117486,3108704,1557278,1554351,0,0,0,0,4294967295,4294967295,4096,4096,0,0,1557279,1557279,1192469558,1192469539,1192469534,1192469547,0,0,0,0,0,0,0,0,4096,256,131072,4,15|4,0,1800000000,262144,6867,0,0,0,0,23432,0,23416,0,2930,2927,0,1,23432,0|572,1906581735,21,767379964,0,767295488,0,767295488,0,862902983,0,2927,2927,2416933236,19,2416933236,19,2080,988492589,20,3523132994,0,0,0,0,0
1788098294191|1001|formal_primary_1800s|rotating|570,1378943233,33558272,1727094268,1724547575,0,0,0,0,0,0,0,0,0,0,1557334,1554407,0,0,0,0,0,0,0,0,0,0,0,0,0,0,0,0,0,0,0,0,4096,256,131072,4,15|4,0,1800000000,262144,6867,0,0,0,0,23432,0,23416,0,2930,2927,0,1,23432,0|572,1225732406,21,767406640,0,767295488,0,767295488,0,862739978,0,2927,2927,2418390175,19,2418390175,19,2080,897827498,20,3524068266,0,0,0,0,0
1788098299205|1001|formal_primary_1800s|fixed|572,1378943233,16781056,1733110587,1730554607,1733110587,1730554607,1733110587,1730554607,3128450,3119638,1562756,1559819,0,0,0,0,4294967295,4294967295,4096,4096,0,0,1562756,1562756,1513317525,1513317866,1513317533,1513317874,0,0,0,0,0,0,0,0,4096,256,131072,4,15|4,0,1800000000,262144,6867,0,0,0,0,23512,0,23496,0,2940,2937,0,1,23512,0|574,2226562399,21,770071552,0,769916928,0,769916928,0,865931059,0,2937,2937,2711861725,19,2711861725,19,2080,1293234249,20,3535162107,0,0,0,0,0
1788098299205|1001|formal_primary_1800s|rotating|572,1378943233,33555404,1733162782,1730606799,0,0,0,0,0,0,0,0,0,0,1562802,1559865,0,0,0,0,0,0,0,0,0,0,0,0,0,0,0,0,0,0,0,0,4096,256,131072,4,15|4,0,1800000000,262144,6867,0,0,0,0,23512,0,23496,0,2940,2937,0,1,23512,0|574,1545982588,21,770100696,0,769916928,0,769916928,0,865769896,0,2937,2937,2713588463,19,2713588463,19,2080,1202520196,20,3536096715,0,0,0,0,0
1788098304216|1001|formal_primary_1800s|fixed|574,1378943233,16780339,1739182481,1736616378,1739182481,1736616378,1739182481,1736616378,3139412,3130570,1568231,1565284,0,0,0,0,4294967295,4294967295,4096,4096,0,0,1568232,1568232,1834054224,1834054229,1834054232,1834054237,0,0,0,0,0,0,0,0,4096,256,131072,4,15|4,0,1800000000,262144,6867,0,0,0,0,23592,0,23576,0,2950,2947,0,1,23592,0|576,2548426747,21,772779936,0,772538368,0,772538368,0,868975696,0,2947,2947,3008670615,19,3008670615,19,2079,1599860118,20,3547190686,0,0,0,0,0
1788098304216|1001|formal_primary_1800s|rotating|574,1378943233,33555404,1739249023,1736683002,0,0,0,0,0,0,0,0,0,0,1568291,1565344,0,0,0,0,0,0,0,0,0,0,0,0,0,0,0,0,0,0,0,0,4096,256,131072,4,15|4,0,1800000000,262144,6867,0,0,0,0,23592,0,23576,0,2950,2947,0,1,23592,0|576,1867294752,21,772800512,0,772538368,0,772538368,0,868808544,0,2948,2947,3009445818,19,3009445818,19,2048,1508273633,20,3548126773,0,0,0,0,0
1788098309221|1001|formal_primary_1800s|fixed|576,1378943233,16780339,1745217555,1742642478,1745217555,1742642478,1745217555,1742642478,3150307,3141432,1573673,1570715,0,0,0,0,4294967295,4294967295,4096,4096,0,0,1573674,1573674,2154466187,2154466184,2154466163,2154466176,0,0,0,0,0,0,0,0,4096,256,131072,4,15|4,0,1800000000,262144,6867,0,0,0,0,23680,0,23664,0,2961,2958,0,1,23680,0|578,2868652517,21,775459496,0,775421952,0,775421952,0,871989127,0,2958,2958,3301409434,19,3301409434,19,2080,1903323231,20,3560422455,0,0,0,0,0
1788098309221|1001|formal_primary_1800s|rotating|576,1378943233,33555404,1745284450,1742709393,0,0,0,0,0,0,0,0,0,0,1573734,1570776,0,0,0,0,0,0,0,0,0,0,0,0,0,0,0,0,0,0,0,0,4096,256,131072,4,15|4,0,1800000000,262144,6867,0,0,0,0,23680,0,23664,0,2961,2958,0,1,23680,0|578,2187655374,21,775484692,0,775421952,0,775421952,0,871822582,0,2958,2958,3302716457,19,3302716457,19,2080,1811518366,20,3561360617,0,0,0,0,0
1788098314223|1001|formal_primary_1800s|fixed|578,1378943233,16780339,1751275367,1748692081,1751275367,1748692081,1751275367,1748692081,3161247,3152342,1579138,1576170,0,0,0,0,4294967295,4294967295,4096,4096,0,0,1579139,1579139,2474590534,2474590499,2474590518,2474590507,0,0,0,0,0,0,0,0,4096,256,131072,4,15|4,0,1800000000,262144,6867,0,0,0,0,23760,0,23744,0,2971,2968,0,1,23760,0|580,3188733690,21,778152072,0,778043392,0,778043392,0,875015646,0,2968,2968,3596439254,19,3596439254,19,2080,2208165786,20,3572451182,0,0,0,0,0
1788098314223|1001|formal_primary_1800s|rotating|578,1378943233,33555404,1751343735,1748760467,0,0,0,0,0,0,0,0,0,0,1579199,1576231,0,0,0,0,0,0,0,0,0,0,0,0,0,0,0,0,0,0,0,0,4096,256,131072,4,15|4,0,1800000000,262144,6867,0,0,0,0,23760,0,23744,0,2971,2968,0,1,23760,0|580,2507783888,21,778177760,0,778043392,0,778043392,0,874848861,0,2968,2968,3597789365,19,3597789365,19,2080,2116086123,20,3573392973,0,0,0,0,0
1788098319232|1001|formal_primary_1800s|fixed|580,1378943233,16781056,1757338516,1754746924,1757338516,1754746924,1757338516,1754746924,3172195,3163260,1584608,1581630,0,0,0,0,4294967295,4294967295,4096,4096,0,0,1584608,1584608,2794988157,2794988482,2794988165,2794988490,0,0,0,0,0,0,0,0,4096,256,131072,4,15|4,0,1800000000,262144,6867,0,0,0,0,23840,0,23824,0,2981,2978,0,1,23840,0|582,3509195412,21,780847612,0,780664832,0,780664832,0,878045788,0,2978,2978,3891847509,19,3891847509,19,2080,2513388659,20,3584480139,0,0,0,0,0
1788098319232|1001|formal_primary_1800s|rotating|580,1378943233,33555404,1757413662,1754822037,0,0,0,0,0,0,0,0,0,0,1584675,1581697,0,0,0,0,0,0,0,0,0,0,0,0,0,0,0,0,0,0,0,0,4096,256,131072,4,15|4,0,1800000000,262144,6867,0,0,0,0,23840,0,23824,0,2981,2978,0,1,23840,0|582,2828695383,21,780877252,0,780664832,0,780664832,0,877882831,0,2978,2978,3893646852,19,3893646852,19,2080,2421438921,20,3585422140,0,0,0,0,0
1788098324233|1001|formal_primary_1800s|fixed|582,1378943233,16780339,1763404268,1760803304,1763404268,1760803304,1763404268,1760803304,3183143,3174178,1590076,1587088,0,0,0,0,4294967295,4294967295,4096,4096,0,0,1590077,1590077,3115329364,3115329369,3115329372,3115329321,0,0,0,0,0,0,0,0,4096,256,131072,4,15|4,0,1800000000,262144,6867,0,0,0,0,23920,0,23904,0,2991,2988,0,1,23920,0|584,3829440145,21,783541672,0,783286272,0,783286272,0,881075312,0,2988,2988,4187042172,19,4187042172,19,2080,2818394476,20,3596509179,0,0,0,0,0
1788098324233|1001|formal_primary_1800s|rotating|582,1378943233,33555404,1763470011,1760868962,0,0,0,0,0,0,0,0,0,0,1590135,1587147,0,0,0,0,0,0,0,0,0,0,0,0,0,0,0,0,0,0,0,0,4096,256,131072,4,15|4,0,1800000000,262144,6867,0,0,0,0,23924,0,23912,0,2992,2989,0,1,23924,0|584,3148365252,21,783548416,0,783548416,0,783548416,0,880893924,0,2989,2989,4186238768,19,4186238768,19,2080,2724403568,20,3598568091,0,0,0,0,0
1788098329236|1001|formal_primary_1800s|fixed|584,1378943233,16780339,1769430850,1766819467,1769430850,1766819467,1769430850,1766819467,3194022,3185024,1595510,1592511,0,0,0,0,4294967295,4294967295,4096,4096,0,0,1595511,1595511,3435286712,3435286725,3435286720,3435286709,0,0,0,0,0,0,0,0,4096,256,131072,4,15|4,0,1800000000,262144,6867,0,0,0,0,24008,0,23992,0,3002,2999,0,1,24008,0|586,4149679478,21,786221232,0,786169856,0,786169856,0,884088934,0,2999,2999,184827866,20,184827866,20,2080,3121871584,20,3609740563,0,0,0,0,0
1788098329236|1001|formal_primary_1800s|rotating|584,1378943233,33555404,1769524607,1766912939,0,0,0,0,0,0,0,0,0,0,1595594,1592595,0,0,0,0,0,0,0,0,0,0,0,0,0,0,0,0,0,0,0,0,4096,256,131072,4,15|4,0,1800000000,262144,6867,0,0,0,0,24008,0,23992,0,3002,2999,0,1,24008,0|586,3469686891,21,786255812,0,786169856,0,786169856,0,883929749,0,2999,2999,187127064,20,187127064,20,2080,3029757662,20,3610686667,0,0,0,0,0
1788098334251|1001|formal_primary_1800s|fixed|586,1378943233,16780339,1775514777,1772894280,1775514777,1772894280,1775514777,1772894280,3204997,3195969,1600993,1597984,0,0,0,0,4294967295,4294967295,4096,4096,0,0,1600994,1600994,3756420562,3756420575,3756420570,3756420551,0,0,0,0,0,0,0,0,4096,256,131072,4,15|4,0,1800000000,262144,6867,0,0,0,0,24088,0,24072,0,3012,3009,0,1,24088,0|588,175677147,22,788921712,0,788791296,0,788791296,0,887126902,0,3009,3009,480741197,20,480741197,20,2080,3427597903,20,3621769297,0,0,0,0,0
1788098334251|1001|formal_primary_1800s|rotating|586,1378943233,33555404,1775583137,1772962827,0,0,0,0,0,0,0,0,0,0,1601054,1598045,0,0,0,0,0,0,0,0,0,0,0,0,0,0,0,0,0,0,0,0,4096,256,131072,4,15|4,0,1800000000,262144,6867,0,0,0,0,24088,0,24072,0,3012,3009,0,1,24088,0|588,3789691104,21,788947400,0,788791296,0,788791296,0,886957470,0,3009,3009,482076776,20,482076776,20,2080,3334203578,20,3622718330,0,0,0,0,0
1788098339265|1001|formal_primary_1800s|fixed|588,1378943233,16781056,1781603085,1778974488,1781603085,1778974488,1781603085,1778974488,3215988,3206930,1606484,1603465,0,0,0,0,4294967295,4294967295,4096,4096,0,0,1606484,1606484,4077998035,4077998352,4077998043,4077998360,0,0,0,0,0,0,0,0,4096,256,131072,4,15|4,0,1800000000,262144,6867,0,0,0,0,24168,0,24152,0,3022,3019,0,1,24168,0|590,497698230,22,791631580,0,791412736,0,791412736,0,890173134,0,3019,3019,777707983,20,777707983,20,2080,3734379746,20,3633798651,0,0,0,0,0
1788098339265|1001|formal_primary_1800s|rotating|588,1378943233,33555404,1781697783,1779069230,0,0,0,0,0,0,0,0,0,0,1606569,1603550,0,0,0,0,0,0,0,0,0,0,0,0,0,0,0,0,0,0,0,0,4096,256,131072,4,15|4,0,1800000000,262144,6867,0,0,0,0,24168,0,24152,0,3022,3019,0,1,24168,0|590,4112784147,21,791666652,0,791412736,0,791412736,0,890013572,0,3019,3019,780107753,20,780107753,20,2056,3641737951,20,3634750628,0,0,0,0,0
1788098344275|1001|formal_primary_1800s|fixed|590,1378943233,16780339,1787656174,1785018542,1787656174,1785018542,1787656174,1785018542,3226922,3217834,1611946,1608917,0,0,0,0,4294967295,4294967295,4096,4096,0,0,1611946,1611946,103010842,103011159,103010850,103011167,0,0,0,0,0,0,0,0,4096,256,131072,4,15|4,0,1800000000,262144,6867,0,0,0,0,24252,0,24240,0,3033,3030,0,1,24256,0|592,817285817,22,794305212,0,794296320,0,794296320,0,893177806,0,3030,3030,1069812257,20,1069812257,20,2080,4037204418,20,3647030677,0,0,0,0,0
1788098344275|1001|formal_primary_1800s|rotating|590,1378943233,33558272,1787692954,1785054547,0,0,0,0,0,0,0,0,0,0,1611980,1608950,0,0,0,0,0,0,0,0,0,0,0,0,0,0,0,0,0,0,0,0,4096,256,131072,4,15|4,0,1800000000,262144,6867,0,0,0,0,24256,0,24240,0,3033,3030,0,1,24256,0|592,136355288,22,794331396,0,794296320,0,794296320,0,893007262,0,3030,3030,1071161110,20,1071161110,20,2080,3943162796,20,3647984559,0,0,0,0,0
1788098349276|1001|formal_primary_1800s|fixed|592,1378943233,16780339,1793676026,1791028641,1793676026,1791028641,1793676026,1791028641,3237805,3228684,1617381,1614341,0,0,0,0,4294967295,4294967295,4096,4096,0,0,1617382,1617382,423068079,423068108,423068095,423068084,0,0,0,0,0,0,0,0,4096,256,131072,4,15|4,0,1800000000,262144,6867,0,0,0,0,24336,0,24320,0,3043,3040,0,1,24336,0|594,1137366413,22,796997788,0,796917760,0,796917760,0,896201290,0,3040,3040,1364846418,20,1364846418,20,2080,47078735,21,3659059742,0,0,0,0,0
1788098349276|1001|formal_primary_1800s|rotating|592,1378943233,33555404,1793743257,1791095877,0,0,0,0,0,0,0,0,0,0,1617442,1614402,0,0,0,0,0,0,0,0,0,0,0,0,0,0,0,0,0,0,0,0,4096,256,131072,4,15|4,0,1800000000,262144,6867,0,0,0,0,24336,0,24320,0,3043,3040,0,1,24336,0|594,456397322,22,797023476,0,796917760,0,796917760,0,896029569,0,3040,3040,1366143462,20,1366143462,20,2080,4247645032,20,3660021308,0,0,0,0,0
1788098354284|1001|formal_primary_1800s|fixed|594,1378943233,16780339,1799741150,1797085895,1799741150,1797085895,1799741150,1797085895,3248765,3239614,1622856,1619806,0,0,0,0,4294967295,4294967295,4096,4096,0,0,1622857,1622857,743768655,743768676,743768663,743768684,0,0,0,0,0,0,0,0,4096,256,131072,4,15|4,0,1800000000,262144,6867,0,0,0,0,24416,0,24400,0,3053,3050,0,1,24416,0|596,1457696252,22,799692340,0,799539200,0,799539200,0,899228332,0,3050,3050,1660125642,20,1660125642,20,2080,352169330,21,3671089101,0,0,0,0,0
1788098354284|1001|formal_primary_1800s|rotating|594,1378943233,33558272,1799804549,1797149259,0,0,0,0,0,0,0,0,0,0,1622914,1619864,0,0,0,0,0,0,0,0,0,0,0,0,0,0,0,0,0,0,0,0,4096,256,131072,4,15|4,0,1800000000,262144,6867,0,0,0,0,24416,0,24400,0,3053,3050,0,1,24416,0|596,776871844,22,799719512,0,799539200,0,799539200,0,899057462,0,3050,3050,1661560621,20,1661560621,20,2080,257592346,21,3672054723,0,0,0,0,0
1788098359290|1001|formal_primary_1800s|fixed|596,1378943233,16780339,1805810618,1803146730,1805810618,1803146730,1805810618,1803146730,3259731,3250550,1628335,1625275,0,0,0,0,4294967295,4294967295,4096,4096,0,0,1628336,1628336,1064665123,1064665136,1064665131,1064665144,0,0,0,0,0,0,0,0,4096,256,131072,4,15|4,0,1800000000,262144,6867,0,0,0,0,24496,0,24480,0,3063,3060,0,1,24496,0|598,1778930418,22,802395292,0,802160640,0,802160640,0,902264237,0,3060,3060,1956311303,20,1956311303,20,2080,658165010,21,3683117730,0,0,0,0,0
1788098359290|1001|formal_primary_1800s|rotating|596,1378943233,33555404,1805905853,1803241895,0,0,0,0,0,0,0,0,0,0,1628421,1625361,0,0,0,0,0,0,0,0,0,0,0,0,0,0,0,0,0,0,0,0,4096,256,131072,4,15|4,0,1800000000,262144,6867,0,0,0,0,24496,0,24480,0,3063,3060,0,1,24500,0|598,1099354492,22,802422784,0,802422784,0,802422784,0,902101839,0,3061,3061,1957816838,20,1957816838,20,2048,564233853,21,3684341085,0,0,0,0,0
1788098364292|1001|formal_primary_1800s|fixed|598,1378943233,16781056,1811831813,1809159670,1811831813,1809159670,1811831813,1809159670,3270615,3261402,1633772,1630701,0,0,0,0,4294967295,4294967295,4096,4096,0,0,1633772,1633772,1383223018,1383223018,1383223034,1383223034,0,0,0,0,0,0,0,0,4096,256,131072,4,15|4,0,1800000000,262144,6867,0,0,0,0,24584,0,24568,0,3074,3071,0,1,24584,0|600,2098257960,22,805066948,0,805044224,0,805044224,0,905265062,0,3071,3071,2248158846,20,2248158846,20,2080,960729709,21,3696349699,0,0,0,0,0
1788098364292|1001|formal_primary_1800s|rotating|598,1378943233,33558272,1811892867,1809220668,0,0,0,0,0,0,0,0,0,0,1633827,1630756,0,0,0,0,0,0,0,0,0,0,0,0,0,0,0,0,0,0,0,0,4096,256,131072,4,15|4,0,1800000000,262144,6867,0,0,0,0,24584,0,24568,0,3074,3071,0,1,24584,0|600,1417694719,22,805096096,0,805044224,0,805044224,0,905095732,0,3071,3071,2249831900,20,2249831900,20,2080,865742714,21,3697327268,0,0,0,0,0
1788098369306|1001|formal_primary_1800s|fixed|600,1378943233,16780339,1817888692,1815207580,1817888692,1815207580,1817888692,1815207580,3281562,3272318,1639240,1636159,0,0,0,0,4294967295,4294967295,4096,4096,0,0,1639240,1639240,1705074865,1705075174,1705074873,1705075190,0,0,0,0,0,0,0,0,4096,256,131072,4,15|4,0,1800000000,262144,6867,0,0,0,0,24664,0,24648,0,3084,3081,0,1,24664,0|602,2419253977,22,807767428,0,807665664,0,807665664,0,908298053,0,3081,3081,2544099500,20,2544099500,20,2080,1266487006,21,3708378529,0,0,0,0,0
1788098369306|1001|formal_primary_1800s|rotating|600,1378943233,33555404,1817957726,1815276638,0,0,0,0,0,0,0,0,0,0,1639302,1636221,0,0,0,0,0,0,0,0,0,0,0,0,0,0,0,0,0,0,0,0,4096,256,131072,4,15|4,0,1800000000,262144,6867,0,0,0,0,24664,0,24648,0,3084,3081,0,1,24664,0|602,1738258126,22,807792624,0,807665664,0,807665664,0,908123679,0,3081,3081,2545342924,20,2545342924,20,2080,1170747517,21,3709355606,0,0,0,0,0
1788098374320|1001|formal_primary_1800s|fixed|602,1378943233,16780339,1823957093,1821266281,1823957093,1821266281,1823957093,1821266281,3292523,3283248,1644715,1641624,0,0,0,0,4294967295,4294967295,4096,4096,0,0,1644716,1644716,2025798481,2025798494,2025798489,2025798502,0,0,0,0,0,0,0,0,4096,256,131072,4,15|4,0,1800000000,262144,6867,0,0,0,0,24744,0,24728,0,3094,3091,0,1,24744,0|604,2740131673,22,810466920,0,810287104,0,810287104,0,911331542,0,3091,3091,2839924692,20,2839924692,20,2080,1572125947,21,3720407379,0,0,0,0,0
1788098374320|1001|formal_primary_1800s|rotating|602,1378943233,33555404,1824031920,1821340993,0,0,0,0,0,0,0,0,0,0,1644782,1641691,0,0,0,0,0,0,0,0,0,0,0,0,0,0,0,0,0,0,0,0,4096,256,131072,4,15|4,0,1800000000,262144,6867,0,0,0,0,24744,0,24728,0,3094,3091,0,1,24744,0|604,2059458406,22,810495080,0,810287104,0,810287104,0,911159628,0,3091,3091,2841483465,20,2841483465,20,2080,1476385973,21,3721389719,0,0,0,0,0
1788098379320|1001|formal_primary_1800s|fixed|604,1378943233,16780339,1830011507,1827311931,1830011507,1827311931,1830011507,1827311931,3303464,3294160,1650180,1647079,0,0,0,0,4294967295,4294967295,4096,4096,0,0,1650181,1650181,2345972839,2345972820,2345972847,2345972828,0,0,0,0,0,0,0,0,4096,256,131072,4,15|4,0,1800000000,262144,6867,0,0,0,0,24824,0,24808,0,3104,3101,0,1,24824,0|606,3060319298,22,813160484,0,812908544,0,812908544,0,914356429,0,3101,3101,3135063427,20,3135063427,20,2080,1877074749,21,3732436359,0,0,0,0,0
1788098379320|1001|formal_primary_1800s|rotating|604,1378943233,33558272,1830079229,1827379722,0,0,0,0,0,0,0,0,0,0,1650242,1647141,0,0,0,0,0,0,0,0,0,0,0,0,0,0,0,0,0,0,0,0,4096,256,131072,4,15|4,0,1800000000,262144,6867,0,0,0,0,24828,0,24816,0,3105,3102,0,1,24828,0|606,2379229592,22,813170688,0,813170688,0,813170688,0,914171971,0,3102,3102,3134603532,20,3134603532,20,2080,1779882477,21,3734107681,0,0,0,0,0
1788098384338|1001|formal_primary_1800s|fixed|606,1378943233,16781056,1836054609,1833345845,1836054609,1833345845,1836054609,1833345845,3314381,3305044,1655634,1652522,0,0,0,0,4294967295,4294967295,4096,4096,0,0,1655634,1655634,2666989338,2666989671,2666989346,2666989679,0,0,0,0,0,0,0,0,4096,256,131072,4,15|4,0,1800000000,262144,6867,0,0,0,0,24912,0,24896,0,3115,3112,0,1,24912,0|608,3381696418,22,815849928,0,815792128,0,815792128,0,917379463,0,3112,3112,3428956852,20,3428956852,20,2080,2181688983,21,3745668411,0,0,0,0,0
1788098384338|1001|formal_primary_1800s|rotating|606,1378943233,33555404,1836149247,1833440363,0,0,0,0,0,0,0,0,0,0,1655719,1652607,0,0,0,0,0,0,0,0,0,0,0,0,0,0,0,0,0,0,0,0,4096,256,131072,4,15|4,0,1800000000,262144,6867,0,0,0,0,24912,0,24896,0,3115,3112,0,1,24912,0|608,2701392869,22,815881544,0,815792128,0,815792128,0,917209531,0,3112,3112,3430864427,20,3430864427,20,2080,2085646886,21,3746661696,0,0,0,0,0
1788098389343|1001|formal_primary_1800s|fixed|608,1378943233,16780339,1842114211,1839397176,1842114211,1839397176,1842114211,1839397176,3325333,3315966,1661105,1657983,0,0,0,0,4294967295,4294967295,4096,4096,0,0,1661105,1661105,2987471300,2987471641,2987471308,2987471649,0,0,0,0,0,0,0,0,4096,256,131072,4,15|4,0,1800000000,262144,6867,0,0,0,0,24992,0,24976,0,3125,3122,0,1,24992,0|610,3701761417,22,818542504,0,818413568,0,818413568,0,920402937,0,3122,3122,3723975903,20,3723975903,20,2080,2486515226,21,3757697268,0,0,0,0,0
1788098389343|1001|formal_primary_1800s|rotating|608,1378943233,33555404,1842182388,1839465361,0,0,0,0,0,0,0,0,0,0,1661166,1658044,0,0,0,0,0,0,0,0,0,0,0,0,0,0,0,0,0,0,0,0,4096,256,131072,4,15|4,0,1800000000,262144,6867,0,0,0,0,24992,0,24976,0,3125,3122,0,1,24992,0|610,3020744892,22,818567696,0,818413568,0,818413568,0,920225496,0,3122,3122,3725160762,20,3725160762,20,2080,2389441887,21,3758695907,0,0,0,0,0
1788098394343|1001|formal_primary_1800s|fixed|610,1378943233,16780578,1848170977,1845444452,1848170977,1845444452,1848170977,1845444452,3336269,3326872,1666568,1663436,0,0,0,0,4294967295,4294967295,4096,4096,0,0,1666568,1666568,3307507247,3307507604,3307507255,3307507612,0,0,0,0,0,0,0,0,4096,256,131072,4,15|4,0,1800000000,262144,6867,0,0,0,0,25072,0,25056,0,3135,3132,0,1,25072,0|612,4021553101,22,821232608,0,821035008,0,821035008,0,923426652,0,3132,3132,4018719305,20,4018719305,20,2080,2791067873,21,3769726466,0,0,0,0,0
1788098394343|1001|formal_primary_1800s|rotating|610,1378943233,33555404,1848242882,1845516478,0,0,0,0,0,0,0,0,0,0,1666632,1663500,0,0,0,0,0,0,0,0,0,0,0,0,0,0,0,0,0,0,0,0,4096,256,131072,4,15|4,0,1800000000,262144,6867,0,0,0,0,25072,0,25056,0,3135,3132,0,1,25072,0|612,3340558062,22,821257804,0,821035008,0,821035008,0,923248610,0,3132,3132,4019916222,20,4019916222,20,2080,2693694324,21,3770731159,0,0,0,0,0
1788098399356|1001|formal_primary_1800s|fixed|612,1378943233,16780339,1854236044,1851499485,1854236044,1851499485,1854236044,1851499485,3347227,3337800,1672041,1668899,0,0,0,0,4294967295,4294967295,4096,4096,0,0,1672042,1672042,3628145255,3628145276,3628145263,3628145284,0,0,0,0,0,0,0,0,4096,256,131072,4,15|4,0,1800000000,262144,6867,0,0,0,0,25156,0,25144,0,3146,3143,0,1,25156,0|614,47569869,23,823918592,0,823918592,0,823918592,0,926452251,0,3143,3143,18070106,21,18070106,21,2080,3096107024,21,3782461497,0,0,0,0,0
1788098399356|1001|formal_primary_1800s|rotating|612,1378943233,33555404,1854280178,1851542837,0,0,0,0,0,0,0,0,0,0,1672082,1668939,0,0,0,0,0,0,0,0,0,0,0,0,0,0,0,0,0,0,0,0,4096,256,131072,4,15|4,0,1800000000,262144,6867,0,0,0,0,25160,0,25144,0,3146,3143,0,1,25160,0|614,3661508646,22,823943788,0,823918592,0,823918592,0,926265312,0,3143,3143,18406922,21,18406922,21,2080,2997531856,21,3783967322,0,0,0,0,0
1788098404369|1001|formal_primary_1800s|fixed|614,1378943233,16780339,1860282148,1857535975,1860282148,1857535975,1860282148,1857535975,3358146,3348686,1677495,1674342,0,0,0,0,4294967295,4294967295,4096,4096,0,0,1677496,1677496,3949210107,3949210104,3949210091,3949210080,0,0,0,0,0,0,0,0,4096,256,131072,4,15|4,0,1800000000,262144,6867,0,0,0,0,25240,0,25224,0,3156,3153,0,1,25240,0|616,368218106,23,826616108,0,826540032,0,826540032,0,929476579,0,3153,3153,312849289,21,312849289,21,2080,3400698401,21,3794987487,0,0,0,0,0
1788098404369|1001|formal_primary_1800s|rotating|614,1378943233,33555404,1860360199,1857614031,0,0,0,0,0,0,0,0,0,0,1677566,1674413,0,0,0,0,0,0,0,0,0,0,0,0,0,0,0,0,0,0,0,0,4096,256,131072,4,15|4,0,1800000000,262144,6867,0,0,0,0,25240,0,25224,0,3156,3153,0,1,25240,0|616,3982496558,22,826644268,0,826540032,0,826540032,0,929300364,0,3153,3153,314335342,21,314335342,21,2080,3302958447,21,3796001746,0,0,0,0,0
1788098409380|1001|formal_primary_1800s|fixed|616,1378943233,16780339,1866350913,1863595246,1866350913,1863595246,1866350913,1863595246,3369106,3359616,1682970,1679807,0,0,0,0,4294967295,4294967295,4096,4096,0,0,1682971,1682971,4269909194,4269909223,4269909202,4269909231,0,0,0,0,0,0,0,0,4096,256,131072,4,15|4,0,1800000000,262144,6867,0,0,0,0,25320,0,25304,0,3166,3163,0,1,25320,0|618,689687454,23,829321036,0,829161472,0,829161472,0,932516156,0,3163,3163,609269056,21,609269056,21,2078,3706928888,21,3807016474,0,0,0,0,0
1788098409380|1001|formal_primary_1800s|rotating|616,1378943233,33555404,1866455996,1863700367,0,0,0,0,0,0,0,0,0,0,1683065,1679902,0,0,0,0,0,0,0,0,0,0,0,0,0,0,0,0,0,0,0,0,4096,256,131072,4,15|4,0,1800000000,262144,6867,0,0,0,0,25320,0,25304,0,3166,3163,0,1,25320,0|618,10158789,23,829359072,0,829161472,0,829161472,0,932350982,0,3163,3163,611903782,21,611903782,21,2080,3610032273,21,3808034162,0,0,0,0,0
1788098414405|1001|formal_primary_1800s|fixed|618,1378943233,16780339,1872432860,1869670116,1872432860,1869670116,1872432860,1869670116,3380091,3370570,1688458,1685285,0,0,0,0,4294967295,4294967295,4096,4096,0,0,1688459,1688459,296350013,296350018,296350021,296350026,0,0,0,0,0,0,0,0,4096,256,131072,4,15|4,0,1800000000,262144,6867,0,0,0,0,25400,0,25384,0,3176,3173,0,1,25400,0|620,1010556302,23,832020528,0,831782912,0,831782912,0,935550169,0,3173,3173,905085695,21,905085695,21,2080,4012558861,21,3819045482,0,0,0,0,0
1788098414405|1001|formal_primary_1800s|rotating|618,1378943233,33555404,1872508318,1869745621,0,0,0,0,0,0,0,0,0,0,1688526,1685353,0,0,0,0,0,0,0,0,0,0,0,0,0,0,0,0,0,0,0,0,4096,256,131072,4,15|4,0,1800000000,262144,6867,0,0,0,0,25400,0,25384,0,3176,3173,0,1,25400,0|620,329913794,23,832045056,0,831782912,0,831782912,0,935373074,0,3174,3173,906174302,21,906174302,21,2048,3914226260,21,3820067964,0,0,0,0,0
1788098419419|1001|formal_primary_1800s|fixed|620,1378943233,16781056,1878473717,1875701024,1878473717,1875701024,1878473717,1875701024,3391005,3381452,1693910,1690726,0,0,0,0,4294967295,4294967295,4096,4096,0,0,1693910,1693910,617281279,617281612,617281287,617281620,0,0,0,0,0,0,0,0,4096,256,131072,4,15|4,0,1800000000,262144,6867,0,0,0,0,25488,0,25472,0,3187,3184,0,1,25488,0|622,1331555935,23,834707004,0,834666496,0,834666496,0,938568633,0,3184,3184,1198601399,21,1198601399,21,2080,21828866,22,3832276930,0,0,0,0,0
1788098419419|1001|formal_primary_1800s|rotating|620,1378943233,33555404,1878549315,1875776649,0,0,0,0,0,0,0,0,0,0,1693978,1690794,0,0,0,0,0,0,0,0,0,0,0,0,0,0,0,0,0,0,0,0,4096,256,131072,4,15|4,0,1800000000,262144,6867,0,0,0,0,25488,0,25472,0,3187,3184,0,1,25488,0|622,650819492,23,834734176,0,834666496,0,834666496,0,938389760,0,3184,3184,1200014341,21,1200014341,21,2080,4218016636,21,3833305657,0,0,0,0,0
1788098424427|1001|formal_primary_1800s|fixed|622,1378943233,16780339,1884543005,1881761546,1884543005,1881761546,1884543005,1881761546,3401967,3392384,1699385,1696191,0,0,0,0,4294967295,4294967295,4096,4096,0,0,1699386,1699386,938012709,938012690,938012717,938012698,0,0,0,0,0,0,0,0,4096,256,131072,4,15|4,0,1800000000,262144,6867,0,0,0,0,25568,0,25552,0,3197,3194,0,1,25568,0|624,1652095351,23,837403532,0,837287936,0,837287936,0,941599398,0,3194,3194,1494092218,21,1494092218,21,2080,327130049,22,3844305304,0,0,0,0,0
1788098424427|1001|formal_primary_1800s|rotating|622,1378943233,33555404,1884610358,1881828932,0,0,0,0,0,0,0,0,0,0,1699445,1696251,0,0,0,0,0,0,0,0,0,0,0,0,0,0,0,0,0,0,0,0,4096,256,131072,4,15|4,0,1800000000,262144,6867,0,0,0,0,25568,0,25552,0,3197,3194,0,1,25568,0|624,971230064,23,837429716,0,837287936,0,837287936,0,941418700,0,3194,3194,1495368708,21,1495368708,21,2080,227902539,22,3845338049,0,0,0,0,0
1788098429434|1001|formal_primary_1800s|fixed|624,1378943233,16780339,1890605213,1887813445,1890605213,1887813445,1890605213,1887813445,3412915,3403302,1704854,1701650,0,0,0,0,4294967295,4294967295,4096,4096,0,0,1704855,1704855,1258411766,1258411803,1258411774,1258411779,0,0,0,0,0,0,0,0,4096,256,131072,4,15|4,0,1800000000,262144,6867,0,0,0,0,25648,0,25632,0,3207,3204,0,1,25648,0|626,1972655638,23,840100060,0,839909376,0,839909376,0,944629294,0,3204,3204,1789598898,21,1789598898,21,2080,632451582,22,3856334136,0,0,0,0,0
1788098429434|1001|formal_primary_1800s|rotating|624,1378943233,33555404,1890669271,1887877468,0,0,0,0,0,0,0,0,0,0,1704912,1701708,0,0,0,0,0,0,0,0,0,0,0,0,0,0,0,0,0,0,0,0,4096,256,131072,4,15|4,0,1800000000,262144,6867,0,0,0,0,25648,0,25632,0,3207,3204,0,1,25648,0|626,1291599853,23,840124760,0,839909376,0,839909376,0,944445874,0,3204,3204,1790686833,21,1790686833,21,2080,532714885,22,3857366013,0,0,0,0,0
1788098434436|1001|formal_primary_1800s|fixed|626,1378943233,16780339,1896663650,1893863544,1896663650,1893863544,1896663650,1893863544,3423857,3414214,1710320,1707106,0,0,0,0,4294967295,4294967295,4096,4096,0,0,1710321,1710321,1578601740,1578601761,1578601748,1578601745,0,0,0,0,0,0,0,0,4096,256,131072,4,15|4,0,1800000000,262144,6867,0,0,0,0,25728,0,25712,0,3217,3214,0,1,25728,0|628,2291752907,23,842783744,0,842530816,0,842530816,0,947645713,0,3214,3214,2083644281,21,2083644281,21,2080,936309955,22,3868363114,0,0,0,0,0
1788098434436|1001|formal_primary_1800s|rotating|626,1378943233,33555404,1896715728,1893915600,0,0,0,0,0,0,0,0,0,0,1710367,1707153,0,0,0,0,0,0,0,0,0,0,0,0,0,0,0,0,0,0,0,0,4096,256,131072,4,15|4,0,1800000000,262144,6867,0,0,0,0,25732,0,25720,0,3218,3215,0,1,25736,0|628,1611453966,23,842800864,0,842792960,0,842792960,0,947453415,0,3215,3215,2083054041,21,2083054041,21,2080,835453966,22,3870598977,0,0,0,0,0
1788098439443|1001|formal_primary_1800s|fixed|628,1378943233,16781056,1902695477,1899886564,1902695477,1899886564,1902695477,1899886564,3434754,3425078,1715764,1712539,0,0,0,0,4294967295,4294967295,4096,4096,0,0,1715764,1715764,1899063166,1899063483,1899063174,1899063499,0,0,0,0,0,0,0,0,4096,256,131072,4,15|4,0,1800000000,262144,6867,0,0,0,0,25816,0,25800,0,3228,3225,0,1,25816,0|630,2613235665,23,845474668,0,845414400,0,845414400,0,950669307,0,3225,3225,2377640704,21,2377640704,21,2080,1241030299,22,3881594670,0,0,0,0,0
1788098439443|1001|formal_primary_1800s|rotating|628,1378943233,33555404,1902763508,1899954618,0,0,0,0,0,0,0,0,0,0,1715825,1712600,0,0,0,0,0,0,0,0,0,0,0,0,0,0,0,0,0,0,0,0,4096,256,131072,4,15|4,0,1800000000,262144,6867,0,0,0,0,25816,0,25800,0,3228,3225,0,1,25816,0|630,1932286977,23,845500356,0,845414400,0,845414400,0,950485620,0,3225,3225,2378829170,21,2378829170,21,2080,1140726319,22,3882632073,0,0,0,0,0
1788098444454|1001|formal_primary_1800s|fixed|630,1378943233,16780339,1908756773,1905937625,1908756773,1905937625,1908756773,1905937625,3445710,3436004,1721236,1718001,0,0,0,0,4294967295,4294967295,4096,4096,0,0,1721237,1721237,2219639278,2219639251,2219639286,2219639267,0,0,0,0,0,0,0,0,4096,256,131072,4,15|4,0,1800000000,262144,6867,0,0,0,0,25896,0,25880,0,3238,3235,0,1,25896,0|632,2933832286,23,848171692,0,848035840,0,848035840,0,953697764,0,3235,3235,2673187177,21,2673187177,21,2080,1546388035,22,3893623680,0,0,0,0,0
1788098444454|1001|formal_primary_1800s|rotating|630,1378943233,33557316,1908831649,1906012517,0,0,0,0,0,0,0,0,0,0,1721304,1718069,0,0,0,0,0,0,0,0,0,0,0,0,0,0,0,0,0,0,0,0,4096,256,131072,4,15|4,0,1800000000,262144,6867,0,0,0,0,25896,0,25880,0,3238,3235,0,1,25896,0|632,2253354290,23,848201332,0,848035840,0,848035840,0,953518409,0,3235,3235,2674840984,21,2674840984,21,2080,1446237544,22,3894662362,0,0,0,0,0
1788098449458|1001|formal_primary_1800s|fixed|632,1378943233,16780339,1914811917,1911983574,1914811917,1911983574,1914811917,1911983574,3456654,3446918,1726703,1723458,0,0,0,0,4294967295,4294967295,4096,4096,0,0,1726704,1726704,2539884784,2539884781,2539884792,2539884789,0,0,0,0,0,0,0,0,4096,256,131072,4,15|4,0,1800000000,262144,6867,0,0,0,0,25976,0,25960,0,3248,3245,0,1,25976,0|634,3254217250,23,850866736,0,850657280,0,850657280,0,956724532,0,3245,3245,2968518222,21,2968518222,21,2080,1851533630,22,3905653168,0,0,0,0,0
1788098449458|1001|formal_primary_1800s|rotating|632,1378943233,33558272,1914887113,1912058811,0,0,0,0,0,0,0,0,0,0,1726771,1723526,0,0,0,0,0,0,0,0,0,0,0,0,0,0,0,0,0,0,0,0,4096,256,131072,4,15|4,0,1800000000,262144,6867,0,0,0,0,25976,0,25960,0,3248,3245,0,1,25976,0|634,2573392682,23,850893412,0,850657280,0,850657280,0,956540805,0,3245,3245,2969823793,21,2969823793,21,2080,1750713756,22,3906694971,0,0,0,0,0
1788098454464|1001|formal_primary_1800s|fixed|634,1378943233,16781056,1920881453,1918043696,1920881453,1918043696,1920881453,1918043696,3467606,3457840,1732175,1728920,0,0,0,0,4294967295,4294967295,4096,4096,0,0,1732175,1732175,2860398182,2860398499,2860398190,2860398507,0,0,0,0,0,0,0,0,4096,256,131072,4,15|4,0,1800000000,262144,6867,0,0,0,0,26060,0,26048,0,3259,3256,0,1,26060,0|636,3573655345,23,853540864,0,853540864,0,853540864,0,959740047,0,3256,3256,3261464924,21,3261464924,21,2048,2155201926,22,3918213038,0,0,0,0,0
1788098454464|1001|formal_primary_1800s|rotating|634,1378943233,33558272,1920902647,1918064190,0,0,0,0,0,0,0,0,0,0,1732195,1728939,0,0,0,0,0,0,0,0,0,0,0,0,0,0,0,0,0,0,0,0,4096,256,131072,4,15|4,0,1800000000,262144,6867,0,0,0,0,26064,0,26048,0,3259,3256,0,1,26064,0|636,2892811773,23,853566060,0,853540864,0,853540864,0,959545441,0,3256,3256,3261758120,21,3261758120,21,2080,2053020779,22,3919926631,0,0,0,0,0
1788098459474|1001|formal_primary_1800s|fixed|636,1378943233,16780339,1926911797,1924064808,1926911797,1924064808,1926911797,1924064808,3478507,3468708,1737619,1734353,0,0,0,0,4294967295,4294967295,4096,4096,0,0,1737620,1737620,3180950011,3180950008,3180949979,3180950000,0,0,0,0,0,0,0,0,4096,256,131072,4,15|4,0,1800000000,262144,6867,0,0,0,0,26144,0,26128,0,3269,3266,0,1,26144,0|638,3895947077,23,856251224,0,856162304,0,856162304,0,962776496,0,3266,3266,3557709965,21,3557709965,21,2080,2461262131,22,3930913699,0,0,0,0,0
1788098459474|1001|formal_primary_1800s|rotating|636,1378943233,33555404,1927014468,1924167311,0,0,0,0,0,0,0,0,0,0,1737712,1734446,0,0,0,0,0,0,0,0,0,0,0,0,0,0,0,0,0,0,0,0,4096,256,131072,4,15|4,0,1800000000,262144,6867,0,0,0,0,26144,0,26128,0,3269,3266,0,1,26144,0|638,3216434487,23,856289756,0,856162304,0,856162304,0,962604433,0,3266,3266,3560315868,21,3560315868,21,2080,2361082740,22,3931960718,0,0,0,0,0
1788098464479|1001|formal_primary_1800s|fixed|638,1378943233,16780339,1932971456,1930117023,1932971456,1930117023,1932971456,1930117023,3489455,3479626,1743088,1739812,0,0,0,0,4294967295,4294967295,4096,4096,0,0,1743089,1743089,3501300223,3501300204,3501300199,3501300212,0,0,0,0,0,0,0,0,4096,256,131072,4,15|4,0,1800000000,262144,6867,0,0,0,0,26224,0,26208,0,3279,3276,0,1,26224,0|640,4215458923,23,858938860,0,858783744,0,858783744,0,965796057,0,3276,3276,3852175239,21,3852175239,21,2080,2765535394,22,3942942410,0,0,0,0,0
1788098464479|1001|formal_primary_1800s|rotating|638,1378943233,33555404,1933045861,1930191435,0,0,0,0,0,0,0,0,0,0,1743155,1739879,0,0,0,0,0,0,0,0,0,0,0,0,0,0,0,0,0,0,0,0,4096,256,131072,4,15|4,0,1800000000,262144,6867,0,0,0,0,26224,0,26208,0,3279,3276,0,1,26224,0|640,3534722600,23,858966524,0,858783744,0,858783744,0,965611054,0,3276,3276,3853552579,21,3853552579,21,2080,2663813737,22,3943992982,0,0,0,0,0
1788098469480|1001|formal_primary_1800s|fixed|640,1378943233,16780339,1939031345,1936167653,1939031345,1936167653,1939031345,1936167653,3500391,3490532,1748551,1745265,0,0,0,0,4294967295,4294967295,4096,4096,0,0,1748552,1748552,3821348665,3821348678,3821348673,3821348686,0,0,0,0,0,0,0,0,4096,256,131072,4,15|4,0,1800000000,262144,6867,0,0,0,0,26304,0,26288,0,3289,3286,0,1,26304,0|642,240688766,24,861632424,0,861405184,0,861405184,0,968825045,0,3286,3286,4147321722,21,4147321722,21,2080,3070493577,22,3954971503,0,0,0,0,0
1788098469480|1001|formal_primary_1800s|rotating|640,1378943233,33555404,1939106775,1936243068,0,0,0,0,0,0,0,0,0,0,1748619,1745333,0,0,0,0,0,0,0,0,0,0,0,0,0,0,0,0,0,0,0,0,4096,256,131072,4,15|4,0,1800000000,262144,6867,0,0,0,0,26304,0,26288,0,3289,3286,0,1,26304,0|642,3855077992,23,861661572,0,861405184,0,861405184,0,968641114,0,3286,3286,4148849995,21,4148849995,21,2080,2968607779,22,3956027265,0,0,0,0,0
1788098474480|1001|formal_primary_1800s|fixed|642,1378943233,16781056,1945074432,1942200465,1945074432,1942200465,1945074432,1942200465,3511305,3501414,1754004,1750707,0,0,0,0,4294967295,4294967295,4096,4096,0,0,1754004,1754004,4140776909,4140776909,4140776917,4140776917,0,0,0,0,0,0,0,0,4096,256,131072,4,15|5,0,1800000000,262144,6867,0,0,0,0,26392,0,26376,0,3300,3297,0,1,26392,0|644,560607276,24,864309024,0,864288768,0,864288768,0,971833691,0,3297,3297,144791368,22,144791368,22,2080,3373649501,22,3968203226,0,0,0,0,0
1788098474480|1001|formal_primary_1800s|rotating|642,1378943233,33555404,1945129331,1942255456,0,0,0,0,0,0,0,0,0,0,1754053,1750756,0,0,0,0,0,0,0,0,0,0,0,0,0,0,0,0,0,0,0,0,4096,256,131072,4,15|4,0,1800000000,262144,6867,0,0,0,0,26392,0,26376,0,3300,3297,0,1,26392,0|644,4174925000,23,864337676,0,864288768,0,864288768,0,971648242,0,3297,3297,146240927,22,146240927,22,2080,3271342485,22,3969262108,0,0,0,0,0
1788098479494|1001|formal_primary_1800s|fixed|644,1378943233,16781056,1951130255,1948247401,1951130255,1948247401,1951130255,1948247401,3522244,3512322,1759468,1756161,0,0,0,0,4294967295,4294967295,4096,4096,0,0,1759468,1759468,167438554,167438887,167438562,167438895,0,0,0,0,0,0,0,0,4096,256,131072,4,15|4,0,1800000000,262144,6867,0,0,0,0,26472,0,26456,0,3310,3307,0,1,26472,0|646,881711104,24,867010984,0,866910208,0,866910208,0,974869462,0,3307,3307,440838490,22,440838490,22,2080,3679514396,22,3980232292,0,0,0,0,0
1788098479494|1001|formal_primary_1800s|rotating|644,1378943233,33555404,1951199482,1948316750,0,0,0,0,0,0,0,0,0,0,1759530,1756223,0,0,0,0,0,0,0,0,0,0,0,0,0,0,0,0,0,0,0,0,4096,256,131072,4,15|4,0,1800000000,262144,6867,0,0,0,0,26472,0,26456,0,3310,3307,0,1,26472,0|646,200691016,24,867035684,0,866910208,0,866910208,0,974679930,0,3307,3307,441920002,22,441920002,22,2080,3576514952,22,3981291905,0,0,0,0,0
1788098484498|1001|formal_primary_1800s|fixed|646,1378943233,16780339,1957192087,1954300308,1957192087,1954300308,1957192087,1954300308,3533184,3523232,1764932,1761615,0,0,0,0,4294967295,4294967295,4096,4096,0,0,1764933,1764933,487561562,487561575,487561578,487561591,0,0,0,0,0,0,0,0,4096,256,131072,4,15|4,0,1800000000,262144,6867,0,0,0,0,26552,0,26536,0,3320,3317,0,1,26552,0|648,1201766486,24,869703068,0,869531648,0,869531648,0,977897419,0,3317,3317,735843862,22,735843862,22,2080,3984330690,22,3992261488,0,0,0,0,0
1788098484498|1001|formal_primary_1800s|rotating|646,1378943233,33555404,1957268887,1954377111,0,0,0,0,0,0,0,0,0,0,1765001,1761684,0,0,0,0,0,0,0,0,0,0,0,0,0,0,0,0,0,0,0,0,4096,256,131072,4,15|4,0,1800000000,262144,6867,0,0,0,0,26552,0,26536,0,3320,3317,0,1,26552,0|648,522005145,24,869739128,0,869531648,0,869531648,0,977719618,0,3317,3317,738177979,22,738177979,22,2080,3882272061,22,3993322255,0,0,0,0,0
1788098489510|1001|formal_primary_1800s|fixed|648,1378943233,16780339,1963265489,1960364455,1963265489,1960364455,1963265489,1960364455,3544146,3534164,1770408,1767081,0,0,0,0,4294967295,4294967295,4096,4096,0,0,1770409,1770409,808328723,808328704,808328731,808328712,0,0,0,0,0,0,0,0,4096,256,131072,4,15|4,0,1800000000,262144,6867,0,0,0,0,26632,0,26616,0,3330,3327,0,1,26632,0|650,1522618068,24,872402560,0,872153088,0,872153088,0,980932696,0,3327,3327,1031639496,22,1031639496,22,2080,4289943354,22,4004290506,0,0,0,0,0
1788098489510|1001|formal_primary_1800s|rotating|648,1378943233,33555404,1963340196,1960439238,0,0,0,0,0,0,0,0,0,0,1770475,1767148,0,0,0,0,0,0,0,0,0,0,0,0,0,0,0,0,0,0,0,0,4096,256,131072,4,15|4,0,1800000000,262144,6867,0,0,0,0,26636,0,26624,0,3331,3328,0,1,26636,0|650,841737432,24,872415232,0,872415232,0,872415232,0,980735969,0,3328,3328,1031342201,22,1031342201,22,2048,4185807582,22,4005957027,0,0,0,0,0
1788098494513|1001|formal_primary_1800s|fixed|650,1378943233,16781056,1969297921,1966388775,1969297921,1966388775,1969297921,1966388775,3555041,3545026,1775851,1772513,0,0,0,0,4294967295,4294967295,4096,4096,0,0,1775851,1775851,1128739118,1128739443,1128739126,1128739451,0,0,0,0,0,0,0,0,4096,256,131072,4,15|4,0,1800000000,262144,6867,0,0,0,0,26720,0,26704,0,3341,3338,0,1,26720,0|652,1843119870,24,875084592,0,875036672,0,875036672,0,983947776,0,3338,3338,1324658080,22,1324658080,22,2080,298715683,23,4017521810,0,0,0,0,0
1788098494513|1001|formal_primary_1800s|rotating|650,1378943233,33558272,1969364556,1966455395,0,0,0,0,0,0,0,0,0,0,1775911,1772573,0,0,0,0,0,0,0,0,0,0,0,0,0,0,0,0,0,0,0,0,4096,256,131072,4,15|4,0,1800000000,262144,6867,0,0,0,0,26720,0,26704,0,3341,3338,0,1,26720,0|652,1161758338,24,875106328,0,875036672,0,875036672,0,983752494,0,3338,3338,1325388429,22,1325388429,22,2080,194382788,23,4018588308,0,0,0,0,0
1788098499519|1001|formal_primary_1800s|fixed|652,1378943233,16781056,1975360283,1972441472,1975360283,1972441472,1975360283,1972441472,3565983,3555938,1781317,1777969,0,0,0,0,4294967295,4294967295,4096,4096,0,0,1781317,1781317,1448942458,1448942791,1448942466,1448942799,0,0,0,0,0,0,0,0,4096,256,131072,4,15|4,0,1800000000,262144,6867,0,0,0,0,26800,0,26784,0,3351,3348,0,1,26800,0|654,2163336561,24,877778156,0,877658112,0,877658112,0,986976644,0,3348,3348,1619828875,22,1619828875,22,2080,603693317,23,4029550978,0,0,0,0,0
1788098499519|1001|formal_primary_1800s|rotating|652,1378943233,33555404,1975450992,1972532172,0,0,0,0,0,0,0,0,0,0,1781398,1778050,0,0,0,0,0,0,0,0,0,0,0,0,0,0,0,0,0,0,0,0,4096,256,131072,4,15|4,0,1800000000,262144,6867,0,0,0,0,26800,0,26784,0,3351,3348,0,1,26800,0|654,1483394886,24,877812736,0,877658112,0,877658112,0,986794869,0,3348,3348,1621962112,22,1621962112,22,2080,500460796,23,4030624624,0,0,0,0,0
1788098504531|1001|formal_primary_1800s|fixed|654,1378943233,16780339,1981438288,1978510136,1981438288,1978510136,1981438288,1978510136,3576953,3566878,1786796,1783438,0,0,0,0,4294967295,4294967295,4096,4096,0,0,1786797,1786797,1769913755,1769913736,1769913763,1769913744,0,0,0,0,0,0,0,0,4096,256,131072,4,15|4,0,1800000000,262144,6867,0,0,0,0,26880,0,26864,0,3361,3358,0,1,26880,0|656,2484231232,24,880477648,0,880279552,0,880279552,0,990012687,0,3358,3358,1915669538,22,1915669538,22,2080,909349489,23,4041579572,0,0,0,0,0
1788098504531|1001|formal_primary_1800s|rotating|654,1378943233,33555404,1981506161,1978577998,0,0,0,0,0,0,0,0,0,0,1786857,1783499,0,0,0,0,0,0,0,0,0,0,0,0,0,0,0,0,0,0,0,0,4096,256,131072,4,15|4,0,1800000000,262144,6867,0,0,0,0,26880,0,26864,0,3361,3358,0,1,26880,0|656,1803146312,24,880502348,0,880279552,0,880279552,0,989818773,0,3358,3358,1916663513,22,1916663513,22,2080,804655134,23,4042652289,0,0,0,0,0
1788098509543|1001|formal_primary_1800s|fixed|656,1378943233,16781056,1987514551,1984578293,1987514551,1984578293,1987514551,1984578293,3587925,3577820,1792278,1788910,0,0,0,0,4294967295,4294967295,4096,4096,0,0,1792278,1792278,2090966582,2090966891,2090966590,2090966907,0,0,0,0,0,0,0,0,4096,256,131072,4,15|4,0,1800000000,262144,6867,0,0,0,0,26968,0,26952,0,3372,3369,0,1,26968,0|658,2806435335,24,883174992,0,883163136,0,883163136,0,993044188,0,3369,3369,2210384463,22,2210384463,22,2080,1214790352,23,4054811947,0,0,0,0,0
1788098509543|1001|formal_primary_1800s|rotating|656,1378943233,33555404,1987600290,1984663289,0,0,0,0,0,0,0,0,0,0,1792356,1788987,0,0,0,0,0,0,0,0,0,0,0,0,0,0,0,0,0,0,0,0,4096,256,131072,4,15|4,0,1800000000,262144,6867,0,0,0,0,26968,0,26952,0,3372,3369,0,1,26968,0|658,2127277343,24,883216488,0,883163136,0,883163136,0,992868727,0,3369,3369,2213294015,22,2213294015,22,2080,1111669860,23,4055889350,0,0,0,0,0
1788098514550|1001|formal_primary_1800s|fixed|658,1378943233,16780339,1993545180,1990599133,1993545180,1990599133,1993545180,1990599133,3598814,3588676,1797716,1794337,0,0,0,0,4294967295,4294967295,4096,4096,0,0,1797717,1797717,2411171533,2411171538,2411171509,2411171498,0,0,0,0,0,0,0,0,4096,256,131072,4,15|4,0,1800000000,262144,6867,0,0,0,0,27048,0,27032,0,3382,3379,0,1,27048,0|660,3125445532,24,885857688,0,885784576,0,885784576,0,996061138,0,3379,3379,2504346845,22,2504346845,22,2080,1518561618,23,4066840966,0,0,0,0,0
1788098514550|1001|formal_primary_1800s|rotating|658,1378943233,33558272,1993613469,1990667419,0,0,0,0,0,0,0,0,0,0,1797778,1794399,0,0,0,0,0,0,0,0,0,0,0,0,0,0,0,0,0,0,0,0,4096,256,131072,4,15|4,0,1800000000,262144,6867,0,0,0,0,27048,0,27032,0,3382,3379,0,1,27048,0|660,2444189448,24,885880908,0,885784576,0,885784576,0,995864107,0,3379,3379,2505158961,22,2505158961,22,2080,1413023878,23,4067920459,0,0,0,0,0
1788098519568|1001|formal_primary_1800s|fixed|660,1378943233,16780339,1999623208,1996667770,1999623208,1996667770,1999623208,1996667770,3609782,3599614,1803196,1799807,0,0,0,0,4294967295,4294967295,4096,4096,0,0,1803196,1803196,2732120181,2732120514,2732120189,2732120522,0,0,0,0,0,0,0,0,4096,256,131072,4,15|4,0,1800000000,262144,6867,0,0,0,0,27128,0,27112,0,3392,3389,0,1,27128,0|662,3446411387,24,888558168,0,888406016,0,888406016,0,999097863,0,3389,3389,2800261588,22,2800261588,22,2080,1824288645,23,4078869897,0,0,0,0,0
1788098519568|1001|formal_primary_1800s|rotating|660,1378943233,33558272,1999695542,1996739974,0,0,0,0,0,0,0,0,0,0,1803261,1799872,0,0,0,0,0,0,0,0,0,0,0,0,0,0,0,0,0,0,0,0,4096,256,131072,4,15|4,0,1800000000,262144,6867,0,0,0,0,27128,0,27112,0,3392,3389,0,1,27128,0|662,2765345247,24,888582868,0,888406016,0,888406016,0,998902078,0,3389,3389,2801255676,22,2801255676,22,2080,1718620087,23,4079954057,0,0,0,0,0
1788098524573|1001|formal_primary_1800s|fixed|662,1378943233,16781056,2005692600,2002728829,2005692600,2002728829,2005692600,2002728829,3620730,3610532,1808665,1805266,0,0,0,0,4294967295,4294967295,4096,4096,0,0,1808665,1808665,3052490192,3052490525,3052490200,3052490533,0,0,0,0,0,0,0,0,4096,256,131072,4,15|4,0,1800000000,262144,6867,0,0,0,0,27208,0,27192,0,3402,3399,0,1,27208,0|664,3766821547,24,891253708,0,891027456,0,891027456,0,1002130855,0,3399,3399,3095621900,22,3095621900,22,2080,2129460416,23,4090898391,0,0,0,0,0
1788098524573|1001|formal_primary_1800s|rotating|662,1378943233,33555404,2005767925,2002804298,0,0,0,0,0,0,0,0,0,0,1808732,1805333,0,0,0,0,0,0,0,0,0,0,0,0,0,0,0,0,0,0,0,0,4096,256,131072,4,15|4,0,1800000000,262144,6867,0,0,0,0,27208,0,27192,0,3402,3399,0,1,27208,0|664,3086159769,24,891281868,0,891027456,0,891027456,0,1001938182,0,3399,3399,3097011697,22,3097011697,22,2080,2023874463,23,4091987879,0,0,0,0,0
1788098529575|1001|formal_primary_1800s|fixed|664,1378943233,16781056,2011741113,2008767209,2011741113,2008767209,2011741113,2008767209,3631650,3621420,1814120,1810710,0,0,0,0,4294967295,4294967295,4096,4096,0,0,1814120,1814120,3372069755,3372069755,3372069763,3372069763,0,0,0,0,0,0,0,0,4096,256,131072,4,15|5,0,1800000000,262144,6867,0,0,0,0,27296,0,27280,0,3413,3410,0,1,27296,0|666,4086021582,24,893923884,0,893911040,0,893911040,0,1005133590,0,3410,3410,3387340500,22,3387340500,22,2080,2431897870,23,4104130083,0,0,0,0,0
1788098529575|1001|formal_primary_1800s|rotating|664,1378943233,33555404,2011777699,2008803750,0,0,0,0,0,0,0,0,0,0,1814152,1810742,0,0,0,0,0,0,0,0,0,0,0,0,0,0,0,0,0,0,0,0,4096,256,131072,4,15|4,0,1800000000,262144,6867,0,0,0,0,27296,0,27280,0,3413,3410,0,1,27296,0|666,3406015164,24,893957972,0,893911040,0,893911040,0,1004946842,0,3410,3410,3389376861,22,3389376861,22,2080,2326614634,23,4105224163,0,0,0,0,0
1788098534587|1001|formal_primary_1800s|fixed|666,1378943233,16780339,2017797175,2014814163,2017797175,2014814163,2017797175,2014814163,3642578,3632317,1819578,1816158,0,0,0,0,4294967295,4294967295,4096,4096,0,0,1819579,1819579,3693385518,3693385539,3693385526,3693385507,0,0,0,0,0,0,0,0,4096,256,131072,4,15|4,0,1800000000,262144,6867,0,0,0,0,27376,0,27360,0,3423,3420,0,1,27376,0|668,112767022,25,896630788,0,896532480,0,896532480,0,1008178799,0,3420,3420,3684002342,22,3684002342,22,2080,2738372273,23,4116158509,0,0,0,0,0
1788098534587|1001|formal_primary_1800s|rotating|666,1378943233,33558272,2017872605,2014889688,0,0,0,0,0,0,0,0,0,0,1819646,1816226,0,0,0,0,0,0,0,0,0,0,0,0,0,0,0,0,0,0,0,0,4096,256,131072,4,15|4,0,1800000000,262144,6867,0,0,0,0,27376,0,27360,0,3423,3420,0,1,27376,0|668,3727009947,24,896658452,0,896532480,0,896532480,0,1007984124,0,3420,3420,3685313639,22,3685313639,22,2080,2632051871,23,4117257120,0,0,0,0,0
1788098539607|1001|formal_primary_1800s|fixed|668,1378943233,16780339,2023882067,2020891692,2023882067,2020891692,2023882067,2020891692,3653561,3643270,1825064,1821634,0,0,0,0,4294967295,4294967295,4096,4096,0,0,1825065,1825065,4014733157,4014733186,4014733165,4014733194,0,0,0,0,0,0,0,0,4096,256,131072,4,15|4,0,1800000000,262144,6867,0,0,0,0,27456,0,27440,0,3433,3430,0,1,27456,0|670,434025605,25,899333736,0,899153920,0,899153920,0,1011218414,0,3430,3430,3980210163,22,3980210163,22,2080,3044392053,23,4128187389,0,0,0,0,0
1788098539607|1001|formal_primary_1800s|rotating|668,1378943233,33558272,2023958041,2020967540,0,0,0,0,0,0,0,0,0,0,1825133,1821703,0,0,0,0,0,0,0,0,0,0,0,0,0,0,0,0,0,0,0,0,4096,256,131072,4,15|4,0,1800000000,262144,6867,0,0,0,0,27456,0,27440,0,3433,3430,0,1,27456,0|670,4048303586,24,899361896,0,899153920,0,899153920,0,1011023453,0,3430,3430,3981548222,22,3981548222,22,2080,2937787267,23,4129290368,0,0,0,0,0
1788098544613|1001|formal_primary_1800s|fixed|670,1378943233,16780339,2029953182,2026952987,2029953182,2026952987,2029953182,2026952987,3664515,3654194,1830536,1827096,0,0,0,0,4294967295,4294967295,4096,4096,0,0,1830537,1830537,40293008,40292981,40292984,40292989,0,0,0,0,0,0,0,0,4096,256,131072,4,15|4,0,1800000000,262144,6867,0,0,0,0,27536,0,27520,0,3443,3440,0,1,27536,0|672,754606055,25,902030760,0,901775360,0,901775360,0,1014251943,0,3440,3440,4275742733,22,4275742733,22,2080,3349733451,23,4140216509,0,0,0,0,0
1788098544613|1001|formal_primary_1800s|rotating|670,1378943233,33558272,2030022470,2027022214,0,0,0,0,0,0,0,0,0,0,1830599,1827159,0,0,0,0,0,0,0,0,0,0,0,0,0,0,0,0,0,0,0,0,4096,256,131072,4,15|4,0,1800000000,262144,6867,0,0,0,0,27540,0,27528,0,3444,3441,0,1,27540,0|672,73592096,25,902037504,0,902037504,0,902037504,0,1014040745,0,3441,3441,4274667970,22,4274667970,22,2080,3241286489,23,4142493271,0,0,0,0,0
1788098549618|1001|formal_primary_1800s|fixed|672,1378943233,16780339,2035986602,2032976931,2035986602,2032976931,2035986602,2032976931,3675408,3665053,1835977,1832526,0,0,0,0,4294967295,4294967295,4096,4096,0,0,1835978,1835978,360613724,360613705,360613700,360613713,0,0,0,0,0,0,0,0,4096,256,131072,4,15|4,0,1800000000,262144,6867,0,0,0,0,27624,0,27608,0,3454,3451,0,1,27624,0|674,1074817659,25,904710320,0,904658944,0,904658944,0,1017265206,0,3451,3451,273501433,23,273501433,23,2080,3653182085,23,4153448557,0,0,0,0,0
1788098549618|1001|formal_primary_1800s|rotating|672,1378943233,33558272,2036054064,2033044459,0,0,0,0,0,0,0,0,0,0,1836038,1832587,0,0,0,0,0,0,0,0,0,0,0,0,0,0,0,0,0,0,0,0,4096,256,131072,4,15|4,0,1800000000,262144,6867,0,0,0,0,27624,0,27608,0,3454,3451,0,1,27624,0|674,393841364,25,904735516,0,904658944,0,904658944,0,1017066166,0,3451,3451,274538112,23,274538112,23,2080,3545618999,23,4154559950,0,0,0,0,0
1788098554631|1001|formal_primary_1800s|fixed|674,1378943233,16780339,2042068328,2039049029,2042068328,2039049029,2042068328,2039049029,3686380,3675996,1841458,1837997,0,0,0,0,4294967295,4294967295,4096,4096,0,0,1841459,1841459,681678843,681678816,681678827,681678824,0,0,0,0,0,0,0,0,4096,256,131072,4,15|4,0,1800000000,262144,6867,0,0,0,0,27704,0,27688,0,3464,3461,0,1,27704,0|676,1396689704,25,907418704,0,907280384,0,907280384,0,1020311651,0,3461,3461,570320500,23,570320500,23,2080,3959814957,23,4165477861,0,0,0,0,0
1788098554631|1001|formal_primary_1800s|rotating|674,1378943233,33558272,2042151765,2039132555,0,0,0,0,0,0,0,0,0,0,1841534,1838073,0,0,0,0,0,0,0,0,0,0,0,0,0,0,0,0,0,0,0,0,4096,256,131072,4,15|4,0,1800000000,262144,6867,0,0,0,0,27704,0,27688,0,3464,3461,0,1,27704,0|676,715712793,25,907443900,0,907280384,0,907280384,0,1020112023,0,3461,3461,571347526,23,571347526,23,2080,3851929975,23,4166594919,0,0,0,0,0
1788098559640|1001|formal_primary_1800s|fixed|676,1378943233,16781056,2048130439,2045102424,2048130439,2045102424,2048130439,2045102424,3697322,3686908,1846925,1843454,0,0,0,0,4294967295,4294967295,4096,4096,0,0,1846925,1846925,1001889572,1001889921,1001889580,1001889929,0,0,0,0,0,0,0,0,4096,256,131072,4,15|4,0,1800000000,262144,6867,0,0,0,0,27784,0,27768,0,3474,3471,0,1,27784,0|678,1716095792,25,910104860,0,909901824,0,909901824,0,1023332586,0,3471,3471,864677884,23,864677884,23,2080,4263982305,23,4177506751,0,0,0,0,0
1788098559640|1001|formal_primary_1800s|rotating|676,1378943233,33555404,2048205750,2045177693,0,0,0,0,0,0,0,0,0,0,1846992,1843521,0,0,0,0,0,0,0,0,0,0,0,0,0,0,0,0,0,0,0,0,4096,256,131072,4,15|4,0,1800000000,262144,6867,0,0,0,0,27784,0,27768,0,3474,3471,0,1,27784,0|678,1035498201,25,910134004,0,909901824,0,909901824,0,1023135781,0,3471,3471,866079673,23,866079673,23,2080,4156157398,23,4178625769,0,0,0,0,0
1788098564641|1001|formal_primary_1800s|fixed|678,1378943233,16781056,2054190315,2051153691,2054190315,2051153691,2054190315,2051153691,3708266,3697822,1852392,1848911,0,0,0,0,4294967295,4294967295,4096,4096,0,0,1852392,1852392,1322148153,1322148494,1322148161,1322148502,0,0,0,0,0,0,0,0,4096,256,131072,4,15|4,0,1800000000,262144,6867,0,0,0,0,27868,0,27856,0,3485,3482,0,1,27868,0|680,2036482340,25,912785408,0,912785408,0,912785408,0,1026353032,0,3482,3482,1158333163,23,1158333163,23,2048,273391732,24,4190306697,0,0,0,0,0
1788098564641|1001|formal_primary_1800s|rotating|678,1378943233,33555404,2054227625,2051190303,0,0,0,0,0,0,0,0,0,0,1852426,1848944,0,0,0,0,0,0,0,0,0,0,0,0,0,0,0,0,0,0,0,0,4096,256,131072,4,15|4,0,1800000000,262144,6867,0,0,0,0,27872,0,27856,0,3485,3482,0,1,27872,0|680,1355445188,25,912811096,0,912785408,0,912785408,0,1026144076,0,3482,3482,1158534822,23,1158534822,23,2080,164020818,24,4191863398,0,0,0,0,0
1788098569641|1001|formal_primary_1800s|fixed|680,1378943233,16780339,2060208956,2057163839,2060208956,2057163839,2060208956,2057163839,3719149,3708672,1857827,1854335,0,0,0,0,4294967295,4294967295,4096,4096,0,0,1857828,1857828,1642181357,1642181338,1642181325,1642181346,0,0,0,0,0,0,0,0,4096,256,131072,4,15|4,0,1800000000,262144,6867,0,0,0,0,27952,0,27936,0,3495,3492,0,1,27952,0|682,2356483540,25,915477984,0,915406848,0,915406848,0,1029368551,0,3492,3492,1452535818,23,1452535818,23,2080,577401900,24,4202766872,0,0,0,0,0
1788098569641|1001|formal_primary_1800s|rotating|680,1378943233,33555404,2060277338,2057232161,0,0,0,0,0,0,0,0,0,0,1857888,1854396,0,0,0,0,0,0,0,0,0,0,0,0,0,0,0,0,0,0,0,0,4096,256,131072,4,15|4,0,1800000000,262144,6867,0,0,0,0,27952,0,27936,0,3495,3492,0,1,27952,0|682,1675402323,25,915502192,0,915406848,0,915406848,0,1029165750,0,3492,3492,1453434196,23,1453434196,23,2080,468419456,24,4203898445,0,0,0,0,0
1788098574644|1001|formal_primary_1800s|fixed|682,1378943233,16780339,2066270505,2063216084,2066270505,2063216084,2066270505,2063216084,3730091,3719584,1863293,1859791,0,0,0,0,4294967295,4294967295,4096,4096,0,0,1863294,1863294,1962399562,1962399567,1962399570,1962399583,0,0,0,0,0,0,0,0,4096,256,131072,4,15|4,0,1800000000,262144,6867,0,0,0,0,28032,0,28016,0,3505,3502,0,1,28032,0|684,2676545453,25,918170068,0,918028288,0,918028288,0,1032395407,0,3502,3502,1747549727,23,1747549727,23,2080,882224769,24,4214796050,0,0,0,0,0
1788098574644|1001|formal_primary_1800s|rotating|682,1378943233,33555404,2066338438,2063283871,0,0,0,0,0,0,0,0,0,0,1863354,1859852,0,0,0,0,0,0,0,0,0,0,0,0,0,0,0,0,0,0,0,0,4096,256,131072,4,15|4,0,1800000000,262144,6867,0,0,0,0,28032,0,28016,0,3505,3502,0,1,28032,0|684,1995724256,25,918196744,0,918028288,0,918028288,0,1032194558,0,3502,3502,1748699467,23,1748699467,23,2080,773183600,24,4215931524,0,0,0,0,0
1788098579659|1001|formal_primary_1800s|fixed|684,1378943233,16781056,2072345355,2069281760,2072345355,2069281760,2072345355,2069281760,3741055,3730518,1868771,1865259,0,0,0,0,4294967295,4294967295,4096,4096,0,0,1868771,1868771,2283225958,2283226275,2283225966,2283226283,0,0,0,0,0,0,0,0,4096,256,131072,4,15|4,0,1800000000,262144,6867,0,0,0,0,28112,0,28096,0,3515,3512,0,1,28112,0|686,2999188346,25,920885368,0,920649728,0,920649728,0,1035448389,0,3512,3512,2045137532,23,2045137532,23,2080,1189628513,24,4226825314,0,0,0,0,0
1788098579659|1001|formal_primary_1800s|rotating|684,1378943233,33555404,2072459892,2069396196,0,0,0,0,0,0,0,0,0,0,1868874,1865362,0,0,0,0,0,0,0,0,0,0,0,0,0,0,0,0,0,0,0,0,4096,256,131072,4,15|4,0,1800000000,262144,6867,0,0,0,0,28112,0,28096,0,3515,3512,0,1,28112,0|686,2318936010,25,920911872,0,920649728,0,920649728,0,1035252579,0,3513,3512,2046248678,23,2046248678,23,2048,1080837562,24,4227963453,0,0,0,0,0
1788098584671|1001|formal_primary_1800s|fixed|686,1378943233,16781056,2078399214,2075326380,2078399214,2075326380,2078399214,2075326380,3751995,3741426,1874236,1870713,0,0,0,0,4294967295,4294967295,4096,4096,0,0,1874236,1874236,2603362435,2603362435,2603362443,2603362443,0,0,0,0,0,0,0,0,4096,256,131072,4,15|5,0,1800000000,262144,6867,0,0,0,0,28200,0,28184,0,3526,3523,0,1,28200,0|688,3318238952,25,923554556,0,923533312,0,923533312,0,1038446973,0,3523,3523,2336702631,23,2336702631,23,2080,1491916299,24,4240057271,0,0,0,0,0
1788098584671|1001|formal_primary_1800s|rotating|686,1378943233,33555404,2078456882,2075384147,0,0,0,0,0,0,0,0,0,0,1874288,1870765,0,0,0,0,0,0,0,0,0,0,0,0,0,0,0,0,0,0,0,0,4096,256,131072,4,15|4,0,1800000000,262144,6867,0,0,0,0,28200,0,28184,0,3526,3523,0,1,28200,0|688,2637336974,25,923580736,0,923533312,0,923533312,0,1038244016,0,3523,3523,2337765529,23,2337765529,23,2080,1382121617,24,4241197362,0,0,0,0,0
1788098589675|1001|formal_primary_1800s|fixed|688,1378943233,16780339,2084443980,2081362483,2084443980,2081362483,2084443980,2081362483,3762914,3752314,1879689,1876156,0,0,0,0,4294967295,4294967295,4096,4096,0,0,1879690,1879690,2924433005,2924433010,2924433013,2924433018,0,0,0,0,0,0,0,0,4096,256,131072,4,15|4,0,1800000000,262144,6867,0,0,0,0,28280,0,28264,0,3536,3533,0,1,28280,0|690,3638631004,25,926249600,0,926154752,0,926154752,0,1041475916,0,3533,3533,2632043143,23,2632043143,23,2080,1797069014,24,4252086720,0,0,0,0,0
1788098589675|1001|formal_primary_1800s|rotating|688,1378943233,33555404,2084510580,2081429084,0,0,0,0,0,0,0,0,0,0,1879749,1876216,0,0,0,0,0,0,0,0,0,0,0,0,0,0,0,0,0,0,0,0,4096,256,131072,4,15|4,0,1800000000,262144,6867,0,0,0,0,28280,0,28264,0,3536,3533,0,1,28280,0|690,2957573011,25,926274300,0,926154752,0,926154752,0,1041270727,0,3533,3533,2632945218,23,2632945218,23,2080,1686797429,24,4253230366,0,0,0,0,0
1788098594686|1001|formal_primary_1800s|fixed|690,1378943233,16780339,2090511646,2087421626,2090511646,2087421626,2090511646,2087421626,3773868,3763238,1885161,1881618,0,0,0,0,4294967295,4294967295,4096,4096,0,0,1885162,1885162,3244953589,3244953586,3244953597,3244953594,0,0,0,0,0,0,0,0,4096,256,131072,4,15|4,0,1800000000,262144,6867,0,0,0,0,28360,0,28344,0,3546,3543,0,1,28360,0|692,3959189036,25,928946624,0,928776192,0,928776192,0,1044508040,0,3543,3543,2927550539,23,2927550539,23,2080,2102387943,24,4264115938,0,0,0,0,0
1788098594686|1001|formal_primary_1800s|rotating|690,1378943233,33555404,2090586570,2087496414,0,0,0,0,0,0,0,0,0,0,1885228,1881685,0,0,0,0,0,0,0,0,0,0,0,0,0,0,0,0,0,0,0,0,4096,256,131072,4,15|4,0,1800000000,262144,6867,0,0,0,0,28360,0,28344,0,3546,3543,0,1,28360,0|692,3278442090,25,928973792,0,928776192,0,928776192,0,1044305110,0,3543,3543,2928757676,23,2928757676,23,2080,1992108657,24,4265262164,0,0,0,0,0
1788098599693|1001|formal_primary_1800s|fixed|692,1378943233,16780339,2096578057,2093479702,2096578057,2093479702,2096578057,2093479702,3784826,3774166,1890635,1887082,0,0,0,0,4294967295,4294967295,4096,4096,0,0,1890636,1890636,3565602923,3565602944,3565602931,3565602952,0,0,0,0,0,0,0,0,4096,256,131072,4,15|4,0,1800000000,262144,6867,0,0,0,0,28440,0,28424,0,3556,3553,0,1,28440,0|694,4279802582,25,931643644,0,931397632,0,931397632,0,1047538707,0,3553,3553,3223115741,23,3223115741,23,2080,2407762643,24,4276144908,0,0,0,0,0
1788098599693|1001|formal_primary_1800s|rotating|692,1378943233,33558272,2096646448,2093548024,0,0,0,0,0,0,0,0,0,0,1890697,1887144,0,0,0,0,0,0,0,0,0,0,0,0,0,0,0,0,0,0,0,0,4096,256,131072,4,15|4,0,1800000000,262144,6867,0,0,0,0,28444,0,28432,0,3557,3554,0,1,28444,0|694,3599512214,25,931659776,0,931659776,0,931659776,0,1047330880,0,3554,3554,3223035491,23,3223035491,23,2080,2296765398,24,4278118715,0,0,0,0,0
1788098604705|1001|formal_primary_1800s|fixed|694,1378943233,16781056,2102621818,2099514168,2102621818,2099514168,2102621818,2099514168,3795733,3785040,1896084,1892520,0,0,0,0,4294967295,4294967295,4096,4096,0,0,1896084,1896084,3886351497,3886351830,3886351505,3886351838,0,0,0,0,0,0,0,0,4096,256,131072,4,15|4,0,1800000000,262144,6867,0,0,0,0,28528,0,28512,0,3567,3564,0,1,28528,0|696,305498181,26,934327160,0,934281216,0,934281216,0,1050557345,0,3564,3564,3516288890,23,3516288890,23,2080,2711661813,24,4289377796,0,0,0,0,0
1788098604705|1001|formal_primary_1800s|rotating|694,1378943233,33555404,2102702422,2099594721,0,0,0,0,0,0,0,0,0,0,1896156,1892592,0,0,0,0,0,0,0,0,0,0,0,0,0,0,0,0,0,0,0,0,4096,256,131072,4,15|4,0,1800000000,262144,6867,0,0,0,0,28528,0,28512,0,3567,3564,0,1,28528,0|696,3920760925,25,934363716,0,934281216,0,934281216,0,1050363450,0,3564,3564,3518525680,23,3518525680,23,2080,2601752221,24,4290530613,0,0,0,0,0
1788098609710|1001|formal_primary_1800s|fixed|696,1378943233,16780339,2108686865,2105570011,2108686865,2105570011,2108686865,2105570011,3806681,3795958,1901552,1897978,0,0,0,0,4294967295,4294967295,4096,4096,0,0,1901553,1901553,4206699950,4206699931,4206699958,4206699939,0,0,0,0,0,0,0,0,4096,256,131072,4,15|4,0,1800000000,262144,6867,0,0,0,0,28608,0,28592,0,3577,3574,0,1,28608,0|698,626034018,26,937023688,0,936902656,0,936902656,0,1053589598,0,3574,3574,3811776471,23,3811776471,23,2080,3016958759,24,6439526,1,0,0,0,0
1788098609710|1001|formal_primary_1800s|rotating|696,1378943233,33558272,2108754364,2105637445,0,0,0,0,0,0,0,0,0,0,1901613,1898039,0,0,0,0,0,0,0,0,0,0,0,0,0,0,0,0,0,0,0,0,4096,256,131072,4,15|4,0,1800000000,262144,6867,0,0,0,0,28608,0,28592,0,3577,3574,0,1,28608,0|698,4239878260,25,937047836,0,936902656,0,936902656,0,1053381248,0,3574,3574,3812588206,23,3812588206,23,2080,2905311714,24,7597191,1,0,0,0,0
1788098614713|1001|formal_primary_1800s|fixed|698,1378943233,16780339,2114749220,2111622740,2114749220,2111622740,2114749220,2111622740,3817623,3806870,1907018,1903434,0,0,0,0,4294967295,4294967295,4096,4096,0,0,1907019,1907019,231944367,231944364,231944375,231944372,0,0,0,0,0,0,0,0,4096,256,131072,4,15|4,0,1800000000,262144,6867,0,0,0,0,28688,0,28672,0,3587,3584,0,1,28688,0|700,945108557,26,939707372,0,939524096,0,939524096,0,1056607019,0,3584,3584,4105803150,23,4105803150,23,2080,3320794620,24,18468323,1,0,0,0,0
1788098614713|1001|formal_primary_1800s|rotating|698,1378943233,33558272,2114801612,2111675120,0,0,0,0,0,0,0,0,0,0,1907066,1903482,0,0,0,0,0,0,0,0,0,0,0,0,0,0,0,0,0,0,0,0,4096,256,131072,4,15|4,0,1800000000,262144,6867,0,0,0,0,28688,0,28672,0,3587,3584,0,1,28688,0|700,264450218,26,939735528,0,939524096,0,939524096,0,1056402280,0,3584,3584,4107074517,23,4107074517,23,2080,3209292860,24,19628243,1,0,0,0,0
1788098619714|1001|formal_primary_1800s|fixed|700,1378943233,16781056,2120800636,2117665984,2120800636,2117665984,2120800636,2117665984,3828559,3817776,1912482,1908888,0,0,0,0,4294967295,4294967295,4096,4096,0,0,1912482,1912482,551993454,551993763,551993462,551993771,0,0,0,0,0,0,0,0,4096,256,131072,4,15|4,0,1800000000,262144,6867,0,0,0,0,28768,0,28752,0,3597,3594,0,1,28768,0|702,1266264999,26,942407680,0,942145536,0,942145536,0,1059641615,0,3595,3594,106765083,24,106765083,24,2052,3626712207,24,30497282,1,0,0,0,0
1788098619714|1001|formal_primary_1800s|rotating|700,1378943233,33558272,2120863858,2117728611,0,0,0,0,0,0,0,0,0,0,1912540,1908945,0,0,0,0,0,0,0,0,0,0,0,0,0,0,0,0,0,0,0,0,4096,256,131072,4,15|5,0,1800000000,262144,6867,0,0,0,0,28776,0,28760,0,3598,3595,0,1,28776,0|702,585942286,26,942425960,0,942407680,0,942407680,0,1059423851,0,3595,3595,106107742,24,106107742,24,2080,3513668586,24,32862237,1,0,0,0,0
1788098624725|1001|formal_primary_1800s|fixed|702,1378943233,16780339,2126840017,2123696042,2126840017,2123696042,2126840017,2123696042,3839462,3828646,1917927,1914322,0,0,0,0,4294967295,4294967295,4096,4096,0,0,1917928,1917928,872583738,872583775,872583754,872583783,0,0,0,0,0,0,0,0,4096,256,131072,4,15|4,0,1800000000,262144,6867,0,0,0,0,28856,0,28840,0,3608,3605,0,1,28856,0|704,1586791406,26,945091364,0,945029120,0,945029120,0,1062658333,0,3605,3605,399976758,24,399976758,24,2080,3930475942,24,43729125,1,0,0,0,0
1788098624725|1001|formal_primary_1800s|rotating|702,1378943233,33555404,2126915182,2123771080,0,0,0,0,0,0,0,0,0,0,1917995,1914390,0,0,0,0,0,0,0,0,0,0,0,0,0,0,0,0,0,0,0,0,4096,256,131072,4,15|4,0,1800000000,262144,6867,0,0,0,0,28856,0,28840,0,3608,3605,0,1,28856,0|704,906178160,26,945120016,0,945029120,0,945029120,0,1062452938,0,3605,3605,401291673,24,401291673,24,2080,3818347484,24,44890764,1,0,0,0,0
1788098629738|1001|formal_primary_1800s|fixed|704,1378943233,16780339,2132914949,2129761427,2132914949,2129761427,2132914949,2129761427,3850432,3839586,1923407,1919792,0,0,0,0,4294967295,4294967295,4096,4096,0,0,1923408,1923408,1193575892,1193575921,1193575900,1193575897,0,0,0,0,0,0,0,0,4096,256,131072,4,15|4,0,1800000000,262144,6867,0,0,0,0,28936,0,28920,0,3618,3615,0,1,28936,0|706,1906749792,26,947782952,0,947650560,0,947650560,0,1065683213,0,3615,3615,694883413,24,694883413,24,2080,4235195596,24,55758016,1,0,0,0,0
1788098629738|1001|formal_primary_1800s|rotating|704,1378943233,33555404,2132966084,2129812548,0,0,0,0,0,0,0,0,0,0,1923453,1919838,0,0,0,0,0,0,0,0,0,0,0,0,0,0,0,0,0,0,0,0,4096,256,131072,4,15|4,0,1800000000,262144,6867,0,0,0,0,28936,0,28920,0,3618,3615,0,1,28936,0|706,1225968200,26,947809748,0,947650560,0,947650560,0,1065475557,0,3615,3615,696029090,24,696029090,24,2080,4122578402,24,56921009,1,0,0,0,0
1788098634748|1001|formal_primary_1800s|fixed|706,1378943233,16780817,2138986343,2135821599,2138986343,2135821599,2138986343,2135821599,3861394,3850518,1928884,1925259,0,0,0,0,4294967295,4294967295,4096,4096,0,0,1928885,1928884,1514372150,1514354346,1514372126,1514354354,0,0,0,0,0,0,0,0,4096,256,131072,4,15|4,0,1800000000,262144,6867,0,0,0,0,29016,0,29000,0,3628,3625,0,1,29016,0|708,2229237570,26,950496772,0,950272000,0,950272000,0,1068733075,0,3625,3625,992317500,24,992317500,24,2080,247477229,25,67786967,1,0,0,0,0
1788098634748|1001|formal_primary_1800s|rotating|706,1378943233,33555404,2139072495,2135907831,0,0,0,0,0,0,0,0,0,0,1928961,1925336,0,0,0,0,0,0,0,0,0,0,0,0,0,0,0,0,0,0,0,0,4096,256,131072,4,15|4,0,1800000000,262144,6867,0,0,0,0,29016,0,29000,0,3628,3625,0,1,29016,0|708,1548405537,26,950523448,0,950272000,0,950272000,0,1068524423,0,3625,3625,993402881,24,993402881,24,2080,134488118,25,68956210,1,0,0,0,0
1788098639756|1001|formal_primary_1800s|fixed|708,1378943233,16780817,2145052670,2141877280,2145052670,2141877280,2145052670,2141877280,3872338,3861432,1934351,1930716,0,0,0,0,4294967295,4294967295,4096,4096,0,0,1934351,1934351,1834612532,1834591097,1834612540,1834591105,0,0,0,0,0,0,0,0,4096,256,131072,4,15|5,0,1800000000,262144,6867,0,0,0,0,29104,0,29088,0,3639,3636,0,1,29104,0|710,2548842669,26,953170404,0,953155584,0,953155584,0,1071741360,0,3636,3636,1284438046,24,1284438046,24,2080,550320060,25,81018374,1,0,0,0,0
1788098639756|1001|formal_primary_1800s|rotating|708,1378943233,33555404,2145095513,2141920027,0,0,0,0,0,0,0,0,0,0,1934390,1930754,0,0,0,0,0,0,0,0,0,0,0,0,0,0,0,0,0,0,0,0,4096,256,131072,4,15|4,0,1800000000,262144,6867,0,0,0,0,29104,0,29088,0,3639,3636,0,1,29104,0|710,1868089430,26,953198068,0,953155584,0,953155584,0,1071532568,0,3636,3636,1285601342,24,1285601342,24,2080,437058649,25,82187982,1,0,0,0,0
1788098644766|1001|formal_primary_1800s|fixed|710,1378943233,16780339,2151095104,2147911682,2151095104,2147911682,2151095104,2147911682,3883249,3872310,1939800,1936154,0,0,0,0,4294967295,4294967295,4096,4096,0,0,1939801,1939801,2155422067,2155422080,2155422075,2155422088,0,0,0,0,0,0,0,0,4096,256,131072,4,15|4,0,1800000000,262144,6867,0,0,0,0,29184,0,29168,0,3649,3646,0,1,29184,0|712,2870513726,26,955877308,0,955777024,0,955777024,0,1074784895,0,3646,3646,1581056212,24,1581056212,24,2080,856752768,25,93046804,1,0,0,0,0
1788098644766|1001|formal_primary_1800s|rotating|710,1378943233,33558272,2151187012,2148003693,0,0,0,0,0,0,0,0,0,0,1939883,1936237,0,0,0,0,0,0,0,0,0,0,0,0,0,0,0,0,0,0,0,0,4096,256,131072,4,15|4,0,1800000000,262144,6867,0,0,0,0,29184,0,29168,0,3649,3646,0,1,29184,0|712,2190423867,26,955910404,0,955777024,0,955777024,0,1074582321,0,3646,3646,1582874951,24,1582874951,24,2080,743833696,25,94220805,1,0,0,0,0
1788098649766|1001|formal_primary_1800s|fixed|712,1378943233,16780339,2157149010,2153957337,2157149010,2153957337,2157149010,2153957337,3894177,3883208,1945259,1941603,0,0,0,0,4294967295,4294967295,4096,4096,0,0,1945260,1945260,2475239753,2475239782,2475239761,2475239790,0,0,0,0,0,0,0,0,4096,256,131072,4,15|4,0,1800000000,262144,6867,0,0,0,0,29264,0,29248,0,3659,3656,0,1,29264,0|714,3189524722,26,958560004,0,958398464,0,958398464,0,1077801764,0,3656,3656,1875016294,24,1875016294,24,2080,1160524840,25,105075859,1,0,0,0,0
1788098649766|1001|formal_primary_1800s|rotating|712,1378943233,33555404,2157227532,2154035756,0,0,0,0,0,0,0,0,0,0,1945330,1941674,0,0,0,0,0,0,0,0,0,0,0,0,0,0,0,0,0,0,0,0,4096,256,131072,4,15|4,0,1800000000,262144,6867,0,0,0,0,29264,0,29248,0,3659,3656,0,1,29264,0|714,2508973520,26,958589148,0,958398464,0,958398464,0,1077593664,0,3656,3656,1876377330,24,1876377330,24,2080,1046825613,25,106248455,1,0,0,0,0
1788098654769|1001|formal_primary_1800s|fixed|714,1378943233,16780339,2163206906,2160006392,2163206906,2160006392,2163206906,2160006392,3905118,3894119,1950725,1947059,0,0,0,0,4294967295,4294967295,4096,4096,0,0,1950726,1950726,2795431830,2795431819,2795431838,2795431827,0,0,0,0,0,0,0,0,4096,256,131072,4,15|4,0,1800000000,262144,6867,0,0,0,0,29344,0,29328,0,3669,3666,0,1,29344,0|716,3509778743,26,961254060,0,961019904,0,961019904,0,1080829178,0,3666,3666,2170217715,24,2170217715,24,2080,1465539538,25,117105289,1,0,0,0,0
1788098654769|1001|formal_primary_1800s|rotating|714,1378943233,33555404,2163281727,2160081346,0,0,0,0,0,0,0,0,0,0,1950792,1947126,0,0,0,0,0,0,0,0,0,0,0,0,0,0,0,0,0,0,0,0,4096,256,131072,4,15|4,0,1800000000,262144,6867,0,0,0,0,29344,0,29328,0,3669,3666,0,1,29344,0|716,2829029820,26,961281724,0,961019904,0,961019904,0,1080618408,0,3666,3666,2171378500,24,2171378500,24,2060,1351321337,25,118280504,1,0,0,0,0
1788098659769|1001|formal_primary_1800s|fixed|716,1378943233,16781056,2169237520,2166028420,2169237520,2166028420,2169237520,2166028420,3916005,3904974,1956164,1952487,0,0,0,0,4294967295,4294967295,4096,4096,0,0,1956164,1956164,3114100113,3114100113,3114100121,3114100121,0,0,0,0,0,0,0,0,4096,256,131072,4,15|4,0,1800000000,262144,6867,0,0,0,0,29432,0,29416,0,3680,3677,0,1,29432,0|718,3830185355,26,963935600,0,963903488,0,963903488,0,1083844282,0,3677,3677,2463141502,24,2463141502,24,2080,1769183385,25,130337182,1,0,0,0,0
1788098659769|1001|formal_primary_1800s|rotating|716,1378943233,33555404,2169328989,2166119745,0,0,0,0,0,0,0,0,0,0,1956246,1952569,0,0,0,0,0,0,0,0,0,0,0,0,0,0,0,0,0,0,0,0,4096,256,131072,4,15|4,0,1800000000,262144,6867,0,0,0,0,29432,0,29416,0,3680,3677,0,1,29432,0|718,3150068601,26,963968204,0,963903488,0,963903488,0,1083639463,0,3677,3677,2464923615,24,2464923615,24,2080,1655245688,25,131517597,1,0,0,0,0
1788098664773|1001|formal_primary_1800s|fixed|718,1378943233,16781056,2175317181,2172097643,2175317181,2172097643,2175317181,2172097643,3926974,3915912,1961643,1957956,0,0,0,0,4294967295,4294967295,4096,4096,0,0,1961643,1961643,3436564367,3436564724,3436564375,3436564732,0,0,0,0,0,0,0,0,4096,256,131072,4,15|4,0,1800000000,262144,6867,0,0,0,0,29512,0,29496,0,3690,3687,0,1,29512,0|720,4149778196,26,966623728,0,966524928,0,966524928,0,1086868147,0,3687,3687,2757689824,24,2757689824,24,2080,2073537777,25,142365717,1,0,0,0,0
1788098664773|1001|formal_primary_1800s|rotating|718,1378943233,33555404,2175375412,2172155851,0,0,0,0,0,0,0,0,0,0,1961695,1958008,0,0,0,0,0,0,0,0,0,0,0,0,0,0,0,0,0,0,0,0,4096,256,131072,4,15|4,0,1800000000,262144,6867,0,0,0,0,29512,0,29496,0,3690,3687,0,1,29512,0|720,3469401871,26,966654356,0,966524928,0,966524928,0,1086660050,0,3687,3687,2759198608,24,2759198608,24,2080,1959019354,25,143554368,1,0,0,0,0
