scope,lane_mask,ack_lane_mask,payload_len,payload_pattern,source_stage,source_evidence,sent_frames,rx_good,ack_seen,crc_bad,payload_mismatch,retry_count,max_latency_cycles,txd_high_consecutive_max_cycles,duty_window_violation,shutdown_status,status,reason
lane0,0x1,0x1,0,zero,LANE0_ACK_RETRY_100,evidence/hardware/p5/protocol/lane0_ack_retry_100/p5_stage_result.json,,,,,,,,,,,UNSUPPORTED_BY_PROFILE_WITH_REASON,current RTL/profile exposes no hardware control for this payload length/pattern in P5; not promoted to PASS
lane0,0x1,0x1,0,ff,LANE0_ACK_RETRY_100,evidence/hardware/p5/protocol/lane0_ack_retry_100/p5_stage_result.json,,,,,,,,,,,UNSUPPORTED_BY_PROFILE_WITH_REASON,current RTL/profile exposes no hardware control for this payload length/pattern in P5; not promoted to PASS
lane0,0x1,0x1,0,aa55,LANE0_ACK_RETRY_100,evidence/hardware/p5/protocol/lane0_ack_retry_100/p5_stage_result.json,,,,,,,,,,,UNSUPPORTED_BY_PROFILE_WITH_REASON,current RTL/profile exposes no hardware control for this payload length/pattern in P5; not promoted to PASS
lane0,0x1,0x1,0,55aa,LANE0_ACK_RETRY_100,evidence/hardware/p5/protocol/lane0_ack_retry_100/p5_stage_result.json,,,,,,,,,,,UNSUPPORTED_BY_PROFILE_WITH_REASON,current RTL/profile exposes no hardware control for this payload length/pattern in P5; not promoted to PASS
lane0,0x1,0x1,0,counter8,LANE0_ACK_RETRY_100,evidence/hardware/p5/protocol/lane0_ack_retry_100/p5_stage_result.json,,,,,,,,,,,UNSUPPORTED_BY_PROFILE_WITH_REASON,current RTL/profile exposes no hardware control for this payload length/pattern in P5; not promoted to PASS
lane0,0x1,0x1,0,counter16,LANE0_ACK_RETRY_100,evidence/hardware/p5/protocol/lane0_ack_retry_100/p5_stage_result.json,,,,,,,,,,,UNSUPPORTED_BY_PROFILE_WITH_REASON,current RTL/profile exposes no hardware control for this payload length/pattern in P5; not promoted to PASS
lane0,0x1,0x1,0,walking1,LANE0_ACK_RETRY_100,evidence/hardware/p5/protocol/lane0_ack_retry_100/p5_stage_result.json,,,,,,,,,,,UNSUPPORTED_BY_PROFILE_WITH_REASON,current RTL/profile exposes no hardware control for this payload length/pattern in P5; not promoted to PASS
lane0,0x1,0x1,0,walking0,LANE0_ACK_RETRY_100,evidence/hardware/p5/protocol/lane0_ack_retry_100/p5_stage_result.json,,,,,,,,,,,UNSUPPORTED_BY_PROFILE_WITH_REASON,current RTL/profile exposes no hardware control for this payload length/pattern in P5; not promoted to PASS
lane0,0x1,0x1,0,prbs15,LANE0_ACK_RETRY_100,evidence/hardware/p5/protocol/lane0_ack_retry_100/p5_stage_result.json,,,,,,,,,,,UNSUPPORTED_BY_PROFILE_WITH_REASON,current RTL/profile exposes no hardware control for this payload length/pattern in P5; not promoted to PASS
lane0,0x1,0x1,1,zero,LANE0_ACK_RETRY_100,evidence/hardware/p5/protocol/lane0_ack_retry_100/p5_stage_result.json,,,,,,,,,,,UNSUPPORTED_BY_PROFILE_WITH_REASON,current RTL/profile exposes no hardware control for this payload length/pattern in P5; not promoted to PASS
lane0,0x1,0x1,1,ff,LANE0_ACK_RETRY_100,evidence/hardware/p5/protocol/lane0_ack_retry_100/p5_stage_result.json,,,,,,,,,,,UNSUPPORTED_BY_PROFILE_WITH_REASON,current RTL/profile exposes no hardware control for this payload length/pattern in P5; not promoted to PASS
lane0,0x1,0x1,1,aa55,LANE0_ACK_RETRY_100,evidence/hardware/p5/protocol/lane0_ack_retry_100/p5_stage_result.json,,,,,,,,,,,UNSUPPORTED_BY_PROFILE_WITH_REASON,current RTL/profile exposes no hardware control for this payload length/pattern in P5; not promoted to PASS
lane0,0x1,0x1,1,55aa,LANE0_ACK_RETRY_100,evidence/hardware/p5/protocol/lane0_ack_retry_100/p5_stage_result.json,,,,,,,,,,,UNSUPPORTED_BY_PROFILE_WITH_REASON,current RTL/profile exposes no hardware control for this payload length/pattern in P5; not promoted to PASS
lane0,0x1,0x1,1,counter8,LANE0_ACK_RETRY_100,evidence/hardware/p5/protocol/lane0_ack_retry_100/p5_stage_result.json,,,,,,,,,,,UNSUPPORTED_BY_PROFILE_WITH_REASON,current RTL/profile exposes no hardware control for this payload length/pattern in P5; not promoted to PASS
lane0,0x1,0x1,1,counter16,LANE0_ACK_RETRY_100,evidence/hardware/p5/protocol/lane0_ack_retry_100/p5_stage_result.json,,,,,,,,,,,UNSUPPORTED_BY_PROFILE_WITH_REASON,current RTL/profile exposes no hardware control for this payload length/pattern in P5; not promoted to PASS
lane0,0x1,0x1,1,walking1,LANE0_ACK_RETRY_100,evidence/hardware/p5/protocol/lane0_ack_retry_100/p5_stage_result.json,,,,,,,,,,,UNSUPPORTED_BY_PROFILE_WITH_REASON,current RTL/profile exposes no hardware control for this payload length/pattern in P5; not promoted to PASS
lane0,0x1,0x1,1,walking0,LANE0_ACK_RETRY_100,evidence/hardware/p5/protocol/lane0_ack_retry_100/p5_stage_result.json,,,,,,,,,,,UNSUPPORTED_BY_PROFILE_WITH_REASON,current RTL/profile exposes no hardware control for this payload length/pattern in P5; not promoted to PASS
lane0,0x1,0x1,1,prbs15,LANE0_ACK_RETRY_100,evidence/hardware/p5/protocol/lane0_ack_retry_100/p5_stage_result.json,,,,,,,,,,,UNSUPPORTED_BY_PROFILE_WITH_REASON,current RTL/profile exposes no hardware control for this payload length/pattern in P5; not promoted to PASS
lane0,0x1,0x1,2,zero,LANE0_ACK_RETRY_100,evidence/hardware/p5/protocol/lane0_ack_retry_100/p5_stage_result.json,,,,,,,,,,,UNSUPPORTED_BY_PROFILE_WITH_REASON,current RTL/profile exposes no hardware control for this payload length/pattern in P5; not promoted to PASS
lane0,0x1,0x1,2,ff,LANE0_ACK_RETRY_100,evidence/hardware/p5/protocol/lane0_ack_retry_100/p5_stage_result.json,,,,,,,,,,,UNSUPPORTED_BY_PROFILE_WITH_REASON,current RTL/profile exposes no hardware control for this payload length/pattern in P5; not promoted to PASS
lane0,0x1,0x1,2,aa55,LANE0_ACK_RETRY_100,evidence/hardware/p5/protocol/lane0_ack_retry_100/p5_stage_result.json,,,,,,,,,,,UNSUPPORTED_BY_PROFILE_WITH_REASON,current RTL/profile exposes no hardware control for this payload length/pattern in P5; not promoted to PASS
lane0,0x1,0x1,2,55aa,LANE0_ACK_RETRY_100,evidence/hardware/p5/protocol/lane0_ack_retry_100/p5_stage_result.json,,,,,,,,,,,UNSUPPORTED_BY_PROFILE_WITH_REASON,current RTL/profile exposes no hardware control for this payload length/pattern in P5; not promoted to PASS
lane0,0x1,0x1,2,counter8,LANE0_ACK_RETRY_100,evidence/hardware/p5/protocol/lane0_ack_retry_100/p5_stage_result.json,,,,,,,,,,,UNSUPPORTED_BY_PROFILE_WITH_REASON,current RTL/profile exposes no hardware control for this payload length/pattern in P5; not promoted to PASS
lane0,0x1,0x1,2,counter16,LANE0_ACK_RETRY_100,evidence/hardware/p5/protocol/lane0_ack_retry_100/p5_stage_result.json,,,,,,,,,,,UNSUPPORTED_BY_PROFILE_WITH_REASON,current RTL/profile exposes no hardware control for this payload length/pattern in P5; not promoted to PASS
lane0,0x1,0x1,2,walking1,LANE0_ACK_RETRY_100,evidence/hardware/p5/protocol/lane0_ack_retry_100/p5_stage_result.json,,,,,,,,,,,UNSUPPORTED_BY_PROFILE_WITH_REASON,current RTL/profile exposes no hardware control for this payload length/pattern in P5; not promoted to PASS
lane0,0x1,0x1,2,walking0,LANE0_ACK_RETRY_100,evidence/hardware/p5/protocol/lane0_ack_retry_100/p5_stage_result.json,,,,,,,,,,,UNSUPPORTED_BY_PROFILE_WITH_REASON,current RTL/profile exposes no hardware control for this payload length/pattern in P5; not promoted to PASS
lane0,0x1,0x1,2,prbs15,LANE0_ACK_RETRY_100,evidence/hardware/p5/protocol/lane0_ack_retry_100/p5_stage_result.json,,,,,,,,,,,UNSUPPORTED_BY_PROFILE_WITH_REASON,current RTL/profile exposes no hardware control for this payload length/pattern in P5; not promoted to PASS
lane0,0x1,0x1,3,zero,LANE0_ACK_RETRY_100,evidence/hardware/p5/protocol/lane0_ack_retry_100/p5_stage_result.json,,,,,,,,,,,UNSUPPORTED_BY_PROFILE_WITH_REASON,current RTL/profile exposes no hardware control for this payload length/pattern in P5; not promoted to PASS
lane0,0x1,0x1,3,ff,LANE0_ACK_RETRY_100,evidence/hardware/p5/protocol/lane0_ack_retry_100/p5_stage_result.json,,,,,,,,,,,UNSUPPORTED_BY_PROFILE_WITH_REASON,current RTL/profile exposes no hardware control for this payload length/pattern in P5; not promoted to PASS
lane0,0x1,0x1,3,aa55,LANE0_ACK_RETRY_100,evidence/hardware/p5/protocol/lane0_ack_retry_100/p5_stage_result.json,,,,,,,,,,,UNSUPPORTED_BY_PROFILE_WITH_REASON,current RTL/profile exposes no hardware control for this payload length/pattern in P5; not promoted to PASS
lane0,0x1,0x1,3,55aa,LANE0_ACK_RETRY_100,evidence/hardware/p5/protocol/lane0_ack_retry_100/p5_stage_result.json,,,,,,,,,,,UNSUPPORTED_BY_PROFILE_WITH_REASON,current RTL/profile exposes no hardware control for this payload length/pattern in P5; not promoted to PASS
lane0,0x1,0x1,3,counter8,LANE0_ACK_RETRY_100,evidence/hardware/p5/protocol/lane0_ack_retry_100/p5_stage_result.json,,,,,,,,,,,UNSUPPORTED_BY_PROFILE_WITH_REASON,current RTL/profile exposes no hardware control for this payload length/pattern in P5; not promoted to PASS
lane0,0x1,0x1,3,counter16,LANE0_ACK_RETRY_100,evidence/hardware/p5/protocol/lane0_ack_retry_100/p5_stage_result.json,,,,,,,,,,,UNSUPPORTED_BY_PROFILE_WITH_REASON,current RTL/profile exposes no hardware control for this payload length/pattern in P5; not promoted to PASS
lane0,0x1,0x1,3,walking1,LANE0_ACK_RETRY_100,evidence/hardware/p5/protocol/lane0_ack_retry_100/p5_stage_result.json,,,,,,,,,,,UNSUPPORTED_BY_PROFILE_WITH_REASON,current RTL/profile exposes no hardware control for this payload length/pattern in P5; not promoted to PASS
lane0,0x1,0x1,3,walking0,LANE0_ACK_RETRY_100,evidence/hardware/p5/protocol/lane0_ack_retry_100/p5_stage_result.json,,,,,,,,,,,UNSUPPORTED_BY_PROFILE_WITH_REASON,current RTL/profile exposes no hardware control for this payload length/pattern in P5; not promoted to PASS
lane0,0x1,0x1,3,prbs15,LANE0_ACK_RETRY_100,evidence/hardware/p5/protocol/lane0_ack_retry_100/p5_stage_result.json,,,,,,,,,,,UNSUPPORTED_BY_PROFILE_WITH_REASON,current RTL/profile exposes no hardware control for this payload length/pattern in P5; not promoted to PASS
lane0,0x1,0x1,7,zero,LANE0_ACK_RETRY_100,evidence/hardware/p5/protocol/lane0_ack_retry_100/p5_stage_result.json,,,,,,,,,,,UNSUPPORTED_BY_PROFILE_WITH_REASON,current RTL/profile exposes no hardware control for this payload length/pattern in P5; not promoted to PASS
lane0,0x1,0x1,7,ff,LANE0_ACK_RETRY_100,evidence/hardware/p5/protocol/lane0_ack_retry_100/p5_stage_result.json,,,,,,,,,,,UNSUPPORTED_BY_PROFILE_WITH_REASON,current RTL/profile exposes no hardware control for this payload length/pattern in P5; not promoted to PASS
lane0,0x1,0x1,7,aa55,LANE0_ACK_RETRY_100,evidence/hardware/p5/protocol/lane0_ack_retry_100/p5_stage_result.json,,,,,,,,,,,UNSUPPORTED_BY_PROFILE_WITH_REASON,current RTL/profile exposes no hardware control for this payload length/pattern in P5; not promoted to PASS
lane0,0x1,0x1,7,55aa,LANE0_ACK_RETRY_100,evidence/hardware/p5/protocol/lane0_ack_retry_100/p5_stage_result.json,,,,,,,,,,,UNSUPPORTED_BY_PROFILE_WITH_REASON,current RTL/profile exposes no hardware control for this payload length/pattern in P5; not promoted to PASS
lane0,0x1,0x1,7,counter8,LANE0_ACK_RETRY_100,evidence/hardware/p5/protocol/lane0_ack_retry_100/p5_stage_result.json,,,,,,,,,,,UNSUPPORTED_BY_PROFILE_WITH_REASON,current RTL/profile exposes no hardware control for this payload length/pattern in P5; not promoted to PASS
lane0,0x1,0x1,7,counter16,LANE0_ACK_RETRY_100,evidence/hardware/p5/protocol/lane0_ack_retry_100/p5_stage_result.json,,,,,,,,,,,UNSUPPORTED_BY_PROFILE_WITH_REASON,current RTL/profile exposes no hardware control for this payload length/pattern in P5; not promoted to PASS
lane0,0x1,0x1,7,walking1,LANE0_ACK_RETRY_100,evidence/hardware/p5/protocol/lane0_ack_retry_100/p5_stage_result.json,,,,,,,,,,,UNSUPPORTED_BY_PROFILE_WITH_REASON,current RTL/profile exposes no hardware control for this payload length/pattern in P5; not promoted to PASS
lane0,0x1,0x1,7,walking0,LANE0_ACK_RETRY_100,evidence/hardware/p5/protocol/lane0_ack_retry_100/p5_stage_result.json,,,,,,,,,,,UNSUPPORTED_BY_PROFILE_WITH_REASON,current RTL/profile exposes no hardware control for this payload length/pattern in P5; not promoted to PASS
lane0,0x1,0x1,7,prbs15,LANE0_ACK_RETRY_100,evidence/hardware/p5/protocol/lane0_ack_retry_100/p5_stage_result.json,,,,,,,,,,,UNSUPPORTED_BY_PROFILE_WITH_REASON,current RTL/profile exposes no hardware control for this payload length/pattern in P5; not promoted to PASS
lane0,0x1,0x1,8,zero,LANE0_ACK_RETRY_100,evidence/hardware/p5/protocol/lane0_ack_retry_100/p5_stage_result.json,,,,,,,,,,,UNSUPPORTED_BY_PROFILE_WITH_REASON,current RTL/profile exposes no hardware control for this payload length/pattern in P5; not promoted to PASS
lane0,0x1,0x1,8,ff,LANE0_ACK_RETRY_100,evidence/hardware/p5/protocol/lane0_ack_retry_100/p5_stage_result.json,,,,,,,,,,,UNSUPPORTED_BY_PROFILE_WITH_REASON,current RTL/profile exposes no hardware control for this payload length/pattern in P5; not promoted to PASS
lane0,0x1,0x1,8,aa55,LANE0_ACK_RETRY_100,evidence/hardware/p5/protocol/lane0_ack_retry_100/p5_stage_result.json,,,,,,,,,,,UNSUPPORTED_BY_PROFILE_WITH_REASON,current RTL/profile exposes no hardware control for this payload length/pattern in P5; not promoted to PASS
lane0,0x1,0x1,8,55aa,LANE0_ACK_RETRY_100,evidence/hardware/p5/protocol/lane0_ack_retry_100/p5_stage_result.json,,,,,,,,,,,UNSUPPORTED_BY_PROFILE_WITH_REASON,current RTL/profile exposes no hardware control for this payload length/pattern in P5; not promoted to PASS
lane0,0x1,0x1,8,counter8,LANE0_ACK_RETRY_100,evidence/hardware/p5/protocol/lane0_ack_retry_100/p5_stage_result.json,,,,,,,,,,,UNSUPPORTED_BY_PROFILE_WITH_REASON,current RTL/profile exposes no hardware control for this payload length/pattern in P5; not promoted to PASS
lane0,0x1,0x1,8,counter16,LANE0_ACK_RETRY_100,evidence/hardware/p5/protocol/lane0_ack_retry_100/p5_stage_result.json,,,,,,,,,,,UNSUPPORTED_BY_PROFILE_WITH_REASON,current RTL/profile exposes no hardware control for this payload length/pattern in P5; not promoted to PASS
lane0,0x1,0x1,8,walking1,LANE0_ACK_RETRY_100,evidence/hardware/p5/protocol/lane0_ack_retry_100/p5_stage_result.json,,,,,,,,,,,UNSUPPORTED_BY_PROFILE_WITH_REASON,current RTL/profile exposes no hardware control for this payload length/pattern in P5; not promoted to PASS
lane0,0x1,0x1,8,walking0,LANE0_ACK_RETRY_100,evidence/hardware/p5/protocol/lane0_ack_retry_100/p5_stage_result.json,,,,,,,,,,,UNSUPPORTED_BY_PROFILE_WITH_REASON,current RTL/profile exposes no hardware control for this payload length/pattern in P5; not promoted to PASS
lane0,0x1,0x1,8,prbs15,LANE0_ACK_RETRY_100,evidence/hardware/p5/protocol/lane0_ack_retry_100/p5_stage_result.json,,,,,,,,,,,UNSUPPORTED_BY_PROFILE_WITH_REASON,current RTL/profile exposes no hardware control for this payload length/pattern in P5; not promoted to PASS
lane0,0x1,0x1,15,zero,LANE0_ACK_RETRY_100,evidence/hardware/p5/protocol/lane0_ack_retry_100/p5_stage_result.json,,,,,,,,,,,UNSUPPORTED_BY_PROFILE_WITH_REASON,current RTL/profile exposes no hardware control for this payload length/pattern in P5; not promoted to PASS
lane0,0x1,0x1,15,ff,LANE0_ACK_RETRY_100,evidence/hardware/p5/protocol/lane0_ack_retry_100/p5_stage_result.json,,,,,,,,,,,UNSUPPORTED_BY_PROFILE_WITH_REASON,current RTL/profile exposes no hardware control for this payload length/pattern in P5; not promoted to PASS
lane0,0x1,0x1,15,aa55,LANE0_ACK_RETRY_100,evidence/hardware/p5/protocol/lane0_ack_retry_100/p5_stage_result.json,,,,,,,,,,,UNSUPPORTED_BY_PROFILE_WITH_REASON,current RTL/profile exposes no hardware control for this payload length/pattern in P5; not promoted to PASS
lane0,0x1,0x1,15,55aa,LANE0_ACK_RETRY_100,evidence/hardware/p5/protocol/lane0_ack_retry_100/p5_stage_result.json,,,,,,,,,,,UNSUPPORTED_BY_PROFILE_WITH_REASON,current RTL/profile exposes no hardware control for this payload length/pattern in P5; not promoted to PASS
lane0,0x1,0x1,15,counter8,LANE0_ACK_RETRY_100,evidence/hardware/p5/protocol/lane0_ack_retry_100/p5_stage_result.json,,,,,,,,,,,UNSUPPORTED_BY_PROFILE_WITH_REASON,current RTL/profile exposes no hardware control for this payload length/pattern in P5; not promoted to PASS
lane0,0x1,0x1,15,counter16,LANE0_ACK_RETRY_100,evidence/hardware/p5/protocol/lane0_ack_retry_100/p5_stage_result.json,,,,,,,,,,,UNSUPPORTED_BY_PROFILE_WITH_REASON,current RTL/profile exposes no hardware control for this payload length/pattern in P5; not promoted to PASS
lane0,0x1,0x1,15,walking1,LANE0_ACK_RETRY_100,evidence/hardware/p5/protocol/lane0_ack_retry_100/p5_stage_result.json,,,,,,,,,,,UNSUPPORTED_BY_PROFILE_WITH_REASON,current RTL/profile exposes no hardware control for this payload length/pattern in P5; not promoted to PASS
lane0,0x1,0x1,15,walking0,LANE0_ACK_RETRY_100,evidence/hardware/p5/protocol/lane0_ack_retry_100/p5_stage_result.json,,,,,,,,,,,UNSUPPORTED_BY_PROFILE_WITH_REASON,current RTL/profile exposes no hardware control for this payload length/pattern in P5; not promoted to PASS
lane0,0x1,0x1,15,prbs15,LANE0_ACK_RETRY_100,evidence/hardware/p5/protocol/lane0_ack_retry_100/p5_stage_result.json,,,,,,,,,,,UNSUPPORTED_BY_PROFILE_WITH_REASON,current RTL/profile exposes no hardware control for this payload length/pattern in P5; not promoted to PASS
lane0,0x1,0x1,16,zero,LANE0_ACK_RETRY_100,evidence/hardware/p5/protocol/lane0_ack_retry_100/p5_stage_result.json,,,,,,,,,,,UNSUPPORTED_BY_PROFILE_WITH_REASON,current RTL/profile exposes no hardware control for this payload length/pattern in P5; not promoted to PASS
lane0,0x1,0x1,16,ff,LANE0_ACK_RETRY_100,evidence/hardware/p5/protocol/lane0_ack_retry_100/p5_stage_result.json,,,,,,,,,,,UNSUPPORTED_BY_PROFILE_WITH_REASON,current RTL/profile exposes no hardware control for this payload length/pattern in P5; not promoted to PASS
lane0,0x1,0x1,16,aa55,LANE0_ACK_RETRY_100,evidence/hardware/p5/protocol/lane0_ack_retry_100/p5_stage_result.json,,,,,,,,,,,UNSUPPORTED_BY_PROFILE_WITH_REASON,current RTL/profile exposes no hardware control for this payload length/pattern in P5; not promoted to PASS
lane0,0x1,0x1,16,55aa,LANE0_ACK_RETRY_100,evidence/hardware/p5/protocol/lane0_ack_retry_100/p5_stage_result.json,,,,,,,,,,,UNSUPPORTED_BY_PROFILE_WITH_REASON,current RTL/profile exposes no hardware control for this payload length/pattern in P5; not promoted to PASS
lane0,0x1,0x1,16,counter8,LANE0_ACK_RETRY_100,evidence/hardware/p5/protocol/lane0_ack_retry_100/p5_stage_result.json,100,100,100,0,0,SKIP_COUNTER_NOT_AVAILABLE,SKIP_COUNTER_NOT_AVAILABLE,8,0,PASS,PASS,fresh P5 fixed 16-byte counter payload evidence passed
lane0,0x1,0x1,16,counter16,LANE0_ACK_RETRY_100,evidence/hardware/p5/protocol/lane0_ack_retry_100/p5_stage_result.json,,,,,,,,,,,UNSUPPORTED_BY_PROFILE_WITH_REASON,current RTL/profile exposes no hardware control for this payload length/pattern in P5; not promoted to PASS
lane0,0x1,0x1,16,walking1,LANE0_ACK_RETRY_100,evidence/hardware/p5/protocol/lane0_ack_retry_100/p5_stage_result.json,,,,,,,,,,,UNSUPPORTED_BY_PROFILE_WITH_REASON,current RTL/profile exposes no hardware control for this payload length/pattern in P5; not promoted to PASS
lane0,0x1,0x1,16,walking0,LANE0_ACK_RETRY_100,evidence/hardware/p5/protocol/lane0_ack_retry_100/p5_stage_result.json,,,,,,,,,,,UNSUPPORTED_BY_PROFILE_WITH_REASON,current RTL/profile exposes no hardware control for this payload length/pattern in P5; not promoted to PASS
lane0,0x1,0x1,16,prbs15,LANE0_ACK_RETRY_100,evidence/hardware/p5/protocol/lane0_ack_retry_100/p5_stage_result.json,,,,,,,,,,,UNSUPPORTED_BY_PROFILE_WITH_REASON,current RTL/profile exposes no hardware control for this payload length/pattern in P5; not promoted to PASS
lane0,0x1,0x1,31,zero,LANE0_ACK_RETRY_100,evidence/hardware/p5/protocol/lane0_ack_retry_100/p5_stage_result.json,,,,,,,,,,,UNSUPPORTED_BY_PROFILE_WITH_REASON,current RTL/profile exposes no hardware control for this payload length/pattern in P5; not promoted to PASS
lane0,0x1,0x1,31,ff,LANE0_ACK_RETRY_100,evidence/hardware/p5/protocol/lane0_ack_retry_100/p5_stage_result.json,,,,,,,,,,,UNSUPPORTED_BY_PROFILE_WITH_REASON,current RTL/profile exposes no hardware control for this payload length/pattern in P5; not promoted to PASS
lane0,0x1,0x1,31,aa55,LANE0_ACK_RETRY_100,evidence/hardware/p5/protocol/lane0_ack_retry_100/p5_stage_result.json,,,,,,,,,,,UNSUPPORTED_BY_PROFILE_WITH_REASON,current RTL/profile exposes no hardware control for this payload length/pattern in P5; not promoted to PASS
lane0,0x1,0x1,31,55aa,LANE0_ACK_RETRY_100,evidence/hardware/p5/protocol/lane0_ack_retry_100/p5_stage_result.json,,,,,,,,,,,UNSUPPORTED_BY_PROFILE_WITH_REASON,current RTL/profile exposes no hardware control for this payload length/pattern in P5; not promoted to PASS
lane0,0x1,0x1,31,counter8,LANE0_ACK_RETRY_100,evidence/hardware/p5/protocol/lane0_ack_retry_100/p5_stage_result.json,,,,,,,,,,,UNSUPPORTED_BY_PROFILE_WITH_REASON,current RTL/profile exposes no hardware control for this payload length/pattern in P5; not promoted to PASS
lane0,0x1,0x1,31,counter16,LANE0_ACK_RETRY_100,evidence/hardware/p5/protocol/lane0_ack_retry_100/p5_stage_result.json,,,,,,,,,,,UNSUPPORTED_BY_PROFILE_WITH_REASON,current RTL/profile exposes no hardware control for this payload length/pattern in P5; not promoted to PASS
lane0,0x1,0x1,31,walking1,LANE0_ACK_RETRY_100,evidence/hardware/p5/protocol/lane0_ack_retry_100/p5_stage_result.json,,,,,,,,,,,UNSUPPORTED_BY_PROFILE_WITH_REASON,current RTL/profile exposes no hardware control for this payload length/pattern in P5; not promoted to PASS
lane0,0x1,0x1,31,walking0,LANE0_ACK_RETRY_100,evidence/hardware/p5/protocol/lane0_ack_retry_100/p5_stage_result.json,,,,,,,,,,,UNSUPPORTED_BY_PROFILE_WITH_REASON,current RTL/profile exposes no hardware control for this payload length/pattern in P5; not promoted to PASS
lane0,0x1,0x1,31,prbs15,LANE0_ACK_RETRY_100,evidence/hardware/p5/protocol/lane0_ack_retry_100/p5_stage_result.json,,,,,,,,,,,UNSUPPORTED_BY_PROFILE_WITH_REASON,current RTL/profile exposes no hardware control for this payload length/pattern in P5; not promoted to PASS
lane0,0x1,0x1,32,zero,LANE0_ACK_RETRY_100,evidence/hardware/p5/protocol/lane0_ack_retry_100/p5_stage_result.json,,,,,,,,,,,UNSUPPORTED_BY_PROFILE_WITH_REASON,current RTL/profile exposes no hardware control for this payload length/pattern in P5; not promoted to PASS
lane0,0x1,0x1,32,ff,LANE0_ACK_RETRY_100,evidence/hardware/p5/protocol/lane0_ack_retry_100/p5_stage_result.json,,,,,,,,,,,UNSUPPORTED_BY_PROFILE_WITH_REASON,current RTL/profile exposes no hardware control for this payload length/pattern in P5; not promoted to PASS
lane0,0x1,0x1,32,aa55,LANE0_ACK_RETRY_100,evidence/hardware/p5/protocol/lane0_ack_retry_100/p5_stage_result.json,,,,,,,,,,,UNSUPPORTED_BY_PROFILE_WITH_REASON,current RTL/profile exposes no hardware control for this payload length/pattern in P5; not promoted to PASS
lane0,0x1,0x1,32,55aa,LANE0_ACK_RETRY_100,evidence/hardware/p5/protocol/lane0_ack_retry_100/p5_stage_result.json,,,,,,,,,,,UNSUPPORTED_BY_PROFILE_WITH_REASON,current RTL/profile exposes no hardware control for this payload length/pattern in P5; not promoted to PASS
lane0,0x1,0x1,32,counter8,LANE0_ACK_RETRY_100,evidence/hardware/p5/protocol/lane0_ack_retry_100/p5_stage_result.json,,,,,,,,,,,UNSUPPORTED_BY_PROFILE_WITH_REASON,current RTL/profile exposes no hardware control for this payload length/pattern in P5; not promoted to PASS
lane0,0x1,0x1,32,counter16,LANE0_ACK_RETRY_100,evidence/hardware/p5/protocol/lane0_ack_retry_100/p5_stage_result.json,,,,,,,,,,,UNSUPPORTED_BY_PROFILE_WITH_REASON,current RTL/profile exposes no hardware control for this payload length/pattern in P5; not promoted to PASS
lane0,0x1,0x1,32,walking1,LANE0_ACK_RETRY_100,evidence/hardware/p5/protocol/lane0_ack_retry_100/p5_stage_result.json,,,,,,,,,,,UNSUPPORTED_BY_PROFILE_WITH_REASON,current RTL/profile exposes no hardware control for this payload length/pattern in P5; not promoted to PASS
lane0,0x1,0x1,32,walking0,LANE0_ACK_RETRY_100,evidence/hardware/p5/protocol/lane0_ack_retry_100/p5_stage_result.json,,,,,,,,,,,UNSUPPORTED_BY_PROFILE_WITH_REASON,current RTL/profile exposes no hardware control for this payload length/pattern in P5; not promoted to PASS
lane0,0x1,0x1,32,prbs15,LANE0_ACK_RETRY_100,evidence/hardware/p5/protocol/lane0_ack_retry_100/p5_stage_result.json,,,,,,,,,,,UNSUPPORTED_BY_PROFILE_WITH_REASON,current RTL/profile exposes no hardware control for this payload length/pattern in P5; not promoted to PASS
lane0,0x1,0x1,63,zero,LANE0_ACK_RETRY_100,evidence/hardware/p5/protocol/lane0_ack_retry_100/p5_stage_result.json,,,,,,,,,,,UNSUPPORTED_BY_PROFILE_WITH_REASON,current RTL/profile exposes no hardware control for this payload length/pattern in P5; not promoted to PASS
lane0,0x1,0x1,63,ff,LANE0_ACK_RETRY_100,evidence/hardware/p5/protocol/lane0_ack_retry_100/p5_stage_result.json,,,,,,,,,,,UNSUPPORTED_BY_PROFILE_WITH_REASON,current RTL/profile exposes no hardware control for this payload length/pattern in P5; not promoted to PASS
lane0,0x1,0x1,63,aa55,LANE0_ACK_RETRY_100,evidence/hardware/p5/protocol/lane0_ack_retry_100/p5_stage_result.json,,,,,,,,,,,UNSUPPORTED_BY_PROFILE_WITH_REASON,current RTL/profile exposes no hardware control for this payload length/pattern in P5; not promoted to PASS
lane0,0x1,0x1,63,55aa,LANE0_ACK_RETRY_100,evidence/hardware/p5/protocol/lane0_ack_retry_100/p5_stage_result.json,,,,,,,,,,,UNSUPPORTED_BY_PROFILE_WITH_REASON,current RTL/profile exposes no hardware control for this payload length/pattern in P5; not promoted to PASS
lane0,0x1,0x1,63,counter8,LANE0_ACK_RETRY_100,evidence/hardware/p5/protocol/lane0_ack_retry_100/p5_stage_result.json,,,,,,,,,,,UNSUPPORTED_BY_PROFILE_WITH_REASON,current RTL/profile exposes no hardware control for this payload length/pattern in P5; not promoted to PASS
lane0,0x1,0x1,63,counter16,LANE0_ACK_RETRY_100,evidence/hardware/p5/protocol/lane0_ack_retry_100/p5_stage_result.json,,,,,,,,,,,UNSUPPORTED_BY_PROFILE_WITH_REASON,current RTL/profile exposes no hardware control for this payload length/pattern in P5; not promoted to PASS
lane0,0x1,0x1,63,walking1,LANE0_ACK_RETRY_100,evidence/hardware/p5/protocol/lane0_ack_retry_100/p5_stage_result.json,,,,,,,,,,,UNSUPPORTED_BY_PROFILE_WITH_REASON,current RTL/profile exposes no hardware control for this payload length/pattern in P5; not promoted to PASS
lane0,0x1,0x1,63,walking0,LANE0_ACK_RETRY_100,evidence/hardware/p5/protocol/lane0_ack_retry_100/p5_stage_result.json,,,,,,,,,,,UNSUPPORTED_BY_PROFILE_WITH_REASON,current RTL/profile exposes no hardware control for this payload length/pattern in P5; not promoted to PASS
lane0,0x1,0x1,63,prbs15,LANE0_ACK_RETRY_100,evidence/hardware/p5/protocol/lane0_ack_retry_100/p5_stage_result.json,,,,,,,,,,,UNSUPPORTED_BY_PROFILE_WITH_REASON,current RTL/profile exposes no hardware control for this payload length/pattern in P5; not promoted to PASS
lane0,0x1,0x1,64,zero,LANE0_ACK_RETRY_100,evidence/hardware/p5/protocol/lane0_ack_retry_100/p5_stage_result.json,,,,,,,,,,,UNSUPPORTED_BY_PROFILE_WITH_REASON,current RTL/profile exposes no hardware control for this payload length/pattern in P5; not promoted to PASS
lane0,0x1,0x1,64,ff,LANE0_ACK_RETRY_100,evidence/hardware/p5/protocol/lane0_ack_retry_100/p5_stage_result.json,,,,,,,,,,,UNSUPPORTED_BY_PROFILE_WITH_REASON,current RTL/profile exposes no hardware control for this payload length/pattern in P5; not promoted to PASS
lane0,0x1,0x1,64,aa55,LANE0_ACK_RETRY_100,evidence/hardware/p5/protocol/lane0_ack_retry_100/p5_stage_result.json,,,,,,,,,,,UNSUPPORTED_BY_PROFILE_WITH_REASON,current RTL/profile exposes no hardware control for this payload length/pattern in P5; not promoted to PASS
lane0,0x1,0x1,64,55aa,LANE0_ACK_RETRY_100,evidence/hardware/p5/protocol/lane0_ack_retry_100/p5_stage_result.json,,,,,,,,,,,UNSUPPORTED_BY_PROFILE_WITH_REASON,current RTL/profile exposes no hardware control for this payload length/pattern in P5; not promoted to PASS
lane0,0x1,0x1,64,counter8,LANE0_ACK_RETRY_100,evidence/hardware/p5/protocol/lane0_ack_retry_100/p5_stage_result.json,,,,,,,,,,,UNSUPPORTED_BY_PROFILE_WITH_REASON,current RTL/profile exposes no hardware control for this payload length/pattern in P5; not promoted to PASS
lane0,0x1,0x1,64,counter16,LANE0_ACK_RETRY_100,evidence/hardware/p5/protocol/lane0_ack_retry_100/p5_stage_result.json,,,,,,,,,,,UNSUPPORTED_BY_PROFILE_WITH_REASON,current RTL/profile exposes no hardware control for this payload length/pattern in P5; not promoted to PASS
lane0,0x1,0x1,64,walking1,LANE0_ACK_RETRY_100,evidence/hardware/p5/protocol/lane0_ack_retry_100/p5_stage_result.json,,,,,,,,,,,UNSUPPORTED_BY_PROFILE_WITH_REASON,current RTL/profile exposes no hardware control for this payload length/pattern in P5; not promoted to PASS
lane0,0x1,0x1,64,walking0,LANE0_ACK_RETRY_100,evidence/hardware/p5/protocol/lane0_ack_retry_100/p5_stage_result.json,,,,,,,,,,,UNSUPPORTED_BY_PROFILE_WITH_REASON,current RTL/profile exposes no hardware control for this payload length/pattern in P5; not promoted to PASS
lane0,0x1,0x1,64,prbs15,LANE0_ACK_RETRY_100,evidence/hardware/p5/protocol/lane0_ack_retry_100/p5_stage_result.json,,,,,,,,,,,UNSUPPORTED_BY_PROFILE_WITH_REASON,current RTL/profile exposes no hardware control for this payload length/pattern in P5; not promoted to PASS
lane0,0x1,0x1,127,zero,LANE0_ACK_RETRY_100,evidence/hardware/p5/protocol/lane0_ack_retry_100/p5_stage_result.json,,,,,,,,,,,UNSUPPORTED_BY_PROFILE_WITH_REASON,current RTL/profile exposes no hardware control for this payload length/pattern in P5; not promoted to PASS
lane0,0x1,0x1,127,ff,LANE0_ACK_RETRY_100,evidence/hardware/p5/protocol/lane0_ack_retry_100/p5_stage_result.json,,,,,,,,,,,UNSUPPORTED_BY_PROFILE_WITH_REASON,current RTL/profile exposes no hardware control for this payload length/pattern in P5; not promoted to PASS
lane0,0x1,0x1,127,aa55,LANE0_ACK_RETRY_100,evidence/hardware/p5/protocol/lane0_ack_retry_100/p5_stage_result.json,,,,,,,,,,,UNSUPPORTED_BY_PROFILE_WITH_REASON,current RTL/profile exposes no hardware control for this payload length/pattern in P5; not promoted to PASS
lane0,0x1,0x1,127,55aa,LANE0_ACK_RETRY_100,evidence/hardware/p5/protocol/lane0_ack_retry_100/p5_stage_result.json,,,,,,,,,,,UNSUPPORTED_BY_PROFILE_WITH_REASON,current RTL/profile exposes no hardware control for this payload length/pattern in P5; not promoted to PASS
lane0,0x1,0x1,127,counter8,LANE0_ACK_RETRY_100,evidence/hardware/p5/protocol/lane0_ack_retry_100/p5_stage_result.json,,,,,,,,,,,UNSUPPORTED_BY_PROFILE_WITH_REASON,current RTL/profile exposes no hardware control for this payload length/pattern in P5; not promoted to PASS
lane0,0x1,0x1,127,counter16,LANE0_ACK_RETRY_100,evidence/hardware/p5/protocol/lane0_ack_retry_100/p5_stage_result.json,,,,,,,,,,,UNSUPPORTED_BY_PROFILE_WITH_REASON,current RTL/profile exposes no hardware control for this payload length/pattern in P5; not promoted to PASS
lane0,0x1,0x1,127,walking1,LANE0_ACK_RETRY_100,evidence/hardware/p5/protocol/lane0_ack_retry_100/p5_stage_result.json,,,,,,,,,,,UNSUPPORTED_BY_PROFILE_WITH_REASON,current RTL/profile exposes no hardware control for this payload length/pattern in P5; not promoted to PASS
lane0,0x1,0x1,127,walking0,LANE0_ACK_RETRY_100,evidence/hardware/p5/protocol/lane0_ack_retry_100/p5_stage_result.json,,,,,,,,,,,UNSUPPORTED_BY_PROFILE_WITH_REASON,current RTL/profile exposes no hardware control for this payload length/pattern in P5; not promoted to PASS
lane0,0x1,0x1,127,prbs15,LANE0_ACK_RETRY_100,evidence/hardware/p5/protocol/lane0_ack_retry_100/p5_stage_result.json,,,,,,,,,,,UNSUPPORTED_BY_PROFILE_WITH_REASON,current RTL/profile exposes no hardware control for this payload length/pattern in P5; not promoted to PASS
lane0,0x1,0x1,128,zero,LANE0_ACK_RETRY_100,evidence/hardware/p5/protocol/lane0_ack_retry_100/p5_stage_result.json,,,,,,,,,,,UNSUPPORTED_BY_PROFILE_WITH_REASON,current RTL/profile exposes no hardware control for this payload length/pattern in P5; not promoted to PASS
lane0,0x1,0x1,128,ff,LANE0_ACK_RETRY_100,evidence/hardware/p5/protocol/lane0_ack_retry_100/p5_stage_result.json,,,,,,,,,,,UNSUPPORTED_BY_PROFILE_WITH_REASON,current RTL/profile exposes no hardware control for this payload length/pattern in P5; not promoted to PASS
lane0,0x1,0x1,128,aa55,LANE0_ACK_RETRY_100,evidence/hardware/p5/protocol/lane0_ack_retry_100/p5_stage_result.json,,,,,,,,,,,UNSUPPORTED_BY_PROFILE_WITH_REASON,current RTL/profile exposes no hardware control for this payload length/pattern in P5; not promoted to PASS
lane0,0x1,0x1,128,55aa,LANE0_ACK_RETRY_100,evidence/hardware/p5/protocol/lane0_ack_retry_100/p5_stage_result.json,,,,,,,,,,,UNSUPPORTED_BY_PROFILE_WITH_REASON,current RTL/profile exposes no hardware control for this payload length/pattern in P5; not promoted to PASS
lane0,0x1,0x1,128,counter8,LANE0_ACK_RETRY_100,evidence/hardware/p5/protocol/lane0_ack_retry_100/p5_stage_result.json,,,,,,,,,,,UNSUPPORTED_BY_PROFILE_WITH_REASON,current RTL/profile exposes no hardware control for this payload length/pattern in P5; not promoted to PASS
lane0,0x1,0x1,128,counter16,LANE0_ACK_RETRY_100,evidence/hardware/p5/protocol/lane0_ack_retry_100/p5_stage_result.json,,,,,,,,,,,UNSUPPORTED_BY_PROFILE_WITH_REASON,current RTL/profile exposes no hardware control for this payload length/pattern in P5; not promoted to PASS
lane0,0x1,0x1,128,walking1,LANE0_ACK_RETRY_100,evidence/hardware/p5/protocol/lane0_ack_retry_100/p5_stage_result.json,,,,,,,,,,,UNSUPPORTED_BY_PROFILE_WITH_REASON,current RTL/profile exposes no hardware control for this payload length/pattern in P5; not promoted to PASS
lane0,0x1,0x1,128,walking0,LANE0_ACK_RETRY_100,evidence/hardware/p5/protocol/lane0_ack_retry_100/p5_stage_result.json,,,,,,,,,,,UNSUPPORTED_BY_PROFILE_WITH_REASON,current RTL/profile exposes no hardware control for this payload length/pattern in P5; not promoted to PASS
lane0,0x1,0x1,128,prbs15,LANE0_ACK_RETRY_100,evidence/hardware/p5/protocol/lane0_ack_retry_100/p5_stage_result.json,,,,,,,,,,,UNSUPPORTED_BY_PROFILE_WITH_REASON,current RTL/profile exposes no hardware control for this payload length/pattern in P5; not promoted to PASS
lane0,0x1,0x1,247,zero,LANE0_ACK_RETRY_100,evidence/hardware/p5/protocol/lane0_ack_retry_100/p5_stage_result.json,,,,,,,,,,,UNSUPPORTED_BY_PROFILE_WITH_REASON,current RTL/profile exposes no hardware control for this payload length/pattern in P5; not promoted to PASS
lane0,0x1,0x1,247,ff,LANE0_ACK_RETRY_100,evidence/hardware/p5/protocol/lane0_ack_retry_100/p5_stage_result.json,,,,,,,,,,,UNSUPPORTED_BY_PROFILE_WITH_REASON,current RTL/profile exposes no hardware control for this payload length/pattern in P5; not promoted to PASS
lane0,0x1,0x1,247,aa55,LANE0_ACK_RETRY_100,evidence/hardware/p5/protocol/lane0_ack_retry_100/p5_stage_result.json,,,,,,,,,,,UNSUPPORTED_BY_PROFILE_WITH_REASON,current RTL/profile exposes no hardware control for this payload length/pattern in P5; not promoted to PASS
lane0,0x1,0x1,247,55aa,LANE0_ACK_RETRY_100,evidence/hardware/p5/protocol/lane0_ack_retry_100/p5_stage_result.json,,,,,,,,,,,UNSUPPORTED_BY_PROFILE_WITH_REASON,current RTL/profile exposes no hardware control for this payload length/pattern in P5; not promoted to PASS
lane0,0x1,0x1,247,counter8,LANE0_ACK_RETRY_100,evidence/hardware/p5/protocol/lane0_ack_retry_100/p5_stage_result.json,,,,,,,,,,,UNSUPPORTED_BY_PROFILE_WITH_REASON,current RTL/profile exposes no hardware control for this payload length/pattern in P5; not promoted to PASS
lane0,0x1,0x1,247,counter16,LANE0_ACK_RETRY_100,evidence/hardware/p5/protocol/lane0_ack_retry_100/p5_stage_result.json,,,,,,,,,,,UNSUPPORTED_BY_PROFILE_WITH_REASON,current RTL/profile exposes no hardware control for this payload length/pattern in P5; not promoted to PASS
lane0,0x1,0x1,247,walking1,LANE0_ACK_RETRY_100,evidence/hardware/p5/protocol/lane0_ack_retry_100/p5_stage_result.json,,,,,,,,,,,UNSUPPORTED_BY_PROFILE_WITH_REASON,current RTL/profile exposes no hardware control for this payload length/pattern in P5; not promoted to PASS
lane0,0x1,0x1,247,walking0,LANE0_ACK_RETRY_100,evidence/hardware/p5/protocol/lane0_ack_retry_100/p5_stage_result.json,,,,,,,,,,,UNSUPPORTED_BY_PROFILE_WITH_REASON,current RTL/profile exposes no hardware control for this payload length/pattern in P5; not promoted to PASS
lane0,0x1,0x1,247,prbs15,LANE0_ACK_RETRY_100,evidence/hardware/p5/protocol/lane0_ack_retry_100/p5_stage_result.json,,,,,,,,,,,UNSUPPORTED_BY_PROFILE_WITH_REASON,current RTL/profile exposes no hardware control for this payload length/pattern in P5; not promoted to PASS
lane0,0x1,0x1,255,zero,LANE0_ACK_RETRY_100,evidence/hardware/p5/protocol/lane0_ack_retry_100/p5_stage_result.json,,,,,,,,,,,UNSUPPORTED_BY_PROFILE_WITH_REASON,current RTL/profile exposes no hardware control for this payload length/pattern in P5; not promoted to PASS
lane0,0x1,0x1,255,ff,LANE0_ACK_RETRY_100,evidence/hardware/p5/protocol/lane0_ack_retry_100/p5_stage_result.json,,,,,,,,,,,UNSUPPORTED_BY_PROFILE_WITH_REASON,current RTL/profile exposes no hardware control for this payload length/pattern in P5; not promoted to PASS
lane0,0x1,0x1,255,aa55,LANE0_ACK_RETRY_100,evidence/hardware/p5/protocol/lane0_ack_retry_100/p5_stage_result.json,,,,,,,,,,,UNSUPPORTED_BY_PROFILE_WITH_REASON,current RTL/profile exposes no hardware control for this payload length/pattern in P5; not promoted to PASS
lane0,0x1,0x1,255,55aa,LANE0_ACK_RETRY_100,evidence/hardware/p5/protocol/lane0_ack_retry_100/p5_stage_result.json,,,,,,,,,,,UNSUPPORTED_BY_PROFILE_WITH_REASON,current RTL/profile exposes no hardware control for this payload length/pattern in P5; not promoted to PASS
lane0,0x1,0x1,255,counter8,LANE0_ACK_RETRY_100,evidence/hardware/p5/protocol/lane0_ack_retry_100/p5_stage_result.json,,,,,,,,,,,UNSUPPORTED_BY_PROFILE_WITH_REASON,current RTL/profile exposes no hardware control for this payload length/pattern in P5; not promoted to PASS
lane0,0x1,0x1,255,counter16,LANE0_ACK_RETRY_100,evidence/hardware/p5/protocol/lane0_ack_retry_100/p5_stage_result.json,,,,,,,,,,,UNSUPPORTED_BY_PROFILE_WITH_REASON,current RTL/profile exposes no hardware control for this payload length/pattern in P5; not promoted to PASS
lane0,0x1,0x1,255,walking1,LANE0_ACK_RETRY_100,evidence/hardware/p5/protocol/lane0_ack_retry_100/p5_stage_result.json,,,,,,,,,,,UNSUPPORTED_BY_PROFILE_WITH_REASON,current RTL/profile exposes no hardware control for this payload length/pattern in P5; not promoted to PASS
lane0,0x1,0x1,255,walking0,LANE0_ACK_RETRY_100,evidence/hardware/p5/protocol/lane0_ack_retry_100/p5_stage_result.json,,,,,,,,,,,UNSUPPORTED_BY_PROFILE_WITH_REASON,current RTL/profile exposes no hardware control for this payload length/pattern in P5; not promoted to PASS
lane0,0x1,0x1,255,prbs15,LANE0_ACK_RETRY_100,evidence/hardware/p5/protocol/lane0_ack_retry_100/p5_stage_result.json,,,,,,,,,,,UNSUPPORTED_BY_PROFILE_WITH_REASON,current RTL/profile exposes no hardware control for this payload length/pattern in P5; not promoted to PASS
lane0,0x1,0x1,256,zero,LANE0_ACK_RETRY_100,evidence/hardware/p5/protocol/lane0_ack_retry_100/p5_stage_result.json,,,,,,,,,,,UNSUPPORTED_BY_PROFILE_WITH_REASON,current RTL/profile exposes no hardware control for this payload length/pattern in P5; not promoted to PASS
lane0,0x1,0x1,256,ff,LANE0_ACK_RETRY_100,evidence/hardware/p5/protocol/lane0_ack_retry_100/p5_stage_result.json,,,,,,,,,,,UNSUPPORTED_BY_PROFILE_WITH_REASON,current RTL/profile exposes no hardware control for this payload length/pattern in P5; not promoted to PASS
lane0,0x1,0x1,256,aa55,LANE0_ACK_RETRY_100,evidence/hardware/p5/protocol/lane0_ack_retry_100/p5_stage_result.json,,,,,,,,,,,UNSUPPORTED_BY_PROFILE_WITH_REASON,current RTL/profile exposes no hardware control for this payload length/pattern in P5; not promoted to PASS
lane0,0x1,0x1,256,55aa,LANE0_ACK_RETRY_100,evidence/hardware/p5/protocol/lane0_ack_retry_100/p5_stage_result.json,,,,,,,,,,,UNSUPPORTED_BY_PROFILE_WITH_REASON,current RTL/profile exposes no hardware control for this payload length/pattern in P5; not promoted to PASS
lane0,0x1,0x1,256,counter8,LANE0_ACK_RETRY_100,evidence/hardware/p5/protocol/lane0_ack_retry_100/p5_stage_result.json,,,,,,,,,,,UNSUPPORTED_BY_PROFILE_WITH_REASON,current RTL/profile exposes no hardware control for this payload length/pattern in P5; not promoted to PASS
lane0,0x1,0x1,256,counter16,LANE0_ACK_RETRY_100,evidence/hardware/p5/protocol/lane0_ack_retry_100/p5_stage_result.json,,,,,,,,,,,UNSUPPORTED_BY_PROFILE_WITH_REASON,current RTL/profile exposes no hardware control for this payload length/pattern in P5; not promoted to PASS
lane0,0x1,0x1,256,walking1,LANE0_ACK_RETRY_100,evidence/hardware/p5/protocol/lane0_ack_retry_100/p5_stage_result.json,,,,,,,,,,,UNSUPPORTED_BY_PROFILE_WITH_REASON,current RTL/profile exposes no hardware control for this payload length/pattern in P5; not promoted to PASS
lane0,0x1,0x1,256,walking0,LANE0_ACK_RETRY_100,evidence/hardware/p5/protocol/lane0_ack_retry_100/p5_stage_result.json,,,,,,,,,,,UNSUPPORTED_BY_PROFILE_WITH_REASON,current RTL/profile exposes no hardware control for this payload length/pattern in P5; not promoted to PASS
lane0,0x1,0x1,256,prbs15,LANE0_ACK_RETRY_100,evidence/hardware/p5/protocol/lane0_ack_retry_100/p5_stage_result.json,,,,,,,,,,,UNSUPPORTED_BY_PROFILE_WITH_REASON,current RTL/profile exposes no hardware control for this payload length/pattern in P5; not promoted to PASS
lane1,0x2,0x2,0,zero,LANE1_ACK_RETRY_100,evidence/hardware/p5/protocol/lane1_ack_retry_100/p5_stage_result.json,,,,,,,,,,,UNSUPPORTED_BY_PROFILE_WITH_REASON,current RTL/profile exposes no hardware control for this payload length/pattern in P5; not promoted to PASS
lane1,0x2,0x2,0,ff,LANE1_ACK_RETRY_100,evidence/hardware/p5/protocol/lane1_ack_retry_100/p5_stage_result.json,,,,,,,,,,,UNSUPPORTED_BY_PROFILE_WITH_REASON,current RTL/profile exposes no hardware control for this payload length/pattern in P5; not promoted to PASS
lane1,0x2,0x2,0,aa55,LANE1_ACK_RETRY_100,evidence/hardware/p5/protocol/lane1_ack_retry_100/p5_stage_result.json,,,,,,,,,,,UNSUPPORTED_BY_PROFILE_WITH_REASON,current RTL/profile exposes no hardware control for this payload length/pattern in P5; not promoted to PASS
lane1,0x2,0x2,0,55aa,LANE1_ACK_RETRY_100,evidence/hardware/p5/protocol/lane1_ack_retry_100/p5_stage_result.json,,,,,,,,,,,UNSUPPORTED_BY_PROFILE_WITH_REASON,current RTL/profile exposes no hardware control for this payload length/pattern in P5; not promoted to PASS
lane1,0x2,0x2,0,counter8,LANE1_ACK_RETRY_100,evidence/hardware/p5/protocol/lane1_ack_retry_100/p5_stage_result.json,,,,,,,,,,,UNSUPPORTED_BY_PROFILE_WITH_REASON,current RTL/profile exposes no hardware control for this payload length/pattern in P5; not promoted to PASS
lane1,0x2,0x2,0,counter16,LANE1_ACK_RETRY_100,evidence/hardware/p5/protocol/lane1_ack_retry_100/p5_stage_result.json,,,,,,,,,,,UNSUPPORTED_BY_PROFILE_WITH_REASON,current RTL/profile exposes no hardware control for this payload length/pattern in P5; not promoted to PASS
lane1,0x2,0x2,0,walking1,LANE1_ACK_RETRY_100,evidence/hardware/p5/protocol/lane1_ack_retry_100/p5_stage_result.json,,,,,,,,,,,UNSUPPORTED_BY_PROFILE_WITH_REASON,current RTL/profile exposes no hardware control for this payload length/pattern in P5; not promoted to PASS
lane1,0x2,0x2,0,walking0,LANE1_ACK_RETRY_100,evidence/hardware/p5/protocol/lane1_ack_retry_100/p5_stage_result.json,,,,,,,,,,,UNSUPPORTED_BY_PROFILE_WITH_REASON,current RTL/profile exposes no hardware control for this payload length/pattern in P5; not promoted to PASS
lane1,0x2,0x2,0,prbs15,LANE1_ACK_RETRY_100,evidence/hardware/p5/protocol/lane1_ack_retry_100/p5_stage_result.json,,,,,,,,,,,UNSUPPORTED_BY_PROFILE_WITH_REASON,current RTL/profile exposes no hardware control for this payload length/pattern in P5; not promoted to PASS
lane1,0x2,0x2,1,zero,LANE1_ACK_RETRY_100,evidence/hardware/p5/protocol/lane1_ack_retry_100/p5_stage_result.json,,,,,,,,,,,UNSUPPORTED_BY_PROFILE_WITH_REASON,current RTL/profile exposes no hardware control for this payload length/pattern in P5; not promoted to PASS
lane1,0x2,0x2,1,ff,LANE1_ACK_RETRY_100,evidence/hardware/p5/protocol/lane1_ack_retry_100/p5_stage_result.json,,,,,,,,,,,UNSUPPORTED_BY_PROFILE_WITH_REASON,current RTL/profile exposes no hardware control for this payload length/pattern in P5; not promoted to PASS
lane1,0x2,0x2,1,aa55,LANE1_ACK_RETRY_100,evidence/hardware/p5/protocol/lane1_ack_retry_100/p5_stage_result.json,,,,,,,,,,,UNSUPPORTED_BY_PROFILE_WITH_REASON,current RTL/profile exposes no hardware control for this payload length/pattern in P5; not promoted to PASS
lane1,0x2,0x2,1,55aa,LANE1_ACK_RETRY_100,evidence/hardware/p5/protocol/lane1_ack_retry_100/p5_stage_result.json,,,,,,,,,,,UNSUPPORTED_BY_PROFILE_WITH_REASON,current RTL/profile exposes no hardware control for this payload length/pattern in P5; not promoted to PASS
lane1,0x2,0x2,1,counter8,LANE1_ACK_RETRY_100,evidence/hardware/p5/protocol/lane1_ack_retry_100/p5_stage_result.json,,,,,,,,,,,UNSUPPORTED_BY_PROFILE_WITH_REASON,current RTL/profile exposes no hardware control for this payload length/pattern in P5; not promoted to PASS
lane1,0x2,0x2,1,counter16,LANE1_ACK_RETRY_100,evidence/hardware/p5/protocol/lane1_ack_retry_100/p5_stage_result.json,,,,,,,,,,,UNSUPPORTED_BY_PROFILE_WITH_REASON,current RTL/profile exposes no hardware control for this payload length/pattern in P5; not promoted to PASS
lane1,0x2,0x2,1,walking1,LANE1_ACK_RETRY_100,evidence/hardware/p5/protocol/lane1_ack_retry_100/p5_stage_result.json,,,,,,,,,,,UNSUPPORTED_BY_PROFILE_WITH_REASON,current RTL/profile exposes no hardware control for this payload length/pattern in P5; not promoted to PASS
lane1,0x2,0x2,1,walking0,LANE1_ACK_RETRY_100,evidence/hardware/p5/protocol/lane1_ack_retry_100/p5_stage_result.json,,,,,,,,,,,UNSUPPORTED_BY_PROFILE_WITH_REASON,current RTL/profile exposes no hardware control for this payload length/pattern in P5; not promoted to PASS
lane1,0x2,0x2,1,prbs15,LANE1_ACK_RETRY_100,evidence/hardware/p5/protocol/lane1_ack_retry_100/p5_stage_result.json,,,,,,,,,,,UNSUPPORTED_BY_PROFILE_WITH_REASON,current RTL/profile exposes no hardware control for this payload length/pattern in P5; not promoted to PASS
lane1,0x2,0x2,2,zero,LANE1_ACK_RETRY_100,evidence/hardware/p5/protocol/lane1_ack_retry_100/p5_stage_result.json,,,,,,,,,,,UNSUPPORTED_BY_PROFILE_WITH_REASON,current RTL/profile exposes no hardware control for this payload length/pattern in P5; not promoted to PASS
lane1,0x2,0x2,2,ff,LANE1_ACK_RETRY_100,evidence/hardware/p5/protocol/lane1_ack_retry_100/p5_stage_result.json,,,,,,,,,,,UNSUPPORTED_BY_PROFILE_WITH_REASON,current RTL/profile exposes no hardware control for this payload length/pattern in P5; not promoted to PASS
lane1,0x2,0x2,2,aa55,LANE1_ACK_RETRY_100,evidence/hardware/p5/protocol/lane1_ack_retry_100/p5_stage_result.json,,,,,,,,,,,UNSUPPORTED_BY_PROFILE_WITH_REASON,current RTL/profile exposes no hardware control for this payload length/pattern in P5; not promoted to PASS
lane1,0x2,0x2,2,55aa,LANE1_ACK_RETRY_100,evidence/hardware/p5/protocol/lane1_ack_retry_100/p5_stage_result.json,,,,,,,,,,,UNSUPPORTED_BY_PROFILE_WITH_REASON,current RTL/profile exposes no hardware control for this payload length/pattern in P5; not promoted to PASS
lane1,0x2,0x2,2,counter8,LANE1_ACK_RETRY_100,evidence/hardware/p5/protocol/lane1_ack_retry_100/p5_stage_result.json,,,,,,,,,,,UNSUPPORTED_BY_PROFILE_WITH_REASON,current RTL/profile exposes no hardware control for this payload length/pattern in P5; not promoted to PASS
lane1,0x2,0x2,2,counter16,LANE1_ACK_RETRY_100,evidence/hardware/p5/protocol/lane1_ack_retry_100/p5_stage_result.json,,,,,,,,,,,UNSUPPORTED_BY_PROFILE_WITH_REASON,current RTL/profile exposes no hardware control for this payload length/pattern in P5; not promoted to PASS
lane1,0x2,0x2,2,walking1,LANE1_ACK_RETRY_100,evidence/hardware/p5/protocol/lane1_ack_retry_100/p5_stage_result.json,,,,,,,,,,,UNSUPPORTED_BY_PROFILE_WITH_REASON,current RTL/profile exposes no hardware control for this payload length/pattern in P5; not promoted to PASS
lane1,0x2,0x2,2,walking0,LANE1_ACK_RETRY_100,evidence/hardware/p5/protocol/lane1_ack_retry_100/p5_stage_result.json,,,,,,,,,,,UNSUPPORTED_BY_PROFILE_WITH_REASON,current RTL/profile exposes no hardware control for this payload length/pattern in P5; not promoted to PASS
lane1,0x2,0x2,2,prbs15,LANE1_ACK_RETRY_100,evidence/hardware/p5/protocol/lane1_ack_retry_100/p5_stage_result.json,,,,,,,,,,,UNSUPPORTED_BY_PROFILE_WITH_REASON,current RTL/profile exposes no hardware control for this payload length/pattern in P5; not promoted to PASS
lane1,0x2,0x2,3,zero,LANE1_ACK_RETRY_100,evidence/hardware/p5/protocol/lane1_ack_retry_100/p5_stage_result.json,,,,,,,,,,,UNSUPPORTED_BY_PROFILE_WITH_REASON,current RTL/profile exposes no hardware control for this payload length/pattern in P5; not promoted to PASS
lane1,0x2,0x2,3,ff,LANE1_ACK_RETRY_100,evidence/hardware/p5/protocol/lane1_ack_retry_100/p5_stage_result.json,,,,,,,,,,,UNSUPPORTED_BY_PROFILE_WITH_REASON,current RTL/profile exposes no hardware control for this payload length/pattern in P5; not promoted to PASS
lane1,0x2,0x2,3,aa55,LANE1_ACK_RETRY_100,evidence/hardware/p5/protocol/lane1_ack_retry_100/p5_stage_result.json,,,,,,,,,,,UNSUPPORTED_BY_PROFILE_WITH_REASON,current RTL/profile exposes no hardware control for this payload length/pattern in P5; not promoted to PASS
lane1,0x2,0x2,3,55aa,LANE1_ACK_RETRY_100,evidence/hardware/p5/protocol/lane1_ack_retry_100/p5_stage_result.json,,,,,,,,,,,UNSUPPORTED_BY_PROFILE_WITH_REASON,current RTL/profile exposes no hardware control for this payload length/pattern in P5; not promoted to PASS
lane1,0x2,0x2,3,counter8,LANE1_ACK_RETRY_100,evidence/hardware/p5/protocol/lane1_ack_retry_100/p5_stage_result.json,,,,,,,,,,,UNSUPPORTED_BY_PROFILE_WITH_REASON,current RTL/profile exposes no hardware control for this payload length/pattern in P5; not promoted to PASS
lane1,0x2,0x2,3,counter16,LANE1_ACK_RETRY_100,evidence/hardware/p5/protocol/lane1_ack_retry_100/p5_stage_result.json,,,,,,,,,,,UNSUPPORTED_BY_PROFILE_WITH_REASON,current RTL/profile exposes no hardware control for this payload length/pattern in P5; not promoted to PASS
lane1,0x2,0x2,3,walking1,LANE1_ACK_RETRY_100,evidence/hardware/p5/protocol/lane1_ack_retry_100/p5_stage_result.json,,,,,,,,,,,UNSUPPORTED_BY_PROFILE_WITH_REASON,current RTL/profile exposes no hardware control for this payload length/pattern in P5; not promoted to PASS
lane1,0x2,0x2,3,walking0,LANE1_ACK_RETRY_100,evidence/hardware/p5/protocol/lane1_ack_retry_100/p5_stage_result.json,,,,,,,,,,,UNSUPPORTED_BY_PROFILE_WITH_REASON,current RTL/profile exposes no hardware control for this payload length/pattern in P5; not promoted to PASS
lane1,0x2,0x2,3,prbs15,LANE1_ACK_RETRY_100,evidence/hardware/p5/protocol/lane1_ack_retry_100/p5_stage_result.json,,,,,,,,,,,UNSUPPORTED_BY_PROFILE_WITH_REASON,current RTL/profile exposes no hardware control for this payload length/pattern in P5; not promoted to PASS
lane1,0x2,0x2,7,zero,LANE1_ACK_RETRY_100,evidence/hardware/p5/protocol/lane1_ack_retry_100/p5_stage_result.json,,,,,,,,,,,UNSUPPORTED_BY_PROFILE_WITH_REASON,current RTL/profile exposes no hardware control for this payload length/pattern in P5; not promoted to PASS
lane1,0x2,0x2,7,ff,LANE1_ACK_RETRY_100,evidence/hardware/p5/protocol/lane1_ack_retry_100/p5_stage_result.json,,,,,,,,,,,UNSUPPORTED_BY_PROFILE_WITH_REASON,current RTL/profile exposes no hardware control for this payload length/pattern in P5; not promoted to PASS
lane1,0x2,0x2,7,aa55,LANE1_ACK_RETRY_100,evidence/hardware/p5/protocol/lane1_ack_retry_100/p5_stage_result.json,,,,,,,,,,,UNSUPPORTED_BY_PROFILE_WITH_REASON,current RTL/profile exposes no hardware control for this payload length/pattern in P5; not promoted to PASS
lane1,0x2,0x2,7,55aa,LANE1_ACK_RETRY_100,evidence/hardware/p5/protocol/lane1_ack_retry_100/p5_stage_result.json,,,,,,,,,,,UNSUPPORTED_BY_PROFILE_WITH_REASON,current RTL/profile exposes no hardware control for this payload length/pattern in P5; not promoted to PASS
lane1,0x2,0x2,7,counter8,LANE1_ACK_RETRY_100,evidence/hardware/p5/protocol/lane1_ack_retry_100/p5_stage_result.json,,,,,,,,,,,UNSUPPORTED_BY_PROFILE_WITH_REASON,current RTL/profile exposes no hardware control for this payload length/pattern in P5; not promoted to PASS
lane1,0x2,0x2,7,counter16,LANE1_ACK_RETRY_100,evidence/hardware/p5/protocol/lane1_ack_retry_100/p5_stage_result.json,,,,,,,,,,,UNSUPPORTED_BY_PROFILE_WITH_REASON,current RTL/profile exposes no hardware control for this payload length/pattern in P5; not promoted to PASS
lane1,0x2,0x2,7,walking1,LANE1_ACK_RETRY_100,evidence/hardware/p5/protocol/lane1_ack_retry_100/p5_stage_result.json,,,,,,,,,,,UNSUPPORTED_BY_PROFILE_WITH_REASON,current RTL/profile exposes no hardware control for this payload length/pattern in P5; not promoted to PASS
lane1,0x2,0x2,7,walking0,LANE1_ACK_RETRY_100,evidence/hardware/p5/protocol/lane1_ack_retry_100/p5_stage_result.json,,,,,,,,,,,UNSUPPORTED_BY_PROFILE_WITH_REASON,current RTL/profile exposes no hardware control for this payload length/pattern in P5; not promoted to PASS
lane1,0x2,0x2,7,prbs15,LANE1_ACK_RETRY_100,evidence/hardware/p5/protocol/lane1_ack_retry_100/p5_stage_result.json,,,,,,,,,,,UNSUPPORTED_BY_PROFILE_WITH_REASON,current RTL/profile exposes no hardware control for this payload length/pattern in P5; not promoted to PASS
lane1,0x2,0x2,8,zero,LANE1_ACK_RETRY_100,evidence/hardware/p5/protocol/lane1_ack_retry_100/p5_stage_result.json,,,,,,,,,,,UNSUPPORTED_BY_PROFILE_WITH_REASON,current RTL/profile exposes no hardware control for this payload length/pattern in P5; not promoted to PASS
lane1,0x2,0x2,8,ff,LANE1_ACK_RETRY_100,evidence/hardware/p5/protocol/lane1_ack_retry_100/p5_stage_result.json,,,,,,,,,,,UNSUPPORTED_BY_PROFILE_WITH_REASON,current RTL/profile exposes no hardware control for this payload length/pattern in P5; not promoted to PASS
lane1,0x2,0x2,8,aa55,LANE1_ACK_RETRY_100,evidence/hardware/p5/protocol/lane1_ack_retry_100/p5_stage_result.json,,,,,,,,,,,UNSUPPORTED_BY_PROFILE_WITH_REASON,current RTL/profile exposes no hardware control for this payload length/pattern in P5; not promoted to PASS
lane1,0x2,0x2,8,55aa,LANE1_ACK_RETRY_100,evidence/hardware/p5/protocol/lane1_ack_retry_100/p5_stage_result.json,,,,,,,,,,,UNSUPPORTED_BY_PROFILE_WITH_REASON,current RTL/profile exposes no hardware control for this payload length/pattern in P5; not promoted to PASS
lane1,0x2,0x2,8,counter8,LANE1_ACK_RETRY_100,evidence/hardware/p5/protocol/lane1_ack_retry_100/p5_stage_result.json,,,,,,,,,,,UNSUPPORTED_BY_PROFILE_WITH_REASON,current RTL/profile exposes no hardware control for this payload length/pattern in P5; not promoted to PASS
lane1,0x2,0x2,8,counter16,LANE1_ACK_RETRY_100,evidence/hardware/p5/protocol/lane1_ack_retry_100/p5_stage_result.json,,,,,,,,,,,UNSUPPORTED_BY_PROFILE_WITH_REASON,current RTL/profile exposes no hardware control for this payload length/pattern in P5; not promoted to PASS
lane1,0x2,0x2,8,walking1,LANE1_ACK_RETRY_100,evidence/hardware/p5/protocol/lane1_ack_retry_100/p5_stage_result.json,,,,,,,,,,,UNSUPPORTED_BY_PROFILE_WITH_REASON,current RTL/profile exposes no hardware control for this payload length/pattern in P5; not promoted to PASS
lane1,0x2,0x2,8,walking0,LANE1_ACK_RETRY_100,evidence/hardware/p5/protocol/lane1_ack_retry_100/p5_stage_result.json,,,,,,,,,,,UNSUPPORTED_BY_PROFILE_WITH_REASON,current RTL/profile exposes no hardware control for this payload length/pattern in P5; not promoted to PASS
lane1,0x2,0x2,8,prbs15,LANE1_ACK_RETRY_100,evidence/hardware/p5/protocol/lane1_ack_retry_100/p5_stage_result.json,,,,,,,,,,,UNSUPPORTED_BY_PROFILE_WITH_REASON,current RTL/profile exposes no hardware control for this payload length/pattern in P5; not promoted to PASS
lane1,0x2,0x2,15,zero,LANE1_ACK_RETRY_100,evidence/hardware/p5/protocol/lane1_ack_retry_100/p5_stage_result.json,,,,,,,,,,,UNSUPPORTED_BY_PROFILE_WITH_REASON,current RTL/profile exposes no hardware control for this payload length/pattern in P5; not promoted to PASS
lane1,0x2,0x2,15,ff,LANE1_ACK_RETRY_100,evidence/hardware/p5/protocol/lane1_ack_retry_100/p5_stage_result.json,,,,,,,,,,,UNSUPPORTED_BY_PROFILE_WITH_REASON,current RTL/profile exposes no hardware control for this payload length/pattern in P5; not promoted to PASS
lane1,0x2,0x2,15,aa55,LANE1_ACK_RETRY_100,evidence/hardware/p5/protocol/lane1_ack_retry_100/p5_stage_result.json,,,,,,,,,,,UNSUPPORTED_BY_PROFILE_WITH_REASON,current RTL/profile exposes no hardware control for this payload length/pattern in P5; not promoted to PASS
lane1,0x2,0x2,15,55aa,LANE1_ACK_RETRY_100,evidence/hardware/p5/protocol/lane1_ack_retry_100/p5_stage_result.json,,,,,,,,,,,UNSUPPORTED_BY_PROFILE_WITH_REASON,current RTL/profile exposes no hardware control for this payload length/pattern in P5; not promoted to PASS
lane1,0x2,0x2,15,counter8,LANE1_ACK_RETRY_100,evidence/hardware/p5/protocol/lane1_ack_retry_100/p5_stage_result.json,,,,,,,,,,,UNSUPPORTED_BY_PROFILE_WITH_REASON,current RTL/profile exposes no hardware control for this payload length/pattern in P5; not promoted to PASS
lane1,0x2,0x2,15,counter16,LANE1_ACK_RETRY_100,evidence/hardware/p5/protocol/lane1_ack_retry_100/p5_stage_result.json,,,,,,,,,,,UNSUPPORTED_BY_PROFILE_WITH_REASON,current RTL/profile exposes no hardware control for this payload length/pattern in P5; not promoted to PASS
lane1,0x2,0x2,15,walking1,LANE1_ACK_RETRY_100,evidence/hardware/p5/protocol/lane1_ack_retry_100/p5_stage_result.json,,,,,,,,,,,UNSUPPORTED_BY_PROFILE_WITH_REASON,current RTL/profile exposes no hardware control for this payload length/pattern in P5; not promoted to PASS
lane1,0x2,0x2,15,walking0,LANE1_ACK_RETRY_100,evidence/hardware/p5/protocol/lane1_ack_retry_100/p5_stage_result.json,,,,,,,,,,,UNSUPPORTED_BY_PROFILE_WITH_REASON,current RTL/profile exposes no hardware control for this payload length/pattern in P5; not promoted to PASS
lane1,0x2,0x2,15,prbs15,LANE1_ACK_RETRY_100,evidence/hardware/p5/protocol/lane1_ack_retry_100/p5_stage_result.json,,,,,,,,,,,UNSUPPORTED_BY_PROFILE_WITH_REASON,current RTL/profile exposes no hardware control for this payload length/pattern in P5; not promoted to PASS
lane1,0x2,0x2,16,zero,LANE1_ACK_RETRY_100,evidence/hardware/p5/protocol/lane1_ack_retry_100/p5_stage_result.json,,,,,,,,,,,UNSUPPORTED_BY_PROFILE_WITH_REASON,current RTL/profile exposes no hardware control for this payload length/pattern in P5; not promoted to PASS
lane1,0x2,0x2,16,ff,LANE1_ACK_RETRY_100,evidence/hardware/p5/protocol/lane1_ack_retry_100/p5_stage_result.json,,,,,,,,,,,UNSUPPORTED_BY_PROFILE_WITH_REASON,current RTL/profile exposes no hardware control for this payload length/pattern in P5; not promoted to PASS
lane1,0x2,0x2,16,aa55,LANE1_ACK_RETRY_100,evidence/hardware/p5/protocol/lane1_ack_retry_100/p5_stage_result.json,,,,,,,,,,,UNSUPPORTED_BY_PROFILE_WITH_REASON,current RTL/profile exposes no hardware control for this payload length/pattern in P5; not promoted to PASS
lane1,0x2,0x2,16,55aa,LANE1_ACK_RETRY_100,evidence/hardware/p5/protocol/lane1_ack_retry_100/p5_stage_result.json,,,,,,,,,,,UNSUPPORTED_BY_PROFILE_WITH_REASON,current RTL/profile exposes no hardware control for this payload length/pattern in P5; not promoted to PASS
lane1,0x2,0x2,16,counter8,LANE1_ACK_RETRY_100,evidence/hardware/p5/protocol/lane1_ack_retry_100/p5_stage_result.json,100,100,100,0,0,SKIP_COUNTER_NOT_AVAILABLE,SKIP_COUNTER_NOT_AVAILABLE,8,0,PASS,PASS,fresh P5 fixed 16-byte counter payload evidence passed
lane1,0x2,0x2,16,counter16,LANE1_ACK_RETRY_100,evidence/hardware/p5/protocol/lane1_ack_retry_100/p5_stage_result.json,,,,,,,,,,,UNSUPPORTED_BY_PROFILE_WITH_REASON,current RTL/profile exposes no hardware control for this payload length/pattern in P5; not promoted to PASS
lane1,0x2,0x2,16,walking1,LANE1_ACK_RETRY_100,evidence/hardware/p5/protocol/lane1_ack_retry_100/p5_stage_result.json,,,,,,,,,,,UNSUPPORTED_BY_PROFILE_WITH_REASON,current RTL/profile exposes no hardware control for this payload length/pattern in P5; not promoted to PASS
lane1,0x2,0x2,16,walking0,LANE1_ACK_RETRY_100,evidence/hardware/p5/protocol/lane1_ack_retry_100/p5_stage_result.json,,,,,,,,,,,UNSUPPORTED_BY_PROFILE_WITH_REASON,current RTL/profile exposes no hardware control for this payload length/pattern in P5; not promoted to PASS
lane1,0x2,0x2,16,prbs15,LANE1_ACK_RETRY_100,evidence/hardware/p5/protocol/lane1_ack_retry_100/p5_stage_result.json,,,,,,,,,,,UNSUPPORTED_BY_PROFILE_WITH_REASON,current RTL/profile exposes no hardware control for this payload length/pattern in P5; not promoted to PASS
lane1,0x2,0x2,31,zero,LANE1_ACK_RETRY_100,evidence/hardware/p5/protocol/lane1_ack_retry_100/p5_stage_result.json,,,,,,,,,,,UNSUPPORTED_BY_PROFILE_WITH_REASON,current RTL/profile exposes no hardware control for this payload length/pattern in P5; not promoted to PASS
lane1,0x2,0x2,31,ff,LANE1_ACK_RETRY_100,evidence/hardware/p5/protocol/lane1_ack_retry_100/p5_stage_result.json,,,,,,,,,,,UNSUPPORTED_BY_PROFILE_WITH_REASON,current RTL/profile exposes no hardware control for this payload length/pattern in P5; not promoted to PASS
lane1,0x2,0x2,31,aa55,LANE1_ACK_RETRY_100,evidence/hardware/p5/protocol/lane1_ack_retry_100/p5_stage_result.json,,,,,,,,,,,UNSUPPORTED_BY_PROFILE_WITH_REASON,current RTL/profile exposes no hardware control for this payload length/pattern in P5; not promoted to PASS
lane1,0x2,0x2,31,55aa,LANE1_ACK_RETRY_100,evidence/hardware/p5/protocol/lane1_ack_retry_100/p5_stage_result.json,,,,,,,,,,,UNSUPPORTED_BY_PROFILE_WITH_REASON,current RTL/profile exposes no hardware control for this payload length/pattern in P5; not promoted to PASS
lane1,0x2,0x2,31,counter8,LANE1_ACK_RETRY_100,evidence/hardware/p5/protocol/lane1_ack_retry_100/p5_stage_result.json,,,,,,,,,,,UNSUPPORTED_BY_PROFILE_WITH_REASON,current RTL/profile exposes no hardware control for this payload length/pattern in P5; not promoted to PASS
lane1,0x2,0x2,31,counter16,LANE1_ACK_RETRY_100,evidence/hardware/p5/protocol/lane1_ack_retry_100/p5_stage_result.json,,,,,,,,,,,UNSUPPORTED_BY_PROFILE_WITH_REASON,current RTL/profile exposes no hardware control for this payload length/pattern in P5; not promoted to PASS
lane1,0x2,0x2,31,walking1,LANE1_ACK_RETRY_100,evidence/hardware/p5/protocol/lane1_ack_retry_100/p5_stage_result.json,,,,,,,,,,,UNSUPPORTED_BY_PROFILE_WITH_REASON,current RTL/profile exposes no hardware control for this payload length/pattern in P5; not promoted to PASS
lane1,0x2,0x2,31,walking0,LANE1_ACK_RETRY_100,evidence/hardware/p5/protocol/lane1_ack_retry_100/p5_stage_result.json,,,,,,,,,,,UNSUPPORTED_BY_PROFILE_WITH_REASON,current RTL/profile exposes no hardware control for this payload length/pattern in P5; not promoted to PASS
lane1,0x2,0x2,31,prbs15,LANE1_ACK_RETRY_100,evidence/hardware/p5/protocol/lane1_ack_retry_100/p5_stage_result.json,,,,,,,,,,,UNSUPPORTED_BY_PROFILE_WITH_REASON,current RTL/profile exposes no hardware control for this payload length/pattern in P5; not promoted to PASS
lane1,0x2,0x2,32,zero,LANE1_ACK_RETRY_100,evidence/hardware/p5/protocol/lane1_ack_retry_100/p5_stage_result.json,,,,,,,,,,,UNSUPPORTED_BY_PROFILE_WITH_REASON,current RTL/profile exposes no hardware control for this payload length/pattern in P5; not promoted to PASS
lane1,0x2,0x2,32,ff,LANE1_ACK_RETRY_100,evidence/hardware/p5/protocol/lane1_ack_retry_100/p5_stage_result.json,,,,,,,,,,,UNSUPPORTED_BY_PROFILE_WITH_REASON,current RTL/profile exposes no hardware control for this payload length/pattern in P5; not promoted to PASS
lane1,0x2,0x2,32,aa55,LANE1_ACK_RETRY_100,evidence/hardware/p5/protocol/lane1_ack_retry_100/p5_stage_result.json,,,,,,,,,,,UNSUPPORTED_BY_PROFILE_WITH_REASON,current RTL/profile exposes no hardware control for this payload length/pattern in P5; not promoted to PASS
lane1,0x2,0x2,32,55aa,LANE1_ACK_RETRY_100,evidence/hardware/p5/protocol/lane1_ack_retry_100/p5_stage_result.json,,,,,,,,,,,UNSUPPORTED_BY_PROFILE_WITH_REASON,current RTL/profile exposes no hardware control for this payload length/pattern in P5; not promoted to PASS
lane1,0x2,0x2,32,counter8,LANE1_ACK_RETRY_100,evidence/hardware/p5/protocol/lane1_ack_retry_100/p5_stage_result.json,,,,,,,,,,,UNSUPPORTED_BY_PROFILE_WITH_REASON,current RTL/profile exposes no hardware control for this payload length/pattern in P5; not promoted to PASS
lane1,0x2,0x2,32,counter16,LANE1_ACK_RETRY_100,evidence/hardware/p5/protocol/lane1_ack_retry_100/p5_stage_result.json,,,,,,,,,,,UNSUPPORTED_BY_PROFILE_WITH_REASON,current RTL/profile exposes no hardware control for this payload length/pattern in P5; not promoted to PASS
lane1,0x2,0x2,32,walking1,LANE1_ACK_RETRY_100,evidence/hardware/p5/protocol/lane1_ack_retry_100/p5_stage_result.json,,,,,,,,,,,UNSUPPORTED_BY_PROFILE_WITH_REASON,current RTL/profile exposes no hardware control for this payload length/pattern in P5; not promoted to PASS
lane1,0x2,0x2,32,walking0,LANE1_ACK_RETRY_100,evidence/hardware/p5/protocol/lane1_ack_retry_100/p5_stage_result.json,,,,,,,,,,,UNSUPPORTED_BY_PROFILE_WITH_REASON,current RTL/profile exposes no hardware control for this payload length/pattern in P5; not promoted to PASS
lane1,0x2,0x2,32,prbs15,LANE1_ACK_RETRY_100,evidence/hardware/p5/protocol/lane1_ack_retry_100/p5_stage_result.json,,,,,,,,,,,UNSUPPORTED_BY_PROFILE_WITH_REASON,current RTL/profile exposes no hardware control for this payload length/pattern in P5; not promoted to PASS
lane1,0x2,0x2,63,zero,LANE1_ACK_RETRY_100,evidence/hardware/p5/protocol/lane1_ack_retry_100/p5_stage_result.json,,,,,,,,,,,UNSUPPORTED_BY_PROFILE_WITH_REASON,current RTL/profile exposes no hardware control for this payload length/pattern in P5; not promoted to PASS
lane1,0x2,0x2,63,ff,LANE1_ACK_RETRY_100,evidence/hardware/p5/protocol/lane1_ack_retry_100/p5_stage_result.json,,,,,,,,,,,UNSUPPORTED_BY_PROFILE_WITH_REASON,current RTL/profile exposes no hardware control for this payload length/pattern in P5; not promoted to PASS
lane1,0x2,0x2,63,aa55,LANE1_ACK_RETRY_100,evidence/hardware/p5/protocol/lane1_ack_retry_100/p5_stage_result.json,,,,,,,,,,,UNSUPPORTED_BY_PROFILE_WITH_REASON,current RTL/profile exposes no hardware control for this payload length/pattern in P5; not promoted to PASS
lane1,0x2,0x2,63,55aa,LANE1_ACK_RETRY_100,evidence/hardware/p5/protocol/lane1_ack_retry_100/p5_stage_result.json,,,,,,,,,,,UNSUPPORTED_BY_PROFILE_WITH_REASON,current RTL/profile exposes no hardware control for this payload length/pattern in P5; not promoted to PASS
lane1,0x2,0x2,63,counter8,LANE1_ACK_RETRY_100,evidence/hardware/p5/protocol/lane1_ack_retry_100/p5_stage_result.json,,,,,,,,,,,UNSUPPORTED_BY_PROFILE_WITH_REASON,current RTL/profile exposes no hardware control for this payload length/pattern in P5; not promoted to PASS
lane1,0x2,0x2,63,counter16,LANE1_ACK_RETRY_100,evidence/hardware/p5/protocol/lane1_ack_retry_100/p5_stage_result.json,,,,,,,,,,,UNSUPPORTED_BY_PROFILE_WITH_REASON,current RTL/profile exposes no hardware control for this payload length/pattern in P5; not promoted to PASS
lane1,0x2,0x2,63,walking1,LANE1_ACK_RETRY_100,evidence/hardware/p5/protocol/lane1_ack_retry_100/p5_stage_result.json,,,,,,,,,,,UNSUPPORTED_BY_PROFILE_WITH_REASON,current RTL/profile exposes no hardware control for this payload length/pattern in P5; not promoted to PASS
lane1,0x2,0x2,63,walking0,LANE1_ACK_RETRY_100,evidence/hardware/p5/protocol/lane1_ack_retry_100/p5_stage_result.json,,,,,,,,,,,UNSUPPORTED_BY_PROFILE_WITH_REASON,current RTL/profile exposes no hardware control for this payload length/pattern in P5; not promoted to PASS
lane1,0x2,0x2,63,prbs15,LANE1_ACK_RETRY_100,evidence/hardware/p5/protocol/lane1_ack_retry_100/p5_stage_result.json,,,,,,,,,,,UNSUPPORTED_BY_PROFILE_WITH_REASON,current RTL/profile exposes no hardware control for this payload length/pattern in P5; not promoted to PASS
lane1,0x2,0x2,64,zero,LANE1_ACK_RETRY_100,evidence/hardware/p5/protocol/lane1_ack_retry_100/p5_stage_result.json,,,,,,,,,,,UNSUPPORTED_BY_PROFILE_WITH_REASON,current RTL/profile exposes no hardware control for this payload length/pattern in P5; not promoted to PASS
lane1,0x2,0x2,64,ff,LANE1_ACK_RETRY_100,evidence/hardware/p5/protocol/lane1_ack_retry_100/p5_stage_result.json,,,,,,,,,,,UNSUPPORTED_BY_PROFILE_WITH_REASON,current RTL/profile exposes no hardware control for this payload length/pattern in P5; not promoted to PASS
lane1,0x2,0x2,64,aa55,LANE1_ACK_RETRY_100,evidence/hardware/p5/protocol/lane1_ack_retry_100/p5_stage_result.json,,,,,,,,,,,UNSUPPORTED_BY_PROFILE_WITH_REASON,current RTL/profile exposes no hardware control for this payload length/pattern in P5; not promoted to PASS
lane1,0x2,0x2,64,55aa,LANE1_ACK_RETRY_100,evidence/hardware/p5/protocol/lane1_ack_retry_100/p5_stage_result.json,,,,,,,,,,,UNSUPPORTED_BY_PROFILE_WITH_REASON,current RTL/profile exposes no hardware control for this payload length/pattern in P5; not promoted to PASS
lane1,0x2,0x2,64,counter8,LANE1_ACK_RETRY_100,evidence/hardware/p5/protocol/lane1_ack_retry_100/p5_stage_result.json,,,,,,,,,,,UNSUPPORTED_BY_PROFILE_WITH_REASON,current RTL/profile exposes no hardware control for this payload length/pattern in P5; not promoted to PASS
lane1,0x2,0x2,64,counter16,LANE1_ACK_RETRY_100,evidence/hardware/p5/protocol/lane1_ack_retry_100/p5_stage_result.json,,,,,,,,,,,UNSUPPORTED_BY_PROFILE_WITH_REASON,current RTL/profile exposes no hardware control for this payload length/pattern in P5; not promoted to PASS
lane1,0x2,0x2,64,walking1,LANE1_ACK_RETRY_100,evidence/hardware/p5/protocol/lane1_ack_retry_100/p5_stage_result.json,,,,,,,,,,,UNSUPPORTED_BY_PROFILE_WITH_REASON,current RTL/profile exposes no hardware control for this payload length/pattern in P5; not promoted to PASS
lane1,0x2,0x2,64,walking0,LANE1_ACK_RETRY_100,evidence/hardware/p5/protocol/lane1_ack_retry_100/p5_stage_result.json,,,,,,,,,,,UNSUPPORTED_BY_PROFILE_WITH_REASON,current RTL/profile exposes no hardware control for this payload length/pattern in P5; not promoted to PASS
lane1,0x2,0x2,64,prbs15,LANE1_ACK_RETRY_100,evidence/hardware/p5/protocol/lane1_ack_retry_100/p5_stage_result.json,,,,,,,,,,,UNSUPPORTED_BY_PROFILE_WITH_REASON,current RTL/profile exposes no hardware control for this payload length/pattern in P5; not promoted to PASS
lane1,0x2,0x2,127,zero,LANE1_ACK_RETRY_100,evidence/hardware/p5/protocol/lane1_ack_retry_100/p5_stage_result.json,,,,,,,,,,,UNSUPPORTED_BY_PROFILE_WITH_REASON,current RTL/profile exposes no hardware control for this payload length/pattern in P5; not promoted to PASS
lane1,0x2,0x2,127,ff,LANE1_ACK_RETRY_100,evidence/hardware/p5/protocol/lane1_ack_retry_100/p5_stage_result.json,,,,,,,,,,,UNSUPPORTED_BY_PROFILE_WITH_REASON,current RTL/profile exposes no hardware control for this payload length/pattern in P5; not promoted to PASS
lane1,0x2,0x2,127,aa55,LANE1_ACK_RETRY_100,evidence/hardware/p5/protocol/lane1_ack_retry_100/p5_stage_result.json,,,,,,,,,,,UNSUPPORTED_BY_PROFILE_WITH_REASON,current RTL/profile exposes no hardware control for this payload length/pattern in P5; not promoted to PASS
lane1,0x2,0x2,127,55aa,LANE1_ACK_RETRY_100,evidence/hardware/p5/protocol/lane1_ack_retry_100/p5_stage_result.json,,,,,,,,,,,UNSUPPORTED_BY_PROFILE_WITH_REASON,current RTL/profile exposes no hardware control for this payload length/pattern in P5; not promoted to PASS
lane1,0x2,0x2,127,counter8,LANE1_ACK_RETRY_100,evidence/hardware/p5/protocol/lane1_ack_retry_100/p5_stage_result.json,,,,,,,,,,,UNSUPPORTED_BY_PROFILE_WITH_REASON,current RTL/profile exposes no hardware control for this payload length/pattern in P5; not promoted to PASS
lane1,0x2,0x2,127,counter16,LANE1_ACK_RETRY_100,evidence/hardware/p5/protocol/lane1_ack_retry_100/p5_stage_result.json,,,,,,,,,,,UNSUPPORTED_BY_PROFILE_WITH_REASON,current RTL/profile exposes no hardware control for this payload length/pattern in P5; not promoted to PASS
lane1,0x2,0x2,127,walking1,LANE1_ACK_RETRY_100,evidence/hardware/p5/protocol/lane1_ack_retry_100/p5_stage_result.json,,,,,,,,,,,UNSUPPORTED_BY_PROFILE_WITH_REASON,current RTL/profile exposes no hardware control for this payload length/pattern in P5; not promoted to PASS
lane1,0x2,0x2,127,walking0,LANE1_ACK_RETRY_100,evidence/hardware/p5/protocol/lane1_ack_retry_100/p5_stage_result.json,,,,,,,,,,,UNSUPPORTED_BY_PROFILE_WITH_REASON,current RTL/profile exposes no hardware control for this payload length/pattern in P5; not promoted to PASS
lane1,0x2,0x2,127,prbs15,LANE1_ACK_RETRY_100,evidence/hardware/p5/protocol/lane1_ack_retry_100/p5_stage_result.json,,,,,,,,,,,UNSUPPORTED_BY_PROFILE_WITH_REASON,current RTL/profile exposes no hardware control for this payload length/pattern in P5; not promoted to PASS
lane1,0x2,0x2,128,zero,LANE1_ACK_RETRY_100,evidence/hardware/p5/protocol/lane1_ack_retry_100/p5_stage_result.json,,,,,,,,,,,UNSUPPORTED_BY_PROFILE_WITH_REASON,current RTL/profile exposes no hardware control for this payload length/pattern in P5; not promoted to PASS
lane1,0x2,0x2,128,ff,LANE1_ACK_RETRY_100,evidence/hardware/p5/protocol/lane1_ack_retry_100/p5_stage_result.json,,,,,,,,,,,UNSUPPORTED_BY_PROFILE_WITH_REASON,current RTL/profile exposes no hardware control for this payload length/pattern in P5; not promoted to PASS
lane1,0x2,0x2,128,aa55,LANE1_ACK_RETRY_100,evidence/hardware/p5/protocol/lane1_ack_retry_100/p5_stage_result.json,,,,,,,,,,,UNSUPPORTED_BY_PROFILE_WITH_REASON,current RTL/profile exposes no hardware control for this payload length/pattern in P5; not promoted to PASS
lane1,0x2,0x2,128,55aa,LANE1_ACK_RETRY_100,evidence/hardware/p5/protocol/lane1_ack_retry_100/p5_stage_result.json,,,,,,,,,,,UNSUPPORTED_BY_PROFILE_WITH_REASON,current RTL/profile exposes no hardware control for this payload length/pattern in P5; not promoted to PASS
lane1,0x2,0x2,128,counter8,LANE1_ACK_RETRY_100,evidence/hardware/p5/protocol/lane1_ack_retry_100/p5_stage_result.json,,,,,,,,,,,UNSUPPORTED_BY_PROFILE_WITH_REASON,current RTL/profile exposes no hardware control for this payload length/pattern in P5; not promoted to PASS
lane1,0x2,0x2,128,counter16,LANE1_ACK_RETRY_100,evidence/hardware/p5/protocol/lane1_ack_retry_100/p5_stage_result.json,,,,,,,,,,,UNSUPPORTED_BY_PROFILE_WITH_REASON,current RTL/profile exposes no hardware control for this payload length/pattern in P5; not promoted to PASS
lane1,0x2,0x2,128,walking1,LANE1_ACK_RETRY_100,evidence/hardware/p5/protocol/lane1_ack_retry_100/p5_stage_result.json,,,,,,,,,,,UNSUPPORTED_BY_PROFILE_WITH_REASON,current RTL/profile exposes no hardware control for this payload length/pattern in P5; not promoted to PASS
lane1,0x2,0x2,128,walking0,LANE1_ACK_RETRY_100,evidence/hardware/p5/protocol/lane1_ack_retry_100/p5_stage_result.json,,,,,,,,,,,UNSUPPORTED_BY_PROFILE_WITH_REASON,current RTL/profile exposes no hardware control for this payload length/pattern in P5; not promoted to PASS
lane1,0x2,0x2,128,prbs15,LANE1_ACK_RETRY_100,evidence/hardware/p5/protocol/lane1_ack_retry_100/p5_stage_result.json,,,,,,,,,,,UNSUPPORTED_BY_PROFILE_WITH_REASON,current RTL/profile exposes no hardware control for this payload length/pattern in P5; not promoted to PASS
lane1,0x2,0x2,247,zero,LANE1_ACK_RETRY_100,evidence/hardware/p5/protocol/lane1_ack_retry_100/p5_stage_result.json,,,,,,,,,,,UNSUPPORTED_BY_PROFILE_WITH_REASON,current RTL/profile exposes no hardware control for this payload length/pattern in P5; not promoted to PASS
lane1,0x2,0x2,247,ff,LANE1_ACK_RETRY_100,evidence/hardware/p5/protocol/lane1_ack_retry_100/p5_stage_result.json,,,,,,,,,,,UNSUPPORTED_BY_PROFILE_WITH_REASON,current RTL/profile exposes no hardware control for this payload length/pattern in P5; not promoted to PASS
lane1,0x2,0x2,247,aa55,LANE1_ACK_RETRY_100,evidence/hardware/p5/protocol/lane1_ack_retry_100/p5_stage_result.json,,,,,,,,,,,UNSUPPORTED_BY_PROFILE_WITH_REASON,current RTL/profile exposes no hardware control for this payload length/pattern in P5; not promoted to PASS
lane1,0x2,0x2,247,55aa,LANE1_ACK_RETRY_100,evidence/hardware/p5/protocol/lane1_ack_retry_100/p5_stage_result.json,,,,,,,,,,,UNSUPPORTED_BY_PROFILE_WITH_REASON,current RTL/profile exposes no hardware control for this payload length/pattern in P5; not promoted to PASS
lane1,0x2,0x2,247,counter8,LANE1_ACK_RETRY_100,evidence/hardware/p5/protocol/lane1_ack_retry_100/p5_stage_result.json,,,,,,,,,,,UNSUPPORTED_BY_PROFILE_WITH_REASON,current RTL/profile exposes no hardware control for this payload length/pattern in P5; not promoted to PASS
lane1,0x2,0x2,247,counter16,LANE1_ACK_RETRY_100,evidence/hardware/p5/protocol/lane1_ack_retry_100/p5_stage_result.json,,,,,,,,,,,UNSUPPORTED_BY_PROFILE_WITH_REASON,current RTL/profile exposes no hardware control for this payload length/pattern in P5; not promoted to PASS
lane1,0x2,0x2,247,walking1,LANE1_ACK_RETRY_100,evidence/hardware/p5/protocol/lane1_ack_retry_100/p5_stage_result.json,,,,,,,,,,,UNSUPPORTED_BY_PROFILE_WITH_REASON,current RTL/profile exposes no hardware control for this payload length/pattern in P5; not promoted to PASS
lane1,0x2,0x2,247,walking0,LANE1_ACK_RETRY_100,evidence/hardware/p5/protocol/lane1_ack_retry_100/p5_stage_result.json,,,,,,,,,,,UNSUPPORTED_BY_PROFILE_WITH_REASON,current RTL/profile exposes no hardware control for this payload length/pattern in P5; not promoted to PASS
lane1,0x2,0x2,247,prbs15,LANE1_ACK_RETRY_100,evidence/hardware/p5/protocol/lane1_ack_retry_100/p5_stage_result.json,,,,,,,,,,,UNSUPPORTED_BY_PROFILE_WITH_REASON,current RTL/profile exposes no hardware control for this payload length/pattern in P5; not promoted to PASS
lane1,0x2,0x2,255,zero,LANE1_ACK_RETRY_100,evidence/hardware/p5/protocol/lane1_ack_retry_100/p5_stage_result.json,,,,,,,,,,,UNSUPPORTED_BY_PROFILE_WITH_REASON,current RTL/profile exposes no hardware control for this payload length/pattern in P5; not promoted to PASS
lane1,0x2,0x2,255,ff,LANE1_ACK_RETRY_100,evidence/hardware/p5/protocol/lane1_ack_retry_100/p5_stage_result.json,,,,,,,,,,,UNSUPPORTED_BY_PROFILE_WITH_REASON,current RTL/profile exposes no hardware control for this payload length/pattern in P5; not promoted to PASS
lane1,0x2,0x2,255,aa55,LANE1_ACK_RETRY_100,evidence/hardware/p5/protocol/lane1_ack_retry_100/p5_stage_result.json,,,,,,,,,,,UNSUPPORTED_BY_PROFILE_WITH_REASON,current RTL/profile exposes no hardware control for this payload length/pattern in P5; not promoted to PASS
lane1,0x2,0x2,255,55aa,LANE1_ACK_RETRY_100,evidence/hardware/p5/protocol/lane1_ack_retry_100/p5_stage_result.json,,,,,,,,,,,UNSUPPORTED_BY_PROFILE_WITH_REASON,current RTL/profile exposes no hardware control for this payload length/pattern in P5; not promoted to PASS
lane1,0x2,0x2,255,counter8,LANE1_ACK_RETRY_100,evidence/hardware/p5/protocol/lane1_ack_retry_100/p5_stage_result.json,,,,,,,,,,,UNSUPPORTED_BY_PROFILE_WITH_REASON,current RTL/profile exposes no hardware control for this payload length/pattern in P5; not promoted to PASS
lane1,0x2,0x2,255,counter16,LANE1_ACK_RETRY_100,evidence/hardware/p5/protocol/lane1_ack_retry_100/p5_stage_result.json,,,,,,,,,,,UNSUPPORTED_BY_PROFILE_WITH_REASON,current RTL/profile exposes no hardware control for this payload length/pattern in P5; not promoted to PASS
lane1,0x2,0x2,255,walking1,LANE1_ACK_RETRY_100,evidence/hardware/p5/protocol/lane1_ack_retry_100/p5_stage_result.json,,,,,,,,,,,UNSUPPORTED_BY_PROFILE_WITH_REASON,current RTL/profile exposes no hardware control for this payload length/pattern in P5; not promoted to PASS
lane1,0x2,0x2,255,walking0,LANE1_ACK_RETRY_100,evidence/hardware/p5/protocol/lane1_ack_retry_100/p5_stage_result.json,,,,,,,,,,,UNSUPPORTED_BY_PROFILE_WITH_REASON,current RTL/profile exposes no hardware control for this payload length/pattern in P5; not promoted to PASS
lane1,0x2,0x2,255,prbs15,LANE1_ACK_RETRY_100,evidence/hardware/p5/protocol/lane1_ack_retry_100/p5_stage_result.json,,,,,,,,,,,UNSUPPORTED_BY_PROFILE_WITH_REASON,current RTL/profile exposes no hardware control for this payload length/pattern in P5; not promoted to PASS
lane1,0x2,0x2,256,zero,LANE1_ACK_RETRY_100,evidence/hardware/p5/protocol/lane1_ack_retry_100/p5_stage_result.json,,,,,,,,,,,UNSUPPORTED_BY_PROFILE_WITH_REASON,current RTL/profile exposes no hardware control for this payload length/pattern in P5; not promoted to PASS
lane1,0x2,0x2,256,ff,LANE1_ACK_RETRY_100,evidence/hardware/p5/protocol/lane1_ack_retry_100/p5_stage_result.json,,,,,,,,,,,UNSUPPORTED_BY_PROFILE_WITH_REASON,current RTL/profile exposes no hardware control for this payload length/pattern in P5; not promoted to PASS
lane1,0x2,0x2,256,aa55,LANE1_ACK_RETRY_100,evidence/hardware/p5/protocol/lane1_ack_retry_100/p5_stage_result.json,,,,,,,,,,,UNSUPPORTED_BY_PROFILE_WITH_REASON,current RTL/profile exposes no hardware control for this payload length/pattern in P5; not promoted to PASS
lane1,0x2,0x2,256,55aa,LANE1_ACK_RETRY_100,evidence/hardware/p5/protocol/lane1_ack_retry_100/p5_stage_result.json,,,,,,,,,,,UNSUPPORTED_BY_PROFILE_WITH_REASON,current RTL/profile exposes no hardware control for this payload length/pattern in P5; not promoted to PASS
lane1,0x2,0x2,256,counter8,LANE1_ACK_RETRY_100,evidence/hardware/p5/protocol/lane1_ack_retry_100/p5_stage_result.json,,,,,,,,,,,UNSUPPORTED_BY_PROFILE_WITH_REASON,current RTL/profile exposes no hardware control for this payload length/pattern in P5; not promoted to PASS
lane1,0x2,0x2,256,counter16,LANE1_ACK_RETRY_100,evidence/hardware/p5/protocol/lane1_ack_retry_100/p5_stage_result.json,,,,,,,,,,,UNSUPPORTED_BY_PROFILE_WITH_REASON,current RTL/profile exposes no hardware control for this payload length/pattern in P5; not promoted to PASS
lane1,0x2,0x2,256,walking1,LANE1_ACK_RETRY_100,evidence/hardware/p5/protocol/lane1_ack_retry_100/p5_stage_result.json,,,,,,,,,,,UNSUPPORTED_BY_PROFILE_WITH_REASON,current RTL/profile exposes no hardware control for this payload length/pattern in P5; not promoted to PASS
lane1,0x2,0x2,256,walking0,LANE1_ACK_RETRY_100,evidence/hardware/p5/protocol/lane1_ack_retry_100/p5_stage_result.json,,,,,,,,,,,UNSUPPORTED_BY_PROFILE_WITH_REASON,current RTL/profile exposes no hardware control for this payload length/pattern in P5; not promoted to PASS
lane1,0x2,0x2,256,prbs15,LANE1_ACK_RETRY_100,evidence/hardware/p5/protocol/lane1_ack_retry_100/p5_stage_result.json,,,,,,,,,,,UNSUPPORTED_BY_PROFILE_WITH_REASON,current RTL/profile exposes no hardware control for this payload length/pattern in P5; not promoted to PASS
two_lane,0x3,0x3,0,zero,TWO_LANE_MINIMAL_100,evidence/hardware/p5/protocol/two_lane_minimal_100/p5_stage_result.json,,,,,,,,,,,UNSUPPORTED_BY_PROFILE_WITH_REASON,current RTL/profile exposes no hardware control for this payload length/pattern in P5; not promoted to PASS
two_lane,0x3,0x3,0,ff,TWO_LANE_MINIMAL_100,evidence/hardware/p5/protocol/two_lane_minimal_100/p5_stage_result.json,,,,,,,,,,,UNSUPPORTED_BY_PROFILE_WITH_REASON,current RTL/profile exposes no hardware control for this payload length/pattern in P5; not promoted to PASS
two_lane,0x3,0x3,0,aa55,TWO_LANE_MINIMAL_100,evidence/hardware/p5/protocol/two_lane_minimal_100/p5_stage_result.json,,,,,,,,,,,UNSUPPORTED_BY_PROFILE_WITH_REASON,current RTL/profile exposes no hardware control for this payload length/pattern in P5; not promoted to PASS
two_lane,0x3,0x3,0,55aa,TWO_LANE_MINIMAL_100,evidence/hardware/p5/protocol/two_lane_minimal_100/p5_stage_result.json,,,,,,,,,,,UNSUPPORTED_BY_PROFILE_WITH_REASON,current RTL/profile exposes no hardware control for this payload length/pattern in P5; not promoted to PASS
two_lane,0x3,0x3,0,counter8,TWO_LANE_MINIMAL_100,evidence/hardware/p5/protocol/two_lane_minimal_100/p5_stage_result.json,,,,,,,,,,,UNSUPPORTED_BY_PROFILE_WITH_REASON,current RTL/profile exposes no hardware control for this payload length/pattern in P5; not promoted to PASS
two_lane,0x3,0x3,0,counter16,TWO_LANE_MINIMAL_100,evidence/hardware/p5/protocol/two_lane_minimal_100/p5_stage_result.json,,,,,,,,,,,UNSUPPORTED_BY_PROFILE_WITH_REASON,current RTL/profile exposes no hardware control for this payload length/pattern in P5; not promoted to PASS
two_lane,0x3,0x3,0,walking1,TWO_LANE_MINIMAL_100,evidence/hardware/p5/protocol/two_lane_minimal_100/p5_stage_result.json,,,,,,,,,,,UNSUPPORTED_BY_PROFILE_WITH_REASON,current RTL/profile exposes no hardware control for this payload length/pattern in P5; not promoted to PASS
two_lane,0x3,0x3,0,walking0,TWO_LANE_MINIMAL_100,evidence/hardware/p5/protocol/two_lane_minimal_100/p5_stage_result.json,,,,,,,,,,,UNSUPPORTED_BY_PROFILE_WITH_REASON,current RTL/profile exposes no hardware control for this payload length/pattern in P5; not promoted to PASS
two_lane,0x3,0x3,0,prbs15,TWO_LANE_MINIMAL_100,evidence/hardware/p5/protocol/two_lane_minimal_100/p5_stage_result.json,,,,,,,,,,,UNSUPPORTED_BY_PROFILE_WITH_REASON,current RTL/profile exposes no hardware control for this payload length/pattern in P5; not promoted to PASS
two_lane,0x3,0x3,1,zero,TWO_LANE_MINIMAL_100,evidence/hardware/p5/protocol/two_lane_minimal_100/p5_stage_result.json,,,,,,,,,,,UNSUPPORTED_BY_PROFILE_WITH_REASON,current RTL/profile exposes no hardware control for this payload length/pattern in P5; not promoted to PASS
two_lane,0x3,0x3,1,ff,TWO_LANE_MINIMAL_100,evidence/hardware/p5/protocol/two_lane_minimal_100/p5_stage_result.json,,,,,,,,,,,UNSUPPORTED_BY_PROFILE_WITH_REASON,current RTL/profile exposes no hardware control for this payload length/pattern in P5; not promoted to PASS
two_lane,0x3,0x3,1,aa55,TWO_LANE_MINIMAL_100,evidence/hardware/p5/protocol/two_lane_minimal_100/p5_stage_result.json,,,,,,,,,,,UNSUPPORTED_BY_PROFILE_WITH_REASON,current RTL/profile exposes no hardware control for this payload length/pattern in P5; not promoted to PASS
two_lane,0x3,0x3,1,55aa,TWO_LANE_MINIMAL_100,evidence/hardware/p5/protocol/two_lane_minimal_100/p5_stage_result.json,,,,,,,,,,,UNSUPPORTED_BY_PROFILE_WITH_REASON,current RTL/profile exposes no hardware control for this payload length/pattern in P5; not promoted to PASS
two_lane,0x3,0x3,1,counter8,TWO_LANE_MINIMAL_100,evidence/hardware/p5/protocol/two_lane_minimal_100/p5_stage_result.json,,,,,,,,,,,UNSUPPORTED_BY_PROFILE_WITH_REASON,current RTL/profile exposes no hardware control for this payload length/pattern in P5; not promoted to PASS
two_lane,0x3,0x3,1,counter16,TWO_LANE_MINIMAL_100,evidence/hardware/p5/protocol/two_lane_minimal_100/p5_stage_result.json,,,,,,,,,,,UNSUPPORTED_BY_PROFILE_WITH_REASON,current RTL/profile exposes no hardware control for this payload length/pattern in P5; not promoted to PASS
two_lane,0x3,0x3,1,walking1,TWO_LANE_MINIMAL_100,evidence/hardware/p5/protocol/two_lane_minimal_100/p5_stage_result.json,,,,,,,,,,,UNSUPPORTED_BY_PROFILE_WITH_REASON,current RTL/profile exposes no hardware control for this payload length/pattern in P5; not promoted to PASS
two_lane,0x3,0x3,1,walking0,TWO_LANE_MINIMAL_100,evidence/hardware/p5/protocol/two_lane_minimal_100/p5_stage_result.json,,,,,,,,,,,UNSUPPORTED_BY_PROFILE_WITH_REASON,current RTL/profile exposes no hardware control for this payload length/pattern in P5; not promoted to PASS
two_lane,0x3,0x3,1,prbs15,TWO_LANE_MINIMAL_100,evidence/hardware/p5/protocol/two_lane_minimal_100/p5_stage_result.json,,,,,,,,,,,UNSUPPORTED_BY_PROFILE_WITH_REASON,current RTL/profile exposes no hardware control for this payload length/pattern in P5; not promoted to PASS
two_lane,0x3,0x3,2,zero,TWO_LANE_MINIMAL_100,evidence/hardware/p5/protocol/two_lane_minimal_100/p5_stage_result.json,,,,,,,,,,,UNSUPPORTED_BY_PROFILE_WITH_REASON,current RTL/profile exposes no hardware control for this payload length/pattern in P5; not promoted to PASS
two_lane,0x3,0x3,2,ff,TWO_LANE_MINIMAL_100,evidence/hardware/p5/protocol/two_lane_minimal_100/p5_stage_result.json,,,,,,,,,,,UNSUPPORTED_BY_PROFILE_WITH_REASON,current RTL/profile exposes no hardware control for this payload length/pattern in P5; not promoted to PASS
two_lane,0x3,0x3,2,aa55,TWO_LANE_MINIMAL_100,evidence/hardware/p5/protocol/two_lane_minimal_100/p5_stage_result.json,,,,,,,,,,,UNSUPPORTED_BY_PROFILE_WITH_REASON,current RTL/profile exposes no hardware control for this payload length/pattern in P5; not promoted to PASS
two_lane,0x3,0x3,2,55aa,TWO_LANE_MINIMAL_100,evidence/hardware/p5/protocol/two_lane_minimal_100/p5_stage_result.json,,,,,,,,,,,UNSUPPORTED_BY_PROFILE_WITH_REASON,current RTL/profile exposes no hardware control for this payload length/pattern in P5; not promoted to PASS
two_lane,0x3,0x3,2,counter8,TWO_LANE_MINIMAL_100,evidence/hardware/p5/protocol/two_lane_minimal_100/p5_stage_result.json,,,,,,,,,,,UNSUPPORTED_BY_PROFILE_WITH_REASON,current RTL/profile exposes no hardware control for this payload length/pattern in P5; not promoted to PASS
two_lane,0x3,0x3,2,counter16,TWO_LANE_MINIMAL_100,evidence/hardware/p5/protocol/two_lane_minimal_100/p5_stage_result.json,,,,,,,,,,,UNSUPPORTED_BY_PROFILE_WITH_REASON,current RTL/profile exposes no hardware control for this payload length/pattern in P5; not promoted to PASS
two_lane,0x3,0x3,2,walking1,TWO_LANE_MINIMAL_100,evidence/hardware/p5/protocol/two_lane_minimal_100/p5_stage_result.json,,,,,,,,,,,UNSUPPORTED_BY_PROFILE_WITH_REASON,current RTL/profile exposes no hardware control for this payload length/pattern in P5; not promoted to PASS
two_lane,0x3,0x3,2,walking0,TWO_LANE_MINIMAL_100,evidence/hardware/p5/protocol/two_lane_minimal_100/p5_stage_result.json,,,,,,,,,,,UNSUPPORTED_BY_PROFILE_WITH_REASON,current RTL/profile exposes no hardware control for this payload length/pattern in P5; not promoted to PASS
two_lane,0x3,0x3,2,prbs15,TWO_LANE_MINIMAL_100,evidence/hardware/p5/protocol/two_lane_minimal_100/p5_stage_result.json,,,,,,,,,,,UNSUPPORTED_BY_PROFILE_WITH_REASON,current RTL/profile exposes no hardware control for this payload length/pattern in P5; not promoted to PASS
two_lane,0x3,0x3,3,zero,TWO_LANE_MINIMAL_100,evidence/hardware/p5/protocol/two_lane_minimal_100/p5_stage_result.json,,,,,,,,,,,UNSUPPORTED_BY_PROFILE_WITH_REASON,current RTL/profile exposes no hardware control for this payload length/pattern in P5; not promoted to PASS
two_lane,0x3,0x3,3,ff,TWO_LANE_MINIMAL_100,evidence/hardware/p5/protocol/two_lane_minimal_100/p5_stage_result.json,,,,,,,,,,,UNSUPPORTED_BY_PROFILE_WITH_REASON,current RTL/profile exposes no hardware control for this payload length/pattern in P5; not promoted to PASS
two_lane,0x3,0x3,3,aa55,TWO_LANE_MINIMAL_100,evidence/hardware/p5/protocol/two_lane_minimal_100/p5_stage_result.json,,,,,,,,,,,UNSUPPORTED_BY_PROFILE_WITH_REASON,current RTL/profile exposes no hardware control for this payload length/pattern in P5; not promoted to PASS
two_lane,0x3,0x3,3,55aa,TWO_LANE_MINIMAL_100,evidence/hardware/p5/protocol/two_lane_minimal_100/p5_stage_result.json,,,,,,,,,,,UNSUPPORTED_BY_PROFILE_WITH_REASON,current RTL/profile exposes no hardware control for this payload length/pattern in P5; not promoted to PASS
two_lane,0x3,0x3,3,counter8,TWO_LANE_MINIMAL_100,evidence/hardware/p5/protocol/two_lane_minimal_100/p5_stage_result.json,,,,,,,,,,,UNSUPPORTED_BY_PROFILE_WITH_REASON,current RTL/profile exposes no hardware control for this payload length/pattern in P5; not promoted to PASS
two_lane,0x3,0x3,3,counter16,TWO_LANE_MINIMAL_100,evidence/hardware/p5/protocol/two_lane_minimal_100/p5_stage_result.json,,,,,,,,,,,UNSUPPORTED_BY_PROFILE_WITH_REASON,current RTL/profile exposes no hardware control for this payload length/pattern in P5; not promoted to PASS
two_lane,0x3,0x3,3,walking1,TWO_LANE_MINIMAL_100,evidence/hardware/p5/protocol/two_lane_minimal_100/p5_stage_result.json,,,,,,,,,,,UNSUPPORTED_BY_PROFILE_WITH_REASON,current RTL/profile exposes no hardware control for this payload length/pattern in P5; not promoted to PASS
two_lane,0x3,0x3,3,walking0,TWO_LANE_MINIMAL_100,evidence/hardware/p5/protocol/two_lane_minimal_100/p5_stage_result.json,,,,,,,,,,,UNSUPPORTED_BY_PROFILE_WITH_REASON,current RTL/profile exposes no hardware control for this payload length/pattern in P5; not promoted to PASS
two_lane,0x3,0x3,3,prbs15,TWO_LANE_MINIMAL_100,evidence/hardware/p5/protocol/two_lane_minimal_100/p5_stage_result.json,,,,,,,,,,,UNSUPPORTED_BY_PROFILE_WITH_REASON,current RTL/profile exposes no hardware control for this payload length/pattern in P5; not promoted to PASS
two_lane,0x3,0x3,7,zero,TWO_LANE_MINIMAL_100,evidence/hardware/p5/protocol/two_lane_minimal_100/p5_stage_result.json,,,,,,,,,,,UNSUPPORTED_BY_PROFILE_WITH_REASON,current RTL/profile exposes no hardware control for this payload length/pattern in P5; not promoted to PASS
two_lane,0x3,0x3,7,ff,TWO_LANE_MINIMAL_100,evidence/hardware/p5/protocol/two_lane_minimal_100/p5_stage_result.json,,,,,,,,,,,UNSUPPORTED_BY_PROFILE_WITH_REASON,current RTL/profile exposes no hardware control for this payload length/pattern in P5; not promoted to PASS
two_lane,0x3,0x3,7,aa55,TWO_LANE_MINIMAL_100,evidence/hardware/p5/protocol/two_lane_minimal_100/p5_stage_result.json,,,,,,,,,,,UNSUPPORTED_BY_PROFILE_WITH_REASON,current RTL/profile exposes no hardware control for this payload length/pattern in P5; not promoted to PASS
two_lane,0x3,0x3,7,55aa,TWO_LANE_MINIMAL_100,evidence/hardware/p5/protocol/two_lane_minimal_100/p5_stage_result.json,,,,,,,,,,,UNSUPPORTED_BY_PROFILE_WITH_REASON,current RTL/profile exposes no hardware control for this payload length/pattern in P5; not promoted to PASS
two_lane,0x3,0x3,7,counter8,TWO_LANE_MINIMAL_100,evidence/hardware/p5/protocol/two_lane_minimal_100/p5_stage_result.json,,,,,,,,,,,UNSUPPORTED_BY_PROFILE_WITH_REASON,current RTL/profile exposes no hardware control for this payload length/pattern in P5; not promoted to PASS
two_lane,0x3,0x3,7,counter16,TWO_LANE_MINIMAL_100,evidence/hardware/p5/protocol/two_lane_minimal_100/p5_stage_result.json,,,,,,,,,,,UNSUPPORTED_BY_PROFILE_WITH_REASON,current RTL/profile exposes no hardware control for this payload length/pattern in P5; not promoted to PASS
two_lane,0x3,0x3,7,walking1,TWO_LANE_MINIMAL_100,evidence/hardware/p5/protocol/two_lane_minimal_100/p5_stage_result.json,,,,,,,,,,,UNSUPPORTED_BY_PROFILE_WITH_REASON,current RTL/profile exposes no hardware control for this payload length/pattern in P5; not promoted to PASS
two_lane,0x3,0x3,7,walking0,TWO_LANE_MINIMAL_100,evidence/hardware/p5/protocol/two_lane_minimal_100/p5_stage_result.json,,,,,,,,,,,UNSUPPORTED_BY_PROFILE_WITH_REASON,current RTL/profile exposes no hardware control for this payload length/pattern in P5; not promoted to PASS
two_lane,0x3,0x3,7,prbs15,TWO_LANE_MINIMAL_100,evidence/hardware/p5/protocol/two_lane_minimal_100/p5_stage_result.json,,,,,,,,,,,UNSUPPORTED_BY_PROFILE_WITH_REASON,current RTL/profile exposes no hardware control for this payload length/pattern in P5; not promoted to PASS
two_lane,0x3,0x3,8,zero,TWO_LANE_MINIMAL_100,evidence/hardware/p5/protocol/two_lane_minimal_100/p5_stage_result.json,,,,,,,,,,,UNSUPPORTED_BY_PROFILE_WITH_REASON,current RTL/profile exposes no hardware control for this payload length/pattern in P5; not promoted to PASS
two_lane,0x3,0x3,8,ff,TWO_LANE_MINIMAL_100,evidence/hardware/p5/protocol/two_lane_minimal_100/p5_stage_result.json,,,,,,,,,,,UNSUPPORTED_BY_PROFILE_WITH_REASON,current RTL/profile exposes no hardware control for this payload length/pattern in P5; not promoted to PASS
two_lane,0x3,0x3,8,aa55,TWO_LANE_MINIMAL_100,evidence/hardware/p5/protocol/two_lane_minimal_100/p5_stage_result.json,,,,,,,,,,,UNSUPPORTED_BY_PROFILE_WITH_REASON,current RTL/profile exposes no hardware control for this payload length/pattern in P5; not promoted to PASS
two_lane,0x3,0x3,8,55aa,TWO_LANE_MINIMAL_100,evidence/hardware/p5/protocol/two_lane_minimal_100/p5_stage_result.json,,,,,,,,,,,UNSUPPORTED_BY_PROFILE_WITH_REASON,current RTL/profile exposes no hardware control for this payload length/pattern in P5; not promoted to PASS
two_lane,0x3,0x3,8,counter8,TWO_LANE_MINIMAL_100,evidence/hardware/p5/protocol/two_lane_minimal_100/p5_stage_result.json,,,,,,,,,,,UNSUPPORTED_BY_PROFILE_WITH_REASON,current RTL/profile exposes no hardware control for this payload length/pattern in P5; not promoted to PASS
two_lane,0x3,0x3,8,counter16,TWO_LANE_MINIMAL_100,evidence/hardware/p5/protocol/two_lane_minimal_100/p5_stage_result.json,,,,,,,,,,,UNSUPPORTED_BY_PROFILE_WITH_REASON,current RTL/profile exposes no hardware control for this payload length/pattern in P5; not promoted to PASS
two_lane,0x3,0x3,8,walking1,TWO_LANE_MINIMAL_100,evidence/hardware/p5/protocol/two_lane_minimal_100/p5_stage_result.json,,,,,,,,,,,UNSUPPORTED_BY_PROFILE_WITH_REASON,current RTL/profile exposes no hardware control for this payload length/pattern in P5; not promoted to PASS
two_lane,0x3,0x3,8,walking0,TWO_LANE_MINIMAL_100,evidence/hardware/p5/protocol/two_lane_minimal_100/p5_stage_result.json,,,,,,,,,,,UNSUPPORTED_BY_PROFILE_WITH_REASON,current RTL/profile exposes no hardware control for this payload length/pattern in P5; not promoted to PASS
two_lane,0x3,0x3,8,prbs15,TWO_LANE_MINIMAL_100,evidence/hardware/p5/protocol/two_lane_minimal_100/p5_stage_result.json,,,,,,,,,,,UNSUPPORTED_BY_PROFILE_WITH_REASON,current RTL/profile exposes no hardware control for this payload length/pattern in P5; not promoted to PASS
two_lane,0x3,0x3,15,zero,TWO_LANE_MINIMAL_100,evidence/hardware/p5/protocol/two_lane_minimal_100/p5_stage_result.json,,,,,,,,,,,UNSUPPORTED_BY_PROFILE_WITH_REASON,current RTL/profile exposes no hardware control for this payload length/pattern in P5; not promoted to PASS
two_lane,0x3,0x3,15,ff,TWO_LANE_MINIMAL_100,evidence/hardware/p5/protocol/two_lane_minimal_100/p5_stage_result.json,,,,,,,,,,,UNSUPPORTED_BY_PROFILE_WITH_REASON,current RTL/profile exposes no hardware control for this payload length/pattern in P5; not promoted to PASS
two_lane,0x3,0x3,15,aa55,TWO_LANE_MINIMAL_100,evidence/hardware/p5/protocol/two_lane_minimal_100/p5_stage_result.json,,,,,,,,,,,UNSUPPORTED_BY_PROFILE_WITH_REASON,current RTL/profile exposes no hardware control for this payload length/pattern in P5; not promoted to PASS
two_lane,0x3,0x3,15,55aa,TWO_LANE_MINIMAL_100,evidence/hardware/p5/protocol/two_lane_minimal_100/p5_stage_result.json,,,,,,,,,,,UNSUPPORTED_BY_PROFILE_WITH_REASON,current RTL/profile exposes no hardware control for this payload length/pattern in P5; not promoted to PASS
two_lane,0x3,0x3,15,counter8,TWO_LANE_MINIMAL_100,evidence/hardware/p5/protocol/two_lane_minimal_100/p5_stage_result.json,,,,,,,,,,,UNSUPPORTED_BY_PROFILE_WITH_REASON,current RTL/profile exposes no hardware control for this payload length/pattern in P5; not promoted to PASS
two_lane,0x3,0x3,15,counter16,TWO_LANE_MINIMAL_100,evidence/hardware/p5/protocol/two_lane_minimal_100/p5_stage_result.json,,,,,,,,,,,UNSUPPORTED_BY_PROFILE_WITH_REASON,current RTL/profile exposes no hardware control for this payload length/pattern in P5; not promoted to PASS
two_lane,0x3,0x3,15,walking1,TWO_LANE_MINIMAL_100,evidence/hardware/p5/protocol/two_lane_minimal_100/p5_stage_result.json,,,,,,,,,,,UNSUPPORTED_BY_PROFILE_WITH_REASON,current RTL/profile exposes no hardware control for this payload length/pattern in P5; not promoted to PASS
two_lane,0x3,0x3,15,walking0,TWO_LANE_MINIMAL_100,evidence/hardware/p5/protocol/two_lane_minimal_100/p5_stage_result.json,,,,,,,,,,,UNSUPPORTED_BY_PROFILE_WITH_REASON,current RTL/profile exposes no hardware control for this payload length/pattern in P5; not promoted to PASS
two_lane,0x3,0x3,15,prbs15,TWO_LANE_MINIMAL_100,evidence/hardware/p5/protocol/two_lane_minimal_100/p5_stage_result.json,,,,,,,,,,,UNSUPPORTED_BY_PROFILE_WITH_REASON,current RTL/profile exposes no hardware control for this payload length/pattern in P5; not promoted to PASS
two_lane,0x3,0x3,16,zero,TWO_LANE_MINIMAL_100,evidence/hardware/p5/protocol/two_lane_minimal_100/p5_stage_result.json,,,,,,,,,,,UNSUPPORTED_BY_PROFILE_WITH_REASON,current RTL/profile exposes no hardware control for this payload length/pattern in P5; not promoted to PASS
two_lane,0x3,0x3,16,ff,TWO_LANE_MINIMAL_100,evidence/hardware/p5/protocol/two_lane_minimal_100/p5_stage_result.json,,,,,,,,,,,UNSUPPORTED_BY_PROFILE_WITH_REASON,current RTL/profile exposes no hardware control for this payload length/pattern in P5; not promoted to PASS
two_lane,0x3,0x3,16,aa55,TWO_LANE_MINIMAL_100,evidence/hardware/p5/protocol/two_lane_minimal_100/p5_stage_result.json,,,,,,,,,,,UNSUPPORTED_BY_PROFILE_WITH_REASON,current RTL/profile exposes no hardware control for this payload length/pattern in P5; not promoted to PASS
two_lane,0x3,0x3,16,55aa,TWO_LANE_MINIMAL_100,evidence/hardware/p5/protocol/two_lane_minimal_100/p5_stage_result.json,,,,,,,,,,,UNSUPPORTED_BY_PROFILE_WITH_REASON,current RTL/profile exposes no hardware control for this payload length/pattern in P5; not promoted to PASS
two_lane,0x3,0x3,16,counter8,TWO_LANE_MINIMAL_100,evidence/hardware/p5/protocol/two_lane_minimal_100/p5_stage_result.json,100,200,200,0,0,SKIP_COUNTER_NOT_AVAILABLE,SKIP_COUNTER_NOT_AVAILABLE,8,0,PASS,PASS,fresh P5 fixed 16-byte counter payload evidence passed
two_lane,0x3,0x3,16,counter16,TWO_LANE_MINIMAL_100,evidence/hardware/p5/protocol/two_lane_minimal_100/p5_stage_result.json,,,,,,,,,,,UNSUPPORTED_BY_PROFILE_WITH_REASON,current RTL/profile exposes no hardware control for this payload length/pattern in P5; not promoted to PASS
two_lane,0x3,0x3,16,walking1,TWO_LANE_MINIMAL_100,evidence/hardware/p5/protocol/two_lane_minimal_100/p5_stage_result.json,,,,,,,,,,,UNSUPPORTED_BY_PROFILE_WITH_REASON,current RTL/profile exposes no hardware control for this payload length/pattern in P5; not promoted to PASS
two_lane,0x3,0x3,16,walking0,TWO_LANE_MINIMAL_100,evidence/hardware/p5/protocol/two_lane_minimal_100/p5_stage_result.json,,,,,,,,,,,UNSUPPORTED_BY_PROFILE_WITH_REASON,current RTL/profile exposes no hardware control for this payload length/pattern in P5; not promoted to PASS
two_lane,0x3,0x3,16,prbs15,TWO_LANE_MINIMAL_100,evidence/hardware/p5/protocol/two_lane_minimal_100/p5_stage_result.json,,,,,,,,,,,UNSUPPORTED_BY_PROFILE_WITH_REASON,current RTL/profile exposes no hardware control for this payload length/pattern in P5; not promoted to PASS
two_lane,0x3,0x3,31,zero,TWO_LANE_MINIMAL_100,evidence/hardware/p5/protocol/two_lane_minimal_100/p5_stage_result.json,,,,,,,,,,,UNSUPPORTED_BY_PROFILE_WITH_REASON,current RTL/profile exposes no hardware control for this payload length/pattern in P5; not promoted to PASS
two_lane,0x3,0x3,31,ff,TWO_LANE_MINIMAL_100,evidence/hardware/p5/protocol/two_lane_minimal_100/p5_stage_result.json,,,,,,,,,,,UNSUPPORTED_BY_PROFILE_WITH_REASON,current RTL/profile exposes no hardware control for this payload length/pattern in P5; not promoted to PASS
two_lane,0x3,0x3,31,aa55,TWO_LANE_MINIMAL_100,evidence/hardware/p5/protocol/two_lane_minimal_100/p5_stage_result.json,,,,,,,,,,,UNSUPPORTED_BY_PROFILE_WITH_REASON,current RTL/profile exposes no hardware control for this payload length/pattern in P5; not promoted to PASS
two_lane,0x3,0x3,31,55aa,TWO_LANE_MINIMAL_100,evidence/hardware/p5/protocol/two_lane_minimal_100/p5_stage_result.json,,,,,,,,,,,UNSUPPORTED_BY_PROFILE_WITH_REASON,current RTL/profile exposes no hardware control for this payload length/pattern in P5; not promoted to PASS
two_lane,0x3,0x3,31,counter8,TWO_LANE_MINIMAL_100,evidence/hardware/p5/protocol/two_lane_minimal_100/p5_stage_result.json,,,,,,,,,,,UNSUPPORTED_BY_PROFILE_WITH_REASON,current RTL/profile exposes no hardware control for this payload length/pattern in P5; not promoted to PASS
two_lane,0x3,0x3,31,counter16,TWO_LANE_MINIMAL_100,evidence/hardware/p5/protocol/two_lane_minimal_100/p5_stage_result.json,,,,,,,,,,,UNSUPPORTED_BY_PROFILE_WITH_REASON,current RTL/profile exposes no hardware control for this payload length/pattern in P5; not promoted to PASS
two_lane,0x3,0x3,31,walking1,TWO_LANE_MINIMAL_100,evidence/hardware/p5/protocol/two_lane_minimal_100/p5_stage_result.json,,,,,,,,,,,UNSUPPORTED_BY_PROFILE_WITH_REASON,current RTL/profile exposes no hardware control for this payload length/pattern in P5; not promoted to PASS
two_lane,0x3,0x3,31,walking0,TWO_LANE_MINIMAL_100,evidence/hardware/p5/protocol/two_lane_minimal_100/p5_stage_result.json,,,,,,,,,,,UNSUPPORTED_BY_PROFILE_WITH_REASON,current RTL/profile exposes no hardware control for this payload length/pattern in P5; not promoted to PASS
two_lane,0x3,0x3,31,prbs15,TWO_LANE_MINIMAL_100,evidence/hardware/p5/protocol/two_lane_minimal_100/p5_stage_result.json,,,,,,,,,,,UNSUPPORTED_BY_PROFILE_WITH_REASON,current RTL/profile exposes no hardware control for this payload length/pattern in P5; not promoted to PASS
two_lane,0x3,0x3,32,zero,TWO_LANE_MINIMAL_100,evidence/hardware/p5/protocol/two_lane_minimal_100/p5_stage_result.json,,,,,,,,,,,UNSUPPORTED_BY_PROFILE_WITH_REASON,current RTL/profile exposes no hardware control for this payload length/pattern in P5; not promoted to PASS
two_lane,0x3,0x3,32,ff,TWO_LANE_MINIMAL_100,evidence/hardware/p5/protocol/two_lane_minimal_100/p5_stage_result.json,,,,,,,,,,,UNSUPPORTED_BY_PROFILE_WITH_REASON,current RTL/profile exposes no hardware control for this payload length/pattern in P5; not promoted to PASS
two_lane,0x3,0x3,32,aa55,TWO_LANE_MINIMAL_100,evidence/hardware/p5/protocol/two_lane_minimal_100/p5_stage_result.json,,,,,,,,,,,UNSUPPORTED_BY_PROFILE_WITH_REASON,current RTL/profile exposes no hardware control for this payload length/pattern in P5; not promoted to PASS
two_lane,0x3,0x3,32,55aa,TWO_LANE_MINIMAL_100,evidence/hardware/p5/protocol/two_lane_minimal_100/p5_stage_result.json,,,,,,,,,,,UNSUPPORTED_BY_PROFILE_WITH_REASON,current RTL/profile exposes no hardware control for this payload length/pattern in P5; not promoted to PASS
two_lane,0x3,0x3,32,counter8,TWO_LANE_MINIMAL_100,evidence/hardware/p5/protocol/two_lane_minimal_100/p5_stage_result.json,,,,,,,,,,,UNSUPPORTED_BY_PROFILE_WITH_REASON,current RTL/profile exposes no hardware control for this payload length/pattern in P5; not promoted to PASS
two_lane,0x3,0x3,32,counter16,TWO_LANE_MINIMAL_100,evidence/hardware/p5/protocol/two_lane_minimal_100/p5_stage_result.json,,,,,,,,,,,UNSUPPORTED_BY_PROFILE_WITH_REASON,current RTL/profile exposes no hardware control for this payload length/pattern in P5; not promoted to PASS
two_lane,0x3,0x3,32,walking1,TWO_LANE_MINIMAL_100,evidence/hardware/p5/protocol/two_lane_minimal_100/p5_stage_result.json,,,,,,,,,,,UNSUPPORTED_BY_PROFILE_WITH_REASON,current RTL/profile exposes no hardware control for this payload length/pattern in P5; not promoted to PASS
two_lane,0x3,0x3,32,walking0,TWO_LANE_MINIMAL_100,evidence/hardware/p5/protocol/two_lane_minimal_100/p5_stage_result.json,,,,,,,,,,,UNSUPPORTED_BY_PROFILE_WITH_REASON,current RTL/profile exposes no hardware control for this payload length/pattern in P5; not promoted to PASS
two_lane,0x3,0x3,32,prbs15,TWO_LANE_MINIMAL_100,evidence/hardware/p5/protocol/two_lane_minimal_100/p5_stage_result.json,,,,,,,,,,,UNSUPPORTED_BY_PROFILE_WITH_REASON,current RTL/profile exposes no hardware control for this payload length/pattern in P5; not promoted to PASS
two_lane,0x3,0x3,63,zero,TWO_LANE_MINIMAL_100,evidence/hardware/p5/protocol/two_lane_minimal_100/p5_stage_result.json,,,,,,,,,,,UNSUPPORTED_BY_PROFILE_WITH_REASON,current RTL/profile exposes no hardware control for this payload length/pattern in P5; not promoted to PASS
two_lane,0x3,0x3,63,ff,TWO_LANE_MINIMAL_100,evidence/hardware/p5/protocol/two_lane_minimal_100/p5_stage_result.json,,,,,,,,,,,UNSUPPORTED_BY_PROFILE_WITH_REASON,current RTL/profile exposes no hardware control for this payload length/pattern in P5; not promoted to PASS
two_lane,0x3,0x3,63,aa55,TWO_LANE_MINIMAL_100,evidence/hardware/p5/protocol/two_lane_minimal_100/p5_stage_result.json,,,,,,,,,,,UNSUPPORTED_BY_PROFILE_WITH_REASON,current RTL/profile exposes no hardware control for this payload length/pattern in P5; not promoted to PASS
two_lane,0x3,0x3,63,55aa,TWO_LANE_MINIMAL_100,evidence/hardware/p5/protocol/two_lane_minimal_100/p5_stage_result.json,,,,,,,,,,,UNSUPPORTED_BY_PROFILE_WITH_REASON,current RTL/profile exposes no hardware control for this payload length/pattern in P5; not promoted to PASS
two_lane,0x3,0x3,63,counter8,TWO_LANE_MINIMAL_100,evidence/hardware/p5/protocol/two_lane_minimal_100/p5_stage_result.json,,,,,,,,,,,UNSUPPORTED_BY_PROFILE_WITH_REASON,current RTL/profile exposes no hardware control for this payload length/pattern in P5; not promoted to PASS
two_lane,0x3,0x3,63,counter16,TWO_LANE_MINIMAL_100,evidence/hardware/p5/protocol/two_lane_minimal_100/p5_stage_result.json,,,,,,,,,,,UNSUPPORTED_BY_PROFILE_WITH_REASON,current RTL/profile exposes no hardware control for this payload length/pattern in P5; not promoted to PASS
two_lane,0x3,0x3,63,walking1,TWO_LANE_MINIMAL_100,evidence/hardware/p5/protocol/two_lane_minimal_100/p5_stage_result.json,,,,,,,,,,,UNSUPPORTED_BY_PROFILE_WITH_REASON,current RTL/profile exposes no hardware control for this payload length/pattern in P5; not promoted to PASS
two_lane,0x3,0x3,63,walking0,TWO_LANE_MINIMAL_100,evidence/hardware/p5/protocol/two_lane_minimal_100/p5_stage_result.json,,,,,,,,,,,UNSUPPORTED_BY_PROFILE_WITH_REASON,current RTL/profile exposes no hardware control for this payload length/pattern in P5; not promoted to PASS
two_lane,0x3,0x3,63,prbs15,TWO_LANE_MINIMAL_100,evidence/hardware/p5/protocol/two_lane_minimal_100/p5_stage_result.json,,,,,,,,,,,UNSUPPORTED_BY_PROFILE_WITH_REASON,current RTL/profile exposes no hardware control for this payload length/pattern in P5; not promoted to PASS
two_lane,0x3,0x3,64,zero,TWO_LANE_MINIMAL_100,evidence/hardware/p5/protocol/two_lane_minimal_100/p5_stage_result.json,,,,,,,,,,,UNSUPPORTED_BY_PROFILE_WITH_REASON,current RTL/profile exposes no hardware control for this payload length/pattern in P5; not promoted to PASS
two_lane,0x3,0x3,64,ff,TWO_LANE_MINIMAL_100,evidence/hardware/p5/protocol/two_lane_minimal_100/p5_stage_result.json,,,,,,,,,,,UNSUPPORTED_BY_PROFILE_WITH_REASON,current RTL/profile exposes no hardware control for this payload length/pattern in P5; not promoted to PASS
two_lane,0x3,0x3,64,aa55,TWO_LANE_MINIMAL_100,evidence/hardware/p5/protocol/two_lane_minimal_100/p5_stage_result.json,,,,,,,,,,,UNSUPPORTED_BY_PROFILE_WITH_REASON,current RTL/profile exposes no hardware control for this payload length/pattern in P5; not promoted to PASS
two_lane,0x3,0x3,64,55aa,TWO_LANE_MINIMAL_100,evidence/hardware/p5/protocol/two_lane_minimal_100/p5_stage_result.json,,,,,,,,,,,UNSUPPORTED_BY_PROFILE_WITH_REASON,current RTL/profile exposes no hardware control for this payload length/pattern in P5; not promoted to PASS
two_lane,0x3,0x3,64,counter8,TWO_LANE_MINIMAL_100,evidence/hardware/p5/protocol/two_lane_minimal_100/p5_stage_result.json,,,,,,,,,,,UNSUPPORTED_BY_PROFILE_WITH_REASON,current RTL/profile exposes no hardware control for this payload length/pattern in P5; not promoted to PASS
two_lane,0x3,0x3,64,counter16,TWO_LANE_MINIMAL_100,evidence/hardware/p5/protocol/two_lane_minimal_100/p5_stage_result.json,,,,,,,,,,,UNSUPPORTED_BY_PROFILE_WITH_REASON,current RTL/profile exposes no hardware control for this payload length/pattern in P5; not promoted to PASS
two_lane,0x3,0x3,64,walking1,TWO_LANE_MINIMAL_100,evidence/hardware/p5/protocol/two_lane_minimal_100/p5_stage_result.json,,,,,,,,,,,UNSUPPORTED_BY_PROFILE_WITH_REASON,current RTL/profile exposes no hardware control for this payload length/pattern in P5; not promoted to PASS
two_lane,0x3,0x3,64,walking0,TWO_LANE_MINIMAL_100,evidence/hardware/p5/protocol/two_lane_minimal_100/p5_stage_result.json,,,,,,,,,,,UNSUPPORTED_BY_PROFILE_WITH_REASON,current RTL/profile exposes no hardware control for this payload length/pattern in P5; not promoted to PASS
two_lane,0x3,0x3,64,prbs15,TWO_LANE_MINIMAL_100,evidence/hardware/p5/protocol/two_lane_minimal_100/p5_stage_result.json,,,,,,,,,,,UNSUPPORTED_BY_PROFILE_WITH_REASON,current RTL/profile exposes no hardware control for this payload length/pattern in P5; not promoted to PASS
two_lane,0x3,0x3,127,zero,TWO_LANE_MINIMAL_100,evidence/hardware/p5/protocol/two_lane_minimal_100/p5_stage_result.json,,,,,,,,,,,UNSUPPORTED_BY_PROFILE_WITH_REASON,current RTL/profile exposes no hardware control for this payload length/pattern in P5; not promoted to PASS
two_lane,0x3,0x3,127,ff,TWO_LANE_MINIMAL_100,evidence/hardware/p5/protocol/two_lane_minimal_100/p5_stage_result.json,,,,,,,,,,,UNSUPPORTED_BY_PROFILE_WITH_REASON,current RTL/profile exposes no hardware control for this payload length/pattern in P5; not promoted to PASS
two_lane,0x3,0x3,127,aa55,TWO_LANE_MINIMAL_100,evidence/hardware/p5/protocol/two_lane_minimal_100/p5_stage_result.json,,,,,,,,,,,UNSUPPORTED_BY_PROFILE_WITH_REASON,current RTL/profile exposes no hardware control for this payload length/pattern in P5; not promoted to PASS
two_lane,0x3,0x3,127,55aa,TWO_LANE_MINIMAL_100,evidence/hardware/p5/protocol/two_lane_minimal_100/p5_stage_result.json,,,,,,,,,,,UNSUPPORTED_BY_PROFILE_WITH_REASON,current RTL/profile exposes no hardware control for this payload length/pattern in P5; not promoted to PASS
two_lane,0x3,0x3,127,counter8,TWO_LANE_MINIMAL_100,evidence/hardware/p5/protocol/two_lane_minimal_100/p5_stage_result.json,,,,,,,,,,,UNSUPPORTED_BY_PROFILE_WITH_REASON,current RTL/profile exposes no hardware control for this payload length/pattern in P5; not promoted to PASS
two_lane,0x3,0x3,127,counter16,TWO_LANE_MINIMAL_100,evidence/hardware/p5/protocol/two_lane_minimal_100/p5_stage_result.json,,,,,,,,,,,UNSUPPORTED_BY_PROFILE_WITH_REASON,current RTL/profile exposes no hardware control for this payload length/pattern in P5; not promoted to PASS
two_lane,0x3,0x3,127,walking1,TWO_LANE_MINIMAL_100,evidence/hardware/p5/protocol/two_lane_minimal_100/p5_stage_result.json,,,,,,,,,,,UNSUPPORTED_BY_PROFILE_WITH_REASON,current RTL/profile exposes no hardware control for this payload length/pattern in P5; not promoted to PASS
two_lane,0x3,0x3,127,walking0,TWO_LANE_MINIMAL_100,evidence/hardware/p5/protocol/two_lane_minimal_100/p5_stage_result.json,,,,,,,,,,,UNSUPPORTED_BY_PROFILE_WITH_REASON,current RTL/profile exposes no hardware control for this payload length/pattern in P5; not promoted to PASS
two_lane,0x3,0x3,127,prbs15,TWO_LANE_MINIMAL_100,evidence/hardware/p5/protocol/two_lane_minimal_100/p5_stage_result.json,,,,,,,,,,,UNSUPPORTED_BY_PROFILE_WITH_REASON,current RTL/profile exposes no hardware control for this payload length/pattern in P5; not promoted to PASS
two_lane,0x3,0x3,128,zero,TWO_LANE_MINIMAL_100,evidence/hardware/p5/protocol/two_lane_minimal_100/p5_stage_result.json,,,,,,,,,,,UNSUPPORTED_BY_PROFILE_WITH_REASON,current RTL/profile exposes no hardware control for this payload length/pattern in P5; not promoted to PASS
two_lane,0x3,0x3,128,ff,TWO_LANE_MINIMAL_100,evidence/hardware/p5/protocol/two_lane_minimal_100/p5_stage_result.json,,,,,,,,,,,UNSUPPORTED_BY_PROFILE_WITH_REASON,current RTL/profile exposes no hardware control for this payload length/pattern in P5; not promoted to PASS
two_lane,0x3,0x3,128,aa55,TWO_LANE_MINIMAL_100,evidence/hardware/p5/protocol/two_lane_minimal_100/p5_stage_result.json,,,,,,,,,,,UNSUPPORTED_BY_PROFILE_WITH_REASON,current RTL/profile exposes no hardware control for this payload length/pattern in P5; not promoted to PASS
two_lane,0x3,0x3,128,55aa,TWO_LANE_MINIMAL_100,evidence/hardware/p5/protocol/two_lane_minimal_100/p5_stage_result.json,,,,,,,,,,,UNSUPPORTED_BY_PROFILE_WITH_REASON,current RTL/profile exposes no hardware control for this payload length/pattern in P5; not promoted to PASS
two_lane,0x3,0x3,128,counter8,TWO_LANE_MINIMAL_100,evidence/hardware/p5/protocol/two_lane_minimal_100/p5_stage_result.json,,,,,,,,,,,UNSUPPORTED_BY_PROFILE_WITH_REASON,current RTL/profile exposes no hardware control for this payload length/pattern in P5; not promoted to PASS
two_lane,0x3,0x3,128,counter16,TWO_LANE_MINIMAL_100,evidence/hardware/p5/protocol/two_lane_minimal_100/p5_stage_result.json,,,,,,,,,,,UNSUPPORTED_BY_PROFILE_WITH_REASON,current RTL/profile exposes no hardware control for this payload length/pattern in P5; not promoted to PASS
two_lane,0x3,0x3,128,walking1,TWO_LANE_MINIMAL_100,evidence/hardware/p5/protocol/two_lane_minimal_100/p5_stage_result.json,,,,,,,,,,,UNSUPPORTED_BY_PROFILE_WITH_REASON,current RTL/profile exposes no hardware control for this payload length/pattern in P5; not promoted to PASS
two_lane,0x3,0x3,128,walking0,TWO_LANE_MINIMAL_100,evidence/hardware/p5/protocol/two_lane_minimal_100/p5_stage_result.json,,,,,,,,,,,UNSUPPORTED_BY_PROFILE_WITH_REASON,current RTL/profile exposes no hardware control for this payload length/pattern in P5; not promoted to PASS
two_lane,0x3,0x3,128,prbs15,TWO_LANE_MINIMAL_100,evidence/hardware/p5/protocol/two_lane_minimal_100/p5_stage_result.json,,,,,,,,,,,UNSUPPORTED_BY_PROFILE_WITH_REASON,current RTL/profile exposes no hardware control for this payload length/pattern in P5; not promoted to PASS
two_lane,0x3,0x3,247,zero,TWO_LANE_MINIMAL_100,evidence/hardware/p5/protocol/two_lane_minimal_100/p5_stage_result.json,,,,,,,,,,,UNSUPPORTED_BY_PROFILE_WITH_REASON,current RTL/profile exposes no hardware control for this payload length/pattern in P5; not promoted to PASS
two_lane,0x3,0x3,247,ff,TWO_LANE_MINIMAL_100,evidence/hardware/p5/protocol/two_lane_minimal_100/p5_stage_result.json,,,,,,,,,,,UNSUPPORTED_BY_PROFILE_WITH_REASON,current RTL/profile exposes no hardware control for this payload length/pattern in P5; not promoted to PASS
two_lane,0x3,0x3,247,aa55,TWO_LANE_MINIMAL_100,evidence/hardware/p5/protocol/two_lane_minimal_100/p5_stage_result.json,,,,,,,,,,,UNSUPPORTED_BY_PROFILE_WITH_REASON,current RTL/profile exposes no hardware control for this payload length/pattern in P5; not promoted to PASS
two_lane,0x3,0x3,247,55aa,TWO_LANE_MINIMAL_100,evidence/hardware/p5/protocol/two_lane_minimal_100/p5_stage_result.json,,,,,,,,,,,UNSUPPORTED_BY_PROFILE_WITH_REASON,current RTL/profile exposes no hardware control for this payload length/pattern in P5; not promoted to PASS
two_lane,0x3,0x3,247,counter8,TWO_LANE_MINIMAL_100,evidence/hardware/p5/protocol/two_lane_minimal_100/p5_stage_result.json,,,,,,,,,,,UNSUPPORTED_BY_PROFILE_WITH_REASON,current RTL/profile exposes no hardware control for this payload length/pattern in P5; not promoted to PASS
two_lane,0x3,0x3,247,counter16,TWO_LANE_MINIMAL_100,evidence/hardware/p5/protocol/two_lane_minimal_100/p5_stage_result.json,,,,,,,,,,,UNSUPPORTED_BY_PROFILE_WITH_REASON,current RTL/profile exposes no hardware control for this payload length/pattern in P5; not promoted to PASS
two_lane,0x3,0x3,247,walking1,TWO_LANE_MINIMAL_100,evidence/hardware/p5/protocol/two_lane_minimal_100/p5_stage_result.json,,,,,,,,,,,UNSUPPORTED_BY_PROFILE_WITH_REASON,current RTL/profile exposes no hardware control for this payload length/pattern in P5; not promoted to PASS
two_lane,0x3,0x3,247,walking0,TWO_LANE_MINIMAL_100,evidence/hardware/p5/protocol/two_lane_minimal_100/p5_stage_result.json,,,,,,,,,,,UNSUPPORTED_BY_PROFILE_WITH_REASON,current RTL/profile exposes no hardware control for this payload length/pattern in P5; not promoted to PASS
two_lane,0x3,0x3,247,prbs15,TWO_LANE_MINIMAL_100,evidence/hardware/p5/protocol/two_lane_minimal_100/p5_stage_result.json,,,,,,,,,,,UNSUPPORTED_BY_PROFILE_WITH_REASON,current RTL/profile exposes no hardware control for this payload length/pattern in P5; not promoted to PASS
two_lane,0x3,0x3,255,zero,TWO_LANE_MINIMAL_100,evidence/hardware/p5/protocol/two_lane_minimal_100/p5_stage_result.json,,,,,,,,,,,UNSUPPORTED_BY_PROFILE_WITH_REASON,current RTL/profile exposes no hardware control for this payload length/pattern in P5; not promoted to PASS
two_lane,0x3,0x3,255,ff,TWO_LANE_MINIMAL_100,evidence/hardware/p5/protocol/two_lane_minimal_100/p5_stage_result.json,,,,,,,,,,,UNSUPPORTED_BY_PROFILE_WITH_REASON,current RTL/profile exposes no hardware control for this payload length/pattern in P5; not promoted to PASS
two_lane,0x3,0x3,255,aa55,TWO_LANE_MINIMAL_100,evidence/hardware/p5/protocol/two_lane_minimal_100/p5_stage_result.json,,,,,,,,,,,UNSUPPORTED_BY_PROFILE_WITH_REASON,current RTL/profile exposes no hardware control for this payload length/pattern in P5; not promoted to PASS
two_lane,0x3,0x3,255,55aa,TWO_LANE_MINIMAL_100,evidence/hardware/p5/protocol/two_lane_minimal_100/p5_stage_result.json,,,,,,,,,,,UNSUPPORTED_BY_PROFILE_WITH_REASON,current RTL/profile exposes no hardware control for this payload length/pattern in P5; not promoted to PASS
two_lane,0x3,0x3,255,counter8,TWO_LANE_MINIMAL_100,evidence/hardware/p5/protocol/two_lane_minimal_100/p5_stage_result.json,,,,,,,,,,,UNSUPPORTED_BY_PROFILE_WITH_REASON,current RTL/profile exposes no hardware control for this payload length/pattern in P5; not promoted to PASS
two_lane,0x3,0x3,255,counter16,TWO_LANE_MINIMAL_100,evidence/hardware/p5/protocol/two_lane_minimal_100/p5_stage_result.json,,,,,,,,,,,UNSUPPORTED_BY_PROFILE_WITH_REASON,current RTL/profile exposes no hardware control for this payload length/pattern in P5; not promoted to PASS
two_lane,0x3,0x3,255,walking1,TWO_LANE_MINIMAL_100,evidence/hardware/p5/protocol/two_lane_minimal_100/p5_stage_result.json,,,,,,,,,,,UNSUPPORTED_BY_PROFILE_WITH_REASON,current RTL/profile exposes no hardware control for this payload length/pattern in P5; not promoted to PASS
two_lane,0x3,0x3,255,walking0,TWO_LANE_MINIMAL_100,evidence/hardware/p5/protocol/two_lane_minimal_100/p5_stage_result.json,,,,,,,,,,,UNSUPPORTED_BY_PROFILE_WITH_REASON,current RTL/profile exposes no hardware control for this payload length/pattern in P5; not promoted to PASS
two_lane,0x3,0x3,255,prbs15,TWO_LANE_MINIMAL_100,evidence/hardware/p5/protocol/two_lane_minimal_100/p5_stage_result.json,,,,,,,,,,,UNSUPPORTED_BY_PROFILE_WITH_REASON,current RTL/profile exposes no hardware control for this payload length/pattern in P5; not promoted to PASS
two_lane,0x3,0x3,256,zero,TWO_LANE_MINIMAL_100,evidence/hardware/p5/protocol/two_lane_minimal_100/p5_stage_result.json,,,,,,,,,,,UNSUPPORTED_BY_PROFILE_WITH_REASON,current RTL/profile exposes no hardware control for this payload length/pattern in P5; not promoted to PASS
two_lane,0x3,0x3,256,ff,TWO_LANE_MINIMAL_100,evidence/hardware/p5/protocol/two_lane_minimal_100/p5_stage_result.json,,,,,,,,,,,UNSUPPORTED_BY_PROFILE_WITH_REASON,current RTL/profile exposes no hardware control for this payload length/pattern in P5; not promoted to PASS
two_lane,0x3,0x3,256,aa55,TWO_LANE_MINIMAL_100,evidence/hardware/p5/protocol/two_lane_minimal_100/p5_stage_result.json,,,,,,,,,,,UNSUPPORTED_BY_PROFILE_WITH_REASON,current RTL/profile exposes no hardware control for this payload length/pattern in P5; not promoted to PASS
two_lane,0x3,0x3,256,55aa,TWO_LANE_MINIMAL_100,evidence/hardware/p5/protocol/two_lane_minimal_100/p5_stage_result.json,,,,,,,,,,,UNSUPPORTED_BY_PROFILE_WITH_REASON,current RTL/profile exposes no hardware control for this payload length/pattern in P5; not promoted to PASS
two_lane,0x3,0x3,256,counter8,TWO_LANE_MINIMAL_100,evidence/hardware/p5/protocol/two_lane_minimal_100/p5_stage_result.json,,,,,,,,,,,UNSUPPORTED_BY_PROFILE_WITH_REASON,current RTL/profile exposes no hardware control for this payload length/pattern in P5; not promoted to PASS
two_lane,0x3,0x3,256,counter16,TWO_LANE_MINIMAL_100,evidence/hardware/p5/protocol/two_lane_minimal_100/p5_stage_result.json,,,,,,,,,,,UNSUPPORTED_BY_PROFILE_WITH_REASON,current RTL/profile exposes no hardware control for this payload length/pattern in P5; not promoted to PASS
two_lane,0x3,0x3,256,walking1,TWO_LANE_MINIMAL_100,evidence/hardware/p5/protocol/two_lane_minimal_100/p5_stage_result.json,,,,,,,,,,,UNSUPPORTED_BY_PROFILE_WITH_REASON,current RTL/profile exposes no hardware control for this payload length/pattern in P5; not promoted to PASS
two_lane,0x3,0x3,256,walking0,TWO_LANE_MINIMAL_100,evidence/hardware/p5/protocol/two_lane_minimal_100/p5_stage_result.json,,,,,,,,,,,UNSUPPORTED_BY_PROFILE_WITH_REASON,current RTL/profile exposes no hardware control for this payload length/pattern in P5; not promoted to PASS
two_lane,0x3,0x3,256,prbs15,TWO_LANE_MINIMAL_100,evidence/hardware/p5/protocol/two_lane_minimal_100/p5_stage_result.json,,,,,,,,,,,UNSUPPORTED_BY_PROFILE_WITH_REASON,current RTL/profile exposes no hardware control for this payload length/pattern in P5; not promoted to PASS
