captured_ms|sequence|label|role|admission_snapshot_words_csv|ps_runtime_words_csv|pl_perf_snapshot_words_csv
1785937554271|1001|stream128_f2r_01|fixed|2,1378943233,16779383,6139989,6056331,6070331,6056331,6070331,6056331,5806,5783,5783,5783,0,0,738,0,178510074,178167789,4096,4096,0,0,5784,5784,362213834,362213839,362213842,362213847,0,0,0,0,0,0,0,0,4096,256,131072,4,15|4,0,134217728,262144,512,0,0,0,0,96,0,84,0,24,21,0,1,96,0|4,1077033932,0,5757952,0,0,0,0,0,6117021,0,21,0,320203932,0,320203932,0,2080,313426735,0,9648096,0,0,0,0,0
1785937554271|1001|stream128_f2r_01|rotating|2,1378943233,33558272,6235851,6150317,70787,0,70787,0,1500,0,750,0,0,0,5873,5873,4791688,0,4096,0,0,0,750,0,349649332,0,349649340,0,0,0,0,0,0,0,0,0,4096,256,131072,4,15|4,0,134217728,262144,512,0,0,0,0,100,0,88,0,25,22,0,1,100,0|4,393824004,0,0,0,5767168,0,5767168,0,17862,0,0,22,0,0,0,0,0,0,0,6901599,0,0,0,0,0
1785937559284|1001|stream128_f2r_01|fixed|4,1378943233,16777471,12419574,12248732,12278568,12248732,12278568,12248732,11745,11701,11700,11700,0,0,1494,0,361164805,360464640,4096,4096,0,0,11701,11701,682851627,682851624,682851635,682851632,0,0,0,0,0,0,0,0,4096,256,131072,4,15|4,0,134217728,262144,512,0,0,0,0,188,0,176,0,47,44,0,1,188,0|6,1397045413,0,11581760,0,0,0,0,0,12293191,0,44,0,638759461,0,638759461,0,2080,630131103,0,12644327,0,0,0,0,0
1785937559284|1001|stream128_f2r_01|rotating|4,1378943233,33558272,12492679,12320335,141953,0,141953,0,3008,0,1504,0,0,0,11769,11769,9608984,0,4096,0,0,0,1504,0,669365095,0,669365103,0,0,0,0,0,0,0,0,0,4096,256,131072,4,15|4,0,134217728,262144,512,0,0,0,0,188,0,176,0,47,44,0,1,188,0|6,712369169,0,0,0,11534336,0,11534336,0,35583,0,0,44,0,0,0,0,0,0,0,6943862,0,0,0,0,0
1785937564292|1001|stream128_f2r_01|fixed|6,1378943233,16781056,18697488,18440833,18485032,18440833,18485032,18440833,17684,17616,17616,17616,0,0,2251,0,543769704,542695824,4096,4096,0,0,17616,17616,1003528672,1003529013,1003528680,1003529021,0,0,0,0,0,0,0,0,4096,256,131072,4,15|4,0,134217728,262144,512,0,0,0,0,276,0,264,0,69,66,0,1,276,0|8,1717458958,0,17404256,0,0,0,0,0,18482153,0,66,0,957717382,0,957717382,0,2080,947365072,0,15517646,0,0,0,0,0
1785937564292|1001|stream128_f2r_01|rotating|6,1378943233,33558272,18764035,18506586,213214,0,213214,0,4518,0,2259,0,0,0,17678,17678,14432616,0,4096,0,0,0,2259,0,989516250,0,989516258,0,0,0,0,0,0,0,0,0,4096,256,131072,4,15|4,0,134217728,262144,512,0,0,0,0,276,0,264,0,69,66,0,1,276,0|8,1032677803,0,0,0,17301504,0,17301504,0,53398,0,0,66,0,0,0,0,0,0,0,6988018,0,0,0,0,0
1785937569297|1001|stream128_f2r_01|fixed|8,1378943233,16781056,24974309,24629943,24690526,24629943,24690526,24629943,23618,23528,23528,23528,0,0,3006,0,726260256,724828048,4096,4096,0,0,23528,23528,1323886143,1323886468,1323886151,1323886476,0,0,0,0,0,0,0,0,4096,256,131072,4,15|4,0,134217728,262144,512,0,0,0,0,364,0,352,0,91,88,0,1,364,0|10,2038141149,0,23237828,0,0,0,0,0,24677438,0,88,0,1276941180,0,1276941180,0,2080,1264875643,0,18382451,0,0,0,0,0
1785937569297|1001|stream128_f2r_01|rotating|8,1378943233,33558272,25056970,24711836,284661,0,284661,0,6032,0,3016,0,0,0,23606,23606,19269024,0,4096,0,0,0,3016,0,1310518439,0,1310518447,0,0,0,0,0,0,0,0,0,4096,256,131072,4,15|4,0,134217728,262144,512,0,0,0,0,364,0,352,0,91,88,0,1,364,0|10,1354584660,0,0,0,23068672,0,23068672,0,71305,0,0,88,0,0,0,0,0,0,0,7034616,0,0,0,0,0
1785937574298|1001|stream128_f2r_01|fixed|10,1378943233,16777471,31246592,30815543,30891615,30815543,30891615,30815543,29548,29436,29435,29435,0,0,3761,0,908607640,906817240,4096,4096,0,0,29436,29436,1643998173,1643998194,1643998181,1643998162,0,0,0,0,0,0,0,0,4096,256,131072,4,15|4,0,134217728,262144,512,0,0,0,0,452,0,440,0,113,110,0,1,452,0|12,2358235727,0,29057152,0,0,0,0,0,30862552,0,110,0,1595580927,0,1595580927,0,2080,1581808149,0,21238545,0,0,0,0,0
1785937574298|1001|stream128_f2r_01|rotating|10,1378943233,33558272,31313142,30881360,355727,0,355727,0,7538,0,3769,0,0,0,29498,29498,24079896,0,4096,0,0,0,3769,0,1629792881,0,1629792889,0,0,0,0,0,0,0,0,0,4096,256,131072,4,15|5,0,134217728,262144,512,0,0,0,0,456,0,444,0,114,111,0,1,456,0|12,1673471732,0,0,0,29097984,0,29097984,0,89073,0,0,111,0,0,0,0,0,0,0,7079808,0,0,0,0,0
1785937579310|1001|stream128_f2r_01|fixed|12,1378943233,16777471,37531202,37013255,37104783,37013255,37104783,37013255,35489,35355,35355,35355,0,0,4518,0,1091334883,1089186278,4096,4096,0,0,35355,35355,1964745041,1964745366,1964745049,1964745374,0,0,0,0,0,0,0,0,4096,256,131072,4,15|4,0,134217728,262144,512,0,0,0,0,544,0,532,0,136,133,0,1,544,0|14,2679021239,0,34888864,0,0,0,0,0,37056589,0,133,0,1914908511,0,1914908511,0,2080,1899294733,0,24226312,0,0,0,0,0
1785937579310|1001|stream128_f2r_01|rotating|12,1378943233,33558272,37607810,37088235,427365,0,427365,0,9056,0,4528,0,0,0,35427,35427,28929128,0,4096,0,0,0,4528,0,1951450433,0,1951450441,0,0,0,0,0,0,0,0,0,4096,256,131072,4,15|4,0,134217728,262144,512,0,0,0,0,544,0,532,0,136,133,0,1,544,0|14,1995280837,0,0,0,34865152,0,34865152,0,106983,0,0,133,0,0,0,0,0,0,0,7128828,0,0,0,0,0
1785937584317|1001|stream128_f2r_01|fixed|14,1378943233,16781056,43804969,43199596,43307195,43199596,43307195,43199596,41421,41264,41264,41264,0,0,5274,0,1273733496,1271212112,4096,4096,0,0,41264,41264,2285064868,2285065201,2285064876,2285065209,0,0,0,0,0,0,0,0,4096,256,131072,4,15|4,0,134217728,262144,512,0,0,0,0,632,0,620,0,158,155,0,1,632,0|16,3003416843,0,40790400,0,0,0,0,0,43325216,0,155,0,2237828731,0,2237828731,0,2080,2220519557,0,27088045,0,0,0,0,0
1785937584317|1001|stream128_f2r_01|rotating|14,1378943233,33558272,44092173,43482738,500983,0,500983,0,10616,0,5308,0,0,0,41534,41534,33912488,0,4096,0,0,0,5308,0,2282138459,0,2282138467,0,0,0,0,0,0,0,0,0,4096,256,131072,4,15|4,0,134217728,262144,512,0,0,0,0,636,0,624,0,159,156,0,1,636,0|16,2326015554,0,0,0,40894464,0,40894464,0,125387,0,0,156,0,0,0,0,0,0,0,7173687,0,0,0,0,0
1785937589318|1001|stream128_f2r_01|fixed|16,1378943233,16777471,50079180,49386927,49510145,49386927,49510145,49386927,47354,47176,47174,47174,0,0,6029,0,1456163992,1453284217,4096,4096,0,0,47175,47175,2605346815,2605346796,2605346799,2605346804,0,0,0,0,0,0,0,0,4096,256,131072,4,15|4,0,134217728,262144,512,0,0,0,0,720,0,708,0,180,177,0,1,720,0|18,3319373158,0,46541760,0,0,0,0,0,49428464,0,177,0,2552347206,0,2552347206,0,2080,2533295757,0,29964414,0,0,0,0,0
1785937589318|1001|stream128_f2r_01|rotating|16,1378943233,33558272,50152034,49458811,569885,0,569885,0,12076,0,6038,0,0,0,47242,47242,38576440,0,4096,0,0,0,6038,0,2591744249,0,2591744257,0,0,0,0,0,0,0,0,0,4096,256,131072,4,15|4,0,134217728,262144,512,0,0,0,0,720,0,708,0,180,177,0,1,720,0|18,2634925321,0,0,0,46399488,0,46399488,0,142565,0,0,177,0,0,0,0,0,0,0,7210765,0,0,0,0,0
1785937594328|1001|stream128_f2r_01|fixed|18,1378943233,16777471,56354493,55577584,55714104,55577584,55714104,55577584,53293,53093,53091,53091,0,0,6785,0,1638824960,1635587168,4096,4096,0,0,53092,53092,2925984055,2925984052,2925984007,2925984044,0,0,0,0,0,0,0,0,4096,256,131072,4,15|4,0,134217728,262144,512,0,0,0,0,808,0,796,0,202,199,0,1,808,0|20,3640138019,0,52372160,0,0,0,0,0,55619610,0,199,0,2871654467,0,2871654467,0,2080,2850898541,0,32819955,0,0,0,0,0
1785937594328|1001|stream128_f2r_01|rotating|18,1378943233,33558272,56421478,55643828,641141,0,641141,0,13586,0,6793,0,0,0,53154,53154,43400032,0,4096,0,0,0,6793,0,2911877668,0,2911877676,0,0,0,0,0,0,0,0,0,4096,256,131072,4,15|4,0,134217728,262144,512,0,0,0,0,808,0,796,0,202,199,0,1,808,0|20,2955251037,0,0,0,52166656,0,52166656,0,160402,0,0,199,0,0,0,0,0,0,0,7252068,0,0,0,0,0
1785937599332|1001|stream128_f2r_01|fixed|20,1378943233,16777471,62622224,61759083,61910578,61759083,61910578,61759083,59225,59003,59001,59001,0,0,7540,0,1821243280,1817646171,4096,4096,0,0,59002,59002,3246218090,3246218079,3246218082,3246218087,0,0,0,0,0,0,0,0,4096,256,131072,4,15|4,0,134217728,262144,512,0,0,0,0,896,0,884,0,224,221,0,1,896,0|22,3960168174,0,58194656,0,0,0,0,0,61796996,0,221,0,3190228998,0,3190228998,0,2080,3167757787,0,35684607,0,0,0,0,0
1785937599332|1001|stream128_f2r_01|rotating|20,1378943233,33558272,62697299,61832646,712587,0,712587,0,15100,0,7550,0,0,0,59072,59072,48236488,0,4096,0,0,0,7550,0,3232681011,0,3232681019,0,0,0,0,0,0,0,0,0,4096,256,131072,4,15|4,0,134217728,262144,512,0,0,0,0,900,0,888,0,225,222,0,1,900,0|22,3276549019,0,0,0,58195968,0,58195968,0,178288,0,0,222,0,0,0,0,0,0,0,7298813,0,0,0,0,0
1785937604340|1001|stream128_f2r_01|fixed|22,1378943233,16777710,68892158,67941314,68109162,67941314,68109162,67941314,65157,64913,64911,64911,0,0,8296,0,2003667136,1999696145,4096,4096,0,0,64911,64911,3566560820,3566561177,3566560828,3566561185,0,0,0,0,0,0,0,0,4096,256,131072,4,15|4,0,134217728,262144,512,0,0,0,0,988,0,976,0,247,244,0,1,988,0|24,4280976820,0,64026368,0,0,0,0,0,67987461,0,244,0,3509579716,0,3509579716,0,2080,3485267955,0,38671924,0,0,0,0,0
1785937604340|1001|stream128_f2r_01|rotating|22,1378943233,33558272,68969053,68017146,783848,0,783848,0,16610,0,8305,0,0,0,64983,64983,53060184,0,4096,0,0,0,8305,0,3552817789,0,3552817797,0,0,0,0,0,0,0,0,0,4096,256,131072,4,15|4,0,134217728,262144,512,0,0,0,0,988,0,976,0,247,244,0,1,988,0|24,3596129183,0,0,0,63963136,0,63963136,0,196080,0,0,244,0,0,0,0,0,0,0,7345209,0,0,0,0,0
1785937609346|1001|stream128_f2r_01|fixed|24,1378943233,16781056,75172557,74134530,74318206,74134530,74318206,74134530,71095,70829,70827,70827,0,0,9052,0,2186281968,2181952520,4096,4096,0,0,70827,70827,3887135812,3887136161,3887135820,3887136169,0,0,0,0,0,0,0,0,4096,256,131072,4,15|4,0,134217728,262144,512,0,0,0,0,1076,0,1064,0,269,266,0,1,1076,0|26,306585029,1,69856768,0,0,0,0,0,74180585,0,266,0,3828697621,0,3828697621,0,2080,3802669473,0,41539375,0,0,0,0,0
1785937609346|1001|stream128_f2r_01|rotating|24,1378943233,33558272,75265015,74225710,855392,0,855392,0,18126,0,9063,0,0,0,70913,70913,57903000,0,4096,0,0,0,9063,0,3874252406,0,3874252414,0,0,0,0,0,0,0,0,0,4096,256,131072,4,15|4,0,134217728,262144,512,0,0,0,0,1076,0,1064,0,269,266,0,1,1076,0|26,3917693337,0,0,0,69730304,0,69730304,0,213965,0,0,266,0,0,0,0,0,0,0,7390835,0,0,0,0,0
1785937614354|1001|stream128_f2r_01|fixed|26,1378943233,16777471,81452492,80326780,80526786,80326780,80526786,80326780,77032,76744,76741,76741,0,0,9808,0,2368862085,2364173152,4096,4096,0,0,76742,76742,4207645863,4207645844,4207645871,4207645852,0,0,0,0,0,0,0,0,4096,256,131072,4,15|4,0,134217728,262144,512,0,0,0,0,1164,0,1152,0,291,288,0,1,1164,0|28,626972435,1,75679264,0,0,0,0,0,80371125,0,288,0,4147629403,0,4147629403,0,2080,4119894249,0,44395748,0,0,0,0,0
1785937614354|1001|stream128_f2r_01|rotating|26,1378943233,33558272,81518836,80392365,926461,0,926461,0,19632,0,9816,0,0,0,76804,76804,62713824,0,4096,0,0,0,9816,0,4193527100,0,4193527108,0,0,0,0,0,0,0,0,0,4096,256,131072,4,15|4,0,134217728,262144,512,0,0,0,0,1164,0,1152,0,291,288,0,1,1164,0|28,4236910506,0,0,0,75497472,0,75497472,0,231732,0,0,288,0,0,0,0,0,0,0,7436998,0,0,0,0,0
1785937619366|1001|stream128_f2r_01|fixed|28,1378943233,16777471,87729824,86518167,86732765,86518167,86732765,86518167,82971,82661,82658,82658,0,0,10564,0,2551507023,2546459496,4096,4096,0,0,82659,82659,233310169,233310198,233310177,233310182,0,0,0,0,0,0,0,0,4096,256,131072,4,15|4,0,134217728,262144,512,0,0,0,0,1252,0,1240,0,313,310,0,1,1252,0|30,947266950,1,81509664,0,0,0,0,0,86554851,0,310,0,171499022,1,171499022,1,2080,142044166,1,47266514,0,0,0,0,0
1785937619366|1001|stream128_f2r_01|rotating|28,1378943233,33558272,87811824,86598427,998093,0,998093,0,21150,0,10575,0,0,0,82736,82736,67563040,0,4096,0,0,0,10575,0,220231698,0,220231714,0,0,0,0,0,0,0,0,0,4096,256,131072,4,15|4,0,134217728,262144,512,0,0,0,0,1256,0,1244,0,314,311,0,1,1256,0|30,265045087,1,0,0,81526784,0,81526784,0,249712,0,0,311,0,0,0,0,0,0,0,7482967,0,0,0,0,0
1785937624371|1001|stream128_f2r_01|fixed|30,1378943233,16781056,94008911,92710663,92940504,92710663,92940504,92710663,88908,88576,88574,88574,0,0,11320,0,2734094704,2728689232,4096,4096,0,0,88574,88574,553826397,553826754,553826405,553826762,0,0,0,0,0,0,0,0,4096,256,131072,4,15|4,0,134217728,262144,512,0,0,0,0,1344,0,1332,0,336,333,0,1,1344,0|32,1267798786,1,87333472,0,0,0,0,0,92744082,0,333,0,490574906,1,490574906,1,2080,459271912,1,50259722,0,0,0,0,0
1785937624371|1001|stream128_f2r_01|rotating|30,1378943233,33558272,94083509,92783663,1069354,0,1069354,0,22660,0,11330,0,0,0,88644,88644,72386720,0,4096,0,0,0,11330,0,540371501,0,540371509,0,0,0,0,0,0,0,0,0,4096,256,131072,4,15|4,0,134217728,262144,512,0,0,0,0,1344,0,1332,0,336,333,0,1,1344,0|32,583994358,1,0,0,87293952,0,87293952,0,267457,0,0,333,0,0,0,0,0,0,0,7525255,0,0,0,0,0
1785937629386|1001|stream128_f2r_01|fixed|32,1378943233,16777471,100290832,98905444,99150975,98905444,99150975,98905444,94849,94494,94491,94491,0,0,12077,0,2916745543,2910962914,4096,4096,0,0,94492,94492,874600504,874600501,874600512,874600509,0,0,0,0,0,0,0,0,4096,256,131072,4,15|4,0,134217728,262144,512,0,0,0,0,1432,0,1420,0,358,355,0,1,1432,0|34,1589767165,1,93187584,0,0,0,0,0,98965532,0,355,0,811079757,1,811079757,1,2080,778071033,1,53121607,0,0,0,0,0
1785937629386|1001|stream128_f2r_01|rotating|32,1378943233,33558272,100382924,98996498,1140899,0,1140899,0,24176,0,12088,0,0,0,94578,94578,77229544,0,4096,0,0,0,12088,0,861800559,0,861800567,0,0,0,0,0,0,0,0,0,4096,256,131072,4,15|4,0,134217728,262144,512,0,0,0,0,1432,0,1420,0,358,355,0,1,1432,0|34,905310483,1,0,0,93061120,0,93061120,0,285342,0,0,355,0,0,0,0,0,0,0,7574759,0,0,0,0,0
1785937634386|1001|stream128_f2r_01|fixed|34,1378943233,16777471,106561290,105088684,105350171,105088684,105350171,105088684,100777,100401,100397,100397,0,0,12832,0,3099047532,3092906487,4096,4096,0,0,100398,100398,1194637344,1194637349,1194637352,1194637357,0,0,0,0,0,0,0,0,4096,256,131072,4,15|4,0,134217728,262144,512,0,0,0,0,1520,0,1508,0,380,377,0,1,1520,0|36,1907892753,1,98978464,0,0,0,0,0,105111711,0,377,0,1127757625,1,1127757625,1,2080,1093020407,1,55992680,0,0,0,0,0
1785937634386|1001|stream128_f2r_01|rotating|34,1378943233,33558272,106629251,105155770,1211875,0,1211875,0,25680,0,12840,0,0,0,100461,100461,82034000,0,4096,0,0,0,12840,0,1180660200,0,1180660208,0,0,0,0,0,0,0,0,0,4096,256,131072,4,15|4,0,134217728,262144,512,0,0,0,0,1520,0,1508,0,380,377,0,1,1520,0|36,1224095464,1,0,0,98828288,0,98828288,0,303085,0,0,377,0,0,0,0,0,0,0,7619865,0,0,0,0,0
1785937639397|1001|stream128_f2r_01|fixed|36,1378943233,16777471,112847723,111288117,111565156,111288117,111565156,111288117,106721,106323,106319,106319,0,0,13589,0,3281863667,3275363584,4096,4096,0,0,106320,106320,1515543856,1515543869,1515543864,1515543845,0,0,0,0,0,0,0,0,4096,256,131072,4,15|4,0,134217728,262144,512,0,0,0,0,1608,0,1596,0,402,399,0,1,1608,0|38,2230460963,1,104840480,0,0,0,0,0,111342716,0,399,0,1448860331,1,1448860331,1,2048,1412425195,1,58848450,0,0,0,0,0
1785937639397|1001|stream128_f2r_01|rotating|36,1378943233,33558272,112938153,111376831,1283600,0,1283600,0,27200,0,13600,0,0,0,106404,106404,86889600,0,4096,0,0,0,13600,0,1502618869,0,1502618877,0,0,0,0,0,0,0,0,0,4096,256,131072,4,15|4,0,134217728,262144,512,0,0,0,0,1612,0,1600,0,403,400,0,1,1612,0|38,1546990637,1,0,0,104857600,0,104857600,0,321065,0,0,400,0,0,0,0,0,0,0,7666964,0,0,0,0,0
1785937644422|1001|stream128_f2r_01|fixed|38,1378943233,16780817,119145312,117497921,117791209,117497921,117791209,117497921,112675,112255,112251,112252,0,0,14347,0,3464970656,3458110464,4096,4096,0,0,112252,112252,1836973719,1836967004,1836973703,1836967012,0,0,0,0,0,0,0,0,4096,256,131072,4,15|4,0,134217728,262144,512,0,0,0,0,1700,0,1688,0,425,422,0,1,1700,0|40,2551086256,1,110672192,0,0,0,0,0,117534419,0,422,0,1768027696,1,1768027696,1,2080,1729743448,1,61844329,0,0,0,0,0
1785937644422|1001|stream128_f2r_01|rotating|38,1378943233,33558272,119218920,117570382,1354955,0,1354955,0,28712,0,14356,0,0,0,112320,112320,91719656,0,4096,0,0,0,14356,0,1823319083,0,1823319091,0,0,0,0,0,0,0,0,0,4096,256,131072,4,15|4,0,134217728,262144,512,0,0,0,0,1700,0,1688,0,425,422,0,1,1700,0|40,1866447097,1,0,0,110624768,0,110624768,0,338833,0,0,422,0,0,0,0,0,0,0,7711853,0,0,0,0,0
1785937649423|1001|stream128_f2r_01|fixed|40,1378943233,16777471,125417456,123682455,123992092,123682455,123992092,123682455,118605,118162,118158,118158,0,0,15102,0,3647314288,3640080069,4096,4096,0,0,118159,118159,2157194596,2157194577,2157194572,2157194585,0,0,0,0,0,0,0,0,4096,256,131072,4,15|4,0,134217728,262144,512,0,0,0,0,1788,0,1776,0,447,444,0,1,1788,0|42,2871999331,1,116510496,0,0,0,0,0,123734416,0,444,0,2087481195,1,2087481195,1,2080,2047488267,1,64705770,0,0,0,0,0
1785937649423|1001|stream128_f2r_01|rotating|40,1378943233,33558272,125519492,123783356,1426500,0,1426500,0,30228,0,15114,0,0,0,118255,118255,96562480,0,4096,0,0,0,15114,0,2144747704,0,2144747712,0,0,0,0,0,0,0,0,0,4096,256,131072,4,15|4,0,134217728,262144,512,0,0,0,0,1788,0,1776,0,447,444,0,1,1788,0|42,2189125309,1,0,0,116391936,0,116391936,0,356789,0,0,444,0,0,0,0,0,0,0,7758294,0,0,0,0,0
1785937654423|1001|stream128_f2r_01|fixed|42,1378943233,16781056,131682861,129862459,130186236,129862459,130186236,129862459,124529,124065,124061,124061,0,0,15857,0,3829505200,3821912688,4096,4096,0,0,124061,124061,2477018096,2477018421,2477018104,2477018429,0,0,0,0,0,0,0,0,4096,256,131072,4,15|4,0,134217728,262144,512,0,0,0,0,1876,0,1864,0,469,466,0,1,1876,0|44,3191166321,1,122309280,0,0,0,0,0,129900556,0,466,0,2405198489,1,2405198489,1,2080,2363487660,1,67567947,0,0,0,0,0
1785937654423|1001|stream128_f2r_01|rotating|42,1378943233,33558272,131759276,129938153,1497476,0,1497476,0,31732,0,15866,0,0,0,124133,124133,101366936,0,4096,0,0,0,15866,0,2463598450,0,2463598458,0,0,0,0,0,0,0,0,0,4096,256,131072,4,15|4,0,134217728,262144,512,0,0,0,0,1876,0,1864,0,469,466,0,1,1876,0|44,2506753273,1,0,0,122159104,0,122159104,0,374462,0,0,466,0,0,0,0,0,0,0,7800506,0,0,0,0,0
1785937659438|1001|stream128_f2r_01|fixed|44,1378943233,16781056,137976192,136068819,136408118,136068819,136408118,136068819,130478,129992,129988,129988,0,0,16614,0,4012459712,4004508096,4096,4096,0,0,129988,129988,2798183812,2798184121,2798183820,2798184129,0,0,0,0,0,0,0,0,4096,256,131072,4,15|4,0,134217728,262144,512,0,0,0,0,1964,0,1952,0,491,488,0,1,1964,0|46,3512638588,1,128155488,0,0,0,0,0,136112459,0,488,0,2725209204,1,2725209204,1,2080,2681785586,1,70435194,0,0,0,0,0
1785937659438|1001|stream128_f2r_01|rotating|44,1378943233,33558272,138067508,136158278,1569201,0,1569201,0,33252,0,16626,0,0,0,130074,130074,106222536,0,4096,0,0,0,16626,0,2785568599,0,2785568607,0,0,0,0,0,0,0,0,0,4096,256,131072,4,15|4,0,134217728,262144,512,0,0,0,0,1968,0,1956,0,492,489,0,1,1968,0|46,2829180689,1,0,0,128188416,0,128188416,0,392418,0,0,489,0,0,0,0,0,0,0,7852132,0,0,0,0,0
1785937664443|1001|stream128_f2r_01|fixed|46,1378943233,16781056,144265139,142270257,142625624,142270257,142625624,142270257,136424,135916,135912,135912,0,0,17371,0,4195320440,4187011096,4096,4096,0,0,135912,135912,3119186199,3119186548,3119186207,3119186556,0,0,0,0,0,0,0,0,4096,256,131072,4,15|4,0,134217728,262144,512,0,0,0,0,2048,0,2044,0,512,511,0,1,2048,0|48,3832403423,1,133971392,0,0,0,0,0,142286473,0,511,0,3043520063,1,3043520063,1,2080,2998245663,1,73429349,0,0,0,0,0
1785937664443|1001|stream128_f2r_01|rotating|46,1378943233,33558272,144331169,142334668,1640367,0,1640367,0,34760,0,17380,0,0,0,135974,135974,111039800,0,4096,0,0,0,17380,0,3105407538,0,3105407546,0,0,0,0,0,0,0,0,0,4096,256,131072,4,15|4,0,134217728,262144,512,0,0,0,0,2048,0,2044,0,512,511,0,1,2048,0|48,3150824165,1,0,0,133955584,0,133955584,0,410304,0,0,511,0,0,0,0,0,0,0,7896565,0,0,0,0,0
1785937670532|1002|stream128_f2r_02|fixed|50,1378943233,16777471,6142218,6057191,6072560,6057191,6072560,6057191,5807,5786,5784,5784,0,0,738,0,178550222,178207401,4096,4096,0,0,5785,5785,3508124352,3508124365,3508124360,3508124373,0,0,0,0,0,0,0,0,4096,256,131072,4,15|4,0,134217728,262144,512,0,0,0,0,96,0,84,0,24,21,0,1,96,0|56,4222298211,1,5750048,0,0,0,0,0,6105472,0,21,0,319632034,0,319632034,0,2080,312847600,0,9653595,0,0,0,0,0
1785937670532|1002|stream128_f2r_02|rotating|50,1378943233,33558272,6258653,6171564,71072,0,71072,0,1506,0,753,0,0,0,5894,5894,4810872,0,4096,0,0,0,753,0,3496784630,0,3496784638,0,0,0,0,0,0,0,0,0,4096,256,131072,4,15|4,0,134217728,262144,512,0,0,0,0,100,0,88,0,25,22,0,1,100,0|56,3540644036,1,0,0,5767168,0,5767168,0,17910,0,0,22,0,0,0,0,0,0,0,6882293,0,0,0,0,0
1785937675533|1002|stream128_f2r_02|fixed|52,1378943233,16781056,12424093,12251025,12282897,12251025,12282897,12251025,11748,11705,11704,11704,0,0,1496,0,361279264,360560224,4096,4096,0,0,11704,11704,3828883306,3828861863,3828883314,3828861871,0,0,0,0,0,0,0,0,4096,256,131072,4,15|4,0,134217728,262144,512,0,0,0,0,188,0,176,0,47,44,0,1,188,0|58,248999979,2,11597568,0,0,0,0,0,12314039,0,44,0,639839218,0,639839218,0,2080,631208069,0,12650471,0,0,0,0,0
1785937675533|1002|stream128_f2r_02|rotating|52,1378943233,33558272,12520950,12346818,142238,0,142238,0,3014,0,1507,0,0,0,11795,11795,9628168,0,4096,0,0,0,1507,0,3816501151,0,3816501159,0,0,0,0,0,0,0,0,0,4096,256,131072,4,15|4,0,134217728,262144,512,0,0,0,0,188,0,176,0,47,44,0,1,188,0|58,3859966505,1,0,0,11534336,0,11534336,0,35677,0,0,44,0,0,0,0,0,0,0,6922421,0,0,0,0,0
1785937680542|1002|stream128_f2r_02|fixed|54,1378943233,16777471,18689432,18429830,18477070,18429830,18477070,18429830,17676,17610,17607,17607,0,0,2250,0,543497701,542419104,4096,4096,0,0,17608,17608,4148909243,4148909248,4148909251,4148909256,0,0,0,0,0,0,0,0,4096,256,131072,4,15|4,0,134217728,262144,512,0,0,0,0,276,0,264,0,69,66,0,1,276,0|60,569129245,2,17420064,0,0,0,0,0,18497572,0,66,0,958512860,0,958512860,0,2080,948160710,0,15520839,0,0,0,0,0
1785937680542|1002|stream128_f2r_02|rotating|54,1378943233,33558272,18812413,18551366,213686,0,213686,0,4528,0,2264,0,0,0,17722,17722,14464576,0,4096,0,0,0,2264,0,4137508911,0,4137508919,0,0,0,0,0,0,0,0,0,4096,256,131072,4,15|4,0,134217728,262144,512,0,0,0,0,276,0,264,0,69,66,0,1,276,0|60,4181021953,1,0,0,17301504,0,17301504,0,53539,0,0,66,0,0,0,0,0,0,0,6964936,0,0,0,0,0
1785937685547|1002|stream128_f2r_02|fixed|56,1378943233,16777471,24968928,24622278,24685210,24622278,24685210,24622278,23612,23524,23522,23522,0,0,3006,0,726076589,724639152,4096,4096,0,0,23522,23522,174432292,174432617,174432300,174432625,0,0,0,0,0,0,0,0,4096,256,131072,4,15|4,0,134217728,262144,512,0,0,0,0,364,0,352,0,91,88,0,1,364,0|62,889477904,2,23250464,0,0,0,0,0,24686451,0,88,0,1277403919,0,1277403919,0,2080,1265343667,0,18380005,0,0,0,0,0
1785937685547|1002|stream128_f2r_02|rotating|56,1378943233,33558272,25055303,24707871,284661,0,284661,0,6032,0,3016,0,0,0,23603,23603,19269024,0,4096,0,0,0,3016,0,161389368,0,161389376,0,0,0,0,0,0,0,0,0,4096,256,131072,4,15|4,0,134217728,262144,512,0,0,0,0,364,0,352,0,91,88,0,1,364,0|62,204680174,2,0,0,23068672,0,23068672,0,71258,0,0,88,0,0,0,0,0,0,0,7010181,0,0,0,0,0
1785937690552|1002|stream128_f2r_02|fixed|58,1378943233,16777471,31243282,30809392,30888305,30809392,30888305,30809392,29544,29433,29430,29430,0,0,3761,0,908469472,906674027,4096,4096,0,0,29431,29431,494620328,494620285,494620304,494620301,0,0,0,0,0,0,0,0,4096,256,131072,4,15|4,0,134217728,262144,512,0,0,0,0,452,0,440,0,113,110,0,1,452,0|64,1208712808,2,29049248,0,0,0,0,0,30854374,0,110,0,1595189127,0,1595189127,0,2080,1581411199,0,21241957,0,0,0,0,0
1785937690552|1002|stream128_f2r_02|rotating|58,1378943233,33558272,31321962,30887183,355821,0,355821,0,7540,0,3770,0,0,0,29505,29505,24086288,0,4096,0,0,0,3770,0,481099440,0,481099448,0,0,0,0,0,0,0,0,0,4096,256,131072,4,15|5,0,134217728,262144,512,0,0,0,0,456,0,444,0,114,111,0,1,456,0|64,525191071,2,0,0,29097984,0,29097984,0,89120,0,0,111,0,0,0,0,0,0,0,7061079,0,0,0,0,0
1785937695558|1002|stream128_f2r_02|fixed|60,1378943233,16777471,37516950,36996819,37090719,36996819,37090719,36996819,35477,35343,35340,35340,0,0,4516,0,1090891000,1088735491,4096,4096,0,0,35341,35341,814858474,814858479,814858482,814858487,0,0,0,0,0,0,0,0,4096,256,131072,4,15|4,0,134217728,262144,512,0,0,0,0,544,0,532,0,136,133,0,1,544,0|66,1528978369,2,34873056,0,0,0,0,0,37038324,0,133,0,1913998736,0,1913998736,0,2080,1898372422,0,24235413,0,0,0,0,0
1785937695558|1002|stream128_f2r_02|rotating|60,1378943233,33558272,37589098,37067385,427081,0,427081,0,9050,0,4525,0,0,0,35408,35408,28909936,0,4096,0,0,0,4525,0,801043622,0,801043630,0,0,0,0,0,0,0,0,0,4096,256,131072,4,15|4,0,134217728,262144,512,0,0,0,0,544,0,532,0,136,133,0,1,544,0|66,844552562,2,0,0,34865152,0,34865152,0,106888,0,0,133,0,0,0,0,0,0,0,7105142,0,0,0,0,0
1785937700564|1002|stream128_f2r_02|fixed|62,1378943233,16777471,43808142,43199865,43310368,43199865,43310368,43199865,41425,41268,41265,41265,0,0,5274,0,1273790664,1271259234,4096,4096,0,0,41266,41266,1136062509,1136062498,1136062485,1136062506,0,0,0,0,0,0,0,0,4096,256,131072,4,15|4,0,134217728,262144,512,0,0,0,0,632,0,620,0,158,155,0,1,632,0|68,1850257625,2,40719264,0,0,0,0,0,43245730,0,155,0,2233816440,0,2233816440,0,2080,2216462731,0,27117266,0,0,0,0,0
1785937700564|1002|stream128_f2r_02|rotating|62,1378943233,33558272,43899340,43290022,498815,0,498815,0,10570,0,5285,0,0,0,41351,41351,33765552,0,4096,0,0,0,5285,0,1123352192,0,1123352200,0,0,0,0,0,0,0,0,0,4096,256,131072,4,15|4,0,134217728,262144,512,0,0,0,0,632,0,620,0,158,155,0,1,632,0|68,1167456132,2,0,0,40632320,0,40632320,0,124845,0,0,155,0,0,0,0,0,0,0,7153239,0,0,0,0,0
1785937705574|1002|stream128_f2r_02|fixed|64,1378943233,16777471,50074440,49378907,49505500,49378907,49505500,49378907,47349,47170,47167,47167,0,0,6028,0,1455973840,1453083265,4096,4096,0,0,47168,47168,1455879853,1455879834,1455879821,1455879842,0,0,0,0,0,0,0,0,4096,256,131072,4,15|4,0,134217728,262144,512,0,0,0,0,720,0,708,0,180,177,0,1,720,0|70,2170826275,2,46549664,0,0,0,0,0,49439882,0,177,0,2552927490,0,2552927490,0,2080,2533862794,0,29979317,0,0,0,0,0
1785937705574|1002|stream128_f2r_02|rotating|64,1378943233,33558272,50169156,49472352,569980,0,569980,0,12078,0,6039,0,0,0,47256,47256,38582816,0,4096,0,0,0,6039,0,1443062345,0,1443062353,0,0,0,0,0,0,0,0,0,4096,256,131072,4,15|4,0,134217728,262144,512,0,0,0,0,720,0,708,0,180,177,0,1,720,0|70,1487268203,2,0,0,46399488,0,46399488,0,142659,0,0,177,0,0,0,0,0,0,0,7204388,0,0,0,0,0
1785937710589|1002|stream128_f2r_02|fixed|66,1378943233,16777471,56366816,55586094,55726333,55586094,55726333,55586094,53299,53098,53095,53095,0,0,6786,0,1638953415,1635703328,4096,4096,0,0,53096,53096,1777085916,1777085937,1777085924,1777085921,0,0,0,0,0,0,0,0,4096,256,131072,4,15|4,0,134217728,262144,512,0,0,0,0,808,0,796,0,202,199,0,1,808,0|72,2491130402,2,52372160,0,0,0,0,0,55627686,0,199,0,2871775993,0,2871775993,0,2080,2850998604,0,32841377,0,0,0,0,0
1785937710589|1002|stream128_f2r_02|rotating|66,1378943233,33558272,56433317,55651715,641234,0,641234,0,13588,0,6794,0,0,0,53158,53158,43406432,0,4096,0,0,0,6794,0,1763202308,0,1763202316,0,0,0,0,0,0,0,0,0,4096,256,131072,4,15|4,0,134217728,262144,512,0,0,0,0,808,0,796,0,202,199,0,1,808,0|72,1806334537,2,0,0,52166656,0,52166656,0,160402,0,0,199,0,0,0,0,0,0,0,7249543,0,0,0,0,0
1785937715599|1002|stream128_f2r_02|fixed|68,1378943233,16777471,62645774,61779002,61934035,61779002,61934035,61779002,59235,59012,59009,59009,0,0,7541,0,1821513869,1817905456,4096,4096,0,0,59010,59010,2097566773,2097566770,2097566781,2097566786,0,0,0,0,0,0,0,0,4096,256,131072,4,15|4,0,134217728,262144,512,0,0,0,0,900,0,888,0,225,222,0,1,900,0|74,2813549055,2,58235488,0,0,0,0,0,61854360,0,222,0,3192728814,0,3192728814,0,2080,3170102909,0,35843448,0,0,0,0,0
1785937715599|1002|stream128_f2r_02|rotating|68,1378943233,33558272,62751261,61882374,713060,0,713060,0,15110,0,7555,0,0,0,59109,59109,48268456,0,4096,0,0,0,7555,0,2085733709,0,2085733717,0,0,0,0,0,0,0,0,0,4096,256,131072,4,15|4,0,134217728,262144,512,0,0,0,0,900,0,888,0,225,222,0,1,900,0|74,2129511732,2,0,0,58195968,0,58195968,0,178407,0,0,222,0,0,0,0,0,0,0,7295127,0,0,0,0,0
1785937720605|1002|stream128_f2r_02|fixed|70,1378943233,16777471,68923031,67969647,68139846,67969647,68139846,67969647,65171,64925,64922,64922,0,0,8298,0,2004031975,2000048576,4096,4096,0,0,64923,64923,2418104093,2418104106,2418104101,2418104066,0,0,0,0,0,0,0,0,4096,256,131072,4,15|4,0,134217728,262144,512,0,0,0,0,988,0,976,0,247,244,0,1,988,0|76,3132499806,2,64034272,0,0,0,0,0,68016197,0,244,0,3510229869,0,3510229869,0,2080,3485877272,0,38714416,0,0,0,0,0
1785937720605|1002|stream128_f2r_02|rotating|70,1378943233,33558272,69008476,68053977,784133,0,784133,0,16616,0,8308,0,0,0,65003,65003,53079344,0,4096,0,0,0,8308,0,2405022997,0,2405023005,0,0,0,0,0,0,0,0,0,4096,256,131072,4,15|4,0,134217728,262144,512,0,0,0,0,988,0,976,0,247,244,0,1,988,0|76,2448136753,2,0,0,63963136,0,63963136,0,196127,0,0,244,0,0,0,0,0,0,0,7341030,0,0,0,0,0
1785937725615|1002|stream128_f2r_02|fixed|72,1378943233,16777471,75205153,74163910,74350612,74163910,74350612,74163910,71110,70842,70840,70840,0,0,9054,0,2186691497,2182350340,4096,4096,0,0,70840,70840,2738756563,2738756904,2738756571,2738756912,0,0,0,0,0,0,0,0,4096,256,131072,4,15|4,0,134217728,262144,512,0,0,0,0,1076,0,1064,0,269,266,0,1,1076,0|78,3453370410,2,69872576,0,0,0,0,0,74215067,0,266,0,3829640897,0,3829640897,0,2080,3803564651,0,41590826,0,0,0,0,0
1785937725615|1002|stream128_f2r_02|rotating|72,1378943233,33558272,75299094,74257034,855581,0,855581,0,18130,0,9065,0,0,0,70928,70928,57915752,0,4096,0,0,0,9065,0,2726036814,0,2726036822,0,0,0,0,0,0,0,0,0,4096,256,131072,4,15|4,0,134217728,262144,512,0,0,0,0,1076,0,1064,0,269,266,0,1,1076,0|78,2770197917,2,0,0,69730304,0,69730304,0,214036,0,0,266,0,0,0,0,0,0,0,7387426,0,0,0,0,0
1785937730621|1002|stream128_f2r_02|fixed|74,1378943233,16777471,81479883,80350854,80554082,80350854,80554082,80350854,77042,76752,76750,76750,0,0,9809,0,2369120590,2364420737,4096,4096,0,0,76750,76750,3059003682,3059003991,3059003690,3059003999,0,0,0,0,0,0,0,0,4096,256,131072,4,15|4,0,134217728,262144,512,0,0,0,0,1164,0,1152,0,291,288,0,1,1164,0|80,3773392473,2,75695072,0,0,0,0,0,80397888,0,288,0,4148207336,0,4148207336,0,2080,4120418573,0,44452710,0,0,0,0,0
1785937730621|1002|stream128_f2r_02|rotating|74,1378943233,33558272,81556215,80426291,926649,0,926649,0,19636,0,9818,0,0,0,76821,76821,62726584,0,4096,0,0,0,9818,0,3045317043,0,3045317051,0,0,0,0,0,0,0,0,0,4096,256,131072,4,15|5,0,134217728,262144,512,0,0,0,0,1168,0,1156,0,292,289,0,1,1168,0|80,3090140310,2,0,0,75759616,0,75759616,0,231850,0,0,289,0,0,0,0,0,0,0,7429298,0,0,0,0,0
1785937735626|1002|stream128_f2r_02|fixed|76,1378943233,16777471,87752894,86537263,86755741,86537263,86755741,86537263,82977,82666,82662,82662,0,0,10565,0,2551634130,2546576309,4096,4096,0,0,82663,82663,3379418303,3379418292,3379418311,3379418300,0,0,0,0,0,0,0,0,4096,256,131072,4,15|4,0,134217728,262144,512,0,0,0,0,1252,0,1240,0,313,310,0,1,1252,0|82,4093665400,2,81517568,0,0,0,0,0,86581259,0,310,0,172057343,1,172057343,1,2080,142541367,1,47329290,0,0,0,0,0
1785937735626|1002|stream128_f2r_02|rotating|76,1378943233,33558272,87833822,86616518,998093,0,998093,0,21150,0,10575,0,0,0,82739,82739,67563040,0,4096,0,0,0,10575,0,3366135312,0,3366135328,0,0,0,0,0,0,0,0,0,4096,256,131072,4,15|4,0,134217728,262144,512,0,0,0,0,1256,0,1244,0,314,311,0,1,1256,0|82,3409482703,2,0,0,81526784,0,81526784,0,249641,0,0,311,0,0,0,0,0,0,0,7478640,0,0,0,0,0
1785937740626|1002|stream128_f2r_02|fixed|78,1378943233,16777471,94019916,92717903,92951603,92717903,92951603,92717903,88903,88570,88566,88566,0,0,11319,0,2733883626,2728466517,4096,4096,0,0,88567,88567,3699352170,3699352167,3699352178,3699352175,0,0,0,0,0,0,0,0,4096,256,131072,4,15|4,0,134217728,262144,512,0,0,0,0,1344,0,1332,0,336,333,0,1,1344,0|84,119133900,3,87341376,0,0,0,0,0,92768439,0,333,0,491037187,1,491037187,1,2080,459670025,1,50325546,0,0,0,0,0
1785937740626|1002|stream128_f2r_02|rotating|78,1378943233,33558272,94101896,92798220,1069354,0,1069354,0,22660,0,11330,0,0,0,88644,88644,72386720,0,4096,0,0,0,11330,0,3686278049,0,3686278057,0,0,0,0,0,0,0,0,0,4096,256,131072,4,15|4,0,134217728,262144,512,0,0,0,0,1344,0,1332,0,336,333,0,1,1344,0|84,3731860937,2,0,0,87293952,0,87293952,0,267575,0,0,333,0,0,0,0,0,0,0,7518879,0,0,0,0,0
1785937745626|1002|stream128_f2r_02|fixed|80,1378943233,16781056,100290460,98901101,99150791,98901101,99150791,98901101,94832,94477,94473,94473,0,0,12075,0,2916196072,2910403656,4096,4096,0,0,94473,94473,4019510224,4019510565,4019510232,4019510573,0,0,0,0,0,0,0,0,4096,256,131072,4,15|4,0,134217728,262144,512,0,0,0,0,1432,0,1420,0,358,355,0,1,1432,0|86,438929018,3,93155968,0,0,0,0,0,98947258,0,355,0,809378657,1,809378657,1,2080,776300231,1,53184480,0,0,0,0,0
1785937745626|1002|stream128_f2r_02|rotating|80,1378943233,33558272,100382952,98992461,1140709,0,1140709,0,24172,0,12086,0,0,0,94560,94560,77216752,0,4096,0,0,0,12086,0,4006844632,0,4006844640,0,0,0,0,0,0,0,0,0,4096,256,131072,4,15|4,0,134217728,262144,512,0,0,0,0,1432,0,1420,0,358,355,0,1,1432,0|86,4050952751,2,0,0,93061120,0,93061120,0,285319,0,0,355,0,0,0,0,0,0,0,7565722,0,0,0,0,0
1785937750641|1002|stream128_f2r_02|fixed|82,1378943233,16777471,106579297,105103708,105368178,105103708,105368178,105103708,100778,100401,100396,100396,0,0,12832,0,3099043526,3092892201,4096,4096,0,0,100397,100397,45531044,45531065,45531052,45531073,0,0,0,0,0,0,0,0,4096,256,131072,4,15|4,0,134217728,262144,512,0,0,0,0,1520,0,1508,0,380,377,0,1,1520,0|88,760782455,3,99010080,0,0,0,0,0,105166201,0,377,0,1129768566,1,1129768566,1,2080,1094981587,1,56049188,0,0,0,0,0
1785937750641|1002|stream128_f2r_02|rotating|82,1378943233,33558272,106685784,105209100,1212250,0,1212250,0,25688,0,12844,0,0,0,100497,100497,82059520,0,4096,0,0,0,12844,0,33309214,0,33309222,0,0,0,0,0,0,0,0,0,4096,256,131072,4,15|5,0,134217728,262144,512,0,0,0,0,1524,0,1512,0,381,378,0,1,1524,0|88,78579067,3,0,0,99090432,0,99090432,0,303297,0,0,378,0,0,0,0,0,0,0,7611721,0,0,0,0,0
1785937755643|1002|stream128_f2r_02|fixed|84,1378943233,16777471,112850712,111287777,111568334,111287777,111568334,111287777,106708,106309,106304,106304,0,0,13587,0,3281416215,3274903506,4096,4096,0,0,106305,106305,365676228,365676233,365676236,365676249,0,0,0,0,0,0,0,0,4096,256,131072,4,15|4,0,134217728,262144,512,0,0,0,0,1608,0,1596,0,402,399,0,1,1608,0|90,1080770298,3,104832576,0,0,0,0,0,111347162,0,399,0,1448300785,1,1448300785,1,2048,1411800771,1,58911590,0,0,0,0,0
1785937755643|1002|stream128_f2r_02|rotating|84,1378943233,33558272,112959172,111394370,1283600,0,1283600,0,27200,0,13600,0,0,0,106407,106407,86889600,0,4096,0,0,0,13600,0,353555455,0,353555463,0,0,0,0,0,0,0,0,0,4096,256,131072,4,15|4,0,134217728,262144,512,0,0,0,0,1612,0,1600,0,403,400,0,1,1612,0|90,399368517,3,0,0,104857600,0,104857600,0,321136,0,0,400,0,0,0,0,0,0,0,7657917,0,0,0,0,0
1785937760651|1002|stream128_f2r_02|fixed|86,1378943233,16777471,119135796,117486384,117782070,117486384,117782070,117486384,112650,112229,112225,112225,0,0,14343,0,3464161807,3457290402,4096,4096,0,0,112225,112225,686472490,686472855,686472506,686472863,0,0,0,0,0,0,0,0,4096,256,131072,4,15|4,0,134217728,262144,512,0,0,0,0,1700,0,1688,0,425,422,0,1,1700,0|92,1401190867,3,110656384,0,0,0,0,0,117534484,0,422,0,1767265402,1,1767265402,1,2080,1728914025,1,61908023,0,0,0,0,0
1785937760651|1002|stream128_f2r_02|rotating|86,1378943233,33558272,119242752,117591512,1355050,0,1355050,0,28714,0,14357,0,0,0,112325,112325,91726056,0,4096,0,0,0,14357,0,674685991,0,674685999,0,0,0,0,0,0,0,0,0,4096,256,131072,4,15|4,0,134217728,262144,512,0,0,0,0,1700,0,1688,0,425,422,0,1,1700,0|92,721289393,3,0,0,110624768,0,110624768,0,339046,0,0,422,0,0,0,0,0,0,0,7701469,0,0,0,0,0
1785937765657|1002|stream128_f2r_02|fixed|88,1378943233,16777471,125403067,123665787,123978082,123665787,123978082,123665787,118576,118132,118127,118127,0,0,15098,0,3646363468,3639116567,4096,4096,0,0,118128,118128,1006466504,1006466485,1006466512,1006466493,0,0,0,0,0,0,0,0,4096,256,131072,4,15|4,0,134217728,262144,512,0,0,0,0,1788,0,1776,0,447,444,0,1,1788,0|94,1721692372,3,116486784,0,0,0,0,0,123726931,0,444,0,2086309307,1,2086309307,1,2080,2046235833,1,64781184,0,0,0,0,0
1785937765657|1002|stream128_f2r_02|rotating|88,1378943233,33558272,125613495,123873892,1427346,0,1427346,0,30246,0,15123,0,0,0,118326,118326,96619912,0,4096,0,0,0,15123,0,999564475,0,999564483,0,0,0,0,0,0,0,0,0,4096,256,131072,4,15|4,0,134217728,262144,512,0,0,0,0,1788,0,1776,0,447,444,0,1,1788,0|94,1043002835,3,0,0,116391936,0,116391936,0,356953,0,0,444,0,0,0,0,0,0,0,7744066,0,0,0,0,0
1785937770664|1002|stream128_f2r_02|fixed|90,1378943233,16777471,131683566,129860600,130187130,129860600,130187130,129860600,124515,124049,124044,124044,0,0,15855,0,3828997985,3821391236,4096,4096,0,0,124045,124045,1327072044,1327072033,1327072052,1327072041,0,0,0,0,0,0,0,0,4096,256,131072,4,15|4,0,134217728,262144,512,0,0,0,0,1876,0,1864,0,469,466,0,1,1876,0|96,2041454475,3,122301376,0,0,0,0,0,129904763,0,466,0,2404617762,1,2404617762,1,2080,2362831495,1,67641647,0,0,0,0,0
1785937770664|1002|stream128_f2r_02|rotating|90,1378943233,33558272,131777555,129953781,1497476,0,1497476,0,31732,0,15866,0,0,0,124132,124132,101366936,0,4096,0,0,0,15866,0,1314545601,0,1314545609,0,0,0,0,0,0,0,0,0,4096,256,131072,4,15|4,0,134217728,262144,512,0,0,0,0,1876,0,1864,0,469,466,0,1,1876,0|96,1358460014,3,0,0,122159104,0,122159104,0,374509,0,0,466,0,0,0,0,0,0,0,7789503,0,0,0,0,0
1785937775667|1002|stream128_f2r_02|fixed|92,1378943233,16777471,137957245,136047117,136389549,136047117,136389549,136047117,130445,129958,129952,129952,0,0,16610,0,4011378304,4003409739,4096,4096,0,0,129953,129953,1647232440,1647232445,1647232448,1647232453,0,0,0,0,0,0,0,0,4096,256,131072,4,15|4,0,134217728,262144,512,0,0,0,0,1964,0,1952,0,491,488,0,1,1964,0|98,2362769030,3,128147584,0,0,0,0,0,136113444,0,488,0,2724470765,1,2724470765,1,2054,2680970656,1,70509947,0,0,0,0,0
1785937775667|1002|stream128_f2r_02|rotating|92,1378943233,33558272,138073401,136161964,1568917,0,1568917,0,33246,0,16623,0,0,0,130062,130062,106203352,0,4096,0,0,0,16623,0,1635551324,0,1635551332,0,0,0,0,0,0,0,0,0,4096,256,131072,4,15|4,0,134217728,262144,512,0,0,0,0,1968,0,1956,0,492,489,0,1,1968,0|98,1679868481,3,0,0,128188416,0,128188416,0,392395,0,0,489,0,0,0,0,0,0,0,7833852,0,0,0,0,0
1785937780674|1002|stream128_f2r_02|fixed|94,1378943233,16777471,144232214,142235981,142593261,142235981,142593261,142235981,136379,135869,135863,135863,0,0,17365,0,4193850160,4185522168,4096,4096,0,0,135864,135864,1967546238,1967546275,1967546246,1967546243,0,0,0,0,0,0,0,0,4096,256,131072,4,15|4,0,134217728,262144,512,0,0,0,0,2048,0,2040,0,512,510,0,1,2048,0|100,2682562991,3,133955584,0,0,0,0,0,142290535,0,511,0,3042812726,1,3042812726,1,2080,2997585475,1,73378796,0,0,0,0,0
1785937780674|1002|stream128_f2r_02|rotating|94,1378943233,33558272,144324759,142326645,1640083,0,1640083,0,34754,0,17377,0,0,0,135951,135951,111020608,0,4096,0,0,0,17377,0,1955061169,0,1955061177,0,0,0,0,0,0,0,0,0,4096,256,131072,4,15|4,0,134217728,262144,512,0,0,0,0,2048,0,2044,0,512,511,0,1,2048,0|100,1999015087,3,0,0,133955584,0,133955584,0,410162,0,0,511,0,0,0,0,0,0,0,7877404,0,0,0,0,0
1785937786662|1003|stream128_f2r_03|fixed|98,1378943233,16777471,6138958,6055304,6069300,6055304,6069300,6055304,5805,5783,5782,5782,0,0,738,0,178489520,178145676,4096,4096,0,0,5783,5783,2350780002,2350779983,2350779986,2350779991,0,0,0,0,0,0,0,0,4096,256,131072,4,15|4,0,134217728,262144,512,0,0,0,0,96,0,84,0,24,21,0,1,96,0|108,3065101140,3,5750048,0,0,0,0,0,6106650,0,21,0,319678152,0,319678152,0,2080,312887914,0,9659394,0,0,0,0,0
1785937786662|1003|stream128_f2r_03|rotating|98,1378943233,33558272,6212777,6127639,70598,0,70598,0,1496,0,748,0,0,0,5852,5852,4778928,0,4096,0,0,0,748,0,2337275750,0,2337275758,0,0,0,0,0,0,0,0,0,4096,256,131072,4,15|4,0,134217728,262144,512,0,0,0,0,100,0,88,0,25,22,0,1,100,0|108,2380568961,3,0,0,5767168,0,5767168,0,17744,0,0,22,0,0,0,0,0,0,0,6891801,0,0,0,0,0
1785937791673|1003|stream128_f2r_03|fixed|100,1378943233,16777471,12420263,12249715,12279162,12249715,12279162,12249715,11747,11703,11702,11702,0,0,1495,0,361239639,360535562,4096,4096,0,0,11703,11703,2671586787,2671586800,2671586795,2671586808,0,0,0,0,0,0,0,0,4096,256,131072,4,15|4,0,134217728,262144,512,0,0,0,0,188,0,176,0,47,44,0,1,188,0|110,3386387050,3,11589664,0,0,0,0,0,12307840,0,44,0,639504158,0,639504158,0,2080,630863087,0,12658691,0,0,0,0,0
1785937791673|1003|stream128_f2r_03|rotating|100,1378943233,33558272,12507809,12335706,142143,0,142143,0,3012,0,1506,0,0,0,11785,11785,9621776,0,4096,0,0,0,1506,0,2658838905,0,2658838913,0,0,0,0,0,0,0,0,0,4096,256,131072,4,15|4,0,134217728,262144,512,0,0,0,0,188,0,176,0,47,44,0,1,188,0|110,2703116961,3,0,0,11534336,0,11534336,0,35701,0,0,44,0,0,0,0,0,0,0,6931332,0,0,0,0,0
1785937796680|1003|stream128_f2r_03|fixed|102,1378943233,16777471,18693382,18435376,18480926,18435376,18480926,18435376,17680,17613,17613,17613,0,0,2251,0,543676912,542597027,4096,4096,0,0,17613,17613,2991959681,2991960014,2991959689,2991960022,0,0,0,0,0,0,0,0,4096,256,131072,4,15|4,0,134217728,262144,512,0,0,0,0,276,0,264,0,69,66,0,1,276,0|112,3706284629,3,17412160,0,0,0,0,0,18486718,0,66,0,957946113,0,957946113,0,2080,947598324,0,15514776,0,0,0,0,0
1785937796680|1003|stream128_f2r_03|rotating|102,1378943233,33558033,18768817,18509856,213308,0,213308,0,4520,0,2260,0,0,0,17684,17684,14437924,0,4096,0,0,0,2260,0,2978543111,0,2978543119,0,0,0,0,0,0,0,0,0,4096,256,131072,4,15|4,0,134217728,262144,512,0,0,0,0,276,0,264,0,69,66,0,1,276,0|112,3021779540,3,0,0,17301504,0,17301504,0,53421,0,0,66,0,0,0,0,0,0,0,6976467,0,0,0,0,0
1785937801693|1003|stream128_f2r_03|fixed|104,1378943233,16777471,24982318,24636133,24698412,24636133,24698412,24636133,23628,23538,23537,23537,0,0,3008,0,726545751,725107402,4096,4096,0,0,23538,23538,3312994024,3312994077,3312994040,3312994085,0,0,0,0,0,0,0,0,4096,256,131072,4,15|4,0,134217728,262144,512,0,0,0,0,364,0,352,0,91,88,0,1,364,0|114,4027316721,3,23250464,0,0,0,0,0,24689037,0,88,0,1277518629,0,1277518629,0,2080,1265450310,0,18388067,0,0,0,0,0
1785937801693|1003|stream128_f2r_03|rotating|104,1378943233,33558272,25050731,24703741,284661,0,284661,0,6032,0,3016,0,0,0,23601,23601,19269024,0,4096,0,0,0,3016,0,3299124031,0,3299124039,0,0,0,0,0,0,0,0,0,4096,256,131072,4,15|4,0,134217728,262144,512,0,0,0,0,364,0,352,0,91,88,0,1,364,0|114,3342316189,3,0,0,23068672,0,23068672,0,71258,0,0,88,0,0,0,0,0,0,0,7017495,0,0,0,0,0
1785937806704|1003|stream128_f2r_03|fixed|106,1378943233,16777471,31280136,30845622,30924689,30845622,30924689,30845622,29581,29469,29468,29468,0,0,3766,0,909627991,907830770,4096,4096,0,0,29469,29469,3634380613,3634380610,3634380621,3634380618,0,0,0,0,0,0,0,0,4096,256,131072,4,15|4,0,134217728,262144,512,0,0,0,0,452,0,440,0,113,110,0,1,452,0|116,53875576,4,29096672,0,0,0,0,0,30901618,0,110,0,1597583228,0,1597583228,0,2080,1583801339,0,21256095,0,0,0,0,0
1785937806704|1003|stream128_f2r_03|rotating|106,1378943233,33558272,31370362,30934078,356483,0,356483,0,7554,0,3777,0,0,0,29553,29553,24131008,0,4096,0,0,0,3777,0,3621649833,0,3621649841,0,0,0,0,0,0,0,0,0,4096,256,131072,4,15|4,0,134217728,262144,512,0,0,0,0,456,0,444,0,114,111,0,1,456,0|116,3665250740,3,0,0,29097984,0,29097984,0,89239,0,0,111,0,0,0,0,0,0,0,7059465,0,0,0,0,0
1785937811712|1003|stream128_f2r_03|fixed|108,1378943233,16777471,37546845,37025460,37120238,37025460,37120238,37025460,35506,35373,35371,35371,0,0,4520,0,1091854634,1089697400,4096,4096,0,0,35372,35372,3954269789,3954269802,3954269797,3954269770,0,0,0,0,0,0,0,0,4096,256,131072,4,15|4,0,134217728,262144,512,0,0,0,0,544,0,532,0,136,133,0,1,544,0|118,372521570,4,34888864,0,0,0,0,0,37053644,0,133,0,1914781174,0,1914781174,0,2080,1899143990,0,24249672,0,0,0,0,0
1785937811712|1003|stream128_f2r_03|rotating|108,1378943233,33558272,37597081,37074429,427271,0,427271,0,9054,0,4527,0,0,0,35419,35419,28922736,0,4096,0,0,0,4527,0,3939644033,0,3939644041,0,0,0,0,0,0,0,0,0,4096,256,131072,4,15|4,0,134217728,262144,512,0,0,0,0,544,0,532,0,136,133,0,1,544,0|118,3982647927,3,0,0,34865152,0,34865152,0,106912,0,0,133,0,0,0,0,0,0,0,7104826,0,0,0,0,0
1785937816723|1003|stream128_f2r_03|fixed|110,1378943233,16777471,43829061,43218591,43331004,43218591,43331004,43218591,41445,41289,41288,41288,0,0,5277,0,1274477169,1271945356,4096,4096,0,0,41288,41288,4274969815,4274970140,4274969823,4274970148,0,0,0,0,0,0,0,0,4096,256,131072,4,15|4,0,134217728,262144,512,0,0,0,0,632,0,620,0,158,155,0,1,632,0|120,694353144,4,40742976,0,0,0,0,0,43272417,0,155,0,2235149220,0,2235149220,0,2080,2217809226,0,27108637,0,0,0,0,0
1785937816723|1003|stream128_f2r_03|rotating|110,1378943233,33558272,43898013,43286838,498815,0,498815,0,10570,0,5285,0,0,0,41352,41352,33765552,0,4096,0,0,0,5285,0,4261070155,0,4261070163,0,0,0,0,0,0,0,0,0,4096,256,131072,4,15|4,0,134217728,262144,512,0,0,0,0,632,0,620,0,158,155,0,1,632,0|120,9378196,4,0,0,40632320,0,40632320,0,124798,0,0,155,0,0,0,0,0,0,0,7148887,0,0,0,0,0
1785937821736|1003|stream128_f2r_03|fixed|112,1378943233,16777471,50115192,49417009,49545779,49417009,49545779,49417009,47388,47211,47208,47208,0,0,6033,0,1457230739,1454339696,4096,4096,0,0,47209,47209,300822166,300822195,300822182,300822163,0,0,0,0,0,0,0,0,4096,256,131072,4,15|4,0,134217728,262144,512,0,0,0,0,720,0,708,0,180,177,0,1,720,0|122,1014038676,4,46557568,0,0,0,0,0,49448595,0,177,0,2553381104,0,2553381104,0,2080,2534326522,0,29970895,0,0,0,0,0
1785937821736|1003|stream128_f2r_03|rotating|112,1378943233,33558033,50167625,49468942,569986,0,569986,0,12078,0,6039,0,0,0,47258,47258,38582936,0,4096,0,0,0,6040,0,286240105,0,286240081,0,0,0,0,0,0,0,0,0,4096,256,131072,4,15|4,0,134217728,262144,512,0,0,0,0,720,0,708,0,180,177,0,1,720,0|122,329366898,4,0,0,46399488,0,46399488,0,142612,0,0,177,0,0,0,0,0,0,0,7197963,0,0,0,0,0
1785937826741|1003|stream128_f2r_03|fixed|114,1378943233,16777471,56387174,55602326,55746407,55602326,55746407,55602326,53324,53128,53122,53122,0,0,6789,0,1639782855,1636533258,4096,4096,0,0,53123,53123,621282544,621282565,621282552,621282573,0,0,0,0,0,0,0,0,4096,256,131072,4,15|4,0,134217728,262144,512,0,0,0,0,808,0,796,0,202,199,0,1,808,0|124,1335382371,4,52403776,0,0,0,0,0,55650864,0,199,0,2873263247,0,2873263247,0,2080,2852501537,0,32832481,0,0,0,0,0
1785937826741|1003|stream128_f2r_03|rotating|114,1378943233,33558272,56452417,55666852,641516,0,641516,0,13594,0,6797,0,0,0,53184,53184,43425616,0,4096,0,0,0,6797,0,607242005,0,607242013,0,0,0,0,0,0,0,0,0,4096,256,131072,4,15|5,0,134217728,262144,512,0,0,0,0,812,0,800,0,203,200,0,1,812,0|124,650469143,4,0,0,52428800,0,52428800,0,160497,0,0,200,0,0,0,0,0,0,0,7244078,0,0,0,0,0
1785937831756|1003|stream128_f2r_03|fixed|116,1378943233,16777710,62668043,61796913,61955835,61796913,61955835,61796913,59267,59049,59044,59044,0,0,7546,0,1822572088,1818964015,4096,4096,0,0,59044,59044,942153122,942153455,942153130,942153463,0,0,0,0,0,0,0,0,4096,256,131072,4,15|4,0,134217728,262144,512,0,0,0,0,900,0,888,0,225,222,0,1,900,0|126,1656306485,4,58235488,0,0,0,0,0,61842418,0,222,0,3192729433,0,3192729433,0,2080,3170108771,0,35838200,0,0,0,0,0
1785937831756|1003|stream128_f2r_03|rotating|116,1378943233,33558272,62733730,61861194,712966,0,712966,0,15108,0,7554,0,0,0,59105,59105,48262064,0,4096,0,0,0,7554,0,928058006,0,928058014,0,0,0,0,0,0,0,0,0,4096,256,131072,4,15|4,0,134217728,262144,512,0,0,0,0,900,0,888,0,225,222,0,1,900,0|126,971487471,4,0,0,58195968,0,58195968,0,178360,0,0,222,0,0,0,0,0,0,0,7291579,0,0,0,0,0
1785937836762|1003|stream128_f2r_03|fixed|118,1378943233,16777471,68938630,67979832,68155066,67979832,68155066,67979832,65201,64960,64954,64954,0,0,8302,0,2005024193,2001040200,4096,4096,0,0,64955,64955,1262574680,1262574717,1262574688,1262574709,0,0,0,0,0,0,0,0,4096,256,131072,4,15|4,0,134217728,262144,512,0,0,0,0,988,0,976,0,247,244,0,1,988,0|128,1978046283,4,64089600,0,0,0,0,0,68054310,0,244,0,3513005703,0,3513005703,0,2080,3488679088,0,38700308,0,0,0,0,0
1785937836762|1003|stream128_f2r_03|rotating|118,1378943233,33558272,69050218,68090301,784794,0,784794,0,16630,0,8315,0,0,0,65060,65060,53124072,0,4096,0,0,0,8315,0,1250776592,0,1250776600,0,0,0,0,0,0,0,0,0,4096,256,131072,4,15|5,0,134217728,262144,512,0,0,0,0,992,0,980,0,248,245,0,1,992,0|128,1298976269,4,0,0,64225280,0,64225280,0,196574,0,0,245,0,0,0,0,0,0,0,7337657,0,0,0,0,0
1785937841763|1003|stream128_f2r_03|fixed|120,1378943233,16781056,75204304,74160679,74349573,74160679,74349573,74160679,71127,70863,70858,70858,0,0,9056,0,2187246904,2182904008,4096,4096,0,0,70858,70858,1582455363,1582455696,1582455371,1582455704,0,0,0,0,0,0,0,0,4096,256,131072,4,15|4,0,134217728,262144,512,0,0,0,0,1076,0,1064,0,269,266,0,1,1076,0|130,2297824791,4,69904192,0,0,0,0,0,74232098,0,266,0,3831330563,0,3831330563,0,2080,3805286083,0,41565843,0,0,0,0,0
1785937841763|1003|stream128_f2r_03|rotating|120,1378943233,33558272,75311622,74266643,855957,0,855957,0,18138,0,9069,0,0,0,70959,70959,57941272,0,4096,0,0,0,9069,0,1570490222,0,1570490230,0,0,0,0,0,0,0,0,0,4096,256,131072,4,15|4,0,134217728,262144,512,0,0,0,0,1076,0,1064,0,269,266,0,1,1076,0|130,1614888962,4,0,0,69730304,0,69730304,0,214153,0,0,266,0,0,0,0,0,0,0,7380732,0,0,0,0,0
1785937846832|1003|stream128_f2r_03|fixed|122,1378943233,16777471,81561088,80429948,80634159,80429948,80634159,80429948,77137,76852,76845,76845,0,0,9821,0,2372069569,2367365816,4096,4096,0,0,76846,76846,1906875851,1906875856,1906875859,1906875816,0,0,0,0,0,0,0,0,4096,256,131072,4,15|4,0,134217728,262144,512,0,0,0,0,1168,0,1156,0,292,289,0,1,1168,0|132,2622384715,4,75807040,0,0,0,0,0,80500422,0,289,0,4154414775,0,4154414775,0,2080,4126541483,0,44556695,0,0,0,0,0
1785937846832|1003|stream128_f2r_03|rotating|122,1378943233,33558272,81662144,80529220,928158,0,928158,0,19668,0,9834,0,0,0,76940,76940,62828864,0,4096,0,0,0,9834,0,1894729521,0,1894729529,0,0,0,0,0,0,0,0,0,4096,256,131072,4,15|4,0,134217728,262144,512,0,0,0,0,1168,0,1156,0,292,289,0,1,1168,0|132,1938991048,4,0,0,75759616,0,75759616,0,232205,0,0,289,0,0,0,0,0,0,0,7417483,0,0,0,0,0
1785937851844|1003|stream128_f2r_03|fixed|124,1378943233,16777471,87839887,86622161,86841509,86622161,86841509,86622161,83078,82770,82763,82763,0,0,10578,0,2554754627,2549674630,4096,4096,0,0,82764,82764,2227683837,2227683842,2227683845,2227683850,0,0,0,0,0,0,0,0,4096,256,131072,4,15|4,0,134217728,262144,512,0,0,0,0,1256,0,1244,0,314,311,0,1,1256,0|134,2942027701,4,81613728,0,0,0,0,0,86672048,0,311,0,177638793,1,177638793,1,2080,148055502,1,47412667,0,0,0,0,0
1785937851844|1003|stream128_f2r_03|rotating|124,1378943233,33558272,87916275,86697701,999230,0,999230,0,21174,0,10587,0,0,0,82835,82835,67639728,0,4096,0,0,0,10587,0,2214003809,0,2214003825,0,0,0,0,0,0,0,0,0,4096,256,131072,4,15|4,0,134217728,262144,512,0,0,0,0,1256,0,1244,0,314,311,0,1,1256,0|134,2257448271,4,0,0,81526784,0,81526784,0,249925,0,0,311,0,0,0,0,0,0,0,7457467,0,0,0,0,0
1785937856846|1003|stream128_f2r_03|fixed|126,1378943233,16777471,94115156,92810990,93045422,92810990,93045422,92810990,89011,88681,88675,88675,0,0,11334,0,2737220573,2731781248,4096,4096,0,0,88675,88675,2547997253,2547997594,2547997261,2547997602,0,0,0,0,0,0,0,0,4096,256,131072,4,15|4,0,134217728,262144,512,0,0,0,0,1344,0,1332,0,336,333,0,1,1344,0|136,3262436197,4,87444128,0,0,0,0,0,92861748,0,333,0,496589689,1,496589689,1,2080,465286945,1,50283184,0,0,0,0,0
1785937856846|1003|stream128_f2r_03|rotating|126,1378943233,33558272,94206453,92901262,1070679,0,1070679,0,22688,0,11344,0,0,0,88761,88761,72476144,0,4096,0,0,0,11344,0,2535011759,0,2535011767,0,0,0,0,0,0,0,0,0,4096,256,131072,4,15|4,0,134217728,262144,512,0,0,0,0,1344,0,1332,0,336,333,0,1,1344,0|136,2579409413,4,0,0,87293952,0,87293952,0,267833,0,0,333,0,0,0,0,0,0,0,7503740,0,0,0,0,0
1785937861849|1003|stream128_f2r_03|fixed|128,1378943233,16777471,100388953,98997335,99247960,98997335,99247960,98997335,94942,94590,94583,94583,0,0,12089,0,2919606408,2913808267,4096,4096,0,0,94584,94584,2868174531,2868174528,2868174539,2868174536,0,0,0,0,0,0,0,0,4096,256,131072,4,15|4,0,134217728,262144,512,0,0,0,0,1432,0,1420,0,358,355,0,1,1432,0|138,3582476817,4,93266624,0,0,0,0,0,99045591,0,355,0,815174685,1,815174685,1,2080,782162141,1,53142351,0,0,0,0,0
1785937861849|1003|stream128_f2r_03|rotating|128,1378943233,33558272,100458227,99065727,1141745,0,1141745,0,24194,0,12097,0,0,0,94648,94648,77286976,0,4096,0,0,0,12097,0,2854289263,0,2854289271,0,0,0,0,0,0,0,0,0,4096,256,131072,4,15|4,0,134217728,262144,512,0,0,0,0,1432,0,1420,0,358,355,0,1,1432,0|138,2897601652,4,0,0,93061120,0,93061120,0,285553,0,0,355,0,0,0,0,0,0,0,7547486,0,0,0,0,0
1785937866863|1003|stream128_f2r_03|fixed|130,1378943233,16777471,106675108,105196055,105462765,105196055,105462765,105196055,100884,100510,100503,100503,0,0,12845,0,3102345929,3096188948,4096,4096,0,0,100504,100504,3188954385,3188954406,3188954393,3188954414,0,0,0,0,0,0,0,0,4096,256,131072,4,15|4,0,134217728,262144,512,0,0,0,0,1520,0,1508,0,380,377,0,1,1520,0|140,3903173902,4,99098336,0,0,0,0,0,105239073,0,378,0,1134413842,1,1134413842,1,2080,1099560674,1,56129742,0,0,0,0,0
1785937866863|1003|stream128_f2r_03|rotating|130,1378943233,33558272,106747047,105266491,1213191,0,1213191,0,25708,0,12854,0,0,0,100571,100571,82123432,0,4096,0,0,0,12854,0,3175086930,0,3175086938,0,0,0,0,0,0,0,0,0,4096,256,131072,4,15|4,0,134217728,262144,512,0,0,0,0,1524,0,1512,0,381,378,0,1,1524,0|140,3218557842,4,0,0,99090432,0,99090432,0,303416,0,0,378,0,0,0,0,0,0,0,7595642,0,0,0,0,0
1785937871867|1003|stream128_f2r_03|fixed|132,1378943233,16781056,112965702,111398579,111681818,111398579,111681818,111398579,106833,106436,106430,106430,0,0,13603,0,3285282312,3278750808,4096,4096,0,0,106430,106430,3510205195,3510205528,3510205203,3510205536,0,0,0,0,0,0,0,0,4096,256,131072,4,15|4,0,134217728,262144,512,0,0,0,0,1612,0,1600,0,403,400,0,1,1612,0|142,4224532152,4,104936640,0,0,0,0,0,111446362,0,400,0,1454312516,1,1454312516,1,2080,1417744583,1,58997268,0,0,0,0,0
1785937871867|1003|stream128_f2r_03|rotating|132,1378943233,33558272,113055952,111487786,1284926,0,1284926,0,27228,0,13614,0,0,0,106515,106514,86979048,0,4096,0,0,0,13614,0,3497381175,0,3497381183,0,0,0,0,0,0,0,0,0,4096,256,131072,4,15|4,0,134217728,262144,512,0,0,0,0,1612,0,1600,0,403,400,0,1,1612,0|142,3540701924,4,0,0,104857600,0,104857600,0,321349,0,0,400,0,0,0,0,0,0,0,7638173,0,0,0,0,0
1785937876875|1003|stream128_f2r_03|fixed|134,1378943233,16777471,119229132,117576165,117874082,117576165,117874082,117576165,112756,112337,112330,112330,0,0,14357,0,3467415177,3460523780,4096,4096,0,0,112331,112331,3829953474,3829953479,3829953482,3829953487,0,0,0,0,0,0,0,0,4096,256,131072,4,15|4,0,134217728,262144,512,0,0,0,0,1700,0,1688,0,425,422,0,1,1700,0|144,249179502,5,110751232,0,0,0,0,0,117621129,0,422,0,1772473514,1,1772473514,1,2080,1734185595,1,61864924,0,0,0,0,0
1785937876875|1003|stream128_f2r_03|rotating|134,1378943233,33558272,119295574,117641910,1355807,0,1355807,0,28730,0,14365,0,0,0,112393,112393,91777160,0,4096,0,0,0,14365,0,3815807655,0,3815807663,0,0,0,0,0,0,0,0,0,4096,256,131072,4,15|4,0,134217728,262144,512,0,0,0,0,1700,0,1688,0,425,422,0,1,1700,0|144,3860014268,4,0,0,110624768,0,110624768,0,339116,0,0,422,0,0,0,0,0,0,0,7683114,0,0,0,0,0
1785937881890|1003|stream128_f2r_03|fixed|136,1378943233,16781056,125514374,123773802,124087874,123773802,124087874,123773802,118697,118257,118250,118250,0,0,15114,0,3650143192,3642892104,4096,4096,0,0,118250,118250,4150696432,4150696765,4150696440,4150696773,0,0,0,0,0,0,0,0,4096,256,131072,4,15|4,0,134217728,262144,512,0,0,0,0,1788,0,1776,0,447,444,0,1,1788,0|146,570099857,5,116589536,0,0,0,0,0,123821666,0,444,0,2091934293,1,2091934293,1,2080,2051945960,1,64718099,0,0,0,0,0
1785937881890|1003|stream128_f2r_03|rotating|136,1378943233,33558272,125590776,123849237,1427346,0,1427346,0,30246,0,15123,0,0,0,118321,118321,96619912,0,4096,0,0,0,15123,0,4137227997,0,4137228005,0,0,0,0,0,0,0,0,0,4096,256,131072,4,15|4,0,134217728,262144,512,0,0,0,0,1788,0,1776,0,447,444,0,1,1788,0|146,4180472735,4,0,0,116391936,0,116391936,0,356930,0,0,444,0,0,0,0,0,0,0,7727755,0,0,0,0,0
1785937886891|1003|stream128_f2r_03|fixed|138,1378943233,16777471,131786559,129959337,130288802,129959337,130288802,129959337,124628,124166,124158,124158,0,0,15869,0,3832518072,3824907224,4096,4096,0,0,124159,124159,175897760,175897765,175897720,175897733,0,0,0,0,0,0,0,0,4096,256,131072,4,15|4,0,134217728,262144,512,0,0,0,0,1876,0,1864,0,469,466,0,1,1876,0|148,890190068,5,122412032,0,0,0,0,0,130005746,0,466,0,2410568880,1,2410568880,1,2048,2368865236,1,67582777,0,0,0,0,0
1785937886891|1003|stream128_f2r_03|rotating|138,1378943233,33558272,131859628,130030666,1498603,0,1498603,0,31756,0,15878,0,0,0,124227,124227,101443608,0,4096,0,0,0,15878,0,162079452,0,162079460,0,0,0,0,0,0,0,0,0,4096,256,131072,4,15|4,0,134217728,262144,512,0,0,0,0,1880,0,1868,0,470,467,0,1,1880,0|148,206368022,5,0,0,122421248,0,122421248,0,374802,0,0,467,0,0,0,0,0,0,0,7779140,0,0,0,0,0
1785937891901|1003|stream128_f2r_03|fixed|140,1378943233,16781056,138066686,136153377,136497580,136153377,136497580,136153377,130565,130082,130074,130074,0,0,16625,0,4015127640,4007141040,4096,4096,0,0,130074,130074,496441345,496419910,496441353,496419918,0,0,0,0,0,0,0,0,4096,256,131072,4,15|4,0,134217728,262144,512,0,0,0,0,1968,0,1956,0,492,489,0,1,1968,0|150,1210801262,5,128235840,0,0,0,0,0,136197869,0,489,0,2729724122,1,2729724122,1,2068,2686174805,1,70573520,0,0,0,0,0
1785937891901|1003|stream128_f2r_03|rotating|140,1378943233,33558272,138140245,136226079,1569958,0,1569958,0,33268,0,16634,0,0,0,130143,130143,106273664,0,4096,0,0,0,16634,0,482774530,0,482774538,0,0,0,0,0,0,0,0,0,4096,256,131072,4,15|4,0,134217728,262144,512,0,0,0,0,1968,0,1956,0,492,489,0,1,1968,0|150,525956863,5,0,0,128188416,0,128188416,0,392584,0,0,489,0,0,0,0,0,0,0,7826907,0,0,0,0,0
1785937896903|1003|stream128_f2r_03|fixed|142,1378943233,16781056,144337064,142336013,142696697,142336013,142696697,142336013,136494,135988,135980,135980,0,0,17380,0,4197435568,4189087448,4096,4096,0,0,135980,135980,816595390,816595731,816595398,816595739,0,0,0,0,0,0,0,0,4096,256,131072,4,15|4,0,134217728,262144,512,0,0,0,0,2048,0,2044,0,512,511,0,1,2048,0|152,1530412145,5,134050432,0,0,0,0,0,142372158,0,511,0,3047881357,1,3047881357,1,2080,3002619677,1,73433553,0,0,0,0,0
1785937896903|1003|stream128_f2r_03|rotating|142,1378943233,33558272,144446331,142444072,1641597,0,1641597,0,34786,0,17393,0,0,0,136083,136083,111122880,0,4096,0,0,0,17393,0,804631505,0,804631513,0,0,0,0,0,0,0,0,0,4096,256,131072,4,15|4,0,134217728,262144,512,0,0,0,0,2048,0,2044,0,512,511,0,1,2048,0|152,848780619,5,0,0,133955584,0,133955584,0,410540,0,0,511,0,0,0,0,0,0,0,7875721,0,0,0,0,0
1785937902882|1004|stream128_r2f_01|fixed|146,1378943233,16781056,6137473,6053284,69549,0,69549,0,1476,0,738,0,0,0,5780,5780,4715016,0,4096,0,0,0,738,0,1199105920,0,1199105936,0,0,0,0,0,0,0,0,0,4096,256,131072,4,15|4,0,134217728,262144,512,0,0,0,0,96,0,84,0,24,21,0,1,96,0|160,1913496570,5,0,0,5505024,0,5505024,0,17528,0,0,21,0,0,0,0,0,0,0,6888406,0,0,0,0,0
1785937902882|1004|stream128_r2f_01|rotating|146,1378943233,33558272,6213040,6127292,6142552,6127292,6142552,6127292,5874,5852,5852,5852,0,0,748,0,180639664,180281480,4096,4096,0,0,5852,5852,1185832967,1185811516,1185832975,1185811524,0,0,0,0,0,0,0,0,4096,256,131072,4,15|4,0,134217728,262144,512,0,0,0,0,100,0,88,0,25,22,0,1,100,0|160,1229762276,5,5822496,0,0,0,0,0,6178215,0,22,0,323464688,0,323464688,0,2080,316593931,0,9750902,0,0,0,0,0
1785937907885|1004|stream128_r2f_01|fixed|148,1378943233,16781056,12413601,12242657,140788,0,140788,0,2988,0,1494,0,0,0,11696,11696,9545064,0,4096,0,0,0,1494,0,1519642373,0,1519642381,0,0,0,0,0,0,0,0,0,4096,256,131072,4,15|4,0,134217728,262144,512,0,0,0,0,188,0,176,0,47,44,0,1,188,0|162,2233813361,5,0,0,11534336,0,11534336,0,35338,0,0,44,0,0,0,0,0,0,0,6935064,0,0,0,0,0
1785937907885|1004|stream128_r2f_01|rotating|148,1378943233,33554687,12481708,12309196,12340072,12309196,12340072,12309196,11806,11761,11760,11760,0,0,1503,0,363010860,362294599,4096,4096,0,0,11761,11761,1506087053,1506087018,1506087061,1506087026,0,0,0,0,0,0,0,0,4096,256,131072,4,15|4,0,134217728,262144,512,0,0,0,0,188,0,176,0,47,44,0,1,188,0|162,1549261666,5,11629184,0,0,0,0,0,12348629,0,44,0,641512406,0,641512406,0,2080,632959040,0,12579484,0,0,0,0,0
1785937912893|1004|stream128_r2f_01|fixed|150,1378943233,16781056,18688206,18429143,212030,0,212030,0,4500,0,2250,0,0,0,17607,17607,14375120,0,4096,0,0,0,2250,0,1839981250,0,1839981258,0,0,0,0,0,0,0,0,0,4096,256,131072,4,15|4,0,134217728,262144,512,0,0,0,0,276,0,264,0,69,66,0,1,276,0|164,2554654214,5,0,0,17301504,0,17301504,0,53172,0,0,66,0,0,0,0,0,0,0,6982359,0,0,0,0,0
1785937912893|1004|stream128_r2f_01|rotating|150,1378943233,33554687,18780214,18520040,18567146,18520040,18567146,18520040,17762,17695,17694,17694,0,0,2261,0,546180968,545105198,4096,4096,0,0,17695,17695,1827590772,1827590745,1827590740,1827590753,0,0,0,0,0,0,0,0,4096,256,131072,4,15|4,0,134217728,262144,512,0,0,0,0,276,0,264,0,69,66,0,1,276,0|164,1870799551,5,17483296,0,0,0,0,0,18560182,0,66,0,961586763,0,961586763,0,2080,951359312,0,15409724,0,0,0,0,0
1785937917900|1004|stream128_r2f_01|fixed|152,1378943233,16781056,24962777,24617146,283178,0,283178,0,6010,0,3005,0,0,0,23519,23519,19198776,0,4096,0,0,0,3005,0,2160087450,0,2160087458,0,0,0,0,0,0,0,0,0,4096,256,131072,4,15|4,0,134217728,262144,512,0,0,0,0,364,0,352,0,91,88,0,1,364,0|166,2874795229,5,0,0,23068672,0,23068672,0,70960,0,0,88,0,0,0,0,0,0,0,7030173,0,0,0,0,0
1785937917900|1004|stream128_r2f_01|rotating|152,1378943233,33554687,25038343,24691613,24754314,24691613,24754314,24691613,23680,23591,23590,23590,0,0,3014,0,728176596,726741776,4096,4096,0,0,23591,23591,2147048856,2147048869,2147048864,2147048853,0,0,0,0,0,0,0,0,4096,256,131072,4,15|4,0,134217728,262144,512,0,0,0,0,364,0,352,0,91,88,0,1,364,0|166,2190919365,5,23305792,0,0,0,0,0,24745150,0,88,0,1280250953,0,1280250953,0,2080,1268344303,0,18238290,0,0,0,0,0
1785937922914|1004|stream128_r2f_01|fixed|154,1378943233,16781056,31256319,30823450,354612,0,354612,0,7526,0,3763,0,0,0,29446,29446,24041576,0,4096,0,0,0,3763,0,2481482410,0,2481482418,0,0,0,0,0,0,0,0,0,4096,256,131072,4,15|4,0,134217728,262144,512,0,0,0,0,452,0,440,0,113,110,0,1,452,0|168,3195783709,5,0,0,28835840,0,28835840,0,88793,0,0,110,0,0,0,0,0,0,0,7071661,0,0,0,0,0
1785937922914|1004|stream128_r2f_01|rotating|154,1378943233,33554687,31323785,30890039,30968424,30890039,30968424,30890039,29621,29510,29509,29509,0,0,3771,0,910905006,909109881,4096,4096,0,0,29510,29510,2467772231,2467772252,2467772247,2467772260,0,0,0,0,0,0,0,0,4096,256,131072,4,15|4,0,134217728,262144,512,0,0,0,0,456,0,444,0,114,111,0,1,456,0|168,2510891821,5,29121696,0,0,0,0,0,30925191,0,111,0,1598769433,0,1598769433,0,2080,1585049768,0,21194678,0,0,0,0,0
1785937927918|1004|stream128_r2f_01|fixed|156,1378943233,16781056,37547139,37027883,425944,0,425944,0,9040,0,4520,0,0,0,35372,35372,28878000,0,4096,0,0,0,4520,0,2802448484,0,2802448492,0,0,0,0,0,0,0,0,0,4096,256,131072,4,15|4,0,134217728,262144,512,0,0,0,0,544,0,532,0,136,133,0,1,544,0|170,3516787719,5,0,0,34865152,0,34865152,0,106627,0,0,133,0,0,0,0,0,0,0,7116469,0,0,0,0,0
1785937927918|1004|stream128_r2f_01|rotating|156,1378943233,33554687,37639518,37118432,37212442,37118432,37212442,37118432,35594,35460,35459,35459,0,0,4532,0,1094570405,1092399400,4096,4096,0,0,35460,35460,2790260511,2790260508,2790260519,2790260516,0,0,0,0,0,0,0,0,4096,256,131072,4,15|4,0,134217728,262144,512,0,0,0,0,544,0,532,0,136,133,0,1,544,0|170,2834096234,5,34999520,0,0,0,0,0,37170194,0,133,0,1920504390,0,1920504390,0,2080,1905116861,0,24023788,0,0,0,0,0
1785937932931|1004|stream128_r2f_01|fixed|158,1378943233,16781056,43820642,43212838,497186,0,497186,0,10552,0,5276,0,0,0,41281,41281,33708056,0,4096,0,0,0,5276,0,3122785932,0,3122785940,0,0,0,0,0,0,0,0,0,4096,256,131072,4,15|4,0,134217728,262144,512,0,0,0,0,632,0,620,0,158,155,0,1,632,0|172,3837570254,5,0,0,40632320,0,40632320,0,124461,0,0,155,0,0,0,0,0,0,0,7160131,0,0,0,0,0
1785937932931|1004|stream128_r2f_01|rotating|158,1378943233,33554687,43902632,43293862,43404503,43293862,43404503,43293862,41515,41359,41358,41358,0,0,5286,0,1276642293,1274112328,4096,4096,0,0,41359,41359,3109859878,3109859867,3109859886,3109859875,0,0,0,0,0,0,0,0,4096,256,131072,4,15|4,0,134217728,262144,512,0,0,0,0,632,0,620,0,158,155,0,1,632,0|172,3153010344,5,40798304,0,0,0,0,0,43332232,0,155,0,2237968804,0,2237968804,0,2080,2220897015,0,26852324,0,0,0,0,0
1785937937943|1004|stream128_r2f_01|fixed|160,1378943233,16781056,50101813,49405917,568429,0,568429,0,12064,0,6032,0,0,0,47196,47196,38538096,0,4096,0,0,0,6032,0,3443321350,0,3443321358,0,0,0,0,0,0,0,0,0,4096,256,131072,4,15|4,0,134217728,262144,512,0,0,0,0,720,0,708,0,180,177,0,1,720,0|174,4157852670,5,0,0,46399488,0,46399488,0,142249,0,0,177,0,0,0,0,0,0,0,7204222,0,0,0,0,0
1785937937943|1004|stream128_r2f_01|rotating|160,1378943233,33554687,50193129,49496227,49623662,49496227,49623662,49496227,47461,47283,47282,47282,0,0,6043,0,1459507619,1456619550,4096,4096,0,0,47283,47283,3430830995,3430830992,3430831003,3430831000,0,0,0,0,0,0,0,0,4096,256,131072,4,15|4,0,134217728,262144,512,0,0,0,0,720,0,708,0,180,177,0,1,720,0|174,3473937687,5,46636608,0,0,0,0,0,49534189,0,177,0,2557436571,0,2557436571,0,2080,2538689539,0,29680328,0,0,0,0,0
1785937942944|1004|stream128_r2f_01|fixed|162,1378943233,16781056,56372936,55590409,639578,0,639578,0,13574,0,6787,0,0,0,53103,53103,43361744,0,4096,0,0,0,6787,0,3763427063,0,3763427071,0,0,0,0,0,0,0,0,0,4096,256,131072,4,15|4,0,134217728,262144,512,0,0,0,0,808,0,796,0,202,199,0,1,808,0|176,182742567,6,0,0,52166656,0,52166656,0,160035,0,0,199,0,0,0,0,0,0,0,7256566,0,0,0,0,0
1785937942944|1004|stream128_r2f_01|rotating|162,1378943233,33554687,56452762,55669463,55812338,55669463,55812338,55669463,53380,53180,53179,53179,0,0,6796,0,1641529539,1638281854,4096,4096,0,0,53180,53180,3750338181,3750338186,3750338189,3750338194,0,0,0,0,0,0,0,0,4096,256,131072,4,15|4,0,134217728,262144,512,0,0,0,0,812,0,800,0,203,200,0,1,812,0|176,3794037194,5,52460416,0,0,0,0,0,55715246,0,200,0,2876080126,0,2876080126,0,2080,2855521596,0,32636896,0,0,0,0,0
1785937947948|1004|stream128_r2f_01|fixed|164,1378943233,16781056,62648567,61780106,710724,0,710724,0,15084,0,7542,0,0,0,59015,59015,48185360,0,4096,0,0,0,7542,0,4083533982,0,4083533990,0,0,0,0,0,0,0,0,0,4096,256,131072,4,15|5,0,134217728,262144,512,0,0,0,0,900,0,888,0,225,222,0,1,900,0|178,503069337,6,0,0,58195968,0,58195968,0,177845,0,0,222,0,0,0,0,0,0,0,7302183,0,0,0,0,0
1785937947948|1004|stream128_r2f_01|rotating|164,1378943233,33554687,62713970,61843873,62002399,61843873,62002399,61843873,59300,59078,59076,59076,0,0,7551,0,1823565952,1819943138,4096,4096,0,0,59077,59077,4069989248,4069989229,4069989216,4069989237,0,0,0,0,0,0,0,0,4096,256,131072,4,15|4,0,134217728,262144,512,0,0,0,0,900,0,888,0,225,222,0,1,900,0|178,4113153436,5,58259200,0,0,0,0,0,61881836,0,222,0,3193746672,0,3193746672,0,2080,3171502930,0,35466384,0,0,0,0,0
1785937952958|1004|stream128_r2f_01|fixed|166,1378943233,16781056,68925292,67969427,781965,0,781965,0,16596,0,8298,0,0,0,64927,64927,53015416,0,4096,0,0,0,8298,0,108907344,0,108907352,0,0,0,0,0,0,0,0,0,4096,256,131072,4,15|4,0,134217728,262144,512,0,0,0,0,988,0,976,0,247,244,0,1,988,0|180,824000853,6,0,0,63963136,0,63963136,0,195656,0,0,244,0,0,0,0,0,0,0,7346391,0,0,0,0,0
1785937952958|1004|stream128_r2f_01|rotating|166,1378943233,33554926,69020739,68063701,68237642,68063701,68237642,68063701,65262,65018,65017,65017,0,0,8310,0,2006941856,2002959327,4096,4096,0,0,65017,65017,96871104,96871421,96871112,96871429,0,0,0,0,0,0,0,0,4096,256,131072,4,15|4,0,134217728,262144,512,0,0,0,0,988,0,976,0,247,244,0,1,988,0|180,140423178,6,64121216,0,0,0,0,0,68108603,0,244,0,3514518206,0,3514518206,0,2080,3490600683,0,38298017,0,0,0,0,0
1785937957969|1004|stream128_r2f_01|fixed|168,1378943233,16781056,75209649,74166867,853303,0,853303,0,18110,0,9055,0,0,0,70847,70847,57851896,0,4096,0,0,0,9055,0,429873357,0,429873365,0,0,0,0,0,0,0,0,0,4096,256,131072,4,15|4,0,134217728,262144,512,0,0,0,0,1076,0,1064,0,269,266,0,1,1076,0|182,1144323482,6,0,0,69730304,0,69730304,0,213467,0,0,266,0,0,0,0,0,0,0,7390759,0,0,0,0,0
1785937957969|1004|stream128_r2f_01|rotating|168,1378943233,33558272,75302094,74258302,74447753,74258302,74447753,74258302,71201,70935,70934,70934,0,0,9066,0,2189588560,2185245584,4096,4096,0,0,70934,70934,417461169,417461510,417461177,417461518,0,0,0,0,0,0,0,0,4096,256,131072,4,15|4,0,134217728,262144,512,0,0,0,0,1076,0,1064,0,269,266,0,1,1076,0|182,460994168,6,69951616,0,0,0,0,0,74302268,0,266,0,3833631596,0,3833631596,0,2080,3808036323,0,41126831,0,0,0,0,0
1785937962975|1004|stream128_r2f_01|fixed|170,1378943233,16781056,81490806,80361353,924546,0,924546,0,19622,0,9811,0,0,0,76763,76763,62681928,0,4096,0,0,0,9811,0,750432760,0,750432768,0,0,0,0,0,0,0,0,0,4096,256,131072,4,15|4,0,134217728,262144,512,0,0,0,0,1164,0,1152,0,291,288,0,1,1164,0|184,1464951845,6,0,0,75497472,0,75497472,0,231277,0,0,288,0,0,0,0,0,0,0,7432532,0,0,0,0,0
1785937962975|1004|stream128_r2f_01|rotating|170,1378943233,33554687,81558934,80428642,80633636,80428642,80633636,80428642,77117,76829,76827,76827,0,0,9819,0,2371504358,2366802865,4096,4096,0,0,76828,76828,736818513,736818526,736818521,736818534,0,0,0,0,0,0,0,0,4096,256,131072,4,15|4,0,134217728,262144,512,0,0,0,0,1164,0,1152,0,291,288,0,1,1164,0|184,779949112,6,75757932,0,0,0,0,0,80464390,0,288,0,4151134961,0,4151134961,0,2080,4123833595,0,43978804,0,0,0,0,0
1785937967978|1004|stream128_r2f_01|fixed|172,1378943233,16781056,87759364,86543849,995693,0,995693,0,21132,0,10566,0,0,0,82672,82672,67505512,0,4096,0,0,0,10566,0,1070600897,0,1070600905,0,0,0,0,0,0,0,0,0,4096,256,131072,4,15|4,0,134217728,262144,512,0,0,0,0,1252,0,1240,0,313,310,0,1,1252,0|186,1785025094,6,0,0,81264640,0,81264640,0,249064,0,0,310,0,0,0,0,0,0,0,7476956,0,0,0,0,0
1785937967978|1004|stream128_r2f_01|rotating|172,1378943233,33554687,87837372,86620228,86840739,86620228,86840739,86620228,83058,82748,82745,82745,0,0,10576,0,2554183513,2549107532,4096,4096,0,0,82746,82746,1057654412,1057654425,1057654420,1057654433,0,0,0,0,0,0,0,0,4096,256,131072,4,15|4,0,134217728,262144,512,0,0,0,0,1256,0,1244,0,314,311,0,1,1256,0|186,1101515929,6,81597920,0,0,0,0,0,86669824,0,311,0,176274485,1,176274485,1,2080,147099758,1,47000722,0,0,0,0,0
1785937972982|1004|stream128_r2f_01|fixed|174,1378943233,16781056,94030688,92728715,1066932,0,1066932,0,22644,0,11322,0,0,0,88579,88579,72335592,0,4096,0,0,0,11322,0,1390872215,0,1390872223,0,0,0,0,0,0,0,0,0,4096,256,131072,4,15|4,0,134217728,262144,512,0,0,0,0,1344,0,1332,0,336,333,0,1,1344,0|188,2105256176,6,0,0,87293952,0,87293952,0,266874,0,0,333,0,0,0,0,0,0,0,7521634,0,0,0,0,0
1785937972982|1004|stream128_r2f_01|rotating|174,1378943233,33554926,94112702,92809822,93044920,92809822,93044920,92809822,88991,88659,88657,88657,0,0,11331,0,2736660040,2731225670,4096,4096,0,0,88657,88657,1377997521,1377997838,1377997529,1377997846,0,0,0,0,0,0,0,0,4096,256,131072,4,15|4,0,134217728,262144,512,0,0,0,0,1344,0,1332,0,336,333,0,1,1344,0|188,1421940225,6,87428320,0,0,0,0,0,92859522,0,333,0,495241181,1,495241181,1,2080,464329833,1,49888407,0,0,0,0,0
1785937977993|1004|stream128_r2f_01|fixed|176,1378943233,16781056,100310168,98920974,1138175,0,1138175,0,24156,0,12078,0,0,0,94494,94494,77165648,0,4096,0,0,0,12078,0,1711598474,0,1711598482,0,0,0,0,0,0,0,0,0,4096,256,131072,4,15|4,0,134217728,262144,512,0,0,0,0,1432,0,1420,0,358,355,0,1,1432,0|190,2425852734,6,0,0,93061120,0,93061120,0,284685,0,0,355,0,0,0,0,0,0,0,7559496,0,0,0,0,0
1785937977993|1004|stream128_r2f_01|rotating|176,1378943233,33554687,100384969,98994839,99246040,98994839,99246040,98994839,94921,94567,94564,94564,0,0,12086,0,2919011408,2913217955,4096,4096,0,0,94565,94565,1698148767,1698148772,1698148775,1698148780,0,0,0,0,0,0,0,0,4096,256,131072,4,15|4,0,134217728,262144,512,0,0,0,0,1432,0,1420,0,358,355,0,1,1432,0|190,1741498533,6,93235008,0,0,0,0,0,99032914,0,355,0,813347817,1,813347817,1,2080,780691733,1,52779116,0,0,0,0,0
1785937982994|1004|stream128_r2f_01|fixed|178,1378943233,16781056,106586220,105110077,1209324,0,1209324,0,25666,0,12833,0,0,0,100405,100404,81989280,0,4096,0,0,0,12833,0,2031763582,0,2031763590,0,0,0,0,0,0,0,0,0,4096,256,131072,4,15|4,0,134217728,262144,512,0,0,0,0,1520,0,1508,0,380,377,0,1,1520,0|192,2745994867,6,0,0,98828288,0,98828288,0,302449,0,0,377,0,0,0,0,0,0,0,7609985,0,0,0,0,0
1785937982994|1004|stream128_r2f_01|rotating|178,1378943233,33554687,106684058,105206727,105473697,105206727,105473697,105206727,100876,100500,100497,100497,0,0,12844,0,3102142110,3095989505,4096,4096,0,0,100498,100498,2019644897,2019644894,2019644905,2019644902,0,0,0,0,0,0,0,0,4096,256,131072,4,15|4,0,134217728,262144,512,0,0,0,0,1520,0,1508,0,380,378,0,1,1524,0|192,2063806958,6,99098336,0,0,0,0,0,105257347,0,378,0,1134190410,1,1134190410,1,2080,1099669108,1,55797889,0,0,0,0,0
1785937988008|1004|stream128_r2f_01|fixed|180,1378943233,16781056,112869387,111305774,1280568,0,1280568,0,27178,0,13589,0,0,0,106324,106324,86819312,0,4096,0,0,0,13589,0,2352361494,0,2352361502,0,0,0,0,0,0,0,0,0,4096,256,131072,4,15|4,0,134217728,262144,512,0,0,0,0,1608,0,1596,0,402,399,0,1,1608,0|194,3066749025,6,0,0,104595456,0,104595456,0,320282,0,0,399,0,0,0,0,0,0,0,7657250,0,0,0,0,0
1785937988008|1004|stream128_r2f_01|rotating|180,1378943233,33554687,112940780,111376320,111659368,111376320,111659368,111376320,106792,106394,106391,106391,0,0,13598,0,3284087475,3277575232,4096,4096,0,0,106392,106392,2339074445,2339074450,2339074453,2339074402,0,0,0,0,0,0,0,0,4096,256,131072,4,15|4,0,134217728,262144,512,0,0,0,0,1612,0,1600,0,403,400,0,1,1612,0|194,2382230454,6,104889216,0,0,0,0,0,111407035,0,400,0,1451166186,1,1451166186,1,2080,1414897002,1,58688350,0,0,0,0,0
1785937993013|1004|stream128_r2f_01|fixed|182,1378943233,16781056,119146881,117496620,1351805,0,1351805,0,28690,0,14345,0,0,0,112237,112237,91649344,0,4096,0,0,0,14345,0,2672955838,0,2672955846,0,0,0,0,0,0,0,0,0,4096,256,131072,4,15|5,0,134217728,262144,512,0,0,0,0,1700,0,1688,0,425,422,0,1,1700,0|196,3387275432,6,0,0,110624768,0,110624768,0,338092,0,0,422,0,0,0,0,0,0,0,7698106,0,0,0,0,0
1785937993013|1004|stream128_r2f_01|rotating|182,1378943233,33554687,119211647,117559897,117859086,117559897,117859086,117559897,112722,112301,112298,112298,0,0,14353,0,3466428938,3459539317,4096,4096,0,0,112299,112299,2659316136,2659316133,2659316144,2659316141,0,0,0,0,0,0,0,0,4096,256,131072,4,15|4,0,134217728,262144,512,0,0,0,0,1700,0,1688,0,425,422,0,1,1700,0|196,2702558062,6,110711712,0,0,0,0,0,117595501,0,422,0,1770038170,1,1770038170,1,2080,1732031310,1,61575393,0,0,0,0,0
1785937998027|1004|stream128_r2f_01|fixed|184,1378943233,16781056,125430493,123692559,1423142,0,1423142,0,30204,0,15102,0,0,0,118156,118156,96485792,0,4096,0,0,0,15102,0,2993785135,0,2993785143,0,0,0,0,0,0,0,0,0,4096,256,131072,4,15|4,0,134217728,262144,512,0,0,0,0,1788,0,1776,0,447,444,0,1,1788,0|198,3708347228,6,0,0,116391936,0,116391936,0,355927,0,0,444,0,0,0,0,0,0,0,7743304,0,0,0,0,0
1785937998027|1004|stream128_r2f_01|rotating|184,1378943233,33554687,125509503,123770608,124085511,123770608,124085511,123770608,118676,118234,118230,118230,0,0,15111,0,3649543715,3642294864,4096,4096,0,0,118231,118231,2980779068,2980779073,2980779076,2980779033,0,0,0,0,0,0,0,0,4096,256,131072,4,15|4,0,134217728,262144,512,0,0,0,0,1788,0,1776,0,447,444,0,1,1788,0|198,3024690848,6,116573728,0,0,0,0,0,123819270,0,444,0,2090705452,1,2090705452,1,2080,2050968606,1,64463231,0,0,0,0,0
1785938003038|1004|stream128_r2f_01|fixed|186,1378943233,16781056,131734669,129910177,1494668,0,1494668,0,31722,0,15861,0,0,0,124095,124095,101335016,0,4096,0,0,0,15861,0,3315669240,0,3315669248,0,0,0,0,0,0,0,0,0,4096,256,131072,4,15|4,0,134217728,262144,512,0,0,0,0,1876,0,1864,0,469,466,0,1,1876,0|200,4030420236,6,0,0,122159104,0,122159104,0,373832,0,0,466,0,0,0,0,0,0,0,7788381,0,0,0,0,0
1785938003038|1004|stream128_r2f_01|rotating|186,1378943233,33558272,131838434,130012568,130342636,130012568,130342636,130012568,124660,124196,124193,124193,0,0,15873,0,3833586472,3825977952,4096,4096,0,0,124193,124193,3303848969,3303849270,3303848977,3303849286,0,0,0,0,0,0,0,0,4096,256,131072,4,15|4,0,134217728,262144,512,0,0,0,0,1880,0,1868,0,470,467,0,1,1880,0|200,3351730136,6,122516096,0,0,0,0,0,130135645,0,467,0,2416259148,1,2416259148,1,2080,2374674051,1,67482007,0,0,0,0,0
1785938008045|1004|stream128_r2f_01|fixed|188,1378943233,16781056,138038288,136128299,1566192,0,1566192,0,33240,0,16620,0,0,0,130033,130033,106184168,0,4096,0,0,0,16620,0,3637553473,0,3637553481,0,0,0,0,0,0,0,0,0,4096,256,131072,4,15|5,0,134217728,262144,512,0,0,0,0,1968,0,1956,0,492,489,0,1,1968,0|202,57237985,7,0,0,128188416,0,128188416,0,391712,0,0,489,0,0,0,0,0,0,0,7836095,0,0,0,0,0
1785938008045|1004|stream128_r2f_01|rotating|188,1378943233,33554687,138133957,136222136,136566635,136222136,136566635,136222136,130614,130127,130123,130123,0,0,16632,0,4016636108,4008652455,4096,4096,0,0,130124,130124,3625343612,3625343617,3625343620,3625343625,0,0,0,0,0,0,0,0,4096,256,131072,4,15|4,0,134217728,262144,512,0,0,0,0,1968,0,1956,0,492,489,0,1,1968,0|202,3670733814,6,128315088,0,0,0,0,0,136298868,0,489,0,2733813078,1,2733813078,1,2080,2690484570,1,70369517,0,0,0,0,0
1785938013048|1004|stream128_r2f_01|fixed|190,1378943233,16781056,144259810,142262880,1636774,0,1636774,0,34738,0,17369,0,0,0,135893,135893,110969496,0,4096,0,0,0,17369,0,3955140595,0,3955140603,0,0,0,0,0,0,0,0,0,4096,256,131072,4,15|5,0,134217728,262144,512,0,0,0,0,2048,0,2044,0,512,511,0,1,2048,0|204,374602169,7,0,0,133955584,0,133955584,0,409334,0,0,511,0,0,0,0,0,0,0,7879245,0,0,0,0,0
1785938013048|1004|stream128_r2f_01|rotating|190,1378943233,33554687,144334339,142335991,142696717,142335991,142696717,142335991,136476,135967,135963,135963,0,0,17378,0,4196923728,4188580257,4096,4096,0,0,135964,135964,3941878563,3941878544,3941878555,3941878552,0,0,0,0,0,0,0,0,4096,256,131072,4,15|4,0,134217728,262144,512,0,0,0,0,2048,0,2044,0,512,511,0,1,2048,0|204,3985788397,6,134050432,0,0,0,0,0,142383790,0,511,0,3047433825,1,3047433825,1,2080,3002350628,1,73255083,0,0,0,0,0
1785938019107|1005|stream128_r2f_02|fixed|194,1378943233,16781056,6147489,6063226,69643,0,69643,0,1478,0,739,0,0,0,5790,5790,4721392,0,4096,0,0,0,739,0,48022269,0,48022277,0,0,0,0,0,0,0,0,0,4096,256,131072,4,15|4,0,134217728,262144,512,0,0,0,0,96,0,84,0,24,21,0,1,96,0|212,762337123,7,0,0,5505024,0,5505024,0,17551,0,0,21,0,0,0,0,0,0,0,6889242,0,0,0,0,0
1785938019107|1005|stream128_r2f_02|rotating|194,1378943233,33554687,6213820,6128107,6143332,6128107,6143332,6128107,5876,5853,5852,5852,0,0,748,0,180665793,180306708,4096,4096,0,0,5853,5853,34499012,34499049,34499028,34499057,0,0,0,0,0,0,0,0,4096,256,131072,4,15|4,0,134217728,262144,512,0,0,0,0,100,0,88,0,25,22,0,1,100,0|212,77715487,7,5806688,0,0,0,0,0,6167836,0,22,0,322932274,0,322932274,0,2080,316058760,0,9750290,0,0,0,0,0
1785938024122|1005|stream128_r2f_02|fixed|196,1378943233,16781056,12431260,12259343,141071,0,141071,0,2994,0,1497,0,0,0,11712,11712,9564232,0,4096,0,0,0,1497,0,369220579,0,369220587,0,0,0,0,0,0,0,0,0,4096,256,131072,4,15|4,0,134217728,262144,512,0,0,0,0,188,0,176,0,47,44,0,1,188,0|214,1083599102,7,0,0,11534336,0,11534336,0,35409,0,0,44,0,0,0,0,0,0,0,6935898,0,0,0,0,0
1785938024122|1005|stream128_r2f_02|rotating|196,1378943233,33554687,12506536,12333617,12364710,12333617,12364710,12333617,11829,11784,11783,11783,0,0,1505,0,363731719,363014440,4096,4096,0,0,11784,11784,355826670,355826683,355826678,355826651,0,0,0,0,0,0,0,0,4096,256,131072,4,15|4,0,134217728,262144,512,0,0,0,0,188,0,176,0,47,44,0,1,188,0|214,400080325,7,11676608,0,0,0,0,0,12393978,0,44,0,643829632,0,643829632,0,2080,635285736,0,12580221,0,0,0,0,0
1785938029124|1005|stream128_r2f_02|fixed|198,1378943233,16781056,18700212,18440711,212124,0,212124,0,4502,0,2251,0,0,0,17618,17618,14381512,0,4096,0,0,0,2251,0,688897996,0,688898004,0,0,0,0,0,0,0,0,0,4096,256,131072,4,15|4,0,134217728,262144,512,0,0,0,0,276,0,264,0,69,66,0,1,276,0|216,1403534375,7,0,0,17301504,0,17301504,0,53172,0,0,66,0,0,0,0,0,0,0,6984013,0,0,0,0,0
1785938029124|1005|stream128_r2f_02|rotating|198,1378943233,33554687,18775849,18515540,18562876,18515540,18562876,18515540,17757,17690,17690,17690,0,0,2260,0,546051749,544975960,4096,4096,0,0,17690,17690,675842706,675843031,675842714,675843039,0,0,0,0,0,0,0,0,4096,256,131072,4,15|4,0,134217728,262144,512,0,0,0,0,276,0,264,0,69,66,0,1,276,0|216,718791132,7,17467488,0,0,0,0,0,18550636,0,66,0,961092719,0,961092719,0,2080,950861896,0,15409727,0,0,0,0,0
1785938034124|1005|stream128_r2f_02|fixed|200,1378943233,16781056,24967845,24621908,283273,0,283273,0,6012,0,3006,0,0,0,23523,23523,19205160,0,4096,0,0,0,3006,0,1009004862,0,1009004870,0,0,0,0,0,0,0,0,0,4096,256,131072,4,15|4,0,134217728,262144,512,0,0,0,0,364,0,352,0,91,88,0,1,364,0|218,1723558241,7,0,0,23068672,0,23068672,0,70960,0,0,88,0,0,0,0,0,0,0,7032981,0,0,0,0,0
1785938034124|1005|stream128_r2f_02|rotating|200,1378943233,33556360,25043965,24697069,24759841,24697069,24759841,24697069,23684,23595,23595,23595,0,0,3015,0,728329160,726894808,4096,4096,0,0,23595,23595,995788529,995788846,995788537,995788854,0,0,0,0,0,0,0,0,4096,256,131072,4,15|4,0,134217728,262144,512,0,0,0,0,364,0,352,0,91,88,0,1,364,0|218,1038742923,7,23289984,0,0,0,0,0,24732312,0,88,0,1279588886,0,1279588886,0,2080,1267678213,0,18238944,0,0,0,0,0
1785938039127|1005|stream128_r2f_02|fixed|202,1378943233,16781056,31250806,30817718,354517,0,354517,0,7524,0,3762,0,0,0,29441,29441,24035192,0,4096,0,0,0,3762,0,1329539671,0,1329539679,0,0,0,0,0,0,0,0,0,4096,256,131072,4,15|4,0,134217728,262144,512,0,0,0,0,452,0,440,0,113,110,0,1,452,0|220,2043801716,7,0,0,28835840,0,28835840,0,88770,0,0,110,0,0,0,0,0,0,0,7075362,0,0,0,0,0
1785938039127|1005|stream128_r2f_02|rotating|202,1378943233,33554687,31314334,30880437,30959066,30880437,30959066,30880437,29612,29501,29500,29500,0,0,3770,0,910627416,908832835,4096,4096,0,0,29501,29501,1315779825,1315779814,1315779817,1315779822,0,0,0,0,0,0,0,0,4096,256,131072,4,15|4,0,134217728,262144,512,0,0,0,0,456,0,444,0,114,111,0,1,456,0|220,1358923273,7,29113792,0,0,0,0,0,30916618,0,111,0,1598313284,0,1598313284,0,2080,1584591509,0,21195116,0,0,0,0,0
1785938044128|1005|stream128_r2f_02|fixed|204,1378943233,16781056,37514037,36993407,425568,0,425568,0,9032,0,4516,0,0,0,35341,35341,28852424,0,4096,0,0,0,4516,0,1649216366,0,1649216374,0,0,0,0,0,0,0,0,0,4096,256,131072,4,15|5,0,134217728,262144,512,0,0,0,0,544,0,532,0,136,133,0,1,544,0|222,2363862296,7,0,0,34865152,0,34865152,0,106556,0,0,133,0,0,0,0,0,0,0,7114823,0,0,0,0,0
1785938044128|1005|stream128_r2f_02|rotating|204,1378943233,33554687,37608165,37085673,37181467,37085673,37181467,37085673,35564,35430,35429,35429,0,0,4528,0,1093637282,1091466645,4096,4096,0,0,35430,35430,1637129689,1637129694,1637129697,1637129702,0,0,0,0,0,0,0,0,4096,256,131072,4,15|4,0,134217728,262144,512,0,0,0,0,544,0,532,0,136,133,0,1,544,0|222,1681000750,7,34967904,0,0,0,0,0,37139583,0,133,0,1918927233,0,1918927233,0,2080,1903533124,0,24023605,0,0,0,0,0
1785938049139|1005|stream128_r2f_02|fixed|206,1378943233,16781056,43801137,43191601,496903,0,496903,0,10546,0,5273,0,0,0,41262,41262,33688864,0,4096,0,0,0,5273,0,1969982821,0,1969982829,0,0,0,0,0,0,0,0,0,4096,256,131072,4,15|4,0,134217728,262144,512,0,0,0,0,632,0,620,0,158,155,0,1,632,0|224,2684901678,7,0,0,40632320,0,40632320,0,124391,0,0,155,0,0,0,0,0,0,0,7168405,0,0,0,0,0
1785938049139|1005|stream128_r2f_02|rotating|206,1378943233,33554687,43892577,43281994,43394636,43281994,43394636,43281994,41505,41349,41348,41348,0,0,5284,0,1276332008,1273802843,4096,4096,0,0,41349,41349,1957809956,1957809945,1957809964,1957809953,0,0,0,0,0,0,0,0,4096,256,131072,4,15|4,0,134217728,262144,512,0,0,0,0,632,0,620,0,158,155,0,1,632,0|224,2000986886,7,40790400,0,0,0,0,0,43322798,0,155,0,2237457745,0,2237457745,0,2080,2220385070,0,26851538,0,0,0,0,0
1785938054140|1005|stream128_r2f_02|fixed|208,1378943233,16781056,50069050,49372138,568052,0,568052,0,12056,0,6028,0,0,0,47165,47165,38512568,0,4096,0,0,0,6028,0,2290088802,0,2290088810,0,0,0,0,0,0,0,0,0,4096,256,131072,4,15|4,0,134217728,262144,512,0,0,0,0,720,0,708,0,180,177,0,1,720,0|226,3004637285,7,0,0,46399488,0,46399488,0,142154,0,0,177,0,0,0,0,0,0,0,7216043,0,0,0,0,0
1785938054140|1005|stream128_r2f_02|rotating|208,1378943233,33554687,50144864,49447060,49575962,49447060,49575962,49447060,47417,47239,47237,47237,0,0,6037,0,1458112000,1455222432,4096,4096,0,0,47238,47238,2276893428,2276893441,2276893436,2276893409,0,0,0,0,0,0,0,0,4096,256,131072,4,15|4,0,134217728,262144,512,0,0,0,0,720,0,708,0,180,177,0,1,720,0|226,2319898646,7,46589184,0,0,0,0,0,49484571,0,177,0,2554919809,0,2554919809,0,2080,2536163096,0,29679852,0,0,0,0,0
1785938059150|1005|stream128_r2f_02|fixed|210,1378943233,16781056,56349971,55564526,639390,0,639390,0,13570,0,6785,0,0,0,53087,53087,43348992,0,4096,0,0,0,6785,0,2611055707,0,2611055715,0,0,0,0,0,0,0,0,0,4096,256,131072,4,15|4,0,134217728,262144,512,0,0,0,0,808,0,796,0,202,199,0,1,808,0|228,3325684710,7,0,0,52166656,0,52166656,0,159988,0,0,199,0,0,0,0,0,0,0,7271307,0,0,0,0,0
1785938059150|1005|stream128_r2f_02|rotating|210,1378943233,33554687,56443495,55656960,55803071,55656960,55803071,55656960,53377,53178,53175,53175,0,0,6796,0,1641428211,1638178878,4096,4096,0,0,53176,53176,2598640508,2598640497,2598640516,2598640505,0,0,0,0,0,0,0,0,4096,256,131072,4,15|4,0,134217728,262144,512,0,0,0,0,812,0,800,0,203,200,0,1,812,0|228,2641818272,7,52444608,0,0,0,0,0,55695246,0,200,0,2875375579,0,2875375579,0,2080,2854812507,0,32638069,0,0,0,0,0
1785938064164|1005|stream128_r2f_02|fixed|212,1378943233,16781056,62631766,61760207,710724,0,710724,0,15084,0,7542,0,0,0,59010,59010,48185360,0,4096,0,0,0,7542,0,2932021545,0,2932021553,0,0,0,0,0,0,0,0,0,4096,256,131072,4,15|5,0,134217728,262144,512,0,0,0,0,900,0,888,0,225,222,0,1,900,0|230,3646466232,7,0,0,58195968,0,58195968,0,177822,0,0,222,0,0,0,0,0,0,0,7318014,0,0,0,0,0
1785938064164|1005|stream128_r2f_02|rotating|212,1378943233,33554687,62722016,61848794,62010255,61848794,62010255,61848794,59320,59099,59095,59095,0,0,7553,0,1824147312,1820524602,4096,4096,0,0,59096,59096,2919489990,2919489979,2919489966,2919489987,0,0,0,0,0,0,0,0,4096,256,131072,4,15|4,0,134217728,262144,512,0,0,0,0,900,0,888,0,225,222,0,1,900,0|230,2962682542,7,58282912,0,0,0,0,0,61889509,0,222,0,3194780273,0,3194780273,0,2080,3172541457,0,35466574,0,0,0,0,0
1785938069169|1005|stream128_r2f_02|fixed|214,1378943233,16781056,68897731,67938708,781871,0,781871,0,16594,0,8297,0,0,0,64916,64916,53009032,0,4096,0,0,0,8297,0,3251929992,0,3251930000,0,0,0,0,0,0,0,0,0,4096,256,131072,4,15|4,0,134217728,262144,512,0,0,0,0,988,0,976,0,247,244,0,1,988,0|232,3966495398,7,0,0,63963136,0,63963136,0,195609,0,0,244,0,0,0,0,0,0,0,7364326,0,0,0,0,0
1785938069169|1005|stream128_r2f_02|rotating|214,1378943233,33554687,68972524,68012620,68189804,68012620,68189804,68012620,65234,64991,64987,64987,0,0,8306,0,2006020708,2002037856,4096,4096,0,0,64988,64988,3238735852,3238735857,3238735860,3238735825,0,0,0,0,0,0,0,0,4096,256,131072,4,15|4,0,134217728,262144,512,0,0,0,0,988,0,976,0,247,244,0,1,988,0|232,3281899324,7,64089600,0,0,0,0,0,68053099,0,244,0,3512545383,0,3512545383,0,2080,3488622951,0,38296163,0,0,0,0,0
1785938074175|1005|stream128_r2f_02|fixed|216,1378943233,16781056,75175250,74129082,853114,0,853114,0,18106,0,9053,0,0,0,70830,70830,57839112,0,4096,0,0,0,9053,0,3572466000,0,3572466008,0,0,0,0,0,0,0,0,0,4096,256,131072,4,15|4,0,134217728,262144,512,0,0,0,0,1076,0,1064,0,269,266,0,1,1076,0|234,4285986538,7,0,0,69730304,0,69730304,0,213372,0,0,266,0,0,0,0,0,0,0,7413135,0,0,0,0,0
1785938074175|1005|stream128_r2f_02|rotating|216,1378943233,33554687,75239537,74192641,74385764,74192641,74385764,74192641,71160,70894,70890,70890,0,0,9060,0,2188245158,2183903425,4096,4096,0,0,70891,70891,3558588457,3558588478,3558588465,3558588486,0,0,0,0,0,0,0,0,4096,256,131072,4,15|4,0,134217728,262144,512,0,0,0,0,1076,0,1064,0,269,266,0,1,1076,0|234,3602401079,7,69912096,0,0,0,0,0,74245564,0,266,0,3831591514,0,3831591514,0,2080,3805989888,0,41124724,0,0,0,0,0
1785938079190|1005|stream128_r2f_02|fixed|218,1378943233,16781056,81488287,80355533,924734,0,924734,0,19626,0,9813,0,0,0,76776,76776,62694680,0,4096,0,0,0,9813,0,3894721793,0,3894721801,0,0,0,0,0,0,0,0,0,4096,256,131072,4,15|4,0,134217728,262144,512,0,0,0,0,1164,0,1152,0,291,288,0,1,1164,0|236,314030599,8,0,0,75497472,0,75497472,0,231324,0,0,288,0,0,0,0,0,0,0,7454133,0,0,0,0,0
1785938079190|1005|stream128_r2f_02|rotating|218,1378943233,33554687,81570581,80437134,80645001,80437134,80645001,80437134,77146,76858,76854,76854,0,0,9822,0,2372333913,2367635196,4096,4096,0,0,76855,76855,3881696030,3881696003,3881696038,3881696019,0,0,0,0,0,0,0,0,4096,256,131072,4,15|4,0,134217728,262144,512,0,0,0,0,1168,0,1156,0,292,289,0,1,1168,0|236,3925338015,7,75791232,0,0,0,0,0,80482764,0,289,0,4153058666,0,4153058666,0,2080,4125656199,0,44082514,0,0,0,0,0
1785938084203|1005|stream128_r2f_02|fixed|220,1378943233,16781056,87904818,86682355,997577,0,997577,0,21172,0,10586,0,0,0,82823,82823,67633352,0,4096,0,0,0,10586,0,4222364576,0,4222364584,0,0,0,0,0,0,0,0,0,4096,256,131072,4,15|4,0,134217728,262144,512,0,0,0,0,1256,0,1244,0,314,311,0,1,1256,0|238,646670014,8,0,0,81526784,0,81526784,0,249794,0,0,311,0,0,0,0,0,0,0,7507701,0,0,0,0,0
1785938084203|1005|stream128_r2f_02|rotating|220,1378943233,33554687,88080250,86855744,87080790,86855744,87080790,86855744,83304,82993,82989,82989,0,0,10606,0,2561701866,2556628104,4096,4096,0,0,82990,82990,4214111066,4214111087,4214111074,4214111055,0,0,0,0,0,0,0,0,4096,256,131072,4,15|4,0,134217728,262144,512,0,0,0,0,1260,0,1248,0,315,312,0,1,1260,0|238,4257423037,7,81828448,0,0,0,0,0,86894935,0,312,0,188667088,1,188667088,1,2080,159498999,1,47039025,0,0,0,0,0
1785938089216|1005|stream128_r2f_02|fixed|222,1378943233,16781056,94035198,92728429,1067121,0,1067121,0,22648,0,11324,0,0,0,88599,88598,72348352,0,4096,0,0,0,11324,0,240196976,0,240196984,0,0,0,0,0,0,0,0,0,4096,256,131072,4,15|4,0,134217728,262144,512,0,0,0,0,1344,0,1332,0,336,333,0,1,1344,0|240,954838214,8,0,0,87293952,0,87293952,0,266921,0,0,333,0,0,0,0,0,0,0,7553437,0,0,0,0,0
1785938089216|1005|stream128_r2f_02|rotating|222,1378943233,33554687,94143903,92835538,93075555,92835538,93075555,92835538,89039,88705,88701,88701,0,0,11337,0,2738024110,2732591569,4096,4096,0,0,88702,88702,228726805,228726810,228726813,228726826,0,0,0,0,0,0,0,0,4096,256,131072,4,15|4,0,134217728,262144,512,0,0,0,0,1344,0,1332,0,336,333,0,1,1344,0|240,272248441,8,87459936,0,0,0,0,0,92881215,0,333,0,497051916,1,497051916,1,2080,466297233,1,49738555,0,0,0,0,0
1785938094225|1005|stream128_r2f_02|fixed|224,1378943233,16781056,100314474,98918955,1138364,0,1138364,0,24160,0,12080,0,0,0,94512,94512,77178440,0,4096,0,0,0,12080,0,560733785,0,560733793,0,0,0,0,0,0,0,0,0,4096,256,131072,4,15|4,0,134217728,262144,512,0,0,0,0,1432,0,1420,0,358,355,0,1,1432,0|242,1275981116,8,0,0,93061120,0,93061120,0,284779,0,0,355,0,0,0,0,0,0,0,7593417,0,0,0,0,0
1785938094225|1005|stream128_r2f_02|rotating|224,1378943233,33554687,100411865,99015161,99272463,99015161,99272463,99015161,94964,94608,94604,94604,0,0,12091,0,2920237776,2914446208,4096,4096,0,0,94605,94605,548564686,548564731,548564702,548564691,0,0,0,0,0,0,0,0,4096,256,131072,4,15|4,0,134217728,262144,512,0,0,0,0,1432,0,1420,0,358,355,0,1,1432,0|242,592429952,8,93290336,0,0,0,0,0,99068462,0,355,0,815775827,1,815775827,1,2080,783342844,1,52567919,0,0,0,0,0
1785938099254|1005|stream128_r2f_02|fixed|226,1378943233,16781056,106621386,105139396,1209890,0,1209890,0,25678,0,12839,0,0,0,100453,100453,82027616,0,4096,0,0,0,12839,0,882560631,0,882560639,0,0,0,0,0,0,0,0,0,4096,256,131072,4,15|4,0,134217728,262144,512,0,0,0,0,1520,0,1508,0,380,377,0,1,1520,0|244,1596915052,8,0,0,98828288,0,98828288,0,302613,0,0,377,0,0,0,0,0,0,0,7633272,0,0,0,0,0
1785938099254|1005|stream128_r2f_02|rotating|226,1378943233,33554687,106696623,105213864,105485887,105213864,105485887,105213864,100905,100527,100524,100523,0,0,12848,0,3102967412,3096816128,4096,4096,0,0,100524,100524,869292031,869292340,869292039,869292332,0,0,0,0,0,0,0,0,4096,256,131072,4,15|4,0,134217728,262144,512,0,0,0,0,1524,0,1512,0,381,378,0,1,1524,0|244,912444338,8,99106240,0,0,0,0,0,105249081,0,378,0,1134336237,1,1134336237,1,2080,1100088069,1,55526477,0,0,0,0,0
1785938104257|1005|stream128_r2f_02|fixed|228,1378943233,16781056,112899363,111330590,1281130,0,1281130,0,27190,0,13595,0,0,0,106367,106367,86857632,0,4096,0,0,0,13595,0,1203097219,0,1203097227,0,0,0,0,0,0,0,0,0,4096,256,131072,4,15|5,0,134217728,262144,512,0,0,0,0,1612,0,1600,0,403,400,0,1,1612,0|246,1917780723,8,0,0,104857600,0,104857600,0,320447,0,0,400,0,0,0,0,0,0,0,7684125,0,0,0,0,0
1785938104257|1005|stream128_r2f_02|rotating|228,1378943233,33554687,112988088,111417483,111705922,111417483,111705922,111417483,106856,106458,106451,106451,0,0,13606,0,3285925463,3279400592,4096,4096,0,0,106452,106452,1190563027,1190563072,1190563035,1190563048,0,0,0,0,0,0,0,0,4096,256,131072,4,15|4,0,134217728,262144,512,0,0,0,0,1612,0,1600,0,403,400,0,1,1612,0|246,1233677508,8,104944544,0,0,0,0,0,111454872,0,400,0,1454109831,1,1454109831,1,2080,1418185292,1,58355609,0,0,0,0,0
1785938109272|1005|stream128_r2f_02|fixed|230,1378943233,16781056,119184271,117527790,1352466,0,1352466,0,28704,0,14352,0,0,0,112288,112288,91694072,0,4096,0,0,0,14352,0,1523863835,0,1523863843,0,0,0,0,0,0,0,0,0,4096,256,131072,4,15|4,0,134217728,262144,512,0,0,0,0,1700,0,1688,0,425,422,0,1,1700,0|248,2238491774,8,0,0,110624768,0,110624768,0,338258,0,0,422,0,0,0,0,0,0,0,7722974,0,0,0,0,0
1785938109272|1005|stream128_r2f_02|rotating|230,1378943233,33554687,119275887,117618226,117922383,117618226,117922383,117618226,112801,112381,112374,112374,0,0,14363,0,3468762128,3461876827,4096,4096,0,0,112375,112375,1511481278,1511481267,1511481286,1511481275,0,0,0,0,0,0,0,0,4096,256,131072,4,15|4,0,134217728,262144,512,0,0,0,0,1700,0,1688,0,425,422,0,1,1700,0|248,1554738116,8,110790752,0,0,0,0,0,117658510,0,422,0,1773708887,1,1773708887,1,2065,1736110676,1,61183739,0,0,0,0,0
1785938114286|1005|stream128_r2f_02|fixed|232,1378943233,16781056,125471813,123729366,1423802,0,1423802,0,30218,0,15109,0,0,0,118211,118211,96530520,0,4096,0,0,0,15109,0,1844830921,0,1844830929,0,0,0,0,0,0,0,0,0,4096,256,131072,4,15|4,0,134217728,262144,512,0,0,0,0,1788,0,1776,0,447,444,0,1,1788,0|250,2559296995,8,0,0,116391936,0,116391936,0,356092,0,0,444,0,0,0,0,0,0,0,7773514,0,0,0,0,0
1785938114286|1005|stream128_r2f_02|rotating|232,1378943233,33557555,125553543,123810063,124128795,123810063,124128795,123810063,118737,118295,118288,118288,0,0,15119,0,3651309538,3644064885,4096,4096,0,0,118289,118289,1831903584,1831903581,1831903592,1831903589,0,0,0,0,0,0,0,0,4096,256,131072,4,15|4,0,134217728,262144,512,0,0,0,0,1788,0,1776,0,447,444,0,1,1788,0|250,1875504439,8,116621152,0,0,0,0,0,123856632,0,444,0,2093017610,1,2093017610,1,2069,2053740549,1,64013653,0,0,0,0,0
1785938119300|1005|stream128_r2f_02|fixed|234,1378943233,16781056,131756636,129926545,1495046,0,1495046,0,31730,0,15865,0,0,0,124131,124131,101360552,0,4096,0,0,0,15865,0,2165366285,0,2165366293,0,0,0,0,0,0,0,0,0,4096,256,131072,4,15|4,0,134217728,262144,512,0,0,0,0,1876,0,1864,0,469,466,0,1,1876,0|252,2879983946,8,0,0,122159104,0,122159104,0,373902,0,0,466,0,0,0,0,0,0,0,7816480,0,0,0,0,0
1785938119300|1005|stream128_r2f_02|rotating|234,1378943233,33554687,131832665,130001662,130336773,130001662,130336773,130001662,124673,124210,124202,124202,0,0,15874,0,3833880496,3826274431,4096,4096,0,0,124203,124203,2152353544,2152353533,2152353496,2152353541,0,0,0,0,0,0,0,0,4096,256,131072,4,15|4,0,134217728,262144,512,0,0,0,0,1880,0,1868,0,470,467,0,1,1880,0|252,2195301439,8,122437056,0,0,0,0,0,130032573,0,467,0,2411360634,1,2411360634,1,2080,2370270252,1,66970347,0,0,0,0,0
1785938124311|1005|stream128_r2f_02|fixed|236,1378943233,16781056,138044978,136128423,1566380,0,1566380,0,33244,0,16622,0,0,0,130054,130054,106196960,0,4096,0,0,0,16622,0,2486334353,0,2486334361,0,0,0,0,0,0,0,0,0,4096,256,131072,4,15|4,0,134217728,262144,512,0,0,0,0,1968,0,1956,0,492,489,0,1,1968,0|254,3199843256,8,0,0,128188416,0,128188416,0,391689,0,0,489,0,0,0,0,0,0,0,7870955,0,0,0,0,0
1785938124311|1005|stream128_r2f_02|rotating|236,1378943233,33554687,138110896,136192888,136543667,136192888,136543667,136192888,130609,130123,130116,130116,0,0,16631,0,4016415534,4008433313,4096,4096,0,0,130116,130116,2472867559,2472867892,2472867567,2472867900,0,0,0,0,0,0,0,0,4096,256,131072,4,15|4,0,134217728,262144,512,0,0,0,0,1968,0,1956,0,492,489,0,1,1968,0|254,2516464028,8,128275360,0,0,0,0,0,136238799,0,489,0,2731063647,1,2731063647,1,2080,2688295497,1,69800876,0,0,0,0,0
1785938129313|1005|stream128_r2f_02|fixed|238,1378943233,16781056,144310494,142306237,1637527,0,1637527,0,34754,0,17377,0,0,0,135956,135956,111020608,0,4096,0,0,0,17377,0,2806243927,0,2806243935,0,0,0,0,0,0,0,0,0,4096,256,131072,4,15|4,0,134217728,262144,512,0,0,0,0,2048,0,2044,0,512,511,0,1,2048,0|256,3520848802,8,0,0,133955584,0,133955584,0,409523,0,0,511,0,0,0,0,0,0,0,7917212,0,0,0,0,0
1785938129313|1005|stream128_r2f_02|rotating|238,1378943233,33554687,144386225,142381239,142747848,142381239,142747848,142381239,136543,136037,136027,136027,0,0,17386,0,4198889373,4190547928,4096,4096,0,0,136028,136028,2793171253,2793171250,2793171261,2793171258,0,0,0,0,0,0,0,0,4096,256,131072,4,15|4,0,134217728,262144,512,0,0,0,0,2048,0,2044,0,512,511,0,1,2048,0|256,2836321209,8,134097856,0,0,0,0,0,142418709,0,511,0,3049465204,1,3049465204,1,2080,3005015789,1,72631508,0,0,0,0,0
1785938135311|1006|stream128_r2f_03|fixed|242,1378943233,16781056,6156543,6071889,69737,0,69737,0,1480,0,740,0,0,0,5798,5798,4727776,0,4096,0,0,0,740,0,3190406279,0,3190406287,0,0,0,0,0,0,0,0,0,4096,256,131072,4,15|4,0,134217728,262144,512,0,0,0,0,96,0,84,0,24,21,0,1,96,0|264,3905023569,8,0,0,5505024,0,5505024,0,17575,0,0,21,0,0,0,0,0,0,0,6889208,0,0,0,0,0
1785938135311|1006|stream128_r2f_03|rotating|242,1378943233,33554687,6222949,6136914,6152366,6136914,6152366,6136914,5885,5862,5861,5861,0,0,749,0,180928622,180568985,4096,4096,0,0,5862,5862,3176919700,3176919713,3176919708,3176919721,0,0,0,0,0,0,0,0,4096,256,131072,4,15|4,0,134217728,262144,512,0,0,0,0,100,0,88,0,25,22,0,1,100,0|264,3220032984,8,5814592,0,0,0,0,0,6175034,0,22,0,323289926,0,323289926,0,2080,316419282,0,9749107,0,0,0,0,0
1785938140319|1006|stream128_r2f_03|fixed|244,1378943233,16781056,12427609,12255389,140976,0,140976,0,2992,0,1496,0,0,0,11709,11709,9557856,0,4096,0,0,0,1496,0,3510618415,0,3510618423,0,0,0,0,0,0,0,0,0,4096,256,131072,4,15|4,0,134217728,262144,512,0,0,0,0,188,0,176,0,47,44,0,1,188,0|266,4225200607,8,0,0,11534336,0,11534336,0,35385,0,0,44,0,0,0,0,0,0,0,6933860,0,0,0,0,0
1785938140319|1006|stream128_r2f_03|rotating|244,1378943233,33558272,12517781,12344453,12375766,12344453,12375766,12344453,11840,11794,11794,11794,0,0,1507,0,364057048,363338168,4096,4096,0,0,11794,11794,3498335635,3498335952,3498335643,3498335960,0,0,0,0,0,0,0,0,4096,256,131072,4,15|4,0,134217728,262144,512,0,0,0,0,188,0,176,0,47,44,0,1,188,0|266,3541511273,8,11660800,0,0,0,0,0,12383617,0,44,0,643306663,0,643306663,0,2080,634761690,0,12577894,0,0,0,0,0
1785938145330|1006|stream128_r2f_03|fixed|246,1378943233,16781056,18713936,18454706,212314,0,212314,0,4506,0,2253,0,0,0,17632,17632,14394312,0,4096,0,0,0,2253,0,3831749824,0,3831749832,0,0,0,0,0,0,0,0,0,4096,256,131072,4,15|4,0,134217728,262144,512,0,0,0,0,276,0,264,0,69,66,0,1,276,0|268,251054594,9,0,0,17301504,0,17301504,0,53220,0,0,66,0,0,0,0,0,0,0,6975480,0,0,0,0,0
1785938145330|1006|stream128_r2f_03|rotating|246,1378943233,33554687,18776929,18516950,18563956,18516950,18563956,18516950,17760,17692,17691,17691,0,0,2260,0,546094778,545016856,4096,4096,0,0,17692,17692,3817920700,3817920729,3817920708,3817920697,0,0,0,0,0,0,0,0,4096,256,131072,4,15|4,0,134217728,262144,512,0,0,0,0,276,0,264,0,69,66,0,1,276,0|268,3861277601,8,17483296,0,0,0,0,0,18559968,0,66,0,961617367,0,961617367,0,2080,951352957,0,15446698,0,0,0,0,0
1785938150334|1006|stream128_r2f_03|fixed|248,1378943233,16781056,24983600,24637437,283461,0,283461,0,6016,0,3008,0,0,0,23538,23538,19217944,0,4096,0,0,0,3008,0,4151915663,0,4151915671,0,0,0,0,0,0,0,0,0,4096,256,131072,4,15|4,0,134217728,262144,512,0,0,0,0,364,0,352,0,91,88,0,1,364,0|270,571298632,9,0,0,23068672,0,23068672,0,71007,0,0,88,0,0,0,0,0,0,0,7014548,0,0,0,0,0
1785938150334|1006|stream128_r2f_03|rotating|248,1378943233,33554687,25059585,24712498,24775274,24712498,24775274,24712498,23700,23611,23609,23609,0,0,3017,0,728778536,727343253,4096,4096,0,0,23610,23610,4138633955,4138633944,4138633931,4138633952,0,0,0,0,0,0,0,0,4096,256,131072,4,15|4,0,134217728,262144,512,0,0,0,0,364,0,352,0,91,88,0,1,364,0|270,4181751379,8,23305792,0,0,0,0,0,24750608,0,88,0,1280635521,0,1280635521,0,2080,1268632291,0,18334885,0,0,0,0,0
1785938155342|1006|stream128_r2f_03|fixed|250,1378943233,16781056,31263183,30830261,354705,0,354705,0,7528,0,3764,0,0,0,29452,29452,24047952,0,4096,0,0,0,3764,0,177546300,0,177546316,0,0,0,0,0,0,0,0,0,4096,256,131072,4,15|4,0,134217728,262144,512,0,0,0,0,452,0,440,0,113,110,0,1,452,0|272,891739205,9,0,0,28835840,0,28835840,0,88793,0,0,110,0,0,0,0,0,0,0,7062094,0,0,0,0,0
1785938155342|1006|stream128_r2f_03|rotating|250,1378943233,33554687,31336809,30903138,30981353,30903138,30981353,30903138,29635,29524,29522,29522,0,0,3772,0,911293311,909499266,4096,4096,0,0,29523,29523,164093857,164093862,164093865,164093870,0,0,0,0,0,0,0,0,4096,256,131072,4,15|4,0,134217728,262144,512,0,0,0,0,456,0,444,0,114,111,0,1,456,0|272,207267464,9,29129600,0,0,0,0,0,30939492,0,111,0,1599662950,0,1599662950,0,2080,1585782825,0,21356850,0,0,0,0,0
1785938160343|1006|stream128_r2f_03|fixed|252,1378943233,16781056,37532112,37012409,425756,0,425756,0,9036,0,4518,0,0,0,35358,35358,28865216,0,4096,0,0,0,4518,0,497281865,0,497281873,0,0,0,0,0,0,0,0,0,4096,256,131072,4,15|4,0,134217728,262144,512,0,0,0,0,544,0,532,0,136,133,0,1,544,0|274,1217130429,9,0,0,34865152,0,34865152,0,106887,0,0,133,0,0,0,0,0,0,0,7105418,0,0,0,0,0
1785938160343|1006|stream128_r2f_03|rotating|252,1378943233,33555404,37723914,37201324,37295894,37201324,37295894,37201324,35674,35540,35539,35539,0,0,4542,0,1097017624,1094849480,4096,4096,0,0,35539,35539,490211673,490212014,490211681,490212022,0,0,0,0,0,0,0,0,4096,256,131072,4,15|4,0,134217728,262144,512,0,0,0,0,544,0,532,0,136,133,0,1,544,0|274,534717805,9,35086464,0,0,0,0,0,37266167,0,133,0,1925624075,0,1925624075,0,2080,1910034509,0,24244507,0,0,0,0,0
1785938165354|1006|stream128_r2f_03|fixed|254,1378943233,16781056,43816333,43209016,497093,0,497093,0,10550,0,5275,0,0,0,41277,41277,33701664,0,4096,0,0,0,5275,0,818110900,0,818110908,0,0,0,0,0,0,0,0,0,4096,256,131072,4,15|4,0,134217728,262144,512,0,0,0,0,632,0,620,0,158,155,0,1,632,0|276,1532573519,9,0,0,40632320,0,40632320,0,124414,0,0,155,0,0,0,0,0,0,0,7152641,0,0,0,0,0
1785938165354|1006|stream128_r2f_03|rotating|254,1378943233,33554687,43893050,43284732,43395109,43284732,43395109,43284732,41507,41352,41349,41349,0,0,5284,0,1276375285,1273848672,4096,4096,0,0,41350,41350,805148957,805148962,805148965,805148970,0,0,0,0,0,0,0,0,4096,256,131072,4,15|4,0,134217728,262144,512,0,0,0,0,632,0,620,0,158,155,0,1,632,0|276,849473988,9,40814112,0,0,0,0,0,43346172,0,155,0,2238948346,0,2238948346,0,2080,2221600262,0,27132028,0,0,0,0,0
1785938170357|1006|stream128_r2f_03|fixed|256,1378943233,16781056,50091280,49395972,568334,0,568334,0,12062,0,6031,0,0,0,47187,47187,38531712,0,4096,0,0,0,6031,0,1138708938,0,1138708946,0,0,0,0,0,0,0,0,0,4096,256,131072,4,15|4,0,134217728,262144,512,0,0,0,0,720,0,708,0,180,177,0,1,720,0|278,1853254937,9,0,0,46399488,0,46399488,0,142225,0,0,177,0,0,0,0,0,0,0,7194763,0,0,0,0,0
1785938170357|1006|stream128_r2f_03|rotating|256,1378943233,33554687,50183604,49487307,49614231,49487307,49614231,49487307,47454,47277,47274,47274,0,0,6042,0,1459255329,1456369872,4096,4096,0,0,47275,47275,1126213299,1126213304,1126213307,1126213280,0,0,0,0,0,0,0,0,4096,256,131072,4,15|4,0,134217728,262144,512,0,0,0,0,720,0,708,0,180,177,0,1,720,0|278,1169353579,9,46628704,0,0,0,0,0,49526114,0,177,0,2557374289,0,2557374289,0,2080,2538283242,0,30022661,0,0,0,0,0
1785938175364|1006|stream128_r2f_03|fixed|258,1378943233,16781056,56365080,55582891,639484,0,639484,0,13572,0,6786,0,0,0,53097,53097,43355368,0,4096,0,0,0,6786,0,1458877418,0,1458877434,0,0,0,0,0,0,0,0,0,4096,256,131072,4,15|4,0,134217728,262144,512,0,0,0,0,808,0,796,0,202,199,0,1,808,0|280,2173342711,9,0,0,52166656,0,52166656,0,160012,0,0,199,0,0,0,0,0,0,0,7239572,0,0,0,0,0
1785938175364|1006|stream128_r2f_03|rotating|258,1378943233,33554687,56443557,55660618,55803227,55660618,55803227,55660618,53374,53174,53171,53171,0,0,6795,0,1641286952,1638043618,4096,4096,0,0,53172,53172,1445796168,1445796141,1445796136,1445796149,0,0,0,0,0,0,0,0,4096,256,131072,4,15|4,0,134217728,262144,512,0,0,0,0,812,0,800,0,203,200,0,1,812,0|280,1490163307,9,52460416,0,0,0,0,0,55720264,0,200,0,2876726089,0,2876726089,0,2080,2855759648,0,33044822,0,0,0,0,0
1785938180372|1006|stream128_r2f_03|fixed|260,1378943233,16781056,62648197,61779290,710724,0,710724,0,15084,0,7542,0,0,0,59014,59014,48185360,0,4096,0,0,0,7542,0,1779469102,0,1779469110,0,0,0,0,0,0,0,0,0,4096,256,131072,4,15|5,0,134217728,262144,512,0,0,0,0,900,0,888,0,225,222,0,1,900,0|282,2494708535,9,0,0,58195968,0,58195968,0,177869,0,0,222,0,0,0,0,0,0,0,7287248,0,0,0,0,0
1785938180372|1006|stream128_r2f_03|rotating|260,1378943233,33558272,62748248,61877582,62036300,61877582,62036300,61877582,59334,59112,59109,59109,0,0,7555,0,1824575800,1820957936,4096,4096,0,0,59109,59109,1767668743,1767669076,1767668751,1767669084,0,0,0,0,0,0,0,0,4096,256,131072,4,15|4,0,134217728,262144,512,0,0,0,0,900,0,888,0,225,222,0,1,900,0|282,1811240552,9,58298720,0,0,0,0,0,61923901,0,222,0,3196343758,0,3196343758,0,2080,3173648901,0,35925999,0,0,0,0,0
1785938185377|1006|stream128_r2f_03|fixed|262,1378943233,16781056,68921870,67965692,781965,0,781965,0,16596,0,8298,0,0,0,64924,64924,53015416,0,4096,0,0,0,8298,0,2099855933,0,2099855941,0,0,0,0,0,0,0,0,0,4096,256,131072,4,15|4,0,134217728,262144,512,0,0,0,0,988,0,976,0,247,244,0,1,988,0|284,2814385363,9,0,0,63963136,0,63963136,0,195632,0,0,244,0,0,0,0,0,0,0,7334976,0,0,0,0,0
1785938185377|1006|stream128_r2f_03|rotating|262,1378943233,33554687,68990432,68033617,68207712,68033617,68207712,68033617,65236,64992,64988,64988,0,0,8306,0,2006071776,2002093712,4096,4096,0,0,64989,64989,2086315650,2086315663,2086315658,2086315647,0,0,0,0,0,0,0,0,4096,256,131072,4,15|4,0,134217728,262144,512,0,0,0,0,988,0,976,0,247,244,0,1,988,0|284,2129453976,9,64089600,0,0,0,0,0,68071319,0,244,0,3513109462,0,3513109462,0,2080,3488678910,0,38804273,0,0,0,0,0
1785938190387|1006|stream128_r2f_03|fixed|264,1378943233,16781056,75199483,74156269,853208,0,853208,0,18108,0,9054,0,0,0,70837,70837,57845504,0,4096,0,0,0,9054,0,2420454046,0,2420454054,0,0,0,0,0,0,0,0,0,4096,256,131072,4,15|4,0,134217728,262144,512,0,0,0,0,1076,0,1064,0,269,266,0,1,1076,0|286,3134689401,9,0,0,69730304,0,69730304,0,213420,0,0,266,0,0,0,0,0,0,0,7376254,0,0,0,0,0
1785938190387|1006|stream128_r2f_03|rotating|264,1378943233,33558272,75277220,74233035,74423162,74233035,74423162,74233035,71180,70914,70911,70911,0,0,9063,0,2188880496,2184543800,4096,4096,0,0,70911,70911,2407241161,2407241502,2407241169,2407241510,0,0,0,0,0,0,0,0,4096,256,131072,4,15|4,0,134217728,262144,512,0,0,0,0,1076,0,1064,0,269,266,0,1,1076,0|286,2451159935,9,69935808,0,0,0,0,0,74285788,0,266,0,3833353869,0,3833353869,0,2080,3807187087,0,41694961,0,0,0,0,0
1785938195402|1006|stream128_r2f_03|fixed|266,1378943233,16781056,81491106,80360673,924546,0,924546,0,19622,0,9811,0,0,0,76763,76763,62681928,0,4096,0,0,0,9811,0,2741478733,0,2741478741,0,0,0,0,0,0,0,0,0,4096,256,131072,4,15|4,0,134217728,262144,512,0,0,0,0,1164,0,1152,0,291,288,0,1,1164,0|288,3456034024,9,0,0,75497472,0,75497472,0,231277,0,0,288,0,0,0,0,0,0,0,7425207,0,0,0,0,0
1785938195402|1006|stream128_r2f_03|rotating|266,1378943233,33554687,81582138,80450796,80656558,80450796,80656558,80450796,77141,76855,76849,76849,0,0,9822,0,2372197125,2367502424,4096,4096,0,0,76850,76850,2729066028,2729065993,2729066036,2729066001,0,0,0,0,0,0,0,0,4096,256,131072,4,15|4,0,134217728,262144,512,0,0,0,0,1168,0,1156,0,292,289,0,1,1168,0|288,2772170204,9,75775424,0,0,0,0,0,80484487,0,289,0,4152904234,0,4152904234,0,2080,4124866996,0,44713881,0,0,0,0,0
1785938200411|1006|stream128_r2f_03|fixed|268,1378943233,16781056,87767217,86550939,995786,0,995786,0,21134,0,10567,0,0,0,82679,82679,67511896,0,4096,0,0,0,10567,0,3062070727,0,3062070735,0,0,0,0,0,0,0,0,0,4096,256,131072,4,15|4,0,134217728,262144,512,0,0,0,0,1252,0,1244,0,314,311,0,1,1256,0|290,3776634845,9,0,0,81526784,0,81526784,0,249111,0,0,311,0,0,0,0,0,0,0,7474390,0,0,0,0,0
1785938200411|1006|stream128_r2f_03|rotating|268,1378943233,33554687,87833964,86616120,86837331,86616120,86837331,86616120,83057,82748,82742,82742,0,0,10576,0,2554090999,2549022056,4096,4096,0,0,82743,82743,3048534800,3048534837,3048534808,3048534821,0,0,0,0,0,0,0,0,4096,256,131072,4,15|4,0,134217728,262144,512,0,0,0,0,1256,0,1244,0,314,311,0,1,1256,0|290,3091700553,9,81582112,0,0,0,0,0,86653360,0,311,0,176015615,1,176015615,1,2080,146239758,1,47598473,0,0,0,0,0
1785938205425|1006|stream128_r2f_03|fixed|270,1378943233,16781056,94047677,92743989,1067121,0,1067121,0,22648,0,11324,0,0,0,88596,88596,72348352,0,4096,0,0,0,11324,0,3382899535,0,3382899543,0,0,0,0,0,0,0,0,0,4096,256,131072,4,15|4,0,134217728,262144,512,0,0,0,0,1344,0,1332,0,336,333,0,1,1344,0|292,4098456774,9,0,0,87293952,0,87293952,0,266992,0,0,333,0,0,0,0,0,0,0,7521740,0,0,0,0,0
1785938205425|1006|stream128_r2f_03|rotating|270,1378943233,33554687,94140784,92835711,93072626,92835711,93072626,92835711,89020,88689,88683,88683,0,0,11335,0,2737480429,2732052984,4096,4096,0,0,88684,88684,3370476983,3370476980,3370476991,3370476988,0,0,0,0,0,0,0,0,4096,256,131072,4,15|4,0,134217728,262144,512,0,0,0,0,1344,0,1332,0,336,333,0,1,1344,0|292,3414306187,9,87452032,0,0,0,0,0,92885456,0,333,0,497153769,1,497153769,1,2080,465650145,1,50485789,0,0,0,0,0
1785938210432|1006|stream128_r2f_03|fixed|272,1378943233,16781056,100326504,98934340,1138270,0,1138270,0,24158,0,12079,0,0,0,94509,94509,77172048,0,4096,0,0,0,12079,0,3703068026,0,3703068034,0,0,0,0,0,0,0,0,0,4096,256,131072,4,15|4,0,134217728,262144,512,0,0,0,0,1432,0,1420,0,358,355,0,1,1432,0|294,123532378,10,0,0,93061120,0,93061120,0,284756,0,0,355,0,0,0,0,0,0,0,7561588,0,0,0,0,0
1785938210432|1006|stream128_r2f_03|rotating|272,1378943233,33558272,100425106,99031699,99285704,99031699,99285704,99031699,94960,94607,94602,94602,0,0,12091,0,2920173560,2914387168,4096,4096,0,0,94602,94602,3691198593,3691198926,3691198601,3691198934,0,0,0,0,0,0,0,0,4096,256,131072,4,15|4,0,134217728,262144,512,0,0,0,0,1432,0,1420,0,358,355,0,1,1432,0|294,3734989925,9,93282432,0,0,0,0,0,99081268,0,355,0,816379907,1,816379907,1,2080,783136533,1,53376603,0,0,0,0,0
1785938215437|1006|stream128_r2f_03|fixed|274,1378943233,16781056,106605972,105127841,1209512,0,1209512,0,25670,0,12835,0,0,0,100423,100423,82002080,0,4096,0,0,0,12835,0,4023659722,0,4023659730,0,0,0,0,0,0,0,0,0,4096,256,131072,4,15|4,0,134217728,262144,512,0,0,0,0,1520,0,1508,0,380,377,0,1,1520,0|296,443302036,10,0,0,98828288,0,98828288,0,302520,0,0,377,0,0,0,0,0,0,0,7603986,0,0,0,0,0
1785938215437|1006|stream128_r2f_03|rotating|274,1378943233,33554687,106695349,105216201,105484801,105216201,105484801,105216201,100889,100515,100508,100508,0,0,12846,0,3102483387,3096337294,4096,4096,0,0,100509,100509,4011277261,4011277258,4011277269,4011277266,0,0,0,0,0,0,0,0,4096,256,131072,4,15|4,0,134217728,262144,512,0,0,0,0,1520,0,1508,0,380,377,0,1,1520,0|296,4054243864,9,99089120,0,0,0,0,0,105249022,0,377,0,1134182174,1,1134182174,1,2080,1099200506,1,56260870,0,0,0,0,0
1785938220438|1006|stream128_r2f_03|fixed|276,1378943233,16781056,112871632,111306965,1280661,0,1280661,0,27180,0,13590,0,0,0,106327,106327,86825688,0,4096,0,0,0,13590,0,48859769,0,48859785,0,0,0,0,0,0,0,0,0,4096,256,131072,4,15|4,0,134217728,262144,512,0,0,0,0,1608,0,1596,0,402,399,0,1,1608,0|298,763555774,10,0,0,104595456,0,104595456,0,320329,0,0,399,0,0,0,0,0,0,0,7653557,0,0,0,0,0
1785938220438|1006|stream128_r2f_03|rotating|276,1378943233,33554687,112964328,111397822,111682633,111397822,111682633,111397822,106818,106421,106414,106414,0,0,13601,0,3284792464,3278271579,4096,4096,0,0,106415,106415,36501217,36501262,36501233,36501270,0,0,0,0,0,0,0,0,4096,256,131072,4,15|4,0,134217728,262144,512,0,0,0,0,1612,0,1600,0,403,400,0,1,1612,0|298,80356082,10,104928736,0,0,0,0,0,111447668,0,400,0,1453801784,1,1453801784,1,2080,1416947591,1,59281859,0,0,0,0,0
1785938225439|1006|stream128_r2f_03|fixed|278,1378943233,16781056,119140745,117489912,1351712,0,1351712,0,28688,0,14344,0,0,0,112233,112233,91642952,0,4096,0,0,0,14344,0,368598371,0,368598379,0,0,0,0,0,0,0,0,0,4096,256,131072,4,15|5,0,134217728,262144,512,0,0,0,0,1700,0,1688,0,425,422,0,1,1700,0|300,1083179432,10,0,0,110624768,0,110624768,0,338092,0,0,422,0,0,0,0,0,0,0,7700030,0,0,0,0,0
1785938225439|1006|stream128_r2f_03|rotating|278,1378943233,33554687,119214098,117561574,117861444,117561574,117861444,117561574,112727,112308,112301,112301,0,0,14354,0,3466528138,3459645592,4096,4096,0,0,112302,112302,355561556,355561593,355561564,355561553,0,0,0,0,0,0,0,0,4096,256,131072,4,15|4,0,134217728,262144,512,0,0,0,0,1700,0,1688,0,425,422,0,1,1700,0|300,398564764,10,110711712,0,0,0,0,0,117594439,0,422,0,1770564722,1,1770564722,1,2080,1731960583,1,62172687,0,0,0,0,0
1785938230443|1006|stream128_r2f_03|fixed|280,1378943233,16781056,125415181,123678038,1422954,0,1422954,0,30200,0,15100,0,0,0,118143,118143,96473000,0,4096,0,0,0,15100,0,689001131,0,689001139,0,0,0,0,0,0,0,0,0,4096,256,131072,4,15|4,0,134217728,262144,512,0,0,0,0,1788,0,1776,0,447,444,0,1,1788,0|302,1403554270,10,0,0,116391936,0,116391936,0,355880,0,0,444,0,0,0,0,0,0,0,7744210,0,0,0,0,0
1785938230443|1006|stream128_r2f_03|rotating|280,1378943233,33554687,125496718,123758702,124072821,123758702,124072821,123758702,118668,118227,118220,118220,0,0,15110,0,3649230864,3641987934,4096,4096,0,0,118221,118221,676313690,676313671,676313666,676313679,0,0,0,0,0,0,0,0,4096,256,131072,4,15|4,0,134217728,262144,512,0,0,0,0,1788,0,1776,0,447,444,0,1,1788,0|302,719834914,10,116557920,0,0,0,0,0,123801462,0,444,0,2090373320,1,2090373320,1,2080,2050032598,1,65063728,0,0,0,0,0
1785938235463|1006|stream128_r2f_03|fixed|282,1378943233,16781056,131706730,129881552,1494385,0,1494385,0,31716,0,15858,0,0,0,124070,124070,101315832,0,4096,0,0,0,15858,0,1010458218,0,1010458226,0,0,0,0,0,0,0,0,0,4096,256,131072,4,15|4,0,134217728,262144,512,0,0,0,0,1876,0,1864,0,469,466,0,1,1876,0|304,1725411631,10,0,0,122159104,0,122159104,0,373761,0,0,466,0,0,0,0,0,0,0,7794889,0,0,0,0,0
1785938235463|1006|stream128_r2f_03|rotating|282,1378943233,33558272,131800291,129973825,130304868,129973825,130304868,129973825,124627,124164,124158,124158,0,0,15869,0,3832507896,3824906608,4096,4096,0,0,124158,124158,998052147,998052480,998052155,998052488,0,0,0,0,0,0,0,0,4096,256,131072,4,15|4,0,134217728,262144,512,0,0,0,0,1876,0,1864,0,469,466,0,1,1876,0|304,1041292192,10,122404128,0,0,0,0,0,130011846,0,466,0,2410369046,1,2410369046,1,2080,2368292644,1,67953866,0,0,0,0,0
1785938240474|1006|stream128_r2f_03|fixed|284,1378943233,16781056,137994251,136082655,1565724,0,1565724,0,33230,0,16615,0,0,0,129992,129992,106152248,0,4096,0,0,0,16615,0,1331482911,0,1331482919,0,0,0,0,0,0,0,0,0,4096,256,131072,4,15|4,0,134217728,262144,512,0,0,0,0,1964,0,1952,0,491,488,0,1,1964,0|306,2046479790,10,0,0,127926272,0,127926272,0,391595,0,0,488,0,0,0,0,0,0,0,7842570,0,0,0,0,0
1785938240474|1006|stream128_r2f_03|rotating|284,1378943233,33554687,138089304,136176176,136522548,136176176,136522548,136176176,130574,130088,130081,130081,0,0,16626,0,4015360905,4007383888,4096,4096,0,0,130082,130082,1319195989,1319196010,1319195997,1319196002,0,0,0,0,0,0,0,0,4096,256,131072,4,15|4,0,134217728,262144,512,0,0,0,0,1968,0,1956,0,492,489,0,1,1968,0|306,1364142809,10,128267456,0,0,0,0,0,136246861,0,489,0,2731753831,1,2731753831,1,2080,2687812066,1,70972784,0,0,0,0,0
1785938245481|1006|stream128_r2f_03|fixed|286,1378943233,16781056,144271955,142273456,1636868,0,1636868,0,34740,0,17370,0,0,0,135905,135905,110975888,0,4096,0,0,0,17370,0,1651648487,0,1651648495,0,0,0,0,0,0,0,0,0,4096,256,131072,4,15|4,0,134217728,262144,512,0,0,0,0,2048,0,2044,0,512,511,0,1,2048,0|308,2366627045,10,0,0,133955584,0,133955584,0,409405,0,0,511,0,0,0,0,0,0,0,7891542,0,0,0,0,0
1785938245481|1006|stream128_r2f_03|rotating|286,1378943233,33554687,144372419,142372099,142734325,142372099,142734325,142372099,136514,136006,136000,136000,0,0,17383,0,4198048391,4189710658,4096,4096,0,0,136000,136000,1639903655,1639903980,1639903663,1639903988,0,0,0,0,0,0,0,0,4096,256,131072,4,15|4,0,134217728,262144,512,0,0,0,0,2048,0,2044,0,512,511,0,1,2048,0|308,1684993448,10,134105760,0,0,0,0,0,142445059,0,511,0,3051144894,1,3051144894,1,2080,3005470771,1,73857903,0,0,0,0,0
