path,size_bytes,sha256
evidence/hardware/p7/authorized_sequence/p7_20260715_stationary_app_r40_diag_suffix55/.sequence_execution_ledger_wrapper_logs/001_p7_safe_idle.stderr.log,0,e3b0c44298fc1c149afbf4c8996fb92427ae41e4649b934ca495991b7852b855
evidence/hardware/p7/authorized_sequence/p7_20260715_stationary_app_r40_diag_suffix55/.sequence_execution_ledger_wrapper_logs/001_p7_safe_idle.stdout.log,77337,1108ffaf3bece781d0658e26ade8199894bcdf00daeeca13ae6da6c739c02114
evidence/hardware/p7/authorized_sequence/p7_20260715_stationary_app_r40_diag_suffix55/.sequence_execution_ledger_wrapper_logs/002_p7_p6_frame_regression_m1.stderr.log,0,e3b0c44298fc1c149afbf4c8996fb92427ae41e4649b934ca495991b7852b855
evidence/hardware/p7/authorized_sequence/p7_20260715_stationary_app_r40_diag_suffix55/.sequence_execution_ledger_wrapper_logs/002_p7_p6_frame_regression_m1.stdout.log,372489,87df1f93c7ffeb199abf27c200a3bc93655d0b9f34da7f8e3262d38cea7b06a9
evidence/hardware/p7/authorized_sequence/p7_20260715_stationary_app_r40_diag_suffix55/.sequence_execution_ledger_wrapper_logs/003_p7_p6_frame_regression_m2.stderr.log,0,e3b0c44298fc1c149afbf4c8996fb92427ae41e4649b934ca495991b7852b855
evidence/hardware/p7/authorized_sequence/p7_20260715_stationary_app_r40_diag_suffix55/.sequence_execution_ledger_wrapper_logs/003_p7_p6_frame_regression_m2.stdout.log,372492,975ad52c2d919d4f543c53a1babce78853bcb0c241116e8a7b3962c7b6ce17e2
evidence/hardware/p7/authorized_sequence/p7_20260715_stationary_app_r40_diag_suffix55/.sequence_execution_ledger_wrapper_logs/004_p7_p6_frame_regression_m3.stderr.log,0,e3b0c44298fc1c149afbf4c8996fb92427ae41e4649b934ca495991b7852b855
evidence/hardware/p7/authorized_sequence/p7_20260715_stationary_app_r40_diag_suffix55/.sequence_execution_ledger_wrapper_logs/004_p7_p6_frame_regression_m3.stdout.log,372491,144eea5d84a9346f5ab1717a3a5e5191dd6ace4de15fd33ef37daa8c646ee477
evidence/hardware/p7/authorized_sequence/p7_20260715_stationary_app_r40_diag_suffix55/.sequence_execution_ledger_wrapper_logs/055_p7_large_jtag_64k_rr_prbs15.stderr.log,0,e3b0c44298fc1c149afbf4c8996fb92427ae41e4649b934ca495991b7852b855
evidence/hardware/p7/authorized_sequence/p7_20260715_stationary_app_r40_diag_suffix55/.sequence_execution_ledger_wrapper_logs/055_p7_large_jtag_64k_rr_prbs15.stdout.log,4683204,9cc8ce640fa212dab880625833e97b5a59d693f840a32667d47936bc898cd1a9
evidence/hardware/p7/authorized_sequence/p7_20260715_stationary_app_r40_diag_suffix55/.sequence_execution_ledger_wrapper_logs/056_p7_large_jtag_64k_rr_random.stderr.log,0,e3b0c44298fc1c149afbf4c8996fb92427ae41e4649b934ca495991b7852b855
evidence/hardware/p7/authorized_sequence/p7_20260715_stationary_app_r40_diag_suffix55/.sequence_execution_ledger_wrapper_logs/056_p7_large_jtag_64k_rr_random.stdout.log,4683198,d01480d3b7ef713ae7f2bea2f992b98b79a04cf87a0fa7cc831d788159bb3479
evidence/hardware/p7/authorized_sequence/p7_20260715_stationary_app_r40_diag_suffix55/.sequence_execution_ledger_wrapper_logs/057_p7_large_jtag_64k_rr_all_bytes.stderr.log,0,e3b0c44298fc1c149afbf4c8996fb92427ae41e4649b934ca495991b7852b855
evidence/hardware/p7/authorized_sequence/p7_20260715_stationary_app_r40_diag_suffix55/.sequence_execution_ledger_wrapper_logs/057_p7_large_jtag_64k_rr_all_bytes.stdout.log,4683485,c8be33412ba2c59006df5a679d4b6e4598e58121b224c27b24e5a2285978348c
evidence/hardware/p7/authorized_sequence/p7_20260715_stationary_app_r40_diag_suffix55/.sequence_execution_ledger_wrapper_logs/058_p7_large_jtag_1m_l0_random.stderr.log,0,e3b0c44298fc1c149afbf4c8996fb92427ae41e4649b934ca495991b7852b855
evidence/hardware/p7/authorized_sequence/p7_20260715_stationary_app_r40_diag_suffix55/.sequence_execution_ledger_wrapper_logs/058_p7_large_jtag_1m_l0_random.stdout.log,73709588,3debb8381c88f6fd25039eeca4f83c5e14a7d393aba079d263d3a3b42ec5ecfa
evidence/hardware/p7/authorized_sequence/p7_20260715_stationary_app_r40_diag_suffix55/.sequence_execution_ledger_wrapper_logs/059_p7_large_jtag_1m_l1_random.stderr.log,0,e3b0c44298fc1c149afbf4c8996fb92427ae41e4649b934ca495991b7852b855
evidence/hardware/p7/authorized_sequence/p7_20260715_stationary_app_r40_diag_suffix55/.sequence_execution_ledger_wrapper_logs/059_p7_large_jtag_1m_l1_random.stdout.log,73709692,734a34b9931c73d6c866376b1ef6050f367fb4db51b556e283ec8228ee7b02cb
evidence/hardware/p7/authorized_sequence/p7_20260715_stationary_app_r40_diag_suffix55/.sequence_execution_ledger_wrapper_logs/060_p7_large_jtag_1m_rr_random.stderr.log,0,e3b0c44298fc1c149afbf4c8996fb92427ae41e4649b934ca495991b7852b855
evidence/hardware/p7/authorized_sequence/p7_20260715_stationary_app_r40_diag_suffix55/.sequence_execution_ledger_wrapper_logs/060_p7_large_jtag_1m_rr_random.stdout.log,73709642,fc42bd4fed8ff00bf62f01c0f2e556471039dcea851ff27e0e7dd1b353909a14
evidence/hardware/p7/authorized_sequence/p7_20260715_stationary_app_r40_diag_suffix55/.sequence_execution_ledger_wrapper_logs/061_p7_large_jtag_1m_rep3_random.stderr.log,0,e3b0c44298fc1c149afbf4c8996fb92427ae41e4649b934ca495991b7852b855
evidence/hardware/p7/authorized_sequence/p7_20260715_stationary_app_r40_diag_suffix55/.sequence_execution_ledger_wrapper_logs/061_p7_large_jtag_1m_rep3_random.stdout.log,73709760,9230919dc5c0d4828d90060c2cf6b67e95a4aed5a694a70d45525ba976e7872a
evidence/hardware/p7/authorized_sequence/p7_20260715_stationary_app_r40_diag_suffix55/.sequence_execution_ledger_wrapper_logs/062_p7_ps_functional.stderr.log,0,e3b0c44298fc1c149afbf4c8996fb92427ae41e4649b934ca495991b7852b855
evidence/hardware/p7/authorized_sequence/p7_20260715_stationary_app_r40_diag_suffix55/.sequence_execution_ledger_wrapper_logs/062_p7_ps_functional.stdout.log,11443795,61cbb10ce69d04687624440eb93ff90dfb3671841949e0ef633508f686105140
evidence/hardware/p7/authorized_sequence/p7_20260715_stationary_app_r40_diag_suffix55/.sequence_execution_ledger_wrapper_logs/063_p7_ps_fault_fallback.stderr.log,0,e3b0c44298fc1c149afbf4c8996fb92427ae41e4649b934ca495991b7852b855
evidence/hardware/p7/authorized_sequence/p7_20260715_stationary_app_r40_diag_suffix55/.sequence_execution_ledger_wrapper_logs/063_p7_ps_fault_fallback.stdout.log,749165,1ab6a0445a6bc5dc5a1605deb8e540c9e18af96ee52a8f0dd9432493958515e8
evidence/hardware/p7/authorized_sequence/p7_20260715_stationary_app_r40_diag_suffix55/.sequence_execution_ledger_wrapper_logs/064_p7_ps_abort_restart.stderr.log,0,e3b0c44298fc1c149afbf4c8996fb92427ae41e4649b934ca495991b7852b855
evidence/hardware/p7/authorized_sequence/p7_20260715_stationary_app_r40_diag_suffix55/.sequence_execution_ledger_wrapper_logs/064_p7_ps_abort_restart.stdout.log,2707954,2a61185c53b60106cafb9d7bc7051eea902008200e79632f361ed2647b01526f
evidence/hardware/p7/authorized_sequence/p7_20260715_stationary_app_r40_diag_suffix55/.sequence_execution_ledger_wrapper_logs/065_p7_ps_queue.stderr.log,0,e3b0c44298fc1c149afbf4c8996fb92427ae41e4649b934ca495991b7852b855
evidence/hardware/p7/authorized_sequence/p7_20260715_stationary_app_r40_diag_suffix55/.sequence_execution_ledger_wrapper_logs/065_p7_ps_queue.stdout.log,112801,55f7f9d48f3a0174cf4f6b22c2d7e765a536a2f6616400e4b8733719b9c8ddd0
evidence/hardware/p7/authorized_sequence/p7_20260715_stationary_app_r40_diag_suffix55/001_p7_safe_idle/p7_jtag_axi_raw_result.txt,823,be4366eb4d00461ac9a851f0fd650d7999e066ed28252465bf69b4be6a381235
evidence/hardware/p7/authorized_sequence/p7_20260715_stationary_app_r40_diag_suffix55/001_p7_safe_idle/p7_jtag_axi_stage.stderr.log,0,e3b0c44298fc1c149afbf4c8996fb92427ae41e4649b934ca495991b7852b855
evidence/hardware/p7/authorized_sequence/p7_20260715_stationary_app_r40_diag_suffix55/001_p7_safe_idle/p7_jtag_axi_stage.stdout.log,38663,7a5bd13c9c3f68af82102348b231e8eca3357086df09d8e737cf3280ea376832
evidence/hardware/p7/authorized_sequence/p7_20260715_stationary_app_r40_diag_suffix55/001_p7_safe_idle/p7_jtag_axi_stage_events.jsonl,1228,a09950fd00390a205fc7c27c79a8c7f80529299dee6b2a0918674cbceaa2e769
evidence/hardware/p7/authorized_sequence/p7_20260715_stationary_app_r40_diag_suffix55/001_p7_safe_idle/p7_jtag_axi_stage_summary.json,75232,f8052371a1a0fce4c35e44d22536b65d44519d8ad12fc4de35aa7c922a516b58
evidence/hardware/p7/authorized_sequence/p7_20260715_stationary_app_r40_diag_suffix55/001_p7_safe_idle/p7_preflight.stderr.log,0,e3b0c44298fc1c149afbf4c8996fb92427ae41e4649b934ca495991b7852b855
evidence/hardware/p7/authorized_sequence/p7_20260715_stationary_app_r40_diag_suffix55/001_p7_safe_idle/p7_preflight.stdout.log,9870,6810c959d33dc3ccebb31e590dffa41a2cec71a1097efd5b3170d4d8e9cf60a0
evidence/hardware/p7/authorized_sequence/p7_20260715_stationary_app_r40_diag_suffix55/001_p7_safe_idle/p7_preflight_result.txt,512,b9c7b51d551d7f0a98f48b8493aed82542ccd9993966f478228e655b31ebbe84
evidence/hardware/p7/authorized_sequence/p7_20260715_stationary_app_r40_diag_suffix55/001_p7_safe_idle/p7_safe_idle_parse_summary.json,733,3991bcae4b2f298c8be2154c634b5180d1751df472c7cdece3aa168622e6c8d7
evidence/hardware/p7/authorized_sequence/p7_20260715_stationary_app_r40_diag_suffix55/001_p7_safe_idle/p7_shutdown_after.stderr.log,0,e3b0c44298fc1c149afbf4c8996fb92427ae41e4649b934ca495991b7852b855
evidence/hardware/p7/authorized_sequence/p7_20260715_stationary_app_r40_diag_suffix55/001_p7_safe_idle/p7_shutdown_after.stdout.log,37949,bb8fe72a0d9742f83d27cdf48310a76a5ce6459e956a3ff1a3d642c5ca2782e2
evidence/hardware/p7/authorized_sequence/p7_20260715_stationary_app_r40_diag_suffix55/001_p7_safe_idle/p7_shutdown_after_result.txt,502,62eead448d3068ae04c7bebe1865f869f7bd1acf19e8444187efe698654a9a96
evidence/hardware/p7/authorized_sequence/p7_20260715_stationary_app_r40_diag_suffix55/001_p7_safe_idle/p7_shutdown_before.stderr.log,0,e3b0c44298fc1c149afbf4c8996fb92427ae41e4649b934ca495991b7852b855
evidence/hardware/p7/authorized_sequence/p7_20260715_stationary_app_r40_diag_suffix55/001_p7_safe_idle/p7_shutdown_before.stdout.log,37949,227aeb0e9c8d59fcba0eba4cfc5b230936d87125d086bf327aa5c073c0aeb5c4
evidence/hardware/p7/authorized_sequence/p7_20260715_stationary_app_r40_diag_suffix55/001_p7_safe_idle/p7_shutdown_before_result.txt,502,62eead448d3068ae04c7bebe1865f869f7bd1acf19e8444187efe698654a9a96
evidence/hardware/p7/authorized_sequence/p7_20260715_stationary_app_r40_diag_suffix55/002_p7_p6_frame_regression_m1/p7_jtag_axi_raw_result.txt,79492,d7c4eab196f966c11a4d3d216f25f1532275abdc6373e5513ae906ddbf89d1f4
evidence/hardware/p7/authorized_sequence/p7_20260715_stationary_app_r40_diag_suffix55/002_p7_p6_frame_regression_m1/p7_jtag_axi_stage.stderr.log,0,e3b0c44298fc1c149afbf4c8996fb92427ae41e4649b934ca495991b7852b855
evidence/hardware/p7/authorized_sequence/p7_20260715_stationary_app_r40_diag_suffix55/002_p7_p6_frame_regression_m1/p7_jtag_axi_stage.stdout.log,47447,1227fe793277a5b9b38a9a916a7fcfcaf5aeebc8e860dfba811487c87b4cc8a1
evidence/hardware/p7/authorized_sequence/p7_20260715_stationary_app_r40_diag_suffix55/002_p7_p6_frame_regression_m1/p7_jtag_axi_stage_events.jsonl,1236,c2b03a088e77eaed24025f9757b176235aca37bc9937bec2494feac9fbb11e86
evidence/hardware/p7/authorized_sequence/p7_20260715_stationary_app_r40_diag_suffix55/002_p7_p6_frame_regression_m1/p7_jtag_axi_stage_summary.json,359059,0cc054ef55f5817495a4b796fb9991d731d1d2dcaf12869e3a75c37f58d97451
evidence/hardware/p7/authorized_sequence/p7_20260715_stationary_app_r40_diag_suffix55/002_p7_p6_frame_regression_m1/p7_jtag_backend_parse_summary.json,41848,16c3977a1a12de507fea84620d813fb0fb1145656c12c1cc5c73d330c25a7b2c
evidence/hardware/p7/authorized_sequence/p7_20260715_stationary_app_r40_diag_suffix55/002_p7_p6_frame_regression_m1/p7_jtag_reassembled_output.bin,4096,d63320acd81e8ea9e08c7932552f04ca8bd45a673c40003ff4f7b6143d91081d
evidence/hardware/p7/authorized_sequence/p7_20260715_stationary_app_r40_diag_suffix55/002_p7_p6_frame_regression_m1/p7_preflight.stderr.log,0,e3b0c44298fc1c149afbf4c8996fb92427ae41e4649b934ca495991b7852b855
evidence/hardware/p7/authorized_sequence/p7_20260715_stationary_app_r40_diag_suffix55/002_p7_p6_frame_regression_m1/p7_preflight.stdout.log,9870,deb416271b808b359e0b3292541f875e80326e2794caaa78b319f4339d2e96b7
evidence/hardware/p7/authorized_sequence/p7_20260715_stationary_app_r40_diag_suffix55/002_p7_p6_frame_regression_m1/p7_preflight_result.txt,512,b9c7b51d551d7f0a98f48b8493aed82542ccd9993966f478228e655b31ebbe84
evidence/hardware/p7/authorized_sequence/p7_20260715_stationary_app_r40_diag_suffix55/002_p7_p6_frame_regression_m1/p7_shutdown_after.stderr.log,0,e3b0c44298fc1c149afbf4c8996fb92427ae41e4649b934ca495991b7852b855
evidence/hardware/p7/authorized_sequence/p7_20260715_stationary_app_r40_diag_suffix55/002_p7_p6_frame_regression_m1/p7_shutdown_after.stdout.log,37949,34c0db901109c48d11107f9995619d7484a00c72127253e1efdd7810aec15bcd
evidence/hardware/p7/authorized_sequence/p7_20260715_stationary_app_r40_diag_suffix55/002_p7_p6_frame_regression_m1/p7_shutdown_after_result.txt,502,62eead448d3068ae04c7bebe1865f869f7bd1acf19e8444187efe698654a9a96
evidence/hardware/p7/authorized_sequence/p7_20260715_stationary_app_r40_diag_suffix55/002_p7_p6_frame_regression_m1/p7_shutdown_before.stderr.log,0,e3b0c44298fc1c149afbf4c8996fb92427ae41e4649b934ca495991b7852b855
evidence/hardware/p7/authorized_sequence/p7_20260715_stationary_app_r40_diag_suffix55/002_p7_p6_frame_regression_m1/p7_shutdown_before.stdout.log,37949,73d435bfd922e59275b0c9fe9d52b89541d8fbea018801331178e8d640d465df
evidence/hardware/p7/authorized_sequence/p7_20260715_stationary_app_r40_diag_suffix55/002_p7_p6_frame_regression_m1/p7_shutdown_before_result.txt,502,62eead448d3068ae04c7bebe1865f869f7bd1acf19e8444187efe698654a9a96
evidence/hardware/p7/authorized_sequence/p7_20260715_stationary_app_r40_diag_suffix55/003_p7_p6_frame_regression_m2/p7_jtag_axi_raw_result.txt,79492,d6d41d21f227ae89c98bcb024dc7bdd39cb1efc02c777e2639ce896a1675fb5f
evidence/hardware/p7/authorized_sequence/p7_20260715_stationary_app_r40_diag_suffix55/003_p7_p6_frame_regression_m2/p7_jtag_axi_stage.stderr.log,0,e3b0c44298fc1c149afbf4c8996fb92427ae41e4649b934ca495991b7852b855
evidence/hardware/p7/authorized_sequence/p7_20260715_stationary_app_r40_diag_suffix55/003_p7_p6_frame_regression_m2/p7_jtag_axi_stage.stdout.log,47447,b05f9dc843b29e00466d888dd49235b8f579f67e620f7e57d93afbb268a25653
evidence/hardware/p7/authorized_sequence/p7_20260715_stationary_app_r40_diag_suffix55/003_p7_p6_frame_regression_m2/p7_jtag_axi_stage_events.jsonl,1236,d1fc6e72aa3b3c42ef353fba6793a19c5b3e35d92cb348de8153a77ec31b1308
evidence/hardware/p7/authorized_sequence/p7_20260715_stationary_app_r40_diag_suffix55/003_p7_p6_frame_regression_m2/p7_jtag_axi_stage_summary.json,359063,04b196f0c87791e23b129d13df5f20a2363d00b4ecf76b395b1e01901de7e747
evidence/hardware/p7/authorized_sequence/p7_20260715_stationary_app_r40_diag_suffix55/003_p7_p6_frame_regression_m2/p7_jtag_backend_parse_summary.json,41841,73ba4e436297b5946947d3df6c738125a125841895458173e5eeea477266873e
evidence/hardware/p7/authorized_sequence/p7_20260715_stationary_app_r40_diag_suffix55/003_p7_p6_frame_regression_m2/p7_jtag_reassembled_output.bin,4096,a7abce3a5f3164feb667e984f8e38f6e6fc3a7f87e54cc0b2008aa15962a1e7d
evidence/hardware/p7/authorized_sequence/p7_20260715_stationary_app_r40_diag_suffix55/003_p7_p6_frame_regression_m2/p7_preflight.stderr.log,0,e3b0c44298fc1c149afbf4c8996fb92427ae41e4649b934ca495991b7852b855
evidence/hardware/p7/authorized_sequence/p7_20260715_stationary_app_r40_diag_suffix55/003_p7_p6_frame_regression_m2/p7_preflight.stdout.log,9870,c76c17b279bd055a0733ec0f8fd490ba25a03cf5bd05f68b8f7682d3b5df6758
evidence/hardware/p7/authorized_sequence/p7_20260715_stationary_app_r40_diag_suffix55/003_p7_p6_frame_regression_m2/p7_preflight_result.txt,512,b9c7b51d551d7f0a98f48b8493aed82542ccd9993966f478228e655b31ebbe84
evidence/hardware/p7/authorized_sequence/p7_20260715_stationary_app_r40_diag_suffix55/003_p7_p6_frame_regression_m2/p7_shutdown_after.stderr.log,0,e3b0c44298fc1c149afbf4c8996fb92427ae41e4649b934ca495991b7852b855
evidence/hardware/p7/authorized_sequence/p7_20260715_stationary_app_r40_diag_suffix55/003_p7_p6_frame_regression_m2/p7_shutdown_after.stdout.log,37949,9815b9e1a71af023150529817ab6e3e62b80e11f5ac2302c76d6f18e7206cd76
evidence/hardware/p7/authorized_sequence/p7_20260715_stationary_app_r40_diag_suffix55/003_p7_p6_frame_regression_m2/p7_shutdown_after_result.txt,502,62eead448d3068ae04c7bebe1865f869f7bd1acf19e8444187efe698654a9a96
evidence/hardware/p7/authorized_sequence/p7_20260715_stationary_app_r40_diag_suffix55/003_p7_p6_frame_regression_m2/p7_shutdown_before.stderr.log,0,e3b0c44298fc1c149afbf4c8996fb92427ae41e4649b934ca495991b7852b855
evidence/hardware/p7/authorized_sequence/p7_20260715_stationary_app_r40_diag_suffix55/003_p7_p6_frame_regression_m2/p7_shutdown_before.stdout.log,37949,7fa5c4dd1c065c4540b86e7a8550fa52fb00c19950977b2acb6ccdfeff9299aa
evidence/hardware/p7/authorized_sequence/p7_20260715_stationary_app_r40_diag_suffix55/003_p7_p6_frame_regression_m2/p7_shutdown_before_result.txt,502,62eead448d3068ae04c7bebe1865f869f7bd1acf19e8444187efe698654a9a96
evidence/hardware/p7/authorized_sequence/p7_20260715_stationary_app_r40_diag_suffix55/004_p7_p6_frame_regression_m3/p7_jtag_axi_raw_result.txt,79495,0bb5b852eae1794324af244223f69900a38d88c56440b2f37bf532d90f14125a
evidence/hardware/p7/authorized_sequence/p7_20260715_stationary_app_r40_diag_suffix55/004_p7_p6_frame_regression_m3/p7_jtag_axi_stage.stderr.log,0,e3b0c44298fc1c149afbf4c8996fb92427ae41e4649b934ca495991b7852b855
evidence/hardware/p7/authorized_sequence/p7_20260715_stationary_app_r40_diag_suffix55/004_p7_p6_frame_regression_m3/p7_jtag_axi_stage.stdout.log,47447,c9c01a7857e7c15540a01d98b7c768bbae5aa20c6a9d28e34ddd114eddb5a777
evidence/hardware/p7/authorized_sequence/p7_20260715_stationary_app_r40_diag_suffix55/004_p7_p6_frame_regression_m3/p7_jtag_axi_stage_events.jsonl,1236,8585b710391e396cfac47777489bca9eeb800cd12143603492ff12dafe0533d6
evidence/hardware/p7/authorized_sequence/p7_20260715_stationary_app_r40_diag_suffix55/004_p7_p6_frame_regression_m3/p7_jtag_axi_stage_summary.json,359062,e4bfc60310101ca428125be7eb7408a2038038f701ae75347e50d95855381bf1
evidence/hardware/p7/authorized_sequence/p7_20260715_stationary_app_r40_diag_suffix55/004_p7_p6_frame_regression_m3/p7_jtag_backend_parse_summary.json,41858,87c0a894377b3e634eab2c04ff5853b0630eff074f8563f72b371556e48f33e6
evidence/hardware/p7/authorized_sequence/p7_20260715_stationary_app_r40_diag_suffix55/004_p7_p6_frame_regression_m3/p7_jtag_reassembled_output.bin,4096,43812ad6447f6d7cbd02439ca869aff553eda792fa799ab066242fdccebefa30
evidence/hardware/p7/authorized_sequence/p7_20260715_stationary_app_r40_diag_suffix55/004_p7_p6_frame_regression_m3/p7_preflight.stderr.log,0,e3b0c44298fc1c149afbf4c8996fb92427ae41e4649b934ca495991b7852b855
evidence/hardware/p7/authorized_sequence/p7_20260715_stationary_app_r40_diag_suffix55/004_p7_p6_frame_regression_m3/p7_preflight.stdout.log,9870,52df936345d3eacbff9e161a5239062718929a53bff9ea8e2fa03fa72276ec93
evidence/hardware/p7/authorized_sequence/p7_20260715_stationary_app_r40_diag_suffix55/004_p7_p6_frame_regression_m3/p7_preflight_result.txt,512,b9c7b51d551d7f0a98f48b8493aed82542ccd9993966f478228e655b31ebbe84
evidence/hardware/p7/authorized_sequence/p7_20260715_stationary_app_r40_diag_suffix55/004_p7_p6_frame_regression_m3/p7_shutdown_after.stderr.log,0,e3b0c44298fc1c149afbf4c8996fb92427ae41e4649b934ca495991b7852b855
evidence/hardware/p7/authorized_sequence/p7_20260715_stationary_app_r40_diag_suffix55/004_p7_p6_frame_regression_m3/p7_shutdown_after.stdout.log,37949,10d010a1c738ec04556f11913d61e6234d6cbaada367da2c4ab307be6cc4b953
evidence/hardware/p7/authorized_sequence/p7_20260715_stationary_app_r40_diag_suffix55/004_p7_p6_frame_regression_m3/p7_shutdown_after_result.txt,502,62eead448d3068ae04c7bebe1865f869f7bd1acf19e8444187efe698654a9a96
evidence/hardware/p7/authorized_sequence/p7_20260715_stationary_app_r40_diag_suffix55/004_p7_p6_frame_regression_m3/p7_shutdown_before.stderr.log,0,e3b0c44298fc1c149afbf4c8996fb92427ae41e4649b934ca495991b7852b855
evidence/hardware/p7/authorized_sequence/p7_20260715_stationary_app_r40_diag_suffix55/004_p7_p6_frame_regression_m3/p7_shutdown_before.stdout.log,37949,7a826234b441be53b577631a9999349e3fd0e374f11e7976810b9720019df39c
evidence/hardware/p7/authorized_sequence/p7_20260715_stationary_app_r40_diag_suffix55/004_p7_p6_frame_regression_m3/p7_shutdown_before_result.txt,502,62eead448d3068ae04c7bebe1865f869f7bd1acf19e8444187efe698654a9a96
evidence/hardware/p7/authorized_sequence/p7_20260715_stationary_app_r40_diag_suffix55/055_p7_large_jtag_64k_rr_prbs15/p7_jtag_axi_raw_result.txt,1236168,9069cdd28a7828daebf929edc497292779a013527d106d417382ac3379e88cf2
evidence/hardware/p7/authorized_sequence/p7_20260715_stationary_app_r40_diag_suffix55/055_p7_large_jtag_64k_rr_prbs15/p7_jtag_axi_stage.stderr.log,0,e3b0c44298fc1c149afbf4c8996fb92427ae41e4649b934ca495991b7852b855
evidence/hardware/p7/authorized_sequence/p7_20260715_stationary_app_r40_diag_suffix55/055_p7_large_jtag_64k_rr_prbs15/p7_jtag_axi_stage.stdout.log,47448,6d83a0c6482218d3ba45aba81371ff522d6391ea4b901d7b63e9adf23cbed6ae
evidence/hardware/p7/authorized_sequence/p7_20260715_stationary_app_r40_diag_suffix55/055_p7_large_jtag_64k_rr_prbs15/p7_jtag_axi_stage_events.jsonl,1238,ced990814782bc1ca8760013c7bb818bb8687c83a920a9106be7442d5d8b3b20
evidence/hardware/p7/authorized_sequence/p7_20260715_stationary_app_r40_diag_suffix55/055_p7_large_jtag_64k_rr_prbs15/p7_jtag_axi_stage_summary.json,4503009,7f9af737a97e8cf3ebffdfaa742b1c985168c0dabe6dfb282492a6e3387c394c
evidence/hardware/p7/authorized_sequence/p7_20260715_stationary_app_r40_diag_suffix55/055_p7_large_jtag_64k_rr_prbs15/p7_jtag_backend_parse_summary.json,602527,7bee1063c0c050fe826f0712768a364033e2ae12159a05855ac4a9cddb967a1b
evidence/hardware/p7/authorized_sequence/p7_20260715_stationary_app_r40_diag_suffix55/055_p7_large_jtag_64k_rr_prbs15/p7_jtag_reassembled_output.bin,65536,ca45ccdf9f0c2be72656e6414cd71ae407b860df22830092d92fb0dbf1a0f1eb
evidence/hardware/p7/authorized_sequence/p7_20260715_stationary_app_r40_diag_suffix55/055_p7_large_jtag_64k_rr_prbs15/p7_preflight.stderr.log,0,e3b0c44298fc1c149afbf4c8996fb92427ae41e4649b934ca495991b7852b855
evidence/hardware/p7/authorized_sequence/p7_20260715_stationary_app_r40_diag_suffix55/055_p7_large_jtag_64k_rr_prbs15/p7_preflight.stdout.log,9870,958789154f6c7e3b563a2613e8b39188cf14f2be603d88695297c6441d790bb9
evidence/hardware/p7/authorized_sequence/p7_20260715_stationary_app_r40_diag_suffix55/055_p7_large_jtag_64k_rr_prbs15/p7_preflight_result.txt,512,b9c7b51d551d7f0a98f48b8493aed82542ccd9993966f478228e655b31ebbe84
evidence/hardware/p7/authorized_sequence/p7_20260715_stationary_app_r40_diag_suffix55/055_p7_large_jtag_64k_rr_prbs15/p7_shutdown_after.stderr.log,0,e3b0c44298fc1c149afbf4c8996fb92427ae41e4649b934ca495991b7852b855
evidence/hardware/p7/authorized_sequence/p7_20260715_stationary_app_r40_diag_suffix55/055_p7_large_jtag_64k_rr_prbs15/p7_shutdown_after.stdout.log,37949,d5e0c9529cb7a34249d6ec36745900dd3889c133c4e20c894a5b93dc3c301a0f
evidence/hardware/p7/authorized_sequence/p7_20260715_stationary_app_r40_diag_suffix55/055_p7_large_jtag_64k_rr_prbs15/p7_shutdown_after_result.txt,502,62eead448d3068ae04c7bebe1865f869f7bd1acf19e8444187efe698654a9a96
evidence/hardware/p7/authorized_sequence/p7_20260715_stationary_app_r40_diag_suffix55/055_p7_large_jtag_64k_rr_prbs15/p7_shutdown_before.stderr.log,0,e3b0c44298fc1c149afbf4c8996fb92427ae41e4649b934ca495991b7852b855
evidence/hardware/p7/authorized_sequence/p7_20260715_stationary_app_r40_diag_suffix55/055_p7_large_jtag_64k_rr_prbs15/p7_shutdown_before.stdout.log,37949,3a501bba9ab211dd034377e49cc8027e3e661024ba5f20a8553a6fdd3279576a
evidence/hardware/p7/authorized_sequence/p7_20260715_stationary_app_r40_diag_suffix55/055_p7_large_jtag_64k_rr_prbs15/p7_shutdown_before_result.txt,502,62eead448d3068ae04c7bebe1865f869f7bd1acf19e8444187efe698654a9a96
evidence/hardware/p7/authorized_sequence/p7_20260715_stationary_app_r40_diag_suffix55/056_p7_large_jtag_64k_rr_random/p7_jtag_axi_raw_result.txt,1236168,26ad682cb58e10ba94483e8b1688b1aaec75346cb61c79efd32f7fa2b0ac01f3
evidence/hardware/p7/authorized_sequence/p7_20260715_stationary_app_r40_diag_suffix55/056_p7_large_jtag_64k_rr_random/p7_jtag_axi_stage.stderr.log,0,e3b0c44298fc1c149afbf4c8996fb92427ae41e4649b934ca495991b7852b855
evidence/hardware/p7/authorized_sequence/p7_20260715_stationary_app_r40_diag_suffix55/056_p7_large_jtag_64k_rr_random/p7_jtag_axi_stage.stdout.log,47448,dda03595d44abbd4906210b36a199b0214a5ff3b3634d1d8f65651d7ee772ed7
evidence/hardware/p7/authorized_sequence/p7_20260715_stationary_app_r40_diag_suffix55/056_p7_large_jtag_64k_rr_random/p7_jtag_axi_stage_events.jsonl,1238,b6ae33852d3f5936c976ca37ecf50c2df479c7c90a2a954ba26ce88efd916de4
evidence/hardware/p7/authorized_sequence/p7_20260715_stationary_app_r40_diag_suffix55/056_p7_large_jtag_64k_rr_random/p7_jtag_axi_stage_summary.json,4503004,03deed3fa37f5bad878d6c813f563e234579a17040e3030b6d1f9f785fefcf4b
evidence/hardware/p7/authorized_sequence/p7_20260715_stationary_app_r40_diag_suffix55/056_p7_large_jtag_64k_rr_random/p7_jtag_backend_parse_summary.json,602532,05a03c9a06c1d45243021867205765464ec1b14fd1b6240afd1c281a4dd3219e
evidence/hardware/p7/authorized_sequence/p7_20260715_stationary_app_r40_diag_suffix55/056_p7_large_jtag_64k_rr_random/p7_jtag_reassembled_output.bin,65536,ca1a191acfd778bc9609a3d9c88d7ff52b710af06ce7cbf8ff98999680deead7
evidence/hardware/p7/authorized_sequence/p7_20260715_stationary_app_r40_diag_suffix55/056_p7_large_jtag_64k_rr_random/p7_preflight.stderr.log,0,e3b0c44298fc1c149afbf4c8996fb92427ae41e4649b934ca495991b7852b855
evidence/hardware/p7/authorized_sequence/p7_20260715_stationary_app_r40_diag_suffix55/056_p7_large_jtag_64k_rr_random/p7_preflight.stdout.log,9870,537bb00d7514d3cfbbdf564078c5cff3aa1c49c608799b3adfea7ccad1dbe87d
evidence/hardware/p7/authorized_sequence/p7_20260715_stationary_app_r40_diag_suffix55/056_p7_large_jtag_64k_rr_random/p7_preflight_result.txt,512,b9c7b51d551d7f0a98f48b8493aed82542ccd9993966f478228e655b31ebbe84
evidence/hardware/p7/authorized_sequence/p7_20260715_stationary_app_r40_diag_suffix55/056_p7_large_jtag_64k_rr_random/p7_shutdown_after.stderr.log,0,e3b0c44298fc1c149afbf4c8996fb92427ae41e4649b934ca495991b7852b855
evidence/hardware/p7/authorized_sequence/p7_20260715_stationary_app_r40_diag_suffix55/056_p7_large_jtag_64k_rr_random/p7_shutdown_after.stdout.log,37949,e32dba25225fb3b43298346de1d5747a6cb04cffc2b2cefed9483b8ba02deabc
evidence/hardware/p7/authorized_sequence/p7_20260715_stationary_app_r40_diag_suffix55/056_p7_large_jtag_64k_rr_random/p7_shutdown_after_result.txt,502,62eead448d3068ae04c7bebe1865f869f7bd1acf19e8444187efe698654a9a96
evidence/hardware/p7/authorized_sequence/p7_20260715_stationary_app_r40_diag_suffix55/056_p7_large_jtag_64k_rr_random/p7_shutdown_before.stderr.log,0,e3b0c44298fc1c149afbf4c8996fb92427ae41e4649b934ca495991b7852b855
evidence/hardware/p7/authorized_sequence/p7_20260715_stationary_app_r40_diag_suffix55/056_p7_large_jtag_64k_rr_random/p7_shutdown_before.stdout.log,37949,eafb98b32c5b2631588a74002900007599f6b3cb37aef070d743c26fe2a7bcc3
evidence/hardware/p7/authorized_sequence/p7_20260715_stationary_app_r40_diag_suffix55/056_p7_large_jtag_64k_rr_random/p7_shutdown_before_result.txt,502,62eead448d3068ae04c7bebe1865f869f7bd1acf19e8444187efe698654a9a96
evidence/hardware/p7/authorized_sequence/p7_20260715_stationary_app_r40_diag_suffix55/057_p7_large_jtag_64k_rr_all_bytes/p7_jtag_axi_raw_result.txt,1236168,7ed3c5425ad7128705315f2676eb038aa1d3f184a1981e76d60f9013b1b994a3
evidence/hardware/p7/authorized_sequence/p7_20260715_stationary_app_r40_diag_suffix55/057_p7_large_jtag_64k_rr_all_bytes/p7_jtag_axi_stage.stderr.log,0,e3b0c44298fc1c149afbf4c8996fb92427ae41e4649b934ca495991b7852b855
evidence/hardware/p7/authorized_sequence/p7_20260715_stationary_app_r40_diag_suffix55/057_p7_large_jtag_64k_rr_all_bytes/p7_jtag_axi_stage.stdout.log,47448,a1e56386f20b1f965e93c1ac22c4477e4898c375608cdb97503394749f0e4561
evidence/hardware/p7/authorized_sequence/p7_20260715_stationary_app_r40_diag_suffix55/057_p7_large_jtag_64k_rr_all_bytes/p7_jtag_axi_stage_events.jsonl,1241,09d3e2f281ffb72dde9e8b75afb0cc6b1e1c400bff093f656a06fe47a0b8a10d
evidence/hardware/p7/authorized_sequence/p7_20260715_stationary_app_r40_diag_suffix55/057_p7_large_jtag_64k_rr_all_bytes/p7_jtag_axi_stage_summary.json,4503281,4069d669b192949fff95fb43e0ff76ccc038f8ebebbfd1c7f317a7b73a4cc018
evidence/hardware/p7/authorized_sequence/p7_20260715_stationary_app_r40_diag_suffix55/057_p7_large_jtag_64k_rr_all_bytes/p7_jtag_backend_parse_summary.json,602535,6040c108adb653d720d9999898e16d8b03b972127cf4e9e760195cca5d6de014
evidence/hardware/p7/authorized_sequence/p7_20260715_stationary_app_r40_diag_suffix55/057_p7_large_jtag_64k_rr_all_bytes/p7_jtag_reassembled_output.bin,65536,7daca2095d0438260fa849183dfc67faa459fdf4936e1bc91eec6b281b27e4c2
evidence/hardware/p7/authorized_sequence/p7_20260715_stationary_app_r40_diag_suffix55/057_p7_large_jtag_64k_rr_all_bytes/p7_preflight.stderr.log,0,e3b0c44298fc1c149afbf4c8996fb92427ae41e4649b934ca495991b7852b855
evidence/hardware/p7/authorized_sequence/p7_20260715_stationary_app_r40_diag_suffix55/057_p7_large_jtag_64k_rr_all_bytes/p7_preflight.stdout.log,9870,469445d86bb31617e15861ea2851a413c08ea23e61284e78c7faf556bee225ff
evidence/hardware/p7/authorized_sequence/p7_20260715_stationary_app_r40_diag_suffix55/057_p7_large_jtag_64k_rr_all_bytes/p7_preflight_result.txt,512,b9c7b51d551d7f0a98f48b8493aed82542ccd9993966f478228e655b31ebbe84
evidence/hardware/p7/authorized_sequence/p7_20260715_stationary_app_r40_diag_suffix55/057_p7_large_jtag_64k_rr_all_bytes/p7_shutdown_after.stderr.log,0,e3b0c44298fc1c149afbf4c8996fb92427ae41e4649b934ca495991b7852b855
evidence/hardware/p7/authorized_sequence/p7_20260715_stationary_app_r40_diag_suffix55/057_p7_large_jtag_64k_rr_all_bytes/p7_shutdown_after.stdout.log,37949,8cccdf5334c29a6bf256b3c4b80880b2bb649a3697158adadc2d8746ed855c53
evidence/hardware/p7/authorized_sequence/p7_20260715_stationary_app_r40_diag_suffix55/057_p7_large_jtag_64k_rr_all_bytes/p7_shutdown_after_result.txt,502,62eead448d3068ae04c7bebe1865f869f7bd1acf19e8444187efe698654a9a96
evidence/hardware/p7/authorized_sequence/p7_20260715_stationary_app_r40_diag_suffix55/057_p7_large_jtag_64k_rr_all_bytes/p7_shutdown_before.stderr.log,0,e3b0c44298fc1c149afbf4c8996fb92427ae41e4649b934ca495991b7852b855
evidence/hardware/p7/authorized_sequence/p7_20260715_stationary_app_r40_diag_suffix55/057_p7_large_jtag_64k_rr_all_bytes/p7_shutdown_before.stdout.log,37949,58f913c3e0863e94ca818ec8b4b77d9f7ad4f2e76fe227cfeb862375eb6face6
evidence/hardware/p7/authorized_sequence/p7_20260715_stationary_app_r40_diag_suffix55/057_p7_large_jtag_64k_rr_all_bytes/p7_shutdown_before_result.txt,502,62eead448d3068ae04c7bebe1865f869f7bd1acf19e8444187efe698654a9a96
evidence/hardware/p7/authorized_sequence/p7_20260715_stationary_app_r40_diag_suffix55/058_p7_large_jtag_1m_l0_random/p7_jtag_axi_raw_result.txt,19759409,814d72b31de8bda807ee0da1e2df7d41d457fcc8bb00734e1c38e16b770cd90d
evidence/hardware/p7/authorized_sequence/p7_20260715_stationary_app_r40_diag_suffix55/058_p7_large_jtag_1m_l0_random/p7_jtag_axi_stage.stderr.log,0,e3b0c44298fc1c149afbf4c8996fb92427ae41e4649b934ca495991b7852b855
evidence/hardware/p7/authorized_sequence/p7_20260715_stationary_app_r40_diag_suffix55/058_p7_large_jtag_1m_l0_random/p7_jtag_axi_stage.stdout.log,47450,8e6f440219c1466dfce8fe0d88af026ee36534461e6f03fa467f29d3f8aa9665
evidence/hardware/p7/authorized_sequence/p7_20260715_stationary_app_r40_diag_suffix55/058_p7_large_jtag_1m_l0_random/p7_jtag_axi_stage_events.jsonl,1237,1266e0fc599f159b7696856119ab8f4bea2249281431a7f6ae90a49c71549ae5
evidence/hardware/p7/authorized_sequence/p7_20260715_stationary_app_r40_diag_suffix55/058_p7_large_jtag_1m_l0_random/p7_jtag_axi_stage_summary.json,70859063,5e85a10463308919633ac1b4d84fc831d1a9e9383a7d375957f4e97f586c0de2
evidence/hardware/p7/authorized_sequence/p7_20260715_stationary_app_r40_diag_suffix55/058_p7_large_jtag_1m_l0_random/p7_jtag_backend_parse_summary.json,9619125,33aecdcad3563cea390fdc7936bf9cc474c2a7516c0fd730908f426b1a679e5d
evidence/hardware/p7/authorized_sequence/p7_20260715_stationary_app_r40_diag_suffix55/058_p7_large_jtag_1m_l0_random/p7_jtag_reassembled_output.bin,1048576,de7e28fb7ae8b57b4280dc13d61316442d564631d71caa52b28284929b0a8549
evidence/hardware/p7/authorized_sequence/p7_20260715_stationary_app_r40_diag_suffix55/058_p7_large_jtag_1m_l0_random/p7_preflight.stderr.log,0,e3b0c44298fc1c149afbf4c8996fb92427ae41e4649b934ca495991b7852b855
evidence/hardware/p7/authorized_sequence/p7_20260715_stationary_app_r40_diag_suffix55/058_p7_large_jtag_1m_l0_random/p7_preflight.stdout.log,9870,190e9bca54adcd3f01f66c2a5cbf26aaeb74aa2e2fbca011503ac90f8905f79e
evidence/hardware/p7/authorized_sequence/p7_20260715_stationary_app_r40_diag_suffix55/058_p7_large_jtag_1m_l0_random/p7_preflight_result.txt,512,b9c7b51d551d7f0a98f48b8493aed82542ccd9993966f478228e655b31ebbe84
evidence/hardware/p7/authorized_sequence/p7_20260715_stationary_app_r40_diag_suffix55/058_p7_large_jtag_1m_l0_random/p7_shutdown_after.stderr.log,0,e3b0c44298fc1c149afbf4c8996fb92427ae41e4649b934ca495991b7852b855
evidence/hardware/p7/authorized_sequence/p7_20260715_stationary_app_r40_diag_suffix55/058_p7_large_jtag_1m_l0_random/p7_shutdown_after.stdout.log,37949,ec7733dfb4b02d859b8b2b4e7f9d34c049d4ea8d84c58563225e9528d50ed539
evidence/hardware/p7/authorized_sequence/p7_20260715_stationary_app_r40_diag_suffix55/058_p7_large_jtag_1m_l0_random/p7_shutdown_after_result.txt,502,62eead448d3068ae04c7bebe1865f869f7bd1acf19e8444187efe698654a9a96
evidence/hardware/p7/authorized_sequence/p7_20260715_stationary_app_r40_diag_suffix55/058_p7_large_jtag_1m_l0_random/p7_shutdown_before.stderr.log,0,e3b0c44298fc1c149afbf4c8996fb92427ae41e4649b934ca495991b7852b855
evidence/hardware/p7/authorized_sequence/p7_20260715_stationary_app_r40_diag_suffix55/058_p7_large_jtag_1m_l0_random/p7_shutdown_before.stdout.log,37949,db3abea925a063a5331f5d21a597ca3bc1a6bea3f85f602d00d2cd3e76875e1a
evidence/hardware/p7/authorized_sequence/p7_20260715_stationary_app_r40_diag_suffix55/058_p7_large_jtag_1m_l0_random/p7_shutdown_before_result.txt,502,62eead448d3068ae04c7bebe1865f869f7bd1acf19e8444187efe698654a9a96
evidence/hardware/p7/authorized_sequence/p7_20260715_stationary_app_r40_diag_suffix55/059_p7_large_jtag_1m_l1_random/p7_jtag_axi_raw_result.txt,19759409,d675529cc9bdc125d33d03bcae1400c384f479b9bc6d40833ab63ca656ad1144
evidence/hardware/p7/authorized_sequence/p7_20260715_stationary_app_r40_diag_suffix55/059_p7_large_jtag_1m_l1_random/p7_jtag_axi_stage.stderr.log,0,e3b0c44298fc1c149afbf4c8996fb92427ae41e4649b934ca495991b7852b855
evidence/hardware/p7/authorized_sequence/p7_20260715_stationary_app_r40_diag_suffix55/059_p7_large_jtag_1m_l1_random/p7_jtag_axi_stage.stdout.log,47450,81a29aeb455f17687af5e60e37a45f2a3309e0116e62e2f5cc6b6ae9aee291fb
evidence/hardware/p7/authorized_sequence/p7_20260715_stationary_app_r40_diag_suffix55/059_p7_large_jtag_1m_l1_random/p7_jtag_axi_stage_events.jsonl,1237,a6f31d46b729f98c2d22148349c6b4ec9a8c4d0f9b031b4c6e81f023efaec1f8
evidence/hardware/p7/authorized_sequence/p7_20260715_stationary_app_r40_diag_suffix55/059_p7_large_jtag_1m_l1_random/p7_jtag_axi_stage_summary.json,70859161,dedcf53d2667ab6fcf0c3ba5f76d6e55b20947341d034701918dd10294568c8b
evidence/hardware/p7/authorized_sequence/p7_20260715_stationary_app_r40_diag_suffix55/059_p7_large_jtag_1m_l1_random/p7_jtag_backend_parse_summary.json,9619107,438328b46d6e17c698cff862da288079b2b7dbd5c9a3236320b499012871b74b
evidence/hardware/p7/authorized_sequence/p7_20260715_stationary_app_r40_diag_suffix55/059_p7_large_jtag_1m_l1_random/p7_jtag_reassembled_output.bin,1048576,92981a26065607345aece3ce7a4bf428997814425a847a5f374d564a955ef822
evidence/hardware/p7/authorized_sequence/p7_20260715_stationary_app_r40_diag_suffix55/059_p7_large_jtag_1m_l1_random/p7_preflight.stderr.log,0,e3b0c44298fc1c149afbf4c8996fb92427ae41e4649b934ca495991b7852b855
evidence/hardware/p7/authorized_sequence/p7_20260715_stationary_app_r40_diag_suffix55/059_p7_large_jtag_1m_l1_random/p7_preflight.stdout.log,9870,2b207637d836eb5f64b71567caf3f37f89ef53b47b0172b391b27c7f8e9b2d84
evidence/hardware/p7/authorized_sequence/p7_20260715_stationary_app_r40_diag_suffix55/059_p7_large_jtag_1m_l1_random/p7_preflight_result.txt,512,b9c7b51d551d7f0a98f48b8493aed82542ccd9993966f478228e655b31ebbe84
evidence/hardware/p7/authorized_sequence/p7_20260715_stationary_app_r40_diag_suffix55/059_p7_large_jtag_1m_l1_random/p7_shutdown_after.stderr.log,0,e3b0c44298fc1c149afbf4c8996fb92427ae41e4649b934ca495991b7852b855
evidence/hardware/p7/authorized_sequence/p7_20260715_stationary_app_r40_diag_suffix55/059_p7_large_jtag_1m_l1_random/p7_shutdown_after.stdout.log,37949,ba959dbf2add8ccfb2357e3786d1624dbc9476a0d33670ea664b610025a5e349
evidence/hardware/p7/authorized_sequence/p7_20260715_stationary_app_r40_diag_suffix55/059_p7_large_jtag_1m_l1_random/p7_shutdown_after_result.txt,502,62eead448d3068ae04c7bebe1865f869f7bd1acf19e8444187efe698654a9a96
evidence/hardware/p7/authorized_sequence/p7_20260715_stationary_app_r40_diag_suffix55/059_p7_large_jtag_1m_l1_random/p7_shutdown_before.stderr.log,0,e3b0c44298fc1c149afbf4c8996fb92427ae41e4649b934ca495991b7852b855
evidence/hardware/p7/authorized_sequence/p7_20260715_stationary_app_r40_diag_suffix55/059_p7_large_jtag_1m_l1_random/p7_shutdown_before.stdout.log,37949,8bdb8238d8e246eff39b137c329842123d0d216565b5f55fb82bd21b629f8020
evidence/hardware/p7/authorized_sequence/p7_20260715_stationary_app_r40_diag_suffix55/059_p7_large_jtag_1m_l1_random/p7_shutdown_before_result.txt,502,62eead448d3068ae04c7bebe1865f869f7bd1acf19e8444187efe698654a9a96
evidence/hardware/p7/authorized_sequence/p7_20260715_stationary_app_r40_diag_suffix55/060_p7_large_jtag_1m_rr_random/p7_jtag_axi_raw_result.txt,19759417,7db0f7a4c918fade5388b64da26764a0c75b78d68d7d057798f493b8b71d07a3
evidence/hardware/p7/authorized_sequence/p7_20260715_stationary_app_r40_diag_suffix55/060_p7_large_jtag_1m_rr_random/p7_jtag_axi_stage.stderr.log,0,e3b0c44298fc1c149afbf4c8996fb92427ae41e4649b934ca495991b7852b855
evidence/hardware/p7/authorized_sequence/p7_20260715_stationary_app_r40_diag_suffix55/060_p7_large_jtag_1m_rr_random/p7_jtag_axi_stage.stdout.log,47450,1d0b9569caeb409c4903d96a8342ee75c2c2be7b16d1d4525f98ec796746da08
evidence/hardware/p7/authorized_sequence/p7_20260715_stationary_app_r40_diag_suffix55/060_p7_large_jtag_1m_rr_random/p7_jtag_axi_stage_events.jsonl,1237,0dd0721bfc4fbeb67f4a217675375ff928101661096302306e6ed4f9215caec0
evidence/hardware/p7/authorized_sequence/p7_20260715_stationary_app_r40_diag_suffix55/060_p7_large_jtag_1m_rr_random/p7_jtag_axi_stage_summary.json,70859115,0277f5b0d9179c211bd87de6f43ea41ac5725694569743dd83e436d4dc4b8675
evidence/hardware/p7/authorized_sequence/p7_20260715_stationary_app_r40_diag_suffix55/060_p7_large_jtag_1m_rr_random/p7_jtag_backend_parse_summary.json,9630440,b977531a48a97c3bd699d65dbf06613044e9027817b9621e545703443f9c19e1
evidence/hardware/p7/authorized_sequence/p7_20260715_stationary_app_r40_diag_suffix55/060_p7_large_jtag_1m_rr_random/p7_jtag_reassembled_output.bin,1048576,847ff69ec3010814fe5af6530d426b620fae9988a6ea18fed1260b8f74ef4774
evidence/hardware/p7/authorized_sequence/p7_20260715_stationary_app_r40_diag_suffix55/060_p7_large_jtag_1m_rr_random/p7_preflight.stderr.log,0,e3b0c44298fc1c149afbf4c8996fb92427ae41e4649b934ca495991b7852b855
evidence/hardware/p7/authorized_sequence/p7_20260715_stationary_app_r40_diag_suffix55/060_p7_large_jtag_1m_rr_random/p7_preflight.stdout.log,9870,52476516f3bdea498232623d04b22f0648ae82a24b3868d234c1e4359775c049
evidence/hardware/p7/authorized_sequence/p7_20260715_stationary_app_r40_diag_suffix55/060_p7_large_jtag_1m_rr_random/p7_preflight_result.txt,512,b9c7b51d551d7f0a98f48b8493aed82542ccd9993966f478228e655b31ebbe84
evidence/hardware/p7/authorized_sequence/p7_20260715_stationary_app_r40_diag_suffix55/060_p7_large_jtag_1m_rr_random/p7_shutdown_after.stderr.log,0,e3b0c44298fc1c149afbf4c8996fb92427ae41e4649b934ca495991b7852b855
evidence/hardware/p7/authorized_sequence/p7_20260715_stationary_app_r40_diag_suffix55/060_p7_large_jtag_1m_rr_random/p7_shutdown_after.stdout.log,37949,f7d19107d39cbfc87addeb6d68f0aceb8f99064136e0a6ba18ceb091987f331e
evidence/hardware/p7/authorized_sequence/p7_20260715_stationary_app_r40_diag_suffix55/060_p7_large_jtag_1m_rr_random/p7_shutdown_after_result.txt,502,62eead448d3068ae04c7bebe1865f869f7bd1acf19e8444187efe698654a9a96
evidence/hardware/p7/authorized_sequence/p7_20260715_stationary_app_r40_diag_suffix55/060_p7_large_jtag_1m_rr_random/p7_shutdown_before.stderr.log,0,e3b0c44298fc1c149afbf4c8996fb92427ae41e4649b934ca495991b7852b855
evidence/hardware/p7/authorized_sequence/p7_20260715_stationary_app_r40_diag_suffix55/060_p7_large_jtag_1m_rr_random/p7_shutdown_before.stdout.log,37949,5ef961889bb94a2067c85015ec7cf806a49a9a2eda2c71b5569e218e2de05ec3
evidence/hardware/p7/authorized_sequence/p7_20260715_stationary_app_r40_diag_suffix55/060_p7_large_jtag_1m_rr_random/p7_shutdown_before_result.txt,502,62eead448d3068ae04c7bebe1865f869f7bd1acf19e8444187efe698654a9a96
evidence/hardware/p7/authorized_sequence/p7_20260715_stationary_app_r40_diag_suffix55/061_p7_large_jtag_1m_rep3_random/p7_jtag_axi_raw_result.txt,19759412,90205cdaaac7e44a6ecb1db7493af0db75528d8073dff572501d1462c1ec805a
evidence/hardware/p7/authorized_sequence/p7_20260715_stationary_app_r40_diag_suffix55/061_p7_large_jtag_1m_rep3_random/p7_jtag_axi_stage.stderr.log,0,e3b0c44298fc1c149afbf4c8996fb92427ae41e4649b934ca495991b7852b855
evidence/hardware/p7/authorized_sequence/p7_20260715_stationary_app_r40_diag_suffix55/061_p7_large_jtag_1m_rep3_random/p7_jtag_axi_stage.stdout.log,47450,1fa4d29fcf493b43665725baaa69d3c5c0d2638e9e20e434d51f8b782b786aa1
evidence/hardware/p7/authorized_sequence/p7_20260715_stationary_app_r40_diag_suffix55/061_p7_large_jtag_1m_rep3_random/p7_jtag_axi_stage_events.jsonl,1239,59ed3bee3dada3fdbd74d3e757eb16b9faf317b604443504b01e213a58aba8cc
evidence/hardware/p7/authorized_sequence/p7_20260715_stationary_app_r40_diag_suffix55/061_p7_large_jtag_1m_rep3_random/p7_jtag_axi_stage_summary.json,70859229,c559179d278e7cffaa43dd3dd9565b8343c510477f850fdebb477d9a53bebb4d
evidence/hardware/p7/authorized_sequence/p7_20260715_stationary_app_r40_diag_suffix55/061_p7_large_jtag_1m_rep3_random/p7_jtag_backend_parse_summary.json,9632606,12ed903d15357b6cb7ed6eb510e2cc5fb0f6b7a802a050d464868b0d23643382
evidence/hardware/p7/authorized_sequence/p7_20260715_stationary_app_r40_diag_suffix55/061_p7_large_jtag_1m_rep3_random/p7_jtag_reassembled_output.bin,1048576,70a2712e321d4cdafa35830e852c0f0187d629050093fa246a7244bf7d799034
evidence/hardware/p7/authorized_sequence/p7_20260715_stationary_app_r40_diag_suffix55/061_p7_large_jtag_1m_rep3_random/p7_preflight.stderr.log,0,e3b0c44298fc1c149afbf4c8996fb92427ae41e4649b934ca495991b7852b855
evidence/hardware/p7/authorized_sequence/p7_20260715_stationary_app_r40_diag_suffix55/061_p7_large_jtag_1m_rep3_random/p7_preflight.stdout.log,9870,fc8604f3e7a9514cfa429004c0a26f088fb4d3b9151f3c4c99504e438673070d
evidence/hardware/p7/authorized_sequence/p7_20260715_stationary_app_r40_diag_suffix55/061_p7_large_jtag_1m_rep3_random/p7_preflight_result.txt,512,b9c7b51d551d7f0a98f48b8493aed82542ccd9993966f478228e655b31ebbe84
evidence/hardware/p7/authorized_sequence/p7_20260715_stationary_app_r40_diag_suffix55/061_p7_large_jtag_1m_rep3_random/p7_shutdown_after.stderr.log,0,e3b0c44298fc1c149afbf4c8996fb92427ae41e4649b934ca495991b7852b855
evidence/hardware/p7/authorized_sequence/p7_20260715_stationary_app_r40_diag_suffix55/061_p7_large_jtag_1m_rep3_random/p7_shutdown_after.stdout.log,37949,0b46b765291afbbacf0d11076ada2aa92384f04ed3f6610d21999b38aa6301cf
evidence/hardware/p7/authorized_sequence/p7_20260715_stationary_app_r40_diag_suffix55/061_p7_large_jtag_1m_rep3_random/p7_shutdown_after_result.txt,502,62eead448d3068ae04c7bebe1865f869f7bd1acf19e8444187efe698654a9a96
evidence/hardware/p7/authorized_sequence/p7_20260715_stationary_app_r40_diag_suffix55/061_p7_large_jtag_1m_rep3_random/p7_shutdown_before.stderr.log,0,e3b0c44298fc1c149afbf4c8996fb92427ae41e4649b934ca495991b7852b855
evidence/hardware/p7/authorized_sequence/p7_20260715_stationary_app_r40_diag_suffix55/061_p7_large_jtag_1m_rep3_random/p7_shutdown_before.stdout.log,37949,44327a8feca3d38523b4e1b56289827234f4227ad37764759e64dd789ac52013
evidence/hardware/p7/authorized_sequence/p7_20260715_stationary_app_r40_diag_suffix55/061_p7_large_jtag_1m_rep3_random/p7_shutdown_before_result.txt,502,62eead448d3068ae04c7bebe1865f869f7bd1acf19e8444187efe698654a9a96
evidence/hardware/p7/authorized_sequence/p7_20260715_stationary_app_r40_diag_suffix55/062_p7_ps_functional/bundle/boundary_0_descriptor_free.bin,256,fb601dbe3b5810e5ab26813752896441a721a13a280fdbff25caf55e8a889328
evidence/hardware/p7/authorized_sequence/p7_20260715_stationary_app_r40_diag_suffix55/062_p7_ps_functional/bundle/boundary_0_descriptor_result.bin,256,b0e91d04f117d0561db9d8f2392e35953c0f0026d6c40049a8ea125c133b0075
evidence/hardware/p7/authorized_sequence/p7_20260715_stationary_app_r40_diag_suffix55/062_p7_ps_functional/bundle/boundary_0_input.bin,0,e3b0c44298fc1c149afbf4c8996fb92427ae41e4649b934ca495991b7852b855
evidence/hardware/p7/authorized_sequence/p7_20260715_stationary_app_r40_diag_suffix55/062_p7_ps_functional/bundle/boundary_0_output_result.bin,0,e3b0c44298fc1c149afbf4c8996fb92427ae41e4649b934ca495991b7852b855
evidence/hardware/p7/authorized_sequence/p7_20260715_stationary_app_r40_diag_suffix55/062_p7_ps_functional/bundle/boundary_0_output_zero.bin,0,e3b0c44298fc1c149afbf4c8996fb92427ae41e4649b934ca495991b7852b855
evidence/hardware/p7/authorized_sequence/p7_20260715_stationary_app_r40_diag_suffix55/062_p7_ps_functional/bundle/boundary_0_trace_result.bin,64,759ffc6ee37491a5296cbefe3b7895a61cead52570dc3a756ee251ba29ffcc6b
evidence/hardware/p7/authorized_sequence/p7_20260715_stationary_app_r40_diag_suffix55/062_p7_ps_functional/bundle/boundary_0_trace_zero.bin,64,f5a5fd42d16a20302798ef6ed309979b43003d2320d9f0e8ea9831a92759fb4b
evidence/hardware/p7/authorized_sequence/p7_20260715_stationary_app_r40_diag_suffix55/062_p7_ps_functional/bundle/boundary_10_descriptor_free.bin,256,29e965da745e73e78faab64b1595d141785724f12b134e7170a667a5087f73ce
evidence/hardware/p7/authorized_sequence/p7_20260715_stationary_app_r40_diag_suffix55/062_p7_ps_functional/bundle/boundary_10_descriptor_result.bin,256,3941bccea37cf862517ba45d6512e7cb4bda0ba85f1163929889ba91fc6996c3
evidence/hardware/p7/authorized_sequence/p7_20260715_stationary_app_r40_diag_suffix55/062_p7_ps_functional/bundle/boundary_10_input.bin,30,c219fa00d9243574ec85c6acb3b9b3333973edfb9b1d02df31c204353f62d09a
evidence/hardware/p7/authorized_sequence/p7_20260715_stationary_app_r40_diag_suffix55/062_p7_ps_functional/bundle/boundary_10_output_result.bin,30,c219fa00d9243574ec85c6acb3b9b3333973edfb9b1d02df31c204353f62d09a
evidence/hardware/p7/authorized_sequence/p7_20260715_stationary_app_r40_diag_suffix55/062_p7_ps_functional/bundle/boundary_10_output_zero.bin,30,3f602f0d44c26057387596e3793a79c92cf2cf3722b843f7fa30bd40f9bf0fb4
evidence/hardware/p7/authorized_sequence/p7_20260715_stationary_app_r40_diag_suffix55/062_p7_ps_functional/bundle/boundary_10_trace_result.bin,64,46ab01e70c20f282de931ec0e692b08fb16d1b7042d37ea7c7657ef8badbdb64
evidence/hardware/p7/authorized_sequence/p7_20260715_stationary_app_r40_diag_suffix55/062_p7_ps_functional/bundle/boundary_10_trace_zero.bin,64,f5a5fd42d16a20302798ef6ed309979b43003d2320d9f0e8ea9831a92759fb4b
evidence/hardware/p7/authorized_sequence/p7_20260715_stationary_app_r40_diag_suffix55/062_p7_ps_functional/bundle/boundary_11_descriptor_free.bin,256,06c1bbf2427971ecbf0b3caf43e46479e48d43c061a45839e879c6a0ad7b01e8
evidence/hardware/p7/authorized_sequence/p7_20260715_stationary_app_r40_diag_suffix55/062_p7_ps_functional/bundle/boundary_11_descriptor_result.bin,256,6c7fdc6322ed478faee636a651f0dd3dc2c805735446ad934875af028e984612
evidence/hardware/p7/authorized_sequence/p7_20260715_stationary_app_r40_diag_suffix55/062_p7_ps_functional/bundle/boundary_11_input.bin,30,2f22818bd5546ef0da3760511360ee433c646d2322ec9aa7361f02b1e1bfde04
evidence/hardware/p7/authorized_sequence/p7_20260715_stationary_app_r40_diag_suffix55/062_p7_ps_functional/bundle/boundary_11_output_result.bin,30,2f22818bd5546ef0da3760511360ee433c646d2322ec9aa7361f02b1e1bfde04
evidence/hardware/p7/authorized_sequence/p7_20260715_stationary_app_r40_diag_suffix55/062_p7_ps_functional/bundle/boundary_11_output_zero.bin,30,3f602f0d44c26057387596e3793a79c92cf2cf3722b843f7fa30bd40f9bf0fb4
evidence/hardware/p7/authorized_sequence/p7_20260715_stationary_app_r40_diag_suffix55/062_p7_ps_functional/bundle/boundary_11_trace_result.bin,64,b86a1264779c4b9d39e3b4972a0b2b506678437eaaad879b386c478886cd9034
evidence/hardware/p7/authorized_sequence/p7_20260715_stationary_app_r40_diag_suffix55/062_p7_ps_functional/bundle/boundary_11_trace_zero.bin,64,f5a5fd42d16a20302798ef6ed309979b43003d2320d9f0e8ea9831a92759fb4b
evidence/hardware/p7/authorized_sequence/p7_20260715_stationary_app_r40_diag_suffix55/062_p7_ps_functional/bundle/boundary_12_descriptor_free.bin,256,74a66aef9fa7a5996ad22ca6c018933f4844de1e8d0045e9a1f6025715f978d6
evidence/hardware/p7/authorized_sequence/p7_20260715_stationary_app_r40_diag_suffix55/062_p7_ps_functional/bundle/boundary_12_descriptor_result.bin,256,ccf0b4416b554b480cbab2ae9ab0ef94e639e7627e2a7953f13ace286b49ae9a
evidence/hardware/p7/authorized_sequence/p7_20260715_stationary_app_r40_diag_suffix55/062_p7_ps_functional/bundle/boundary_12_input.bin,214,dedff2184de121c60ec94c4cb94a0450cac47257c56afa8f2e11c5f64d3dd661
evidence/hardware/p7/authorized_sequence/p7_20260715_stationary_app_r40_diag_suffix55/062_p7_ps_functional/bundle/boundary_12_output_result.bin,214,dedff2184de121c60ec94c4cb94a0450cac47257c56afa8f2e11c5f64d3dd661
evidence/hardware/p7/authorized_sequence/p7_20260715_stationary_app_r40_diag_suffix55/062_p7_ps_functional/bundle/boundary_12_output_zero.bin,214,534037ed934f66e5a1f5bd86defc13975fba96e4689a84dbacb00187ec6d37e2
evidence/hardware/p7/authorized_sequence/p7_20260715_stationary_app_r40_diag_suffix55/062_p7_ps_functional/bundle/boundary_12_trace_result.bin,64,65bc596f7e48a99963776e6d8e762182054cf379078ef325ce62586dfc468eca
evidence/hardware/p7/authorized_sequence/p7_20260715_stationary_app_r40_diag_suffix55/062_p7_ps_functional/bundle/boundary_12_trace_zero.bin,64,f5a5fd42d16a20302798ef6ed309979b43003d2320d9f0e8ea9831a92759fb4b
evidence/hardware/p7/authorized_sequence/p7_20260715_stationary_app_r40_diag_suffix55/062_p7_ps_functional/bundle/boundary_13_descriptor_free.bin,256,1500c9e697be7bba8b154d52d2b2c86dc5ccaf9481ff596deccc3390241e552b
evidence/hardware/p7/authorized_sequence/p7_20260715_stationary_app_r40_diag_suffix55/062_p7_ps_functional/bundle/boundary_13_descriptor_result.bin,256,4284e0167ed6dce047fa2e50d40cf14a455182b756cb87fd4b8681e373a075f0
evidence/hardware/p7/authorized_sequence/p7_20260715_stationary_app_r40_diag_suffix55/062_p7_ps_functional/bundle/boundary_13_input.bin,214,dedff2184de121c60ec94c4cb94a0450cac47257c56afa8f2e11c5f64d3dd661
evidence/hardware/p7/authorized_sequence/p7_20260715_stationary_app_r40_diag_suffix55/062_p7_ps_functional/bundle/boundary_13_output_result.bin,214,dedff2184de121c60ec94c4cb94a0450cac47257c56afa8f2e11c5f64d3dd661
evidence/hardware/p7/authorized_sequence/p7_20260715_stationary_app_r40_diag_suffix55/062_p7_ps_functional/bundle/boundary_13_output_zero.bin,214,534037ed934f66e5a1f5bd86defc13975fba96e4689a84dbacb00187ec6d37e2
evidence/hardware/p7/authorized_sequence/p7_20260715_stationary_app_r40_diag_suffix55/062_p7_ps_functional/bundle/boundary_13_trace_result.bin,64,aeaf836518d345be4125dc7c6608f5e745e7a6ef8d6d226da1eefd6894ec7eba
evidence/hardware/p7/authorized_sequence/p7_20260715_stationary_app_r40_diag_suffix55/062_p7_ps_functional/bundle/boundary_13_trace_zero.bin,64,f5a5fd42d16a20302798ef6ed309979b43003d2320d9f0e8ea9831a92759fb4b
evidence/hardware/p7/authorized_sequence/p7_20260715_stationary_app_r40_diag_suffix55/062_p7_ps_functional/bundle/boundary_14_descriptor_free.bin,256,99269faeb882a955ebfb2905586f3b1f772ef6b60304a6579d4805e134ae886b
evidence/hardware/p7/authorized_sequence/p7_20260715_stationary_app_r40_diag_suffix55/062_p7_ps_functional/bundle/boundary_14_descriptor_result.bin,256,bf68a893e6143c3fae1ce9396285d5403abe19b9f74627c6d54f33f13d07c7df
evidence/hardware/p7/authorized_sequence/p7_20260715_stationary_app_r40_diag_suffix55/062_p7_ps_functional/bundle/boundary_14_input.bin,214,dedff2184de121c60ec94c4cb94a0450cac47257c56afa8f2e11c5f64d3dd661
evidence/hardware/p7/authorized_sequence/p7_20260715_stationary_app_r40_diag_suffix55/062_p7_ps_functional/bundle/boundary_14_output_result.bin,214,dedff2184de121c60ec94c4cb94a0450cac47257c56afa8f2e11c5f64d3dd661
evidence/hardware/p7/authorized_sequence/p7_20260715_stationary_app_r40_diag_suffix55/062_p7_ps_functional/bundle/boundary_14_output_zero.bin,214,534037ed934f66e5a1f5bd86defc13975fba96e4689a84dbacb00187ec6d37e2
evidence/hardware/p7/authorized_sequence/p7_20260715_stationary_app_r40_diag_suffix55/062_p7_ps_functional/bundle/boundary_14_trace_result.bin,64,7ceeeb32801a67a76b2460e7570f83394bc04eeaf4756f86d1fb0c1aea1aa87a
evidence/hardware/p7/authorized_sequence/p7_20260715_stationary_app_r40_diag_suffix55/062_p7_ps_functional/bundle/boundary_14_trace_zero.bin,64,f5a5fd42d16a20302798ef6ed309979b43003d2320d9f0e8ea9831a92759fb4b
evidence/hardware/p7/authorized_sequence/p7_20260715_stationary_app_r40_diag_suffix55/062_p7_ps_functional/bundle/boundary_15_descriptor_free.bin,256,cf9b454c0081950441fe998f7fed2b12a969c2792aa57fa62fcd7969c43f6a41
evidence/hardware/p7/authorized_sequence/p7_20260715_stationary_app_r40_diag_suffix55/062_p7_ps_functional/bundle/boundary_15_descriptor_result.bin,256,55bd81be6a8aed3b46370e9429209960af423a90606c8c9cb676294047887898
evidence/hardware/p7/authorized_sequence/p7_20260715_stationary_app_r40_diag_suffix55/062_p7_ps_functional/bundle/boundary_15_input.bin,214,dedff2184de121c60ec94c4cb94a0450cac47257c56afa8f2e11c5f64d3dd661
evidence/hardware/p7/authorized_sequence/p7_20260715_stationary_app_r40_diag_suffix55/062_p7_ps_functional/bundle/boundary_15_output_result.bin,214,dedff2184de121c60ec94c4cb94a0450cac47257c56afa8f2e11c5f64d3dd661
evidence/hardware/p7/authorized_sequence/p7_20260715_stationary_app_r40_diag_suffix55/062_p7_ps_functional/bundle/boundary_15_output_zero.bin,214,534037ed934f66e5a1f5bd86defc13975fba96e4689a84dbacb00187ec6d37e2
evidence/hardware/p7/authorized_sequence/p7_20260715_stationary_app_r40_diag_suffix55/062_p7_ps_functional/bundle/boundary_15_trace_result.bin,64,3396f2fd7ae57aa1f7a87c5704b384b3f465e7abbeff96c86166b1131b3a449f
evidence/hardware/p7/authorized_sequence/p7_20260715_stationary_app_r40_diag_suffix55/062_p7_ps_functional/bundle/boundary_15_trace_zero.bin,64,f5a5fd42d16a20302798ef6ed309979b43003d2320d9f0e8ea9831a92759fb4b
evidence/hardware/p7/authorized_sequence/p7_20260715_stationary_app_r40_diag_suffix55/062_p7_ps_functional/bundle/boundary_16_descriptor_free.bin,256,87c0ddf2d897a2684dd7ef6e278ced0d13e040115760f8f252c584fcd85158b3
evidence/hardware/p7/authorized_sequence/p7_20260715_stationary_app_r40_diag_suffix55/062_p7_ps_functional/bundle/boundary_16_descriptor_result.bin,256,424de434983416e9a5743eb28fa8cba5237054f8685ad2339e9521ab05168d9b
evidence/hardware/p7/authorized_sequence/p7_20260715_stationary_app_r40_diag_suffix55/062_p7_ps_functional/bundle/boundary_16_input.bin,215,1d64137df721078b35bdc1a3595a73cebcbe49865fb308c78791540d1d349cd7
evidence/hardware/p7/authorized_sequence/p7_20260715_stationary_app_r40_diag_suffix55/062_p7_ps_functional/bundle/boundary_16_output_result.bin,215,1d64137df721078b35bdc1a3595a73cebcbe49865fb308c78791540d1d349cd7
evidence/hardware/p7/authorized_sequence/p7_20260715_stationary_app_r40_diag_suffix55/062_p7_ps_functional/bundle/boundary_16_output_zero.bin,215,a827967bfa8b932d1dd9b5aea3c605e4e586353ee29171664c55427a11c703da
evidence/hardware/p7/authorized_sequence/p7_20260715_stationary_app_r40_diag_suffix55/062_p7_ps_functional/bundle/boundary_16_trace_result.bin,64,c63afcc3066ac03160e20dd887258271b06eb8b0d0c6e9d7f64b36a07c5c4512
evidence/hardware/p7/authorized_sequence/p7_20260715_stationary_app_r40_diag_suffix55/062_p7_ps_functional/bundle/boundary_16_trace_zero.bin,64,f5a5fd42d16a20302798ef6ed309979b43003d2320d9f0e8ea9831a92759fb4b
evidence/hardware/p7/authorized_sequence/p7_20260715_stationary_app_r40_diag_suffix55/062_p7_ps_functional/bundle/boundary_17_descriptor_free.bin,256,3a5b49f96aff9671bded62334df2445a1a8a386d963d158470e5efe708ea41aa
evidence/hardware/p7/authorized_sequence/p7_20260715_stationary_app_r40_diag_suffix55/062_p7_ps_functional/bundle/boundary_17_descriptor_result.bin,256,eebd89bf539464ae1f66788785a8a80ddcf2e701abd54d360a4b138dd82c5347
evidence/hardware/p7/authorized_sequence/p7_20260715_stationary_app_r40_diag_suffix55/062_p7_ps_functional/bundle/boundary_17_input.bin,215,1d64137df721078b35bdc1a3595a73cebcbe49865fb308c78791540d1d349cd7
evidence/hardware/p7/authorized_sequence/p7_20260715_stationary_app_r40_diag_suffix55/062_p7_ps_functional/bundle/boundary_17_output_result.bin,215,1d64137df721078b35bdc1a3595a73cebcbe49865fb308c78791540d1d349cd7
evidence/hardware/p7/authorized_sequence/p7_20260715_stationary_app_r40_diag_suffix55/062_p7_ps_functional/bundle/boundary_17_output_zero.bin,215,a827967bfa8b932d1dd9b5aea3c605e4e586353ee29171664c55427a11c703da
evidence/hardware/p7/authorized_sequence/p7_20260715_stationary_app_r40_diag_suffix55/062_p7_ps_functional/bundle/boundary_17_trace_result.bin,64,c1cedbf57a84d83ccd9aaa8b56b7580d4bf537b5ca78e564bd4957d978abd3fa
evidence/hardware/p7/authorized_sequence/p7_20260715_stationary_app_r40_diag_suffix55/062_p7_ps_functional/bundle/boundary_17_trace_zero.bin,64,f5a5fd42d16a20302798ef6ed309979b43003d2320d9f0e8ea9831a92759fb4b
evidence/hardware/p7/authorized_sequence/p7_20260715_stationary_app_r40_diag_suffix55/062_p7_ps_functional/bundle/boundary_18_descriptor_free.bin,256,947b03de3562731e442ed709a2f3d4d7049709762ef46233d5093ca07ed86de5
evidence/hardware/p7/authorized_sequence/p7_20260715_stationary_app_r40_diag_suffix55/062_p7_ps_functional/bundle/boundary_18_descriptor_result.bin,256,d906431174d46904033ebde35e1f8c28697c99e17c6c5c6fedbf04a2a8168f83
evidence/hardware/p7/authorized_sequence/p7_20260715_stationary_app_r40_diag_suffix55/062_p7_ps_functional/bundle/boundary_18_input.bin,215,1d64137df721078b35bdc1a3595a73cebcbe49865fb308c78791540d1d349cd7
evidence/hardware/p7/authorized_sequence/p7_20260715_stationary_app_r40_diag_suffix55/062_p7_ps_functional/bundle/boundary_18_output_result.bin,215,1d64137df721078b35bdc1a3595a73cebcbe49865fb308c78791540d1d349cd7
evidence/hardware/p7/authorized_sequence/p7_20260715_stationary_app_r40_diag_suffix55/062_p7_ps_functional/bundle/boundary_18_output_zero.bin,215,a827967bfa8b932d1dd9b5aea3c605e4e586353ee29171664c55427a11c703da
evidence/hardware/p7/authorized_sequence/p7_20260715_stationary_app_r40_diag_suffix55/062_p7_ps_functional/bundle/boundary_18_trace_result.bin,64,870d3f54b2073251619c42b5df60329e1ba359d5ff49a9e3dc6dfa54427f5a86
evidence/hardware/p7/authorized_sequence/p7_20260715_stationary_app_r40_diag_suffix55/062_p7_ps_functional/bundle/boundary_18_trace_zero.bin,64,f5a5fd42d16a20302798ef6ed309979b43003d2320d9f0e8ea9831a92759fb4b
evidence/hardware/p7/authorized_sequence/p7_20260715_stationary_app_r40_diag_suffix55/062_p7_ps_functional/bundle/boundary_19_descriptor_free.bin,256,89040e809a587c34865f911c3d3d71f3b3e99dfb7c3b282ceaa4f2537b873294
evidence/hardware/p7/authorized_sequence/p7_20260715_stationary_app_r40_diag_suffix55/062_p7_ps_functional/bundle/boundary_19_descriptor_result.bin,256,4a9bd4569fbe4069685d2afe152bc168c44232ab70ec33bb5a7c0008fb853484
evidence/hardware/p7/authorized_sequence/p7_20260715_stationary_app_r40_diag_suffix55/062_p7_ps_functional/bundle/boundary_19_input.bin,215,1d64137df721078b35bdc1a3595a73cebcbe49865fb308c78791540d1d349cd7
evidence/hardware/p7/authorized_sequence/p7_20260715_stationary_app_r40_diag_suffix55/062_p7_ps_functional/bundle/boundary_19_output_result.bin,215,1d64137df721078b35bdc1a3595a73cebcbe49865fb308c78791540d1d349cd7
evidence/hardware/p7/authorized_sequence/p7_20260715_stationary_app_r40_diag_suffix55/062_p7_ps_functional/bundle/boundary_19_output_zero.bin,215,a827967bfa8b932d1dd9b5aea3c605e4e586353ee29171664c55427a11c703da
evidence/hardware/p7/authorized_sequence/p7_20260715_stationary_app_r40_diag_suffix55/062_p7_ps_functional/bundle/boundary_19_trace_result.bin,64,6a6d06adb1e971f53dc5efa8fd21bff3bc2a06d222fb077b4f898b6e10c1748d
evidence/hardware/p7/authorized_sequence/p7_20260715_stationary_app_r40_diag_suffix55/062_p7_ps_functional/bundle/boundary_19_trace_zero.bin,64,f5a5fd42d16a20302798ef6ed309979b43003d2320d9f0e8ea9831a92759fb4b
evidence/hardware/p7/authorized_sequence/p7_20260715_stationary_app_r40_diag_suffix55/062_p7_ps_functional/bundle/boundary_1_descriptor_free.bin,256,53b19737b95cfa81c1764ccbb113b078892b37e62f957efe310b1a2b0c6f94a5
evidence/hardware/p7/authorized_sequence/p7_20260715_stationary_app_r40_diag_suffix55/062_p7_ps_functional/bundle/boundary_1_descriptor_result.bin,256,40d1aa857e6709850b41c0e28feb7196bfdcb0c6803deea6f7f464be03e2fcb7
evidence/hardware/p7/authorized_sequence/p7_20260715_stationary_app_r40_diag_suffix55/062_p7_ps_functional/bundle/boundary_1_input.bin,0,e3b0c44298fc1c149afbf4c8996fb92427ae41e4649b934ca495991b7852b855
evidence/hardware/p7/authorized_sequence/p7_20260715_stationary_app_r40_diag_suffix55/062_p7_ps_functional/bundle/boundary_1_output_result.bin,0,e3b0c44298fc1c149afbf4c8996fb92427ae41e4649b934ca495991b7852b855
evidence/hardware/p7/authorized_sequence/p7_20260715_stationary_app_r40_diag_suffix55/062_p7_ps_functional/bundle/boundary_1_output_zero.bin,0,e3b0c44298fc1c149afbf4c8996fb92427ae41e4649b934ca495991b7852b855
evidence/hardware/p7/authorized_sequence/p7_20260715_stationary_app_r40_diag_suffix55/062_p7_ps_functional/bundle/boundary_1_trace_result.bin,64,2b17c834053f064d0e9340b4c652bcbd3b77deef9eef6b968dcefbb2568bfcdb
evidence/hardware/p7/authorized_sequence/p7_20260715_stationary_app_r40_diag_suffix55/062_p7_ps_functional/bundle/boundary_1_trace_zero.bin,64,f5a5fd42d16a20302798ef6ed309979b43003d2320d9f0e8ea9831a92759fb4b
evidence/hardware/p7/authorized_sequence/p7_20260715_stationary_app_r40_diag_suffix55/062_p7_ps_functional/bundle/boundary_20_descriptor_free.bin,256,c0b290c88056a6e79f52ffb063d0b073498643eca16911c07cc3c45810cd8706
evidence/hardware/p7/authorized_sequence/p7_20260715_stationary_app_r40_diag_suffix55/062_p7_ps_functional/bundle/boundary_20_descriptor_result.bin,256,48cdff9e3740a8ff8120230a17dd84131878f62309e6def1710f465192a4e7d9
evidence/hardware/p7/authorized_sequence/p7_20260715_stationary_app_r40_diag_suffix55/062_p7_ps_functional/bundle/boundary_20_input.bin,216,9d42d74bac443eafbd9878145b745387eb1397174332564bc8fa6db414ab381f
evidence/hardware/p7/authorized_sequence/p7_20260715_stationary_app_r40_diag_suffix55/062_p7_ps_functional/bundle/boundary_20_output_result.bin,216,9d42d74bac443eafbd9878145b745387eb1397174332564bc8fa6db414ab381f
evidence/hardware/p7/authorized_sequence/p7_20260715_stationary_app_r40_diag_suffix55/062_p7_ps_functional/bundle/boundary_20_output_zero.bin,216,4c78d780d52e4b9fc36fb088f0f99cd84580a0f09b25cce4322f728f0dffba03
evidence/hardware/p7/authorized_sequence/p7_20260715_stationary_app_r40_diag_suffix55/062_p7_ps_functional/bundle/boundary_20_trace_result.bin,128,da60520c0c9e44b27b3708e11593941ba8e947b2463454c156edca0b34e963f7
evidence/hardware/p7/authorized_sequence/p7_20260715_stationary_app_r40_diag_suffix55/062_p7_ps_functional/bundle/boundary_20_trace_zero.bin,128,38723a2e5e8a17aa7950dc008209944e898f69a7bd10a23c839d341e935fd5ca
evidence/hardware/p7/authorized_sequence/p7_20260715_stationary_app_r40_diag_suffix55/062_p7_ps_functional/bundle/boundary_21_descriptor_free.bin,256,d18d7bb4bfd5df4ce871d938137cb594a2456d6fdb9259fd0614eb006068f81e
evidence/hardware/p7/authorized_sequence/p7_20260715_stationary_app_r40_diag_suffix55/062_p7_ps_functional/bundle/boundary_21_descriptor_result.bin,256,f44a58c6bc6939094d5b06f6f6452551f558915e0d342db77edbfc68ca7abde2
evidence/hardware/p7/authorized_sequence/p7_20260715_stationary_app_r40_diag_suffix55/062_p7_ps_functional/bundle/boundary_21_input.bin,216,9d42d74bac443eafbd9878145b745387eb1397174332564bc8fa6db414ab381f
evidence/hardware/p7/authorized_sequence/p7_20260715_stationary_app_r40_diag_suffix55/062_p7_ps_functional/bundle/boundary_21_output_result.bin,216,9d42d74bac443eafbd9878145b745387eb1397174332564bc8fa6db414ab381f
evidence/hardware/p7/authorized_sequence/p7_20260715_stationary_app_r40_diag_suffix55/062_p7_ps_functional/bundle/boundary_21_output_zero.bin,216,4c78d780d52e4b9fc36fb088f0f99cd84580a0f09b25cce4322f728f0dffba03
evidence/hardware/p7/authorized_sequence/p7_20260715_stationary_app_r40_diag_suffix55/062_p7_ps_functional/bundle/boundary_21_trace_result.bin,128,06eb4e805dd95e923b8cc3344a74f1974514c90f321cc4900527f1df7bba2036
evidence/hardware/p7/authorized_sequence/p7_20260715_stationary_app_r40_diag_suffix55/062_p7_ps_functional/bundle/boundary_21_trace_zero.bin,128,38723a2e5e8a17aa7950dc008209944e898f69a7bd10a23c839d341e935fd5ca
evidence/hardware/p7/authorized_sequence/p7_20260715_stationary_app_r40_diag_suffix55/062_p7_ps_functional/bundle/boundary_22_descriptor_free.bin,256,efdfdbcee357dce2a5437279a19b0caba694c3fa78a840e1284431fdba2d1665
evidence/hardware/p7/authorized_sequence/p7_20260715_stationary_app_r40_diag_suffix55/062_p7_ps_functional/bundle/boundary_22_descriptor_result.bin,256,5c7830490636e8d5e295163b7a332e73ad6caf68157ad85be54d1a17d759651a
evidence/hardware/p7/authorized_sequence/p7_20260715_stationary_app_r40_diag_suffix55/062_p7_ps_functional/bundle/boundary_22_input.bin,216,9d42d74bac443eafbd9878145b745387eb1397174332564bc8fa6db414ab381f
evidence/hardware/p7/authorized_sequence/p7_20260715_stationary_app_r40_diag_suffix55/062_p7_ps_functional/bundle/boundary_22_output_result.bin,216,9d42d74bac443eafbd9878145b745387eb1397174332564bc8fa6db414ab381f
evidence/hardware/p7/authorized_sequence/p7_20260715_stationary_app_r40_diag_suffix55/062_p7_ps_functional/bundle/boundary_22_output_zero.bin,216,4c78d780d52e4b9fc36fb088f0f99cd84580a0f09b25cce4322f728f0dffba03
evidence/hardware/p7/authorized_sequence/p7_20260715_stationary_app_r40_diag_suffix55/062_p7_ps_functional/bundle/boundary_22_trace_result.bin,128,8df90211b2f84540646b52e56bd14e9d8ce011246d61de46b8beea20196338c4
evidence/hardware/p7/authorized_sequence/p7_20260715_stationary_app_r40_diag_suffix55/062_p7_ps_functional/bundle/boundary_22_trace_zero.bin,128,38723a2e5e8a17aa7950dc008209944e898f69a7bd10a23c839d341e935fd5ca
evidence/hardware/p7/authorized_sequence/p7_20260715_stationary_app_r40_diag_suffix55/062_p7_ps_functional/bundle/boundary_23_descriptor_free.bin,256,7ba19c220bc405e85d8d6cfc0e37b4199eaabe7e048955848eba108549181f38
evidence/hardware/p7/authorized_sequence/p7_20260715_stationary_app_r40_diag_suffix55/062_p7_ps_functional/bundle/boundary_23_descriptor_result.bin,256,63dd6c81b37e43a8c1e1d26f9040f95aeaa03a0fe4de2051f866522cf28f851f
evidence/hardware/p7/authorized_sequence/p7_20260715_stationary_app_r40_diag_suffix55/062_p7_ps_functional/bundle/boundary_23_input.bin,216,9d42d74bac443eafbd9878145b745387eb1397174332564bc8fa6db414ab381f
evidence/hardware/p7/authorized_sequence/p7_20260715_stationary_app_r40_diag_suffix55/062_p7_ps_functional/bundle/boundary_23_output_result.bin,216,9d42d74bac443eafbd9878145b745387eb1397174332564bc8fa6db414ab381f
evidence/hardware/p7/authorized_sequence/p7_20260715_stationary_app_r40_diag_suffix55/062_p7_ps_functional/bundle/boundary_23_output_zero.bin,216,4c78d780d52e4b9fc36fb088f0f99cd84580a0f09b25cce4322f728f0dffba03
evidence/hardware/p7/authorized_sequence/p7_20260715_stationary_app_r40_diag_suffix55/062_p7_ps_functional/bundle/boundary_23_trace_result.bin,128,e811204ee7ee9410958c99f677e8aa23b954d5909bdf8be7d23d0f4a92c9c94a
evidence/hardware/p7/authorized_sequence/p7_20260715_stationary_app_r40_diag_suffix55/062_p7_ps_functional/bundle/boundary_23_trace_zero.bin,128,38723a2e5e8a17aa7950dc008209944e898f69a7bd10a23c839d341e935fd5ca
evidence/hardware/p7/authorized_sequence/p7_20260715_stationary_app_r40_diag_suffix55/062_p7_ps_functional/bundle/boundary_24_descriptor_free.bin,256,e587a73f53bff1369016a4db9359ca143d530e91615b3ee6628e8143bbeef41c
evidence/hardware/p7/authorized_sequence/p7_20260715_stationary_app_r40_diag_suffix55/062_p7_ps_functional/bundle/boundary_24_descriptor_result.bin,256,d7b4e5db111f608fc93a9488e48ffb5f9898eb25dbad48dcd64b109a59f0fd75
evidence/hardware/p7/authorized_sequence/p7_20260715_stationary_app_r40_diag_suffix55/062_p7_ps_functional/bundle/boundary_24_input.bin,247,4b96ec3b91e9f764ac0227ca7df451bd8294cd46298047b43b960ae1c0b0afc5
evidence/hardware/p7/authorized_sequence/p7_20260715_stationary_app_r40_diag_suffix55/062_p7_ps_functional/bundle/boundary_24_output_result.bin,247,4b96ec3b91e9f764ac0227ca7df451bd8294cd46298047b43b960ae1c0b0afc5
evidence/hardware/p7/authorized_sequence/p7_20260715_stationary_app_r40_diag_suffix55/062_p7_ps_functional/bundle/boundary_24_output_zero.bin,247,9c026ae6c3c4c4df944b4b63e0c3e335a577498bc90df17e2612c4d0ab66121b
evidence/hardware/p7/authorized_sequence/p7_20260715_stationary_app_r40_diag_suffix55/062_p7_ps_functional/bundle/boundary_24_trace_result.bin,128,c472bbb6fd5a2c9d58463aa4899c1ceada1d59be322b4a1c94486455a8473297
evidence/hardware/p7/authorized_sequence/p7_20260715_stationary_app_r40_diag_suffix55/062_p7_ps_functional/bundle/boundary_24_trace_zero.bin,128,38723a2e5e8a17aa7950dc008209944e898f69a7bd10a23c839d341e935fd5ca
evidence/hardware/p7/authorized_sequence/p7_20260715_stationary_app_r40_diag_suffix55/062_p7_ps_functional/bundle/boundary_25_descriptor_free.bin,256,8ead94c5d553966a299030d24ecc6b78c5ea8400e5653068f5fd4a95351f4f2b
evidence/hardware/p7/authorized_sequence/p7_20260715_stationary_app_r40_diag_suffix55/062_p7_ps_functional/bundle/boundary_25_descriptor_result.bin,256,058a9d6b6220ba885a0dee8ec5f445cb0bec19a7ef18d0db79e5dd6079a64e82
evidence/hardware/p7/authorized_sequence/p7_20260715_stationary_app_r40_diag_suffix55/062_p7_ps_functional/bundle/boundary_25_input.bin,247,4b96ec3b91e9f764ac0227ca7df451bd8294cd46298047b43b960ae1c0b0afc5
evidence/hardware/p7/authorized_sequence/p7_20260715_stationary_app_r40_diag_suffix55/062_p7_ps_functional/bundle/boundary_25_output_result.bin,247,4b96ec3b91e9f764ac0227ca7df451bd8294cd46298047b43b960ae1c0b0afc5
evidence/hardware/p7/authorized_sequence/p7_20260715_stationary_app_r40_diag_suffix55/062_p7_ps_functional/bundle/boundary_25_output_zero.bin,247,9c026ae6c3c4c4df944b4b63e0c3e335a577498bc90df17e2612c4d0ab66121b
evidence/hardware/p7/authorized_sequence/p7_20260715_stationary_app_r40_diag_suffix55/062_p7_ps_functional/bundle/boundary_25_trace_result.bin,128,2b198ea2a5db27713ff59e137ec8162481e086d22094571740d44647b920f775
evidence/hardware/p7/authorized_sequence/p7_20260715_stationary_app_r40_diag_suffix55/062_p7_ps_functional/bundle/boundary_25_trace_zero.bin,128,38723a2e5e8a17aa7950dc008209944e898f69a7bd10a23c839d341e935fd5ca
evidence/hardware/p7/authorized_sequence/p7_20260715_stationary_app_r40_diag_suffix55/062_p7_ps_functional/bundle/boundary_26_descriptor_free.bin,256,d8a3e6b188f403b19428764e15873824e19e22f1863b20413b926b79b94458e7
evidence/hardware/p7/authorized_sequence/p7_20260715_stationary_app_r40_diag_suffix55/062_p7_ps_functional/bundle/boundary_26_descriptor_result.bin,256,4c2bee4b6e7b17e0cd577769206d8871744bfee9e6e458d0e037611c4faa79b7
evidence/hardware/p7/authorized_sequence/p7_20260715_stationary_app_r40_diag_suffix55/062_p7_ps_functional/bundle/boundary_26_input.bin,247,4b96ec3b91e9f764ac0227ca7df451bd8294cd46298047b43b960ae1c0b0afc5
evidence/hardware/p7/authorized_sequence/p7_20260715_stationary_app_r40_diag_suffix55/062_p7_ps_functional/bundle/boundary_26_output_result.bin,247,4b96ec3b91e9f764ac0227ca7df451bd8294cd46298047b43b960ae1c0b0afc5
evidence/hardware/p7/authorized_sequence/p7_20260715_stationary_app_r40_diag_suffix55/062_p7_ps_functional/bundle/boundary_26_output_zero.bin,247,9c026ae6c3c4c4df944b4b63e0c3e335a577498bc90df17e2612c4d0ab66121b
evidence/hardware/p7/authorized_sequence/p7_20260715_stationary_app_r40_diag_suffix55/062_p7_ps_functional/bundle/boundary_26_trace_result.bin,128,1360c7643ebb98b8b43fe7cec589342ffa2da4088ffa8193fee31709898ef44b
evidence/hardware/p7/authorized_sequence/p7_20260715_stationary_app_r40_diag_suffix55/062_p7_ps_functional/bundle/boundary_26_trace_zero.bin,128,38723a2e5e8a17aa7950dc008209944e898f69a7bd10a23c839d341e935fd5ca
evidence/hardware/p7/authorized_sequence/p7_20260715_stationary_app_r40_diag_suffix55/062_p7_ps_functional/bundle/boundary_27_descriptor_free.bin,256,52c77bc559fa428befe78ff527532f6f9a468e822c826ceab444cb12b12ea1c8
evidence/hardware/p7/authorized_sequence/p7_20260715_stationary_app_r40_diag_suffix55/062_p7_ps_functional/bundle/boundary_27_descriptor_result.bin,256,c7943d0cc830aa61e7e8ad5f748bfb8cbcf2803df9fb1529639c4e7c47aee7a3
evidence/hardware/p7/authorized_sequence/p7_20260715_stationary_app_r40_diag_suffix55/062_p7_ps_functional/bundle/boundary_27_input.bin,247,4b96ec3b91e9f764ac0227ca7df451bd8294cd46298047b43b960ae1c0b0afc5
evidence/hardware/p7/authorized_sequence/p7_20260715_stationary_app_r40_diag_suffix55/062_p7_ps_functional/bundle/boundary_27_output_result.bin,247,4b96ec3b91e9f764ac0227ca7df451bd8294cd46298047b43b960ae1c0b0afc5
evidence/hardware/p7/authorized_sequence/p7_20260715_stationary_app_r40_diag_suffix55/062_p7_ps_functional/bundle/boundary_27_output_zero.bin,247,9c026ae6c3c4c4df944b4b63e0c3e335a577498bc90df17e2612c4d0ab66121b
evidence/hardware/p7/authorized_sequence/p7_20260715_stationary_app_r40_diag_suffix55/062_p7_ps_functional/bundle/boundary_27_trace_result.bin,128,95ea52ce31b775501c18417d9eed46660feb8ee6e115cedead78d55380ad63c6
evidence/hardware/p7/authorized_sequence/p7_20260715_stationary_app_r40_diag_suffix55/062_p7_ps_functional/bundle/boundary_27_trace_zero.bin,128,38723a2e5e8a17aa7950dc008209944e898f69a7bd10a23c839d341e935fd5ca
evidence/hardware/p7/authorized_sequence/p7_20260715_stationary_app_r40_diag_suffix55/062_p7_ps_functional/bundle/boundary_28_descriptor_free.bin,256,2963de3151950467edeb7d992e0ccac32ffb71167bec38fc3ba143baf269b95e
evidence/hardware/p7/authorized_sequence/p7_20260715_stationary_app_r40_diag_suffix55/062_p7_ps_functional/bundle/boundary_28_descriptor_result.bin,256,b51a5e78a90c2e9a7d728598d174b463df1f8c0008d3afd54e2f7f3837163b3e
evidence/hardware/p7/authorized_sequence/p7_20260715_stationary_app_r40_diag_suffix55/062_p7_ps_functional/bundle/boundary_28_input.bin,248,c6fefe1bfbe6f5364bf0e40447ffca27fde55f1cd815e1fa3bafb46a41c91749
evidence/hardware/p7/authorized_sequence/p7_20260715_stationary_app_r40_diag_suffix55/062_p7_ps_functional/bundle/boundary_28_output_result.bin,248,c6fefe1bfbe6f5364bf0e40447ffca27fde55f1cd815e1fa3bafb46a41c91749
evidence/hardware/p7/authorized_sequence/p7_20260715_stationary_app_r40_diag_suffix55/062_p7_ps_functional/bundle/boundary_28_output_zero.bin,248,8cea0bf7ec8f55dd6ed0f1d6e4701141f7dad170d3b943db8827fb8b6d5ee574
evidence/hardware/p7/authorized_sequence/p7_20260715_stationary_app_r40_diag_suffix55/062_p7_ps_functional/bundle/boundary_28_trace_result.bin,128,f449eedb42e8852fc9b2c069725c54884ab85f2b38029aba96df43067bab18b3
evidence/hardware/p7/authorized_sequence/p7_20260715_stationary_app_r40_diag_suffix55/062_p7_ps_functional/bundle/boundary_28_trace_zero.bin,128,38723a2e5e8a17aa7950dc008209944e898f69a7bd10a23c839d341e935fd5ca
evidence/hardware/p7/authorized_sequence/p7_20260715_stationary_app_r40_diag_suffix55/062_p7_ps_functional/bundle/boundary_29_descriptor_free.bin,256,ca85155ac97602b8cf65d34dfef0c0cdf294c8c56b0718e0a12938c2d1eb85d3
evidence/hardware/p7/authorized_sequence/p7_20260715_stationary_app_r40_diag_suffix55/062_p7_ps_functional/bundle/boundary_29_descriptor_result.bin,256,2715972b0abab5311b20ece48db9aea9efb581f81242d6c593c181fee4236300
evidence/hardware/p7/authorized_sequence/p7_20260715_stationary_app_r40_diag_suffix55/062_p7_ps_functional/bundle/boundary_29_input.bin,248,c6fefe1bfbe6f5364bf0e40447ffca27fde55f1cd815e1fa3bafb46a41c91749
evidence/hardware/p7/authorized_sequence/p7_20260715_stationary_app_r40_diag_suffix55/062_p7_ps_functional/bundle/boundary_29_output_result.bin,248,c6fefe1bfbe6f5364bf0e40447ffca27fde55f1cd815e1fa3bafb46a41c91749
evidence/hardware/p7/authorized_sequence/p7_20260715_stationary_app_r40_diag_suffix55/062_p7_ps_functional/bundle/boundary_29_output_zero.bin,248,8cea0bf7ec8f55dd6ed0f1d6e4701141f7dad170d3b943db8827fb8b6d5ee574
evidence/hardware/p7/authorized_sequence/p7_20260715_stationary_app_r40_diag_suffix55/062_p7_ps_functional/bundle/boundary_29_trace_result.bin,128,176531d8b5c12f6c2c84501edd10ae13d03b13ff663b31d1fe4bcb4babc9a4c9
evidence/hardware/p7/authorized_sequence/p7_20260715_stationary_app_r40_diag_suffix55/062_p7_ps_functional/bundle/boundary_29_trace_zero.bin,128,38723a2e5e8a17aa7950dc008209944e898f69a7bd10a23c839d341e935fd5ca
evidence/hardware/p7/authorized_sequence/p7_20260715_stationary_app_r40_diag_suffix55/062_p7_ps_functional/bundle/boundary_2_descriptor_free.bin,256,f8d2b63a023fc78bd78091ca7a56f549256cec7b31f99c5ac0b081dde5f4b2ac
evidence/hardware/p7/authorized_sequence/p7_20260715_stationary_app_r40_diag_suffix55/062_p7_ps_functional/bundle/boundary_2_descriptor_result.bin,256,6940bf9eda54b6c9fa222547c5fcf711790b8abb197fa6a3795ae89a051980fa
evidence/hardware/p7/authorized_sequence/p7_20260715_stationary_app_r40_diag_suffix55/062_p7_ps_functional/bundle/boundary_2_input.bin,0,e3b0c44298fc1c149afbf4c8996fb92427ae41e4649b934ca495991b7852b855
evidence/hardware/p7/authorized_sequence/p7_20260715_stationary_app_r40_diag_suffix55/062_p7_ps_functional/bundle/boundary_2_output_result.bin,0,e3b0c44298fc1c149afbf4c8996fb92427ae41e4649b934ca495991b7852b855
evidence/hardware/p7/authorized_sequence/p7_20260715_stationary_app_r40_diag_suffix55/062_p7_ps_functional/bundle/boundary_2_output_zero.bin,0,e3b0c44298fc1c149afbf4c8996fb92427ae41e4649b934ca495991b7852b855
evidence/hardware/p7/authorized_sequence/p7_20260715_stationary_app_r40_diag_suffix55/062_p7_ps_functional/bundle/boundary_2_trace_result.bin,64,06df50dd9e22aecf1385a9462a6f48d2aa8daf3f2441a1e7cbc2a44242bccba3
evidence/hardware/p7/authorized_sequence/p7_20260715_stationary_app_r40_diag_suffix55/062_p7_ps_functional/bundle/boundary_2_trace_zero.bin,64,f5a5fd42d16a20302798ef6ed309979b43003d2320d9f0e8ea9831a92759fb4b
evidence/hardware/p7/authorized_sequence/p7_20260715_stationary_app_r40_diag_suffix55/062_p7_ps_functional/bundle/boundary_30_descriptor_free.bin,256,abbab923a5fc634b8e4e2287a81a0077a5a6f5c93464afbe41f6190050622fd6
evidence/hardware/p7/authorized_sequence/p7_20260715_stationary_app_r40_diag_suffix55/062_p7_ps_functional/bundle/boundary_30_descriptor_result.bin,256,622dd768bf0d864c987d923120f02d7775a9d75c85b95280a80abd0a8699ef0e
evidence/hardware/p7/authorized_sequence/p7_20260715_stationary_app_r40_diag_suffix55/062_p7_ps_functional/bundle/boundary_30_input.bin,248,c6fefe1bfbe6f5364bf0e40447ffca27fde55f1cd815e1fa3bafb46a41c91749
evidence/hardware/p7/authorized_sequence/p7_20260715_stationary_app_r40_diag_suffix55/062_p7_ps_functional/bundle/boundary_30_output_result.bin,248,c6fefe1bfbe6f5364bf0e40447ffca27fde55f1cd815e1fa3bafb46a41c91749
evidence/hardware/p7/authorized_sequence/p7_20260715_stationary_app_r40_diag_suffix55/062_p7_ps_functional/bundle/boundary_30_output_zero.bin,248,8cea0bf7ec8f55dd6ed0f1d6e4701141f7dad170d3b943db8827fb8b6d5ee574
evidence/hardware/p7/authorized_sequence/p7_20260715_stationary_app_r40_diag_suffix55/062_p7_ps_functional/bundle/boundary_30_trace_result.bin,128,5ab8bb55d9134fbeb95d027cfab4888f0dd6c7837b64130904718c08c16c5eeb
evidence/hardware/p7/authorized_sequence/p7_20260715_stationary_app_r40_diag_suffix55/062_p7_ps_functional/bundle/boundary_30_trace_zero.bin,128,38723a2e5e8a17aa7950dc008209944e898f69a7bd10a23c839d341e935fd5ca
evidence/hardware/p7/authorized_sequence/p7_20260715_stationary_app_r40_diag_suffix55/062_p7_ps_functional/bundle/boundary_31_descriptor_free.bin,256,d45e7b9c83d5f346bc9926efc87c453d87a3f88e9cef095bdd19df30a3829bba
evidence/hardware/p7/authorized_sequence/p7_20260715_stationary_app_r40_diag_suffix55/062_p7_ps_functional/bundle/boundary_31_descriptor_result.bin,256,e7c195006bb52990a8576ccae32df1019a04f59a45655e4c18b3f9e25ecc3051
evidence/hardware/p7/authorized_sequence/p7_20260715_stationary_app_r40_diag_suffix55/062_p7_ps_functional/bundle/boundary_31_input.bin,248,c6fefe1bfbe6f5364bf0e40447ffca27fde55f1cd815e1fa3bafb46a41c91749
evidence/hardware/p7/authorized_sequence/p7_20260715_stationary_app_r40_diag_suffix55/062_p7_ps_functional/bundle/boundary_31_output_result.bin,248,c6fefe1bfbe6f5364bf0e40447ffca27fde55f1cd815e1fa3bafb46a41c91749
evidence/hardware/p7/authorized_sequence/p7_20260715_stationary_app_r40_diag_suffix55/062_p7_ps_functional/bundle/boundary_31_output_zero.bin,248,8cea0bf7ec8f55dd6ed0f1d6e4701141f7dad170d3b943db8827fb8b6d5ee574
evidence/hardware/p7/authorized_sequence/p7_20260715_stationary_app_r40_diag_suffix55/062_p7_ps_functional/bundle/boundary_31_trace_result.bin,128,59f8cccafab24b4faf1307572af4ae0476a1863f3ccc4c619da6814540c6b48d
evidence/hardware/p7/authorized_sequence/p7_20260715_stationary_app_r40_diag_suffix55/062_p7_ps_functional/bundle/boundary_31_trace_zero.bin,128,38723a2e5e8a17aa7950dc008209944e898f69a7bd10a23c839d341e935fd5ca
evidence/hardware/p7/authorized_sequence/p7_20260715_stationary_app_r40_diag_suffix55/062_p7_ps_functional/bundle/boundary_32_descriptor_free.bin,256,a838df6e2cdaa5ce4e02e5f90a816555476b0c4f139f002a32207e98bb7865ab
evidence/hardware/p7/authorized_sequence/p7_20260715_stationary_app_r40_diag_suffix55/062_p7_ps_functional/bundle/boundary_32_descriptor_result.bin,256,b2b5ef26af133d19704747b7fac5b32474db6760a009580d32d207838628638b
evidence/hardware/p7/authorized_sequence/p7_20260715_stationary_app_r40_diag_suffix55/062_p7_ps_functional/bundle/boundary_32_input.bin,430,6f6709a1cffa2a92cf65fbfed6d70d5da83560bafff9ca7deb11c77c4b26efc9
evidence/hardware/p7/authorized_sequence/p7_20260715_stationary_app_r40_diag_suffix55/062_p7_ps_functional/bundle/boundary_32_output_result.bin,430,6f6709a1cffa2a92cf65fbfed6d70d5da83560bafff9ca7deb11c77c4b26efc9
evidence/hardware/p7/authorized_sequence/p7_20260715_stationary_app_r40_diag_suffix55/062_p7_ps_functional/bundle/boundary_32_output_zero.bin,430,ef33414961c1b3b032e9251e81b933dd7948b310f63588da6872b7abffb19496
evidence/hardware/p7/authorized_sequence/p7_20260715_stationary_app_r40_diag_suffix55/062_p7_ps_functional/bundle/boundary_32_trace_result.bin,128,5cd0237b9e2b832176435ff268c71e242247e34f1f4853e972a7dc3d03f773b3
evidence/hardware/p7/authorized_sequence/p7_20260715_stationary_app_r40_diag_suffix55/062_p7_ps_functional/bundle/boundary_32_trace_zero.bin,128,38723a2e5e8a17aa7950dc008209944e898f69a7bd10a23c839d341e935fd5ca
evidence/hardware/p7/authorized_sequence/p7_20260715_stationary_app_r40_diag_suffix55/062_p7_ps_functional/bundle/boundary_33_descriptor_free.bin,256,0246377b68178ab02f9cdcf9998ceebcbd7784fa7c0e6acffed1a3fe8d0e5a1d
evidence/hardware/p7/authorized_sequence/p7_20260715_stationary_app_r40_diag_suffix55/062_p7_ps_functional/bundle/boundary_33_descriptor_result.bin,256,38b1750ffd78a04ecf795edfb5c911da2300f0d702d175df25432a6956afd368
evidence/hardware/p7/authorized_sequence/p7_20260715_stationary_app_r40_diag_suffix55/062_p7_ps_functional/bundle/boundary_33_input.bin,430,6f6709a1cffa2a92cf65fbfed6d70d5da83560bafff9ca7deb11c77c4b26efc9
evidence/hardware/p7/authorized_sequence/p7_20260715_stationary_app_r40_diag_suffix55/062_p7_ps_functional/bundle/boundary_33_output_result.bin,430,6f6709a1cffa2a92cf65fbfed6d70d5da83560bafff9ca7deb11c77c4b26efc9
evidence/hardware/p7/authorized_sequence/p7_20260715_stationary_app_r40_diag_suffix55/062_p7_ps_functional/bundle/boundary_33_output_zero.bin,430,ef33414961c1b3b032e9251e81b933dd7948b310f63588da6872b7abffb19496
evidence/hardware/p7/authorized_sequence/p7_20260715_stationary_app_r40_diag_suffix55/062_p7_ps_functional/bundle/boundary_33_trace_result.bin,128,cae0a5bd41230de98de1caaa5a7dbf353ee2750ea021b2a464f50e68ab1845dc
evidence/hardware/p7/authorized_sequence/p7_20260715_stationary_app_r40_diag_suffix55/062_p7_ps_functional/bundle/boundary_33_trace_zero.bin,128,38723a2e5e8a17aa7950dc008209944e898f69a7bd10a23c839d341e935fd5ca
evidence/hardware/p7/authorized_sequence/p7_20260715_stationary_app_r40_diag_suffix55/062_p7_ps_functional/bundle/boundary_34_descriptor_free.bin,256,928c8bdf1dad428f5e15789823fb4dec7fc58ff6c5ad6daf96e49f1a78b0f857
evidence/hardware/p7/authorized_sequence/p7_20260715_stationary_app_r40_diag_suffix55/062_p7_ps_functional/bundle/boundary_34_descriptor_result.bin,256,895700958c308cf8466dc1f66ae7636b22acee31e911b1bf87dcba01ed8af7a2
evidence/hardware/p7/authorized_sequence/p7_20260715_stationary_app_r40_diag_suffix55/062_p7_ps_functional/bundle/boundary_34_input.bin,430,6f6709a1cffa2a92cf65fbfed6d70d5da83560bafff9ca7deb11c77c4b26efc9
evidence/hardware/p7/authorized_sequence/p7_20260715_stationary_app_r40_diag_suffix55/062_p7_ps_functional/bundle/boundary_34_output_result.bin,430,6f6709a1cffa2a92cf65fbfed6d70d5da83560bafff9ca7deb11c77c4b26efc9
evidence/hardware/p7/authorized_sequence/p7_20260715_stationary_app_r40_diag_suffix55/062_p7_ps_functional/bundle/boundary_34_output_zero.bin,430,ef33414961c1b3b032e9251e81b933dd7948b310f63588da6872b7abffb19496
evidence/hardware/p7/authorized_sequence/p7_20260715_stationary_app_r40_diag_suffix55/062_p7_ps_functional/bundle/boundary_34_trace_result.bin,128,9bb302c52f95777aac19604825dacfe4f8d28c651f0045dc69faaca1078405f8
evidence/hardware/p7/authorized_sequence/p7_20260715_stationary_app_r40_diag_suffix55/062_p7_ps_functional/bundle/boundary_34_trace_zero.bin,128,38723a2e5e8a17aa7950dc008209944e898f69a7bd10a23c839d341e935fd5ca
evidence/hardware/p7/authorized_sequence/p7_20260715_stationary_app_r40_diag_suffix55/062_p7_ps_functional/bundle/boundary_35_descriptor_free.bin,256,1fecc5e3516b4710e1da8e86c32b8edf0b79e626f1db20513873154936af22f7
evidence/hardware/p7/authorized_sequence/p7_20260715_stationary_app_r40_diag_suffix55/062_p7_ps_functional/bundle/boundary_35_descriptor_result.bin,256,1d7b13b2e29a867eb4286095d7d7c8d46a08a737446b59ee98ed1d427c72b4cc
evidence/hardware/p7/authorized_sequence/p7_20260715_stationary_app_r40_diag_suffix55/062_p7_ps_functional/bundle/boundary_35_input.bin,430,6f6709a1cffa2a92cf65fbfed6d70d5da83560bafff9ca7deb11c77c4b26efc9
evidence/hardware/p7/authorized_sequence/p7_20260715_stationary_app_r40_diag_suffix55/062_p7_ps_functional/bundle/boundary_35_output_result.bin,430,6f6709a1cffa2a92cf65fbfed6d70d5da83560bafff9ca7deb11c77c4b26efc9
evidence/hardware/p7/authorized_sequence/p7_20260715_stationary_app_r40_diag_suffix55/062_p7_ps_functional/bundle/boundary_35_output_zero.bin,430,ef33414961c1b3b032e9251e81b933dd7948b310f63588da6872b7abffb19496
evidence/hardware/p7/authorized_sequence/p7_20260715_stationary_app_r40_diag_suffix55/062_p7_ps_functional/bundle/boundary_35_trace_result.bin,128,87c314a7ec1989c4ec0fa1409ef106dddd4d060425b4cfd030e2a90a5db80dfb
evidence/hardware/p7/authorized_sequence/p7_20260715_stationary_app_r40_diag_suffix55/062_p7_ps_functional/bundle/boundary_35_trace_zero.bin,128,38723a2e5e8a17aa7950dc008209944e898f69a7bd10a23c839d341e935fd5ca
evidence/hardware/p7/authorized_sequence/p7_20260715_stationary_app_r40_diag_suffix55/062_p7_ps_functional/bundle/boundary_36_descriptor_free.bin,256,5b2143e11c93028f407094c56a30fa88305bc5e032fd4cbdff479631cc4b6520
evidence/hardware/p7/authorized_sequence/p7_20260715_stationary_app_r40_diag_suffix55/062_p7_ps_functional/bundle/boundary_36_descriptor_result.bin,256,8504c059d4a664b3cc6f9a39f547b3688e6b41d46ee90f51369a8c24d545fb75
evidence/hardware/p7/authorized_sequence/p7_20260715_stationary_app_r40_diag_suffix55/062_p7_ps_functional/bundle/boundary_36_input.bin,431,a0ee5330d4af687ead5084fe0522d191402cbb0071399cddf60665cc431e1593
evidence/hardware/p7/authorized_sequence/p7_20260715_stationary_app_r40_diag_suffix55/062_p7_ps_functional/bundle/boundary_36_output_result.bin,431,a0ee5330d4af687ead5084fe0522d191402cbb0071399cddf60665cc431e1593
evidence/hardware/p7/authorized_sequence/p7_20260715_stationary_app_r40_diag_suffix55/062_p7_ps_functional/bundle/boundary_36_output_zero.bin,431,52eb1eb113248cc914639bfd23205619bc2e946f45796c11effd13ee9da22d9d
evidence/hardware/p7/authorized_sequence/p7_20260715_stationary_app_r40_diag_suffix55/062_p7_ps_functional/bundle/boundary_36_trace_result.bin,192,7ea007c3e65f3cbc8ece1f1a4d5d18cd0b41b423eea41f594e290f4ff7deec34
evidence/hardware/p7/authorized_sequence/p7_20260715_stationary_app_r40_diag_suffix55/062_p7_ps_functional/bundle/boundary_36_trace_zero.bin,192,5d89f056865052bcb89c910d2d62872e029fb273c3db03f8968a52a41593c1b5
evidence/hardware/p7/authorized_sequence/p7_20260715_stationary_app_r40_diag_suffix55/062_p7_ps_functional/bundle/boundary_37_descriptor_free.bin,256,5f4361dbd4177699fa10cb1f67a7547ba99c5a43b220b4d9544aa09562f9b793
evidence/hardware/p7/authorized_sequence/p7_20260715_stationary_app_r40_diag_suffix55/062_p7_ps_functional/bundle/boundary_37_descriptor_result.bin,256,741101dc6fa17f21b01c0e4a956ff39324b1c547d1ae64cb8bfd38627dccb684
evidence/hardware/p7/authorized_sequence/p7_20260715_stationary_app_r40_diag_suffix55/062_p7_ps_functional/bundle/boundary_37_input.bin,431,a0ee5330d4af687ead5084fe0522d191402cbb0071399cddf60665cc431e1593
evidence/hardware/p7/authorized_sequence/p7_20260715_stationary_app_r40_diag_suffix55/062_p7_ps_functional/bundle/boundary_37_output_result.bin,431,a0ee5330d4af687ead5084fe0522d191402cbb0071399cddf60665cc431e1593
evidence/hardware/p7/authorized_sequence/p7_20260715_stationary_app_r40_diag_suffix55/062_p7_ps_functional/bundle/boundary_37_output_zero.bin,431,52eb1eb113248cc914639bfd23205619bc2e946f45796c11effd13ee9da22d9d
evidence/hardware/p7/authorized_sequence/p7_20260715_stationary_app_r40_diag_suffix55/062_p7_ps_functional/bundle/boundary_37_trace_result.bin,192,8b91ec2fe612cddda7fbeb1584a00af6b5dfd106ee08b19e207cffe016aab25f
evidence/hardware/p7/authorized_sequence/p7_20260715_stationary_app_r40_diag_suffix55/062_p7_ps_functional/bundle/boundary_37_trace_zero.bin,192,5d89f056865052bcb89c910d2d62872e029fb273c3db03f8968a52a41593c1b5
evidence/hardware/p7/authorized_sequence/p7_20260715_stationary_app_r40_diag_suffix55/062_p7_ps_functional/bundle/boundary_38_descriptor_free.bin,256,06fa98a72884a56b6ed40efb7d8ff240efffd98a0f47b1c2485040f400f0f414
evidence/hardware/p7/authorized_sequence/p7_20260715_stationary_app_r40_diag_suffix55/062_p7_ps_functional/bundle/boundary_38_descriptor_result.bin,256,f8a552ddf11ba6b2b87a3c84636bc9b3272ff04693372c4838cbba1966bf19be
evidence/hardware/p7/authorized_sequence/p7_20260715_stationary_app_r40_diag_suffix55/062_p7_ps_functional/bundle/boundary_38_input.bin,431,a0ee5330d4af687ead5084fe0522d191402cbb0071399cddf60665cc431e1593
evidence/hardware/p7/authorized_sequence/p7_20260715_stationary_app_r40_diag_suffix55/062_p7_ps_functional/bundle/boundary_38_output_result.bin,431,a0ee5330d4af687ead5084fe0522d191402cbb0071399cddf60665cc431e1593
evidence/hardware/p7/authorized_sequence/p7_20260715_stationary_app_r40_diag_suffix55/062_p7_ps_functional/bundle/boundary_38_output_zero.bin,431,52eb1eb113248cc914639bfd23205619bc2e946f45796c11effd13ee9da22d9d
evidence/hardware/p7/authorized_sequence/p7_20260715_stationary_app_r40_diag_suffix55/062_p7_ps_functional/bundle/boundary_38_trace_result.bin,192,244b668e034d8c830ad70dca135e52ec70bf2bda87840641a4970390b497f479
evidence/hardware/p7/authorized_sequence/p7_20260715_stationary_app_r40_diag_suffix55/062_p7_ps_functional/bundle/boundary_38_trace_zero.bin,192,5d89f056865052bcb89c910d2d62872e029fb273c3db03f8968a52a41593c1b5
evidence/hardware/p7/authorized_sequence/p7_20260715_stationary_app_r40_diag_suffix55/062_p7_ps_functional/bundle/boundary_39_descriptor_free.bin,256,8e1ceb75010bb9e73498ed504952c4549fdc5721e4b000c7a2987373f3ed8991
evidence/hardware/p7/authorized_sequence/p7_20260715_stationary_app_r40_diag_suffix55/062_p7_ps_functional/bundle/boundary_39_descriptor_result.bin,256,7bb0e7e2281406ff0e1abc21849e2fc8dbea8b468f4bc7279604f543d61c9829
evidence/hardware/p7/authorized_sequence/p7_20260715_stationary_app_r40_diag_suffix55/062_p7_ps_functional/bundle/boundary_39_input.bin,431,a0ee5330d4af687ead5084fe0522d191402cbb0071399cddf60665cc431e1593
evidence/hardware/p7/authorized_sequence/p7_20260715_stationary_app_r40_diag_suffix55/062_p7_ps_functional/bundle/boundary_39_output_result.bin,431,a0ee5330d4af687ead5084fe0522d191402cbb0071399cddf60665cc431e1593
evidence/hardware/p7/authorized_sequence/p7_20260715_stationary_app_r40_diag_suffix55/062_p7_ps_functional/bundle/boundary_39_output_zero.bin,431,52eb1eb113248cc914639bfd23205619bc2e946f45796c11effd13ee9da22d9d
evidence/hardware/p7/authorized_sequence/p7_20260715_stationary_app_r40_diag_suffix55/062_p7_ps_functional/bundle/boundary_39_trace_result.bin,192,51864eea79d0deb9bee4438d7cbee6355bca142a80082d05dbae73b4bd8c7c44
evidence/hardware/p7/authorized_sequence/p7_20260715_stationary_app_r40_diag_suffix55/062_p7_ps_functional/bundle/boundary_39_trace_zero.bin,192,5d89f056865052bcb89c910d2d62872e029fb273c3db03f8968a52a41593c1b5
evidence/hardware/p7/authorized_sequence/p7_20260715_stationary_app_r40_diag_suffix55/062_p7_ps_functional/bundle/boundary_3_descriptor_free.bin,256,b849a929b32cdd20036db81cf99ab94b2c9308833b10da663852b448d9573b3b
evidence/hardware/p7/authorized_sequence/p7_20260715_stationary_app_r40_diag_suffix55/062_p7_ps_functional/bundle/boundary_3_descriptor_result.bin,256,5ca2f8999e3c02db24e9bc43fb500a99a5d0d2b0e8b4d72d30d004a4bd745354
evidence/hardware/p7/authorized_sequence/p7_20260715_stationary_app_r40_diag_suffix55/062_p7_ps_functional/bundle/boundary_3_input.bin,0,e3b0c44298fc1c149afbf4c8996fb92427ae41e4649b934ca495991b7852b855
evidence/hardware/p7/authorized_sequence/p7_20260715_stationary_app_r40_diag_suffix55/062_p7_ps_functional/bundle/boundary_3_output_result.bin,0,e3b0c44298fc1c149afbf4c8996fb92427ae41e4649b934ca495991b7852b855
evidence/hardware/p7/authorized_sequence/p7_20260715_stationary_app_r40_diag_suffix55/062_p7_ps_functional/bundle/boundary_3_output_zero.bin,0,e3b0c44298fc1c149afbf4c8996fb92427ae41e4649b934ca495991b7852b855
evidence/hardware/p7/authorized_sequence/p7_20260715_stationary_app_r40_diag_suffix55/062_p7_ps_functional/bundle/boundary_3_trace_result.bin,64,930a6f2136e351dd7f098e2140c3f71fb661af6f7c35afaad345fa34fdc21556
evidence/hardware/p7/authorized_sequence/p7_20260715_stationary_app_r40_diag_suffix55/062_p7_ps_functional/bundle/boundary_3_trace_zero.bin,64,f5a5fd42d16a20302798ef6ed309979b43003d2320d9f0e8ea9831a92759fb4b
evidence/hardware/p7/authorized_sequence/p7_20260715_stationary_app_r40_diag_suffix55/062_p7_ps_functional/bundle/boundary_40_descriptor_free.bin,256,36cd40c0f0b989b97efb0291215114cfa4e7ce3cbefc98ce1c245324e796132d
evidence/hardware/p7/authorized_sequence/p7_20260715_stationary_app_r40_diag_suffix55/062_p7_ps_functional/bundle/boundary_40_descriptor_result.bin,256,a6df20550d57b1418364cb3dd25c853b0b3c25d963710d55a3113f711239b167
evidence/hardware/p7/authorized_sequence/p7_20260715_stationary_app_r40_diag_suffix55/062_p7_ps_functional/bundle/boundary_40_input.bin,432,ce7b1c71b87a0ab700b2547140d15258be75b927600d784ecc071f119f790a69
evidence/hardware/p7/authorized_sequence/p7_20260715_stationary_app_r40_diag_suffix55/062_p7_ps_functional/bundle/boundary_40_output_result.bin,432,ce7b1c71b87a0ab700b2547140d15258be75b927600d784ecc071f119f790a69
evidence/hardware/p7/authorized_sequence/p7_20260715_stationary_app_r40_diag_suffix55/062_p7_ps_functional/bundle/boundary_40_output_zero.bin,432,a85681874f9907c7c7a5587ff18ac67914ead8d8cd4d624089b0fc94acf26177
evidence/hardware/p7/authorized_sequence/p7_20260715_stationary_app_r40_diag_suffix55/062_p7_ps_functional/bundle/boundary_40_trace_result.bin,192,15af93602ab527050189b85efdef05b8041a90e33ec114b3c1757f8ea3e1437e
evidence/hardware/p7/authorized_sequence/p7_20260715_stationary_app_r40_diag_suffix55/062_p7_ps_functional/bundle/boundary_40_trace_zero.bin,192,5d89f056865052bcb89c910d2d62872e029fb273c3db03f8968a52a41593c1b5
evidence/hardware/p7/authorized_sequence/p7_20260715_stationary_app_r40_diag_suffix55/062_p7_ps_functional/bundle/boundary_41_descriptor_free.bin,256,8b16c5662a18a032caf52d3d046528ed7630165b596b9d2b56071dddb0946a5c
evidence/hardware/p7/authorized_sequence/p7_20260715_stationary_app_r40_diag_suffix55/062_p7_ps_functional/bundle/boundary_41_descriptor_result.bin,256,90e10e924cb4d5a77ad2c6d1f5bae98f8ca410fff6894ad1bc1949afc3a43a75
evidence/hardware/p7/authorized_sequence/p7_20260715_stationary_app_r40_diag_suffix55/062_p7_ps_functional/bundle/boundary_41_input.bin,432,ce7b1c71b87a0ab700b2547140d15258be75b927600d784ecc071f119f790a69
evidence/hardware/p7/authorized_sequence/p7_20260715_stationary_app_r40_diag_suffix55/062_p7_ps_functional/bundle/boundary_41_output_result.bin,432,ce7b1c71b87a0ab700b2547140d15258be75b927600d784ecc071f119f790a69
evidence/hardware/p7/authorized_sequence/p7_20260715_stationary_app_r40_diag_suffix55/062_p7_ps_functional/bundle/boundary_41_output_zero.bin,432,a85681874f9907c7c7a5587ff18ac67914ead8d8cd4d624089b0fc94acf26177
evidence/hardware/p7/authorized_sequence/p7_20260715_stationary_app_r40_diag_suffix55/062_p7_ps_functional/bundle/boundary_41_trace_result.bin,192,166d26c1bcdff3980f6a5227ec378be3d99a29792f4c6eca923ee2e18ac3cfa1
evidence/hardware/p7/authorized_sequence/p7_20260715_stationary_app_r40_diag_suffix55/062_p7_ps_functional/bundle/boundary_41_trace_zero.bin,192,5d89f056865052bcb89c910d2d62872e029fb273c3db03f8968a52a41593c1b5
evidence/hardware/p7/authorized_sequence/p7_20260715_stationary_app_r40_diag_suffix55/062_p7_ps_functional/bundle/boundary_42_descriptor_free.bin,256,d62f4ca0fae039f0e69fc4f16e8be27a92c864e6ef309921ebb8025a19bed626
evidence/hardware/p7/authorized_sequence/p7_20260715_stationary_app_r40_diag_suffix55/062_p7_ps_functional/bundle/boundary_42_descriptor_result.bin,256,8701c728ca378636a73dbbb2154f708595aaa8e28fdbd24afce5ea11be14720b
evidence/hardware/p7/authorized_sequence/p7_20260715_stationary_app_r40_diag_suffix55/062_p7_ps_functional/bundle/boundary_42_input.bin,432,ce7b1c71b87a0ab700b2547140d15258be75b927600d784ecc071f119f790a69
evidence/hardware/p7/authorized_sequence/p7_20260715_stationary_app_r40_diag_suffix55/062_p7_ps_functional/bundle/boundary_42_output_result.bin,432,ce7b1c71b87a0ab700b2547140d15258be75b927600d784ecc071f119f790a69
evidence/hardware/p7/authorized_sequence/p7_20260715_stationary_app_r40_diag_suffix55/062_p7_ps_functional/bundle/boundary_42_output_zero.bin,432,a85681874f9907c7c7a5587ff18ac67914ead8d8cd4d624089b0fc94acf26177
evidence/hardware/p7/authorized_sequence/p7_20260715_stationary_app_r40_diag_suffix55/062_p7_ps_functional/bundle/boundary_42_trace_result.bin,192,b2b9f044b117869ea9e02e35d320654d8d39c49df88aedce9b7d98a7622dfd90
evidence/hardware/p7/authorized_sequence/p7_20260715_stationary_app_r40_diag_suffix55/062_p7_ps_functional/bundle/boundary_42_trace_zero.bin,192,5d89f056865052bcb89c910d2d62872e029fb273c3db03f8968a52a41593c1b5
evidence/hardware/p7/authorized_sequence/p7_20260715_stationary_app_r40_diag_suffix55/062_p7_ps_functional/bundle/boundary_43_descriptor_free.bin,256,22ccab72f29a55b7803ec0c3c1389254ce1efce5f84a5721d88668e79520a0de
evidence/hardware/p7/authorized_sequence/p7_20260715_stationary_app_r40_diag_suffix55/062_p7_ps_functional/bundle/boundary_43_descriptor_result.bin,256,849058294c65f8b49be4d1ad10ff44d8968c8e34b7f182a830ac1b6f67c7bf50
evidence/hardware/p7/authorized_sequence/p7_20260715_stationary_app_r40_diag_suffix55/062_p7_ps_functional/bundle/boundary_43_input.bin,432,ce7b1c71b87a0ab700b2547140d15258be75b927600d784ecc071f119f790a69
evidence/hardware/p7/authorized_sequence/p7_20260715_stationary_app_r40_diag_suffix55/062_p7_ps_functional/bundle/boundary_43_output_result.bin,432,ce7b1c71b87a0ab700b2547140d15258be75b927600d784ecc071f119f790a69
evidence/hardware/p7/authorized_sequence/p7_20260715_stationary_app_r40_diag_suffix55/062_p7_ps_functional/bundle/boundary_43_output_zero.bin,432,a85681874f9907c7c7a5587ff18ac67914ead8d8cd4d624089b0fc94acf26177
evidence/hardware/p7/authorized_sequence/p7_20260715_stationary_app_r40_diag_suffix55/062_p7_ps_functional/bundle/boundary_43_trace_result.bin,192,c1a7eb1da073797dfab9d94ad0d4e2a63f049f3edfa34ae0cf1dcdc43f0d59b7
evidence/hardware/p7/authorized_sequence/p7_20260715_stationary_app_r40_diag_suffix55/062_p7_ps_functional/bundle/boundary_43_trace_zero.bin,192,5d89f056865052bcb89c910d2d62872e029fb273c3db03f8968a52a41593c1b5
evidence/hardware/p7/authorized_sequence/p7_20260715_stationary_app_r40_diag_suffix55/062_p7_ps_functional/bundle/boundary_44_descriptor_free.bin,256,b444f97a664d4fb447a451e14148566bab03b9e600e9be568f53c4fdc7aeb05f
evidence/hardware/p7/authorized_sequence/p7_20260715_stationary_app_r40_diag_suffix55/062_p7_ps_functional/bundle/boundary_44_descriptor_result.bin,256,64bc659577117d7e896ba2dfacae5c5219321a8bf14e3a49b22ed91defa09570
evidence/hardware/p7/authorized_sequence/p7_20260715_stationary_app_r40_diag_suffix55/062_p7_ps_functional/bundle/boundary_44_input.bin,1024,785b0751fc2c53dc14a4ce3d800e69ef9ce1009eb327ccf458afe09c242c26c9
evidence/hardware/p7/authorized_sequence/p7_20260715_stationary_app_r40_diag_suffix55/062_p7_ps_functional/bundle/boundary_44_output_result.bin,1024,785b0751fc2c53dc14a4ce3d800e69ef9ce1009eb327ccf458afe09c242c26c9
evidence/hardware/p7/authorized_sequence/p7_20260715_stationary_app_r40_diag_suffix55/062_p7_ps_functional/bundle/boundary_44_output_zero.bin,1024,e75809e0d15667ce44e6aa5c64689a4917b245eb0920094ff0b017dc0612a17a
evidence/hardware/p7/authorized_sequence/p7_20260715_stationary_app_r40_diag_suffix55/062_p7_ps_functional/bundle/boundary_44_trace_result.bin,320,f2f1869f8a2d7c8f22eb2d3987b02cdf4f9f61926dfe06694bdcd4214c056a15
evidence/hardware/p7/authorized_sequence/p7_20260715_stationary_app_r40_diag_suffix55/062_p7_ps_functional/bundle/boundary_44_trace_zero.bin,320,7b6436b0c98f62380866d9432c2af0ee08ce16a171bda6951aecd95ee1307d61
evidence/hardware/p7/authorized_sequence/p7_20260715_stationary_app_r40_diag_suffix55/062_p7_ps_functional/bundle/boundary_45_descriptor_free.bin,256,797c8898f4dba83234a924184aa228dea447790b0069cfa35b37047676927985
evidence/hardware/p7/authorized_sequence/p7_20260715_stationary_app_r40_diag_suffix55/062_p7_ps_functional/bundle/boundary_45_descriptor_result.bin,256,970d73db061736b0bc7da5d7913318b0ec7757540fddfbc8e36d4505d29950d0
evidence/hardware/p7/authorized_sequence/p7_20260715_stationary_app_r40_diag_suffix55/062_p7_ps_functional/bundle/boundary_45_input.bin,1024,785b0751fc2c53dc14a4ce3d800e69ef9ce1009eb327ccf458afe09c242c26c9
evidence/hardware/p7/authorized_sequence/p7_20260715_stationary_app_r40_diag_suffix55/062_p7_ps_functional/bundle/boundary_45_output_result.bin,1024,785b0751fc2c53dc14a4ce3d800e69ef9ce1009eb327ccf458afe09c242c26c9
evidence/hardware/p7/authorized_sequence/p7_20260715_stationary_app_r40_diag_suffix55/062_p7_ps_functional/bundle/boundary_45_output_zero.bin,1024,e75809e0d15667ce44e6aa5c64689a4917b245eb0920094ff0b017dc0612a17a
evidence/hardware/p7/authorized_sequence/p7_20260715_stationary_app_r40_diag_suffix55/062_p7_ps_functional/bundle/boundary_45_trace_result.bin,320,ce85c9d395ecd5c3b574e4e42368994b04d7d3d33a82c3ad426ca0468721427c
evidence/hardware/p7/authorized_sequence/p7_20260715_stationary_app_r40_diag_suffix55/062_p7_ps_functional/bundle/boundary_45_trace_zero.bin,320,7b6436b0c98f62380866d9432c2af0ee08ce16a171bda6951aecd95ee1307d61
evidence/hardware/p7/authorized_sequence/p7_20260715_stationary_app_r40_diag_suffix55/062_p7_ps_functional/bundle/boundary_46_descriptor_free.bin,256,0da660f354b98b26e93c896c0ab66c5be04790f2a56253d8ec7f3dc8d8c4e916
evidence/hardware/p7/authorized_sequence/p7_20260715_stationary_app_r40_diag_suffix55/062_p7_ps_functional/bundle/boundary_46_descriptor_result.bin,256,d0deae69a20faf7306ffde3a8921d6fe93fe090084cff3946541df32b0deda72
evidence/hardware/p7/authorized_sequence/p7_20260715_stationary_app_r40_diag_suffix55/062_p7_ps_functional/bundle/boundary_46_input.bin,1024,785b0751fc2c53dc14a4ce3d800e69ef9ce1009eb327ccf458afe09c242c26c9
evidence/hardware/p7/authorized_sequence/p7_20260715_stationary_app_r40_diag_suffix55/062_p7_ps_functional/bundle/boundary_46_output_result.bin,1024,785b0751fc2c53dc14a4ce3d800e69ef9ce1009eb327ccf458afe09c242c26c9
evidence/hardware/p7/authorized_sequence/p7_20260715_stationary_app_r40_diag_suffix55/062_p7_ps_functional/bundle/boundary_46_output_zero.bin,1024,e75809e0d15667ce44e6aa5c64689a4917b245eb0920094ff0b017dc0612a17a
evidence/hardware/p7/authorized_sequence/p7_20260715_stationary_app_r40_diag_suffix55/062_p7_ps_functional/bundle/boundary_46_trace_result.bin,320,606d03b572a9b980e3eec5d16e5cc800307876517fffba5935fb407578807c4b
evidence/hardware/p7/authorized_sequence/p7_20260715_stationary_app_r40_diag_suffix55/062_p7_ps_functional/bundle/boundary_46_trace_zero.bin,320,7b6436b0c98f62380866d9432c2af0ee08ce16a171bda6951aecd95ee1307d61
evidence/hardware/p7/authorized_sequence/p7_20260715_stationary_app_r40_diag_suffix55/062_p7_ps_functional/bundle/boundary_47_descriptor_free.bin,256,0a9997d17c9b909ca9b042c42500dc1ebe7b8019cc125205ce98160827cfd385
evidence/hardware/p7/authorized_sequence/p7_20260715_stationary_app_r40_diag_suffix55/062_p7_ps_functional/bundle/boundary_47_descriptor_result.bin,256,c477f1b3dbf3cdcf272b9d48f5233162efbba30bd3bd5b6d7cd08e655c9e918a
evidence/hardware/p7/authorized_sequence/p7_20260715_stationary_app_r40_diag_suffix55/062_p7_ps_functional/bundle/boundary_47_input.bin,1024,785b0751fc2c53dc14a4ce3d800e69ef9ce1009eb327ccf458afe09c242c26c9
evidence/hardware/p7/authorized_sequence/p7_20260715_stationary_app_r40_diag_suffix55/062_p7_ps_functional/bundle/boundary_47_output_result.bin,1024,785b0751fc2c53dc14a4ce3d800e69ef9ce1009eb327ccf458afe09c242c26c9
evidence/hardware/p7/authorized_sequence/p7_20260715_stationary_app_r40_diag_suffix55/062_p7_ps_functional/bundle/boundary_47_output_zero.bin,1024,e75809e0d15667ce44e6aa5c64689a4917b245eb0920094ff0b017dc0612a17a
evidence/hardware/p7/authorized_sequence/p7_20260715_stationary_app_r40_diag_suffix55/062_p7_ps_functional/bundle/boundary_47_trace_result.bin,320,cdacbdcf6aa6e2be4bca297e1e0f832c0270754ab03c06158a4ca1ecdca1361a
evidence/hardware/p7/authorized_sequence/p7_20260715_stationary_app_r40_diag_suffix55/062_p7_ps_functional/bundle/boundary_47_trace_zero.bin,320,7b6436b0c98f62380866d9432c2af0ee08ce16a171bda6951aecd95ee1307d61
evidence/hardware/p7/authorized_sequence/p7_20260715_stationary_app_r40_diag_suffix55/062_p7_ps_functional/bundle/boundary_4_descriptor_free.bin,256,dc71be05fa1515ccce062c17be864b4c73120eb099401f66e779da37b3723107
evidence/hardware/p7/authorized_sequence/p7_20260715_stationary_app_r40_diag_suffix55/062_p7_ps_functional/bundle/boundary_4_descriptor_result.bin,256,4c5373633967a5f5c75b72f5b6b3e606d8ef781afcc1faac95d958cf15edc4af
evidence/hardware/p7/authorized_sequence/p7_20260715_stationary_app_r40_diag_suffix55/062_p7_ps_functional/bundle/boundary_4_input.bin,1,6e340b9cffb37a989ca544e6bb780a2c78901d3fb33738768511a30617afa01d
evidence/hardware/p7/authorized_sequence/p7_20260715_stationary_app_r40_diag_suffix55/062_p7_ps_functional/bundle/boundary_4_output_result.bin,1,6e340b9cffb37a989ca544e6bb780a2c78901d3fb33738768511a30617afa01d
evidence/hardware/p7/authorized_sequence/p7_20260715_stationary_app_r40_diag_suffix55/062_p7_ps_functional/bundle/boundary_4_output_zero.bin,1,6922e93e3827642ce4b883c756b31abf80036649d3614bf5fcb3adda43b8ea32
evidence/hardware/p7/authorized_sequence/p7_20260715_stationary_app_r40_diag_suffix55/062_p7_ps_functional/bundle/boundary_4_trace_result.bin,64,9fd03deb43b07751684a9dd47c75163ff01a179af003808ca2525844c1c9762c
evidence/hardware/p7/authorized_sequence/p7_20260715_stationary_app_r40_diag_suffix55/062_p7_ps_functional/bundle/boundary_4_trace_zero.bin,64,f5a5fd42d16a20302798ef6ed309979b43003d2320d9f0e8ea9831a92759fb4b
evidence/hardware/p7/authorized_sequence/p7_20260715_stationary_app_r40_diag_suffix55/062_p7_ps_functional/bundle/boundary_5_descriptor_free.bin,256,f0b52704d9929f1e3667e87554a19e2360394b8e1318ad21c9d095c0b0b02b3d
evidence/hardware/p7/authorized_sequence/p7_20260715_stationary_app_r40_diag_suffix55/062_p7_ps_functional/bundle/boundary_5_descriptor_result.bin,256,beb4481c98965da90fd689713ec2bef062211665e45fe3bdd0a274cfafaec4aa
evidence/hardware/p7/authorized_sequence/p7_20260715_stationary_app_r40_diag_suffix55/062_p7_ps_functional/bundle/boundary_5_input.bin,1,6e340b9cffb37a989ca544e6bb780a2c78901d3fb33738768511a30617afa01d
evidence/hardware/p7/authorized_sequence/p7_20260715_stationary_app_r40_diag_suffix55/062_p7_ps_functional/bundle/boundary_5_output_result.bin,1,6e340b9cffb37a989ca544e6bb780a2c78901d3fb33738768511a30617afa01d
evidence/hardware/p7/authorized_sequence/p7_20260715_stationary_app_r40_diag_suffix55/062_p7_ps_functional/bundle/boundary_5_output_zero.bin,1,6922e93e3827642ce4b883c756b31abf80036649d3614bf5fcb3adda43b8ea32
evidence/hardware/p7/authorized_sequence/p7_20260715_stationary_app_r40_diag_suffix55/062_p7_ps_functional/bundle/boundary_5_trace_result.bin,64,4f4926b5a27a8195024ca921ab15c99ea09aae7322d0a3a9e6c0ae3e1a6af202
evidence/hardware/p7/authorized_sequence/p7_20260715_stationary_app_r40_diag_suffix55/062_p7_ps_functional/bundle/boundary_5_trace_zero.bin,64,f5a5fd42d16a20302798ef6ed309979b43003d2320d9f0e8ea9831a92759fb4b
evidence/hardware/p7/authorized_sequence/p7_20260715_stationary_app_r40_diag_suffix55/062_p7_ps_functional/bundle/boundary_6_descriptor_free.bin,256,701f9ea11f1af76c5b981e0de1aef44aab270598a7b50978fc65193be889aab2
evidence/hardware/p7/authorized_sequence/p7_20260715_stationary_app_r40_diag_suffix55/062_p7_ps_functional/bundle/boundary_6_descriptor_result.bin,256,22d99922a83d277556abebc2cedc0fc4bf3dc533a92ad36702a64fb6c1fea5cf
evidence/hardware/p7/authorized_sequence/p7_20260715_stationary_app_r40_diag_suffix55/062_p7_ps_functional/bundle/boundary_6_input.bin,1,6e340b9cffb37a989ca544e6bb780a2c78901d3fb33738768511a30617afa01d
evidence/hardware/p7/authorized_sequence/p7_20260715_stationary_app_r40_diag_suffix55/062_p7_ps_functional/bundle/boundary_6_output_result.bin,1,6e340b9cffb37a989ca544e6bb780a2c78901d3fb33738768511a30617afa01d
evidence/hardware/p7/authorized_sequence/p7_20260715_stationary_app_r40_diag_suffix55/062_p7_ps_functional/bundle/boundary_6_output_zero.bin,1,6922e93e3827642ce4b883c756b31abf80036649d3614bf5fcb3adda43b8ea32
evidence/hardware/p7/authorized_sequence/p7_20260715_stationary_app_r40_diag_suffix55/062_p7_ps_functional/bundle/boundary_6_trace_result.bin,64,5711d9732400a389f3500d48402386f3d082916f62ffd4d730e6c2171c9faedc
evidence/hardware/p7/authorized_sequence/p7_20260715_stationary_app_r40_diag_suffix55/062_p7_ps_functional/bundle/boundary_6_trace_zero.bin,64,f5a5fd42d16a20302798ef6ed309979b43003d2320d9f0e8ea9831a92759fb4b
evidence/hardware/p7/authorized_sequence/p7_20260715_stationary_app_r40_diag_suffix55/062_p7_ps_functional/bundle/boundary_7_descriptor_free.bin,256,1f0cb1ecf27f165303919cc77bf2f2801a10fc919f60eac5efbdc92e4f3a5477
evidence/hardware/p7/authorized_sequence/p7_20260715_stationary_app_r40_diag_suffix55/062_p7_ps_functional/bundle/boundary_7_descriptor_result.bin,256,c91514e15d60bb313243682d725467ab2820110736ddac2fc1ada230f886366f
evidence/hardware/p7/authorized_sequence/p7_20260715_stationary_app_r40_diag_suffix55/062_p7_ps_functional/bundle/boundary_7_input.bin,1,6e340b9cffb37a989ca544e6bb780a2c78901d3fb33738768511a30617afa01d
evidence/hardware/p7/authorized_sequence/p7_20260715_stationary_app_r40_diag_suffix55/062_p7_ps_functional/bundle/boundary_7_output_result.bin,1,6e340b9cffb37a989ca544e6bb780a2c78901d3fb33738768511a30617afa01d
evidence/hardware/p7/authorized_sequence/p7_20260715_stationary_app_r40_diag_suffix55/062_p7_ps_functional/bundle/boundary_7_output_zero.bin,1,6922e93e3827642ce4b883c756b31abf80036649d3614bf5fcb3adda43b8ea32
evidence/hardware/p7/authorized_sequence/p7_20260715_stationary_app_r40_diag_suffix55/062_p7_ps_functional/bundle/boundary_7_trace_result.bin,64,b00da65cf8d6d2e896b33dd21abd5b65763bf745545c9dd785c5a1655a032995
evidence/hardware/p7/authorized_sequence/p7_20260715_stationary_app_r40_diag_suffix55/062_p7_ps_functional/bundle/boundary_7_trace_zero.bin,64,f5a5fd42d16a20302798ef6ed309979b43003d2320d9f0e8ea9831a92759fb4b
evidence/hardware/p7/authorized_sequence/p7_20260715_stationary_app_r40_diag_suffix55/062_p7_ps_functional/bundle/boundary_8_descriptor_free.bin,256,7e31e370f2215a306b938ea6b66f2f9a9fdc3092f0d08e65f8c6f75e7a536380
evidence/hardware/p7/authorized_sequence/p7_20260715_stationary_app_r40_diag_suffix55/062_p7_ps_functional/bundle/boundary_8_descriptor_result.bin,256,ca389eea5c8ace40699daa95373f5a2652a0a6ef6cee39c1d18038083c39d59d
evidence/hardware/p7/authorized_sequence/p7_20260715_stationary_app_r40_diag_suffix55/062_p7_ps_functional/bundle/boundary_8_input.bin,30,ef178cb1ce931617eeaa6e24f5650bd273f8cda434ef85f18c5b372779f85a33
evidence/hardware/p7/authorized_sequence/p7_20260715_stationary_app_r40_diag_suffix55/062_p7_ps_functional/bundle/boundary_8_output_result.bin,30,ef178cb1ce931617eeaa6e24f5650bd273f8cda434ef85f18c5b372779f85a33
evidence/hardware/p7/authorized_sequence/p7_20260715_stationary_app_r40_diag_suffix55/062_p7_ps_functional/bundle/boundary_8_output_zero.bin,30,3f602f0d44c26057387596e3793a79c92cf2cf3722b843f7fa30bd40f9bf0fb4
evidence/hardware/p7/authorized_sequence/p7_20260715_stationary_app_r40_diag_suffix55/062_p7_ps_functional/bundle/boundary_8_trace_result.bin,64,48b1e5f04e3549eb3694a5e8e66fe99e10606121d6949238c94e75699b1fc5bf
evidence/hardware/p7/authorized_sequence/p7_20260715_stationary_app_r40_diag_suffix55/062_p7_ps_functional/bundle/boundary_8_trace_zero.bin,64,f5a5fd42d16a20302798ef6ed309979b43003d2320d9f0e8ea9831a92759fb4b
evidence/hardware/p7/authorized_sequence/p7_20260715_stationary_app_r40_diag_suffix55/062_p7_ps_functional/bundle/boundary_9_descriptor_free.bin,256,b04ab35252d1a3dc4cb3d52f3ea3d429feec26c07d816b55e172ff2c7013b4e5
evidence/hardware/p7/authorized_sequence/p7_20260715_stationary_app_r40_diag_suffix55/062_p7_ps_functional/bundle/boundary_9_descriptor_result.bin,256,dc1fb96108249cfb53a7a240d0c806811b95bf3ff0916c6e7782173a8afaf142
evidence/hardware/p7/authorized_sequence/p7_20260715_stationary_app_r40_diag_suffix55/062_p7_ps_functional/bundle/boundary_9_input.bin,30,012cc8b96aa74d604a2afa4a67058cd251a1b55b56d54c4e7dae8e18466a290e
evidence/hardware/p7/authorized_sequence/p7_20260715_stationary_app_r40_diag_suffix55/062_p7_ps_functional/bundle/boundary_9_output_result.bin,30,012cc8b96aa74d604a2afa4a67058cd251a1b55b56d54c4e7dae8e18466a290e
evidence/hardware/p7/authorized_sequence/p7_20260715_stationary_app_r40_diag_suffix55/062_p7_ps_functional/bundle/boundary_9_output_zero.bin,30,3f602f0d44c26057387596e3793a79c92cf2cf3722b843f7fa30bd40f9bf0fb4
evidence/hardware/p7/authorized_sequence/p7_20260715_stationary_app_r40_diag_suffix55/062_p7_ps_functional/bundle/boundary_9_trace_result.bin,64,1c98cf7293b1a167bd16ec3a07f1c16967abc4bb38c5826bf24adbfbdc102e74
evidence/hardware/p7/authorized_sequence/p7_20260715_stationary_app_r40_diag_suffix55/062_p7_ps_functional/bundle/boundary_9_trace_zero.bin,64,f5a5fd42d16a20302798ef6ed309979b43003d2320d9f0e8ea9831a92759fb4b
evidence/hardware/p7/authorized_sequence/p7_20260715_stationary_app_r40_diag_suffix55/062_p7_ps_functional/bundle/boundary_batch_0_descriptors.bin,2048,8770161356c50d6f862c47e89de03c6c80b054d1d203dba31f9f12992142aa04
evidence/hardware/p7/authorized_sequence/p7_20260715_stationary_app_r40_diag_suffix55/062_p7_ps_functional/bundle/boundary_batch_1_descriptors.bin,2048,077b8d6adbabc20475529e427266c2b299c7e9f7c30393c6160177a55c986aaa
evidence/hardware/p7/authorized_sequence/p7_20260715_stationary_app_r40_diag_suffix55/062_p7_ps_functional/bundle/boundary_batch_2_descriptors.bin,2048,c06f9c77756cfb1214144e23a8562e286035dbc6e53c15e83dbd1cd983de1e5d
evidence/hardware/p7/authorized_sequence/p7_20260715_stationary_app_r40_diag_suffix55/062_p7_ps_functional/bundle/boundary_batch_3_descriptors.bin,2048,8d8cec84889425571ee117ed26207e17c7649213566fa3075269e05d20d92b70
evidence/hardware/p7/authorized_sequence/p7_20260715_stationary_app_r40_diag_suffix55/062_p7_ps_functional/bundle/boundary_batch_4_descriptors.bin,2048,b80a5d70be32708b6b334b74adc27fc44ece4c97d5e58b63563c72416635677c
evidence/hardware/p7/authorized_sequence/p7_20260715_stationary_app_r40_diag_suffix55/062_p7_ps_functional/bundle/boundary_batch_5_descriptors.bin,2048,e27839320826cc0ddee207e99b44f6686986cab38ca4482e4891cc483943878f
evidence/hardware/p7/authorized_sequence/p7_20260715_stationary_app_r40_diag_suffix55/062_p7_ps_functional/bundle/bundle_manifest.json,118862,9a93f24423b0b47a1df806889c0f53048182d01aff635b321c62f7b40a2f50ae
evidence/hardware/p7/authorized_sequence/p7_20260715_stationary_app_r40_diag_suffix55/062_p7_ps_functional/bundle/descriptor_free_0.bin,256,277d97bf4314f3c44e19f97a4a9fc5b4270133ec4b3b3bb45fdaef4b60fd78e5
evidence/hardware/p7/authorized_sequence/p7_20260715_stationary_app_r40_diag_suffix55/062_p7_ps_functional/bundle/descriptor_free_1.bin,256,784db7f881b6b018fffa4ec947e05276e923b417a91653cc05865e1f15ff96a3
evidence/hardware/p7/authorized_sequence/p7_20260715_stationary_app_r40_diag_suffix55/062_p7_ps_functional/bundle/descriptor_free_2.bin,256,49620c5cf215aab2861edf09f0b7e54016341d4a685f5cd8273e13e89d25f3e4
evidence/hardware/p7/authorized_sequence/p7_20260715_stationary_app_r40_diag_suffix55/062_p7_ps_functional/bundle/descriptor_free_3.bin,256,53ab6f6bb08fbef29394792f76cfb3940fc3e1158b201d9783c803000e930d19
evidence/hardware/p7/authorized_sequence/p7_20260715_stationary_app_r40_diag_suffix55/062_p7_ps_functional/bundle/descriptor_free_4.bin,256,b424147c284b1302fca30da412d7c8173ea36cad807c79603d83ef8634677da6
evidence/hardware/p7/authorized_sequence/p7_20260715_stationary_app_r40_diag_suffix55/062_p7_ps_functional/bundle/descriptor_free_5.bin,256,9b02ab951d762a09590ffd39a12bcfb8db099c715b77130cb020ffcceb618cca
evidence/hardware/p7/authorized_sequence/p7_20260715_stationary_app_r40_diag_suffix55/062_p7_ps_functional/bundle/descriptor_free_6.bin,256,080ac828d00c6e4e207ba56bd2703f5eff04fe270688025687b294e69259840f
evidence/hardware/p7/authorized_sequence/p7_20260715_stationary_app_r40_diag_suffix55/062_p7_ps_functional/bundle/descriptor_free_7.bin,256,95c32dec138fce7013bc8e27d27a5c2fb2dd36c9480aa08acd81282a5cf9a156
evidence/hardware/p7/authorized_sequence/p7_20260715_stationary_app_r40_diag_suffix55/062_p7_ps_functional/bundle/descriptor_result_0.bin,256,29d0c7dd4d1a22e500cc8528676a76ff7af22bb7390b139859d8c927c1bf825e
evidence/hardware/p7/authorized_sequence/p7_20260715_stationary_app_r40_diag_suffix55/062_p7_ps_functional/bundle/descriptor_result_1.bin,256,aab6d47f7c905409383722eae5a4df72ffb6f9343bb4695e78e6d826463ff9bb
evidence/hardware/p7/authorized_sequence/p7_20260715_stationary_app_r40_diag_suffix55/062_p7_ps_functional/bundle/descriptor_result_2.bin,256,d480652639ced9be5bd7e9f4bb278ee43a7c8e53687d73b9b3ee4d0709c36b77
evidence/hardware/p7/authorized_sequence/p7_20260715_stationary_app_r40_diag_suffix55/062_p7_ps_functional/bundle/descriptor_result_3.bin,256,12c890e6f49628e8346a5ab8333cd3f8343066941f0da9d8341ce47514018cb0
evidence/hardware/p7/authorized_sequence/p7_20260715_stationary_app_r40_diag_suffix55/062_p7_ps_functional/bundle/descriptor_result_4.bin,256,8a843839f9cdd3d14f1ad2354919f0c6ab7e4f685900341b94989c4434953d8c
evidence/hardware/p7/authorized_sequence/p7_20260715_stationary_app_r40_diag_suffix55/062_p7_ps_functional/bundle/descriptor_result_5.bin,256,fb578c353fd5759928d6b364977188ae9fcc1a0b9239a9155fcfa2f41c5eab5e
evidence/hardware/p7/authorized_sequence/p7_20260715_stationary_app_r40_diag_suffix55/062_p7_ps_functional/bundle/descriptor_result_6.bin,256,6df73def1964c7464caf2e33a512a63ca513df75fe094d7f2492c92dc48ec812
evidence/hardware/p7/authorized_sequence/p7_20260715_stationary_app_r40_diag_suffix55/062_p7_ps_functional/bundle/descriptor_result_7.bin,256,ff915ba2e753fe7dfa78fffd40b7acf1db8a81361013996319084521c6e463f8
evidence/hardware/p7/authorized_sequence/p7_20260715_stationary_app_r40_diag_suffix55/062_p7_ps_functional/bundle/descriptors.bin,2048,9d2dd67f6ce41684f0732c65046d09018f710a97004eed6e2dd06bb1cd654bf3
evidence/hardware/p7/authorized_sequence/p7_20260715_stationary_app_r40_diag_suffix55/062_p7_ps_functional/bundle/execution_plan.txt,4852,07c0a8566e9be7fc25d0471de61dd26aab51ff49b2b232cc435f974363fd15cc
evidence/hardware/p7/authorized_sequence/p7_20260715_stationary_app_r40_diag_suffix55/062_p7_ps_functional/bundle/functional_checkpoint_4k_descriptor_free.bin,256,5dc10dad7d20d0551bc529b60041121655febe693ef85b8663bb2f1f97b10877
evidence/hardware/p7/authorized_sequence/p7_20260715_stationary_app_r40_diag_suffix55/062_p7_ps_functional/bundle/functional_checkpoint_4k_descriptor_result.bin,256,fc4f083cc103f6a14f1e06476c2462b8e265f6232eea23d39cc3d5f6ecaf7bef
evidence/hardware/p7/authorized_sequence/p7_20260715_stationary_app_r40_diag_suffix55/062_p7_ps_functional/bundle/functional_checkpoint_4k_input.bin,4096,cfed41318bf27079bf070450799fa8b9ba15a1a9d163bd1ec962a1cf678ac744
evidence/hardware/p7/authorized_sequence/p7_20260715_stationary_app_r40_diag_suffix55/062_p7_ps_functional/bundle/functional_checkpoint_4k_input_doubleword_readback.bin,4096,cfed41318bf27079bf070450799fa8b9ba15a1a9d163bd1ec962a1cf678ac744
evidence/hardware/p7/authorized_sequence/p7_20260715_stationary_app_r40_diag_suffix55/062_p7_ps_functional/bundle/functional_checkpoint_4k_output_result.bin,4096,cfed41318bf27079bf070450799fa8b9ba15a1a9d163bd1ec962a1cf678ac744
evidence/hardware/p7/authorized_sequence/p7_20260715_stationary_app_r40_diag_suffix55/062_p7_ps_functional/bundle/functional_checkpoint_4k_output_zero.bin,4096,f600eca824e84a43f0691b267bd620e462c50da165c5b80e17aecb7a924f1fa8
evidence/hardware/p7/authorized_sequence/p7_20260715_stationary_app_r40_diag_suffix55/062_p7_ps_functional/bundle/functional_checkpoint_4k_trace_result.bin,1280,f9ac4c54f3419348fd0c13bd2213b69072533b011c9ee19b7ac5d51b896055d9
evidence/hardware/p7/authorized_sequence/p7_20260715_stationary_app_r40_diag_suffix55/062_p7_ps_functional/bundle/functional_checkpoint_4k_trace_zero.bin,1280,bfe492baf731a0dbf6e1e050f5bc3fe8c1b049383194dcdf82f023bfa409f462
evidence/hardware/p7/authorized_sequence/p7_20260715_stationary_app_r40_diag_suffix55/062_p7_ps_functional/bundle/input_0.bin,1048576,7e5429086427389d04aa9ae1787edae67633271ec7d045e5ff64a6b6925aa5a8
evidence/hardware/p7/authorized_sequence/p7_20260715_stationary_app_r40_diag_suffix55/062_p7_ps_functional/bundle/input_1.bin,1048576,6e2168bcadacf3a15b84463f0ff9ebd2a54be5c94cfae85961ebd3e995d82747
evidence/hardware/p7/authorized_sequence/p7_20260715_stationary_app_r40_diag_suffix55/062_p7_ps_functional/bundle/input_2.bin,1048576,4c54cb11f9da4a76ebd2470e604415d99048535922929f6ad104b16d272d4256
evidence/hardware/p7/authorized_sequence/p7_20260715_stationary_app_r40_diag_suffix55/062_p7_ps_functional/bundle/input_3.bin,1048576,09785f426752ea6dca4adecddd49bb125bd9561c02bc44dc8b04b6ec0e5754ee
evidence/hardware/p7/authorized_sequence/p7_20260715_stationary_app_r40_diag_suffix55/062_p7_ps_functional/bundle/input_4.bin,65536,4cdf72271fcefc2f6466e00c33629289ef02d0e8ab700fdbaba0d84fc37ac882
evidence/hardware/p7/authorized_sequence/p7_20260715_stationary_app_r40_diag_suffix55/062_p7_ps_functional/bundle/input_5.bin,65536,526f5907b623c3f7cd7efaa6584aeb0fdc8a9aaefa94cd595ee01508156780f4
evidence/hardware/p7/authorized_sequence/p7_20260715_stationary_app_r40_diag_suffix55/062_p7_ps_functional/bundle/input_6.bin,65536,766d012a0c43b3d04ba72af7cb4249517589945577bc1e1a06425417ff813f05
evidence/hardware/p7/authorized_sequence/p7_20260715_stationary_app_r40_diag_suffix55/062_p7_ps_functional/bundle/input_7.bin,65536,7daca2095d0438260fa849183dfc67faa459fdf4936e1bc91eec6b281b27e4c2
evidence/hardware/p7/authorized_sequence/p7_20260715_stationary_app_r40_diag_suffix55/062_p7_ps_functional/bundle/mailbox.bin,256,859ce2f9fc56ecd72fa4eb1c9309b59c49738e81c18d2ccc2e54565a7e497fc5
evidence/hardware/p7/authorized_sequence/p7_20260715_stationary_app_r40_diag_suffix55/062_p7_ps_functional/bundle/mailbox_final.bin,256,aa3da8d6ffab48ec5bc3ebd51350c90ad3a1d752e5dd41e3588085580490d811
evidence/hardware/p7/authorized_sequence/p7_20260715_stationary_app_r40_diag_suffix55/062_p7_ps_functional/bundle/output_result_0.bin,1048576,7e5429086427389d04aa9ae1787edae67633271ec7d045e5ff64a6b6925aa5a8
evidence/hardware/p7/authorized_sequence/p7_20260715_stationary_app_r40_diag_suffix55/062_p7_ps_functional/bundle/output_result_1.bin,1048576,6e2168bcadacf3a15b84463f0ff9ebd2a54be5c94cfae85961ebd3e995d82747
evidence/hardware/p7/authorized_sequence/p7_20260715_stationary_app_r40_diag_suffix55/062_p7_ps_functional/bundle/output_result_2.bin,1048576,4c54cb11f9da4a76ebd2470e604415d99048535922929f6ad104b16d272d4256
evidence/hardware/p7/authorized_sequence/p7_20260715_stationary_app_r40_diag_suffix55/062_p7_ps_functional/bundle/output_result_3.bin,1048576,09785f426752ea6dca4adecddd49bb125bd9561c02bc44dc8b04b6ec0e5754ee
evidence/hardware/p7/authorized_sequence/p7_20260715_stationary_app_r40_diag_suffix55/062_p7_ps_functional/bundle/output_result_4.bin,65536,4cdf72271fcefc2f6466e00c33629289ef02d0e8ab700fdbaba0d84fc37ac882
evidence/hardware/p7/authorized_sequence/p7_20260715_stationary_app_r40_diag_suffix55/062_p7_ps_functional/bundle/output_result_5.bin,65536,526f5907b623c3f7cd7efaa6584aeb0fdc8a9aaefa94cd595ee01508156780f4
evidence/hardware/p7/authorized_sequence/p7_20260715_stationary_app_r40_diag_suffix55/062_p7_ps_functional/bundle/output_result_6.bin,65536,766d012a0c43b3d04ba72af7cb4249517589945577bc1e1a06425417ff813f05
evidence/hardware/p7/authorized_sequence/p7_20260715_stationary_app_r40_diag_suffix55/062_p7_ps_functional/bundle/output_result_7.bin,65536,7daca2095d0438260fa849183dfc67faa459fdf4936e1bc91eec6b281b27e4c2
evidence/hardware/p7/authorized_sequence/p7_20260715_stationary_app_r40_diag_suffix55/062_p7_ps_functional/bundle/output_zero_0.bin,1048576,16c7f1d8a38b4b84560e558ab03b13c82e2ff374d87eaacb4df22f03604e7a4f
evidence/hardware/p7/authorized_sequence/p7_20260715_stationary_app_r40_diag_suffix55/062_p7_ps_functional/bundle/output_zero_1.bin,1048576,16c7f1d8a38b4b84560e558ab03b13c82e2ff374d87eaacb4df22f03604e7a4f
evidence/hardware/p7/authorized_sequence/p7_20260715_stationary_app_r40_diag_suffix55/062_p7_ps_functional/bundle/output_zero_2.bin,1048576,16c7f1d8a38b4b84560e558ab03b13c82e2ff374d87eaacb4df22f03604e7a4f
evidence/hardware/p7/authorized_sequence/p7_20260715_stationary_app_r40_diag_suffix55/062_p7_ps_functional/bundle/output_zero_3.bin,1048576,16c7f1d8a38b4b84560e558ab03b13c82e2ff374d87eaacb4df22f03604e7a4f
evidence/hardware/p7/authorized_sequence/p7_20260715_stationary_app_r40_diag_suffix55/062_p7_ps_functional/bundle/output_zero_4.bin,65536,77007cd74a06dc54e5114d01a41d2721679d5668a0c20022fe102c87ad4d65b8
evidence/hardware/p7/authorized_sequence/p7_20260715_stationary_app_r40_diag_suffix55/062_p7_ps_functional/bundle/output_zero_5.bin,65536,77007cd74a06dc54e5114d01a41d2721679d5668a0c20022fe102c87ad4d65b8
evidence/hardware/p7/authorized_sequence/p7_20260715_stationary_app_r40_diag_suffix55/062_p7_ps_functional/bundle/output_zero_6.bin,65536,77007cd74a06dc54e5114d01a41d2721679d5668a0c20022fe102c87ad4d65b8
evidence/hardware/p7/authorized_sequence/p7_20260715_stationary_app_r40_diag_suffix55/062_p7_ps_functional/bundle/output_zero_7.bin,65536,77007cd74a06dc54e5114d01a41d2721679d5668a0c20022fe102c87ad4d65b8
evidence/hardware/p7/authorized_sequence/p7_20260715_stationary_app_r40_diag_suffix55/062_p7_ps_functional/bundle/stage62_microtest_control.bin,64,f5a5fd42d16a20302798ef6ed309979b43003d2320d9f0e8ea9831a92759fb4b
evidence/hardware/p7/authorized_sequence/p7_20260715_stationary_app_r40_diag_suffix55/062_p7_ps_functional/bundle/trace_result_0.bin,312192,60d687ae404b12038ccbab9e27fd8351cc7f0ef8e01dcb99085f20e5e66fbbab
evidence/hardware/p7/authorized_sequence/p7_20260715_stationary_app_r40_diag_suffix55/062_p7_ps_functional/bundle/trace_result_1.bin,312192,42aeb87c902ee5d7d2bc60850ec757bc8b1760b6e693cbd1c66a8c0817f7c4e1
evidence/hardware/p7/authorized_sequence/p7_20260715_stationary_app_r40_diag_suffix55/062_p7_ps_functional/bundle/trace_result_2.bin,312192,6ed630773c80a271eb2fc016a8223e1748cb32c0fdc36631fcf6c9d12f0748d5
evidence/hardware/p7/authorized_sequence/p7_20260715_stationary_app_r40_diag_suffix55/062_p7_ps_functional/bundle/trace_result_3.bin,312192,3a596001d8234f5936de228db85b4f56e23a319bf6b4eee7b56faf045cd24420
evidence/hardware/p7/authorized_sequence/p7_20260715_stationary_app_r40_diag_suffix55/062_p7_ps_functional/bundle/trace_result_4.bin,19520,fb4628fad15cef08e389509117486841e442d49a504de5d85503de68498172a4
evidence/hardware/p7/authorized_sequence/p7_20260715_stationary_app_r40_diag_suffix55/062_p7_ps_functional/bundle/trace_result_5.bin,19520,8118c38cf8d4dfa5db596c7b07ac82d916d5eb3b31d9a239972e9a4c9bff5261
evidence/hardware/p7/authorized_sequence/p7_20260715_stationary_app_r40_diag_suffix55/062_p7_ps_functional/bundle/trace_result_6.bin,19520,f248a339192100cf07ea73572c753699758b32aedc9e39966e7f4430a38e0d14
evidence/hardware/p7/authorized_sequence/p7_20260715_stationary_app_r40_diag_suffix55/062_p7_ps_functional/bundle/trace_result_7.bin,19520,784609f14cf979addf42f79c85abb493ed5992a006b4ab9061f9bf24d8f5a50e
evidence/hardware/p7/authorized_sequence/p7_20260715_stationary_app_r40_diag_suffix55/062_p7_ps_functional/bundle/trace_zero_0.bin,312192,3d8381f0e2711b2f4324add4ad3dc62d9207063a88e7511d368e5523472fc7e7
evidence/hardware/p7/authorized_sequence/p7_20260715_stationary_app_r40_diag_suffix55/062_p7_ps_functional/bundle/trace_zero_1.bin,312192,3d8381f0e2711b2f4324add4ad3dc62d9207063a88e7511d368e5523472fc7e7
evidence/hardware/p7/authorized_sequence/p7_20260715_stationary_app_r40_diag_suffix55/062_p7_ps_functional/bundle/trace_zero_2.bin,312192,3d8381f0e2711b2f4324add4ad3dc62d9207063a88e7511d368e5523472fc7e7
evidence/hardware/p7/authorized_sequence/p7_20260715_stationary_app_r40_diag_suffix55/062_p7_ps_functional/bundle/trace_zero_3.bin,312192,3d8381f0e2711b2f4324add4ad3dc62d9207063a88e7511d368e5523472fc7e7
evidence/hardware/p7/authorized_sequence/p7_20260715_stationary_app_r40_diag_suffix55/062_p7_ps_functional/bundle/trace_zero_4.bin,19520,26246329fca08c3c7597476d7f95ed90cb9d1ca165876ddfca673a52d26d4147
evidence/hardware/p7/authorized_sequence/p7_20260715_stationary_app_r40_diag_suffix55/062_p7_ps_functional/bundle/trace_zero_5.bin,19520,26246329fca08c3c7597476d7f95ed90cb9d1ca165876ddfca673a52d26d4147
evidence/hardware/p7/authorized_sequence/p7_20260715_stationary_app_r40_diag_suffix55/062_p7_ps_functional/bundle/trace_zero_6.bin,19520,26246329fca08c3c7597476d7f95ed90cb9d1ca165876ddfca673a52d26d4147
evidence/hardware/p7/authorized_sequence/p7_20260715_stationary_app_r40_diag_suffix55/062_p7_ps_functional/bundle/trace_zero_7.bin,19520,26246329fca08c3c7597476d7f95ed90cb9d1ca165876ddfca673a52d26d4147
evidence/hardware/p7/authorized_sequence/p7_20260715_stationary_app_r40_diag_suffix55/062_p7_ps_functional/p7_hw_preflight_result.txt,512,b9c7b51d551d7f0a98f48b8493aed82542ccd9993966f478228e655b31ebbe84
evidence/hardware/p7/authorized_sequence/p7_20260715_stationary_app_r40_diag_suffix55/062_p7_ps_functional/p7_ps_application_events.json,1423,9c26acae42f132f19897e81887106ec6f1990d5b59220f285f05527d155a6b90
evidence/hardware/p7/authorized_sequence/p7_20260715_stationary_app_r40_diag_suffix55/062_p7_ps_functional/p7_ps_application_raw_result.log,1602,381b7b18ffc0f8aa17adb1c62f2d816497da8119e11e1d14ac779cedbcccd6c7
evidence/hardware/p7/authorized_sequence/p7_20260715_stationary_app_r40_diag_suffix55/062_p7_ps_functional/p7_ps_application_stage_summary.json,11084432,d5ca72c45682e2fd780beef575d1e8810ca3e2f77c4032e2ae7bb901ddb75378
evidence/hardware/p7/authorized_sequence/p7_20260715_stationary_app_r40_diag_suffix55/062_p7_ps_functional/p7_raw_evidence_sha256_manifest.json,84139,4d2f95220dc9318c255b06897b879ad3a17dbabe58293a6cc324922ed489ba0e
evidence/hardware/p7/authorized_sequence/p7_20260715_stationary_app_r40_diag_suffix55/062_p7_ps_functional/preflight.stderr.log,0,e3b0c44298fc1c149afbf4c8996fb92427ae41e4649b934ca495991b7852b855
evidence/hardware/p7/authorized_sequence/p7_20260715_stationary_app_r40_diag_suffix55/062_p7_ps_functional/preflight.stdout.log,9870,d648dc0a5ec33d7bada74b4603cb01892d11898cc508781bd430a981e4399ee6
evidence/hardware/p7/authorized_sequence/p7_20260715_stationary_app_r40_diag_suffix55/062_p7_ps_functional/ps_application_stage.stderr.log,0,e3b0c44298fc1c149afbf4c8996fb92427ae41e4649b934ca495991b7852b855
evidence/hardware/p7/authorized_sequence/p7_20260715_stationary_app_r40_diag_suffix55/062_p7_ps_functional/ps_application_stage.stdout.log,1602,381b7b18ffc0f8aa17adb1c62f2d816497da8119e11e1d14ac779cedbcccd6c7
evidence/hardware/p7/authorized_sequence/p7_20260715_stationary_app_r40_diag_suffix55/062_p7_ps_functional/shutdown_after.stderr.log,0,e3b0c44298fc1c149afbf4c8996fb92427ae41e4649b934ca495991b7852b855
evidence/hardware/p7/authorized_sequence/p7_20260715_stationary_app_r40_diag_suffix55/062_p7_ps_functional/shutdown_after.stdout.log,38022,68327abecfaffe9d3758e7dbd484a5e04f36c8d0be5055eaf4ca339f991fe2d4
evidence/hardware/p7/authorized_sequence/p7_20260715_stationary_app_r40_diag_suffix55/062_p7_ps_functional/shutdown_after_result.txt,575,719a7130744ce3b766997ce20ffa18353b5aa4092b75ac681a75be40b28ab157
evidence/hardware/p7/authorized_sequence/p7_20260715_stationary_app_r40_diag_suffix55/062_p7_ps_functional/shutdown_before.stderr.log,0,e3b0c44298fc1c149afbf4c8996fb92427ae41e4649b934ca495991b7852b855
evidence/hardware/p7/authorized_sequence/p7_20260715_stationary_app_r40_diag_suffix55/062_p7_ps_functional/shutdown_before.stdout.log,38022,e984f26bb3f6a1f5aeff32c9dfa4644037f62432ec2712dd07a24563a8506382
evidence/hardware/p7/authorized_sequence/p7_20260715_stationary_app_r40_diag_suffix55/062_p7_ps_functional/shutdown_before_result.txt,575,719a7130744ce3b766997ce20ffa18353b5aa4092b75ac681a75be40b28ab157
evidence/hardware/p7/authorized_sequence/p7_20260715_stationary_app_r40_diag_suffix55/063_p7_ps_fault_fallback/bundle/bundle_manifest.json,18348,7d0e3e94c0d78decad9ea912407529e1e832e674d6a4df0151579d686c29f3c3
evidence/hardware/p7/authorized_sequence/p7_20260715_stationary_app_r40_diag_suffix55/063_p7_ps_fault_fallback/bundle/descriptor_free_0.bin,256,22b41418b47c36139bb82aad217bb9932f06b8650deb8d98355e71221a1331b1
evidence/hardware/p7/authorized_sequence/p7_20260715_stationary_app_r40_diag_suffix55/063_p7_ps_fault_fallback/bundle/descriptor_free_1.bin,256,0a73cad6574318e8858aa021044ee768ea86046aa353af6722e0c2462e0b59c1
evidence/hardware/p7/authorized_sequence/p7_20260715_stationary_app_r40_diag_suffix55/063_p7_ps_fault_fallback/bundle/descriptor_free_2.bin,256,1147ec5f3c576b11f9b84abac45f633e60436ba255216c3ceabb7785b222a815
evidence/hardware/p7/authorized_sequence/p7_20260715_stationary_app_r40_diag_suffix55/063_p7_ps_fault_fallback/bundle/descriptor_free_3.bin,256,6c24a357bab4608f157106746005eced118c034b02982f371ef49093e54a35d8
evidence/hardware/p7/authorized_sequence/p7_20260715_stationary_app_r40_diag_suffix55/063_p7_ps_fault_fallback/bundle/descriptor_free_4.bin,256,dbe075290b0fda5274a354e9e806934b11deea7cc4ca0a55debad0f55ad02fc4
evidence/hardware/p7/authorized_sequence/p7_20260715_stationary_app_r40_diag_suffix55/063_p7_ps_fault_fallback/bundle/descriptor_free_5.bin,256,41ce66f837e1de4d9040c15f878660a544803b977757da4f40a488534ff94300
evidence/hardware/p7/authorized_sequence/p7_20260715_stationary_app_r40_diag_suffix55/063_p7_ps_fault_fallback/bundle/descriptor_free_6.bin,256,04142bd049a72ca2f1c00ad9ce86a8d5d5ccc545d6faa1162acc6502be7b68aa
evidence/hardware/p7/authorized_sequence/p7_20260715_stationary_app_r40_diag_suffix55/063_p7_ps_fault_fallback/bundle/descriptor_result_0.bin,256,b8bbc613f7c19545384043f058e0102eae8aed5c3e8a1f837f4b51077750b1a0
evidence/hardware/p7/authorized_sequence/p7_20260715_stationary_app_r40_diag_suffix55/063_p7_ps_fault_fallback/bundle/descriptor_result_1.bin,256,045a02a0955d310f8ab80d98f2bd9f77633546f0b250ca5b3f61b3e3be894ddb
evidence/hardware/p7/authorized_sequence/p7_20260715_stationary_app_r40_diag_suffix55/063_p7_ps_fault_fallback/bundle/descriptor_result_2.bin,256,db0cfa814276f62fb968dd18490908b0a96d5c8eb436990277e4d46b1e854327
evidence/hardware/p7/authorized_sequence/p7_20260715_stationary_app_r40_diag_suffix55/063_p7_ps_fault_fallback/bundle/descriptor_result_3.bin,256,27e889c47160e855d3602bbe9615fb77da913ced37ebc384e59dfc2e37cfdd31
evidence/hardware/p7/authorized_sequence/p7_20260715_stationary_app_r40_diag_suffix55/063_p7_ps_fault_fallback/bundle/descriptor_result_4.bin,256,4e069ffa4f6d049bc6b29151c74e52685a6f6d3f19e1404f18268a8a1b9b12ae
evidence/hardware/p7/authorized_sequence/p7_20260715_stationary_app_r40_diag_suffix55/063_p7_ps_fault_fallback/bundle/descriptor_result_5.bin,256,565671092109140f9e25f30efc0a6d3ef48834354d316716761ef4024e908ea0
evidence/hardware/p7/authorized_sequence/p7_20260715_stationary_app_r40_diag_suffix55/063_p7_ps_fault_fallback/bundle/descriptor_result_6.bin,256,8c6613dcfb1477814782ad393ac135b1c3e1bfd581983c2f021dffa1134ded19
evidence/hardware/p7/authorized_sequence/p7_20260715_stationary_app_r40_diag_suffix55/063_p7_ps_fault_fallback/bundle/descriptors.bin,2048,ede79c1f92668d85d77262107974c447114144544e37234b3f1116b12c1feca8
evidence/hardware/p7/authorized_sequence/p7_20260715_stationary_app_r40_diag_suffix55/063_p7_ps_fault_fallback/bundle/execution_plan.txt,1197,b8ce050fbac0234f324d062d85fd84a30392b475670372b8e694be0854a7c401
evidence/hardware/p7/authorized_sequence/p7_20260715_stationary_app_r40_diag_suffix55/063_p7_ps_fault_fallback/bundle/input_0.bin,65536,766d012a0c43b3d04ba72af7cb4249517589945577bc1e1a06425417ff813f05
evidence/hardware/p7/authorized_sequence/p7_20260715_stationary_app_r40_diag_suffix55/063_p7_ps_fault_fallback/bundle/input_1.bin,65536,766d012a0c43b3d04ba72af7cb4249517589945577bc1e1a06425417ff813f05
evidence/hardware/p7/authorized_sequence/p7_20260715_stationary_app_r40_diag_suffix55/063_p7_ps_fault_fallback/bundle/input_2.bin,65536,766d012a0c43b3d04ba72af7cb4249517589945577bc1e1a06425417ff813f05
evidence/hardware/p7/authorized_sequence/p7_20260715_stationary_app_r40_diag_suffix55/063_p7_ps_fault_fallback/bundle/input_3.bin,65536,766d012a0c43b3d04ba72af7cb4249517589945577bc1e1a06425417ff813f05
evidence/hardware/p7/authorized_sequence/p7_20260715_stationary_app_r40_diag_suffix55/063_p7_ps_fault_fallback/bundle/input_4.bin,65536,766d012a0c43b3d04ba72af7cb4249517589945577bc1e1a06425417ff813f05
evidence/hardware/p7/authorized_sequence/p7_20260715_stationary_app_r40_diag_suffix55/063_p7_ps_fault_fallback/bundle/input_5.bin,65536,766d012a0c43b3d04ba72af7cb4249517589945577bc1e1a06425417ff813f05
evidence/hardware/p7/authorized_sequence/p7_20260715_stationary_app_r40_diag_suffix55/063_p7_ps_fault_fallback/bundle/input_6.bin,65536,766d012a0c43b3d04ba72af7cb4249517589945577bc1e1a06425417ff813f05
evidence/hardware/p7/authorized_sequence/p7_20260715_stationary_app_r40_diag_suffix55/063_p7_ps_fault_fallback/bundle/mailbox.bin,256,859ce2f9fc56ecd72fa4eb1c9309b59c49738e81c18d2ccc2e54565a7e497fc5
evidence/hardware/p7/authorized_sequence/p7_20260715_stationary_app_r40_diag_suffix55/063_p7_ps_fault_fallback/bundle/mailbox_final.bin,256,b543c34b50829542c692fd1d4f59068d0096061ccf73e69e8ab22eeee4fef004
evidence/hardware/p7/authorized_sequence/p7_20260715_stationary_app_r40_diag_suffix55/063_p7_ps_fault_fallback/bundle/output_result_0.bin,65536,766d012a0c43b3d04ba72af7cb4249517589945577bc1e1a06425417ff813f05
evidence/hardware/p7/authorized_sequence/p7_20260715_stationary_app_r40_diag_suffix55/063_p7_ps_fault_fallback/bundle/output_result_1.bin,65536,766d012a0c43b3d04ba72af7cb4249517589945577bc1e1a06425417ff813f05
evidence/hardware/p7/authorized_sequence/p7_20260715_stationary_app_r40_diag_suffix55/063_p7_ps_fault_fallback/bundle/output_result_2.bin,65536,766d012a0c43b3d04ba72af7cb4249517589945577bc1e1a06425417ff813f05
evidence/hardware/p7/authorized_sequence/p7_20260715_stationary_app_r40_diag_suffix55/063_p7_ps_fault_fallback/bundle/output_result_3.bin,65536,766d012a0c43b3d04ba72af7cb4249517589945577bc1e1a06425417ff813f05
evidence/hardware/p7/authorized_sequence/p7_20260715_stationary_app_r40_diag_suffix55/063_p7_ps_fault_fallback/bundle/output_result_4.bin,65536,de2f256064a0af797747c2b97505dc0b9f3df0de4f489eac731c23ae9ca9cc31
evidence/hardware/p7/authorized_sequence/p7_20260715_stationary_app_r40_diag_suffix55/063_p7_ps_fault_fallback/bundle/output_result_5.bin,65536,de2f256064a0af797747c2b97505dc0b9f3df0de4f489eac731c23ae9ca9cc31
evidence/hardware/p7/authorized_sequence/p7_20260715_stationary_app_r40_diag_suffix55/063_p7_ps_fault_fallback/bundle/output_result_6.bin,65536,de2f256064a0af797747c2b97505dc0b9f3df0de4f489eac731c23ae9ca9cc31
evidence/hardware/p7/authorized_sequence/p7_20260715_stationary_app_r40_diag_suffix55/063_p7_ps_fault_fallback/bundle/output_zero_0.bin,65536,77007cd74a06dc54e5114d01a41d2721679d5668a0c20022fe102c87ad4d65b8
evidence/hardware/p7/authorized_sequence/p7_20260715_stationary_app_r40_diag_suffix55/063_p7_ps_fault_fallback/bundle/output_zero_1.bin,65536,77007cd74a06dc54e5114d01a41d2721679d5668a0c20022fe102c87ad4d65b8
evidence/hardware/p7/authorized_sequence/p7_20260715_stationary_app_r40_diag_suffix55/063_p7_ps_fault_fallback/bundle/output_zero_2.bin,65536,77007cd74a06dc54e5114d01a41d2721679d5668a0c20022fe102c87ad4d65b8
evidence/hardware/p7/authorized_sequence/p7_20260715_stationary_app_r40_diag_suffix55/063_p7_ps_fault_fallback/bundle/output_zero_3.bin,65536,77007cd74a06dc54e5114d01a41d2721679d5668a0c20022fe102c87ad4d65b8
evidence/hardware/p7/authorized_sequence/p7_20260715_stationary_app_r40_diag_suffix55/063_p7_ps_fault_fallback/bundle/output_zero_4.bin,65536,77007cd74a06dc54e5114d01a41d2721679d5668a0c20022fe102c87ad4d65b8
evidence/hardware/p7/authorized_sequence/p7_20260715_stationary_app_r40_diag_suffix55/063_p7_ps_fault_fallback/bundle/output_zero_5.bin,65536,77007cd74a06dc54e5114d01a41d2721679d5668a0c20022fe102c87ad4d65b8
evidence/hardware/p7/authorized_sequence/p7_20260715_stationary_app_r40_diag_suffix55/063_p7_ps_fault_fallback/bundle/output_zero_6.bin,65536,77007cd74a06dc54e5114d01a41d2721679d5668a0c20022fe102c87ad4d65b8
evidence/hardware/p7/authorized_sequence/p7_20260715_stationary_app_r40_diag_suffix55/063_p7_ps_fault_fallback/bundle/stage62_microtest_control.bin,64,f5a5fd42d16a20302798ef6ed309979b43003d2320d9f0e8ea9831a92759fb4b
evidence/hardware/p7/authorized_sequence/p7_20260715_stationary_app_r40_diag_suffix55/063_p7_ps_fault_fallback/bundle/trace_result_0.bin,19520,c63cac9476e2d7fd46885348a25a552160ffd925009a3af2a361a36d1b9ec158
evidence/hardware/p7/authorized_sequence/p7_20260715_stationary_app_r40_diag_suffix55/063_p7_ps_fault_fallback/bundle/trace_result_1.bin,19520,2dbd5480905f7bfb00d373d0ccc5bb71a2151e502f2123dc02913b9002ab1a3d
evidence/hardware/p7/authorized_sequence/p7_20260715_stationary_app_r40_diag_suffix55/063_p7_ps_fault_fallback/bundle/trace_result_2.bin,19520,369ea259fc554a84ebfcf3d17aba74dace8f517393d3353fbadbb76bb4595e8e
evidence/hardware/p7/authorized_sequence/p7_20260715_stationary_app_r40_diag_suffix55/063_p7_ps_fault_fallback/bundle/trace_result_3.bin,19520,4f75c003fe62ca526dc490aed9e67e9292f72730e09a73f5585f60f3b123da41
evidence/hardware/p7/authorized_sequence/p7_20260715_stationary_app_r40_diag_suffix55/063_p7_ps_fault_fallback/bundle/trace_result_4.bin,19520,26246329fca08c3c7597476d7f95ed90cb9d1ca165876ddfca673a52d26d4147
evidence/hardware/p7/authorized_sequence/p7_20260715_stationary_app_r40_diag_suffix55/063_p7_ps_fault_fallback/bundle/trace_result_5.bin,19520,26246329fca08c3c7597476d7f95ed90cb9d1ca165876ddfca673a52d26d4147
evidence/hardware/p7/authorized_sequence/p7_20260715_stationary_app_r40_diag_suffix55/063_p7_ps_fault_fallback/bundle/trace_result_6.bin,19520,26246329fca08c3c7597476d7f95ed90cb9d1ca165876ddfca673a52d26d4147
evidence/hardware/p7/authorized_sequence/p7_20260715_stationary_app_r40_diag_suffix55/063_p7_ps_fault_fallback/bundle/trace_zero_0.bin,19520,26246329fca08c3c7597476d7f95ed90cb9d1ca165876ddfca673a52d26d4147
evidence/hardware/p7/authorized_sequence/p7_20260715_stationary_app_r40_diag_suffix55/063_p7_ps_fault_fallback/bundle/trace_zero_1.bin,19520,26246329fca08c3c7597476d7f95ed90cb9d1ca165876ddfca673a52d26d4147
evidence/hardware/p7/authorized_sequence/p7_20260715_stationary_app_r40_diag_suffix55/063_p7_ps_fault_fallback/bundle/trace_zero_2.bin,19520,26246329fca08c3c7597476d7f95ed90cb9d1ca165876ddfca673a52d26d4147
evidence/hardware/p7/authorized_sequence/p7_20260715_stationary_app_r40_diag_suffix55/063_p7_ps_fault_fallback/bundle/trace_zero_3.bin,19520,26246329fca08c3c7597476d7f95ed90cb9d1ca165876ddfca673a52d26d4147
evidence/hardware/p7/authorized_sequence/p7_20260715_stationary_app_r40_diag_suffix55/063_p7_ps_fault_fallback/bundle/trace_zero_4.bin,19520,26246329fca08c3c7597476d7f95ed90cb9d1ca165876ddfca673a52d26d4147
evidence/hardware/p7/authorized_sequence/p7_20260715_stationary_app_r40_diag_suffix55/063_p7_ps_fault_fallback/bundle/trace_zero_5.bin,19520,26246329fca08c3c7597476d7f95ed90cb9d1ca165876ddfca673a52d26d4147
evidence/hardware/p7/authorized_sequence/p7_20260715_stationary_app_r40_diag_suffix55/063_p7_ps_fault_fallback/bundle/trace_zero_6.bin,19520,26246329fca08c3c7597476d7f95ed90cb9d1ca165876ddfca673a52d26d4147
evidence/hardware/p7/authorized_sequence/p7_20260715_stationary_app_r40_diag_suffix55/063_p7_ps_fault_fallback/p7_hw_preflight_result.txt,512,b9c7b51d551d7f0a98f48b8493aed82542ccd9993966f478228e655b31ebbe84
evidence/hardware/p7/authorized_sequence/p7_20260715_stationary_app_r40_diag_suffix55/063_p7_ps_fault_fallback/p7_ps_application_events.json,1431,92c4c7fd14c94cc489e16051bc5eba36fcbba0f767c9fbdf4b61a026a9ac3ace
evidence/hardware/p7/authorized_sequence/p7_20260715_stationary_app_r40_diag_suffix55/063_p7_ps_fault_fallback/p7_ps_application_raw_result.log,1627,175144223d9b0752a26ee0b2d99840c985dae414e9debe31fd0c1e1f157e2bf6
evidence/hardware/p7/authorized_sequence/p7_20260715_stationary_app_r40_diag_suffix55/063_p7_ps_fault_fallback/p7_ps_application_stage_summary.json,726037,0019c7ed87ebd793a7e8a6380545a8f93a7f6a4d1fc93b382765db9672467e11
evidence/hardware/p7/authorized_sequence/p7_20260715_stationary_app_r40_diag_suffix55/063_p7_ps_fault_fallback/p7_raw_evidence_sha256_manifest.json,13177,142ec58581fcb1239811ce29a8693de30e8217ba1baa7580c00331fd5205b60a
evidence/hardware/p7/authorized_sequence/p7_20260715_stationary_app_r40_diag_suffix55/063_p7_ps_fault_fallback/preflight.stderr.log,0,e3b0c44298fc1c149afbf4c8996fb92427ae41e4649b934ca495991b7852b855
evidence/hardware/p7/authorized_sequence/p7_20260715_stationary_app_r40_diag_suffix55/063_p7_ps_fault_fallback/preflight.stdout.log,9870,f5e045b5398a90d7d94a449db8dc4113ddf259e36d87ba91d9c1d22d13085df4
evidence/hardware/p7/authorized_sequence/p7_20260715_stationary_app_r40_diag_suffix55/063_p7_ps_fault_fallback/ps_application_stage.stderr.log,0,e3b0c44298fc1c149afbf4c8996fb92427ae41e4649b934ca495991b7852b855
evidence/hardware/p7/authorized_sequence/p7_20260715_stationary_app_r40_diag_suffix55/063_p7_ps_fault_fallback/ps_application_stage.stdout.log,1627,175144223d9b0752a26ee0b2d99840c985dae414e9debe31fd0c1e1f157e2bf6
evidence/hardware/p7/authorized_sequence/p7_20260715_stationary_app_r40_diag_suffix55/063_p7_ps_fault_fallback/shutdown_after.stderr.log,0,e3b0c44298fc1c149afbf4c8996fb92427ae41e4649b934ca495991b7852b855
evidence/hardware/p7/authorized_sequence/p7_20260715_stationary_app_r40_diag_suffix55/063_p7_ps_fault_fallback/shutdown_after.stdout.log,38022,b1273e41779bbee1532bddb953a46efc0ae302494a76de74e048b0f55a6a2ffc
evidence/hardware/p7/authorized_sequence/p7_20260715_stationary_app_r40_diag_suffix55/063_p7_ps_fault_fallback/shutdown_after_result.txt,575,719a7130744ce3b766997ce20ffa18353b5aa4092b75ac681a75be40b28ab157
evidence/hardware/p7/authorized_sequence/p7_20260715_stationary_app_r40_diag_suffix55/063_p7_ps_fault_fallback/shutdown_before.stderr.log,0,e3b0c44298fc1c149afbf4c8996fb92427ae41e4649b934ca495991b7852b855
evidence/hardware/p7/authorized_sequence/p7_20260715_stationary_app_r40_diag_suffix55/063_p7_ps_fault_fallback/shutdown_before.stdout.log,38022,d4dde0c3ddbc8f11a7a735d3e8e0032c9925d54f9a76274420083512fdab81ea
evidence/hardware/p7/authorized_sequence/p7_20260715_stationary_app_r40_diag_suffix55/063_p7_ps_fault_fallback/shutdown_before_result.txt,575,719a7130744ce3b766997ce20ffa18353b5aa4092b75ac681a75be40b28ab157
evidence/hardware/p7/authorized_sequence/p7_20260715_stationary_app_r40_diag_suffix55/064_p7_ps_abort_restart/bundle/bundle_manifest.json,9458,23773c12687da9f595065eeeacf1ada7825dfedcedad2ad053e518b6b493c8ee
evidence/hardware/p7/authorized_sequence/p7_20260715_stationary_app_r40_diag_suffix55/064_p7_ps_abort_restart/bundle/descriptor_free_0.bin,256,2fd3f6868e4079b6c250526a49d859bc46dfd51b670624cf8a7d6c31f7317ff4
evidence/hardware/p7/authorized_sequence/p7_20260715_stationary_app_r40_diag_suffix55/064_p7_ps_abort_restart/bundle/descriptor_free_1.bin,256,fd9a7c15d3cf8bb9de58507012cf5d5fce3e43dc3843f11b29d120572ec353b1
evidence/hardware/p7/authorized_sequence/p7_20260715_stationary_app_r40_diag_suffix55/064_p7_ps_abort_restart/bundle/descriptor_free_2.bin,256,790d8c74da2f98e97186682a7fb21677baecbb9fae917952f51d6e70bfbc87e4
evidence/hardware/p7/authorized_sequence/p7_20260715_stationary_app_r40_diag_suffix55/064_p7_ps_abort_restart/bundle/descriptor_result_0.bin,256,087dd3f779ca57fb1180966ac34bd6833055e8b7ce4c0ba9659d146a3eb8bb36
evidence/hardware/p7/authorized_sequence/p7_20260715_stationary_app_r40_diag_suffix55/064_p7_ps_abort_restart/bundle/descriptor_result_1.bin,256,154eee5ccc1bbc775d0d4a5a7d29c893d55e7ea08728aa4dc1808665a6f857b5
evidence/hardware/p7/authorized_sequence/p7_20260715_stationary_app_r40_diag_suffix55/064_p7_ps_abort_restart/bundle/descriptor_result_2.bin,256,2a46235455d82310876e4234dffa18e3414e837717075fdc0481318f08299d14
evidence/hardware/p7/authorized_sequence/p7_20260715_stationary_app_r40_diag_suffix55/064_p7_ps_abort_restart/bundle/descriptors.bin,2048,6007ab75b02e5e3775b3e9317b59cb04700207a2da10ae2e601c685f5a9fe48b
evidence/hardware/p7/authorized_sequence/p7_20260715_stationary_app_r40_diag_suffix55/064_p7_ps_abort_restart/bundle/execution_plan.txt,915,4f5e5fe6de8866c76b5618a5969c9e7ea67bed31c13523c516dc26d80b77e031
evidence/hardware/p7/authorized_sequence/p7_20260715_stationary_app_r40_diag_suffix55/064_p7_ps_abort_restart/bundle/input_0.bin,1048576,9910f9824a4997a28b8419ad55d3e3c20f2963f5aa9b0db3e579410fd27d0bd6
evidence/hardware/p7/authorized_sequence/p7_20260715_stationary_app_r40_diag_suffix55/064_p7_ps_abort_restart/bundle/input_1.bin,1048576,9910f9824a4997a28b8419ad55d3e3c20f2963f5aa9b0db3e579410fd27d0bd6
evidence/hardware/p7/authorized_sequence/p7_20260715_stationary_app_r40_diag_suffix55/064_p7_ps_abort_restart/bundle/input_2.bin,1048576,9910f9824a4997a28b8419ad55d3e3c20f2963f5aa9b0db3e579410fd27d0bd6
evidence/hardware/p7/authorized_sequence/p7_20260715_stationary_app_r40_diag_suffix55/064_p7_ps_abort_restart/bundle/mailbox.bin,256,859ce2f9fc56ecd72fa4eb1c9309b59c49738e81c18d2ccc2e54565a7e497fc5
evidence/hardware/p7/authorized_sequence/p7_20260715_stationary_app_r40_diag_suffix55/064_p7_ps_abort_restart/bundle/mailbox_final.bin,256,97d149b095606383be87f5338bcb28d282dc604cd7d38ac3815c8624b988724e
evidence/hardware/p7/authorized_sequence/p7_20260715_stationary_app_r40_diag_suffix55/064_p7_ps_abort_restart/bundle/output_result_0.bin,1048576,30e14955ebf1352266dc2ff8067e68104607e750abb9d3b36582b8af909fcb58
evidence/hardware/p7/authorized_sequence/p7_20260715_stationary_app_r40_diag_suffix55/064_p7_ps_abort_restart/bundle/output_result_1.bin,1048576,9910f9824a4997a28b8419ad55d3e3c20f2963f5aa9b0db3e579410fd27d0bd6
evidence/hardware/p7/authorized_sequence/p7_20260715_stationary_app_r40_diag_suffix55/064_p7_ps_abort_restart/bundle/output_result_2.bin,1048576,30e14955ebf1352266dc2ff8067e68104607e750abb9d3b36582b8af909fcb58
evidence/hardware/p7/authorized_sequence/p7_20260715_stationary_app_r40_diag_suffix55/064_p7_ps_abort_restart/bundle/output_zero_0.bin,1048576,16c7f1d8a38b4b84560e558ab03b13c82e2ff374d87eaacb4df22f03604e7a4f
evidence/hardware/p7/authorized_sequence/p7_20260715_stationary_app_r40_diag_suffix55/064_p7_ps_abort_restart/bundle/output_zero_1.bin,1048576,16c7f1d8a38b4b84560e558ab03b13c82e2ff374d87eaacb4df22f03604e7a4f
evidence/hardware/p7/authorized_sequence/p7_20260715_stationary_app_r40_diag_suffix55/064_p7_ps_abort_restart/bundle/output_zero_2.bin,1048576,16c7f1d8a38b4b84560e558ab03b13c82e2ff374d87eaacb4df22f03604e7a4f
evidence/hardware/p7/authorized_sequence/p7_20260715_stationary_app_r40_diag_suffix55/064_p7_ps_abort_restart/bundle/stage62_microtest_control.bin,64,f5a5fd42d16a20302798ef6ed309979b43003d2320d9f0e8ea9831a92759fb4b
evidence/hardware/p7/authorized_sequence/p7_20260715_stationary_app_r40_diag_suffix55/064_p7_ps_abort_restart/bundle/trace_result_0.bin,312192,a6d55583e939bd3ffd1aad03cbab3169f69c49d624a2dd03d86a12d42023cf06
evidence/hardware/p7/authorized_sequence/p7_20260715_stationary_app_r40_diag_suffix55/064_p7_ps_abort_restart/bundle/trace_result_1.bin,312192,ac0d3675117a4b4833c477e650d380330c234e578538d6c9436d49b1b3db0d76
evidence/hardware/p7/authorized_sequence/p7_20260715_stationary_app_r40_diag_suffix55/064_p7_ps_abort_restart/bundle/trace_result_2.bin,312192,3d8381f0e2711b2f4324add4ad3dc62d9207063a88e7511d368e5523472fc7e7
evidence/hardware/p7/authorized_sequence/p7_20260715_stationary_app_r40_diag_suffix55/064_p7_ps_abort_restart/bundle/trace_zero_0.bin,312192,3d8381f0e2711b2f4324add4ad3dc62d9207063a88e7511d368e5523472fc7e7
evidence/hardware/p7/authorized_sequence/p7_20260715_stationary_app_r40_diag_suffix55/064_p7_ps_abort_restart/bundle/trace_zero_1.bin,312192,3d8381f0e2711b2f4324add4ad3dc62d9207063a88e7511d368e5523472fc7e7
evidence/hardware/p7/authorized_sequence/p7_20260715_stationary_app_r40_diag_suffix55/064_p7_ps_abort_restart/bundle/trace_zero_2.bin,312192,3d8381f0e2711b2f4324add4ad3dc62d9207063a88e7511d368e5523472fc7e7
evidence/hardware/p7/authorized_sequence/p7_20260715_stationary_app_r40_diag_suffix55/064_p7_ps_abort_restart/p7_hw_preflight_result.txt,512,b9c7b51d551d7f0a98f48b8493aed82542ccd9993966f478228e655b31ebbe84
evidence/hardware/p7/authorized_sequence/p7_20260715_stationary_app_r40_diag_suffix55/064_p7_ps_abort_restart/p7_ps_application_events.json,1429,135d689cc6597f645032d35121f13d7ebe56d99a7bdc08961b5a656c1a4e3718
evidence/hardware/p7/authorized_sequence/p7_20260715_stationary_app_r40_diag_suffix55/064_p7_ps_abort_restart/p7_ps_application_raw_result.log,1456,b233df421b665536d46922d5ef95193e737304dfa34e6ee51c28755645486372
evidence/hardware/p7/authorized_sequence/p7_20260715_stationary_app_r40_diag_suffix55/064_p7_ps_abort_restart/p7_ps_application_stage_summary.json,2622817,7390034b3ec79707950c96454744f15941df4db89a8c3da2ac33c1a0f55bb6af
evidence/hardware/p7/authorized_sequence/p7_20260715_stationary_app_r40_diag_suffix55/064_p7_ps_abort_restart/p7_raw_evidence_sha256_manifest.json,7871,be9f4f96fd2937448945dcd1482899a694be2f79f0d44792eebdb5ded511c657
evidence/hardware/p7/authorized_sequence/p7_20260715_stationary_app_r40_diag_suffix55/064_p7_ps_abort_restart/preflight.stderr.log,0,e3b0c44298fc1c149afbf4c8996fb92427ae41e4649b934ca495991b7852b855
evidence/hardware/p7/authorized_sequence/p7_20260715_stationary_app_r40_diag_suffix55/064_p7_ps_abort_restart/preflight.stdout.log,9870,3e75abd25bfd473211aa5263a3dcbac166c5dcec9cb10ccce4b26b1f767b08c1
evidence/hardware/p7/authorized_sequence/p7_20260715_stationary_app_r40_diag_suffix55/064_p7_ps_abort_restart/ps_application_stage.stderr.log,0,e3b0c44298fc1c149afbf4c8996fb92427ae41e4649b934ca495991b7852b855
evidence/hardware/p7/authorized_sequence/p7_20260715_stationary_app_r40_diag_suffix55/064_p7_ps_abort_restart/ps_application_stage.stdout.log,1456,b233df421b665536d46922d5ef95193e737304dfa34e6ee51c28755645486372
evidence/hardware/p7/authorized_sequence/p7_20260715_stationary_app_r40_diag_suffix55/064_p7_ps_abort_restart/shutdown_after.stderr.log,0,e3b0c44298fc1c149afbf4c8996fb92427ae41e4649b934ca495991b7852b855
evidence/hardware/p7/authorized_sequence/p7_20260715_stationary_app_r40_diag_suffix55/064_p7_ps_abort_restart/shutdown_after.stdout.log,38022,b38f835c1f34980eebf2d4216ea2912c2b1a4cdd8d614bb9a02eb60f1faf13c5
evidence/hardware/p7/authorized_sequence/p7_20260715_stationary_app_r40_diag_suffix55/064_p7_ps_abort_restart/shutdown_after_result.txt,575,719a7130744ce3b766997ce20ffa18353b5aa4092b75ac681a75be40b28ab157
evidence/hardware/p7/authorized_sequence/p7_20260715_stationary_app_r40_diag_suffix55/064_p7_ps_abort_restart/shutdown_before.stderr.log,0,e3b0c44298fc1c149afbf4c8996fb92427ae41e4649b934ca495991b7852b855
evidence/hardware/p7/authorized_sequence/p7_20260715_stationary_app_r40_diag_suffix55/064_p7_ps_abort_restart/shutdown_before.stdout.log,38022,dee1f70362b911ae1e11d1b9cf9fe356218000717a8b1fbff26d88cb748a05f4
evidence/hardware/p7/authorized_sequence/p7_20260715_stationary_app_r40_diag_suffix55/064_p7_ps_abort_restart/shutdown_before_result.txt,575,719a7130744ce3b766997ce20ffa18353b5aa4092b75ac681a75be40b28ab157
evidence/hardware/p7/authorized_sequence/p7_20260715_stationary_app_r40_diag_suffix55/065_p7_ps_queue/bundle/bundle_manifest.json,22844,e55c2e1abae43692eaf4dc99ddebe9eb5b98b44f29d0c0c77f8089a03436da50
evidence/hardware/p7/authorized_sequence/p7_20260715_stationary_app_r40_diag_suffix55/065_p7_ps_queue/bundle/descriptor_free_0.bin,256,9031c16c72858e5684fffc07df9ed5673fca9fc047a573ee75ceb355293ae7a5
evidence/hardware/p7/authorized_sequence/p7_20260715_stationary_app_r40_diag_suffix55/065_p7_ps_queue/bundle/descriptor_free_1.bin,256,317a4416ea1598ce5b31e4f5414002c6ce91f4be40bfc4f53959e923bc3307fe
evidence/hardware/p7/authorized_sequence/p7_20260715_stationary_app_r40_diag_suffix55/065_p7_ps_queue/bundle/descriptor_free_2.bin,256,f4d0fd16dc38371adaa4d9ff6856498b4e1982bf471a8e01dae63f8f15086683
evidence/hardware/p7/authorized_sequence/p7_20260715_stationary_app_r40_diag_suffix55/065_p7_ps_queue/bundle/descriptor_free_3.bin,256,a7c2325f2f5339309563d74334049fbd0e991c1c5828740a782e76e363b70341
evidence/hardware/p7/authorized_sequence/p7_20260715_stationary_app_r40_diag_suffix55/065_p7_ps_queue/bundle/descriptor_free_4.bin,256,969a72153beafb76262232ff673f46e710dc207c00b93b8d214123f8b753f884
evidence/hardware/p7/authorized_sequence/p7_20260715_stationary_app_r40_diag_suffix55/065_p7_ps_queue/bundle/descriptor_free_5.bin,256,64f321d58b064301a691f301d8a721b0acd2fc59a728906dd2b83ca5c91a9e14
evidence/hardware/p7/authorized_sequence/p7_20260715_stationary_app_r40_diag_suffix55/065_p7_ps_queue/bundle/descriptor_free_6.bin,256,d5bcc6281dbf5de25019a1cc80e75d8d30caa2084c3624f14e0fe5a121fc362c
evidence/hardware/p7/authorized_sequence/p7_20260715_stationary_app_r40_diag_suffix55/065_p7_ps_queue/bundle/descriptor_free_7.bin,256,fcbf3d445192f9f8e52341893a268908f055b6cc6d687686210488a9c68620c2
evidence/hardware/p7/authorized_sequence/p7_20260715_stationary_app_r40_diag_suffix55/065_p7_ps_queue/bundle/descriptor_result_0.bin,256,835a9e646eccb294baf18172e8b507ff3f31a75348cd17555f8c123c01deb241
evidence/hardware/p7/authorized_sequence/p7_20260715_stationary_app_r40_diag_suffix55/065_p7_ps_queue/bundle/descriptor_result_1.bin,256,b67608a2166a19ba4e0acf57660dc9a7db28d28a37af3354c3c606b5a9ab540f
evidence/hardware/p7/authorized_sequence/p7_20260715_stationary_app_r40_diag_suffix55/065_p7_ps_queue/bundle/descriptor_result_2.bin,256,d03ab9fb947d85f0b4f9c1770b11e2e5e67ccc33bc2f586ceabdfe86b82e3f1c
evidence/hardware/p7/authorized_sequence/p7_20260715_stationary_app_r40_diag_suffix55/065_p7_ps_queue/bundle/descriptor_result_3.bin,256,c0e8646fc4ba327f2b62613e83bcc35e9ed244c34b11beeb90777388abb36ff6
evidence/hardware/p7/authorized_sequence/p7_20260715_stationary_app_r40_diag_suffix55/065_p7_ps_queue/bundle/descriptor_result_4.bin,256,5dae4b687e879be54732f820f6181e674ef41004d0a00048e8125956472e483d
evidence/hardware/p7/authorized_sequence/p7_20260715_stationary_app_r40_diag_suffix55/065_p7_ps_queue/bundle/descriptor_result_5.bin,256,8995f39e6c16a71e90a073340885fbb6708b19337c2c32e15a1823eb74fb3522
evidence/hardware/p7/authorized_sequence/p7_20260715_stationary_app_r40_diag_suffix55/065_p7_ps_queue/bundle/descriptor_result_6.bin,256,7286e6481d09ab828479e0efa9b989cd243c631e2c2775b81f748f7c032fc0c9
evidence/hardware/p7/authorized_sequence/p7_20260715_stationary_app_r40_diag_suffix55/065_p7_ps_queue/bundle/descriptor_result_7.bin,256,a21c74b737b48ebd824a078b96cd4c11fe54fea8405af71f204b2bd8d81913cf
evidence/hardware/p7/authorized_sequence/p7_20260715_stationary_app_r40_diag_suffix55/065_p7_ps_queue/bundle/descriptors.bin,2048,1ebb2a0b3a781d52ae05baf2260844d8a3d1b732a91039e72cd6e6247c9ddc8f
evidence/hardware/p7/authorized_sequence/p7_20260715_stationary_app_r40_diag_suffix55/065_p7_ps_queue/bundle/execution_plan.txt,1229,36fdbc0961b2d9f57eb7a528f8be8e503e0f730242b09db26405f9d7bf7a5a60
evidence/hardware/p7/authorized_sequence/p7_20260715_stationary_app_r40_diag_suffix55/065_p7_ps_queue/bundle/input_0.bin,512,e240cf65a5be69d481b92622ad290e9845ceb2c1d6a48eda9bcccd565e3355bb
evidence/hardware/p7/authorized_sequence/p7_20260715_stationary_app_r40_diag_suffix55/065_p7_ps_queue/bundle/input_1.bin,529,d50e36d94a1d8bb7e0f4a9e67d027de810e1d49e48fbced64323b90896b5b8d4
evidence/hardware/p7/authorized_sequence/p7_20260715_stationary_app_r40_diag_suffix55/065_p7_ps_queue/bundle/input_2.bin,546,fa3fb03926ef34f55f109458f7ba28a16dfd6fa62213541805e635094a268d3e
evidence/hardware/p7/authorized_sequence/p7_20260715_stationary_app_r40_diag_suffix55/065_p7_ps_queue/bundle/input_3.bin,563,e48266cf2764057288aec3f8518febf7e5f51d7de0acee2231e36cd37795e4c8
evidence/hardware/p7/authorized_sequence/p7_20260715_stationary_app_r40_diag_suffix55/065_p7_ps_queue/bundle/input_4.bin,580,049e8a98570114bc00c32fc965062b6429c2ee90a1cedc01c8267f8d6e4da876
evidence/hardware/p7/authorized_sequence/p7_20260715_stationary_app_r40_diag_suffix55/065_p7_ps_queue/bundle/input_5.bin,597,86002f797fff7b30f4194bf9fbe34a8e1c3d70ca497e4b544c0e9f99893032b6
evidence/hardware/p7/authorized_sequence/p7_20260715_stationary_app_r40_diag_suffix55/065_p7_ps_queue/bundle/input_6.bin,614,18dec502cb09df31cac689f477d2265b776d34fdbcee36d3e96d6d4866e040ee
evidence/hardware/p7/authorized_sequence/p7_20260715_stationary_app_r40_diag_suffix55/065_p7_ps_queue/bundle/input_7.bin,631,6d3f2c3f71ca8743903a11747e1d8f9bc28a632c0f00ea1fa8d8eb4065ddf2f2
evidence/hardware/p7/authorized_sequence/p7_20260715_stationary_app_r40_diag_suffix55/065_p7_ps_queue/bundle/mailbox.bin,256,31efbac1212b8e2ee6b6596a97d555894a8442c257e9b7dd780e2cf559d0ee9f
evidence/hardware/p7/authorized_sequence/p7_20260715_stationary_app_r40_diag_suffix55/065_p7_ps_queue/bundle/mailbox_final.bin,256,311d7f89f323af7c4df1bf2c059ba46c517ad094e14f58a30f414a9b73a28c5e
evidence/hardware/p7/authorized_sequence/p7_20260715_stationary_app_r40_diag_suffix55/065_p7_ps_queue/bundle/mailbox_queue_depth_1.bin,256,ccfc1c51f77c48ebc2033ae10a4f8e3db9768f782b60466f27089e478f0bfcb8
evidence/hardware/p7/authorized_sequence/p7_20260715_stationary_app_r40_diag_suffix55/065_p7_ps_queue/bundle/mailbox_queue_depth_8_stop.bin,256,31efbac1212b8e2ee6b6596a97d555894a8442c257e9b7dd780e2cf559d0ee9f
evidence/hardware/p7/authorized_sequence/p7_20260715_stationary_app_r40_diag_suffix55/065_p7_ps_queue/bundle/output_result_0.bin,512,e240cf65a5be69d481b92622ad290e9845ceb2c1d6a48eda9bcccd565e3355bb
evidence/hardware/p7/authorized_sequence/p7_20260715_stationary_app_r40_diag_suffix55/065_p7_ps_queue/bundle/output_result_1.bin,529,d50e36d94a1d8bb7e0f4a9e67d027de810e1d49e48fbced64323b90896b5b8d4
evidence/hardware/p7/authorized_sequence/p7_20260715_stationary_app_r40_diag_suffix55/065_p7_ps_queue/bundle/output_result_2.bin,546,fa3fb03926ef34f55f109458f7ba28a16dfd6fa62213541805e635094a268d3e
evidence/hardware/p7/authorized_sequence/p7_20260715_stationary_app_r40_diag_suffix55/065_p7_ps_queue/bundle/output_result_3.bin,563,e48266cf2764057288aec3f8518febf7e5f51d7de0acee2231e36cd37795e4c8
evidence/hardware/p7/authorized_sequence/p7_20260715_stationary_app_r40_diag_suffix55/065_p7_ps_queue/bundle/output_result_4.bin,580,049e8a98570114bc00c32fc965062b6429c2ee90a1cedc01c8267f8d6e4da876
evidence/hardware/p7/authorized_sequence/p7_20260715_stationary_app_r40_diag_suffix55/065_p7_ps_queue/bundle/output_result_5.bin,597,86002f797fff7b30f4194bf9fbe34a8e1c3d70ca497e4b544c0e9f99893032b6
evidence/hardware/p7/authorized_sequence/p7_20260715_stationary_app_r40_diag_suffix55/065_p7_ps_queue/bundle/output_result_6.bin,614,18dec502cb09df31cac689f477d2265b776d34fdbcee36d3e96d6d4866e040ee
evidence/hardware/p7/authorized_sequence/p7_20260715_stationary_app_r40_diag_suffix55/065_p7_ps_queue/bundle/output_result_7.bin,631,6d3f2c3f71ca8743903a11747e1d8f9bc28a632c0f00ea1fa8d8eb4065ddf2f2
evidence/hardware/p7/authorized_sequence/p7_20260715_stationary_app_r40_diag_suffix55/065_p7_ps_queue/bundle/output_zero_0.bin,512,2ea16988ca9a3b973ff11693e6de4bd078775655cd6715c5a06a120f71b3e827
evidence/hardware/p7/authorized_sequence/p7_20260715_stationary_app_r40_diag_suffix55/065_p7_ps_queue/bundle/output_zero_1.bin,529,64ae9f5407adaa4622d0c26ab99ac9d45faf2b58ee4d5f4b96e2a9fe2fb512d0
evidence/hardware/p7/authorized_sequence/p7_20260715_stationary_app_r40_diag_suffix55/065_p7_ps_queue/bundle/output_zero_2.bin,546,0cd2de25cad3440b9c6f8365fdaf87ee4bf5a853279236fd3e5aac5398a286a3
evidence/hardware/p7/authorized_sequence/p7_20260715_stationary_app_r40_diag_suffix55/065_p7_ps_queue/bundle/output_zero_3.bin,563,7b99a0cb43eb0b07aa1584aa1d94f0ab91a5bb43fbf0f0fca9983dd64cccb5f7
evidence/hardware/p7/authorized_sequence/p7_20260715_stationary_app_r40_diag_suffix55/065_p7_ps_queue/bundle/output_zero_4.bin,580,f342d2d2814cb6817111030e2ca399481606ac71c28f2dd2356144f02cb29bdc
evidence/hardware/p7/authorized_sequence/p7_20260715_stationary_app_r40_diag_suffix55/065_p7_ps_queue/bundle/output_zero_5.bin,597,27e4ca8f079d01f0d8dc33a3f194e10a513f133880a0cd92ba81fdfdab2f74e1
evidence/hardware/p7/authorized_sequence/p7_20260715_stationary_app_r40_diag_suffix55/065_p7_ps_queue/bundle/output_zero_6.bin,614,c4a39ac06ae38f6596e92c2f93d3737245b6cfc24f24a04b9c6896d3c3100153
evidence/hardware/p7/authorized_sequence/p7_20260715_stationary_app_r40_diag_suffix55/065_p7_ps_queue/bundle/output_zero_7.bin,631,bc567ec091df61d6c954d917cfa715b3820a23b589046b0e7e244c8a91f779dd
evidence/hardware/p7/authorized_sequence/p7_20260715_stationary_app_r40_diag_suffix55/065_p7_ps_queue/bundle/queue_abort_descriptors_final.bin,2048,9bcab528846c7c680c13ef5ca24ed6b56b111397baa1041be1e988764e82bc5c
evidence/hardware/p7/authorized_sequence/p7_20260715_stationary_app_r40_diag_suffix55/065_p7_ps_queue/bundle/queue_depth1_descriptor_result.bin,256,b4b5cb916cfd14c7266fea6b0a2b8e156f2dd74ecff71a546abfbbad7c96b00c
evidence/hardware/p7/authorized_sequence/p7_20260715_stationary_app_r40_diag_suffix55/065_p7_ps_queue/bundle/queue_depth1_mailbox.bin,256,f6b2b6207b0d12accbc5aa877b88addc33585d896cd9c074a4f52e9df02f5195
evidence/hardware/p7/authorized_sequence/p7_20260715_stationary_app_r40_diag_suffix55/065_p7_ps_queue/bundle/queue_depth1_output_result.bin,512,e240cf65a5be69d481b92622ad290e9845ceb2c1d6a48eda9bcccd565e3355bb
evidence/hardware/p7/authorized_sequence/p7_20260715_stationary_app_r40_diag_suffix55/065_p7_ps_queue/bundle/queue_depth1_trace_result.bin,192,cc8819d9b136b898d449c3ae95fe1813087d4407b2a2743396d1394e4f947a96
evidence/hardware/p7/authorized_sequence/p7_20260715_stationary_app_r40_diag_suffix55/065_p7_ps_queue/bundle/queue_max_mailbox.bin,256,e39cf08747c4510a6d55eb38d57c6f26765906007f715dbd6ddf12d1779fee0f
evidence/hardware/p7/authorized_sequence/p7_20260715_stationary_app_r40_diag_suffix55/065_p7_ps_queue/bundle/queue_overflow_candidate_descriptor_free.bin,256,71b32d76fe629dca1bd85c8aabda7604f99799648ea0e59e5472cc3053f5585b
evidence/hardware/p7/authorized_sequence/p7_20260715_stationary_app_r40_diag_suffix55/065_p7_ps_queue/bundle/queue_overflow_candidate_input.bin,777,2c2acd7efef8a3a2fdffe4fe0a25523ed9112593db50952cd028cfc4578465e2
evidence/hardware/p7/authorized_sequence/p7_20260715_stationary_app_r40_diag_suffix55/065_p7_ps_queue/bundle/queue_overflow_candidate_output_zero.bin,777,204710520569b7b5a38f57a2befb25d551c9f09ddd93e597376575ff7330e6fc
evidence/hardware/p7/authorized_sequence/p7_20260715_stationary_app_r40_diag_suffix55/065_p7_ps_queue/bundle/queue_overflow_candidate_trace_zero.bin,256,5341e6b2646979a70e57653007a1f310169421ec9bdd9f1a5648f75ade005af1
evidence/hardware/p7/authorized_sequence/p7_20260715_stationary_app_r40_diag_suffix55/065_p7_ps_queue/bundle/queue_overflow_ring_after.bin,2048,016a08046c2cedf69e7fee0f4e868c4ae063b215e00a8af2ae94a2452872cda8
evidence/hardware/p7/authorized_sequence/p7_20260715_stationary_app_r40_diag_suffix55/065_p7_ps_queue/bundle/queue_overflow_ring_before.bin,2048,016a08046c2cedf69e7fee0f4e868c4ae063b215e00a8af2ae94a2452872cda8
evidence/hardware/p7/authorized_sequence/p7_20260715_stationary_app_r40_diag_suffix55/065_p7_ps_queue/bundle/stage62_microtest_control.bin,64,f5a5fd42d16a20302798ef6ed309979b43003d2320d9f0e8ea9831a92759fb4b
evidence/hardware/p7/authorized_sequence/p7_20260715_stationary_app_r40_diag_suffix55/065_p7_ps_queue/bundle/trace_result_0.bin,192,c7d2c98ba4012f45aba485a4a105a0d13f26c3c83d40dc77968490a690ac4424
evidence/hardware/p7/authorized_sequence/p7_20260715_stationary_app_r40_diag_suffix55/065_p7_ps_queue/bundle/trace_result_1.bin,192,3a2520b3549b514e260cea9b69d0f4887d24772a58e677dc9c9312f50e9b5478
evidence/hardware/p7/authorized_sequence/p7_20260715_stationary_app_r40_diag_suffix55/065_p7_ps_queue/bundle/trace_result_2.bin,192,4c8caac4f3fee0e3a0245973556b977245d086571f29d54f9b7f82edf541f6d3
evidence/hardware/p7/authorized_sequence/p7_20260715_stationary_app_r40_diag_suffix55/065_p7_ps_queue/bundle/trace_result_3.bin,192,7b943d97e541e153a72cc98a8f755e2b0b4957cf4e959936e1717a400a066961
evidence/hardware/p7/authorized_sequence/p7_20260715_stationary_app_r40_diag_suffix55/065_p7_ps_queue/bundle/trace_result_4.bin,192,1b0c55867857557f5bc29be56e433c08e7c80cd57927ea25d7feb2b0b776c398
evidence/hardware/p7/authorized_sequence/p7_20260715_stationary_app_r40_diag_suffix55/065_p7_ps_queue/bundle/trace_result_5.bin,192,22826f7ba499901abae9e51cc6bfe77876a8a60af9cd611ee4e3357f14ddb9a5
evidence/hardware/p7/authorized_sequence/p7_20260715_stationary_app_r40_diag_suffix55/065_p7_ps_queue/bundle/trace_result_6.bin,192,45a697539b9f8b44a29fe9adeb0aa44c34807096371290d16e74d1e84eff5cb6
evidence/hardware/p7/authorized_sequence/p7_20260715_stationary_app_r40_diag_suffix55/065_p7_ps_queue/bundle/trace_result_7.bin,192,d4581ffc077d4290612185d4b5aa9f1c06bb6b17c221baaca0c2e03f5a11e553
evidence/hardware/p7/authorized_sequence/p7_20260715_stationary_app_r40_diag_suffix55/065_p7_ps_queue/bundle/trace_zero_0.bin,192,5d89f056865052bcb89c910d2d62872e029fb273c3db03f8968a52a41593c1b5
evidence/hardware/p7/authorized_sequence/p7_20260715_stationary_app_r40_diag_suffix55/065_p7_ps_queue/bundle/trace_zero_1.bin,192,5d89f056865052bcb89c910d2d62872e029fb273c3db03f8968a52a41593c1b5
evidence/hardware/p7/authorized_sequence/p7_20260715_stationary_app_r40_diag_suffix55/065_p7_ps_queue/bundle/trace_zero_2.bin,192,5d89f056865052bcb89c910d2d62872e029fb273c3db03f8968a52a41593c1b5
evidence/hardware/p7/authorized_sequence/p7_20260715_stationary_app_r40_diag_suffix55/065_p7_ps_queue/bundle/trace_zero_3.bin,192,5d89f056865052bcb89c910d2d62872e029fb273c3db03f8968a52a41593c1b5
evidence/hardware/p7/authorized_sequence/p7_20260715_stationary_app_r40_diag_suffix55/065_p7_ps_queue/bundle/trace_zero_4.bin,192,5d89f056865052bcb89c910d2d62872e029fb273c3db03f8968a52a41593c1b5
evidence/hardware/p7/authorized_sequence/p7_20260715_stationary_app_r40_diag_suffix55/065_p7_ps_queue/bundle/trace_zero_5.bin,192,5d89f056865052bcb89c910d2d62872e029fb273c3db03f8968a52a41593c1b5
evidence/hardware/p7/authorized_sequence/p7_20260715_stationary_app_r40_diag_suffix55/065_p7_ps_queue/bundle/trace_zero_6.bin,192,5d89f056865052bcb89c910d2d62872e029fb273c3db03f8968a52a41593c1b5
evidence/hardware/p7/authorized_sequence/p7_20260715_stationary_app_r40_diag_suffix55/065_p7_ps_queue/bundle/trace_zero_7.bin,192,5d89f056865052bcb89c910d2d62872e029fb273c3db03f8968a52a41593c1b5
evidence/hardware/p7/authorized_sequence/p7_20260715_stationary_app_r40_diag_suffix55/065_p7_ps_queue/p7_hw_preflight_result.txt,512,b9c7b51d551d7f0a98f48b8493aed82542ccd9993966f478228e655b31ebbe84
evidence/hardware/p7/authorized_sequence/p7_20260715_stationary_app_r40_diag_suffix55/065_p7_ps_queue/p7_ps_application_events.json,1413,89fb944daa4bac6591a15f711769ae99831598a491a2ee92c71a90eef9c5d0cd
evidence/hardware/p7/authorized_sequence/p7_20260715_stationary_app_r40_diag_suffix55/065_p7_ps_queue/p7_ps_application_raw_result.log,1951,b1258ed46ed4115e4f348741f6b0d9f7120e0602c19194958d3c096ce6038855
evidence/hardware/p7/authorized_sequence/p7_20260715_stationary_app_r40_diag_suffix55/065_p7_ps_queue/p7_ps_application_stage_summary.json,109954,15d1458d1030385db5d9ca3b908e6bf430e2e790ea05ec844e10a0aac94368fb
evidence/hardware/p7/authorized_sequence/p7_20260715_stationary_app_r40_diag_suffix55/065_p7_ps_queue/p7_raw_evidence_sha256_manifest.json,17268,2852f4404fe46c707eebcc53b3b1359eaa896058a507048b54e6fe3cd8c90b28
evidence/hardware/p7/authorized_sequence/p7_20260715_stationary_app_r40_diag_suffix55/065_p7_ps_queue/preflight.stderr.log,0,e3b0c44298fc1c149afbf4c8996fb92427ae41e4649b934ca495991b7852b855
evidence/hardware/p7/authorized_sequence/p7_20260715_stationary_app_r40_diag_suffix55/065_p7_ps_queue/preflight.stdout.log,9870,56cc84cdcfe4eabff100a3ba683ab8f58234173e5e050f6a6bf88b5beba1ccfc
evidence/hardware/p7/authorized_sequence/p7_20260715_stationary_app_r40_diag_suffix55/065_p7_ps_queue/ps_application_stage.stderr.log,0,e3b0c44298fc1c149afbf4c8996fb92427ae41e4649b934ca495991b7852b855
evidence/hardware/p7/authorized_sequence/p7_20260715_stationary_app_r40_diag_suffix55/065_p7_ps_queue/ps_application_stage.stdout.log,1951,b1258ed46ed4115e4f348741f6b0d9f7120e0602c19194958d3c096ce6038855
evidence/hardware/p7/authorized_sequence/p7_20260715_stationary_app_r40_diag_suffix55/065_p7_ps_queue/shutdown_after.stderr.log,0,e3b0c44298fc1c149afbf4c8996fb92427ae41e4649b934ca495991b7852b855
evidence/hardware/p7/authorized_sequence/p7_20260715_stationary_app_r40_diag_suffix55/065_p7_ps_queue/shutdown_after.stdout.log,38022,db8d3ee27c1db2be36f78e3dff5c4b12f687aef8700b11a4de2916cb34c557bf
evidence/hardware/p7/authorized_sequence/p7_20260715_stationary_app_r40_diag_suffix55/065_p7_ps_queue/shutdown_after_result.txt,575,719a7130744ce3b766997ce20ffa18353b5aa4092b75ac681a75be40b28ab157
evidence/hardware/p7/authorized_sequence/p7_20260715_stationary_app_r40_diag_suffix55/065_p7_ps_queue/shutdown_before.stderr.log,0,e3b0c44298fc1c149afbf4c8996fb92427ae41e4649b934ca495991b7852b855
evidence/hardware/p7/authorized_sequence/p7_20260715_stationary_app_r40_diag_suffix55/065_p7_ps_queue/shutdown_before.stdout.log,38022,4920f813dfdebe62fb9f68656aacdd4bc8245e1e9f784543b15bbe306147a654
evidence/hardware/p7/authorized_sequence/p7_20260715_stationary_app_r40_diag_suffix55/065_p7_ps_queue/shutdown_before_result.txt,575,719a7130744ce3b766997ce20ffa18353b5aa4092b75ac681a75be40b28ab157
evidence/hardware/p7/authorized_sequence/p7_20260715_stationary_app_r40_diag_suffix55/sequence_execution_ledger.json,269734,756c83030a6224b0381b7a90f0bf9085e3fe59eebe09957a9b68008ae9ca77a5
