captured_ms|sequence|label|role|admission_snapshot_words_csv|ps_runtime_words_csv|pl_perf_snapshot_words_csv
1785952907397|1001|stream64_f2r_01|fixed|2,1378943233,16777471,6147571,6062211,6077819,6062211,6077819,6062211,5813,5791,5790,5790,0,0,739,0,178727182,178383369,4096,4096,0,0,5791,5791,359614927,359614924,359614935,359614932,0,0,0,0,0,0,0,0,4096,256,131072,4,15|4,0,67108864,262144,256,0,0,0,0,96,0,84,0,24,21,0,1,96,0|4,1068975775,0,5757952,0,0,0,0,0,6116437,0,21,0,320151525,0,320151525,0,2080,313398834,0,9623547,0,0,0,0,0
1785952907397|1001|stream64_f2r_01|rotating|2,1378943233,33558272,6219718,6132719,70598,0,70598,0,1496,0,748,0,0,0,5858,5858,4778928,0,4096,0,0,0,748,0,345581161,0,345581169,0,0,0,0,0,0,0,0,0,4096,256,131072,4,15|4,0,67108864,262144,256,0,0,0,0,100,0,88,0,25,22,0,1,100,0|4,390609999,0,0,0,5767168,0,5767168,0,17744,0,0,22,0,0,0,0,0,0,0,6897479,0,0,0,0,0
1785952912408|1001|stream64_f2r_01|fixed|4,1378943233,16777471,12430879,12256303,12289683,12256303,12289683,12256303,11757,11712,11711,11711,0,0,1496,0,361497904,360778595,4096,4096,0,0,11712,11712,680549358,680549363,680549366,680549371,0,0,0,0,0,0,0,0,4096,256,131072,4,15|4,0,67108864,262144,256,0,0,0,0,188,0,176,0,47,44,0,1,188,0|6,1389637024,0,11589664,0,0,0,0,0,12306131,0,44,0,639354846,0,639354846,0,2080,630787561,0,12584908,0,0,0,0,0
1785952912408|1001|stream64_f2r_01|rotating|4,1378943233,33558272,12495438,12320134,141953,0,141953,0,3008,0,1504,0,0,0,11772,11772,9608984,0,4096,0,0,0,1504,0,666246803,0,666246811,0,0,0,0,0,0,0,0,0,4096,256,131072,4,15|4,0,67108864,262144,256,0,0,0,0,188,0,176,0,47,44,0,1,188,0|6,711275360,0,0,0,11534336,0,11534336,0,35606,0,0,44,0,0,0,0,0,0,0,6942244,0,0,0,0,0
1785952917423|1001|stream64_f2r_01|fixed|6,1378943233,16777471,18716095,18453927,18503449,18453927,18503449,18453927,17700,17634,17632,17632,0,0,2253,0,544280168,543201288,4096,4096,0,0,17633,17633,1001374828,1001374777,1001374812,1001374785,0,0,0,0,0,0,0,0,4096,256,131072,4,15|4,0,67108864,262144,256,0,0,0,0,276,0,264,0,69,66,0,1,276,0|8,1711299470,0,17443776,0,0,0,0,0,18520122,0,66,0,959553764,0,959553764,0,2080,949310001,0,15417541,0,0,0,0,0
1785952917423|1001|stream64_f2r_01|rotating|6,1378943233,33558272,18806752,18543730,213686,0,213686,0,4528,0,2264,0,0,0,17718,17718,14464576,0,4096,0,0,0,2264,0,988506072,0,988506080,0,0,0,0,0,0,0,0,0,4096,256,131072,4,15|4,0,67108864,262144,256,0,0,0,0,276,0,264,0,69,66,0,1,276,0|8,1034355681,0,0,0,17301504,0,17301504,0,53586,0,0,66,0,0,0,0,0,0,0,6981123,0,0,0,0,0
1785952922442|1001|stream64_f2r_01|fixed|8,1378943233,16777471,25008076,24659784,24723886,24659784,24723886,24659784,23650,23562,23560,23560,0,0,3011,0,727255511,725816786,4096,4096,0,0,23561,23561,1322543324,1322543337,1322543332,1322543345,0,0,0,0,0,0,0,0,4096,256,131072,4,15|4,0,67108864,262144,256,0,0,0,0,364,0,352,0,91,88,0,1,364,0|10,2032195831,0,23282080,0,0,0,0,0,24720425,0,88,0,1278990549,0,1278990549,0,2080,1267068041,0,18249047,0,0,0,0,0
1785952922442|1001|stream64_f2r_01|rotating|8,1378943233,33558272,25116692,24767156,285317,0,285317,0,6046,0,3023,0,0,0,23662,23662,19313752,0,4096,0,0,0,3023,0,1310334484,0,1310334492,0,0,0,0,0,0,0,0,0,4096,256,131072,4,15|4,0,67108864,262144,256,0,0,0,0,368,0,356,0,92,89,0,1,368,0|10,1355896633,0,0,0,23330816,0,23330816,0,71471,0,0,89,0,0,0,0,0,0,0,7025781,0,0,0,0,0
1785952927450|1001|stream64_f2r_01|fixed|10,1378943233,16779144,31289810,30854796,30934270,30854796,30934270,30854796,29588,29478,29477,29477,0,0,3767,0,909896272,908099720,4096,4096,0,0,29477,29477,1643114059,1643114408,1643114067,1643114416,0,0,0,0,0,0,0,0,4096,256,131072,4,15|4,0,67108864,262144,256,0,0,0,0,456,0,444,0,114,111,0,1,456,0|12,2353184176,0,29113792,0,0,0,0,0,30920204,0,111,0,1598520966,0,1598520966,0,2080,1584783797,0,21210475,0,0,0,0,0
1785952927450|1001|stream64_f2r_01|rotating|10,1378943233,33558272,31372555,30935886,356483,0,356483,0,7554,0,3777,0,0,0,29555,29555,24131008,0,4096,0,0,0,3777,0,1629816829,0,1629816837,0,0,0,0,0,0,0,0,0,4096,256,131072,4,15|4,0,67108864,262144,256,0,0,0,0,456,0,444,0,114,111,0,1,456,0|12,1675951570,0,0,0,29097984,0,29097984,0,89286,0,0,111,0,0,0,0,0,0,0,7075250,0,0,0,0,0
1785952932458|1001|stream64_f2r_01|fixed|12,1378943233,16781056,37566681,37043325,37139790,37043325,37139790,37043325,35524,35391,35390,35390,0,0,4523,0,1092418896,1090247864,4096,4096,0,0,35390,35390,1963615206,1963615547,1963615214,1963615555,0,0,0,0,0,0,0,0,4096,256,131072,4,15|4,0,67108864,262144,256,0,0,0,0,544,0,532,0,136,133,0,1,544,0|14,2673950542,0,34952096,0,0,0,0,0,37117266,0,133,0,1917827756,0,1917827756,0,2080,1902412560,0,24041263,0,0,0,0,0
1785952932458|1001|stream64_f2r_01|rotating|12,1378943233,33558272,37675086,37150558,428123,0,428123,0,9072,0,4536,0,0,0,35492,35492,28980240,0,4096,0,0,0,4536,0,1951644521,0,1951644529,0,0,0,0,0,0,0,0,0,4096,256,131072,4,15|4,0,67108864,262144,256,0,0,0,0,544,0,532,0,136,133,0,1,544,0|14,1996620111,0,0,0,34865152,0,34865152,0,107148,0,0,133,0,0,0,0,0,0,0,7121727,0,0,0,0,0
1785952937461|1001|stream64_f2r_01|fixed|14,1378943233,16777471,43842689,43232205,43344537,43232205,43344537,43232205,41457,41302,41300,41300,0,0,5278,0,1274871666,1272340440,4096,4096,0,0,41301,41301,2283881169,2283881190,2283881177,2283881166,0,0,0,0,0,0,0,0,4096,256,131072,4,15|4,0,67108864,262144,256,0,0,0,0,632,0,620,0,158,155,0,1,632,0|16,2993034101,0,40750880,0,0,0,0,0,43282595,0,155,0,2235461619,0,2235461619,0,2080,2218357691,0,26874271,0,0,0,0,0
1785952937461|1001|stream64_f2r_01|rotating|14,1378943233,33558272,43917199,43305778,499004,0,499004,0,10574,0,5287,0,0,0,41370,41370,33778352,0,4096,0,0,0,5287,0,2270036313,0,2270036321,0,0,0,0,0,0,0,0,0,4096,256,131072,4,15|4,0,67108864,262144,256,0,0,0,0,632,0,620,0,158,155,0,1,632,0|16,2317770031,0,0,0,40632320,0,40632320,0,125009,0,0,155,0,0,0,0,0,0,0,7163275,0,0,0,0,0
1785952942464|1001|stream64_f2r_01|fixed|16,1378943233,16777471,50119236,49422358,49549729,49422358,49549729,49422358,47391,47215,47212,47212,0,0,6034,0,1457365432,1454474256,4096,4096,0,0,47213,47213,2604207795,2604207808,2604207803,2604207784,0,0,0,0,0,0,0,0,4096,256,131072,4,15|4,0,67108864,262144,256,0,0,0,0,720,0,708,0,180,177,0,1,720,0|18,3313219708,0,46573376,0,0,0,0,0,49469355,0,177,0,2554191602,0,2554191602,0,2080,2535405658,0,29705654,0,0,0,0,0
1785952942464|1001|stream64_f2r_01|rotating|16,1378943233,33558272,50187537,49489916,570262,0,570262,0,12084,0,6042,0,0,0,47277,47277,38601960,0,4096,0,0,0,6042,0,2590145508,0,2590145516,0,0,0,0,0,0,0,0,0,4096,256,131072,4,15|4,0,67108864,262144,256,0,0,0,0,720,0,708,0,180,177,0,1,720,0|18,2635672843,0,0,0,46399488,0,46399488,0,142706,0,0,177,0,0,0,0,0,0,0,7204656,0,0,0,0,0
1785952947476|1001|stream64_f2r_01|fixed|18,1378943233,16777471,56394185,55609552,55753325,55609552,55753325,55609552,53330,53132,53129,53129,0,0,6790,0,1640005496,1636755733,4096,4096,0,0,53130,53130,2924795623,2924795612,2924795607,2924795620,0,0,0,0,0,0,0,0,4096,256,131072,4,15|4,0,67108864,262144,256,0,0,0,0,808,0,796,0,202,199,0,1,808,0|20,3633932443,0,52411680,0,0,0,0,0,55659695,0,199,0,2873444761,0,2873444761,0,2080,2852977799,0,32539433,0,0,0,0,0
1785952947476|1001|stream64_f2r_01|rotating|18,1378943233,33558272,56468705,55682564,641800,0,641800,0,13600,0,6800,0,0,0,53200,53200,43444800,0,4096,0,0,0,6800,0,2911222621,0,2911222629,0,0,0,0,0,0,0,0,0,4096,256,131072,4,15|4,0,67108864,262144,256,0,0,0,0,812,0,800,0,203,200,0,1,812,0|20,2955799360,0,0,0,52428800,0,52428800,0,160521,0,0,200,0,0,0,0,0,0,0,7252037,0,0,0,0,0
1785952952478|1001|stream64_f2r_01|fixed|20,1378943233,16781056,62660846,61789882,61948732,61789882,61948732,61789882,59260,59041,59038,59038,0,0,7545,0,1822384544,1818778176,4096,4096,0,0,59038,59038,3244915915,3244916264,3244915923,3244916272,0,0,0,0,0,0,0,0,4096,256,131072,4,15|4,0,67108864,262144,256,0,0,0,0,900,0,888,0,225,222,0,1,900,0|22,3954048567,0,58227584,0,0,0,0,0,61836199,0,222,0,3192106909,0,3192106909,0,2080,3169822489,0,35500264,0,0,0,0,0
1785952952478|1001|stream64_f2r_01|rotating|20,1378943233,33558272,62750133,61877278,713155,0,713155,0,15112,0,7556,0,0,0,59122,59122,48274856,0,4096,0,0,0,7556,0,3231887755,0,3231887763,0,0,0,0,0,0,0,0,0,4096,256,131072,4,15|4,0,67108864,262144,256,0,0,0,0,900,0,888,0,225,222,0,1,900,0|22,3276932211,0,0,0,58195968,0,58195968,0,178407,0,0,222,0,0,0,0,0,0,0,7300921,0,0,0,0,0
1785952957478|1001|stream64_f2r_01|fixed|22,1378943233,16777471,68929620,67971646,68146150,67971646,68146150,67971646,65193,64951,64947,64947,0,0,8301,0,2004790925,2000809352,4096,4096,0,0,64948,64948,3565231183,3565231180,3565231191,3565231188,0,0,0,0,0,0,0,0,4096,256,131072,4,15|4,0,67108864,262144,256,0,0,0,0,988,0,976,0,247,244,0,1,988,0|24,4274054513,0,64050080,0,0,0,0,0,68014865,0,244,0,3510657231,0,3510657231,0,2080,3486689446,0,38332996,0,0,0,0,0
1785952957478|1001|stream64_f2r_01|rotating|22,1378943233,33558272,68987684,68029112,784133,0,784133,0,16616,0,8308,0,0,0,65002,65002,53079344,0,4096,0,0,0,8308,0,3550708995,0,3550709003,0,0,0,0,0,0,0,0,0,4096,256,131072,4,15|4,0,67108864,262144,256,0,0,0,0,988,0,976,0,247,244,0,1,988,0|24,3595913930,0,0,0,63963136,0,63963136,0,196151,0,0,244,0,0,0,0,0,0,0,7346471,0,0,0,0,0
1785952965927|1002|stream64_f2r_02|fixed|26,1378943233,16777471,6153286,6068095,6083440,6068095,6083440,6068095,5818,5796,5795,5795,0,0,740,0,178890650,178547592,4096,4096,0,0,5796,5796,4105726710,4105726723,4105726718,4105726699,0,0,0,0,0,0,0,0,4096,256,131072,4,15|4,0,67108864,262144,256,0,0,0,0,96,0,84,0,24,21,0,1,96,0|32,519954732,1,5765856,0,0,0,0,0,6118751,0,21,0,320268396,0,320268396,0,2080,313514119,0,9626808,0,0,0,0,0
1785952965927|1002|stream64_f2r_02|rotating|26,1378943233,33558272,6245205,6158263,70882,0,70882,0,1502,0,751,0,0,0,5882,5882,4798072,0,4096,0,0,0,751,0,4092827224,0,4092827232,0,0,0,0,0,0,0,0,0,4096,256,131072,4,15|4,0,67108864,262144,256,0,0,0,0,100,0,88,0,25,22,0,1,100,0|32,4138491538,0,0,0,5767168,0,5767168,0,17862,0,0,22,0,0,0,0,0,0,0,6896002,0,0,0,0,0
1785952970936|1002|stream64_f2r_02|fixed|28,1378943233,16777471,12429853,12255490,12288657,12255490,12288657,12255490,11756,11711,11710,11710,0,0,1496,0,361465400,360747738,4096,4096,0,0,11711,11711,131358868,131358849,131358852,131358857,0,0,0,0,0,0,0,0,4096,256,131072,4,15|4,0,67108864,262144,256,0,0,0,0,188,0,176,0,47,44,0,1,188,0|34,840577064,1,11589664,0,0,0,0,0,12307887,0,44,0,639434776,0,639434776,0,2080,630864338,0,12588039,0,0,0,0,0
1785952970936|1002|stream64_f2r_02|rotating|28,1378943233,33558272,12507093,12331920,142048,0,142048,0,3010,0,1505,0,0,0,11783,11783,9615384,0,4096,0,0,0,1505,0,117540604,0,117540612,0,0,0,0,0,0,0,0,0,4096,256,131072,4,15|4,0,67108864,262144,256,0,0,0,0,188,0,176,0,47,44,0,1,188,0|34,162374076,1,0,0,11534336,0,11534336,0,35606,0,0,44,0,0,0,0,0,0,0,6944859,0,0,0,0,0
1785952975949|1002|stream64_f2r_02|fixed|30,1378943233,16777471,18715683,18453646,18503037,18453646,18503037,18453646,17699,17632,17631,17631,0,0,2253,0,544248904,543172447,4096,4096,0,0,17632,17632,452187405,452187378,452187381,452187394,0,0,0,0,0,0,0,0,4096,256,131072,4,15|4,0,67108864,262144,256,0,0,0,0,276,0,264,0,69,66,0,1,276,0|36,1161506414,1,17427968,0,0,0,0,0,18507428,0,66,0,958904550,0,958904550,0,2080,948654096,0,15420816,0,0,0,0,0
1785952975949|1002|stream64_f2r_02|rotating|30,1378943233,33558272,18791373,18528597,213498,0,213498,0,4524,0,2262,0,0,0,17702,17702,14451808,0,4096,0,0,0,2262,0,438510748,0,438510756,0,0,0,0,0,0,0,0,0,4096,256,131072,4,15|4,0,67108864,262144,256,0,0,0,0,276,0,264,0,69,66,0,1,276,0|36,483277546,1,0,0,17301504,0,17301504,0,53469,0,0,66,0,0,0,0,0,0,0,6990256,0,0,0,0,0
1785952980951|1002|stream64_f2r_02|fixed|32,1378943233,16777471,24991070,24643045,24707164,24643045,24707164,24643045,23633,23544,23543,23543,0,0,3008,0,726737979,725303782,4096,4096,0,0,23544,23544,772509667,772509672,772509675,772509688,0,0,0,0,0,0,0,0,4096,256,131072,4,15|4,0,67108864,262144,256,0,0,0,0,364,0,352,0,91,88,0,1,364,0|38,1481847539,1,23258368,0,0,0,0,0,24696700,0,88,0,1277788075,0,1277788075,0,2080,1265855555,0,18253946,0,0,0,0,0
1785952980951|1002|stream64_f2r_02|rotating|32,1378943233,33558272,25082841,24733695,284942,0,284942,0,6038,0,3019,0,0,0,23629,23629,19288168,0,4096,0,0,0,3019,0,759481247,0,759481255,0,0,0,0,0,0,0,0,0,4096,256,131072,4,15|4,0,67108864,262144,256,0,0,0,0,364,0,352,0,91,88,0,1,364,0|38,804379179,1,0,0,23068672,0,23068672,0,71329,0,0,88,0,0,0,0,0,0,0,7031529,0,0,0,0,0
1785952985961|1002|stream64_f2r_02|fixed|34,1378943233,16777471,31271075,30836132,30915816,30836132,30915816,30836132,29570,29459,29458,29458,0,0,3764,0,909320483,907526926,4096,4096,0,0,29459,29459,1092994671,1092994652,1092994679,1092994660,0,0,0,0,0,0,0,0,4096,256,131072,4,15|4,0,67108864,262144,256,0,0,0,0,452,0,440,0,113,110,0,1,452,0|40,1802345642,1,29088768,0,0,0,0,0,30890112,0,110,0,1596828578,0,1596828578,0,2054,1583212742,0,21088326,0,0,0,0,0
1785952985961|1002|stream64_f2r_02|rotating|34,1378943233,33558272,31344387,30907921,356199,0,356199,0,7548,0,3774,0,0,0,29527,29527,24111864,0,4096,0,0,0,3774,0,1079269650,0,1079269658,0,0,0,0,0,0,0,0,0,4096,256,131072,4,15|4,0,67108864,262144,256,0,0,0,0,456,0,444,0,114,111,0,1,456,0|40,1124016883,1,0,0,29097984,0,29097984,0,89144,0,0,111,0,0,0,0,0,0,0,7072673,0,0,0,0,0
1785952990970|1002|stream64_f2r_02|fixed|36,1378943233,16777471,37552054,37030075,37125447,37030075,37125447,37030075,35509,35376,35375,35375,0,0,4520,0,1091976328,1089822720,4096,4096,0,0,35376,35376,1413600473,1413600462,1413600449,1413600438,0,0,0,0,0,0,0,0,4096,256,131072,4,15|4,0,67108864,262144,256,0,0,0,0,544,0,532,0,136,133,0,1,544,0|42,2122111889,1,34896768,0,0,0,0,0,37064912,0,133,0,1915142825,0,1915142825,0,2080,1899707106,0,24049885,0,0,0,0,0
1785952990970|1002|stream64_f2r_02|rotating|36,1378943233,33558272,37624931,37101367,427554,0,427554,0,9060,0,4530,0,0,0,35444,35444,28941920,0,4096,0,0,0,4530,0,1399935501,0,1399935509,0,0,0,0,0,0,0,0,0,4096,256,131072,4,15|4,0,67108864,262144,256,0,0,0,0,544,0,532,0,136,133,0,1,544,0|42,1444823381,1,0,0,34865152,0,34865152,0,106983,0,0,133,0,0,0,0,0,0,0,7116303,0,0,0,0,0
1785952995984|1002|stream64_f2r_02|fixed|38,1378943233,16781056,43838146,43228461,43339994,43228461,43339994,43228461,41452,41298,41296,41296,0,0,5278,0,1274725144,1272194632,4096,4096,0,0,41296,41296,1734487800,1734488125,1734487808,1734488133,0,0,0,0,0,0,0,0,4096,256,131072,4,15|4,0,67108864,262144,256,0,0,0,0,632,0,620,0,158,155,0,1,632,0|44,2443614400,1,40750880,0,0,0,0,0,43277419,0,155,0,2235181808,0,2235181808,0,2080,2218068736,0,26883393,0,0,0,0,0
1785952995984|1002|stream64_f2r_02|rotating|38,1378943233,33558272,43929792,43318994,499193,0,499193,0,10578,0,5289,0,0,0,41382,41382,33791136,0,4096,0,0,0,5289,0,1721765906,0,1721765914,0,0,0,0,0,0,0,0,0,4096,256,131072,4,15|4,0,67108864,262144,256,0,0,0,0,632,0,620,0,158,155,0,1,632,0|44,1766483511,1,0,0,40632320,0,40632320,0,124892,0,0,155,0,0,0,0,0,0,0,7157305,0,0,0,0,0
1785953000990|1002|stream64_f2r_02|fixed|40,1378943233,16777471,50120569,49423295,49551062,49423295,49551062,49423295,47391,47216,47212,47212,0,0,6034,0,1457355704,1454468843,4096,4096,0,0,47213,47213,2055068437,2055068434,2055068445,2055068442,0,0,0,0,0,0,0,0,4096,256,131072,4,15|4,0,67108864,262144,256,0,0,0,0,720,0,708,0,180,177,0,1,720,0|46,2765051364,1,46597088,0,0,0,0,0,49488799,0,177,0,2555157220,0,2555157220,0,2080,2536366604,0,29715395,0,0,0,0,0
1785953000990|1002|stream64_f2r_02|rotating|40,1378943233,33558272,50211063,49512918,570450,0,570450,0,12088,0,6044,0,0,0,47298,47298,38614720,0,4096,0,0,0,6044,0,2041875733,0,2041875741,0,0,0,0,0,0,0,0,0,4096,256,131072,4,15|4,0,67108864,262144,256,0,0,0,0,720,0,708,0,180,177,0,1,720,0|46,2086910811,1,0,0,46399488,0,46399488,0,142729,0,0,177,0,0,0,0,0,0,0,7199556,0,0,0,0,0
1785953005997|1002|stream64_f2r_02|fixed|42,1378943233,16777471,56394769,55610906,55754002,55610906,55754002,55610906,53324,53127,53123,53123,0,0,6789,0,1639816752,1636570230,4096,4096,0,0,53124,53124,2375341454,2375341427,2375341438,2375341435,0,0,0,0,0,0,0,0,4096,256,131072,4,15|4,0,67108864,262144,256,0,0,0,0,808,0,796,0,202,199,0,1,808,0|48,3084448539,1,52403776,0,0,0,0,0,55659156,0,199,0,2873102723,0,2873102723,0,2080,2852623724,0,32549751,0,0,0,0,0
1785953005997|1002|stream64_f2r_02|rotating|42,1378943233,33558272,56468434,55683728,641610,0,641610,0,13596,0,6798,0,0,0,53193,53193,43432008,0,4096,0,0,0,6798,0,2361558163,0,2361558171,0,0,0,0,0,0,0,0,0,4096,256,131072,4,15|4,0,67108864,262144,256,0,0,0,0,812,0,800,0,203,200,0,1,812,0|48,2406605742,1,0,0,52428800,0,52428800,0,160521,0,0,200,0,0,0,0,0,0,0,7241920,0,0,0,0,0
1785953011015|1002|stream64_f2r_02|fixed|44,1378943233,16781056,62688975,61817534,61976577,61817534,61976577,61817534,59274,59055,59052,59052,0,0,7548,0,1822815400,1819194240,4096,4096,0,0,59052,59052,2696539684,2696518241,2696539692,2696518249,0,0,0,0,0,0,0,0,4096,256,131072,4,15|4,0,67108864,262144,256,0,0,0,0,900,0,888,0,225,222,0,1,900,0|50,3405864017,1,58246100,0,0,0,0,0,61867036,0,222,0,3193057620,0,3193057620,0,2080,3170765555,0,35511679,0,0,0,0,0
1785953011015|1002|stream64_f2r_02|rotating|44,1378943233,33558272,62768526,61896188,713250,0,713250,0,15114,0,7557,0,0,0,59126,59126,48281256,0,4096,0,0,0,7557,0,2683189867,0,2683189875,0,0,0,0,0,0,0,0,0,4096,256,131072,4,15|4,0,67108864,262144,256,0,0,0,0,900,0,888,0,225,222,0,1,900,0|50,2730748165,1,0,0,58195968,0,58195968,0,178572,0,0,222,0,0,0,0,0,0,0,7283784,0,0,0,0,0
1785953016017|1002|stream64_f2r_02|fixed|46,1378943233,16777471,68963258,68005115,68179600,68005115,68179600,68005115,65207,64966,64962,64962,0,0,8303,0,2005245069,2001263792,4096,4096,0,0,64962,64962,3016881442,3016881775,3016881450,3016881783,0,0,0,0,0,0,0,0,4096,256,131072,4,15|4,0,67108864,262144,256,0,0,0,0,988,0,976,0,247,244,0,1,988,0|52,3726055489,1,64073792,0,0,0,0,0,68054171,0,244,0,3511792169,0,3511792169,0,2080,3487818186,0,38344263,0,0,0,0,0
1785953016017|1002|stream64_f2r_02|rotating|46,1378943233,33558272,69089920,68130361,785078,0,785078,0,16636,0,8318,0,0,0,65081,65081,53143208,0,4096,0,0,0,8318,0,3005878882,0,3005878890,0,0,0,0,0,0,0,0,0,4096,256,131072,4,15|4,0,67108864,262144,256,0,0,0,0,992,0,980,0,248,245,0,1,992,0|52,3058117002,1,0,0,64225280,0,64225280,0,196788,0,0,245,0,0,0,0,0,0,0,7331417,0,0,0,0,0
1785953024463|1003|stream64_f2r_03|fixed|50,1378943233,16777471,6166319,6080875,6096380,6080875,6096380,6080875,5830,5808,5807,5807,0,0,741,0,179272337,178929736,4096,4096,0,0,5808,5808,3558186592,3558186613,3558186600,3558186597,0,0,0,0,0,0,0,0,4096,256,131072,4,15|4,0,67108864,262144,256,0,0,0,0,100,0,88,0,25,22,0,1,100,0|60,4267730943,1,5777976,0,0,0,0,0,6135230,0,22,0,321273315,0,321273315,0,2080,314390274,0,9753429,0,0,0,0,0
1785953024463|1003|stream64_f2r_03|rotating|50,1378943233,33558272,6258905,6171561,71072,0,71072,0,1506,0,753,0,0,0,5894,5894,4810872,0,4096,0,0,0,753,0,3545486495,0,3545486503,0,0,0,0,0,0,0,0,0,4096,256,131072,4,15|4,0,67108864,262144,256,0,0,0,0,100,0,88,0,25,22,0,1,100,0|60,3590428746,1,0,0,5767168,0,5767168,0,17886,0,0,22,0,0,0,0,0,0,0,6897068,0,0,0,0,0
1785953029475|1003|stream64_f2r_03|fixed|52,1378943233,16777471,12427289,12253984,12286093,12253984,12286093,12253984,11754,11709,11708,11708,0,0,1496,0,361405379,360686984,4096,4096,0,0,11709,11709,3878018610,3878018615,3878018618,3878018599,0,0,0,0,0,0,0,0,4096,256,131072,4,15|4,0,67108864,262144,256,0,0,0,0,188,0,176,0,47,44,0,1,188,0|62,292380185,2,11589664,0,0,0,0,0,12307839,0,44,0,639436931,0,639436931,0,2080,630868734,0,12585808,0,0,0,0,0
1785953029475|1003|stream64_f2r_03|rotating|52,1378943233,33558272,12501919,12327704,142048,0,142048,0,3010,0,1505,0,0,0,11778,11778,9615384,0,4096,0,0,0,1505,0,3864307416,0,3864307424,0,0,0,0,0,0,0,0,0,4096,256,131072,4,15|4,0,67108864,262144,256,0,0,0,0,188,0,176,0,47,44,0,1,188,0|62,3909049719,1,0,0,11534336,0,11534336,0,35606,0,0,44,0,0,0,0,0,0,0,6943103,0,0,0,0,0
1785953034489|1003|stream64_f2r_03|fixed|54,1378943233,16777471,18713500,18453106,18500854,18453106,18500854,18453106,17698,17631,17630,17630,0,0,2253,0,544214552,543137646,4096,4096,0,0,17631,17631,4198893742,4198893715,4198893702,4198893723,0,0,0,0,0,0,0,0,4096,256,131072,4,15|4,0,67108864,262144,256,0,0,0,0,276,0,264,0,69,66,0,1,276,0|64,613036849,2,17427968,0,0,0,0,0,18502022,0,66,0,958634019,0,958634019,0,2080,948385825,0,15418566,0,0,0,0,0
1785953034489|1003|stream64_f2r_03|rotating|54,1378943233,33558272,18789301,18528183,213498,0,213498,0,4524,0,2262,0,0,0,17701,17701,14451808,0,4096,0,0,0,2262,0,4185277544,0,4185277552,0,0,0,0,0,0,0,0,0,4096,256,131072,4,15|4,0,67108864,262144,256,0,0,0,0,276,0,264,0,69,66,0,1,276,0|64,4230117217,1,0,0,17301504,0,17301504,0,53469,0,0,66,0,0,0,0,0,0,0,6986832,0,0,0,0,0
1785953039489|1003|stream64_f2r_03|fixed|56,1378943233,16777471,24983690,24636681,24699784,24636681,24699784,24636681,23626,23538,23536,23536,0,0,3008,0,726532205,725096688,4096,4096,0,0,23537,23537,223944576,223944565,223944584,223944573,0,0,0,0,0,0,0,0,4096,256,131072,4,15|4,0,67108864,262144,256,0,0,0,0,364,0,352,0,91,88,0,1,364,0|66,933159893,2,23250464,0,0,0,0,0,24686983,0,88,0,1277301439,0,1277301439,0,2080,1265369260,0,18251918,0,0,0,0,0
1785953039489|1003|stream64_f2r_03|rotating|56,1378943233,33558272,25059062,24711250,284661,0,284661,0,6032,0,3016,0,0,0,23607,23607,19269024,0,4096,0,0,0,3016,0,209991660,0,209991668,0,0,0,0,0,0,0,0,0,4096,256,131072,4,15|4,0,67108864,262144,256,0,0,0,0,364,0,352,0,91,88,0,1,364,0|66,255224457,2,0,0,23068672,0,23068672,0,71282,0,0,88,0,0,0,0,0,0,0,7035703,0,0,0,0,0
1785953044494|1003|stream64_f2r_03|fixed|58,1378943233,16777471,31265139,30830108,30909880,30830108,30909880,30830108,29564,29454,29452,29452,0,0,3764,0,909144297,907349548,4096,4096,0,0,29453,29453,544479410,544479439,544479426,544479447,0,0,0,0,0,0,0,0,4096,256,131072,4,15|4,0,67108864,262144,256,0,0,0,0,452,0,440,0,113,110,0,1,452,0|68,1253661453,2,29080864,0,0,0,0,0,30880514,0,110,0,1596345399,0,1596345399,0,2080,1582731507,0,21084695,0,0,0,0,0
1785953044494|1003|stream64_f2r_03|rotating|58,1378943233,33558272,31334039,30898195,356009,0,356009,0,7544,0,3772,0,0,0,29517,29517,24099072,0,4096,0,0,0,3772,0,530532061,0,530532069,0,0,0,0,0,0,0,0,0,4096,256,131072,4,15|5,0,67108864,262144,256,0,0,0,0,456,0,444,0,114,111,0,1,456,0|68,575485017,2,0,0,29097984,0,29097984,0,89120,0,0,111,0,0,0,0,0,0,0,7087096,0,0,0,0,0
1785953049506|1003|stream64_f2r_03|fixed|60,1378943233,16777471,37550009,37026589,37123402,37026589,37123402,37026589,35506,35374,35372,35372,0,0,4520,0,1091888024,1089734957,4096,4096,0,0,35373,35373,865243145,865243126,865243105,865243134,0,0,0,0,0,0,0,0,4096,256,131072,4,15|4,0,67108864,262144,256,0,0,0,0,544,0,532,0,136,133,0,1,544,0|70,1574380723,2,34904672,0,0,0,0,0,37073870,0,133,0,1915608717,0,1915608717,0,2080,1900177741,0,24046849,0,0,0,0,0
1785953049506|1003|stream64_f2r_03|rotating|60,1378943233,33558272,37614222,37089625,427365,0,427365,0,9056,0,4528,0,0,0,35433,35433,28929128,0,4096,0,0,0,4528,0,850874685,0,850874693,0,0,0,0,0,0,0,0,0,4096,256,131072,4,15|4,0,67108864,262144,256,0,0,0,0,544,0,532,0,136,133,0,1,544,0|70,896762355,2,0,0,34865152,0,34865152,0,107007,0,0,133,0,0,0,0,0,0,0,7124891,0,0,0,0,0
1785953054531|1003|stream64_f2r_03|fixed|62,1378943233,16777471,43847350,43236074,43349103,43236074,43349103,43236074,41460,41305,41303,41303,0,0,5279,0,1274961176,1272434087,4096,4096,0,0,41304,41304,1186706579,1186706576,1186706539,1186706584,0,0,0,0,0,0,0,0,4096,256,131072,4,15|4,0,67108864,262144,256,0,0,0,0,632,0,620,0,158,155,0,1,632,0|72,1895871556,2,40758784,0,0,0,0,0,43286172,0,155,0,2235636022,0,2235636022,0,2080,2218528492,0,26879558,0,0,0,0,0
1785953054531|1003|stream64_f2r_03|rotating|62,1378943233,33558272,43927204,43314971,499099,0,499099,0,10576,0,5288,0,0,0,41378,41378,33784744,0,4096,0,0,0,5288,0,1173134070,0,1173134078,0,0,0,0,0,0,0,0,0,4096,256,131072,4,15|4,0,67108864,262144,256,0,0,0,0,632,0,620,0,158,155,0,1,632,0|72,1217884800,2,0,0,40632320,0,40632320,0,124869,0,0,155,0,0,0,0,0,0,0,7168950,0,0,0,0,0
1785953059537|1003|stream64_f2r_03|fixed|64,1378943233,16777471,50125357,49427834,49555850,49427834,49555850,49427834,47395,47218,47216,47216,0,0,6034,0,1457482458,1454594917,4096,4096,0,0,47217,47217,1507082425,1507082422,1507082433,1507082430,0,0,0,0,0,0,0,0,4096,256,131072,4,15|4,0,67108864,262144,256,0,0,0,0,720,0,708,0,180,177,0,1,720,0|74,2215505128,2,46573376,0,0,0,0,0,49462649,0,177,0,2553815946,0,2553815946,0,2080,2535023829,0,29711815,0,0,0,0,0
1785953059537|1003|stream64_f2r_03|rotating|64,1378943233,33558272,50176666,49478534,570075,0,570075,0,12080,0,6040,0,0,0,47265,47265,38589200,0,4096,0,0,0,6040,0,1491954852,0,1491954860,0,0,0,0,0,0,0,0,0,4096,256,131072,4,15|4,0,67108864,262144,256,0,0,0,0,720,0,708,0,180,177,0,1,720,0|74,1537045089,2,0,0,46399488,0,46399488,0,142635,0,0,177,0,0,0,0,0,0,0,7210597,0,0,0,0,0
1785953064546|1003|stream64_f2r_03|fixed|66,1378943233,16781056,56406128,55622388,55765174,55622388,55765174,55622388,53335,53135,53134,53134,0,0,6791,0,1640140744,1636894648,4096,4096,0,0,53134,53134,1827688523,1827688840,1827688531,1827688848,0,0,0,0,0,0,0,0,4096,256,131072,4,15|4,0,67108864,262144,256,0,0,0,0,808,0,796,0,202,199,0,1,808,0|76,2536751312,2,52411680,0,0,0,0,0,55669454,0,199,0,2873602554,0,2873602554,0,2054,2853129270,0,32545743,0,0,0,0,0
1785953064546|1003|stream64_f2r_03|rotating|66,1378943233,33558272,56478314,55693095,641800,0,641800,0,13600,0,6800,0,0,0,53202,53202,43444800,0,4096,0,0,0,6800,0,1813891650,0,1813891658,0,0,0,0,0,0,0,0,0,4096,256,131072,4,15|4,0,67108864,262144,256,0,0,0,0,812,0,800,0,203,200,0,1,812,0|76,1858912809,2,0,0,52428800,0,52428800,0,160544,0,0,200,0,0,0,0,0,0,0,7253934,0,0,0,0,0
1785953069556|1003|stream64_f2r_03|fixed|68,1378943233,16781056,62688827,61819170,61976429,61819170,61976429,61819170,59275,59053,59052,59052,0,0,7548,0,1822818168,1819195544,4096,4096,0,0,59052,59052,2148336020,2148314609,2148336028,2148314617,0,0,0,0,0,0,0,0,4096,256,131072,4,15|4,0,67108864,262144,256,0,0,0,0,900,0,888,0,225,222,0,1,900,0|78,2857376865,2,58243392,0,0,0,0,0,61862186,0,222,0,3192770179,0,3192770179,0,2080,3170482558,0,35506847,0,0,0,0,0
1785953069556|1003|stream64_f2r_03|rotating|68,1378943233,33558272,62753312,61883046,713060,0,713060,0,15110,0,7555,0,0,0,59112,59112,48268456,0,4096,0,0,0,7555,0,2134127282,0,2134127290,0,0,0,0,0,0,0,0,0,4096,256,131072,4,15|4,0,67108864,262144,256,0,0,0,0,900,0,888,0,225,222,0,1,900,0|78,2179863308,2,0,0,58195968,0,58195968,0,178407,0,0,222,0,0,0,0,0,0,0,7301454,0,0,0,0,0
1785953074569|1003|stream64_f2r_03|fixed|70,1378943233,16781056,68972334,68015023,68188581,68015023,68188581,68015023,65217,64972,64971,64971,0,0,8304,0,2005526344,2001544048,4096,4096,0,0,64971,64971,2469161614,2469161955,2469161622,2469161963,0,0,0,0,0,0,0,0,4096,256,131072,4,15|4,0,67108864,262144,256,0,0,0,0,988,0,976,0,247,244,0,1,988,0|80,3178240746,2,64081696,0,0,0,0,0,68061298,0,244,0,3512174484,0,3512174484,0,2080,3488206488,0,38339983,0,0,0,0,0
1785953074569|1003|stream64_f2r_03|rotating|70,1378943233,33558272,69046227,68088165,784605,0,784605,0,16626,0,8313,0,0,0,65040,65040,53111288,0,4096,0,0,0,8313,0,2455527565,0,2455527573,0,0,0,0,0,0,0,0,0,4096,256,131072,4,15|4,0,67108864,262144,256,0,0,0,0,988,0,976,0,247,244,0,1,988,0|80,2500261405,2,0,0,63963136,0,63963136,0,196245,0,0,244,0,0,0,0,0,0,0,7341692,0,0,0,0,0
1785953082986|1004|stream64_f2r_04|fixed|74,1378943233,16777471,6143840,6059231,6074088,6059231,6074088,6059231,5814,5792,5792,5792,0,0,739,0,178786763,178442798,4096,4096,0,0,5792,5792,3007910590,3007910915,3007910598,3007910923,0,0,0,0,0,0,0,0,4096,256,131072,4,15|4,0,67108864,262144,256,0,0,0,0,96,0,84,0,24,21,0,1,96,0|88,3716374521,2,5750048,0,0,0,0,0,6094702,0,21,0,319350031,0,319350031,0,2080,312589730,0,9629498,0,0,0,0,0
1785953082986|1004|stream64_f2r_04|rotating|74,1378943233,33558272,6214199,6128008,70598,0,70598,0,1496,0,748,0,0,0,5858,5858,4778928,0,4096,0,0,0,748,0,2993791670,0,2993791678,0,0,0,0,0,0,0,0,0,4096,256,131072,4,15|4,0,67108864,262144,256,0,0,0,0,100,0,88,0,25,22,0,1,100,0|88,3039726812,2,0,0,5767168,0,5767168,0,17815,0,0,22,0,0,0,0,0,0,0,6898041,0,0,0,0,0
1785953087998|1004|stream64_f2r_04|fixed|76,1378943233,16777471,12420219,12247639,12278929,12247639,12278929,12247639,11758,11715,11712,11712,0,0,1497,0,361540657,360822264,4096,4096,0,0,11713,11713,3328833956,3328833969,3328833972,3328833937,0,0,0,0,0,0,0,0,4096,256,131072,4,15|4,0,67108864,262144,256,0,0,0,0,188,0,176,0,47,44,0,1,188,0|90,4038734390,2,11605472,0,0,0,0,0,12311791,0,44,0,640246044,0,640246044,0,2080,631669547,0,12597552,0,0,0,0,0
1785953087998|1004|stream64_f2r_04|rotating|76,1378943233,33558272,12522467,12348659,142427,0,142427,0,3018,0,1509,0,0,0,11809,11809,9640920,0,4096,0,0,0,1509,0,3316612821,0,3316612837,0,0,0,0,0,0,0,0,0,4096,256,131072,4,15|4,0,67108864,262144,256,0,0,0,0,188,0,176,0,47,44,0,1,188,0|90,3362053860,2,0,0,11534336,0,11534336,0,35748,0,0,44,0,0,0,0,0,0,0,6936844,0,0,0,0,0
1785953092999|1004|stream64_f2r_04|fixed|78,1378943233,16777471,18680992,18421587,18468536,18421587,18468536,18421587,17684,17619,17616,17616,0,0,2251,0,543783232,542705432,4096,4096,0,0,17617,17617,3648733601,3648733638,3648733617,3648733598,0,0,0,0,0,0,0,0,4096,256,131072,4,15|4,0,67108864,262144,256,0,0,0,0,276,0,264,0,69,66,0,1,276,0|92,62898140,3,17412160,0,0,0,0,0,18470155,0,66,0,957925418,0,957925418,0,2080,947654906,0,15437540,0,0,0,0,0
1785953092999|1004|stream64_f2r_04|rotating|78,1378943233,33558272,18757875,18497787,213308,0,213308,0,4520,0,2260,0,0,0,17689,17689,14439016,0,4096,0,0,0,2260,0,3635011608,0,3635011616,0,0,0,0,0,0,0,0,0,4096,256,131072,4,15|4,0,67108864,262144,256,0,0,0,0,276,0,264,0,69,66,0,1,276,0|92,3680686866,2,0,0,17301504,0,17301504,0,53469,0,0,66,0,0,0,0,0,0,0,6985214,0,0,0,0,0
1785953098014|1004|stream64_f2r_04|fixed|80,1378943233,16777471,24964633,24619374,24680727,24619374,24680727,24619374,23631,23544,23541,23541,0,0,3008,0,726679620,725244023,4096,4096,0,0,23542,23542,3969770514,3969770511,3969770522,3969770519,0,0,0,0,0,0,0,0,4096,256,131072,4,15|4,0,67108864,262144,256,0,0,0,0,364,0,352,0,91,88,0,1,364,0|94,383975112,3,23250464,0,0,0,0,0,24667593,0,88,0,1277542814,0,1277542814,0,2080,1265585142,0,18277461,0,0,0,0,0
1785953098014|1004|stream64_f2r_04|rotating|80,1378943233,33558272,25040684,24694514,284755,0,284755,0,6034,0,3017,0,0,0,23613,23613,19275400,0,4096,0,0,0,3017,0,3955988875,0,3955988883,0,0,0,0,0,0,0,0,0,4096,256,131072,4,15|4,0,67108864,262144,256,0,0,0,0,364,0,352,0,91,88,0,1,364,0|94,4000897202,2,0,0,23068672,0,23068672,0,71282,0,0,88,0,0,0,0,0,0,0,7033857,0,0,0,0,0
1785953103036|1004|stream64_f2r_04|fixed|82,1378943233,16777471,31257238,30823720,30901791,30823720,30901791,30823720,29585,29477,29473,29473,0,0,3766,0,909794133,907997976,4096,4096,0,0,29474,29474,4291185756,4291185729,4291185764,4291185737,0,0,0,0,0,0,0,0,4096,256,131072,4,15|4,0,67108864,262144,256,0,0,0,0,452,0,440,0,113,110,0,1,452,0|96,705408511,3,29096672,0,0,0,0,0,30873288,0,110,0,1597514661,0,1597514661,0,2080,1583868558,0,21120350,0,0,0,0,0
1785953103036|1004|stream64_f2r_04|rotating|82,1378943233,33558272,31329530,30894514,356293,0,356293,0,7550,0,3775,0,0,0,29541,29541,24118240,0,4096,0,0,0,3775,0,4277200150,0,4277200166,0,0,0,0,0,0,0,0,0,4096,256,131072,4,15|4,0,67108864,262144,256,0,0,0,0,456,0,444,0,114,111,0,1,456,0|96,27412754,3,0,0,29097984,0,29097984,0,89191,0,0,111,0,0,0,0,0,0,0,7076557,0,0,0,0,0
1785953108042|1004|stream64_f2r_04|fixed|84,1378943233,16777471,37528999,37007245,37102108,37007245,37102108,37007245,35522,35391,35387,35387,0,0,4523,0,1092341310,1090168553,4096,4096,0,0,35388,35388,316760613,316760634,316760621,316760642,0,0,0,0,0,0,0,0,4096,256,131072,4,15|4,0,67108864,262144,256,0,0,0,0,544,0,532,0,136,133,0,1,544,0|98,1025711513,3,34920480,0,0,0,0,0,37052433,0,133,0,1916361711,0,1916361711,0,2080,1900904712,0,24076316,0,0,0,0,0
1785953108042|1004|stream64_f2r_04|rotating|84,1378943233,33558272,37595174,37072839,427649,0,427649,0,9062,0,4531,0,0,0,35450,35450,28948320,0,4096,0,0,0,4531,0,302768089,0,302768097,0,0,0,0,0,0,0,0,0,4096,256,131072,4,15|4,0,67108864,262144,256,0,0,0,0,544,0,532,0,136,133,0,1,544,0|98,347479741,3,0,0,34865152,0,34865152,0,107007,0,0,133,0,0,0,0,0,0,0,7121322,0,0,0,0,0
1785953113051|1004|stream64_f2r_04|fixed|86,1378943233,16777471,43801232,43193242,43303080,43193242,43303080,43193242,41457,41304,41300,41300,0,0,5278,0,1274868499,1272337334,4096,4096,0,0,41301,41301,637154729,637154702,637154737,637154710,0,0,0,0,0,0,0,0,4096,256,131072,4,15|4,0,67108864,262144,256,0,0,0,0,632,0,620,0,158,155,0,1,632,0|100,1346530544,3,40758784,0,0,0,0,0,43245588,0,155,0,2235721166,0,2235721166,0,2080,2218576587,0,26916657,0,0,0,0,0
1785953113051|1004|stream64_f2r_04|rotating|86,1378943233,33558272,43876901,43267998,499004,0,499004,0,10574,0,5287,0,0,0,41372,41372,33778352,0,4096,0,0,0,5287,0,623316043,0,623316051,0,0,0,0,0,0,0,0,0,4096,256,131072,4,15|4,0,67108864,262144,256,0,0,0,0,632,0,620,0,158,155,0,1,632,0|100,668311454,3,0,0,40632320,0,40632320,0,124869,0,0,155,0,0,0,0,0,0,0,7168957,0,0,0,0,0
1785953118064|1004|stream64_f2r_04|fixed|88,1378943233,16777471,50082973,49389095,49513371,49389095,49513371,49389095,47401,47226,47222,47222,0,0,6035,0,1457667918,1454777169,4096,4096,0,0,47223,47223,958027080,958027061,958027088,958027069,0,0,0,0,0,0,0,0,4096,256,131072,4,15|4,0,67108864,262144,256,0,0,0,0,720,0,708,0,180,177,0,1,720,0|102,1667313347,3,46589184,0,0,0,0,0,49438504,0,177,0,2555046369,0,2555046369,0,2080,2536209442,0,29760069,0,0,0,0,0
1785953118064|1004|stream64_f2r_04|rotating|88,1378943233,33558272,50171918,49476839,570636,0,570636,0,12092,0,6046,0,0,0,47306,47306,38627504,0,4096,0,0,0,6046,0,945156377,0,945156385,0,0,0,0,0,0,0,0,0,4096,256,131072,4,15|4,0,67108864,262144,256,0,0,0,0,720,0,708,0,180,177,0,1,724,0|102,990327392,3,0,0,46661632,0,46661632,0,142800,0,0,178,0,0,0,0,0,0,0,7217005,0,0,0,0,0
1785953123064|1004|stream64_f2r_04|fixed|90,1378943233,16781056,56346402,55565526,55705542,55565526,55705542,55565526,53329,53132,53129,53129,0,0,6790,0,1639985848,1636735368,4096,4096,0,0,53129,53129,1278039054,1278039387,1278039062,1278039395,0,0,0,0,0,0,0,0,4096,256,131072,4,15|4,0,67108864,262144,256,0,0,0,0,808,0,796,0,202,199,0,1,808,0|104,1987238144,3,52411680,0,0,0,0,0,55613478,0,199,0,2873515542,0,2873515542,0,2080,2852996977,0,32591074,0,0,0,0,0
1785953123064|1004|stream64_f2r_04|rotating|90,1378943233,33558272,56420985,55639185,641705,0,641705,0,13598,0,6799,0,0,0,53199,53200,43438400,0,4096,0,0,0,6799,0,1264405683,0,1264405691,0,0,0,0,0,0,0,0,0,4096,256,131072,4,15|4,0,67108864,262144,256,0,0,0,0,812,0,800,0,203,200,0,1,812,0|104,1309827180,3,0,0,52428800,0,52428800,0,160568,0,0,200,0,0,0,0,0,0,0,7262533,0,0,0,0,0
1785953128071|1004|stream64_f2r_04|fixed|92,1378943233,16781056,62623565,61756524,61911357,61756524,61911357,61756524,59269,59050,59047,59047,0,0,7546,0,1822662672,1819051800,4096,4096,0,0,59047,59047,1598685872,1598686197,1598685880,1598686205,0,0,0,0,0,0,0,0,4096,256,131072,4,15|4,0,67108864,262144,256,0,0,0,0,900,0,888,0,225,222,0,1,900,0|106,2308027680,3,58243392,0,0,0,0,0,61803343,0,222,0,3192847150,0,3192847150,0,2080,3170515016,0,35551410,0,0,0,0,0
1785953128071|1004|stream64_f2r_04|rotating|92,1378943233,33558272,62690222,61821706,713060,0,713060,0,15110,0,7555,0,0,0,59109,59109,48268456,0,4096,0,0,0,7555,0,1584746490,0,1584746498,0,0,0,0,0,0,0,0,0,4096,256,131072,4,15|4,0,67108864,262144,256,0,0,0,0,900,0,888,0,225,222,0,1,900,0|106,1629534269,3,0,0,58195968,0,58195968,0,178360,0,0,222,0,0,0,0,0,0,0,7310031,0,0,0,0,0
1785953133099|1004|stream64_f2r_04|fixed|94,1378943233,16777471,68923025,67967567,68139082,67967567,68139082,67967567,65230,64988,64984,64984,0,0,8306,0,2005935362,2001948304,4096,4096,0,0,64985,64985,1920507826,1920507847,1920507834,1920507823,0,0,0,0,0,0,0,0,4096,256,131072,4,15|4,0,67108864,262144,256,0,0,0,0,988,0,976,0,247,244,0,1,988,0|108,2629977819,3,64097504,0,0,0,0,0,68020217,0,244,0,3513333761,0,3513333761,0,2080,3489326177,0,38383015,0,0,0,0,0
1785953133099|1004|stream64_f2r_04|rotating|94,1378943233,33558272,69008652,68052360,784888,0,784888,0,16632,0,8316,0,0,0,65065,65065,53130448,0,4096,0,0,0,8316,0,1907434525,0,1907434533,0,0,0,0,0,0,0,0,0,4096,256,131072,4,15|4,0,67108864,262144,256,0,0,0,0,988,0,976,0,247,244,0,1,988,0|108,1952340097,3,0,0,63963136,0,63963136,0,196316,0,0,244,0,0,0,0,0,0,0,7357266,0,0,0,0,0
1785953141437|1005|stream64_f2r_05|fixed|98,1378943233,16777471,6136494,6054734,6066836,6054734,6066836,6054734,5804,5782,5781,5781,0,0,738,0,178454088,178111632,4096,4096,0,0,5782,5782,2453980548,2453980545,2453980516,2453980505,0,0,0,0,0,0,0,0,4096,256,131072,4,15|4,0,67108864,262144,256,0,0,0,0,96,0,84,0,24,21,0,1,96,0|116,3163073566,3,5750048,0,0,0,0,0,6101950,0,21,0,319417895,0,319417895,0,2080,312654949,0,9632122,0,0,0,0,0
1785953141437|1005|stream64_f2r_05|rotating|98,1378943233,33558272,6211078,6128220,70503,0,70503,0,1494,0,747,0,0,0,5851,5852,4772528,0,4096,0,0,0,747,0,2440320384,0,2440320392,0,0,0,0,0,0,0,0,0,4096,256,131072,4,15|4,0,67108864,262144,256,0,0,0,0,100,0,88,0,25,22,0,1,100,0|116,2485159262,3,0,0,5767168,0,5767168,0,17744,0,0,22,0,0,0,0,0,0,0,6893686,0,0,0,0,0
1785953146451|1005|stream64_f2r_05|fixed|100,1378943233,16780817,12420961,12251112,12279860,12251112,12279860,12251112,11748,11704,11703,11704,0,0,1495,0,361268257,360560712,4096,4096,0,0,11704,11704,2774859205,2774845810,2774859213,2774845818,0,0,0,0,0,0,0,0,4096,256,131072,4,15|4,0,67108864,262144,256,0,0,0,0,188,0,176,0,47,44,0,1,188,0|118,3483961817,3,11581760,0,0,0,0,0,12296340,0,44,0,638848218,0,638848218,0,2080,630273591,0,12590570,0,0,0,0,0
1785953146451|1005|stream64_f2r_05|rotating|100,1378943233,33558272,12496330,12325465,141953,0,141953,0,3008,0,1504,0,0,0,11774,11774,9608984,0,4096,0,0,0,1504,0,2761089072,0,2761089080,0,0,0,0,0,0,0,0,0,4096,256,131072,4,15|4,0,67108864,262144,256,0,0,0,0,188,0,176,0,47,44,0,1,188,0|118,2806204742,3,0,0,11534336,0,11534336,0,35606,0,0,44,0,0,0,0,0,0,0,6939491,0,0,0,0,0
1785953151464|1005|stream64_f2r_05|fixed|102,1378943233,16781056,18703793,18447093,18491242,18447093,18491242,18447093,17690,17623,17623,17623,0,0,2252,0,543986136,542909072,4096,4096,0,0,17623,17623,3095694949,3095695290,3095694957,3095695298,0,0,0,0,0,0,0,0,4096,256,131072,4,15|4,0,67108864,262144,256,0,0,0,0,276,0,264,0,69,66,0,1,276,0|120,3804794038,3,17420064,0,0,0,0,0,18493871,0,66,0,958220863,0,958220863,0,2080,947963442,0,15426125,0,0,0,0,0
1785953151464|1005|stream64_f2r_05|rotating|102,1378943233,33558272,18775609,18518236,213308,0,213308,0,4520,0,2260,0,0,0,17690,17690,14439016,0,4096,0,0,0,2260,0,3081632236,0,3081632244,0,0,0,0,0,0,0,0,0,4096,256,131072,4,15|4,0,67108864,262144,256,0,0,0,0,276,0,264,0,69,66,0,1,276,0|120,3126643636,3,0,0,17301504,0,17301504,0,53445,0,0,66,0,0,0,0,0,0,0,6979576,0,0,0,0,0
1785953156467|1005|stream64_f2r_05|fixed|104,1378943233,16777471,24981754,24636924,24697848,24636924,24697848,24636924,23626,23537,23536,23536,0,0,3008,0,726516434,725079589,4096,4096,0,0,23537,23537,3416103542,3416103555,3416103550,3416103563,0,0,0,0,0,0,0,0,4096,256,131072,4,15|4,0,67108864,262144,256,0,0,0,0,364,0,352,0,91,88,0,1,364,0|122,4125109626,3,23242560,0,0,0,0,0,24682828,0,88,0,1277080827,0,1277080827,0,2080,1265139173,0,18259725,0,0,0,0,0
1785953156467|1005|stream64_f2r_05|rotating|104,1378943233,33558272,25047812,24702311,284568,0,284568,0,6030,0,3015,0,0,0,23598,23598,19262648,0,4096,0,0,0,3015,0,3401743661,0,3401743669,0,0,0,0,0,0,0,0,0,4096,256,131072,4,15|4,0,67108864,262144,256,0,0,0,0,364,0,352,0,91,88,0,1,364,0|122,3446797982,3,0,0,23068672,0,23068672,0,71258,0,0,88,0,0,0,0,0,0,0,7028081,0,0,0,0,0
1785953161480|1005|stream64_f2r_05|fixed|106,1378943233,16777471,31268921,30837606,30913662,30837606,30913662,30837606,29569,29458,29458,29458,0,0,3764,0,909306434,907508909,4096,4096,0,0,29458,29458,3736937689,3736938022,3736937697,3736938030,0,0,0,0,0,0,0,0,4096,256,131072,4,15|4,0,67108864,262144,256,0,0,0,0,452,0,440,0,113,110,0,1,452,0|124,151449447,4,29088768,0,0,0,0,0,30891903,0,110,0,1596926392,0,1596926392,0,2080,1583306296,0,21092625,0,0,0,0,0
1785953161480|1005|stream64_f2r_05|rotating|106,1378943233,33558272,31353334,30920330,356293,0,356293,0,7550,0,3775,0,0,0,29537,29537,24118240,0,4096,0,0,0,3775,0,3723804893,0,3723804909,0,0,0,0,0,0,0,0,0,4096,256,131072,4,15|4,0,67108864,262144,256,0,0,0,0,456,0,444,0,114,111,0,1,456,0|124,3769170890,3,0,0,29097984,0,29097984,0,89215,0,0,111,0,0,0,0,0,0,0,7074482,0,0,0,0,0
1785953166486|1005|stream64_f2r_05|fixed|108,1378943233,16777471,37542227,37023460,37115714,37023460,37115714,37023460,35501,35368,35367,35367,0,0,4519,0,1091731345,1089574148,4096,4096,0,0,35368,35368,4057151317,4057151322,4057151325,4057151330,0,0,0,0,0,0,0,0,4096,256,131072,4,15|4,0,67108864,262144,256,0,0,0,0,544,0,532,0,136,133,0,1,544,0|126,472386625,4,34920480,0,0,0,0,0,37089398,0,133,0,1916405642,0,1916405642,0,2080,1900969083,0,24055855,0,0,0,0,0
1785953166486|1005|stream64_f2r_05|rotating|108,1378943233,33558272,37628080,37107626,427554,0,427554,0,9060,0,4530,0,0,0,35448,35448,28941920,0,4096,0,0,0,4530,0,4043917194,0,4043917202,0,0,0,0,0,0,0,0,0,4096,256,131072,4,15|4,0,67108864,262144,256,0,0,0,0,544,0,532,0,136,133,0,1,544,0|126,4089021936,3,0,0,34865152,0,34865152,0,107007,0,0,133,0,0,0,0,0,0,0,7123406,0,0,0,0,0
1785953171486|1005|stream64_f2r_05|fixed|110,1378943233,16777471,43816179,43208976,43318310,43208976,43318310,43208976,41433,41277,41276,41276,0,0,5275,0,1274126781,1271596872,4096,4096,0,0,41277,41277,82472890,82472911,82472898,82472887,0,0,0,0,0,0,0,0,4096,256,131072,4,15|4,0,67108864,262144,256,0,0,0,0,632,0,620,0,158,155,0,1,632,0|128,791555790,4,40727168,0,0,0,0,0,43256517,0,155,0,2234123135,0,2234123135,0,2080,2216997350,0,26891054,0,0,0,0,0
1785953171486|1005|stream64_f2r_05|rotating|110,1378943233,33558272,43890321,43282245,498721,0,498721,0,10568,0,5284,0,0,0,41346,41346,33759168,0,4096,0,0,0,5284,0,68633158,0,68633166,0,0,0,0,0,0,0,0,0,4096,256,131072,4,15|4,0,67108864,262144,256,0,0,0,0,632,0,620,0,158,155,0,1,632,0|128,114269344,4,0,0,40632320,0,40632320,0,124821,0,0,155,0,0,0,0,0,0,0,7169278,0,0,0,0,0
1785953176496|1005|stream64_f2r_05|fixed|112,1378943233,16781056,50099451,49405616,49530132,49405616,49530132,49405616,47373,47195,47195,47195,0,0,6032,0,1456812976,1453924200,4096,4096,0,0,47195,47195,403127060,403127385,403127068,403127393,0,0,0,0,0,0,0,0,4096,256,131072,4,15|4,0,67108864,262144,256,0,0,0,0,720,0,708,0,180,177,0,1,720,0|130,1112261226,4,46557568,0,0,0,0,0,49453473,0,177,0,2553370971,0,2553370971,0,2080,2534564892,0,29722412,0,0,0,0,0
1785953176496|1005|stream64_f2r_05|rotating|112,1378943233,33558272,50165106,49470581,569980,0,569980,0,12078,0,6039,0,0,0,47256,47256,38582816,0,4096,0,0,0,6039,0,388742345,0,388742353,0,0,0,0,0,0,0,0,0,4096,256,131072,4,15|4,0,67108864,262144,256,0,0,0,0,720,0,708,0,180,177,0,1,720,0|130,433812670,4,0,0,46399488,0,46399488,0,142612,0,0,177,0,0,0,0,0,0,0,7218442,0,0,0,0,0
1785953181510|1005|stream64_f2r_05|fixed|114,1378943233,16777471,56379869,55599034,55739196,55599034,55739196,55599034,53318,53118,53117,53117,0,0,6788,0,1639625268,1636377976,4096,4096,0,0,53118,53118,724024078,724024115,724024094,724024099,0,0,0,0,0,0,0,0,4096,256,131072,4,15|4,0,67108864,262144,256,0,0,0,0,808,0,796,0,202,199,0,1,808,0|132,1433108355,4,52395872,0,0,0,0,0,55646273,0,199,0,2872758524,0,2872758524,0,2080,2852272325,0,32555293,0,0,0,0,0
1785953181510|1005|stream64_f2r_05|rotating|114,1378943233,33558272,56447440,55665962,641422,0,641422,0,13592,0,6796,0,0,0,53181,53181,43419224,0,4096,0,0,0,6796,0,709712623,0,709712631,0,0,0,0,0,0,0,0,0,4096,256,131072,4,15|5,0,67108864,262144,256,0,0,0,0,812,0,800,0,203,200,0,1,812,0|132,754729417,4,0,0,52428800,0,52428800,0,160473,0,0,200,0,0,0,0,0,0,0,7261905,0,0,0,0,0
1785953186515|1005|stream64_f2r_05|fixed|116,1378943233,16777471,62646318,61778983,61934392,61778983,61934392,61778983,59248,59026,59025,59025,0,0,7543,0,1821984240,1818378300,4096,4096,0,0,59026,59026,1044123848,1044123821,1044123832,1044123837,0,0,0,0,0,0,0,0,4096,256,131072,4,15|4,0,67108864,262144,256,0,0,0,0,900,0,888,0,225,222,0,1,900,0|134,1753367629,4,58219680,0,0,0,0,0,61825622,0,222,0,3191561846,0,3191561846,0,2080,3169258959,0,35517051,0,0,0,0,0
1785953186515|1005|stream64_f2r_05|rotating|116,1378943233,33558272,62719955,61851015,712872,0,712872,0,15106,0,7553,0,0,0,59094,59094,48255672,0,4096,0,0,0,7553,0,1030484624,0,1030484632,0,0,0,0,0,0,0,0,0,4096,256,131072,4,15|4,0,67108864,262144,256,0,0,0,0,900,0,888,0,225,222,0,1,900,0|134,1076330281,4,0,0,58195968,0,58195968,0,178383,0,0,222,0,0,0,0,0,0,0,7311810,0,0,0,0,0
1785953191521|1005|stream64_f2r_05|fixed|118,1378943233,16777471,68918292,67960992,68134917,67960992,68134917,67960992,65182,64937,64936,64936,0,0,8300,0,2004446728,2000465307,4096,4096,0,0,64937,64937,1364521695,1364521700,1364521711,1364521708,0,0,0,0,0,0,0,0,4096,256,131072,4,15|4,0,67108864,262144,256,0,0,0,0,988,0,976,0,247,244,0,1,988,0|136,2073680256,4,64042176,0,0,0,0,0,68010346,0,244,0,3510418849,0,3510418849,0,2080,3486431951,0,38350429,0,0,0,0,0
1785953191521|1005|stream64_f2r_05|rotating|118,1378943233,33558272,68997420,68039471,784227,0,784227,0,16618,0,8309,0,0,0,65010,65010,53085720,0,4096,0,0,0,8309,0,1351025582,0,1351025598,0,0,0,0,0,0,0,0,0,4096,256,131072,4,15|4,0,67108864,262144,256,0,0,0,0,988,0,976,0,247,244,0,1,988,0|136,1396047234,4,0,0,63963136,0,63963136,0,196175,0,0,244,0,0,0,0,0,0,0,7355264,0,0,0,0,0
1785953200036|1006|stream64_f2r_06|fixed|122,1378943233,16777471,6155065,6070748,6085219,6070748,6085219,6070748,5821,5799,5798,5798,0,0,740,0,178974953,178629980,4096,4096,0,0,5799,5799,1909621669,1909621658,1909621677,1909621666,0,0,0,0,0,0,0,0,4096,256,131072,4,15|4,0,67108864,262144,256,0,0,0,0,96,0,84,0,24,21,0,1,96,0|144,2618577513,4,5757952,0,0,0,0,0,6117067,0,21,0,320177743,0,320177743,0,2054,313423672,0,9624948,0,0,0,0,0
1785953200036|1006|stream64_f2r_06|rotating|122,1378943233,33558272,6213706,6128012,70598,0,70598,0,1496,0,748,0,0,0,5853,5853,4778928,0,4096,0,0,0,748,0,1895162130,0,1895162138,0,0,0,0,0,0,0,0,0,4096,256,131072,4,15|4,0,67108864,262144,256,0,0,0,0,100,0,88,0,25,22,0,1,100,0|144,1940503824,4,0,0,5767168,0,5767168,0,17768,0,0,22,0,0,0,0,0,0,0,6902071,0,0,0,0,0
1785953205051|1006|stream64_f2r_06|fixed|124,1378943233,16777471,12438935,12266874,12297550,12266874,12297550,12266874,11766,11721,11720,11720,0,0,1498,0,361775130,361055605,4096,4096,0,0,11721,11721,2230608932,2230608945,2230608940,2230608953,0,0,0,0,0,0,0,0,4096,256,131072,4,15|4,0,67108864,262144,256,0,0,0,0,188,0,176,0,47,44,0,1,188,0|146,2939766329,4,11597568,0,0,0,0,0,12317089,0,44,0,639906655,0,639906655,0,2080,631338865,0,12587131,0,0,0,0,0
1785953205051|1006|stream64_f2r_06|rotating|124,1378943233,33558272,12506620,12333973,142048,0,142048,0,3010,0,1505,0,0,0,11784,11784,9615384,0,4096,0,0,0,1505,0,2216258390,0,2216258398,0,0,0,0,0,0,0,0,0,4096,256,131072,4,15|4,0,67108864,262144,256,0,0,0,0,188,0,176,0,47,44,0,1,188,0|146,2261428194,4,0,0,11534336,0,11534336,0,35630,0,0,44,0,0,0,0,0,0,0,6948169,0,0,0,0,0
1785953210054|1006|stream64_f2r_06|fixed|126,1378943233,16777471,18711994,18453986,18499348,18453986,18499348,18453986,17698,17631,17630,17630,0,0,2253,0,544209293,543130736,4096,4096,0,0,17631,17631,2550833919,2550833908,2550833927,2550833916,0,0,0,0,0,0,0,0,4096,256,131072,4,15|4,0,67108864,262144,256,0,0,0,0,276,0,264,0,69,66,0,1,276,0|148,3259894144,4,17420064,0,0,0,0,0,18501171,0,66,0,958578846,0,958578846,0,2080,948327074,0,15420480,0,0,0,0,0
1785953210054|1006|stream64_f2r_06|rotating|126,1378943233,33558272,18791154,18532418,213498,0,213498,0,4524,0,2262,0,0,0,17704,17704,14451808,0,4096,0,0,0,2262,0,2537229110,0,2537229118,0,0,0,0,0,0,0,0,0,4096,256,131072,4,15|4,0,67108864,262144,256,0,0,0,0,276,0,264,0,69,66,0,1,276,0|148,2582840207,4,0,0,17301504,0,17301504,0,53515,0,0,66,0,0,0,0,0,0,0,6993232,0,0,0,0,0
1785953215059|1006|stream64_f2r_06|fixed|128,1378943233,16777471,24984978,24639489,24701072,24639489,24701072,24639489,23628,23539,23539,23539,0,0,3008,0,726600302,725160977,4096,4096,0,0,23539,23539,2870971635,2870971952,2870971643,2870971960,0,0,0,0,0,0,0,0,4096,256,131072,4,15|4,0,67108864,262144,256,0,0,0,0,364,0,352,0,91,88,0,1,364,0|150,3580164176,4,23250464,0,0,0,0,0,24689175,0,88,0,1277391278,0,1277391278,0,2080,1265457910,0,18253140,0,0,0,0,0
1785953215059|1006|stream64_f2r_06|rotating|128,1378943233,33558272,25061506,24715063,284755,0,284755,0,6034,0,3017,0,0,0,23611,23611,19275400,0,4096,0,0,0,3017,0,2857339616,0,2857339624,0,0,0,0,0,0,0,0,0,4096,256,131072,4,15|4,0,67108864,262144,256,0,0,0,0,364,0,352,0,91,88,0,1,364,0|150,2902086968,4,0,0,23068672,0,23068672,0,71282,0,0,88,0,0,0,0,0,0,0,7038121,0,0,0,0,0
1785953220061|1006|stream64_f2r_06|fixed|130,1378943233,16777471,31281751,30849633,30926304,30849633,30926304,30849633,29581,29470,29469,29469,0,0,3766,0,909668944,907871024,4096,4096,0,0,29470,29470,3192307154,3192307151,3192307122,3192307143,0,0,0,0,0,0,0,0,4096,256,131072,4,15|4,0,67108864,262144,256,0,0,0,0,452,0,440,0,113,110,0,1,452,0|152,3901525456,4,29096672,0,0,0,0,0,30899237,0,110,0,1597291006,0,1597291006,0,2080,1583679443,0,21085793,0,0,0,0,0
1785953220061|1006|stream64_f2r_06|rotating|130,1378943233,33558272,31348019,30914530,356199,0,356199,0,7548,0,3774,0,0,0,29532,29532,24111864,0,4096,0,0,0,3774,0,3177985852,0,3177985860,0,0,0,0,0,0,0,0,0,4096,256,131072,4,15|4,0,67108864,262144,256,0,0,0,0,456,0,444,0,114,111,0,1,456,0|152,3223146433,4,0,0,29097984,0,29097984,0,89168,0,0,111,0,0,0,0,0,0,0,7080847,0,0,0,0,0
1785953225070|1006|stream64_f2r_06|fixed|132,1378943233,16777471,37543241,37023074,37116728,37023074,37116728,37023074,35501,35368,35367,35367,0,0,4519,0,1091735940,1089577471,4096,4096,0,0,35368,35368,3511889217,3511889230,3511889225,3511889238,0,0,0,0,0,0,0,0,4096,256,131072,4,15|4,0,67108864,262144,256,0,0,0,0,544,0,532,0,136,133,0,1,544,0|154,4220943198,4,34904672,0,0,0,0,0,37067221,0,133,0,1915256748,0,1915256748,0,2080,1899824802,0,24047852,0,0,0,0,0
1785953225070|1006|stream64_f2r_06|rotating|132,1378943233,33558272,37637337,37115483,427649,0,427649,0,9062,0,4531,0,0,0,35456,35456,28948320,0,4096,0,0,0,4531,0,3499081994,0,3499082002,0,0,0,0,0,0,0,0,0,4096,256,131072,4,15|4,0,67108864,262144,256,0,0,0,0,544,0,532,0,136,133,0,1,544,0|154,3544980578,4,0,0,34865152,0,34865152,0,107077,0,0,133,0,0,0,0,0,0,0,7124585,0,0,0,0,0
1785953230083|1006|stream64_f2r_06|fixed|134,1378943233,16777471,43824803,43215787,43326840,43215787,43326840,43215787,41440,41285,41283,41283,0,0,5276,0,1274350473,1271816676,4096,4096,0,0,41284,41284,3832552913,3832552926,3832552921,3832552934,0,0,0,0,0,0,0,0,4096,256,131072,4,15|4,0,67108864,262144,256,0,0,0,0,632,0,620,0,158,155,0,1,632,0|156,247747712,5,40750880,0,0,0,0,0,43285180,0,155,0,2235567006,0,2235567006,0,2066,2218457366,0,26880004,0,0,0,0,0
1785953230083|1006|stream64_f2r_06|rotating|134,1378943233,33558272,43919645,43309565,499004,0,499004,0,10574,0,5287,0,0,0,41373,41373,33778352,0,4096,0,0,0,5287,0,3819621763,0,3819621771,0,0,0,0,0,0,0,0,0,4096,256,131072,4,15|4,0,67108864,262144,256,0,0,0,0,632,0,620,0,158,155,0,1,632,0|156,3865512487,4,0,0,40632320,0,40632320,0,124916,0,0,155,0,0,0,0,0,0,0,7164340,0,0,0,0,0
1785953235089|1006|stream64_f2r_06|fixed|136,1378943233,16777471,50107551,49412022,49538232,49412022,49538232,49412022,47380,47203,47201,47201,0,0,6032,0,1457010729,1454115964,4096,4096,0,0,47202,47202,4153178643,4153178640,4153178651,4153178648,0,0,0,0,0,0,0,0,4096,256,131072,4,15|4,0,67108864,262144,256,0,0,0,0,720,0,708,0,180,177,0,1,720,0|158,566242780,5,46549664,0,0,0,0,0,49439356,0,177,0,2552612378,0,2552612378,0,2080,2533813658,0,29713360,0,0,0,0,0
1785953235089|1006|stream64_f2r_06|rotating|136,1378943233,33558272,50159426,49463242,569980,0,569980,0,12078,0,6039,0,0,0,47250,47250,38582816,0,4096,0,0,0,6039,0,4138443651,0,4138443659,0,0,0,0,0,0,0,0,0,4096,256,131072,4,15|4,0,67108864,262144,256,0,0,0,0,720,0,708,0,180,177,0,1,720,0|158,4183236800,4,0,0,46399488,0,46399488,0,142589,0,0,177,0,0,0,0,0,0,0,7202270,0,0,0,0,0
1785953240097|1006|stream64_f2r_06|fixed|138,1378943233,16777471,56387056,55604049,55746383,55604049,55746383,55604049,53317,53118,53116,53116,0,0,6788,0,1639610280,1636354832,4096,4096,0,0,53117,53117,178717493,178717530,178717509,178717514,0,0,0,0,0,0,0,0,4096,256,131072,4,15|4,0,67108864,262144,256,0,0,0,0,808,0,796,0,202,199,0,1,808,0|160,887921811,5,52395872,0,0,0,0,0,55654232,0,199,0,2872829857,0,2872829857,0,2080,2852352666,0,32546289,0,0,0,0,0
1785953240097|1006|stream64_f2r_06|rotating|138,1378943233,33558272,56495308,55710380,641989,0,641989,0,13604,0,6802,0,0,0,53218,53218,43457560,0,4096,0,0,0,6802,0,166826808,0,166826816,0,0,0,0,0,0,0,0,0,4096,256,131072,4,15|4,0,67108864,262144,256,0,0,0,0,812,0,800,0,203,200,0,1,812,0|160,212294372,5,0,0,52428800,0,52428800,0,160639,0,0,200,0,0,0,0,0,0,0,7248418,0,0,0,0,0
1785953245109|1006|stream64_f2r_06|fixed|140,1378943233,16777471,62669774,61799812,61957660,61799812,61957660,61799812,59257,59036,59034,59034,0,0,7545,0,1822272240,1818658489,4096,4096,0,0,59035,59035,499345236,499345233,499345204,499345241,0,0,0,0,0,0,0,0,4096,256,131072,4,15|4,0,67108864,262144,256,0,0,0,0,900,0,888,0,225,222,0,1,900,0|162,1208522835,5,58227584,0,0,0,0,0,61846377,0,222,0,3191972953,0,3191972953,0,2080,3169682872,0,35505946,0,0,0,0,0
1785953245109|1006|stream64_f2r_06|rotating|140,1378943233,33558272,62742790,61871336,712966,0,712966,0,15108,0,7554,0,0,0,59103,59103,48262064,0,4096,0,0,0,7554,0,485646370,0,485646378,0,0,0,0,0,0,0,0,0,4096,256,131072,4,15|4,0,67108864,262144,256,0,0,0,0,900,0,888,0,225,222,0,1,900,0|162,530375191,5,0,0,58195968,0,58195968,0,178336,0,0,222,0,0,0,0,0,0,0,7294370,0,0,0,0,0
1785953250120|1006|stream64_f2r_06|fixed|142,1378943233,16777471,68957165,67998711,68173601,67998711,68173601,67998711,65202,64958,64956,64956,0,0,8302,0,2005065712,2001076643,4096,4096,0,0,64957,64957,820324509,820324530,820324517,820324538,0,0,0,0,0,0,0,0,4096,256,131072,4,15|4,0,67108864,262144,256,0,0,0,0,988,0,976,0,247,244,0,1,988,0|164,1529326226,5,64065888,0,0,0,0,0,68045337,0,244,0,3511316768,0,3511316768,0,2080,3487346393,0,38339001,0,0,0,0,0
1785953250120|1006|stream64_f2r_06|rotating|142,1378943233,33558272,69035532,68076296,784416,0,784416,0,16622,0,8311,0,0,0,65030,65030,53098488,0,4096,0,0,0,8311,0,806616805,0,806616813,0,0,0,0,0,0,0,0,0,4096,256,131072,4,15|4,0,67108864,262144,256,0,0,0,0,988,0,976,0,247,244,0,1,988,0|164,852145079,5,0,0,63963136,0,63963136,0,196245,0,0,244,0,0,0,0,0,0,0,7342397,0,0,0,0,0
1785953258531|1007|stream64_f2r_07|fixed|146,1378943233,16777471,6154143,6069670,6084297,6069670,6084297,6069670,5819,5797,5796,5796,0,0,740,0,178931271,178588962,4096,4096,0,0,5797,5797,1358570342,1358570339,1358570350,1358570347,0,0,0,0,0,0,0,0,4096,256,131072,4,15|4,0,67108864,262144,256,0,0,0,0,96,0,84,0,24,21,0,1,96,0|172,2067864676,5,5765856,0,0,0,0,0,6122014,0,21,0,320431353,0,320431353,0,2080,313680378,0,9623510,0,0,0,0,0
1785953258531|1007|stream64_f2r_07|rotating|146,1378943233,33558272,6220111,6134220,70598,0,70598,0,1496,0,748,0,0,0,5858,5858,4778928,0,4096,0,0,0,748,0,1344193278,0,1344193286,0,0,0,0,0,0,0,0,0,4096,256,131072,4,15|4,0,67108864,262144,256,0,0,0,0,100,0,88,0,25,22,0,1,100,0|172,1389378488,5,0,0,5767168,0,5767168,0,17768,0,0,22,0,0,0,0,0,0,0,6892294,0,0,0,0,0
1785953263536|1007|stream64_f2r_07|fixed|148,1378943233,16781056,12422595,12249723,12281399,12249723,12281399,12249723,11748,11704,11704,11704,0,0,1496,0,361278768,360560784,4096,4096,0,0,11704,11704,1678634489,1678613054,1678634497,1678613062,0,0,0,0,0,0,0,0,4096,256,131072,4,15|4,0,67108864,262144,256,0,0,0,0,188,0,176,0,47,44,0,1,188,0|174,2387773328,5,11581760,0,0,0,0,0,12296946,0,44,0,638886029,0,638886029,0,2080,630317037,0,12584900,0,0,0,0,0
1785953263536|1007|stream64_f2r_07|rotating|148,1378943233,33558272,12495796,12322248,141953,0,141953,0,3008,0,1504,0,0,0,11773,11773,9608984,0,4096,0,0,0,1504,0,1664858977,0,1664858985,0,0,0,0,0,0,0,0,0,4096,256,131072,4,15|4,0,67108864,262144,256,0,0,0,0,188,0,176,0,47,44,0,1,188,0|174,1709664777,5,0,0,11534336,0,11534336,0,35583,0,0,44,0,0,0,0,0,0,0,6939436,0,0,0,0,0
1785953268541|1007|stream64_f2r_07|fixed|150,1378943233,16777471,18696349,18436339,18483893,18436339,18483893,18436339,17682,17615,17614,17614,0,0,2251,0,543730154,542651760,4096,4096,0,0,17615,17615,1999023198,1999023203,1999023206,1999023171,0,0,0,0,0,0,0,0,4096,256,131072,4,15|4,0,67108864,262144,256,0,0,0,0,276,0,264,0,69,66,0,1,276,0|176,2708193360,5,17412160,0,0,0,0,0,18486462,0,66,0,957848461,0,957848461,0,2080,947597633,0,15417800,0,0,0,0,0
1785953268541|1007|stream64_f2r_07|rotating|150,1378943233,33558272,18771302,18510486,213308,0,213308,0,4520,0,2260,0,0,0,17685,17685,14439016,0,4096,0,0,0,2260,0,1985399493,0,1985399501,0,0,0,0,0,0,0,0,0,4096,256,131072,4,15|4,0,67108864,262144,256,0,0,0,0,276,0,264,0,69,66,0,1,276,0|176,2030237725,5,0,0,17301504,0,17301504,0,53421,0,0,66,0,0,0,0,0,0,0,6988324,0,0,0,0,0
1785953273550|1007|stream64_f2r_07|fixed|152,1378943233,16777471,24977589,24630583,24693777,24630583,24693777,24630583,23621,23532,23531,23531,0,0,3007,0,726377162,724938813,4096,4096,0,0,23532,23532,2319616888,2319616861,2319616896,2319616869,0,0,0,0,0,0,0,0,4096,256,131072,4,15|4,0,67108864,262144,256,0,0,0,0,364,0,352,0,91,88,0,1,364,0|178,3028852714,5,23242560,0,0,0,0,0,24682033,0,88,0,1277050215,0,1277050215,0,2080,1265118315,0,18249936,0,0,0,0,0
1785953273550|1007|stream64_f2r_07|rotating|152,1378943233,33558272,25051735,24703621,284661,0,284661,0,6032,0,3016,0,0,0,23601,23601,19269024,0,4096,0,0,0,3016,0,2305939218,0,2305939226,0,0,0,0,0,0,0,0,0,4096,256,131072,4,15|4,0,67108864,262144,256,0,0,0,0,364,0,352,0,91,88,0,1,364,0|178,2350627064,5,0,0,23068672,0,23068672,0,71258,0,0,88,0,0,0,0,0,0,0,7031013,0,0,0,0,0
1785953278558|1007|stream64_f2r_07|fixed|154,1378943233,16777471,31258170,30824549,30903004,30824549,30903004,30824549,29559,29448,29447,29447,0,0,3763,0,908983002,907184533,4096,4096,0,0,29448,29448,2640144578,2640144591,2640144586,2640144599,0,0,0,0,0,0,0,0,4096,256,131072,4,15|4,0,67108864,262144,256,0,0,0,0,452,0,440,0,113,110,0,1,452,0|180,3349456094,5,29072960,0,0,0,0,0,30877455,0,110,0,1596195995,0,1596195995,0,2080,1582581404,0,21083691,0,0,0,0,0
1785953278558|1007|stream64_f2r_07|rotating|154,1378943233,33558272,31335939,30901458,356009,0,356009,0,7544,0,3772,0,0,0,29520,29520,24099072,0,4096,0,0,0,3772,0,2626480609,0,2626480617,0,0,0,0,0,0,0,0,0,4096,256,131072,4,15|5,0,67108864,262144,256,0,0,0,0,456,0,444,0,114,111,0,1,456,0|180,2671196443,5,0,0,29097984,0,29097984,0,89097,0,0,111,0,0,0,0,0,0,0,7069189,0,0,0,0,0
1785953283567|1007|stream64_f2r_07|fixed|156,1378943233,16777471,37542603,37020971,37116090,37020971,37116090,37020971,35501,35368,35367,35367,0,0,4519,0,1091725877,1089569576,4096,4096,0,0,35368,35368,2960907683,2960907704,2960907699,2960907712,0,0,0,0,0,0,0,0,4096,256,131072,4,15|4,0,67108864,262144,256,0,0,0,0,544,0,532,0,136,133,0,1,544,0|182,3670176321,5,34904672,0,0,0,0,0,37070870,0,133,0,1915458294,0,1915458294,0,2080,1900028688,0,24045473,0,0,0,0,0
1785953283567|1007|stream64_f2r_07|rotating|156,1378943233,33558272,37607864,37084818,427365,0,427365,0,9056,0,4528,0,0,0,35429,35429,28929128,0,4096,0,0,0,4528,0,2946822870,0,2946822878,0,0,0,0,0,0,0,0,0,4096,256,131072,4,15|4,0,67108864,262144,256,0,0,0,0,544,0,532,0,136,133,0,1,544,0|182,2991635177,5,0,0,34865152,0,34865152,0,106936,0,0,133,0,0,0,0,0,0,0,7118164,0,0,0,0,0
1785953288579|1007|stream64_f2r_07|fixed|158,1378943233,16777471,43826516,43216639,43328553,43216639,43328553,43216639,41442,41286,41286,41285,0,0,5276,0,1274413821,1271880624,4096,4096,0,0,41286,41286,3281693000,3281693325,3281693008,3281693333,0,0,0,0,0,0,0,0,4096,256,131072,4,15|4,0,67108864,262144,256,0,0,0,0,632,0,620,0,158,155,0,1,632,0|184,3990654529,5,40735072,0,0,0,0,0,43263401,0,155,0,2234478902,0,2234478902,0,2080,2217367029,0,26878804,0,0,0,0,0
1785953288579|1007|stream64_f2r_07|rotating|158,1378943233,33558272,43907383,43296660,498909,0,498909,0,10572,0,5286,0,0,0,41362,41362,33771952,0,4096,0,0,0,5286,0,3268223363,0,3268223371,0,0,0,0,0,0,0,0,0,4096,256,131072,4,15|4,0,67108864,262144,256,0,0,0,0,632,0,620,0,158,155,0,1,632,0|184,3313856619,5,0,0,40632320,0,40632320,0,124869,0,0,155,0,0,0,0,0,0,0,7162262,0,0,0,0,0
1785953293594|1007|stream64_f2r_07|fixed|160,1378943233,16777471,50116199,49419487,49546786,49419487,49546786,49419487,47388,47210,47209,47209,0,0,6033,0,1457262496,1454369299,4096,4096,0,0,47210,47210,3602645408,3602645429,3602645416,3602645437,0,0,0,0,0,0,0,0,4096,256,131072,4,15|4,0,67108864,262144,256,0,0,0,0,720,0,708,0,180,177,0,1,720,0|186,16966652,6,46581280,0,0,0,0,0,49471837,0,177,0,2554296769,0,2554296769,0,2080,2535506251,0,29711907,0,0,0,0,0
1785953293594|1007|stream64_f2r_07|rotating|160,1378943233,33558272,50187087,49489413,570262,0,570262,0,12084,0,6042,0,0,0,47276,47276,38601960,0,4096,0,0,0,6042,0,3588764064,0,3588764072,0,0,0,0,0,0,0,0,0,4096,256,131072,4,15|4,0,67108864,262144,256,0,0,0,0,720,0,708,0,180,177,0,1,720,0|186,3633526864,5,0,0,46399488,0,46399488,0,142659,0,0,177,0,0,0,0,0,0,0,7205313,0,0,0,0,0
1785953298603|1007|stream64_f2r_07|fixed|162,1378943233,16777471,56397058,55613331,55756198,55613331,55756198,55613331,53327,53127,53126,53126,0,0,6790,0,1639913194,1636659845,4096,4096,0,0,53127,53127,3923244553,3923244550,3923244569,3923244558,0,0,0,0,0,0,0,0,4096,256,131072,4,15|4,0,67108864,262144,256,0,0,0,0,808,0,796,0,202,199,0,1,808,0|188,337327734,6,52403776,0,0,0,0,0,55661288,0,199,0,2873202227,0,2873202227,0,2080,2852729318,0,32543665,0,0,0,0,0
1785953298603|1007|stream64_f2r_07|rotating|162,1378943233,33558272,56460471,55676120,641516,0,641516,0,13594,0,6797,0,0,0,53186,53186,43425616,0,4096,0,0,0,6797,0,3908873683,0,3908873691,0,0,0,0,0,0,0,0,0,4096,256,131072,4,15|5,0,67108864,262144,256,0,0,0,0,812,0,800,0,203,200,0,1,812,0|188,3953872545,5,0,0,52428800,0,52428800,0,160497,0,0,200,0,0,0,0,0,0,0,7253053,0,0,0,0,0
1785953303612|1007|stream64_f2r_07|fixed|164,1378943233,16777471,62678251,61808407,61966043,61808407,61966043,61808407,59266,59045,59043,59043,0,0,7546,0,1822541592,1818930867,4096,4096,0,0,59044,59044,4243817645,4243817626,4243817653,4243817634,0,0,0,0,0,0,0,0,4096,256,131072,4,15|4,0,67108864,262144,256,0,0,0,0,900,0,888,0,225,222,0,1,900,0|190,658817214,6,58251296,0,0,0,0,0,61870731,0,222,0,3193229827,0,3193229827,0,2080,3170944803,0,35505941,0,0,0,0,0
1785953303612|1007|stream64_f2r_07|rotating|164,1378943233,33558272,62768576,61897039,713250,0,713250,0,15114,0,7557,0,0,0,59128,59128,48281256,0,4096,0,0,0,7557,0,4230935515,0,4230935523,0,0,0,0,0,0,0,0,0,4096,256,131072,4,15|4,0,67108864,262144,256,0,0,0,0,900,0,888,0,225,222,0,1,900,0|190,4276569108,5,0,0,58195968,0,58195968,0,178454,0,0,222,0,0,0,0,0,0,0,7294448,0,0,0,0,0
1785953308612|1007|stream64_f2r_07|fixed|166,1378943233,16781056,68944733,67986781,68161263,67986781,68161263,67986781,65190,64947,64945,64945,0,0,8301,0,2004723752,2000737544,4096,4096,0,0,64945,64945,268742473,268742806,268742481,268742814,0,0,0,0,0,0,0,0,4096,256,131072,4,15|4,0,67108864,262144,256,0,0,0,0,988,0,976,0,247,244,0,1,988,0|192,979074464,6,64073792,0,0,0,0,0,68059075,0,244,0,3512031453,0,3512031453,0,2080,3488062888,0,38338849,0,0,0,0,0
1785953308612|1007|stream64_f2r_07|rotating|166,1378943233,33558272,69033352,68074503,784416,0,784416,0,16622,0,8311,0,0,0,65028,65028,53098488,0,4096,0,0,0,8311,0,255649189,0,255649197,0,0,0,0,0,0,0,0,0,4096,256,131072,4,15|4,0,67108864,262144,256,0,0,0,0,988,0,976,0,247,244,0,1,988,0|192,300609390,6,0,0,63963136,0,63963136,0,196222,0,0,244,0,0,0,0,0,0,0,7339062,0,0,0,0,0
1785953316987|1008|stream64_f2r_08|fixed|170,1378943233,16777471,6143949,6059075,6074197,6059075,6074197,6059075,5810,5787,5787,5787,0,0,739,0,178631398,178288681,4096,4096,0,0,5787,5787,804835019,804835336,804835027,804835344,0,0,0,0,0,0,0,0,4096,256,131072,4,15|4,0,67108864,262144,256,0,0,0,0,96,0,84,0,24,21,0,1,96,0|200,1513938802,6,5750048,0,0,0,0,0,6107703,0,21,0,319717395,0,319717395,0,2080,312960988,0,9625573,0,0,0,0,0
1785953316987|1008|stream64_f2r_08|rotating|170,1378943233,33558272,6213696,6127242,70598,0,70598,0,1496,0,748,0,0,0,5852,5852,4778928,0,4096,0,0,0,748,0,790988283,0,790988291,0,0,0,0,0,0,0,0,0,4096,256,131072,4,15|4,0,67108864,262144,256,0,0,0,0,100,0,88,0,25,22,0,1,100,0|200,835859983,6,0,0,5767168,0,5767168,0,17744,0,0,22,0,0,0,0,0,0,0,6895799,0,0,0,0,0
1785953322013|1008|stream64_f2r_08|fixed|172,1378943233,16777471,12440138,12266359,12298753,12266359,12298753,12266359,11767,11721,11720,11720,0,0,1498,0,361783783,361065642,4096,4096,0,0,11721,11721,1126445124,1126445145,1126445132,1126445153,0,0,0,0,0,0,0,0,4096,256,131072,4,15|4,0,67108864,262144,256,0,0,0,0,188,0,176,0,47,44,0,1,188,0|202,1835764241,6,11605472,0,0,0,0,0,12320274,0,44,0,640078978,0,640078978,0,2080,631512274,0,12587728,0,0,0,0,0
1785953322013|1008|stream64_f2r_08|rotating|172,1378943233,33558272,12516840,12342270,142238,0,142238,0,3014,0,1507,0,0,0,11792,11792,9628168,0,4096,0,0,0,1507,0,1112944037,0,1112944045,0,0,0,0,0,0,0,0,0,4096,256,131072,4,15|4,0,67108864,262144,256,0,0,0,0,188,0,176,0,47,44,0,1,188,0|202,1159055067,6,0,0,11534336,0,11534336,0,35725,0,0,44,0,0,0,0,0,0,0,6941967,0,0,0,0,0
1785953327017|1008|stream64_f2r_08|fixed|174,1378943233,16777471,18713084,18453103,18500438,18453103,18500438,18453103,17699,17631,17630,17630,0,0,2253,0,544222807,543146810,4096,4096,0,0,17631,17631,1446676069,1446676050,1446676077,1446676058,0,0,0,0,0,0,0,0,4096,256,131072,4,15|4,0,67108864,262144,256,0,0,0,0,276,0,264,0,69,66,0,1,276,0|204,2155778670,6,17427968,0,0,0,0,0,18501848,0,66,0,958637783,0,958637783,0,2080,948387640,0,15420534,0,0,0,0,0
1785953327017|1008|stream64_f2r_08|rotating|174,1378943233,33558272,18790000,18529246,213498,0,213498,0,4524,0,2262,0,0,0,17703,17703,14451808,0,4096,0,0,0,2262,0,1433054693,0,1433054701,0,0,0,0,0,0,0,0,0,4096,256,131072,4,15|4,0,67108864,262144,256,0,0,0,0,276,0,264,0,69,66,0,1,276,0|204,1479086039,6,0,0,17301504,0,17301504,0,53539,0,0,66,0,0,0,0,0,0,0,6982710,0,0,0,0,0
1785953332028|1008|stream64_f2r_08|fixed|176,1378943233,16777471,24996694,24650349,24712693,24650349,24712693,24650349,23641,23551,23550,23550,0,0,3009,0,726947776,725513603,4096,4096,0,0,23551,23551,1767413073,1767413054,1767413049,1767413062,0,0,0,0,0,0,0,0,4096,256,131072,4,15|4,0,67108864,262144,256,0,0,0,0,364,0,352,0,91,88,0,1,364,0|206,2476493710,6,23258368,0,0,0,0,0,24698450,0,88,0,1277895223,0,1277895223,0,2080,1265963807,0,18252871,0,0,0,0,0
1785953332028|1008|stream64_f2r_08|rotating|176,1378943233,33558272,25073073,24725757,284849,0,284849,0,6036,0,3018,0,0,0,23622,23622,19281784,0,4096,0,0,0,3018,0,1753594644,0,1753594652,0,0,0,0,0,0,0,0,0,4096,256,131072,4,15|4,0,67108864,262144,256,0,0,0,0,364,0,352,0,91,88,0,1,364,0|206,1798588629,6,0,0,23068672,0,23068672,0,71329,0,0,88,0,0,0,0,0,0,0,7024813,0,0,0,0,0
1785953337042|1008|stream64_f2r_08|fixed|178,1378943233,16777471,31290971,30857935,30935431,30857935,30935431,30857935,29591,29479,29479,29479,0,0,3767,0,909956142,908163761,4096,4096,0,0,29479,29479,2088624941,2088625258,2088624949,2088625266,0,0,0,0,0,0,0,0,4096,256,131072,4,15|4,0,67108864,262144,256,0,0,0,0,452,0,440,0,113,110,0,1,452,0|208,2796664117,6,29080864,0,0,0,0,0,30885391,0,110,0,1596610006,0,1596610006,0,2080,1582994851,0,21085977,0,0,0,0,0
1785953337042|1008|stream64_f2r_08|rotating|178,1378943233,33558272,31355659,30921253,356293,0,356293,0,7550,0,3775,0,0,0,29540,29540,24118240,0,4096,0,0,0,3775,0,2074366908,0,2074366924,0,0,0,0,0,0,0,0,0,4096,256,131072,4,15|4,0,67108864,262144,256,0,0,0,0,456,0,444,0,114,111,0,1,456,0|208,2120100684,6,0,0,29097984,0,29097984,0,89215,0,0,111,0,0,0,0,0,0,0,7074599,0,0,0,0,0
1785953342048|1008|stream64_f2r_08|fixed|180,1378943233,16777471,37560867,37038791,37134070,37038791,37134070,37038791,35520,35385,35384,35384,0,0,4522,0,1092258586,1090091848,4096,4096,0,0,35385,35385,2408749603,2408749624,2408749611,2408749616,0,0,0,0,0,0,0,0,4096,256,131072,4,15|4,0,67108864,262144,256,0,0,0,0,544,0,532,0,136,133,0,1,544,0|210,3118542177,6,34936288,0,0,0,0,0,37101399,0,133,0,1917024210,0,1917024210,0,2080,1901599856,0,24047034,0,0,0,0,0
1785953342048|1008|stream64_f2r_08|rotating|180,1378943233,33558272,37652253,37129177,427839,0,427839,0,9066,0,4533,0,0,0,35471,35471,28961104,0,4096,0,0,0,4533,0,2395766219,0,2395766227,0,0,0,0,0,0,0,0,0,4096,256,131072,4,15|4,0,67108864,262144,256,0,0,0,0,544,0,532,0,136,133,0,1,544,0|210,2441484452,6,0,0,34865152,0,34865152,0,107101,0,0,133,0,0,0,0,0,0,0,7113745,0,0,0,0,0
1785953347062|1008|stream64_f2r_08|fixed|182,1378943233,16781056,43852823,43243045,43354481,43243045,43354481,43243045,41468,41311,41311,41311,0,0,5280,0,1275188032,1272661768,4096,4096,0,0,41311,41311,2729829836,2729830137,2729829844,2729830153,0,0,0,0,0,0,0,0,4096,256,131072,4,15|4,0,67108864,262144,256,0,0,0,0,632,0,620,0,158,155,0,1,632,0|212,3438579959,6,40758784,0,0,0,0,0,43285563,0,155,0,2235606368,0,2235606368,0,2080,2218497807,0,26880608,0,0,0,0,0
1785953347062|1008|stream64_f2r_08|rotating|182,1378943233,33558272,43921814,43311359,499099,0,499099,0,10576,0,5288,0,0,0,41376,41376,33784744,0,4096,0,0,0,5288,0,2715877640,0,2715877648,0,0,0,0,0,0,0,0,0,4096,256,131072,4,15|4,0,67108864,262144,256,0,0,0,0,632,0,620,0,158,155,0,1,632,0|212,2760603955,6,0,0,40632320,0,40632320,0,124869,0,0,155,0,0,0,0,0,0,0,7162771,0,0,0,0,0
1785953352078|1008|stream64_f2r_08|fixed|184,1378943233,16781056,50142613,49444838,49572822,49444838,49572822,49444838,47413,47234,47234,47234,0,0,6037,0,1458018896,1455132208,4096,4096,0,0,47234,47234,3050747762,3050748111,3050747770,3050748119,0,0,0,0,0,0,0,0,4096,256,131072,4,15|4,0,67108864,262144,256,0,0,0,0,720,0,708,0,180,177,0,1,720,0|214,3759724745,6,46597088,0,0,0,0,0,49491560,0,177,0,2555291578,0,2555291578,0,2059,2536501415,0,29714971,0,0,0,0,0
1785953352078|1008|stream64_f2r_08|rotating|184,1378943233,33558272,50207416,49508762,570450,0,570450,0,12088,0,6044,0,0,0,47295,47295,38614720,0,4096,0,0,0,6044,0,3036419609,0,3036419617,0,0,0,0,0,0,0,0,0,4096,256,131072,4,15|4,0,67108864,262144,256,0,0,0,0,720,0,708,0,180,177,0,1,720,0|214,3081525714,6,0,0,46399488,0,46399488,0,142729,0,0,177,0,0,0,0,0,0,0,7206474,0,0,0,0,0
1785953357099|1008|stream64_f2r_08|fixed|186,1378943233,16777471,56436773,55651692,55795539,55651692,55795539,55651692,53365,53164,53163,53163,0,0,6794,0,1641061192,1637814920,4096,4096,0,0,53164,53164,3372041062,3372041043,3372041030,3372041059,0,0,0,0,0,0,0,0,4096,256,131072,4,15|4,0,67108864,262144,256,0,0,0,0,812,0,800,0,203,200,0,1,812,0|216,4081202816,6,52444608,0,0,0,0,0,55699445,0,200,0,2875307769,0,2875307769,0,2080,2854703987,0,32678751,0,0,0,0,0
1785953357099|1008|stream64_f2r_08|rotating|186,1378943233,33558272,56510523,55723907,642179,0,642179,0,13608,0,6804,0,0,0,53233,53233,43470344,0,4096,0,0,0,6804,0,3358482962,0,3358482970,0,0,0,0,0,0,0,0,0,4096,256,131072,4,15|4,0,67108864,262144,256,0,0,0,0,812,0,800,0,203,200,0,1,812,0|216,3403348827,6,0,0,52428800,0,52428800,0,160639,0,0,200,0,0,0,0,0,0,0,7250566,0,0,0,0,0
1785953362099|1008|stream64_f2r_08|fixed|188,1378943233,16779383,62705009,61833487,61992422,61833487,61992422,61833487,59293,59068,59068,59068,0,0,7550,0,1823312149,1819689152,4096,4096,0,0,59069,59069,3692079983,3692079988,3692079991,3692079996,0,0,0,0,0,0,0,0,4096,256,131072,4,15|4,0,67108864,262144,256,0,0,0,0,900,0,888,0,225,222,0,1,900,0|218,106342236,7,58267104,0,0,0,0,0,61885113,0,222,0,3193958861,0,3193958861,0,2080,3171672510,0,35510687,0,0,0,0,0
1785953362099|1008|stream64_f2r_08|rotating|188,1378943233,33558272,62781351,61909040,713345,0,713345,0,15116,0,7558,0,0,0,59140,59140,48287648,0,4096,0,0,0,7558,0,3678162967,0,3678162975,0,0,0,0,0,0,0,0,0,4096,256,131072,4,15|4,0,67108864,262144,256,0,0,0,0,900,0,888,0,225,222,0,1,900,0|218,3723052887,6,0,0,58195968,0,58195968,0,178431,0,0,222,0,0,0,0,0,0,0,7294680,0,0,0,0,0
1785953367099|1008|stream64_f2r_08|fixed|190,1378943233,16777471,68980481,68021186,68196633,68021186,68196633,68021186,65225,64979,64978,64978,0,0,8305,0,2005755373,2001772096,4096,4096,0,0,64979,64979,4012316128,4012316141,4012316136,4012316149,0,0,0,0,0,0,0,0,4096,256,131072,4,15|4,0,67108864,262144,256,0,0,0,0,988,0,976,0,247,244,0,1,988,0|220,427032464,7,64097504,0,0,0,0,0,68082031,0,244,0,3513191489,0,3513191489,0,2080,3489222420,0,38344469,0,0,0,0,0
1785953367099|1008|stream64_f2r_08|rotating|190,1378943233,33558272,69074572,68114308,784888,0,784888,0,16632,0,8316,0,0,0,65067,65067,53130448,0,4096,0,0,0,8316,0,3999563894,0,3999563902,0,0,0,0,0,0,0,0,0,4096,256,131072,4,15|4,0,67108864,262144,256,0,0,0,0,988,0,976,0,247,244,0,1,988,0|220,4047097086,6,0,0,63963136,0,63963136,0,196480,0,0,244,0,0,0,0,0,0,0,7336480,0,0,0,0,0
1785953375669|1009|stream64_f2r_09|fixed|194,1378943233,16777471,6148349,6065407,6078597,6065407,6078597,6065407,5815,5793,5792,5792,0,0,739,0,178789368,178445397,4096,4096,0,0,5793,5793,265638561,265638550,265638513,265638558,0,0,0,0,0,0,0,0,4096,256,131072,4,15|4,0,67108864,262144,256,0,0,0,0,96,0,88,0,25,22,0,1,100,0|228,976550460,7,5790880,0,0,0,0,0,6145820,0,22,0,321810032,0,321810032,0,2080,314923099,0,9760220,0,0,0,0,0
1785953375669|1009|stream64_f2r_09|rotating|194,1378943233,33558272,6274062,6188857,71260,0,71260,0,1510,0,755,0,0,0,5910,5910,4823656,0,4096,0,0,0,755,0,254637845,0,254637853,0,0,0,0,0,0,0,0,0,4096,256,131072,4,15|4,0,67108864,262144,256,0,0,0,0,100,0,88,0,25,22,0,1,100,0|228,300717070,7,0,0,5767168,0,5767168,0,17981,0,0,22,0,0,0,0,0,0,0,6902642,0,0,0,0,0
1785953380670|1009|stream64_f2r_09|fixed|196,1378943233,16781056,12421442,12252367,12280246,12252367,12280246,12252367,11748,11704,11704,11704,0,0,1496,0,361279216,360560184,4096,4096,0,0,11704,11704,585948413,585926994,585948421,585927002,0,0,0,0,0,0,0,0,4096,256,131072,4,15|4,0,67108864,262144,256,0,0,0,0,188,0,176,0,47,44,0,1,188,0|230,1294800357,7,11573856,0,0,0,0,0,12291411,0,44,0,638614185,0,638614185,0,2080,630030639,0,12597715,0,0,0,0,0
1785953380670|1009|stream64_f2r_09|rotating|196,1378943233,33558272,12484300,12314531,141858,0,141858,0,3006,0,1503,0,0,0,11763,11763,9602584,0,4096,0,0,0,1503,0,571744819,0,571744827,0,0,0,0,0,0,0,0,0,4096,256,131072,4,15|4,0,67108864,262144,256,0,0,0,0,188,0,176,0,47,44,0,1,188,0|230,616808068,7,0,0,11534336,0,11534336,0,35583,0,0,44,0,0,0,0,0,0,0,6946017,0,0,0,0,0
1785953385679|1009|stream64_f2r_09|fixed|198,1378943233,16777471,18698303,18441743,18485847,18441743,18485847,18441743,17685,17619,17617,17617,0,0,2251,0,543815964,542738560,4096,4096,0,0,17618,17618,906490474,906490479,906490482,906490471,0,0,0,0,0,0,0,0,4096,256,131072,4,15|4,0,67108864,262144,256,0,0,0,0,276,0,264,0,69,66,0,1,276,0|232,1615546832,7,17412160,0,0,0,0,0,18487525,0,66,0,957901084,0,957901084,0,2080,947637864,0,15430150,0,0,0,0,0
1785953385679|1009|stream64_f2r_09|rotating|198,1378943233,33558272,18764725,18507263,213214,0,213214,0,4518,0,2259,0,0,0,17680,17680,14432616,0,4096,0,0,0,2259,0,892284871,0,892284879,0,0,0,0,0,0,0,0,0,4096,256,131072,4,15|4,0,67108864,262144,256,0,0,0,0,276,0,264,0,69,66,0,1,276,0|232,937172706,7,0,0,17301504,0,17301504,0,53398,0,0,66,0,0,0,0,0,0,0,6992415,0,0,0,0,0
1785953390689|1009|stream64_f2r_09|fixed|200,1378943233,16781056,24980460,24637523,24696648,24637523,24696648,24637523,23624,23536,23535,23535,0,0,3007,0,726477872,725039344,4096,4096,0,0,23535,23535,1227099981,1227100282,1227099989,1227100298,0,0,0,0,0,0,0,0,4096,256,131072,4,15|4,0,67108864,262144,256,0,0,0,0,364,0,352,0,91,88,0,1,364,0|234,1936307107,7,23242560,0,0,0,0,0,24685003,0,88,0,1277203759,0,1277203759,0,2080,1265257898,0,18263855,0,0,0,0,0
1785953390689|1009|stream64_f2r_09|rotating|200,1378943233,33558272,25046882,24703283,284568,0,284568,0,6030,0,3015,0,0,0,23597,23597,19262648,0,4096,0,0,0,3015,0,1212826209,0,1212826217,0,0,0,0,0,0,0,0,0,4096,256,131072,4,15|4,0,67108864,262144,256,0,0,0,0,364,0,352,0,91,88,0,1,364,0|234,1257895704,7,0,0,23068672,0,23068672,0,71258,0,0,88,0,0,0,0,0,0,0,7031245,0,0,0,0,0
1785953395703|1009|stream64_f2r_09|fixed|202,1378943233,16781056,31264626,30835827,30909367,30835827,30909367,30835827,29565,29455,29454,29454,0,0,3764,0,909185944,907386032,4096,4096,0,0,29454,29454,1547800972,1547801313,1547800980,1547801321,0,0,0,0,0,0,0,0,4096,256,131072,4,15|4,0,67108864,262144,256,0,0,0,0,452,0,440,0,113,110,0,1,452,0|236,2256916805,7,29080864,0,0,0,0,0,30880792,0,110,0,1596353881,0,1596353881,0,2080,1582728476,0,21096160,0,0,0,0,0
1785953395703|1009|stream64_f2r_09|rotating|202,1378943233,33558272,31339560,30909799,356104,0,356104,0,7546,0,3773,0,0,0,29524,29524,24105464,0,4096,0,0,0,3773,0,1534225698,0,1534225706,0,0,0,0,0,0,0,0,0,4096,256,131072,4,15|4,0,67108864,262144,256,0,0,0,0,456,0,444,0,114,111,0,1,456,0|236,1578905817,7,0,0,29097984,0,29097984,0,89120,0,0,111,0,0,0,0,0,0,0,7074753,0,0,0,0,0
1785953400704|1009|stream64_f2r_09|fixed|204,1378943233,16777471,37535931,37020250,37109418,37020250,37109418,37020250,35495,35363,35361,35361,0,0,4519,0,1091531176,1089372424,4096,4096,0,0,35362,35362,1867886476,1867886465,1867886444,1867886473,0,0,0,0,0,0,0,0,4096,256,131072,4,15|4,0,67108864,262144,256,0,0,0,0,544,0,532,0,136,133,0,1,544,0|238,2577145072,7,34896768,0,0,0,0,0,37064343,0,133,0,1915128172,0,1915128172,0,2080,1899684936,0,24057364,0,0,0,0,0
1785953400704|1009|stream64_f2r_09|rotating|204,1378943233,33558272,37609419,37092168,427365,0,427365,0,9056,0,4528,0,0,0,35430,35430,28929128,0,4096,0,0,0,4528,0,1854137622,0,1854137630,0,0,0,0,0,0,0,0,0,4096,256,131072,4,15|4,0,67108864,262144,256,0,0,0,0,544,0,532,0,136,133,0,1,544,0|238,1900647897,7,0,0,34865152,0,34865152,0,107030,0,0,133,0,0,0,0,0,0,0,7112800,0,0,0,0,0
1785953405734|1009|stream64_f2r_09|fixed|206,1378943233,16777471,43841823,43237917,43343671,43237917,43343671,43237917,41458,41303,41301,41301,0,0,5278,0,1274880015,1272345978,4096,4096,0,0,41302,41302,2189831490,2189831495,2189831498,2189831503,0,0,0,0,0,0,0,0,4096,256,131072,4,15|4,0,67108864,262144,256,0,0,0,0,632,0,620,0,158,155,0,1,632,0|240,2898927626,7,40750880,0,0,0,0,0,43282506,0,155,0,2235447198,0,2235447198,0,2080,2218326582,0,26890899,0,0,0,0,0
1785953405734|1009|stream64_f2r_09|rotating|206,1378943233,33558272,43917533,43312780,499004,0,499004,0,10574,0,5287,0,0,0,41372,41372,33778352,0,4096,0,0,0,5287,0,2175968101,0,2175968109,0,0,0,0,0,0,0,0,0,4096,256,131072,4,15|4,0,67108864,262144,256,0,0,0,0,632,0,620,0,158,155,0,1,632,0|240,2221081333,7,0,0,40632320,0,40632320,0,124869,0,0,155,0,0,0,0,0,0,0,7157613,0,0,0,0,0
1785953410748|1009|stream64_f2r_09|fixed|208,1378943233,16781056,50134155,49443434,49564458,49443434,49564458,49443434,47406,47229,47228,47228,0,0,6036,0,1457833480,1454941440,4096,4096,0,0,47228,47228,2510943474,2510943799,2510943482,2510943807,0,0,0,0,0,0,0,0,4096,256,131072,4,15|4,0,67108864,262144,256,0,0,0,0,720,0,708,0,180,177,0,1,720,0|242,3220171656,7,46597088,0,0,0,0,0,49489887,0,177,0,2555229676,0,2555229676,0,2080,2536430312,0,29724105,0,0,0,0,0
1785953410748|1009|stream64_f2r_09|rotating|208,1378943233,33558272,50201077,49509445,570450,0,570450,0,12088,0,6044,0,0,0,47291,47291,38614720,0,4096,0,0,0,6044,0,2496938684,0,2496938692,0,0,0,0,0,0,0,0,0,4096,256,131072,4,15|4,0,67108864,262144,256,0,0,0,0,720,0,708,0,180,177,0,1,720,0|242,2541778667,7,0,0,46399488,0,46399488,0,142706,0,0,177,0,0,0,0,0,0,0,7206091,0,0,0,0,0
1785953415761|1009|stream64_f2r_09|fixed|210,1378943233,16777471,56410362,55632316,55769314,55632316,55769314,55632316,53346,53147,53146,53146,0,0,6792,0,1640507653,1637258224,4096,4096,0,0,53146,53146,2831591723,2831592056,2831591731,2831592064,0,0,0,0,0,0,0,0,4096,256,131072,4,15|4,0,67108864,262144,256,0,0,0,0,808,0,796,0,202,199,0,1,808,0|244,3540783713,7,52427488,0,0,0,0,0,55678176,0,199,0,2874384133,0,2874384133,0,2080,2853902554,0,32557384,0,0,0,0,0
1785953415761|1009|stream64_f2r_09|rotating|210,1378943233,33558272,56482432,55702882,641894,0,641894,0,13602,0,6801,0,0,0,53214,53214,43451176,0,4096,0,0,0,6801,0,2817710924,0,2817710940,0,0,0,0,0,0,0,0,0,4096,256,131072,4,15|4,0,67108864,262144,256,0,0,0,0,812,0,800,0,203,200,0,1,812,0|244,2863591212,7,0,0,52428800,0,52428800,0,160639,0,0,200,0,0,0,0,0,0,0,7254290,0,0,0,0,0
1785953420776|1009|stream64_f2r_09|fixed|212,1378943233,16777471,62695132,61829458,61982545,61829458,61982545,61829458,59295,59073,59071,59071,0,0,7550,0,1823407832,1819783203,4096,4096,0,0,59072,59072,3152766498,3152766519,3152766506,3152766527,0,0,0,0,0,0,0,0,4096,256,131072,4,15|4,0,67108864,262144,256,0,0,0,0,900,0,888,0,225,222,0,1,900,0|246,3861936433,7,58267104,0,0,0,0,0,61874958,0,222,0,3194076949,0,3194076949,0,2080,3171781825,0,35519393,0,0,0,0,0
1785953420776|1009|stream64_f2r_09|rotating|212,1378943233,33558272,62762693,61896299,713345,0,713345,0,15116,0,7558,0,0,0,59135,59135,48287648,0,4096,0,0,0,7558,0,3138681659,0,3138681667,0,0,0,0,0,0,0,0,0,4096,256,131072,4,15|4,0,67108864,262144,256,0,0,0,0,900,0,888,0,225,222,0,1,900,0|246,3184160345,7,0,0,58195968,0,58195968,0,178478,0,0,222,0,0,0,0,0,0,0,7296631,0,0,0,0,0
1785953425779|1009|stream64_f2r_09|fixed|214,1378943233,16777471,68961770,68009070,68177922,68009070,68177922,68009070,65223,64979,64977,64977,0,0,8305,0,2005730654,2001747304,4096,4096,0,0,64978,64978,3472792421,3472792442,3472792429,3472792418,0,0,0,0,0,0,0,0,4096,256,131072,4,15|4,0,67108864,262144,256,0,0,0,0,988,0,976,0,247,244,0,1,988,0|248,4181870631,7,64081696,0,0,0,0,0,68052332,0,244,0,3512557499,0,3512557499,0,2080,3488576993,0,38352445,0,0,0,0,0
1785953425779|1009|stream64_f2r_09|rotating|214,1378943233,33558272,69035316,68081777,784605,0,784605,0,16626,0,8313,0,0,0,65047,65047,53111288,0,4096,0,0,0,8313,0,3458792581,0,3458792589,0,0,0,0,0,0,0,0,0,4096,256,131072,4,15|4,0,67108864,262144,256,0,0,0,0,988,0,976,0,247,244,0,1,988,0|248,3503873476,7,0,0,63963136,0,63963136,0,196269,0,0,244,0,0,0,0,0,0,0,7334071,0,0,0,0,0
1785953434178|1010|stream64_f2r_10|fixed|218,1378943233,16781056,6142115,6059584,6072381,6059584,6072381,6059584,5808,5786,5786,5786,0,0,738,0,178601440,178259096,4096,4096,0,0,5786,5786,4010487717,4010488042,4010487725,4010488050,0,0,0,0,0,0,0,0,4096,256,131072,4,15|4,0,67108864,262144,256,0,0,0,0,96,0,84,0,24,21,0,1,96,0|256,424781622,8,5757952,0,0,0,0,0,6109800,0,21,0,319818724,0,319818724,0,2080,313064410,0,9625149,0,0,0,0,0
1785953434178|1010|stream64_f2r_10|rotating|218,1378943233,33558272,6210986,6127617,70503,0,70503,0,1494,0,747,0,0,0,5850,5850,4772528,0,4096,0,0,0,747,0,3996590844,0,3996590852,0,0,0,0,0,0,0,0,0,4096,256,131072,4,15|4,0,67108864,262144,256,0,0,0,0,100,0,88,0,25,22,0,1,100,0|256,4041509917,7,0,0,5767168,0,5767168,0,17744,0,0,22,0,0,0,0,0,0,0,6901485,0,0,0,0,0
1785953439186|1010|stream64_f2r_10|fixed|220,1378943233,16781056,12420482,12252320,12279381,12252320,12279381,12252320,11747,11703,11703,11703,0,0,1495,0,361248048,360546176,4096,4096,0,0,11703,11703,36114860,36115217,36114868,36115225,0,0,0,0,0,0,0,0,4096,256,131072,4,15|4,0,67108864,262144,256,0,0,0,0,188,0,176,0,47,44,0,1,188,0|258,745157785,8,11581760,0,0,0,0,0,12294342,0,44,0,638738935,0,638738935,0,2080,630167833,0,12587007,0,0,0,0,0
1785953439186|1010|stream64_f2r_10|rotating|220,1378943233,33558272,12501074,12331330,142048,0,142048,0,3010,0,1505,0,0,0,11779,11779,9615384,0,4096,0,0,0,1505,0,22825441,0,22825449,0,0,0,0,0,0,0,0,0,4096,256,131072,4,15|4,0,67108864,262144,256,0,0,0,0,188,0,176,0,47,44,0,1,188,0|258,68272345,8,0,0,11534336,0,11534336,0,35654,0,0,44,0,0,0,0,0,0,0,6945796,0,0,0,0,0
1785953444194|1010|stream64_f2r_10|fixed|222,1378943233,16777471,18693386,18436904,18480930,18436904,18480930,18436904,17680,17613,17612,17612,0,0,2251,0,543665848,542589593,4096,4096,0,0,17613,17613,356447815,356447812,356447775,356447820,0,0,0,0,0,0,0,0,4096,256,131072,4,15|4,0,67108864,262144,256,0,0,0,0,276,0,264,0,69,66,0,1,276,0|260,1065607295,8,17409376,0,0,0,0,0,18484331,0,66,0,957731541,0,957731541,0,2080,947477103,0,15420711,0,0,0,0,0
1785953444194|1010|stream64_f2r_10|rotating|222,1378943233,33558272,18773159,18515618,213308,0,213308,0,4520,0,2260,0,0,0,17687,17687,14439016,0,4096,0,0,0,2260,0,342937013,0,342937021,0,0,0,0,0,0,0,0,0,4096,256,131072,4,15|4,0,67108864,262144,256,0,0,0,0,276,0,264,0,69,66,0,1,276,0|260,388657835,8,0,0,17301504,0,17301504,0,53469,0,0,66,0,0,0,0,0,0,0,6990703,0,0,0,0,0
1785953449197|1010|stream64_f2r_10|fixed|224,1378943233,16777471,24972611,24628945,24688893,24628945,24688893,24628945,23617,23528,23527,23527,0,0,3006,0,726233314,724798685,4096,4096,0,0,23528,23528,676911562,676911551,676911570,676911559,0,0,0,0,0,0,0,0,4096,256,131072,4,15|4,0,67108864,262144,256,0,0,0,0,364,0,352,0,91,88,0,1,364,0|262,1385974108,8,23234656,0,0,0,0,0,24674373,0,88,0,1276642034,0,1276642034,0,2080,1264704373,0,18253997,0,0,0,0,0
1785953449197|1010|stream64_f2r_10|rotating|224,1378943233,33558272,25052233,24707627,284661,0,284661,0,6032,0,3016,0,0,0,23602,23602,19269024,0,4096,0,0,0,3016,0,663477907,0,663477915,0,0,0,0,0,0,0,0,0,4096,256,131072,4,15|4,0,67108864,262144,256,0,0,0,0,364,0,352,0,91,88,0,1,364,0|262,708119520,8,0,0,23068672,0,23068672,0,71258,0,0,88,0,0,0,0,0,0,0,7034881,0,0,0,0,0
1785953454205|1010|stream64_f2r_10|fixed|226,1378943233,16781056,31252854,30822708,30897782,30822708,30897782,30822708,29553,29442,29442,29442,0,0,3762,0,908815944,907024264,4096,4096,0,0,29442,29442,997378049,997378366,997378057,997378374,0,0,0,0,0,0,0,0,4096,256,131072,4,15|4,0,67108864,262144,256,0,0,0,0,456,0,444,0,114,111,0,1,456,0|264,1710105520,8,29129600,0,0,0,0,0,30935518,0,111,0,1599299710,0,1599299710,0,2080,1585560387,0,21216002,0,0,0,0,0
1785953454205|1010|stream64_f2r_10|rotating|226,1378943233,33558272,31396838,30964106,356767,0,356767,0,7560,0,3780,0,0,0,29577,29577,24150200,0,4096,0,0,0,3780,0,987258565,0,987258573,0,0,0,0,0,0,0,0,0,4096,256,131072,4,15|4,0,67108864,262144,256,0,0,0,0,456,0,444,0,114,111,0,1,456,0|264,1032811047,8,0,0,29097984,0,29097984,0,89334,0,0,111,0,0,0,0,0,0,0,7082141,0,0,0,0,0
1785953459217|1010|stream64_f2r_10|fixed|228,1378943233,16781056,37533190,37016229,37106771,37016229,37106771,37016229,35492,35358,35358,35358,0,0,4518,0,1091430832,1089280424,4096,4096,0,0,35358,35358,1317918377,1317918702,1317918385,1317918710,0,0,0,0,0,0,0,0,4096,256,131072,4,15|4,0,67108864,262144,256,0,0,0,0,544,0,532,0,136,133,0,1,544,0|266,2027106393,8,34896768,0,0,0,0,0,37059252,0,133,0,1914858791,0,1914858791,0,2080,1899424081,0,24048877,0,0,0,0,0
1785953459217|1010|stream64_f2r_10|rotating|228,1378943233,33558272,37606604,37088077,427365,0,427365,0,9056,0,4528,0,0,0,35427,35426,28929128,0,4096,0,0,0,4528,0,1304360934,0,1304360942,0,0,0,0,0,0,0,0,0,4096,256,131072,4,15|4,0,67108864,262144,256,0,0,0,0,544,0,532,0,136,133,0,1,544,0|266,1348867106,8,0,0,34865152,0,34865152,0,106936,0,0,133,0,0,0,0,0,0,0,7129296,0,0,0,0,0
1785953464228|1010|stream64_f2r_10|fixed|230,1378943233,16777471,43818997,43214380,43321034,43214380,43321034,43214380,41437,41280,41279,41279,0,0,5276,0,1274204136,1271678139,4096,4096,0,0,41280,41280,1638875572,1638875593,1638875580,1638875601,0,0,0,0,0,0,0,0,4096,256,131072,4,15|4,0,67108864,262144,256,0,0,0,0,632,0,620,0,158,155,0,1,632,0|268,2348030396,8,40735072,0,0,0,0,0,43260452,0,155,0,2234323218,0,2234323218,0,2080,2217207864,0,26882282,0,0,0,0,0
1785953464228|1010|stream64_f2r_10|rotating|230,1378943233,33558272,43897379,43291904,498815,0,498815,0,10570,0,5285,0,0,0,41353,41353,33765552,0,4096,0,0,0,5285,0,1625331728,0,1625331736,0,0,0,0,0,0,0,0,0,4096,256,131072,4,15|4,0,67108864,262144,256,0,0,0,0,632,0,620,0,158,155,0,1,632,0|268,1670730560,8,0,0,40632320,0,40632320,0,124845,0,0,155,0,0,0,0,0,0,0,7176800,0,0,0,0,0
1785953469232|1010|stream64_f2r_10|fixed|232,1378943233,16777471,50097776,49406835,49528552,49406835,49528552,49406835,47373,47194,47193,47193,0,0,6031,0,1456759952,1453874856,4096,4096,0,0,47194,47194,1959312609,1959312606,1959312577,1959312582,0,0,0,0,0,0,0,0,4096,256,131072,4,15|4,0,67108864,262144,256,0,0,0,0,720,0,708,0,180,177,0,1,720,0|270,2668125308,8,46557568,0,0,0,0,0,49445592,0,177,0,2552962506,0,2552962506,0,2080,2534162444,0,29716357,0,0,0,0,0
1785953469232|1010|stream64_f2r_10|rotating|232,1378943233,33558272,50162201,49470465,569980,0,569980,0,12078,0,6039,0,0,0,47253,47253,38582816,0,4096,0,0,0,6039,0,1945013892,0,1945013900,0,0,0,0,0,0,0,0,0,4096,256,131072,4,15|4,0,67108864,262144,256,0,0,0,0,720,0,708,0,180,177,0,1,720,0|270,1989981131,8,0,0,46399488,0,46399488,0,142612,0,0,177,0,0,0,0,0,0,0,7216480,0,0,0,0,0
1785953474233|1010|stream64_f2r_10|fixed|234,1378943233,16777471,56361845,55583631,55721456,55583631,55721456,55583631,53295,53094,53093,53093,0,0,6785,0,1638897575,1635652842,4096,4096,0,0,53094,53094,2279014967,2279014988,2279014975,2279014996,0,0,0,0,0,0,0,0,4096,256,131072,4,15|4,0,67108864,262144,256,0,0,0,0,808,0,796,0,202,199,0,1,808,0|272,2988221786,8,52374788,0,0,0,0,0,55629868,0,199,0,2871604679,0,2871604679,0,2080,2851119015,0,32550007,0,0,0,0,0
1785953474233|1010|stream64_f2r_10|rotating|234,1378943233,33558272,56450689,55671476,641422,0,641422,0,13592,0,6796,0,0,0,53177,53177,43419224,0,4096,0,0,0,6796,0,2265984963,0,2265984971,0,0,0,0,0,0,0,0,0,4096,256,131072,4,15|5,0,67108864,262144,256,0,0,0,0,812,0,800,0,203,200,0,1,812,0|272,2310994213,8,0,0,52428800,0,52428800,0,160473,0,0,200,0,0,0,0,0,0,0,7261786,0,0,0,0,0
1785953479239|1010|stream64_f2r_10|fixed|236,1378943233,16777471,62642841,61777820,61931102,61777820,61931102,61777820,59233,59010,59009,59009,0,0,7541,0,1821516441,1817910164,4096,4096,0,0,59010,59010,2599559630,2599559627,2599559638,2599559635,0,0,0,0,0,0,0,0,4096,256,131072,4,15|4,0,67108864,262144,256,0,0,0,0,896,0,884,0,224,221,0,1,896,0|274,3308559387,8,58195968,0,0,0,0,0,61816741,0,222,0,3190486985,0,3190486985,0,2080,3168193178,0,35502873,0,0,0,0,0
1785953479239|1010|stream64_f2r_10|rotating|236,1378943233,33558272,62707766,61841252,712587,0,712587,0,15100,0,7550,0,0,0,59071,59071,48236488,0,4096,0,0,0,7550,0,2585468277,0,2585468285,0,0,0,0,0,0,0,0,0,4096,256,131072,4,15|4,0,67108864,262144,256,0,0,0,0,900,0,888,0,225,222,0,1,900,0|274,2630331899,8,0,0,58195968,0,58195968,0,178241,0,0,222,0,0,0,0,0,0,0,7308572,0,0,0,0,0
1785953484244|1010|stream64_f2r_10|fixed|238,1378943233,16781056,68914653,67961917,68131563,67961917,68131563,67961917,65163,64917,64917,64917,0,0,8297,0,2003860936,1999879024,4096,4096,0,0,64917,64917,2919744435,2919744760,2919744443,2919744768,0,0,0,0,0,0,0,0,4096,256,131072,4,15|4,0,67108864,262144,256,0,0,0,0,988,0,976,0,247,244,0,1,988,0|276,3628889152,8,64026368,0,0,0,0,0,68006303,0,244,0,3509359150,0,3509359150,0,2080,3485373104,0,38346145,0,0,0,0,0
1785953484244|1010|stream64_f2r_10|rotating|238,1378943233,33558272,68986866,68033359,783943,0,783943,0,16612,0,8306,0,0,0,64985,64985,53066576,0,4096,0,0,0,8306,0,2906009695,0,2906009703,0,0,0,0,0,0,0,0,0,4096,256,131072,4,15|4,0,67108864,262144,256,0,0,0,0,988,0,976,0,247,244,0,1,988,0|276,2950965749,8,0,0,63963136,0,63963136,0,196104,0,0,244,0,0,0,0,0,0,0,7356395,0,0,0,0,0
1785953492702|1011|stream64_r2f_01|fixed|242,1378943233,16781056,6146308,6062292,69643,0,69643,0,1478,0,739,0,0,0,5789,5789,4721392,0,4096,0,0,0,739,0,3460880813,0,3460880821,0,0,0,0,0,0,0,0,0,4096,256,131072,4,15|4,0,67108864,262144,256,0,0,0,0,96,0,84,0,24,21,0,1,96,0|284,4170926700,8,0,0,5505024,0,5505024,0,17594,0,0,21,0,0,0,0,0,0,0,6891125,0,0,0,0,0
1785953492702|1011|stream64_r2f_01|rotating|242,1378943233,33558272,6245790,6159893,6175019,6159893,6175019,6159893,5907,5884,5883,5883,0,0,751,0,181596408,181237920,4096,4096,0,0,5883,5883,3448862299,3448862600,3448862307,3448862616,0,0,0,0,0,0,0,0,4096,256,131072,4,15|4,0,67108864,262144,256,0,0,0,0,100,0,88,0,25,22,0,1,100,0|284,3494048140,8,5846208,0,0,0,0,0,6205989,0,22,0,324886132,0,324886132,0,2080,318008949,0,9763695,0,0,0,0,0
1785953497705|1011|stream64_r2f_01|fixed|244,1378943233,16781056,12418809,12248781,140788,0,140788,0,2988,0,1494,0,0,0,11700,11700,9545064,0,4096,0,0,0,1494,0,3780998406,0,3780998414,0,0,0,0,0,0,0,0,0,4096,256,131072,4,15|4,0,67108864,262144,256,0,0,0,0,188,0,176,0,47,44,0,1,188,0|286,195378139,9,0,0,11534336,0,11534336,0,35338,0,0,44,0,0,0,0,0,0,0,6942755,0,0,0,0,0
1785953497705|1011|stream64_r2f_01|rotating|244,1378943233,33558272,12490496,12318769,12348765,12318769,12348765,12318769,11814,11769,11768,11768,0,0,1504,0,363255552,362536976,4096,4096,0,0,11768,11768,3767744384,3767744725,3767744392,3767744733,0,0,0,0,0,0,0,0,4096,256,131072,4,15|4,0,67108864,262144,256,0,0,0,0,188,0,176,0,47,44,0,1,188,0|286,3812240263,8,11629184,0,0,0,0,0,12350470,0,44,0,641632511,0,641632511,0,2080,633056284,0,12603621,0,0,0,0,0
1785953502720|1011|stream64_r2f_01|fixed|246,1378943233,16781056,18704117,18446468,212219,0,212219,0,4504,0,2252,0,0,0,17622,17622,14387912,0,4096,0,0,0,2252,0,4102207444,0,4102207452,0,0,0,0,0,0,0,0,0,4096,256,131072,4,15|4,0,67108864,262144,256,0,0,0,0,276,0,264,0,69,66,0,1,276,0|288,516478340,9,0,0,17301504,0,17301504,0,53196,0,0,66,0,0,0,0,0,0,0,6986410,0,0,0,0,0
1785953502720|1011|stream64_r2f_01|rotating|246,1378943233,33554687,18777218,18518710,18564245,18518710,18564245,18518710,17760,17693,17690,17690,0,0,2260,0,546081191,545003738,4096,4096,0,0,17691,17691,4088666885,4088666890,4088666893,4088666898,0,0,0,0,0,0,0,0,4096,256,131072,4,15|4,0,67108864,262144,256,0,0,0,0,276,0,264,0,69,66,0,1,276,0|288,4133364848,8,17475392,0,0,0,0,0,18553759,0,66,0,961295544,0,961295544,0,2080,951033711,0,15443685,0,0,0,0,0
1785953507732|1011|stream64_r2f_01|fixed|248,1378943233,16781056,24991485,24647006,283556,0,283556,0,6018,0,3009,0,0,0,23544,23544,19224344,0,4096,0,0,0,3009,0,128217274,0,128217282,0,0,0,0,0,0,0,0,0,4096,256,131072,4,15|4,0,67108864,262144,256,0,0,0,0,364,0,352,0,91,88,0,1,364,0|290,837358298,9,0,0,23068672,0,23068672,0,71007,0,0,88,0,0,0,0,0,0,0,7029144,0,0,0,0,0
1785953507732|1011|stream64_r2f_01|rotating|248,1378943233,33554687,25069482,24724211,24785077,24724211,24785077,24724211,23711,23621,23618,23618,0,0,3018,0,729043116,727607431,4096,4096,0,0,23619,23619,114860425,114860414,114860433,114860422,0,0,0,0,0,0,0,0,4096,256,131072,4,15|4,0,67108864,262144,256,0,0,0,0,364,0,352,0,91,88,0,1,364,0|290,160048527,9,23321600,0,0,0,0,0,24768388,0,88,0,1281484967,0,1281484967,0,2080,1269537677,0,18283600,0,0,0,0,0
1785953512747|1011|stream64_r2f_01|fixed|250,1378943233,16781056,31282990,30852381,354893,0,354893,0,7532,0,3766,0,0,0,29470,29470,24060712,0,4096,0,0,0,3766,0,449194889,0,449194897,0,0,0,0,0,0,0,0,0,4096,256,131072,4,15|4,0,67108864,262144,256,0,0,0,0,452,0,440,0,113,110,0,1,452,0|292,1158241641,9,0,0,28835840,0,28835840,0,88840,0,0,110,0,0,0,0,0,0,0,7059710,0,0,0,0,0
1785953512747|1011|stream64_r2f_01|rotating|250,1378943233,33554687,31352128,30919993,30996389,30919993,30996389,30919993,29652,29538,29535,29535,0,0,3775,0,911689816,909879219,4096,4096,0,0,29536,29536,435587185,435587190,435587193,435587198,0,0,0,0,0,0,0,0,4096,256,131072,4,15|4,0,67108864,262144,256,0,0,0,0,456,0,444,0,114,111,0,1,456,0|292,479894212,9,29137504,0,0,0,0,0,30945702,0,111,0,1599876676,0,1599876676,0,2080,1586103263,0,21253096,0,0,0,0,0
1785953517751|1011|stream64_r2f_01|fixed|252,1378943233,16781056,37554642,37037575,426132,0,426132,0,9044,0,4522,0,0,0,35378,35378,28890792,0,4096,0,0,0,4522,0,769418576,0,769418584,0,0,0,0,0,0,0,0,0,4096,256,131072,4,15|4,0,67108864,262144,256,0,0,0,0,544,0,532,0,136,133,0,1,544,0|294,1478649946,9,0,0,34865152,0,34865152,0,106651,0,0,133,0,0,0,0,0,0,0,7108713,0,0,0,0,0
1785953517751|1011|stream64_r2f_01|rotating|252,1378943233,33554687,37620958,37103256,37194166,37103256,37194166,37103256,35579,35443,35440,35440,0,0,4529,0,1093977454,1091807353,4096,4096,0,0,35441,35441,755559574,755559579,755559582,755559587,0,0,0,0,0,0,0,0,4096,256,131072,4,15|4,0,67108864,262144,256,0,0,0,0,544,0,532,0,136,133,0,1,544,0|294,800977173,9,34975808,0,0,0,0,0,37149084,0,133,0,1919500061,0,1919500061,0,2080,1904039335,0,24093170,0,0,0,0,0
1785953522761|1011|stream64_r2f_01|fixed|254,1378943233,16781056,43873426,43269824,497753,0,497753,0,10564,0,5282,0,0,0,41330,41330,33746408,0,4096,0,0,0,5282,0,1091810379,0,1091810387,0,0,0,0,0,0,0,0,0,4096,256,131072,4,15|4,0,67108864,262144,256,0,0,0,0,632,0,620,0,158,155,0,1,632,0|296,1801480055,9,0,0,40632320,0,40632320,0,124603,0,0,155,0,0,0,0,0,0,0,7153928,0,0,0,0,0
1785953522761|1011|stream64_r2f_01|rotating|254,1378943233,33554687,43967784,43363187,43468992,43363187,43468992,43363187,41579,41421,41419,41419,0,0,5293,0,1278522377,1275992940,4096,4096,0,0,41419,41419,1079453260,1079453577,1079453268,1079453585,0,0,0,0,0,0,0,0,4096,256,131072,4,15|4,0,67108864,262144,256,0,0,0,0,632,0,620,0,158,155,0,1,632,0|296,1124812755,9,40869440,0,0,0,0,0,43407245,0,155,0,2241862235,0,2241862235,0,2080,2224726605,0,26932714,0,0,0,0,0
1785953527768|1011|stream64_r2f_01|fixed|256,1378943233,16780817,50158122,49468963,569090,0,569090,0,12078,0,6039,0,0,0,47250,47250,38579577,0,4096,0,0,0,6039,0,1412786933,0,1412786941,0,0,0,0,0,0,0,0,0,4096,256,131072,4,15|4,0,67108864,262144,256,0,0,0,0,720,0,708,0,180,177,0,1,720,0|298,2121869104,9,0,0,46399488,0,46399488,0,142390,0,0,177,0,0,0,0,0,0,0,7206269,0,0,0,0,0
1785953527768|1011|stream64_r2f_01|rotating|256,1378943233,33554687,50246333,49556205,49676304,49556205,49676304,49556205,47516,47336,47333,47333,0,0,6049,0,1461081861,1458192224,4096,4096,0,0,47334,47334,1399917169,1399917150,1399917177,1399917158,0,0,0,0,0,0,0,0,4096,256,131072,4,15|4,0,67108864,262144,256,0,0,0,0,724,0,712,0,181,178,0,1,724,0|298,1446178968,9,46709056,0,0,0,0,0,49614249,0,178,0,2561768544,0,2561768544,0,2080,2542813682,0,29900410,0,0,0,0,0
1785953532769|1011|stream64_r2f_01|fixed|258,1378943233,16781056,56384749,55609731,639673,0,639673,0,13576,0,6788,0,0,0,53116,53116,43368128,0,4096,0,0,0,6788,0,1730322722,0,1730322730,0,0,0,0,0,0,0,0,0,4096,256,131072,4,15|4,0,67108864,262144,256,0,0,0,0,808,0,796,0,202,199,0,1,808,0|300,2438707230,9,0,0,52166656,0,52166656,0,160012,0,0,199,0,0,0,0,0,0,0,7245645,0,0,0,0,0
1785953532769|1011|stream64_r2f_01|rotating|258,1378943233,33554687,56437305,55661784,55797069,55661784,55797069,55661784,53370,53168,53165,53165,0,0,6794,0,1641118954,1637870840,4096,4096,0,0,53166,53166,1715968196,1715968201,1715968204,1715968177,0,0,0,0,0,0,0,0,4096,256,131072,4,15|4,0,67108864,262144,256,0,0,0,0,808,0,796,0,202,199,0,1,808,0|300,1760536115,9,52428800,0,0,0,0,0,55689418,0,200,0,2874695755,0,2874695755,0,2080,2854164179,0,32608776,0,0,0,0,0
1785953537777|1011|stream64_r2f_01|fixed|260,1378943233,16781056,62663009,61800462,710912,0,710912,0,15088,0,7544,0,0,0,59029,59029,48198152,0,4096,0,0,0,7544,0,2050864522,0,2050864530,0,0,0,0,0,0,0,0,0,4096,256,131072,4,15|5,0,67108864,262144,256,0,0,0,0,900,0,888,0,225,222,0,1,900,0|302,2760529075,9,0,0,58195968,0,58195968,0,177892,0,0,222,0,0,0,0,0,0,0,7292262,0,0,0,0,0
1785953537777|1011|stream64_r2f_01|rotating|260,1378943233,33554687,62755207,61890839,62043164,61890839,62043164,61890839,59344,59119,59116,59116,0,0,7556,0,1824798168,1821175104,4096,4096,0,0,59117,59117,2038491380,2038491385,2038491356,2038491361,0,0,0,0,0,0,0,0,4096,256,131072,4,15|4,0,67108864,262144,256,0,0,0,0,900,0,888,0,225,222,0,1,900,0|302,2083001221,9,58298720,0,0,0,0,0,61917717,0,222,0,3195693381,0,3195693381,0,2080,3173354301,0,35571483,0,0,0,0,0
1785953542803|1011|stream64_r2f_01|fixed|262,1378943233,16781056,68964056,68013758,782436,0,782436,0,16606,0,8303,0,0,0,64964,64964,53047384,0,4096,0,0,0,8303,0,2372504089,0,2372504097,0,0,0,0,0,0,0,0,0,4096,256,131072,4,15|4,0,67108864,262144,256,0,0,0,0,988,0,976,0,247,244,0,1,988,0|304,3081799696,9,0,0,63963136,0,63963136,0,195750,0,0,244,0,0,0,0,0,0,0,7349056,0,0,0,0,0
1785953542803|1011|stream64_r2f_01|rotating|262,1378943233,33554687,69039802,68088576,68256517,68088576,68256517,68088576,65285,65038,65035,65035,0,0,8312,0,2007512053,2003530448,4096,4096,0,0,65036,65036,2359209423,2359209436,2359209431,2359209412,0,0,0,0,0,0,0,0,4096,256,131072,4,15|4,0,67108864,262144,256,0,0,0,0,988,0,976,0,247,244,0,1,988,0|304,2403853664,9,64129120,0,0,0,0,0,68117719,0,244,0,3515088224,0,3515088224,0,2080,3491058584,0,38413107,0,0,0,0,0
1785953551255|1012|stream64_r2f_02|fixed|266,1378943233,16781056,6151895,6068583,69737,0,69737,0,1480,0,740,0,0,0,5795,5795,4727776,0,4096,0,0,0,740,0,2913678331,0,2913678339,0,0,0,0,0,0,0,0,0,4096,256,131072,4,15|4,0,67108864,262144,256,0,0,0,0,96,0,84,0,24,21,0,1,96,0|312,3622742254,9,0,0,5505024,0,5505024,0,17551,0,0,21,0,0,0,0,0,0,0,6891680,0,0,0,0,0
1785953551255|1012|stream64_r2f_02|rotating|266,1378943233,33554687,6222285,6137427,6151702,6137427,6151702,6137427,5885,5862,5861,5861,0,0,749,0,180924144,180563969,4096,4096,0,0,5862,5862,2900075501,2900075482,2900075469,2900075490,0,0,0,0,0,0,0,0,4096,256,131072,4,15|4,0,67108864,262144,256,0,0,0,0,100,0,88,0,25,22,0,1,100,0|312,2944809234,9,5814592,0,0,0,0,0,6174624,0,22,0,323294805,0,323294805,0,2080,316403025,0,9771534,0,0,0,0,0
1785953556262|1012|stream64_r2f_02|fixed|268,1378943233,16781056,12427858,12257224,140976,0,140976,0,2992,0,1496,0,0,0,11709,11709,9557856,0,4096,0,0,0,1496,0,3233893393,0,3233893401,0,0,0,0,0,0,0,0,0,4096,256,131072,4,15|4,0,67108864,262144,256,0,0,0,0,188,0,176,0,47,44,0,1,188,0|314,3943257801,9,0,0,11534336,0,11534336,0,35385,0,0,44,0,0,0,0,0,0,0,6936810,0,0,0,0,0
1785953556262|1012|stream64_r2f_02|rotating|268,1378943233,33554687,12511155,12339475,12369235,12339475,12369235,12339475,11833,11789,11787,11787,0,0,1506,0,363863585,363143492,4096,4096,0,0,11788,11788,3221172348,3221172377,3221172364,3221172385,0,0,0,0,0,0,0,0,4096,256,131072,4,15|4,0,67108864,262144,256,0,0,0,0,188,0,176,0,47,44,0,1,188,0|314,3266152615,9,11660800,0,0,0,0,0,12380694,0,44,0,643176634,0,643176634,0,2080,634607863,0,12602983,0,0,0,0,0
1785953561269|1012|stream64_r2f_02|fixed|270,1378943233,16781056,18702502,18445017,212219,0,212219,0,4504,0,2252,0,0,0,17621,17621,14387912,0,4096,0,0,0,2252,0,3554562515,0,3554562523,0,0,0,0,0,0,0,0,0,4096,256,131072,4,15|4,0,67108864,262144,256,0,0,0,0,276,0,264,0,69,66,0,1,276,0|316,4263701749,9,0,0,17301504,0,17301504,0,53172,0,0,66,0,0,0,0,0,0,0,6986130,0,0,0,0,0
1785953561269|1012|stream64_r2f_02|rotating|270,1378943233,33554687,18776444,18518103,18563471,18518103,18563471,18518103,17758,17692,17690,17690,0,0,2260,0,546072504,544992064,4096,4096,0,0,17691,17691,3541010077,3541010034,3541010037,3541010042,0,0,0,0,0,0,0,0,4096,256,131072,4,15|4,0,67108864,262144,256,0,0,0,0,276,0,264,0,69,66,0,1,276,0|316,3585760646,9,17475392,0,0,0,0,0,18554497,0,66,0,961331017,0,961331017,0,2080,951073289,0,15439610,0,0,0,0,0
1785953566274|1012|stream64_r2f_02|fixed|272,1378943233,16781056,24979711,24634783,283368,0,283368,0,6014,0,3007,0,0,0,23533,23533,19211544,0,4096,0,0,0,3007,0,3874680084,0,3874680092,0,0,0,0,0,0,0,0,0,4096,256,131072,4,15|4,0,67108864,262144,256,0,0,0,0,364,0,352,0,91,88,0,1,364,0|318,288644816,10,0,0,23068672,0,23068672,0,70960,0,0,88,0,0,0,0,0,0,0,7028300,0,0,0,0,0
1785953566274|1012|stream64_r2f_02|rotating|272,1378943233,33554687,25060324,24714426,24776013,24714426,24776013,24714426,23699,23611,23609,23609,0,0,3017,0,728773096,727333656,4096,4096,0,0,23610,23610,3861709392,3861709389,3861709368,3861709373,0,0,0,0,0,0,0,0,4096,256,131072,4,15|4,0,67108864,262144,256,0,0,0,0,364,0,352,0,91,88,0,1,364,0|318,3907527657,9,23329504,0,0,0,0,0,24771527,0,88,0,1281634500,0,1281634500,0,2080,1269693011,0,18279526,0,0,0,0,0
1785953571275|1012|stream64_r2f_02|fixed|274,1378943233,16781056,31254017,30823551,354517,0,354517,0,7524,0,3762,0,0,0,29443,29443,24035192,0,4096,0,0,0,3762,0,4194797378,0,4194797386,0,0,0,0,0,0,0,0,0,4096,256,131072,4,15|4,0,67108864,262144,256,0,0,0,0,452,0,440,0,113,110,0,1,452,0|320,609484342,10,0,0,28835840,0,28835840,0,88793,0,0,110,0,0,0,0,0,0,0,7074854,0,0,0,0,0
1785953571275|1012|stream64_r2f_02|rotating|274,1378943233,33554687,31322117,30890780,30966849,30890780,30966849,30890780,29619,29510,29507,29507,0,0,3770,0,910828771,909030790,4096,4096,0,0,29508,29508,4181283198,4181283187,4181283206,4181283195,0,0,0,0,0,0,0,0,4096,256,131072,4,15|4,0,67108864,262144,256,0,0,0,0,456,0,444,0,114,111,0,1,456,0|320,4226015772,9,29113792,0,0,0,0,0,30921987,0,111,0,1598676543,0,1598676543,0,2080,1584903562,0,21247603,0,0,0,0,0
1785953576276|1012|stream64_r2f_02|fixed|276,1378943233,16781056,37521537,37004952,425662,0,425662,0,9034,0,4517,0,0,0,35347,35347,28858824,0,4096,0,0,0,4517,0,219940423,0,219940431,0,0,0,0,0,0,0,0,0,4096,256,131072,4,15|5,0,67108864,262144,256,0,0,0,0,544,0,532,0,136,133,0,1,544,0|322,929267999,10,0,0,34865152,0,34865152,0,106556,0,0,133,0,0,0,0,0,0,0,7122567,0,0,0,0,0
1785953576276|1012|stream64_r2f_02|rotating|276,1378943233,33558272,37593811,37075683,37167301,37075683,37167301,37075683,35549,35417,35415,35415,0,0,4526,0,1093191872,1091018512,4096,4096,0,0,35415,35415,206527468,206527785,206527476,206527793,0,0,0,0,0,0,0,0,4096,256,131072,4,15|4,0,67108864,262144,256,0,0,0,0,544,0,532,0,136,133,0,1,544,0|322,251110415,10,34936288,0,0,0,0,0,37105552,0,133,0,1917282858,0,1917282858,0,2080,1901825246,0,24081601,0,0,0,0,0
1785953581289|1012|stream64_r2f_02|fixed|278,1378943233,16781056,43808691,43205293,496998,0,496998,0,10548,0,5274,0,0,0,41269,41269,33695264,0,4096,0,0,0,5274,0,540720198,0,540720206,0,0,0,0,0,0,0,0,0,4096,256,131072,4,15|4,0,67108864,262144,256,0,0,0,0,632,0,620,0,158,155,0,1,632,0|324,1250083628,10,0,0,40632320,0,40632320,0,124391,0,0,155,0,0,0,0,0,0,0,7160779,0,0,0,0,0
1785953581289|1012|stream64_r2f_02|rotating|278,1378943233,33554687,43886536,43282261,43388595,43282261,43388595,43282261,41499,41345,41342,41342,0,0,5284,0,1276167486,1273634505,4096,4096,0,0,41343,41343,527711680,527711677,527711688,527711685,0,0,0,0,0,0,0,0,4096,256,131072,4,15|4,0,67108864,262144,256,0,0,0,0,632,0,620,0,158,155,0,1,632,0|324,573797463,10,40806208,0,0,0,0,0,43341189,0,155,0,2238502426,0,2238502426,0,2080,2221364445,0,26921519,0,0,0,0,0
1785953586295|1012|stream64_r2f_02|fixed|280,1378943233,16781056,50083241,49394361,568241,0,568241,0,12060,0,6030,0,0,0,47179,47179,38525336,0,4096,0,0,0,6030,0,861258166,0,861258174,0,0,0,0,0,0,0,0,0,4096,256,131072,4,15|4,0,67108864,262144,256,0,0,0,0,720,0,708,0,180,177,0,1,720,0|326,1570532190,10,0,0,46399488,0,46399488,0,142201,0,0,177,0,0,0,0,0,0,0,7208086,0,0,0,0,0
1785953586295|1012|stream64_r2f_02|rotating|280,1378943233,33554687,50156910,49467261,49587914,49467261,49587914,49467261,47428,47252,47249,47249,0,0,6038,0,1458490688,1455599163,4096,4096,0,0,47250,47250,847748035,847748024,847748043,847748032,0,0,0,0,0,0,0,0,4096,256,131072,4,15|4,0,67108864,262144,256,0,0,0,0,720,0,708,0,180,177,0,1,720,0|326,892295416,10,46601288,0,0,0,0,0,49495487,0,177,0,2555551609,0,2555551609,0,2080,2536726419,0,29752078,0,0,0,0,0
1785953591305|1012|stream64_r2f_02|fixed|282,1378943233,16781056,56369009,55593128,639484,0,639484,0,13572,0,6786,0,0,0,53101,53101,43355368,0,4096,0,0,0,6786,0,1181804539,0,1181804555,0,0,0,0,0,0,0,0,0,4096,256,131072,4,15|4,0,67108864,262144,256,0,0,0,0,808,0,796,0,202,199,0,1,808,0|328,1891238956,10,0,0,52166656,0,52166656,0,160012,0,0,199,0,0,0,0,0,0,0,7254024,0,0,0,0,0
1785953591305|1012|stream64_r2f_02|rotating|282,1378943233,33554687,56457520,55680631,55817003,55680631,55817003,55680631,53385,53187,53184,53184,0,0,6797,0,1641705924,1638455527,4096,4096,0,0,53185,53185,1169334114,1169334119,1169334130,1169334127,0,0,0,0,0,0,0,0,4096,256,131072,4,15|4,0,67108864,262144,256,0,0,0,0,812,0,800,0,203,200,0,1,812,0|328,1214013934,10,52452512,0,0,0,0,0,55708370,0,200,0,2875807321,0,2875807321,0,2080,2855165867,0,32719429,0,0,0,0,0
1785953596306|1012|stream64_r2f_02|fixed|284,1378943233,16781056,62637646,61774510,710630,0,710630,0,15082,0,7541,0,0,0,59005,59005,48178960,0,4096,0,0,0,7541,0,1501919768,0,1501919776,0,0,0,0,0,0,0,0,0,4096,256,131072,4,15|5,0,67108864,262144,256,0,0,0,0,900,0,888,0,225,222,0,1,900,0|330,2212073477,10,0,0,58195968,0,58195968,0,177845,0,0,222,0,0,0,0,0,0,0,7299281,0,0,0,0,0
1785953596306|1012|stream64_r2f_02|rotating|284,1378943233,33554687,62727074,61862204,62015408,61862204,62015408,61862204,59313,59092,59089,59089,0,0,7552,0,1823983120,1820357317,4096,4096,0,0,59090,59090,1489412606,1489412595,1489412558,1489412603,0,0,0,0,0,0,0,0,4096,256,131072,4,15|4,0,67108864,262144,256,0,0,0,0,900,0,888,0,225,222,0,1,900,0|330,1534862540,10,58282912,0,0,0,0,0,61908146,0,222,0,3195198327,0,3195198327,0,2080,3172870442,0,35556924,0,0,0,0,0
1785953601319|1012|stream64_r2f_02|fixed|286,1378943233,16781056,68919709,67969752,781965,0,781965,0,16596,0,8298,0,0,0,64924,64924,53015416,0,4096,0,0,0,8298,0,1822695105,0,1822695113,0,0,0,0,0,0,0,0,0,4096,256,131072,4,15|4,0,67108864,262144,256,0,0,0,0,988,0,976,0,247,244,0,1,988,0|332,2532057303,10,0,0,63963136,0,63963136,0,195632,0,0,244,0,0,0,0,0,0,0,7340319,0,0,0,0,0
1785953601319|1012|stream64_r2f_02|rotating|286,1378943233,33554687,68994856,68043929,68212041,68043929,68212041,68043929,65241,64998,64994,64994,0,0,8307,0,2006257106,2002271373,4096,4096,0,0,64995,64995,1809363447,1809363428,1809363455,1809363436,0,0,0,0,0,0,0,0,4096,256,131072,4,15|4,0,67108864,262144,256,0,0,0,0,988,0,976,0,247,244,0,1,988,0|332,1854122560,10,64089600,0,0,0,0,0,68075840,0,244,0,3513006675,0,3513006675,0,2080,3488987841,0,38393846,0,0,0,0,0
1785953609771|1013|stream64_r2f_03|fixed|290,1378943233,16781056,6144054,6058072,69643,0,69643,0,1478,0,739,0,0,0,5791,5791,4721392,0,4096,0,0,0,739,0,2363651157,0,2363651165,0,0,0,0,0,0,0,0,0,4096,256,131072,4,15|4,0,67108864,262144,256,0,0,0,0,96,0,84,0,24,21,0,1,96,0|340,3073254842,10,0,0,5505024,0,5505024,0,17551,0,0,21,0,0,0,0,0,0,0,6881707,0,0,0,0,0
1785953609771|1013|stream64_r2f_03|rotating|290,1378943233,33554687,6216729,6129109,6146241,6129109,6146241,6129109,5883,5860,5859,5859,0,0,748,0,180879862,180519273,4096,4096,0,0,5860,5860,2350396423,2350396420,2350396431,2350396428,0,0,0,0,0,0,0,0,4096,256,131072,4,15|4,0,67108864,262144,256,0,0,0,0,100,0,88,0,25,22,0,1,100,0|340,2400340629,10,5909440,0,0,0,0,0,6268878,0,22,0,328390251,0,328390251,0,2080,321525916,0,9764514,0,0,0,0,0
1785953614779|1013|stream64_r2f_03|fixed|292,1378943233,16781056,12416178,12242942,140976,0,140976,0,2992,0,1496,0,0,0,11707,11707,9557856,0,4096,0,0,0,1496,0,2684305813,0,2684305821,0,0,0,0,0,0,0,0,0,4096,256,131072,4,15|4,0,67108864,262144,256,0,0,0,0,188,0,176,0,47,44,0,1,188,0|342,3393736723,10,0,0,11534336,0,11534336,0,35385,0,0,44,0,0,0,0,0,0,0,6927379,0,0,0,0,0
1785953614779|1013|stream64_r2f_03|rotating|292,1378943233,33558272,12483560,12309487,12341829,12309487,12341829,12309487,11816,11771,11771,11771,0,0,1504,0,363347864,362628752,4096,4096,0,0,11771,11771,2670678910,2670679259,2670678918,2670679267,0,0,0,0,0,0,0,0,4096,256,131072,4,15|4,0,67108864,262144,256,0,0,0,0,188,0,176,0,47,44,0,1,188,0|342,2715468605,10,11641164,0,0,0,0,0,12347587,0,44,0,642085296,0,642085296,0,2080,633510709,0,12604509,0,0,0,0,0
1785953619792|1013|stream64_r2f_03|fixed|294,1378943233,16781056,18692695,18431713,212219,0,212219,0,4504,0,2252,0,0,0,17625,17625,14387912,0,4096,0,0,0,2252,0,3004975439,0,3004975447,0,0,0,0,0,0,0,0,0,4096,256,131072,4,15|4,0,67108864,262144,256,0,0,0,0,276,0,264,0,69,66,0,1,276,0|344,3714499036,10,0,0,17301504,0,17301504,0,53196,0,0,66,0,0,0,0,0,0,0,6971606,0,0,0,0,0
1785953619792|1013|stream64_r2f_03|rotating|294,1378943233,33554687,18767535,18505686,18554467,18505686,18554467,18505686,17764,17697,17696,17696,0,0,2261,0,546245747,545166238,4096,4096,0,0,17697,17697,2991732087,2991732084,2991732095,2991732092,0,0,0,0,0,0,0,0,4096,256,131072,4,15|4,0,67108864,262144,256,0,0,0,0,276,0,264,0,69,66,0,1,276,0|344,3037130037,10,17491200,0,0,0,0,0,18555891,0,66,0,962284219,0,962284219,0,2080,952027978,0,15441578,0,0,0,0,0
1785953624805|1013|stream64_r2f_03|fixed|296,1378943233,16781056,24976199,24629227,283556,0,283556,0,6018,0,3009,0,0,0,23550,23550,19224344,0,4096,0,0,0,3009,0,3325955979,0,3325955987,0,0,0,0,0,0,0,0,0,4096,256,131072,4,15|4,0,67108864,262144,256,0,0,0,0,364,0,352,0,91,88,0,1,364,0|346,4035317772,10,0,0,23068672,0,23068672,0,71031,0,0,88,0,0,0,0,0,0,0,7014484,0,0,0,0,0
1785953624805|1013|stream64_r2f_03|rotating|296,1378943233,33554687,25055376,24707384,24770878,24707384,24770878,24707384,23715,23626,23625,23625,0,0,3019,0,729266960,727828492,4096,4096,0,0,23626,23626,3312987087,3312987068,3312987047,3312987076,0,0,0,0,0,0,0,0,4096,256,131072,4,15|4,0,67108864,262144,256,0,0,0,0,364,0,352,0,91,88,0,1,364,0|346,3358398601,10,23330816,0,0,0,0,0,24755968,0,89,0,1282092879,0,1282092879,0,2080,1270131499,0,18295212,0,0,0,0,0
1785953629806|1013|stream64_r2f_03|fixed|298,1378943233,16781056,31241582,30807497,354705,0,354705,0,7528,0,3764,0,0,0,29457,29457,24047952,0,4096,0,0,0,3764,0,3646071614,0,3646071630,0,0,0,0,0,0,0,0,0,4096,256,131072,4,15|4,0,67108864,262144,256,0,0,0,0,452,0,440,0,113,110,0,1,452,0|348,60255267,11,0,0,28835840,0,28835840,0,88793,0,0,110,0,0,0,0,0,0,0,7061352,0,0,0,0,0
1785953629806|1013|stream64_r2f_03|rotating|298,1378943233,33554687,31308169,30873285,30952713,30873285,30952713,30873285,29631,29520,29519,29519,0,0,3772,0,911214452,909417303,4096,4096,0,0,29520,29520,3632367304,3632367309,3632367320,3632367317,0,0,0,0,0,0,0,0,4096,256,131072,4,15|4,0,67108864,262144,256,0,0,0,0,456,0,444,0,114,111,0,1,456,0|348,3676936315,10,29129600,0,0,0,0,0,30903132,0,111,0,1599180897,0,1599180897,0,2080,1585407626,0,21251348,0,0,0,0,0
1785953634821|1013|stream64_r2f_03|fixed|300,1378943233,16781056,37521864,37000401,426132,0,426132,0,9044,0,4522,0,0,0,35378,35378,28890792,0,4096,0,0,0,4522,0,3967159114,0,3967159122,0,0,0,0,0,0,0,0,0,4096,256,131072,4,15|4,0,67108864,262144,256,0,0,0,0,544,0,532,0,136,133,0,1,544,0|350,381601010,11,0,0,34865152,0,34865152,0,106674,0,0,133,0,0,0,0,0,0,0,7100933,0,0,0,0,0
1785953634821|1013|stream64_r2f_03|rotating|300,1378943233,33554687,37589673,37067531,37162786,37067531,37162786,37067531,35577,35443,35442,35442,0,0,4530,0,1094047885,1091874968,4096,4096,0,0,35443,35443,3953421109,3953421130,3953421117,3953421138,0,0,0,0,0,0,0,0,4096,256,131072,4,15|4,0,67108864,262144,256,0,0,0,0,544,0,532,0,136,133,0,1,544,0|350,3998944612,10,34983712,0,0,0,0,0,37118644,0,133,0,1919725666,0,1919725666,0,2080,1904264293,0,24095605,0,0,0,0,0
1785953639850|1013|stream64_r2f_03|fixed|302,1378943233,16781056,43818858,43212302,497564,0,497564,0,10560,0,5280,0,0,0,41316,41316,33733640,0,4096,0,0,0,5280,0,4288686622,0,4288686630,0,0,0,0,0,0,0,0,0,4096,256,131072,4,15|4,0,67108864,262144,256,0,0,0,0,632,0,620,0,158,155,0,1,632,0|352,703231596,11,0,0,40632320,0,40632320,0,124532,0,0,155,0,0,0,0,0,0,0,7147080,0,0,0,0,0
1785953639850|1013|stream64_r2f_03|rotating|302,1378943233,33554687,43895137,43287741,43396723,43287741,43396723,43287741,41545,41389,41388,41388,0,0,5289,0,1277587357,1275058640,4096,4096,0,0,41389,41389,4275575817,4275575806,4275575825,4275575814,0,0,0,0,0,0,0,0,4096,256,131072,4,15|4,0,67108864,262144,256,0,0,0,0,632,0,620,0,158,155,0,1,632,0|352,25269214,11,40829920,0,0,0,0,0,43321110,0,155,0,2239556012,0,2239556012,0,2080,2222413596,0,26931106,0,0,0,0,0
1785953644852|1013|stream64_r2f_03|fixed|304,1378943233,16781056,50084574,49392618,568712,0,568712,0,12070,0,6035,0,0,0,47225,47225,38557280,0,4096,0,0,0,6035,0,313836402,0,313836410,0,0,0,0,0,0,0,0,0,4096,256,131072,4,15|4,0,67108864,262144,256,0,0,0,0,720,0,708,0,180,177,0,1,720,0|354,1023328496,11,0,0,46399488,0,46399488,0,142320,0,0,177,0,0,0,0,0,0,0,7190211,0,0,0,0,0
1785953644852|1013|stream64_r2f_03|rotating|304,1378943233,33554687,50158111,49465235,49588550,49465235,49588550,49465235,47473,47295,47294,47294,0,0,6044,0,1459878120,1456992616,4096,4096,0,0,47295,47295,300599082,300599087,300599034,300599055,0,0,0,0,0,0,0,0,4096,256,131072,4,15|4,0,67108864,262144,256,0,0,0,0,720,0,708,0,180,177,0,1,720,0|354,345353048,11,46652416,0,0,0,0,0,49499534,0,177,0,2558184222,0,2558184222,0,2080,2539351755,0,29770524,0,0,0,0,0
1785953649865|1013|stream64_r2f_03|fixed|306,1378943233,16781056,56361111,55582490,640049,0,640049,0,13584,0,6792,0,0,0,53149,53149,43393648,0,4096,0,0,0,6792,0,634811608,0,634811616,0,0,0,0,0,0,0,0,0,4096,256,131072,4,15|4,0,67108864,262144,256,0,0,0,0,808,0,796,0,202,199,0,1,808,0|356,1344388800,11,0,0,52166656,0,52166656,0,160153,0,0,199,0,0,0,0,0,0,0,7233670,0,0,0,0,0
1785953649865|1013|stream64_r2f_03|rotating|306,1378943233,33554687,56427151,55646923,55786256,55646923,55786256,55646923,53414,53212,53211,53211,0,0,6801,0,1642521923,1639259926,4096,4096,0,0,53212,53212,621319384,621319381,621319392,621319389,0,0,0,0,0,0,0,0,4096,256,131072,4,15|4,0,67108864,262144,256,0,0,0,0,812,0,800,0,203,200,0,1,812,0|356,666139934,11,52484128,0,0,0,0,0,55682046,0,200,0,2877513180,0,2877513180,0,2060,2856859775,0,32738229,0,0,0,0,0
1785953654876|1013|stream64_r2f_03|fixed|308,1378943233,16781056,62632434,61765670,711383,0,711383,0,15098,0,7549,0,0,0,59067,59067,48230104,0,4096,0,0,0,7549,0,955589038,0,955589046,0,0,0,0,0,0,0,0,0,4096,256,131072,4,15|4,0,67108864,262144,256,0,0,0,0,900,0,888,0,225,222,0,1,900,0|358,1665061119,11,0,0,58195968,0,58195968,0,177987,0,0,222,0,0,0,0,0,0,0,7282283,0,0,0,0,0
1785953654876|1013|stream64_r2f_03|rotating|308,1378943233,33554687,62699482,61831786,61987344,61831786,61987344,61831786,59355,59131,59130,59130,0,0,7557,0,1825230294,1821610241,4096,4096,0,0,59131,59131,942026989,942026994,942026997,942027002,0,0,0,0,0,0,0,0,4096,256,131072,4,15|4,0,67108864,262144,256,0,0,0,0,900,0,888,0,225,222,0,1,900,0|358,987521435,11,58330336,0,0,0,0,0,61880764,0,222,0,3197433129,0,3197433129,0,2080,3175096488,0,35575923,0,0,0,0,0
1785953659887|1013|stream64_r2f_03|fixed|310,1378943233,16781056,68902467,67949831,782626,0,782626,0,16610,0,8305,0,0,0,64983,64983,53060184,0,4096,0,0,0,8305,0,1276134630,0,1276134638,0,0,0,0,0,0,0,0,0,4096,256,131072,4,15|4,0,67108864,262144,256,0,0,0,0,988,0,976,0,247,244,0,1,988,0|360,1986572412,11,0,0,63963136,0,63963136,0,195845,0,0,244,0,0,0,0,0,0,0,7325881,0,0,0,0,0
1785953659887|1013|stream64_r2f_03|rotating|310,1378943233,33558272,68995854,68042101,68212190,68042101,68212190,68042101,65317,65071,65071,65071,0,0,8316,0,2008609000,2004629880,4096,4096,0,0,65071,65071,1263887758,1263888115,1263887766,1263888123,0,0,0,0,0,0,0,0,4096,256,131072,4,15|4,0,67108864,262144,256,0,0,0,0,988,0,976,0,247,244,0,1,988,0|360,1309311649,11,64176544,0,0,0,0,0,68088214,0,244,0,3517761791,0,3517761791,0,2080,3493741465,0,38414066,0,0,0,0,0
1785953668284|1014|stream64_r2f_04|fixed|314,1378943233,16781056,6145467,6059613,69643,0,69643,0,1478,0,739,0,0,0,5792,5792,4721392,0,4096,0,0,0,739,0,1813615021,0,1813615029,0,0,0,0,0,0,0,0,0,4096,256,131072,4,15|4,0,67108864,262144,256,0,0,0,0,96,0,84,0,24,21,0,1,96,0|368,2523052213,11,0,0,5505024,0,5505024,0,17551,0,0,21,0,0,0,0,0,0,0,6893720,0,0,0,0,0
1785953668284|1014|stream64_r2f_04|rotating|314,1378943233,33554687,6217765,6130212,6147182,6130212,6147182,6130212,5884,5861,5860,5860,0,0,749,0,180908966,180547865,4096,4096,0,0,5861,5861,1800411785,1800411798,1800411793,1800411806,0,0,0,0,0,0,0,0,4096,256,131072,4,15|4,0,67108864,262144,256,0,0,0,0,100,0,88,0,25,22,0,1,100,0|368,1845092821,11,5814592,0,0,0,0,0,6167137,0,22,0,323200461,0,323200461,0,2080,316316372,0,9763815,0,0,0,0,0
1785953673296|1014|stream64_r2f_04|fixed|316,1378943233,16781056,12421503,12249220,141071,0,141071,0,2994,0,1497,0,0,0,11713,11713,9564232,0,4096,0,0,0,1497,0,2134822624,0,2134822632,0,0,0,0,0,0,0,0,0,4096,256,131072,4,15|4,0,67108864,262144,256,0,0,0,0,188,0,176,0,47,44,0,1,188,0|370,2844104301,11,0,0,11534336,0,11534336,0,35409,0,0,44,0,0,0,0,0,0,0,6935814,0,0,0,0,0
1785953673296|1014|stream64_r2f_04|rotating|316,1378943233,33554687,12504696,12331576,12362776,12331576,12362776,12331576,11837,11792,11791,11791,0,0,1506,0,363985056,363263547,4096,4096,0,0,11792,11792,2121757936,2121757949,2121757952,2121757965,0,0,0,0,0,0,0,0,4096,256,131072,4,15|4,0,67108864,262144,256,0,0,0,0,188,0,176,0,47,44,0,1,188,0|370,2166846107,11,11668704,0,0,0,0,0,12375104,0,44,0,643490219,0,643490219,0,2080,634924159,0,12601941,0,0,0,0,0
1785953678308|1014|stream64_r2f_04|fixed|318,1378943233,16781056,18697383,18437800,212314,0,212314,0,4506,0,2253,0,0,0,17631,17631,14394312,0,4096,0,0,0,2253,0,2455367142,0,2455367150,0,0,0,0,0,0,0,0,0,4096,256,131072,4,15|4,0,67108864,262144,256,0,0,0,0,276,0,264,0,69,66,0,1,276,0|372,3164647821,11,0,0,17301504,0,17301504,0,53220,0,0,66,0,0,0,0,0,0,0,6984823,0,0,0,0,0
1785953678308|1014|stream64_r2f_04|rotating|318,1378943233,33554687,18771276,18510841,18558113,18510841,18558113,18510841,17768,17701,17700,17700,0,0,2262,0,546379752,545300667,4096,4096,0,0,17701,17701,2441922220,2441922233,2441922228,2441922241,0,0,0,0,0,0,0,0,4096,256,131072,4,15|4,0,67108864,262144,256,0,0,0,0,276,0,264,0,69,66,0,1,276,0|372,2486670319,11,17483296,0,0,0,0,0,18547350,0,66,0,961860783,0,961860783,0,2080,951605330,0,15439004,0,0,0,0,0
1785953683318|1014|stream64_r2f_04|fixed|320,1378943233,16781056,24975839,24630230,283556,0,283556,0,6018,0,3009,0,0,0,23551,23551,19224344,0,4096,0,0,0,3009,0,2775911425,0,2775911433,0,0,0,0,0,0,0,0,0,4096,256,131072,4,15|4,0,67108864,262144,256,0,0,0,0,364,0,352,0,91,88,0,1,364,0|374,3485985002,11,0,0,23068672,0,23068672,0,71077,0,0,88,0,0,0,0,0,0,0,7035495,0,0,0,0,0
1785953683318|1014|stream64_r2f_04|rotating|320,1378943233,33554687,25100694,24753587,24815726,24753587,24815726,24753587,23758,23669,23668,23668,0,0,3024,0,730611328,729172947,4096,4096,0,0,23669,23669,2765275085,2765275098,2765275093,2765275106,0,0,0,0,0,0,0,0,4096,256,131072,4,15|4,0,67108864,262144,256,0,0,0,0,368,0,356,0,92,89,0,1,368,0|374,2810277598,11,23370336,0,0,0,0,0,24791435,0,89,0,1283996302,0,1283996302,0,2080,1271934288,0,18404211,0,0,0,0,0
1785953688322|1014|stream64_r2f_04|fixed|322,1378943233,16781056,31242647,30810557,354705,0,354705,0,7528,0,3764,0,0,0,29459,29459,24047952,0,4096,0,0,0,3764,0,3096024081,0,3096024097,0,0,0,0,0,0,0,0,0,4096,256,131072,4,15|4,0,67108864,262144,256,0,0,0,0,452,0,440,0,113,110,0,1,452,0|376,3805576860,11,0,0,28835840,0,28835840,0,88817,0,0,110,0,0,0,0,0,0,0,7078166,0,0,0,0,0
1785953688322|1014|stream64_r2f_04|rotating|322,1378943233,33554687,31314981,30881253,30959337,30881253,30959337,30881253,29640,29528,29527,29527,0,0,3774,0,911449021,909634208,4096,4096,0,0,29528,29528,3082853932,3082853945,3082853940,3082853953,0,0,0,0,0,0,0,0,4096,256,131072,4,15|4,0,67108864,262144,256,0,0,0,0,456,0,444,0,114,111,0,1,456,0|376,3127698137,11,29137504,0,0,0,0,0,30918808,0,111,0,1599975049,0,1599975049,0,2080,1586215522,0,21239212,0,0,0,0,0
1785953693328|1014|stream64_r2f_04|fixed|324,1378943233,16781056,37514165,36995449,425944,0,425944,0,9040,0,4520,0,0,0,35372,35372,28878000,0,4096,0,0,0,4520,0,3416568200,0,3416568208,0,0,0,0,0,0,0,0,0,4096,256,131072,4,15|4,0,67108864,262144,256,0,0,0,0,544,0,532,0,136,133,0,1,544,0|378,4125927104,11,0,0,34865152,0,34865152,0,106627,0,0,133,0,0,0,0,0,0,0,7117653,0,0,0,0,0
1785953693328|1014|stream64_r2f_04|rotating|324,1378943233,33554687,37584881,37064647,37158089,37064647,37158089,37064647,35575,35440,35439,35439,0,0,4529,0,1093949976,1091774992,4096,4096,0,0,35440,35440,3403195408,3403195389,3403195376,3403195397,0,0,0,0,0,0,0,0,4096,256,131072,4,15|4,0,67108864,262144,256,0,0,0,0,544,0,532,0,136,133,0,1,544,0|378,3448005213,11,34967904,0,0,0,0,0,37100861,0,133,0,1918824525,0,1918824525,0,2080,1903379288,0,24075986,0,0,0,0,0
1785953698329|1014|stream64_r2f_04|fixed|326,1378943233,16781056,43776110,43170319,497093,0,497093,0,10550,0,5275,0,0,0,41277,41277,33701664,0,4096,0,0,0,5275,0,3736483958,0,3736483966,0,0,0,0,0,0,0,0,0,4096,256,131072,4,15|4,0,67108864,262144,256,0,0,0,0,632,0,620,0,158,155,0,1,632,0|380,151138843,12,0,0,40632320,0,40632320,0,124438,0,0,155,0,0,0,0,0,0,0,7171420,0,0,0,0,0
1785953698329|1014|stream64_r2f_04|rotating|326,1378943233,33554687,43851077,43244390,43353136,43244390,43353136,43244390,41505,41348,41347,41347,0,0,5284,0,1276326986,1273791549,4096,4096,0,0,41348,41348,3723321375,3723321348,3723321383,3723321356,0,0,0,0,0,0,0,0,4096,256,131072,4,15|4,0,67108864,262144,256,0,0,0,0,632,0,620,0,158,155,0,1,632,0|380,3768073591,11,40790400,0,0,0,0,0,43279460,0,155,0,2237437279,0,2237437279,0,2080,2220304599,0,26912796,0,0,0,0,0
1785953703334|1014|stream64_r2f_04|fixed|328,1378943233,16781056,50050688,49360086,568334,0,568334,0,12062,0,6031,0,0,0,47193,47193,38531712,0,4096,0,0,0,6031,0,4057028130,0,4057028138,0,0,0,0,0,0,0,0,0,4096,256,131072,4,15|4,0,67108864,262144,256,0,0,0,0,720,0,708,0,180,177,0,1,720,0|382,471521901,12,0,0,46399488,0,46399488,0,142225,0,0,177,0,0,0,0,0,0,0,7217172,0,0,0,0,0
1785953703334|1014|stream64_r2f_04|rotating|328,1378943233,33554687,50118137,49426704,49549047,49426704,49549047,49426704,47437,47258,47257,47257,0,0,6039,0,1458737508,1455843391,4096,4096,0,0,47258,47258,4043516785,4043516806,4043516793,4043516814,0,0,0,0,0,0,0,0,4096,256,131072,4,15|4,0,67108864,262144,256,0,0,0,0,720,0,708,0,180,177,0,1,720,0|382,4088262690,11,46612896,0,0,0,0,0,49460893,0,177,0,2556170754,0,2556170754,0,2080,2537350671,0,29749566,0,0,0,0,0
1785953708341|1014|stream64_r2f_04|fixed|330,1378943233,16781056,56323359,55545336,639578,0,639578,0,13574,0,6787,0,0,0,53108,53108,43361744,0,4096,0,0,0,6787,0,82602320,0,82602328,0,0,0,0,0,0,0,0,0,4096,256,131072,4,15|4,0,67108864,262144,256,0,0,0,0,808,0,796,0,202,199,0,1,808,0|384,792329450,12,0,0,52166656,0,52166656,0,160059,0,0,199,0,0,0,0,0,0,0,7256168,0,0,0,0,0
1785953708341|1014|stream64_r2f_04|rotating|330,1378943233,33558272,56415608,55636408,55774996,55636408,55774996,55636408,53396,53195,53195,53195,0,0,6798,0,1642027832,1638774400,4096,4096,0,0,53195,53195,70249128,70249445,70249136,70249453,0,0,0,0,0,0,0,0,4096,256,131072,4,15|4,0,67108864,262144,256,0,0,0,0,812,0,800,0,203,200,0,1,812,0|384,114943613,12,52460416,0,0,0,0,0,55666136,0,200,0,2876357093,0,2876357093,0,2080,2855724780,0,32711957,0,0,0,0,0
1785953713350|1014|stream64_r2f_04|fixed|332,1378943233,16781056,62595437,61729999,710818,0,710818,0,15086,0,7543,0,0,0,59021,59021,48191760,0,4096,0,0,0,7543,0,403144923,0,403144931,0,0,0,0,0,0,0,0,0,4096,256,131072,4,15|5,0,67108864,262144,256,0,0,0,0,900,0,888,0,225,222,0,1,900,0|386,1112456968,12,0,0,58195968,0,58195968,0,177845,0,0,222,0,0,0,0,0,0,0,7310784,0,0,0,0,0
1785953713350|1014|stream64_r2f_04|rotating|332,1378943233,33558272,62669694,61802693,61958028,61802693,61958028,61802693,59315,59091,59091,59091,0,0,7552,0,1824024232,1820395664,4096,4096,0,0,59091,59091,389842270,389842611,389842278,389842619,0,0,0,0,0,0,0,0,4096,256,131072,4,15|4,0,67108864,262144,256,0,0,0,0,900,0,888,0,225,222,0,1,900,0|386,434543719,12,58275008,0,0,0,0,0,61835809,0,222,0,3194503551,0,3194503551,0,2080,3172182391,0,35548474,0,0,0,0,0
1785953718366|1014|stream64_r2f_04|fixed|334,1378943233,16781056,68878213,67925716,782249,0,782249,0,16602,0,8301,0,0,0,64944,64944,53034600,0,4096,0,0,0,8301,0,724349897,0,724349905,0,0,0,0,0,0,0,0,0,4096,256,131072,4,15|4,0,67108864,262144,256,0,0,0,0,988,0,976,0,247,244,0,1,988,0|388,1433524488,12,0,0,63963136,0,63963136,0,195680,0,0,244,0,0,0,0,0,0,0,7361975,0,0,0,0,0
1785953718366|1014|stream64_r2f_04|rotating|334,1378943233,33554687,68953230,67999912,68170228,67999912,68170228,67999912,65261,65015,65015,65015,0,0,8309,0,2006886165,2002897592,4096,4096,0,0,65015,65015,710815037,710815354,710815045,710815362,0,0,0,0,0,0,0,0,4096,256,131072,4,15|4,0,67108864,262144,256,0,0,0,0,988,0,976,0,247,244,0,1,988,0|388,755524710,12,64113312,0,0,0,0,0,68032329,0,244,0,3514024966,0,3514024966,0,2080,3490021125,0,38383916,0,0,0,0,0
1785953726948|1015|stream64_r2f_05|fixed|338,1378943233,16781056,6140081,6055263,69643,0,69643,0,1478,0,739,0,0,0,5788,5788,4721392,0,4096,0,0,0,739,0,1273534997,0,1273535005,0,0,0,0,0,0,0,0,0,4096,256,131072,4,15|4,0,67108864,262144,256,0,0,0,0,96,0,84,0,24,21,0,1,100,0|396,1984338815,12,0,0,5767168,0,5767168,0,17645,0,0,22,0,0,0,0,0,0,0,6893050,0,0,0,0,0
1785953726948|1015|stream64_r2f_05|rotating|338,1378943233,33554687,6246604,6159892,6175738,6159892,6175738,6159892,5912,5889,5888,5888,0,0,752,0,181768274,181408341,4096,4096,0,0,5889,5889,1261829409,1261829406,1261829425,1261829414,0,0,0,0,0,0,0,0,4096,256,131072,4,15|4,0,67108864,262144,256,0,0,0,0,100,0,88,0,25,22,0,1,100,0|396,1306477387,12,5838304,0,0,0,0,0,6195467,0,22,0,324652238,0,324652238,0,2080,317780221,0,9756870,0,0,0,0,0
1785953731960|1015|stream64_r2f_05|fixed|340,1378943233,16781056,12413700,12242014,140976,0,140976,0,2992,0,1496,0,0,0,11706,11706,9557856,0,4096,0,0,0,1496,0,1594184732,0,1594184740,0,0,0,0,0,0,0,0,0,4096,256,131072,4,15|4,0,67108864,262144,256,0,0,0,0,188,0,176,0,47,44,0,1,188,0|398,2303634910,12,0,0,11534336,0,11534336,0,35385,0,0,44,0,0,0,0,0,0,0,6944661,0,0,0,0,0
1785953731960|1015|stream64_r2f_05|rotating|340,1378943233,33554687,12489308,12316763,12347482,12316763,12347482,12316763,11823,11778,11777,11777,0,0,1505,0,363543599,362824626,4096,4096,0,0,11778,11778,1580913725,1580913730,1580913733,1580913738,0,0,0,0,0,0,0,0,4096,256,131072,4,15|4,0,67108864,262144,256,0,0,0,0,188,0,176,0,47,44,0,1,188,0|398,1625564608,12,11644992,0,0,0,0,0,12351511,0,44,0,642287787,0,642287787,0,2080,633725244,0,12593369,0,0,0,0,0
1785953736961|1015|stream64_r2f_05|fixed|342,1378943233,16781056,18681074,18422346,212124,0,212124,0,4502,0,2251,0,0,0,17616,17616,14381512,0,4096,0,0,0,2251,0,1914422425,0,1914422433,0,0,0,0,0,0,0,0,0,4096,256,131072,4,15|4,0,67108864,262144,256,0,0,0,0,276,0,264,0,69,66,0,1,276,0|400,2623958300,12,0,0,17301504,0,17301504,0,53172,0,0,66,0,0,0,0,0,0,0,6990191,0,0,0,0,0
1785953736961|1015|stream64_r2f_05|rotating|342,1378943233,33554687,18749564,18490017,18536684,18490017,18536684,18490017,17748,17683,17680,17680,0,0,2259,0,545766352,544689872,4096,4096,0,0,17681,17681,1900769637,1900769626,1900769613,1900769634,0,0,0,0,0,0,0,0,4096,256,131072,4,15|4,0,67108864,262144,256,0,0,0,0,276,0,264,0,69,66,0,1,276,0|400,1945486144,12,17467488,0,0,0,0,0,18525776,0,66,0,960753699,0,960753699,0,2080,950505600,0,15428292,0,0,0,0,0
1785953741976|1015|stream64_r2f_05|fixed|344,1378943233,16781056,24959896,24615383,283461,0,283461,0,6016,0,3008,0,0,0,23537,23537,19217944,0,4096,0,0,0,3008,0,2235396358,0,2235396366,0,0,0,0,0,0,0,0,0,4096,256,131072,4,15|4,0,67108864,262144,256,0,0,0,0,364,0,352,0,91,88,0,1,364,0|402,2944541188,12,0,0,23068672,0,23068672,0,70983,0,0,88,0,0,0,0,0,0,0,7024893,0,0,0,0,0
1785953741976|1015|stream64_r2f_05|rotating|344,1378943233,33554687,25027170,24681976,24742953,24681976,24742953,24681976,23690,23603,23600,23600,0,0,3016,0,728498895,727063306,4096,4096,0,0,23601,23601,2221520523,2221520536,2221520531,2221520552,0,0,0,0,0,0,0,0,4096,256,131072,4,15|4,0,67108864,262144,256,0,0,0,0,364,0,352,0,91,88,0,1,364,0|402,2266426980,12,23297888,0,0,0,0,0,24720620,0,88,0,1280236935,0,1280236935,0,2054,1268303171,0,18265021,0,0,0,0,0
1785953746978|1015|stream64_r2f_05|fixed|346,1378943233,16781056,31227413,30795670,354612,0,354612,0,7526,0,3763,0,0,0,29445,29445,24041576,0,4096,0,0,0,3763,0,2555514678,0,2555514686,0,0,0,0,0,0,0,0,0,4096,256,131072,4,15|4,0,67108864,262144,256,0,0,0,0,452,0,440,0,113,110,0,1,452,0|404,3265385439,12,0,0,28835840,0,28835840,0,88817,0,0,110,0,0,0,0,0,0,0,7073347,0,0,0,0,0
1785953746978|1015|stream64_r2f_05|rotating|346,1378943233,33554687,31317706,30884139,30962062,30884139,30962062,30884139,29643,29533,29530,29530,0,0,3774,0,911543055,909730890,4096,4096,0,0,29531,29531,2542940254,2542940267,2542940262,2542940275,0,0,0,0,0,0,0,0,4096,256,131072,4,15|4,0,67108864,262144,256,0,0,0,0,456,0,444,0,114,111,0,1,456,0|404,2588179506,12,29153312,0,0,0,0,0,30929254,0,111,0,1600525605,0,1600525605,0,2080,1586773233,0,21235487,0,0,0,0,0
1785953752007|1015|stream64_r2f_05|fixed|348,1378943233,16781056,37526945,37006988,426132,0,426132,0,9044,0,4522,0,0,0,35385,35385,28890792,0,4096,0,0,0,4522,0,2877025568,0,2877025576,0,0,0,0,0,0,0,0,0,4096,256,131072,4,15|4,0,67108864,262144,256,0,0,0,0,544,0,532,0,136,133,0,1,544,0|406,3586705993,12,0,0,34865152,0,34865152,0,106674,0,0,133,0,0,0,0,0,0,0,7121222,0,0,0,0,0
1785953752007|1015|stream64_r2f_05|rotating|348,1378943233,33554687,37601256,37080470,37174274,37080470,37174274,37080470,35590,35458,35455,35455,0,0,4531,0,1094431285,1092260112,4096,4096,0,0,35456,35456,2863962648,2863962637,2863962656,2863962645,0,0,0,0,0,0,0,0,4096,256,131072,4,15|4,0,67108864,262144,256,0,0,0,0,544,0,532,0,136,133,0,1,544,0|406,2908650132,12,34983712,0,0,0,0,0,37114927,0,133,0,1919538631,0,1919538631,0,2080,1904099323,0,24073487,0,0,0,0,0
1785953757013|1015|stream64_r2f_05|fixed|350,1378943233,16781056,43800942,43195505,497375,0,497375,0,10556,0,5278,0,0,0,41301,41301,33720848,0,4096,0,0,0,5278,0,3197690849,0,3197690857,0,0,0,0,0,0,0,0,0,4096,256,131072,4,15|4,0,67108864,262144,256,0,0,0,0,632,0,620,0,158,155,0,1,632,0|408,3907463263,12,0,0,40632320,0,40632320,0,124509,0,0,155,0,0,0,0,0,0,0,7167249,0,0,0,0,0
1785953757013|1015|stream64_r2f_05|rotating|350,1378943233,33558272,43893165,43286764,43394751,43286764,43394751,43286764,41544,41390,41388,41388,0,0,5289,0,1277567824,1275038000,4096,4096,0,0,41388,41388,3185392431,3185392748,3185392439,3185392756,0,0,0,0,0,0,0,0,4096,256,131072,4,15|4,0,67108864,262144,256,0,0,0,0,632,0,620,0,158,155,0,1,632,0|408,3230156362,12,40829920,0,0,0,0,0,43321824,0,155,0,2239583309,0,2239583309,0,2080,2222467108,0,26904838,0,0,0,0,0
1785953762032|1015|stream64_r2f_05|fixed|352,1378943233,16781056,50086203,49395483,568807,0,568807,0,12072,0,6036,0,0,0,47227,47227,38563672,0,4096,0,0,0,6036,0,3519091954,0,3519091962,0,0,0,0,0,0,0,0,0,4096,256,131072,4,15|4,0,67108864,262144,256,0,0,0,0,720,0,708,0,180,177,0,1,720,0|410,4228239212,12,0,0,46399488,0,46399488,0,142320,0,0,177,0,0,0,0,0,0,0,7213385,0,0,0,0,0
1785953762032|1015|stream64_r2f_05|rotating|352,1378943233,33554687,50157722,49466330,49588161,49466330,49588161,49466330,47474,47297,47294,47294,0,0,6044,0,1459888182,1457000721,4096,4096,0,0,47295,47295,3505434632,3505434629,3505434640,3505434637,0,0,0,0,0,0,0,0,4096,256,131072,4,15|4,0,67108864,262144,256,0,0,0,0,720,0,708,0,180,177,0,1,720,0|410,3550210974,12,46652416,0,0,0,0,0,49500457,0,177,0,2558182297,0,2558182297,0,2080,2539381321,0,29738980,0,0,0,0,0
1785953767058|1015|stream64_r2f_05|fixed|354,1378943233,16781056,56381970,55604003,640236,0,640236,0,13588,0,6794,0,0,0,53163,53163,43406432,0,4096,0,0,0,6794,0,3840497346,0,3840497354,0,0,0,0,0,0,0,0,0,4096,256,131072,4,15|5,0,67108864,262144,256,0,0,0,0,812,0,800,0,203,200,0,1,812,0|412,255884369,13,0,0,52428800,0,52428800,0,160270,0,0,200,0,0,0,0,0,0,0,7269050,0,0,0,0,0
1785953767058|1015|stream64_r2f_05|rotating|354,1378943233,33554687,56482222,55702218,55840762,55702218,55840762,55702218,53461,53262,53258,53258,0,0,6807,0,1643970153,1640707764,4096,4096,0,0,53259,53259,3828664227,3828664240,3828664235,3828664248,0,0,0,0,0,0,0,0,4096,256,131072,4,15|4,0,67108864,262144,256,0,0,0,0,812,0,800,0,203,200,0,1,812,0|412,3874069518,12,52539456,0,0,0,0,0,55749109,0,200,0,2880569081,0,2880569081,0,2080,2859959899,0,32705832,0,0,0,0,0
1785953772058|1015|stream64_r2f_05|fixed|356,1378943233,16781056,62648040,61781773,711477,0,711477,0,15100,0,7550,0,0,0,59070,59070,48236488,0,4096,0,0,0,7550,0,4160847096,0,4160847104,0,0,0,0,0,0,0,0,0,4096,256,131072,4,15|4,0,67108864,262144,256,0,0,0,0,900,0,888,0,225,222,0,1,900,0|414,575170327,13,0,0,58195968,0,58195968,0,178010,0,0,222,0,0,0,0,0,0,0,7312280,0,0,0,0,0
1785953772058|1015|stream64_r2f_05|rotating|356,1378943233,33554687,62715768,61848628,62003536,61848628,62003536,61848628,59359,59138,59134,59134,0,0,7558,0,1825372504,1821750810,4096,4096,0,0,59135,59135,4147092446,4147092427,4147092430,4147092435,0,0,0,0,0,0,0,0,4096,256,131072,4,15|4,0,67108864,262144,256,0,0,0,0,900,0,888,0,225,222,0,1,900,0|414,4191739663,12,58314528,0,0,0,0,0,61880832,0,222,0,3196795458,0,3196795458,0,2080,3174484421,0,35546872,0,0,0,0,0
1785953777070|1015|stream64_r2f_05|fixed|358,1378943233,16781056,68925166,67972320,782720,0,782720,0,16612,0,8306,0,0,0,64988,64988,53066576,0,4096,0,0,0,8306,0,186426803,0,186426811,0,0,0,0,0,0,0,0,0,4096,256,131072,4,15|4,0,67108864,262144,256,0,0,0,0,988,0,976,0,247,244,0,1,988,0|416,895740392,13,0,0,63963136,0,63963136,0,195821,0,0,244,0,0,0,0,0,0,0,7361456,0,0,0,0,0
1785953777070|1015|stream64_r2f_05|rotating|358,1378943233,33554687,68998294,68044517,68214724,68044517,68214724,68044517,65304,65061,65057,65057,0,0,8315,0,2008204552,2004222883,4096,4096,0,0,65058,65058,173046871,173046884,173046879,173046892,0,0,0,0,0,0,0,0,4096,256,131072,4,15|4,0,67108864,262144,256,0,0,0,0,988,0,976,0,247,244,0,1,988,0|416,217781821,13,64152832,0,0,0,0,0,68077934,0,244,0,3516345336,0,3516345336,0,2058,3492347489,0,38386443,0,0,0,0,0
1785953785459|1016|stream64_r2f_06|fixed|362,1378943233,16781056,6145445,6060446,69643,0,69643,0,1478,0,739,0,0,0,5793,5793,4721392,0,4096,0,0,0,739,0,723248021,0,723248029,0,0,0,0,0,0,0,0,0,4096,256,131072,4,15|4,0,67108864,262144,256,0,0,0,0,96,0,84,0,24,21,0,1,96,0|424,1432760489,13,0,0,5505024,0,5505024,0,17551,0,0,21,0,0,0,0,0,0,0,6889248,0,0,0,0,0
1785953785459|1016|stream64_r2f_06|rotating|362,1378943233,33554687,6235436,6148616,6164665,6148616,6164665,6148616,5901,5878,5878,5877,0,0,751,0,181438165,181079032,4096,4096,0,0,5878,5878,710967779,710967856,710967787,710967864,0,0,0,0,0,0,0,0,4096,256,131072,4,15|4,0,67108864,262144,256,0,0,0,0,100,0,88,0,25,22,0,1,100,0|424,756367973,13,5846208,0,0,0,0,0,6199043,0,22,0,324834818,0,324834818,0,2080,317954687,0,9766644,0,0,0,0,0
1785953790471|1016|stream64_r2f_06|fixed|364,1378943233,16781056,12416855,12245194,140976,0,140976,0,2992,0,1496,0,0,0,11709,11709,9557856,0,4096,0,0,0,1496,0,1043893759,0,1043893767,0,0,0,0,0,0,0,0,0,4096,256,131072,4,15|4,0,67108864,262144,256,0,0,0,0,188,0,176,0,47,44,0,1,188,0|426,1753358193,13,0,0,11534336,0,11534336,0,35385,0,0,44,0,0,0,0,0,0,0,6942639,0,0,0,0,0
1785953790471|1016|stream64_r2f_06|rotating|364,1378943233,33554687,12488153,12315639,12346327,12315639,12346327,12315639,11822,11777,11776,11776,0,0,1505,0,363507593,362788732,4096,4096,0,0,11777,11777,1030565289,1030565286,1030565297,1030565294,0,0,0,0,0,0,0,0,4096,256,131072,4,15|4,0,67108864,262144,256,0,0,0,0,188,0,176,0,47,44,0,1,188,0|426,1076124110,13,11660800,0,0,0,0,0,12368317,0,44,0,643137307,0,643137307,0,2080,634573921,0,12597569,0,0,0,0,0
1785953795471|1016|stream64_r2f_06|fixed|366,1378943233,16781056,18680124,18421697,212124,0,212124,0,4502,0,2251,0,0,0,17615,17615,14381512,0,4096,0,0,0,2251,0,1364131645,0,1364131653,0,0,0,0,0,0,0,0,0,4096,256,131072,4,15|4,0,67108864,262144,256,0,0,0,0,276,0,264,0,69,66,0,1,276,0|428,2073477011,13,0,0,17301504,0,17301504,0,53172,0,0,66,0,0,0,0,0,0,0,6982937,0,0,0,0,0
1785953795471|1016|stream64_r2f_06|rotating|366,1378943233,33558272,18756151,18496808,18543178,18496808,18543178,18496808,17754,17687,17687,17687,0,0,2260,0,545961856,544885472,4096,4096,0,0,17687,17687,1350813347,1350813688,1350813355,1350813696,0,0,0,0,0,0,0,0,4096,256,131072,4,15|4,0,67108864,262144,256,0,0,0,0,276,0,264,0,69,66,0,1,276,0|428,1395580914,13,17467488,0,0,0,0,0,18533332,0,66,0,961142439,0,961142439,0,2080,950889870,0,15432725,0,0,0,0,0
1785953800481|1016|stream64_r2f_06|fixed|368,1378943233,16781056,24957073,24612329,283368,0,283368,0,6014,0,3007,0,0,0,23534,23534,19211544,0,4096,0,0,0,3007,0,1684677057,0,1684677065,0,0,0,0,0,0,0,0,0,4096,256,131072,4,15|4,0,67108864,262144,256,0,0,0,0,364,0,352,0,91,88,0,1,364,0|430,2394045786,13,0,0,23068672,0,23068672,0,70983,0,0,88,0,0,0,0,0,0,0,7032532,0,0,0,0,0
1785953800481|1016|stream64_r2f_06|rotating|368,1378943233,33554687,25031418,24685941,24747201,24685941,24747201,24685941,23695,23605,23604,23604,0,0,3016,0,728614936,727180440,4096,4096,0,0,23605,23605,1671440186,1671440207,1671440194,1671440159,0,0,0,0,0,0,0,0,4096,256,131072,4,15|4,0,67108864,262144,256,0,0,0,0,364,0,352,0,91,88,0,1,364,0|430,1717893794,13,23330816,0,0,0,0,0,24754852,0,89,0,1281989487,0,1281989487,0,2080,1270056827,0,18270717,0,0,0,0,0
1785953805496|1016|stream64_r2f_06|fixed|370,1378943233,16781056,31243729,30811344,354799,0,354799,0,7530,0,3765,0,0,0,29460,29460,24054328,0,4096,0,0,0,3765,0,2006083062,0,2006083070,0,0,0,0,0,0,0,0,0,4096,256,131072,4,15|4,0,67108864,262144,256,0,0,0,0,452,0,440,0,113,110,0,1,452,0|432,2715284492,13,0,0,28835840,0,28835840,0,88840,0,0,110,0,0,0,0,0,0,0,7084041,0,0,0,0,0
1785953805496|1016|stream64_r2f_06|rotating|370,1378943233,33558272,31311974,30878798,30956424,30878798,30956424,30878798,29637,29525,29525,29525,0,0,3773,0,911377088,909583792,4096,4096,0,0,29525,29525,1992227785,1992228126,1992227793,1992228134,0,0,0,0,0,0,0,0,4096,256,131072,4,15|4,0,67108864,262144,256,0,0,0,0,456,0,444,0,114,111,0,1,456,0|432,2036921915,13,29129600,0,0,0,0,0,30910334,0,111,0,1599567912,0,1599567912,0,2080,1585806511,0,21239388,0,0,0,0,0
1785953810503|1016|stream64_r2f_06|fixed|372,1378943233,16781056,37512562,36994251,425944,0,425944,0,9040,0,4520,0,0,0,35372,35372,28878000,0,4096,0,0,0,4520,0,2326201237,0,2326201245,0,0,0,0,0,0,0,0,0,4096,256,131072,4,15|4,0,67108864,262144,256,0,0,0,0,544,0,532,0,136,133,0,1,544,0|434,3035648133,13,0,0,34865152,0,34865152,0,106651,0,0,133,0,0,0,0,0,0,0,7130131,0,0,0,0,0
1785953810503|1016|stream64_r2f_06|rotating|372,1378943233,33554687,37585720,37065873,37158928,37065873,37158928,37065873,35576,35441,35441,35441,0,0,4529,0,1093992887,1091822770,4096,4096,0,0,35441,35441,2312899343,2312899676,2312899351,2312899684,0,0,0,0,0,0,0,0,4096,256,131072,4,15|4,0,67108864,262144,256,0,0,0,0,544,0,532,0,136,133,0,1,544,0|434,2357642350,13,34967904,0,0,0,0,0,37100632,0,133,0,1918828771,0,1918828771,0,2080,1903380919,0,24078600,0,0,0,0,0
1785953815512|1016|stream64_r2f_06|fixed|374,1378943233,16781056,43788495,43184072,497280,0,497280,0,10554,0,5277,0,0,0,41290,41290,33714448,0,4096,0,0,0,5277,0,2646974810,0,2646974818,0,0,0,0,0,0,0,0,0,4096,256,131072,4,15|4,0,67108864,262144,256,0,0,0,0,632,0,620,0,158,155,0,1,632,0|436,3357470226,13,0,0,40632320,0,40632320,0,124532,0,0,155,0,0,0,0,0,0,0,7182872,0,0,0,0,0
1785953815512|1016|stream64_r2f_06|rotating|374,1378943233,33554687,43900879,43295219,43402371,43295219,43402371,43295219,41553,41396,41396,41396,0,0,5290,0,1277809893,1275278440,4096,4096,0,0,41396,41396,2635537162,2635537495,2635537170,2635537503,0,0,0,0,0,0,0,0,4096,256,131072,4,15|4,0,67108864,262144,256,0,0,0,0,632,0,620,0,158,155,0,1,632,0|436,2680297058,13,40837824,0,0,0,0,0,43329966,0,155,0,2240015999,0,2240015999,0,2080,2222892542,0,26913754,0,0,0,0,0
1785953820513|1016|stream64_r2f_06|fixed|376,1378943233,16781056,50050632,49360873,568429,0,568429,0,12064,0,6032,0,0,0,47194,47194,38538096,0,4096,0,0,0,6032,0,2967090547,0,2967090555,0,0,0,0,0,0,0,0,0,4096,256,131072,4,15|4,0,67108864,262144,256,0,0,0,0,720,0,708,0,180,177,0,1,720,0|438,3676214638,13,0,0,46399488,0,46399488,0,142225,0,0,177,0,0,0,0,0,0,0,7238699,0,0,0,0,0
1785953820513|1016|stream64_r2f_06|rotating|376,1378943233,33554687,50126190,49435727,49557005,49435727,49557005,49435727,47445,47266,47265,47265,0,0,6040,0,1458987807,1456096048,4096,4096,0,0,47266,47266,2953590033,2953590046,2953590041,2953590022,0,0,0,0,0,0,0,0,4096,256,131072,4,15|4,0,67108864,262144,256,0,0,0,0,720,0,708,0,180,177,0,1,720,0|438,2998259742,13,46620800,0,0,0,0,0,49467780,0,177,0,2556532939,0,2556532939,0,2080,2537712292,0,29751826,0,0,0,0,0
1785953825514|1016|stream64_r2f_06|fixed|378,1378943233,16781056,56314909,55538315,639484,0,639484,0,13572,0,6786,0,0,0,53101,53101,43355368,0,4096,0,0,0,6786,0,3286776408,0,3286776424,0,0,0,0,0,0,0,0,0,4096,256,131072,4,15|4,0,67108864,262144,256,0,0,0,0,808,0,796,0,202,199,0,1,808,0|440,3996485599,13,0,0,52166656,0,52166656,0,160035,0,0,199,0,0,0,0,0,0,0,7284532,0,0,0,0,0
1785953825514|1016|stream64_r2f_06|rotating|378,1378943233,33554687,56392781,55614934,55752357,55614934,55752357,55614934,53376,53175,53174,53174,0,0,6796,0,1641384536,1638133757,4096,4096,0,0,53175,53175,3273756037,3273756026,3273756029,3273756034,0,0,0,0,0,0,0,0,4096,256,131072,4,15|4,0,67108864,262144,256,0,0,0,0,812,0,800,0,203,200,0,1,812,0|440,3318283686,13,52436704,0,0,0,0,0,55641488,0,200,0,2875102907,0,2875102907,0,2080,2854457960,0,32719499,0,0,0,0,0
1785953830522|1016|stream64_r2f_06|fixed|380,1378943233,16781056,62592445,61728492,710818,0,710818,0,15086,0,7543,0,0,0,59019,59019,48191760,0,4096,0,0,0,7543,0,3607750495,0,3607750503,0,0,0,0,0,0,0,0,0,4096,256,131072,4,15|5,0,67108864,262144,256,0,0,0,0,900,0,888,0,225,222,0,1,900,0|442,22874101,14,0,0,58195968,0,58195968,0,177892,0,0,222,0,0,0,0,0,0,0,7338833,0,0,0,0,0
1785953830522|1016|stream64_r2f_06|rotating|380,1378943233,33558272,62684334,61818777,61972480,61818777,61972480,61818777,59331,59106,59106,59106,0,0,7554,0,1824486856,1820859952,4096,4096,0,0,59106,59106,3595256280,3595256581,3595256288,3595256597,0,0,0,0,0,0,0,0,4096,256,131072,4,15|4,0,67108864,262144,256,0,0,0,0,900,0,888,0,225,222,0,1,900,0|442,3640727878,13,58298720,0,0,0,0,0,61866887,0,222,0,3196081595,0,3196081595,0,2080,3173757546,0,35556453,0,0,0,0,0
1785953835541|1016|stream64_r2f_06|fixed|382,1378943233,16781056,68877585,67926101,782154,0,782154,0,16600,0,8300,0,0,0,64943,64943,53028200,0,4096,0,0,0,8300,0,3928527065,0,3928527073,0,0,0,0,0,0,0,0,0,4096,256,131072,4,15|4,0,67108864,262144,256,0,0,0,0,988,0,976,0,247,244,0,1,988,0|444,343341292,14,0,0,63963136,0,63963136,0,195703,0,0,244,0,0,0,0,0,0,0,7373026,0,0,0,0,0
1785953835541|1016|stream64_r2f_06|rotating|382,1378943233,33554687,69015943,68062971,68232185,68062971,68232185,68062971,65322,65075,65074,65074,0,0,8317,0,2008708480,2004722200,4096,4096,0,0,65075,65075,3918614003,3918614032,3918614011,3918614008,0,0,0,0,0,0,0,0,4096,256,131072,4,15|4,0,67108864,262144,256,0,0,0,0,988,0,976,0,247,244,0,1,988,0|444,3966338913,13,64223968,0,0,0,0,0,68154665,0,244,0,3520211318,0,3520211318,0,2080,3496222006,0,38393144,0,0,0,0,0
1785953844046|1017|stream64_r2f_07|fixed|386,1378943233,16781056,6140215,6054622,69549,0,69549,0,1476,0,738,0,0,0,5782,5782,4715016,0,4096,0,0,0,738,0,178088275,0,178088291,0,0,0,0,0,0,0,0,0,4096,256,131072,4,15|4,0,67108864,262144,256,0,0,0,0,96,0,84,0,24,21,0,1,96,0|452,887469070,14,0,0,5505024,0,5505024,0,17528,0,0,21,0,0,0,0,0,0,0,6890735,0,0,0,0,0
1785953844046|1017|stream64_r2f_07|rotating|386,1378943233,33558272,6214236,6126976,6143748,6126976,6143748,6126976,5874,5852,5852,5852,0,0,748,0,180639816,180280632,4096,4096,0,0,5852,5852,164717246,164695827,164717262,164695835,0,0,0,0,0,0,0,0,4096,256,131072,4,15|4,0,67108864,262144,256,0,0,0,0,100,0,88,0,25,22,0,1,100,0|452,209551553,14,5806688,0,0,0,0,0,6164310,0,22,0,322751365,0,322751365,0,2080,315868541,0,9760902,0,0,0,0,0
1785953849046|1017|stream64_r2f_07|fixed|388,1378943233,16781056,12410274,12237502,140693,0,140693,0,2986,0,1493,0,0,0,11691,11691,9538672,0,4096,0,0,0,1493,0,498209244,0,498209252,0,0,0,0,0,0,0,0,0,4096,256,131072,4,15|5,0,67108864,262144,256,0,0,0,0,188,0,176,0,47,44,0,1,188,0|454,1207405808,14,0,0,11534336,0,11534336,0,35314,0,0,44,0,0,0,0,0,0,0,6936334,0,0,0,0,0
1785953849046|1017|stream64_r2f_07|rotating|388,1378943233,33554687,12473375,12299217,12331926,12299217,12331926,12299217,11796,11751,11750,11750,0,0,1501,0,362711453,361992488,4096,4096,0,0,11751,11751,484460825,484460814,484460833,484460830,0,0,0,0,0,0,0,0,4096,256,131072,4,15|4,0,67108864,262144,256,0,0,0,0,188,0,176,0,47,44,0,1,188,0|454,529806228,14,11629184,0,0,0,0,0,12348765,0,44,0,641550416,0,641550416,0,2080,632973693,0,12604168,0,0,0,0,0
1785953854059|1017|stream64_r2f_07|fixed|390,1378943233,16781056,18689490,18429058,212030,0,212030,0,4500,0,2250,0,0,0,17607,17607,14375120,0,4096,0,0,0,2250,0,818985877,0,818985885,0,0,0,0,0,0,0,0,0,4096,256,131072,4,15|4,0,67108864,262144,256,0,0,0,0,276,0,264,0,69,66,0,1,276,0|456,1528487155,14,0,0,17301504,0,17301504,0,53149,0,0,66,0,0,0,0,0,0,0,6977138,0,0,0,0,0
1785953854059|1017|stream64_r2f_07|rotating|390,1378943233,33554687,18764590,18503242,18551710,18503242,18551710,18503242,17745,17678,17677,17677,0,0,2259,0,545673947,544595702,4096,4096,0,0,17678,17678,805605642,805605655,805605650,805605663,0,0,0,0,0,0,0,0,4096,256,131072,4,15|4,0,67108864,262144,256,0,0,0,0,276,0,264,0,69,66,0,1,276,0|456,850113685,14,17459584,0,0,0,0,0,18536603,0,66,0,960400273,0,960400273,0,2080,950137739,0,15441043,0,0,0,0,0
1785953859068|1017|stream64_r2f_07|fixed|392,1378943233,16781056,24973161,24627244,283273,0,283273,0,6012,0,3006,0,0,0,23526,23526,19205160,0,4096,0,0,0,3006,0,1139530999,0,1139531007,0,0,0,0,0,0,0,0,0,4096,256,131072,4,15|4,0,67108864,262144,256,0,0,0,0,364,0,352,0,91,88,0,1,364,0|458,1849180538,14,0,0,23068672,0,23068672,0,70983,0,0,88,0,0,0,0,0,0,0,7026201,0,0,0,0,0
1785953859068|1017|stream64_r2f_07|rotating|392,1378943233,33558272,25041278,24694645,24757249,24694645,24757249,24694645,23680,23591,23591,23591,0,0,3014,0,728208792,726769856,4096,4096,0,0,23591,23591,1125999103,1125999444,1125999111,1125999452,0,0,0,0,0,0,0,0,4096,256,131072,4,15|4,0,67108864,262144,256,0,0,0,0,364,0,352,0,91,88,0,1,364,0|458,1170726133,14,23289984,0,0,0,0,0,24731039,0,88,0,1279555121,0,1279555121,0,2080,1267605957,0,18278737,0,0,0,0,0
1785953864070|1017|stream64_r2f_07|fixed|394,1378943233,16781056,31248004,30814614,354517,0,354517,0,7524,0,3762,0,0,0,29436,29436,24035192,0,4096,0,0,0,3762,0,1460073514,0,1460073522,0,0,0,0,0,0,0,0,0,4096,256,131072,4,15|4,0,67108864,262144,256,0,0,0,0,452,0,440,0,113,110,0,1,452,0|460,2169242765,14,0,0,28835840,0,28835840,0,88746,0,0,110,0,0,0,0,0,0,0,7067570,0,0,0,0,0
1785953864070|1017|stream64_r2f_07|rotating|394,1378943233,33556599,31336002,30901806,30980546,30901806,30980546,30901806,29631,29520,29519,29519,0,0,3772,0,911195069,909396520,4096,4096,0,0,29520,29520,1447205310,1447205299,1447205318,1447205307,0,0,0,0,0,0,0,0,4096,256,131072,4,15|4,0,67108864,262144,256,0,0,0,0,456,0,444,0,114,111,0,1,456,0|460,1492398649,14,29137504,0,0,0,0,0,30944241,0,111,0,1599765757,0,1599765757,0,2080,1586001895,0,21243596,0,0,0,0,0
1785953869077|1017|stream64_r2f_07|fixed|396,1378943233,16781056,37526231,37007055,425662,0,425662,0,9034,0,4517,0,0,0,35350,35350,28858824,0,4096,0,0,0,4517,0,1780186657,0,1780186665,0,0,0,0,0,0,0,0,0,4096,256,131072,4,15|5,0,67108864,262144,256,0,0,0,0,544,0,532,0,136,133,0,1,544,0|462,2489643282,14,0,0,34865152,0,34865152,0,106580,0,0,133,0,0,0,0,0,0,0,7111992,0,0,0,0,0
1785953869077|1017|stream64_r2f_07|rotating|396,1378943233,33558272,37606638,37085831,37179940,37085831,37179940,37085831,35560,35427,35426,35426,0,0,4528,0,1093531184,1091358472,4096,4096,0,0,35426,35426,1767370807,1767371148,1767370815,1767371156,0,0,0,0,0,0,0,0,4096,256,131072,4,15|4,0,67108864,262144,256,0,0,0,0,544,0,532,0,136,133,0,1,544,0|462,1812701365,14,34960000,0,0,0,0,0,37132174,0,133,0,1918612849,0,1918612849,0,2080,1903162936,0,24079014,0,0,0,0,0
1785953874082|1017|stream64_r2f_07|fixed|398,1378943233,16781056,43795143,43189447,496903,0,496903,0,10546,0,5273,0,0,0,41256,41256,33688864,0,4096,0,0,0,5273,0,2100533347,0,2100533355,0,0,0,0,0,0,0,0,0,4096,256,131072,4,15|4,0,67108864,262144,256,0,0,0,0,632,0,620,0,158,155,0,1,632,0|464,2809827850,14,0,0,40632320,0,40632320,0,124367,0,0,155,0,0,0,0,0,0,0,7155766,0,0,0,0,0
1785953874082|1017|stream64_r2f_07|rotating|398,1378943233,33554687,43867902,43261427,43370243,43261427,43370243,43261427,41481,41326,41324,41324,0,0,5281,0,1275609561,1273078572,4096,4096,0,0,41325,41325,2086991885,2086991866,2086991893,2086991882,0,0,0,0,0,0,0,0,4096,256,131072,4,15|4,0,67108864,262144,256,0,0,0,0,632,0,620,0,158,155,0,1,632,0|464,2132390416,14,40774592,0,0,0,0,0,43309251,0,155,0,2236848252,0,2236848252,0,2080,2219709311,0,26915712,0,0,0,0,0
1785953879097|1017|stream64_r2f_07|fixed|400,1378943233,16781056,50102277,49408566,568429,0,568429,0,12064,0,6032,0,0,0,47196,47196,38538096,0,4096,0,0,0,6032,0,2422361019,0,2422361027,0,0,0,0,0,0,0,0,0,4096,256,131072,4,15|4,0,67108864,262144,256,0,0,0,0,720,0,708,0,180,177,0,1,720,0|466,3130652863,14,0,0,46399488,0,46399488,0,142178,0,0,177,0,0,0,0,0,0,0,7200255,0,0,0,0,0
1785953879097|1017|stream64_r2f_07|rotating|400,1378943233,33554687,50160203,49465813,49591113,49465813,49591113,49465813,47430,47253,47251,47251,0,0,6039,0,1458559447,1455670146,4096,4096,0,0,47252,47252,2408114575,2408114580,2408114583,2408114588,0,0,0,0,0,0,0,0,4096,256,131072,4,15|4,0,67108864,262144,256,0,0,0,0,720,0,708,0,180,177,0,1,720,0|466,2452893839,14,46604992,0,0,0,0,0,49502288,0,177,0,2555894075,0,2555894075,0,2080,2537075266,0,29746644,0,0,0,0,0
1785953884104|1017|stream64_r2f_07|fixed|402,1378943233,16781056,56357772,55577695,639484,0,639484,0,13572,0,6786,0,0,0,53095,53095,43355368,0,4096,0,0,0,6786,0,2742044174,0,2742044190,0,0,0,0,0,0,0,0,0,4096,256,131072,4,15|4,0,67108864,262144,256,0,0,0,0,808,0,796,0,202,199,0,1,808,0|468,3451248301,14,0,0,52166656,0,52166656,0,160012,0,0,199,0,0,0,0,0,0,0,7248380,0,0,0,0,0
1785953884104|1017|stream64_r2f_07|rotating|402,1378943233,33554687,56432779,55651914,55792543,55651914,55792543,55651914,53366,53168,53166,53166,0,0,6794,0,1641126400,1637878787,4096,4096,0,0,53166,53166,2728566566,2728566915,2728566574,2728566923,0,0,0,0,0,0,0,0,4096,256,131072,4,15|4,0,67108864,262144,256,0,0,0,0,808,0,796,0,202,199,0,1,808,0|468,2773127225,14,52428800,0,0,0,0,0,55683262,0,200,0,2874671509,0,2874671509,0,2080,2854166840,0,32581920,0,0,0,0,0
1785953889111|1017|stream64_r2f_07|fixed|404,1378943233,16781056,62636050,61768217,710724,0,710724,0,15084,0,7542,0,0,0,59014,59014,48185360,0,4096,0,0,0,7542,0,3062587286,0,3062587294,0,0,0,0,0,0,0,0,0,4096,256,131072,4,15|4,0,67108864,262144,256,0,0,0,0,900,0,888,0,225,222,0,1,900,0|470,3771785264,14,0,0,58195968,0,58195968,0,177822,0,0,222,0,0,0,0,0,0,0,7294169,0,0,0,0,0
1785953889111|1017|stream64_r2f_07|rotating|404,1378943233,33554687,62712108,61842644,62000442,61842644,62000442,61842644,59309,59088,59085,59085,0,0,7552,0,1823854440,1820229370,4096,4096,0,0,59086,59086,3049436470,3049436419,3049436438,3049436435,0,0,0,0,0,0,0,0,4096,256,131072,4,15|4,0,67108864,262144,256,0,0,0,0,900,0,888,0,225,222,0,1,900,0|470,3094775415,14,58282912,0,0,0,0,0,61889461,0,222,0,3194856171,0,3194856171,0,2080,3172537879,0,35547352,0,0,0,0,0
1785953894111|1017|stream64_r2f_07|fixed|406,1378943233,16781056,68897169,67942318,781871,0,781871,0,16594,0,8297,0,0,0,64916,64916,53009032,0,4096,0,0,0,8297,0,3382506712,0,3382506720,0,0,0,0,0,0,0,0,0,4096,256,131072,4,15|4,0,67108864,262144,256,0,0,0,0,988,0,976,0,247,244,0,1,988,0|472,4092294970,14,0,0,63963136,0,63963136,0,195632,0,0,244,0,0,0,0,0,0,0,7340370,0,0,0,0,0
1785953894111|1017|stream64_r2f_07|rotating|406,1378943233,33558272,68992504,68036676,68209595,68036676,68209595,68036676,65251,65008,65006,65006,0,0,8308,0,2006607016,2002623744,4096,4096,0,0,65006,65006,3370211166,3370211515,3370211174,3370211523,0,0,0,0,0,0,0,0,4096,256,131072,4,15|4,0,67108864,262144,256,0,0,0,0,988,0,976,0,247,244,0,1,988,0|472,3416300394,14,64129120,0,0,0,0,0,68097674,0,244,0,3514919598,0,3514919598,0,2080,3490916630,0,38386486,0,0,0,0,0
1785953902590|1018|stream64_r2f_08|fixed|410,1378943233,16781056,6142091,6056167,69549,0,69549,0,1476,0,738,0,0,0,5784,5784,4715016,0,4096,0,0,0,738,0,3924907228,0,3924907244,0,0,0,0,0,0,0,0,0,4096,256,131072,4,15|4,0,67108864,262144,256,0,0,0,0,96,0,84,0,24,21,0,1,96,0|480,339470308,15,0,0,5505024,0,5505024,0,17528,0,0,21,0,0,0,0,0,0,0,6889386,0,0,0,0,0
1785953902590|1018|stream64_r2f_08|rotating|410,1378943233,33554687,6214614,6127076,6144126,6127076,6144126,6127076,5876,5853,5852,5852,0,0,748,0,180646440,180288396,4096,4096,0,0,5853,5853,3911689752,3911689749,3911689728,3911689757,0,0,0,0,0,0,0,0,4096,256,131072,4,15|4,0,67108864,262144,256,0,0,0,0,100,0,88,0,25,22,0,1,100,0|480,3956485129,14,5806688,0,0,0,0,0,6166632,0,22,0,322870395,0,322870395,0,2080,315982554,0,9765891,0,0,0,0,0
1785953907602|1018|stream64_r2f_08|fixed|412,1378943233,16781056,12424051,12251029,140976,0,140976,0,2992,0,1496,0,0,0,11704,11704,9557856,0,4096,0,0,0,1496,0,4245990625,0,4245990633,0,0,0,0,0,0,0,0,0,4096,256,131072,4,15|4,0,67108864,262144,256,0,0,0,0,188,0,176,0,47,44,0,1,188,0|482,660217712,15,0,0,11534336,0,11534336,0,35362,0,0,44,0,0,0,0,0,0,0,6944122,0,0,0,0,0
1785953907602|1018|stream64_r2f_08|rotating|412,1378943233,33554687,12496853,12323059,12355122,12323059,12355122,12323059,11818,11773,11772,11772,0,0,1504,0,363397541,362680816,4096,4096,0,0,11773,11773,4232468868,4232468857,4232468876,4232468865,0,0,0,0,0,0,0,0,4096,256,131072,4,15|4,0,67108864,262144,256,0,0,0,0,188,0,176,0,47,44,0,1,188,0|482,4277170720,14,11644992,0,0,0,0,0,12359513,0,44,0,642096410,0,642096410,0,2080,633521058,0,12606163,0,0,0,0,0
1785953912617|1018|stream64_r2f_08|fixed|414,1378943233,16781056,18718645,18458480,212314,0,212314,0,4506,0,2253,0,0,0,17634,17634,14394312,0,4096,0,0,0,2253,0,272126414,0,272126422,0,0,0,0,0,0,0,0,0,4096,256,131072,4,15|4,0,67108864,262144,256,0,0,0,0,276,0,264,0,69,66,0,1,276,0|484,981741514,15,0,0,17301504,0,17301504,0,53231,0,0,66,0,0,0,0,0,0,0,6989757,0,0,0,0,0
1785953912617|1018|stream64_r2f_08|rotating|414,1378943233,33554687,18816476,18555258,18603030,18555258,18603030,18555258,17794,17727,17726,17726,0,0,2265,0,547190562,546115509,4096,4096,0,0,17727,17727,260097804,260097793,260097812,260097801,0,0,0,0,0,0,0,0,4096,256,131072,4,15|4,0,67108864,262144,256,0,0,0,0,276,0,264,0,69,66,0,1,276,0|484,306186254,15,17538624,0,0,0,0,0,18618892,0,66,0,964605832,0,964605832,0,2080,954355061,0,15446222,0,0,0,0,0
1785953917621|1018|stream64_r2f_08|fixed|416,1378943233,16781056,24984621,24638841,283461,0,283461,0,6016,0,3008,0,0,0,23537,23537,19217944,0,4096,0,0,0,3008,0,592244146,0,592244154,0,0,0,0,0,0,0,0,0,4096,256,131072,4,15|4,0,67108864,262144,256,0,0,0,0,364,0,352,0,91,88,0,1,364,0|486,1301469325,15,0,0,23068672,0,23068672,0,71007,0,0,88,0,0,0,0,0,0,0,7030437,0,0,0,0,0
1785953917621|1018|stream64_r2f_08|rotating|416,1378943233,33554687,25063087,24716551,24778776,24716551,24778776,24716551,23701,23612,23611,23611,0,0,3017,0,728838552,727405211,4096,4096,0,0,23612,23612,578966682,578966663,578966690,578966671,0,0,0,0,0,0,0,0,4096,256,131072,4,15|4,0,67108864,262144,256,0,0,0,0,364,0,352,0,91,88,0,1,364,0|486,623646206,15,23305792,0,0,0,0,0,24751970,0,88,0,1280623992,0,1280623992,0,2080,1268670644,0,18286287,0,0,0,0,0
1785953922622|1018|stream64_r2f_08|fixed|418,1378943233,16781056,31260942,30828079,354612,0,354612,0,7526,0,3763,0,0,0,29448,29448,24041576,0,4096,0,0,0,3763,0,912361910,0,912361918,0,0,0,0,0,0,0,0,0,4096,256,131072,4,15|4,0,67108864,262144,256,0,0,0,0,452,0,440,0,113,110,0,1,452,0|488,1622699612,15,0,0,28835840,0,28835840,0,88840,0,0,110,0,0,0,0,0,0,0,7070575,0,0,0,0,0
1785953922622|1018|stream64_r2f_08|rotating|418,1378943233,33554687,31350048,30915781,30994404,30915781,30994404,30915781,29646,29533,29532,29532,0,0,3774,0,911603264,909794097,4096,4096,0,0,29533,29533,899900840,899900821,899900824,899900829,0,0,0,0,0,0,0,0,4096,256,131072,4,15|4,0,67108864,262144,256,0,0,0,0,456,0,444,0,114,111,0,1,456,0|488,945441181,15,29161216,0,0,0,0,0,30967378,0,111,0,1600955111,0,1600955111,0,2080,1587184428,0,21255480,0,0,0,0,0
1785953927632|1018|stream64_r2f_08|fixed|420,1378943233,16781056,37542861,37023621,425849,0,425849,0,9038,0,4519,0,0,0,35366,35366,28871608,0,4096,0,0,0,4519,0,1232909561,0,1232909569,0,0,0,0,0,0,0,0,0,4096,256,131072,4,15|5,0,67108864,262144,256,0,0,0,0,544,0,532,0,136,133,0,1,544,0|490,1941263478,15,0,0,34865152,0,34865152,0,106556,0,0,133,0,0,0,0,0,0,0,7111280,0,0,0,0,0
1785953927632|1018|stream64_r2f_08|rotating|420,1378943233,33554926,37592802,37072190,37166292,37072190,37166292,37072190,35548,35413,35413,35413,0,0,4526,0,1093127976,1090958654,4096,4096,0,0,35413,35413,1218536469,1218536786,1218536477,1218536794,0,0,0,0,0,0,0,0,4096,256,131072,4,15|4,0,67108864,262144,256,0,0,0,0,544,0,532,0,136,133,0,1,544,0|490,1263942777,15,34952096,0,0,0,0,0,37120273,0,133,0,1918008987,0,1918008987,0,2080,1902540612,0,24095751,0,0,0,0,0
1785953932643|1018|stream64_r2f_08|fixed|422,1378943233,16781056,43820144,43213814,497186,0,497186,0,10552,0,5276,0,0,0,41279,41279,33708056,0,4096,0,0,0,5276,0,1553688814,0,1553688822,0,0,0,0,0,0,0,0,0,4096,256,131072,4,15|4,0,67108864,262144,256,0,0,0,0,632,0,620,0,158,155,0,1,632,0|492,2262944954,15,0,0,40632320,0,40632320,0,124438,0,0,155,0,0,0,0,0,0,0,7159355,0,0,0,0,0
1785953932643|1018|stream64_r2f_08|rotating|422,1378943233,33554687,43896152,43288957,43398116,43288957,43398116,43288957,41508,41352,41351,41351,0,0,5285,0,1276421555,1273892254,4096,4096,0,0,41351,41351,1540265905,1540266246,1540265921,1540266254,0,0,0,0,0,0,0,0,4096,256,131072,4,15|4,0,67108864,262144,256,0,0,0,0,632,0,620,0,158,155,0,1,632,0|492,1584939004,15,40790400,0,0,0,0,0,43322813,0,155,0,2237545638,0,2237545638,0,2080,2220389963,0,26935812,0,0,0,0,0
1785953937652|1018|stream64_r2f_08|fixed|424,1378943233,16781056,50106148,49412094,568429,0,568429,0,12064,0,6032,0,0,0,47200,47200,38538096,0,4096,0,0,0,6032,0,1874232018,0,1874232026,0,0,0,0,0,0,0,0,0,4096,256,131072,4,15|4,0,67108864,262144,256,0,0,0,0,720,0,708,0,180,177,0,1,720,0|494,2583703073,15,0,0,46399488,0,46399488,0,142249,0,0,177,0,0,0,0,0,0,0,7202074,0,0,0,0,0
1785953937652|1018|stream64_r2f_08|rotating|424,1378943233,33558272,50173940,49479127,49604755,49479127,49604755,49479127,47443,47265,47264,47264,0,0,6040,0,1458944816,1456056704,4096,4096,0,0,47264,47264,1860648090,1860648415,1860648098,1860648423,0,0,0,0,0,0,0,0,4096,256,131072,4,15|4,0,67108864,262144,256,0,0,0,0,720,0,708,0,180,177,0,1,720,0|494,1905323136,15,46620800,0,0,0,0,0,49513704,0,177,0,2556472170,0,2556472170,0,2080,2537631777,0,29771594,0,0,0,0,0
1785953942664|1018|stream64_r2f_08|fixed|426,1378943233,16781056,56387588,55606434,639673,0,639673,0,13576,0,6788,0,0,0,53116,53116,43368128,0,4096,0,0,0,6788,0,2194775802,0,2194775810,0,0,0,0,0,0,0,0,0,4096,256,131072,4,15|4,0,67108864,262144,256,0,0,0,0,808,0,796,0,202,199,0,1,808,0|496,2905010852,15,0,0,52166656,0,52166656,0,160106,0,0,199,0,0,0,0,0,0,0,7246640,0,0,0,0,0
1785953942664|1018|stream64_r2f_08|rotating|426,1378943233,33554687,56476426,55693468,55835626,55693468,55835626,55693468,53403,53202,53200,53200,0,0,6800,0,1642192400,1638926784,4096,4096,0,0,53201,53201,2182427165,2182427146,2182427157,2182427154,0,0,0,0,0,0,0,0,4096,256,131072,4,15|4,0,67108864,262144,256,0,0,0,0,812,0,800,0,203,200,0,1,812,0|496,2227164426,15,52468320,0,0,0,0,0,55728928,0,200,0,2876851580,0,2876851580,0,2080,2856196640,0,32736302,0,0,0,0,0
1785953947667|1018|stream64_r2f_08|fixed|428,1378943233,16781056,62663414,61794141,710912,0,710912,0,15088,0,7544,0,0,0,59027,59027,48198152,0,4096,0,0,0,7544,0,2515315814,0,2515315822,0,0,0,0,0,0,0,0,0,4096,256,131072,4,15|4,0,67108864,262144,256,0,0,0,0,900,0,888,0,225,222,0,1,900,0|498,3225222907,15,0,0,58195968,0,58195968,0,177916,0,0,222,0,0,0,0,0,0,0,7294863,0,0,0,0,0
1785953947667|1018|stream64_r2f_08|rotating|428,1378943233,33554687,62751189,61880100,62039241,61880100,62039241,61880100,59335,59112,59110,59110,0,0,7555,0,1824612802,1820989525,4096,4096,0,0,59111,59111,2502633165,2502633138,2502633173,2502633146,0,0,0,0,0,0,0,0,4096,256,131072,4,15|4,0,67108864,262144,256,0,0,0,0,900,0,888,0,225,222,0,1,900,0|498,2548031618,15,58306624,0,0,0,0,0,61929138,0,222,0,3196259196,0,3196259196,0,2080,3173924439,0,35568880,0,0,0,0,0
1785953952670|1018|stream64_r2f_08|fixed|430,1378943233,16781056,68957754,68000798,782342,0,782342,0,16604,0,8302,0,0,0,64956,64956,53040992,0,4096,0,0,0,8302,0,2836517929,0,2836517937,0,0,0,0,0,0,0,0,0,4096,256,131072,4,15|4,0,67108864,262144,256,0,0,0,0,988,0,976,0,247,244,0,1,988,0|500,3545895806,15,0,0,63963136,0,63963136,0,195727,0,0,244,0,0,0,0,0,0,0,7337966,0,0,0,0,0
1785953952670|1018|stream64_r2f_08|rotating|430,1378943233,33554687,69026668,68068870,68243571,68068870,68243571,68068870,65268,65024,65021,65021,0,0,8310,0,2007073404,2003090303,4096,4096,0,0,65022,65022,2822904847,2822904868,2822904855,2822904876,0,0,0,0,0,0,0,0,4096,256,131072,4,15|4,0,67108864,262144,256,0,0,0,0,988,0,976,0,247,244,0,1,988,0|500,2867533738,15,64113312,0,0,0,0,0,68102597,0,244,0,3514309644,0,3514309644,0,2080,3490286938,0,38402802,0,0,0,0,0
1785953961080|1019|stream64_r2f_09|fixed|434,1378943233,16781056,6138362,6053534,69549,0,69549,0,1476,0,738,0,0,0,5781,5781,4715016,0,4096,0,0,0,738,0,3373677048,0,3373677064,0,0,0,0,0,0,0,0,0,4096,256,131072,4,15|4,0,67108864,262144,256,0,0,0,0,96,0,84,0,24,21,0,1,96,0|508,4082978755,15,0,0,5505024,0,5505024,0,17528,0,0,21,0,0,0,0,0,0,0,6888944,0,0,0,0,0
1785953961080|1019|stream64_r2f_09|rotating|434,1378943233,33554687,6210138,6124474,6139838,6124474,6139838,6124474,5871,5849,5848,5848,0,0,746,0,180536440,180192427,4096,4096,0,0,5849,5849,3360137331,3360137328,3360137291,3360137336,0,0,0,0,0,0,0,0,4096,256,131072,4,15|4,0,67108864,262144,256,0,0,0,0,100,0,88,0,25,22,0,1,100,0|508,3405206053,15,5806688,0,0,0,0,0,6165615,0,22,0,322811922,0,322811922,0,2080,315933150,0,9756850,0,0,0,0,0
1785953966095|1019|stream64_r2f_09|fixed|436,1378943233,16781056,12426066,12253957,140976,0,140976,0,2992,0,1496,0,0,0,11706,11706,9557856,0,4096,0,0,0,1496,0,3694759221,0,3694759229,0,0,0,0,0,0,0,0,0,4096,256,131072,4,15|4,0,67108864,262144,256,0,0,0,0,188,0,176,0,47,44,0,1,188,0|510,109204238,16,0,0,11534336,0,11534336,0,35385,0,0,44,0,0,0,0,0,0,0,6943487,0,0,0,0,0
1785953966095|1019|stream64_r2f_09|rotating|436,1378943233,33554687,12493409,12320599,12351678,12320599,12351678,12320599,11815,11770,11769,11769,0,0,1504,0,363313327,362594226,4096,4096,0,0,11770,11770,3681086015,3681086028,3681086023,3681086036,0,0,0,0,0,0,0,0,4096,256,131072,4,15|4,0,67108864,262144,256,0,0,0,0,188,0,176,0,47,44,0,1,188,0|510,3725846754,15,11637088,0,0,0,0,0,12357539,0,44,0,641995023,0,641995023,0,2080,633428243,0,12595922,0,0,0,0,0
1785953971108|1019|stream64_r2f_09|fixed|438,1378943233,16781056,18707225,18448545,212219,0,212219,0,4504,0,2252,0,0,0,17624,17624,14387912,0,4096,0,0,0,2252,0,4015426011,0,4015426019,0,0,0,0,0,0,0,0,0,4096,256,131072,4,15|4,0,67108864,262144,256,0,0,0,0,276,0,264,0,69,66,0,1,276,0|512,429861992,16,0,0,17301504,0,17301504,0,53196,0,0,66,0,0,0,0,0,0,0,6988425,0,0,0,0,0
1785953971108|1019|stream64_r2f_09|rotating|438,1378943233,33558272,18782016,18522372,18568948,18522372,18568948,18522372,17762,17696,17695,17695,0,0,2261,0,546211240,545132816,4096,4096,0,0,17695,17695,4002111337,4002111670,4002111345,4002111678,0,0,0,0,0,0,0,0,4096,256,131072,4,15|4,0,67108864,262144,256,0,0,0,0,276,0,264,0,69,66,0,1,276,0|512,4046704791,15,17475392,0,0,0,0,0,18555811,0,66,0,961393484,0,961393484,0,2080,951145245,0,15430142,0,0,0,0,0
1785953976113|1019|stream64_r2f_09|fixed|440,1378943233,16781056,24982259,24637601,283461,0,283461,0,6016,0,3008,0,0,0,23536,23536,19217944,0,4096,0,0,0,3008,0,41005431,0,41005439,0,0,0,0,0,0,0,0,0,4096,256,131072,4,15|4,0,67108864,262144,256,0,0,0,0,364,0,352,0,91,88,0,1,364,0|514,750232259,16,0,0,23068672,0,23068672,0,71007,0,0,88,0,0,0,0,0,0,0,7026474,0,0,0,0,0
1785953976113|1019|stream64_r2f_09|rotating|440,1378943233,33554687,25057681,24712552,24773464,24712552,24773464,24712552,23697,23610,23607,23607,0,0,3016,0,728711491,727275502,4096,4096,0,0,23608,23608,27505831,27505796,27505839,27505804,0,0,0,0,0,0,0,0,4096,256,131072,4,15|4,0,67108864,262144,256,0,0,0,0,364,0,352,0,91,88,0,1,364,0|514,72178572,16,23305792,0,0,0,0,0,24746793,0,88,0,1280376961,0,1280376961,0,2054,1268440519,0,18269409,0,0,0,0,0
1785953981128|1019|stream64_r2f_09|fixed|442,1378943233,16781056,31277870,30845570,354799,0,354799,0,7530,0,3765,0,0,0,29464,29464,24054328,0,4096,0,0,0,3765,0,361982647,0,361982655,0,0,0,0,0,0,0,0,0,4096,256,131072,4,15|4,0,67108864,262144,256,0,0,0,0,452,0,440,0,113,110,0,1,452,0|516,1071519447,16,0,0,28835840,0,28835840,0,88840,0,0,110,0,0,0,0,0,0,0,7064865,0,0,0,0,0
1785953981128|1019|stream64_r2f_09|rotating|442,1378943233,33554687,31369525,30935688,31013598,30935688,31013598,30935688,29664,29554,29551,29551,0,0,3777,0,912186686,910375785,4096,4096,0,0,29552,29552,349674569,349674590,349674585,349674598,0,0,0,0,0,0,0,0,4096,256,131072,4,15|4,0,67108864,262144,256,0,0,0,0,456,0,444,0,114,111,0,1,456,0|516,396035233,16,29192832,0,0,0,0,0,31002672,0,111,0,1602761862,0,1602761862,0,2080,1589015715,0,21237760,0,0,0,0,0
1785953986138|1019|stream64_r2f_09|fixed|444,1378943233,16781056,37659338,37138516,427265,0,427265,0,9068,0,4534,0,0,0,35476,35476,28967480,0,4096,0,0,0,4534,0,687918452,0,687918460,0,0,0,0,0,0,0,0,0,4096,256,131072,4,15|4,0,67108864,262144,256,0,0,0,0,544,0,532,0,136,133,0,1,544,0|518,1397680402,16,0,0,34865152,0,34865152,0,106981,0,0,133,0,0,0,0,0,0,0,7116055,0,0,0,0,0
1785953986138|1019|stream64_r2f_09|rotating|444,1378943233,33554687,37741006,37219383,37312892,37219383,37312892,37219383,35689,35556,35553,35553,0,0,4543,0,1097453248,1095284128,4096,4096,0,0,35554,35554,674839293,674839306,674839301,674839282,0,0,0,0,0,0,0,0,4096,256,131072,4,15|4,0,67108864,262144,256,0,0,0,0,544,0,532,0,136,133,0,1,544,0|518,719540473,16,35078560,0,0,0,0,0,37253374,0,133,0,1924795670,0,1924795670,0,2080,1909372257,0,24077969,0,0,0,0,0
1785953991187|1019|stream64_r2f_09|fixed|446,1378943233,16780817,43886440,43279686,497896,0,497896,0,10567,0,5283,0,0,0,41342,41342,33754031,0,4096,0,0,0,5284,0,1005886432,0,1005886440,0,0,0,0,0,0,0,0,0,4096,256,131072,4,15|4,0,67108864,262144,256,0,0,0,0,632,0,620,0,158,155,0,1,632,0|520,1714958284,16,0,0,40632320,0,40632320,0,124603,0,0,155,0,0,0,0,0,0,0,7164638,0,0,0,0,0
1785953991187|1019|stream64_r2f_09|rotating|446,1378943233,33554687,43977202,43369378,43478317,43369378,43478317,43369378,41585,41431,41427,41427,0,0,5294,0,1278784806,1276255233,4096,4096,0,0,41428,41428,993146978,993146983,993146986,993146999,0,0,0,0,0,0,0,0,4096,256,131072,4,15|4,0,67108864,262144,256,0,0,0,0,632,0,620,0,158,155,0,1,632,0|520,1038443532,16,40877344,0,0,0,0,0,43414669,0,155,0,2242249033,0,2242249033,0,2080,2225129307,0,26918558,0,0,0,0,0
1785953996197|1019|stream64_r2f_09|fixed|448,1378943233,16781056,50168488,49474092,569185,0,569185,0,12080,0,6040,0,0,0,47259,47259,38589200,0,4096,0,0,0,6040,0,1326434817,0,1326434825,0,0,0,0,0,0,0,0,0,4096,256,131072,4,15|4,0,67108864,262144,256,0,0,0,0,720,0,708,0,180,177,0,1,720,0|522,2035706227,16,0,0,46399488,0,46399488,0,142437,0,0,177,0,0,0,0,0,0,0,7207322,0,0,0,0,0
1785953996197|1019|stream64_r2f_09|rotating|448,1378943233,33554687,50242610,49547553,49672674,49547553,49672674,49547553,47509,47332,47329,47329,0,0,6048,0,1460951055,1458061794,4096,4096,0,0,47329,47329,1312905766,1312906099,1312905774,1312906107,0,0,0,0,0,0,0,0,4096,256,131072,4,15|4,0,67108864,262144,256,0,0,0,0,724,0,712,0,181,178,0,1,724,0|522,1358550104,16,46693248,0,0,0,0,0,49597351,0,178,0,2560901629,0,2560901629,0,2080,2541957397,0,29886437,0,0,0,0,0
1785954001204|1019|stream64_r2f_09|fixed|450,1378943233,16781056,56446605,55664367,640330,0,640330,0,13590,0,6795,0,0,0,53172,53172,43412832,0,4096,0,0,0,6795,0,1646548664,0,1646548672,0,0,0,0,0,0,0,0,0,4096,256,131072,4,15|4,0,67108864,262144,256,0,0,0,0,812,0,800,0,203,200,0,1,812,0|524,2357222942,16,0,0,52428800,0,52428800,0,160294,0,0,200,0,0,0,0,0,0,0,7266155,0,0,0,0,0
1785954001204|1019|stream64_r2f_09|rotating|450,1378943233,33554687,56539748,55755852,55898288,55755852,55898288,55755852,53463,53263,53259,53259,0,0,6807,0,1644025714,1640761909,4096,4096,0,0,53260,53260,1634376744,1634376765,1634376752,1634376773,0,0,0,0,0,0,0,0,4096,256,131072,4,15|4,0,67108864,262144,256,0,0,0,0,812,0,800,0,203,200,0,1,812,0|524,1679116038,16,52528664,0,0,0,0,0,55790509,0,200,0,2880008709,0,2880008709,0,2080,2859380308,0,32722645,0,0,0,0,0
1785954006208|1019|stream64_r2f_09|fixed|452,1378943233,16781056,62721400,61851111,711571,0,711571,0,15102,0,7551,0,0,0,59082,59082,48242872,0,4096,0,0,0,7551,0,1966893840,0,1966893848,0,0,0,0,0,0,0,0,0,4096,256,131072,4,15|4,0,67108864,262144,256,0,0,0,0,900,0,888,0,225,222,0,1,900,0|526,2676460938,16,0,0,58195968,0,58195968,0,178034,0,0,222,0,0,0,0,0,0,0,7310269,0,0,0,0,0
1785954006208|1019|stream64_r2f_09|rotating|452,1378943233,33558033,62794658,61923580,62082237,61923580,62082237,61923580,59376,59154,59151,59151,0,0,7560,0,1825876020,1822251104,4096,4096,0,0,59152,59151,1953597969,1953580253,1953597977,1953580261,0,0,0,0,0,0,0,0,4096,256,131072,4,15|4,0,67108864,262144,256,0,0,0,0,900,0,888,0,225,222,0,1,900,0|526,1998135145,16,58330336,0,0,0,0,0,61954967,0,222,0,3197577398,0,3197577398,0,2080,3175257499,0,35559141,0,0,0,0,0
1785954011223|1019|stream64_r2f_09|fixed|454,1378943233,16781056,69009795,68052612,782909,0,782909,0,16616,0,8308,0,0,0,65006,65006,53079344,0,4096,0,0,0,8308,0,2287864739,0,2287864747,0,0,0,0,0,0,0,0,0,4096,256,131072,4,15|4,0,67108864,262144,256,0,0,0,0,988,0,976,0,247,244,0,1,988,0|528,2997377941,16,0,0,63963136,0,63963136,0,195868,0,0,244,0,0,0,0,0,0,0,7360408,0,0,0,0,0
1785954011223|1019|stream64_r2f_09|rotating|454,1378943233,33554687,69100801,68142575,68316853,68142575,68316853,68142575,65339,65095,65091,65091,0,0,8319,0,2009252968,2005268875,4096,4096,0,0,65092,65092,2275457084,2275457081,2275457092,2275457089,0,0,0,0,0,0,0,0,4096,256,131072,4,15|4,0,67108864,262144,256,0,0,0,0,988,0,976,0,247,244,0,1,988,0|528,2320187297,16,64184448,0,0,0,0,0,68177059,0,244,0,3518166022,0,3518166022,0,2080,3494168581,0,38392838,0,0,0,0,0
1785954019643|1020|stream64_r2f_10|fixed|458,1378943233,16781056,6183675,6098219,70112,0,70112,0,1488,0,744,0,0,0,5829,5829,4753352,0,4096,0,0,0,744,0,2826921955,0,2826921963,0,0,0,0,0,0,0,0,0,4096,256,131072,4,15|5,0,67108864,262144,256,0,0,0,0,100,0,88,0,25,22,0,1,100,0|536,3536292220,16,0,0,5767168,0,5767168,0,17669,0,0,22,0,0,0,0,0,0,0,6895106,0,0,0,0,0
1785954019643|1020|stream64_r2f_10|rotating|458,1378943233,33554687,6255795,6168778,6184834,6168778,6184834,6168778,5922,5899,5897,5897,0,0,753,0,182041432,181679275,4096,4096,0,0,5898,5898,2813551011,2813551016,2813551019,2813551024,0,0,0,0,0,0,0,0,4096,256,131072,4,15|4,0,67108864,262144,256,0,0,0,0,100,0,88,0,25,22,0,1,100,0|536,2858366498,16,5854112,0,0,0,0,0,6207959,0,22,0,325299956,0,325299956,0,2080,318423691,0,9764522,0,0,0,0,0
1785954024644|1020|stream64_r2f_10|fixed|460,1378943233,16781056,12446971,12273589,141354,0,141354,0,3000,0,1500,0,0,0,11736,11736,9583400,0,4096,0,0,0,1500,0,3147271602,0,3147271610,0,0,0,0,0,0,0,0,0,4096,256,131072,4,15|4,0,67108864,262144,256,0,0,0,0,188,0,176,0,47,44,0,1,188,0|538,3856516693,16,0,0,11534336,0,11534336,0,35480,0,0,44,0,0,0,0,0,0,0,6943242,0,0,0,0,0
1785954024644|1020|stream64_r2f_10|rotating|460,1378943233,33554687,12524637,12350456,12382435,12350456,12382435,12350456,11858,11812,11810,11810,0,0,1509,0,364561564,363840479,4096,4096,0,0,11811,11811,3133934143,3133934124,3133934151,3133934132,0,0,0,0,0,0,0,0,4096,256,131072,4,15|4,0,67108864,262144,256,0,0,0,0,188,0,176,0,47,44,0,1,188,0|538,3179508492,16,11692416,0,0,0,0,0,12404065,0,44,0,644982374,0,644982374,0,2080,636418656,0,12604736,0,0,0,0,0
1785954029644|1020|stream64_r2f_10|fixed|462,1378943233,16781056,18710864,18451038,212503,0,212503,0,4510,0,2255,0,0,0,17644,17644,14407096,0,4096,0,0,0,2255,0,3467389335,0,3467389343,0,0,0,0,0,0,0,0,0,4096,256,131072,4,15|4,0,67108864,262144,256,0,0,0,0,276,0,264,0,69,66,0,1,276,0|540,4176902375,16,0,0,17301504,0,17301504,0,53267,0,0,66,0,0,0,0,0,0,0,6988600,0,0,0,0,0
1785954029644|1020|stream64_r2f_10|rotating|462,1378943233,33558272,18814393,18553474,18600757,18553474,18600757,18553474,17811,17744,17742,17742,0,0,2267,0,547662528,546582016,4096,4096,0,0,17742,17742,3455311433,3455311790,3455311449,3455311798,0,0,0,0,0,0,0,0,4096,256,131072,4,15|4,0,67108864,262144,256,0,0,0,0,276,0,264,0,69,66,0,1,276,0|540,3500841799,16,17538624,0,0,0,0,0,18605986,0,66,0,964854129,0,964854129,0,2080,954604795,0,15444810,0,0,0,0,0
1785954034648|1020|stream64_r2f_10|fixed|464,1378943233,16781056,24978897,24633233,283651,0,283651,0,6020,0,3010,0,0,0,23554,23554,19230736,0,4096,0,0,0,3010,0,3787506966,0,3787506974,0,0,0,0,0,0,0,0,0,4096,256,131072,4,15|4,0,67108864,262144,256,0,0,0,0,364,0,352,0,91,88,0,1,364,0|542,200797557,17,0,0,23068672,0,23068672,0,70983,0,0,88,0,0,0,0,0,0,0,7031148,0,0,0,0,0
1785954034648|1020|stream64_r2f_10|rotating|464,1378943233,33554687,25028445,24682439,24744228,24682439,24744228,24682439,23693,23604,23601,23601,0,0,3016,0,728536888,727097441,4096,4096,0,0,23602,23602,3772839989,3772839962,3772839957,3772839970,0,0,0,0,0,0,0,0,4096,256,131072,4,15|4,0,67108864,262144,256,0,0,0,0,364,0,352,0,91,88,0,1,364,0|542,3817401057,16,23297888,0,0,0,0,0,24715181,0,88,0,1279973571,0,1279973571,0,2080,1268020055,0,18284783,0,0,0,0,0
1785954039653|1020|stream64_r2f_10|fixed|466,1378943233,16781056,31249801,30817200,354799,0,354799,0,7530,0,3765,0,0,0,29466,29466,24054328,0,4096,0,0,0,3765,0,4107624533,0,4107624541,0,0,0,0,0,0,0,0,0,4096,256,131072,4,15|4,0,67108864,262144,256,0,0,0,0,452,0,440,0,113,110,0,1,452,0|544,522160530,17,0,0,28835840,0,28835840,0,88840,0,0,110,0,0,0,0,0,0,0,7077658,0,0,0,0,0
1785954039653|1020|stream64_r2f_10|rotating|466,1378943233,33558272,31313475,30879501,30957831,30879501,30957831,30879501,29639,29528,29526,29526,0,0,3774,0,911411488,909596640,4096,4096,0,0,29526,29526,4093827799,4093806380,4093827807,4093806388,0,0,0,0,0,0,0,0,4096,256,131072,4,15|4,0,67108864,262144,256,0,0,0,0,456,0,444,0,114,111,0,1,456,0|544,4138684617,16,29137504,0,0,0,0,0,30914612,0,111,0,1599797227,0,1599797227,0,2080,1586023189,0,21253769,0,0,0,0,0
1785954044661|1020|stream64_r2f_10|fixed|468,1378943233,16781056,37519818,37000201,426132,0,426132,0,9044,0,4522,0,0,0,35378,35378,28890792,0,4096,0,0,0,4522,0,133311052,0,133311060,0,0,0,0,0,0,0,0,0,4096,256,131072,4,15|4,0,67108864,262144,256,0,0,0,0,544,0,532,0,136,133,0,1,544,0|546,842533695,17,0,0,34865152,0,34865152,0,106651,0,0,133,0,0,0,0,0,0,0,7120973,0,0,0,0,0
1785954044661|1020|stream64_r2f_10|rotating|468,1378943233,33554687,37593070,37072639,37166183,37072639,37166183,37072639,35584,35450,35447,35447,0,0,4530,0,1094182992,1092008659,4096,4096,0,0,35448,35448,119822594,119822575,119822602,119822583,0,0,0,0,0,0,0,0,4096,256,131072,4,15|4,0,67108864,262144,256,0,0,0,0,544,0,532,0,136,133,0,1,544,0|546,164374542,17,34967904,0,0,0,0,0,37103757,0,133,0,1918996848,0,1918996848,0,2080,1903533453,0,24094190,0,0,0,0,0
1785954049662|1020|stream64_r2f_10|fixed|470,1378943233,16781056,43785862,43179041,497186,0,497186,0,10552,0,5276,0,0,0,41286,41285,33708056,0,4096,0,0,0,5276,0,453124776,0,453124784,0,0,0,0,0,0,0,0,0,4096,256,131072,4,15|4,0,67108864,262144,256,0,0,0,0,632,0,620,0,158,155,0,1,632,0|548,1163185165,17,0,0,40632320,0,40632320,0,124485,0,0,155,0,0,0,0,0,0,0,7170208,0,0,0,0,0
1785954049662|1020|stream64_r2f_10|rotating|470,1378943233,33554687,43898298,43289988,43399790,43289988,43399790,43289988,41550,41394,41391,41391,0,0,5290,0,1277682712,1275147408,4096,4096,0,0,41392,41392,441900527,441900524,441900479,441900492,0,0,0,0,0,0,0,0,4096,256,131072,4,15|4,0,67108864,262144,256,0,0,0,0,632,0,620,0,158,155,0,1,632,0|548,487960875,17,40853632,0,0,0,0,0,43351139,0,155,0,2241111749,0,2241111749,0,2080,2223971228,0,26934259,0,0,0,0,0
1785954054677|1020|stream64_r2f_10|fixed|472,1378943233,16781056,50082727,49387006,568712,0,568712,0,12070,0,6035,0,0,0,47222,47222,38557280,0,4096,0,0,0,6035,0,774961444,0,774961452,0,0,0,0,0,0,0,0,0,4096,256,131072,4,15|4,0,67108864,262144,256,0,0,0,0,720,0,708,0,180,177,0,1,720,0|550,1485675254,17,0,0,46399488,0,46399488,0,142390,0,0,177,0,0,0,0,0,0,0,7208933,0,0,0,0,0
1785954054677|1020|stream64_r2f_10|rotating|472,1378943233,33554926,50275738,49577217,49704860,49577217,49704860,49577217,47585,47406,47404,47404,0,0,6058,0,1463270064,1460358895,4096,4096,0,0,47404,47404,767735843,767736160,767735851,767736168,0,0,0,0,0,0,0,0,4096,256,131072,4,15|4,0,67108864,262144,256,0,0,0,0,724,0,712,0,181,178,0,1,724,0|550,813747795,17,46780192,0,0,0,0,0,49638669,0,178,0,2565417029,0,2565417029,0,2080,2546474589,0,29903309,0,0,0,0,0
1785954059708|1020|stream64_r2f_10|fixed|474,1378943233,16781056,56371837,55588436,640142,0,640142,0,13586,0,6793,0,0,0,53151,53151,43400032,0,4096,0,0,0,6793,0,1096368663,0,1096368671,0,0,0,0,0,0,0,0,0,4096,256,131072,4,15|5,0,67108864,262144,256,0,0,0,0,812,0,800,0,203,200,0,1,812,0|552,1806855725,17,0,0,52428800,0,52428800,0,160247,0,0,200,0,0,0,0,0,0,0,7255875,0,0,0,0,0
1785954059708|1020|stream64_r2f_10|rotating|474,1378943233,33558272,56469108,55684047,55827835,55684047,55827835,55684047,53446,53245,53243,53243,0,0,6805,0,1643508280,1640238784,4096,4096,0,0,53243,53243,1084147074,1084147407,1084147082,1084147415,0,0,0,0,0,0,0,0,4096,256,131072,4,15|4,0,67108864,262144,256,0,0,0,0,812,0,800,0,203,200,0,1,812,0|552,1132952023,17,52586880,0,0,0,0,0,55799549,0,200,0,2883169585,0,2883169585,0,2048,2862532908,0,32743519,0,0,0,0,0
1785954064736|1020|stream64_r2f_10|fixed|476,1378943233,16781056,62712210,61839742,712138,0,712138,0,15114,0,7557,0,0,0,59128,59128,48281256,0,4096,0,0,0,7557,0,1420156464,0,1420156472,0,0,0,0,0,0,0,0,0,4096,256,131072,4,15|4,0,67108864,262144,256,0,0,0,0,900,0,888,0,225,222,0,1,904,0|554,2141368729,17,0,0,58458112,0,58458112,0,178835,0,0,223,0,0,0,0,0,0,0,7307849,0,0,0,0,0
1785954064736|1020|stream64_r2f_10|rotating|476,1378943233,33554687,63341892,62460824,62622592,62460824,62622592,62460824,59949,59724,59721,59721,0,0,7633,0,1843485604,1839824047,4096,4096,0,0,59722,59722,1435172177,1435172174,1435172185,1435172182,0,0,0,0,0,0,0,0,4096,256,131072,4,15|4,0,67108864,262144,256,0,0,0,0,916,0,904,0,229,226,0,1,916,0|554,1512198629,17,59481664,0,0,0,0,0,63120887,0,226,0,3260692495,0,3260692495,0,2080,3238060462,0,36100149,0,0,0,0,0
1785954069745|1020|stream64_r2f_10|fixed|478,1378943233,16781056,68949680,67989944,782909,0,782909,0,16616,0,8308,0,0,0,65007,65007,53079344,0,4096,0,0,0,8308,0,1738554957,0,1738554965,0,0,0,0,0,0,0,0,0,4096,256,131072,4,15|4,0,67108864,262144,256,0,0,0,0,988,0,976,0,247,244,0,1,988,0|556,2448000315,17,0,0,63963136,0,63963136,0,195868,0,0,244,0,0,0,0,0,0,0,7356366,0,0,0,0,0
1785954069745|1020|stream64_r2f_10|rotating|478,1378943233,33558272,69021905,68061208,68238147,68061208,68238147,68061208,65322,65078,65075,65075,0,0,8317,0,2008738856,2004750072,4096,4096,0,0,65075,65075,1725242334,1725242659,1725242342,1725242667,0,0,0,0,0,0,0,0,4096,256,131072,4,15|4,0,67108864,262144,256,0,0,0,0,988,0,976,0,247,244,0,1,988,0|556,1769992211,17,64168640,0,0,0,0,0,68097574,0,244,0,3517314333,0,3517314333,0,2080,3493282632,0,38423701,0,0,0,0,0
