captured_ms|sequence|label|role|admission_snapshot_words_csv|ps_runtime_words_csv|pl_perf_snapshot_words_csv
1785916310157|1002|stationary_30min_warmup_f2r_00001_16777216|fixed|4,1378943233,16777471,6554591,6468546,6484371,6468546,6484371,6468546,11684,11662,5830,5830,0,0,744,0,180003368,179660229,4096,4096,0,0,5831,5831,649616897,649616878,649616873,649616886,0,0,0,0,0,0,0,0,4096,256,131072,4,15|4,0,16777216,262144,64,0,0,0,0,100,0,88,0,25,22,0,1,100,0|10,1376660117,0,5806688,0,0,0,0,0,6527909,0,22,0,321225890,0,321225890,0,2080,315714019,0,7916811,0,0,0,0,0
1785916310157|1002|stationary_30min_warmup_f2r_00001_16777216|rotating|4,1378943233,33558272,6654734,6566849,71355,0,71355,0,1512,0,756,0,0,0,5919,5919,4830056,0,4096,0,0,0,756,0,637011595,0,637011603,0,0,0,0,0,0,0,0,0,4096,256,131072,4,15|4,0,16777216,262144,64,0,0,0,0,100,0,88,0,25,22,0,1,100,0|10,685270650,0,0,0,5767168,0,5767168,0,18004,0,0,22,0,0,0,0,0,0,0,5021260,0,0,0,0,0
1785916315179|1002|stationary_30min_warmup_f2r_00001_16777216|fixed|6,1378943233,16777471,13216696,13041982,13074932,13041982,13074932,13041982,23565,23520,11759,11759,0,0,1502,0,363038543,362319864,4096,4096,0,0,11760,11760,971027983,971027996,971027991,971027972,0,0,0,0,0,0,0,0,4096,256,131072,4,15|4,0,16777216,262144,64,0,0,0,0,188,0,176,0,47,44,0,1,188,0|12,1698341994,0,11652896,0,0,0,0,0,13109879,0,44,0,641446215,0,641446215,0,2080,634203454,0,10802159,0,0,0,0,0
1785916315179|1002|stationary_30min_warmup_f2r_00001_16777216|rotating|6,1378943233,33558272,13306049,13130358,142710,0,142710,0,3024,0,1512,0,0,0,11839,11839,9660088,0,4096,0,0,0,1512,0,957604588,0,957604596,0,0,0,0,0,0,0,0,0,4096,256,131072,4,15|4,0,16777216,262144,64,0,0,0,0,188,0,176,0,47,44,0,1,188,0|12,1005093594,0,0,0,11534336,0,11534336,0,35795,0,0,44,0,0,0,0,0,0,0,5064680,0,0,0,0,0
1785916370226|1016|stationary_30min_warmup_r2f_00001_16777216|fixed|36,1378943233,16781056,6547097,6461080,70112,0,70112,0,1488,0,744,0,0,0,5830,5830,4753352,0,4096,0,0,0,744,0,199287944,0,199287952,0,0,0,0,0,0,0,0,0,4096,256,131072,4,15|4,0,16777216,262144,64,0,0,0,0,100,0,88,0,25,22,0,1,100,0|98,926905749,1,0,0,5767168,0,5767168,0,17716,0,0,22,0,0,0,0,0,0,0,5036497,0,0,0,0,0
1785916370226|1016|stationary_30min_warmup_r2f_00001_16777216|rotating|36,1378943233,33558272,6639245,6551495,6568097,6551495,6568097,6551495,11847,11824,5912,5912,0,0,755,0,182515264,182156048,4096,4096,0,0,5912,5912,186706560,186706893,186706568,186706901,0,0,0,0,0,0,0,0,4096,256,131072,4,15|4,0,16777216,262144,64,0,0,0,0,100,0,88,0,25,22,0,1,100,0|98,234113880,1,5869920,0,0,0,0,0,6600106,0,22,0,325002235,0,325002235,0,2080,319527207,0,7893521,0,0,0,0,0
1785916375240|1016|stationary_30min_warmup_r2f_00001_16777216|fixed|38,1378943233,16781056,13197229,13022798,141449,0,141449,0,3002,0,1501,0,0,0,11750,11750,9589800,0,4096,0,0,0,1501,0,520088666,0,520088674,0,0,0,0,0,0,0,0,0,4096,256,131072,4,15|4,0,16777216,262144,64,0,0,0,0,188,0,176,0,47,44,0,1,188,0|100,1246856596,1,0,0,11534336,0,11534336,0,35503,0,0,44,0,0,0,0,0,0,0,5075835,0,0,0,0,0
1785916375240|1016|stationary_30min_warmup_r2f_00001_16777216|rotating|38,1378943233,33558272,13266907,13091720,13124705,13091720,13124705,13091720,23671,23626,11813,11813,0,0,1509,0,364690936,363972504,4096,4096,0,0,11813,11813,506469145,506469478,506469153,506469486,0,0,0,0,0,0,0,0,4096,256,131072,4,15|4,0,16777216,262144,64,0,0,0,0,188,0,176,0,47,44,0,1,188,0|100,553711525,1,11684512,0,0,0,0,0,13136571,0,44,0,643146232,0,643146232,0,2080,635958009,0,10754386,0,0,0,0,0
1785916430187|1030|stationary_30min_formal_f2r_00001_16777216|fixed|68,1378943233,16777471,6544505,6458564,6474379,6458564,6474379,6458564,11668,11646,5822,5822,0,0,743,0,179748328,179405187,4096,4096,0,0,5823,5823,4036943053,4036943066,4036943061,4036943074,0,0,0,0,0,0,0,0,4096,256,131072,4,15|4,0,16777216,262144,64,0,0,0,0,100,0,88,0,25,22,0,1,100,0|186,468548132,2,5782976,0,0,0,0,0,6508161,0,22,0,320316196,0,320316196,0,2080,314803229,0,7912762,0,0,0,0,0
1785916430187|1030|stationary_30min_formal_f2r_00001_16777216|rotating|68,1378943233,33558272,6638490,6550809,71166,0,71166,0,1508,0,754,0,0,0,5906,5906,4817264,0,4096,0,0,0,754,0,4023921094,0,4023921102,0,0,0,0,0,0,0,0,0,4096,256,131072,4,15|4,0,16777216,262144,64,0,0,0,0,100,0,88,0,25,22,0,1,100,0|186,4071803901,1,0,0,5767168,0,5767168,0,17933,0,0,22,0,0,0,0,0,0,0,5029914,0,0,0,0,0
1785916435197|1030|stationary_30min_formal_f2r_00001_16777216|fixed|70,1378943233,16777471,13218291,13043426,13076527,13043426,13076527,13043426,23563,23518,11759,11758,0,0,1502,0,363019971,362301232,4096,4096,0,0,11759,11759,63764320,63764541,63764328,63764533,0,0,0,0,0,0,0,0,4096,256,131072,4,15|4,0,16777216,262144,64,0,0,0,0,188,0,176,0,47,44,0,1,188,0|188,791055736,2,11652896,0,0,0,0,0,13110817,0,44,0,641356320,0,641356320,0,2080,634143250,0,10772414,0,0,0,0,0
1785916435197|1030|stationary_30min_formal_f2r_00001_16777216|rotating|70,1378943233,33558272,13352133,13175812,143183,0,143183,0,3034,0,1517,0,0,0,11878,11878,9692024,0,4096,0,0,0,1517,0,52529435,0,52529443,0,0,0,0,0,0,0,0,0,4096,256,131072,4,15|4,0,16777216,262144,64,0,0,0,0,188,0,176,0,47,44,0,1,188,0|188,102644090,2,0,0,11534336,0,11534336,0,36053,0,0,44,0,0,0,0,0,0,0,5071090,0,0,0,0,0
1785916445525|1031|stationary_30min_formal_f2r_00002_67108864|fixed|74,1378943233,16777471,6542607,6456783,6472481,6456783,6472481,6456783,5848,5825,5824,5824,0,0,743,0,179722975,179380002,4096,4096,0,0,5825,5825,723775683,723775696,723775691,723775704,0,0,0,0,0,0,0,0,4096,256,131072,4,15|4,0,67108864,262144,256,0,0,0,0,100,0,88,0,25,22,0,1,100,0|196,1450676198,2,5791672,0,0,0,0,0,6512813,0,22,0,320762597,0,320762597,0,2080,315246608,0,7917316,0,0,0,0,0
1785916445525|1031|stationary_30min_formal_f2r_00002_67108864|rotating|74,1378943233,33558272,6638577,6550914,71260,0,71260,0,1510,0,755,0,0,0,5909,5909,4823656,0,4096,0,0,0,755,0,711067964,0,711067972,0,0,0,0,0,0,0,0,0,4096,256,131072,4,15|4,0,67108864,262144,256,0,0,0,0,100,0,88,0,25,22,0,1,100,0|196,758261416,2,0,0,5767168,0,5767168,0,17914,0,0,22,0,0,0,0,0,0,0,5024538,0,0,0,0,0
1785916450540|1031|stationary_30min_formal_f2r_00002_67108864|fixed|76,1378943233,16777471,13191514,13017025,13049939,13017025,13049939,13017025,11790,11744,11743,11743,0,0,1500,0,362341012,361622599,4096,4096,0,0,11743,11743,1044614941,1044615274,1044614949,1044615282,0,0,0,0,0,0,0,0,4096,256,131072,4,15|4,0,67108864,262144,256,0,0,0,0,188,0,176,0,47,44,0,1,188,0|198,1771274595,2,11626188,0,0,0,0,0,13070887,0,44,0,639902365,0,639902365,0,2080,632652773,0,10803012,0,0,0,0,0
1785916450540|1031|stationary_30min_formal_f2r_00002_67108864|rotating|76,1378943233,33558272,13270348,13094974,142427,0,142427,0,3018,0,1509,0,0,0,11813,11813,9640920,0,4096,0,0,0,1509,0,1030801731,0,1030801747,0,0,0,0,0,0,0,0,0,4096,256,131072,4,15|4,0,67108864,262144,256,0,0,0,0,188,0,176,0,47,44,0,1,188,0|198,1078130442,2,0,0,11534336,0,11534336,0,35725,0,0,44,0,0,0,0,0,0,0,5076904,0,0,0,0,0
1785916455646|1031|stationary_30min_formal_f2r_00002_67108864|fixed|78,1378943233,16781056,19967231,19703435,19752887,19703435,19752887,19703435,17843,17775,17774,17774,0,0,2271,0,548434544,547357424,4096,4096,0,0,17774,17774,1371385894,1371386227,1371385902,1371386235,0,0,0,0,0,0,0,0,4096,256,131072,4,15|4,0,67108864,262144,256,0,0,0,0,280,0,268,0,70,67,0,1,280,0|200,2099058371,2,17587360,0,0,0,0,0,19774820,0,67,0,966195848,0,966195848,0,2080,957104270,0,13819666,0,0,0,0,0
1785916455646|1031|stationary_30min_formal_f2r_00002_67108864|rotating|78,1378943233,33558272,20063815,19798284,215382,0,215382,0,4564,0,2282,0,0,0,17860,17860,14579552,0,4096,0,0,0,2282,0,1358504953,0,1358504961,0,0,0,0,0,0,0,0,0,4096,256,131072,4,15|4,0,67108864,262144,256,0,0,0,0,280,0,268,0,70,67,0,1,280,0|200,1408202406,2,0,0,17563648,0,17563648,0,54082,0,0,67,0,0,0,0,0,0,0,5123897,0,0,0,0,0
1785916460654|1031|stationary_30min_formal_f2r_00002_67108864|fixed|80,1378943233,16777471,26622944,26270552,26337059,26270552,26337059,26270552,23792,23702,23699,23699,0,0,3029,0,731263736,729811007,4096,4096,0,0,23700,23700,1692616611,1692616592,1692616587,1692616600,0,0,0,0,0,0,0,0,4096,256,131072,4,15|4,0,67108864,262144,256,0,0,0,0,368,0,356,0,92,89,0,1,368,0|202,2422886950,2,23473088,0,0,0,0,0,26399120,0,89,0,1288552995,0,1288552995,0,2080,1277738891,0,16705135,0,0,0,0,0
1785916460654|1031|stationary_30min_formal_f2r_00002_67108864|rotating|80,1378943233,33558272,26787377,26433257,287588,0,287588,0,6094,0,3047,0,0,0,23845,23845,19467104,0,4096,0,0,0,3047,0,1682965935,0,1682965943,0,0,0,0,0,0,0,0,0,4096,256,131072,4,15|4,0,67108864,262144,256,0,0,0,0,368,0,356,0,92,89,0,1,368,0|202,1731080258,2,0,0,23330816,0,23330816,0,72061,0,0,89,0,0,0,0,0,0,0,5164052,0,0,0,0,0
1785916465696|1031|stationary_30min_formal_f2r_00002_67108864|fixed|82,1378943233,16777471,33297502,32856828,32939977,32856828,32939977,32856828,29757,29645,29642,29642,0,0,3788,0,914640605,912828832,4096,4096,0,0,29643,29643,2014659277,2014659290,2014659285,2014659298,0,0,0,0,0,0,0,0,4096,256,131072,4,15|4,0,67108864,262144,256,0,0,0,0,456,0,444,0,114,111,0,1,456,0|204,2741641397,2,29271872,0,0,0,0,0,32917068,0,111,0,1605857746,0,1605857746,0,2080,1593302775,0,19590278,0,0,0,0,0
1785916465696|1031|stationary_30min_formal_f2r_00002_67108864|rotating|82,1378943233,33558272,33414128,32972210,358749,0,358749,0,7602,0,3801,0,0,0,29746,29746,24284320,0,4096,0,0,0,3801,0,2002699167,0,2002699175,0,0,0,0,0,0,0,0,0,4096,256,131072,4,15|4,0,67108864,262144,256,0,0,0,0,460,0,448,0,115,112,0,1,460,0|204,2054966667,2,0,0,29360128,0,29360128,0,90088,0,0,112,0,0,0,0,0,0,0,5215176,0,0,0,0,0
1785916470724|1031|stationary_30min_formal_f2r_00002_67108864|fixed|84,1378943233,16781056,39966720,39438029,39537560,39438029,39537560,39438029,35717,35584,35581,35581,0,0,4547,0,1097887336,1095716776,4096,4096,0,0,35581,35581,2336443293,2336443626,2336443301,2336443634,0,0,0,0,0,0,0,0,4096,256,131072,4,15|4,0,67108864,262144,256,0,0,0,0,544,0,532,0,136,133,0,1,544,0|206,3063130456,2,35118080,0,0,0,0,0,39491465,0,133,0,1925885253,0,1925885253,0,2080,1911616432,0,22458586,0,0,0,0,0
1785916470724|1031|stationary_30min_formal_f2r_00002_67108864|rotating|84,1378943233,33558272,40046183,39515955,430006,0,430006,0,9112,0,4556,0,0,0,35651,35651,29108016,0,4096,0,0,0,4556,0,2322521513,0,2322521521,0,0,0,0,0,0,0,0,0,4096,256,131072,4,15|4,0,67108864,262144,256,0,0,0,0,548,0,536,0,137,134,0,1,548,0|206,2371371841,2,0,0,35127296,0,35127296,0,107690,0,0,134,0,0,0,0,0,0,0,5258138,0,0,0,0,0
1785916475737|1031|stationary_30min_formal_f2r_00002_67108864|fixed|86,1378943233,16777471,46615456,45998269,46114852,45998269,46114852,45998269,41660,41503,41499,41499,0,0,5304,0,1280516256,1277970091,4096,4096,0,0,41500,41500,2657307245,2657307226,2657307221,2657307234,0,0,0,0,0,0,0,0,4096,256,131072,4,15|4,0,67108864,262144,256,0,0,0,0,636,0,624,0,159,156,0,1,636,0|208,3384098008,2,40949792,0,0,0,0,0,46053569,0,156,0,2245394877,0,2245394877,0,2080,2229267887,0,25463522,0,0,0,0,0
1785916475737|1031|stationary_30min_formal_f2r_00002_67108864|rotating|86,1378943233,33558272,46700508,46082447,501456,0,501456,0,10626,0,5313,0,0,0,41575,41575,33944472,0,4096,0,0,0,5313,0,2643660531,0,2643660539,0,0,0,0,0,0,0,0,0,4096,256,131072,4,15|4,0,67108864,262144,256,0,0,0,0,636,0,624,0,159,156,0,1,636,0|208,2692638920,2,0,0,40894464,0,40894464,0,125577,0,0,156,0,0,0,0,0,0,0,5307138,0,0,0,0,0
1785916480740|1031|stationary_30min_formal_f2r_00002_67108864|fixed|88,1378943233,16781056,53254248,52549158,52682384,52549158,52682384,52549158,47591,47412,47409,47409,0,0,6059,0,1462852104,1459947144,4096,4096,0,0,47409,47409,2977508959,2977509292,2977508967,2977509300,0,0,0,0,0,0,0,0,4096,256,131072,4,15|4,0,67108864,262144,256,0,0,0,0,724,0,712,0,181,178,0,1,724,0|210,3704758224,2,46788096,0,0,0,0,0,52613618,0,178,0,2564595517,0,2564595517,0,2080,2546755938,0,28328872,0,0,0,0,0
1785916480740|1031|stationary_30min_formal_f2r_00002_67108864|rotating|88,1378943233,33558272,53342761,52636708,572811,0,572811,0,12138,0,6069,0,0,0,47487,47487,38774504,0,4096,0,0,0,6069,0,2964233503,0,2964233511,0,0,0,0,0,0,0,0,0,4096,256,131072,4,15|4,0,67108864,262144,256,0,0,0,0,724,0,712,0,181,178,0,1,724,0|210,3012353539,2,0,0,46661632,0,46661632,0,143367,0,0,178,0,0,0,0,0,0,0,5343479,0,0,0,0,0
1785916485749|1031|stationary_30min_formal_f2r_00002_67108864|fixed|90,1378943233,16777471,59903373,59110484,59260059,59110484,59260059,59110484,53533,53332,53328,53328,0,0,6816,0,1645497792,1642233542,4096,4096,0,0,53329,53329,3298275628,3298275609,3298275604,3298275617,0,0,0,0,0,0,0,0,4096,256,131072,4,15|4,0,67108864,262144,256,0,0,0,0,812,0,800,0,203,200,0,1,812,0|212,4024927655,2,52610592,0,0,0,0,0,59162708,0,200,0,2883309324,0,2883309324,0,2080,2863751211,0,31196773,0,0,0,0,0
1785916485749|1031|stationary_30min_formal_f2r_00002_67108864|rotating|90,1378943233,33558272,59996040,59202186,644257,0,644257,0,13652,0,6826,0,0,0,53410,53410,43610872,0,4096,0,0,0,6826,0,3285238781,0,3285238789,0,0,0,0,0,0,0,0,0,4096,256,131072,4,15|5,0,67108864,262144,256,0,0,0,0,816,0,804,0,204,201,0,1,816,0|212,3334577777,2,0,0,52690944,0,52690944,0,161299,0,0,201,0,0,0,0,0,0,0,5389940,0,0,0,0,0
1785916490760|1031|stationary_30min_formal_f2r_00002_67108864|fixed|92,1378943233,16777471,66548369,65667789,65833795,65667789,65833795,65667789,59470,59247,59243,59243,0,0,7571,0,1828010565,1824387272,4096,4096,0,0,59244,59244,3618796700,3618796713,3618796708,3618796689,0,0,0,0,0,0,0,0,4096,256,131072,4,15|4,0,67108864,262144,256,0,0,0,0,900,0,888,0,225,222,0,1,900,0|214,50577538,3,58440992,0,0,0,0,0,65721529,0,222,0,3202468903,0,3202468903,0,2080,3181193960,0,34064667,0,0,0,0,0
1785916490760|1031|stationary_30min_formal_f2r_00002_67108864|rotating|92,1378943233,33558272,66628680,65747240,715417,0,715417,0,15160,0,7580,0,0,0,59314,59314,48428160,0,4096,0,0,0,7580,0,3604954776,0,3604954784,0,0,0,0,0,0,0,0,0,4096,256,131072,4,15|5,0,67108864,262144,256,0,0,0,0,904,0,892,0,226,223,0,1,904,0|214,3652214670,2,0,0,58458112,0,58458112,0,178972,0,0,223,0,0,0,0,0,0,0,5435079,0,0,0,0,0
1785916495768|1031|stationary_30min_formal_f2r_00002_67108864|fixed|94,1378943233,16777471,73194322,72225901,72408401,72225901,72408401,72225901,65407,65162,65158,65158,0,0,8327,0,2010540219,2006557888,4096,4096,0,0,65159,65159,3939343171,3939343184,3939343179,3939343160,0,0,0,0,0,0,0,0,4096,256,131072,4,15|4,0,67108864,262144,256,0,0,0,0,992,0,980,0,248,245,0,1,992,0|216,371881886,3,64280608,0,0,0,0,0,72291821,0,245,0,3522313347,0,3522313347,0,2080,3499187572,0,37063963,0,0,0,0,0
1785916495768|1031|stationary_30min_formal_f2r_00002_67108864|rotating|94,1378943233,33558272,73290474,72320214,787057,0,787057,0,16678,0,8339,0,0,0,65244,65244,53277408,0,4096,0,0,0,8339,0,3926623876,0,3926623884,0,0,0,0,0,0,0,0,0,4096,256,131072,4,15|4,0,67108864,262144,256,0,0,0,0,992,0,980,0,248,245,0,1,992,0|216,3974541777,2,0,0,64225280,0,64225280,0,196906,0,0,245,0,0,0,0,0,0,0,5476715,0,0,0,0,0
1785916508492|1033|stationary_30min_formal_f2r_00004_16777216|fixed|100,1378943233,16780339,6123168,6038585,6053136,6038585,6053136,6038585,5833,5811,5811,5811,0,0,742,0,179368609,179027752,4096,4096,0,0,5812,5812,458753372,458753385,458753380,458735352,0,0,0,0,0,0,0,0,4096,256,131072,4,15|4,0,16777216,262144,64,0,0,0,0,100,0,88,0,25,22,0,1,100,0|230,1185334600,3,5775072,0,0,0,0,0,6085253,0,22,0,320109994,0,320109994,0,2080,314207012,0,8445154,0,0,0,0,0
1785916508492|1033|stationary_30min_formal_f2r_00004_16777216|rotating|100,1378943233,33558033,6191678,6105593,70882,0,70882,0,1502,0,751,0,0,0,5876,5876,4795340,0,4096,0,0,0,751,0,445048807,0,445048815,0,0,0,0,0,0,0,0,0,4096,256,131072,4,15|4,0,16777216,262144,64,0,0,0,0,100,0,88,0,25,22,0,1,100,0|230,493648252,3,0,0,5767168,0,5767168,0,17910,0,0,22,0,0,0,0,0,0,0,5569198,0,0,0,0,0
1785916513494|1033|stationary_30min_formal_f2r_00004_16777216|fixed|102,1378943233,16781056,12348704,12176414,12207319,12176414,12207319,12176414,11765,11720,11720,11720,0,0,1498,0,361764080,361046360,4096,4096,0,0,11720,11720,779044780,779045137,779044796,779045145,0,0,0,0,0,0,0,0,4096,256,131072,4,15|4,0,16777216,262144,64,0,0,0,0,188,0,176,0,47,44,0,1,188,0|232,1504497464,3,11581760,0,0,0,0,0,12203811,0,44,0,637821186,0,637821186,0,2080,630211881,0,11297450,0,0,0,0,0
1785916513494|1033|stationary_30min_formal_f2r_00004_16777216|rotating|102,1378943233,33558272,12413364,12240443,142048,0,142048,0,3010,0,1505,0,0,0,11781,11781,9615384,0,4096,0,0,0,1505,0,764749211,0,764749219,0,0,0,0,0,0,0,0,0,4096,256,131072,4,15|4,0,16777216,262144,64,0,0,0,0,188,0,176,0,47,44,0,1,188,0|232,812374265,3,0,0,11534336,0,11534336,0,35648,0,0,44,0,0,0,0,0,0,0,5620748,0,0,0,0,0
1785916523776|1034|stationary_30min_formal_f2r_00005_67108864|fixed|106,1378943233,16777471,6136196,6050670,6066538,6050670,6066538,6050670,5807,5785,5784,5784,0,0,738,0,178560000,178215656,4096,4096,0,0,5785,5785,1436960677,1436960674,1436960661,1436960626,0,0,0,0,0,0,0,0,4096,256,131072,4,15|4,0,67108864,262144,256,0,0,0,0,96,0,84,0,24,21,0,1,96,0|240,2163581601,3,5750048,0,0,0,0,0,6101438,0,21,0,319716438,0,319716438,0,2048,312956773,0,9628810,0,0,0,0,0
1785916523776|1034|stationary_30min_formal_f2r_00005_67108864|rotating|106,1378943233,33558272,6210815,6123742,70598,0,70598,0,1496,0,748,0,0,0,5855,5855,4778928,0,4096,0,0,0,748,0,1423265831,0,1423265839,0,0,0,0,0,0,0,0,0,4096,256,131072,4,15|4,0,67108864,262144,256,0,0,0,0,100,0,88,0,25,22,0,1,100,0|240,1471349777,3,0,0,5767168,0,5767168,0,17791,0,0,22,0,0,0,0,0,0,0,6891911,0,0,0,0,0
1785916528780|1034|stationary_30min_formal_f2r_00005_67108864|fixed|108,1378943233,16781056,12406228,12233123,12265222,12233123,12265222,12233123,11744,11701,11700,11700,0,0,1494,0,361156648,360452672,4096,4096,0,0,11700,11700,1757466729,1757467054,1757466737,1757467062,0,0,0,0,0,0,0,0,4096,256,131072,4,15|4,0,67108864,262144,256,0,0,0,0,188,0,176,0,47,44,0,1,188,0|242,2484903001,3,11597568,0,0,0,0,0,12296899,0,44,0,639575958,0,639575958,0,2080,630996393,0,12598871,0,0,0,0,0
1785916528780|1034|stationary_30min_formal_f2r_00005_67108864|rotating|108,1378943233,33558272,12503290,12328293,142143,0,142143,0,3012,0,1506,0,0,0,11791,11791,9621776,0,4096,0,0,0,1506,0,1744799743,0,1744799751,0,0,0,0,0,0,0,0,0,4096,256,131072,4,15|4,0,67108864,262144,256,0,0,0,0,188,0,176,0,47,44,0,1,188,0|242,1793039063,3,0,0,11534336,0,11534336,0,35701,0,0,44,0,0,0,0,0,0,0,6938002,0,0,0,0,0
1785916533787|1034|stationary_30min_formal_f2r_00005_67108864|fixed|110,1378943233,16777471,18674480,18414740,18462118,18414740,18462118,18414740,17678,17613,17610,17610,0,0,2250,0,543605629,542527240,4096,4096,0,0,17611,17611,2077860571,2077860560,2077860579,2077860568,0,0,0,0,0,0,0,0,4096,256,131072,4,15|4,0,67108864,262144,256,0,0,0,0,276,0,264,0,69,66,0,1,276,0|244,2803383111,3,17388448,0,0,0,0,0,18443824,0,66,0,956608348,0,956608348,0,2080,946330298,0,15439935,0,0,0,0,0
1785916533787|1034|stationary_30min_formal_f2r_00005_67108864|rotating|110,1378943233,33558272,18722472,18462190,212931,0,212931,0,4512,0,2256,0,0,0,17656,17656,14413472,0,4096,0,0,0,2256,0,2062769807,0,2062769815,0,0,0,0,0,0,0,0,0,4096,256,131072,4,15|4,0,67108864,262144,256,0,0,0,0,276,0,264,0,69,66,0,1,276,0|244,2110011353,3,0,0,17301504,0,17301504,0,53350,0,0,66,0,0,0,0,0,0,0,6985102,0,0,0,0,0
1785916538833|1034|stationary_30min_formal_f2r_00005_67108864|fixed|112,1378943233,16779383,25002343,24656714,24717964,24656714,24717964,24656714,23667,23580,23577,23577,0,0,3013,0,727775398,726339745,4096,4096,0,0,23578,23578,2401120368,2401120373,2401120376,2401120381,0,0,0,0,0,0,0,0,4096,256,131072,4,15|4,0,67108864,262144,256,0,0,0,0,364,0,352,0,91,88,0,1,364,0|246,3127466257,3,23282080,0,0,0,0,0,24700456,0,88,0,1279218086,0,1279218086,0,2048,1267267420,0,18277191,0,0,0,0,0
1785916538833|1034|stationary_30min_formal_f2r_00005_67108864|rotating|112,1378943233,33558272,25111345,24763963,285601,0,285601,0,6052,0,3026,0,0,0,23680,23680,19332936,0,4096,0,0,0,3026,0,2389007641,0,2389007649,0,0,0,0,0,0,0,0,0,4096,256,131072,4,15|4,0,67108864,262144,256,0,0,0,0,368,0,356,0,92,89,0,1,368,0|246,2438978937,3,0,0,23330816,0,23330816,0,71660,0,0,89,0,0,0,0,0,0,0,7033772,0,0,0,0,0
1785916543866|1034|stationary_30min_formal_f2r_00005_67108864|fixed|114,1378943233,16777471,31300110,30866613,30944195,30866613,30944195,30866613,29625,29517,29513,29513,0,0,3771,0,911032580,909239175,4096,4096,0,0,29514,29514,2722770052,2722770041,2722770060,2722770049,0,0,0,0,0,0,0,0,4096,256,131072,4,15|4,0,67108864,262144,256,0,0,0,0,456,0,444,0,114,111,0,1,456,0|248,3451167729,3,29169120,0,0,0,0,0,30946655,0,111,0,1601447798,0,1601447798,0,2080,1587692975,0,21239994,0,0,0,0,0
1785916543866|1034|stationary_30min_formal_f2r_00005_67108864|rotating|114,1378943233,33558272,31418015,30982575,357336,0,357336,0,7572,0,3786,0,0,0,29625,29625,24188552,0,4096,0,0,0,3786,0,2711393818,0,2711393826,0,0,0,0,0,0,0,0,0,4096,256,131072,4,15|4,0,67108864,262144,256,0,0,0,0,456,0,444,0,114,111,0,1,456,0|248,2759022179,3,0,0,29097984,0,29097984,0,89475,0,0,111,0,0,0,0,0,0,0,7081155,0,0,0,0,0
1785916548868|1034|stationary_30min_formal_f2r_00005_67108864|fixed|116,1378943233,16777471,37563772,37042811,37136501,37042811,37136501,37042811,35555,35424,35420,35420,0,0,4527,0,1093347624,1091180648,4096,4096,0,0,35421,35421,3042924711,3042924708,3042924671,3042924684,0,0,0,0,0,0,0,0,4096,256,131072,4,15|4,0,67108864,262144,256,0,0,0,0,544,0,532,0,136,133,0,1,544,0|250,3770423377,3,34975808,0,0,0,0,0,37108637,0,133,0,1919251774,0,1919251774,0,2080,1903807644,0,24075274,0,0,0,0,0
1785916548868|1034|stationary_30min_formal_f2r_00005_67108864|rotating|116,1378943233,33558272,37673948,37151761,428501,0,428501,0,9080,0,4540,0,0,0,35524,35524,29005816,0,4096,0,0,0,4540,0,3031077208,0,3031077216,0,0,0,0,0,0,0,0,0,4096,256,131072,4,15|4,0,67108864,262144,256,0,0,0,0,544,0,532,0,136,133,0,1,544,0|250,3080268122,3,0,0,34865152,0,34865152,0,107336,0,0,133,0,0,0,0,0,0,0,7118640,0,0,0,0,0
1785916553878|1034|stationary_30min_formal_f2r_00005_67108864|fixed|118,1378943233,16777471,43843603,43237251,43344977,43237251,43344977,43237251,41499,41345,41341,41341,0,0,5283,0,1276121572,1273595975,4096,4096,0,0,41342,41342,3363745110,3363745107,3363745118,3363745115,0,0,0,0,0,0,0,0,4096,256,131072,4,15|4,0,67108864,262144,256,0,0,0,0,632,0,620,0,158,155,0,1,632,0|252,4090185793,3,40790400,0,0,0,0,0,43281433,0,155,0,2237560542,0,2237560542,0,2080,2220427291,0,26912065,0,0,0,0,0
1785916553878|1034|stationary_30min_formal_f2r_00005_67108864|rotating|118,1378943233,33558272,43925107,43317846,499571,0,499571,0,10586,0,5293,0,0,0,41418,41418,33816656,0,4096,0,0,0,5293,0,3350332322,0,3350332330,0,0,0,0,0,0,0,0,0,4096,256,131072,4,15|4,0,67108864,262144,256,0,0,0,0,632,0,620,0,158,155,0,1,632,0|252,3397859563,3,0,0,40632320,0,40632320,0,125009,0,0,155,0,0,0,0,0,0,0,7164546,0,0,0,0,0
1785916558887|1034|stationary_30min_formal_f2r_00005_67108864|fixed|120,1378943233,16780339,50116034,49422322,49546054,49422322,49546054,49422322,47434,47258,47255,47255,0,0,6039,0,1458665947,1455779424,4096,4096,0,0,47256,47256,3684177446,3684177459,3684177454,3684177435,0,0,0,0,0,0,0,0,4096,256,131072,4,15|4,0,67108864,262144,256,0,0,0,0,720,0,708,0,180,177,0,1,720,0|254,116018916,4,46628704,0,0,0,0,0,49473773,0,177,0,2556901385,0,2556901385,0,2080,2538075861,0,29757099,0,0,0,0,0
1785916558887|1034|stationary_30min_formal_f2r_00005_67108864|rotating|120,1378943233,33558272,50207875,49513091,571012,0,571012,0,12100,0,6050,0,0,0,47341,47341,38653080,0,4096,0,0,0,6050,0,3671314764,0,3671314772,0,0,0,0,0,0,0,0,0,4096,256,131072,4,15|4,0,67108864,262144,256,0,0,0,0,724,0,712,0,181,178,0,1,724,0|254,3719231106,3,0,0,46661632,0,46661632,0,142919,0,0,178,0,0,0,0,0,0,0,7218193,0,0,0,0,0
1785916563898|1034|stationary_30min_formal_f2r_00005_67108864|fixed|122,1378943233,16777471,56392665,55612167,55751337,55612167,55751337,55612167,53375,53177,53173,53173,0,0,6795,0,1641365623,1638119202,4096,4096,0,0,53174,53174,4004865498,4004865535,4004865506,4004865543,0,0,0,0,0,0,0,0,4096,256,131072,4,15|4,0,67108864,262144,256,0,0,0,0,812,0,800,0,203,200,0,1,812,0|256,436524611,4,52452512,0,0,0,0,0,55656914,0,200,0,2875951128,0,2875951128,0,2080,2855299461,0,32728312,0,0,0,0,0
1785916563898|1034|stationary_30min_formal_f2r_00005_67108864|rotating|122,1378943233,33558272,56460445,55678418,642179,0,642179,0,13608,0,6804,0,0,0,53237,53237,43470344,0,4096,0,0,0,6804,0,3990806935,0,3990806943,0,0,0,0,0,0,0,0,0,4096,256,131072,4,15|4,0,67108864,262144,256,0,0,0,0,812,0,800,0,203,200,0,1,812,0|256,4038701149,3,0,0,52428800,0,52428800,0,160686,0,0,200,0,0,0,0,0,0,0,7265868,0,0,0,0,0
1785916568902|1034|stationary_30min_formal_f2r_00005_67108864|fixed|124,1378943233,16777471,62668474,61799993,61955697,61799993,61955697,61799993,59315,59095,59090,59090,0,0,7552,0,1824001736,1820380544,4096,4096,0,0,59091,59091,30610700,30610697,30610684,30610657,0,0,0,0,0,0,0,0,4096,256,131072,4,15|4,0,67108864,262144,256,0,0,0,0,900,0,888,0,225,222,0,1,900,0|258,757675829,4,58290816,0,0,0,0,0,61856782,0,222,0,3195642770,0,3195642770,0,2080,3173303394,0,35568782,0,0,0,0,0
1785916568902|1034|stationary_30min_formal_f2r_00005_67108864|rotating|124,1378943233,33558272,62756277,61886788,713818,0,713818,0,15126,0,7563,0,0,0,59173,59173,48319560,0,4096,0,0,0,7563,0,17677035,0,17677043,0,0,0,0,0,0,0,0,0,4096,256,131072,4,15|4,0,67108864,262144,256,0,0,0,0,900,0,888,0,225,222,0,1,900,0|258,65192688,4,0,0,58195968,0,58195968,0,178572,0,0,222,0,0,0,0,0,0,0,7306722,0,0,0,0,0
1785916573906|1034|stationary_30min_formal_f2r_00005_67108864|fixed|126,1378943233,16777471,68932632,67978970,68148594,67978970,68148594,67978970,65240,64998,64993,64993,0,0,8307,0,2006223903,2002243722,4096,4096,0,0,64994,64994,350473759,350473780,350473775,350473788,0,0,0,0,0,0,0,0,4096,256,131072,4,15|4,0,67108864,262144,256,0,0,0,0,988,0,976,0,247,244,0,1,988,0|260,1077116461,4,64105408,0,0,0,0,0,68026896,0,244,0,3513629754,0,3513629754,0,2080,3489596660,0,38410170,0,0,0,0,0
1785916573906|1034|stationary_30min_formal_f2r_00005_67108864|rotating|126,1378943233,33558272,69007452,68052864,784888,0,784888,0,16632,0,8316,0,0,0,65064,65064,53130448,0,4096,0,0,0,8316,0,336936751,0,336936759,0,0,0,0,0,0,0,0,0,4096,256,131072,4,15|4,0,67108864,262144,256,0,0,0,0,988,0,976,0,247,244,0,1,988,0|260,383896339,4,0,0,63963136,0,63963136,0,196316,0,0,244,0,0,0,0,0,0,0,7351230,0,0,0,0,0
1785916586712|1036|stationary_30min_formal_f2r_00007_16777216|fixed|132,1378943233,16777471,6526421,6440497,6456389,6440497,6456389,6440497,5835,5813,5812,5812,0,0,742,0,179346328,179003361,4096,4096,0,0,5813,5813,1170050635,1170050616,1170050611,1170050624,0,0,0,0,0,0,0,0,4096,256,131072,4,15|4,0,16777216,262144,64,0,0,0,0,96,0,88,0,25,22,0,1,100,0|274,1896573347,4,5775072,0,0,0,0,0,6489126,0,22,0,319736268,0,319736268,0,2080,314216491,0,7917762,0,0,0,0,0
1785916586712|1036|stationary_30min_formal_f2r_00007_16777216|rotating|132,1378943233,33558272,6618381,6530709,71072,0,71072,0,1506,0,753,0,0,0,5894,5894,4810872,0,4096,0,0,0,753,0,1157139112,0,1157139120,0,0,0,0,0,0,0,0,0,4096,256,131072,4,15|4,0,16777216,262144,64,0,0,0,0,100,0,88,0,25,22,0,1,100,0|274,1204023632,4,0,0,5767168,0,5767168,0,17862,0,0,22,0,0,0,0,0,0,0,5017327,0,0,0,0,0
1785916591723|1036|stationary_30min_formal_f2r_00007_16777216|fixed|134,1378943233,16777471,13174392,12999979,13032912,12999979,13032912,12999979,11777,11732,11731,11731,0,0,1499,0,361984384,361266057,4096,4096,0,0,11732,11732,1490933442,1490933423,1490933418,1490933431,0,0,0,0,0,0,0,0,4096,256,131072,4,15|4,0,16777216,262144,64,0,0,0,0,188,0,176,0,47,44,0,1,188,0|276,2217291775,4,11605472,0,0,0,0,0,13047916,0,44,0,638997096,0,638997096,0,2080,631742535,0,10803610,0,0,0,0,0
1785916591723|1036|stationary_30min_formal_f2r_00007_16777216|rotating|134,1378943233,33558272,13243540,13068369,142238,0,142238,0,3014,0,1507,0,0,0,11793,11793,9628168,0,4096,0,0,0,1507,0,1476873050,0,1476873058,0,0,0,0,0,0,0,0,0,4096,256,131072,4,15|4,0,16777216,262144,64,0,0,0,0,188,0,176,0,47,44,0,1,188,0|276,1523723916,4,0,0,11534336,0,11534336,0,35654,0,0,44,0,0,0,0,0,0,0,5055337,0,0,0,0,0
1785916602074|1037|stationary_30min_formal_f2r_00008_67108864|fixed|138,1378943233,16781056,6201144,6115722,6130830,6115722,6130830,6115722,5863,5841,5841,5841,0,0,745,0,180302272,179959128,4096,4096,0,0,5841,5841,2153299762,2153300087,2153299770,2153300095,0,0,0,0,0,0,0,0,4096,256,131072,4,15|4,0,67108864,262144,256,0,0,0,0,100,0,88,0,25,22,0,1,100,0|284,2880949311,4,5822496,0,0,0,0,0,6183340,0,22,0,322414769,0,322414769,0,2080,316868524,0,7978378,0,0,0,0,0
1785916602074|1037|stationary_30min_formal_f2r_00008_67108864|rotating|138,1378943233,33558272,6329681,6242118,71829,0,71829,0,1522,0,761,0,0,0,5962,5962,4861992,0,4096,0,0,0,761,0,2142299759,0,2142299775,0,0,0,0,0,0,0,0,0,4096,256,131072,4,15|4,0,67108864,262144,256,0,0,0,0,100,0,88,0,25,22,0,1,100,0|284,2191854109,4,0,0,5767168,0,5767168,0,18193,0,0,22,0,0,0,0,0,0,0,5123123,0,0,0,0,0
1785916607086|1037|stationary_30min_formal_f2r_00008_67108864|fixed|140,1378943233,16777471,12482044,12309170,12340280,12309170,12340280,12309170,11805,11759,11758,11758,0,0,1502,0,362960917,362242536,4096,4096,0,0,11759,11759,2474065611,2474065640,2474065619,2474065600,0,0,0,0,0,0,0,0,4096,256,131072,4,15|4,0,67108864,262144,256,0,0,0,0,188,0,176,0,47,44,0,1,188,0|286,3200687443,4,11637088,0,0,0,0,0,12359750,0,44,0,640699253,0,640699253,0,2080,633452774,0,10826282,0,0,0,0,0
1785916607086|1037|stationary_30min_formal_f2r_00008_67108864|rotating|140,1378943233,33558272,12568665,12394818,142710,0,142710,0,3024,0,1512,0,0,0,11840,11840,9660088,0,4096,0,0,0,1512,0,2460706487,0,2460706495,0,0,0,0,0,0,0,0,0,4096,256,131072,4,15|4,0,67108864,262144,256,0,0,0,0,188,0,176,0,47,44,0,1,188,0|286,2508026832,4,0,0,11534336,0,11534336,0,35795,0,0,44,0,0,0,0,0,0,0,5169735,0,0,0,0,0
1785916612100|1037|stationary_30min_formal_f2r_00008_67108864|fixed|142,1378943233,16781056,18770044,18509955,18556830,18509955,18556830,18509955,17749,17681,17681,17681,0,0,2259,0,545783536,544706216,4096,4096,0,0,17681,17681,2794966385,2794966718,2794966393,2794966726,0,0,0,0,0,0,0,0,4096,256,131072,4,15|4,0,67108864,262144,256,0,0,0,0,276,0,264,0,69,66,0,1,276,0|288,3523005517,4,17499104,0,0,0,0,0,18587969,0,66,0,961551823,0,961551823,0,2080,952613740,0,13675738,0,0,0,0,0
1785916612100|1037|stationary_30min_formal_f2r_00008_67108864|rotating|142,1378943233,33558272,18894039,18632567,214625,0,214625,0,4548,0,2274,0,0,0,17797,17797,14528432,0,4096,0,0,0,2274,0,2783842169,0,2783842177,0,0,0,0,0,0,0,0,0,4096,256,131072,4,15|4,0,67108864,262144,256,0,0,0,0,280,0,268,0,70,67,0,1,280,0|288,2832811168,4,0,0,17563648,0,17563648,0,53869,0,0,67,0,0,0,0,0,0,0,5216116,0,0,0,0,0
1785916617108|1037|stationary_30min_formal_f2r_00008_67108864|fixed|144,1378943233,16777471,25050271,24703213,24765703,24703213,24765703,24703213,23687,23597,23596,23596,0,0,3015,0,728389612,726953344,4096,4096,0,0,23597,23597,3115516313,3115516326,3115516321,3115516286,0,0,0,0,0,0,0,0,4096,256,131072,4,15|4,0,67108864,262144,256,0,0,0,0,364,0,352,0,91,88,0,1,364,0|290,3842210724,4,23305792,0,0,0,0,0,24754718,0,88,0,1279305358,0,1279305358,0,2048,1268661700,0,16527286,0,0,0,0,0
1785916617108|1037|stationary_30min_formal_f2r_00008_67108864|rotating|144,1378943233,33558272,25139973,24791179,285601,0,285601,0,6052,0,3026,0,0,0,23681,23681,19332936,0,4096,0,0,0,3026,0,3102358452,0,3102358460,0,0,0,0,0,0,0,0,0,4096,256,131072,4,15|4,0,67108864,262144,256,0,0,0,0,368,0,356,0,92,89,0,1,368,0|290,3151357806,4,0,0,23330816,0,23330816,0,71589,0,0,89,0,0,0,0,0,0,0,5265000,0,0,0,0,0
1785916622109|1037|stationary_30min_formal_f2r_00008_67108864|fixed|146,1378943233,16781056,31313549,30879705,30957728,30879705,30957728,30879705,29616,29503,29503,29503,0,0,3770,0,910709352,908913968,4096,4096,0,0,29503,29503,3435543272,3435543605,3435543280,3435543613,0,0,0,0,0,0,0,0,4096,256,131072,4,15|4,0,67108864,262144,256,0,0,0,0,456,0,444,0,114,111,0,1,456,0|292,4162568706,4,29129600,0,0,0,0,0,30934153,0,111,0,1598207388,0,1598207388,0,2080,1585731789,0,19504297,0,0,0,0,0
1785916622109|1037|stationary_30min_formal_f2r_00008_67108864|rotating|146,1378943233,33558272,31399488,30963980,356861,0,356861,0,7562,0,3781,0,0,0,29584,29584,24156592,0,4096,0,0,0,3781,0,3422610003,0,3422610011,0,0,0,0,0,0,0,0,0,4096,256,131072,4,15|4,0,67108864,262144,256,0,0,0,0,456,0,444,0,114,111,0,1,456,0|292,3469636002,4,0,0,29097984,0,29097984,0,89310,0,0,111,0,0,0,0,0,0,0,5316086,0,0,0,0,0
1785916627135|1037|stationary_30min_formal_f2r_00008_67108864|fixed|148,1378943233,16777471,37609406,37087430,37181947,37087430,37181947,37087430,35575,35439,35438,35438,0,0,4529,0,1093931458,1091760560,4096,4096,0,0,35439,35439,3757288253,3757288266,3757288261,3757288242,0,0,0,0,0,0,0,0,4096,256,131072,4,15|4,0,67108864,262144,256,0,0,0,0,544,0,532,0,136,133,0,1,544,0|294,188757706,5,34975808,0,0,0,0,0,37133668,0,133,0,1917902132,0,1917902132,0,2080,1903731614,0,22353674,0,0,0,0,0
1785916627135|1037|stationary_30min_formal_f2r_00008_67108864|rotating|148,1378943233,33558272,37698964,37175908,428501,0,428501,0,9080,0,4540,0,0,0,35523,35523,29005816,0,4096,0,0,0,4540,0,3744456307,0,3744456315,0,0,0,0,0,0,0,0,0,4096,256,131072,4,15|4,0,67108864,262144,256,0,0,0,0,544,0,532,0,136,133,0,1,544,0|294,3791545812,4,0,0,34865152,0,34865152,0,107219,0,0,133,0,0,0,0,0,0,0,5359028,0,0,0,0,0
1785916632140|1037|stationary_30min_formal_f2r_00008_67108864|fixed|150,1378943233,16777471,43883920,43275210,43385105,43275210,43385105,43275210,41512,41354,41353,41353,0,0,5285,0,1276515144,1273985224,4096,4096,0,0,41354,41354,4077784600,4077784621,4077784616,4077784613,0,0,0,0,0,0,0,0,4096,256,131072,4,15|4,0,67108864,262144,256,0,0,0,0,632,0,620,0,158,155,0,1,632,0|296,509367242,5,40806208,0,0,0,0,0,43323286,0,155,0,2237054068,0,2237054068,0,2080,2221188058,0,25200230,0,0,0,0,0
1785916632140|1037|stationary_30min_formal_f2r_00008_67108864|rotating|150,1378943233,33558272,43971744,43362065,499758,0,499758,0,10590,0,5295,0,0,0,41436,41436,33829408,0,4096,0,0,0,5295,0,4064580696,0,4064580704,0,0,0,0,0,0,0,0,0,4096,256,131072,4,15|4,0,67108864,262144,256,0,0,0,0,632,0,620,0,158,155,0,1,632,0|296,4111708545,4,0,0,40632320,0,40632320,0,125033,0,0,155,0,0,0,0,0,0,0,5407113,0,0,0,0,0
1785916637146|1037|stationary_30min_formal_f2r_00008_67108864|fixed|152,1378943233,16777471,50179225,49483612,49608869,49483612,49608869,49483612,47465,47285,47284,47284,0,0,6043,0,1459591210,1456702309,4096,4096,0,0,47285,47285,104177772,104177777,104177780,104177785,0,0,0,0,0,0,0,0,4096,256,131072,4,15|4,0,67108864,262144,256,0,0,0,0,720,0,708,0,180,177,0,1,720,0|298,830480351,5,46644512,0,0,0,0,0,49526291,0,177,0,2556707601,0,2556707601,0,2080,2539141599,0,28052983,0,0,0,0,0
1785916637146|1037|stationary_30min_formal_f2r_00008_67108864|rotating|152,1378943233,33558272,50244072,49547781,571012,0,571012,0,12100,0,6050,0,0,0,47345,47345,38653080,0,4096,0,0,0,6050,0,89744026,0,89744034,0,0,0,0,0,0,0,0,0,4096,256,131072,4,15|4,0,67108864,262144,256,0,0,0,0,724,0,712,0,181,178,0,1,724,0|298,137119669,5,0,0,46661632,0,46661632,0,142871,0,0,178,0,0,0,0,0,0,0,5455335,0,0,0,0,0
1785916642150|1037|stationary_30min_formal_f2r_00008_67108864|fixed|154,1378943233,16777471,56436564,55654827,55795142,55654827,55795142,55654827,53382,53179,53178,53178,0,0,6796,0,1641534789,1638287032,4096,4096,0,0,53179,53179,423559148,423559153,423559156,423559129,0,0,0,0,0,0,0,0,4096,256,131072,4,15|4,0,67108864,262144,256,0,0,0,0,812,0,800,0,203,200,0,1,812,0|300,1150870559,5,52468320,0,0,0,0,0,55713747,0,200,0,2875641857,0,2875641857,0,2060,2856242898,0,31031010,0,0,0,0,0
1785916642150|1037|stationary_30min_formal_f2r_00008_67108864|rotating|154,1378943233,33558272,56515530,55732193,642368,0,642368,0,13612,0,6806,0,0,0,53253,53253,43483136,0,4096,0,0,0,6806,0,410102534,0,410102542,0,0,0,0,0,0,0,0,0,4096,256,131072,4,15|4,0,67108864,262144,256,0,0,0,0,812,0,800,0,203,200,0,1,812,0|300,458100126,5,0,0,52428800,0,52428800,0,160734,0,0,200,0,0,0,0,0,0,0,5506188,0,0,0,0,0
1785916647159|1037|stationary_30min_formal_f2r_00008_67108864|fixed|156,1378943233,16777471,62706353,61837132,61993576,61837132,61993576,61837132,59315,59089,59088,59088,0,0,7552,0,1823960171,1820336558,4096,4096,0,0,59089,59089,743911847,743911852,743911855,743911860,0,0,0,0,0,0,0,0,4096,256,131072,4,15|4,0,67108864,262144,256,0,0,0,0,900,0,888,0,225,222,0,1,900,0|302,1472163217,5,58314528,0,0,0,0,0,61917088,0,222,0,3195472963,0,3195472963,0,2080,3174376204,0,33883268,0,0,0,0,0
1785916647159|1037|stationary_30min_formal_f2r_00008_67108864|rotating|156,1378943233,33558272,62816406,61945992,714007,0,714007,0,15130,0,7565,0,0,0,59192,59192,48332360,0,4096,0,0,0,7565,0,731951732,0,731951740,0,0,0,0,0,0,0,0,0,4096,256,131072,4,15|4,0,67108864,262144,256,0,0,0,0,900,0,888,0,225,222,0,1,900,0|302,779656252,5,0,0,58195968,0,58195968,0,178643,0,0,222,0,0,0,0,0,0,0,5542178,0,0,0,0,0
1785916652178|1037|stationary_30min_formal_f2r_00008_67108864|fixed|158,1378943233,16781056,68998418,68042229,68214135,68042229,68214135,68042229,65264,65017,65016,65016,0,0,8309,0,2006938216,2002956264,4096,4096,0,0,65016,65016,1065079615,1065079940,1065079623,1065079948,0,0,0,0,0,0,0,0,4096,256,131072,4,15|4,0,67108864,262144,256,0,0,0,0,988,0,976,0,247,244,0,1,988,0|304,1792620099,5,64144928,0,0,0,0,0,68107974,0,244,0,3514472245,0,3514472245,0,2080,3491680272,0,36729546,0,0,0,0,0
1785916652178|1037|stationary_30min_formal_f2r_00008_67108864|rotating|158,1378943233,33558272,69107378,68149926,785453,0,785453,0,16644,0,8322,0,0,0,65118,65118,53168728,0,4096,0,0,0,8322,0,1052935391,0,1052935399,0,0,0,0,0,0,0,0,0,4096,256,131072,4,15|4,0,67108864,262144,256,0,0,0,0,988,0,976,0,247,244,0,1,988,0|304,1100357233,5,0,0,63963136,0,63963136,0,196480,0,0,244,0,0,0,0,0,0,0,5587265,0,0,0,0,0
1785916665413|1039|stationary_30min_formal_f2r_00010_16777216|fixed|164,1378943233,16777471,6144026,6060386,6074274,6060386,6074274,6060386,5810,5788,5787,5787,0,0,739,0,178647825,178305696,4096,4096,0,0,5788,5788,1912172635,1912172680,1912172651,1912172656,0,0,0,0,0,0,0,0,4096,256,131072,4,15|4,0,16777216,262144,64,0,0,0,0,96,0,84,0,24,21,0,1,96,0|318,2638660939,5,5750048,0,0,0,0,0,6107520,0,21,0,319756794,0,319756794,0,2080,312981782,0,9644115,0,0,0,0,0
1785916665413|1039|stationary_30min_formal_f2r_00010_16777216|rotating|164,1378943233,33558272,6213274,6128082,70598,0,70598,0,1496,0,748,0,0,0,5852,5852,4778928,0,4096,0,0,0,748,0,1898322741,0,1898322749,0,0,0,0,0,0,0,0,0,4096,256,131072,4,15|4,0,16777216,262144,64,0,0,0,0,100,0,88,0,25,22,0,1,100,0|318,1946785278,5,0,0,5767168,0,5767168,0,17815,0,0,22,0,0,0,0,0,0,0,6888452,0,0,0,0,0
1785916670431|1039|stationary_30min_formal_f2r_00010_16777216|fixed|166,1378943233,16777471,12434235,12264098,12292945,12264098,12292945,12264098,11759,11714,11713,11713,0,0,1497,0,361573606,360857681,4096,4096,0,0,11714,11714,2233390271,2233390268,2233390279,2233390284,0,0,0,0,0,0,0,0,4096,256,131072,4,15|4,0,16777216,262144,64,0,0,0,0,188,0,176,0,47,44,0,1,188,0|320,2959955226,5,11597568,0,0,0,0,0,12311677,0,44,0,639589201,0,639589201,0,2080,630990668,0,12617797,0,0,0,0,0
1785916670431|1039|stationary_30min_formal_f2r_00010_16777216|rotating|166,1378943233,33558272,12504516,12333700,142048,0,142048,0,3010,0,1505,0,0,0,11780,11779,9615384,0,4096,0,0,0,1505,0,2219430512,0,2219430520,0,0,0,0,0,0,0,0,0,4096,256,131072,4,15|4,0,16777216,262144,64,0,0,0,0,188,0,176,0,47,44,0,1,188,0|320,2267525093,5,0,0,11534336,0,11534336,0,35677,0,0,44,0,0,0,0,0,0,0,6938261,0,0,0,0,0
1785916680629|1040|stationary_30min_formal_f2r_00011_67108864|fixed|170,1378943233,16777471,6562550,6476390,6492236,6476390,6492236,6476390,11698,11676,5838,5838,0,0,745,0,180229851,179886630,4096,4096,0,0,5838,5838,2887354638,2887354971,2887354646,2887354979,0,0,0,0,0,0,0,0,4096,256,131072,4,15|4,0,67108864,262144,256,0,0,0,0,100,0,88,0,25,22,0,1,100,0|328,3614576603,5,5814592,0,0,0,0,0,6538943,0,22,0,321789163,0,321789163,0,2080,316278283,0,7917443,0,0,0,0,0
1785916680629|1040|stationary_30min_formal_f2r_00011_67108864|rotating|170,1378943233,33558272,6644622,6556796,71260,0,71260,0,1510,0,755,0,0,0,5911,5911,4823656,0,4096,0,0,0,755,0,2873940387,0,2873940395,0,0,0,0,0,0,0,0,0,4096,256,131072,4,15|4,0,67108864,262144,256,0,0,0,0,100,0,88,0,25,22,0,1,100,0|328,2922005066,5,0,0,5767168,0,5767168,0,17981,0,0,22,0,0,0,0,0,0,0,5027155,0,0,0,0,0
1785916685639|1040|stationary_30min_formal_f2r_00011_67108864|fixed|172,1378943233,16781056,13184603,13009996,13043123,13009996,13043123,13009996,23503,23458,11729,11729,0,0,1499,0,362097688,361379256,4096,4096,0,0,11729,11729,3206731337,3206731670,3206731345,3206731678,0,0,0,0,0,0,0,0,4096,256,131072,4,15|4,0,67108864,262144,256,0,0,0,0,188,0,176,0,47,44,0,1,188,0|330,3934666686,5,11637088,0,0,0,0,0,13090783,0,44,0,640423622,0,640423622,0,2080,633176115,0,10803437,0,0,0,0,0
1785916685639|1040|stationary_30min_formal_f2r_00011_67108864|rotating|172,1378943233,33558272,13323550,13147487,142900,0,142900,0,3028,0,1514,0,0,0,11852,11852,9672880,0,4096,0,0,0,1514,0,3195823312,0,3195823320,0,0,0,0,0,0,0,0,0,4096,256,131072,4,15|4,0,67108864,262144,256,0,0,0,0,188,0,176,0,47,44,0,1,188,0|330,3243710401,5,0,0,11534336,0,11534336,0,35866,0,0,44,0,0,0,0,0,0,0,5078707,0,0,0,0,0
1785916690645|1040|stationary_30min_formal_f2r_00011_67108864|fixed|174,1378943233,16781056,19830876,19568556,19618135,19568556,19618135,19568556,35349,35282,17641,17641,0,0,2254,0,544612952,543535304,4096,4096,0,0,17641,17641,3527109756,3527110089,3527109764,3527110097,0,0,0,0,0,0,0,0,4096,256,131072,4,15|4,0,67108864,262144,256,0,0,0,0,276,0,264,0,69,66,0,1,276,0|332,4253805228,5,17435872,0,0,0,0,0,19623439,0,66,0,958112468,0,958112468,0,2080,949123476,0,13689198,0,0,0,0,0
1785916690645|1040|stationary_30min_formal_f2r_00011_67108864|rotating|174,1378943233,33558272,19910739,19647544,213592,0,213592,0,4526,0,2263,0,0,0,17712,17712,14458200,0,4096,0,0,0,2263,0,3513408331,0,3513408339,0,0,0,0,0,0,0,0,0,4096,256,131072,4,15|4,0,67108864,262144,256,0,0,0,0,276,0,264,0,69,66,0,1,276,0|332,3560624046,5,0,0,17301504,0,17301504,0,53515,0,0,66,0,0,0,0,0,0,0,5118521,0,0,0,0,0
1785916695652|1040|stationary_30min_formal_f2r_00011_67108864|fixed|176,1378943233,16777471,26481981,26131721,26197885,26131721,26197885,26131721,47207,47117,23558,23558,0,0,3010,0,727285701,725848592,4096,4096,0,0,23559,23559,3847778951,3847778932,3847778959,3847778940,0,0,0,0,0,0,0,0,4096,256,131072,4,15|4,0,67108864,262144,256,0,0,0,0,364,0,352,0,91,88,0,1,364,0|334,279435898,6,23266272,0,0,0,0,0,26185215,0,88,0,1277252834,0,1277252834,0,2080,1266529154,0,16574950,0,0,0,0,0
1785916695652|1040|stationary_30min_formal_f2r_00011_67108864|rotating|176,1378943233,33558272,26577396,26226089,285129,0,285129,0,6042,0,3021,0,0,0,23643,23643,19300968,0,4096,0,0,0,3021,0,3834861247,0,3834861255,0,0,0,0,0,0,0,0,0,4096,256,131072,4,15|4,0,67108864,262144,256,0,0,0,0,368,0,356,0,92,89,0,1,368,0|334,3883490414,5,0,0,23330816,0,23330816,0,71471,0,0,89,0,0,0,0,0,0,0,5161867,0,0,0,0,0
1785916700653|1040|stationary_30min_formal_f2r_00011_67108864|fixed|178,1378943233,16777471,33121369,32683278,32766016,32683278,32766016,32683278,59040,58929,29464,29464,0,0,3765,0,909614759,907818426,4096,4096,0,0,29465,29465,4167834108,4167834121,4167834116,4167834129,0,0,0,0,0,0,0,0,4096,256,131072,4,15|4,0,67108864,262144,256,0,0,0,0,452,0,440,0,113,110,0,1,452,0|336,599519674,6,29088768,0,0,0,0,0,32736866,0,110,0,1595880986,0,1595880986,0,2080,1583420533,0,19461090,0,0,0,0,0
1785916700653|1040|stationary_30min_formal_f2r_00011_67108864|rotating|178,1378943233,33558272,33201111,32761392,356293,0,356293,0,7550,0,3775,0,0,0,29535,29535,24118240,0,4096,0,0,0,3775,0,4154399382,0,4154399398,0,0,0,0,0,0,0,0,0,4096,256,131072,4,15|4,0,67108864,262144,256,0,0,0,0,456,0,444,0,114,111,0,1,456,0|336,4202215306,5,0,0,29097984,0,29097984,0,89215,0,0,111,0,0,0,0,0,0,0,5205901,0,0,0,0,0
1785916705668|1040|stationary_30min_formal_f2r_00011_67108864|fixed|180,1378943233,16781056,39770871,39244214,39344074,39244214,39344074,39244214,70898,70764,35382,35382,0,0,4522,0,1092313104,1090141480,4096,4096,0,0,35382,35382,193672373,193672706,193672381,193672714,0,0,0,0,0,0,0,0,4096,256,131072,4,15|4,0,67108864,262144,256,0,0,0,0,544,0,532,0,136,133,0,1,544,0|338,920841242,6,34928384,0,0,0,0,0,39307931,0,133,0,1915742650,0,1915742650,0,2080,1901414395,0,22477356,0,0,0,0,0
1785916705668|1040|stationary_30min_formal_f2r_00011_67108864|rotating|180,1378943233,33558272,39856357,39328737,427744,0,427744,0,9064,0,4532,0,0,0,35458,35458,28954712,0,4096,0,0,0,4532,0,180454700,0,180454708,0,0,0,0,0,0,0,0,0,4096,256,131072,4,15|4,0,67108864,262144,256,0,0,0,0,544,0,532,0,136,133,0,1,544,0|338,228126283,6,0,0,34865152,0,34865152,0,107077,0,0,133,0,0,0,0,0,0,0,5248196,0,0,0,0,0
1785916710675|1040|stationary_30min_formal_f2r_00011_67108864|fixed|182,1378943233,16777471,46416843,45802212,45918691,45802212,45918691,45802212,82748,82592,41295,41295,0,0,5278,0,1274868120,1272337031,4096,4096,0,0,41296,41296,514134180,514134161,514134156,514134169,0,0,0,0,0,0,0,0,4096,256,131072,4,15|4,0,67108864,262144,256,0,0,0,0,632,0,620,0,158,155,0,1,632,0|340,1242037853,6,40774592,0,0,0,0,0,45881394,0,155,0,2235477709,0,2235477709,0,2080,2219418346,0,25362922,0,0,0,0,0
1785916710675|1040|stationary_30min_formal_f2r_00011_67108864|rotating|182,1378943233,33558272,46529908,45914133,499287,0,499287,0,10580,0,5290,0,0,0,41396,41396,33797512,0,4096,0,0,0,5290,0,501907416,0,501907424,0,0,0,0,0,0,0,0,0,4096,256,131072,4,15|4,0,67108864,262144,256,0,0,0,0,632,0,620,0,158,155,0,1,632,0|340,549828175,6,0,0,40632320,0,40632320,0,124963,0,0,155,0,0,0,0,0,0,0,5290280,0,0,0,0,0
1785916715692|1040|stationary_30min_formal_f2r_00011_67108864|fixed|184,1378943233,16777471,53077517,52374925,52507915,52374925,52507915,52374925,94620,94442,47220,47220,0,0,6035,0,1457782695,1454892386,4096,4096,0,0,47221,47221,835208609,835208622,835208617,835208630,0,0,0,0,0,0,0,0,4096,256,131072,4,15|4,0,67108864,262144,256,0,0,0,0,720,0,708,0,180,177,0,1,720,0|342,1561862640,6,46589184,0,0,0,0,0,52427916,0,177,0,2553848848,0,2553848848,0,2080,2536051032,0,28249045,0,0,0,0,0
1785916715692|1040|stationary_30min_formal_f2r_00011_67108864|rotating|184,1378943233,33558272,53156849,52453387,570450,0,570450,0,12088,0,6044,0,0,0,47290,47290,38614720,0,4096,0,0,0,6044,0,821641641,0,821641649,0,0,0,0,0,0,0,0,0,4096,256,131072,4,15|4,0,67108864,262144,256,0,0,0,0,720,0,708,0,180,177,0,1,720,0|342,868495349,6,0,0,46399488,0,46399488,0,142706,0,0,177,0,0,0,0,0,0,0,5332235,0,0,0,0,0
1785916720708|1040|stationary_30min_formal_f2r_00011_67108864|fixed|186,1378943233,16781056,59738212,58947719,59097164,58947719,59097164,58947719,106490,106290,53145,53145,0,0,6792,0,1640692440,1637443168,4096,4096,0,0,53145,53145,1156258338,1156258671,1156258346,1156258679,0,0,0,0,0,0,0,0,4096,256,131072,4,15|4,0,67108864,262144,256,0,0,0,0,808,0,796,0,202,199,0,1,812,0|344,1883507027,6,52436704,0,0,0,0,0,59009128,0,200,0,2874031355,0,2874031355,0,2080,2854366632,0,31266113,0,0,0,0,0
1785916720708|1040|stationary_30min_formal_f2r_00011_67108864|rotating|186,1378943233,33558272,59831895,59039666,642084,0,642084,0,13606,0,6803,0,0,0,53228,53228,43463944,0,4096,0,0,0,6803,0,1143328503,0,1143328511,0,0,0,0,0,0,0,0,0,4096,256,131072,4,15|4,0,67108864,262144,256,0,0,0,0,812,0,800,0,203,200,0,1,812,0|344,1191903514,6,0,0,52428800,0,52428800,0,160710,0,0,200,0,0,0,0,0,0,0,5374280,0,0,0,0,0
1785916725716|1040|stationary_30min_formal_f2r_00011_67108864|fixed|188,1378943233,16777471,66387735,65508524,65675243,65508524,65675243,65508524,118345,118122,59060,59060,0,0,7549,0,1823326192,1819701125,4096,4096,0,0,59061,59061,1476976357,1476976338,1476976333,1476976346,0,0,0,0,0,0,0,0,4096,256,131072,4,15|4,0,67108864,262144,256,0,0,0,0,900,0,888,0,225,222,0,1,900,0|346,2203724458,6,58259200,0,0,0,0,0,65562855,0,222,0,3192793162,0,3192793162,0,2080,3171392535,0,34151384,0,0,0,0,0
1785916725716|1040|stationary_30min_formal_f2r_00011_67108864|rotating|188,1378943233,33558272,66486006,65605725,713535,0,713535,0,15120,0,7560,0,0,0,59148,59148,48300416,0,4096,0,0,0,7560,0,1464351167,0,1464351175,0,0,0,0,0,0,0,0,0,4096,256,131072,4,15|4,0,67108864,262144,256,0,0,0,0,900,0,888,0,225,222,0,1,900,0|346,1514459953,6,0,0,58195968,0,58195968,0,178643,0,0,222,0,0,0,0,0,0,0,5422134,0,0,0,0,0
1785916730717|1040|stationary_30min_formal_f2r_00011_67108864|fixed|190,1378943233,16777471,73024173,72057303,72240515,72057303,72240515,72057303,130174,129929,64964,64964,0,0,8303,0,2005571184,2001586904,4096,4096,0,0,64965,64965,1796867250,1796867263,1796867258,1796867239,0,0,0,0,0,0,0,0,4096,256,131072,4,15|4,0,67108864,262144,256,0,0,0,0,988,0,976,0,247,244,0,1,988,0|348,2523603139,6,64073792,0,0,0,0,0,72111400,0,244,0,3511218195,0,3511218195,0,2080,3488106165,0,37010457,0,0,0,0,0
1785916730717|1040|stationary_30min_formal_f2r_00011_67108864|rotating|190,1378943233,33558272,73105193,72137446,784510,0,784510,0,16624,0,8312,0,0,0,65036,65036,53104888,0,4096,0,0,0,8312,0,1783198821,0,1783198829,0,0,0,0,0,0,0,0,0,4096,256,131072,4,15|4,0,67108864,262144,256,0,0,0,0,988,0,976,0,247,244,0,1,988,0|348,1830516916,6,0,0,63963136,0,63963136,0,196245,0,0,244,0,0,0,0,0,0,0,5467554,0,0,0,0,0
1785916743528|1042|stationary_30min_formal_f2r_00013_16777216|fixed|196,1378943233,16777471,6192793,6107351,6122479,6107351,6122479,6107351,5857,5835,5834,5834,0,0,745,0,180089577,179746228,4096,4096,0,0,5835,5835,2617545860,2617545841,2617545868,2617545857,0,0,0,0,0,0,0,0,4096,256,131072,4,15|4,0,16777216,262144,64,0,0,0,0,100,0,88,0,25,22,0,1,100,0|362,3344133775,6,5798784,0,0,0,0,0,6154828,0,22,0,321001022,0,321001022,0,2080,315453463,0,7974593,0,0,0,0,0
1785916743528|1042|stationary_30min_formal_f2r_00013_16777216|rotating|196,1378943233,33558272,6273393,6186354,71260,0,71260,0,1510,0,755,0,0,0,5910,5910,4823656,0,4096,0,0,0,755,0,2604324042,0,2604324050,0,0,0,0,0,0,0,0,0,4096,256,131072,4,15|4,0,16777216,262144,64,0,0,0,0,100,0,88,0,25,22,0,1,100,0|362,2651865455,6,0,0,5767168,0,5767168,0,17933,0,0,22,0,0,0,0,0,0,0,5122374,0,0,0,0,0
1785916748539|1042|stationary_30min_formal_f2r_00013_16777216|fixed|198,1378943233,16781056,12463686,12290912,12322111,12290912,12322111,12290912,11786,11741,11741,11741,0,0,1500,0,362425472,361707288,4096,4096,0,0,11741,11741,2937722969,2937723318,2937722985,2937723326,0,0,0,0,0,0,0,0,4096,256,131072,4,15|4,0,16777216,262144,64,0,0,0,0,188,0,176,0,47,44,0,1,188,0|364,3663227483,6,11605472,0,0,0,0,0,12319640,0,44,0,638643058,0,638643058,0,2080,631391020,0,10825045,0,0,0,0,0
1785916748539|1042|stationary_30min_formal_f2r_00013_16777216|rotating|198,1378943233,33558272,12530584,12357016,142333,0,142333,0,3016,0,1508,0,0,0,11804,11804,9634544,0,4096,0,0,0,1508,0,2923592795,0,2923592803,0,0,0,0,0,0,0,0,0,4096,256,131072,4,15|4,0,16777216,262144,64,0,0,0,0,188,0,176,0,47,44,0,1,188,0|364,2970867321,6,0,0,11534336,0,11534336,0,35701,0,0,44,0,0,0,0,0,0,0,5165022,0,0,0,0,0
1785916759106|1043|stationary_30min_formal_f2r_00014_67108864|fixed|202,1378943233,16777471,6122870,6038464,6052838,6038464,6052838,6038464,5834,5812,5811,5811,0,0,742,0,179391440,179050579,4096,4096,0,0,5812,5812,3613932134,3613932139,3613932142,3613932155,0,0,0,0,0,0,0,0,4096,256,131072,4,15|4,0,67108864,262144,256,0,0,0,0,100,0,88,0,25,22,0,1,100,0|372,46959204,7,5798784,0,0,0,0,0,6112087,0,22,0,321551852,0,321551852,0,2080,315651752,0,8447201,0,0,0,0,0
1785916759106|1043|stationary_30min_formal_f2r_00014_67108864|rotating|202,1378943233,33558272,6221000,6134794,71166,0,71166,0,1508,0,754,0,0,0,5905,5905,4817264,0,4096,0,0,0,754,0,3601488952,0,3601488960,0,0,0,0,0,0,0,0,0,4096,256,131072,4,15|4,0,67108864,262144,256,0,0,0,0,100,0,88,0,25,22,0,1,100,0|372,3650567104,6,0,0,5767168,0,5767168,0,18004,0,0,22,0,0,0,0,0,0,0,5556186,0,0,0,0,0
1785916764106|1043|stationary_30min_formal_f2r_00014_67108864|fixed|204,1378943233,16777471,12364207,12192020,12222727,12192020,12222727,12192020,11781,11736,11736,11736,0,0,1499,0,362256997,361539104,4096,4096,0,0,11736,11736,3935052448,3935052805,3935052464,3935052813,0,0,0,0,0,0,0,0,4096,256,131072,4,15|4,0,67108864,262144,256,0,0,0,0,188,0,176,0,47,44,0,1,188,0|374,366563320,7,11613376,0,0,0,0,0,12239103,0,44,0,639702320,0,639702320,0,2080,632095785,0,11301306,0,0,0,0,0
1785916764106|1043|stationary_30min_formal_f2r_00014_67108864|rotating|204,1378943233,33558272,12429470,12256573,142238,0,142238,0,3014,0,1507,0,0,0,11798,11798,9628168,0,4096,0,0,0,1507,0,3920761361,0,3920761369,0,0,0,0,0,0,0,0,0,4096,256,131072,4,15|4,0,67108864,262144,256,0,0,0,0,188,0,176,0,47,44,0,1,188,0|374,3968449295,6,0,0,11534336,0,11534336,0,35701,0,0,44,0,0,0,0,0,0,0,5597877,0,0,0,0,0
1785916769111|1043|stationary_30min_formal_f2r_00014_67108864|fixed|206,1378943233,16777471,18570102,18311477,18357456,18311477,18357456,18311477,17696,17629,17628,17628,0,0,2253,0,544137853,543062768,4096,4096,0,0,17629,17629,4254361282,4254361279,4254361290,4254361287,0,0,0,0,0,0,0,0,4096,256,131072,4,15|4,0,67108864,262144,256,0,0,0,0,276,0,264,0,69,66,0,1,276,0|376,686333921,7,17427968,0,0,0,0,0,18367424,0,66,0,958019273,0,958019273,0,2080,948702950,0,14158764,0,0,0,0,0
1785916769111|1043|stationary_30min_formal_f2r_00014_67108864|rotating|206,1378943233,33558272,18668302,18408571,213686,0,213686,0,4528,0,2264,0,0,0,17721,17721,14464576,0,4096,0,0,0,2264,0,4241756196,0,4241756204,0,0,0,0,0,0,0,0,0,4096,256,131072,4,15|4,0,67108864,262144,256,0,0,0,0,276,0,264,0,69,66,0,1,276,0|376,4289533139,6,0,0,17301504,0,17301504,0,53562,0,0,66,0,0,0,0,0,0,0,5637150,0,0,0,0,0
1785916774114|1043|stationary_30min_formal_f2r_00014_67108864|fixed|208,1378943233,16777471,24813373,24467900,24529277,24467900,24529277,24467900,23645,23555,23554,23554,0,0,3010,0,727050390,725615889,4096,4096,0,0,23555,23555,280484885,280484906,280484893,280484914,0,0,0,0,0,0,0,0,4096,256,131072,4,15|4,0,67108864,262144,256,0,0,0,0,364,0,352,0,91,88,0,1,364,0|378,1006871942,7,23258368,0,0,0,0,0,24512766,0,88,0,1277099694,0,1277099694,0,2080,1266078194,0,17015005,0,0,0,0,0
1785916774114|1043|stationary_30min_formal_f2r_00014_67108864|rotating|208,1378943233,33558272,24877849,24531771,284755,0,284755,0,6034,0,3017,0,0,0,23615,23615,19275400,0,4096,0,0,0,3017,0,266063453,0,266063461,0,0,0,0,0,0,0,0,0,4096,256,131072,4,15|4,0,67108864,262144,256,0,0,0,0,364,0,352,0,91,88,0,1,364,0|378,313543388,7,0,0,23068672,0,23068672,0,71305,0,0,88,0,0,0,0,0,0,0,5686843,0,0,0,0,0
1785916779119|1043|stationary_30min_formal_f2r_00014_67108864|fixed|210,1378943233,16777471,31022065,30590105,30666899,30590105,30666899,30590105,29559,29447,29446,29446,0,0,3763,0,908928518,907135793,4096,4096,0,0,29447,29447,599760819,599760824,599760827,599760832,0,0,0,0,0,0,0,0,4096,256,131072,4,15|4,0,67108864,262144,256,0,0,0,0,452,0,440,0,113,110,0,1,452,0|380,1326675129,7,29080864,0,0,0,0,0,30644824,0,110,0,1595447257,0,1595447257,0,2080,1582729937,0,19860192,0,0,0,0,0
1785916779119|1043|stationary_30min_formal_f2r_00014_67108864|rotating|210,1378943233,33558272,31104706,30671766,356104,0,356104,0,7546,0,3773,0,0,0,29525,29525,24105464,0,4096,0,0,0,3773,0,586616276,0,586616284,0,0,0,0,0,0,0,0,0,4096,256,131072,4,15|4,0,67108864,262144,256,0,0,0,0,456,0,444,0,114,111,0,1,456,0|380,634680700,7,0,0,29097984,0,29097984,0,89191,0,0,111,0,0,0,0,0,0,0,5745423,0,0,0,0,0
1785916784119|1043|stationary_30min_formal_f2r_00014_67108864|fixed|212,1378943233,16781056,37244764,36726188,36818345,36726188,36818345,36726188,35486,35352,35352,35352,0,0,4518,0,1091217976,1089066952,4096,4096,0,0,35352,35352,919738615,919738932,919738623,919738948,0,0,0,0,0,0,0,0,4096,256,131072,4,15|4,0,67108864,262144,256,0,0,0,0,544,0,532,0,136,133,0,1,544,0|382,1646405092,7,34888864,0,0,0,0,0,36772490,0,133,0,1913725220,0,1913725220,0,2080,1899178010,0,22831758,0,0,0,0,0
1785916784119|1043|stationary_30min_formal_f2r_00014_67108864|rotating|212,1378943233,33558272,37315852,36795798,427271,0,427271,0,9054,0,4527,0,0,0,35419,35419,28922736,0,4096,0,0,0,4527,0,906108789,0,906108797,0,0,0,0,0,0,0,0,0,4096,256,131072,4,15|4,0,67108864,262144,256,0,0,0,0,544,0,532,0,136,133,0,1,544,0|382,953101064,7,0,0,34865152,0,34865152,0,106912,0,0,133,0,0,0,0,0,0,0,5800930,0,0,0,0,0
1785916789136|1043|stationary_30min_formal_f2r_00014_67108864|fixed|214,1378943233,16777471,43486666,42880593,42988797,42880593,42988797,42880593,41434,41277,41276,41276,0,0,5275,0,1274085737,1271558356,4096,4096,0,0,41277,41277,1240876924,1240876929,1240876932,1240876937,0,0,0,0,0,0,0,0,4096,256,131072,4,15|4,0,67108864,262144,256,0,0,0,0,632,0,620,0,158,155,0,1,632,0|384,1967472543,7,40727168,0,0,0,0,0,42928583,0,155,0,2233333095,0,2233333095,0,2080,2217093466,0,25676938,0,0,0,0,0
1785916789136|1043|stationary_30min_formal_f2r_00014_67108864|rotating|214,1378943233,33558272,43560631,42953658,498721,0,498721,0,10568,0,5284,0,0,0,41346,41346,33759168,0,4096,0,0,0,5284,0,1227091343,0,1227091351,0,0,0,0,0,0,0,0,0,4096,256,131072,4,15|4,0,67108864,262144,256,0,0,0,0,632,0,620,0,158,155,0,1,632,0|384,1274165959,7,0,0,40632320,0,40632320,0,124774,0,0,155,0,0,0,0,0,0,0,5848492,0,0,0,0,0
1785916794146|1043|stationary_30min_formal_f2r_00014_67108864|fixed|216,1378943233,16777471,49723286,49030479,49153967,49030479,49153967,49030479,47374,47195,47195,47195,0,0,6032,0,1456775896,1453890139,4096,4096,0,0,47195,47195,1561556677,1561557010,1561556685,1561557018,0,0,0,0,0,0,0,0,4096,256,131072,4,15|4,0,67108864,262144,256,0,0,0,0,720,0,708,0,180,177,0,1,720,0|386,2288144047,7,46565472,0,0,0,0,0,49077934,0,177,0,2552545023,0,2552545023,0,2080,2534615025,0,28520068,0,0,0,0,0
1785916794146|1043|stationary_30min_formal_f2r_00014_67108864|rotating|216,1378943233,33558272,49810724,49116938,570262,0,570262,0,12084,0,6042,0,0,0,47278,47278,38601960,0,4096,0,0,0,6042,0,1548501621,0,1548501629,0,0,0,0,0,0,0,0,0,4096,256,131072,4,15|4,0,67108864,262144,256,0,0,0,0,720,0,708,0,180,177,0,1,720,0|386,1595609870,7,0,0,46399488,0,46399488,0,142659,0,0,177,0,0,0,0,0,0,0,5894332,0,0,0,0,0
1785916799172|1043|stationary_30min_formal_f2r_00014_67108864|fixed|218,1378943233,16777471,55977159,55197190,55336299,55197190,55336299,55197190,53332,53131,53130,53130,0,0,6790,0,1639997067,1636750646,4096,4096,0,0,53131,53131,1883174169,1883174142,1883174177,1883174150,0,0,0,0,0,0,0,0,4096,256,131072,4,15|4,0,67108864,262144,256,0,0,0,0,808,0,796,0,202,199,0,1,808,0|388,2609794475,7,52411680,0,0,0,0,0,55244841,0,199,0,2872733899,0,2872733899,0,2080,2853114571,0,31363856,0,0,0,0,0
1785916799172|1043|stationary_30min_formal_f2r_00014_67108864|rotating|218,1378943233,33558272,56050112,55268527,641800,0,641800,0,13600,0,6800,0,0,0,53200,53200,43444800,0,4096,0,0,0,6800,0,1869588760,0,1869588768,0,0,0,0,0,0,0,0,0,4096,256,131072,4,15|4,0,67108864,262144,256,0,0,0,0,812,0,800,0,203,200,0,1,812,0|388,1916498959,7,0,0,52428800,0,52428800,0,160544,0,0,200,0,0,0,0,0,0,0,5933277,0,0,0,0,0
1785916804187|1043|stationary_30min_formal_f2r_00014_67108864|fixed|220,1378943233,16777471,62217993,61350743,61505595,61350743,61505595,61350743,59278,59054,59053,59053,0,0,7548,0,1822820708,1819200135,4096,4096,0,0,59054,59054,2204225826,2204225847,2204225834,2204225855,0,0,0,0,0,0,0,0,4096,256,131072,4,15|4,0,67108864,262144,256,0,0,0,0,900,0,888,0,225,222,0,1,900,0|390,2930751330,7,58251296,0,0,0,0,0,61396384,0,222,0,3192230850,0,3192230850,0,2080,3170783873,0,34339969,0,0,0,0,0
1785916804187|1043|stationary_30min_formal_f2r_00014_67108864|rotating|220,1378943233,33558272,62295246,61427113,713250,0,713250,0,15114,0,7557,0,0,0,59127,59127,48281256,0,4096,0,0,0,7557,0,2190698948,0,2190698956,0,0,0,0,0,0,0,0,0,4096,256,131072,4,15|4,0,67108864,262144,256,0,0,0,0,900,0,888,0,225,222,0,1,900,0|390,2238707658,7,0,0,58195968,0,58195968,0,178454,0,0,222,0,0,0,0,0,0,0,5977767,0,0,0,0,0
1785916809187|1043|stationary_30min_formal_f2r_00014_67108864|fixed|222,1378943233,16777471,68441083,67486999,67657519,67486999,67657519,67486999,65206,64960,64959,64959,0,0,8302,0,2005112072,2001131323,4096,4096,0,0,64960,64960,2524219944,2524219965,2524219952,2524219973,0,0,0,0,0,0,0,0,4096,256,131072,4,15|4,0,67108864,262144,256,0,0,0,0,988,0,976,0,247,244,0,1,988,0|392,3251968310,7,64089600,0,0,0,0,0,67556487,0,244,0,3511988254,0,3511988254,0,2080,3488854909,0,37179098,0,0,0,0,0
1785916809187|1043|stationary_30min_formal_f2r_00014_67108864|rotating|222,1378943233,33558272,68552557,67597239,784888,0,784888,0,16632,0,8316,0,0,0,65065,65065,53130448,0,4096,0,0,0,8316,0,2512534977,0,2512534985,0,0,0,0,0,0,0,0,0,4096,256,131072,4,15|4,0,67108864,262144,256,0,0,0,0,988,0,976,0,247,244,0,1,988,0|392,2560236089,7,0,0,63963136,0,63963136,0,196363,0,0,244,0,0,0,0,0,0,0,6015440,0,0,0,0,0
1785916822213|1045|stationary_30min_formal_f2r_00016_16777216|fixed|228,1378943233,16777471,6569555,6483426,6499147,6483426,6499147,6483426,11710,11688,5843,5843,0,0,746,0,180404869,180061728,4096,4096,0,0,5844,5844,3357906784,3357906797,3357906792,3357906805,0,0,0,0,0,0,0,0,4096,256,131072,4,15|4,0,16777216,262144,64,0,0,0,0,100,0,88,0,25,22,0,1,100,0|406,4086307311,7,5838304,0,0,0,0,0,6570627,0,22,0,323255674,0,323255674,0,2080,317768550,0,7898822,0,0,0,0,0
1785916822213|1045|stationary_30min_formal_f2r_00016_16777216|rotating|228,1378943233,33558272,6680082,6592031,71640,0,71640,0,1518,0,759,0,0,0,5942,5942,4849240,0,4096,0,0,0,759,0,3345901401,0,3345901409,0,0,0,0,0,0,0,0,0,4096,256,131072,4,15|4,0,16777216,262144,64,0,0,0,0,100,0,88,0,25,22,0,1,100,0|406,3393803687,7,0,0,5767168,0,5767168,0,18051,0,0,22,0,0,0,0,0,0,0,5026296,0,0,0,0,0
1785916827213|1045|stationary_30min_formal_f2r_00016_16777216|fixed|230,1378943233,16781056,13227456,13052680,13085503,13052680,13085503,13052680,23585,23540,11770,11770,0,0,1504,0,363363440,362645008,4096,4096,0,0,11770,11770,3679146390,3679146723,3679146398,3679146731,0,0,0,0,0,0,0,0,4096,256,131072,4,15|4,0,16777216,262144,64,0,0,0,0,188,0,176,0,47,44,0,1,188,0|408,110802970,8,11652896,0,0,0,0,0,13106081,0,44,0,641264981,0,641264981,0,2080,634066646,0,10757703,0,0,0,0,0
1785916827213|1045|stationary_30min_formal_f2r_00016_16777216|rotating|230,1378943233,33558272,13298279,13122724,142710,0,142710,0,3024,0,1512,0,0,0,11832,11832,9660088,0,4096,0,0,0,1512,0,3665178599,0,3665178607,0,0,0,0,0,0,0,0,0,4096,256,131072,4,15|4,0,16777216,262144,64,0,0,0,0,188,0,176,0,47,44,0,1,188,0|408,3712970158,7,0,0,11534336,0,11534336,0,35819,0,0,44,0,0,0,0,0,0,0,5077980,0,0,0,0,0
1785916837450|1046|stationary_30min_formal_f2r_00017_67108864|fixed|234,1378943233,16777471,6548234,6462366,6478014,6462366,6478014,6462366,5851,5829,5828,5828,0,0,744,0,179846524,179503551,4096,4096,0,0,5829,5829,38120462,38120475,38120470,38120483,0,0,0,0,0,0,0,0,4096,256,131072,4,15|4,0,67108864,262144,256,0,0,0,0,100,0,88,0,25,22,0,1,100,0|416,765391655,8,5806688,0,0,0,0,0,6526218,0,22,0,321344080,0,321344080,0,2080,315832098,0,7916897,0,0,0,0,0
1785916837450|1046|stationary_30min_formal_f2r_00017_67108864|rotating|234,1378943233,33558272,6645220,6557621,71260,0,71260,0,1510,0,755,0,0,0,5915,5915,4823656,0,4096,0,0,0,755,0,25204458,0,25204466,0,0,0,0,0,0,0,0,0,4096,256,131072,4,15|4,0,67108864,262144,256,0,0,0,0,100,0,88,0,25,22,0,1,100,0|416,72764606,8,0,0,5767168,0,5767168,0,17933,0,0,22,0,0,0,0,0,0,0,5023048,0,0,0,0,0
1785916842459|1046|stationary_30min_formal_f2r_00017_67108864|fixed|236,1378943233,16781056,13194850,13020454,13053180,13020454,13053180,13020454,11790,11745,11745,11745,0,0,1501,0,362403720,361685640,4096,4096,0,0,11745,11745,358851996,358852329,358852004,358852337,0,0,0,0,0,0,0,0,4096,256,131072,4,15|4,0,67108864,262144,256,0,0,0,0,188,0,176,0,47,44,0,1,188,0|418,1086278105,8,11644992,0,0,0,0,0,13090278,0,44,0,640770954,0,640770954,0,2080,633526116,0,10802514,0,0,0,0,0
1785916842459|1046|stationary_30min_formal_f2r_00017_67108864|rotating|236,1378943233,33558272,13283988,13108614,142616,0,142616,0,3022,0,1511,0,0,0,11824,11824,9653688,0,4096,0,0,0,1511,0,345797677,0,345797685,0,0,0,0,0,0,0,0,0,4096,256,131072,4,15|4,0,67108864,262144,256,0,0,0,0,188,0,176,0,47,44,0,1,188,0|418,392845259,8,0,0,11534336,0,11534336,0,35748,0,0,44,0,0,0,0,0,0,0,5064372,0,0,0,0,0
1785916847466|1046|stationary_30min_formal_f2r_00017_67108864|fixed|238,1378943233,16777471,19835696,19573475,19622765,19573475,19622765,19573475,17724,17657,17657,17657,0,0,2256,0,544821784,543744331,4096,4096,0,0,17657,17657,679230146,679230479,679230154,679230487,0,0,0,0,0,0,0,0,4096,256,131072,4,15|4,0,67108864,262144,256,0,0,0,0,276,0,264,0,69,66,0,1,276,0|420,1405844839,8,17451680,0,0,0,0,0,19626269,0,66,0,958886016,0,958886016,0,2080,949901657,0,13688008,0,0,0,0,0
1785916847466|1046|stationary_30min_formal_f2r_00017_67108864|rotating|238,1378943233,33558272,19913285,19650177,213781,0,213781,0,4530,0,2265,0,0,0,17726,17725,14470952,0,4096,0,0,0,2265,0,665531241,0,665531249,0,0,0,0,0,0,0,0,0,4096,256,131072,4,15|4,0,67108864,262144,256,0,0,0,0,276,0,264,0,69,66,0,1,276,0|420,713309484,8,0,0,17301504,0,17301504,0,53586,0,0,66,0,0,0,0,0,0,0,5108793,0,0,0,0,0
1785916852481|1046|stationary_30min_formal_f2r_00017_67108864|fixed|240,1378943233,16781056,26488842,26138786,26204463,26138786,26204463,26138786,23668,23579,23579,23579,0,0,3013,0,727553624,726117464,4096,4096,0,0,23579,23579,1000145703,1000146036,1000145711,1000146044,0,0,0,0,0,0,0,0,4096,256,131072,4,15|4,0,67108864,262144,256,0,0,0,0,364,0,352,0,91,88,0,1,364,0|422,1726661136,8,23289984,0,0,0,0,0,26189265,0,88,0,1278242737,0,1278242737,0,2049,1267525446,0,16573701,0,0,0,0,0
1785916852481|1046|stationary_30min_formal_f2r_00017_67108864|rotating|240,1378943233,33558272,26573143,26222216,285223,0,285223,0,6044,0,3022,0,0,0,23654,23654,19307360,0,4096,0,0,0,3022,0,986554332,0,986554340,0,0,0,0,0,0,0,0,0,4096,256,131072,4,15|4,0,67108864,262144,256,0,0,0,0,368,0,356,0,92,89,0,1,368,0|422,1034799683,8,0,0,23330816,0,23330816,0,71471,0,0,89,0,0,0,0,0,0,0,5155841,0,0,0,0,0
1785916857486|1046|stationary_30min_formal_f2r_00017_67108864|fixed|242,1378943233,16777471,33128570,32690779,32772937,32690779,32772937,32690779,29602,29491,29490,29490,0,0,3768,0,909968382,908172936,4096,4096,0,0,29491,29491,1320521264,1320521277,1320521272,1320521253,0,0,0,0,0,0,0,0,4096,256,131072,4,15|4,0,67108864,262144,256,0,0,0,0,456,0,444,0,114,111,0,1,456,0|424,2047165018,8,29113792,0,0,0,0,0,32740237,0,111,0,1597290667,0,1597290667,0,2080,1584701968,0,19590179,0,0,0,0,0
1785916857486|1046|stationary_30min_formal_f2r_00017_67108864|rotating|242,1378943233,33558272,33204824,32765393,356578,0,356578,0,7556,0,3778,0,0,0,29558,29558,24137408,0,4096,0,0,0,3778,0,1306951286,0,1306951294,0,0,0,0,0,0,0,0,0,4096,256,131072,4,15|4,0,67108864,262144,256,0,0,0,0,456,0,444,0,114,111,0,1,456,0|424,1353817112,8,0,0,29097984,0,29097984,0,89239,0,0,111,0,0,0,0,0,0,0,5202552,0,0,0,0,0
1785916862489|1046|stationary_30min_formal_f2r_00017_67108864|fixed|244,1378943233,16777471,39778765,39252198,39351589,39252198,39351589,39252198,35551,35417,35416,35416,0,0,4526,0,1092808908,1090638095,4096,4096,0,0,35417,35417,1641761775,1641761788,1641761783,1641761796,0,0,0,0,0,0,0,0,4096,256,131072,4,15|4,0,67108864,262144,256,0,0,0,0,544,0,532,0,136,133,0,1,544,0|426,2368118809,8,34952096,0,0,0,0,0,39298921,0,133,0,1916784882,0,1916784882,0,2080,1902463304,0,22475819,0,0,0,0,0
1785916862489|1046|stationary_30min_formal_f2r_00017_67108864|rotating|244,1378943233,33558272,39879712,39351981,428311,0,428311,0,9076,0,4538,0,0,0,35506,35506,28993024,0,4096,0,0,0,4538,0,1629263605,0,1629263613,0,0,0,0,0,0,0,0,0,4096,256,131072,4,15|4,0,67108864,262144,256,0,0,0,0,544,0,532,0,136,133,0,1,544,0|426,1676996194,8,0,0,34865152,0,34865152,0,107219,0,0,133,0,0,0,0,0,0,0,5255388,0,0,0,0,0
1785916867490|1046|stationary_30min_formal_f2r_00017_67108864|fixed|246,1378943233,16777471,46386416,45772402,45888169,45772402,45888169,45772402,41460,41304,41303,41303,0,0,5279,0,1274452136,1271922284,4096,4096,0,0,41304,41304,1960789213,1960789194,1960789189,1960789202,0,0,0,0,0,0,0,0,4096,256,131072,4,15|4,0,67108864,262144,256,0,0,0,0,632,0,620,0,158,155,0,1,632,0|428,2687179701,8,40750880,0,0,0,0,0,45819794,0,155,0,2234396078,0,2234396078,0,2080,2218332934,0,25361661,0,0,0,0,0
1785916867490|1046|stationary_30min_formal_f2r_00017_67108864|rotating|246,1378943233,33558272,46458267,45843476,499004,0,499004,0,10574,0,5287,0,0,0,41367,41367,33778352,0,4096,0,0,0,5287,0,1946848676,0,1946848684,0,0,0,0,0,0,0,0,0,4096,256,131072,4,15|4,0,67108864,262144,256,0,0,0,0,632,0,620,0,158,155,0,1,632,0|428,1995066305,8,0,0,40632320,0,40632320,0,124916,0,0,155,0,0,0,0,0,0,0,5295190,0,0,0,0,0
1785916872495|1046|stationary_30min_formal_f2r_00017_67108864|fixed|248,1378943233,16777471,53024160,52322493,52454653,52322493,52454653,52322493,47393,47215,47214,47214,0,0,6034,0,1456854816,1453965927,4096,4096,0,0,47215,47215,2281107408,2281107389,2281107384,2281107397,0,0,0,0,0,0,0,0,4096,256,131072,4,15|4,0,67108864,262144,256,0,0,0,0,720,0,708,0,180,177,0,1,720,0|430,3007763234,8,46581280,0,0,0,0,0,52375055,0,177,0,2553522011,0,2553522011,0,2080,2535747821,0,28223771,0,0,0,0,0
1785916872495|1046|stationary_30min_formal_f2r_00017_67108864|rotating|248,1378943233,33558272,53120426,52417701,570543,0,570543,0,12090,0,6045,0,0,0,47300,47300,38621104,0,4096,0,0,0,6045,0,2268277911,0,2268277919,0,0,0,0,0,0,0,0,0,4096,256,131072,4,15|5,0,67108864,262144,256,0,0,0,0,724,0,712,0,181,178,0,1,724,0|430,2316606672,8,0,0,46661632,0,46661632,0,142824,0,0,178,0,0,0,0,0,0,0,5339249,0,0,0,0,0
1785916877523|1046|stationary_30min_formal_f2r_00017_67108864|fixed|250,1378943233,16777471,59695953,58906355,59054812,58906355,59054812,58906355,53355,53155,53154,53154,0,0,6793,0,1640127432,1636879501,4096,4096,0,0,53155,53155,2602953892,2602953873,2602953868,2602953881,0,0,0,0,0,0,0,0,4096,256,131072,4,15|4,0,67108864,262144,256,0,0,0,0,812,0,800,0,203,200,0,1,812,0|432,3330272315,8,52444608,0,0,0,0,0,58968940,0,200,0,2874565260,0,2874565260,0,2080,2854947546,0,31220850,0,0,0,0,0
1785916877523|1046|stationary_30min_formal_f2r_00017_67108864|rotating|250,1378943233,33558272,59790216,58998882,642179,0,642179,0,13608,0,6804,0,0,0,53238,53238,43470344,0,4096,0,0,0,6804,0,2589944777,0,2589944785,0,0,0,0,0,0,0,0,0,4096,256,131072,4,15|4,0,67108864,262144,256,0,0,0,0,812,0,800,0,203,200,0,1,812,0|432,2637883098,8,0,0,52428800,0,52428800,0,160686,0,0,200,0,0,0,0,0,0,0,5386705,0,0,0,0,0
1785916882523|1046|stationary_30min_formal_f2r_00017_67108864|fixed|252,1378943233,16777471,66330200,65452085,65617708,65452085,65617708,65452085,59284,59061,59060,59060,0,0,7549,0,1822381939,1818758654,4096,4096,0,0,59061,59061,2923141284,2923141281,2923141292,2923141289,0,0,0,0,0,0,0,0,4096,256,131072,4,15|4,0,67108864,262144,256,0,0,0,0,900,0,888,0,225,222,0,1,900,0|434,3648665772,8,58235488,0,0,0,0,0,65480388,0,222,0,3191510997,0,3191510997,0,2080,3170170687,0,34086025,0,0,0,0,0
1785916882523|1046|stationary_30min_formal_f2r_00017_67108864|rotating|252,1378943233,33558272,66395739,65516944,713155,0,713155,0,15112,0,7556,0,0,0,59119,59119,48274856,0,4096,0,0,0,7556,0,2908798497,0,2908798505,0,0,0,0,0,0,0,0,0,4096,256,131072,4,15|4,0,67108864,262144,256,0,0,0,0,900,0,888,0,225,222,0,1,900,0|434,2956087875,8,0,0,58195968,0,58195968,0,178407,0,0,222,0,0,0,0,0,0,0,5431977,0,0,0,0,0
1785916887531|1046|stationary_30min_formal_f2r_00017_67108864|fixed|254,1378943233,16781056,72973914,72007986,72190066,72007986,72190066,72007986,65222,64977,64977,64977,0,0,8305,0,2004930312,2000948232,4096,4096,0,0,64977,64977,3243717062,3243717395,3243717070,3243717403,0,0,0,0,0,0,0,0,4096,256,131072,4,15|4,0,67108864,262144,256,0,0,0,0,988,0,976,0,247,244,0,1,988,0|436,3970948116,8,64097504,0,0,0,0,0,72071501,0,244,0,3512327837,0,3512327837,0,2080,3489277386,0,36954018,0,0,0,0,0
1785916887531|1046|stationary_30min_formal_f2r_00017_67108864|rotating|254,1378943233,33558272,73061498,72094686,784700,0,784700,0,16628,0,8314,0,0,0,65055,65055,53117680,0,4096,0,0,0,8314,0,3230233638,0,3230233646,0,0,0,0,0,0,0,0,0,4096,256,131072,4,15|4,0,67108864,262144,256,0,0,0,0,988,0,976,0,247,244,0,1,988,0|436,3277562396,8,0,0,63963136,0,63963136,0,196293,0,0,244,0,0,0,0,0,0,0,5476807,0,0,0,0,0
1785916900527|1048|stationary_30min_formal_f2r_00019_16777216|fixed|260,1378943233,16777471,6135714,6051068,6065588,6051068,6065588,6051068,5845,5823,5823,5823,0,0,743,0,179736606,179395633,4096,4096,0,0,5823,5823,4075433172,4075433481,4075433180,4075433489,0,0,0,0,0,0,0,0,4096,256,131072,4,15|4,0,16777216,262144,64,0,0,0,0,100,0,88,0,25,22,0,1,100,0|450,507079931,9,5790880,0,0,0,0,0,6098027,0,22,0,320785309,0,320785309,0,2080,314865427,0,8466043,0,0,0,0,0
1785916900527|1048|stationary_30min_formal_f2r_00019_16777216|rotating|260,1378943233,33558272,6200533,6114364,70977,0,70977,0,1504,0,752,0,0,0,5884,5884,4804472,0,4096,0,0,0,752,0,4061538891,0,4061538899,0,0,0,0,0,0,0,0,0,4096,256,131072,4,15|4,0,16777216,262144,64,0,0,0,0,100,0,88,0,25,22,0,1,100,0|450,4108598443,8,0,0,5767168,0,5767168,0,17838,0,0,22,0,0,0,0,0,0,0,5585816,0,0,0,0,0
1785916905534|1048|stationary_30min_formal_f2r_00019_16777216|fixed|262,1378943233,16781056,12360173,12187931,12218693,12187931,12218693,12187931,11776,11732,11731,11731,0,0,1499,0,362103560,361385952,4096,4096,0,0,11731,11731,100726974,100727315,100726982,100727323,0,0,0,0,0,0,0,0,4096,256,131072,4,15|4,0,16777216,262144,64,0,0,0,0,188,0,176,0,47,44,0,1,188,0|452,828153529,9,11629184,0,0,0,0,0,12253370,0,44,0,640399331,0,640399331,0,2080,632775025,0,11323228,0,0,0,0,0
1785916905534|1048|stationary_30min_formal_f2r_00019_16777216|rotating|262,1378943233,33558272,12451848,12278617,142522,0,142522,0,3020,0,1510,0,0,0,11818,11818,9647304,0,4096,0,0,0,1510,0,87995915,0,87995923,0,0,0,0,0,0,0,0,0,4096,256,131072,4,15|4,0,16777216,262144,64,0,0,0,0,188,0,176,0,47,44,0,1,188,0|452,135143953,9,0,0,11534336,0,11534336,0,35725,0,0,44,0,0,0,0,0,0,0,5630436,0,0,0,0,0
1785916916084|1049|stationary_30min_formal_f2r_00020_67108864|fixed|266,1378943233,16777471,6156856,6071921,6087010,6071921,6087010,6071921,5822,5800,5799,5799,0,0,740,0,179006262,178662208,4096,4096,0,0,5800,5800,776272559,776272588,776272567,776272540,0,0,0,0,0,0,0,0,4096,256,131072,4,15|4,0,67108864,262144,256,0,0,0,0,100,0,88,0,25,22,0,1,100,0|460,1504073478,9,5782976,0,0,0,0,0,6142707,0,22,0,321676987,0,321676987,0,2080,314788269,0,9760314,0,0,0,0,0
1785916916084|1049|stationary_30min_formal_f2r_00020_67108864|rotating|266,1378943233,33558272,6269192,6182111,71166,0,71166,0,1508,0,754,0,0,0,5904,5904,4817264,0,4096,0,0,0,754,0,764502342,0,764502350,0,0,0,0,0,0,0,0,0,4096,256,131072,4,15|4,0,67108864,262144,256,0,0,0,0,100,0,88,0,25,22,0,1,100,0|460,812810607,9,0,0,5767168,0,5767168,0,17957,0,0,22,0,0,0,0,0,0,0,6898269,0,0,0,0,0
1785916921089|1049|stationary_30min_formal_f2r_00020_67108864|fixed|268,1378943233,16777471,12446883,12274538,12305498,12274538,12305498,12274538,11770,11725,11724,11724,0,0,1498,0,361921316,361200703,4096,4096,0,0,11725,11725,1097460889,1097460886,1097460897,1097460894,0,0,0,0,0,0,0,0,4096,256,131072,4,15|4,0,67108864,262144,256,0,0,0,0,188,0,176,0,47,44,0,1,188,0|462,1824662415,9,11619640,0,0,0,0,0,12335728,0,44,0,640806758,0,640806758,0,2061,632224992,0,12605713,0,0,0,0,0
1785916921089|1049|stationary_30min_formal_f2r_00020_67108864|rotating|268,1378943233,33558272,12531986,12358661,142333,0,142333,0,3016,0,1508,0,0,0,11805,11805,9634544,0,4096,0,0,0,1508,0,1084195805,0,1084195813,0,0,0,0,0,0,0,0,0,4096,256,131072,4,15|4,0,67108864,262144,256,0,0,0,0,188,0,176,0,47,44,0,1,188,0|462,1131410643,9,0,0,11534336,0,11534336,0,35701,0,0,44,0,0,0,0,0,0,0,6941266,0,0,0,0,0
1785916926103|1049|stationary_30min_formal_f2r_00020_67108864|fixed|270,1378943233,16781056,18712711,18453217,18500160,18453217,18500160,18453217,17693,17626,17626,17626,0,0,2252,0,544079936,543000552,4096,4096,0,0,17626,17626,1417212587,1417212936,1417212595,1417212944,0,0,0,0,0,0,0,0,4096,256,131072,4,15|4,0,67108864,262144,256,0,0,0,0,276,0,264,0,69,66,0,1,276,0|464,2144598897,9,17435872,0,0,0,0,0,18517933,0,66,0,959289182,0,959289182,0,2080,949008490,0,15452719,0,0,0,0,0
1785916926103|1049|stationary_30min_formal_f2r_00020_67108864|rotating|270,1378943233,33558272,18821045,18560414,213781,0,213781,0,4530,0,2265,0,0,0,17727,17727,14470952,0,4096,0,0,0,2265,0,1405180190,0,1405180198,0,0,0,0,0,0,0,0,0,4096,256,131072,4,15|4,0,67108864,262144,256,0,0,0,0,276,0,264,0,69,66,0,1,276,0|464,1452366679,9,0,0,17301504,0,17301504,0,53539,0,0,66,0,0,0,0,0,0,0,6990997,0,0,0,0,0
1785916931109|1049|stationary_30min_formal_f2r_00020_67108864|fixed|272,1378943233,16777471,24995074,24647450,24711168,24647450,24711168,24647450,23632,23543,23542,23542,0,0,3008,0,726719344,725280344,4096,4096,0,0,23543,23543,1737818923,1737818912,1737818899,1737818920,0,0,0,0,0,0,0,0,4096,256,131072,4,15|4,0,67108864,262144,256,0,0,0,0,364,0,352,0,91,88,0,1,364,0|466,2464492182,9,23258368,0,0,0,0,0,24698374,0,88,0,1277726843,0,1277726843,0,2080,1265746713,0,18301524,0,0,0,0,0
1785916931109|1049|stationary_30min_formal_f2r_00020_67108864|rotating|272,1378943233,33558272,25101223,24752441,285129,0,285129,0,6042,0,3021,0,0,0,23642,23642,19300968,0,4096,0,0,0,3021,0,1725736621,0,1725736629,0,0,0,0,0,0,0,0,0,4096,256,131072,4,15|5,0,67108864,262144,256,0,0,0,0,368,0,356,0,92,89,0,1,368,0|466,1775164824,9,0,0,23330816,0,23330816,0,71518,0,0,89,0,0,0,0,0,0,0,7030493,0,0,0,0,0
1785916936109|1049|stationary_30min_formal_f2r_00020_67108864|fixed|274,1378943233,16781056,31263610,30828724,30908444,30828724,30908444,30828724,29559,29448,29448,29448,0,0,3763,0,909002216,907204560,4096,4096,0,0,29448,29448,2057787673,2057787990,2057787681,2057787998,0,0,0,0,0,0,0,0,4096,256,131072,4,15|4,0,67108864,262144,256,0,0,0,0,452,0,440,0,113,110,0,1,452,0|468,2784263514,9,29072960,0,0,0,0,0,30875960,0,110,0,1596044527,0,1596044527,0,2080,1582363658,0,21149933,0,0,0,0,0
1785916936109|1049|stationary_30min_formal_f2r_00020_67108864|rotating|274,1378943233,33558272,31329728,30894117,355915,0,355915,0,7542,0,3771,0,0,0,29510,29510,24092680,0,4096,0,0,0,3771,0,2043714024,0,2043714032,0,0,0,0,0,0,0,0,0,4096,256,131072,4,15|5,0,67108864,262144,256,0,0,0,0,456,0,444,0,114,111,0,1,456,0|468,2090839055,9,0,0,29097984,0,29097984,0,89097,0,0,111,0,0,0,0,0,0,0,7078064,0,0,0,0,0
1785916941119|1049|stationary_30min_formal_f2r_00020_67108864|fixed|276,1378943233,16781056,37544090,37020343,37117577,37020343,37117577,37020343,35496,35363,35363,35363,0,0,4519,0,1091587768,1089429736,4096,4096,0,0,35363,35363,2378290835,2378291152,2378290843,2378291168,0,0,0,0,0,0,0,0,4096,256,131072,4,15|4,0,67108864,262144,256,0,0,0,0,544,0,532,0,136,133,0,1,544,0|470,3105488760,9,34912576,0,0,0,0,0,37079915,0,133,0,1915809869,0,1915809869,0,2080,1900299189,0,24128208,0,0,0,0,0
1785916941119|1049|stationary_30min_formal_f2r_00020_67108864|rotating|276,1378943233,33558272,37645960,37120514,427744,0,427744,0,9064,0,4532,0,0,0,35459,35459,28954712,0,4096,0,0,0,4532,0,2366221610,0,2366221618,0,0,0,0,0,0,0,0,0,4096,256,131072,4,15|4,0,67108864,262144,256,0,0,0,0,544,0,532,0,136,133,0,1,544,0|470,2413612334,9,0,0,34865152,0,34865152,0,107054,0,0,133,0,0,0,0,0,0,0,7125346,0,0,0,0,0
1785916946131|1049|stationary_30min_formal_f2r_00020_67108864|fixed|278,1378943233,16781056,43826376,43214874,43328413,43214874,43328413,43214874,41440,41284,41284,41284,0,0,5276,0,1274357688,1271823472,4096,4096,0,0,41284,41284,2699236632,2699236965,2699236640,2699236973,0,0,0,0,0,0,0,0,4096,256,131072,4,15|4,0,67108864,262144,256,0,0,0,0,632,0,620,0,158,155,0,1,632,0|472,3425773043,9,40735072,0,0,0,0,0,43264121,0,155,0,2234638528,0,2234638528,0,2080,2217431674,0,26973749,0,0,0,0,0
1785916946131|1049|stationary_30min_formal_f2r_00020_67108864|rotating|278,1378943233,33558272,43894284,43282009,498721,0,498721,0,10568,0,5284,0,0,0,41348,41348,33759168,0,4096,0,0,0,5284,0,2685055678,0,2685055686,0,0,0,0,0,0,0,0,0,4096,256,131072,4,15|4,0,67108864,262144,256,0,0,0,0,632,0,620,0,158,155,0,1,632,0|472,2732384608,9,0,0,40632320,0,40632320,0,124798,0,0,155,0,0,0,0,0,0,0,7168574,0,0,0,0,0
1785916951139|1049|stationary_30min_formal_f2r_00020_67108864|fixed|280,1378943233,16777471,50106480,49406500,49537161,49406500,49537161,49406500,47378,47200,47199,47199,0,0,6032,0,1456951472,1454059726,4096,4096,0,0,47200,47200,3019767583,3019767580,3019767551,3019767588,0,0,0,0,0,0,0,0,4096,256,131072,4,15|4,0,67108864,262144,256,0,0,0,0,720,0,708,0,180,177,0,1,720,0|474,3746166091,9,46565472,0,0,0,0,0,49453342,0,177,0,2553573976,0,2553573976,0,2080,2534673406,0,29818529,0,0,0,0,0
1785916951139|1049|stationary_30min_formal_f2r_00020_67108864|rotating|280,1378943233,33558272,50170394,49469617,570075,0,570075,0,12080,0,6040,0,0,0,47259,47259,38589200,0,4096,0,0,0,6040,0,3005608072,0,3005608080,0,0,0,0,0,0,0,0,0,4096,256,131072,4,15|4,0,67108864,262144,256,0,0,0,0,720,0,708,0,180,177,0,1,720,0|474,3052629948,9,0,0,46399488,0,46399488,0,142612,0,0,177,0,0,0,0,0,0,0,7220323,0,0,0,0,0
1785916956147|1049|stationary_30min_formal_f2r_00020_67108864|fixed|282,1378943233,16777471,56392194,55604519,55751427,55604519,55751427,55604519,53320,53120,53119,53119,0,0,6789,0,1639681893,1636431184,4096,4096,0,0,53120,53120,3340523451,3340523456,3340523459,3340523464,0,0,0,0,0,0,0,0,4096,256,131072,4,15|4,0,67108864,262144,256,0,0,0,0,808,0,796,0,202,199,0,1,808,0|476,4067200287,9,52403776,0,0,0,0,0,55656678,0,199,0,2873148596,0,2873148596,0,2080,2852556749,0,32662567,0,0,0,0,0
1785916956147|1049|stationary_30min_formal_f2r_00020_67108864|rotating|282,1378943233,33558272,56478054,55688740,641800,0,641800,0,13600,0,6800,0,0,0,53200,53200,43444800,0,4096,0,0,0,6800,0,3327554976,0,3327554984,0,0,0,0,0,0,0,0,0,4096,256,131072,4,15|4,0,67108864,262144,256,0,0,0,0,812,0,800,0,203,200,0,1,812,0|476,3375400307,9,0,0,52428800,0,52428800,0,160592,0,0,200,0,0,0,0,0,0,0,7273338,0,0,0,0,0
1785916961174|1049|stationary_30min_formal_f2r_00020_67108864|fixed|284,1378943233,16781056,62688245,61814365,61976037,61814365,61976037,61814365,59272,59050,59050,59050,0,0,7546,0,1822757824,1819148032,4096,4096,0,0,59050,59050,3661859945,3661860286,3661859953,3661860294,0,0,0,0,0,0,0,0,4096,256,131072,4,15|4,0,67108864,262144,256,0,0,0,0,900,0,888,0,225,222,0,1,900,0|478,93388460,10,58243392,0,0,0,0,0,61859283,0,222,0,3192844161,0,3192844161,0,2080,3170426370,0,35636975,0,0,0,0,0
1785916961174|1049|stationary_30min_formal_f2r_00020_67108864|rotating|284,1378943233,33558033,62758456,61883032,713114,0,713114,0,15111,0,7555,0,0,0,59116,59116,48269763,0,4096,0,0,0,7556,0,3648232342,0,3648232350,0,0,0,0,0,0,0,0,0,4096,256,131072,4,15|4,0,67108864,262144,256,0,0,0,0,900,0,888,0,225,222,0,1,900,0|478,3695084939,9,0,0,58195968,0,58195968,0,178383,0,0,222,0,0,0,0,0,0,0,7317747,0,0,0,0,0
1785916966176|1049|stationary_30min_formal_f2r_00020_67108864|fixed|286,1378943233,16781056,68958374,67996813,68174810,67996813,68174810,67996813,65201,64956,64956,64956,0,0,8302,0,2005065400,2001079496,4096,4096,0,0,64956,64956,3982000170,3982000503,3982000178,3982000511,0,0,0,0,0,0,0,0,4096,256,131072,4,15|4,0,67108864,262144,256,0,0,0,0,988,0,976,0,247,244,0,1,988,0|480,413544410,10,64065888,0,0,0,0,0,68044562,0,244,0,3511544487,0,3511544487,0,2080,3487430854,0,38482184,0,0,0,0,0
1785916966176|1049|stationary_30min_formal_f2r_00020_67108864|rotating|286,1378943233,33558272,69029283,68066980,784322,0,784322,0,16620,0,8310,0,0,0,65022,65022,53092104,0,4096,0,0,0,8310,0,3967926939,0,3967926947,0,0,0,0,0,0,0,0,0,4096,256,131072,4,15|4,0,67108864,262144,256,0,0,0,0,988,0,976,0,247,244,0,1,988,0|480,4015787274,9,0,0,63963136,0,63963136,0,196222,0,0,244,0,0,0,0,0,0,0,7368980,0,0,0,0,0
1785916979002|1051|stationary_30min_formal_f2r_00022_16777216|fixed|292,1378943233,16777471,6539785,6453917,6469659,6453917,6469659,6453917,5844,5822,5821,5821,0,0,743,0,179628112,179285142,4096,4096,0,0,5822,5822,508118392,508118373,508118368,508118381,0,0,0,0,0,0,0,0,4096,256,131072,4,15|4,0,16777216,262144,64,0,0,0,0,100,0,88,0,25,22,0,1,100,0|494,1235270978,10,5798784,0,0,0,0,0,6515349,0,22,0,320848478,0,320848478,0,2080,315334541,0,7917185,0,0,0,0,0
1785916979002|1051|stationary_30min_formal_f2r_00022_16777216|rotating|292,1378943233,33558272,6636888,6549195,71260,0,71260,0,1510,0,755,0,0,0,5908,5908,4823656,0,4096,0,0,0,755,0,495583662,0,495583670,0,0,0,0,0,0,0,0,0,4096,256,131072,4,15|4,0,16777216,262144,64,0,0,0,0,100,0,88,0,25,22,0,1,100,0|494,543814617,10,0,0,5767168,0,5767168,0,17981,0,0,22,0,0,0,0,0,0,0,5032382,0,0,0,0,0
1785916984029|1051|stationary_30min_formal_f2r_00022_16777216|fixed|294,1378943233,16777471,13203535,13028926,13061771,13028926,13061771,13028926,11799,11754,11753,11753,0,0,1502,0,362667440,361949115,4096,4096,0,0,11754,11754,829699473,829699454,829699449,829699462,0,0,0,0,0,0,0,0,4096,256,131072,4,15|4,0,16777216,262144,64,0,0,0,0,188,0,176,0,47,44,0,1,188,0|496,1556227020,10,11637088,0,0,0,0,0,13080372,0,44,0,640344944,0,640344944,0,2080,633098125,0,10802828,0,0,0,0,0
1785916984029|1051|stationary_30min_formal_f2r_00022_16777216|rotating|294,1378943233,33558272,13285254,13109791,142616,0,142616,0,3022,0,1511,0,0,0,11826,11826,9653688,0,4096,0,0,0,1511,0,816176899,0,816176907,0,0,0,0,0,0,0,0,0,4096,256,131072,4,15|4,0,16777216,262144,64,0,0,0,0,188,0,176,0,47,44,0,1,188,0|496,864135534,10,0,0,11534336,0,11534336,0,35795,0,0,44,0,0,0,0,0,0,0,5079700,0,0,0,0,0
1785916994239|1052|stationary_30min_formal_f2r_00023_67108864|fixed|298,1378943233,16781056,6187913,6102503,6117693,6102503,6117693,6102503,5851,5829,5829,5829,0,0,744,0,179931824,179588728,4096,4096,0,0,5829,5829,1483159843,1483160176,1483159851,1483160184,0,0,0,0,0,0,0,0,4096,256,131072,4,15|4,0,67108864,262144,256,0,0,0,0,100,0,88,0,25,22,0,1,100,0|504,2209488500,10,5790880,0,0,0,0,0,6144472,0,22,0,320453209,0,320453209,0,2080,314903607,0,7979536,0,0,0,0,0
1785916994239|1052|stationary_30min_formal_f2r_00023_67108864|rotating|298,1378943233,33558272,6257411,6170485,71072,0,71072,0,1506,0,753,0,0,0,5894,5894,4810872,0,4096,0,0,0,753,0,1469373074,0,1469373082,0,0,0,0,0,0,0,0,0,4096,256,131072,4,15|4,0,67108864,262144,256,0,0,0,0,100,0,88,0,25,22,0,1,100,0|504,1517898036,10,0,0,5767168,0,5767168,0,17957,0,0,22,0,0,0,0,0,0,0,5127706,0,0,0,0,0
1785916999255|1052|stationary_30min_formal_f2r_00023_67108864|fixed|300,1378943233,16777471,12474740,12301789,12333070,12301789,12333070,12301789,11797,11752,11751,11751,0,0,1501,0,362747287,362028866,4096,4096,0,0,11752,11752,1804188899,1804188920,1804188907,1804188928,0,0,0,0,0,0,0,0,4096,256,131072,4,15|4,0,67108864,262144,256,0,0,0,0,188,0,176,0,47,44,0,1,188,0|506,2531544278,10,11644992,0,0,0,0,0,12366883,0,44,0,641045459,0,641045459,0,2080,633813246,0,10818302,0,0,0,0,0
1785916999255|1052|stationary_30min_formal_f2r_00023_67108864|rotating|300,1378943233,33558272,12581897,12407673,142900,0,142900,0,3028,0,1514,0,0,0,11852,11852,9672880,0,4096,0,0,0,1514,0,1792068281,0,1792068289,0,0,0,0,0,0,0,0,0,4096,256,131072,4,15|4,0,67108864,262144,256,0,0,0,0,188,0,176,0,47,44,0,1,188,0|506,1840237259,10,0,0,11534336,0,11534336,0,35889,0,0,44,0,0,0,0,0,0,0,5166601,0,0,0,0,0
1785917004280|1052|stationary_30min_formal_f2r_00023_67108864|fixed|302,1378943233,16777471,18774261,18514028,18560953,18514028,18560953,18514028,17755,17688,17687,17687,0,0,2260,0,545984204,544906656,4096,4096,0,0,17688,17688,2125814362,2125814391,2125814370,2125814367,0,0,0,0,0,0,0,0,4096,256,131072,4,15|4,0,67108864,262144,256,0,0,0,0,276,0,264,0,69,66,0,1,276,0|508,2853287129,10,17499104,0,0,0,0,0,18580922,0,66,0,961324782,0,961324782,0,2080,952408309,0,13658717,0,0,0,0,0
1785917004280|1052|stationary_30min_formal_f2r_00023_67108864|rotating|302,1378943233,33558272,18887028,18625618,214531,0,214531,0,4546,0,2273,0,0,0,17794,17794,14522040,0,4096,0,0,0,2273,0,2113905624,0,2113905632,0,0,0,0,0,0,0,0,0,4096,256,131072,4,15|5,0,67108864,262144,256,0,0,0,0,280,0,268,0,70,67,0,1,280,0|508,2162253928,10,0,0,17563648,0,17563648,0,53821,0,0,67,0,0,0,0,0,0,0,5202507,0,0,0,0,0
1785917009285|1052|stationary_30min_formal_f2r_00023_67108864|fixed|304,1378943233,16777471,25050445,24703160,24765784,24703160,24765784,24703160,23691,23602,23601,23601,0,0,3016,0,728542885,727106608,4096,4096,0,0,23602,23602,2446263141,2446263170,2446263157,2446263138,0,0,0,0,0,0,0,0,4096,256,131072,4,15|4,0,67108864,262144,256,0,0,0,0,368,0,356,0,92,89,0,1,368,0|510,3175189356,10,23354528,0,0,0,0,0,24795338,0,89,0,1281763153,0,1281763153,0,2080,1271025198,0,16632057,0,0,0,0,0
1785917009285|1052|stationary_30min_formal_f2r_00023_67108864|rotating|304,1378943233,33558272,25159771,24810525,285885,0,285885,0,6058,0,3029,0,0,0,23704,23704,19352080,0,4096,0,0,0,3029,0,2434259422,0,2434259430,0,0,0,0,0,0,0,0,0,4096,256,131072,4,15|4,0,67108864,262144,256,0,0,0,0,368,0,356,0,92,89,0,1,368,0|510,2481880624,10,0,0,23330816,0,23330816,0,71589,0,0,89,0,0,0,0,0,0,0,5253872,0,0,0,0,0
1785917014296|1052|stationary_30min_formal_f2r_00023_67108864|fixed|306,1378943233,16777471,31336622,30902321,30980613,30902321,30980613,30902321,29634,29523,29523,29523,0,0,3772,0,911323153,909527324,4096,4096,0,0,29523,29523,2767105170,2767105503,2767105178,2767105511,0,0,0,0,0,0,0,0,4096,256,131072,4,15|4,0,67108864,262144,256,0,0,0,0,456,0,444,0,114,111,0,1,456,0|512,3493660236,10,29145408,0,0,0,0,0,30947833,0,111,0,1598786313,0,1598786313,0,2080,1586334122,0,19488872,0,0,0,0,0
1785917014296|1052|stationary_30min_formal_f2r_00023_67108864|rotating|306,1378943233,33558272,31400788,30964968,356861,0,356861,0,7562,0,3781,0,0,0,29583,29583,24156592,0,4096,0,0,0,3781,0,2753104793,0,2753104801,0,0,0,0,0,0,0,0,0,4096,256,131072,4,15|4,0,67108864,262144,256,0,0,0,0,456,0,444,0,114,111,0,1,456,0|512,2800028911,10,0,0,29097984,0,29097984,0,89310,0,0,111,0,0,0,0,0,0,0,5295373,0,0,0,0,0
1785917019306|1052|stationary_30min_formal_f2r_00023_67108864|fixed|308,1378943233,16781056,37612268,37090137,37184809,37090137,37184809,37090137,35568,35435,35434,35434,0,0,4529,0,1093789488,1091618848,4096,4096,0,0,35434,35434,3087520616,3087520941,3087520624,3087520949,0,0,0,0,0,0,0,0,4096,256,131072,4,15|4,0,67108864,262144,256,0,0,0,0,544,0,532,0,136,133,0,1,544,0|514,3814206511,10,34975808,0,0,0,0,0,37141110,0,133,0,1917874988,0,1917874988,0,2080,1903723244,0,22339489,0,0,0,0,0
1785917019306|1052|stationary_30min_formal_f2r_00023_67108864|rotating|308,1378943233,33558272,37699349,37176219,428406,0,428406,0,9078,0,4539,0,0,0,35516,35516,28999424,0,4096,0,0,0,4539,0,3074522575,0,3074522583,0,0,0,0,0,0,0,0,0,4096,256,131072,4,15|4,0,67108864,262144,256,0,0,0,0,544,0,532,0,136,133,0,1,544,0|514,3122491239,10,0,0,34865152,0,34865152,0,107243,0,0,133,0,0,0,0,0,0,0,5329270,0,0,0,0,0
1785917024320|1052|stationary_30min_formal_f2r_00023_67108864|fixed|310,1378943233,16781056,43901459,43292573,43402550,43292573,43402550,43292573,41516,41360,41359,41359,0,0,5286,0,1276684848,1274155232,4096,4096,0,0,41359,41359,3408563865,3408564230,3408563881,3408564238,0,0,0,0,0,0,0,0,4096,256,131072,4,15|4,0,67108864,262144,256,0,0,0,0,632,0,620,0,158,155,0,1,632,0|516,4135084787,10,40806208,0,0,0,0,0,43339792,0,155,0,2237295664,0,2237295664,0,2080,2221442731,0,25191742,0,0,0,0,0
1785917024320|1052|stationary_30min_formal_f2r_00023_67108864|rotating|310,1378943233,33558272,43968686,43359002,499664,0,499664,0,10588,0,5294,0,0,0,41422,41422,33823032,0,4096,0,0,0,5294,0,3394652650,0,3394652658,0,0,0,0,0,0,0,0,0,4096,256,131072,4,15|4,0,67108864,262144,256,0,0,0,0,632,0,620,0,158,155,0,1,632,0|516,3441582035,10,0,0,40632320,0,40632320,0,125009,0,0,155,0,0,0,0,0,0,0,5377766,0,0,0,0,0
1785917029328|1052|stationary_30min_formal_f2r_00023_67108864|fixed|312,1378943233,16777471,50195915,49500147,49625559,49500147,49625559,49500147,47467,47289,47288,47288,0,0,6043,0,1459701524,1456812543,4096,4096,0,0,47288,47288,3729819833,3729820190,3729819841,3729820198,0,0,0,0,0,0,0,0,4096,256,131072,4,15|4,0,67108864,262144,256,0,0,0,0,720,0,708,0,180,177,0,1,720,0|518,162300067,11,46669536,0,0,0,0,0,49561934,0,178,0,2558012408,0,2558012408,0,2080,2540333782,0,28170990,0,0,0,0,0
1785917029328|1052|stationary_30min_formal_f2r_00023_67108864|rotating|312,1378943233,33558272,50283697,49586240,571391,0,571391,0,12108,0,6054,0,0,0,47370,47370,38678632,0,4096,0,0,0,6054,0,3716731448,0,3716731456,0,0,0,0,0,0,0,0,0,4096,256,131072,4,15|4,0,67108864,262144,256,0,0,0,0,724,0,712,0,181,178,0,1,724,0|518,3763969098,10,0,0,46661632,0,46661632,0,142966,0,0,178,0,0,0,0,0,0,0,5427923,0,0,0,0,0
1785917034341|1052|stationary_30min_formal_f2r_00023_67108864|fixed|314,1378943233,16777471,56464526,55682369,55822916,55682369,55822916,55682369,53394,53194,53192,53192,0,0,6798,0,1641969328,1638721692,4096,4096,0,0,53193,53193,4049775436,4049775385,4049775412,4049775393,0,0,0,0,0,0,0,0,4096,256,131072,4,15|4,0,67108864,262144,256,0,0,0,0,812,0,800,0,203,200,0,1,812,0|520,482069675,11,52484128,0,0,0,0,0,55740454,0,200,0,2876328368,0,2876328368,0,2080,2856948068,0,31020334,0,0,0,0,0
1785917034341|1052|stationary_30min_formal_f2r_00023_67108864|rotating|314,1378943233,33558272,56555105,55771224,642652,0,642652,0,13618,0,6809,0,0,0,53278,53278,43502328,0,4096,0,0,0,6809,0,4036858645,0,4036858653,0,0,0,0,0,0,0,0,0,4096,256,131072,4,15|4,0,67108864,262144,256,0,0,0,0,812,0,800,0,203,200,0,1,812,0|520,4084286444,10,0,0,52428800,0,52428800,0,160781,0,0,200,0,0,0,0,0,0,0,5480112,0,0,0,0,0
1785917039371|1052|stationary_30min_formal_f2r_00023_67108864|fixed|316,1378943233,16777471,62792875,61922697,62079340,61922697,62079340,61922697,59379,59156,59154,59154,0,0,7560,0,1826005969,1822382376,4096,4096,0,0,59155,59155,77965339,77965344,77965347,77965328,0,0,0,0,0,0,0,0,4096,256,131072,4,15|4,0,67108864,262144,256,0,0,0,0,900,0,888,0,225,222,0,1,900,0|522,804888776,11,58354048,0,0,0,0,0,61976914,0,222,0,3197679989,0,3197679989,0,2078,3176603768,0,33875804,0,0,0,0,0
1785917039371|1052|stationary_30min_formal_f2r_00023_67108864|rotating|316,1378943233,33558272,62885525,62014321,714574,0,714574,0,15142,0,7571,0,0,0,59241,59241,48370664,0,4096,0,0,0,7571,0,65033030,0,65033038,0,0,0,0,0,0,0,0,0,4096,256,131072,4,15|4,0,67108864,262144,256,0,0,0,0,900,0,888,0,225,222,0,1,900,0|522,112142206,11,0,0,58195968,0,58195968,0,178737,0,0,222,0,0,0,0,0,0,0,5528089,0,0,0,0,0
1785917044383|1052|stationary_30min_formal_f2r_00023_67108864|fixed|318,1378943233,16777471,69054442,68097635,68269742,68097635,68269742,68097635,65299,65054,65052,65052,0,0,8314,0,2008065288,2004083048,4096,4096,0,0,65053,65053,397555811,397555784,397555795,397555792,0,0,0,0,0,0,0,0,4096,256,131072,4,15|4,0,67108864,262144,256,0,0,0,0,988,0,976,0,247,244,0,1,988,0|524,1124180117,11,64160736,0,0,0,0,0,68145487,0,244,0,3515519658,0,3515519658,0,2080,3492736651,0,36728563,0,0,0,0,0
1785917044383|1052|stationary_30min_formal_f2r_00023_67108864|rotating|318,1378943233,33558272,69145075,68187232,785733,0,785733,0,16650,0,8325,0,0,0,65138,65138,53187912,0,4096,0,0,0,8325,0,384733892,0,384733900,0,0,0,0,0,0,0,0,0,4096,256,131072,4,15|4,0,67108864,262144,256,0,0,0,0,992,0,980,0,248,245,0,1,992,0|524,433343083,11,0,0,64225280,0,64225280,0,196622,0,0,245,0,0,0,0,0,0,0,5580202,0,0,0,0,0
1785917057225|1054|stationary_30min_formal_f2r_00025_16777216|fixed|324,1378943233,16777471,6143365,6058879,6073613,6058879,6073613,6058879,5815,5793,5792,5792,0,0,739,0,178802752,178458677,4096,4096,0,0,5793,5793,1219833562,1219833559,1219833522,1219833567,0,0,0,0,0,0,0,0,4096,256,131072,4,15|4,0,16777216,262144,64,0,0,0,0,96,0,84,0,24,21,0,1,96,0|538,1945947298,11,5750048,0,0,0,0,0,6099194,0,21,0,319647030,0,319647030,0,2080,312874314,0,9641823,0,0,0,0,0
1785917057225|1054|stationary_30min_formal_f2r_00025_16777216|rotating|324,1378943233,33558272,6206755,6120898,70598,0,70598,0,1496,0,748,0,0,0,5852,5852,4778928,0,4096,0,0,0,748,0,1205722618,0,1205722626,0,0,0,0,0,0,0,0,0,4096,256,131072,4,15|4,0,16777216,262144,64,0,0,0,0,100,0,88,0,25,22,0,1,100,0|538,1253567816,11,0,0,5767168,0,5767168,0,17791,0,0,22,0,0,0,0,0,0,0,6889603,0,0,0,0,0
1785917062233|1054|stationary_30min_formal_f2r_00025_16777216|fixed|326,1378943233,16781056,12412393,12241079,12271197,12241079,12271197,12241079,11748,11704,11704,11704,0,0,1496,0,361279520,360560416,4096,4096,0,0,11704,11704,1540137332,1540115889,1540137340,1540115897,0,0,0,0,0,0,0,0,4096,256,131072,4,15|4,0,16777216,262144,64,0,0,0,0,188,0,176,0,47,44,0,1,188,0|540,2266865608,11,11584632,0,0,0,0,0,12289581,0,44,0,639106694,0,639106694,0,2080,630502778,0,12620229,0,0,0,0,0
1785917062233|1054|stationary_30min_formal_f2r_00025_16777216|rotating|326,1378943233,33558272,12511905,12339544,142238,0,142238,0,3014,0,1507,0,0,0,11798,11798,9628168,0,4096,0,0,0,1507,0,1527694638,0,1527694646,0,0,0,0,0,0,0,0,0,4096,256,131072,4,15|4,0,16777216,262144,64,0,0,0,0,188,0,176,0,47,44,0,1,188,0|540,1574951864,11,0,0,11534336,0,11534336,0,35677,0,0,44,0,0,0,0,0,0,0,6939704,0,0,0,0,0
1785917072485|1055|stationary_30min_formal_f2r_00026_67108864|fixed|330,1378943233,16781056,6533818,6447973,6463692,6447973,6463692,6447973,11658,11636,5818,5818,0,0,743,0,179613296,179270408,4096,4096,0,0,5818,5818,2196157491,2196157824,2196157499,2196157832,0,0,0,0,0,0,0,0,4096,256,131072,4,15|4,0,67108864,262144,256,0,0,0,0,100,0,88,0,25,22,0,1,100,0|548,2923356639,11,5790880,0,0,0,0,0,6510286,0,22,0,320697553,0,320697553,0,2080,315181652,0,7917365,0,0,0,0,0
1785917072485|1055|stationary_30min_formal_f2r_00026_67108864|rotating|330,1378943233,33558272,6625135,6537641,71072,0,71072,0,1506,0,753,0,0,0,5899,5899,4810872,0,4096,0,0,0,753,0,2182964377,0,2182964385,0,0,0,0,0,0,0,0,0,4096,256,131072,4,15|4,0,67108864,262144,256,0,0,0,0,100,0,88,0,25,22,0,1,100,0|548,2231247567,11,0,0,5767168,0,5767168,0,17933,0,0,22,0,0,0,0,0,0,0,5024040,0,0,0,0,0
1785917077499|1055|stationary_30min_formal_f2r_00026_67108864|fixed|332,1378943233,16777471,13186362,13011836,13044787,13011836,13044787,13011836,23527,23482,11740,11740,0,0,1500,0,362463840,361745152,4096,4096,0,0,11741,11741,2517252929,2517252974,2517252937,2517252950,0,0,0,0,0,0,0,0,4096,256,131072,4,15|4,0,67108864,262144,256,0,0,0,0,188,0,176,0,47,44,0,1,188,0|550,3243713259,11,11621280,0,0,0,0,0,13061829,0,44,0,639596573,0,639596573,0,2080,632345963,0,10803138,0,0,0,0,0
1785917077499|1055|stationary_30min_formal_f2r_00026_67108864|rotating|332,1378943233,33558272,13254521,13079219,142333,0,142333,0,3016,0,1508,0,0,0,11801,11801,9634544,0,4096,0,0,0,1508,0,2503127979,0,2503127987,0,0,0,0,0,0,0,0,0,4096,256,131072,4,15|4,0,67108864,262144,256,0,0,0,0,188,0,176,0,47,44,0,1,188,0|550,2550165350,11,0,0,11534336,0,11534336,0,35677,0,0,44,0,0,0,0,0,0,0,5071005,0,0,0,0,0
1785917082510|1055|stationary_30min_formal_f2r_00026_67108864|fixed|334,1378943233,16781056,19851545,19588912,19638425,19588912,19638425,19588912,35417,35350,17675,17675,0,0,2258,0,545662600,544584952,4096,4096,0,0,17675,17675,2838813546,2838813879,2838813554,2838813887,0,0,0,0,0,0,0,0,4096,256,131072,4,15|4,0,67108864,262144,256,0,0,0,0,276,0,264,0,69,66,0,1,276,0|552,3565527222,11,17475392,0,0,0,0,0,19643903,0,66,0,959947008,0,959947008,0,2080,950966783,0,13688908,0,0,0,0,0
1785917082510|1055|stationary_30min_formal_f2r_00026_67108864|rotating|334,1378943233,33558272,19925443,19661927,213970,0,213970,0,4534,0,2267,0,0,0,17740,17740,14483720,0,4096,0,0,0,2267,0,2825010662,0,2825010670,0,0,0,0,0,0,0,0,0,4096,256,131072,4,15|4,0,67108864,262144,256,0,0,0,0,276,0,264,0,69,66,0,1,276,0|552,2872010359,11,0,0,17301504,0,17301504,0,53586,0,0,66,0,0,0,0,0,0,0,5118980,0,0,0,0,0
1785917087523|1055|stationary_30min_formal_f2r_00026_67108864|fixed|336,1378943233,16781056,26501067,26150562,26216499,26150562,26216499,26150562,47281,47193,23596,23596,0,0,3015,0,728455712,727018848,4096,4096,0,0,23596,23596,3159675185,3159675518,3159675193,3159675526,0,0,0,0,0,0,0,0,4096,256,131072,4,15|4,0,67108864,262144,256,0,0,0,0,364,0,352,0,91,88,0,1,364,0|554,3886860603,11,23313696,0,0,0,0,0,26215161,0,88,0,1279820813,0,1279820813,0,2080,1269107853,0,16574404,0,0,0,0,0
1785917087523|1055|stationary_30min_formal_f2r_00026_67108864|rotating|336,1378943233,33558272,26718092,26364486,286927,0,286927,0,6080,0,3040,0,0,0,23789,23789,19422384,0,4096,0,0,0,3040,0,3152713813,0,3152713821,0,0,0,0,0,0,0,0,0,4096,256,131072,4,15|4,0,67108864,262144,256,0,0,0,0,368,0,356,0,92,89,0,1,368,0|554,3200250557,11,0,0,23330816,0,23330816,0,71849,0,0,89,0,0,0,0,0,0,0,5170947,0,0,0,0,0
1785917092574|1055|stationary_30min_formal_f2r_00026_67108864|fixed|338,1378943233,16777471,33179380,32739846,32823087,32739846,32823087,32739846,59196,59085,29542,29542,0,0,3775,0,912019114,910206373,4096,4096,0,0,29542,29542,3482005512,3482005845,3482005520,3482005853,0,0,0,0,0,0,0,0,4096,256,131072,4,15|4,0,67108864,262144,256,0,0,0,0,456,0,444,0,114,111,0,1,456,0|556,4209661640,11,29184928,0,0,0,0,0,32814068,0,111,0,1601154042,0,1601154042,0,2080,1588580358,0,19590380,0,0,0,0,0
1785917092574|1055|stationary_30min_formal_f2r_00026_67108864|rotating|338,1378943233,33558272,33336698,32895420,357997,0,357997,0,7586,0,3793,0,0,0,29682,29682,24233280,0,4096,0,0,0,3793,0,3472016979,0,3472016987,0,0,0,0,0,0,0,0,0,4096,256,131072,4,15|4,0,67108864,262144,256,0,0,0,0,456,0,444,0,114,111,0,1,456,0|556,3519755075,11,0,0,29097984,0,29097984,0,89640,0,0,111,0,0,0,0,0,0,0,5214942,0,0,0,0,0
1785917097581|1055|stationary_30min_formal_f2r_00026_67108864|fixed|340,1378943233,16781056,39822755,39295259,39395011,39295259,39395011,39295259,71054,70922,35460,35460,0,0,4532,0,1094721120,1092549496,4096,4096,0,0,35460,35460,3802705834,3802706167,3802705842,3802706175,0,0,0,0,0,0,0,0,4096,256,131072,4,15|4,0,67108864,262144,256,0,0,0,0,544,0,532,0,136,133,0,1,544,0|558,234422010,12,34999520,0,0,0,0,0,39348998,0,133,0,1919428060,0,1919428060,0,2080,1905116703,0,22475723,0,0,0,0,0
1785917097581|1055|stationary_30min_formal_f2r_00026_67108864|rotating|340,1378943233,33558272,40010732,39481207,429722,0,429722,0,9106,0,4553,0,0,0,35627,35627,29088832,0,4096,0,0,0,4553,0,3794329004,0,3794329012,0,0,0,0,0,0,0,0,0,4096,256,131072,4,15|4,0,67108864,262144,256,0,0,0,0,548,0,536,0,137,134,0,1,548,0|558,3842483742,11,0,0,35127296,0,35127296,0,107596,0,0,134,0,0,0,0,0,0,0,5261547,0,0,0,0,0
1785917102581|1055|stationary_30min_formal_f2r_00026_67108864|fixed|342,1378943233,16777471,46441675,45826527,45942766,45826527,45942766,45826527,82874,82720,41358,41358,0,0,5286,0,1276825772,1274294679,4096,4096,0,0,41359,41359,4122378913,4122378926,4122378921,4122378934,0,0,0,0,0,0,0,0,4096,256,131072,4,15|4,0,67108864,262144,256,0,0,0,0,632,0,620,0,159,156,0,1,636,0|560,559163692,12,40902368,0,0,0,0,0,45981255,0,156,0,2242694030,0,2242694030,0,2080,2226527944,0,25492492,0,0,0,0,0
1785917102581|1055|stationary_30min_formal_f2r_00026_67108864|rotating|342,1378943233,33558272,46642617,46024586,501078,0,501078,0,10618,0,5309,0,0,0,41538,41538,33918888,0,4096,0,0,0,5309,0,4114726245,0,4114726253,0,0,0,0,0,0,0,0,0,4096,256,131072,4,15|4,0,67108864,262144,256,0,0,0,0,636,0,624,0,159,156,0,1,636,0|560,4164317392,11,0,0,40894464,0,40894464,0,125506,0,0,156,0,0,0,0,0,0,0,5309809,0,0,0,0,0
1785917107591|1055|stationary_30min_formal_f2r_00026_67108864|fixed|344,1378943233,16777471,53082050,52378954,52511788,52378954,52511788,52378954,94732,94556,47276,47276,0,0,6042,0,1459508506,1456618197,4096,4096,0,0,47277,47277,148087537,148087550,148087545,148087558,0,0,0,0,0,0,0,0,4096,256,131072,4,15|4,0,67108864,262144,256,0,0,0,0,724,0,712,0,181,178,0,1,724,0|562,879394285,12,46724864,0,0,0,0,0,52524844,0,178,0,2561468999,0,2561468999,0,2080,2543567560,0,28377212,0,0,0,0,0
1785917107591|1055|stationary_30min_formal_f2r_00026_67108864|rotating|344,1378943233,33558272,53388269,52681130,573565,0,573565,0,12154,0,6077,0,0,0,47549,47549,38825560,0,4096,0,0,0,6077,0,145508476,0,145508484,0,0,0,0,0,0,0,0,0,4096,256,131072,4,15|5,0,67108864,262144,256,0,0,0,0,728,0,716,0,182,179,0,1,728,0|562,194907892,12,0,0,46923776,0,46923776,0,143626,0,0,179,0,0,0,0,0,0,0,5353733,0,0,0,0,0
1785917112592|1055|stationary_30min_formal_f2r_00026_67108864|fixed|346,1378943233,16777471,59712957,58921984,59071441,58921984,59071441,58921984,106565,106367,53182,53182,0,0,6797,0,1641836228,1638586704,4096,4096,0,0,53183,53183,468140982,468140987,468140990,468140963,0,0,0,0,0,0,0,0,4096,256,131072,4,15|4,0,67108864,262144,256,0,0,0,0,812,0,800,0,203,200,0,1,812,0|564,1195841197,12,52484128,0,0,0,0,0,58993297,0,200,0,2876476095,0,2876476095,0,2080,2856824251,0,31263408,0,0,0,0,0
1785917112592|1055|stationary_30min_formal_f2r_00026_67108864|rotating|346,1378943233,33558272,59824371,59031458,642747,0,642747,0,13620,0,6810,0,0,0,53281,53281,43508720,0,4096,0,0,0,6810,0,456217641,0,456217649,0,0,0,0,0,0,0,0,0,4096,256,131072,4,15|4,0,67108864,262144,256,0,0,0,0,812,0,800,0,203,200,0,1,812,0|564,503315290,12,0,0,52428800,0,52428800,0,160781,0,0,200,0,0,0,0,0,0,0,5394762,0,0,0,0,0
1785917117596|1055|stationary_30min_formal_f2r_00026_67108864|fixed|348,1378943233,16781056,66352073,65472470,65639201,65472470,65639201,65472470,118409,118188,59093,59093,0,0,7553,0,1824319096,1820694280,4096,4096,0,0,59093,59093,788570489,788570822,788570497,788570830,0,0,0,0,0,0,0,0,4096,256,131072,4,15|4,0,67108864,262144,256,0,0,0,0,900,0,888,0,225,222,0,1,900,0|566,1514697636,12,58282912,0,0,0,0,0,65513878,0,222,0,3193882838,0,3193882838,0,2080,3172490993,0,34147685,0,0,0,0,0
1785917117596|1055|stationary_30min_formal_f2r_00026_67108864|rotating|348,1378943233,33558272,66422571,65542278,713535,0,713535,0,15120,0,7560,0,0,0,59155,59155,48300416,0,4096,0,0,0,7560,0,774230906,0,774230914,0,0,0,0,0,0,0,0,0,4096,256,131072,4,15|4,0,67108864,262144,256,0,0,0,0,900,0,888,0,225,222,0,1,900,0|566,822246963,12,0,0,58195968,0,58195968,0,178525,0,0,222,0,0,0,0,0,0,0,5440093,0,0,0,0,0
1785917122601|1055|stationary_30min_formal_f2r_00026_67108864|fixed|350,1378943233,16781056,72984712,72017501,72200579,72017501,72200579,72017501,130247,130004,65001,65001,0,0,8308,0,2006710872,2002726840,4096,4096,0,0,65001,65001,1108733825,1108734158,1108733833,1108734166,0,0,0,0,0,0,0,0,4096,256,131072,4,15|4,0,67108864,262144,256,0,0,0,0,988,0,976,0,247,244,0,1,988,0|568,1836021371,12,64121216,0,0,0,0,0,72082945,0,244,0,3513746997,0,3513746997,0,2080,3490622351,0,37033247,0,0,0,0,0
1785917122601|1055|stationary_30min_formal_f2r_00026_67108864|rotating|350,1378943233,33558272,73111196,72142614,785453,0,785453,0,16644,0,8322,0,0,0,65113,65113,53168728,0,4096,0,0,0,8322,0,1097402705,0,1097402713,0,0,0,0,0,0,0,0,0,4096,256,131072,4,15|4,0,67108864,262144,256,0,0,0,0,988,0,976,0,247,244,0,1,988,0|568,1145474869,12,0,0,63963136,0,63963136,0,196527,0,0,244,0,0,0,0,0,0,0,5481294,0,0,0,0,0
1785917135458|1057|stationary_30min_formal_f2r_00028_16777216|fixed|356,1378943233,16777471,6169915,6084870,6099883,6084870,6099883,6084870,5840,5819,5817,5817,0,0,742,0,179564137,179220812,4096,4096,0,0,5818,5818,1931660250,1931660223,1931660258,1931660231,0,0,0,0,0,0,0,0,4096,256,131072,4,15|4,0,16777216,262144,64,0,0,0,0,96,0,84,0,24,21,0,1,96,0|582,2657331326,12,5765856,0,0,0,0,0,6117155,0,21,0,319179031,0,319179031,0,2080,313758235,0,7845269,0,0,0,0,0
1785917135458|1057|stationary_30min_formal_f2r_00028_16777216|rotating|356,1378943233,33558272,6229278,6142815,70787,0,70787,0,1500,0,750,0,0,0,5873,5873,4791688,0,4096,0,0,0,750,0,1917208501,0,1917208509,0,0,0,0,0,0,0,0,0,4096,256,131072,4,15|4,0,16777216,262144,64,0,0,0,0,100,0,88,0,25,22,0,1,100,0|582,1964884608,12,0,0,5767168,0,5767168,0,17838,0,0,22,0,0,0,0,0,0,0,5123402,0,0,0,0,0
1785917140466|1057|stationary_30min_formal_f2r_00028_16777216|fixed|358,1378943233,16777471,12441203,12268818,12299723,12268818,12299723,12268818,11775,11731,11730,11730,0,0,1499,0,362084774,361366257,4096,4096,0,0,11730,11730,2252160395,2252160728,2252160403,2252160736,0,0,0,0,0,0,0,0,4096,256,131072,4,15|4,0,16777216,262144,64,0,0,0,0,188,0,176,0,47,44,0,1,188,0|584,2978683329,12,11613376,0,0,0,0,0,12317218,0,44,0,639069154,0,639069154,0,2080,631818267,0,10825521,0,0,0,0,0
1785917140466|1057|stationary_30min_formal_f2r_00028_16777216|rotating|358,1378943233,33558272,12517798,12344507,142333,0,142333,0,3016,0,1508,0,0,0,11802,11802,9634544,0,4096,0,0,0,1508,0,2238626973,0,2238626981,0,0,0,0,0,0,0,0,0,4096,256,131072,4,15|4,0,16777216,262144,64,0,0,0,0,188,0,176,0,47,44,0,1,188,0|584,2286510304,12,0,0,11534336,0,11534336,0,35725,0,0,44,0,0,0,0,0,0,0,5168807,0,0,0,0,0
1785917150691|1058|stationary_30min_formal_f2r_00029_16777216|fixed|362,1378943233,16777471,6116660,6032131,6046628,6032131,6046628,6032131,5833,5811,5810,5810,0,0,742,0,179348267,179007424,4096,4096,0,0,5811,5811,2906761433,2906761438,2906761441,2906761422,0,0,0,0,0,0,0,0,4096,256,131072,4,15|4,0,16777216,262144,64,0,0,0,0,96,0,84,0,24,21,0,1,96,0|592,3633097091,12,5767168,0,0,0,0,0,6074364,0,22,0,319838809,0,319838809,0,2057,313965092,0,8414554,0,0,0,0,0
1785917150691|1058|stationary_30min_formal_f2r_00029_16777216|rotating|362,1378943233,33558272,6174092,6088259,70692,0,70692,0,1498,0,749,0,0,0,5865,5865,4785304,0,4096,0,0,0,749,0,2892246893,0,2892246909,0,0,0,0,0,0,0,0,0,4096,256,131072,4,15|4,0,16777216,262144,64,0,0,0,0,100,0,88,0,25,22,0,1,100,0|592,2939851325,12,0,0,5767168,0,5767168,0,17791,0,0,22,0,0,0,0,0,0,0,5552650,0,0,0,0,0
1785917155704|1058|stationary_30min_formal_f2r_00029_16777216|fixed|364,1378943233,16777471,12344121,12172092,12202736,12172092,12202736,12172092,11772,11728,11726,11726,0,0,1498,0,361950296,361232386,4096,4096,0,0,11727,11727,3227440083,3227440072,3227440059,3227440080,0,0,0,0,0,0,0,0,4096,256,131072,4,15|4,0,16777216,262144,64,0,0,0,0,188,0,176,0,47,44,0,1,188,0|594,3954098558,12,11605472,0,0,0,0,0,12222837,0,44,0,639380700,0,639380700,0,2080,631758596,0,11315671,0,0,0,0,0
1785917155704|1058|stationary_30min_formal_f2r_00029_16777216|rotating|364,1378943233,33558272,12418805,12245986,142238,0,142238,0,3014,0,1507,0,0,0,11797,11797,9628168,0,4096,0,0,0,1507,0,3213672616,0,3213672624,0,0,0,0,0,0,0,0,0,4096,256,131072,4,15|4,0,16777216,262144,64,0,0,0,0,188,0,176,0,47,44,0,1,188,0|594,3260751057,12,0,0,11534336,0,11534336,0,35654,0,0,44,0,0,0,0,0,0,0,5596940,0,0,0,0,0
1785917170445|1060|stationary_30min_formal_f2r_00031_16777216|fixed|370,1378943233,16779144,6570618,6484420,6500210,6484420,6500210,6484420,11722,11700,5850,5850,0,0,746,0,180601200,180258312,4096,4096,0,0,5850,5850,4170911776,4170912109,4170911784,4170912117,0,0,0,0,0,0,0,0,4096,256,131072,4,15|4,0,16777216,262144,64,0,0,0,0,100,0,88,0,25,22,0,1,100,0|608,602587466,13,5814592,0,0,0,0,0,6535109,0,22,0,321854586,0,321854586,0,2080,316343913,0,7917196,0,0,0,0,0
1785917170445|1060|stationary_30min_formal_f2r_00031_16777216|rotating|370,1378943233,33558272,6652617,6564761,71355,0,71355,0,1512,0,756,0,0,0,5922,5922,4830056,0,4096,0,0,0,756,0,4157290155,0,4157290163,0,0,0,0,0,0,0,0,0,4096,256,131072,4,15|4,0,16777216,262144,64,0,0,0,0,100,0,88,0,25,22,0,1,100,0|608,4205428056,12,0,0,5767168,0,5767168,0,18004,0,0,22,0,0,0,0,0,0,0,5028247,0,0,0,0,0
1785917175447|1060|stationary_30min_formal_f2r_00031_16777216|fixed|372,1378943233,16777471,13205456,13030628,13063692,13030628,13063692,13030628,23562,23517,11758,11758,0,0,1502,0,362995424,362276746,4096,4096,0,0,11759,11759,196255616,196255605,196255592,196255613,0,0,0,0,0,0,0,0,4096,256,131072,4,15|4,0,16777216,262144,64,0,0,0,0,188,0,176,0,47,44,0,1,188,0|610,922928611,13,11637088,0,0,0,0,0,13085559,0,44,0,640740107,0,640740107,0,2080,633492954,0,10803043,0,0,0,0,0
1785917175447|1060|stationary_30min_formal_f2r_00031_16777216|rotating|372,1378943233,33558272,13277265,13101664,142522,0,142522,0,3020,0,1510,0,0,0,11822,11822,9647304,0,4096,0,0,0,1510,0,182056765,0,182056773,0,0,0,0,0,0,0,0,0,4096,256,131072,4,15|4,0,16777216,262144,64,0,0,0,0,188,0,176,0,47,44,0,1,188,0|610,230030396,13,0,0,11534336,0,11534336,0,35772,0,0,44,0,0,0,0,0,0,0,5075994,0,0,0,0,0
1785917185795|1061|stationary_30min_formal_f2r_00032_16777216|fixed|376,1378943233,16777471,6530028,6444162,6459902,6444162,6459902,6444162,5843,5822,5820,5820,0,0,743,0,179605754,179262789,4096,4096,0,0,5821,5821,858404828,858404809,858404836,858404817,0,0,0,0,0,0,0,0,4096,256,131072,4,15|4,0,16777216,262144,64,0,0,0,0,96,0,84,0,24,21,0,1,96,0|618,1584132706,13,5767168,0,0,0,0,0,6477641,0,22,0,319368338,0,319368338,0,2080,313965091,0,7799660,0,0,0,0,0
1785917185795|1061|stationary_30min_formal_f2r_00032_16777216|rotating|376,1378943233,33558272,6593088,6505771,70882,0,70882,0,1502,0,751,0,0,0,5877,5877,4798072,0,4096,0,0,0,751,0,844193932,0,844193940,0,0,0,0,0,0,0,0,0,4096,256,131072,4,15|4,0,16777216,262144,64,0,0,0,0,100,0,88,0,25,22,0,1,100,0|618,891885689,13,0,0,5767168,0,5767168,0,17862,0,0,22,0,0,0,0,0,0,0,5015596,0,0,0,0,0
1785917190810|1061|stationary_30min_formal_f2r_00032_16777216|fixed|378,1378943233,16777471,13177801,13003162,13036131,13003162,13036131,13003162,11790,11746,11745,11744,0,0,1501,0,362399746,361681389,4096,4096,0,0,11745,11745,1179538214,1179538323,1179538222,1179538331,0,0,0,0,0,0,0,0,4096,256,131072,4,15|4,0,16777216,262144,64,0,0,0,0,188,0,176,0,47,44,0,1,188,0|620,1906794138,13,11637088,0,0,0,0,0,13069374,0,44,0,640562290,0,640562290,0,2080,633356207,0,10762014,0,0,0,0,0
1785917190810|1061|stationary_30min_formal_f2r_00032_16777216|rotating|378,1378943233,33558272,13285159,13109356,142805,0,142805,0,3026,0,1513,0,0,0,11840,11840,9666488,0,4096,0,0,0,1513,0,1167348585,0,1167348593,0,0,0,0,0,0,0,0,0,4096,256,131072,4,15|4,0,16777216,262144,64,0,0,0,0,188,0,176,0,47,44,0,1,188,0|620,1214605029,13,0,0,11534336,0,11534336,0,35819,0,0,44,0,0,0,0,0,0,0,5060747,0,0,0,0,0
1785917205456|1063|stationary_30min_formal_f2r_00034_16777216|fixed|384,1378943233,16777471,6127114,6042430,6056988,6042430,6056988,6042430,5843,5823,5820,5820,0,0,743,0,179668277,179327384,4096,4096,0,0,5821,5821,2116778593,2116778574,2116778601,2116778590,0,0,0,0,0,0,0,0,4096,256,131072,4,15|4,0,16777216,262144,64,0,0,0,0,100,0,88,0,25,22,0,1,100,0|634,2846789031,13,5846208,0,0,0,0,0,6155005,0,22,0,324002321,0,324002321,0,2080,318147566,0,8412788,0,0,0,0,0
1785917205456|1063|stationary_30min_formal_f2r_00034_16777216|rotating|384,1378943233,33558272,6314967,6227366,72302,0,72302,0,1532,0,766,0,0,0,5999,5999,4893952,0,4096,0,0,0,766,0,2109017846,0,2109017854,0,0,0,0,0,0,0,0,0,4096,256,131072,4,15|4,0,16777216,262144,64,0,0,0,0,104,0,92,0,26,23,0,1,104,0|634,2171561379,13,0,0,6029312,0,6029312,0,19042,0,0,23,0,0,0,0,0,0,0,5586586,0,0,0,0,0
1785917210461|1063|stationary_30min_formal_f2r_00034_16777216|fixed|386,1378943233,16781056,12351608,12179267,12210128,12179267,12210128,12179267,11779,11736,11734,11734,0,0,1499,0,362196168,361478592,4096,4096,0,0,11734,11734,2437318480,2437318813,2437318488,2437318821,0,0,0,0,0,0,0,0,4096,256,131072,4,15|4,0,16777216,262144,64,0,0,0,0,188,0,176,0,47,44,0,1,188,0|636,3165036195,13,11637088,0,0,0,0,0,12250629,0,44,0,640801765,0,640801765,0,2080,633227091,0,11275286,0,0,0,0,0
1785917210461|1063|stationary_30min_formal_f2r_00034_16777216|rotating|386,1378943233,33558272,12456994,12283483,142710,0,142710,0,3024,0,1512,0,0,0,11834,11834,9660088,0,4096,0,0,0,1512,0,2425290290,0,2425290298,0,0,0,0,0,0,0,0,0,4096,256,131072,4,15|4,0,16777216,262144,64,0,0,0,0,188,0,176,0,47,44,0,1,188,0|636,2472398577,13,0,0,11534336,0,11534336,0,35772,0,0,44,0,0,0,0,0,0,0,5633073,0,0,0,0,0
1785917270065|1078|stationary_30min_formal_r2f_00001_16777216|fixed|418,1378943233,16781056,6539071,6453354,70018,0,70018,0,1486,0,743,0,0,0,5822,5822,4746960,0,4096,0,0,0,743,0,1956686144,0,1956686152,0,0,0,0,0,0,0,0,0,4096,256,131072,4,15|5,0,16777216,262144,64,0,0,0,0,100,0,88,0,25,22,0,1,100,0|728,2683635672,14,0,0,5767168,0,5767168,0,17669,0,0,22,0,0,0,0,0,0,0,5026442,0,0,0,0,0
1785917270065|1078|stationary_30min_formal_r2f_00001_16777216|rotating|418,1378943233,33554687,6634026,6546573,6562972,6546573,6562972,6546573,11839,11816,5907,5907,0,0,754,0,182373687,182014218,4096,4096,0,0,5908,5908,1944316245,1944316258,1944316253,1944316266,0,0,0,0,0,0,0,0,4096,256,131072,4,15|4,0,16777216,262144,64,0,0,0,0,100,0,88,0,25,22,0,1,100,0|728,1991559299,14,5869920,0,0,0,0,0,6591620,0,22,0,324603105,0,324603105,0,2080,319129390,0,7892199,0,0,0,0,0
1785917275076|1078|stationary_30min_formal_r2f_00001_16777216|fixed|420,1378943233,16781056,13184095,13009759,141354,0,141354,0,3000,0,1500,0,0,0,11739,11739,9583400,0,4096,0,0,0,1500,0,2277488046,0,2277488054,0,0,0,0,0,0,0,0,0,4096,256,131072,4,15|4,0,16777216,262144,64,0,0,0,0,188,0,176,0,47,44,0,1,188,0|730,3003566545,14,0,0,11534336,0,11534336,0,35432,0,0,44,0,0,0,0,0,0,0,5072581,0,0,0,0,0
1785917275076|1078|stationary_30min_formal_r2f_00001_16777216|rotating|420,1378943233,33554687,13263419,13088219,13121217,13088219,13121217,13088219,23665,23620,11809,11809,0,0,1509,0,364584129,363865452,4096,4096,0,0,11810,11810,2264138161,2264138142,2264138169,2264138150,0,0,0,0,0,0,0,0,4096,256,131072,4,15|4,0,16777216,262144,64,0,0,0,0,188,0,176,0,47,44,0,1,188,0|730,2312415902,14,11700320,0,0,0,0,0,13154659,0,44,0,644002108,0,644002108,0,2080,636818202,0,10753454,0,0,0,0,0
1785917285277|1079|stationary_30min_formal_r2f_00002_67108864|fixed|424,1378943233,16781056,6526439,6440878,69924,0,69924,0,1484,0,742,0,0,0,5815,5815,4740560,0,4096,0,0,0,742,0,2930273909,0,2930273917,0,0,0,0,0,0,0,0,0,4096,256,131072,4,15|5,0,67108864,262144,256,0,0,0,0,100,0,88,0,25,22,0,1,100,0|738,3657108355,14,0,0,5767168,0,5767168,0,17645,0,0,22,0,0,0,0,0,0,0,5029814,0,0,0,0,0
1785917285277|1079|stationary_30min_formal_r2f_00002_67108864|rotating|424,1378943233,33558272,6603447,6516257,6532581,6516257,6532581,6516257,5907,5884,5884,5884,0,0,752,0,181556704,181197664,4096,4096,0,0,5884,5884,2917063319,2917063652,2917063327,2917063660,0,0,0,0,0,0,0,0,4096,256,131072,4,15|4,0,67108864,262144,256,0,0,0,0,100,0,88,0,25,22,0,1,100,0|738,2964051434,14,5838304,0,0,0,0,0,6555908,0,22,0,323089311,0,323089311,0,2080,317604916,0,7896038,0,0,0,0,0
1785917290280|1079|stationary_30min_formal_r2f_00002_67108864|fixed|426,1378943233,16781056,13155927,12981957,141165,0,141165,0,2996,0,1498,0,0,0,11721,11721,9570616,0,4096,0,0,0,1498,0,3250647015,0,3250647023,0,0,0,0,0,0,0,0,0,4096,256,131072,4,15|4,0,67108864,262144,256,0,0,0,0,188,0,176,0,47,44,0,1,188,0|740,3977283184,14,0,0,11534336,0,11534336,0,35432,0,0,44,0,0,0,0,0,0,0,5071924,0,0,0,0,0
1785917290280|1079|stationary_30min_formal_r2f_00002_67108864|rotating|426,1378943233,33554687,13238317,13063474,13096302,13063474,13096302,13063474,11841,11796,11795,11795,0,0,1507,0,363948960,363230627,4096,4096,0,0,11796,11796,3237385834,3237385847,3237385842,3237385855,0,0,0,0,0,0,0,0,4096,256,131072,4,15|4,0,67108864,262144,256,0,0,0,0,188,0,176,0,47,44,0,1,188,0|740,3285808047,14,11692416,0,0,0,0,0,13132867,0,44,0,643382396,0,643382396,0,2080,636191845,0,10758349,0,0,0,0,0
1785917295283|1079|stationary_30min_formal_r2f_00002_67108864|fixed|428,1378943233,16781056,19791848,19530273,212314,0,212314,0,4506,0,2253,0,0,0,17633,17633,14394312,0,4096,0,0,0,2253,0,3570775117,0,3570775125,0,0,0,0,0,0,0,0,0,4096,256,131072,4,15|4,0,67108864,262144,256,0,0,0,0,276,0,264,0,69,66,0,1,276,0|742,2689398,15,0,0,17301504,0,17301504,0,53220,0,0,66,0,0,0,0,0,0,0,5124916,0,0,0,0,0
1785917295283|1079|stationary_30min_formal_r2f_00002_67108864|rotating|428,1378943233,33558272,19863763,19601428,19650695,19601428,19650695,19601428,17765,17698,17698,17698,0,0,2261,0,546089488,545012368,4096,4096,0,0,17698,17698,3557224127,3557224460,3557224135,3557224468,0,0,0,0,0,0,0,0,4096,256,131072,4,15|4,0,67108864,262144,256,0,0,0,0,276,0,264,0,69,66,0,1,276,0|742,3604328460,14,17483296,0,0,0,0,0,19642943,0,66,0,960455089,0,960455089,0,2080,951556716,0,13608750,0,0,0,0,0
1785917300313|1079|stationary_30min_formal_r2f_00002_67108864|fixed|430,1378943233,16781056,26495243,26145383,284217,0,284217,0,6032,0,3016,0,0,0,23607,23607,19269024,0,4096,0,0,0,3016,0,3894336319,0,3894336335,0,0,0,0,0,0,0,0,0,4096,256,131072,4,15|4,0,67108864,262144,256,0,0,0,0,364,0,352,0,91,88,0,1,364,0|744,326940740,15,0,0,23068672,0,23068672,0,71242,0,0,88,0,0,0,0,0,0,0,5172290,0,0,0,0,0
1785917300313|1079|stationary_30min_formal_r2f_00002_67108864|rotating|430,1378943233,33558272,26594004,26242323,26308659,26242323,26308659,26242323,23785,23695,23695,23695,0,0,3028,0,731132920,729680440,4096,4096,0,0,23695,23695,3882252968,3882253301,3882252976,3882253309,0,0,0,0,0,0,0,0,4096,256,131072,4,15|4,0,67108864,262144,256,0,0,0,0,368,0,356,0,92,89,0,1,368,0|744,3929365058,14,23394048,0,0,0,0,0,26283667,0,89,0,1284013999,0,1284013999,0,2080,1273304650,0,16583463,0,0,0,0,0
1785917305319|1079|stationary_30min_formal_r2f_00002_67108864|fixed|432,1378943233,16781056,33097743,32660544,355080,0,355080,0,7536,0,3768,0,0,0,29489,29489,24073496,0,4096,0,0,0,3768,0,4213170139,0,4213170147,0,0,0,0,0,0,0,0,0,4096,256,131072,4,15|5,0,67108864,262144,256,0,0,0,0,456,0,444,0,114,111,0,1,456,0|746,645032616,15,0,0,29097984,0,29097984,0,88934,0,0,111,0,0,0,0,0,0,0,5220257,0,0,0,0,0
1785917305319|1079|stationary_30min_formal_r2f_00002_67108864|rotating|432,1378943233,33554687,33184479,32745538,32828362,32745538,32828362,32745538,29679,29567,29566,29566,0,0,3779,0,912300469,910488696,4096,4096,0,0,29567,29567,4200422224,4200422237,4200422232,4200422245,0,0,0,0,0,0,0,0,4096,256,131072,4,15|4,0,67108864,262144,256,0,0,0,0,456,0,444,0,114,111,0,1,456,0|746,4248053684,14,29192832,0,0,0,0,0,32797741,0,111,0,1601252929,0,1601252929,0,2080,1588842664,0,19428655,0,0,0,0,0
1785917310327|1079|stationary_30min_formal_r2f_00002_67108864|fixed|434,1378943233,16781056,39737852,39212256,426415,0,426415,0,9050,0,4525,0,0,0,35403,35403,28909936,0,4096,0,0,0,4525,0,238986754,0,238986762,0,0,0,0,0,0,0,0,0,4096,256,131072,4,15|4,0,67108864,262144,256,0,0,0,0,544,0,532,0,136,133,0,1,544,0|748,966034783,15,0,0,34865152,0,34865152,0,106769,0,0,133,0,0,0,0,0,0,0,5269297,0,0,0,0,0
1785917310327|1079|stationary_30min_formal_r2f_00002_67108864|rotating|434,1378943233,33558272,39834399,39307845,39407041,39307845,39407041,39307845,35624,35489,35489,35489,0,0,4535,0,1095048584,1092878024,4096,4096,0,0,35489,35489,226349294,226349627,226349302,226349635,0,0,0,0,0,0,0,0,4096,256,131072,4,15|4,0,67108864,262144,256,0,0,0,0,544,0,532,0,136,133,0,1,544,0|748,273104279,15,35007424,0,0,0,0,0,39341619,0,133,0,1919817172,0,1919817172,0,2080,1905709831,0,22273401,0,0,0,0,0
1785917315337|1079|stationary_30min_formal_r2f_00002_67108864|fixed|436,1378943233,16781056,46381475,45768316,497564,0,497564,0,10560,0,5280,0,0,0,41317,41317,33733640,0,4096,0,0,0,5280,0,559109514,0,559109522,0,0,0,0,0,0,0,0,0,4096,256,131072,4,15|4,0,67108864,262144,256,0,0,0,0,632,0,620,0,158,155,0,1,632,0|750,1285999704,15,0,0,40632320,0,40632320,0,124532,0,0,155,0,0,0,0,0,0,0,5322560,0,0,0,0,0
1785917315337|1079|stationary_30min_formal_r2f_00002_67108864|rotating|436,1378943233,33554687,46460634,45846620,45962220,45846620,45962220,45846620,41545,41389,41388,41388,0,0,5289,0,1277067505,1274537572,4096,4096,0,0,41388,41388,545988638,545988971,545988646,545988979,0,0,0,0,0,0,0,0,4096,256,131072,4,15|4,0,67108864,262144,256,0,0,0,0,632,0,620,0,158,155,0,1,632,0|750,592739929,15,40822016,0,0,0,0,0,45879997,0,155,0,2237999174,0,2237999174,0,2080,2222194439,0,25118465,0,0,0,0,0
1785917320337|1079|stationary_30min_formal_r2f_00002_67108864|fixed|438,1378943233,16780817,53017690,52316807,568774,0,568774,0,12071,0,6035,0,0,0,47226,47226,38558777,0,4096,0,0,0,6036,0,879661156,0,879661164,0,0,0,0,0,0,0,0,0,4096,256,131072,4,15|4,0,67108864,262144,256,0,0,0,0,720,0,708,0,180,177,0,1,720,0|752,1606269990,15,0,0,46399488,0,46399488,0,142343,0,0,177,0,0,0,0,0,0,0,5364757,0,0,0,0,0
1785917320337|1079|stationary_30min_formal_r2f_00002_67108864|rotating|438,1378943233,33554687,53089981,52388277,52520420,52388277,52520420,52388277,47470,47292,47290,47290,0,0,6044,0,1459190317,1456301424,4096,4096,0,0,47291,47291,865820779,865820792,865820787,865820800,0,0,0,0,0,0,0,0,4096,256,131072,4,15|4,0,67108864,262144,256,0,0,0,0,720,0,708,0,180,177,0,1,720,0|752,912871936,15,46644512,0,0,0,0,0,52427911,0,177,0,2556675557,0,2556675557,0,2080,2539174936,0,27963718,0,0,0,0,0
1785917325348|1079|stationary_30min_formal_r2f_00002_67108864|fixed|440,1378943233,16781056,59665664,58877104,640049,0,640049,0,13584,0,6792,0,0,0,53146,53146,43393648,0,4096,0,0,0,6792,0,1200214577,0,1200214585,0,0,0,0,0,0,0,0,0,4096,256,131072,4,15|4,0,67108864,262144,256,0,0,0,0,808,0,796,0,203,200,0,1,812,0|754,1927673958,15,0,0,52428800,0,52428800,0,160200,0,0,200,0,0,0,0,0,0,0,5420753,0,0,0,0,0
1785917325348|1079|stationary_30min_formal_r2f_00002_67108864|rotating|440,1378943233,33558272,59758875,58968584,59117792,58968584,59117792,58968584,53431,53230,53229,53229,0,0,6803,0,1642434024,1639170024,4096,4096,0,0,53229,53229,1187701868,1187702201,1187701876,1187702209,0,0,0,0,0,0,0,0,4096,256,131072,4,15|4,0,67108864,262144,256,0,0,0,0,812,0,800,0,203,200,0,1,812,0|754,1235304748,15,52507840,0,0,0,0,0,59018965,0,200,0,2877642537,0,2877642537,0,2080,2858321255,0,30937934,0,0,0,0,0
1785917330356|1079|stationary_30min_formal_r2f_00002_67108864|fixed|442,1378943233,16781056,66306715,65429850,711288,0,711288,0,15096,0,7548,0,0,0,59058,59058,48223728,0,4096,0,0,0,7548,0,1520443283,0,1520443291,0,0,0,0,0,0,0,0,0,4096,256,131072,4,15|4,0,67108864,262144,256,0,0,0,0,900,0,888,0,225,222,0,1,900,0|756,2247318330,15,0,0,58195968,0,58195968,0,177963,0,0,222,0,0,0,0,0,0,0,5466860,0,0,0,0,0
1785917330356|1079|stationary_30min_formal_r2f_00002_67108864|rotating|442,1378943233,33554687,66390905,65513081,65678673,65513081,65678673,65513081,59358,59135,59133,59133,0,0,7558,0,1824611662,1820988369,4096,4096,0,0,59134,59134,1507633028,1507633041,1507633036,1507633049,0,0,0,0,0,0,0,0,4096,256,131072,4,15|4,0,67108864,262144,256,0,0,0,0,900,0,888,0,225,222,0,1,900,0|756,1555180887,15,58322432,0,0,0,0,0,65562670,0,222,0,3196065028,0,3196065028,0,2080,3175046236,0,33783114,0,0,0,0,0
1785917335358|1079|stationary_30min_formal_r2f_00002_67108864|fixed|444,1378943233,16781056,72941992,71977467,782436,0,782436,0,16606,0,8303,0,0,0,64964,64964,53047384,0,4096,0,0,0,8303,0,1840691983,0,1840691991,0,0,0,0,0,0,0,0,0,4096,256,131072,4,15|4,0,67108864,262144,256,0,0,0,0,988,0,976,0,247,244,0,1,988,0|758,2567985185,15,0,0,63963136,0,63963136,0,195774,0,0,244,0,0,0,0,0,0,0,5511228,0,0,0,0,0
1785917335358|1079|stationary_30min_formal_r2f_00002_67108864|rotating|444,1378943233,33554687,73051356,72085676,72267786,72085676,72267786,72085676,65308,65063,65061,65061,0,0,8315,0,2007547794,2003565461,4096,4096,0,0,65062,65062,1828859146,1828859159,1828859154,1828859167,0,0,0,0,0,0,0,0,4096,256,131072,4,15|4,0,67108864,262144,256,0,0,0,0,988,0,976,0,247,244,0,1,988,0|758,1876465964,15,64168640,0,0,0,0,0,72135778,0,244,0,3515888553,0,3515888553,0,2080,3493179315,0,36628018,0,0,0,0,0
1785917348105|1081|stationary_30min_formal_r2f_00004_16777216|fixed|450,1378943233,16781056,6118749,6034322,69830,0,69830,0,1482,0,741,0,0,0,5807,5807,4734160,0,4096,0,0,0,741,0,2656459137,0,2656459145,0,0,0,0,0,0,0,0,0,4096,256,131072,4,15|4,0,16777216,262144,64,0,0,0,0,96,0,84,0,25,22,0,1,100,0|772,3383304659,15,0,0,5767168,0,5767168,0,17622,0,0,22,0,0,0,0,0,0,0,5584576,0,0,0,0,0
1785917348105|1081|stationary_30min_formal_r2f_00004_16777216|rotating|450,1378943233,33554687,6192361,6106332,6121590,6106332,6121590,6106332,5900,5878,5876,5876,0,0,751,0,181396396,181039119,4096,4096,0,0,5877,5877,2643296043,2643296048,2643296051,2643296056,0,0,0,0,0,0,0,0,4096,256,131072,4,15|4,0,16777216,262144,64,0,0,0,0,100,0,88,0,25,22,0,1,100,0|772,2690266442,15,5830400,0,0,0,0,0,6143224,0,22,0,323091752,0,323091752,0,2080,317204695,0,8441588,0,0,0,0,0
1785917353118|1081|stationary_30min_formal_r2f_00004_16777216|fixed|452,1378943233,16781056,12356637,12184527,141165,0,141165,0,2996,0,1498,0,0,0,11726,11726,9570616,0,4096,0,0,0,1498,0,2977255456,0,2977255464,0,0,0,0,0,0,0,0,0,4096,256,131072,4,15|4,0,16777216,262144,64,0,0,0,0,188,0,176,0,47,44,0,1,188,0|774,3704089375,15,0,0,11534336,0,11534336,0,35432,0,0,44,0,0,0,0,0,0,0,5629299,0,0,0,0,0
1785917353118|1081|stationary_30min_formal_r2f_00004_16777216|rotating|452,1378943233,33554687,12431218,12258321,12289203,12258321,12289203,12258321,11843,11799,11797,11797,0,0,1507,0,364153485,363436368,4096,4096,0,0,11798,11798,2964116819,2964116816,2964116827,2964116824,0,0,0,0,0,0,0,0,4096,256,131072,4,15|4,0,16777216,262144,64,0,0,0,0,188,0,176,0,47,44,0,1,188,0|774,3011005308,15,11660800,0,0,0,0,0,12293587,0,44,0,642373018,0,642373018,0,2080,634780707,0,11297906,0,0,0,0,0
1785917363370|1082|stationary_30min_formal_r2f_00005_67108864|fixed|456,1378943233,16781056,6144209,6058304,69643,0,69643,0,1478,0,739,0,0,0,5792,5792,4721392,0,4096,0,0,0,739,0,3633602335,0,3633602343,0,0,0,0,0,0,0,0,0,4096,256,131072,4,15|4,0,67108864,262144,256,0,0,0,0,96,0,84,0,24,21,0,1,96,0|782,65345406,16,0,0,5505024,0,5505024,0,17551,0,0,21,0,0,0,0,0,0,0,6892514,0,0,0,0,0
1785917363370|1082|stationary_30min_formal_r2f_00005_67108864|rotating|456,1378943233,33554687,6221477,6134061,6150894,6134061,6150894,6134061,5889,5865,5865,5865,0,0,749,0,181038972,180679871,4096,4096,0,0,5865,5865,3620661837,3620662146,3620661845,3620662154,0,0,0,0,0,0,0,0,4096,256,131072,4,15|4,0,67108864,262144,256,0,0,0,0,100,0,88,0,25,22,0,1,100,0|782,3668254240,15,5830400,0,0,0,0,0,6183721,0,22,0,324094026,0,324094026,0,2080,317188808,0,9787156,0,0,0,0,0
1785917368371|1082|stationary_30min_formal_r2f_00005_67108864|fixed|458,1378943233,16781056,12420467,12247466,140976,0,140976,0,2992,0,1496,0,0,0,11709,11709,9557856,0,4096,0,0,0,1496,0,3954281082,0,3954281090,0,0,0,0,0,0,0,0,0,4096,256,131072,4,15|4,0,67108864,262144,256,0,0,0,0,188,0,176,0,47,44,0,1,188,0|784,386968699,16,0,0,11534336,0,11534336,0,35432,0,0,44,0,0,0,0,0,0,0,6938480,0,0,0,0,0
1785917368371|1082|stationary_30min_formal_r2f_00005_67108864|rotating|458,1378943233,33554687,12517621,12343463,12375512,12343463,12375512,12343463,11848,11801,11800,11800,0,0,1508,0,364268710,363547577,4096,4096,0,0,11801,11801,3942308338,3942308327,3942308346,3942308335,0,0,0,0,0,0,0,0,4096,256,131072,4,15|4,0,67108864,262144,256,0,0,0,0,188,0,176,0,47,44,0,1,188,0|784,3989116455,15,11668704,0,0,0,0,0,12377658,0,44,0,643496665,0,643496665,0,2080,634878132,0,12653232,0,0,0,0,0
1785917373376|1082|stationary_30min_formal_r2f_00005_67108864|fixed|460,1378943233,16781056,18679339,18420358,212030,0,212030,0,4500,0,2250,0,0,0,17605,17605,14375120,0,4096,0,0,0,2250,0,4274107429,0,4274107437,0,0,0,0,0,0,0,0,0,4096,256,131072,4,15|4,0,67108864,262144,256,0,0,0,0,276,0,264,0,69,66,0,1,276,0|786,704901775,16,0,0,17301504,0,17301504,0,53102,0,0,66,0,0,0,0,0,0,0,6978539,0,0,0,0,0
1785917373376|1082|stationary_30min_formal_r2f_00005_67108864|rotating|460,1378943233,33554687,18730514,18470853,18517917,18470853,18517917,18470853,17723,17654,17653,17653,0,0,2256,0,544936849,543856796,4096,4096,0,0,17654,17654,4259478161,4259478134,4259478169,4259478142,0,0,0,0,0,0,0,0,4096,256,131072,4,15|4,0,67108864,262144,256,0,0,0,0,276,0,264,0,69,66,0,1,276,0|786,11541788,16,17435872,0,0,0,0,0,18508559,0,66,0,959447502,0,959447502,0,2080,949116051,0,15503638,0,0,0,0,0
1785917378391|1082|stationary_30min_formal_r2f_00005_67108864|fixed|462,1378943233,16781056,24967637,24620867,283368,0,283368,0,6014,0,3007,0,0,0,23528,23528,19211544,0,4096,0,0,0,3007,0,300130816,0,300130824,0,0,0,0,0,0,0,0,0,4096,256,131072,4,15|4,0,67108864,262144,256,0,0,0,0,364,0,352,0,91,88,0,1,364,0|788,1027401941,16,0,0,23068672,0,23068672,0,71007,0,0,88,0,0,0,0,0,0,0,7023459,0,0,0,0,0
1785917378391|1082|stationary_30min_formal_r2f_00005_67108864|rotating|462,1378943233,33554687,25072913,24724991,24788415,24724991,24788415,24724991,23719,23628,23627,23627,0,0,3019,0,729345376,727906669,4096,4096,0,0,23628,23628,288191422,288191379,288191382,288191387,0,0,0,0,0,0,0,0,4096,256,131072,4,15|4,0,67108864,262144,256,0,0,0,0,368,0,356,0,92,89,0,1,368,0|788,336771155,16,23354528,0,0,0,0,0,24789970,0,89,0,1283197205,0,1283197205,0,2080,1271049216,0,18485610,0,0,0,0,0
1785917383397|1082|stationary_30min_formal_r2f_00005_67108864|fixed|464,1378943233,16781056,31246260,30813818,354612,0,354612,0,7526,0,3763,0,0,0,29446,29446,24041576,0,4096,0,0,0,3763,0,620693800,0,620693808,0,0,0,0,0,0,0,0,0,4096,256,131072,4,15|4,0,67108864,262144,256,0,0,0,0,452,0,440,0,113,110,0,1,452,0|790,1347261302,16,0,0,28835840,0,28835840,0,88770,0,0,110,0,0,0,0,0,0,0,7068751,0,0,0,0,0
1785917383397|1082|stationary_30min_formal_r2f_00005_67108864|rotating|464,1378943233,33554687,31313521,30880197,30958160,30880197,30958160,30880197,29624,29511,29510,29510,0,0,3771,0,910927048,909128048,4096,4096,0,0,29511,29511,606960222,606960211,606960206,606960219,0,0,0,0,0,0,0,0,4096,256,131072,4,15|4,0,67108864,262144,256,0,0,0,0,456,0,444,0,114,111,0,1,456,0|790,654584220,16,29129600,0,0,0,0,0,30926204,0,111,0,1599566502,0,1599566502,0,2080,1585702056,0,21341252,0,0,0,0,0
1785917388397|1082|stationary_30min_formal_r2f_00005_67108864|fixed|466,1378943233,16781056,37512763,36992781,425662,0,425662,0,9034,0,4517,0,0,0,35350,35350,28858824,0,4096,0,0,0,4517,0,940400880,0,940400888,0,0,0,0,0,0,0,0,0,4096,256,131072,4,15|4,0,67108864,262144,256,0,0,0,0,544,0,532,0,136,133,0,1,544,0|792,1668086818,16,0,0,34865152,0,34865152,0,106627,0,0,133,0,0,0,0,0,0,0,7123086,0,0,0,0,0
1785917388397|1082|stationary_30min_formal_r2f_00005_67108864|rotating|466,1378943233,33554687,37618141,37096249,37191254,37096249,37191254,37096249,35586,35450,35449,35449,0,0,4530,0,1094249688,1092075240,4096,4096,0,0,35450,35450,928885155,928885152,928885123,928885120,0,0,0,0,0,0,0,0,4096,256,131072,4,15|4,0,67108864,262144,256,0,0,0,0,544,0,532,0,136,133,0,1,544,0|792,977961565,16,35015328,0,0,0,0,0,37173918,0,133,0,1921472415,0,1921472415,0,2080,1905909754,0,24202410,0,0,0,0,0
1785917393407|1082|stationary_30min_formal_r2f_00005_67108864|fixed|468,1378943233,16781056,43793847,43186158,496998,0,496998,0,10548,0,5274,0,0,0,41266,41266,33695264,0,4096,0,0,0,5274,0,1261200710,0,1261200718,0,0,0,0,0,0,0,0,0,4096,256,131072,4,15|4,0,67108864,262144,256,0,0,0,0,632,0,620,0,158,155,0,1,632,0|794,1989275555,16,0,0,40632320,0,40632320,0,124461,0,0,155,0,0,0,0,0,0,0,7162085,0,0,0,0,0
1785917393407|1082|stationary_30min_formal_r2f_00005_67108864|rotating|468,1378943233,33554687,43886859,43278155,43388823,43278155,43388823,43278155,41512,41354,41353,41353,0,0,5285,0,1276503096,1273969242,4096,4096,0,0,41354,41354,1248819121,1248819118,1248819089,1248819126,0,0,0,0,0,0,0,0,4096,256,131072,4,15|4,0,67108864,262144,256,0,0,0,0,632,0,620,0,158,155,0,1,632,0|794,1296363575,16,40806208,0,0,0,0,0,43325451,0,155,0,2238426705,0,2238426705,0,2080,2221147467,0,27061566,0,0,0,0,0
1785917398433|1082|stationary_30min_formal_r2f_00005_67108864|fixed|470,1378943233,16781056,50098686,49404906,568524,0,568524,0,12066,0,6033,0,0,0,47205,47205,38544480,0,4096,0,0,0,6033,0,1583067212,0,1583067220,0,0,0,0,0,0,0,0,0,4096,256,131072,4,15|4,0,67108864,262144,256,0,0,0,0,720,0,708,0,180,177,0,1,720,0|796,2309438401,16,0,0,46399488,0,46399488,0,142249,0,0,177,0,0,0,0,0,0,0,7202072,0,0,0,0,0
1785917398433|1082|stationary_30min_formal_r2f_00005_67108864|rotating|470,1378943233,33554687,50166370,49471787,49597090,49471787,49597090,49471787,47449,47270,47268,47268,0,0,6041,0,1459093517,1456201224,4096,4096,0,0,47269,47269,1569350524,1569350537,1569350532,1569350545,0,0,0,0,0,0,0,0,4096,256,131072,4,15|4,0,67108864,262144,256,0,0,0,0,720,0,708,0,180,177,0,1,720,0|796,1616768857,16,46628704,0,0,0,0,0,49515713,0,177,0,2557376363,0,2557376363,0,2080,2538376724,0,29931334,0,0,0,0,0
1785917403433|1082|stationary_30min_formal_r2f_00005_67108864|fixed|472,1378943233,16781056,56363664,55583092,639578,0,639578,0,13574,0,6787,0,0,0,53106,53106,43361744,0,4096,0,0,0,6787,0,1902768454,0,1902768462,0,0,0,0,0,0,0,0,0,4096,256,131072,4,15|4,0,67108864,262144,256,0,0,0,0,808,0,796,0,202,199,0,1,808,0|798,2630758887,16,0,0,52166656,0,52166656,0,160106,0,0,199,0,0,0,0,0,0,0,7239416,0,0,0,0,0
1785917403433|1082|stationary_30min_formal_r2f_00005_67108864|rotating|472,1378943233,33554687,56498302,55715406,55857124,55715406,55857124,55715406,53437,53235,53233,53233,0,0,6804,0,1643218061,1639950328,4096,4096,0,0,53234,53234,1892662714,1892662703,1892662722,1892662711,0,0,0,0,0,0,0,0,4096,256,131072,4,15|4,0,67108864,262144,256,0,0,0,0,812,0,800,0,203,200,0,1,812,0|798,1941560368,16,52539456,0,0,0,0,0,55787895,0,200,0,2880690186,0,2880690186,0,2080,2859872310,0,32913308,0,0,0,0,0
1785917408433|1082|stationary_30min_formal_r2f_00005_67108864|fixed|474,1378943233,16781056,62652673,61785162,710912,0,710912,0,15088,0,7544,0,0,0,59030,59030,48198152,0,4096,0,0,0,7544,0,2223766412,0,2223766420,0,0,0,0,0,0,0,0,0,4096,256,131072,4,15|5,0,67108864,262144,256,0,0,0,0,900,0,888,0,225,222,0,1,900,0|800,2950546316,16,0,0,58195968,0,58195968,0,177869,0,0,222,0,0,0,0,0,0,0,7296908,0,0,0,0,0
1785917408433|1082|stationary_30min_formal_r2f_00005_67108864|rotating|474,1378943233,33558272,62718373,61849378,62006632,61849378,62006632,61849378,59317,59093,59092,59092,0,0,7552,0,1824055704,1820428312,4096,4096,0,0,59092,59092,2210127948,2210128289,2210127956,2210128297,0,0,0,0,0,0,0,0,4096,256,131072,4,15|4,0,67108864,262144,256,0,0,0,0,900,0,888,0,225,222,0,1,900,0|800,2257264435,16,58275008,0,0,0,0,0,61887256,0,222,0,3194960365,0,3194960365,0,2080,3172410885,0,35775612,0,0,0,0,0
1785917413447|1082|stationary_30min_formal_r2f_00005_67108864|fixed|476,1378943233,16781056,68920114,67965669,782059,0,782059,0,16598,0,8299,0,0,0,64933,64933,53021800,0,4096,0,0,0,8299,0,2543706685,0,2543706693,0,0,0,0,0,0,0,0,0,4096,256,131072,4,15|4,0,67108864,262144,256,0,0,0,0,988,0,976,0,247,244,0,1,988,0|802,3270342950,16,0,0,63963136,0,63963136,0,195656,0,0,244,0,0,0,0,0,0,0,7343024,0,0,0,0,0
1785917413447|1082|stationary_30min_formal_r2f_00005_67108864|rotating|476,1378943233,33558272,68992084,68036608,68209175,68036608,68209175,68036608,65248,65003,65001,65001,0,0,8308,0,2006454440,2002468288,4096,4096,0,0,65001,65001,2530319000,2530319333,2530319008,2530319341,0,0,0,0,0,0,0,0,4096,256,131072,4,15|4,0,67108864,262144,256,0,0,0,0,988,0,976,0,247,244,0,1,988,0|802,2577907489,16,64110544,0,0,0,0,0,68082560,0,244,0,3514144535,0,3514144535,0,2080,3489887590,0,38635146,0,0,0,0,0
1785917426281|1084|stationary_30min_formal_r2f_00007_16777216|fixed|482,1378943233,16781056,6549911,6464065,70112,0,70112,0,1488,0,744,0,0,0,5830,5830,4753352,0,4096,0,0,0,744,0,3365267024,0,3365267032,0,0,0,0,0,0,0,0,0,4096,256,131072,4,15|5,0,16777216,262144,64,0,0,0,0,100,0,88,0,25,22,0,1,100,0|816,4092613758,16,0,0,5767168,0,5767168,0,17716,0,0,22,0,0,0,0,0,0,0,5031641,0,0,0,0,0
1785917426281|1084|stationary_30min_formal_r2f_00007_16777216|rotating|482,1378943233,33554687,6635331,6547856,6564277,6547856,6564277,6547856,5930,5907,5906,5906,0,0,754,0,182243910,181884617,4096,4096,0,0,5907,5907,3352409684,3352409697,3352409692,3352409705,0,0,0,0,0,0,0,0,4096,256,131072,4,15|4,0,16777216,262144,64,0,0,0,0,100,0,88,0,25,22,0,1,100,0|816,3399352917,16,5862016,0,0,0,0,0,6586930,0,22,0,324246027,0,324246027,0,2080,318770225,0,7892493,0,0,0,0,0
1785917431282|1084|stationary_30min_formal_r2f_00007_16777216|fixed|484,1378943233,16781056,13177889,13003726,141259,0,141259,0,2998,0,1499,0,0,0,11730,11730,9577000,0,4096,0,0,0,1499,0,3685208813,0,3685208821,0,0,0,0,0,0,0,0,0,4096,256,131072,4,15|4,0,16777216,262144,64,0,0,0,0,188,0,176,0,47,44,0,1,188,0|818,117160557,17,0,0,11534336,0,11534336,0,35456,0,0,44,0,0,0,0,0,0,0,5079077,0,0,0,0,0
1785917431282|1084|stationary_30min_formal_r2f_00007_16777216|rotating|484,1378943233,33554687,13260975,13085933,13118866,13085933,13118866,13085933,11850,11805,11804,11804,0,0,1508,0,364246184,363527851,4096,4096,0,0,11805,11805,3672029865,3672029878,3672029873,3672029886,0,0,0,0,0,0,0,0,4096,256,131072,4,15|4,0,16777216,262144,64,0,0,0,0,188,0,176,0,47,44,0,1,188,0|818,3719054437,16,11676608,0,0,0,0,0,13126195,0,44,0,642493899,0,642493899,0,2080,635304262,0,10753998,0,0,0,0,0
1785917441578|1085|stationary_30min_formal_r2f_00008_67108864|fixed|488,1378943233,16781056,6202768,6117343,70300,0,70300,0,1492,0,746,0,0,0,5845,5845,4766136,0,4096,0,0,0,746,0,49425181,0,49425189,0,0,0,0,0,0,0,0,0,4096,256,131072,4,15|4,0,67108864,262144,256,0,0,0,0,100,0,88,0,25,22,0,1,100,0|826,776183894,17,0,0,5767168,0,5767168,0,17716,0,0,22,0,0,0,0,0,0,0,5109593,0,0,0,0,0
1785917441578|1085|stationary_30min_formal_r2f_00008_67108864|rotating|488,1378943233,33554687,6275993,6189090,6204845,6189090,6204845,6189090,5938,5915,5914,5914,0,0,755,0,182558952,182199312,4096,4096,0,0,5915,5915,36132692,36132689,36132676,36132649,0,0,0,0,0,0,0,0,4096,256,131072,4,15|4,0,67108864,262144,256,0,0,0,0,100,0,88,0,25,22,0,1,100,0|826,83808384,17,5877824,0,0,0,0,0,6240202,0,22,0,325455322,0,325455322,0,2080,319925122,0,7974203,0,0,0,0,0
1785917446579|1085|stationary_30min_formal_r2f_00008_67108864|fixed|490,1378943233,16781056,12464711,12292053,141449,0,141449,0,3002,0,1501,0,0,0,11746,11746,9589800,0,4096,0,0,0,1501,0,369362697,0,369362705,0,0,0,0,0,0,0,0,0,4096,256,131072,4,15|4,0,67108864,262144,256,0,0,0,0,188,0,176,0,47,44,0,1,188,0|828,1097004295,17,0,0,11534336,0,11534336,0,35550,0,0,44,0,0,0,0,0,0,0,5153083,0,0,0,0,0
1785917446579|1085|stationary_30min_formal_r2f_00008_67108864|rotating|490,1378943233,33554687,12564778,12390945,12422198,12390945,12422198,12390945,11886,11841,11840,11840,0,0,1513,0,365487424,364769024,4096,4096,0,0,11841,11841,357237240,357237189,357237232,357237197,0,0,0,0,0,0,0,0,4096,256,131072,4,15|4,0,67108864,262144,256,0,0,0,0,188,0,176,0,47,44,0,1,188,0|828,405494117,17,11731936,0,0,0,0,0,12453307,0,44,0,645677527,0,645677527,0,2080,638447365,0,10830320,0,0,0,0,0
1785917451587|1085|stationary_30min_formal_r2f_00008_67108864|fixed|492,1378943233,16781056,18745319,18485663,212690,0,212690,0,4514,0,2257,0,0,0,17662,17662,14419848,0,4096,0,0,0,2257,0,689924528,0,689924536,0,0,0,0,0,0,0,0,0,4096,256,131072,4,15|4,0,67108864,262144,256,0,0,0,0,276,0,264,0,69,66,0,1,276,0|830,1417610406,17,0,0,17301504,0,17301504,0,53361,0,0,66,0,0,0,0,0,0,0,5198669,0,0,0,0,0
1785917451587|1085|stationary_30min_formal_r2f_00008_67108864|rotating|492,1378943233,33558272,18839834,18579136,18626105,18579136,18626105,18579136,17818,17751,17751,17751,0,0,2268,0,547944336,546867056,4096,4096,0,0,17751,17751,677504532,677504841,677504540,677504857,0,0,0,0,0,0,0,0,4096,256,131072,4,15|4,0,67108864,262144,256,0,0,0,0,276,0,264,0,69,66,0,1,276,0|830,724425868,17,17530720,0,0,0,0,0,18614913,0,66,0,963159582,0,963159582,0,2080,954219282,0,13684734,0,0,0,0,0
1785917456601|1085|stationary_30min_formal_r2f_00008_67108864|fixed|494,1378943233,16781056,25034312,24687908,284029,0,284029,0,6028,0,3014,0,0,0,23586,23586,19256264,0,4096,0,0,0,3014,0,1010912697,0,1010912705,0,0,0,0,0,0,0,0,0,4096,256,131072,4,15|4,0,67108864,262144,256,0,0,0,0,364,0,352,0,91,88,0,1,364,0|832,1737404819,17,0,0,23068672,0,23068672,0,71124,0,0,88,0,0,0,0,0,0,0,5242485,0,0,0,0,0
1785917456601|1085|stationary_30min_formal_r2f_00008_67108864|rotating|494,1378943233,33554687,25131058,24782801,24845902,24782801,24845902,24782801,23768,23678,23677,23677,0,0,3026,0,730874340,729421607,4096,4096,0,0,23678,23678,998747467,998747472,998747475,998747480,0,0,0,0,0,0,0,0,4096,256,131072,4,15|4,0,67108864,262144,256,0,0,0,0,368,0,356,0,92,89,0,1,368,0|832,1046543892,17,23386144,0,0,0,0,0,24835708,0,89,0,1283813750,0,1283813750,0,2080,1273046056,0,16663986,0,0,0,0,0
1785917461607|1085|stationary_30min_formal_r2f_00008_67108864|fixed|496,1378943233,16781056,31308682,30875474,355174,0,355174,0,7538,0,3769,0,0,0,29497,29497,24079896,0,4096,0,0,0,3769,0,1331038722,0,1331038730,0,0,0,0,0,0,0,0,0,4096,256,131072,4,15|5,0,67108864,262144,256,0,0,0,0,456,0,444,0,114,111,0,1,456,0|834,2059521450,17,0,0,29097984,0,29097984,0,89029,0,0,111,0,0,0,0,0,0,0,5295483,0,0,0,0,0
1785917461607|1085|stationary_30min_formal_r2f_00008_67108864|rotating|496,1378943233,33554687,31406646,30971668,31050342,30971668,31050342,30971668,29702,29591,29589,29589,0,0,3781,0,913373329,911561340,4096,4096,0,0,29590,29590,1319097756,1319097729,1319097764,1319097737,0,0,0,0,0,0,0,0,4096,256,131072,4,15|4,0,67108864,262144,256,0,0,0,0,456,0,444,0,114,111,0,1,456,0|834,1367317457,17,29224448,0,0,0,0,0,31032433,0,111,0,1603127739,0,1603127739,0,2080,1590661775,0,19515017,0,0,0,0,0
1785917466612|1085|stationary_30min_formal_r2f_00008_67108864|fixed|498,1378943233,16781056,37584860,37063994,426415,0,426415,0,9050,0,4525,0,0,0,35409,35409,28909936,0,4096,0,0,0,4525,0,1651413760,0,1651413768,0,0,0,0,0,0,0,0,0,4096,256,131072,4,15|4,0,67108864,262144,256,0,0,0,0,544,0,532,0,136,133,0,1,544,0|836,2380998792,17,0,0,34865152,0,34865152,0,106887,0,0,133,0,0,0,0,0,0,0,5347783,0,0,0,0,0
1785917466612|1085|stationary_30min_formal_r2f_00008_67108864|rotating|498,1378943233,33554687,37713600,37191147,37285674,37191147,37285674,37191147,35665,35532,35530,35530,0,0,4541,0,1096756140,1094585223,4096,4096,0,0,35531,35531,1641004020,1641004017,1641004028,1641004025,0,0,0,0,0,0,0,0,4096,256,131072,4,15|4,0,67108864,262144,256,0,0,0,0,544,0,532,0,136,133,0,1,544,0|836,1687988281,17,35054848,0,0,0,0,0,37227856,0,133,0,1922340963,0,1922340963,0,2080,1908162312,0,22378768,0,0,0,0,0
1785917471615|1085|stationary_30min_formal_r2f_00008_67108864|fixed|500,1378943233,16781056,43857846,43250841,497564,0,497564,0,10560,0,5280,0,0,0,41317,41317,33733640,0,4096,0,0,0,5280,0,1971549677,0,1971549685,0,0,0,0,0,0,0,0,0,4096,256,131072,4,15|4,0,67108864,262144,256,0,0,0,0,632,0,620,0,158,155,0,1,632,0|838,2698544295,17,0,0,40632320,0,40632320,0,124532,0,0,155,0,0,0,0,0,0,0,5393106,0,0,0,0,0
1785917471615|1085|stationary_30min_formal_r2f_00008_67108864|rotating|500,1378943233,33554687,43937102,43329110,43438594,43329110,43438594,43329110,41549,41394,41392,41392,0,0,5290,0,1277715813,1275186000,4096,4096,0,0,41393,41393,1958681008,1958681013,1958681016,1958681021,0,0,0,0,0,0,0,0,4096,256,131072,4,15|4,0,67108864,262144,256,0,0,0,0,632,0,620,0,158,155,0,1,632,0|838,2006259877,17,40845728,0,0,0,0,0,43376856,0,155,0,2239164839,0,2239164839,0,2080,2223270535,0,25237000,0,0,0,0,0
1785917476624|1085|stationary_30min_formal_r2f_00008_67108864|fixed|502,1378943233,16781056,50134963,49441162,568807,0,568807,0,12072,0,6036,0,0,0,47231,47231,38563672,0,4096,0,0,0,6036,0,2292111936,0,2292111944,0,0,0,0,0,0,0,0,0,4096,256,131072,4,15|4,0,67108864,262144,256,0,0,0,0,720,0,708,0,180,177,0,1,720,0|840,3019106287,17,0,0,46399488,0,46399488,0,142343,0,0,177,0,0,0,0,0,0,0,5437780,0,0,0,0,0
1785917476624|1085|stationary_30min_formal_r2f_00008_67108864|rotating|502,1378943233,33558272,50208581,49513917,49638927,49513917,49638927,49513917,47479,47302,47301,47301,0,0,6045,0,1460104752,1457216024,4096,4096,0,0,47301,47301,2278832882,2278833207,2278832890,2278833215,0,0,0,0,0,0,0,0,4096,256,131072,4,15|4,0,67108864,262144,256,0,0,0,0,720,0,708,0,180,177,0,1,720,0|840,2325977210,17,46660320,0,0,0,0,0,49552753,0,177,0,2557428524,0,2557428524,0,2080,2539827067,0,28091823,0,0,0,0,0
1785917481631|1085|stationary_30min_formal_r2f_00008_67108864|fixed|504,1378943233,16781056,56416561,55636331,640049,0,640049,0,13584,0,6792,0,0,0,53148,53148,43393648,0,4096,0,0,0,6792,0,2612676605,0,2612676613,0,0,0,0,0,0,0,0,0,4096,256,131072,4,15|4,0,67108864,262144,256,0,0,0,0,808,0,796,0,202,199,0,1,808,0|842,3339651686,17,0,0,52166656,0,52166656,0,160153,0,0,199,0,0,0,0,0,0,0,5487377,0,0,0,0,0
1785917481631|1085|stationary_30min_formal_r2f_00008_67108864|rotating|504,1378943233,33554687,56481177,55699458,55840282,55699458,55840282,55699458,53411,53211,53209,53209,0,0,6801,0,1642487625,1639223588,4096,4096,0,0,53210,53210,2599128455,2599128428,2599128463,2599128436,0,0,0,0,0,0,0,0,4096,256,131072,4,15|4,0,67108864,262144,256,0,0,0,0,812,0,800,0,203,200,0,1,812,0|842,2646171189,17,52476224,0,0,0,0,0,55736015,0,200,0,2876168527,0,2876168527,0,2080,2856722408,0,31079858,0,0,0,0,0
1785917486636|1085|stationary_30min_formal_r2f_00008_67108864|fixed|506,1378943233,16781056,62686189,61818672,711288,0,711288,0,15096,0,7548,0,0,0,59054,59054,48223728,0,4096,0,0,0,7548,0,2932913214,0,2932913222,0,0,0,0,0,0,0,0,0,4096,256,131072,4,15|4,0,67108864,262144,256,0,0,0,0,900,0,888,0,225,222,0,1,900,0|844,3660002650,17,0,0,58195968,0,58195968,0,177963,0,0,222,0,0,0,0,0,0,0,5535999,0,0,0,0,0
1785917486636|1085|stationary_30min_formal_r2f_00008_67108864|rotating|506,1378943233,33558272,62795843,61927123,62083329,61927123,62083329,61927123,59381,59159,59158,59158,0,0,7561,0,1826111456,1822488096,4096,4096,0,0,59158,59158,2921425450,2921425759,2921425458,2921425775,0,0,0,0,0,0,0,0,4096,256,131072,4,15|4,0,67108864,262144,256,0,0,0,0,900,0,888,0,225,222,0,1,900,0|844,2968550135,17,58346144,0,0,0,0,0,61964516,0,222,0,3197079993,0,3197079993,0,2050,3175942173,0,33931108,0,0,0,0,0
1785917491643|1085|stationary_30min_formal_r2f_00008_67108864|fixed|508,1378943233,16781056,68961928,68007949,782531,0,782531,0,16608,0,8304,0,0,0,64973,64973,53053784,0,4096,0,0,0,8304,0,3253597745,0,3253597753,0,0,0,0,0,0,0,0,0,4096,256,131072,4,15|4,0,67108864,262144,256,0,0,0,0,988,0,976,0,247,244,0,1,988,0|846,3980212949,17,0,0,63963136,0,63963136,0,195774,0,0,244,0,0,0,0,0,0,0,5581436,0,0,0,0,0
1785917491643|1085|stationary_30min_formal_r2f_00008_67108864|rotating|508,1378943233,33554687,69033264,68078411,68249884,68078411,68249884,68078411,65286,65043,65040,65040,0,0,8313,0,2007683825,2003701536,4096,4096,0,0,65041,65041,3240182145,3240182166,3240182153,3240182126,0,0,0,0,0,0,0,0,4096,256,131072,4,15|4,0,67108864,262144,256,0,0,0,0,988,0,976,0,247,244,0,1,988,0|846,3288091682,17,64152832,0,0,0,0,0,68131091,0,244,0,3515169868,0,3515169868,0,2080,3492326694,0,36782435,0,0,0,0,0
1785917504501|1087|stationary_30min_formal_r2f_00010_16777216|fixed|514,1378943233,16781056,6137842,6053668,69643,0,69643,0,1478,0,739,0,0,0,5790,5790,4721392,0,4096,0,0,0,739,0,4076431731,0,4076431739,0,0,0,0,0,0,0,0,0,4096,256,131072,4,15|4,0,16777216,262144,64,0,0,0,0,96,0,84,0,24,21,0,1,96,0|860,508922587,18,0,0,5505024,0,5505024,0,17598,0,0,21,0,0,0,0,0,0,0,6894555,0,0,0,0,0
1785917504501|1087|stationary_30min_formal_r2f_00010_16777216|rotating|514,1378943233,33554687,6222050,6136299,6151373,6136299,6151373,6136299,5893,5871,5869,5869,0,0,750,0,181173618,180814621,4096,4096,0,0,5870,5870,4063740055,4063740068,4063740071,4063740076,0,0,0,0,0,0,0,0,4096,256,131072,4,15|4,0,16777216,262144,64,0,0,0,0,100,0,88,0,25,22,0,1,100,0|860,4111529392,17,5838304,0,0,0,0,0,6189349,0,22,0,324540235,0,324540235,0,2080,317630708,0,9793139,0,0,0,0,0
1785917509513|1087|stationary_30min_formal_r2f_00010_16777216|fixed|516,1378943233,16781056,12424747,12252945,141071,0,141071,0,2994,0,1497,0,0,0,11717,11717,9564232,0,4096,0,0,0,1497,0,102695590,0,102695598,0,0,0,0,0,0,0,0,0,4096,256,131072,4,15|4,0,16777216,262144,64,0,0,0,0,188,0,176,0,47,44,0,1,188,0|862,830203637,18,0,0,11534336,0,11534336,0,35456,0,0,44,0,0,0,0,0,0,0,6947136,0,0,0,0,0
1785917509513|1087|stationary_30min_formal_r2f_00010_16777216|rotating|516,1378943233,33554687,12608749,12434711,12465601,12434711,12465601,12434711,11936,11895,11891,11891,0,0,1519,0,367050018,366331957,4096,4096,0,0,11891,11891,95004139,95004472,95004147,95004480,0,0,0,0,0,0,0,0,4096,256,131072,4,15|4,0,16777216,262144,64,0,0,0,0,188,0,176,0,47,44,0,1,188,0|862,144387349,18,11796480,0,0,0,0,0,12515678,0,45,0,650875944,0,650875944,0,2080,642201318,0,12732188,0,0,0,0,0
1785917519986|1088|stationary_30min_formal_r2f_00011_67108864|fixed|520,1378943233,16780817,6552628,6466705,70114,0,70114,0,1488,0,744,0,0,0,5834,5834,4753376,0,4096,0,0,0,745,0,772905398,0,772905374,0,0,0,0,0,0,0,0,0,4096,256,131072,4,15|4,0,67108864,262144,256,0,0,0,0,100,0,88,0,25,22,0,1,100,0|870,1500187883,18,0,0,5767168,0,5767168,0,17740,0,0,22,0,0,0,0,0,0,0,5022600,0,0,0,0,0
1785917519986|1088|stationary_30min_formal_r2f_00011_67108864|rotating|520,1378943233,33554687,6649446,6561678,6578203,6561678,6578203,6561678,11865,11841,5920,5920,0,0,756,0,182765432,182405971,4096,4096,0,0,5921,5921,760368353,760368334,760368329,760368342,0,0,0,0,0,0,0,0,4096,256,131072,4,15|4,0,67108864,262144,256,0,0,0,0,100,0,88,0,25,22,0,1,100,0|870,807332207,18,5869920,0,0,0,0,0,6601352,0,22,0,325009765,0,325009765,0,2080,319535792,0,7892294,0,0,0,0,0
1785917524986|1088|stationary_30min_formal_r2f_00011_67108864|fixed|522,1378943233,16781056,13181148,13006892,141354,0,141354,0,3000,0,1500,0,0,0,11736,11736,9583400,0,4096,0,0,0,1500,0,1092851982,0,1092851990,0,0,0,0,0,0,0,0,0,4096,256,131072,4,15|4,0,67108864,262144,256,0,0,0,0,188,0,176,0,47,44,0,1,188,0|872,1819291023,18,0,0,11534336,0,11534336,0,35456,0,0,44,0,0,0,0,0,0,0,5072956,0,0,0,0,0
1785917524986|1088|stationary_30min_formal_r2f_00011_67108864|rotating|522,1378943233,33558272,13267195,13092083,13124993,13092083,13124993,13092083,23671,23626,11813,11813,0,0,1509,0,364690936,363972504,4096,4096,0,0,11813,11813,1079681255,1079681588,1079681263,1079681596,0,0,0,0,0,0,0,0,4096,256,131072,4,15|4,0,67108864,262144,256,0,0,0,0,188,0,176,0,47,44,0,1,188,0|872,1127359123,18,11692416,0,0,0,0,0,13146036,0,44,0,643581057,0,643581057,0,2080,636393226,0,10755519,0,0,0,0,0
1785917529992|1088|stationary_30min_formal_r2f_00011_67108864|fixed|524,1378943233,16781056,19818782,19556700,212503,0,212503,0,4510,0,2255,0,0,0,17646,17646,14407096,0,4096,0,0,0,2255,0,1412995205,0,1412995213,0,0,0,0,0,0,0,0,0,4096,256,131072,4,15|4,0,67108864,262144,256,0,0,0,0,276,0,264,0,69,66,0,1,276,0|874,2139518145,18,0,0,17301504,0,17301504,0,53243,0,0,66,0,0,0,0,0,0,0,5114323,0,0,0,0,0
1785917529992|1088|stationary_30min_formal_r2f_00011_67108864|rotating|524,1378943233,33554687,19908040,19644998,19694594,19644998,19694594,19644998,35519,35452,17725,17725,0,0,2265,0,547220676,546142783,4096,4096,0,0,17726,17726,1400076781,1400076762,1400076789,1400076770,0,0,0,0,0,0,0,0,4096,256,131072,4,15|4,0,67108864,262144,256,0,0,0,0,276,0,264,0,69,66,0,1,276,0|874,1449791921,18,17562336,0,0,0,0,0,19740886,0,66,0,964546375,0,964546375,0,2080,955652541,0,13621071,0,0,0,0,0
1785917535007|1088|stationary_30min_formal_r2f_00011_67108864|fixed|526,1378943233,16781056,26476703,26126909,283840,0,283840,0,6024,0,3012,0,0,0,23573,23573,19243504,0,4096,0,0,0,3012,0,1733991343,0,1733991359,0,0,0,0,0,0,0,0,0,4096,256,131072,4,15|4,0,67108864,262144,256,0,0,0,0,364,0,352,0,91,88,0,1,364,0|876,2461164993,18,0,0,23068672,0,23068672,0,71124,0,0,88,0,0,0,0,0,0,0,5160340,0,0,0,0,0
1785917535007|1088|stationary_30min_formal_r2f_00011_67108864|rotating|526,1378943233,33554687,26574723,26223860,26289850,26223860,26289850,26223860,47414,47324,23661,23661,0,0,3023,0,730471933,729034816,4096,4096,0,0,23662,23662,1721711090,1721711103,1721711098,1721711079,0,0,0,0,0,0,0,0,4096,256,131072,4,15|4,0,67108864,262144,256,0,0,0,0,368,0,356,0,92,89,0,1,368,0|876,1769602274,18,23370336,0,0,0,0,0,26278613,0,89,0,1282904728,0,1282904728,0,2080,1272163833,0,16609808,0,0,0,0,0
1785917540013|1088|stationary_30min_formal_r2f_00011_67108864|fixed|528,1378943233,16781056,33130323,32692711,355174,0,355174,0,7538,0,3769,0,0,0,29498,29498,24079896,0,4096,0,0,0,3769,0,2054992316,0,2054992324,0,0,0,0,0,0,0,0,0,4096,256,131072,4,15|4,0,67108864,262144,256,0,0,0,0,456,0,444,0,114,111,0,1,456,0|878,2784196981,18,0,0,29097984,0,29097984,0,89076,0,0,111,0,0,0,0,0,0,0,5206672,0,0,0,0,0
1785917540013|1088|stationary_30min_formal_r2f_00011_67108864|rotating|528,1378943233,33554687,33254444,32814716,32897856,32814716,32897856,32814716,59333,59220,29609,29609,0,0,3784,0,914092620,912279959,4096,4096,0,0,29610,29610,2044119217,2044119230,2044119225,2044119238,0,0,0,0,0,0,0,0,4096,256,131072,4,15|4,0,67108864,262144,256,0,0,0,0,456,0,444,0,114,111,0,1,456,0|878,2091004126,18,29216544,0,0,0,0,0,32851813,0,111,0,1602845028,0,1602845028,0,2080,1590394088,0,19474311,0,0,0,0,0
1785917545018|1088|stationary_30min_formal_r2f_00011_67108864|fixed|530,1378943233,16781056,39772174,39245945,426510,0,426510,0,9052,0,4526,0,0,0,35412,35412,28916336,0,4096,0,0,0,4526,0,2375796300,0,2375796308,0,0,0,0,0,0,0,0,0,4096,256,131072,4,15|4,0,67108864,262144,256,0,0,0,0,544,0,532,0,136,133,0,1,544,0|880,3102291357,18,0,0,34865152,0,34865152,0,106745,0,0,133,0,0,0,0,0,0,0,5250903,0,0,0,0,0
1785917545018|1088|stationary_30min_formal_r2f_00011_67108864|rotating|530,1378943233,33554687,39850309,39323314,39423044,39323314,39423044,39323314,71099,70964,35481,35481,0,0,4534,0,1095386448,1093214571,4096,4096,0,0,35482,35482,2362344283,2362344296,2362344291,2362344304,0,0,0,0,0,0,0,0,4096,256,131072,4,15|4,0,67108864,262144,256,0,0,0,0,544,0,532,0,136,133,0,1,544,0|880,2410249187,18,35023232,0,0,0,0,0,39381377,0,133,0,1920638417,0,1920638417,0,2080,1906470117,0,22337644,0,0,0,0,0
1785917550025|1088|stationary_30min_formal_r2f_00011_67108864|fixed|532,1378943233,16781056,46397499,45783738,497470,0,497470,0,10558,0,5279,0,0,0,41307,41307,33727248,0,4096,0,0,0,5279,0,2695076957,0,2695076965,0,0,0,0,0,0,0,0,0,4096,256,131072,4,15|4,0,67108864,262144,256,0,0,0,0,632,0,620,0,158,155,0,1,632,0|882,3424498988,18,0,0,40632320,0,40632320,0,124650,0,0,155,0,0,0,0,0,0,0,5294876,0,0,0,0,0
1785917550025|1088|stationary_30min_formal_r2f_00011_67108864|rotating|532,1378943233,33554687,46534588,45919367,46035703,45919367,46035703,45919367,83017,82860,41429,41429,0,0,5294,0,1279019641,1276488552,4096,4096,0,0,41430,41430,2684642134,2684642147,2684642142,2684642123,0,0,0,0,0,0,0,0,4096,256,131072,4,15|4,0,67108864,262144,256,0,0,0,0,632,0,620,0,158,155,0,1,632,0|882,2732277932,18,40877344,0,0,0,0,0,45971513,0,155,0,2241203634,0,2241203634,0,2080,2225328990,0,25200143,0,0,0,0,0
1785917555031|1088|stationary_30min_formal_r2f_00011_67108864|fixed|534,1378943233,16781056,53042421,52340949,568712,0,568712,0,12070,0,6035,0,0,0,47219,47219,38557280,0,4096,0,0,0,6035,0,3015645918,0,3015645926,0,0,0,0,0,0,0,0,0,4096,256,131072,4,15|4,0,67108864,262144,256,0,0,0,0,720,0,708,0,180,177,0,1,720,0|884,3742170747,18,0,0,46399488,0,46399488,0,142296,0,0,177,0,0,0,0,0,0,0,5340045,0,0,0,0,0
1785917555031|1088|stationary_30min_formal_r2f_00011_67108864|rotating|534,1378943233,33554687,53140634,52438102,52570886,52438102,52570886,52438102,94793,94615,47306,47306,0,0,6046,0,1460441334,1457551025,4096,4096,0,0,47307,47307,3003098656,3003098669,3003098664,3003098677,0,0,0,0,0,0,0,0,4096,256,131072,4,15|4,0,67108864,262144,256,0,0,0,0,720,0,712,0,181,178,0,1,724,0|884,3050713228,18,46669536,0,0,0,0,0,52486591,0,178,0,2558190882,0,2558190882,0,2080,2540462436,0,28192227,0,0,0,0,0
1785917560035|1088|stationary_30min_formal_r2f_00011_67108864|fixed|536,1378943233,16781056,59684414,58895298,639861,0,639861,0,13580,0,6790,0,0,0,53129,53129,43380888,0,4096,0,0,0,6790,0,3335786176,0,3335786192,0,0,0,0,0,0,0,0,0,4096,256,131072,4,15|4,0,67108864,262144,256,0,0,0,0,808,0,796,0,202,199,0,1,808,0|886,4063729268,18,0,0,52166656,0,52166656,0,160176,0,0,199,0,0,0,0,0,0,0,5386644,0,0,0,0,0
1785917560035|1088|stationary_30min_formal_r2f_00011_67108864|rotating|536,1378943233,33554687,59802298,59011149,59161120,59011149,59161120,59011149,106672,106471,53234,53234,0,0,6804,0,1643464218,1640198373,4096,4096,0,0,53235,53235,3324457506,3324457487,3324457514,3324457495,0,0,0,0,0,0,0,0,4096,256,131072,4,15|4,0,67108864,262144,256,0,0,0,0,812,0,800,0,203,200,0,1,812,0|886,3371387983,18,52499936,0,0,0,0,0,59048393,0,200,0,2877408037,0,2877408037,0,2080,2857968002,0,31054880,0,0,0,0,0
1785917565050|1088|stationary_30min_formal_r2f_00011_67108864|fixed|538,1378943233,16781056,66339843,65462073,711288,0,711288,0,15096,0,7548,0,0,0,59052,59052,48223728,0,4096,0,0,0,7548,0,3656893547,0,3656893555,0,0,0,0,0,0,0,0,0,4096,256,131072,4,15|4,0,67108864,262144,256,0,0,0,0,900,0,888,0,225,222,0,1,900,0|888,90008619,19,0,0,58195968,0,58195968,0,178034,0,0,222,0,0,0,0,0,0,0,5432926,0,0,0,0,0
1785917565050|1088|stationary_30min_formal_r2f_00011_67108864|rotating|538,1378943233,33554687,66451566,65572633,65739145,65572633,65739145,65572633,118528,118305,59151,59151,0,0,7560,0,1826120701,1822495632,4096,4096,0,0,59152,59152,3645064558,3645064571,3645064566,3645064547,0,0,0,0,0,0,0,0,4096,256,131072,4,15|4,0,67108864,262144,256,0,0,0,0,900,0,888,0,225,222,0,1,900,0|888,3692207720,18,58338240,0,0,0,0,0,65614152,0,222,0,3196768198,0,3196768198,0,2080,3175617594,0,33918210,0,0,0,0,0
1785917570079|1088|stationary_30min_formal_r2f_00011_67108864|fixed|540,1378943233,16781056,73016504,72050815,782720,0,782720,0,16612,0,8306,0,0,0,64991,64991,53066576,0,4096,0,0,0,8306,0,3978450868,0,3978450876,0,0,0,0,0,0,0,0,0,4096,256,131072,4,15|5,0,67108864,262144,256,0,0,0,0,992,0,980,0,248,245,0,1,992,0|890,418714582,19,0,0,64225280,0,64225280,0,196292,0,0,245,0,0,0,0,0,0,0,5484721,0,0,0,0,0
1785917570079|1088|stationary_30min_formal_r2f_00011_67108864|rotating|540,1378943233,33558272,73273641,72304393,72488095,72304393,72488095,72304393,130687,130441,65220,65220,0,0,8336,0,2013471840,2009471480,4096,4096,0,0,65220,65220,3973947487,3973947820,3973947495,3973947828,0,0,0,0,0,0,0,0,4096,256,131072,4,15|4,0,67108864,262144,256,0,0,0,0,992,0,980,0,248,245,0,1,992,0|890,4021013172,18,64312224,0,0,0,0,0,72343789,0,245,0,3524080154,0,3524080154,0,2080,3501113260,0,36911813,0,0,0,0,0
1785917582930|1090|stationary_30min_formal_r2f_00013_16777216|fixed|546,1378943233,16781056,6210328,6124689,70394,0,70394,0,1494,0,747,0,0,0,5850,5850,4772528,0,4096,0,0,0,747,0,507387490,0,507387498,0,0,0,0,0,0,0,0,0,4096,256,131072,4,15|4,0,16777216,262144,64,0,0,0,0,100,0,88,0,25,22,0,1,100,0|904,1233989240,19,0,0,5767168,0,5767168,0,17740,0,0,22,0,0,0,0,0,0,0,5109170,0,0,0,0,0
1785917582930|1090|stationary_30min_formal_r2f_00013_16777216|rotating|546,1378943233,33554687,6275066,6188034,6203918,6188034,6203918,6188034,5935,5912,5911,5911,0,0,755,0,182482132,182122463,4096,4096,0,0,5912,5912,493525158,493525155,493525166,493525163,0,0,0,0,0,0,0,0,4096,256,131072,4,15|4,0,16777216,262144,64,0,0,0,0,100,0,88,0,25,22,0,1,100,0|904,540276983,19,5862016,0,0,0,0,0,6221176,0,22,0,324404800,0,324404800,0,2080,318861644,0,7983737,0,0,0,0,0
1785917587934|1090|stationary_30min_formal_r2f_00013_16777216|fixed|548,1378943233,16781056,12461682,12288974,141354,0,141354,0,3000,0,1500,0,0,0,11739,11739,9583400,0,4096,0,0,0,1500,0,826461737,0,826461745,0,0,0,0,0,0,0,0,0,4096,256,131072,4,15|4,0,16777216,262144,64,0,0,0,0,188,0,176,0,47,44,0,1,188,0|906,1552872683,19,0,0,11534336,0,11534336,0,35456,0,0,44,0,0,0,0,0,0,0,5153636,0,0,0,0,0
1785917587934|1090|stationary_30min_formal_r2f_00013_16777216|rotating|548,1378943233,33558272,12530601,12357120,12388492,12357120,12388492,12357120,11849,11804,11804,11804,0,0,1508,0,364370184,363651944,4096,4096,0,0,11804,11804,812808573,812808922,812808581,812808930,0,0,0,0,0,0,0,0,4096,256,131072,4,15|4,0,16777216,262144,64,0,0,0,0,188,0,176,0,47,44,0,1,188,0|906,859670516,19,11668704,0,0,0,0,0,12392142,0,44,0,642346661,0,642346661,0,2080,635094631,0,10838584,0,0,0,0,0
1785917598183|1091|stationary_30min_formal_r2f_00014_67108864|fixed|552,1378943233,16781056,6114233,6029814,69830,0,69830,0,1482,0,741,0,0,0,5809,5809,4734160,0,4096,0,0,0,741,0,1482375395,0,1482375403,0,0,0,0,0,0,0,0,0,4096,256,131072,4,15|4,0,67108864,262144,256,0,0,0,0,96,0,88,0,25,22,0,1,100,0|914,2209303157,19,0,0,5767168,0,5767168,0,17622,0,0,22,0,0,0,0,0,0,0,5590507,0,0,0,0,0
1785917598183|1091|stationary_30min_formal_r2f_00014_67108864|rotating|552,1378943233,33554687,6197112,6110971,6126246,6110971,6126246,6110971,5911,5888,5887,5887,0,0,752,0,181739637,181382368,4096,4096,0,0,5888,5888,1469813222,1469813211,1469813230,1469813219,0,0,0,0,0,0,0,0,4096,256,131072,4,15|4,0,67108864,262144,256,0,0,0,0,100,0,88,0,25,22,0,1,100,0|914,1517472417,19,5854112,0,0,0,0,0,6161107,0,22,0,324386947,0,324386947,0,2080,318488520,0,8458137,0,0,0,0,0
1785917603190|1091|stationary_30min_formal_r2f_00014_67108864|fixed|554,1378943233,16781056,12337786,12165764,141165,0,141165,0,2996,0,1498,0,0,0,11720,11720,9570616,0,4096,0,0,0,1498,0,1803174662,0,1803174670,0,0,0,0,0,0,0,0,0,4096,256,131072,4,15|4,0,67108864,262144,256,0,0,0,0,188,0,176,0,47,44,0,1,188,0|916,2529680042,19,0,0,11534336,0,11534336,0,35409,0,0,44,0,0,0,0,0,0,0,5631383,0,0,0,0,0
1785917603190|1091|stationary_30min_formal_r2f_00014_67108864|rotating|554,1378943233,33554687,12402216,12229595,12260390,12229595,12260390,12229595,11828,11783,11782,11782,0,0,1505,0,363681001,362963704,4096,4096,0,0,11783,11783,1789222013,1789222018,1789222021,1789221994,0,0,0,0,0,0,0,0,4096,256,131072,4,15|4,0,67108864,262144,256,0,0,0,0,188,0,176,0,47,44,0,1,188,0|916,1836200774,19,11652896,0,0,0,0,0,12266416,0,44,0,641665608,0,641665608,0,2080,634052721,0,11316873,0,0,0,0,0
1785917608200|1091|stationary_30min_formal_r2f_00014_67108864|fixed|556,1378943233,16781056,18569204,18310773,212408,0,212408,0,4508,0,2254,0,0,0,17639,17639,14400704,0,4096,0,0,0,2254,0,2123734428,0,2123734436,0,0,0,0,0,0,0,0,0,4096,256,131072,4,15|4,0,67108864,262144,256,0,0,0,0,276,0,264,0,69,66,0,1,276,0|918,2850192826,19,0,0,17301504,0,17301504,0,53220,0,0,66,0,0,0,0,0,0,0,5672858,0,0,0,0,0
1785917608200|1091|stationary_30min_formal_r2f_00014_67108864|rotating|556,1378943233,33554687,18633762,18374528,18420599,18374528,18420599,18374528,17768,17701,17700,17700,0,0,2262,0,546354229,545279288,4096,4096,0,0,17701,17701,2109891953,2109891982,2109891969,2109891950,0,0,0,0,0,0,0,0,4096,256,131072,4,15|4,0,67108864,262144,256,0,0,0,0,276,0,264,0,69,66,0,1,276,0|918,2156628508,19,17475392,0,0,0,0,0,18406694,0,66,0,960637718,0,960637718,0,2080,951321898,0,14169173,0,0,0,0,0
1785917613204|1091|stationary_30min_formal_r2f_00014_67108864|fixed|558,1378943233,16781056,24795846,24450937,283556,0,283556,0,6018,0,3009,0,0,0,23549,23549,19224344,0,4096,0,0,0,3009,0,2443874882,0,2443874890,0,0,0,0,0,0,0,0,0,4096,256,131072,4,15|4,0,67108864,262144,256,0,0,0,0,364,0,352,0,91,88,0,1,364,0|920,3170742771,19,0,0,23068672,0,23068672,0,71031,0,0,88,0,0,0,0,0,0,0,5718315,0,0,0,0,0
1785917613204|1091|stationary_30min_formal_r2f_00014_67108864|rotating|558,1378943233,33554687,24886943,24541045,24602351,24541045,24602351,24541045,23725,23636,23635,23635,0,0,3020,0,729559637,728126032,4096,4096,0,0,23636,23636,2431493262,2431493275,2431493270,2431493251,0,0,0,0,0,0,0,0,4096,256,131072,4,15|4,0,67108864,262144,256,0,0,0,0,364,0,352,0,91,88,0,1,364,0|920,2478654161,19,23330816,0,0,0,0,0,24579128,0,89,0,1281199515,0,1281199515,0,2080,1270131510,0,17073247,0,0,0,0,0
1785917618206|1091|stationary_30min_formal_r2f_00014_67108864|fixed|560,1378943233,16781056,31021535,30590108,354705,0,354705,0,7528,0,3764,0,0,0,29458,29458,24047952,0,4096,0,0,0,3764,0,2764006077,0,2764006093,0,0,0,0,0,0,0,0,0,4096,256,131072,4,15|4,0,67108864,262144,256,0,0,0,0,452,0,440,0,113,110,0,1,452,0|922,3491214819,19,0,0,28835840,0,28835840,0,88840,0,0,110,0,0,0,0,0,0,0,5763635,0,0,0,0,0
1785917618206|1091|stationary_30min_formal_r2f_00014_67108864|rotating|560,1378943233,33554687,31103156,30670002,30747417,30670002,30747417,30670002,29648,29536,29535,29535,0,0,3775,0,911676013,909867024,4096,4096,0,0,29536,29536,2751319182,2751319187,2751319190,2751319195,0,0,0,0,0,0,0,0,4096,256,131072,4,15|4,0,67108864,262144,256,0,0,0,0,456,0,444,0,114,111,0,1,456,0|922,2798988954,19,29161216,0,0,0,0,0,30719211,0,111,0,1600076708,0,1600076708,0,2080,1587218881,0,20014102,0,0,0,0,0
1785917623210|1091|stationary_30min_formal_r2f_00014_67108864|fixed|562,1378943233,16781056,37242147,36724236,425849,0,425849,0,9038,0,4519,0,0,0,35365,35365,28871608,0,4096,0,0,0,4519,0,3084132729,0,3084132737,0,0,0,0,0,0,0,0,0,4096,256,131072,4,15|4,0,67108864,262144,256,0,0,0,0,544,0,532,0,136,133,0,1,544,0|924,3811721181,19,0,0,34865152,0,34865152,0,106651,0,0,133,0,0,0,0,0,0,0,5806936,0,0,0,0,0
1785917623210|1091|stationary_30min_formal_r2f_00014_67108864|rotating|562,1378943233,33554687,37346799,36827003,36919723,36827003,36919723,36827003,35599,35465,35464,35464,0,0,4532,0,1094683521,1092515848,4096,4096,0,0,35465,35465,3072570195,3072570216,3072570203,3072570192,0,0,0,0,0,0,0,0,4096,256,131072,4,15|4,0,67108864,262144,256,0,0,0,0,544,0,532,0,136,133,0,1,544,0|924,3119717482,19,34991616,0,0,0,0,0,36865978,0,133,0,1919347636,0,1919347636,0,2080,1904789057,0,22865918,0,0,0,0,0
1785917628231|1091|stationary_30min_formal_r2f_00014_67108864|fixed|564,1378943233,16781056,43488910,42883389,497375,0,497375,0,10556,0,5278,0,0,0,41294,41294,33720848,0,4096,0,0,0,5278,0,3405790106,0,3405790114,0,0,0,0,0,0,0,0,0,4096,256,131072,4,15|4,0,67108864,262144,256,0,0,0,0,632,0,620,0,158,155,0,1,632,0|926,4132700514,19,0,0,40632320,0,40632320,0,124485,0,0,155,0,0,0,0,0,0,0,5846177,0,0,0,0,0
1785917628231|1091|stationary_30min_formal_r2f_00014_67108864|rotating|564,1378943233,33554687,43575520,42968985,43077201,42968985,43077201,42968985,41533,41377,41376,41376,0,0,5288,0,1277170888,1274642649,4096,4096,0,0,41377,41377,3392918845,3392918842,3392918797,3392918850,0,0,0,0,0,0,0,0,4096,256,131072,4,15|4,0,67108864,262144,256,0,0,0,0,632,0,620,0,158,155,0,1,632,0|926,3441346827,19,40845728,0,0,0,0,0,43032500,0,155,0,2239513453,0,2239513453,0,2080,2223254787,0,25722160,0,0,0,0,0
1785917633232|1091|stationary_30min_formal_r2f_00014_67108864|fixed|566,1378943233,16781056,49751532,49059206,568902,0,568902,0,12074,0,6037,0,0,0,47237,47237,38570064,0,4096,0,0,0,6037,0,3727651901,0,3727651909,0,0,0,0,0,0,0,0,0,4096,256,131072,4,15|4,0,67108864,262144,256,0,0,0,0,720,0,708,0,181,178,0,1,724,0|928,163000610,20,0,0,46661632,0,46661632,0,142578,0,0,178,0,0,0,0,0,0,0,5891624,0,0,0,0,0
1785917633232|1091|stationary_30min_formal_r2f_00014_67108864|rotating|566,1378943233,33554687,49921608,49226601,49350730,49226601,49350730,49226601,47579,47400,47399,47399,0,0,6058,0,1463081640,1460179171,4096,4096,0,0,47400,47400,3719363081,3719363062,3719363097,3719363078,0,0,0,0,0,0,0,0,4096,256,131072,4,15|4,0,67108864,262144,256,0,0,0,0,724,0,712,0,181,178,0,1,724,0|928,3767630833,19,46772288,0,0,0,0,0,49286733,0,178,0,2564315819,0,2564315819,0,2080,2546228110,0,28718334,0,0,0,0,0
1785917638254|1091|stationary_30min_formal_r2f_00014_67108864|fixed|568,1378943233,16781056,55963077,55184178,639861,0,639861,0,13580,0,6790,0,0,0,53132,53132,43380888,0,4096,0,0,0,6790,0,4046935756,0,4046935772,0,0,0,0,0,0,0,0,0,4096,256,131072,4,15|4,0,67108864,262144,256,0,0,0,0,808,0,796,0,202,199,0,1,808,0|930,479476514,20,0,0,52166656,0,52166656,0,160153,0,0,199,0,0,0,0,0,0,0,5941822,0,0,0,0,0
1785917638254|1091|stationary_30min_formal_r2f_00014_67108864|rotating|568,1378943233,33554687,56199919,55417706,55557325,55417706,55557325,55417706,53559,53358,53357,53357,0,0,6819,0,1646993725,1643732000,4096,4096,0,0,53358,53358,4042198290,4042198263,4042198298,4042198279,0,0,0,0,0,0,0,0,4096,256,131072,4,15|4,0,67108864,262144,256,0,0,0,0,812,0,800,0,203,200,0,1,812,0|930,4091553113,19,52665920,0,0,0,0,0,55498555,0,200,0,2886764691,0,2886764691,0,2080,2866975971,0,31583985,0,0,0,0,0
1785917643254|1091|stationary_30min_formal_r2f_00014_67108864|fixed|570,1378943233,16781056,62184658,61319493,711005,0,711005,0,15090,0,7545,0,0,0,59038,59038,48204544,0,4096,0,0,0,7545,0,72099436,0,72099444,0,0,0,0,0,0,0,0,0,4096,256,131072,4,15|4,0,67108864,262144,256,0,0,0,0,900,0,888,0,225,222,0,1,900,0|932,799865159,20,0,0,58195968,0,58195968,0,177963,0,0,222,0,0,0,0,0,0,0,5982504,0,0,0,0,0
1785917643254|1091|stationary_30min_formal_r2f_00014_67108864|rotating|570,1378943233,33554687,62282584,61415600,61570446,61415600,61570446,61415600,59354,59131,59130,59130,0,0,7557,0,1825203704,1821583283,4096,4096,0,0,59131,59131,60127483,60127472,60127467,60127480,0,0,0,0,0,0,0,0,4096,256,131072,4,15|4,0,67108864,262144,256,0,0,0,0,900,0,888,0,225,222,0,1,900,0|932,108237038,20,58330336,0,0,0,0,0,61472034,0,222,0,3196999808,0,3196999808,0,2080,3175474165,0,34436335,0,0,0,0,0
1785917648259|1091|stationary_30min_formal_r2f_00014_67108864|fixed|572,1378943233,16781056,68414240,67461466,782249,0,782249,0,16602,0,8301,0,0,0,64950,64950,53034600,0,4096,0,0,0,8301,0,392462442,0,392462450,0,0,0,0,0,0,0,0,0,4096,256,131072,4,15|4,0,67108864,262144,256,0,0,0,0,988,0,976,0,247,244,0,1,988,0|934,1118951780,20,0,0,63963136,0,63963136,0,195680,0,0,244,0,0,0,0,0,0,0,6026269,0,0,0,0,0
1785917648259|1091|stationary_30min_formal_r2f_00014_67108864|rotating|572,1378943233,33556360,68478496,67525031,67695494,67525031,67695494,67525031,65256,65011,65011,65011,0,0,8309,0,2006710280,2002730376,4096,4096,0,0,65011,65011,378756533,378756898,378756549,378756906,0,0,0,0,0,0,0,0,4096,256,131072,4,15|4,0,67108864,262144,256,0,0,0,0,988,0,976,0,247,244,0,1,988,0|934,425649486,20,64105408,0,0,0,0,0,67557268,0,244,0,3512968488,0,3512968488,0,2080,3489729519,0,37288846,0,0,0,0,0
1785917661213|1093|stationary_30min_formal_r2f_00016_16777216|fixed|578,1378943233,16781056,6552837,6466926,70112,0,70112,0,1488,0,744,0,0,0,5829,5829,4753352,0,4096,0,0,0,744,0,1221651533,0,1221651541,0,0,0,0,0,0,0,0,0,4096,256,131072,4,15|5,0,16777216,262144,64,0,0,0,0,100,0,88,0,25,22,0,1,100,0|948,1949893265,20,0,0,5767168,0,5767168,0,17763,0,0,22,0,0,0,0,0,0,0,5020180,0,0,0,0,0
1785917661213|1093|stationary_30min_formal_r2f_00016_16777216|rotating|578,1378943233,33558272,6666398,6578538,6595060,6578538,6595060,6578538,11883,11860,5930,5930,0,0,757,0,183070960,182711744,4096,4096,0,0,5930,5930,1210059310,1210059643,1210059318,1210059651,0,0,0,0,0,0,0,0,4096,256,131072,4,15|4,0,16777216,262144,64,0,0,0,0,100,0,88,0,25,22,0,1,100,0|948,1258572115,20,5909440,0,0,0,0,0,6649790,0,22,0,327064777,0,327064777,0,2080,321598276,0,7893456,0,0,0,0,0
1785917666221|1093|stationary_30min_formal_r2f_00016_16777216|fixed|580,1378943233,16781056,13199182,13024680,141354,0,141354,0,3000,0,1500,0,0,0,11741,11741,9583400,0,4096,0,0,0,1500,0,1542027701,0,1542027709,0,0,0,0,0,0,0,0,0,4096,256,131072,4,15|4,0,16777216,262144,64,0,0,0,0,188,0,176,0,47,44,0,1,188,0|950,2268956679,20,0,0,11534336,0,11534336,0,35480,0,0,44,0,0,0,0,0,0,0,5066158,0,0,0,0,0
1785917666221|1093|stationary_30min_formal_r2f_00016_16777216|rotating|580,1378943233,33554687,13299231,13123678,13156839,13123678,13156839,13123678,23705,23660,11830,11830,0,0,1511,0,365214456,364495691,4096,4096,0,0,11830,11830,1529772587,1529772920,1529772595,1529772928,0,0,0,0,0,0,0,0,4096,256,131072,4,15|4,0,16777216,262144,64,0,0,0,0,188,0,176,0,47,44,0,1,188,0|950,1577363457,20,11708224,0,0,0,0,0,13175579,0,44,0,644406423,0,644406423,0,2080,637218919,0,10758735,0,0,0,0,0
1785917676457|1094|stationary_30min_formal_r2f_00017_67108864|fixed|584,1378943233,16781056,6542976,6457259,70018,0,70018,0,1486,0,743,0,0,0,5824,5824,4746960,0,4096,0,0,0,743,0,2197250844,0,2197250852,0,0,0,0,0,0,0,0,0,4096,256,131072,4,15|4,0,67108864,262144,256,0,0,0,0,96,0,84,0,24,21,0,1,100,0|958,2924176068,20,0,0,5767168,0,5767168,0,17669,0,0,22,0,0,0,0,0,0,0,5009475,0,0,0,0,0
1785917676457|1094|stationary_30min_formal_r2f_00017_67108864|rotating|584,1378943233,33554687,6624779,6537429,6553818,6537429,6553818,6537429,5920,5897,5896,5896,0,0,753,0,181951072,181591785,4096,4096,0,0,5897,5897,2184311367,2184311348,2184311343,2184311356,0,0,0,0,0,0,0,0,4096,256,131072,4,15|4,0,67108864,262144,256,0,0,0,0,100,0,88,0,25,22,0,1,100,0|958,2231210928,20,5846208,0,0,0,0,0,6575112,0,22,0,323691534,0,323691534,0,2080,318210899,0,7893942,0,0,0,0,0
1785917681471|1094|stationary_30min_formal_r2f_00017_67108864|fixed|586,1378943233,16781056,13186066,13011735,141354,0,141354,0,3000,0,1500,0,0,0,11740,11740,9583400,0,4096,0,0,0,1500,0,2518052580,0,2518052588,0,0,0,0,0,0,0,0,0,4096,256,131072,4,15|4,0,67108864,262144,256,0,0,0,0,188,0,176,0,47,44,0,1,188,0|960,3244756810,20,0,0,11534336,0,11534336,0,35480,0,0,44,0,0,0,0,0,0,0,5055783,0,0,0,0,0
1785917681471|1094|stationary_30min_formal_r2f_00017_67108864|rotating|586,1378943233,33554687,13260406,13085316,13118297,13085316,13118297,13085316,11853,11808,11807,11807,0,0,1508,0,364321252,363602919,4096,4096,0,0,11808,11808,2504586099,2504586112,2504586107,2504586120,0,0,0,0,0,0,0,0,4096,256,131072,4,15|4,0,67108864,262144,256,0,0,0,0,188,0,176,0,47,44,0,1,188,0|960,2551548785,20,11676608,0,0,0,0,0,13124667,0,44,0,642571791,0,642571791,0,2080,635380218,0,10755944,0,0,0,0,0
1785917686483|1094|stationary_30min_formal_r2f_00017_67108864|fixed|588,1378943233,16781056,19853166,19590911,212880,0,212880,0,4518,0,2259,0,0,0,17676,17676,14432616,0,4096,0,0,0,2259,0,2839910923,0,2839910931,0,0,0,0,0,0,0,0,0,4096,256,131072,4,15|4,0,67108864,262144,256,0,0,0,0,276,0,264,0,69,66,0,1,276,0|962,3566472959,20,0,0,17301504,0,17301504,0,53338,0,0,66,0,0,0,0,0,0,0,5098844,0,0,0,0,0
1785917686483|1094|stationary_30min_formal_r2f_00017_67108864|rotating|588,1378943233,33558272,19921006,19658088,19707465,19658088,19707465,19658088,17804,17738,17737,17737,0,0,2266,0,547292872,546215752,4096,4096,0,0,17737,17737,2825883386,2825883719,2825883394,2825883727,0,0,0,0,0,0,0,0,4096,256,131072,4,15|4,0,67108864,262144,256,0,0,0,0,276,0,264,0,69,66,0,1,276,0|962,2873188503,20,17522816,0,0,0,0,0,19703879,0,66,0,962749957,0,962749957,0,2080,953851237,0,13617549,0,0,0,0,0
1785917691512|1094|stationary_30min_formal_r2f_00017_67108864|fixed|590,1378943233,16781056,26507734,26157812,284124,0,284124,0,6030,0,3015,0,0,0,23600,23600,19262648,0,4096,0,0,0,3015,0,3160479109,0,3160479117,0,0,0,0,0,0,0,0,0,4096,256,131072,4,15|4,0,67108864,262144,256,0,0,0,0,364,0,352,0,91,88,0,1,364,0|964,3887390479,20,0,0,23068672,0,23068672,0,71171,0,0,88,0,0,0,0,0,0,0,5141396,0,0,0,0,0
1785917691512|1094|stationary_30min_formal_r2f_00017_67108864|rotating|590,1378943233,33554687,26583581,26232786,26298613,26232786,26298613,26232786,23757,23669,23667,23667,0,0,3024,0,730283941,728847528,4096,4096,0,0,23668,23668,3147241756,3147241769,3147241764,3147241745,0,0,0,0,0,0,0,0,4096,256,131072,4,15|4,0,67108864,262144,256,0,0,0,0,368,0,356,0,92,89,0,1,368,0|964,3194246887,20,23362432,0,0,0,0,0,26268929,0,89,0,1282348437,0,1282348437,0,2080,1271607800,0,16607930,0,0,0,0,0
1785917696513|1094|stationary_30min_formal_r2f_00017_67108864|fixed|592,1378943233,16781056,33144918,32707260,355268,0,355268,0,7540,0,3770,0,0,0,29507,29507,24086288,0,4096,0,0,0,3770,0,3480617958,0,3480617966,0,0,0,0,0,0,0,0,0,4096,256,131072,4,15|5,0,67108864,262144,256,0,0,0,0,456,0,444,0,114,111,0,1,456,0|966,4207538082,20,0,0,29097984,0,29097984,0,88981,0,0,111,0,0,0,0,0,0,0,5181866,0,0,0,0,0
1785917696513|1094|stationary_30min_formal_r2f_00017_67108864|rotating|592,1378943233,33554687,33233921,32794530,32877617,32794530,32877617,32794530,29700,29590,29587,29587,0,0,3781,0,912940144,911128377,4096,4096,0,0,29588,29588,3468135306,3468135287,3468135282,3468135295,0,0,0,0,0,0,0,0,4096,256,131072,4,15|4,0,67108864,262144,256,0,0,0,0,456,0,444,0,114,111,0,1,456,0|966,3516685821,20,29224448,0,0,0,0,0,32865738,0,111,0,1603321867,0,1603321867,0,2080,1590877719,0,19469293,0,0,0,0,0
1785917701527|1094|stationary_30min_formal_r2f_00017_67108864|fixed|594,1378943233,16781056,39793510,39267438,426698,0,426698,0,9056,0,4528,0,0,0,35427,35427,28929128,0,4096,0,0,0,4528,0,3801852465,0,3801852473,0,0,0,0,0,0,0,0,0,4096,256,131072,4,15|4,0,67108864,262144,256,0,0,0,0,544,0,532,0,136,133,0,1,544,0|968,233375066,21,0,0,34865152,0,34865152,0,106792,0,0,133,0,0,0,0,0,0,0,5220733,0,0,0,0,0
1785917701527|1094|stationary_30min_formal_r2f_00017_67108864|rotating|594,1378943233,33558272,39873287,39346343,39445739,39346343,39445739,39346343,35632,35501,35498,35498,0,0,4537,0,1095326288,1093155728,4096,4096,0,0,35498,35498,3788416111,3788416444,3788416119,3788416452,0,0,0,0,0,0,0,0,4096,256,131072,4,15|4,0,67108864,262144,256,0,0,0,0,544,0,532,0,136,133,0,1,544,0|968,3835741888,20,35031136,0,0,0,0,0,39391473,0,133,0,1920926262,0,1920926262,0,2080,1906763287,0,22334093,0,0,0,0,0
1785917706538|1094|stationary_30min_formal_r2f_00017_67108864|fixed|596,1378943233,16781056,46443133,45829363,497941,0,497941,0,10568,0,5284,0,0,0,41346,41346,33759168,0,4096,0,0,0,5284,0,4122420398,0,4122420406,0,0,0,0,0,0,0,0,0,4096,256,131072,4,15|4,0,67108864,262144,256,0,0,0,0,632,0,620,0,158,155,0,1,632,0|970,554328298,21,0,0,40632320,0,40632320,0,124627,0,0,155,0,0,0,0,0,0,0,5277631,0,0,0,0,0
1785917706538|1094|stationary_30min_formal_r2f_00017_67108864|rotating|596,1378943233,33554687,46538025,45923172,46039046,45923172,46039046,45923172,41587,41434,41430,41430,0,0,5295,0,1278374747,1275844896,4096,4096,0,0,41431,41431,4109875910,4109875923,4109875918,4109875899,0,0,0,0,0,0,0,0,4096,256,131072,4,15|4,0,67108864,262144,256,0,0,0,0,636,0,624,0,159,156,0,1,636,0|970,4160032185,20,40926080,0,0,0,0,0,46023485,0,156,0,2243742823,0,2243742823,0,2080,2227749940,0,25324344,0,0,0,0,0
1785917711544|1094|stationary_30min_formal_r2f_00017_67108864|fixed|598,1378943233,16781056,53086459,52384908,569185,0,569185,0,12080,0,6040,0,0,0,47259,47259,38589200,0,4096,0,0,0,6040,0,148021062,0,148021070,0,0,0,0,0,0,0,0,0,4096,256,131072,4,15|4,0,67108864,262144,256,0,0,0,0,720,0,708,0,180,177,0,1,720,0|972,874592461,21,0,0,46399488,0,46399488,0,142413,0,0,177,0,0,0,0,0,0,0,5316412,0,0,0,0,0
1785917711544|1094|stationary_30min_formal_r2f_00017_67108864|rotating|598,1378943233,33554687,53179354,52476837,52609230,52476837,52609230,52476837,47521,47346,47342,47342,0,0,6050,0,1460790473,1457901584,4096,4096,0,0,47343,47343,135255186,135255199,135255194,135255175,0,0,0,0,0,0,0,0,4096,256,131072,4,15|4,0,67108864,262144,256,0,0,0,0,724,0,712,0,181,178,0,1,724,0|972,183681662,21,46716960,0,0,0,0,0,52541597,0,178,0,2560911876,0,2560911876,0,2080,2543201060,0,28184856,0,0,0,0,0
1785917716546|1094|stationary_30min_formal_r2f_00017_67108864|fixed|600,1378943233,16781056,59722136,58933180,640330,0,640330,0,13590,0,6795,0,0,0,53167,53167,43412832,0,4096,0,0,0,6795,0,468157219,0,468157227,0,0,0,0,0,0,0,0,0,4096,256,131072,4,15|5,0,67108864,262144,256,0,0,0,0,812,0,800,0,203,200,0,1,812,0|974,1194823293,21,0,0,52428800,0,52428800,0,160223,0,0,200,0,0,0,0,0,0,0,5364721,0,0,0,0,0
1785917716546|1094|stationary_30min_formal_r2f_00017_67108864|rotating|600,1378943233,33554687,59799521,59009005,59158343,59009005,59158343,59009005,53437,53239,53235,53235,0,0,6804,0,1642642710,1639378464,4096,4096,0,0,53236,53236,454734365,454734378,454734373,454734354,0,0,0,0,0,0,0,0,4096,256,131072,4,15|4,0,67108864,262144,256,0,0,0,0,812,0,800,0,203,200,0,1,812,0|974,502472423,21,52515744,0,0,0,0,0,59062241,0,200,0,2878252941,0,2878252941,0,2080,2858827913,0,31043344,0,0,0,0,0
1785917721551|1094|stationary_30min_formal_r2f_00017_67108864|fixed|602,1378943233,16781056,66361757,65484352,711571,0,711571,0,15102,0,7551,0,0,0,59077,59077,48242872,0,4096,0,0,0,7551,0,788533336,0,788533344,0,0,0,0,0,0,0,0,0,4096,256,131072,4,15|4,0,67108864,262144,256,0,0,0,0,900,0,888,0,225,222,0,1,900,0|976,1515823248,21,0,0,58195968,0,58195968,0,178058,0,0,222,0,0,0,0,0,0,0,5411820,0,0,0,0,0
1785917721551|1094|stationary_30min_formal_r2f_00017_67108864|rotating|602,1378943233,33556599,66459543,65581070,65746934,65581070,65746934,65581070,59388,59167,59164,59164,0,0,7562,0,1825564927,1821941632,4096,4096,0,0,59165,59165,775975591,775975636,775975599,775975612,0,0,0,0,0,0,0,0,4096,256,131072,4,15|4,0,67108864,262144,256,0,0,0,0,900,0,888,0,225,222,0,1,900,0|976,823320520,21,58354048,0,0,0,0,0,65626244,0,222,0,3197641462,0,3197641462,0,2080,3176503167,0,33909372,0,0,0,0,0
1785917726556|1094|stationary_30min_formal_r2f_00017_67108864|fixed|604,1378943233,16781056,73002317,72037149,782720,0,782720,0,16612,0,8306,0,0,0,64988,64988,53066576,0,4096,0,0,0,8306,0,1108670754,0,1108670762,0,0,0,0,0,0,0,0,0,4096,256,131072,4,15|4,0,67108864,262144,256,0,0,0,0,988,0,976,0,247,244,0,1,988,0|978,1835341743,21,0,0,63963136,0,63963136,0,195821,0,0,244,0,0,0,0,0,0,0,5456082,0,0,0,0,0
1785917726556|1094|stationary_30min_formal_r2f_00017_67108864|rotating|604,1378943233,33554687,73096221,72130107,72312557,72130107,72312557,72130107,65317,65075,65071,65071,0,0,8316,0,2007848812,2003866480,4096,4096,0,0,65072,65072,1096082727,1096082740,1096082735,1096082716,0,0,0,0,0,0,0,0,4096,256,131072,4,15|4,0,67108864,262144,256,0,0,0,0,988,0,976,0,247,244,0,1,988,0|978,1142961953,21,64168640,0,0,0,0,0,72165279,0,244,0,3515829247,0,3515829247,0,2080,3492978890,0,36769104,0,0,0,0,0
1785917739395|1096|stationary_30min_formal_r2f_00019_16777216|fixed|610,1378943233,16781056,6116119,6031880,69830,0,69830,0,1482,0,741,0,0,0,5807,5807,4734160,0,4096,0,0,0,741,0,1930394100,0,1930394108,0,0,0,0,0,0,0,0,0,4096,256,131072,4,15|5,0,16777216,262144,64,0,0,0,0,100,0,88,0,25,22,0,1,100,0|992,2657914302,21,0,0,5767168,0,5767168,0,17645,0,0,22,0,0,0,0,0,0,0,5589071,0,0,0,0,0
1785917739395|1096|stationary_30min_formal_r2f_00019_16777216|rotating|610,1378943233,33554687,6201610,6115659,6130744,6115659,6130744,6115659,5912,5889,5888,5888,0,0,752,0,181750099,181392862,4096,4096,0,0,5889,5889,1917860916,1917860905,1917860924,1917860913,0,0,0,0,0,0,0,0,4096,256,131072,4,15|4,0,16777216,262144,64,0,0,0,0,100,0,88,0,25,22,0,1,100,0|992,1966499900,21,5869920,0,0,0,0,0,6184794,0,22,0,325398726,0,325398726,0,2080,319494316,0,8454903,0,0,0,0,0
1785917744412|1096|stationary_30min_formal_r2f_00019_16777216|fixed|612,1378943233,16781056,12354883,12182892,141259,0,141259,0,2998,0,1499,0,0,0,11730,11730,9577000,0,4096,0,0,0,1499,0,2251624699,0,2251624707,0,0,0,0,0,0,0,0,0,4096,256,131072,4,15|4,0,16777216,262144,64,0,0,0,0,188,0,176,0,47,44,0,1,188,0|994,2977676748,21,0,0,11534336,0,11534336,0,35409,0,0,44,0,0,0,0,0,0,0,5636478,0,0,0,0,0
1785917744412|1096|stationary_30min_formal_r2f_00019_16777216|rotating|612,1378943233,33558272,12428608,12255829,12286499,12255829,12286499,12255829,11845,11800,11800,11800,0,0,1508,0,364233120,363516280,4096,4096,0,0,11800,11800,2238189135,2238189492,2238189151,2238189500,0,0,0,0,0,0,0,0,4096,256,131072,4,15|4,0,16777216,262144,64,0,0,0,0,188,0,176,0,47,44,0,1,188,0|994,2286071267,21,11684512,0,0,0,0,0,12310025,0,44,0,643516445,0,643516445,0,2080,635899370,0,11315238,0,0,0,0,0
1785917754798|1097|stationary_30min_formal_r2f_00020_67108864|fixed|616,1378943233,16781056,6141985,6058021,69549,0,69549,0,1476,0,738,0,0,0,5786,5786,4715016,0,4096,0,0,0,738,0,2916079441,0,2916079457,0,0,0,0,0,0,0,0,0,4096,256,131072,4,15|4,0,67108864,262144,256,0,0,0,0,96,0,84,0,24,21,0,1,96,0|1002,3642931222,21,0,0,5505024,0,5505024,0,17528,0,0,21,0,0,0,0,0,0,0,6886029,0,0,0,0,0
1785917754798|1097|stationary_30min_formal_r2f_00020_67108864|rotating|616,1378943233,33558272,6212229,6126638,6141741,6126638,6141741,6126638,5874,5852,5852,5852,0,0,748,0,180639168,180280208,4096,4096,0,0,5852,5852,2902751550,2902730131,2902751558,2902730139,0,0,0,0,0,0,0,0,4096,256,131072,4,15|4,0,67108864,262144,256,0,0,0,0,100,0,88,0,25,22,0,1,100,0|1002,2949757702,21,5806688,0,0,0,0,0,6162188,0,22,0,322688070,0,322688070,0,2080,315780767,0,9784035,0,0,0,0,0
1785917759812|1097|stationary_30min_formal_r2f_00020_67108864|fixed|618,1378943233,16781056,12449324,12277453,141165,0,141165,0,2996,0,1498,0,0,0,11727,11727,9570616,0,4096,0,0,0,1498,0,3238164359,0,3238164367,0,0,0,0,0,0,0,0,0,4096,256,131072,4,15|4,0,67108864,262144,256,0,0,0,0,188,0,176,0,47,44,0,1,188,0|1004,3966063152,21,0,0,11534336,0,11534336,0,35503,0,0,44,0,0,0,0,0,0,0,6934742,0,0,0,0,0
1785917759812|1097|stationary_30min_formal_r2f_00020_67108864|rotating|618,1378943233,33554687,12554337,12381199,12411945,12381199,12411945,12381199,11872,11827,11826,11826,0,0,1511,0,365053384,364334544,4096,4096,0,0,11827,11827,3226585083,3226585096,3226585091,3226585064,0,0,0,0,0,0,0,0,4096,256,131072,4,15|4,0,67108864,262144,256,0,0,0,0,188,0,176,0,47,44,0,1,188,0|1004,3273382653,21,11692416,0,0,0,0,0,12414938,0,44,0,644841589,0,644841589,0,2080,636240760,0,12640504,0,0,0,0,0
1785917764816|1097|stationary_30min_formal_r2f_00020_67108864|fixed|620,1378943233,16781056,18703760,18445574,212124,0,212124,0,4502,0,2251,0,0,0,17619,17619,14381512,0,4096,0,0,0,2251,0,3557439325,0,3557439333,0,0,0,0,0,0,0,0,0,4096,256,131072,4,15|4,0,67108864,262144,256,0,0,0,0,276,0,264,0,69,66,0,1,276,0|1006,4283964200,21,0,0,17301504,0,17301504,0,53149,0,0,66,0,0,0,0,0,0,0,6980725,0,0,0,0,0
1785917764816|1097|stationary_30min_formal_r2f_00020_67108864|rotating|620,1378943233,33554687,18764610,18505686,18551730,18505686,18551730,18505686,17744,17677,17676,17676,0,0,2259,0,545629772,544551384,4096,4096,0,0,17677,17677,3543601545,3543601550,3543601553,3543601534,0,0,0,0,0,0,0,0,4096,256,131072,4,15|4,0,67108864,262144,256,0,0,0,0,276,0,264,0,69,66,0,1,276,0|1006,3591674407,21,17483296,0,0,0,0,0,18564492,0,66,0,961685623,0,961685623,0,2080,951370560,0,15497317,0,0,0,0,0
1785917769827|1097|stationary_30min_formal_r2f_00020_67108864|fixed|622,1378943233,16781056,24988291,24643264,283461,0,283461,0,6016,0,3008,0,0,0,23538,23538,19217944,0,4096,0,0,0,3008,0,3878435781,0,3878435789,0,0,0,0,0,0,0,0,0,4096,256,131072,4,15|4,0,67108864,262144,256,0,0,0,0,364,0,352,0,91,88,0,1,364,0|1008,313284541,22,0,0,23068672,0,23068672,0,71171,0,0,88,0,0,0,0,0,0,0,7024090,0,0,0,0,0
1785917769827|1097|stationary_30min_formal_r2f_00020_67108864|rotating|622,1378943233,33555404,25229400,24880880,24943205,24880880,24943205,24880880,23856,23766,23766,23766,0,0,3037,0,733610040,732154392,4096,4096,0,0,23766,23766,3873613305,3873613638,3873613313,3873613646,0,0,0,0,0,0,0,0,4096,256,131072,4,15|4,0,67108864,262144,256,0,0,0,0,368,0,356,0,92,89,0,1,368,0|1008,3921917898,21,23488896,0,0,0,0,0,24943729,0,89,0,1290427714,0,1290427714,0,2080,1278308022,0,18486047,0,0,0,0,0
1785917774827|1097|stationary_30min_formal_r2f_00020_67108864|fixed|624,1378943233,16781056,31253089,30820711,354517,0,354517,0,7524,0,3762,0,0,0,29440,29440,24035192,0,4096,0,0,0,3762,0,4198144153,0,4198144161,0,0,0,0,0,0,0,0,0,4096,256,131072,4,15|4,0,67108864,262144,256,0,0,0,0,452,0,440,0,113,110,0,1,452,0|1010,630050568,22,0,0,28835840,0,28835840,0,88770,0,0,110,0,0,0,0,0,0,0,7070214,0,0,0,0,0
1785917774827|1097|stationary_30min_formal_r2f_00020_67108864|rotating|624,1378943233,33554687,31329627,30896328,30974266,30896328,30974266,30896328,29624,29513,29512,29512,0,0,3771,0,910984383,909186456,4096,4096,0,0,29513,29513,4184952413,4184952426,4184952421,4184952402,0,0,0,0,0,0,0,0,4096,256,131072,4,15|4,0,67108864,262144,256,0,0,0,0,456,0,444,0,114,111,0,1,456,0|1010,4232666199,21,29137504,0,0,0,0,0,30945075,0,111,0,1599763863,0,1599763863,0,2080,1585895514,0,21346737,0,0,0,0,0
1785917779833|1097|stationary_30min_formal_r2f_00020_67108864|fixed|626,1378943233,16781056,37530634,37010618,425756,0,425756,0,9036,0,4518,0,0,0,35352,35352,28865216,0,4096,0,0,0,4518,0,223742739,0,223742747,0,0,0,0,0,0,0,0,0,4096,256,131072,4,15|4,0,67108864,262144,256,0,0,0,0,544,0,532,0,136,133,0,1,544,0|1012,951136867,22,0,0,34865152,0,34865152,0,106627,0,0,133,0,0,0,0,0,0,0,7118745,0,0,0,0,0
1785917779833|1097|stationary_30min_formal_r2f_00020_67108864|rotating|626,1378943233,33554687,37621599,37099916,37194807,37099916,37194807,37099916,35573,35439,35438,35438,0,0,4529,0,1093909989,1091736744,4096,4096,0,0,35439,35439,211215217,211215214,211215225,211215222,0,0,0,0,0,0,0,0,4096,256,131072,4,15|4,0,67108864,262144,256,0,0,0,0,544,0,532,0,136,133,0,1,544,0|1012,259083530,22,34983712,0,0,0,0,0,37154958,0,133,0,1919686938,0,1919686938,0,2080,1904115514,0,24204270,0,0,0,0,0
1785917784838|1097|stationary_30min_formal_r2f_00020_67108864|fixed|628,1378943233,16781056,43804977,43198548,496998,0,496998,0,10548,0,5274,0,0,0,41263,41263,33695264,0,4096,0,0,0,5274,0,544109281,0,544109289,0,0,0,0,0,0,0,0,0,4096,256,131072,4,15|4,0,67108864,262144,256,0,0,0,0,632,0,620,0,158,155,0,1,632,0|1014,1270721461,22,0,0,40632320,0,40632320,0,124391,0,0,155,0,0,0,0,0,0,0,7155060,0,0,0,0,0
1785917784838|1097|stationary_30min_formal_r2f_00020_67108864|rotating|628,1378943233,33554687,43876766,43269603,43379013,43269603,43379013,43269603,41487,41331,41330,41330,0,0,5282,0,1275791364,1273259656,4096,4096,0,0,41331,41331,530500857,530500870,530500865,530500862,0,0,0,0,0,0,0,0,4096,256,131072,4,15|4,0,67108864,262144,256,0,0,0,0,632,0,620,0,158,155,0,1,632,0|1014,577348220,22,40766688,0,0,0,0,0,43303655,0,155,0,2236505884,0,2236505884,0,2080,2219217911,0,27061701,0,0,0,0,0
1785917789845|1097|stationary_30min_formal_r2f_00020_67108864|fixed|630,1378943233,16781056,50081816,49389767,568147,0,568147,0,12058,0,6029,0,0,0,47177,47177,38518960,0,4096,0,0,0,6029,0,864246016,0,864246024,0,0,0,0,0,0,0,0,0,4096,256,131072,4,15|4,0,67108864,262144,256,0,0,0,0,720,0,708,0,180,177,0,1,720,0|1016,1591914572,22,0,0,46399488,0,46399488,0,142225,0,0,177,0,0,0,0,0,0,0,7193479,0,0,0,0,0
1785917789845|1097|stationary_30min_formal_r2f_00020_67108864|rotating|630,1378943233,33558272,50168017,49474891,49598832,49474891,49598832,49474891,47436,47258,47258,47258,0,0,6040,0,1458759832,1455867560,4096,4096,0,0,47258,47258,851670880,851671221,851670888,851671229,0,0,0,0,0,0,0,0,4096,256,131072,4,15|4,0,67108864,262144,256,0,0,0,0,720,0,708,0,180,177,0,1,720,0|1016,899253232,22,46620800,0,0,0,0,0,49522219,0,177,0,2556947368,0,2556947368,0,2080,2537956488,0,29920763,0,0,0,0,0
1785917794849|1097|stationary_30min_formal_r2f_00020_67108864|fixed|632,1378943233,16781056,56356359,55577845,639390,0,639390,0,13570,0,6785,0,0,0,53087,53087,43348992,0,4096,0,0,0,6785,0,1184809821,0,1184809829,0,0,0,0,0,0,0,0,0,4096,256,131072,4,15|4,0,67108864,262144,256,0,0,0,0,808,0,796,0,202,199,0,1,808,0|1018,1912170794,22,0,0,52166656,0,52166656,0,160012,0,0,199,0,0,0,0,0,0,0,7241777,0,0,0,0,0
1785917794849|1097|stationary_30min_formal_r2f_00020_67108864|rotating|632,1378943233,33554687,56449176,55669702,55808752,55669702,55808752,55669702,53375,53175,53174,53174,0,0,6796,0,1641389610,1638137605,4096,4096,0,0,53175,53175,1172271090,1172271095,1172271098,1172271103,0,0,0,0,0,0,0,0,4096,256,131072,4,15|4,0,67108864,262144,256,0,0,0,0,812,0,800,0,203,200,0,1,812,0|1018,1220058350,22,52452512,0,0,0,0,0,55717779,0,200,0,2876294558,0,2876294558,0,2080,2855464804,0,32906404,0,0,0,0,0
1785917799854|1097|stationary_30min_formal_r2f_00020_67108864|fixed|634,1378943233,16781056,62628167,61762925,710537,0,710537,0,15080,0,7540,0,0,0,58998,58998,48172576,0,4096,0,0,0,7540,0,1504953431,0,1504953439,0,0,0,0,0,0,0,0,0,4096,256,131072,4,15|5,0,67108864,262144,256,0,0,0,0,900,0,888,0,225,222,0,1,900,0|1020,2232548643,22,0,0,58195968,0,58195968,0,177822,0,0,222,0,0,0,0,0,0,0,7290939,0,0,0,0,0
1785917799854|1097|stationary_30min_formal_r2f_00020_67108864|rotating|634,1378943233,33554687,62718347,61851349,62006776,61851349,62006776,61851349,59306,59083,59083,59083,0,0,7551,0,1823774491,1820145926,4096,4096,0,0,59083,59083,1492556093,1492556434,1492556101,1492556442,0,0,0,0,0,0,0,0,4096,256,131072,4,15|4,0,67108864,262144,256,0,0,0,0,900,0,888,0,225,222,0,1,900,0|1020,1540246997,22,58276128,0,0,0,0,0,61900425,0,222,0,3195027301,0,3195027301,0,2080,3172481560,0,35771759,0,0,0,0,0
1785917804859|1097|stationary_30min_formal_r2f_00020_67108864|fixed|636,1378943233,16781056,68907570,67956841,781871,0,781871,0,16594,0,8297,0,0,0,64914,64914,53009032,0,4096,0,0,0,8297,0,1825747663,0,1825747671,0,0,0,0,0,0,0,0,0,4096,256,131072,4,15|4,0,67108864,262144,256,0,0,0,0,988,0,976,0,247,244,0,1,988,0|1022,2552334914,22,0,0,63963136,0,63963136,0,195589,0,0,244,0,0,0,0,0,0,0,7329500,0,0,0,0,0
1785917804859|1097|stationary_30min_formal_r2f_00020_67108864|rotating|636,1378943233,33554687,68976078,68024581,68193452,68024581,68193452,68024581,65225,64981,64979,64979,0,0,8305,0,2005778518,2001789105,4096,4096,0,0,64980,64980,1812068303,1812068316,1812068311,1812068324,0,0,0,0,0,0,0,0,4096,256,131072,4,15|4,0,67108864,262144,256,0,0,0,0,988,0,976,0,247,244,0,1,988,0|1022,1859846400,22,64089600,0,0,0,0,0,68074674,0,244,0,3513173336,0,3513173336,0,2080,3488919779,0,38627244,0,0,0,0,0
1785917817690|1099|stationary_30min_formal_r2f_00022_16777216|fixed|642,1378943233,16781056,6551814,6465903,70112,0,70112,0,1488,0,744,0,0,0,5832,5832,4753352,0,4096,0,0,0,744,0,2646421803,0,2646421811,0,0,0,0,0,0,0,0,0,4096,256,131072,4,15|5,0,16777216,262144,64,0,0,0,0,100,0,88,0,25,22,0,1,100,0|1036,3373230745,22,0,0,5767168,0,5767168,0,17669,0,0,22,0,0,0,0,0,0,0,5019952,0,0,0,0,0
1785917817690|1099|stationary_30min_formal_r2f_00022_16777216|rotating|642,1378943233,33554687,6622117,6534655,6551156,6534655,6551156,6534655,5918,5895,5894,5894,0,0,753,0,181878272,181518986,4096,4096,0,0,5895,5895,2632933039,2632933020,2632933015,2632933028,0,0,0,0,0,0,0,0,4096,256,131072,4,15|4,0,16777216,262144,64,0,0,0,0,100,0,88,0,25,22,0,1,100,0|1036,2679766032,22,5846208,0,0,0,0,0,6571518,0,22,0,323500546,0,323500546,0,2080,318022104,0,7891736,0,0,0,0,0
1785917822701|1099|stationary_30min_formal_r2f_00022_16777216|fixed|644,1378943233,16781056,13198258,13024023,141449,0,141449,0,3002,0,1501,0,0,0,11749,11749,9589800,0,4096,0,0,0,1501,0,2967218362,0,2967218370,0,0,0,0,0,0,0,0,0,4096,256,131072,4,15|4,0,16777216,262144,64,0,0,0,0,188,0,176,0,47,44,0,1,188,0|1038,3693959930,22,0,0,11534336,0,11534336,0,35503,0,0,44,0,0,0,0,0,0,0,5059218,0,0,0,0,0
1785917822701|1099|stationary_30min_formal_r2f_00022_16777216|rotating|644,1378943233,33558272,13291482,13116275,13149090,13116275,13149090,13116275,11877,11832,11832,11832,0,0,1511,0,365088192,364370112,4096,4096,0,0,11832,11832,2954643831,2954644164,2954643839,2954644172,0,0,0,0,0,0,0,0,4096,256,131072,4,15|4,0,16777216,262144,64,0,0,0,0,188,0,176,0,47,44,0,1,188,0|1038,3001680839,22,11700320,0,0,0,0,0,13156817,0,44,0,643951825,0,643951825,0,2080,636772771,0,10748503,0,0,0,0,0
1785917832932|1100|stationary_30min_formal_r2f_00023_67108864|fixed|648,1378943233,16781056,6208658,6123034,70394,0,70394,0,1494,0,747,0,0,0,5850,5850,4772528,0,4096,0,0,0,747,0,3622502085,0,3622502093,0,0,0,0,0,0,0,0,0,4096,256,131072,4,15|4,0,67108864,262144,256,0,0,0,0,100,0,88,0,25,22,0,1,100,0|1046,55797843,23,0,0,5767168,0,5767168,0,17834,0,0,22,0,0,0,0,0,0,0,5115551,0,0,0,0,0
1785917832932|1100|stationary_30min_formal_r2f_00023_67108864|rotating|648,1378943233,33558272,6314061,6226607,6242440,6226607,6242440,6226607,5973,5951,5950,5950,0,0,760,0,183667056,183307552,4096,4096,0,0,5950,5950,3610698394,3610698719,3610698402,3610698727,0,0,0,0,0,0,0,0,4096,256,131072,4,15|4,0,67108864,262144,256,0,0,0,0,100,0,88,0,25,22,0,1,100,0|1046,3657746524,22,5901536,0,0,0,0,0,6265349,0,22,0,326740321,0,326740321,0,2080,321208311,0,7981030,0,0,0,0,0
1785917837937|1100|stationary_30min_formal_r2f_00023_67108864|fixed|650,1378943233,16781056,12469939,12297214,141542,0,141542,0,3004,0,1502,0,0,0,11755,11755,9596192,0,4096,0,0,0,1502,0,3942450154,0,3942450162,0,0,0,0,0,0,0,0,0,4096,256,131072,4,15|4,0,67108864,262144,256,0,0,0,0,188,0,176,0,47,44,0,1,188,0|1048,374107472,23,0,0,11534336,0,11534336,0,35527,0,0,44,0,0,0,0,0,0,0,5161067,0,0,0,0,0
1785917837937|1100|stationary_30min_formal_r2f_00023_67108864|rotating|650,1378943233,33554687,12543990,12370380,12401598,12370380,12401598,12370380,11870,11826,11824,11824,0,0,1511,0,365008401,364289988,4096,4096,0,0,11825,11825,3929062261,3929062266,3929062269,3929062274,0,0,0,0,0,0,0,0,4096,256,131072,4,15|4,0,67108864,262144,256,0,0,0,0,188,0,176,0,47,44,0,1,188,0|1048,3976057568,22,11692416,0,0,0,0,0,12407942,0,44,0,643603645,0,643603645,0,2080,636347460,0,10847784,0,0,0,0,0
1785917842945|1100|stationary_30min_formal_r2f_00023_67108864|fixed|652,1378943233,16781056,18747246,18487507,212785,0,212785,0,4516,0,2258,0,0,0,17673,17673,14426232,0,4096,0,0,0,2258,0,4263022247,0,4263022255,0,0,0,0,0,0,0,0,0,4096,256,131072,4,15|4,0,67108864,262144,256,0,0,0,0,276,0,264,0,69,66,0,1,276,0|1050,695732833,23,0,0,17301504,0,17301504,0,53385,0,0,66,0,0,0,0,0,0,0,5198435,0,0,0,0,0
1785917842945|1100|stationary_30min_formal_r2f_00023_67108864|rotating|652,1378943233,33558272,18830534,18569867,18616805,18569867,18616805,18569867,17820,17753,17752,17752,0,0,2268,0,547975208,546897920,4096,4096,0,0,17752,17752,4250233241,4250233566,4250233249,4250233574,0,0,0,0,0,0,0,0,4096,256,131072,4,15|4,0,67108864,262144,256,0,0,0,0,276,0,264,0,69,66,0,1,276,0|1050,2508206,23,17538624,0,0,0,0,0,18611877,0,66,0,963560027,0,963560027,0,2080,954593649,0,13712435,0,0,0,0,0
1785917847950|1100|stationary_30min_formal_r2f_00023_67108864|fixed|654,1378943233,16781056,25019951,24673341,284029,0,284029,0,6028,0,3014,0,0,0,23584,23584,19256264,0,4096,0,0,0,3014,0,288625901,0,288625909,0,0,0,0,0,0,0,0,0,4096,256,131072,4,15|4,0,67108864,262144,256,0,0,0,0,364,0,352,0,91,88,0,1,364,0|1052,1015883683,23,0,0,23068672,0,23068672,0,71171,0,0,88,0,0,0,0,0,0,0,5248795,0,0,0,0,0
1785917847950|1100|stationary_30min_formal_r2f_00023_67108864|rotating|654,1378943233,33554687,25111355,24763739,24826387,24763739,24826387,24763739,23761,23672,23670,23670,0,0,3024,0,730678377,729241992,4096,4096,0,0,23671,23671,275994979,275994984,275994987,275994960,0,0,0,0,0,0,0,0,4096,256,131072,4,15|4,0,67108864,262144,256,0,0,0,0,368,0,356,0,92,89,0,1,368,0|1052,323989923,23,23386144,0,0,0,0,0,24817250,0,89,0,1283579864,0,1283579864,0,2080,1272769837,0,16706245,0,0,0,0,0
1785917852963|1100|stationary_30min_formal_r2f_00023_67108864|fixed|656,1378943233,16781056,31302205,30868654,355268,0,355268,0,7540,0,3770,0,0,0,29502,29502,24086288,0,4096,0,0,0,3770,0,609202269,0,609202277,0,0,0,0,0,0,0,0,0,4096,256,131072,4,15|5,0,67108864,262144,256,0,0,0,0,456,0,444,0,114,111,0,1,456,0|1054,1335903458,23,0,0,29097984,0,29097984,0,88958,0,0,111,0,0,0,0,0,0,0,5291552,0,0,0,0,0
1785917852963|1100|stationary_30min_formal_r2f_00023_67108864|rotating|656,1378943233,33554687,31373169,30938144,31017052,30938144,31017052,30938144,29683,29572,29569,29569,0,0,3779,0,912764335,910952392,4096,4096,0,0,29570,29570,595775229,595775242,595775237,595775218,0,0,0,0,0,0,0,0,4096,256,131072,4,15|4,0,67108864,262144,256,0,0,0,0,456,0,444,0,114,111,0,1,456,0|1054,642809045,23,29184928,0,0,0,0,0,30975908,0,111,0,1600949290,0,1600949290,0,2080,1588414050,0,19575734,0,0,0,0,0
1785917857966|1100|stationary_30min_formal_r2f_00023_67108864|fixed|658,1378943233,16781056,37571058,37049948,426510,0,426510,0,9052,0,4526,0,0,0,35410,35410,28916336,0,4096,0,0,0,4526,0,929576714,0,929576722,0,0,0,0,0,0,0,0,0,4096,256,131072,4,15|4,0,67108864,262144,256,0,0,0,0,544,0,532,0,136,133,0,1,544,0|1056,1656142523,23,0,0,34865152,0,34865152,0,106745,0,0,133,0,0,0,0,0,0,0,5340468,0,0,0,0,0
1785917857966|1100|stationary_30min_formal_r2f_00023_67108864|rotating|658,1378943233,33558272,37702474,37179895,37274548,37179895,37274548,37179895,35670,35536,35534,35534,0,0,4541,0,1096876368,1094705728,4096,4096,0,0,35534,35534,918936816,918937141,918936824,918937149,0,0,0,0,0,0,0,0,4096,256,131072,4,15|4,0,67108864,262144,256,0,0,0,0,544,0,532,0,136,133,0,1,544,0|1056,966316204,23,35062752,0,0,0,0,0,37224086,0,133,0,1922986993,0,1922986993,0,2080,1908749745,0,22438988,0,0,0,0,0
1785917862980|1100|stationary_30min_formal_r2f_00023_67108864|fixed|660,1378943233,16781056,43858586,43250896,497846,0,497846,0,10566,0,5283,0,0,0,41335,41335,33752784,0,4096,0,0,0,5283,0,1250578004,0,1250578012,0,0,0,0,0,0,0,0,0,4096,256,131072,4,15|4,0,67108864,262144,256,0,0,0,0,632,0,620,0,158,155,0,1,632,0|1058,1977135235,23,0,0,40632320,0,40632320,0,124579,0,0,155,0,0,0,0,0,0,0,5387935,0,0,0,0,0
1785917862980|1100|stationary_30min_formal_r2f_00023_67108864|rotating|660,1378943233,33554687,43937343,43328789,43438646,43328789,43438646,43328789,41568,41412,41409,41409,0,0,5292,0,1278238821,1275708960,4096,4096,0,0,41410,41410,1237337991,1237337988,1237337999,1237337996,0,0,0,0,0,0,0,0,4096,256,131072,4,15|4,0,67108864,262144,256,0,0,0,0,632,0,620,0,158,155,0,1,632,0|1058,1285149632,23,40861536,0,0,0,0,0,43381366,0,155,0,2240370725,0,2240370725,0,2080,2224413653,0,25303088,0,0,0,0,0
1785917867981|1100|stationary_30min_formal_r2f_00023_67108864|fixed|662,1378943233,16781056,50126129,49431975,568902,0,568902,0,12074,0,6037,0,0,0,47239,47239,38570064,0,4096,0,0,0,6037,0,1570293423,0,1570293431,0,0,0,0,0,0,0,0,0,4096,256,131072,4,15|4,0,67108864,262144,256,0,0,0,0,720,0,708,0,180,177,0,1,720,0|1060,2297154086,23,0,0,46399488,0,46399488,0,142366,0,0,177,0,0,0,0,0,0,0,5435464,0,0,0,0,0
1785917867981|1100|stationary_30min_formal_r2f_00023_67108864|rotating|662,1378943233,33554687,50199809,49504765,49630061,49504765,49630061,49504765,47489,47312,47308,47308,0,0,6046,0,1460338213,1457449248,4096,4096,0,0,47309,47309,1557008850,1557008855,1557008858,1557008863,0,0,0,0,0,0,0,0,4096,256,131072,4,15|4,0,67108864,262144,256,0,0,0,0,720,0,708,0,180,177,0,1,720,0|1060,1604108221,23,46661632,0,0,0,0,0,49543122,0,178,0,2557879290,0,2557879290,0,2080,2540199049,0,28170582,0,0,0,0,0
1785917872990|1100|stationary_30min_formal_r2f_00023_67108864|fixed|664,1378943233,16781056,56406321,55625936,640142,0,640142,0,13586,0,6793,0,0,0,53155,53155,43400032,0,4096,0,0,0,6793,0,1890869386,0,1890869394,0,0,0,0,0,0,0,0,0,4096,256,131072,4,15|4,0,67108864,262144,256,0,0,0,0,808,0,796,0,202,199,0,1,812,0|1062,2617632163,23,0,0,52428800,0,52428800,0,160200,0,0,200,0,0,0,0,0,0,0,5482495,0,0,0,0,0
1785917872990|1100|stationary_30min_formal_r2f_00023_67108864|rotating|664,1378943233,33554687,56490784,55708698,55849606,55708698,55849606,55708698,53438,53239,53234,53234,0,0,6804,0,1643260709,1639996728,4096,4096,0,0,53235,53235,1878243674,1878243687,1878243682,1878243695,0,0,0,0,0,0,0,0,4096,256,131072,4,15|4,0,67108864,262144,256,0,0,0,0,812,0,800,0,203,200,0,1,812,0|1062,1925438488,23,52507840,0,0,0,0,0,55748248,0,200,0,2877748005,0,2877748005,0,2080,2858218311,0,31170147,0,0,0,0,0
1785917877999|1100|stationary_30min_formal_r2f_00023_67108864|fixed|666,1378943233,16781056,62684358,61816467,711477,0,711477,0,15100,0,7550,0,0,0,59069,59069,48236488,0,4096,0,0,0,7550,0,2211670543,0,2211670551,0,0,0,0,0,0,0,0,0,4096,256,131072,4,15|4,0,67108864,262144,256,0,0,0,0,900,0,888,0,225,222,0,1,900,0|1064,2938282077,23,0,0,58195968,0,58195968,0,178010,0,0,222,0,0,0,0,0,0,0,5521786,0,0,0,0,0
1785917877999|1100|stationary_30min_formal_r2f_00023_67108864|rotating|666,1378943233,33558272,62759284,61890554,62046957,61890554,62046957,61890554,59365,59144,59140,59140,0,0,7559,0,1825555856,1821932480,4096,4096,0,0,59140,59140,2198237538,2198237887,2198237546,2198237895,0,0,0,0,0,0,0,0,4096,256,131072,4,15|4,0,67108864,262144,256,0,0,0,0,900,0,888,0,225,222,0,1,900,0|1064,2246429224,23,58346144,0,0,0,0,0,61949006,0,222,0,3197279165,0,3197279165,0,2080,3176042184,0,34030195,0,0,0,0,0
1785917883001|1100|stationary_30min_formal_r2f_00023_67108864|fixed|668,1378943233,16781056,68978130,68023501,782815,0,782815,0,16614,0,8307,0,0,0,64998,64998,53072968,0,4096,0,0,0,8307,0,2532670868,0,2532670876,0,0,0,0,0,0,0,0,0,4096,256,131072,4,15|4,0,67108864,262144,256,0,0,0,0,988,0,976,0,247,244,0,1,988,0|1066,3259705456,23,0,0,63963136,0,63963136,0,195868,0,0,244,0,0,0,0,0,0,0,5566691,0,0,0,0,0
1785917883001|1100|stationary_30min_formal_r2f_00023_67108864|rotating|668,1378943233,33554687,69046907,68091479,68263337,68091479,68263337,68091479,65310,65067,65062,65062,0,0,8315,0,2008382339,2004400094,4096,4096,0,0,65063,65063,2519180802,2519180783,2519180810,2519180791,0,0,0,0,0,0,0,0,4096,256,131072,4,15|4,0,67108864,262144,256,0,0,0,0,988,0,976,0,247,244,0,1,988,0|1066,2566302044,23,64160736,0,0,0,0,0,68128737,0,244,0,3515698337,0,3515698337,0,2080,3492745929,0,36893292,0,0,0,0,0
1785917895861|1102|stationary_30min_formal_r2f_00025_16777216|fixed|674,1378943233,16781056,6142807,6058088,69643,0,69643,0,1478,0,739,0,0,0,5787,5787,4721392,0,4096,0,0,0,739,0,3354948445,0,3354948453,0,0,0,0,0,0,0,0,0,4096,256,131072,4,15|4,0,16777216,262144,64,0,0,0,0,96,0,84,0,24,21,0,1,96,0|1080,4082214051,23,0,0,5505024,0,5505024,0,17575,0,0,21,0,0,0,0,0,0,0,6889861,0,0,0,0,0
1785917895861|1102|stationary_30min_formal_r2f_00025_16777216|rotating|674,1378943233,33556360,6234195,6147753,6163518,6147753,6163518,6147753,5896,5873,5873,5873,0,0,750,0,181285904,180928544,4096,4096,0,0,5873,5873,3342447013,3342447354,3342447021,3342447362,0,0,0,0,0,0,0,0,4096,256,131072,4,15|4,0,16777216,262144,64,0,0,0,0,100,0,88,0,25,22,0,1,100,0|1080,3389575422,23,5830400,0,0,0,0,0,6188004,0,22,0,324051578,0,324051578,0,2080,317154570,0,9778878,0,0,0,0,0
1785917900869|1102|stationary_30min_formal_r2f_00025_16777216|fixed|676,1378943233,16781056,12422422,12250834,140788,0,140788,0,2988,0,1494,0,0,0,11701,11701,9545064,0,4096,0,0,0,1494,0,3675085956,0,3675085964,0,0,0,0,0,0,0,0,0,4096,256,131072,4,15|4,0,16777216,262144,64,0,0,0,0,188,0,176,0,47,44,0,1,188,0|1082,108069305,24,0,0,11534336,0,11534336,0,35409,0,0,44,0,0,0,0,0,0,0,6939328,0,0,0,0,0
1785917900869|1102|stationary_30min_formal_r2f_00025_16777216|rotating|676,1378943233,33554687,12515173,12341835,12373253,12341835,12373253,12341835,11834,11789,11788,11788,0,0,1506,0,363894824,363177850,4096,4096,0,0,11789,11789,3663012452,3663012433,3663012412,3663012441,0,0,0,0,0,0,0,0,4096,256,131072,4,15|4,0,16777216,262144,64,0,0,0,0,188,0,176,0,47,44,0,1,188,0|1082,3709967139,23,11660800,0,0,0,0,0,12378281,0,44,0,642985695,0,642985695,0,2080,634379491,0,12639138,0,0,0,0,0
1785917911087|1103|stationary_30min_formal_r2f_00026_67108864|fixed|680,1378943233,16781056,6555729,6469670,70112,0,70112,0,1488,0,744,0,0,0,5832,5832,4753352,0,4096,0,0,0,744,0,34378048,0,34378056,0,0,0,0,0,0,0,0,0,4096,256,131072,4,15|4,0,67108864,262144,256,0,0,0,0,100,0,88,0,25,22,0,1,100,0|1090,761563536,24,0,0,5767168,0,5767168,0,17692,0,0,22,0,0,0,0,0,0,0,5027808,0,0,0,0,0
1785917911087|1103|stationary_30min_formal_r2f_00026_67108864|rotating|680,1378943233,33554687,6647663,6559854,6576515,6559854,6576515,6559854,11853,11830,5914,5914,0,0,755,0,182583291,182223822,4096,4096,0,0,5915,5915,21956576,21956589,21956584,21956597,0,0,0,0,0,0,0,0,4096,256,131072,4,15|4,0,67108864,262144,256,0,0,0,0,100,0,88,0,25,22,0,1,100,0|1090,68933436,24,5869920,0,0,0,0,0,6599604,0,22,0,324702167,0,324702167,0,2080,319230570,0,7890034,0,0,0,0,0
1785917916094|1103|stationary_30min_formal_r2f_00026_67108864|fixed|682,1378943233,16781056,13199185,13024707,141354,0,141354,0,3000,0,1500,0,0,0,11742,11742,9583400,0,4096,0,0,0,1500,0,354752220,0,354752228,0,0,0,0,0,0,0,0,0,4096,256,131072,4,15|4,0,67108864,262144,256,0,0,0,0,188,0,176,0,47,44,0,1,188,0|1092,1081529456,24,0,0,11534336,0,11534336,0,35480,0,0,44,0,0,0,0,0,0,0,5071742,0,0,0,0,0
1785917916094|1103|stationary_30min_formal_r2f_00026_67108864|rotating|682,1378943233,33554687,13275221,13099865,13133019,13099865,13133019,13099865,23665,23620,11809,11809,0,0,1509,0,364585029,363866344,4096,4096,0,0,11810,11810,341415072,341415085,341415080,341415061,0,0,0,0,0,0,0,0,4096,256,131072,4,15|4,0,67108864,262144,256,0,0,0,0,188,0,176,0,47,44,0,1,188,0|1092,388284232,24,11676608,0,0,0,0,0,13137108,0,44,0,642601291,0,642601291,0,2080,635411639,0,10754062,0,0,0,0,0
1785917921117|1103|stationary_30min_formal_r2f_00026_67108864|fixed|684,1378943233,16781056,19862326,19599973,212785,0,212785,0,4516,0,2258,0,0,0,17673,17673,14426232,0,4096,0,0,0,2258,0,676184190,0,676184198,0,0,0,0,0,0,0,0,0,4096,256,131072,4,15|4,0,67108864,262144,256,0,0,0,0,276,0,264,0,69,66,0,1,276,0|1094,1403439752,24,0,0,17301504,0,17301504,0,53361,0,0,66,0,0,0,0,0,0,0,5114641,0,0,0,0,0
1785917921117|1103|stationary_30min_formal_r2f_00026_67108864|rotating|684,1378943233,33558272,19964692,19701197,19750775,19701197,19750775,19701197,35595,35528,17764,17764,0,0,2270,0,548410208,547332560,4096,4096,0,0,17764,17764,664041284,664041617,664041292,664041625,0,0,0,0,0,0,0,0,4096,256,131072,4,15|4,0,67108864,262144,256,0,0,0,0,276,0,264,0,69,66,0,1,276,0|1094,710887374,24,17546528,0,0,0,0,0,19737354,0,66,0,963736953,0,963736953,0,2080,954841851,0,13619061,0,0,0,0,0
1785917926117|1103|stationary_30min_formal_r2f_00026_67108864|fixed|686,1378943233,16781056,26503707,26153539,283934,0,283934,0,6026,0,3013,0,0,0,23581,23581,19249880,0,4096,0,0,0,3013,0,996323894,0,996323902,0,0,0,0,0,0,0,0,0,4096,256,131072,4,15|4,0,67108864,262144,256,0,0,0,0,364,0,352,0,91,88,0,1,364,0|1096,1723556232,24,0,0,23068672,0,23068672,0,71148,0,0,88,0,0,0,0,0,0,0,5158643,0,0,0,0,0
1785917926117|1103|stationary_30min_formal_r2f_00026_67108864|rotating|686,1378943233,33557555,26599688,26248450,26314720,26248450,26314720,26248450,47423,47334,23667,23667,0,0,3024,0,730647994,729210880,4096,4096,0,0,23668,23668,983930984,983930997,983930992,983930973,0,0,0,0,0,0,0,0,4096,256,131072,4,15|4,0,67108864,262144,256,0,0,0,0,368,0,356,0,92,89,0,1,368,0|1096,1030876506,24,23362432,0,0,0,0,0,26283598,0,89,0,1282272109,0,1282272109,0,2080,1271527625,0,16611816,0,0,0,0,0
1785917931119|1103|stationary_30min_formal_r2f_00026_67108864|fixed|688,1378943233,16781056,33144341,32706540,355080,0,355080,0,7536,0,3768,0,0,0,29488,29488,24073496,0,4096,0,0,0,3768,0,1316463980,0,1316463988,0,0,0,0,0,0,0,0,0,4096,256,131072,4,15|4,0,67108864,262144,256,0,0,0,0,456,0,444,0,114,111,0,1,456,0|1098,2046024195,24,0,0,29097984,0,29097984,0,89076,0,0,111,0,0,0,0,0,0,0,5201560,0,0,0,0,0
1785917931119|1103|stationary_30min_formal_r2f_00026_67108864|rotating|688,1378943233,33556360,33289722,32849602,32933039,32849602,32933039,32849602,59348,59236,29618,29618,0,0,3785,0,914366896,912554488,4096,4096,0,0,29618,29618,1306488393,1306488726,1306488401,1306488734,0,0,0,0,0,0,0,0,4096,256,131072,4,15|4,0,67108864,262144,256,0,0,0,0,456,0,444,0,114,111,0,1,456,0|1098,1355327563,24,29263968,0,0,0,0,0,32926688,0,111,0,1605247782,0,1605247782,0,2080,1592807409,0,19474042,0,0,0,0,0
1785917936119|1103|stationary_30min_formal_r2f_00026_67108864|fixed|690,1378943233,16781056,39777782,39251627,426227,0,426227,0,9046,0,4523,0,0,0,35389,35389,28897168,0,4096,0,0,0,4523,0,1636407309,0,1636407317,0,0,0,0,0,0,0,0,0,4096,256,131072,4,15|4,0,67108864,262144,256,0,0,0,0,544,0,532,0,136,133,0,1,544,0|1100,2363907528,24,0,0,34865152,0,34865152,0,106745,0,0,133,0,0,0,0,0,0,0,5240262,0,0,0,0,0
1785917936119|1103|stationary_30min_formal_r2f_00026_67108864|rotating|690,1378943233,33556599,39878492,39351288,39451227,39351288,39451227,39351288,71093,70958,35479,35479,0,0,4534,0,1095308177,1093136304,4096,4096,0,0,35480,35480,1624122184,1624122189,1624122192,1624122165,0,0,0,0,0,0,0,0,4096,256,131072,4,15|4,0,67108864,262144,256,0,0,0,0,544,0,532,0,136,133,0,1,544,0|1100,1670936014,24,34999520,0,0,0,0,0,39386623,0,133,0,1919422345,0,1919422345,0,2080,1905250440,0,22336274,0,0,0,0,0
1785917941124|1103|stationary_30min_formal_r2f_00026_67108864|fixed|692,1378943233,16781056,46427027,45813058,497470,0,497470,0,10558,0,5279,0,0,0,41304,41304,33727248,0,4096,0,0,0,5279,0,1956978437,0,1956978445,0,0,0,0,0,0,0,0,0,4096,256,131072,4,15|4,0,67108864,262144,256,0,0,0,0,632,0,620,0,158,155,0,1,632,0|1102,2684675568,24,0,0,40632320,0,40632320,0,124556,0,0,155,0,0,0,0,0,0,0,5284748,0,0,0,0,0
1785917941124|1103|stationary_30min_formal_r2f_00026_67108864|rotating|692,1378943233,33558272,46527142,45912123,46028634,45912123,46028634,45912123,82944,82788,41394,41394,0,0,5290,0,1277915568,1275384728,4096,4096,0,0,41394,41394,1944620984,1944621317,1944620992,1944621325,0,0,0,0,0,0,0,0,4096,256,131072,4,15|4,0,67108864,262144,256,0,0,0,0,632,0,620,0,158,155,0,1,632,0|1102,1991680206,24,40837824,0,0,0,0,0,45951938,0,155,0,2238706961,0,2238706961,0,2080,2222824163,0,25199928,0,0,0,0,0
1785917946128|1103|stationary_30min_formal_r2f_00026_67108864|fixed|694,1378943233,16781056,53070357,52368895,568617,0,568617,0,12068,0,6034,0,0,0,47214,47214,38550880,0,4096,0,0,0,6034,0,2277118599,0,2277118607,0,0,0,0,0,0,0,0,0,4096,256,131072,4,15|4,0,67108864,262144,256,0,0,0,0,720,0,708,0,180,177,0,1,720,0|1104,3003981313,24,0,0,46399488,0,46399488,0,142296,0,0,177,0,0,0,0,0,0,0,5332511,0,0,0,0,0
1785917946128|1103|stationary_30min_formal_r2f_00026_67108864|rotating|694,1378943233,33556360,53142726,52440500,52573353,52440500,52573353,52440500,94737,94558,47279,47279,0,0,6042,0,1459597288,1456707232,4096,4096,0,0,47279,47279,2263525655,2263525988,2263525663,2263525996,0,0,0,0,0,0,0,0,4096,256,131072,4,15|4,0,67108864,262144,256,0,0,0,0,720,0,708,0,180,177,0,1,720,0|1104,2310495742,24,46636608,0,0,0,0,0,52478317,0,177,0,2556072801,0,2556072801,0,2080,2538471796,0,28062411,0,0,0,0,0
1785917951147|1103|stationary_30min_formal_r2f_00026_67108864|fixed|696,1378943233,16781056,59731577,58942221,639955,0,639955,0,13582,0,6791,0,0,0,53139,53139,43387264,0,4096,0,0,0,6791,0,2598116237,0,2598116245,0,0,0,0,0,0,0,0,0,4096,256,131072,4,15|4,0,67108864,262144,256,0,0,0,0,808,0,796,0,202,199,0,1,808,0|1106,3325004460,24,0,0,52166656,0,52166656,0,160129,0,0,199,0,0,0,0,0,0,0,5373331,0,0,0,0,0
1785917951147|1103|stationary_30min_formal_r2f_00026_67108864|rotating|696,1378943233,33554687,59807999,59017088,59167199,59017088,59167199,59017088,106618,106416,53207,53207,0,0,6800,0,1642631607,1639365754,4096,4096,0,0,53208,53208,2584915736,2584915749,2584915744,2584915757,0,0,0,0,0,0,0,0,4096,256,131072,4,15|4,0,67108864,262144,256,0,0,0,0,812,0,800,0,203,200,0,1,812,0|1106,2631867819,24,52476224,0,0,0,0,0,59054179,0,200,0,2875984974,0,2875984974,0,2080,2856541194,0,31053650,0,0,0,0,0
1785917956152|1103|stationary_30min_formal_r2f_00026_67108864|fixed|698,1378943233,16781056,66377390,65499447,711288,0,711288,0,15096,0,7548,0,0,0,59052,59052,48223728,0,4096,0,0,0,7548,0,2918791968,0,2918791976,0,0,0,0,0,0,0,0,0,4096,256,131072,4,15|4,0,67108864,262144,256,0,0,0,0,900,0,888,0,225,222,0,1,900,0|1108,3645445968,24,0,0,58195968,0,58195968,0,177940,0,0,222,0,0,0,0,0,0,0,5417735,0,0,0,0,0
1785917956152|1103|stationary_30min_formal_r2f_00026_67108864|rotating|698,1378943233,33554687,66445147,65566543,65733199,65566543,65733199,65566543,118450,118226,59112,59112,0,0,7555,0,1824925291,1821300222,4096,4096,0,0,59113,59113,2904886271,2904886284,2904886279,2904886292,0,0,0,0,0,0,0,0,4096,256,131072,4,15|4,0,67108864,262144,256,0,0,0,0,900,0,888,0,225,222,0,1,900,0|1108,2952767915,24,58314528,0,0,0,0,0,65622958,0,222,0,3195425494,0,3195425494,0,2080,3174273252,0,33914873,0,0,0,0,0
1785917961160|1103|stationary_30min_formal_r2f_00026_67108864|fixed|700,1378943233,16781056,73026215,72060751,782436,0,782436,0,16606,0,8303,0,0,0,64967,64967,53047384,0,4096,0,0,0,8303,0,3239065406,0,3239065414,0,0,0,0,0,0,0,0,0,4096,256,131072,4,15|4,0,67108864,262144,256,0,0,0,0,988,0,976,0,247,244,0,1,988,0|1110,3966129617,24,0,0,63963136,0,63963136,0,195774,0,0,244,0,0,0,0,0,0,0,5458900,0,0,0,0,0
1785917961160|1103|stationary_30min_formal_r2f_00026_67108864|rotating|700,1378943233,33558033,73099402,72133065,72316117,72133065,72316117,72133065,130310,130064,65032,65032,0,0,8312,0,2007667978,2003683872,4096,4096,0,0,65033,65032,3225652025,3225634237,3225652033,3225634245,0,0,0,0,0,0,0,0,4096,256,131072,4,15|4,0,67108864,262144,256,0,0,0,0,988,0,976,0,247,244,0,1,988,0|1110,3272614585,24,64129120,0,0,0,0,0,72170657,0,244,0,3513818516,0,3513818516,0,2080,3490944566,0,36784251,0,0,0,0,0
1785917974128|1105|stationary_30min_formal_r2f_00028_16777216|fixed|706,1378943233,16781056,6179278,6094082,70018,0,70018,0,1486,0,743,0,0,0,5820,5820,4746960,0,4096,0,0,0,743,0,4069358611,0,4069358619,0,0,0,0,0,0,0,0,0,4096,256,131072,4,15|4,0,16777216,262144,64,0,0,0,0,100,0,88,0,25,22,0,1,100,0|1124,502127784,25,0,0,5767168,0,5767168,0,17716,0,0,22,0,0,0,0,0,0,0,5117341,0,0,0,0,0
1785917974128|1105|stationary_30min_formal_r2f_00028_16777216|rotating|706,1378943233,33554687,6268298,6181421,6197244,6181421,6197244,6181421,5928,5905,5904,5904,0,0,754,0,182254896,181895202,4096,4096,0,0,5905,5905,4056833944,4056833933,4056833920,4056833941,0,0,0,0,0,0,0,0,4096,256,131072,4,15|4,0,16777216,262144,64,0,0,0,0,100,0,88,0,25,22,0,1,100,0|1124,4103591189,24,5854112,0,0,0,0,0,6214648,0,22,0,324023303,0,324023303,0,2080,318476439,0,7985731,0,0,0,0,0
1785917979137|1105|stationary_30min_formal_r2f_00028_16777216|fixed|708,1378943233,16781056,12453735,12281071,141259,0,141259,0,2998,0,1499,0,0,0,11734,11734,9577000,0,4096,0,0,0,1499,0,94756812,0,94756820,0,0,0,0,0,0,0,0,0,4096,256,131072,4,15|4,0,16777216,262144,64,0,0,0,0,188,0,176,0,47,44,0,1,188,0|1126,821690778,25,0,0,11534336,0,11534336,0,35456,0,0,44,0,0,0,0,0,0,0,5171582,0,0,0,0,0
1785917979137|1105|stationary_30min_formal_r2f_00028_16777216|rotating|708,1378943233,33558272,12521044,12347607,12379029,12347607,12379029,12347607,11843,11798,11798,11798,0,0,1507,0,364184984,363466760,4096,4096,0,0,11798,11798,81218190,81218531,81218198,81218539,0,0,0,0,0,0,0,0,4096,256,131072,4,15|4,0,16777216,262144,64,0,0,0,0,188,0,176,0,47,44,0,1,188,0|1126,128206784,25,11668704,0,0,0,0,0,12385115,0,44,0,642152546,0,642152546,0,2080,634898960,0,10840123,0,0,0,0,0
1785917989357|1106|stationary_30min_formal_r2f_00029_16777216|fixed|712,1378943233,16781056,6152169,6067330,70205,0,70205,0,1490,0,745,0,0,0,5838,5838,4759744,0,4096,0,0,0,745,0,748805971,0,748805979,0,0,0,0,0,0,0,0,0,4096,256,131072,4,15|4,0,16777216,262144,64,0,0,0,0,100,0,88,0,25,22,0,1,100,0|1134,1475625249,25,0,0,5767168,0,5767168,0,17703,0,0,22,0,0,0,0,0,0,0,5579860,0,0,0,0,0
1785917989357|1106|stationary_30min_formal_r2f_00029_16777216|rotating|712,1378943233,33554687,6224226,6137870,6153172,6137870,6153172,6137870,5931,5908,5907,5907,0,0,754,0,182334006,181976817,4096,4096,0,0,5908,5908,735573834,735573815,735573842,735573823,0,0,0,0,0,0,0,0,4096,256,131072,4,15|4,0,16777216,262144,64,0,0,0,0,100,0,88,0,25,22,0,1,100,0|1134,782546476,25,5862016,0,0,0,0,0,6175009,0,22,0,324725967,0,324725967,0,2080,318845597,0,8435612,0,0,0,0,0
1785917994366|1106|stationary_30min_formal_r2f_00029_16777216|fixed|714,1378943233,16781056,12386577,12214151,141542,0,141542,0,3004,0,1502,0,0,0,11755,11755,9596192,0,4096,0,0,0,1502,0,1069607483,0,1069607491,0,0,0,0,0,0,0,0,0,4096,256,131072,4,15|4,0,16777216,262144,64,0,0,0,0,188,0,176,0,47,44,0,1,188,0|1136,1796328547,25,0,0,11534336,0,11534336,0,35527,0,0,44,0,0,0,0,0,0,0,5629754,0,0,0,0,0
1785917994366|1106|stationary_30min_formal_r2f_00029_16777216|rotating|714,1378943233,33558272,12469776,12296484,12327291,12296484,12327291,12296484,11879,11834,11834,11834,0,0,1512,0,365282456,364565984,4096,4096,0,0,11834,11834,1056713783,1056714100,1056713791,1056714116,0,0,0,0,0,0,0,0,4096,256,131072,4,15|4,0,16777216,262144,64,0,0,0,0,188,0,176,0,47,44,0,1,188,0|1136,1103986270,25,11708224,0,0,0,0,0,12338744,0,44,0,644704209,0,644704209,0,2080,637115417,0,11298492,0,0,0,0,0
1785918009145|1108|stationary_30min_formal_r2f_00031_16777216|fixed|720,1378943233,16781056,6574619,6488421,70300,0,70300,0,1492,0,746,0,0,0,5848,5848,4766136,0,4096,0,0,0,746,0,2015184969,0,2015184977,0,0,0,0,0,0,0,0,0,4096,256,131072,4,15|5,0,16777216,262144,64,0,0,0,0,100,0,88,0,25,22,0,1,100,0|1150,2741667048,25,0,0,5767168,0,5767168,0,17716,0,0,22,0,0,0,0,0,0,0,5031662,0,0,0,0,0
1785918009145|1108|stationary_30min_formal_r2f_00031_16777216|rotating|720,1378943233,33554687,6650677,6562952,6579529,6562952,6579529,6562952,11855,11832,5916,5916,0,0,755,0,182638572,182279023,4096,4096,0,0,5916,5916,2001986663,2001986996,2001986671,2001987004,0,0,0,0,0,0,0,0,4096,256,131072,4,15|4,0,16777216,262144,64,0,0,0,0,100,0,88,0,25,22,0,1,100,0|1150,2048908693,25,5869920,0,0,0,0,0,6601589,0,22,0,324731764,0,324731764,0,2080,319256801,0,7893441,0,0,0,0,0
1785918014158|1108|stationary_30min_formal_r2f_00031_16777216|fixed|722,1378943233,16781056,13227350,13052639,141636,0,141636,0,3006,0,1503,0,0,0,11767,11767,9602584,0,4096,0,0,0,1503,0,2335987580,0,2335987588,0,0,0,0,0,0,0,0,0,4096,256,131072,4,15|4,0,16777216,262144,64,0,0,0,0,188,0,176,0,47,44,0,1,188,0|1152,3062896150,25,0,0,11534336,0,11534336,0,35550,0,0,44,0,0,0,0,0,0,0,5068804,0,0,0,0,0
1785918014158|1108|stationary_30min_formal_r2f_00031_16777216|rotating|722,1378943233,33554687,13307187,13131602,13164702,13131602,13164702,13131602,23721,23676,11837,11837,0,0,1512,0,365457976,364739291,4096,4096,0,0,11838,11838,2322878447,2322878460,2322878455,2322878468,0,0,0,0,0,0,0,0,4096,256,131072,4,15|4,0,16777216,262144,64,0,0,0,0,188,0,176,0,47,44,0,1,188,0|1152,2371285314,25,11731936,0,0,0,0,0,13200582,0,44,0,645642881,0,645642881,0,2080,638462937,0,10756274,0,0,0,0,0
1785918024315|1109|stationary_30min_formal_r2f_00032_16777216|fixed|726,1378943233,16781056,6578381,6491333,70488,0,70488,0,1496,0,748,0,0,0,5855,5855,4778928,0,4096,0,0,0,748,0,2986139091,0,2986139099,0,0,0,0,0,0,0,0,0,4096,256,131072,4,15|4,0,16777216,262144,64,0,0,0,0,100,0,88,0,25,22,0,1,100,0|1160,3713646694,25,0,0,5767168,0,5767168,0,17787,0,0,22,0,0,0,0,0,0,0,5028932,0,0,0,0,0
1785918024315|1109|stationary_30min_formal_r2f_00032_16777216|rotating|726,1378943233,33554687,6677232,6589139,6605705,6589139,6605705,6589139,5967,5944,5943,5943,0,0,759,0,183391164,183031872,4096,4096,0,0,5944,5944,2973893179,2973893192,2973893187,2973893168,0,0,0,0,0,0,0,0,4096,256,131072,4,15|4,0,16777216,262144,64,0,0,0,0,100,0,88,0,25,22,0,1,100,0|1160,3021024032,25,5901536,0,0,0,0,0,6632003,0,22,0,326420264,0,326420264,0,2080,320951589,0,7893873,0,0,0,0,0
1785918029318|1109|stationary_30min_formal_r2f_00032_16777216|fixed|728,1378943233,16781056,13215254,13040562,141636,0,141636,0,3006,0,1503,0,0,0,11764,11764,9602584,0,4096,0,0,0,1503,0,3306406188,0,3306406196,0,0,0,0,0,0,0,0,0,4096,256,131072,4,15|4,0,16777216,262144,64,0,0,0,0,188,0,176,0,47,44,0,1,188,0|1162,4033865238,25,0,0,11534336,0,11534336,0,35598,0,0,44,0,0,0,0,0,0,0,5074678,0,0,0,0,0
1785918029318|1109|stationary_30min_formal_r2f_00032_16777216|rotating|728,1378943233,33558272,13341117,13165070,13198159,13165070,13198159,13165070,11921,11876,11876,11876,0,0,1517,0,366445856,365727776,4096,4096,0,0,11876,11876,3295339632,3295339965,3295339640,3295339973,0,0,0,0,0,0,0,0,4096,256,131072,4,15|4,0,16777216,262144,64,0,0,0,0,188,0,176,0,47,44,0,1,188,0|1162,3342880741,25,11755648,0,0,0,0,0,13215969,0,44,0,646813445,0,646813445,0,2080,639638646,0,10756152,0,0,0,0,0
1785918043900|1111|stationary_30min_formal_r2f_00034_16777216|fixed|734,1378943233,16781056,6132993,6048528,70018,0,70018,0,1486,0,743,0,0,0,5823,5823,4746960,0,4096,0,0,0,743,0,4239819362,0,4239819370,0,0,0,0,0,0,0,0,0,4096,256,131072,4,15|5,0,16777216,262144,64,0,0,0,0,100,0,88,0,25,22,0,1,100,0|1176,671720949,26,0,0,5767168,0,5767168,0,17669,0,0,22,0,0,0,0,0,0,0,5572806,0,0,0,0,0
1785918043900|1111|stationary_30min_formal_r2f_00034_16777216|rotating|734,1378943233,33554687,6198826,6112843,6127960,6112843,6127960,6112843,5909,5886,5885,5885,0,0,752,0,181677048,181319771,4096,4096,0,0,5886,5886,4226297110,4226297115,4226297118,4226297131,0,0,0,0,0,0,0,0,4096,256,131072,4,15|4,0,16777216,262144,64,0,0,0,0,100,0,88,0,25,22,0,1,100,0|1176,4273211581,25,5838304,0,0,0,0,0,6148559,0,22,0,323540570,0,323540570,0,2080,317635774,0,8459817,0,0,0,0,0
1785918048910|1111|stationary_30min_formal_r2f_00034_16777216|fixed|736,1378943233,16781056,12365501,12193398,141354,0,141354,0,3000,0,1500,0,0,0,11739,11739,9583400,0,4096,0,0,0,1500,0,265653024,0,265653032,0,0,0,0,0,0,0,0,0,4096,256,131072,4,15|4,0,16777216,262144,64,0,0,0,0,188,0,176,0,47,44,0,1,188,0|1178,992328222,26,0,0,11534336,0,11534336,0,35480,0,0,44,0,0,0,0,0,0,0,5614376,0,0,0,0,0
1785918048910|1111|stationary_30min_formal_r2f_00034_16777216|rotating|736,1378943233,33558033,12431878,12259051,12289769,12259051,12289769,12259051,11847,11802,11802,11802,0,0,1508,0,364294984,363578016,4096,4096,0,0,11803,11802,251918982,251901074,251918958,251901090,0,0,0,0,0,0,0,0,4096,256,131072,4,15|4,0,16777216,262144,64,0,0,0,0,188,0,176,0,47,44,0,1,188,0|1178,298881661,26,11668704,0,0,0,0,0,12296022,0,44,0,642720346,0,642720346,0,2080,635106162,0,11320269,0,0,0,0,0
1785918059175|1112|stationary_30min_formal_r2f_00035_16777216|fixed|740,1378943233,16781056,6151281,6066218,69643,0,69643,0,1478,0,739,0,0,0,5793,5793,4721392,0,4096,0,0,0,739,0,922201224,0,922201232,0,0,0,0,0,0,0,0,0,4096,256,131072,4,15|4,0,16777216,262144,64,0,0,0,0,96,0,84,0,24,21,0,1,96,0|1186,1649188881,26,0,0,5505024,0,5505024,0,17551,0,0,21,0,0,0,0,0,0,0,6888558,0,0,0,0,0
1785918059175|1112|stationary_30min_formal_r2f_00035_16777216|rotating|740,1378943233,33554687,6226786,6140167,6156203,6140167,6156203,6140167,5888,5865,5864,5864,0,0,749,0,181031061,180671696,4096,4096,0,0,5865,5865,909264417,909264414,909264425,909264430,0,0,0,0,0,0,0,0,4096,256,131072,4,15|4,0,16777216,262144,64,0,0,0,0,100,0,88,0,25,22,0,1,100,0|1186,956174608,26,5814592,0,0,0,0,0,6176253,0,22,0,323400306,0,323400306,0,2080,316499876,0,9778838,0,0,0,0,0
1785918064175|1112|stationary_30min_formal_r2f_00035_16777216|fixed|742,1378943233,16781056,12422858,12250213,140788,0,140788,0,2988,0,1494,0,0,0,11701,11701,9545064,0,4096,0,0,0,1494,0,1242334829,0,1242334837,0,0,0,0,0,0,0,0,0,4096,256,131072,4,15|4,0,16777216,262144,64,0,0,0,0,188,0,176,0,47,44,0,1,188,0|1188,1969180281,26,0,0,11534336,0,11534336,0,35362,0,0,44,0,0,0,0,0,0,0,6940665,0,0,0,0,0
1785918064175|1112|stationary_30min_formal_r2f_00035_16777216|rotating|742,1378943233,33558272,12492536,12318251,12350900,12318251,12350900,12318251,11812,11767,11767,11767,0,0,1503,0,363223352,362504208,4096,4096,0,0,11767,11767,1229082719,1229083052,1229082727,1229083060,0,0,0,0,0,0,0,0,4096,256,131072,4,15|4,0,16777216,262144,64,0,0,0,0,188,0,176,0,47,44,0,1,188,0|1188,1276223808,26,11637088,0,0,0,0,0,12359190,0,44,0,641993882,0,641993882,0,2080,633387228,0,12634429,0,0,0,0,0
