captured_ms|sequence|label|role|admission_snapshot_words_csv|ps_runtime_words_csv|pl_perf_snapshot_words_csv
1788103543344|1001|formal_primary_1800s|fixed|2,1378943233,16780339,6075564,6066784,6075564,6066784,6075564,6066784,10967,10938,5477,5468,0,0,0,0,177266899,177105558,4096,4096,0,0,5478,5478,359376464,359376445,359376472,359376461,0,0,0,0,0,0,0,0,4096,256,131072,4,15|4,0,1800000000,262144,6867,0,0,0,0,96,0,80,0,13,10,0,1,96,0|4,1079815806,0,2729628,0,2621440,0,2621440,0,3060675,0,10,10,298364559,0,298364559,0,2080,308182683,0,14283886,0,0,0,0,0
1788103543344|1001|formal_primary_1800s|rotating|2,1378943233,33555404,6150155,6141262,0,0,0,0,0,0,0,0,0,0,5544,5535,0,0,0,0,0,0,0,0,0,0,0,0,0,0,0,0,0,0,0,0,4096,256,131072,4,15|4,0,1800000000,262144,6867,0,0,0,0,96,0,80,0,13,10,0,1,96,0|4,393059127,0,2757784,0,2621440,0,2621440,0,3091742,0,10,10,301548272,0,301548272,0,2080,311068525,0,14286780,0,0,0,0,0
1788103548351|1001|formal_primary_1800s|fixed|4,1378943233,16780339,12139656,12122877,12139656,12122877,12139656,12122877,21917,21858,10947,10928,0,0,0,0,354259192,353934962,4096,4096,0,0,10948,10948,679803808,679803797,679803776,679803813,0,0,0,0,0,0,0,0,4096,256,131072,4,15|4,0,1800000000,262144,6867,0,0,0,0,176,0,160,0,23,20,0,1,176,0|6,1400279349,0,5425168,0,5242880,0,5242880,0,6091114,0,20,20,593776620,0,593776620,0,2080,613407469,0,26312780,0,0,0,0,0
1788103548351|1001|formal_primary_1800s|rotating|4,1378943233,33555404,12214487,12197764,0,0,0,0,0,0,0,0,0,0,11015,10996,0,0,0,0,0,0,0,0,0,0,0,0,0,0,0,0,0,0,0,0,4096,256,131072,4,15|4,0,1800000000,262144,6867,0,0,0,0,176,0,160,0,23,20,0,1,176,0|6,713488729,0,5453324,0,5242880,0,5242880,0,6121261,0,20,20,596925187,0,596925187,0,2080,615941657,0,26315679,0,0,0,0,0
1788103553351|1001|formal_primary_1800s|fixed|6,1378943233,16780339,18199250,18172221,18199250,18172221,18199250,18172221,32853,32764,16410,16381,0,0,0,0,531015724,530529304,4096,4096,0,0,16411,16411,999828856,999828861,999828864,999828821,0,0,0,0,0,0,0,0,4096,256,131072,4,15|4,0,1800000000,262144,6867,0,0,0,0,256,0,240,0,33,30,0,1,256,0|8,1720373428,0,8117744,0,7864320,0,7864320,0,9118983,0,30,30,888816633,0,888816633,0,2080,918262576,0,38341901,0,0,0,0,0
1788103553351|1001|formal_primary_1800s|rotating|6,1378943233,33555404,18273970,18246923,0,0,0,0,0,0,0,0,0,0,16477,16448,0,0,0,0,0,0,0,0,0,0,0,0,0,0,0,0,0,0,0,0,4096,256,131072,4,15|4,0,1800000000,262144,6867,0,0,0,0,260,0,248,0,34,31,0,1,260,0|8,1033267956,0,8126464,0,8126464,0,8126464,0,9134834,0,31,31,889770965,0,889770965,0,2080,919157116,0,39316630,0,0,0,0,0
1788103558366|1001|formal_primary_1800s|fixed|8,1378943233,16780339,24248023,24211826,24248023,24211826,24248023,24211826,43776,43654,21866,21826,0,0,0,0,707524111,706858650,4096,4096,0,0,21867,21867,1320997815,1320997836,1320997823,1320997844,0,0,0,0,0,0,0,0,4096,256,131072,4,15|4,0,1800000000,262144,6867,0,0,0,0,344,0,328,0,44,41,0,1,344,0|10,2041590522,0,10806196,0,10747904,0,10747904,0,12141537,0,41,41,1182543105,0,1182543105,0,2080,1222716784,0,51573903,0,0,0,0,0
1788103558366|1001|formal_primary_1800s|rotating|8,1378943233,33555404,24316845,24280734,0,0,0,0,0,0,0,0,0,0,21928,21888,0,0,0,0,0,0,0,0,0,0,0,0,0,0,0,0,0,0,0,0,4096,256,131072,4,15|4,0,1800000000,262144,6867,0,0,0,0,344,0,328,0,44,41,0,1,344,0|10,1354303989,0,10829908,0,10747904,0,10747904,0,12165322,0,41,41,1185201824,0,1185201824,0,2080,1224083328,0,51575401,0,0,0,0,0
1788103563380|1001|formal_primary_1800s|fixed|10,1378943233,16780339,30343220,30298446,30343220,30298446,30343220,30298446,54778,54626,27362,27312,0,0,0,0,885369701,884540904,4096,4096,0,0,27363,27363,1642890171,1642890160,1642890179,1642890168,0,0,0,0,0,0,0,0,4096,256,131072,4,15|4,0,1800000000,262144,6867,0,0,0,0,424,0,408,0,54,51,0,1,424,0|12,2363860027,0,13518040,0,13369344,0,13369344,0,15190674,0,51,51,1479756116,0,1479756116,0,2080,1529747309,0,63603022,0,0,0,0,0
1788103563380|1001|formal_primary_1800s|rotating|10,1378943233,33555404,30445663,30400914,0,0,0,0,0,0,0,0,0,0,27455,27405,0,0,0,0,0,0,0,0,0,0,0,0,0,0,0,0,0,0,0,0,4096,256,131072,4,15|4,0,1800000000,262144,6867,0,0,0,0,424,0,408,0,54,51,0,1,424,0|12,1678090034,0,13555088,0,13369344,0,13369344,0,15228796,0,51,51,1483925054,0,1483925054,0,2079,1532309473,0,63606992,0,0,0,0,0
1788103568390|1001|formal_primary_1800s|fixed|12,1378943233,16780339,36390771,36337313,36390771,36337313,36390771,36337313,65696,65514,32816,32756,0,0,0,0,1061836488,1060844400,4096,4096,0,0,32817,32817,1962415409,1962415406,1962415401,1962415366,0,0,0,0,0,0,0,0,4096,256,131072,4,15|4,0,1800000000,262144,6867,0,0,0,0,504,0,488,0,64,61,0,1,504,0|14,2683734429,0,16208640,0,15990784,0,15990784,0,18215768,0,61,61,1774582045,0,1774582045,0,2080,1834382881,0,75631998,0,0,0,0,0
1788103568390|1001|formal_primary_1800s|rotating|12,1378943233,33555404,36484795,36431374,0,0,0,0,0,0,0,0,0,0,32901,32841,0,0,0,0,0,0,0,0,0,0,0,0,0,0,0,0,0,0,0,0,4096,256,131072,4,15|4,0,1800000000,262144,6867,0,0,0,0,504,0,488,0,64,61,0,1,504,0|14,1997063207,0,16237784,0,15990784,0,15990784,0,18243969,0,61,61,1777843698,0,1777843698,0,2080,1835722971,0,75640925,0,0,0,0,0
1788103573390|1001|formal_primary_1800s|fixed|14,1378943233,16780339,42449743,42389828,42449743,42389828,42449743,42389828,76635,76423,38281,38211,0,0,0,0,1238648429,1237491288,4096,4096,0,0,38282,38282,2282538760,2282538757,2282538768,2282538765,0,0,0,0,0,0,0,0,4096,256,131072,4,15|4,0,1800000000,262144,6867,0,0,0,0,588,0,576,0,75,72,0,1,588,0|16,3002966132,0,18874368,0,18874368,0,18874368,0,21221407,0,72,72,2066578772,0,2066578772,0,2080,2137099381,0,88863415,0,0,0,0,0
1788103573390|1001|formal_primary_1800s|rotating|14,1378943233,33555404,42487867,42427218,0,0,0,0,0,0,0,0,0,0,38316,38245,0,0,0,0,0,0,0,0,0,0,0,0,0,0,0,0,0,0,0,0,4096,256,131072,4,15|4,0,1800000000,262144,6867,0,0,0,0,592,0,576,0,75,72,0,1,592,0|16,2315932114,0,18905492,0,18874368,0,18874368,0,21243197,0,72,72,2069225742,0,2069225742,0,2080,2137476199,0,88875888,0,0,0,0,0
1788103578398|1001|formal_primary_1800s|fixed|16,1378943233,16780339,48486377,48416792,48486377,48416792,48486377,48416792,87529,87284,43722,43641,0,0,0,0,1414699611,1413363454,4096,4096,0,0,43723,43723,2602908721,2602908726,2602908729,2602908734,0,0,0,0,0,0,0,0,4096,256,131072,4,15|4,0,1800000000,262144,6867,0,0,0,0,672,0,656,0,85,82,0,1,672,0|18,3323246869,0,21573860,0,21495808,0,21495808,0,24249658,0,82,82,2361563351,0,2361563351,0,2080,2441894145,0,100892409,0,0,0,0,0
1788103578398|1001|formal_primary_1800s|rotating|16,1378943233,33555404,48561135,48491524,0,0,0,0,0,0,0,0,0,0,43790,43709,0,0,0,0,0,0,0,0,0,0,0,0,0,0,0,0,0,0,0,0,4096,256,131072,4,15|4,0,1800000000,262144,6867,0,0,0,0,672,0,656,0,85,82,0,1,672,0|18,2636414094,0,21601524,0,21495808,0,21495808,0,24275038,0,82,82,2364649520,0,2364649520,0,2080,2442399528,0,100910156,0,0,0,0,0
1788103583404|1001|formal_primary_1800s|fixed|18,1378943233,16780339,54551296,54472755,54551296,54472755,54551296,54472755,98479,98204,49192,49101,0,0,0,0,1591692715,1590192414,4096,4096,0,0,49193,49193,2923336869,2923336882,2923336885,2923336898,0,0,0,0,0,0,0,0,4096,256,131072,4,15|4,0,1800000000,262144,6867,0,0,0,0,752,0,736,0,95,92,0,1,752,0|20,3643709853,0,24269400,0,24117248,0,24117248,0,27280368,0,92,92,2656977363,0,2656977363,0,2080,2747118605,0,112921018,0,0,0,0,0
1788103583404|1001|formal_primary_1800s|rotating|18,1378943233,33558272,54642217,54563722,0,0,0,0,0,0,0,0,0,0,49275,49184,0,0,0,0,0,0,0,0,0,0,0,0,0,0,0,0,0,0,0,0,4096,256,131072,4,15|4,0,1800000000,262144,6867,0,0,0,0,752,0,736,0,95,92,0,1,752,0|20,2959589498,0,24321272,0,24117248,0,24117248,0,27331857,0,92,92,2662763378,0,2662763378,0,2080,2750017935,0,112941841,0,0,0,0,0
1788103588413|1001|formal_primary_1800s|fixed|20,1378943233,16780339,60623771,60537219,60623771,60537219,60623771,60537219,109435,109130,54665,54564,0,0,0,0,1768780494,1767117545,4096,4096,0,0,54666,54666,3243928432,3243928437,3243928440,3243928445,0,0,0,0,0,0,0,0,4096,256,131072,4,15|4,0,1800000000,262144,6867,0,0,0,0,832,0,816,0,105,102,0,1,832,0|22,3965364698,0,26975808,0,26738688,0,26738688,0,30325245,0,102,102,2953574798,0,2953574798,0,2080,3053534776,0,124949800,0,0,0,0,0
1788103588413|1001|formal_primary_1800s|rotating|20,1378943233,33558272,60712686,60626100,0,0,0,0,0,0,0,0,0,0,54746,54645,0,0,0,0,0,0,0,0,0,0,0,0,0,0,0,0,0,0,0,0,4096,256,131072,4,15|4,0,1800000000,262144,6867,0,0,0,0,832,0,816,0,105,102,0,1,832,0|22,3278301730,0,27000832,0,26738688,0,26738688,0,30346939,0,103,102,2956327825,0,2956327825,0,2048,3053170051,0,124971074,0,0,0,0,0
1788103593415|1001|formal_primary_1800s|fixed|22,1378943233,16781056,66665540,66569316,66665540,66569316,66665540,66569316,120343,120006,60115,60003,0,0,0,0,1945071112,1943230008,4096,4096,0,0,60115,60115,3563177885,3563177885,3563177893,3563177893,0,0,0,0,0,0,0,0,4096,256,131072,4,15|4,0,1800000000,262144,6867,0,0,0,0,920,0,904,0,116,113,0,1,920,0|24,4284377962,0,29644996,0,29622272,0,29622272,0,33325970,0,113,113,3245105071,0,3245105071,0,2080,3355784964,0,138182022,0,0,0,0,0
1788103593415|1001|formal_primary_1800s|rotating|22,1378943233,33558272,66725736,66629409,0,0,0,0,0,0,0,0,0,0,60169,60057,0,0,0,0,0,0,0,0,0,0,0,0,0,0,0,0,0,0,0,0,4096,256,131072,4,15|4,0,1800000000,262144,6867,0,0,0,0,920,0,904,0,116,113,0,1,920,0|24,3597652892,0,29673648,0,29622272,0,29622272,0,33350654,0,113,113,3248291890,0,3248291890,0,2080,3355408255,0,138203775,0,0,0,0,0
1788103598424|1001|formal_primary_1800s|fixed|24,1378943233,16780339,72722898,72618752,72722898,72618752,72722898,72618752,131284,130916,65579,65457,0,0,0,0,2121872089,2119868212,4096,4096,0,0,65580,65580,3884831596,3884831585,3884831604,3884831593,0,0,0,0,0,0,0,0,4096,256,131072,4,15|4,0,1800000000,262144,6867,0,0,0,0,1000,0,984,0,126,123,0,1,1000,0|26,310386463,1,32345476,0,32243712,0,32243712,0,36361380,0,123,123,3541025557,0,3541025557,0,2080,3661521578,0,150211315,0,0,0,0,0
1788103598424|1001|formal_primary_1800s|rotating|24,1378943233,33555404,72792397,72688325,0,0,0,0,0,0,0,0,0,0,65641,65519,0,0,0,0,0,0,0,0,0,0,0,0,0,0,0,0,0,0,0,0,4096,256,131072,4,15|4,0,1800000000,262144,6867,0,0,0,0,1000,0,984,0,126,123,0,1,1000,0|26,3918194447,0,32370176,0,32243712,0,32243712,0,36380925,0,123,123,3543778407,0,3543778407,0,2080,3660389067,0,150234746,0,0,0,0,0
1788103603425|1001|formal_primary_1800s|fixed|26,1378943233,16781056,78785783,78672528,78785783,78672528,78785783,78672528,142222,141824,71044,70912,0,0,0,0,2298696696,2296529728,4096,4096,0,0,71044,71044,4204954186,4204954511,4204954194,4204954519,0,0,0,0,0,0,0,0,4096,256,131072,4,15|4,0,1800000000,262144,6867,0,0,0,0,1080,0,1064,0,136,133,0,1,1080,0|28,630360274,1,35036572,0,34865152,0,34865152,0,39388944,0,133,133,3835945257,0,3835945257,0,2080,3966256312,0,162240516,0,0,0,0,0
1788103603425|1001|formal_primary_1800s|rotating|26,1378943233,33558272,78853504,78740144,0,0,0,0,0,0,0,0,0,0,71105,70973,0,0,0,0,0,0,0,0,0,0,0,0,0,0,0,0,0,0,0,0,4096,256,131072,4,15|4,0,1800000000,262144,6867,0,0,0,0,1080,0,1064,0,136,133,0,1,1080,0|28,4238186305,0,35061764,0,34865152,0,34865152,0,39407744,0,133,133,3838717897,0,3838717897,0,2080,3964820370,0,162264292,0,0,0,0,0
1788103608429|1001|formal_primary_1800s|fixed|28,1378943233,16780339,84850516,84727762,84850516,84727762,84850516,84727762,153164,152736,76510,76368,0,0,0,0,2475557397,2473226000,4096,4096,0,0,76510,76510,230190200,230190557,230190208,230190565,0,0,0,0,0,0,0,0,4096,256,131072,4,15|4,0,1800000000,262144,6867,0,0,0,0,1160,0,1144,0,146,143,0,1,1160,0|30,951331988,1,37737052,0,37486592,0,37486592,0,42426522,0,143,143,4131866024,0,4131866024,0,2080,4271988981,0,174269660,0,0,0,0,0
1788103608429|1001|formal_primary_1800s|rotating|28,1378943233,33555404,84951681,84828889,0,0,0,0,0,0,0,0,0,0,76601,76459,0,0,0,0,0,0,0,0,0,0,0,0,0,0,0,0,0,0,0,0,4096,256,131072,4,15|5,0,1800000000,262144,6867,0,0,0,0,1168,0,1152,0,147,144,0,1,1168,0|30,265918855,1,37763064,0,37748736,0,37748736,0,42446239,0,144,144,4133922033,0,4133922033,0,2080,4270405985,0,175499758,0,0,0,0,0
1788103613438|1001|formal_primary_1800s|fixed|30,1378943233,16780339,90885765,90754343,90885765,90754343,90885765,90754343,164061,163600,81952,81799,0,0,0,0,2651636296,2649125904,4096,4096,0,0,81953,81953,550624841,550624838,550624825,550624814,0,0,0,0,0,0,0,0,4096,256,131072,4,15|4,0,1800000000,262144,6867,0,0,0,0,1248,0,1232,0,157,154,0,1,1248,0|32,1271027193,1,40412168,0,40370176,0,40370176,0,45434650,0,154,154,129107424,1,129107424,1,2080,279953999,1,187501671,0,0,0,0,0
1788103613438|1001|formal_primary_1800s|rotating|30,1378943233,33555404,90961561,90830268,0,0,0,0,0,0,0,0,0,0,82020,81867,0,0,0,0,0,0,0,0,0,0,0,0,0,0,0,0,0,0,0,0,4096,256,131072,4,15|4,0,1800000000,262144,6867,0,0,0,0,1248,0,1232,0,157,154,0,1,1248,0|32,584344714,1,40440820,0,40370176,0,40370176,0,45456891,0,154,154,132333079,1,132333079,1,2080,278307160,1,187527926,0,0,0,0,0
1788103618448|1001|formal_primary_1800s|fixed|32,1378943233,16780339,96951272,96812567,96951272,96812567,96951272,96812567,175019,174528,87426,87263,0,0,0,0,2828768095,2826093960,4096,4096,0,0,87427,87427,871287877,871287898,871287885,871287858,0,0,0,0,0,0,0,0,4096,256,131072,4,15|4,0,1800000000,262144,6867,0,0,0,0,1328,0,1312,0,167,164,0,1,1328,0|34,1591688628,1,43109684,0,42991616,0,42991616,0,48465587,0,164,164,424719009,1,424719009,1,2080,585376454,1,199530784,0,0,0,0,0
1788103618448|1001|formal_primary_1800s|rotating|32,1378943233,33555404,97018664,96879933,0,0,0,0,0,0,0,0,0,0,87487,87324,0,0,0,0,0,0,0,0,0,0,0,0,0,0,0,0,0,0,0,0,4096,256,131072,4,15|4,0,1800000000,262144,6867,0,0,0,0,1328,0,1312,0,167,164,0,1,1328,0|34,904809818,1,43136852,0,42991616,0,42991616,0,48485338,0,164,164,427740866,1,427740866,1,2080,583213636,1,199561320,0,0,0,0,0
1788103623449|1001|formal_primary_1800s|fixed|34,1378943233,16780339,103013885,102866819,103013885,102866819,103013885,102866819,185957,185436,92890,92717,0,0,0,0,3005545331,3002708222,4096,4096,0,0,92891,92891,1191352610,1191352631,1191352618,1191352639,0,0,0,0,0,0,0,0,4096,256,131072,4,15|4,0,1800000000,262144,6867,0,0,0,0,1408,0,1392,0,177,174,0,1,1408,0|36,1911738374,1,45801764,0,45613056,0,45613056,0,51494858,0,174,174,719715837,1,719715837,1,2080,890186808,1,211560298,0,0,0,0,0
1788103623449|1001|formal_primary_1800s|rotating|34,1378943233,33558272,103088354,102941204,0,0,0,0,0,0,0,0,0,0,92957,92784,0,0,0,0,0,0,0,0,0,0,0,0,0,0,0,0,0,0,0,0,4096,256,131072,4,15|4,0,1800000000,262144,6867,0,0,0,0,1408,0,1392,0,177,174,0,1,1408,0|36,1224986178,1,45830416,0,45613056,0,45613056,0,51515123,0,174,174,722862404,1,722862404,1,2080,887829229,1,211592773,0,0,0,0,0
1788103628452|1001|formal_primary_1800s|fixed|36,1378943233,16781056,109079082,108921711,109079082,108921711,109079082,108921711,196897,196346,98356,98173,0,0,0,0,3182399952,3179400128,4096,4096,0,0,98356,98356,1511527795,1511528120,1511527803,1511528128,0,0,0,0,0,0,0,0,4096,256,131072,4,15|4,0,1800000000,262144,6867,0,0,0,0,1488,0,1472,0,187,184,0,1,1488,0|38,2231991390,1,48495824,0,48234496,0,48234496,0,54525400,0,184,184,1014915433,1,1014915433,1,2048,1195200823,1,223589407,0,0,0,0,0
1788103628452|1001|formal_primary_1800s|rotating|36,1378943233,33558272,109148115,108989941,0,0,0,0,0,0,0,0,0,0,98419,98235,0,0,0,0,0,0,0,0,0,0,0,0,0,0,0,0,0,0,0,0,4096,256,131072,4,15|5,0,1800000000,262144,6867,0,0,0,0,1496,0,1480,0,188,185,0,1,1496,0|38,1545940364,1,48516400,0,48496640,0,48496640,0,54536000,0,185,185,1016327986,1,1016327986,1,2080,1191668014,1,224824950,0,0,0,0,0
1788103633473|1001|formal_primary_1800s|fixed|38,1378943233,16781056,115133530,114967211,115133530,114967211,115133530,114967211,207828,207244,103816,103622,0,0,0,0,3359042512,3355862768,4096,4096,0,0,103816,103816,1832924279,1832924596,1832924287,1832924604,0,0,0,0,0,0,0,0,4096,256,131072,4,15|4,0,1800000000,262144,6867,0,0,0,0,1576,0,1560,0,198,195,0,1,1576,0|40,2554564996,1,51196132,0,51118080,0,51118080,0,57562126,0,195,195,1309995606,1,1309995606,1,2080,1501011854,1,236821116,0,0,0,0,0
1788103633473|1001|formal_primary_1800s|rotating|38,1378943233,33558272,115226935,115060408,0,0,0,0,0,0,0,0,0,0,103900,103706,0,0,0,0,0,0,0,0,0,0,0,0,0,0,0,0,0,0,0,0,4096,256,131072,4,15|4,0,1800000000,262144,6867,0,0,0,0,1576,0,1560,0,198,195,0,1,1576,0|40,1867401258,1,51220832,0,51118080,0,51118080,0,57576996,0,195,195,1312734133,1,1312734133,1,2080,1497570339,1,236853662,0,0,0,0,0
1788103638486|1001|formal_primary_1800s|fixed|40,1378943233,16780339,121216330,121041297,121216330,121041297,121216330,121041297,218802,218188,109297,109093,0,0,0,0,3536410978,3533067941,4096,4096,0,0,109298,109298,2154009168,2154009157,2154009176,2154009165,0,0,0,0,0,0,0,0,4096,256,131072,4,15|4,0,1800000000,262144,6867,0,0,0,0,1656,0,1640,0,208,205,0,1,1656,0|42,2874239670,1,53885252,0,53739520,0,53739520,0,60587385,0,205,205,1604623702,1,1604623702,1,2080,1805448252,1,248849524,0,0,0,0,0
1788103638486|1001|formal_primary_1800s|rotating|40,1378943233,33555404,121297028,121121965,0,0,0,0,0,0,0,0,0,0,109370,109166,0,0,0,0,0,0,0,0,0,0,0,0,0,0,0,0,0,0,0,0,4096,256,131072,4,15|4,0,1800000000,262144,6867,0,0,0,0,1656,0,1640,0,208,205,0,1,1656,0|42,2188542078,1,53922796,0,53739520,0,53739520,0,60616094,0,205,205,1608814500,1,1608814500,1,2080,1803151353,1,248888686,0,0,0,0,0
1788103643494|1001|formal_primary_1800s|fixed|42,1378943233,16780339,127286699,127103141,127286699,127103141,127286699,127103141,229752,229108,114767,114553,0,0,0,0,3713402824,3709896625,4096,4096,0,0,114768,114768,2474435521,2474435510,2474435513,2474435518,0,0,0,0,0,0,0,0,4096,256,131072,4,15|4,0,1800000000,262144,6867,0,0,0,0,1736,0,1720,0,218,215,0,1,1736,0|44,3194868770,1,56582272,0,56360960,0,56360960,0,63622421,0,215,215,1900202721,1,1900202721,1,2080,2110838534,1,260878406,0,0,0,0,0
1788103643494|1001|formal_primary_1800s|rotating|42,1378943233,33558272,127355751,127172009,0,0,0,0,0,0,0,0,0,0,114830,114616,0,0,0,0,0,0,0,0,0,0,0,0,0,0,0,0,0,0,0,0,4096,256,131072,4,15|4,0,1800000000,262144,6867,0,0,0,0,1736,0,1720,0,218,215,0,1,1736,0|44,2507734200,1,56607468,0,56360960,0,56360960,0,63635975,0,215,215,1902954649,1,1902954649,1,2080,2106786835,1,260919575,0,0,0,0,0
1788103648495|1001|formal_primary_1800s|fixed|44,1378943233,16781056,133342072,133148022,133342072,133148022,133342072,133148022,240688,240012,120231,120006,0,0,0,0,3890153360,3886467416,4096,4096,0,0,120231,120231,2794471688,2794471688,2794471696,2794471696,0,0,0,0,0,0,0,0,4096,256,131072,4,15|5,0,1800000000,262144,6867,0,0,0,0,1824,0,1808,0,229,226,0,1,1824,0|46,3515073521,1,59261836,0,59244544,0,59244544,0,66633775,0,226,226,2192925664,1,2192925664,1,2080,2414281065,1,274109721,0,0,0,0,0
1788103648495|1001|formal_primary_1800s|rotating|44,1378943233,33555404,133383704,133189664,0,0,0,0,0,0,0,0,0,0,120268,120043,0,0,0,0,0,0,0,0,0,0,0,0,0,0,0,0,0,0,0,0,4096,256,131072,4,15|4,0,1800000000,262144,6867,0,0,0,0,1824,0,1808,0,229,226,0,1,1824,0|46,2827890931,1,59286536,0,59244544,0,59244544,0,66646323,0,226,226,2195617487,1,2195617487,1,2080,2409827032,1,274158744,0,0,0,0,0
1788103653495|1001|formal_primary_1800s|fixed|46,1378943233,16780339,139371178,139167427,139371178,139167427,139371178,139167427,251571,250864,125666,125431,0,0,0,0,4066019853,4062168944,4096,4096,0,0,125667,125667,3114511475,3114511464,3114511483,3114511472,0,0,0,0,0,0,0,0,4096,256,131072,4,15|4,0,1800000000,262144,6867,0,0,0,0,1904,0,1888,0,239,236,0,1,1904,0|48,3835791783,1,61959844,0,61865984,0,61865984,0,69668205,0,236,236,2488594103,1,2488594103,1,2080,2719760221,1,286138919,0,0,0,0,0
1788103653495|1001|formal_primary_1800s|rotating|46,1378943233,33555404,139472807,139269037,0,0,0,0,0,0,0,0,0,0,125757,125522,0,0,0,0,0,0,0,0,0,0,0,0,0,0,0,0,0,0,0,0,4096,256,131072,4,15|4,0,1800000000,262144,6867,0,0,0,0,1904,0,1888,0,239,236,0,1,1904,0|48,3150128801,1,61997884,0,61865984,0,61865984,0,69695247,0,236,236,2492795180,1,2492795180,1,2080,2716507520,1,286191194,0,0,0,0,0
1788103658509|1001|formal_primary_1800s|fixed|48,1378943233,16780339,145449408,145236647,145449408,145236647,145449408,145236647,262541,261804,131146,130901,0,0,0,0,4243343635,4239330008,4096,4096,0,0,131147,131147,3435506312,3435506317,3435506320,3435506309,0,0,0,0,0,0,0,0,4096,256,131072,4,15|4,0,1800000000,262144,6867,0,0,0,0,1984,0,1968,0,249,246,0,1,1984,0|50,4155902242,1,64652916,0,64487424,0,64487424,0,72696274,0,246,246,2783652883,1,2783652883,1,2080,3024631403,1,298168281,0,0,0,0,0
1788103658509|1001|formal_primary_1800s|rotating|48,1378943233,33555404,145516435,145303541,0,0,0,0,0,0,0,0,0,0,131206,130961,0,0,0,0,0,0,0,0,0,0,0,0,0,0,0,0,0,0,0,0,4096,256,131072,4,15|4,0,1800000000,262144,6867,0,0,0,0,1984,0,1968,0,249,246,0,1,1984,0|50,3468798188,1,64678108,0,64487424,0,64487424,0,72708417,0,246,246,2786414121,1,2786414121,1,2080,3019618553,1,298221668,0,0,0,0,0
1788103663509|1001|formal_primary_1800s|fixed|50,1378943233,16780339,151505085,151283284,151505085,151283284,151505085,151283284,273469,272702,136605,136350,0,0,0,0,4294967295,4294967295,4096,4096,0,0,136606,136606,3755306886,3755306883,3755306894,3755306891,0,0,0,0,0,0,0,0,4096,256,131072,4,15|4,0,1800000000,262144,6867,0,0,0,0,2064,0,2048,0,259,256,0,1,2064,0|52,180150168,2,67337588,0,67108864,0,67108864,0,75715854,0,256,256,3077820005,1,3077820005,1,2080,3328607413,1,310197592,0,0,0,0,0
1788103663509|1001|formal_primary_1800s|rotating|50,1378943233,33555404,151580271,151358512,0,0,0,0,0,0,0,0,0,0,136673,136418,0,0,0,0,0,0,0,0,0,0,0,0,0,0,0,0,0,0,0,0,4096,256,131072,4,15|4,0,1800000000,262144,6867,0,0,0,0,2064,0,2048,0,259,256,0,1,2064,0|52,3789071799,1,67371008,0,67108864,0,67108864,0,75737715,0,257,256,3081497938,1,3081497938,1,2052,3324331149,1,310256160,0,0,0,0,0
1788103668510|1001|formal_primary_1800s|fixed|52,1378943233,16780339,157534914,157304476,157534914,157304476,157534914,157304476,284358,283558,142044,141778,0,0,0,0,4294967295,4294967295,4096,4096,0,0,142045,142045,4075556814,4075556819,4075556774,4075556795,0,0,0,0,0,0,0,0,4096,256,131072,4,15|4,0,1800000000,262144,6867,0,0,0,0,2152,0,2136,0,270,267,0,1,2152,0|54,501113337,2,70023572,0,69992448,0,69992448,0,78735627,0,267,267,3371298007,1,3371298007,1,2080,3632808077,1,323429213,0,0,0,0,0
1788103668510|1001|formal_primary_1800s|rotating|52,1378943233,33555404,157602543,157372038,0,0,0,0,0,0,0,0,0,0,142105,141839,0,0,0,0,0,0,0,0,0,0,0,0,0,0,0,0,0,0,0,0,4096,256,131072,4,15|4,0,1800000000,262144,6867,0,0,0,0,2152,0,2136,0,270,267,0,1,2152,0|54,4109682200,1,70055188,0,69992448,0,69992448,0,78753342,0,267,267,3374750195,1,3374750195,1,2080,3627828468,1,323490418,0,0,0,0,0
1788103673525|1001|formal_primary_1800s|fixed|54,1378943233,16781056,163617434,163378199,163617434,163378199,163617434,163378199,295330,294500,147526,147250,0,0,0,0,4294967295,4294967295,4096,4096,0,0,147526,147526,101634082,101634423,101634090,101634431,0,0,0,0,0,0,0,0,4096,256,131072,4,15|4,0,1800000000,262144,6867,0,0,0,0,2232,0,2216,0,280,277,0,1,2232,0|56,822009997,2,72723556,0,72613888,0,72613888,0,81773409,0,277,277,3667143672,1,3667143672,1,2080,3938465796,1,335458281,0,0,0,0,0
1788103673525|1001|formal_primary_1800s|rotating|54,1378943233,33555404,163682305,163443039,0,0,0,0,0,0,0,0,0,0,147584,147308,0,0,0,0,0,0,0,0,0,0,0,0,0,0,0,0,0,0,0,0,4096,256,131072,4,15|4,0,1800000000,262144,6867,0,0,0,0,2232,0,2216,0,280,277,0,1,2232,0|56,135493044,2,72753692,0,72613888,0,72613888,0,81789208,0,277,277,3670471272,1,3670471272,1,2080,3933048286,1,335522935,0,0,0,0,0
1788103678530|1001|formal_primary_1800s|fixed|56,1378943233,16781056,169676065,169427094,169676065,169427094,169676065,169427094,306268,305408,152990,152704,0,0,0,0,4294967295,4294967295,4096,4096,0,0,152990,152990,421725732,421726081,421725748,421726089,0,0,0,0,0,0,0,0,4096,256,131072,4,15|4,0,1800000000,262144,6867,0,0,0,0,2312,0,2296,0,290,287,0,1,2312,0|58,1142165287,2,75416628,0,75235328,0,75235328,0,84800784,0,287,287,3962249560,1,3962249560,1,2080,4243382116,1,347487405,0,0,0,0,0
1788103678530|1001|formal_primary_1800s|rotating|56,1378943233,33555404,169752676,169503749,0,0,0,0,0,0,0,0,0,0,153059,152773,0,0,0,0,0,0,0,0,0,0,0,0,0,0,0,0,0,0,0,0,4096,256,131072,4,15|4,0,1800000000,262144,6867,0,0,0,0,2312,0,2296,0,290,287,0,1,2312,0|58,455556739,2,75446268,0,75235328,0,75235328,0,84814978,0,287,287,3965476988,1,3965476988,1,2080,4237551158,1,347557805,0,0,0,0,0
1788103683535|1001|formal_primary_1800s|fixed|58,1378943233,16781056,175747401,175489375,175747401,175489375,175747401,175489375,317222,316332,158462,158166,0,0,0,0,4294967295,4294967295,4096,4096,0,0,158462,158462,742263431,742263772,742263439,742263780,0,0,0,0,0,0,0,0,4096,256,131072,4,15|4,0,1800000000,262144,6867,0,0,0,0,2392,0,2376,0,300,297,0,1,2392,0|60,1462545392,2,78111672,0,77856768,0,77856768,0,87832490,0,297,297,4257581190,1,4257581190,1,2076,253556218,2,359516199,0,0,0,0,0
1788103683535|1001|formal_primary_1800s|rotating|58,1378943233,33555404,175818700,175560549,0,0,0,0,0,0,0,0,0,0,158526,158230,0,0,0,0,0,0,0,0,0,0,0,0,0,0,0,0,0,0,0,0,4096,256,131072,4,15|4,0,1800000000,262144,6867,0,0,0,0,2396,0,2384,0,301,298,0,1,2396,0|60,775596654,2,78118912,0,78118912,0,78118912,0,87829180,0,298,298,4258280233,1,4258280233,1,2080,245763540,2,360794353,0,0,0,0,0
1788103688535|1001|formal_primary_1800s|fixed|60,1378943233,16781056,181770340,181503400,181770340,181503400,181770340,181503400,328099,327176,163895,163588,0,0,0,0,4294967295,4294967295,4096,4096,0,0,163895,163895,1062153955,1062154272,1062153963,1062154280,0,0,0,0,0,0,0,0,4096,256,131072,4,15|4,0,1800000000,262144,6867,0,0,0,0,2480,0,2464,0,311,308,0,1,2480,0|62,1782412474,2,80787776,0,80740352,0,80740352,0,90841638,0,308,308,254991239,2,254991239,2,2080,556660512,2,372748107,0,0,0,0,0
1788103688535|1001|formal_primary_1800s|rotating|60,1378943233,33555404,181841295,181574331,0,0,0,0,0,0,0,0,0,0,163958,163651,0,0,0,0,0,0,0,0,0,0,0,0,0,0,0,0,0,0,0,0,4096,256,131072,4,15|4,0,1800000000,262144,6867,0,0,0,0,2480,0,2464,0,311,308,0,1,2480,0|62,1095707051,2,80816924,0,80740352,0,80740352,0,90853354,0,308,308,258118380,2,258118380,2,2080,550059740,2,372821983,0,0,0,0,0
1788103693549|1001|formal_primary_1800s|fixed|62,1378943233,16780339,187845053,187569272,187845053,187569272,187845053,187569272,339063,338110,169371,169054,0,0,0,0,4294967295,4294967295,4096,4096,0,0,169372,169372,1382963031,1382963052,1382963039,1382963060,0,0,0,0,0,0,0,0,4096,256,131072,4,15|4,0,1800000000,262144,6867,0,0,0,0,2560,0,2544,0,321,318,0,1,2560,0|64,2103435760,2,83488752,0,83361792,0,83361792,0,93878922,0,318,318,550962593,2,550962593,2,2080,862444447,2,384777634,0,0,0,0,0
1788103693549|1001|formal_primary_1800s|rotating|62,1378943233,33558272,187936308,187660578,0,0,0,0,0,0,0,0,0,0,169454,169137,0,0,0,0,0,0,0,0,0,0,0,0,0,0,0,0,0,0,0,0,4096,256,131072,4,15|4,0,1800000000,262144,6867,0,0,0,0,2560,0,2544,0,321,318,0,1,2560,0|64,1418029675,2,83529260,0,83361792,0,83361792,0,93903018,0,318,318,555381420,2,555381420,2,2080,856824702,2,384853583,0,0,0,0,0
1788103698552|1001|formal_primary_1800s|fixed|64,1378943233,16780339,193906776,193623410,193906776,193623410,193906776,193623410,350005,349022,174837,174510,0,0,0,0,4294967295,4294967295,4096,4096,0,0,174838,174838,1703163407,1703163436,1703163415,1703163444,0,0,0,0,0,0,0,0,4096,256,131072,4,15|4,0,1800000000,262144,6867,0,0,0,0,2640,0,2624,0,331,328,0,1,2640,0|66,2423597991,2,86181820,0,85983232,0,85983232,0,96907600,0,328,328,846069655,2,846069655,2,2080,1167367578,2,396806828,0,0,0,0,0
1788103698552|1001|formal_primary_1800s|rotating|64,1378943233,33555404,193982255,193698906,0,0,0,0,0,0,0,0,0,0,174905,174578,0,0,0,0,0,0,0,0,0,0,0,0,0,0,0,0,0,0,0,0,4096,256,131072,4,15|4,0,1800000000,262144,6867,0,0,0,0,2640,0,2624,0,331,328,0,1,2640,0|66,1736631631,2,86208496,0,85983232,0,85983232,0,96915187,0,328,328,848933959,2,848933959,2,2080,1159865422,2,396883270,0,0,0,0,0
1788103703566|1001|formal_primary_1800s|fixed|66,1378943233,16781056,199983565,199690394,199983565,199690394,199983565,199690394,360971,359958,180316,179979,0,0,0,0,4294967295,4294967295,4096,4096,0,0,180316,180316,2024047206,2024047531,2024047214,2024047539,0,0,0,0,0,0,0,0,4096,256,131072,4,15|4,0,1800000000,262144,6867,0,0,0,0,2724,0,2712,0,342,339,0,1,2724,0|68,2744488621,2,88866816,0,88866816,0,88866816,0,99934967,0,339,339,1140227936,2,1140227936,2,2080,1472249803,2,409605317,0,0,0,0,0
1788103703566|1001|formal_primary_1800s|rotating|66,1378943233,33555404,200027204,199733290,0,0,0,0,0,0,0,0,0,0,180356,180018,0,0,0,0,0,0,0,0,0,0,0,0,0,0,0,0,0,0,0,0,4096,256,131072,4,15|4,0,1800000000,262144,6867,0,0,0,0,2728,0,2712,0,342,339,0,1,2728,0|68,2057642700,2,88894976,0,88866816,0,88866816,0,99935928,0,339,339,1142454234,2,1142454234,2,2080,1463762227,2,410117499,0,0,0,0,0
1788103708574|1001|formal_primary_1800s|fixed|68,1378943233,16781056,206043045,205739980,206043045,205739980,206043045,205739980,371912,370866,185781,185433,0,0,0,0,4294967295,4294967295,4096,4096,0,0,185781,185781,2345722511,2345722820,2345722519,2345722828,0,0,0,0,0,0,0,0,4096,256,131072,4,15|4,0,1800000000,262144,6867,0,0,0,0,2808,0,2792,0,352,349,0,1,2808,0|70,3066152872,2,91574212,0,91488256,0,91488256,0,102970772,0,349,349,1436082530,2,1436082530,2,2080,1777921070,2,422067382,0,0,0,0,0
1788103708574|1001|formal_primary_1800s|rotating|68,1378943233,33555404,206111723,205808609,0,0,0,0,0,0,0,0,0,0,185842,185494,0,0,0,0,0,0,0,0,0,0,0,0,0,0,0,0,0,0,0,0,4096,256,131072,4,15|4,0,1800000000,262144,6867,0,0,0,0,2808,0,2792,0,352,349,0,1,2808,0|70,2379108864,2,91599900,0,91488256,0,91488256,0,102976423,0,349,349,1438866569,2,1438866569,2,2080,1769671832,2,422145167,0,0,0,0,0
1788103713577|1001|formal_primary_1800s|fixed|70,1378943233,16780339,212087088,211775707,212087088,211775707,212087088,211775707,382814,381738,191226,190868,0,0,0,0,4294967295,4294967295,4096,4096,0,0,191227,191227,2664805665,2664805646,2664805673,2664805654,0,0,0,0,0,0,0,0,4096,256,131072,4,15|4,0,1800000000,262144,6867,0,0,0,0,2888,0,2872,0,362,359,0,1,2888,0|72,3385230777,2,94257404,0,94109696,0,94109696,0,105990557,0,359,359,1730107830,2,1730107830,2,2080,2081760114,2,434096358,0,0,0,0,0
1788103713577|1001|formal_primary_1800s|rotating|70,1378943233,33555404,212162036,211850699,0,0,0,0,0,0,0,0,0,0,191294,190936,0,0,0,0,0,0,0,0,0,0,0,0,0,0,0,0,0,0,0,0,4096,256,131072,4,15|4,0,1800000000,262144,6867,0,0,0,0,2888,0,2872,0,362,359,0,1,2888,0|72,2698330058,2,94284572,0,94109696,0,94109696,0,105996770,0,359,359,1733038334,2,1733038334,2,2080,2073332992,2,434173512,0,0,0,0,0
1788103718579|1001|formal_primary_1800s|fixed|72,1378943233,16781056,218148453,217829540,218148453,217829540,218148453,217829540,393760,392654,196695,196327,0,0,0,0,4294967295,4294967295,4096,4096,0,0,196695,196695,2985124232,2985124549,2985124240,2985124565,0,0,0,0,0,0,0,0,4096,256,131072,4,15|4,0,1800000000,262144,6867,0,0,0,0,2968,0,2952,0,372,369,0,1,2968,0|74,3705574517,2,96952448,0,96731136,0,96731136,0,109019408,0,369,369,2025402103,2,2025402103,2,2080,2386865393,2,446124924,0,0,0,0,0
1788103718579|1001|formal_primary_1800s|rotating|72,1378943233,33555404,218216994,217898128,0,0,0,0,0,0,0,0,0,0,196756,196388,0,0,0,0,0,0,0,0,0,0,0,0,0,0,0,0,0,0,0,0,4096,256,131072,4,15|4,0,1800000000,262144,6867,0,0,0,0,2968,0,2952,0,372,369,0,1,2968,0|74,3018480336,2,96977644,0,96731136,0,96731136,0,109023107,0,369,369,2028131404,2,2028131404,2,2080,2377923255,2,446207564,0,0,0,0,0
1788103723594|1001|formal_primary_1800s|fixed|74,1378943233,16781056,224206404,223877758,224206404,223877758,224206404,223877758,404698,403560,202159,201780,0,0,0,0,4294967295,4294967295,4096,4096,0,0,202159,202159,3305207735,3305207735,3305207743,3305207743,0,0,0,0,0,0,0,0,4096,256,131072,4,15|5,0,1800000000,262144,6867,0,0,0,0,3056,0,3040,0,383,380,0,1,3056,0|76,4026322979,2,99636456,0,99614720,0,99614720,0,112037522,0,380,380,2318666845,2,2318666845,2,2080,2690851172,2,459356719,0,0,0,0,0
1788103723594|1001|formal_primary_1800s|rotating|74,1378943233,33555404,224272526,223943769,0,0,0,0,0,0,0,0,0,0,202218,201839,0,0,0,0,0,0,0,0,0,0,0,0,0,0,0,0,0,0,0,0,4096,256,131072,4,15|4,0,1800000000,262144,6867,0,0,0,0,3056,0,3040,0,383,380,0,1,3056,0|76,3340521594,2,99673508,0,99614720,0,99614720,0,112053508,0,380,380,2322677676,2,2322677676,2,2080,2682850749,2,459443652,0,0,0,0,0
1788103728604|1001|formal_primary_1800s|fixed|76,1378943233,16780339,230266276,229928469,230266276,229928469,230266276,229928469,415635,414466,207621,207232,0,0,0,0,4294967295,4294967295,4096,4096,0,0,207622,207622,3626755238,3626755227,3626755230,3626755235,0,0,0,0,0,0,0,0,4096,256,131072,4,15|4,0,1800000000,262144,6867,0,0,0,0,3136,0,3120,0,393,390,0,1,3136,0|78,52102952,3,102334960,0,102236160,0,102236160,0,115072496,0,390,390,2614360795,2,2614360795,2,2080,2996359481,2,471385811,0,0,0,0,0
1788103728604|1001|formal_primary_1800s|rotating|76,1378943233,33558272,230333607,229995857,0,0,0,0,0,0,0,0,0,0,207682,207293,0,0,0,0,0,0,0,0,0,0,0,0,0,0,0,0,0,0,0,0,4096,256,131072,4,15|4,0,1800000000,262144,6867,0,0,0,0,3136,0,3120,0,393,390,0,1,3136,0|78,3660044750,2,102360648,0,102236160,0,102236160,0,115075749,0,390,390,2617148400,2,2617148400,2,2080,2986814698,2,471474422,0,0,0,0,0
1788103733610|1001|formal_primary_1800s|fixed|78,1378943233,16780339,236348976,236003509,236348976,236003509,236348976,236003509,426621,425422,213109,212710,0,0,0,0,4294967295,4294967295,4096,4096,0,0,213110,213110,3948187783,3948187756,3948187791,3948187764,0,0,0,0,0,0,0,0,4096,256,131072,4,15|4,0,1800000000,262144,6867,0,0,0,0,3216,0,3200,0,403,400,0,1,3216,0|80,373736900,3,105041368,0,104857600,0,104857600,0,118114019,0,400,400,2910941150,2,2910941150,2,2080,3302754090,2,483415270,0,0,0,0,0
1788103733610|1001|formal_primary_1800s|rotating|78,1378943233,33555404,236417372,236072001,0,0,0,0,0,0,0,0,0,0,213171,212772,0,0,0,0,0,0,0,0,0,0,0,0,0,0,0,0,0,0,0,0,4096,256,131072,4,15|4,0,1800000000,262144,6867,0,0,0,0,3216,0,3200,0,403,400,0,1,3216,0|80,3981564967,2,105066068,0,104857600,0,104857600,0,118115209,0,400,400,2913611189,2,2913611189,2,2080,3292777360,2,483505575,0,0,0,0,0
1788103738617|1001|formal_primary_1800s|fixed|80,1378943233,16780339,242388881,242034562,242388881,242034562,242388881,242034562,437537,436308,218562,218153,0,0,0,0,4294967295,4294967295,4096,4096,0,0,218563,218563,4267673495,4267673508,4267673503,4267673516,0,0,0,0,0,0,0,0,4096,256,131072,4,15|4,0,1800000000,262144,6867,0,0,0,0,3296,0,3280,0,413,410,0,1,3296,0|82,692942901,3,107726040,0,107479040,0,107479040,0,121128809,0,410,410,3205094576,2,3205094576,2,2080,3606721584,2,495443832,0,0,0,0,0
1788103738617|1001|formal_primary_1800s|rotating|80,1378943233,33555404,242455719,242101487,0,0,0,0,0,0,0,0,0,0,218622,218213,0,0,0,0,0,0,0,0,0,0,0,0,0,0,0,0,0,0,0,0,4096,256,131072,4,15|4,0,1800000000,262144,6867,0,0,0,0,3296,0,3280,0,413,410,0,1,3296,0|82,5775466,3,107741184,0,107741184,0,107741184,0,121126994,0,411,411,3206672965,2,3206672965,2,2080,3596209738,2,495688603,0,0,0,0,0
1788103743624|1001|formal_primary_1800s|fixed|82,1378943233,16780339,248420904,248056887,248420904,248056887,248420904,248056887,448436,447174,224006,223586,0,0,0,0,4294967295,4294967295,4096,4096,0,0,224007,224007,293211826,293211823,293211778,293211831,0,0,0,0,0,0,0,0,4096,256,131072,4,15|4,0,1800000000,262144,6867,0,0,0,0,3384,0,3368,0,424,421,0,1,3384,0|84,1014061345,3,110413508,0,110362624,0,110362624,0,124148490,0,421,421,3498726133,2,3498726133,2,2080,3911078031,2,508674957,0,0,0,0,0
1788103743624|1001|formal_primary_1800s|rotating|82,1378943233,33555404,248510052,248146016,0,0,0,0,0,0,0,0,0,0,224087,223667,0,0,0,0,0,0,0,0,0,0,0,0,0,0,0,0,0,0,0,0,4096,256,131072,4,15|4,0,1800000000,262144,6867,0,0,0,0,3384,0,3368,0,424,421,0,1,3384,0|84,328101317,3,110448580,0,110362624,0,110362624,0,124160397,0,421,421,3502570973,2,3502570973,2,2080,3901605315,2,508768996,0,0,0,0,0
1788103748633|1001|formal_primary_1800s|fixed|84,1378943233,16780339,254480905,254107603,254480905,254107603,254480905,254107603,459382,458090,229474,229044,0,0,0,0,4294967295,4294967295,4096,4096,0,0,229475,229475,613516211,613516224,613516219,613516232,0,0,0,0,0,0,0,0,4096,256,131072,4,15|4,0,1800000000,262144,6867,0,0,0,0,3464,0,3448,0,434,431,0,1,3464,0|86,1333979047,3,113104600,0,112984064,0,112984064,0,127172491,0,431,431,3793595853,2,3793595853,2,2080,4215756743,2,520704058,0,0,0,0,0
1788103748633|1001|formal_primary_1800s|rotating|84,1378943233,33555404,254556683,254183399,0,0,0,0,0,0,0,0,0,0,229542,229112,0,0,0,0,0,0,0,0,0,0,0,0,0,0,0,0,0,0,0,0,4096,256,131072,4,15|4,0,1800000000,262144,6867,0,0,0,0,3464,0,3448,0,434,431,0,1,3464,0|86,647294388,3,113133252,0,112984064,0,112984064,0,127176514,0,431,431,3796709108,2,3796709108,2,2080,4205239572,2,520802825,0,0,0,0,0
1788103753638|1001|formal_primary_1800s|fixed|86,1378943233,16780339,260547571,260165517,260547571,260165517,260547571,260165517,470336,469014,234946,234506,0,0,0,0,4294967295,4294967295,4096,4096,0,0,234947,234947,934064972,934064961,934064980,934064969,0,0,0,0,0,0,0,0,4096,256,131072,4,15|4,0,1800000000,262144,6867,0,0,0,0,3544,0,3528,0,444,441,0,1,3544,0|88,1654531559,3,115801128,0,115605504,0,115605504,0,130203580,0,441,441,4089101460,2,4089101460,2,2080,226103500,3,532732605,0,0,0,0,0
1788103753638|1001|formal_primary_1800s|rotating|86,1378943233,33555404,260616603,260234508,0,0,0,0,0,0,0,0,0,0,235008,234568,0,0,0,0,0,0,0,0,0,0,0,0,0,0,0,0,0,0,0,0,4096,256,131072,4,15|4,0,1800000000,262144,6867,0,0,0,0,3544,0,3528,0,444,441,0,1,3544,0|88,967356306,3,115825828,0,115605504,0,115605504,0,130201908,0,441,441,4091714658,2,4091714658,2,2080,214777826,3,532836129,0,0,0,0,0
1788103758648|1001|formal_primary_1800s|fixed|88,1378943233,16781056,266614105,266224284,266614105,266224284,266614105,266224284,481294,479942,240421,239971,0,0,0,0,4294967295,4294967295,4096,4096,0,0,240421,240421,1254725902,1254726227,1254725910,1254726235,0,0,0,0,0,0,0,0,4096,256,131072,4,15|4,0,1800000000,262144,6867,0,0,0,0,3624,0,3608,0,454,451,0,1,3624,0|90,1975093258,3,118489088,0,118489088,0,118489088,0,133232237,0,452,452,88652971,3,88652971,3,2048,531344703,3,544843256,0,0,0,0,0
1788103758648|1001|formal_primary_1800s|rotating|88,1378943233,33558272,266659757,266269191,0,0,0,0,0,0,0,0,0,0,240463,240012,0,0,0,0,0,0,0,0,0,0,0,0,0,0,0,0,0,0,0,0,4096,256,131072,4,15|5,0,1800000000,262144,6867,0,0,0,0,3632,0,3616,0,455,452,0,1,3632,0|90,1287971634,3,118508848,0,118489088,0,118489088,0,133216086,0,452,452,89869896,3,89869896,3,2080,518278307,3,546073281,0,0,0,0,0
1788103763654|1001|formal_primary_1800s|fixed|90,1378943233,16780339,272659113,272260571,272659113,272260571,272659113,272260571,492213,490828,245875,245414,0,0,0,0,4294967295,4294967295,4096,4096,0,0,245875,245875,1575787945,1575788286,1575787953,1575788294,0,0,0,0,0,0,0,0,4096,256,131072,4,15|4,0,1800000000,262144,6867,0,0,0,0,3712,0,3696,0,465,462,0,1,3712,0|92,2296722768,3,121190064,0,121110528,0,121110528,0,136259896,0,462,462,383790045,3,383790045,3,2080,836293153,3,557993441,0,0,0,0,0
1788103763654|1001|formal_primary_1800s|rotating|90,1378943233,33555404,272757629,272358997,0,0,0,0,0,0,0,0,0,0,245963,245502,0,0,0,0,0,0,0,0,0,0,0,0,0,0,0,0,0,0,0,0,4096,256,131072,4,15|4,0,1800000000,262144,6867,0,0,0,0,3712,0,3696,0,465,462,0,1,3712,0|92,1610621114,3,121224148,0,121110528,0,121110528,0,136267528,0,462,462,387456490,3,387456490,3,2080,825368459,3,558107427,0,0,0,0,0
1788103768666|1001|formal_primary_1800s|fixed|92,1378943233,16780339,278713465,278306283,278713465,278306283,278713465,278306283,503147,501732,251336,250865,0,0,0,0,4294967295,4294967295,4096,4096,0,0,251337,251337,1895734922,1895734895,1895734930,1895734903,0,0,0,0,0,0,0,0,4096,256,131072,4,15|4,0,1800000000,262144,6867,0,0,0,0,3792,0,3776,0,475,472,0,1,3792,0|94,2616210631,3,123877204,0,123731968,0,123731968,0,139280422,0,472,472,678227717,3,678227717,3,2080,1140542816,3,570021731,0,0,0,0,0
1788103768666|1001|formal_primary_1800s|rotating|92,1378943233,33558272,278788848,278381713,0,0,0,0,0,0,0,0,0,0,251404,250933,0,0,0,0,0,0,0,0,0,0,0,0,0,0,0,0,0,0,0,0,4096,256,131072,4,15|4,0,1800000000,262144,6867,0,0,0,0,3792,0,3776,0,475,472,0,1,3792,0|94,1929423480,3,123904868,0,123731968,0,123731968,0,139280533,0,472,472,681207509,3,681207509,3,2080,1128610628,3,570138635,0,0,0,0,0
1788103773669|1001|formal_primary_1800s|fixed|94,1378943233,16780339,284776433,284360216,284776433,284360216,284776433,284360216,514093,512648,256804,256323,0,0,0,0,4294967295,4294967295,4096,4096,0,0,256805,256805,2216050697,2216050702,2216050705,2216050710,0,0,0,0,0,0,0,0,4096,256,131072,4,15|4,0,1800000000,262144,6867,0,0,0,0,3872,0,3856,0,485,482,0,1,3872,0|96,2937059268,3,126576204,0,126353408,0,126353408,0,142314996,0,482,482,974027793,3,974027793,3,2080,1446152996,3,582050295,0,0,0,0,0
1788103773669|1001|formal_primary_1800s|rotating|94,1378943233,33555404,284869852,284453550,0,0,0,0,0,0,0,0,0,0,256888,256407,0,0,0,0,0,0,0,0,0,0,0,0,0,0,0,0,0,0,0,0,4096,256,131072,4,15|4,0,1800000000,262144,6867,0,0,0,0,3872,0,3856,0,485,482,0,1,3872,0|96,2250619667,3,126607324,0,126353408,0,126353408,0,142317940,0,482,482,977345308,3,977345308,3,2080,1434249866,3,582171507,0,0,0,0,0
1788103778682|1001|formal_primary_1800s|fixed|96,1378943233,16781056,290846245,290420115,290846245,290420115,290846245,290420115,525043,523566,262275,261783,0,0,0,0,4294967295,4294967295,4096,4096,0,0,262275,262275,2536497801,2536497801,2536497809,2536497809,0,0,0,0,0,0,0,0,4096,256,131072,4,15|5,0,1800000000,262144,6867,0,0,0,0,3960,0,3944,0,496,493,0,1,3960,0|98,3257425441,3,129257248,0,129236992,0,129236992,0,145331056,0,493,493,1266907848,3,1266907848,3,2080,1749755777,3,595282848,0,0,0,0,0
1788103778682|1001|formal_primary_1800s|rotating|96,1378943233,33555404,290893468,290467258,0,0,0,0,0,0,0,0,0,0,262317,261825,0,0,0,0,0,0,0,0,0,0,0,0,0,0,0,0,0,0,0,0,4096,256,131072,4,15|4,0,1800000000,262144,6867,0,0,0,0,3960,0,3944,0,496,493,0,1,3960,0|98,2570388934,3,129282936,0,129236992,0,129236992,0,145327536,0,493,493,1269625432,3,1269625432,3,2080,1736903720,3,595406847,0,0,0,0,0
1788103783690|1001|formal_primary_1800s|fixed|98,1378943233,16781056,296894060,296458854,296894060,296458854,296894060,296458854,535958,534450,267727,267225,0,0,0,0,4294967295,4294967295,4096,4096,0,0,267727,267727,2857459317,2857459674,2857459325,2857459682,0,0,0,0,0,0,0,0,4096,256,131072,4,15|4,0,1800000000,262144,6867,0,0,0,0,4040,0,4024,0,506,503,0,1,4040,0|100,3577801147,3,131952292,0,131858432,0,131858432,0,148362226,0,503,503,1562231661,3,1562231661,3,2080,2054892173,3,607312258,0,0,0,0,0
1788103783690|1001|formal_primary_1800s|rotating|98,1378943233,33555404,296961965,296526723,0,0,0,0,0,0,0,0,0,0,267788,267285,0,0,0,0,0,0,0,0,0,0,0,0,0,0,0,0,0,0,0,0,4096,256,131072,4,15|4,0,1800000000,262144,6867,0,0,0,0,4040,0,4024,0,506,503,0,1,4040,0|100,2890736074,3,131977980,0,131858432,0,131858432,0,148357846,0,503,503,1564917552,3,1564917552,3,2080,2041691960,3,607438189,0,0,0,0,0
1788103788692|1001|formal_primary_1800s|fixed|100,1378943233,16780339,302949302,302506206,302949302,302506206,302949302,302506206,546892,545354,273188,272676,0,0,0,0,4294967295,4294967295,4096,4096,0,0,273189,273189,3177414872,3177414869,3177414880,3177414877,0,0,0,0,0,0,0,0,4096,256,131072,4,15|4,0,1800000000,262144,6867,0,0,0,0,4120,0,4104,0,516,513,0,1,4120,0|102,3897770426,3,134643880,0,134479872,0,134479872,0,151388098,0,513,513,1857149142,3,1857149142,3,2080,2359622504,3,619341296,0,0,0,0,0
1788103788692|1001|formal_primary_1800s|rotating|100,1378943233,33555404,303025924,302582777,0,0,0,0,0,0,0,0,0,0,273257,272745,0,0,0,0,0,0,0,0,0,0,0,0,0,0,0,0,0,0,0,0,4096,256,131072,4,15|4,0,1800000000,262144,6867,0,0,0,0,4120,0,4104,0,516,513,0,1,4120,0|102,3211105638,3,134673028,0,134479872,0,134479872,0,151386905,0,513,513,1860232107,3,1860232107,3,2080,2346501503,3,619469508,0,0,0,0,0
1788103793696|1001|formal_primary_1800s|fixed|102,1378943233,16780339,309013171,308560121,309013171,308560121,309013171,308560121,557838,556270,278656,278134,0,0,0,0,4294967295,4294967295,4096,4096,0,0,278657,278657,3497730846,3497730875,3497730862,3497730851,0,0,0,0,0,0,0,0,4096,256,131072,4,15|4,0,1800000000,262144,6867,0,0,0,0,4200,0,4184,0,526,523,0,1,4200,0|104,4218104042,3,137338432,0,137101312,0,137101312,0,154417714,0,523,523,2152435466,3,2152435466,3,2080,2664717151,3,631370381,0,0,0,0,0
1788103793696|1001|formal_primary_1800s|rotating|102,1378943233,33555404,309084879,308631845,0,0,0,0,0,0,0,0,0,0,278721,278199,0,0,0,0,0,0,0,0,0,0,0,0,0,0,0,0,0,0,0,0,4096,256,131072,4,15|4,0,1800000000,262144,6867,0,0,0,0,4200,0,4184,0,526,523,0,1,4200,0|104,3531235303,3,137363456,0,137101312,0,137101312,0,154413733,0,524,523,2155037706,3,2155037706,3,2048,2651072670,3,631504575,0,0,0,0,0
1788103798709|1001|formal_primary_1800s|fixed|104,1378943233,16780339,315058492,314596074,315058492,314596074,315058492,314596074,568749,567148,284106,283573,0,0,0,0,4294967295,4294967295,4096,4096,0,0,284107,284107,3818580307,3818580280,3818580291,3818580288,0,0,0,0,0,0,0,0,4096,256,131072,4,15|4,0,1800000000,262144,6867,0,0,0,0,4288,0,4272,0,537,534,0,1,4288,0|106,244116880,4,140024912,0,139984896,0,139984896,0,157439448,0,534,534,2445929472,3,2445929472,3,2080,2968934588,3,644602210,0,0,0,0,0
1788103798709|1001|formal_primary_1800s|rotating|104,1378943233,33555404,315133439,314671024,0,0,0,0,0,0,0,0,0,0,284173,283640,0,0,0,0,0,0,0,0,0,0,0,0,0,0,0,0,0,0,0,0,4096,256,131072,4,15|4,0,1800000000,262144,6867,0,0,0,0,4288,0,4272,0,537,534,0,1,4288,0|106,3852032643,3,140050600,0,139984896,0,139984896,0,157432939,0,534,534,2448610187,3,2448610187,3,2080,2954755943,3,644739188,0,0,0,0,0
1788103803709|1001|formal_primary_1800s|fixed|106,1378943233,16780339,321112533,320641062,321112533,320641062,321112533,320641062,579683,578052,289569,289026,0,0,0,0,4294967295,4294967295,4096,4096,0,0,289569,289569,4138572328,4138572677,4138572336,4138572685,0,0,0,0,0,0,0,0,4096,256,131072,4,15|4,0,1800000000,262144,6867,0,0,0,0,4368,0,4352,0,547,544,0,1,4368,0|108,563964774,4,142715016,0,142606336,0,142606336,0,160462580,0,544,544,2740728145,3,2740728145,3,2080,3273544264,3,656630518,0,0,0,0,0
1788103803709|1001|formal_primary_1800s|rotating|106,1378943233,33555404,321188540,320717044,0,0,0,0,0,0,0,0,0,0,289637,289094,0,0,0,0,0,0,0,0,0,0,0,0,0,0,0,0,0,0,0,0,4096,256,131072,4,15|4,0,1800000000,262144,6867,0,0,0,0,4368,0,4352,0,547,544,0,1,4368,0|108,4172362012,3,142745152,0,142606336,0,142606336,0,160459883,0,544,544,2743882186,3,2743882186,3,2080,3259524273,3,656773015,0,0,0,0,0
1788103808714|1001|formal_primary_1800s|fixed|108,1378943233,16781056,327178786,326698629,327178786,326698629,327178786,326698629,590629,588968,295037,294484,0,0,0,0,4294967295,4294967295,4096,4096,0,0,295037,295037,163919289,163919630,163919297,163919638,0,0,0,0,0,0,0,0,4096,256,131072,4,15|4,0,1800000000,262144,6867,0,0,0,0,4448,0,4432,0,557,554,0,1,4448,0|110,884340368,4,145410064,0,145227776,0,145227776,0,163494160,0,554,554,3036055786,3,3036055786,3,2080,3578681453,3,668659030,0,0,0,0,0
1788103808714|1001|formal_primary_1800s|rotating|108,1378943233,33555404,327253624,326773403,0,0,0,0,0,0,0,0,0,0,295104,294551,0,0,0,0,0,0,0,0,0,0,0,0,0,0,0,0,0,0,0,0,4096,256,131072,4,15|4,0,1800000000,262144,6867,0,0,0,0,4448,0,4432,0,557,554,0,1,4448,0|110,197587845,4,145438716,0,145227776,0,145227776,0,163489178,0,554,554,3039018895,3,3039018895,3,2080,3564159757,3,668806134,0,0,0,0,0
1788103813718|1001|formal_primary_1800s|fixed|110,1378943233,16781056,333244599,332755082,333244599,332755082,333244599,332755082,601573,599882,300504,299941,0,0,0,0,4294967295,4294967295,4096,4096,0,0,300504,300504,484178303,484178636,484178311,484178644,0,0,0,0,0,0,0,0,4096,256,131072,4,15|4,0,1800000000,262144,6867,0,0,0,0,4528,0,4512,0,567,564,0,1,4528,0|112,1204638685,4,148104616,0,147849216,0,147849216,0,166524988,0,564,564,3331302353,3,3331302353,3,2072,3883740797,3,680688126,0,0,0,0,0
1788103813718|1001|formal_primary_1800s|rotating|110,1378943233,33555404,333319658,332829967,0,0,0,0,0,0,0,0,0,0,300571,300008,0,0,0,0,0,0,0,0,0,0,0,0,0,0,0,0,0,0,0,0,4096,256,131072,4,15|4,0,1800000000,262144,6867,0,0,0,0,4532,0,4520,0,568,565,0,1,4532,0|112,517664823,4,148111360,0,148111360,0,148111360,0,166503347,0,565,565,3331822729,3,3331822729,3,2080,3867337268,3,682038809,0,0,0,0,0
1788103818720|1001|formal_primary_1800s|fixed|112,1378943233,16781056,339276118,338776955,339276118,338776955,339276118,338776955,612460,610736,305942,305368,0,0,0,0,4294967295,4294967295,4096,4096,0,0,305942,305942,804348087,804348412,804348095,804348420,0,0,0,0,0,0,0,0,4096,256,131072,4,15|4,0,1800000000,262144,6867,0,0,0,0,4616,0,4600,0,578,575,0,1,4616,0|114,1524811783,4,150783684,0,150732800,0,150732800,0,169538530,0,575,575,3623988149,3,3623988149,3,2080,4187150776,3,693920364,0,0,0,0,0
1788103818720|1001|formal_primary_1800s|rotating|112,1378943233,33555404,339351772,338852719,0,0,0,0,0,0,0,0,0,0,306010,305436,0,0,0,0,0,0,0,0,0,0,0,0,0,0,0,0,0,0,0,0,4096,256,131072,4,15|4,0,1800000000,262144,6867,0,0,0,0,4616,0,4600,0,578,575,0,1,4616,0|114,838055845,4,150811840,0,150732800,0,150732800,0,169532275,0,575,575,3626944658,3,3626944658,3,2080,4171953705,3,694070259,0,0,0,0,0
1788103823726|1001|formal_primary_1800s|fixed|114,1378943233,16780339,345344453,344837373,345344453,344837373,345344453,344837373,623410,621656,311411,310827,0,0,0,0,4294967295,4294967295,4096,4096,0,0,311412,311412,1124754488,1124754485,1124754496,1124754493,0,0,0,0,0,0,0,0,4096,256,131072,4,15|4,0,1800000000,262144,6867,0,0,0,0,4696,0,4680,0,588,585,0,1,4696,0|116,1845786792,4,153484164,0,153354240,0,153354240,0,172576441,0,585,585,3919907876,3,3919907876,3,2080,197919020,4,705949938,0,0,0,0,0
1788103823726|1001|formal_primary_1800s|rotating|114,1378943233,33555404,345438018,344930845,0,0,0,0,0,0,0,0,0,0,311495,310911,0,0,0,0,0,0,0,0,0,0,0,0,0,0,0,0,0,0,0,0,4096,256,131072,4,15|4,0,1800000000,262144,6867,0,0,0,0,4696,0,4680,0,588,585,0,1,4696,0|116,1160080922,4,153521708,0,153354240,0,153354240,0,172579881,0,585,585,3923913639,3,3923913639,3,2080,183453332,4,706098948,0,0,0,0,0
1788103828730|1001|formal_primary_1800s|fixed|116,1378943233,16780339,351413161,350897297,351413161,350897297,351413161,350897297,634360,632576,316881,316287,0,0,0,0,4294967295,4294967295,4096,4096,0,0,316882,316882,1445187507,1445187528,1445187515,1445187536,0,0,0,0,0,0,0,0,4096,256,131072,4,15|4,0,1800000000,262144,6867,0,0,0,0,4776,0,4760,0,598,595,0,1,4776,0|118,2165488008,4,156173280,0,155975680,0,155975680,0,175601248,0,595,595,4214564080,3,4214564080,3,2080,502381716,4,717978584,0,0,0,0,0
1788103828730|1001|formal_primary_1800s|rotating|116,1378943233,33558272,351474765,350958733,0,0,0,0,0,0,0,0,0,0,316937,316343,0,0,0,0,0,0,0,0,0,0,0,0,0,0,0,0,0,0,0,0,4096,256,131072,4,15|4,0,1800000000,262144,6867,0,0,0,0,4776,0,4760,0,598,595,0,1,4776,0|118,1478489987,4,156199464,0,155975680,0,155975680,0,175590950,0,595,595,4217267453,3,4217267453,3,2080,486303538,4,718134838,0,0,0,0,0
1788103833738|1001|formal_primary_1800s|fixed|118,1378943233,16780339,357484091,356958944,357484091,356958944,357484091,356958944,645314,643500,322353,321749,0,0,0,0,4294967295,4294967295,4096,4096,0,0,322354,322354,1765720721,1765720694,1765720689,1765720702,0,0,0,0,0,0,0,0,4096,256,131072,4,15|4,0,1800000000,262144,6867,0,0,0,0,4856,0,4840,0,608,606,0,1,4860,0|120,2485924772,4,158859264,0,158859264,0,158859264,0,178630904,0,606,606,213890782,4,213890782,4,2048,807400229,4,730186914,0,0,0,0,0
1788103833738|1001|formal_primary_1800s|rotating|118,1378943233,33555404,357532572,357006628,0,0,0,0,0,0,0,0,0,0,322398,321793,0,0,0,0,0,0,0,0,0,0,0,0,0,0,0,0,0,0,0,0,4096,256,131072,4,15|4,0,1800000000,262144,6867,0,0,0,0,4864,0,4848,0,609,606,0,1,4864,0|120,1800336147,4,158893352,0,158859264,0,158859264,0,178620782,0,606,606,216653112,4,216653112,4,2080,791034545,4,731369633,0,0,0,0,0
1788103838739|1001|formal_primary_1800s|fixed|120,1378943233,16780339,363514916,362979297,363514916,362979297,363514916,362979297,656199,654352,327790,327175,0,0,0,0,4294967295,4294967295,4096,4096,0,0,327791,327791,2085822771,2085822792,2085822779,2085822800,0,0,0,0,0,0,0,0,4096,256,131072,4,15|4,0,1800000000,262144,6867,0,0,0,0,4944,0,4928,0,619,616,0,1,4944,0|122,2806070081,4,161547888,0,161480704,0,161480704,0,181646790,0,616,616,507642705,4,507642705,4,2080,1110961934,4,743239680,0,0,0,0,0
1788103838739|1001|formal_primary_1800s|rotating|120,1378943233,33555404,363595083,363059461,0,0,0,0,0,0,0,0,0,0,327862,327247,0,0,0,0,0,0,0,0,0,0,0,0,0,0,0,0,0,0,0,0,4096,256,131072,4,15|4,0,1800000000,262144,6867,0,0,0,0,4944,0,4928,0,619,616,0,1,4944,0|122,2119274201,4,161575552,0,161480704,0,161480704,0,181637258,0,616,616,510538887,4,510538887,4,2080,1094414102,4,743401422,0,0,0,0,0
1788103843748|1001|formal_primary_1800s|fixed|122,1378943233,16780339,369584115,369041366,369584115,369041366,369584115,369041366,667153,665276,333262,332637,0,0,0,0,4294967295,4294967295,4096,4096,0,0,333263,333263,2406384756,2406384761,2406384764,2406384769,0,0,0,0,0,0,0,0,4096,256,131072,4,15|4,0,1800000000,262144,6867,0,0,0,0,5024,0,5008,0,629,626,0,1,5024,0|124,3127445672,4,164251828,0,164102144,0,164102144,0,184687627,0,626,626,803965949,4,803965949,4,2080,1417098282,4,755268998,0,0,0,0,0
1788103843748|1001|formal_primary_1800s|rotating|122,1378943233,33558272,369686680,369144017,0,0,0,0,0,0,0,0,0,0,333355,332730,0,0,0,0,0,0,0,0,0,0,0,0,0,0,0,0,0,0,0,0,4096,256,131072,4,15|4,0,1800000000,262144,6867,0,0,0,0,5024,0,5008,0,629,626,0,1,5024,0|124,2441923401,4,164290852,0,164102144,0,164102144,0,184690240,0,626,626,808126442,4,808126442,4,2080,1401504529,4,755434360,0,0,0,0,0
1788103848763|1001|formal_primary_1800s|fixed|124,1378943233,16780339,375663991,375112099,375663991,375112099,375663991,375112099,678123,676216,338742,338107,0,0,0,0,4294967295,4294967295,4096,4096,0,0,338743,338743,2727353016,2727353005,2727353024,2727353013,0,0,0,0,0,0,0,0,4096,256,131072,4,15|4,0,1800000000,262144,6867,0,0,0,0,5104,0,5088,0,639,636,0,1,5104,0|126,3447720552,4,166945884,0,166723584,0,166723584,0,187718292,0,636,636,1099187173,4,1099187173,4,2080,1722134604,4,767297661,0,0,0,0,0
1788103848763|1001|formal_primary_1800s|rotating|124,1378943233,33558272,375732205,375180364,0,0,0,0,0,0,0,0,0,0,338804,338169,0,0,0,0,0,0,0,0,0,0,0,0,0,0,0,0,0,0,0,0,4096,256,131072,4,15|4,0,1800000000,262144,6867,0,0,0,0,5104,0,5088,0,639,636,0,1,5104,0|126,2760691936,4,166971572,0,166723584,0,166723584,0,187705125,0,636,636,1101845587,4,1101845587,4,2080,1704713442,4,767463644,0,0,0,0,0
1788103853769|1001|formal_primary_1800s|fixed|126,1378943233,16781056,381716649,381155209,381716649,381155209,381716649,381155209,689053,687114,344203,343557,0,0,0,0,4294967295,4294967295,4096,4096,0,0,344203,344203,3047232925,3047232925,3047232933,3047232933,0,0,0,0,0,0,0,0,4096,256,131072,4,15|5,0,1800000000,262144,6867,0,0,0,0,5192,0,5176,0,650,647,0,1,5192,0|128,3768043716,4,169626436,0,169607168,0,169607168,0,190731289,0,647,647,1392023007,4,1392023007,4,2080,2025694379,4,780530178,0,0,0,0,0
1788103853769|1001|formal_primary_1800s|rotating|126,1378943233,33558272,381767732,381206180,0,0,0,0,0,0,0,0,0,0,344249,343603,0,0,0,0,0,0,0,0,0,0,0,0,0,0,0,0,0,0,0,0,4096,256,131072,4,15|4,0,1800000000,262144,6867,0,0,0,0,5192,0,5176,0,650,647,0,1,5192,0|128,3081329449,4,169655088,0,169607168,0,169607168,0,190720573,0,647,647,1394991936,4,1394991936,4,2080,2008234163,4,780699027,0,0,0,0,0
1788103858780|1001|formal_primary_1800s|fixed|128,1378943233,16780339,387768161,387196543,387768161,387196543,387768161,387196543,699972,698002,349656,349000,0,0,0,0,4294967295,4294967295,4096,4096,0,0,349657,349657,3368303234,3368303223,3368303210,3368303231,0,0,0,0,0,0,0,0,4096,256,131072,4,15|4,0,1800000000,262144,6867,0,0,0,0,5272,0,5256,0,660,657,0,1,5272,0|130,4088652557,4,172323456,0,172228608,0,172228608,0,193765303,0,657,657,1687583091,4,1687583091,4,2080,2331064293,4,792559152,0,0,0,0,0
1788103858780|1001|formal_primary_1800s|rotating|128,1378943233,33555404,387844020,387272381,0,0,0,0,0,0,0,0,0,0,349725,349068,0,0,0,0,0,0,0,0,0,0,0,0,0,0,0,0,0,0,0,0,4096,256,131072,4,15|4,0,1800000000,262144,6867,0,0,0,0,5272,0,5256,0,660,657,0,1,5272,0|130,3402643184,4,172358532,0,172228608,0,172228608,0,193761113,0,657,657,1691247806,4,1691247806,4,2080,2313991490,4,792731123,0,0,0,0,0
1788103863798|1001|formal_primary_1800s|fixed|130,1378943233,16781056,393848667,393267587,393848667,393267587,393848667,393267587,710948,708948,355140,354474,0,0,0,0,4294967295,4294967295,4096,4096,0,0,355140,355140,3689456840,3689457189,3689456848,3689457197,0,0,0,0,0,0,0,0,4096,256,131072,4,15|4,0,1800000000,262144,6867,0,0,0,0,5352,0,5336,0,670,667,0,1,5352,0|132,114982813,5,175026900,0,174850048,0,174850048,0,196804615,0,667,667,1983825968,4,1983825968,4,2080,2637123313,4,804587768,0,0,0,0,0
1788103863798|1001|formal_primary_1800s|rotating|130,1378943233,33555404,393925283,393344140,0,0,0,0,0,0,0,0,0,0,355208,354542,0,0,0,0,0,0,0,0,0,0,0,0,0,0,0,0,0,0,0,0,4096,256,131072,4,15|4,0,1800000000,262144,6867,0,0,0,0,5352,0,5336,0,670,667,0,1,5352,0|132,3722942016,4,175052588,0,174850048,0,174850048,0,196789582,0,667,667,1986491113,4,1986491113,4,2080,2618729200,4,804763197,0,0,0,0,0
1788103868802|1001|formal_primary_1800s|fixed|132,1378943233,16780339,399912908,399323737,399912908,399323737,399912908,399323737,721892,719862,360606,359930,0,0,0,0,4294967295,4294967295,4096,4096,0,0,360607,360607,4009708067,4009708056,4009708075,4009708064,0,0,0,0,0,0,0,0,4096,256,131072,4,15|4,0,1800000000,262144,6867,0,0,0,0,5432,0,5416,0,680,677,0,1,5432,0|134,435113348,5,177719476,0,177471488,0,177471488,0,199833517,0,677,677,2278904351,4,2278904351,4,2080,2942015001,4,816616752,0,0,0,0,0
1788103868802|1001|formal_primary_1800s|rotating|132,1378943233,33558272,399988544,399399380,0,0,0,0,0,0,0,0,0,0,360675,359999,0,0,0,0,0,0,0,0,0,0,0,0,0,0,0,0,0,0,0,0,4096,256,131072,4,15|4,0,1800000000,262144,6867,0,0,0,0,5436,0,5424,0,681,678,0,1,5436,0|134,4044124636,4,177733632,0,177733632,0,177733632,0,199812439,0,678,678,2280204944,4,2280204944,4,2080,2922816162,4,817995894,0,0,0,0,0
1788103873810|1001|formal_primary_1800s|fixed|134,1378943233,16780339,405950351,405350915,405950351,405350915,405950351,405350915,732793,730730,366051,365364,0,0,0,0,4294967295,4294967295,4096,4096,0,0,366052,366052,35305880,35305885,35305888,35305893,0,0,0,0,0,0,0,0,4096,256,131072,4,15|4,0,1800000000,262144,6867,0,0,0,0,5520,0,5504,0,691,688,0,1,5520,0|136,755871083,5,180403980,0,180355072,0,180355072,0,202851448,0,688,688,2572174418,4,2572174418,4,2080,3246010707,4,829847902,0,0,0,0,0
1788103873810|1001|formal_primary_1800s|rotating|134,1378943233,33555404,406026063,405426535,0,0,0,0,0,0,0,0,0,0,366120,365433,0,0,0,0,0,0,0,0,0,0,0,0,0,0,0,0,0,0,0,0,4096,256,131072,4,15|4,0,1800000000,262144,6867,0,0,0,0,5520,0,5504,0,691,688,0,1,5520,0|136,69087879,5,180432136,0,180355072,0,180355072,0,202837105,0,688,688,2575062515,4,2575062515,4,2080,3227169280,4,830025187,0,0,0,0,0
1788103878819|1001|formal_primary_1800s|fixed|136,1378943233,16780339,412021671,411413497,412021671,411413497,412021671,411413497,743749,741656,371524,370827,0,0,0,0,4294967295,4294967295,4096,4096,0,0,371525,371525,355868544,355868525,355868520,355868533,0,0,0,0,0,0,0,0,4096,256,131072,4,15|4,0,1800000000,262144,6867,0,0,0,0,5600,0,5584,0,701,698,0,1,5600,0|138,1076480953,5,183101000,0,182976512,0,182976512,0,205885706,0,698,698,2867730957,4,2867730957,4,2080,3551381970,4,841876572,0,0,0,0,0
1788103878819|1001|formal_primary_1800s|rotating|136,1378943233,33555404,412096945,411488701,0,0,0,0,0,0,0,0,0,0,371591,370894,0,0,0,0,0,0,0,0,0,0,0,0,0,0,0,0,0,0,0,0,4096,256,131072,4,15|4,0,1800000000,262144,6867,0,0,0,0,5600,0,5584,0,701,698,0,1,5600,0|138,389698414,5,183129160,0,182976512,0,182976512,0,205870819,0,698,698,2870620109,4,2870620109,4,2080,3532221835,4,842053946,0,0,0,0,0
1788103883834|1001|formal_primary_1800s|fixed|138,1378943233,16781056,418102448,417486966,418102448,417486966,418102448,417486966,754723,752600,377007,376300,0,0,0,0,4294967295,4294967295,4096,4096,0,0,377007,377007,676996670,676996987,676996678,676997003,0,0,0,0,0,0,0,0,4096,256,131072,4,15|4,0,1800000000,262144,6867,0,0,0,0,5680,0,5664,0,711,708,0,1,5680,0|140,1397447814,5,185801480,0,185597952,0,185597952,0,208922448,0,708,708,3163651831,4,3163651831,4,2080,3857109995,4,853905530,0,0,0,0,0
1788103883834|1001|formal_primary_1800s|rotating|138,1378943233,33558272,418182532,417567134,0,0,0,0,0,0,0,0,0,0,377079,376372,0,0,0,0,0,0,0,0,0,0,0,0,0,0,0,0,0,0,0,0,4096,256,131072,4,15|4,0,1800000000,262144,6867,0,0,0,0,5680,0,5664,0,711,708,0,1,5680,0|140,712131500,5,185842484,0,185597952,0,185597952,0,208921585,0,708,708,3167987104,4,3167987104,4,2080,3839096305,4,854091792,0,0,0,0,0
1788103888837|1001|formal_primary_1800s|fixed|140,1378943233,16781056,424181094,423556787,424181094,423556787,424181094,423556787,765697,763544,382489,381772,0,0,0,0,4294967295,4294967295,4096,4096,0,0,382489,382489,998092698,998093039,998092706,998093047,0,0,0,0,0,0,0,0,4096,256,131072,4,15|4,0,1800000000,262144,6867,0,0,0,0,5764,0,5752,0,722,719,0,1,5764,0|142,1718574105,5,188489440,0,188481536,0,188481536,0,211943932,0,719,719,3457290685,4,3457290685,4,2080,4161473207,4,867137774,0,0,0,0,0
1788103888837|1001|formal_primary_1800s|rotating|140,1378943233,33558272,424240007,423614885,0,0,0,0,0,0,0,0,0,0,382543,381825,0,0,0,0,0,0,0,0,0,0,0,0,0,0,0,0,0,0,0,0,4096,256,131072,4,15|4,0,1800000000,262144,6867,0,0,0,0,5768,0,5752,0,722,719,0,1,5768,0|142,1032299590,5,188521552,0,188481536,0,188481536,0,211932712,0,719,719,3460666538,4,3460666538,4,2080,4142150425,4,867325747,0,0,0,0,0
1788103893839|1001|formal_primary_1800s|fixed|142,1378943233,16781056,430190066,429556952,430190066,429556952,430190066,429556952,776552,774366,387911,387183,0,0,0,0,4294967295,4294967295,4096,4096,0,0,387911,387911,1317369515,1317369880,1317369531,1317369888,0,0,0,0,0,0,0,0,4096,256,131072,4,15|4,0,1800000000,262144,6867,0,0,0,0,5848,0,5832,0,732,729,0,1,5848,0|144,2037370841,5,191170160,0,191102976,0,191102976,0,214957290,0,729,729,3751039874,4,3751039874,4,2080,170063777,5,879166795,0,0,0,0,0
1788103893839|1001|formal_primary_1800s|rotating|142,1378943233,33555404,430254433,429621355,0,0,0,0,0,0,0,0,0,0,387969,387241,0,0,0,0,0,0,0,0,0,0,0,0,0,0,0,0,0,0,0,0,4096,256,131072,4,15|4,0,1800000000,262144,6867,0,0,0,0,5848,0,5832,0,732,729,0,1,5848,0|144,1350515482,5,191197332,0,191102976,0,191102976,0,214939931,0,729,729,3753829746,4,3753829746,4,2080,149837962,5,879359563,0,0,0,0,0
1788103898843|1001|formal_primary_1800s|fixed|144,1378943233,16780339,436254885,435613036,436254885,435613036,436254885,435613036,787497,785281,393378,392640,0,0,0,0,4294967295,4294967295,4096,4096,0,0,393379,393379,1637647537,1637647534,1637647497,1637647542,0,0,0,0,0,0,0,0,4096,256,131072,4,15|4,0,1800000000,262144,6867,0,0,0,0,5928,0,5912,0,742,739,0,1,5928,0|146,2357992530,5,193867184,0,193724416,0,193724416,0,217991262,0,739,739,4046610749,4,4046610749,4,2080,475446425,5,891195928,0,0,0,0,0
1788103898843|1001|formal_primary_1800s|rotating|144,1378943233,33555404,436337070,435695284,0,0,0,0,0,0,0,0,0,0,393452,392714,0,0,0,0,0,0,0,0,0,0,0,0,0,0,0,0,0,0,0,0,4096,256,131072,4,15|4,0,1800000000,262144,6867,0,0,0,0,5928,0,5912,0,742,739,0,1,5928,0|146,1671999922,5,193902256,0,193724416,0,193724416,0,217981667,0,739,739,4050257113,4,4050257113,4,2080,455765218,5,891390466,0,0,0,0,0
1788103903844|1001|formal_primary_1800s|fixed|146,1378943233,16780339,442316307,441666561,442316307,441666561,442316307,441666561,798440,796194,398844,398096,0,0,0,0,4294967295,4294967295,4096,4096,0,0,398845,398845,1957865555,1957865592,1957865563,1957865544,0,0,0,0,0,0,0,0,4096,256,131072,4,15|4,0,1800000000,262144,6867,0,0,0,0,6008,0,5992,0,752,749,0,1,6008,0|148,2677873275,5,196558276,0,196345856,0,196345856,0,221016523,0,749,749,46474785,5,46474785,5,2080,780088282,5,903224936,0,0,0,0,0
1788103903844|1001|formal_primary_1800s|rotating|146,1378943233,33558272,442381127,441731340,0,0,0,0,0,0,0,0,0,0,398903,398155,0,0,0,0,0,0,0,0,0,0,0,0,0,0,0,0,0,0,0,0,4096,256,131072,4,15|4,0,1800000000,262144,6867,0,0,0,0,6008,0,5992,0,752,749,0,1,6008,0|148,1991035884,5,196585448,0,196345856,0,196345856,0,220997672,0,749,749,49271474,5,49271474,5,2080,759241093,5,903424063,0,0,0,0,0
1788103908858|1001|formal_primary_1800s|fixed|148,1378943233,16780817,448389069,447730194,448389069,447730194,448389069,447730194,809396,807120,404317,403560,0,0,0,0,4294967295,4294967295,4096,4096,0,0,404318,404318,2278464402,2278460063,2278464378,2278460071,0,0,0,0,0,0,0,0,4096,256,131072,4,15|4,0,1800000000,262144,6867,0,0,0,0,6096,0,6080,0,763,760,0,1,6096,0|150,2999808799,5,199252660,0,199229440,0,199229440,0,224048043,0,760,760,340921608,5,340921608,5,2080,1085260736,5,916457138,0,0,0,0,0
1788103908858|1001|formal_primary_1800s|rotating|148,1378943233,33555404,448453364,447793784,0,0,0,0,0,0,0,0,0,0,404376,403617,0,0,0,0,0,0,0,0,0,0,0,0,0,0,0,0,0,0,0,0,4096,256,131072,4,15|4,0,1800000000,262144,6867,0,0,0,0,6096,0,6080,0,763,760,0,1,6096,0|150,2313170172,5,199281912,0,199229440,0,199229440,0,224030649,0,760,760,343912583,5,343912583,5,2080,1064261572,5,916658219,0,0,0,0,0
1788103913861|1001|formal_primary_1800s|fixed|150,1378943233,16780339,454417662,453750117,454417662,453750117,454417662,453750117,820290,817981,409759,408990,0,0,0,0,4294967295,4294967295,4096,4096,0,0,409760,409760,2598837397,2598837394,2598837357,2598837378,0,0,0,0,0,0,0,0,4096,256,131072,4,15|4,0,1800000000,262144,6867,0,0,0,0,6176,0,6160,0,773,770,0,1,6176,0|152,3320031224,5,201946716,0,201850880,0,201850880,0,227074721,0,770,770,636091497,5,636091497,5,2080,1390244367,5,928486044,0,0,0,0,0
1788103913861|1001|formal_primary_1800s|rotating|150,1378943233,33555404,454499684,453832329,0,0,0,0,0,0,0,0,0,0,409832,409063,0,0,0,0,0,0,0,0,0,0,0,0,0,0,0,0,0,0,0,0,4096,256,131072,4,15|4,0,1800000000,262144,6867,0,0,0,0,6176,0,6160,0,773,770,0,1,6176,0|152,2633235800,5,201974380,0,201850880,0,201850880,0,227054875,0,770,770,638924077,5,638924077,5,2080,1368767124,5,928689348,0,0,0,0,0
1788103918862|1001|formal_primary_1800s|fixed|152,1378943233,16780339,460474729,459799299,460474729,459799299,460474729,459799299,831228,828889,415223,414444,0,0,0,0,4294967295,4294967295,4096,4096,0,0,415224,415224,2918931400,2918931413,2918931408,2918931397,0,0,0,0,0,0,0,0,4096,256,131072,4,15|4,0,1800000000,262144,6867,0,0,0,0,6256,0,6240,0,783,780,0,1,6256,0|154,3639392760,5,204632376,0,204472320,0,204472320,0,230094018,0,780,780,930404108,5,930404108,5,2080,1694366884,5,940515171,0,0,0,0,0
1788103918862|1001|formal_primary_1800s|rotating|152,1378943233,33555404,460543402,459867938,0,0,0,0,0,0,0,0,0,0,415284,414505,0,0,0,0,0,0,0,0,0,0,0,0,0,0,0,0,0,0,0,0,4096,256,131072,4,15|4,0,1800000000,262144,6867,0,0,0,0,6256,0,6240,0,783,780,0,1,6256,0|154,2952216218,5,204657076,0,204472320,0,204472320,0,230069867,0,780,780,932852496,5,932852496,5,2080,1672188897,5,940720769,0,0,0,0,0
1788103923869|1001|formal_primary_1800s|fixed|154,1378943233,16781056,466535051,465851166,466535051,465851166,466535051,465851166,842173,839804,420691,419902,0,0,0,0,4294967295,4294967295,4096,4096,0,0,420691,420691,3239224482,3239224831,3239224490,3239224839,0,0,0,0,0,0,0,0,4096,256,131072,4,15|4,0,1800000000,262144,6867,0,0,0,0,6336,0,6320,0,793,790,0,1,6336,0|156,3959647860,5,207326436,0,207093760,0,207093760,0,233121377,0,790,790,1225612406,5,1225612406,5,2080,1999383274,5,952543997,0,0,0,0,0
1788103923869|1001|formal_primary_1800s|rotating|154,1378943233,33558272,466610508,465926508,0,0,0,0,0,0,0,0,0,0,420759,419970,0,0,0,0,0,0,0,0,0,0,0,0,0,0,0,0,0,0,0,0,4096,256,131072,4,15|4,0,1800000000,262144,6867,0,0,0,0,6336,0,6320,0,793,790,0,1,6336,0|156,3272874805,5,207354592,0,207093760,0,207093760,0,233100556,0,790,790,1228451257,5,1228451257,5,2064,1977288634,5,952756285,0,0,0,0,0
1788103928870|1001|formal_primary_1800s|fixed|156,1378943233,16781056,472567805,471873660,472567805,471873660,472567805,471873660,853063,850662,426131,425331,0,0,0,0,4294967295,4294967295,4096,4096,0,0,426131,426131,3557968064,3557968064,3557968072,3557968072,0,0,0,0,0,0,0,0,4096,256,131072,4,15|4,0,1800000000,262144,6867,0,0,0,0,6424,0,6408,0,804,801,0,1,6424,0|158,4279781704,5,210005504,0,209977344,0,209977344,0,236133713,0,801,801,1518263961,5,1518263961,5,2080,2302754387,5,965775845,0,0,0,0,0
1788103928870|1001|formal_primary_1800s|rotating|156,1378943233,33555404,472638538,471944393,0,0,0,0,0,0,0,0,0,0,426194,425394,0,0,0,0,0,0,0,0,0,0,0,0,0,0,0,0,0,0,0,0,4096,256,131072,4,15|4,0,1800000000,262144,6867,0,0,0,0,6424,0,6408,0,804,801,0,1,6424,0|158,3592818098,5,210031684,0,209977344,0,209977344,0,236110523,0,801,801,1520901046,5,1520901046,5,2080,2280115196,5,965995600,0,0,0,0,0
1788103933875|1001|formal_primary_1800s|fixed|158,1378943233,16780339,478627400,477925037,478627400,477925037,478627400,477925037,864002,861570,431595,430784,0,0,0,0,4294967295,4294967295,4096,4096,0,0,431595,431595,3879597000,3879597005,3879597008,3879597013,0,0,0,0,0,0,0,0,4096,256,131072,4,15|4,0,1800000000,262144,6867,0,0,0,0,6504,0,6488,0,814,811,0,1,6504,0|160,305091623,6,212699560,0,212598784,0,212598784,0,239163313,0,811,811,1813491011,5,1813491011,5,2080,2607792737,5,977804826,0,0,0,0,0
1788103933875|1001|formal_primary_1800s|rotating|158,1378943233,33555404,478703867,478001539,0,0,0,0,0,0,0,0,0,0,431663,430853,0,0,0,0,0,0,0,0,0,0,0,0,0,0,0,0,0,0,0,0,4096,256,131072,4,15|4,0,1800000000,262144,6867,0,0,0,0,6504,0,6488,0,814,811,0,1,6504,0|160,3913875891,5,212733152,0,212598784,0,212598784,0,239147239,0,811,811,1816902952,5,1816902952,5,2080,2585615854,5,978026223,0,0,0,0,0
1788103938888|1001|formal_primary_1800s|fixed|160,1378943233,16780339,484703847,483993689,484703847,483993689,484703847,483993689,874968,872506,437072,436252,0,0,0,0,4294967295,4294967295,4096,4096,0,0,437073,437073,4200451895,4200451868,4200451903,4200451876,0,0,0,0,0,0,0,0,4096,256,131072,4,15|4,0,1800000000,262144,6867,0,0,0,0,6584,0,6568,0,824,821,0,1,6584,0|162,625821878,6,215397572,0,215220224,0,215220224,0,242198607,0,821,821,2109171618,5,2109171618,5,2080,2913283905,5,989834027,0,0,0,0,0
1788103938888|1001|formal_primary_1800s|rotating|160,1378943233,33555404,484779080,484068794,0,0,0,0,0,0,0,0,0,0,437139,436319,0,0,0,0,0,0,0,0,0,0,0,0,0,0,0,0,0,0,0,0,4096,256,131072,4,15|4,0,1800000000,262144,6867,0,0,0,0,6584,0,6568,0,824,821,0,1,6584,0|162,4234282375,5,215428200,0,215220224,0,215220224,0,242178477,0,821,821,2112249826,5,2112249826,5,2080,2890461611,5,990062119,0,0,0,0,0
1788103943891|1001|formal_primary_1800s|fixed|162,1378943233,16781056,490770028,490051914,490770028,490051914,490770028,490051914,885910,883418,442539,441709,0,0,0,0,4294967295,4294967295,4096,4096,0,0,442539,442539,225705203,225705528,225705211,225705536,0,0,0,0,0,0,0,0,4096,256,131072,4,15|4,0,1800000000,262144,6867,0,0,0,0,6664,0,6648,0,834,831,0,1,6664,0|164,946176423,6,218092616,0,217841664,0,217841664,0,245230766,0,831,831,2404474807,5,2404474807,5,2080,3218400014,5,1001862588,0,0,0,0,0
1788103943891|1001|formal_primary_1800s|rotating|162,1378943233,33555404,490845041,490126895,0,0,0,0,0,0,0,0,0,0,442606,441776,0,0,0,0,0,0,0,0,0,0,0,0,0,0,0,0,0,0,0,0,4096,256,131072,4,15|4,0,1800000000,262144,6867,0,0,0,0,6668,0,6656,0,835,832,0,1,6668,0|164,259356399,6,218103808,0,218103808,0,218103808,0,245196364,0,832,832,2405356680,5,2405356680,5,2080,3193943690,5,1003063474,0,0,0,0,0
1788103948898|1001|formal_primary_1800s|fixed|164,1378943233,16780339,496806837,496080306,496806837,496080306,496806837,496080306,896811,894286,447983,447142,0,0,0,0,4294967295,4294967295,4096,4096,0,0,447984,447984,546233762,546233775,546233770,546233783,0,0,0,0,0,0,0,0,4096,256,131072,4,15|4,0,1800000000,262144,6867,0,0,0,0,6752,0,6736,0,845,842,0,1,6752,0|166,1266127472,6,220769708,0,220725248,0,220725248,0,248241595,0,842,842,2696942556,5,2696942556,5,2080,3521588360,5,1015094383,0,0,0,0,0
1788103948898|1001|formal_primary_1800s|rotating|164,1378943233,33557316,496881315,496154726,0,0,0,0,0,0,0,0,0,0,448050,447209,0,0,0,0,0,0,0,0,0,0,0,0,0,0,0,0,0,0,0,0,4096,256,131072,4,15|4,0,1800000000,262144,6867,0,0,0,0,6752,0,6736,0,845,842,0,1,6752,0|166,579924558,6,220802808,0,220725248,0,220725248,0,248223186,0,842,842,2700314773,5,2700314773,5,2080,3498398184,5,1015328176,0,0,0,0,0
1788103953898|1001|formal_primary_1800s|fixed|166,1378943233,16780339,502866842,502132200,502866842,502132200,502866842,502132200,907751,905196,453449,452597,0,0,0,0,4294967295,4294967295,4096,4096,0,0,453449,453449,866412465,866412566,866412473,866412574,0,0,0,0,0,0,0,0,4096,256,131072,4,15|4,0,1800000000,262144,6867,0,0,0,0,6832,0,6816,0,855,852,0,1,6832,0|168,1586696469,6,223466732,0,223346688,0,223346688,0,251273193,0,852,852,2992460846,5,2992460846,5,2080,3826918426,5,1027123420,0,0,0,0,0
1788103953898|1001|formal_primary_1800s|rotating|166,1378943233,33558272,502955893,502221341,0,0,0,0,0,0,0,0,0,0,453529,452678,0,0,0,0,0,0,0,0,0,0,0,0,0,0,0,0,0,0,0,0,4096,256,131072,4,15|4,0,1800000000,262144,6867,0,0,0,0,6832,0,6816,0,855,852,0,1,6832,0|168,902245474,6,223515144,0,223346688,0,223346688,0,251271796,0,852,852,2997576889,5,2997576889,5,2080,3805162044,5,1027358969,0,0,0,0,0
1788103958903|1001|formal_primary_1800s|fixed|168,1378943233,16780339,508928019,508184328,508928019,508184328,508928019,508184328,918691,916106,458913,458052,0,0,0,0,4294967295,4294967295,4096,4096,0,0,458914,458914,1186544364,1186544353,1186544372,1186544369,0,0,0,0,0,0,0,0,4096,256,131072,4,15|4,0,1800000000,262144,6867,0,0,0,0,6912,0,6896,0,865,862,0,1,6912,0|170,1906920170,6,226160296,0,225968128,0,225968128,0,254302510,0,862,862,3287633147,5,3287633147,5,2080,4131903222,5,1039152425,0,0,0,0,0
1788103958903|1001|formal_primary_1800s|rotating|168,1378943233,33555404,509003194,508259589,0,0,0,0,0,0,0,0,0,0,458981,458120,0,0,0,0,0,0,0,0,0,0,0,0,0,0,0,0,0,0,0,0,4096,256,131072,4,15|4,0,1800000000,262144,6867,0,0,0,0,6912,0,6896,0,865,862,0,1,6912,0|170,1220088565,6,226187960,0,225968128,0,225968128,0,254276289,0,862,862,3290370994,5,3290370994,5,2080,4107446422,5,1039389852,0,0,0,0,0
1788103963916|1001|formal_primary_1800s|fixed|170,1378943233,16780339,515007684,514253648,515007684,514253648,515007684,514253648,929661,927046,464393,463522,0,0,0,0,4294967295,4294967295,4096,4096,0,0,464394,464394,1507542574,1507542571,1507542582,1507542579,0,0,0,0,0,0,0,0,4096,256,131072,4,15|4,0,1800000000,262144,6867,0,0,0,0,6992,0,6984,0,876,873,0,1,6996,0|172,2228053561,6,228851712,0,228851712,0,228851712,0,257337439,0,873,873,3582523014,5,3582523014,5,2048,142550663,6,1051461146,0,0,0,0,0
1788103963916|1001|formal_primary_1800s|rotating|170,1378943233,33558272,515052257,514297501,0,0,0,0,0,0,0,0,0,0,464435,463563,0,0,0,0,0,0,0,0,0,0,0,0,0,0,0,0,0,0,0,0,4096,256,131072,4,15|5,0,1800000000,262144,6867,0,0,0,0,7000,0,6984,0,876,873,0,1,7000,0|172,1540866025,6,228872460,0,228851712,0,228851712,0,257294923,0,873,873,3583656642,5,3583656642,5,2080,116141490,6,1052625610,0,0,0,0,0
1788103968920|1001|formal_primary_1800s|fixed|172,1378943233,16780339,521041072,520277230,521041072,520277230,521041072,520277230,940551,937903,469833,468951,0,0,0,0,4294967295,4294967295,4096,4096,0,0,469834,469834,1827789072,1827789085,1827789080,1827789093,0,0,0,0,0,0,0,0,4096,256,131072,4,15|4,0,1800000000,262144,6867,0,0,0,0,7080,0,7064,0,886,883,0,1,7080,0|174,2547936038,6,231538856,0,231473152,0,231473152,0,260351792,0,883,883,3876113295,5,3876113295,5,2080,445950291,6,1064413110,0,0,0,0,0
1788103968920|1001|formal_primary_1800s|rotating|172,1378943233,33555404,521114432,520350552,0,0,0,0,0,0,0,0,0,0,469899,469017,0,0,0,0,0,0,0,0,0,0,0,0,0,0,0,0,0,0,0,0,4096,256,131072,4,15|4,0,1800000000,262144,6867,0,0,0,0,7080,0,7064,0,886,883,0,1,7080,0|174,1861818970,6,231572448,0,231473152,0,231473152,0,260331532,0,883,883,3879551133,5,3879551133,5,2080,421534285,6,1064659161,0,0,0,0,0
1788103973925|1001|formal_primary_1800s|fixed|174,1378943233,16780339,527106941,526333175,527106941,526333175,527106941,526333175,951499,948821,475302,474410,0,0,0,0,4294967295,4294967295,4096,4096,0,0,475303,475303,2148159033,2148159054,2148159041,2148159062,0,0,0,0,0,0,0,0,4096,256,131072,4,15|4,0,1800000000,262144,6867,0,0,0,0,7160,0,7144,0,896,893,0,1,7160,0|176,2868629310,6,234236864,0,234094592,0,234094592,0,263385596,0,893,893,4171754653,5,4171754653,5,2080,751404846,6,1076441959,0,0,0,0,0
1788103973925|1001|formal_primary_1800s|rotating|174,1378943233,33555404,527175169,526401466,0,0,0,0,0,0,0,0,0,0,475363,474471,0,0,0,0,0,0,0,0,0,0,0,0,0,0,0,0,0,0,0,0,4096,256,131072,4,15|4,0,1800000000,262144,6867,0,0,0,0,7160,0,7144,0,896,893,0,1,7160,0|176,2182179367,6,234267492,0,234094592,0,234094592,0,263361117,0,893,893,4174855271,5,4174855271,5,2080,726334662,6,1076691722,0,0,0,0,0
1788103978935|1001|formal_primary_1800s|fixed|176,1378943233,16780339,533181931,532399176,533181931,532399176,533181931,532399176,962456,959748,480775,479873,0,0,0,0,4294967295,4294967295,4096,4096,0,0,480776,480776,2468784376,2468784373,2468784384,2468784381,0,0,0,0,0,0,0,0,4096,256,131072,4,15|4,0,1800000000,262144,6867,0,0,0,0,7240,0,7224,0,906,903,0,1,7240,0|178,3188992565,6,236931416,0,236716032,0,236716032,0,266418075,0,903,903,172105556,6,172105556,6,2080,1056529208,6,1088470935,0,0,0,0,0
1788103978935|1001|formal_primary_1800s|rotating|176,1378943233,33555404,533249100,532466430,0,0,0,0,0,0,0,0,0,0,480836,479934,0,0,0,0,0,0,0,0,0,0,0,0,0,0,0,0,0,0,0,0,4096,256,131072,4,15|4,0,1800000000,262144,6867,0,0,0,0,7240,0,7224,0,906,903,0,1,7240,0|178,2501863251,6,236956612,0,236716032,0,236716032,0,266386024,0,903,903,174514019,6,174514019,6,2080,1030461636,6,1088727384,0,0,0,0,0
1788103983947|1001|formal_primary_1800s|fixed|178,1378943233,16781056,539247800,538456405,539247800,538456405,539247800,538456405,973408,970668,486247,485334,0,0,0,0,4294967295,4294967295,4096,4096,0,0,486247,486247,2789261422,2789261422,2789261430,2789261430,0,0,0,0,0,0,0,0,4096,256,131072,4,15|4,0,1800000000,262144,6867,0,0,0,0,7328,0,7312,0,917,914,0,1,7328,0|180,3510991354,6,239626788,0,239599616,0,239599616,0,269448588,0,914,914,466610871,6,466610871,6,2080,1361765071,6,1101702973,0,0,0,0,0
1788103983947|1001|formal_primary_1800s|rotating|178,1378943233,33555404,539310251,538518783,0,0,0,0,0,0,0,0,0,0,486303,485390,0,0,0,0,0,0,0,0,0,0,0,0,0,0,0,0,0,0,0,0,4096,256,131072,4,15|4,0,1800000000,262144,6867,0,0,0,0,7328,0,7312,0,917,914,0,1,7328,0|180,2823998442,6,239652968,0,239599616,0,239599616,0,269417358,0,914,914,469160559,6,469160559,6,2080,1335482849,6,1101956995,0,0,0,0,0
1788103988952|1001|formal_primary_1800s|fixed|180,1378943233,16780339,545285793,544486081,545285793,544486081,545285793,544486081,984307,981536,491690,490767,0,0,0,0,4294967295,4294967295,4096,4096,0,0,491691,491691,3109751072,3109751085,3109751080,3109751093,0,0,0,0,0,0,0,0,4096,256,131072,4,15|4,0,1800000000,262144,6867,0,0,0,0,7408,0,7392,0,927,924,0,1,7408,0|182,3830166914,6,242311460,0,242221056,0,242221056,0,272467755,0,924,924,760736580,6,760736580,6,2080,1665701568,6,1113732147,0,0,0,0,0
1788103988952|1001|formal_primary_1800s|rotating|180,1378943233,33555404,545361644,544562037,0,0,0,0,0,0,0,0,0,0,491758,490835,0,0,0,0,0,0,0,0,0,0,0,0,0,0,0,0,0,0,0,0,4096,256,131072,4,15|4,0,1800000000,262144,6867,0,0,0,0,7408,0,7392,0,927,924,0,1,7408,0|182,3143452442,6,242340112,0,242221056,0,242221056,0,272438799,0,924,924,763562045,6,763562045,6,2080,1639377672,6,1113987777,0,0,0,0,0
1788103993957|1001|formal_primary_1800s|fixed|182,1378943233,16780339,551349200,550540381,551349200,550540381,551349200,550540381,995253,992452,497158,496225,0,0,0,0,4294967295,4294967295,4096,4096,0,0,497159,497159,3430073093,3430073082,3430073101,3430073090,0,0,0,0,0,0,0,0,4096,256,131072,4,15|4,0,1800000000,262144,6867,0,0,0,0,7488,0,7472,0,937,934,0,1,7488,0|184,4150417803,6,245005516,0,244842496,0,244842496,0,275496566,0,934,934,1055933397,6,1055933397,6,2080,1970713481,6,1125761233,0,0,0,0,0
1788103993957|1001|formal_primary_1800s|rotating|182,1378943233,33555404,551419732,550610880,0,0,0,0,0,0,0,0,0,0,497221,496288,0,0,0,0,0,0,0,0,0,0,0,0,0,0,0,0,0,0,0,0,4096,256,131072,4,15|4,0,1800000000,262144,6867,0,0,0,0,7488,0,7472,0,937,934,0,1,7488,0|184,3463758460,6,245034664,0,244842496,0,244842496,0,275467548,0,934,934,1058813284,6,1058813284,6,2079,1944122143,6,1126019014,0,0,0,0,0
1788103998964|1001|formal_primary_1800s|fixed|184,1378943233,16780339,557418703,556600883,557418703,556600883,557418703,556600883,1006205,1003374,502629,501686,0,0,0,0,4294967295,4294967295,4096,4096,0,0,502630,502630,3750546008,3750546021,3750546016,3750546005,0,0,0,0,0,0,0,0,4096,256,131072,4,15|4,0,1800000000,262144,6867,0,0,0,0,7568,0,7552,0,947,944,0,1,7568,0|186,175910938,7,247701056,0,247463936,0,247463936,0,278528945,0,944,944,1351344623,6,1351344623,6,2080,2275935093,6,1137790123,0,0,0,0,0
1788103998964|1001|formal_primary_1800s|rotating|184,1378943233,33558272,557510496,556692723,0,0,0,0,0,0,0,0,0,0,502712,501769,0,0,0,0,0,0,0,0,0,0,0,0,0,0,0,0,0,0,0,0,4096,256,131072,4,15|4,0,1800000000,262144,6867,0,0,0,0,7572,0,7560,0,948,945,0,1,7572,0|186,3785027518,6,247726080,0,247726080,0,247726080,0,278502639,0,945,945,1353734405,6,1353734405,6,2080,2249422606,6,1138429815,0,0,0,0,0
1788104003974|1001|formal_primary_1800s|fixed|186,1378943233,16780339,563465466,562638477,563465466,562638477,563465466,562638477,1017115,1014251,508079,507125,0,0,0,0,4294967295,4294967295,4096,4096,0,0,508080,508080,4071375977,4071375966,4071375985,4071375974,0,0,0,0,0,0,0,0,4096,256,131072,4,15|4,0,1800000000,262144,6867,0,0,0,0,7656,0,7640,0,958,955,0,1,7656,0|188,496794546,7,250386548,0,250347520,0,250347520,0,281550516,0,955,955,1644744868,6,1644744868,6,2080,2580056294,6,1151021668,0,0,0,0,0
1788104003974|1001|formal_primary_1800s|rotating|186,1378943233,33558272,563534144,562707121,0,0,0,0,0,0,0,0,0,0,508141,507187,0,0,0,0,0,0,0,0,0,0,0,0,0,0,0,0,0,0,0,0,4096,256,131072,4,15|4,0,1800000000,262144,6867,0,0,0,0,7656,0,7640,0,958,955,0,1,7656,0|188,4104632898,6,250411740,0,250347520,0,250347520,0,281515314,0,955,955,1647139990,6,1647139990,6,2080,2552325495,6,1151287577,0,0,0,0,0
1788104008975|1001|formal_primary_1800s|fixed|188,1378943233,16780339,569523984,568689197,569523984,568689197,569523984,568689197,1028052,1025158,513542,512578,0,0,0,0,4294967295,4294967295,4096,4096,0,0,513543,513543,96452247,96452212,96452199,96452220,0,0,0,0,0,0,0,0,4096,256,131072,4,15|4,0,1800000000,262144,6867,0,0,0,0,7736,0,7720,0,968,965,0,1,7736,0|190,816685105,7,253077148,0,252968960,0,252968960,0,284576502,0,965,965,1939583017,6,1939583017,6,2080,2884707942,6,1163050671,0,0,0,0,0
1788104008975|1001|formal_primary_1800s|rotating|188,1378943233,33555404,569599191,568764367,0,0,0,0,0,0,0,0,0,0,513609,512645,0,0,0,0,0,0,0,0,0,0,0,0,0,0,0,0,0,0,0,0,4096,256,131072,4,15|4,0,1800000000,262144,6867,0,0,0,0,7736,0,7720,0,968,965,0,1,7736,0|190,129871372,7,253105304,0,252968960,0,252968960,0,284543815,0,965,965,1942292775,6,1942292775,6,2080,2856971996,6,1163317215,0,0,0,0,0
1788104013975|1001|formal_primary_1800s|fixed|190,1378943233,16780339,575581773,574737493,575581773,574737493,575581773,574737493,1038988,1036064,519005,518031,0,0,0,0,4294967295,4294967295,4096,4096,0,0,519006,519006,416503171,416503168,416503179,416503176,0,0,0,0,0,0,0,0,4096,256,131072,4,15|4,0,1800000000,262144,6867,0,0,0,0,7816,0,7800,0,978,975,0,1,7816,0|192,1137055974,7,255772192,0,255590400,0,255590400,0,287606098,0,975,975,2234898471,6,2234898471,6,2080,3189839244,6,1175080359,0,0,0,0,0
1788104013975|1001|formal_primary_1800s|rotating|190,1378943233,33555404,575652247,574808038,0,0,0,0,0,0,0,0,0,0,519069,518095,0,0,0,0,0,0,0,0,0,0,0,0,0,0,0,0,0,0,0,0,4096,256,131072,4,15|4,0,1800000000,262144,6867,0,0,0,0,7816,0,7800,0,978,975,0,1,7816,0|192,449847506,7,255796892,0,255590400,0,255590400,0,287568741,0,975,975,2237216970,6,2237216970,6,2080,3161388173,6,1175346363,0,0,0,0,0
1788104018981|1001|formal_primary_1800s|fixed|192,1378943233,16780339,581661481,580808323,581661481,580808323,581661481,580808323,1049960,1047006,524486,523502,0,0,0,0,4294967295,4294967295,4096,4096,0,0,524487,524487,737530843,737530824,737530851,737530832,0,0,0,0,0,0,0,0,4096,256,131072,4,15|4,0,1800000000,262144,6867,0,0,0,0,7896,0,7880,0,988,985,0,1,7896,0|194,1456888274,7,258462792,0,258211840,0,258211840,0,290631659,0,985,985,2529682051,6,2529682051,6,2080,3494433048,6,1187108961,0,0,0,0,0
1788104018981|1001|formal_primary_1800s|rotating|192,1378943233,33556360,581719720,580866701,0,0,0,0,0,0,0,0,0,0,524539,523555,0,0,0,0,0,0,0,0,0,0,0,0,0,0,0,0,0,0,0,0,4096,256,131072,4,15|4,0,1800000000,262144,6867,0,0,0,0,7900,0,7888,0,989,986,0,1,7900,0|194,770352115,7,258473984,0,258473984,0,258473984,0,290587256,0,986,986,2530525151,6,2530525151,6,2080,3465071225,6,1188582563,0,0,0,0,0
1788104024011|1001|formal_primary_1800s|fixed|194,1378943233,16780339,587707844,586845647,587707844,586845647,587707844,586845647,1060879,1057892,529941,528946,0,0,0,0,4294967295,4294967295,4096,4096,0,0,529941,529941,1058617218,1058617535,1058617226,1058617543,0,0,0,0,0,0,0,0,4096,256,131072,4,15|4,0,1800000000,262144,6867,0,0,0,0,7984,0,7968,0,999,996,0,1,7984,0|196,1779005982,7,261159152,0,261095424,0,261095424,0,293662861,0,996,996,2824313829,6,2824313829,6,2080,3799787980,6,1200340840,0,0,0,0,0
1788104024011|1001|formal_primary_1800s|rotating|194,1378943233,33555404,587782213,586920041,0,0,0,0,0,0,0,0,0,0,530007,529012,0,0,0,0,0,0,0,0,0,0,0,0,0,0,0,0,0,0,0,0,4096,256,131072,4,15|4,0,1800000000,262144,6867,0,0,0,0,7984,0,7968,0,999,996,0,1,7984,0|196,1092269062,7,261187308,0,261095424,0,261095424,0,293629028,0,996,996,2827086248,6,2827086248,6,2080,3771136879,6,1200616231,0,0,0,0,0
1788104029013|1001|formal_primary_1800s|fixed|196,1378943233,16780339,593775139,592904414,593775139,592904414,593775139,592904414,1071825,1068808,535408,534403,0,0,0,0,4294967295,4294967295,4096,4096,0,0,535409,535409,1378912655,1378912676,1378912663,1378912644,0,0,0,0,0,0,0,0,4096,256,131072,4,15|4,0,1800000000,262144,6867,0,0,0,0,8064,0,8048,0,1009,1006,0,1,8064,0|198,2099265814,7,263853208,0,263716864,0,263716864,0,296694118,0,1006,1006,3119520513,6,3119520513,6,2080,4104809243,6,1212369523,0,0,0,0,0
1788104029013|1001|formal_primary_1800s|rotating|196,1378943233,33558272,593854728,592984106,0,0,0,0,0,0,0,0,0,0,535480,534475,0,0,0,0,0,0,0,0,0,0,0,0,0,0,0,0,0,0,0,0,4096,256,131072,4,15|4,0,1800000000,262144,6867,0,0,0,0,8064,0,8048,0,1009,1006,0,1,8064,0|198,1413454419,7,263889764,0,263716864,0,263716864,0,296668694,0,1006,1006,3123214322,6,3123214322,6,2080,4076760672,6,1212647989,0,0,0,0,0
1788104034018|1001|formal_primary_1800s|fixed|198,1378943233,16780339,599837169,598957146,599837169,598957146,599837169,598957146,1082767,1079720,540874,539859,0,0,0,0,4294967295,4294967295,4096,4096,0,0,540875,540875,1699124817,1699124822,1699124825,1699124838,0,0,0,0,0,0,0,0,4096,256,131072,4,15|4,0,1800000000,262144,6867,0,0,0,0,8144,0,8128,0,1019,1016,0,1,8144,0|200,2419439576,7,266546280,0,266338304,0,266338304,0,299722419,0,1016,1016,3414644938,6,3414644938,6,2080,114776891,7,1224398454,0,0,0,0,0
1788104034018|1001|formal_primary_1800s|rotating|198,1378943233,33555404,599911442,599031464,0,0,0,0,0,0,0,0,0,0,540941,539926,0,0,0,0,0,0,0,0,0,0,0,0,0,0,0,0,0,0,0,0,4096,256,131072,4,15|4,0,1800000000,262144,6867,0,0,0,0,8144,0,8128,0,1019,1016,0,1,8144,0|200,1732682726,7,266574436,0,266338304,0,266338304,0,299687048,0,1016,1016,3417389331,6,3417389331,6,2080,85463470,7,1224680182,0,0,0,0,0
1788104039026|1001|formal_primary_1800s|fixed|200,1378943233,16780339,605902302,605013334,605902302,605013334,605902302,605013334,1093721,1090644,546346,545321,0,0,0,0,4294967295,4294967295,4096,4096,0,0,546347,546347,2019654197,2019654202,2019654205,2019654210,0,0,0,0,0,0,0,0,4096,256,131072,4,15|5,0,1800000000,262144,6867,0,0,0,0,8232,0,8216,0,1030,1027,0,1,8232,0|202,2740778361,7,269235720,0,269221888,0,269221888,0,302744922,0,1027,1027,3708495181,6,3708495181,6,2080,419353050,7,1237630210,0,0,0,0,0
1788104039026|1001|formal_primary_1800s|rotating|200,1378943233,33556360,605967316,605077622,0,0,0,0,0,0,0,0,0,0,546406,545380,0,0,0,0,0,0,0,0,0,0,0,0,0,0,0,0,0,0,0,0,4096,256,131072,4,15|4,0,1800000000,262144,6867,0,0,0,0,8232,0,8216,0,1030,1027,0,1,8232,0|202,2054384993,7,269267336,0,269221888,0,269221888,0,302712167,0,1027,1027,3711599331,6,3711599331,6,2080,390050432,7,1237914315,0,0,0,0,0
1788104044051|1001|formal_primary_1800s|fixed|202,1378943233,16780339,611953745,611055639,611953745,611055639,611953745,611055639,1104661,1101550,551811,550775,0,0,0,0,4294967295,4294967295,4096,4096,0,0,551812,551812,2341310663,2341310668,2341310671,2341310676,0,0,0,0,0,0,0,0,4096,256,131072,4,15|4,0,1800000000,262144,6867,0,0,0,0,8312,0,8296,0,1040,1037,0,1,8312,0|204,3061713479,7,271935708,0,271843328,0,271843328,0,305777204,0,1037,1037,4004379138,6,4004379138,6,2080,725049605,7,1249658886,0,0,0,0,0
1788104044051|1001|formal_primary_1800s|rotating|202,1378943233,33558272,612028228,611130161,0,0,0,0,0,0,0,0,0,0,551878,550842,0,0,0,0,0,0,0,0,0,0,0,0,0,0,0,0,0,0,0,0,4096,256,131072,4,15|4,0,1800000000,262144,6867,0,0,0,0,8312,0,8296,0,1040,1037,0,1,8312,0|204,2375112339,7,271965348,0,271843328,0,271843328,0,305742127,0,1037,1037,4007271380,6,4007271380,6,2080,695220549,7,1249945210,0,0,0,0,0
1788104049053|1001|formal_primary_1800s|fixed|204,1378943233,16780339,618016713,617110095,618016713,617110095,618016713,617110095,1115604,1112464,557277,556231,0,0,0,0,4294967295,4294967295,4096,4096,0,0,557278,557278,2661550404,2661550409,2661550412,2661550417,0,0,0,0,0,0,0,0,4096,256,131072,4,15|4,0,1800000000,262144,6867,0,0,0,0,8392,0,8376,0,1050,1047,0,1,8392,0|206,3381884757,7,274629272,0,274464768,0,274464768,0,308805618,0,1047,1047,4528718,7,4528718,7,2080,1029981958,7,1261687932,0,0,0,0,0
1788104049053|1001|formal_primary_1800s|rotating|204,1378943233,33555404,618089622,617183115,0,0,0,0,0,0,0,0,0,0,557343,556297,0,0,0,0,0,0,0,0,0,0,0,0,0,0,0,0,0,0,0,0,4096,256,131072,4,15|4,0,1800000000,262144,6867,0,0,0,0,8392,0,8376,0,1050,1047,0,1,8392,0|206,2695546311,7,274660888,0,274464768,0,274464768,0,308772427,0,1047,1047,7685243,7,7685243,7,2080,1000094675,7,1261974230,0,0,0,0,0
1788104054068|1001|formal_primary_1800s|fixed|206,1378943233,16780339,624094171,623177777,624094171,623177777,624094171,623177777,1126576,1123406,562758,561702,0,0,0,0,4294967295,4294967295,4096,4096,0,0,562759,562759,2982575504,2982575501,2982575512,2982575509,0,0,0,0,0,0,0,0,4096,256,131072,4,15|4,0,1800000000,262144,6867,0,0,0,0,8472,0,8456,0,1060,1057,0,1,8472,0|208,3703147976,7,277332220,0,277086208,0,277086208,0,311844204,0,1057,1057,300744545,7,300744545,7,2080,1336006893,7,1273716335,0,0,0,0,0
1788104054068|1001|formal_primary_1800s|rotating|206,1378943233,33555404,624161741,623245424,0,0,0,0,0,0,0,0,0,0,562819,561763,0,0,0,0,0,0,0,0,0,0,0,0,0,0,0,0,0,0,0,0,4096,256,131072,4,15|4,0,1800000000,262144,6867,0,0,0,0,8472,0,8456,0,1060,1057,0,1,8472,0|208,3015910176,7,277348352,0,277348352,0,277348352,0,311800676,0,1058,1058,302109387,7,302109387,7,2048,1304900648,7,1274009965,0,0,0,0,0
1788104059068|1001|formal_primary_1800s|fixed|208,1378943233,16781056,630124138,629198574,630124138,629198574,630124138,629198574,1137459,1134256,568195,567128,0,0,0,0,4294967295,4294967295,4096,4096,0,0,568195,568195,3302647559,3302647892,3302647567,3302647900,0,0,0,0,0,0,0,0,4096,256,131072,4,15|4,0,1800000000,262144,6867,0,0,0,0,8560,0,8544,0,1071,1068,0,1,8560,0|210,4022801066,7,280006844,0,279969792,0,279969792,0,314852902,0,1068,1068,592915506,7,592915506,7,2080,1638897749,7,1286947674,0,0,0,0,0
1788104059068|1001|formal_primary_1800s|rotating|208,1378943233,33555404,630195066,629269477,0,0,0,0,0,0,0,0,0,0,568258,567191,0,0,0,0,0,0,0,0,0,0,0,0,0,0,0,0,0,0,0,0,4096,256,131072,4,15|4,0,1800000000,262144,6867,0,0,0,0,8560,0,8544,0,1071,1068,0,1,8560,0|210,3336120325,7,280035496,0,279969792,0,279969792,0,314814633,0,1068,1068,595710381,7,595710381,7,2080,1607997322,7,1287244577,0,0,0,0,0
1788104064069|1001|formal_primary_1800s|fixed|210,1378943233,16780339,636179944,635246206,636179944,635246206,636179944,635246206,1148395,1145162,573657,572580,0,0,0,0,4294967295,4294967295,4096,4096,0,0,573658,573658,3622653356,3622653337,3622653316,3622653353,0,0,0,0,0,0,0,0,4096,256,131072,4,15|4,0,1800000000,262144,6867,0,0,0,0,8640,0,8624,0,1081,1078,0,1,8640,0|212,48781068,8,282706828,0,282591232,0,282591232,0,317888203,0,1078,1078,888810183,7,888810183,7,2080,1944605873,7,1298976965,0,0,0,0,0
1788104064069|1001|formal_primary_1800s|rotating|210,1378943233,33555404,636282140,635348401,0,0,0,0,0,0,0,0,0,0,573748,572671,0,0,0,0,0,0,0,0,0,0,0,0,0,0,0,0,0,0,0,0,4096,256,131072,4,15|4,0,1800000000,262144,6867,0,0,0,0,8640,0,8624,0,1081,1078,0,1,8640,0|212,3658133515,7,282744868,0,282591232,0,282591232,0,317860275,0,1078,1078,892664364,7,892664364,7,2080,1914451370,7,1299276503,0,0,0,0,0
1788104069080|1001|formal_primary_1800s|fixed|212,1378943233,16781056,642252652,641309556,642252652,641309556,642252652,641309556,1159349,1156086,579130,578043,0,0,0,0,4294967295,4294967295,4096,4096,0,0,579130,579130,3943221118,3943221467,3943221126,3943221475,0,0,0,0,0,0,0,0,4096,256,131072,4,15|4,0,1800000000,262144,6867,0,0,0,0,8720,0,8704,0,1091,1088,0,1,8720,0|214,368569359,8,285396440,0,285212672,0,285212672,0,320914429,0,1088,1088,1183547992,7,1183547992,7,2080,2249155675,7,1311005574,0,0,0,0,0
1788104069080|1001|formal_primary_1800s|rotating|212,1378943233,33555404,642326422,641383201,0,0,0,0,0,0,0,0,0,0,579196,578109,0,0,0,0,0,0,0,0,0,0,0,0,0,0,0,0,0,0,0,0,4096,256,131072,4,15|4,0,1800000000,262144,6867,0,0,0,0,8720,0,8704,0,1091,1088,0,1,8720,0|214,3976862891,7,285425588,0,285212672,0,285212672,0,320875069,0,1088,1088,1186344091,7,1186344091,7,2080,2217622859,7,1311306056,0,0,0,0,0
1788104074089|1001|formal_primary_1800s|fixed|214,1378943233,16780339,648321832,647370500,648321832,647370500,648321832,647370500,1170309,1167016,584604,583507,0,0,0,0,4294967295,4294967295,4096,4096,0,0,584605,584605,4263926221,4263926226,4263926229,4263926234,0,0,0,0,0,0,0,0,4096,256,131072,4,15|4,0,1800000000,262144,6867,0,0,0,0,8800,0,8784,0,1101,1098,0,1,8800,0|216,688316926,8,288086052,0,287834112,0,287834112,0,323937312,0,1098,1098,1478239844,7,1478239844,7,2080,2553664197,7,1323034712,0,0,0,0,0
1788104074089|1001|formal_primary_1800s|rotating|214,1378943233,33555404,648373983,647422639,0,0,0,0,0,0,0,0,0,0,584652,583555,0,0,0,0,0,0,0,0,0,0,0,0,0,0,0,0,0,0,0,0,4096,256,131072,4,15|4,0,1800000000,262144,6867,0,0,0,0,8804,0,8792,0,1102,1099,0,1,8804,0|216,1434906,8,288096256,0,288096256,0,288096256,0,323884177,0,1099,1099,1478905509,7,1478905509,7,2080,2520550126,7,1324352048,0,0,0,0,0
1788104079092|1001|formal_primary_1800s|fixed|216,1378943233,16781056,654348693,653387826,654348693,653387826,654348693,653387826,1181192,1177866,590041,588933,0,0,0,0,4294967295,4294967295,4096,4096,0,0,590041,590041,289017370,289017695,289017378,289017703,0,0,0,0,0,0,0,0,4096,256,131072,4,15|4,0,1800000000,262144,6867,0,0,0,0,8888,0,8872,0,1112,1109,0,1,8888,0|218,1009375878,8,290773024,0,290717696,0,290717696,0,326958361,0,1109,1109,1771809161,7,1771809161,7,2080,2857960067,7,1336266911,0,0,0,0,0
1788104079092|1001|formal_primary_1800s|rotating|216,1378943233,33555404,654424878,653463901,0,0,0,0,0,0,0,0,0,0,590109,589001,0,0,0,0,0,0,0,0,0,0,0,0,0,0,0,0,0,0,0,0,4096,256,131072,4,15|4,0,1800000000,262144,6867,0,0,0,0,8888,0,8872,0,1112,1109,0,1,8888,0|218,322759430,8,290802664,0,290717696,0,290717696,0,326918237,0,1109,1109,1774667316,7,1774667316,7,2080,2825809736,7,1336567557,0,0,0,0,0
1788104084106|1001|formal_primary_1800s|fixed|218,1378943233,16780339,660428769,659459075,660428769,659459075,660428769,659459075,1192166,1188810,595523,594405,0,0,0,0,4294967295,4294967295,4096,4096,0,0,595523,595523,610112502,610112835,610112510,610112843,0,0,0,0,0,0,0,0,4096,256,131072,4,15|4,0,1800000000,262144,6867,0,0,0,0,8968,0,8952,0,1122,1119,0,1,8968,0|220,1329396852,8,293465108,0,293339136,0,293339136,0,329985412,0,1119,1119,2066780397,7,2066780397,7,2080,3162742737,7,1348295336,0,0,0,0,0
1788104084106|1001|formal_primary_1800s|rotating|218,1378943233,33555404,660480262,659510499,0,0,0,0,0,0,0,0,0,0,595569,594451,0,0,0,0,0,0,0,0,0,0,0,0,0,0,0,0,0,0,0,0,4096,256,131072,4,15|4,0,1800000000,262144,6867,0,0,0,0,8968,0,8952,0,1122,1119,0,1,8968,0|220,642680262,8,293493760,0,293339136,0,293339136,0,329943651,0,1119,1119,2069536016,7,2069536016,7,2080,3130173974,7,1348597037,0,0,0,0,0
1788104089112|1001|formal_primary_1800s|fixed|220,1378943233,16780339,666495507,665516243,666495507,665516243,666495507,665516243,1203110,1199724,600989,599861,0,0,0,0,4294967295,4294967295,4096,4096,0,0,600990,600990,930341399,930341380,930341407,930341396,0,0,0,0,0,0,0,0,4096,256,131072,4,15|4,0,1800000000,262144,6867,0,0,0,0,9048,0,9032,0,1132,1129,0,1,9048,0|222,1650634283,8,296167564,0,295960576,0,295960576,0,333026653,0,1129,1129,2362963211,7,2362963211,7,2078,3468741418,7,1360324216,0,0,0,0,0
1788104089112|1001|formal_primary_1800s|rotating|220,1378943233,33555404,666570072,665590776,0,0,0,0,0,0,0,0,0,0,601056,599928,0,0,0,0,0,0,0,0,0,0,0,0,0,0,0,0,0,0,0,0,4096,256,131072,4,15|4,0,1800000000,262144,6867,0,0,0,0,9048,0,9032,0,1132,1129,0,1,9048,0|222,963844275,8,296195720,0,295960576,0,295960576,0,332983150,0,1129,1129,2365644628,7,2365644628,7,2080,3435779000,7,1360626984,0,0,0,0,0
1788104094118|1001|formal_primary_1800s|fixed|222,1378943233,16780339,672564175,671575795,672564175,671575795,672564175,671575795,1214064,1210648,606462,605324,0,0,0,0,4294967295,4294967295,4096,4096,0,0,606462,606462,1250908814,1250909139,1250908822,1250909147,0,0,0,0,0,0,0,0,4096,256,131072,4,15|4,0,1800000000,262144,6867,0,0,0,0,9132,0,9120,0,1143,1140,0,1,9132,0|224,1971248989,8,298844160,0,298844160,0,298844160,0,336043717,0,1140,1140,2656169627,7,2656169627,7,2080,3772668378,7,1373555808,0,0,0,0,0
1788104094118|1001|formal_primary_1800s|rotating|222,1378943233,33555404,672614254,671625072,0,0,0,0,0,0,0,0,0,0,606508,605368,0,0,0,0,0,0,0,0,0,0,0,0,0,0,0,0,0,0,0,0,4096,256,131072,4,15|4,0,1800000000,262144,6867,0,0,0,0,9136,0,9120,0,1143,1140,0,1,9136,0|224,1285393239,8,298887140,0,298844160,0,298844160,0,336008469,0,1140,1140,2659700036,7,2659700036,7,2080,3740213466,7,1373862786,0,0,0,0,0
1788104099125|1001|formal_primary_1800s|fixed|224,1378943233,16780339,678602754,677604768,678602754,677604768,678602754,677604768,1224962,1221512,611905,610756,0,0,0,0,4294967295,4294967295,4096,4096,0,0,611906,611906,1571376208,1571376197,1571376168,1571376205,0,0,0,0,0,0,0,0,4096,256,131072,4,15|4,0,1800000000,262144,6867,0,0,0,0,9216,0,9200,0,1153,1150,0,1,9216,0|226,2291838552,8,301547604,0,301465600,0,301465600,0,339077296,0,1150,1150,2951630699,7,2951630699,7,2080,4077944106,7,1385585030,0,0,0,0,0
1788104099125|1001|formal_primary_1800s|rotating|224,1378943233,33555404,678670283,677672329,0,0,0,0,0,0,0,0,0,0,611965,610816,0,0,0,0,0,0,0,0,0,0,0,0,0,0,0,0,0,0,0,0,4096,256,131072,4,15|4,0,1800000000,262144,6867,0,0,0,0,9216,0,9200,0,1153,1150,0,1,9216,0|226,1604645285,8,301572304,0,301465600,0,301465600,0,339028527,0,1150,1150,2953900293,7,2953900293,7,2080,4043907078,7,1385893380,0,0,0,0,0
1788104104140|1001|formal_primary_1800s|fixed|226,1378943233,16781056,684682981,683676025,684682981,683676025,684682981,683676025,1235931,1232452,617385,616226,0,0,0,0,4294967295,4294967295,4096,4096,0,0,617385,617385,1892342104,1892342461,1892342112,1892342469,0,0,0,0,0,0,0,0,4096,256,131072,4,15|4,0,1800000000,262144,6867,0,0,0,0,9296,0,9280,0,1163,1160,0,1,9296,0|228,2612700158,8,304247096,0,304087040,0,304087040,0,342113906,0,1160,1160,3247438878,7,3247438878,7,2080,88598998,8,1397614560,0,0,0,0,0
1788104104140|1001|formal_primary_1800s|rotating|226,1378943233,33558272,684750631,683743784,0,0,0,0,0,0,0,0,0,0,617446,616287,0,0,0,0,0,0,0,0,0,0,0,0,0,0,0,0,0,0,0,0,4096,256,131072,4,15|4,0,1800000000,262144,6867,0,0,0,0,9296,0,9280,0,1163,1160,0,1,9296,0|228,1925673349,8,304273224,0,304087040,0,304087040,0,342066475,0,1160,1160,3249869048,7,3249869048,7,2080,54405805,8,1397927537,0,0,0,0,0
1788104109148|1001|formal_primary_1800s|fixed|228,1378943233,16780339,690747868,689732543,690747868,689732543,690747868,689732543,1246879,1243370,622853,621684,0,0,0,0,4294967295,4294967295,4096,4096,0,0,622854,622854,2212710342,2212710355,2212710350,2212710363,0,0,0,0,0,0,0,0,4096,256,131072,4,15|4,0,1800000000,262144,6867,0,0,0,0,9376,0,9360,0,1173,1170,0,1,9376,0|230,2933790612,8,306948564,0,306708480,0,306708480,0,345151433,0,1170,1170,3543474051,7,3543474051,7,2080,394450810,8,1409643306,0,0,0,0,0
1788104109148|1001|formal_primary_1800s|rotating|228,1378943233,33555404,690846406,689830904,0,0,0,0,0,0,0,0,0,0,622942,621773,0,0,0,0,0,0,0,0,0,0,0,0,0,0,0,0,0,0,0,0,4096,256,131072,4,15|4,0,1800000000,262144,6867,0,0,0,0,9380,0,9368,0,1174,1171,0,1,9380,0|230,2248225244,8,306970624,0,306970624,0,306970624,0,345107057,0,1171,1171,3545465766,7,3545465766,7,2080,360380414,8,1410944111,0,0,0,0,0
1788104114176|1001|formal_primary_1800s|fixed|230,1378943233,16780339,696812118,695787634,696812118,695787634,696812118,695787634,1257826,1254284,628322,627142,0,0,0,0,4294967295,4294967295,4096,4096,0,0,628322,628322,2534555319,2534555628,2534555327,2534555636,0,0,0,0,0,0,0,0,4096,256,131072,4,15|4,0,1800000000,262144,6867,0,0,0,0,9464,0,9448,0,1184,1181,0,1,9464,0|232,3254912963,8,309636032,0,309592064,0,309592064,0,348174122,0,1181,1181,3837113912,7,3837113912,7,2080,698810432,8,1422875175,0,0,0,0,0
1788104114176|1001|formal_primary_1800s|rotating|230,1378943233,33558272,696885492,695860959,0,0,0,0,0,0,0,0,0,0,628388,627208,0,0,0,0,0,0,0,0,0,0,0,0,0,0,0,0,0,0,0,0,4096,256,131072,4,15|4,0,1800000000,262144,6867,0,0,0,0,9464,0,9448,0,1184,1181,0,1,9464,0|232,2568116166,8,309664188,0,309592064,0,309592064,0,348127633,0,1181,1181,3839763610,7,3839763610,7,2080,664177409,8,1423193231,0,0,0,0,0
1788104119179|1001|formal_primary_1800s|fixed|232,1378943233,16780339,702873502,701841173,702873502,701841173,702873502,701841173,1268766,1265194,633786,632596,0,0,0,0,4294967295,4294967295,4096,4096,0,0,633787,633787,2854673168,2854673173,2854673176,2854673181,0,0,0,0,0,0,0,0,4096,256,131072,4,15|4,0,1800000000,262144,6867,0,0,0,0,9544,0,9528,0,1194,1191,0,1,9544,0|234,3575065727,8,312329100,0,312213504,0,312213504,0,351203466,0,1191,1191,4132216158,7,4132216158,7,2080,1003724305,8,1434904153,0,0,0,0,0
1788104119179|1001|formal_primary_1800s|rotating|232,1378943233,33555404,702949692,701917266,0,0,0,0,0,0,0,0,0,0,633854,632664,0,0,0,0,0,0,0,0,0,0,0,0,0,0,0,0,0,0,0,0,4096,256,131072,4,15|4,0,1800000000,262144,6867,0,0,0,0,9544,0,9528,0,1194,1191,0,1,9544,0|234,2888291749,8,312357260,0,312213504,0,312213504,0,351156509,0,1191,1191,4134883428,7,4134883428,7,2080,968793305,8,1435225794,0,0,0,0,0
1788104124181|1001|formal_primary_1800s|fixed|234,1378943233,16780339,708938089,707895731,708938089,707895731,708938089,707895731,1279712,1276110,639254,638054,0,0,0,0,4294967295,4294967295,4096,4096,0,0,639255,639255,3175001165,3175001170,3175001181,3175001178,0,0,0,0,0,0,0,0,4096,256,131072,4,15|4,0,1800000000,262144,6867,0,0,0,0,9624,0,9608,0,1204,1201,0,1,9624,0|236,3894413255,8,315015256,0,314834944,0,314834944,0,354223200,0,1201,1201,131546172,8,131546172,8,2080,1307833113,8,1446932982,0,0,0,0,0
1788104124181|1001|formal_primary_1800s|rotating|234,1378943233,33555404,708990008,707947586,0,0,0,0,0,0,0,0,0,0,639301,638101,0,0,0,0,0,0,0,0,0,0,0,0,0,0,0,0,0,0,0,0,4096,256,131072,4,15|4,0,1800000000,262144,6867,0,0,0,0,9624,0,9608,0,1204,1201,0,1,9624,0|236,3207495193,8,315041932,0,314834944,0,314834944,0,354173897,0,1201,1201,134067947,8,134067947,8,2080,1272437506,8,1447256308,0,0,0,0,0
1788104129184|1001|formal_primary_1800s|fixed|236,1378943233,16780339,714998275,713947341,714998275,713947341,714998275,713947341,1290648,1287016,644717,643507,0,0,0,0,4294967295,4294967295,4096,4096,0,0,644718,644718,3495039195,3495039176,3495039179,3495039184,0,0,0,0,0,0,0,0,4096,256,131072,4,15|4,0,1800000000,262144,6867,0,0,0,0,9704,0,9688,0,1214,1211,0,1,9704,0|238,4215474946,8,317716228,0,317456384,0,317456384,0,357261403,0,1211,1211,427559924,8,427559924,8,2054,1613656119,8,1458961763,0,0,0,0,0
1788104129184|1001|formal_primary_1800s|rotating|236,1378943233,33558272,715069721,714018035,0,0,0,0,0,0,0,0,0,0,644783,643572,0,0,0,0,0,0,0,0,0,0,0,0,0,0,0,0,0,0,0,0,4096,256,131072,4,15|4,0,1800000000,262144,6867,0,0,0,0,9712,0,9696,0,1215,1212,0,1,9712,0|238,3528573545,8,317729012,0,317718528,0,317718528,0,357195797,0,1212,1212,427649491,8,427649491,8,2080,1576401655,8,1460496438,0,0,0,0,0
1788104134190|1001|formal_primary_1800s|fixed|238,1378943233,16781056,721037755,719977019,721037755,719977019,721037755,719977019,1301549,1297884,650163,648942,0,0,0,0,4294967295,4294967295,4096,4096,0,0,650163,650163,3815612896,3815613213,3815612904,3815613221,0,0,0,0,0,0,0,0,4096,256,131072,4,15|4,0,1800000000,262144,6867,0,0,0,0,9792,0,9776,0,1225,1222,0,1,9792,0|240,241217226,9,320400236,0,320339968,0,320339968,0,360280006,0,1222,1222,720784140,8,720784140,8,2080,1917602803,8,1472193792,0,0,0,0,0
1788104134190|1001|formal_primary_1800s|rotating|238,1378943233,33555404,721106740,720045921,0,0,0,0,0,0,0,0,0,0,650225,649004,0,0,0,0,0,0,0,0,0,0,0,0,0,0,0,0,0,0,0,0,4096,256,131072,4,15|4,0,1800000000,262144,6867,0,0,0,0,9792,0,9776,0,1225,1222,0,1,9792,0|240,3848944030,8,320423980,0,320339968,0,320339968,0,360226307,0,1222,1222,722966197,8,722966197,8,2080,1881214259,8,1472526530,0,0,0,0,0
1788104139195|1001|formal_primary_1800s|fixed|240,1378943233,16781056,727102209,726032813,727102209,726032813,727102209,726032813,1312489,1308794,655628,654397,0,0,0,0,4294967295,4294967295,4096,4096,0,0,655628,655628,4135760506,4135760863,4135760514,4135760871,0,0,0,0,0,0,0,0,4096,256,131072,4,15|4,0,1800000000,262144,6867,0,0,0,0,9872,0,9856,0,1235,1232,0,1,9872,0|242,561341964,9,323093308,0,322961408,0,322961408,0,363309909,0,1232,1232,1015856077,8,1015856077,8,2080,2222488396,8,1484223055,0,0,0,0,0
1788104139195|1001|formal_primary_1800s|rotating|240,1378943233,33555404,727180006,726110484,0,0,0,0,0,0,0,0,0,0,655697,654466,0,0,0,0,0,0,0,0,0,0,0,0,0,0,0,0,0,0,0,0,4096,256,131072,4,15|4,0,1800000000,262144,6867,0,0,0,0,9872,0,9856,0,1235,1232,0,1,9872,0|242,4170243943,8,323127392,0,322961408,0,322961408,0,363267183,0,1232,1232,1019208533,8,1019208533,8,2080,2186953236,8,1484558311,0,0,0,0,0
1788104144200|1001|formal_primary_1800s|fixed|242,1378943233,16780339,733170486,732092889,733170486,732092889,733170486,732092889,1323439,1319714,661097,659856,0,0,0,0,4294967295,4294967295,4096,4096,0,0,661098,661098,161213749,161213770,161213757,161213754,0,0,0,0,0,0,0,0,4096,256,131072,4,15|4,0,1800000000,262144,6867,0,0,0,0,9952,0,9936,0,1245,1242,0,1,9952,0|244,881623069,9,325787364,0,325582848,0,325582848,0,366340557,0,1242,1242,1311086346,8,1311086346,8,2080,2527530592,8,1496252064,0,0,0,0,0
1788104144200|1001|formal_primary_1800s|rotating|242,1378943233,33555404,733244891,732167221,0,0,0,0,0,0,0,0,0,0,661164,659923,0,0,0,0,0,0,0,0,0,0,0,0,0,0,0,0,0,0,0,0,4096,256,131072,4,15|4,0,1800000000,262144,6867,0,0,0,0,9952,0,9936,0,1245,1242,0,1,9952,0|244,194834718,9,325815524,0,325582848,0,325582848,0,366289922,0,1242,1242,1313712999,8,1313712999,8,2080,2490952495,8,1496589970,0,0,0,0,0
1788104149205|1001|formal_primary_1800s|fixed|244,1378943233,16780339,739238187,738151637,739238187,738151637,739238187,738151637,1334389,1330634,666568,665317,0,0,0,0,4294967295,4294967295,4096,4096,0,0,666568,666568,481645874,481646215,481645882,481646223,0,0,0,0,0,0,0,0,4096,256,131072,4,15|4,0,1800000000,262144,6867,0,0,0,0,10032,0,10016,0,1255,1252,0,1,10032,0|246,1201101291,9,328466432,0,328466432,0,328466432,0,369361784,0,1253,1253,1604592643,8,1604592643,8,2048,2831763283,8,1508287659,0,0,0,0,0
1788104149205|1001|formal_primary_1800s|rotating|244,1378943233,33558272,739267211,738179927,0,0,0,0,0,0,0,0,0,0,666595,665343,0,0,0,0,0,0,0,0,0,0,0,0,0,0,0,0,0,0,0,0,4096,256,131072,4,15|5,0,1800000000,262144,6867,0,0,0,0,10040,0,10024,0,1256,1253,0,1,10040,0|246,514193794,9,328487180,0,328466432,0,328466432,0,369294298,0,1253,1253,1605587767,8,1605587767,8,2080,2793196149,8,1509821448,0,0,0,0,0
1788104154210|1001|formal_primary_1800s|fixed|246,1378943233,16780339,745271340,744175640,745271340,744175640,745271340,744175640,1345276,1341488,672005,670743,0,0,0,0,4294967295,4294967295,4096,4096,0,0,672006,672006,801797652,801797625,801797660,801797633,0,0,0,0,0,0,0,0,4096,256,131072,4,15|4,0,1800000000,262144,6867,0,0,0,0,10120,0,10104,0,1266,1263,0,1,10120,0|248,1522230587,9,331161972,0,331087872,0,331087872,0,372386745,0,1263,1263,1899151675,8,1899151675,8,2080,3136136684,8,1521512642,0,0,0,0,0
1788104154210|1001|formal_primary_1800s|rotating|246,1378943233,33555404,745346089,744250715,0,0,0,0,0,0,0,0,0,0,672073,670811,0,0,0,0,0,0,0,0,0,0,0,0,0,0,0,0,0,0,0,0,4096,256,131072,4,15|4,0,1800000000,262144,6867,0,0,0,0,10120,0,10104,0,1266,1263,0,1,10120,0|248,836192773,9,331196552,0,331087872,0,331087872,0,372342280,0,1263,1263,1902530296,8,1902530296,8,2080,3099636399,8,1521850692,0,0,0,0,0
1788104159222|1001|formal_primary_1800s|fixed|248,1378943233,16780339,751345481,750241618,751345481,750241618,751345481,750241618,1356240,1352422,677482,676210,0,0,0,0,4294967295,4294967295,4096,4096,0,0,677483,677483,1122624226,1122624271,1122624234,1122624255,0,0,0,0,0,0,0,0,4096,256,131072,4,15|4,0,1800000000,262144,6867,0,0,0,0,10200,0,10184,0,1276,1273,0,1,10200,0|250,1843200954,9,333862452,0,333709312,0,333709312,0,375423078,0,1273,1273,2195070980,8,2195070980,8,2080,3441868034,8,1533541721,0,0,0,0,0
1788104159222|1001|formal_primary_1800s|rotating|248,1378943233,33555404,751420194,750316210,0,0,0,0,0,0,0,0,0,0,677550,676278,0,0,0,0,0,0,0,0,0,0,0,0,0,0,0,0,0,0,0,0,4096,256,131072,4,15|4,0,1800000000,262144,6867,0,0,0,0,10200,0,10184,0,1276,1273,0,1,10200,0|250,1156991011,9,333895552,0,333709312,0,333709312,0,375376010,0,1273,1273,2198270039,8,2198270039,8,2080,3404875144,8,1533884547,0,0,0,0,0
1788104164229|1001|formal_primary_1800s|fixed|250,1378943233,16781056,757425131,756311742,757425131,756311742,757425131,756311742,1367224,1363376,682970,681688,0,0,0,0,4294967295,4294967295,4096,4096,0,0,682970,682970,1444006590,1444006907,1444006598,1444006915,0,0,0,0,0,0,0,0,4096,256,131072,4,15|4,0,1800000000,262144,6867,0,0,0,0,10280,0,10264,0,1286,1283,0,1,10280,0|252,2164926366,9,336569356,0,336330752,0,336330752,0,378464023,0,1283,1283,2491745389,8,2491745389,8,2080,3748354577,8,1545570688,0,0,0,0,0
1788104164229|1001|formal_primary_1800s|rotating|250,1378943233,33555404,757520180,756406721,0,0,0,0,0,0,0,0,0,0,683055,681773,0,0,0,0,0,0,0,0,0,0,0,0,0,0,0,0,0,0,0,0,4096,256,131072,4,15|4,0,1800000000,262144,6867,0,0,0,0,10280,0,10264,0,1286,1283,0,1,10284,0|252,1478820344,9,336592896,0,336592896,0,336592896,0,378413709,0,1284,1284,2493840231,8,2493840231,8,2048,3710826620,8,1546205130,0,0,0,0,0
1788104169232|1001|formal_primary_1800s|fixed|252,1378943233,16781056,763448158,762326182,763448158,762326182,763448158,762326182,1378108,1374228,688407,687114,0,0,0,0,4294967295,4294967295,4096,4096,0,0,688407,688407,1762582166,1762582166,1762582174,1762582174,0,0,0,0,0,0,0,0,4096,256,131072,4,15|5,0,1800000000,262144,6867,0,0,0,0,10368,0,10352,0,1297,1294,0,1,10368,0|254,2483691896,9,339236072,0,339214336,0,339214336,0,381459966,0,1294,1294,2783027041,8,2783027041,8,2080,4050357381,8,1558802504,0,0,0,0,0
1788104169232|1001|formal_primary_1800s|rotating|252,1378943233,33558272,763508374,762386333,0,0,0,0,0,0,0,0,0,0,688461,687168,0,0,0,0,0,0,0,0,0,0,0,0,0,0,0,0,0,0,0,0,4096,256,131072,4,15|4,0,1800000000,262144,6867,0,0,0,0,10368,0,10352,0,1297,1294,0,1,10368,0|254,1796608711,9,339261268,0,339214336,0,339214336,0,381403063,0,1294,1294,2785346745,8,2785346745,8,2080,4011821868,8,1559149281,0,0,0,0,0
1788104174232|1001|formal_primary_1800s|fixed|254,1378943233,16780339,769496236,768365616,769496236,768365616,769496236,768365616,1389015,1385104,693854,692551,0,0,0,0,4294967295,4294967295,4096,4096,0,0,693855,693855,2083314030,2083314027,2083313990,2083313995,0,0,0,0,0,0,0,0,4096,256,131072,4,15|4,0,1800000000,262144,6867,0,0,0,0,10448,0,10432,0,1307,1304,0,1,10448,0|256,2803679578,9,341927660,0,341835776,0,341835776,0,384489808,0,1304,1304,3077962945,8,3077962945,8,2080,60138615,9,1570831774,0,0,0,0,0
1788104174232|1001|formal_primary_1800s|rotating|254,1378943233,33555404,769572234,768441596,0,0,0,0,0,0,0,0,0,0,693923,692620,0,0,0,0,0,0,0,0,0,0,0,0,0,0,0,0,0,0,0,0,4096,256,131072,4,15|4,0,1800000000,262144,6867,0,0,0,0,10448,0,10432,0,1307,1304,0,1,10448,0|256,2116943170,9,341956312,0,341835776,0,341835776,0,384435625,0,1304,1304,3080625018,8,3080625018,8,2080,21628048,9,1571181814,0,0,0,0,0
1788104179238|1001|formal_primary_1800s|fixed|256,1378943233,16781056,775562784,774424610,775562784,774424610,775562784,774424610,1399971,1396030,699328,698015,0,0,0,0,4294967295,4294967295,4096,4096,0,0,699328,699328,2403912847,2403913156,2403912855,2403913164,0,0,0,0,0,0,0,0,4096,256,131072,4,15|4,0,1800000000,262144,6867,0,0,0,0,10528,0,10512,0,1317,1314,0,1,10528,0|258,3124256593,9,344624684,0,344457216,0,344457216,0,387520807,0,1314,1314,3373492761,8,3373492761,8,2080,365477023,9,1582860481,0,0,0,0,0
1788104179238|1001|formal_primary_1800s|rotating|256,1378943233,33555404,775629434,774491281,0,0,0,0,0,0,0,0,0,0,699388,698075,0,0,0,0,0,0,0,0,0,0,0,0,0,0,0,0,0,0,0,0,4096,256,131072,4,15|4,0,1800000000,262144,6867,0,0,0,0,10528,0,10512,0,1317,1314,0,1,10528,0|258,2437174680,9,344649876,0,344457216,0,344457216,0,387462576,0,1314,1314,3375799022,8,3375799022,8,2080,326302282,9,1583215994,0,0,0,0,0
1788104184248|1001|formal_primary_1800s|fixed|258,1378943233,16780339,781630645,780483057,781630645,780483057,781630645,780483057,1410922,1406951,704798,703475,0,0,0,0,4294967295,4294967295,4096,4096,0,0,704799,704799,2724360551,2724360564,2724360559,2724360572,0,0,0,0,0,0,0,0,4096,256,131072,4,15|4,0,1800000000,262144,6867,0,0,0,0,10608,0,10592,0,1327,1324,0,1,10608,0|260,3445403626,9,347326644,0,347078656,0,347078656,0,390559498,0,1324,1324,3669589953,8,3669589953,8,2080,671385702,9,1594888910,0,0,0,0,0
1788104184248|1001|formal_primary_1800s|rotating|258,1378943233,33555404,781724633,780577078,0,0,0,0,0,0,0,0,0,0,704882,703559,0,0,0,0,0,0,0,0,0,0,0,0,0,0,0,0,0,0,0,0,4096,256,131072,4,15|4,0,1800000000,262144,6867,0,0,0,0,10612,0,10600,0,1328,1325,0,1,10612,0|260,2758953063,9,347340800,0,347340800,0,347340800,0,390496428,0,1325,1325,3670623297,8,3670623297,8,2080,631507946,9,1596233157,0,0,0,0,0
1788104189262|1001|formal_primary_1800s|fixed|260,1378943233,16780339,787677868,786521963,787677868,786521963,787677868,786521963,1421836,1417832,710249,708915,0,0,0,0,4294967295,4294967295,4096,4096,0,0,710250,710250,3045256846,3045256827,3045256822,3045256835,0,0,0,0,0,0,0,0,4096,256,131072,4,15|4,0,1800000000,262144,6867,0,0,0,0,10696,0,10680,0,1338,1335,0,1,10696,0|262,3765724236,9,350007196,0,349962240,0,349962240,0,393575465,0,1335,1335,3962427848,8,3962427848,8,2080,974943240,9,1608121099,0,0,0,0,0
1788104189262|1001|formal_primary_1800s|rotating|260,1378943233,33555404,787749426,786593409,0,0,0,0,0,0,0,0,0,0,710313,708979,0,0,0,0,0,0,0,0,0,0,0,0,0,0,0,0,0,0,0,0,4096,256,131072,4,15|4,0,1800000000,262144,6867,0,0,0,0,10696,0,10680,0,1338,1335,0,1,10696,0|262,3078867704,9,350034364,0,349962240,0,349962240,0,393518102,0,1335,1335,3964938578,8,3964938578,8,2080,935320918,9,1608488565,0,0,0,0,0
1788104194266|1001|formal_primary_1800s|fixed|262,1378943233,16780339,793739626,792574618,793739626,792574618,793739626,792574618,1432780,1428746,715716,714372,0,0,0,0,4294967295,4294967295,4096,4096,0,0,715717,715717,3365541431,3365541412,3365541439,3365541420,0,0,0,0,0,0,0,0,4096,256,131072,4,15|4,0,1800000000,262144,6867,0,0,0,0,10776,0,10760,0,1348,1345,0,1,10776,0|264,4085918125,9,352700264,0,352583680,0,352583680,0,396603016,0,1345,1345,4257570297,8,4257570297,8,2080,1279898009,9,1620150319,0,0,0,0,0
1788104194266|1001|formal_primary_1800s|rotating|262,1378943233,33555404,793815323,792650278,0,0,0,0,0,0,0,0,0,0,715785,714440,0,0,0,0,0,0,0,0,0,0,0,0,0,0,0,0,0,0,0,0,4096,256,131072,4,15|4,0,1800000000,262144,6867,0,0,0,0,10776,0,10760,0,1348,1345,0,1,10776,0|264,3399000765,9,352727436,0,352583680,0,352583680,0,396544315,0,1345,1345,4260015501,8,4260015501,8,2080,1239893225,9,1620521501,0,0,0,0,0
1788104199277|1001|formal_primary_1800s|fixed|264,1378943233,16780339,799815525,798641440,799815525,798641440,799815525,798641440,1443746,1439682,721194,719840,0,0,0,0,4294967295,4294967295,4096,4096,0,0,721195,721195,3686402988,3686402993,3686402996,3686402945,0,0,0,0,0,0,0,0,4096,256,131072,4,15|4,0,1800000000,262144,6867,0,0,0,0,10856,0,10840,0,1358,1355,0,1,10856,0|266,111690234,10,355398768,0,355205120,0,355205120,0,399637470,0,1355,1355,258295862,9,258295862,9,2080,1585398830,9,1632179001,0,0,0,0,0
1788104199277|1001|formal_primary_1800s|rotating|264,1378943233,33555404,799887527,798713401,0,0,0,0,0,0,0,0,0,0,721259,719905,0,0,0,0,0,0,0,0,0,0,0,0,0,0,0,0,0,0,0,0,4096,256,131072,4,15|4,0,1800000000,262144,6867,0,0,0,0,10856,0,10840,0,1358,1355,0,1,10856,0|266,3721148358,9,355438288,0,355205120,0,355205120,0,399592336,0,1355,1355,262133250,9,262133250,9,2080,1546483821,9,1632556449,0,0,0,0,0
1788104204285|1001|formal_primary_1800s|fixed|266,1378943233,16780339,805898320,804714382,805898320,804714382,805898320,804714382,1454723,1450629,726678,725314,0,0,0,0,4294967295,4294967295,4096,4096,0,0,726679,726679,4007592309,4007592290,4007592317,4007592298,0,0,0,0,0,0,0,0,4096,256,131072,4,15|4,0,1800000000,262144,6867,0,0,0,0,10936,0,10920,0,1368,1365,0,1,10936,0|268,432068655,10,358088704,0,357826560,0,357826560,0,402668362,0,1366,1365,553027660,9,553027660,9,2048,1890538478,9,1644207932,0,0,0,0,0
1788104204285|1001|formal_primary_1800s|rotating|266,1378943233,33558272,805933771,804749130,0,0,0,0,0,0,0,0,0,0,726711,725346,0,0,0,0,0,0,0,0,0,0,0,0,0,0,0,0,0,0,0,0,4096,256,131072,4,15|4,0,1800000000,262144,6867,0,0,0,0,10944,0,10928,0,1369,1366,0,1,10944,0|268,4040728509,9,358111924,0,358088704,0,358088704,0,402598440,0,1366,1366,554228285,9,554228285,9,2080,1848949789,9,1645788255,0,0,0,0,0
1788104209285|1001|formal_primary_1800s|fixed|268,1378943233,16780339,811907852,810713953,811907852,810713953,811907852,810713953,1465575,1461448,732098,730723,0,0,0,0,4294967295,4294967295,4096,4096,0,0,732099,732099,31821614,31821619,31821582,31821611,0,0,0,0,0,0,0,0,4096,256,131072,4,15|4,0,1800000000,262144,6867,0,0,0,0,11024,0,11008,0,1379,1376,0,1,11024,0|270,752248533,10,360772884,0,360710144,0,360710144,0,405680338,0,1376,1376,846318511,9,846318511,9,2080,2193956026,9,1657439379,0,0,0,0,0
1788104209285|1001|formal_primary_1800s|rotating|268,1378943233,33555404,811975888,810781965,0,0,0,0,0,0,0,0,0,0,732160,730785,0,0,0,0,0,0,0,0,0,0,0,0,0,0,0,0,0,0,0,0,4096,256,131072,4,15|4,0,1800000000,262144,6867,0,0,0,0,11024,0,11008,0,1379,1376,0,1,11024,0|270,65376321,10,360800052,0,360710144,0,360710144,0,405620008,0,1376,1376,848787676,9,848787676,9,2080,2153006140,9,1657821980,0,0,0,0,0
1788104214296|1001|formal_primary_1800s|fixed|270,1378943233,16780339,817983118,816781028,817983118,816781028,817983118,816781028,1476541,1472384,737576,736191,0,0,0,0,4294967295,4294967295,4096,4096,0,0,737577,737577,352667130,352667127,352667082,352667111,0,0,0,0,0,0,0,0,4096,256,131072,4,15|4,0,1800000000,262144,6867,0,0,0,0,11104,0,11088,0,1389,1386,0,1,11104,0|272,1073143724,10,363472868,0,363331584,0,363331584,0,408716517,0,1386,1386,1142159082,9,1142159082,9,2080,2499612203,9,1669468478,0,0,0,0,0
1788104214296|1001|formal_primary_1800s|rotating|270,1378943233,33555404,818051490,816849414,0,0,0,0,0,0,0,0,0,0,737637,736252,0,0,0,0,0,0,0,0,0,0,0,0,0,0,0,0,0,0,0,0,4096,256,131072,4,15|4,0,1800000000,262144,6867,0,0,0,0,11104,0,11088,0,1389,1386,0,1,11104,0|272,386022953,10,363497568,0,363331584,0,363331584,0,408653138,0,1386,1386,1144380363,9,1144380363,9,2080,2458093773,9,1669851607,0,0,0,0,0
1788104219309|1001|formal_primary_1800s|fixed|272,1378943233,16780339,824056076,822845350,824056076,822845350,824056076,822845350,1487501,1483314,743051,741656,0,0,0,0,4294967295,4294967295,4096,4096,0,0,743052,743052,673375061,673375066,673375069,673375082,0,0,0,0,0,0,0,0,4096,256,131072,4,15|4,0,1800000000,262144,6867,0,0,0,0,11184,0,11168,0,1399,1396,0,1,11184,0|274,1393811253,10,366170384,0,365953024,0,365953024,0,411750440,0,1396,1396,1437775489,9,1437775489,9,2080,2805040965,9,1681497358,0,0,0,0,0
1788104219309|1001|formal_primary_1800s|rotating|272,1378943233,33558272,824132433,822921686,0,0,0,0,0,0,0,0,0,0,743120,741725,0,0,0,0,0,0,0,0,0,0,0,0,0,0,0,0,0,0,0,0,4096,256,131072,4,15|4,0,1800000000,262144,6867,0,0,0,0,11184,0,11168,0,1399,1396,0,1,11184,0|274,707018095,10,366198544,0,365953024,0,365953024,0,411689677,0,1396,1396,1440318910,9,1440318910,9,2080,2763530764,9,1681883010,0,0,0,0,0
1788104224319|1001|formal_primary_1800s|fixed|274,1378943233,16781056,830127340,828907302,830127340,828907302,830127340,828907302,1498453,1494234,748523,747117,0,0,0,0,4294967295,4294967295,4096,4096,0,0,748523,748523,993876867,993876867,993876875,993876875,0,0,0,0,0,0,0,0,4096,256,131072,4,15|5,0,1800000000,262144,6867,0,0,0,0,11272,0,11256,0,1410,1407,0,1,11272,0|276,1714314893,10,368852416,0,368836608,0,368836608,0,414768343,0,1407,1407,1730794109,9,1730794109,9,2080,3108781821,9,1694729221,0,0,0,0,0
1788104224319|1001|formal_primary_1800s|rotating|274,1378943233,33555404,830174689,828954596,0,0,0,0,0,0,0,0,0,0,748565,747159,0,0,0,0,0,0,0,0,0,0,0,0,0,0,0,0,0,0,0,0,4096,256,131072,4,15|4,0,1800000000,262144,6867,0,0,0,0,11272,0,11256,0,1410,1407,0,1,11272,0|276,1028429789,10,368888480,0,368836608,0,368836608,0,414716013,0,1407,1407,1734237310,9,1734237310,9,2080,3067827204,9,1695118899,0,0,0,0,0
1788104229331|1001|formal_primary_1800s|fixed|276,1378943233,16781056,836169922,834941330,836169922,834941330,836169922,834941330,1509368,1505118,753975,752559,0,0,0,0,4294967295,4294967295,4096,4096,0,0,753975,753975,1314836431,1314836748,1314836439,1314836756,0,0,0,0,0,0,0,0,4096,256,131072,4,15|4,0,1800000000,262144,6867,0,0,0,0,11352,0,11336,0,1420,1417,0,1,11352,0|278,2036100793,10,371559812,0,371458048,0,371458048,0,417811091,0,1417,1417,2027521811,9,2027521811,9,2080,3415328203,9,1706758840,0,0,0,0,0
1788104229331|1001|formal_primary_1800s|rotating|276,1378943233,33555404,836261684,835033091,0,0,0,0,0,0,0,0,0,0,754057,752641,0,0,0,0,0,0,0,0,0,0,0,0,0,0,0,0,0,0,0,0,4096,256,131072,4,15|4,0,1800000000,262144,6867,0,0,0,0,11352,0,11336,0,1420,1417,0,1,11352,0|278,1349301570,10,371587972,0,371458048,0,371458048,0,417748716,0,1417,1417,2030053628,9,2030053628,9,2080,3373137738,9,1707149566,0,0,0,0,0
1788104234342|1001|formal_primary_1800s|fixed|278,1378943233,16780339,842238043,840999938,842238043,840999938,842238043,840999938,1520328,1516048,759449,758023,0,0,0,0,4294967295,4294967295,4096,4096,0,0,759450,759450,1635536626,1635536623,1635536634,1635536631,0,0,0,0,0,0,0,0,4096,256,131072,4,15|4,0,1800000000,262144,6867,0,0,0,0,11432,0,11416,0,1430,1427,0,1,11432,0|280,2356113255,10,374251896,0,374079488,0,374079488,0,420835823,0,1427,1427,2322482624,9,2322482624,9,2080,3720101707,9,1718787908,0,0,0,0,0
1788104234342|1001|formal_primary_1800s|rotating|278,1378943233,33555404,842333081,841094826,0,0,0,0,0,0,0,0,0,0,759535,758109,0,0,0,0,0,0,0,0,0,0,0,0,0,0,0,0,0,0,0,0,4096,256,131072,4,15|4,0,1800000000,262144,6867,0,0,0,0,11432,0,11416,0,1430,1427,0,1,11432,0|280,1670242085,10,374287956,0,374079488,0,374079488,0,420782214,0,1427,1427,2325939184,9,2325939184,9,2080,3678519797,9,1719179566,0,0,0,0,0
1788104239352|1001|formal_primary_1800s|fixed|280,1378943233,16781056,848303562,847057303,848303562,847057303,848303562,847057303,1531286,1526976,764924,763488,0,0,0,0,4294967295,4294967295,4096,4096,0,0,764924,764924,1956191058,1956191407,1956191066,1956191415,0,0,0,0,0,0,0,0,4096,256,131072,4,15|4,0,1800000000,262144,6867,0,0,0,0,11512,0,11496,0,1440,1437,0,1,11512,0|282,2676690572,10,376948916,0,376700928,0,376700928,0,423865697,0,1437,1437,2618012085,9,2618012085,9,2080,4025440243,9,1730816821,0,0,0,0,0
1788104239352|1001|formal_primary_1800s|rotating|280,1378943233,33555404,848376701,847130546,0,0,0,0,0,0,0,0,0,0,764990,763554,0,0,0,0,0,0,0,0,0,0,0,0,0,0,0,0,0,0,0,0,4096,256,131072,4,15|4,0,1800000000,262144,6867,0,0,0,0,11516,0,11504,0,1441,1438,0,1,11516,0|282,1989871623,10,376963072,0,376963072,0,376963072,0,423795058,0,1438,1438,2618995509,9,2618995509,9,2048,3981954153,9,1731819769,0,0,0,0,0
1788104244366|1001|formal_primary_1800s|fixed|282,1378943233,16780339,854342644,853086897,854342644,853086897,854342644,853086897,1542199,1537856,770375,768928,0,0,0,0,4294967295,4294967295,4096,4096,0,0,770375,770375,2277085234,2277085591,2277085242,2277085599,0,0,0,0,0,0,0,0,4096,256,131072,4,15|4,0,1800000000,262144,6867,0,0,0,0,11600,0,11584,0,1451,1448,0,1,11600,0|284,2997500699,10,379633420,0,379584512,0,379584512,0,426882157,0,1448,1448,2911339176,9,2911339176,9,2080,34520734,10,1744048277,0,0,0,0,0
1788104244366|1001|formal_primary_1800s|rotating|282,1378943233,33555404,854434705,853178788,0,0,0,0,0,0,0,0,0,0,770457,769010,0,0,0,0,0,0,0,0,0,0,0,0,0,0,0,0,0,0,0,0,4096,256,131072,4,15|4,0,1800000000,262144,6867,0,0,0,0,11600,0,11584,0,1451,1448,0,1,11600,0|284,2312061230,10,379673432,0,379584512,0,379584512,0,426831305,0,1448,1448,2915206130,9,2915206130,9,2080,4287667184,9,1744450582,0,0,0,0,0
1788104249368|1001|formal_primary_1800s|fixed|284,1378943233,16780339,860400577,859134622,860400577,859134622,860400577,859134622,1553145,1548772,775842,774385,0,0,0,0,4294967295,4294967295,4096,4096,0,0,775843,775843,2597384126,2597384131,2597384134,2597384099,0,0,0,0,0,0,0,0,4096,256,131072,4,15|4,0,1800000000,262144,6867,0,0,0,0,11680,0,11664,0,1461,1458,0,1,11680,0|286,3317980583,10,382329452,0,382205952,0,382205952,0,429910452,0,1458,1458,3206768498,9,3206768498,9,2080,339762225,10,1756076756,0,0,0,0,0
1788104249368|1001|formal_primary_1800s|rotating|284,1378943233,33555404,860468895,859202786,0,0,0,0,0,0,0,0,0,0,775904,774447,0,0,0,0,0,0,0,0,0,0,0,0,0,0,0,0,0,0,0,0,4096,256,131072,4,15|4,0,1800000000,262144,6867,0,0,0,0,11680,0,11664,0,1461,1458,0,1,11680,0|286,2630669835,10,382352672,0,382205952,0,382205952,0,429840410,0,1458,1458,3208762565,9,3208762565,9,2080,295749142,10,1756483003,0,0,0,0,0
1788104254371|1001|formal_primary_1800s|fixed|286,1378943233,16780339,866464306,865188905,866464306,865188905,866464306,865188905,1564087,1559684,781308,779841,0,0,0,0,4294967295,4294967295,4096,4096,0,0,781309,781309,2917582186,2917582191,2917582194,2917582199,0,0,0,0,0,0,0,0,4096,256,131072,4,15|4,0,1800000000,262144,6867,0,0,0,0,11760,0,11744,0,1471,1468,0,1,11760,0|288,3638141755,10,385022524,0,384827392,0,384827392,0,432939699,0,1468,1468,3501880973,9,3501880973,9,2080,644684780,10,1768105512,0,0,0,0,0
1788104254371|1001|formal_primary_1800s|rotating|286,1378943233,33555404,866543445,865267972,0,0,0,0,0,0,0,0,0,0,781379,779912,0,0,0,0,0,0,0,0,0,0,0,0,0,0,0,0,0,0,0,0,4096,256,131072,4,15|4,0,1800000000,262144,6867,0,0,0,0,11760,0,11744,0,1471,1468,0,1,11760,0|288,2952032856,10,385056608,0,384827392,0,384827392,0,432880925,0,1468,1468,3505065523,9,3505065523,9,2080,601552449,10,1768517145,0,0,0,0,0
1788104259380|1001|formal_primary_1800s|fixed|288,1378943233,16781056,872531748,871246948,872531748,871246948,872531748,871246948,1575043,1570610,786782,785305,0,0,0,0,4294967295,4294967295,4096,4096,0,0,786782,786782,3238195973,3238196298,3238195981,3238196306,0,0,0,0,0,0,0,0,4096,256,131072,4,15|4,0,1800000000,262144,6867,0,0,0,0,11844,0,11832,0,1482,1479,0,1,11844,0|290,3958978765,10,387710976,0,387710976,0,387710976,0,435968963,0,1479,1479,3796425312,9,3796425312,9,2080,949953100,10,1780464290,0,0,0,0,0
1788104259380|1001|formal_primary_1800s|rotating|288,1378943233,33555404,872592561,871306896,0,0,0,0,0,0,0,0,0,0,786837,785359,0,0,0,0,0,0,0,0,0,0,0,0,0,0,0,0,0,0,0,0,4096,256,131072,4,15|4,0,1800000000,262144,6867,0,0,0,0,11848,0,11832,0,1482,1479,0,1,11848,0|290,3272565626,10,387739136,0,387710976,0,387710976,0,435894927,0,1479,1479,3798108085,9,3798108085,9,2080,904971372,10,1781751781,0,0,0,0,0
1788104264387|1001|formal_primary_1800s|fixed|290,1378943233,16780339,878561317,877266996,878561317,877266996,878561317,877266996,1585936,1581470,792222,790734,0,0,0,0,4294967295,4294967295,4096,4096,0,0,792223,792223,3558507916,3558507905,3558507876,3558507857,0,0,0,0,0,0,0,0,4096,256,131072,4,15|4,0,1800000000,262144,6867,0,0,0,0,11928,0,11912,0,1492,1489,0,1,11928,0|292,4278918608,10,390399108,0,390332416,0,390332416,0,438981865,0,1489,1489,4090124077,9,4090124077,9,2080,1253459610,10,1793366718,0,0,0,0,0
1788104264387|1001|formal_primary_1800s|rotating|290,1378943233,33555404,878636057,877341746,0,0,0,0,0,0,0,0,0,0,792289,790801,0,0,0,0,0,0,0,0,0,0,0,0,0,0,0,0,0,0,0,0,4096,256,131072,4,15|4,0,1800000000,262144,6867,0,0,0,0,11928,0,11912,0,1492,1489,0,1,11928,0|292,3592041333,10,390426276,0,390332416,0,390332416,0,438914319,0,1489,1489,4092526617,9,4092526617,9,2080,1208886841,10,1793787262,0,0,0,0,0
1788104269392|1001|formal_primary_1800s|fixed|292,1378943233,16780339,884625228,883321578,884625228,883321578,884625228,883321578,1596881,1592385,797690,796192,0,0,0,0,4294967295,4294967295,4096,4096,0,0,797691,797691,3878813206,3878813195,3878813214,3878813203,0,0,0,0,0,0,0,0,4096,256,131072,4,15|4,0,1800000000,262144,6867,0,0,0,0,12008,0,11992,0,1502,1499,0,1,12008,0|294,304963270,11,393099588,0,392953856,0,392953856,0,442018646,0,1499,1499,91116470,10,91116470,10,2080,1559232888,10,1805395520,0,0,0,0,0
1788104269392|1001|formal_primary_1800s|rotating|292,1378943233,33555404,884720059,883416348,0,0,0,0,0,0,0,0,0,0,797775,796277,0,0,0,0,0,0,0,0,0,0,0,0,0,0,0,0,0,0,0,0,4096,256,131072,4,15|4,0,1800000000,262144,6867,0,0,0,0,12008,0,11992,0,1502,1499,0,1,12008,0|294,3913562726,10,393131204,0,392953856,0,392953856,0,441955518,0,1499,1499,94021801,10,94021801,10,2080,1514848258,10,1805820016,0,0,0,0,0
1788104274396|1001|formal_primary_1800s|fixed|294,1378943233,16780339,890694776,889383278,890694776,889383278,890694776,889383278,1607832,1603306,803160,801652,0,0,0,0,4294967295,4294967295,4096,4096,0,0,803161,803161,4199265861,4199265850,4199265829,4199265858,0,0,0,0,0,0,0,0,4096,256,131072,4,15|4,0,1800000000,262144,6867,0,0,0,0,12088,0,12072,0,1512,1509,0,1,12088,0|296,623698090,11,395780308,0,395575296,0,395575296,0,445034125,0,1509,1509,384803038,10,384803038,10,2080,1862729322,10,1817424036,0,0,0,0,0
1788104274396|1001|formal_primary_1800s|rotating|294,1378943233,33557316,890746137,889434593,0,0,0,0,0,0,0,0,0,0,803207,801699,0,0,0,0,0,0,0,0,0,0,0,0,0,0,0,0,0,0,0,0,4096,256,131072,4,15|4,0,1800000000,262144,6867,0,0,0,0,12088,0,12072,0,1512,1509,0,1,12088,0|296,4231609144,10,395805996,0,395575296,0,395575296,0,444963341,0,1509,1509,387021759,10,387021759,10,2080,1817338397,10,1817847834,0,0,0,0,0
1788104279404|1001|formal_primary_1800s|fixed|296,1378943233,16780339,896760476,895441566,896760476,895441566,896760476,895441566,1618786,1614230,808632,807114,0,0,0,0,4294967295,4294967295,4096,4096,0,0,808633,808633,224831673,224831654,224831633,224831662,0,0,0,0,0,0,0,0,4096,256,131072,4,15|5,0,1800000000,262144,6867,0,0,0,0,12176,0,12160,0,1523,1520,0,1,12176,0|298,945349118,11,398472220,0,398458880,0,398458880,0,448060478,0,1520,1520,678966505,10,678966505,10,2080,2167617702,10,1830655772,0,0,0,0,0
1788104279404|1001|formal_primary_1800s|rotating|296,1378943233,33555404,896797472,895477823,0,0,0,0,0,0,0,0,0,0,808666,807147,0,0,0,0,0,0,0,0,0,0,0,0,0,0,0,0,0,0,0,0,4096,256,131072,4,15|4,0,1800000000,262144,6867,0,0,0,0,12176,0,12160,0,1523,1520,0,1,12176,0|298,258107354,11,398496424,0,398458880,0,398458880,0,447986865,0,1520,1520,680993150,10,680993150,10,2080,2121687753,10,1831084420,0,0,0,0,0
1788104284432|1001|formal_primary_1800s|fixed|298,1378943233,16780339,902824465,901495016,902824465,901495016,902824465,901495016,1629725,1625136,814096,812567,0,0,0,0,4294967295,4294967295,4096,4096,0,0,814097,814097,546438465,546438510,546438473,546438518,0,0,0,0,0,0,0,0,4096,256,131072,4,15|4,0,1800000000,262144,6867,0,0,0,0,12256,0,12240,0,1533,1530,0,1,12256,0|300,1266842640,11,401177640,0,401080320,0,401080320,0,451104684,0,1530,1530,975404156,10,975404156,10,2080,2473872270,10,1842684795,0,0,0,0,0
1788104284432|1001|formal_primary_1800s|rotating|298,1378943233,33555404,902900390,901570856,0,0,0,0,0,0,0,0,0,0,814164,812635,0,0,0,0,0,0,0,0,0,0,0,0,0,0,0,0,0,0,0,0,4096,256,131072,4,15|4,0,1800000000,262144,6867,0,0,0,0,12256,0,12240,0,1533,1530,0,1,12256,0|300,580028541,11,401205304,0,401080320,0,401080320,0,451034868,0,1530,1530,977858353,10,977858353,10,2080,2428050788,10,1843113240,0,0,0,0,0
1788104289437|1001|formal_primary_1800s|fixed|300,1378943233,16781056,908900401,907562622,908900401,907562622,908900401,907562622,1640701,1636082,819580,818041,0,0,0,0,4294967295,4294967295,4096,4096,0,0,819580,819580,867614944,867615293,867614952,867615301,0,0,0,0,0,0,0,0,4096,256,131072,4,15|4,0,1800000000,262144,6867,0,0,0,0,12336,0,12320,0,1543,1540,0,1,12336,0|302,1588024452,11,403879600,0,403701760,0,403701760,0,454140452,0,1540,1540,1271533345,10,1271533345,10,2080,2779815573,10,1854713413,0,0,0,0,0
1788104289437|1001|formal_primary_1800s|rotating|300,1378943233,33555404,908998051,907660149,0,0,0,0,0,0,0,0,0,0,819667,818128,0,0,0,0,0,0,0,0,0,0,0,0,0,0,0,0,0,0,0,0,4096,256,131072,4,15|4,0,1800000000,262144,6867,0,0,0,0,12336,0,12320,0,1543,1540,0,1,12336,0|302,902627006,11,403920108,0,403701760,0,403701760,0,454084111,0,1540,1540,1275397726,10,1275397726,10,2080,2735091404,10,1855143741,0,0,0,0,0
1788104294448|1001|formal_primary_1800s|fixed|302,1378943233,16780339,914954097,913607571,914954097,913607571,914954097,913607571,1651633,1646984,825040,823491,0,0,0,0,4294967295,4294967295,4096,4096,0,0,825041,825041,1187516321,1187516326,1187516329,1187516334,0,0,0,0,0,0,0,0,4096,256,131072,4,15|4,0,1800000000,262144,6867,0,0,0,0,12416,0,12400,0,1553,1550,0,1,12416,0|304,1907923115,11,406570696,0,406323200,0,406323200,0,457165177,0,1550,1550,1566379369,10,1566379369,10,2080,3084475361,10,1866742403,0,0,0,0,0
1788104294448|1001|formal_primary_1800s|rotating|302,1378943233,33555404,915028172,913681614,0,0,0,0,0,0,0,0,0,0,825107,823558,0,0,0,0,0,0,0,0,0,0,0,0,0,0,0,0,0,0,0,0,4096,256,131072,4,15|4,0,1800000000,262144,6867,0,0,0,0,12420,0,12408,0,1554,1551,0,1,12420,0|304,1221157326,11,406585344,0,406585344,0,406585344,0,457087925,0,1551,1551,1567370835,10,1567370835,10,2048,3037433059,10,1867770422,0,0,0,0,0
1788104299450|1001|formal_primary_1800s|fixed|304,1378943233,16780339,920983573,919627420,920983573,919627420,920983573,919627420,1662518,1657836,830477,828917,0,0,0,0,4294967295,4294967295,4096,4096,0,0,830478,830478,1507644209,1507644206,1507644217,1507644214,0,0,0,0,0,0,0,0,4096,256,131072,4,15|4,0,1800000000,262144,6867,0,0,0,0,12504,0,12488,0,1564,1561,0,1,12504,0|306,2228020271,11,409248776,0,409206784,0,409206784,0,460177184,0,1561,1561,1858991390,10,1858991390,10,2080,3387809660,10,1879974357,0,0,0,0,0
1788104299450|1001|formal_primary_1800s|rotating|304,1378943233,33558272,921058282,919702016,0,0,0,0,0,0,0,0,0,0,830545,828985,0,0,0,0,0,0,0,0,0,0,0,0,0,0,0,0,0,0,0,0,4096,256,131072,4,15|4,0,1800000000,262144,6867,0,0,0,0,12504,0,12488,0,1564,1561,0,1,12504,0|306,1541264247,11,409276932,0,409206784,0,409206784,0,460106049,0,1561,1561,1861495403,10,1861495403,10,2080,3341053002,10,1880409232,0,0,0,0,0
1788104304453|1001|formal_primary_1800s|fixed|306,1378943233,16780339,927049826,925684825,927049826,925684825,927049826,925684825,1673466,1668754,835946,834376,0,0,0,0,4294967295,4294967295,4096,4096,0,0,835947,835947,1828022048,1828022029,1828022056,1828022037,0,0,0,0,0,0,0,0,4096,256,131072,4,15|4,0,1800000000,262144,6867,0,0,0,0,12584,0,12568,0,1574,1571,0,1,12584,0|308,2548458139,11,411944808,0,411828224,0,411828224,0,463208702,0,1571,1571,2154379755,10,2154379755,10,2080,3693008582,10,1892003458,0,0,0,0,0
1788104304453|1001|formal_primary_1800s|rotating|306,1378943233,33558272,927117706,925752684,0,0,0,0,0,0,0,0,0,0,836008,834438,0,0,0,0,0,0,0,0,0,0,0,0,0,0,0,0,0,0,0,0,4096,256,131072,4,15|4,0,1800000000,262144,6867,0,0,0,0,12584,0,12568,0,1574,1571,0,1,12584,0|308,1861978921,11,411975436,0,411828224,0,411828224,0,463139630,0,1571,1571,2157152750,10,2157152750,10,2080,3646209600,10,1892442040,0,0,0,0,0
1788104309472|1001|formal_primary_1800s|fixed|308,1378943233,16780339,933133002,931758990,933133002,931758990,933133002,931758990,1684440,1679698,841428,839848,0,0,0,0,4294967295,4294967295,4096,4096,0,0,841429,841429,2149110688,2149110701,2149110696,2149110693,0,0,0,0,0,0,0,0,4096,256,131072,4,15|4,0,1800000000,262144,6867,0,0,0,0,12664,0,12648,0,1584,1581,0,1,12664,0|310,2869637919,11,414646772,0,414449664,0,414449664,0,466249002,0,1581,1581,2450503231,10,2450503231,10,2080,3998949548,10,1904032349,0,0,0,0,0
1788104309472|1001|formal_primary_1800s|rotating|308,1378943233,33555404,933208242,931834226,0,0,0,0,0,0,0,0,0,0,841496,839916,0,0,0,0,0,0,0,0,0,0,0,0,0,0,0,0,0,0,0,0,4096,256,131072,4,15|4,0,1800000000,262144,6867,0,0,0,0,12664,0,12648,0,1584,1581,0,1,12664,0|310,2182913879,11,414675424,0,414449664,0,414449664,0,466176679,0,1581,1581,2453033518,10,2453033518,10,2080,3951584538,10,1904471325,0,0,0,0,0
1788104314485|1001|formal_primary_1800s|fixed|310,1378943233,16780339,939213818,937829561,939213818,937829561,939213818,937829561,1695410,1690638,846908,845318,0,0,0,0,4294967295,4294967295,4096,4096,0,0,846909,846909,2470097548,2470097537,2470097556,2470097545,0,0,0,0,0,0,0,0,4096,256,131072,4,15|4,0,1800000000,262144,6867,0,0,0,0,12748,0,12736,0,1595,1592,0,1,12748,0|312,3190433950,11,417333248,0,417333248,0,417333248,0,469279133,0,1592,1592,2744846035,10,2744846035,10,2048,9048004,11,1916552745,0,0,0,0,0
1788104314485|1001|formal_primary_1800s|rotating|310,1378943233,33558272,939250788,937865745,0,0,0,0,0,0,0,0,0,0,846943,845352,0,0,0,0,0,0,0,0,0,0,0,0,0,0,0,0,0,0,0,0,4096,256,131072,4,15|4,0,1800000000,262144,6867,0,0,0,0,12752,0,12736,0,1595,1592,0,1,12752,0|312,2503371559,11,417356960,0,417333248,0,417333248,0,469192597,0,1592,1592,2746000882,10,2746000882,10,2080,4254928560,10,1917706323,0,0,0,0,0
1788104319496|1001|formal_primary_1800s|fixed|312,1378943233,16781056,945250675,943855643,945250675,943855643,945250675,943855643,1706317,1701512,852357,850756,0,0,0,0,4294967295,4294967295,4096,4096,0,0,852357,852357,2790829972,2790830321,2790829980,2790830329,0,0,0,0,0,0,0,0,4096,256,131072,4,15|4,0,1800000000,262144,6867,0,0,0,0,12832,0,12816,0,1605,1602,0,1,12832,0|314,3511375203,11,420031752,0,419954688,0,419954688,0,472302710,0,1602,1602,3039706291,10,3039706291,10,2080,313718424,11,1929292678,0,0,0,0,0
1788104319496|1001|formal_primary_1800s|rotating|312,1378943233,33555404,945322850,943927901,0,0,0,0,0,0,0,0,0,0,852421,850820,0,0,0,0,0,0,0,0,0,0,0,0,0,0,0,0,0,0,0,0,4096,256,131072,4,15|4,0,1800000000,262144,6867,0,0,0,0,12832,0,12816,0,1605,1602,0,1,12832,0|314,2824260033,11,420056452,0,419954688,0,419954688,0,472225179,0,1602,1602,3041829991,10,3041829991,10,2080,265290571,11,1929740894,0,0,0,0,0
1788104324501|1001|formal_primary_1800s|fixed|314,1378943233,16780339,951318575,949916595,951318575,949916595,951318575,949916595,1717265,1712430,857825,856214,0,0,0,0,4294967295,4294967295,4096,4096,0,0,857826,857826,3111188722,3111188727,3111188730,3111188735,0,0,0,0,0,0,0,0,4096,256,131072,4,15|4,0,1800000000,262144,6867,0,0,0,0,12912,0,12896,0,1615,1612,0,1,12912,0|316,3831597804,11,422725316,0,422576128,0,422576128,0,475333466,0,1612,1612,3334871744,10,3334871744,10,2080,618701871,11,1941321887,0,0,0,0,0
1788104324501|1001|formal_primary_1800s|rotating|314,1378943233,33555404,951414242,950012255,0,0,0,0,0,0,0,0,0,0,857911,856300,0,0,0,0,0,0,0,0,0,0,0,0,0,0,0,0,0,0,0,0,4096,256,131072,4,15|4,0,1800000000,262144,6867,0,0,0,0,12912,0,12896,0,1615,1612,0,1,12912,0|316,3148197898,11,422783116,0,422576128,0,422576128,0,475292488,0,1612,1612,3340711399,10,3340711399,10,2080,573670213,11,1941765784,0,0,0,0,0
1788104329512|1001|formal_primary_1800s|fixed|316,1378943233,16780339,957387004,955976396,957387004,955976396,957387004,955976396,1728223,1723358,863299,861678,0,0,0,0,4294967295,4294967295,4096,4096,0,0,863300,863300,3431842734,3431842699,3431842726,3431842715,0,0,0,0,0,0,0,0,4096,256,131072,4,15|4,0,1800000000,262144,6867,0,0,0,0,12992,0,12976,0,1625,1622,0,1,12992,0|318,4152427939,11,425424316,0,425197568,0,425197568,0,478367353,0,1622,1622,3630654475,10,3630654475,10,2080,924293604,11,1953350393,0,0,0,0,0
1788104329512|1001|formal_primary_1800s|rotating|316,1378943233,33555404,957455301,956044731,0,0,0,0,0,0,0,0,0,0,863361,861740,0,0,0,0,0,0,0,0,0,0,0,0,0,0,0,0,0,0,0,0,4096,256,131072,4,15|4,0,1800000000,262144,6867,0,0,0,0,12992,0,12976,0,1625,1622,0,1,12992,0|318,3465183401,11,425448028,0,425197568,0,425197568,0,478287472,0,1622,1622,3632643924,10,3632643924,10,2080,875095885,11,1953802640,0,0,0,0,0
1788104334515|1001|formal_primary_1800s|fixed|318,1378943233,16781056,963433955,962013390,963433955,962013390,963433955,962013390,1739143,1734246,868755,867123,0,0,0,0,4294967295,4294967295,4096,4096,0,0,868755,868755,3751430422,3751430422,3751430430,3751430430,0,0,0,0,0,0,0,0,4096,256,131072,4,15|5,0,1800000000,262144,6867,0,0,0,0,13080,0,13064,0,1636,1633,0,1,13080,0|320,177641567,12,428103384,0,428081152,0,428081152,0,481378952,0,1633,1633,3923350448,10,3923350448,10,2080,1227711557,11,1966582452,0,0,0,0,0
1788104334515|1001|formal_primary_1800s|rotating|318,1378943233,33558272,963507463,962086824,0,0,0,0,0,0,0,0,0,0,868821,867189,0,0,0,0,0,0,0,0,0,0,0,0,0,0,0,0,0,0,0,0,4096,256,131072,4,15|4,0,1800000000,262144,6867,0,0,0,0,13080,0,13064,0,1636,1633,0,1,13080,0|320,3786478846,11,428137468,0,428081152,0,428081152,0,481309255,0,1633,1633,3926448224,10,3926448224,10,2080,1179277621,11,1967036496,0,0,0,0,0
1788104339531|1001|formal_primary_1800s|fixed|320,1378943233,16781056,969502920,968073581,969502920,968073581,969502920,968073581,1750092,1745164,874224,872582,0,0,0,0,4294967295,4294967295,4096,4096,0,0,874224,874224,4073338271,4073338604,4073338279,4073338612,0,0,0,0,0,0,0,0,4096,256,131072,4,15|4,0,1800000000,262144,6867,0,0,0,0,13160,0,13144,0,1646,1643,0,1,13160,0|322,499386184,12,430810780,0,430702592,0,430702592,0,484424836,0,1643,1643,4220043556,10,4220043556,10,2080,1534217196,11,1978611546,0,0,0,0,0
1788104339531|1001|formal_primary_1800s|rotating|320,1378943233,33555404,969588601,968159197,0,0,0,0,0,0,0,0,0,0,874301,872659,0,0,0,0,0,0,0,0,0,0,0,0,0,0,0,0,0,0,0,0,4096,256,131072,4,15|4,0,1800000000,262144,6867,0,0,0,0,13160,0,13144,0,1646,1643,0,1,13160,0|322,4107475712,11,430837948,0,430702592,0,430702592,0,484346948,0,1643,1643,4222383446,10,4222383446,10,2080,1484713450,11,1979073113,0,0,0,0,0
1788104344531|1001|formal_primary_1800s|fixed|322,1378943233,16780339,975556500,974118119,975556500,974118119,975556500,974118119,1761014,1756056,879679,878027,0,0,0,0,4294967295,4294967295,4096,4096,0,0,879680,879680,97999577,97999590,97999585,97999598,0,0,0,0,0,0,0,0,4096,256,131072,4,15|4,0,1800000000,262144,6867,0,0,0,0,13240,0,13224,0,1656,1653,0,1,13240,0|324,818454255,12,433494464,0,433324032,0,433324032,0,487443917,0,1653,1653,219096232,11,219096232,11,2080,1838046104,11,1990640797,0,0,0,0,0
1788104344531|1001|formal_primary_1800s|rotating|322,1378943233,33558272,975631559,974193046,0,0,0,0,0,0,0,0,0,0,879747,878095,0,0,0,0,0,0,0,0,0,0,0,0,0,0,0,0,0,0,0,0,4096,256,131072,4,15|4,0,1800000000,262144,6867,0,0,0,0,13240,0,13224,0,1656,1653,0,1,13240,0|324,131671054,12,433522128,0,433324032,0,433324032,0,487366325,0,1653,1653,221526814,11,221526814,11,2080,1788318319,11,1991104093,0,0,0,0,0
1788104349545|1001|formal_primary_1800s|fixed|324,1378943233,16780339,981637383,980189326,981637383,980189326,981637383,980189326,1771992,1767004,885163,883501,0,0,0,0,4294967295,4294967295,4096,4096,0,0,885164,885164,419211902,419211891,419211910,419211899,0,0,0,0,0,0,0,0,4096,256,131072,4,15|4,0,1800000000,262144,6867,0,0,0,0,13320,0,13304,0,1666,1663,0,1,13320,0|326,1139343882,12,436193956,0,435945472,0,435945472,0,490478586,0,1663,1663,514929579,11,514929579,11,2074,2143696143,11,2002670456,0,0,0,0,0
1788104349545|1001|formal_primary_1800s|rotating|324,1378943233,33555404,981723470,980275539,0,0,0,0,0,0,0,0,0,0,885241,883579,0,0,0,0,0,0,0,0,0,0,0,0,0,0,0,0,0,0,0,0,4096,256,131072,4,15|4,0,1800000000,262144,6867,0,0,0,0,13324,0,13312,0,1667,1664,0,1,13328,0|326,453563189,12,436216508,0,436207616,0,436207616,0,490394318,0,1664,1664,515928886,11,515928886,11,2080,2093096040,11,2004335652,0,0,0,0,0
1788104354558|1001|formal_primary_1800s|fixed|326,1378943233,16780339,987671597,986216010,987671597,986216010,987671597,986216010,1782893,1777872,890608,888935,0,0,0,0,4294967295,4294967295,4096,4096,0,0,890609,890609,739778208,739778213,739778216,739778221,0,0,0,0,0,0,0,0,4096,256,131072,4,15|4,0,1800000000,262144,6867,0,0,0,0,13408,0,13392,0,1677,1674,0,1,13408,0|328,1460233659,12,438879444,0,438829056,0,438829056,0,493497035,0,1674,1674,808334980,11,808334980,11,2080,2447823070,11,2015902437,0,0,0,0,0
1788104354558|1001|formal_primary_1800s|rotating|326,1378943233,33555404,987747409,986291901,0,0,0,0,0,0,0,0,0,0,890677,889004,0,0,0,0,0,0,0,0,0,0,0,0,0,0,0,0,0,0,0,0,4096,256,131072,4,15|4,0,1800000000,262144,6867,0,0,0,0,13408,0,13392,0,1677,1674,0,1,13408,0|328,773457218,12,438907604,0,438829056,0,438829056,0,493418247,0,1674,1674,810766489,11,810766489,11,2080,2397430850,11,2016369372,0,0,0,0,0
1788104359559|1001|formal_primary_1800s|fixed|328,1378943233,16780339,993731970,992268677,993731970,992268677,993731970,992268677,1793833,1788782,896073,894390,0,0,0,0,4294967295,4294967295,4096,4096,0,0,896074,896074,1059899986,1059899951,1059899994,1059899967,0,0,0,0,0,0,0,0,4096,256,131072,4,15|4,0,1800000000,262144,6867,0,0,0,0,13488,0,13472,0,1687,1684,0,1,13488,0|330,1781261624,12,441580420,0,441450496,0,441450496,0,496534537,0,1684,1684,1104309797,11,1104309797,11,2080,2753612169,11,2027931384,0,0,0,0,0
1788104359559|1001|formal_primary_1800s|rotating|328,1378943233,33555404,993827118,992363966,0,0,0,0,0,0,0,0,0,0,896158,894475,0,0,0,0,0,0,0,0,0,0,0,0,0,0,0,0,0,0,0,0,4096,256,131072,4,15|4,0,1800000000,262144,6867,0,0,0,0,13488,0,13472,0,1687,1684,0,1,13488,0|330,1094592435,12,441609072,0,441450496,0,441450496,0,496455942,0,1684,1684,1106845407,11,1106845407,11,2080,2703007268,11,2028400396,0,0,0,0,0
1788104364562|1001|formal_primary_1800s|fixed|330,1378943233,16781056,999789953,998317996,999789953,998317996,999789953,998317996,1804771,1799690,901538,899845,0,0,0,0,4294967295,4294967295,4096,4096,0,0,901538,901538,1380023825,1380024142,1380023833,1380024150,0,0,0,0,0,0,0,0,4096,256,131072,4,15|4,0,1800000000,262144,6867,0,0,0,0,13568,0,13552,0,1697,1694,0,1,13568,0|332,2100418964,12,444264596,0,444071936,0,444071936,0,499551534,0,1694,1694,1398420222,11,1398420222,11,2080,3057530286,11,2039960687,0,0,0,0,0
1788104364562|1001|formal_primary_1800s|rotating|330,1378943233,33555404,999865739,998393744,0,0,0,0,0,0,0,0,0,0,901606,899913,0,0,0,0,0,0,0,0,0,0,0,0,0,0,0,0,0,0,0,0,4096,256,131072,4,15|4,0,1800000000,262144,6867,0,0,0,0,13568,0,13552,0,1697,1694,0,1,13568,0|332,1413647786,12,444292756,0,444071936,0,444071936,0,499471536,0,1694,1694,1400844814,11,1400844814,11,2080,3006502124,11,2040435522,0,0,0,0,0
1788104369564|1001|formal_primary_1800s|fixed|332,1378943233,16780339,1005875242,1004394524,1005875242,1004394524,1005875242,1004394524,1815755,1810644,907024,905321,0,0,0,0,4294967295,4294967295,4096,4096,0,0,907025,907025,1701373168,1701373165,1701373176,1701373173,0,0,0,0,0,0,0,0,4096,256,131072,4,15|4,0,1800000000,262144,6867,0,0,0,0,13652,0,13640,0,1708,1705,0,1,13652,0|334,2421970265,12,446955520,0,446955520,0,446955520,0,502586013,0,1705,1705,1693271675,11,1693271675,11,2048,3363110200,11,2052722175,0,0,0,0,0
1788104369564|1001|formal_primary_1800s|rotating|332,1378943233,33558272,1005912736,1004431317,0,0,0,0,0,0,0,0,0,0,907059,905355,0,0,0,0,0,0,0,0,0,0,0,0,0,0,0,0,0,0,0,0,4096,256,131072,4,15|4,0,1800000000,262144,6867,0,0,0,0,13656,0,13640,0,1708,1705,0,1,13656,0|334,1734777304,12,446980220,0,446955520,0,446955520,0,502493074,0,1705,1705,1694485802,11,1694485802,11,2080,3310516853,11,2053667272,0,0,0,0,0
1788104374564|1001|formal_primary_1800s|fixed|334,1378943233,16780339,1011880725,1010390717,1011880725,1010390717,1011880725,1010390717,1826592,1821448,912438,910724,0,0,0,0,4294967295,4294967295,4096,4096,0,0,912438,912438,2020173650,2020173983,2020173658,2020173991,0,0,0,0,0,0,0,0,4096,256,131072,4,15|4,0,1800000000,262144,6867,0,0,0,0,13736,0,13720,0,1718,1715,0,1,13736,0|336,2740732356,12,449636736,0,449576960,0,449576960,0,505594008,0,1715,1715,1986194698,11,1986194698,11,2080,3665841619,11,2065221969,0,0,0,0,0
1788104374564|1001|formal_primary_1800s|rotating|334,1378943233,33555404,1011956597,1010466549,0,0,0,0,0,0,0,0,0,0,912506,910792,0,0,0,0,0,0,0,0,0,0,0,0,0,0,0,0,0,0,0,0,4096,256,131072,4,15|4,0,1800000000,262144,6867,0,0,0,0,13736,0,13720,0,1718,1715,0,1,13736,0|336,2054579058,12,449670328,0,449576960,0,449576960,0,505518803,0,1715,1715,1989233041,11,1989233041,11,2080,3614759388,11,2065699350,0,0,0,0,0
1788104379592|1001|formal_primary_1800s|fixed|336,1378943233,16781056,1017977344,1016478440,1017977344,1016478440,1017977344,1016478440,1837592,1832418,917933,916209,0,0,0,0,4294967295,4294967295,4096,4096,0,0,917933,917933,2341994432,2341994741,2341994440,2341994749,0,0,0,0,0,0,0,0,4096,256,131072,4,15|4,0,1800000000,262144,6867,0,0,0,0,13816,0,13800,0,1728,1725,0,1,13816,0|338,3062366459,12,452342648,0,452198400,0,452198400,0,508638422,0,1725,1725,2282772788,11,2282772788,11,2080,3972236995,11,2077250793,0,0,0,0,0
1788104379592|1001|formal_primary_1800s|rotating|336,1378943233,33555404,1018053583,1016554623,0,0,0,0,0,0,0,0,0,0,918001,916277,0,0,0,0,0,0,0,0,0,0,0,0,0,0,0,0,0,0,0,0,4096,256,131072,4,15|4,0,1800000000,262144,6867,0,0,0,0,13816,0,13800,0,1728,1725,0,1,13816,0|338,2375847685,12,452373276,0,452198400,0,452198400,0,508558570,0,1725,1725,2285445145,11,2285445145,11,2080,3920467596,11,2077730218,0,0,0,0,0
1788104384592|1001|formal_primary_1800s|fixed|338,1378943233,16780339,1024039017,1022531445,1024039017,1022531445,1024039017,1022531445,1848528,1843324,923395,921661,0,0,0,0,4294967295,4294967295,4096,4096,0,0,923396,923396,2662026442,2662026407,2662026450,2662026423,0,0,0,0,0,0,0,0,4096,256,131072,4,15|4,0,1800000000,262144,6867,0,0,0,0,13896,0,13880,0,1738,1735,0,1,13896,0|340,3382442139,12,455035224,0,454819840,0,454819840,0,511667292,0,1735,1735,2577800197,11,2577800197,11,2078,4277073534,11,2089280047,0,0,0,0,0
1788104384592|1001|formal_primary_1800s|rotating|338,1378943233,33555404,1024113809,1022606247,0,0,0,0,0,0,0,0,0,0,923463,921729,0,0,0,0,0,0,0,0,0,0,0,0,0,0,0,0,0,0,0,0,4096,256,131072,4,15|4,0,1800000000,262144,6867,0,0,0,0,13896,0,13880,0,1738,1735,0,1,13896,0|340,2695662881,12,455063384,0,454819840,0,454819840,0,511584044,0,1735,1735,2580205641,11,2580205641,11,2080,4224725802,11,2089762499,0,0,0,0,0
1788104389593|1001|formal_primary_1800s|fixed|340,1378943233,16780339,1030095227,1028579172,1030095227,1028579172,1030095227,1028579172,1859464,1854230,928858,927114,0,0,0,0,4294967295,4294967295,4096,4096,0,0,928859,928859,2982065247,2982065268,2982065255,2982065276,0,0,0,0,0,0,0,0,4096,256,131072,4,15|4,0,1800000000,262144,6867,0,0,0,0,13984,0,13968,0,1749,1746,0,1,13984,0|342,3702456550,12,457712812,0,457703424,0,457703424,0,514677282,0,1746,1746,2870328187,11,2870328187,11,2080,285357845,12,2102511984,0,0,0,0,0
1788104389593|1001|formal_primary_1800s|rotating|340,1378943233,33555404,1030140903,1028624031,0,0,0,0,0,0,0,0,0,0,928900,927155,0,0,0,0,0,0,0,0,0,0,0,0,0,0,0,0,0,0,0,0,4096,256,131072,4,15|4,0,1800000000,262144,6867,0,0,0,0,13984,0,13968,0,1749,1746,0,1,13984,0|342,3015824545,12,457742452,0,457703424,0,457703424,0,514595050,0,1746,1746,2872879057,11,2872879057,11,2080,232804759,12,2102996091,0,0,0,0,0
1788104394607|1001|formal_primary_1800s|fixed|342,1378943233,16780339,1036140323,1034615164,1036140323,1034615164,1036140323,1034615164,1870379,1865112,934311,932556,0,0,0,0,4294967295,4294967295,4096,4096,0,0,934311,934311,3303017064,3303017397,3303017072,3303017405,0,0,0,0,0,0,0,0,4096,256,131072,4,15|4,0,1800000000,262144,6867,0,0,0,0,14064,0,14048,0,1759,1756,0,1,14064,0|344,4023410714,12,460413292,0,460324864,0,460324864,0,517713302,0,1756,1756,3166230474,11,3166230474,11,2080,591072787,12,2114541277,0,0,0,0,0
1788104394607|1001|formal_primary_1800s|rotating|342,1378943233,33555404,1036215236,1034690192,0,0,0,0,0,0,0,0,0,0,934378,932623,0,0,0,0,0,0,0,0,0,0,0,0,0,0,0,0,0,0,0,0,4096,256,131072,4,15|4,0,1800000000,262144,6867,0,0,0,0,14064,0,14048,0,1759,1756,0,1,14064,0|344,3336503412,12,460439968,0,460324864,0,460324864,0,517627535,0,1756,1756,3168500730,11,3168500730,11,2080,537924453,12,2115028980,0,0,0,0,0
1788104399617|1001|formal_primary_1800s|fixed|344,1378943233,16780339,1042209120,1040675653,1042209120,1040675653,1042209120,1040675653,1881339,1876042,939785,938020,0,0,0,0,4294967295,4294967295,4096,4096,0,0,939786,939786,3623699196,3623699225,3623699204,3623699201,0,0,0,0,0,0,0,0,4096,256,131072,4,15|4,0,1800000000,262144,6867,0,0,0,0,14144,0,14128,0,1769,1766,0,1,14144,0|346,49285455,13,463112288,0,462946304,0,462946304,0,520747527,0,1766,1766,3462017745,11,3462017745,11,2080,896675810,12,2126570443,0,0,0,0,0
1788104399617|1001|formal_primary_1800s|rotating|344,1378943233,33555404,1042284641,1040751147,0,0,0,0,0,0,0,0,0,0,939853,938088,0,0,0,0,0,0,0,0,0,0,0,0,0,0,0,0,0,0,0,0,4096,256,131072,4,15|4,0,1800000000,262144,6867,0,0,0,0,14144,0,14128,0,1769,1766,0,1,14144,0|346,3657381995,12,463139460,0,462946304,0,462946304,0,520661678,0,1766,1766,3464324934,11,3464324934,11,2080,843243704,12,2127058570,0,0,0,0,0
1788104404621|1001|formal_primary_1800s|fixed|346,1378943233,16780339,1048278243,1046735963,1048278243,1046735963,1048278243,1046735963,1892289,1886962,945255,943480,0,0,0,0,4294967295,4294967295,4096,4096,0,0,945256,945256,3944136055,3944136036,3944136047,3944136044,0,0,0,0,0,0,0,0,4096,256,131072,4,15|4,0,1800000000,262144,6867,0,0,0,0,14224,0,14208,0,1779,1776,0,1,14224,0|348,369639505,13,465807336,0,465567744,0,465567744,0,523778820,0,1776,1776,3757322541,11,3757322541,11,2080,1201790630,12,2138599781,0,0,0,0,0
1788104404621|1001|formal_primary_1800s|rotating|346,1378943233,33555404,1048345871,1046803624,0,0,0,0,0,0,0,0,0,0,945316,943541,0,0,0,0,0,0,0,0,0,0,0,0,0,0,0,0,0,0,0,0,4096,256,131072,4,15|4,0,1800000000,262144,6867,0,0,0,0,14224,0,14208,0,1779,1776,0,1,14224,0|348,3977171362,12,465829564,0,465567744,0,465567744,0,523686394,0,1776,1776,3759057244,11,3759057244,11,2048,1147473451,12,2139093153,0,0,0,0,0
1788104409632|1001|formal_primary_1800s|fixed|348,1378943233,16780339,1054320462,1052768500,1054320462,1052768500,1054320462,1052768500,1903190,1897830,950700,948914,0,0,0,0,4294967295,4294967295,4096,4096,0,0,950701,950701,4264678139,4264678144,4264678147,4264678152,0,0,0,0,0,0,0,0,4096,256,131072,4,15|4,0,1800000000,262144,6867,0,0,0,0,14312,0,14296,0,1790,1787,0,1,14312,0|350,690078623,13,468488872,0,468451328,0,468451328,0,526796555,0,1787,1787,4050276721,11,4050276721,11,2080,1505466912,12,2151831698,0,0,0,0,0
1788104409632|1001|formal_primary_1800s|rotating|348,1378943233,33555404,1054396345,1052844504,0,0,0,0,0,0,0,0,0,0,950768,948982,0,0,0,0,0,0,0,0,0,0,0,0,0,0,0,0,0,0,0,0,4096,256,131072,4,15|4,0,1800000000,262144,6867,0,0,0,0,14312,0,14296,0,1790,1787,0,1,14312,0|350,3218785,13,468516044,0,468451328,0,468451328,0,526709431,0,1787,1787,4052581677,11,4052581677,11,2080,1451375077,12,2152326900,0,0,0,0,0
1788104414637|1001|formal_primary_1800s|fixed|350,1378943233,16780339,1060378269,1058817402,1060378269,1058817402,1060378269,1058817402,1914136,1908745,956168,954372,0,0,0,0,4294967295,4294967295,4096,4096,0,0,956169,956169,290023510,290023491,290023486,290023499,0,0,0,0,0,0,0,0,4096,256,131072,4,15|4,0,1800000000,262144,6867,0,0,0,0,14392,0,14376,0,1800,1797,0,1,14392,0|352,1010450298,13,471183920,0,471072768,0,471072768,0,529823916,0,1797,1797,50632685,12,50632685,12,2080,1810599901,12,2163860499,0,0,0,0,0
1788104414637|1001|formal_primary_1800s|rotating|350,1378943233,33555404,1060454830,1058894002,0,0,0,0,0,0,0,0,0,0,956236,954440,0,0,0,0,0,0,0,0,0,0,0,0,0,0,0,0,0,0,0,0,4096,256,131072,4,15|4,0,1800000000,262144,6867,0,0,0,0,14392,0,14376,0,1800,1797,0,1,14392,0|352,324367019,13,471218004,0,471072768,0,471072768,0,529743917,0,1797,1797,53700083,12,53700083,12,2080,1756961477,12,2164364023,0,0,0,0,0
1788104419648|1001|formal_primary_1800s|fixed|352,1378943233,16780339,1066452189,1064881253,1066452189,1064881253,1066452189,1064881253,1925096,1919676,961643,959837,0,0,0,0,4294967295,4294967295,4096,4096,0,0,961644,961644,610746935,610746908,610746943,610746924,0,0,0,0,0,0,0,0,4096,256,131072,4,15|4,0,1800000000,262144,6867,0,0,0,0,14472,0,14456,0,1810,1807,0,1,14472,0|354,1331150224,13,473881928,0,473694208,0,473694208,0,532858012,0,1807,1807,346283879,12,346283879,12,2080,2116061107,12,2175889285,0,0,0,0,0
1788104419648|1001|formal_primary_1800s|rotating|352,1378943233,33555404,1066527414,1064956443,0,0,0,0,0,0,0,0,0,0,961711,959905,0,0,0,0,0,0,0,0,0,0,0,0,0,0,0,0,0,0,0,0,4096,256,131072,4,15|4,0,1800000000,262144,6867,0,0,0,0,14472,0,14456,0,1810,1807,0,1,14472,0|354,644517045,13,473911076,0,473694208,0,473694208,0,532771668,0,1807,1807,348794327,12,348794327,12,2080,2061554650,12,2176396574,0,0,0,0,0
1788104424650|1001|formal_primary_1800s|fixed|354,1378943233,16781056,1072514885,1070935551,1072514885,1070935551,1072514885,1070935551,1936034,1930584,967108,965292,0,0,0,0,4294967295,4294967295,4096,4096,0,0,967108,967108,930853100,930853425,930853108,930853441,0,0,0,0,0,0,0,0,4096,256,131072,4,15|4,0,1800000000,262144,6867,0,0,0,0,14552,0,14536,0,1820,1817,0,1,14552,0|356,1651314833,13,476575000,0,476315648,0,476315648,0,535887723,0,1817,1817,641396484,12,641396484,12,2056,2420986622,12,2187918485,0,0,0,0,0
1788104424650|1001|formal_primary_1800s|rotating|354,1378943233,33558272,1072588179,1071008060,0,0,0,0,0,0,0,0,0,0,967175,965358,0,0,0,0,0,0,0,0,0,0,0,0,0,0,0,0,0,0,0,0,4096,256,131072,4,15|4,0,1800000000,262144,6867,0,0,0,0,14556,0,14544,0,1821,1818,0,1,14560,0|356,964324907,13,476587180,0,476577792,0,476577792,0,535781347,0,1818,1818,641114784,12,641114784,12,2080,2364246885,12,2189630030,0,0,0,0,0
1788104429664|1001|formal_primary_1800s|fixed|356,1378943233,16781056,1078559246,1076971325,1078559246,1076971325,1078559246,1076971325,1946949,1941466,972560,970733,0,0,0,0,4294967295,4294967295,4096,4096,0,0,972560,972560,1251802917,1251803250,1251802925,1251803258,0,0,0,0,0,0,0,0,4096,256,131072,4,15|4,0,1800000000,262144,6867,0,0,0,0,14640,0,14624,0,1831,1828,0,1,14640,0|358,1972208048,13,479260488,0,479199232,0,479199232,0,538907224,0,1828,1828,934807358,12,934807358,12,2080,2725117675,12,2201149734,0,0,0,0,0
1788104429664|1001|formal_primary_1800s|rotating|356,1378943233,33555404,1078635031,1077046949,0,0,0,0,0,0,0,0,0,0,972628,970801,0,0,0,0,0,0,0,0,0,0,0,0,0,0,0,0,0,0,0,0,4096,256,131072,4,15|4,0,1800000000,262144,6867,0,0,0,0,14640,0,14624,0,1831,1828,0,1,14640,0|358,1285361199,13,479287660,0,479199232,0,479199232,0,538817368,0,1828,1828,937091156,12,937091156,12,2080,2669725635,12,2201664925,0,0,0,0,0
1788104434677|1001|formal_primary_1800s|fixed|358,1378943233,16780339,1084640148,1083042858,1084640148,1083042858,1084640148,1083042858,1957921,1952408,978040,976203,0,0,0,0,4294967295,4294967295,4096,4096,0,0,978041,978041,1572836382,1572836371,1572836366,1572836379,0,0,0,0,0,0,0,0,4096,256,131072,4,15|4,0,1800000000,262144,6867,0,0,0,0,14720,0,14704,0,1841,1838,0,1,14720,0|360,2293361569,13,481962452,0,481820672,0,481820672,0,541946604,0,1838,1838,1230907939,12,1230907939,12,2080,3031032226,12,2213178840,0,0,0,0,0
1788104434677|1001|formal_primary_1800s|rotating|358,1378943233,33555404,1084707958,1083110643,0,0,0,0,0,0,0,0,0,0,978101,976264,0,0,0,0,0,0,0,0,0,0,0,0,0,0,0,0,0,0,0,0,4096,256,131072,4,15|4,0,1800000000,262144,6867,0,0,0,0,14720,0,14704,0,1841,1838,0,1,14720,0|360,1606115358,13,481986164,0,481820672,0,481820672,0,541852205,0,1838,1838,1232787916,12,1232787916,12,2080,2974919712,12,2213697759,0,0,0,0,0
1788104439702|1001|formal_primary_1800s|fixed|360,1378943233,16780339,1090725421,1089119795,1090725421,1089119795,1090725421,1089119795,1968907,1963364,983528,981681,0,0,0,0,4294967295,4294967295,4096,4096,0,0,983529,983529,1894267994,1894268007,1894268002,1894267991,0,0,0,0,0,0,0,0,4096,256,131072,4,15|4,0,1800000000,262144,6867,0,0,0,0,14800,0,14784,0,1851,1848,0,1,14800,0|362,2615629844,13,484674292,0,484442112,0,484442112,0,544995523,0,1848,1848,1528123695,12,1528123695,12,2080,3338061458,12,2225207998,0,0,0,0,0
1788104439702|1001|formal_primary_1800s|rotating|360,1378943233,33555404,1090808686,1089203171,0,0,0,0,0,0,0,0,0,0,983603,981756,0,0,0,0,0,0,0,0,0,0,0,0,0,0,0,0,0,0,0,0,4096,256,131072,4,15|4,0,1800000000,262144,6867,0,0,0,0,14800,0,14784,0,1851,1848,0,1,14800,0|362,1928848355,13,484702452,0,484442112,0,484442112,0,544904929,0,1848,1848,1530458221,12,1530458221,12,2050,3282094747,12,2225731481,0,0,0,0,0
1788104444711|1001|formal_primary_1800s|fixed|362,1378943233,16781056,1096778241,1095163825,1096778241,1095163825,1096778241,1095163825,1979833,1974258,988987,987129,0,0,0,0,4294967295,4294967295,4096,4096,0,0,988987,988987,2214019672,2214019672,2214019680,2214019680,0,0,0,0,0,0,0,0,4096,256,131072,4,15|4,0,1800000000,262144,6867,0,0,0,0,14888,0,14872,0,1862,1859,0,1,14888,0|364,2935334522,13,487349408,0,487325696,0,487325696,0,548003881,0,1859,1859,1820345630,12,1820345630,12,2080,3641003839,12,2238439379,0,0,0,0,0
1788104444711|1001|formal_primary_1800s|rotating|362,1378943233,33558272,1096839488,1095225018,0,0,0,0,0,0,0,0,0,0,989042,987184,0,0,0,0,0,0,0,0,0,0,0,0,0,0,0,0,0,0,0,0,4096,256,131072,4,15|4,0,1800000000,262144,6867,0,0,0,0,14888,0,14872,0,1862,1859,0,1,14888,0|364,2248332556,13,487375096,0,487325696,0,487325696,0,547910816,0,1859,1859,1822452684,12,1822452684,12,2080,3584462999,12,2238968169,0,0,0,0,0
1788104449714|1001|formal_primary_1800s|fixed|364,1378943233,16781056,1102831071,1101207858,1102831071,1101207858,1102831071,1101207858,1990756,1985150,994443,992575,0,0,0,0,4294967295,4294967295,4096,4096,0,0,994443,994443,2535203113,2535203478,2535203129,2535203486,0,0,0,0,0,0,0,0,4096,256,131072,4,15|4,0,1800000000,262144,6867,0,0,0,0,14968,0,14952,0,1872,1869,0,1,14968,0|366,3255549512,13,490042972,0,489947136,0,489947136,0,551033807,0,1869,1869,2115509785,12,2115509785,12,2080,3945980270,12,2250468044,0,0,0,0,0
1788104449714|1001|formal_primary_1800s|rotating|364,1378943233,33555404,1102899045,1101275858,0,0,0,0,0,0,0,0,0,0,994504,992636,0,0,0,0,0,0,0,0,0,0,0,0,0,0,0,0,0,0,0,0,4096,256,131072,4,15|4,0,1800000000,262144,6867,0,0,0,0,14968,0,14952,0,1872,1869,0,1,14968,0|366,2568475211,13,490068168,0,489947136,0,489947136,0,550939344,0,1869,1869,2117540952,12,2117540952,12,2080,3889046820,12,2250999370,0,0,0,0,0
1788104454716|1001|formal_primary_1800s|fixed|366,1378943233,16780339,1108896636,1107264191,1108896636,1107264191,1108896636,1107264191,2001698,1996061,999908,998030,0,0,0,0,4294967295,4294967295,4096,4096,0,0,999909,999909,2855373011,2855372992,2855373019,2855373000,0,0,0,0,0,0,0,0,4096,256,131072,4,15|4,0,1800000000,262144,6867,0,0,0,0,15048,0,15032,0,1882,1879,0,1,15048,0|368,3575937394,13,492738020,0,492568576,0,492568576,0,554066706,0,1879,1879,2410848585,12,2410848585,12,2080,4251130024,12,2262496259,0,0,0,0,0
1788104454716|1001|formal_primary_1800s|rotating|366,1378943233,33555404,1108965581,1107333225,0,0,0,0,0,0,0,0,0,0,999970,998092,0,0,0,0,0,0,0,0,0,0,0,0,0,0,0,0,0,0,0,0,4096,256,131072,4,15|4,0,1800000000,262144,6867,0,0,0,0,15048,0,15032,0,1882,1879,0,1,15048,0|368,2888699712,13,492762224,0,492568576,0,492568576,0,553969675,0,1879,1879,2412710927,12,2412710927,12,2080,4193714290,12,2263030470,0,0,0,0,0
1788104459727|1001|formal_primary_1800s|fixed|368,1378943233,16781056,1114965747,1113324570,1114965747,1113324570,1114965747,1113324570,2012650,2006984,1005380,1003492,0,0,0,0,4294967295,4294967295,4096,4096,0,0,1005380,1005380,3175887375,3175887708,3175887383,3175887716,0,0,0,0,0,0,0,0,4096,256,131072,4,15|4,0,1800000000,262144,6867,0,0,0,0,15128,0,15112,0,1892,1889,0,1,15128,0|370,3896431377,13,495434052,0,495190016,0,495190016,0,557098697,0,1889,1889,2706292633,12,2706292633,12,2080,261418080,13,2274524955,0,0,0,0,0
1788104459727|1001|formal_primary_1800s|rotating|368,1378943233,33555404,1115043052,1113401810,0,0,0,0,0,0,0,0,0,0,1005449,1003561,0,0,0,0,0,0,0,0,0,0,0,0,0,0,0,0,0,0,0,0,4096,256,131072,4,15|4,0,1800000000,262144,6867,0,0,0,0,15128,0,15112,0,1892,1889,0,1,15128,0|370,3209433529,13,495452160,0,495452160,0,495452160,0,557002300,0,1890,1890,2707453208,12,2707453208,12,2048,203869784,13,2275085286,0,0,0,0,0
1788104464738|1001|formal_primary_1800s|fixed|370,1378943233,16780339,1121010065,1119360080,1121010065,1119360080,1121010065,1119360080,2023557,2017858,1010827,1008928,0,0,0,0,4294967295,4294967295,4096,4096,0,0,1010828,1010828,3496609167,3496609148,3496609175,3496609164,0,0,0,0,0,0,0,0,4096,256,131072,4,15|4,0,1800000000,262144,6867,0,0,0,0,15216,0,15200,0,1903,1900,0,1,15216,0|372,4217087533,13,498117568,0,498073600,0,498073600,0,560117963,0,1900,1900,2999465654,12,2999465654,12,2080,565312101,13,2287756207,0,0,0,0,0
1788104464738|1001|formal_primary_1800s|rotating|370,1378943233,33555404,1121084684,1119434655,0,0,0,0,0,0,0,0,0,0,1010895,1008995,0,0,0,0,0,0,0,0,0,0,0,0,0,0,0,0,0,0,0,0,4096,256,131072,4,15|4,0,1800000000,262144,6867,0,0,0,0,15216,0,15200,0,1903,1900,0,1,15216,0|372,3530030313,13,498143256,0,498073600,0,498073600,0,560021231,0,1900,1900,3001493222,12,3001493222,12,2080,507405590,13,2288298670,0,0,0,0,0
1788104469743|1001|formal_primary_1800s|fixed|372,1378943233,16781056,1127081957,1125421596,1127081957,1125421596,1127081957,1125421596,2034511,2028782,1016300,1014391,0,0,0,0,4294967295,4294967295,4096,4096,0,0,1016300,1016300,3817151550,3817151883,3817151558,3817151891,0,0,0,0,0,0,0,0,4096,256,131072,4,15|4,0,1800000000,262144,6867,0,0,0,0,15296,0,15280,0,1913,1910,0,1,15296,0|374,242508441,14,500813108,0,500695040,0,500695040,0,563149736,0,1910,1910,3294798832,12,3294798832,12,2080,870461737,13,2299784867,0,0,0,0,0
1788104469743|1001|formal_primary_1800s|rotating|372,1378943233,33555404,1127149650,1125489243,0,0,0,0,0,0,0,0,0,0,1016361,1014452,0,0,0,0,0,0,0,0,0,0,0,0,0,0,0,0,0,0,0,0,4096,256,131072,4,15|4,0,1800000000,262144,6867,0,0,0,0,15296,0,15280,0,1913,1910,0,1,15296,0|374,3850402473,13,500838300,0,500695040,0,500695040,0,563052339,0,1910,1910,3296814420,12,3296814420,12,2080,812219146,13,2300326001,0,0,0,0,0
1788104474747|1001|formal_primary_1800s|fixed|374,1378943233,16781056,1133143369,1131473638,1133143369,1131473638,1133143369,1131473638,2045459,2039700,1021769,1019850,0,0,0,0,4294967295,4294967295,4096,4096,0,0,1021769,1021769,4137521962,4137522311,4137521970,4137522319,0,0,0,0,0,0,0,0,4096,256,131072,4,15|4,0,1800000000,262144,6867,0,0,0,0,15376,0,15360,0,1923,1920,0,1,15376,0|376,563786375,14,503516056,0,503316480,0,503316480,0,566187054,0,1920,1920,3591019584,12,3591019584,12,2080,1176500864,13,2311813791,0,0,0,0,0
1788104474747|1001|formal_primary_1800s|rotating|374,1378943233,33558272,1133227830,1131557995,0,0,0,0,0,0,0,0,0,0,1021845,1019926,0,0,0,0,0,0,0,0,0,0,0,0,0,0,0,0,0,0,0,0,4096,256,131072,4,15|4,0,1800000000,262144,6867,0,0,0,0,15376,0,15360,0,1923,1920,0,1,15376,0|376,4172388960,13,503547672,0,503316480,0,503316480,0,566095969,0,1920,1920,3593744240,12,3593744240,12,2080,1118644848,13,2312355431,0,0,0,0,0
1788104479751|1001|formal_primary_1800s|fixed|376,1378943233,16780339,1139203870,1137525906,1139203870,1137525906,1139203870,1137525906,2056397,2050608,1027232,1025303,0,0,0,0,4294967295,4294967295,4096,4096,0,0,1027233,1027233,162644053,162644066,162644061,162644074,0,0,0,0,0,0,0,0,4096,256,131072,4,15|4,0,1800000000,262144,6867,0,0,0,0,15456,0,15440,0,1933,1930,0,1,15456,0|378,883033290,14,506200064,0,505937920,0,505937920,0,569206878,0,1931,1930,3885096877,12,3885096877,12,2048,1480509281,13,2323842399,0,0,0,0,0
1788104479751|1001|formal_primary_1800s|rotating|376,1378943233,33558272,1139267173,1137588594,0,0,0,0,0,0,0,0,0,0,1027291,1025361,0,0,0,0,0,0,0,0,0,0,0,0,0,0,0,0,0,0,0,0,4096,256,131072,4,15|5,0,1800000000,262144,6867,0,0,0,0,15464,0,15448,0,1934,1931,0,1,15464,0|378,196232300,14,506214884,0,506200064,0,506200064,0,569095090,0,1931,1931,3885068511,12,3885068511,12,2080,1420342673,13,2325590083,0,0,0,0,0
1788104484752|1001|formal_primary_1800s|fixed|378,1378943233,16780339,1145228778,1143542144,1145228778,1143542144,1145228778,1143542144,2067277,2061455,1032667,1030727,0,0,0,0,4294967295,4294967295,4096,4096,0,0,1032668,1032668,482614075,482614072,482614083,482614080,0,0,0,0,0,0,0,0,4096,256,131072,4,15|4,0,1800000000,262144,6867,0,0,0,0,15544,0,15528,0,1944,1941,0,1,15544,0|380,1203162188,14,508879796,0,508821504,0,508821504,0,572218993,0,1941,1941,4177866038,12,4177866038,12,2080,1783875945,13,2337073761,0,0,0,0,0
1788104484752|1001|formal_primary_1800s|rotating|378,1378943233,33558272,1145304382,1143617618,0,0,0,0,0,0,0,0,0,0,1032735,1030795,0,0,0,0,0,0,0,0,0,0,0,0,0,0,0,0,0,0,0,0,4096,256,131072,4,15|4,0,1800000000,262144,6867,0,0,0,0,15544,0,15528,0,1944,1941,0,1,15544,0|380,516460761,14,508908448,0,508821504,0,508821504,0,572123414,0,1941,1941,4180238450,12,4180238450,12,2080,1725010023,13,2337625293,0,0,0,0,0
1788104489766|1001|formal_primary_1800s|fixed|380,1378943233,16780339,1151320571,1149624323,1151320571,1149624323,1151320571,1149624323,2078272,2072420,1038159,1036209,0,0,0,0,4294967295,4294967295,4096,4096,0,0,1038160,1038160,804287648,804287661,804287656,804287645,0,0,0,0,0,0,0,0,4096,256,131072,4,15|4,0,1800000000,262144,6867,0,0,0,0,15624,0,15608,0,1954,1951,0,1,15624,0|382,1524777374,14,511585712,0,511442944,0,511442944,0,575261749,0,1951,1951,179460377,13,179460377,13,2080,2090252145,13,2349102871,0,0,0,0,0
1788104489766|1001|formal_primary_1800s|rotating|380,1378943233,33558272,1151396350,1149699983,0,0,0,0,0,0,0,0,0,0,1038228,1036278,0,0,0,0,0,0,0,0,0,0,0,0,0,0,0,0,0,0,0,0,4096,256,131072,4,15|4,0,1800000000,262144,6867,0,0,0,0,15624,0,15608,0,1954,1951,0,1,15624,0|382,838035901,14,511614364,0,511442944,0,511442944,0,575164865,0,1951,1951,181787635,13,181787635,13,2080,2031026069,13,2349657496,0,0,0,0,0
1788104494767|1001|formal_primary_1800s|fixed|382,1378943233,16780339,1157371020,1155666687,1157371020,1155666687,1157371020,1155666687,2089188,2083306,1043612,1041652,0,0,0,0,4294967295,4294967295,4096,4096,0,0,1043613,1043613,1123748296,1123748333,1123748312,1123748317,0,0,0,0,0,0,0,0,4096,256,131072,4,15|4,0,1800000000,262144,6867,0,0,0,0,15704,0,15688,0,1964,1961,0,1,15704,0|384,1844137095,14,514271864,0,514064384,0,514064384,0,578284141,0,1961,1961,473771398,13,473771398,13,2079,2394372873,13,2361131932,0,0,0,0,0
1788104494767|1001|formal_primary_1800s|rotating|382,1378943233,33555404,1157439295,1155734876,0,0,0,0,0,0,0,0,0,0,1043673,1041713,0,0,0,0,0,0,0,0,0,0,0,0,0,0,0,0,0,0,0,0,4096,256,131072,4,15|4,0,1800000000,262144,6867,0,0,0,0,15704,0,15688,0,1964,1961,0,1,15704,0|384,1157163305,14,514298048,0,514064384,0,514064384,0,578184469,0,1961,1961,475863199,13,475863199,13,2080,2334595560,13,2361688495,0,0,0,0,0
1788104499767|1001|formal_primary_1800s|fixed|384,1378943233,16781056,1163428049,1161714555,1163428049,1161714555,1163428049,1161714555,2100116,2094204,1049072,1047102,0,0,0,0,4294967295,4294967295,4096,4096,0,0,1049072,1049072,1443591476,1443591817,1443591484,1443591825,0,0,0,0,0,0,0,0,4096,256,131072,4,15|4,0,1800000000,262144,6867,0,0,0,0,15788,0,15776,0,1975,1972,0,1,15788,0|386,2164186459,14,516947968,0,516947968,0,516947968,0,581302171,0,1972,1972,766934091,13,766934091,13,2080,2698260631,13,2374083647,0,0,0,0,0
1788104499767|1001|formal_primary_1800s|rotating|384,1378943233,33555404,1163480290,1161766140,0,0,0,0,0,0,0,0,0,0,1049120,1047149,0,0,0,0,0,0,0,0,0,0,0,0,0,0,0,0,0,0,0,0,4096,256,131072,4,15|4,0,1800000000,262144,6867,0,0,0,0,15792,0,15776,0,1975,1972,0,1,15792,0|386,1477798281,14,516981560,0,516947968,0,516947968,0,581201515,0,1972,1972,769011497,13,769011497,13,2079,2638116299,13,2374919357,0,0,0,0,0
1788104504782|1001|formal_primary_1800s|fixed|386,1378943233,16780339,1169474665,1167751685,1169474665,1167751685,1169474665,1167751685,2111035,2105090,1054525,1052544,0,0,0,0,4294967295,4294967295,4096,4096,0,0,1054526,1054526,1764643926,1764643931,1764643934,1764643923,0,0,0,0,0,0,0,0,4096,256,131072,4,15|4,0,1800000000,262144,6867,0,0,0,0,15872,0,15856,0,1985,1982,0,1,15872,0|388,2485184333,14,519650424,0,519569408,0,519569408,0,584332621,0,1982,1982,1062275368,13,1062275368,13,2080,3003418278,13,2386393009,0,0,0,0,0
1788104504782|1001|formal_primary_1800s|rotating|386,1378943233,33558272,1169556022,1167832998,0,0,0,0,0,0,0,0,0,0,1054599,1052618,0,0,0,0,0,0,0,0,0,0,0,0,0,0,0,0,0,0,0,0,4096,256,131072,4,15|4,0,1800000000,262144,6867,0,0,0,0,15872,0,15856,0,1985,1982,0,1,15872,0|388,1798744183,14,519681548,0,519569408,0,519569408,0,584236803,0,1982,1982,1064904637,13,1064904637,13,2080,2943504550,13,2386947215,0,0,0,0,0
1788104509782|1001|formal_primary_1800s|fixed|388,1378943233,16780339,1175534268,1173803162,1175534268,1173803162,1175534268,1173803162,2121977,2116002,1059991,1058000,0,0,0,0,4294967295,4294967295,4096,4096,0,0,1059992,1059992,2084827991,2084827956,2084827975,2084827972,0,0,0,0,0,0,0,0,4096,256,131072,4,15|4,0,1800000000,262144,6867,0,0,0,0,15952,0,15936,0,1995,1992,0,1,15952,0|390,2804074064,14,522332628,0,522190848,0,522190848,0,587347566,0,1992,1992,1356113166,13,1356113166,13,2080,3307068635,13,2398422493,0,0,0,0,0
1788104509782|1001|formal_primary_1800s|rotating|388,1378943233,33558272,1175585152,1173853955,0,0,0,0,0,0,0,0,0,0,1060037,1058046,0,0,0,0,0,0,0,0,0,0,0,0,0,0,0,0,0,0,0,0,4096,256,131072,4,15|4,0,1800000000,262144,6867,0,0,0,0,15952,0,15936,0,1995,1992,0,1,15952,0|390,2118118553,14,522367700,0,522190848,0,522190848,0,587255827,0,1992,1992,1359227177,13,1359227177,13,2080,3247317794,13,2398977574,0,0,0,0,0
1788104514797|1001|formal_primary_1800s|fixed|390,1378943233,16780339,1181608684,1179868832,1181608684,1179868832,1181608684,1179868832,2132939,2126934,1065467,1063466,0,0,0,0,4294967295,4294967295,4096,4096,0,0,1065468,1065468,2405609915,2405609936,2405609923,2405609888,0,0,0,0,0,0,0,0,4096,256,131072,4,15|4,0,1800000000,262144,6867,0,0,0,0,16032,0,16016,0,2005,2002,0,1,16032,0|392,3128097447,14,525059784,0,524812288,0,524812288,0,590414641,0,2002,2002,1655076407,13,1655076407,13,2080,3615853346,13,2410451276,0,0,0,0,0
1788104514797|1001|formal_primary_1800s|rotating|390,1378943233,33555404,1181713869,1179974096,0,0,0,0,0,0,0,0,0,0,1065562,1063561,0,0,0,0,0,0,0,0,0,0,0,0,0,0,0,0,0,0,0,0,4096,256,131072,4,15|4,0,1800000000,262144,6867,0,0,0,0,16032,0,16016,0,2005,2002,0,1,16036,0|392,2440835703,14,525074432,0,525074432,0,525074432,0,590307169,0,2003,2003,1655846155,13,1655846155,13,2048,3554315988,13,2411134791,0,0,0,0,0
1788104519797|1001|formal_primary_1800s|fixed|392,1378943233,16781056,1187646341,1185897643,1187646341,1185897643,1187646341,1185897643,2143843,2137806,1070915,1068903,0,0,0,0,4294967295,4294967295,4096,4096,0,0,1070915,1070915,2724750339,2724750339,2724750347,2724750347,0,0,0,0,0,0,0,0,4096,256,131072,4,15|4,0,1800000000,262144,6867,0,0,0,0,16120,0,16104,0,2016,2013,0,1,16120,0|394,3446792586,14,527726008,0,527695872,0,527695872,0,593411600,0,2013,2013,1946286919,13,1946286919,13,2080,3917786576,13,2423682321,0,0,0,0,0
1788104519797|1001|formal_primary_1800s|rotating|392,1378943233,33555404,1187729210,1185980408,0,0,0,0,0,0,0,0,0,0,1070989,1068977,0,0,0,0,0,0,0,0,0,0,0,0,0,0,0,0,0,0,0,0,4096,256,131072,4,15|4,0,1800000000,262144,6867,0,0,0,0,16120,0,16104,0,2016,2013,0,1,16120,0|394,2760259713,14,527756140,0,527695872,0,527695872,0,593312953,0,2013,2013,1948825489,13,1948825489,13,2080,3856785830,13,2424238425,0,0,0,0,0
1788104524813|1001|formal_primary_1800s|fixed|394,1378943233,16780339,1193716300,1191959644,1193716300,1191959644,1193716300,1191959644,2154800,2148732,1076387,1074365,0,0,0,0,4294967295,4294967295,4096,4096,0,0,1076388,1076388,3046854218,3046854255,3046854226,3046854231,0,0,0,0,0,0,0,0,4096,256,131072,4,15|4,0,1800000000,262144,6867,0,0,0,0,16200,0,16184,0,2026,2023,0,1,16200,0|396,3767680788,14,530425500,0,530317312,0,530317312,0,596447906,0,2023,2023,2242125819,13,2242125819,13,2080,4223435938,13,2435711279,0,0,0,0,0
1788104524813|1001|formal_primary_1800s|rotating|394,1378943233,33558272,1193807028,1192050325,0,0,0,0,0,0,0,0,0,0,1076469,1074447,0,0,0,0,0,0,0,0,0,0,0,0,0,0,0,0,0,0,0,0,4096,256,131072,4,15|4,0,1800000000,262144,6867,0,0,0,0,16200,0,16184,0,2026,2023,0,1,16200,0|396,3082181559,14,530465020,0,530317312,0,530317312,0,596358838,0,2023,2023,2245686542,13,2245686542,13,2080,4163149688,13,2436272107,0,0,0,0,0
1788104529813|1001|formal_primary_1800s|fixed|396,1378943233,16780339,1199776378,1198010180,1199776378,1198010180,1199776378,1198010180,2165734,2159636,1081849,1079817,0,0,0,0,4294967295,4294967295,4096,4096,0,0,1081850,1081850,3366856973,3366856970,3366856949,3366856938,0,0,0,0,0,0,0,0,4096,256,131072,4,15|4,0,1800000000,262144,6867,0,0,0,0,16280,0,16264,0,2036,2033,0,1,16280,0|398,4088636714,14,533125980,0,532938752,0,532938752,0,599485049,0,2033,2033,2538030121,13,2538030121,13,2080,234185866,14,2447740068,0,0,0,0,0
1788104529813|1001|formal_primary_1800s|rotating|396,1378943233,33555404,1199888182,1198122049,0,0,0,0,0,0,0,0,0,0,1081950,1079918,0,0,0,0,0,0,0,0,0,0,0,0,0,0,0,0,0,0,0,0,4096,256,131072,4,15|4,0,1800000000,262144,6867,0,0,0,0,16280,0,16264,0,2036,2033,0,1,16280,0|398,3402185085,14,533156608,0,532938752,0,532938752,0,599385811,0,2033,2033,2540635286,13,2540635286,13,2080,172627401,14,2448304052,0,0,0,0,0
1788104534813|1001|formal_primary_1800s|fixed|398,1378943233,16780339,1205832972,1204057167,1205832972,1204057167,1205832972,1204057167,2176664,2170536,1087309,1085267,0,0,0,0,4294967295,4294967295,4096,4096,0,0,1087310,1087310,3686726624,3686726621,3686726632,3686726637,0,0,0,0,0,0,0,0,4096,256,131072,4,15|4,0,1800000000,262144,6867,0,0,0,0,16360,0,16344,0,2046,2043,0,1,16360,0|400,113010017,15,535811640,0,535560192,0,535560192,0,602505442,0,2043,2043,2832327455,13,2832327455,13,2080,538287910,14,2459768707,0,0,0,0,0
1788104534813|1001|formal_primary_1800s|rotating|398,1378943233,33558272,1205929281,1204153403,0,0,0,0,0,0,0,0,0,0,1087397,1085355,0,0,0,0,0,0,0,0,0,0,0,0,0,0,0,0,0,0,0,0,4096,256,131072,4,15|5,0,1800000000,262144,6867,0,0,0,0,16368,0,16352,0,2047,2044,0,1,16368,0|400,3722174753,14,535834192,0,535822336,0,535822336,0,602395779,0,2044,2044,2833129166,13,2833129166,13,2080,475500171,14,2461545563,0,0,0,0,0
1788104539827|1001|formal_primary_1800s|fixed|400,1378943233,16780339,1211874886,1210088205,1211874886,1210088205,1211874886,1210088205,2187583,2181422,1092763,1090710,0,0,0,0,4294967295,4294967295,4096,4096,0,0,1092764,1092764,4007770315,4007770312,4007770323,4007770320,0,0,0,0,0,0,0,0,4096,256,131072,4,15|4,0,1800000000,262144,6867,0,0,0,0,16448,0,16432,0,2057,2054,0,1,16448,0|402,433491684,15,538493672,0,538443776,0,538443776,0,605518369,0,2054,2054,3125325810,13,3125325810,13,2080,842007351,14,2473000065,0,0,0,0,0
1788104539827|1001|formal_primary_1800s|rotating|400,1378943233,33555404,1211970784,1210184196,0,0,0,0,0,0,0,0,0,0,1092849,1090796,0,0,0,0,0,0,0,0,0,0,0,0,0,0,0,0,0,0,0,0,4096,256,131072,4,15|4,0,1800000000,262144,6867,0,0,0,0,16448,0,16432,0,2057,2054,0,1,16448,0|402,4042464043,14,538528252,0,538443776,0,538443776,0,605422413,0,2054,2054,3128364139,13,3128364139,13,2080,780233754,14,2473576435,0,0,0,0,0
1788104544827|1001|formal_primary_1800s|fixed|402,1378943233,16780817,1217941429,1216144720,1217941429,1216144720,1217941429,1216144720,2198541,2192350,1098238,1096175,0,0,0,0,4294967295,4294967295,4096,4096,0,0,1098239,1098238,33492583,33474595,33492591,33474603,0,0,0,0,0,0,0,0,4096,256,131072,4,15|4,0,1800000000,262144,6867,0,0,0,0,16528,0,16512,0,2067,2064,0,1,16528,0|404,753895794,15,541188716,0,541065216,0,541065216,0,608546460,0,2064,2064,3420678205,13,3420678205,13,2080,1147172458,14,2485029194,0,0,0,0,0
1788104544827|1001|formal_primary_1800s|rotating|402,1378943233,33555404,1218023099,1216226339,0,0,0,0,0,0,0,0,0,0,1098311,1096248,0,0,0,0,0,0,0,0,0,0,0,0,0,0,0,0,0,0,0,0,4096,256,131072,4,15|4,0,1800000000,262144,6867,0,0,0,0,16528,0,16512,0,2067,2064,0,1,16528,0|404,68221144,15,541226756,0,541065216,0,541065216,0,608452745,0,2064,2064,3424030016,13,3424030016,13,2080,1085396479,14,2485610402,0,0,0,0,0
1788104549828|1001|formal_primary_1800s|fixed|404,1378943233,16780339,1223985103,1222179952,1223985103,1222179952,1223985103,1222179952,2209449,2203228,1103686,1101613,0,0,0,0,4294967295,4294967295,4096,4096,0,0,1103687,1103687,352715569,352715582,352715577,352715558,0,0,0,0,0,0,0,0,4096,256,131072,4,15|4,0,1800000000,262144,6867,0,0,0,0,16608,0,16592,0,2077,2074,0,1,16608,0|406,1073377306,15,543875860,0,543686656,0,543686656,0,611568545,0,2074,2074,3715111716,13,3715111716,13,2080,1451415126,14,2497058153,0,0,0,0,0
1788104549828|1001|formal_primary_1800s|rotating|404,1378943233,33555404,1224097225,1222291941,0,0,0,0,0,0,0,0,0,0,1103787,1101714,0,0,0,0,0,0,0,0,0,0,0,0,0,0,0,0,0,0,0,0,4096,256,131072,4,15|4,0,1800000000,262144,6867,0,0,0,0,16608,0,16592,0,2077,2074,0,1,16608,0|406,388195212,15,543918344,0,543686656,0,543686656,0,611478997,0,2074,2074,3718950548,13,3718950548,13,2080,1389813705,14,2497641130,0,0,0,0,0
1788104554829|1001|formal_primary_1800s|fixed|406,1378943233,16781056,1230048843,1228234308,1230048843,1228234308,1230048843,1228234308,2220391,2214140,1109153,1107070,0,0,0,0,4294967295,4294967295,4096,4096,0,0,1109153,1109153,672932022,672932355,672932038,672932371,0,0,0,0,0,0,0,0,4096,256,131072,4,15|4,0,1800000000,262144,6867,0,0,0,0,16688,0,16672,0,2087,2084,0,1,16688,0|408,1393542052,15,546569424,0,546308096,0,546308096,0,614597435,0,2084,2084,4010228035,13,4010228035,13,2062,1756341125,14,2509087023,0,0,0,0,0
1788104554829|1001|formal_primary_1800s|rotating|406,1378943233,33558272,1230121168,1228305920,0,0,0,0,0,0,0,0,0,0,1109219,1107135,0,0,0,0,0,0,0,0,0,0,0,0,0,0,0,0,0,0,0,0,4096,256,131072,4,15|5,0,1800000000,262144,6867,0,0,0,0,16696,0,16680,0,2088,2085,0,1,16696,0|408,707260702,15,546587532,0,546570240,0,546570240,0,614480483,0,2085,2085,4010526572,13,4010526572,13,2080,1691763120,14,2510878375,0,0,0,0,0
1788104559833|1001|formal_primary_1800s|fixed|408,1378943233,16781056,1236083947,1234259901,1236083947,1234259901,1236083947,1234259901,2231288,2225004,1114596,1112502,0,0,0,0,4294967295,4294967295,4096,4096,0,0,1114596,1114596,993380674,993381015,993380682,993381023,0,0,0,0,0,0,0,0,4096,256,131072,4,15|4,0,1800000000,262144,6867,0,0,0,0,16776,0,16760,0,2098,2095,0,1,16776,0|410,1713464898,15,549246020,0,549191680,0,549191680,0,617607425,0,2095,2095,7699491,14,7699491,14,2080,2059500900,14,2522319224,0,0,0,0,0
1788104559833|1001|formal_primary_1800s|rotating|408,1378943233,33555404,1236156339,1234332067,0,0,0,0,0,0,0,0,0,0,1114661,1112567,0,0,0,0,0,0,0,0,0,0,0,0,0,0,0,0,0,0,0,0,4096,256,131072,4,15|4,0,1800000000,262144,6867,0,0,0,0,16776,0,16760,0,2098,2095,0,1,16776,0|410,1027556270,15,549282084,0,549191680,0,549191680,0,617509386,0,2095,2095,10796529,14,10796529,14,2080,1996498221,14,2522913126,0,0,0,0,0
1788104564845|1001|formal_primary_1800s|fixed|410,1378943233,16780339,1242161060,1240327033,1242161060,1240327033,1242161060,1240327033,2242252,2235938,1120072,1117968,0,0,0,0,4294967295,4294967295,4096,4096,0,0,1120073,1120073,1314179006,1314178979,1314179014,1314178987,0,0,0,0,0,0,0,0,4096,256,131072,4,15|4,0,1800000000,262144,6867,0,0,0,0,16856,0,16840,0,2108,2105,0,1,16856,0|412,2035153510,15,551952924,0,551813120,0,551813120,0,620652382,0,2105,2105,304337700,14,304337700,14,2080,2365950881,14,2534347947,0,0,0,0,0
1788104564845|1001|formal_primary_1800s|rotating|410,1378943233,33555404,1242245785,1240411836,0,0,0,0,0,0,0,0,0,0,1120148,1118044,0,0,0,0,0,0,0,0,0,0,0,0,0,0,0,0,0,0,0,0,4096,256,131072,4,15|4,0,1800000000,262144,6867,0,0,0,0,16856,0,16840,0,2108,2105,0,1,16856,0|412,1349038743,15,551986516,0,551813120,0,551813120,0,620551842,0,2105,2105,307218369,14,307218369,14,2080,2302422297,14,2534947695,0,0,0,0,0
1788104569860|1001|formal_primary_1800s|fixed|412,1378943233,16780339,1248232532,1246390875,1248232532,1246390875,1248232532,1246390875,2253216,2246872,1125549,1123435,0,0,0,0,4294967295,4294967295,4096,4096,0,0,1125550,1125550,1634982871,1634982884,1634982879,1634982892,0,0,0,0,0,0,0,0,4096,256,131072,4,15|4,0,1800000000,262144,6867,0,0,0,0,16936,0,16920,0,2118,2115,0,1,16936,0|414,2355583513,15,554648464,0,554434560,0,554434560,0,623682504,0,2115,2115,599721057,14,599721057,14,2080,2671141992,14,2546376978,0,0,0,0,0
1788104569860|1001|formal_primary_1800s|rotating|412,1378943233,33555404,1248322632,1246481069,0,0,0,0,0,0,0,0,0,0,1125630,1123516,0,0,0,0,0,0,0,0,0,0,0,0,0,0,0,0,0,0,0,0,4096,256,131072,4,15|4,0,1800000000,262144,6867,0,0,0,0,16936,0,16920,0,2118,2115,0,1,16936,0|414,1669485374,15,554682548,0,554434560,0,554434560,0,623581054,0,2115,2115,602604733,14,602604733,14,2080,2607309971,14,2546984056,0,0,0,0,0
1788104574860|1001|formal_primary_1800s|fixed|414,1378943233,16781056,1254293878,1252443426,1254293878,1252443426,1254293878,1252443426,2264150,2257776,1131012,1128888,0,0,0,0,4294967295,4294967295,4096,4096,0,0,1131012,1131012,1954992888,1954993221,1954992896,1954993229,0,0,0,0,0,0,0,0,4096,256,131072,4,15|4,0,1800000000,262144,6867,0,0,0,0,17020,0,17008,0,2129,2126,0,1,17020,0|416,2675275823,15,557318144,0,557318144,0,557318144,0,626694193,0,2126,2126,892179336,14,892179336,14,2080,2974316153,14,2559607867,0,0,0,0,0
1788104574860|1001|formal_primary_1800s|rotating|414,1378943233,33555404,1254344238,1252493040,0,0,0,0,0,0,0,0,0,0,1131058,1128933,0,0,0,0,0,0,0,0,0,0,0,0,0,0,0,0,0,0,0,0,4096,256,131072,4,15|4,0,1800000000,262144,6867,0,0,0,0,17024,0,17008,0,2129,2126,0,1,17024,0|416,1990160764,15,557366064,0,557318144,0,557318144,0,626599515,0,2126,2126,895787840,14,895787840,14,2080,2910873096,14,2560220581,0,0,0,0,0
1788104579874|1001|formal_primary_1800s|fixed|416,1378943233,16780339,1260338666,1258477849,1260338666,1258477849,1260338666,1258477849,2275057,2268650,1136460,1134325,0,0,0,0,4294967295,4294967295,4096,4096,0,0,1136460,1136460,2275720130,2275720439,2275720138,2275720447,0,0,0,0,0,0,0,0,4096,256,131072,4,15|4,0,1800000000,262144,6867,0,0,0,0,17104,0,17088,0,2139,2136,0,1,17104,0|418,2996247294,15,560023564,0,559939584,0,559939584,0,629730049,0,2136,2136,1187853380,14,1187853380,14,2080,3279805295,14,2571636673,0,0,0,0,0
1788104579874|1001|formal_primary_1800s|rotating|416,1378943233,33558272,1260415418,1258554672,0,0,0,0,0,0,0,0,0,0,1136529,1134394,0,0,0,0,0,0,0,0,0,0,0,0,0,0,0,0,0,0,0,0,4096,256,131072,4,15|4,0,1800000000,262144,6867,0,0,0,0,17104,0,17088,0,2139,2136,0,1,17104,0|418,2310471078,15,560060616,0,559939584,0,559939584,0,629630491,0,2136,2136,1191042098,14,1191042098,14,2080,3215623109,14,2572253072,0,0,0,0,0
1788104584876|1001|formal_primary_1800s|fixed|418,1378943233,16780339,1266400678,1264530507,1266400678,1264530507,1266400678,1264530507,2285999,2279562,1141925,1139780,0,0,0,0,4294967295,4294967295,4096,4096,0,0,1141926,1141926,2595913441,2595913422,2595913449,2595913430,0,0,0,0,0,0,0,0,4096,256,131072,4,15|4,0,1800000000,262144,6867,0,0,0,0,17184,0,17168,0,2149,2146,0,1,17184,0|420,3317319878,15,562725032,0,562561024,0,562561024,0,632767409,0,2146,2146,1483877287,14,1483877287,14,2080,3585639281,14,2583665375,0,0,0,0,0
1788104584876|1001|formal_primary_1800s|rotating|418,1378943233,33555404,1266496161,1264626065,0,0,0,0,0,0,0,0,0,0,1142011,1139866,0,0,0,0,0,0,0,0,0,0,0,0,0,0,0,0,0,0,0,0,4096,256,131072,4,15|4,0,1800000000,262144,6867,0,0,0,0,17184,0,17168,0,2149,2146,0,1,17184,0|420,2630449667,15,562752204,0,562561024,0,562561024,0,632656389,0,2146,2146,1485965137,14,1485965137,14,2080,3520045505,14,2584285803,0,0,0,0,0
1788104589889|1001|formal_primary_1800s|fixed|420,1378943233,16780339,1272480750,1270602959,1272480750,1270602959,1272480750,1270602959,2296971,2290504,1147406,1145251,0,0,0,0,4294967295,4294967295,4096,4096,0,0,1147407,1147407,2916950084,2916950081,2916950092,2916950089,0,0,0,0,0,0,0,0,4096,256,131072,4,15|4,0,1800000000,262144,6867,0,0,0,0,17264,0,17248,0,2159,2156,0,1,17264,0|422,3637282796,15,565416620,0,565182464,0,565182464,0,635794922,0,2156,2156,1778790613,14,1778790613,14,2080,3890363470,14,2595694192,0,0,0,0,0
1788104589889|1001|formal_primary_1800s|rotating|420,1378943233,33555404,1272549201,1270671311,0,0,0,0,0,0,0,0,0,0,1147468,1145313,0,0,0,0,0,0,0,0,0,0,0,0,0,0,0,0,0,0,0,0,4096,256,131072,4,15|4,0,1800000000,262144,6867,0,0,0,0,17264,0,17248,0,2159,2156,0,1,17264,0|422,2950240546,15,565441816,0,565182464,0,565182464,0,635681324,0,2156,2156,1780701480,14,1780701480,14,2054,3824277463,14,2596318004,0,0,0,0,0
1788104594890|1001|formal_primary_1800s|fixed|422,1378943233,16781056,1278512496,1276624963,1278512496,1276624963,1278512496,1276624963,2307853,2301354,1152843,1150677,0,0,0,0,4294967295,4294967295,4096,4096,0,0,1152843,1152843,3235484588,3235484588,3235484596,3235484596,0,0,0,0,0,0,0,0,4096,256,131072,4,15|4,0,1800000000,262144,6867,0,0,0,0,17352,0,17336,0,2170,2167,0,1,17352,0|424,3957487235,15,568095688,0,568066048,0,568066048,0,638809614,0,2167,2167,2071511096,14,2071511096,14,2080,4193804983,14,2608926221,0,0,0,0,0
1788104594890|1001|formal_primary_1800s|rotating|422,1378943233,33555404,1278580881,1276693307,0,0,0,0,0,0,0,0,0,0,1152904,1150738,0,0,0,0,0,0,0,0,0,0,0,0,0,0,0,0,0,0,0,0,4096,256,131072,4,15|4,0,1800000000,262144,6867,0,0,0,0,17352,0,17336,0,2170,2167,0,1,17352,0|424,3270393830,15,568120884,0,568066048,0,568066048,0,638694918,0,2167,2167,2073362399,14,2073362399,14,2080,4127314178,14,2609555713,0,0,0,0,0
1788104599891|1001|formal_primary_1800s|fixed|424,1378943233,16780339,1284571127,1282673960,1284571127,1282673960,1284571127,1282673960,2318790,2312260,1158305,1156129,0,0,0,0,4294967295,4294967295,4096,4096,0,0,1158306,1158306,3557050727,3557050732,3557050735,3557050700,0,0,0,0,0,0,0,0,4096,256,131072,4,15|4,0,1800000000,262144,6867,0,0,0,0,17432,0,17416,0,2180,2177,0,1,17432,0|426,4277477604,15,570787276,0,570687488,0,570687488,0,641836243,0,2177,2177,2366448609,14,2366448609,14,2080,203589287,15,2620955087,0,0,0,0,0
1788104599891|1001|formal_primary_1800s|rotating|424,1378943233,33555404,1284639348,1282742058,0,0,0,0,0,0,0,0,0,0,1158367,1156191,0,0,0,0,0,0,0,0,0,0,0,0,0,0,0,0,0,0,0,0,4096,256,131072,4,15|4,0,1800000000,262144,6867,0,0,0,0,17432,0,17416,0,2180,2177,0,1,17432,0|426,3590391573,15,570812472,0,570687488,0,570687488,0,641721093,0,2177,2177,2368310439,14,2368310439,14,2080,136787797,15,2621582580,0,0,0,0,0
1788104604891|1001|formal_primary_1800s|fixed|426,1378943233,16781056,1290628212,1288724498,1290628212,1288724498,1290628212,1288724498,2329724,2323164,1163768,1161582,0,0,0,0,4294967295,4294967295,4096,4096,0,0,1163768,1163768,3877036684,3877037009,3877036692,3877037017,0,0,0,0,0,0,0,0,4096,256,131072,4,15|4,0,1800000000,262144,6867,0,0,0,0,17512,0,17496,0,2190,2187,0,1,17512,0|428,302553025,16,573479360,0,573308928,0,573308928,0,644863773,0,2187,2187,2661439774,14,2661439774,14,2080,508392908,15,2632984293,0,0,0,0,0
1788104604891|1001|formal_primary_1800s|rotating|426,1378943233,33555404,1290697397,1288793629,0,0,0,0,0,0,0,0,0,0,1163830,1161644,0,0,0,0,0,0,0,0,0,0,0,0,0,0,0,0,0,0,0,0,4096,256,131072,4,15|4,0,1800000000,262144,6867,0,0,0,0,17512,0,17496,0,2190,2187,0,1,17512,0|428,3910431017,15,573504552,0,573308928,0,573308928,0,644747884,0,2187,2187,2663295058,14,2663295058,14,2080,441267170,15,2633614448,0,0,0,0,0
1788104609906|1001|formal_primary_1800s|fixed|428,1378943233,16781056,1296703514,1294791111,1296703514,1294791111,1296703514,1294791111,2340688,2334098,1169245,1167049,0,0,0,0,4294967295,4294967295,4096,4096,0,0,1169245,1169245,4197853803,4197854128,4197853811,4197854136,0,0,0,0,0,0,0,0,4096,256,131072,4,15|4,0,1800000000,262144,6867,0,0,0,0,17592,0,17576,0,2200,2197,0,1,17592,0|430,623380306,16,576178852,0,575930368,0,575930368,0,647899212,0,2197,2197,2957214767,14,2957214767,14,2080,813980985,15,2645013607,0,0,0,0,0
1788104609906|1001|formal_primary_1800s|rotating|428,1378943233,33555404,1296779325,1294866748,0,0,0,0,0,0,0,0,0,0,1169313,1167117,0,0,0,0,0,0,0,0,0,0,0,0,0,0,0,0,0,0,0,0,4096,256,131072,4,15|4,0,1800000000,262144,6867,0,0,0,0,17596,0,17584,0,2201,2198,0,1,17596,0|430,4231300329,15,576192512,0,576192512,0,576192512,0,647777904,0,2198,2198,2957775563,14,2957775563,14,2048,746124841,15,2646067027,0,0,0,0,0
1788104614910|1001|formal_primary_1800s|fixed|430,1378943233,16780339,1302735072,1300812932,1302735072,1300812932,1302735072,1300812932,2351579,2344956,1174684,1172477,0,0,0,0,4294967295,4294967295,4096,4096,0,0,1174685,1174685,223141358,223141387,223141366,223141395,0,0,0,0,0,0,0,0,4096,256,131072,4,15|4,0,1800000000,262144,6867,0,0,0,0,17680,0,17664,0,2211,2208,0,1,17680,0|432,942683253,16,578850016,0,578813952,0,578813952,0,650903178,0,2208,2208,3249034310,14,3249034310,14,2080,1116520721,15,2658245915,0,0,0,0,0
1788104614910|1001|formal_primary_1800s|rotating|430,1378943233,33555404,1302797780,1300875501,0,0,0,0,0,0,0,0,0,0,1174740,1172533,0,0,0,0,0,0,0,0,0,0,0,0,0,0,0,0,0,0,0,0,4096,256,131072,4,15|4,0,1800000000,262144,6867,0,0,0,0,17680,0,17664,0,2211,2208,0,1,17680,0|432,256778127,16,578885584,0,578813952,0,578813952,0,650797713,0,2208,2208,3252062958,14,3252062958,14,2080,1049908179,15,2658880851,0,0,0,0,0
1788104619923|1001|formal_primary_1800s|fixed|432,1378943233,16780339,1308817289,1306886202,1308817289,1306886202,1308817289,1306886202,2362551,2355898,1180165,1177948,0,0,0,0,4294967295,4294967295,4096,4096,0,0,1180166,1180166,544177061,544177074,544177069,544177082,0,0,0,0,0,0,0,0,4096,256,131072,4,15|4,0,1800000000,262144,6867,0,0,0,0,17760,0,17744,0,2221,2218,0,1,17760,0|434,1264712507,16,581559880,0,581435392,0,581435392,0,653951869,0,2218,2218,3546003112,14,3546003112,14,2080,1423310865,15,2670275145,0,0,0,0,0
1788104619923|1001|formal_primary_1800s|rotating|432,1378943233,33555404,1308885735,1306954606,0,0,0,0,0,0,0,0,0,0,1180226,1178009,0,0,0,0,0,0,0,0,0,0,0,0,0,0,0,0,0,0,0,0,4096,256,131072,4,15|4,0,1800000000,262144,6867,0,0,0,0,17760,0,17744,0,2221,2218,0,1,17760,0|434,579165443,16,581598804,0,581435392,0,581435392,0,653849356,0,2218,2218,3549392548,14,3549392548,14,2080,1356733371,15,2670910361,0,0,0,0,0
1788104624938|1001|formal_primary_1800s|fixed|434,1378943233,16780339,1314891944,1312952019,1314891944,1312952019,1314891944,1312952019,2373515,2366832,1185642,1183415,0,0,0,0,4294967295,4294967295,4096,4096,0,0,1185643,1185643,865012386,865012391,865012394,865012399,0,0,0,0,0,0,0,0,4096,256,131072,4,15|4,0,1800000000,262144,6867,0,0,0,0,17840,0,17824,0,2231,2228,0,1,17840,0|436,1585449594,16,584257892,0,584056832,0,584056832,0,656986123,0,2228,2228,3841687752,14,3841687752,14,2080,1728809065,15,2682304141,0,0,0,0,0
1788104624938|1001|formal_primary_1800s|rotating|434,1378943233,33555404,1314984500,1313044496,0,0,0,0,0,0,0,0,0,0,1185725,1183498,0,0,0,0,0,0,0,0,0,0,0,0,0,0,0,0,0,0,0,0,4096,256,131072,4,15|4,0,1800000000,262144,6867,0,0,0,0,17840,0,17824,0,2231,2228,0,1,17840,0|436,899962699,16,584297412,0,584056832,0,584056832,0,656883282,0,2228,2228,3845134088,14,3845134088,14,2080,1661971680,15,2682941510,0,0,0,0,0
1788104629939|1001|formal_primary_1800s|fixed|436,1378943233,16780339,1320952946,1319004629,1320952946,1319004629,1320952946,1319004629,2384453,2377740,1191106,1188869,0,0,0,0,4294967295,4294967295,4096,4096,0,0,1191107,1191107,1185094624,1185094653,1185094640,1185094661,0,0,0,0,0,0,0,0,4096,256,131072,4,15|4,0,1800000000,262144,6867,0,0,0,0,17924,0,17912,0,2242,2239,0,1,17924,0|438,1905682782,16,586940416,0,586940416,0,586940416,0,660011196,0,2239,2239,4135570423,14,4135570423,14,2048,2033411053,15,2694725437,0,0,0,0,0
1788104629939|1001|formal_primary_1800s|rotating|436,1378943233,33558272,1320996983,1319047803,0,0,0,0,0,0,0,0,0,0,1191147,1188909,0,0,0,0,0,0,0,0,0,0,0,0,0,0,0,0,0,0,0,0,4096,256,131072,4,15|4,0,1800000000,262144,6867,0,0,0,0,17928,0,17912,0,2242,2239,0,1,17928,0|438,1219522757,16,586971044,0,586940416,0,586940416,0,659889923,0,2239,2239,4137201963,14,4137201963,14,2080,1964416879,15,2696180374,0,0,0,0,0
1788104634956|1001|formal_primary_1800s|fixed|438,1378943233,16781056,1327004245,1325046053,1327004245,1325046053,1327004245,1325046053,2395376,2388630,1196563,1194315,0,0,0,0,4294967295,4294967295,4096,4096,0,0,1196563,1196563,1506289945,1506290270,1506289953,1506290278,0,0,0,0,0,0,0,0,4096,256,131072,4,15|4,0,1800000000,262144,6867,0,0,0,0,18008,0,17992,0,2252,2249,0,1,18008,0|440,2226471183,16,589636452,0,589561856,0,589561856,0,663034871,0,2249,2249,135212976,15,135212976,15,2080,2337829049,15,2707564975,0,0,0,0,0
1788104634956|1001|formal_primary_1800s|rotating|438,1378943233,33558272,1327101807,1325143418,0,0,0,0,0,0,0,0,0,0,1196651,1194403,0,0,0,0,0,0,0,0,0,0,0,0,0,0,0,0,0,0,0,0,4096,256,131072,4,15|4,0,1800000000,262144,6867,0,0,0,0,18008,0,17992,0,2252,2249,0,1,18008,0|440,1542076791,16,589685356,0,589561856,0,589561856,0,662941793,0,2249,2249,139725344,15,139725344,15,2080,2271412860,15,2708215270,0,0,0,0,0
1788104639968|1001|formal_primary_1800s|fixed|440,1378943233,16780339,1333075225,1331108467,1333075225,1331108467,1333075225,1331108467,2406336,2399560,1202037,1199779,0,0,0,0,4294967295,4294967295,4096,4096,0,0,1202038,1202038,1826970330,1826970343,1826970338,1826970351,0,0,0,0,0,0,0,0,4096,256,131072,4,15|4,0,1800000000,262144,6867,0,0,0,0,18088,0,18072,0,2262,2259,0,1,18088,0|442,2547467239,16,592336932,0,592183296,0,592183296,0,666071691,0,2259,2259,431157996,15,431157996,15,2080,2643586604,15,2719593588,0,0,0,0,0
1788104639968|1001|formal_primary_1800s|rotating|440,1378943233,33558272,1333168340,1331201708,0,0,0,0,0,0,0,0,0,0,1202121,1199863,0,0,0,0,0,0,0,0,0,0,0,0,0,0,0,0,0,0,0,0,4096,256,131072,4,15|4,0,1800000000,262144,6867,0,0,0,0,18088,0,18072,0,2262,2259,0,1,18088,0|442,1861652198,16,592373488,0,592183296,0,592183296,0,665963748,0,2259,2259,434246485,15,434246485,15,2080,2575429790,15,2720247614,0,0,0,0,0
1788104644968|1001|formal_primary_1800s|fixed|442,1378943233,16780339,1339131456,1337156302,1339131456,1337156302,1339131456,1337156302,2417270,2410464,1207500,1205232,0,0,0,0,4294967295,4294967295,4096,4096,0,0,1207500,1207500,2146974723,2146975064,2146974731,2146975072,0,0,0,0,0,0,0,0,4096,256,131072,4,15|4,0,1800000000,262144,6867,0,0,0,0,18168,0,18152,0,2272,2269,0,1,18168,0|444,2867499084,16,595029012,0,594804736,0,594804736,0,669097785,0,2269,2269,726142461,15,726142461,15,2080,2948379640,15,2731622552,0,0,0,0,0
1788104644968|1001|formal_primary_1800s|rotating|442,1378943233,33555404,1339208330,1337233178,0,0,0,0,0,0,0,0,0,0,1207569,1205301,0,0,0,0,0,0,0,0,0,0,0,0,0,0,0,0,0,0,0,0,4096,256,131072,4,15|4,0,1800000000,262144,6867,0,0,0,0,18168,0,18152,0,2272,2269,0,1,18168,0|444,2181510962,16,595064088,0,594804736,0,594804736,0,668987250,0,2269,2269,729047659,15,729047659,15,2064,2879729238,15,2732282643,0,0,0,0,0
1788104649968|1001|formal_primary_1800s|fixed|444,1378943233,16781056,1345186606,1343201715,1345186606,1343201715,1345186606,1343201715,2428198,2421360,1212959,1210680,0,0,0,0,4294967295,4294967295,4096,4096,0,0,1212959,1212959,2466778774,2466778774,2466778782,2466778782,0,0,0,0,0,0,0,0,4096,256,131072,4,15|5,0,1800000000,262144,6867,0,0,0,0,18256,0,18240,0,2283,2280,0,1,18256,0|446,3187505690,16,597706600,0,597688320,0,597688320,0,672109662,0,2280,2280,1018663679,15,1018663679,15,2080,3251623131,15,2744854794,0,0,0,0,0
1788104649968|1001|formal_primary_1800s|rotating|444,1378943233,33555404,1345237420,1343252524,0,0,0,0,0,0,0,0,0,0,1213004,1210725,0,0,0,0,0,0,0,0,0,0,0,0,0,0,0,0,0,0,0,0,4096,256,131072,4,15|4,0,1800000000,262144,6867,0,0,0,0,18256,0,18240,0,2283,2280,0,1,18256,0|446,2501896208,16,597745132,0,597688320,0,597688320,0,672002243,0,2280,2280,1021941956,15,1021941956,15,2080,3182998213,15,2745518470,0,0,0,0,0
1788104654970|1001|formal_primary_1800s|fixed|446,1378943233,16780339,1351217697,1349224726,1351217697,1349224726,1351217697,1349224726,2439092,2432223,1218400,1216111,0,0,0,0,4294967295,4294967295,4096,4096,0,0,1218401,1218401,2787144583,2787144604,2787144599,2787144612,0,0,0,0,0,0,0,0,4096,256,131072,4,15|4,0,1800000000,262144,6867,0,0,0,0,18336,0,18320,0,2293,2290,0,1,18336,0|448,3507466971,16,600398188,0,600309760,0,600309760,0,675134527,0,2290,2290,1313577780,15,1313577780,15,2080,3556345154,15,2756884179,0,0,0,0,0
1788104654970|1001|formal_primary_1800s|rotating|446,1378943233,33555404,1351309263,1349316137,0,0,0,0,0,0,0,0,0,0,1218482,1216193,0,0,0,0,0,0,0,0,0,0,0,0,0,0,0,0,0,0,0,0,4096,256,131072,4,15|4,0,1800000000,262144,6867,0,0,0,0,18336,0,18320,0,2293,2290,0,1,18336,0|448,2821586960,16,600434248,0,600309760,0,600309760,0,675023872,0,2290,2290,1316577976,15,1316577976,15,2080,3487132661,15,2757551011,0,0,0,0,0
1788104659971|1001|formal_primary_1800s|fixed|448,1378943233,16781056,1357284216,1355281734,1357284216,1355281734,1357284216,1355281734,2450037,2443138,1223868,1221569,0,0,0,0,4294967295,4294967295,4096,4096,0,0,1223868,1223868,3107439297,3107439622,3107439305,3107439638,0,0,0,0,0,0,0,0,4096,256,131072,4,15|4,0,1800000000,262144,6867,0,0,0,0,18416,0,18400,0,2303,2300,0,1,18416,0|450,3827616615,16,603091256,0,602931200,0,602931200,0,678163884,0,2300,2300,1608679373,15,1608679373,15,2080,3861256215,15,2768912866,0,0,0,0,0
1788104659971|1001|formal_primary_1800s|rotating|448,1378943233,33555404,1357350289,1355347810,0,0,0,0,0,0,0,0,0,0,1223927,1221628,0,0,0,0,0,0,0,0,0,0,0,0,0,0,0,0,0,0,0,0,4096,256,131072,4,15|4,0,1800000000,262144,6867,0,0,0,0,18416,0,18400,0,2303,2300,0,1,18416,0|450,3141358734,16,603123860,0,602931200,0,602931200,0,678048785,0,2300,2300,1611292750,15,1611292750,15,2080,3791344813,15,2769585695,0,0,0,0,0
1788104664985|1001|formal_primary_1800s|fixed|450,1378943233,16780339,1363352485,1361342354,1363352485,1361342354,1363352485,1361342354,2460995,2454066,1229342,1227033,0,0,0,0,4294967295,4294967295,4096,4096,0,0,1229343,1229343,3428107540,3428107553,3428107548,3428107561,0,0,0,0,0,0,0,0,4096,256,131072,4,15|4,0,1800000000,262144,6867,0,0,0,0,18496,0,18480,0,2313,2310,0,1,18496,0|452,4149239330,16,605797172,0,605552640,0,605552640,0,681205642,0,2310,2310,1905250079,15,1905250079,15,2080,4167639744,15,2780942140,0,0,0,0,0
1788104664985|1001|formal_primary_1800s|rotating|450,1378943233,33558272,1363444133,1361433962,0,0,0,0,0,0,0,0,0,0,1229425,1227116,0,0,0,0,0,0,0,0,0,0,0,0,0,0,0,0,0,0,0,0,4096,256,131072,4,15|4,0,1800000000,262144,6867,0,0,0,0,18500,0,18488,0,2314,2311,0,1,18500,0|452,3462599258,16,605814784,0,605814784,0,605814784,0,681080713,0,2311,2311,1906140445,15,1906140445,15,2048,4096571051,15,2782041550,0,0,0,0,0
1788104669985|1001|formal_primary_1800s|fixed|452,1378943233,16781056,1369392735,1367373023,1369392735,1367373023,1369392735,1367373023,2471906,2464944,1234792,1232472,0,0,0,0,4294967295,4294967295,4096,4096,0,0,1234792,1234792,3748928138,3748928479,3748928154,3748928487,0,0,0,0,0,0,0,0,4096,256,131072,4,15|4,0,1800000000,262144,6867,0,0,0,0,18584,0,18568,0,2324,2321,0,1,18584,0|454,173402612,17,608467348,0,608436224,0,608436224,0,684206424,0,2321,2321,2196897721,15,2196897721,15,2080,175039971,16,2794174265,0,0,0,0,0
1788104669985|1001|formal_primary_1800s|rotating|452,1378943233,33555404,1369480509,1367460741,0,0,0,0,0,0,0,0,0,0,1234871,1232551,0,0,0,0,0,0,0,0,0,0,0,0,0,0,0,0,0,0,0,0,4096,256,131072,4,15|4,0,1800000000,262144,6867,0,0,0,0,18584,0,18568,0,2324,2321,0,1,18584,0|454,3783882383,16,608515264,0,608436224,0,608436224,0,684107723,0,2321,2321,2201264786,15,2201264786,15,2080,106227177,16,2794854656,0,0,0,0,0
1788104675014|1001|formal_primary_1800s|fixed|454,1378943233,16780339,1375470171,1373440187,1375470171,1373440187,1375470171,1373440187,2482880,2475888,1240273,1237943,0,0,0,0,4294967295,4294967295,4096,4096,0,0,1240274,1240274,4070017470,4070017459,4070017446,4070017467,0,0,0,0,0,0,0,0,4096,256,131072,4,15|4,0,1800000000,262144,6867,0,0,0,0,18664,0,18648,0,2334,2331,0,1,18664,0|456,495682914,17,611179188,0,611057664,0,611057664,0,687254447,0,2331,2331,2494120436,15,2494120436,15,2080,482081555,16,2806203129,0,0,0,0,0
1788104675014|1001|formal_primary_1800s|rotating|454,1378943233,33555404,1375548663,1373518569,0,0,0,0,0,0,0,0,0,0,1240344,1238014,0,0,0,0,0,0,0,0,0,0,0,0,0,0,0,0,0,0,0,0,4096,256,131072,4,15|4,0,1800000000,262144,6867,0,0,0,0,18664,0,18648,0,2334,2331,0,1,18664,0|456,4103927690,16,611207840,0,611057664,0,611057664,0,687132586,0,2331,2331,2496256148,15,2496256148,15,2080,410711954,16,2806885531,0,0,0,0,0
1788104680017|1001|formal_primary_1800s|fixed|456,1378943233,16780339,1381532027,1379493205,1381532027,1379493205,1381532027,1379493205,2493822,2486800,1245739,1243399,0,0,0,0,4294967295,4294967295,4096,4096,0,0,1245740,1245740,95234777,95234742,95234753,95234750,0,0,0,0,0,0,0,0,4096,256,131072,4,15|4,0,1800000000,262144,6867,0,0,0,0,18744,0,18728,0,2344,2341,0,1,18744,0|458,815711686,17,613871272,0,613679104,0,613679104,0,690281651,0,2341,2341,2789101302,15,2789101302,15,2080,786872001,16,2818231598,0,0,0,0,0
1788104680017|1001|formal_primary_1800s|rotating|456,1378943233,33558272,1381625689,1379586999,0,0,0,0,0,0,0,0,0,0,1245824,1243484,0,0,0,0,0,0,0,0,0,0,0,0,0,0,0,0,0,0,0,0,4096,256,131072,4,15|4,0,1800000000,262144,6867,0,0,0,0,18744,0,18728,0,2344,2341,0,1,18744,0|458,130019636,17,613908816,0,613679104,0,613679104,0,690169126,0,2341,2341,2792257350,15,2792257350,15,2080,716213018,16,2818918415,0,0,0,0,0
1788104685032|1001|formal_primary_1800s|fixed|458,1378943233,16780578,1387612782,1385565220,1387612782,1385565220,1387612782,1385565220,2504796,2497744,1251222,1248872,0,0,0,0,4294967295,4294967295,4096,4096,0,0,1251222,1251222,416354858,416355183,416354866,416355199,0,0,0,0,0,0,0,0,4096,256,131072,4,15|4,0,1800000000,262144,6867,0,0,0,0,18824,0,18808,0,2354,2351,0,1,18824,0|460,1135703875,17,616562688,0,616300544,0,616300544,0,693308623,0,2352,2351,3084009578,15,3084009578,15,2048,1091625176,16,2830260757,0,0,0,0,0
1788104685032|1001|formal_primary_1800s|rotating|458,1378943233,33558272,1387657268,1385609040,0,0,0,0,0,0,0,0,0,0,1251263,1248912,0,0,0,0,0,0,0,0,0,0,0,0,0,0,0,0,0,0,0,0,4096,256,131072,4,15|5,0,1800000000,262144,6867,0,0,0,0,18832,0,18816,0,2355,2352,0,1,18832,0|460,448893368,17,616576520,0,616562688,0,616562688,0,693168561,0,2352,2352,3083644671,15,3083644671,15,2080,1017972035,16,2832152992,0,0,0,0,0
1788104690032|1001|formal_primary_1800s|fixed|460,1378943233,16780339,1393644356,1391587817,1393644356,1391587817,1393644356,1391587817,2515683,2508598,1256659,1254298,0,0,0,0,4294967295,4294967295,4096,4096,0,0,1256660,1256660,736501538,736501535,736501546,736501543,0,0,0,0,0,0,0,0,4096,256,131072,4,15|4,0,1800000000,262144,6867,0,0,0,0,18912,0,18896,0,2365,2362,0,1,18912,0|462,1456679737,17,619249336,0,619184128,0,619184128,0,696330618,0,2362,2362,3377533540,15,3377533540,15,2080,1395837968,16,2843492973,0,0,0,0,0
1788104690032|1001|formal_primary_1800s|rotating|460,1378943233,33555404,1393709869,1391653377,0,0,0,0,0,0,0,0,0,0,1256718,1254357,0,0,0,0,0,0,0,0,0,0,0,0,0,0,0,0,0,0,0,0,4096,256,131072,4,15|4,0,1800000000,262144,6867,0,0,0,0,18912,0,18896,0,2365,2362,0,1,18912,0|462,769689076,17,619275024,0,619184128,0,619184128,0,696203883,0,2362,2362,3379381194,15,3379381194,15,2080,1323207666,16,2844187619,0,0,0,0,0
1788104695032|1001|formal_primary_1800s|fixed|462,1378943233,16780339,1399701120,1397635012,1399701120,1397635012,1399701120,1397635012,2526617,2519502,1262121,1259750,0,0,0,0,4294967295,4294967295,4096,4096,0,0,1262122,1262122,1056495768,1056495781,1056495776,1056495789,0,0,0,0,0,0,0,0,4096,256,131072,4,15|4,0,1800000000,262144,6867,0,0,0,0,18992,0,18976,0,2375,2372,0,1,18992,0|464,1776773466,17,621941912,0,621805568,0,621805568,0,699357560,0,2372,2372,3672576960,15,3672576960,15,2080,1700692640,16,2855522124,0,0,0,0,0
1788104695032|1001|formal_primary_1800s|rotating|462,1378943233,33555404,1399767718,1397701448,0,0,0,0,0,0,0,0,0,0,1262181,1259810,0,0,0,0,0,0,0,0,0,0,0,0,0,0,0,0,0,0,0,0,4096,256,131072,4,15|4,0,1800000000,262144,6867,0,0,0,0,18992,0,18976,0,2375,2372,0,1,18992,0|464,1089704361,17,621967108,0,621805568,0,621805568,0,699229381,0,2372,2372,3674341104,15,3674341104,15,2080,1627663662,16,2856220104,0,0,0,0,0
1788104700032|1001|formal_primary_1800s|fixed|464,1378943233,16780339,1405760584,1403684642,1405760584,1403684642,1405760584,1403684642,2537547,2530402,1267581,1265200,0,0,0,0,4294967295,4294967295,4096,4096,0,0,1267582,1267582,1376347040,1376347029,1376347000,1376347037,0,0,0,0,0,0,0,0,4096,256,131072,4,15|4,0,1800000000,262144,6867,0,0,0,0,19072,0,19056,0,2385,2382,0,1,19072,0|466,2096726157,17,624633008,0,624427008,0,624427008,0,702385744,0,2382,2382,3967483797,15,3967483797,15,2080,2005406433,16,2867551147,0,0,0,0,0
1788104700032|1001|formal_primary_1800s|rotating|464,1378943233,33555404,1405832432,1403756376,0,0,0,0,0,0,0,0,0,0,1267646,1265265,0,0,0,0,0,0,0,0,0,0,0,0,0,0,0,0,0,0,0,0,4096,256,131072,4,15|4,0,1800000000,262144,6867,0,0,0,0,19072,0,19056,0,2385,2382,0,1,19072,0|466,1410094442,17,624662152,0,624427008,0,624427008,0,702261152,0,2382,2382,3969673324,15,3969673324,15,2080,1932496638,16,2868254289,0,0,0,0,0
1788104705032|1001|formal_primary_1800s|fixed|466,1378943233,16780339,1411813909,1409729771,1411813909,1409729771,1411813909,1409729771,2548478,2541302,1273042,1270651,0,0,0,0,4294967295,4294967295,4096,4096,0,0,1273043,1273043,1696260224,1696260261,1696260232,1696260237,0,0,0,0,0,0,0,0,4096,256,131072,4,15|4,0,1800000000,262144,6867,0,0,0,0,19156,0,19144,0,2396,2393,0,1,19156,0|468,2416746022,17,627310592,0,627310592,0,627310592,0,705403505,0,2393,2393,4260822733,15,4260822733,15,2080,2309466590,16,2880300950,0,0,0,0,0
1788104705032|1001|formal_primary_1800s|rotating|466,1378943233,33555404,1411857320,1409772224,0,0,0,0,0,0,0,0,0,0,1273082,1270690,0,0,0,0,0,0,0,0,0,0,0,0,0,0,0,0,0,0,0,0,4096,256,131072,4,15|4,0,1800000000,262144,6867,0,0,0,0,19160,0,19144,0,2396,2393,0,1,19160,0|468,1729798411,17,627337268,0,627310592,0,627310592,0,705267217,0,2393,2393,4261886575,15,4261886575,15,2080,2235084450,16,2881491291,0,0,0,0,0
1788104710032|1001|formal_primary_1800s|fixed|468,1378943233,16780339,1417841947,1415747632,1417841947,1415747632,1417841947,1415747632,2559368,2552160,1278481,1276079,0,0,0,0,4294967295,4294967295,4096,4096,0,0,1278482,1278482,2016494754,2016494727,2016494714,2016494735,0,0,0,0,0,0,0,0,4096,256,131072,4,15|4,0,1800000000,262144,6867,0,0,0,0,19240,0,19224,0,2406,2403,0,1,19240,0|470,2736724650,17,630002180,0,629932032,0,629932032,0,708420525,0,2403,2403,259978194,16,259978194,16,2080,2613403260,16,2892812034,0,0,0,0,0
1788104710032|1001|formal_primary_1800s|rotating|468,1378943233,33555404,1417908412,1415814111,0,0,0,0,0,0,0,0,0,0,1278541,1276139,0,0,0,0,0,0,0,0,0,0,0,0,0,0,0,0,0,0,0,0,4096,256,131072,4,15|4,0,1800000000,262144,6867,0,0,0,0,19240,0,19224,0,2406,2403,0,1,19240,0|470,2049701127,17,630028364,0,629932032,0,629932032,0,708290849,0,2403,2403,261771113,16,261771113,16,2080,2539428907,16,2893519445,0,0,0,0,0
1788104715032|1001|formal_primary_1800s|fixed|470,1378943233,16780339,1423901569,1421798939,1423901569,1421798939,1423901569,1421798939,2570302,2563064,1283943,1281531,0,0,0,0,4294967295,4294967295,4096,4096,0,0,1283944,1283944,2336488743,2336488748,2336488751,2336488764,0,0,0,0,0,0,0,0,4096,256,131072,4,15|4,0,1800000000,262144,6867,0,0,0,0,19320,0,19304,0,2416,2413,0,1,19320,0|472,3056932858,17,632695744,0,632553472,0,632553472,0,711450395,0,2413,2413,555133141,16,555133141,16,2080,2918373021,16,2904840620,0,0,0,0,0
1788104715032|1001|formal_primary_1800s|rotating|470,1378943233,33558272,1423971009,1421868452,0,0,0,0,0,0,0,0,0,0,1284006,1281594,0,0,0,0,0,0,0,0,0,0,0,0,0,0,0,0,0,0,0,0,4096,256,131072,4,15|4,0,1800000000,262144,6867,0,0,0,0,19320,0,19304,0,2416,2413,0,1,19320,0|472,2369741742,17,632720444,0,632553472,0,632553472,0,711318259,0,2413,2413,556759623,16,556759623,16,2080,2843910190,16,2905548604,0,0,0,0,0
1788104720033|1001|formal_primary_1800s|fixed|472,1378943233,16780339,1429964338,1427853405,1429964338,1427853405,1429964338,1427853405,2581240,2573972,1289407,1286985,0,0,0,0,4294967295,4294967295,4096,4096,0,0,1289408,1289408,2656567222,2656567211,2656567230,2656567219,0,0,0,0,0,0,0,0,4096,256,131072,4,15|4,0,1800000000,262144,6867,0,0,0,0,19400,0,19384,0,2426,2423,0,1,19400,0|474,3376740995,17,635385852,0,635174912,0,635174912,0,714477000,0,2423,2423,849889224,16,849889224,16,2080,3222942029,16,2916869854,0,0,0,0,0
1788104720033|1001|formal_primary_1800s|rotating|472,1378943233,33558272,1430030714,1427919760,0,0,0,0,0,0,0,0,0,0,1289467,1287045,0,0,0,0,0,0,0,0,0,0,0,0,0,0,0,0,0,0,0,0,4096,256,131072,4,15|4,0,1800000000,262144,6867,0,0,0,0,19400,0,19384,0,2426,2423,0,1,19400,0|474,2689789438,17,635412528,0,635174912,0,635174912,0,714346436,0,2423,2423,851754540,16,851754540,16,2080,3148398902,16,2917578480,0,0,0,0,0
1788104725033|1001|formal_primary_1800s|fixed|474,1378943233,16780339,1436020642,1433900590,1436020642,1433900590,1436020642,1433900590,2592168,2584870,1294866,1292434,0,0,0,0,4294967295,4294967295,4096,4096,0,0,1294867,1294867,2976382364,2976382369,2976382372,2976382377,0,0,0,0,0,0,0,0,4096,256,131072,4,15|4,0,1800000000,262144,6867,0,0,0,0,19484,0,19472,0,2437,2434,0,1,19484,0|476,3696835435,17,638058496,0,638058496,0,638058496,0,717491058,0,2434,2434,1142654294,16,1142654294,16,2080,3526427209,16,2930101580,0,0,0,0,0
1788104725033|1001|formal_primary_1800s|rotating|474,1378943233,33555404,1436065703,1433944895,0,0,0,0,0,0,0,0,0,0,1294907,1292474,0,0,0,0,0,0,0,0,0,0,0,0,0,0,0,0,0,0,0,0,4096,256,131072,4,15|4,0,1800000000,262144,6867,0,0,0,0,19488,0,19472,0,2437,2434,0,1,19488,0|476,3010778447,17,638099004,0,638058496,0,638058496,0,717367496,0,2434,2434,1145253180,16,1145253180,16,2080,3452274813,16,2930812239,0,0,0,0,0
1788104730049|1001|formal_primary_1800s|fixed|476,1378943233,16780339,1442095164,1439964812,1442095164,1439964812,1442095164,1439964812,2603126,2595795,1300340,1297897,0,0,0,0,4294967295,4294967295,4096,4096,0,0,1300341,1300341,3298547880,3298547837,3298547888,3298547845,0,0,0,0,0,0,0,0,4096,256,131072,4,15|4,0,1800000000,262144,6867,0,0,0,0,19568,0,19552,0,2447,2444,0,1,19568,0|478,4018748058,17,640773304,0,640679936,0,640679936,0,720537813,0,2444,2444,1439362588,16,1439362588,16,2080,3832948118,16,2942130032,0,0,0,0,0
1788104730049|1001|formal_primary_1800s|rotating|476,1378943233,33555404,1442162336,1440032028,0,0,0,0,0,0,0,0,0,0,1300400,1297957,0,0,0,0,0,0,0,0,0,0,0,0,0,0,0,0,0,0,0,0,4096,256,131072,4,15|4,0,1800000000,262144,6867,0,0,0,0,19568,0,19552,0,2447,2444,0,1,19568,0|478,3331810919,17,640799484,0,640679936,0,640679936,0,720406425,0,2444,2444,1441224312,16,1441224312,16,2080,3757748017,16,2942848531,0,0,0,0,0
1788104735063|1001|formal_primary_1800s|fixed|478,1378943233,16780339,1448146790,1446007442,1448146790,1446007442,1448146790,1446007442,2614055,2606694,1305799,1303346,0,0,0,0,4294967295,4294967295,4096,4096,0,0,1305800,1305800,3618381359,3618381364,3618381367,3618381372,0,0,0,0,0,0,0,0,4096,256,131072,4,15|4,0,1800000000,262144,6867,0,0,0,0,19648,0,19632,0,2457,2454,0,1,19648,0|480,43817743,18,643465384,0,643301376,0,643301376,0,723563231,0,2454,2454,1734351782,16,1734351782,16,2080,4137746496,16,2954158722,0,0,0,0,0
1788104735063|1001|formal_primary_1800s|rotating|478,1378943233,33558272,1448220695,1446081176,0,0,0,0,0,0,0,0,0,0,1305866,1303413,0,0,0,0,0,0,0,0,0,0,0,0,0,0,0,0,0,0,0,0,4096,256,131072,4,15|4,0,1800000000,262144,6867,0,0,0,0,19648,0,19632,0,2457,2454,0,1,19648,0|480,3652086380,17,643494036,0,643301376,0,643301376,0,723433335,0,2454,2454,1736441669,16,1736441669,16,2079,4062464026,16,2954883087,0,0,0,0,0
1788104740064|1001|formal_primary_1800s|fixed|480,1378943233,16780339,1454201209,1452052383,1454201209,1452052383,1454201209,1452052383,2624997,2617606,1311265,1308802,0,0,0,0,4294967295,4294967295,4096,4096,0,0,1311266,1311266,3938599015,3938598996,3938598991,3938599004,0,0,0,0,0,0,0,0,4096,256,131072,4,15|4,0,1800000000,262144,6867,0,0,0,0,19728,0,19712,0,2467,2464,0,1,19728,0|482,363975513,18,646158456,0,645922816,0,645922816,0,726587224,0,2464,2464,2029462138,16,2029462138,16,2080,147697737,17,2966188049,0,0,0,0,0
1788104740064|1001|formal_primary_1800s|rotating|480,1378943233,33556360,1454266395,1452117501,0,0,0,0,0,0,0,0,0,0,1311325,1308862,0,0,0,0,0,0,0,0,0,0,0,0,0,0,0,0,0,0,0,0,4096,256,131072,4,15|4,0,1800000000,262144,6867,0,0,0,0,19728,0,19712,0,2467,2464,0,1,19728,0|482,3971796112,17,646183156,0,645922816,0,645922816,0,726452158,0,2464,2464,2031095322,16,2031095322,16,2052,71648918,17,2966916925,0,0,0,0,0
1788104745078|1001|formal_primary_1800s|fixed|482,1378943233,16781056,1460237775,1458079961,1460237775,1458079961,1460237775,1458079961,2635904,2628480,1316714,1314240,0,0,0,0,4294967295,4294967295,4096,4096,0,0,1316714,1316714,4259326560,4259326877,4259326568,4259326885,0,0,0,0,0,0,0,0,4096,256,131072,4,15|4,0,1800000000,262144,6867,0,0,0,0,19816,0,19800,0,2478,2475,0,1,19816,0|484,684776511,18,648842956,0,648806400,0,648806400,0,729604229,0,2475,2475,2322780700,16,2322780700,16,2080,451736301,17,2979419615,0,0,0,0,0
1788104745078|1001|formal_primary_1800s|rotating|482,1378943233,33558272,1460305585,1458147776,0,0,0,0,0,0,0,0,0,0,1316775,1314301,0,0,0,0,0,0,0,0,0,0,0,0,0,0,0,0,0,0,0,0,4096,256,131072,4,15|4,0,1800000000,262144,6867,0,0,0,0,19816,0,19800,0,2478,2475,0,1,19816,0|484,4293186407,17,648873092,0,648806400,0,648806400,0,729474540,0,2475,2475,2324988043,16,2324988043,16,2080,375922527,17,2980157125,0,0,0,0,0
1788104750079|1001|formal_primary_1800s|fixed|484,1378943233,16780339,1466297990,1464131492,1466297990,1464131492,1466297990,1464131492,2646848,2639394,1322180,1319696,0,0,0,0,4294967295,4294967295,4096,4096,0,0,1322181,1322181,284595030,284595035,284595038,284595043,0,0,0,0,0,0,0,0,4096,256,131072,4,15|4,0,1800000000,262144,6867,0,0,0,0,19896,0,19880,0,2488,2485,0,1,19896,0|486,1005137762,18,651538004,0,651427840,0,651427840,0,732633545,0,2485,2485,2618094608,16,2618094608,16,2080,756858082,17,2991449189,0,0,0,0,0
1788104750079|1001|formal_primary_1800s|rotating|484,1378943233,33555404,1466366888,1464200495,0,0,0,0,0,0,0,0,0,0,1322242,1319758,0,0,0,0,0,0,0,0,0,0,0,0,0,0,0,0,0,0,0,0,4096,256,131072,4,15|4,0,1800000000,262144,6867,0,0,0,0,19896,0,19880,0,2488,2485,0,1,19896,0|486,317935988,18,651562208,0,651427840,0,651427840,0,732496751,0,2485,2485,2619647891,16,2619647891,16,2080,680081709,17,2992191952,0,0,0,0,0
1788104755094|1001|formal_primary_1800s|fixed|486,1378943233,16780339,1472372634,1470197779,1472372634,1470197779,1472372634,1470197779,2657822,2650338,1327662,1325168,0,0,0,0,4294967295,4294967295,4096,4096,0,0,1327663,1327663,605681889,605681878,605681865,605681886,0,0,0,0,0,0,0,0,4096,256,131072,4,15|4,0,1800000000,262144,6867,0,0,0,0,19976,0,19960,0,2498,2495,0,1,19976,0|488,1325977071,18,654237000,0,654049280,0,654049280,0,735666443,0,2495,2495,2913883974,16,2913883974,16,2080,1062458792,17,3003477910,0,0,0,0,0
1788104755094|1001|formal_primary_1800s|rotating|486,1378943233,33555404,1472440648,1470265821,0,0,0,0,0,0,0,0,0,0,1327723,1325229,0,0,0,0,0,0,0,0,0,0,0,0,0,0,0,0,0,0,0,0,4096,256,131072,4,15|4,0,1800000000,262144,6867,0,0,0,0,19976,0,19960,0,2498,2495,0,1,19976,0|488,638999139,18,654263184,0,654049280,0,654049280,0,735531258,0,2495,2495,2915652585,16,2915652585,16,2080,985586226,17,3004225230,0,0,0,0,0
1788104760095|1001|formal_primary_1800s|fixed|488,1378943233,16781056,1478428953,1476244737,1478428953,1476244737,1478428953,1476244737,2668756,2661242,1333125,1330621,0,0,0,0,4294967295,4294967295,4096,4096,0,0,1333125,1333125,925694274,925694599,925694282,925694607,0,0,0,0,0,0,0,0,4096,256,131072,4,15|4,0,1800000000,262144,6867,0,0,0,0,20056,0,20040,0,2508,2505,0,1,20056,0|490,1646060891,18,656929576,0,656670720,0,656670720,0,738692650,0,2505,2505,3208919173,16,3208919173,16,2072,1367303684,17,3015506940,0,0,0,0,0
1788104760095|1001|formal_primary_1800s|rotating|488,1378943233,33558272,1478494265,1476310117,0,0,0,0,0,0,0,0,0,0,1333184,1330680,0,0,0,0,0,0,0,0,0,0,0,0,0,0,0,0,0,0,0,0,4096,256,131072,4,15|4,0,1800000000,262144,6867,0,0,0,0,20060,0,20048,0,2509,2506,0,1,20060,0|490,958923864,18,656940768,0,656932864,0,656932864,0,738539076,0,2506,2506,3208085528,16,3208085528,16,2080,1288394427,17,3017462718,0,0,0,0,0
1788104765113|1001|formal_primary_1800s|fixed|490,1378943233,16780339,1484476685,1482284511,1484476685,1482284511,1484476685,1482284511,2679679,2672132,1338580,1336065,0,0,0,0,4294967295,4294967295,4096,4096,0,0,1338581,1338581,1246835638,1246835651,1246835646,1246835659,0,0,0,0,0,0,0,0,4096,256,131072,4,15|4,0,1800000000,262144,6867,0,0,0,0,20144,0,20128,0,2519,2516,0,1,20144,0|492,1967836114,18,659622972,0,659554304,0,659554304,0,741720947,0,2516,2516,3503204754,16,3503204754,16,2080,1672315920,17,3028739055,0,0,0,0,0
1788104765113|1001|formal_primary_1800s|rotating|490,1378943233,33555404,1484560437,1482368271,0,0,0,0,0,0,0,0,0,0,1338655,1336140,0,0,0,0,0,0,0,0,0,0,0,0,0,0,0,0,0,0,0,0,4096,256,131072,4,15|4,0,1800000000,262144,6867,0,0,0,0,20144,0,20128,0,2519,2516,0,1,20144,0|492,1280963951,18,659650140,0,659554304,0,659554304,0,741585367,0,2516,2516,3505066405,16,3505066405,16,2080,1594875401,17,3029494552,0,0,0,0,0
1788104770125|1001|formal_primary_1800s|fixed|492,1378943233,16780578,1490553517,1488352295,1490553517,1488352295,1490553517,1488352295,2690641,2683064,1344057,1341532,0,0,0,0,4294967295,4294967295,4096,4096,0,0,1344057,1344057,1567628552,1567628885,1567628568,1567628901,0,0,0,0,0,0,0,0,4096,256,131072,4,15|4,0,1800000000,262144,6867,0,0,0,0,20224,0,20208,0,2529,2526,0,1,20224,0|494,2288199158,18,662318016,0,662175744,0,662175744,0,744752738,0,2526,2526,3798524063,16,3798524063,16,2080,1977440551,17,3040767553,0,0,0,0,0
1788104770125|1001|formal_primary_1800s|rotating|492,1378943233,33555404,1490621887,1488420585,0,0,0,0,0,0,0,0,0,0,1344118,1341593,0,0,0,0,0,0,0,0,0,0,0,0,0,0,0,0,0,0,0,0,4096,256,131072,4,15|4,0,1800000000,262144,6867,0,0,0,0,20224,0,20208,0,2529,2526,0,1,20224,0|494,1601053409,18,662342716,0,662175744,0,662175744,0,744613838,0,2526,2526,3800096353,16,3800096353,16,2080,1899408108,17,3041531008,0,0,0,0,0
1788104775127|1001|formal_primary_1800s|fixed|494,1378943233,16780339,1496613881,1494401695,1496613881,1494401695,1496613881,1494401695,2701573,2693966,1349518,1346983,0,0,0,0,4294967295,4294967295,4096,4096,0,0,1349518,1349518,1887552722,1887553047,1887552730,1887553055,0,0,0,0,0,0,0,0,4096,256,131072,4,15|4,0,1800000000,262144,6867,0,0,0,0,20304,0,20288,0,2539,2536,0,1,20304,0|496,2607958877,18,665007628,0,664797184,0,664797184,0,747778551,0,2536,2536,4093236081,16,4093236081,16,2080,2281961468,17,3052796481,0,0,0,0,0
1788104775127|1001|formal_primary_1800s|rotating|494,1378943233,33555404,1496688131,1494475900,0,0,0,0,0,0,0,0,0,0,1349584,1347049,0,0,0,0,0,0,0,0,0,0,0,0,0,0,0,0,0,0,0,0,4096,256,131072,4,15|4,0,1800000000,262144,6867,0,0,0,0,20304,0,20288,0,2539,2536,0,1,20304,0|496,1921289199,18,665036776,0,664797184,0,664797184,0,747643815,0,2536,2536,4095275429,16,4095275429,16,2080,2204085383,17,3053564283,0,0,0,0,0
1788104780139|1001|formal_primary_1800s|fixed|496,1378943233,16780339,1502692010,1500471682,1502692010,1500471682,1502692010,1500471682,2712545,2704908,1354998,1352453,0,0,0,0,4294967295,4294967295,4096,4096,0,0,1354999,1354999,2208567843,2208567872,2208567851,2208567848,0,0,0,0,0,0,0,0,4096,256,131072,4,15|5,0,1800000000,262144,6867,0,0,0,0,20392,0,20376,0,2550,2547,0,1,20392,0|498,2929184885,18,667696084,0,667680768,0,667680768,0,750801847,0,2547,2547,92010257,17,92010257,17,2080,2586425575,17,3066027481,0,0,0,0,0
1788104780139|1001|formal_primary_1800s|rotating|496,1378943233,33558272,1502730558,1500509432,0,0,0,0,0,0,0,0,0,0,1355034,1352488,0,0,0,0,0,0,0,0,0,0,0,0,0,0,0,0,0,0,0,0,4096,256,131072,4,15|4,0,1800000000,262144,6867,0,0,0,0,20392,0,20376,0,2550,2547,0,1,20392,0|498,2242044043,18,667720784,0,667680768,0,667680768,0,750661647,0,2547,2547,93569853,17,93569853,17,2080,2507724878,17,3066801493,0,0,0,0,0
1788104785141|1001|formal_primary_1800s|fixed|498,1378943233,16780339,1508722900,1506493993,1508722900,1506493993,1508722900,1506493993,2723430,2715760,1360435,1357879,0,0,0,0,4294967295,4294967295,4096,4096,0,0,1360436,1360436,2528688988,2528688993,2528688996,2528688961,0,0,0,0,0,0,0,0,4096,256,131072,4,15|4,0,1800000000,262144,6867,0,0,0,0,20472,0,20456,0,2560,2557,0,1,20472,0|500,3249129179,18,670387176,0,670302208,0,670302208,0,753829319,0,2557,2557,386905054,17,386905054,17,2080,2891130876,17,3078056569,0,0,0,0,0
1788104785141|1001|formal_primary_1800s|rotating|498,1378943233,33558272,1508791035,1506562232,0,0,0,0,0,0,0,0,0,0,1360497,1357941,0,0,0,0,0,0,0,0,0,0,0,0,0,0,0,0,0,0,0,0,4096,256,131072,4,15|4,0,1800000000,262144,6867,0,0,0,0,20472,0,20456,0,2560,2557,0,1,20472,0|500,2562026302,18,670412372,0,670302208,0,670302208,0,753688636,0,2557,2557,388495196,17,388495196,17,2080,2812146560,17,3078835588,0,0,0,0,0
1788104790141|1001|formal_primary_1800s|fixed|500,1378943233,16780339,1514771535,1512533881,1514771535,1512533881,1514771535,1512533881,2734358,2726658,1365894,1363328,0,0,0,0,4294967295,4294967295,4096,4096,0,0,1365895,1365895,2848503715,2848503728,2848503723,2848503736,0,0,0,0,0,0,0,0,4096,256,131072,4,15|4,0,1800000000,262144,6867,0,0,0,0,20552,0,20536,0,2570,2567,0,1,20552,0|502,3568895065,18,673077284,0,672923648,0,672923648,0,756851012,0,2567,2567,681624749,17,681624749,17,2080,3195658622,17,3090084825,0,0,0,0,0
1788104790141|1001|formal_primary_1800s|rotating|500,1378943233,33558272,1514848653,1512610945,0,0,0,0,0,0,0,0,0,0,1365964,1363398,0,0,0,0,0,0,0,0,0,0,0,0,0,0,0,0,0,0,0,0,4096,256,131072,4,15|4,0,1800000000,262144,6867,0,0,0,0,20552,0,20536,0,2570,2567,0,1,20552,0|502,2882276035,18,673106428,0,672923648,0,672923648,0,756714533,0,2567,2567,683690630,17,683690630,17,2080,3116841157,17,3090866458,0,0,0,0,0
1788104795141|1001|formal_primary_1800s|fixed|502,1378943233,16780339,1520851114,1518603395,1520851114,1518603395,1520851114,1518603395,2745338,2737608,1371379,1368803,0,0,0,0,4294967295,4294967295,4096,4096,0,0,1371380,1371380,3169766438,3169766451,3169766446,3169766459,0,0,0,0,0,0,0,0,4096,256,131072,4,15|4,0,1800000000,262144,6867,0,0,0,0,20632,0,20616,0,2580,2577,0,1,20632,0|504,3890005429,18,675778752,0,675545088,0,675545088,0,759886588,0,2577,2577,977678430,17,977678430,17,2080,3501530093,17,3102113820,0,0,0,0,0
1788104795141|1001|formal_primary_1800s|rotating|502,1378943233,33555404,1520917489,1518669721,0,0,0,0,0,0,0,0,0,0,1371439,1368863,0,0,0,0,0,0,0,0,0,0,0,0,0,0,0,0,0,0,0,0,4096,256,131072,4,15|4,0,1800000000,262144,6867,0,0,0,0,20632,0,20616,0,2580,2577,0,1,20632,0|504,3203032444,18,675804932,0,675545088,0,675545088,0,759745861,0,2577,2577,979392874,17,979392874,17,2058,3422036777,17,3102896073,0,0,0,0,0
1788104800141|1001|formal_primary_1800s|fixed|504,1378943233,16781056,1526878411,1524623360,1526878411,1524623360,1526878411,1524623360,2756218,2748456,1376815,1374228,0,0,0,0,4294967295,4294967295,4096,4096,0,0,1376815,1376815,3488243728,3488243728,3488243744,3488243744,0,0,0,0,0,0,0,0,4096,256,131072,4,15|4,0,1800000000,262144,6867,0,0,0,0,20720,0,20704,0,2591,2588,0,1,20720,0|506,4207990225,18,678438552,0,678428672,0,678428672,0,762878214,0,2588,2588,1268187654,17,1268187654,17,2080,3802751658,17,3115346181,0,0,0,0,0
1788104800141|1001|formal_primary_1800s|rotating|504,1378943233,33558272,1526908316,1524653275,0,0,0,0,0,0,0,0,0,0,1376842,1374255,0,0,0,0,0,0,0,0,0,0,0,0,0,0,0,0,0,0,0,0,4096,256,131072,4,15|4,0,1800000000,262144,6867,0,0,0,0,20720,0,20704,0,2591,2588,0,1,20720,0|506,3521275911,18,678466712,0,678428672,0,678428672,0,762739453,0,2588,2588,1270145664,17,1270145664,17,2080,3723164907,17,3116136391,0,0,0,0,0
1788104805141|1001|formal_primary_1800s|fixed|506,1378943233,16780578,1532915264,1530651312,1532915264,1530651312,1532915264,1530651312,2767111,2759318,1382256,1379659,0,0,0,0,4294967295,4294967295,4096,4096,0,0,1382256,1382256,3808591230,3808591547,3808591238,3808591555,0,0,0,0,0,0,0,0,4096,256,131072,4,15|4,0,1800000000,262144,6867,0,0,0,0,20800,0,20784,0,2601,2598,0,1,20800,0|508,234175690,19,681140516,0,681050112,0,681050112,0,765917750,0,2598,2598,1564290523,17,1564290523,17,2080,4108665891,17,3127374817,0,0,0,0,0
1788104805141|1001|formal_primary_1800s|rotating|506,1378943233,33555404,1532990842,1530726919,0,0,0,0,0,0,0,0,0,0,1382324,1379727,0,0,0,0,0,0,0,0,0,0,0,0,0,0,0,0,0,0,0,0,4096,256,131072,4,15|4,0,1800000000,262144,6867,0,0,0,0,20800,0,20784,0,2601,2598,0,1,20800,0|508,3842040738,18,681165216,0,681050112,0,681050112,0,765774620,0,2598,2598,1565853541,17,1565853541,17,2080,4028372709,17,3128168795,0,0,0,0,0
1788104810141|1001|formal_primary_1800s|fixed|508,1378943233,16781056,1538973876,1536702059,1538973876,1536702059,1538973876,1536702059,2778045,2770222,1387718,1385111,0,0,0,0,4294967295,4294967295,4096,4096,0,0,1387718,1387718,4128570620,4128570945,4128570628,4128570953,0,0,0,0,0,0,0,0,4096,256,131072,4,15|4,0,1800000000,262144,6867,0,0,0,0,20880,0,20864,0,2611,2608,0,1,20880,0|510,553998365,19,683830620,0,683671552,0,683671552,0,768943433,0,2608,2608,1859067984,17,1859067984,17,2080,118282997,18,3139403172,0,0,0,0,0
1788104810141|1001|formal_primary_1800s|rotating|508,1378943233,33555404,1539049346,1536777584,0,0,0,0,0,0,0,0,0,0,1387786,1385179,0,0,0,0,0,0,0,0,0,0,0,0,0,0,0,0,0,0,0,0,4096,256,131072,4,15|4,0,1800000000,262144,6867,0,0,0,0,20880,0,20864,0,2611,2608,0,1,20880,0|510,4162297006,18,683859272,0,683671552,0,683671552,0,768804041,0,2608,2608,1861051065,17,1861051065,17,2080,38103212,18,3140204079,0,0,0,0,0
1788104815142|1001|formal_primary_1800s|fixed|510,1378943233,16781056,1545037093,1542755905,1545037093,1542755905,1545037093,1542755905,2788989,2781136,1393185,1390568,0,0,0,0,4294967295,4294967295,4096,4096,0,0,1393185,1393185,153861972,153862321,153861980,153862329,0,0,0,0,0,0,0,0,4096,256,131072,4,15|4,0,1800000000,262144,6867,0,0,0,0,20960,0,20944,0,2621,2618,0,1,20960,0|512,874177846,19,686523692,0,686292992,0,686292992,0,771971989,0,2618,2618,2154194673,17,2154194673,17,2080,423223881,18,3151431890,0,0,0,0,0
1788104815142|1001|formal_primary_1800s|rotating|510,1378943233,33558272,1545103423,1542822402,0,0,0,0,0,0,0,0,0,0,1393245,1390628,0,0,0,0,0,0,0,0,0,0,0,0,0,0,0,0,0,0,0,0,4096,256,131072,4,15|4,0,1800000000,262144,6867,0,0,0,0,20960,0,20944,0,2621,2618,0,1,20960,0|512,187190506,19,686549872,0,686292992,0,686292992,0,771828567,0,2618,2618,2155859839,17,2155859839,17,2062,342404883,18,3152233548,0,0,0,0,0
1788104820142|1001|formal_primary_1800s|fixed|512,1378943233,16781056,1551072464,1548782266,1551072464,1548782266,1551072464,1548782266,2799883,2791998,1398627,1395999,0,0,0,0,4294967295,4294967295,4096,4096,0,0,1398627,1398627,472715963,472715963,472715971,472715971,0,0,0,0,0,0,0,0,4096,256,131072,4,15|4,0,1800000000,262144,6867,0,0,0,0,21048,0,21032,0,2632,2629,0,1,21048,0|514,1194083608,19,689200784,0,689176576,0,689176576,0,774982600,0,2629,2629,2446613406,17,2446613406,17,2080,726366700,18,3164663974,0,0,0,0,0
1788104820142|1001|formal_primary_1800s|rotating|512,1378943233,33555404,1551131820,1548841552,0,0,0,0,0,0,0,0,0,0,1398680,1396052,0,0,0,0,0,0,0,0,0,0,0,0,0,0,0,0,0,0,0,0,4096,256,131072,4,15|4,0,1800000000,262144,6867,0,0,0,0,21048,0,21032,0,2632,2629,0,1,21048,0|514,507209303,19,689227952,0,689176576,0,689176576,0,774839825,0,2629,2629,2448390134,17,2448390134,17,2080,645307173,18,3165467568,0,0,0,0,0
1788104825143|1001|formal_primary_1800s|fixed|514,1378943233,16780339,1557119432,1554820008,1557119432,1554820008,1557119432,1554820008,2810802,2802886,1404080,1401442,0,0,0,0,4294967295,4294967295,4096,4096,0,0,1404081,1404081,793777822,793777787,793777830,793777795,0,0,0,0,0,0,0,0,4096,256,131072,4,15|4,0,1800000000,262144,6867,0,0,0,0,21128,0,21112,0,2642,2639,0,1,21128,0|516,1514148706,19,691892864,0,691798016,0,691798016,0,778009169,0,2639,2639,2741623273,17,2741623273,17,2080,1031192988,18,3176692890,0,0,0,0,0
1788104825143|1001|formal_primary_1800s|rotating|514,1378943233,33555404,1557194454,1554895020,0,0,0,0,0,0,0,0,0,0,1404148,1401510,0,0,0,0,0,0,0,0,0,0,0,0,0,0,0,0,0,0,0,0,4096,256,131072,4,15|4,0,1800000000,262144,6867,0,0,0,0,21128,0,21112,0,2642,2639,0,1,21128,0|516,828384220,19,691929916,0,691798016,0,691798016,0,777876537,0,2639,2639,2744514197,17,2744514197,17,2080,950924502,18,3177493026,0,0,0,0,0
1788104830156|1001|formal_primary_1800s|fixed|516,1378943233,16781056,1563194237,1560888142,1563194237,1560888142,1563194237,1560888142,2821766,2813820,1409558,1406910,0,0,0,0,4294967295,4294967295,4096,4096,0,0,1409558,1409558,1114605099,1114605440,1114605107,1114605448,0,0,0,0,0,0,0,0,4096,256,131072,4,15|4,0,1800000000,262144,6867,0,0,0,0,21208,0,21192,0,2652,2649,0,1,21208,0|518,1834997706,19,694592356,0,694419456,0,694419456,0,781045025,0,2649,2649,3037422009,17,3037422009,17,2080,1336803164,18,3188721787,0,0,0,0,0
1788104830156|1001|formal_primary_1800s|rotating|516,1378943233,33555404,1563269540,1560963308,0,0,0,0,0,0,0,0,0,0,1409625,1406977,0,0,0,0,0,0,0,0,0,0,0,0,0,0,0,0,0,0,0,0,4096,256,131072,4,15|4,0,1800000000,262144,6867,0,0,0,0,21208,0,21192,0,2652,2649,0,1,21208,0|518,1148396826,19,694621996,0,694419456,0,694419456,0,780903477,0,2649,2649,3039469184,17,3039469184,17,2080,1255377113,18,3189527674,0,0,0,0,0
1788104835157|1001|formal_primary_1800s|fixed|518,1378943233,16780339,1569259733,1566944892,1569259733,1566944892,1569259733,1566944892,2832712,2824736,1415025,1412367,0,0,0,0,4294967295,4294967295,4096,4096,0,0,1415026,1415026,1434911595,1434911600,1434911603,1434911568,0,0,0,0,0,0,0,0,4096,256,131072,4,15|4,0,1800000000,262144,6867,0,0,0,0,21288,0,21272,0,2662,2659,0,1,21288,0|520,2155283883,19,697286416,0,697040896,0,697040896,0,784075534,0,2659,2659,3332658860,17,3332658860,17,2080,1641850409,18,3200750833,0,0,0,0,0
1788104835157|1001|formal_primary_1800s|rotating|518,1378943233,33555404,1569326045,1567011294,0,0,0,0,0,0,0,0,0,0,1415085,1412427,0,0,0,0,0,0,0,0,0,0,0,0,0,0,0,0,0,0,0,0,4096,256,131072,4,15|4,0,1800000000,262144,6867,0,0,0,0,21288,0,21272,0,2662,2659,0,1,21288,0|520,1468197839,19,697303040,0,697303040,0,697303040,0,783926858,0,2660,2660,3333223089,17,3333223089,17,2048,1559507439,18,3201640260,0,0,0,0,0
1788104840157|1001|formal_primary_1800s|fixed|520,1378943233,16781056,1575287922,1572965473,1575287922,1572965473,1575287922,1572965473,2843591,2835582,1420460,1417791,0,0,0,0,4294967295,4294967295,4096,4096,0,0,1420460,1420460,1754865802,1754866127,1754865810,1754866135,0,0,0,0,0,0,0,0,4096,256,131072,4,15|4,0,1800000000,262144,6867,0,0,0,0,21376,0,21360,0,2673,2670,0,1,21376,0|522,2475216810,19,699963508,0,699924480,0,699924480,0,787087470,0,2670,2670,3625111188,17,3625111188,17,2080,1945020919,18,3213982434,0,0,0,0,0
1788104840157|1001|formal_primary_1800s|rotating|520,1378943233,33555404,1575359123,1573036623,0,0,0,0,0,0,0,0,0,0,1420523,1417854,0,0,0,0,0,0,0,0,0,0,0,0,0,0,0,0,0,0,0,0,4096,256,131072,4,15|4,0,1800000000,262144,6867,0,0,0,0,21376,0,21360,0,2673,2670,0,1,21376,0|522,1788413862,19,699991172,0,699924480,0,699924480,0,786942481,0,2670,2670,3626938700,17,3626938700,17,2080,1862721602,18,3214798019,0,0,0,0,0
1788104845157|1001|formal_primary_1800s|fixed|522,1378943233,16780339,1581345987,1579014674,1581345987,1579014674,1581345987,1579014674,2854527,2846488,1425922,1423243,0,0,0,0,4294967295,4294967295,4096,4096,0,0,1425923,1425923,2074895678,2074895675,2074895638,2074895683,0,0,0,0,0,0,0,0,4096,256,131072,4,15|4,0,1800000000,262144,6867,0,0,0,0,21456,0,21440,0,2683,2680,0,1,21456,0|524,2795339907,19,702656576,0,702545920,0,702545920,0,790115219,0,2680,2680,3920183962,17,3920183962,17,2080,2249905531,18,3226010986,0,0,0,0,0
1788104845157|1001|formal_primary_1800s|rotating|522,1378943233,33555404,1581414060,1579082780,0,0,0,0,0,0,0,0,0,0,1425984,1423305,0,0,0,0,0,0,0,0,0,0,0,0,0,0,0,0,0,0,0,0,4096,256,131072,4,15|4,0,1800000000,262144,6867,0,0,0,0,21456,0,21440,0,2683,2680,0,1,21456,0|524,2108221912,19,702681276,0,702545920,0,702545920,0,789966367,0,2680,2680,3921693851,17,3921693851,17,2080,2166971879,18,3226828437,0,0,0,0,0
1788104850157|1001|formal_primary_1800s|fixed|524,1378943233,16780339,1587405193,1585064562,1587405193,1585064562,1587405193,1585064562,2865463,2857394,1431385,1428696,0,0,0,0,4294967295,4294967295,4096,4096,0,0,1431386,1431386,2394924918,2394924931,2394924934,2394924947,0,0,0,0,0,0,0,0,4096,256,131072,4,15|4,0,1800000000,262144,6867,0,0,0,0,21536,0,21520,0,2693,2690,0,1,21536,0|526,3115274448,19,705347672,0,705167360,0,705167360,0,793141544,0,2690,2690,4215071385,17,4215071385,17,2080,2554601542,18,3238039630,0,0,0,0,0
1788104850157|1001|formal_primary_1800s|rotating|524,1378943233,33555404,1587473618,1585132969,0,0,0,0,0,0,0,0,0,0,1431447,1428758,0,0,0,0,0,0,0,0,0,0,0,0,0,0,0,0,0,0,0,0,4096,256,131072,4,15|4,0,1800000000,262144,6867,0,0,0,0,21536,0,21520,0,2693,2690,0,1,21536,0|526,2428482716,19,705375336,0,705167360,0,705167360,0,792995430,0,2690,2690,4216894293,17,4216894293,17,2080,2471671194,18,3238865372,0,0,0,0,0
1788104855157|1001|formal_primary_1800s|fixed|526,1378943233,16780339,1593461279,1591111252,1593461279,1591111252,1593461279,1591111252,2876391,2868292,1436845,1434146,0,0,0,0,4294967295,4294967295,4096,4096,0,0,1436845,1436845,2714749042,2714749383,2714749050,2714749391,0,0,0,0,0,0,0,0,4096,256,131072,4,15|4,0,1800000000,262144,6867,0,0,0,0,21616,0,21600,0,2703,2700,0,1,21616,0|528,3435174261,19,708038272,0,707788800,0,707788800,0,796168056,0,2700,2700,214956130,18,214956130,18,2080,2859262738,18,3250068356,0,0,0,0,0
1788104855157|1001|formal_primary_1800s|rotating|526,1378943233,33555404,1593536377,1591186288,0,0,0,0,0,0,0,0,0,0,1436912,1434213,0,0,0,0,0,0,0,0,0,0,0,0,0,0,0,0,0,0,0,0,4096,256,131072,4,15|4,0,1800000000,262144,6867,0,0,0,0,21620,0,21608,0,2704,2701,0,1,21620,0|528,2748502676,19,708050944,0,708050944,0,708050944,0,796012080,0,2701,2701,215036670,18,215036670,18,2048,2775156062,18,3251842516,0,0,0,0,0
1788104860157|1001|formal_primary_1800s|fixed|528,1378943233,16781056,1599486418,1597127250,1599486418,1597127250,1599486418,1597127250,2887272,2879140,1442280,1439570,0,0,0,0,4294967295,4294967295,4096,4096,0,0,1442280,1442280,3034750950,3034751267,3034750958,3034751275,0,0,0,0,0,0,0,0,4096,256,131072,4,15|4,0,1800000000,262144,6867,0,0,0,0,21704,0,21688,0,2714,2711,0,1,21704,0|530,3755276562,19,710716844,0,710672384,0,710672384,0,799179355,0,2711,2711,507574315,18,507574315,18,2080,3162602431,18,3263300047,0,0,0,0,0
1788104860157|1001|formal_primary_1800s|rotating|528,1378943233,33555404,1599562155,1597202956,0,0,0,0,0,0,0,0,0,0,1442347,1439637,0,0,0,0,0,0,0,0,0,0,0,0,0,0,0,0,0,0,0,0,4096,256,131072,4,15|4,0,1800000000,262144,6867,0,0,0,0,21704,0,21688,0,2714,2711,0,1,21704,0|530,3068475293,19,710744508,0,710672384,0,710672384,0,799031902,0,2711,2711,509374173,18,509374173,18,2080,3078990756,18,3264133610,0,0,0,0,0
1788104865173|1001|formal_primary_1800s|fixed|530,1378943233,16780339,1605567687,1603200916,1605567687,1603200916,1605567687,1603200916,2898252,2890090,1447764,1445044,0,0,0,0,4294967295,4294967295,4096,4096,0,0,1447765,1447765,3355984470,3355984483,3355984486,3355984459,0,0,0,0,0,0,0,0,4096,256,131072,4,15|4,0,1800000000,262144,6867,0,0,0,0,21784,0,21768,0,2724,2721,0,1,21784,0|532,4076330992,19,713417820,0,713293824,0,713293824,0,802216481,0,2721,2721,803577925,18,803577925,18,2080,3468417802,18,3275329202,0,0,0,0,0
1788104865173|1001|formal_primary_1800s|rotating|530,1378943233,33555404,1605647765,1603280901,0,0,0,0,0,0,0,0,0,0,1447836,1445116,0,0,0,0,0,0,0,0,0,0,0,0,0,0,0,0,0,0,0,0,4096,256,131072,4,15|4,0,1800000000,262144,6867,0,0,0,0,21784,0,21768,0,2724,2721,0,1,21784,0|532,3390304652,19,713452400,0,713293824,0,713293824,0,802075980,0,2721,2721,806143503,18,806143503,18,2080,3385261723,18,3276166749,0,0,0,0,0
1788104870173|1001|formal_primary_1800s|fixed|532,1378943233,16780339,1611625818,1609249379,1611625818,1609249379,1611625818,1609249379,2909180,2900988,1453223,1450493,0,0,0,0,4294967295,4294967295,4096,4096,0,0,1453224,1453224,3675825419,3675825416,3675825387,3675825384,0,0,0,0,0,0,0,0,4096,256,131072,4,15|4,0,1800000000,262144,6867,0,0,0,0,21864,0,21848,0,2734,2731,0,1,21864,0|534,101228171,20,716108420,0,715915264,0,715915264,0,805243182,0,2731,2731,1098389830,18,1098389830,18,2080,3773042674,18,3287358900,0,0,0,0,0
1788104870173|1001|formal_primary_1800s|rotating|532,1378943233,33558272,1611702548,1609326156,0,0,0,0,0,0,0,0,0,0,1453293,1450563,0,0,0,0,0,0,0,0,0,0,0,0,0,0,0,0,0,0,0,0,4096,256,131072,4,15|4,0,1800000000,262144,6867,0,0,0,0,21864,0,21848,0,2734,2731,0,1,21864,0|534,3710281314,19,716143988,0,715915264,0,715915264,0,805103094,0,2731,2731,1101067537,18,1101067537,18,2080,3689679512,18,3288196557,0,0,0,0,0
1788104875173|1001|formal_primary_1800s|fixed|534,1378943233,16780339,1617706002,1615321532,1617706002,1615321532,1617706002,1615321532,2920158,2911936,1458707,1455967,0,0,0,0,4294967295,4294967295,4096,4096,0,0,1458708,1458708,3997022257,3997022270,3997022265,3997022278,0,0,0,0,0,0,0,0,4096,256,131072,4,15|4,0,1800000000,262144,6867,0,0,0,0,21948,0,21936,0,2745,2742,0,1,21948,0|536,422502902,20,718798848,0,718798848,0,718798848,0,808275853,0,2742,2742,1393159812,18,1393159812,18,2048,4078538262,18,3299928122,0,0,0,0,0
1788104875173|1001|formal_primary_1800s|rotating|534,1378943233,33558272,1617744359,1615359055,0,0,0,0,0,0,0,0,0,0,1458743,1456002,0,0,0,0,0,0,0,0,0,0,0,0,0,0,0,0,0,0,0,0,4096,256,131072,4,15|4,0,1800000000,262144,6867,0,0,0,0,21952,0,21936,0,2745,2742,0,1,21952,0|536,4031366624,19,718831452,0,718798848,0,718798848,0,808123323,0,2742,2742,1394661873,18,1394661873,18,2080,3993650317,18,3301430735,0,0,0,0,0
1788104880186|1001|formal_primary_1800s|fixed|536,1378943233,16781056,1623732334,1621338987,1623732334,1621338987,1623732334,1621338987,2931033,2922778,1464140,1461389,0,0,0,0,4294967295,4294967295,4096,4096,0,0,1464140,1464140,21901733,21902074,21901741,21902082,0,0,0,0,0,0,0,0,4096,256,131072,4,15|4,0,1800000000,262144,6867,0,0,0,0,22032,0,22016,0,2755,2752,0,1,22032,0|538,742320001,20,721487472,0,721420288,0,721420288,0,811292654,0,2752,2752,1686944651,18,1686944651,18,2080,87166078,19,3312619189,0,0,0,0,0
1788104880186|1001|formal_primary_1800s|rotating|536,1378943233,33555404,1623801940,1621408568,0,0,0,0,0,0,0,0,0,0,1464202,1461451,0,0,0,0,0,0,0,0,0,0,0,0,0,0,0,0,0,0,0,0,4096,256,131072,4,15|4,0,1800000000,262144,6867,0,0,0,0,22032,0,22016,0,2755,2752,0,1,22032,0|538,55236208,20,721512668,0,721420288,0,721420288,0,811139627,0,2752,2752,1688447940,18,1688447940,18,2080,1962139,19,3313461300,0,0,0,0,0
1788104885188|1001|formal_primary_1800s|fixed|538,1378943233,16780339,1629790483,1627388700,1629790483,1627388700,1629790483,1627388700,2941968,2933683,1469602,1466841,0,0,0,0,4294967295,4294967295,4096,4096,0,0,1469603,1469603,341900726,341900731,341900734,341900707,0,0,0,0,0,0,0,0,4096,256,131072,4,15|4,0,1800000000,262144,6867,0,0,0,0,22112,0,22096,0,2765,2762,0,1,22112,0|540,1062540770,20,724181532,0,724041728,0,724041728,0,814321968,0,2762,2762,1982115667,18,1982115667,18,2080,392148612,19,3324647519,0,0,0,0,0
1788104885188|1001|formal_primary_1800s|rotating|538,1378943233,33558272,1629865862,1627464155,0,0,0,0,0,0,0,0,0,0,1469670,1466909,0,0,0,0,0,0,0,0,0,0,0,0,0,0,0,0,0,0,0,0,4096,256,131072,4,15|4,0,1800000000,262144,6867,0,0,0,0,22112,0,22096,0,2765,2762,0,1,22112,0|540,375657205,20,724208208,0,724041728,0,724041728,0,814170268,0,2762,2762,1983812936,18,1983812936,18,2080,306824194,19,3325493462,0,0,0,0,0
1788104890188|1001|formal_primary_1800s|fixed|540,1378943233,16780339,1635851003,1633441011,1635851003,1633441011,1635851003,1633441011,2952901,2944586,1475064,1472293,0,0,0,0,4294967295,4294967295,4096,4096,0,0,1475064,1475064,661861287,661861620,661861295,661861628,0,0,0,0,0,0,0,0,4096,256,131072,4,15|4,0,1800000000,262144,6867,0,0,0,0,22192,0,22176,0,2775,2772,0,1,22192,0|542,1382304685,20,726871144,0,726663168,0,726663168,0,817348027,0,2772,2772,2276831897,18,2276831897,18,2080,696673485,19,3336676672,0,0,0,0,0
1788104890188|1001|formal_primary_1800s|rotating|540,1378943233,33555404,1635925434,1633515391,0,0,0,0,0,0,0,0,0,0,1475130,1472359,0,0,0,0,0,0,0,0,0,0,0,0,0,0,0,0,0,0,0,0,4096,256,131072,4,15|4,0,1800000000,262144,6867,0,0,0,0,22192,0,22176,0,2775,2772,0,1,22192,0|542,696075882,20,726903748,0,726663168,0,726663168,0,817202159,0,2772,2772,2279172103,18,2279172103,18,2080,611682186,19,3337529127,0,0,0,0,0
1788104895188|1001|formal_primary_1800s|fixed|542,1378943233,16780339,1641910126,1639491726,1641910126,1639491726,1641910126,1639491726,2963839,2955494,1480527,1477746,0,0,0,0,4294967295,4294967295,4096,4096,0,0,1480528,1480528,981949210,981949183,981949218,981949191,0,0,0,0,0,0,0,0,4096,256,131072,4,15|4,0,1800000000,262144,6867,0,0,0,0,22276,0,22264,0,2786,2783,0,1,22276,0|544,1702322902,20,729546752,0,729546752,0,729546752,0,820364867,0,2783,2783,2569966923,18,2569966923,18,2080,1000531593,19,3349626875,0,0,0,0,0
1788104895188|1001|formal_primary_1800s|rotating|542,1378943233,33555404,1641952703,1639533428,0,0,0,0,0,0,0,0,0,0,1480566,1477784,0,0,0,0,0,0,0,0,0,0,0,0,0,0,0,0,0,0,0,0,4096,256,131072,4,15|4,0,1800000000,262144,6867,0,0,0,0,22280,0,22264,0,2786,2783,0,1,22280,0|544,1015441323,20,729575900,0,729546752,0,729546752,0,820206142,0,2783,2783,2571050700,18,2571050700,18,2080,913932247,19,3350763015,0,0,0,0,0
1788104900204|1001|formal_primary_1800s|fixed|544,1378943233,16781056,1647958709,1645530924,1647958709,1645530924,1647958709,1645530924,2974754,2966376,1485980,1483188,0,0,0,0,4294967295,4294967295,4096,4096,0,0,1485980,1485980,1302904046,1302904347,1302904054,1302904363,0,0,0,0,0,0,0,0,4096,256,131072,4,15|4,0,1800000000,262144,6867,0,0,0,0,22360,0,22344,0,2796,2793,0,1,22360,0|546,2023425009,20,732250196,0,732168192,0,732168192,0,823398200,0,2793,2793,2865411248,18,2865411248,18,2080,1305791395,19,3361938308,0,0,0,0,0
1788104900204|1001|formal_primary_1800s|rotating|544,1378943233,33555404,1648033801,1645605833,0,0,0,0,0,0,0,0,0,0,1486047,1483255,0,0,0,0,0,0,0,0,0,0,0,0,0,0,0,0,0,0,0,0,4096,256,131072,4,15|4,0,1800000000,262144,6867,0,0,0,0,22360,0,22344,0,2796,2793,0,1,22360,0|546,1336628843,20,732277860,0,732168192,0,732168192,0,823245426,0,2793,2793,2867183587,18,2867183587,18,2080,1219561870,19,3362792221,0,0,0,0,0
1788104905205|1001|formal_primary_1800s|fixed|546,1378943233,16780339,1654022026,1651584625,1654022026,1651584625,1654022026,1651584625,2985700,2977292,1491447,1488645,0,0,0,0,4294967295,4294967295,4096,4096,0,0,1491448,1491448,1623196058,1623196039,1623196026,1623196047,0,0,0,0,0,0,0,0,4096,256,131072,4,15|4,0,1800000000,262144,6867,0,0,0,0,22440,0,22424,0,2806,2803,0,1,22440,0|548,2343782209,20,734945244,0,734789632,0,734789632,0,826428215,0,2803,2803,3160713999,18,3160713999,18,2078,1610909193,19,3373967859,0,0,0,0,0
1788104905205|1001|formal_primary_1800s|rotating|546,1378943233,33555404,1654090917,1651653576,0,0,0,0,0,0,0,0,0,0,1491509,1488707,0,0,0,0,0,0,0,0,0,0,0,0,0,0,0,0,0,0,0,0,4096,256,131072,4,15|4,0,1800000000,262144,6867,0,0,0,0,22440,0,22424,0,2806,2803,0,1,22440,0|548,1656554735,20,734968956,0,734789632,0,734789632,0,826270720,0,2803,2803,3162057378,18,3162057378,18,2080,1523928319,19,3374821620,0,0,0,0,0
1788104910218|1001|formal_primary_1800s|fixed|548,1378943233,16780339,1660098754,1657651928,1660098754,1657651928,1660098754,1657651928,2996658,2988220,1496922,1494110,0,0,0,0,4294967295,4294967295,4096,4096,0,0,1496922,1496922,1943869194,1943869527,1943869202,1943869535,0,0,0,0,0,0,0,0,4096,256,131072,4,15|4,0,1800000000,262144,6867,0,0,0,0,22520,0,22504,0,2816,2813,0,1,22520,0|550,2664408763,20,737642264,0,737411072,0,737411072,0,829463609,0,2813,2813,3456289500,18,3456289500,18,2080,1916296383,19,3385997322,0,0,0,0,0
1788104910218|1001|formal_primary_1800s|rotating|548,1378943233,33555404,1660173931,1657727136,0,0,0,0,0,0,0,0,0,0,1496990,1494178,0,0,0,0,0,0,0,0,0,0,0,0,0,0,0,0,0,0,0,0,4096,256,131072,4,15|4,0,1800000000,262144,6867,0,0,0,0,22520,0,22504,0,2816,2813,0,1,22520,0|550,1978165588,20,737673216,0,737411072,0,737411072,0,829314731,0,2814,2813,3458383113,18,3458383113,18,2048,1829980778,19,3386853816,0,0,0,0,0
1788104915220|1001|formal_primary_1800s|fixed|550,1378943233,16781056,1666128313,1663671824,1666128313,1663671824,1666128313,1663671824,3007558,2999088,1502367,1499544,0,0,0,0,4294967295,4294967295,4096,4096,0,0,1502367,1502367,2262891345,2262891345,2262891353,2262891353,0,0,0,0,0,0,0,0,4096,256,131072,4,15|4,0,1800000000,262144,6867,0,0,0,0,22608,0,22592,0,2827,2824,0,1,22608,0|552,2984497320,20,740320840,0,740294656,0,740294656,0,832471256,0,2824,2824,3748895852,18,3748895852,18,2080,2219622706,19,3399228649,0,0,0,0,0
1788104915220|1001|formal_primary_1800s|rotating|550,1378943233,33558272,1666193680,1663737211,0,0,0,0,0,0,0,0,0,0,1502426,1499603,0,0,0,0,0,0,0,0,0,0,0,0,0,0,0,0,0,0,0,0,4096,256,131072,4,15|4,0,1800000000,262144,6867,0,0,0,0,22608,0,22592,0,2827,2824,0,1,22608,0|552,2297772660,20,740349108,0,740294656,0,740294656,0,832317118,0,2824,2824,3750726227,18,3750726227,18,2080,2132472918,19,3400090839,0,0,0,0,0
1788104920233|1001|formal_primary_1800s|fixed|552,1378943233,16780339,1672197613,1669732956,1672197613,1669732956,1672197613,1669732956,3018515,3010014,1507839,1505006,0,0,0,0,4294967295,4294967295,4096,4096,0,0,1507840,1507840,2584995931,2584995944,2584995939,2584995952,0,0,0,0,0,0,0,0,4096,256,131072,4,15|4,0,1800000000,262144,6867,0,0,0,0,22688,0,22672,0,2837,2834,0,1,22688,0|554,3305716834,20,743023296,0,742916096,0,742916096,0,835510567,0,2834,2834,4045058899,18,4045058899,18,2080,2525603521,19,3411257424,0,0,0,0,0
1788104920233|1001|formal_primary_1800s|rotating|552,1378943233,33555404,1672289449,1669824830,0,0,0,0,0,0,0,0,0,0,1507922,1505089,0,0,0,0,0,0,0,0,0,0,0,0,0,0,0,0,0,0,0,0,4096,256,131072,4,15|4,0,1800000000,262144,6867,0,0,0,0,22688,0,22672,0,2837,2834,0,1,22688,0|554,2619492732,20,743056392,0,742916096,0,742916096,0,835360750,0,2834,2834,4047392429,18,4047392429,18,2080,2438634968,19,3412117938,0,0,0,0,0
1788104925237|1001|formal_primary_1800s|fixed|554,1378943233,16780339,1678259494,1675787572,1678259494,1675787572,1678259494,1675787572,3029453,3020922,1513303,1510460,0,0,0,0,4294967295,4294967295,4096,4096,0,0,1513304,1513304,2905110144,2905110149,2905110152,2905110157,0,0,0,0,0,0,0,0,4096,256,131072,4,15|4,0,1800000000,262144,6867,0,0,0,0,22768,0,22752,0,2847,2844,0,1,22768,0|556,3624708372,20,745706484,0,745537536,0,745537536,0,838528447,0,2844,2844,44036316,19,44036316,19,2080,2829356215,19,3423286398,0,0,0,0,0
1788104925237|1001|formal_primary_1800s|rotating|554,1378943233,33555404,1678323855,1675852024,0,0,0,0,0,0,0,0,0,0,1513362,1510519,0,0,0,0,0,0,0,0,0,0,0,0,0,0,0,0,0,0,0,0,4096,256,131072,4,15|4,0,1800000000,262144,6867,0,0,0,0,22768,0,22752,0,2847,2844,0,1,22768,0|556,2938347955,20,745738100,0,745537536,0,745537536,0,838376490,0,2844,2844,46225980,19,46225980,19,2080,2741930236,19,3424152003,0,0,0,0,0
1788104930245|1001|formal_primary_1800s|fixed|556,1378943233,16780339,1684334385,1681852267,1684334385,1681852267,1684334385,1681852267,3040413,3031852,1518778,1515925,0,0,0,0,4294967295,4294967295,4096,4096,0,0,1518779,1518779,3225810918,3225810899,3225810926,3225810907,0,0,0,0,0,0,0,0,4096,256,131072,4,15|4,0,1800000000,262144,6867,0,0,0,0,22848,0,22832,0,2857,2854,0,1,22848,0|558,3946208163,20,748411412,0,748158976,0,748158976,0,841571214,0,2854,2854,340481993,19,340481993,19,2080,3135616978,19,3435315560,0,0,0,0,0
1788104930245|1001|formal_primary_1800s|rotating|556,1378943233,33558272,1684402369,1681920222,0,0,0,0,0,0,0,0,0,0,1518840,1515987,0,0,0,0,0,0,0,0,0,0,0,0,0,0,0,0,0,0,0,0,4096,256,131072,4,15|4,0,1800000000,262144,6867,0,0,0,0,22852,0,22840,0,2858,2855,0,1,22852,0|558,3259234784,20,748421120,0,748421120,0,748421120,0,841402554,0,2855,2855,340203854,19,340203854,19,2080,3046283608,19,3437125977,0,0,0,0,0
1788104935251|1001|formal_primary_1800s|fixed|558,1378943233,16780339,1690364429,1687873365,1690364429,1687873365,1690364429,1687873365,3051302,3042708,1524217,1521353,0,0,0,0,4294967295,4294967295,4096,4096,0,0,1524218,1524218,3546025750,3546025755,3546025758,3546025763,0,0,0,0,0,0,0,0,4096,256,131072,4,15|4,0,1800000000,262144,6867,0,0,0,0,22936,0,22920,0,2868,2865,0,1,22936,0|560,4266496241,20,751091468,0,751042560,0,751042560,0,844584819,0,2865,2865,633286151,19,633286151,19,2080,3439142000,19,3448547719,0,0,0,0,0
1788104935251|1001|formal_primary_1800s|rotating|558,1378943233,33555404,1690438560,1687947433,0,0,0,0,0,0,0,0,0,0,1524284,1521420,0,0,0,0,0,0,0,0,0,0,0,0,0,0,0,0,0,0,0,0,4096,256,131072,4,15|4,0,1800000000,262144,6867,0,0,0,0,22936,0,22920,0,2868,2865,0,1,22936,0|560,3579576710,20,751118144,0,751042560,0,751042560,0,844425992,0,2865,2865,634904593,19,634904593,19,2080,3350482613,19,3449422302,0,0,0,0,0
1788104940265|1001|formal_primary_1800s|fixed|560,1378943233,16780339,1696448605,1693948284,1696448605,1693948284,1696448605,1693948284,3062276,3053652,1529699,1526825,0,0,0,0,4294967295,4294967295,4096,4096,0,0,1529700,1529700,3867139552,3867139557,3867139560,3867139565,0,0,0,0,0,0,0,0,4096,256,131072,4,15|4,0,1800000000,262144,6867,0,0,0,0,23016,0,23000,0,2878,2875,0,1,23016,0|562,292689158,21,753793428,0,753664000,0,753664000,0,847624902,0,2875,2875,929396803,19,929396803,19,2080,3745063476,19,3460576587,0,0,0,0,0
1788104940265|1001|formal_primary_1800s|rotating|560,1378943233,33558272,1696516135,1694015987,0,0,0,0,0,0,0,0,0,0,1529761,1526887,0,0,0,0,0,0,0,0,0,0,0,0,0,0,0,0,0,0,0,0,4096,256,131072,4,15|4,0,1800000000,262144,6867,0,0,0,0,23016,0,23000,0,2878,2875,0,1,23016,0|562,3900495550,20,753818128,0,753664000,0,753664000,0,847463004,0,2875,2875,930765463,19,930765463,19,2080,3655844318,19,3461455369,0,0,0,0,0
1788104945266|1001|formal_primary_1800s|fixed|562,1378943233,16781056,1702502199,1699992752,1702502199,1699992752,1702502199,1699992752,3073206,3064552,1535160,1532276,0,0,0,0,4294967295,4294967295,4096,4096,0,0,1535160,1535160,4187008449,4187008798,4187008457,4187008806,0,0,0,0,0,0,0,0,4096,256,131072,4,15|4,0,1800000000,262144,6867,0,0,0,0,23096,0,23080,0,2888,2885,0,1,23096,0|564,612517105,21,756483536,0,756285440,0,756285440,0,850649117,0,2885,2885,1224174262,19,1224174262,19,2080,4049652538,19,3472605583,0,0,0,0,0
1788104945266|1001|formal_primary_1800s|rotating|562,1378943233,33555404,1702593463,1700083968,0,0,0,0,0,0,0,0,0,0,1535242,1532358,0,0,0,0,0,0,0,0,0,0,0,0,0,0,0,0,0,0,0,0,4096,256,131072,4,15|4,0,1800000000,262144,6867,0,0,0,0,23096,0,23080,0,2888,2885,0,1,23096,0|564,4221618099,20,756519596,0,756285440,0,756285440,0,850499267,0,2885,2885,1226831657,19,1226831657,19,2080,3961407975,19,3473486457,0,0,0,0,0
1788104950266|1001|formal_primary_1800s|fixed|564,1378943233,16781056,1708563818,1706044756,1708563818,1706044756,1708563818,1706044756,3084150,3075466,1540627,1537733,0,0,0,0,4294967295,4294967295,4096,4096,0,0,1540627,1540627,212300229,212300578,212300245,212300586,0,0,0,0,0,0,0,0,4096,256,131072,4,15|4,0,1800000000,262144,6867,0,0,0,0,23176,0,23160,0,2898,2895,0,1,23176,0|566,932683869,21,759169024,0,759169024,0,759169024,0,853675823,0,2896,2896,1518391205,19,1518391205,19,2048,59612972,20,3484634688,0,0,0,0,0
1788104950266|1001|formal_primary_1800s|rotating|564,1378943233,33558272,1708611587,1706091706,0,0,0,0,0,0,0,0,0,0,1540671,1537776,0,0,0,0,0,0,0,0,0,0,0,0,0,0,0,0,0,0,0,0,4096,256,131072,4,15|5,0,1800000000,262144,6867,0,0,0,0,23184,0,23168,0,2899,2896,0,1,23184,0|566,245504375,21,759187304,0,759169024,0,759169024,0,853497255,0,2896,2896,1518198999,19,1518198999,19,2080,4263146900,19,3486720828,0,0,0,0,0
1788104955266|1001|formal_primary_1800s|fixed|566,1378943233,16781056,1714591154,1712063108,1714591154,1712063108,1714591154,1712063108,3095029,3086312,1546061,1543156,0,0,0,0,4294967295,4294967295,4096,4096,0,0,1546061,1546061,532246775,532247116,532246783,532247124,0,0,0,0,0,0,0,0,4096,256,131072,4,15|4,0,1800000000,262144,6867,0,0,0,0,23264,0,23248,0,2909,2906,0,1,23264,0|568,1252822788,21,761855672,0,761790464,0,761790464,0,856689863,0,2906,2906,1811945301,19,1811945301,19,2080,362988863,20,3497866829,0,0,0,0,0
1788104955266|1001|formal_primary_1800s|rotating|566,1378943233,33555404,1714659855,1712131766,0,0,0,0,0,0,0,0,0,0,1546122,1543217,0,0,0,0,0,0,0,0,0,0,0,0,0,0,0,0,0,0,0,0,4096,256,131072,4,15|4,0,1800000000,262144,6867,0,0,0,0,23264,0,23248,0,2909,2906,0,1,23264,0|568,565613154,21,761879880,0,761790464,0,761790464,0,856525511,0,2906,2906,1813250070,19,1813250070,19,2080,272728078,20,3498755430,0,0,0,0,0
1788104960267|1001|formal_primary_1800s|fixed|568,1378943233,16780339,1720654424,1718118063,1720654424,1718118063,1720654424,1718118063,3105969,3097222,1551525,1548610,0,0,0,0,4294967295,4294967295,4096,4096,0,0,1551526,1551526,852366161,852366150,852366169,852366158,0,0,0,0,0,0,0,0,4096,256,131072,4,15|4,0,1800000000,262144,6867,0,0,0,0,23344,0,23328,0,2919,2916,0,1,23344,0|570,1572592209,21,764545284,0,764411904,0,764411904,0,859716210,0,2916,2916,2106666971,19,2106666971,19,2080,667519947,20,3509895269,0,0,0,0,0
1788104960267|1001|formal_primary_1800s|rotating|568,1378943233,33555404,1720744818,1718208516,0,0,0,0,0,0,0,0,0,0,1551606,1548691,0,0,0,0,0,0,0,0,0,0,0,0,0,0,0,0,0,0,0,0,4096,256,131072,4,15|4,0,1800000000,262144,6867,0,0,0,0,23344,0,23328,0,2919,2916,0,1,23344,0|570,886947714,21,764583324,0,764411904,0,764411904,0,859566883,0,2916,2916,2109527905,19,2109527905,19,2080,578505935,20,3510786353,0,0,0,0,0
1788104965282|1001|formal_primary_1800s|fixed|570,1378943233,16781056,1726729510,1724183767,1726729510,1724183767,1726729510,1724183767,3116935,3108158,1557004,1554079,0,0,0,0,4294967295,4294967295,4096,4096,0,0,1557004,1557004,1173266614,1173266915,1173266622,1173266931,0,0,0,0,0,0,0,0,4096,256,131072,4,15|4,0,1800000000,262144,6867,0,0,0,0,23424,0,23408,0,2929,2926,0,1,23424,0|572,1892670534,21,767237860,0,767033344,0,767033344,0,862742993,0,2926,2926,2401694447,19,2401694447,19,2080,972358969,20,3521924666,0,0,0,0,0
1788104965282|1001|formal_primary_1800s|rotating|570,1378943233,33558272,1726780630,1724234865,0,0,0,0,0,0,0,0,0,0,1557050,1554125,0,0,0,0,0,0,0,0,0,0,0,0,0,0,0,0,0,0,0,0,4096,256,131072,4,15|4,0,1800000000,262144,6867,0,0,0,0,23424,0,23408,0,2929,2926,0,1,23424,0|572,1205596803,21,767263056,0,767033344,0,767033344,0,862578766,0,2926,2926,2403124300,19,2403124300,19,2080,881595037,20,3522819184,0,0,0,0,0
1788104970282|1001|formal_primary_1800s|fixed|572,1378943233,16780339,1732791744,1730236845,1732791744,1730236845,1732791744,1730236845,3127873,3119066,1562467,1559532,0,0,0,0,4294967295,4294967295,4096,4096,0,0,1562468,1562468,1493327058,1493327063,1493327066,1493327071,0,0,0,0,0,0,0,0,4096,256,131072,4,15|5,0,1800000000,262144,6867,0,0,0,0,23512,0,23496,0,2940,2937,0,1,23512,0|574,2214642666,21,769932736,0,769916928,0,769916928,0,865775148,0,2937,2937,2696179603,19,2696179603,19,2080,1277568457,20,3535156403,0,0,0,0,0
1788104970282|1001|formal_primary_1800s|rotating|572,1378943233,33558272,1732854969,1730299250,0,0,0,0,0,0,0,0,0,0,1562525,1559589,0,0,0,0,0,0,0,0,0,0,0,0,0,0,0,0,0,0,0,0,4096,256,131072,4,15|4,0,1800000000,262144,6867,0,0,0,0,23512,0,23496,0,2940,2937,0,1,23512,0|574,1528726330,21,769968304,0,769916928,0,769916928,0,865621547,0,2937,2937,2698753805,19,2698753805,19,2080,1187607527,20,3536057967,0,0,0,0,0
1788104975282|1001|formal_primary_1800s|fixed|574,1378943233,16780339,1738814482,1736248761,1738814482,1736248761,1738814482,1736248761,3138748,3129908,1567899,1564953,0,0,0,0,4294967295,4294967295,4096,4096,0,0,1567900,1567900,1813169409,1813169430,1813169417,1813169438,0,0,0,0,0,0,0,0,4096,256,131072,4,15|4,0,1800000000,262144,6867,0,0,0,0,23592,0,23576,0,2950,2947,0,1,23592,0|576,2534278676,21,772621360,0,772538368,0,772538368,0,868797598,0,2947,2947,2990766963,19,2990766963,19,2080,1581965636,20,3547185358,0,0,0,0,0
1788104975282|1001|formal_primary_1800s|rotating|574,1378943233,33558272,1738917377,1736351663,0,0,0,0,0,0,0,0,0,0,1567992,1565046,0,0,0,0,0,0,0,0,0,0,0,0,0,0,0,0,0,0,0,0,4096,256,131072,4,15|4,0,1800000000,262144,6867,0,0,0,0,23592,0,23576,0,2950,2947,0,1,23592,0|576,1848740377,21,772660388,0,772538368,0,772538368,0,868647140,0,2947,2947,2993715016,19,2993715016,19,2080,1492065269,20,3548087870,0,0,0,0,0
1788104980282|1001|formal_primary_1800s|fixed|576,1378943233,16780339,1744872391,1742298244,1744872391,1742298244,1744872391,1742298244,3149682,3140812,1573361,1570405,0,0,0,0,4294967295,4294967295,4096,4096,0,0,1573362,1573362,2133162615,2133162636,2133162623,2133162628,0,0,0,0,0,0,0,0,4096,256,131072,4,15|4,0,1800000000,262144,6867,0,0,0,0,23672,0,23656,0,2960,2957,0,1,23672,0|578,2853519149,21,775306528,0,775159808,0,775159808,0,871816887,0,2957,2957,3284957681,19,3284957681,19,2080,1885967343,20,3559214236,0,0,0,0,0
1788104980282|1001|formal_primary_1800s|rotating|576,1378943233,33558272,1744965080,1742390902,0,0,0,0,0,0,0,0,0,0,1573445,1570489,0,0,0,0,0,0,0,0,0,0,0,0,0,0,0,0,0,0,0,0,4096,256,131072,4,15|4,0,1800000000,262144,6867,0,0,0,0,23672,0,23656,0,2960,2957,0,1,23672,0|578,2168298324,21,775348024,0,775159808,0,775159808,0,871669074,0,2957,2957,3288218242,19,3288218242,19,2080,1796061881,20,3560120765,0,0,0,0,0
1788104985298|1001|formal_primary_1800s|fixed|578,1378943233,16780339,1750948835,1748366738,1750948835,1748366738,1750948835,1748366738,3160654,3151754,1578842,1575876,0,0,0,0,4294967295,4294967295,4096,4096,0,0,1578843,1578843,2454202564,2454202585,2454202580,2454202561,0,0,0,0,0,0,0,0,4096,256,131072,4,15|4,0,1800000000,262144,6867,0,0,0,0,23752,0,23736,0,2970,2967,0,1,23752,0|580,3174589561,21,778007768,0,777781248,0,777781248,0,874853452,0,2967,2967,3580976206,19,3580976206,19,2080,2191798366,20,3571243731,0,0,0,0,0
1788104985298|1001|formal_primary_1800s|rotating|578,1378943233,33558272,1751040099,1748458043,0,0,0,0,0,0,0,0,0,0,1578925,1575959,0,0,0,0,0,0,0,0,0,0,0,0,0,0,0,0,0,0,0,0,4096,256,131072,4,15|4,0,1800000000,262144,6867,0,0,0,0,23752,0,23736,0,2970,2967,0,1,23752,0|580,2489451677,21,778043392,0,777781248,0,777781248,0,874705403,0,2968,2967,3583537441,19,3583537441,19,2048,2101656179,20,3572153854,0,0,0,0,0
1788104990299|1001|formal_primary_1800s|fixed|580,1378943233,16781056,1756991613,1754400043,1756991613,1754400043,1756991613,1754400043,3171568,3162636,1584295,1581318,0,0,0,0,4294967295,4294967295,4096,4096,0,0,1584295,1584295,2773624642,2773624642,2773624650,2773624650,0,0,0,0,0,0,0,0,4096,256,131072,4,15|5,0,1800000000,262144,6867,0,0,0,0,23840,0,23824,0,2981,2978,0,1,23840,0|582,3494620368,21,780685580,0,780664832,0,780664832,0,877863110,0,2978,2978,3873522657,19,3873522657,19,2080,2495066254,20,3584475776,0,0,0,0,0
1788104990299|1001|formal_primary_1800s|rotating|580,1378943233,33555404,1757048919,1754457315,0,0,0,0,0,0,0,0,0,0,1584346,1581369,0,0,0,0,0,0,0,0,0,0,0,0,0,0,0,0,0,0,0,0,4096,256,131072,4,15|4,0,1800000000,262144,6867,0,0,0,0,23840,0,23824,0,2981,2978,0,1,23840,0|582,2808710420,21,780721148,0,780664832,0,780664832,0,877707018,0,2978,2978,3876083741,19,3876083741,19,2080,2403799956,20,3585389243,0,0,0,0,0
1788104995329|1001|formal_primary_1800s|fixed|582,1378943233,16781056,1763072156,1760471625,1763072156,1760471625,1763072156,1760471625,3182541,3173578,1589776,1586789,0,0,0,0,4294967295,4294967295,4096,4096,0,0,1589776,1589776,3096203197,3096203498,3096203205,3096203514,0,0,0,0,0,0,0,0,4096,256,131072,4,15|4,0,1800000000,262144,6867,0,0,0,0,23920,0,23904,0,2991,2988,0,1,23920,0|584,3816939920,21,783397916,0,783286272,0,783286272,0,880913835,0,2988,2988,4170789801,19,4170789801,19,2080,2802147268,20,3596504362,0,0,0,0,0
1788104995329|1001|formal_primary_1800s|rotating|582,1378943233,33555404,1763148334,1760547757,0,0,0,0,0,0,0,0,0,0,1589844,1586857,0,0,0,0,0,0,0,0,0,0,0,0,0,0,0,0,0,0,0,0,4096,256,131072,4,15|4,0,1800000000,262144,6867,0,0,0,0,23920,0,23904,0,2991,2988,0,1,23920,0|584,3130102851,21,783425088,0,783286272,0,783286272,0,880747829,0,2988,2988,4172418159,19,4172418159,19,2080,2709635747,20,3597421371,0,0,0,0,0
1788105000360|1001|formal_primary_1800s|fixed|584,1378943233,16780339,1769170340,1766559604,1769170340,1766559604,1769170340,1766559604,3193549,3184556,1595274,1592277,0,0,0,0,4294967295,4294967295,4096,4096,0,0,1595275,1595275,3418223975,3418223972,3418223983,3418223980,0,0,0,0,0,0,0,0,4096,256,131072,4,15|4,0,1800000000,262144,6867,0,0,0,0,24000,0,23984,0,3001,2998,0,1,24000,0|586,4137864840,21,786097904,0,785907712,0,785907712,0,883949640,0,2998,2998,171694934,20,171694934,20,2080,3107833603,20,3608533074,0,0,0,0,0
1788105000360|1001|formal_primary_1800s|rotating|584,1378943233,33558272,1769242245,1766631552,0,0,0,0,0,0,0,0,0,0,1595339,1592342,0,0,0,0,0,0,0,0,0,0,0,0,0,0,0,0,0,0,0,0,4096,256,131072,4,15|4,0,1800000000,262144,6867,0,0,0,0,24000,0,23984,0,3001,2998,0,1,24000,0|586,3452142889,21,786134952,0,785907712,0,785907712,0,883794161,0,2998,2998,174431086,20,174431086,20,2080,3016115700,20,3609453790,0,0,0,0,0
1788105005362|1001|formal_primary_1800s|fixed|586,1378943233,16780339,1775238215,1772618775,1775238215,1772618775,1775238215,1772618775,3204495,3195472,1600742,1597735,0,0,0,0,4294967295,4294967295,4096,4096,0,0,1600743,1600743,3738536746,3738536727,3738536730,3738536735,0,0,0,0,0,0,0,0,4096,256,131072,4,15|4,0,1800000000,262144,6867,0,0,0,0,24084,0,24072,0,3012,3009,0,1,24084,0|588,164849908,22,788791296,0,788791296,0,788791296,0,886988360,0,3009,3009,466824913,20,466824913,20,2080,3413688702,20,3621420411,0,0,0,0,0
1788105005362|1001|formal_primary_1800s|rotating|586,1378943233,33555404,1775307555,1772687250,0,0,0,0,0,0,0,0,0,0,1600805,1597797,0,0,0,0,0,0,0,0,0,0,0,0,0,0,0,0,0,0,0,0,4096,256,131072,4,15|4,0,1800000000,262144,6867,0,0,0,0,24088,0,24072,0,3012,3009,0,1,24088,0|588,3774186250,21,788830816,0,788791296,0,788791296,0,886826435,0,3009,3009,468979412,20,468979412,20,2080,3321043823,20,3622689936,0,0,0,0,0
1788105010376|1001|formal_primary_1800s|fixed|588,1378943233,16780339,1781281250,1778652538,1781281250,1778652538,1781281250,1778652538,3215406,3206350,1606192,1603174,0,0,0,0,4294967295,4294967295,4096,4096,0,0,1606193,1606193,4059375626,4059375591,4059375594,4059375599,0,0,0,0,0,0,0,0,4096,256,131072,4,15|4,0,1800000000,262144,6867,0,0,0,0,24168,0,24152,0,3022,3019,0,1,24168,0|590,484800729,22,791483872,0,791412736,0,791412736,0,890008035,0,3019,3019,761061756,20,761061756,20,2080,3717735121,20,3633793919,0,0,0,0,0
1788105010376|1001|formal_primary_1800s|rotating|588,1378943233,33558272,1781371509,1778742908,0,0,0,0,0,0,0,0,0,0,1606274,1603256,0,0,0,0,0,0,0,0,0,0,0,0,0,0,0,0,0,0,0,0,4096,256,131072,4,15|4,0,1800000000,262144,6867,0,0,0,0,24168,0,24152,0,3022,3019,0,1,24168,0|590,4093927155,21,791520428,0,791412736,0,791412736,0,889849823,0,3019,3019,763665264,20,763665264,20,2080,3625226508,20,3634722700,0,0,0,0,0
1788105015376|1001|formal_primary_1800s|fixed|590,1378943233,16780339,1787336432,1784698869,1787336432,1784698869,1787336432,1784698869,3226346,3217260,1611657,1608629,0,0,0,0,4294967295,4294967295,4096,4096,0,0,1611658,1611658,84561022,84561003,84561030,84561019,0,0,0,0,0,0,0,0,4096,256,131072,4,15|4,0,1800000000,262144,6867,0,0,0,0,24248,0,24232,0,3032,3029,0,1,24248,0|592,804722251,22,794174968,0,794034176,0,794034176,0,893031237,0,3029,3029,1055934407,20,1055934407,20,2080,4022417758,20,3645822905,0,0,0,0,0
1788105015376|1001|formal_primary_1800s|rotating|590,1378943233,33558272,1787406013,1784768464,0,0,0,0,0,0,0,0,0,0,1611720,1608692,0,0,0,0,0,0,0,0,0,0,0,0,0,0,0,0,0,0,0,0,4096,256,131072,4,15|4,0,1800000000,262144,6867,0,0,0,0,24248,0,24232,0,3032,3029,0,1,24248,0|592,117982584,22,794203436,0,794034176,0,794034176,0,892863600,0,3029,3029,1057632946,20,1057632946,20,2080,3928688901,20,3646757046,0,0,0,0,0
1788105020377|1001|formal_primary_1800s|fixed|592,1378943233,16780339,1793386731,1790740208,1793386731,1790740208,1793386731,1790740208,3237278,3228162,1617118,1614080,0,0,0,0,4294967295,4294967295,4096,4096,0,0,1617119,1617119,404498864,404498861,404498856,404498837,0,0,0,0,0,0,0,0,4096,256,131072,4,15|4,0,1800000000,262144,6867,0,0,0,0,24328,0,24312,0,3042,3039,0,1,24328,0|594,1124825455,22,796868036,0,796655616,0,796655616,0,896055586,0,3039,3039,1350989728,20,1350989728,20,2080,32314822,21,3657851848,0,0,0,0,0
1788105020377|1001|formal_primary_1800s|rotating|592,1378943233,33558272,1793459889,1790813265,0,0,0,0,0,0,0,0,0,0,1617185,1614147,0,0,0,0,0,0,0,0,0,0,0,0,0,0,0,0,0,0,0,0,4096,256,131072,4,15|4,0,1800000000,262144,6867,0,0,0,0,24328,0,24312,0,3042,3039,0,1,24328,0|594,438083598,22,796896196,0,796655616,0,796655616,0,895886746,0,3039,3039,1352678871,20,1352678871,20,2080,4233233420,20,3658789008,0,0,0,0,0
1788105025378|1001|formal_primary_1800s|fixed|594,1378943233,16780339,1799439607,1796785372,1799439607,1796785372,1799439607,1796785372,3248217,3239070,1622583,1619535,0,0,0,0,4294967295,4294967295,4096,4096,0,0,1622584,1622584,724614971,724614960,724614931,724614968,0,0,0,0,0,0,0,0,4096,256,131072,4,15|4,0,1800000000,262144,6867,0,0,0,0,24412,0,24400,0,3053,3050,0,1,24412,0|596,1444869749,22,799539200,0,799539200,0,799539200,0,899064435,0,3050,3050,1643639827,20,1643639827,20,2080,335682022,21,3671083452,0,0,0,0,0
1788105025378|1001|formal_primary_1800s|rotating|594,1378943233,33555404,1799495473,1796840417,0,0,0,0,0,0,0,0,0,0,1622634,1619585,0,0,0,0,0,0,0,0,0,0,0,0,0,0,0,0,0,0,0,0,4096,256,131072,4,15|4,0,1800000000,262144,6867,0,0,0,0,24416,0,24400,0,3053,3050,0,1,24416,0|596,758812684,22,799580204,0,799539200,0,799539200,0,898901295,0,3050,3050,1645912184,20,1645912184,20,2080,241878724,21,3672028876,0,0,0,0,0
1788105030391|1001|formal_primary_1800s|fixed|596,1378943233,16780339,1805474707,1802811041,1805474707,1802811041,1805474707,1802811041,3259125,3249946,1628031,1624972,0,0,0,0,4294967295,4294967295,4096,4096,0,0,1628032,1628032,1045359607,1045359612,1045359615,1045359588,0,0,0,0,0,0,0,0,4096,256,131072,4,15|4,0,1800000000,262144,6867,0,0,0,0,24496,0,24480,0,3063,3060,0,1,24496,0|598,1765927746,22,802247092,0,802160640,0,802160640,0,902097823,0,3060,3060,1939557013,20,1939557013,20,2080,641415138,21,3683113070,0,0,0,0,0
1788105030391|1001|formal_primary_1800s|rotating|596,1378943233,33555404,1805545168,1802881610,0,0,0,0,0,0,0,0,0,0,1628095,1625036,0,0,0,0,0,0,0,0,0,0,0,0,0,0,0,0,0,0,0,0,4096,256,131072,4,15|4,0,1800000000,262144,6867,0,0,0,0,24496,0,24480,0,3063,3060,0,1,24496,0|598,1079164183,22,802274756,0,802160640,0,802160640,0,901927843,0,3060,3060,1941207970,20,1941207970,20,2080,546670053,21,3684060998,0,0,0,0,0
1788105035404|1001|formal_primary_1800s|fixed|598,1378943233,16781056,1811544166,1808872678,1811544166,1808872678,1811544166,1808872678,3270093,3260884,1633511,1630442,0,0,0,0,4294967295,4294967295,4096,4096,0,0,1633511,1633511,1366308157,1366308498,1366308165,1366308506,0,0,0,0,0,0,0,0,4096,256,131072,4,15|4,0,1800000000,262144,6867,0,0,0,0,24576,0,24560,0,3073,3070,0,1,24576,0|600,2087112763,22,804949052,0,804782080,0,804782080,0,905132880,0,3070,3070,2235691012,20,2235691012,20,2080,947361210,21,3695142135,0,0,0,0,0
1788105035404|1001|formal_primary_1800s|rotating|598,1378943233,33555404,1811637312,1808965931,0,0,0,0,0,0,0,0,0,0,1633594,1630525,0,0,0,0,0,0,0,0,0,0,0,0,0,0,0,0,0,0,0,0,4096,256,131072,4,15|4,0,1800000000,262144,6867,0,0,0,0,24576,0,24560,0,3073,3070,0,1,24576,0|600,1400878743,22,804981656,0,804782080,0,804782080,0,904967766,0,3070,3070,2237865171,20,2237865171,20,2080,852828563,21,3696091720,0,0,0,0,0
1788105040405|1001|formal_primary_1800s|fixed|600,1378943233,16780339,1817596951,1814917057,1817596951,1814917057,1817596951,1814917057,3281032,3271793,1638975,1635896,0,0,0,0,4294967295,4294967295,4096,4096,0,0,1638976,1638976,1686419690,1686419703,1686419698,1686419687,0,0,0,0,0,0,0,0,4096,256,131072,4,15|4,0,1800000000,262144,6867,0,0,0,0,24656,0,24640,0,3083,3080,0,1,24656,0|602,2405699105,22,807628292,0,807403520,0,807403520,0,908142046,0,3080,3080,2529228000,20,2529228000,20,2080,1250708342,21,3707171461,0,0,0,0,0
1788105040405|1001|formal_primary_1800s|rotating|600,1378943233,33555404,1817665403,1814985336,0,0,0,0,0,0,0,0,0,0,1639036,1635957,0,0,0,0,0,0,0,0,0,0,0,0,0,0,0,0,0,0,0,0,4096,256,131072,4,15|4,0,1800000000,262144,6867,0,0,0,0,24656,0,24640,0,3083,3080,0,1,24656,0|602,1720219136,22,807665664,0,807403520,0,807403520,0,907983363,0,3081,3080,2531903559,20,2531903559,20,2048,1156608022,21,3708123577,0,0,0,0,0
1788105045410|1001|formal_primary_1800s|fixed|602,1378943233,16781056,1823623966,1820933093,1823623966,1820933093,1823623966,1820933093,3291920,3282648,1644414,1641324,0,0,0,0,4294967295,4294967295,4096,4096,0,0,1644414,1644414,2006625258,2006625559,2006625266,2006625575,0,0,0,0,0,0,0,0,4096,256,131072,4,15|4,0,1800000000,262144,6867,0,0,0,0,24744,0,24728,0,3094,3091,0,1,24744,0|604,2727223672,22,810319516,0,810287104,0,810287104,0,911165927,0,3091,3091,2823265046,20,2823265046,20,2080,1555470166,21,3720403301,0,0,0,0,0
1788105045410|1001|formal_primary_1800s|rotating|602,1378943233,33555404,1823700726,1821009846,0,0,0,0,0,0,0,0,0,0,1644483,1641393,0,0,0,0,0,0,0,0,0,0,0,0,0,0,0,0,0,0,0,0,4096,256,131072,4,15|4,0,1800000000,262144,6867,0,0,0,0,24744,0,24728,0,3094,3091,0,1,24744,0|604,2040573793,22,810348360,0,810287104,0,810287104,0,910995144,0,3091,3091,2825016906,20,2825016906,20,2080,1459848142,21,3721358469,0,0,0,0,0
1788105050413|1001|formal_primary_1800s|fixed|604,1378943233,16780339,1829679334,1826979636,1829679334,1826979636,1829679334,1826979636,3302863,3293561,1649880,1646780,0,0,0,0,4294967295,4294967295,4096,4096,0,0,1649881,1649881,2326848991,2326848996,2326848999,2326849004,0,0,0,0,0,0,0,0,4096,256,131072,4,15|4,0,1800000000,262144,6867,0,0,0,0,24824,0,24808,0,3104,3101,0,1,24824,0|606,3047276889,22,813011792,0,812908544,0,812908544,0,914189633,0,3101,3101,3118266592,20,3118266592,20,2080,1860284365,21,3732432393,0,0,0,0,0
1788105050413|1001|formal_primary_1800s|rotating|604,1378943233,33555404,1829753428,1827053818,0,0,0,0,0,0,0,0,0,0,1649946,1646846,0,0,0,0,0,0,0,0,0,0,0,0,0,0,0,0,0,0,0,0,4096,256,131072,4,15|4,0,1800000000,262144,6867,0,0,0,0,24824,0,24808,0,3104,3101,0,1,24824,0|606,2360472314,22,813039456,0,812908544,0,812908544,0,914016548,0,3101,3101,3119861990,20,3119861990,20,2080,1764187591,21,3733389198,0,0,0,0,0
1788105055424|1001|formal_primary_1800s|fixed|606,1378943233,16781056,1835747740,1833039905,1835747740,1833039905,1835747740,1833039905,3313822,3304490,1655355,1652245,0,0,0,0,4294967295,4294967295,4096,4096,0,0,1655355,1655355,2647533555,2647533896,2647533563,2647533904,0,0,0,0,0,0,0,0,4096,256,131072,4,15|4,0,1800000000,262144,6867,0,0,0,0,24904,0,24888,0,3114,3111,0,1,24904,0|608,3367927178,22,815709308,0,815529984,0,815529984,0,917221303,0,3111,3111,3413863437,20,3413863437,20,2080,2165695963,21,3744461208,0,0,0,0,0
1788105055424|1001|formal_primary_1800s|rotating|606,1378943233,33555404,1835822745,1833114890,0,0,0,0,0,0,0,0,0,0,1655422,1652312,0,0,0,0,0,0,0,0,0,0,0,0,0,0,0,0,0,0,0,0,4096,256,131072,4,15|4,0,1800000000,262144,6867,0,0,0,0,24904,0,24888,0,3114,3111,0,1,24904,0|608,2681332696,22,815738948,0,815529984,0,815529984,0,917049546,0,3111,3111,3415666057,20,3415666057,20,2080,2069487327,21,3745420737,0,0,0,0,0
1788105060430|1001|formal_primary_1800s|fixed|608,1378943233,16780339,1841808264,1839092054,1841808264,1839092054,1841808264,1839092054,3324778,3315416,1660827,1657707,0,0,0,0,4294967295,4294967295,4096,4096,0,0,1660828,1660828,2968108794,2968108807,2968108802,2968108783,0,0,0,0,0,0,0,0,4096,256,131072,4,15|4,0,1800000000,262144,6867,0,0,0,0,24984,0,24968,0,3124,3121,0,1,24984,0|610,3688593324,22,818406824,0,818151424,0,818151424,0,920250531,0,3121,3121,3709478221,20,3709478221,20,2080,2471123239,21,3756490178,0,0,0,0,0
1788105060430|1001|formal_primary_1800s|rotating|608,1378943233,33555404,1841874976,1839158716,0,0,0,0,0,0,0,0,0,0,1660887,1657767,0,0,0,0,0,0,0,0,0,0,0,0,0,0,0,0,0,0,0,0,4096,256,131072,4,15|4,0,1800000000,262144,6867,0,0,0,0,24988,0,24976,0,3125,3122,0,1,24988,0|610,3001335668,22,818413568,0,818413568,0,818413568,0,920060666,0,3122,3122,3708695412,20,3708695412,20,2080,2372890052,21,3758461441,0,0,0,0,0
1788105065437|1001|formal_primary_1800s|fixed|610,1378943233,16780339,1847841232,1845114745,1847841232,1845114745,1847841232,1845114745,3335675,3326280,1666270,1663139,0,0,0,0,4294967295,4294967295,4096,4096,0,0,1666271,1666271,3288555142,3288555131,3288555134,3288555139,0,0,0,0,0,0,0,0,4096,256,131072,4,15|4,0,1800000000,262144,6867,0,0,0,0,25072,0,25056,0,3135,3132,0,1,25072,0|612,4008827188,22,821086384,0,821035008,0,821035008,0,923262480,0,3132,3132,4002225174,20,4002225174,20,2080,2774593991,21,3769722398,0,0,0,0,0
1788105065437|1001|formal_primary_1800s|rotating|610,1378943233,33555404,1847920336,1845193935,0,0,0,0,0,0,0,0,0,0,1666341,1663210,0,0,0,0,0,0,0,0,0,0,0,0,0,0,0,0,0,0,0,0,4096,256,131072,4,15|4,0,1800000000,262144,6867,0,0,0,0,25072,0,25056,0,3135,3132,0,1,25072,0|612,3323196147,22,821124424,0,821035008,0,821035008,0,923099058,0,3132,3132,4004983369,20,4004983369,20,2080,2678677447,21,3770685660,0,0,0,0,0
1788105070437|1001|formal_primary_1800s|fixed|612,1378943233,16781056,1853890556,1851154401,1853890556,1851154401,1853890556,1851154401,3346603,3337178,1671730,1668589,0,0,0,0,4294967295,4294967295,4096,4096,0,0,1671730,1671730,3608388571,3608388888,3608388579,3608388896,0,0,0,0,0,0,0,0,4096,256,131072,4,15|4,0,1800000000,262144,6867,0,0,0,0,25152,0,25136,0,3145,3142,0,1,25152,0|614,33889735,23,823778468,0,823656448,0,823656448,0,926286564,0,3142,3142,2238386,21,2238386,21,2080,3079384936,21,3781751353,0,0,0,0,0
1788105070437|1001|formal_primary_1800s|rotating|612,1378943233,33555404,1853966264,1851229954,0,0,0,0,0,0,0,0,0,0,1671797,1668656,0,0,0,0,0,0,0,0,0,0,0,0,0,0,0,0,0,0,0,0,4096,256,131072,4,15|4,0,1800000000,262144,6867,0,0,0,0,25152,0,25136,0,3145,3142,0,1,25152,0|614,3641954274,22,823805144,0,823656448,0,823656448,0,926109898,0,3142,3142,3720678,21,3720678,21,2080,2981875988,21,3782719084,0,0,0,0,0
1788105075440|1001|formal_primary_1800s|fixed|614,1378943233,16780339,1859955551,1857210361,1859955551,1857210361,1859955551,1857210361,3357553,3348098,1677199,1674048,0,0,0,0,4294967295,4294967295,4096,4096,0,0,1677200,1677200,3928807665,3928807654,3928807673,3928807662,0,0,0,0,0,0,0,0,4096,256,131072,4,15|4,0,1800000000,262144,6867,0,0,0,0,25232,0,25216,0,3155,3152,0,1,25232,0|616,354729172,23,826477960,0,826277888,0,826277888,0,929321056,0,3152,3152,298028846,21,298028846,21,2080,3384985627,21,3793780177,0,0,0,0,0
1788105075440|1001|formal_primary_1800s|rotating|614,1378943233,33555404,1860045714,1857300518,0,0,0,0,0,0,0,0,0,0,1677281,1674130,0,0,0,0,0,0,0,0,0,0,0,0,0,0,0,0,0,0,0,0,4096,256,131072,4,15|4,0,1800000000,262144,6867,0,0,0,0,25232,0,25216,0,3155,3152,0,1,25232,0|616,3963373401,22,826509576,0,826277888,0,826277888,0,929149247,0,3152,3152,300079126,21,300079126,21,2080,3287736357,21,3794753690,0,0,0,0,0
1788105080444|1001|formal_primary_1800s|fixed|616,1378943233,16780339,1866016049,1863260904,1866016049,1863260904,1866016049,1863260904,3368497,3359012,1682666,1679505,0,0,0,0,4294967295,4294967295,4096,4096,0,0,1682667,1682667,4249056227,4249056224,4249056235,4249056240,0,0,0,0,0,0,0,0,4096,256,131072,4,15|4,0,1800000000,262144,6867,0,0,0,0,25312,0,25296,0,3165,3162,0,1,25312,0|618,674322566,23,829161472,0,828899328,0,828899328,0,932342150,0,3163,3162,592065394,21,592065394,21,2048,3689339804,21,3805809493,0,0,0,0,0
1788105080444|1001|formal_primary_1800s|rotating|616,1378943233,33558272,1866068611,1863312727,0,0,0,0,0,0,0,0,0,0,1682715,1679553,0,0,0,0,0,0,0,0,0,0,0,0,0,0,0,0,0,0,0,0,4096,256,131072,4,15|5,0,1800000000,262144,6867,0,0,0,0,25320,0,25304,0,3166,3163,0,1,25320,0|618,4282317968,22,829177776,0,829161472,0,829161472,0,932147466,0,3163,3163,591536543,21,591536543,21,2080,3589567256,21,3807988924,0,0,0,0,0
1788105085446|1001|formal_primary_1800s|fixed|618,1378943233,16780339,1872036031,1869273297,1872036031,1869273297,1872036031,1869273297,3379376,3369858,1688100,1684928,0,0,0,0,4294967295,4294967295,4096,4096,0,0,1688101,1688101,274026283,274026296,274026291,274026304,0,0,0,0,0,0,0,0,4096,256,131072,4,15|4,0,1800000000,262144,6867,0,0,0,0,25400,0,25384,0,3176,3173,0,1,25400,0|620,994650648,23,831846640,0,831782912,0,831782912,0,935354365,0,3173,3173,885420434,21,885420434,21,2080,3992905238,21,3819041267,0,0,0,0,0
1788105085446|1001|formal_primary_1800s|rotating|618,1378943233,33555404,1872111695,1869348976,0,0,0,0,0,0,0,0,0,0,1688168,1684996,0,0,0,0,0,0,0,0,0,0,0,0,0,0,0,0,0,0,0,0,4096,256,131072,4,15|4,0,1800000000,262144,6867,0,0,0,0,25400,0,25384,0,3176,3173,0,1,25400,0|620,307803586,23,831873808,0,831782912,0,831782912,0,935176019,0,3173,3173,886931572,21,886931572,21,2080,3894462474,21,3820022870,0,0,0,0,0
1788105090459|1001|formal_primary_1800s|fixed|620,1378943233,16780339,1878108823,1875337106,1878108823,1875337106,1878108823,1875337106,3390341,3380793,1693578,1690396,0,0,0,0,4294967295,4294967295,4096,4096,0,0,1693579,1693579,594888780,594888785,594888788,594888801,0,0,0,0,0,0,0,0,4096,256,131072,4,15|4,0,1800000000,262144,6867,0,0,0,0,25480,0,25464,0,3186,3183,0,1,25480,0|622,1315256402,23,834543660,0,834404352,0,834404352,0,938385791,0,3183,3183,1180972910,21,1180972910,21,2080,3305095,22,3831069963,0,0,0,0,0
1788105090459|1001|formal_primary_1800s|rotating|620,1378943233,33555404,1878185336,1875413626,0,0,0,0,0,0,0,0,0,0,1693647,1690465,0,0,0,0,0,0,0,0,0,0,0,0,0,0,0,0,0,0,0,0,4096,256,131072,4,15|4,0,1800000000,262144,6867,0,0,0,0,25480,0,25464,0,3186,3183,0,1,25480,0|622,629447727,23,834580216,0,834404352,0,834404352,0,938217006,0,3183,3183,1183518604,21,1183518604,21,2080,4200546862,21,3832053440,0,0,0,0,0
1788105095466|1001|formal_primary_1800s|fixed|622,1378943233,16780339,1884171571,1881391125,1884171571,1881391125,1884171571,1881391125,3401292,3391714,1699048,1695856,0,0,0,0,4294967295,4294967295,4096,4096,0,0,1699049,1699049,915342919,915342908,915342879,915342916,0,0,0,0,0,0,0,0,4096,256,131072,4,15|4,0,1800000000,262144,6867,0,0,0,0,25560,0,25544,0,3196,3193,0,1,25560,0|624,1635735946,23,837239696,0,837025792,0,837025792,0,941415168,0,3193,3193,1476399193,21,1476399193,21,2080,308545362,22,3843099282,0,0,0,0,0
1788105095466|1001|formal_primary_1800s|rotating|622,1378943233,33555404,1884246687,1881466157,0,0,0,0,0,0,0,0,0,0,1699116,1695924,0,0,0,0,0,0,0,0,0,0,0,0,0,0,0,0,0,0,0,0,4096,256,131072,4,15|4,0,1800000000,262144,6867,0,0,0,0,25560,0,25544,0,3196,3193,0,1,25560,0|624,948974846,23,837267360,0,837025792,0,837025792,0,941236336,0,3193,3193,1477994498,21,1477994498,21,2080,209548441,22,3844082904,0,0,0,0,0
1788105100467|1001|formal_primary_1800s|fixed|624,1378943233,16781056,1890230918,1887440319,1890230918,1887440319,1890230918,1887440319,3412236,3402628,1704516,1701314,0,0,0,0,4294967295,4294967295,4096,4096,0,0,1704516,1704516,1235610858,1235611175,1235610866,1235611183,0,0,0,0,0,0,0,0,4096,256,131072,4,15|4,0,1800000000,262144,6867,0,0,0,0,25644,0,25632,0,3207,3204,0,1,25648,0|626,1955875855,23,839918268,0,839909376,0,839909376,0,944425161,0,3204,3204,1769051965,21,1769051965,21,2080,611922603,22,3856331094,0,0,0,0,0
1788105100467|1001|formal_primary_1800s|rotating|624,1378943233,33555404,1890267006,1887475582,0,0,0,0,0,0,0,0,0,0,1704549,1701346,0,0,0,0,0,0,0,0,0,0,0,0,0,0,0,0,0,0,0,0,4096,256,131072,4,15|4,0,1800000000,262144,6867,0,0,0,0,25648,0,25632,0,3207,3204,0,1,25648,0|626,1269003895,23,839945440,0,839909376,0,839909376,0,944244490,0,3204,3204,1770535918,21,1770535918,21,2080,512461851,22,3857316092,0,0,0,0,0
1788105105473|1001|formal_primary_1800s|fixed|626,1378943233,16780339,1896258622,1893458391,1896258622,1893458391,1896258622,1893458391,3423127,3413486,1709955,1706742,0,0,0,0,4294967295,4294967295,4096,4096,0,0,1709956,1709956,1555864125,1555864122,1555864085,1555864130,0,0,0,0,0,0,0,0,4096,256,131072,4,15|4,0,1800000000,262144,6867,0,0,0,0,25728,0,25712,0,3217,3214,0,1,25728,0|628,2276340336,23,842614304,0,842530816,0,842530816,0,947454619,0,3214,3214,2064462865,21,2064462865,21,2080,917148000,22,3868360288,0,0,0,0,0
1788105105473|1001|formal_primary_1800s|rotating|626,1378943233,33555404,1896333471,1893533257,0,0,0,0,0,0,0,0,0,0,1710022,1706809,0,0,0,0,0,0,0,0,0,0,0,0,0,0,0,0,0,0,0,0,4096,256,131072,4,15|4,0,1800000000,262144,6867,0,0,0,0,25728,0,25712,0,3217,3214,0,1,25728,0|628,1589745327,23,842643944,0,842530816,0,842530816,0,947276288,0,3214,3214,2066221496,21,2066221496,21,2080,817642740,22,3869347396,0,0,0,0,0
1788105110477|1001|formal_primary_1800s|fixed|628,1378943233,16781056,1902321028,1899512801,1902321028,1899512801,1902321028,1899512801,3434075,3424404,1715425,1712202,0,0,0,0,4294967295,4294967295,4096,4096,0,0,1715425,1715425,1876262354,1876262679,1876262362,1876262687,0,0,0,0,0,0,0,0,4096,256,131072,4,15|4,0,1800000000,262144,6867,0,0,0,0,25808,0,25792,0,3227,3224,0,1,25808,0|630,2596739741,23,845309348,0,845152256,0,845152256,0,950483903,0,3224,3224,2359811012,21,2359811012,21,2080,1222308539,22,3880389217,0,0,0,0,0
1788105110477|1001|formal_primary_1800s|rotating|628,1378943233,33555404,1902400537,1899592246,0,0,0,0,0,0,0,0,0,0,1715496,1712273,0,0,0,0,0,0,0,0,0,0,0,0,0,0,0,0,0,0,0,0,4096,256,131072,4,15|4,0,1800000000,262144,6867,0,0,0,0,25808,0,25792,0,3227,3224,0,1,25808,0|630,1910963143,23,845346400,0,845152256,0,845152256,0,950312932,0,3224,3224,2362383455,21,2362383455,21,2080,1123302855,22,3881377691,0,0,0,0,0
1788105115489|1001|formal_primary_1800s|fixed|630,1378943233,16780339,1908387465,1905568906,1908387465,1905568906,1908387465,1905568906,3445039,3435338,1720901,1717668,0,0,0,0,4294967295,4294967295,4096,4096,0,0,1720902,1720902,2197056811,2197056808,2197056819,2197056824,0,0,0,0,0,0,0,0,4096,256,131072,4,15|4,0,1800000000,262144,6867,0,0,0,0,25888,0,25872,0,3237,3234,0,1,25888,0|632,2916402721,23,847998468,0,847773696,0,847773696,0,953503215,0,3234,3234,2654421005,21,2654421005,21,2080,1526732822,22,3892418066,0,0,0,0,0
1788105115489|1001|formal_primary_1800s|rotating|630,1378943233,33558272,1908437803,1905619290,0,0,0,0,0,0,0,0,0,0,1720947,1717714,0,0,0,0,0,0,0,0,0,0,0,0,0,0,0,0,0,0,0,0,4096,256,131072,4,15|4,0,1800000000,262144,6867,0,0,0,0,25888,0,25872,0,3237,3234,0,1,25888,0|632,2229390890,23,848024156,0,847773696,0,847773696,0,953319064,0,3234,3234,2655764087,21,2655764087,21,2080,1426172093,22,3893405450,0,0,0,0,0
1788105120497|1001|formal_primary_1800s|fixed|632,1378943233,16780339,1914416349,1911587838,1914416349,1911587838,1914416349,1911587838,3455939,3446205,1726346,1723102,0,0,0,0,4294967295,4294967295,4096,4096,0,0,1726347,1726347,2517605532,2517605545,2517605540,2517605529,0,0,0,0,0,0,0,0,4096,256,131072,4,15|4,0,1800000000,262144,6867,0,0,0,0,25976,0,25960,0,3248,3245,0,1,25976,0|634,3238244566,23,850692356,0,850657280,0,850657280,0,956528198,0,3245,3245,2948775657,21,2948775657,21,2080,1831811730,22,3905650129,0,0,0,0,0
1788105120497|1001|formal_primary_1800s|rotating|632,1378943233,33558272,1914487300,1911658853,0,0,0,0,0,0,0,0,0,0,1726410,1723166,0,0,0,0,0,0,0,0,0,0,0,0,0,0,0,0,0,0,0,0,4096,256,131072,4,15|4,0,1800000000,262144,6867,0,0,0,0,25976,0,25960,0,3248,3245,0,1,25976,0|634,2550940679,23,850715572,0,850657280,0,850657280,0,956340664,0,3245,3245,2949817669,21,2949817669,21,2080,1730605042,22,3906643890,0,0,0,0,0
1788105125510|1001|formal_primary_1800s|fixed|634,1378943233,16780339,1920488864,1917651394,1920488864,1917651394,1920488864,1917651394,3466898,3457134,1731821,1728567,0,0,0,0,4294967295,4294967295,4096,4096,0,0,1731821,1731821,2838288515,2838288832,2838288523,2838288840,0,0,0,0,0,0,0,0,4096,256,131072,4,15|4,0,1800000000,262144,6867,0,0,0,0,26056,0,26040,0,3258,3255,0,1,26056,0|636,3560309905,23,853402220,0,853278720,0,853278720,0,959575807,0,3255,3255,3245786587,21,3245786587,21,2080,2138638153,22,3917679141,0,0,0,0,0
1788105125510|1001|formal_primary_1800s|rotating|634,1378943233,33558272,1920605625,1917768164,0,0,0,0,0,0,0,0,0,0,1731926,1728672,0,0,0,0,0,0,0,0,0,0,0,0,0,0,0,0,0,0,0,0,4096,256,131072,4,15|4,0,1800000000,262144,6867,0,0,0,0,26056,0,26040,0,3258,3255,0,1,26056,0|636,2873621067,23,853430872,0,853278720,0,853278720,0,959393575,0,3255,3255,3247436612,21,3247436612,21,2080,2037725958,22,3918676577,0,0,0,0,0
1788105130512|1001|formal_primary_1800s|fixed|636,1378943233,16780339,1926542421,1923696171,1926542421,1923696171,1926542421,1923696171,3477838,3468044,1737285,1734021,0,0,0,0,4294967295,4294967295,4096,4096,0,0,1737286,1737286,3158421585,3158421614,3158421601,3158421622,0,0,0,0,0,0,0,0,4096,256,131072,4,15|4,0,1800000000,262144,6867,0,0,0,0,26136,0,26120,0,3268,3265,0,1,26136,0|638,3878929339,23,856081952,0,855900160,0,855900160,0,962585434,0,3265,3265,3539359024,21,3539359024,21,2080,2442019020,22,3929707811,0,0,0,0,0
1788105130512|1001|formal_primary_1800s|rotating|636,1378943233,33555404,1926617316,1923771126,0,0,0,0,0,0,0,0,0,0,1737353,1734089,0,0,0,0,0,0,0,0,0,0,0,0,0,0,0,0,0,0,0,0,4096,256,131072,4,15|4,0,1800000000,262144,6867,0,0,0,0,26136,0,26120,0,3268,3265,0,1,26136,0|638,3192128957,23,856109616,0,855900160,0,855900160,0,962401429,0,3265,3265,3540896464,21,3540896464,21,2080,2340678170,22,3930705013,0,0,0,0,0
1788105135514|1001|formal_primary_1800s|fixed|638,1378943233,16780339,1932601377,1929747851,1932601377,1929747851,1932601377,1929747851,3488782,3478958,1742752,1739478,0,0,0,0,4294967295,4294967295,4096,4096,0,0,1742753,1742753,3478691800,3478691805,3478691760,3478691765,0,0,0,0,0,0,0,0,4096,256,131072,4,15|4,0,1800000000,262144,6867,0,0,0,0,26216,0,26200,0,3278,3275,0,1,26216,0|640,4199048210,23,858774528,0,858521600,0,858521600,0,965611472,0,3275,3275,3834428161,21,3834428161,21,2080,2746899031,22,3941736765,0,0,0,0,0
1788105135514|1001|formal_primary_1800s|rotating|638,1378943233,33555404,1932680985,1929827343,0,0,0,0,0,0,0,0,0,0,1742824,1739550,0,0,0,0,0,0,0,0,0,0,0,0,0,0,0,0,0,0,0,0,4096,256,131072,4,15|5,0,1800000000,262144,6867,0,0,0,0,26224,0,26208,0,3279,3276,0,1,26224,0|640,3513213107,23,858796588,0,858783744,0,858783744,0,965420528,0,3276,3276,3834488597,21,3834488597,21,2080,2644646432,22,3943940356,0,0,0,0,0
1788105140522|1001|formal_primary_1800s|fixed|640,1378943233,16780339,1938635902,1935772165,1938635902,1935772165,1938635902,1935772165,3499677,3489820,1748194,1744909,0,0,0,0,4294967295,4294967295,4096,4096,0,0,1748195,1748195,3799079702,3799079675,3799079710,3799079683,0,0,0,0,0,0,0,0,4096,256,131072,4,15|4,0,1800000000,262144,6867,0,0,0,0,26304,0,26288,0,3289,3286,0,1,26304,0|642,224769080,24,861458044,0,861405184,0,861405184,0,968629290,0,3286,3286,4127629394,21,4127629394,21,2080,3050824620,22,3954968496,0,0,0,0,0
1788105140522|1001|formal_primary_1800s|rotating|640,1378943233,33558272,1938733765,1935870132,0,0,0,0,0,0,0,0,0,0,1748283,1744998,0,0,0,0,0,0,0,0,0,0,0,0,0,0,0,0,0,0,0,0,4096,256,131072,4,15|4,0,1800000000,262144,6867,0,0,0,0,26304,0,26288,0,3289,3286,0,1,26304,0|642,3834519548,23,861500032,0,861405184,0,861405184,0,968459509,0,3286,3286,4130735677,21,4130735677,21,2080,2950392247,22,3955973917,0,0,0,0,0
1788105145528|1001|formal_primary_1800s|fixed|642,1378943233,16780339,1944701940,1941829285,1944701940,1941829285,1944701940,1941829285,3510631,3500744,1753666,1750371,0,0,0,0,4294967295,4294967295,4096,4096,0,0,1753667,1753667,4119617763,4119617752,4119617771,4119617760,0,0,0,0,0,0,0,0,4096,256,131072,4,15|4,0,1800000000,262144,6867,0,0,0,0,26384,0,26368,0,3299,3296,0,1,26384,0|644,545433613,24,864156052,0,864026624,0,864026624,0,971661294,0,3296,3296,128271008,22,128271008,22,2080,3356249836,22,3966997906,0,0,0,0,0
1788105145528|1001|formal_primary_1800s|rotating|642,1378943233,33558272,1944784605,1941911698,0,0,0,0,0,0,0,0,0,0,1753741,1750446,0,0,0,0,0,0,0,0,0,0,0,0,0,0,0,0,0,0,0,0,4096,256,131072,4,15|4,0,1800000000,262144,6867,0,0,0,0,26384,0,26368,0,3299,3296,0,1,26384,0|644,4155024211,23,864196068,0,864026624,0,864026624,0,971489587,0,3296,3296,131220669,22,131220669,22,2080,3255337912,22,3968002336,0,0,0,0,0
1788105150555|1001|formal_primary_1800s|fixed|644,1378943233,16780339,1950788254,1947906303,1950788254,1947906303,1950788254,1947906303,3521624,3511707,1759158,1755853,0,0,0,0,4294967295,4294967295,4096,4096,0,0,1759159,1759159,146276178,146276191,146276186,146276167,0,0,0,0,0,0,0,0,4096,256,131072,4,15|4,0,1800000000,262144,6867,0,0,0,0,26464,0,26448,0,3309,3306,0,1,26464,0|646,866831097,24,866859992,0,866648064,0,866648064,0,974699869,0,3306,3306,424615305,22,424615305,22,2080,3662408358,22,3979026947,0,0,0,0,0
1788105150555|1001|formal_primary_1800s|rotating|644,1378943233,33555404,1950862115,1947980073,0,0,0,0,0,0,0,0,0,0,1759224,1755919,0,0,0,0,0,0,0,0,0,0,0,0,0,0,0,0,0,0,0,0,4096,256,131072,4,15|4,0,1800000000,262144,6867,0,0,0,0,26464,0,26448,0,3309,3306,0,1,26464,0|646,179824889,24,866885680,0,866648064,0,866648064,0,974511169,0,3306,3306,425934817,22,425934817,22,2080,3559547399,22,3980033898,0,0,0,0,0
1788105155561|1001|formal_primary_1800s|fixed|646,1378943233,16780339,1956855529,1953965005,1956855529,1953965005,1956855529,1953965005,3532571,3522624,1764626,1761311,0,0,0,0,4294967295,4294967295,4096,4096,0,0,1764627,1764627,466622208,466622229,466622216,466622237,0,0,0,0,0,0,0,0,4096,256,131072,4,15|5,0,1800000000,262144,6867,0,0,0,0,26552,0,26536,0,3320,3317,0,1,26552,0|648,1188166636,24,869549432,0,869531648,0,869531648,0,977725208,0,3317,3317,718465929,22,718465929,22,2080,3966981196,22,3992258798,0,0,0,0,0
1788105155561|1001|formal_primary_1800s|rotating|646,1378943233,33555404,1956920177,1954028748,0,0,0,0,0,0,0,0,0,0,1764686,1761370,0,0,0,0,0,0,0,0,0,0,0,0,0,0,0,0,0,0,0,0,4096,256,131072,4,15|4,0,1800000000,262144,6867,0,0,0,0,26552,0,26536,0,3320,3317,0,1,26552,0|648,501333468,24,869576604,0,869531648,0,869531648,0,977537748,0,3317,3317,719949948,22,719949948,22,2080,3863942695,22,3993269650,0,0,0,0,0
1788105160563|1001|formal_primary_1800s|fixed|648,1378943233,16780339,1962885461,1959984741,1962885461,1959984741,1962885461,1959984741,3543460,3533480,1770065,1766739,0,0,0,0,4294967295,4294967295,4096,4096,0,0,1770066,1770066,786819967,786819988,786819983,786819980,0,0,0,0,0,0,0,0,4096,256,131072,4,15|4,0,1800000000,262144,6867,0,0,0,0,26632,0,26616,0,3330,3327,0,1,26632,0|650,1507192843,24,872232624,0,872153088,0,872153088,0,980741895,0,3327,3327,1012442369,22,1012442369,22,2080,4270767807,22,4004288506,0,0,0,0,0
1788105160563|1001|formal_primary_1800s|rotating|648,1378943233,33555404,1962959061,1960058326,0,0,0,0,0,0,0,0,0,0,1770131,1766805,0,0,0,0,0,0,0,0,0,0,0,0,0,0,0,0,0,0,0,0,4096,256,131072,4,15|4,0,1800000000,262144,6867,0,0,0,0,26632,0,26616,0,3330,3327,0,1,26632,0|650,820170202,24,872258312,0,872153088,0,872153088,0,980551623,0,3327,3327,1013733360,22,1013733360,22,2080,4167218331,22,4005302618,0,0,0,0,0
1788105165564|1001|formal_primary_1800s|fixed|650,1378943233,16781056,1968943227,1966035113,1968943227,1966035113,1968943227,1966035113,3554398,3544388,1775530,1772194,0,0,0,0,4294967295,4294967295,4096,4096,0,0,1775530,1775530,1106943764,1106944105,1106943772,1106944113,0,0,0,0,0,0,0,0,4096,256,131072,4,15|4,0,1800000000,262144,6867,0,0,0,0,26712,0,26696,0,3340,3337,0,1,26712,0|652,1827295344,24,874925200,0,874774528,0,874774528,0,983768739,0,3337,3337,1307492440,22,1307492440,22,2080,280663990,23,4016317642,0,0,0,0,0
1788105165564|1001|formal_primary_1800s|rotating|650,1378943233,33555404,1969016760,1966108682,0,0,0,0,0,0,0,0,0,0,1775596,1772260,0,0,0,0,0,0,0,0,0,0,0,0,0,0,0,0,0,0,0,0,4096,256,131072,4,15|4,0,1800000000,262144,6867,0,0,0,0,26712,0,26696,0,3340,3337,0,1,26712,0|652,1140381186,24,874951876,0,874774528,0,874774528,0,983578932,0,3337,3337,1308891097,22,1308891097,22,2080,176903071,23,4017332583,0,0,0,0,0
1788105170564|1001|formal_primary_1800s|fixed|652,1378943233,16780339,1975000481,1972082635,1975000481,1972082635,1975000481,1972082635,3565332,3555292,1780991,1777645,0,0,0,0,4294967295,4294967295,4096,4096,0,0,1780992,1780992,1426899087,1426899100,1426899095,1426899108,0,0,0,0,0,0,0,0,4096,256,131072,4,15|4,0,1800000000,262144,6867,0,0,0,0,26792,0,26776,0,3350,3347,0,1,26792,0|654,2147314695,24,877617280,0,877395968,0,877395968,0,986795516,0,3347,3347,1602464593,22,1602464593,22,2080,585445000,23,4028346100,0,0,0,0,0
1788105170564|1001|formal_primary_1800s|rotating|652,1378943233,33555404,1975075612,1972157712,0,0,0,0,0,0,0,0,0,0,1781059,1777713,0,0,0,0,0,0,0,0,0,0,0,0,0,0,0,0,0,0,0,0,4096,256,131072,4,15|4,0,1800000000,262144,6867,0,0,0,0,26792,0,26776,0,3350,3347,0,1,26792,0|654,1460555209,24,877645440,0,877395968,0,877395968,0,986606500,0,3347,3347,1604009583,22,1604009583,22,2080,481520281,23,4029364805,0,0,0,0,0
1788105175574|1001|formal_primary_1800s|fixed|654,1378943233,16781056,1981058975,1978131021,1981058975,1978131021,1981058975,1978131021,3576268,3566196,1786455,1783098,0,0,0,0,4294967295,4294967295,4096,4096,0,0,1786455,1786455,1746949200,1746949200,1746949208,1746949208,0,0,0,0,0,0,0,0,4096,256,131072,4,15|5,0,1800000000,262144,6867,0,0,0,0,26880,0,26864,0,3361,3358,0,1,26880,0|656,2468101729,24,880301784,0,880279552,0,880279552,0,989814238,0,3358,3358,1895764086,22,1895764086,22,2080,889469109,23,4041578156,0,0,0,0,0
1788105175574|1001|formal_primary_1800s|rotating|654,1378943233,33555404,1981115120,1978187152,0,0,0,0,0,0,0,0,0,0,1786505,1783148,0,0,0,0,0,0,0,0,0,0,0,0,0,0,0,0,0,0,0,0,4096,256,131072,4,15|4,0,1800000000,262144,6867,0,0,0,0,26880,0,26864,0,3361,3358,0,1,26880,0|656,1781097013,24,880327472,0,880279552,0,880279552,0,989622164,0,3358,3358,1897060109,22,1897060109,22,2080,784945114,23,4042600642,0,0,0,0,0
1788105180580|1001|formal_primary_1800s|fixed|656,1378943233,16780578,1987103322,1984167306,1987103322,1984167306,1987103322,1984167306,3587183,3577080,1791907,1788540,0,0,0,0,4294967295,4294967295,4096,4096,0,0,1791907,1791907,2067909877,2067910194,2067909885,2067910202,0,0,0,0,0,0,0,0,4096,256,131072,4,15|4,0,1800000000,262144,6867,0,0,0,0,26960,0,26944,0,3371,3368,0,1,26960,0|658,2788646152,24,882998312,0,882900992,0,882900992,0,992845598,0,3368,3368,2191256401,22,2191256401,22,2080,1194774384,23,4053607438,0,0,0,0,0
1788105180580|1001|formal_primary_1800s|rotating|656,1378943233,33555404,1987177908,1984241929,0,0,0,0,0,0,0,0,0,0,1791974,1788607,0,0,0,0,0,0,0,0,0,0,0,0,0,0,0,0,0,0,0,0,4096,256,131072,4,15|4,0,1800000000,262144,6867,0,0,0,0,26960,0,26944,0,3371,3368,0,1,26960,0|658,2101536276,24,883023012,0,882900992,0,882900992,0,992651834,0,3368,3368,2192445557,22,2192445557,22,2080,1089826793,23,4054630623,0,0,0,0,0
1788105185610|1001|formal_primary_1800s|fixed|658,1378943233,16780339,1993201641,1990256426,1993201641,1990256426,1993201641,1990256426,3598189,3588056,1797404,1794027,0,0,0,0,4294967295,4294967295,4096,4096,0,0,1797405,1797405,2389887341,2389887330,2389887309,2389887338,0,0,0,0,0,0,0,0,4096,256,131072,4,15|4,0,1800000000,262144,6867,0,0,0,0,27040,0,27024,0,3381,3378,0,1,27040,0|660,3110359172,24,885705212,0,885522432,0,885522432,0,995889817,0,3378,3378,2487914855,22,2487914855,22,2080,1501248094,23,4065636837,0,0,0,0,0
1788105185610|1001|formal_primary_1800s|rotating|658,1378943233,33555404,1993277425,1990332197,0,0,0,0,0,0,0,0,0,0,1797473,1794096,0,0,0,0,0,0,0,0,0,0,0,0,0,0,0,0,0,0,0,0,4096,256,131072,4,15|4,0,1800000000,262144,6867,0,0,0,0,27040,0,27024,0,3381,3378,0,1,27040,0|660,2423633126,24,885733372,0,885522432,0,885522432,0,995698955,0,3378,3378,2489481621,22,2489481621,22,2080,1396363091,23,4066663877,0,0,0,0,0
1788105190610|1001|formal_primary_1800s|fixed|660,1378943233,16781056,1999262923,1996308376,1999262923,1996308376,1999262923,1996308376,3609129,3598966,1802870,1799483,0,0,0,0,4294967295,4294967295,4096,4096,0,0,1802870,1802870,2710046168,2710046493,2710046176,2710046501,0,0,0,0,0,0,0,0,4096,256,131072,4,15|4,0,1800000000,262144,6867,0,0,0,0,27120,0,27104,0,3391,3388,0,1,27120,0|662,3430535938,24,888398776,0,888143872,0,888143872,0,998918356,0,3388,3388,2783041730,22,2783041730,22,2080,1806185751,23,4077666075,0,0,0,0,0
1788105190610|1001|formal_primary_1800s|rotating|660,1378943233,33555404,1999331142,1996376680,0,0,0,0,0,0,0,0,0,0,1802931,1799544,0,0,0,0,0,0,0,0,0,0,0,0,0,0,0,0,0,0,0,0,4096,256,131072,4,15|4,0,1800000000,262144,6867,0,0,0,0,27124,0,27112,0,3392,3389,0,1,27124,0|662,2743372634,24,888406016,0,888406016,0,888406016,0,998711541,0,3389,3389,2782239785,22,2782239785,22,2080,1699496497,23,4079712763,0,0,0,0,0
1788105195610|1001|formal_primary_1800s|fixed|662,1378943233,16781056,2005294283,2002330351,2005294283,2002330351,2005294283,2002330351,3620012,3609816,1808306,1804908,0,0,0,0,4294967295,4294967295,4096,4096,0,0,1808306,1808306,3030104602,3030104935,3030104610,3030104943,0,0,0,0,0,0,0,0,4096,256,131072,4,15|4,0,1800000000,262144,6867,0,0,0,0,27208,0,27192,0,3402,3399,0,1,27208,0|664,3750437953,24,891075376,0,891027456,0,891027456,0,1001930078,0,3399,3399,3075458166,22,3075458166,22,2080,2109324419,23,4090898584,0,0,0,0,0
1788105195610|1001|formal_primary_1800s|rotating|662,1378943233,33555404,2005362247,2002398331,0,0,0,0,0,0,0,0,0,0,1808367,1804969,0,0,0,0,0,0,0,0,0,0,0,0,0,0,0,0,0,0,0,0,4096,256,131072,4,15|4,0,1800000000,262144,6867,0,0,0,0,27208,0,27192,0,3402,3399,0,1,27208,0|664,3063199614,24,891099088,0,891027456,0,891027456,0,1001732682,0,3399,3399,3076505397,22,3076505397,22,2080,2003256284,23,4091930262,0,0,0,0,0
1788105200610|1001|formal_primary_1800s|fixed|664,1378943233,16781056,2011352085,2008379121,2011352085,2008379121,2011352085,2008379121,3630946,3620720,1813768,1810360,0,0,0,0,4294967295,4294967295,4096,4096,0,0,1813768,1813768,3350084776,3350085125,3350084792,3350085133,0,0,0,0,0,0,0,0,4096,256,131072,4,15|4,0,1800000000,262144,6867,0,0,0,0,27288,0,27272,0,3412,3409,0,1,27288,0|666,4070438264,24,893766964,0,893648896,0,893648896,0,1004956935,0,3409,3409,3370408114,22,3370408114,22,2080,2414085660,23,4102927762,0,0,0,0,0
1788105200610|1001|formal_primary_1800s|rotating|664,1378943233,33555404,2011421194,2008448162,0,0,0,0,0,0,0,0,0,0,1813830,1810422,0,0,0,0,0,0,0,0,0,0,0,0,0,0,0,0,0,0,0,0,4096,256,131072,4,15|4,0,1800000000,262144,6867,0,0,0,0,27288,0,27272,0,3412,3409,0,1,27288,0|666,3383474357,24,893793144,0,893648896,0,893648896,0,1004761624,0,3409,3409,3371725055,22,3371725055,22,2080,2307972235,23,4103961870,0,0,0,0,0
1788105205610|1001|formal_primary_1800s|fixed|666,1378943233,16780339,2017412947,2014431038,2017412947,2014431038,2017412947,2014431038,3641882,3631626,1819230,1815812,0,0,0,0,4294967295,4294967295,4096,4096,0,0,1819231,1819231,3670107159,3670107148,3670107167,3670107156,0,0,0,0,0,0,0,0,4096,256,131072,4,15|4,0,1800000000,262144,6867,0,0,0,0,27368,0,27352,0,3422,3419,0,1,27368,0|668,95382957,25,896458056,0,896270336,0,896270336,0,1007984067,0,3419,3419,3665268438,22,3665268438,22,2080,2718759072,23,4114956458,0,0,0,0,0
1788105205610|1001|formal_primary_1800s|rotating|666,1378943233,33558272,2017491247,2014509263,0,0,0,0,0,0,0,0,0,0,1819301,1815883,0,0,0,0,0,0,0,0,0,0,0,0,0,0,0,0,0,0,0,0,4096,256,131072,4,15|4,0,1800000000,262144,6867,0,0,0,0,27368,0,27352,0,3422,3419,0,1,27368,0|668,3704596779,24,896495108,0,896270336,0,896270336,0,1007800055,0,3419,3419,3667792337,22,3667792337,22,2080,2613535866,23,4115991571,0,0,0,0,0
1788105210612|1001|formal_primary_1800s|fixed|668,1378943233,16780339,2023472861,2020482935,2023472861,2020482935,2023472861,2020482935,3652822,3642536,1824695,1821267,0,0,0,0,4294967295,4294967295,4096,4096,0,0,1824696,1824696,3990237136,3990237101,3990237104,3990237109,0,0,0,0,0,0,0,0,4096,256,131072,4,15|4,0,1800000000,262144,6867,0,0,0,0,27448,0,27432,0,3432,3429,0,1,27448,0|670,415701478,25,899152608,0,898891776,0,898891776,0,1011014000,0,3429,3429,3960533200,22,3960533200,22,2066,3023838466,23,4126985721,0,0,0,0,0
1788105210612|1001|formal_primary_1800s|rotating|668,1378943233,33555404,2023539767,2020549975,0,0,0,0,0,0,0,0,0,0,1824755,1821327,0,0,0,0,0,0,0,0,0,0,0,0,0,0,0,0,0,0,0,0,4096,256,131072,4,15|4,0,1800000000,262144,6867,0,0,0,0,27452,0,27440,0,3433,3430,0,1,27456,0|670,4023547369,24,899163308,0,899153920,0,899153920,0,1010799736,0,3430,3430,3959257775,22,3959257775,22,2080,2915369866,23,4129224761,0,0,0,0,0
1788105215625|1001|formal_primary_1800s|fixed|670,1378943233,16781056,2029516355,2026516353,2029516355,2026516353,2029516355,2026516353,3663727,3653408,1830143,1826704,0,0,0,0,4294967295,4294967295,4096,4096,0,0,1830143,1830143,15971934,15972283,15971942,15972291,0,0,0,0,0,0,0,0,4096,256,131072,4,15|4,0,1800000000,262144,6867,0,0,0,0,27536,0,27520,0,3443,3440,0,1,27536,0|672,736349083,25,901836124,0,901775360,0,901775360,0,1014032679,0,3440,3440,4253697094,22,4253697094,22,2080,3327723449,23,4140217394,0,0,0,0,0
1788105215625|1001|formal_primary_1800s|rotating|670,1378943233,33555404,2029590890,2026590880,0,0,0,0,0,0,0,0,0,0,1830210,1826771,0,0,0,0,0,0,0,0,0,0,0,0,0,0,0,0,0,0,0,0,4096,256,131072,4,15|4,0,1800000000,262144,6867,0,0,0,0,27536,0,27520,0,3443,3440,0,1,27536,0|672,49908327,25,901866752,0,901775360,0,901775360,0,1013840471,0,3440,3440,4255526815,22,4255526815,22,2080,3221140518,23,4141258198,0,0,0,0,0
1788105220638|1001|formal_primary_1800s|fixed|672,1378943233,16781056,2035591533,2032582662,2035591533,2032582662,2035591533,2032582662,3674691,3664342,1835620,1832171,0,0,0,0,4294967295,4294967295,4096,4096,0,0,1835620,1835620,336789189,336789522,336789197,336789530,0,0,0,0,0,0,0,0,4096,256,131072,4,15|4,0,1800000000,262144,6867,0,0,0,0,27616,0,27600,0,3453,3450,0,1,27616,0|674,1057196185,25,904535120,0,904396800,0,904396800,0,1017068260,0,3450,3450,254521013,23,254521013,23,2080,3633331221,23,4152246825,0,0,0,0,0
1788105220638|1001|formal_primary_1800s|rotating|672,1378943233,33555404,2035667337,2032658488,0,0,0,0,0,0,0,0,0,0,1835688,1832239,0,0,0,0,0,0,0,0,0,0,0,0,0,0,0,0,0,0,0,0,4096,256,131072,4,15|4,0,1800000000,262144,6867,0,0,0,0,27616,0,27600,0,3453,3450,0,1,27616,0|674,371017006,25,904568220,0,904396800,0,904396800,0,1016878106,0,3450,3450,256611752,23,256611752,23,2080,3526687479,23,4153289363,0,0,0,0,0
1788105225653|1001|formal_primary_1800s|fixed|674,1378943233,16780339,2041675329,2038657029,2041675329,2038657029,2041675329,2038657029,3685667,3675288,1841102,1837643,0,0,0,0,4294967295,4294967295,4096,4096,0,0,1841103,1841103,657928544,657928557,657928552,657928565,0,0,0,0,0,0,0,0,4096,256,131072,4,15|4,0,1800000000,262144,6867,0,0,0,0,27696,0,27680,0,3463,3460,0,1,27696,0|676,1378077234,25,907234612,0,907018240,0,907018240,0,1020105212,0,3460,3460,550351096,23,550351096,23,2080,3938973241,23,4164275959,0,0,0,0,0
1788105225653|1001|formal_primary_1800s|rotating|674,1378943233,33555404,2041741960,2038723682,0,0,0,0,0,0,0,0,0,0,1841162,1837703,0,0,0,0,0,0,0,0,0,0,0,0,0,0,0,0,0,0,0,0,4096,256,131072,4,15|4,0,1800000000,262144,6867,0,0,0,0,27696,0,27680,0,3463,3460,0,1,27696,0|676,691154478,25,907261288,0,907018240,0,907018240,0,1019906894,0,3460,3460,551693288,23,551693288,23,2080,3831266397,23,4165322096,0,0,0,0,0
1788105230655|1001|formal_primary_1800s|fixed|676,1378943233,16780339,2047735634,2044708489,2047735634,2044708489,2047735634,2044708489,3696607,3686198,1846567,1843098,0,0,0,0,4294967295,4294967295,4096,4096,0,0,1846568,1846568,978071996,978071993,978071980,978071961,0,0,0,0,0,0,0,0,4096,256,131072,4,15|5,0,1800000000,262144,6867,0,0,0,0,27784,0,27768,0,3474,3471,0,1,27784,0|678,1698354013,25,909914668,0,909901824,0,909901824,0,1023118630,0,3471,3471,843144868,23,843144868,23,2080,4242486754,23,4177508352,0,0,0,0,0
1788105230655|1001|formal_primary_1800s|rotating|676,1378943233,33555404,2047777324,2044749353,0,0,0,0,0,0,0,0,0,0,1846605,1843135,0,0,0,0,0,0,0,0,0,0,0,0,0,0,0,0,0,0,0,0,4096,256,131072,4,15|4,0,1800000000,262144,6867,0,0,0,0,27784,0,27768,0,3474,3471,0,1,27784,0|678,1011251166,25,909939864,0,909901824,0,909901824,0,1022917836,0,3471,3471,844298976,23,844298976,23,2080,4134249291,23,4178558563,0,0,0,0,0
1788105235666|1001|formal_primary_1800s|fixed|678,1378943233,16780339,2053770054,2050733655,2053770054,2050733655,2053770054,2050733655,3707507,3697065,1852012,1848532,0,0,0,0,4294967295,4294967295,4096,4096,0,0,1852013,1852013,1298612706,1298612703,1298612682,1298612679,0,0,0,0,0,0,0,0,4096,256,131072,4,15|4,0,1800000000,262144,6867,0,0,0,0,27864,0,27848,0,3484,3481,0,1,27864,0|680,2019938059,25,912620584,0,912523264,0,912523264,0,1026159775,0,3481,3481,1139675646,23,1139675646,23,2080,253864433,24,4189537510,0,0,0,0,0
1788105235666|1001|formal_primary_1800s|rotating|678,1378943233,33558272,2053865342,2050828922,0,0,0,0,0,0,0,0,0,0,1852098,1848618,0,0,0,0,0,0,0,0,0,0,0,0,0,0,0,0,0,0,0,0,4096,256,131072,4,15|4,0,1800000000,262144,6867,0,0,0,0,27864,0,27848,0,3484,3481,0,1,27864,0|680,1334144455,25,912657140,0,912523264,0,912523264,0,1025971393,0,3481,3481,1142128566,23,1142128566,23,2080,146614359,24,4190593027,0,0,0,0,0
1788105240681|1001|formal_primary_1800s|fixed|680,1378943233,16781056,2059855967,2056811761,2059855967,2056811761,2059855967,2056811761,3718508,3708036,1857508,1854018,0,0,0,0,4294967295,4294967295,4096,4096,0,0,1857508,1857508,1620469626,1620469975,1620469634,1620469983,0,0,0,0,0,0,0,0,4096,256,131072,4,15|4,0,1800000000,262144,6867,0,0,0,0,27944,0,27928,0,3494,3491,0,1,27944,0|682,2339921617,25,915312172,0,915144704,0,915144704,0,1029182090,0,3491,3491,1434613604,23,1434613604,23,2080,558609192,24,4201566397,0,0,0,0,0
1788105240681|1001|formal_primary_1800s|rotating|680,1378943233,33558272,2059913885,2056869634,0,0,0,0,0,0,0,0,0,0,1857560,1854070,0,0,0,0,0,0,0,0,0,0,0,0,0,0,0,0,0,0,0,0,4096,256,131072,4,15|4,0,1800000000,262144,6867,0,0,0,0,27944,0,27928,0,3494,3491,0,1,27944,0|682,1653969890,25,915347244,0,915144704,0,915144704,0,1028991540,0,3491,3491,1436896213,23,1436896213,23,2080,450881802,24,4202628340,0,0,0,0,0
1788105245682|1001|formal_primary_1800s|fixed|682,1378943233,16780339,2065898107,2062844312,2065898107,2062844312,2065898107,2062844312,3729416,3718914,1862956,1859456,0,0,0,0,4294967295,4294967295,4096,4096,0,0,1862957,1862957,1939699328,1939699317,1939699336,1939699333,0,0,0,0,0,0,0,0,4096,256,131072,4,15|4,0,1800000000,262144,6867,0,0,0,0,28024,0,28008,0,3504,3501,0,1,28024,0|684,2660126727,25,918005736,0,917766144,0,917766144,0,1032210527,0,3501,3501,1729769558,23,1729769558,23,2080,863575258,24,4213595528,0,0,0,0,0
1788105245682|1001|formal_primary_1800s|rotating|682,1378943233,33555404,2065973370,2062919561,0,0,0,0,0,0,0,0,0,0,1863024,1859524,0,0,0,0,0,0,0,0,0,0,0,0,0,0,0,0,0,0,0,0,4096,256,131072,4,15|4,0,1800000000,262144,6867,0,0,0,0,28024,0,28008,0,3504,3501,0,1,28024,0|684,1973396971,25,918028288,0,917766144,0,917766144,0,1032011428,0,3502,3501,1730612513,23,1730612513,23,2048,754749864,24,4214661897,0,0,0,0,0
1788105250691|1001|formal_primary_1800s|fixed|684,1378943233,16781056,2071935364,2068872038,2071935364,2068872038,2071935364,2068872038,3740315,3729780,1868401,1864890,0,0,0,0,4294967295,4294967295,4096,4096,0,0,1868401,1868401,2260228806,2260229147,2260228814,2260229155,0,0,0,0,0,0,0,0,4096,256,131072,4,15|4,0,1800000000,262144,6867,0,0,0,0,28112,0,28096,0,3515,3512,0,1,28112,0|686,2980647829,25,920687768,0,920649728,0,920649728,0,1035226687,0,3512,3512,2022802175,23,2022802175,23,2080,1167333504,24,4226827502,0,0,0,0,0
1788105250691|1001|formal_primary_1800s|rotating|684,1378943233,33558272,2072009859,2068946530,0,0,0,0,0,0,0,0,0,0,1868468,1864957,0,0,0,0,0,0,0,0,0,0,0,0,0,0,0,0,0,0,0,0,4096,256,131072,4,15|4,0,1800000000,262144,6867,0,0,0,0,28112,0,28096,0,3515,3512,0,1,28112,0|686,2293922000,25,920716420,0,920649728,0,920649728,0,1035026994,0,3512,3512,2024306956,23,2024306956,23,2080,1058161460,24,4227892603,0,0,0,0,0
1788105255695|1001|formal_primary_1800s|fixed|686,1378943233,16780339,2077993183,2074921373,2077993183,2074921373,2077993183,2074921373,3751261,3740696,1873868,1870347,0,0,0,0,4294967295,4294967295,4096,4096,0,0,1873869,1873869,2580511892,2580511889,2580511900,2580511905,0,0,0,0,0,0,0,0,4096,256,131072,4,15|4,0,1800000000,262144,6867,0,0,0,0,28192,0,28176,0,3525,3522,0,1,28192,0|688,3300995082,25,923382812,0,923271168,0,923271168,0,1038254119,0,3522,3522,2318096029,23,2318096029,23,2080,1472441897,24,4238856506,0,0,0,0,0
1788105255695|1001|formal_primary_1800s|rotating|686,1378943233,33558272,2078068548,2074996655,0,0,0,0,0,0,0,0,0,0,1873936,1870415,0,0,0,0,0,0,0,0,0,0,0,0,0,0,0,0,0,0,0,0,4096,256,131072,4,15|4,0,1800000000,262144,6867,0,0,0,0,28192,0,28176,0,3525,3522,0,1,28192,0|688,2614259866,25,923410972,0,923271168,0,923271168,0,1038053644,0,3522,3522,2319590542,23,2319590542,23,2080,1362939076,24,4239923298,0,0,0,0,0
1788105260703|1001|formal_primary_1800s|fixed|688,1378943233,16781056,2084061216,2080981035,2084061216,2080981035,2084061216,2080981035,3762221,3751626,1879344,1875813,0,0,0,0,4294967295,4294967295,4096,4096,0,0,1879344,1879344,2901248509,2901248842,2901248517,2901248850,0,0,0,0,0,0,0,0,4096,256,131072,4,15|4,0,1800000000,262144,6867,0,0,0,0,28272,0,28256,0,3535,3532,0,1,28272,0|690,3621592294,25,926079836,0,925892608,0,925892608,0,1041284613,0,3532,3532,2613641454,23,2613641454,23,2080,1777800457,24,4250885269,0,0,0,0,0
1788105260703|1001|formal_primary_1800s|rotating|688,1378943233,33555404,2084129242,2081048878,0,0,0,0,0,0,0,0,0,0,1879405,1875874,0,0,0,0,0,0,0,0,0,0,0,0,0,0,0,0,0,0,0,0,4096,256,131072,4,15|4,0,1800000000,262144,6867,0,0,0,0,28272,0,28256,0,3535,3532,0,1,28272,0|690,2935244640,25,926111452,0,925892608,0,925892608,0,1041087501,0,3532,3532,2615520015,23,2615520015,23,2080,1668365968,24,4251953570,0,0,0,0,0
1788105265711|1001|formal_primary_1800s|fixed|690,1378943233,16780339,2090126827,2087037666,2090126827,2087037666,2090126827,2087037666,3773169,3762544,1884812,1881271,0,0,0,0,4294967295,4294967295,4096,4096,0,0,1884813,1884813,3221615352,3221615349,3221615368,3221615357,0,0,0,0,0,0,0,0,4096,256,131072,4,15|4,0,1800000000,262144,6867,0,0,0,0,28352,0,28336,0,3545,3542,0,1,28352,0|692,3942003962,25,928775376,0,928514048,0,928514048,0,1044315555,0,3542,3542,2909003295,23,2909003295,23,2050,2082973529,24,4262913938,0,0,0,0,0
1788105265711|1001|formal_primary_1800s|rotating|690,1378943233,33558272,2090194617,2087104748,0,0,0,0,0,0,0,0,0,0,1884875,1881333,0,0,0,0,0,0,0,0,0,0,0,0,0,0,0,0,0,0,0,0,4096,256,131072,4,15|5,0,1800000000,262144,6867,0,0,0,0,28360,0,28344,0,3546,3543,0,1,28360,0|692,3255312846,25,928789532,0,928776192,0,928776192,0,1044098276,0,3543,3543,2908098118,23,2908098118,23,2080,1971318192,24,4265189261,0,0,0,0,0
1788105270724|1001|formal_primary_1800s|fixed|692,1378943233,16780339,2096167234,2093068954,2096167234,2093068954,2096167234,2093068954,3784086,3773428,1890265,1886713,0,0,0,0,4294967295,4294967295,4096,4096,0,0,1890266,1890266,3542598569,3542598566,3542598545,3542598534,0,0,0,0,0,0,0,0,4096,256,131072,4,15|4,0,1800000000,262144,6867,0,0,0,0,28440,0,28424,0,3556,3553,0,1,28440,0|694,4263098674,25,931462348,0,931397632,0,931397632,0,1047334834,0,3553,3553,3202612538,23,3202612538,23,2080,2387305472,24,4276145829,0,0,0,0,0
1788105270724|1001|formal_primary_1800s|rotating|692,1378943233,33555404,2096236579,2093138298,0,0,0,0,0,0,0,0,0,0,1890327,1886775,0,0,0,0,0,0,0,0,0,0,0,0,0,0,0,0,0,0,0,0,4096,256,131072,4,15|4,0,1800000000,262144,6867,0,0,0,0,28440,0,28424,0,3556,3553,0,1,28440,0|694,3575939038,25,931487048,0,931397632,0,931397632,0,1047128024,0,3553,3553,3203664437,23,3203664437,23,2080,2276384457,24,4277224784,0,0,0,0,0
1788105275742|1001|formal_primary_1800s|fixed|694,1378943233,16780339,2102251443,2099144430,2102251443,2099144430,2102251443,2099144430,3795063,3784375,1895749,1892187,0,0,0,0,4294967295,4294967295,4096,4096,0,0,1895750,1895750,3863797431,3863797428,3863797439,3863797436,0,0,0,0,0,0,0,0,4096,256,131072,4,15|4,0,1800000000,262144,6867,0,0,0,0,28520,0,28504,0,3566,3563,0,1,28520,0|696,289183090,26,934163320,0,934019072,0,934019072,0,1050373411,0,3563,3563,3498612629,23,3498612629,23,2080,2693118109,24,4288174999,0,0,0,0,0
1788105275742|1001|formal_primary_1800s|rotating|694,1378943233,33555404,2102328643,2099221689,0,0,0,0,0,0,0,0,0,0,1895818,1892256,0,0,0,0,0,0,0,0,0,0,0,0,0,0,0,0,0,0,0,0,4096,256,131072,4,15|4,0,1800000000,262144,6867,0,0,0,0,28520,0,28504,0,3566,3563,0,1,28520,0|696,3897820483,25,934195432,0,934019072,0,934019072,0,1050174190,0,3563,3563,3500486165,23,3500486165,23,2080,2582707148,24,4289257458,0,0,0,0,0
1788105280747|1001|formal_primary_1800s|fixed|696,1378943233,16781056,2108312430,2105196563,2108312430,2105196563,2108312430,2105196563,3806002,3795284,1901214,1897642,0,0,0,0,4294967295,4294967295,4096,4096,0,0,1901214,1901214,4183923496,4183923853,4183923504,4183923861,0,0,0,0,0,0,0,0,4096,256,131072,4,15|4,0,1800000000,262144,6867,0,0,0,0,28600,0,28584,0,3576,3573,0,1,28600,0|698,609461672,26,936857872,0,936640512,0,936640512,0,1053402806,0,3573,3573,3793842448,23,3793842448,23,2080,2998158283,24,5236206,1,0,0,0,0
1788105280747|1001|formal_primary_1800s|rotating|696,1378943233,33558272,2108386801,2105271000,0,0,0,0,0,0,0,0,0,0,1901281,1897709,0,0,0,0,0,0,0,0,0,0,0,0,0,0,0,0,0,0,0,0,4096,256,131072,4,15|4,0,1800000000,262144,6867,0,0,0,0,28600,0,28584,0,3576,3573,0,1,28600,0|698,4217392750,25,936883560,0,936640512,0,936640512,0,1053196039,0,3573,3573,3795003093,23,3795003093,23,2080,2886720563,24,6323567,1,0,0,0,0
1788105285774|1001|formal_primary_1800s|fixed|698,1378943233,16781056,2114383607,2111257127,2114383607,2111257127,2114383607,2111257127,3816958,3806208,1906687,1903104,0,0,0,0,4294967295,4294967295,4096,4096,0,0,1906687,1906687,209541343,209541343,209541351,209541351,0,0,0,0,0,0,0,0,4096,256,131072,4,15|4,0,1800000000,262144,6867,0,0,0,0,28688,0,28672,0,3587,3584,0,1,28688,0|700,931270992,26,939551268,0,939524096,0,939524096,0,1056432645,0,3584,3584,4088162112,23,4088162112,23,2080,3303205192,24,18467704,1,0,0,0,0
1788105285774|1001|formal_primary_1800s|rotating|698,1378943233,33555404,2114450676,2111324334,0,0,0,0,0,0,0,0,0,0,1906747,1903164,0,0,0,0,0,0,0,0,0,0,0,0,0,0,0,0,0,0,0,0,4096,256,131072,4,15|4,0,1800000000,262144,6867,0,0,0,0,28688,0,28672,0,3587,3584,0,1,28688,0|700,244380649,26,939578436,0,939524096,0,939524096,0,1056226588,0,3584,3584,4089467766,23,4089467766,23,2080,3191562354,24,19555427,1,0,0,0,0
1788105290779|1001|formal_primary_1800s|fixed|700,1378943233,16781056,2120435469,2117300971,2120435469,2117300971,2120435469,2117300971,3827899,3817118,1912152,1908559,0,0,0,0,4294967295,4294967295,4096,4096,0,0,1912152,1912152,531224908,531225257,531224916,531225265,0,0,0,0,0,0,0,0,4096,256,131072,4,15|4,0,1800000000,262144,6867,0,0,0,0,28768,0,28752,0,3597,3594,0,1,28768,0|702,1251711503,26,942246808,0,942145536,0,942145536,0,1059459637,0,3594,3594,88583783,24,88583783,24,2080,3608407011,24,30496510,1,0,0,0,0
1788105290779|1001|formal_primary_1800s|rotating|700,1378943233,33555404,2120503568,2117368984,0,0,0,0,0,0,0,0,0,0,1912213,1908620,0,0,0,0,0,0,0,0,0,0,0,0,0,0,0,0,0,0,0,0,4096,256,131072,4,15|4,0,1800000000,262144,6867,0,0,0,0,28768,0,28752,0,3597,3594,0,1,28768,0|702,564570588,26,942271508,0,942145536,0,942145536,0,1059250448,0,3594,3594,89635369,24,89635369,24,2080,3496192726,24,31587272,1,0,0,0,0
1788105295781|1001|formal_primary_1800s|fixed|702,1378943233,16780339,2126493107,2123350165,2126493107,2123350165,2126493107,2123350165,3838833,3828022,1917613,1914010,0,0,0,0,4294967295,4294967295,4096,4096,0,0,1917614,1917614,851179703,851179708,851179711,851179716,0,0,0,0,0,0,0,0,4096,256,131072,4,15|4,0,1800000000,262144,6867,0,0,0,0,28848,0,28832,0,3607,3604,0,1,28848,0|704,1571651322,26,944938396,0,944766976,0,944766976,0,1062486246,0,3604,3604,383472137,24,383472137,24,2080,3913108161,24,42525287,1,0,0,0,0
1788105295781|1001|formal_primary_1800s|rotating|702,1378943233,33558272,2126567405,2123424345,0,0,0,0,0,0,0,0,0,0,1917680,1914077,0,0,0,0,0,0,0,0,0,0,0,0,0,0,0,0,0,0,0,0,4096,256,131072,4,15|4,0,1800000000,262144,6867,0,0,0,0,28848,0,28832,0,3607,3604,0,1,28848,0|704,884867781,26,944966060,0,944766976,0,944766976,0,1062280275,0,3604,3604,384879923,24,384879923,24,2078,3800932191,24,43616354,1,0,0,0,0
1788105300794|1001|formal_primary_1800s|fixed|704,1378943233,16780339,2132566226,2129413748,2132566226,2129413748,2132566226,2129413748,3849799,3838958,1923091,1919478,0,0,0,0,4294967295,4294967295,4096,4096,0,0,1923092,1923092,1172055062,1172055059,1172055070,1172055067,0,0,0,0,0,0,0,0,4096,256,131072,4,15|4,0,1800000000,262144,6867,0,0,0,0,28928,0,28912,0,3617,3614,0,1,28928,0|706,1892398703,26,947636900,0,947388416,0,947388416,0,1065519196,0,3614,3614,679168810,24,679168810,24,2080,4218617079,24,54553836,1,0,0,0,0
1788105300794|1001|formal_primary_1800s|rotating|704,1378943233,33555404,2132641556,2129488861,0,0,0,0,0,0,0,0,0,0,1923159,1919546,0,0,0,0,0,0,0,0,0,0,0,0,0,0,0,0,0,0,0,0,4096,256,131072,4,15|4,0,1800000000,262144,6867,0,0,0,0,28932,0,28920,0,3618,3615,0,1,28932,0|706,1205830101,26,947650560,0,947650560,0,947650560,0,1065304946,0,3615,3615,678990750,24,678990750,24,2048,4105421623,24,56532474,1,0,0,0,0
1788105305797|1001|formal_primary_1800s|fixed|706,1378943233,16781056,2138596432,2135431928,2138596432,2135431928,2138596432,2135431928,3860692,3849818,1928533,1924909,0,0,0,0,4294967295,4294967295,4096,4096,0,0,1928533,1928533,1492413575,1492413924,1492413583,1492413932,0,0,0,0,0,0,0,0,4096,256,131072,4,15|4,0,1800000000,262144,6867,0,0,0,0,29016,0,29000,0,3628,3625,0,1,29016,0|708,2212911711,26,950318932,0,950272000,0,950272000,0,1068532692,0,3625,3625,972194219,24,972194219,24,2080,227400081,25,67785622,1,0,0,0,0
1788105305797|1001|formal_primary_1800s|rotating|706,1378943233,33555404,2138665272,2135500753,0,0,0,0,0,0,0,0,0,0,1928594,1924970,0,0,0,0,0,0,0,0,0,0,0,0,0,0,0,0,0,0,0,0,4096,256,131072,4,15|4,0,1800000000,262144,6867,0,0,0,0,29016,0,29000,0,3628,3625,0,1,29016,0|708,1526469079,26,950349560,0,950272000,0,950272000,0,1068328833,0,3625,3625,973935843,24,973935843,24,2080,114893158,25,68880989,1,0,0,0,0
1788105310810|1001|formal_primary_1800s|fixed|708,1378943233,16781056,2144670434,2141496335,2144670434,2141496335,2144670434,2141496335,3871650,3860746,1934007,1930373,0,0,0,0,4294967295,4294967295,4096,4096,0,0,1934007,1934007,1813063114,1813063431,1813063122,1813063439,0,0,0,0,0,0,0,0,4096,256,131072,4,15|4,0,1800000000,262144,6867,0,0,0,0,29096,0,29080,0,3638,3635,0,1,29096,0|710,2533651928,26,953016940,0,952893440,0,952893440,0,1071568299,0,3635,3635,1267882937,24,1267882937,24,2080,532901339,25,79814688,1,0,0,0,0
1788105310810|1001|formal_primary_1800s|rotating|708,1378943233,33555404,2144747598,2141573351,0,0,0,0,0,0,0,0,0,0,1934076,1930442,0,0,0,0,0,0,0,0,0,0,0,0,0,0,0,0,0,0,0,0,4096,256,131072,4,15|4,0,1800000000,262144,6867,0,0,0,0,29096,0,29080,0,3638,3635,0,1,29096,0|710,1846821867,26,953044604,0,952893440,0,952893440,0,1071359825,0,3635,3635,1269232565,24,1269232565,24,2080,419686780,25,80913335,1,0,0,0,0
1788105315814|1001|formal_primary_1800s|fixed|710,1378943233,16780339,2150735830,2147553595,2150735830,2147553595,2150735830,2147553595,3882596,3871662,1939474,1935830,0,0,0,0,4294967295,4294967295,4096,4096,0,0,1939475,1939475,2133375709,2133375722,2133375717,2133375730,0,0,0,0,0,0,0,0,4096,256,131072,4,15|4,0,1800000000,262144,6867,0,0,0,0,29176,0,29160,0,3648,3645,0,1,29176,0|712,2853792127,26,955710012,0,955514880,0,955514880,0,1074597183,0,3645,3645,1562976343,24,1562976343,24,2080,837803130,25,91843216,1,0,0,0,0
1788105315814|1001|formal_primary_1800s|rotating|710,1378943233,33555404,2150810973,2147628603,0,0,0,0,0,0,0,0,0,0,1939542,1935898,0,0,0,0,0,0,0,0,0,0,0,0,0,0,0,0,0,0,0,0,4096,256,131072,4,15|4,0,1800000000,262144,6867,0,0,0,0,29176,0,29160,0,3648,3645,0,1,29176,0|712,2166987517,26,955737676,0,955514880,0,955514880,0,1074388211,0,3645,3645,1564341088,24,1564341088,24,2080,724294629,25,92947278,1,0,0,0,0
1788105320815|1001|formal_primary_1800s|fixed|712,1378943233,16781056,2156796763,2153605461,2156796763,2153605461,2156796763,2153605461,3893534,3882570,1944939,1941285,0,0,0,0,4294967295,4294967295,4096,4096,0,0,1944939,1944939,2453468747,2453469096,2453468763,2453469104,0,0,0,0,0,0,0,0,4096,256,131072,4,15|4,0,1800000000,262144,6867,0,0,0,0,29256,0,29240,0,3658,3655,0,1,29256,0|714,3173983222,26,958398464,0,958136320,0,958136320,0,1077626224,0,3656,3655,1857537070,24,1857537070,24,2048,1142755517,25,103872041,1,0,0,0,0
1788105320815|1001|formal_primary_1800s|rotating|712,1378943233,33558272,2156853456,2153661442,0,0,0,0,0,0,0,0,0,0,1944991,1941336,0,0,0,0,0,0,0,0,0,0,0,0,0,0,0,0,0,0,0,0,4096,256,131072,4,15|5,0,1800000000,262144,6867,0,0,0,0,29264,0,29248,0,3659,3656,0,1,29264,0|714,2487155586,26,958416744,0,958398464,0,958398464,0,1077400510,0,3656,3656,1857014554,24,1857014554,24,2080,1027346948,25,106187202,1,0,0,0,0
1788105325818|1001|formal_primary_1800s|fixed|714,1378943233,16780339,2162821228,2159620736,2162821228,2159620736,2162821228,2159620736,3904421,3893424,1950376,1946711,0,0,0,0,4294967295,4294967295,4096,4096,0,0,1950377,1950377,2773636574,2773636563,2773636582,2773636571,0,0,0,0,0,0,0,0,4096,256,131072,4,15|4,0,1800000000,262144,6867,0,0,0,0,29344,0,29328,0,3669,3666,0,1,29344,0|716,3494092582,26,961082148,0,961019904,0,961019904,0,1080635603,0,3666,3666,2150744245,24,2150744245,24,2080,1446101881,25,117104156,1,0,0,0,0
1788105325818|1001|formal_primary_1800s|rotating|714,1378943233,33555404,2162913926,2159713387,0,0,0,0,0,0,0,0,0,0,1950460,1946795,0,0,0,0,0,0,0,0,0,0,0,0,0,0,0,0,0,0,0,0,4096,256,131072,4,15|4,0,1800000000,262144,6867,0,0,0,0,29344,0,29328,0,3669,3666,0,1,29344,0|716,2808541438,26,961120680,0,961019904,0,961019904,0,1080437881,0,3666,3666,2153342376,24,2153342376,24,2080,1333172319,25,118219307,1,0,0,0,0
1788105330818|1001|formal_primary_1800s|fixed|716,1378943233,16780339,2168883520,2165675203,2168883520,2165675203,2168883520,2165675203,3915364,3904337,1955843,1952168,0,0,0,0,4294967295,4294967295,4096,4096,0,0,1955844,1955844,3093860296,3093860293,3093860304,3093860301,0,0,0,0,0,0,0,0,4096,256,131072,4,15|4,0,1800000000,262144,6867,0,0,0,0,29424,0,29408,0,3679,3676,0,1,29424,0|718,3814328894,26,963776208,0,963641344,0,963641344,0,1083665190,0,3676,3676,2445933425,24,2445933425,24,2080,1751099506,25,129132969,1,0,0,0,0
1788105330818|1001|formal_primary_1800s|rotating|716,1378943233,33555404,2168948946,2165740631,0,0,0,0,0,0,0,0,0,0,1955902,1952227,0,0,0,0,0,0,0,0,0,0,0,0,0,0,0,0,0,0,0,0,4096,256,131072,4,15|4,0,1800000000,262144,6867,0,0,0,0,29424,0,29408,0,3679,3676,0,1,29424,0|718,3127180618,26,963800412,0,963641344,0,963641344,0,1083450879,0,3676,3676,2446928351,24,2446928351,24,2080,1636254469,25,130252700,1,0,0,0,0
1788105335824|1001|formal_primary_1800s|fixed|718,1378943233,16780339,2174949064,2171730856,2174949064,2171730856,2174949064,2171730856,3926307,3915250,1961309,1957624,0,0,0,0,4294967295,4294967295,4096,4096,0,0,1961310,1961310,3414095678,3414095659,3414095686,3414095667,0,0,0,0,0,0,0,0,4096,256,131072,4,15|4,0,1800000000,262144,6867,0,0,0,0,29504,0,29488,0,3689,3686,0,1,29504,0|720,4134712196,26,966471252,0,966262784,0,966262784,0,1086696653,0,3686,3686,2741262313,24,2741262313,24,2080,2056244290,25,141161606,1,0,0,0,0
1788105335824|1001|formal_primary_1800s|rotating|718,1378943233,33555404,2175042952,2171824399,0,0,0,0,0,0,0,0,0,0,1961394,1957709,0,0,0,0,0,0,0,0,0,0,0,0,0,0,0,0,0,0,0,0,4096,256,131072,4,15|4,0,1800000000,262144,6867,0,0,0,0,29504,0,29488,0,3689,3686,0,1,29504,0|720,3448711315,26,966505832,0,966262784,0,966262784,0,1086493129,0,3686,3686,2743403370,24,2743403370,24,2080,1942224880,25,142282102,1,0,0,0,0
