captured_ms|sequence|label|role|admission_snapshot_words_csv|ps_runtime_words_csv|pl_perf_snapshot_words_csv
1786005701254|1001|lane0_unavailable|fixed|2,1378943233,16777710,0,6048330,0,5996607,0,5996607,0,5730,0,5713,0,0,0,548,0,176345821,0,4096,0,0,0,5713,0,377304555,0,377304571,0,0,0,0,0,0,0,0,4096,256,131072,4,15|4,0,67108864,262144,256,0,0,0,0,68,0,64,0,17,16,0,1,68,0|4,1108714975,0,4281248,0,0,0,0,0,4545521,0,16,0,321291856,0,321291856,0,2080,318312388,0,5556148,0,0,0,0,0
1786005701254|1001|lane0_unavailable|rotating|2,1378943233,33558272,0,6140526,0,52481,0,52481,0,1112,0,556,0,0,0,5800,3552272,3552272,4096,4096,0,0,556,556,361311154,361311154,361311162,361311162,0,0,0,0,0,0,0,0,4096,256,131072,4,15|4,0,67108864,262144,256,0,0,0,0,68,0,64,0,17,16,0,1,68,0|4,414310047,0,0,0,4194304,0,4194304,0,13239,0,0,16,0,0,0,0,0,0,0,3465119,0,0,0,0,0
1786005706266|1001|lane0_unavailable|fixed|4,1378943233,16777710,0,12166154,0,12062044,0,12062044,0,11526,0,11492,0,0,0,1103,0,354762549,0,4096,0,0,0,11493,0,698104543,0,698104559,0,0,0,0,0,0,0,0,4096,256,131072,4,15|4,0,67108864,262144,256,0,0,0,0,132,0,128,0,33,32,0,1,132,0|6,1428574609,0,8546688,0,0,0,0,0,9079078,0,32,0,640085130,0,640085130,0,2080,635848543,0,7655804,0,0,0,0,0
1786005706266|1001|lane0_unavailable|rotating|4,1378943233,33558272,0,12239150,0,104679,0,104679,0,2218,0,1109,0,0,0,11562,7085344,7085344,4096,4096,0,0,1109,1109,680989890,680989890,680989898,680989898,0,0,0,0,0,0,0,0,4096,256,131072,4,15|4,0,67108864,262144,256,0,0,0,0,132,0,128,0,33,32,0,1,132,0|6,733224430,0,0,0,8388608,0,8388608,0,26263,0,0,32,0,0,0,0,0,0,0,3498674,0,0,0,0,0
1786005711279|1001|lane0_unavailable|fixed|6,1378943233,16780578,0,18284049,0,18127560,0,18127560,0,17327,0,17278,0,0,0,1658,0,533336228,0,4096,0,0,0,17278,0,1019112304,0,1019112312,0,0,0,0,0,0,0,0,4096,256,131072,4,15|4,0,67108864,262144,256,0,0,0,0,196,0,192,0,49,48,0,1,196,0|8,1749616417,0,12835840,0,0,0,0,0,13625579,0,48,0,960054650,0,960054650,0,2080,954585099,0,9736396,0,0,0,0,0
1786005711279|1001|lane0_unavailable|rotating|6,1378943233,33558272,0,18370653,0,157336,0,157336,0,3334,0,1667,0,0,0,17359,10650360,10650360,4096,4096,0,0,1667,1667,1003239852,1003239852,1003239860,1003239860,0,0,0,0,0,0,0,0,4096,256,131072,4,15|4,0,67108864,262144,256,0,0,0,0,200,0,196,0,50,49,0,1,200,0|8,1054803192,0,0,0,12845056,0,12845056,0,39405,0,0,49,0,0,0,0,0,0,0,3532747,0,0,0,0,0
1786005716280|1001|lane0_unavailable|fixed|8,1378943233,16777710,0,24383277,0,24174502,0,24174502,0,23106,0,23039,0,0,0,2212,0,711192296,0,4096,0,0,0,23040,0,1338999001,0,1338998985,0,0,0,0,0,0,0,0,4096,256,131072,4,15|4,0,67108864,262144,256,0,0,0,0,264,0,260,0,66,65,0,1,264,0|10,2070000793,0,17110496,0,0,0,0,0,18164843,0,65,0,1279370362,0,1279370362,0,2080,1272537337,0,11939807,0,0,0,0,0
1786005716280|1001|lane0_unavailable|rotating|8,1378943233,33558272,0,24471093,0,209532,0,209532,0,4440,0,2220,0,0,0,23122,14183464,14183464,4096,4096,0,0,2220,2220,1322896777,1322896777,1322896785,1322896785,0,0,0,0,0,0,0,0,4096,256,131072,4,15|4,0,67108864,262144,256,0,0,0,0,264,0,260,0,66,65,0,1,264,0|10,1374887826,0,0,0,17039360,0,17039360,0,52478,0,0,65,0,0,0,0,0,0,0,3564026,0,0,0,0,0
1786005721295|1001|lane0_unavailable|fixed|10,1378943233,16781056,0,30506244,0,30244988,0,30244988,0,28906,0,28824,0,0,0,2768,0,889739264,0,4096,0,0,0,28824,0,1659991904,0,1659991912,0,0,0,0,0,0,0,0,4096,256,131072,4,15|4,0,67108864,262144,256,0,0,0,0,328,0,324,0,82,81,0,1,328,0|12,2392004680,0,21407552,0,0,0,0,0,22729375,0,81,0,1600299985,0,1600299985,0,2080,1592242645,0,14013447,0,0,0,0,0
1786005721295|1001|lane0_unavailable|rotating|10,1378943233,33558272,0,30645129,0,262386,0,262386,0,5560,0,2780,0,0,0,28955,17761216,17761216,4096,4096,0,0,2780,2780,1646669435,1646669435,1646669451,1646669451,0,0,0,0,0,0,0,0,4096,256,131072,4,15|4,0,67108864,262144,256,0,0,0,0,328,0,328,0,83,82,0,1,332,0|12,1700764331,0,0,0,21495808,0,21495808,0,65784,0,0,82,0,0,0,0,0,0,0,3598878,0,0,0,0,0
1786005726299|1001|lane0_unavailable|fixed|12,1378943233,16779622,0,36614660,0,36301116,0,36301116,0,34694,0,34595,0,0,0,3322,0,1067880339,0,4096,0,0,0,34596,0,1980304487,0,1980304495,0,0,0,0,0,0,0,0,4096,256,131072,4,15|4,0,67108864,262144,256,0,0,0,0,392,0,388,0,98,97,0,1,392,0|14,2710897418,0,25657184,0,0,0,0,0,27249685,0,97,0,1918130315,0,1918130315,0,2080,1908839761,0,16085804,0,0,0,0,0
1786005726299|1001|lane0_unavailable|rotating|12,1378943233,33558272,0,36688987,0,314104,0,314104,0,6656,0,3328,0,0,0,34665,21262360,21262360,4096,4096,0,0,3328,3328,1963381752,1963381752,1963381760,1963381760,0,0,0,0,0,0,0,0,4096,256,131072,4,15|5,0,67108864,262144,256,0,0,0,0,396,0,392,0,99,98,0,1,396,0|14,2016111871,0,0,0,25690112,0,25690112,0,78644,0,0,98,0,0,0,0,0,0,0,3633369,0,0,0,0,0
1786005731307|1001|lane0_unavailable|fixed|14,1378943233,16779144,0,42725868,0,42359947,0,42359947,0,40483,0,40368,0,0,0,3877,0,1246078496,0,4096,0,0,0,40368,0,2300761179,0,2300761187,0,0,0,0,0,0,0,0,4096,256,131072,4,15|4,0,67108864,262144,256,0,0,0,0,460,0,456,0,115,114,0,1,460,0|16,3031320417,0,29931840,0,0,0,0,0,31790635,0,114,0,2237484650,0,2237484650,0,2080,2226832273,0,18287564,0,0,0,0,0
1786005731307|1001|lane0_unavailable|rotating|14,1378943233,33558272,0,42800715,0,366488,0,366488,0,7766,0,3883,0,0,0,40438,24808256,24808256,4096,4096,0,0,3883,3883,2283856183,2283856183,2283856191,2283856191,0,0,0,0,0,0,0,0,4096,256,131072,4,15|4,0,67108864,262144,256,0,0,0,0,460,0,456,0,115,114,0,1,460,0|16,2335768927,0,0,0,29884416,0,29884416,0,91693,0,0,114,0,0,0,0,0,0,0,3663932,0,0,0,0,0
1786005736316|1001|lane0_unavailable|fixed|16,1378943233,16781056,0,48840424,0,48422212,0,48422212,0,46277,0,46146,0,0,0,4431,0,1424434128,0,4096,0,0,0,46146,0,2621381111,0,2621381119,0,0,0,0,0,0,0,0,4096,256,131072,4,15|4,0,67108864,262144,256,0,0,0,0,524,0,520,0,131,130,0,1,524,0|18,3351930064,0,34213088,0,0,0,0,0,36334660,0,130,0,2557023985,0,2557023985,0,2080,2545143607,0,20361496,0,0,0,0,0
1786005736316|1001|lane0_unavailable|rotating|16,1378943233,33558272,0,48914584,0,418877,0,418877,0,8876,0,4438,0,0,0,46216,28354128,28354128,4096,4096,0,0,4438,4438,2604689979,2604689979,2604689987,2604689987,0,0,0,0,0,0,0,0,4096,256,131072,4,15|4,0,67108864,262144,256,0,0,0,0,524,0,520,0,131,130,0,1,524,0|18,2657889975,0,0,0,34078720,0,34078720,0,104860,0,0,130,0,0,0,0,0,0,0,3698974,0,0,0,0,0
1786005741328|1001|lane0_unavailable|fixed|18,1378943233,16779144,0,54958851,0,54488253,0,54488253,0,52073,0,51926,0,0,0,4986,0,1602851280,0,4096,0,0,0,51926,0,2942155813,0,2942155821,0,0,0,0,0,0,0,0,4096,256,131072,4,15|4,0,67108864,262144,256,0,0,0,0,588,0,584,0,147,146,0,1,588,0|20,3672648899,0,38494336,0,0,0,0,0,40880967,0,146,0,2876672508,0,2876672508,0,2080,2863564621,0,22434936,0,0,0,0,0
1786005741328|1001|lane0_unavailable|rotating|18,1378943233,33558272,0,55032266,0,471251,0,471251,0,9986,0,4993,0,0,0,51995,31899936,31899936,4096,4096,0,0,4993,4993,2925519046,2925519046,2925519054,2925519054,0,0,0,0,0,0,0,0,4096,256,131072,4,15|4,0,67108864,262144,256,0,0,0,0,588,0,584,0,147,146,0,1,588,0|20,2977072627,0,0,0,38273024,0,38273024,0,117883,0,0,146,0,0,0,0,0,0,0,3725412,0,0,0,0,0
1786005746337|1001|lane0_unavailable|fixed|20,1378943233,16781056,0,61073457,0,60550390,0,60550390,0,57865,0,57702,0,0,0,5542,0,1781144336,0,4096,0,0,0,57702,0,3262715836,0,3262715844,0,0,0,0,0,0,0,0,4096,256,131072,4,15|4,0,67108864,262144,256,0,0,0,0,656,0,652,0,164,163,0,1,656,0|22,3993893680,0,42776896,0,0,0,0,0,45432950,0,163,0,3196846649,0,3196846649,0,2080,3182376876,0,24638456,0,0,0,0,0
1786005746337|1001|lane0_unavailable|rotating|20,1378943233,33558272,0,61165762,0,523824,0,523824,0,11100,0,5550,0,0,0,57789,35458624,35458624,4096,4096,0,0,5550,5550,3247175985,3247175985,3247175993,3247175993,0,0,0,0,0,0,0,0,4096,256,131072,4,15|4,0,67108864,262144,256,0,0,0,0,656,0,652,0,164,163,0,1,656,0|22,3299599594,0,0,0,42729472,0,42729472,0,131051,0,0,163,0,0,0,0,0,0,0,3761911,0,0,0,0,0
1786005751352|1001|lane0_unavailable|fixed|22,1378943233,16777710,0,67194669,0,66619216,0,66619216,0,63665,0,63484,0,0,0,6097,0,1959646747,0,4096,0,0,0,63485,0,3583729735,0,3583729743,0,0,0,0,0,0,0,0,4096,256,131072,4,15|4,0,67108864,262144,256,0,0,0,0,720,0,716,0,180,179,0,1,720,0|24,19749771,1,47058144,0,0,0,0,0,49980270,0,179,0,3516599724,0,3516599724,0,2080,3500901900,0,26712438,0,0,0,0,0
1786005751352|1001|lane0_unavailable|rotating|22,1378943233,33558272,0,67283199,0,576118,0,576118,0,12208,0,6104,0,0,0,63568,38998104,38998104,4096,4096,0,0,6104,6104,3567419468,3567419468,3567419476,3567419476,0,0,0,0,0,0,0,0,4096,256,131072,4,15|4,0,67108864,262144,256,0,0,0,0,720,0,716,0,180,179,0,1,720,0|24,3619635842,0,0,0,46923776,0,46923776,0,144123,0,0,179,0,0,0,0,0,0,0,3786631,0,0,0,0,0
1786005756353|1001|lane0_unavailable|fixed|24,1378943233,16777710,0,73292914,0,72665263,0,72665263,0,69449,0,69252,0,0,0,6650,0,2137692127,0,4096,0,0,0,69253,0,3903814693,0,3903814701,0,0,0,0,0,0,0,0,4096,256,131072,4,15|4,0,67108864,262144,256,0,0,0,0,784,0,780,0,196,195,0,1,784,0|26,339260622,1,51323584,0,0,0,0,0,54504176,0,195,0,3835044215,0,3835044215,0,2080,3818115493,0,28785873,0,0,0,0,0
1786005756353|1001|lane0_unavailable|rotating|24,1378943233,33558272,0,73366611,0,628305,0,628305,0,13314,0,6657,0,0,0,69322,42531128,42531128,4096,4096,0,0,6657,6657,3887072001,3887072001,3887072009,3887072009,0,0,0,0,0,0,0,0,4096,256,131072,4,15|4,0,67108864,262144,256,0,0,0,0,784,0,780,0,196,195,0,1,784,0|26,3939676954,0,0,0,51118080,0,51118080,0,157193,0,0,195,0,0,0,0,0,0,0,3821182,0,0,0,0,0
1786005761359|1001|lane0_unavailable|fixed|26,1378943233,16777710,0,79401237,0,78721213,0,78721213,0,75241,0,75028,0,0,0,7205,0,2315975937,0,4096,0,0,0,75029,0,4224362953,0,4224362961,0,0,0,0,0,0,0,0,4096,256,131072,4,15|4,0,67108864,262144,256,0,0,0,0,852,0,848,0,213,212,0,1,852,0|28,660211207,1,55604548,0,0,0,0,0,59047718,0,212,0,4154924559,0,4154924559,0,2080,4136632823,0,30990122,0,0,0,0,0
1786005761359|1001|lane0_unavailable|rotating|26,1378943233,33558272,0,79490748,0,680876,0,680876,0,14428,0,7214,0,0,0,75113,46089808,46089808,4096,4096,0,0,7214,7214,4208729689,4208729689,4208729697,4208729697,0,0,0,0,0,0,0,0,4096,256,131072,4,15|4,0,67108864,262144,256,0,0,0,0,852,0,848,0,213,212,0,1,852,0|28,4268603316,0,0,0,55574528,0,55574528,0,170621,0,0,212,0,0,0,0,0,0,0,3853022,0,0,0,0,0
1786005766359|1001|lane0_unavailable|fixed|28,1378943233,16777710,0,85493413,0,84761099,0,84761099,0,81020,0,80789,0,0,0,7759,0,2493805632,0,4096,0,0,0,80790,0,249230147,0,249230107,0,0,0,0,0,0,0,0,4096,256,131072,4,15|4,0,67108864,262144,256,0,0,0,0,916,0,912,0,229,228,0,1,916,0|30,980183266,1,59871584,0,0,0,0,0,63579437,0,228,0,178862563,1,178862563,1,2080,159340628,1,33063257,0,0,0,0,0
1786005766359|1001|lane0_unavailable|rotating|28,1378943233,33558272,0,85583068,0,733074,0,733074,0,15534,0,7767,0,0,0,80874,49622896,49622896,4096,4096,0,0,7767,7767,233414612,233414612,233414620,233414620,0,0,0,0,0,0,0,0,4096,256,131072,4,15|4,0,67108864,262144,256,0,0,0,0,916,0,912,0,229,228,0,1,916,0|30,285095616,1,0,0,59768832,0,59768832,0,183339,0,0,228,0,0,0,0,0,0,0,3879183,0,0,0,0,0
1786005771367|1001|lane0_unavailable|fixed|30,1378943233,16781056,0,91606442,0,90821739,0,90821739,0,86814,0,86568,0,0,0,8314,0,2672180496,0,4096,0,0,0,86568,0,569870577,0,569870585,0,0,0,0,0,0,0,0,4096,256,131072,4,15|4,0,67108864,262144,256,0,0,0,0,980,0,976,0,245,244,0,1,980,0|32,1300270470,1,64144928,0,0,0,0,0,68113813,0,244,0,497881431,1,497881431,1,2080,477129079,1,35137908,0,0,0,0,0
1786005771367|1001|lane0_unavailable|rotating|30,1378943233,33558272,0,91683739,0,785267,0,785267,0,16640,0,8320,0,0,0,86641,53155968,53155968,4096,4096,0,0,8320,8320,553072599,553072599,553072607,553072607,0,0,0,0,0,0,0,0,4096,256,131072,4,15|4,0,67108864,262144,256,0,0,0,0,980,0,976,0,245,244,0,1,980,0|32,605843707,1,0,0,63963136,0,63963136,0,196433,0,0,244,0,0,0,0,0,0,0,3909025,0,0,0,0,0
1786005780741|1002|lane0_clean64|fixed|34,1378943233,16777471,6224618,6138061,6153926,6138061,6153926,6138061,5886,5863,5862,5862,0,0,749,0,180958164,180598575,4096,4096,0,0,5863,5863,1169923444,1169923441,1169923452,1169923449,0,0,0,0,0,0,0,0,4096,256,131072,4,15|4,0,67108864,262144,256,0,0,0,0,92,0,88,0,23,22,0,1,92,0|40,1900420422,1,5830400,0,0,0,0,0,6189955,0,22,0,320651969,0,320651969,0,2080,317191904,0,6341885,0,0,0,0,0
1786005780741|1002|lane0_clean64|rotating|34,1378943233,33558272,6293774,6206485,71450,0,71450,0,1514,0,757,0,0,0,5927,5927,4836456,4836456,4096,4096,0,0,757,757,1152844142,1152844142,1152844150,1152844150,0,0,0,0,0,0,0,0,4096,256,131072,4,15|4,0,67108864,262144,256,0,0,0,0,92,0,88,0,23,22,0,1,92,0|40,1204608194,1,0,0,5767168,0,5767168,0,17957,0,0,22,0,0,0,0,0,0,0,3470890,0,0,0,0,0
1786005785746|1002|lane0_clean64|fixed|36,1378943233,16777471,12497485,12324507,12355532,12324507,12355532,12324507,11820,11775,11774,11774,0,0,1504,0,363444714,362726709,4096,4096,0,0,11775,11775,1490291685,1490291706,1490291701,1490291714,0,0,0,0,0,0,0,0,4096,256,131072,4,15|4,0,67108864,262144,256,0,0,0,0,180,0,176,0,45,44,0,1,180,0|42,2220771210,1,11652896,0,0,0,0,0,12375945,0,44,0,639547133,0,639547133,0,2080,634354631,0,9223689,0,0,0,0,0
1786005785746|1002|lane0_clean64|rotating|36,1378943233,33558272,12566380,12392640,142710,0,142710,0,3024,0,1512,0,0,0,11839,11839,9660088,9660088,4096,4096,0,0,1512,1512,1473003802,1473003802,1473003810,1473003810,0,0,0,0,0,0,0,0,4096,256,131072,4,15|4,0,67108864,262144,256,0,0,0,0,180,0,176,0,45,44,0,1,180,0|42,1525784794,1,0,0,11534336,0,11534336,0,35843,0,0,44,0,0,0,0,0,0,0,3519874,0,0,0,0,0
1786005790754|1002|lane0_clean64|fixed|38,1378943233,16777471,18790813,18530871,18577315,18530871,18577315,18530871,17770,17704,17702,17702,0,0,2262,0,546443120,545366763,4096,4096,0,0,17703,17703,1811521489,1811521510,1811521497,1811521518,0,0,0,0,0,0,0,0,4096,256,131072,4,15|4,0,67108864,262144,256,0,0,0,0,268,0,264,0,67,66,0,1,268,0|44,2541987310,1,17499104,0,0,0,0,0,18580751,0,66,0,959301681,0,959301681,0,2080,952402903,0,12084423,0,0,0,0,0
1786005790754|1002|lane0_clean64|rotating|38,1378943233,33558272,18886166,18625121,214531,0,214531,0,4546,0,2273,0,0,0,17792,17792,14522040,14522040,4096,4096,0,0,2273,2273,1795721006,1795721006,1795721014,1795721014,0,0,0,0,0,0,0,0,4096,256,131072,4,15|4,0,67108864,262144,256,0,0,0,0,272,0,268,0,68,67,0,1,272,0|44,1847484443,1,0,0,17563648,0,17563648,0,53750,0,0,67,0,0,0,0,0,0,0,3568370,0,0,0,0,0
1786005795763|1002|lane0_clean64|fixed|40,1378943233,16777471,25057452,24710128,24772791,24710128,24772791,24710128,23695,23607,23605,23605,0,0,3016,0,728650752,727216012,4096,4096,0,0,23606,23606,2131389601,2131389590,2131389577,2131389598,0,0,0,0,0,0,0,0,4096,256,131072,4,15|4,0,67108864,262144,256,0,0,0,0,356,0,352,0,89,88,0,1,356,0|46,2862389244,1,23329504,0,0,0,0,0,24770258,0,88,0,1278246015,0,1278246015,0,2080,1269631426,0,14951298,0,0,0,0,0
1786005795763|1002|lane0_clean64|rotating|40,1378943233,33558272,25158212,24808987,285885,0,285885,0,6058,0,3029,0,0,0,23700,23700,19352080,19352080,4096,4096,0,0,3029,3029,2116096728,2116096728,2116096736,2116096736,0,0,0,0,0,0,0,0,4096,256,131072,4,15|4,0,67108864,262144,256,0,0,0,0,360,0,356,0,90,89,0,1,360,0|46,2168066359,1,0,0,23330816,0,23330816,0,71589,0,0,89,0,0,0,0,0,0,0,3612737,0,0,0,0,0
1786005800771|1002|lane0_clean64|fixed|42,1378943233,16777471,31336451,30902696,30980442,30902696,30980442,30902696,29631,29521,29519,29519,0,0,3772,0,911208533,909413080,4096,4096,0,0,29520,29520,2451857333,2451857322,2451857341,2451857330,0,0,0,0,0,0,0,0,4096,256,131072,4,15|4,0,67108864,262144,256,0,0,0,0,448,0,444,0,112,111,0,1,448,0|48,3184227374,1,29177024,0,0,0,0,0,30986036,0,111,0,1598622265,0,1598622265,0,2080,1588163187,0,17945948,0,0,0,0,0
1786005800771|1002|lane0_clean64|rotating|42,1378943233,33558272,31456216,31020208,357430,0,357430,0,7574,0,3787,0,0,0,29632,29632,24194928,24194928,4096,4096,0,0,3787,3787,2437530146,2437530146,2437530162,2437530162,0,0,0,0,0,0,0,0,4096,256,131072,4,15|4,0,67108864,262144,256,0,0,0,0,448,0,444,0,112,111,0,1,448,0|48,2490575163,1,0,0,29097984,0,29097984,0,89522,0,0,111,0,0,0,0,0,0,0,3654942,0,0,0,0,0
1786005805778|1002|lane0_clean64|fixed|44,1378943233,16777471,37613300,37090946,37185935,37090946,37185935,37090946,35568,35435,35432,35432,0,0,4528,0,1093718263,1091546882,4096,4096,0,0,35433,35433,2772364247,2772364244,2772364255,2772364252,0,0,0,0,0,0,0,0,4096,256,131072,4,15|4,0,67108864,262144,256,0,0,0,0,536,0,532,0,134,133,0,1,536,0|50,3502841553,1,34967904,0,0,0,0,0,37140993,0,133,0,1915788724,0,1915788724,0,2080,1903620448,0,20797725,0,0,0,0,0
1786005805778|1002|lane0_clean64|rotating|44,1378943233,33558272,37683129,37159811,428123,0,428123,0,9072,0,4536,0,0,0,35497,35497,28980240,28980240,4096,4096,0,0,4536,4536,2755081191,2755081191,2755081199,2755081199,0,0,0,0,0,0,0,0,4096,256,131072,4,15|4,0,67108864,262144,256,0,0,0,0,536,0,532,0,134,133,0,1,536,0|50,2807146408,1,0,0,34865152,0,34865152,0,107148,0,0,133,0,0,0,0,0,0,0,3696303,0,0,0,0,0
1786005810792|1002|lane0_clean64|fixed|46,1378943233,16777471,43897835,43287794,43399020,43287794,43399020,43287794,41508,41353,41351,41351,0,0,5285,0,1276420821,1273889704,4096,4096,0,0,41351,41351,3093078699,3093079040,3093078707,3093079048,0,0,0,0,0,0,0,0,4096,256,131072,4,15|4,0,67108864,262144,256,0,0,0,0,624,0,620,0,156,155,0,1,624,0|52,3823498924,1,40806208,0,0,0,0,0,43336270,0,155,0,2234986519,0,2234986519,0,2080,2221104807,0,23663922,0,0,0,0,0
1786005810792|1002|lane0_clean64|rotating|46,1378943233,33558272,43974432,43363388,499664,0,499664,0,10588,0,5294,0,0,0,41423,41423,33823032,33823032,4096,4096,0,0,5294,5294,3076514549,3076514549,3076514557,3076514557,0,0,0,0,0,0,0,0,4096,256,131072,4,15|4,0,67108864,262144,256,0,0,0,0,624,0,620,0,156,155,0,1,624,0|52,3128984642,1,0,0,40632320,0,40632320,0,125056,0,0,155,0,0,0,0,0,0,0,3737831,0,0,0,0,0
1786005815804|1002|lane0_clean64|fixed|48,1378943233,16777471,50188709,49491792,49618447,49491792,49618447,49491792,47455,47278,47275,47275,0,0,6042,0,1459307984,1456417568,4096,4096,0,0,47276,47276,3414136293,3414136258,3414136253,3414136266,0,0,0,0,0,0,0,0,4096,256,131072,4,15|4,0,67108864,262144,256,0,0,0,0,712,0,708,0,178,177,0,1,712,0|54,4145727714,1,46660320,0,0,0,0,0,49562723,0,177,0,2555751781,0,2555751781,0,2080,2540153561,0,26536585,0,0,0,0,0
1786005815804|1002|lane0_clean64|rotating|48,1378943233,33558272,50312253,49613262,571676,0,571676,0,12114,0,6057,0,0,0,47392,47392,38697816,38697816,4096,4096,0,0,6057,6057,3399904533,3399904533,3399904541,3399904541,0,0,0,0,0,0,0,0,4096,256,131072,4,15|4,0,67108864,262144,256,0,0,0,0,716,0,712,0,179,178,0,1,716,0|54,3452291757,1,0,0,46661632,0,46661632,0,143061,0,0,178,0,0,0,0,0,0,0,3784574,0,0,0,0,0
1786005820815|1002|lane0_clean64|fixed|50,1378943233,16781056,56467293,55682933,55825683,55682933,55825683,55682933,53391,53193,53190,53190,0,0,6798,0,1641870112,1638621328,4096,4096,0,0,53190,53190,3734609022,3734609347,3734609030,3734609355,0,0,0,0,0,0,0,0,4096,256,131072,4,15|4,0,67108864,262144,256,0,0,0,0,804,0,800,0,201,200,0,1,804,0|56,170070603,2,52468320,0,0,0,0,0,55727775,0,200,0,2873609966,0,2873609966,0,2080,2856158543,0,29531464,0,0,0,0,0
1786005820815|1002|lane0_clean64|rotating|50,1378943233,33558272,56539919,55754086,642462,0,642462,0,13614,0,6807,0,0,0,53258,53258,43489528,43489528,4096,4096,0,0,6807,6807,3717899992,3717899992,3717900000,3717900000,0,0,0,0,0,0,0,0,4096,256,131072,4,15|4,0,67108864,262144,256,0,0,0,0,804,0,800,0,201,200,0,1,804,0|56,3769625352,1,0,0,52428800,0,52428800,0,160710,0,0,200,0,0,0,0,0,0,0,3824390,0,0,0,0,0
1786005825817|1002|lane0_clean64|fixed|52,1378943233,16777471,62737928,61866059,62025056,61866059,62025056,61866059,59320,59099,59095,59095,0,0,7553,0,1824163240,1820540461,4096,4096,0,0,59096,59096,4054755858,4054755807,4054755810,4054755823,0,0,0,0,0,0,0,0,4096,256,131072,4,15|4,0,67108864,262144,256,0,0,0,0,892,0,888,0,223,222,0,1,892,0|58,490295208,2,58290816,0,0,0,0,0,61915240,0,222,0,3192378947,0,3192378947,0,2071,3173213438,0,32394917,0,0,0,0,0
1786005825817|1002|lane0_clean64|rotating|52,1378943233,33558272,62815792,61943141,713724,0,713724,0,15124,0,7562,0,0,0,59169,59169,48313176,48313176,4096,4096,0,0,7562,7562,4038041299,4038041299,4038041307,4038041307,0,0,0,0,0,0,0,0,4096,256,131072,4,15|4,0,67108864,262144,256,0,0,0,0,892,0,888,0,223,222,0,1,892,0|58,4092753771,1,0,0,58195968,0,58195968,0,178690,0,0,222,0,0,0,0,0,0,0,3867457,0,0,0,0,0
1786005830827|1002|lane0_clean64|fixed|54,1378943233,16777471,69025889,68067045,68241567,68067045,68241567,68067045,65265,65023,65018,65018,0,0,8310,0,2006983787,2003002174,4096,4096,0,0,65019,65019,80717868,80717841,80717876,80717849,0,0,0,0,0,0,0,0,4096,256,131072,4,15|4,0,67108864,262144,256,0,0,0,0,980,0,976,0,245,244,0,1,980,0|60,811905797,2,64144928,0,0,0,0,0,68129326,0,244,0,3512526008,0,3512526008,0,2080,3491656494,0,35255077,0,0,0,0,0
1786005830827|1002|lane0_clean64|rotating|54,1378943233,33558272,69114691,68154907,785265,0,785265,0,16640,0,8320,0,0,0,65102,65102,53155968,53155968,4096,4096,0,0,8320,8320,64501328,64501328,64501336,64501336,0,0,0,0,0,0,0,0,4096,256,131072,4,15|4,0,67108864,262144,256,0,0,0,0,980,0,976,0,245,244,0,1,980,0|60,116794277,2,0,0,63963136,0,63963136,0,196456,0,0,244,0,0,0,0,0,0,0,3912320,0,0,0,0,0
1786005839482|1003|lane1_unavailable|fixed|58,1378943233,16781056,6048116,0,51642,0,51642,0,1096,0,548,0,0,0,5712,0,3501128,3501128,4096,4096,0,0,548,548,634265217,634265217,634265225,634265225,0,0,0,0,0,0,0,0,4096,256,131072,4,15|4,0,67108864,262144,256,0,0,0,0,68,0,64,0,17,16,0,1,68,0|68,1365760744,2,0,0,4194304,0,4194304,0,13052,0,0,16,0,0,0,0,0,0,0,3460844,0,0,0,0,0
1786005839482|1003|lane1_unavailable|rotating|58,1378943233,33555165,6150323,0,6097833,0,6097833,0,5827,0,5809,0,0,0,557,0,179327008,0,4096,0,0,0,5810,0,619519374,0,619519334,0,0,0,0,0,0,0,0,0,4096,256,131072,4,15|4,0,67108864,262144,256,0,0,0,0,68,0,64,0,17,16,0,1,68,0|68,671715501,2,4336576,0,0,0,0,0,4606965,0,16,0,325553096,0,325553096,0,2080,322617106,0,5525881,0,0,0,0,0
1786005844497|1003|lane1_unavailable|fixed|60,1378943233,16781056,12166613,0,103944,0,103944,0,2206,0,1103,0,0,0,11493,0,7047000,7047000,4096,4096,0,0,1103,1103,955079536,955079536,955079544,955079544,0,0,0,0,0,0,0,0,4096,256,131072,4,15|4,0,67108864,262144,256,0,0,0,0,132,0,128,0,33,32,0,1,132,0|70,1687260604,2,0,0,8388608,0,8388608,0,26151,0,0,32,0,0,0,0,0,0,0,3495334,0,0,0,0,0
1786005844497|1003|lane1_unavailable|rotating|60,1378943233,33555165,12280344,0,12175457,0,12175457,0,11634,0,11600,0,0,0,1113,0,358083840,0,4096,0,0,0,11601,0,940871522,0,940871506,0,0,0,0,0,0,0,0,0,4096,256,131072,4,15|4,0,67108864,262144,256,0,0,0,0,132,0,128,0,33,32,0,1,132,0|70,993174240,2,8633632,0,0,0,0,0,9163685,0,32,0,645937571,0,645937571,0,2080,641791941,0,7584846,0,0,0,0,0
1786005849502|1003|lane1_unavailable|fixed|62,1378943233,16781056,18272715,0,156151,0,156151,0,3314,0,1657,0,0,0,17266,0,10586440,10586440,4096,4096,0,0,1657,1657,1275308011,1275308011,1275308019,1275308019,0,0,0,0,0,0,0,0,4096,256,131072,4,15|4,0,67108864,262144,256,0,0,0,0,196,0,192,0,49,48,0,1,196,0|72,2006102918,2,0,0,12582912,0,12582912,0,39155,0,0,48,0,0,0,0,0,0,0,3526962,0,0,0,0,0
1786005849502|1003|lane1_unavailable|rotating|62,1378943233,33555165,18346866,0,18190058,0,18190058,0,17386,0,17336,0,0,0,1664,0,535133205,0,4096,0,0,0,17337,0,1259162986,0,1259163002,0,0,0,0,0,0,0,0,0,4096,256,131072,4,15|4,0,67108864,262144,256,0,0,0,0,200,0,196,0,50,49,0,1,200,0|72,1311537957,2,12876672,0,0,0,0,0,13670633,0,49,0,963240528,0,963240528,0,2080,957740272,0,9772621,0,0,0,0,0
1786005854512|1003|lane1_unavailable|fixed|64,1378943233,16781056,24386584,0,208449,0,208449,0,4424,0,2212,0,0,0,23042,0,14132320,14132320,4096,4096,0,0,2212,2212,1595775219,1595775219,1595775227,1595775227,0,0,0,0,0,0,0,0,4096,256,131072,4,15|4,0,67108864,262144,256,0,0,0,0,264,0,260,0,66,65,0,1,264,0|74,2326782202,2,0,0,17039360,0,17039360,0,52230,0,0,65,0,0,0,0,0,0,0,3559631,0,0,0,0,0
1786005854512|1003|lane1_unavailable|rotating|64,1378943233,33555165,24458313,0,24249203,0,24249203,0,23177,0,23109,0,0,0,2219,0,713352078,0,4096,0,0,0,23110,0,1579696289,0,1579696305,0,0,0,0,0,0,0,0,0,4096,256,131072,4,15|4,0,67108864,262144,256,0,0,0,0,264,0,260,0,66,65,0,1,264,0|74,1631334776,2,17142112,0,0,0,0,0,18203652,0,65,0,1281970987,0,1281970987,0,2080,1275251241,0,11834648,0,0,0,0,0
1786005859519|1003|lane1_unavailable|fixed|66,1378943233,16781056,30501412,0,260750,0,260750,0,5534,0,2767,0,0,0,28819,0,17678208,17678208,4096,4096,0,0,2767,2767,1916590132,1916590132,1916590140,1916590140,0,0,0,0,0,0,0,0,4096,256,131072,4,15|4,0,67108864,262144,256,0,0,0,0,328,0,324,0,82,81,0,1,328,0|76,2647513174,2,0,0,21233664,0,21233664,0,65305,0,0,81,0,0,0,0,0,0,0,3590290,0,0,0,0,0
1786005859519|1003|lane1_unavailable|rotating|66,1378943233,33555165,30590285,0,30328779,0,30328779,0,28987,0,28903,0,0,0,2775,0,892192855,0,4096,0,0,0,28904,0,1901197713,0,1901197721,0,0,0,0,0,0,0,0,0,4096,256,131072,4,15|4,0,67108864,262144,256,0,0,0,0,328,0,324,0,82,81,0,1,328,0|76,1952984991,2,21439168,0,0,0,0,0,22763458,0,81,0,1602546938,0,1602546938,0,2080,1594616990,0,13894175,0,0,0,0,0
1786005864522|1003|lane1_unavailable|fixed|68,1378943233,16781056,36610304,0,312960,0,312960,0,6642,0,3321,0,0,0,34590,0,21217664,21217664,4096,4096,0,0,3321,3321,2236821681,2236821681,2236821689,2236821689,0,0,0,0,0,0,0,0,4096,256,131072,4,15|4,0,67108864,262144,256,0,0,0,0,392,0,388,0,98,97,0,1,392,0|78,2967700738,2,0,0,25427968,0,25427968,0,78357,0,0,97,0,0,0,0,0,0,0,3628701,0,0,0,0,0
1786005864522|1003|lane1_unavailable|rotating|68,1378943233,33555165,36676848,0,36363326,0,36363326,0,34754,0,34653,0,0,0,3327,0,1069690940,0,4096,0,0,0,34654,0,2220268562,0,2220268570,0,0,0,0,0,0,0,0,0,4096,256,131072,4,15|4,0,67108864,262144,256,0,0,0,0,392,0,388,0,98,97,0,1,392,0|78,2271875059,2,25688800,0,0,0,0,0,27283748,0,97,0,1920374598,0,1920374598,0,2080,1911221507,0,15956461,0,0,0,0,0
1786005869530|1003|lane1_unavailable|fixed|70,1378943233,16781056,42722323,0,365256,0,365256,0,7752,0,3876,0,0,0,40364,0,24763536,24763536,4096,4096,0,0,3876,3876,2557155969,2557155969,2557155977,2557155977,0,0,0,0,0,0,0,0,4096,256,131072,4,15|4,0,67108864,262144,256,0,0,0,0,460,0,456,0,115,114,0,1,460,0|80,3288274622,2,0,0,29884416,0,29884416,0,91432,0,0,114,0,0,0,0,0,0,0,3665339,0,0,0,0,0
1786005869530|1003|lane1_unavailable|rotating|70,1378943233,33555165,42812806,0,42446795,0,42446795,0,40568,0,40449,0,0,0,3884,0,1248595228,0,4096,0,0,0,40450,0,2542007491,0,2542007499,0,0,0,0,0,0,0,0,0,4096,256,131072,4,15|4,0,67108864,262144,256,0,0,0,0,460,0,456,0,115,114,0,1,460,0|80,2594537958,2,29995072,0,0,0,0,0,31856888,0,114,0,2241960929,0,2241960929,0,2080,2231467987,0,18143037,0,0,0,0,0
1786005874537|1003|lane1_unavailable|fixed|72,1378943233,16781056,48834883,0,417559,0,417559,0,8862,0,4431,0,0,0,46139,0,28309432,28309432,4096,4096,0,0,4431,4431,2878098816,2878098816,2878098824,2878098824,0,0,0,0,0,0,0,0,4096,256,131072,4,15|4,0,67108864,262144,256,0,0,0,0,524,0,520,0,131,130,0,1,524,0|82,3608508737,2,0,0,34078720,0,34078720,0,104484,0,0,130,0,0,0,0,0,0,0,3697232,0,0,0,0,0
1786005874537|1003|lane1_unavailable|rotating|72,1378943233,33556121,48900944,0,48482915,0,48482915,0,46336,0,46201,0,0,0,4436,0,1426156299,0,4096,0,0,0,46202,0,2861224251,0,2861224259,0,0,0,0,0,0,0,0,0,4096,256,131072,4,15|4,0,67108864,262144,256,0,0,0,0,524,0,520,0,131,130,0,1,524,0|82,2914420210,2,34268416,0,0,0,0,0,36390483,0,130,0,2560774845,0,2560774845,0,2080,2549067618,0,20201556,0,0,0,0,0
1786005879539|1003|lane1_unavailable|fixed|74,1378943233,16781056,54938640,0,469672,0,469672,0,9968,0,4984,0,0,0,51905,0,31842496,31842496,4096,4096,0,0,4984,4984,3197742475,3197742475,3197742491,3197742491,0,0,0,0,0,0,0,0,4096,256,131072,4,15|4,0,67108864,262144,256,0,0,0,0,588,0,584,0,147,146,0,1,588,0|84,3928489971,2,0,0,38273024,0,38273024,0,117512,0,0,146,0,0,0,0,0,0,0,3727677,0,0,0,0,0
1786005879539|1003|lane1_unavailable|rotating|74,1378943233,33555165,55009031,0,54538701,0,54538701,0,52124,0,51972,0,0,0,4991,0,1604286487,0,4096,0,0,0,51973,0,3181489410,0,3181489418,0,0,0,0,0,0,0,0,0,4096,256,131072,4,15|4,0,67108864,262144,256,0,0,0,0,588,0,584,0,147,146,0,1,588,0|84,3233333604,2,38518048,0,0,0,0,0,40911517,0,146,0,2878625831,0,2878625831,0,2080,2865697147,0,22262156,0,0,0,0,0
1786005884549|1003|lane1_unavailable|fixed|76,1378943233,16781056,61056793,0,521969,0,521969,0,11078,0,5539,0,0,0,57685,0,35388328,35388328,4096,4096,0,0,5539,5539,3518556892,3518556892,3518556900,3518556900,0,0,0,0,0,0,0,0,4096,256,131072,4,15|5,0,67108864,262144,256,0,0,0,0,656,0,652,0,164,163,0,1,656,0|86,4249254271,2,0,0,42729472,0,42729472,0,130610,0,0,163,0,0,0,0,0,0,0,3758759,0,0,0,0,0
1786005884549|1003|lane1_unavailable|rotating|76,1378943233,33557077,61118418,0,60595883,0,60595883,0,57913,0,57744,0,0,0,5545,0,1782449677,0,4096,0,0,0,57745,0,3501892687,0,3501892695,0,0,0,0,0,0,0,0,0,4096,256,131072,4,15|4,0,67108864,262144,256,0,0,0,0,656,0,652,0,164,163,0,1,656,0|86,3553349272,2,42792704,0,0,0,0,0,45446037,0,163,0,3197572835,0,3197572835,0,2080,3183296622,0,24449622,0,0,0,0,0
1786005889551|1003|lane1_unavailable|fixed|78,1378943233,16781056,67162014,0,574271,0,574271,0,12188,0,6094,0,0,0,63454,0,38934224,38934224,4096,4096,0,0,6094,6094,3839021490,3839021490,3839021498,3839021498,0,0,0,0,0,0,0,0,4096,256,131072,4,15|4,0,67108864,262144,256,0,0,0,0,720,0,716,0,180,179,0,1,720,0|88,274463551,3,0,0,46923776,0,46923776,0,143662,0,0,179,0,0,0,0,0,0,0,3788897,0,0,0,0,0
1786005889551|1003|lane1_unavailable|rotating|78,1378943233,33558272,67242405,0,66667473,0,66667473,0,63714,0,63530,0,0,0,6101,0,1961048520,0,4096,0,0,0,63530,0,3822951589,0,3822951597,0,0,0,0,0,0,0,0,0,4096,256,131072,4,15|4,0,67108864,262144,256,0,0,0,0,720,0,716,0,180,179,0,1,720,0|88,3875231016,2,47081856,0,0,0,0,0,50009590,0,179,0,3518382291,0,3518382291,0,2080,3502894238,0,26509090,0,0,0,0,0
1786005894567|1003|lane1_unavailable|fixed|80,1378943233,16781056,73280146,0,626574,0,626574,0,13298,0,6649,0,0,0,69234,0,42480096,42480096,4096,4096,0,0,6649,6649,4159838007,4159838007,4159838015,4159838015,0,0,0,0,0,0,0,0,4096,256,131072,4,15|4,0,67108864,262144,256,0,0,0,0,784,0,780,0,196,195,0,1,784,0|90,596287914,3,0,0,51118080,0,51118080,0,156784,0,0,195,0,0,0,0,0,0,0,3817431,0,0,0,0,0
1786005894567|1003|lane1_unavailable|rotating|80,1378943233,33555165,73387075,0,72759655,0,72759655,0,69536,0,69336,0,0,0,6658,0,2140264689,0,4096,0,0,0,69336,0,4145110693,0,4145110701,0,0,0,0,0,0,0,0,0,4096,256,131072,4,15|4,0,67108864,262144,256,0,0,0,0,788,0,784,0,197,196,0,1,788,0|90,4198042081,2,51388128,0,0,0,0,0,54583076,0,196,0,3840116788,0,3840116788,0,2080,3823285753,0,28698797,0,0,0,0,0
1786005899575|1003|lane1_unavailable|fixed|82,1378943233,16781056,79398506,0,678872,0,678872,0,14408,0,7204,0,0,0,75014,0,46025912,46025912,4096,4096,0,0,7204,7204,185689845,185689845,185689853,185689853,0,0,0,0,0,0,0,0,4096,256,131072,4,15|5,0,67108864,262144,256,0,0,0,0,852,0,848,0,213,212,0,1,852,0|92,917145208,3,0,0,55574528,0,55574528,0,169859,0,0,212,0,0,0,0,0,0,0,3851676,0,0,0,0,0
1786005899575|1003|lane1_unavailable|rotating|82,1378943233,33557077,79512784,0,78832970,0,78832970,0,75340,0,75122,0,0,0,7214,0,2318894526,0,4096,0,0,0,75123,0,171404867,0,171404883,0,0,0,0,0,0,0,0,0,4096,256,131072,4,15|4,0,67108864,262144,256,0,0,0,0,852,0,848,0,213,212,0,1,852,0|92,224220389,3,55677280,0,0,0,0,0,59136093,0,212,0,4160190104,0,4160190104,0,2080,4142147003,0,30758491,0,0,0,0,0
1786005904587|1003|lane1_unavailable|fixed|84,1378943233,16781056,85511891,0,731172,0,731172,0,15518,0,7759,0,0,0,80790,0,49571800,49571800,4096,4096,0,0,7759,7759,506152345,506152345,506152353,506152353,0,0,0,0,0,0,0,0,4096,256,131072,4,15|4,0,67108864,262144,256,0,0,0,0,916,0,912,0,229,228,0,1,916,0|94,1237344264,3,0,0,59768832,0,59768832,0,182911,0,0,228,0,0,0,0,0,0,0,3882917,0,0,0,0,0
1786005904587|1003|lane1_unavailable|rotating|84,1378943233,33555165,85602170,0,84870242,0,84870242,0,81109,0,80875,0,0,0,7767,0,2496461784,0,4096,0,0,0,80876,0,490648175,0,490648167,0,0,0,0,0,0,0,0,0,4096,256,131072,4,15|4,0,67108864,262144,256,0,0,0,0,916,0,912,0,229,228,0,1,916,0|94,542306784,3,59919008,0,0,0,0,0,63645343,0,228,0,182248771,1,182248771,1,2080,162981780,1,32819827,0,0,0,0,0
1786005909596|1003|lane1_unavailable|fixed|86,1378943233,16781056,91627531,0,783475,0,783475,0,16628,0,8314,0,0,0,86568,0,53117680,53117680,4096,4096,0,0,8314,8314,826970391,826970391,826970399,826970399,0,0,0,0,0,0,0,0,4096,256,131072,4,15|4,0,67108864,262144,256,0,0,0,0,980,0,976,0,245,244,0,1,980,0|96,1557349299,3,0,0,63963136,0,63963136,0,195963,0,0,244,0,0,0,0,0,0,0,3914017,0,0,0,0,0
1786005909596|1003|lane1_unavailable|rotating|86,1378943233,33555165,91698447,0,90914406,0,90914406,0,86885,0,86635,0,0,0,8320,0,2674271562,0,4096,0,0,0,86636,0,810304172,0,810304180,0,0,0,0,0,0,0,0,0,4096,256,131072,4,15|4,0,67108864,262144,256,0,0,0,0,980,0,976,0,245,244,0,1,980,0|96,862794922,3,64200256,0,0,0,0,0,68187358,0,244,0,501666597,1,501666597,1,2080,481187119,1,34878245,0,0,0,0,0
1786005918876|1004|lane1_clean64|fixed|90,1378943233,16781056,6204800,6120102,70300,0,70300,0,1492,0,746,0,0,0,5850,5850,4766136,4766136,4096,4096,0,0,746,746,1420647664,1420647664,1420647672,1420647672,0,0,0,0,0,0,0,0,4096,256,131072,4,15|4,0,67108864,262144,256,0,0,0,0,92,0,88,0,23,22,0,1,92,0|104,2152232904,3,0,0,5767168,0,5767168,0,17787,0,0,22,0,0,0,0,0,0,0,3451650,0,0,0,0,0
1786005918876|1004|lane1_clean64|rotating|90,1378943233,33558272,6295088,6208497,6223656,6208497,6223656,6208497,5958,5935,5935,5935,0,0,758,0,183202456,182842944,4096,4096,0,0,5935,5935,1405372194,1405372511,1405372202,1405372519,0,0,0,0,0,0,0,0,4096,256,131072,4,15|4,0,67108864,262144,256,0,0,0,0,92,0,88,0,23,22,0,1,92,0|104,1456909436,3,5885728,0,0,0,0,0,6245071,0,22,0,323732620,0,323732620,0,2080,320309021,0,6318631,0,0,0,0,0
1786005923891|1004|lane1_clean64|fixed|92,1378943233,16781056,12477599,12305307,141636,0,141636,0,3006,0,1503,0,0,0,11767,11767,9602584,9602584,4096,4096,0,0,1503,1503,1741440517,1741440517,1741440525,1741440525,0,0,0,0,0,0,0,0,4096,256,131072,4,15|4,0,67108864,262144,256,0,0,0,0,180,0,176,0,45,44,0,1,180,0|106,2471535188,3,0,0,11534336,0,11534336,0,35527,0,0,44,0,0,0,0,0,0,0,3488161,0,0,0,0,0
1786005923891|1004|lane1_clean64|rotating|92,1378943233,33554687,12553858,12380722,12411373,12380722,12411373,12380722,11884,11839,11838,11838,0,0,1512,0,365442388,364722663,4096,4096,0,0,11839,11839,1725287561,1725287566,1725287569,1725287574,0,0,0,0,0,0,0,0,4096,256,131072,4,15|4,0,67108864,262144,256,0,0,0,0,180,0,176,0,45,44,0,1,180,0|106,1778832367,3,11739840,0,0,0,0,0,12456326,0,44,0,644192023,0,644192023,0,2080,639071379,0,9171831,0,0,0,0,0
1786005928902|1004|lane1_clean64|fixed|94,1378943233,16781056,18754993,18496136,212973,0,212973,0,4520,0,2260,0,0,0,17686,17686,14439016,14439016,4096,4096,0,0,2260,2260,2062433094,2062433094,2062433102,2062433102,0,0,0,0,0,0,0,0,4096,256,131072,4,15|4,0,67108864,262144,256,0,0,0,0,268,0,264,0,67,66,0,1,268,0|108,2793064810,3,0,0,17301504,0,17301504,0,53385,0,0,66,0,0,0,0,0,0,0,3515395,0,0,0,0,0
1786005928902|1004|lane1_clean64|rotating|94,1378943233,33554687,18831281,18571670,18617458,18571670,18617458,18571670,17826,17759,17758,17758,0,0,2269,0,548165309,547086032,4096,4096,0,0,17759,17759,2046043900,2046043905,2046043908,2046043913,0,0,0,0,0,0,0,0,4096,256,131072,4,15|4,0,67108864,262144,256,0,0,0,0,268,0,264,0,67,66,0,1,268,0|108,2098415389,3,17554432,0,0,0,0,0,18623552,0,66,0,962321397,0,962321397,0,2080,955493069,0,12027185,0,0,0,0,0
1786005933925|1004|lane1_clean64|fixed|96,1378943233,16781056,25047131,24700708,284405,0,284405,0,6036,0,3018,0,0,0,23619,23619,19281784,19281784,4096,4096,0,0,3018,3018,2383862869,2383862869,2383862877,2383862877,0,0,0,0,0,0,0,0,4096,256,131072,4,15|4,0,67108864,262144,256,0,0,0,0,356,0,352,0,89,88,0,1,356,0|110,3114513829,3,0,0,23068672,0,23068672,0,71242,0,0,88,0,0,0,0,0,0,0,3553797,0,0,0,0,0
1786005933925|1004|lane1_clean64|rotating|96,1378943233,33558272,25121306,24773436,24836055,24773436,24836055,24773436,23779,23689,23689,23689,0,0,3027,0,731234592,729779512,4096,4096,0,0,23689,23689,2367512907,2367513248,2367512915,2367513256,0,0,0,0,0,0,0,0,4096,256,131072,4,15|4,0,67108864,262144,256,0,0,0,0,360,0,356,0,90,89,0,1,360,0|110,2419132155,3,23386144,0,0,0,0,0,24810685,0,89,0,1281580235,0,1281580235,0,2080,1272906632,0,15019227,0,0,0,0,0
1786005938931|1004|lane1_clean64|fixed|98,1378943233,16781056,31322525,30888574,355739,0,355739,0,7550,0,3775,0,0,0,29535,29535,24118240,24118240,4096,4096,0,0,3775,3775,2704664965,2704664965,2704664973,2704664973,0,0,0,0,0,0,0,0,4096,256,131072,4,15|4,0,67108864,262144,256,0,0,0,0,448,0,444,0,112,111,0,1,448,0|112,3434963289,3,0,0,29097984,0,29097984,0,89052,0,0,111,0,0,0,0,0,0,0,3601960,0,0,0,0,0
1786005938931|1004|lane1_clean64|rotating|98,1378943233,33558272,31394222,30959450,31037728,30959450,31037728,30959450,29715,29603,29603,29603,0,0,3783,0,913787136,911974024,4096,4096,0,0,29603,29603,2687975804,2687976145,2687975812,2687976153,0,0,0,0,0,0,0,0,4096,256,131072,4,15|4,0,67108864,262144,256,0,0,0,0,448,0,444,0,112,111,0,1,448,0|112,2740313707,3,29224448,0,0,0,0,0,31010660,0,111,0,1601302211,0,1601302211,0,2080,1590918566,0,17882030,0,0,0,0,0
1786005943934|1004|lane1_clean64|fixed|100,1378943233,16781056,37587409,37065200,426887,0,426887,0,9060,0,4530,0,0,0,35442,35442,28941920,28941920,4096,4096,0,0,4530,4530,3024803492,3024803492,3024803500,3024803500,0,0,0,0,0,0,0,0,4096,256,131072,4,15|4,0,67108864,262144,256,0,0,0,0,536,0,532,0,134,133,0,1,536,0|114,3755401241,3,0,0,34865152,0,34865152,0,106863,0,0,133,0,0,0,0,0,0,0,3643328,0,0,0,0,0
1786005943934|1004|lane1_clean64|rotating|100,1378943233,33554687,37698509,37174925,37270395,37174925,37270395,37174925,35682,35548,35547,35547,0,0,4543,0,1097270037,1095097424,4096,4096,0,0,35548,35548,3010069507,3010069512,3010069515,3010069472,0,0,0,0,0,0,0,0,4096,256,131072,4,15|4,0,67108864,262144,256,0,0,0,0,536,0,532,0,134,133,0,1,536,0|114,3061807484,3,35078560,0,0,0,0,0,37215756,0,133,0,1921332460,0,1921332460,0,2080,1909244141,0,20742859,0,0,0,0,0
1786005948937|1004|lane1_clean64|fixed|102,1378943233,16781056,43854630,43245548,498036,0,498036,0,10570,0,5285,0,0,0,41351,41351,33765552,33765552,4096,4096,0,0,5285,5285,3344943586,3344943586,3344943594,3344943594,0,0,0,0,0,0,0,0,4096,256,131072,4,15|4,0,67108864,262144,256,0,0,0,0,624,0,620,0,156,155,0,1,624,0|116,4075526813,3,0,0,40632320,0,40632320,0,124650,0,0,155,0,0,0,0,0,0,0,3687372,0,0,0,0,0
1786005948937|1004|lane1_clean64|rotating|102,1378943233,33554687,43945332,43335098,43446353,43335098,43446353,43335098,41593,41437,41436,41436,0,0,5295,0,1279062192,1276531396,4096,4096,0,0,41437,41437,3329203223,3329203204,3329203191,3329203212,0,0,0,0,0,0,0,0,4096,256,131072,4,15|4,0,67108864,262144,256,0,0,0,0,624,0,620,0,156,155,0,1,624,0|116,3380773978,3,40877344,0,0,0,0,0,43372419,0,155,0,2238849258,0,2238849258,0,2080,2225042790,0,23605284,0,0,0,0,0
1786005953939|1004|lane1_clean64|fixed|104,1378943233,16781056,50123667,49427493,569185,0,569185,0,12080,0,6040,0,0,0,47260,47260,38589200,38589200,4096,4096,0,0,6040,6040,3665084150,3665084150,3665084158,3665084158,0,0,0,0,0,0,0,0,4096,256,131072,4,15|4,0,67108864,262144,256,0,0,0,0,712,0,708,0,178,177,0,1,712,0|118,100764168,4,0,0,46399488,0,46399488,0,142437,0,0,177,0,0,0,0,0,0,0,3729321,0,0,0,0,0
1786005953939|1004|lane1_clean64|rotating|104,1378943233,33558272,50215479,49518268,49645261,49518268,49645261,49518268,47525,47348,47347,47347,0,0,6051,0,1461510248,1458620016,4096,4096,0,0,47347,47347,3649469677,3649470010,3649469685,3649470018,0,0,0,0,0,0,0,0,4096,256,131072,4,15|4,0,67108864,262144,256,0,0,0,0,716,0,712,0,179,178,0,1,716,0|118,3701764244,3,46709056,0,0,0,0,0,49565492,0,178,0,2558381596,0,2558381596,0,2080,2542729817,0,26597362,0,0,0,0,0
1786005958954|1004|lane1_clean64|fixed|106,1378943233,16781056,56401766,55617464,640424,0,640424,0,13592,0,6796,0,0,0,53180,53180,43419224,43419224,4096,4096,0,0,6796,6796,3985651837,3985651837,3985651845,3985651845,0,0,0,0,0,0,0,0,4096,256,131072,4,15|5,0,67108864,262144,256,0,0,0,0,804,0,800,0,201,200,0,1,804,0|120,421802510,4,0,0,52428800,0,52428800,0,160294,0,0,200,0,0,0,0,0,0,0,3764525,0,0,0,0,0
1786005958954|1004|lane1_clean64|rotating|106,1378943233,33554687,56518190,55731897,55876351,55731897,55876351,55731897,53491,53291,53289,53289,0,0,6811,0,1644946835,1641680872,4096,4096,0,0,53290,53290,3971603936,3971603933,3971603944,3971603909,0,0,0,0,0,0,0,0,4096,256,131072,4,15|4,0,67108864,262144,256,0,0,0,0,804,0,800,0,201,200,0,1,804,0|120,4024502335,3,52578976,0,0,0,0,0,55794916,0,200,0,2879652207,0,2879652207,0,2080,2862298739,0,29458600,0,0,0,0,0
1786005963954|1004|lane1_clean64|fixed|108,1378943233,16781056,62666401,61794999,711666,0,711666,0,15104,0,7552,0,0,0,59086,59086,48249272,48249272,4096,4096,0,0,7552,7552,11059589,11059589,11059597,11059597,0,0,0,0,0,0,0,0,4096,256,131072,4,15|4,0,67108864,262144,256,0,0,0,0,892,0,888,0,223,222,0,1,892,0|122,742707598,4,0,0,58195968,0,58195968,0,178105,0,0,222,0,0,0,0,0,0,0,3811178,0,0,0,0,0
1786005963954|1004|lane1_clean64|rotating|108,1378943233,33554687,62779424,61906713,62066532,61906713,62066532,61906713,59416,59195,59192,59192,0,0,7565,0,1827155312,1823530675,4096,4096,0,0,59193,59193,4291471926,4291471923,4291471910,4291471931,0,0,0,0,0,0,0,0,4096,256,131072,4,15|4,0,67108864,262144,256,0,0,0,0,892,0,888,0,223,222,0,1,892,0|122,48832462,4,58385664,0,0,0,0,0,61958272,0,222,0,3197497958,0,3197497958,0,2080,3178425940,0,32323123,0,0,0,0,0
1786005968960|1004|lane1_clean64|fixed|110,1378943233,16781056,68937128,67978752,782815,0,782815,0,16614,0,8307,0,0,0,64996,64996,53072968,53072968,4096,4096,0,0,8307,8307,331201287,331201287,331201295,331201295,0,0,0,0,0,0,0,0,4096,256,131072,4,15|4,0,67108864,262144,256,0,0,0,0,980,0,976,0,245,244,0,1,980,0|124,1062565806,4,0,0,63963136,0,63963136,0,195892,0,0,244,0,0,0,0,0,0,0,3850632,0,0,0,0,0
1786005968960|1004|lane1_clean64|rotating|110,1378943233,33554687,69042435,68083120,68258487,68083120,68258487,68083120,65341,65098,65095,65095,0,0,8319,0,2009377247,2005395122,4096,4096,0,0,65096,65096,316389113,316389142,316389129,316389150,0,0,0,0,0,0,0,0,4096,256,131072,4,15|4,0,67108864,262144,256,0,0,0,0,980,0,976,0,245,244,0,1,980,0|124,368809144,4,64208160,0,0,0,0,0,68135718,0,244,0,3516019016,0,3516019016,0,2080,3495232338,0,35187150,0,0,0,0,0
1786005977520|1005|lane2_unavailable|fixed|114,1378943233,16778427,6042711,5990600,5990988,5990600,5990988,5990600,5725,5708,5707,5707,0,0,548,0,176185008,176182488,4096,4096,0,0,5708,5708,879236507,879236486,879236483,879236494,0,0,0,0,0,0,0,0,4096,256,131072,4,15|4,0,67108864,262144,256,0,0,0,0,68,0,64,0,17,16,0,1,68,0|132,1609813374,4,4265440,0,0,0,0,0,4529595,0,16,0,320166010,0,320166010,0,2080,317203023,0,5536276,0,0,0,0,0
1786005977520|1005|lane2_unavailable|rotating|114,1378943233,33558272,6120006,6067414,52291,0,52291,0,1108,0,554,0,0,0,5780,5780,3539504,3539504,4096,4096,0,0,554,554,862347930,862347930,862347938,862347938,0,0,0,0,0,0,0,0,4096,256,131072,4,15|4,0,67108864,262144,256,0,0,0,0,68,0,64,0,17,16,0,1,68,0|132,915779557,4,0,0,4194304,0,4194304,0,13214,0,0,16,0,0,0,0,0,0,0,3462427,0,0,0,0,0
1786005982529|1005|lane2_unavailable|fixed|116,1378943233,16778427,12158782,12052635,12054768,12052635,12054768,12052635,11519,11485,11485,11484,0,0,1102,0,354531552,354505886,4096,4096,0,0,11486,11485,1199848813,1199848785,1199848805,1199848793,0,0,0,0,0,0,0,0,4096,256,131072,4,15|4,0,67108864,262144,256,0,0,0,0,132,0,128,0,33,32,0,1,132,0|134,1930407178,4,8546688,0,0,0,0,0,9074208,0,32,0,639689502,0,639689502,0,2080,635499039,0,7609683,0,0,0,0,0
1786005982529|1005|lane2_unavailable|rotating|116,1378943233,33558272,12232642,12126494,104675,0,104675,0,2218,0,1109,0,0,0,11555,11555,7085336,7085336,4096,4096,0,0,1109,1109,1183176865,1183176865,1183176873,1183176873,0,0,0,0,0,0,0,0,4096,256,131072,4,15|4,0,67108864,262144,256,0,0,0,0,132,0,128,0,33,32,0,1,132,0|134,1235740100,4,0,0,8388608,0,8388608,0,26262,0,0,32,0,0,0,0,0,0,0,3493496,0,0,0,0,0
1786005987530|1005|lane2_unavailable|fixed|118,1378943233,16778427,18261029,18103353,18104728,18103353,18104728,18103353,17305,17256,17255,17255,0,0,1656,0,532646922,532646114,4096,4096,0,0,17256,17256,1520094149,1520094189,1520094157,1520094197,0,0,0,0,0,0,0,0,4096,256,131072,4,15|4,0,67108864,262144,256,0,0,0,0,196,0,192,0,49,48,0,1,196,0|136,2251478079,4,12827936,0,0,0,0,0,13621188,0,48,0,959690091,0,959690091,0,2048,954270932,0,9684310,0,0,0,0,0
1786005987530|1005|lane2_unavailable|rotating|118,1378943233,33558272,18361565,18202915,157241,0,157241,0,3332,0,1666,0,0,0,17350,17350,10643976,10643976,4096,4096,0,0,1666,1666,1504704511,1504704511,1504704519,1504704519,0,0,0,0,0,0,0,0,4096,256,131072,4,15|4,0,67108864,262144,256,0,0,0,0,200,0,196,0,50,49,0,1,200,0|136,1556817359,4,0,0,12845056,0,12845056,0,39403,0,0,49,0,0,0,0,0,0,0,3524803,0,0,0,0,0
1786005992540|1005|lane2_unavailable|fixed|120,1378943233,16778427,24370630,24160945,24161951,24160945,24161951,24160945,23095,23029,23028,23028,0,0,2211,0,710834008,710833200,4096,4096,0,0,23029,23029,1840556866,1840556863,1840556850,1840556815,0,0,0,0,0,0,0,0,4096,256,131072,4,15|4,0,67108864,262144,256,0,0,0,0,264,0,260,0,66,65,0,1,264,0|138,2571008846,4,17094688,0,0,0,0,0,18148258,0,65,0,1278154170,0,1278154170,0,2080,1271370648,0,11886913,0,0,0,0,0
1786005992540|1005|lane2_unavailable|rotating|120,1378943233,33558272,24457324,24246869,209437,0,209437,0,4438,0,2219,0,0,0,23110,23110,14177088,14177088,4096,4096,0,0,2219,2219,1824486505,1824486505,1824486513,1824486513,0,0,0,0,0,0,0,0,4096,256,131072,4,15|4,0,67108864,262144,256,0,0,0,0,264,0,260,0,66,65,0,1,264,0|138,1876234761,4,0,0,17039360,0,17039360,0,52430,0,0,65,0,0,0,0,0,0,0,3560014,0,0,0,0,0
1786005997547|1005|lane2_unavailable|fixed|122,1378943233,16779144,30483226,30221188,30222160,30221188,30222160,30221188,28885,28804,28803,28803,0,0,2766,0,889092688,889092424,4096,4096,0,0,28803,28803,2161038397,2161038966,2161038405,2161038974,0,0,0,0,0,0,0,0,4096,256,131072,4,15|4,0,67108864,262144,256,0,0,0,0,328,0,324,0,82,81,0,1,328,0|140,2891415288,4,21368032,0,0,0,0,0,22690067,0,81,0,1597492276,0,1597492276,0,2080,1589479759,0,13960142,0,0,0,0,0
1786005997547|1005|lane2_unavailable|rotating|122,1378943233,33558272,30558369,30295654,261633,0,261633,0,5544,0,2772,0,0,0,28874,28874,17710168,17710168,4096,4096,0,0,2772,2772,2144142996,2144142996,2144143004,2144143004,0,0,0,0,0,0,0,0,4096,256,131072,4,15|4,0,67108864,262144,256,0,0,0,0,328,0,324,0,82,81,0,1,328,0|140,2199567219,4,0,0,21233664,0,21233664,0,65619,0,0,81,0,0,0,0,0,0,0,3589174,0,0,0,0,0
1786006002548|1005|lane2_unavailable|fixed|124,1378943233,16778427,36587882,36274438,36274622,36274438,36274622,36274438,34669,34572,34570,34570,0,0,3319,0,1067123962,1067119295,4096,4096,0,0,34571,34571,2481105478,2481105473,2481105486,2481105489,0,0,0,0,0,0,0,0,4096,256,131072,4,15|4,0,67108864,262144,256,0,0,0,0,392,0,388,0,98,97,0,1,392,0|142,3212491201,4,25649280,0,0,0,0,0,27241245,0,97,0,1917497877,0,1917497877,0,2080,1908256921,0,16034512,0,0,0,0,0
1786006002548|1005|lane2_unavailable|rotating|124,1378943233,33558272,36680183,36365226,314010,0,314010,0,6654,0,3327,0,0,0,34657,34656,21255984,21255984,4096,4096,0,0,3327,3327,2464972966,2464972966,2464972974,2464972974,0,0,0,0,0,0,0,0,4096,256,131072,4,15|5,0,67108864,262144,256,0,0,0,0,396,0,392,0,99,98,0,1,396,0|142,2518459721,4,0,0,25690112,0,25690112,0,78667,0,0,98,0,0,0,0,0,0,0,3622661,0,0,0,0,0
1786006007561|1005|lane2_unavailable|fixed|126,1378943233,16781056,42713321,42348380,42347495,42348380,42347495,42348380,40471,40357,40356,40356,0,0,3876,0,1245712504,1245710816,4096,4096,0,0,40356,40356,2802166065,2802170843,2802166073,2802170851,0,0,0,0,0,0,0,0,4096,256,131072,4,15|4,0,67108864,262144,256,0,0,0,0,460,0,456,0,115,114,0,1,460,0|144,3532813594,4,29923936,0,0,0,0,0,31780665,0,114,0,2236751606,0,2236751606,0,2080,2226146358,0,18238741,0,0,0,0,0
1786006007561|1005|lane2_unavailable|rotating|126,1378943233,33558272,42813860,42447278,366583,0,366583,0,7768,0,3884,0,0,0,40451,40450,24814664,24814664,4096,4096,0,0,3884,3884,2786630541,2786630541,2786630549,2786630549,0,0,0,0,0,0,0,0,4096,256,131072,4,15|4,0,67108864,262144,256,0,0,0,0,460,0,456,0,115,114,0,1,460,0|144,2839953527,4,0,0,29884416,0,29884416,0,91788,0,0,114,0,0,0,0,0,0,0,3653365,0,0,0,0,0
1786006012566|1005|lane2_unavailable|fixed|128,1378943233,16778427,48819022,48402705,48401000,48402705,48401000,48402705,46258,46127,46125,46125,0,0,4429,0,1423806476,1423799736,4096,4096,0,0,46126,46126,3122473869,3122473904,3122473877,3122473896,0,0,0,0,0,0,0,0,4096,256,131072,4,15|4,0,67108864,262144,256,0,0,0,0,524,0,520,0,131,130,0,1,524,0|146,3852667663,4,34189376,0,0,0,0,0,36314038,0,130,0,2555539315,0,2555539315,0,2080,2543701593,0,20313752,0,0,0,0,0
1786006012566|1005|lane2_unavailable|rotating|128,1378943233,33558272,48882320,48465436,418590,0,418590,0,8870,0,4435,0,0,0,46185,46185,28334952,28334952,4096,4096,0,0,4435,4435,3105108063,3105108063,3105108071,3105108071,0,0,0,0,0,0,0,0,4096,256,131072,4,15|4,0,67108864,262144,256,0,0,0,0,524,0,520,0,131,130,0,1,524,0|146,3156908642,4,0,0,34078720,0,34078720,0,104718,0,0,130,0,0,0,0,0,0,0,3688086,0,0,0,0,0
1786006017590|1005|lane2_unavailable|fixed|130,1378943233,16778666,54949325,54480197,54478824,54480197,54478824,54480197,52065,51918,51917,51917,0,0,4985,0,1602576856,1602572324,4096,4096,0,0,51917,51917,3443853026,3443857813,3443853034,3443857821,0,0,0,0,0,0,0,0,4096,256,131072,4,15|4,0,67108864,262144,256,0,0,0,0,588,0,584,0,147,146,0,1,588,0|148,4174098750,4,38478528,0,0,0,0,0,40870393,0,146,0,2875898114,0,2875898114,0,2080,2862833794,0,22387978,0,0,0,0,0
1786006017590|1005|lane2_unavailable|rotating|130,1378943233,33558272,55027357,54557428,471157,0,471157,0,9984,0,4992,0,0,0,51990,51990,31893560,31893560,4096,4096,0,0,4992,4992,3427118610,3427118610,3427118618,3427118618,0,0,0,0,0,0,0,0,4096,256,131072,4,15|4,0,67108864,262144,256,0,0,0,0,588,0,584,0,147,146,0,1,592,0|148,3479932942,4,0,0,38535168,0,38535168,0,117930,0,0,147,0,0,0,0,0,0,0,3719271,0,0,0,0,0
1786006022603|1005|lane2_unavailable|fixed|132,1378943233,16781056,61073143,60551575,60550076,60551575,60550076,60551575,57866,57703,57702,57702,0,0,5542,0,1781147416,1781144424,4096,4096,0,0,57702,57702,3764896978,3764901746,3764896986,3764901754,0,0,0,0,0,0,0,0,4096,256,131072,4,15|4,0,67108864,262144,256,0,0,0,0,656,0,652,0,164,163,0,1,656,0|150,201103064,5,42776896,0,0,0,0,0,45432757,0,163,0,3196795132,0,3196795132,0,2080,3182372247,0,24591571,0,0,0,0,0
1786006022603|1005|lane2_unavailable|rotating|132,1378943233,33558272,61153741,60631432,523729,0,523729,0,11098,0,5549,0,0,0,57778,57778,35452240,35452240,4096,4096,0,0,5549,5549,3748771329,3748771329,3748771337,3748771337,0,0,0,0,0,0,0,0,4096,256,131072,4,15|4,0,67108864,262144,256,0,0,0,0,656,0,652,0,164,163,0,1,656,0|150,3800495799,4,0,0,42729472,0,42729472,0,131003,0,0,163,0,0,0,0,0,0,0,3754059,0,0,0,0,0
1786006027606|1005|lane2_unavailable|fixed|134,1378943233,16781056,67176716,66602854,66601453,66602854,66601453,66602854,63651,63470,63469,63469,0,0,6095,0,1959164632,1959158944,4096,4096,0,0,63469,63469,4085054173,4085058960,4085054181,4085058968,0,0,0,0,0,0,0,0,4096,256,131072,4,15|4,0,67108864,262144,256,0,0,0,0,720,0,716,0,180,179,0,1,720,0|152,520875747,5,47042336,0,0,0,0,0,49964969,0,179,0,3515501455,0,3515501455,0,2080,3499848332,0,26664346,0,0,0,0,0
1786006027606|1005|lane2_unavailable|rotating|134,1378943233,33558272,67253025,66678359,575925,0,575925,2,12204,0,6102,0,0,0,63541,63541,38985328,38985328,4096,4096,0,10,6102,6102,4068427386,4068427386,4068427394,4068427394,0,3832655841,0,3832655841,0,0,0,0,4096,256,131072,4,15|4,0,67108864,262144,256,0,0,0,0,720,0,716,0,180,179,0,1,720,0|152,4121074916,4,0,0,46923776,0,46923776,0,144099,0,0,179,0,0,0,0,0,0,0,3789022,0,0,0,0,0
1786006032611|1005|lane2_unavailable|fixed|136,1378943233,16780339,73279592,72653522,72652039,72653522,72652039,72653522,69439,69242,69240,69240,0,0,6649,0,2137331456,2137324644,4096,4096,0,0,69241,69241,110387184,110387177,110387160,110387185,0,0,0,0,0,0,0,0,4096,256,131072,4,15|4,0,67108864,262144,256,0,0,0,0,784,0,780,0,196,195,0,1,784,0|154,841208966,5,51315680,0,0,0,0,0,54500793,0,195,0,3834766338,0,3834766338,0,2080,3817884716,0,28737079,0,0,0,0,0
1786006032611|1005|lane2_unavailable|rotating|136,1378943233,33558272,73361178,72734111,628305,0,628305,3,13314,0,6657,0,0,0,69318,69318,42531136,42531136,4096,4096,0,10,6657,6657,94288377,94288377,94288385,94288385,0,4205957285,0,4205957285,0,0,0,0,4096,256,131072,4,15|4,0,67108864,262144,256,0,0,0,0,784,0,780,0,196,195,0,1,784,0|154,146821486,5,0,0,51118080,0,51118080,0,157170,0,0,195,0,0,0,0,0,0,0,3818417,0,0,0,0,0
1786006037617|1005|lane2_unavailable|fixed|138,1378943233,16779144,79386234,78707451,78706304,78707451,78706304,78707451,75229,75016,75015,75015,0,0,7204,0,2315567944,2315561072,4096,4096,0,0,75015,75015,430839286,430839879,430839302,430839887,0,0,0,0,0,0,0,0,4096,256,131072,4,15|4,0,67108864,262144,256,0,0,0,0,852,0,848,0,213,212,0,1,852,0|156,1161479944,5,55590336,0,0,0,0,0,59034542,0,212,0,4153968652,0,4153968652,0,2080,4135724532,0,30939514,0,0,0,0,0
1786006037617|1005|lane2_unavailable|rotating|138,1378943233,33558272,79477152,78797578,680687,0,680687,3,14424,0,7212,0,0,0,75101,75101,46077032,46077032,4096,4096,0,10,7212,7212,414767667,414767667,414767675,414767675,0,4205957285,0,4205957285,0,0,0,0,4096,256,131072,4,15|4,0,67108864,262144,256,0,0,0,0,852,0,848,0,213,212,0,1,852,0|156,468343556,5,0,0,55574528,0,55574528,0,170313,0,0,212,0,0,0,0,0,0,0,3852838,0,0,0,0,0
1786006042643|1005|lane2_unavailable|fixed|140,1378943233,16778666,85511856,84779889,84779447,84779889,84779447,84779889,81038,80808,80807,80806,0,0,7760,0,2494355648,2494321886,4096,4096,0,0,80807,80807,752339183,752356685,752339191,752356693,0,0,0,0,0,0,0,0,4096,256,131072,4,15|4,0,67108864,262144,256,0,0,0,0,916,0,912,0,229,228,0,1,916,0|158,1482929256,5,59879488,0,0,0,0,0,63587439,0,228,0,179378380,1,179378380,1,2080,159909458,1,33011944,0,0,0,0,0
1786006042643|1005|lane2_unavailable|rotating|140,1378943233,33558272,85598284,84866287,733166,0,733166,4,15536,0,7768,0,0,0,80888,80888,49629304,49629304,4096,4096,0,11,7768,7768,736186051,736186051,736186059,736186059,0,634416845,0,634416845,0,0,0,0,4096,256,131072,4,15|4,0,67108864,262144,256,0,0,0,0,916,0,912,0,229,228,0,1,916,0|158,788046007,5,0,0,59768832,0,59768832,0,183362,0,0,228,0,0,0,0,0,0,0,3877490,0,0,0,0,0
1786006047643|1005|lane2_unavailable|fixed|142,1378943233,16778427,91610360,90827994,90825660,90827994,90825660,90827994,86820,86574,86572,86572,0,0,8314,0,2672319979,2672313416,4096,4096,0,0,86573,86573,1072339404,1072339411,1072339412,1072339395,0,0,0,0,0,0,0,0,4096,256,131072,4,15|4,0,67108864,262144,256,0,0,0,0,980,0,976,0,245,244,0,1,980,0|160,1805509539,5,64184448,0,0,0,0,0,68157323,0,244,0,500882423,1,500882423,1,2080,480191175,1,35085292,0,0,0,0,0
1786006047643|1005|lane2_unavailable|rotating|142,1378943233,33558272,91756741,90973326,785921,0,785921,4,16654,0,8327,0,0,0,86710,86710,53200696,53200696,4096,4096,0,11,8327,8327,1059368021,1059368021,1059368029,1059368029,0,634416845,0,634416845,0,0,0,0,4096,256,131072,4,15|4,0,67108864,262144,256,0,0,0,0,984,0,980,0,246,245,0,1,984,0|160,1112285101,5,0,0,64225280,0,64225280,0,196622,0,0,245,0,0,0,0,0,0,0,3913040,0,0,0,0,0
1786006056926|1006|lane2_clean64|fixed|146,1378943233,16777471,6209103,6124542,6138695,6124542,6138695,6124542,5872,5849,5848,5848,0,0,746,0,180534064,180190863,4096,4096,0,0,5849,5849,1666529823,1666529788,1666529775,1666529796,0,0,0,0,0,0,0,0,4096,256,131072,4,15|4,0,67108864,262144,256,0,0,0,0,92,0,88,0,23,22,0,1,92,0|168,2398103450,5,5836944,0,0,0,0,0,6193965,0,22,0,320860408,0,320860408,0,2080,317401267,0,6342325,0,0,0,0,0
1786006056926|1006|lane2_clean64|rotating|146,1378943233,33558272,6337925,6251095,71924,0,71924,0,1524,0,762,0,0,0,5970,5970,4868376,4868376,4096,4096,0,0,762,762,1652471443,1652471443,1652471451,1652471451,0,0,0,0,0,0,0,0,4096,256,131072,4,15|4,0,67108864,262144,256,0,0,0,0,92,0,88,0,23,22,0,1,92,0|168,1705726202,5,0,0,5767168,0,5767168,0,18170,0,0,22,0,0,0,0,0,0,0,3472269,0,0,0,0,0
1786006061935|1006|lane2_clean64|fixed|148,1378943233,16777471,12483952,12311819,12342094,12311819,12342094,12311819,11809,11764,11762,11762,0,0,1503,0,363071200,362353087,4096,4096,0,0,11763,11763,1987117359,1987117332,1987117335,1987117348,0,0,0,0,0,0,0,0,4096,256,131072,4,15|4,0,67108864,262144,256,0,0,0,0,180,0,176,0,45,44,0,1,180,0|170,2717044262,5,11637088,0,0,0,0,0,12352292,0,44,0,638351184,0,638351184,0,2080,633154312,0,9224672,0,0,0,0,0
1786006061935|1006|lane2_clean64|rotating|148,1378943233,33558272,12554843,12381960,142616,0,142616,0,3022,0,1511,0,0,0,11829,11829,9653688,9653688,4096,4096,0,0,1511,1511,1970053041,1970053041,1970053049,1970053049,0,0,0,0,0,0,0,0,4096,256,131072,4,15|4,0,67108864,262144,256,0,0,0,0,180,0,176,0,45,44,0,1,180,0|170,2022726784,5,0,0,11534336,0,11534336,0,35819,0,0,44,0,0,0,0,0,0,0,3519494,0,0,0,0,0
1786006066949|1006|lane2_clean64|fixed|150,1378943233,16777471,18789373,18529704,18575875,18529704,18575875,18529704,17772,17704,17702,17702,0,0,2262,0,546434688,545357008,4096,4096,0,0,17703,17703,2309005683,2309005680,2309005675,2309005640,0,0,0,0,0,0,0,0,4096,256,131072,4,15|4,0,67108864,262144,256,0,0,0,0,268,0,264,0,67,66,0,1,268,0|172,3039990490,5,17507008,0,0,0,0,0,18590414,0,66,0,959829932,0,959829932,0,2080,952910409,0,12106872,0,0,0,0,0
1786006066949|1006|lane2_clean64|rotating|150,1378943233,33558272,18884533,18623888,214531,0,214531,0,4546,0,2273,0,0,0,17792,17792,14522040,14522040,4096,4096,0,0,2273,2273,2293221505,2293221505,2293221513,2293221513,0,0,0,0,0,0,0,0,4096,256,131072,4,15|4,0,67108864,262144,256,0,0,0,0,272,0,268,0,68,67,0,1,272,0|172,2346751119,5,0,0,17563648,0,17563648,0,53845,0,0,67,0,0,0,0,0,0,0,3567584,0,0,0,0,0
1786006071971|1006|lane2_clean64|fixed|152,1378943233,16781056,25064945,24719093,24780190,24719093,24780190,24719093,23706,23616,23615,23615,0,0,3017,0,728947472,727510992,4096,4096,0,0,23615,23615,2629403818,2629404143,2629403826,2629404151,0,0,0,0,0,0,0,0,4096,256,131072,4,15|4,0,67108864,262144,256,0,0,0,0,360,0,356,0,90,89,0,1,360,0|174,3361054904,5,23346624,0,0,0,0,0,24789743,0,89,0,1279434442,0,1279434442,0,2080,1270650083,0,15120172,0,0,0,0,0
1786006071971|1006|lane2_clean64|rotating|152,1378943233,33558272,25165239,24817447,285980,0,285980,0,6060,0,3030,0,0,0,23709,23709,19358480,19358480,4096,4096,0,0,3030,3030,2614045084,2614045084,2614045092,2614045092,0,0,0,0,0,0,0,0,4096,256,131072,4,15|4,0,67108864,262144,256,0,0,0,0,360,0,356,0,90,89,0,1,360,0|174,2665853666,5,0,0,23330816,0,23330816,0,71613,0,0,89,0,0,0,0,0,0,0,3607135,0,0,0,0,0
1786006076977|1006|lane2_clean64|fixed|154,1378943233,16777471,31201846,30771185,30846972,30771185,30846972,30771185,29510,29397,29395,29394,0,0,3760,0,907369824,905559711,4096,4096,0,0,29396,29395,2949933460,2949933461,2949933468,2949933469,0,0,0,0,0,0,0,0,4096,256,131072,4,15|4,0,67108864,262144,256,0,0,0,0,444,0,440,0,111,110,0,1,444,0|176,3681637126,5,28992932,0,0,0,0,0,30796043,0,110,0,1598605087,0,1598605087,0,2059,1588185962,0,17871799,0,0,0,0,0
1786006076977|1006|lane2_clean64|rotating|154,1378943233,33558272,31232821,30802498,355626,0,355626,0,7525,0,3768,0,0,0,29424,29424,24073600,24073600,4096,4096,0,0,3768,3768,2934823168,2934823168,2934823176,2934823176,0,0,0,0,0,0,0,0,4096,256,131072,4,15|4,0,67108864,262144,256,0,0,0,0,444,0,440,0,111,110,0,1,444,0|176,2986412442,5,0,0,28835840,0,28835840,0,88976,0,0,110,0,0,0,0,0,0,0,3646803,0,0,0,0,0
1786006081981|1006|lane2_clean64|fixed|156,1378943233,16777471,32312987,31814872,31890588,31814872,31890588,31814872,30506,30391,30388,30388,0,0,4485,0,938042192,936246546,4096,4096,0,0,30389,30389,3270087499,3270087479,3270087475,3270087487,0,0,0,0,0,0,0,0,4096,256,131072,4,15|4,0,67108864,262144,256,0,0,0,0,456,0,452,0,114,113,0,1,456,0|178,4000724095,5,29753184,0,0,0,0,0,31787720,0,113,0,1917501993,0,1917501993,0,2062,1906865587,0,18259629,0,0,0,0,0
1786006081981|1006|lane2_clean64|rotating|156,1378943233,33558272,32326215,31826487,423233,0,423233,0,8274,0,4494,0,0,0,30400,30400,28711552,28711552,4096,4096,0,0,4494,4494,3253718959,3253718959,3253718967,3253718967,0,0,0,0,0,0,0,0,4096,256,131072,4,15|4,0,67108864,262144,256,0,0,0,0,456,0,452,0,114,113,0,1,456,0|178,3305258898,5,0,0,29622272,0,29622272,0,105878,0,0,113,0,0,0,0,0,0,0,3650261,0,0,0,0,0
1786006086983|1006|lane2_clean64|fixed|158,1378943233,16780578,33271693,32701996,32778185,32701996,32778185,32701996,31354,31237,31235,31234,0,0,5250,0,964161392,962345016,4096,4096,0,0,31235,31235,3590216254,3590247230,3590216262,3590247198,0,0,0,0,0,0,0,0,4096,256,131072,4,15|4,0,67108864,262144,256,0,0,0,0,464,0,460,0,116,115,0,1,464,0|180,26396975,6,30383188,0,0,0,0,0,32657814,0,115,0,2237984668,0,2237984668,0,2059,2227239114,0,18517026,0,0,0,0,0
1786006086983|1006|lane2_clean64|rotating|158,1378943233,33558272,33288582,32718318,494702,0,494702,0,9047,0,5263,0,0,0,31250,31250,33624032,33624032,4096,4096,0,0,5263,5263,3574266265,3574266265,3574266273,3574266273,0,0,0,0,0,0,0,0,4096,256,131072,4,15|4,0,67108864,262144,256,0,0,0,0,464,0,460,0,116,115,0,1,464,0|180,3626571831,5,0,0,30146560,0,30146560,0,123768,0,0,115,0,0,0,0,0,0,0,3654479,0,0,0,0,0
1786006092005|1006|lane2_clean64|fixed|160,1378943233,16781056,34235552,33594412,33670276,33594412,33670276,33594412,32207,32087,32085,32085,0,0,6022,0,990398976,988587344,4096,4096,0,0,32085,32085,3909281787,3909281847,3909281795,3909281855,0,0,0,0,0,0,0,0,4096,256,131072,4,15|4,0,67108864,262144,256,0,0,0,0,476,0,472,0,119,118,0,1,476,0|182,347292605,6,31014256,0,0,0,0,0,33529345,0,118,0,2558722531,0,2558722531,0,2062,2547734691,0,18903200,0,0,0,0,0
1786006092005|1006|lane2_clean64|rotating|160,1378943233,33558272,34247773,33605957,565932,0,565932,0,9818,0,6029,0,0,0,32096,32096,38517352,38517352,4096,4096,0,0,6029,6029,3892964137,3892964137,3892964145,3892964145,0,0,0,0,0,0,0,0,4096,256,131072,4,15|4,0,67108864,262144,256,0,0,0,0,476,0,472,0,119,118,0,1,476,0|182,3947192718,5,0,0,30932992,0,30932992,0,141669,0,0,118,0,0,0,0,0,0,0,3664783,0,0,0,0,0
1786006097010|1006|lane2_clean64|fixed|162,1378943233,16781056,35200262,34487652,34563559,34487652,34563559,34487652,33060,32938,32936,32936,0,0,6790,0,1016667888,1014855592,4096,4096,0,0,32936,32936,4230315254,4230315298,4230315262,4230315306,0,0,0,0,0,0,0,0,4096,256,131072,4,15|4,0,67108864,262144,256,0,0,0,0,484,0,480,0,121,120,0,1,484,0|184,672591487,6,31653400,0,0,0,0,0,34412204,0,120,0,2883861627,0,2883861627,0,2063,2872764084,0,19163437,0,0,0,0,0
1786006097010|1006|lane2_clean64|rotating|162,1378943233,33558272,35237712,34522219,639484,0,639484,0,10613,0,6820,0,0,0,32969,32969,43570344,43570344,4096,4096,0,0,6820,6820,4222050766,4222050766,4222050774,4222050774,0,0,0,0,0,0,0,0,4096,256,131072,4,15|4,0,67108864,262144,256,0,0,0,0,484,0,480,0,121,120,0,1,484,0|184,4281249906,5,0,0,31457280,0,31457280,0,160377,0,0,120,0,0,0,0,0,0,0,3669662,0,0,0,0,0
1786006102010|1006|lane2_clean64|fixed|164,1378943233,16781056,36166099,35380806,35457836,35380806,35457836,35380806,33915,33790,33788,33788,0,0,7560,0,1042967440,1041139184,4096,4096,0,0,33788,33788,257094206,257146944,257094214,257146952,0,0,0,0,0,0,0,0,4096,256,131072,4,15|4,0,67108864,262144,256,0,0,0,0,496,0,492,0,124,123,0,1,496,0|186,989914137,6,32276072,0,0,0,0,0,35271543,0,123,0,3201028609,0,3201028609,0,2062,3189682096,0,19554196,0,0,0,0,0
1786006102010|1006|lane2_clean64|rotating|164,1378943233,33558272,36204691,35415500,711152,0,711152,0,11389,0,7591,0,0,0,33822,33821,48495656,48495656,4096,4096,0,0,7591,7591,248935265,248935265,248935273,248935273,0,0,0,0,0,0,0,0,4096,256,131072,4,15|4,0,67108864,262144,256,0,0,0,0,496,0,492,0,124,123,0,1,496,0|186,307451209,6,0,0,32243712,0,32243712,0,178274,0,0,123,0,0,0,0,0,0,0,3676038,0,0,0,0,0
1786006107021|1006|lane2_clean64|fixed|166,1378943233,16781056,37122748,36266090,36343249,36266090,36343249,36266090,34761,34634,34632,34632,0,0,8326,0,1069019736,1067191736,4096,4096,0,0,34632,34632,577745786,577745822,577745794,577745830,0,0,0,0,0,0,0,0,4096,256,131072,4,15|4,0,67108864,262144,256,0,0,0,0,504,0,500,0,126,125,0,1,504,0|188,1308326736,6,32898912,0,0,0,0,0,36131803,0,125,0,3519285498,0,3519285498,0,2060,3507825216,0,19814423,0,0,0,0,0
1786006107021|1006|lane2_clean64|rotating|166,1378943233,33558272,37143925,36284671,780989,0,780989,0,12144,0,8342,0,0,0,34650,34649,53293112,53293112,4096,4096,0,0,8342,8342,562071766,562071766,562071774,562071774,0,0,0,0,0,0,0,0,4096,256,131072,4,15|4,0,67108864,262144,256,0,0,0,0,504,0,500,0,126,125,0,1,504,0|188,614305812,6,0,0,32768000,0,32768000,0,195270,0,0,125,0,0,0,0,0,0,0,3680575,0,0,0,0,0
1786006112041|1006|lane2_clean64|fixed|168,1378943233,16781056,38095129,37166088,37244156,37166088,37244156,37166088,35622,35493,35491,35491,0,0,9095,0,1095535152,1093691128,4096,4096,0,0,35491,35491,896584460,896637197,896584468,896637205,0,0,0,0,0,0,0,0,4096,256,131072,4,15|4,0,67108864,262144,256,0,0,0,0,512,0,508,0,128,127,0,1,512,0|190,1630311155,6,33537560,0,0,0,0,0,37011215,0,127,0,3841110255,0,3841110255,0,2061,3829540156,0,20074649,0,0,0,0,0
1786006112041|1006|lane2_clean64|rotating|168,1378943233,33558272,38107652,37177577,851989,0,851989,0,12911,0,9106,0,0,0,35502,35502,58173648,58173648,4096,4096,0,0,9106,9106,880267208,880267208,880267216,880267216,0,0,0,0,0,0,0,0,4096,256,131072,4,15|4,0,67108864,262144,256,0,0,0,0,512,0,508,0,128,127,0,1,512,0|190,935570222,6,0,0,33292288,0,33292288,0,213251,0,0,127,0,0,0,0,0,0,0,3685482,0,0,0,0,0
1786006117055|1006|lane2_clean64|fixed|170,1378943233,16781056,39050646,38049727,38127797,38049727,38127797,38049727,36467,36335,36333,36333,0,0,9868,0,1121525848,1119681928,4096,4096,0,0,36333,36333,1217426698,1217426758,1217426706,1217426766,0,0,0,0,0,0,0,0,4096,256,131072,4,15|4,0,67108864,262144,256,0,0,0,0,524,0,520,0,131,130,0,1,524,0|192,1951696280,6,34159984,0,0,0,0,0,37872648,0,130,0,4162339774,0,4162339774,0,2061,4150519664,0,20466388,0,0,0,0,0
1786006117055|1006|lane2_clean64|rotating|170,1378943233,33558272,39069625,38067507,923970,0,923970,0,13691,0,9880,0,0,0,36350,36350,63118112,63118112,4096,4096,0,0,9880,9880,1204737265,1204737265,1204737273,1204737273,0,0,0,0,0,0,0,0,4096,256,131072,4,15|4,0,67108864,262144,256,0,0,0,0,524,0,520,0,131,130,0,1,524,0|192,1258053025,6,0,0,34078720,0,34078720,0,231109,0,0,130,0,0,0,0,0,0,0,3693238,0,0,0,0,0
1786006122057|1006|lane2_clean64|fixed|172,1378943233,16781056,40026055,38953246,39032223,38953246,39032223,38953246,37331,37197,37195,37195,0,0,10631,0,1148133920,1146273800,4096,4096,0,0,37195,37195,1539937901,1539990812,1539937909,1539990820,0,0,0,0,0,0,0,0,4096,256,131072,4,15|4,0,67108864,262144,256,0,0,0,0,532,0,528,0,133,132,0,1,532,0|194,2270527098,6,34790976,0,0,0,0,0,38739907,0,132,0,186045548,1,186045548,1,2060,174116913,1,20723408,0,0,0,0,0
1786006122057|1006|lane2_clean64|rotating|172,1378943233,33558272,40037738,38963966,994766,0,994766,0,14455,0,10641,0,0,0,37205,37205,67979616,67979616,4096,4096,0,0,10641,10641,1523673441,1523673441,1523673449,1523673449,0,0,0,0,0,0,0,0,4096,256,131072,4,15|4,0,67108864,262144,256,0,0,0,0,532,0,528,0,133,132,0,1,532,0|194,1575864852,6,0,0,34603008,0,34603008,0,248691,0,0,132,0,0,0,0,0,0,0,3697228,0,0,0,0,0
1786006127060|1006|lane2_clean64|fixed|174,1378943233,16781056,40979142,39835191,39914682,39835191,39914682,39835191,38175,38038,38036,38036,0,0,11391,0,1174094048,1172217592,4096,4096,0,0,38036,38036,1857528689,1857581450,1857528697,1857581458,0,0,0,0,0,0,0,0,4096,256,131072,4,15|4,0,67108864,262144,256,0,0,0,0,544,0,540,0,136,135,0,1,544,0|196,2591599184,6,35421800,0,0,0,0,0,39610362,0,135,0,506959928,1,506959928,1,2060,494784305,1,21114223,0,0,0,0,0
1786006127060|1006|lane2_clean64|rotating|174,1378943233,33558272,40991609,39846756,1065393,0,1065393,0,15220,0,11401,0,0,0,38047,38047,72834456,72834456,4096,4096,0,0,11401,11401,1841264500,1841264500,1841264508,1841264508,0,0,0,0,0,0,0,0,4096,256,131072,4,15|4,0,67108864,262144,256,0,0,0,0,544,0,540,0,136,135,0,1,544,0|196,1896850925,6,0,0,35389440,0,35389440,0,266582,0,0,135,0,0,0,0,0,0,0,3702895,0,0,0,0,0
1786006132069|1006|lane2_clean64|fixed|176,1378943233,16781056,41957421,40740701,40821519,40740701,40821519,40740701,39041,38901,38900,38899,0,0,12159,0,1200763912,1198839992,4096,4096,0,0,38900,38899,2180361086,2180308278,2180361094,2180308286,0,0,0,0,0,0,0,0,4096,256,131072,4,15|4,0,67108864,262144,256,0,0,0,0,552,0,548,0,138,137,0,1,552,0|198,2912224372,6,36060696,0,0,0,0,0,40489278,0,137,0,827425392,1,827425392,1,2060,815140200,1,21374263,0,0,0,0,0
1786006132069|1006|lane2_clean64|rotating|176,1378943233,33558272,41968763,40752234,1136739,0,1136739,0,15990,0,12168,0,0,0,38910,38910,77734208,77734208,4096,4096,0,0,12168,12168,2163991367,2163991367,2163991375,2163991375,0,0,0,0,0,0,0,0,4096,256,131072,4,15|4,0,67108864,262144,256,0,0,0,0,552,0,548,0,138,137,0,1,552,0|198,2218629066,6,0,0,35913728,0,35913728,0,284416,0,0,137,0,0,0,0,0,0,0,3706396,0,0,0,0,0
1786006137070|1006|lane2_clean64|fixed|178,1378943233,16781056,42920029,41632506,41712749,41632506,41712749,41632506,39892,39751,39749,39749,0,0,12927,0,1226970880,1225077992,4096,4096,0,0,39749,39749,2501011765,2501011817,2501011781,2501011825,0,0,0,0,0,0,0,0,4096,256,131072,4,15|4,0,67108864,262144,256,0,0,0,0,560,0,556,0,140,139,0,1,560,0|200,3231639266,6,36683040,0,0,0,0,0,41349208,0,139,0,1146684700,1,1146684700,1,2060,1134288235,1,21631870,0,0,0,0,0
1786006137070|1006|lane2_clean64|rotating|178,1378943233,33558272,42928967,41640893,1207837,0,1207837,0,16759,0,12933,0,0,0,39757,39757,82621064,82621064,4096,4096,0,0,12933,12933,2484216628,2484216628,2484216636,2484216636,0,0,0,0,0,0,0,0,4096,256,131072,4,15|4,0,67108864,262144,256,0,0,0,0,560,0,556,0,140,139,0,1,560,0|200,2536643810,6,0,0,36438016,0,36438016,0,302052,0,0,139,0,0,0,0,0,0,0,3711744,0,0,0,0,0
1786006142073|1006|lane2_clean64|fixed|180,1378943233,16781056,43886833,42526045,42609143,42526045,42609143,42526045,40749,40604,40603,40602,0,0,13684,0,1253332360,1251375808,4096,4096,0,0,40603,40602,2820779427,2820725742,2820779435,2820725750,0,0,0,0,0,0,0,0,4096,256,131072,4,15|4,0,67108864,262144,256,0,0,0,0,572,0,568,0,143,142,0,1,572,0|202,3552518827,6,37321272,0,0,0,0,0,42225241,0,142,0,1467404703,1,1467404703,1,2060,1454762228,1,22023558,0,0,0,0,0
1786006142073|1006|lane2_clean64|rotating|180,1378943233,33558272,43898224,42537594,1278620,0,1278620,0,17524,0,13694,0,0,0,40613,40613,87482384,87482384,4096,4096,0,0,13694,13694,2804409037,2804409037,2804409045,2804409045,0,0,0,0,0,0,0,0,4096,256,131072,4,15|4,0,67108864,262144,256,0,0,0,0,572,0,568,0,143,142,0,1,572,0|202,2857817921,6,0,0,37224448,0,37224448,0,319817,0,0,142,0,0,0,0,0,0,0,3720242,0,0,0,0,0
1786006147090|1006|lane2_clean64|fixed|182,1378943233,16781056,44854949,43423948,43506465,43423948,43506465,43423948,41606,41460,41458,41458,0,0,14445,0,1279724216,1277782992,4096,4096,0,0,41458,41458,3142329810,3142329822,3142329818,3142329838,0,0,0,0,0,0,0,0,4096,256,131072,4,15|4,0,67108864,262144,256,0,0,0,0,580,0,576,0,145,144,0,1,580,0|204,3873219573,6,37953008,0,0,0,0,0,43095427,0,144,0,1787947515,1,1787947515,1,2060,1775194158,1,22283121,0,0,0,0,0
1786006147090|1006|lane2_clean64|rotating|182,1378943233,33558272,44866593,43434627,1349404,0,1349404,0,18288,0,14455,0,0,0,41468,41468,92343744,92343744,4096,4096,0,0,14455,14455,3125805892,3125805892,3125805900,3125805900,0,0,0,0,0,0,0,0,4096,256,131072,4,15|4,0,67108864,262144,256,0,0,0,0,580,0,576,0,145,144,0,1,580,0|204,3178116083,6,0,0,37748736,0,37748736,0,337489,0,0,144,0,0,0,0,0,0,0,3726854,0,0,0,0,0
1786006152097|1006|lane2_clean64|fixed|184,1378943233,16781056,45828340,44323988,44408931,44323988,44408931,44323988,42469,42319,42318,42317,0,0,15208,0,1306270568,1304265744,4096,4096,0,0,42318,42317,3462206583,3462153790,3462206591,3462153798,0,0,0,0,0,0,0,0,4096,256,131072,4,15|4,0,67108864,262144,256,0,0,0,0,592,0,588,0,148,147,0,1,592,0|206,4194135741,6,38591980,0,0,0,0,0,43973419,0,147,0,2108703940,1,2108703940,1,2061,2095702881,1,22676686,0,0,0,0,0
1786006152097|1006|lane2_clean64|rotating|184,1378943233,33558272,45839749,44335485,1420338,0,1420338,0,19055,0,15218,0,0,0,42328,42328,97217816,97217816,4096,4096,0,0,15218,15218,3445837235,3445837235,3445837243,3445837243,0,0,0,0,0,0,0,0,4096,256,131072,4,15|4,0,67108864,262144,256,0,0,0,0,592,0,588,0,148,147,0,1,592,0|206,3499374644,6,0,0,38535168,0,38535168,0,355292,0,0,147,0,0,0,0,0,0,0,3733927,0,0,0,0,0
1786006157104|1006|lane2_clean64|fixed|186,1378943233,16777710,46792019,45217382,45301010,45217382,45301010,45217382,43321,43170,43168,43168,0,0,15978,0,1332508256,1330530953,4096,4096,0,0,43168,43168,3783392461,3783445206,3783392469,3783445214,0,0,0,0,0,0,0,0,4096,256,131072,4,15|4,0,67108864,262144,256,0,0,0,0,600,0,596,0,150,149,0,1,600,0|208,218947097,7,39214820,0,0,0,0,0,44833643,0,149,0,2428326882,1,2428326882,1,2062,2415214649,1,22934318,0,0,0,0,0
1786006157104|1006|lane2_clean64|rotating|186,1378943233,33558272,46797669,45222635,1491383,0,1491383,0,19823,0,15982,0,0,0,43173,43173,102098368,102098368,4096,4096,0,0,15982,15982,3766486374,3766486374,3766486382,3766486382,0,0,0,0,0,0,0,0,4096,256,131072,4,15|4,0,67108864,262144,256,0,0,0,0,600,0,596,0,150,149,0,1,600,0|208,3818315671,6,0,0,39059456,0,39059456,0,373008,0,0,149,0,0,0,0,0,0,0,3739598,0,0,0,0,0
1786006162114|1006|lane2_clean64|fixed|188,1378943233,16777471,47756134,46107968,46192760,46107968,46192760,46107968,44173,44019,44017,44016,0,0,16757,0,1358730543,1356727599,4096,4096,0,0,44018,44017,4104034312,4104034296,4104034320,4104034304,0,0,0,0,0,0,0,0,4096,256,131072,4,15|4,0,67108864,262144,256,0,0,0,0,608,0,604,0,152,151,0,1,608,0|210,539319610,7,39845320,0,0,0,0,0,45707255,0,151,0,2748541770,1,2748541770,1,2049,2735317639,1,23194589,0,0,0,0,0
1786006162114|1006|lane2_clean64|rotating|188,1378943233,33558272,47765325,46115612,1564785,0,1564785,0,20618,0,16772,0,0,0,44025,44024,107144976,107144976,4096,4096,0,0,16772,16772,4087946444,4087946444,4087946452,4087946452,0,0,0,0,0,0,0,0,4096,256,131072,4,15|5,0,67108864,262144,256,0,0,0,0,612,0,608,0,153,152,0,1,612,0|210,4141352129,6,0,0,39845888,0,39845888,0,391243,0,0,152,0,0,0,0,0,0,0,3748314,0,0,0,0,0
1786006167129|1006|lane2_clean64|fixed|190,1378943233,16781056,48708276,46989960,47073843,46989960,47073843,46989960,45015,44859,44857,44857,0,0,17521,0,1384644192,1382669656,4096,4096,0,0,44857,44857,129866341,129866369,129866349,129866377,0,0,0,0,0,0,0,0,4096,256,131072,4,15|4,0,67108864,262144,256,0,0,0,0,620,0,616,0,155,154,0,1,620,0|212,861727434,7,40472928,0,0,0,0,0,46574620,0,154,0,3070792692,1,3070792692,1,2060,3057325156,1,23581018,0,0,0,0,0
1786006167129|1006|lane2_clean64|rotating|190,1378943233,33558272,48728053,47007792,1635922,0,1635922,0,21388,0,17537,0,0,0,44874,44874,112031856,112031856,4096,4096,0,0,17537,17537,117022464,117022464,117022472,117022472,0,0,0,0,0,0,0,0,4096,256,131072,4,15|4,0,67108864,262144,256,0,0,0,0,620,0,616,0,155,154,0,1,620,0|212,172051168,7,0,0,40370176,0,40370176,0,409401,0,0,154,0,0,0,0,0,0,0,3751617,0,0,0,0,0
1786006172133|1006|lane2_clean64|fixed|192,1378943233,16781056,49679134,47888524,47972455,47888524,47972455,47888524,45873,45715,45713,45713,0,0,18298,0,1411067296,1409093160,4096,4096,0,0,45713,45713,451163521,451163541,451163529,451163549,0,0,0,0,0,0,0,0,4096,256,131072,4,15|4,0,67108864,262144,256,0,0,0,0,628,0,624,0,157,156,0,1,628,0|214,1181727004,7,41098736,0,0,0,0,0,47439977,0,156,0,3390635810,1,3390635810,1,2061,3377057766,1,23838726,0,0,0,0,0
1786006172133|1006|lane2_clean64|rotating|192,1378943233,33558272,49691632,47900077,1707693,0,1707693,0,22164,0,18309,0,0,0,45724,45724,116963480,116963480,4096,4096,0,0,18309,18309,434794674,434794674,434794682,434794682,0,0,0,0,0,0,0,0,4096,256,131072,4,15|4,0,67108864,262144,256,0,0,0,0,628,0,624,0,157,156,0,1,628,0|214,490631265,7,0,0,40894464,0,40894464,0,427175,0,0,156,0,0,0,0,0,0,0,3755950,0,0,0,0,0
1786006177138|1006|lane2_clean64|fixed|194,1378943233,16781056,50632025,48770445,48854700,48770445,48854700,48770445,46717,46556,46554,46554,0,0,19058,0,1437027240,1435036568,4096,4096,0,0,46554,46554,768965492,768965504,768965500,768965512,0,0,0,0,0,0,0,0,4096,256,131072,4,15|4,0,67108864,262144,256,0,0,0,0,640,0,636,0,160,159,0,1,640,0|216,1501245811,7,41729804,0,0,0,0,0,48311016,0,159,0,3709996850,1,3709996850,1,2060,3696168661,1,24232759,0,0,0,0,0
1786006177138|1006|lane2_clean64|rotating|194,1378943233,33558272,50645709,48781988,1778347,0,1778347,0,22929,0,19069,0,0,0,46566,46565,121818424,121818424,4096,4096,0,0,19069,19069,752597627,752597627,752597635,752597635,0,0,0,0,0,0,0,0,4096,256,131072,4,15|4,0,67108864,262144,256,0,0,0,0,640,0,636,0,160,159,0,1,640,0|216,806400109,7,0,0,41680896,0,41680896,0,444819,0,0,159,0,0,0,0,0,0,0,3759886,0,0,0,0,0
1786006182138|1006|lane2_clean64|fixed|196,1378943233,16781056,51598102,49664919,49748990,49664919,49748990,49664919,47571,47408,47406,47406,0,0,19830,0,1463327192,1461335864,4096,4096,0,0,47406,47406,1090311562,1090311590,1090311570,1090311598,0,0,0,0,0,0,0,0,4096,256,131072,4,15|4,0,67108864,262144,256,0,0,0,0,648,0,644,0,162,161,0,1,648,0|218,1821080646,7,42352892,0,0,0,0,0,49171176,0,161,0,4029675913,1,4029675913,1,2060,4015736601,1,24490402,0,0,0,0,0
1786006182138|1006|lane2_clean64|rotating|196,1378943233,33558272,51610591,49676447,1850039,0,1850039,0,23704,0,19840,0,0,0,47417,47417,126743640,126743640,4096,4096,0,0,19840,19840,1073942876,1073942876,1073942884,1073942884,0,0,0,0,0,0,0,0,4096,256,131072,4,15|4,0,67108864,262144,256,0,0,0,0,648,0,644,0,162,161,0,1,648,0|218,1127098610,7,0,0,42205184,0,42205184,0,462602,0,0,161,0,0,0,0,0,0,0,3764061,0,0,0,0,0
1786006187145|1006|lane2_clean64|fixed|198,1378943233,16781056,52560540,50556755,50640144,50556755,50640144,50556755,48423,48258,48256,48256,0,0,20597,0,1489565192,1487573048,4096,4096,0,0,48256,48256,1410965011,1410965031,1410965019,1410965039,0,0,0,0,0,0,0,0,4096,256,131072,4,15|4,0,67108864,262144,256,0,0,0,0,656,0,652,0,164,163,0,1,656,0|220,2141473708,7,42982896,0,0,0,0,0,50041154,0,163,0,54944178,2,54944178,2,2063,40892840,2,24750677,0,0,0,0,0
1786006187145|1006|lane2_clean64|rotating|198,1378943233,33558272,52575193,50570405,1921415,0,1921415,0,24476,0,20608,0,0,0,48269,48269,131649776,131649776,4096,4096,0,0,20608,20608,1395021173,1395021173,1395021181,1395021181,0,0,0,0,0,0,0,0,4096,256,131072,4,15|4,0,67108864,262144,256,0,0,0,0,656,0,652,0,164,163,0,1,656,0|220,1448879295,7,0,0,42991616,0,42991616,0,480611,0,0,164,0,0,0,0,0,0,0,3771917,0,0,0,0,0
1786006192151|1006|lane2_clean64|fixed|200,1378943233,16781056,53516337,51440097,51524893,51440097,51524893,51440097,49269,49100,49099,49098,0,0,21361,0,1515587072,1513547688,4096,4096,0,0,49099,49098,1729353885,1729300216,1729353893,1729300224,0,0,0,0,0,0,0,0,4096,256,131072,4,15|4,0,67108864,262144,256,0,0,0,0,668,0,664,0,167,166,0,1,668,0|222,2461942940,7,43613472,0,0,0,0,0,50912124,0,166,0,375255766,2,375255766,2,2060,360957252,2,25141618,0,0,0,0,0
1786006192151|1006|lane2_clean64|rotating|200,1378943233,33558272,53532367,51455844,1992749,0,1992749,0,25248,0,21375,0,0,0,49113,49113,136549456,136549456,4096,4096,0,0,21375,21375,1716341168,1716341168,1716341176,1716341176,0,0,0,0,0,0,0,0,4096,256,131072,4,15|4,0,67108864,262144,256,0,0,0,0,668,0,664,0,167,166,0,1,668,0|222,1769639599,7,0,0,43515904,0,43515904,0,498349,0,0,166,0,0,0,0,0,0,0,3774917,0,0,0,0,0
1786006197156|1006|lane2_clean64|fixed|202,1378943233,16781056,54481423,52334356,52418085,52334356,52418085,52334356,50122,49952,49950,49950,0,0,22134,0,1541855656,1539847968,4096,4096,0,0,49950,49950,2050431190,2050432110,2050431198,2050432118,0,0,0,0,0,0,0,0,4096,256,131072,4,15|4,0,67108864,262144,256,0,0,0,0,676,0,672,0,169,168,0,1,676,0|224,2782288572,7,44243720,0,0,0,0,0,51782721,0,168,0,695443836,2,695443836,2,2060,681033131,2,25402119,0,0,0,0,0
1786006197156|1006|lane2_clean64|rotating|202,1378943233,33558272,54494894,52345910,2064257,0,2064257,0,26021,0,22144,0,0,0,49962,49961,141462056,141462056,4096,4096,0,0,22144,22144,2034169103,2034169103,2034169111,2034169111,0,0,0,0,0,0,0,0,4096,256,131072,4,15|4,0,67108864,262144,256,0,0,0,0,676,0,672,0,169,168,0,1,676,0|224,2089347528,7,0,0,44040192,0,44040192,0,516272,0,0,168,0,0,0,0,0,0,0,3777862,0,0,0,0,0
1786006202165|1006|lane2_clean64|fixed|204,1378943233,16781056,55447475,53227938,53312572,53227938,53312572,53227938,50977,50804,50802,50802,0,0,22904,0,1568155168,1566131352,4096,4096,0,0,50802,50802,2372075769,2372075805,2372075777,2372075813,0,0,0,0,0,0,0,0,4096,256,131072,4,15|4,0,67108864,262144,256,0,0,0,0,688,0,684,0,172,171,0,1,688,0|226,3102781617,7,44867132,0,0,0,0,0,52643558,0,171,0,1015781028,2,1015781028,2,2061,1001120610,2,25793806,0,0,0,0,0
1786006202165|1006|lane2_clean64|rotating|204,1378943233,33558272,55461132,53239507,2135925,0,2135925,0,26797,0,22915,0,0,0,50814,50813,146387272,146387272,4096,4096,0,0,22915,22915,2355707661,2355707661,2355707669,2355707669,0,0,0,0,0,0,0,0,4096,256,131072,4,15|4,0,67108864,262144,256,0,0,0,0,688,0,684,0,172,171,0,1,688,0|226,2408886986,7,0,0,44826624,0,44826624,0,534051,0,0,171,0,0,0,0,0,0,0,3784781,0,0,0,0,0
1786006207177|1006|lane2_clean64|fixed|206,1378943233,16781056,56412438,54121806,54207123,54121806,54207123,54121806,51831,51656,51654,51654,0,0,23661,0,1594454744,1592414880,4096,4096,0,0,51654,51654,2690752500,2690752544,2690752516,2690752552,0,0,0,0,0,0,0,0,4096,256,131072,4,15|4,0,67108864,262144,256,0,0,0,0,696,0,692,0,174,173,0,1,696,0|228,3426004101,7,45508992,0,0,0,0,0,53526607,0,173,0,1338843047,2,1338843047,2,2059,1324070889,2,26056758,0,0,0,0,0
1786006207177|1006|lane2_clean64|rotating|206,1378943233,33558272,56438437,54144894,2207174,0,2207174,0,27566,0,23681,0,0,0,51677,51676,151280568,151280568,4096,4096,0,0,23681,23681,2678437159,2678437159,2678437167,2678437167,0,0,0,0,0,0,0,0,4096,256,131072,4,15|4,0,67108864,262144,256,0,0,0,0,696,0,692,0,174,173,0,1,696,0|228,2731659677,7,0,0,45350912,0,45350912,0,551886,0,0,173,0,0,0,0,0,0,0,3786001,0,0,0,0,0
1786006212188|1006|lane2_clean64|fixed|208,1378943233,16781056,57377696,55016110,55100915,55016110,55100915,55016110,52685,52508,52506,52506,0,0,24430,0,1620754560,1618714800,4096,4096,0,0,52506,52506,3011830807,3011830859,3011830815,3011830867,0,0,0,0,0,0,0,0,4096,256,131072,4,15|4,0,67108864,262144,256,0,0,0,0,704,0,700,0,176,175,0,1,704,0|230,3745566911,7,46137020,0,0,0,0,0,54393521,0,175,0,1658248850,2,1658248850,2,2048,1643364179,2,26317026,0,0,0,0,0
1786006212188|1006|lane2_clean64|rotating|208,1378943233,33558272,57402682,55038628,2278643,0,2278643,0,28340,0,24450,0,0,0,52528,52528,156192960,156192960,4096,4096,0,0,24450,24450,2999515622,2999515622,2999515630,2999515630,0,0,0,0,0,0,0,0,4096,256,131072,4,15|4,0,67108864,262144,256,0,0,0,0,708,0,704,0,177,176,0,1,708,0|230,3051585690,7,0,0,46137344,0,46137344,0,569684,0,0,176,0,0,0,0,0,0,0,3788188,0,0,0,0,0
1786006217195|1006|lane2_clean64|fixed|210,1378943233,16777710,58343579,55909661,55996199,55909661,55996199,55909661,53541,53361,53359,53358,0,0,25189,0,1647085256,1644995959,4096,4096,0,0,53359,53359,3334215040,3334251145,3334215048,3334251153,0,0,0,0,0,0,0,0,4096,256,131072,4,15|4,0,67108864,262144,256,0,0,0,0,716,0,712,0,179,178,0,1,716,0|232,4065824547,7,46767348,0,0,0,0,0,55260558,0,178,0,1978348904,2,1978348904,2,2060,1963216948,2,26708013,0,0,0,0,0
1786006217195|1006|lane2_clean64|rotating|210,1378943233,33558272,58366244,55931138,2349061,0,2349061,0,29100,0,25207,0,0,0,53379,53379,161028752,161028752,4096,4096,0,0,25207,25207,3318856971,3318856971,3318856979,3318856979,0,0,0,0,0,0,0,0,4096,256,131072,4,15|4,0,67108864,262144,256,0,0,0,0,716,0,712,0,179,178,0,1,716,0|232,3370772278,7,0,0,46661632,0,46661632,0,587265,0,0,178,0,0,0,0,0,0,0,3792040,0,0,0,0,0
1786006222225|1006|lane2_clean64|fixed|212,1378943233,16777471,59319115,56813675,56899208,56813675,56899208,56813675,54404,54222,54219,54219,0,0,25969,0,1673654170,1671580938,4096,4096,0,0,54220,54220,3656297440,3656297424,3656297448,3656297432,0,0,0,0,0,0,0,0,4096,256,131072,4,15|4,0,67108864,262144,256,0,0,0,0,724,0,720,0,181,180,0,1,724,0|234,91722374,8,47398096,0,0,0,0,0,56132036,0,180,0,2299056340,2,2299056340,2,2059,2283812735,2,26968097,0,0,0,0,0
1786006222225|1006|lane2_clean64|rotating|212,1378943233,33558272,59332143,56825390,2420835,0,2420835,0,29876,0,25979,0,0,0,54231,54231,165960416,165960416,4096,4096,0,0,25979,25979,3640041511,3640041511,3640041519,3640041519,0,0,0,0,0,0,0,0,4096,256,131072,4,15|4,0,67108864,262144,256,0,0,0,0,724,0,720,0,181,180,0,1,724,0|234,3692671354,7,0,0,47185920,0,47185920,0,605255,0,0,180,0,0,0,0,0,0,0,3795483,0,0,0,0,0
1786006227225|1006|lane2_clean64|fixed|214,1378943233,16781056,60283768,57706827,57793474,57706827,57793474,57706827,55259,55074,55072,55072,0,0,26726,0,1699961480,1697856376,4096,4096,0,0,55072,55072,3975272982,3975273010,3975272990,3975273018,0,0,0,0,0,0,0,0,4096,256,131072,4,15|4,0,67108864,262144,256,0,0,0,0,736,0,732,0,184,183,0,1,736,0|236,412402545,8,48037560,0,0,0,0,0,57011223,0,183,0,2619576645,2,2619576645,2,2068,2604087933,2,27359190,0,0,0,0,0
1786006227225|1006|lane2_clean64|rotating|214,1378943233,33558272,60297392,57718354,2491311,0,2491311,0,30638,0,26737,0,0,0,55084,55083,170802560,170802560,4096,4096,0,0,26737,26737,3958952828,3958952828,3958952836,3958952836,0,0,0,0,0,0,0,0,4096,256,131072,4,15|4,0,67108864,262144,256,0,0,0,0,736,0,732,0,184,183,0,1,736,0|236,4012103738,7,0,0,47972352,0,47972352,0,622850,0,0,183,0,0,0,0,0,0,0,3800507,0,0,0,0,0
1786006232225|1006|lane2_clean64|fixed|216,1378943233,16781056,61259762,58611139,58699685,58611139,58699685,58611139,56124,55937,55935,55935,0,0,27476,0,1726600568,1724462768,4096,4096,0,0,55935,55935,407940,408683,407948,408691,0,0,0,0,0,0,0,0,4096,256,131072,4,15|4,0,67108864,262144,256,0,0,0,0,744,0,740,0,186,185,0,1,744,0|238,732525811,8,48676212,0,0,0,0,0,57884994,0,185,0,2939540248,2,2939540248,2,2060,2923939869,2,27621266,0,0,0,0,0
1786006232225|1006|lane2_clean64|rotating|216,1378943233,33558272,61272128,58622700,2560919,0,2560919,0,31388,0,27485,0,0,0,55946,55946,175580896,175580896,4096,4096,0,0,27485,27485,4279113738,4279113738,4279113746,4279113746,0,0,0,0,0,0,0,0,4096,256,131072,4,15|4,0,67108864,262144,256,0,0,0,0,744,0,740,0,186,185,0,1,744,0|238,36806826,8,0,0,48496640,0,48496640,0,640276,0,0,185,0,0,0,0,0,0,0,3803329,0,0,0,0,0
1786006237249|1006|lane2_clean64|fixed|218,1378943233,16781056,62225348,59503819,59595173,59503819,59595173,59503819,56980,56789,56788,56787,0,0,28230,0,1752931072,1750729744,4096,4096,0,0,56788,56787,319380985,319380223,319380993,319380231,0,0,0,0,0,0,0,0,4096,256,131072,4,15|4,0,67108864,262144,256,0,0,0,0,756,0,752,0,189,188,0,1,756,0|240,1053799714,8,49307280,0,0,0,0,0,58751740,0,188,0,3260656384,2,3260656384,2,2060,3244806465,2,28014693,0,0,0,0,0
1786006237249|1006|lane2_clean64|rotating|218,1378943233,33558272,62246923,59524786,2631850,0,2631850,0,32155,0,28248,0,0,0,56807,56807,180454968,180454968,4096,4096,0,0,28248,28248,306957967,306957967,306957983,306957983,0,0,0,0,0,0,0,0,4096,256,131072,4,15|4,0,67108864,262144,256,0,0,0,0,756,0,752,0,189,188,0,1,756,0|240,358576497,8,0,0,49283072,0,49283072,0,658009,0,0,188,0,0,0,0,0,0,0,3807687,0,0,0,0,0
1786006242268|1006|lane2_clean64|fixed|220,1378943233,16779144,63191990,60399480,60489744,60399480,60489744,60399480,57835,57643,57641,57641,0,0,29005,0,1779260832,1777091384,4096,4096,0,0,57641,57641,643985290,643985310,643985298,643985318,0,0,0,0,0,0,0,0,4096,256,131072,4,15|4,0,67108864,262144,256,0,0,0,0,764,0,760,0,191,190,0,1,764,0|242,1374698828,8,49938272,0,0,0,0,0,59623254,0,190,0,3581397750,2,3581397750,2,2062,3565433541,2,28277479,0,0,0,0,0
1786006242268|1006|lane2_clean64|rotating|220,1378943233,33558272,63204457,60410994,2703179,0,2703179,0,32926,0,29015,0,0,0,57652,57652,185354656,185354656,4096,4096,0,0,29015,29015,627617806,627617806,627617814,627617814,0,0,0,0,0,0,0,0,4096,256,131072,4,15|4,0,67108864,262144,256,0,0,0,0,764,0,760,0,191,190,0,1,764,0|242,681013602,8,0,0,49807360,0,49807360,0,675980,0,0,190,0,0,0,0,0,0,0,3813422,0,0,0,0,0
1786006247295|1006|lane2_clean64|fixed|222,1378943233,16781056,64166748,61301693,61391561,61301693,61391561,61301693,58697,58503,58501,58501,0,0,29790,0,1805807216,1803637256,4096,4096,0,0,58501,58501,965653334,965706071,965653342,965706079,0,0,0,0,0,0,0,0,4096,256,131072,4,15|4,0,67108864,262144,256,0,0,0,0,772,0,768,0,193,192,0,1,772,0|244,1697141190,8,50573216,0,0,0,0,0,60501761,0,192,0,3903681376,2,3903681376,2,2061,3887606571,2,28537559,0,0,0,0,0
1786006247295|1006|lane2_clean64|rotating|222,1378943233,33558272,64179307,61313224,2776203,0,2776203,0,33716,0,29801,0,0,0,58512,58512,190375696,190375696,4096,4096,0,0,29801,29801,949338658,949338658,949338666,949338666,0,0,0,0,0,0,0,0,4096,256,131072,4,15|4,0,67108864,262144,256,0,0,0,0,772,0,768,0,193,192,0,1,772,0|244,1001826955,8,0,0,50331648,0,50331648,0,694050,0,0,192,0,0,0,0,0,0,0,3818983,0,0,0,0,0
1786006252297|1006|lane2_clean64|fixed|224,1378943233,16777471,65117072,62179513,62270387,62179513,62270387,62179513,59538,59340,59338,59337,0,0,30559,0,1831654629,1829453989,4096,4096,0,0,59339,59338,1286097752,1286097736,1286097760,1286097744,0,0,0,0,0,0,0,0,4096,256,131072,4,15|4,0,67108864,262144,256,0,0,0,0,784,0,780,0,196,195,0,1,784,0|246,2016642160,8,51191192,0,0,0,0,0,61357889,0,195,0,4223027852,2,4223027852,2,2062,4206707082,2,28924140,0,0,0,0,0
1786006252297|1006|lane2_clean64|rotating|224,1378943233,33558272,65134473,62196879,2847717,0,2847717,0,34491,0,30570,0,0,0,59354,59354,195288224,195288224,4096,4096,0,0,30570,30570,1270175901,1270175901,1270175909,1270175909,0,0,0,0,0,0,0,0,4096,256,131072,4,15|4,0,67108864,262144,256,0,0,0,0,784,0,780,0,196,195,0,1,784,0|246,1324529998,8,0,0,51118080,0,51118080,0,712116,0,0,195,0,0,0,0,0,0,0,3825833,0,0,0,0,0
1786006257307|1006|lane2_clean64|fixed|226,1378943233,16780578,66078673,63070605,63160744,63070605,63160744,63070605,60388,60189,60187,60186,0,0,31325,0,1857851208,1855662848,4096,4096,0,0,60187,60187,1606719077,1606754280,1606719085,1606754264,0,0,0,0,0,0,0,0,4096,256,131072,4,15|4,0,67108864,262144,256,0,0,0,0,792,0,788,0,198,197,0,1,792,0|248,2336941615,8,51821940,0,0,0,0,0,62228285,0,197,0,248202324,3,248202324,3,2060,231772350,3,29181779,0,0,0,0,0
1786006257307|1006|lane2_clean64|rotating|226,1378943233,33558272,66086605,63078528,2918488,0,2918488,0,35256,0,31331,0,0,0,60194,60194,200149560,200149560,4096,4096,0,0,31331,31331,1587256930,1587256930,1587256938,1587256938,0,0,0,0,0,0,0,0,4096,256,131072,4,15|4,0,67108864,262144,256,0,0,0,0,792,0,788,0,198,197,0,1,792,0|248,1641229015,8,0,0,51642368,0,51642368,0,729855,0,0,197,0,0,0,0,0,0,0,3830333,0,0,0,0,0
1786006262315|1006|lane2_clean64|fixed|228,1378943233,16781056,67040759,63960775,64051642,63960775,64051642,63960775,61240,61037,61036,61035,0,0,32091,0,1884058392,1881840256,4096,4096,0,0,61036,61035,1925163575,1925162797,1925163583,1925162805,0,0,0,0,0,0,0,0,4096,256,131072,4,15|4,0,67108864,262144,256,0,0,0,0,804,0,800,0,201,200,0,1,804,0|250,2658931747,8,52453008,0,0,0,0,0,63099251,0,200,0,570034689,3,570034689,3,2060,553357064,3,29573318,0,0,0,0,0
1786006262315|1006|lane2_clean64|rotating|228,1378943233,33558272,67064643,63983923,2990978,0,2990978,0,36041,0,32111,0,0,0,61057,61057,205132208,205132208,4096,4096,0,0,32111,32111,1913006777,1913006777,1913006785,1913006785,0,0,0,0,0,0,0,0,4096,256,131072,4,15|4,0,67108864,262144,256,0,0,0,0,804,0,800,0,201,200,0,1,804,0|250,1966057878,8,0,0,52428800,0,52428800,0,747768,0,0,200,0,0,0,0,0,0,0,3837521,0,0,0,0,0
1786006267330|1006|lane2_clean64|fixed|230,1378943233,16781056,68005713,64854876,64944707,64854876,64944707,64854876,62093,61889,61887,61887,0,0,32864,0,1910326928,1908139960,4096,4096,0,0,61887,61887,2246564234,2246616972,2246564242,2246616980,0,0,0,0,0,0,0,0,4096,256,131072,4,15|4,0,67108864,262144,256,0,0,0,0,812,0,808,0,203,202,0,1,812,0|252,2978123937,8,53080296,0,0,0,0,0,63966695,0,202,0,889070057,3,889070057,3,2062,872280084,3,29833236,0,0,0,0,0
1786006267330|1006|lane2_clean64|rotating|230,1378943233,33558272,68018248,64866414,3061934,0,3061934,0,36808,0,32874,0,0,0,61898,61898,210006328,210006328,4096,4096,0,0,32874,32874,2230196201,2230196201,2230196209,2230196209,0,0,0,0,0,0,0,0,4096,256,131072,4,15|4,0,67108864,262144,256,0,0,0,0,812,0,808,0,203,202,0,1,812,0|252,2283004015,8,0,0,52953088,0,52953088,0,765506,0,0,202,0,0,0,0,0,0,0,3843905,0,0,0,0,0
1786006272333|1006|lane2_clean64|fixed|232,1378943233,16781056,68971088,65748003,65837974,65748003,65837974,65748003,62946,62740,62738,62738,0,0,33640,0,1936595336,1934408064,4096,4096,0,0,62738,62738,2567380466,2567433210,2567380474,2567433218,0,0,0,0,0,0,0,0,4096,256,131072,4,15|4,0,67108864,262144,256,0,0,0,0,820,0,816,0,205,204,0,1,820,0|254,3299511619,8,53714496,0,0,0,0,0,64844076,0,204,0,1210299189,3,1210299189,3,2061,1193398503,3,30093247,0,0,0,0,0
1786006272333|1006|lane2_clean64|rotating|232,1378943233,33558272,68983625,65759550,3134128,0,3134128,0,37589,0,33651,0,0,0,62749,62749,214969904,214969904,4096,4096,0,0,33651,33651,2551066247,2551066247,2551066263,2551066263,0,0,0,0,0,0,0,0,4096,256,131072,4,15|4,0,67108864,262144,256,0,0,0,0,820,0,816,0,205,204,0,1,820,0|254,2605914528,8,0,0,53477376,0,53477376,0,783786,0,0,204,0,0,0,0,0,0,0,3845548,0,0,0,0,0
1786006277345|1006|lane2_clean64|fixed|234,1378943233,16781056,69926619,66630655,66721549,66630655,66721549,66630655,63791,63581,63580,63579,0,0,34414,0,1962585912,1960368104,4096,4096,0,0,63580,63579,2888117128,2888063459,2888117136,2888063467,0,0,0,0,0,0,0,0,4096,256,131072,4,15|4,0,67108864,262144,256,0,0,0,0,832,0,828,0,208,207,0,1,832,0|256,3619530287,8,54331736,0,0,0,0,0,65698931,0,207,0,1530163547,3,1530163547,3,2064,1513011613,3,30484927,0,0,0,0,0
1786006277345|1006|lane2_clean64|rotating|234,1378943233,33558272,69939099,66643234,3206003,0,3206003,0,38368,0,34424,0,0,0,63591,63591,219907992,219907992,4096,4096,0,0,34424,34424,2871748246,2871748246,2871748254,2871748254,0,0,0,0,0,0,0,0,4096,256,131072,4,15|4,0,67108864,262144,256,0,0,0,0,832,0,828,0,208,207,0,1,832,0|256,2924331170,8,0,0,54263808,0,54263808,0,801500,0,0,207,0,0,0,0,0,0,0,3851547,0,0,0,0,0
1786006282355|1006|lane2_clean64|fixed|236,1378943233,16780578,70894888,67527701,67619394,67527701,67619394,67527701,64648,64437,64435,64434,0,0,35171,0,1988978080,1986752809,4096,4096,0,0,64435,64435,3209831696,3209861436,3209831704,3209861444,0,0,0,0,0,0,0,0,4096,256,131072,4,15|4,0,67108864,262144,256,0,0,0,0,840,0,836,0,210,209,0,1,840,0|258,3940346044,8,54967668,0,0,0,0,0,66573432,0,209,0,1850820321,3,1850820321,3,2060,1833557862,3,30745182,0,0,0,0,0
1786006282355|1006|lane2_clean64|rotating|236,1378943233,33558272,70913882,67545956,3276896,0,3276896,0,39133,0,35186,0,0,0,64451,64451,224775704,224775704,4096,4096,0,0,35186,35186,3194054593,3194054593,3194054601,3194054601,0,0,0,0,0,0,0,0,4096,256,131072,4,15|4,0,67108864,262144,256,0,0,0,0,840,0,836,0,210,209,0,1,840,0|258,3246447379,8,0,0,54788096,0,54788096,0,819247,0,0,209,0,0,0,0,0,0,0,3856839,0,0,0,0,0
1786006287364|1006|lane2_clean64|fixed|238,1378943233,16781056,71867945,68428755,68520327,68428755,68520327,68428755,65510,65296,65294,65294,0,0,35947,0,2015493456,2013274048,4096,4096,0,0,65294,65294,3532381411,3532434148,3532381419,3532434156,0,0,0,0,0,0,0,0,4096,256,131072,4,15|4,0,67108864,262144,256,0,0,0,0,852,0,848,0,213,212,0,1,852,0|260,4266657450,8,55606888,0,0,0,0,0,67455283,0,212,0,2176971922,3,2176971922,3,2060,2159463560,3,31137011,0,0,0,0,0
1786006287364|1006|lane2_clean64|rotating|238,1378943233,33558272,71887183,68445567,3349021,0,3349021,0,39914,0,35962,0,0,0,65311,65310,229732920,229732920,4096,4096,0,0,35962,35962,3519746194,3519746194,3519746202,3519746202,0,0,0,0,0,0,0,0,4096,256,131072,4,15|4,0,67108864,262144,256,0,0,0,0,852,0,848,0,213,212,0,1,852,0|260,3572200061,8,0,0,55574528,0,55574528,0,837371,0,0,212,0,0,0,0,0,0,0,3865905,0,0,0,0,0
1786006292372|1006|lane2_clean64|fixed|240,1378943233,16777471,72829014,69319114,69411069,69319114,69411069,69319114,66361,66145,66143,66143,0,0,36703,0,2041700096,2039464356,4096,4096,0,0,66143,66143,3850837118,3850837162,3850837126,3850837170,0,0,0,0,0,0,0,0,4096,256,131072,4,15|4,0,67108864,262144,256,0,0,0,0,860,0,856,0,215,214,0,1,860,0|262,285563292,9,56229728,0,0,0,0,0,68312031,0,214,0,2490689350,3,2490689350,3,2062,2473068001,3,31396455,0,0,0,0,0
1786006292372|1006|lane2_clean64|rotating|240,1378943233,33558272,72832340,69322263,3418130,0,3418130,0,40660,0,36705,0,0,0,66146,66146,234479304,234479304,4096,4096,0,0,36705,36705,3830634356,3830634356,3830634364,3830634364,0,0,0,0,0,0,0,0,4096,256,131072,4,15|4,0,67108864,262144,256,0,0,0,0,860,0,856,0,215,214,0,1,860,0|262,3884902484,8,0,0,56098816,0,56098816,0,854764,0,0,214,0,0,0,0,0,0,0,3870148,0,0,0,0,0
1786006297378|1006|lane2_clean64|fixed|242,1378943233,16781056,73797728,70215699,70307402,70215699,70307402,70215699,67217,66999,66997,66997,0,0,37482,0,2068061944,2065826600,4096,4096,0,0,66997,66997,4171868757,4171921502,4171868765,4171921510,0,0,0,0,0,0,0,0,4096,256,131072,4,15|4,0,67108864,262144,256,0,0,0,0,868,0,864,0,217,216,0,1,868,0|264,607168454,9,56860224,0,0,0,0,0,69184845,0,216,0,2812136888,3,2812136888,3,2061,2794406128,3,31654238,0,0,0,0,0
1786006297378|1006|lane2_clean64|rotating|242,1378943233,33558272,73810304,70227196,3491342,0,3491342,0,41452,0,37493,0,0,0,67008,67008,239513160,239513160,4096,4096,0,0,37493,37493,4155555004,4155555004,4155555012,4155555012,0,0,0,0,0,0,0,0,4096,256,131072,4,15|4,0,67108864,262144,256,0,0,0,0,868,0,864,0,217,216,0,1,868,0|264,4208538909,8,0,0,56623104,0,56623104,0,872905,0,0,216,0,0,0,0,0,0,0,3874500,0,0,0,0,0
1786006302453|1006|lane2_clean64|fixed|244,1378943233,16781056,74756490,71102189,71194194,71102189,71194194,71102189,68065,67844,67842,67842,0,0,38256,0,2094145184,2091910360,4096,4096,0,0,67842,67842,200892233,200945867,200892241,200945875,0,0,0,0,0,0,0,0,4096,256,131072,4,15|4,0,67108864,262144,256,0,0,0,0,880,0,876,0,220,219,0,1,880,0|266,932382844,9,57490800,0,0,0,0,0,70057728,0,219,0,3137193634,3,3137193634,3,2061,3119219879,3,32040999,0,0,0,0,0
1786006302453|1006|lane2_clean64|rotating|244,1378943233,33558272,74775597,71119990,3563604,0,3563604,0,42235,0,38270,0,0,0,67859,67859,244476808,244476808,4096,4096,0,0,38270,38270,185481957,185481957,185481965,185481965,0,0,0,0,0,0,0,0,4096,256,131072,4,15|4,0,67108864,262144,256,0,0,0,0,880,0,876,0,220,219,0,1,880,0|266,237176910,9,0,0,57409536,0,57409536,0,890901,0,0,219,0,0,0,0,0,0,0,3881353,0,0,0,0,0
1786006307461|1006|lane2_clean64|fixed|246,1378943233,16781056,75718055,71992180,72084428,71992180,72084428,71992180,68915,68692,68690,68690,0,0,39023,0,2120321088,2118086048,4096,4096,0,0,68690,68690,518927502,518927522,518927510,518927530,0,0,0,0,0,0,0,0,4096,256,131072,4,15|4,0,67108864,262144,256,0,0,0,0,888,0,884,0,222,221,0,1,888,0|268,1251401418,9,58121792,0,0,0,0,0,70929583,0,221,0,3456054460,3,3456054460,3,2060,3437968976,3,32301224,0,0,0,0,0
1786006307461|1006|lane2_clean64|rotating|246,1378943233,33558272,75730554,72003710,3634561,0,3634561,0,43002,0,39033,0,0,0,68701,68701,249351008,249351008,4096,4096,0,0,39033,39033,502561436,502561436,502561452,502561452,0,0,0,0,0,0,0,0,4096,256,131072,4,15|4,0,67108864,262144,256,0,0,0,0,888,0,884,0,222,221,0,1,888,0|268,557395963,9,0,0,57933824,0,57933824,0,908873,0,0,221,0,0,0,0,0,0,0,3884782,0,0,0,0,0
1786006312470|1006|lane2_clean64|fixed|248,1378943233,16781056,76683716,72885798,72978524,72885798,72978524,72885798,69770,69544,69542,69542,0,0,39793,0,2146620528,2144369496,4096,4096,0,0,69542,69542,840516691,840569405,840516699,840569421,0,0,0,0,0,0,0,0,4096,256,131072,4,15|4,0,67108864,262144,256,0,0,0,0,900,0,896,0,225,224,0,1,900,0|270,1572604541,9,58752616,0,0,0,0,0,71800243,0,224,0,3777099877,3,3777099877,3,2060,3758768941,3,32690503,0,0,0,0,0
1786006312470|1006|lane2_clean64|rotating|248,1378943233,33558272,76696210,72897345,3706125,0,3706125,0,43777,0,39803,0,0,0,69553,69553,254269792,254269792,4096,4096,0,0,39803,39803,824256008,824256008,824256016,824256016,0,0,0,0,0,0,0,0,4096,256,131072,4,15|4,0,67108864,262144,256,0,0,0,0,900,0,896,0,225,224,0,1,900,0|270,878063909,9,0,0,58720256,0,58720256,0,926765,0,0,224,0,0,0,0,0,0,0,3890583,0,0,0,0,0
1786006317473|1006|lane2_clean64|fixed|250,1378943233,16781056,77650248,73780373,73873165,73780373,73873165,73780373,70624,70396,70394,70394,0,0,40566,0,2172919904,2170669040,4096,4096,0,0,70394,70394,1161862098,1161863016,1161862106,1161863024,0,0,0,0,0,0,0,0,4096,256,131072,4,15|4,0,67108864,262144,256,0,0,0,0,908,0,904,0,227,226,0,1,908,0|272,1892840680,9,59376196,0,0,0,0,0,72662758,0,226,0,4097180121,3,4097180121,3,2060,4078737962,3,32948369,0,0,0,0,0
1786006317473|1006|lane2_clean64|rotating|250,1378943233,33558272,77663827,73791912,3778012,0,3778012,0,44554,0,40576,0,0,0,70406,70405,259207864,259207864,4096,4096,0,0,40576,40576,1145602332,1145602332,1145602340,1145602340,0,0,0,0,0,0,0,0,4096,256,131072,4,15|4,0,67108864,262144,256,0,0,0,0,908,0,904,0,227,226,0,1,908,0|272,1197532993,9,0,0,59244544,0,59244544,0,944503,0,0,226,0,0,0,0,0,0,0,3892764,0,0,0,0,0
1786006322476|1006|lane2_clean64|fixed|252,1378943233,16781056,78612225,74670791,74763755,74670791,74763755,74670791,71475,71245,71243,71243,0,0,41334,0,2199126392,2196875848,4096,4096,0,0,71243,71243,1482568837,1482621598,1482568853,1482621606,0,0,0,0,0,0,0,0,4096,256,131072,4,15|4,0,67108864,262144,256,0,0,0,0,916,0,912,0,229,228,0,1,916,0|274,2213179450,9,60005460,0,0,0,0,0,73531384,0,228,0,122394279,4,122394279,4,2060,103840028,4,33208525,0,0,0,0,0
1786006322476|1006|lane2_clean64|rotating|252,1378943233,33558272,78621275,74679206,3849112,0,3849112,0,45323,0,41341,0,0,0,71251,71251,264094832,264094832,4096,4096,0,0,41341,41341,1465674371,1465674371,1465674387,1465674387,0,0,0,0,0,0,0,0,4096,256,131072,4,15|4,0,67108864,262144,256,0,0,0,0,916,0,912,0,229,228,0,1,916,0|274,1517507909,9,0,0,59768832,0,59768832,0,962394,0,0,228,0,0,0,0,0,0,0,3896856,0,0,0,0,0
1786006327494|1006|lane2_clean64|fixed|254,1378943233,16781056,79580229,75566965,75661174,75566965,75661174,75566965,72333,72100,72098,72098,0,0,42093,0,2225518776,2223235280,4096,4096,0,0,72098,72098,1802333113,1802334041,1802333121,1802334049,0,0,0,0,0,0,0,0,4096,256,131072,4,15|4,0,67108864,262144,256,0,0,0,0,928,0,924,0,232,231,0,1,928,0|276,2535625804,9,60644928,0,0,0,0,0,74409937,0,231,0,444680766,4,444680766,4,2065,425879214,4,33601813,0,0,0,0,0
1786006327494|1006|lane2_clean64|rotating|254,1378943233,33558272,79592494,75578553,3919802,0,3919802,0,46087,0,42101,0,0,0,72109,72109,268949736,268949736,4096,4096,0,0,42101,42101,1785917764,1785917764,1785917772,1785917772,0,0,0,0,0,0,0,0,4096,256,131072,4,15|4,0,67108864,262144,256,0,0,0,0,928,0,924,0,232,231,0,1,928,0|276,1840562401,9,0,0,60555264,0,60555264,0,980183,0,0,231,0,0,0,0,0,0,0,3901879,0,0,0,0,0
1786006332503|1006|lane2_clean64|fixed|256,1378943233,16781056,80545271,76460309,76554508,76460309,76554508,76460309,73186,72951,72949,72949,0,0,42864,0,2251787176,2249503648,4096,4096,0,0,72949,72949,2123362737,2123415664,2123362745,2123415672,0,0,0,0,0,0,0,0,4096,256,131072,4,15|4,0,67108864,262144,256,0,0,0,0,936,0,932,0,234,233,0,1,936,0|278,2855060971,9,61273200,0,0,0,0,0,75278345,0,233,0,763958865,4,763958865,4,2062,745044898,4,33862044,0,0,0,0,0
1786006332503|1006|lane2_clean64|rotating|256,1378943233,33558272,80557719,76471855,3991697,0,3991697,0,46864,0,42874,0,0,0,72960,72960,273887840,273887840,4096,4096,0,0,42874,42874,2107102257,2107102257,2107102265,2107102265,0,0,0,0,0,0,0,0,4096,256,131072,4,15|4,0,67108864,262144,256,0,0,0,0,936,0,932,0,234,233,0,1,936,0|278,2160680055,9,0,0,61079552,0,61079552,0,998108,0,0,233,0,0,0,0,0,0,0,3904987,0,0,0,0,0
1786006337503|1006|lane2_clean64|fixed|258,1378943233,16780817,81498202,77342252,77436809,77342252,77436809,77342252,74031,73792,73790,73790,0,0,43624,0,2277751652,2275447256,4096,4096,0,0,73791,73790,2444385837,2441004565,2444385853,2441004573,0,0,0,0,0,0,0,0,4096,256,131072,4,15|4,0,67108864,262144,256,0,0,0,0,948,0,944,0,237,236,0,1,948,0|280,3174879180,9,61898344,0,0,0,0,0,76141107,0,236,0,1083620788,4,1083620788,4,2060,1064459932,4,34251340,0,0,0,0,0
1786006337503|1006|lane2_clean64|rotating|258,1378943233,33558272,81510524,77353792,4062326,0,4062326,0,47629,0,43634,0,0,0,73801,73801,278742720,278742720,4096,4096,0,0,43634,43634,2424691610,2424691610,2424691618,2424691618,0,0,0,0,0,0,0,0,4096,256,131072,4,15|4,0,67108864,262144,256,0,0,0,0,948,0,944,0,237,236,0,1,948,0|280,2479459822,9,0,0,61865984,0,61865984,0,1015815,0,0,236,0,0,0,0,0,0,0,3912985,0,0,0,0,0
1786006342512|1006|lane2_clean64|fixed|260,1378943233,16781056,82476218,78247970,78343381,78247970,78343381,78247970,74896,74655,74654,74653,0,0,44392,0,2304416752,2302069896,4096,4096,0,0,74654,74653,2763785989,2763733149,2763785997,2763733165,0,0,0,0,0,0,0,0,4096,256,131072,4,15|4,0,67108864,262144,256,0,0,0,0,956,0,952,0,239,238,0,1,956,0|282,3496251089,9,62537240,0,0,0,0,0,77020143,0,238,0,1404832973,4,1404832973,4,2060,1385560760,4,34513168,0,0,0,0,0
1786006342512|1006|lane2_clean64|rotating|260,1378943233,33558272,82487523,78259487,4133674,0,4133674,0,48399,0,44401,0,0,0,74664,74664,283642464,283642464,4096,4096,0,0,44401,44401,2747420291,2747420291,2747420299,2747420299,0,0,0,0,0,0,0,0,4096,256,131072,4,15|4,0,67108864,262144,256,0,0,0,0,956,0,952,0,239,238,0,1,956,0|282,2802290559,9,0,0,62390272,0,62390272,0,1033650,0,0,238,0,0,0,0,0,0,0,3918041,0,0,0,0,0
1786006347519|1006|lane2_clean64|fixed|262,1378943233,16781056,83446033,79147778,79242642,79147778,79242642,79147778,75755,75513,75511,75511,0,0,45151,0,2330870664,2328538688,4096,4096,0,0,75511,75511,3085394307,3085394343,3085394323,3085394359,0,0,0,0,0,0,0,0,4096,256,131072,4,15|4,0,67108864,262144,256,0,0,0,0,964,0,960,0,241,240,0,1,964,0|284,3815901977,9,63167984,0,0,0,0,0,77886977,0,240,0,1724326175,4,1724326175,4,2059,1704939844,4,34775719,0,0,0,0,0
1786006347519|1006|lane2_clean64|rotating|262,1378943233,33558272,83455378,79155483,4204042,0,4204042,0,49159,0,45158,0,0,0,75519,75518,288478256,288478256,4096,4096,0,0,45158,45158,3068820183,3068820183,3068820191,3068820191,0,0,0,0,0,0,0,0,4096,256,131072,4,15|4,0,67108864,262144,256,0,0,0,0,964,0,960,0,241,240,0,1,964,0|284,3120528485,9,0,0,62914560,0,62914560,0,1051149,0,0,240,0,0,0,0,0,0,0,3922580,0,0,0,0,0
1786006352534|1006|lane2_clean64|fixed|264,1378943233,16779383,84421234,80050807,80147878,80050807,80147878,80050807,76621,76376,76373,76373,0,0,45903,0,2357498331,2355116453,4096,4096,0,0,76374,76374,3406526325,3406526339,3406526333,3406526347,0,0,0,0,0,0,0,0,4096,256,131072,4,15|4,0,67108864,262144,256,0,0,0,0,976,0,972,0,244,243,0,1,976,0|286,4137084952,9,63806708,0,0,0,0,0,78761093,0,243,0,2045349469,4,2045349469,4,2057,2025716132,4,35168525,0,0,0,0,0
1786006352534|1006|lane2_clean64|rotating|264,1378943233,33558272,84438527,80066871,4274664,0,4274664,0,49921,0,45917,0,0,0,76389,76389,293326864,293326864,4096,4096,0,0,45917,45917,3390600472,3390600472,3390600480,3390600480,0,0,0,0,0,0,0,0,4096,256,131072,4,15|4,0,67108864,262144,256,0,0,0,0,976,0,972,0,244,243,0,1,976,0|286,3442424582,9,0,0,63700992,0,63700992,0,1068666,0,0,243,0,0,0,0,0,0,0,3930916,0,0,0,0,0
