captured_ms|sequence|label|role|admission_snapshot_words_csv|ps_runtime_words_csv|pl_perf_snapshot_words_csv
1785954136976|1001|stream128_f2r_01|fixed|2,1378943233,16777471,6136331,6052663,6066673,6052663,6066673,6052663,5802,5780,5779,5779,0,0,738,0,178400637,178058368,4096,4096,0,0,5780,5780,378088425,378088390,378088433,378088398,0,0,0,0,0,0,0,0,4096,256,131072,4,15|4,0,134217728,262144,512,0,0,0,0,96,0,84,0,24,21,0,1,96,0|4,1106978468,0,5750048,0,0,0,0,0,6105087,0,21,0,319621895,0,319621895,0,2080,312815950,0,9675108,0,0,0,0,0
1785954136976|1001|stream128_f2r_01|rotating|2,1378943233,33558272,6212269,6127707,70503,0,70503,0,1494,0,747,0,0,0,5851,5851,4772528,0,4096,0,0,0,747,0,355293370,0,355293378,0,0,0,0,0,0,0,0,0,4096,256,131072,4,15|4,0,134217728,262144,512,0,0,0,0,100,0,88,0,25,22,0,1,100,0|4,420555267,0,0,0,5767168,0,5767168,0,17744,0,0,22,0,0,0,0,0,0,0,6901463,0,0,0,0,0
1785954141999|1001|stream128_f2r_01|fixed|4,1378943233,16777471,12435738,12263957,12294448,12263957,12294448,12263957,11762,11716,11715,11715,0,0,1497,0,361631515,360915134,4096,4096,0,0,11716,11716,699883110,699883099,699883118,699883107,0,0,0,0,0,0,0,0,4096,256,131072,4,15|4,0,134217728,262144,512,0,0,0,0,188,0,176,0,47,44,0,1,188,0|6,1428983225,0,11605472,0,0,0,0,0,12319808,0,44,0,640162796,0,640162796,0,2080,631489066,0,12694751,0,0,0,0,0
1785954141999|1001|stream128_f2r_01|rotating|4,1378943233,33558272,12547812,12374977,142522,0,142522,0,3020,0,1510,0,0,0,11821,11821,9647304,0,4096,0,0,0,1510,0,678701844,0,678701852,0,0,0,0,0,0,0,0,0,4096,256,131072,4,15|4,0,134217728,262144,512,0,0,0,0,188,0,176,0,47,44,0,1,188,0|6,744412996,0,0,0,11534336,0,11534336,0,35748,0,0,44,0,0,0,0,0,0,0,6943120,0,0,0,0,0
1785954147004|1001|stream128_f2r_01|fixed|6,1378943233,16777471,18705847,18449048,18493296,18449048,18493296,18449048,17692,17624,17623,17623,0,0,2252,0,544008394,542934309,4096,4096,0,0,17624,17624,1020050727,1020050700,1020050735,1020050708,0,0,0,0,0,0,0,0,4096,256,131072,4,15|4,0,134217728,262144,512,0,0,0,0,276,0,264,0,69,66,0,1,276,0|8,1748734672,0,17420064,0,0,0,0,0,18495820,0,66,0,958460595,0,958460595,0,2080,948057553,0,15571733,0,0,0,0,0
1785954147004|1001|stream128_f2r_01|rotating|6,1378943233,33558272,18773860,18516278,213308,0,213308,0,4520,0,2260,0,0,0,17687,17687,14439016,0,4096,0,0,0,2260,0,996707839,0,996707847,0,0,0,0,0,0,0,0,0,4096,256,131072,4,15|4,0,134217728,262144,512,0,0,0,0,276,0,264,0,69,66,0,1,276,0|8,1062103070,0,0,0,17301504,0,17301504,0,53445,0,0,66,0,0,0,0,0,0,0,6984538,0,0,0,0,0
1785954152021|1001|stream128_f2r_01|fixed|8,1378943233,16777471,24994322,24649781,24710321,24649781,24710321,24649781,23637,23547,23546,23546,0,0,3009,0,726839409,725406872,4096,4096,0,0,23547,23547,1341009670,1341009707,1341009678,1341009699,0,0,0,0,0,0,0,0,4096,256,131072,4,15|4,0,134217728,262144,512,0,0,0,0,364,0,352,0,91,88,0,1,364,0|10,2070392885,0,23266272,0,0,0,0,0,24709972,0,88,0,1278657256,0,1278657256,0,2080,1266534436,0,18445969,0,0,0,0,0
1785954152021|1001|stream128_f2r_01|rotating|8,1378943233,33558272,25085413,24739950,285035,0,285035,0,6040,0,3020,0,0,0,23632,23632,19294568,0,4096,0,0,0,3020,0,1319008761,0,1319008769,0,0,0,0,0,0,0,0,0,4096,256,131072,4,15|4,0,134217728,262144,512,0,0,0,0,368,0,356,0,92,89,0,1,368,0|10,1390979676,0,0,0,23330816,0,23330816,0,71731,0,0,89,0,0,0,0,0,0,0,7033529,0,0,0,0,0
1785954157028|1001|stream128_f2r_01|fixed|10,1378943233,16777471,31277015,30845556,30921662,30845556,30921662,30845556,29576,29464,29464,29464,0,0,3765,0,909491843,907701518,4096,4096,0,0,29464,29464,1661647730,1661648047,1661647738,1661648055,0,0,0,0,0,0,0,0,4096,256,131072,4,15|4,0,134217728,262144,512,0,0,0,0,452,0,440,0,113,110,0,1,452,0|12,2390520299,0,29088768,0,0,0,0,0,30895392,0,110,0,1597329046,0,1597329046,0,2080,1583483222,0,21318340,0,0,0,0,0
1785954157028|1001|stream128_f2r_01|rotating|10,1378943233,33558272,31381039,30947666,356578,0,356578,0,7556,0,3778,0,0,0,29561,29561,24137408,0,4096,0,0,0,3778,0,1640249398,0,1640249406,0,0,0,0,0,0,0,0,0,4096,256,131072,4,15|4,0,134217728,262144,512,0,0,0,0,456,0,444,0,114,111,0,1,456,0|12,1706140286,0,0,0,29097984,0,29097984,0,89286,0,0,111,0,0,0,0,0,0,0,7079129,0,0,0,0,0
1785954162049|1001|stream128_f2r_01|fixed|12,1378943233,16777471,37567226,37048198,37140335,37048198,37140335,37048198,35524,35389,35388,35388,0,0,4523,0,1092378616,1090213769,4096,4096,0,0,35389,35389,1982835959,1982835956,1982835927,1982835964,0,0,0,0,0,0,0,0,4096,256,131072,4,15|4,0,134217728,262144,512,0,0,0,0,544,0,532,0,136,133,0,1,544,0|14,2711423085,0,34927320,0,0,0,0,0,37091231,0,133,0,1916772194,0,1916772194,0,2080,1901068728,0,24324180,0,0,0,0,0
1785954162049|1001|stream128_f2r_01|rotating|12,1378943233,33558272,37639310,37119401,427649,0,427649,0,9062,0,4531,0,0,0,35456,35456,28948320,0,4096,0,0,0,4531,0,1959545266,0,1959545274,0,0,0,0,0,0,0,0,0,4096,256,131072,4,15|4,0,134217728,262144,512,0,0,0,0,544,0,532,0,136,133,0,1,544,0|14,2024990946,0,0,0,34865152,0,34865152,0,107030,0,0,133,0,0,0,0,0,0,0,7119847,0,0,0,0,0
1785954167051|1001|stream128_f2r_01|fixed|14,1378943233,16777471,43842672,43236811,43344520,43236811,43344520,43236811,41457,41300,41299,41299,0,0,5278,0,1274827152,1272305505,4096,4096,0,0,41300,41300,2303142761,2303142750,2303142721,2303142758,0,0,0,0,0,0,0,0,4096,256,131072,4,15|4,0,134217728,262144,512,0,0,0,0,632,0,620,0,158,155,0,1,632,0|16,3031795793,0,40750880,0,0,0,0,0,43280840,0,155,0,2235689012,0,2235689012,0,2080,2218253055,0,27206304,0,0,0,0,0
1785954167051|1001|stream128_f2r_01|rotating|14,1378943233,33558272,43909494,43302949,498909,0,498909,0,10572,0,5286,0,0,0,41362,41362,33771952,0,4096,0,0,0,5286,0,2279705229,0,2279705237,0,0,0,0,0,0,0,0,0,4096,256,131072,4,15|4,0,134217728,262144,512,0,0,0,0,632,0,620,0,158,155,0,1,632,0|16,2345085005,0,0,0,40632320,0,40632320,0,124845,0,0,155,0,0,0,0,0,0,0,7166044,0,0,0,0,0
1785954172063|1001|stream128_f2r_01|fixed|16,1378943233,16777471,50126718,49433831,49557116,49433831,49557116,49433831,47398,47220,47218,47218,0,0,6035,0,1457542200,1454662387,4096,4096,0,0,47219,47219,2623898187,2623898192,2623898203,2623898200,0,0,0,0,0,0,0,0,4096,256,131072,4,15|4,0,134217728,262144,512,0,0,0,0,720,0,708,0,180,177,0,1,720,0|18,3352598568,0,46589184,0,0,0,0,0,49478812,0,177,0,2555032211,0,2555032211,0,2080,2535873583,0,30081736,0,0,0,0,0
1785954172063|1001|stream128_f2r_01|rotating|16,1378943233,33558272,50195232,49501592,570356,0,570356,0,12086,0,6043,0,0,0,47283,47283,38608336,0,4096,0,0,0,6043,0,2600718006,0,2600718014,0,0,0,0,0,0,0,0,0,4096,256,131072,4,15|4,0,134217728,262144,512,0,0,0,0,720,0,708,0,180,177,0,1,720,0|18,2665902361,0,0,0,46399488,0,46399488,0,142682,0,0,177,0,0,0,0,0,0,0,7212973,0,0,0,0,0
1785954177077|1001|stream128_f2r_01|fixed|18,1378943233,16777471,56407324,55629894,55766370,55629894,55766370,55629894,53343,53143,53141,53141,0,0,6791,0,1640364600,1637126779,4096,4096,0,0,53142,53142,2944842226,2944842207,2944842234,2944842215,0,0,0,0,0,0,0,0,4096,256,131072,4,15|4,0,134217728,262144,512,0,0,0,0,808,0,796,0,202,199,0,1,808,0|20,3673631789,0,52427488,0,0,0,0,0,55674817,0,199,0,2874605856,0,2874605856,0,2048,2853728389,0,32953336,0,0,0,0,0
1785954177077|1001|stream128_f2r_01|rotating|18,1378943233,33558272,56472494,55693597,641800,0,641800,0,13600,0,6800,0,0,0,53203,53203,43444800,0,4096,0,0,0,6800,0,2921403170,0,2921403178,0,0,0,0,0,0,0,0,0,4096,256,131072,4,15|4,0,134217728,262144,512,0,0,0,0,812,0,800,0,203,200,0,1,812,0|20,2986825407,0,0,0,52428800,0,52428800,0,160544,0,0,200,0,0,0,0,0,0,0,7258209,0,0,0,0,0
1785954182090|1001|stream128_f2r_01|fixed|20,1378943233,16777471,62685449,61820848,61972957,61820848,61972957,61820848,59285,59062,59060,59060,0,0,7549,0,1823080123,1819466582,4096,4096,0,0,59061,59061,3265707376,3265707381,3265707384,3265707389,0,0,0,0,0,0,0,0,4096,256,131072,4,15|4,0,134217728,262144,512,0,0,0,0,900,0,888,0,225,222,0,1,900,0|22,3994181812,0,58251296,0,0,0,0,0,61859261,0,222,0,3193699927,0,3193699927,0,2080,3170976219,0,35944647,0,0,0,0,0
1785954182090|1001|stream128_f2r_01|rotating|20,1378943233,33558272,62759576,61894220,713250,0,713250,0,15114,0,7557,0,0,0,59130,59130,48281256,0,4096,0,0,0,7557,0,3242528551,0,3242528559,0,0,0,0,0,0,0,0,0,4096,256,131072,4,15|4,0,134217728,262144,512,0,0,0,0,900,0,888,0,225,222,0,1,900,0|22,3308688665,0,0,0,58195968,0,58195968,0,178454,0,0,222,0,0,0,0,0,0,0,7304705,0,0,0,0,0
1785954187102|1001|stream128_f2r_01|fixed|22,1378943233,16777471,68961559,68009722,68177711,68009722,68177711,68009722,65223,64979,64976,64976,0,0,8305,0,2005680483,2001709304,4096,4096,0,0,64977,64977,3586259317,3586259354,3586259325,3586259322,0,0,0,0,0,0,0,0,4096,256,131072,4,15|4,0,134217728,262144,512,0,0,0,0,988,0,976,0,247,244,0,1,988,0|24,20777565,1,64097504,0,0,0,0,0,68067752,0,244,0,3513801424,0,3513801424,0,2080,3489369226,0,38807595,0,0,0,0,0
1785954187102|1001|stream128_f2r_01|rotating|22,1378943233,33558272,69055838,68102780,784888,0,784888,0,16632,0,8316,0,0,0,65065,65065,53130448,0,4096,0,0,0,8316,0,3564388388,0,3564388396,0,0,0,0,0,0,0,0,0,4096,256,131072,4,15|4,0,134217728,262144,512,0,0,0,0,988,0,976,0,247,244,0,1,988,0|24,3630385498,0,0,0,63963136,0,63963136,0,196363,0,0,244,0,0,0,0,0,0,0,7349932,0,0,0,0,0
1785954192107|1001|stream128_f2r_01|fixed|24,1378943233,16777471,75241188,74202193,74386080,74202193,74386080,74202193,71160,70894,70891,70891,0,0,9060,0,2188271955,2183942176,4096,4096,0,0,70892,70892,3906798219,3906798224,3906798227,3906798208,0,0,0,0,0,0,0,0,4096,256,131072,4,15|4,0,134217728,262144,512,0,0,0,0,1076,0,1064,0,269,266,0,1,1076,0|26,340544790,1,69912096,0,0,0,0,0,74244836,0,266,0,3832115001,0,3832115001,0,2080,3805955477,0,41682591,0,0,0,0,0
1785954192107|1001|stream128_f2r_01|rotating|24,1378943233,33558272,75328332,74288217,856144,0,856144,0,18142,0,9071,0,0,0,70973,70973,57954040,0,4096,0,0,0,9071,0,3884541236,0,3884541244,0,0,0,0,0,0,0,0,0,4096,256,131072,4,15|4,0,134217728,262144,512,0,0,0,0,1076,0,1064,0,269,266,0,1,1076,0|26,3950253477,0,0,0,69730304,0,69730304,0,214153,0,0,266,0,0,0,0,0,0,0,7399417,0,0,0,0,0
1785954197115|1001|stream128_f2r_01|fixed|26,1378943233,16778188,81517319,80390856,80590858,80390856,80590858,80390856,77093,76805,76803,76803,0,0,9816,0,2370749104,2366060512,4096,4096,0,0,76803,76803,4227134731,4227135056,4227134739,4227135064,0,0,0,0,0,0,0,0,4096,256,131072,4,15|4,0,134217728,262144,512,0,0,0,0,1164,0,1152,0,291,288,0,1,1164,0|28,660883286,1,75742496,0,0,0,0,0,80433773,0,288,0,4150995897,0,4150995897,0,2080,4123106289,0,44563739,0,0,0,0,0
1785954197115|1001|stream128_f2r_01|rotating|26,1378943233,33558272,81592697,80464671,927401,0,927401,0,19652,0,9826,0,0,0,76874,76874,62777736,0,4096,0,0,0,9826,0,4204376424,0,4204376432,0,0,0,0,0,0,0,0,0,4096,256,131072,4,15|4,0,134217728,262144,512,0,0,0,0,1168,0,1156,0,292,289,0,1,1168,0|28,4269580576,0,0,0,75759616,0,75759616,0,231945,0,0,289,0,0,0,0,0,0,0,7457170,0,0,0,0,0
1785954202119|1001|stream128_f2r_01|fixed|28,1378943233,16781056,87791385,86578974,86793576,86578974,86793576,86578974,83029,82719,82717,82717,0,0,10572,0,2553301920,2548254632,4096,4096,0,0,82717,82717,252633619,252633952,252633627,252633960,0,0,0,0,0,0,0,0,4096,256,131072,4,15|4,0,134217728,262144,512,0,0,0,0,1256,0,1244,0,314,311,0,1,1256,0|30,981135516,1,81566304,0,0,0,0,0,86613708,0,311,0,174824879,1,174824879,1,2080,145085812,1,47558268,0,0,0,0,0
1785954202119|1001|stream128_f2r_01|rotating|28,1378943233,33558272,87849775,86636092,998473,0,998473,0,21158,0,10579,0,0,0,82772,82772,67588608,0,4096,0,0,0,10579,0,228818659,0,228818667,0,0,0,0,0,0,0,0,0,4096,256,131072,4,15|4,0,134217728,262144,512,0,0,0,0,1256,0,1244,0,314,311,0,1,1256,0|30,294600844,1,0,0,81526784,0,81526784,0,249736,0,0,311,0,0,0,0,0,0,0,7500597,0,0,0,0,0
1785954207123|1001|stream128_f2r_01|fixed|30,1378943233,16781056,94063151,92763581,92994080,92763581,92994080,92763581,88960,88627,88625,88625,0,0,11327,0,2735669080,2730247024,4096,4096,0,0,88625,88625,572912801,572913134,572912809,572913142,0,0,0,0,0,0,0,0,4096,256,131072,4,15|4,0,134217728,262144,512,0,0,0,0,1344,0,1332,0,336,333,0,1,1344,0|32,1300620871,1,87372992,0,0,0,0,0,92785578,0,333,0,492858562,1,492858562,1,2080,461387685,1,50436051,0,0,0,0,0
1785954207123|1001|stream128_f2r_01|rotating|30,1378943233,33558033,94115236,92815023,1069734,0,1069734,0,22668,0,11334,0,0,0,88674,88674,72409697,0,4096,0,0,0,11334,0,548974285,0,548974293,0,0,0,0,0,0,0,0,0,4096,256,131072,4,15|4,0,134217728,262144,512,0,0,0,0,1344,0,1332,0,336,333,0,1,1344,0|32,614238370,1,0,0,87293952,0,87293952,0,267527,0,0,333,0,0,0,0,0,0,0,7535720,0,0,0,0,0
1785954212130|1001|stream128_f2r_01|fixed|32,1378943233,16777471,100336632,98950659,99196206,98950659,99196206,98950659,94892,94537,94534,94534,0,0,12083,0,2918075256,2912292731,4096,4096,0,0,94535,94535,893149663,893149660,893149671,893149668,0,0,0,0,0,0,0,0,4096,256,131072,4,15|4,0,134217728,262144,512,0,0,0,0,1432,0,1420,0,358,355,0,1,1432,0|34,1621723809,1,93211296,0,0,0,0,0,98989658,0,355,0,812501924,1,812501924,1,2080,779306101,1,53313758,0,0,0,0,0
1785954212130|1001|stream128_f2r_01|rotating|32,1378943233,33558272,100403037,99016469,1141087,0,1141087,0,24180,0,12090,0,0,0,94597,94597,77242312,0,4096,0,0,0,12090,0,869559623,0,869559631,0,0,0,0,0,0,0,0,0,4096,256,131072,4,15|4,0,134217728,262144,512,0,0,0,0,1432,0,1420,0,358,355,0,1,1432,0|34,935431216,1,0,0,93061120,0,93061120,0,285413,0,0,355,0,0,0,0,0,0,0,7571980,0,0,0,0,0
1785954217134|1001|stream128_f2r_01|fixed|34,1378943233,16777471,106615850,105142549,105404165,105142549,105404165,105142549,100828,100452,100448,100448,0,0,12838,0,3100631082,3094489981,4096,4096,0,0,100449,100449,1213637989,1213638010,1213637997,1213638018,0,0,0,0,0,0,0,0,4096,256,131072,4,15|4,0,134217728,262144,512,0,0,0,0,1520,0,1508,0,380,377,0,1,1520,0|36,1943966543,1,99073312,0,0,0,0,0,105215684,0,377,0,1133279154,1,1133279154,1,2048,1098357457,1,56197484,0,0,0,0,0
1785954217134|1001|stream128_f2r_01|rotating|34,1378943233,33558272,106725741,105250464,1213002,0,1213002,0,25704,0,12852,0,0,0,100552,100552,82110672,0,4096,0,0,0,12852,0,1192405779,0,1192405787,0,0,0,0,0,0,0,0,0,4096,256,131072,4,15|4,0,134217728,262144,512,0,0,0,0,1524,0,1512,0,381,378,0,1,1524,0|36,1258662798,1,0,0,99090432,0,99090432,0,303392,0,0,378,0,0,0,0,0,0,0,7612511,0,0,0,0,0
1785954222135|1001|stream128_f2r_01|fixed|36,1378943233,16777471,112882013,111321980,111599072,111321980,111599072,111321980,106753,106355,106351,106351,0,0,13593,0,3282860160,3276360187,4096,4096,0,0,106352,106352,1533543827,1533543816,1533543835,1533543824,0,0,0,0,0,0,0,0,4096,256,131072,4,15|4,0,134217728,262144,512,0,0,0,0,1612,0,1600,0,403,400,0,1,1612,0|38,2265568019,1,104920832,0,0,0,0,0,111424945,0,400,0,1453418750,1,1453418750,1,2080,1416642443,1,59202255,0,0,0,0,0
1785954222135|1001|stream128_f2r_01|rotating|36,1378943233,33558272,113057196,111494339,1284926,0,1284926,0,27228,0,13614,0,0,0,106517,106517,86979048,0,4096,0,0,0,13614,0,1515693461,0,1515693469,0,0,0,0,0,0,0,0,0,4096,256,131072,4,15|4,0,134217728,262144,512,0,0,0,0,1612,0,1600,0,403,400,0,1,1612,0|38,1582357801,1,0,0,104857600,0,104857600,0,321420,0,0,400,0,0,0,0,0,0,0,7659197,0,0,0,0,0
1785954227138|1001|stream128_f2r_01|fixed|38,1378943233,16777471,119152266,117504348,117798068,117504348,117798068,117504348,112683,112262,112258,112258,0,0,14348,0,3465174011,3458298446,4096,4096,0,0,112259,112259,1853727227,1853727264,1853727243,1853727272,0,0,0,0,0,0,0,0,4096,256,131072,4,15|4,0,134217728,262144,512,0,0,0,0,1700,0,1688,0,425,422,0,1,1700,0|40,2583956304,1,110711712,0,0,0,0,0,117575484,0,422,0,1770359315,1,1770359315,1,2080,1731859292,1,62068550,0,0,0,0,0
1785954227138|1001|stream128_f2r_01|rotating|38,1378943233,33558272,119269942,117620785,1355524,0,1355524,0,28724,0,14362,0,0,0,112369,112369,91757976,0,4096,0,0,0,14362,0,1832829235,0,1832829243,0,0,0,0,0,0,0,0,0,4096,256,131072,4,15|4,0,134217728,262144,512,0,0,0,0,1700,0,1688,0,425,422,0,1,1700,0|40,1899334215,1,0,0,110624768,0,110624768,0,339046,0,0,422,0,0,0,0,0,0,0,7701878,0,0,0,0,0
1785954232168|1001|stream128_f2r_01|fixed|40,1378943233,16777471,125461122,123725665,124035284,123725665,124035284,123725665,118646,118203,118200,118200,0,0,15107,0,3648585869,3641351344,4096,4096,0,0,118200,118200,2175679080,2175679389,2175679088,2175679405,0,0,0,0,0,0,0,0,4096,256,131072,4,15|4,0,134217728,262144,512,0,0,0,0,1788,0,1776,0,447,444,0,1,1788,0|42,2904507372,1,116542112,0,0,0,0,0,123768848,0,444,0,2089452783,1,2089452783,1,2080,2049234303,1,64938071,0,0,0,0,0
1785954232168|1001|stream128_f2r_01|rotating|40,1378943233,33558272,125536359,123799992,1426688,0,1426688,0,30232,0,15116,0,0,0,118270,118270,96575248,0,4096,0,0,0,15116,0,2152546843,0,2152546851,0,0,0,0,0,0,0,0,0,4096,256,131072,4,15|4,0,134217728,262144,512,0,0,0,0,1788,0,1776,0,447,444,0,1,1788,0|42,2217816127,1,0,0,116391936,0,116391936,0,356766,0,0,444,0,0,0,0,0,0,0,7743215,0,0,0,0,0
1785954237183|1001|stream128_f2r_01|fixed|42,1378943233,16777471,131753362,129932301,130255981,129932301,130255981,129932301,124596,124132,124127,124127,0,0,15865,0,3831554848,3823961968,4096,4096,0,0,124128,124128,2496884340,2496884329,2496884300,2496884281,0,0,0,0,0,0,0,0,4096,256,131072,4,15|4,0,134217728,262144,512,0,0,0,0,1876,0,1864,0,469,466,0,1,1876,0|44,3225602476,1,122380416,0,0,0,0,0,129972189,0,466,0,2409088311,1,2409088311,1,2080,2367150226,1,67810437,0,0,0,0,0
1785954237183|1001|stream128_f2r_01|rotating|42,1378943233,33558272,131819508,129997713,1498131,0,1498131,0,31746,0,15873,0,0,0,124189,124189,101411640,0,4096,0,0,0,15873,0,2473556627,0,2473556635,0,0,0,0,0,0,0,0,0,4096,256,131072,4,15|4,0,134217728,262144,512,0,0,0,0,1876,0,1868,0,470,467,0,1,1880,0|44,2538793164,1,0,0,122421248,0,122421248,0,374650,0,0,467,0,0,0,0,0,0,0,7796749,0,0,0,0,0
1785954242186|1001|stream128_f2r_01|fixed|44,1378943233,16777471,138023209,136115144,136454574,136115144,136454574,136115144,130523,130037,130032,130032,0,0,16620,0,4013824880,4005873018,4096,4096,0,0,130033,130033,2816866166,2816866139,2816866126,2816866147,0,0,0,0,0,0,0,0,4096,256,131072,4,15|4,0,134217728,262144,512,0,0,0,0,1968,0,1956,0,492,489,0,1,1968,0|46,3545695350,1,128196320,0,0,0,0,0,136153802,0,489,0,2727727209,1,2727727209,1,2080,2683928760,1,70814174,0,0,0,0,0
1785954242186|1001|stream128_f2r_01|rotating|44,1378943233,33558272,138095947,136186390,1569485,0,1569485,0,33258,0,16629,0,0,0,130100,130100,106241680,0,4096,0,0,0,16629,0,2793940830,0,2793940838,0,0,0,0,0,0,0,0,0,4096,256,131072,4,15|4,0,134217728,262144,512,0,0,0,0,1968,0,1956,0,492,489,0,1,1968,0|46,2859535600,1,0,0,128188416,0,128188416,0,392489,0,0,489,0,0,0,0,0,0,0,7843383,0,0,0,0,0
1785954247188|1001|stream128_f2r_01|fixed|46,1378943233,16781056,144292794,142296821,142652901,142296821,142652901,142296821,136451,135942,135938,135938,0,0,17375,0,4196122984,4187797304,4096,4096,0,0,135938,135938,3137005654,3137005979,3137005662,3137005987,0,0,0,0,0,0,0,0,4096,256,131072,4,15|4,0,134217728,262144,512,0,0,0,0,2048,0,2044,0,512,511,0,1,2048,0|48,3865824221,1,134018816,0,0,0,0,0,142338007,0,511,0,3046400456,1,3046400456,1,2080,3000881501,1,73684047,0,0,0,0,0
1785954247188|1001|stream128_f2r_01|rotating|46,1378943233,33558272,144368004,142370990,1640746,0,1640746,0,34768,0,17384,0,0,0,136008,136008,111065384,0,4096,0,0,0,17384,0,3114088565,0,3114088573,0,0,0,0,0,0,0,0,0,4096,256,131072,4,15|4,0,134217728,262144,512,0,0,0,0,2048,0,2044,0,512,511,0,1,2048,0|48,3179463542,1,0,0,133955584,0,133955584,0,410304,0,0,511,0,0,0,0,0,0,0,7888009,0,0,0,0,0
1785954253145|1002|stream128_f2r_02|fixed|50,1378943233,16777471,6142558,6057522,6072900,6057522,6072900,6057522,5807,5786,5784,5784,0,0,738,0,178558833,178216016,4096,4096,0,0,5785,5785,3518254224,3518254261,3518254232,3518254213,0,0,0,0,0,0,0,0,4096,256,131072,4,15|4,0,134217728,262144,512,0,0,0,0,96,0,84,0,24,21,0,1,96,0|56,4246958412,1,5750048,0,0,0,0,0,6106609,0,21,0,319709517,0,319709517,0,2054,312904532,0,9674168,0,0,0,0,0
1785954253145|1002|stream128_f2r_02|rotating|50,1378943233,33558272,6215946,6129321,70598,0,70598,0,1496,0,748,0,0,0,5853,5853,4778928,0,4096,0,0,0,748,0,3495292514,0,3495292522,0,0,0,0,0,0,0,0,0,4096,256,131072,4,15|4,0,134217728,262144,512,0,0,0,0,100,0,88,0,25,22,0,1,100,0|56,3562227172,1,0,0,5767168,0,5767168,0,17838,0,0,22,0,0,0,0,0,0,0,6893656,0,0,0,0,0
1785954258149|1002|stream128_f2r_02|fixed|52,1378943233,16777471,12414328,12242066,12273322,12242066,12273322,12242066,11739,11696,11694,11694,0,0,1494,0,360993968,360291019,4096,4096,0,0,11695,11695,3838533507,3838533496,3838533475,3838533504,0,0,0,0,0,0,0,0,4096,256,131072,4,15|4,0,134217728,262144,512,0,0,0,0,188,0,176,0,47,44,0,1,188,0|58,272270154,2,11573856,0,0,0,0,0,12287770,0,44,0,638532603,0,638532603,0,2080,629853272,0,12693584,0,0,0,0,0
1785954258149|1002|stream128_f2r_02|rotating|52,1378943233,33558272,12486084,12312312,141858,0,141858,0,3006,0,1503,0,0,0,11762,11762,9602584,0,4096,0,0,0,1503,0,3815586461,0,3815586469,0,0,0,0,0,0,0,0,0,4096,256,131072,4,15|4,0,134217728,262144,512,0,0,0,0,188,0,176,0,47,44,0,1,188,0|58,3880697282,1,0,0,11534336,0,11534336,0,35559,0,0,44,0,0,0,0,0,0,0,6937332,0,0,0,0,0
1785954263150|1002|stream128_f2r_02|fixed|54,1378943233,16777471,18685508,18425972,18473240,18425972,18473240,18425972,17672,17606,17603,17603,0,0,2249,0,543383368,542304743,4096,4096,0,0,17604,17604,4158865799,4158865788,4158865751,4158865796,0,0,0,0,0,0,0,0,4096,256,131072,4,15|4,0,134217728,262144,512,0,0,0,0,276,0,264,0,69,66,0,1,276,0|60,593133462,2,17412160,0,0,0,0,0,18484947,0,66,0,957936335,0,957936335,0,2080,947521075,0,15582274,0,0,0,0,0
1785954263150|1002|stream128_f2r_02|rotating|54,1378943233,33558272,18799059,18538124,213592,0,213592,0,4526,0,2263,0,0,0,17710,17710,14458200,0,4096,0,0,0,2263,0,4137901847,0,4137901855,0,0,0,0,0,0,0,0,0,4096,256,131072,4,15|4,0,134217728,262144,512,0,0,0,0,276,0,264,0,69,66,0,1,276,0|60,4203875684,1,0,0,17301504,0,17301504,0,53539,0,0,66,0,0,0,0,0,0,0,6990960,0,0,0,0,0
1785954268161|1002|stream128_f2r_02|fixed|56,1378943233,16777471,24967591,24620926,24683873,24620926,24683873,24620926,23611,23523,23520,23520,0,0,3006,0,726036330,724598984,4096,4096,0,0,23521,23521,184557396,184557401,184557404,184557361,0,0,0,0,0,0,0,0,4096,256,131072,4,15|4,0,134217728,262144,512,0,0,0,0,364,0,352,0,91,88,0,1,364,0|62,913151057,2,23226752,0,0,0,0,0,24666607,0,88,0,1276500282,0,1276500282,0,2080,1264344151,0,18470815,0,0,0,0,0
1785954268161|1002|stream128_f2r_02|rotating|56,1378943233,33558272,25051138,24703795,284568,0,284568,0,6030,0,3015,0,0,0,23599,23599,19262648,0,4096,0,0,0,3015,0,161811637,0,161811645,0,0,0,0,0,0,0,0,0,4096,256,131072,4,15|4,0,134217728,262144,512,0,0,0,0,364,0,352,0,91,88,0,1,364,0|62,228157465,2,0,0,23068672,0,23068672,0,71305,0,0,88,0,0,0,0,0,0,0,7036591,0,0,0,0,0
1785954273173|1002|stream128_f2r_02|fixed|58,1378943233,16777471,31249615,30815617,30894543,30815617,30894543,30815617,29550,29439,29436,29436,0,0,3762,0,908652825,906857372,4096,4096,0,0,29437,29437,505155187,505155192,505155203,505155200,0,0,0,0,0,0,0,0,4096,256,131072,4,15|4,0,134217728,262144,512,0,0,0,0,452,0,440,0,113,110,0,1,452,0|64,1233911076,2,29065056,0,0,0,0,0,30863929,0,110,0,1595800725,0,1595800725,0,2080,1581909013,0,21359157,0,0,0,0,0
1785954273173|1002|stream128_f2r_02|rotating|58,1378943233,33558272,31341110,30906071,356009,0,356009,0,7544,0,3772,0,0,0,29523,29523,24099072,0,4096,0,0,0,3772,0,482837384,0,482837392,0,0,0,0,0,0,0,0,0,4096,256,131072,4,15|4,0,134217728,262144,512,0,0,0,0,456,0,444,0,114,111,0,1,456,0|64,548883550,2,0,0,29097984,0,29097984,0,89168,0,0,111,0,0,0,0,0,0,0,7084990,0,0,0,0,0
1785954278177|1002|stream128_f2r_02|fixed|60,1378943233,16777471,37527378,37007088,37101053,37007088,37101053,37007088,35487,35353,35350,35350,0,0,4517,0,1091194395,1089038862,4096,4096,0,0,35351,35351,825626418,825626399,825626426,825626407,0,0,0,0,0,0,0,0,4096,256,131072,4,15|4,0,134217728,262144,512,0,0,0,0,544,0,532,0,136,133,0,1,544,0|66,1554694131,2,34896768,0,0,0,0,0,37057554,0,133,0,1915125852,0,1915125852,0,2080,1899361966,0,24378098,0,0,0,0,0
1785954278177|1002|stream128_f2r_02|rotating|60,1378943233,33558272,37617429,37095245,427459,0,427459,0,9058,0,4529,0,0,0,35435,35435,28935520,0,4096,0,0,0,4529,0,803666580,0,803666588,0,0,0,0,0,0,0,0,0,4096,256,131072,4,15|4,0,134217728,262144,512,0,0,0,0,544,0,532,0,136,133,0,1,544,0|66,868936790,2,0,0,34865152,0,34865152,0,106959,0,0,133,0,0,0,0,0,0,0,7129636,0,0,0,0,0
1785954283190|1002|stream128_f2r_02|fixed|62,1378943233,16777471,43807212,43198939,43309438,43198939,43309438,43198939,41424,41267,41264,41264,0,0,5274,0,1273762880,1271231459,4096,4096,0,0,41265,41265,1146259490,1146259519,1146259506,1146259527,0,0,0,0,0,0,0,0,4096,256,131072,4,15|4,0,134217728,262144,512,0,0,0,0,632,0,620,0,158,155,0,1,632,0|68,1875019258,2,40719264,0,0,0,0,0,43246088,0,155,0,2233995355,0,2233995355,0,2080,2216492865,0,27266069,0,0,0,0,0
1785954283190|1002|stream128_f2r_02|rotating|62,1378943233,33558272,43884831,43275739,498626,0,498626,0,10566,0,5283,0,0,0,41338,41338,33752784,0,4096,0,0,0,5283,0,1123402619,0,1123402635,0,0,0,0,0,0,0,0,0,4096,256,131072,4,15|4,0,134217728,262144,512,0,0,0,0,632,0,620,0,158,155,0,1,632,0|68,1190197806,2,0,0,40632320,0,40632320,0,124845,0,0,155,0,0,0,0,0,0,0,7174850,0,0,0,0,0
1785954288198|1002|stream128_f2r_02|fixed|64,1378943233,16781056,50086496,49390762,49517366,49390762,49517366,49390762,47360,47181,47179,47179,0,0,6030,0,1456325064,1453434760,4096,4096,0,0,47179,47179,1466752793,1466753134,1466752801,1466753142,0,0,0,0,0,0,0,0,4096,256,131072,4,15|4,0,134217728,262144,512,0,0,0,0,720,0,708,0,180,177,0,1,720,0|70,2195540504,2,46549664,0,0,0,0,0,49438941,0,177,0,2553059001,0,2553059001,0,2080,2533820234,0,30153410,0,0,0,0,0
1785954288198|1002|stream128_f2r_02|rotating|64,1378943233,33558272,50165537,49468735,569980,0,569980,0,12078,0,6039,0,0,0,47253,47253,38582816,0,4096,0,0,0,6039,0,1443997598,0,1443997606,0,0,0,0,0,0,0,0,0,4096,256,131072,4,15|4,0,134217728,262144,512,0,0,0,0,720,0,708,0,180,177,0,1,720,0|70,1509080223,2,0,0,46399488,0,46399488,0,142589,0,0,177,0,0,0,0,0,0,0,7218235,0,0,0,0,0
1785954293211|1002|stream128_f2r_02|fixed|66,1378943233,16777471,56371831,55591137,55731348,55591137,55731348,55591137,53304,53103,53100,53100,0,0,6786,0,1639102130,1635852064,4096,4096,0,0,53101,53101,1787644713,1787644742,1787644721,1787644718,0,0,0,0,0,0,0,0,4096,256,131072,4,15|4,0,134217728,262144,512,0,0,0,0,808,0,796,0,202,199,0,1,808,0|72,2516513277,2,52387968,0,0,0,0,0,55639229,0,199,0,2872572198,0,2872572198,0,2080,2851598344,0,33041258,0,0,0,0,0
1785954293211|1002|stream128_f2r_02|rotating|66,1378943233,33558272,56448910,55667218,641328,0,641328,0,13590,0,6795,0,0,0,53172,53172,43412832,0,4096,0,0,0,6795,0,1764593097,0,1764593105,0,0,0,0,0,0,0,0,0,4096,256,131072,4,15|4,0,134217728,262144,512,0,0,0,0,812,0,800,0,203,200,0,1,812,0|72,1831783040,2,0,0,52428800,0,52428800,0,160544,0,0,200,0,0,0,0,0,0,0,7255802,0,0,0,0,0
1785954298241|1002|stream128_f2r_02|fixed|68,1378943233,16777471,62727472,61858913,62014695,61858913,62014695,61858913,59313,59089,59086,59086,0,0,7552,0,1823887144,1820262568,4096,4096,0,0,59087,59087,2112140740,2112140777,2112140756,2112140737,0,0,0,0,0,0,0,0,4096,256,131072,4,15|4,0,134217728,262144,512,0,0,0,0,900,0,888,0,225,222,0,1,900,0|74,2841067132,2,58282912,0,0,0,0,0,61907241,0,222,0,3195652317,0,3195652317,0,2080,3172819044,0,36061020,0,0,0,0,0
1785954298241|1002|stream128_f2r_02|rotating|68,1378943233,33558272,62805356,61935937,713629,0,713629,0,15122,0,7561,0,0,0,59160,59160,48306792,0,4096,0,0,0,7561,0,2089291001,0,2089291017,0,0,0,0,0,0,0,0,0,4096,256,131072,4,15|4,0,134217728,262144,512,0,0,0,0,900,0,888,0,225,222,0,1,900,0|74,2155674398,2,0,0,58195968,0,58195968,0,178572,0,0,222,0,0,0,0,0,0,0,7298951,0,0,0,0,0
1785954303252|1002|stream128_f2r_02|fixed|70,1378943233,16777471,68959182,68005352,68175618,68005352,68175618,68005352,65205,64959,64956,64956,0,0,8302,0,2005083424,2001100211,4096,4096,0,0,64957,64957,2430266530,2430266535,2430266538,2430266543,0,0,0,0,0,0,0,0,4096,256,131072,4,15|4,0,134217728,262144,512,0,0,0,0,988,0,976,0,247,244,0,1,988,0|76,3159132469,2,64065888,0,0,0,0,0,68051571,0,244,0,3512271910,0,3512271910,0,2080,3487690822,0,38949717,0,0,0,0,0
1785954303252|1002|stream128_f2r_02|rotating|70,1378943233,33558272,69055134,68100103,784605,0,784605,0,16626,0,8313,0,0,0,65047,65047,53111288,0,4096,0,0,0,8313,0,2408168292,0,2408168300,0,0,0,0,0,0,0,0,0,4096,256,131072,4,15|4,0,134217728,262144,512,0,0,0,0,988,0,976,0,247,244,0,1,988,0|76,2475329188,2,0,0,63963136,0,63963136,0,196363,0,0,244,0,0,0,0,0,0,0,7347836,0,0,0,0,0
1785954308274|1002|stream128_f2r_02|fixed|72,1378943233,16777471,75256687,74214934,74401579,74214934,74401579,74214934,71159,70891,70888,70888,0,0,9060,0,2188188584,2183847448,4096,4096,0,0,70889,70889,2751717654,2751717651,2751717630,2751717627,0,0,0,0,0,0,0,0,4096,256,131072,4,15|4,0,134217728,262144,512,0,0,0,0,1076,0,1064,0,269,266,0,1,1076,0|78,3480465409,2,69912096,0,0,0,0,0,74259238,0,266,0,3832143298,0,3832143298,0,2080,3805828182,0,41838203,0,0,0,0,0
1785954308274|1002|stream128_f2r_02|rotating|72,1378943233,33558272,75348388,74305637,856144,0,856144,0,18142,0,9071,0,0,0,70975,70975,57954040,0,4096,0,0,0,9071,0,2729623934,0,2729623942,0,0,0,0,0,0,0,0,0,4096,256,131072,4,15|4,0,134217728,262144,512,0,0,0,0,1076,0,1064,0,269,266,0,1,1076,0|78,2795541545,2,0,0,69992448,0,69992448,0,214200,0,0,267,0,0,0,0,0,0,0,7395051,0,0,0,0,0
1785954313287|1002|stream128_f2r_02|fixed|74,1378943233,16777471,81545605,80415741,80619050,80415741,80619050,80415741,77104,76814,76811,76811,0,0,9817,0,2371027583,2366327882,4096,4096,0,0,76812,76812,3072699961,3072699998,3072699969,3072700006,0,0,0,0,0,0,0,0,4096,256,131072,4,15|4,0,134217728,262144,512,0,0,0,0,1164,0,1152,0,291,288,0,1,1164,0|80,3802161235,2,75759616,0,0,0,0,0,80473929,0,289,0,4152377244,0,4152377244,0,2080,4124327936,0,44726902,0,0,0,0,0
1785954313287|1002|stream128_f2r_02|rotating|74,1378943233,33558272,81634798,80503278,927590,0,927590,0,19656,0,9828,0,0,0,76895,76895,62790496,0,4096,0,0,0,9828,0,3050454218,0,3050454226,0,0,0,0,0,0,0,0,0,4096,256,131072,4,15|4,0,134217728,262144,512,0,0,0,0,1168,0,1156,0,292,289,0,1,1168,0|80,3115842567,2,0,0,75759616,0,75759616,0,232015,0,0,289,0,0,0,0,0,0,0,7443314,0,0,0,0,0
1785954318294|1002|stream128_f2r_02|fixed|76,1378943233,16777471,87816195,86599840,86818386,86599840,86818386,86599840,83037,82726,82722,82722,0,0,10572,0,2553479372,2548421495,4096,4096,0,0,82723,82723,3393016151,3393016124,3393016159,3393016140,0,0,0,0,0,0,0,0,4096,256,131072,4,15|4,0,134217728,262144,512,0,0,0,0,1256,0,1244,0,314,311,0,1,1256,0|82,4122521825,2,81590016,0,0,0,0,0,86655934,0,311,0,176312938,1,176312938,1,2080,146390566,1,47746684,0,0,0,0,0
1785954318294|1002|stream128_f2r_02|rotating|76,1378943233,33558272,87907208,86689071,998946,0,998946,0,21168,0,10584,0,0,0,82808,82808,67620584,0,4096,0,0,0,10584,0,3371050336,0,3371050344,0,0,0,0,0,0,0,0,0,4096,256,131072,4,15|4,0,134217728,262144,512,0,0,0,0,1256,0,1244,0,314,311,0,1,1256,0|82,3437105340,2,0,0,81526784,0,81526784,0,249878,0,0,311,0,0,0,0,0,0,0,7486273,0,0,0,0,0
1785954323303|1002|stream128_f2r_02|fixed|78,1378943233,16781056,94096568,92792954,93027309,92792954,93027309,92792954,88976,88642,88639,88639,0,0,11329,0,2736111680,2730678824,4096,4096,0,0,88639,88639,3713756002,3713756335,3713756010,3713756343,0,0,0,0,0,0,0,0,4096,256,131072,4,15|4,0,134217728,262144,512,0,0,0,0,1344,0,1332,0,336,333,0,1,1344,0|84,146470814,3,87388800,0,0,0,0,0,92816013,0,333,0,493779527,1,493779527,1,2080,462113238,1,50634877,0,0,0,0,0
1785954323303|1002|stream128_f2r_02|rotating|78,1378943233,33558272,94163288,92859087,1070017,0,1070017,0,22674,0,11337,0,0,0,88701,88701,72431424,0,4096,0,0,0,11337,0,3690356856,0,3690356864,0,0,0,0,0,0,0,0,0,4096,256,131072,4,15|4,0,134217728,262144,512,0,0,0,0,1344,0,1332,0,336,333,0,1,1344,0|84,3755414515,2,0,0,87293952,0,87293952,0,267598,0,0,333,0,0,0,0,0,0,0,7524911,0,0,0,0,0
1785954328304|1002|stream128_f2r_02|fixed|80,1378943233,16777471,100364127,98973856,99223606,98973856,99223606,98973856,94902,94547,94542,94542,0,0,12084,0,2918335672,2912543117,4096,4096,0,0,94543,94543,4033673970,4033673951,4033673954,4033673959,0,0,0,0,0,0,0,0,4096,256,131072,4,15|4,0,134217728,262144,512,0,0,0,0,1432,0,1420,0,358,355,0,1,1432,0|86,467283052,3,93219200,0,0,0,0,0,99014539,0,355,0,813134165,1,813134165,1,2080,779741238,1,53512579,0,0,0,0,0
1785954328304|1002|stream128_f2r_02|rotating|80,1378943233,33558272,100434640,99043682,1141277,0,1141277,0,24184,0,12092,0,0,0,94608,94608,77255072,0,4096,0,0,0,12092,0,4010512433,0,4010512441,0,0,0,0,0,0,0,0,0,4096,256,131072,4,15|4,0,134217728,262144,512,0,0,0,0,1432,0,1420,0,358,355,0,1,1432,0|86,4075890581,2,0,0,93061120,0,93061120,0,285436,0,0,355,0,0,0,0,0,0,0,7573476,0,0,0,0,0
1785954333309|1002|stream128_f2r_02|fixed|82,1378943233,16777471,106643048,105166713,105431268,105166713,105431268,105166713,100838,100461,100456,100456,0,0,12839,0,3100897162,3094745605,4096,4096,0,0,100457,100457,59190814,59190803,59190822,59190811,0,0,0,0,0,0,0,0,4096,256,131072,4,15|4,0,134217728,262144,512,0,0,0,0,1520,0,1508,0,380,377,0,1,1520,0|88,787743302,3,99049600,0,0,0,0,0,105206077,0,377,0,1132136815,1,1132136815,1,2080,1097021660,1,56385871,0,0,0,0,0
1785954333309|1002|stream128_f2r_02|rotating|82,1378943233,33558272,106714759,105237636,1212624,0,1212624,0,25696,0,12848,0,0,0,100524,100524,82085096,0,4096,0,0,0,12848,0,36126083,0,36126091,0,0,0,0,0,0,0,0,0,4096,256,131072,4,15|4,0,134217728,262144,512,0,0,0,0,1524,0,1512,0,381,378,0,1,1524,0|88,102016890,3,0,0,99090432,0,99090432,0,303297,0,0,378,0,0,0,0,0,0,0,7625040,0,0,0,0,0
1785954338316|1002|stream128_f2r_02|fixed|84,1378943233,16777471,112920683,111356928,111637555,111356928,111637555,111356928,106774,106375,106370,106370,0,0,13595,0,3283452099,3276939446,4096,4096,0,0,106371,106371,379664208,379664189,379664216,379664197,0,0,0,0,0,0,0,0,4096,256,131072,4,15|4,0,134217728,262144,512,0,0,0,0,1612,0,1600,0,403,400,0,1,1612,0|90,1108126270,3,104873408,0,0,0,0,0,111391279,0,400,0,1451063831,1,1451063831,1,2080,1414090205,1,59389412,0,0,0,0,0
1785954338316|1002|stream128_f2r_02|rotating|84,1378943233,33558272,112982488,111417445,1283884,0,1283884,0,27206,0,13603,0,0,0,106429,106429,86908744,0,4096,0,0,0,13603,0,356080348,0,356080356,0,0,0,0,0,0,0,0,0,4096,256,131072,4,15|4,0,134217728,262144,512,0,0,0,0,1612,0,1600,0,403,400,0,1,1612,0|90,421452127,3,0,0,104857600,0,104857600,0,321089,0,0,400,0,0,0,0,0,0,0,7668691,0,0,0,0,0
1785954343318|1002|stream128_f2r_02|fixed|86,1378943233,16777471,119191041,117540277,117836559,117540277,117836559,117540277,112703,112281,112276,112276,0,0,14351,0,3465764042,3458876437,4096,4096,0,0,112277,112277,699846921,699846942,699846929,699846950,0,0,0,0,0,0,0,0,4096,256,131072,4,15|4,0,134217728,262144,512,0,0,0,0,1700,0,1688,0,425,422,0,1,1700,0|92,1428379347,3,110695904,0,0,0,0,0,117578305,0,422,0,1769861284,1,1769861284,1,2080,1731159193,1,62267244,0,0,0,0,0
1785954343318|1002|stream128_f2r_02|rotating|86,1378943233,33558272,119255878,117604529,1355145,0,1355145,0,28716,0,14358,0,0,0,112338,112338,91732448,0,4096,0,0,0,14358,0,676236061,0,676236069,0,0,0,0,0,0,0,0,0,4096,256,131072,4,15|4,0,134217728,262144,512,0,0,0,0,1700,0,1688,0,425,422,0,1,1700,0|92,741578896,3,0,0,110624768,0,110624768,0,338881,0,0,422,0,0,0,0,0,0,0,7714113,0,0,0,0,0
1785954348322|1002|stream128_f2r_02|fixed|88,1378943233,16777471,125462713,123724777,124037065,123724777,124037065,123724777,118632,118188,118183,118183,0,0,15105,0,3648098608,3640851723,4096,4096,0,0,118184,118184,1019948720,1019948733,1019948728,1019948741,0,0,0,0,0,0,0,0,4096,256,131072,4,15|4,0,134217728,262144,512,0,0,0,0,1788,0,1776,0,447,444,0,1,1788,0|94,1747745332,3,116502592,0,0,0,0,0,123748274,0,444,0,2087775597,1,2087775597,1,2080,2047338204,1,65148519,0,0,0,0,0
1785954348322|1002|stream128_f2r_02|rotating|88,1378943233,33558272,125514230,123775600,1426310,0,1426310,0,30224,0,15112,0,0,0,118232,118232,96549688,0,4096,0,0,0,15112,0,995965451,0,995965459,0,0,0,0,0,0,0,0,0,4096,256,131072,4,15|4,0,134217728,262144,512,0,0,0,0,1788,0,1776,0,447,444,0,1,1788,0|94,1061157186,3,0,0,116391936,0,116391936,0,356672,0,0,444,0,0,0,0,0,0,0,7753037,0,0,0,0,0
1785954353329|1002|stream128_f2r_02|fixed|90,1378943233,16777471,131739730,129916296,130242727,129916296,130242727,129916296,124568,124102,124097,124097,0,0,15861,0,3830633288,3823026610,4096,4096,0,0,124098,124098,1340395886,1340395883,1340395862,1340395891,0,0,0,0,0,0,0,0,4096,256,131072,4,15|4,0,134217728,262144,512,0,0,0,0,1876,0,1864,0,469,466,0,1,1876,0|96,2069032487,3,122348800,0,0,0,0,0,129955828,0,466,0,2407601200,1,2407601200,1,2080,2365445450,1,68021334,0,0,0,0,0
1785954353329|1002|stream128_f2r_02|rotating|90,1378943233,33558272,131816042,129991863,1497851,0,1497851,0,31740,0,15870,0,0,0,124169,124168,101392456,0,4096,0,0,0,15870,0,1317405429,0,1317405437,0,0,0,0,0,0,0,0,0,4096,256,131072,4,15|5,0,134217728,262144,512,0,0,0,0,1880,0,1868,0,470,467,0,1,1880,0|96,1384210892,3,0,0,122421248,0,122421248,0,374650,0,0,467,0,0,0,0,0,0,0,7797790,0,0,0,0,0
1785954358343|1002|stream128_f2r_02|fixed|92,1378943233,16781056,138044764,136133593,136476129,136133593,136476129,136133593,130527,130040,130035,130035,0,0,16620,0,4013926216,4005957808,4096,4096,0,0,130035,130035,1662136140,1662136481,1662136148,1662136489,0,0,0,0,0,0,0,0,4096,256,131072,4,15|4,0,134217728,262144,512,0,0,0,0,1968,0,1956,0,492,489,0,1,1968,0|98,2390838179,3,128196320,0,0,0,0,0,136170781,0,489,0,2727945012,1,2727945012,1,2080,2683935586,1,71025171,0,0,0,0,0
1785954358343|1002|stream128_f2r_02|rotating|92,1378943233,33558272,138123357,136210666,1569580,0,1569580,0,33260,0,16630,0,0,0,130109,130109,106248080,0,4096,0,0,0,16630,0,1639508864,0,1639508872,0,0,0,0,0,0,0,0,0,4096,256,131072,4,15|4,0,134217728,262144,512,0,0,0,0,1968,0,1956,0,492,489,0,1,1968,0|98,1705400098,3,0,0,128188416,0,128188416,0,392537,0,0,489,0,0,0,0,0,0,0,7833329,0,0,0,0,0
1785954363348|1002|stream128_f2r_02|fixed|94,1378943233,16777471,144300552,142302738,142660753,142302738,142660753,142302738,136445,135934,135928,135928,0,0,17374,0,4195840600,4187496355,4096,4096,0,0,135929,135929,1981639390,1981639363,1981639358,1981639371,0,0,0,0,0,0,0,0,4096,256,131072,4,15|4,0,134217728,262144,512,0,0,0,0,2048,0,2044,0,512,511,0,1,2048,0|100,2710342169,3,134010912,0,0,0,0,0,142342983,0,511,0,3045995354,1,3045995354,1,2080,3000259263,1,73899506,0,0,0,0,0
1785954363348|1002|stream128_f2r_02|rotating|94,1378943233,33558272,144377868,142379100,1640651,0,1640651,0,34766,0,17383,0,0,0,136001,136001,111058992,0,4096,0,0,0,17383,0,1958801534,0,1958801542,0,0,0,0,0,0,0,0,0,4096,256,131072,4,15|4,0,134217728,262144,512,0,0,0,0,2048,0,2044,0,512,511,0,1,2048,0|100,2024269036,3,0,0,133955584,0,133955584,0,410281,0,0,511,0,0,0,0,0,0,0,7887002,0,0,0,0,0
1785954369318|1003|stream128_f2r_03|fixed|98,1378943233,16777471,6164329,6080479,6094390,6080479,6094390,6080479,5829,5807,5806,5806,0,0,741,0,179229124,178885232,4096,4096,0,0,5807,5807,2363771851,2363771872,2363771859,2363771840,0,0,0,0,0,0,0,0,4096,256,131072,4,15|4,0,134217728,262144,512,0,0,0,0,100,0,88,0,25,22,0,1,100,0|108,3094813023,3,5814592,0,0,0,0,0,6172063,0,22,0,323183792,0,323183792,0,2080,316272371,0,9789873,0,0,0,0,0
1785954369318|1003|stream128_f2r_03|rotating|98,1378943233,33558272,6294345,6208397,71450,0,71450,0,1514,0,757,0,0,0,5929,5929,4836456,0,4096,0,0,0,757,0,2343639308,0,2343639316,0,0,0,0,0,0,0,0,0,4096,256,131072,4,15|4,0,134217728,262144,512,0,0,0,0,100,0,88,0,25,22,0,1,100,0|108,2413525353,3,0,0,5767168,0,5767168,0,18216,0,0,22,0,0,0,0,0,0,0,6894325,0,0,0,0,0
1785954374364|1003|stream128_f2r_03|fixed|100,1378943233,16781056,12487269,12315408,12345411,12315408,12345411,12315408,11811,11766,11766,11766,0,0,1503,0,363194272,362474216,4096,4096,0,0,11766,11766,2686811704,2686812069,2686811720,2686812077,0,0,0,0,0,0,0,0,4096,256,131072,4,15|4,0,134217728,262144,512,0,0,0,0,188,0,176,0,47,44,0,1,188,0|110,3417125214,3,11676608,0,0,0,0,0,12396302,0,44,0,644030479,0,644030479,0,2080,635404394,0,12662389,0,0,0,0,0
1785954374364|1003|stream128_f2r_03|rotating|100,1378943233,33558272,12647634,12473954,143653,0,143653,0,3044,0,1522,0,0,0,11917,11917,9723928,0,4096,0,0,0,1522,0,2668087368,0,2668087376,0,0,0,0,0,0,0,0,0,4096,256,131072,4,15|4,0,134217728,262144,512,0,0,0,0,188,0,176,0,47,44,0,1,188,0|110,2734317891,3,0,0,11534336,0,11534336,0,36077,0,0,44,0,0,0,0,0,0,0,6940249,0,0,0,0,0
1785954379370|1003|stream128_f2r_03|fixed|102,1378943233,16781056,18760299,18501449,18547106,18501449,18547106,18501449,17743,17676,17676,17676,0,0,2258,0,545624144,544544408,4096,4096,0,0,17676,17676,3007081646,3007081987,3007081654,3007081995,0,0,0,0,0,0,0,0,4096,256,131072,4,15|4,0,134217728,262144,512,0,0,0,0,276,0,264,0,69,66,0,1,276,0|112,3736657720,3,17483296,0,0,0,0,0,18567992,0,66,0,962111313,0,962111313,0,2080,951746478,0,15547112,0,0,0,0,0
1785954379370|1003|stream128_f2r_03|rotating|102,1378943233,33558272,18851568,18591709,214157,0,214157,0,4538,0,2269,0,0,0,17762,17762,14496472,0,4096,0,0,0,2269,0,2984811821,0,2984811829,0,0,0,0,0,0,0,0,0,4096,256,131072,4,15|4,0,134217728,262144,512,0,0,0,0,276,0,264,0,69,66,0,1,280,0|112,3051981276,3,0,0,17563648,0,17563648,0,53750,0,0,67,0,0,0,0,0,0,0,6988596,0,0,0,0,0
1785954384375|1003|stream128_f2r_03|fixed|104,1378943233,16777471,25039395,24692661,24754921,24692661,24754921,24692661,23681,23591,23591,23590,0,0,3014,0,728204398,726766089,4096,4096,0,0,23591,23591,3327605349,3327605546,3327605357,3327605554,0,0,0,0,0,0,0,0,4096,256,131072,4,15|4,0,134217728,262144,512,0,0,0,0,364,0,352,0,91,88,0,1,364,0|114,4056170457,3,23297888,0,0,0,0,0,24740495,0,88,0,1280170402,0,1280170402,0,2080,1268083367,0,18416982,0,0,0,0,0
1785954384375|1003|stream128_f2r_03|rotating|104,1378943233,33558272,25129099,24780432,285601,0,285601,0,6052,0,3026,0,0,0,23675,23675,19332936,0,4096,0,0,0,3026,0,3305495299,0,3305495307,0,0,0,0,0,0,0,0,0,4096,256,131072,4,15|4,0,134217728,262144,512,0,0,0,0,368,0,356,0,92,89,0,1,368,0|114,3371836082,3,0,0,23330816,0,23330816,0,71542,0,0,89,0,0,0,0,0,0,0,7035908,0,0,0,0,0
1785954389377|1003|stream128_f2r_03|fixed|106,1378943233,16777471,31308378,30873558,30952651,30873558,30952651,30873558,29607,29495,29494,29494,0,0,3769,0,910448304,908651128,4096,4096,0,0,29495,29495,3647523954,3647523967,3647523962,3647523943,0,0,0,0,0,0,0,0,4096,256,131072,4,15|4,0,134217728,262144,512,0,0,0,0,456,0,444,0,114,111,0,1,456,0|116,82760726,4,29145408,0,0,0,0,0,30950833,0,111,0,1600266087,0,1600266087,0,2080,1586341047,0,21405148,0,0,0,0,0
1785954389377|1003|stream128_f2r_03|rotating|106,1378943233,33558272,31437195,31000148,357241,0,357241,0,7570,0,3785,0,0,0,29616,29616,24182176,0,4096,0,0,0,3785,0,3627477101,0,3627477109,0,0,0,0,0,0,0,0,0,4096,256,131072,4,15|4,0,134217728,262144,512,0,0,0,0,456,0,444,0,114,111,0,1,456,0|116,3692798398,3,0,0,29097984,0,29097984,0,89404,0,0,111,0,0,0,0,0,0,0,7081043,0,0,0,0,0
1785954394380|1003|stream128_f2r_03|fixed|108,1378943233,16777471,37578591,37056223,37151605,37056223,37151605,37056223,35537,35403,35401,35401,0,0,4524,0,1092779232,1090605651,4096,4096,0,0,35402,35402,3967739026,3967739015,3967739034,3967739023,0,0,0,0,0,0,0,0,4096,256,131072,4,15|4,0,134217728,262144,512,0,0,0,0,544,0,532,0,136,133,0,1,544,0|118,401491732,4,34936288,0,0,0,0,0,37107562,0,133,0,1917549373,0,1917549373,0,2080,1901894648,0,24277412,0,0,0,0,0
1785954394380|1003|stream128_f2r_03|rotating|108,1378943233,33558272,37653157,37130029,427839,0,427839,0,9066,0,4533,0,0,0,35472,35472,28961104,0,4096,0,0,0,4533,0,3944618869,0,3944618877,0,0,0,0,0,0,0,0,0,4096,256,131072,4,15|4,0,134217728,262144,512,0,0,0,0,544,0,532,0,136,133,0,1,544,0|118,4010020715,3,0,0,34865152,0,34865152,0,107077,0,0,133,0,0,0,0,0,0,0,7128997,0,0,0,0,0
1785954399386|1003|stream128_f2r_03|fixed|110,1378943233,16777471,43857674,43246932,43359332,43246932,43359332,43246932,41472,41316,41315,41315,0,0,5280,0,1275309104,1272777219,4096,4096,0,0,41315,41315,4288169918,4288170243,4288169926,4288170251,0,0,0,0,0,0,0,0,4096,256,131072,4,15|4,0,134217728,262144,512,0,0,0,0,632,0,620,0,158,155,0,1,632,0|120,722073539,4,40766688,0,0,0,0,0,43301341,0,155,0,2236673580,0,2236673580,0,2080,2219294277,0,27153054,0,0,0,0,0
1785954399386|1003|stream128_f2r_03|rotating|110,1378943233,33558272,43949669,43337912,499382,0,499382,0,10582,0,5291,0,0,0,41401,41401,33803888,0,4096,0,0,0,5291,0,4266061690,0,4266061698,0,0,0,0,0,0,0,0,0,4096,256,131072,4,15|4,0,134217728,262144,512,0,0,0,0,632,0,620,0,158,155,0,1,632,0|120,36482064,4,0,0,40632320,0,40632320,0,124963,0,0,155,0,0,0,0,0,0,0,7172884,0,0,0,0,0
1785954404400|1003|stream128_f2r_03|fixed|112,1378943233,16777471,50145432,49446923,49575641,49446923,49575641,49446923,47416,47239,47237,47237,0,0,6037,0,1458113015,1455221986,4096,4096,0,0,47237,47237,314107851,314108200,314107859,314108208,0,0,0,0,0,0,0,0,4096,256,131072,4,15|4,0,134217728,262144,512,0,0,0,0,720,0,708,0,180,177,0,1,720,0|122,1042770038,4,46604992,0,0,0,0,0,49497195,0,177,0,2555910503,0,2555910503,0,2080,2536808583,0,30028432,0,0,0,0,0
1785954404400|1003|stream128_f2r_03|rotating|112,1378943233,33558272,50219630,49520312,570636,0,570636,0,12092,0,6046,0,0,0,47307,47307,38627504,0,4096,0,0,0,6046,0,291247677,0,291247685,0,0,0,0,0,0,0,0,0,4096,256,131072,4,15|4,0,134217728,262144,512,0,0,0,0,720,0,708,0,180,177,0,1,720,0|122,356366742,4,0,0,46399488,0,46399488,0,142753,0,0,177,0,0,0,0,0,0,0,7222040,0,0,0,0,0
1785954409401|1003|stream128_f2r_03|fixed|114,1378943233,16781056,56412105,55627071,55771057,55627071,55771057,55627071,53347,53151,53146,53146,0,0,6792,0,1640511872,1637262544,4096,4096,0,0,53146,53146,634308164,634308465,634308172,634308481,0,0,0,0,0,0,0,0,4096,256,131072,4,15|4,0,134217728,262144,512,0,0,0,0,808,0,796,0,202,199,0,1,808,0|124,1362275340,4,52411680,0,0,0,0,0,55663213,0,199,0,2873964133,0,2873964133,0,2080,2853139390,0,32897228,0,0,0,0,0
1785954409401|1003|stream128_f2r_03|rotating|114,1378943233,33558272,56489179,55702578,641989,0,641989,0,13604,0,6802,0,0,0,53218,53218,43457560,0,4096,0,0,0,6802,0,611628455,0,611628463,0,0,0,0,0,0,0,0,0,4096,256,131072,4,15|4,0,134217728,262144,512,0,0,0,0,812,0,800,0,203,200,0,1,812,0|124,678193127,4,0,0,52428800,0,52428800,0,160663,0,0,200,0,0,0,0,0,0,0,7270867,0,0,0,0,0
1785954414406|1003|stream128_f2r_03|fixed|116,1378943233,16777471,62681857,61809919,61969459,61809919,61969459,61809919,59281,59062,59057,59057,0,0,7548,0,1822969738,1819345061,4096,4096,0,0,59057,59057,954749857,954750190,954749865,954750198,0,0,0,0,0,0,0,0,4096,256,131072,4,15|4,0,134217728,262144,512,0,0,0,0,900,0,888,0,225,222,0,1,900,0|126,1683978965,4,58259200,0,0,0,0,0,61869732,0,222,0,3194205878,0,3194205878,0,2080,3171523713,0,35904811,0,0,0,0,0
1785954414406|1003|stream128_f2r_03|rotating|116,1378943233,33558272,62789690,61916400,713629,0,713629,0,15122,0,7561,0,0,0,59158,59158,48306792,0,4096,0,0,0,7561,0,933501474,0,933501490,0,0,0,0,0,0,0,0,0,4096,256,131072,4,15|4,0,134217728,262144,512,0,0,0,0,900,0,888,0,225,222,0,1,900,0|126,999211532,4,0,0,58195968,0,58195968,0,178525,0,0,222,0,0,0,0,0,0,0,7310134,0,0,0,0,0
1785954419407|1003|stream128_f2r_03|fixed|118,1378943233,16777471,68965315,68006258,68181467,68006258,68181467,68006258,65226,64985,64979,64979,0,0,8305,0,2005799608,2001815619,4096,4096,0,0,64980,64980,1275701483,1275701504,1275701491,1275701512,0,0,0,0,0,0,0,0,4096,256,131072,4,15|4,0,134217728,262144,512,0,0,0,0,988,0,976,0,247,244,0,1,988,0|128,2004393899,4,64089600,0,0,0,0,0,68055720,0,244,0,3513163212,0,3513163212,0,2080,3488762966,0,38773956,0,0,0,0,0
1785954419407|1003|stream128_f2r_03|rotating|118,1378943233,33558272,69034493,68074668,784605,0,784605,0,16626,0,8313,0,0,0,65045,65045,53111288,0,4096,0,0,0,8313,0,1252359221,0,1252359229,0,0,0,0,0,0,0,0,0,4096,256,131072,4,15|4,0,134217728,262144,512,0,0,0,0,988,0,976,0,247,244,0,1,988,0|128,1317783670,4,0,0,63963136,0,63963136,0,196269,0,0,244,0,0,0,0,0,0,0,7357878,0,0,0,0,0
1785954424407|1003|stream128_f2r_03|fixed|120,1378943233,16777471,75212808,74169098,74357983,74169098,74357983,74169098,71135,70871,70866,70866,0,0,9057,0,2187490964,2183147799,4096,4096,0,0,70866,70866,1594677138,1594677487,1594677146,1594677495,0,0,0,0,0,0,0,0,4096,256,131072,4,15|4,0,134217728,262144,512,0,0,0,0,1076,0,1064,0,269,266,0,1,1076,0|130,2323315818,4,69888384,0,0,0,0,0,74216403,0,266,0,3830635435,0,3830635435,0,2080,3804500803,0,41652618,0,0,0,0,0
1785954424407|1003|stream128_f2r_03|rotating|120,1378943233,33558272,75287224,74242554,855676,0,855676,0,18132,0,9066,0,0,0,70936,70936,57922136,0,4096,0,0,0,9066,0,1571656198,0,1571656206,0,0,0,0,0,0,0,0,0,4096,256,131072,4,15|4,0,134217728,262144,512,0,0,0,0,1076,0,1064,0,269,266,0,1,1076,0|130,1637443601,4,0,0,69730304,0,69730304,0,214059,0,0,266,0,0,0,0,0,0,0,7405679,0,0,0,0,0
1785954429424|1003|stream128_f2r_03|fixed|122,1378943233,16777471,81506364,80375943,80579996,80375943,80579996,80375943,77085,76800,76794,76794,0,0,9815,0,2370477206,2365773497,4096,4096,0,0,76794,76794,1915911194,1915911527,1915911202,1915911535,0,0,0,0,0,0,0,0,4096,256,131072,4,15|4,0,134217728,262144,512,0,0,0,0,1164,0,1152,0,291,288,0,1,1164,0|132,2644518524,4,75726688,0,0,0,0,0,80422219,0,288,0,4150378565,0,4150378565,0,2080,4122514844,0,44534468,0,0,0,0,0
1785954429424|1003|stream128_f2r_03|rotating|122,1378943233,33558272,81573057,80441788,927117,0,927117,0,19646,0,9823,0,0,0,76856,76856,62758552,0,4096,0,0,0,9823,0,1892675464,0,1892675472,0,0,0,0,0,0,0,0,0,4096,256,131072,4,15|5,0,134217728,262144,512,0,0,0,0,1168,0,1156,0,292,289,0,1,1168,0|132,1957925838,4,0,0,75759616,0,75759616,0,231897,0,0,289,0,0,0,0,0,0,0,7449037,0,0,0,0,0
1785954434438|1003|stream128_f2r_03|fixed|124,1378943233,16777471,87784368,86568092,86786653,86568092,86786653,86568092,83025,82718,82711,82711,0,0,10571,0,2553143552,2548079725,4096,4096,0,0,82712,82712,2236586236,2236586225,2236586196,2236586233,0,0,0,0,0,0,0,0,4096,256,131072,4,15|4,0,134217728,262144,512,0,0,0,0,1256,0,1244,0,314,311,0,1,1256,0|134,2965183102,4,81558400,0,0,0,0,0,86610371,0,311,0,174617919,1,174617919,1,2080,144897399,1,47538034,0,0,0,0,0
1785954434438|1003|stream128_f2r_03|rotating|124,1378943233,33558272,87856407,86638487,998567,0,998567,0,21160,0,10580,0,0,0,82779,82779,67595000,0,4096,0,0,0,10580,0,2213489304,0,2213489312,0,0,0,0,0,0,0,0,0,4096,256,131072,4,15|4,0,134217728,262144,512,0,0,0,0,1256,0,1244,0,314,311,0,1,1256,0|134,2278772685,4,0,0,81526784,0,81526784,0,249736,0,0,311,0,0,0,0,0,0,0,7497495,0,0,0,0,0
1785954439445|1003|stream128_f2r_03|fixed|126,1378943233,16777471,94060881,92757492,92991810,92757492,92991810,92757492,88960,88630,88623,88623,0,0,11327,0,2735641997,2730202624,4096,4096,0,0,88624,88624,2557092392,2557092373,2557092400,2557092381,0,0,0,0,0,0,0,0,4096,256,131072,4,15|4,0,134217728,262144,512,0,0,0,0,1344,0,1332,0,336,333,0,1,1344,0|136,3285785194,4,87388800,0,0,0,0,0,92803442,0,333,0,493762411,1,493762411,1,2080,462315751,1,50415238,0,0,0,0,0
1785954439445|1003|stream128_f2r_03|rotating|126,1378943233,33558272,94138444,92834068,1069923,0,1069923,0,22672,0,11336,0,0,0,88697,88697,72425040,0,4096,0,0,0,11336,0,2534074143,0,2534074151,0,0,0,0,0,0,0,0,0,4096,256,131072,4,15|4,0,134217728,262144,512,0,0,0,0,1344,0,1332,0,336,333,0,1,1344,0|136,2600312083,4,0,0,87293952,0,87293952,0,267646,0,0,333,0,0,0,0,0,0,0,7538802,0,0,0,0,0
1785954444451|1003|stream128_f2r_03|fixed|128,1378943233,16777471,100342569,98951666,99202143,98951666,99202143,98951666,94899,94547,94540,94540,0,0,12083,0,2918263340,2912465152,4096,4096,0,0,94541,94541,2877685042,2877685055,2877685050,2877685031,0,0,0,0,0,0,0,0,4096,256,131072,4,15|4,0,134217728,262144,512,0,0,0,0,1432,0,1420,0,358,355,0,1,1432,0|138,3606596001,4,93227104,0,0,0,0,0,99002472,0,355,0,813113642,1,813113642,1,2080,779956361,1,53278620,0,0,0,0,0
1785954444451|1003|stream128_f2r_03|rotating|128,1378943233,33558272,100436761,99044554,1141464,0,1141464,0,24188,0,12094,0,0,0,94628,94628,77267832,0,4096,0,0,0,12094,0,2855504705,0,2855504713,0,0,0,0,0,0,0,0,0,4096,256,131072,4,15|4,0,134217728,262144,512,0,0,0,0,1432,0,1420,0,358,355,0,1,1432,0|138,2921086157,4,0,0,93061120,0,93061120,0,285483,0,0,355,0,0,0,0,0,0,0,7579965,0,0,0,0,0
1785954449462|1003|stream128_f2r_03|fixed|130,1378943233,16777471,106624571,105146073,105412791,105146073,105412791,105146073,100836,100462,100456,100456,0,0,12839,0,3100874016,3094716955,4096,4096,0,0,100456,100456,3198246475,3198246808,3198246483,3198246816,0,0,0,0,0,0,0,0,4096,256,131072,4,15|4,0,134217728,262144,512,0,0,0,0,1520,0,1508,0,380,377,0,1,1520,0|140,3927778943,4,99065408,0,0,0,0,0,105208280,0,377,0,1132837008,1,1132837008,1,2080,1097959244,1,56151864,0,0,0,0,0
1785954449462|1003|stream128_f2r_03|rotating|130,1378943233,33558272,106715722,105236208,1212812,0,1212812,0,25700,0,12850,0,0,0,100542,100542,82097880,0,4096,0,0,0,12850,0,3176085606,0,3176085614,0,0,0,0,0,0,0,0,0,4096,256,131072,4,15|5,0,134217728,262144,512,0,0,0,0,1524,0,1512,0,381,378,0,1,1524,0|140,3241371802,4,0,0,99090432,0,99090432,0,303321,0,0,378,0,0,0,0,0,0,0,7626356,0,0,0,0,0
1785954454475|1003|stream128_f2r_03|fixed|132,1378943233,16777471,112907803,111341866,111624581,111341866,111624581,111341866,106778,106382,106375,106375,0,0,13596,0,3283595376,3277079792,4096,4096,0,0,106376,106376,3519022788,3519022785,3519022748,3519022777,0,0,0,0,0,0,0,0,4096,256,131072,4,15|4,0,134217728,262144,512,0,0,0,0,1612,0,1600,0,403,400,0,1,1612,0|142,4247056245,4,104873408,0,0,0,0,0,111371558,0,400,0,1450662310,1,1450662310,1,2080,1413922587,1,59155499,0,0,0,0,0
1785954454475|1003|stream128_f2r_03|rotating|132,1378943233,33558272,112980946,111413571,1284074,0,1284074,0,27210,0,13605,0,0,0,106444,106444,86921544,0,4096,0,0,0,13605,0,3496039991,0,3496039999,0,0,0,0,0,0,0,0,0,4096,256,131072,4,15|4,0,134217728,262144,512,0,0,0,0,1612,0,1600,0,403,400,0,1,1612,0|142,3561981499,4,0,0,104857600,0,104857600,0,321160,0,0,400,0,0,0,0,0,0,0,7671132,0,0,0,0,0
1785954459478|1003|stream128_f2r_03|fixed|134,1378943233,16777471,119181916,117529468,117827339,117529468,117827339,117529468,112711,112292,112285,112285,0,0,14352,0,3466039592,3459148370,4096,4096,0,0,112286,112286,3839422813,3839422794,3839422789,3839422802,0,0,0,0,0,0,0,0,4096,256,131072,4,15|4,0,134217728,262144,512,0,0,0,0,1700,0,1688,0,425,422,0,1,1700,0|144,273034891,5,110703808,0,0,0,0,0,117572244,0,422,0,1770150652,1,1770150652,1,2080,1731689128,1,62028364,0,0,0,0,0
1785954459478|1003|stream128_f2r_03|rotating|134,1378943233,33558272,119249698,117596448,1355335,0,1355335,0,28720,0,14360,0,0,0,112349,112349,91745216,0,4096,0,0,0,14360,0,3816190703,0,3816190711,0,0,0,0,0,0,0,0,0,4096,256,131072,4,15|4,0,134217728,262144,512,0,0,0,0,1700,0,1688,0,425,422,0,1,1700,0|144,3881348099,4,0,0,110624768,0,110624768,0,338928,0,0,422,0,0,0,0,0,0,0,7717931,0,0,0,0,0
1785954464487|1003|stream128_f2r_03|fixed|136,1378943233,16777471,125462681,123722709,124036748,123722709,124036748,123722709,118649,118209,118201,118201,0,0,15108,0,3648639974,3641388529,4096,4096,0,0,118202,118202,4159982116,4159982129,4159982124,4159982137,0,0,0,0,0,0,0,0,4096,256,131072,4,15|4,0,134217728,262144,512,0,0,0,0,1788,0,1776,0,447,444,0,1,1788,0|146,593553479,5,116534208,0,0,0,0,0,123764843,0,444,0,2089211640,1,2089211640,1,2080,2049028932,1,64900612,0,0,0,0,0
1785954464487|1003|stream128_f2r_03|rotating|136,1378943233,33558272,125539256,123798284,1426783,0,1426783,0,30234,0,15117,0,0,0,118273,118273,96581624,0,4096,0,0,0,15117,0,4137200358,0,4137200366,0,0,0,0,0,0,0,0,0,4096,256,131072,4,15|4,0,134217728,262144,512,0,0,0,0,1788,0,1776,0,447,444,0,1,1788,0|146,4203128850,4,0,0,116391936,0,116391936,0,356836,0,0,444,0,0,0,0,0,0,0,7762693,0,0,0,0,0
1785954469495|1003|stream128_f2r_03|fixed|138,1378943233,16777471,131739080,129912461,130241888,129912461,130241888,129912461,124583,124121,124113,124113,0,0,15863,0,3831138449,3823527520,4096,4096,0,0,124114,124114,185393956,185393961,185393964,185393945,0,0,0,0,0,0,0,0,4096,256,131072,4,15|4,0,134217728,262144,512,0,0,0,0,1876,0,1864,0,469,466,0,1,1876,0|148,914106992,5,122364608,0,0,0,0,0,129957578,0,466,0,2408307553,1,2408307553,1,2080,2366397847,1,67778674,0,0,0,0,0
1785954469495|1003|stream128_f2r_03|rotating|138,1378943233,33558272,131813894,129986245,1498037,0,1498037,0,31744,0,15872,0,0,0,124184,124184,101405240,0,4096,0,0,0,15872,0,162389016,0,162389024,0,0,0,0,0,0,0,0,0,4096,256,131072,4,15|4,0,134217728,262144,512,0,0,0,0,1876,0,1864,0,469,466,0,1,1876,0|148,227676352,5,0,0,122159104,0,122159104,0,374603,0,0,466,0,0,0,0,0,0,0,7804042,0,0,0,0,0
1785954474503|1003|stream128_f2r_03|fixed|140,1378943233,16777471,138019381,136107213,136450839,136107213,136450839,136107213,130521,130038,130029,130029,0,0,16619,0,4013750212,4005779671,4096,4096,0,0,130030,130030,505964958,505964955,505964966,505964963,0,0,0,0,0,0,0,0,4096,256,131072,4,15|4,0,134217728,262144,512,0,0,0,0,1968,0,1956,0,492,489,0,1,1968,0|150,1235650916,5,128212128,0,0,0,0,0,136167572,0,489,0,2728389597,1,2728389597,1,2080,2684629979,1,70778747,0,0,0,0,0
1785954474503|1003|stream128_f2r_03|rotating|140,1378943233,33558272,138117357,136203468,1569675,0,1569675,0,33262,0,16631,0,0,0,130121,130121,106254480,0,4096,0,0,0,16631,0,484058884,0,484058892,0,0,0,0,0,0,0,0,0,4096,256,131072,4,15|4,0,134217728,262144,512,0,0,0,0,1968,0,1956,0,492,489,0,1,1968,0|150,550984909,5,0,0,128188416,0,128188416,0,392608,0,0,489,0,0,0,0,0,0,0,7849948,0,0,0,0,0
1785954479511|1003|stream128_f2r_03|fixed|142,1378943233,16777471,144295612,142295093,142655719,142295093,142655719,142295093,136455,135949,135940,135940,0,0,17375,0,4196226171,4187877910,4096,4096,0,0,135941,135941,826419431,826419412,826419439,826419420,0,0,0,0,0,0,0,0,4096,256,131072,4,15|4,0,134217728,262144,512,0,0,0,0,2048,0,2044,0,512,511,0,1,2048,0|152,1555887516,5,134034624,0,0,0,0,0,142353976,0,511,0,3047170573,1,3047170573,1,2080,3001689727,1,73649342,0,0,0,0,0
1785954479511|1003|stream128_f2r_03|rotating|142,1378943233,33558272,144389726,142388080,1640936,0,1640936,0,34772,0,17386,0,0,0,136029,136029,111078152,0,4096,0,0,0,17386,0,804207325,0,804207333,0,0,0,0,0,0,0,0,0,4096,256,131072,4,15|4,0,134217728,262144,512,0,0,0,0,2048,0,2044,0,512,511,0,1,2048,0|152,870399715,5,0,0,133955584,0,133955584,0,410375,0,0,511,0,0,0,0,0,0,0,7894036,0,0,0,0,0
1785954485487|1004|stream128_r2f_01|fixed|146,1378943233,16781056,6153637,6069319,69737,0,69737,0,1480,0,740,0,0,0,5796,5796,4727776,0,4096,0,0,0,740,0,1208963494,0,1208963502,0,0,0,0,0,0,0,0,0,4096,256,131072,4,15|4,0,134217728,262144,512,0,0,0,0,96,0,84,0,24,21,0,1,96,0|160,1937927510,5,0,0,5505024,0,5505024,0,17575,0,0,21,0,0,0,0,0,0,0,6884429,0,0,0,0,0
1785954485487|1004|stream128_r2f_01|rotating|146,1378943233,33554687,6221122,6135398,6150634,6135398,6150634,6135398,5883,5860,5859,5859,0,0,748,0,180875497,180517068,4096,4096,0,0,5860,5860,1186038813,1186038794,1186038821,1186038802,0,0,0,0,0,0,0,0,4096,256,131072,4,15|4,0,134217728,262144,512,0,0,0,0,100,0,88,0,25,22,0,1,100,0|160,1251086042,5,5814592,0,0,0,0,0,6170878,0,22,0,323089049,0,323089049,0,2080,316204885,0,9763903,0,0,0,0,0
1785954490501|1004|stream128_r2f_01|fixed|148,1378943233,16781056,12449730,12277654,141259,0,141259,0,2998,0,1499,0,0,0,11730,11730,9577000,0,4096,0,0,0,1499,0,1530602442,0,1530602450,0,0,0,0,0,0,0,0,0,4096,256,131072,4,15|4,0,134217728,262144,512,0,0,0,0,188,0,176,0,47,44,0,1,188,0|162,2260037378,5,0,0,11534336,0,11534336,0,35480,0,0,44,0,0,0,0,0,0,0,6928464,0,0,0,0,0
1785954490501|1004|stream128_r2f_01|rotating|148,1378943233,33554687,12547854,12374634,12405557,12374634,12405557,12374634,11868,11823,11822,11822,0,0,1510,0,364934854,364218496,4096,4096,0,0,11823,11823,1509104553,1509104566,1509104561,1509104534,0,0,0,0,0,0,0,0,4096,256,131072,4,15|4,0,134217728,262144,512,0,0,0,0,188,0,176,0,47,44,0,1,188,0|162,1574012978,5,11684512,0,0,0,0,0,12407395,0,44,0,644548505,0,644548505,0,2080,635983623,0,12604170,0,0,0,0,0
1785954495513|1004|stream128_r2f_01|fixed|150,1378943233,16781056,18719503,18460036,212408,0,212408,0,4508,0,2254,0,0,0,17637,17637,14400704,0,4096,0,0,0,2254,0,1850718114,0,1850718122,0,0,0,0,0,0,0,0,0,4096,256,131072,4,15|4,0,134217728,262144,512,0,0,0,0,276,0,264,0,69,66,0,1,276,0|164,2579506122,5,0,0,17301504,0,17301504,0,53243,0,0,66,0,0,0,0,0,0,0,6972373,0,0,0,0,0
1785954495513|1004|stream128_r2f_01|rotating|150,1378943233,33554687,18787561,18527320,18574398,18527320,18574398,18527320,17769,17702,17701,17701,0,0,2262,0,546395304,545319539,4096,4096,0,0,17702,17702,1827645430,1827645435,1827645438,1827645443,0,0,0,0,0,0,0,0,4096,256,131072,4,15|4,0,134217728,262144,512,0,0,0,0,276,0,264,0,69,66,0,1,276,0|164,1892784026,5,17483296,0,0,0,0,0,18564999,0,66,0,961869857,0,961869857,0,2080,951611257,0,15442164,0,0,0,0,0
1785954500521|1004|stream128_r2f_01|fixed|152,1378943233,16781056,24999048,24652778,283651,0,283651,0,6020,0,3010,0,0,0,23553,23553,19230736,0,4096,0,0,0,3010,0,2171260413,0,2171260421,0,0,0,0,0,0,0,0,0,4096,256,131072,4,15|4,0,134217728,262144,512,0,0,0,0,364,0,352,0,91,88,0,1,364,0|166,2899838823,5,0,0,23068672,0,23068672,0,71031,0,0,88,0,0,0,0,0,0,0,7011441,0,0,0,0,0
1785954500521|1004|stream128_r2f_01|rotating|152,1378943233,33554687,25078503,24731227,24794005,24731227,24794005,24731227,23717,23628,23627,23627,0,0,3019,0,729340204,727905343,4096,4096,0,0,23628,23628,2148752226,2148752247,2148752234,2148752255,0,0,0,0,0,0,0,0,4096,256,131072,4,15|4,0,134217728,262144,512,0,0,0,0,364,0,352,0,91,88,0,1,364,0|166,2214573233,5,23330816,0,0,0,0,0,24779291,0,89,0,1282197184,0,1282197184,0,2080,1270131501,0,18399439,0,0,0,0,0
1785954505527|1004|stream128_r2f_01|fixed|154,1378943233,16781056,31274154,30841058,354799,0,354799,0,7530,0,3765,0,0,0,29463,29463,24054328,0,4096,0,0,0,3765,0,2491373489,0,2491373497,0,0,0,0,0,0,0,0,0,4096,256,131072,4,15|4,0,134217728,262144,512,0,0,0,0,452,0,440,0,113,110,0,1,452,0|168,3220279591,5,0,0,28835840,0,28835840,0,88840,0,0,110,0,0,0,0,0,0,0,7063258,0,0,0,0,0
1785954505527|1004|stream128_r2f_01|rotating|154,1378943233,33558272,31348474,30913729,30992830,30913729,30992830,30913729,29645,29533,29533,29533,0,0,3774,0,911624872,909813744,4096,4096,0,0,29533,29533,2468833868,2468834217,2468833884,2468834225,0,0,0,0,0,0,0,0,4096,256,131072,4,15|4,0,134217728,262144,512,0,0,0,0,456,0,444,0,114,111,0,1,456,0|168,2533729206,5,29137504,0,0,0,0,0,30946276,0,111,0,1599901485,0,1599901485,0,2080,1586140391,0,21240792,0,0,0,0,0
1785954510527|1004|stream128_r2f_01|fixed|156,1378943233,16781056,37550090,37030823,425944,0,425944,0,9040,0,4520,0,0,0,35375,35375,28878000,0,4096,0,0,0,4520,0,2811482177,0,2811482185,0,0,0,0,0,0,0,0,0,4096,256,131072,4,15|4,0,134217728,262144,512,0,0,0,0,544,0,532,0,136,133,0,1,544,0|170,3541325427,5,0,0,34865152,0,34865152,0,106698,0,0,133,0,0,0,0,0,0,0,7106228,0,0,0,0,0
1785954510527|1004|stream128_r2f_01|rotating|156,1378943233,33554687,37643987,37122899,37216911,37122899,37216911,37122899,35599,35465,35464,35464,0,0,4532,0,1094704776,1092533795,4096,4096,0,0,35465,35465,2790199079,2790199060,2790199087,2790199068,0,0,0,0,0,0,0,0,4096,256,131072,4,15|4,0,134217728,262144,512,0,0,0,0,544,0,532,0,136,133,0,1,544,0|170,2857157586,5,35023232,0,0,0,0,0,37195813,0,133,0,1921858433,0,1921858433,0,2080,1906429203,0,24071871,0,0,0,0,0
1785954515531|1004|stream128_r2f_01|fixed|158,1378943233,16781056,43819597,43211797,497186,0,497186,0,10552,0,5276,0,0,0,41280,41280,33708056,0,4096,0,0,0,5276,0,3131829182,0,3131829190,0,0,0,0,0,0,0,0,0,4096,256,131072,4,15|4,0,134217728,262144,512,0,0,0,0,632,0,620,0,158,155,0,1,632,0|172,3863581231,5,0,0,40632320,0,40632320,0,124603,0,0,155,0,0,0,0,0,0,0,7150901,0,0,0,0,0
1785954515531|1004|stream128_r2f_01|rotating|158,1378943233,33558272,44025530,43415310,43526082,43415310,43526082,43415310,41630,41474,41474,41474,0,0,5300,0,1280218640,1277688816,4096,4096,0,0,41474,41474,3115773918,3115774243,3115773926,3115774251,0,0,0,0,0,0,0,0,4096,256,131072,4,15|4,0,134217728,262144,512,0,0,0,0,636,0,624,0,159,156,0,1,636,0|172,3181995167,5,40926080,0,0,0,0,0,43470353,0,156,0,2245220302,0,2245220302,0,2080,2227985414,0,27039569,0,0,0,0,0
1785954520537|1004|stream128_r2f_01|fixed|160,1378943233,16781056,50101624,49405730,568429,0,568429,0,12064,0,6032,0,0,0,47196,47196,38538096,0,4096,0,0,0,6032,0,3452373612,0,3452373620,0,0,0,0,0,0,0,0,0,4096,256,131072,4,15|4,0,134217728,262144,512,0,0,0,0,720,0,708,0,180,177,0,1,720,0|174,4181564674,5,0,0,46399488,0,46399488,0,142272,0,0,177,0,0,0,0,0,0,0,7200407,0,0,0,0,0
1785954520537|1004|stream128_r2f_01|rotating|160,1378943233,33554687,50210815,49513691,49641161,49513691,49641161,49513691,47477,47299,47299,47299,0,0,6045,0,1460020569,1457132444,4096,4096,0,0,47299,47299,3431429829,3431430154,3431429837,3431430162,0,0,0,0,0,0,0,0,4096,256,131072,4,15|4,0,134217728,262144,512,0,0,0,0,720,0,708,0,180,177,0,1,720,0|174,3497337704,5,46661632,0,0,0,0,0,49564174,0,178,0,2559128951,0,2559128951,0,2080,2540263006,0,29801357,0,0,0,0,0
1785954525551|1004|stream128_r2f_01|fixed|162,1378943233,16781056,56401824,55619091,639861,0,639861,0,13580,0,6790,0,0,0,53131,53131,43380888,0,4096,0,0,0,6790,0,3773773721,0,3773773737,0,0,0,0,0,0,0,0,0,4096,256,131072,4,15|4,0,134217728,262144,512,0,0,0,0,808,0,796,0,202,199,0,1,808,0|176,207719124,6,0,0,52166656,0,52166656,0,160106,0,0,199,0,0,0,0,0,0,0,7237232,0,0,0,0,0
1785954525551|1004|stream128_r2f_01|rotating|162,1378943233,33554687,56492618,55708285,55851629,55708285,55851629,55708285,53418,53217,53216,53216,0,0,6802,0,1642686072,1639422080,4096,4096,0,0,53217,53217,3752188981,3752188962,3752188933,3752188970,0,0,0,0,0,0,0,0,4096,256,131072,4,15|4,0,134217728,262144,512,0,0,0,0,812,0,800,0,203,200,0,1,812,0|176,3817597383,5,52492032,0,0,0,0,0,55750340,0,200,0,2877931030,0,2877931030,0,2080,2857308850,0,32708625,0,0,0,0,0
1785954530565|1004|stream128_r2f_01|fixed|164,1378943233,16781056,62675104,61806298,711005,0,711005,0,15090,0,7545,0,0,0,59040,59040,48204544,0,4096,0,0,0,7545,0,4093888970,0,4093888978,0,0,0,0,0,0,0,0,0,4096,256,131072,4,15|4,0,134217728,262144,512,0,0,0,0,900,0,888,0,225,222,0,1,900,0|178,527822289,6,0,0,58195968,0,58195968,0,177892,0,0,222,0,0,0,0,0,0,0,7286983,0,0,0,0,0
1785954530565|1004|stream128_r2f_01|rotating|164,1378943233,33558272,62753818,61883336,62041870,61883336,62041870,61883336,59337,59115,59114,59114,0,0,7555,0,1824727664,1821105120,4096,4096,0,0,59114,59114,4071725975,4071726300,4071725983,4071726308,0,0,0,0,0,0,0,0,4096,256,131072,4,15|4,0,134217728,262144,512,0,0,0,0,900,0,888,0,225,222,0,1,900,0|178,4137454554,5,58306624,0,0,0,0,0,61931058,0,222,0,3196334553,0,3196334553,0,2080,3174022398,0,35546270,0,0,0,0,0
1785954535571|1004|stream128_r2f_01|fixed|166,1378943233,16781056,68947138,67990992,782249,0,782249,0,16602,0,8301,0,0,0,64947,64947,53034600,0,4096,0,0,0,8301,0,119263636,0,119263644,0,0,0,0,0,0,0,0,0,4096,256,131072,4,15|4,0,134217728,262144,512,0,0,0,0,988,0,976,0,247,244,0,1,988,0|180,848156243,6,0,0,63963136,0,63963136,0,195703,0,0,244,0,0,0,0,0,0,0,7328263,0,0,0,0,0
1785954535571|1004|stream128_r2f_01|rotating|166,1378943233,33554687,69022301,68065257,68239204,68065257,68239204,68065257,65264,65020,65018,65018,0,0,8310,0,2006985839,2003003250,4096,4096,0,0,65019,65019,96690285,96690298,96690293,96690306,0,0,0,0,0,0,0,0,4096,256,131072,4,15|4,0,134217728,262144,512,0,0,0,0,988,0,976,0,247,244,0,1,988,0|180,161829352,6,64113312,0,0,0,0,0,68101285,0,244,0,3514224975,0,3514224975,0,2080,3490225571,0,38379492,0,0,0,0,0
1785954540577|1004|stream128_r2f_01|fixed|168,1378943233,16781056,75227690,74184747,853490,0,853490,0,18114,0,9057,0,0,0,70864,70864,57864648,0,4096,0,0,0,9057,0,439809902,0,439809910,0,0,0,0,0,0,0,0,0,4096,256,131072,4,15|4,0,134217728,262144,512,0,0,0,0,1076,0,1064,0,269,266,0,1,1076,0|182,1168708401,6,0,0,69730304,0,69730304,0,213514,0,0,266,0,0,0,0,0,0,0,7375988,0,0,0,0,0
1785954540577|1004|stream128_r2f_01|rotating|168,1378943233,33554687,75295310,74251602,74441064,74251602,74441064,74251602,71195,70929,70927,70927,0,0,9065,0,2189389310,2185046032,4096,4096,0,0,70928,70928,416865522,416865575,416865530,416865559,0,0,0,0,0,0,0,0,4096,256,131072,4,15|4,0,134217728,262144,512,0,0,0,0,1076,0,1064,0,269,266,0,1,1076,0|182,481995532,6,69935808,0,0,0,0,0,74286829,0,266,0,3832935531,0,3832935531,0,2080,3807246644,0,41218342,0,0,0,0,0
1785954545580|1004|stream128_r2f_01|fixed|170,1378943233,16781056,81499077,80369524,924640,0,924640,0,19624,0,9812,0,0,0,76771,76771,62688304,0,4096,0,0,0,9812,0,759920696,0,759920712,0,0,0,0,0,0,0,0,0,4096,256,131072,4,15|4,0,134217728,262144,512,0,0,0,0,1164,0,1152,0,291,288,0,1,1164,0|184,1489833951,6,0,0,75497472,0,75497472,0,231348,0,0,288,0,0,0,0,0,0,0,7420845,0,0,0,0,0
1785954545580|1004|stream128_r2f_01|rotating|170,1378943233,33558272,81608385,80476820,80682429,80476820,80682429,80476820,77163,76875,76874,76874,0,0,9826,0,2372943608,2368226064,4096,4096,0,0,76874,76874,739031138,739009703,739031146,739009711,0,0,0,0,0,0,0,0,4096,256,131072,4,15|4,0,134217728,262144,512,0,0,0,0,1168,0,1156,0,292,289,0,1,1168,0|184,804487506,6,75799136,0,0,0,0,0,80515350,0,289,0,4153961673,0,4153961673,0,2080,4126464835,0,44179848,0,0,0,0,0
1785954550585|1004|stream128_r2f_01|fixed|172,1378943233,16781056,87775233,86559578,995880,0,995880,0,21136,0,10568,0,0,0,82687,82687,67518296,0,4096,0,0,0,10568,0,1080460961,0,1080460969,0,0,0,0,0,0,0,0,0,4096,256,131072,4,15|4,0,134217728,262144,512,0,0,0,0,1252,0,1240,0,313,310,0,1,1256,0|186,1808972034,6,0,0,81526784,0,81526784,0,249111,0,0,311,0,0,0,0,0,0,0,7470199,0,0,0,0,0
1785954550585|1004|stream128_r2f_01|rotating|172,1378943233,33554687,87836695,86619555,86840062,86619555,86840062,86619555,83057,82747,82744,82744,0,0,10576,0,2554162168,2549086179,4096,4096,0,0,82745,82745,1057273756,1057273769,1057273764,1057273777,0,0,0,0,0,0,0,0,4096,256,131072,4,15|4,0,134217728,262144,512,0,0,0,0,1256,0,1244,0,314,311,0,1,1256,0|186,1122414380,6,81582112,0,0,0,0,0,86653905,0,311,0,175475507,1,175475507,1,2080,146286772,1,47012627,0,0,0,0,0
1785954555595|1004|stream128_r2f_01|fixed|174,1378943233,16781056,94054554,92752271,1067215,0,1067215,0,22650,0,11325,0,0,0,88602,88602,72354736,0,4096,0,0,0,11325,0,1401237747,0,1401237755,0,0,0,0,0,0,0,0,0,4096,256,131072,4,15|4,0,134217728,262144,512,0,0,0,0,1344,0,1332,0,336,333,0,1,1344,0|188,2129767560,6,0,0,87293952,0,87293952,0,266921,0,0,333,0,0,0,0,0,0,0,7511928,0,0,0,0,0
1785954555595|1004|stream128_r2f_01|rotating|174,1378943233,33558033,94132880,92829723,93064815,92829723,93064815,92829723,89010,88678,88676,88676,0,0,11334,0,2737246592,2731812320,4096,4096,0,0,88677,88676,1378647386,1378629662,1378647362,1378629670,0,0,0,0,0,0,0,0,4096,256,131072,4,15|4,0,134217728,262144,512,0,0,0,0,1344,0,1332,0,336,333,0,1,1344,0|188,1444285718,6,87436224,0,0,0,0,0,92872710,0,333,0,495883317,1,495883317,1,2080,465012340,1,49851024,0,0,0,0,0
1785954560601|1004|stream128_r2f_01|fixed|176,1378943233,16781056,100329216,98939834,1138364,0,1138364,0,24160,0,12080,0,0,0,94512,94512,77178440,0,4096,0,0,0,12080,0,1721355234,0,1721355242,0,0,0,0,0,0,0,0,0,4096,256,131072,4,15|4,0,134217728,262144,512,0,0,0,0,1432,0,1420,0,358,355,0,1,1432,0|190,2450131925,6,0,0,93061120,0,93061120,0,284732,0,0,355,0,0,0,0,0,0,0,7565868,0,0,0,0,0
1785954560601|1004|stream128_r2f_01|rotating|176,1378943233,33554687,100403837,99013364,99264623,99013364,99264623,99013364,94939,94585,94582,94582,0,0,12089,0,2919559040,2913765623,4096,4096,0,0,94583,94583,1698665311,1698665300,1698665287,1698665308,0,0,0,0,0,0,0,0,4096,256,131072,4,15|4,0,134217728,262144,512,0,0,0,0,1432,0,1420,0,358,355,0,1,1432,0|190,1763851198,6,93250816,0,0,0,0,0,99047347,0,355,0,813995149,1,813995149,1,2080,781432020,1,52690846,0,0,0,0,0
1785954565602|1004|stream128_r2f_01|fixed|178,1378943233,16781056,106605472,105129094,1209512,0,1209512,0,25670,0,12835,0,0,0,100423,100423,82002080,0,4096,0,0,0,12835,0,2041470600,0,2041470608,0,0,0,0,0,0,0,0,0,4096,256,131072,4,15|4,0,134217728,262144,512,0,0,0,0,1520,0,1508,0,380,377,0,1,1520,0|192,2770567676,6,0,0,98828288,0,98828288,0,302520,0,0,377,0,0,0,0,0,0,0,7612616,0,0,0,0,0
1785954565602|1004|stream128_r2f_01|rotating|178,1378943233,33554687,106674519,105197296,105464252,105197296,105464252,105197296,100867,100491,100488,100488,0,0,12843,0,3101863815,3095711288,4096,4096,0,0,100489,100489,2018671253,2018671266,2018671261,2018671258,0,0,0,0,0,0,0,0,4096,256,131072,4,15|4,0,134217728,262144,512,0,0,0,0,1520,0,1508,0,380,377,0,1,1520,0|192,2084597783,6,99089120,0,0,0,0,0,105245429,0,377,0,1133282158,1,1133282158,1,2080,1099034094,1,55528542,0,0,0,0,0
1785954570613|1004|stream128_r2f_01|fixed|180,1378943233,16781056,112885234,111321405,1280755,0,1280755,0,27182,0,13591,0,0,0,106339,106339,86832064,0,4096,0,0,0,13591,0,2362013931,0,2362013939,0,0,0,0,0,0,0,0,0,4096,256,131072,4,15|4,0,134217728,262144,512,0,0,0,0,1608,0,1596,0,402,399,0,1,1608,0|194,3090123861,6,0,0,104595456,0,104595456,0,320282,0,0,399,0,0,0,0,0,0,0,7657539,0,0,0,0,0
1785954570613|1004|stream128_r2f_01|rotating|180,1378943233,33554687,112956926,111391698,111675326,111391698,111675326,111391698,106808,106409,106406,106406,0,0,13600,0,3284556362,3278027773,4096,4096,0,0,106407,106407,2339467444,2339467449,2339467452,2339467457,0,0,0,0,0,0,0,0,4096,256,131072,4,15|4,0,134217728,262144,512,0,0,0,0,1612,0,1600,0,403,400,0,1,1612,0|194,2405001685,6,104912928,0,0,0,0,0,111431908,0,400,0,1452230108,1,1452230108,1,2080,1416162834,1,58492822,0,0,0,0,0
1785954575627|1004|stream128_r2f_01|fixed|182,1378943233,16781056,119192844,117541348,1352371,0,1352371,0,28702,0,14351,0,0,0,112281,112281,91687672,0,4096,0,0,0,14351,0,2684074727,0,2684074735,0,0,0,0,0,0,0,0,0,4096,256,131072,4,15|4,0,134217728,262144,512,0,0,0,0,1700,0,1688,0,425,422,0,1,1700,0|196,3412976232,6,0,0,110624768,0,110624768,0,338234,0,0,422,0,0,0,0,0,0,0,7703006,0,0,0,0,0
1785954575627|1004|stream128_r2f_01|rotating|182,1378943233,33554687,119260466,117608126,117907339,117608126,117907339,117608126,112768,112347,112344,112344,0,0,14359,0,3467849208,3460959656,4096,4096,0,0,112345,112345,2661186805,2661186802,2661186781,2661186754,0,0,0,0,0,0,0,0,4096,256,131072,4,15|4,0,134217728,262144,512,0,0,0,0,1700,0,1688,0,425,422,0,1,1700,0|196,2726344155,6,110759136,0,0,0,0,0,117641297,0,422,0,1772111026,1,1772111026,1,2080,1734365138,1,61325894,0,0,0,0,0
1785954580639|1004|stream128_r2f_01|fixed|184,1378943233,16781056,125461400,123723029,1423520,0,1423520,0,30212,0,15106,0,0,0,118185,118185,96511376,0,4096,0,0,0,15106,0,3004186823,0,3004186831,0,0,0,0,0,0,0,0,0,4096,256,131072,4,15|4,0,134217728,262144,512,0,0,0,0,1788,0,1776,0,447,444,0,1,1788,0|198,3733196938,6,0,0,116391936,0,116391936,0,356021,0,0,444,0,0,0,0,0,0,0,7748637,0,0,0,0,0
1785954580639|1004|stream128_r2f_01|rotating|184,1378943233,33554687,125550702,123811277,124126238,123811277,124126238,123811277,118715,118273,118269,118269,0,0,15116,0,3650738213,3643489408,4096,4096,0,0,118270,118270,2982207309,2982207338,2982207317,2982207314,0,0,0,0,0,0,0,0,4096,256,131072,4,15|4,0,134217728,262144,512,0,0,0,0,1788,0,1776,0,447,444,0,1,1788,0|198,3049042455,6,116629056,0,0,0,0,0,123876919,0,444,0,2093341846,1,2093341846,1,2080,2053921077,1,64160324,0,0,0,0,0
1785954585639|1004|stream128_r2f_01|fixed|186,1378943233,16781056,131724832,129900382,1494573,0,1494573,0,31720,0,15860,0,0,0,124086,124086,101328616,0,4096,0,0,0,15860,0,3323870778,0,3323870786,0,0,0,0,0,0,0,0,0,4096,256,131072,4,15|4,0,134217728,262144,512,0,0,0,0,1876,0,1864,0,469,466,0,1,1876,0|200,4053653946,6,0,0,122159104,0,122159104,0,373832,0,0,466,0,0,0,0,0,0,0,7790930,0,0,0,0,0
1785954585639|1004|stream128_r2f_01|rotating|186,1378943233,33554687,131817856,129992227,130322246,129992227,130322246,129992227,124641,124177,124173,124173,0,0,15871,0,3832984619,3825375878,4096,4096,0,0,124174,124174,3302107486,3302107467,3302107494,3302107475,0,0,0,0,0,0,0,0,4096,256,131072,4,15|4,0,134217728,262144,512,0,0,0,0,1880,0,1868,0,470,467,0,1,1880,0|200,3371139222,6,122484480,0,0,0,0,0,130097839,0,467,0,2413974757,1,2413974757,1,2080,2372740338,1,67125832,0,0,0,0,0
1785954590653|1004|stream128_r2f_01|fixed|188,1378943233,16781056,138013324,136103564,1565911,0,1565911,0,33234,0,16617,0,0,0,130009,130009,106165000,0,4096,0,0,0,16617,0,3644842238,0,3644842246,0,0,0,0,0,0,0,0,0,4096,256,131072,4,15|4,0,134217728,262144,512,0,0,0,0,1968,0,1956,0,492,489,0,1,1968,0|202,81322814,7,0,0,128188416,0,128188416,0,391759,0,0,489,0,0,0,0,0,0,0,7834764,0,0,0,0,0
1785954590653|1004|stream128_r2f_01|rotating|188,1378943233,33558272,138132823,136221020,136565501,136221020,136565501,136221020,130612,130125,130122,130122,0,0,16632,0,4016603048,4008619672,4096,4096,0,0,130122,130122,3624506996,3624507329,3624507004,3624507337,0,0,0,0,0,0,0,0,4096,256,131072,4,15|4,0,134217728,262144,512,0,0,0,0,1968,0,1956,0,492,489,0,1,1968,0|202,3691407875,6,128306976,0,0,0,0,0,136286873,0,489,0,2732787786,1,2732787786,1,2080,2689869537,1,69959029,0,0,0,0,0
1785954595655|1004|stream128_r2f_01|fixed|190,1378943233,16781056,144284772,142287632,1637056,0,1637056,0,34744,0,17372,0,0,0,135917,135917,110988672,0,4096,0,0,0,17372,0,3964955611,0,3964955619,0,0,0,0,0,0,0,0,0,4096,256,131072,4,15|4,0,134217728,262144,512,0,0,0,0,2048,0,2044,0,512,511,0,1,2048,0|204,398795562,7,0,0,133955584,0,133955584,0,409405,0,0,511,0,0,0,0,0,0,0,7885728,0,0,0,0,0
1785954595655|1004|stream128_r2f_01|rotating|190,1378943233,33554687,144374617,142375786,142736523,142375786,142736523,142375786,136514,136005,136001,136001,0,0,17383,0,4198095835,4189752328,4096,4096,0,0,136002,136002,3943106992,3943107013,3943107000,3943106989,0,0,0,0,0,0,0,0,4096,256,131072,4,15|4,0,134217728,262144,512,0,0,0,0,2048,0,2044,0,512,511,0,1,2048,0|204,4008136275,6,134066240,0,0,0,0,0,142405391,0,511,0,3048076370,1,3048076370,1,2080,3003458145,1,72794796,0,0,0,0,0
1785954601681|1005|stream128_r2f_02|fixed|194,1378943233,16781056,6143834,6059567,69643,0,69643,0,1478,0,739,0,0,0,5787,5786,4721392,0,4096,0,0,0,739,0,55858171,0,55858179,0,0,0,0,0,0,0,0,0,4096,256,131072,4,15|4,0,134217728,262144,512,0,0,0,0,96,0,84,0,24,21,0,1,96,0|212,784483190,7,0,0,5505024,0,5505024,0,17528,0,0,21,0,0,0,0,0,0,0,6892890,0,0,0,0,0
1785954601681|1005|stream128_r2f_02|rotating|194,1378943233,33554687,6220567,6134862,6150079,6134862,6150079,6134862,5883,5860,5859,5859,0,0,748,0,180867276,180508215,4096,4096,0,0,5860,5860,33354414,33354387,33354422,33354395,0,0,0,0,0,0,0,0,4096,256,131072,4,15|4,0,134217728,262144,512,0,0,0,0,100,0,88,0,25,22,0,1,100,0|212,99951586,7,5838304,0,0,0,0,0,6200923,0,22,0,324621326,0,324621326,0,2080,317743376,0,9762800,0,0,0,0,0
1785954606683|1005|stream128_r2f_02|fixed|196,1378943233,16781056,12416235,12245165,140788,0,140788,0,2988,0,1494,0,0,0,11698,11698,9545064,0,4096,0,0,0,1494,0,375973269,0,375973277,0,0,0,0,0,0,0,0,0,4096,256,131072,4,15|4,0,134217728,262144,512,0,0,0,0,188,0,176,0,47,44,0,1,188,0|214,1106407332,7,0,0,11534336,0,11534336,0,35432,0,0,44,0,0,0,0,0,0,0,6936144,0,0,0,0,0
1785954606683|1005|stream128_r2f_02|rotating|196,1378943233,33554687,12534259,12360980,12392057,12360980,12392057,12360980,11855,11810,11809,11809,0,0,1509,0,364535789,363818544,4096,4096,0,0,11810,11810,355731727,355731748,355731735,355731708,0,0,0,0,0,0,0,0,4096,256,131072,4,15|4,0,134217728,262144,512,0,0,0,0,188,0,176,0,47,44,0,1,188,0|214,421410850,7,11684512,0,0,0,0,0,12409274,0,44,0,644619038,0,644619038,0,2080,636058116,0,12600230,0,0,0,0,0
1785954611685|1005|stream128_r2f_02|fixed|198,1378943233,16781056,18678521,18419241,211937,0,211937,0,4498,0,2249,0,0,0,17598,17598,14368728,0,4096,0,0,0,2249,0,695890155,0,695890163,0,0,0,0,0,0,0,0,0,4096,256,131072,4,15|4,0,134217728,262144,512,0,0,0,0,276,0,264,0,69,66,0,1,276,0|216,1424876811,7,0,0,17301504,0,17301504,0,53125,0,0,66,0,0,0,0,0,0,0,6977141,0,0,0,0,0
1785954611685|1005|stream128_r2f_02|rotating|198,1378943233,33554687,18754756,18494597,18541971,18494597,18541971,18494597,17738,17671,17670,17670,0,0,2258,0,545438241,544362588,4096,4096,0,0,17671,17671,673303701,673303682,673303709,673303690,0,0,0,0,0,0,0,0,4096,256,131072,4,15|4,0,134217728,262144,512,0,0,0,0,276,0,264,0,69,66,0,1,276,0|216,739364050,7,17467488,0,0,0,0,0,18550833,0,66,0,961126494,0,961126494,0,2080,950868534,0,15438150,0,0,0,0,0
1785954616695|1005|stream128_r2f_02|fixed|200,1378943233,16781056,24961103,24615273,283178,0,283178,0,6010,0,3005,0,0,0,23517,23517,19198776,0,4096,0,0,0,3005,0,1016429628,0,1016429636,0,0,0,0,0,0,0,0,0,4096,256,131072,4,15|4,0,134217728,262144,512,0,0,0,0,364,0,352,0,91,88,0,1,364,0|218,1745390330,7,0,0,23068672,0,23068672,0,70936,0,0,88,0,0,0,0,0,0,0,7020015,0,0,0,0,0
1785954616695|1005|stream128_r2f_02|rotating|200,1378943233,33558272,25037594,24690757,24753565,24690757,24753565,24690757,23678,23589,23589,23589,0,0,3014,0,728143968,726709616,4096,4096,0,0,23589,23589,993983717,993984034,993983725,993984042,0,0,0,0,0,0,0,0,4096,256,131072,4,15|4,0,134217728,262144,512,0,0,0,0,364,0,352,0,91,88,0,1,364,0|218,1060184209,7,23305792,0,0,0,0,0,24749435,0,88,0,1280487077,0,1280487077,0,2080,1268549822,0,18270206,0,0,0,0,0
1785954621697|1005|stream128_r2f_02|fixed|202,1378943233,16781056,31263039,30829797,354705,0,354705,0,7528,0,3764,0,0,0,29452,29452,24047952,0,4096,0,0,0,3764,0,1338263779,0,1338263795,0,0,0,0,0,0,0,0,0,4096,256,131072,4,15|4,0,134217728,262144,512,0,0,0,0,452,0,440,0,113,110,0,1,452,0|220,2067727898,7,0,0,28835840,0,28835840,0,88840,0,0,110,0,0,0,0,0,0,0,7063770,0,0,0,0,0
1785954621697|1005|stream128_r2f_02|rotating|202,1378943233,33558272,31343186,30908368,30987542,30908368,30987542,30908368,29640,29528,29528,29528,0,0,3774,0,911469816,909659048,4096,4096,0,0,29528,29528,1315887785,1315888126,1315887793,1315888134,0,0,0,0,0,0,0,0,4096,256,131072,4,15|4,0,134217728,262144,512,0,0,0,0,456,0,444,0,114,111,0,1,456,0|220,1381214498,7,29145408,0,0,0,0,0,30950010,0,111,0,1600057462,0,1600057462,0,2080,1586302899,0,21235978,0,0,0,0,0
1785954626700|1005|stream128_r2f_02|fixed|204,1378943233,16781056,37528016,37007125,425756,0,425756,0,9036,0,4518,0,0,0,35354,35354,28865216,0,4096,0,0,0,4518,0,1657952030,0,1657952038,0,0,0,0,0,0,0,0,0,4096,256,131072,4,15|4,0,134217728,262144,512,0,0,0,0,544,0,532,0,136,133,0,1,544,0|222,2385755229,7,0,0,34865152,0,34865152,0,106533,0,0,133,0,0,0,0,0,0,0,7119848,0,0,0,0,0
1785954626700|1005|stream128_r2f_02|rotating|204,1378943233,33554687,37579952,37057764,37153537,37057764,37153537,37057764,35537,35403,35403,35403,0,0,4525,0,1092816163,1090645446,4096,4096,0,0,35403,35403,1634234047,1634234372,1634234055,1634234380,0,0,0,0,0,0,0,0,4096,256,131072,4,15|4,0,134217728,262144,512,0,0,0,0,544,0,532,0,136,133,0,1,544,0|222,1699281838,7,34928384,0,0,0,0,0,37094427,0,133,0,1916679058,0,1916679058,0,2080,1901224083,0,24077272,0,0,0,0,0
1785954631703|1005|stream128_r2f_02|fixed|206,1378943233,16781056,43783867,43174505,496715,0,496715,0,10542,0,5271,0,0,0,41245,41245,33676096,0,4096,0,0,0,5271,0,1977008451,0,1977008459,0,0,0,0,0,0,0,0,0,4096,256,131072,4,15|4,0,134217728,262144,512,0,0,0,0,632,0,620,0,158,155,0,1,632,0|224,2706115436,7,0,0,40632320,0,40632320,0,124320,0,0,155,0,0,0,0,0,0,0,7168992,0,0,0,0,0
1785954631703|1005|stream128_r2f_02|rotating|206,1378943233,33554687,43851204,43241171,43353734,43241171,43353734,43241171,41466,41310,41309,41309,0,0,5279,0,1275130134,1272600969,4096,4096,0,0,41310,41310,1954265635,1954265640,1954265643,1954265648,0,0,0,0,0,0,0,0,4096,256,131072,4,15|4,0,134217728,262144,512,0,0,0,0,632,0,620,0,158,155,0,1,632,0|224,2019442784,7,40750880,0,0,0,0,0,43280815,0,155,0,2235384380,0,2235384380,0,2080,2218242624,0,26913420,0,0,0,0,0
1785954636711|1005|stream128_r2f_02|fixed|208,1378943233,16781056,50061314,49364529,567958,0,567958,0,12054,0,6027,0,0,0,47158,47158,38506176,0,4096,0,0,0,6027,0,2297549314,0,2297549322,0,0,0,0,0,0,0,0,0,4096,256,131072,4,15|4,0,134217728,262144,512,0,0,0,0,720,0,708,0,180,177,0,1,720,0|226,3026528071,7,0,0,46399488,0,46399488,0,142131,0,0,177,0,0,0,0,0,0,0,7210101,0,0,0,0,0
1785954636711|1005|stream128_r2f_02|rotating|208,1378943233,33556599,50136305,49438635,49567498,49438635,49567498,49438635,47409,47231,47229,47229,0,0,6036,0,1457863837,1454974296,4096,4096,0,0,47230,47230,2275015282,2275015271,2275015290,2275015279,0,0,0,0,0,0,0,0,4096,256,131072,4,15|4,0,134217728,262144,512,0,0,0,0,720,0,708,0,180,177,0,1,720,0|226,2340819324,7,46597088,0,0,0,0,0,49490667,0,177,0,2555299368,0,2555299368,0,2080,2536478659,0,29746831,0,0,0,0,0
1785954641719|1005|stream128_r2f_02|fixed|210,1378943233,16781056,56336520,55551219,639200,0,639200,0,13566,0,6783,0,0,0,53075,53075,43336208,0,4096,0,0,0,6783,0,2618093740,0,2618093748,0,0,0,0,0,0,0,0,0,4096,256,131072,4,15|4,0,134217728,262144,512,0,0,0,0,808,0,796,0,202,199,0,1,808,0|228,3347677412,7,0,0,52166656,0,52166656,0,159975,0,0,199,0,0,0,0,0,0,0,7259997,0,0,0,0,0
1785954641719|1005|stream128_r2f_02|rotating|210,1378943233,33555404,56429835,55643514,55789599,55643514,55789599,55643514,53364,53165,53163,53163,0,0,6794,0,1641034952,1637785872,4096,4096,0,0,53163,53163,2596507870,2596508195,2596507878,2596508203,0,0,0,0,0,0,0,0,4096,256,131072,4,15|4,0,134217728,262144,512,0,0,0,0,808,0,796,0,202,199,0,1,808,0|228,2661770491,7,52428800,0,0,0,0,0,55683700,0,200,0,2874792607,0,2874792607,0,2080,2854228084,0,32637443,0,0,0,0,0
1785954646733|1005|stream128_r2f_02|fixed|212,1378943233,16781056,62616957,61745651,710537,0,710537,0,15080,0,7540,0,0,0,58996,58996,48172576,0,4096,0,0,0,7540,0,2939064072,0,2939064080,0,0,0,0,0,0,0,0,0,4096,256,131072,4,15|4,0,134217728,262144,512,0,0,0,0,896,0,884,0,224,221,0,1,896,0|230,3667821862,7,0,0,57933824,0,57933824,0,177775,0,0,221,0,0,0,0,0,0,0,7302865,0,0,0,0,0
1785954646733|1005|stream128_r2f_02|rotating|212,1378943233,33554687,62691097,61818152,61979714,61818152,61979714,61818152,59290,59069,59066,59066,0,0,7549,0,1823245901,1819623032,4096,4096,0,0,59066,59066,2916474649,2916474998,2916474657,2916475006,0,0,0,0,0,0,0,0,4096,256,131072,4,15|4,0,134217728,262144,512,0,0,0,0,900,0,888,0,225,222,0,1,900,0|230,2982407438,7,58267104,0,0,0,0,0,61872283,0,222,0,3193969978,0,3193969978,0,2080,3171649371,0,35546257,0,0,0,0,0
1785954651742|1005|stream128_r2f_02|fixed|214,1378943233,16781056,68891720,67932795,781776,0,781776,0,16592,0,8296,0,0,0,64911,64911,53002656,0,4096,0,0,0,8296,0,3259280198,0,3259280206,0,0,0,0,0,0,0,0,0,4096,256,131072,4,15|4,0,134217728,262144,512,0,0,0,0,988,0,976,0,247,244,0,1,988,0|232,3988481859,7,0,0,63963136,0,63963136,0,195585,0,0,244,0,0,0,0,0,0,0,7347884,0,0,0,0,0
1785954651742|1005|stream128_r2f_02|rotating|214,1378943233,33554687,68968213,68008355,68185587,68008355,68185587,68008355,65230,64987,64983,64983,0,0,8305,0,2005896644,2001913791,4096,4096,0,0,64984,64984,3237088112,3237088125,3237088120,3237088133,0,0,0,0,0,0,0,0,4096,256,131072,4,15|4,0,134217728,262144,512,0,0,0,0,988,0,976,0,247,244,0,1,988,0|232,3302038692,7,64073792,0,0,0,0,0,68043739,0,244,0,3512149560,0,3512149560,0,2080,3488143350,0,38377833,0,0,0,0,0
1785954656746|1005|stream128_r2f_02|fixed|216,1378943233,16781056,75170761,74124660,853019,0,853019,0,18104,0,9052,0,0,0,70825,70825,57832712,0,4096,0,0,0,9052,0,3579945950,0,3579945958,0,0,0,0,0,0,0,0,0,4096,256,131072,4,15|4,0,134217728,262144,512,0,0,0,0,1076,0,1064,0,269,266,0,1,1076,0|234,13885762,8,0,0,69730304,0,69730304,0,213396,0,0,266,0,0,0,0,0,0,0,7386031,0,0,0,0,0
1785954656746|1005|stream128_r2f_02|rotating|216,1378943233,33554687,75248641,74201606,74394773,74201606,74394773,74201606,71169,70903,70899,70899,0,0,9061,0,2188510820,2184169119,4096,4096,0,0,70900,70900,3557628451,3557628432,3557628459,3557628440,0,0,0,0,0,0,0,0,4096,256,131072,4,15|4,0,134217728,262144,512,0,0,0,0,1076,0,1064,0,269,266,0,1,1076,0|234,3624494652,7,69943712,0,0,0,0,0,74274075,0,266,0,3833138040,0,3833138040,0,2080,3807458101,0,41211111,0,0,0,0,0
1785954661760|1005|stream128_r2f_02|fixed|218,1378943233,16781056,81458778,80326387,924356,0,924356,0,19618,0,9809,0,0,0,76748,76748,62669144,0,4096,0,0,0,9809,0,3900915719,0,3900915727,0,0,0,0,0,0,0,0,0,4096,256,131072,4,15|4,0,134217728,262144,512,0,0,0,0,1164,0,1152,0,291,288,0,1,1164,0|236,334831478,8,0,0,75497472,0,75497472,0,231231,0,0,288,0,0,0,0,0,0,0,7434477,0,0,0,0,0
1785954661760|1005|stream128_r2f_02|rotating|218,1378943233,33558272,81525856,80392774,80600745,80392774,80600745,80392774,77103,76815,76812,76812,0,0,9817,0,2371029704,2366331168,4096,4096,0,0,76812,76812,3877987253,3877987602,3877987261,3877987610,0,0,0,0,0,0,0,0,4096,256,131072,4,15|4,0,134217728,262144,512,0,0,0,0,1164,0,1152,0,291,288,0,1,1164,0|236,3943067449,7,75734592,0,0,0,0,0,80429504,0,288,0,4150263117,0,4150263117,0,2080,4122893185,0,44043683,0,0,0,0,0
1785954666769|1005|stream128_r2f_02|fixed|220,1378943233,16781056,87736893,86517282,995599,0,995599,0,21130,0,10565,0,0,0,82665,82665,67499128,0,4096,0,0,0,10565,0,4221458636,0,4221458644,0,0,0,0,0,0,0,0,0,4096,256,131072,4,15|4,0,134217728,262144,512,0,0,0,0,1252,0,1240,0,313,310,0,1,1252,0|238,656041914,8,0,0,81264640,0,81264640,0,249064,0,0,310,0,0,0,0,0,0,0,7471646,0,0,0,0,0
1785954666769|1005|stream128_r2f_02|rotating|220,1378943233,33554687,87832584,86611020,86835857,86611020,86835857,86611020,83070,82759,82755,82755,0,0,10577,0,2554498727,2549424682,4096,4096,0,0,82756,82756,4200151267,4200151272,4200151275,4200151280,0,0,0,0,0,0,0,0,4096,256,131072,4,15|4,0,134217728,262144,512,0,0,0,0,1256,0,1244,0,314,311,0,1,1256,0|238,4266951427,7,81629536,0,0,0,0,0,86681111,0,311,0,177706063,1,177706063,1,2080,148531544,1,47008613,0,0,0,0,0
1785954671775|1005|stream128_r2f_02|fixed|222,1378943233,16781056,94010512,92704762,1066744,0,1066744,0,22640,0,11320,0,0,0,88575,88575,72322800,0,4096,0,0,0,11320,0,246602534,0,246602542,0,0,0,0,0,0,0,0,0,4096,256,131072,4,15|4,0,134217728,262144,512,0,0,0,0,1344,0,1332,0,336,333,0,1,1344,0|240,975867929,8,0,0,87293952,0,87293952,0,266851,0,0,333,0,0,0,0,0,0,0,7517539,0,0,0,0,0
1785954671775|1005|stream128_r2f_02|rotating|222,1378943233,33558272,94085255,92777662,93017568,92777662,93017568,92777662,88983,88649,88646,88646,0,0,11330,0,2736320400,2730888216,4096,4096,0,0,88646,88646,224335017,224335358,224335025,224335366,0,0,0,0,0,0,0,0,4096,256,131072,4,15|4,0,134217728,262144,512,0,0,0,0,1344,0,1332,0,336,333,0,1,1344,0|240,290400758,8,87420416,0,0,0,0,0,92832647,0,333,0,494674970,1,494674970,1,2080,463810599,1,49841044,0,0,0,0,0
1785954676776|1005|stream128_r2f_02|fixed|224,1378943233,16781056,100285219,98890037,1137986,0,1137986,0,24152,0,12076,0,0,0,94484,94484,77152856,0,4096,0,0,0,12076,0,566943060,0,566943068,0,0,0,0,0,0,0,0,0,4096,256,131072,4,15|4,0,134217728,262144,512,0,0,0,0,1432,0,1420,0,358,355,0,1,1432,0|242,1295945987,8,0,0,93061120,0,93061120,0,284638,0,0,355,0,0,0,0,0,0,0,7566304,0,0,0,0,0
1785954676776|1005|stream128_r2f_02|rotating|224,1378943233,33554687,100352273,98956338,99213532,98956338,99213532,98956338,94908,94552,94548,94548,0,0,12084,0,2918505372,2912713815,4096,4096,0,0,94549,94549,544142655,544142668,544142663,544142676,0,0,0,0,0,0,0,0,4096,256,131072,4,15|4,0,134217728,262144,512,0,0,0,0,1432,0,1420,0,358,355,0,1,1432,0|242,609253105,8,93219200,0,0,0,0,0,98993861,0,355,0,812077621,1,812077621,1,2080,779525642,1,52672928,0,0,0,0,0
1785954681777|1005|stream128_r2f_02|fixed|226,1378943233,16781056,106555204,105073993,1209134,0,1209134,0,25662,0,12831,0,0,0,100390,100390,81976512,0,4096,0,0,0,12831,0,887058755,0,887058763,0,0,0,0,0,0,0,0,0,4096,256,131072,4,15|4,0,134217728,262144,512,0,0,0,0,1520,0,1508,0,380,377,0,1,1520,0|244,1615895618,8,0,0,98828288,0,98828288,0,302425,0,0,377,0,0,0,0,0,0,0,7614527,0,0,0,0,0
1785954681777|1005|stream128_r2f_02|rotating|226,1378943233,33554687,106621524,105139523,105411634,105139523,105411634,105139523,100835,100457,100453,100453,0,0,12839,0,3100783200,3094631600,4096,4096,0,0,100454,100454,864099582,864099611,864099590,864099571,0,0,0,0,0,0,0,0,4096,256,131072,4,15|4,0,134217728,262144,512,0,0,0,0,1520,0,1508,0,380,377,0,1,1520,0|244,929039007,8,99033792,0,0,0,0,0,105172911,0,377,0,1130409875,1,1130409875,1,2080,1096167515,1,55510979,0,0,0,0,0
1785954686784|1005|stream128_r2f_02|fixed|228,1378943233,16781056,112829702,111261774,1280284,0,1280284,0,27172,0,13586,0,0,0,106302,106302,86800168,0,4096,0,0,0,13586,0,1207169884,0,1207169900,0,0,0,0,0,0,0,0,0,4096,256,131072,4,15|4,0,134217728,262144,512,0,0,0,0,1608,0,1596,0,402,399,0,1,1608,0|246,1936378858,8,0,0,104595456,0,104595456,0,320235,0,0,399,0,0,0,0,0,0,0,7655124,0,0,0,0,0
1785954686784|1005|stream128_r2f_02|rotating|228,1378943233,33554687,112904394,111335623,111623264,111335623,111623264,111335623,106776,106379,106372,106372,0,0,13595,0,3283495645,3276987048,4096,4096,0,0,106373,106373,1184810699,1184810720,1184810707,1184810728,0,0,0,0,0,0,0,0,4096,256,131072,4,15|4,0,134217728,262144,512,0,0,0,0,1612,0,1600,0,403,400,0,1,1612,0|246,1249982041,8,104865504,0,0,0,0,0,111369897,0,400,0,1449894981,1,1449894981,1,2080,1413837605,1,58472762,0,0,0,0,0
1785954691798|1005|stream128_r2f_02|fixed|230,1378943233,16781056,119117210,117462297,1351618,0,1351618,0,28686,0,14343,0,0,0,112225,112225,91636560,0,4096,0,0,0,14343,0,1528140425,0,1528140433,0,0,0,0,0,0,0,0,0,4096,256,131072,4,15|4,0,134217728,262144,512,0,0,0,0,1696,0,1688,0,425,422,0,1,1700,0|248,2256319512,8,0,0,110624768,0,110624768,0,338022,0,0,422,0,0,0,0,0,0,0,7706894,0,0,0,0,0
1785954691798|1005|stream128_r2f_02|rotating|230,1378943233,33554687,119178958,117522564,117826587,117522564,117826587,117522564,112710,112290,112283,112283,0,0,14351,0,3465947970,3459062621,4096,4096,0,0,112284,112284,1505194331,1505194328,1505194339,1505194336,0,0,0,0,0,0,0,0,4096,256,131072,4,15|4,0,134217728,262144,512,0,0,0,0,1700,0,1688,0,425,422,0,1,1700,0|248,1570968389,8,110703808,0,0,0,0,0,117572051,0,422,0,1769421753,1,1769421753,1,2080,1731683713,1,61306187,0,0,0,0,0
1785954696804|1005|stream128_r2f_02|fixed|232,1378943233,16781056,125415049,123673125,1423142,0,1423142,0,30204,0,15102,0,0,0,118157,118157,96485792,0,4096,0,0,0,15102,0,1849773445,0,1849773453,0,0,0,0,0,0,0,0,0,4096,256,131072,4,15|4,0,134217728,262144,512,0,0,0,0,1788,0,1776,0,447,444,0,1,1788,0|250,2578969718,8,0,0,116391936,0,116391936,0,355950,0,0,444,0,0,0,0,0,0,0,7739318,0,0,0,0,0
1785954696804|1005|stream128_r2f_02|rotating|232,1378943233,33554687,125506713,123763888,124082533,123763888,124082533,123763888,118692,118251,118244,118243,0,0,15113,0,3649946786,3642702165,4096,4096,0,0,118244,118244,1828135004,1828135033,1828135020,1828135041,0,0,0,0,0,0,0,0,4096,256,131072,4,15|4,0,134217728,262144,512,0,0,0,0,1788,0,1776,0,447,444,0,1,1788,0|250,1894899106,8,116597440,0,0,0,0,0,123831775,0,444,0,2091879062,1,2091879062,1,2064,2052470664,1,64141185,0,0,0,0,0
1785954701813|1005|stream128_r2f_02|fixed|234,1378943233,16781056,131673799,129844713,1494197,0,1494197,0,31712,0,15856,0,0,0,124053,124053,101303072,0,4096,0,0,0,15856,0,2169457883,0,2169457891,0,0,0,0,0,0,0,0,0,4096,256,131072,4,15|4,0,134217728,262144,512,0,0,0,0,1876,0,1864,0,469,466,0,1,1876,0|252,2898199631,8,0,0,122159104,0,122159104,0,373690,0,0,466,0,0,0,0,0,0,0,7778576,0,0,0,0,0
1785954701813|1005|stream128_r2f_02|rotating|234,1378943233,33558272,131749260,129919175,130254214,129919175,130254214,129919175,124594,124131,124124,124124,0,0,15865,0,3831455912,3823850160,4096,4096,0,0,124124,124124,2146745155,2146745472,2146745163,2146745488,0,0,0,0,0,0,0,0,4096,256,131072,4,15|4,0,134217728,262144,512,0,0,0,0,1876,0,1864,0,469,466,0,1,1876,0|252,2211777183,8,122364608,0,0,0,0,0,129953787,0,466,0,2407315347,1,2407315347,1,2080,2366207883,1,66977739,0,0,0,0,0
1785954706821|1005|stream128_r2f_02|fixed|236,1378943233,16781056,137957341,136041697,1565440,0,1565440,0,33224,0,16612,0,0,0,129971,129971,106133104,0,4096,0,0,0,16612,0,2489997534,0,2489997550,0,0,0,0,0,0,0,0,0,4096,256,131072,4,15|4,0,134217728,262144,512,0,0,0,0,1964,0,1952,0,491,488,0,1,1964,0|254,3218953814,8,0,0,127926272,0,127926272,0,391501,0,0,488,0,0,0,0,0,0,0,7826829,0,0,0,0,0
1785954706821|1005|stream128_r2f_02|rotating|236,1378943233,33558272,138024844,136108472,136458652,136108472,136458652,136108472,130527,130042,130035,130035,0,0,16620,0,4013916360,4005950952,4096,4096,0,0,130035,130035,2467016316,2467016657,2467016324,2467016665,0,0,0,0,0,0,0,0,4096,256,131072,4,15|4,0,134217728,262144,512,0,0,0,0,1964,0,1952,0,491,488,0,1,1964,0|254,2532212351,8,128187104,0,0,0,0,0,136145896,0,488,0,2726294891,1,2726294891,1,2080,2683504566,1,69809967,0,0,0,0,0
1785954711831|1005|stream128_r2f_02|fixed|238,1378943233,16781056,144236922,142234047,1636680,0,1636680,0,34736,0,17368,0,0,0,135886,135886,110963096,0,4096,0,0,0,17368,0,2810546267,0,2810546275,0,0,0,0,0,0,0,0,0,4096,256,131072,4,15|5,0,134217728,262144,512,0,0,0,0,2048,0,2044,0,512,511,0,1,2048,0|256,3539399449,8,0,0,133955584,0,133955584,0,409311,0,0,511,0,0,0,0,0,0,0,7881672,0,0,0,0,0
1785954711831|1005|stream128_r2f_02|rotating|238,1378943233,33554687,144325879,142321378,142688162,142321378,142688162,142321378,136486,135980,135970,135970,0,0,17379,0,4197129900,4188788607,4096,4096,0,0,135971,135971,2788743710,2788743715,2788743718,2788743723,0,0,0,0,0,0,0,0,4096,256,131072,4,15|4,0,134217728,262144,512,0,0,0,0,2048,0,2044,0,512,511,0,1,2048,0|256,2854433356,8,134050432,0,0,0,0,0,142368440,0,511,0,3047050064,1,3047050064,1,2080,3002443533,1,72779728,0,0,0,0,0
1785954717811|1006|stream128_r2f_03|fixed|242,1378943233,16781056,6155987,6071321,69737,0,69737,0,1480,0,740,0,0,0,5798,5798,4727776,0,4096,0,0,0,740,0,3193468789,0,3193468797,0,0,0,0,0,0,0,0,0,4096,256,131072,4,15|4,0,134217728,262144,512,0,0,0,0,96,0,84,0,24,21,0,1,96,0|264,3922237539,8,0,0,5505024,0,5505024,0,17575,0,0,21,0,0,0,0,0,0,0,6878904,0,0,0,0,0
1785954717811|1006|stream128_r2f_03|rotating|242,1378943233,33554687,6218893,6132978,6148405,6132978,6148405,6132978,5881,5858,5857,5857,0,0,748,0,180810976,180451352,4096,4096,0,0,5858,5858,3170438024,3170438021,3170438008,3170437981,0,0,0,0,0,0,0,0,4096,256,131072,4,15|4,0,134217728,262144,512,0,0,0,0,100,0,88,0,25,22,0,1,100,0|264,3235615710,8,5814592,0,0,0,0,0,6170971,0,22,0,323109357,0,323109357,0,2080,316225053,0,9764078,0,0,0,0,0
1785954722823|1006|stream128_r2f_03|fixed|244,1378943233,16781056,12433947,12261626,141071,0,141071,0,2994,0,1497,0,0,0,11715,11715,9564232,0,4096,0,0,0,1497,0,3514241752,0,3514241760,0,0,0,0,0,0,0,0,0,4096,256,131072,4,15|4,0,134217728,262144,512,0,0,0,0,188,0,176,0,47,44,0,1,188,0|266,4243038622,8,0,0,11534336,0,11534336,0,35409,0,0,44,0,0,0,0,0,0,0,6930223,0,0,0,0,0
1785954722823|1006|stream128_r2f_03|rotating|244,1378943233,33554687,12502034,12328858,12360208,12328858,12360208,12328858,11826,11780,11779,11779,0,0,1505,0,363598164,362879039,4096,4096,0,0,11780,11780,3491284375,3491284372,3491284383,3491284380,0,0,0,0,0,0,0,0,4096,256,131072,4,15|4,0,134217728,262144,512,0,0,0,0,188,0,176,0,47,44,0,1,188,0|266,3556245297,8,11644992,0,0,0,0,0,12363325,0,44,0,642281344,0,642281344,0,2080,633713628,0,12598554,0,0,0,0,0
1785954727831|1006|stream128_r2f_03|fixed|246,1378943233,16781056,18711831,18452604,212314,0,212314,0,4506,0,2253,0,0,0,17630,17630,14394312,0,4096,0,0,0,2253,0,3834779307,0,3834779315,0,0,0,0,0,0,0,0,0,4096,256,131072,4,15|4,0,134217728,262144,512,0,0,0,0,276,0,264,0,69,66,0,1,276,0|268,268620638,9,0,0,17301504,0,17301504,0,53220,0,0,66,0,0,0,0,0,0,0,6973206,0,0,0,0,0
1785954727831|1006|stream128_r2f_03|rotating|246,1378943233,33554687,18778770,18518694,18565702,18518694,18565702,18518694,17761,17693,17692,17692,0,0,2261,0,546143161,545065248,4096,4096,0,0,17693,17693,3811690102,3811690115,3811690110,3811690099,0,0,0,0,0,0,0,0,4096,256,131072,4,15|4,0,134217728,262144,512,0,0,0,0,276,0,264,0,69,66,0,1,276,0|268,3876793232,8,17475392,0,0,0,0,0,18555506,0,66,0,961371679,0,961371679,0,2080,951124949,0,15428632,0,0,0,0,0
1785954732837|1006|stream128_r2f_03|fixed|248,1378943233,16781056,24988760,24642564,283461,0,283461,0,6016,0,3008,0,0,0,23542,23542,19217944,0,4096,0,0,0,3008,0,4154890554,0,4154890562,0,0,0,0,0,0,0,0,0,4096,256,131072,4,15|4,0,134217728,262144,512,0,0,0,0,364,0,352,0,91,88,0,1,364,0|270,588889977,9,0,0,23068672,0,23068672,0,71007,0,0,88,0,0,0,0,0,0,0,7018126,0,0,0,0,0
1785954732837|1006|stream128_r2f_03|rotating|248,1378943233,33558272,25060001,24712927,24775690,24712927,24775690,24712927,23700,23611,23610,23610,0,0,3017,0,728793272,727358248,4096,4096,0,0,23610,23610,4132285848,4132286189,4132285856,4132286197,0,0,0,0,0,0,0,0,4096,256,131072,4,15|4,0,134217728,262144,512,0,0,0,0,364,0,352,0,91,88,0,1,368,0|270,4199128214,8,23338720,0,0,0,0,0,24780352,0,89,0,1282240829,0,1282240829,0,2080,1270184798,0,18391488,0,0,0,0,0
1785954737850|1006|stream128_r2f_03|fixed|250,1378943233,16781056,31277171,30844142,354799,0,354799,0,7530,0,3765,0,0,0,29466,29466,24054328,0,4096,0,0,0,3765,0,180895870,0,180895878,0,0,0,0,0,0,0,0,0,4096,256,131072,4,15|4,0,134217728,262144,512,0,0,0,0,452,0,440,0,113,110,0,1,452,0|272,909588436,9,0,0,28835840,0,28835840,0,88817,0,0,110,0,0,0,0,0,0,0,7059968,0,0,0,0,0
1785954737850|1006|stream128_r2f_03|rotating|250,1378943233,33554687,31352410,30917825,30996671,30917825,30996671,30917825,29650,29538,29536,29536,0,0,3775,0,911741216,909930904,4096,4096,0,0,29537,29537,158574216,158574245,158574224,158574229,0,0,0,0,0,0,0,0,4096,256,131072,4,15|4,0,134217728,262144,512,0,0,0,0,456,0,444,0,114,111,0,1,456,0|272,224323368,9,29161216,0,0,0,0,0,30967210,0,111,0,1600947655,0,1600947655,0,2080,1587205416,0,21227063,0,0,0,0,0
1785954742854|1006|stream128_r2f_03|fixed|252,1378943233,16781056,37547575,37027686,425944,0,425944,0,9040,0,4520,0,0,0,35373,35373,28878000,0,4096,0,0,0,4520,0,501007407,0,501007415,0,0,0,0,0,0,0,0,0,4096,256,131072,4,15|4,0,134217728,262144,512,0,0,0,0,544,0,532,0,136,133,0,1,544,0|274,1230320632,9,0,0,34865152,0,34865152,0,106651,0,0,133,0,0,0,0,0,0,0,7105773,0,0,0,0,0
1785954742854|1006|stream128_r2f_03|rotating|252,1378943233,33554687,37650414,37128723,37223243,37128723,37223243,37128723,35605,35471,35469,35469,0,0,4533,0,1094879433,1092711200,4096,4096,0,0,35470,35470,480026073,480026094,480026081,480026070,0,0,0,0,0,0,0,0,4096,256,131072,4,15|4,0,134217728,262144,512,0,0,0,0,544,0,532,0,136,133,0,1,544,0|274,545771355,9,35007424,0,0,0,0,0,37178040,0,133,0,1920934090,0,1920934090,0,2080,1905512538,0,24060834,0,0,0,0,0
1785954747859|1006|stream128_r2f_03|fixed|254,1378943233,16781056,43822380,43214966,497186,0,497186,0,10552,0,5276,0,0,0,41283,41283,33708056,0,4096,0,0,0,5276,0,821354679,0,821354687,0,0,0,0,0,0,0,0,0,4096,256,131072,4,15|4,0,134217728,262144,512,0,0,0,0,632,0,620,0,158,155,0,1,632,0|276,1550776830,9,0,0,40632320,0,40632320,0,124461,0,0,155,0,0,0,0,0,0,0,7138526,0,0,0,0,0
1785954747859|1006|stream128_r2f_03|rotating|254,1378943233,33558272,43924368,43315646,43426049,43315646,43426049,43315646,41536,41381,41379,41379,0,0,5288,0,1277287360,1274761040,4096,4096,0,0,41379,41379,800200763,800201112,800200771,800201120,0,0,0,0,0,0,0,0,4096,256,131072,4,15|4,0,134217728,262144,512,0,0,0,0,632,0,620,0,158,155,0,1,632,0|276,865966377,9,40829920,0,0,0,0,0,43364976,0,155,0,2239673488,0,2239673488,0,2080,2222563672,0,26898465,0,0,0,0,0
1785954752860|1006|stream128_r2f_03|fixed|256,1378943233,16781056,50094120,49398824,568334,0,568334,0,12062,0,6031,0,0,0,47189,47189,38531712,0,4096,0,0,0,6031,0,1141470828,0,1141470836,0,0,0,0,0,0,0,0,0,4096,256,131072,4,15|4,0,134217728,262144,512,0,0,0,0,720,0,708,0,180,177,0,1,720,0|278,1870699103,9,0,0,46399488,0,46399488,0,142249,0,0,177,0,0,0,0,0,0,0,7184510,0,0,0,0,0
1785954752860|1006|stream128_r2f_03|rotating|256,1378943233,33554687,50175948,49479777,49606668,49479777,49606668,49479777,47446,47269,47266,47266,0,0,6041,0,1459031187,1456145768,4096,4096,0,0,47267,47267,1119238596,1119238601,1119238604,1119238577,0,0,0,0,0,0,0,0,4096,256,131072,4,15|4,0,134217728,262144,512,0,0,0,0,720,0,708,0,180,177,0,1,720,0|278,1185059182,9,46636608,0,0,0,0,0,49530632,0,177,0,2557314621,0,2557314621,0,2054,2538512289,0,29736954,0,0,0,0,0
1785954757873|1006|stream128_r2f_03|fixed|258,1378943233,16781056,56380809,55598387,639673,0,639673,0,13576,0,6788,0,0,0,53111,53111,43368128,0,4096,0,0,0,6788,0,1462440927,0,1462440935,0,0,0,0,0,0,0,0,0,4096,256,131072,4,15|4,0,134217728,262144,512,0,0,0,0,808,0,796,0,202,199,0,1,808,0|280,2191187732,9,0,0,52166656,0,52166656,0,160059,0,0,199,0,0,0,0,0,0,0,7228034,0,0,0,0,0
1785954757873|1006|stream128_r2f_03|rotating|258,1378943233,33554687,56454778,55671753,55814354,55671753,55814354,55671753,53384,53184,53181,53181,0,0,6796,0,1641612140,1638368855,4096,4096,0,0,53182,53182,1439722059,1439722072,1439722067,1439722080,0,0,0,0,0,0,0,0,4096,256,131072,4,15|4,0,134217728,262144,512,0,0,0,0,812,0,800,0,203,200,0,1,812,0|280,1504884174,9,52444608,0,0,0,0,0,55706723,0,200,0,2875687613,0,2875687613,0,2080,2855065673,0,32698238,0,0,0,0,0
1785954762881|1006|stream128_r2f_03|fixed|260,1378943233,16781056,62661379,61792283,710912,0,710912,0,15088,0,7544,0,0,0,59027,59027,48198152,0,4096,0,0,0,7544,0,1782981356,0,1782981364,0,0,0,0,0,0,0,0,0,4096,256,131072,4,15|4,0,134217728,262144,512,0,0,0,0,900,0,888,0,225,222,0,1,900,0|282,2512910218,9,0,0,58195968,0,58195968,0,177940,0,0,222,0,0,0,0,0,0,0,7276839,0,0,0,0,0
1785954762881|1006|stream128_r2f_03|rotating|260,1378943233,33557555,62773711,61902724,62061479,61902724,62061479,61902724,59358,59136,59133,59133,0,0,7558,0,1825316863,1821698834,4096,4096,0,0,59134,59134,1762292039,1762292052,1762292047,1762292060,0,0,0,0,0,0,0,0,4096,256,131072,4,15|4,0,134217728,262144,512,0,0,0,0,900,0,888,0,225,222,0,1,900,0|282,1827354631,9,58314528,0,0,0,0,0,61938452,0,222,0,3196690590,0,3196690590,0,2080,3174395240,0,35531197,0,0,0,0,0
1785954767888|1006|stream128_r2f_03|fixed|262,1378943233,16781056,68941598,67985280,782154,0,782154,0,16600,0,8300,0,0,0,64942,64942,53028200,0,4096,0,0,0,8300,0,2103326318,0,2103326326,0,0,0,0,0,0,0,0,0,4096,256,131072,4,15|4,0,134217728,262144,512,0,0,0,0,988,0,976,0,247,244,0,1,988,0|284,2832223564,9,0,0,63963136,0,63963136,0,195680,0,0,244,0,0,0,0,0,0,0,7309496,0,0,0,0,0
1785954767888|1006|stream128_r2f_03|rotating|262,1378943233,33554687,69008181,68051170,68225272,68051170,68225272,68051170,65253,65009,65005,65005,0,0,8308,0,2006589255,2002611186,4096,4096,0,0,65006,65006,2080492772,2080492777,2080492780,2080492785,0,0,0,0,0,0,0,0,4096,256,131072,4,15|4,0,134217728,262144,512,0,0,0,0,988,0,976,0,247,244,0,1,988,0|284,2146434646,9,64121216,0,0,0,0,0,68103549,0,244,0,3514318933,0,3514318933,0,2080,3490333290,0,38367463,0,0,0,0,0
1785954772893|1006|stream128_r2f_03|fixed|264,1378943233,16781056,75213719,74170369,853303,0,853303,0,18110,0,9055,0,0,0,70851,70851,57851896,0,4096,0,0,0,9055,0,2423439204,0,2423439212,0,0,0,0,0,0,0,0,0,4096,256,131072,4,15|4,0,134217728,262144,512,0,0,0,0,1076,0,1064,0,269,266,0,1,1076,0|286,3154197479,9,0,0,69730304,0,69730304,0,213561,0,0,266,0,0,0,0,0,0,0,7351567,0,0,0,0,0
1785954772893|1006|stream128_r2f_03|rotating|264,1378943233,33554687,75330916,74286099,74476293,74286099,74476293,74286099,71231,70965,70961,70961,0,0,9069,0,2190440849,2186104060,4096,4096,0,0,70962,70962,2403185969,2403185974,2403185977,2403185982,0,0,0,0,0,0,0,0,4096,256,131072,4,15|4,0,134217728,262144,512,0,0,0,0,1076,0,1064,0,269,266,0,1,1076,0|286,2468447179,9,69975328,0,0,0,0,0,74325456,0,266,0,3834867938,0,3834867938,0,2080,3809203235,0,41202678,0,0,0,0,0
1785954777895|1006|stream128_r2f_03|fixed|266,1378943233,16781056,81490095,80359671,924546,0,924546,0,19622,0,9811,0,0,0,76763,76763,62681928,0,4096,0,0,0,9811,0,2743984547,0,2743984555,0,0,0,0,0,0,0,0,0,4096,256,131072,4,15|4,0,134217728,262144,512,0,0,0,0,1164,0,1152,0,291,288,0,1,1164,0|288,3472832548,9,0,0,75497472,0,75497472,0,231277,0,0,288,0,0,0,0,0,0,0,7393586,0,0,0,0,0
1785954777895|1006|stream128_r2f_03|rotating|266,1378943233,33554687,81557345,80426329,80632047,80426329,80632047,80426329,77118,76832,76826,76826,0,0,9819,0,2371477478,2366782745,4096,4096,0,0,76827,76827,2720985998,2720986019,2720986006,2720986027,0,0,0,0,0,0,0,0,4096,256,131072,4,15|4,0,134217728,262144,512,0,0,0,0,1164,0,1152,0,291,288,0,1,1164,0|288,2786262791,9,75758304,0,0,0,0,0,80465622,0,288,0,4151237806,0,4151237806,0,2080,4123876084,0,44040579,0,0,0,0,0
1785954782907|1006|stream128_r2f_03|fixed|268,1378943233,16781056,87772994,86556602,995880,0,995880,0,21136,0,10568,0,0,0,82685,82685,67518296,0,4096,0,0,0,10568,0,3064959980,0,3064959988,0,0,0,0,0,0,0,0,0,4096,256,131072,4,15|4,0,134217728,262144,512,0,0,0,0,1256,0,1244,0,314,311,0,1,1256,0|290,3793762096,9,0,0,81526784,0,81526784,0,249111,0,0,311,0,0,0,0,0,0,0,7434292,0,0,0,0,0
1785954782907|1006|stream128_r2f_03|rotating|268,1378943233,33556599,87837734,86619919,86841101,86619919,86841101,86619919,83061,82751,82746,82746,0,0,10576,0,2554203349,2549134400,4096,4096,0,0,82747,82747,3041854113,3041854118,3041854121,3041854094,0,0,0,0,0,0,0,0,4096,256,131072,4,15|4,0,134217728,262144,512,0,0,0,0,1256,0,1244,0,314,311,0,1,1256,0|290,3106978961,9,81582112,0,0,0,0,0,86655446,0,311,0,175530728,1,175530728,1,2080,146347352,1,47007303,0,0,0,0,0
1785954787910|1006|stream128_r2f_03|fixed|270,1378943233,16781056,94039237,92735638,1067027,0,1067027,0,22646,0,11323,0,0,0,88588,88588,72341968,0,4096,0,0,0,11323,0,3384872189,0,3384872197,0,0,0,0,0,0,0,0,0,4096,256,131072,4,15|4,0,134217728,262144,512,0,0,0,0,1344,0,1332,0,336,333,0,1,1344,0|292,4113708925,9,0,0,87293952,0,87293952,0,266898,0,0,333,0,0,0,0,0,0,0,7475347,0,0,0,0,0
1785954787910|1006|stream128_r2f_03|rotating|270,1378943233,33554687,94112741,92808126,93044959,92808126,93044959,92808126,88994,88663,88657,88657,0,0,11331,0,2736668325,2731240752,4096,4096,0,0,88658,88658,3362132586,3362132591,3362132594,3362132599,0,0,0,0,0,0,0,0,4096,256,131072,4,15|4,0,134217728,262144,512,0,0,0,0,1344,0,1332,0,336,333,0,1,1344,0|292,3427422387,9,87412512,0,0,0,0,0,92846413,0,333,0,494516554,1,494516554,1,2080,463651039,1,49840506,0,0,0,0,0
1785954792918|1006|stream128_r2f_03|fixed|272,1378943233,16781056,100320681,98928498,1138270,0,1138270,0,24158,0,12079,0,0,0,94503,94503,77172048,0,4096,0,0,0,12079,0,3705417067,0,3705417075,0,0,0,0,0,0,0,0,0,4096,256,131072,4,15|4,0,134217728,262144,512,0,0,0,0,1432,0,1420,0,358,355,0,1,1432,0|294,139188770,10,0,0,93061120,0,93061120,0,284709,0,0,355,0,0,0,0,0,0,0,7514331,0,0,0,0,0
1785954792918|1006|stream128_r2f_03|rotating|272,1378943233,33554687,100396006,99002963,99256887,99002963,99256887,99002963,94933,94580,94574,94574,0,0,12088,0,2919324982,2913538304,4096,4096,0,0,94575,94575,3682744996,3682745017,3682745004,3682745001,0,0,0,0,0,0,0,0,4096,256,131072,4,15|4,0,134217728,262144,512,0,0,0,0,1432,0,1420,0,358,355,0,1,1432,0|294,3747777134,9,93242912,0,0,0,0,0,99036730,0,355,0,813413701,1,813413701,1,2080,780861828,1,52677928,0,0,0,0,0
1785954797931|1006|stream128_r2f_03|fixed|274,1378943233,16781056,106607081,105128961,1209512,0,1209512,0,25670,0,12835,0,0,0,100425,100425,82002080,0,4096,0,0,0,12835,0,4025962116,0,4025962124,0,0,0,0,0,0,0,0,0,4096,256,131072,4,15|4,0,134217728,262144,512,0,0,0,0,1520,0,1508,0,380,377,0,1,1520,0|296,460019445,10,0,0,98828288,0,98828288,0,302520,0,0,377,0,0,0,0,0,0,0,7558469,0,0,0,0,0
1785954797931|1006|stream128_r2f_03|rotating|274,1378943233,33554687,106684731,105205656,105474277,105205656,105474277,105205656,100879,100505,100498,100498,0,0,12845,0,3102172818,3096026709,4096,4096,0,0,100499,100499,4003702575,4003702588,4003702583,4003702596,0,0,0,0,0,0,0,0,4096,256,131072,4,15|4,0,134217728,262144,512,0,0,0,0,1520,0,1508,0,380,377,0,1,1520,0|296,4069508288,9,99090432,0,0,0,0,0,105253865,0,378,0,1133682975,1,1133682975,1,2080,1099447986,1,55515551,0,0,0,0,0
1785954802944|1006|stream128_r2f_03|fixed|276,1378943233,16781056,112892661,111327745,1280849,0,1280849,0,27184,0,13592,0,0,0,106346,106346,86838448,0,4096,0,0,0,13592,0,51964006,0,51964014,0,0,0,0,0,0,0,0,0,4096,256,131072,4,15|4,0,134217728,262144,512,0,0,0,0,1608,0,1596,0,402,399,0,1,1608,0|298,780250625,10,0,0,104595456,0,104595456,0,320306,0,0,399,0,0,0,0,0,0,0,7598554,0,0,0,0,0
1785954802944|1006|stream128_r2f_03|rotating|276,1378943233,33554687,112950776,111384404,111669176,111384404,111669176,111384404,106805,106408,106401,106401,0,0,13600,0,3284397266,3277876341,4096,4096,0,0,106402,106402,28715443,28715472,28715459,28715480,0,0,0,0,0,0,0,0,4096,256,131072,4,15|4,0,134217728,262144,512,0,0,0,0,1612,0,1600,0,403,400,0,1,1612,0|298,94700779,10,104912928,0,0,0,0,0,111435529,0,400,0,1452387138,1,1452387138,1,2080,1416336745,1,58475976,0,0,0,0,0
1785954807948|1006|stream128_r2f_03|fixed|278,1378943233,16781056,119164615,117512769,1352088,0,1352088,0,28696,0,14348,0,0,0,112255,112255,91668528,0,4096,0,0,0,14348,0,372181921,0,372181929,0,0,0,0,0,0,0,0,0,4096,256,131072,4,15|4,0,134217728,262144,512,0,0,0,0,1700,0,1688,0,425,422,0,1,1700,0|300,1102690626,10,0,0,110624768,0,110624768,0,338234,0,0,422,0,0,0,0,0,0,0,7642788,0,0,0,0,0
1785954807948|1006|stream128_r2f_03|rotating|278,1378943233,33558272,119286367,117633080,117932958,117633080,117932958,117633080,112795,112376,112370,112370,0,0,14362,0,3468635032,3461752616,4096,4096,0,0,112370,112370,352067443,352067784,352067451,352067792,0,0,0,0,0,0,0,0,4096,256,131072,4,15|4,0,134217728,262144,512,0,0,0,0,1700,0,1688,0,425,422,0,1,1700,0|300,418587842,10,110806560,0,0,0,0,0,117694671,0,422,0,1774800793,1,1774800793,1,2080,1737080887,1,61310129,0,0,0,0,0
1785954812957|1006|stream128_r2f_03|fixed|280,1378943233,16781056,125446431,123708928,1423331,0,1423331,0,30208,0,15104,0,0,0,118173,118173,96498584,0,4096,0,0,0,15104,0,692848633,0,692848641,0,0,0,0,0,0,0,0,0,4096,256,131072,4,15|4,0,134217728,262144,512,0,0,0,0,1788,0,1776,0,447,444,0,1,1788,0|302,1422629340,10,0,0,116391936,0,116391936,0,356021,0,0,444,0,0,0,0,0,0,0,7689509,0,0,0,0,0
1785954812957|1006|stream128_r2f_03|rotating|280,1378943233,33554687,125538466,123799855,124114096,123799855,124114096,123799855,118707,118266,118259,118259,0,0,15115,0,3650441225,3643198488,4096,4096,0,0,118260,118260,671208661,671208682,671208669,671208666,0,0,0,0,0,0,0,0,4096,256,131072,4,15|4,0,134217728,262144,512,0,0,0,0,1788,0,1776,0,447,444,0,1,1788,0|302,736297348,10,116581632,0,0,0,0,0,123833189,0,444,0,2091066531,1,2091066531,1,2080,2051651508,1,64144431,0,0,0,0,0
1785954817958|1006|stream128_r2f_03|fixed|282,1378943233,16781056,131717600,129892291,1494480,0,1494480,0,31718,0,15859,0,0,0,124080,124080,101322216,0,4096,0,0,0,15859,0,1012962467,0,1012962475,0,0,0,0,0,0,0,0,0,4096,256,131072,4,15|4,0,134217728,262144,512,0,0,0,0,1876,0,1864,0,469,466,0,1,1876,0|304,1741650498,10,0,0,122159104,0,122159104,0,373738,0,0,466,0,0,0,0,0,0,0,7748240,0,0,0,0,0
1785954817958|1006|stream128_r2f_03|rotating|282,1378943233,33554687,131803671,129977215,130308248,129977215,130308248,129977215,124631,124168,124161,124161,0,0,15869,0,3832606648,3825005086,4096,4096,0,0,124162,124162,990976669,990976642,990976645,990976650,0,0,0,0,0,0,0,0,4096,256,131072,4,15|4,0,134217728,262144,512,0,0,0,0,1876,0,1864,0,469,466,0,1,1876,0|304,1057302046,10,122419936,0,0,0,0,0,130035559,0,466,0,2410611653,1,2410611653,1,2080,2369513204,1,66980618,0,0,0,0,0
1785954822959|1006|stream128_r2f_03|fixed|284,1378943233,16781056,137989580,136078089,1565629,0,1565629,0,33228,0,16614,0,0,0,129987,129987,106145864,0,4096,0,0,0,16614,0,1333080838,0,1333080846,0,0,0,0,0,0,0,0,0,4096,256,131072,4,15|4,0,134217728,262144,512,0,0,0,0,1968,0,1956,0,492,489,0,1,1968,0|306,2066054019,10,0,0,128188416,0,128188416,0,391783,0,0,489,0,0,0,0,0,0,0,7787425,0,0,0,0,0
1785954822959|1006|stream128_r2f_03|rotating|284,1378943233,33554687,138157620,136243582,136590014,136243582,136590014,136243582,130639,130153,130146,130146,0,0,16635,0,4017347138,4009370192,4096,4096,0,0,130147,130147,1315349327,1315349332,1315349335,1315349308,0,0,0,0,0,0,0,0,4096,256,131072,4,15|4,0,134217728,262144,512,0,0,0,0,1968,0,1956,0,492,489,0,1,1968,0|306,1381765806,10,128322784,0,0,0,0,0,136303512,0,489,0,2733599701,1,2733599701,1,2080,2690693212,1,69950698,0,0,0,0,0
1785954827970|1006|stream128_r2f_03|fixed|286,1378943233,16781056,144276372,142277787,1636961,0,1636961,0,34742,0,17371,0,0,0,135909,135909,110982280,0,4096,0,0,0,17371,0,1654054967,0,1654054975,0,0,0,0,0,0,0,0,0,4096,256,131072,4,15|5,0,134217728,262144,512,0,0,0,0,2048,0,2044,0,512,511,0,1,2048,0|308,2382332469,10,0,0,133955584,0,133955584,0,409358,0,0,511,0,0,0,0,0,0,0,7831098,0,0,0,0,0
1785954827970|1006|stream128_r2f_03|rotating|286,1378943233,33554687,144340653,142340595,142702936,142340595,142702936,142340595,136484,135976,135970,135970,0,0,17379,0,4197121329,4188783596,4096,4096,0,0,135970,135970,1630933383,1630933724,1630933391,1630933732,0,0,0,0,0,0,0,0,4096,256,131072,4,15|4,0,134217728,262144,512,0,0,0,0,2048,0,2044,0,512,511,0,1,2048,0|308,1696031524,10,134034624,0,0,0,0,0,142373692,0,511,0,3046437459,1,3046437459,1,2080,3001818420,1,72788857,0,0,0,0,0
