Copyright 1986-2022 Xilinx, Inc. All Rights Reserved. Copyright 2022-2023 Advanced Micro Devices, Inc. All Rights Reserved.
------------------------------------------------------------------------------------------------------------------------------------------------------------------------------------------------------------------------------
| Tool Version : Vivado v.2023.1 (win64) Build 3865809 Sun May  7 15:05:29 MDT 2023
| Date         : Mon Jul 27 10:33:13 2026
| Host         : DESKTOP-PU0AECA running 64-bit major release  (build 9200)
| Command      : report_timing_summary -report_unconstrained -check_timing_verbose -file C:/Users/user/Documents/RF_COMM_MULTILANE_P9/evidence/generated/vivado/p9_z7010_candidate/post_route_timing_summary_p9_candidate.rpt
| Design       : p9_ps_system_wrapper
| Device       : 7z010-clg400
| Speed File   : -1  PRODUCTION 1.12 2019-11-22
| Design State : Routed
------------------------------------------------------------------------------------------------------------------------------------------------------------------------------------------------------------------------------

Timing Summary Report

------------------------------------------------------------------------------------------------
| Timer Settings
| --------------
------------------------------------------------------------------------------------------------

  Enable Multi Corner Analysis               :  Yes
  Enable Pessimism Removal                   :  Yes
  Pessimism Removal Resolution               :  Nearest Common Node
  Enable Input Delay Default Clock           :  No
  Enable Preset / Clear Arcs                 :  No
  Disable Flight Delays                      :  No
  Ignore I/O Paths                           :  No
  Timing Early Launch at Borrowing Latches   :  No
  Borrow Time for Max Delay Exceptions       :  Yes
  Merge Timing Exceptions                    :  Yes

  Corner  Analyze    Analyze    
  Name    Max Paths  Min Paths  
  ------  ---------  ---------  
  Slow    Yes        Yes        
  Fast    Yes        Yes        


------------------------------------------------------------------------------------------------
| Report Methodology
| ------------------
------------------------------------------------------------------------------------------------

Rule       Severity  Description                                      Violations  
---------  --------  -----------------------------------------------  ----------  
LUTAR-1    Warning   LUT drives async reset alert                     4           
PDRC-190   Warning   Suboptimally placed synchronized register chain  32          
TIMING-9   Warning   Unknown CDC Logic                                1           
TIMING-18  Warning   Missing input or output delay                    12          
ULMTCS-1   Warning   Control Sets use limits recommend reduction      1           

Note: This report is based on the most recent report_methodology run and may not be up-to-date. Run report_methodology on the current design for the latest report.



check_timing report

Table of Contents
-----------------
1. checking no_clock (0)
2. checking constant_clock (0)
3. checking pulse_width_clock (0)
4. checking unconstrained_internal_endpoints (0)
5. checking no_input_delay (4)
6. checking no_output_delay (8)
7. checking multiple_clock (0)
8. checking generated_clocks (0)
9. checking loops (0)
10. checking partial_input_delay (0)
11. checking partial_output_delay (0)
12. checking latch_loops (0)

1. checking no_clock (0)
------------------------
 There are 0 register/latch pins with no clock.


2. checking constant_clock (0)
------------------------------
 There are 0 register/latch pins with constant_clock.


3. checking pulse_width_clock (0)
---------------------------------
 There are 0 register/latch pins which need pulse_width check


4. checking unconstrained_internal_endpoints (0)
------------------------------------------------
 There are 0 pins that are not constrained for maximum delay.

 There are 0 pins that are not constrained for maximum delay due to constant clock.


5. checking no_input_delay (4)
------------------------------
 There are 4 input ports with no input delay specified. (HIGH)

ir_rx_in_0[0]
ir_rx_in_0[1]
loop_rx_b0[0]
loop_rx_b0[1]

 There are 0 input ports with no input delay but user has a false path constraint.


6. checking no_output_delay (8)
-------------------------------
 There are 8 ports with no output delay specified. (HIGH)

ir_sd_0[0]
ir_sd_0[1]
ir_tx_out_0[0]
ir_tx_out_0[1]
loop_sd_b0[0]
loop_sd_b0[1]
loop_tx_b0[0]
loop_tx_b0[1]

 There are 0 ports with no output delay but user has a false path constraint

 There are 0 ports with no output delay but with a timing clock defined on it or propagating through it


7. checking multiple_clock (0)
------------------------------
 There are 0 register/latch pins with multiple clocks.


8. checking generated_clocks (0)
--------------------------------
 There are 0 generated clocks that are not connected to a clock source.


9. checking loops (0)
---------------------
 There are 0 combinational loops in the design.


10. checking partial_input_delay (0)
------------------------------------
 There are 0 input ports with partial input delay specified.


11. checking partial_output_delay (0)
-------------------------------------
 There are 0 ports with partial output delay specified.


12. checking latch_loops (0)
----------------------------
 There are 0 combinational latch loops in the design through latch input



------------------------------------------------------------------------------------------------
| Design Timing Summary
| ---------------------
------------------------------------------------------------------------------------------------

    WNS(ns)      TNS(ns)  TNS Failing Endpoints  TNS Total Endpoints      WHS(ns)      THS(ns)  THS Failing Endpoints  THS Total Endpoints     WPWS(ns)     TPWS(ns)  TPWS Failing Endpoints  TPWS Total Endpoints  
    -------      -------  ---------------------  -------------------      -------      -------  ---------------------  -------------------     --------     --------  ----------------------  --------------------  
      0.265        0.000                      0                45231        0.027        0.000                      0                45115        3.750        0.000                       0                 16365  


All user specified timing constraints are met.


------------------------------------------------------------------------------------------------
| Clock Summary
| -------------
------------------------------------------------------------------------------------------------

Clock       Waveform(ns)       Period(ns)      Frequency(MHz)
-----       ------------       ----------      --------------
clk_fpga_0  {0.000 7.812}      15.625          64.000          
clk_fpga_1  {0.000 5.000}      10.000          100.000         
clk_fpga_2  {0.000 10.000}     20.000          50.000          


------------------------------------------------------------------------------------------------
| Intra Clock Table
| -----------------
------------------------------------------------------------------------------------------------

Clock             WNS(ns)      TNS(ns)  TNS Failing Endpoints  TNS Total Endpoints      WHS(ns)      THS(ns)  THS Failing Endpoints  THS Total Endpoints     WPWS(ns)     TPWS(ns)  TPWS Failing Endpoints  TPWS Total Endpoints  
-----             -------      -------  ---------------------  -------------------      -------      -------  ---------------------  -------------------     --------     --------  ----------------------  --------------------  
clk_fpga_0          0.426        0.000                      0                25915        0.027        0.000                      0                25915        6.562        0.000                       0                  9424  
clk_fpga_1          0.265        0.000                      0                15036        0.029        0.000                      0                15036        3.750        0.000                       0                  5818  
clk_fpga_2          8.586        0.000                      0                 1985        0.075        0.000                      0                 1985        9.020        0.000                       0                  1123  


------------------------------------------------------------------------------------------------
| Inter Clock Table
| -----------------
------------------------------------------------------------------------------------------------

From Clock    To Clock          WNS(ns)      TNS(ns)  TNS Failing Endpoints  TNS Total Endpoints      WHS(ns)      THS(ns)  THS Failing Endpoints  THS Total Endpoints  
----------    --------          -------      -------  ---------------------  -------------------      -------      -------  ---------------------  -------------------  
clk_fpga_1    clk_fpga_0          7.950        0.000                      0                   10                                                                        
clk_fpga_2    clk_fpga_0         44.155        0.000                      0                   60                                                                        
clk_fpga_0    clk_fpga_1         13.918        0.000                      0                   10                                                                        
clk_fpga_0    clk_fpga_2         57.393        0.000                      0                   36                                                                        


------------------------------------------------------------------------------------------------
| Other Path Groups Table
| -----------------------
------------------------------------------------------------------------------------------------

Path Group         From Clock         To Clock               WNS(ns)      TNS(ns)  TNS Failing Endpoints  TNS Total Endpoints      WHS(ns)      THS(ns)  THS Failing Endpoints  THS Total Endpoints  
----------         ----------         --------               -------      -------  ---------------------  -------------------      -------      -------  ---------------------  -------------------  
**async_default**  clk_fpga_0         clk_fpga_0               5.141        0.000                      0                 2083        1.182        0.000                      0                 2083  
**async_default**  clk_fpga_1         clk_fpga_1               1.613        0.000                      0                   96        0.671        0.000                      0                   96  


------------------------------------------------------------------------------------------------
| User Ignored Path Table
| -----------------------
------------------------------------------------------------------------------------------------

Path Group    From Clock    To Clock    
----------    ----------    --------    
(none)                      clk_fpga_0    
(none)        clk_fpga_1    clk_fpga_0    
(none)        clk_fpga_2    clk_fpga_0    
(none)                      clk_fpga_1    
(none)        clk_fpga_0    clk_fpga_1    
(none)        clk_fpga_1    clk_fpga_1    
(none)        clk_fpga_2    clk_fpga_1    
(none)                      clk_fpga_2    
(none)        clk_fpga_0    clk_fpga_2    
(none)        clk_fpga_1    clk_fpga_2    
(none)        clk_fpga_2    clk_fpga_2    


------------------------------------------------------------------------------------------------
| Unconstrained Path Table
| ------------------------
------------------------------------------------------------------------------------------------

Path Group    From Clock    To Clock    
----------    ----------    --------    
(none)        clk_fpga_0                  
(none)                      clk_fpga_0    


------------------------------------------------------------------------------------------------
| Timing Details
| --------------
------------------------------------------------------------------------------------------------


---------------------------------------------------------------------------------------------------
From Clock:  clk_fpga_0
  To Clock:  clk_fpga_0

Setup :            0  Failing Endpoints,  Worst Slack        0.426ns,  Total Violation        0.000ns
Hold  :            0  Failing Endpoints,  Worst Slack        0.027ns,  Total Violation        0.000ns
PW    :            0  Failing Endpoints,  Worst Slack        6.562ns,  Total Violation        0.000ns
---------------------------------------------------------------------------------------------------


Max Delay Paths
--------------------------------------------------------------------------------------
Slack (MET) :             0.426ns  (required time - arrival time)
  Source:                 p9_ps_system_i/p9_peripheral_0/inst/impl/u_transport/u_data_plane/u_tx_window/ack_scan_count_reg[0]/C
                            (rising edge-triggered cell FDRE clocked by clk_fpga_0  {rise@0.000ns fall@7.813ns period=15.625ns})
  Destination:            p9_ps_system_i/p9_peripheral_0/inst/impl/u_transport/u_data_plane/u_tx_window/outstanding_high_watermark_o_reg[2]/CE
                            (rising edge-triggered cell FDRE clocked by clk_fpga_0  {rise@0.000ns fall@7.813ns period=15.625ns})
  Path Group:             clk_fpga_0
  Path Type:              Setup (Max at Slow Process Corner)
  Requirement:            15.625ns  (clk_fpga_0 rise@15.625ns - clk_fpga_0 rise@0.000ns)
  Data Path Delay:        14.689ns  (logic 5.945ns (40.471%)  route 8.744ns (59.529%))
  Logic Levels:           23  (CARRY4=13 LUT1=1 LUT2=3 LUT3=1 LUT4=1 LUT5=1 LUT6=2 RAMD32=1)
  Clock Path Skew:        -0.067ns (DCD - SCD + CPR)
    Destination Clock Delay (DCD):    2.669ns = ( 18.294 - 15.625 ) 
    Source Clock Delay      (SCD):    2.966ns
    Clock Pessimism Removal (CPR):    0.230ns
  Clock Uncertainty:      0.237ns  ((TSJ^2 + TIJ^2)^1/2 + DJ) / 2 + PE
    Total System Jitter     (TSJ):    0.071ns
    Total Input Jitter      (TIJ):    0.469ns
    Discrete Jitter          (DJ):    0.000ns
    Phase Error              (PE):    0.000ns

    Location             Delay type                Incr(ns)  Path(ns)    Netlist Resource(s)
  -------------------------------------------------------------------    -------------------
                         (clock clk_fpga_0 rise edge)
                                                      0.000     0.000 r  
    PS7_X0Y0             PS7                          0.000     0.000 r  p9_ps_system_i/processing_system7_0/inst/PS7_i/FCLKCLK[0]
                         net (fo=1, routed)           1.207     1.207    p9_ps_system_i/processing_system7_0/inst/FCLK_CLK_unbuffered[0]
    BUFGCTRL_X0Y2        BUFG (Prop_bufg_I_O)         0.101     1.308 r  p9_ps_system_i/processing_system7_0/inst/buffer_fclk_clk_0.FCLK_CLK_0_BUFG/O
                         net (fo=9423, routed)        1.658     2.966    p9_ps_system_i/p9_peripheral_0/inst/impl/u_transport/u_data_plane/u_tx_window/s_axi_aclk
    SLICE_X12Y80         FDRE                                         r  p9_ps_system_i/p9_peripheral_0/inst/impl/u_transport/u_data_plane/u_tx_window/ack_scan_count_reg[0]/C
  -------------------------------------------------------------------    -------------------
    SLICE_X12Y80         FDRE (Prop_fdre_C_Q)         0.518     3.484 r  p9_ps_system_i/p9_peripheral_0/inst/impl/u_transport/u_data_plane/u_tx_window/ack_scan_count_reg[0]/Q
                         net (fo=130, routed)         1.227     4.711    p9_ps_system_i/p9_peripheral_0/inst/impl/u_transport/u_data_plane/u_tx_window/entry_sequence_reg_r2_0_31_0_5/ADDRA0
    SLICE_X10Y78         RAMD32 (Prop_ramd32_RADR0_O)
                                                      0.150     4.861 r  p9_ps_system_i/p9_peripheral_0/inst/impl/u_transport/u_data_plane/u_tx_window/entry_sequence_reg_r2_0_31_0_5/RAMA/O
                         net (fo=6, routed)           0.810     5.671    p9_ps_system_i/p9_peripheral_0/inst/impl/u_transport/u_data_plane/u_tx_window/seq_value[0]
    SLICE_X20Y78         LUT2 (Prop_lut2_I0_O)        0.328     5.999 r  p9_ps_system_i/p9_peripheral_0/inst/impl/u_transport/u_data_plane/u_tx_window/i___175/O
                         net (fo=1, routed)           0.000     5.999    p9_ps_system_i/p9_peripheral_0/inst/impl/u_transport/u_data_plane/u_tx_window/i___175_n_0
    SLICE_X20Y78         CARRY4 (Prop_carry4_S[0]_CO[3])
                                                      0.513     6.512 r  p9_ps_system_i/p9_peripheral_0/inst/impl/u_transport/u_data_plane/u_tx_window/i___60_i_23/CO[3]
                         net (fo=1, routed)           0.000     6.512    p9_ps_system_i/p9_peripheral_0/inst/impl/u_transport/u_data_plane/u_tx_window/i___60_i_23_n_0
    SLICE_X20Y79         CARRY4 (Prop_carry4_CI_CO[3])
                                                      0.117     6.629 r  p9_ps_system_i/p9_peripheral_0/inst/impl/u_transport/u_data_plane/u_tx_window/i___60_i_8/CO[3]
                         net (fo=1, routed)           0.000     6.629    p9_ps_system_i/p9_peripheral_0/inst/impl/u_transport/u_data_plane/u_tx_window/i___60_i_8_n_0
    SLICE_X20Y80         CARRY4 (Prop_carry4_CI_O[3])
                                                      0.315     6.944 f  p9_ps_system_i/p9_peripheral_0/inst/impl/u_transport/u_data_plane/u_tx_window/i___60_i_62/O[3]
                         net (fo=2, routed)           0.674     7.618    p9_ps_system_i/p9_peripheral_0/inst/impl/u_transport/u_data_plane/u_tx_window/seq_distance_return6_out[11]
    SLICE_X21Y80         LUT2 (Prop_lut2_I1_O)        0.307     7.925 r  p9_ps_system_i/p9_peripheral_0/inst/impl/u_transport/u_data_plane/u_tx_window/i___60_i_59/O
                         net (fo=1, routed)           0.000     7.925    p9_ps_system_i/p9_peripheral_0/inst/impl/u_transport/u_data_plane/u_tx_window/i___60_i_59_n_0
    SLICE_X21Y80         CARRY4 (Prop_carry4_S[1]_CO[3])
                                                      0.550     8.475 r  p9_ps_system_i/p9_peripheral_0/inst/impl/u_transport/u_data_plane/u_tx_window/i___60_i_18/CO[3]
                         net (fo=1, routed)           0.737     9.212    p9_ps_system_i/p9_peripheral_0/inst/impl/u_transport/u_data_plane/u_tx_window/ack_scan_sack_bit2
    SLICE_X21Y81         LUT6 (Prop_lut6_I0_O)        0.124     9.336 f  p9_ps_system_i/p9_peripheral_0/inst/impl/u_transport/u_data_plane/u_tx_window/i___60_i_6/O
                         net (fo=1, routed)           0.433     9.769    p9_ps_system_i/p9_peripheral_0/inst/impl/u_transport/u_data_plane/u_tx_window/i___60_i_6_n_0
    SLICE_X21Y81         LUT6 (Prop_lut6_I0_O)        0.124     9.893 r  p9_ps_system_i/p9_peripheral_0/inst/impl/u_transport/u_data_plane/u_tx_window/i___60_i_2/O
                         net (fo=86, routed)          0.843    10.736    p9_ps_system_i/p9_peripheral_0/inst/impl/u_transport/u_data_plane/u_tx_window/p_39_in
    SLICE_X17Y84         LUT3 (Prop_lut3_I2_O)        0.124    10.860 r  p9_ps_system_i/p9_peripheral_0/inst/impl/u_transport/u_data_plane/u_tx_window/i___40_i_3/O
                         net (fo=185, routed)         0.954    11.815    p9_ps_system_i/p9_peripheral_0/inst/impl/u_transport/u_data_plane/u_tx_window/i___40_i_3_n_0
    SLICE_X14Y76         LUT4 (Prop_lut4_I2_O)        0.124    11.939 r  p9_ps_system_i/p9_peripheral_0/inst/impl/u_transport/u_data_plane/u_tx_window/i___1_i_1/O
                         net (fo=5, routed)           0.681    12.620    p9_ps_system_i/p9_peripheral_0/inst/impl/u_transport/u_data_plane/u_tx_window/i___1_i_1_n_0
    SLICE_X17Y71         LUT2 (Prop_lut2_I1_O)        0.124    12.744 r  p9_ps_system_i/p9_peripheral_0/inst/impl/u_transport/u_data_plane/u_tx_window/i___235_i_2/O
                         net (fo=1, routed)           0.000    12.744    p9_ps_system_i/p9_peripheral_0/inst/impl/u_transport/u_data_plane/u_tx_window/i___235_i_2_n_0
    SLICE_X17Y71         CARRY4 (Prop_carry4_S[0]_CO[3])
                                                      0.532    13.276 r  p9_ps_system_i/p9_peripheral_0/inst/impl/u_transport/u_data_plane/u_tx_window/i___235_i_1/CO[3]
                         net (fo=1, routed)           0.000    13.276    p9_ps_system_i/p9_peripheral_0/inst/impl/u_transport/u_data_plane/u_tx_window/i___235_i_1_n_0
    SLICE_X17Y72         CARRY4 (Prop_carry4_CI_CO[3])
                                                      0.114    13.390 r  p9_ps_system_i/p9_peripheral_0/inst/impl/u_transport/u_data_plane/u_tx_window/i___233_i_1/CO[3]
                         net (fo=1, routed)           0.000    13.390    p9_ps_system_i/p9_peripheral_0/inst/impl/u_transport/u_data_plane/u_tx_window/i___233_i_1_n_0
    SLICE_X17Y73         CARRY4 (Prop_carry4_CI_CO[3])
                                                      0.114    13.504 r  p9_ps_system_i/p9_peripheral_0/inst/impl/u_transport/u_data_plane/u_tx_window/i___21_i_56/CO[3]
                         net (fo=1, routed)           0.000    13.504    p9_ps_system_i/p9_peripheral_0/inst/impl/u_transport/u_data_plane/u_tx_window/i___21_i_56_n_0
    SLICE_X17Y74         CARRY4 (Prop_carry4_CI_CO[3])
                                                      0.114    13.618 r  p9_ps_system_i/p9_peripheral_0/inst/impl/u_transport/u_data_plane/u_tx_window/i___21_i_48/CO[3]
                         net (fo=1, routed)           0.009    13.627    p9_ps_system_i/p9_peripheral_0/inst/impl/u_transport/u_data_plane/u_tx_window/i___21_i_48_n_0
    SLICE_X17Y75         CARRY4 (Prop_carry4_CI_O[1])
                                                      0.334    13.961 f  p9_ps_system_i/p9_peripheral_0/inst/impl/u_transport/u_data_plane/u_tx_window/i___21_i_38/O[1]
                         net (fo=1, routed)           0.592    14.552    p9_ps_system_i/p9_peripheral_0/inst/impl/u_transport/u_data_plane/u_tx_window/i___21_i_38_n_6
    SLICE_X18Y74         LUT1 (Prop_lut1_I0_O)        0.303    14.855 r  p9_ps_system_i/p9_peripheral_0/inst/impl/u_transport/u_data_plane/u_tx_window/i___21_i_26/O
                         net (fo=1, routed)           0.000    14.855    p9_ps_system_i/p9_peripheral_0/inst/impl/u_transport/u_data_plane/u_tx_window/i___21_i_26_n_0
    SLICE_X18Y74         CARRY4 (Prop_carry4_S[1]_CO[3])
                                                      0.550    15.405 r  p9_ps_system_i/p9_peripheral_0/inst/impl/u_transport/u_data_plane/u_tx_window/i___21_i_13/CO[3]
                         net (fo=1, routed)           0.009    15.414    p9_ps_system_i/p9_peripheral_0/inst/impl/u_transport/u_data_plane/u_tx_window/i___21_i_13_n_0
    SLICE_X18Y75         CARRY4 (Prop_carry4_CI_CO[3])
                                                      0.114    15.528 r  p9_ps_system_i/p9_peripheral_0/inst/impl/u_transport/u_data_plane/u_tx_window/i___21_i_7/CO[3]
                         net (fo=1, routed)           0.000    15.528    p9_ps_system_i/p9_peripheral_0/inst/impl/u_transport/u_data_plane/u_tx_window/i___21_i_7_n_0
    SLICE_X18Y76         CARRY4 (Prop_carry4_CI_CO[3])
                                                      0.114    15.642 r  p9_ps_system_i/p9_peripheral_0/inst/impl/u_transport/u_data_plane/u_tx_window/i___21_i_2/CO[3]
                         net (fo=1, routed)           0.000    15.642    p9_ps_system_i/p9_peripheral_0/inst/impl/u_transport/u_data_plane/u_tx_window/i___21_i_2_n_0
    SLICE_X18Y77         CARRY4 (Prop_carry4_CI_CO[3])
                                                      0.114    15.756 f  p9_ps_system_i/p9_peripheral_0/inst/impl/u_transport/u_data_plane/u_tx_window/i___21_i_1/CO[3]
                         net (fo=7, routed)           0.962    16.719    p9_ps_system_i/p9_peripheral_0/inst/impl/u_transport/u_data_plane/u_tx_window/i___21_i_1_n_0
    SLICE_X13Y76         LUT5 (Prop_lut5_I2_O)        0.124    16.843 r  p9_ps_system_i/p9_peripheral_0/inst/impl/u_transport/u_data_plane/u_tx_window/i___21/O
                         net (fo=6, routed)           0.813    17.655    p9_ps_system_i/p9_peripheral_0/inst/impl/u_transport/u_data_plane/u_tx_window/i___21_n_0
    SLICE_X14Y72         FDRE                                         r  p9_ps_system_i/p9_peripheral_0/inst/impl/u_transport/u_data_plane/u_tx_window/outstanding_high_watermark_o_reg[2]/CE
  -------------------------------------------------------------------    -------------------

                         (clock clk_fpga_0 rise edge)
                                                     15.625    15.625 r  
    PS7_X0Y0             PS7                          0.000    15.625 r  p9_ps_system_i/processing_system7_0/inst/PS7_i/FCLKCLK[0]
                         net (fo=1, routed)           1.101    16.726    p9_ps_system_i/processing_system7_0/inst/FCLK_CLK_unbuffered[0]
    BUFGCTRL_X0Y2        BUFG (Prop_bufg_I_O)         0.091    16.817 r  p9_ps_system_i/processing_system7_0/inst/buffer_fclk_clk_0.FCLK_CLK_0_BUFG/O
                         net (fo=9423, routed)        1.477    18.294    p9_ps_system_i/p9_peripheral_0/inst/impl/u_transport/u_data_plane/u_tx_window/s_axi_aclk
    SLICE_X14Y72         FDRE                                         r  p9_ps_system_i/p9_peripheral_0/inst/impl/u_transport/u_data_plane/u_tx_window/outstanding_high_watermark_o_reg[2]/C
                         clock pessimism              0.230    18.524    
                         clock uncertainty           -0.237    18.287    
    SLICE_X14Y72         FDRE (Setup_fdre_C_CE)      -0.205    18.082    p9_ps_system_i/p9_peripheral_0/inst/impl/u_transport/u_data_plane/u_tx_window/outstanding_high_watermark_o_reg[2]
  -------------------------------------------------------------------
                         required time                         18.082    
                         arrival time                         -17.655    
  -------------------------------------------------------------------
                         slack                                  0.426    





Min Delay Paths
--------------------------------------------------------------------------------------
Slack (MET) :             0.027ns  (arrival time - required time)
  Source:                 p9_ps_system_i/p9_peripheral_0/inst/impl/u_transport/object_lane_weights_q_reg[12]/C
                            (rising edge-triggered cell FDCE clocked by clk_fpga_0  {rise@0.000ns fall@7.813ns period=15.625ns})
  Destination:            p9_ps_system_i/p9_peripheral_0/inst/impl/u_transport/u_data_plane/u_scheduler/weight_snapshot_reg[12]/D
                            (rising edge-triggered cell FDCE clocked by clk_fpga_0  {rise@0.000ns fall@7.813ns period=15.625ns})
  Path Group:             clk_fpga_0
  Path Type:              Hold (Min at Fast Process Corner)
  Requirement:            0.000ns  (clk_fpga_0 rise@0.000ns - clk_fpga_0 rise@0.000ns)
  Data Path Delay:        0.357ns  (logic 0.141ns (39.492%)  route 0.216ns (60.508%))
  Logic Levels:           0  
  Clock Path Skew:        0.259ns (DCD - SCD - CPR)
    Destination Clock Delay (DCD):    1.185ns
    Source Clock Delay      (SCD):    0.892ns
    Clock Pessimism Removal (CPR):    0.034ns

    Location             Delay type                Incr(ns)  Path(ns)    Netlist Resource(s)
  -------------------------------------------------------------------    -------------------
                         (clock clk_fpga_0 rise edge)
                                                      0.000     0.000 r  
    PS7_X0Y0             PS7                          0.000     0.000 r  p9_ps_system_i/processing_system7_0/inst/PS7_i/FCLKCLK[0]
                         net (fo=1, routed)           0.315     0.315    p9_ps_system_i/processing_system7_0/inst/FCLK_CLK_unbuffered[0]
    BUFGCTRL_X0Y2        BUFG (Prop_bufg_I_O)         0.026     0.341 r  p9_ps_system_i/processing_system7_0/inst/buffer_fclk_clk_0.FCLK_CLK_0_BUFG/O
                         net (fo=9423, routed)        0.551     0.892    p9_ps_system_i/p9_peripheral_0/inst/impl/u_transport/s_axi_aclk
    SLICE_X19Y72         FDCE                                         r  p9_ps_system_i/p9_peripheral_0/inst/impl/u_transport/object_lane_weights_q_reg[12]/C
  -------------------------------------------------------------------    -------------------
    SLICE_X19Y72         FDCE (Prop_fdce_C_Q)         0.141     1.033 r  p9_ps_system_i/p9_peripheral_0/inst/impl/u_transport/object_lane_weights_q_reg[12]/Q
                         net (fo=1, routed)           0.216     1.249    p9_ps_system_i/p9_peripheral_0/inst/impl/u_transport/u_data_plane/u_scheduler/weight_snapshot_reg[15]_0[12]
    SLICE_X25Y71         FDCE                                         r  p9_ps_system_i/p9_peripheral_0/inst/impl/u_transport/u_data_plane/u_scheduler/weight_snapshot_reg[12]/D
  -------------------------------------------------------------------    -------------------

                         (clock clk_fpga_0 rise edge)
                                                      0.000     0.000 r  
    PS7_X0Y0             PS7                          0.000     0.000 r  p9_ps_system_i/processing_system7_0/inst/PS7_i/FCLKCLK[0]
                         net (fo=1, routed)           0.341     0.341    p9_ps_system_i/processing_system7_0/inst/FCLK_CLK_unbuffered[0]
    BUFGCTRL_X0Y2        BUFG (Prop_bufg_I_O)         0.029     0.370 r  p9_ps_system_i/processing_system7_0/inst/buffer_fclk_clk_0.FCLK_CLK_0_BUFG/O
                         net (fo=9423, routed)        0.815     1.185    p9_ps_system_i/p9_peripheral_0/inst/impl/u_transport/u_data_plane/u_scheduler/s_axi_aclk
    SLICE_X25Y71         FDCE                                         r  p9_ps_system_i/p9_peripheral_0/inst/impl/u_transport/u_data_plane/u_scheduler/weight_snapshot_reg[12]/C
                         clock pessimism             -0.034     1.151    
    SLICE_X25Y71         FDCE (Hold_fdce_C_D)         0.071     1.222    p9_ps_system_i/p9_peripheral_0/inst/impl/u_transport/u_data_plane/u_scheduler/weight_snapshot_reg[12]
  -------------------------------------------------------------------
                         required time                         -1.222    
                         arrival time                           1.249    
  -------------------------------------------------------------------
                         slack                                  0.027    





Pulse Width Checks
--------------------------------------------------------------------------------------
Clock Name:         clk_fpga_0
Waveform(ns):       { 0.000 7.812 }
Period(ns):         15.625
Sources:            { p9_ps_system_i/processing_system7_0/inst/PS7_i/FCLKCLK[0] }

Check Type        Corner  Lib Pin             Reference Pin  Required(ns)  Actual(ns)  Slack(ns)  Location      Pin
Min Period        n/a     RAMB36E1/CLKARDCLK  n/a            3.363         15.625      12.262     RAMB36_X1Y5   p9_ps_system_i/p9_peripheral_0/inst/impl/u_transport/g_physical[0].u_a_phy/u_p8c_physical_safety/u_exact_duty_accountant/history_mem_reg_0/CLKARDCLK
Low Pulse Width   Slow    RAMD64E/CLK         n/a            1.250         7.812       6.562      SLICE_X34Y19  p9_ps_system_i/p9_peripheral_0/inst/impl/u_transport/output_stage_reg_r1_0_63_0_2/RAMA/CLK
High Pulse Width  Slow    RAMD64E/CLK         n/a            1.250         7.812       6.562      SLICE_X34Y19  p9_ps_system_i/p9_peripheral_0/inst/impl/u_transport/output_stage_reg_r1_0_63_0_2/RAMA/CLK



---------------------------------------------------------------------------------------------------
From Clock:  clk_fpga_1
  To Clock:  clk_fpga_1

Setup :            0  Failing Endpoints,  Worst Slack        0.265ns,  Total Violation        0.000ns
Hold  :            0  Failing Endpoints,  Worst Slack        0.029ns,  Total Violation        0.000ns
PW    :            0  Failing Endpoints,  Worst Slack        3.750ns,  Total Violation        0.000ns
---------------------------------------------------------------------------------------------------


Max Delay Paths
--------------------------------------------------------------------------------------
Slack (MET) :             0.265ns  (required time - arrival time)
  Source:                 p9_ps_system_i/hp0_interconnect/xbar/inst/gen_samd.crossbar_samd/gen_master_slots[0].gen_mi_write.wdata_mux_w/gen_wmux.wmux_aw_fifo/storage_data1_reg[1]/C
                            (rising edge-triggered cell FDRE clocked by clk_fpga_1  {rise@0.000ns fall@5.000ns period=10.000ns})
  Destination:            p9_ps_system_i/axi_dma_0/U0/GEN_SG_ENGINE.I_SG_ENGINE/I_SG_AXI_DATAMOVER/GEN_S2MM_BASIC.I_S2MM_BASIC_WRAPPER/I_WR_DATA_CNTL/sig_dqual_reg_full_reg/R
                            (rising edge-triggered cell FDRE clocked by clk_fpga_1  {rise@0.000ns fall@5.000ns period=10.000ns})
  Path Group:             clk_fpga_1
  Path Type:              Setup (Max at Slow Process Corner)
  Requirement:            10.000ns  (clk_fpga_1 rise@10.000ns - clk_fpga_1 rise@0.000ns)
  Data Path Delay:        8.983ns  (logic 1.908ns (21.239%)  route 7.075ns (78.761%))
  Logic Levels:           9  (LUT2=2 LUT3=2 LUT4=1 LUT5=1 LUT6=3)
  Clock Path Skew:        -0.074ns (DCD - SCD + CPR)
    Destination Clock Delay (DCD):    2.724ns = ( 12.724 - 10.000 ) 
    Source Clock Delay      (SCD):    3.029ns
    Clock Pessimism Removal (CPR):    0.230ns
  Clock Uncertainty:      0.154ns  ((TSJ^2 + TIJ^2)^1/2 + DJ) / 2 + PE
    Total System Jitter     (TSJ):    0.071ns
    Total Input Jitter      (TIJ):    0.300ns
    Discrete Jitter          (DJ):    0.000ns
    Phase Error              (PE):    0.000ns

    Location             Delay type                Incr(ns)  Path(ns)    Netlist Resource(s)
  -------------------------------------------------------------------    -------------------
                         (clock clk_fpga_1 rise edge)
                                                      0.000     0.000 r  
    PS7_X0Y0             PS7                          0.000     0.000 r  p9_ps_system_i/processing_system7_0/inst/PS7_i/FCLKCLK[1]
                         net (fo=1, routed)           1.207     1.207    p9_ps_system_i/processing_system7_0/inst/FCLK_CLK_unbuffered[1]
    BUFGCTRL_X0Y0        BUFG (Prop_bufg_I_O)         0.101     1.308 r  p9_ps_system_i/processing_system7_0/inst/buffer_fclk_clk_1.FCLK_CLK_1_BUFG/O
                         net (fo=5818, routed)        1.721     3.029    p9_ps_system_i/hp0_interconnect/xbar/inst/gen_samd.crossbar_samd/gen_master_slots[0].gen_mi_write.wdata_mux_w/gen_wmux.wmux_aw_fifo/aclk
    SLICE_X3Y15          FDRE                                         r  p9_ps_system_i/hp0_interconnect/xbar/inst/gen_samd.crossbar_samd/gen_master_slots[0].gen_mi_write.wdata_mux_w/gen_wmux.wmux_aw_fifo/storage_data1_reg[1]/C
  -------------------------------------------------------------------    -------------------
    SLICE_X3Y15          FDRE (Prop_fdre_C_Q)         0.419     3.448 r  p9_ps_system_i/hp0_interconnect/xbar/inst/gen_samd.crossbar_samd/gen_master_slots[0].gen_mi_write.wdata_mux_w/gen_wmux.wmux_aw_fifo/storage_data1_reg[1]/Q
                         net (fo=79, routed)          0.864     4.312    p9_ps_system_i/hp0_interconnect/xbar/inst/gen_samd.crossbar_samd/gen_master_slots[0].gen_mi_write.wdata_mux_w/gen_wmux.wmux_aw_fifo/gen_srls[0].gen_rep[1].srl_nx1/m_select_enc_2[1]
    SLICE_X2Y17          LUT4 (Prop_lut4_I0_O)        0.296     4.608 f  p9_ps_system_i/hp0_interconnect/xbar/inst/gen_samd.crossbar_samd/gen_master_slots[0].gen_mi_write.wdata_mux_w/gen_wmux.wmux_aw_fifo/gen_srls[0].gen_rep[1].srl_nx1/m_axi_wvalid[0]_INST_0_i_2/O
                         net (fo=1, routed)           0.307     4.915    p9_ps_system_i/hp0_interconnect/xbar/inst/gen_samd.crossbar_samd/gen_master_slots[0].gen_mi_write.wdata_mux_w/gen_wmux.wmux_aw_fifo/gen_srls[0].gen_rep[1].srl_nx1/m_axi_wvalid[0]_INST_0_i_2_n_0
    SLICE_X1Y16          LUT6 (Prop_lut6_I5_O)        0.124     5.039 r  p9_ps_system_i/hp0_interconnect/xbar/inst/gen_samd.crossbar_samd/gen_master_slots[0].gen_mi_write.wdata_mux_w/gen_wmux.wmux_aw_fifo/gen_srls[0].gen_rep[1].srl_nx1/m_axi_wvalid[0]_INST_0/O
                         net (fo=10, routed)          0.697     5.736    p9_ps_system_i/hp0_interconnect/m00_couplers/auto_pc/inst/gen_axi4_axi3.axi3_conv_inst/USE_WRITE.write_addr_inst/USE_BURSTS.cmd_queue/inst/s_axi_wvalid
    SLICE_X3Y17          LUT3 (Prop_lut3_I0_O)        0.124     5.860 r  p9_ps_system_i/hp0_interconnect/m00_couplers/auto_pc/inst/gen_axi4_axi3.axi3_conv_inst/USE_WRITE.write_addr_inst/USE_BURSTS.cmd_queue/inst/s_axi_wready_INST_0/O
                         net (fo=12, routed)          0.624     6.484    p9_ps_system_i/hp0_interconnect/xbar/inst/gen_samd.crossbar_samd/gen_master_slots[0].gen_mi_write.wdata_mux_w/gen_wmux.wmux_aw_fifo/m_axi_wready[0]
    SLICE_X8Y18          LUT6 (Prop_lut6_I0_O)        0.124     6.608 f  p9_ps_system_i/hp0_interconnect/xbar/inst/gen_samd.crossbar_samd/gen_master_slots[0].gen_mi_write.wdata_mux_w/gen_wmux.wmux_aw_fifo/s_axi_wready[2]_INST_0_i_1/O
                         net (fo=6, routed)           0.569     7.177    p9_ps_system_i/hp0_interconnect/xbar/inst/gen_samd.crossbar_samd/gen_slave_slots[2].gen_si_write.wdata_router_w/wrouter_aw_fifo/s_axi_wready[2]
    SLICE_X9Y19          LUT2 (Prop_lut2_I1_O)        0.117     7.294 r  p9_ps_system_i/hp0_interconnect/xbar/inst/gen_samd.crossbar_samd/gen_slave_slots[2].gen_si_write.wdata_router_w/wrouter_aw_fifo/s_axi_wready[2]_INST_0/O
                         net (fo=22, routed)          1.264     8.558    p9_ps_system_i/hp0_interconnect/s02_couplers/auto_us/inst/gen_upsizer.gen_full_upsizer.axi_upsizer_inst/USE_WRITE.write_addr_inst/GEN_CMD_QUEUE.cmd_queue/m_axi_wready
    SLICE_X15Y28         LUT3 (Prop_lut3_I1_O)        0.332     8.890 r  p9_ps_system_i/hp0_interconnect/s02_couplers/auto_us/inst/gen_upsizer.gen_full_upsizer.axi_upsizer_inst/USE_WRITE.write_addr_inst/GEN_CMD_QUEUE.cmd_queue/s_axi_wready_INST_0/O
                         net (fo=2, routed)           0.475     9.365    p9_ps_system_i/axi_dma_0/U0/GEN_SG_ENGINE.I_SG_ENGINE/I_SG_AXI_DATAMOVER/GEN_S2MM_BASIC.I_S2MM_BASIC_WRAPPER/I_WR_DATA_CNTL/m_axi_sg_wready
    SLICE_X14Y27         LUT2 (Prop_lut2_I1_O)        0.124     9.489 f  p9_ps_system_i/axi_dma_0/U0/GEN_SG_ENGINE.I_SG_ENGINE/I_SG_AXI_DATAMOVER/GEN_S2MM_BASIC.I_S2MM_BASIC_WRAPPER/I_WR_DATA_CNTL/sig_dbeat_cntr[7]_i_4/O
                         net (fo=2, routed)           0.485     9.974    p9_ps_system_i/axi_dma_0/U0/GEN_SG_ENGINE.I_SG_ENGINE/I_SG_AXI_DATAMOVER/GEN_S2MM_BASIC.I_S2MM_BASIC_WRAPPER/I_WR_DATA_CNTL/sig_dbeat_cntr[7]_i_4_n_0
    SLICE_X16Y29         LUT6 (Prop_lut6_I1_O)        0.124    10.098 f  p9_ps_system_i/axi_dma_0/U0/GEN_SG_ENGINE.I_SG_ENGINE/I_SG_AXI_DATAMOVER/GEN_S2MM_BASIC.I_S2MM_BASIC_WRAPPER/I_WR_DATA_CNTL/sig_dqual_reg_full_i_3/O
                         net (fo=4, routed)           0.804    10.901    p9_ps_system_i/axi_dma_0/U0/GEN_SG_ENGINE.I_SG_ENGINE/I_SG_AXI_DATAMOVER/GEN_S2MM_BASIC.I_S2MM_BASIC_WRAPPER/I_WR_DATA_CNTL/sig_dqual_reg_full_i_3_n_0
    SLICE_X13Y35         LUT5 (Prop_lut5_I0_O)        0.124    11.025 r  p9_ps_system_i/axi_dma_0/U0/GEN_SG_ENGINE.I_SG_ENGINE/I_SG_AXI_DATAMOVER/GEN_S2MM_BASIC.I_S2MM_BASIC_WRAPPER/I_WR_DATA_CNTL/sig_dqual_reg_full_i_1/O
                         net (fo=3, routed)           0.987    12.012    p9_ps_system_i/axi_dma_0/U0/GEN_SG_ENGINE.I_SG_ENGINE/I_SG_AXI_DATAMOVER/GEN_S2MM_BASIC.I_S2MM_BASIC_WRAPPER/I_WR_DATA_CNTL/sig_clr_dqual_reg
    SLICE_X0Y23          FDRE                                         r  p9_ps_system_i/axi_dma_0/U0/GEN_SG_ENGINE.I_SG_ENGINE/I_SG_AXI_DATAMOVER/GEN_S2MM_BASIC.I_S2MM_BASIC_WRAPPER/I_WR_DATA_CNTL/sig_dqual_reg_full_reg/R
  -------------------------------------------------------------------    -------------------

                         (clock clk_fpga_1 rise edge)
                                                     10.000    10.000 r  
    PS7_X0Y0             PS7                          0.000    10.000 r  p9_ps_system_i/processing_system7_0/inst/PS7_i/FCLKCLK[1]
                         net (fo=1, routed)           1.101    11.101    p9_ps_system_i/processing_system7_0/inst/FCLK_CLK_unbuffered[1]
    BUFGCTRL_X0Y0        BUFG (Prop_bufg_I_O)         0.091    11.192 r  p9_ps_system_i/processing_system7_0/inst/buffer_fclk_clk_1.FCLK_CLK_1_BUFG/O
                         net (fo=5818, routed)        1.532    12.724    p9_ps_system_i/axi_dma_0/U0/GEN_SG_ENGINE.I_SG_ENGINE/I_SG_AXI_DATAMOVER/GEN_S2MM_BASIC.I_S2MM_BASIC_WRAPPER/I_WR_DATA_CNTL/m_axi_sg_aclk
    SLICE_X0Y23          FDRE                                         r  p9_ps_system_i/axi_dma_0/U0/GEN_SG_ENGINE.I_SG_ENGINE/I_SG_AXI_DATAMOVER/GEN_S2MM_BASIC.I_S2MM_BASIC_WRAPPER/I_WR_DATA_CNTL/sig_dqual_reg_full_reg/C
                         clock pessimism              0.230    12.955    
                         clock uncertainty           -0.154    12.801    
    SLICE_X0Y23          FDRE (Setup_fdre_C_R)       -0.524    12.277    p9_ps_system_i/axi_dma_0/U0/GEN_SG_ENGINE.I_SG_ENGINE/I_SG_AXI_DATAMOVER/GEN_S2MM_BASIC.I_S2MM_BASIC_WRAPPER/I_WR_DATA_CNTL/sig_dqual_reg_full_reg
  -------------------------------------------------------------------
                         required time                         12.277    
                         arrival time                         -12.012    
  -------------------------------------------------------------------
                         slack                                  0.265    





Min Delay Paths
--------------------------------------------------------------------------------------
Slack (MET) :             0.029ns  (arrival time - required time)
  Source:                 p9_ps_system_i/axi_dma_0/U0/I_PRMRY_DATAMOVER/GEN_S2MM_FULL.I_S2MM_FULL_WRAPPER/I_WR_STATUS_CNTLR/GEN_ENABLE_INDET_BTT.sig_coelsc_eop_reg/C
                            (rising edge-triggered cell FDRE clocked by clk_fpga_1  {rise@0.000ns fall@5.000ns period=10.000ns})
  Destination:            p9_ps_system_i/axi_dma_0/U0/I_PRMRY_DATAMOVER/GEN_S2MM_FULL.I_S2MM_FULL_WRAPPER/I_CMD_STATUS/GEN_INCLUDE_STATUS_FIFO.I_STS_FIFO/USE_SINGLE_REG.sig_regfifo_dout_reg_reg[34]/D
                            (rising edge-triggered cell FDRE clocked by clk_fpga_1  {rise@0.000ns fall@5.000ns period=10.000ns})
  Path Group:             clk_fpga_1
  Path Type:              Hold (Min at Fast Process Corner)
  Requirement:            0.000ns  (clk_fpga_1 rise@0.000ns - clk_fpga_1 rise@0.000ns)
  Data Path Delay:        0.370ns  (logic 0.164ns (44.342%)  route 0.206ns (55.658%))
  Logic Levels:           0  
  Clock Path Skew:        0.264ns (DCD - SCD - CPR)
    Destination Clock Delay (DCD):    1.191ns
    Source Clock Delay      (SCD):    0.893ns
    Clock Pessimism Removal (CPR):    0.034ns

    Location             Delay type                Incr(ns)  Path(ns)    Netlist Resource(s)
  -------------------------------------------------------------------    -------------------
                         (clock clk_fpga_1 rise edge)
                                                      0.000     0.000 r  
    PS7_X0Y0             PS7                          0.000     0.000 r  p9_ps_system_i/processing_system7_0/inst/PS7_i/FCLKCLK[1]
                         net (fo=1, routed)           0.315     0.315    p9_ps_system_i/processing_system7_0/inst/FCLK_CLK_unbuffered[1]
    BUFGCTRL_X0Y0        BUFG (Prop_bufg_I_O)         0.026     0.341 r  p9_ps_system_i/processing_system7_0/inst/buffer_fclk_clk_1.FCLK_CLK_1_BUFG/O
                         net (fo=5818, routed)        0.552     0.893    p9_ps_system_i/axi_dma_0/U0/I_PRMRY_DATAMOVER/GEN_S2MM_FULL.I_S2MM_FULL_WRAPPER/I_WR_STATUS_CNTLR/m_axi_s2mm_aclk
    SLICE_X20Y19         FDRE                                         r  p9_ps_system_i/axi_dma_0/U0/I_PRMRY_DATAMOVER/GEN_S2MM_FULL.I_S2MM_FULL_WRAPPER/I_WR_STATUS_CNTLR/GEN_ENABLE_INDET_BTT.sig_coelsc_eop_reg/C
  -------------------------------------------------------------------    -------------------
    SLICE_X20Y19         FDRE (Prop_fdre_C_Q)         0.164     1.057 r  p9_ps_system_i/axi_dma_0/U0/I_PRMRY_DATAMOVER/GEN_S2MM_FULL.I_S2MM_FULL_WRAPPER/I_WR_STATUS_CNTLR/GEN_ENABLE_INDET_BTT.sig_coelsc_eop_reg/Q
                         net (fo=1, routed)           0.206     1.262    p9_ps_system_i/axi_dma_0/U0/I_PRMRY_DATAMOVER/GEN_S2MM_FULL.I_S2MM_FULL_WRAPPER/I_CMD_STATUS/GEN_INCLUDE_STATUS_FIFO.I_STS_FIFO/USE_SINGLE_REG.sig_regfifo_dout_reg_reg[34]_0[29]
    SLICE_X22Y16         FDRE                                         r  p9_ps_system_i/axi_dma_0/U0/I_PRMRY_DATAMOVER/GEN_S2MM_FULL.I_S2MM_FULL_WRAPPER/I_CMD_STATUS/GEN_INCLUDE_STATUS_FIFO.I_STS_FIFO/USE_SINGLE_REG.sig_regfifo_dout_reg_reg[34]/D
  -------------------------------------------------------------------    -------------------

                         (clock clk_fpga_1 rise edge)
                                                      0.000     0.000 r  
    PS7_X0Y0             PS7                          0.000     0.000 r  p9_ps_system_i/processing_system7_0/inst/PS7_i/FCLKCLK[1]
                         net (fo=1, routed)           0.341     0.341    p9_ps_system_i/processing_system7_0/inst/FCLK_CLK_unbuffered[1]
    BUFGCTRL_X0Y0        BUFG (Prop_bufg_I_O)         0.029     0.370 r  p9_ps_system_i/processing_system7_0/inst/buffer_fclk_clk_1.FCLK_CLK_1_BUFG/O
                         net (fo=5818, routed)        0.821     1.191    p9_ps_system_i/axi_dma_0/U0/I_PRMRY_DATAMOVER/GEN_S2MM_FULL.I_S2MM_FULL_WRAPPER/I_CMD_STATUS/GEN_INCLUDE_STATUS_FIFO.I_STS_FIFO/m_axi_s2mm_aclk
    SLICE_X22Y16         FDRE                                         r  p9_ps_system_i/axi_dma_0/U0/I_PRMRY_DATAMOVER/GEN_S2MM_FULL.I_S2MM_FULL_WRAPPER/I_CMD_STATUS/GEN_INCLUDE_STATUS_FIFO.I_STS_FIFO/USE_SINGLE_REG.sig_regfifo_dout_reg_reg[34]/C
                         clock pessimism             -0.034     1.157    
    SLICE_X22Y16         FDRE (Hold_fdre_C_D)         0.076     1.233    p9_ps_system_i/axi_dma_0/U0/I_PRMRY_DATAMOVER/GEN_S2MM_FULL.I_S2MM_FULL_WRAPPER/I_CMD_STATUS/GEN_INCLUDE_STATUS_FIFO.I_STS_FIFO/USE_SINGLE_REG.sig_regfifo_dout_reg_reg[34]
  -------------------------------------------------------------------
                         required time                         -1.233    
                         arrival time                           1.262    
  -------------------------------------------------------------------
                         slack                                  0.029    





Pulse Width Checks
--------------------------------------------------------------------------------------
Clock Name:         clk_fpga_1
Waveform(ns):       { 0.000 5.000 }
Period(ns):         10.000
Sources:            { p9_ps_system_i/processing_system7_0/inst/PS7_i/FCLKCLK[1] }

Check Type        Corner  Lib Pin             Reference Pin  Required(ns)  Actual(ns)  Slack(ns)  Location     Pin
Min Period        n/a     RAMB36E1/CLKARDCLK  n/a            2.576         10.000      7.424      RAMB36_X1Y1  p9_ps_system_i/axi_dma_0/U0/I_PRMRY_DATAMOVER/GEN_MM2S_FULL.I_MM2S_FULL_WRAPPER/GEN_INCLUDE_MM2S_SF.I_RD_SF/I_DATA_FIFO/BLK_MEM.I_SYNC_FIFOGEN_FIFO/xpm_fifo_instance.xpm_fifo_sync_inst/xpm_fifo_base_inst/gen_sdpram.xpm_memory_base_inst/gen_wr_a.gen_word_narrow.mem_reg/CLKARDCLK
Low Pulse Width   Slow    RAMD32/CLK          n/a            1.250         5.000       3.750      SLICE_X34Y4  p9_ps_system_i/axi_dma_0/U0/I_PRMRY_DATAMOVER/GEN_S2MM_FULL.I_S2MM_FULL_WRAPPER/GEN_ENABLE_INDET_BTT_SF.I_INDET_BTT/I_XD_FIFO/NON_BLK_MEM.I_SYNC_FIFOGEN_FIFO/xpm_fifo_instance.xpm_fifo_sync_inst/xpm_fifo_base_inst/gen_sdpram.xpm_memory_base_inst/gen_wr_a.gen_word_narrow.mem_reg_0_15_0_5/RAMA/CLK
High Pulse Width  Slow    RAMD32/CLK          n/a            1.250         5.000       3.750      SLICE_X34Y4  p9_ps_system_i/axi_dma_0/U0/I_PRMRY_DATAMOVER/GEN_S2MM_FULL.I_S2MM_FULL_WRAPPER/GEN_ENABLE_INDET_BTT_SF.I_INDET_BTT/I_XD_FIFO/NON_BLK_MEM.I_SYNC_FIFOGEN_FIFO/xpm_fifo_instance.xpm_fifo_sync_inst/xpm_fifo_base_inst/gen_sdpram.xpm_memory_base_inst/gen_wr_a.gen_word_narrow.mem_reg_0_15_0_5/RAMA/CLK



---------------------------------------------------------------------------------------------------
From Clock:  clk_fpga_2
  To Clock:  clk_fpga_2

Setup :            0  Failing Endpoints,  Worst Slack        8.586ns,  Total Violation        0.000ns
Hold  :            0  Failing Endpoints,  Worst Slack        0.075ns,  Total Violation        0.000ns
PW    :            0  Failing Endpoints,  Worst Slack        9.020ns,  Total Violation        0.000ns
---------------------------------------------------------------------------------------------------


Max Delay Paths
--------------------------------------------------------------------------------------
Slack (MET) :             8.586ns  (required time - arrival time)
  Source:                 p9_ps_system_i/gp0_interconnect/s00_couplers/auto_pc/inst/gen_axilite.gen_b2s_conv.axilite_b2s/RD.r_channel_0/rd_data_fifo_0/cnt_read_reg[3]/C
                            (rising edge-triggered cell FDSE clocked by clk_fpga_2  {rise@0.000ns fall@10.000ns period=20.000ns})
  Destination:            p9_ps_system_i/gp0_interconnect/xbar/inst/gen_sasd.crossbar_sasd_0/addr_arbiter_inst/gen_no_arbiter.m_grant_hot_i_reg[0]_inv/D
                            (rising edge-triggered cell FDRE clocked by clk_fpga_2  {rise@0.000ns fall@10.000ns period=20.000ns})
  Path Group:             clk_fpga_2
  Path Type:              Setup (Max at Slow Process Corner)
  Requirement:            20.000ns  (clk_fpga_2 rise@20.000ns - clk_fpga_2 rise@0.000ns)
  Data Path Delay:        11.133ns  (logic 1.064ns (9.557%)  route 10.069ns (90.443%))
  Logic Levels:           3  (LUT5=1 LUT6=2)
  Clock Path Skew:        -0.011ns (DCD - SCD + CPR)
    Destination Clock Delay (DCD):    2.733ns = ( 22.733 - 20.000 ) 
    Source Clock Delay      (SCD):    2.975ns
    Clock Pessimism Removal (CPR):    0.230ns
  Clock Uncertainty:      0.302ns  ((TSJ^2 + TIJ^2)^1/2 + DJ) / 2 + PE
    Total System Jitter     (TSJ):    0.071ns
    Total Input Jitter      (TIJ):    0.600ns
    Discrete Jitter          (DJ):    0.000ns
    Phase Error              (PE):    0.000ns

    Location             Delay type                Incr(ns)  Path(ns)    Netlist Resource(s)
  -------------------------------------------------------------------    -------------------
                         (clock clk_fpga_2 rise edge)
                                                      0.000     0.000 r  
    PS7_X0Y0             PS7                          0.000     0.000 r  p9_ps_system_i/processing_system7_0/inst/PS7_i/FCLKCLK[2]
                         net (fo=1, routed)           1.207     1.207    p9_ps_system_i/processing_system7_0/inst/FCLK_CLK_unbuffered[2]
    BUFGCTRL_X0Y1        BUFG (Prop_bufg_I_O)         0.101     1.308 r  p9_ps_system_i/processing_system7_0/inst/buffer_fclk_clk_2.FCLK_CLK_2_BUFG/O
                         net (fo=1123, routed)        1.667     2.975    p9_ps_system_i/gp0_interconnect/s00_couplers/auto_pc/inst/gen_axilite.gen_b2s_conv.axilite_b2s/RD.r_channel_0/rd_data_fifo_0/aclk
    SLICE_X17Y34         FDSE                                         r  p9_ps_system_i/gp0_interconnect/s00_couplers/auto_pc/inst/gen_axilite.gen_b2s_conv.axilite_b2s/RD.r_channel_0/rd_data_fifo_0/cnt_read_reg[3]/C
  -------------------------------------------------------------------    -------------------
    SLICE_X17Y34         FDSE (Prop_fdse_C_Q)         0.456     3.431 f  p9_ps_system_i/gp0_interconnect/s00_couplers/auto_pc/inst/gen_axilite.gen_b2s_conv.axilite_b2s/RD.r_channel_0/rd_data_fifo_0/cnt_read_reg[3]/Q
                         net (fo=40, routed)          5.160     8.591    p9_ps_system_i/gp0_interconnect/s00_couplers/auto_pc/inst/gen_axilite.gen_b2s_conv.axilite_b2s/RD.r_channel_0/rd_data_fifo_0/cnt_read_reg[3]
    SLICE_X11Y13         LUT5 (Prop_lut5_I3_O)        0.152     8.743 r  p9_ps_system_i/gp0_interconnect/s00_couplers/auto_pc/inst/gen_axilite.gen_b2s_conv.axilite_b2s/RD.r_channel_0/rd_data_fifo_0/m_axi_rready_INST_0/O
                         net (fo=3, routed)           2.392    11.135    p9_ps_system_i/gp0_interconnect/xbar/inst/gen_sasd.crossbar_sasd_0/reg_slice_r/s_axi_rready[0]
    SLICE_X32Y21         LUT6 (Prop_lut6_I4_O)        0.332    11.467 r  p9_ps_system_i/gp0_interconnect/xbar/inst/gen_sasd.crossbar_sasd_0/reg_slice_r/gen_no_arbiter.m_grant_hot_i[0]_inv_i_3/O
                         net (fo=2, routed)           2.517    13.984    p9_ps_system_i/gp0_interconnect/xbar/inst/gen_sasd.crossbar_sasd_0/addr_arbiter_inst/gen_no_arbiter.m_grant_hot_i_reg[0]_inv_0
    SLICE_X5Y31          LUT6 (Prop_lut6_I3_O)        0.124    14.108 r  p9_ps_system_i/gp0_interconnect/xbar/inst/gen_sasd.crossbar_sasd_0/addr_arbiter_inst/gen_no_arbiter.m_grant_hot_i[0]_inv_i_1/O
                         net (fo=1, routed)           0.000    14.108    p9_ps_system_i/gp0_interconnect/xbar/inst/gen_sasd.crossbar_sasd_0/addr_arbiter_inst/gen_no_arbiter.m_grant_hot_i[0]_inv_i_1_n_0
    SLICE_X5Y31          FDRE                                         r  p9_ps_system_i/gp0_interconnect/xbar/inst/gen_sasd.crossbar_sasd_0/addr_arbiter_inst/gen_no_arbiter.m_grant_hot_i_reg[0]_inv/D
  -------------------------------------------------------------------    -------------------

                         (clock clk_fpga_2 rise edge)
                                                     20.000    20.000 r  
    PS7_X0Y0             PS7                          0.000    20.000 r  p9_ps_system_i/processing_system7_0/inst/PS7_i/FCLKCLK[2]
                         net (fo=1, routed)           1.101    21.101    p9_ps_system_i/processing_system7_0/inst/FCLK_CLK_unbuffered[2]
    BUFGCTRL_X0Y1        BUFG (Prop_bufg_I_O)         0.091    21.192 r  p9_ps_system_i/processing_system7_0/inst/buffer_fclk_clk_2.FCLK_CLK_2_BUFG/O
                         net (fo=1123, routed)        1.541    22.734    p9_ps_system_i/gp0_interconnect/xbar/inst/gen_sasd.crossbar_sasd_0/addr_arbiter_inst/aclk
    SLICE_X5Y31          FDRE                                         r  p9_ps_system_i/gp0_interconnect/xbar/inst/gen_sasd.crossbar_sasd_0/addr_arbiter_inst/gen_no_arbiter.m_grant_hot_i_reg[0]_inv/C
                         clock pessimism              0.230    22.964    
                         clock uncertainty           -0.302    22.662    
    SLICE_X5Y31          FDRE (Setup_fdre_C_D)        0.032    22.694    p9_ps_system_i/gp0_interconnect/xbar/inst/gen_sasd.crossbar_sasd_0/addr_arbiter_inst/gen_no_arbiter.m_grant_hot_i_reg[0]_inv
  -------------------------------------------------------------------
                         required time                         22.694    
                         arrival time                         -14.108    
  -------------------------------------------------------------------
                         slack                                  8.586    





Min Delay Paths
--------------------------------------------------------------------------------------
Slack (MET) :             0.075ns  (arrival time - required time)
  Source:                 p9_ps_system_i/gp0_interconnect/s00_couplers/auto_pc/inst/gen_axilite.gen_b2s_conv.axilite_b2s/SI_REG/r.r_pipe/m_payload_i_reg[39]/C
                            (rising edge-triggered cell FDRE clocked by clk_fpga_2  {rise@0.000ns fall@10.000ns period=20.000ns})
  Destination:            p9_ps_system_i/processing_system7_0/inst/PS7_i/MAXIGP0RID[4]
                            (rising edge-triggered cell PS7 clocked by clk_fpga_2  {rise@0.000ns fall@10.000ns period=20.000ns})
  Path Group:             clk_fpga_2
  Path Type:              Hold (Min at Fast Process Corner)
  Requirement:            0.000ns  (clk_fpga_2 rise@0.000ns - clk_fpga_2 rise@0.000ns)
  Data Path Delay:        0.387ns  (logic 0.164ns (42.422%)  route 0.223ns (57.578%))
  Logic Levels:           0  
  Clock Path Skew:        0.311ns (DCD - SCD - CPR)
    Destination Clock Delay (DCD):    1.263ns
    Source Clock Delay      (SCD):    0.923ns
    Clock Pessimism Removal (CPR):    0.029ns

    Location             Delay type                Incr(ns)  Path(ns)    Netlist Resource(s)
  -------------------------------------------------------------------    -------------------
                         (clock clk_fpga_2 rise edge)
                                                      0.000     0.000 r  
    PS7_X0Y0             PS7                          0.000     0.000 r  p9_ps_system_i/processing_system7_0/inst/PS7_i/FCLKCLK[2]
                         net (fo=1, routed)           0.315     0.315    p9_ps_system_i/processing_system7_0/inst/FCLK_CLK_unbuffered[2]
    BUFGCTRL_X0Y1        BUFG (Prop_bufg_I_O)         0.026     0.341 r  p9_ps_system_i/processing_system7_0/inst/buffer_fclk_clk_2.FCLK_CLK_2_BUFG/O
                         net (fo=1123, routed)        0.582     0.923    p9_ps_system_i/gp0_interconnect/s00_couplers/auto_pc/inst/gen_axilite.gen_b2s_conv.axilite_b2s/SI_REG/r.r_pipe/aclk
    SLICE_X0Y52          FDRE                                         r  p9_ps_system_i/gp0_interconnect/s00_couplers/auto_pc/inst/gen_axilite.gen_b2s_conv.axilite_b2s/SI_REG/r.r_pipe/m_payload_i_reg[39]/C
  -------------------------------------------------------------------    -------------------
    SLICE_X0Y52          FDRE (Prop_fdre_C_Q)         0.164     1.087 r  p9_ps_system_i/gp0_interconnect/s00_couplers/auto_pc/inst/gen_axilite.gen_b2s_conv.axilite_b2s/SI_REG/r.r_pipe/m_payload_i_reg[39]/Q
                         net (fo=1, routed)           0.223     1.309    p9_ps_system_i/processing_system7_0/inst/M_AXI_GP0_RID[4]
    PS7_X0Y0             PS7                                          r  p9_ps_system_i/processing_system7_0/inst/PS7_i/MAXIGP0RID[4]
  -------------------------------------------------------------------    -------------------

                         (clock clk_fpga_2 rise edge)
                                                      0.000     0.000 r  
    PS7_X0Y0             PS7                          0.000     0.000 r  p9_ps_system_i/processing_system7_0/inst/PS7_i/FCLKCLK[2]
                         net (fo=1, routed)           0.341     0.341    p9_ps_system_i/processing_system7_0/inst/FCLK_CLK_unbuffered[2]
    BUFGCTRL_X0Y1        BUFG (Prop_bufg_I_O)         0.029     0.370 r  p9_ps_system_i/processing_system7_0/inst/buffer_fclk_clk_2.FCLK_CLK_2_BUFG/O
                         net (fo=1123, routed)        0.893     1.263    p9_ps_system_i/processing_system7_0/inst/M_AXI_GP0_ACLK
    PS7_X0Y0             PS7                                          r  p9_ps_system_i/processing_system7_0/inst/PS7_i/MAXIGP0ACLK
                         clock pessimism             -0.029     1.234    
    PS7_X0Y0             PS7 (Hold_ps7_MAXIGP0ACLK_MAXIGP0RID[4])
                                                      0.000     1.234    p9_ps_system_i/processing_system7_0/inst/PS7_i
  -------------------------------------------------------------------
                         required time                         -1.234    
                         arrival time                           1.309    
  -------------------------------------------------------------------
                         slack                                  0.075    





Pulse Width Checks
--------------------------------------------------------------------------------------
Clock Name:         clk_fpga_2
Waveform(ns):       { 0.000 10.000 }
Period(ns):         20.000
Sources:            { p9_ps_system_i/processing_system7_0/inst/PS7_i/FCLKCLK[2] }

Check Type        Corner  Lib Pin      Reference Pin  Required(ns)  Actual(ns)  Slack(ns)  Location       Pin
Min Period        n/a     BUFG/I       n/a            2.155         20.000      17.845     BUFGCTRL_X0Y1  p9_ps_system_i/processing_system7_0/inst/buffer_fclk_clk_2.FCLK_CLK_2_BUFG/I
Low Pulse Width   Slow    SRLC32E/CLK  n/a            0.980         10.000      9.020      SLICE_X16Y36   p9_ps_system_i/gp0_interconnect/s00_couplers/auto_pc/inst/gen_axilite.gen_b2s_conv.axilite_b2s/RD.r_channel_0/rd_data_fifo_0/memory_reg[31][0]_srl32/CLK
High Pulse Width  Slow    SRLC32E/CLK  n/a            0.980         10.000      9.020      SLICE_X16Y36   p9_ps_system_i/gp0_interconnect/s00_couplers/auto_pc/inst/gen_axilite.gen_b2s_conv.axilite_b2s/RD.r_channel_0/rd_data_fifo_0/memory_reg[31][0]_srl32/CLK



---------------------------------------------------------------------------------------------------
From Clock:  clk_fpga_1
  To Clock:  clk_fpga_0

Setup :            0  Failing Endpoints,  Worst Slack        7.950ns,  Total Violation        0.000ns
Hold  :           NA  Failing Endpoints,  Worst Slack           NA  ,  Total Violation           NA
---------------------------------------------------------------------------------------------------


Max Delay Paths
--------------------------------------------------------------------------------------
Slack (MET) :             7.950ns  (required time - arrival time)
  Source:                 p9_ps_system_i/s2mm_axis_clock_converter/inst/gen_async_conv.axisc_async_clock_converter_0/xpm_fifo_async_inst/gnuram_async_fifo.xpm_fifo_base_inst/gen_cdc_pntr.rd_pntr_cdc_inst/src_gray_ff_reg[1]/C
                            (rising edge-triggered cell FDRE clocked by clk_fpga_1  {rise@0.000ns fall@5.000ns period=10.000ns})
  Destination:            p9_ps_system_i/s2mm_axis_clock_converter/inst/gen_async_conv.axisc_async_clock_converter_0/xpm_fifo_async_inst/gnuram_async_fifo.xpm_fifo_base_inst/gen_cdc_pntr.rd_pntr_cdc_inst/dest_graysync_ff_reg[0][1]/D
                            (rising edge-triggered cell FDRE clocked by clk_fpga_0  {rise@0.000ns fall@7.813ns period=15.625ns})
  Path Group:             clk_fpga_0
  Path Type:              Setup (Max at Slow Process Corner)
  Requirement:            10.000ns  (MaxDelay Path 10.000ns)
  Data Path Delay:        1.783ns  (logic 0.478ns (26.810%)  route 1.305ns (73.190%))
  Logic Levels:           0  
  Timing Exception:       MaxDelay Path 10.000ns -datapath_only

    Location             Delay type                Incr(ns)  Path(ns)    Netlist Resource(s)
  -------------------------------------------------------------------    -------------------
    SLICE_X32Y8                                       0.000     0.000 r  p9_ps_system_i/s2mm_axis_clock_converter/inst/gen_async_conv.axisc_async_clock_converter_0/xpm_fifo_async_inst/gnuram_async_fifo.xpm_fifo_base_inst/gen_cdc_pntr.rd_pntr_cdc_inst/src_gray_ff_reg[1]/C
    SLICE_X32Y8          FDRE (Prop_fdre_C_Q)         0.478     0.478 r  p9_ps_system_i/s2mm_axis_clock_converter/inst/gen_async_conv.axisc_async_clock_converter_0/xpm_fifo_async_inst/gnuram_async_fifo.xpm_fifo_base_inst/gen_cdc_pntr.rd_pntr_cdc_inst/src_gray_ff_reg[1]/Q
                         net (fo=1, routed)           1.305     1.783    p9_ps_system_i/s2mm_axis_clock_converter/inst/gen_async_conv.axisc_async_clock_converter_0/xpm_fifo_async_inst/gnuram_async_fifo.xpm_fifo_base_inst/gen_cdc_pntr.rd_pntr_cdc_inst/async_path[1]
    SLICE_X39Y24         FDRE                                         r  p9_ps_system_i/s2mm_axis_clock_converter/inst/gen_async_conv.axisc_async_clock_converter_0/xpm_fifo_async_inst/gnuram_async_fifo.xpm_fifo_base_inst/gen_cdc_pntr.rd_pntr_cdc_inst/dest_graysync_ff_reg[0][1]/D
  -------------------------------------------------------------------    -------------------

                         max delay                   10.000    10.000    
    SLICE_X39Y24         FDRE (Setup_fdre_C_D)       -0.267     9.733    p9_ps_system_i/s2mm_axis_clock_converter/inst/gen_async_conv.axisc_async_clock_converter_0/xpm_fifo_async_inst/gnuram_async_fifo.xpm_fifo_base_inst/gen_cdc_pntr.rd_pntr_cdc_inst/dest_graysync_ff_reg[0][1]
  -------------------------------------------------------------------
                         required time                          9.733    
                         arrival time                          -1.783    
  -------------------------------------------------------------------
                         slack                                  7.950    





---------------------------------------------------------------------------------------------------
From Clock:  clk_fpga_2
  To Clock:  clk_fpga_0

Setup :            0  Failing Endpoints,  Worst Slack       44.155ns,  Total Violation        0.000ns
Hold  :           NA  Failing Endpoints,  Worst Slack           NA  ,  Total Violation           NA
---------------------------------------------------------------------------------------------------


Max Delay Paths
--------------------------------------------------------------------------------------
Slack (MET) :             44.155ns  (required time - arrival time)
  Source:                 p9_ps_system_i/p9_axil_clock_converter/inst/gen_clock_conv.gen_async_lite_conv.clock_conv_lite_fwd_aw/handshake/src_hsdata_ff_reg[4]/C
                            (rising edge-triggered cell FDRE clocked by clk_fpga_2  {rise@0.000ns fall@10.000ns period=20.000ns})
  Destination:            p9_ps_system_i/p9_axil_clock_converter/inst/gen_clock_conv.gen_async_lite_conv.clock_conv_lite_fwd_aw/handshake/dest_hsdata_ff_reg[4]/D
                            (rising edge-triggered cell FDRE clocked by clk_fpga_0  {rise@0.000ns fall@7.813ns period=15.625ns})
  Path Group:             clk_fpga_0
  Path Type:              Setup (Max at Slow Process Corner)
  Requirement:            46.875ns  (MaxDelay Path 46.875ns)
  Data Path Delay:        2.664ns  (logic 0.518ns (19.446%)  route 2.146ns (80.554%))
  Logic Levels:           0  
  Timing Exception:       MaxDelay Path 46.875ns -datapath_only

    Location             Delay type                Incr(ns)  Path(ns)    Netlist Resource(s)
  -------------------------------------------------------------------    -------------------
    SLICE_X42Y57                                      0.000     0.000 r  p9_ps_system_i/p9_axil_clock_converter/inst/gen_clock_conv.gen_async_lite_conv.clock_conv_lite_fwd_aw/handshake/src_hsdata_ff_reg[4]/C
    SLICE_X42Y57         FDRE (Prop_fdre_C_Q)         0.518     0.518 r  p9_ps_system_i/p9_axil_clock_converter/inst/gen_clock_conv.gen_async_lite_conv.clock_conv_lite_fwd_aw/handshake/src_hsdata_ff_reg[4]/Q
                         net (fo=1, routed)           2.146     2.664    p9_ps_system_i/p9_axil_clock_converter/inst/gen_clock_conv.gen_async_lite_conv.clock_conv_lite_fwd_aw/handshake/src_hsdata_ff[4]
    SLICE_X4Y60          FDRE                                         r  p9_ps_system_i/p9_axil_clock_converter/inst/gen_clock_conv.gen_async_lite_conv.clock_conv_lite_fwd_aw/handshake/dest_hsdata_ff_reg[4]/D
  -------------------------------------------------------------------    -------------------

                         max delay                   46.875    46.875    
    SLICE_X4Y60          FDRE (Setup_fdre_C_D)       -0.056    46.819    p9_ps_system_i/p9_axil_clock_converter/inst/gen_clock_conv.gen_async_lite_conv.clock_conv_lite_fwd_aw/handshake/dest_hsdata_ff_reg[4]
  -------------------------------------------------------------------
                         required time                         46.819    
                         arrival time                          -2.664    
  -------------------------------------------------------------------
                         slack                                 44.155    





---------------------------------------------------------------------------------------------------
From Clock:  clk_fpga_0
  To Clock:  clk_fpga_1

Setup :            0  Failing Endpoints,  Worst Slack       13.918ns,  Total Violation        0.000ns
Hold  :           NA  Failing Endpoints,  Worst Slack           NA  ,  Total Violation           NA
---------------------------------------------------------------------------------------------------


Max Delay Paths
--------------------------------------------------------------------------------------
Slack (MET) :             13.918ns  (required time - arrival time)
  Source:                 p9_ps_system_i/s2mm_axis_clock_converter/inst/gen_async_conv.axisc_async_clock_converter_0/xpm_fifo_async_inst/gnuram_async_fifo.xpm_fifo_base_inst/gen_cdc_pntr.wr_pntr_cdc_inst/src_gray_ff_reg[4]/C
                            (rising edge-triggered cell FDRE clocked by clk_fpga_0  {rise@0.000ns fall@7.813ns period=15.625ns})
  Destination:            p9_ps_system_i/s2mm_axis_clock_converter/inst/gen_async_conv.axisc_async_clock_converter_0/xpm_fifo_async_inst/gnuram_async_fifo.xpm_fifo_base_inst/gen_cdc_pntr.wr_pntr_cdc_inst/dest_graysync_ff_reg[0][4]/D
                            (rising edge-triggered cell FDRE clocked by clk_fpga_1  {rise@0.000ns fall@5.000ns period=10.000ns})
  Path Group:             clk_fpga_1
  Path Type:              Setup (Max at Slow Process Corner)
  Requirement:            15.625ns  (MaxDelay Path 15.625ns)
  Data Path Delay:        1.504ns  (logic 0.419ns (27.863%)  route 1.085ns (72.137%))
  Logic Levels:           0  
  Timing Exception:       MaxDelay Path 15.625ns -datapath_only

    Location             Delay type                Incr(ns)  Path(ns)    Netlist Resource(s)
  -------------------------------------------------------------------    -------------------
    SLICE_X41Y18                                      0.000     0.000 r  p9_ps_system_i/s2mm_axis_clock_converter/inst/gen_async_conv.axisc_async_clock_converter_0/xpm_fifo_async_inst/gnuram_async_fifo.xpm_fifo_base_inst/gen_cdc_pntr.wr_pntr_cdc_inst/src_gray_ff_reg[4]/C
    SLICE_X41Y18         FDRE (Prop_fdre_C_Q)         0.419     0.419 r  p9_ps_system_i/s2mm_axis_clock_converter/inst/gen_async_conv.axisc_async_clock_converter_0/xpm_fifo_async_inst/gnuram_async_fifo.xpm_fifo_base_inst/gen_cdc_pntr.wr_pntr_cdc_inst/src_gray_ff_reg[4]/Q
                         net (fo=1, routed)           1.085     1.504    p9_ps_system_i/s2mm_axis_clock_converter/inst/gen_async_conv.axisc_async_clock_converter_0/xpm_fifo_async_inst/gnuram_async_fifo.xpm_fifo_base_inst/gen_cdc_pntr.wr_pntr_cdc_inst/async_path[4]
    SLICE_X28Y17         FDRE                                         r  p9_ps_system_i/s2mm_axis_clock_converter/inst/gen_async_conv.axisc_async_clock_converter_0/xpm_fifo_async_inst/gnuram_async_fifo.xpm_fifo_base_inst/gen_cdc_pntr.wr_pntr_cdc_inst/dest_graysync_ff_reg[0][4]/D
  -------------------------------------------------------------------    -------------------

                         max delay                   15.625    15.625    
    SLICE_X28Y17         FDRE (Setup_fdre_C_D)       -0.203    15.422    p9_ps_system_i/s2mm_axis_clock_converter/inst/gen_async_conv.axisc_async_clock_converter_0/xpm_fifo_async_inst/gnuram_async_fifo.xpm_fifo_base_inst/gen_cdc_pntr.wr_pntr_cdc_inst/dest_graysync_ff_reg[0][4]
  -------------------------------------------------------------------
                         required time                         15.422    
                         arrival time                          -1.504    
  -------------------------------------------------------------------
                         slack                                 13.918    





---------------------------------------------------------------------------------------------------
From Clock:  clk_fpga_0
  To Clock:  clk_fpga_2

Setup :            0  Failing Endpoints,  Worst Slack       57.393ns,  Total Violation        0.000ns
Hold  :           NA  Failing Endpoints,  Worst Slack           NA  ,  Total Violation           NA
---------------------------------------------------------------------------------------------------


Max Delay Paths
--------------------------------------------------------------------------------------
Slack (MET) :             57.393ns  (required time - arrival time)
  Source:                 p9_ps_system_i/p9_axil_clock_converter/inst/gen_clock_conv.gen_async_lite_conv.clock_conv_lite_resp_b/handshake/src_hsdata_ff_reg[1]/C
                            (rising edge-triggered cell FDRE clocked by clk_fpga_0  {rise@0.000ns fall@7.813ns period=15.625ns})
  Destination:            p9_ps_system_i/p9_axil_clock_converter/inst/gen_clock_conv.gen_async_lite_conv.clock_conv_lite_resp_b/handshake/dest_hsdata_ff_reg[1]/D
                            (rising edge-triggered cell FDRE clocked by clk_fpga_2  {rise@0.000ns fall@10.000ns period=20.000ns})
  Path Group:             clk_fpga_2
  Path Type:              Setup (Max at Slow Process Corner)
  Requirement:            60.000ns  (MaxDelay Path 60.000ns)
  Data Path Delay:        2.387ns  (logic 0.419ns (17.555%)  route 1.968ns (82.445%))
  Logic Levels:           0  
  Timing Exception:       MaxDelay Path 60.000ns -datapath_only

    Location             Delay type                Incr(ns)  Path(ns)    Netlist Resource(s)
  -------------------------------------------------------------------    -------------------
    SLICE_X2Y41                                       0.000     0.000 r  p9_ps_system_i/p9_axil_clock_converter/inst/gen_clock_conv.gen_async_lite_conv.clock_conv_lite_resp_b/handshake/src_hsdata_ff_reg[1]/C
    SLICE_X2Y41          FDRE (Prop_fdre_C_Q)         0.419     0.419 r  p9_ps_system_i/p9_axil_clock_converter/inst/gen_clock_conv.gen_async_lite_conv.clock_conv_lite_resp_b/handshake/src_hsdata_ff_reg[1]/Q
                         net (fo=2, routed)           1.968     2.387    p9_ps_system_i/p9_axil_clock_converter/inst/gen_clock_conv.gen_async_lite_conv.clock_conv_lite_resp_b/handshake/src_hsdata_ff[1]
    SLICE_X38Y37         FDRE                                         r  p9_ps_system_i/p9_axil_clock_converter/inst/gen_clock_conv.gen_async_lite_conv.clock_conv_lite_resp_b/handshake/dest_hsdata_ff_reg[1]/D
  -------------------------------------------------------------------    -------------------

                         max delay                   60.000    60.000    
    SLICE_X38Y37         FDRE (Setup_fdre_C_D)       -0.220    59.780    p9_ps_system_i/p9_axil_clock_converter/inst/gen_clock_conv.gen_async_lite_conv.clock_conv_lite_resp_b/handshake/dest_hsdata_ff_reg[1]
  -------------------------------------------------------------------
                         required time                         59.780    
                         arrival time                          -2.387    
  -------------------------------------------------------------------
                         slack                                 57.393    





---------------------------------------------------------------------------------------------------
Path Group:  **async_default**
From Clock:  clk_fpga_0
  To Clock:  clk_fpga_0

Setup :            0  Failing Endpoints,  Worst Slack        5.141ns,  Total Violation        0.000ns
Hold  :            0  Failing Endpoints,  Worst Slack        1.182ns,  Total Violation        0.000ns
---------------------------------------------------------------------------------------------------


Max Delay Paths
--------------------------------------------------------------------------------------
Slack (MET) :             5.141ns  (required time - arrival time)
  Source:                 p9_ps_system_i/rst_protocol_64/U0/ACTIVE_LOW_PR_OUT_DFF[0].FDRE_PER_N/C
                            (rising edge-triggered cell FDRE clocked by clk_fpga_0  {rise@0.000ns fall@7.813ns period=15.625ns})
  Destination:            p9_ps_system_i/p9_peripheral_0/inst/impl/u_transport/raw_spacing_q_reg[15]/CLR
                            (recovery check against rising-edge clock clk_fpga_0  {rise@0.000ns fall@7.813ns period=15.625ns})
  Path Group:             **async_default**
  Path Type:              Recovery (Max at Slow Process Corner)
  Requirement:            15.625ns  (clk_fpga_0 rise@15.625ns - clk_fpga_0 rise@0.000ns)
  Data Path Delay:        9.372ns  (logic 0.576ns (6.146%)  route 8.796ns (93.854%))
  Logic Levels:           1  (LUT2=1)
  Clock Path Skew:        -0.266ns (DCD - SCD + CPR)
    Destination Clock Delay (DCD):    2.680ns = ( 18.305 - 15.625 ) 
    Source Clock Delay      (SCD):    3.062ns
    Clock Pessimism Removal (CPR):    0.116ns
  Clock Uncertainty:      0.237ns  ((TSJ^2 + TIJ^2)^1/2 + DJ) / 2 + PE
    Total System Jitter     (TSJ):    0.071ns
    Total Input Jitter      (TIJ):    0.469ns
    Discrete Jitter          (DJ):    0.000ns
    Phase Error              (PE):    0.000ns

    Location             Delay type                Incr(ns)  Path(ns)    Netlist Resource(s)
  -------------------------------------------------------------------    -------------------
                         (clock clk_fpga_0 rise edge)
                                                      0.000     0.000 r  
    PS7_X0Y0             PS7                          0.000     0.000 r  p9_ps_system_i/processing_system7_0/inst/PS7_i/FCLKCLK[0]
                         net (fo=1, routed)           1.207     1.207    p9_ps_system_i/processing_system7_0/inst/FCLK_CLK_unbuffered[0]
    BUFGCTRL_X0Y2        BUFG (Prop_bufg_I_O)         0.101     1.308 r  p9_ps_system_i/processing_system7_0/inst/buffer_fclk_clk_0.FCLK_CLK_0_BUFG/O
                         net (fo=9423, routed)        1.754     3.062    p9_ps_system_i/rst_protocol_64/U0/slowest_sync_clk
    SLICE_X43Y5          FDRE                                         r  p9_ps_system_i/rst_protocol_64/U0/ACTIVE_LOW_PR_OUT_DFF[0].FDRE_PER_N/C
  -------------------------------------------------------------------    -------------------
    SLICE_X43Y5          FDRE (Prop_fdre_C_Q)         0.456     3.518 r  p9_ps_system_i/rst_protocol_64/U0/ACTIVE_LOW_PR_OUT_DFF[0].FDRE_PER_N/Q
                         net (fo=9, routed)           1.710     5.228    p9_ps_system_i/p9_peripheral_0/inst/impl/u_transport/u_data_plane/u_tx_window/s_axi_aresetn
    SLICE_X37Y29         LUT2 (Prop_lut2_I0_O)        0.120     5.348 f  p9_ps_system_i/p9_peripheral_0/inst/impl/u_transport/u_data_plane/u_tx_window/i__i_3/O
                         net (fo=5475, routed)        7.086    12.434    p9_ps_system_i/p9_peripheral_0/inst/impl/u_transport/clear
    SLICE_X27Y91         FDCE                                         f  p9_ps_system_i/p9_peripheral_0/inst/impl/u_transport/raw_spacing_q_reg[15]/CLR
  -------------------------------------------------------------------    -------------------

                         (clock clk_fpga_0 rise edge)
                                                     15.625    15.625 r  
    PS7_X0Y0             PS7                          0.000    15.625 r  p9_ps_system_i/processing_system7_0/inst/PS7_i/FCLKCLK[0]
                         net (fo=1, routed)           1.101    16.726    p9_ps_system_i/processing_system7_0/inst/FCLK_CLK_unbuffered[0]
    BUFGCTRL_X0Y2        BUFG (Prop_bufg_I_O)         0.091    16.817 r  p9_ps_system_i/processing_system7_0/inst/buffer_fclk_clk_0.FCLK_CLK_0_BUFG/O
                         net (fo=9423, routed)        1.488    18.305    p9_ps_system_i/p9_peripheral_0/inst/impl/u_transport/s_axi_aclk
    SLICE_X27Y91         FDCE                                         r  p9_ps_system_i/p9_peripheral_0/inst/impl/u_transport/raw_spacing_q_reg[15]/C
                         clock pessimism              0.116    18.421    
                         clock uncertainty           -0.237    18.184    
    SLICE_X27Y91         FDCE (Recov_fdce_C_CLR)     -0.608    17.576    p9_ps_system_i/p9_peripheral_0/inst/impl/u_transport/raw_spacing_q_reg[15]
  -------------------------------------------------------------------
                         required time                         17.576    
                         arrival time                         -12.434    
  -------------------------------------------------------------------
                         slack                                  5.141    





Min Delay Paths
--------------------------------------------------------------------------------------
Slack (MET) :             1.182ns  (arrival time - required time)
  Source:                 p9_ps_system_i/p9_peripheral_0/inst/impl/soft_reset_pulse_q_reg/C
                            (rising edge-triggered cell FDRE clocked by clk_fpga_0  {rise@0.000ns fall@7.813ns period=15.625ns})
  Destination:            p9_ps_system_i/p9_peripheral_0/inst/impl/u_transport/g_receive[0].u_codec/u_rx_2mbps/rx_preamble_count_reg[4]/CLR
                            (removal check against rising-edge clock clk_fpga_0  {rise@0.000ns fall@7.813ns period=15.625ns})
  Path Group:             **async_default**
  Path Type:              Removal (Min at Fast Process Corner)
  Requirement:            0.000ns  (clk_fpga_0 rise@0.000ns - clk_fpga_0 rise@0.000ns)
  Data Path Delay:        1.083ns  (logic 0.227ns (20.962%)  route 0.856ns (79.038%))
  Logic Levels:           1  (LUT2=1)
  Clock Path Skew:        0.058ns (DCD - SCD - CPR)
    Destination Clock Delay (DCD):    1.220ns
    Source Clock Delay      (SCD):    0.900ns
    Clock Pessimism Removal (CPR):    0.262ns

    Location             Delay type                Incr(ns)  Path(ns)    Netlist Resource(s)
  -------------------------------------------------------------------    -------------------
                         (clock clk_fpga_0 rise edge)
                                                      0.000     0.000 r  
    PS7_X0Y0             PS7                          0.000     0.000 r  p9_ps_system_i/processing_system7_0/inst/PS7_i/FCLKCLK[0]
                         net (fo=1, routed)           0.315     0.315    p9_ps_system_i/processing_system7_0/inst/FCLK_CLK_unbuffered[0]
    BUFGCTRL_X0Y2        BUFG (Prop_bufg_I_O)         0.026     0.341 r  p9_ps_system_i/processing_system7_0/inst/buffer_fclk_clk_0.FCLK_CLK_0_BUFG/O
                         net (fo=9423, routed)        0.559     0.900    p9_ps_system_i/p9_peripheral_0/inst/impl/s_axi_aclk
    SLICE_X27Y36         FDRE                                         r  p9_ps_system_i/p9_peripheral_0/inst/impl/soft_reset_pulse_q_reg/C
  -------------------------------------------------------------------    -------------------
    SLICE_X27Y36         FDRE (Prop_fdre_C_Q)         0.128     1.028 f  p9_ps_system_i/p9_peripheral_0/inst/impl/soft_reset_pulse_q_reg/Q
                         net (fo=1, routed)           0.600     1.628    p9_ps_system_i/p9_peripheral_0/inst/impl/u_transport/u_data_plane/u_tx_window/ingress_error_pulse_q_reg_0
    SLICE_X37Y29         LUT2 (Prop_lut2_I1_O)        0.099     1.727 f  p9_ps_system_i/p9_peripheral_0/inst/impl/u_transport/u_data_plane/u_tx_window/i__i_3/O
                         net (fo=5475, routed)        0.256     1.982    p9_ps_system_i/p9_peripheral_0/inst/impl/u_transport/g_receive[0].u_codec/u_rx_2mbps/clear
    SLICE_X41Y29         FDCE                                         f  p9_ps_system_i/p9_peripheral_0/inst/impl/u_transport/g_receive[0].u_codec/u_rx_2mbps/rx_preamble_count_reg[4]/CLR
  -------------------------------------------------------------------    -------------------

                         (clock clk_fpga_0 rise edge)
                                                      0.000     0.000 r  
    PS7_X0Y0             PS7                          0.000     0.000 r  p9_ps_system_i/processing_system7_0/inst/PS7_i/FCLKCLK[0]
                         net (fo=1, routed)           0.341     0.341    p9_ps_system_i/processing_system7_0/inst/FCLK_CLK_unbuffered[0]
    BUFGCTRL_X0Y2        BUFG (Prop_bufg_I_O)         0.029     0.370 r  p9_ps_system_i/processing_system7_0/inst/buffer_fclk_clk_0.FCLK_CLK_0_BUFG/O
                         net (fo=9423, routed)        0.850     1.220    p9_ps_system_i/p9_peripheral_0/inst/impl/u_transport/g_receive[0].u_codec/u_rx_2mbps/s_axi_aclk
    SLICE_X41Y29         FDCE                                         r  p9_ps_system_i/p9_peripheral_0/inst/impl/u_transport/g_receive[0].u_codec/u_rx_2mbps/rx_preamble_count_reg[4]/C
                         clock pessimism             -0.262     0.958    
    SLICE_X41Y29         FDCE (Remov_fdce_C_CLR)     -0.157     0.801    p9_ps_system_i/p9_peripheral_0/inst/impl/u_transport/g_receive[0].u_codec/u_rx_2mbps/rx_preamble_count_reg[4]
  -------------------------------------------------------------------
                         required time                         -0.801    
                         arrival time                           1.982    
  -------------------------------------------------------------------
                         slack                                  1.182    





---------------------------------------------------------------------------------------------------
Path Group:  **async_default**
From Clock:  clk_fpga_1
  To Clock:  clk_fpga_1

Setup :            0  Failing Endpoints,  Worst Slack        1.613ns,  Total Violation        0.000ns
Hold  :            0  Failing Endpoints,  Worst Slack        0.671ns,  Total Violation        0.000ns
---------------------------------------------------------------------------------------------------


Max Delay Paths
--------------------------------------------------------------------------------------
Slack (MET) :             1.613ns  (required time - arrival time)
  Source:                 p9_ps_system_i/hp0_interconnect/m00_couplers/auto_pc/inst/gen_axi4_axi3.axi3_conv_inst/USE_READ.USE_SPLIT_R.read_addr_inst/USE_R_CHANNEL.cmd_queue/inst/fifo_gen_inst/inst_fifo_gen/gconvfifo.rf/grf.rf/rstblk/ngwrdrst.grst.g7serrst.gnsckt_wrst.rst_wr_reg2_inst/arststages_ff_reg[1]/C
                            (rising edge-triggered cell FDPE clocked by clk_fpga_1  {rise@0.000ns fall@5.000ns period=10.000ns})
  Destination:            p9_ps_system_i/hp0_interconnect/m00_couplers/auto_pc/inst/gen_axi4_axi3.axi3_conv_inst/USE_READ.USE_SPLIT_R.read_addr_inst/USE_R_CHANNEL.cmd_queue/inst/fifo_gen_inst/inst_fifo_gen/gconvfifo.rf/grf.rf/gntv_or_sync_fifo.gl0.rd/gr1.gr1_int.rfwft/gpregsm1.curr_fwft_state_reg[0]/CLR
                            (recovery check against rising-edge clock clk_fpga_1  {rise@0.000ns fall@5.000ns period=10.000ns})
  Path Group:             **async_default**
  Path Type:              Recovery (Max at Slow Process Corner)
  Requirement:            10.000ns  (clk_fpga_1 rise@10.000ns - clk_fpga_1 rise@0.000ns)
  Data Path Delay:        7.716ns  (logic 0.718ns (9.306%)  route 6.998ns (90.694%))
  Logic Levels:           1  (LUT3=1)
  Clock Path Skew:        -0.112ns (DCD - SCD + CPR)
    Destination Clock Delay (DCD):    2.694ns = ( 12.694 - 10.000 ) 
    Source Clock Delay      (SCD):    3.037ns
    Clock Pessimism Removal (CPR):    0.230ns
  Clock Uncertainty:      0.154ns  ((TSJ^2 + TIJ^2)^1/2 + DJ) / 2 + PE
    Total System Jitter     (TSJ):    0.071ns
    Total Input Jitter      (TIJ):    0.300ns
    Discrete Jitter          (DJ):    0.000ns
    Phase Error              (PE):    0.000ns

    Location             Delay type                Incr(ns)  Path(ns)    Netlist Resource(s)
  -------------------------------------------------------------------    -------------------
                         (clock clk_fpga_1 rise edge)
                                                      0.000     0.000 r  
    PS7_X0Y0             PS7                          0.000     0.000 r  p9_ps_system_i/processing_system7_0/inst/PS7_i/FCLKCLK[1]
                         net (fo=1, routed)           1.207     1.207    p9_ps_system_i/processing_system7_0/inst/FCLK_CLK_unbuffered[1]
    BUFGCTRL_X0Y0        BUFG (Prop_bufg_I_O)         0.101     1.308 r  p9_ps_system_i/processing_system7_0/inst/buffer_fclk_clk_1.FCLK_CLK_1_BUFG/O
                         net (fo=5818, routed)        1.729     3.037    p9_ps_system_i/hp0_interconnect/m00_couplers/auto_pc/inst/gen_axi4_axi3.axi3_conv_inst/USE_READ.USE_SPLIT_R.read_addr_inst/USE_R_CHANNEL.cmd_queue/inst/fifo_gen_inst/inst_fifo_gen/gconvfifo.rf/grf.rf/rstblk/ngwrdrst.grst.g7serrst.gnsckt_wrst.rst_wr_reg2_inst/dest_clk
    SLICE_X3Y0           FDPE                                         r  p9_ps_system_i/hp0_interconnect/m00_couplers/auto_pc/inst/gen_axi4_axi3.axi3_conv_inst/USE_READ.USE_SPLIT_R.read_addr_inst/USE_R_CHANNEL.cmd_queue/inst/fifo_gen_inst/inst_fifo_gen/gconvfifo.rf/grf.rf/rstblk/ngwrdrst.grst.g7serrst.gnsckt_wrst.rst_wr_reg2_inst/arststages_ff_reg[1]/C
  -------------------------------------------------------------------    -------------------
    SLICE_X3Y0           FDPE (Prop_fdpe_C_Q)         0.419     3.456 f  p9_ps_system_i/hp0_interconnect/m00_couplers/auto_pc/inst/gen_axi4_axi3.axi3_conv_inst/USE_READ.USE_SPLIT_R.read_addr_inst/USE_R_CHANNEL.cmd_queue/inst/fifo_gen_inst/inst_fifo_gen/gconvfifo.rf/grf.rf/rstblk/ngwrdrst.grst.g7serrst.gnsckt_wrst.rst_wr_reg2_inst/arststages_ff_reg[1]/Q
                         net (fo=2, routed)           3.266     6.722    p9_ps_system_i/hp0_interconnect/m00_couplers/auto_pc/inst/gen_axi4_axi3.axi3_conv_inst/USE_READ.USE_SPLIT_R.read_addr_inst/USE_R_CHANNEL.cmd_queue/inst/fifo_gen_inst/inst_fifo_gen/gconvfifo.rf/grf.rf/rstblk/ngwrdrst.rst_wr_reg2
    SLICE_X30Y45         LUT3 (Prop_lut3_I2_O)        0.299     7.021 f  p9_ps_system_i/hp0_interconnect/m00_couplers/auto_pc/inst/gen_axi4_axi3.axi3_conv_inst/USE_READ.USE_SPLIT_R.read_addr_inst/USE_R_CHANNEL.cmd_queue/inst/fifo_gen_inst/inst_fifo_gen/gconvfifo.rf/grf.rf/rstblk/gpregsm1.curr_fwft_state[1]_i_2/O
                         net (fo=33, routed)          3.732    10.753    p9_ps_system_i/hp0_interconnect/m00_couplers/auto_pc/inst/gen_axi4_axi3.axi3_conv_inst/USE_READ.USE_SPLIT_R.read_addr_inst/USE_R_CHANNEL.cmd_queue/inst/fifo_gen_inst/inst_fifo_gen/gconvfifo.rf/grf.rf/gntv_or_sync_fifo.gl0.rd/gr1.gr1_int.rfwft/gpregsm1.user_valid_reg_0
    SLICE_X14Y2          FDCE                                         f  p9_ps_system_i/hp0_interconnect/m00_couplers/auto_pc/inst/gen_axi4_axi3.axi3_conv_inst/USE_READ.USE_SPLIT_R.read_addr_inst/USE_R_CHANNEL.cmd_queue/inst/fifo_gen_inst/inst_fifo_gen/gconvfifo.rf/grf.rf/gntv_or_sync_fifo.gl0.rd/gr1.gr1_int.rfwft/gpregsm1.curr_fwft_state_reg[0]/CLR
  -------------------------------------------------------------------    -------------------

                         (clock clk_fpga_1 rise edge)
                                                     10.000    10.000 r  
    PS7_X0Y0             PS7                          0.000    10.000 r  p9_ps_system_i/processing_system7_0/inst/PS7_i/FCLKCLK[1]
                         net (fo=1, routed)           1.101    11.101    p9_ps_system_i/processing_system7_0/inst/FCLK_CLK_unbuffered[1]
    BUFGCTRL_X0Y0        BUFG (Prop_bufg_I_O)         0.091    11.192 r  p9_ps_system_i/processing_system7_0/inst/buffer_fclk_clk_1.FCLK_CLK_1_BUFG/O
                         net (fo=5818, routed)        1.502    12.694    p9_ps_system_i/hp0_interconnect/m00_couplers/auto_pc/inst/gen_axi4_axi3.axi3_conv_inst/USE_READ.USE_SPLIT_R.read_addr_inst/USE_R_CHANNEL.cmd_queue/inst/fifo_gen_inst/inst_fifo_gen/gconvfifo.rf/grf.rf/gntv_or_sync_fifo.gl0.rd/gr1.gr1_int.rfwft/clk
    SLICE_X14Y2          FDCE                                         r  p9_ps_system_i/hp0_interconnect/m00_couplers/auto_pc/inst/gen_axi4_axi3.axi3_conv_inst/USE_READ.USE_SPLIT_R.read_addr_inst/USE_R_CHANNEL.cmd_queue/inst/fifo_gen_inst/inst_fifo_gen/gconvfifo.rf/grf.rf/gntv_or_sync_fifo.gl0.rd/gr1.gr1_int.rfwft/gpregsm1.curr_fwft_state_reg[0]/C
                         clock pessimism              0.230    12.925    
                         clock uncertainty           -0.154    12.771    
    SLICE_X14Y2          FDCE (Recov_fdce_C_CLR)     -0.405    12.366    p9_ps_system_i/hp0_interconnect/m00_couplers/auto_pc/inst/gen_axi4_axi3.axi3_conv_inst/USE_READ.USE_SPLIT_R.read_addr_inst/USE_R_CHANNEL.cmd_queue/inst/fifo_gen_inst/inst_fifo_gen/gconvfifo.rf/grf.rf/gntv_or_sync_fifo.gl0.rd/gr1.gr1_int.rfwft/gpregsm1.curr_fwft_state_reg[0]
  -------------------------------------------------------------------
                         required time                         12.366    
                         arrival time                         -10.753    
  -------------------------------------------------------------------
                         slack                                  1.613    





Min Delay Paths
--------------------------------------------------------------------------------------
Slack (MET) :             0.671ns  (arrival time - required time)
  Source:                 p9_ps_system_i/hp0_interconnect/m00_couplers/auto_pc/inst/gen_axi4_axi3.axi3_conv_inst/USE_READ.USE_SPLIT_R.read_addr_inst/USE_R_CHANNEL.cmd_queue/inst/fifo_gen_inst/inst_fifo_gen/gconvfifo.rf/grf.rf/rstblk/ngwrdrst.grst.g7serrst.gnsckt_wrst.gcc_rst.sckt_wr_rst_cc_reg[0]/C
                            (rising edge-triggered cell FDRE clocked by clk_fpga_1  {rise@0.000ns fall@5.000ns period=10.000ns})
  Destination:            p9_ps_system_i/hp0_interconnect/m00_couplers/auto_pc/inst/gen_axi4_axi3.axi3_conv_inst/USE_READ.USE_SPLIT_R.read_addr_inst/USE_R_CHANNEL.cmd_queue/inst/fifo_gen_inst/inst_fifo_gen/gconvfifo.rf/grf.rf/gntv_or_sync_fifo.gl0.wr/gwss.wsts/ram_full_fb_i_reg/CLR
                            (removal check against rising-edge clock clk_fpga_1  {rise@0.000ns fall@5.000ns period=10.000ns})
  Path Group:             **async_default**
  Path Type:              Removal (Min at Fast Process Corner)
  Requirement:            0.000ns  (clk_fpga_1 rise@0.000ns - clk_fpga_1 rise@0.000ns)
  Data Path Delay:        0.841ns  (logic 0.209ns (24.845%)  route 0.632ns (75.155%))
  Logic Levels:           1  (LUT3=1)
  Clock Path Skew:        0.262ns (DCD - SCD - CPR)
    Destination Clock Delay (DCD):    1.200ns
    Source Clock Delay      (SCD):    0.904ns
    Clock Pessimism Removal (CPR):    0.034ns

    Location             Delay type                Incr(ns)  Path(ns)    Netlist Resource(s)
  -------------------------------------------------------------------    -------------------
                         (clock clk_fpga_1 rise edge)
                                                      0.000     0.000 r  
    PS7_X0Y0             PS7                          0.000     0.000 r  p9_ps_system_i/processing_system7_0/inst/PS7_i/FCLKCLK[1]
                         net (fo=1, routed)           0.315     0.315    p9_ps_system_i/processing_system7_0/inst/FCLK_CLK_unbuffered[1]
    BUFGCTRL_X0Y0        BUFG (Prop_bufg_I_O)         0.026     0.341 r  p9_ps_system_i/processing_system7_0/inst/buffer_fclk_clk_1.FCLK_CLK_1_BUFG/O
                         net (fo=5818, routed)        0.563     0.904    p9_ps_system_i/hp0_interconnect/m00_couplers/auto_pc/inst/gen_axi4_axi3.axi3_conv_inst/USE_READ.USE_SPLIT_R.read_addr_inst/USE_R_CHANNEL.cmd_queue/inst/fifo_gen_inst/inst_fifo_gen/gconvfifo.rf/grf.rf/rstblk/clk
    SLICE_X32Y45         FDRE                                         r  p9_ps_system_i/hp0_interconnect/m00_couplers/auto_pc/inst/gen_axi4_axi3.axi3_conv_inst/USE_READ.USE_SPLIT_R.read_addr_inst/USE_R_CHANNEL.cmd_queue/inst/fifo_gen_inst/inst_fifo_gen/gconvfifo.rf/grf.rf/rstblk/ngwrdrst.grst.g7serrst.gnsckt_wrst.gcc_rst.sckt_wr_rst_cc_reg[0]/C
  -------------------------------------------------------------------    -------------------
    SLICE_X32Y45         FDRE (Prop_fdre_C_Q)         0.164     1.067 f  p9_ps_system_i/hp0_interconnect/m00_couplers/auto_pc/inst/gen_axi4_axi3.axi3_conv_inst/USE_READ.USE_SPLIT_R.read_addr_inst/USE_R_CHANNEL.cmd_queue/inst/fifo_gen_inst/inst_fifo_gen/gconvfifo.rf/grf.rf/rstblk/ngwrdrst.grst.g7serrst.gnsckt_wrst.gcc_rst.sckt_wr_rst_cc_reg[0]/Q
                         net (fo=2, routed)           0.265     1.332    p9_ps_system_i/hp0_interconnect/m00_couplers/auto_pc/inst/gen_axi4_axi3.axi3_conv_inst/USE_READ.USE_SPLIT_R.read_addr_inst/USE_R_CHANNEL.cmd_queue/inst/fifo_gen_inst/inst_fifo_gen/gconvfifo.rf/grf.rf/rstblk/ngwrdrst.grst.g7serrst.gnsckt_wrst.gcc_rst.sckt_wr_rst_cc[0]
    SLICE_X30Y45         LUT3 (Prop_lut3_I1_O)        0.045     1.377 f  p9_ps_system_i/hp0_interconnect/m00_couplers/auto_pc/inst/gen_axi4_axi3.axi3_conv_inst/USE_READ.USE_SPLIT_R.read_addr_inst/USE_R_CHANNEL.cmd_queue/inst/fifo_gen_inst/inst_fifo_gen/gconvfifo.rf/grf.rf/rstblk/gpregsm1.curr_fwft_state[1]_i_2/O
                         net (fo=33, routed)          0.368     1.745    p9_ps_system_i/hp0_interconnect/m00_couplers/auto_pc/inst/gen_axi4_axi3.axi3_conv_inst/USE_READ.USE_SPLIT_R.read_addr_inst/USE_R_CHANNEL.cmd_queue/inst/fifo_gen_inst/inst_fifo_gen/gconvfifo.rf/grf.rf/gntv_or_sync_fifo.gl0.wr/gwss.wsts/ram_full_i_reg_0
    SLICE_X21Y46         FDCE                                         f  p9_ps_system_i/hp0_interconnect/m00_couplers/auto_pc/inst/gen_axi4_axi3.axi3_conv_inst/USE_READ.USE_SPLIT_R.read_addr_inst/USE_R_CHANNEL.cmd_queue/inst/fifo_gen_inst/inst_fifo_gen/gconvfifo.rf/grf.rf/gntv_or_sync_fifo.gl0.wr/gwss.wsts/ram_full_fb_i_reg/CLR
  -------------------------------------------------------------------    -------------------

                         (clock clk_fpga_1 rise edge)
                                                      0.000     0.000 r  
    PS7_X0Y0             PS7                          0.000     0.000 r  p9_ps_system_i/processing_system7_0/inst/PS7_i/FCLKCLK[1]
                         net (fo=1, routed)           0.341     0.341    p9_ps_system_i/processing_system7_0/inst/FCLK_CLK_unbuffered[1]
    BUFGCTRL_X0Y0        BUFG (Prop_bufg_I_O)         0.029     0.370 r  p9_ps_system_i/processing_system7_0/inst/buffer_fclk_clk_1.FCLK_CLK_1_BUFG/O
                         net (fo=5818, routed)        0.830     1.200    p9_ps_system_i/hp0_interconnect/m00_couplers/auto_pc/inst/gen_axi4_axi3.axi3_conv_inst/USE_READ.USE_SPLIT_R.read_addr_inst/USE_R_CHANNEL.cmd_queue/inst/fifo_gen_inst/inst_fifo_gen/gconvfifo.rf/grf.rf/gntv_or_sync_fifo.gl0.wr/gwss.wsts/clk
    SLICE_X21Y46         FDCE                                         r  p9_ps_system_i/hp0_interconnect/m00_couplers/auto_pc/inst/gen_axi4_axi3.axi3_conv_inst/USE_READ.USE_SPLIT_R.read_addr_inst/USE_R_CHANNEL.cmd_queue/inst/fifo_gen_inst/inst_fifo_gen/gconvfifo.rf/grf.rf/gntv_or_sync_fifo.gl0.wr/gwss.wsts/ram_full_fb_i_reg/C
                         clock pessimism             -0.034     1.166    
    SLICE_X21Y46         FDCE (Remov_fdce_C_CLR)     -0.092     1.074    p9_ps_system_i/hp0_interconnect/m00_couplers/auto_pc/inst/gen_axi4_axi3.axi3_conv_inst/USE_READ.USE_SPLIT_R.read_addr_inst/USE_R_CHANNEL.cmd_queue/inst/fifo_gen_inst/inst_fifo_gen/gconvfifo.rf/grf.rf/gntv_or_sync_fifo.gl0.wr/gwss.wsts/ram_full_fb_i_reg
  -------------------------------------------------------------------
                         required time                         -1.074    
                         arrival time                           1.745    
  -------------------------------------------------------------------
                         slack                                  0.671    





--------------------------------------------------------------------------------------
Path Group:  (none)
From Clock:  
  To Clock:  clk_fpga_0

Max Delay             1 Endpoint
Min Delay             1 Endpoint
--------------------------------------------------------------------------------------


Max Delay Paths
--------------------------------------------------------------------------------------
Slack:                    inf
  Source:                 p9_ps_system_i/processing_system7_0/inst/PS7_i/FCLKRESETN[0]
                            (internal pin)
  Destination:            p9_ps_system_i/rst_protocol_64/U0/EXT_LPF/ACTIVE_LOW_EXT.ACT_LO_EXT/GENERATE_LEVEL_P_S_CDC.SINGLE_BIT.CROSS_PLEVEL_IN2SCNDRY_IN_cdc_to/D
                            (rising edge-triggered cell FDRE clocked by clk_fpga_0  {rise@0.000ns fall@7.813ns period=15.625ns})
  Path Group:             (none)
  Path Type:              Setup (Max at Slow Process Corner)
  Data Path Delay:        3.837ns  (logic 0.152ns (3.961%)  route 3.685ns (96.039%))
  Logic Levels:           1  (LUT1=1)
  Clock Uncertainty:      0.236ns  ((TSJ^2 + TIJ^2)^1/2 + DJ) / 2 + PE
    Total System Jitter     (TSJ):    0.050ns
    Total Input Jitter      (TIJ):    0.469ns
    Discrete Jitter          (DJ):    0.000ns
    Phase Error              (PE):    0.000ns
  Timing Exception:       False Path

    Location             Delay type                Incr(ns)  Path(ns)    Netlist Resource(s)
  -------------------------------------------------------------------    -------------------
    PS7_X0Y0             PS7                          0.000     0.000 f  p9_ps_system_i/processing_system7_0/inst/PS7_i/FCLKRESETN[0]
                         net (fo=3, routed)           2.736     2.736    p9_ps_system_i/rst_protocol_64/U0/EXT_LPF/ACTIVE_LOW_EXT.ACT_LO_EXT/ext_reset_in
    SLICE_X31Y18         LUT1 (Prop_lut1_I0_O)        0.152     2.888 r  p9_ps_system_i/rst_protocol_64/U0/EXT_LPF/ACTIVE_LOW_EXT.ACT_LO_EXT/GENERATE_LEVEL_P_S_CDC.SINGLE_BIT.CROSS_PLEVEL_IN2SCNDRY_IN_cdc_to_i_1/O
                         net (fo=1, routed)           0.950     3.837    p9_ps_system_i/rst_protocol_64/U0/EXT_LPF/ACTIVE_LOW_EXT.ACT_LO_EXT/exr_d1
    SLICE_X42Y17         FDRE                                         r  p9_ps_system_i/rst_protocol_64/U0/EXT_LPF/ACTIVE_LOW_EXT.ACT_LO_EXT/GENERATE_LEVEL_P_S_CDC.SINGLE_BIT.CROSS_PLEVEL_IN2SCNDRY_IN_cdc_to/D
  -------------------------------------------------------------------    -------------------

                         (clock clk_fpga_0 rise edge)
                                                      0.000     0.000 r  
    PS7_X0Y0             PS7                          0.000     0.000 r  p9_ps_system_i/processing_system7_0/inst/PS7_i/FCLKCLK[0]
                         net (fo=1, routed)           1.101     1.101    p9_ps_system_i/processing_system7_0/inst/FCLK_CLK_unbuffered[0]
    BUFGCTRL_X0Y2        BUFG (Prop_bufg_I_O)         0.091     1.192 r  p9_ps_system_i/processing_system7_0/inst/buffer_fclk_clk_0.FCLK_CLK_0_BUFG/O
                         net (fo=9423, routed)        1.568     2.760    p9_ps_system_i/rst_protocol_64/U0/EXT_LPF/ACTIVE_LOW_EXT.ACT_LO_EXT/slowest_sync_clk
    SLICE_X42Y17         FDRE                                         r  p9_ps_system_i/rst_protocol_64/U0/EXT_LPF/ACTIVE_LOW_EXT.ACT_LO_EXT/GENERATE_LEVEL_P_S_CDC.SINGLE_BIT.CROSS_PLEVEL_IN2SCNDRY_IN_cdc_to/C





Min Delay Paths
--------------------------------------------------------------------------------------
Slack:                    inf
  Source:                 p9_ps_system_i/processing_system7_0/inst/PS7_i/FCLKRESETN[0]
                            (internal pin)
  Destination:            p9_ps_system_i/rst_protocol_64/U0/EXT_LPF/ACTIVE_LOW_EXT.ACT_LO_EXT/GENERATE_LEVEL_P_S_CDC.SINGLE_BIT.CROSS_PLEVEL_IN2SCNDRY_IN_cdc_to/D
                            (rising edge-triggered cell FDRE clocked by clk_fpga_0  {rise@0.000ns fall@7.813ns period=15.625ns})
  Path Group:             (none)
  Path Type:              Hold (Min at Fast Process Corner)
  Data Path Delay:        1.592ns  (logic 0.043ns (2.701%)  route 1.549ns (97.299%))
  Logic Levels:           1  (LUT1=1)
  Clock Uncertainty:      0.236ns  ((TSJ^2 + TIJ^2)^1/2 + DJ) / 2 + PE
    Total System Jitter     (TSJ):    0.050ns
    Total Input Jitter      (TIJ):    0.469ns
    Discrete Jitter          (DJ):    0.000ns
    Phase Error              (PE):    0.000ns
  Timing Exception:       False Path

    Location             Delay type                Incr(ns)  Path(ns)    Netlist Resource(s)
  -------------------------------------------------------------------    -------------------
    PS7_X0Y0             PS7                          0.000     0.000 f  p9_ps_system_i/processing_system7_0/inst/PS7_i/FCLKRESETN[0]
                         net (fo=3, routed)           1.139     1.139    p9_ps_system_i/rst_protocol_64/U0/EXT_LPF/ACTIVE_LOW_EXT.ACT_LO_EXT/ext_reset_in
    SLICE_X31Y18         LUT1 (Prop_lut1_I0_O)        0.043     1.182 r  p9_ps_system_i/rst_protocol_64/U0/EXT_LPF/ACTIVE_LOW_EXT.ACT_LO_EXT/GENERATE_LEVEL_P_S_CDC.SINGLE_BIT.CROSS_PLEVEL_IN2SCNDRY_IN_cdc_to_i_1/O
                         net (fo=1, routed)           0.411     1.592    p9_ps_system_i/rst_protocol_64/U0/EXT_LPF/ACTIVE_LOW_EXT.ACT_LO_EXT/exr_d1
    SLICE_X42Y17         FDRE                                         r  p9_ps_system_i/rst_protocol_64/U0/EXT_LPF/ACTIVE_LOW_EXT.ACT_LO_EXT/GENERATE_LEVEL_P_S_CDC.SINGLE_BIT.CROSS_PLEVEL_IN2SCNDRY_IN_cdc_to/D
  -------------------------------------------------------------------    -------------------

                         (clock clk_fpga_0 rise edge)
                                                      0.000     0.000 r  
    PS7_X0Y0             PS7                          0.000     0.000 r  p9_ps_system_i/processing_system7_0/inst/PS7_i/FCLKCLK[0]
                         net (fo=1, routed)           0.341     0.341    p9_ps_system_i/processing_system7_0/inst/FCLK_CLK_unbuffered[0]
    BUFGCTRL_X0Y2        BUFG (Prop_bufg_I_O)         0.029     0.370 r  p9_ps_system_i/processing_system7_0/inst/buffer_fclk_clk_0.FCLK_CLK_0_BUFG/O
                         net (fo=9423, routed)        0.853     1.223    p9_ps_system_i/rst_protocol_64/U0/EXT_LPF/ACTIVE_LOW_EXT.ACT_LO_EXT/slowest_sync_clk
    SLICE_X42Y17         FDRE                                         r  p9_ps_system_i/rst_protocol_64/U0/EXT_LPF/ACTIVE_LOW_EXT.ACT_LO_EXT/GENERATE_LEVEL_P_S_CDC.SINGLE_BIT.CROSS_PLEVEL_IN2SCNDRY_IN_cdc_to/C





--------------------------------------------------------------------------------------
Path Group:  (none)
From Clock:  clk_fpga_1
  To Clock:  clk_fpga_0

Max Delay            40 Endpoints
Min Delay            50 Endpoints
--------------------------------------------------------------------------------------


Max Delay Paths
--------------------------------------------------------------------------------------
Slack:                    inf
  Source:                 p9_ps_system_i/mm2s_axis_clock_converter/inst/gen_async_conv.axisc_async_clock_converter_0/xpm_fifo_async_inst/gnuram_async_fifo.xpm_fifo_base_inst/gen_sdpram.xpm_memory_base_inst/gen_wr_a.gen_word_narrow.mem_reg_0_31_12_17/RAMB_D1/CLK
                            (rising edge-triggered cell RAMD32 clocked by clk_fpga_1  {rise@0.000ns fall@5.000ns period=10.000ns})
  Destination:            p9_ps_system_i/mm2s_axis_clock_converter/inst/gen_async_conv.axisc_async_clock_converter_0/xpm_fifo_async_inst/gnuram_async_fifo.xpm_fifo_base_inst/gen_sdpram.xpm_memory_base_inst/gen_rd_b.gen_rd_b_synth_template.gen_rf_narrow_pipe.doutb_reg_reg[15]/D
                            (rising edge-triggered cell FDRE clocked by clk_fpga_0  {rise@0.000ns fall@7.813ns period=15.625ns})
  Path Group:             (none)
  Path Type:              Setup (Max at Slow Process Corner)
  Data Path Delay:        2.722ns  (logic 1.317ns (48.380%)  route 1.405ns (51.620%))
  Logic Levels:           0  
  Clock Path Skew:        -0.304ns (DCD - SCD + CPR)
    Destination Clock Delay (DCD):    2.757ns
    Source Clock Delay      (SCD):    3.061ns
    Clock Pessimism Removal (CPR):    0.000ns
  Clock Uncertainty:      0.281ns  ((TSJ^2 + TIJ^2)^1/2 + DJ) / 2 + PE
    Total System Jitter     (TSJ):    0.071ns
    Total Input Jitter      (TIJ):    0.557ns
    Discrete Jitter          (DJ):    0.000ns
    Phase Error              (PE):    0.000ns
  Timing Exception:       False Path

    Location             Delay type                Incr(ns)  Path(ns)    Netlist Resource(s)
  -------------------------------------------------------------------    -------------------
                         (clock clk_fpga_1 rise edge)
                                                      0.000     0.000 r  
    PS7_X0Y0             PS7                          0.000     0.000 r  p9_ps_system_i/processing_system7_0/inst/PS7_i/FCLKCLK[1]
                         net (fo=1, routed)           1.207     1.207    p9_ps_system_i/processing_system7_0/inst/FCLK_CLK_unbuffered[1]
    BUFGCTRL_X0Y0        BUFG (Prop_bufg_I_O)         0.101     1.308 r  p9_ps_system_i/processing_system7_0/inst/buffer_fclk_clk_1.FCLK_CLK_1_BUFG/O
                         net (fo=5818, routed)        1.753     3.061    p9_ps_system_i/mm2s_axis_clock_converter/inst/gen_async_conv.axisc_async_clock_converter_0/xpm_fifo_async_inst/gnuram_async_fifo.xpm_fifo_base_inst/gen_sdpram.xpm_memory_base_inst/gen_wr_a.gen_word_narrow.mem_reg_0_31_12_17/WCLK
    SLICE_X38Y1          RAMD32                                       r  p9_ps_system_i/mm2s_axis_clock_converter/inst/gen_async_conv.axisc_async_clock_converter_0/xpm_fifo_async_inst/gnuram_async_fifo.xpm_fifo_base_inst/gen_sdpram.xpm_memory_base_inst/gen_wr_a.gen_word_narrow.mem_reg_0_31_12_17/RAMB_D1/CLK
  -------------------------------------------------------------------    -------------------
    SLICE_X38Y1          RAMD32 (Prop_ramd32_CLK_O)
                                                      1.317     4.378 r  p9_ps_system_i/mm2s_axis_clock_converter/inst/gen_async_conv.axisc_async_clock_converter_0/xpm_fifo_async_inst/gnuram_async_fifo.xpm_fifo_base_inst/gen_sdpram.xpm_memory_base_inst/gen_wr_a.gen_word_narrow.mem_reg_0_31_12_17/RAMB_D1/O
                         net (fo=1, routed)           1.405     5.783    p9_ps_system_i/mm2s_axis_clock_converter/inst/gen_async_conv.axisc_async_clock_converter_0/xpm_fifo_async_inst/gnuram_async_fifo.xpm_fifo_base_inst/gen_sdpram.xpm_memory_base_inst/gen_rd_b.gen_rd_b_synth_template.gen_rf_narrow_pipe.doutb_reg_reg0[15]
    SLICE_X36Y19         FDRE                                         r  p9_ps_system_i/mm2s_axis_clock_converter/inst/gen_async_conv.axisc_async_clock_converter_0/xpm_fifo_async_inst/gnuram_async_fifo.xpm_fifo_base_inst/gen_sdpram.xpm_memory_base_inst/gen_rd_b.gen_rd_b_synth_template.gen_rf_narrow_pipe.doutb_reg_reg[15]/D
  -------------------------------------------------------------------    -------------------

                         (clock clk_fpga_0 rise edge)
                                                      0.000     0.000 r  
    PS7_X0Y0             PS7                          0.000     0.000 r  p9_ps_system_i/processing_system7_0/inst/PS7_i/FCLKCLK[0]
                         net (fo=1, routed)           1.101     1.101    p9_ps_system_i/processing_system7_0/inst/FCLK_CLK_unbuffered[0]
    BUFGCTRL_X0Y2        BUFG (Prop_bufg_I_O)         0.091     1.192 r  p9_ps_system_i/processing_system7_0/inst/buffer_fclk_clk_0.FCLK_CLK_0_BUFG/O
                         net (fo=9423, routed)        1.564     2.756    p9_ps_system_i/mm2s_axis_clock_converter/inst/gen_async_conv.axisc_async_clock_converter_0/xpm_fifo_async_inst/gnuram_async_fifo.xpm_fifo_base_inst/gen_sdpram.xpm_memory_base_inst/clkb
    SLICE_X36Y19         FDRE                                         r  p9_ps_system_i/mm2s_axis_clock_converter/inst/gen_async_conv.axisc_async_clock_converter_0/xpm_fifo_async_inst/gnuram_async_fifo.xpm_fifo_base_inst/gen_sdpram.xpm_memory_base_inst/gen_rd_b.gen_rd_b_synth_template.gen_rf_narrow_pipe.doutb_reg_reg[15]/C





Min Delay Paths
--------------------------------------------------------------------------------------
Slack:                    inf
  Source:                 p9_ps_system_i/mm2s_axis_clock_converter/inst/gen_async_conv.axisc_async_clock_converter_0/xpm_fifo_async_inst/gnuram_async_fifo.xpm_fifo_base_inst/xpm_fifo_rst_inst/gen_rst_ic.fifo_wr_rst_ic_reg/C
                            (rising edge-triggered cell FDRE clocked by clk_fpga_1  {rise@0.000ns fall@5.000ns period=10.000ns})
  Destination:            p9_ps_system_i/mm2s_axis_clock_converter/inst/gen_async_conv.axisc_async_clock_converter_0/xpm_fifo_async_inst/gnuram_async_fifo.xpm_fifo_base_inst/xpm_fifo_rst_inst/gen_rst_ic.wrst_rd_inst/syncstages_ff_reg[0]/D
                            (rising edge-triggered cell FDRE clocked by clk_fpga_0  {rise@0.000ns fall@7.813ns period=15.625ns})
  Path Group:             (none)
  Path Type:              Hold (Min at Fast Process Corner)
  Data Path Delay:        0.225ns  (logic 0.164ns (72.822%)  route 0.061ns (27.178%))
  Logic Levels:           0  
  Clock Path Skew:        0.298ns (DCD - SCD - CPR)
    Destination Clock Delay (DCD):    1.231ns
    Source Clock Delay      (SCD):    0.933ns
    Clock Pessimism Removal (CPR):    -0.000ns
  Clock Uncertainty:      0.281ns  ((TSJ^2 + TIJ^2)^1/2 + DJ) / 2 + PE
    Total System Jitter     (TSJ):    0.071ns
    Total Input Jitter      (TIJ):    0.557ns
    Discrete Jitter          (DJ):    0.000ns
    Phase Error              (PE):    0.000ns
  Timing Exception:       False Path

    Location             Delay type                Incr(ns)  Path(ns)    Netlist Resource(s)
  -------------------------------------------------------------------    -------------------
                         (clock clk_fpga_1 rise edge)
                                                      0.000     0.000 r  
    PS7_X0Y0             PS7                          0.000     0.000 r  p9_ps_system_i/processing_system7_0/inst/PS7_i/FCLKCLK[1]
                         net (fo=1, routed)           0.315     0.315    p9_ps_system_i/processing_system7_0/inst/FCLK_CLK_unbuffered[1]
    BUFGCTRL_X0Y0        BUFG (Prop_bufg_I_O)         0.026     0.341 r  p9_ps_system_i/processing_system7_0/inst/buffer_fclk_clk_1.FCLK_CLK_1_BUFG/O
                         net (fo=5818, routed)        0.592     0.933    p9_ps_system_i/mm2s_axis_clock_converter/inst/gen_async_conv.axisc_async_clock_converter_0/xpm_fifo_async_inst/gnuram_async_fifo.xpm_fifo_base_inst/xpm_fifo_rst_inst/wr_clk
    SLICE_X42Y4          FDRE                                         r  p9_ps_system_i/mm2s_axis_clock_converter/inst/gen_async_conv.axisc_async_clock_converter_0/xpm_fifo_async_inst/gnuram_async_fifo.xpm_fifo_base_inst/xpm_fifo_rst_inst/gen_rst_ic.fifo_wr_rst_ic_reg/C
  -------------------------------------------------------------------    -------------------
    SLICE_X42Y4          FDRE (Prop_fdre_C_Q)         0.164     1.097 r  p9_ps_system_i/mm2s_axis_clock_converter/inst/gen_async_conv.axisc_async_clock_converter_0/xpm_fifo_async_inst/gnuram_async_fifo.xpm_fifo_base_inst/xpm_fifo_rst_inst/gen_rst_ic.fifo_wr_rst_ic_reg/Q
                         net (fo=2, routed)           0.061     1.158    p9_ps_system_i/mm2s_axis_clock_converter/inst/gen_async_conv.axisc_async_clock_converter_0/xpm_fifo_async_inst/gnuram_async_fifo.xpm_fifo_base_inst/xpm_fifo_rst_inst/gen_rst_ic.wrst_rd_inst/src_rst
    SLICE_X43Y4          FDRE                                         r  p9_ps_system_i/mm2s_axis_clock_converter/inst/gen_async_conv.axisc_async_clock_converter_0/xpm_fifo_async_inst/gnuram_async_fifo.xpm_fifo_base_inst/xpm_fifo_rst_inst/gen_rst_ic.wrst_rd_inst/syncstages_ff_reg[0]/D
  -------------------------------------------------------------------    -------------------

                         (clock clk_fpga_0 rise edge)
                                                      0.000     0.000 r  
    PS7_X0Y0             PS7                          0.000     0.000 r  p9_ps_system_i/processing_system7_0/inst/PS7_i/FCLKCLK[0]
                         net (fo=1, routed)           0.341     0.341    p9_ps_system_i/processing_system7_0/inst/FCLK_CLK_unbuffered[0]
    BUFGCTRL_X0Y2        BUFG (Prop_bufg_I_O)         0.029     0.370 r  p9_ps_system_i/processing_system7_0/inst/buffer_fclk_clk_0.FCLK_CLK_0_BUFG/O
                         net (fo=9423, routed)        0.861     1.231    p9_ps_system_i/mm2s_axis_clock_converter/inst/gen_async_conv.axisc_async_clock_converter_0/xpm_fifo_async_inst/gnuram_async_fifo.xpm_fifo_base_inst/xpm_fifo_rst_inst/gen_rst_ic.wrst_rd_inst/dest_clk
    SLICE_X43Y4          FDRE                                         r  p9_ps_system_i/mm2s_axis_clock_converter/inst/gen_async_conv.axisc_async_clock_converter_0/xpm_fifo_async_inst/gnuram_async_fifo.xpm_fifo_base_inst/xpm_fifo_rst_inst/gen_rst_ic.wrst_rd_inst/syncstages_ff_reg[0]/C





--------------------------------------------------------------------------------------
Path Group:  (none)
From Clock:  clk_fpga_2
  To Clock:  clk_fpga_0

Max Delay             5 Endpoints
Min Delay            65 Endpoints
--------------------------------------------------------------------------------------


Max Delay Paths
--------------------------------------------------------------------------------------
Slack:                    inf
  Source:                 p9_ps_system_i/p9_axil_clock_converter/inst/gen_clock_conv.gen_async_lite_conv.clock_conv_lite_resp_b/dest_ack_reg/C
                            (rising edge-triggered cell FDRE clocked by clk_fpga_2  {rise@0.000ns fall@10.000ns period=20.000ns})
  Destination:            p9_ps_system_i/p9_axil_clock_converter/inst/gen_clock_conv.gen_async_lite_conv.clock_conv_lite_resp_b/handshake/xpm_cdc_single_dest2src_inst/syncstages_ff_reg[0]/D
                            (rising edge-triggered cell FDRE clocked by clk_fpga_0  {rise@0.000ns fall@7.813ns period=15.625ns})
  Path Group:             (none)
  Path Type:              Setup (Max at Slow Process Corner)
  Data Path Delay:        1.987ns  (logic 0.456ns (22.955%)  route 1.531ns (77.045%))
  Logic Levels:           0  
  Clock Path Skew:        -0.276ns (DCD - SCD + CPR)
    Destination Clock Delay (DCD):    2.743ns
    Source Clock Delay      (SCD):    3.019ns
    Clock Pessimism Removal (CPR):    0.000ns
  Clock Uncertainty:      0.382ns  ((TSJ^2 + TIJ^2)^1/2 + DJ) / 2 + PE
    Total System Jitter     (TSJ):    0.071ns
    Total Input Jitter      (TIJ):    0.762ns
    Discrete Jitter          (DJ):    0.000ns
    Phase Error              (PE):    0.000ns
  Timing Exception:       False Path

    Location             Delay type                Incr(ns)  Path(ns)    Netlist Resource(s)
  -------------------------------------------------------------------    -------------------
                         (clock clk_fpga_2 rise edge)
                                                      0.000     0.000 r  
    PS7_X0Y0             PS7                          0.000     0.000 r  p9_ps_system_i/processing_system7_0/inst/PS7_i/FCLKCLK[2]
                         net (fo=1, routed)           1.207     1.207    p9_ps_system_i/processing_system7_0/inst/FCLK_CLK_unbuffered[2]
    BUFGCTRL_X0Y1        BUFG (Prop_bufg_I_O)         0.101     1.308 r  p9_ps_system_i/processing_system7_0/inst/buffer_fclk_clk_2.FCLK_CLK_2_BUFG/O
                         net (fo=1123, routed)        1.711     3.019    p9_ps_system_i/p9_axil_clock_converter/inst/gen_clock_conv.gen_async_lite_conv.clock_conv_lite_resp_b/m_valid_i_reg_1
    SLICE_X3Y27          FDRE                                         r  p9_ps_system_i/p9_axil_clock_converter/inst/gen_clock_conv.gen_async_lite_conv.clock_conv_lite_resp_b/dest_ack_reg/C
  -------------------------------------------------------------------    -------------------
    SLICE_X3Y27          FDRE (Prop_fdre_C_Q)         0.456     3.475 r  p9_ps_system_i/p9_axil_clock_converter/inst/gen_clock_conv.gen_async_lite_conv.clock_conv_lite_resp_b/dest_ack_reg/Q
                         net (fo=2, routed)           1.531     5.006    p9_ps_system_i/p9_axil_clock_converter/inst/gen_clock_conv.gen_async_lite_conv.clock_conv_lite_resp_b/handshake/xpm_cdc_single_dest2src_inst/src_in
    SLICE_X2Y41          FDRE                                         r  p9_ps_system_i/p9_axil_clock_converter/inst/gen_clock_conv.gen_async_lite_conv.clock_conv_lite_resp_b/handshake/xpm_cdc_single_dest2src_inst/syncstages_ff_reg[0]/D
  -------------------------------------------------------------------    -------------------

                         (clock clk_fpga_0 rise edge)
                                                      0.000     0.000 r  
    PS7_X0Y0             PS7                          0.000     0.000 r  p9_ps_system_i/processing_system7_0/inst/PS7_i/FCLKCLK[0]
                         net (fo=1, routed)           1.101     1.101    p9_ps_system_i/processing_system7_0/inst/FCLK_CLK_unbuffered[0]
    BUFGCTRL_X0Y2        BUFG (Prop_bufg_I_O)         0.091     1.192 r  p9_ps_system_i/processing_system7_0/inst/buffer_fclk_clk_0.FCLK_CLK_0_BUFG/O
                         net (fo=9423, routed)        1.550     2.742    p9_ps_system_i/p9_axil_clock_converter/inst/gen_clock_conv.gen_async_lite_conv.clock_conv_lite_resp_b/handshake/xpm_cdc_single_dest2src_inst/dest_clk
    SLICE_X2Y41          FDRE                                         r  p9_ps_system_i/p9_axil_clock_converter/inst/gen_clock_conv.gen_async_lite_conv.clock_conv_lite_resp_b/handshake/xpm_cdc_single_dest2src_inst/syncstages_ff_reg[0]/C





Min Delay Paths
--------------------------------------------------------------------------------------
Slack:                    inf
  Source:                 p9_ps_system_i/p9_axil_clock_converter/inst/gen_clock_conv.gen_async_lite_conv.clock_conv_lite_fwd_aw/handshake/src_hsdata_ff_reg[5]/C
                            (rising edge-triggered cell FDRE clocked by clk_fpga_2  {rise@0.000ns fall@10.000ns period=20.000ns})
  Destination:            p9_ps_system_i/p9_axil_clock_converter/inst/gen_clock_conv.gen_async_lite_conv.clock_conv_lite_fwd_aw/handshake/dest_hsdata_ff_reg[5]/D
                            (rising edge-triggered cell FDRE clocked by clk_fpga_0  {rise@0.000ns fall@7.813ns period=15.625ns})
  Path Group:             (none)
  Path Type:              Hold (Min at Fast Process Corner)
  Data Path Delay:        0.301ns  (logic 0.164ns (54.466%)  route 0.137ns (45.534%))
  Logic Levels:           0  
  Clock Path Skew:        0.299ns (DCD - SCD - CPR)
    Destination Clock Delay (DCD):    1.201ns
    Source Clock Delay      (SCD):    0.902ns
    Clock Pessimism Removal (CPR):    -0.000ns
  Clock Uncertainty:      0.382ns  ((TSJ^2 + TIJ^2)^1/2 + DJ) / 2 + PE
    Total System Jitter     (TSJ):    0.071ns
    Total Input Jitter      (TIJ):    0.762ns
    Discrete Jitter          (DJ):    0.000ns
    Phase Error              (PE):    0.000ns
  Timing Exception:       False Path

    Location             Delay type                Incr(ns)  Path(ns)    Netlist Resource(s)
  -------------------------------------------------------------------    -------------------
                         (clock clk_fpga_2 rise edge)
                                                      0.000     0.000 r  
    PS7_X0Y0             PS7                          0.000     0.000 r  p9_ps_system_i/processing_system7_0/inst/PS7_i/FCLKCLK[2]
                         net (fo=1, routed)           0.315     0.315    p9_ps_system_i/processing_system7_0/inst/FCLK_CLK_unbuffered[2]
    BUFGCTRL_X0Y1        BUFG (Prop_bufg_I_O)         0.026     0.341 r  p9_ps_system_i/processing_system7_0/inst/buffer_fclk_clk_2.FCLK_CLK_2_BUFG/O
                         net (fo=1123, routed)        0.561     0.902    p9_ps_system_i/p9_axil_clock_converter/inst/gen_clock_conv.gen_async_lite_conv.clock_conv_lite_fwd_aw/handshake/src_clk
    SLICE_X34Y53         FDRE                                         r  p9_ps_system_i/p9_axil_clock_converter/inst/gen_clock_conv.gen_async_lite_conv.clock_conv_lite_fwd_aw/handshake/src_hsdata_ff_reg[5]/C
  -------------------------------------------------------------------    -------------------
    SLICE_X34Y53         FDRE (Prop_fdre_C_Q)         0.164     1.066 r  p9_ps_system_i/p9_axil_clock_converter/inst/gen_clock_conv.gen_async_lite_conv.clock_conv_lite_fwd_aw/handshake/src_hsdata_ff_reg[5]/Q
                         net (fo=1, routed)           0.137     1.203    p9_ps_system_i/p9_axil_clock_converter/inst/gen_clock_conv.gen_async_lite_conv.clock_conv_lite_fwd_aw/handshake/src_hsdata_ff[5]
    SLICE_X35Y53         FDRE                                         r  p9_ps_system_i/p9_axil_clock_converter/inst/gen_clock_conv.gen_async_lite_conv.clock_conv_lite_fwd_aw/handshake/dest_hsdata_ff_reg[5]/D
  -------------------------------------------------------------------    -------------------

                         (clock clk_fpga_0 rise edge)
                                                      0.000     0.000 r  
    PS7_X0Y0             PS7                          0.000     0.000 r  p9_ps_system_i/processing_system7_0/inst/PS7_i/FCLKCLK[0]
                         net (fo=1, routed)           0.341     0.341    p9_ps_system_i/processing_system7_0/inst/FCLK_CLK_unbuffered[0]
    BUFGCTRL_X0Y2        BUFG (Prop_bufg_I_O)         0.029     0.370 r  p9_ps_system_i/processing_system7_0/inst/buffer_fclk_clk_0.FCLK_CLK_0_BUFG/O
                         net (fo=9423, routed)        0.831     1.201    p9_ps_system_i/p9_axil_clock_converter/inst/gen_clock_conv.gen_async_lite_conv.clock_conv_lite_fwd_aw/handshake/dest_clk
    SLICE_X35Y53         FDRE                                         r  p9_ps_system_i/p9_axil_clock_converter/inst/gen_clock_conv.gen_async_lite_conv.clock_conv_lite_fwd_aw/handshake/dest_hsdata_ff_reg[5]/C





--------------------------------------------------------------------------------------
Path Group:  (none)
From Clock:  
  To Clock:  clk_fpga_1

Max Delay             1 Endpoint
Min Delay             1 Endpoint
--------------------------------------------------------------------------------------


Max Delay Paths
--------------------------------------------------------------------------------------
Slack:                    inf
  Source:                 p9_ps_system_i/processing_system7_0/inst/PS7_i/FCLKRESETN[0]
                            (internal pin)
  Destination:            p9_ps_system_i/rst_dma_100/U0/EXT_LPF/ACTIVE_LOW_EXT.ACT_LO_EXT/GENERATE_LEVEL_P_S_CDC.SINGLE_BIT.CROSS_PLEVEL_IN2SCNDRY_IN_cdc_to/D
                            (rising edge-triggered cell FDRE clocked by clk_fpga_1  {rise@0.000ns fall@5.000ns period=10.000ns})
  Path Group:             (none)
  Path Type:              Setup (Max at Slow Process Corner)
  Data Path Delay:        3.589ns  (logic 0.124ns (3.455%)  route 3.465ns (96.545%))
  Logic Levels:           1  (LUT1=1)
  Clock Uncertainty:      0.152ns  ((TSJ^2 + TIJ^2)^1/2 + DJ) / 2 + PE
    Total System Jitter     (TSJ):    0.050ns
    Total Input Jitter      (TIJ):    0.300ns
    Discrete Jitter          (DJ):    0.000ns
    Phase Error              (PE):    0.000ns
  Timing Exception:       False Path

    Location             Delay type                Incr(ns)  Path(ns)    Netlist Resource(s)
  -------------------------------------------------------------------    -------------------
    PS7_X0Y0             PS7                          0.000     0.000 f  p9_ps_system_i/processing_system7_0/inst/PS7_i/FCLKRESETN[0]
                         net (fo=3, routed)           2.736     2.736    p9_ps_system_i/rst_dma_100/U0/EXT_LPF/ACTIVE_LOW_EXT.ACT_LO_EXT/ext_reset_in
    SLICE_X31Y18         LUT1 (Prop_lut1_I0_O)        0.124     2.860 r  p9_ps_system_i/rst_dma_100/U0/EXT_LPF/ACTIVE_LOW_EXT.ACT_LO_EXT/GENERATE_LEVEL_P_S_CDC.SINGLE_BIT.CROSS_PLEVEL_IN2SCNDRY_IN_cdc_to_i_1/O
                         net (fo=1, routed)           0.730     3.589    p9_ps_system_i/rst_dma_100/U0/EXT_LPF/ACTIVE_LOW_EXT.ACT_LO_EXT/exr_d1
    SLICE_X35Y7          FDRE                                         r  p9_ps_system_i/rst_dma_100/U0/EXT_LPF/ACTIVE_LOW_EXT.ACT_LO_EXT/GENERATE_LEVEL_P_S_CDC.SINGLE_BIT.CROSS_PLEVEL_IN2SCNDRY_IN_cdc_to/D
  -------------------------------------------------------------------    -------------------

                         (clock clk_fpga_1 rise edge)
                                                      0.000     0.000 r  
    PS7_X0Y0             PS7                          0.000     0.000 r  p9_ps_system_i/processing_system7_0/inst/PS7_i/FCLKCLK[1]
                         net (fo=1, routed)           1.101     1.101    p9_ps_system_i/processing_system7_0/inst/FCLK_CLK_unbuffered[1]
    BUFGCTRL_X0Y0        BUFG (Prop_bufg_I_O)         0.091     1.192 r  p9_ps_system_i/processing_system7_0/inst/buffer_fclk_clk_1.FCLK_CLK_1_BUFG/O
                         net (fo=5818, routed)        1.499     2.691    p9_ps_system_i/rst_dma_100/U0/EXT_LPF/ACTIVE_LOW_EXT.ACT_LO_EXT/slowest_sync_clk
    SLICE_X35Y7          FDRE                                         r  p9_ps_system_i/rst_dma_100/U0/EXT_LPF/ACTIVE_LOW_EXT.ACT_LO_EXT/GENERATE_LEVEL_P_S_CDC.SINGLE_BIT.CROSS_PLEVEL_IN2SCNDRY_IN_cdc_to/C





Min Delay Paths
--------------------------------------------------------------------------------------
Slack:                    inf
  Source:                 p9_ps_system_i/processing_system7_0/inst/PS7_i/FCLKRESETN[0]
                            (internal pin)
  Destination:            p9_ps_system_i/rst_dma_100/U0/EXT_LPF/ACTIVE_LOW_EXT.ACT_LO_EXT/GENERATE_LEVEL_P_S_CDC.SINGLE_BIT.CROSS_PLEVEL_IN2SCNDRY_IN_cdc_to/D
                            (rising edge-triggered cell FDRE clocked by clk_fpga_1  {rise@0.000ns fall@5.000ns period=10.000ns})
  Path Group:             (none)
  Path Type:              Hold (Min at Fast Process Corner)
  Data Path Delay:        1.475ns  (logic 0.045ns (3.051%)  route 1.430ns (96.949%))
  Logic Levels:           1  (LUT1=1)
  Clock Uncertainty:      0.152ns  ((TSJ^2 + TIJ^2)^1/2 + DJ) / 2 + PE
    Total System Jitter     (TSJ):    0.050ns
    Total Input Jitter      (TIJ):    0.300ns
    Discrete Jitter          (DJ):    0.000ns
    Phase Error              (PE):    0.000ns
  Timing Exception:       False Path

    Location             Delay type                Incr(ns)  Path(ns)    Netlist Resource(s)
  -------------------------------------------------------------------    -------------------
    PS7_X0Y0             PS7                          0.000     0.000 f  p9_ps_system_i/processing_system7_0/inst/PS7_i/FCLKRESETN[0]
                         net (fo=3, routed)           1.139     1.139    p9_ps_system_i/rst_dma_100/U0/EXT_LPF/ACTIVE_LOW_EXT.ACT_LO_EXT/ext_reset_in
    SLICE_X31Y18         LUT1 (Prop_lut1_I0_O)        0.045     1.184 r  p9_ps_system_i/rst_dma_100/U0/EXT_LPF/ACTIVE_LOW_EXT.ACT_LO_EXT/GENERATE_LEVEL_P_S_CDC.SINGLE_BIT.CROSS_PLEVEL_IN2SCNDRY_IN_cdc_to_i_1/O
                         net (fo=1, routed)           0.292     1.475    p9_ps_system_i/rst_dma_100/U0/EXT_LPF/ACTIVE_LOW_EXT.ACT_LO_EXT/exr_d1
    SLICE_X35Y7          FDRE                                         r  p9_ps_system_i/rst_dma_100/U0/EXT_LPF/ACTIVE_LOW_EXT.ACT_LO_EXT/GENERATE_LEVEL_P_S_CDC.SINGLE_BIT.CROSS_PLEVEL_IN2SCNDRY_IN_cdc_to/D
  -------------------------------------------------------------------    -------------------

                         (clock clk_fpga_1 rise edge)
                                                      0.000     0.000 r  
    PS7_X0Y0             PS7                          0.000     0.000 r  p9_ps_system_i/processing_system7_0/inst/PS7_i/FCLKCLK[1]
                         net (fo=1, routed)           0.341     0.341    p9_ps_system_i/processing_system7_0/inst/FCLK_CLK_unbuffered[1]
    BUFGCTRL_X0Y0        BUFG (Prop_bufg_I_O)         0.029     0.370 r  p9_ps_system_i/processing_system7_0/inst/buffer_fclk_clk_1.FCLK_CLK_1_BUFG/O
                         net (fo=5818, routed)        0.831     1.201    p9_ps_system_i/rst_dma_100/U0/EXT_LPF/ACTIVE_LOW_EXT.ACT_LO_EXT/slowest_sync_clk
    SLICE_X35Y7          FDRE                                         r  p9_ps_system_i/rst_dma_100/U0/EXT_LPF/ACTIVE_LOW_EXT.ACT_LO_EXT/GENERATE_LEVEL_P_S_CDC.SINGLE_BIT.CROSS_PLEVEL_IN2SCNDRY_IN_cdc_to/C





--------------------------------------------------------------------------------------
Path Group:  (none)
From Clock:  clk_fpga_0
  To Clock:  clk_fpga_1

Max Delay            40 Endpoints
Min Delay            50 Endpoints
--------------------------------------------------------------------------------------


Max Delay Paths
--------------------------------------------------------------------------------------
Slack:                    inf
  Source:                 p9_ps_system_i/s2mm_axis_clock_converter/inst/gen_async_conv.axisc_async_clock_converter_0/xpm_fifo_async_inst/gnuram_async_fifo.xpm_fifo_base_inst/gen_sdpram.xpm_memory_base_inst/gen_wr_a.gen_word_narrow.mem_reg_0_31_6_11/RAMA/CLK
                            (rising edge-triggered cell RAMD32 clocked by clk_fpga_0  {rise@0.000ns fall@7.813ns period=15.625ns})
  Destination:            p9_ps_system_i/s2mm_axis_clock_converter/inst/gen_async_conv.axisc_async_clock_converter_0/xpm_fifo_async_inst/gnuram_async_fifo.xpm_fifo_base_inst/gen_sdpram.xpm_memory_base_inst/gen_rd_b.gen_rd_b_synth_template.gen_rf_narrow_pipe.doutb_reg_reg[6]/D
                            (rising edge-triggered cell FDRE clocked by clk_fpga_1  {rise@0.000ns fall@5.000ns period=10.000ns})
  Path Group:             (none)
  Path Type:              Setup (Max at Slow Process Corner)
  Data Path Delay:        3.415ns  (logic 1.344ns (39.356%)  route 2.071ns (60.644%))
  Logic Levels:           0  
  Clock Path Skew:        -0.196ns (DCD - SCD + CPR)
    Destination Clock Delay (DCD):    2.768ns
    Source Clock Delay      (SCD):    2.964ns
    Clock Pessimism Removal (CPR):    0.000ns
  Clock Uncertainty:      0.281ns  ((TSJ^2 + TIJ^2)^1/2 + DJ) / 2 + PE
    Total System Jitter     (TSJ):    0.071ns
    Total Input Jitter      (TIJ):    0.557ns
    Discrete Jitter          (DJ):    0.000ns
    Phase Error              (PE):    0.000ns
  Timing Exception:       False Path

    Location             Delay type                Incr(ns)  Path(ns)    Netlist Resource(s)
  -------------------------------------------------------------------    -------------------
                         (clock clk_fpga_0 rise edge)
                                                      0.000     0.000 r  
    PS7_X0Y0             PS7                          0.000     0.000 r  p9_ps_system_i/processing_system7_0/inst/PS7_i/FCLKCLK[0]
                         net (fo=1, routed)           1.207     1.207    p9_ps_system_i/processing_system7_0/inst/FCLK_CLK_unbuffered[0]
    BUFGCTRL_X0Y2        BUFG (Prop_bufg_I_O)         0.101     1.308 r  p9_ps_system_i/processing_system7_0/inst/buffer_fclk_clk_0.FCLK_CLK_0_BUFG/O
                         net (fo=9423, routed)        1.656     2.964    p9_ps_system_i/s2mm_axis_clock_converter/inst/gen_async_conv.axisc_async_clock_converter_0/xpm_fifo_async_inst/gnuram_async_fifo.xpm_fifo_base_inst/gen_sdpram.xpm_memory_base_inst/gen_wr_a.gen_word_narrow.mem_reg_0_31_6_11/WCLK
    SLICE_X34Y23         RAMD32                                       r  p9_ps_system_i/s2mm_axis_clock_converter/inst/gen_async_conv.axisc_async_clock_converter_0/xpm_fifo_async_inst/gnuram_async_fifo.xpm_fifo_base_inst/gen_sdpram.xpm_memory_base_inst/gen_wr_a.gen_word_narrow.mem_reg_0_31_6_11/RAMA/CLK
  -------------------------------------------------------------------    -------------------
    SLICE_X34Y23         RAMD32 (Prop_ramd32_CLK_O)
                                                      1.344     4.308 r  p9_ps_system_i/s2mm_axis_clock_converter/inst/gen_async_conv.axisc_async_clock_converter_0/xpm_fifo_async_inst/gnuram_async_fifo.xpm_fifo_base_inst/gen_sdpram.xpm_memory_base_inst/gen_wr_a.gen_word_narrow.mem_reg_0_31_6_11/RAMA/O
                         net (fo=1, routed)           2.071     6.379    p9_ps_system_i/s2mm_axis_clock_converter/inst/gen_async_conv.axisc_async_clock_converter_0/xpm_fifo_async_inst/gnuram_async_fifo.xpm_fifo_base_inst/gen_sdpram.xpm_memory_base_inst/gen_rd_b.gen_rd_b_synth_template.gen_rf_narrow_pipe.doutb_reg_reg0[6]
    SLICE_X43Y46         FDRE                                         r  p9_ps_system_i/s2mm_axis_clock_converter/inst/gen_async_conv.axisc_async_clock_converter_0/xpm_fifo_async_inst/gnuram_async_fifo.xpm_fifo_base_inst/gen_sdpram.xpm_memory_base_inst/gen_rd_b.gen_rd_b_synth_template.gen_rf_narrow_pipe.doutb_reg_reg[6]/D
  -------------------------------------------------------------------    -------------------

                         (clock clk_fpga_1 rise edge)
                                                      0.000     0.000 r  
    PS7_X0Y0             PS7                          0.000     0.000 r  p9_ps_system_i/processing_system7_0/inst/PS7_i/FCLKCLK[1]
                         net (fo=1, routed)           1.101     1.101    p9_ps_system_i/processing_system7_0/inst/FCLK_CLK_unbuffered[1]
    BUFGCTRL_X0Y0        BUFG (Prop_bufg_I_O)         0.091     1.192 r  p9_ps_system_i/processing_system7_0/inst/buffer_fclk_clk_1.FCLK_CLK_1_BUFG/O
                         net (fo=5818, routed)        1.576     2.768    p9_ps_system_i/s2mm_axis_clock_converter/inst/gen_async_conv.axisc_async_clock_converter_0/xpm_fifo_async_inst/gnuram_async_fifo.xpm_fifo_base_inst/gen_sdpram.xpm_memory_base_inst/clkb
    SLICE_X43Y46         FDRE                                         r  p9_ps_system_i/s2mm_axis_clock_converter/inst/gen_async_conv.axisc_async_clock_converter_0/xpm_fifo_async_inst/gnuram_async_fifo.xpm_fifo_base_inst/gen_sdpram.xpm_memory_base_inst/gen_rd_b.gen_rd_b_synth_template.gen_rf_narrow_pipe.doutb_reg_reg[6]/C





Min Delay Paths
--------------------------------------------------------------------------------------
Slack:                    inf
  Source:                 p9_ps_system_i/mm2s_axis_clock_converter/inst/gen_async_conv.axisc_async_clock_converter_0/xpm_fifo_async_inst/gnuram_async_fifo.xpm_fifo_base_inst/gen_cdc_pntr.rd_pntr_cdc_inst/src_gray_ff_reg[1]/C
                            (rising edge-triggered cell FDRE clocked by clk_fpga_0  {rise@0.000ns fall@7.813ns period=15.625ns})
  Destination:            p9_ps_system_i/mm2s_axis_clock_converter/inst/gen_async_conv.axisc_async_clock_converter_0/xpm_fifo_async_inst/gnuram_async_fifo.xpm_fifo_base_inst/gen_cdc_pntr.rd_pntr_cdc_inst/dest_graysync_ff_reg[0][1]/D
                            (rising edge-triggered cell FDRE clocked by clk_fpga_1  {rise@0.000ns fall@5.000ns period=10.000ns})
  Path Group:             (none)
  Path Type:              Hold (Min at Fast Process Corner)
  Data Path Delay:        0.315ns  (logic 0.128ns (40.677%)  route 0.187ns (59.323%))
  Logic Levels:           0  
  Clock Path Skew:        0.298ns (DCD - SCD - CPR)
    Destination Clock Delay (DCD):    1.232ns
    Source Clock Delay      (SCD):    0.934ns
    Clock Pessimism Removal (CPR):    -0.000ns
  Clock Uncertainty:      0.281ns  ((TSJ^2 + TIJ^2)^1/2 + DJ) / 2 + PE
    Total System Jitter     (TSJ):    0.071ns
    Total Input Jitter      (TIJ):    0.557ns
    Discrete Jitter          (DJ):    0.000ns
    Phase Error              (PE):    0.000ns
  Timing Exception:       False Path

    Location             Delay type                Incr(ns)  Path(ns)    Netlist Resource(s)
  -------------------------------------------------------------------    -------------------
                         (clock clk_fpga_0 rise edge)
                                                      0.000     0.000 r  
    PS7_X0Y0             PS7                          0.000     0.000 r  p9_ps_system_i/processing_system7_0/inst/PS7_i/FCLKCLK[0]
                         net (fo=1, routed)           0.315     0.315    p9_ps_system_i/processing_system7_0/inst/FCLK_CLK_unbuffered[0]
    BUFGCTRL_X0Y2        BUFG (Prop_bufg_I_O)         0.026     0.341 r  p9_ps_system_i/processing_system7_0/inst/buffer_fclk_clk_0.FCLK_CLK_0_BUFG/O
                         net (fo=9423, routed)        0.593     0.934    p9_ps_system_i/mm2s_axis_clock_converter/inst/gen_async_conv.axisc_async_clock_converter_0/xpm_fifo_async_inst/gnuram_async_fifo.xpm_fifo_base_inst/gen_cdc_pntr.rd_pntr_cdc_inst/src_clk
    SLICE_X41Y0          FDRE                                         r  p9_ps_system_i/mm2s_axis_clock_converter/inst/gen_async_conv.axisc_async_clock_converter_0/xpm_fifo_async_inst/gnuram_async_fifo.xpm_fifo_base_inst/gen_cdc_pntr.rd_pntr_cdc_inst/src_gray_ff_reg[1]/C
  -------------------------------------------------------------------    -------------------
    SLICE_X41Y0          FDRE (Prop_fdre_C_Q)         0.128     1.062 r  p9_ps_system_i/mm2s_axis_clock_converter/inst/gen_async_conv.axisc_async_clock_converter_0/xpm_fifo_async_inst/gnuram_async_fifo.xpm_fifo_base_inst/gen_cdc_pntr.rd_pntr_cdc_inst/src_gray_ff_reg[1]/Q
                         net (fo=1, routed)           0.187     1.248    p9_ps_system_i/mm2s_axis_clock_converter/inst/gen_async_conv.axisc_async_clock_converter_0/xpm_fifo_async_inst/gnuram_async_fifo.xpm_fifo_base_inst/gen_cdc_pntr.rd_pntr_cdc_inst/async_path[1]
    SLICE_X40Y0          FDRE                                         r  p9_ps_system_i/mm2s_axis_clock_converter/inst/gen_async_conv.axisc_async_clock_converter_0/xpm_fifo_async_inst/gnuram_async_fifo.xpm_fifo_base_inst/gen_cdc_pntr.rd_pntr_cdc_inst/dest_graysync_ff_reg[0][1]/D
  -------------------------------------------------------------------    -------------------

                         (clock clk_fpga_1 rise edge)
                                                      0.000     0.000 r  
    PS7_X0Y0             PS7                          0.000     0.000 r  p9_ps_system_i/processing_system7_0/inst/PS7_i/FCLKCLK[1]
                         net (fo=1, routed)           0.341     0.341    p9_ps_system_i/processing_system7_0/inst/FCLK_CLK_unbuffered[1]
    BUFGCTRL_X0Y0        BUFG (Prop_bufg_I_O)         0.029     0.370 r  p9_ps_system_i/processing_system7_0/inst/buffer_fclk_clk_1.FCLK_CLK_1_BUFG/O
                         net (fo=5818, routed)        0.862     1.232    p9_ps_system_i/mm2s_axis_clock_converter/inst/gen_async_conv.axisc_async_clock_converter_0/xpm_fifo_async_inst/gnuram_async_fifo.xpm_fifo_base_inst/gen_cdc_pntr.rd_pntr_cdc_inst/dest_clk
    SLICE_X40Y0          FDRE                                         r  p9_ps_system_i/mm2s_axis_clock_converter/inst/gen_async_conv.axisc_async_clock_converter_0/xpm_fifo_async_inst/gnuram_async_fifo.xpm_fifo_base_inst/gen_cdc_pntr.rd_pntr_cdc_inst/dest_graysync_ff_reg[0][1]/C





--------------------------------------------------------------------------------------
Path Group:  (none)
From Clock:  clk_fpga_1
  To Clock:  clk_fpga_1

Max Delay            12 Endpoints
Min Delay            12 Endpoints
--------------------------------------------------------------------------------------


Max Delay Paths
--------------------------------------------------------------------------------------
Slack:                    inf
  Source:                 p9_ps_system_i/rst_dma_100/U0/ACTIVE_LOW_BSR_OUT_DFF[0].FDRE_BSR_N/C
                            (rising edge-triggered cell FDRE clocked by clk_fpga_1  {rise@0.000ns fall@5.000ns period=10.000ns})
  Destination:            p9_ps_system_i/hp0_interconnect/m00_couplers/auto_pc/inst/gen_axi4_axi3.axi3_conv_inst/USE_READ.USE_SPLIT_R.read_addr_inst/USE_R_CHANNEL.cmd_queue/inst/fifo_gen_inst/inst_fifo_gen/gconvfifo.rf/grf.rf/rstblk/ngwrdrst.grst.g7serrst.gnsckt_wrst.rst_wr_reg2_inst/arststages_ff_reg[0]/PRE
                            (recovery check against rising-edge clock clk_fpga_1  {rise@0.000ns fall@5.000ns period=10.000ns})
  Path Group:             (none)
  Path Type:              Recovery (Max at Slow Process Corner)
  Data Path Delay:        5.716ns  (logic 0.580ns (10.148%)  route 5.136ns (89.852%))
  Logic Levels:           1  (LUT1=1)
  Clock Path Skew:        -0.313ns (DCD - SCD + CPR)
    Destination Clock Delay (DCD):    2.744ns
    Source Clock Delay      (SCD):    3.057ns
    Clock Pessimism Removal (CPR):    0.000ns
  Clock Uncertainty:      0.154ns  ((TSJ^2 + TIJ^2)^1/2 + DJ) / 2 + PE
    Total System Jitter     (TSJ):    0.071ns
    Total Input Jitter      (TIJ):    0.300ns
    Discrete Jitter          (DJ):    0.000ns
    Phase Error              (PE):    0.000ns
  Timing Exception:       False Path

    Location             Delay type                Incr(ns)  Path(ns)    Netlist Resource(s)
  -------------------------------------------------------------------    -------------------
                         (clock clk_fpga_1 rise edge)
                                                      0.000     0.000 r  
    PS7_X0Y0             PS7                          0.000     0.000 r  p9_ps_system_i/processing_system7_0/inst/PS7_i/FCLKCLK[1]
                         net (fo=1, routed)           1.207     1.207    p9_ps_system_i/processing_system7_0/inst/FCLK_CLK_unbuffered[1]
    BUFGCTRL_X0Y0        BUFG (Prop_bufg_I_O)         0.101     1.308 r  p9_ps_system_i/processing_system7_0/inst/buffer_fclk_clk_1.FCLK_CLK_1_BUFG/O
                         net (fo=5818, routed)        1.749     3.057    p9_ps_system_i/rst_dma_100/U0/slowest_sync_clk
    SLICE_X41Y13         FDRE                                         r  p9_ps_system_i/rst_dma_100/U0/ACTIVE_LOW_BSR_OUT_DFF[0].FDRE_BSR_N/C
  -------------------------------------------------------------------    -------------------
    SLICE_X41Y13         FDRE (Prop_fdre_C_Q)         0.456     3.513 r  p9_ps_system_i/rst_dma_100/U0/ACTIVE_LOW_BSR_OUT_DFF[0].FDRE_BSR_N/Q
                         net (fo=20, routed)          3.157     6.670    p9_ps_system_i/hp0_interconnect/m00_couplers/auto_pc/inst/gen_axi4_axi3.axi3_conv_inst/USE_WRITE.write_addr_inst/USE_BURSTS.cmd_queue/inst/aresetn
    SLICE_X5Y10          LUT1 (Prop_lut1_I0_O)        0.124     6.794 f  p9_ps_system_i/hp0_interconnect/m00_couplers/auto_pc/inst/gen_axi4_axi3.axi3_conv_inst/USE_WRITE.write_addr_inst/USE_BURSTS.cmd_queue/inst/S_AXI_AREADY_I_i_1/O
                         net (fo=248, routed)         1.978     8.773    p9_ps_system_i/hp0_interconnect/m00_couplers/auto_pc/inst/gen_axi4_axi3.axi3_conv_inst/USE_READ.USE_SPLIT_R.read_addr_inst/USE_R_CHANNEL.cmd_queue/inst/fifo_gen_inst/inst_fifo_gen/gconvfifo.rf/grf.rf/rstblk/ngwrdrst.grst.g7serrst.gnsckt_wrst.rst_wr_reg2_inst/src_arst
    SLICE_X3Y0           FDPE                                         f  p9_ps_system_i/hp0_interconnect/m00_couplers/auto_pc/inst/gen_axi4_axi3.axi3_conv_inst/USE_READ.USE_SPLIT_R.read_addr_inst/USE_R_CHANNEL.cmd_queue/inst/fifo_gen_inst/inst_fifo_gen/gconvfifo.rf/grf.rf/rstblk/ngwrdrst.grst.g7serrst.gnsckt_wrst.rst_wr_reg2_inst/arststages_ff_reg[0]/PRE
  -------------------------------------------------------------------    -------------------

                         (clock clk_fpga_1 rise edge)
                                                      0.000     0.000 r  
    PS7_X0Y0             PS7                          0.000     0.000 r  p9_ps_system_i/processing_system7_0/inst/PS7_i/FCLKCLK[1]
                         net (fo=1, routed)           1.101     1.101    p9_ps_system_i/processing_system7_0/inst/FCLK_CLK_unbuffered[1]
    BUFGCTRL_X0Y0        BUFG (Prop_bufg_I_O)         0.091     1.192 r  p9_ps_system_i/processing_system7_0/inst/buffer_fclk_clk_1.FCLK_CLK_1_BUFG/O
                         net (fo=5818, routed)        1.552     2.744    p9_ps_system_i/hp0_interconnect/m00_couplers/auto_pc/inst/gen_axi4_axi3.axi3_conv_inst/USE_READ.USE_SPLIT_R.read_addr_inst/USE_R_CHANNEL.cmd_queue/inst/fifo_gen_inst/inst_fifo_gen/gconvfifo.rf/grf.rf/rstblk/ngwrdrst.grst.g7serrst.gnsckt_wrst.rst_wr_reg2_inst/dest_clk
    SLICE_X3Y0           FDPE                                         r  p9_ps_system_i/hp0_interconnect/m00_couplers/auto_pc/inst/gen_axi4_axi3.axi3_conv_inst/USE_READ.USE_SPLIT_R.read_addr_inst/USE_R_CHANNEL.cmd_queue/inst/fifo_gen_inst/inst_fifo_gen/gconvfifo.rf/grf.rf/rstblk/ngwrdrst.grst.g7serrst.gnsckt_wrst.rst_wr_reg2_inst/arststages_ff_reg[0]/C





Min Delay Paths
--------------------------------------------------------------------------------------
Slack:                    inf
  Source:                 p9_ps_system_i/axi_dma_0/U0/I_RST_MODULE/GEN_RESET_FOR_MM2S.RESET_I/GEN_ASYNC_RESET.GEN_PRMRY_GRTR_EQL_SCNDRY.s_halt_reg/C
                            (rising edge-triggered cell FDRE clocked by clk_fpga_1  {rise@0.000ns fall@5.000ns period=10.000ns})
  Destination:            p9_ps_system_i/axi_dma_0/U0/I_RST_MODULE/GEN_RESET_FOR_MM2S.RESET_I/GEN_ASYNC_RESET.GEN_PRMRY_GRTR_EQL_SCNDRY.HALT_PROCESS/GENERATE_LEVEL_P_S_CDC.SINGLE_BIT.CROSS_PLEVEL_IN2SCNDRY_IN_cdc_to/D
                            (rising edge-triggered cell FDRE clocked by clk_fpga_1  {rise@0.000ns fall@5.000ns period=10.000ns})
  Path Group:             (none)
  Path Type:              Hold (Min at Fast Process Corner)
  Data Path Delay:        0.301ns  (logic 0.141ns (46.892%)  route 0.160ns (53.108%))
  Logic Levels:           0  
  Clock Path Skew:        0.294ns (DCD - SCD - CPR)
    Destination Clock Delay (DCD):    1.216ns
    Source Clock Delay      (SCD):    0.922ns
    Clock Pessimism Removal (CPR):    -0.000ns
  Clock Uncertainty:      0.154ns  ((TSJ^2 + TIJ^2)^1/2 + DJ) / 2 + PE
    Total System Jitter     (TSJ):    0.071ns
    Total Input Jitter      (TIJ):    0.300ns
    Discrete Jitter          (DJ):    0.000ns
    Phase Error              (PE):    0.000ns
  Timing Exception:       False Path

    Location             Delay type                Incr(ns)  Path(ns)    Netlist Resource(s)
  -------------------------------------------------------------------    -------------------
                         (clock clk_fpga_1 rise edge)
                                                      0.000     0.000 r  
    PS7_X0Y0             PS7                          0.000     0.000 r  p9_ps_system_i/processing_system7_0/inst/PS7_i/FCLKCLK[1]
                         net (fo=1, routed)           0.315     0.315    p9_ps_system_i/processing_system7_0/inst/FCLK_CLK_unbuffered[1]
    BUFGCTRL_X0Y0        BUFG (Prop_bufg_I_O)         0.026     0.341 r  p9_ps_system_i/processing_system7_0/inst/buffer_fclk_clk_1.FCLK_CLK_1_BUFG/O
                         net (fo=5818, routed)        0.581     0.922    p9_ps_system_i/axi_dma_0/U0/I_RST_MODULE/GEN_RESET_FOR_MM2S.RESET_I/m_axi_sg_aclk
    SLICE_X5Y13          FDRE                                         r  p9_ps_system_i/axi_dma_0/U0/I_RST_MODULE/GEN_RESET_FOR_MM2S.RESET_I/GEN_ASYNC_RESET.GEN_PRMRY_GRTR_EQL_SCNDRY.s_halt_reg/C
  -------------------------------------------------------------------    -------------------
    SLICE_X5Y13          FDRE (Prop_fdre_C_Q)         0.141     1.063 r  p9_ps_system_i/axi_dma_0/U0/I_RST_MODULE/GEN_RESET_FOR_MM2S.RESET_I/GEN_ASYNC_RESET.GEN_PRMRY_GRTR_EQL_SCNDRY.s_halt_reg/Q
                         net (fo=1, routed)           0.160     1.222    p9_ps_system_i/axi_dma_0/U0/I_RST_MODULE/GEN_RESET_FOR_MM2S.RESET_I/GEN_ASYNC_RESET.GEN_PRMRY_GRTR_EQL_SCNDRY.HALT_PROCESS/prmry_in
    SLICE_X0Y14          FDRE                                         r  p9_ps_system_i/axi_dma_0/U0/I_RST_MODULE/GEN_RESET_FOR_MM2S.RESET_I/GEN_ASYNC_RESET.GEN_PRMRY_GRTR_EQL_SCNDRY.HALT_PROCESS/GENERATE_LEVEL_P_S_CDC.SINGLE_BIT.CROSS_PLEVEL_IN2SCNDRY_IN_cdc_to/D
  -------------------------------------------------------------------    -------------------

                         (clock clk_fpga_1 rise edge)
                                                      0.000     0.000 r  
    PS7_X0Y0             PS7                          0.000     0.000 r  p9_ps_system_i/processing_system7_0/inst/PS7_i/FCLKCLK[1]
                         net (fo=1, routed)           0.341     0.341    p9_ps_system_i/processing_system7_0/inst/FCLK_CLK_unbuffered[1]
    BUFGCTRL_X0Y0        BUFG (Prop_bufg_I_O)         0.029     0.370 r  p9_ps_system_i/processing_system7_0/inst/buffer_fclk_clk_1.FCLK_CLK_1_BUFG/O
                         net (fo=5818, routed)        0.846     1.216    p9_ps_system_i/axi_dma_0/U0/I_RST_MODULE/GEN_RESET_FOR_MM2S.RESET_I/GEN_ASYNC_RESET.GEN_PRMRY_GRTR_EQL_SCNDRY.HALT_PROCESS/m_axi_mm2s_aclk
    SLICE_X0Y14          FDRE                                         r  p9_ps_system_i/axi_dma_0/U0/I_RST_MODULE/GEN_RESET_FOR_MM2S.RESET_I/GEN_ASYNC_RESET.GEN_PRMRY_GRTR_EQL_SCNDRY.HALT_PROCESS/GENERATE_LEVEL_P_S_CDC.SINGLE_BIT.CROSS_PLEVEL_IN2SCNDRY_IN_cdc_to/C





--------------------------------------------------------------------------------------
Path Group:  (none)
From Clock:  clk_fpga_2
  To Clock:  clk_fpga_1

Max Delay            50 Endpoints
Min Delay            50 Endpoints
--------------------------------------------------------------------------------------


Max Delay Paths
--------------------------------------------------------------------------------------
Slack:                    inf
  Source:                 p9_ps_system_i/processing_system7_0/inst/PS7_i/MAXIGP0ACLK
                            (rising edge-triggered cell PS7 clocked by clk_fpga_2  {rise@0.000ns fall@10.000ns period=20.000ns})
  Destination:            p9_ps_system_i/axi_dma_0/U0/I_AXI_DMA_REG_MODULE/GEN_AXI_LITE_IF.AXI_LITE_IF_I/GEN_ASYNC_WRITE.REG_WADDR_TO_IPCLK1/GENERATE_LEVEL_P_S_CDC.MULTI_BIT.FOR_IN_cdc_to[31].CROSS2_PLEVEL_IN2SCNDRY_IN_cdc_to/D
                            (rising edge-triggered cell FDRE clocked by clk_fpga_1  {rise@0.000ns fall@5.000ns period=10.000ns})
  Path Group:             (none)
  Path Type:              Setup (Max at Slow Process Corner)
  Data Path Delay:        4.900ns  (logic 1.450ns (29.594%)  route 3.450ns (70.406%))
  Logic Levels:           0  
  Clock Path Skew:        -0.311ns (DCD - SCD + CPR)
    Destination Clock Delay (DCD):    2.761ns
    Source Clock Delay      (SCD):    3.073ns
    Clock Pessimism Removal (CPR):    0.000ns
  Clock Uncertainty:      0.337ns  ((TSJ^2 + TIJ^2)^1/2 + DJ) / 2 + PE
    Total System Jitter     (TSJ):    0.071ns
    Total Input Jitter      (TIJ):    0.671ns
    Discrete Jitter          (DJ):    0.000ns
    Phase Error              (PE):    0.000ns
  Timing Exception:       False Path

    Location             Delay type                Incr(ns)  Path(ns)    Netlist Resource(s)
  -------------------------------------------------------------------    -------------------
                         (clock clk_fpga_2 rise edge)
                                                      0.000     0.000 r  
    PS7_X0Y0             PS7                          0.000     0.000 r  p9_ps_system_i/processing_system7_0/inst/PS7_i/FCLKCLK[2]
                         net (fo=1, routed)           1.207     1.207    p9_ps_system_i/processing_system7_0/inst/FCLK_CLK_unbuffered[2]
    BUFGCTRL_X0Y1        BUFG (Prop_bufg_I_O)         0.101     1.308 r  p9_ps_system_i/processing_system7_0/inst/buffer_fclk_clk_2.FCLK_CLK_2_BUFG/O
                         net (fo=1123, routed)        1.765     3.073    p9_ps_system_i/processing_system7_0/inst/M_AXI_GP0_ACLK
    PS7_X0Y0             PS7                                          r  p9_ps_system_i/processing_system7_0/inst/PS7_i/MAXIGP0ACLK
  -------------------------------------------------------------------    -------------------
    PS7_X0Y0             PS7 (Prop_ps7_MAXIGP0ACLK_MAXIGP0WDATA[31])
                                                      1.450     4.523 r  p9_ps_system_i/processing_system7_0/inst/PS7_i/MAXIGP0WDATA[31]
                         net (fo=2, routed)           3.450     7.972    p9_ps_system_i/axi_dma_0/U0/I_AXI_DMA_REG_MODULE/GEN_AXI_LITE_IF.AXI_LITE_IF_I/GEN_ASYNC_WRITE.REG_WADDR_TO_IPCLK1/s_axi_lite_wdata[29]
    SLICE_X38Y34         FDRE                                         r  p9_ps_system_i/axi_dma_0/U0/I_AXI_DMA_REG_MODULE/GEN_AXI_LITE_IF.AXI_LITE_IF_I/GEN_ASYNC_WRITE.REG_WADDR_TO_IPCLK1/GENERATE_LEVEL_P_S_CDC.MULTI_BIT.FOR_IN_cdc_to[31].CROSS2_PLEVEL_IN2SCNDRY_IN_cdc_to/D
  -------------------------------------------------------------------    -------------------

                         (clock clk_fpga_1 rise edge)
                                                      0.000     0.000 r  
    PS7_X0Y0             PS7                          0.000     0.000 r  p9_ps_system_i/processing_system7_0/inst/PS7_i/FCLKCLK[1]
                         net (fo=1, routed)           1.101     1.101    p9_ps_system_i/processing_system7_0/inst/FCLK_CLK_unbuffered[1]
    BUFGCTRL_X0Y0        BUFG (Prop_bufg_I_O)         0.091     1.192 r  p9_ps_system_i/processing_system7_0/inst/buffer_fclk_clk_1.FCLK_CLK_1_BUFG/O
                         net (fo=5818, routed)        1.569     2.761    p9_ps_system_i/axi_dma_0/U0/I_AXI_DMA_REG_MODULE/GEN_AXI_LITE_IF.AXI_LITE_IF_I/GEN_ASYNC_WRITE.REG_WADDR_TO_IPCLK1/m_axi_sg_aclk
    SLICE_X38Y34         FDRE                                         r  p9_ps_system_i/axi_dma_0/U0/I_AXI_DMA_REG_MODULE/GEN_AXI_LITE_IF.AXI_LITE_IF_I/GEN_ASYNC_WRITE.REG_WADDR_TO_IPCLK1/GENERATE_LEVEL_P_S_CDC.MULTI_BIT.FOR_IN_cdc_to[31].CROSS2_PLEVEL_IN2SCNDRY_IN_cdc_to/C





Min Delay Paths
--------------------------------------------------------------------------------------
Slack:                    inf
  Source:                 p9_ps_system_i/axi_dma_0/U0/I_AXI_DMA_REG_MODULE/GEN_AXI_LITE_IF.AXI_LITE_IF_I/GEN_ASYNC_WRITE.awvalid_cdc_from_reg/C
                            (rising edge-triggered cell FDRE clocked by clk_fpga_2  {rise@0.000ns fall@10.000ns period=20.000ns})
  Destination:            p9_ps_system_i/axi_dma_0/U0/I_AXI_DMA_REG_MODULE/GEN_AXI_LITE_IF.AXI_LITE_IF_I/GEN_ASYNC_WRITE.AWVLD_CDC_TO/GENERATE_LEVEL_P_S_CDC.SINGLE_BIT.CROSS_PLEVEL_IN2SCNDRY_IN_cdc_to/D
                            (rising edge-triggered cell FDRE clocked by clk_fpga_1  {rise@0.000ns fall@5.000ns period=10.000ns})
  Path Group:             (none)
  Path Type:              Hold (Min at Fast Process Corner)
  Data Path Delay:        0.319ns  (logic 0.141ns (44.195%)  route 0.178ns (55.805%))
  Logic Levels:           0  
  Clock Path Skew:        0.290ns (DCD - SCD - CPR)
    Destination Clock Delay (DCD):    1.206ns
    Source Clock Delay      (SCD):    0.916ns
    Clock Pessimism Removal (CPR):    -0.000ns
  Clock Uncertainty:      0.337ns  ((TSJ^2 + TIJ^2)^1/2 + DJ) / 2 + PE
    Total System Jitter     (TSJ):    0.071ns
    Total Input Jitter      (TIJ):    0.671ns
    Discrete Jitter          (DJ):    0.000ns
    Phase Error              (PE):    0.000ns
  Timing Exception:       False Path

    Location             Delay type                Incr(ns)  Path(ns)    Netlist Resource(s)
  -------------------------------------------------------------------    -------------------
                         (clock clk_fpga_2 rise edge)
                                                      0.000     0.000 r  
    PS7_X0Y0             PS7                          0.000     0.000 r  p9_ps_system_i/processing_system7_0/inst/PS7_i/FCLKCLK[2]
                         net (fo=1, routed)           0.315     0.315    p9_ps_system_i/processing_system7_0/inst/FCLK_CLK_unbuffered[2]
    BUFGCTRL_X0Y1        BUFG (Prop_bufg_I_O)         0.026     0.341 r  p9_ps_system_i/processing_system7_0/inst/buffer_fclk_clk_2.FCLK_CLK_2_BUFG/O
                         net (fo=1123, routed)        0.575     0.916    p9_ps_system_i/axi_dma_0/U0/I_AXI_DMA_REG_MODULE/GEN_AXI_LITE_IF.AXI_LITE_IF_I/s_axi_lite_aclk
    SLICE_X2Y28          FDRE                                         r  p9_ps_system_i/axi_dma_0/U0/I_AXI_DMA_REG_MODULE/GEN_AXI_LITE_IF.AXI_LITE_IF_I/GEN_ASYNC_WRITE.awvalid_cdc_from_reg/C
  -------------------------------------------------------------------    -------------------
    SLICE_X2Y28          FDRE (Prop_fdre_C_Q)         0.141     1.057 r  p9_ps_system_i/axi_dma_0/U0/I_AXI_DMA_REG_MODULE/GEN_AXI_LITE_IF.AXI_LITE_IF_I/GEN_ASYNC_WRITE.awvalid_cdc_from_reg/Q
                         net (fo=2, routed)           0.178     1.235    p9_ps_system_i/axi_dma_0/U0/I_AXI_DMA_REG_MODULE/GEN_AXI_LITE_IF.AXI_LITE_IF_I/GEN_ASYNC_WRITE.AWVLD_CDC_TO/prmry_in
    SLICE_X1Y26          FDRE                                         r  p9_ps_system_i/axi_dma_0/U0/I_AXI_DMA_REG_MODULE/GEN_AXI_LITE_IF.AXI_LITE_IF_I/GEN_ASYNC_WRITE.AWVLD_CDC_TO/GENERATE_LEVEL_P_S_CDC.SINGLE_BIT.CROSS_PLEVEL_IN2SCNDRY_IN_cdc_to/D
  -------------------------------------------------------------------    -------------------

                         (clock clk_fpga_1 rise edge)
                                                      0.000     0.000 r  
    PS7_X0Y0             PS7                          0.000     0.000 r  p9_ps_system_i/processing_system7_0/inst/PS7_i/FCLKCLK[1]
                         net (fo=1, routed)           0.341     0.341    p9_ps_system_i/processing_system7_0/inst/FCLK_CLK_unbuffered[1]
    BUFGCTRL_X0Y0        BUFG (Prop_bufg_I_O)         0.029     0.370 r  p9_ps_system_i/processing_system7_0/inst/buffer_fclk_clk_1.FCLK_CLK_1_BUFG/O
                         net (fo=5818, routed)        0.836     1.206    p9_ps_system_i/axi_dma_0/U0/I_AXI_DMA_REG_MODULE/GEN_AXI_LITE_IF.AXI_LITE_IF_I/GEN_ASYNC_WRITE.AWVLD_CDC_TO/m_axi_sg_aclk
    SLICE_X1Y26          FDRE                                         r  p9_ps_system_i/axi_dma_0/U0/I_AXI_DMA_REG_MODULE/GEN_AXI_LITE_IF.AXI_LITE_IF_I/GEN_ASYNC_WRITE.AWVLD_CDC_TO/GENERATE_LEVEL_P_S_CDC.SINGLE_BIT.CROSS_PLEVEL_IN2SCNDRY_IN_cdc_to/C





--------------------------------------------------------------------------------------
Path Group:  (none)
From Clock:  
  To Clock:  clk_fpga_2

Max Delay             1 Endpoint
Min Delay             1 Endpoint
--------------------------------------------------------------------------------------


Max Delay Paths
--------------------------------------------------------------------------------------
Slack:                    inf
  Source:                 p9_ps_system_i/processing_system7_0/inst/PS7_i/FCLKRESETN[0]
                            (internal pin)
  Destination:            p9_ps_system_i/rst_axil_50/U0/EXT_LPF/ACTIVE_LOW_EXT.ACT_LO_EXT/GENERATE_LEVEL_P_S_CDC.SINGLE_BIT.CROSS_PLEVEL_IN2SCNDRY_IN_cdc_to/D
                            (rising edge-triggered cell FDRE clocked by clk_fpga_2  {rise@0.000ns fall@10.000ns period=20.000ns})
  Path Group:             (none)
  Path Type:              Setup (Max at Slow Process Corner)
  Data Path Delay:        2.752ns  (logic 0.152ns (5.523%)  route 2.600ns (94.477%))
  Logic Levels:           1  (LUT1=1)
  Clock Uncertainty:      0.301ns  ((TSJ^2 + TIJ^2)^1/2 + DJ) / 2 + PE
    Total System Jitter     (TSJ):    0.050ns
    Total Input Jitter      (TIJ):    0.600ns
    Discrete Jitter          (DJ):    0.000ns
    Phase Error              (PE):    0.000ns
  Timing Exception:       False Path

    Location             Delay type                Incr(ns)  Path(ns)    Netlist Resource(s)
  -------------------------------------------------------------------    -------------------
    PS7_X0Y0             PS7                          0.000     0.000 f  p9_ps_system_i/processing_system7_0/inst/PS7_i/FCLKRESETN[0]
                         net (fo=3, routed)           1.417     1.417    p9_ps_system_i/rst_axil_50/U0/EXT_LPF/ACTIVE_LOW_EXT.ACT_LO_EXT/ext_reset_in
    SLICE_X7Y41          LUT1 (Prop_lut1_I0_O)        0.152     1.569 r  p9_ps_system_i/rst_axil_50/U0/EXT_LPF/ACTIVE_LOW_EXT.ACT_LO_EXT/GENERATE_LEVEL_P_S_CDC.SINGLE_BIT.CROSS_PLEVEL_IN2SCNDRY_IN_cdc_to_i_1/O
                         net (fo=1, routed)           1.183     2.752    p9_ps_system_i/rst_axil_50/U0/EXT_LPF/ACTIVE_LOW_EXT.ACT_LO_EXT/exr_d1
    SLICE_X0Y58          FDRE                                         r  p9_ps_system_i/rst_axil_50/U0/EXT_LPF/ACTIVE_LOW_EXT.ACT_LO_EXT/GENERATE_LEVEL_P_S_CDC.SINGLE_BIT.CROSS_PLEVEL_IN2SCNDRY_IN_cdc_to/D
  -------------------------------------------------------------------    -------------------

                         (clock clk_fpga_2 rise edge)
                                                      0.000     0.000 r  
    PS7_X0Y0             PS7                          0.000     0.000 r  p9_ps_system_i/processing_system7_0/inst/PS7_i/FCLKCLK[2]
                         net (fo=1, routed)           1.101     1.101    p9_ps_system_i/processing_system7_0/inst/FCLK_CLK_unbuffered[2]
    BUFGCTRL_X0Y1        BUFG (Prop_bufg_I_O)         0.091     1.192 r  p9_ps_system_i/processing_system7_0/inst/buffer_fclk_clk_2.FCLK_CLK_2_BUFG/O
                         net (fo=1123, routed)        1.536     2.728    p9_ps_system_i/rst_axil_50/U0/EXT_LPF/ACTIVE_LOW_EXT.ACT_LO_EXT/slowest_sync_clk
    SLICE_X0Y58          FDRE                                         r  p9_ps_system_i/rst_axil_50/U0/EXT_LPF/ACTIVE_LOW_EXT.ACT_LO_EXT/GENERATE_LEVEL_P_S_CDC.SINGLE_BIT.CROSS_PLEVEL_IN2SCNDRY_IN_cdc_to/C





Min Delay Paths
--------------------------------------------------------------------------------------
Slack:                    inf
  Source:                 p9_ps_system_i/processing_system7_0/inst/PS7_i/FCLKRESETN[0]
                            (internal pin)
  Destination:            p9_ps_system_i/rst_axil_50/U0/EXT_LPF/ACTIVE_LOW_EXT.ACT_LO_EXT/GENERATE_LEVEL_P_S_CDC.SINGLE_BIT.CROSS_PLEVEL_IN2SCNDRY_IN_cdc_to/D
                            (rising edge-triggered cell FDRE clocked by clk_fpga_2  {rise@0.000ns fall@10.000ns period=20.000ns})
  Path Group:             (none)
  Path Type:              Hold (Min at Fast Process Corner)
  Data Path Delay:        1.122ns  (logic 0.045ns (4.010%)  route 1.077ns (95.990%))
  Logic Levels:           1  (LUT1=1)
  Clock Uncertainty:      0.301ns  ((TSJ^2 + TIJ^2)^1/2 + DJ) / 2 + PE
    Total System Jitter     (TSJ):    0.050ns
    Total Input Jitter      (TIJ):    0.600ns
    Discrete Jitter          (DJ):    0.000ns
    Phase Error              (PE):    0.000ns
  Timing Exception:       False Path

    Location             Delay type                Incr(ns)  Path(ns)    Netlist Resource(s)
  -------------------------------------------------------------------    -------------------
    PS7_X0Y0             PS7                          0.000     0.000 f  p9_ps_system_i/processing_system7_0/inst/PS7_i/FCLKRESETN[0]
                         net (fo=3, routed)           0.543     0.543    p9_ps_system_i/rst_axil_50/U0/EXT_LPF/ACTIVE_LOW_EXT.ACT_LO_EXT/ext_reset_in
    SLICE_X7Y41          LUT1 (Prop_lut1_I0_O)        0.045     0.588 r  p9_ps_system_i/rst_axil_50/U0/EXT_LPF/ACTIVE_LOW_EXT.ACT_LO_EXT/GENERATE_LEVEL_P_S_CDC.SINGLE_BIT.CROSS_PLEVEL_IN2SCNDRY_IN_cdc_to_i_1/O
                         net (fo=1, routed)           0.534     1.122    p9_ps_system_i/rst_axil_50/U0/EXT_LPF/ACTIVE_LOW_EXT.ACT_LO_EXT/exr_d1
    SLICE_X0Y58          FDRE                                         r  p9_ps_system_i/rst_axil_50/U0/EXT_LPF/ACTIVE_LOW_EXT.ACT_LO_EXT/GENERATE_LEVEL_P_S_CDC.SINGLE_BIT.CROSS_PLEVEL_IN2SCNDRY_IN_cdc_to/D
  -------------------------------------------------------------------    -------------------

                         (clock clk_fpga_2 rise edge)
                                                      0.000     0.000 r  
    PS7_X0Y0             PS7                          0.000     0.000 r  p9_ps_system_i/processing_system7_0/inst/PS7_i/FCLKCLK[2]
                         net (fo=1, routed)           0.341     0.341    p9_ps_system_i/processing_system7_0/inst/FCLK_CLK_unbuffered[2]
    BUFGCTRL_X0Y1        BUFG (Prop_bufg_I_O)         0.029     0.370 r  p9_ps_system_i/processing_system7_0/inst/buffer_fclk_clk_2.FCLK_CLK_2_BUFG/O
                         net (fo=1123, routed)        0.849     1.219    p9_ps_system_i/rst_axil_50/U0/EXT_LPF/ACTIVE_LOW_EXT.ACT_LO_EXT/slowest_sync_clk
    SLICE_X0Y58          FDRE                                         r  p9_ps_system_i/rst_axil_50/U0/EXT_LPF/ACTIVE_LOW_EXT.ACT_LO_EXT/GENERATE_LEVEL_P_S_CDC.SINGLE_BIT.CROSS_PLEVEL_IN2SCNDRY_IN_cdc_to/C





--------------------------------------------------------------------------------------
Path Group:  (none)
From Clock:  clk_fpga_0
  To Clock:  clk_fpga_2

Max Delay             5 Endpoints
Min Delay            41 Endpoints
--------------------------------------------------------------------------------------


Max Delay Paths
--------------------------------------------------------------------------------------
Slack:                    inf
  Source:                 p9_ps_system_i/p9_axil_clock_converter/inst/gen_clock_conv.gen_async_lite_conv.clock_conv_lite_resp_b/handshake/src_sendd_ff_reg/C
                            (rising edge-triggered cell FDRE clocked by clk_fpga_0  {rise@0.000ns fall@7.813ns period=15.625ns})
  Destination:            p9_ps_system_i/p9_axil_clock_converter/inst/gen_clock_conv.gen_async_lite_conv.clock_conv_lite_resp_b/handshake/xpm_cdc_single_src2dest_inst/syncstages_ff_reg[0]/D
                            (rising edge-triggered cell FDRE clocked by clk_fpga_2  {rise@0.000ns fall@10.000ns period=20.000ns})
  Path Group:             (none)
  Path Type:              Setup (Max at Slow Process Corner)
  Data Path Delay:        2.944ns  (logic 0.518ns (17.594%)  route 2.426ns (82.406%))
  Logic Levels:           0  
  Clock Path Skew:        -0.368ns (DCD - SCD + CPR)
    Destination Clock Delay (DCD):    2.682ns
    Source Clock Delay      (SCD):    3.050ns
    Clock Pessimism Removal (CPR):    0.000ns
  Clock Uncertainty:      0.382ns  ((TSJ^2 + TIJ^2)^1/2 + DJ) / 2 + PE
    Total System Jitter     (TSJ):    0.071ns
    Total Input Jitter      (TIJ):    0.762ns
    Discrete Jitter          (DJ):    0.000ns
    Phase Error              (PE):    0.000ns
  Timing Exception:       False Path

    Location             Delay type                Incr(ns)  Path(ns)    Netlist Resource(s)
  -------------------------------------------------------------------    -------------------
                         (clock clk_fpga_0 rise edge)
                                                      0.000     0.000 r  
    PS7_X0Y0             PS7                          0.000     0.000 r  p9_ps_system_i/processing_system7_0/inst/PS7_i/FCLKCLK[0]
                         net (fo=1, routed)           1.207     1.207    p9_ps_system_i/processing_system7_0/inst/FCLK_CLK_unbuffered[0]
    BUFGCTRL_X0Y2        BUFG (Prop_bufg_I_O)         0.101     1.308 r  p9_ps_system_i/processing_system7_0/inst/buffer_fclk_clk_0.FCLK_CLK_0_BUFG/O
                         net (fo=9423, routed)        1.742     3.050    p9_ps_system_i/p9_axil_clock_converter/inst/gen_clock_conv.gen_async_lite_conv.clock_conv_lite_resp_b/handshake/src_clk
    SLICE_X42Y30         FDRE                                         r  p9_ps_system_i/p9_axil_clock_converter/inst/gen_clock_conv.gen_async_lite_conv.clock_conv_lite_resp_b/handshake/src_sendd_ff_reg/C
  -------------------------------------------------------------------    -------------------
    SLICE_X42Y30         FDRE (Prop_fdre_C_Q)         0.518     3.568 r  p9_ps_system_i/p9_axil_clock_converter/inst/gen_clock_conv.gen_async_lite_conv.clock_conv_lite_resp_b/handshake/src_sendd_ff_reg/Q
                         net (fo=3, routed)           2.426     5.994    p9_ps_system_i/p9_axil_clock_converter/inst/gen_clock_conv.gen_async_lite_conv.clock_conv_lite_resp_b/handshake/xpm_cdc_single_src2dest_inst/src_in
    SLICE_X8Y24          FDRE                                         r  p9_ps_system_i/p9_axil_clock_converter/inst/gen_clock_conv.gen_async_lite_conv.clock_conv_lite_resp_b/handshake/xpm_cdc_single_src2dest_inst/syncstages_ff_reg[0]/D
  -------------------------------------------------------------------    -------------------

                         (clock clk_fpga_2 rise edge)
                                                      0.000     0.000 r  
    PS7_X0Y0             PS7                          0.000     0.000 r  p9_ps_system_i/processing_system7_0/inst/PS7_i/FCLKCLK[2]
                         net (fo=1, routed)           1.101     1.101    p9_ps_system_i/processing_system7_0/inst/FCLK_CLK_unbuffered[2]
    BUFGCTRL_X0Y1        BUFG (Prop_bufg_I_O)         0.091     1.192 r  p9_ps_system_i/processing_system7_0/inst/buffer_fclk_clk_2.FCLK_CLK_2_BUFG/O
                         net (fo=1123, routed)        1.490     2.682    p9_ps_system_i/p9_axil_clock_converter/inst/gen_clock_conv.gen_async_lite_conv.clock_conv_lite_resp_b/handshake/xpm_cdc_single_src2dest_inst/dest_clk
    SLICE_X8Y24          FDRE                                         r  p9_ps_system_i/p9_axil_clock_converter/inst/gen_clock_conv.gen_async_lite_conv.clock_conv_lite_resp_b/handshake/xpm_cdc_single_src2dest_inst/syncstages_ff_reg[0]/C





Min Delay Paths
--------------------------------------------------------------------------------------
Slack:                    inf
  Source:                 p9_ps_system_i/p9_axil_clock_converter/inst/gen_clock_conv.gen_async_lite_conv.clock_conv_lite_resp_r/handshake/src_hsdata_ff_reg[19]/C
                            (rising edge-triggered cell FDRE clocked by clk_fpga_0  {rise@0.000ns fall@7.813ns period=15.625ns})
  Destination:            p9_ps_system_i/p9_axil_clock_converter/inst/gen_clock_conv.gen_async_lite_conv.clock_conv_lite_resp_r/handshake/dest_hsdata_ff_reg[19]/D
                            (rising edge-triggered cell FDRE clocked by clk_fpga_2  {rise@0.000ns fall@10.000ns period=20.000ns})
  Path Group:             (none)
  Path Type:              Hold (Min at Fast Process Corner)
  Data Path Delay:        0.342ns  (logic 0.141ns (41.286%)  route 0.201ns (58.714%))
  Logic Levels:           0  
  Clock Path Skew:        0.300ns (DCD - SCD - CPR)
    Destination Clock Delay (DCD):    1.203ns
    Source Clock Delay      (SCD):    0.903ns
    Clock Pessimism Removal (CPR):    -0.000ns
  Clock Uncertainty:      0.382ns  ((TSJ^2 + TIJ^2)^1/2 + DJ) / 2 + PE
    Total System Jitter     (TSJ):    0.071ns
    Total Input Jitter      (TIJ):    0.762ns
    Discrete Jitter          (DJ):    0.000ns
    Phase Error              (PE):    0.000ns
  Timing Exception:       False Path

    Location             Delay type                Incr(ns)  Path(ns)    Netlist Resource(s)
  -------------------------------------------------------------------    -------------------
                         (clock clk_fpga_0 rise edge)
                                                      0.000     0.000 r  
    PS7_X0Y0             PS7                          0.000     0.000 r  p9_ps_system_i/processing_system7_0/inst/PS7_i/FCLKCLK[0]
                         net (fo=1, routed)           0.315     0.315    p9_ps_system_i/processing_system7_0/inst/FCLK_CLK_unbuffered[0]
    BUFGCTRL_X0Y2        BUFG (Prop_bufg_I_O)         0.026     0.341 r  p9_ps_system_i/processing_system7_0/inst/buffer_fclk_clk_0.FCLK_CLK_0_BUFG/O
                         net (fo=9423, routed)        0.562     0.903    p9_ps_system_i/p9_axil_clock_converter/inst/gen_clock_conv.gen_async_lite_conv.clock_conv_lite_resp_r/handshake/src_clk
    SLICE_X14Y52         FDRE                                         r  p9_ps_system_i/p9_axil_clock_converter/inst/gen_clock_conv.gen_async_lite_conv.clock_conv_lite_resp_r/handshake/src_hsdata_ff_reg[19]/C
  -------------------------------------------------------------------    -------------------
    SLICE_X14Y52         FDRE (Prop_fdre_C_Q)         0.141     1.044 r  p9_ps_system_i/p9_axil_clock_converter/inst/gen_clock_conv.gen_async_lite_conv.clock_conv_lite_resp_r/handshake/src_hsdata_ff_reg[19]/Q
                         net (fo=1, routed)           0.201     1.244    p9_ps_system_i/p9_axil_clock_converter/inst/gen_clock_conv.gen_async_lite_conv.clock_conv_lite_resp_r/handshake/src_hsdata_ff[19]
    SLICE_X9Y53          FDRE                                         r  p9_ps_system_i/p9_axil_clock_converter/inst/gen_clock_conv.gen_async_lite_conv.clock_conv_lite_resp_r/handshake/dest_hsdata_ff_reg[19]/D
  -------------------------------------------------------------------    -------------------

                         (clock clk_fpga_2 rise edge)
                                                      0.000     0.000 r  
    PS7_X0Y0             PS7                          0.000     0.000 r  p9_ps_system_i/processing_system7_0/inst/PS7_i/FCLKCLK[2]
                         net (fo=1, routed)           0.341     0.341    p9_ps_system_i/processing_system7_0/inst/FCLK_CLK_unbuffered[2]
    BUFGCTRL_X0Y1        BUFG (Prop_bufg_I_O)         0.029     0.370 r  p9_ps_system_i/processing_system7_0/inst/buffer_fclk_clk_2.FCLK_CLK_2_BUFG/O
                         net (fo=1123, routed)        0.833     1.203    p9_ps_system_i/p9_axil_clock_converter/inst/gen_clock_conv.gen_async_lite_conv.clock_conv_lite_resp_r/handshake/dest_clk
    SLICE_X9Y53          FDRE                                         r  p9_ps_system_i/p9_axil_clock_converter/inst/gen_clock_conv.gen_async_lite_conv.clock_conv_lite_resp_r/handshake/dest_hsdata_ff_reg[19]/C





--------------------------------------------------------------------------------------
Path Group:  (none)
From Clock:  clk_fpga_1
  To Clock:  clk_fpga_2

Max Delay            35 Endpoints
Min Delay            35 Endpoints
--------------------------------------------------------------------------------------


Max Delay Paths
--------------------------------------------------------------------------------------
Slack:                    inf
  Source:                 p9_ps_system_i/axi_dma_0/U0/I_AXI_DMA_REG_MODULE/GEN_AXI_LITE_IF.AXI_LITE_IF_I/GEN_ASYNC_READ.lite_rdata_cdc_from_reg[13]/C
                            (rising edge-triggered cell FDRE clocked by clk_fpga_1  {rise@0.000ns fall@5.000ns period=10.000ns})
  Destination:            p9_ps_system_i/axi_dma_0/U0/I_AXI_DMA_REG_MODULE/GEN_AXI_LITE_IF.AXI_LITE_IF_I/GEN_ASYNC_READ.REG_DATA2LITE_CLOCK/GENERATE_LEVEL_P_S_CDC.MULTI_BIT.FOR_IN_cdc_to[13].CROSS2_PLEVEL_IN2SCNDRY_IN_cdc_to/D
                            (rising edge-triggered cell FDRE clocked by clk_fpga_2  {rise@0.000ns fall@10.000ns period=20.000ns})
  Path Group:             (none)
  Path Type:              Setup (Max at Slow Process Corner)
  Data Path Delay:        2.784ns  (logic 0.419ns (15.052%)  route 2.365ns (84.948%))
  Logic Levels:           0  
  Clock Path Skew:        -0.289ns (DCD - SCD + CPR)
    Destination Clock Delay (DCD):    2.686ns
    Source Clock Delay      (SCD):    2.976ns
    Clock Pessimism Removal (CPR):    0.000ns
  Clock Uncertainty:      0.337ns  ((TSJ^2 + TIJ^2)^1/2 + DJ) / 2 + PE
    Total System Jitter     (TSJ):    0.071ns
    Total Input Jitter      (TIJ):    0.671ns
    Discrete Jitter          (DJ):    0.000ns
    Phase Error              (PE):    0.000ns
  Timing Exception:       False Path

    Location             Delay type                Incr(ns)  Path(ns)    Netlist Resource(s)
  -------------------------------------------------------------------    -------------------
                         (clock clk_fpga_1 rise edge)
                                                      0.000     0.000 r  
    PS7_X0Y0             PS7                          0.000     0.000 r  p9_ps_system_i/processing_system7_0/inst/PS7_i/FCLKCLK[1]
                         net (fo=1, routed)           1.207     1.207    p9_ps_system_i/processing_system7_0/inst/FCLK_CLK_unbuffered[1]
    BUFGCTRL_X0Y0        BUFG (Prop_bufg_I_O)         0.101     1.308 r  p9_ps_system_i/processing_system7_0/inst/buffer_fclk_clk_1.FCLK_CLK_1_BUFG/O
                         net (fo=5818, routed)        1.668     2.976    p9_ps_system_i/axi_dma_0/U0/I_AXI_DMA_REG_MODULE/GEN_AXI_LITE_IF.AXI_LITE_IF_I/m_axi_sg_aclk
    SLICE_X21Y35         FDRE                                         r  p9_ps_system_i/axi_dma_0/U0/I_AXI_DMA_REG_MODULE/GEN_AXI_LITE_IF.AXI_LITE_IF_I/GEN_ASYNC_READ.lite_rdata_cdc_from_reg[13]/C
  -------------------------------------------------------------------    -------------------
    SLICE_X21Y35         FDRE (Prop_fdre_C_Q)         0.419     3.395 r  p9_ps_system_i/axi_dma_0/U0/I_AXI_DMA_REG_MODULE/GEN_AXI_LITE_IF.AXI_LITE_IF_I/GEN_ASYNC_READ.lite_rdata_cdc_from_reg[13]/Q
                         net (fo=1, routed)           2.365     5.760    p9_ps_system_i/axi_dma_0/U0/I_AXI_DMA_REG_MODULE/GEN_AXI_LITE_IF.AXI_LITE_IF_I/GEN_ASYNC_READ.REG_DATA2LITE_CLOCK/prmry_vect_in[13]
    SLICE_X21Y36         FDRE                                         r  p9_ps_system_i/axi_dma_0/U0/I_AXI_DMA_REG_MODULE/GEN_AXI_LITE_IF.AXI_LITE_IF_I/GEN_ASYNC_READ.REG_DATA2LITE_CLOCK/GENERATE_LEVEL_P_S_CDC.MULTI_BIT.FOR_IN_cdc_to[13].CROSS2_PLEVEL_IN2SCNDRY_IN_cdc_to/D
  -------------------------------------------------------------------    -------------------

                         (clock clk_fpga_2 rise edge)
                                                      0.000     0.000 r  
    PS7_X0Y0             PS7                          0.000     0.000 r  p9_ps_system_i/processing_system7_0/inst/PS7_i/FCLKCLK[2]
                         net (fo=1, routed)           1.101     1.101    p9_ps_system_i/processing_system7_0/inst/FCLK_CLK_unbuffered[2]
    BUFGCTRL_X0Y1        BUFG (Prop_bufg_I_O)         0.091     1.192 r  p9_ps_system_i/processing_system7_0/inst/buffer_fclk_clk_2.FCLK_CLK_2_BUFG/O
                         net (fo=1123, routed)        1.494     2.686    p9_ps_system_i/axi_dma_0/U0/I_AXI_DMA_REG_MODULE/GEN_AXI_LITE_IF.AXI_LITE_IF_I/GEN_ASYNC_READ.REG_DATA2LITE_CLOCK/s_axi_lite_aclk
    SLICE_X21Y36         FDRE                                         r  p9_ps_system_i/axi_dma_0/U0/I_AXI_DMA_REG_MODULE/GEN_AXI_LITE_IF.AXI_LITE_IF_I/GEN_ASYNC_READ.REG_DATA2LITE_CLOCK/GENERATE_LEVEL_P_S_CDC.MULTI_BIT.FOR_IN_cdc_to[13].CROSS2_PLEVEL_IN2SCNDRY_IN_cdc_to/C





Min Delay Paths
--------------------------------------------------------------------------------------
Slack:                    inf
  Source:                 p9_ps_system_i/axi_dma_0/U0/I_AXI_DMA_REG_MODULE/GEN_AXI_LITE_IF.AXI_LITE_IF_I/GEN_ASYNC_READ.lite_rdata_cdc_from_reg[14]/C
                            (rising edge-triggered cell FDRE clocked by clk_fpga_1  {rise@0.000ns fall@5.000ns period=10.000ns})
  Destination:            p9_ps_system_i/axi_dma_0/U0/I_AXI_DMA_REG_MODULE/GEN_AXI_LITE_IF.AXI_LITE_IF_I/GEN_ASYNC_READ.REG_DATA2LITE_CLOCK/GENERATE_LEVEL_P_S_CDC.MULTI_BIT.FOR_IN_cdc_to[14].CROSS2_PLEVEL_IN2SCNDRY_IN_cdc_to/D
                            (rising edge-triggered cell FDRE clocked by clk_fpga_2  {rise@0.000ns fall@10.000ns period=20.000ns})
  Path Group:             (none)
  Path Type:              Hold (Min at Fast Process Corner)
  Data Path Delay:        0.238ns  (logic 0.128ns (53.830%)  route 0.110ns (46.170%))
  Logic Levels:           0  
  Clock Path Skew:        0.297ns (DCD - SCD - CPR)
    Destination Clock Delay (DCD):    1.188ns
    Source Clock Delay      (SCD):    0.891ns
    Clock Pessimism Removal (CPR):    -0.000ns
  Clock Uncertainty:      0.337ns  ((TSJ^2 + TIJ^2)^1/2 + DJ) / 2 + PE
    Total System Jitter     (TSJ):    0.071ns
    Total Input Jitter      (TIJ):    0.671ns
    Discrete Jitter          (DJ):    0.000ns
    Phase Error              (PE):    0.000ns
  Timing Exception:       False Path

    Location             Delay type                Incr(ns)  Path(ns)    Netlist Resource(s)
  -------------------------------------------------------------------    -------------------
                         (clock clk_fpga_1 rise edge)
                                                      0.000     0.000 r  
    PS7_X0Y0             PS7                          0.000     0.000 r  p9_ps_system_i/processing_system7_0/inst/PS7_i/FCLKCLK[1]
                         net (fo=1, routed)           0.315     0.315    p9_ps_system_i/processing_system7_0/inst/FCLK_CLK_unbuffered[1]
    BUFGCTRL_X0Y0        BUFG (Prop_bufg_I_O)         0.026     0.341 r  p9_ps_system_i/processing_system7_0/inst/buffer_fclk_clk_1.FCLK_CLK_1_BUFG/O
                         net (fo=5818, routed)        0.550     0.891    p9_ps_system_i/axi_dma_0/U0/I_AXI_DMA_REG_MODULE/GEN_AXI_LITE_IF.AXI_LITE_IF_I/m_axi_sg_aclk
    SLICE_X21Y27         FDRE                                         r  p9_ps_system_i/axi_dma_0/U0/I_AXI_DMA_REG_MODULE/GEN_AXI_LITE_IF.AXI_LITE_IF_I/GEN_ASYNC_READ.lite_rdata_cdc_from_reg[14]/C
  -------------------------------------------------------------------    -------------------
    SLICE_X21Y27         FDRE (Prop_fdre_C_Q)         0.128     1.018 r  p9_ps_system_i/axi_dma_0/U0/I_AXI_DMA_REG_MODULE/GEN_AXI_LITE_IF.AXI_LITE_IF_I/GEN_ASYNC_READ.lite_rdata_cdc_from_reg[14]/Q
                         net (fo=1, routed)           0.110     1.128    p9_ps_system_i/axi_dma_0/U0/I_AXI_DMA_REG_MODULE/GEN_AXI_LITE_IF.AXI_LITE_IF_I/GEN_ASYNC_READ.REG_DATA2LITE_CLOCK/prmry_vect_in[14]
    SLICE_X21Y28         FDRE                                         r  p9_ps_system_i/axi_dma_0/U0/I_AXI_DMA_REG_MODULE/GEN_AXI_LITE_IF.AXI_LITE_IF_I/GEN_ASYNC_READ.REG_DATA2LITE_CLOCK/GENERATE_LEVEL_P_S_CDC.MULTI_BIT.FOR_IN_cdc_to[14].CROSS2_PLEVEL_IN2SCNDRY_IN_cdc_to/D
  -------------------------------------------------------------------    -------------------

                         (clock clk_fpga_2 rise edge)
                                                      0.000     0.000 r  
    PS7_X0Y0             PS7                          0.000     0.000 r  p9_ps_system_i/processing_system7_0/inst/PS7_i/FCLKCLK[2]
                         net (fo=1, routed)           0.341     0.341    p9_ps_system_i/processing_system7_0/inst/FCLK_CLK_unbuffered[2]
    BUFGCTRL_X0Y1        BUFG (Prop_bufg_I_O)         0.029     0.370 r  p9_ps_system_i/processing_system7_0/inst/buffer_fclk_clk_2.FCLK_CLK_2_BUFG/O
                         net (fo=1123, routed)        0.818     1.188    p9_ps_system_i/axi_dma_0/U0/I_AXI_DMA_REG_MODULE/GEN_AXI_LITE_IF.AXI_LITE_IF_I/GEN_ASYNC_READ.REG_DATA2LITE_CLOCK/s_axi_lite_aclk
    SLICE_X21Y28         FDRE                                         r  p9_ps_system_i/axi_dma_0/U0/I_AXI_DMA_REG_MODULE/GEN_AXI_LITE_IF.AXI_LITE_IF_I/GEN_ASYNC_READ.REG_DATA2LITE_CLOCK/GENERATE_LEVEL_P_S_CDC.MULTI_BIT.FOR_IN_cdc_to[14].CROSS2_PLEVEL_IN2SCNDRY_IN_cdc_to/C





--------------------------------------------------------------------------------------
Path Group:  (none)
From Clock:  clk_fpga_2
  To Clock:  clk_fpga_2

Max Delay             1 Endpoint
Min Delay             1 Endpoint
--------------------------------------------------------------------------------------


Max Delay Paths
--------------------------------------------------------------------------------------
Slack:                    inf
  Source:                 p9_ps_system_i/rst_axil_50/U0/ACTIVE_LOW_PR_OUT_DFF[0].FDRE_PER_N/C
                            (rising edge-triggered cell FDRE clocked by clk_fpga_2  {rise@0.000ns fall@10.000ns period=20.000ns})
  Destination:            p9_ps_system_i/axi_dma_0/U0/I_RST_MODULE/REG_HRD_RST_OUT/GENERATE_LEVEL_P_S_CDC.SINGLE_BIT.CROSS_PLEVEL_IN2SCNDRY_IN_cdc_to/D
                            (rising edge-triggered cell FDRE clocked by clk_fpga_2  {rise@0.000ns fall@10.000ns period=20.000ns})
  Path Group:             (none)
  Path Type:              Setup (Max at Slow Process Corner)
  Data Path Delay:        1.260ns  (logic 0.456ns (36.180%)  route 0.804ns (63.820%))
  Logic Levels:           0  
  Clock Path Skew:        -0.288ns (DCD - SCD + CPR)
    Destination Clock Delay (DCD):    2.731ns
    Source Clock Delay      (SCD):    3.019ns
    Clock Pessimism Removal (CPR):    0.000ns
  Clock Uncertainty:      0.302ns  ((TSJ^2 + TIJ^2)^1/2 + DJ) / 2 + PE
    Total System Jitter     (TSJ):    0.071ns
    Total Input Jitter      (TIJ):    0.600ns
    Discrete Jitter          (DJ):    0.000ns
    Phase Error              (PE):    0.000ns
  Timing Exception:       False Path

    Location             Delay type                Incr(ns)  Path(ns)    Netlist Resource(s)
  -------------------------------------------------------------------    -------------------
                         (clock clk_fpga_2 rise edge)
                                                      0.000     0.000 r  
    PS7_X0Y0             PS7                          0.000     0.000 r  p9_ps_system_i/processing_system7_0/inst/PS7_i/FCLKCLK[2]
                         net (fo=1, routed)           1.207     1.207    p9_ps_system_i/processing_system7_0/inst/FCLK_CLK_unbuffered[2]
    BUFGCTRL_X0Y1        BUFG (Prop_bufg_I_O)         0.101     1.308 r  p9_ps_system_i/processing_system7_0/inst/buffer_fclk_clk_2.FCLK_CLK_2_BUFG/O
                         net (fo=1123, routed)        1.711     3.019    p9_ps_system_i/rst_axil_50/U0/slowest_sync_clk
    SLICE_X5Y22          FDRE                                         r  p9_ps_system_i/rst_axil_50/U0/ACTIVE_LOW_PR_OUT_DFF[0].FDRE_PER_N/C
  -------------------------------------------------------------------    -------------------
    SLICE_X5Y22          FDRE (Prop_fdre_C_Q)         0.456     3.475 r  p9_ps_system_i/rst_axil_50/U0/ACTIVE_LOW_PR_OUT_DFF[0].FDRE_PER_N/Q
                         net (fo=6, routed)           0.804     4.279    p9_ps_system_i/axi_dma_0/U0/I_RST_MODULE/REG_HRD_RST_OUT/axi_resetn
    SLICE_X0Y17          FDRE                                         r  p9_ps_system_i/axi_dma_0/U0/I_RST_MODULE/REG_HRD_RST_OUT/GENERATE_LEVEL_P_S_CDC.SINGLE_BIT.CROSS_PLEVEL_IN2SCNDRY_IN_cdc_to/D
  -------------------------------------------------------------------    -------------------

                         (clock clk_fpga_2 rise edge)
                                                      0.000     0.000 r  
    PS7_X0Y0             PS7                          0.000     0.000 r  p9_ps_system_i/processing_system7_0/inst/PS7_i/FCLKCLK[2]
                         net (fo=1, routed)           1.101     1.101    p9_ps_system_i/processing_system7_0/inst/FCLK_CLK_unbuffered[2]
    BUFGCTRL_X0Y1        BUFG (Prop_bufg_I_O)         0.091     1.192 r  p9_ps_system_i/processing_system7_0/inst/buffer_fclk_clk_2.FCLK_CLK_2_BUFG/O
                         net (fo=1123, routed)        1.539     2.731    p9_ps_system_i/axi_dma_0/U0/I_RST_MODULE/REG_HRD_RST_OUT/s_axi_lite_aclk
    SLICE_X0Y17          FDRE                                         r  p9_ps_system_i/axi_dma_0/U0/I_RST_MODULE/REG_HRD_RST_OUT/GENERATE_LEVEL_P_S_CDC.SINGLE_BIT.CROSS_PLEVEL_IN2SCNDRY_IN_cdc_to/C





Min Delay Paths
--------------------------------------------------------------------------------------
Slack:                    inf
  Source:                 p9_ps_system_i/rst_axil_50/U0/ACTIVE_LOW_PR_OUT_DFF[0].FDRE_PER_N/C
                            (rising edge-triggered cell FDRE clocked by clk_fpga_2  {rise@0.000ns fall@10.000ns period=20.000ns})
  Destination:            p9_ps_system_i/axi_dma_0/U0/I_RST_MODULE/REG_HRD_RST_OUT/GENERATE_LEVEL_P_S_CDC.SINGLE_BIT.CROSS_PLEVEL_IN2SCNDRY_IN_cdc_to/D
                            (rising edge-triggered cell FDRE clocked by clk_fpga_2  {rise@0.000ns fall@10.000ns period=20.000ns})
  Path Group:             (none)
  Path Type:              Hold (Min at Fast Process Corner)
  Data Path Delay:        0.445ns  (logic 0.141ns (31.660%)  route 0.304ns (68.340%))
  Logic Levels:           0  
  Clock Path Skew:        0.297ns (DCD - SCD - CPR)
    Destination Clock Delay (DCD):    1.213ns
    Source Clock Delay      (SCD):    0.916ns
    Clock Pessimism Removal (CPR):    -0.000ns
  Clock Uncertainty:      0.302ns  ((TSJ^2 + TIJ^2)^1/2 + DJ) / 2 + PE
    Total System Jitter     (TSJ):    0.071ns
    Total Input Jitter      (TIJ):    0.600ns
    Discrete Jitter          (DJ):    0.000ns
    Phase Error              (PE):    0.000ns
  Timing Exception:       False Path

    Location             Delay type                Incr(ns)  Path(ns)    Netlist Resource(s)
  -------------------------------------------------------------------    -------------------
                         (clock clk_fpga_2 rise edge)
                                                      0.000     0.000 r  
    PS7_X0Y0             PS7                          0.000     0.000 r  p9_ps_system_i/processing_system7_0/inst/PS7_i/FCLKCLK[2]
                         net (fo=1, routed)           0.315     0.315    p9_ps_system_i/processing_system7_0/inst/FCLK_CLK_unbuffered[2]
    BUFGCTRL_X0Y1        BUFG (Prop_bufg_I_O)         0.026     0.341 r  p9_ps_system_i/processing_system7_0/inst/buffer_fclk_clk_2.FCLK_CLK_2_BUFG/O
                         net (fo=1123, routed)        0.575     0.916    p9_ps_system_i/rst_axil_50/U0/slowest_sync_clk
    SLICE_X5Y22          FDRE                                         r  p9_ps_system_i/rst_axil_50/U0/ACTIVE_LOW_PR_OUT_DFF[0].FDRE_PER_N/C
  -------------------------------------------------------------------    -------------------
    SLICE_X5Y22          FDRE (Prop_fdre_C_Q)         0.141     1.057 r  p9_ps_system_i/rst_axil_50/U0/ACTIVE_LOW_PR_OUT_DFF[0].FDRE_PER_N/Q
                         net (fo=6, routed)           0.304     1.361    p9_ps_system_i/axi_dma_0/U0/I_RST_MODULE/REG_HRD_RST_OUT/axi_resetn
    SLICE_X0Y17          FDRE                                         r  p9_ps_system_i/axi_dma_0/U0/I_RST_MODULE/REG_HRD_RST_OUT/GENERATE_LEVEL_P_S_CDC.SINGLE_BIT.CROSS_PLEVEL_IN2SCNDRY_IN_cdc_to/D
  -------------------------------------------------------------------    -------------------

                         (clock clk_fpga_2 rise edge)
                                                      0.000     0.000 r  
    PS7_X0Y0             PS7                          0.000     0.000 r  p9_ps_system_i/processing_system7_0/inst/PS7_i/FCLKCLK[2]
                         net (fo=1, routed)           0.341     0.341    p9_ps_system_i/processing_system7_0/inst/FCLK_CLK_unbuffered[2]
    BUFGCTRL_X0Y1        BUFG (Prop_bufg_I_O)         0.029     0.370 r  p9_ps_system_i/processing_system7_0/inst/buffer_fclk_clk_2.FCLK_CLK_2_BUFG/O
                         net (fo=1123, routed)        0.843     1.213    p9_ps_system_i/axi_dma_0/U0/I_RST_MODULE/REG_HRD_RST_OUT/s_axi_lite_aclk
    SLICE_X0Y17          FDRE                                         r  p9_ps_system_i/axi_dma_0/U0/I_RST_MODULE/REG_HRD_RST_OUT/GENERATE_LEVEL_P_S_CDC.SINGLE_BIT.CROSS_PLEVEL_IN2SCNDRY_IN_cdc_to/C





--------------------------------------------------------------------------------------
Path Group:  (none)
From Clock:  clk_fpga_0
  To Clock:  

Max Delay             8 Endpoints
Min Delay             8 Endpoints
--------------------------------------------------------------------------------------


Max Delay Paths
--------------------------------------------------------------------------------------
Slack:                    inf
  Source:                 p9_ps_system_i/p9_peripheral_0/inst/impl/u_transport/receiver_enable_q_reg/C
                            (rising edge-triggered cell FDCE clocked by clk_fpga_0  {rise@0.000ns fall@7.813ns period=15.625ns})
  Destination:            ir_tx_out_0[0]
                            (output port)
  Path Group:             (none)
  Path Type:              Max at Slow Process Corner
  Data Path Delay:        12.448ns  (logic 4.358ns (35.009%)  route 8.090ns (64.991%))
  Logic Levels:           4  (LUT2=2 LUT4=1 OBUF=1)
  Clock Uncertainty:      0.236ns  ((TSJ^2 + TIJ^2)^1/2 + DJ) / 2 + PE
    Total System Jitter     (TSJ):    0.050ns
    Total Input Jitter      (TIJ):    0.469ns
    Discrete Jitter          (DJ):    0.000ns
    Phase Error              (PE):    0.000ns

    Location             Delay type                Incr(ns)  Path(ns)    Netlist Resource(s)
  -------------------------------------------------------------------    -------------------
                         (clock clk_fpga_0 rise edge)
                                                      0.000     0.000 r  
    PS7_X0Y0             PS7                          0.000     0.000 r  p9_ps_system_i/processing_system7_0/inst/PS7_i/FCLKCLK[0]
                         net (fo=1, routed)           1.207     1.207    p9_ps_system_i/processing_system7_0/inst/FCLK_CLK_unbuffered[0]
    BUFGCTRL_X0Y2        BUFG (Prop_bufg_I_O)         0.101     1.308 r  p9_ps_system_i/processing_system7_0/inst/buffer_fclk_clk_0.FCLK_CLK_0_BUFG/O
                         net (fo=9423, routed)        1.742     3.050    p9_ps_system_i/p9_peripheral_0/inst/impl/u_transport/s_axi_aclk
    SLICE_X40Y30         FDCE                                         r  p9_ps_system_i/p9_peripheral_0/inst/impl/u_transport/receiver_enable_q_reg/C
  -------------------------------------------------------------------    -------------------
    SLICE_X40Y30         FDCE (Prop_fdce_C_Q)         0.456     3.506 r  p9_ps_system_i/p9_peripheral_0/inst/impl/u_transport/receiver_enable_q_reg/Q
                         net (fo=3, routed)           0.651     4.157    p9_ps_system_i/p9_peripheral_0/inst/impl/u_transport/g_physical[0].u_b_phy/u_p8c_physical_safety/u_exact_duty_accountant/loop_sd_b0[0]
    SLICE_X41Y29         LUT2 (Prop_lut2_I0_O)        0.124     4.281 r  p9_ps_system_i/p9_peripheral_0/inst/impl/u_transport/g_physical[0].u_b_phy/u_p8c_physical_safety/u_exact_duty_accountant/ir_sd_0[1]_INST_0_i_1/O
                         net (fo=161, routed)         3.176     7.456    p9_ps_system_i/p9_peripheral_0/inst/impl/u_transport/g_physical[0].u_a_phy/u_p8c_physical_safety/physical_enable
    SLICE_X33Y44         LUT4 (Prop_lut4_I1_O)        0.124     7.580 r  p9_ps_system_i/p9_peripheral_0/inst/impl/u_transport/g_physical[0].u_a_phy/u_p8c_physical_safety/ir_tx_out_0[0]_INST_0_i_1/O
                         net (fo=3, routed)           0.783     8.363    p9_ps_system_i/p9_peripheral_0/inst/impl/u_transport/g_physical[0].u_a_phy/u_p8c_physical_safety/txd_pre_final_o_reg_0
    SLICE_X41Y50         LUT2 (Prop_lut2_I1_O)        0.124     8.487 r  p9_ps_system_i/p9_peripheral_0/inst/impl/u_transport/g_physical[0].u_a_phy/u_p8c_physical_safety/ir_tx_out_0[0]_INST_0/O
                         net (fo=1, routed)           3.481    11.968    ir_tx_out_0_OBUF[0]
    C20                  OBUF (Prop_obuf_I_O)         3.530    15.498 r  ir_tx_out_0_OBUF[0]_inst/O
                         net (fo=0)                   0.000    15.498    ir_tx_out_0[0]
    C20                                                               r  ir_tx_out_0[0] (OUT)
  -------------------------------------------------------------------    -------------------





Min Delay Paths
--------------------------------------------------------------------------------------
Slack:                    inf
  Source:                 p9_ps_system_i/p9_peripheral_0/inst/impl/u_transport/g_physical[0].u_b_phy/u_p8c_physical_safety/txd_pre_final_o_reg/C
                            (rising edge-triggered cell FDCE clocked by clk_fpga_0  {rise@0.000ns fall@7.813ns period=15.625ns})
  Destination:            loop_tx_b0[0]
                            (output port)
  Path Group:             (none)
  Path Type:              Min at Fast Process Corner
  Data Path Delay:        2.139ns  (logic 1.534ns (71.705%)  route 0.605ns (28.295%))
  Logic Levels:           2  (LUT5=1 OBUF=1)
  Clock Uncertainty:      0.236ns  ((TSJ^2 + TIJ^2)^1/2 + DJ) / 2 + PE
    Total System Jitter     (TSJ):    0.050ns
    Total Input Jitter      (TIJ):    0.469ns
    Discrete Jitter          (DJ):    0.000ns
    Phase Error              (PE):    0.000ns

    Location             Delay type                Incr(ns)  Path(ns)    Netlist Resource(s)
  -------------------------------------------------------------------    -------------------
                         (clock clk_fpga_0 rise edge)
                                                      0.000     0.000 r  
    PS7_X0Y0             PS7                          0.000     0.000 r  p9_ps_system_i/processing_system7_0/inst/PS7_i/FCLKCLK[0]
                         net (fo=1, routed)           0.315     0.315    p9_ps_system_i/processing_system7_0/inst/FCLK_CLK_unbuffered[0]
    BUFGCTRL_X0Y2        BUFG (Prop_bufg_I_O)         0.026     0.341 r  p9_ps_system_i/processing_system7_0/inst/buffer_fclk_clk_0.FCLK_CLK_0_BUFG/O
                         net (fo=9423, routed)        0.591     0.932    p9_ps_system_i/p9_peripheral_0/inst/impl/u_transport/g_physical[0].u_b_phy/u_p8c_physical_safety/s_axi_aclk
    SLICE_X42Y42         FDCE                                         r  p9_ps_system_i/p9_peripheral_0/inst/impl/u_transport/g_physical[0].u_b_phy/u_p8c_physical_safety/txd_pre_final_o_reg/C
  -------------------------------------------------------------------    -------------------
    SLICE_X42Y42         FDCE (Prop_fdce_C_Q)         0.148     1.079 r  p9_ps_system_i/p9_peripheral_0/inst/impl/u_transport/g_physical[0].u_b_phy/u_p8c_physical_safety/txd_pre_final_o_reg/Q
                         net (fo=108, routed)         0.235     1.314    p9_ps_system_i/p9_peripheral_0/inst/impl/u_transport/g_physical[0].u_b_phy/u_p8c_physical_safety/txd_pre_final
    SLICE_X43Y40         LUT5 (Prop_lut5_I0_O)        0.098     1.412 r  p9_ps_system_i/p9_peripheral_0/inst/impl/u_transport/g_physical[0].u_b_phy/u_p8c_physical_safety/loop_tx_b0[0]_INST_0/O
                         net (fo=1, routed)           0.371     1.783    loop_tx_b0_OBUF[0]
    V12                  OBUF (Prop_obuf_I_O)         1.288     3.071 r  loop_tx_b0_OBUF[0]_inst/O
                         net (fo=0)                   0.000     3.071    loop_tx_b0[0]
    V12                                                               r  loop_tx_b0[0] (OUT)
  -------------------------------------------------------------------    -------------------





--------------------------------------------------------------------------------------
Path Group:  (none)
From Clock:  
  To Clock:  clk_fpga_0

Max Delay             4 Endpoints
Min Delay             4 Endpoints
--------------------------------------------------------------------------------------


Max Delay Paths
--------------------------------------------------------------------------------------
Slack:                    inf
  Source:                 ir_rx_in_0[1]
                            (input port)
  Destination:            p9_ps_system_i/p9_peripheral_0/inst/impl/u_transport/g_physical[1].u_a_phy/rxd_ff1_reg/D
                            (rising edge-triggered cell FDSE clocked by clk_fpga_0  {rise@0.000ns fall@7.813ns period=15.625ns})
  Path Group:             (none)
  Path Type:              Setup (Max at Slow Process Corner)
  Data Path Delay:        3.516ns  (logic 1.461ns (41.548%)  route 2.055ns (58.452%))
  Logic Levels:           1  (IBUF=1)
  Clock Path Skew:        2.670ns (DCD - SCD + CPR)
    Destination Clock Delay (DCD):    2.670ns
    Source Clock Delay      (SCD):    0.000ns
    Clock Pessimism Removal (CPR):    0.000ns
  Clock Uncertainty:      0.236ns  ((TSJ^2 + TIJ^2)^1/2 + DJ) / 2 + PE
    Total System Jitter     (TSJ):    0.050ns
    Total Input Jitter      (TIJ):    0.469ns
    Discrete Jitter          (DJ):    0.000ns
    Phase Error              (PE):    0.000ns

    Location             Delay type                Incr(ns)  Path(ns)    Netlist Resource(s)
  -------------------------------------------------------------------    -------------------
    H15                                               0.000     0.000 r  ir_rx_in_0[1] (IN)
                         net (fo=0)                   0.000     0.000    ir_rx_in_0[1]
    H15                  IBUF (Prop_ibuf_I_O)         1.461     1.461 r  ir_rx_in_0_IBUF[1]_inst/O
                         net (fo=1, routed)           2.055     3.516    p9_ps_system_i/p9_peripheral_0/inst/impl/u_transport/g_physical[1].u_a_phy/ir_rx_in_0[0]
    SLICE_X29Y79         FDSE                                         r  p9_ps_system_i/p9_peripheral_0/inst/impl/u_transport/g_physical[1].u_a_phy/rxd_ff1_reg/D
  -------------------------------------------------------------------    -------------------

                         (clock clk_fpga_0 rise edge)
                                                      0.000     0.000 r  
    PS7_X0Y0             PS7                          0.000     0.000 r  p9_ps_system_i/processing_system7_0/inst/PS7_i/FCLKCLK[0]
                         net (fo=1, routed)           1.101     1.101    p9_ps_system_i/processing_system7_0/inst/FCLK_CLK_unbuffered[0]
    BUFGCTRL_X0Y2        BUFG (Prop_bufg_I_O)         0.091     1.192 r  p9_ps_system_i/processing_system7_0/inst/buffer_fclk_clk_0.FCLK_CLK_0_BUFG/O
                         net (fo=9423, routed)        1.478     2.670    p9_ps_system_i/p9_peripheral_0/inst/impl/u_transport/g_physical[1].u_a_phy/s_axi_aclk
    SLICE_X29Y79         FDSE                                         r  p9_ps_system_i/p9_peripheral_0/inst/impl/u_transport/g_physical[1].u_a_phy/rxd_ff1_reg/C





Min Delay Paths
--------------------------------------------------------------------------------------
Slack:                    inf
  Source:                 loop_rx_b0[0]
                            (input port)
  Destination:            p9_ps_system_i/p9_peripheral_0/inst/impl/u_transport/g_physical[0].u_b_phy/rxd_ff1_reg/D
                            (rising edge-triggered cell FDSE clocked by clk_fpga_0  {rise@0.000ns fall@7.813ns period=15.625ns})
  Path Group:             (none)
  Path Type:              Hold (Min at Fast Process Corner)
  Data Path Delay:        0.728ns  (logic 0.287ns (39.453%)  route 0.441ns (60.547%))
  Logic Levels:           1  (IBUF=1)
  Clock Path Skew:        1.224ns (DCD - SCD - CPR)
    Destination Clock Delay (DCD):    1.224ns
    Source Clock Delay      (SCD):    0.000ns
    Clock Pessimism Removal (CPR):    -0.000ns

    Location             Delay type                Incr(ns)  Path(ns)    Netlist Resource(s)
  -------------------------------------------------------------------    -------------------
    U13                                               0.000     0.000 r  loop_rx_b0[0] (IN)
                         net (fo=0)                   0.000     0.000    loop_rx_b0[0]
    U13                  IBUF (Prop_ibuf_I_O)         0.287     0.287 r  loop_rx_b0_IBUF[0]_inst/O
                         net (fo=1, routed)           0.441     0.728    p9_ps_system_i/p9_peripheral_0/inst/impl/u_transport/g_physical[0].u_b_phy/loop_rx_b0[0]
    SLICE_X37Y35         FDSE                                         r  p9_ps_system_i/p9_peripheral_0/inst/impl/u_transport/g_physical[0].u_b_phy/rxd_ff1_reg/D
  -------------------------------------------------------------------    -------------------

                         (clock clk_fpga_0 rise edge)
                                                      0.000     0.000 r  
    PS7_X0Y0             PS7                          0.000     0.000 r  p9_ps_system_i/processing_system7_0/inst/PS7_i/FCLKCLK[0]
                         net (fo=1, routed)           0.341     0.341    p9_ps_system_i/processing_system7_0/inst/FCLK_CLK_unbuffered[0]
    BUFGCTRL_X0Y2        BUFG (Prop_bufg_I_O)         0.029     0.370 r  p9_ps_system_i/processing_system7_0/inst/buffer_fclk_clk_0.FCLK_CLK_0_BUFG/O
                         net (fo=9423, routed)        0.854     1.224    p9_ps_system_i/p9_peripheral_0/inst/impl/u_transport/g_physical[0].u_b_phy/s_axi_aclk
    SLICE_X37Y35         FDSE                                         r  p9_ps_system_i/p9_peripheral_0/inst/impl/u_transport/g_physical[0].u_b_phy/rxd_ff1_reg/C





