path,size_bytes,sha256
evidence/hardware/p7/authorized_sequence/p7_20260715_stationary_app_r41_formal_full/.sequence_execution_ledger_wrapper_logs/001_p7_safe_idle.stderr.log,0,e3b0c44298fc1c149afbf4c8996fb92427ae41e4649b934ca495991b7852b855
evidence/hardware/p7/authorized_sequence/p7_20260715_stationary_app_r41_formal_full/.sequence_execution_ledger_wrapper_logs/001_p7_safe_idle.stdout.log,76058,7c890aa92553fab1ee36a30cfe0cb294f7917ddc621195f6f6e3579df1ba4815
evidence/hardware/p7/authorized_sequence/p7_20260715_stationary_app_r41_formal_full/.sequence_execution_ledger_wrapper_logs/002_p7_p6_frame_regression_m1.stderr.log,0,e3b0c44298fc1c149afbf4c8996fb92427ae41e4649b934ca495991b7852b855
evidence/hardware/p7/authorized_sequence/p7_20260715_stationary_app_r41_formal_full/.sequence_execution_ledger_wrapper_logs/002_p7_p6_frame_regression_m1.stdout.log,372831,972e8e0e042616ae3f8643e5a30e22ac53dc85fed5c2543dbef8f081b3854657
evidence/hardware/p7/authorized_sequence/p7_20260715_stationary_app_r41_formal_full/.sequence_execution_ledger_wrapper_logs/003_p7_p6_frame_regression_m2.stderr.log,0,e3b0c44298fc1c149afbf4c8996fb92427ae41e4649b934ca495991b7852b855
evidence/hardware/p7/authorized_sequence/p7_20260715_stationary_app_r41_formal_full/.sequence_execution_ledger_wrapper_logs/003_p7_p6_frame_regression_m2.stdout.log,372233,2467feaa7485eb8466a1e2995a4d6c08a04bbc89a0b3f12f63d1c0f87c23cca2
evidence/hardware/p7/authorized_sequence/p7_20260715_stationary_app_r41_formal_full/.sequence_execution_ledger_wrapper_logs/004_p7_p6_frame_regression_m3.stderr.log,0,e3b0c44298fc1c149afbf4c8996fb92427ae41e4649b934ca495991b7852b855
evidence/hardware/p7/authorized_sequence/p7_20260715_stationary_app_r41_formal_full/.sequence_execution_ledger_wrapper_logs/004_p7_p6_frame_regression_m3.stdout.log,372091,0097dee9fd1c1fcc82dde29c6410e01e60ea4b64255c84e070270217e89c17bb
evidence/hardware/p7/authorized_sequence/p7_20260715_stationary_app_r41_formal_full/.sequence_execution_ledger_wrapper_logs/005_p7_fragment_boundary_0_l0.stderr.log,0,e3b0c44298fc1c149afbf4c8996fb92427ae41e4649b934ca495991b7852b855
evidence/hardware/p7/authorized_sequence/p7_20260715_stationary_app_r41_formal_full/.sequence_execution_ledger_wrapper_logs/005_p7_fragment_boundary_0_l0.stdout.log,84613,a053cc02bac99c24e534690fd5a8d047b96f9241f5ea3716b08623894c1b1063
evidence/hardware/p7/authorized_sequence/p7_20260715_stationary_app_r41_formal_full/.sequence_execution_ledger_wrapper_logs/006_p7_fragment_boundary_0_l1.stderr.log,0,e3b0c44298fc1c149afbf4c8996fb92427ae41e4649b934ca495991b7852b855
evidence/hardware/p7/authorized_sequence/p7_20260715_stationary_app_r41_formal_full/.sequence_execution_ledger_wrapper_logs/006_p7_fragment_boundary_0_l1.stdout.log,84745,456bc923154a156e442eba95b02db4fd5143e80ffa69509a79bb5c55debf0bf5
evidence/hardware/p7/authorized_sequence/p7_20260715_stationary_app_r41_formal_full/.sequence_execution_ledger_wrapper_logs/007_p7_fragment_boundary_0_rr.stderr.log,0,e3b0c44298fc1c149afbf4c8996fb92427ae41e4649b934ca495991b7852b855
evidence/hardware/p7/authorized_sequence/p7_20260715_stationary_app_r41_formal_full/.sequence_execution_ledger_wrapper_logs/007_p7_fragment_boundary_0_rr.stdout.log,84673,9d024347a49aba72a3c8460b2468c9b74fcc9c318f0cf77babcaf46959844705
evidence/hardware/p7/authorized_sequence/p7_20260715_stationary_app_r41_formal_full/.sequence_execution_ledger_wrapper_logs/008_p7_fragment_boundary_0_rep3.stderr.log,0,e3b0c44298fc1c149afbf4c8996fb92427ae41e4649b934ca495991b7852b855
evidence/hardware/p7/authorized_sequence/p7_20260715_stationary_app_r41_formal_full/.sequence_execution_ledger_wrapper_logs/008_p7_fragment_boundary_0_rep3.stdout.log,84826,e14a70172042d3192393f1002d61002161b29317640f5bc4868ba17fc03e213d
evidence/hardware/p7/authorized_sequence/p7_20260715_stationary_app_r41_formal_full/.sequence_execution_ledger_wrapper_logs/009_p7_fragment_boundary_1_l0.stderr.log,0,e3b0c44298fc1c149afbf4c8996fb92427ae41e4649b934ca495991b7852b855
evidence/hardware/p7/authorized_sequence/p7_20260715_stationary_app_r41_formal_full/.sequence_execution_ledger_wrapper_logs/009_p7_fragment_boundary_1_l0.stdout.log,84868,56298bdd6afd3cd4badd5e4f33ade4ba3469efbee58a5b74af75c788599ef98f
evidence/hardware/p7/authorized_sequence/p7_20260715_stationary_app_r41_formal_full/.sequence_execution_ledger_wrapper_logs/010_p7_fragment_boundary_1_l1.stderr.log,0,e3b0c44298fc1c149afbf4c8996fb92427ae41e4649b934ca495991b7852b855
evidence/hardware/p7/authorized_sequence/p7_20260715_stationary_app_r41_formal_full/.sequence_execution_ledger_wrapper_logs/010_p7_fragment_boundary_1_l1.stdout.log,86533,616591ee3a58087edd291c82d7e7db3193dd84a8792b7a92978ebda361ec2fc3
evidence/hardware/p7/authorized_sequence/p7_20260715_stationary_app_r41_formal_full/.sequence_execution_ledger_wrapper_logs/011_p7_fragment_boundary_1_rr.stderr.log,0,e3b0c44298fc1c149afbf4c8996fb92427ae41e4649b934ca495991b7852b855
evidence/hardware/p7/authorized_sequence/p7_20260715_stationary_app_r41_formal_full/.sequence_execution_ledger_wrapper_logs/011_p7_fragment_boundary_1_rr.stdout.log,84979,9c02b1a92a1b5782b186e0104f2a75c6817843ac28de35f1cd248ee0c49fcb85
evidence/hardware/p7/authorized_sequence/p7_20260715_stationary_app_r41_formal_full/.sequence_execution_ledger_wrapper_logs/012_p7_fragment_boundary_1_rep3.stderr.log,0,e3b0c44298fc1c149afbf4c8996fb92427ae41e4649b934ca495991b7852b855
evidence/hardware/p7/authorized_sequence/p7_20260715_stationary_app_r41_formal_full/.sequence_execution_ledger_wrapper_logs/012_p7_fragment_boundary_1_rep3.stdout.log,84903,27be9607e4e6698621d8608ca8257b7ba796c4b8a9acaa3c078a73d12ed7a269
evidence/hardware/p7/authorized_sequence/p7_20260715_stationary_app_r41_formal_full/.sequence_execution_ledger_wrapper_logs/013_p7_fragment_boundary_30_l0.stderr.log,0,e3b0c44298fc1c149afbf4c8996fb92427ae41e4649b934ca495991b7852b855
evidence/hardware/p7/authorized_sequence/p7_20260715_stationary_app_r41_formal_full/.sequence_execution_ledger_wrapper_logs/013_p7_fragment_boundary_30_l0.stdout.log,86308,98fc6e517a83d25aadfcd2b9ad87a8c6e70e00f472ee99fd5111f3eded7a57f5
evidence/hardware/p7/authorized_sequence/p7_20260715_stationary_app_r41_formal_full/.sequence_execution_ledger_wrapper_logs/014_p7_fragment_boundary_30_l1.stderr.log,0,e3b0c44298fc1c149afbf4c8996fb92427ae41e4649b934ca495991b7852b855
evidence/hardware/p7/authorized_sequence/p7_20260715_stationary_app_r41_formal_full/.sequence_execution_ledger_wrapper_logs/014_p7_fragment_boundary_30_l1.stdout.log,86240,733ed2103c46e369ed6400dab620a90128c5457712391a70ac02bebfe3169697
evidence/hardware/p7/authorized_sequence/p7_20260715_stationary_app_r41_formal_full/.sequence_execution_ledger_wrapper_logs/015_p7_fragment_boundary_30_rr.stderr.log,0,e3b0c44298fc1c149afbf4c8996fb92427ae41e4649b934ca495991b7852b855
evidence/hardware/p7/authorized_sequence/p7_20260715_stationary_app_r41_formal_full/.sequence_execution_ledger_wrapper_logs/015_p7_fragment_boundary_30_rr.stdout.log,86266,e081c85f04a0bc156ab6a0bac43e991324346638a7e13b4edb778fe8be1dd2ef
evidence/hardware/p7/authorized_sequence/p7_20260715_stationary_app_r41_formal_full/.sequence_execution_ledger_wrapper_logs/016_p7_fragment_boundary_30_rep3.stderr.log,0,e3b0c44298fc1c149afbf4c8996fb92427ae41e4649b934ca495991b7852b855
evidence/hardware/p7/authorized_sequence/p7_20260715_stationary_app_r41_formal_full/.sequence_execution_ledger_wrapper_logs/016_p7_fragment_boundary_30_rep3.stdout.log,87094,57b92f7d489caf6673972642e6bc835b6f4c4218fd11f3fbc6a26f8aefd977e3
evidence/hardware/p7/authorized_sequence/p7_20260715_stationary_app_r41_formal_full/.sequence_execution_ledger_wrapper_logs/017_p7_fragment_boundary_214_l0.stderr.log,0,e3b0c44298fc1c149afbf4c8996fb92427ae41e4649b934ca495991b7852b855
evidence/hardware/p7/authorized_sequence/p7_20260715_stationary_app_r41_formal_full/.sequence_execution_ledger_wrapper_logs/017_p7_fragment_boundary_214_l0.stdout.log,95526,b9a8feef945eac663787c2ab1fd362d4b888fbebdd988c8118ab284c399124a2
evidence/hardware/p7/authorized_sequence/p7_20260715_stationary_app_r41_formal_full/.sequence_execution_ledger_wrapper_logs/018_p7_fragment_boundary_214_l1.stderr.log,0,e3b0c44298fc1c149afbf4c8996fb92427ae41e4649b934ca495991b7852b855
evidence/hardware/p7/authorized_sequence/p7_20260715_stationary_app_r41_formal_full/.sequence_execution_ledger_wrapper_logs/018_p7_fragment_boundary_214_l1.stdout.log,95709,45cf778e8419aee28e01cb2290d8620d3ab2c45d4856b52a05755ed07a188e40
evidence/hardware/p7/authorized_sequence/p7_20260715_stationary_app_r41_formal_full/.sequence_execution_ledger_wrapper_logs/019_p7_fragment_boundary_214_rr.stderr.log,0,e3b0c44298fc1c149afbf4c8996fb92427ae41e4649b934ca495991b7852b855
evidence/hardware/p7/authorized_sequence/p7_20260715_stationary_app_r41_formal_full/.sequence_execution_ledger_wrapper_logs/019_p7_fragment_boundary_214_rr.stdout.log,95741,f3da3f94ed428edda2bf1c23dcc34ab6c1e0b6f81aebf113685838d9b14cca76
evidence/hardware/p7/authorized_sequence/p7_20260715_stationary_app_r41_formal_full/.sequence_execution_ledger_wrapper_logs/020_p7_fragment_boundary_214_rep3.stderr.log,0,e3b0c44298fc1c149afbf4c8996fb92427ae41e4649b934ca495991b7852b855
evidence/hardware/p7/authorized_sequence/p7_20260715_stationary_app_r41_formal_full/.sequence_execution_ledger_wrapper_logs/020_p7_fragment_boundary_214_rep3.stdout.log,96539,d29cec1eb02adb525e66372dfbda9a9e0ffc9bce66db11308ea88eb3a33da020
evidence/hardware/p7/authorized_sequence/p7_20260715_stationary_app_r41_formal_full/.sequence_execution_ledger_wrapper_logs/021_p7_fragment_boundary_215_l0.stderr.log,0,e3b0c44298fc1c149afbf4c8996fb92427ae41e4649b934ca495991b7852b855
evidence/hardware/p7/authorized_sequence/p7_20260715_stationary_app_r41_formal_full/.sequence_execution_ledger_wrapper_logs/021_p7_fragment_boundary_215_l0.stdout.log,95327,17d1e54f5ffe7956d3111d3e7b8822e19f711055de91734f45ea8784f49d51e6
evidence/hardware/p7/authorized_sequence/p7_20260715_stationary_app_r41_formal_full/.sequence_execution_ledger_wrapper_logs/022_p7_fragment_boundary_215_l1.stderr.log,0,e3b0c44298fc1c149afbf4c8996fb92427ae41e4649b934ca495991b7852b855
evidence/hardware/p7/authorized_sequence/p7_20260715_stationary_app_r41_formal_full/.sequence_execution_ledger_wrapper_logs/022_p7_fragment_boundary_215_l1.stdout.log,95539,50f19c9b07659ba26c45c497b010fa01886416a6aaf694e5aad73b584edae12c
evidence/hardware/p7/authorized_sequence/p7_20260715_stationary_app_r41_formal_full/.sequence_execution_ledger_wrapper_logs/023_p7_fragment_boundary_215_rr.stderr.log,0,e3b0c44298fc1c149afbf4c8996fb92427ae41e4649b934ca495991b7852b855
evidence/hardware/p7/authorized_sequence/p7_20260715_stationary_app_r41_formal_full/.sequence_execution_ledger_wrapper_logs/023_p7_fragment_boundary_215_rr.stdout.log,95603,86d4bad8e9d59c4ae0c0f95810668219429d2eb2e14642bffd1f7ae347ed2c39
evidence/hardware/p7/authorized_sequence/p7_20260715_stationary_app_r41_formal_full/.sequence_execution_ledger_wrapper_logs/024_p7_fragment_boundary_215_rep3.stderr.log,0,e3b0c44298fc1c149afbf4c8996fb92427ae41e4649b934ca495991b7852b855
evidence/hardware/p7/authorized_sequence/p7_20260715_stationary_app_r41_formal_full/.sequence_execution_ledger_wrapper_logs/024_p7_fragment_boundary_215_rep3.stdout.log,97168,1a52f190bd5047d78928291704452b4c20328daed9c0cba124bf8044922ba78f
evidence/hardware/p7/authorized_sequence/p7_20260715_stationary_app_r41_formal_full/.sequence_execution_ledger_wrapper_logs/025_p7_fragment_boundary_216_l0.stderr.log,0,e3b0c44298fc1c149afbf4c8996fb92427ae41e4649b934ca495991b7852b855
evidence/hardware/p7/authorized_sequence/p7_20260715_stationary_app_r41_formal_full/.sequence_execution_ledger_wrapper_logs/025_p7_fragment_boundary_216_l0.stdout.log,100095,3205134cc046b0a80d7bb54bf4abb9ed4c7604c45eed51ddf3eadb775a1c4c8b
evidence/hardware/p7/authorized_sequence/p7_20260715_stationary_app_r41_formal_full/.sequence_execution_ledger_wrapper_logs/026_p7_fragment_boundary_216_l1.stderr.log,0,e3b0c44298fc1c149afbf4c8996fb92427ae41e4649b934ca495991b7852b855
evidence/hardware/p7/authorized_sequence/p7_20260715_stationary_app_r41_formal_full/.sequence_execution_ledger_wrapper_logs/026_p7_fragment_boundary_216_l1.stdout.log,100114,7f2e8b896243c4656c9694117f152159815dd9ac065d3182261dff829546cc3b
evidence/hardware/p7/authorized_sequence/p7_20260715_stationary_app_r41_formal_full/.sequence_execution_ledger_wrapper_logs/027_p7_fragment_boundary_216_rr.stderr.log,0,e3b0c44298fc1c149afbf4c8996fb92427ae41e4649b934ca495991b7852b855
evidence/hardware/p7/authorized_sequence/p7_20260715_stationary_app_r41_formal_full/.sequence_execution_ledger_wrapper_logs/027_p7_fragment_boundary_216_rr.stdout.log,100041,8585ef4c3290bf48042fc46e9ed946eb27155f6996a3ce04b7cbe9051ef29a6f
evidence/hardware/p7/authorized_sequence/p7_20260715_stationary_app_r41_formal_full/.sequence_execution_ledger_wrapper_logs/028_p7_fragment_boundary_216_rep3.stderr.log,0,e3b0c44298fc1c149afbf4c8996fb92427ae41e4649b934ca495991b7852b855
evidence/hardware/p7/authorized_sequence/p7_20260715_stationary_app_r41_formal_full/.sequence_execution_ledger_wrapper_logs/028_p7_fragment_boundary_216_rep3.stdout.log,100141,3ee9930f7cdf6711bf86e699cd1ce43fbc78201bcb7f7f79bb07a76ab0606a4b
evidence/hardware/p7/authorized_sequence/p7_20260715_stationary_app_r41_formal_full/.sequence_execution_ledger_wrapper_logs/029_p7_fragment_boundary_247_l0.stderr.log,0,e3b0c44298fc1c149afbf4c8996fb92427ae41e4649b934ca495991b7852b855
evidence/hardware/p7/authorized_sequence/p7_20260715_stationary_app_r41_formal_full/.sequence_execution_ledger_wrapper_logs/029_p7_fragment_boundary_247_l0.stdout.log,101411,d1bb1d4d33fbe517dbffc0a752ee56225494338cb13b8426c92acc5a63b5e970
evidence/hardware/p7/authorized_sequence/p7_20260715_stationary_app_r41_formal_full/.sequence_execution_ledger_wrapper_logs/030_p7_fragment_boundary_247_l1.stderr.log,0,e3b0c44298fc1c149afbf4c8996fb92427ae41e4649b934ca495991b7852b855
evidence/hardware/p7/authorized_sequence/p7_20260715_stationary_app_r41_formal_full/.sequence_execution_ledger_wrapper_logs/030_p7_fragment_boundary_247_l1.stdout.log,101475,35940a35f89df9585d658866b9d56738c8896a21c21ad2c778f172cb06bf028a
evidence/hardware/p7/authorized_sequence/p7_20260715_stationary_app_r41_formal_full/.sequence_execution_ledger_wrapper_logs/031_p7_fragment_boundary_247_rr.stderr.log,0,e3b0c44298fc1c149afbf4c8996fb92427ae41e4649b934ca495991b7852b855
evidence/hardware/p7/authorized_sequence/p7_20260715_stationary_app_r41_formal_full/.sequence_execution_ledger_wrapper_logs/031_p7_fragment_boundary_247_rr.stdout.log,101552,c3662a890e9c9ec131f87367f0c067827d9a61b4cd98500f9c31ff2b507eb05c
evidence/hardware/p7/authorized_sequence/p7_20260715_stationary_app_r41_formal_full/.sequence_execution_ledger_wrapper_logs/032_p7_fragment_boundary_247_rep3.stderr.log,0,e3b0c44298fc1c149afbf4c8996fb92427ae41e4649b934ca495991b7852b855
evidence/hardware/p7/authorized_sequence/p7_20260715_stationary_app_r41_formal_full/.sequence_execution_ledger_wrapper_logs/032_p7_fragment_boundary_247_rep3.stdout.log,101582,eb20f392ea83737aebc92ed5cb76e939a7c5b1c66257000ea808c683288ed944
evidence/hardware/p7/authorized_sequence/p7_20260715_stationary_app_r41_formal_full/.sequence_execution_ledger_wrapper_logs/033_p7_fragment_boundary_248_l0.stderr.log,0,e3b0c44298fc1c149afbf4c8996fb92427ae41e4649b934ca495991b7852b855
evidence/hardware/p7/authorized_sequence/p7_20260715_stationary_app_r41_formal_full/.sequence_execution_ledger_wrapper_logs/033_p7_fragment_boundary_248_l0.stdout.log,101757,ab115b2cd25a8876f6a527938249f38539d5a0a696b915ce33a39ddb78dc369f
evidence/hardware/p7/authorized_sequence/p7_20260715_stationary_app_r41_formal_full/.sequence_execution_ledger_wrapper_logs/034_p7_fragment_boundary_248_l1.stderr.log,0,e3b0c44298fc1c149afbf4c8996fb92427ae41e4649b934ca495991b7852b855
evidence/hardware/p7/authorized_sequence/p7_20260715_stationary_app_r41_formal_full/.sequence_execution_ledger_wrapper_logs/034_p7_fragment_boundary_248_l1.stdout.log,101667,fad26f713d161fceb06ab9c1ededbc7a8b0917c6c1a71051cace460add234bd6
evidence/hardware/p7/authorized_sequence/p7_20260715_stationary_app_r41_formal_full/.sequence_execution_ledger_wrapper_logs/035_p7_fragment_boundary_248_rr.stderr.log,0,e3b0c44298fc1c149afbf4c8996fb92427ae41e4649b934ca495991b7852b855
evidence/hardware/p7/authorized_sequence/p7_20260715_stationary_app_r41_formal_full/.sequence_execution_ledger_wrapper_logs/035_p7_fragment_boundary_248_rr.stdout.log,101781,11814cce527d345f95b382d56ad78c4e852694a72346a5119687781d9f4aecea
evidence/hardware/p7/authorized_sequence/p7_20260715_stationary_app_r41_formal_full/.sequence_execution_ledger_wrapper_logs/036_p7_fragment_boundary_248_rep3.stderr.log,0,e3b0c44298fc1c149afbf4c8996fb92427ae41e4649b934ca495991b7852b855
evidence/hardware/p7/authorized_sequence/p7_20260715_stationary_app_r41_formal_full/.sequence_execution_ledger_wrapper_logs/036_p7_fragment_boundary_248_rep3.stdout.log,101820,71c04b11bb7a206f9013692ace61ac7ad5a3cab4986e5921180f6671eeaf28a6
evidence/hardware/p7/authorized_sequence/p7_20260715_stationary_app_r41_formal_full/.sequence_execution_ledger_wrapper_logs/037_p7_fragment_boundary_430_l0.stderr.log,0,e3b0c44298fc1c149afbf4c8996fb92427ae41e4649b934ca495991b7852b855
evidence/hardware/p7/authorized_sequence/p7_20260715_stationary_app_r41_formal_full/.sequence_execution_ledger_wrapper_logs/037_p7_fragment_boundary_430_l0.stdout.log,110792,5840b288877b05793547263e34ac891f23e4cf6f0ff5360d63f19164eb9c74b9
evidence/hardware/p7/authorized_sequence/p7_20260715_stationary_app_r41_formal_full/.sequence_execution_ledger_wrapper_logs/038_p7_fragment_boundary_430_l1.stderr.log,0,e3b0c44298fc1c149afbf4c8996fb92427ae41e4649b934ca495991b7852b855
evidence/hardware/p7/authorized_sequence/p7_20260715_stationary_app_r41_formal_full/.sequence_execution_ledger_wrapper_logs/038_p7_fragment_boundary_430_l1.stdout.log,110774,ab4277305a4358adf299f53948731a46f1ef41e3b3290fdd96f390262b1a36e9
evidence/hardware/p7/authorized_sequence/p7_20260715_stationary_app_r41_formal_full/.sequence_execution_ledger_wrapper_logs/039_p7_fragment_boundary_430_rr.stderr.log,0,e3b0c44298fc1c149afbf4c8996fb92427ae41e4649b934ca495991b7852b855
evidence/hardware/p7/authorized_sequence/p7_20260715_stationary_app_r41_formal_full/.sequence_execution_ledger_wrapper_logs/039_p7_fragment_boundary_430_rr.stdout.log,110780,aa9ff3b2faa2925f5962ce10526c67402c95de5a6dfe3331bc012c9e9d5342bf
evidence/hardware/p7/authorized_sequence/p7_20260715_stationary_app_r41_formal_full/.sequence_execution_ledger_wrapper_logs/040_p7_fragment_boundary_430_rep3.stderr.log,0,e3b0c44298fc1c149afbf4c8996fb92427ae41e4649b934ca495991b7852b855
evidence/hardware/p7/authorized_sequence/p7_20260715_stationary_app_r41_formal_full/.sequence_execution_ledger_wrapper_logs/040_p7_fragment_boundary_430_rep3.stdout.log,110935,f052c9641d19cc1d5dda00e6be9826564c23feb8e990c2edcf8e9f8828ec9029
evidence/hardware/p7/authorized_sequence/p7_20260715_stationary_app_r41_formal_full/.sequence_execution_ledger_wrapper_logs/041_p7_fragment_boundary_431_l0.stderr.log,0,e3b0c44298fc1c149afbf4c8996fb92427ae41e4649b934ca495991b7852b855
evidence/hardware/p7/authorized_sequence/p7_20260715_stationary_app_r41_formal_full/.sequence_execution_ledger_wrapper_logs/041_p7_fragment_boundary_431_l0.stdout.log,115890,e0a13df6bbab79177a4f7e5740d1e313f9d704e51538c99ee1fccf1c76abb962
evidence/hardware/p7/authorized_sequence/p7_20260715_stationary_app_r41_formal_full/.sequence_execution_ledger_wrapper_logs/042_p7_fragment_boundary_431_l1.stderr.log,0,e3b0c44298fc1c149afbf4c8996fb92427ae41e4649b934ca495991b7852b855
evidence/hardware/p7/authorized_sequence/p7_20260715_stationary_app_r41_formal_full/.sequence_execution_ledger_wrapper_logs/042_p7_fragment_boundary_431_l1.stdout.log,115203,210d29d670d298696ce7db3ff667253f5e258b3cefff37946af9c2f9efb79e12
evidence/hardware/p7/authorized_sequence/p7_20260715_stationary_app_r41_formal_full/.sequence_execution_ledger_wrapper_logs/043_p7_fragment_boundary_431_rr.stderr.log,0,e3b0c44298fc1c149afbf4c8996fb92427ae41e4649b934ca495991b7852b855
evidence/hardware/p7/authorized_sequence/p7_20260715_stationary_app_r41_formal_full/.sequence_execution_ledger_wrapper_logs/043_p7_fragment_boundary_431_rr.stdout.log,115198,f073f455c03d3483294a0414615ab8b1067208c0b6cea00cc9dcc3371777e513
evidence/hardware/p7/authorized_sequence/p7_20260715_stationary_app_r41_formal_full/.sequence_execution_ledger_wrapper_logs/044_p7_fragment_boundary_431_rep3.stderr.log,0,e3b0c44298fc1c149afbf4c8996fb92427ae41e4649b934ca495991b7852b855
evidence/hardware/p7/authorized_sequence/p7_20260715_stationary_app_r41_formal_full/.sequence_execution_ledger_wrapper_logs/044_p7_fragment_boundary_431_rep3.stdout.log,115294,1ad61e68367c2b108900fd4432acc9c0b62aa4514540c7f049c6d7c4ca6591a6
evidence/hardware/p7/authorized_sequence/p7_20260715_stationary_app_r41_formal_full/.sequence_execution_ledger_wrapper_logs/045_p7_fragment_boundary_432_l0.stderr.log,0,e3b0c44298fc1c149afbf4c8996fb92427ae41e4649b934ca495991b7852b855
evidence/hardware/p7/authorized_sequence/p7_20260715_stationary_app_r41_formal_full/.sequence_execution_ledger_wrapper_logs/045_p7_fragment_boundary_432_l0.stdout.log,115194,b6b0a9a0bf7dfdc1b2405c465163ae1ea9683e04cdd619c64e094c2a772d6208
evidence/hardware/p7/authorized_sequence/p7_20260715_stationary_app_r41_formal_full/.sequence_execution_ledger_wrapper_logs/046_p7_fragment_boundary_432_l1.stderr.log,0,e3b0c44298fc1c149afbf4c8996fb92427ae41e4649b934ca495991b7852b855
evidence/hardware/p7/authorized_sequence/p7_20260715_stationary_app_r41_formal_full/.sequence_execution_ledger_wrapper_logs/046_p7_fragment_boundary_432_l1.stdout.log,115862,93acc11dc70b41a6b92b39331fe34e6375c51069d20568cb46d85d4abdce0db4
evidence/hardware/p7/authorized_sequence/p7_20260715_stationary_app_r41_formal_full/.sequence_execution_ledger_wrapper_logs/047_p7_fragment_boundary_432_rr.stderr.log,0,e3b0c44298fc1c149afbf4c8996fb92427ae41e4649b934ca495991b7852b855
evidence/hardware/p7/authorized_sequence/p7_20260715_stationary_app_r41_formal_full/.sequence_execution_ledger_wrapper_logs/047_p7_fragment_boundary_432_rr.stdout.log,115879,d2a71ec1bd77a4f252193e0d509112df7a2008b0f4d8b0225a2f71222a9667c2
evidence/hardware/p7/authorized_sequence/p7_20260715_stationary_app_r41_formal_full/.sequence_execution_ledger_wrapper_logs/048_p7_fragment_boundary_432_rep3.stderr.log,0,e3b0c44298fc1c149afbf4c8996fb92427ae41e4649b934ca495991b7852b855
evidence/hardware/p7/authorized_sequence/p7_20260715_stationary_app_r41_formal_full/.sequence_execution_ledger_wrapper_logs/048_p7_fragment_boundary_432_rep3.stdout.log,115322,f6d2f1cb8f14dff546e9b5cdade70254fd9db332dd95a431a616e6b529258f58
evidence/hardware/p7/authorized_sequence/p7_20260715_stationary_app_r41_formal_full/.sequence_execution_ledger_wrapper_logs/049_p7_fragment_boundary_1024_l0.stderr.log,0,e3b0c44298fc1c149afbf4c8996fb92427ae41e4649b934ca495991b7852b855
evidence/hardware/p7/authorized_sequence/p7_20260715_stationary_app_r41_formal_full/.sequence_execution_ledger_wrapper_logs/049_p7_fragment_boundary_1024_l0.stdout.log,153494,33a1ebfa6db6ce35c421749b79375685214e98cfe621be8b5c2054033009456b
evidence/hardware/p7/authorized_sequence/p7_20260715_stationary_app_r41_formal_full/.sequence_execution_ledger_wrapper_logs/050_p7_fragment_boundary_1024_l1.stderr.log,0,e3b0c44298fc1c149afbf4c8996fb92427ae41e4649b934ca495991b7852b855
evidence/hardware/p7/authorized_sequence/p7_20260715_stationary_app_r41_formal_full/.sequence_execution_ledger_wrapper_logs/050_p7_fragment_boundary_1024_l1.stdout.log,153401,1cd5f901ed21289f325bcf24d172eb6991db53dbe5dad40547f0e71e11988466
evidence/hardware/p7/authorized_sequence/p7_20260715_stationary_app_r41_formal_full/.sequence_execution_ledger_wrapper_logs/051_p7_fragment_boundary_1024_rr.stderr.log,0,e3b0c44298fc1c149afbf4c8996fb92427ae41e4649b934ca495991b7852b855
evidence/hardware/p7/authorized_sequence/p7_20260715_stationary_app_r41_formal_full/.sequence_execution_ledger_wrapper_logs/051_p7_fragment_boundary_1024_rr.stdout.log,153440,e993251ce35ae15cad5e9aa901a5b5dd66141e2cb923ef2341844a7a22e222b3
evidence/hardware/p7/authorized_sequence/p7_20260715_stationary_app_r41_formal_full/.sequence_execution_ledger_wrapper_logs/052_p7_fragment_boundary_1024_rep3.stderr.log,0,e3b0c44298fc1c149afbf4c8996fb92427ae41e4649b934ca495991b7852b855
evidence/hardware/p7/authorized_sequence/p7_20260715_stationary_app_r41_formal_full/.sequence_execution_ledger_wrapper_logs/052_p7_fragment_boundary_1024_rep3.stdout.log,153523,9064182e82ca766b7d317f5c3c55e4e42489a1a2b337490cd5d82725e6840104
evidence/hardware/p7/authorized_sequence/p7_20260715_stationary_app_r41_formal_full/.sequence_execution_ledger_wrapper_logs/053_p7_large_jtag_4k_rr_random.stderr.log,0,e3b0c44298fc1c149afbf4c8996fb92427ae41e4649b934ca495991b7852b855
evidence/hardware/p7/authorized_sequence/p7_20260715_stationary_app_r41_formal_full/.sequence_execution_ledger_wrapper_logs/053_p7_large_jtag_4k_rr_random.stdout.log,372784,a3e58b46c6fcea115da7c10aab077ddba4ec0fa371fcdc415874fccb872937d7
evidence/hardware/p7/authorized_sequence/p7_20260715_stationary_app_r41_formal_full/.sequence_execution_ledger_wrapper_logs/054_p7_large_jtag_64k_rr_counter.stderr.log,0,e3b0c44298fc1c149afbf4c8996fb92427ae41e4649b934ca495991b7852b855
evidence/hardware/p7/authorized_sequence/p7_20260715_stationary_app_r41_formal_full/.sequence_execution_ledger_wrapper_logs/054_p7_large_jtag_64k_rr_counter.stdout.log,4682951,683e57e2da7054abb18eb1b0411273a3e7c7d88ee5c78f9c52abf8c3117b6c16
evidence/hardware/p7/authorized_sequence/p7_20260715_stationary_app_r41_formal_full/.sequence_execution_ledger_wrapper_logs/055_p7_large_jtag_64k_rr_prbs15.stderr.log,0,e3b0c44298fc1c149afbf4c8996fb92427ae41e4649b934ca495991b7852b855
evidence/hardware/p7/authorized_sequence/p7_20260715_stationary_app_r41_formal_full/.sequence_execution_ledger_wrapper_logs/055_p7_large_jtag_64k_rr_prbs15.stdout.log,4682832,a3a13f1a58688a241251366ff4be35557efedb06c7b0051d6482a071255f1e17
evidence/hardware/p7/authorized_sequence/p7_20260715_stationary_app_r41_formal_full/.sequence_execution_ledger_wrapper_logs/056_p7_large_jtag_64k_rr_random.stderr.log,0,e3b0c44298fc1c149afbf4c8996fb92427ae41e4649b934ca495991b7852b855
evidence/hardware/p7/authorized_sequence/p7_20260715_stationary_app_r41_formal_full/.sequence_execution_ledger_wrapper_logs/056_p7_large_jtag_64k_rr_random.stdout.log,4682964,a4bd56a02f0e9a0f394fde8714319a8c7f3c31e9ad24697a525826559cf34bb9
evidence/hardware/p7/authorized_sequence/p7_20260715_stationary_app_r41_formal_full/.sequence_execution_ledger_wrapper_logs/057_p7_large_jtag_64k_rr_all_bytes.stderr.log,0,e3b0c44298fc1c149afbf4c8996fb92427ae41e4649b934ca495991b7852b855
evidence/hardware/p7/authorized_sequence/p7_20260715_stationary_app_r41_formal_full/.sequence_execution_ledger_wrapper_logs/057_p7_large_jtag_64k_rr_all_bytes.stdout.log,4683710,ee94f8096581b5c389fc6ec7a463397d0e2aec6c5c6ae716917a3ae5f762feb7
evidence/hardware/p7/authorized_sequence/p7_20260715_stationary_app_r41_formal_full/.sequence_execution_ledger_wrapper_logs/058_p7_large_jtag_1m_l0_random.stderr.log,0,e3b0c44298fc1c149afbf4c8996fb92427ae41e4649b934ca495991b7852b855
evidence/hardware/p7/authorized_sequence/p7_20260715_stationary_app_r41_formal_full/.sequence_execution_ledger_wrapper_logs/058_p7_large_jtag_1m_l0_random.stdout.log,73709160,e80fbc7c02fded41f4012584060596d8ac068bafd7820aa6a92178e117a32afd
evidence/hardware/p7/authorized_sequence/p7_20260715_stationary_app_r41_formal_full/.sequence_execution_ledger_wrapper_logs/059_p7_large_jtag_1m_l1_random.stderr.log,0,e3b0c44298fc1c149afbf4c8996fb92427ae41e4649b934ca495991b7852b855
evidence/hardware/p7/authorized_sequence/p7_20260715_stationary_app_r41_formal_full/.sequence_execution_ledger_wrapper_logs/059_p7_large_jtag_1m_l1_random.stdout.log,73709221,8ccdbe62378eafc8615c9ce804bea11cd63392b1e2475e06336004b35995a1e1
evidence/hardware/p7/authorized_sequence/p7_20260715_stationary_app_r41_formal_full/.sequence_execution_ledger_wrapper_logs/060_p7_large_jtag_1m_rr_random.stderr.log,0,e3b0c44298fc1c149afbf4c8996fb92427ae41e4649b934ca495991b7852b855
evidence/hardware/p7/authorized_sequence/p7_20260715_stationary_app_r41_formal_full/.sequence_execution_ledger_wrapper_logs/060_p7_large_jtag_1m_rr_random.stdout.log,73709315,d80c36bdc7ba0f08317d7f69c9b31e3c850ffb13fbf445f19a230e93d0a5dc51
evidence/hardware/p7/authorized_sequence/p7_20260715_stationary_app_r41_formal_full/.sequence_execution_ledger_wrapper_logs/061_p7_large_jtag_1m_rep3_random.stderr.log,0,e3b0c44298fc1c149afbf4c8996fb92427ae41e4649b934ca495991b7852b855
evidence/hardware/p7/authorized_sequence/p7_20260715_stationary_app_r41_formal_full/.sequence_execution_ledger_wrapper_logs/061_p7_large_jtag_1m_rep3_random.stdout.log,73709287,b5472a1313f9a799d7fd04c429d11d89e7f9b5bd98cae266ccf89bfa0afc8b93
evidence/hardware/p7/authorized_sequence/p7_20260715_stationary_app_r41_formal_full/.sequence_execution_ledger_wrapper_logs/062_p7_ps_functional.stderr.log,0,e3b0c44298fc1c149afbf4c8996fb92427ae41e4649b934ca495991b7852b855
evidence/hardware/p7/authorized_sequence/p7_20260715_stationary_app_r41_formal_full/.sequence_execution_ledger_wrapper_logs/062_p7_ps_functional.stdout.log,11436497,4b0c8cb0733f59fe093c268d03d2c5099db9cbfaacb3ee9089bf30bccdcbcf25
evidence/hardware/p7/authorized_sequence/p7_20260715_stationary_app_r41_formal_full/.sequence_execution_ledger_wrapper_logs/063_p7_ps_fault_fallback.stderr.log,0,e3b0c44298fc1c149afbf4c8996fb92427ae41e4649b934ca495991b7852b855
evidence/hardware/p7/authorized_sequence/p7_20260715_stationary_app_r41_formal_full/.sequence_execution_ledger_wrapper_logs/063_p7_ps_fault_fallback.stdout.log,748848,9745e783436ab3ec42852ec31ce007f7843ed587c4dd3855825d5d67a9a85e5f
evidence/hardware/p7/authorized_sequence/p7_20260715_stationary_app_r41_formal_full/.sequence_execution_ledger_wrapper_logs/064_p7_ps_abort_restart.stderr.log,0,e3b0c44298fc1c149afbf4c8996fb92427ae41e4649b934ca495991b7852b855
evidence/hardware/p7/authorized_sequence/p7_20260715_stationary_app_r41_formal_full/.sequence_execution_ledger_wrapper_logs/064_p7_ps_abort_restart.stdout.log,2707680,21881805a0f7e79b5f9a09594c8bf994ba8e94b8167bb5d2919466e6c778d209
evidence/hardware/p7/authorized_sequence/p7_20260715_stationary_app_r41_formal_full/.sequence_execution_ledger_wrapper_logs/065_p7_ps_queue.stderr.log,0,e3b0c44298fc1c149afbf4c8996fb92427ae41e4649b934ca495991b7852b855
evidence/hardware/p7/authorized_sequence/p7_20260715_stationary_app_r41_formal_full/.sequence_execution_ledger_wrapper_logs/065_p7_ps_queue.stdout.log,112628,df0027849744690cab119e1a4af27285df4844eea4549070a7e91750cb6d9f0e
evidence/hardware/p7/authorized_sequence/p7_20260715_stationary_app_r41_formal_full/.sequence_execution_ledger_wrapper_logs/066_p7_ps_stationary.stderr.log,0,e3b0c44298fc1c149afbf4c8996fb92427ae41e4649b934ca495991b7852b855
evidence/hardware/p7/authorized_sequence/p7_20260715_stationary_app_r41_formal_full/.sequence_execution_ledger_wrapper_logs/066_p7_ps_stationary.stdout.log,83247,a7b1567fb2be5e5961ff0df6b6413fe007b42a1157d396349de3fcab0de29659
evidence/hardware/p7/authorized_sequence/p7_20260715_stationary_app_r41_formal_full/001_p7_safe_idle/p7_jtag_axi_raw_result.txt,823,be4366eb4d00461ac9a851f0fd650d7999e066ed28252465bf69b4be6a381235
evidence/hardware/p7/authorized_sequence/p7_20260715_stationary_app_r41_formal_full/001_p7_safe_idle/p7_jtag_axi_stage.stderr.log,0,e3b0c44298fc1c149afbf4c8996fb92427ae41e4649b934ca495991b7852b855
evidence/hardware/p7/authorized_sequence/p7_20260715_stationary_app_r41_formal_full/001_p7_safe_idle/p7_jtag_axi_stage.stdout.log,38661,8dca7cf0bb1fe180d4644149579c4dfc01c9dcb41b3fa23a2d27ff8c510f2df7
evidence/hardware/p7/authorized_sequence/p7_20260715_stationary_app_r41_formal_full/001_p7_safe_idle/p7_jtag_axi_stage_events.jsonl,1228,b7213fd84b3e2a921714ddbcfd221c3ce2307b1bff2428075d6418f345aa6dfb
evidence/hardware/p7/authorized_sequence/p7_20260715_stationary_app_r41_formal_full/001_p7_safe_idle/p7_jtag_axi_stage_summary.json,73985,2ab09d13e980ffb4ab0ff11b1c47c4bf026c11c11c0c73a5e2e7e4db3eb3d55b
evidence/hardware/p7/authorized_sequence/p7_20260715_stationary_app_r41_formal_full/001_p7_safe_idle/p7_preflight.stderr.log,0,e3b0c44298fc1c149afbf4c8996fb92427ae41e4649b934ca495991b7852b855
evidence/hardware/p7/authorized_sequence/p7_20260715_stationary_app_r41_formal_full/001_p7_safe_idle/p7_preflight.stdout.log,9868,96993fdefbee86770e3b576acc58971c493471341c9179d8f7b7fc743cb0c448
evidence/hardware/p7/authorized_sequence/p7_20260715_stationary_app_r41_formal_full/001_p7_safe_idle/p7_preflight_result.txt,512,b9c7b51d551d7f0a98f48b8493aed82542ccd9993966f478228e655b31ebbe84
evidence/hardware/p7/authorized_sequence/p7_20260715_stationary_app_r41_formal_full/001_p7_safe_idle/p7_safe_idle_parse_summary.json,733,3991bcae4b2f298c8be2154c634b5180d1751df472c7cdece3aa168622e6c8d7
evidence/hardware/p7/authorized_sequence/p7_20260715_stationary_app_r41_formal_full/001_p7_safe_idle/p7_shutdown_after.stderr.log,0,e3b0c44298fc1c149afbf4c8996fb92427ae41e4649b934ca495991b7852b855
evidence/hardware/p7/authorized_sequence/p7_20260715_stationary_app_r41_formal_full/001_p7_safe_idle/p7_shutdown_after.stdout.log,37945,6d80f11b73c90d637f3e544e3ea546648098d70a1a4de77b9040ab8201678b73
evidence/hardware/p7/authorized_sequence/p7_20260715_stationary_app_r41_formal_full/001_p7_safe_idle/p7_shutdown_after_result.txt,500,37a86182117c4b35f100a63de7305a513e54199a0076078403a4b35022de63d5
evidence/hardware/p7/authorized_sequence/p7_20260715_stationary_app_r41_formal_full/001_p7_safe_idle/p7_shutdown_before.stderr.log,0,e3b0c44298fc1c149afbf4c8996fb92427ae41e4649b934ca495991b7852b855
evidence/hardware/p7/authorized_sequence/p7_20260715_stationary_app_r41_formal_full/001_p7_safe_idle/p7_shutdown_before.stdout.log,37945,6f400a753a29197d81102f0b36c068acd28952e2c3295082dd4422d91b7a6fa9
evidence/hardware/p7/authorized_sequence/p7_20260715_stationary_app_r41_formal_full/001_p7_safe_idle/p7_shutdown_before_result.txt,500,37a86182117c4b35f100a63de7305a513e54199a0076078403a4b35022de63d5
evidence/hardware/p7/authorized_sequence/p7_20260715_stationary_app_r41_formal_full/002_p7_p6_frame_regression_m1/p7_jtag_axi_raw_result.txt,79492,d7c4eab196f966c11a4d3d216f25f1532275abdc6373e5513ae906ddbf89d1f4
evidence/hardware/p7/authorized_sequence/p7_20260715_stationary_app_r41_formal_full/002_p7_p6_frame_regression_m1/p7_jtag_axi_stage.stderr.log,0,e3b0c44298fc1c149afbf4c8996fb92427ae41e4649b934ca495991b7852b855
evidence/hardware/p7/authorized_sequence/p7_20260715_stationary_app_r41_formal_full/002_p7_p6_frame_regression_m1/p7_jtag_axi_stage.stdout.log,47445,2bcce997e86fa2c57ab440fa4812f90937c6cc632ad8a207e7e51906e08fb56c
evidence/hardware/p7/authorized_sequence/p7_20260715_stationary_app_r41_formal_full/002_p7_p6_frame_regression_m1/p7_jtag_axi_stage_events.jsonl,1236,223ace21a52cb8f26a96c116cd2bbe627809e2250e6599b8e88c34243745612f
evidence/hardware/p7/authorized_sequence/p7_20260715_stationary_app_r41_formal_full/002_p7_p6_frame_regression_m1/p7_jtag_axi_stage_summary.json,359387,0e5f4d1fe65b2620f434d05d660a4ee8485f93473723b1f5a10b1379db664508
evidence/hardware/p7/authorized_sequence/p7_20260715_stationary_app_r41_formal_full/002_p7_p6_frame_regression_m1/p7_jtag_backend_parse_summary.json,41836,3e92377d730591e2bad9bef1e7b03e9d26e8486bed42a1ecbd345e94a14cd922
evidence/hardware/p7/authorized_sequence/p7_20260715_stationary_app_r41_formal_full/002_p7_p6_frame_regression_m1/p7_jtag_reassembled_output.bin,4096,d63320acd81e8ea9e08c7932552f04ca8bd45a673c40003ff4f7b6143d91081d
evidence/hardware/p7/authorized_sequence/p7_20260715_stationary_app_r41_formal_full/002_p7_p6_frame_regression_m1/p7_preflight.stderr.log,0,e3b0c44298fc1c149afbf4c8996fb92427ae41e4649b934ca495991b7852b855
evidence/hardware/p7/authorized_sequence/p7_20260715_stationary_app_r41_formal_full/002_p7_p6_frame_regression_m1/p7_preflight.stdout.log,9868,e903fb7f305b48623be3c526615afcc77a546ed2db2d550fbfe60565c3f9a14d
evidence/hardware/p7/authorized_sequence/p7_20260715_stationary_app_r41_formal_full/002_p7_p6_frame_regression_m1/p7_preflight_result.txt,512,b9c7b51d551d7f0a98f48b8493aed82542ccd9993966f478228e655b31ebbe84
evidence/hardware/p7/authorized_sequence/p7_20260715_stationary_app_r41_formal_full/002_p7_p6_frame_regression_m1/p7_shutdown_after.stderr.log,0,e3b0c44298fc1c149afbf4c8996fb92427ae41e4649b934ca495991b7852b855
evidence/hardware/p7/authorized_sequence/p7_20260715_stationary_app_r41_formal_full/002_p7_p6_frame_regression_m1/p7_shutdown_after.stdout.log,37945,5a3ef9ac5a249644a955d04e60227bec43c46f07f0182cf3f167f8e21a14f518
evidence/hardware/p7/authorized_sequence/p7_20260715_stationary_app_r41_formal_full/002_p7_p6_frame_regression_m1/p7_shutdown_after_result.txt,500,37a86182117c4b35f100a63de7305a513e54199a0076078403a4b35022de63d5
evidence/hardware/p7/authorized_sequence/p7_20260715_stationary_app_r41_formal_full/002_p7_p6_frame_regression_m1/p7_shutdown_before.stderr.log,0,e3b0c44298fc1c149afbf4c8996fb92427ae41e4649b934ca495991b7852b855
evidence/hardware/p7/authorized_sequence/p7_20260715_stationary_app_r41_formal_full/002_p7_p6_frame_regression_m1/p7_shutdown_before.stdout.log,37945,9514f6bf1c56a481e2119fbbb2da75bc8e65a4281745347175e73088d89b6086
evidence/hardware/p7/authorized_sequence/p7_20260715_stationary_app_r41_formal_full/002_p7_p6_frame_regression_m1/p7_shutdown_before_result.txt,500,37a86182117c4b35f100a63de7305a513e54199a0076078403a4b35022de63d5
evidence/hardware/p7/authorized_sequence/p7_20260715_stationary_app_r41_formal_full/003_p7_p6_frame_regression_m2/p7_jtag_axi_raw_result.txt,79492,d6d41d21f227ae89c98bcb024dc7bdd39cb1efc02c777e2639ce896a1675fb5f
evidence/hardware/p7/authorized_sequence/p7_20260715_stationary_app_r41_formal_full/003_p7_p6_frame_regression_m2/p7_jtag_axi_stage.stderr.log,0,e3b0c44298fc1c149afbf4c8996fb92427ae41e4649b934ca495991b7852b855
evidence/hardware/p7/authorized_sequence/p7_20260715_stationary_app_r41_formal_full/003_p7_p6_frame_regression_m2/p7_jtag_axi_stage.stdout.log,47445,4d9f5dc90c18a13120fa51b6875c2e427b494ae927711b557b85ba9e9c95f5fc
evidence/hardware/p7/authorized_sequence/p7_20260715_stationary_app_r41_formal_full/003_p7_p6_frame_regression_m2/p7_jtag_axi_stage_events.jsonl,1236,01d9537a0aa37175ffe7767a11a33e4995ad8d4b694920c762d88965c60f2251
evidence/hardware/p7/authorized_sequence/p7_20260715_stationary_app_r41_formal_full/003_p7_p6_frame_regression_m2/p7_jtag_axi_stage_summary.json,358801,15777c79cdf1af5e477c522275410488384f3735da29ecee95db541f32308f10
evidence/hardware/p7/authorized_sequence/p7_20260715_stationary_app_r41_formal_full/003_p7_p6_frame_regression_m2/p7_jtag_backend_parse_summary.json,41829,9a857a215e7f88eb61f122561f990ad7633d24d3a19d271dec88127dac9d84f8
evidence/hardware/p7/authorized_sequence/p7_20260715_stationary_app_r41_formal_full/003_p7_p6_frame_regression_m2/p7_jtag_reassembled_output.bin,4096,a7abce3a5f3164feb667e984f8e38f6e6fc3a7f87e54cc0b2008aa15962a1e7d
evidence/hardware/p7/authorized_sequence/p7_20260715_stationary_app_r41_formal_full/003_p7_p6_frame_regression_m2/p7_preflight.stderr.log,0,e3b0c44298fc1c149afbf4c8996fb92427ae41e4649b934ca495991b7852b855
evidence/hardware/p7/authorized_sequence/p7_20260715_stationary_app_r41_formal_full/003_p7_p6_frame_regression_m2/p7_preflight.stdout.log,9868,9b8436f712ffd94da2852350c45240abc6bc7fc706f96c8ae681243125562696
evidence/hardware/p7/authorized_sequence/p7_20260715_stationary_app_r41_formal_full/003_p7_p6_frame_regression_m2/p7_preflight_result.txt,512,b9c7b51d551d7f0a98f48b8493aed82542ccd9993966f478228e655b31ebbe84
evidence/hardware/p7/authorized_sequence/p7_20260715_stationary_app_r41_formal_full/003_p7_p6_frame_regression_m2/p7_shutdown_after.stderr.log,0,e3b0c44298fc1c149afbf4c8996fb92427ae41e4649b934ca495991b7852b855
evidence/hardware/p7/authorized_sequence/p7_20260715_stationary_app_r41_formal_full/003_p7_p6_frame_regression_m2/p7_shutdown_after.stdout.log,37945,87795af14c5d8e540cf3d8f937965f8fbdb3b6275bcab98d825dfc3a512a1aad
evidence/hardware/p7/authorized_sequence/p7_20260715_stationary_app_r41_formal_full/003_p7_p6_frame_regression_m2/p7_shutdown_after_result.txt,500,37a86182117c4b35f100a63de7305a513e54199a0076078403a4b35022de63d5
evidence/hardware/p7/authorized_sequence/p7_20260715_stationary_app_r41_formal_full/003_p7_p6_frame_regression_m2/p7_shutdown_before.stderr.log,0,e3b0c44298fc1c149afbf4c8996fb92427ae41e4649b934ca495991b7852b855
evidence/hardware/p7/authorized_sequence/p7_20260715_stationary_app_r41_formal_full/003_p7_p6_frame_regression_m2/p7_shutdown_before.stdout.log,37945,31aaeadecbdb77c30de36db2cf85739a838000f02955eafff3dde1639dc3436c
evidence/hardware/p7/authorized_sequence/p7_20260715_stationary_app_r41_formal_full/003_p7_p6_frame_regression_m2/p7_shutdown_before_result.txt,500,37a86182117c4b35f100a63de7305a513e54199a0076078403a4b35022de63d5
evidence/hardware/p7/authorized_sequence/p7_20260715_stationary_app_r41_formal_full/004_p7_p6_frame_regression_m3/p7_jtag_axi_raw_result.txt,79495,0bb5b852eae1794324af244223f69900a38d88c56440b2f37bf532d90f14125a
evidence/hardware/p7/authorized_sequence/p7_20260715_stationary_app_r41_formal_full/004_p7_p6_frame_regression_m3/p7_jtag_axi_stage.stderr.log,0,e3b0c44298fc1c149afbf4c8996fb92427ae41e4649b934ca495991b7852b855
evidence/hardware/p7/authorized_sequence/p7_20260715_stationary_app_r41_formal_full/004_p7_p6_frame_regression_m3/p7_jtag_axi_stage.stdout.log,47445,ac2634e7f9d1034c89b90c3876139040b98ec13aa1af90956860a39c047aa76e
evidence/hardware/p7/authorized_sequence/p7_20260715_stationary_app_r41_formal_full/004_p7_p6_frame_regression_m3/p7_jtag_axi_stage_events.jsonl,1236,3fca3dba9551061638e80d6d7c65e7f14dc3678d72e01a32731b49f36d664fe2
evidence/hardware/p7/authorized_sequence/p7_20260715_stationary_app_r41_formal_full/004_p7_p6_frame_regression_m3/p7_jtag_axi_stage_summary.json,358669,301fd82446f841d00bc347a7a7e618cee2e97aedcfedd5099a166f998b41adbb
evidence/hardware/p7/authorized_sequence/p7_20260715_stationary_app_r41_formal_full/004_p7_p6_frame_regression_m3/p7_jtag_backend_parse_summary.json,41846,bf08692ab17eec059f6eb3110ce383b2377598af2b30e32e6d3c0038f2696c6b
evidence/hardware/p7/authorized_sequence/p7_20260715_stationary_app_r41_formal_full/004_p7_p6_frame_regression_m3/p7_jtag_reassembled_output.bin,4096,43812ad6447f6d7cbd02439ca869aff553eda792fa799ab066242fdccebefa30
evidence/hardware/p7/authorized_sequence/p7_20260715_stationary_app_r41_formal_full/004_p7_p6_frame_regression_m3/p7_preflight.stderr.log,0,e3b0c44298fc1c149afbf4c8996fb92427ae41e4649b934ca495991b7852b855
evidence/hardware/p7/authorized_sequence/p7_20260715_stationary_app_r41_formal_full/004_p7_p6_frame_regression_m3/p7_preflight.stdout.log,9868,922a1dad1d973ec6d0bc0651055b62ab972d43b593affddd75981b33b2abeaf9
evidence/hardware/p7/authorized_sequence/p7_20260715_stationary_app_r41_formal_full/004_p7_p6_frame_regression_m3/p7_preflight_result.txt,512,b9c7b51d551d7f0a98f48b8493aed82542ccd9993966f478228e655b31ebbe84
evidence/hardware/p7/authorized_sequence/p7_20260715_stationary_app_r41_formal_full/004_p7_p6_frame_regression_m3/p7_shutdown_after.stderr.log,0,e3b0c44298fc1c149afbf4c8996fb92427ae41e4649b934ca495991b7852b855
evidence/hardware/p7/authorized_sequence/p7_20260715_stationary_app_r41_formal_full/004_p7_p6_frame_regression_m3/p7_shutdown_after.stdout.log,37945,0fa234070e96e61d89a0795840e2753a71146ddbf78249532ceba47b3be1552c
evidence/hardware/p7/authorized_sequence/p7_20260715_stationary_app_r41_formal_full/004_p7_p6_frame_regression_m3/p7_shutdown_after_result.txt,500,37a86182117c4b35f100a63de7305a513e54199a0076078403a4b35022de63d5
evidence/hardware/p7/authorized_sequence/p7_20260715_stationary_app_r41_formal_full/004_p7_p6_frame_regression_m3/p7_shutdown_before.stderr.log,0,e3b0c44298fc1c149afbf4c8996fb92427ae41e4649b934ca495991b7852b855
evidence/hardware/p7/authorized_sequence/p7_20260715_stationary_app_r41_formal_full/004_p7_p6_frame_regression_m3/p7_shutdown_before.stdout.log,37945,105982cc3582a42802515547f395d9e9b770a70a2b97d057beb784df2795caca
evidence/hardware/p7/authorized_sequence/p7_20260715_stationary_app_r41_formal_full/004_p7_p6_frame_regression_m3/p7_shutdown_before_result.txt,500,37a86182117c4b35f100a63de7305a513e54199a0076078403a4b35022de63d5
evidence/hardware/p7/authorized_sequence/p7_20260715_stationary_app_r41_formal_full/005_p7_fragment_boundary_0_l0/p7_jtag_axi_raw_result.txt,2365,24fb167f2f12bc0470ccab00e769827d51794b2d300b0b72c12dbd315bd23f2c
evidence/hardware/p7/authorized_sequence/p7_20260715_stationary_app_r41_formal_full/005_p7_fragment_boundary_0_l0/p7_jtag_axi_stage.stderr.log,0,e3b0c44298fc1c149afbf4c8996fb92427ae41e4649b934ca495991b7852b855
evidence/hardware/p7/authorized_sequence/p7_20260715_stationary_app_r41_formal_full/005_p7_fragment_boundary_0_l0/p7_jtag_axi_stage.stdout.log,41213,5116a98dd5016a0e76e8b15c4f1437796d54fc4c49276fec0b4a1c9b0d34d7c4
evidence/hardware/p7/authorized_sequence/p7_20260715_stationary_app_r41_formal_full/005_p7_fragment_boundary_0_l0/p7_jtag_axi_stage_events.jsonl,1236,c8dc4db665912ebd7bda7e8c43bb1d1fc7a58c8790246700d4c4bfe46c65ee94
evidence/hardware/p7/authorized_sequence/p7_20260715_stationary_app_r41_formal_full/005_p7_fragment_boundary_0_l0/p7_jtag_axi_stage_summary.json,82309,b7d75b6f98d87b23d2021570ac043bfcf3b453733cacb741d5d1f8df060b3c9b
evidence/hardware/p7/authorized_sequence/p7_20260715_stationary_app_r41_formal_full/005_p7_fragment_boundary_0_l0/p7_jtag_backend_parse_summary.json,4577,5b3134e22bb45a8a1fca65f87373c11956b1bc76aa8d76ecac815907ad1a7bd6
evidence/hardware/p7/authorized_sequence/p7_20260715_stationary_app_r41_formal_full/005_p7_fragment_boundary_0_l0/p7_jtag_reassembled_output.bin,0,e3b0c44298fc1c149afbf4c8996fb92427ae41e4649b934ca495991b7852b855
evidence/hardware/p7/authorized_sequence/p7_20260715_stationary_app_r41_formal_full/005_p7_fragment_boundary_0_l0/p7_preflight.stderr.log,0,e3b0c44298fc1c149afbf4c8996fb92427ae41e4649b934ca495991b7852b855
evidence/hardware/p7/authorized_sequence/p7_20260715_stationary_app_r41_formal_full/005_p7_fragment_boundary_0_l0/p7_preflight.stdout.log,9868,e578d045d07eab101990fc534258f59e2a4f1929fb49d8c9e02679cce5d8e917
evidence/hardware/p7/authorized_sequence/p7_20260715_stationary_app_r41_formal_full/005_p7_fragment_boundary_0_l0/p7_preflight_result.txt,512,b9c7b51d551d7f0a98f48b8493aed82542ccd9993966f478228e655b31ebbe84
evidence/hardware/p7/authorized_sequence/p7_20260715_stationary_app_r41_formal_full/005_p7_fragment_boundary_0_l0/p7_shutdown_after.stderr.log,0,e3b0c44298fc1c149afbf4c8996fb92427ae41e4649b934ca495991b7852b855
evidence/hardware/p7/authorized_sequence/p7_20260715_stationary_app_r41_formal_full/005_p7_fragment_boundary_0_l0/p7_shutdown_after.stdout.log,37945,88f741cd894e2a448d1e5c2bd8acccc32f9df737763ccc7a8e40d774dec7b034
evidence/hardware/p7/authorized_sequence/p7_20260715_stationary_app_r41_formal_full/005_p7_fragment_boundary_0_l0/p7_shutdown_after_result.txt,500,37a86182117c4b35f100a63de7305a513e54199a0076078403a4b35022de63d5
evidence/hardware/p7/authorized_sequence/p7_20260715_stationary_app_r41_formal_full/005_p7_fragment_boundary_0_l0/p7_shutdown_before.stderr.log,0,e3b0c44298fc1c149afbf4c8996fb92427ae41e4649b934ca495991b7852b855
evidence/hardware/p7/authorized_sequence/p7_20260715_stationary_app_r41_formal_full/005_p7_fragment_boundary_0_l0/p7_shutdown_before.stdout.log,37945,6e7c029bc26f74e8e282fd3a6add4ea198cdcf189d5ddb6278d84b11202ece14
evidence/hardware/p7/authorized_sequence/p7_20260715_stationary_app_r41_formal_full/005_p7_fragment_boundary_0_l0/p7_shutdown_before_result.txt,500,37a86182117c4b35f100a63de7305a513e54199a0076078403a4b35022de63d5
evidence/hardware/p7/authorized_sequence/p7_20260715_stationary_app_r41_formal_full/006_p7_fragment_boundary_0_l1/p7_jtag_axi_raw_result.txt,2365,69add6110cdd4a50f5a9ed05272bb36189d506e64b095a47cb4b83dd42696746
evidence/hardware/p7/authorized_sequence/p7_20260715_stationary_app_r41_formal_full/006_p7_fragment_boundary_0_l1/p7_jtag_axi_stage.stderr.log,0,e3b0c44298fc1c149afbf4c8996fb92427ae41e4649b934ca495991b7852b855
evidence/hardware/p7/authorized_sequence/p7_20260715_stationary_app_r41_formal_full/006_p7_fragment_boundary_0_l1/p7_jtag_axi_stage.stdout.log,41213,f2b711626d0dfb634fdcd46f9488a3574668fbae789586aaedeffa9c5ab1f742
evidence/hardware/p7/authorized_sequence/p7_20260715_stationary_app_r41_formal_full/006_p7_fragment_boundary_0_l1/p7_jtag_axi_stage_events.jsonl,1236,3ff9d9835c15c99d0a669298be73da85be4b4f3b398c8123eb51040a32566428
evidence/hardware/p7/authorized_sequence/p7_20260715_stationary_app_r41_formal_full/006_p7_fragment_boundary_0_l1/p7_jtag_axi_stage_summary.json,82433,97a6b7fcd24e3947176c5856e683d51ba04434b8ee3861f866b017ac762fb01d
evidence/hardware/p7/authorized_sequence/p7_20260715_stationary_app_r41_formal_full/006_p7_fragment_boundary_0_l1/p7_jtag_backend_parse_summary.json,4577,6efc47809045989578c34b088a266f50dd60f685aaef489740cb286d1d0ff7fe
evidence/hardware/p7/authorized_sequence/p7_20260715_stationary_app_r41_formal_full/006_p7_fragment_boundary_0_l1/p7_jtag_reassembled_output.bin,0,e3b0c44298fc1c149afbf4c8996fb92427ae41e4649b934ca495991b7852b855
evidence/hardware/p7/authorized_sequence/p7_20260715_stationary_app_r41_formal_full/006_p7_fragment_boundary_0_l1/p7_preflight.stderr.log,0,e3b0c44298fc1c149afbf4c8996fb92427ae41e4649b934ca495991b7852b855
evidence/hardware/p7/authorized_sequence/p7_20260715_stationary_app_r41_formal_full/006_p7_fragment_boundary_0_l1/p7_preflight.stdout.log,9868,adbf2827b8c3515de7c8b3a98becd887e8de6ceb5c4f10a2071d16d2dcd02aaa
evidence/hardware/p7/authorized_sequence/p7_20260715_stationary_app_r41_formal_full/006_p7_fragment_boundary_0_l1/p7_preflight_result.txt,512,b9c7b51d551d7f0a98f48b8493aed82542ccd9993966f478228e655b31ebbe84
evidence/hardware/p7/authorized_sequence/p7_20260715_stationary_app_r41_formal_full/006_p7_fragment_boundary_0_l1/p7_shutdown_after.stderr.log,0,e3b0c44298fc1c149afbf4c8996fb92427ae41e4649b934ca495991b7852b855
evidence/hardware/p7/authorized_sequence/p7_20260715_stationary_app_r41_formal_full/006_p7_fragment_boundary_0_l1/p7_shutdown_after.stdout.log,37945,a5b1e64d4a31a6f225d8d341256e5446d2ca7493fd825b01a2e003def855ddf5
evidence/hardware/p7/authorized_sequence/p7_20260715_stationary_app_r41_formal_full/006_p7_fragment_boundary_0_l1/p7_shutdown_after_result.txt,500,37a86182117c4b35f100a63de7305a513e54199a0076078403a4b35022de63d5
evidence/hardware/p7/authorized_sequence/p7_20260715_stationary_app_r41_formal_full/006_p7_fragment_boundary_0_l1/p7_shutdown_before.stderr.log,0,e3b0c44298fc1c149afbf4c8996fb92427ae41e4649b934ca495991b7852b855
evidence/hardware/p7/authorized_sequence/p7_20260715_stationary_app_r41_formal_full/006_p7_fragment_boundary_0_l1/p7_shutdown_before.stdout.log,37945,6c6b7bd176c14d1910a701554c9dd9c2ab40fbaa273074dea9d50c71faebbeb3
evidence/hardware/p7/authorized_sequence/p7_20260715_stationary_app_r41_formal_full/006_p7_fragment_boundary_0_l1/p7_shutdown_before_result.txt,500,37a86182117c4b35f100a63de7305a513e54199a0076078403a4b35022de63d5
evidence/hardware/p7/authorized_sequence/p7_20260715_stationary_app_r41_formal_full/007_p7_fragment_boundary_0_rr/p7_jtag_axi_raw_result.txt,2373,c463d0f8965dcd604b382d9fd699cd4729805c0794d3b4247ad79cdd56535609
evidence/hardware/p7/authorized_sequence/p7_20260715_stationary_app_r41_formal_full/007_p7_fragment_boundary_0_rr/p7_jtag_axi_stage.stderr.log,0,e3b0c44298fc1c149afbf4c8996fb92427ae41e4649b934ca495991b7852b855
evidence/hardware/p7/authorized_sequence/p7_20260715_stationary_app_r41_formal_full/007_p7_fragment_boundary_0_rr/p7_jtag_axi_stage.stdout.log,41213,473f01d2245ccfb94a4c5a97fa1049f75bb2275b5f66d61c36be5f488f05f171
evidence/hardware/p7/authorized_sequence/p7_20260715_stationary_app_r41_formal_full/007_p7_fragment_boundary_0_rr/p7_jtag_axi_stage_events.jsonl,1236,5511c1051e74dbc1ef8c4377916c01c849f4eace2d4e8e1e032bd66420c635a4
evidence/hardware/p7/authorized_sequence/p7_20260715_stationary_app_r41_formal_full/007_p7_fragment_boundary_0_rr/p7_jtag_axi_stage_summary.json,82367,f58778e9577d2c3b766107be6e79a4bdb7aff886b461c3b87339d613069635b9
evidence/hardware/p7/authorized_sequence/p7_20260715_stationary_app_r41_formal_full/007_p7_fragment_boundary_0_rr/p7_jtag_backend_parse_summary.json,4585,91a2a666acd50b7e6ef4b4527aec3857303c563415c2dc9cf9420ecb42757dde
evidence/hardware/p7/authorized_sequence/p7_20260715_stationary_app_r41_formal_full/007_p7_fragment_boundary_0_rr/p7_jtag_reassembled_output.bin,0,e3b0c44298fc1c149afbf4c8996fb92427ae41e4649b934ca495991b7852b855
evidence/hardware/p7/authorized_sequence/p7_20260715_stationary_app_r41_formal_full/007_p7_fragment_boundary_0_rr/p7_preflight.stderr.log,0,e3b0c44298fc1c149afbf4c8996fb92427ae41e4649b934ca495991b7852b855
evidence/hardware/p7/authorized_sequence/p7_20260715_stationary_app_r41_formal_full/007_p7_fragment_boundary_0_rr/p7_preflight.stdout.log,9868,0a8e232e447398a719a81d74ec69a7c225993f914d6031bb56f8c9e0f14f1f69
evidence/hardware/p7/authorized_sequence/p7_20260715_stationary_app_r41_formal_full/007_p7_fragment_boundary_0_rr/p7_preflight_result.txt,512,b9c7b51d551d7f0a98f48b8493aed82542ccd9993966f478228e655b31ebbe84
evidence/hardware/p7/authorized_sequence/p7_20260715_stationary_app_r41_formal_full/007_p7_fragment_boundary_0_rr/p7_shutdown_after.stderr.log,0,e3b0c44298fc1c149afbf4c8996fb92427ae41e4649b934ca495991b7852b855
evidence/hardware/p7/authorized_sequence/p7_20260715_stationary_app_r41_formal_full/007_p7_fragment_boundary_0_rr/p7_shutdown_after.stdout.log,37945,5c4c2e4eec20a65d5c9c4b9c516991b1648a3d348f61808263480452b458b8a5
evidence/hardware/p7/authorized_sequence/p7_20260715_stationary_app_r41_formal_full/007_p7_fragment_boundary_0_rr/p7_shutdown_after_result.txt,500,37a86182117c4b35f100a63de7305a513e54199a0076078403a4b35022de63d5
evidence/hardware/p7/authorized_sequence/p7_20260715_stationary_app_r41_formal_full/007_p7_fragment_boundary_0_rr/p7_shutdown_before.stderr.log,0,e3b0c44298fc1c149afbf4c8996fb92427ae41e4649b934ca495991b7852b855
evidence/hardware/p7/authorized_sequence/p7_20260715_stationary_app_r41_formal_full/007_p7_fragment_boundary_0_rr/p7_shutdown_before.stdout.log,37945,232263f48200f16b85828f362976501ea77ec16b1e8b398c41b36edf79e73acd
evidence/hardware/p7/authorized_sequence/p7_20260715_stationary_app_r41_formal_full/007_p7_fragment_boundary_0_rr/p7_shutdown_before_result.txt,500,37a86182117c4b35f100a63de7305a513e54199a0076078403a4b35022de63d5
evidence/hardware/p7/authorized_sequence/p7_20260715_stationary_app_r41_formal_full/008_p7_fragment_boundary_0_rep3/p7_jtag_axi_raw_result.txt,2368,ee7fcdba0ddc894bf01c1f26f7832743a5fe43f9b5c3508bf66d01522a0a825e
evidence/hardware/p7/authorized_sequence/p7_20260715_stationary_app_r41_formal_full/008_p7_fragment_boundary_0_rep3/p7_jtag_axi_stage.stderr.log,0,e3b0c44298fc1c149afbf4c8996fb92427ae41e4649b934ca495991b7852b855
evidence/hardware/p7/authorized_sequence/p7_20260715_stationary_app_r41_formal_full/008_p7_fragment_boundary_0_rep3/p7_jtag_axi_stage.stdout.log,41213,af616c3a4c6632bc42703cd899be1d5db7f7c3d67e3dfddd08101d9af6d978ed
evidence/hardware/p7/authorized_sequence/p7_20260715_stationary_app_r41_formal_full/008_p7_fragment_boundary_0_rep3/p7_jtag_axi_stage_events.jsonl,1238,ccc25433455d48dbf35b5ab493fdaf61a1e6c3d214db83ff70884b65fceac817
evidence/hardware/p7/authorized_sequence/p7_20260715_stationary_app_r41_formal_full/008_p7_fragment_boundary_0_rep3/p7_jtag_axi_stage_summary.json,82513,382c37d65f0ede24ee7667b4a0eb8b65f81af77598e8e55da310ea872784e143
evidence/hardware/p7/authorized_sequence/p7_20260715_stationary_app_r41_formal_full/008_p7_fragment_boundary_0_rep3/p7_jtag_backend_parse_summary.json,4588,929af1366f8479029022ec1948bb950ad33da2e3cbf7cb7dc986d438d7c2e6af
evidence/hardware/p7/authorized_sequence/p7_20260715_stationary_app_r41_formal_full/008_p7_fragment_boundary_0_rep3/p7_jtag_reassembled_output.bin,0,e3b0c44298fc1c149afbf4c8996fb92427ae41e4649b934ca495991b7852b855
evidence/hardware/p7/authorized_sequence/p7_20260715_stationary_app_r41_formal_full/008_p7_fragment_boundary_0_rep3/p7_preflight.stderr.log,0,e3b0c44298fc1c149afbf4c8996fb92427ae41e4649b934ca495991b7852b855
evidence/hardware/p7/authorized_sequence/p7_20260715_stationary_app_r41_formal_full/008_p7_fragment_boundary_0_rep3/p7_preflight.stdout.log,9868,8b9915a10fcb0c961fd1194583d2feb92704dec542f51438abaa2491dce6aefb
evidence/hardware/p7/authorized_sequence/p7_20260715_stationary_app_r41_formal_full/008_p7_fragment_boundary_0_rep3/p7_preflight_result.txt,512,b9c7b51d551d7f0a98f48b8493aed82542ccd9993966f478228e655b31ebbe84
evidence/hardware/p7/authorized_sequence/p7_20260715_stationary_app_r41_formal_full/008_p7_fragment_boundary_0_rep3/p7_shutdown_after.stderr.log,0,e3b0c44298fc1c149afbf4c8996fb92427ae41e4649b934ca495991b7852b855
evidence/hardware/p7/authorized_sequence/p7_20260715_stationary_app_r41_formal_full/008_p7_fragment_boundary_0_rep3/p7_shutdown_after.stdout.log,37945,109d435dee7ec7f065a7fe3818d0d151fd52ee8a71e41d436ec64708a1bdc338
evidence/hardware/p7/authorized_sequence/p7_20260715_stationary_app_r41_formal_full/008_p7_fragment_boundary_0_rep3/p7_shutdown_after_result.txt,500,37a86182117c4b35f100a63de7305a513e54199a0076078403a4b35022de63d5
evidence/hardware/p7/authorized_sequence/p7_20260715_stationary_app_r41_formal_full/008_p7_fragment_boundary_0_rep3/p7_shutdown_before.stderr.log,0,e3b0c44298fc1c149afbf4c8996fb92427ae41e4649b934ca495991b7852b855
evidence/hardware/p7/authorized_sequence/p7_20260715_stationary_app_r41_formal_full/008_p7_fragment_boundary_0_rep3/p7_shutdown_before.stdout.log,37945,791e2fcb94d6b52579e421bc98c13e2a1b039603d5c9ddae7f352c44d8ea350e
evidence/hardware/p7/authorized_sequence/p7_20260715_stationary_app_r41_formal_full/008_p7_fragment_boundary_0_rep3/p7_shutdown_before_result.txt,500,37a86182117c4b35f100a63de7305a513e54199a0076078403a4b35022de63d5
evidence/hardware/p7/authorized_sequence/p7_20260715_stationary_app_r41_formal_full/009_p7_fragment_boundary_1_l0/p7_jtag_axi_raw_result.txt,2417,0691fbc79530f6e66c374bcad15bcc3d2d91b274e8e43e29e6a5b693dac33bcc
evidence/hardware/p7/authorized_sequence/p7_20260715_stationary_app_r41_formal_full/009_p7_fragment_boundary_1_l0/p7_jtag_axi_stage.stderr.log,0,e3b0c44298fc1c149afbf4c8996fb92427ae41e4649b934ca495991b7852b855
evidence/hardware/p7/authorized_sequence/p7_20260715_stationary_app_r41_formal_full/009_p7_fragment_boundary_1_l0/p7_jtag_axi_stage.stdout.log,41238,300f39ecee4b9abce703808e7d5fd6c8fb07e75817710b3e4293598a28b9040b
evidence/hardware/p7/authorized_sequence/p7_20260715_stationary_app_r41_formal_full/009_p7_fragment_boundary_1_l0/p7_jtag_axi_stage_events.jsonl,1236,f80a2ea0961be97a2ea9c06d382e716e1e0c829482e2d9a00ad6818c9a848ed7
evidence/hardware/p7/authorized_sequence/p7_20260715_stationary_app_r41_formal_full/009_p7_fragment_boundary_1_l0/p7_jtag_axi_stage_summary.json,82553,dd11a891d4af2ec6c2f945b0efb8de38e0ae7c4531cd59f28574492d383b1e6d
evidence/hardware/p7/authorized_sequence/p7_20260715_stationary_app_r41_formal_full/009_p7_fragment_boundary_1_l0/p7_jtag_backend_parse_summary.json,4595,7df3945cb0fcf62e0abf072f8298c6abca489dcbb5cab6f83249a2b065a993e8
evidence/hardware/p7/authorized_sequence/p7_20260715_stationary_app_r41_formal_full/009_p7_fragment_boundary_1_l0/p7_jtag_reassembled_output.bin,1,6e340b9cffb37a989ca544e6bb780a2c78901d3fb33738768511a30617afa01d
evidence/hardware/p7/authorized_sequence/p7_20260715_stationary_app_r41_formal_full/009_p7_fragment_boundary_1_l0/p7_preflight.stderr.log,0,e3b0c44298fc1c149afbf4c8996fb92427ae41e4649b934ca495991b7852b855
evidence/hardware/p7/authorized_sequence/p7_20260715_stationary_app_r41_formal_full/009_p7_fragment_boundary_1_l0/p7_preflight.stdout.log,9868,139e8eb4daf562a385261978ab145d044cc73882fb34a7c2823341600d84aded
evidence/hardware/p7/authorized_sequence/p7_20260715_stationary_app_r41_formal_full/009_p7_fragment_boundary_1_l0/p7_preflight_result.txt,512,b9c7b51d551d7f0a98f48b8493aed82542ccd9993966f478228e655b31ebbe84
evidence/hardware/p7/authorized_sequence/p7_20260715_stationary_app_r41_formal_full/009_p7_fragment_boundary_1_l0/p7_shutdown_after.stderr.log,0,e3b0c44298fc1c149afbf4c8996fb92427ae41e4649b934ca495991b7852b855
evidence/hardware/p7/authorized_sequence/p7_20260715_stationary_app_r41_formal_full/009_p7_fragment_boundary_1_l0/p7_shutdown_after.stdout.log,37945,8e2a6f59e80f1c68d013a1a04a333f0d183292bf77b0f871693f7a8d1a99465b
evidence/hardware/p7/authorized_sequence/p7_20260715_stationary_app_r41_formal_full/009_p7_fragment_boundary_1_l0/p7_shutdown_after_result.txt,500,37a86182117c4b35f100a63de7305a513e54199a0076078403a4b35022de63d5
evidence/hardware/p7/authorized_sequence/p7_20260715_stationary_app_r41_formal_full/009_p7_fragment_boundary_1_l0/p7_shutdown_before.stderr.log,0,e3b0c44298fc1c149afbf4c8996fb92427ae41e4649b934ca495991b7852b855
evidence/hardware/p7/authorized_sequence/p7_20260715_stationary_app_r41_formal_full/009_p7_fragment_boundary_1_l0/p7_shutdown_before.stdout.log,37945,51cdd459cc3d724a7e2bce728369955b7481e7ac8ee1617d09a5f2439a9a35de
evidence/hardware/p7/authorized_sequence/p7_20260715_stationary_app_r41_formal_full/009_p7_fragment_boundary_1_l0/p7_shutdown_before_result.txt,500,37a86182117c4b35f100a63de7305a513e54199a0076078403a4b35022de63d5
evidence/hardware/p7/authorized_sequence/p7_20260715_stationary_app_r41_formal_full/010_p7_fragment_boundary_1_l1/p7_jtag_axi_raw_result.txt,2417,9377f5d3ded7bcfe84ba355bcbe9f65b125468d4b3d1ea41220eebede1b238e5
evidence/hardware/p7/authorized_sequence/p7_20260715_stationary_app_r41_formal_full/010_p7_fragment_boundary_1_l1/p7_jtag_axi_stage.stderr.log,0,e3b0c44298fc1c149afbf4c8996fb92427ae41e4649b934ca495991b7852b855
evidence/hardware/p7/authorized_sequence/p7_20260715_stationary_app_r41_formal_full/010_p7_fragment_boundary_1_l1/p7_jtag_axi_stage.stdout.log,41350,ca9d3f8610efaefe7d3246d8a73a6f5f5081c00f6c6e97fe282bd476a2f1bffa
evidence/hardware/p7/authorized_sequence/p7_20260715_stationary_app_r41_formal_full/010_p7_fragment_boundary_1_l1/p7_jtag_axi_stage_events.jsonl,1236,298d1747a599c7eb20b4862e0e27237542b9d40c28df564a518523ec31d6507a
evidence/hardware/p7/authorized_sequence/p7_20260715_stationary_app_r41_formal_full/010_p7_fragment_boundary_1_l1/p7_jtag_axi_stage_summary.json,84169,62815684db5f5fa74e6e54d5efcc7fc30d1183e7414804c365eeaa80f1b4e2cb
evidence/hardware/p7/authorized_sequence/p7_20260715_stationary_app_r41_formal_full/010_p7_fragment_boundary_1_l1/p7_jtag_backend_parse_summary.json,4595,5e4b126fa9cdf23d109099f43913cf556c2f3842a0b446366ed3306ba4240193
evidence/hardware/p7/authorized_sequence/p7_20260715_stationary_app_r41_formal_full/010_p7_fragment_boundary_1_l1/p7_jtag_reassembled_output.bin,1,6e340b9cffb37a989ca544e6bb780a2c78901d3fb33738768511a30617afa01d
evidence/hardware/p7/authorized_sequence/p7_20260715_stationary_app_r41_formal_full/010_p7_fragment_boundary_1_l1/p7_preflight.stderr.log,0,e3b0c44298fc1c149afbf4c8996fb92427ae41e4649b934ca495991b7852b855
evidence/hardware/p7/authorized_sequence/p7_20260715_stationary_app_r41_formal_full/010_p7_fragment_boundary_1_l1/p7_preflight.stdout.log,9868,ff423a70648e2eaabf52c2c1e9de49870c5a075cf7566ee3cc891f1aee171237
evidence/hardware/p7/authorized_sequence/p7_20260715_stationary_app_r41_formal_full/010_p7_fragment_boundary_1_l1/p7_preflight_result.txt,512,b9c7b51d551d7f0a98f48b8493aed82542ccd9993966f478228e655b31ebbe84
evidence/hardware/p7/authorized_sequence/p7_20260715_stationary_app_r41_formal_full/010_p7_fragment_boundary_1_l1/p7_shutdown_after.stderr.log,0,e3b0c44298fc1c149afbf4c8996fb92427ae41e4649b934ca495991b7852b855
evidence/hardware/p7/authorized_sequence/p7_20260715_stationary_app_r41_formal_full/010_p7_fragment_boundary_1_l1/p7_shutdown_after.stdout.log,37945,cb7468bdc7631f2edfcbb0344423efa30f0eb7b37ce6708442326e2063ec1f90
evidence/hardware/p7/authorized_sequence/p7_20260715_stationary_app_r41_formal_full/010_p7_fragment_boundary_1_l1/p7_shutdown_after_result.txt,500,37a86182117c4b35f100a63de7305a513e54199a0076078403a4b35022de63d5
evidence/hardware/p7/authorized_sequence/p7_20260715_stationary_app_r41_formal_full/010_p7_fragment_boundary_1_l1/p7_shutdown_before.stderr.log,0,e3b0c44298fc1c149afbf4c8996fb92427ae41e4649b934ca495991b7852b855
evidence/hardware/p7/authorized_sequence/p7_20260715_stationary_app_r41_formal_full/010_p7_fragment_boundary_1_l1/p7_shutdown_before.stdout.log,37945,606418ae1f02d1cd62570953bfc59fb9402341732889a5d3951c85fd9eac84ea
evidence/hardware/p7/authorized_sequence/p7_20260715_stationary_app_r41_formal_full/010_p7_fragment_boundary_1_l1/p7_shutdown_before_result.txt,500,37a86182117c4b35f100a63de7305a513e54199a0076078403a4b35022de63d5
evidence/hardware/p7/authorized_sequence/p7_20260715_stationary_app_r41_formal_full/011_p7_fragment_boundary_1_rr/p7_jtag_axi_raw_result.txt,2425,188ea28b4ad9026f6b6d1b0c0255c6af7cb27ddd81a7ab1c8b6a5835c74976f2
evidence/hardware/p7/authorized_sequence/p7_20260715_stationary_app_r41_formal_full/011_p7_fragment_boundary_1_rr/p7_jtag_axi_stage.stderr.log,0,e3b0c44298fc1c149afbf4c8996fb92427ae41e4649b934ca495991b7852b855
evidence/hardware/p7/authorized_sequence/p7_20260715_stationary_app_r41_formal_full/011_p7_fragment_boundary_1_rr/p7_jtag_axi_stage.stdout.log,41238,5eb97c92fc32cd91f82527e57fd11d8c987c7fa221e5d9fd977dccbd6e3e14e7
evidence/hardware/p7/authorized_sequence/p7_20260715_stationary_app_r41_formal_full/011_p7_fragment_boundary_1_rr/p7_jtag_axi_stage_events.jsonl,1236,8f829d40aeb1f05eeaf59e2b839c2784b011b5617810050a23611c68d0284824
evidence/hardware/p7/authorized_sequence/p7_20260715_stationary_app_r41_formal_full/011_p7_fragment_boundary_1_rr/p7_jtag_axi_stage_summary.json,82660,3f7e9cd7c7ada40023473a322eaba64ab66d365336373d1e177985f6c3d68d1b
evidence/hardware/p7/authorized_sequence/p7_20260715_stationary_app_r41_formal_full/011_p7_fragment_boundary_1_rr/p7_jtag_backend_parse_summary.json,4603,1dbc752712132b4544ceb5dc417164fe0de670e47ecf0df1d6c50dbe260e3055
evidence/hardware/p7/authorized_sequence/p7_20260715_stationary_app_r41_formal_full/011_p7_fragment_boundary_1_rr/p7_jtag_reassembled_output.bin,1,6e340b9cffb37a989ca544e6bb780a2c78901d3fb33738768511a30617afa01d
evidence/hardware/p7/authorized_sequence/p7_20260715_stationary_app_r41_formal_full/011_p7_fragment_boundary_1_rr/p7_preflight.stderr.log,0,e3b0c44298fc1c149afbf4c8996fb92427ae41e4649b934ca495991b7852b855
evidence/hardware/p7/authorized_sequence/p7_20260715_stationary_app_r41_formal_full/011_p7_fragment_boundary_1_rr/p7_preflight.stdout.log,9868,b40234c96bb61e9fbeadeaf6390130bc10e771832fd7f34f68a71c7a4c8533ca
evidence/hardware/p7/authorized_sequence/p7_20260715_stationary_app_r41_formal_full/011_p7_fragment_boundary_1_rr/p7_preflight_result.txt,512,b9c7b51d551d7f0a98f48b8493aed82542ccd9993966f478228e655b31ebbe84
evidence/hardware/p7/authorized_sequence/p7_20260715_stationary_app_r41_formal_full/011_p7_fragment_boundary_1_rr/p7_shutdown_after.stderr.log,0,e3b0c44298fc1c149afbf4c8996fb92427ae41e4649b934ca495991b7852b855
evidence/hardware/p7/authorized_sequence/p7_20260715_stationary_app_r41_formal_full/011_p7_fragment_boundary_1_rr/p7_shutdown_after.stdout.log,37945,753cf8b1c531bf087069509ad4df740b16c2ae4e644c412adac055317915c2f5
evidence/hardware/p7/authorized_sequence/p7_20260715_stationary_app_r41_formal_full/011_p7_fragment_boundary_1_rr/p7_shutdown_after_result.txt,500,37a86182117c4b35f100a63de7305a513e54199a0076078403a4b35022de63d5
evidence/hardware/p7/authorized_sequence/p7_20260715_stationary_app_r41_formal_full/011_p7_fragment_boundary_1_rr/p7_shutdown_before.stderr.log,0,e3b0c44298fc1c149afbf4c8996fb92427ae41e4649b934ca495991b7852b855
evidence/hardware/p7/authorized_sequence/p7_20260715_stationary_app_r41_formal_full/011_p7_fragment_boundary_1_rr/p7_shutdown_before.stdout.log,37945,6a3ad298d67c525791fef6b73d37c0d0f4dedd8588d8cb099df2674ae6e7b8e0
evidence/hardware/p7/authorized_sequence/p7_20260715_stationary_app_r41_formal_full/011_p7_fragment_boundary_1_rr/p7_shutdown_before_result.txt,500,37a86182117c4b35f100a63de7305a513e54199a0076078403a4b35022de63d5
evidence/hardware/p7/authorized_sequence/p7_20260715_stationary_app_r41_formal_full/012_p7_fragment_boundary_1_rep3/p7_jtag_axi_raw_result.txt,2420,7097ee48b508ac69792fc94bec341c485aefe08eb54371f6a7193d9d57a285a0
evidence/hardware/p7/authorized_sequence/p7_20260715_stationary_app_r41_formal_full/012_p7_fragment_boundary_1_rep3/p7_jtag_axi_stage.stderr.log,0,e3b0c44298fc1c149afbf4c8996fb92427ae41e4649b934ca495991b7852b855
evidence/hardware/p7/authorized_sequence/p7_20260715_stationary_app_r41_formal_full/012_p7_fragment_boundary_1_rep3/p7_jtag_axi_stage.stdout.log,41238,63dc8fd3e50c88225422098284b33501f5836b5b2da06d1314ce47f67e01d029
evidence/hardware/p7/authorized_sequence/p7_20260715_stationary_app_r41_formal_full/012_p7_fragment_boundary_1_rep3/p7_jtag_axi_stage_events.jsonl,1238,4c5768b67dc38c20983c364ef18c5f41146e9baeb60fb831590b801ece6d97aa
evidence/hardware/p7/authorized_sequence/p7_20260715_stationary_app_r41_formal_full/012_p7_fragment_boundary_1_rep3/p7_jtag_axi_stage_summary.json,82591,15e4ba586bd086549ffbe92a6f23d905ea984c7345df8618e6be4b357bf4790a
evidence/hardware/p7/authorized_sequence/p7_20260715_stationary_app_r41_formal_full/012_p7_fragment_boundary_1_rep3/p7_jtag_backend_parse_summary.json,4606,00a7e674483787ca8ccf00f6d587227986cda843845e0d21a472c6c91395b618
evidence/hardware/p7/authorized_sequence/p7_20260715_stationary_app_r41_formal_full/012_p7_fragment_boundary_1_rep3/p7_jtag_reassembled_output.bin,1,6e340b9cffb37a989ca544e6bb780a2c78901d3fb33738768511a30617afa01d
evidence/hardware/p7/authorized_sequence/p7_20260715_stationary_app_r41_formal_full/012_p7_fragment_boundary_1_rep3/p7_preflight.stderr.log,0,e3b0c44298fc1c149afbf4c8996fb92427ae41e4649b934ca495991b7852b855
evidence/hardware/p7/authorized_sequence/p7_20260715_stationary_app_r41_formal_full/012_p7_fragment_boundary_1_rep3/p7_preflight.stdout.log,9868,ccb65d1b2ad8f35b6b6e3e6b473c1ff8b2c1f561401eb04da9b2329543bd326d
evidence/hardware/p7/authorized_sequence/p7_20260715_stationary_app_r41_formal_full/012_p7_fragment_boundary_1_rep3/p7_preflight_result.txt,512,b9c7b51d551d7f0a98f48b8493aed82542ccd9993966f478228e655b31ebbe84
evidence/hardware/p7/authorized_sequence/p7_20260715_stationary_app_r41_formal_full/012_p7_fragment_boundary_1_rep3/p7_shutdown_after.stderr.log,0,e3b0c44298fc1c149afbf4c8996fb92427ae41e4649b934ca495991b7852b855
evidence/hardware/p7/authorized_sequence/p7_20260715_stationary_app_r41_formal_full/012_p7_fragment_boundary_1_rep3/p7_shutdown_after.stdout.log,37945,42c7e430f2ef3b74a5d4e285be41369de2089c73aa396eeb3a1d794bde8b1213
evidence/hardware/p7/authorized_sequence/p7_20260715_stationary_app_r41_formal_full/012_p7_fragment_boundary_1_rep3/p7_shutdown_after_result.txt,500,37a86182117c4b35f100a63de7305a513e54199a0076078403a4b35022de63d5
evidence/hardware/p7/authorized_sequence/p7_20260715_stationary_app_r41_formal_full/012_p7_fragment_boundary_1_rep3/p7_shutdown_before.stderr.log,0,e3b0c44298fc1c149afbf4c8996fb92427ae41e4649b934ca495991b7852b855
evidence/hardware/p7/authorized_sequence/p7_20260715_stationary_app_r41_formal_full/012_p7_fragment_boundary_1_rep3/p7_shutdown_before.stdout.log,37945,aeb76dbcf847925c70264b36ec3acfb4ecb91ca89c00cf395d36fdcd4443bca8
evidence/hardware/p7/authorized_sequence/p7_20260715_stationary_app_r41_formal_full/012_p7_fragment_boundary_1_rep3/p7_shutdown_before_result.txt,500,37a86182117c4b35f100a63de7305a513e54199a0076078403a4b35022de63d5
evidence/hardware/p7/authorized_sequence/p7_20260715_stationary_app_r41_formal_full/013_p7_fragment_boundary_30_l0/p7_jtag_axi_raw_result.txt,2782,bde4036c45bb194ebdbca6e714c41e63a730a92e61467373ad22823333eae775
evidence/hardware/p7/authorized_sequence/p7_20260715_stationary_app_r41_formal_full/013_p7_fragment_boundary_30_l0/p7_jtag_axi_stage.stderr.log,0,e3b0c44298fc1c149afbf4c8996fb92427ae41e4649b934ca495991b7852b855
evidence/hardware/p7/authorized_sequence/p7_20260715_stationary_app_r41_formal_full/013_p7_fragment_boundary_30_l0/p7_jtag_axi_stage.stdout.log,41414,dc1313ee63db0ae8ee82847a0c4d27d02fdf061d0efa764f082ab5324e02d5ad
evidence/hardware/p7/authorized_sequence/p7_20260715_stationary_app_r41_formal_full/013_p7_fragment_boundary_30_l0/p7_jtag_axi_stage_events.jsonl,1237,fbf03b7c8df878c6fb70660671752ae1cfffd5153bf0467fad876b2e6878e55c
evidence/hardware/p7/authorized_sequence/p7_20260715_stationary_app_r41_formal_full/013_p7_fragment_boundary_30_l0/p7_jtag_axi_stage_summary.json,83939,c98ac339b0d16b62a5bb9f41415d29f11432861e5c98cd6e2a31b3d885f05b4e
evidence/hardware/p7/authorized_sequence/p7_20260715_stationary_app_r41_formal_full/013_p7_fragment_boundary_30_l0/p7_jtag_backend_parse_summary.json,4656,5b26f4b0ccefd8f9e48eea87f870612da28752ed390368980be2c5e634706634
evidence/hardware/p7/authorized_sequence/p7_20260715_stationary_app_r41_formal_full/013_p7_fragment_boundary_30_l0/p7_jtag_reassembled_output.bin,30,f2192584b67da35dfc26f743e5f53bb0376046f899dc6dabd5e7b541ae86c32f
evidence/hardware/p7/authorized_sequence/p7_20260715_stationary_app_r41_formal_full/013_p7_fragment_boundary_30_l0/p7_preflight.stderr.log,0,e3b0c44298fc1c149afbf4c8996fb92427ae41e4649b934ca495991b7852b855
evidence/hardware/p7/authorized_sequence/p7_20260715_stationary_app_r41_formal_full/013_p7_fragment_boundary_30_l0/p7_preflight.stdout.log,9868,c6eb37f4fe6126e16148e344e10164c9f9b99b470a956973f5d033e7175f6b05
evidence/hardware/p7/authorized_sequence/p7_20260715_stationary_app_r41_formal_full/013_p7_fragment_boundary_30_l0/p7_preflight_result.txt,512,b9c7b51d551d7f0a98f48b8493aed82542ccd9993966f478228e655b31ebbe84
evidence/hardware/p7/authorized_sequence/p7_20260715_stationary_app_r41_formal_full/013_p7_fragment_boundary_30_l0/p7_shutdown_after.stderr.log,0,e3b0c44298fc1c149afbf4c8996fb92427ae41e4649b934ca495991b7852b855
evidence/hardware/p7/authorized_sequence/p7_20260715_stationary_app_r41_formal_full/013_p7_fragment_boundary_30_l0/p7_shutdown_after.stdout.log,37945,82bd3b2f74ec89a7bc9566382f2c7f15339b6dfe1b2689b7539dd96deae6070e
evidence/hardware/p7/authorized_sequence/p7_20260715_stationary_app_r41_formal_full/013_p7_fragment_boundary_30_l0/p7_shutdown_after_result.txt,500,37a86182117c4b35f100a63de7305a513e54199a0076078403a4b35022de63d5
evidence/hardware/p7/authorized_sequence/p7_20260715_stationary_app_r41_formal_full/013_p7_fragment_boundary_30_l0/p7_shutdown_before.stderr.log,0,e3b0c44298fc1c149afbf4c8996fb92427ae41e4649b934ca495991b7852b855
evidence/hardware/p7/authorized_sequence/p7_20260715_stationary_app_r41_formal_full/013_p7_fragment_boundary_30_l0/p7_shutdown_before.stdout.log,37945,8e3816082c140758fe40ef2f1ea546c4460dedcb8ca005f7663d6c2293cd7efc
evidence/hardware/p7/authorized_sequence/p7_20260715_stationary_app_r41_formal_full/013_p7_fragment_boundary_30_l0/p7_shutdown_before_result.txt,500,37a86182117c4b35f100a63de7305a513e54199a0076078403a4b35022de63d5
evidence/hardware/p7/authorized_sequence/p7_20260715_stationary_app_r41_formal_full/014_p7_fragment_boundary_30_l1/p7_jtag_axi_raw_result.txt,2782,fe6506d3547aa4271f1c4d96768ea16f58764cc8377f15b70ac3ac0d9726cf07
evidence/hardware/p7/authorized_sequence/p7_20260715_stationary_app_r41_formal_full/014_p7_fragment_boundary_30_l1/p7_jtag_axi_stage.stderr.log,0,e3b0c44298fc1c149afbf4c8996fb92427ae41e4649b934ca495991b7852b855
evidence/hardware/p7/authorized_sequence/p7_20260715_stationary_app_r41_formal_full/014_p7_fragment_boundary_30_l1/p7_jtag_axi_stage.stdout.log,41414,5fe1332733289f0126c5ed1334e67ed68681ca86912ea691d8e3c0e1470c40fb
evidence/hardware/p7/authorized_sequence/p7_20260715_stationary_app_r41_formal_full/014_p7_fragment_boundary_30_l1/p7_jtag_axi_stage_events.jsonl,1237,eedf1f34592a9ff31411188a26e54c306e4211c84f29d331c6f1ed549d8f72df
evidence/hardware/p7/authorized_sequence/p7_20260715_stationary_app_r41_formal_full/014_p7_fragment_boundary_30_l1/p7_jtag_axi_stage_summary.json,83875,1550e33d9c2884c54bd07573143977ff0f571508c26e66b58074e5788f6211f2
evidence/hardware/p7/authorized_sequence/p7_20260715_stationary_app_r41_formal_full/014_p7_fragment_boundary_30_l1/p7_jtag_backend_parse_summary.json,4657,d39bfa3ef4ff8a79193ecaa1e4035d27bc8e2ebdbb9f969959e8d43072fc9b5a
evidence/hardware/p7/authorized_sequence/p7_20260715_stationary_app_r41_formal_full/014_p7_fragment_boundary_30_l1/p7_jtag_reassembled_output.bin,30,f2192584b67da35dfc26f743e5f53bb0376046f899dc6dabd5e7b541ae86c32f
evidence/hardware/p7/authorized_sequence/p7_20260715_stationary_app_r41_formal_full/014_p7_fragment_boundary_30_l1/p7_preflight.stderr.log,0,e3b0c44298fc1c149afbf4c8996fb92427ae41e4649b934ca495991b7852b855
evidence/hardware/p7/authorized_sequence/p7_20260715_stationary_app_r41_formal_full/014_p7_fragment_boundary_30_l1/p7_preflight.stdout.log,9868,0b1d0612e27c1b8389dde06ea90731245b760584f27f3519ce4e9560dba28da6
evidence/hardware/p7/authorized_sequence/p7_20260715_stationary_app_r41_formal_full/014_p7_fragment_boundary_30_l1/p7_preflight_result.txt,512,b9c7b51d551d7f0a98f48b8493aed82542ccd9993966f478228e655b31ebbe84
evidence/hardware/p7/authorized_sequence/p7_20260715_stationary_app_r41_formal_full/014_p7_fragment_boundary_30_l1/p7_shutdown_after.stderr.log,0,e3b0c44298fc1c149afbf4c8996fb92427ae41e4649b934ca495991b7852b855
evidence/hardware/p7/authorized_sequence/p7_20260715_stationary_app_r41_formal_full/014_p7_fragment_boundary_30_l1/p7_shutdown_after.stdout.log,37945,47153a332f704823d75f0e23a770e660a59d35613309cf0853974a56551c0b12
evidence/hardware/p7/authorized_sequence/p7_20260715_stationary_app_r41_formal_full/014_p7_fragment_boundary_30_l1/p7_shutdown_after_result.txt,500,37a86182117c4b35f100a63de7305a513e54199a0076078403a4b35022de63d5
evidence/hardware/p7/authorized_sequence/p7_20260715_stationary_app_r41_formal_full/014_p7_fragment_boundary_30_l1/p7_shutdown_before.stderr.log,0,e3b0c44298fc1c149afbf4c8996fb92427ae41e4649b934ca495991b7852b855
evidence/hardware/p7/authorized_sequence/p7_20260715_stationary_app_r41_formal_full/014_p7_fragment_boundary_30_l1/p7_shutdown_before.stdout.log,37945,5b5f6d963f1b2b8e6385139769ed50b1c66f65e1ae996a23106d1354a5eba50d
evidence/hardware/p7/authorized_sequence/p7_20260715_stationary_app_r41_formal_full/014_p7_fragment_boundary_30_l1/p7_shutdown_before_result.txt,500,37a86182117c4b35f100a63de7305a513e54199a0076078403a4b35022de63d5
evidence/hardware/p7/authorized_sequence/p7_20260715_stationary_app_r41_formal_full/015_p7_fragment_boundary_30_rr/p7_jtag_axi_raw_result.txt,2790,3a58cf7c8e76022a2498737b088fdb367f73ce43e5b059748aa5903b8af08108
evidence/hardware/p7/authorized_sequence/p7_20260715_stationary_app_r41_formal_full/015_p7_fragment_boundary_30_rr/p7_jtag_axi_stage.stderr.log,0,e3b0c44298fc1c149afbf4c8996fb92427ae41e4649b934ca495991b7852b855
evidence/hardware/p7/authorized_sequence/p7_20260715_stationary_app_r41_formal_full/015_p7_fragment_boundary_30_rr/p7_jtag_axi_stage.stdout.log,41414,bd1be38a1be0910d86d1c2587c54e0ada1b0af0d8075e3a48e108167cc5ba149
evidence/hardware/p7/authorized_sequence/p7_20260715_stationary_app_r41_formal_full/015_p7_fragment_boundary_30_rr/p7_jtag_axi_stage_events.jsonl,1237,605c2adb2af441dfcbbe0bd8a586dc0e1cefef9d3e25201fe05d7e8f0ec675bb
evidence/hardware/p7/authorized_sequence/p7_20260715_stationary_app_r41_formal_full/015_p7_fragment_boundary_30_rr/p7_jtag_axi_stage_summary.json,83900,21d2796074c7fda35b8c2765e6770b9469515132e190daba796b6982385bb4e5
evidence/hardware/p7/authorized_sequence/p7_20260715_stationary_app_r41_formal_full/015_p7_fragment_boundary_30_rr/p7_jtag_backend_parse_summary.json,4665,0ef3228e5da6a1a9a82284bb70988c1ef9012873fb1df6c00b112cd00d33d900
evidence/hardware/p7/authorized_sequence/p7_20260715_stationary_app_r41_formal_full/015_p7_fragment_boundary_30_rr/p7_jtag_reassembled_output.bin,30,f2192584b67da35dfc26f743e5f53bb0376046f899dc6dabd5e7b541ae86c32f
evidence/hardware/p7/authorized_sequence/p7_20260715_stationary_app_r41_formal_full/015_p7_fragment_boundary_30_rr/p7_preflight.stderr.log,0,e3b0c44298fc1c149afbf4c8996fb92427ae41e4649b934ca495991b7852b855
evidence/hardware/p7/authorized_sequence/p7_20260715_stationary_app_r41_formal_full/015_p7_fragment_boundary_30_rr/p7_preflight.stdout.log,9868,e397b24c519bacc42f599ff51bca4a02b92792c61f7a5a20d30ffad957f5bcaa
evidence/hardware/p7/authorized_sequence/p7_20260715_stationary_app_r41_formal_full/015_p7_fragment_boundary_30_rr/p7_preflight_result.txt,512,b9c7b51d551d7f0a98f48b8493aed82542ccd9993966f478228e655b31ebbe84
evidence/hardware/p7/authorized_sequence/p7_20260715_stationary_app_r41_formal_full/015_p7_fragment_boundary_30_rr/p7_shutdown_after.stderr.log,0,e3b0c44298fc1c149afbf4c8996fb92427ae41e4649b934ca495991b7852b855
evidence/hardware/p7/authorized_sequence/p7_20260715_stationary_app_r41_formal_full/015_p7_fragment_boundary_30_rr/p7_shutdown_after.stdout.log,37945,47988c9499aec9b45ce78048fe5765313d87006d41cb9f68ad73f31daffcd052
evidence/hardware/p7/authorized_sequence/p7_20260715_stationary_app_r41_formal_full/015_p7_fragment_boundary_30_rr/p7_shutdown_after_result.txt,500,37a86182117c4b35f100a63de7305a513e54199a0076078403a4b35022de63d5
evidence/hardware/p7/authorized_sequence/p7_20260715_stationary_app_r41_formal_full/015_p7_fragment_boundary_30_rr/p7_shutdown_before.stderr.log,0,e3b0c44298fc1c149afbf4c8996fb92427ae41e4649b934ca495991b7852b855
evidence/hardware/p7/authorized_sequence/p7_20260715_stationary_app_r41_formal_full/015_p7_fragment_boundary_30_rr/p7_shutdown_before.stdout.log,37945,23e5e63fd06efb1c5468359d041ab47f054ee55789c531b0288c29836b7ec0ef
evidence/hardware/p7/authorized_sequence/p7_20260715_stationary_app_r41_formal_full/015_p7_fragment_boundary_30_rr/p7_shutdown_before_result.txt,500,37a86182117c4b35f100a63de7305a513e54199a0076078403a4b35022de63d5
evidence/hardware/p7/authorized_sequence/p7_20260715_stationary_app_r41_formal_full/016_p7_fragment_boundary_30_rep3/p7_jtag_axi_raw_result.txt,2785,b1ac2cf3d1eb7fb38efc6022ac0afbea1b2ecc5524830ec6d3c26bf279dd208b
evidence/hardware/p7/authorized_sequence/p7_20260715_stationary_app_r41_formal_full/016_p7_fragment_boundary_30_rep3/p7_jtag_axi_stage.stderr.log,0,e3b0c44298fc1c149afbf4c8996fb92427ae41e4649b934ca495991b7852b855
evidence/hardware/p7/authorized_sequence/p7_20260715_stationary_app_r41_formal_full/016_p7_fragment_boundary_30_rep3/p7_jtag_axi_stage.stdout.log,41414,cde83b4b679f6776d7f29836587346438a3ad8a339512fa57cca73f301fcab06
evidence/hardware/p7/authorized_sequence/p7_20260715_stationary_app_r41_formal_full/016_p7_fragment_boundary_30_rep3/p7_jtag_axi_stage_events.jsonl,1239,dd0a6ddb76a0511bf96fb879de0c76089ccca9fd6d944aff25e80517c8a1ed3d
evidence/hardware/p7/authorized_sequence/p7_20260715_stationary_app_r41_formal_full/016_p7_fragment_boundary_30_rep3/p7_jtag_axi_stage_summary.json,84704,38f53bea3eb636090cb51b0c1d8b5d8a9d8edf574c295d917715d6032deb8e9c
evidence/hardware/p7/authorized_sequence/p7_20260715_stationary_app_r41_formal_full/016_p7_fragment_boundary_30_rep3/p7_jtag_backend_parse_summary.json,4667,ab2f96e94de6fcf7c7c5132f9725be3ac97f8457aa70d812d9bbb9f43889864a
evidence/hardware/p7/authorized_sequence/p7_20260715_stationary_app_r41_formal_full/016_p7_fragment_boundary_30_rep3/p7_jtag_reassembled_output.bin,30,f2192584b67da35dfc26f743e5f53bb0376046f899dc6dabd5e7b541ae86c32f
evidence/hardware/p7/authorized_sequence/p7_20260715_stationary_app_r41_formal_full/016_p7_fragment_boundary_30_rep3/p7_preflight.stderr.log,0,e3b0c44298fc1c149afbf4c8996fb92427ae41e4649b934ca495991b7852b855
evidence/hardware/p7/authorized_sequence/p7_20260715_stationary_app_r41_formal_full/016_p7_fragment_boundary_30_rep3/p7_preflight.stdout.log,9868,09a5a468b6694ac919352891aeabcd76b40db7a5534ffeb78fca63243c946caf
evidence/hardware/p7/authorized_sequence/p7_20260715_stationary_app_r41_formal_full/016_p7_fragment_boundary_30_rep3/p7_preflight_result.txt,512,b9c7b51d551d7f0a98f48b8493aed82542ccd9993966f478228e655b31ebbe84
evidence/hardware/p7/authorized_sequence/p7_20260715_stationary_app_r41_formal_full/016_p7_fragment_boundary_30_rep3/p7_shutdown_after.stderr.log,0,e3b0c44298fc1c149afbf4c8996fb92427ae41e4649b934ca495991b7852b855
evidence/hardware/p7/authorized_sequence/p7_20260715_stationary_app_r41_formal_full/016_p7_fragment_boundary_30_rep3/p7_shutdown_after.stdout.log,37945,ce2ae82047083f48281666ab2dae381861e14233302c35d0dcb86015e96588f8
evidence/hardware/p7/authorized_sequence/p7_20260715_stationary_app_r41_formal_full/016_p7_fragment_boundary_30_rep3/p7_shutdown_after_result.txt,500,37a86182117c4b35f100a63de7305a513e54199a0076078403a4b35022de63d5
evidence/hardware/p7/authorized_sequence/p7_20260715_stationary_app_r41_formal_full/016_p7_fragment_boundary_30_rep3/p7_shutdown_before.stderr.log,0,e3b0c44298fc1c149afbf4c8996fb92427ae41e4649b934ca495991b7852b855
evidence/hardware/p7/authorized_sequence/p7_20260715_stationary_app_r41_formal_full/016_p7_fragment_boundary_30_rep3/p7_shutdown_before.stdout.log,37945,1473e1f0de6ce07d3665d5e81d4c78a63477bd19881f8f32441e5ee5ac99e778
evidence/hardware/p7/authorized_sequence/p7_20260715_stationary_app_r41_formal_full/016_p7_fragment_boundary_30_rep3/p7_shutdown_before_result.txt,500,37a86182117c4b35f100a63de7305a513e54199a0076078403a4b35022de63d5
evidence/hardware/p7/authorized_sequence/p7_20260715_stationary_app_r41_formal_full/017_p7_fragment_boundary_214_l0/p7_jtag_axi_raw_result.txt,5174,0cee402cb49add7cab915d7ea3e29c03e12274e00521a3acfab541d5a5f80287
evidence/hardware/p7/authorized_sequence/p7_20260715_stationary_app_r41_formal_full/017_p7_fragment_boundary_214_l0/p7_jtag_axi_stage.stderr.log,0,e3b0c44298fc1c149afbf4c8996fb92427ae41e4649b934ca495991b7852b855
evidence/hardware/p7/authorized_sequence/p7_20260715_stationary_app_r41_formal_full/017_p7_fragment_boundary_214_l0/p7_jtag_axi_stage.stdout.log,42564,13ff8bf84fd5e80fc3f89e938e23b22e72545e9bfd8ab544db68daeffb280177
evidence/hardware/p7/authorized_sequence/p7_20260715_stationary_app_r41_formal_full/017_p7_fragment_boundary_214_l0/p7_jtag_axi_stage_events.jsonl,1238,a02fe68e6033d35aa7ab020fc0934f0733cebe838b8c583b8dd9b7742432c15b
evidence/hardware/p7/authorized_sequence/p7_20260715_stationary_app_r41_formal_full/017_p7_fragment_boundary_214_l0/p7_jtag_axi_stage_summary.json,92795,0a3c73f83eb97ca68e70f78832a246e12698457bce7b3dd726ed6734946a8c28
evidence/hardware/p7/authorized_sequence/p7_20260715_stationary_app_r41_formal_full/017_p7_fragment_boundary_214_l0/p7_jtag_backend_parse_summary.json,5036,6a785424ece54e96db7e907fca524a9a7b7b55fb2380ec2065f1537d2c7bd9ea
evidence/hardware/p7/authorized_sequence/p7_20260715_stationary_app_r41_formal_full/017_p7_fragment_boundary_214_l0/p7_jtag_reassembled_output.bin,214,dedff2184de121c60ec94c4cb94a0450cac47257c56afa8f2e11c5f64d3dd661
evidence/hardware/p7/authorized_sequence/p7_20260715_stationary_app_r41_formal_full/017_p7_fragment_boundary_214_l0/p7_preflight.stderr.log,0,e3b0c44298fc1c149afbf4c8996fb92427ae41e4649b934ca495991b7852b855
evidence/hardware/p7/authorized_sequence/p7_20260715_stationary_app_r41_formal_full/017_p7_fragment_boundary_214_l0/p7_preflight.stdout.log,9868,bca5bfd5e15e3a6c4b98ccb5a25c41097c77325b0b6a3202f2113fa0f6e7a0c5
evidence/hardware/p7/authorized_sequence/p7_20260715_stationary_app_r41_formal_full/017_p7_fragment_boundary_214_l0/p7_preflight_result.txt,512,b9c7b51d551d7f0a98f48b8493aed82542ccd9993966f478228e655b31ebbe84
evidence/hardware/p7/authorized_sequence/p7_20260715_stationary_app_r41_formal_full/017_p7_fragment_boundary_214_l0/p7_shutdown_after.stderr.log,0,e3b0c44298fc1c149afbf4c8996fb92427ae41e4649b934ca495991b7852b855
evidence/hardware/p7/authorized_sequence/p7_20260715_stationary_app_r41_formal_full/017_p7_fragment_boundary_214_l0/p7_shutdown_after.stdout.log,37945,b098a83c99a71a15f43352c9e12e10346ca51e341765d8f50439ef7905798d2c
evidence/hardware/p7/authorized_sequence/p7_20260715_stationary_app_r41_formal_full/017_p7_fragment_boundary_214_l0/p7_shutdown_after_result.txt,500,37a86182117c4b35f100a63de7305a513e54199a0076078403a4b35022de63d5
evidence/hardware/p7/authorized_sequence/p7_20260715_stationary_app_r41_formal_full/017_p7_fragment_boundary_214_l0/p7_shutdown_before.stderr.log,0,e3b0c44298fc1c149afbf4c8996fb92427ae41e4649b934ca495991b7852b855
evidence/hardware/p7/authorized_sequence/p7_20260715_stationary_app_r41_formal_full/017_p7_fragment_boundary_214_l0/p7_shutdown_before.stdout.log,37945,2dcf5b55580864dcca47cd212ed820932765dadcbb8dfec694f863a9a29a0e0b
evidence/hardware/p7/authorized_sequence/p7_20260715_stationary_app_r41_formal_full/017_p7_fragment_boundary_214_l0/p7_shutdown_before_result.txt,500,37a86182117c4b35f100a63de7305a513e54199a0076078403a4b35022de63d5
evidence/hardware/p7/authorized_sequence/p7_20260715_stationary_app_r41_formal_full/018_p7_fragment_boundary_214_l1/p7_jtag_axi_raw_result.txt,5174,9d80b25a9f0eef7379fcf99b578d25e3833449f17c3ab1bdf69263588446507c
evidence/hardware/p7/authorized_sequence/p7_20260715_stationary_app_r41_formal_full/018_p7_fragment_boundary_214_l1/p7_jtag_axi_stage.stderr.log,0,e3b0c44298fc1c149afbf4c8996fb92427ae41e4649b934ca495991b7852b855
evidence/hardware/p7/authorized_sequence/p7_20260715_stationary_app_r41_formal_full/018_p7_fragment_boundary_214_l1/p7_jtag_axi_stage.stdout.log,42564,8004dfe9144030a663fb179b92d7aad0d5ac40fe3cc09190acc7cb4a55fc07b1
evidence/hardware/p7/authorized_sequence/p7_20260715_stationary_app_r41_formal_full/018_p7_fragment_boundary_214_l1/p7_jtag_axi_stage_events.jsonl,1238,eedca33c8d65d4e0fa737bf97420cb35da92bcb21363653040c8ee2d901780c9
evidence/hardware/p7/authorized_sequence/p7_20260715_stationary_app_r41_formal_full/018_p7_fragment_boundary_214_l1/p7_jtag_axi_stage_summary.json,92968,c7e86aba17b92e9a6717ad0d76e1b5e97c1c575f3166c3152df23a8096393af1
evidence/hardware/p7/authorized_sequence/p7_20260715_stationary_app_r41_formal_full/018_p7_fragment_boundary_214_l1/p7_jtag_backend_parse_summary.json,5036,855a941490c8081f0bce79b4496a81a1268926696c0dee6af49d1a68d2673c71
evidence/hardware/p7/authorized_sequence/p7_20260715_stationary_app_r41_formal_full/018_p7_fragment_boundary_214_l1/p7_jtag_reassembled_output.bin,214,dedff2184de121c60ec94c4cb94a0450cac47257c56afa8f2e11c5f64d3dd661
evidence/hardware/p7/authorized_sequence/p7_20260715_stationary_app_r41_formal_full/018_p7_fragment_boundary_214_l1/p7_preflight.stderr.log,0,e3b0c44298fc1c149afbf4c8996fb92427ae41e4649b934ca495991b7852b855
evidence/hardware/p7/authorized_sequence/p7_20260715_stationary_app_r41_formal_full/018_p7_fragment_boundary_214_l1/p7_preflight.stdout.log,9868,f6fbfe8a0029e10ae52fefdd9be046b878d2f8d537491b2a899041d07f914196
evidence/hardware/p7/authorized_sequence/p7_20260715_stationary_app_r41_formal_full/018_p7_fragment_boundary_214_l1/p7_preflight_result.txt,512,b9c7b51d551d7f0a98f48b8493aed82542ccd9993966f478228e655b31ebbe84
evidence/hardware/p7/authorized_sequence/p7_20260715_stationary_app_r41_formal_full/018_p7_fragment_boundary_214_l1/p7_shutdown_after.stderr.log,0,e3b0c44298fc1c149afbf4c8996fb92427ae41e4649b934ca495991b7852b855
evidence/hardware/p7/authorized_sequence/p7_20260715_stationary_app_r41_formal_full/018_p7_fragment_boundary_214_l1/p7_shutdown_after.stdout.log,37945,4aadd28cabe909ddb1c7bb461706cbe165eda5faee0963c6acb5d057a2f42a26
evidence/hardware/p7/authorized_sequence/p7_20260715_stationary_app_r41_formal_full/018_p7_fragment_boundary_214_l1/p7_shutdown_after_result.txt,500,37a86182117c4b35f100a63de7305a513e54199a0076078403a4b35022de63d5
evidence/hardware/p7/authorized_sequence/p7_20260715_stationary_app_r41_formal_full/018_p7_fragment_boundary_214_l1/p7_shutdown_before.stderr.log,0,e3b0c44298fc1c149afbf4c8996fb92427ae41e4649b934ca495991b7852b855
evidence/hardware/p7/authorized_sequence/p7_20260715_stationary_app_r41_formal_full/018_p7_fragment_boundary_214_l1/p7_shutdown_before.stdout.log,37945,b401c429525e6a6d966d7b4fe01f060d47d8fa3a19ae339bdcda50af5c4b7e7b
evidence/hardware/p7/authorized_sequence/p7_20260715_stationary_app_r41_formal_full/018_p7_fragment_boundary_214_l1/p7_shutdown_before_result.txt,500,37a86182117c4b35f100a63de7305a513e54199a0076078403a4b35022de63d5
evidence/hardware/p7/authorized_sequence/p7_20260715_stationary_app_r41_formal_full/019_p7_fragment_boundary_214_rr/p7_jtag_axi_raw_result.txt,5182,41afbc80152c49fc04800388318ce8c5c282c64565acde307ee1aff062b3e287
evidence/hardware/p7/authorized_sequence/p7_20260715_stationary_app_r41_formal_full/019_p7_fragment_boundary_214_rr/p7_jtag_axi_stage.stderr.log,0,e3b0c44298fc1c149afbf4c8996fb92427ae41e4649b934ca495991b7852b855
evidence/hardware/p7/authorized_sequence/p7_20260715_stationary_app_r41_formal_full/019_p7_fragment_boundary_214_rr/p7_jtag_axi_stage.stdout.log,42564,75d9aac803896aa67bf54a2cf219cd6ceca1e57db6d66d951b7dfab1d39ef1c6
evidence/hardware/p7/authorized_sequence/p7_20260715_stationary_app_r41_formal_full/019_p7_fragment_boundary_214_rr/p7_jtag_axi_stage_events.jsonl,1238,491430d13413bbd767ad4642306243d3e5e218070fe99df385c0cae25a1dcf73
evidence/hardware/p7/authorized_sequence/p7_20260715_stationary_app_r41_formal_full/019_p7_fragment_boundary_214_rr/p7_jtag_axi_stage_summary.json,93000,0e3b0483733743d1000bac8537de7f6d9ed9e1a4cbf5e386c22427c79281dacf
evidence/hardware/p7/authorized_sequence/p7_20260715_stationary_app_r41_formal_full/019_p7_fragment_boundary_214_rr/p7_jtag_backend_parse_summary.json,5044,bddbccd0d30b2624faa4a7408ae9e787ceb4058dcd995a69834800838edd4f4a
evidence/hardware/p7/authorized_sequence/p7_20260715_stationary_app_r41_formal_full/019_p7_fragment_boundary_214_rr/p7_jtag_reassembled_output.bin,214,dedff2184de121c60ec94c4cb94a0450cac47257c56afa8f2e11c5f64d3dd661
evidence/hardware/p7/authorized_sequence/p7_20260715_stationary_app_r41_formal_full/019_p7_fragment_boundary_214_rr/p7_preflight.stderr.log,0,e3b0c44298fc1c149afbf4c8996fb92427ae41e4649b934ca495991b7852b855
evidence/hardware/p7/authorized_sequence/p7_20260715_stationary_app_r41_formal_full/019_p7_fragment_boundary_214_rr/p7_preflight.stdout.log,9868,f88a7da643d57ac1d1c01bfb7a5796959824471bad26065143e3ec80b2e7e4d4
evidence/hardware/p7/authorized_sequence/p7_20260715_stationary_app_r41_formal_full/019_p7_fragment_boundary_214_rr/p7_preflight_result.txt,512,b9c7b51d551d7f0a98f48b8493aed82542ccd9993966f478228e655b31ebbe84
evidence/hardware/p7/authorized_sequence/p7_20260715_stationary_app_r41_formal_full/019_p7_fragment_boundary_214_rr/p7_shutdown_after.stderr.log,0,e3b0c44298fc1c149afbf4c8996fb92427ae41e4649b934ca495991b7852b855
evidence/hardware/p7/authorized_sequence/p7_20260715_stationary_app_r41_formal_full/019_p7_fragment_boundary_214_rr/p7_shutdown_after.stdout.log,37945,9db196600e188cc27b6fea8ab4017a1779688f51b9be60c7c28a797393f067ab
evidence/hardware/p7/authorized_sequence/p7_20260715_stationary_app_r41_formal_full/019_p7_fragment_boundary_214_rr/p7_shutdown_after_result.txt,500,37a86182117c4b35f100a63de7305a513e54199a0076078403a4b35022de63d5
evidence/hardware/p7/authorized_sequence/p7_20260715_stationary_app_r41_formal_full/019_p7_fragment_boundary_214_rr/p7_shutdown_before.stderr.log,0,e3b0c44298fc1c149afbf4c8996fb92427ae41e4649b934ca495991b7852b855
evidence/hardware/p7/authorized_sequence/p7_20260715_stationary_app_r41_formal_full/019_p7_fragment_boundary_214_rr/p7_shutdown_before.stdout.log,37945,6f37024728a6b75d47dd4f2471d88fbad78d35de6fd629f8c780dcdae6ecbb90
evidence/hardware/p7/authorized_sequence/p7_20260715_stationary_app_r41_formal_full/019_p7_fragment_boundary_214_rr/p7_shutdown_before_result.txt,500,37a86182117c4b35f100a63de7305a513e54199a0076078403a4b35022de63d5
evidence/hardware/p7/authorized_sequence/p7_20260715_stationary_app_r41_formal_full/020_p7_fragment_boundary_214_rep3/p7_jtag_axi_raw_result.txt,5177,2c3ae76877be8b20ff9e3129cfc28238da6cefa0b12f15447079b5f7b8ecb6e3
evidence/hardware/p7/authorized_sequence/p7_20260715_stationary_app_r41_formal_full/020_p7_fragment_boundary_214_rep3/p7_jtag_axi_stage.stderr.log,0,e3b0c44298fc1c149afbf4c8996fb92427ae41e4649b934ca495991b7852b855
evidence/hardware/p7/authorized_sequence/p7_20260715_stationary_app_r41_formal_full/020_p7_fragment_boundary_214_rep3/p7_jtag_axi_stage.stdout.log,42564,e23720b9e42f556ba05b2205bf441d9b0ab5c1ddf205a7322ff9679de87b8885
evidence/hardware/p7/authorized_sequence/p7_20260715_stationary_app_r41_formal_full/020_p7_fragment_boundary_214_rep3/p7_jtag_axi_stage_events.jsonl,1240,847e44b8aae0e69f5dacc99e574d5619f3ef89b883a0b56402f9d048dd5cb66b
evidence/hardware/p7/authorized_sequence/p7_20260715_stationary_app_r41_formal_full/020_p7_fragment_boundary_214_rep3/p7_jtag_axi_stage_summary.json,93776,c25dcb7bcd7eb43085c424bae37b153e590012db86867c85e18a6e3c3e1b2d86
evidence/hardware/p7/authorized_sequence/p7_20260715_stationary_app_r41_formal_full/020_p7_fragment_boundary_214_rep3/p7_jtag_backend_parse_summary.json,5044,3af99d464108c76d962f8f57da9be073b49953a85c254cbd9af09c58b2fd4fd9
evidence/hardware/p7/authorized_sequence/p7_20260715_stationary_app_r41_formal_full/020_p7_fragment_boundary_214_rep3/p7_jtag_reassembled_output.bin,214,dedff2184de121c60ec94c4cb94a0450cac47257c56afa8f2e11c5f64d3dd661
evidence/hardware/p7/authorized_sequence/p7_20260715_stationary_app_r41_formal_full/020_p7_fragment_boundary_214_rep3/p7_preflight.stderr.log,0,e3b0c44298fc1c149afbf4c8996fb92427ae41e4649b934ca495991b7852b855
evidence/hardware/p7/authorized_sequence/p7_20260715_stationary_app_r41_formal_full/020_p7_fragment_boundary_214_rep3/p7_preflight.stdout.log,9868,0ee540bd805ecd8c723c0341a62736d06fa49afe4a91244a1b270ed2b82f43b0
evidence/hardware/p7/authorized_sequence/p7_20260715_stationary_app_r41_formal_full/020_p7_fragment_boundary_214_rep3/p7_preflight_result.txt,512,b9c7b51d551d7f0a98f48b8493aed82542ccd9993966f478228e655b31ebbe84
evidence/hardware/p7/authorized_sequence/p7_20260715_stationary_app_r41_formal_full/020_p7_fragment_boundary_214_rep3/p7_shutdown_after.stderr.log,0,e3b0c44298fc1c149afbf4c8996fb92427ae41e4649b934ca495991b7852b855
evidence/hardware/p7/authorized_sequence/p7_20260715_stationary_app_r41_formal_full/020_p7_fragment_boundary_214_rep3/p7_shutdown_after.stdout.log,37945,62b2621efbd66be4d9d959bc1024ec837302f5cd0d139a1e7a3e70b7e4d9e8c0
evidence/hardware/p7/authorized_sequence/p7_20260715_stationary_app_r41_formal_full/020_p7_fragment_boundary_214_rep3/p7_shutdown_after_result.txt,500,37a86182117c4b35f100a63de7305a513e54199a0076078403a4b35022de63d5
evidence/hardware/p7/authorized_sequence/p7_20260715_stationary_app_r41_formal_full/020_p7_fragment_boundary_214_rep3/p7_shutdown_before.stderr.log,0,e3b0c44298fc1c149afbf4c8996fb92427ae41e4649b934ca495991b7852b855
evidence/hardware/p7/authorized_sequence/p7_20260715_stationary_app_r41_formal_full/020_p7_fragment_boundary_214_rep3/p7_shutdown_before.stdout.log,37945,7616aae797e9782a2deb54754508c4bf2eee837ccc9013fe90615e526ca0ab35
evidence/hardware/p7/authorized_sequence/p7_20260715_stationary_app_r41_formal_full/020_p7_fragment_boundary_214_rep3/p7_shutdown_before_result.txt,500,37a86182117c4b35f100a63de7305a513e54199a0076078403a4b35022de63d5
evidence/hardware/p7/authorized_sequence/p7_20260715_stationary_app_r41_formal_full/021_p7_fragment_boundary_215_l0/p7_jtag_axi_raw_result.txt,5174,85c6e566c87d8fc5e274a72b8eab59d1dd4cc02d2544f6e58beffbf40b42e4e4
evidence/hardware/p7/authorized_sequence/p7_20260715_stationary_app_r41_formal_full/021_p7_fragment_boundary_215_l0/p7_jtag_axi_stage.stderr.log,0,e3b0c44298fc1c149afbf4c8996fb92427ae41e4649b934ca495991b7852b855
evidence/hardware/p7/authorized_sequence/p7_20260715_stationary_app_r41_formal_full/021_p7_fragment_boundary_215_l0/p7_jtag_axi_stage.stdout.log,42564,6112c6497491a1ff2b971b5c7e7f8c49cd13028b5f6c62bb8359a43d623554ad
evidence/hardware/p7/authorized_sequence/p7_20260715_stationary_app_r41_formal_full/021_p7_fragment_boundary_215_l0/p7_jtag_axi_stage_events.jsonl,1238,e6c3e608be5e147dc270140a689cf83f55679c0d2dd1a9d932aefa0dba29ccba
evidence/hardware/p7/authorized_sequence/p7_20260715_stationary_app_r41_formal_full/021_p7_fragment_boundary_215_l0/p7_jtag_axi_stage_summary.json,92598,9b61e65351a87244b9355c92f41ca658a1b786db51fc4933fb28b680b0b3167f
evidence/hardware/p7/authorized_sequence/p7_20260715_stationary_app_r41_formal_full/021_p7_fragment_boundary_215_l0/p7_jtag_backend_parse_summary.json,5038,25028774be6891a304dfa89f4252775d23b3fb67510cfff0ea0aa5ccfc431b37
evidence/hardware/p7/authorized_sequence/p7_20260715_stationary_app_r41_formal_full/021_p7_fragment_boundary_215_l0/p7_jtag_reassembled_output.bin,215,1d64137df721078b35bdc1a3595a73cebcbe49865fb308c78791540d1d349cd7
evidence/hardware/p7/authorized_sequence/p7_20260715_stationary_app_r41_formal_full/021_p7_fragment_boundary_215_l0/p7_preflight.stderr.log,0,e3b0c44298fc1c149afbf4c8996fb92427ae41e4649b934ca495991b7852b855
evidence/hardware/p7/authorized_sequence/p7_20260715_stationary_app_r41_formal_full/021_p7_fragment_boundary_215_l0/p7_preflight.stdout.log,9868,269b9c517150bfd4820e9a6b49bae8320df507dec15a6618250eea835b605c62
evidence/hardware/p7/authorized_sequence/p7_20260715_stationary_app_r41_formal_full/021_p7_fragment_boundary_215_l0/p7_preflight_result.txt,512,b9c7b51d551d7f0a98f48b8493aed82542ccd9993966f478228e655b31ebbe84
evidence/hardware/p7/authorized_sequence/p7_20260715_stationary_app_r41_formal_full/021_p7_fragment_boundary_215_l0/p7_shutdown_after.stderr.log,0,e3b0c44298fc1c149afbf4c8996fb92427ae41e4649b934ca495991b7852b855
evidence/hardware/p7/authorized_sequence/p7_20260715_stationary_app_r41_formal_full/021_p7_fragment_boundary_215_l0/p7_shutdown_after.stdout.log,37945,0aa8f364cf20b9d4d14525a322f4a12dda33664f2d788c0ef8039b283604f361
evidence/hardware/p7/authorized_sequence/p7_20260715_stationary_app_r41_formal_full/021_p7_fragment_boundary_215_l0/p7_shutdown_after_result.txt,500,37a86182117c4b35f100a63de7305a513e54199a0076078403a4b35022de63d5
evidence/hardware/p7/authorized_sequence/p7_20260715_stationary_app_r41_formal_full/021_p7_fragment_boundary_215_l0/p7_shutdown_before.stderr.log,0,e3b0c44298fc1c149afbf4c8996fb92427ae41e4649b934ca495991b7852b855
evidence/hardware/p7/authorized_sequence/p7_20260715_stationary_app_r41_formal_full/021_p7_fragment_boundary_215_l0/p7_shutdown_before.stdout.log,37945,74023daa81ce7ccf63e6f2489c5f8b14379d63696ea9c3c93589b4053d074a5e
evidence/hardware/p7/authorized_sequence/p7_20260715_stationary_app_r41_formal_full/021_p7_fragment_boundary_215_l0/p7_shutdown_before_result.txt,500,37a86182117c4b35f100a63de7305a513e54199a0076078403a4b35022de63d5
evidence/hardware/p7/authorized_sequence/p7_20260715_stationary_app_r41_formal_full/022_p7_fragment_boundary_215_l1/p7_jtag_axi_raw_result.txt,5174,c3658cbd6d8224dee0def79ad824bac6c0cfcb997768fa2058e5d789e1bddacf
evidence/hardware/p7/authorized_sequence/p7_20260715_stationary_app_r41_formal_full/022_p7_fragment_boundary_215_l1/p7_jtag_axi_stage.stderr.log,0,e3b0c44298fc1c149afbf4c8996fb92427ae41e4649b934ca495991b7852b855
evidence/hardware/p7/authorized_sequence/p7_20260715_stationary_app_r41_formal_full/022_p7_fragment_boundary_215_l1/p7_jtag_axi_stage.stdout.log,42564,bd230d2d037588553279bfcd9c526448d004b28cf3adf0e39476760cacbe74cf
evidence/hardware/p7/authorized_sequence/p7_20260715_stationary_app_r41_formal_full/022_p7_fragment_boundary_215_l1/p7_jtag_axi_stage_events.jsonl,1238,65199a5ef0fe9d6705e725d7d0974cadd933e0c4054cffb0ef8cd5cd5e726b74
evidence/hardware/p7/authorized_sequence/p7_20260715_stationary_app_r41_formal_full/022_p7_fragment_boundary_215_l1/p7_jtag_axi_stage_summary.json,92807,11665a6b450116202cbc7a4e9e1c50cb491c2270de3744267c310a5cd06fbfbc
evidence/hardware/p7/authorized_sequence/p7_20260715_stationary_app_r41_formal_full/022_p7_fragment_boundary_215_l1/p7_jtag_backend_parse_summary.json,5038,e8622566510ddd6571854aba58f74c58b5cac9aade4b9d06e2474c1764ec718d
evidence/hardware/p7/authorized_sequence/p7_20260715_stationary_app_r41_formal_full/022_p7_fragment_boundary_215_l1/p7_jtag_reassembled_output.bin,215,1d64137df721078b35bdc1a3595a73cebcbe49865fb308c78791540d1d349cd7
evidence/hardware/p7/authorized_sequence/p7_20260715_stationary_app_r41_formal_full/022_p7_fragment_boundary_215_l1/p7_preflight.stderr.log,0,e3b0c44298fc1c149afbf4c8996fb92427ae41e4649b934ca495991b7852b855
evidence/hardware/p7/authorized_sequence/p7_20260715_stationary_app_r41_formal_full/022_p7_fragment_boundary_215_l1/p7_preflight.stdout.log,9868,545875ffe3936018f672f3bfd2d05cef8735a27cf7860f3020cb62b3177a4a2d
evidence/hardware/p7/authorized_sequence/p7_20260715_stationary_app_r41_formal_full/022_p7_fragment_boundary_215_l1/p7_preflight_result.txt,512,b9c7b51d551d7f0a98f48b8493aed82542ccd9993966f478228e655b31ebbe84
evidence/hardware/p7/authorized_sequence/p7_20260715_stationary_app_r41_formal_full/022_p7_fragment_boundary_215_l1/p7_shutdown_after.stderr.log,0,e3b0c44298fc1c149afbf4c8996fb92427ae41e4649b934ca495991b7852b855
evidence/hardware/p7/authorized_sequence/p7_20260715_stationary_app_r41_formal_full/022_p7_fragment_boundary_215_l1/p7_shutdown_after.stdout.log,37945,0656fb433532418cebc7fbf540da1af00df15536d9fceb399015aa9fed86ab2e
evidence/hardware/p7/authorized_sequence/p7_20260715_stationary_app_r41_formal_full/022_p7_fragment_boundary_215_l1/p7_shutdown_after_result.txt,500,37a86182117c4b35f100a63de7305a513e54199a0076078403a4b35022de63d5
evidence/hardware/p7/authorized_sequence/p7_20260715_stationary_app_r41_formal_full/022_p7_fragment_boundary_215_l1/p7_shutdown_before.stderr.log,0,e3b0c44298fc1c149afbf4c8996fb92427ae41e4649b934ca495991b7852b855
evidence/hardware/p7/authorized_sequence/p7_20260715_stationary_app_r41_formal_full/022_p7_fragment_boundary_215_l1/p7_shutdown_before.stdout.log,37945,32b32b3ead554f9ef00241a84b10777f499c607d1548e4de98048a12feb6b773
evidence/hardware/p7/authorized_sequence/p7_20260715_stationary_app_r41_formal_full/022_p7_fragment_boundary_215_l1/p7_shutdown_before_result.txt,500,37a86182117c4b35f100a63de7305a513e54199a0076078403a4b35022de63d5
evidence/hardware/p7/authorized_sequence/p7_20260715_stationary_app_r41_formal_full/023_p7_fragment_boundary_215_rr/p7_jtag_axi_raw_result.txt,5182,c8f32e214646eba822d8f147446c47813b439561daca1f3aa3e43ff5f98268fc
evidence/hardware/p7/authorized_sequence/p7_20260715_stationary_app_r41_formal_full/023_p7_fragment_boundary_215_rr/p7_jtag_axi_stage.stderr.log,0,e3b0c44298fc1c149afbf4c8996fb92427ae41e4649b934ca495991b7852b855
evidence/hardware/p7/authorized_sequence/p7_20260715_stationary_app_r41_formal_full/023_p7_fragment_boundary_215_rr/p7_jtag_axi_stage.stdout.log,42564,342794c5160b08c10c449d3413ad7ab7a59e15949597ed22e7ee774e66570a7b
evidence/hardware/p7/authorized_sequence/p7_20260715_stationary_app_r41_formal_full/023_p7_fragment_boundary_215_rr/p7_jtag_axi_stage_events.jsonl,1238,70b470ee77cc6897159ffe18dd26c30bc177d783b43c00b0894b38054b79c247
evidence/hardware/p7/authorized_sequence/p7_20260715_stationary_app_r41_formal_full/023_p7_fragment_boundary_215_rr/p7_jtag_axi_stage_summary.json,92870,5c37bec56959a4286519bd675d05a7cde9a5696ac4b8f291255c27a53c628f2b
evidence/hardware/p7/authorized_sequence/p7_20260715_stationary_app_r41_formal_full/023_p7_fragment_boundary_215_rr/p7_jtag_backend_parse_summary.json,5046,33995e2955969cb739ec944236fbec94415e8ab3da58e64c0d5006b58c4e7fa5
evidence/hardware/p7/authorized_sequence/p7_20260715_stationary_app_r41_formal_full/023_p7_fragment_boundary_215_rr/p7_jtag_reassembled_output.bin,215,1d64137df721078b35bdc1a3595a73cebcbe49865fb308c78791540d1d349cd7
evidence/hardware/p7/authorized_sequence/p7_20260715_stationary_app_r41_formal_full/023_p7_fragment_boundary_215_rr/p7_preflight.stderr.log,0,e3b0c44298fc1c149afbf4c8996fb92427ae41e4649b934ca495991b7852b855
evidence/hardware/p7/authorized_sequence/p7_20260715_stationary_app_r41_formal_full/023_p7_fragment_boundary_215_rr/p7_preflight.stdout.log,9868,ab2a9810f0b84f866d96fb970cb82b2451c13df41cf02c614e1a0a5d73311407
evidence/hardware/p7/authorized_sequence/p7_20260715_stationary_app_r41_formal_full/023_p7_fragment_boundary_215_rr/p7_preflight_result.txt,512,b9c7b51d551d7f0a98f48b8493aed82542ccd9993966f478228e655b31ebbe84
evidence/hardware/p7/authorized_sequence/p7_20260715_stationary_app_r41_formal_full/023_p7_fragment_boundary_215_rr/p7_shutdown_after.stderr.log,0,e3b0c44298fc1c149afbf4c8996fb92427ae41e4649b934ca495991b7852b855
evidence/hardware/p7/authorized_sequence/p7_20260715_stationary_app_r41_formal_full/023_p7_fragment_boundary_215_rr/p7_shutdown_after.stdout.log,37945,718af84d81dcbc38c549ea7cd5c6e06b7ca5561ba025d37afe2be83d2ada3655
evidence/hardware/p7/authorized_sequence/p7_20260715_stationary_app_r41_formal_full/023_p7_fragment_boundary_215_rr/p7_shutdown_after_result.txt,500,37a86182117c4b35f100a63de7305a513e54199a0076078403a4b35022de63d5
evidence/hardware/p7/authorized_sequence/p7_20260715_stationary_app_r41_formal_full/023_p7_fragment_boundary_215_rr/p7_shutdown_before.stderr.log,0,e3b0c44298fc1c149afbf4c8996fb92427ae41e4649b934ca495991b7852b855
evidence/hardware/p7/authorized_sequence/p7_20260715_stationary_app_r41_formal_full/023_p7_fragment_boundary_215_rr/p7_shutdown_before.stdout.log,37945,d985eec63348b8cfc612095c88c8e34a9a4f5a2ad15322c0bdf6d94612badae6
evidence/hardware/p7/authorized_sequence/p7_20260715_stationary_app_r41_formal_full/023_p7_fragment_boundary_215_rr/p7_shutdown_before_result.txt,500,37a86182117c4b35f100a63de7305a513e54199a0076078403a4b35022de63d5
evidence/hardware/p7/authorized_sequence/p7_20260715_stationary_app_r41_formal_full/024_p7_fragment_boundary_215_rep3/p7_jtag_axi_raw_result.txt,5177,13d32f26c8054fd0d05c59fb9aeb4ab3850a1dbc72d83969b1791b55c2f1cff3
evidence/hardware/p7/authorized_sequence/p7_20260715_stationary_app_r41_formal_full/024_p7_fragment_boundary_215_rep3/p7_jtag_axi_stage.stderr.log,0,e3b0c44298fc1c149afbf4c8996fb92427ae41e4649b934ca495991b7852b855
evidence/hardware/p7/authorized_sequence/p7_20260715_stationary_app_r41_formal_full/024_p7_fragment_boundary_215_rep3/p7_jtag_axi_stage.stdout.log,42564,846d4535f36251a0da8e8f401917f99487a3710d705b55150678634518b478cd
evidence/hardware/p7/authorized_sequence/p7_20260715_stationary_app_r41_formal_full/024_p7_fragment_boundary_215_rep3/p7_jtag_axi_stage_events.jsonl,1240,4020fdc7cb09b5ab051de51273a780911204ea876ae07aa5cece095c9c0cc6c7
evidence/hardware/p7/authorized_sequence/p7_20260715_stationary_app_r41_formal_full/024_p7_fragment_boundary_215_rep3/p7_jtag_axi_stage_summary.json,94390,d68cbffa4d1ffafd6b88f10a34a4d3bc41c5c641ce469b4349bd81301dff9519
evidence/hardware/p7/authorized_sequence/p7_20260715_stationary_app_r41_formal_full/024_p7_fragment_boundary_215_rep3/p7_jtag_backend_parse_summary.json,5047,1934741c477e9a2ff93ba00d3c6a4b5ec68df03176bbe609fa56e807c78b893a
evidence/hardware/p7/authorized_sequence/p7_20260715_stationary_app_r41_formal_full/024_p7_fragment_boundary_215_rep3/p7_jtag_reassembled_output.bin,215,1d64137df721078b35bdc1a3595a73cebcbe49865fb308c78791540d1d349cd7
evidence/hardware/p7/authorized_sequence/p7_20260715_stationary_app_r41_formal_full/024_p7_fragment_boundary_215_rep3/p7_preflight.stderr.log,0,e3b0c44298fc1c149afbf4c8996fb92427ae41e4649b934ca495991b7852b855
evidence/hardware/p7/authorized_sequence/p7_20260715_stationary_app_r41_formal_full/024_p7_fragment_boundary_215_rep3/p7_preflight.stdout.log,9868,04f6fec2753de6d587eb68f283156369774789b9250196db6cc8ebe4a6dd2488
evidence/hardware/p7/authorized_sequence/p7_20260715_stationary_app_r41_formal_full/024_p7_fragment_boundary_215_rep3/p7_preflight_result.txt,512,b9c7b51d551d7f0a98f48b8493aed82542ccd9993966f478228e655b31ebbe84
evidence/hardware/p7/authorized_sequence/p7_20260715_stationary_app_r41_formal_full/024_p7_fragment_boundary_215_rep3/p7_shutdown_after.stderr.log,0,e3b0c44298fc1c149afbf4c8996fb92427ae41e4649b934ca495991b7852b855
evidence/hardware/p7/authorized_sequence/p7_20260715_stationary_app_r41_formal_full/024_p7_fragment_boundary_215_rep3/p7_shutdown_after.stdout.log,37945,3e5d245c613c375ea8ca32f379bd485ee53a8b197755bb17a0581241a4dd5070
evidence/hardware/p7/authorized_sequence/p7_20260715_stationary_app_r41_formal_full/024_p7_fragment_boundary_215_rep3/p7_shutdown_after_result.txt,500,37a86182117c4b35f100a63de7305a513e54199a0076078403a4b35022de63d5
evidence/hardware/p7/authorized_sequence/p7_20260715_stationary_app_r41_formal_full/024_p7_fragment_boundary_215_rep3/p7_shutdown_before.stderr.log,0,e3b0c44298fc1c149afbf4c8996fb92427ae41e4649b934ca495991b7852b855
evidence/hardware/p7/authorized_sequence/p7_20260715_stationary_app_r41_formal_full/024_p7_fragment_boundary_215_rep3/p7_shutdown_before.stdout.log,37945,f5772b0b6545b47ba4c4195a304d5e246504277bff57d83c50dafa6f78f65f61
evidence/hardware/p7/authorized_sequence/p7_20260715_stationary_app_r41_formal_full/024_p7_fragment_boundary_215_rep3/p7_shutdown_before_result.txt,500,37a86182117c4b35f100a63de7305a513e54199a0076078403a4b35022de63d5
evidence/hardware/p7/authorized_sequence/p7_20260715_stationary_app_r41_formal_full/025_p7_fragment_boundary_216_l0/p7_jtag_axi_raw_result.txt,6469,18d65f0f8b0ce7984541aec50ee6f270b44347f6824d10c525596494de52bb60
evidence/hardware/p7/authorized_sequence/p7_20260715_stationary_app_r41_formal_full/025_p7_fragment_boundary_216_l0/p7_jtag_axi_stage.stderr.log,0,e3b0c44298fc1c149afbf4c8996fb92427ae41e4649b934ca495991b7852b855
evidence/hardware/p7/authorized_sequence/p7_20260715_stationary_app_r41_formal_full/025_p7_fragment_boundary_216_l0/p7_jtag_axi_stage.stdout.log,44676,1a74f246adb1c644784aa23859f492fd824a0c509c600b3549ead901bc98421d
evidence/hardware/p7/authorized_sequence/p7_20260715_stationary_app_r41_formal_full/025_p7_fragment_boundary_216_l0/p7_jtag_axi_stage_events.jsonl,1238,3d7f7f1c37be4736e944aaf645778d44343050fdfe5a12e4c63d5ffc88ee8fda
evidence/hardware/p7/authorized_sequence/p7_20260715_stationary_app_r41_formal_full/025_p7_fragment_boundary_216_l0/p7_jtag_axi_stage_summary.json,97194,a248962622e5bff57a8b6a4fda9d6475ba58d8077f79109fba1dd9fa1f5a0647
evidence/hardware/p7/authorized_sequence/p7_20260715_stationary_app_r41_formal_full/025_p7_fragment_boundary_216_l0/p7_jtag_backend_parse_summary.json,6559,0eeac92a87454df04025454aa1a0f05fde30bf06f5dedf45775287a36440522e
evidence/hardware/p7/authorized_sequence/p7_20260715_stationary_app_r41_formal_full/025_p7_fragment_boundary_216_l0/p7_jtag_reassembled_output.bin,216,9d42d74bac443eafbd9878145b745387eb1397174332564bc8fa6db414ab381f
evidence/hardware/p7/authorized_sequence/p7_20260715_stationary_app_r41_formal_full/025_p7_fragment_boundary_216_l0/p7_preflight.stderr.log,0,e3b0c44298fc1c149afbf4c8996fb92427ae41e4649b934ca495991b7852b855
evidence/hardware/p7/authorized_sequence/p7_20260715_stationary_app_r41_formal_full/025_p7_fragment_boundary_216_l0/p7_preflight.stdout.log,9868,65b67957dbe68c495e975ffad0622a88725852e76505f8d1319a8a4c46a808f2
evidence/hardware/p7/authorized_sequence/p7_20260715_stationary_app_r41_formal_full/025_p7_fragment_boundary_216_l0/p7_preflight_result.txt,512,b9c7b51d551d7f0a98f48b8493aed82542ccd9993966f478228e655b31ebbe84
evidence/hardware/p7/authorized_sequence/p7_20260715_stationary_app_r41_formal_full/025_p7_fragment_boundary_216_l0/p7_shutdown_after.stderr.log,0,e3b0c44298fc1c149afbf4c8996fb92427ae41e4649b934ca495991b7852b855
evidence/hardware/p7/authorized_sequence/p7_20260715_stationary_app_r41_formal_full/025_p7_fragment_boundary_216_l0/p7_shutdown_after.stdout.log,37945,4c2030a1649221942978ad100504949b182ba5900ed74052e80ff3c7c5c1caf6
evidence/hardware/p7/authorized_sequence/p7_20260715_stationary_app_r41_formal_full/025_p7_fragment_boundary_216_l0/p7_shutdown_after_result.txt,500,37a86182117c4b35f100a63de7305a513e54199a0076078403a4b35022de63d5
evidence/hardware/p7/authorized_sequence/p7_20260715_stationary_app_r41_formal_full/025_p7_fragment_boundary_216_l0/p7_shutdown_before.stderr.log,0,e3b0c44298fc1c149afbf4c8996fb92427ae41e4649b934ca495991b7852b855
evidence/hardware/p7/authorized_sequence/p7_20260715_stationary_app_r41_formal_full/025_p7_fragment_boundary_216_l0/p7_shutdown_before.stdout.log,37945,a05f64727e565dd29bfa555357c8fbbb943664ad268e10cdc98caf3948dede81
evidence/hardware/p7/authorized_sequence/p7_20260715_stationary_app_r41_formal_full/025_p7_fragment_boundary_216_l0/p7_shutdown_before_result.txt,500,37a86182117c4b35f100a63de7305a513e54199a0076078403a4b35022de63d5
evidence/hardware/p7/authorized_sequence/p7_20260715_stationary_app_r41_formal_full/026_p7_fragment_boundary_216_l1/p7_jtag_axi_raw_result.txt,6469,5fe55aaab1e4192262384d71a4e00375bf9bee5635d9e1b2597c6ce2ad7d1c66
evidence/hardware/p7/authorized_sequence/p7_20260715_stationary_app_r41_formal_full/026_p7_fragment_boundary_216_l1/p7_jtag_axi_stage.stderr.log,0,e3b0c44298fc1c149afbf4c8996fb92427ae41e4649b934ca495991b7852b855
evidence/hardware/p7/authorized_sequence/p7_20260715_stationary_app_r41_formal_full/026_p7_fragment_boundary_216_l1/p7_jtag_axi_stage.stdout.log,44676,1bf45a14bdb4e14f679e33200e2efd7f331b1f7a2b851ecca59828bb6f376088
evidence/hardware/p7/authorized_sequence/p7_20260715_stationary_app_r41_formal_full/026_p7_fragment_boundary_216_l1/p7_jtag_axi_stage_events.jsonl,1238,fbcf6286b3198b20c6a9d2d3a8ce54a07d171d34a4d495ae72742bd82c25ae4f
evidence/hardware/p7/authorized_sequence/p7_20260715_stationary_app_r41_formal_full/026_p7_fragment_boundary_216_l1/p7_jtag_axi_stage_summary.json,97213,9f9fa50e8e6abfef962c6f80a68d5404a45647a5a6278ee79404cc81f8f25cbc
evidence/hardware/p7/authorized_sequence/p7_20260715_stationary_app_r41_formal_full/026_p7_fragment_boundary_216_l1/p7_jtag_backend_parse_summary.json,6561,b0dd358270e02520b9718db19978a464ac3f119278decc8dbc57c983009fdeda
evidence/hardware/p7/authorized_sequence/p7_20260715_stationary_app_r41_formal_full/026_p7_fragment_boundary_216_l1/p7_jtag_reassembled_output.bin,216,9d42d74bac443eafbd9878145b745387eb1397174332564bc8fa6db414ab381f
evidence/hardware/p7/authorized_sequence/p7_20260715_stationary_app_r41_formal_full/026_p7_fragment_boundary_216_l1/p7_preflight.stderr.log,0,e3b0c44298fc1c149afbf4c8996fb92427ae41e4649b934ca495991b7852b855
evidence/hardware/p7/authorized_sequence/p7_20260715_stationary_app_r41_formal_full/026_p7_fragment_boundary_216_l1/p7_preflight.stdout.log,9868,a45c0dd1f79a06f767d14564532cad41076622b03dac8bf016bb9a59f107b4b5
evidence/hardware/p7/authorized_sequence/p7_20260715_stationary_app_r41_formal_full/026_p7_fragment_boundary_216_l1/p7_preflight_result.txt,512,b9c7b51d551d7f0a98f48b8493aed82542ccd9993966f478228e655b31ebbe84
evidence/hardware/p7/authorized_sequence/p7_20260715_stationary_app_r41_formal_full/026_p7_fragment_boundary_216_l1/p7_shutdown_after.stderr.log,0,e3b0c44298fc1c149afbf4c8996fb92427ae41e4649b934ca495991b7852b855
evidence/hardware/p7/authorized_sequence/p7_20260715_stationary_app_r41_formal_full/026_p7_fragment_boundary_216_l1/p7_shutdown_after.stdout.log,37945,d918a082ef12aa12c8ee3f082b7222faba216706d8ad330193033e0fd9a91a52
evidence/hardware/p7/authorized_sequence/p7_20260715_stationary_app_r41_formal_full/026_p7_fragment_boundary_216_l1/p7_shutdown_after_result.txt,500,37a86182117c4b35f100a63de7305a513e54199a0076078403a4b35022de63d5
evidence/hardware/p7/authorized_sequence/p7_20260715_stationary_app_r41_formal_full/026_p7_fragment_boundary_216_l1/p7_shutdown_before.stderr.log,0,e3b0c44298fc1c149afbf4c8996fb92427ae41e4649b934ca495991b7852b855
evidence/hardware/p7/authorized_sequence/p7_20260715_stationary_app_r41_formal_full/026_p7_fragment_boundary_216_l1/p7_shutdown_before.stdout.log,37945,655ff136fa5a9c83f01c3702b0183957b72398e05fe1ce50e6065a139be8afbf
evidence/hardware/p7/authorized_sequence/p7_20260715_stationary_app_r41_formal_full/026_p7_fragment_boundary_216_l1/p7_shutdown_before_result.txt,500,37a86182117c4b35f100a63de7305a513e54199a0076078403a4b35022de63d5
evidence/hardware/p7/authorized_sequence/p7_20260715_stationary_app_r41_formal_full/027_p7_fragment_boundary_216_rr/p7_jtag_axi_raw_result.txt,6477,462e4528dd514d0e96d9985b6f9321cb3cb1e1511d9d49d641b3775b116b4365
evidence/hardware/p7/authorized_sequence/p7_20260715_stationary_app_r41_formal_full/027_p7_fragment_boundary_216_rr/p7_jtag_axi_stage.stderr.log,0,e3b0c44298fc1c149afbf4c8996fb92427ae41e4649b934ca495991b7852b855
evidence/hardware/p7/authorized_sequence/p7_20260715_stationary_app_r41_formal_full/027_p7_fragment_boundary_216_rr/p7_jtag_axi_stage.stdout.log,44676,5938fa20acfa090a5b7b9c5c08cfbc1d307af79aa880daec30ba1a75508f9a8d
evidence/hardware/p7/authorized_sequence/p7_20260715_stationary_app_r41_formal_full/027_p7_fragment_boundary_216_rr/p7_jtag_axi_stage_events.jsonl,1238,275b4bc24505d6bfa2d782a90f3fa2239b16c341e06fe6c147aa2987461a6c0c
evidence/hardware/p7/authorized_sequence/p7_20260715_stationary_app_r41_formal_full/027_p7_fragment_boundary_216_rr/p7_jtag_axi_stage_summary.json,97144,b4f33793c1286bf419a610720ceea8c24ba7fe90608de778feb20c53022c4f7f
evidence/hardware/p7/authorized_sequence/p7_20260715_stationary_app_r41_formal_full/027_p7_fragment_boundary_216_rr/p7_jtag_backend_parse_summary.json,6569,97f760dc012f5073a70059f44aea948baed5e261b920eeac5b7673bcbd9d79ae
evidence/hardware/p7/authorized_sequence/p7_20260715_stationary_app_r41_formal_full/027_p7_fragment_boundary_216_rr/p7_jtag_reassembled_output.bin,216,9d42d74bac443eafbd9878145b745387eb1397174332564bc8fa6db414ab381f
evidence/hardware/p7/authorized_sequence/p7_20260715_stationary_app_r41_formal_full/027_p7_fragment_boundary_216_rr/p7_preflight.stderr.log,0,e3b0c44298fc1c149afbf4c8996fb92427ae41e4649b934ca495991b7852b855
evidence/hardware/p7/authorized_sequence/p7_20260715_stationary_app_r41_formal_full/027_p7_fragment_boundary_216_rr/p7_preflight.stdout.log,9868,82687b25339748f1909fd33b43642922318216dcfc0445c91466b14cfdd4ebe0
evidence/hardware/p7/authorized_sequence/p7_20260715_stationary_app_r41_formal_full/027_p7_fragment_boundary_216_rr/p7_preflight_result.txt,512,b9c7b51d551d7f0a98f48b8493aed82542ccd9993966f478228e655b31ebbe84
evidence/hardware/p7/authorized_sequence/p7_20260715_stationary_app_r41_formal_full/027_p7_fragment_boundary_216_rr/p7_shutdown_after.stderr.log,0,e3b0c44298fc1c149afbf4c8996fb92427ae41e4649b934ca495991b7852b855
evidence/hardware/p7/authorized_sequence/p7_20260715_stationary_app_r41_formal_full/027_p7_fragment_boundary_216_rr/p7_shutdown_after.stdout.log,37945,aac9b3411e24576e9bbfb997c41b0b1ac47b0c513fc86c2167a5b05c2953cbb5
evidence/hardware/p7/authorized_sequence/p7_20260715_stationary_app_r41_formal_full/027_p7_fragment_boundary_216_rr/p7_shutdown_after_result.txt,500,37a86182117c4b35f100a63de7305a513e54199a0076078403a4b35022de63d5
evidence/hardware/p7/authorized_sequence/p7_20260715_stationary_app_r41_formal_full/027_p7_fragment_boundary_216_rr/p7_shutdown_before.stderr.log,0,e3b0c44298fc1c149afbf4c8996fb92427ae41e4649b934ca495991b7852b855
evidence/hardware/p7/authorized_sequence/p7_20260715_stationary_app_r41_formal_full/027_p7_fragment_boundary_216_rr/p7_shutdown_before.stdout.log,37945,5ce326786eab096ac7f2adddfd213d3fad56add1d17c0ee66b46ea7dd297ab56
evidence/hardware/p7/authorized_sequence/p7_20260715_stationary_app_r41_formal_full/027_p7_fragment_boundary_216_rr/p7_shutdown_before_result.txt,500,37a86182117c4b35f100a63de7305a513e54199a0076078403a4b35022de63d5
evidence/hardware/p7/authorized_sequence/p7_20260715_stationary_app_r41_formal_full/028_p7_fragment_boundary_216_rep3/p7_jtag_axi_raw_result.txt,6472,c059fa8af5d7a952ba76cbaab19cf04e480c304aa29448548946b365686a10f9
evidence/hardware/p7/authorized_sequence/p7_20260715_stationary_app_r41_formal_full/028_p7_fragment_boundary_216_rep3/p7_jtag_axi_stage.stderr.log,0,e3b0c44298fc1c149afbf4c8996fb92427ae41e4649b934ca495991b7852b855
evidence/hardware/p7/authorized_sequence/p7_20260715_stationary_app_r41_formal_full/028_p7_fragment_boundary_216_rep3/p7_jtag_axi_stage.stdout.log,44676,4676dd027fdeb1b00ab492c1a306e6d1f42657c8a2d163c07992986060fd1b58
evidence/hardware/p7/authorized_sequence/p7_20260715_stationary_app_r41_formal_full/028_p7_fragment_boundary_216_rep3/p7_jtag_axi_stage_events.jsonl,1240,4d42c4372c58169184e7ce4ffdf56071e8100baf6a318da6a1660f84364906e4
evidence/hardware/p7/authorized_sequence/p7_20260715_stationary_app_r41_formal_full/028_p7_fragment_boundary_216_rep3/p7_jtag_axi_stage_summary.json,97242,e9083292b9be6591d595399d59c16c540c278d278340a4de515a2cf4ed689443
evidence/hardware/p7/authorized_sequence/p7_20260715_stationary_app_r41_formal_full/028_p7_fragment_boundary_216_rep3/p7_jtag_backend_parse_summary.json,6571,aa3a2ca15ae835da08bc45fdaa944c46065fab8bdd0e16f1cdc5c0f7a237917e
evidence/hardware/p7/authorized_sequence/p7_20260715_stationary_app_r41_formal_full/028_p7_fragment_boundary_216_rep3/p7_jtag_reassembled_output.bin,216,9d42d74bac443eafbd9878145b745387eb1397174332564bc8fa6db414ab381f
evidence/hardware/p7/authorized_sequence/p7_20260715_stationary_app_r41_formal_full/028_p7_fragment_boundary_216_rep3/p7_preflight.stderr.log,0,e3b0c44298fc1c149afbf4c8996fb92427ae41e4649b934ca495991b7852b855
evidence/hardware/p7/authorized_sequence/p7_20260715_stationary_app_r41_formal_full/028_p7_fragment_boundary_216_rep3/p7_preflight.stdout.log,9868,8eefc2f25730fbd38802e5a7d0214abc7a94ac9a6e99a82b35d89579891f8470
evidence/hardware/p7/authorized_sequence/p7_20260715_stationary_app_r41_formal_full/028_p7_fragment_boundary_216_rep3/p7_preflight_result.txt,512,b9c7b51d551d7f0a98f48b8493aed82542ccd9993966f478228e655b31ebbe84
evidence/hardware/p7/authorized_sequence/p7_20260715_stationary_app_r41_formal_full/028_p7_fragment_boundary_216_rep3/p7_shutdown_after.stderr.log,0,e3b0c44298fc1c149afbf4c8996fb92427ae41e4649b934ca495991b7852b855
evidence/hardware/p7/authorized_sequence/p7_20260715_stationary_app_r41_formal_full/028_p7_fragment_boundary_216_rep3/p7_shutdown_after.stdout.log,37945,e14d45fa9d3aba80f2bf80b4f73680b4e2aa629180fdd87c0be90b6a738f95f0
evidence/hardware/p7/authorized_sequence/p7_20260715_stationary_app_r41_formal_full/028_p7_fragment_boundary_216_rep3/p7_shutdown_after_result.txt,500,37a86182117c4b35f100a63de7305a513e54199a0076078403a4b35022de63d5
evidence/hardware/p7/authorized_sequence/p7_20260715_stationary_app_r41_formal_full/028_p7_fragment_boundary_216_rep3/p7_shutdown_before.stderr.log,0,e3b0c44298fc1c149afbf4c8996fb92427ae41e4649b934ca495991b7852b855
evidence/hardware/p7/authorized_sequence/p7_20260715_stationary_app_r41_formal_full/028_p7_fragment_boundary_216_rep3/p7_shutdown_before.stdout.log,37945,f968fec6bfcfa75b1d3cf41dba008f126d8650aec93a4a629f5ffb0907ec8f12
evidence/hardware/p7/authorized_sequence/p7_20260715_stationary_app_r41_formal_full/028_p7_fragment_boundary_216_rep3/p7_shutdown_before_result.txt,500,37a86182117c4b35f100a63de7305a513e54199a0076078403a4b35022de63d5
evidence/hardware/p7/authorized_sequence/p7_20260715_stationary_app_r41_formal_full/029_p7_fragment_boundary_247_l0/p7_jtag_axi_raw_result.txt,6833,73bd5453af05466f08cf0752a0ef89336e3f05c244871c8571cc88394fc81fe4
evidence/hardware/p7/authorized_sequence/p7_20260715_stationary_app_r41_formal_full/029_p7_fragment_boundary_247_l0/p7_jtag_axi_stage.stderr.log,0,e3b0c44298fc1c149afbf4c8996fb92427ae41e4649b934ca495991b7852b855
evidence/hardware/p7/authorized_sequence/p7_20260715_stationary_app_r41_formal_full/029_p7_fragment_boundary_247_l0/p7_jtag_axi_stage.stdout.log,44851,bdd616ddb4cc2970eca961dedde57d86c4d3481c9abe2779489743ff5c7be624
evidence/hardware/p7/authorized_sequence/p7_20260715_stationary_app_r41_formal_full/029_p7_fragment_boundary_247_l0/p7_jtag_axi_stage_events.jsonl,1238,7e7d4d98ca25637abab0db154b5033d8a7b11ae39b2d4ff43385fc4a1fca395b
evidence/hardware/p7/authorized_sequence/p7_20260715_stationary_app_r41_formal_full/029_p7_fragment_boundary_247_l0/p7_jtag_axi_stage_summary.json,98460,2894975f0b2252b00ece419adf45c31216e1bd6a12e353bc004b57622f6115a2
evidence/hardware/p7/authorized_sequence/p7_20260715_stationary_app_r41_formal_full/029_p7_fragment_boundary_247_l0/p7_jtag_backend_parse_summary.json,6622,c20c7d00b94a5cb3f20b9ce73ba92f5da8fffdf783210ee01fe49b1fd32fd3f8
evidence/hardware/p7/authorized_sequence/p7_20260715_stationary_app_r41_formal_full/029_p7_fragment_boundary_247_l0/p7_jtag_reassembled_output.bin,247,4b96ec3b91e9f764ac0227ca7df451bd8294cd46298047b43b960ae1c0b0afc5
evidence/hardware/p7/authorized_sequence/p7_20260715_stationary_app_r41_formal_full/029_p7_fragment_boundary_247_l0/p7_preflight.stderr.log,0,e3b0c44298fc1c149afbf4c8996fb92427ae41e4649b934ca495991b7852b855
evidence/hardware/p7/authorized_sequence/p7_20260715_stationary_app_r41_formal_full/029_p7_fragment_boundary_247_l0/p7_preflight.stdout.log,9868,953a8126dd092c1cc592f16c34acfeb0031d9454372c712ca93a29676ac7fc00
evidence/hardware/p7/authorized_sequence/p7_20260715_stationary_app_r41_formal_full/029_p7_fragment_boundary_247_l0/p7_preflight_result.txt,512,b9c7b51d551d7f0a98f48b8493aed82542ccd9993966f478228e655b31ebbe84
evidence/hardware/p7/authorized_sequence/p7_20260715_stationary_app_r41_formal_full/029_p7_fragment_boundary_247_l0/p7_shutdown_after.stderr.log,0,e3b0c44298fc1c149afbf4c8996fb92427ae41e4649b934ca495991b7852b855
evidence/hardware/p7/authorized_sequence/p7_20260715_stationary_app_r41_formal_full/029_p7_fragment_boundary_247_l0/p7_shutdown_after.stdout.log,37945,7b95bb6229b9c772d5c756e386409b67086af21a5a8176bbfd0b16e2e990f9ed
evidence/hardware/p7/authorized_sequence/p7_20260715_stationary_app_r41_formal_full/029_p7_fragment_boundary_247_l0/p7_shutdown_after_result.txt,500,37a86182117c4b35f100a63de7305a513e54199a0076078403a4b35022de63d5
evidence/hardware/p7/authorized_sequence/p7_20260715_stationary_app_r41_formal_full/029_p7_fragment_boundary_247_l0/p7_shutdown_before.stderr.log,0,e3b0c44298fc1c149afbf4c8996fb92427ae41e4649b934ca495991b7852b855
evidence/hardware/p7/authorized_sequence/p7_20260715_stationary_app_r41_formal_full/029_p7_fragment_boundary_247_l0/p7_shutdown_before.stdout.log,37945,73ab9b5bec5b69dffaf071c7da1238cd1d800fc5d65c6de7cab4fab960374174
evidence/hardware/p7/authorized_sequence/p7_20260715_stationary_app_r41_formal_full/029_p7_fragment_boundary_247_l0/p7_shutdown_before_result.txt,500,37a86182117c4b35f100a63de7305a513e54199a0076078403a4b35022de63d5
evidence/hardware/p7/authorized_sequence/p7_20260715_stationary_app_r41_formal_full/030_p7_fragment_boundary_247_l1/p7_jtag_axi_raw_result.txt,6833,d41581c658a2a5552ae3d1525faee2e33a2f847559dc3245257de8e017e8a929
evidence/hardware/p7/authorized_sequence/p7_20260715_stationary_app_r41_formal_full/030_p7_fragment_boundary_247_l1/p7_jtag_axi_stage.stderr.log,0,e3b0c44298fc1c149afbf4c8996fb92427ae41e4649b934ca495991b7852b855
evidence/hardware/p7/authorized_sequence/p7_20260715_stationary_app_r41_formal_full/030_p7_fragment_boundary_247_l1/p7_jtag_axi_stage.stdout.log,44851,5b4d0ffddd4cccc4f219899279f47b8134d95c0d0676005eb9bdefead5279834
evidence/hardware/p7/authorized_sequence/p7_20260715_stationary_app_r41_formal_full/030_p7_fragment_boundary_247_l1/p7_jtag_axi_stage_events.jsonl,1238,8705e480e148bcc210b0f7bc954fdc3a7b939108c807c117746192f36a3064ec
evidence/hardware/p7/authorized_sequence/p7_20260715_stationary_app_r41_formal_full/030_p7_fragment_boundary_247_l1/p7_jtag_axi_stage_summary.json,98519,7b6dff1ad0d12ab1e56f25441bc2ef59986788bd07263e9d6810d3f28b49245a
evidence/hardware/p7/authorized_sequence/p7_20260715_stationary_app_r41_formal_full/030_p7_fragment_boundary_247_l1/p7_jtag_backend_parse_summary.json,6622,e4f7df4605bc2169e6e479b79f2b0f8a6cd2644e99841602cb0368a408a6aee3
evidence/hardware/p7/authorized_sequence/p7_20260715_stationary_app_r41_formal_full/030_p7_fragment_boundary_247_l1/p7_jtag_reassembled_output.bin,247,4b96ec3b91e9f764ac0227ca7df451bd8294cd46298047b43b960ae1c0b0afc5
evidence/hardware/p7/authorized_sequence/p7_20260715_stationary_app_r41_formal_full/030_p7_fragment_boundary_247_l1/p7_preflight.stderr.log,0,e3b0c44298fc1c149afbf4c8996fb92427ae41e4649b934ca495991b7852b855
evidence/hardware/p7/authorized_sequence/p7_20260715_stationary_app_r41_formal_full/030_p7_fragment_boundary_247_l1/p7_preflight.stdout.log,9868,4a326decd576b93337dc029aa7635eef8016f8b6a003ba68100a58c908600e5f
evidence/hardware/p7/authorized_sequence/p7_20260715_stationary_app_r41_formal_full/030_p7_fragment_boundary_247_l1/p7_preflight_result.txt,512,b9c7b51d551d7f0a98f48b8493aed82542ccd9993966f478228e655b31ebbe84
evidence/hardware/p7/authorized_sequence/p7_20260715_stationary_app_r41_formal_full/030_p7_fragment_boundary_247_l1/p7_shutdown_after.stderr.log,0,e3b0c44298fc1c149afbf4c8996fb92427ae41e4649b934ca495991b7852b855
evidence/hardware/p7/authorized_sequence/p7_20260715_stationary_app_r41_formal_full/030_p7_fragment_boundary_247_l1/p7_shutdown_after.stdout.log,37945,a11f4362ba4639ad4aef0645810ed682c4ad7b11b1632e3aa35c1de82b95cd6b
evidence/hardware/p7/authorized_sequence/p7_20260715_stationary_app_r41_formal_full/030_p7_fragment_boundary_247_l1/p7_shutdown_after_result.txt,500,37a86182117c4b35f100a63de7305a513e54199a0076078403a4b35022de63d5
evidence/hardware/p7/authorized_sequence/p7_20260715_stationary_app_r41_formal_full/030_p7_fragment_boundary_247_l1/p7_shutdown_before.stderr.log,0,e3b0c44298fc1c149afbf4c8996fb92427ae41e4649b934ca495991b7852b855
evidence/hardware/p7/authorized_sequence/p7_20260715_stationary_app_r41_formal_full/030_p7_fragment_boundary_247_l1/p7_shutdown_before.stdout.log,37945,35bbbb90537d9bebfbed31ce71ca096c7210a20893b3672b6eacdd270f3cb62a
evidence/hardware/p7/authorized_sequence/p7_20260715_stationary_app_r41_formal_full/030_p7_fragment_boundary_247_l1/p7_shutdown_before_result.txt,500,37a86182117c4b35f100a63de7305a513e54199a0076078403a4b35022de63d5
evidence/hardware/p7/authorized_sequence/p7_20260715_stationary_app_r41_formal_full/031_p7_fragment_boundary_247_rr/p7_jtag_axi_raw_result.txt,6841,8441b61010c8d8398c0ac6294408c8b40c1ab04c74b0e3f56280c87aab78de71
evidence/hardware/p7/authorized_sequence/p7_20260715_stationary_app_r41_formal_full/031_p7_fragment_boundary_247_rr/p7_jtag_axi_stage.stderr.log,0,e3b0c44298fc1c149afbf4c8996fb92427ae41e4649b934ca495991b7852b855
evidence/hardware/p7/authorized_sequence/p7_20260715_stationary_app_r41_formal_full/031_p7_fragment_boundary_247_rr/p7_jtag_axi_stage.stdout.log,44851,e5cc2e1ed304ffd5d5bfc42b2da11a349abafc27bd3d45c8c47e910de50d415b
evidence/hardware/p7/authorized_sequence/p7_20260715_stationary_app_r41_formal_full/031_p7_fragment_boundary_247_rr/p7_jtag_axi_stage_events.jsonl,1238,0fb4fc45a94313fe0d5acd767d89ef5dc1ba1eda8ba3514304afad4dc5361478
evidence/hardware/p7/authorized_sequence/p7_20260715_stationary_app_r41_formal_full/031_p7_fragment_boundary_247_rr/p7_jtag_axi_stage_summary.json,98596,e2717723ded2bb1b8339d5bc96674f64bdb943f5235d2c9c47e30af4b0a8aa45
evidence/hardware/p7/authorized_sequence/p7_20260715_stationary_app_r41_formal_full/031_p7_fragment_boundary_247_rr/p7_jtag_backend_parse_summary.json,6630,38eb2d027a45dafedb72ce8f088dd18464f986ecfc32fdd716b7668699b2f3ba
evidence/hardware/p7/authorized_sequence/p7_20260715_stationary_app_r41_formal_full/031_p7_fragment_boundary_247_rr/p7_jtag_reassembled_output.bin,247,4b96ec3b91e9f764ac0227ca7df451bd8294cd46298047b43b960ae1c0b0afc5
evidence/hardware/p7/authorized_sequence/p7_20260715_stationary_app_r41_formal_full/031_p7_fragment_boundary_247_rr/p7_preflight.stderr.log,0,e3b0c44298fc1c149afbf4c8996fb92427ae41e4649b934ca495991b7852b855
evidence/hardware/p7/authorized_sequence/p7_20260715_stationary_app_r41_formal_full/031_p7_fragment_boundary_247_rr/p7_preflight.stdout.log,9868,d6f6f289f544c252648dce6224a51d8a96cee466a939d2c510f462bcb788d853
evidence/hardware/p7/authorized_sequence/p7_20260715_stationary_app_r41_formal_full/031_p7_fragment_boundary_247_rr/p7_preflight_result.txt,512,b9c7b51d551d7f0a98f48b8493aed82542ccd9993966f478228e655b31ebbe84
evidence/hardware/p7/authorized_sequence/p7_20260715_stationary_app_r41_formal_full/031_p7_fragment_boundary_247_rr/p7_shutdown_after.stderr.log,0,e3b0c44298fc1c149afbf4c8996fb92427ae41e4649b934ca495991b7852b855
evidence/hardware/p7/authorized_sequence/p7_20260715_stationary_app_r41_formal_full/031_p7_fragment_boundary_247_rr/p7_shutdown_after.stdout.log,37945,12b87de993d8f96f25764d9102fab7736cb76ec8d20c34724fdfe43e5d035bed
evidence/hardware/p7/authorized_sequence/p7_20260715_stationary_app_r41_formal_full/031_p7_fragment_boundary_247_rr/p7_shutdown_after_result.txt,500,37a86182117c4b35f100a63de7305a513e54199a0076078403a4b35022de63d5
evidence/hardware/p7/authorized_sequence/p7_20260715_stationary_app_r41_formal_full/031_p7_fragment_boundary_247_rr/p7_shutdown_before.stderr.log,0,e3b0c44298fc1c149afbf4c8996fb92427ae41e4649b934ca495991b7852b855
evidence/hardware/p7/authorized_sequence/p7_20260715_stationary_app_r41_formal_full/031_p7_fragment_boundary_247_rr/p7_shutdown_before.stdout.log,37945,9bcf2337f5d5ab8e5efef71b354985accf3cf776ee6e3f0e3c8d740577226035
evidence/hardware/p7/authorized_sequence/p7_20260715_stationary_app_r41_formal_full/031_p7_fragment_boundary_247_rr/p7_shutdown_before_result.txt,500,37a86182117c4b35f100a63de7305a513e54199a0076078403a4b35022de63d5
evidence/hardware/p7/authorized_sequence/p7_20260715_stationary_app_r41_formal_full/032_p7_fragment_boundary_247_rep3/p7_jtag_axi_raw_result.txt,6836,40b224334892ffd49c6321b87ece82c9aabdb2d68def2189fa3a286581e786f1
evidence/hardware/p7/authorized_sequence/p7_20260715_stationary_app_r41_formal_full/032_p7_fragment_boundary_247_rep3/p7_jtag_axi_stage.stderr.log,0,e3b0c44298fc1c149afbf4c8996fb92427ae41e4649b934ca495991b7852b855
evidence/hardware/p7/authorized_sequence/p7_20260715_stationary_app_r41_formal_full/032_p7_fragment_boundary_247_rep3/p7_jtag_axi_stage.stdout.log,44851,021893146ec99559094231c696be7bb1f7f41950490124056a1d2f7ed4c84fe6
evidence/hardware/p7/authorized_sequence/p7_20260715_stationary_app_r41_formal_full/032_p7_fragment_boundary_247_rep3/p7_jtag_axi_stage_events.jsonl,1240,b088e7522f04aab67217d406a24f9fd77e1211cbadaad96cbfbfe6657224cbad
evidence/hardware/p7/authorized_sequence/p7_20260715_stationary_app_r41_formal_full/032_p7_fragment_boundary_247_rep3/p7_jtag_axi_stage_summary.json,98624,e9a8ad6df1fdc76c044bcd15a2053b450ba49ec194378d7497a9c4f7196eea35
evidence/hardware/p7/authorized_sequence/p7_20260715_stationary_app_r41_formal_full/032_p7_fragment_boundary_247_rep3/p7_jtag_backend_parse_summary.json,6633,3cc4cb364e79952dcfe0939ea823a67b45b8f90fae8783cc0c6466022d57f0d7
evidence/hardware/p7/authorized_sequence/p7_20260715_stationary_app_r41_formal_full/032_p7_fragment_boundary_247_rep3/p7_jtag_reassembled_output.bin,247,4b96ec3b91e9f764ac0227ca7df451bd8294cd46298047b43b960ae1c0b0afc5
evidence/hardware/p7/authorized_sequence/p7_20260715_stationary_app_r41_formal_full/032_p7_fragment_boundary_247_rep3/p7_preflight.stderr.log,0,e3b0c44298fc1c149afbf4c8996fb92427ae41e4649b934ca495991b7852b855
evidence/hardware/p7/authorized_sequence/p7_20260715_stationary_app_r41_formal_full/032_p7_fragment_boundary_247_rep3/p7_preflight.stdout.log,9868,009d70126c999c94079e413e1c14a22751bcf9091a2617d14969edb0d011cf85
evidence/hardware/p7/authorized_sequence/p7_20260715_stationary_app_r41_formal_full/032_p7_fragment_boundary_247_rep3/p7_preflight_result.txt,512,b9c7b51d551d7f0a98f48b8493aed82542ccd9993966f478228e655b31ebbe84
evidence/hardware/p7/authorized_sequence/p7_20260715_stationary_app_r41_formal_full/032_p7_fragment_boundary_247_rep3/p7_shutdown_after.stderr.log,0,e3b0c44298fc1c149afbf4c8996fb92427ae41e4649b934ca495991b7852b855
evidence/hardware/p7/authorized_sequence/p7_20260715_stationary_app_r41_formal_full/032_p7_fragment_boundary_247_rep3/p7_shutdown_after.stdout.log,37945,546937176b069511e58434e240b55d5a7d5bcb1e5b564db2ea272c7c7dfbe0fd
evidence/hardware/p7/authorized_sequence/p7_20260715_stationary_app_r41_formal_full/032_p7_fragment_boundary_247_rep3/p7_shutdown_after_result.txt,500,37a86182117c4b35f100a63de7305a513e54199a0076078403a4b35022de63d5
evidence/hardware/p7/authorized_sequence/p7_20260715_stationary_app_r41_formal_full/032_p7_fragment_boundary_247_rep3/p7_shutdown_before.stderr.log,0,e3b0c44298fc1c149afbf4c8996fb92427ae41e4649b934ca495991b7852b855
evidence/hardware/p7/authorized_sequence/p7_20260715_stationary_app_r41_formal_full/032_p7_fragment_boundary_247_rep3/p7_shutdown_before.stdout.log,37945,cbd944017cab01bb5dbad88eb6821407f84a780e40319d41e9bffac4f3dea96e
evidence/hardware/p7/authorized_sequence/p7_20260715_stationary_app_r41_formal_full/032_p7_fragment_boundary_247_rep3/p7_shutdown_before_result.txt,500,37a86182117c4b35f100a63de7305a513e54199a0076078403a4b35022de63d5
evidence/hardware/p7/authorized_sequence/p7_20260715_stationary_app_r41_formal_full/033_p7_fragment_boundary_248_l0/p7_jtag_axi_raw_result.txt,6885,467610d692f23647b047fbad51c06f273ca6035cbb93fd457afeba8a02781f0a
evidence/hardware/p7/authorized_sequence/p7_20260715_stationary_app_r41_formal_full/033_p7_fragment_boundary_248_l0/p7_jtag_axi_stage.stderr.log,0,e3b0c44298fc1c149afbf4c8996fb92427ae41e4649b934ca495991b7852b855
evidence/hardware/p7/authorized_sequence/p7_20260715_stationary_app_r41_formal_full/033_p7_fragment_boundary_248_l0/p7_jtag_axi_stage.stdout.log,44876,d4062d71eff3480f24c4a612c25497b2ca954aebaf9c3432fde4dc61501cf07a
evidence/hardware/p7/authorized_sequence/p7_20260715_stationary_app_r41_formal_full/033_p7_fragment_boundary_248_l0/p7_jtag_axi_stage_events.jsonl,1238,c32a51d80f03ce05de256ea5e4e18786051a2b35a2a43d2e3239047ecf87203c
evidence/hardware/p7/authorized_sequence/p7_20260715_stationary_app_r41_formal_full/033_p7_fragment_boundary_248_l0/p7_jtag_axi_stage_summary.json,98790,0985ed82141d78ede183443611959f40dab4c63ae5181cb1d7487f6a56e90b1a
evidence/hardware/p7/authorized_sequence/p7_20260715_stationary_app_r41_formal_full/033_p7_fragment_boundary_248_l0/p7_jtag_backend_parse_summary.json,6626,230d14ab4c936bb68df3bcded5768cf6d60b8ee929e365bdd8235b642b982ea5
evidence/hardware/p7/authorized_sequence/p7_20260715_stationary_app_r41_formal_full/033_p7_fragment_boundary_248_l0/p7_jtag_reassembled_output.bin,248,c6fefe1bfbe6f5364bf0e40447ffca27fde55f1cd815e1fa3bafb46a41c91749
evidence/hardware/p7/authorized_sequence/p7_20260715_stationary_app_r41_formal_full/033_p7_fragment_boundary_248_l0/p7_preflight.stderr.log,0,e3b0c44298fc1c149afbf4c8996fb92427ae41e4649b934ca495991b7852b855
evidence/hardware/p7/authorized_sequence/p7_20260715_stationary_app_r41_formal_full/033_p7_fragment_boundary_248_l0/p7_preflight.stdout.log,9868,1811c665bedb3fb4193bd72a342493d7fb007732e566bb39909bf8bf1c28ae96
evidence/hardware/p7/authorized_sequence/p7_20260715_stationary_app_r41_formal_full/033_p7_fragment_boundary_248_l0/p7_preflight_result.txt,512,b9c7b51d551d7f0a98f48b8493aed82542ccd9993966f478228e655b31ebbe84
evidence/hardware/p7/authorized_sequence/p7_20260715_stationary_app_r41_formal_full/033_p7_fragment_boundary_248_l0/p7_shutdown_after.stderr.log,0,e3b0c44298fc1c149afbf4c8996fb92427ae41e4649b934ca495991b7852b855
evidence/hardware/p7/authorized_sequence/p7_20260715_stationary_app_r41_formal_full/033_p7_fragment_boundary_248_l0/p7_shutdown_after.stdout.log,37945,587d1128075159332d85d601ee922b5c83d8a5b4b4f840abf5f0302e868b6d56
evidence/hardware/p7/authorized_sequence/p7_20260715_stationary_app_r41_formal_full/033_p7_fragment_boundary_248_l0/p7_shutdown_after_result.txt,500,37a86182117c4b35f100a63de7305a513e54199a0076078403a4b35022de63d5
evidence/hardware/p7/authorized_sequence/p7_20260715_stationary_app_r41_formal_full/033_p7_fragment_boundary_248_l0/p7_shutdown_before.stderr.log,0,e3b0c44298fc1c149afbf4c8996fb92427ae41e4649b934ca495991b7852b855
evidence/hardware/p7/authorized_sequence/p7_20260715_stationary_app_r41_formal_full/033_p7_fragment_boundary_248_l0/p7_shutdown_before.stdout.log,37945,96305d7ccb7acdbdd77a04285d7c74d549fa4ad4dc87d1a8bfd53441342a3990
evidence/hardware/p7/authorized_sequence/p7_20260715_stationary_app_r41_formal_full/033_p7_fragment_boundary_248_l0/p7_shutdown_before_result.txt,500,37a86182117c4b35f100a63de7305a513e54199a0076078403a4b35022de63d5
evidence/hardware/p7/authorized_sequence/p7_20260715_stationary_app_r41_formal_full/034_p7_fragment_boundary_248_l1/p7_jtag_axi_raw_result.txt,6885,74559c1140d8379ac6043fbc17b74f5ae9c85ef55a07cc3d00a9ba2d25c9ac59
evidence/hardware/p7/authorized_sequence/p7_20260715_stationary_app_r41_formal_full/034_p7_fragment_boundary_248_l1/p7_jtag_axi_stage.stderr.log,0,e3b0c44298fc1c149afbf4c8996fb92427ae41e4649b934ca495991b7852b855
evidence/hardware/p7/authorized_sequence/p7_20260715_stationary_app_r41_formal_full/034_p7_fragment_boundary_248_l1/p7_jtag_axi_stage.stdout.log,44876,a1d4a07f26a8c3423716d81bdc7019492d997875e88f9b6dc0a5cb8b9b050550
evidence/hardware/p7/authorized_sequence/p7_20260715_stationary_app_r41_formal_full/034_p7_fragment_boundary_248_l1/p7_jtag_axi_stage_events.jsonl,1238,9577b6657ae867da9b081f79864d338d9797021f77f4abbebd9269c6f96574ca
evidence/hardware/p7/authorized_sequence/p7_20260715_stationary_app_r41_formal_full/034_p7_fragment_boundary_248_l1/p7_jtag_axi_stage_summary.json,98705,cf8620159977a6007958ea2b82c90f64433e6bbe6b23be03baeb00c35c6d50c8
evidence/hardware/p7/authorized_sequence/p7_20260715_stationary_app_r41_formal_full/034_p7_fragment_boundary_248_l1/p7_jtag_backend_parse_summary.json,6626,7b10e0ea38c01ad008764083bef5417a1f9705800fb4071355dc301d44e981ed
evidence/hardware/p7/authorized_sequence/p7_20260715_stationary_app_r41_formal_full/034_p7_fragment_boundary_248_l1/p7_jtag_reassembled_output.bin,248,c6fefe1bfbe6f5364bf0e40447ffca27fde55f1cd815e1fa3bafb46a41c91749
evidence/hardware/p7/authorized_sequence/p7_20260715_stationary_app_r41_formal_full/034_p7_fragment_boundary_248_l1/p7_preflight.stderr.log,0,e3b0c44298fc1c149afbf4c8996fb92427ae41e4649b934ca495991b7852b855
evidence/hardware/p7/authorized_sequence/p7_20260715_stationary_app_r41_formal_full/034_p7_fragment_boundary_248_l1/p7_preflight.stdout.log,9868,335ec66b3d705b4fec526e215d656666bba856971ea6ff46b5a14d5f3f9b8335
evidence/hardware/p7/authorized_sequence/p7_20260715_stationary_app_r41_formal_full/034_p7_fragment_boundary_248_l1/p7_preflight_result.txt,512,b9c7b51d551d7f0a98f48b8493aed82542ccd9993966f478228e655b31ebbe84
evidence/hardware/p7/authorized_sequence/p7_20260715_stationary_app_r41_formal_full/034_p7_fragment_boundary_248_l1/p7_shutdown_after.stderr.log,0,e3b0c44298fc1c149afbf4c8996fb92427ae41e4649b934ca495991b7852b855
evidence/hardware/p7/authorized_sequence/p7_20260715_stationary_app_r41_formal_full/034_p7_fragment_boundary_248_l1/p7_shutdown_after.stdout.log,37945,19aaf8da18a123d623f0e19abcc921e6f069ba8e5b7453fc2ec4b53f65d428e2
evidence/hardware/p7/authorized_sequence/p7_20260715_stationary_app_r41_formal_full/034_p7_fragment_boundary_248_l1/p7_shutdown_after_result.txt,500,37a86182117c4b35f100a63de7305a513e54199a0076078403a4b35022de63d5
evidence/hardware/p7/authorized_sequence/p7_20260715_stationary_app_r41_formal_full/034_p7_fragment_boundary_248_l1/p7_shutdown_before.stderr.log,0,e3b0c44298fc1c149afbf4c8996fb92427ae41e4649b934ca495991b7852b855
evidence/hardware/p7/authorized_sequence/p7_20260715_stationary_app_r41_formal_full/034_p7_fragment_boundary_248_l1/p7_shutdown_before.stdout.log,37945,2ecadc0478a1724746b46ad9808cf5f3ef5c382f8e4836c133843225d787842a
evidence/hardware/p7/authorized_sequence/p7_20260715_stationary_app_r41_formal_full/034_p7_fragment_boundary_248_l1/p7_shutdown_before_result.txt,500,37a86182117c4b35f100a63de7305a513e54199a0076078403a4b35022de63d5
evidence/hardware/p7/authorized_sequence/p7_20260715_stationary_app_r41_formal_full/035_p7_fragment_boundary_248_rr/p7_jtag_axi_raw_result.txt,6893,ca001715b764dfedc3889627dff990e5e14cad44af350290ad5edd2d2f4bb5e7
evidence/hardware/p7/authorized_sequence/p7_20260715_stationary_app_r41_formal_full/035_p7_fragment_boundary_248_rr/p7_jtag_axi_stage.stderr.log,0,e3b0c44298fc1c149afbf4c8996fb92427ae41e4649b934ca495991b7852b855
evidence/hardware/p7/authorized_sequence/p7_20260715_stationary_app_r41_formal_full/035_p7_fragment_boundary_248_rr/p7_jtag_axi_stage.stdout.log,44876,ba8c2c8243a7cbf39f59aa6a92537b45feb01091c3daf9691e7d16658a93afde
evidence/hardware/p7/authorized_sequence/p7_20260715_stationary_app_r41_formal_full/035_p7_fragment_boundary_248_rr/p7_jtag_axi_stage_events.jsonl,1238,7a76a03c3c7acfd6f5e275a6aa2cd39c7f22ddd16ae4a687b854d9bd6c31099f
evidence/hardware/p7/authorized_sequence/p7_20260715_stationary_app_r41_formal_full/035_p7_fragment_boundary_248_rr/p7_jtag_axi_stage_summary.json,98814,cee6904a5e28a5de5037db9a8bd1d6e5c745054c00273a012cc3c0c91f574282
evidence/hardware/p7/authorized_sequence/p7_20260715_stationary_app_r41_formal_full/035_p7_fragment_boundary_248_rr/p7_jtag_backend_parse_summary.json,6633,7759c3e2d1bdfd4d46613e84578b22c1b7eb1f16077c47853090e6ca50377827
evidence/hardware/p7/authorized_sequence/p7_20260715_stationary_app_r41_formal_full/035_p7_fragment_boundary_248_rr/p7_jtag_reassembled_output.bin,248,c6fefe1bfbe6f5364bf0e40447ffca27fde55f1cd815e1fa3bafb46a41c91749
evidence/hardware/p7/authorized_sequence/p7_20260715_stationary_app_r41_formal_full/035_p7_fragment_boundary_248_rr/p7_preflight.stderr.log,0,e3b0c44298fc1c149afbf4c8996fb92427ae41e4649b934ca495991b7852b855
evidence/hardware/p7/authorized_sequence/p7_20260715_stationary_app_r41_formal_full/035_p7_fragment_boundary_248_rr/p7_preflight.stdout.log,9868,d5f13ab4331139d8ccf9465a7247000d936ae1029c3902e7a2f2ec6ee6aac59f
evidence/hardware/p7/authorized_sequence/p7_20260715_stationary_app_r41_formal_full/035_p7_fragment_boundary_248_rr/p7_preflight_result.txt,512,b9c7b51d551d7f0a98f48b8493aed82542ccd9993966f478228e655b31ebbe84
evidence/hardware/p7/authorized_sequence/p7_20260715_stationary_app_r41_formal_full/035_p7_fragment_boundary_248_rr/p7_shutdown_after.stderr.log,0,e3b0c44298fc1c149afbf4c8996fb92427ae41e4649b934ca495991b7852b855
evidence/hardware/p7/authorized_sequence/p7_20260715_stationary_app_r41_formal_full/035_p7_fragment_boundary_248_rr/p7_shutdown_after.stdout.log,37945,e71eda8d275b7184ece85ef78df404e2ac7d669017ff9b2260a2fc319dee0fb9
evidence/hardware/p7/authorized_sequence/p7_20260715_stationary_app_r41_formal_full/035_p7_fragment_boundary_248_rr/p7_shutdown_after_result.txt,500,37a86182117c4b35f100a63de7305a513e54199a0076078403a4b35022de63d5
evidence/hardware/p7/authorized_sequence/p7_20260715_stationary_app_r41_formal_full/035_p7_fragment_boundary_248_rr/p7_shutdown_before.stderr.log,0,e3b0c44298fc1c149afbf4c8996fb92427ae41e4649b934ca495991b7852b855
evidence/hardware/p7/authorized_sequence/p7_20260715_stationary_app_r41_formal_full/035_p7_fragment_boundary_248_rr/p7_shutdown_before.stdout.log,37945,a73fb16bfba255741cc736c01217b0f509d524cc51aa5f932e95abe133e3a6f2
evidence/hardware/p7/authorized_sequence/p7_20260715_stationary_app_r41_formal_full/035_p7_fragment_boundary_248_rr/p7_shutdown_before_result.txt,500,37a86182117c4b35f100a63de7305a513e54199a0076078403a4b35022de63d5
evidence/hardware/p7/authorized_sequence/p7_20260715_stationary_app_r41_formal_full/036_p7_fragment_boundary_248_rep3/p7_jtag_axi_raw_result.txt,6888,856cf728b5f05b3c97d38459721db391d70189654b17906de2d356a8e1a95c05
evidence/hardware/p7/authorized_sequence/p7_20260715_stationary_app_r41_formal_full/036_p7_fragment_boundary_248_rep3/p7_jtag_axi_stage.stderr.log,0,e3b0c44298fc1c149afbf4c8996fb92427ae41e4649b934ca495991b7852b855
evidence/hardware/p7/authorized_sequence/p7_20260715_stationary_app_r41_formal_full/036_p7_fragment_boundary_248_rep3/p7_jtag_axi_stage.stdout.log,44876,1135be2f12c6ac55640766fa710cb2bc95c95d9918efbd6442eaf38cb9b665f5
evidence/hardware/p7/authorized_sequence/p7_20260715_stationary_app_r41_formal_full/036_p7_fragment_boundary_248_rep3/p7_jtag_axi_stage_events.jsonl,1240,b5af013fadb7486facd6cae6c6868985b0ca3aeb3e0a830845ab37d63e69f72a
evidence/hardware/p7/authorized_sequence/p7_20260715_stationary_app_r41_formal_full/036_p7_fragment_boundary_248_rep3/p7_jtag_axi_stage_summary.json,98853,9d2a82d254c175186b0879fb361cd3bbf67da6bf03e4016f788d2e9024213497
evidence/hardware/p7/authorized_sequence/p7_20260715_stationary_app_r41_formal_full/036_p7_fragment_boundary_248_rep3/p7_jtag_backend_parse_summary.json,6636,de83413be32f9af017ce662a9fd4a85273afd2bd24124bc27a3c6107920c02c7
evidence/hardware/p7/authorized_sequence/p7_20260715_stationary_app_r41_formal_full/036_p7_fragment_boundary_248_rep3/p7_jtag_reassembled_output.bin,248,c6fefe1bfbe6f5364bf0e40447ffca27fde55f1cd815e1fa3bafb46a41c91749
evidence/hardware/p7/authorized_sequence/p7_20260715_stationary_app_r41_formal_full/036_p7_fragment_boundary_248_rep3/p7_preflight.stderr.log,0,e3b0c44298fc1c149afbf4c8996fb92427ae41e4649b934ca495991b7852b855
evidence/hardware/p7/authorized_sequence/p7_20260715_stationary_app_r41_formal_full/036_p7_fragment_boundary_248_rep3/p7_preflight.stdout.log,9868,eeaca131befb765a5e3cdd6d04138728181bc771a81fa984008a4d3d7ed51d87
evidence/hardware/p7/authorized_sequence/p7_20260715_stationary_app_r41_formal_full/036_p7_fragment_boundary_248_rep3/p7_preflight_result.txt,512,b9c7b51d551d7f0a98f48b8493aed82542ccd9993966f478228e655b31ebbe84
evidence/hardware/p7/authorized_sequence/p7_20260715_stationary_app_r41_formal_full/036_p7_fragment_boundary_248_rep3/p7_shutdown_after.stderr.log,0,e3b0c44298fc1c149afbf4c8996fb92427ae41e4649b934ca495991b7852b855
evidence/hardware/p7/authorized_sequence/p7_20260715_stationary_app_r41_formal_full/036_p7_fragment_boundary_248_rep3/p7_shutdown_after.stdout.log,37945,9b3a00caf86d170dd1fdabcd4e80e6c54db1e7819be8cfffa79c3ade07861a6a
evidence/hardware/p7/authorized_sequence/p7_20260715_stationary_app_r41_formal_full/036_p7_fragment_boundary_248_rep3/p7_shutdown_after_result.txt,500,37a86182117c4b35f100a63de7305a513e54199a0076078403a4b35022de63d5
evidence/hardware/p7/authorized_sequence/p7_20260715_stationary_app_r41_formal_full/036_p7_fragment_boundary_248_rep3/p7_shutdown_before.stderr.log,0,e3b0c44298fc1c149afbf4c8996fb92427ae41e4649b934ca495991b7852b855
evidence/hardware/p7/authorized_sequence/p7_20260715_stationary_app_r41_formal_full/036_p7_fragment_boundary_248_rep3/p7_shutdown_before.stdout.log,37945,0c717c4f991a4e8ff2fd0600c386716de680b3759448a7a0a6c9538ea47edb9e
evidence/hardware/p7/authorized_sequence/p7_20260715_stationary_app_r41_formal_full/036_p7_fragment_boundary_248_rep3/p7_shutdown_before_result.txt,500,37a86182117c4b35f100a63de7305a513e54199a0076078403a4b35022de63d5
evidence/hardware/p7/authorized_sequence/p7_20260715_stationary_app_r41_formal_full/037_p7_fragment_boundary_430_l0/p7_jtag_axi_raw_result.txt,9225,67dffc48c735428b56fe17fb71ef47ef960ebdca0d22180d26d501c19aba33e7
evidence/hardware/p7/authorized_sequence/p7_20260715_stationary_app_r41_formal_full/037_p7_fragment_boundary_430_l0/p7_jtag_axi_stage.stderr.log,0,e3b0c44298fc1c149afbf4c8996fb92427ae41e4649b934ca495991b7852b855
evidence/hardware/p7/authorized_sequence/p7_20260715_stationary_app_r41_formal_full/037_p7_fragment_boundary_430_l0/p7_jtag_axi_stage.stdout.log,46001,2b8dd160ed3b29c654bd82d8b6c932870679d85a34aea70fa6068c61ad627b2f
evidence/hardware/p7/authorized_sequence/p7_20260715_stationary_app_r41_formal_full/037_p7_fragment_boundary_430_l0/p7_jtag_axi_stage_events.jsonl,1238,14351d2e8e67d53e806b4fc02b2ee9b814a12919198d96351bf1026c379422a1
evidence/hardware/p7/authorized_sequence/p7_20260715_stationary_app_r41_formal_full/037_p7_fragment_boundary_430_l0/p7_jtag_axi_stage_summary.json,107467,d83fafb3519763c532c3e57664817ec6c87df9d9fbd66d2d160fd3fefe168c3f
evidence/hardware/p7/authorized_sequence/p7_20260715_stationary_app_r41_formal_full/037_p7_fragment_boundary_430_l0/p7_jtag_backend_parse_summary.json,6993,2c065da0576f28c5aa784b5f94fc7f8a655fb2c127462d5bee5f31117ed64474
evidence/hardware/p7/authorized_sequence/p7_20260715_stationary_app_r41_formal_full/037_p7_fragment_boundary_430_l0/p7_jtag_reassembled_output.bin,430,6f6709a1cffa2a92cf65fbfed6d70d5da83560bafff9ca7deb11c77c4b26efc9
evidence/hardware/p7/authorized_sequence/p7_20260715_stationary_app_r41_formal_full/037_p7_fragment_boundary_430_l0/p7_preflight.stderr.log,0,e3b0c44298fc1c149afbf4c8996fb92427ae41e4649b934ca495991b7852b855
evidence/hardware/p7/authorized_sequence/p7_20260715_stationary_app_r41_formal_full/037_p7_fragment_boundary_430_l0/p7_preflight.stdout.log,9868,5ef971c624b7c3076a0ba3eb6dd947a1130dd675b9f5ca4abc582c50496d7470
evidence/hardware/p7/authorized_sequence/p7_20260715_stationary_app_r41_formal_full/037_p7_fragment_boundary_430_l0/p7_preflight_result.txt,512,b9c7b51d551d7f0a98f48b8493aed82542ccd9993966f478228e655b31ebbe84
evidence/hardware/p7/authorized_sequence/p7_20260715_stationary_app_r41_formal_full/037_p7_fragment_boundary_430_l0/p7_shutdown_after.stderr.log,0,e3b0c44298fc1c149afbf4c8996fb92427ae41e4649b934ca495991b7852b855
evidence/hardware/p7/authorized_sequence/p7_20260715_stationary_app_r41_formal_full/037_p7_fragment_boundary_430_l0/p7_shutdown_after.stdout.log,37945,03c44c6c853573194b71fabca9006e8d93c1d06b625319590bcfc085ff71c886
evidence/hardware/p7/authorized_sequence/p7_20260715_stationary_app_r41_formal_full/037_p7_fragment_boundary_430_l0/p7_shutdown_after_result.txt,500,37a86182117c4b35f100a63de7305a513e54199a0076078403a4b35022de63d5
evidence/hardware/p7/authorized_sequence/p7_20260715_stationary_app_r41_formal_full/037_p7_fragment_boundary_430_l0/p7_shutdown_before.stderr.log,0,e3b0c44298fc1c149afbf4c8996fb92427ae41e4649b934ca495991b7852b855
evidence/hardware/p7/authorized_sequence/p7_20260715_stationary_app_r41_formal_full/037_p7_fragment_boundary_430_l0/p7_shutdown_before.stdout.log,37945,6eb3e23ba131cad80d9f678fc60e8e71b58c80285c08bc0e2a788e99638a2172
evidence/hardware/p7/authorized_sequence/p7_20260715_stationary_app_r41_formal_full/037_p7_fragment_boundary_430_l0/p7_shutdown_before_result.txt,500,37a86182117c4b35f100a63de7305a513e54199a0076078403a4b35022de63d5
evidence/hardware/p7/authorized_sequence/p7_20260715_stationary_app_r41_formal_full/038_p7_fragment_boundary_430_l1/p7_jtag_axi_raw_result.txt,9225,57ccf76643fad50d25df315e3f6f715116182739072ccf26b6ce1f137ea01104
evidence/hardware/p7/authorized_sequence/p7_20260715_stationary_app_r41_formal_full/038_p7_fragment_boundary_430_l1/p7_jtag_axi_stage.stderr.log,0,e3b0c44298fc1c149afbf4c8996fb92427ae41e4649b934ca495991b7852b855
evidence/hardware/p7/authorized_sequence/p7_20260715_stationary_app_r41_formal_full/038_p7_fragment_boundary_430_l1/p7_jtag_axi_stage.stdout.log,46001,3678644bcbeb4482fa1b83892360a19e27a9bbb3e0d21681765377e217809757
evidence/hardware/p7/authorized_sequence/p7_20260715_stationary_app_r41_formal_full/038_p7_fragment_boundary_430_l1/p7_jtag_axi_stage_events.jsonl,1238,318dde9495d28a7a5c13c300b10f337eac8f54a303aa5792448ad2b11d612070
evidence/hardware/p7/authorized_sequence/p7_20260715_stationary_app_r41_formal_full/038_p7_fragment_boundary_430_l1/p7_jtag_axi_stage_summary.json,107450,0f14cf05a5e9e036f5dc0b0dbbb75f9086c5d6212537216a984614876bdb0aa7
evidence/hardware/p7/authorized_sequence/p7_20260715_stationary_app_r41_formal_full/038_p7_fragment_boundary_430_l1/p7_jtag_backend_parse_summary.json,6994,beeb3588d879db5c0d7c1fb9f5dc2edb1dfe6050f116924398c704dddfacce00
evidence/hardware/p7/authorized_sequence/p7_20260715_stationary_app_r41_formal_full/038_p7_fragment_boundary_430_l1/p7_jtag_reassembled_output.bin,430,6f6709a1cffa2a92cf65fbfed6d70d5da83560bafff9ca7deb11c77c4b26efc9
evidence/hardware/p7/authorized_sequence/p7_20260715_stationary_app_r41_formal_full/038_p7_fragment_boundary_430_l1/p7_preflight.stderr.log,0,e3b0c44298fc1c149afbf4c8996fb92427ae41e4649b934ca495991b7852b855
evidence/hardware/p7/authorized_sequence/p7_20260715_stationary_app_r41_formal_full/038_p7_fragment_boundary_430_l1/p7_preflight.stdout.log,9868,99c4c8fec1d4af440cb5d4329c6cda57a48175b3f9296652f934dedd120e6ab0
evidence/hardware/p7/authorized_sequence/p7_20260715_stationary_app_r41_formal_full/038_p7_fragment_boundary_430_l1/p7_preflight_result.txt,512,b9c7b51d551d7f0a98f48b8493aed82542ccd9993966f478228e655b31ebbe84
evidence/hardware/p7/authorized_sequence/p7_20260715_stationary_app_r41_formal_full/038_p7_fragment_boundary_430_l1/p7_shutdown_after.stderr.log,0,e3b0c44298fc1c149afbf4c8996fb92427ae41e4649b934ca495991b7852b855
evidence/hardware/p7/authorized_sequence/p7_20260715_stationary_app_r41_formal_full/038_p7_fragment_boundary_430_l1/p7_shutdown_after.stdout.log,37945,bd1f048c3cfa3cfc8885f95825ddf32073d1e37ce214137482de5e2b0d289efe
evidence/hardware/p7/authorized_sequence/p7_20260715_stationary_app_r41_formal_full/038_p7_fragment_boundary_430_l1/p7_shutdown_after_result.txt,500,37a86182117c4b35f100a63de7305a513e54199a0076078403a4b35022de63d5
evidence/hardware/p7/authorized_sequence/p7_20260715_stationary_app_r41_formal_full/038_p7_fragment_boundary_430_l1/p7_shutdown_before.stderr.log,0,e3b0c44298fc1c149afbf4c8996fb92427ae41e4649b934ca495991b7852b855
evidence/hardware/p7/authorized_sequence/p7_20260715_stationary_app_r41_formal_full/038_p7_fragment_boundary_430_l1/p7_shutdown_before.stdout.log,37945,7cd59e3f4297108176fc0a3dea04dffa7f6bce68599fe7964c52bcf33c346b3b
evidence/hardware/p7/authorized_sequence/p7_20260715_stationary_app_r41_formal_full/038_p7_fragment_boundary_430_l1/p7_shutdown_before_result.txt,500,37a86182117c4b35f100a63de7305a513e54199a0076078403a4b35022de63d5
evidence/hardware/p7/authorized_sequence/p7_20260715_stationary_app_r41_formal_full/039_p7_fragment_boundary_430_rr/p7_jtag_axi_raw_result.txt,9233,0fe6ff19e27a62b03a4a37ff16e495e605a221d5407d3b5be7132f2f45a23a00
evidence/hardware/p7/authorized_sequence/p7_20260715_stationary_app_r41_formal_full/039_p7_fragment_boundary_430_rr/p7_jtag_axi_stage.stderr.log,0,e3b0c44298fc1c149afbf4c8996fb92427ae41e4649b934ca495991b7852b855
evidence/hardware/p7/authorized_sequence/p7_20260715_stationary_app_r41_formal_full/039_p7_fragment_boundary_430_rr/p7_jtag_axi_stage.stdout.log,46001,2f1064afd6eb6726323e6102791caa567e788623af53013dc1abe53f57113e3d
evidence/hardware/p7/authorized_sequence/p7_20260715_stationary_app_r41_formal_full/039_p7_fragment_boundary_430_rr/p7_jtag_axi_stage_events.jsonl,1238,cf6362296a97cf8e2a1be1c72f7de994f53da8d984aba05075fbe0fbf4b7b195
evidence/hardware/p7/authorized_sequence/p7_20260715_stationary_app_r41_formal_full/039_p7_fragment_boundary_430_rr/p7_jtag_axi_stage_summary.json,107458,547e1a9f5e96e1d41fd6b5baa5120cab6ecaf8a30cc8b4fb38524fb4f8a98640
evidence/hardware/p7/authorized_sequence/p7_20260715_stationary_app_r41_formal_full/039_p7_fragment_boundary_430_rr/p7_jtag_backend_parse_summary.json,7001,acaab32e217b24ba9a70863a570fc4c850aaf6b4611f81505752d1db7706dda4
evidence/hardware/p7/authorized_sequence/p7_20260715_stationary_app_r41_formal_full/039_p7_fragment_boundary_430_rr/p7_jtag_reassembled_output.bin,430,6f6709a1cffa2a92cf65fbfed6d70d5da83560bafff9ca7deb11c77c4b26efc9
evidence/hardware/p7/authorized_sequence/p7_20260715_stationary_app_r41_formal_full/039_p7_fragment_boundary_430_rr/p7_preflight.stderr.log,0,e3b0c44298fc1c149afbf4c8996fb92427ae41e4649b934ca495991b7852b855
evidence/hardware/p7/authorized_sequence/p7_20260715_stationary_app_r41_formal_full/039_p7_fragment_boundary_430_rr/p7_preflight.stdout.log,9868,aa1c81a0ce71282e18570c51e4d08e49b8b54d39370e157671979021091d5dd7
evidence/hardware/p7/authorized_sequence/p7_20260715_stationary_app_r41_formal_full/039_p7_fragment_boundary_430_rr/p7_preflight_result.txt,512,b9c7b51d551d7f0a98f48b8493aed82542ccd9993966f478228e655b31ebbe84
evidence/hardware/p7/authorized_sequence/p7_20260715_stationary_app_r41_formal_full/039_p7_fragment_boundary_430_rr/p7_shutdown_after.stderr.log,0,e3b0c44298fc1c149afbf4c8996fb92427ae41e4649b934ca495991b7852b855
evidence/hardware/p7/authorized_sequence/p7_20260715_stationary_app_r41_formal_full/039_p7_fragment_boundary_430_rr/p7_shutdown_after.stdout.log,37945,6f19cac43582d75f4620859738e1cd05738da1d04b9830e9fc123c89ee83671a
evidence/hardware/p7/authorized_sequence/p7_20260715_stationary_app_r41_formal_full/039_p7_fragment_boundary_430_rr/p7_shutdown_after_result.txt,500,37a86182117c4b35f100a63de7305a513e54199a0076078403a4b35022de63d5
evidence/hardware/p7/authorized_sequence/p7_20260715_stationary_app_r41_formal_full/039_p7_fragment_boundary_430_rr/p7_shutdown_before.stderr.log,0,e3b0c44298fc1c149afbf4c8996fb92427ae41e4649b934ca495991b7852b855
evidence/hardware/p7/authorized_sequence/p7_20260715_stationary_app_r41_formal_full/039_p7_fragment_boundary_430_rr/p7_shutdown_before.stdout.log,37945,37b56472f410e1ce54b4202c4247a5654fb1cb2dd24db0fbde1910b7712a5c18
evidence/hardware/p7/authorized_sequence/p7_20260715_stationary_app_r41_formal_full/039_p7_fragment_boundary_430_rr/p7_shutdown_before_result.txt,500,37a86182117c4b35f100a63de7305a513e54199a0076078403a4b35022de63d5
evidence/hardware/p7/authorized_sequence/p7_20260715_stationary_app_r41_formal_full/040_p7_fragment_boundary_430_rep3/p7_jtag_axi_raw_result.txt,9228,ab10fa074cda165349759e1b22edeb4b83dc85d1070e5141401956a037e58dbd
evidence/hardware/p7/authorized_sequence/p7_20260715_stationary_app_r41_formal_full/040_p7_fragment_boundary_430_rep3/p7_jtag_axi_stage.stderr.log,0,e3b0c44298fc1c149afbf4c8996fb92427ae41e4649b934ca495991b7852b855
evidence/hardware/p7/authorized_sequence/p7_20260715_stationary_app_r41_formal_full/040_p7_fragment_boundary_430_rep3/p7_jtag_axi_stage.stdout.log,46001,1e0e182f1ed871d988a2fe167091c480d3728fbc3eed7ffd2e87133b8b000a70
evidence/hardware/p7/authorized_sequence/p7_20260715_stationary_app_r41_formal_full/040_p7_fragment_boundary_430_rep3/p7_jtag_axi_stage_events.jsonl,1240,06844f7642d3956de2c0dd871728baebc5279547f859bdc8520032f671203674
evidence/hardware/p7/authorized_sequence/p7_20260715_stationary_app_r41_formal_full/040_p7_fragment_boundary_430_rep3/p7_jtag_axi_stage_summary.json,107606,7678fefa7bbfa450ecf3dee01a3e38e50b7f423ab9ceefd436efac6eefc70413
evidence/hardware/p7/authorized_sequence/p7_20260715_stationary_app_r41_formal_full/040_p7_fragment_boundary_430_rep3/p7_jtag_backend_parse_summary.json,7003,39e99ce26aa6d4db188ad26ff86e31a3b646ea4523e3d343d4fefff0fffae3e4
evidence/hardware/p7/authorized_sequence/p7_20260715_stationary_app_r41_formal_full/040_p7_fragment_boundary_430_rep3/p7_jtag_reassembled_output.bin,430,6f6709a1cffa2a92cf65fbfed6d70d5da83560bafff9ca7deb11c77c4b26efc9
evidence/hardware/p7/authorized_sequence/p7_20260715_stationary_app_r41_formal_full/040_p7_fragment_boundary_430_rep3/p7_preflight.stderr.log,0,e3b0c44298fc1c149afbf4c8996fb92427ae41e4649b934ca495991b7852b855
evidence/hardware/p7/authorized_sequence/p7_20260715_stationary_app_r41_formal_full/040_p7_fragment_boundary_430_rep3/p7_preflight.stdout.log,9868,602cbd370fde95f2de3b923552c23cfa69ef4ac7ed533e680930f0f5a1dc4fa6
evidence/hardware/p7/authorized_sequence/p7_20260715_stationary_app_r41_formal_full/040_p7_fragment_boundary_430_rep3/p7_preflight_result.txt,512,b9c7b51d551d7f0a98f48b8493aed82542ccd9993966f478228e655b31ebbe84
evidence/hardware/p7/authorized_sequence/p7_20260715_stationary_app_r41_formal_full/040_p7_fragment_boundary_430_rep3/p7_shutdown_after.stderr.log,0,e3b0c44298fc1c149afbf4c8996fb92427ae41e4649b934ca495991b7852b855
evidence/hardware/p7/authorized_sequence/p7_20260715_stationary_app_r41_formal_full/040_p7_fragment_boundary_430_rep3/p7_shutdown_after.stdout.log,37945,641420724bbe6a278377fd506423736e622082ed836df37da8b7c7ab8eeeb83a
evidence/hardware/p7/authorized_sequence/p7_20260715_stationary_app_r41_formal_full/040_p7_fragment_boundary_430_rep3/p7_shutdown_after_result.txt,500,37a86182117c4b35f100a63de7305a513e54199a0076078403a4b35022de63d5
evidence/hardware/p7/authorized_sequence/p7_20260715_stationary_app_r41_formal_full/040_p7_fragment_boundary_430_rep3/p7_shutdown_before.stderr.log,0,e3b0c44298fc1c149afbf4c8996fb92427ae41e4649b934ca495991b7852b855
evidence/hardware/p7/authorized_sequence/p7_20260715_stationary_app_r41_formal_full/040_p7_fragment_boundary_430_rep3/p7_shutdown_before.stdout.log,37945,91c13fdcb458ff559f720e91cd67ff812203cf814b89592fd66fcc2e15ca0c9f
evidence/hardware/p7/authorized_sequence/p7_20260715_stationary_app_r41_formal_full/040_p7_fragment_boundary_430_rep3/p7_shutdown_before_result.txt,500,37a86182117c4b35f100a63de7305a513e54199a0076078403a4b35022de63d5
evidence/hardware/p7/authorized_sequence/p7_20260715_stationary_app_r41_formal_full/041_p7_fragment_boundary_431_l0/p7_jtag_axi_raw_result.txt,10520,b148e543895143d2287e15e1b4a37575007b038d08847928e0a967aa98b07c09
evidence/hardware/p7/authorized_sequence/p7_20260715_stationary_app_r41_formal_full/041_p7_fragment_boundary_431_l0/p7_jtag_axi_stage.stderr.log,0,e3b0c44298fc1c149afbf4c8996fb92427ae41e4649b934ca495991b7852b855
evidence/hardware/p7/authorized_sequence/p7_20260715_stationary_app_r41_formal_full/041_p7_fragment_boundary_431_l0/p7_jtag_axi_stage.stdout.log,46543,6e5ffd8223dba12dbd05e6d467c42a580920990c519506e1696d504f48eaa03e
evidence/hardware/p7/authorized_sequence/p7_20260715_stationary_app_r41_formal_full/041_p7_fragment_boundary_431_l0/p7_jtag_axi_stage_events.jsonl,1238,470e2d8ef0d705454ea2baa871438cd4ca899c75eaca684495bcd31dbd7c1ce1
evidence/hardware/p7/authorized_sequence/p7_20260715_stationary_app_r41_formal_full/041_p7_fragment_boundary_431_l0/p7_jtag_axi_stage_summary.json,112386,50d1c7587894f486861b822989807324d3c43ebc0e70a9f27ab6e8668beed607
evidence/hardware/p7/authorized_sequence/p7_20260715_stationary_app_r41_formal_full/041_p7_fragment_boundary_431_l0/p7_jtag_backend_parse_summary.json,8516,287fadc03c40b493836a49be7895de6b0abdab44dda8c8f1f539b2647b54a14d
evidence/hardware/p7/authorized_sequence/p7_20260715_stationary_app_r41_formal_full/041_p7_fragment_boundary_431_l0/p7_jtag_reassembled_output.bin,431,a0ee5330d4af687ead5084fe0522d191402cbb0071399cddf60665cc431e1593
evidence/hardware/p7/authorized_sequence/p7_20260715_stationary_app_r41_formal_full/041_p7_fragment_boundary_431_l0/p7_preflight.stderr.log,0,e3b0c44298fc1c149afbf4c8996fb92427ae41e4649b934ca495991b7852b855
evidence/hardware/p7/authorized_sequence/p7_20260715_stationary_app_r41_formal_full/041_p7_fragment_boundary_431_l0/p7_preflight.stdout.log,9868,18223388a5072e26dcb5d9426fecaf6dffd1bbfb507f29cae296435d12d29418
evidence/hardware/p7/authorized_sequence/p7_20260715_stationary_app_r41_formal_full/041_p7_fragment_boundary_431_l0/p7_preflight_result.txt,512,b9c7b51d551d7f0a98f48b8493aed82542ccd9993966f478228e655b31ebbe84
evidence/hardware/p7/authorized_sequence/p7_20260715_stationary_app_r41_formal_full/041_p7_fragment_boundary_431_l0/p7_shutdown_after.stderr.log,0,e3b0c44298fc1c149afbf4c8996fb92427ae41e4649b934ca495991b7852b855
evidence/hardware/p7/authorized_sequence/p7_20260715_stationary_app_r41_formal_full/041_p7_fragment_boundary_431_l0/p7_shutdown_after.stdout.log,37945,40aea5c63ae910493c35e24b294e473cabb6bf0d1d23d785b0e7173d758109c6
evidence/hardware/p7/authorized_sequence/p7_20260715_stationary_app_r41_formal_full/041_p7_fragment_boundary_431_l0/p7_shutdown_after_result.txt,500,37a86182117c4b35f100a63de7305a513e54199a0076078403a4b35022de63d5
evidence/hardware/p7/authorized_sequence/p7_20260715_stationary_app_r41_formal_full/041_p7_fragment_boundary_431_l0/p7_shutdown_before.stderr.log,0,e3b0c44298fc1c149afbf4c8996fb92427ae41e4649b934ca495991b7852b855
evidence/hardware/p7/authorized_sequence/p7_20260715_stationary_app_r41_formal_full/041_p7_fragment_boundary_431_l0/p7_shutdown_before.stdout.log,37945,9b30c95b8710dcf7df06a604a67b6b7e9fb1eae4537b2e83e318e4f0019c20c2
evidence/hardware/p7/authorized_sequence/p7_20260715_stationary_app_r41_formal_full/041_p7_fragment_boundary_431_l0/p7_shutdown_before_result.txt,500,37a86182117c4b35f100a63de7305a513e54199a0076078403a4b35022de63d5
evidence/hardware/p7/authorized_sequence/p7_20260715_stationary_app_r41_formal_full/042_p7_fragment_boundary_431_l1/p7_jtag_axi_raw_result.txt,10520,c066066121b9d7488ef66a433153228998086617ca30659238964233d473cb86
evidence/hardware/p7/authorized_sequence/p7_20260715_stationary_app_r41_formal_full/042_p7_fragment_boundary_431_l1/p7_jtag_axi_stage.stderr.log,0,e3b0c44298fc1c149afbf4c8996fb92427ae41e4649b934ca495991b7852b855
evidence/hardware/p7/authorized_sequence/p7_20260715_stationary_app_r41_formal_full/042_p7_fragment_boundary_431_l1/p7_jtag_axi_stage.stdout.log,46543,aed4e206adf53c33338756386704794d8a8e9deabcd979c64e78d40625f8e8f5
evidence/hardware/p7/authorized_sequence/p7_20260715_stationary_app_r41_formal_full/042_p7_fragment_boundary_431_l1/p7_jtag_axi_stage_events.jsonl,1238,65d5889368f2f3775a778d83cc9f3ea71bcc51208a543e029d1b2f50eef417bd
evidence/hardware/p7/authorized_sequence/p7_20260715_stationary_app_r41_formal_full/042_p7_fragment_boundary_431_l1/p7_jtag_axi_stage_summary.json,111718,da461714cded92102923c1f84b4c92cf3d4fcf4432cab5afc90ef043ffdf7ed3
evidence/hardware/p7/authorized_sequence/p7_20260715_stationary_app_r41_formal_full/042_p7_fragment_boundary_431_l1/p7_jtag_backend_parse_summary.json,8517,dab49dc8d6261a8984d1347b80e37f40ba2a660fe4e124003e8f45ee8d25547d
evidence/hardware/p7/authorized_sequence/p7_20260715_stationary_app_r41_formal_full/042_p7_fragment_boundary_431_l1/p7_jtag_reassembled_output.bin,431,a0ee5330d4af687ead5084fe0522d191402cbb0071399cddf60665cc431e1593
evidence/hardware/p7/authorized_sequence/p7_20260715_stationary_app_r41_formal_full/042_p7_fragment_boundary_431_l1/p7_preflight.stderr.log,0,e3b0c44298fc1c149afbf4c8996fb92427ae41e4649b934ca495991b7852b855
evidence/hardware/p7/authorized_sequence/p7_20260715_stationary_app_r41_formal_full/042_p7_fragment_boundary_431_l1/p7_preflight.stdout.log,9868,8af41a47025f292c13678d132a17d798347530a8555c75fc60c448d73510bec8
evidence/hardware/p7/authorized_sequence/p7_20260715_stationary_app_r41_formal_full/042_p7_fragment_boundary_431_l1/p7_preflight_result.txt,512,b9c7b51d551d7f0a98f48b8493aed82542ccd9993966f478228e655b31ebbe84
evidence/hardware/p7/authorized_sequence/p7_20260715_stationary_app_r41_formal_full/042_p7_fragment_boundary_431_l1/p7_shutdown_after.stderr.log,0,e3b0c44298fc1c149afbf4c8996fb92427ae41e4649b934ca495991b7852b855
evidence/hardware/p7/authorized_sequence/p7_20260715_stationary_app_r41_formal_full/042_p7_fragment_boundary_431_l1/p7_shutdown_after.stdout.log,37945,e293785103c21cd484771704890a9f558b8e0e54689dbd59746f2d61b4ecaca1
evidence/hardware/p7/authorized_sequence/p7_20260715_stationary_app_r41_formal_full/042_p7_fragment_boundary_431_l1/p7_shutdown_after_result.txt,500,37a86182117c4b35f100a63de7305a513e54199a0076078403a4b35022de63d5
evidence/hardware/p7/authorized_sequence/p7_20260715_stationary_app_r41_formal_full/042_p7_fragment_boundary_431_l1/p7_shutdown_before.stderr.log,0,e3b0c44298fc1c149afbf4c8996fb92427ae41e4649b934ca495991b7852b855
evidence/hardware/p7/authorized_sequence/p7_20260715_stationary_app_r41_formal_full/042_p7_fragment_boundary_431_l1/p7_shutdown_before.stdout.log,37945,59117bab664b94fc09f67a6fe9e9f35ebede924b10f8a4861dcc0ee7f2f6a0dd
evidence/hardware/p7/authorized_sequence/p7_20260715_stationary_app_r41_formal_full/042_p7_fragment_boundary_431_l1/p7_shutdown_before_result.txt,500,37a86182117c4b35f100a63de7305a513e54199a0076078403a4b35022de63d5
evidence/hardware/p7/authorized_sequence/p7_20260715_stationary_app_r41_formal_full/043_p7_fragment_boundary_431_rr/p7_jtag_axi_raw_result.txt,10528,c292e466d06e6f375ef99ed68e7ea761123c82fd7b6b4196d104676ffff45492
evidence/hardware/p7/authorized_sequence/p7_20260715_stationary_app_r41_formal_full/043_p7_fragment_boundary_431_rr/p7_jtag_axi_stage.stderr.log,0,e3b0c44298fc1c149afbf4c8996fb92427ae41e4649b934ca495991b7852b855
evidence/hardware/p7/authorized_sequence/p7_20260715_stationary_app_r41_formal_full/043_p7_fragment_boundary_431_rr/p7_jtag_axi_stage.stdout.log,46543,23e9280d404fd0461b05044cc388fd3cafcb2babd7afa4b8d963f421f6f934dc
evidence/hardware/p7/authorized_sequence/p7_20260715_stationary_app_r41_formal_full/043_p7_fragment_boundary_431_rr/p7_jtag_axi_stage_events.jsonl,1238,9d529ec7b1089188d279928f2b75c10150cb44536fbbbf661d08fddb980a7c65
evidence/hardware/p7/authorized_sequence/p7_20260715_stationary_app_r41_formal_full/043_p7_fragment_boundary_431_rr/p7_jtag_axi_stage_summary.json,111714,846a8a844a09e10e1fe2a2c799cba4906dbb6c460e4a044049b7d2724fee622e
evidence/hardware/p7/authorized_sequence/p7_20260715_stationary_app_r41_formal_full/043_p7_fragment_boundary_431_rr/p7_jtag_backend_parse_summary.json,8525,68244c340af3a4b0c4a017807ccf2c951ef4a1614132673309325716f2ea4844
evidence/hardware/p7/authorized_sequence/p7_20260715_stationary_app_r41_formal_full/043_p7_fragment_boundary_431_rr/p7_jtag_reassembled_output.bin,431,a0ee5330d4af687ead5084fe0522d191402cbb0071399cddf60665cc431e1593
evidence/hardware/p7/authorized_sequence/p7_20260715_stationary_app_r41_formal_full/043_p7_fragment_boundary_431_rr/p7_preflight.stderr.log,0,e3b0c44298fc1c149afbf4c8996fb92427ae41e4649b934ca495991b7852b855
evidence/hardware/p7/authorized_sequence/p7_20260715_stationary_app_r41_formal_full/043_p7_fragment_boundary_431_rr/p7_preflight.stdout.log,9868,fd2f1c9e370da0ea213ed523e7477e9887163da621827fa59d6ed58d3fef5292
evidence/hardware/p7/authorized_sequence/p7_20260715_stationary_app_r41_formal_full/043_p7_fragment_boundary_431_rr/p7_preflight_result.txt,512,b9c7b51d551d7f0a98f48b8493aed82542ccd9993966f478228e655b31ebbe84
evidence/hardware/p7/authorized_sequence/p7_20260715_stationary_app_r41_formal_full/043_p7_fragment_boundary_431_rr/p7_shutdown_after.stderr.log,0,e3b0c44298fc1c149afbf4c8996fb92427ae41e4649b934ca495991b7852b855
evidence/hardware/p7/authorized_sequence/p7_20260715_stationary_app_r41_formal_full/043_p7_fragment_boundary_431_rr/p7_shutdown_after.stdout.log,37945,40d0d79ee8417d2c2f2d31fbb33000067b1d2f215e31f8436ef8c806aa1b7821
evidence/hardware/p7/authorized_sequence/p7_20260715_stationary_app_r41_formal_full/043_p7_fragment_boundary_431_rr/p7_shutdown_after_result.txt,500,37a86182117c4b35f100a63de7305a513e54199a0076078403a4b35022de63d5
evidence/hardware/p7/authorized_sequence/p7_20260715_stationary_app_r41_formal_full/043_p7_fragment_boundary_431_rr/p7_shutdown_before.stderr.log,0,e3b0c44298fc1c149afbf4c8996fb92427ae41e4649b934ca495991b7852b855
evidence/hardware/p7/authorized_sequence/p7_20260715_stationary_app_r41_formal_full/043_p7_fragment_boundary_431_rr/p7_shutdown_before.stdout.log,37945,4b7a8febaec6577bb9271476fd09fb3e1c4c2861d8226e95845aa4874fc14b03
evidence/hardware/p7/authorized_sequence/p7_20260715_stationary_app_r41_formal_full/043_p7_fragment_boundary_431_rr/p7_shutdown_before_result.txt,500,37a86182117c4b35f100a63de7305a513e54199a0076078403a4b35022de63d5
evidence/hardware/p7/authorized_sequence/p7_20260715_stationary_app_r41_formal_full/044_p7_fragment_boundary_431_rep3/p7_jtag_axi_raw_result.txt,10523,04daba89baa25a37bea2adf9d4c168e21dabfeb9857a23a70dce0915b7643b03
evidence/hardware/p7/authorized_sequence/p7_20260715_stationary_app_r41_formal_full/044_p7_fragment_boundary_431_rep3/p7_jtag_axi_stage.stderr.log,0,e3b0c44298fc1c149afbf4c8996fb92427ae41e4649b934ca495991b7852b855
evidence/hardware/p7/authorized_sequence/p7_20260715_stationary_app_r41_formal_full/044_p7_fragment_boundary_431_rep3/p7_jtag_axi_stage.stdout.log,46543,9806539a08e2c9ffbf7b210f208e33dfb710f7bc76917b913f56909a9a18dd61
evidence/hardware/p7/authorized_sequence/p7_20260715_stationary_app_r41_formal_full/044_p7_fragment_boundary_431_rep3/p7_jtag_axi_stage_events.jsonl,1240,68049a4493534a87079d2f31756c4e583c3481685e6221ae9fa1bc946473c2d4
evidence/hardware/p7/authorized_sequence/p7_20260715_stationary_app_r41_formal_full/044_p7_fragment_boundary_431_rep3/p7_jtag_axi_stage_summary.json,111809,d625e58c3ad1c7f94822d623d5810a46ad1e8d1dd1006644f009ac277b2cd8f9
evidence/hardware/p7/authorized_sequence/p7_20260715_stationary_app_r41_formal_full/044_p7_fragment_boundary_431_rep3/p7_jtag_backend_parse_summary.json,8526,5d335ba39a8d62b604e21a98bb5a3e7941d6c458542174cf28d1f730a7bda377
evidence/hardware/p7/authorized_sequence/p7_20260715_stationary_app_r41_formal_full/044_p7_fragment_boundary_431_rep3/p7_jtag_reassembled_output.bin,431,a0ee5330d4af687ead5084fe0522d191402cbb0071399cddf60665cc431e1593
evidence/hardware/p7/authorized_sequence/p7_20260715_stationary_app_r41_formal_full/044_p7_fragment_boundary_431_rep3/p7_preflight.stderr.log,0,e3b0c44298fc1c149afbf4c8996fb92427ae41e4649b934ca495991b7852b855
evidence/hardware/p7/authorized_sequence/p7_20260715_stationary_app_r41_formal_full/044_p7_fragment_boundary_431_rep3/p7_preflight.stdout.log,9868,7c58714ce502a30a26191512a8548b2048e90ee57133f6a1d36a476729e7c61e
evidence/hardware/p7/authorized_sequence/p7_20260715_stationary_app_r41_formal_full/044_p7_fragment_boundary_431_rep3/p7_preflight_result.txt,512,b9c7b51d551d7f0a98f48b8493aed82542ccd9993966f478228e655b31ebbe84
evidence/hardware/p7/authorized_sequence/p7_20260715_stationary_app_r41_formal_full/044_p7_fragment_boundary_431_rep3/p7_shutdown_after.stderr.log,0,e3b0c44298fc1c149afbf4c8996fb92427ae41e4649b934ca495991b7852b855
evidence/hardware/p7/authorized_sequence/p7_20260715_stationary_app_r41_formal_full/044_p7_fragment_boundary_431_rep3/p7_shutdown_after.stdout.log,37945,5adb55a25ba2602c42a50762bd362bf3f9671b9d5b257d75334b206b5824426a
evidence/hardware/p7/authorized_sequence/p7_20260715_stationary_app_r41_formal_full/044_p7_fragment_boundary_431_rep3/p7_shutdown_after_result.txt,500,37a86182117c4b35f100a63de7305a513e54199a0076078403a4b35022de63d5
evidence/hardware/p7/authorized_sequence/p7_20260715_stationary_app_r41_formal_full/044_p7_fragment_boundary_431_rep3/p7_shutdown_before.stderr.log,0,e3b0c44298fc1c149afbf4c8996fb92427ae41e4649b934ca495991b7852b855
evidence/hardware/p7/authorized_sequence/p7_20260715_stationary_app_r41_formal_full/044_p7_fragment_boundary_431_rep3/p7_shutdown_before.stdout.log,37945,d38aeb001cfd5a8604b125564f63fe5bf9986e184165f62edf639747996eae67
evidence/hardware/p7/authorized_sequence/p7_20260715_stationary_app_r41_formal_full/044_p7_fragment_boundary_431_rep3/p7_shutdown_before_result.txt,500,37a86182117c4b35f100a63de7305a513e54199a0076078403a4b35022de63d5
evidence/hardware/p7/authorized_sequence/p7_20260715_stationary_app_r41_formal_full/045_p7_fragment_boundary_432_l0/p7_jtag_axi_raw_result.txt,10520,6179ab52be48e357fa68f12680e1e5f1487825b0059fb90ab4afaa845ade1338
evidence/hardware/p7/authorized_sequence/p7_20260715_stationary_app_r41_formal_full/045_p7_fragment_boundary_432_l0/p7_jtag_axi_stage.stderr.log,0,e3b0c44298fc1c149afbf4c8996fb92427ae41e4649b934ca495991b7852b855
evidence/hardware/p7/authorized_sequence/p7_20260715_stationary_app_r41_formal_full/045_p7_fragment_boundary_432_l0/p7_jtag_axi_stage.stdout.log,46543,d41e0947600aaa2360ba1e87c9b3c8f49bc03ae65bff4b16c2ebaef10236b5d9
evidence/hardware/p7/authorized_sequence/p7_20260715_stationary_app_r41_formal_full/045_p7_fragment_boundary_432_l0/p7_jtag_axi_stage_events.jsonl,1238,2e8101d00eceb15d38a2cb049ecd182256fd46bc0f951d8abd14944fedefd613
evidence/hardware/p7/authorized_sequence/p7_20260715_stationary_app_r41_formal_full/045_p7_fragment_boundary_432_l0/p7_jtag_axi_stage_summary.json,111710,478f50be3c28ea5df3e92a7955616e7abb1ee3c9ecc3f3ddc012f0cd87e73ccf
evidence/hardware/p7/authorized_sequence/p7_20260715_stationary_app_r41_formal_full/045_p7_fragment_boundary_432_l0/p7_jtag_backend_parse_summary.json,8519,7c46d00c3e7cf6be9c23d904a93b8c2749d9a0820469abd19f8b2997e6d65d59
evidence/hardware/p7/authorized_sequence/p7_20260715_stationary_app_r41_formal_full/045_p7_fragment_boundary_432_l0/p7_jtag_reassembled_output.bin,432,ce7b1c71b87a0ab700b2547140d15258be75b927600d784ecc071f119f790a69
evidence/hardware/p7/authorized_sequence/p7_20260715_stationary_app_r41_formal_full/045_p7_fragment_boundary_432_l0/p7_preflight.stderr.log,0,e3b0c44298fc1c149afbf4c8996fb92427ae41e4649b934ca495991b7852b855
evidence/hardware/p7/authorized_sequence/p7_20260715_stationary_app_r41_formal_full/045_p7_fragment_boundary_432_l0/p7_preflight.stdout.log,9868,7e34475a5b08d384a34cabf3e6f1c6309f6e044aa744d5917e11c69a4e2305dc
evidence/hardware/p7/authorized_sequence/p7_20260715_stationary_app_r41_formal_full/045_p7_fragment_boundary_432_l0/p7_preflight_result.txt,512,b9c7b51d551d7f0a98f48b8493aed82542ccd9993966f478228e655b31ebbe84
evidence/hardware/p7/authorized_sequence/p7_20260715_stationary_app_r41_formal_full/045_p7_fragment_boundary_432_l0/p7_shutdown_after.stderr.log,0,e3b0c44298fc1c149afbf4c8996fb92427ae41e4649b934ca495991b7852b855
evidence/hardware/p7/authorized_sequence/p7_20260715_stationary_app_r41_formal_full/045_p7_fragment_boundary_432_l0/p7_shutdown_after.stdout.log,37945,3ef7bebc54905a6c6ed5134c5873a6e095386c16d1b64828f2a86dc557afa21d
evidence/hardware/p7/authorized_sequence/p7_20260715_stationary_app_r41_formal_full/045_p7_fragment_boundary_432_l0/p7_shutdown_after_result.txt,500,37a86182117c4b35f100a63de7305a513e54199a0076078403a4b35022de63d5
evidence/hardware/p7/authorized_sequence/p7_20260715_stationary_app_r41_formal_full/045_p7_fragment_boundary_432_l0/p7_shutdown_before.stderr.log,0,e3b0c44298fc1c149afbf4c8996fb92427ae41e4649b934ca495991b7852b855
evidence/hardware/p7/authorized_sequence/p7_20260715_stationary_app_r41_formal_full/045_p7_fragment_boundary_432_l0/p7_shutdown_before.stdout.log,37945,5d679ad93cbab464c315719b9f002412aa2c94b7f8209f5a7ab09785b53fef07
evidence/hardware/p7/authorized_sequence/p7_20260715_stationary_app_r41_formal_full/045_p7_fragment_boundary_432_l0/p7_shutdown_before_result.txt,500,37a86182117c4b35f100a63de7305a513e54199a0076078403a4b35022de63d5
evidence/hardware/p7/authorized_sequence/p7_20260715_stationary_app_r41_formal_full/046_p7_fragment_boundary_432_l1/p7_jtag_axi_raw_result.txt,10520,321515d5f1e937bf0a0eb75f3ac490bbc579c52e2b8ad218514647850a5b16a9
evidence/hardware/p7/authorized_sequence/p7_20260715_stationary_app_r41_formal_full/046_p7_fragment_boundary_432_l1/p7_jtag_axi_stage.stderr.log,0,e3b0c44298fc1c149afbf4c8996fb92427ae41e4649b934ca495991b7852b855
evidence/hardware/p7/authorized_sequence/p7_20260715_stationary_app_r41_formal_full/046_p7_fragment_boundary_432_l1/p7_jtag_axi_stage.stdout.log,46543,c9a9a22e5afdadc2878c460297b402554a01f4c9250212535bf27b892d2ca8fb
evidence/hardware/p7/authorized_sequence/p7_20260715_stationary_app_r41_formal_full/046_p7_fragment_boundary_432_l1/p7_jtag_axi_stage_events.jsonl,1238,7411d4b8c1f6f6b9432e08ecd7a54c14471b92c568b3d01d91de103baa5b878d
evidence/hardware/p7/authorized_sequence/p7_20260715_stationary_app_r41_formal_full/046_p7_fragment_boundary_432_l1/p7_jtag_axi_stage_summary.json,112359,28842f6add9e0d3c2f86610fbda0cff3306e295f0edb8a5ef3d1d1ba2346c144
evidence/hardware/p7/authorized_sequence/p7_20260715_stationary_app_r41_formal_full/046_p7_fragment_boundary_432_l1/p7_jtag_backend_parse_summary.json,8519,f83b3069c84a95dd5852e193b25205f713d05ff0f016cd571444c5d37025101b
evidence/hardware/p7/authorized_sequence/p7_20260715_stationary_app_r41_formal_full/046_p7_fragment_boundary_432_l1/p7_jtag_reassembled_output.bin,432,ce7b1c71b87a0ab700b2547140d15258be75b927600d784ecc071f119f790a69
evidence/hardware/p7/authorized_sequence/p7_20260715_stationary_app_r41_formal_full/046_p7_fragment_boundary_432_l1/p7_preflight.stderr.log,0,e3b0c44298fc1c149afbf4c8996fb92427ae41e4649b934ca495991b7852b855
evidence/hardware/p7/authorized_sequence/p7_20260715_stationary_app_r41_formal_full/046_p7_fragment_boundary_432_l1/p7_preflight.stdout.log,9868,e2f25ef7716f95cb5d02b87f62570990f3becf7a7cb87011c4c47478ae8edcc1
evidence/hardware/p7/authorized_sequence/p7_20260715_stationary_app_r41_formal_full/046_p7_fragment_boundary_432_l1/p7_preflight_result.txt,512,b9c7b51d551d7f0a98f48b8493aed82542ccd9993966f478228e655b31ebbe84
evidence/hardware/p7/authorized_sequence/p7_20260715_stationary_app_r41_formal_full/046_p7_fragment_boundary_432_l1/p7_shutdown_after.stderr.log,0,e3b0c44298fc1c149afbf4c8996fb92427ae41e4649b934ca495991b7852b855
evidence/hardware/p7/authorized_sequence/p7_20260715_stationary_app_r41_formal_full/046_p7_fragment_boundary_432_l1/p7_shutdown_after.stdout.log,37945,173bc9a88589eea9dd1ef87b41d9fc746bf321a4b1b1d14cedc696dd41b73bba
evidence/hardware/p7/authorized_sequence/p7_20260715_stationary_app_r41_formal_full/046_p7_fragment_boundary_432_l1/p7_shutdown_after_result.txt,500,37a86182117c4b35f100a63de7305a513e54199a0076078403a4b35022de63d5
evidence/hardware/p7/authorized_sequence/p7_20260715_stationary_app_r41_formal_full/046_p7_fragment_boundary_432_l1/p7_shutdown_before.stderr.log,0,e3b0c44298fc1c149afbf4c8996fb92427ae41e4649b934ca495991b7852b855
evidence/hardware/p7/authorized_sequence/p7_20260715_stationary_app_r41_formal_full/046_p7_fragment_boundary_432_l1/p7_shutdown_before.stdout.log,37945,bea6000e7eafb4b29bba320ecb99e32f6572d02337a3ab323493f74b09bd8cba
evidence/hardware/p7/authorized_sequence/p7_20260715_stationary_app_r41_formal_full/046_p7_fragment_boundary_432_l1/p7_shutdown_before_result.txt,500,37a86182117c4b35f100a63de7305a513e54199a0076078403a4b35022de63d5
evidence/hardware/p7/authorized_sequence/p7_20260715_stationary_app_r41_formal_full/047_p7_fragment_boundary_432_rr/p7_jtag_axi_raw_result.txt,10528,a17b6cd5468b146f913a105f868921620415696ef8df4ba00818d92ad272bb30
evidence/hardware/p7/authorized_sequence/p7_20260715_stationary_app_r41_formal_full/047_p7_fragment_boundary_432_rr/p7_jtag_axi_stage.stderr.log,0,e3b0c44298fc1c149afbf4c8996fb92427ae41e4649b934ca495991b7852b855
evidence/hardware/p7/authorized_sequence/p7_20260715_stationary_app_r41_formal_full/047_p7_fragment_boundary_432_rr/p7_jtag_axi_stage.stdout.log,46543,40067a22fe97ff53538a2034357789c35ebb39c0d2eef201f33f8641dffb1518
evidence/hardware/p7/authorized_sequence/p7_20260715_stationary_app_r41_formal_full/047_p7_fragment_boundary_432_rr/p7_jtag_axi_stage_events.jsonl,1238,a2af914d5ae2b2c6871bc693301db9d707b6ba1597417d0f0585c396a074bee2
evidence/hardware/p7/authorized_sequence/p7_20260715_stationary_app_r41_formal_full/047_p7_fragment_boundary_432_rr/p7_jtag_axi_stage_summary.json,112377,c4010933e240e6f6b11b8671ec7a72087d853b36a92c090ea1e921eeb9e8462c
evidence/hardware/p7/authorized_sequence/p7_20260715_stationary_app_r41_formal_full/047_p7_fragment_boundary_432_rr/p7_jtag_backend_parse_summary.json,8526,3290c8f4421b96b6a00772d6a4ba9ee62aa07b7160e5695e190a43739e63c02d
evidence/hardware/p7/authorized_sequence/p7_20260715_stationary_app_r41_formal_full/047_p7_fragment_boundary_432_rr/p7_jtag_reassembled_output.bin,432,ce7b1c71b87a0ab700b2547140d15258be75b927600d784ecc071f119f790a69
evidence/hardware/p7/authorized_sequence/p7_20260715_stationary_app_r41_formal_full/047_p7_fragment_boundary_432_rr/p7_preflight.stderr.log,0,e3b0c44298fc1c149afbf4c8996fb92427ae41e4649b934ca495991b7852b855
evidence/hardware/p7/authorized_sequence/p7_20260715_stationary_app_r41_formal_full/047_p7_fragment_boundary_432_rr/p7_preflight.stdout.log,9868,9f4f0e8d83b13f1015f3ed647213a2f9bfe134e9fc493e57e0bcd0961221d3db
evidence/hardware/p7/authorized_sequence/p7_20260715_stationary_app_r41_formal_full/047_p7_fragment_boundary_432_rr/p7_preflight_result.txt,512,b9c7b51d551d7f0a98f48b8493aed82542ccd9993966f478228e655b31ebbe84
evidence/hardware/p7/authorized_sequence/p7_20260715_stationary_app_r41_formal_full/047_p7_fragment_boundary_432_rr/p7_shutdown_after.stderr.log,0,e3b0c44298fc1c149afbf4c8996fb92427ae41e4649b934ca495991b7852b855
evidence/hardware/p7/authorized_sequence/p7_20260715_stationary_app_r41_formal_full/047_p7_fragment_boundary_432_rr/p7_shutdown_after.stdout.log,37945,84ed68d69e2109e3107e4860cef4aa1156d6560885a179c347e68bd0d390c5bf
evidence/hardware/p7/authorized_sequence/p7_20260715_stationary_app_r41_formal_full/047_p7_fragment_boundary_432_rr/p7_shutdown_after_result.txt,500,37a86182117c4b35f100a63de7305a513e54199a0076078403a4b35022de63d5
evidence/hardware/p7/authorized_sequence/p7_20260715_stationary_app_r41_formal_full/047_p7_fragment_boundary_432_rr/p7_shutdown_before.stderr.log,0,e3b0c44298fc1c149afbf4c8996fb92427ae41e4649b934ca495991b7852b855
evidence/hardware/p7/authorized_sequence/p7_20260715_stationary_app_r41_formal_full/047_p7_fragment_boundary_432_rr/p7_shutdown_before.stdout.log,37945,d1ac77daee04b3e770cbe3cd0a59deb9f6d68d7a039105e42e20135a99f56502
evidence/hardware/p7/authorized_sequence/p7_20260715_stationary_app_r41_formal_full/047_p7_fragment_boundary_432_rr/p7_shutdown_before_result.txt,500,37a86182117c4b35f100a63de7305a513e54199a0076078403a4b35022de63d5
evidence/hardware/p7/authorized_sequence/p7_20260715_stationary_app_r41_formal_full/048_p7_fragment_boundary_432_rep3/p7_jtag_axi_raw_result.txt,10523,21b6d727c5dc0debbed835d50a394f1bbf9c0f3384c1707b0f9fe4fd30391e27
evidence/hardware/p7/authorized_sequence/p7_20260715_stationary_app_r41_formal_full/048_p7_fragment_boundary_432_rep3/p7_jtag_axi_stage.stderr.log,0,e3b0c44298fc1c149afbf4c8996fb92427ae41e4649b934ca495991b7852b855
evidence/hardware/p7/authorized_sequence/p7_20260715_stationary_app_r41_formal_full/048_p7_fragment_boundary_432_rep3/p7_jtag_axi_stage.stdout.log,46543,6b70121c72ff5c5ab4cc198fe1ec38094f706ba96700344bbeb5d1af05d194ad
evidence/hardware/p7/authorized_sequence/p7_20260715_stationary_app_r41_formal_full/048_p7_fragment_boundary_432_rep3/p7_jtag_axi_stage_events.jsonl,1240,985ff2a8c96eb4c709abe2fdd90e6f5bd829540a31cc2fe87679a738690493fc
evidence/hardware/p7/authorized_sequence/p7_20260715_stationary_app_r41_formal_full/048_p7_fragment_boundary_432_rep3/p7_jtag_axi_stage_summary.json,111835,031de6966fa494ff14af193df10acdbfa31351a2fc8343bedcf61ffacaa559a2
evidence/hardware/p7/authorized_sequence/p7_20260715_stationary_app_r41_formal_full/048_p7_fragment_boundary_432_rep3/p7_jtag_backend_parse_summary.json,8528,817f0db3ac304e1e8d92489dd21b381f87534b4d19f367500f3615e7a588e415
evidence/hardware/p7/authorized_sequence/p7_20260715_stationary_app_r41_formal_full/048_p7_fragment_boundary_432_rep3/p7_jtag_reassembled_output.bin,432,ce7b1c71b87a0ab700b2547140d15258be75b927600d784ecc071f119f790a69
evidence/hardware/p7/authorized_sequence/p7_20260715_stationary_app_r41_formal_full/048_p7_fragment_boundary_432_rep3/p7_preflight.stderr.log,0,e3b0c44298fc1c149afbf4c8996fb92427ae41e4649b934ca495991b7852b855
evidence/hardware/p7/authorized_sequence/p7_20260715_stationary_app_r41_formal_full/048_p7_fragment_boundary_432_rep3/p7_preflight.stdout.log,9868,221a2204497e1063fd6aa77904d6741029b943113dc40fa8f273db560a676b4b
evidence/hardware/p7/authorized_sequence/p7_20260715_stationary_app_r41_formal_full/048_p7_fragment_boundary_432_rep3/p7_preflight_result.txt,512,b9c7b51d551d7f0a98f48b8493aed82542ccd9993966f478228e655b31ebbe84
evidence/hardware/p7/authorized_sequence/p7_20260715_stationary_app_r41_formal_full/048_p7_fragment_boundary_432_rep3/p7_shutdown_after.stderr.log,0,e3b0c44298fc1c149afbf4c8996fb92427ae41e4649b934ca495991b7852b855
evidence/hardware/p7/authorized_sequence/p7_20260715_stationary_app_r41_formal_full/048_p7_fragment_boundary_432_rep3/p7_shutdown_after.stdout.log,37945,5b24e162847f0eb7b7f16bd9fd460ac783da57872093a49e35c0b55f005c5587
evidence/hardware/p7/authorized_sequence/p7_20260715_stationary_app_r41_formal_full/048_p7_fragment_boundary_432_rep3/p7_shutdown_after_result.txt,500,37a86182117c4b35f100a63de7305a513e54199a0076078403a4b35022de63d5
evidence/hardware/p7/authorized_sequence/p7_20260715_stationary_app_r41_formal_full/048_p7_fragment_boundary_432_rep3/p7_shutdown_before.stderr.log,0,e3b0c44298fc1c149afbf4c8996fb92427ae41e4649b934ca495991b7852b855
evidence/hardware/p7/authorized_sequence/p7_20260715_stationary_app_r41_formal_full/048_p7_fragment_boundary_432_rep3/p7_shutdown_before.stdout.log,37945,c2e96746bc2453762c7c3bb44a0ae236e5cabca6b40c5030c4039b56dd9a34df
evidence/hardware/p7/authorized_sequence/p7_20260715_stationary_app_r41_formal_full/048_p7_fragment_boundary_432_rep3/p7_shutdown_before_result.txt,500,37a86182117c4b35f100a63de7305a513e54199a0076078403a4b35022de63d5
evidence/hardware/p7/authorized_sequence/p7_20260715_stationary_app_r41_formal_full/049_p7_fragment_boundary_1024_l0/p7_jtag_axi_raw_result.txt,20703,7cbc3b7e41cb639b13464b368f75295a2b3462f611f81d7a8694846767cd7f64
evidence/hardware/p7/authorized_sequence/p7_20260715_stationary_app_r41_formal_full/049_p7_fragment_boundary_1024_l0/p7_jtag_axi_stage.stderr.log,0,e3b0c44298fc1c149afbf4c8996fb92427ae41e4649b934ca495991b7852b855
evidence/hardware/p7/authorized_sequence/p7_20260715_stationary_app_r41_formal_full/049_p7_fragment_boundary_1024_l0/p7_jtag_axi_stage.stdout.log,47445,3c2da83ba65604899dcc3ac0857440a0b6df0bdda72ed38a2ea23cfb53433d39
evidence/hardware/p7/authorized_sequence/p7_20260715_stationary_app_r41_formal_full/049_p7_fragment_boundary_1024_l0/p7_jtag_axi_stage_events.jsonl,1239,fd1a46399d76dc4049b24fda7e704650e25c09094f729f57508807b630e8b19f
evidence/hardware/p7/authorized_sequence/p7_20260715_stationary_app_r41_formal_full/049_p7_fragment_boundary_1024_l0/p7_jtag_axi_stage_summary.json,148523,38791138bf05112f3ccdf155eea03cf1c289efc68f8ea0e11801afb570cb552d
evidence/hardware/p7/authorized_sequence/p7_20260715_stationary_app_r41_formal_full/049_p7_fragment_boundary_1024_l0/p7_jtag_backend_parse_summary.json,12761,5daa8ac2ec3abfaaa04ad50c62cbbc64dbd074e7938b4a4ddf4e3eebdae362f3
evidence/hardware/p7/authorized_sequence/p7_20260715_stationary_app_r41_formal_full/049_p7_fragment_boundary_1024_l0/p7_jtag_reassembled_output.bin,1024,785b0751fc2c53dc14a4ce3d800e69ef9ce1009eb327ccf458afe09c242c26c9
evidence/hardware/p7/authorized_sequence/p7_20260715_stationary_app_r41_formal_full/049_p7_fragment_boundary_1024_l0/p7_preflight.stderr.log,0,e3b0c44298fc1c149afbf4c8996fb92427ae41e4649b934ca495991b7852b855
evidence/hardware/p7/authorized_sequence/p7_20260715_stationary_app_r41_formal_full/049_p7_fragment_boundary_1024_l0/p7_preflight.stdout.log,9868,22d8697fdafddf126b311a250811ddecf9a432c2f3825d59ee39a58c663534d2
evidence/hardware/p7/authorized_sequence/p7_20260715_stationary_app_r41_formal_full/049_p7_fragment_boundary_1024_l0/p7_preflight_result.txt,512,b9c7b51d551d7f0a98f48b8493aed82542ccd9993966f478228e655b31ebbe84
evidence/hardware/p7/authorized_sequence/p7_20260715_stationary_app_r41_formal_full/049_p7_fragment_boundary_1024_l0/p7_shutdown_after.stderr.log,0,e3b0c44298fc1c149afbf4c8996fb92427ae41e4649b934ca495991b7852b855
evidence/hardware/p7/authorized_sequence/p7_20260715_stationary_app_r41_formal_full/049_p7_fragment_boundary_1024_l0/p7_shutdown_after.stdout.log,37945,c1195e9ddb4a89f2f8524480c8772ebc37c0560167682f04f939183a7766a0aa
evidence/hardware/p7/authorized_sequence/p7_20260715_stationary_app_r41_formal_full/049_p7_fragment_boundary_1024_l0/p7_shutdown_after_result.txt,500,37a86182117c4b35f100a63de7305a513e54199a0076078403a4b35022de63d5
evidence/hardware/p7/authorized_sequence/p7_20260715_stationary_app_r41_formal_full/049_p7_fragment_boundary_1024_l0/p7_shutdown_before.stderr.log,0,e3b0c44298fc1c149afbf4c8996fb92427ae41e4649b934ca495991b7852b855
evidence/hardware/p7/authorized_sequence/p7_20260715_stationary_app_r41_formal_full/049_p7_fragment_boundary_1024_l0/p7_shutdown_before.stdout.log,37945,5efb6891ca4f5628daf35a6440bb357111c8a957e852519fcdf064b19e86fbbe
evidence/hardware/p7/authorized_sequence/p7_20260715_stationary_app_r41_formal_full/049_p7_fragment_boundary_1024_l0/p7_shutdown_before_result.txt,500,37a86182117c4b35f100a63de7305a513e54199a0076078403a4b35022de63d5
evidence/hardware/p7/authorized_sequence/p7_20260715_stationary_app_r41_formal_full/050_p7_fragment_boundary_1024_l1/p7_jtag_axi_raw_result.txt,20703,49aba6c0cc4534a2524f6ac8233d94d240cf7eab111eeec7021b081b8ffcc368
evidence/hardware/p7/authorized_sequence/p7_20260715_stationary_app_r41_formal_full/050_p7_fragment_boundary_1024_l1/p7_jtag_axi_stage.stderr.log,0,e3b0c44298fc1c149afbf4c8996fb92427ae41e4649b934ca495991b7852b855
evidence/hardware/p7/authorized_sequence/p7_20260715_stationary_app_r41_formal_full/050_p7_fragment_boundary_1024_l1/p7_jtag_axi_stage.stdout.log,47445,cc9e144865269cfb0bd1cfe7fb8dadd724b38adafd3d8092b6dc42f762673b79
evidence/hardware/p7/authorized_sequence/p7_20260715_stationary_app_r41_formal_full/050_p7_fragment_boundary_1024_l1/p7_jtag_axi_stage_events.jsonl,1239,007a74608863c9f84bad2d03d7e4f772a707aa1e970f9df75d096698f92e68a5
evidence/hardware/p7/authorized_sequence/p7_20260715_stationary_app_r41_formal_full/050_p7_fragment_boundary_1024_l1/p7_jtag_axi_stage_summary.json,148433,55af63e2df77dc00f50a6cce59e1c120701e0fc6263a92e8413261e821f8d172
evidence/hardware/p7/authorized_sequence/p7_20260715_stationary_app_r41_formal_full/050_p7_fragment_boundary_1024_l1/p7_jtag_backend_parse_summary.json,12761,a09cff4143c0bad70cf9f295220cccf4b1a73b0b5b7e7ef2636de1523a076bec
evidence/hardware/p7/authorized_sequence/p7_20260715_stationary_app_r41_formal_full/050_p7_fragment_boundary_1024_l1/p7_jtag_reassembled_output.bin,1024,785b0751fc2c53dc14a4ce3d800e69ef9ce1009eb327ccf458afe09c242c26c9
evidence/hardware/p7/authorized_sequence/p7_20260715_stationary_app_r41_formal_full/050_p7_fragment_boundary_1024_l1/p7_preflight.stderr.log,0,e3b0c44298fc1c149afbf4c8996fb92427ae41e4649b934ca495991b7852b855
evidence/hardware/p7/authorized_sequence/p7_20260715_stationary_app_r41_formal_full/050_p7_fragment_boundary_1024_l1/p7_preflight.stdout.log,9868,89e9286480a7a41924ea215ca19f5b23b03ec1206cdf340aa5a739de38aff589
evidence/hardware/p7/authorized_sequence/p7_20260715_stationary_app_r41_formal_full/050_p7_fragment_boundary_1024_l1/p7_preflight_result.txt,512,b9c7b51d551d7f0a98f48b8493aed82542ccd9993966f478228e655b31ebbe84
evidence/hardware/p7/authorized_sequence/p7_20260715_stationary_app_r41_formal_full/050_p7_fragment_boundary_1024_l1/p7_shutdown_after.stderr.log,0,e3b0c44298fc1c149afbf4c8996fb92427ae41e4649b934ca495991b7852b855
evidence/hardware/p7/authorized_sequence/p7_20260715_stationary_app_r41_formal_full/050_p7_fragment_boundary_1024_l1/p7_shutdown_after.stdout.log,37945,01c8824e3532105763f0177e468474594d2fb6df56cf7972573f7247bfaf89f3
evidence/hardware/p7/authorized_sequence/p7_20260715_stationary_app_r41_formal_full/050_p7_fragment_boundary_1024_l1/p7_shutdown_after_result.txt,500,37a86182117c4b35f100a63de7305a513e54199a0076078403a4b35022de63d5
evidence/hardware/p7/authorized_sequence/p7_20260715_stationary_app_r41_formal_full/050_p7_fragment_boundary_1024_l1/p7_shutdown_before.stderr.log,0,e3b0c44298fc1c149afbf4c8996fb92427ae41e4649b934ca495991b7852b855
evidence/hardware/p7/authorized_sequence/p7_20260715_stationary_app_r41_formal_full/050_p7_fragment_boundary_1024_l1/p7_shutdown_before.stdout.log,37945,05519cd6c0ac52e15f7e049ea6ebb24b95ee5066bc1699dcdede2e404f474259
evidence/hardware/p7/authorized_sequence/p7_20260715_stationary_app_r41_formal_full/050_p7_fragment_boundary_1024_l1/p7_shutdown_before_result.txt,500,37a86182117c4b35f100a63de7305a513e54199a0076078403a4b35022de63d5
evidence/hardware/p7/authorized_sequence/p7_20260715_stationary_app_r41_formal_full/051_p7_fragment_boundary_1024_rr/p7_jtag_axi_raw_result.txt,20711,e1ca016a443ad46a05f94e7948bd2e39f9ad874d1804850e93c36e337e69fc4c
evidence/hardware/p7/authorized_sequence/p7_20260715_stationary_app_r41_formal_full/051_p7_fragment_boundary_1024_rr/p7_jtag_axi_stage.stderr.log,0,e3b0c44298fc1c149afbf4c8996fb92427ae41e4649b934ca495991b7852b855
evidence/hardware/p7/authorized_sequence/p7_20260715_stationary_app_r41_formal_full/051_p7_fragment_boundary_1024_rr/p7_jtag_axi_stage.stdout.log,47445,a14b4fc4e57826f7a58102948a8dc52855d37223e673fd0fe40133c655b11a49
evidence/hardware/p7/authorized_sequence/p7_20260715_stationary_app_r41_formal_full/051_p7_fragment_boundary_1024_rr/p7_jtag_axi_stage_events.jsonl,1239,5fc712aac2fbbe4399e972dc1d17f6f4ba9b5d8b2fd63c2f152cb01c1ca0f2bb
evidence/hardware/p7/authorized_sequence/p7_20260715_stationary_app_r41_formal_full/051_p7_fragment_boundary_1024_rr/p7_jtag_axi_stage_summary.json,148472,640ba3c395cd5088e8dbb9b8169caf839e3dfc271a36e9e341b716739751fabf
evidence/hardware/p7/authorized_sequence/p7_20260715_stationary_app_r41_formal_full/051_p7_fragment_boundary_1024_rr/p7_jtag_backend_parse_summary.json,12769,12cafbebc8968963d32016a10be3f5c48be84d549c7c493249b7f6b2ffe979a6
evidence/hardware/p7/authorized_sequence/p7_20260715_stationary_app_r41_formal_full/051_p7_fragment_boundary_1024_rr/p7_jtag_reassembled_output.bin,1024,785b0751fc2c53dc14a4ce3d800e69ef9ce1009eb327ccf458afe09c242c26c9
evidence/hardware/p7/authorized_sequence/p7_20260715_stationary_app_r41_formal_full/051_p7_fragment_boundary_1024_rr/p7_preflight.stderr.log,0,e3b0c44298fc1c149afbf4c8996fb92427ae41e4649b934ca495991b7852b855
evidence/hardware/p7/authorized_sequence/p7_20260715_stationary_app_r41_formal_full/051_p7_fragment_boundary_1024_rr/p7_preflight.stdout.log,9868,f7e4d8dc0601cf8ff67df4687c8e497d6cfc5db702831c9a4691e7e34ff4c4be
evidence/hardware/p7/authorized_sequence/p7_20260715_stationary_app_r41_formal_full/051_p7_fragment_boundary_1024_rr/p7_preflight_result.txt,512,b9c7b51d551d7f0a98f48b8493aed82542ccd9993966f478228e655b31ebbe84
evidence/hardware/p7/authorized_sequence/p7_20260715_stationary_app_r41_formal_full/051_p7_fragment_boundary_1024_rr/p7_shutdown_after.stderr.log,0,e3b0c44298fc1c149afbf4c8996fb92427ae41e4649b934ca495991b7852b855
evidence/hardware/p7/authorized_sequence/p7_20260715_stationary_app_r41_formal_full/051_p7_fragment_boundary_1024_rr/p7_shutdown_after.stdout.log,37945,160b291d922225ecb938eac9a00d9ae67728a369bb1eb1ee2d05b0018dc6f1fe
evidence/hardware/p7/authorized_sequence/p7_20260715_stationary_app_r41_formal_full/051_p7_fragment_boundary_1024_rr/p7_shutdown_after_result.txt,500,37a86182117c4b35f100a63de7305a513e54199a0076078403a4b35022de63d5
evidence/hardware/p7/authorized_sequence/p7_20260715_stationary_app_r41_formal_full/051_p7_fragment_boundary_1024_rr/p7_shutdown_before.stderr.log,0,e3b0c44298fc1c149afbf4c8996fb92427ae41e4649b934ca495991b7852b855
evidence/hardware/p7/authorized_sequence/p7_20260715_stationary_app_r41_formal_full/051_p7_fragment_boundary_1024_rr/p7_shutdown_before.stdout.log,37945,f337b4be23db28600425b08bedae2efa31d9ec702131881fb04ee788e04f564d
evidence/hardware/p7/authorized_sequence/p7_20260715_stationary_app_r41_formal_full/051_p7_fragment_boundary_1024_rr/p7_shutdown_before_result.txt,500,37a86182117c4b35f100a63de7305a513e54199a0076078403a4b35022de63d5
evidence/hardware/p7/authorized_sequence/p7_20260715_stationary_app_r41_formal_full/052_p7_fragment_boundary_1024_rep3/p7_jtag_axi_raw_result.txt,20706,a0a2b472382bc000192f59736b31bd95174cc482d325dbf54ebc3f1805252db6
evidence/hardware/p7/authorized_sequence/p7_20260715_stationary_app_r41_formal_full/052_p7_fragment_boundary_1024_rep3/p7_jtag_axi_stage.stderr.log,0,e3b0c44298fc1c149afbf4c8996fb92427ae41e4649b934ca495991b7852b855
evidence/hardware/p7/authorized_sequence/p7_20260715_stationary_app_r41_formal_full/052_p7_fragment_boundary_1024_rep3/p7_jtag_axi_stage.stdout.log,47445,b9fd709db8e5d73659d45d0a3984549cbce91b5a8345b2eb58120f459285b1f0
evidence/hardware/p7/authorized_sequence/p7_20260715_stationary_app_r41_formal_full/052_p7_fragment_boundary_1024_rep3/p7_jtag_axi_stage_events.jsonl,1241,4d7cf408e4657d88ce435b7da066636bbd7e837c54ec29837e66bd167703615e
evidence/hardware/p7/authorized_sequence/p7_20260715_stationary_app_r41_formal_full/052_p7_fragment_boundary_1024_rep3/p7_jtag_axi_stage_summary.json,148553,817d98f11389e169bdb448238bcc22caef4f951ac9aa49d8cfc3ff05fa89ab6d
evidence/hardware/p7/authorized_sequence/p7_20260715_stationary_app_r41_formal_full/052_p7_fragment_boundary_1024_rep3/p7_jtag_backend_parse_summary.json,12772,b0dcb513fb8f3e909d6e12c7dea6ca6e14643af7887e8dbbbcc7a8f83b9f632f
evidence/hardware/p7/authorized_sequence/p7_20260715_stationary_app_r41_formal_full/052_p7_fragment_boundary_1024_rep3/p7_jtag_reassembled_output.bin,1024,785b0751fc2c53dc14a4ce3d800e69ef9ce1009eb327ccf458afe09c242c26c9
evidence/hardware/p7/authorized_sequence/p7_20260715_stationary_app_r41_formal_full/052_p7_fragment_boundary_1024_rep3/p7_preflight.stderr.log,0,e3b0c44298fc1c149afbf4c8996fb92427ae41e4649b934ca495991b7852b855
evidence/hardware/p7/authorized_sequence/p7_20260715_stationary_app_r41_formal_full/052_p7_fragment_boundary_1024_rep3/p7_preflight.stdout.log,9868,564d14b7a86cb7af95a275d13ba45d4e157f510ebb6e4bc973bf5dade1b8babe
evidence/hardware/p7/authorized_sequence/p7_20260715_stationary_app_r41_formal_full/052_p7_fragment_boundary_1024_rep3/p7_preflight_result.txt,512,b9c7b51d551d7f0a98f48b8493aed82542ccd9993966f478228e655b31ebbe84
evidence/hardware/p7/authorized_sequence/p7_20260715_stationary_app_r41_formal_full/052_p7_fragment_boundary_1024_rep3/p7_shutdown_after.stderr.log,0,e3b0c44298fc1c149afbf4c8996fb92427ae41e4649b934ca495991b7852b855
evidence/hardware/p7/authorized_sequence/p7_20260715_stationary_app_r41_formal_full/052_p7_fragment_boundary_1024_rep3/p7_shutdown_after.stdout.log,37945,8ad9efd71a6352cade3d737ac592554d4974eb683929dd7d04dc81e989037d1b
evidence/hardware/p7/authorized_sequence/p7_20260715_stationary_app_r41_formal_full/052_p7_fragment_boundary_1024_rep3/p7_shutdown_after_result.txt,500,37a86182117c4b35f100a63de7305a513e54199a0076078403a4b35022de63d5
evidence/hardware/p7/authorized_sequence/p7_20260715_stationary_app_r41_formal_full/052_p7_fragment_boundary_1024_rep3/p7_shutdown_before.stderr.log,0,e3b0c44298fc1c149afbf4c8996fb92427ae41e4649b934ca495991b7852b855
evidence/hardware/p7/authorized_sequence/p7_20260715_stationary_app_r41_formal_full/052_p7_fragment_boundary_1024_rep3/p7_shutdown_before.stdout.log,37945,f307a0ffa29225657c0589e1be16bc414d171f1b94441d9921028b56ae711966
evidence/hardware/p7/authorized_sequence/p7_20260715_stationary_app_r41_formal_full/052_p7_fragment_boundary_1024_rep3/p7_shutdown_before_result.txt,500,37a86182117c4b35f100a63de7305a513e54199a0076078403a4b35022de63d5
evidence/hardware/p7/authorized_sequence/p7_20260715_stationary_app_r41_formal_full/053_p7_large_jtag_4k_rr_random/p7_jtag_axi_raw_result.txt,79500,46dadaf4430dd33957c2bf51767a42fd0d73791002a0f43292055c0ade636e15
evidence/hardware/p7/authorized_sequence/p7_20260715_stationary_app_r41_formal_full/053_p7_large_jtag_4k_rr_random/p7_jtag_axi_stage.stderr.log,0,e3b0c44298fc1c149afbf4c8996fb92427ae41e4649b934ca495991b7852b855
evidence/hardware/p7/authorized_sequence/p7_20260715_stationary_app_r41_formal_full/053_p7_large_jtag_4k_rr_random/p7_jtag_axi_stage.stdout.log,47445,b87594a57b7e258122c3cf8c055a4531156c41414c2884084c15d00174707122
evidence/hardware/p7/authorized_sequence/p7_20260715_stationary_app_r41_formal_full/053_p7_large_jtag_4k_rr_random/p7_jtag_axi_stage_events.jsonl,1237,c6719e2d053e6c593064a185be83436007788a06dc3d32001db04ce4628faeea
evidence/hardware/p7/authorized_sequence/p7_20260715_stationary_app_r41_formal_full/053_p7_large_jtag_4k_rr_random/p7_jtag_axi_stage_summary.json,359345,f7790a7d0517e69cf7de2e52e9ecc038bf9154bb666c550684088383d82751e1
evidence/hardware/p7/authorized_sequence/p7_20260715_stationary_app_r41_formal_full/053_p7_large_jtag_4k_rr_random/p7_jtag_backend_parse_summary.json,41836,adb0023eb33533a81a3f46215a519de961b8322a4d274d54d2ec90493ca5c26f
evidence/hardware/p7/authorized_sequence/p7_20260715_stationary_app_r41_formal_full/053_p7_large_jtag_4k_rr_random/p7_jtag_reassembled_output.bin,4096,ca572f618177e1db6b69dfa8bdeb63b86862d348b63ddbdc11c7042c04c9058c
evidence/hardware/p7/authorized_sequence/p7_20260715_stationary_app_r41_formal_full/053_p7_large_jtag_4k_rr_random/p7_preflight.stderr.log,0,e3b0c44298fc1c149afbf4c8996fb92427ae41e4649b934ca495991b7852b855
evidence/hardware/p7/authorized_sequence/p7_20260715_stationary_app_r41_formal_full/053_p7_large_jtag_4k_rr_random/p7_preflight.stdout.log,9868,1bb4e9ff4b08f7507738fc0a4a3e758cef27f4e2487699bc81ffbe9544c464c7
evidence/hardware/p7/authorized_sequence/p7_20260715_stationary_app_r41_formal_full/053_p7_large_jtag_4k_rr_random/p7_preflight_result.txt,512,b9c7b51d551d7f0a98f48b8493aed82542ccd9993966f478228e655b31ebbe84
evidence/hardware/p7/authorized_sequence/p7_20260715_stationary_app_r41_formal_full/053_p7_large_jtag_4k_rr_random/p7_shutdown_after.stderr.log,0,e3b0c44298fc1c149afbf4c8996fb92427ae41e4649b934ca495991b7852b855
evidence/hardware/p7/authorized_sequence/p7_20260715_stationary_app_r41_formal_full/053_p7_large_jtag_4k_rr_random/p7_shutdown_after.stdout.log,37945,82c8eda401a5dd55e377cb96f3bdde5949fac1250b4a73ad6c99715b4b483fe9
evidence/hardware/p7/authorized_sequence/p7_20260715_stationary_app_r41_formal_full/053_p7_large_jtag_4k_rr_random/p7_shutdown_after_result.txt,500,37a86182117c4b35f100a63de7305a513e54199a0076078403a4b35022de63d5
evidence/hardware/p7/authorized_sequence/p7_20260715_stationary_app_r41_formal_full/053_p7_large_jtag_4k_rr_random/p7_shutdown_before.stderr.log,0,e3b0c44298fc1c149afbf4c8996fb92427ae41e4649b934ca495991b7852b855
evidence/hardware/p7/authorized_sequence/p7_20260715_stationary_app_r41_formal_full/053_p7_large_jtag_4k_rr_random/p7_shutdown_before.stdout.log,37945,d31251a8c71b39cfb903c84b393981ad62d110cd174c65578156c573f7f8480e
evidence/hardware/p7/authorized_sequence/p7_20260715_stationary_app_r41_formal_full/053_p7_large_jtag_4k_rr_random/p7_shutdown_before_result.txt,500,37a86182117c4b35f100a63de7305a513e54199a0076078403a4b35022de63d5
evidence/hardware/p7/authorized_sequence/p7_20260715_stationary_app_r41_formal_full/054_p7_large_jtag_64k_rr_counter/p7_jtag_axi_raw_result.txt,1236168,c2ef549ac079eb23e3ca23020bdac8d814a59cedc3126c71d3588a0b99d80eeb
evidence/hardware/p7/authorized_sequence/p7_20260715_stationary_app_r41_formal_full/054_p7_large_jtag_64k_rr_counter/p7_jtag_axi_stage.stderr.log,0,e3b0c44298fc1c149afbf4c8996fb92427ae41e4649b934ca495991b7852b855
evidence/hardware/p7/authorized_sequence/p7_20260715_stationary_app_r41_formal_full/054_p7_large_jtag_64k_rr_counter/p7_jtag_axi_stage.stdout.log,47446,09d21984b92e6ae06fa0b70e0988aaeb2e746f2f10dbc79b8c3b22cdbbbeb7c7
evidence/hardware/p7/authorized_sequence/p7_20260715_stationary_app_r41_formal_full/054_p7_large_jtag_64k_rr_counter/p7_jtag_axi_stage_events.jsonl,1239,421587bd6fe33135ca848cf07a3073cfe8a9a044819bf2819588400f12238538
evidence/hardware/p7/authorized_sequence/p7_20260715_stationary_app_r41_formal_full/054_p7_large_jtag_64k_rr_counter/p7_jtag_axi_stage_summary.json,4502756,2f1f6ee1350f083d3660145ff0267b9e54e72371c6f1aeba68733544eeac8ba5
evidence/hardware/p7/authorized_sequence/p7_20260715_stationary_app_r41_formal_full/054_p7_large_jtag_64k_rr_counter/p7_jtag_backend_parse_summary.json,602529,6fe8a3f320e55df5d1f1a4bceee84af9bbbd2a876ded668ede675cba8ca7b51d
evidence/hardware/p7/authorized_sequence/p7_20260715_stationary_app_r41_formal_full/054_p7_large_jtag_64k_rr_counter/p7_jtag_reassembled_output.bin,65536,48a92fb824afd752607d64c55e2467fbdcc8fda65deb25c2ed5b327d6dc88f11
evidence/hardware/p7/authorized_sequence/p7_20260715_stationary_app_r41_formal_full/054_p7_large_jtag_64k_rr_counter/p7_preflight.stderr.log,0,e3b0c44298fc1c149afbf4c8996fb92427ae41e4649b934ca495991b7852b855
evidence/hardware/p7/authorized_sequence/p7_20260715_stationary_app_r41_formal_full/054_p7_large_jtag_64k_rr_counter/p7_preflight.stdout.log,9868,6732bffd06fac82521e3955e619b41c05b6a29352856444c148c57c23f9c2a9f
evidence/hardware/p7/authorized_sequence/p7_20260715_stationary_app_r41_formal_full/054_p7_large_jtag_64k_rr_counter/p7_preflight_result.txt,512,b9c7b51d551d7f0a98f48b8493aed82542ccd9993966f478228e655b31ebbe84
evidence/hardware/p7/authorized_sequence/p7_20260715_stationary_app_r41_formal_full/054_p7_large_jtag_64k_rr_counter/p7_shutdown_after.stderr.log,0,e3b0c44298fc1c149afbf4c8996fb92427ae41e4649b934ca495991b7852b855
evidence/hardware/p7/authorized_sequence/p7_20260715_stationary_app_r41_formal_full/054_p7_large_jtag_64k_rr_counter/p7_shutdown_after.stdout.log,37945,99f901d58a60818e34b91f2e236ab14097f81e4e0bfb5300894a7437891d90d4
evidence/hardware/p7/authorized_sequence/p7_20260715_stationary_app_r41_formal_full/054_p7_large_jtag_64k_rr_counter/p7_shutdown_after_result.txt,500,37a86182117c4b35f100a63de7305a513e54199a0076078403a4b35022de63d5
evidence/hardware/p7/authorized_sequence/p7_20260715_stationary_app_r41_formal_full/054_p7_large_jtag_64k_rr_counter/p7_shutdown_before.stderr.log,0,e3b0c44298fc1c149afbf4c8996fb92427ae41e4649b934ca495991b7852b855
evidence/hardware/p7/authorized_sequence/p7_20260715_stationary_app_r41_formal_full/054_p7_large_jtag_64k_rr_counter/p7_shutdown_before.stdout.log,37945,9169008c066bf12a418a48d949a39e2ca1240e237a1acdf9fb73fa0955cfd554
evidence/hardware/p7/authorized_sequence/p7_20260715_stationary_app_r41_formal_full/054_p7_large_jtag_64k_rr_counter/p7_shutdown_before_result.txt,500,37a86182117c4b35f100a63de7305a513e54199a0076078403a4b35022de63d5
evidence/hardware/p7/authorized_sequence/p7_20260715_stationary_app_r41_formal_full/055_p7_large_jtag_64k_rr_prbs15/p7_jtag_axi_raw_result.txt,1236168,9069cdd28a7828daebf929edc497292779a013527d106d417382ac3379e88cf2
evidence/hardware/p7/authorized_sequence/p7_20260715_stationary_app_r41_formal_full/055_p7_large_jtag_64k_rr_prbs15/p7_jtag_axi_stage.stderr.log,0,e3b0c44298fc1c149afbf4c8996fb92427ae41e4649b934ca495991b7852b855
evidence/hardware/p7/authorized_sequence/p7_20260715_stationary_app_r41_formal_full/055_p7_large_jtag_64k_rr_prbs15/p7_jtag_axi_stage.stdout.log,47446,0bbd67938da8077335b65bebe5b338a086056207f783b8e9bf523f777279080c
evidence/hardware/p7/authorized_sequence/p7_20260715_stationary_app_r41_formal_full/055_p7_large_jtag_64k_rr_prbs15/p7_jtag_axi_stage_events.jsonl,1238,148d82c42ace887316307893525927b5f71dce081d85c00b8fe2f5aad2b5be79
evidence/hardware/p7/authorized_sequence/p7_20260715_stationary_app_r41_formal_full/055_p7_large_jtag_64k_rr_prbs15/p7_jtag_axi_stage_summary.json,4502641,a28ffd510257dd556b076aad6c833147ed8b8b67519aef21506836a7903897ce
evidence/hardware/p7/authorized_sequence/p7_20260715_stationary_app_r41_formal_full/055_p7_large_jtag_64k_rr_prbs15/p7_jtag_backend_parse_summary.json,602515,34db152a4be51d77af84cec87a25222e9087e0b8e8363bd6ef2bea011979b4c1
evidence/hardware/p7/authorized_sequence/p7_20260715_stationary_app_r41_formal_full/055_p7_large_jtag_64k_rr_prbs15/p7_jtag_reassembled_output.bin,65536,ca45ccdf9f0c2be72656e6414cd71ae407b860df22830092d92fb0dbf1a0f1eb
evidence/hardware/p7/authorized_sequence/p7_20260715_stationary_app_r41_formal_full/055_p7_large_jtag_64k_rr_prbs15/p7_preflight.stderr.log,0,e3b0c44298fc1c149afbf4c8996fb92427ae41e4649b934ca495991b7852b855
evidence/hardware/p7/authorized_sequence/p7_20260715_stationary_app_r41_formal_full/055_p7_large_jtag_64k_rr_prbs15/p7_preflight.stdout.log,9868,0d932c25773958be0150b5bdc6019a841d5031b9cb448176740890460e3a022b
evidence/hardware/p7/authorized_sequence/p7_20260715_stationary_app_r41_formal_full/055_p7_large_jtag_64k_rr_prbs15/p7_preflight_result.txt,512,b9c7b51d551d7f0a98f48b8493aed82542ccd9993966f478228e655b31ebbe84
evidence/hardware/p7/authorized_sequence/p7_20260715_stationary_app_r41_formal_full/055_p7_large_jtag_64k_rr_prbs15/p7_shutdown_after.stderr.log,0,e3b0c44298fc1c149afbf4c8996fb92427ae41e4649b934ca495991b7852b855
evidence/hardware/p7/authorized_sequence/p7_20260715_stationary_app_r41_formal_full/055_p7_large_jtag_64k_rr_prbs15/p7_shutdown_after.stdout.log,37945,14d79e5ff3ac3338697456171730fcae13c62f04327f4db89c8ebd1a1ac18ad6
evidence/hardware/p7/authorized_sequence/p7_20260715_stationary_app_r41_formal_full/055_p7_large_jtag_64k_rr_prbs15/p7_shutdown_after_result.txt,500,37a86182117c4b35f100a63de7305a513e54199a0076078403a4b35022de63d5
evidence/hardware/p7/authorized_sequence/p7_20260715_stationary_app_r41_formal_full/055_p7_large_jtag_64k_rr_prbs15/p7_shutdown_before.stderr.log,0,e3b0c44298fc1c149afbf4c8996fb92427ae41e4649b934ca495991b7852b855
evidence/hardware/p7/authorized_sequence/p7_20260715_stationary_app_r41_formal_full/055_p7_large_jtag_64k_rr_prbs15/p7_shutdown_before.stdout.log,37945,f7febd46294444731ad0622923577a941271be93326a30a3d6977dd8f95b52f4
evidence/hardware/p7/authorized_sequence/p7_20260715_stationary_app_r41_formal_full/055_p7_large_jtag_64k_rr_prbs15/p7_shutdown_before_result.txt,500,37a86182117c4b35f100a63de7305a513e54199a0076078403a4b35022de63d5
evidence/hardware/p7/authorized_sequence/p7_20260715_stationary_app_r41_formal_full/056_p7_large_jtag_64k_rr_random/p7_jtag_axi_raw_result.txt,1236168,26ad682cb58e10ba94483e8b1688b1aaec75346cb61c79efd32f7fa2b0ac01f3
evidence/hardware/p7/authorized_sequence/p7_20260715_stationary_app_r41_formal_full/056_p7_large_jtag_64k_rr_random/p7_jtag_axi_stage.stderr.log,0,e3b0c44298fc1c149afbf4c8996fb92427ae41e4649b934ca495991b7852b855
evidence/hardware/p7/authorized_sequence/p7_20260715_stationary_app_r41_formal_full/056_p7_large_jtag_64k_rr_random/p7_jtag_axi_stage.stdout.log,47446,1d5f4eacb43a770baa746edde1656d1e1a1c43935d82dc7e08cce50ed3988511
evidence/hardware/p7/authorized_sequence/p7_20260715_stationary_app_r41_formal_full/056_p7_large_jtag_64k_rr_random/p7_jtag_axi_stage_events.jsonl,1238,b1a84d6a64a530f4d4dd0ca72e2a21d176859e59c34abb167ef10b640664ef2d
evidence/hardware/p7/authorized_sequence/p7_20260715_stationary_app_r41_formal_full/056_p7_large_jtag_64k_rr_random/p7_jtag_axi_stage_summary.json,4502767,029e402ff02b324749f1b16248954b1b64773861c2653cfeec3e157625672500
evidence/hardware/p7/authorized_sequence/p7_20260715_stationary_app_r41_formal_full/056_p7_large_jtag_64k_rr_random/p7_jtag_backend_parse_summary.json,602520,fc9a65df0be02fe5bad56f622b965b7ed1287afaa3aaa8d1be7ba63a2bd85e10
evidence/hardware/p7/authorized_sequence/p7_20260715_stationary_app_r41_formal_full/056_p7_large_jtag_64k_rr_random/p7_jtag_reassembled_output.bin,65536,ca1a191acfd778bc9609a3d9c88d7ff52b710af06ce7cbf8ff98999680deead7
evidence/hardware/p7/authorized_sequence/p7_20260715_stationary_app_r41_formal_full/056_p7_large_jtag_64k_rr_random/p7_preflight.stderr.log,0,e3b0c44298fc1c149afbf4c8996fb92427ae41e4649b934ca495991b7852b855
evidence/hardware/p7/authorized_sequence/p7_20260715_stationary_app_r41_formal_full/056_p7_large_jtag_64k_rr_random/p7_preflight.stdout.log,9868,ddd440b6d28d631059229267dd913a7f7a3f0c0b215c44415787e91ff26f4c25
evidence/hardware/p7/authorized_sequence/p7_20260715_stationary_app_r41_formal_full/056_p7_large_jtag_64k_rr_random/p7_preflight_result.txt,512,b9c7b51d551d7f0a98f48b8493aed82542ccd9993966f478228e655b31ebbe84
evidence/hardware/p7/authorized_sequence/p7_20260715_stationary_app_r41_formal_full/056_p7_large_jtag_64k_rr_random/p7_shutdown_after.stderr.log,0,e3b0c44298fc1c149afbf4c8996fb92427ae41e4649b934ca495991b7852b855
evidence/hardware/p7/authorized_sequence/p7_20260715_stationary_app_r41_formal_full/056_p7_large_jtag_64k_rr_random/p7_shutdown_after.stdout.log,37945,61ba759ad91d3e28671f4d3941150b35c01a84fa1fc12fb2e705dfd18af572b2
evidence/hardware/p7/authorized_sequence/p7_20260715_stationary_app_r41_formal_full/056_p7_large_jtag_64k_rr_random/p7_shutdown_after_result.txt,500,37a86182117c4b35f100a63de7305a513e54199a0076078403a4b35022de63d5
evidence/hardware/p7/authorized_sequence/p7_20260715_stationary_app_r41_formal_full/056_p7_large_jtag_64k_rr_random/p7_shutdown_before.stderr.log,0,e3b0c44298fc1c149afbf4c8996fb92427ae41e4649b934ca495991b7852b855
evidence/hardware/p7/authorized_sequence/p7_20260715_stationary_app_r41_formal_full/056_p7_large_jtag_64k_rr_random/p7_shutdown_before.stdout.log,37945,64b1533e7298d0a0c1d7e5c659fe79a762abd68d8ab435b32736bae5258a35f9
evidence/hardware/p7/authorized_sequence/p7_20260715_stationary_app_r41_formal_full/056_p7_large_jtag_64k_rr_random/p7_shutdown_before_result.txt,500,37a86182117c4b35f100a63de7305a513e54199a0076078403a4b35022de63d5
evidence/hardware/p7/authorized_sequence/p7_20260715_stationary_app_r41_formal_full/057_p7_large_jtag_64k_rr_all_bytes/p7_jtag_axi_raw_result.txt,1236168,7ed3c5425ad7128705315f2676eb038aa1d3f184a1981e76d60f9013b1b994a3
evidence/hardware/p7/authorized_sequence/p7_20260715_stationary_app_r41_formal_full/057_p7_large_jtag_64k_rr_all_bytes/p7_jtag_axi_stage.stderr.log,0,e3b0c44298fc1c149afbf4c8996fb92427ae41e4649b934ca495991b7852b855
evidence/hardware/p7/authorized_sequence/p7_20260715_stationary_app_r41_formal_full/057_p7_large_jtag_64k_rr_all_bytes/p7_jtag_axi_stage.stdout.log,47446,c363d8647031fa3f5f3362e7a2b6991e4af8b29dee3504cc82ef64ed0175c99f
evidence/hardware/p7/authorized_sequence/p7_20260715_stationary_app_r41_formal_full/057_p7_large_jtag_64k_rr_all_bytes/p7_jtag_axi_stage_events.jsonl,1241,8bfbaaccb8d64ca73d74aab24910478e73bbf64ab695dbe2bb1eecb015371daa
evidence/hardware/p7/authorized_sequence/p7_20260715_stationary_app_r41_formal_full/057_p7_large_jtag_64k_rr_all_bytes/p7_jtag_axi_stage_summary.json,4503498,88e96958c4161dae4e2d51cfdde096994026ea2242c5fcc990b15d90f0dcdc50
evidence/hardware/p7/authorized_sequence/p7_20260715_stationary_app_r41_formal_full/057_p7_large_jtag_64k_rr_all_bytes/p7_jtag_backend_parse_summary.json,602523,70f47e2758a006cc8cfcf4e2effaafdbf457ddcea20364b6cfb027e905b44f99
evidence/hardware/p7/authorized_sequence/p7_20260715_stationary_app_r41_formal_full/057_p7_large_jtag_64k_rr_all_bytes/p7_jtag_reassembled_output.bin,65536,7daca2095d0438260fa849183dfc67faa459fdf4936e1bc91eec6b281b27e4c2
evidence/hardware/p7/authorized_sequence/p7_20260715_stationary_app_r41_formal_full/057_p7_large_jtag_64k_rr_all_bytes/p7_preflight.stderr.log,0,e3b0c44298fc1c149afbf4c8996fb92427ae41e4649b934ca495991b7852b855
evidence/hardware/p7/authorized_sequence/p7_20260715_stationary_app_r41_formal_full/057_p7_large_jtag_64k_rr_all_bytes/p7_preflight.stdout.log,9868,c20e31b6257aa0d4bbd2cddb523bae12366883a81685ccf0079eedf827215b65
evidence/hardware/p7/authorized_sequence/p7_20260715_stationary_app_r41_formal_full/057_p7_large_jtag_64k_rr_all_bytes/p7_preflight_result.txt,512,b9c7b51d551d7f0a98f48b8493aed82542ccd9993966f478228e655b31ebbe84
evidence/hardware/p7/authorized_sequence/p7_20260715_stationary_app_r41_formal_full/057_p7_large_jtag_64k_rr_all_bytes/p7_shutdown_after.stderr.log,0,e3b0c44298fc1c149afbf4c8996fb92427ae41e4649b934ca495991b7852b855
evidence/hardware/p7/authorized_sequence/p7_20260715_stationary_app_r41_formal_full/057_p7_large_jtag_64k_rr_all_bytes/p7_shutdown_after.stdout.log,37945,9d75c8c12b9aaa23ba3e96c4b6bdbaf458b9790e5b2a0b9eb3b5919ffcabce2c
evidence/hardware/p7/authorized_sequence/p7_20260715_stationary_app_r41_formal_full/057_p7_large_jtag_64k_rr_all_bytes/p7_shutdown_after_result.txt,500,37a86182117c4b35f100a63de7305a513e54199a0076078403a4b35022de63d5
evidence/hardware/p7/authorized_sequence/p7_20260715_stationary_app_r41_formal_full/057_p7_large_jtag_64k_rr_all_bytes/p7_shutdown_before.stderr.log,0,e3b0c44298fc1c149afbf4c8996fb92427ae41e4649b934ca495991b7852b855
evidence/hardware/p7/authorized_sequence/p7_20260715_stationary_app_r41_formal_full/057_p7_large_jtag_64k_rr_all_bytes/p7_shutdown_before.stdout.log,37945,e6161678348ae3d739ec92b4be930b6c136338bac49b35ef0e33347adc116368
evidence/hardware/p7/authorized_sequence/p7_20260715_stationary_app_r41_formal_full/057_p7_large_jtag_64k_rr_all_bytes/p7_shutdown_before_result.txt,500,37a86182117c4b35f100a63de7305a513e54199a0076078403a4b35022de63d5
evidence/hardware/p7/authorized_sequence/p7_20260715_stationary_app_r41_formal_full/058_p7_large_jtag_1m_l0_random/p7_jtag_axi_raw_result.txt,19759409,814d72b31de8bda807ee0da1e2df7d41d457fcc8bb00734e1c38e16b770cd90d
evidence/hardware/p7/authorized_sequence/p7_20260715_stationary_app_r41_formal_full/058_p7_large_jtag_1m_l0_random/p7_jtag_axi_stage.stderr.log,0,e3b0c44298fc1c149afbf4c8996fb92427ae41e4649b934ca495991b7852b855
evidence/hardware/p7/authorized_sequence/p7_20260715_stationary_app_r41_formal_full/058_p7_large_jtag_1m_l0_random/p7_jtag_axi_stage.stdout.log,47448,da4712286baa72b3786cb86cb3dbf2d24d9dd5ffbfcd870bfb661d88dddc0edf
evidence/hardware/p7/authorized_sequence/p7_20260715_stationary_app_r41_formal_full/058_p7_large_jtag_1m_l0_random/p7_jtag_axi_stage_events.jsonl,1237,28da64c429aef071cfe254e526537c1512e157c68c15713892d9632200761d3a
evidence/hardware/p7/authorized_sequence/p7_20260715_stationary_app_r41_formal_full/058_p7_large_jtag_1m_l0_random/p7_jtag_axi_stage_summary.json,70858640,edf1e821a4b1da88e9a2c825610ee209daaa3a4c4fea126a3ba2bd73acaa6de6
evidence/hardware/p7/authorized_sequence/p7_20260715_stationary_app_r41_formal_full/058_p7_large_jtag_1m_l0_random/p7_jtag_backend_parse_summary.json,9619113,5625b74efdb99dea35024f08e3d9fb4b2779bb842828a0c8772bbab14d2eba82
evidence/hardware/p7/authorized_sequence/p7_20260715_stationary_app_r41_formal_full/058_p7_large_jtag_1m_l0_random/p7_jtag_reassembled_output.bin,1048576,de7e28fb7ae8b57b4280dc13d61316442d564631d71caa52b28284929b0a8549
evidence/hardware/p7/authorized_sequence/p7_20260715_stationary_app_r41_formal_full/058_p7_large_jtag_1m_l0_random/p7_preflight.stderr.log,0,e3b0c44298fc1c149afbf4c8996fb92427ae41e4649b934ca495991b7852b855
evidence/hardware/p7/authorized_sequence/p7_20260715_stationary_app_r41_formal_full/058_p7_large_jtag_1m_l0_random/p7_preflight.stdout.log,9868,e0a9aa39de09914b5ff3c67d9b492cc659cacfeec4a0aaf1b51c5b3a5d5bcc49
evidence/hardware/p7/authorized_sequence/p7_20260715_stationary_app_r41_formal_full/058_p7_large_jtag_1m_l0_random/p7_preflight_result.txt,512,b9c7b51d551d7f0a98f48b8493aed82542ccd9993966f478228e655b31ebbe84
evidence/hardware/p7/authorized_sequence/p7_20260715_stationary_app_r41_formal_full/058_p7_large_jtag_1m_l0_random/p7_shutdown_after.stderr.log,0,e3b0c44298fc1c149afbf4c8996fb92427ae41e4649b934ca495991b7852b855
evidence/hardware/p7/authorized_sequence/p7_20260715_stationary_app_r41_formal_full/058_p7_large_jtag_1m_l0_random/p7_shutdown_after.stdout.log,37945,b98278abe058437c1f9a2c0d7d618c4e1613435d674ca85cc705fae723793804
evidence/hardware/p7/authorized_sequence/p7_20260715_stationary_app_r41_formal_full/058_p7_large_jtag_1m_l0_random/p7_shutdown_after_result.txt,500,37a86182117c4b35f100a63de7305a513e54199a0076078403a4b35022de63d5
evidence/hardware/p7/authorized_sequence/p7_20260715_stationary_app_r41_formal_full/058_p7_large_jtag_1m_l0_random/p7_shutdown_before.stderr.log,0,e3b0c44298fc1c149afbf4c8996fb92427ae41e4649b934ca495991b7852b855
evidence/hardware/p7/authorized_sequence/p7_20260715_stationary_app_r41_formal_full/058_p7_large_jtag_1m_l0_random/p7_shutdown_before.stdout.log,37945,7d044d6ca2264c74bae4cc30719964f4eb58fdeb62492a03c68b3083e8933960
evidence/hardware/p7/authorized_sequence/p7_20260715_stationary_app_r41_formal_full/058_p7_large_jtag_1m_l0_random/p7_shutdown_before_result.txt,500,37a86182117c4b35f100a63de7305a513e54199a0076078403a4b35022de63d5
evidence/hardware/p7/authorized_sequence/p7_20260715_stationary_app_r41_formal_full/059_p7_large_jtag_1m_l1_random/p7_jtag_axi_raw_result.txt,19759409,d675529cc9bdc125d33d03bcae1400c384f479b9bc6d40833ab63ca656ad1144
evidence/hardware/p7/authorized_sequence/p7_20260715_stationary_app_r41_formal_full/059_p7_large_jtag_1m_l1_random/p7_jtag_axi_stage.stderr.log,0,e3b0c44298fc1c149afbf4c8996fb92427ae41e4649b934ca495991b7852b855
evidence/hardware/p7/authorized_sequence/p7_20260715_stationary_app_r41_formal_full/059_p7_large_jtag_1m_l1_random/p7_jtag_axi_stage.stdout.log,47448,ae7419a99eab36f7be551167721ca7e912f7cbd98a336e78b409cb3656c06135
evidence/hardware/p7/authorized_sequence/p7_20260715_stationary_app_r41_formal_full/059_p7_large_jtag_1m_l1_random/p7_jtag_axi_stage_events.jsonl,1237,0753d6a1f3504b387cddb970fc7ce13ccd942e8040982ebe3d488a294de81d12
evidence/hardware/p7/authorized_sequence/p7_20260715_stationary_app_r41_formal_full/059_p7_large_jtag_1m_l1_random/p7_jtag_axi_stage_summary.json,70858698,c397dd6c831fa5960b96c85749405cbac4f7f36c19112e2ccb73b7f64d43aabd
evidence/hardware/p7/authorized_sequence/p7_20260715_stationary_app_r41_formal_full/059_p7_large_jtag_1m_l1_random/p7_jtag_backend_parse_summary.json,9619095,b017ba1c7804bc48f011955fc0f146a0438e17e928ac02ebbaae252bc84b8b6a
evidence/hardware/p7/authorized_sequence/p7_20260715_stationary_app_r41_formal_full/059_p7_large_jtag_1m_l1_random/p7_jtag_reassembled_output.bin,1048576,92981a26065607345aece3ce7a4bf428997814425a847a5f374d564a955ef822
evidence/hardware/p7/authorized_sequence/p7_20260715_stationary_app_r41_formal_full/059_p7_large_jtag_1m_l1_random/p7_preflight.stderr.log,0,e3b0c44298fc1c149afbf4c8996fb92427ae41e4649b934ca495991b7852b855
evidence/hardware/p7/authorized_sequence/p7_20260715_stationary_app_r41_formal_full/059_p7_large_jtag_1m_l1_random/p7_preflight.stdout.log,9868,4cdd1d2f1d0d1b3fd62f593b433c8ebe335820645f6c48adadc35fe1973ab9a7
evidence/hardware/p7/authorized_sequence/p7_20260715_stationary_app_r41_formal_full/059_p7_large_jtag_1m_l1_random/p7_preflight_result.txt,512,b9c7b51d551d7f0a98f48b8493aed82542ccd9993966f478228e655b31ebbe84
evidence/hardware/p7/authorized_sequence/p7_20260715_stationary_app_r41_formal_full/059_p7_large_jtag_1m_l1_random/p7_shutdown_after.stderr.log,0,e3b0c44298fc1c149afbf4c8996fb92427ae41e4649b934ca495991b7852b855
evidence/hardware/p7/authorized_sequence/p7_20260715_stationary_app_r41_formal_full/059_p7_large_jtag_1m_l1_random/p7_shutdown_after.stdout.log,37945,940f457d8095adf14abfb0b8b9fcbd07851d8aeb9352a30f51ddd5a6fca173dd
evidence/hardware/p7/authorized_sequence/p7_20260715_stationary_app_r41_formal_full/059_p7_large_jtag_1m_l1_random/p7_shutdown_after_result.txt,500,37a86182117c4b35f100a63de7305a513e54199a0076078403a4b35022de63d5
evidence/hardware/p7/authorized_sequence/p7_20260715_stationary_app_r41_formal_full/059_p7_large_jtag_1m_l1_random/p7_shutdown_before.stderr.log,0,e3b0c44298fc1c149afbf4c8996fb92427ae41e4649b934ca495991b7852b855
evidence/hardware/p7/authorized_sequence/p7_20260715_stationary_app_r41_formal_full/059_p7_large_jtag_1m_l1_random/p7_shutdown_before.stdout.log,37945,730064ad7f248bebbd0034be2480c2981903a246711dec0424e7806abd1d9a2b
evidence/hardware/p7/authorized_sequence/p7_20260715_stationary_app_r41_formal_full/059_p7_large_jtag_1m_l1_random/p7_shutdown_before_result.txt,500,37a86182117c4b35f100a63de7305a513e54199a0076078403a4b35022de63d5
evidence/hardware/p7/authorized_sequence/p7_20260715_stationary_app_r41_formal_full/060_p7_large_jtag_1m_rr_random/p7_jtag_axi_raw_result.txt,19759417,7db0f7a4c918fade5388b64da26764a0c75b78d68d7d057798f493b8b71d07a3
evidence/hardware/p7/authorized_sequence/p7_20260715_stationary_app_r41_formal_full/060_p7_large_jtag_1m_rr_random/p7_jtag_axi_stage.stderr.log,0,e3b0c44298fc1c149afbf4c8996fb92427ae41e4649b934ca495991b7852b855
evidence/hardware/p7/authorized_sequence/p7_20260715_stationary_app_r41_formal_full/060_p7_large_jtag_1m_rr_random/p7_jtag_axi_stage.stdout.log,47448,021ea7ee3a50b721cb415ec58f518e5cbc68505d6f51a1d81ee694462792fbf3
evidence/hardware/p7/authorized_sequence/p7_20260715_stationary_app_r41_formal_full/060_p7_large_jtag_1m_rr_random/p7_jtag_axi_stage_events.jsonl,1237,1c7be9421786189c9164881c5ed394d997dd1a39de0569091d72571e51cb112c
evidence/hardware/p7/authorized_sequence/p7_20260715_stationary_app_r41_formal_full/060_p7_large_jtag_1m_rr_random/p7_jtag_axi_stage_summary.json,70858790,55c37927ad9a7194e13946de00183a120b4491741aedb9475f92ca3dd0ce6f3b
evidence/hardware/p7/authorized_sequence/p7_20260715_stationary_app_r41_formal_full/060_p7_large_jtag_1m_rr_random/p7_jtag_backend_parse_summary.json,9630428,bc07b087bb751f502399fa20c5d975b8103e9d0249eced74ef7713310d538981
evidence/hardware/p7/authorized_sequence/p7_20260715_stationary_app_r41_formal_full/060_p7_large_jtag_1m_rr_random/p7_jtag_reassembled_output.bin,1048576,847ff69ec3010814fe5af6530d426b620fae9988a6ea18fed1260b8f74ef4774
evidence/hardware/p7/authorized_sequence/p7_20260715_stationary_app_r41_formal_full/060_p7_large_jtag_1m_rr_random/p7_preflight.stderr.log,0,e3b0c44298fc1c149afbf4c8996fb92427ae41e4649b934ca495991b7852b855
evidence/hardware/p7/authorized_sequence/p7_20260715_stationary_app_r41_formal_full/060_p7_large_jtag_1m_rr_random/p7_preflight.stdout.log,9868,e699fba9c7796f4ef97ddf37f7b13770e1f9fc5d5691e00ecaa91f1a64ce2d0a
evidence/hardware/p7/authorized_sequence/p7_20260715_stationary_app_r41_formal_full/060_p7_large_jtag_1m_rr_random/p7_preflight_result.txt,512,b9c7b51d551d7f0a98f48b8493aed82542ccd9993966f478228e655b31ebbe84
evidence/hardware/p7/authorized_sequence/p7_20260715_stationary_app_r41_formal_full/060_p7_large_jtag_1m_rr_random/p7_shutdown_after.stderr.log,0,e3b0c44298fc1c149afbf4c8996fb92427ae41e4649b934ca495991b7852b855
evidence/hardware/p7/authorized_sequence/p7_20260715_stationary_app_r41_formal_full/060_p7_large_jtag_1m_rr_random/p7_shutdown_after.stdout.log,37945,548006d5428e561c263bd29083a34770d9d485e10b3de5dbf234368c2eeaa179
evidence/hardware/p7/authorized_sequence/p7_20260715_stationary_app_r41_formal_full/060_p7_large_jtag_1m_rr_random/p7_shutdown_after_result.txt,500,37a86182117c4b35f100a63de7305a513e54199a0076078403a4b35022de63d5
evidence/hardware/p7/authorized_sequence/p7_20260715_stationary_app_r41_formal_full/060_p7_large_jtag_1m_rr_random/p7_shutdown_before.stderr.log,0,e3b0c44298fc1c149afbf4c8996fb92427ae41e4649b934ca495991b7852b855
evidence/hardware/p7/authorized_sequence/p7_20260715_stationary_app_r41_formal_full/060_p7_large_jtag_1m_rr_random/p7_shutdown_before.stdout.log,37945,5de8593953f32dd955942d3b3b77b84b864b6c8d53bce6f44a812dde5c1b4c65
evidence/hardware/p7/authorized_sequence/p7_20260715_stationary_app_r41_formal_full/060_p7_large_jtag_1m_rr_random/p7_shutdown_before_result.txt,500,37a86182117c4b35f100a63de7305a513e54199a0076078403a4b35022de63d5
evidence/hardware/p7/authorized_sequence/p7_20260715_stationary_app_r41_formal_full/061_p7_large_jtag_1m_rep3_random/p7_jtag_axi_raw_result.txt,19759412,90205cdaaac7e44a6ecb1db7493af0db75528d8073dff572501d1462c1ec805a
evidence/hardware/p7/authorized_sequence/p7_20260715_stationary_app_r41_formal_full/061_p7_large_jtag_1m_rep3_random/p7_jtag_axi_stage.stderr.log,0,e3b0c44298fc1c149afbf4c8996fb92427ae41e4649b934ca495991b7852b855
evidence/hardware/p7/authorized_sequence/p7_20260715_stationary_app_r41_formal_full/061_p7_large_jtag_1m_rep3_random/p7_jtag_axi_stage.stdout.log,47448,6dd5f86a8955b470bdd1b81aa7b7cac0cecd66b22220079d9d90bfa3a59154cd
evidence/hardware/p7/authorized_sequence/p7_20260715_stationary_app_r41_formal_full/061_p7_large_jtag_1m_rep3_random/p7_jtag_axi_stage_events.jsonl,1239,d5267d9cf937b041a03fb7ce73a78f4db72133bb688613df2d4bb144148eabf2
evidence/hardware/p7/authorized_sequence/p7_20260715_stationary_app_r41_formal_full/061_p7_large_jtag_1m_rep3_random/p7_jtag_axi_stage_summary.json,70858766,f78beee49a6143f7b7216a5e71b078263adc87a97310bf025335757b78a0929e
evidence/hardware/p7/authorized_sequence/p7_20260715_stationary_app_r41_formal_full/061_p7_large_jtag_1m_rep3_random/p7_jtag_backend_parse_summary.json,9632594,6213a3ca614b9f4f260e4e2d909958a9797bdc2165917c6f253e453a6032396d
evidence/hardware/p7/authorized_sequence/p7_20260715_stationary_app_r41_formal_full/061_p7_large_jtag_1m_rep3_random/p7_jtag_reassembled_output.bin,1048576,70a2712e321d4cdafa35830e852c0f0187d629050093fa246a7244bf7d799034
evidence/hardware/p7/authorized_sequence/p7_20260715_stationary_app_r41_formal_full/061_p7_large_jtag_1m_rep3_random/p7_preflight.stderr.log,0,e3b0c44298fc1c149afbf4c8996fb92427ae41e4649b934ca495991b7852b855
evidence/hardware/p7/authorized_sequence/p7_20260715_stationary_app_r41_formal_full/061_p7_large_jtag_1m_rep3_random/p7_preflight.stdout.log,9868,cfe13c7c0a8f2258ca89d0a13fd47510d781a7fee392f2567b4fbb6254e24c9e
evidence/hardware/p7/authorized_sequence/p7_20260715_stationary_app_r41_formal_full/061_p7_large_jtag_1m_rep3_random/p7_preflight_result.txt,512,b9c7b51d551d7f0a98f48b8493aed82542ccd9993966f478228e655b31ebbe84
evidence/hardware/p7/authorized_sequence/p7_20260715_stationary_app_r41_formal_full/061_p7_large_jtag_1m_rep3_random/p7_shutdown_after.stderr.log,0,e3b0c44298fc1c149afbf4c8996fb92427ae41e4649b934ca495991b7852b855
evidence/hardware/p7/authorized_sequence/p7_20260715_stationary_app_r41_formal_full/061_p7_large_jtag_1m_rep3_random/p7_shutdown_after.stdout.log,37945,19df9b16a39de46a08d0f77e642207c23b00db68c9a30ae19427c3c825c6888c
evidence/hardware/p7/authorized_sequence/p7_20260715_stationary_app_r41_formal_full/061_p7_large_jtag_1m_rep3_random/p7_shutdown_after_result.txt,500,37a86182117c4b35f100a63de7305a513e54199a0076078403a4b35022de63d5
evidence/hardware/p7/authorized_sequence/p7_20260715_stationary_app_r41_formal_full/061_p7_large_jtag_1m_rep3_random/p7_shutdown_before.stderr.log,0,e3b0c44298fc1c149afbf4c8996fb92427ae41e4649b934ca495991b7852b855
evidence/hardware/p7/authorized_sequence/p7_20260715_stationary_app_r41_formal_full/061_p7_large_jtag_1m_rep3_random/p7_shutdown_before.stdout.log,37945,24a58d40ae7a6c5b8b17f88e870344e6c8ff142d8be792d4d1761f8196e93245
evidence/hardware/p7/authorized_sequence/p7_20260715_stationary_app_r41_formal_full/061_p7_large_jtag_1m_rep3_random/p7_shutdown_before_result.txt,500,37a86182117c4b35f100a63de7305a513e54199a0076078403a4b35022de63d5
evidence/hardware/p7/authorized_sequence/p7_20260715_stationary_app_r41_formal_full/062_p7_ps_functional/bundle/boundary_0_descriptor_free.bin,256,fb601dbe3b5810e5ab26813752896441a721a13a280fdbff25caf55e8a889328
evidence/hardware/p7/authorized_sequence/p7_20260715_stationary_app_r41_formal_full/062_p7_ps_functional/bundle/boundary_0_descriptor_result.bin,256,921db4a745614c48f0d5ae2c2297fec3e76fd9aca18021ba76ed201e21f9e1f3
evidence/hardware/p7/authorized_sequence/p7_20260715_stationary_app_r41_formal_full/062_p7_ps_functional/bundle/boundary_0_input.bin,0,e3b0c44298fc1c149afbf4c8996fb92427ae41e4649b934ca495991b7852b855
evidence/hardware/p7/authorized_sequence/p7_20260715_stationary_app_r41_formal_full/062_p7_ps_functional/bundle/boundary_0_output_result.bin,0,e3b0c44298fc1c149afbf4c8996fb92427ae41e4649b934ca495991b7852b855
evidence/hardware/p7/authorized_sequence/p7_20260715_stationary_app_r41_formal_full/062_p7_ps_functional/bundle/boundary_0_output_zero.bin,0,e3b0c44298fc1c149afbf4c8996fb92427ae41e4649b934ca495991b7852b855
evidence/hardware/p7/authorized_sequence/p7_20260715_stationary_app_r41_formal_full/062_p7_ps_functional/bundle/boundary_0_trace_result.bin,64,190b2b97a685d8f0c58bf8538eed9744c46c52a6c199d0ca99b75007f45078d9
evidence/hardware/p7/authorized_sequence/p7_20260715_stationary_app_r41_formal_full/062_p7_ps_functional/bundle/boundary_0_trace_zero.bin,64,f5a5fd42d16a20302798ef6ed309979b43003d2320d9f0e8ea9831a92759fb4b
evidence/hardware/p7/authorized_sequence/p7_20260715_stationary_app_r41_formal_full/062_p7_ps_functional/bundle/boundary_10_descriptor_free.bin,256,29e965da745e73e78faab64b1595d141785724f12b134e7170a667a5087f73ce
evidence/hardware/p7/authorized_sequence/p7_20260715_stationary_app_r41_formal_full/062_p7_ps_functional/bundle/boundary_10_descriptor_result.bin,256,cfc3398665faf5644f48fafd5a34bad538e5ba1fad7af0b4f98c6fbfeb945ae3
evidence/hardware/p7/authorized_sequence/p7_20260715_stationary_app_r41_formal_full/062_p7_ps_functional/bundle/boundary_10_input.bin,30,c219fa00d9243574ec85c6acb3b9b3333973edfb9b1d02df31c204353f62d09a
evidence/hardware/p7/authorized_sequence/p7_20260715_stationary_app_r41_formal_full/062_p7_ps_functional/bundle/boundary_10_output_result.bin,30,c219fa00d9243574ec85c6acb3b9b3333973edfb9b1d02df31c204353f62d09a
evidence/hardware/p7/authorized_sequence/p7_20260715_stationary_app_r41_formal_full/062_p7_ps_functional/bundle/boundary_10_output_zero.bin,30,3f602f0d44c26057387596e3793a79c92cf2cf3722b843f7fa30bd40f9bf0fb4
evidence/hardware/p7/authorized_sequence/p7_20260715_stationary_app_r41_formal_full/062_p7_ps_functional/bundle/boundary_10_trace_result.bin,64,4f308cece9585b83266c3f34ca21267727cd17e3a064f7ab2c90876380854d9b
evidence/hardware/p7/authorized_sequence/p7_20260715_stationary_app_r41_formal_full/062_p7_ps_functional/bundle/boundary_10_trace_zero.bin,64,f5a5fd42d16a20302798ef6ed309979b43003d2320d9f0e8ea9831a92759fb4b
evidence/hardware/p7/authorized_sequence/p7_20260715_stationary_app_r41_formal_full/062_p7_ps_functional/bundle/boundary_11_descriptor_free.bin,256,06c1bbf2427971ecbf0b3caf43e46479e48d43c061a45839e879c6a0ad7b01e8
evidence/hardware/p7/authorized_sequence/p7_20260715_stationary_app_r41_formal_full/062_p7_ps_functional/bundle/boundary_11_descriptor_result.bin,256,f42261872b052bc074a64f3ac91593ce82ce330a2e72ed6b8b658e5dffdb7f54
evidence/hardware/p7/authorized_sequence/p7_20260715_stationary_app_r41_formal_full/062_p7_ps_functional/bundle/boundary_11_input.bin,30,2f22818bd5546ef0da3760511360ee433c646d2322ec9aa7361f02b1e1bfde04
evidence/hardware/p7/authorized_sequence/p7_20260715_stationary_app_r41_formal_full/062_p7_ps_functional/bundle/boundary_11_output_result.bin,30,2f22818bd5546ef0da3760511360ee433c646d2322ec9aa7361f02b1e1bfde04
evidence/hardware/p7/authorized_sequence/p7_20260715_stationary_app_r41_formal_full/062_p7_ps_functional/bundle/boundary_11_output_zero.bin,30,3f602f0d44c26057387596e3793a79c92cf2cf3722b843f7fa30bd40f9bf0fb4
evidence/hardware/p7/authorized_sequence/p7_20260715_stationary_app_r41_formal_full/062_p7_ps_functional/bundle/boundary_11_trace_result.bin,64,7ed9e081fe201d2fae59d56ea171a1b5fc6c9c7966a169ef991833cdee49828f
evidence/hardware/p7/authorized_sequence/p7_20260715_stationary_app_r41_formal_full/062_p7_ps_functional/bundle/boundary_11_trace_zero.bin,64,f5a5fd42d16a20302798ef6ed309979b43003d2320d9f0e8ea9831a92759fb4b
evidence/hardware/p7/authorized_sequence/p7_20260715_stationary_app_r41_formal_full/062_p7_ps_functional/bundle/boundary_12_descriptor_free.bin,256,74a66aef9fa7a5996ad22ca6c018933f4844de1e8d0045e9a1f6025715f978d6
evidence/hardware/p7/authorized_sequence/p7_20260715_stationary_app_r41_formal_full/062_p7_ps_functional/bundle/boundary_12_descriptor_result.bin,256,053635104bec3fcc35ab2c1a5c2ab027ec4880ddbab18f05473355f6b73c3a2d
evidence/hardware/p7/authorized_sequence/p7_20260715_stationary_app_r41_formal_full/062_p7_ps_functional/bundle/boundary_12_input.bin,214,dedff2184de121c60ec94c4cb94a0450cac47257c56afa8f2e11c5f64d3dd661
evidence/hardware/p7/authorized_sequence/p7_20260715_stationary_app_r41_formal_full/062_p7_ps_functional/bundle/boundary_12_output_result.bin,214,dedff2184de121c60ec94c4cb94a0450cac47257c56afa8f2e11c5f64d3dd661
evidence/hardware/p7/authorized_sequence/p7_20260715_stationary_app_r41_formal_full/062_p7_ps_functional/bundle/boundary_12_output_zero.bin,214,534037ed934f66e5a1f5bd86defc13975fba96e4689a84dbacb00187ec6d37e2
evidence/hardware/p7/authorized_sequence/p7_20260715_stationary_app_r41_formal_full/062_p7_ps_functional/bundle/boundary_12_trace_result.bin,64,590d59ced85e306d738b8c35ea4c4e6ca8fbd962eecb6f21f520b42fdd477d9d
evidence/hardware/p7/authorized_sequence/p7_20260715_stationary_app_r41_formal_full/062_p7_ps_functional/bundle/boundary_12_trace_zero.bin,64,f5a5fd42d16a20302798ef6ed309979b43003d2320d9f0e8ea9831a92759fb4b
evidence/hardware/p7/authorized_sequence/p7_20260715_stationary_app_r41_formal_full/062_p7_ps_functional/bundle/boundary_13_descriptor_free.bin,256,1500c9e697be7bba8b154d52d2b2c86dc5ccaf9481ff596deccc3390241e552b
evidence/hardware/p7/authorized_sequence/p7_20260715_stationary_app_r41_formal_full/062_p7_ps_functional/bundle/boundary_13_descriptor_result.bin,256,d0ac459b301532b5e41fd5daa50043667bdb667cc1d6af72e59c4e3deabfa596
evidence/hardware/p7/authorized_sequence/p7_20260715_stationary_app_r41_formal_full/062_p7_ps_functional/bundle/boundary_13_input.bin,214,dedff2184de121c60ec94c4cb94a0450cac47257c56afa8f2e11c5f64d3dd661
evidence/hardware/p7/authorized_sequence/p7_20260715_stationary_app_r41_formal_full/062_p7_ps_functional/bundle/boundary_13_output_result.bin,214,dedff2184de121c60ec94c4cb94a0450cac47257c56afa8f2e11c5f64d3dd661
evidence/hardware/p7/authorized_sequence/p7_20260715_stationary_app_r41_formal_full/062_p7_ps_functional/bundle/boundary_13_output_zero.bin,214,534037ed934f66e5a1f5bd86defc13975fba96e4689a84dbacb00187ec6d37e2
evidence/hardware/p7/authorized_sequence/p7_20260715_stationary_app_r41_formal_full/062_p7_ps_functional/bundle/boundary_13_trace_result.bin,64,8b64b6a4cd802850ef3668967324815702624058317d1c3d82b323e7676e8e07
evidence/hardware/p7/authorized_sequence/p7_20260715_stationary_app_r41_formal_full/062_p7_ps_functional/bundle/boundary_13_trace_zero.bin,64,f5a5fd42d16a20302798ef6ed309979b43003d2320d9f0e8ea9831a92759fb4b
evidence/hardware/p7/authorized_sequence/p7_20260715_stationary_app_r41_formal_full/062_p7_ps_functional/bundle/boundary_14_descriptor_free.bin,256,99269faeb882a955ebfb2905586f3b1f772ef6b60304a6579d4805e134ae886b
evidence/hardware/p7/authorized_sequence/p7_20260715_stationary_app_r41_formal_full/062_p7_ps_functional/bundle/boundary_14_descriptor_result.bin,256,cb7896ce68cfb21ab6fee3d541107b29cba83a5b636ace238386367ee795a085
evidence/hardware/p7/authorized_sequence/p7_20260715_stationary_app_r41_formal_full/062_p7_ps_functional/bundle/boundary_14_input.bin,214,dedff2184de121c60ec94c4cb94a0450cac47257c56afa8f2e11c5f64d3dd661
evidence/hardware/p7/authorized_sequence/p7_20260715_stationary_app_r41_formal_full/062_p7_ps_functional/bundle/boundary_14_output_result.bin,214,dedff2184de121c60ec94c4cb94a0450cac47257c56afa8f2e11c5f64d3dd661
evidence/hardware/p7/authorized_sequence/p7_20260715_stationary_app_r41_formal_full/062_p7_ps_functional/bundle/boundary_14_output_zero.bin,214,534037ed934f66e5a1f5bd86defc13975fba96e4689a84dbacb00187ec6d37e2
evidence/hardware/p7/authorized_sequence/p7_20260715_stationary_app_r41_formal_full/062_p7_ps_functional/bundle/boundary_14_trace_result.bin,64,0125bf7e339a343f6fc74eb7c5f110b4e9f37e294209f4202b287b7422b3459c
evidence/hardware/p7/authorized_sequence/p7_20260715_stationary_app_r41_formal_full/062_p7_ps_functional/bundle/boundary_14_trace_zero.bin,64,f5a5fd42d16a20302798ef6ed309979b43003d2320d9f0e8ea9831a92759fb4b
evidence/hardware/p7/authorized_sequence/p7_20260715_stationary_app_r41_formal_full/062_p7_ps_functional/bundle/boundary_15_descriptor_free.bin,256,cf9b454c0081950441fe998f7fed2b12a969c2792aa57fa62fcd7969c43f6a41
evidence/hardware/p7/authorized_sequence/p7_20260715_stationary_app_r41_formal_full/062_p7_ps_functional/bundle/boundary_15_descriptor_result.bin,256,70f64c0fa58f79e4281ecbd9b35db9d677b5ab3be99d484a7896f08f515603cd
evidence/hardware/p7/authorized_sequence/p7_20260715_stationary_app_r41_formal_full/062_p7_ps_functional/bundle/boundary_15_input.bin,214,dedff2184de121c60ec94c4cb94a0450cac47257c56afa8f2e11c5f64d3dd661
evidence/hardware/p7/authorized_sequence/p7_20260715_stationary_app_r41_formal_full/062_p7_ps_functional/bundle/boundary_15_output_result.bin,214,dedff2184de121c60ec94c4cb94a0450cac47257c56afa8f2e11c5f64d3dd661
evidence/hardware/p7/authorized_sequence/p7_20260715_stationary_app_r41_formal_full/062_p7_ps_functional/bundle/boundary_15_output_zero.bin,214,534037ed934f66e5a1f5bd86defc13975fba96e4689a84dbacb00187ec6d37e2
evidence/hardware/p7/authorized_sequence/p7_20260715_stationary_app_r41_formal_full/062_p7_ps_functional/bundle/boundary_15_trace_result.bin,64,42406148864f777165d07785318d481fb9dca11808730c312820654fed709fe6
evidence/hardware/p7/authorized_sequence/p7_20260715_stationary_app_r41_formal_full/062_p7_ps_functional/bundle/boundary_15_trace_zero.bin,64,f5a5fd42d16a20302798ef6ed309979b43003d2320d9f0e8ea9831a92759fb4b
evidence/hardware/p7/authorized_sequence/p7_20260715_stationary_app_r41_formal_full/062_p7_ps_functional/bundle/boundary_16_descriptor_free.bin,256,87c0ddf2d897a2684dd7ef6e278ced0d13e040115760f8f252c584fcd85158b3
evidence/hardware/p7/authorized_sequence/p7_20260715_stationary_app_r41_formal_full/062_p7_ps_functional/bundle/boundary_16_descriptor_result.bin,256,b176874d15102ac5237d9d9a6269e102ad16063957f21360b3af1f7153a29aae
evidence/hardware/p7/authorized_sequence/p7_20260715_stationary_app_r41_formal_full/062_p7_ps_functional/bundle/boundary_16_input.bin,215,1d64137df721078b35bdc1a3595a73cebcbe49865fb308c78791540d1d349cd7
evidence/hardware/p7/authorized_sequence/p7_20260715_stationary_app_r41_formal_full/062_p7_ps_functional/bundle/boundary_16_output_result.bin,215,1d64137df721078b35bdc1a3595a73cebcbe49865fb308c78791540d1d349cd7
evidence/hardware/p7/authorized_sequence/p7_20260715_stationary_app_r41_formal_full/062_p7_ps_functional/bundle/boundary_16_output_zero.bin,215,a827967bfa8b932d1dd9b5aea3c605e4e586353ee29171664c55427a11c703da
evidence/hardware/p7/authorized_sequence/p7_20260715_stationary_app_r41_formal_full/062_p7_ps_functional/bundle/boundary_16_trace_result.bin,64,b7207adf48063f8493a09948565b6171a68d652d0b4b664170bf107b5e7bac0d
evidence/hardware/p7/authorized_sequence/p7_20260715_stationary_app_r41_formal_full/062_p7_ps_functional/bundle/boundary_16_trace_zero.bin,64,f5a5fd42d16a20302798ef6ed309979b43003d2320d9f0e8ea9831a92759fb4b
evidence/hardware/p7/authorized_sequence/p7_20260715_stationary_app_r41_formal_full/062_p7_ps_functional/bundle/boundary_17_descriptor_free.bin,256,3a5b49f96aff9671bded62334df2445a1a8a386d963d158470e5efe708ea41aa
evidence/hardware/p7/authorized_sequence/p7_20260715_stationary_app_r41_formal_full/062_p7_ps_functional/bundle/boundary_17_descriptor_result.bin,256,fe99e18f49cc7ffb339314afbec6d9fa25c855c20cbe4fb75855ca1c1257a954
evidence/hardware/p7/authorized_sequence/p7_20260715_stationary_app_r41_formal_full/062_p7_ps_functional/bundle/boundary_17_input.bin,215,1d64137df721078b35bdc1a3595a73cebcbe49865fb308c78791540d1d349cd7
evidence/hardware/p7/authorized_sequence/p7_20260715_stationary_app_r41_formal_full/062_p7_ps_functional/bundle/boundary_17_output_result.bin,215,1d64137df721078b35bdc1a3595a73cebcbe49865fb308c78791540d1d349cd7
evidence/hardware/p7/authorized_sequence/p7_20260715_stationary_app_r41_formal_full/062_p7_ps_functional/bundle/boundary_17_output_zero.bin,215,a827967bfa8b932d1dd9b5aea3c605e4e586353ee29171664c55427a11c703da
evidence/hardware/p7/authorized_sequence/p7_20260715_stationary_app_r41_formal_full/062_p7_ps_functional/bundle/boundary_17_trace_result.bin,64,5a4252efb7f9230bd225c8eb8b7cc4eac6ad36a75a57cf711a4a9b1b5e2ad636
evidence/hardware/p7/authorized_sequence/p7_20260715_stationary_app_r41_formal_full/062_p7_ps_functional/bundle/boundary_17_trace_zero.bin,64,f5a5fd42d16a20302798ef6ed309979b43003d2320d9f0e8ea9831a92759fb4b
evidence/hardware/p7/authorized_sequence/p7_20260715_stationary_app_r41_formal_full/062_p7_ps_functional/bundle/boundary_18_descriptor_free.bin,256,947b03de3562731e442ed709a2f3d4d7049709762ef46233d5093ca07ed86de5
evidence/hardware/p7/authorized_sequence/p7_20260715_stationary_app_r41_formal_full/062_p7_ps_functional/bundle/boundary_18_descriptor_result.bin,256,f101a9ad4b7ccb60f946139ed044d02e35623ecd9b6e461350941cc52f1dadf4
evidence/hardware/p7/authorized_sequence/p7_20260715_stationary_app_r41_formal_full/062_p7_ps_functional/bundle/boundary_18_input.bin,215,1d64137df721078b35bdc1a3595a73cebcbe49865fb308c78791540d1d349cd7
evidence/hardware/p7/authorized_sequence/p7_20260715_stationary_app_r41_formal_full/062_p7_ps_functional/bundle/boundary_18_output_result.bin,215,1d64137df721078b35bdc1a3595a73cebcbe49865fb308c78791540d1d349cd7
evidence/hardware/p7/authorized_sequence/p7_20260715_stationary_app_r41_formal_full/062_p7_ps_functional/bundle/boundary_18_output_zero.bin,215,a827967bfa8b932d1dd9b5aea3c605e4e586353ee29171664c55427a11c703da
evidence/hardware/p7/authorized_sequence/p7_20260715_stationary_app_r41_formal_full/062_p7_ps_functional/bundle/boundary_18_trace_result.bin,64,751694998a80b96f44c3596bb048bc71bccb4dec59216aadf73193cf7b9a4efe
evidence/hardware/p7/authorized_sequence/p7_20260715_stationary_app_r41_formal_full/062_p7_ps_functional/bundle/boundary_18_trace_zero.bin,64,f5a5fd42d16a20302798ef6ed309979b43003d2320d9f0e8ea9831a92759fb4b
evidence/hardware/p7/authorized_sequence/p7_20260715_stationary_app_r41_formal_full/062_p7_ps_functional/bundle/boundary_19_descriptor_free.bin,256,89040e809a587c34865f911c3d3d71f3b3e99dfb7c3b282ceaa4f2537b873294
evidence/hardware/p7/authorized_sequence/p7_20260715_stationary_app_r41_formal_full/062_p7_ps_functional/bundle/boundary_19_descriptor_result.bin,256,bbcd5aac624a7bb515f257c0684e909b7fb7494a2fd59b5f37cbdec93e0dd3f9
evidence/hardware/p7/authorized_sequence/p7_20260715_stationary_app_r41_formal_full/062_p7_ps_functional/bundle/boundary_19_input.bin,215,1d64137df721078b35bdc1a3595a73cebcbe49865fb308c78791540d1d349cd7
evidence/hardware/p7/authorized_sequence/p7_20260715_stationary_app_r41_formal_full/062_p7_ps_functional/bundle/boundary_19_output_result.bin,215,1d64137df721078b35bdc1a3595a73cebcbe49865fb308c78791540d1d349cd7
evidence/hardware/p7/authorized_sequence/p7_20260715_stationary_app_r41_formal_full/062_p7_ps_functional/bundle/boundary_19_output_zero.bin,215,a827967bfa8b932d1dd9b5aea3c605e4e586353ee29171664c55427a11c703da
evidence/hardware/p7/authorized_sequence/p7_20260715_stationary_app_r41_formal_full/062_p7_ps_functional/bundle/boundary_19_trace_result.bin,64,018e2cc5ae52746e010fdc85a8860e2da4855aa219f0e3504144d4a03c8a84f8
evidence/hardware/p7/authorized_sequence/p7_20260715_stationary_app_r41_formal_full/062_p7_ps_functional/bundle/boundary_19_trace_zero.bin,64,f5a5fd42d16a20302798ef6ed309979b43003d2320d9f0e8ea9831a92759fb4b
evidence/hardware/p7/authorized_sequence/p7_20260715_stationary_app_r41_formal_full/062_p7_ps_functional/bundle/boundary_1_descriptor_free.bin,256,53b19737b95cfa81c1764ccbb113b078892b37e62f957efe310b1a2b0c6f94a5
evidence/hardware/p7/authorized_sequence/p7_20260715_stationary_app_r41_formal_full/062_p7_ps_functional/bundle/boundary_1_descriptor_result.bin,256,9120d1618aa2a12aea61dffc34509c3064b4d2815e14c10ba97c771da59de6ac
evidence/hardware/p7/authorized_sequence/p7_20260715_stationary_app_r41_formal_full/062_p7_ps_functional/bundle/boundary_1_input.bin,0,e3b0c44298fc1c149afbf4c8996fb92427ae41e4649b934ca495991b7852b855
evidence/hardware/p7/authorized_sequence/p7_20260715_stationary_app_r41_formal_full/062_p7_ps_functional/bundle/boundary_1_output_result.bin,0,e3b0c44298fc1c149afbf4c8996fb92427ae41e4649b934ca495991b7852b855
evidence/hardware/p7/authorized_sequence/p7_20260715_stationary_app_r41_formal_full/062_p7_ps_functional/bundle/boundary_1_output_zero.bin,0,e3b0c44298fc1c149afbf4c8996fb92427ae41e4649b934ca495991b7852b855
evidence/hardware/p7/authorized_sequence/p7_20260715_stationary_app_r41_formal_full/062_p7_ps_functional/bundle/boundary_1_trace_result.bin,64,f5c104a2d95328ba2c56a075b426762bb328784c3c64dca789b352d42ff60ddc
evidence/hardware/p7/authorized_sequence/p7_20260715_stationary_app_r41_formal_full/062_p7_ps_functional/bundle/boundary_1_trace_zero.bin,64,f5a5fd42d16a20302798ef6ed309979b43003d2320d9f0e8ea9831a92759fb4b
evidence/hardware/p7/authorized_sequence/p7_20260715_stationary_app_r41_formal_full/062_p7_ps_functional/bundle/boundary_20_descriptor_free.bin,256,c0b290c88056a6e79f52ffb063d0b073498643eca16911c07cc3c45810cd8706
evidence/hardware/p7/authorized_sequence/p7_20260715_stationary_app_r41_formal_full/062_p7_ps_functional/bundle/boundary_20_descriptor_result.bin,256,37ea30bc8b24451a71223badbbf9ab7c92b68001bd909ed30466c9ff1f80f709
evidence/hardware/p7/authorized_sequence/p7_20260715_stationary_app_r41_formal_full/062_p7_ps_functional/bundle/boundary_20_input.bin,216,9d42d74bac443eafbd9878145b745387eb1397174332564bc8fa6db414ab381f
evidence/hardware/p7/authorized_sequence/p7_20260715_stationary_app_r41_formal_full/062_p7_ps_functional/bundle/boundary_20_output_result.bin,216,9d42d74bac443eafbd9878145b745387eb1397174332564bc8fa6db414ab381f
evidence/hardware/p7/authorized_sequence/p7_20260715_stationary_app_r41_formal_full/062_p7_ps_functional/bundle/boundary_20_output_zero.bin,216,4c78d780d52e4b9fc36fb088f0f99cd84580a0f09b25cce4322f728f0dffba03
evidence/hardware/p7/authorized_sequence/p7_20260715_stationary_app_r41_formal_full/062_p7_ps_functional/bundle/boundary_20_trace_result.bin,128,038a4d79915af3c99cf99f39545feae2a0954e5febe42c50aab9640013fab906
evidence/hardware/p7/authorized_sequence/p7_20260715_stationary_app_r41_formal_full/062_p7_ps_functional/bundle/boundary_20_trace_zero.bin,128,38723a2e5e8a17aa7950dc008209944e898f69a7bd10a23c839d341e935fd5ca
evidence/hardware/p7/authorized_sequence/p7_20260715_stationary_app_r41_formal_full/062_p7_ps_functional/bundle/boundary_21_descriptor_free.bin,256,d18d7bb4bfd5df4ce871d938137cb594a2456d6fdb9259fd0614eb006068f81e
evidence/hardware/p7/authorized_sequence/p7_20260715_stationary_app_r41_formal_full/062_p7_ps_functional/bundle/boundary_21_descriptor_result.bin,256,76fcb8674cce07bc5832e769bfd64b56cc7f3c4f1a6b88910622976766f5de4d
evidence/hardware/p7/authorized_sequence/p7_20260715_stationary_app_r41_formal_full/062_p7_ps_functional/bundle/boundary_21_input.bin,216,9d42d74bac443eafbd9878145b745387eb1397174332564bc8fa6db414ab381f
evidence/hardware/p7/authorized_sequence/p7_20260715_stationary_app_r41_formal_full/062_p7_ps_functional/bundle/boundary_21_output_result.bin,216,9d42d74bac443eafbd9878145b745387eb1397174332564bc8fa6db414ab381f
evidence/hardware/p7/authorized_sequence/p7_20260715_stationary_app_r41_formal_full/062_p7_ps_functional/bundle/boundary_21_output_zero.bin,216,4c78d780d52e4b9fc36fb088f0f99cd84580a0f09b25cce4322f728f0dffba03
evidence/hardware/p7/authorized_sequence/p7_20260715_stationary_app_r41_formal_full/062_p7_ps_functional/bundle/boundary_21_trace_result.bin,128,2f1ede075adb99801b6622cc23d3cdfc112e2078d4c3fe27c08f262368f0235f
evidence/hardware/p7/authorized_sequence/p7_20260715_stationary_app_r41_formal_full/062_p7_ps_functional/bundle/boundary_21_trace_zero.bin,128,38723a2e5e8a17aa7950dc008209944e898f69a7bd10a23c839d341e935fd5ca
evidence/hardware/p7/authorized_sequence/p7_20260715_stationary_app_r41_formal_full/062_p7_ps_functional/bundle/boundary_22_descriptor_free.bin,256,efdfdbcee357dce2a5437279a19b0caba694c3fa78a840e1284431fdba2d1665
evidence/hardware/p7/authorized_sequence/p7_20260715_stationary_app_r41_formal_full/062_p7_ps_functional/bundle/boundary_22_descriptor_result.bin,256,d1a9c4a5c0a77b7aba03104a458de9d6b77b6624f4e1329895694ee154bd876c
evidence/hardware/p7/authorized_sequence/p7_20260715_stationary_app_r41_formal_full/062_p7_ps_functional/bundle/boundary_22_input.bin,216,9d42d74bac443eafbd9878145b745387eb1397174332564bc8fa6db414ab381f
evidence/hardware/p7/authorized_sequence/p7_20260715_stationary_app_r41_formal_full/062_p7_ps_functional/bundle/boundary_22_output_result.bin,216,9d42d74bac443eafbd9878145b745387eb1397174332564bc8fa6db414ab381f
evidence/hardware/p7/authorized_sequence/p7_20260715_stationary_app_r41_formal_full/062_p7_ps_functional/bundle/boundary_22_output_zero.bin,216,4c78d780d52e4b9fc36fb088f0f99cd84580a0f09b25cce4322f728f0dffba03
evidence/hardware/p7/authorized_sequence/p7_20260715_stationary_app_r41_formal_full/062_p7_ps_functional/bundle/boundary_22_trace_result.bin,128,039314b9bc6783869f6d495e1e1a854642f9d9e98394fe676a1c83ef982bbe3a
evidence/hardware/p7/authorized_sequence/p7_20260715_stationary_app_r41_formal_full/062_p7_ps_functional/bundle/boundary_22_trace_zero.bin,128,38723a2e5e8a17aa7950dc008209944e898f69a7bd10a23c839d341e935fd5ca
evidence/hardware/p7/authorized_sequence/p7_20260715_stationary_app_r41_formal_full/062_p7_ps_functional/bundle/boundary_23_descriptor_free.bin,256,7ba19c220bc405e85d8d6cfc0e37b4199eaabe7e048955848eba108549181f38
evidence/hardware/p7/authorized_sequence/p7_20260715_stationary_app_r41_formal_full/062_p7_ps_functional/bundle/boundary_23_descriptor_result.bin,256,2216394fe2630e8a53ff69393184d0932b473490244101179273753b8c650001
evidence/hardware/p7/authorized_sequence/p7_20260715_stationary_app_r41_formal_full/062_p7_ps_functional/bundle/boundary_23_input.bin,216,9d42d74bac443eafbd9878145b745387eb1397174332564bc8fa6db414ab381f
evidence/hardware/p7/authorized_sequence/p7_20260715_stationary_app_r41_formal_full/062_p7_ps_functional/bundle/boundary_23_output_result.bin,216,9d42d74bac443eafbd9878145b745387eb1397174332564bc8fa6db414ab381f
evidence/hardware/p7/authorized_sequence/p7_20260715_stationary_app_r41_formal_full/062_p7_ps_functional/bundle/boundary_23_output_zero.bin,216,4c78d780d52e4b9fc36fb088f0f99cd84580a0f09b25cce4322f728f0dffba03
evidence/hardware/p7/authorized_sequence/p7_20260715_stationary_app_r41_formal_full/062_p7_ps_functional/bundle/boundary_23_trace_result.bin,128,5b6b77c98327a7900f37437e664b13c9ce49004fd75265e56d3196536bc09a6b
evidence/hardware/p7/authorized_sequence/p7_20260715_stationary_app_r41_formal_full/062_p7_ps_functional/bundle/boundary_23_trace_zero.bin,128,38723a2e5e8a17aa7950dc008209944e898f69a7bd10a23c839d341e935fd5ca
evidence/hardware/p7/authorized_sequence/p7_20260715_stationary_app_r41_formal_full/062_p7_ps_functional/bundle/boundary_24_descriptor_free.bin,256,e587a73f53bff1369016a4db9359ca143d530e91615b3ee6628e8143bbeef41c
evidence/hardware/p7/authorized_sequence/p7_20260715_stationary_app_r41_formal_full/062_p7_ps_functional/bundle/boundary_24_descriptor_result.bin,256,c44a73bb25c17d78aae60989eb19c0e8b65588045f022620bced5c4e4c82ce0a
evidence/hardware/p7/authorized_sequence/p7_20260715_stationary_app_r41_formal_full/062_p7_ps_functional/bundle/boundary_24_input.bin,247,4b96ec3b91e9f764ac0227ca7df451bd8294cd46298047b43b960ae1c0b0afc5
evidence/hardware/p7/authorized_sequence/p7_20260715_stationary_app_r41_formal_full/062_p7_ps_functional/bundle/boundary_24_output_result.bin,247,4b96ec3b91e9f764ac0227ca7df451bd8294cd46298047b43b960ae1c0b0afc5
evidence/hardware/p7/authorized_sequence/p7_20260715_stationary_app_r41_formal_full/062_p7_ps_functional/bundle/boundary_24_output_zero.bin,247,9c026ae6c3c4c4df944b4b63e0c3e335a577498bc90df17e2612c4d0ab66121b
evidence/hardware/p7/authorized_sequence/p7_20260715_stationary_app_r41_formal_full/062_p7_ps_functional/bundle/boundary_24_trace_result.bin,128,cb2cc6b0f9d21d1c5ed8d4d58125581e02aed9d7751fa83c1cac223ef8325247
evidence/hardware/p7/authorized_sequence/p7_20260715_stationary_app_r41_formal_full/062_p7_ps_functional/bundle/boundary_24_trace_zero.bin,128,38723a2e5e8a17aa7950dc008209944e898f69a7bd10a23c839d341e935fd5ca
evidence/hardware/p7/authorized_sequence/p7_20260715_stationary_app_r41_formal_full/062_p7_ps_functional/bundle/boundary_25_descriptor_free.bin,256,8ead94c5d553966a299030d24ecc6b78c5ea8400e5653068f5fd4a95351f4f2b
evidence/hardware/p7/authorized_sequence/p7_20260715_stationary_app_r41_formal_full/062_p7_ps_functional/bundle/boundary_25_descriptor_result.bin,256,8f9e8f98290324d6ff95066e93d15e7404d7b23f48046258e0d5dbdcdd9e7be4
evidence/hardware/p7/authorized_sequence/p7_20260715_stationary_app_r41_formal_full/062_p7_ps_functional/bundle/boundary_25_input.bin,247,4b96ec3b91e9f764ac0227ca7df451bd8294cd46298047b43b960ae1c0b0afc5
evidence/hardware/p7/authorized_sequence/p7_20260715_stationary_app_r41_formal_full/062_p7_ps_functional/bundle/boundary_25_output_result.bin,247,4b96ec3b91e9f764ac0227ca7df451bd8294cd46298047b43b960ae1c0b0afc5
evidence/hardware/p7/authorized_sequence/p7_20260715_stationary_app_r41_formal_full/062_p7_ps_functional/bundle/boundary_25_output_zero.bin,247,9c026ae6c3c4c4df944b4b63e0c3e335a577498bc90df17e2612c4d0ab66121b
evidence/hardware/p7/authorized_sequence/p7_20260715_stationary_app_r41_formal_full/062_p7_ps_functional/bundle/boundary_25_trace_result.bin,128,9ae636cfecd02c3b316d72266427a0703f1e3e01937b77e9e2e705922c688297
evidence/hardware/p7/authorized_sequence/p7_20260715_stationary_app_r41_formal_full/062_p7_ps_functional/bundle/boundary_25_trace_zero.bin,128,38723a2e5e8a17aa7950dc008209944e898f69a7bd10a23c839d341e935fd5ca
evidence/hardware/p7/authorized_sequence/p7_20260715_stationary_app_r41_formal_full/062_p7_ps_functional/bundle/boundary_26_descriptor_free.bin,256,d8a3e6b188f403b19428764e15873824e19e22f1863b20413b926b79b94458e7
evidence/hardware/p7/authorized_sequence/p7_20260715_stationary_app_r41_formal_full/062_p7_ps_functional/bundle/boundary_26_descriptor_result.bin,256,ac5aaadbff71b89715d6e09a9925e8d1caec79045a712a7cd0569ecce9431cca
evidence/hardware/p7/authorized_sequence/p7_20260715_stationary_app_r41_formal_full/062_p7_ps_functional/bundle/boundary_26_input.bin,247,4b96ec3b91e9f764ac0227ca7df451bd8294cd46298047b43b960ae1c0b0afc5
evidence/hardware/p7/authorized_sequence/p7_20260715_stationary_app_r41_formal_full/062_p7_ps_functional/bundle/boundary_26_output_result.bin,247,4b96ec3b91e9f764ac0227ca7df451bd8294cd46298047b43b960ae1c0b0afc5
evidence/hardware/p7/authorized_sequence/p7_20260715_stationary_app_r41_formal_full/062_p7_ps_functional/bundle/boundary_26_output_zero.bin,247,9c026ae6c3c4c4df944b4b63e0c3e335a577498bc90df17e2612c4d0ab66121b
evidence/hardware/p7/authorized_sequence/p7_20260715_stationary_app_r41_formal_full/062_p7_ps_functional/bundle/boundary_26_trace_result.bin,128,17beccd03bb9753ee0319a00641078af0a162b1c1b9990e371560876a8176f16
evidence/hardware/p7/authorized_sequence/p7_20260715_stationary_app_r41_formal_full/062_p7_ps_functional/bundle/boundary_26_trace_zero.bin,128,38723a2e5e8a17aa7950dc008209944e898f69a7bd10a23c839d341e935fd5ca
evidence/hardware/p7/authorized_sequence/p7_20260715_stationary_app_r41_formal_full/062_p7_ps_functional/bundle/boundary_27_descriptor_free.bin,256,52c77bc559fa428befe78ff527532f6f9a468e822c826ceab444cb12b12ea1c8
evidence/hardware/p7/authorized_sequence/p7_20260715_stationary_app_r41_formal_full/062_p7_ps_functional/bundle/boundary_27_descriptor_result.bin,256,9f9cc4f897a49d1571a335c1ba2a80fd9d37c83f88185a16f378d692946308b8
evidence/hardware/p7/authorized_sequence/p7_20260715_stationary_app_r41_formal_full/062_p7_ps_functional/bundle/boundary_27_input.bin,247,4b96ec3b91e9f764ac0227ca7df451bd8294cd46298047b43b960ae1c0b0afc5
evidence/hardware/p7/authorized_sequence/p7_20260715_stationary_app_r41_formal_full/062_p7_ps_functional/bundle/boundary_27_output_result.bin,247,4b96ec3b91e9f764ac0227ca7df451bd8294cd46298047b43b960ae1c0b0afc5
evidence/hardware/p7/authorized_sequence/p7_20260715_stationary_app_r41_formal_full/062_p7_ps_functional/bundle/boundary_27_output_zero.bin,247,9c026ae6c3c4c4df944b4b63e0c3e335a577498bc90df17e2612c4d0ab66121b
evidence/hardware/p7/authorized_sequence/p7_20260715_stationary_app_r41_formal_full/062_p7_ps_functional/bundle/boundary_27_trace_result.bin,128,e7fe15dfed331212871ac191e6844a7dfc95338516c4cf49a28ca33f0555b448
evidence/hardware/p7/authorized_sequence/p7_20260715_stationary_app_r41_formal_full/062_p7_ps_functional/bundle/boundary_27_trace_zero.bin,128,38723a2e5e8a17aa7950dc008209944e898f69a7bd10a23c839d341e935fd5ca
evidence/hardware/p7/authorized_sequence/p7_20260715_stationary_app_r41_formal_full/062_p7_ps_functional/bundle/boundary_28_descriptor_free.bin,256,2963de3151950467edeb7d992e0ccac32ffb71167bec38fc3ba143baf269b95e
evidence/hardware/p7/authorized_sequence/p7_20260715_stationary_app_r41_formal_full/062_p7_ps_functional/bundle/boundary_28_descriptor_result.bin,256,0b166691b44a8e0414c11bbca3148d7f7e137d62766392b0faf31f6e0226ccc1
evidence/hardware/p7/authorized_sequence/p7_20260715_stationary_app_r41_formal_full/062_p7_ps_functional/bundle/boundary_28_input.bin,248,c6fefe1bfbe6f5364bf0e40447ffca27fde55f1cd815e1fa3bafb46a41c91749
evidence/hardware/p7/authorized_sequence/p7_20260715_stationary_app_r41_formal_full/062_p7_ps_functional/bundle/boundary_28_output_result.bin,248,c6fefe1bfbe6f5364bf0e40447ffca27fde55f1cd815e1fa3bafb46a41c91749
evidence/hardware/p7/authorized_sequence/p7_20260715_stationary_app_r41_formal_full/062_p7_ps_functional/bundle/boundary_28_output_zero.bin,248,8cea0bf7ec8f55dd6ed0f1d6e4701141f7dad170d3b943db8827fb8b6d5ee574
evidence/hardware/p7/authorized_sequence/p7_20260715_stationary_app_r41_formal_full/062_p7_ps_functional/bundle/boundary_28_trace_result.bin,128,1b976cc9948832035359b7c19da91977d88fb1412f38e00d430935970599d730
evidence/hardware/p7/authorized_sequence/p7_20260715_stationary_app_r41_formal_full/062_p7_ps_functional/bundle/boundary_28_trace_zero.bin,128,38723a2e5e8a17aa7950dc008209944e898f69a7bd10a23c839d341e935fd5ca
evidence/hardware/p7/authorized_sequence/p7_20260715_stationary_app_r41_formal_full/062_p7_ps_functional/bundle/boundary_29_descriptor_free.bin,256,ca85155ac97602b8cf65d34dfef0c0cdf294c8c56b0718e0a12938c2d1eb85d3
evidence/hardware/p7/authorized_sequence/p7_20260715_stationary_app_r41_formal_full/062_p7_ps_functional/bundle/boundary_29_descriptor_result.bin,256,bbe14a65349926ab98b5a0e5774dd22a2a406caa26add2fb0836f2c1e2c6f2df
evidence/hardware/p7/authorized_sequence/p7_20260715_stationary_app_r41_formal_full/062_p7_ps_functional/bundle/boundary_29_input.bin,248,c6fefe1bfbe6f5364bf0e40447ffca27fde55f1cd815e1fa3bafb46a41c91749
evidence/hardware/p7/authorized_sequence/p7_20260715_stationary_app_r41_formal_full/062_p7_ps_functional/bundle/boundary_29_output_result.bin,248,c6fefe1bfbe6f5364bf0e40447ffca27fde55f1cd815e1fa3bafb46a41c91749
evidence/hardware/p7/authorized_sequence/p7_20260715_stationary_app_r41_formal_full/062_p7_ps_functional/bundle/boundary_29_output_zero.bin,248,8cea0bf7ec8f55dd6ed0f1d6e4701141f7dad170d3b943db8827fb8b6d5ee574
evidence/hardware/p7/authorized_sequence/p7_20260715_stationary_app_r41_formal_full/062_p7_ps_functional/bundle/boundary_29_trace_result.bin,128,1a6ef22fd2b3fc3d6d5f861dfd4a94f30884ef2d18a61b0a898acb0836dc6544
evidence/hardware/p7/authorized_sequence/p7_20260715_stationary_app_r41_formal_full/062_p7_ps_functional/bundle/boundary_29_trace_zero.bin,128,38723a2e5e8a17aa7950dc008209944e898f69a7bd10a23c839d341e935fd5ca
evidence/hardware/p7/authorized_sequence/p7_20260715_stationary_app_r41_formal_full/062_p7_ps_functional/bundle/boundary_2_descriptor_free.bin,256,f8d2b63a023fc78bd78091ca7a56f549256cec7b31f99c5ac0b081dde5f4b2ac
evidence/hardware/p7/authorized_sequence/p7_20260715_stationary_app_r41_formal_full/062_p7_ps_functional/bundle/boundary_2_descriptor_result.bin,256,34ce4e551fd881f8c0d1f661122e44f9c7dce752b9837166569859e62aebe7ef
evidence/hardware/p7/authorized_sequence/p7_20260715_stationary_app_r41_formal_full/062_p7_ps_functional/bundle/boundary_2_input.bin,0,e3b0c44298fc1c149afbf4c8996fb92427ae41e4649b934ca495991b7852b855
evidence/hardware/p7/authorized_sequence/p7_20260715_stationary_app_r41_formal_full/062_p7_ps_functional/bundle/boundary_2_output_result.bin,0,e3b0c44298fc1c149afbf4c8996fb92427ae41e4649b934ca495991b7852b855
evidence/hardware/p7/authorized_sequence/p7_20260715_stationary_app_r41_formal_full/062_p7_ps_functional/bundle/boundary_2_output_zero.bin,0,e3b0c44298fc1c149afbf4c8996fb92427ae41e4649b934ca495991b7852b855
evidence/hardware/p7/authorized_sequence/p7_20260715_stationary_app_r41_formal_full/062_p7_ps_functional/bundle/boundary_2_trace_result.bin,64,ee4ca0d6d2a8ce3e97de1a784ff10321bffb9c61fa412d89e094c82df26b5e2d
evidence/hardware/p7/authorized_sequence/p7_20260715_stationary_app_r41_formal_full/062_p7_ps_functional/bundle/boundary_2_trace_zero.bin,64,f5a5fd42d16a20302798ef6ed309979b43003d2320d9f0e8ea9831a92759fb4b
evidence/hardware/p7/authorized_sequence/p7_20260715_stationary_app_r41_formal_full/062_p7_ps_functional/bundle/boundary_30_descriptor_free.bin,256,abbab923a5fc634b8e4e2287a81a0077a5a6f5c93464afbe41f6190050622fd6
evidence/hardware/p7/authorized_sequence/p7_20260715_stationary_app_r41_formal_full/062_p7_ps_functional/bundle/boundary_30_descriptor_result.bin,256,30fcac91e53b4bc588aba36a889cec4ad9d4ed7a17c5b3acf6116d184bb30f9b
evidence/hardware/p7/authorized_sequence/p7_20260715_stationary_app_r41_formal_full/062_p7_ps_functional/bundle/boundary_30_input.bin,248,c6fefe1bfbe6f5364bf0e40447ffca27fde55f1cd815e1fa3bafb46a41c91749
evidence/hardware/p7/authorized_sequence/p7_20260715_stationary_app_r41_formal_full/062_p7_ps_functional/bundle/boundary_30_output_result.bin,248,c6fefe1bfbe6f5364bf0e40447ffca27fde55f1cd815e1fa3bafb46a41c91749
evidence/hardware/p7/authorized_sequence/p7_20260715_stationary_app_r41_formal_full/062_p7_ps_functional/bundle/boundary_30_output_zero.bin,248,8cea0bf7ec8f55dd6ed0f1d6e4701141f7dad170d3b943db8827fb8b6d5ee574
evidence/hardware/p7/authorized_sequence/p7_20260715_stationary_app_r41_formal_full/062_p7_ps_functional/bundle/boundary_30_trace_result.bin,128,9ee09a0a577900ad1b3d2c1a5202edab6eb0fcb243478f8240e66a71879eba5e
evidence/hardware/p7/authorized_sequence/p7_20260715_stationary_app_r41_formal_full/062_p7_ps_functional/bundle/boundary_30_trace_zero.bin,128,38723a2e5e8a17aa7950dc008209944e898f69a7bd10a23c839d341e935fd5ca
evidence/hardware/p7/authorized_sequence/p7_20260715_stationary_app_r41_formal_full/062_p7_ps_functional/bundle/boundary_31_descriptor_free.bin,256,d45e7b9c83d5f346bc9926efc87c453d87a3f88e9cef095bdd19df30a3829bba
evidence/hardware/p7/authorized_sequence/p7_20260715_stationary_app_r41_formal_full/062_p7_ps_functional/bundle/boundary_31_descriptor_result.bin,256,8308707af305ee45a2d88cfeb2fba5609e28668e18b7dd90fa1584af849f1d61
evidence/hardware/p7/authorized_sequence/p7_20260715_stationary_app_r41_formal_full/062_p7_ps_functional/bundle/boundary_31_input.bin,248,c6fefe1bfbe6f5364bf0e40447ffca27fde55f1cd815e1fa3bafb46a41c91749
evidence/hardware/p7/authorized_sequence/p7_20260715_stationary_app_r41_formal_full/062_p7_ps_functional/bundle/boundary_31_output_result.bin,248,c6fefe1bfbe6f5364bf0e40447ffca27fde55f1cd815e1fa3bafb46a41c91749
evidence/hardware/p7/authorized_sequence/p7_20260715_stationary_app_r41_formal_full/062_p7_ps_functional/bundle/boundary_31_output_zero.bin,248,8cea0bf7ec8f55dd6ed0f1d6e4701141f7dad170d3b943db8827fb8b6d5ee574
evidence/hardware/p7/authorized_sequence/p7_20260715_stationary_app_r41_formal_full/062_p7_ps_functional/bundle/boundary_31_trace_result.bin,128,86d0f2bd5b2496c4cecf511bc1c3996eeb067a6f169eb678ac22f103866308c6
evidence/hardware/p7/authorized_sequence/p7_20260715_stationary_app_r41_formal_full/062_p7_ps_functional/bundle/boundary_31_trace_zero.bin,128,38723a2e5e8a17aa7950dc008209944e898f69a7bd10a23c839d341e935fd5ca
evidence/hardware/p7/authorized_sequence/p7_20260715_stationary_app_r41_formal_full/062_p7_ps_functional/bundle/boundary_32_descriptor_free.bin,256,a838df6e2cdaa5ce4e02e5f90a816555476b0c4f139f002a32207e98bb7865ab
evidence/hardware/p7/authorized_sequence/p7_20260715_stationary_app_r41_formal_full/062_p7_ps_functional/bundle/boundary_32_descriptor_result.bin,256,a02649c394e0475de089bf6d907deed2f74145e593311a40fcd124895f32ff5d
evidence/hardware/p7/authorized_sequence/p7_20260715_stationary_app_r41_formal_full/062_p7_ps_functional/bundle/boundary_32_input.bin,430,6f6709a1cffa2a92cf65fbfed6d70d5da83560bafff9ca7deb11c77c4b26efc9
evidence/hardware/p7/authorized_sequence/p7_20260715_stationary_app_r41_formal_full/062_p7_ps_functional/bundle/boundary_32_output_result.bin,430,6f6709a1cffa2a92cf65fbfed6d70d5da83560bafff9ca7deb11c77c4b26efc9
evidence/hardware/p7/authorized_sequence/p7_20260715_stationary_app_r41_formal_full/062_p7_ps_functional/bundle/boundary_32_output_zero.bin,430,ef33414961c1b3b032e9251e81b933dd7948b310f63588da6872b7abffb19496
evidence/hardware/p7/authorized_sequence/p7_20260715_stationary_app_r41_formal_full/062_p7_ps_functional/bundle/boundary_32_trace_result.bin,128,4832f46b12b6352e4eb168ba222f27da100ccfb187cf4b7789ed4504c8a4532a
evidence/hardware/p7/authorized_sequence/p7_20260715_stationary_app_r41_formal_full/062_p7_ps_functional/bundle/boundary_32_trace_zero.bin,128,38723a2e5e8a17aa7950dc008209944e898f69a7bd10a23c839d341e935fd5ca
evidence/hardware/p7/authorized_sequence/p7_20260715_stationary_app_r41_formal_full/062_p7_ps_functional/bundle/boundary_33_descriptor_free.bin,256,0246377b68178ab02f9cdcf9998ceebcbd7784fa7c0e6acffed1a3fe8d0e5a1d
evidence/hardware/p7/authorized_sequence/p7_20260715_stationary_app_r41_formal_full/062_p7_ps_functional/bundle/boundary_33_descriptor_result.bin,256,45741fc1004d159dac9a05c422e3ba671c12dc551f757d0a5ae0566a52d09a38
evidence/hardware/p7/authorized_sequence/p7_20260715_stationary_app_r41_formal_full/062_p7_ps_functional/bundle/boundary_33_input.bin,430,6f6709a1cffa2a92cf65fbfed6d70d5da83560bafff9ca7deb11c77c4b26efc9
evidence/hardware/p7/authorized_sequence/p7_20260715_stationary_app_r41_formal_full/062_p7_ps_functional/bundle/boundary_33_output_result.bin,430,6f6709a1cffa2a92cf65fbfed6d70d5da83560bafff9ca7deb11c77c4b26efc9
evidence/hardware/p7/authorized_sequence/p7_20260715_stationary_app_r41_formal_full/062_p7_ps_functional/bundle/boundary_33_output_zero.bin,430,ef33414961c1b3b032e9251e81b933dd7948b310f63588da6872b7abffb19496
evidence/hardware/p7/authorized_sequence/p7_20260715_stationary_app_r41_formal_full/062_p7_ps_functional/bundle/boundary_33_trace_result.bin,128,344ec370d3ad9294beed85fb77762cc62bbc2f63aaa3e8570be8865524e5d3b8
evidence/hardware/p7/authorized_sequence/p7_20260715_stationary_app_r41_formal_full/062_p7_ps_functional/bundle/boundary_33_trace_zero.bin,128,38723a2e5e8a17aa7950dc008209944e898f69a7bd10a23c839d341e935fd5ca
evidence/hardware/p7/authorized_sequence/p7_20260715_stationary_app_r41_formal_full/062_p7_ps_functional/bundle/boundary_34_descriptor_free.bin,256,928c8bdf1dad428f5e15789823fb4dec7fc58ff6c5ad6daf96e49f1a78b0f857
evidence/hardware/p7/authorized_sequence/p7_20260715_stationary_app_r41_formal_full/062_p7_ps_functional/bundle/boundary_34_descriptor_result.bin,256,ef1543626fcedd1cb6950793f7de69fc41452307e65545e74f26f7fe87b4c981
evidence/hardware/p7/authorized_sequence/p7_20260715_stationary_app_r41_formal_full/062_p7_ps_functional/bundle/boundary_34_input.bin,430,6f6709a1cffa2a92cf65fbfed6d70d5da83560bafff9ca7deb11c77c4b26efc9
evidence/hardware/p7/authorized_sequence/p7_20260715_stationary_app_r41_formal_full/062_p7_ps_functional/bundle/boundary_34_output_result.bin,430,6f6709a1cffa2a92cf65fbfed6d70d5da83560bafff9ca7deb11c77c4b26efc9
evidence/hardware/p7/authorized_sequence/p7_20260715_stationary_app_r41_formal_full/062_p7_ps_functional/bundle/boundary_34_output_zero.bin,430,ef33414961c1b3b032e9251e81b933dd7948b310f63588da6872b7abffb19496
evidence/hardware/p7/authorized_sequence/p7_20260715_stationary_app_r41_formal_full/062_p7_ps_functional/bundle/boundary_34_trace_result.bin,128,544be2090d0d541f00838d15496a77393229fa09fda6151649042ba865eb1fea
evidence/hardware/p7/authorized_sequence/p7_20260715_stationary_app_r41_formal_full/062_p7_ps_functional/bundle/boundary_34_trace_zero.bin,128,38723a2e5e8a17aa7950dc008209944e898f69a7bd10a23c839d341e935fd5ca
evidence/hardware/p7/authorized_sequence/p7_20260715_stationary_app_r41_formal_full/062_p7_ps_functional/bundle/boundary_35_descriptor_free.bin,256,1fecc5e3516b4710e1da8e86c32b8edf0b79e626f1db20513873154936af22f7
evidence/hardware/p7/authorized_sequence/p7_20260715_stationary_app_r41_formal_full/062_p7_ps_functional/bundle/boundary_35_descriptor_result.bin,256,2e6be269dc6ffba6eaabafae541eeb1bbf3a9124596345e188d40021f9df6ce3
evidence/hardware/p7/authorized_sequence/p7_20260715_stationary_app_r41_formal_full/062_p7_ps_functional/bundle/boundary_35_input.bin,430,6f6709a1cffa2a92cf65fbfed6d70d5da83560bafff9ca7deb11c77c4b26efc9
evidence/hardware/p7/authorized_sequence/p7_20260715_stationary_app_r41_formal_full/062_p7_ps_functional/bundle/boundary_35_output_result.bin,430,6f6709a1cffa2a92cf65fbfed6d70d5da83560bafff9ca7deb11c77c4b26efc9
evidence/hardware/p7/authorized_sequence/p7_20260715_stationary_app_r41_formal_full/062_p7_ps_functional/bundle/boundary_35_output_zero.bin,430,ef33414961c1b3b032e9251e81b933dd7948b310f63588da6872b7abffb19496
evidence/hardware/p7/authorized_sequence/p7_20260715_stationary_app_r41_formal_full/062_p7_ps_functional/bundle/boundary_35_trace_result.bin,128,7f7d1f28116f6097474b1f92ddfa9b9f94c51bba149e745cfdd4557d8cf5f544
evidence/hardware/p7/authorized_sequence/p7_20260715_stationary_app_r41_formal_full/062_p7_ps_functional/bundle/boundary_35_trace_zero.bin,128,38723a2e5e8a17aa7950dc008209944e898f69a7bd10a23c839d341e935fd5ca
evidence/hardware/p7/authorized_sequence/p7_20260715_stationary_app_r41_formal_full/062_p7_ps_functional/bundle/boundary_36_descriptor_free.bin,256,5b2143e11c93028f407094c56a30fa88305bc5e032fd4cbdff479631cc4b6520
evidence/hardware/p7/authorized_sequence/p7_20260715_stationary_app_r41_formal_full/062_p7_ps_functional/bundle/boundary_36_descriptor_result.bin,256,296f9ebdfc9cb343893baebcd5a81d773e8be2cfc549672349acb89829b4ad26
evidence/hardware/p7/authorized_sequence/p7_20260715_stationary_app_r41_formal_full/062_p7_ps_functional/bundle/boundary_36_input.bin,431,a0ee5330d4af687ead5084fe0522d191402cbb0071399cddf60665cc431e1593
evidence/hardware/p7/authorized_sequence/p7_20260715_stationary_app_r41_formal_full/062_p7_ps_functional/bundle/boundary_36_output_result.bin,431,a0ee5330d4af687ead5084fe0522d191402cbb0071399cddf60665cc431e1593
evidence/hardware/p7/authorized_sequence/p7_20260715_stationary_app_r41_formal_full/062_p7_ps_functional/bundle/boundary_36_output_zero.bin,431,52eb1eb113248cc914639bfd23205619bc2e946f45796c11effd13ee9da22d9d
evidence/hardware/p7/authorized_sequence/p7_20260715_stationary_app_r41_formal_full/062_p7_ps_functional/bundle/boundary_36_trace_result.bin,192,4d5b7edab93e9d1155bf2c7040daa44ccccbe9dc3d3f682b4d42cc2b9fb1c76d
evidence/hardware/p7/authorized_sequence/p7_20260715_stationary_app_r41_formal_full/062_p7_ps_functional/bundle/boundary_36_trace_zero.bin,192,5d89f056865052bcb89c910d2d62872e029fb273c3db03f8968a52a41593c1b5
evidence/hardware/p7/authorized_sequence/p7_20260715_stationary_app_r41_formal_full/062_p7_ps_functional/bundle/boundary_37_descriptor_free.bin,256,5f4361dbd4177699fa10cb1f67a7547ba99c5a43b220b4d9544aa09562f9b793
evidence/hardware/p7/authorized_sequence/p7_20260715_stationary_app_r41_formal_full/062_p7_ps_functional/bundle/boundary_37_descriptor_result.bin,256,a5eea76724eda8d93d6c5826f044cde49cde6cb15ffe7efc9a5626e6f38c587a
evidence/hardware/p7/authorized_sequence/p7_20260715_stationary_app_r41_formal_full/062_p7_ps_functional/bundle/boundary_37_input.bin,431,a0ee5330d4af687ead5084fe0522d191402cbb0071399cddf60665cc431e1593
evidence/hardware/p7/authorized_sequence/p7_20260715_stationary_app_r41_formal_full/062_p7_ps_functional/bundle/boundary_37_output_result.bin,431,a0ee5330d4af687ead5084fe0522d191402cbb0071399cddf60665cc431e1593
evidence/hardware/p7/authorized_sequence/p7_20260715_stationary_app_r41_formal_full/062_p7_ps_functional/bundle/boundary_37_output_zero.bin,431,52eb1eb113248cc914639bfd23205619bc2e946f45796c11effd13ee9da22d9d
evidence/hardware/p7/authorized_sequence/p7_20260715_stationary_app_r41_formal_full/062_p7_ps_functional/bundle/boundary_37_trace_result.bin,192,dea72198324382e9591cf02f32bf5a193f84da9646cea84f8ea729def0540f54
evidence/hardware/p7/authorized_sequence/p7_20260715_stationary_app_r41_formal_full/062_p7_ps_functional/bundle/boundary_37_trace_zero.bin,192,5d89f056865052bcb89c910d2d62872e029fb273c3db03f8968a52a41593c1b5
evidence/hardware/p7/authorized_sequence/p7_20260715_stationary_app_r41_formal_full/062_p7_ps_functional/bundle/boundary_38_descriptor_free.bin,256,06fa98a72884a56b6ed40efb7d8ff240efffd98a0f47b1c2485040f400f0f414
evidence/hardware/p7/authorized_sequence/p7_20260715_stationary_app_r41_formal_full/062_p7_ps_functional/bundle/boundary_38_descriptor_result.bin,256,1fa65ef0170443e2899ff79ee5e12e3ec0bc28e457614f79a02f089f52c00d03
evidence/hardware/p7/authorized_sequence/p7_20260715_stationary_app_r41_formal_full/062_p7_ps_functional/bundle/boundary_38_input.bin,431,a0ee5330d4af687ead5084fe0522d191402cbb0071399cddf60665cc431e1593
evidence/hardware/p7/authorized_sequence/p7_20260715_stationary_app_r41_formal_full/062_p7_ps_functional/bundle/boundary_38_output_result.bin,431,a0ee5330d4af687ead5084fe0522d191402cbb0071399cddf60665cc431e1593
evidence/hardware/p7/authorized_sequence/p7_20260715_stationary_app_r41_formal_full/062_p7_ps_functional/bundle/boundary_38_output_zero.bin,431,52eb1eb113248cc914639bfd23205619bc2e946f45796c11effd13ee9da22d9d
evidence/hardware/p7/authorized_sequence/p7_20260715_stationary_app_r41_formal_full/062_p7_ps_functional/bundle/boundary_38_trace_result.bin,192,72424b282885779fba848508b6a074554db258bfaeabfa7de94686ca30583ecc
evidence/hardware/p7/authorized_sequence/p7_20260715_stationary_app_r41_formal_full/062_p7_ps_functional/bundle/boundary_38_trace_zero.bin,192,5d89f056865052bcb89c910d2d62872e029fb273c3db03f8968a52a41593c1b5
evidence/hardware/p7/authorized_sequence/p7_20260715_stationary_app_r41_formal_full/062_p7_ps_functional/bundle/boundary_39_descriptor_free.bin,256,8e1ceb75010bb9e73498ed504952c4549fdc5721e4b000c7a2987373f3ed8991
evidence/hardware/p7/authorized_sequence/p7_20260715_stationary_app_r41_formal_full/062_p7_ps_functional/bundle/boundary_39_descriptor_result.bin,256,af8059e306c30cb8a049d1cd6b15c86fae0b5b352a7c309dabc39dc27581215b
evidence/hardware/p7/authorized_sequence/p7_20260715_stationary_app_r41_formal_full/062_p7_ps_functional/bundle/boundary_39_input.bin,431,a0ee5330d4af687ead5084fe0522d191402cbb0071399cddf60665cc431e1593
evidence/hardware/p7/authorized_sequence/p7_20260715_stationary_app_r41_formal_full/062_p7_ps_functional/bundle/boundary_39_output_result.bin,431,a0ee5330d4af687ead5084fe0522d191402cbb0071399cddf60665cc431e1593
evidence/hardware/p7/authorized_sequence/p7_20260715_stationary_app_r41_formal_full/062_p7_ps_functional/bundle/boundary_39_output_zero.bin,431,52eb1eb113248cc914639bfd23205619bc2e946f45796c11effd13ee9da22d9d
evidence/hardware/p7/authorized_sequence/p7_20260715_stationary_app_r41_formal_full/062_p7_ps_functional/bundle/boundary_39_trace_result.bin,192,375ffcd008b6c931b59b26d50436a7ff7436f18cb241c1495f59e13f40a59b3e
evidence/hardware/p7/authorized_sequence/p7_20260715_stationary_app_r41_formal_full/062_p7_ps_functional/bundle/boundary_39_trace_zero.bin,192,5d89f056865052bcb89c910d2d62872e029fb273c3db03f8968a52a41593c1b5
evidence/hardware/p7/authorized_sequence/p7_20260715_stationary_app_r41_formal_full/062_p7_ps_functional/bundle/boundary_3_descriptor_free.bin,256,b849a929b32cdd20036db81cf99ab94b2c9308833b10da663852b448d9573b3b
evidence/hardware/p7/authorized_sequence/p7_20260715_stationary_app_r41_formal_full/062_p7_ps_functional/bundle/boundary_3_descriptor_result.bin,256,355f13d023d78da4ed5e830eb2b93679a75d1a9ff307303602d2aaffb4c5066d
evidence/hardware/p7/authorized_sequence/p7_20260715_stationary_app_r41_formal_full/062_p7_ps_functional/bundle/boundary_3_input.bin,0,e3b0c44298fc1c149afbf4c8996fb92427ae41e4649b934ca495991b7852b855
evidence/hardware/p7/authorized_sequence/p7_20260715_stationary_app_r41_formal_full/062_p7_ps_functional/bundle/boundary_3_output_result.bin,0,e3b0c44298fc1c149afbf4c8996fb92427ae41e4649b934ca495991b7852b855
evidence/hardware/p7/authorized_sequence/p7_20260715_stationary_app_r41_formal_full/062_p7_ps_functional/bundle/boundary_3_output_zero.bin,0,e3b0c44298fc1c149afbf4c8996fb92427ae41e4649b934ca495991b7852b855
evidence/hardware/p7/authorized_sequence/p7_20260715_stationary_app_r41_formal_full/062_p7_ps_functional/bundle/boundary_3_trace_result.bin,64,c535ebe82ba802d2967e7d14ea58281a632d84cd64bad22cba36ba94924212c4
evidence/hardware/p7/authorized_sequence/p7_20260715_stationary_app_r41_formal_full/062_p7_ps_functional/bundle/boundary_3_trace_zero.bin,64,f5a5fd42d16a20302798ef6ed309979b43003d2320d9f0e8ea9831a92759fb4b
evidence/hardware/p7/authorized_sequence/p7_20260715_stationary_app_r41_formal_full/062_p7_ps_functional/bundle/boundary_40_descriptor_free.bin,256,36cd40c0f0b989b97efb0291215114cfa4e7ce3cbefc98ce1c245324e796132d
evidence/hardware/p7/authorized_sequence/p7_20260715_stationary_app_r41_formal_full/062_p7_ps_functional/bundle/boundary_40_descriptor_result.bin,256,14301e1de8bbc22e7ec916b41d58ec3ee0b92d20b6750e4a936310e3175026b6
evidence/hardware/p7/authorized_sequence/p7_20260715_stationary_app_r41_formal_full/062_p7_ps_functional/bundle/boundary_40_input.bin,432,ce7b1c71b87a0ab700b2547140d15258be75b927600d784ecc071f119f790a69
evidence/hardware/p7/authorized_sequence/p7_20260715_stationary_app_r41_formal_full/062_p7_ps_functional/bundle/boundary_40_output_result.bin,432,ce7b1c71b87a0ab700b2547140d15258be75b927600d784ecc071f119f790a69
evidence/hardware/p7/authorized_sequence/p7_20260715_stationary_app_r41_formal_full/062_p7_ps_functional/bundle/boundary_40_output_zero.bin,432,a85681874f9907c7c7a5587ff18ac67914ead8d8cd4d624089b0fc94acf26177
evidence/hardware/p7/authorized_sequence/p7_20260715_stationary_app_r41_formal_full/062_p7_ps_functional/bundle/boundary_40_trace_result.bin,192,bda3cee70364233b1de9b0c5b70029b9b8b3471c6aa5e790434ab8fb0eb412be
evidence/hardware/p7/authorized_sequence/p7_20260715_stationary_app_r41_formal_full/062_p7_ps_functional/bundle/boundary_40_trace_zero.bin,192,5d89f056865052bcb89c910d2d62872e029fb273c3db03f8968a52a41593c1b5
evidence/hardware/p7/authorized_sequence/p7_20260715_stationary_app_r41_formal_full/062_p7_ps_functional/bundle/boundary_41_descriptor_free.bin,256,8b16c5662a18a032caf52d3d046528ed7630165b596b9d2b56071dddb0946a5c
evidence/hardware/p7/authorized_sequence/p7_20260715_stationary_app_r41_formal_full/062_p7_ps_functional/bundle/boundary_41_descriptor_result.bin,256,db1a35692476845dc15e6bbf8216dfc54d4c1acf14058828deb1716787484c13
evidence/hardware/p7/authorized_sequence/p7_20260715_stationary_app_r41_formal_full/062_p7_ps_functional/bundle/boundary_41_input.bin,432,ce7b1c71b87a0ab700b2547140d15258be75b927600d784ecc071f119f790a69
evidence/hardware/p7/authorized_sequence/p7_20260715_stationary_app_r41_formal_full/062_p7_ps_functional/bundle/boundary_41_output_result.bin,432,ce7b1c71b87a0ab700b2547140d15258be75b927600d784ecc071f119f790a69
evidence/hardware/p7/authorized_sequence/p7_20260715_stationary_app_r41_formal_full/062_p7_ps_functional/bundle/boundary_41_output_zero.bin,432,a85681874f9907c7c7a5587ff18ac67914ead8d8cd4d624089b0fc94acf26177
evidence/hardware/p7/authorized_sequence/p7_20260715_stationary_app_r41_formal_full/062_p7_ps_functional/bundle/boundary_41_trace_result.bin,192,2420a37e735f2732882443fd135b22f3b351f3837845dddb626f4314841f4cfc
evidence/hardware/p7/authorized_sequence/p7_20260715_stationary_app_r41_formal_full/062_p7_ps_functional/bundle/boundary_41_trace_zero.bin,192,5d89f056865052bcb89c910d2d62872e029fb273c3db03f8968a52a41593c1b5
evidence/hardware/p7/authorized_sequence/p7_20260715_stationary_app_r41_formal_full/062_p7_ps_functional/bundle/boundary_42_descriptor_free.bin,256,d62f4ca0fae039f0e69fc4f16e8be27a92c864e6ef309921ebb8025a19bed626
evidence/hardware/p7/authorized_sequence/p7_20260715_stationary_app_r41_formal_full/062_p7_ps_functional/bundle/boundary_42_descriptor_result.bin,256,b36bae93a47116f97e5f928806eeb194dd3a6d2b5de33a01c2e54cc14f188052
evidence/hardware/p7/authorized_sequence/p7_20260715_stationary_app_r41_formal_full/062_p7_ps_functional/bundle/boundary_42_input.bin,432,ce7b1c71b87a0ab700b2547140d15258be75b927600d784ecc071f119f790a69
evidence/hardware/p7/authorized_sequence/p7_20260715_stationary_app_r41_formal_full/062_p7_ps_functional/bundle/boundary_42_output_result.bin,432,ce7b1c71b87a0ab700b2547140d15258be75b927600d784ecc071f119f790a69
evidence/hardware/p7/authorized_sequence/p7_20260715_stationary_app_r41_formal_full/062_p7_ps_functional/bundle/boundary_42_output_zero.bin,432,a85681874f9907c7c7a5587ff18ac67914ead8d8cd4d624089b0fc94acf26177
evidence/hardware/p7/authorized_sequence/p7_20260715_stationary_app_r41_formal_full/062_p7_ps_functional/bundle/boundary_42_trace_result.bin,192,f60028c621a09b2f08071fb19263e6f25c8c962e14bb6c8279cb3322c822c7d8
evidence/hardware/p7/authorized_sequence/p7_20260715_stationary_app_r41_formal_full/062_p7_ps_functional/bundle/boundary_42_trace_zero.bin,192,5d89f056865052bcb89c910d2d62872e029fb273c3db03f8968a52a41593c1b5
evidence/hardware/p7/authorized_sequence/p7_20260715_stationary_app_r41_formal_full/062_p7_ps_functional/bundle/boundary_43_descriptor_free.bin,256,22ccab72f29a55b7803ec0c3c1389254ce1efce5f84a5721d88668e79520a0de
evidence/hardware/p7/authorized_sequence/p7_20260715_stationary_app_r41_formal_full/062_p7_ps_functional/bundle/boundary_43_descriptor_result.bin,256,b8f609cf51759ddfd688333b76eeea0fb5f46a774093e4600f5331e89d232721
evidence/hardware/p7/authorized_sequence/p7_20260715_stationary_app_r41_formal_full/062_p7_ps_functional/bundle/boundary_43_input.bin,432,ce7b1c71b87a0ab700b2547140d15258be75b927600d784ecc071f119f790a69
evidence/hardware/p7/authorized_sequence/p7_20260715_stationary_app_r41_formal_full/062_p7_ps_functional/bundle/boundary_43_output_result.bin,432,ce7b1c71b87a0ab700b2547140d15258be75b927600d784ecc071f119f790a69
evidence/hardware/p7/authorized_sequence/p7_20260715_stationary_app_r41_formal_full/062_p7_ps_functional/bundle/boundary_43_output_zero.bin,432,a85681874f9907c7c7a5587ff18ac67914ead8d8cd4d624089b0fc94acf26177
evidence/hardware/p7/authorized_sequence/p7_20260715_stationary_app_r41_formal_full/062_p7_ps_functional/bundle/boundary_43_trace_result.bin,192,2ffc94ed311c4d4aa92c4a0c78a791a6d1aa7315608178b2db024aa8b1f493e9
evidence/hardware/p7/authorized_sequence/p7_20260715_stationary_app_r41_formal_full/062_p7_ps_functional/bundle/boundary_43_trace_zero.bin,192,5d89f056865052bcb89c910d2d62872e029fb273c3db03f8968a52a41593c1b5
evidence/hardware/p7/authorized_sequence/p7_20260715_stationary_app_r41_formal_full/062_p7_ps_functional/bundle/boundary_44_descriptor_free.bin,256,b444f97a664d4fb447a451e14148566bab03b9e600e9be568f53c4fdc7aeb05f
evidence/hardware/p7/authorized_sequence/p7_20260715_stationary_app_r41_formal_full/062_p7_ps_functional/bundle/boundary_44_descriptor_result.bin,256,6dd5109986323eeaad22a2bae9ebda8c9bcc3b435e3e3d98026e65e1187a45dd
evidence/hardware/p7/authorized_sequence/p7_20260715_stationary_app_r41_formal_full/062_p7_ps_functional/bundle/boundary_44_input.bin,1024,785b0751fc2c53dc14a4ce3d800e69ef9ce1009eb327ccf458afe09c242c26c9
evidence/hardware/p7/authorized_sequence/p7_20260715_stationary_app_r41_formal_full/062_p7_ps_functional/bundle/boundary_44_output_result.bin,1024,785b0751fc2c53dc14a4ce3d800e69ef9ce1009eb327ccf458afe09c242c26c9
evidence/hardware/p7/authorized_sequence/p7_20260715_stationary_app_r41_formal_full/062_p7_ps_functional/bundle/boundary_44_output_zero.bin,1024,e75809e0d15667ce44e6aa5c64689a4917b245eb0920094ff0b017dc0612a17a
evidence/hardware/p7/authorized_sequence/p7_20260715_stationary_app_r41_formal_full/062_p7_ps_functional/bundle/boundary_44_trace_result.bin,320,02583f1c14cc77bb4dcaebcc21e0155012ef8f7caa2663a37b8ed33776676bab
evidence/hardware/p7/authorized_sequence/p7_20260715_stationary_app_r41_formal_full/062_p7_ps_functional/bundle/boundary_44_trace_zero.bin,320,7b6436b0c98f62380866d9432c2af0ee08ce16a171bda6951aecd95ee1307d61
evidence/hardware/p7/authorized_sequence/p7_20260715_stationary_app_r41_formal_full/062_p7_ps_functional/bundle/boundary_45_descriptor_free.bin,256,797c8898f4dba83234a924184aa228dea447790b0069cfa35b37047676927985
evidence/hardware/p7/authorized_sequence/p7_20260715_stationary_app_r41_formal_full/062_p7_ps_functional/bundle/boundary_45_descriptor_result.bin,256,496043bc7f069ed87ef4e7740ff3a59e1e8a3122adbb8946420e43e1cd8fedb3
evidence/hardware/p7/authorized_sequence/p7_20260715_stationary_app_r41_formal_full/062_p7_ps_functional/bundle/boundary_45_input.bin,1024,785b0751fc2c53dc14a4ce3d800e69ef9ce1009eb327ccf458afe09c242c26c9
evidence/hardware/p7/authorized_sequence/p7_20260715_stationary_app_r41_formal_full/062_p7_ps_functional/bundle/boundary_45_output_result.bin,1024,785b0751fc2c53dc14a4ce3d800e69ef9ce1009eb327ccf458afe09c242c26c9
evidence/hardware/p7/authorized_sequence/p7_20260715_stationary_app_r41_formal_full/062_p7_ps_functional/bundle/boundary_45_output_zero.bin,1024,e75809e0d15667ce44e6aa5c64689a4917b245eb0920094ff0b017dc0612a17a
evidence/hardware/p7/authorized_sequence/p7_20260715_stationary_app_r41_formal_full/062_p7_ps_functional/bundle/boundary_45_trace_result.bin,320,9fe41cc4afd2553516ca9425c332f21063b9cb2686353b0fad6a8d1534508fd6
evidence/hardware/p7/authorized_sequence/p7_20260715_stationary_app_r41_formal_full/062_p7_ps_functional/bundle/boundary_45_trace_zero.bin,320,7b6436b0c98f62380866d9432c2af0ee08ce16a171bda6951aecd95ee1307d61
evidence/hardware/p7/authorized_sequence/p7_20260715_stationary_app_r41_formal_full/062_p7_ps_functional/bundle/boundary_46_descriptor_free.bin,256,0da660f354b98b26e93c896c0ab66c5be04790f2a56253d8ec7f3dc8d8c4e916
evidence/hardware/p7/authorized_sequence/p7_20260715_stationary_app_r41_formal_full/062_p7_ps_functional/bundle/boundary_46_descriptor_result.bin,256,ef67f9d4c1e02bd6cab1fe96f2fc29fe746c245956a9d1e6d95f6c4ef62f8c19
evidence/hardware/p7/authorized_sequence/p7_20260715_stationary_app_r41_formal_full/062_p7_ps_functional/bundle/boundary_46_input.bin,1024,785b0751fc2c53dc14a4ce3d800e69ef9ce1009eb327ccf458afe09c242c26c9
evidence/hardware/p7/authorized_sequence/p7_20260715_stationary_app_r41_formal_full/062_p7_ps_functional/bundle/boundary_46_output_result.bin,1024,785b0751fc2c53dc14a4ce3d800e69ef9ce1009eb327ccf458afe09c242c26c9
evidence/hardware/p7/authorized_sequence/p7_20260715_stationary_app_r41_formal_full/062_p7_ps_functional/bundle/boundary_46_output_zero.bin,1024,e75809e0d15667ce44e6aa5c64689a4917b245eb0920094ff0b017dc0612a17a
evidence/hardware/p7/authorized_sequence/p7_20260715_stationary_app_r41_formal_full/062_p7_ps_functional/bundle/boundary_46_trace_result.bin,320,e285c874a4bf7b33f85cedc118bf71803d71249d52ca97814963ee5d988b7e0a
evidence/hardware/p7/authorized_sequence/p7_20260715_stationary_app_r41_formal_full/062_p7_ps_functional/bundle/boundary_46_trace_zero.bin,320,7b6436b0c98f62380866d9432c2af0ee08ce16a171bda6951aecd95ee1307d61
evidence/hardware/p7/authorized_sequence/p7_20260715_stationary_app_r41_formal_full/062_p7_ps_functional/bundle/boundary_47_descriptor_free.bin,256,0a9997d17c9b909ca9b042c42500dc1ebe7b8019cc125205ce98160827cfd385
evidence/hardware/p7/authorized_sequence/p7_20260715_stationary_app_r41_formal_full/062_p7_ps_functional/bundle/boundary_47_descriptor_result.bin,256,97cfdced644ac13c5ddcce9264f61bc7b4d976d1bb1ef8fdf04db6c4adcc7239
evidence/hardware/p7/authorized_sequence/p7_20260715_stationary_app_r41_formal_full/062_p7_ps_functional/bundle/boundary_47_input.bin,1024,785b0751fc2c53dc14a4ce3d800e69ef9ce1009eb327ccf458afe09c242c26c9
evidence/hardware/p7/authorized_sequence/p7_20260715_stationary_app_r41_formal_full/062_p7_ps_functional/bundle/boundary_47_output_result.bin,1024,785b0751fc2c53dc14a4ce3d800e69ef9ce1009eb327ccf458afe09c242c26c9
evidence/hardware/p7/authorized_sequence/p7_20260715_stationary_app_r41_formal_full/062_p7_ps_functional/bundle/boundary_47_output_zero.bin,1024,e75809e0d15667ce44e6aa5c64689a4917b245eb0920094ff0b017dc0612a17a
evidence/hardware/p7/authorized_sequence/p7_20260715_stationary_app_r41_formal_full/062_p7_ps_functional/bundle/boundary_47_trace_result.bin,320,c431ddc853a1248ed4d4bdd6d77294fd96ddf313adff8f898741af31e8a283fa
evidence/hardware/p7/authorized_sequence/p7_20260715_stationary_app_r41_formal_full/062_p7_ps_functional/bundle/boundary_47_trace_zero.bin,320,7b6436b0c98f62380866d9432c2af0ee08ce16a171bda6951aecd95ee1307d61
evidence/hardware/p7/authorized_sequence/p7_20260715_stationary_app_r41_formal_full/062_p7_ps_functional/bundle/boundary_4_descriptor_free.bin,256,dc71be05fa1515ccce062c17be864b4c73120eb099401f66e779da37b3723107
evidence/hardware/p7/authorized_sequence/p7_20260715_stationary_app_r41_formal_full/062_p7_ps_functional/bundle/boundary_4_descriptor_result.bin,256,fb3df3d395b27a2f868bd5c1de9739888f4fec5bf0c7ae68ef285d6e6eeb534d
evidence/hardware/p7/authorized_sequence/p7_20260715_stationary_app_r41_formal_full/062_p7_ps_functional/bundle/boundary_4_input.bin,1,6e340b9cffb37a989ca544e6bb780a2c78901d3fb33738768511a30617afa01d
evidence/hardware/p7/authorized_sequence/p7_20260715_stationary_app_r41_formal_full/062_p7_ps_functional/bundle/boundary_4_output_result.bin,1,6e340b9cffb37a989ca544e6bb780a2c78901d3fb33738768511a30617afa01d
evidence/hardware/p7/authorized_sequence/p7_20260715_stationary_app_r41_formal_full/062_p7_ps_functional/bundle/boundary_4_output_zero.bin,1,6922e93e3827642ce4b883c756b31abf80036649d3614bf5fcb3adda43b8ea32
evidence/hardware/p7/authorized_sequence/p7_20260715_stationary_app_r41_formal_full/062_p7_ps_functional/bundle/boundary_4_trace_result.bin,64,9aa861a2ab69d39bb5fb57f9f47fcc6271035f32a7db02d0c19f0e4207be8a40
evidence/hardware/p7/authorized_sequence/p7_20260715_stationary_app_r41_formal_full/062_p7_ps_functional/bundle/boundary_4_trace_zero.bin,64,f5a5fd42d16a20302798ef6ed309979b43003d2320d9f0e8ea9831a92759fb4b
evidence/hardware/p7/authorized_sequence/p7_20260715_stationary_app_r41_formal_full/062_p7_ps_functional/bundle/boundary_5_descriptor_free.bin,256,f0b52704d9929f1e3667e87554a19e2360394b8e1318ad21c9d095c0b0b02b3d
evidence/hardware/p7/authorized_sequence/p7_20260715_stationary_app_r41_formal_full/062_p7_ps_functional/bundle/boundary_5_descriptor_result.bin,256,306f02d268a5d2ead8ab6d1e3a2db68f69294352471e2a9694ebe82d4e6a993a
evidence/hardware/p7/authorized_sequence/p7_20260715_stationary_app_r41_formal_full/062_p7_ps_functional/bundle/boundary_5_input.bin,1,6e340b9cffb37a989ca544e6bb780a2c78901d3fb33738768511a30617afa01d
evidence/hardware/p7/authorized_sequence/p7_20260715_stationary_app_r41_formal_full/062_p7_ps_functional/bundle/boundary_5_output_result.bin,1,6e340b9cffb37a989ca544e6bb780a2c78901d3fb33738768511a30617afa01d
evidence/hardware/p7/authorized_sequence/p7_20260715_stationary_app_r41_formal_full/062_p7_ps_functional/bundle/boundary_5_output_zero.bin,1,6922e93e3827642ce4b883c756b31abf80036649d3614bf5fcb3adda43b8ea32
evidence/hardware/p7/authorized_sequence/p7_20260715_stationary_app_r41_formal_full/062_p7_ps_functional/bundle/boundary_5_trace_result.bin,64,e8bf1e3937d3a410ab7a9838d25f20c137c295b05e927bab2b3e226fb5d34703
evidence/hardware/p7/authorized_sequence/p7_20260715_stationary_app_r41_formal_full/062_p7_ps_functional/bundle/boundary_5_trace_zero.bin,64,f5a5fd42d16a20302798ef6ed309979b43003d2320d9f0e8ea9831a92759fb4b
evidence/hardware/p7/authorized_sequence/p7_20260715_stationary_app_r41_formal_full/062_p7_ps_functional/bundle/boundary_6_descriptor_free.bin,256,701f9ea11f1af76c5b981e0de1aef44aab270598a7b50978fc65193be889aab2
evidence/hardware/p7/authorized_sequence/p7_20260715_stationary_app_r41_formal_full/062_p7_ps_functional/bundle/boundary_6_descriptor_result.bin,256,0a71aa0643903c4e9d66cfab32d2b5faa3722f9093d0d32f200192eb1bbab2ff
evidence/hardware/p7/authorized_sequence/p7_20260715_stationary_app_r41_formal_full/062_p7_ps_functional/bundle/boundary_6_input.bin,1,6e340b9cffb37a989ca544e6bb780a2c78901d3fb33738768511a30617afa01d
evidence/hardware/p7/authorized_sequence/p7_20260715_stationary_app_r41_formal_full/062_p7_ps_functional/bundle/boundary_6_output_result.bin,1,6e340b9cffb37a989ca544e6bb780a2c78901d3fb33738768511a30617afa01d
evidence/hardware/p7/authorized_sequence/p7_20260715_stationary_app_r41_formal_full/062_p7_ps_functional/bundle/boundary_6_output_zero.bin,1,6922e93e3827642ce4b883c756b31abf80036649d3614bf5fcb3adda43b8ea32
evidence/hardware/p7/authorized_sequence/p7_20260715_stationary_app_r41_formal_full/062_p7_ps_functional/bundle/boundary_6_trace_result.bin,64,79b9484af33031e899cb3619de830062996d2cc816ddd2fb6b0701571d20b942
evidence/hardware/p7/authorized_sequence/p7_20260715_stationary_app_r41_formal_full/062_p7_ps_functional/bundle/boundary_6_trace_zero.bin,64,f5a5fd42d16a20302798ef6ed309979b43003d2320d9f0e8ea9831a92759fb4b
evidence/hardware/p7/authorized_sequence/p7_20260715_stationary_app_r41_formal_full/062_p7_ps_functional/bundle/boundary_7_descriptor_free.bin,256,1f0cb1ecf27f165303919cc77bf2f2801a10fc919f60eac5efbdc92e4f3a5477
evidence/hardware/p7/authorized_sequence/p7_20260715_stationary_app_r41_formal_full/062_p7_ps_functional/bundle/boundary_7_descriptor_result.bin,256,435426d67aaa6327f57ffcef2c834b149eaa8e6953c482fa24ee0c65d44701c0
evidence/hardware/p7/authorized_sequence/p7_20260715_stationary_app_r41_formal_full/062_p7_ps_functional/bundle/boundary_7_input.bin,1,6e340b9cffb37a989ca544e6bb780a2c78901d3fb33738768511a30617afa01d
evidence/hardware/p7/authorized_sequence/p7_20260715_stationary_app_r41_formal_full/062_p7_ps_functional/bundle/boundary_7_output_result.bin,1,6e340b9cffb37a989ca544e6bb780a2c78901d3fb33738768511a30617afa01d
evidence/hardware/p7/authorized_sequence/p7_20260715_stationary_app_r41_formal_full/062_p7_ps_functional/bundle/boundary_7_output_zero.bin,1,6922e93e3827642ce4b883c756b31abf80036649d3614bf5fcb3adda43b8ea32
evidence/hardware/p7/authorized_sequence/p7_20260715_stationary_app_r41_formal_full/062_p7_ps_functional/bundle/boundary_7_trace_result.bin,64,2a15e09dddbc755ccaa26e825000f2b1f4f8648e2ece12a2cbca421e7e7623c4
evidence/hardware/p7/authorized_sequence/p7_20260715_stationary_app_r41_formal_full/062_p7_ps_functional/bundle/boundary_7_trace_zero.bin,64,f5a5fd42d16a20302798ef6ed309979b43003d2320d9f0e8ea9831a92759fb4b
evidence/hardware/p7/authorized_sequence/p7_20260715_stationary_app_r41_formal_full/062_p7_ps_functional/bundle/boundary_8_descriptor_free.bin,256,7e31e370f2215a306b938ea6b66f2f9a9fdc3092f0d08e65f8c6f75e7a536380
evidence/hardware/p7/authorized_sequence/p7_20260715_stationary_app_r41_formal_full/062_p7_ps_functional/bundle/boundary_8_descriptor_result.bin,256,e05e1f3adddf2c905bd061d9c37814ebeea97567116a1885d52d8ff23cf4a610
evidence/hardware/p7/authorized_sequence/p7_20260715_stationary_app_r41_formal_full/062_p7_ps_functional/bundle/boundary_8_input.bin,30,ef178cb1ce931617eeaa6e24f5650bd273f8cda434ef85f18c5b372779f85a33
evidence/hardware/p7/authorized_sequence/p7_20260715_stationary_app_r41_formal_full/062_p7_ps_functional/bundle/boundary_8_output_result.bin,30,ef178cb1ce931617eeaa6e24f5650bd273f8cda434ef85f18c5b372779f85a33
evidence/hardware/p7/authorized_sequence/p7_20260715_stationary_app_r41_formal_full/062_p7_ps_functional/bundle/boundary_8_output_zero.bin,30,3f602f0d44c26057387596e3793a79c92cf2cf3722b843f7fa30bd40f9bf0fb4
evidence/hardware/p7/authorized_sequence/p7_20260715_stationary_app_r41_formal_full/062_p7_ps_functional/bundle/boundary_8_trace_result.bin,64,e393f4e5787efb0a6ebbf983cde542bd37de2519562e2adeb44986ab2077653e
evidence/hardware/p7/authorized_sequence/p7_20260715_stationary_app_r41_formal_full/062_p7_ps_functional/bundle/boundary_8_trace_zero.bin,64,f5a5fd42d16a20302798ef6ed309979b43003d2320d9f0e8ea9831a92759fb4b
evidence/hardware/p7/authorized_sequence/p7_20260715_stationary_app_r41_formal_full/062_p7_ps_functional/bundle/boundary_9_descriptor_free.bin,256,b04ab35252d1a3dc4cb3d52f3ea3d429feec26c07d816b55e172ff2c7013b4e5
evidence/hardware/p7/authorized_sequence/p7_20260715_stationary_app_r41_formal_full/062_p7_ps_functional/bundle/boundary_9_descriptor_result.bin,256,b22719e87bd234a8a241a573881d1a2b55313447b911289d2e84541059886fdd
evidence/hardware/p7/authorized_sequence/p7_20260715_stationary_app_r41_formal_full/062_p7_ps_functional/bundle/boundary_9_input.bin,30,012cc8b96aa74d604a2afa4a67058cd251a1b55b56d54c4e7dae8e18466a290e
evidence/hardware/p7/authorized_sequence/p7_20260715_stationary_app_r41_formal_full/062_p7_ps_functional/bundle/boundary_9_output_result.bin,30,012cc8b96aa74d604a2afa4a67058cd251a1b55b56d54c4e7dae8e18466a290e
evidence/hardware/p7/authorized_sequence/p7_20260715_stationary_app_r41_formal_full/062_p7_ps_functional/bundle/boundary_9_output_zero.bin,30,3f602f0d44c26057387596e3793a79c92cf2cf3722b843f7fa30bd40f9bf0fb4
evidence/hardware/p7/authorized_sequence/p7_20260715_stationary_app_r41_formal_full/062_p7_ps_functional/bundle/boundary_9_trace_result.bin,64,fdf5506118c8433791f6dd19e667258bb77393bf910e3feac3b3f5d714bec82b
evidence/hardware/p7/authorized_sequence/p7_20260715_stationary_app_r41_formal_full/062_p7_ps_functional/bundle/boundary_9_trace_zero.bin,64,f5a5fd42d16a20302798ef6ed309979b43003d2320d9f0e8ea9831a92759fb4b
evidence/hardware/p7/authorized_sequence/p7_20260715_stationary_app_r41_formal_full/062_p7_ps_functional/bundle/boundary_batch_0_descriptors.bin,2048,8770161356c50d6f862c47e89de03c6c80b054d1d203dba31f9f12992142aa04
evidence/hardware/p7/authorized_sequence/p7_20260715_stationary_app_r41_formal_full/062_p7_ps_functional/bundle/boundary_batch_1_descriptors.bin,2048,077b8d6adbabc20475529e427266c2b299c7e9f7c30393c6160177a55c986aaa
evidence/hardware/p7/authorized_sequence/p7_20260715_stationary_app_r41_formal_full/062_p7_ps_functional/bundle/boundary_batch_2_descriptors.bin,2048,c06f9c77756cfb1214144e23a8562e286035dbc6e53c15e83dbd1cd983de1e5d
evidence/hardware/p7/authorized_sequence/p7_20260715_stationary_app_r41_formal_full/062_p7_ps_functional/bundle/boundary_batch_3_descriptors.bin,2048,8d8cec84889425571ee117ed26207e17c7649213566fa3075269e05d20d92b70
evidence/hardware/p7/authorized_sequence/p7_20260715_stationary_app_r41_formal_full/062_p7_ps_functional/bundle/boundary_batch_4_descriptors.bin,2048,b80a5d70be32708b6b334b74adc27fc44ece4c97d5e58b63563c72416635677c
evidence/hardware/p7/authorized_sequence/p7_20260715_stationary_app_r41_formal_full/062_p7_ps_functional/bundle/boundary_batch_5_descriptors.bin,2048,e27839320826cc0ddee207e99b44f6686986cab38ca4482e4891cc483943878f
evidence/hardware/p7/authorized_sequence/p7_20260715_stationary_app_r41_formal_full/062_p7_ps_functional/bundle/bundle_manifest.json,117906,d93b7539dc922eae7a37c24c6e872525a5337a4762a800947b7386151874932d
evidence/hardware/p7/authorized_sequence/p7_20260715_stationary_app_r41_formal_full/062_p7_ps_functional/bundle/descriptor_free_0.bin,256,277d97bf4314f3c44e19f97a4a9fc5b4270133ec4b3b3bb45fdaef4b60fd78e5
evidence/hardware/p7/authorized_sequence/p7_20260715_stationary_app_r41_formal_full/062_p7_ps_functional/bundle/descriptor_free_1.bin,256,784db7f881b6b018fffa4ec947e05276e923b417a91653cc05865e1f15ff96a3
evidence/hardware/p7/authorized_sequence/p7_20260715_stationary_app_r41_formal_full/062_p7_ps_functional/bundle/descriptor_free_2.bin,256,49620c5cf215aab2861edf09f0b7e54016341d4a685f5cd8273e13e89d25f3e4
evidence/hardware/p7/authorized_sequence/p7_20260715_stationary_app_r41_formal_full/062_p7_ps_functional/bundle/descriptor_free_3.bin,256,53ab6f6bb08fbef29394792f76cfb3940fc3e1158b201d9783c803000e930d19
evidence/hardware/p7/authorized_sequence/p7_20260715_stationary_app_r41_formal_full/062_p7_ps_functional/bundle/descriptor_free_4.bin,256,b424147c284b1302fca30da412d7c8173ea36cad807c79603d83ef8634677da6
evidence/hardware/p7/authorized_sequence/p7_20260715_stationary_app_r41_formal_full/062_p7_ps_functional/bundle/descriptor_free_5.bin,256,9b02ab951d762a09590ffd39a12bcfb8db099c715b77130cb020ffcceb618cca
evidence/hardware/p7/authorized_sequence/p7_20260715_stationary_app_r41_formal_full/062_p7_ps_functional/bundle/descriptor_free_6.bin,256,080ac828d00c6e4e207ba56bd2703f5eff04fe270688025687b294e69259840f
evidence/hardware/p7/authorized_sequence/p7_20260715_stationary_app_r41_formal_full/062_p7_ps_functional/bundle/descriptor_free_7.bin,256,95c32dec138fce7013bc8e27d27a5c2fb2dd36c9480aa08acd81282a5cf9a156
evidence/hardware/p7/authorized_sequence/p7_20260715_stationary_app_r41_formal_full/062_p7_ps_functional/bundle/descriptor_result_0.bin,256,3d1c9edf6503ca3bd613c987840d64e976f923e3c9503ebc8c950d1425c45c20
evidence/hardware/p7/authorized_sequence/p7_20260715_stationary_app_r41_formal_full/062_p7_ps_functional/bundle/descriptor_result_1.bin,256,9811a0f1566d87e9a6846e0172bf8d3333c69586c1e4076eb35241e098d170b4
evidence/hardware/p7/authorized_sequence/p7_20260715_stationary_app_r41_formal_full/062_p7_ps_functional/bundle/descriptor_result_2.bin,256,6be24544ad795005e433866f9993a4c67f96e91e8daecba744f6dbc23483559e
evidence/hardware/p7/authorized_sequence/p7_20260715_stationary_app_r41_formal_full/062_p7_ps_functional/bundle/descriptor_result_3.bin,256,4d969d69c16f91132df18a03df592c53ccd318e7ac143b6c347a11db5742d77d
evidence/hardware/p7/authorized_sequence/p7_20260715_stationary_app_r41_formal_full/062_p7_ps_functional/bundle/descriptor_result_4.bin,256,92ebe9c2c44ebd89402c82cb23a671a970ff289cc798c57902fca3b94f9517ca
evidence/hardware/p7/authorized_sequence/p7_20260715_stationary_app_r41_formal_full/062_p7_ps_functional/bundle/descriptor_result_5.bin,256,b3d0fbbda028021d093817f0baf798559d8368c973a3d856beb1aa3644a557dd
evidence/hardware/p7/authorized_sequence/p7_20260715_stationary_app_r41_formal_full/062_p7_ps_functional/bundle/descriptor_result_6.bin,256,651c4c13c2f5f15c8679700a6aaf4fc07a7e842ef9e65cdbcd5daee8f7fdc345
evidence/hardware/p7/authorized_sequence/p7_20260715_stationary_app_r41_formal_full/062_p7_ps_functional/bundle/descriptor_result_7.bin,256,83e2bb3d0a121a950b8cb76832c7e532c490c41d4db364e6e023843e0207c020
evidence/hardware/p7/authorized_sequence/p7_20260715_stationary_app_r41_formal_full/062_p7_ps_functional/bundle/descriptors.bin,2048,9d2dd67f6ce41684f0732c65046d09018f710a97004eed6e2dd06bb1cd654bf3
evidence/hardware/p7/authorized_sequence/p7_20260715_stationary_app_r41_formal_full/062_p7_ps_functional/bundle/execution_plan.txt,4852,07c0a8566e9be7fc25d0471de61dd26aab51ff49b2b232cc435f974363fd15cc
evidence/hardware/p7/authorized_sequence/p7_20260715_stationary_app_r41_formal_full/062_p7_ps_functional/bundle/functional_checkpoint_4k_descriptor_free.bin,256,5dc10dad7d20d0551bc529b60041121655febe693ef85b8663bb2f1f97b10877
evidence/hardware/p7/authorized_sequence/p7_20260715_stationary_app_r41_formal_full/062_p7_ps_functional/bundle/functional_checkpoint_4k_descriptor_result.bin,256,ee09555c6e876c4683a4299cafba5aafa79cd47f627d73dce33db5717712751b
evidence/hardware/p7/authorized_sequence/p7_20260715_stationary_app_r41_formal_full/062_p7_ps_functional/bundle/functional_checkpoint_4k_input.bin,4096,cfed41318bf27079bf070450799fa8b9ba15a1a9d163bd1ec962a1cf678ac744
evidence/hardware/p7/authorized_sequence/p7_20260715_stationary_app_r41_formal_full/062_p7_ps_functional/bundle/functional_checkpoint_4k_input_doubleword_readback.bin,4096,cfed41318bf27079bf070450799fa8b9ba15a1a9d163bd1ec962a1cf678ac744
evidence/hardware/p7/authorized_sequence/p7_20260715_stationary_app_r41_formal_full/062_p7_ps_functional/bundle/functional_checkpoint_4k_output_result.bin,4096,cfed41318bf27079bf070450799fa8b9ba15a1a9d163bd1ec962a1cf678ac744
evidence/hardware/p7/authorized_sequence/p7_20260715_stationary_app_r41_formal_full/062_p7_ps_functional/bundle/functional_checkpoint_4k_output_zero.bin,4096,f600eca824e84a43f0691b267bd620e462c50da165c5b80e17aecb7a924f1fa8
evidence/hardware/p7/authorized_sequence/p7_20260715_stationary_app_r41_formal_full/062_p7_ps_functional/bundle/functional_checkpoint_4k_trace_result.bin,1280,980273434c178a3499dc9445546fba16e24f9b2101095fdba37f0783171bcfec
evidence/hardware/p7/authorized_sequence/p7_20260715_stationary_app_r41_formal_full/062_p7_ps_functional/bundle/functional_checkpoint_4k_trace_zero.bin,1280,bfe492baf731a0dbf6e1e050f5bc3fe8c1b049383194dcdf82f023bfa409f462
evidence/hardware/p7/authorized_sequence/p7_20260715_stationary_app_r41_formal_full/062_p7_ps_functional/bundle/input_0.bin,1048576,7e5429086427389d04aa9ae1787edae67633271ec7d045e5ff64a6b6925aa5a8
evidence/hardware/p7/authorized_sequence/p7_20260715_stationary_app_r41_formal_full/062_p7_ps_functional/bundle/input_1.bin,1048576,6e2168bcadacf3a15b84463f0ff9ebd2a54be5c94cfae85961ebd3e995d82747
evidence/hardware/p7/authorized_sequence/p7_20260715_stationary_app_r41_formal_full/062_p7_ps_functional/bundle/input_2.bin,1048576,4c54cb11f9da4a76ebd2470e604415d99048535922929f6ad104b16d272d4256
evidence/hardware/p7/authorized_sequence/p7_20260715_stationary_app_r41_formal_full/062_p7_ps_functional/bundle/input_3.bin,1048576,09785f426752ea6dca4adecddd49bb125bd9561c02bc44dc8b04b6ec0e5754ee
evidence/hardware/p7/authorized_sequence/p7_20260715_stationary_app_r41_formal_full/062_p7_ps_functional/bundle/input_4.bin,65536,4cdf72271fcefc2f6466e00c33629289ef02d0e8ab700fdbaba0d84fc37ac882
evidence/hardware/p7/authorized_sequence/p7_20260715_stationary_app_r41_formal_full/062_p7_ps_functional/bundle/input_5.bin,65536,526f5907b623c3f7cd7efaa6584aeb0fdc8a9aaefa94cd595ee01508156780f4
evidence/hardware/p7/authorized_sequence/p7_20260715_stationary_app_r41_formal_full/062_p7_ps_functional/bundle/input_6.bin,65536,766d012a0c43b3d04ba72af7cb4249517589945577bc1e1a06425417ff813f05
evidence/hardware/p7/authorized_sequence/p7_20260715_stationary_app_r41_formal_full/062_p7_ps_functional/bundle/input_7.bin,65536,7daca2095d0438260fa849183dfc67faa459fdf4936e1bc91eec6b281b27e4c2
evidence/hardware/p7/authorized_sequence/p7_20260715_stationary_app_r41_formal_full/062_p7_ps_functional/bundle/mailbox.bin,256,859ce2f9fc56ecd72fa4eb1c9309b59c49738e81c18d2ccc2e54565a7e497fc5
evidence/hardware/p7/authorized_sequence/p7_20260715_stationary_app_r41_formal_full/062_p7_ps_functional/bundle/mailbox_final.bin,256,a8ba460b944913196e1fae37986557aa578f218418bd5b6aceaf57588a69034e
evidence/hardware/p7/authorized_sequence/p7_20260715_stationary_app_r41_formal_full/062_p7_ps_functional/bundle/output_result_0.bin,1048576,7e5429086427389d04aa9ae1787edae67633271ec7d045e5ff64a6b6925aa5a8
evidence/hardware/p7/authorized_sequence/p7_20260715_stationary_app_r41_formal_full/062_p7_ps_functional/bundle/output_result_1.bin,1048576,6e2168bcadacf3a15b84463f0ff9ebd2a54be5c94cfae85961ebd3e995d82747
evidence/hardware/p7/authorized_sequence/p7_20260715_stationary_app_r41_formal_full/062_p7_ps_functional/bundle/output_result_2.bin,1048576,4c54cb11f9da4a76ebd2470e604415d99048535922929f6ad104b16d272d4256
evidence/hardware/p7/authorized_sequence/p7_20260715_stationary_app_r41_formal_full/062_p7_ps_functional/bundle/output_result_3.bin,1048576,09785f426752ea6dca4adecddd49bb125bd9561c02bc44dc8b04b6ec0e5754ee
evidence/hardware/p7/authorized_sequence/p7_20260715_stationary_app_r41_formal_full/062_p7_ps_functional/bundle/output_result_4.bin,65536,4cdf72271fcefc2f6466e00c33629289ef02d0e8ab700fdbaba0d84fc37ac882
evidence/hardware/p7/authorized_sequence/p7_20260715_stationary_app_r41_formal_full/062_p7_ps_functional/bundle/output_result_5.bin,65536,526f5907b623c3f7cd7efaa6584aeb0fdc8a9aaefa94cd595ee01508156780f4
evidence/hardware/p7/authorized_sequence/p7_20260715_stationary_app_r41_formal_full/062_p7_ps_functional/bundle/output_result_6.bin,65536,766d012a0c43b3d04ba72af7cb4249517589945577bc1e1a06425417ff813f05
evidence/hardware/p7/authorized_sequence/p7_20260715_stationary_app_r41_formal_full/062_p7_ps_functional/bundle/output_result_7.bin,65536,7daca2095d0438260fa849183dfc67faa459fdf4936e1bc91eec6b281b27e4c2
evidence/hardware/p7/authorized_sequence/p7_20260715_stationary_app_r41_formal_full/062_p7_ps_functional/bundle/output_zero_0.bin,1048576,16c7f1d8a38b4b84560e558ab03b13c82e2ff374d87eaacb4df22f03604e7a4f
evidence/hardware/p7/authorized_sequence/p7_20260715_stationary_app_r41_formal_full/062_p7_ps_functional/bundle/output_zero_1.bin,1048576,16c7f1d8a38b4b84560e558ab03b13c82e2ff374d87eaacb4df22f03604e7a4f
evidence/hardware/p7/authorized_sequence/p7_20260715_stationary_app_r41_formal_full/062_p7_ps_functional/bundle/output_zero_2.bin,1048576,16c7f1d8a38b4b84560e558ab03b13c82e2ff374d87eaacb4df22f03604e7a4f
evidence/hardware/p7/authorized_sequence/p7_20260715_stationary_app_r41_formal_full/062_p7_ps_functional/bundle/output_zero_3.bin,1048576,16c7f1d8a38b4b84560e558ab03b13c82e2ff374d87eaacb4df22f03604e7a4f
evidence/hardware/p7/authorized_sequence/p7_20260715_stationary_app_r41_formal_full/062_p7_ps_functional/bundle/output_zero_4.bin,65536,77007cd74a06dc54e5114d01a41d2721679d5668a0c20022fe102c87ad4d65b8
evidence/hardware/p7/authorized_sequence/p7_20260715_stationary_app_r41_formal_full/062_p7_ps_functional/bundle/output_zero_5.bin,65536,77007cd74a06dc54e5114d01a41d2721679d5668a0c20022fe102c87ad4d65b8
evidence/hardware/p7/authorized_sequence/p7_20260715_stationary_app_r41_formal_full/062_p7_ps_functional/bundle/output_zero_6.bin,65536,77007cd74a06dc54e5114d01a41d2721679d5668a0c20022fe102c87ad4d65b8
evidence/hardware/p7/authorized_sequence/p7_20260715_stationary_app_r41_formal_full/062_p7_ps_functional/bundle/output_zero_7.bin,65536,77007cd74a06dc54e5114d01a41d2721679d5668a0c20022fe102c87ad4d65b8
evidence/hardware/p7/authorized_sequence/p7_20260715_stationary_app_r41_formal_full/062_p7_ps_functional/bundle/stage62_microtest_control.bin,64,f5a5fd42d16a20302798ef6ed309979b43003d2320d9f0e8ea9831a92759fb4b
evidence/hardware/p7/authorized_sequence/p7_20260715_stationary_app_r41_formal_full/062_p7_ps_functional/bundle/trace_result_0.bin,312192,bf94623e82ab2ff5add6eff7d920bb55fe39000724b9d77c67e78af12813493b
evidence/hardware/p7/authorized_sequence/p7_20260715_stationary_app_r41_formal_full/062_p7_ps_functional/bundle/trace_result_1.bin,312192,13c1b22b620bdbca6f2a8dd5fafec21fc44b01108d87cacaaceea5b80bf773a8
evidence/hardware/p7/authorized_sequence/p7_20260715_stationary_app_r41_formal_full/062_p7_ps_functional/bundle/trace_result_2.bin,312192,794432b32092f6e0ba236f9a1b52e3da7d4037d8f952af03681240e6b04cbb0b
evidence/hardware/p7/authorized_sequence/p7_20260715_stationary_app_r41_formal_full/062_p7_ps_functional/bundle/trace_result_3.bin,312192,a1308f836169df5bb76ee0fa23e8e1f547a2c3419351493e5255331489b2c72f
evidence/hardware/p7/authorized_sequence/p7_20260715_stationary_app_r41_formal_full/062_p7_ps_functional/bundle/trace_result_4.bin,19520,809acd890e9ab2e77c8f5e5010941c06a0ef373d9b078d01985c2f6634b5eb19
evidence/hardware/p7/authorized_sequence/p7_20260715_stationary_app_r41_formal_full/062_p7_ps_functional/bundle/trace_result_5.bin,19520,83752efa705463eb17990f6e6c3ac4778d88b6a94164ddab8b2c8df19b49bbd7
evidence/hardware/p7/authorized_sequence/p7_20260715_stationary_app_r41_formal_full/062_p7_ps_functional/bundle/trace_result_6.bin,19520,51bd16ee3c2659d2bac8de692ea89308a72798731ed2121cd471a2db0171d306
evidence/hardware/p7/authorized_sequence/p7_20260715_stationary_app_r41_formal_full/062_p7_ps_functional/bundle/trace_result_7.bin,19520,9a6b086a26c474fbecee1d7f16c5a53dd509a331564cc997e904f128aada46e4
evidence/hardware/p7/authorized_sequence/p7_20260715_stationary_app_r41_formal_full/062_p7_ps_functional/bundle/trace_zero_0.bin,312192,3d8381f0e2711b2f4324add4ad3dc62d9207063a88e7511d368e5523472fc7e7
evidence/hardware/p7/authorized_sequence/p7_20260715_stationary_app_r41_formal_full/062_p7_ps_functional/bundle/trace_zero_1.bin,312192,3d8381f0e2711b2f4324add4ad3dc62d9207063a88e7511d368e5523472fc7e7
evidence/hardware/p7/authorized_sequence/p7_20260715_stationary_app_r41_formal_full/062_p7_ps_functional/bundle/trace_zero_2.bin,312192,3d8381f0e2711b2f4324add4ad3dc62d9207063a88e7511d368e5523472fc7e7
evidence/hardware/p7/authorized_sequence/p7_20260715_stationary_app_r41_formal_full/062_p7_ps_functional/bundle/trace_zero_3.bin,312192,3d8381f0e2711b2f4324add4ad3dc62d9207063a88e7511d368e5523472fc7e7
evidence/hardware/p7/authorized_sequence/p7_20260715_stationary_app_r41_formal_full/062_p7_ps_functional/bundle/trace_zero_4.bin,19520,26246329fca08c3c7597476d7f95ed90cb9d1ca165876ddfca673a52d26d4147
evidence/hardware/p7/authorized_sequence/p7_20260715_stationary_app_r41_formal_full/062_p7_ps_functional/bundle/trace_zero_5.bin,19520,26246329fca08c3c7597476d7f95ed90cb9d1ca165876ddfca673a52d26d4147
evidence/hardware/p7/authorized_sequence/p7_20260715_stationary_app_r41_formal_full/062_p7_ps_functional/bundle/trace_zero_6.bin,19520,26246329fca08c3c7597476d7f95ed90cb9d1ca165876ddfca673a52d26d4147
evidence/hardware/p7/authorized_sequence/p7_20260715_stationary_app_r41_formal_full/062_p7_ps_functional/bundle/trace_zero_7.bin,19520,26246329fca08c3c7597476d7f95ed90cb9d1ca165876ddfca673a52d26d4147
evidence/hardware/p7/authorized_sequence/p7_20260715_stationary_app_r41_formal_full/062_p7_ps_functional/p7_hw_preflight_result.txt,512,b9c7b51d551d7f0a98f48b8493aed82542ccd9993966f478228e655b31ebbe84
evidence/hardware/p7/authorized_sequence/p7_20260715_stationary_app_r41_formal_full/062_p7_ps_functional/p7_ps_application_events.json,1423,83a0030d5c660fea9f887312898d726c92aefda7b5110c1e48848cd5891abf21
evidence/hardware/p7/authorized_sequence/p7_20260715_stationary_app_r41_formal_full/062_p7_ps_functional/p7_ps_application_raw_result.log,1602,381b7b18ffc0f8aa17adb1c62f2d816497da8119e11e1d14ac779cedbcccd6c7
evidence/hardware/p7/authorized_sequence/p7_20260715_stationary_app_r41_formal_full/062_p7_ps_functional/p7_ps_application_stage_summary.json,11077139,643e1fc32ee1dc71331459323ecf599ae87316153756e9409f28a071e5768e38
evidence/hardware/p7/authorized_sequence/p7_20260715_stationary_app_r41_formal_full/062_p7_ps_functional/p7_raw_evidence_sha256_manifest.json,84139,5c16c432ec6a054344b89f386e38983c848633b4749a3279e8b8289c725c294c
evidence/hardware/p7/authorized_sequence/p7_20260715_stationary_app_r41_formal_full/062_p7_ps_functional/preflight.stderr.log,0,e3b0c44298fc1c149afbf4c8996fb92427ae41e4649b934ca495991b7852b855
evidence/hardware/p7/authorized_sequence/p7_20260715_stationary_app_r41_formal_full/062_p7_ps_functional/preflight.stdout.log,9868,5b45307504ab0d5504959bf521de82ea866129c8cbfff89a222727c959574f3a
evidence/hardware/p7/authorized_sequence/p7_20260715_stationary_app_r41_formal_full/062_p7_ps_functional/ps_application_stage.stderr.log,0,e3b0c44298fc1c149afbf4c8996fb92427ae41e4649b934ca495991b7852b855
evidence/hardware/p7/authorized_sequence/p7_20260715_stationary_app_r41_formal_full/062_p7_ps_functional/ps_application_stage.stdout.log,1602,381b7b18ffc0f8aa17adb1c62f2d816497da8119e11e1d14ac779cedbcccd6c7
evidence/hardware/p7/authorized_sequence/p7_20260715_stationary_app_r41_formal_full/062_p7_ps_functional/shutdown_after.stderr.log,0,e3b0c44298fc1c149afbf4c8996fb92427ae41e4649b934ca495991b7852b855
evidence/hardware/p7/authorized_sequence/p7_20260715_stationary_app_r41_formal_full/062_p7_ps_functional/shutdown_after.stdout.log,38018,f23de0b1b20143b9c2dee96de5e0fa46e51996c9477eb4b4143a6c9a3566299a
evidence/hardware/p7/authorized_sequence/p7_20260715_stationary_app_r41_formal_full/062_p7_ps_functional/shutdown_after_result.txt,573,fefcdc86e6e9ecb8caaa50dab70a5137d7cf922ab2bbc2de72926df4bf003d5d
evidence/hardware/p7/authorized_sequence/p7_20260715_stationary_app_r41_formal_full/062_p7_ps_functional/shutdown_before.stderr.log,0,e3b0c44298fc1c149afbf4c8996fb92427ae41e4649b934ca495991b7852b855
evidence/hardware/p7/authorized_sequence/p7_20260715_stationary_app_r41_formal_full/062_p7_ps_functional/shutdown_before.stdout.log,38018,b18ecd7fb545317aa6acfc9ed1d6033ec1c914e3bc55eeaf351ed680f45e34f3
evidence/hardware/p7/authorized_sequence/p7_20260715_stationary_app_r41_formal_full/062_p7_ps_functional/shutdown_before_result.txt,573,fefcdc86e6e9ecb8caaa50dab70a5137d7cf922ab2bbc2de72926df4bf003d5d
evidence/hardware/p7/authorized_sequence/p7_20260715_stationary_app_r41_formal_full/063_p7_ps_fault_fallback/bundle/bundle_manifest.json,18216,60225a1b9e3107d59616455521df230b1238d509a4d70fe10340df34689a8551
evidence/hardware/p7/authorized_sequence/p7_20260715_stationary_app_r41_formal_full/063_p7_ps_fault_fallback/bundle/descriptor_free_0.bin,256,22b41418b47c36139bb82aad217bb9932f06b8650deb8d98355e71221a1331b1
evidence/hardware/p7/authorized_sequence/p7_20260715_stationary_app_r41_formal_full/063_p7_ps_fault_fallback/bundle/descriptor_free_1.bin,256,0a73cad6574318e8858aa021044ee768ea86046aa353af6722e0c2462e0b59c1
evidence/hardware/p7/authorized_sequence/p7_20260715_stationary_app_r41_formal_full/063_p7_ps_fault_fallback/bundle/descriptor_free_2.bin,256,1147ec5f3c576b11f9b84abac45f633e60436ba255216c3ceabb7785b222a815
evidence/hardware/p7/authorized_sequence/p7_20260715_stationary_app_r41_formal_full/063_p7_ps_fault_fallback/bundle/descriptor_free_3.bin,256,6c24a357bab4608f157106746005eced118c034b02982f371ef49093e54a35d8
evidence/hardware/p7/authorized_sequence/p7_20260715_stationary_app_r41_formal_full/063_p7_ps_fault_fallback/bundle/descriptor_free_4.bin,256,dbe075290b0fda5274a354e9e806934b11deea7cc4ca0a55debad0f55ad02fc4
evidence/hardware/p7/authorized_sequence/p7_20260715_stationary_app_r41_formal_full/063_p7_ps_fault_fallback/bundle/descriptor_free_5.bin,256,41ce66f837e1de4d9040c15f878660a544803b977757da4f40a488534ff94300
evidence/hardware/p7/authorized_sequence/p7_20260715_stationary_app_r41_formal_full/063_p7_ps_fault_fallback/bundle/descriptor_free_6.bin,256,04142bd049a72ca2f1c00ad9ce86a8d5d5ccc545d6faa1162acc6502be7b68aa
evidence/hardware/p7/authorized_sequence/p7_20260715_stationary_app_r41_formal_full/063_p7_ps_fault_fallback/bundle/descriptor_result_0.bin,256,595ae3a43df34683f263c3858fc5a3ef3cfc2670d6112529d771d69271b7c191
evidence/hardware/p7/authorized_sequence/p7_20260715_stationary_app_r41_formal_full/063_p7_ps_fault_fallback/bundle/descriptor_result_1.bin,256,d785760053b82a8ba90bc9d862dcd88349b3a22d42a127ee1165870991ae34e4
evidence/hardware/p7/authorized_sequence/p7_20260715_stationary_app_r41_formal_full/063_p7_ps_fault_fallback/bundle/descriptor_result_2.bin,256,53bd7a898e2e3ef537d6e510e36c36c975c74eed9f6803a05ab87615f3a020ad
evidence/hardware/p7/authorized_sequence/p7_20260715_stationary_app_r41_formal_full/063_p7_ps_fault_fallback/bundle/descriptor_result_3.bin,256,6fa19765bf998aa0426617acd646ac4b8dd1b741fb0c3977eaa167831c5b74b9
evidence/hardware/p7/authorized_sequence/p7_20260715_stationary_app_r41_formal_full/063_p7_ps_fault_fallback/bundle/descriptor_result_4.bin,256,7d3e87b5b28fef1dc335ec9e6cf6836ce86a99b93f99a1158777502b6b030ba5
evidence/hardware/p7/authorized_sequence/p7_20260715_stationary_app_r41_formal_full/063_p7_ps_fault_fallback/bundle/descriptor_result_5.bin,256,e05bcbc7cebba69ee3bc19428361cf2e0d36d082515f2e170d9666e531aaa3bb
evidence/hardware/p7/authorized_sequence/p7_20260715_stationary_app_r41_formal_full/063_p7_ps_fault_fallback/bundle/descriptor_result_6.bin,256,14644fa01f242c8aea8868fbd4818e084e8e1ed3c38f8ea5eb0810a18ab8dd9e
evidence/hardware/p7/authorized_sequence/p7_20260715_stationary_app_r41_formal_full/063_p7_ps_fault_fallback/bundle/descriptors.bin,2048,ede79c1f92668d85d77262107974c447114144544e37234b3f1116b12c1feca8
evidence/hardware/p7/authorized_sequence/p7_20260715_stationary_app_r41_formal_full/063_p7_ps_fault_fallback/bundle/execution_plan.txt,1197,b8ce050fbac0234f324d062d85fd84a30392b475670372b8e694be0854a7c401
evidence/hardware/p7/authorized_sequence/p7_20260715_stationary_app_r41_formal_full/063_p7_ps_fault_fallback/bundle/input_0.bin,65536,766d012a0c43b3d04ba72af7cb4249517589945577bc1e1a06425417ff813f05
evidence/hardware/p7/authorized_sequence/p7_20260715_stationary_app_r41_formal_full/063_p7_ps_fault_fallback/bundle/input_1.bin,65536,766d012a0c43b3d04ba72af7cb4249517589945577bc1e1a06425417ff813f05
evidence/hardware/p7/authorized_sequence/p7_20260715_stationary_app_r41_formal_full/063_p7_ps_fault_fallback/bundle/input_2.bin,65536,766d012a0c43b3d04ba72af7cb4249517589945577bc1e1a06425417ff813f05
evidence/hardware/p7/authorized_sequence/p7_20260715_stationary_app_r41_formal_full/063_p7_ps_fault_fallback/bundle/input_3.bin,65536,766d012a0c43b3d04ba72af7cb4249517589945577bc1e1a06425417ff813f05
evidence/hardware/p7/authorized_sequence/p7_20260715_stationary_app_r41_formal_full/063_p7_ps_fault_fallback/bundle/input_4.bin,65536,766d012a0c43b3d04ba72af7cb4249517589945577bc1e1a06425417ff813f05
evidence/hardware/p7/authorized_sequence/p7_20260715_stationary_app_r41_formal_full/063_p7_ps_fault_fallback/bundle/input_5.bin,65536,766d012a0c43b3d04ba72af7cb4249517589945577bc1e1a06425417ff813f05
evidence/hardware/p7/authorized_sequence/p7_20260715_stationary_app_r41_formal_full/063_p7_ps_fault_fallback/bundle/input_6.bin,65536,766d012a0c43b3d04ba72af7cb4249517589945577bc1e1a06425417ff813f05
evidence/hardware/p7/authorized_sequence/p7_20260715_stationary_app_r41_formal_full/063_p7_ps_fault_fallback/bundle/mailbox.bin,256,859ce2f9fc56ecd72fa4eb1c9309b59c49738e81c18d2ccc2e54565a7e497fc5
evidence/hardware/p7/authorized_sequence/p7_20260715_stationary_app_r41_formal_full/063_p7_ps_fault_fallback/bundle/mailbox_final.bin,256,344619f6a6e9dbd4717983b5e54395ad8c6bf8346b716c4508764cc003538956
evidence/hardware/p7/authorized_sequence/p7_20260715_stationary_app_r41_formal_full/063_p7_ps_fault_fallback/bundle/output_result_0.bin,65536,766d012a0c43b3d04ba72af7cb4249517589945577bc1e1a06425417ff813f05
evidence/hardware/p7/authorized_sequence/p7_20260715_stationary_app_r41_formal_full/063_p7_ps_fault_fallback/bundle/output_result_1.bin,65536,766d012a0c43b3d04ba72af7cb4249517589945577bc1e1a06425417ff813f05
evidence/hardware/p7/authorized_sequence/p7_20260715_stationary_app_r41_formal_full/063_p7_ps_fault_fallback/bundle/output_result_2.bin,65536,766d012a0c43b3d04ba72af7cb4249517589945577bc1e1a06425417ff813f05
evidence/hardware/p7/authorized_sequence/p7_20260715_stationary_app_r41_formal_full/063_p7_ps_fault_fallback/bundle/output_result_3.bin,65536,766d012a0c43b3d04ba72af7cb4249517589945577bc1e1a06425417ff813f05
evidence/hardware/p7/authorized_sequence/p7_20260715_stationary_app_r41_formal_full/063_p7_ps_fault_fallback/bundle/output_result_4.bin,65536,de2f256064a0af797747c2b97505dc0b9f3df0de4f489eac731c23ae9ca9cc31
evidence/hardware/p7/authorized_sequence/p7_20260715_stationary_app_r41_formal_full/063_p7_ps_fault_fallback/bundle/output_result_5.bin,65536,de2f256064a0af797747c2b97505dc0b9f3df0de4f489eac731c23ae9ca9cc31
evidence/hardware/p7/authorized_sequence/p7_20260715_stationary_app_r41_formal_full/063_p7_ps_fault_fallback/bundle/output_result_6.bin,65536,de2f256064a0af797747c2b97505dc0b9f3df0de4f489eac731c23ae9ca9cc31
evidence/hardware/p7/authorized_sequence/p7_20260715_stationary_app_r41_formal_full/063_p7_ps_fault_fallback/bundle/output_zero_0.bin,65536,77007cd74a06dc54e5114d01a41d2721679d5668a0c20022fe102c87ad4d65b8
evidence/hardware/p7/authorized_sequence/p7_20260715_stationary_app_r41_formal_full/063_p7_ps_fault_fallback/bundle/output_zero_1.bin,65536,77007cd74a06dc54e5114d01a41d2721679d5668a0c20022fe102c87ad4d65b8
evidence/hardware/p7/authorized_sequence/p7_20260715_stationary_app_r41_formal_full/063_p7_ps_fault_fallback/bundle/output_zero_2.bin,65536,77007cd74a06dc54e5114d01a41d2721679d5668a0c20022fe102c87ad4d65b8
evidence/hardware/p7/authorized_sequence/p7_20260715_stationary_app_r41_formal_full/063_p7_ps_fault_fallback/bundle/output_zero_3.bin,65536,77007cd74a06dc54e5114d01a41d2721679d5668a0c20022fe102c87ad4d65b8
evidence/hardware/p7/authorized_sequence/p7_20260715_stationary_app_r41_formal_full/063_p7_ps_fault_fallback/bundle/output_zero_4.bin,65536,77007cd74a06dc54e5114d01a41d2721679d5668a0c20022fe102c87ad4d65b8
evidence/hardware/p7/authorized_sequence/p7_20260715_stationary_app_r41_formal_full/063_p7_ps_fault_fallback/bundle/output_zero_5.bin,65536,77007cd74a06dc54e5114d01a41d2721679d5668a0c20022fe102c87ad4d65b8
evidence/hardware/p7/authorized_sequence/p7_20260715_stationary_app_r41_formal_full/063_p7_ps_fault_fallback/bundle/output_zero_6.bin,65536,77007cd74a06dc54e5114d01a41d2721679d5668a0c20022fe102c87ad4d65b8
evidence/hardware/p7/authorized_sequence/p7_20260715_stationary_app_r41_formal_full/063_p7_ps_fault_fallback/bundle/stage62_microtest_control.bin,64,f5a5fd42d16a20302798ef6ed309979b43003d2320d9f0e8ea9831a92759fb4b
evidence/hardware/p7/authorized_sequence/p7_20260715_stationary_app_r41_formal_full/063_p7_ps_fault_fallback/bundle/trace_result_0.bin,19520,5d742e655109ed8f3b61fea33368433033740eab468ae9eb9cf5e2da7ced61ed
evidence/hardware/p7/authorized_sequence/p7_20260715_stationary_app_r41_formal_full/063_p7_ps_fault_fallback/bundle/trace_result_1.bin,19520,93b74a682300209c821c13fe11121d7141d8600be54dbed31a39636daa46422d
evidence/hardware/p7/authorized_sequence/p7_20260715_stationary_app_r41_formal_full/063_p7_ps_fault_fallback/bundle/trace_result_2.bin,19520,1231ee50744cf69b8cc04196442bff7f1064e2168fd749cf8c80ecf7758b0b6e
evidence/hardware/p7/authorized_sequence/p7_20260715_stationary_app_r41_formal_full/063_p7_ps_fault_fallback/bundle/trace_result_3.bin,19520,b83c7abdf9da7068b55a37c1bf7e1454c957d9ca8d3cbe2db03caec5d7287ff3
evidence/hardware/p7/authorized_sequence/p7_20260715_stationary_app_r41_formal_full/063_p7_ps_fault_fallback/bundle/trace_result_4.bin,19520,26246329fca08c3c7597476d7f95ed90cb9d1ca165876ddfca673a52d26d4147
evidence/hardware/p7/authorized_sequence/p7_20260715_stationary_app_r41_formal_full/063_p7_ps_fault_fallback/bundle/trace_result_5.bin,19520,26246329fca08c3c7597476d7f95ed90cb9d1ca165876ddfca673a52d26d4147
evidence/hardware/p7/authorized_sequence/p7_20260715_stationary_app_r41_formal_full/063_p7_ps_fault_fallback/bundle/trace_result_6.bin,19520,26246329fca08c3c7597476d7f95ed90cb9d1ca165876ddfca673a52d26d4147
evidence/hardware/p7/authorized_sequence/p7_20260715_stationary_app_r41_formal_full/063_p7_ps_fault_fallback/bundle/trace_zero_0.bin,19520,26246329fca08c3c7597476d7f95ed90cb9d1ca165876ddfca673a52d26d4147
evidence/hardware/p7/authorized_sequence/p7_20260715_stationary_app_r41_formal_full/063_p7_ps_fault_fallback/bundle/trace_zero_1.bin,19520,26246329fca08c3c7597476d7f95ed90cb9d1ca165876ddfca673a52d26d4147
evidence/hardware/p7/authorized_sequence/p7_20260715_stationary_app_r41_formal_full/063_p7_ps_fault_fallback/bundle/trace_zero_2.bin,19520,26246329fca08c3c7597476d7f95ed90cb9d1ca165876ddfca673a52d26d4147
evidence/hardware/p7/authorized_sequence/p7_20260715_stationary_app_r41_formal_full/063_p7_ps_fault_fallback/bundle/trace_zero_3.bin,19520,26246329fca08c3c7597476d7f95ed90cb9d1ca165876ddfca673a52d26d4147
evidence/hardware/p7/authorized_sequence/p7_20260715_stationary_app_r41_formal_full/063_p7_ps_fault_fallback/bundle/trace_zero_4.bin,19520,26246329fca08c3c7597476d7f95ed90cb9d1ca165876ddfca673a52d26d4147
evidence/hardware/p7/authorized_sequence/p7_20260715_stationary_app_r41_formal_full/063_p7_ps_fault_fallback/bundle/trace_zero_5.bin,19520,26246329fca08c3c7597476d7f95ed90cb9d1ca165876ddfca673a52d26d4147
evidence/hardware/p7/authorized_sequence/p7_20260715_stationary_app_r41_formal_full/063_p7_ps_fault_fallback/bundle/trace_zero_6.bin,19520,26246329fca08c3c7597476d7f95ed90cb9d1ca165876ddfca673a52d26d4147
evidence/hardware/p7/authorized_sequence/p7_20260715_stationary_app_r41_formal_full/063_p7_ps_fault_fallback/p7_hw_preflight_result.txt,512,b9c7b51d551d7f0a98f48b8493aed82542ccd9993966f478228e655b31ebbe84
evidence/hardware/p7/authorized_sequence/p7_20260715_stationary_app_r41_formal_full/063_p7_ps_fault_fallback/p7_ps_application_events.json,1431,acef19a8fe94195ab02046c27de0cea61b69852eee600897d6aeb45b4473ff5f
evidence/hardware/p7/authorized_sequence/p7_20260715_stationary_app_r41_formal_full/063_p7_ps_fault_fallback/p7_ps_application_raw_result.log,1627,ee45bfb39a5f583a4c3a49ae4cfebcc7c2a2e574530cbe4745453cb493664b87
evidence/hardware/p7/authorized_sequence/p7_20260715_stationary_app_r41_formal_full/063_p7_ps_fault_fallback/p7_ps_application_stage_summary.json,725724,9d0a94af31ea72b958ffa82ee98dace179d0adbd04f1190ce142d12f50a7edcc
evidence/hardware/p7/authorized_sequence/p7_20260715_stationary_app_r41_formal_full/063_p7_ps_fault_fallback/p7_raw_evidence_sha256_manifest.json,13177,f987e309d9500ea91731bdee533e1ca0eb31510e63d2a5a50a6760972e42a818
evidence/hardware/p7/authorized_sequence/p7_20260715_stationary_app_r41_formal_full/063_p7_ps_fault_fallback/preflight.stderr.log,0,e3b0c44298fc1c149afbf4c8996fb92427ae41e4649b934ca495991b7852b855
evidence/hardware/p7/authorized_sequence/p7_20260715_stationary_app_r41_formal_full/063_p7_ps_fault_fallback/preflight.stdout.log,9868,3570f9fc170979001427cf9bfc49a55c4edd2637f6e0f4375b07163eca2d37f8
evidence/hardware/p7/authorized_sequence/p7_20260715_stationary_app_r41_formal_full/063_p7_ps_fault_fallback/ps_application_stage.stderr.log,0,e3b0c44298fc1c149afbf4c8996fb92427ae41e4649b934ca495991b7852b855
evidence/hardware/p7/authorized_sequence/p7_20260715_stationary_app_r41_formal_full/063_p7_ps_fault_fallback/ps_application_stage.stdout.log,1627,ee45bfb39a5f583a4c3a49ae4cfebcc7c2a2e574530cbe4745453cb493664b87
evidence/hardware/p7/authorized_sequence/p7_20260715_stationary_app_r41_formal_full/063_p7_ps_fault_fallback/shutdown_after.stderr.log,0,e3b0c44298fc1c149afbf4c8996fb92427ae41e4649b934ca495991b7852b855
evidence/hardware/p7/authorized_sequence/p7_20260715_stationary_app_r41_formal_full/063_p7_ps_fault_fallback/shutdown_after.stdout.log,38018,fbc7f39adb44343e072b11abaa236e861be98b3776a1d7e758eeda45703ec5fb
evidence/hardware/p7/authorized_sequence/p7_20260715_stationary_app_r41_formal_full/063_p7_ps_fault_fallback/shutdown_after_result.txt,573,fefcdc86e6e9ecb8caaa50dab70a5137d7cf922ab2bbc2de72926df4bf003d5d
evidence/hardware/p7/authorized_sequence/p7_20260715_stationary_app_r41_formal_full/063_p7_ps_fault_fallback/shutdown_before.stderr.log,0,e3b0c44298fc1c149afbf4c8996fb92427ae41e4649b934ca495991b7852b855
evidence/hardware/p7/authorized_sequence/p7_20260715_stationary_app_r41_formal_full/063_p7_ps_fault_fallback/shutdown_before.stdout.log,38018,da1eddcc5c0e8dd291ca2faa6ed36018ae7dc5152bf14b6a31a487ad24112eb8
evidence/hardware/p7/authorized_sequence/p7_20260715_stationary_app_r41_formal_full/063_p7_ps_fault_fallback/shutdown_before_result.txt,573,fefcdc86e6e9ecb8caaa50dab70a5137d7cf922ab2bbc2de72926df4bf003d5d
evidence/hardware/p7/authorized_sequence/p7_20260715_stationary_app_r41_formal_full/064_p7_ps_abort_restart/bundle/bundle_manifest.json,9390,32b41933015dc589ef48f5fce55db7c481e1b19a16236eb2c71d6038193bc843
evidence/hardware/p7/authorized_sequence/p7_20260715_stationary_app_r41_formal_full/064_p7_ps_abort_restart/bundle/descriptor_free_0.bin,256,2fd3f6868e4079b6c250526a49d859bc46dfd51b670624cf8a7d6c31f7317ff4
evidence/hardware/p7/authorized_sequence/p7_20260715_stationary_app_r41_formal_full/064_p7_ps_abort_restart/bundle/descriptor_free_1.bin,256,fd9a7c15d3cf8bb9de58507012cf5d5fce3e43dc3843f11b29d120572ec353b1
evidence/hardware/p7/authorized_sequence/p7_20260715_stationary_app_r41_formal_full/064_p7_ps_abort_restart/bundle/descriptor_free_2.bin,256,790d8c74da2f98e97186682a7fb21677baecbb9fae917952f51d6e70bfbc87e4
evidence/hardware/p7/authorized_sequence/p7_20260715_stationary_app_r41_formal_full/064_p7_ps_abort_restart/bundle/descriptor_result_0.bin,256,e7ae4b4ac5ddb90285df3e80120f224bd1913541449d7c5faaf3fa2c185673e5
evidence/hardware/p7/authorized_sequence/p7_20260715_stationary_app_r41_formal_full/064_p7_ps_abort_restart/bundle/descriptor_result_1.bin,256,b890970f10ae869143d4e5f4aaac9f235f2f41bef00150e41b184ea70147ca7e
evidence/hardware/p7/authorized_sequence/p7_20260715_stationary_app_r41_formal_full/064_p7_ps_abort_restart/bundle/descriptor_result_2.bin,256,2a46235455d82310876e4234dffa18e3414e837717075fdc0481318f08299d14
evidence/hardware/p7/authorized_sequence/p7_20260715_stationary_app_r41_formal_full/064_p7_ps_abort_restart/bundle/descriptors.bin,2048,6007ab75b02e5e3775b3e9317b59cb04700207a2da10ae2e601c685f5a9fe48b
evidence/hardware/p7/authorized_sequence/p7_20260715_stationary_app_r41_formal_full/064_p7_ps_abort_restart/bundle/execution_plan.txt,915,4f5e5fe6de8866c76b5618a5969c9e7ea67bed31c13523c516dc26d80b77e031
evidence/hardware/p7/authorized_sequence/p7_20260715_stationary_app_r41_formal_full/064_p7_ps_abort_restart/bundle/input_0.bin,1048576,9910f9824a4997a28b8419ad55d3e3c20f2963f5aa9b0db3e579410fd27d0bd6
evidence/hardware/p7/authorized_sequence/p7_20260715_stationary_app_r41_formal_full/064_p7_ps_abort_restart/bundle/input_1.bin,1048576,9910f9824a4997a28b8419ad55d3e3c20f2963f5aa9b0db3e579410fd27d0bd6
evidence/hardware/p7/authorized_sequence/p7_20260715_stationary_app_r41_formal_full/064_p7_ps_abort_restart/bundle/input_2.bin,1048576,9910f9824a4997a28b8419ad55d3e3c20f2963f5aa9b0db3e579410fd27d0bd6
evidence/hardware/p7/authorized_sequence/p7_20260715_stationary_app_r41_formal_full/064_p7_ps_abort_restart/bundle/mailbox.bin,256,859ce2f9fc56ecd72fa4eb1c9309b59c49738e81c18d2ccc2e54565a7e497fc5
evidence/hardware/p7/authorized_sequence/p7_20260715_stationary_app_r41_formal_full/064_p7_ps_abort_restart/bundle/mailbox_final.bin,256,7898b023a407709df443c57c310dae4094414fd304ff3a89e3165a5bf1d044c7
evidence/hardware/p7/authorized_sequence/p7_20260715_stationary_app_r41_formal_full/064_p7_ps_abort_restart/bundle/output_result_0.bin,1048576,30e14955ebf1352266dc2ff8067e68104607e750abb9d3b36582b8af909fcb58
evidence/hardware/p7/authorized_sequence/p7_20260715_stationary_app_r41_formal_full/064_p7_ps_abort_restart/bundle/output_result_1.bin,1048576,9910f9824a4997a28b8419ad55d3e3c20f2963f5aa9b0db3e579410fd27d0bd6
evidence/hardware/p7/authorized_sequence/p7_20260715_stationary_app_r41_formal_full/064_p7_ps_abort_restart/bundle/output_result_2.bin,1048576,30e14955ebf1352266dc2ff8067e68104607e750abb9d3b36582b8af909fcb58
evidence/hardware/p7/authorized_sequence/p7_20260715_stationary_app_r41_formal_full/064_p7_ps_abort_restart/bundle/output_zero_0.bin,1048576,16c7f1d8a38b4b84560e558ab03b13c82e2ff374d87eaacb4df22f03604e7a4f
evidence/hardware/p7/authorized_sequence/p7_20260715_stationary_app_r41_formal_full/064_p7_ps_abort_restart/bundle/output_zero_1.bin,1048576,16c7f1d8a38b4b84560e558ab03b13c82e2ff374d87eaacb4df22f03604e7a4f
evidence/hardware/p7/authorized_sequence/p7_20260715_stationary_app_r41_formal_full/064_p7_ps_abort_restart/bundle/output_zero_2.bin,1048576,16c7f1d8a38b4b84560e558ab03b13c82e2ff374d87eaacb4df22f03604e7a4f
evidence/hardware/p7/authorized_sequence/p7_20260715_stationary_app_r41_formal_full/064_p7_ps_abort_restart/bundle/stage62_microtest_control.bin,64,f5a5fd42d16a20302798ef6ed309979b43003d2320d9f0e8ea9831a92759fb4b
evidence/hardware/p7/authorized_sequence/p7_20260715_stationary_app_r41_formal_full/064_p7_ps_abort_restart/bundle/trace_result_0.bin,312192,d58e4dcaca57669dc52afd01c76e3ca0eb7bdb55c15e90fe2cb08570af7ae6ba
evidence/hardware/p7/authorized_sequence/p7_20260715_stationary_app_r41_formal_full/064_p7_ps_abort_restart/bundle/trace_result_1.bin,312192,eee7f05ea312a34adb3ef4d0c468d31d35369d99de8b5fa984837228448970a6
evidence/hardware/p7/authorized_sequence/p7_20260715_stationary_app_r41_formal_full/064_p7_ps_abort_restart/bundle/trace_result_2.bin,312192,3d8381f0e2711b2f4324add4ad3dc62d9207063a88e7511d368e5523472fc7e7
evidence/hardware/p7/authorized_sequence/p7_20260715_stationary_app_r41_formal_full/064_p7_ps_abort_restart/bundle/trace_zero_0.bin,312192,3d8381f0e2711b2f4324add4ad3dc62d9207063a88e7511d368e5523472fc7e7
evidence/hardware/p7/authorized_sequence/p7_20260715_stationary_app_r41_formal_full/064_p7_ps_abort_restart/bundle/trace_zero_1.bin,312192,3d8381f0e2711b2f4324add4ad3dc62d9207063a88e7511d368e5523472fc7e7
evidence/hardware/p7/authorized_sequence/p7_20260715_stationary_app_r41_formal_full/064_p7_ps_abort_restart/bundle/trace_zero_2.bin,312192,3d8381f0e2711b2f4324add4ad3dc62d9207063a88e7511d368e5523472fc7e7
evidence/hardware/p7/authorized_sequence/p7_20260715_stationary_app_r41_formal_full/064_p7_ps_abort_restart/p7_hw_preflight_result.txt,512,b9c7b51d551d7f0a98f48b8493aed82542ccd9993966f478228e655b31ebbe84
evidence/hardware/p7/authorized_sequence/p7_20260715_stationary_app_r41_formal_full/064_p7_ps_abort_restart/p7_ps_application_events.json,1429,c5b05f3380df9e32080934cf9fbb2078cc3d4bf82d1a56cd8541664b0b73cb2f
evidence/hardware/p7/authorized_sequence/p7_20260715_stationary_app_r41_formal_full/064_p7_ps_abort_restart/p7_ps_application_raw_result.log,1456,d81a0a5b4ce17d555dd5da2c01eccdbba6edebefec1fdc655dcde9e7c1c68356
evidence/hardware/p7/authorized_sequence/p7_20260715_stationary_app_r41_formal_full/064_p7_ps_abort_restart/p7_ps_application_stage_summary.json,2622548,11aba64c2a81150ed556795c71212a335c36f329045ba2e6fd587f037f303949
evidence/hardware/p7/authorized_sequence/p7_20260715_stationary_app_r41_formal_full/064_p7_ps_abort_restart/p7_raw_evidence_sha256_manifest.json,7871,4fa1ba57180a3b8479cc34d58018087f7edbb9749a162445af14d9f1ee8231fc
evidence/hardware/p7/authorized_sequence/p7_20260715_stationary_app_r41_formal_full/064_p7_ps_abort_restart/preflight.stderr.log,0,e3b0c44298fc1c149afbf4c8996fb92427ae41e4649b934ca495991b7852b855
evidence/hardware/p7/authorized_sequence/p7_20260715_stationary_app_r41_formal_full/064_p7_ps_abort_restart/preflight.stdout.log,9868,4b025f0f4b4bc4aac48a4717995d27a63ba006e44e9da8e66b1899ea4ee480ac
evidence/hardware/p7/authorized_sequence/p7_20260715_stationary_app_r41_formal_full/064_p7_ps_abort_restart/ps_application_stage.stderr.log,0,e3b0c44298fc1c149afbf4c8996fb92427ae41e4649b934ca495991b7852b855
evidence/hardware/p7/authorized_sequence/p7_20260715_stationary_app_r41_formal_full/064_p7_ps_abort_restart/ps_application_stage.stdout.log,1456,d81a0a5b4ce17d555dd5da2c01eccdbba6edebefec1fdc655dcde9e7c1c68356
evidence/hardware/p7/authorized_sequence/p7_20260715_stationary_app_r41_formal_full/064_p7_ps_abort_restart/shutdown_after.stderr.log,0,e3b0c44298fc1c149afbf4c8996fb92427ae41e4649b934ca495991b7852b855
evidence/hardware/p7/authorized_sequence/p7_20260715_stationary_app_r41_formal_full/064_p7_ps_abort_restart/shutdown_after.stdout.log,38018,225bbd924822c13a81ec5219b58016c1671e85526cf5791dc995f4619ef33d4c
evidence/hardware/p7/authorized_sequence/p7_20260715_stationary_app_r41_formal_full/064_p7_ps_abort_restart/shutdown_after_result.txt,573,fefcdc86e6e9ecb8caaa50dab70a5137d7cf922ab2bbc2de72926df4bf003d5d
evidence/hardware/p7/authorized_sequence/p7_20260715_stationary_app_r41_formal_full/064_p7_ps_abort_restart/shutdown_before.stderr.log,0,e3b0c44298fc1c149afbf4c8996fb92427ae41e4649b934ca495991b7852b855
evidence/hardware/p7/authorized_sequence/p7_20260715_stationary_app_r41_formal_full/064_p7_ps_abort_restart/shutdown_before.stdout.log,38018,f53c4230d3c48632185c37139607775b124d60f5418984dddda27b3612f87f54
evidence/hardware/p7/authorized_sequence/p7_20260715_stationary_app_r41_formal_full/064_p7_ps_abort_restart/shutdown_before_result.txt,573,fefcdc86e6e9ecb8caaa50dab70a5137d7cf922ab2bbc2de72926df4bf003d5d
evidence/hardware/p7/authorized_sequence/p7_20260715_stationary_app_r41_formal_full/065_p7_ps_queue/bundle/bundle_manifest.json,22672,d8d6ac164f668c6eccbbcfeeea0b1a3ee98502176aab84405f84197fc7ab575a
evidence/hardware/p7/authorized_sequence/p7_20260715_stationary_app_r41_formal_full/065_p7_ps_queue/bundle/descriptor_free_0.bin,256,9031c16c72858e5684fffc07df9ed5673fca9fc047a573ee75ceb355293ae7a5
evidence/hardware/p7/authorized_sequence/p7_20260715_stationary_app_r41_formal_full/065_p7_ps_queue/bundle/descriptor_free_1.bin,256,317a4416ea1598ce5b31e4f5414002c6ce91f4be40bfc4f53959e923bc3307fe
evidence/hardware/p7/authorized_sequence/p7_20260715_stationary_app_r41_formal_full/065_p7_ps_queue/bundle/descriptor_free_2.bin,256,f4d0fd16dc38371adaa4d9ff6856498b4e1982bf471a8e01dae63f8f15086683
evidence/hardware/p7/authorized_sequence/p7_20260715_stationary_app_r41_formal_full/065_p7_ps_queue/bundle/descriptor_free_3.bin,256,a7c2325f2f5339309563d74334049fbd0e991c1c5828740a782e76e363b70341
evidence/hardware/p7/authorized_sequence/p7_20260715_stationary_app_r41_formal_full/065_p7_ps_queue/bundle/descriptor_free_4.bin,256,969a72153beafb76262232ff673f46e710dc207c00b93b8d214123f8b753f884
evidence/hardware/p7/authorized_sequence/p7_20260715_stationary_app_r41_formal_full/065_p7_ps_queue/bundle/descriptor_free_5.bin,256,64f321d58b064301a691f301d8a721b0acd2fc59a728906dd2b83ca5c91a9e14
evidence/hardware/p7/authorized_sequence/p7_20260715_stationary_app_r41_formal_full/065_p7_ps_queue/bundle/descriptor_free_6.bin,256,d5bcc6281dbf5de25019a1cc80e75d8d30caa2084c3624f14e0fe5a121fc362c
evidence/hardware/p7/authorized_sequence/p7_20260715_stationary_app_r41_formal_full/065_p7_ps_queue/bundle/descriptor_free_7.bin,256,fcbf3d445192f9f8e52341893a268908f055b6cc6d687686210488a9c68620c2
evidence/hardware/p7/authorized_sequence/p7_20260715_stationary_app_r41_formal_full/065_p7_ps_queue/bundle/descriptor_result_0.bin,256,59c7eef03efec52b7ac85d08c40c7d8fc8ecc17a8aceb3e7786f4f21e642136a
evidence/hardware/p7/authorized_sequence/p7_20260715_stationary_app_r41_formal_full/065_p7_ps_queue/bundle/descriptor_result_1.bin,256,c93606a14b962f28d949db6674ccac31042e9b3cf11145f41c293355d48d8dae
evidence/hardware/p7/authorized_sequence/p7_20260715_stationary_app_r41_formal_full/065_p7_ps_queue/bundle/descriptor_result_2.bin,256,74a19191d297d755c66386c443d546e674fa5695c177ac5dd5582328e15140c7
evidence/hardware/p7/authorized_sequence/p7_20260715_stationary_app_r41_formal_full/065_p7_ps_queue/bundle/descriptor_result_3.bin,256,c99511ea5ca932305e53e53c1c0e8ac825f7e6cd0af5e38ba1f515b4ed831b3d
evidence/hardware/p7/authorized_sequence/p7_20260715_stationary_app_r41_formal_full/065_p7_ps_queue/bundle/descriptor_result_4.bin,256,0ace832a83848722e48659ac975b7f53cf9097ea6201df76e498aa50d4057b4f
evidence/hardware/p7/authorized_sequence/p7_20260715_stationary_app_r41_formal_full/065_p7_ps_queue/bundle/descriptor_result_5.bin,256,f2bda85ca726c9d87ff86748cb2be2c00b494659de55438356f5f77a2850ee15
evidence/hardware/p7/authorized_sequence/p7_20260715_stationary_app_r41_formal_full/065_p7_ps_queue/bundle/descriptor_result_6.bin,256,cd84317bb4d46cccb93289dd5fa8249980896e794422e5dffb914bb1cd90629e
evidence/hardware/p7/authorized_sequence/p7_20260715_stationary_app_r41_formal_full/065_p7_ps_queue/bundle/descriptor_result_7.bin,256,dd4fefae30172749e644f11f145657dafe6e5e30dafa3995b80ee1212c749423
evidence/hardware/p7/authorized_sequence/p7_20260715_stationary_app_r41_formal_full/065_p7_ps_queue/bundle/descriptors.bin,2048,1ebb2a0b3a781d52ae05baf2260844d8a3d1b732a91039e72cd6e6247c9ddc8f
evidence/hardware/p7/authorized_sequence/p7_20260715_stationary_app_r41_formal_full/065_p7_ps_queue/bundle/execution_plan.txt,1229,36fdbc0961b2d9f57eb7a528f8be8e503e0f730242b09db26405f9d7bf7a5a60
evidence/hardware/p7/authorized_sequence/p7_20260715_stationary_app_r41_formal_full/065_p7_ps_queue/bundle/input_0.bin,512,e240cf65a5be69d481b92622ad290e9845ceb2c1d6a48eda9bcccd565e3355bb
evidence/hardware/p7/authorized_sequence/p7_20260715_stationary_app_r41_formal_full/065_p7_ps_queue/bundle/input_1.bin,529,d50e36d94a1d8bb7e0f4a9e67d027de810e1d49e48fbced64323b90896b5b8d4
evidence/hardware/p7/authorized_sequence/p7_20260715_stationary_app_r41_formal_full/065_p7_ps_queue/bundle/input_2.bin,546,fa3fb03926ef34f55f109458f7ba28a16dfd6fa62213541805e635094a268d3e
evidence/hardware/p7/authorized_sequence/p7_20260715_stationary_app_r41_formal_full/065_p7_ps_queue/bundle/input_3.bin,563,e48266cf2764057288aec3f8518febf7e5f51d7de0acee2231e36cd37795e4c8
evidence/hardware/p7/authorized_sequence/p7_20260715_stationary_app_r41_formal_full/065_p7_ps_queue/bundle/input_4.bin,580,049e8a98570114bc00c32fc965062b6429c2ee90a1cedc01c8267f8d6e4da876
evidence/hardware/p7/authorized_sequence/p7_20260715_stationary_app_r41_formal_full/065_p7_ps_queue/bundle/input_5.bin,597,86002f797fff7b30f4194bf9fbe34a8e1c3d70ca497e4b544c0e9f99893032b6
evidence/hardware/p7/authorized_sequence/p7_20260715_stationary_app_r41_formal_full/065_p7_ps_queue/bundle/input_6.bin,614,18dec502cb09df31cac689f477d2265b776d34fdbcee36d3e96d6d4866e040ee
evidence/hardware/p7/authorized_sequence/p7_20260715_stationary_app_r41_formal_full/065_p7_ps_queue/bundle/input_7.bin,631,6d3f2c3f71ca8743903a11747e1d8f9bc28a632c0f00ea1fa8d8eb4065ddf2f2
evidence/hardware/p7/authorized_sequence/p7_20260715_stationary_app_r41_formal_full/065_p7_ps_queue/bundle/mailbox.bin,256,31efbac1212b8e2ee6b6596a97d555894a8442c257e9b7dd780e2cf559d0ee9f
evidence/hardware/p7/authorized_sequence/p7_20260715_stationary_app_r41_formal_full/065_p7_ps_queue/bundle/mailbox_final.bin,256,54530e8b66cca1edaba16c200d493623bd11d236cc86d2886a8ffc7b5be4064a
evidence/hardware/p7/authorized_sequence/p7_20260715_stationary_app_r41_formal_full/065_p7_ps_queue/bundle/mailbox_queue_depth_1.bin,256,ccfc1c51f77c48ebc2033ae10a4f8e3db9768f782b60466f27089e478f0bfcb8
evidence/hardware/p7/authorized_sequence/p7_20260715_stationary_app_r41_formal_full/065_p7_ps_queue/bundle/mailbox_queue_depth_8_stop.bin,256,31efbac1212b8e2ee6b6596a97d555894a8442c257e9b7dd780e2cf559d0ee9f
evidence/hardware/p7/authorized_sequence/p7_20260715_stationary_app_r41_formal_full/065_p7_ps_queue/bundle/output_result_0.bin,512,e240cf65a5be69d481b92622ad290e9845ceb2c1d6a48eda9bcccd565e3355bb
evidence/hardware/p7/authorized_sequence/p7_20260715_stationary_app_r41_formal_full/065_p7_ps_queue/bundle/output_result_1.bin,529,d50e36d94a1d8bb7e0f4a9e67d027de810e1d49e48fbced64323b90896b5b8d4
evidence/hardware/p7/authorized_sequence/p7_20260715_stationary_app_r41_formal_full/065_p7_ps_queue/bundle/output_result_2.bin,546,fa3fb03926ef34f55f109458f7ba28a16dfd6fa62213541805e635094a268d3e
evidence/hardware/p7/authorized_sequence/p7_20260715_stationary_app_r41_formal_full/065_p7_ps_queue/bundle/output_result_3.bin,563,e48266cf2764057288aec3f8518febf7e5f51d7de0acee2231e36cd37795e4c8
evidence/hardware/p7/authorized_sequence/p7_20260715_stationary_app_r41_formal_full/065_p7_ps_queue/bundle/output_result_4.bin,580,049e8a98570114bc00c32fc965062b6429c2ee90a1cedc01c8267f8d6e4da876
evidence/hardware/p7/authorized_sequence/p7_20260715_stationary_app_r41_formal_full/065_p7_ps_queue/bundle/output_result_5.bin,597,86002f797fff7b30f4194bf9fbe34a8e1c3d70ca497e4b544c0e9f99893032b6
evidence/hardware/p7/authorized_sequence/p7_20260715_stationary_app_r41_formal_full/065_p7_ps_queue/bundle/output_result_6.bin,614,18dec502cb09df31cac689f477d2265b776d34fdbcee36d3e96d6d4866e040ee
evidence/hardware/p7/authorized_sequence/p7_20260715_stationary_app_r41_formal_full/065_p7_ps_queue/bundle/output_result_7.bin,631,6d3f2c3f71ca8743903a11747e1d8f9bc28a632c0f00ea1fa8d8eb4065ddf2f2
evidence/hardware/p7/authorized_sequence/p7_20260715_stationary_app_r41_formal_full/065_p7_ps_queue/bundle/output_zero_0.bin,512,2ea16988ca9a3b973ff11693e6de4bd078775655cd6715c5a06a120f71b3e827
evidence/hardware/p7/authorized_sequence/p7_20260715_stationary_app_r41_formal_full/065_p7_ps_queue/bundle/output_zero_1.bin,529,64ae9f5407adaa4622d0c26ab99ac9d45faf2b58ee4d5f4b96e2a9fe2fb512d0
evidence/hardware/p7/authorized_sequence/p7_20260715_stationary_app_r41_formal_full/065_p7_ps_queue/bundle/output_zero_2.bin,546,0cd2de25cad3440b9c6f8365fdaf87ee4bf5a853279236fd3e5aac5398a286a3
evidence/hardware/p7/authorized_sequence/p7_20260715_stationary_app_r41_formal_full/065_p7_ps_queue/bundle/output_zero_3.bin,563,7b99a0cb43eb0b07aa1584aa1d94f0ab91a5bb43fbf0f0fca9983dd64cccb5f7
evidence/hardware/p7/authorized_sequence/p7_20260715_stationary_app_r41_formal_full/065_p7_ps_queue/bundle/output_zero_4.bin,580,f342d2d2814cb6817111030e2ca399481606ac71c28f2dd2356144f02cb29bdc
evidence/hardware/p7/authorized_sequence/p7_20260715_stationary_app_r41_formal_full/065_p7_ps_queue/bundle/output_zero_5.bin,597,27e4ca8f079d01f0d8dc33a3f194e10a513f133880a0cd92ba81fdfdab2f74e1
evidence/hardware/p7/authorized_sequence/p7_20260715_stationary_app_r41_formal_full/065_p7_ps_queue/bundle/output_zero_6.bin,614,c4a39ac06ae38f6596e92c2f93d3737245b6cfc24f24a04b9c6896d3c3100153
evidence/hardware/p7/authorized_sequence/p7_20260715_stationary_app_r41_formal_full/065_p7_ps_queue/bundle/output_zero_7.bin,631,bc567ec091df61d6c954d917cfa715b3820a23b589046b0e7e244c8a91f779dd
evidence/hardware/p7/authorized_sequence/p7_20260715_stationary_app_r41_formal_full/065_p7_ps_queue/bundle/queue_abort_descriptors_final.bin,2048,9bcab528846c7c680c13ef5ca24ed6b56b111397baa1041be1e988764e82bc5c
evidence/hardware/p7/authorized_sequence/p7_20260715_stationary_app_r41_formal_full/065_p7_ps_queue/bundle/queue_depth1_descriptor_result.bin,256,89e10a27f7c04a15ec767bf57556b5429d0110eb978552bed381379f49a4f787
evidence/hardware/p7/authorized_sequence/p7_20260715_stationary_app_r41_formal_full/065_p7_ps_queue/bundle/queue_depth1_mailbox.bin,256,e33d95ed8b608b53f8ff7715eebc3334f0d4846f24caf5a92ce65991858c5ed0
evidence/hardware/p7/authorized_sequence/p7_20260715_stationary_app_r41_formal_full/065_p7_ps_queue/bundle/queue_depth1_output_result.bin,512,e240cf65a5be69d481b92622ad290e9845ceb2c1d6a48eda9bcccd565e3355bb
evidence/hardware/p7/authorized_sequence/p7_20260715_stationary_app_r41_formal_full/065_p7_ps_queue/bundle/queue_depth1_trace_result.bin,192,217609ad0df7d236b4bfcee3e760bdaa93b009b0bc4667ff7a4a41101c20067f
evidence/hardware/p7/authorized_sequence/p7_20260715_stationary_app_r41_formal_full/065_p7_ps_queue/bundle/queue_max_mailbox.bin,256,e17a967c739a2fb25504f14b49236e92d74a0334e237d322486ca3f553aba580
evidence/hardware/p7/authorized_sequence/p7_20260715_stationary_app_r41_formal_full/065_p7_ps_queue/bundle/queue_overflow_candidate_descriptor_free.bin,256,71b32d76fe629dca1bd85c8aabda7604f99799648ea0e59e5472cc3053f5585b
evidence/hardware/p7/authorized_sequence/p7_20260715_stationary_app_r41_formal_full/065_p7_ps_queue/bundle/queue_overflow_candidate_input.bin,777,2c2acd7efef8a3a2fdffe4fe0a25523ed9112593db50952cd028cfc4578465e2
evidence/hardware/p7/authorized_sequence/p7_20260715_stationary_app_r41_formal_full/065_p7_ps_queue/bundle/queue_overflow_candidate_output_zero.bin,777,204710520569b7b5a38f57a2befb25d551c9f09ddd93e597376575ff7330e6fc
evidence/hardware/p7/authorized_sequence/p7_20260715_stationary_app_r41_formal_full/065_p7_ps_queue/bundle/queue_overflow_candidate_trace_zero.bin,256,5341e6b2646979a70e57653007a1f310169421ec9bdd9f1a5648f75ade005af1
evidence/hardware/p7/authorized_sequence/p7_20260715_stationary_app_r41_formal_full/065_p7_ps_queue/bundle/queue_overflow_ring_after.bin,2048,016a08046c2cedf69e7fee0f4e868c4ae063b215e00a8af2ae94a2452872cda8
evidence/hardware/p7/authorized_sequence/p7_20260715_stationary_app_r41_formal_full/065_p7_ps_queue/bundle/queue_overflow_ring_before.bin,2048,016a08046c2cedf69e7fee0f4e868c4ae063b215e00a8af2ae94a2452872cda8
evidence/hardware/p7/authorized_sequence/p7_20260715_stationary_app_r41_formal_full/065_p7_ps_queue/bundle/stage62_microtest_control.bin,64,f5a5fd42d16a20302798ef6ed309979b43003d2320d9f0e8ea9831a92759fb4b
evidence/hardware/p7/authorized_sequence/p7_20260715_stationary_app_r41_formal_full/065_p7_ps_queue/bundle/trace_result_0.bin,192,8d8264a03e56573154f87bb5e1559a527ef4a7f134faa55a44644e3791f493ac
evidence/hardware/p7/authorized_sequence/p7_20260715_stationary_app_r41_formal_full/065_p7_ps_queue/bundle/trace_result_1.bin,192,330768b1a0fd023a6e9e4ac3720ddfbd8cce034f2f6e617bd09867c00dbf2c02
evidence/hardware/p7/authorized_sequence/p7_20260715_stationary_app_r41_formal_full/065_p7_ps_queue/bundle/trace_result_2.bin,192,549c14d066d557272b0418a1d32d2d4f426052bef5e9a19f7809f3a18932883d
evidence/hardware/p7/authorized_sequence/p7_20260715_stationary_app_r41_formal_full/065_p7_ps_queue/bundle/trace_result_3.bin,192,e8d99daa83fdd2b367d9a182e71651c76c03257fa3469bed350b3c4689ae3013
evidence/hardware/p7/authorized_sequence/p7_20260715_stationary_app_r41_formal_full/065_p7_ps_queue/bundle/trace_result_4.bin,192,5db56eeb4d949b30fb07a4563ac87eeed67afaddb0d81ea9345477eae1527fd8
evidence/hardware/p7/authorized_sequence/p7_20260715_stationary_app_r41_formal_full/065_p7_ps_queue/bundle/trace_result_5.bin,192,f509f2203d680349e9ff2ba2faa24a75a221445047e7702b49a3ab75ea143e10
evidence/hardware/p7/authorized_sequence/p7_20260715_stationary_app_r41_formal_full/065_p7_ps_queue/bundle/trace_result_6.bin,192,2f21063bdeb78b56a3db6e903044e6f25d2fe3ce687206461b56beb99cbd6646
evidence/hardware/p7/authorized_sequence/p7_20260715_stationary_app_r41_formal_full/065_p7_ps_queue/bundle/trace_result_7.bin,192,f8d73f7e9cbd9efa0686296d2b0b95840f9c76aaf82b36f17f3ec42e4d989695
evidence/hardware/p7/authorized_sequence/p7_20260715_stationary_app_r41_formal_full/065_p7_ps_queue/bundle/trace_zero_0.bin,192,5d89f056865052bcb89c910d2d62872e029fb273c3db03f8968a52a41593c1b5
evidence/hardware/p7/authorized_sequence/p7_20260715_stationary_app_r41_formal_full/065_p7_ps_queue/bundle/trace_zero_1.bin,192,5d89f056865052bcb89c910d2d62872e029fb273c3db03f8968a52a41593c1b5
evidence/hardware/p7/authorized_sequence/p7_20260715_stationary_app_r41_formal_full/065_p7_ps_queue/bundle/trace_zero_2.bin,192,5d89f056865052bcb89c910d2d62872e029fb273c3db03f8968a52a41593c1b5
evidence/hardware/p7/authorized_sequence/p7_20260715_stationary_app_r41_formal_full/065_p7_ps_queue/bundle/trace_zero_3.bin,192,5d89f056865052bcb89c910d2d62872e029fb273c3db03f8968a52a41593c1b5
evidence/hardware/p7/authorized_sequence/p7_20260715_stationary_app_r41_formal_full/065_p7_ps_queue/bundle/trace_zero_4.bin,192,5d89f056865052bcb89c910d2d62872e029fb273c3db03f8968a52a41593c1b5
evidence/hardware/p7/authorized_sequence/p7_20260715_stationary_app_r41_formal_full/065_p7_ps_queue/bundle/trace_zero_5.bin,192,5d89f056865052bcb89c910d2d62872e029fb273c3db03f8968a52a41593c1b5
evidence/hardware/p7/authorized_sequence/p7_20260715_stationary_app_r41_formal_full/065_p7_ps_queue/bundle/trace_zero_6.bin,192,5d89f056865052bcb89c910d2d62872e029fb273c3db03f8968a52a41593c1b5
evidence/hardware/p7/authorized_sequence/p7_20260715_stationary_app_r41_formal_full/065_p7_ps_queue/bundle/trace_zero_7.bin,192,5d89f056865052bcb89c910d2d62872e029fb273c3db03f8968a52a41593c1b5
evidence/hardware/p7/authorized_sequence/p7_20260715_stationary_app_r41_formal_full/065_p7_ps_queue/p7_hw_preflight_result.txt,512,b9c7b51d551d7f0a98f48b8493aed82542ccd9993966f478228e655b31ebbe84
evidence/hardware/p7/authorized_sequence/p7_20260715_stationary_app_r41_formal_full/065_p7_ps_queue/p7_ps_application_events.json,1413,68e0c2cf650b73fc9ff95a1b12f3c71f4fae4da6ffa8ea6c63c3550fc9795824
evidence/hardware/p7/authorized_sequence/p7_20260715_stationary_app_r41_formal_full/065_p7_ps_queue/p7_ps_application_raw_result.log,1951,ce29c5a29e5bcfd4e91ff8048eb933476ff851745ccf17adb20945be8bd3bd51
evidence/hardware/p7/authorized_sequence/p7_20260715_stationary_app_r41_formal_full/065_p7_ps_queue/p7_ps_application_stage_summary.json,109780,646f7bdd1d337ae24a218c511b1203280f04bcc2c10c0f759763f11cdbffbee4
evidence/hardware/p7/authorized_sequence/p7_20260715_stationary_app_r41_formal_full/065_p7_ps_queue/p7_raw_evidence_sha256_manifest.json,17268,7f0681af2af2e88d9e6fde5e4bb73f00bc4ea3e056ad6953209387cf570b2cd9
evidence/hardware/p7/authorized_sequence/p7_20260715_stationary_app_r41_formal_full/065_p7_ps_queue/preflight.stderr.log,0,e3b0c44298fc1c149afbf4c8996fb92427ae41e4649b934ca495991b7852b855
evidence/hardware/p7/authorized_sequence/p7_20260715_stationary_app_r41_formal_full/065_p7_ps_queue/preflight.stdout.log,9868,73591dddf5a1b21be28cf968ce677c9f86f7b42d99f5ed8deeff551f1fa1bebd
evidence/hardware/p7/authorized_sequence/p7_20260715_stationary_app_r41_formal_full/065_p7_ps_queue/ps_application_stage.stderr.log,0,e3b0c44298fc1c149afbf4c8996fb92427ae41e4649b934ca495991b7852b855
evidence/hardware/p7/authorized_sequence/p7_20260715_stationary_app_r41_formal_full/065_p7_ps_queue/ps_application_stage.stdout.log,1951,ce29c5a29e5bcfd4e91ff8048eb933476ff851745ccf17adb20945be8bd3bd51
evidence/hardware/p7/authorized_sequence/p7_20260715_stationary_app_r41_formal_full/065_p7_ps_queue/shutdown_after.stderr.log,0,e3b0c44298fc1c149afbf4c8996fb92427ae41e4649b934ca495991b7852b855
evidence/hardware/p7/authorized_sequence/p7_20260715_stationary_app_r41_formal_full/065_p7_ps_queue/shutdown_after.stdout.log,38018,286f84a909bbb3527289d35eec5e25e88f69d7e92b2c72014618a58335a2cb7c
evidence/hardware/p7/authorized_sequence/p7_20260715_stationary_app_r41_formal_full/065_p7_ps_queue/shutdown_after_result.txt,573,fefcdc86e6e9ecb8caaa50dab70a5137d7cf922ab2bbc2de72926df4bf003d5d
evidence/hardware/p7/authorized_sequence/p7_20260715_stationary_app_r41_formal_full/065_p7_ps_queue/shutdown_before.stderr.log,0,e3b0c44298fc1c149afbf4c8996fb92427ae41e4649b934ca495991b7852b855
evidence/hardware/p7/authorized_sequence/p7_20260715_stationary_app_r41_formal_full/065_p7_ps_queue/shutdown_before.stdout.log,38018,8cca6e1339214866b5c58383c531a934ab6bc54198f4a6c4c2bf9d3e126ad872
evidence/hardware/p7/authorized_sequence/p7_20260715_stationary_app_r41_formal_full/065_p7_ps_queue/shutdown_before_result.txt,573,fefcdc86e6e9ecb8caaa50dab70a5137d7cf922ab2bbc2de72926df4bf003d5d
evidence/hardware/p7/authorized_sequence/p7_20260715_stationary_app_r41_formal_full/066_p7_ps_stationary/bundle/bundle_manifest.json,20448,c857a93ae1c7a59e927a16f1df5914dd38cd272e89d521008621eaa9bb3772c9
evidence/hardware/p7/authorized_sequence/p7_20260715_stationary_app_r41_formal_full/066_p7_ps_stationary/bundle/descriptor_free_0.bin,256,8f1171fca969e5a6b68dfa9c1d77caa6c1662596e06b55bb2d2c2721cbcc1e17
evidence/hardware/p7/authorized_sequence/p7_20260715_stationary_app_r41_formal_full/066_p7_ps_stationary/bundle/descriptor_free_1.bin,256,f9cf71663d39a8c72ddf3cc111611615745680dc5d302883d795690a105eba94
evidence/hardware/p7/authorized_sequence/p7_20260715_stationary_app_r41_formal_full/066_p7_ps_stationary/bundle/descriptor_free_2.bin,256,2773448b4bfd20d70943e321158661594e988556a3365c41f9020402c3ba5405
evidence/hardware/p7/authorized_sequence/p7_20260715_stationary_app_r41_formal_full/066_p7_ps_stationary/bundle/descriptor_free_3.bin,256,37a78463bb17a69bf9debb6437711336144c056e3bf7a23f5bf89c96330c506a
evidence/hardware/p7/authorized_sequence/p7_20260715_stationary_app_r41_formal_full/066_p7_ps_stationary/bundle/descriptor_free_4.bin,256,0974409b1456c3c2098e20e7ac04371620ef9252a275c2facba018f05f157bd6
evidence/hardware/p7/authorized_sequence/p7_20260715_stationary_app_r41_formal_full/066_p7_ps_stationary/bundle/descriptor_free_5.bin,256,a2ba02b5a46c3727cf83d877677525f785b18ef75dfb1df7956399784eb20f98
evidence/hardware/p7/authorized_sequence/p7_20260715_stationary_app_r41_formal_full/066_p7_ps_stationary/bundle/descriptor_free_6.bin,256,23478e1090480c2a3a7a49831837eb00c72f6f09e59dea6ab44b1f32d655265a
evidence/hardware/p7/authorized_sequence/p7_20260715_stationary_app_r41_formal_full/066_p7_ps_stationary/bundle/descriptor_free_7.bin,256,ac762f285c9658b5e3bb6365e39df7de150e01a57275131047b98ba45afbab6c
evidence/hardware/p7/authorized_sequence/p7_20260715_stationary_app_r41_formal_full/066_p7_ps_stationary/bundle/descriptors.bin,2048,221454e1b1bb083fd06159b874b887585d61afab823f1f6cca030746613ae781
evidence/hardware/p7/authorized_sequence/p7_20260715_stationary_app_r41_formal_full/066_p7_ps_stationary/bundle/execution_plan.txt,1277,f772fbf5284e26c6c915ac287cc18a2c0ff652c923e70c60c2b8ae37fe48cd4b
evidence/hardware/p7/authorized_sequence/p7_20260715_stationary_app_r41_formal_full/066_p7_ps_stationary/bundle/input_0.bin,1048576,fcd7923cbb8e709738f05ba8c318a4df5c27c0451a987689fac429a17b292737
evidence/hardware/p7/authorized_sequence/p7_20260715_stationary_app_r41_formal_full/066_p7_ps_stationary/bundle/input_1.bin,65536,dd5cdd301adff15138b402ab190a143e8ff5ffed2d5e2fd24c3140fb652f11ff
evidence/hardware/p7/authorized_sequence/p7_20260715_stationary_app_r41_formal_full/066_p7_ps_stationary/bundle/input_2.bin,65536,0765b0d1a9f493355595772f5a2ebaaf700d4d2cc7d8a781729a9771a380754f
evidence/hardware/p7/authorized_sequence/p7_20260715_stationary_app_r41_formal_full/066_p7_ps_stationary/bundle/input_3.bin,65536,7daca2095d0438260fa849183dfc67faa459fdf4936e1bc91eec6b281b27e4c2
evidence/hardware/p7/authorized_sequence/p7_20260715_stationary_app_r41_formal_full/066_p7_ps_stationary/bundle/input_4.bin,1048576,95647e4a543fc103ffbd0d4b0cffcbdccb1b304581d7e609cc4d7c909491e259
evidence/hardware/p7/authorized_sequence/p7_20260715_stationary_app_r41_formal_full/066_p7_ps_stationary/bundle/input_5.bin,4096,feb07bd82ee49ad03fa5ad02148220e679c7457a8961cb23d1ceb146ce8d6c77
evidence/hardware/p7/authorized_sequence/p7_20260715_stationary_app_r41_formal_full/066_p7_ps_stationary/bundle/input_6.bin,65536,9da06f7da81a794cd2f75205391c6ede1c44a6e14752ab6afa5661982268b7dd
evidence/hardware/p7/authorized_sequence/p7_20260715_stationary_app_r41_formal_full/066_p7_ps_stationary/bundle/input_7.bin,65536,7daca2095d0438260fa849183dfc67faa459fdf4936e1bc91eec6b281b27e4c2
evidence/hardware/p7/authorized_sequence/p7_20260715_stationary_app_r41_formal_full/066_p7_ps_stationary/bundle/mailbox.bin,256,fb83b567756557d2356a5ab89c9c6d91c6e8cb2514465c8a2ca396a7b95cfd0a
evidence/hardware/p7/authorized_sequence/p7_20260715_stationary_app_r41_formal_full/066_p7_ps_stationary/bundle/output_zero_0.bin,1048576,16c7f1d8a38b4b84560e558ab03b13c82e2ff374d87eaacb4df22f03604e7a4f
evidence/hardware/p7/authorized_sequence/p7_20260715_stationary_app_r41_formal_full/066_p7_ps_stationary/bundle/output_zero_1.bin,65536,77007cd74a06dc54e5114d01a41d2721679d5668a0c20022fe102c87ad4d65b8
evidence/hardware/p7/authorized_sequence/p7_20260715_stationary_app_r41_formal_full/066_p7_ps_stationary/bundle/output_zero_2.bin,65536,77007cd74a06dc54e5114d01a41d2721679d5668a0c20022fe102c87ad4d65b8
evidence/hardware/p7/authorized_sequence/p7_20260715_stationary_app_r41_formal_full/066_p7_ps_stationary/bundle/output_zero_3.bin,65536,77007cd74a06dc54e5114d01a41d2721679d5668a0c20022fe102c87ad4d65b8
evidence/hardware/p7/authorized_sequence/p7_20260715_stationary_app_r41_formal_full/066_p7_ps_stationary/bundle/output_zero_4.bin,1048576,16c7f1d8a38b4b84560e558ab03b13c82e2ff374d87eaacb4df22f03604e7a4f
evidence/hardware/p7/authorized_sequence/p7_20260715_stationary_app_r41_formal_full/066_p7_ps_stationary/bundle/output_zero_5.bin,4096,f600eca824e84a43f0691b267bd620e462c50da165c5b80e17aecb7a924f1fa8
evidence/hardware/p7/authorized_sequence/p7_20260715_stationary_app_r41_formal_full/066_p7_ps_stationary/bundle/output_zero_6.bin,65536,77007cd74a06dc54e5114d01a41d2721679d5668a0c20022fe102c87ad4d65b8
evidence/hardware/p7/authorized_sequence/p7_20260715_stationary_app_r41_formal_full/066_p7_ps_stationary/bundle/output_zero_7.bin,65536,77007cd74a06dc54e5114d01a41d2721679d5668a0c20022fe102c87ad4d65b8
evidence/hardware/p7/authorized_sequence/p7_20260715_stationary_app_r41_formal_full/066_p7_ps_stationary/bundle/stage62_microtest_control.bin,64,f5a5fd42d16a20302798ef6ed309979b43003d2320d9f0e8ea9831a92759fb4b
evidence/hardware/p7/authorized_sequence/p7_20260715_stationary_app_r41_formal_full/066_p7_ps_stationary/bundle/stationary_00000001_descriptor_result.bin,256,e97d3bd8019478c04f6933f2660e75b7d4fd95a51c7b89e4e21b2e1b8d587bf0
evidence/hardware/p7/authorized_sequence/p7_20260715_stationary_app_r41_formal_full/066_p7_ps_stationary/bundle/stationary_00000001_output_result.bin,1048576,fcd7923cbb8e709738f05ba8c318a4df5c27c0451a987689fac429a17b292737
evidence/hardware/p7/authorized_sequence/p7_20260715_stationary_app_r41_formal_full/066_p7_ps_stationary/bundle/stationary_00000001_trace_result.bin,312192,5b72ea32a6de01bfc918773dba4fdc1a24c20c37053912de2988d9e7acf236a4
evidence/hardware/p7/authorized_sequence/p7_20260715_stationary_app_r41_formal_full/066_p7_ps_stationary/bundle/stationary_00000002_descriptor_result.bin,256,3bf38960a02e87dc2e155e9f7684921b0903fba792bfa4680dc7999f663af910
evidence/hardware/p7/authorized_sequence/p7_20260715_stationary_app_r41_formal_full/066_p7_ps_stationary/bundle/stationary_00000002_output_result.bin,65536,dd5cdd301adff15138b402ab190a143e8ff5ffed2d5e2fd24c3140fb652f11ff
evidence/hardware/p7/authorized_sequence/p7_20260715_stationary_app_r41_formal_full/066_p7_ps_stationary/bundle/stationary_00000002_trace_result.bin,19520,6967d5fd7e59fec531c1ea4e886755179790e871199cfeb3ee829b9e45c13ba1
evidence/hardware/p7/authorized_sequence/p7_20260715_stationary_app_r41_formal_full/066_p7_ps_stationary/bundle/stationary_00000003_descriptor_result.bin,256,f3a6071a1f39e411ca6b141ac7c37d07f61d81c61cc1d44bd437154a6b40fc80
evidence/hardware/p7/authorized_sequence/p7_20260715_stationary_app_r41_formal_full/066_p7_ps_stationary/bundle/stationary_00000003_output_result.bin,65536,0765b0d1a9f493355595772f5a2ebaaf700d4d2cc7d8a781729a9771a380754f
evidence/hardware/p7/authorized_sequence/p7_20260715_stationary_app_r41_formal_full/066_p7_ps_stationary/bundle/stationary_00000003_trace_result.bin,19520,f14be82df4ff45ec380bb5e1c40674a03d4ab5953cb001e066834c61a1625b54
evidence/hardware/p7/authorized_sequence/p7_20260715_stationary_app_r41_formal_full/066_p7_ps_stationary/bundle/stationary_00000004_descriptor_result.bin,256,edd42b54382cab2d2f0cc3a0e846838850e23266843e6c72e974927e8e699cba
evidence/hardware/p7/authorized_sequence/p7_20260715_stationary_app_r41_formal_full/066_p7_ps_stationary/bundle/stationary_00000004_output_result.bin,65536,7daca2095d0438260fa849183dfc67faa459fdf4936e1bc91eec6b281b27e4c2
evidence/hardware/p7/authorized_sequence/p7_20260715_stationary_app_r41_formal_full/066_p7_ps_stationary/bundle/stationary_00000004_trace_result.bin,19520,bcf0ab1eef59713bf44bea10cc078d9f06334feba6dfaa9f83cf97c319f92f14
evidence/hardware/p7/authorized_sequence/p7_20260715_stationary_app_r41_formal_full/066_p7_ps_stationary/bundle/trace_zero_0.bin,312192,3d8381f0e2711b2f4324add4ad3dc62d9207063a88e7511d368e5523472fc7e7
evidence/hardware/p7/authorized_sequence/p7_20260715_stationary_app_r41_formal_full/066_p7_ps_stationary/bundle/trace_zero_1.bin,19520,26246329fca08c3c7597476d7f95ed90cb9d1ca165876ddfca673a52d26d4147
evidence/hardware/p7/authorized_sequence/p7_20260715_stationary_app_r41_formal_full/066_p7_ps_stationary/bundle/trace_zero_2.bin,19520,26246329fca08c3c7597476d7f95ed90cb9d1ca165876ddfca673a52d26d4147
evidence/hardware/p7/authorized_sequence/p7_20260715_stationary_app_r41_formal_full/066_p7_ps_stationary/bundle/trace_zero_3.bin,19520,26246329fca08c3c7597476d7f95ed90cb9d1ca165876ddfca673a52d26d4147
evidence/hardware/p7/authorized_sequence/p7_20260715_stationary_app_r41_formal_full/066_p7_ps_stationary/bundle/trace_zero_4.bin,312192,3d8381f0e2711b2f4324add4ad3dc62d9207063a88e7511d368e5523472fc7e7
evidence/hardware/p7/authorized_sequence/p7_20260715_stationary_app_r41_formal_full/066_p7_ps_stationary/bundle/trace_zero_5.bin,1280,bfe492baf731a0dbf6e1e050f5bc3fe8c1b049383194dcdf82f023bfa409f462
evidence/hardware/p7/authorized_sequence/p7_20260715_stationary_app_r41_formal_full/066_p7_ps_stationary/bundle/trace_zero_6.bin,19520,26246329fca08c3c7597476d7f95ed90cb9d1ca165876ddfca673a52d26d4147
evidence/hardware/p7/authorized_sequence/p7_20260715_stationary_app_r41_formal_full/066_p7_ps_stationary/bundle/trace_zero_7.bin,19520,26246329fca08c3c7597476d7f95ed90cb9d1ca165876ddfca673a52d26d4147
evidence/hardware/p7/authorized_sequence/p7_20260715_stationary_app_r41_formal_full/066_p7_ps_stationary/p7_hw_preflight_result.txt,512,b9c7b51d551d7f0a98f48b8493aed82542ccd9993966f478228e655b31ebbe84
evidence/hardware/p7/authorized_sequence/p7_20260715_stationary_app_r41_formal_full/066_p7_ps_stationary/p7_ps_application_events.json,1430,e3671c502eec3467a7cb5d1a83e84ecb203883cfce336cd1f48a3417257cb9b7
evidence/hardware/p7/authorized_sequence/p7_20260715_stationary_app_r41_formal_full/066_p7_ps_stationary/p7_ps_application_raw_result.log,4140,3f3e79ce330d0969af6745903313e8321a459735a5d5d3b2705494c9febbb341
evidence/hardware/p7/authorized_sequence/p7_20260715_stationary_app_r41_formal_full/066_p7_ps_stationary/p7_ps_application_stage_summary.json,81282,babc531005a151787664366ebf3e9f372810bf00811d86c16f9f175458c19277
evidence/hardware/p7/authorized_sequence/p7_20260715_stationary_app_r41_formal_full/066_p7_ps_stationary/p7_raw_evidence_sha256_manifest.json,12240,c6e989f0fd19c20f0e7d65896f67abc057d9b0841e8280307a3c86cd0c972aee
evidence/hardware/p7/authorized_sequence/p7_20260715_stationary_app_r41_formal_full/066_p7_ps_stationary/preflight.stderr.log,0,e3b0c44298fc1c149afbf4c8996fb92427ae41e4649b934ca495991b7852b855
evidence/hardware/p7/authorized_sequence/p7_20260715_stationary_app_r41_formal_full/066_p7_ps_stationary/preflight.stdout.log,9868,b4ab415c83deaa1c0c1e5040da3a9c17c2eb667110dd35401e19f15a54717d5f
evidence/hardware/p7/authorized_sequence/p7_20260715_stationary_app_r41_formal_full/066_p7_ps_stationary/ps_application_stage.stderr.log,81,2c3a0ca54d728dbdad47579a6ab419b572ee1435157adb28b021c9e0fa4c3c2c
evidence/hardware/p7/authorized_sequence/p7_20260715_stationary_app_r41_formal_full/066_p7_ps_stationary/ps_application_stage.stdout.log,4140,3f3e79ce330d0969af6745903313e8321a459735a5d5d3b2705494c9febbb341
evidence/hardware/p7/authorized_sequence/p7_20260715_stationary_app_r41_formal_full/066_p7_ps_stationary/shutdown_after.stderr.log,0,e3b0c44298fc1c149afbf4c8996fb92427ae41e4649b934ca495991b7852b855
evidence/hardware/p7/authorized_sequence/p7_20260715_stationary_app_r41_formal_full/066_p7_ps_stationary/shutdown_after.stdout.log,38018,29e27aaf5edec01c72af961c04be09972aaa5fe6a5d9861b5f75adb4f583c695
evidence/hardware/p7/authorized_sequence/p7_20260715_stationary_app_r41_formal_full/066_p7_ps_stationary/shutdown_after_result.txt,573,fefcdc86e6e9ecb8caaa50dab70a5137d7cf922ab2bbc2de72926df4bf003d5d
evidence/hardware/p7/authorized_sequence/p7_20260715_stationary_app_r41_formal_full/066_p7_ps_stationary/shutdown_before.stderr.log,0,e3b0c44298fc1c149afbf4c8996fb92427ae41e4649b934ca495991b7852b855
evidence/hardware/p7/authorized_sequence/p7_20260715_stationary_app_r41_formal_full/066_p7_ps_stationary/shutdown_before.stdout.log,38018,6fc6fd77e7c301a0c7e798ab8777df70c2e91947edae9c74a07df832dc7dca14
evidence/hardware/p7/authorized_sequence/p7_20260715_stationary_app_r41_formal_full/066_p7_ps_stationary/shutdown_before_result.txt,573,fefcdc86e6e9ecb8caaa50dab70a5137d7cf922ab2bbc2de72926df4bf003d5d
evidence/hardware/p7/authorized_sequence/p7_20260715_stationary_app_r41_formal_full/recovery_shutdown_after_failed_stage066_20260715T114509Z/hardware_authorization.json,1406,3804731b103ea547b0b50ebbd378c16b3ae2bc51fbd3af31873e299df5b4ec91
evidence/hardware/p7/authorized_sequence/p7_20260715_stationary_app_r41_formal_full/recovery_shutdown_after_failed_stage066_20260715T114509Z/hash_manifest.csv,1144,1674bdf1bc86bb73df54c28f305eba46d6afb2647efcbe8b35c1780307c1b11c
evidence/hardware/p7/authorized_sequence/p7_20260715_stationary_app_r41_formal_full/recovery_shutdown_after_failed_stage066_20260715T114509Z/hash_manifest.json,2480,c9107929418e40db60cb0a8dba83f09d2727eb76719962c7db3fbe3376125554
evidence/hardware/p7/authorized_sequence/p7_20260715_stationary_app_r41_formal_full/recovery_shutdown_after_failed_stage066_20260715T114509Z/program_tfdu_shutdown_safe.stderr.log,0,e3b0c44298fc1c149afbf4c8996fb92427ae41e4649b934ca495991b7852b855
evidence/hardware/p7/authorized_sequence/p7_20260715_stationary_app_r41_formal_full/recovery_shutdown_after_failed_stage066_20260715T114509Z/program_tfdu_shutdown_safe.stdout.log,5072,9a3cd6ed74e42d5902f837867413d30c3f8eb79edb5f733bdb7e030869198fa6
evidence/hardware/p7/authorized_sequence/p7_20260715_stationary_app_r41_formal_full/recovery_shutdown_after_failed_stage066_20260715T114509Z/program_tfdu_shutdown_safe.summary.txt,2312,98ac97d76e89a5ad0daee44b8f277990bcd8e5bb9d55565149e1091255dd10b5
evidence/hardware/p7/authorized_sequence/p7_20260715_stationary_app_r41_formal_full/sequence_execution_ledger.json,1155575,a86ec2a8e326a5354e9e79abed71ca938a3aa7a54b6936bc961beaf668ddba64
