source,target,sha256,bytes,note
C:\Users\user\Downloads\tudo.md,plan.md,2e830a7b0609b89631b904d7069f07b7cd5bbecdc1d670a94bf9188919b50cd0,32832,
C:\Users\user\Documents\RF_COMM\项目约束(目标）.txt,项目约束(目标）.txt,cff1a17ee77bbaf90080cf4f97e5920e961aefae3b6752f080e35fcf4d4b1f11,8716,
C:\Users\user\Documents\RF_COMM\项目约束(目标）.txt,PROJECT_CONSTRAINTS.txt,cff1a17ee77bbaf90080cf4f97e5920e961aefae3b6752f080e35fcf4d4b1f11,8716,
C:\Users\user\Documents\RF_COMM\项目约束(目标）.txt,docs/constraints/PROJECT_CONSTRAINTS.original.txt,cff1a17ee77bbaf90080cf4f97e5920e961aefae3b6752f080e35fcf4d4b1f11,8716,
C:\Users\user\Documents\RF_COMM\AGENTS.md,docs/legacy/AGENTS.RF_COMM.md,86f9167e8e88e8d875a2d1eeb4ffbc70ae2bc84d9aaac56842ecc3cfd00ed9ee,3062,
C:\Users\user\Documents\RF_COMM\hardware\TFDU6102datasheet.pdf,docs/datasheets/TFDU6102datasheet.pdf,54db2771cf8887eb264f38518b13ec5eb17be04d63a20712d18a558b0c7376ef,563917,
C:\Users\user\Documents\RF_COMM\evidence\final\current_usable_configuration.md,legacy/RF_COMM/evidence/final/current_usable_configuration.md,09d4415c272becd0ac90f5efc3f9af81bc418016bbfff32098c6425493a2c41a,1314,
C:\Users\user\Documents\RF_COMM\evidence\final\current_usable_configuration.md,evidence/imported/evidence/final/current_usable_configuration.md,09d4415c272becd0ac90f5efc3f9af81bc418016bbfff32098c6425493a2c41a,1314,
C:\Users\user\Documents\RF_COMM\evidence\final\BAD_DIR_fault_report.md,legacy/RF_COMM/evidence/final/BAD_DIR_fault_report.md,b7ee2edc9f4332acf61efd2a8440ef62cc57c23d6a45871816dce9f5e77a8bd3,1293,
C:\Users\user\Documents\RF_COMM\evidence\final\BAD_DIR_fault_report.md,evidence/imported/evidence/final/BAD_DIR_fault_report.md,b7ee2edc9f4332acf61efd2a8440ef62cc57c23d6a45871816dce9f5e77a8bd3,1293,
C:\Users\user\Documents\RF_COMM\evidence\final\constrained_acceptance_matrix.md,legacy/RF_COMM/evidence/final/constrained_acceptance_matrix.md,5d9a7a27c481ee5ead766cd25e8a53d4aeb9908c76537365208781d5f9e1aa89,2450,
C:\Users\user\Documents\RF_COMM\evidence\final\constrained_acceptance_matrix.md,evidence/imported/evidence/final/constrained_acceptance_matrix.md,5d9a7a27c481ee5ead766cd25e8a53d4aeb9908c76537365208781d5f9e1aa89,2450,
C:\Users\user\Documents\RF_COMM\evidence\G1_freeze\G1_frozen_config.md,legacy/RF_COMM/evidence/G1_freeze/G1_frozen_config.md,6e35292fa543a5a3b89e0b82431e02ef363de3543a5a38b7a802be5f0499daa6,4305,
C:\Users\user\Documents\RF_COMM\evidence\G1_freeze\G1_frozen_config.md,evidence/imported/evidence/G1_freeze/G1_frozen_config.md,6e35292fa543a5a3b89e0b82431e02ef363de3543a5a38b7a802be5f0499daa6,4305,
C:\Users\user\Documents\RF_COMM\evidence\G1_freeze\G1_frozen_summary.txt,legacy/RF_COMM/evidence/G1_freeze/G1_frozen_summary.txt,3a9c3c036b75e6b754ef6c940efce61d92d7f0d8b9737a13771bbd2abb29a9af,1190,
C:\Users\user\Documents\RF_COMM\evidence\G1_freeze\G1_frozen_summary.txt,evidence/imported/evidence/G1_freeze/G1_frozen_summary.txt,3a9c3c036b75e6b754ef6c940efce61d92d7f0d8b9737a13771bbd2abb29a9af,1190,
C:\Users\user\Documents\RF_COMM\evidence\lane_matrix\rxonly_matrix.md,legacy/RF_COMM/evidence/lane_matrix/rxonly_matrix.md,0adfdb3da0a49cd10065268accab6d21484dc7a1e06e86affccc88c18ba2d3e2,1983,
C:\Users\user\Documents\RF_COMM\evidence\lane_matrix\rxonly_matrix.md,evidence/imported/evidence/lane_matrix/rxonly_matrix.md,0adfdb3da0a49cd10065268accab6d21484dc7a1e06e86affccc88c18ba2d3e2,1983,
C:\Users\user\Documents\RF_COMM\evidence\lane_matrix\rxonly_matrix.csv,legacy/RF_COMM/evidence/lane_matrix/rxonly_matrix.csv,ee6909c5663a774ab780071eb33e424d1d2499b89f647ea9922625a753e5b938,1139,
C:\Users\user\Documents\RF_COMM\evidence\lane_matrix\rxonly_matrix.csv,evidence/imported/evidence/lane_matrix/rxonly_matrix.csv,ee6909c5663a774ab780071eb33e424d1d2499b89f647ea9922625a753e5b938,1139,
C:\Users\user\Documents\RF_COMM\evidence\lane_matrix\rxonly_AB_L0.csv,legacy/RF_COMM/evidence/lane_matrix/rxonly_AB_L0.csv,c3609d339e2e472633f8503df63b5e41eada9668b74c5eb8b0ba203e7076ed43,633666,
C:\Users\user\Documents\RF_COMM\evidence\lane_matrix\rxonly_AB_L0.csv,evidence/imported/evidence/lane_matrix/rxonly_AB_L0.csv,c3609d339e2e472633f8503df63b5e41eada9668b74c5eb8b0ba203e7076ed43,633666,
C:\Users\user\Documents\RF_COMM\evidence\lane_matrix\rxonly_AB_L1.csv,legacy/RF_COMM/evidence/lane_matrix/rxonly_AB_L1.csv,7e0918bf8ff0a3041a35eae7a3d0c5e315bbe3ac77ba4b8d438a0574ffaa1330,633666,
C:\Users\user\Documents\RF_COMM\evidence\lane_matrix\rxonly_AB_L1.csv,evidence/imported/evidence/lane_matrix/rxonly_AB_L1.csv,7e0918bf8ff0a3041a35eae7a3d0c5e315bbe3ac77ba4b8d438a0574ffaa1330,633666,
C:\Users\user\Documents\RF_COMM\evidence\lane_matrix\rxonly_BA_L0.csv,legacy/RF_COMM/evidence/lane_matrix/rxonly_BA_L0.csv,bd6085da32bca3b8da625b602b5b17939ff4db35d32928289d6920c682d82ea5,633666,
C:\Users\user\Documents\RF_COMM\evidence\lane_matrix\rxonly_BA_L0.csv,evidence/imported/evidence/lane_matrix/rxonly_BA_L0.csv,bd6085da32bca3b8da625b602b5b17939ff4db35d32928289d6920c682d82ea5,633666,
C:\Users\user\Documents\RF_COMM\evidence\lane_matrix\rxonly_BA_L1.csv,legacy/RF_COMM/evidence/lane_matrix/rxonly_BA_L1.csv,2f51dc8e42e751cbc8788d19d2de05ae410c70ab4b339e791b9d6c5d8b4e8626,633666,
C:\Users\user\Documents\RF_COMM\evidence\lane_matrix\rxonly_BA_L1.csv,evidence/imported/evidence/lane_matrix/rxonly_BA_L1.csv,2f51dc8e42e751cbc8788d19d2de05ae410c70ab4b339e791b9d6c5d8b4e8626,633666,
C:\Users\user\Documents\RF_COMM\evidence\lane_matrix\ackonly_matrix.md,legacy/RF_COMM/evidence/lane_matrix/ackonly_matrix.md,5e9af7ccac5a5a4e9b26cfefee3548f453afb42b6e0e619e267ec18d16610e38,1874,
C:\Users\user\Documents\RF_COMM\evidence\lane_matrix\ackonly_matrix.md,evidence/imported/evidence/lane_matrix/ackonly_matrix.md,5e9af7ccac5a5a4e9b26cfefee3548f453afb42b6e0e619e267ec18d16610e38,1874,
C:\Users\user\Documents\RF_COMM\evidence\bad_dir_debug\BAD_DIR_failure_classification.md,legacy/RF_COMM/evidence/bad_dir_debug/BAD_DIR_failure_classification.md,4c1e7b420639630cedb5f06e8733591e73a0deaafe8d1c5b1ba3adabbd9ca325,1042,
C:\Users\user\Documents\RF_COMM\evidence\bad_dir_debug\BAD_DIR_failure_classification.md,evidence/imported/evidence/bad_dir_debug/BAD_DIR_failure_classification.md,4c1e7b420639630cedb5f06e8733591e73a0deaafe8d1c5b1ba3adabbd9ca325,1042,
C:\Users\user\Documents\RF_COMM\evidence\bad_dir_debug\BAD_DIR_param_sweep_summary.md,legacy/RF_COMM/evidence/bad_dir_debug/BAD_DIR_param_sweep_summary.md,0beb9912b3f2f4489dde44f2d95b0e3199c8a702409304ba5f65cb0a7952ea00,703,
C:\Users\user\Documents\RF_COMM\evidence\bad_dir_debug\BAD_DIR_param_sweep_summary.md,evidence/imported/evidence/bad_dir_debug/BAD_DIR_param_sweep_summary.md,0beb9912b3f2f4489dde44f2d95b0e3199c8a702409304ba5f65cb0a7952ea00,703,
C:\Users\user\Documents\RF_COMM\evidence\bad_dir_debug\BAD_DIR_root_cause_table.md,legacy/RF_COMM/evidence/bad_dir_debug/BAD_DIR_root_cause_table.md,b06b4fe5c95cd2de6db6b1cbea7b8fbfaf7af88b1ffddf853a79a5a536ef549a,1432,
C:\Users\user\Documents\RF_COMM\evidence\bad_dir_debug\BAD_DIR_root_cause_table.md,evidence/imported/evidence/bad_dir_debug/BAD_DIR_root_cause_table.md,b06b4fe5c95cd2de6db6b1cbea7b8fbfaf7af88b1ffddf853a79a5a536ef549a,1432,
C:\Users\user\Documents\RF_COMM\baseline_current_failure.md,legacy/RF_COMM/baseline_current_failure.md,d7e5c09fab820986aee109c04ce64d674b268b5d5f0503f46fb754cd1ea83d85,7547,
C:\Users\user\Documents\RF_COMM\baseline_current_failure.md,evidence/imported/baseline_current_failure.md,d7e5c09fab820986aee109c04ce64d674b268b5d5f0503f46fb754cd1ea83d85,7547,
C:\Users\user\Documents\RF_COMM\config_diff_known_good_vs_current.md,legacy/RF_COMM/config_diff_known_good_vs_current.md,6883b9689100da119a957c3444d8f51f2b71d5b894ab7feffebe63fe92f74c4d,6102,
C:\Users\user\Documents\RF_COMM\config_diff_known_good_vs_current.md,evidence/imported/config_diff_known_good_vs_current.md,6883b9689100da119a957c3444d8f51f2b71d5b894ab7feffebe63fe92f74c4d,6102,
C:\Users\user\Documents\RF_COMM\evidence_lock_20260625.csv,legacy/RF_COMM/evidence_lock_20260625.csv,c5ab612b57c7b11d9dcebcfb65236d6700df8527436e8187990c5ccd89d35001,167031,
C:\Users\user\Documents\RF_COMM\evidence_lock_20260625.csv,evidence/imported/evidence_lock_20260625.csv,c5ab612b57c7b11d9dcebcfb65236d6700df8527436e8187990c5ccd89d35001,167031,
C:\Users\user\Documents\RF_COMM\evidence\n03_network_first\artifact_hashes.csv,evidence/imported/n03_network_first/artifact_hashes.csv,495bdcab1a0c75536c13843f203d83ab03e947bd7d84979ebbe5505ab702b848,3117,
C:\Users\user\Documents\RF_COMM\evidence\n03_network_first\artifact_hashes.txt,evidence/imported/n03_network_first/artifact_hashes.txt,557d67fd1cce42caf2101d54e574a953964b5b090c151611dbfb94211cd29aa0,3128,
C:\Users\user\Documents\RF_COMM\evidence\n03_network_first\N03_00_ir_physical_deferred_matrix.md,evidence/imported/n03_network_first/N03_00_ir_physical_deferred_matrix.md,f62cc4ce1729bce2bfac8ec62fe518334af7f4680b19137ef1da4d3192709866,3761,
C:\Users\user\Documents\RF_COMM\evidence\n03_network_first\N03_00_scope_switch_note.md,evidence/imported/n03_network_first/N03_00_scope_switch_note.md,41aa56852e427e1dcb4a09c22502ebcd3a24bdc78dabd25f4f64b5d2323cf7fe,5067,
C:\Users\user\Documents\RF_COMM\evidence\n03_network_first\N03_01_static_ip_direct_smoke.md,evidence/imported/n03_network_first/N03_01_static_ip_direct_smoke.md,1b285f5813c9e1a00b7cf07e02d12296a6e5875f4c9eb04fabd45882643075b2,6764,
C:\Users\user\Documents\RF_COMM\evidence\n03_network_first\N03_01_static_ip_direct_transcript.txt,evidence/imported/n03_network_first/N03_01_static_ip_direct_transcript.txt,165277a694d9d0e501923ab1fd76e44d1a4407011ff21ff38e43617413ae64c3,1821,
C:\Users\user\Documents\RF_COMM\evidence\n03_network_first\N03_02_tcp_connect_disconnect.csv,evidence/imported/n03_network_first/N03_02_tcp_connect_disconnect.csv,34cfeefb255e6c99bde914d9291d1dc6665a23bfce5ff7b19e5ee9a60acc9c35,278,
C:\Users\user\Documents\RF_COMM\evidence\n03_network_first\N03_02_tcp_hello_report.md,evidence/imported/n03_network_first/N03_02_tcp_hello_report.md,683b33e0cfc7bebd266903c1121030a1c2f9cf25b2f1c68d9a152474aceffe60,5924,
C:\Users\user\Documents\RF_COMM\evidence\n03_network_first\N03_03_tcp_command_coverage.md,evidence/imported/n03_network_first/N03_03_tcp_command_coverage.md,5cec3a2a3c03c774f645cdfad3cabed065aaee7f3d9f219e7d1df3711cef2294,5838,
C:\Users\user\Documents\RF_COMM\evidence\n03_network_first\N03_03_tcp_command_matrix.csv,evidence/imported/n03_network_first/N03_03_tcp_command_matrix.csv,5df99cfa8ef14dcb391187d7d0dc03444652495b336706e9400cf77a91de87e6,841,
C:\Users\user\Documents\RF_COMM\evidence\n03_network_first\N03_04_pc_ps_memory_echo_matrix.csv,evidence/imported/n03_network_first/N03_04_pc_ps_memory_echo_matrix.csv,5eaafa3d9951dd033dfbc95d6482ccef1c62f76ff110f1432f4319d706534202,512,
C:\Users\user\Documents\RF_COMM\evidence\n03_network_first\N03_04_pc_ps_memory_echo_report.md,evidence/imported/n03_network_first/N03_04_pc_ps_memory_echo_report.md,e6632643241951e1fe52680bff68a0171d953db6658a39e21647572fc53dd86f,5750,
C:\Users\user\Documents\RF_COMM\evidence\n03_network_first\N03_05_pc_ps_pl_synth_loopback_matrix.csv,evidence/imported/n03_network_first/N03_05_pc_ps_pl_synth_loopback_matrix.csv,cff2d64882b7f3e859041f7cd7f6fe10d295c993ab37098ad5260ea79ecb5ba1,215,
C:\Users\user\Documents\RF_COMM\evidence\n03_network_first\N03_05_pc_ps_pl_synth_loopback_report.md,evidence/imported/n03_network_first/N03_05_pc_ps_pl_synth_loopback_report.md,e308e0470084da68182c60737efdd8be419e4a4f3b785c08009ec7fc45823baf,5790,
C:\Users\user\Documents\RF_COMM\evidence\n03_network_first\N03_06_dhcp_timeout_fallback_report.md,evidence/imported/n03_network_first/N03_06_dhcp_timeout_fallback_report.md,af706687da16ba1bb1314a417734903e7f3b583e3af046dae1246a3625f056d0,5993,
C:\Users\user\Documents\RF_COMM\evidence\n03_network_first\N03_06_dhcp_timeout_fallback_transcript.txt,evidence/imported/n03_network_first/N03_06_dhcp_timeout_fallback_transcript.txt,4c94add50759d15a016b58d02ca50d6c788df2d526ec48d230deb39057a18503,496,
C:\Users\user\Documents\RF_COMM\evidence\n03_network_first\N03_07_dhcp_uart_log.txt,evidence/imported/n03_network_first/N03_07_dhcp_uart_log.txt,5b7f8eafebb54227136b14ec4e2877b906963b0aad88c3bed94f65494c2472f1,276,
C:\Users\user\Documents\RF_COMM\evidence\n03_network_first\N03_07_pc_hosted_dhcp_lease_report.md,evidence/imported/n03_network_first/N03_07_pc_hosted_dhcp_lease_report.md,ef5a901e16ce03cc18bc8c46f989b38ff01f2db0bebadd77561be600fc11259f,6291,
C:\Users\user\Documents\RF_COMM\evidence\n03_network_first\N03_07_pc_ipconfig.txt,evidence/imported/n03_network_first/N03_07_pc_ipconfig.txt,d4af1f9a718f8c864aae75cee3b2be5189ace7448e2c2b643468dfd161783421,652,
C:\Users\user\Documents\RF_COMM\evidence\n03_network_first\N03_08_network_payload_matrix.csv,evidence/imported/n03_network_first/N03_08_network_payload_matrix.csv,308551b1c06a48e916f04d1f87eb8a20d37acf8f07adf4a7d797e9fcb5889885,9206,
C:\Users\user\Documents\RF_COMM\evidence\n03_network_first\N03_08_network_payload_matrix_report.md,evidence/imported/n03_network_first/N03_08_network_payload_matrix_report.md,ce7573385ff5df6bd5340a761c0342f6ebc44e79b7a94f0651872f3ee56b1f58,5973,
C:\Users\user\Documents\RF_COMM\evidence\n03_network_first\N03_09_link_recovery_negative_tests.md,evidence/imported/n03_network_first/N03_09_link_recovery_negative_tests.md,32a3663a2d6c7deb26fe619292f9964caf73ffc7535737a89c8bff834b8e0e1c,6036,
C:\Users\user\Documents\RF_COMM\evidence\n03_network_first\N03_09_negative_command_matrix.csv,evidence/imported/n03_network_first/N03_09_negative_command_matrix.csv,43adebf8fda8c6ee116a3dbb1f4443f8d4337dbdabfb54d44bf40522ae3a7d44,639,
C:\Users\user\Documents\RF_COMM\evidence\n03_network_first\N03_09_reconnect_matrix.csv,evidence/imported/n03_network_first/N03_09_reconnect_matrix.csv,a3caab06f35b5b8da6121a8092c900d0656396674b1fdce7617907ba9b625523,371,
C:\Users\user\Documents\RF_COMM\evidence\n03_network_first\N03_10_network_first_acceptance_package.md,evidence/imported/n03_network_first/N03_10_network_first_acceptance_package.md,de6311b4e16f1689276ca5ec4b187eae7764d0e8e0099c60812ffe8d776d8900,11348,
C:\Users\user\Documents\RF_COMM\evidence\n03_network_first\N03_real_board_handoff.csv,evidence/imported/n03_network_first/N03_real_board_handoff.csv,69ec4ba1170d08a89edf6965ee7cdbc4fdc8660c6b482143ab5235751b9bc0ff,2945,
C:\Users\user\Documents\RF_COMM\evidence\n03_network_first\N03_real_board_handoff.json,evidence/imported/n03_network_first/N03_real_board_handoff.json,c4d5b0165fdb8e3f5671a80cfe5f75ff561a75ec828152b8fff798dd0ed7edcb,3705,
C:\Users\user\Documents\RF_COMM\evidence\n03_network_first\N03_real_board_handoff.md,evidence/imported/n03_network_first/N03_real_board_handoff.md,3182a16a4e45d384348c3022eb5471388d37365e9e4f9337ce2ac9f0ec3d207d,5464,
C:\Users\user\Documents\RF_COMM\evidence\n03_network_first\N03_stage_matrix.csv,evidence/imported/n03_network_first/N03_stage_matrix.csv,3898fd3dfe28dd8ef21866d862620e6c36b0c2c18ab009b1777e7c0d2ff12cb2,5170,
C:\Users\user\Documents\RF_COMM\evidence\n03_network_first\N03_stage_matrix.json,evidence/imported/n03_network_first/N03_stage_matrix.json,dea3ea0b2a84938bc8eead9e1c5a25c965d5cbd31452e8eade5481e399d2ecc0,6627,
C:\Users\user\Documents\RF_COMM\IPs\ip_ir_array\component.xml,legacy/RF_COMM/IPs/ip_ir_array/component.xml,1c44b9ab8e7f83d195778a23ef5d96710f8ab647e586a51cb61439b7c4fb97a7,69819,
C:\Users\user\Documents\RF_COMM\IPs\ip_ir_array\README.md,legacy/RF_COMM/IPs/ip_ir_array/README.md,ff607b3d18ee96bd696484279cb2b467c2bc0c412bd3372619a9a525f24d355a,26777,
C:\Users\user\Documents\RF_COMM\IPs\ip_ir_array\repackage_ip.tcl,legacy/RF_COMM/IPs/ip_ir_array/repackage_ip.tcl,2d96bfb42e6b1357171f3fbf7d605f7f9946c26b60a3702985fe2dfd3991550d,1926,
C:\Users\user\Documents\RF_COMM\IPs\ip_ir_array\run_loopback_single_lane.ps1,legacy/RF_COMM/IPs/ip_ir_array/run_loopback_single_lane.ps1,f58bdb38f40fb680a34aadbc291cebb7be400c093e722a16d7bfea11cd24fc50,16011,
C:\Users\user\Documents\RF_COMM\IPs\ip_ir_array\tmp_edit_project.xpr,legacy/RF_COMM/IPs/ip_ir_array/tmp_edit_project.xpr,d37b5d704bb8e5c11dc4754a4f66a60b86b7d83734cb5fa0da13d9fdc6086c96,16234,
C:\Users\user\Documents\RF_COMM\IPs\ip_ir_array\sim\bd_f066.v,legacy/RF_COMM/IPs/ip_ir_array/sim/bd_f066.v,787c4923c12d2afe3d6ccda3572fb90be8c6a43213b1765b5be521481dab4aa5,3644,
C:\Users\user\Documents\RF_COMM\IPs\ip_ir_array\sim\bd_f066_g_inst_0.v,legacy/RF_COMM/IPs/ip_ir_array/sim/bd_f066_g_inst_0.v,1b905958d0b7ff5ba0005fdac8c9e26e879bb096f70ab2ec9ed5864853806f77,115733,
C:\Users\user\Documents\RF_COMM\IPs\ip_ir_array\sim\bd_f066_ila_lib_0.v,legacy/RF_COMM/IPs/ip_ir_array/sim/bd_f066_ila_lib_0.v,ce46f4b6538fd1894758fecbf1cfc2e0be08a353fc1ec381ce6497adcf91ef2d,2477,
C:\Users\user\Documents\RF_COMM\IPs\ip_ir_array\sim\design_shiboqi.v,legacy/RF_COMM/IPs/ip_ir_array/sim/design_shiboqi.v,728f015b18006088eb4b3b7ec77a5c775fc72201b42a822e5a0e6cc66c9acfaf,154352,
C:\Users\user\Documents\RF_COMM\IPs\ip_ir_array\sim\design_shiboqi_system_ila_0_0.v,legacy/RF_COMM/IPs/ip_ir_array/sim/design_shiboqi_system_ila_0_0.v,fb641fa874bf7f7811c3710c78f31e8a87a0bb21fce76d758338e5b371995450,4227,
C:\Users\user\Documents\RF_COMM\IPs\ip_ir_array\sim\tb_ir_array_loopback_8lane.sv,legacy/RF_COMM/IPs/ip_ir_array/sim/tb_ir_array_loopback_8lane.sv,273ba7506f64c2fe52112bdc734e79d4269808322d242fe114571e5309c33cee,13545,
C:\Users\user\Documents\RF_COMM\IPs\ip_ir_array\sim\tb_ir_array_loopback_8lane_autoroute.sv,legacy/RF_COMM/IPs/ip_ir_array/sim/tb_ir_array_loopback_8lane_autoroute.sv,e7692d26a3741106b80288131a036c3838725190470de0719c09bb4c1573b5fb,19895,
C:\Users\user\Documents\RF_COMM\IPs\ip_ir_array\sim\tb_ir_array_loopback_8lane_max_fragment.sv,legacy/RF_COMM/IPs/ip_ir_array/sim/tb_ir_array_loopback_8lane_max_fragment.sv,20ae57562a0b4a48d7165a0e4f98f9df13f9da8dd873ed1ca8e1ef297000229c,13067,
C:\Users\user\Documents\RF_COMM\IPs\ip_ir_array\sim\tb_ir_array_loopback_bidirectional_single_lane.sv,legacy/RF_COMM/IPs/ip_ir_array/sim/tb_ir_array_loopback_bidirectional_single_lane.sv,6de69ba50a52b391623c9cebda9942d56e139bfae0726d67158c606bed11f074,12983,
C:\Users\user\Documents\RF_COMM\IPs\ip_ir_array\sim\tb_ir_array_loopback_burst_single_lane.sv,legacy/RF_COMM/IPs/ip_ir_array/sim/tb_ir_array_loopback_burst_single_lane.sv,6854ac01901153c3f61391849741695307d73f54615ec7f8c4af4f7342c6cda2,10784,
C:\Users\user\Documents\RF_COMM\IPs\ip_ir_array\sim\tb_ir_array_loopback_crc_single_lane.sv,legacy/RF_COMM/IPs/ip_ir_array/sim/tb_ir_array_loopback_crc_single_lane.sv,39f88e345fe2efcb813762b30ff50d3a415f3e32e8099fde5baa8ec075509873,11249,
C:\Users\user\Documents\RF_COMM\IPs\ip_ir_array\sim\tb_ir_array_loopback_full_duplex_lane_partition.sv,legacy/RF_COMM/IPs/ip_ir_array/sim/tb_ir_array_loopback_full_duplex_lane_partition.sv,eac99b1ea853944f3cda38c2256e6cf32ae953c5bfb7ad4b9d04668683ea6dd6,20790,
C:\Users\user\Documents\RF_COMM\IPs\ip_ir_array\sim\tb_ir_array_loopback_impair_single_lane.sv,legacy/RF_COMM/IPs/ip_ir_array/sim/tb_ir_array_loopback_impair_single_lane.sv,9734c25d5e9268138478f37b5b35c80867b424ad86a77e9ab7eddbb2be1c714a,11295,
C:\Users\user\Documents\RF_COMM\IPs\ip_ir_array\sim\tb_ir_array_loopback_long_packet_latency.sv,legacy/RF_COMM/IPs/ip_ir_array/sim/tb_ir_array_loopback_long_packet_latency.sv,3905175078e48cfc8567b5cdedc962265e59f31c28f4c4a7b97a31c0b14c8573,11421,
C:\Users\user\Documents\RF_COMM\IPs\ip_ir_array\sim\tb_ir_array_loopback_multi_lane.sv,legacy/RF_COMM/IPs/ip_ir_array/sim/tb_ir_array_loopback_multi_lane.sv,3cc9b6a77785789362099d981bce87ed6a04300813275e35fa8a672ade857899,13293,
C:\Users\user\Documents\RF_COMM\IPs\ip_ir_array\sim\tb_ir_array_loopback_multi_lane_autoroute.sv,legacy/RF_COMM/IPs/ip_ir_array/sim/tb_ir_array_loopback_multi_lane_autoroute.sv,addbf292dcb625783da51527dc02f02440a65dff5e039e32347c19219f1a5188,19418,
C:\Users\user\Documents\RF_COMM\IPs\ip_ir_array\sim\tb_ir_array_loopback_multi_lane_degrade.sv,legacy/RF_COMM/IPs/ip_ir_array/sim/tb_ir_array_loopback_multi_lane_degrade.sv,2fbf36bc7fcc572e614d3a85574bba9b2e8f924d6a8a28185534fed866088952,16743,
C:\Users\user\Documents\RF_COMM\IPs\ip_ir_array\sim\tb_ir_array_loopback_multi_lane_impair.sv,legacy/RF_COMM/IPs/ip_ir_array/sim/tb_ir_array_loopback_multi_lane_impair.sv,8ba7c62cf7c36794650fef2cdc055022077d2640102cf78ba1228e8e167b0254,13804,
C:\Users\user\Documents\RF_COMM\IPs\ip_ir_array\sim\tb_ir_array_loopback_multi_lane_route.sv,legacy/RF_COMM/IPs/ip_ir_array/sim/tb_ir_array_loopback_multi_lane_route.sv,ea5904e823e0a2ecc38d834996a65cedeec3abefd3f05a0dd408fe55a63f034c,18040,
C:\Users\user\Documents\RF_COMM\IPs\ip_ir_array\sim\tb_ir_array_loopback_recover_after_exhaust_single_lane.sv,legacy/RF_COMM/IPs/ip_ir_array/sim/tb_ir_array_loopback_recover_after_exhaust_single_lane.sv,f6230273fbffb7336205af2ac4c8d7479d339e63d07ffaaf2d8007504646c6e9,12266,
C:\Users\user\Documents\RF_COMM\IPs\ip_ir_array\sim\tb_ir_array_loopback_retry_exhaust_single_lane.sv,legacy/RF_COMM/IPs/ip_ir_array/sim/tb_ir_array_loopback_retry_exhaust_single_lane.sv,359f9713ca366790854f6a13558fc5a4d4bce87d19de7202e8511c1442570573,8448,
C:\Users\user\Documents\RF_COMM\IPs\ip_ir_array\sim\tb_ir_array_loopback_rotating_autoroute_stress.sv,legacy/RF_COMM/IPs/ip_ir_array/sim/tb_ir_array_loopback_rotating_autoroute_stress.sv,17e5fc3e2cf089916c531987b84efbcdf8105e4ccf90a7656f9d88cc4e81d3ca,20755,
C:\Users\user\Documents\RF_COMM\IPs\ip_ir_array\sim\tb_ir_array_loopback_single_lane.sv,legacy/RF_COMM/IPs/ip_ir_array/sim/tb_ir_array_loopback_single_lane.sv,5af26509a74b2cb5411d57c1a3914995eb12a6df7bad752d656251308760b463,9175,
C:\Users\user\Documents\RF_COMM\IPs\ip_ir_array\sim\tb_ir_array_top_axi_lane_counters.sv,legacy/RF_COMM/IPs/ip_ir_array/sim/tb_ir_array_top_axi_lane_counters.sv,bc85d6e47e7e277fdd707731c88251d4105e372bb7150e3507b7b20fcd45b9e4,12051,
C:\Users\user\Documents\RF_COMM\IPs\ip_ir_array\sim\tb_ir_array_top_axi_rx_microscope.sv,legacy/RF_COMM/IPs/ip_ir_array/sim/tb_ir_array_top_axi_rx_microscope.sv,2e032d04a14458867fc00daac478cee1a618c598e6baf628a67f5cfe216c514a,8772,
C:\Users\user\Documents\RF_COMM\IPs\ip_ir_array\sim\tb_ir_axi_regs_config_masks.sv,legacy/RF_COMM/IPs/ip_ir_array/sim/tb_ir_axi_regs_config_masks.sv,c745795c61d7f6034073606c1248a894d785b05e4fbc11f646e4c43e736090a5,6080,
C:\Users\user\Documents\RF_COMM\IPs\ip_ir_array\sim\tb_ir_loopback_b0_echo_twofrag.sv,legacy/RF_COMM/IPs/ip_ir_array/sim/tb_ir_loopback_b0_echo_twofrag.sv,9397247484dd39dd45e155fe7a1b52d0242c04500a3f76c557f6324b7f4c91ce,7609,
C:\Users\user\Documents\RF_COMM\IPs\ip_ir_array\sim\tb_ir_payload_throughput_budget.sv,legacy/RF_COMM/IPs/ip_ir_array/sim/tb_ir_payload_throughput_budget.sv,511f994355bc896c9ebf23b781ae64e973fd910d73d45989ca5b7a93d2aa165c,9650,
C:\Users\user\Documents\RF_COMM\IPs\ip_ir_array\sim\tb_ir_phy_rate_model.sv,legacy/RF_COMM/IPs/ip_ir_array/sim/tb_ir_phy_rate_model.sv,f775168363a76aa979cb56d3758eeec04953b8fa514b97482dafd2720e40a2bd,4964,
C:\Users\user\Documents\RF_COMM\IPs\ip_ir_array\sim\tb_ir_protocol_defensive_cases.sv,legacy/RF_COMM/IPs/ip_ir_array/sim/tb_ir_protocol_defensive_cases.sv,90f9dac5518b4807c3def8bb1256fd73622bac8c50de84d01c8e0539ed0c5b7f,16042,
C:\Users\user\Documents\RF_COMM\IPs\ip_ir_array\sim\tb_ir_rotating_autoroute_8lane_soak_model.sv,legacy/RF_COMM/IPs/ip_ir_array/sim/tb_ir_rotating_autoroute_8lane_soak_model.sv,ca8f1dcab644b36c482f8d092a663d86bcca06d0dab9b89a8e07765c6ee64b7c,9830,
C:\Users\user\Documents\RF_COMM\IPs\ip_ir_array\sim\tb_ir_rotating_autoroute_soak_model.sv,legacy/RF_COMM/IPs/ip_ir_array/sim/tb_ir_rotating_autoroute_soak_model.sv,8f1e11d977f9d5d602ff681748a44cfbdde4cf1a04246dea73b2715a3c6efb99,5974,
C:\Users\user\Documents\RF_COMM\IPs\ip_ir_array\sim\tb_ir_rx_hw_ack_wave.sv,legacy/RF_COMM/IPs/ip_ir_array/sim/tb_ir_rx_hw_ack_wave.sv,09722c1879a3dc71003f36e805884891b72fc7f10bddcee1e04eab3df0e4e153,4273,
C:\Users\user\Documents\RF_COMM\IPs\ip_ir_array\sim\tb_ir_rx_ila_replay.sv,legacy/RF_COMM/IPs/ip_ir_array/sim/tb_ir_rx_ila_replay.sv,58b8e4ac3e3c62e0bc63974f621386e6dc9dd1e58b67dcbef8959f950b00e215,4954,
C:\Users\user\Documents\RF_COMM\IPs\ip_ir_array\sim\tb_ir_rx_ila_replay_sweep.sv,legacy/RF_COMM/IPs/ip_ir_array/sim/tb_ir_rx_ila_replay_sweep.sv,c31dcbe323b87aecb2495ebf9a3ad0d110bb76d6fd51ac8b2a1e2277c022e187,6815,
C:\Users\user\Documents\RF_COMM\IPs\ip_ir_array\sim\tb_ir_sink_b0_halfduplex_speed.sv,legacy/RF_COMM/IPs/ip_ir_array/sim/tb_ir_sink_b0_halfduplex_speed.sv,09df977dd44020906f6e2affd63ebac7f4a58b61f2366b2db7b210c76c3af356,7189,
C:\Users\user\Documents\RF_COMM\IPs\ip_ir_array\sim\tb_ir_stream_ack_ila_replay.sv,legacy/RF_COMM/IPs/ip_ir_array/sim/tb_ir_stream_ack_ila_replay.sv,d1f992f2fbf35fe01c0b7b9d6087236b6634d9cfb2022fadf22c45c9477d7998,10404,
C:\Users\user\Documents\RF_COMM\IPs\ip_ir_array\sim\tb_ir_stream_ack_loss_recovery.sv,legacy/RF_COMM/IPs/ip_ir_array/sim/tb_ir_stream_ack_loss_recovery.sv,fdea188c1f213ebd42943866d03409bb6ff766bd6c285568061246d3457ebd1e,9120,
C:\Users\user\Documents\RF_COMM\IPs\ip_ir_array\sim\tb_ir_stream_ack_mask_zero.sv,legacy/RF_COMM/IPs/ip_ir_array/sim/tb_ir_stream_ack_mask_zero.sv,5163f4189a50dcdbd84f2efc733667d39b3eb3e20af071ed7f0bd72df7579e67,8519,
C:\Users\user\Documents\RF_COMM\IPs\ip_ir_array\sim\tb_ir_stream_axi_bidir_single_lane.sv,legacy/RF_COMM/IPs/ip_ir_array/sim/tb_ir_stream_axi_bidir_single_lane.sv,49de1637cf9c44173570753c89b735fbe8e51f84237fc1d11906938061009727,14793,
C:\Users\user\Documents\RF_COMM\IPs\ip_ir_array\sim\tb_ir_stream_bidir_b0_2lane_perf.sv,legacy/RF_COMM/IPs/ip_ir_array/sim/tb_ir_stream_bidir_b0_2lane_perf.sv,b8c85ef0aa246db8781de6d6a77b3725bee131abca27593e53d76b7a6aa07adf,19121,
C:\Users\user\Documents\RF_COMM\IPs\ip_ir_array\sim\tb_ir_stream_bidir_b0_bd.sv,legacy/RF_COMM/IPs/ip_ir_array/sim/tb_ir_stream_bidir_b0_bd.sv,f60ca2744d68efc5e5f80f40e5254adeb662fd4dfb592ab179ac0b564f44953a,11446,
C:\Users\user\Documents\RF_COMM\IPs\ip_ir_array\sim\tb_ir_stream_bidir_b0_g1_hw_smoke.sv,legacy/RF_COMM/IPs/ip_ir_array/sim/tb_ir_stream_bidir_b0_g1_hw_smoke.sv,764c74781ec6674e6647993880a45ea90ab658aa5e03e2dc2237b568f5c87376,12646,
C:\Users\user\Documents\RF_COMM\IPs\ip_ir_array\sim\tb_ir_stream_bidir_single_lane.sv,legacy/RF_COMM/IPs/ip_ir_array/sim/tb_ir_stream_bidir_single_lane.sv,2b51f9d17482b8c24dc1ce9fbce45f86b3f0c25592428bf83d5a251a71c2aa74,9601,
C:\Users\user\Documents\RF_COMM\IPs\ip_ir_array\sim\tb_ir_stream_fixed_2lane.sv,legacy/RF_COMM/IPs/ip_ir_array/sim/tb_ir_stream_fixed_2lane.sv,df60f19f5bfb41f1932341fad1c602c8493c8373fa854afe1c09fd2e43fae8d8,12892,
C:\Users\user\Documents\RF_COMM\IPs\ip_ir_array\sim\tb_ir_stream_fixed_4lane.sv,legacy/RF_COMM/IPs/ip_ir_array/sim/tb_ir_stream_fixed_4lane.sv,08a371b1a98c6fc19e3a6321767bc621e9d2a1b33a4228a48dd50e2af5f00e9e,11283,
C:\Users\user\Documents\RF_COMM\IPs\ip_ir_array\sim\tb_ir_stream_parallel_asym_2lane_perf.sv,legacy/RF_COMM/IPs/ip_ir_array/sim/tb_ir_stream_parallel_asym_2lane_perf.sv,f1b9a52946540dbdfc96bd02a4c513d55b0d5082f1fba6d6a30fd5cfc72deaea,19435,
C:\Users\user\Documents\RF_COMM\IPs\ip_ir_array\sim\tb_ir_stream_parallel_top_asym_2lane_perf.sv,legacy/RF_COMM/IPs/ip_ir_array/sim/tb_ir_stream_parallel_top_asym_2lane_perf.sv,bdcd885a2044a67731468a11ec6751cf7544c906a03311607ed552268819e0dd,15401,
C:\Users\user\Documents\RF_COMM\IPs\ip_ir_array\sim\tb_ir_stream_tdm_perf_single_lane.sv,legacy/RF_COMM/IPs/ip_ir_array/sim/tb_ir_stream_tdm_perf_single_lane.sv,7de64e7423b445fee771200ff10916bfdf07ee932df39770a7ff054f2ffc67bd,13699,
C:\Users\user\Documents\RF_COMM\IPs\ip_ir_array\sim\tb_ir_txonly_ack_axi_speed.sv,legacy/RF_COMM/IPs/ip_ir_array/sim/tb_ir_txonly_ack_axi_speed.sv,6999efcac761fbfd458ec11aea42233321e2561abbfbb9dc0727b44db80fe59c,7303,
C:\Users\user\Documents\RF_COMM\IPs\ip_ir_array\src\async_clock_groups_impl.xdc,legacy/RF_COMM/IPs/ip_ir_array/src/async_clock_groups_impl.xdc,fc39617b8812a14575df541744532e00cf62c9da17e93e148b68b561dc4f5d5b,127,
C:\Users\user\Documents\RF_COMM\IPs\ip_ir_array\src\bd_f066.v,legacy/RF_COMM/IPs/ip_ir_array/src/bd_f066.v,787c4923c12d2afe3d6ccda3572fb90be8c6a43213b1765b5be521481dab4aa5,3644,
C:\Users\user\Documents\RF_COMM\IPs\ip_ir_array\src\bd_f066_g_inst_0.v,legacy/RF_COMM/IPs/ip_ir_array/src/bd_f066_g_inst_0.v,5b888af5aede86468f27dec002f480df30ae4e8e0ceca3e2a82b2e9ae16370f3,145568,
C:\Users\user\Documents\RF_COMM\IPs\ip_ir_array\src\bd_f066_g_inst_0_gigantic_mux.v,legacy/RF_COMM/IPs/ip_ir_array/src/bd_f066_g_inst_0_gigantic_mux.v,794ca8479cb8766deb3a68b6eb6fa7ec79a10371c358ad21fd529e741c2643f3,252177,
C:\Users\user\Documents\RF_COMM\IPs\ip_ir_array\src\bd_f066_ila_lib_0.v,legacy/RF_COMM/IPs/ip_ir_array/src/bd_f066_ila_lib_0.v,d8d5f6ef0fcf709fdfc60477d949b2b16963ecef162e6c841f78abd52a0d8c55,144147,
C:\Users\user\Documents\RF_COMM\IPs\ip_ir_array\src\bd_f066_ila_lib_0_ooc.xdc,legacy/RF_COMM/IPs/ip_ir_array/src/bd_f066_ila_lib_0_ooc.xdc,071acffd76ea0eb42c104a84736abe0ebe8b445fceb8d0cfe70699ac90f01b30,3233,
C:\Users\user\Documents\RF_COMM\IPs\ip_ir_array\src\bd_f066_ooc.xdc,legacy/RF_COMM/IPs/ip_ir_array/src/bd_f066_ooc.xdc,89a74ec8cd6001cb2d1e19b8585e206c30dcbf0564a773c58ddd3ca4f4d1af6c,600,
C:\Users\user\Documents\RF_COMM\IPs\ip_ir_array\src\cdc_sync.sv,legacy/RF_COMM/IPs/ip_ir_array/src/cdc_sync.sv,dcefc32052d455625cbf4309ea9e328afaf0f5fee117a21f81d1393ee1c3c7a1,555,
C:\Users\user\Documents\RF_COMM\IPs\ip_ir_array\src\crc32_gen.sv,legacy/RF_COMM/IPs/ip_ir_array/src/crc32_gen.sv,c2f685b273615480aedaa4e13de552e1d220385cdb8f10aa96c90dbd76acb7da,491,
C:\Users\user\Documents\RF_COMM\IPs\ip_ir_array\src\design_shiboqi.v,legacy/RF_COMM/IPs/ip_ir_array/src/design_shiboqi.v,728f015b18006088eb4b3b7ec77a5c775fc72201b42a822e5a0e6cc66c9acfaf,154352,
C:\Users\user\Documents\RF_COMM\IPs\ip_ir_array\src\design_shiboqi_ooc.xdc,legacy/RF_COMM/IPs/ip_ir_array/src/design_shiboqi_ooc.xdc,c3058d95eab26438b876ac353eed449145f3525089d3e7529cfd009d45860120,756,
C:\Users\user\Documents\RF_COMM\IPs\ip_ir_array\src\design_shiboqi_system_ila_0_0.v,legacy/RF_COMM/IPs/ip_ir_array/src/design_shiboqi_system_ila_0_0.v,b6ecd63f4c03e47541a92dae03d9f6a0eb3601dd8407db9829406c0b80fa2cf7,84292,
C:\Users\user\Documents\RF_COMM\IPs\ip_ir_array\src\design_shiboqi_system_ila_0_0_ooc.xdc,legacy/RF_COMM/IPs/ip_ir_array/src/design_shiboqi_system_ila_0_0_ooc.xdc,b14b0d97a18c92a4ffb586c92dcb9d8fdbdd4a3dc63e8664152ca49577033148,2495,
C:\Users\user\Documents\RF_COMM\IPs\ip_ir_array\src\design_shiboqi_wrapper.v,legacy/RF_COMM/IPs/ip_ir_array/src/design_shiboqi_wrapper.v,8d63178abb785c77aaeb919d799afdb11b3ecdbe83fd08af94f6ae3b2392f730,3044,
C:\Users\user\Documents\RF_COMM\IPs\ip_ir_array\src\ila.xdc,legacy/RF_COMM/IPs/ip_ir_array/src/ila.xdc,9444516bf72a716ac536f51b6c9c845a92e4904e45297c8d5df0b740be5ae76d,22283,
C:\Users\user\Documents\RF_COMM\IPs\ip_ir_array\src\ila_impl.xdc,legacy/RF_COMM/IPs/ip_ir_array/src/ila_impl.xdc,2fb4f5aca3ad57a0ea7032b39424f7d61161268099e232a9b7afb3766db3671f,7584,
C:\Users\user\Documents\RF_COMM\IPs\ip_ir_array\src\ir_array_rx_mgr.sv,legacy/RF_COMM/IPs/ip_ir_array/src/ir_array_rx_mgr.sv,52d687aebf4fb1cac1e147f1548fb84a6fd5461ea85d0dac52593aa712f20e00,23570,
C:\Users\user\Documents\RF_COMM\IPs\ip_ir_array\src\ir_array_top.sv,legacy/RF_COMM/IPs/ip_ir_array/src/ir_array_top.sv,022402a100b88a566f7d69dd6e65b053e0d2ec300c59a2d5fa03ddb5ef3c8ea8,12949,
C:\Users\user\Documents\RF_COMM\IPs\ip_ir_array\src\ir_array_top_axi.sv,legacy/RF_COMM/IPs/ip_ir_array/src/ir_array_top_axi.sv,2b6d1299ecb0ea77b9beaaebb7695bcc323cf04b9a15e71028c8c493e963b422,37902,
C:\Users\user\Documents\RF_COMM\IPs\ip_ir_array\src\ir_array_tx_mgr.sv,legacy/RF_COMM/IPs/ip_ir_array/src/ir_array_tx_mgr.sv,c74f60b683258c29567e6b5eb88a716a765e61d17def674303e01964b66bf49b,14478,
C:\Users\user\Documents\RF_COMM\IPs\ip_ir_array\src\ir_axis_async_fifo.sv,legacy/RF_COMM/IPs/ip_ir_array/src/ir_axis_async_fifo.sv,1196235c44ef9c4977c04d35195c02948667ee9dd202f09182b3f4b1bfee7bf6,2297,
C:\Users\user\Documents\RF_COMM\IPs\ip_ir_array\src\ir_axi_regs.sv,legacy/RF_COMM/IPs/ip_ir_array/src/ir_axi_regs.sv,c5f38cef9b3cfa99fc71895b891b54999c590693ecf0d4a1dc010f3cc5f5a9fe,12003,
C:\Users\user\Documents\RF_COMM\IPs\ip_ir_array\src\ir_comm_lane.sv,legacy/RF_COMM/IPs/ip_ir_array/src/ir_comm_lane.sv,35c197c4e3b159860523775dc570ab64c37cd4913c6e9b925a62c897b2c881fe,3682,
C:\Users\user\Documents\RF_COMM\IPs\ip_ir_array\src\ir_fdx_partition_b_bd.sv,legacy/RF_COMM/IPs/ip_ir_array/src/ir_fdx_partition_b_bd.sv,bf94bbb0f0c89b82eda170cf1c20e910b88bbce372bf1de1e385ff330802f42c,10103,
C:\Users\user\Documents\RF_COMM\IPs\ip_ir_array\src\ir_fdx_partition_b_bd.v,legacy/RF_COMM/IPs/ip_ir_array/src/ir_fdx_partition_b_bd.v,5169926841f808e05c79f4055b7de665b8574e01661bd6c565521917dfca6c6c,1436,
C:\Users\user\Documents\RF_COMM\IPs\ip_ir_array\src\ir_lane_frame_sink.sv,legacy/RF_COMM/IPs/ip_ir_array/src/ir_lane_frame_sink.sv,df5a3c9d2794c8dff16ae90878aa1e3b2b74e5f6758fec52c58570ad5a1d1abd,2171,
C:\Users\user\Documents\RF_COMM\IPs\ip_ir_array\src\ir_lane_frame_source.sv,legacy/RF_COMM/IPs/ip_ir_array/src/ir_lane_frame_source.sv,d5bbd05b983b341c227b0d52a4d32ef4ab7624dbdb0abeae3654a445e5790ef5,1591,
C:\Users\user\Documents\RF_COMM\IPs\ip_ir_array\src\ir_loopback_b0_bd.v,legacy/RF_COMM/IPs/ip_ir_array/src/ir_loopback_b0_bd.v,dc087e4c7adf31e502c07229ba9165976b5aeefad46bb315b479d97402094780,7363,
C:\Users\user\Documents\RF_COMM\IPs\ip_ir_array\src\ir_loopback_b0_cntdbg_bd.v,legacy/RF_COMM/IPs/ip_ir_array/src/ir_loopback_b0_cntdbg_bd.v,c99db426c7035f5c602bef51c8164d75b7a69c807e628e1854b5d125cf8e6b44,459,
C:\Users\user\Documents\RF_COMM\IPs\ip_ir_array\src\ir_loopback_b0_completeack_bd.v,legacy/RF_COMM/IPs/ip_ir_array/src/ir_loopback_b0_completeack_bd.v,62177c8191a0066d384da2739d8f4e5babb05c48ac9ef9fda49cddc687f60a90,464,
C:\Users\user\Documents\RF_COMM\IPs\ip_ir_array\src\ir_loopback_b0_dbg_bd.v,legacy/RF_COMM/IPs/ip_ir_array/src/ir_loopback_b0_dbg_bd.v,1b83ea8f9b35f973a5c631092d5c50b226b0270e2606f9423fe8dc0e29c4041e,429,
C:\Users\user\Documents\RF_COMM\IPs\ip_ir_array\src\ir_loopback_b0_guard_bd.v,legacy/RF_COMM/IPs/ip_ir_array/src/ir_loopback_b0_guard_bd.v,735288d857f8332c7466b69f3ad1fb9c9c1255670f7099ffef1ca3e2f9113ee2,458,
C:\Users\user\Documents\RF_COMM\IPs\ip_ir_array\src\ir_loopback_b0_rxdbg_bd.v,legacy/RF_COMM/IPs/ip_ir_array/src/ir_loopback_b0_rxdbg_bd.v,2d91effeca6cf7c0887974e0a2022659583475f4f0b83c8298197357093b89d3,458,
C:\Users\user\Documents\RF_COMM\IPs\ip_ir_array\src\ir_loopback_b0_rxfix_bd.v,legacy/RF_COMM/IPs/ip_ir_array/src/ir_loopback_b0_rxfix_bd.v,327366ba869a9b5ba1236cf2ae14a8321084c85519fd1fb6655110ea6adf9f6b,458,
C:\Users\user\Documents\RF_COMM\IPs\ip_ir_array\src\ir_loopback_b0_txguard_bd.v,legacy/RF_COMM/IPs/ip_ir_array/src/ir_loopback_b0_txguard_bd.v,4d546f14cde9bf8d26eff7db09ef1c5489f01b02b4c48bc310cf06cceed44ce5,460,
C:\Users\user\Documents\RF_COMM\IPs\ip_ir_array\src\ir_protocol_pkg.sv,legacy/RF_COMM/IPs/ip_ir_array/src/ir_protocol_pkg.sv,f1b49f7a3c103b9307fd01d769215cfcfde9fb21047de1455109fdea961f467f,2113,
C:\Users\user\Documents\RF_COMM\IPs\ip_ir_array\src\ir_rx_4ppm_frame.sv,legacy/RF_COMM/IPs/ip_ir_array/src/ir_rx_4ppm_frame.sv,742ca1090f29095d5a98e9211ca48373caa3160d58c0177fbe759f2c8a1babd3,14001,
C:\Users\user\Documents\RF_COMM\IPs\ip_ir_array\src\ir_sink_b0_bd.v,legacy/RF_COMM/IPs/ip_ir_array/src/ir_sink_b0_bd.v,9d4d4e44f30937e8427a4afa78d2184e6304e72bdbf491d59d44869c65c648eb,5734,
C:\Users\user\Documents\RF_COMM\IPs\ip_ir_array\src\ir_stream_array_top.sv,legacy/RF_COMM/IPs/ip_ir_array/src/ir_stream_array_top.sv,5d9dcc4a42aac847cb77a8ee529507f1c53ef956862028bc5ea14b14cb29b904,47815,
C:\Users\user\Documents\RF_COMM\IPs\ip_ir_array\src\ir_stream_array_top_axi.sv,legacy/RF_COMM/IPs/ip_ir_array/src/ir_stream_array_top_axi.sv,8e3d2f25f9eed4f2ba019338d3764ac70e58f887a9cf8efc320a798f0c074b1a,37153,
C:\Users\user\Documents\RF_COMM\IPs\ip_ir_array\src\ir_stream_bidir_b0_bd.sv,legacy/RF_COMM/IPs/ip_ir_array/src/ir_stream_bidir_b0_bd.sv,06ca507c68d71bc47adec7b882ab386507286b859f5405e7aa5bb5c276301ee5,24761,
C:\Users\user\Documents\RF_COMM\IPs\ip_ir_array\src\ir_stream_bidir_b0_bd.v,legacy/RF_COMM/IPs/ip_ir_array/src/ir_stream_bidir_b0_bd.v,540b5548c61fd6da30cccb3958ef09ef8713a3fb06bf9857d827105ff8e7d18e,3090,
C:\Users\user\Documents\RF_COMM\IPs\ip_ir_array\src\ir_stream_bidir_vec_bd.v,legacy/RF_COMM/IPs/ip_ir_array/src/ir_stream_bidir_vec_bd.v,70e07339288e624d55e77bd34caf8699ba00b5ff7ea7e36e0ba97d2b16aa438f,2984,
C:\Users\user\Documents\RF_COMM\IPs\ip_ir_array\src\ir_stream_parallel_2lane_top.sv,legacy/RF_COMM/IPs/ip_ir_array/src/ir_stream_parallel_2lane_top.sv,83b308b81ae6437362cab14f93f80b2e0f32ff878a1c95ad18dec721b41adea3,26514,
C:\Users\user\Documents\RF_COMM\IPs\ip_ir_array\src\ir_txonly_ack_axi.sv,legacy/RF_COMM/IPs/ip_ir_array/src/ir_txonly_ack_axi.sv,5edb1dd92c8513a03d2879b88c296ac96067a87b1385f5611c234eb17f1a0413,31934,
C:\Users\user\Documents\RF_COMM\IPs\ip_ir_array\src\ir_tx_4ppm_frame.sv,legacy/RF_COMM/IPs/ip_ir_array/src/ir_tx_4ppm_frame.sv,02c16a7b645d7e563d6eae96a217ebeef428a19ee194d44590bc443c236839c6,8913,
C:\Users\user\Documents\RF_COMM\IPs\ip_ir_array\src\PORT1.xdc,legacy/RF_COMM/IPs/ip_ir_array/src/PORT1.xdc,be3b2598b95abcde95493c59f4694a09c9016fda56d6741f6f867953900888a5,2406,
C:\Users\user\Documents\RF_COMM\IPs\ip_ir_array\xgui\ir_array_top_axi_v1_0.tcl,legacy/RF_COMM/IPs/ip_ir_array/xgui/ir_array_top_axi_v1_0.tcl,dfbe4eddaffbddbf672367c59e2d06ec126dfd68d035282b681b0a8cde1bced6,9645,
C:\Users\user\Documents\RF_COMM\IPs\ip_ir_array\xgui\ir_array_top_axi_v2_0.tcl,legacy/RF_COMM/IPs/ip_ir_array/xgui/ir_array_top_axi_v2_0.tcl,dfbe4eddaffbddbf672367c59e2d06ec126dfd68d035282b681b0a8cde1bced6,9645,
C:\Users\user\Documents\RF_COMM\IPs\ip_ir_array\xgui\ir_array_top_axi_v2_1.tcl,legacy/RF_COMM/IPs/ip_ir_array/xgui/ir_array_top_axi_v2_1.tcl,dfbe4eddaffbddbf672367c59e2d06ec126dfd68d035282b681b0a8cde1bced6,9645,
C:\Users\user\Documents\RF_COMM\IPs\ip_ir_array\xgui\ir_array_top_axi_v3_0.tcl,legacy/RF_COMM/IPs/ip_ir_array/xgui/ir_array_top_axi_v3_0.tcl,08432327b266d9a57cdc489c8d540350f1bef6770b56be4570d5952cb502b225,11047,
C:\Users\user\Documents\RF_COMM\IPs\ip_ir_array\xgui\ir_array_top_axi_v4_0.tcl,legacy/RF_COMM/IPs/ip_ir_array/xgui/ir_array_top_axi_v4_0.tcl,08432327b266d9a57cdc489c8d540350f1bef6770b56be4570d5952cb502b225,11047,
C:\Users\user\Documents\RF_COMM\IPs\ip_ir_array\xgui\ir_array_top_axi_v4_1.tcl,legacy/RF_COMM/IPs/ip_ir_array/xgui/ir_array_top_axi_v4_1.tcl,32cb0e23f7ec837852fce1541d2cfc40cbeeaf116729ba8eec48c42cb41344a3,16534,
C:\Users\user\Documents\RF_COMM\IPs\ip_ir_array\xgui\ir_array_top_axi_v4_2.tcl,legacy/RF_COMM/IPs/ip_ir_array/xgui/ir_array_top_axi_v4_2.tcl,4f9ec370f1c6b24926b9ae61fa85af94a04ce9aca701407e580e5260dd801757,20074,
C:\Users\user\Documents\RF_COMM\IPs\ip_ir_array\src\blk_mem_gen_v8_3_6\blk_mem_gen_v8_3_vhsyn_rfs.vhd,legacy/RF_COMM/IPs/ip_ir_array/src/blk_mem_gen_v8_3_6/blk_mem_gen_v8_3_vhsyn_rfs.vhd,a6d05b4b673b8cee0cbe3b90a74ebc7c4f6b34729e151360648c06299b0796e3,14872343,
C:\Users\user\Documents\RF_COMM\IPs\ip_ir_array\src\blk_mem_gen_v8_4_6\blk_mem_gen_v8_4_vhsyn_rfs.vhd,legacy/RF_COMM/IPs/ip_ir_array/src/blk_mem_gen_v8_4_6/blk_mem_gen_v8_4_vhsyn_rfs.vhd,d991389690c456481cb0429da755f0b0b823b25c21ec45058d84f4946aaff479,14875766,
C:\Users\user\Documents\RF_COMM\IPs\ip_ir_array\src\design_shiboqi_auto_pc_0\design_shiboqi_auto_pc_0.xci,legacy/RF_COMM/IPs/ip_ir_array/src/design_shiboqi_auto_pc_0/design_shiboqi_auto_pc_0.xci,05b22e53692d0d7468af1bc5c3dc3f41752908c5569ab2632484e04712f30a45,33522,
C:\Users\user\Documents\RF_COMM\IPs\ip_ir_array\src\design_shiboqi_auto_pc_1\design_shiboqi_auto_pc_1.xci,legacy/RF_COMM/IPs/ip_ir_array/src/design_shiboqi_auto_pc_1/design_shiboqi_auto_pc_1.xci,a08be126af9006e16091d2b61cffe5a6e214c5daa7cf8d519b80a5a5f9cc7234,31098,
C:\Users\user\Documents\RF_COMM\IPs\ip_ir_array\src\design_shiboqi_auto_us_0\design_shiboqi_auto_us_0.xci,legacy/RF_COMM/IPs/ip_ir_array/src/design_shiboqi_auto_us_0/design_shiboqi_auto_us_0.xci,a3ca475f49e7c81f228e55f2733cd74912f0a2878e4ca8617b2a4716608777c7,27014,
C:\Users\user\Documents\RF_COMM\IPs\ip_ir_array\src\design_shiboqi_auto_us_1\design_shiboqi_auto_us_1.xci,legacy/RF_COMM/IPs/ip_ir_array/src/design_shiboqi_auto_us_1/design_shiboqi_auto_us_1.xci,fe69f053a776c71df5a16910df1f1d8399dea8a895d82f895dbba9f0ae12229d,27836,
C:\Users\user\Documents\RF_COMM\IPs\ip_ir_array\src\design_shiboqi_axis_data_fifo_0_0\design_shiboqi_axis_data_fifo_0_0.xci,legacy/RF_COMM/IPs/ip_ir_array/src/design_shiboqi_axis_data_fifo_0_0/design_shiboqi_axis_data_fifo_0_0.xci,19697992ca663f910bb7c78eb1be1eb62b8d484d28f52ff1122437773c9ada23,16500,
C:\Users\user\Documents\RF_COMM\IPs\ip_ir_array\src\design_shiboqi_axis_dwidth_converter_0_0\design_shiboqi_axis_dwidth_converter_0_0.xci,legacy/RF_COMM/IPs/ip_ir_array/src/design_shiboqi_axis_dwidth_converter_0_0/design_shiboqi_axis_dwidth_converter_0_0.xci,4b7de9000a1b1724c5bce7d857e363b5ba73fa1af1a7c57a2f977ba3d799892e,13666,
C:\Users\user\Documents\RF_COMM\IPs\ip_ir_array\src\design_shiboqi_axis_dwidth_converter_1_0\design_shiboqi_axis_dwidth_converter_1_0.xci,legacy/RF_COMM/IPs/ip_ir_array/src/design_shiboqi_axis_dwidth_converter_1_0/design_shiboqi_axis_dwidth_converter_1_0.xci,67aea24a4f1f7df449d905760ff6759f3ced2ce12a07b8d2882898d1b7c20768,13579,
C:\Users\user\Documents\RF_COMM\IPs\ip_ir_array\src\design_shiboqi_axi_dma_0_0\design_shiboqi_axi_dma_0_0.xci,legacy/RF_COMM/IPs/ip_ir_array/src/design_shiboqi_axi_dma_0_0/design_shiboqi_axi_dma_0_0.xci,b2d4453419852f7af2e74da1052b8df5f7644acef6160e8742c19943e5ed10b6,95233,
C:\Users\user\Documents\RF_COMM\IPs\ip_ir_array\src\design_shiboqi_clk_wiz_0_0\design_shiboqi_clk_wiz_0_0.xci,legacy/RF_COMM/IPs/ip_ir_array/src/design_shiboqi_clk_wiz_0_0/design_shiboqi_clk_wiz_0_0.xci,e544b6dbbf49a635501de3ab623c73cd11e57a95ff67fa2f99dcaca9b72241d9,69589,
C:\Users\user\Documents\RF_COMM\IPs\ip_ir_array\src\design_shiboqi_ir_array_top_axi_0_0\design_shiboqi_ir_array_top_axi_0_0.xci,legacy/RF_COMM/IPs/ip_ir_array/src/design_shiboqi_ir_array_top_axi_0_0/design_shiboqi_ir_array_top_axi_0_0.xci,ea6b53df08aa55a00a18b3b2087e86ea781e18176fcffebe0f90fdaa0078eb5d,24692,
C:\Users\user\Documents\RF_COMM\IPs\ip_ir_array\src\design_shiboqi_processing_system7_0_0\design_shiboqi_processing_system7_0_0.xci,legacy/RF_COMM/IPs/ip_ir_array/src/design_shiboqi_processing_system7_0_0/design_shiboqi_processing_system7_0_0.xci,f2cde8c3ca749cbe27a5f154a236db93089c4677ae9ed42592af3c6a9d68ad2e,169342,
C:\Users\user\Documents\RF_COMM\IPs\ip_ir_array\src\design_shiboqi_proc_sys_reset_0_0\design_shiboqi_proc_sys_reset_0_0.xci,legacy/RF_COMM/IPs/ip_ir_array/src/design_shiboqi_proc_sys_reset_0_0/design_shiboqi_proc_sys_reset_0_0.xci,9758492951a739a65d27c95a21bc7b6b5bf64ed6c9e7678a18d775ead6c935c4,12301,
C:\Users\user\Documents\RF_COMM\IPs\ip_ir_array\src\design_shiboqi_proc_sys_reset_1_0\design_shiboqi_proc_sys_reset_1_0.xci,legacy/RF_COMM/IPs/ip_ir_array/src/design_shiboqi_proc_sys_reset_1_0/design_shiboqi_proc_sys_reset_1_0.xci,3e3600d54db19c3f7800294650c5b64a1d2716de16a50c4072c54ed2a3739d22,12291,
C:\Users\user\Documents\RF_COMM\IPs\ip_ir_array\src\design_shiboqi_rst_ps7_0_100M_0\design_shiboqi_rst_ps7_0_100M_0.xci,legacy/RF_COMM/IPs/ip_ir_array/src/design_shiboqi_rst_ps7_0_100M_0/design_shiboqi_rst_ps7_0_100M_0.xci,1435e302ddea3d6e961eccbae4c5e54f7b5131d2a3aaaabba0b3aebcac76a04c,12281,
C:\Users\user\Documents\RF_COMM\IPs\ip_ir_array\src\design_shiboqi_xbar_0\design_shiboqi_xbar_0.xci,legacy/RF_COMM/IPs/ip_ir_array/src/design_shiboqi_xbar_0/design_shiboqi_xbar_0.xci,fa0337c273c0f4084ce33d43e3db0efcdfb476b6a69292b04f4dfd0556010428,229420,
C:\Users\user\Documents\RF_COMM\IPs\ip_ir_array\src\design_shiboqi_xbar_1\design_shiboqi_xbar_1.xci,legacy/RF_COMM/IPs/ip_ir_array/src/design_shiboqi_xbar_1/design_shiboqi_xbar_1.xci,afa6868e8552623552fc56adf76cdbbdbec05aa68f34b1add298167e5381fd98,228540,
C:\Users\user\Documents\RF_COMM\IPs\ip_ir_array\src\design_shiboqi_xlconcat_0_0\design_shiboqi_xlconcat_0_0.xci,legacy/RF_COMM/IPs/ip_ir_array/src/design_shiboqi_xlconcat_0_0/design_shiboqi_xlconcat_0_0.xci,c705d1383978378b1d0df05617885eceebc431ffde17e0c9270ea249b13a2076,33757,
C:\Users\user\Documents\RF_COMM\IPs\ip_ir_array\src\fifo_generator_v13_1_4\fifo_generator_v13_1_vhsyn_rfs.vhd,legacy/RF_COMM/IPs/ip_ir_array/src/fifo_generator_v13_1_4/fifo_generator_v13_1_vhsyn_rfs.vhd,18eecdca3f29637589099d583f38afbfefd5540c8b4feddcac911382e6223df5,2434978,
C:\Users\user\Documents\RF_COMM\IPs\ip_ir_array\src\gigantic_mux\gigantic_mux_v1_0_cntr.v,legacy/RF_COMM/IPs/ip_ir_array/src/gigantic_mux/gigantic_mux_v1_0_cntr.v,7278bca63a07cad0c3334414dfa4b297d3ea123bf636fd5c621d6f1f85767a8c,20541,
C:\Users\user\Documents\RF_COMM\IPs\ip_ir_array\src\ila_v6_2_13\ila_v6_2_13_ila_in.vh,legacy/RF_COMM/IPs/ip_ir_array/src/ila_v6_2_13/ila_v6_2_13_ila_in.vh,a74e2171e7a1674ef3cb362e39cf85c2b01a86b5390c1834eee3e932d3a36afb,42428,
C:\Users\user\Documents\RF_COMM\IPs\ip_ir_array\src\ila_v6_2_13\ila_v6_2_13_ila_lib_fn.vh,legacy/RF_COMM/IPs/ip_ir_array/src/ila_v6_2_13/ila_v6_2_13_ila_lib_fn.vh,8c1fac1511ceed08905ced9379ee5b2eeb8d3427b2f04403609507ef8a1a73fd,3563,
C:\Users\user\Documents\RF_COMM\IPs\ip_ir_array\src\ila_v6_2_13\ila_v6_2_13_ila_lparam.vh,legacy/RF_COMM/IPs/ip_ir_array/src/ila_v6_2_13/ila_v6_2_13_ila_lparam.vh,17f55ba816da027875df5a3770f46f1ba852d320332f093e14ba80a3f0ed57b8,1090601,
C:\Users\user\Documents\RF_COMM\IPs\ip_ir_array\src\ila_v6_2_13\ila_v6_2_13_ila_param.vh,legacy/RF_COMM/IPs/ip_ir_array/src/ila_v6_2_13/ila_v6_2_13_ila_param.vh,40274d2673e07b599f8855642b1ae23bc2fcca7257cf8272fd1864a902e3c1c7,106995,
C:\Users\user\Documents\RF_COMM\IPs\ip_ir_array\src\ila_v6_2_13\ila_v6_2_13_ila_ver.vh,legacy/RF_COMM/IPs/ip_ir_array/src/ila_v6_2_13/ila_v6_2_13_ila_ver.vh,fe0e8d02162f5fd84135655b32ebb98f1108d1a489cedb7ca97a593ceb97c16f,5887,
C:\Users\user\Documents\RF_COMM\IPs\ip_ir_array\src\ila_v6_2_13\ila_v6_2_syn_rfs.v,legacy/RF_COMM/IPs/ip_ir_array/src/ila_v6_2_13/ila_v6_2_syn_rfs.v,f189c60f30719b060677f009268f1fffe0feada6cd594d43600b7d575abc563f,607537,
C:\Users\user\Documents\RF_COMM\IPs\ip_ir_array\src\ltlib_v1_0_0\ltlib_v1_0_0_lib_fn.vh,legacy/RF_COMM/IPs/ip_ir_array/src/ltlib_v1_0_0/ltlib_v1_0_0_lib_fn.vh,933224cc34637fe4cd4441f4d46b3f1008a38cea3119547f5588b870aba0f92f,3435,
C:\Users\user\Documents\RF_COMM\IPs\ip_ir_array\src\ltlib_v1_0_0\ltlib_v1_0_0_ver.vh,legacy/RF_COMM/IPs/ip_ir_array/src/ltlib_v1_0_0/ltlib_v1_0_0_ver.vh,0ecfe79bd3d84e0fb5008c5f52fccfc3e0ce1deb430ead628578665dba7d7e2d,3269,
C:\Users\user\Documents\RF_COMM\IPs\ip_ir_array\src\ltlib_v1_0_0\ltlib_v1_0_vl_rfs.v,legacy/RF_COMM/IPs/ip_ir_array/src/ltlib_v1_0_0/ltlib_v1_0_vl_rfs.v,e5b546e4894cd48d31e907fe0385ca17aa6e7091c5e7a61a293ddb713b296750,93736,
C:\Users\user\Documents\RF_COMM\IPs\ip_ir_array\src\xsdbm_v3_0_0\xsdbm_v3_0_0_bs.vh,legacy/RF_COMM/IPs/ip_ir_array/src/xsdbm_v3_0_0/xsdbm_v3_0_0_bs.vh,c036bde245666934e193b073e422f474c2d8c60bb2603c96c5880ccbcfdead7d,33608,
C:\Users\user\Documents\RF_COMM\IPs\ip_ir_array\src\xsdbm_v3_0_0\xsdbm_v3_0_0_bsid_ports.vh,legacy/RF_COMM/IPs/ip_ir_array/src/xsdbm_v3_0_0/xsdbm_v3_0_0_bsid_ports.vh,bf6d7fb12e7c53e5543f856562d76d649ef005a0207a4614aba2800cd995675c,812,
C:\Users\user\Documents\RF_COMM\IPs\ip_ir_array\src\xsdbm_v3_0_0\xsdbm_v3_0_0_bsid_vec_ports.vh,legacy/RF_COMM/IPs/ip_ir_array/src/xsdbm_v3_0_0/xsdbm_v3_0_0_bsid_vec_ports.vh,7bef1b24635b7caacff3abfff904426e52382f21245d7483c4e7427e3d8275c3,860,
C:\Users\user\Documents\RF_COMM\IPs\ip_ir_array\src\xsdbm_v3_0_0\xsdbm_v3_0_0_bs_core.vh,legacy/RF_COMM/IPs/ip_ir_array/src/xsdbm_v3_0_0/xsdbm_v3_0_0_bs_core.vh,f323be6aa232ba3d513ab2211f2b7e497aa60d03aad20f974abdf536ada24cc5,34882,
C:\Users\user\Documents\RF_COMM\IPs\ip_ir_array\src\xsdbm_v3_0_0\xsdbm_v3_0_0_bs_core_ext.vh,legacy/RF_COMM/IPs/ip_ir_array/src/xsdbm_v3_0_0/xsdbm_v3_0_0_bs_core_ext.vh,f9983cd2be3475f805efc8ccba535d0a03de048042fb3d69de0efcc185cbf0a6,35008,
C:\Users\user\Documents\RF_COMM\IPs\ip_ir_array\src\xsdbm_v3_0_0\xsdbm_v3_0_0_bs_core_vec.vh,legacy/RF_COMM/IPs/ip_ir_array/src/xsdbm_v3_0_0/xsdbm_v3_0_0_bs_core_vec.vh,b19e9d1b1f5ae86b8a965ffd3038f1b89cda10105073f80afebd2a0f447c3812,31662,
C:\Users\user\Documents\RF_COMM\IPs\ip_ir_array\src\xsdbm_v3_0_0\xsdbm_v3_0_0_bs_ext.vh,legacy/RF_COMM/IPs/ip_ir_array/src/xsdbm_v3_0_0/xsdbm_v3_0_0_bs_ext.vh,bbeb5b8cf1d639d865651d9fa21ed876b30d463ccfbdf3215609e9ff2de42631,33734,
C:\Users\user\Documents\RF_COMM\IPs\ip_ir_array\src\xsdbm_v3_0_0\xsdbm_v3_0_0_bs_ports.vh,legacy/RF_COMM/IPs/ip_ir_array/src/xsdbm_v3_0_0/xsdbm_v3_0_0_bs_ports.vh,16486756dbda48606aa07360baa67527092eb3c1dbae58d37a42fe602d396965,7940,
C:\Users\user\Documents\RF_COMM\IPs\ip_ir_array\src\xsdbm_v3_0_0\xsdbm_v3_0_0_bs_vec.vh,legacy/RF_COMM/IPs/ip_ir_array/src/xsdbm_v3_0_0/xsdbm_v3_0_0_bs_vec.vh,b36085665eceb4526c992ede375771142cb84a64ca6d5b7d4cffe84a61d40dc9,30304,
C:\Users\user\Documents\RF_COMM\IPs\ip_ir_array\src\xsdbm_v3_0_0\xsdbm_v3_0_0_i2x.vh,legacy/RF_COMM/IPs/ip_ir_array/src/xsdbm_v3_0_0/xsdbm_v3_0_0_i2x.vh,ff8560055d7c5b7d21ff5e003064a150af0567a8ea36699b2760959c3a038611,2143,
C:\Users\user\Documents\RF_COMM\IPs\ip_ir_array\src\xsdbm_v3_0_0\xsdbm_v3_0_0_icn.vh,legacy/RF_COMM/IPs/ip_ir_array/src/xsdbm_v3_0_0/xsdbm_v3_0_0_icn.vh,debf99a7d7ff1463a61b5043f4c55713bb8ec39839e43593e529d39aa94ce560,1466,
C:\Users\user\Documents\RF_COMM\IPs\ip_ir_array\src\xsdbm_v3_0_0\xsdbm_v3_0_0_id_map.vh,legacy/RF_COMM/IPs/ip_ir_array/src/xsdbm_v3_0_0/xsdbm_v3_0_0_id_map.vh,1bcde27e95c44e389ba6d4d17f388a6491d072199bc4bb0336a6380280fc719c,7040,
C:\Users\user\Documents\RF_COMM\IPs\ip_ir_array\src\xsdbm_v3_0_0\xsdbm_v3_0_0_id_vec_map.vh,legacy/RF_COMM/IPs/ip_ir_array/src/xsdbm_v3_0_0/xsdbm_v3_0_0_id_vec_map.vh,c9d90250161fdf968c627ec817c6a18487cb4489eaba88cc67b01622c475ef63,6992,
C:\Users\user\Documents\RF_COMM\IPs\ip_ir_array\src\xsdbm_v3_0_0\xsdbm_v3_0_0_in.vh,legacy/RF_COMM/IPs/ip_ir_array/src/xsdbm_v3_0_0/xsdbm_v3_0_0_in.vh,1a15298a3b168cddd0f6ed16b06fb5138989200bd0c90a3cbdfc6f2e84aedec5,3791,
C:\Users\user\Documents\RF_COMM\IPs\ip_ir_array\src\xsdbm_v3_0_0\xsdbm_v3_0_0_sl_prt_map.vh,legacy/RF_COMM/IPs/ip_ir_array/src/xsdbm_v3_0_0/xsdbm_v3_0_0_sl_prt_map.vh,030c3e090fe12dc5c61dba026e877381f4997fdbfce63ca102aca68aed77aa22,22820,
C:\Users\user\Documents\RF_COMM\IPs\ip_ir_array\src\xsdbm_v3_0_0\xsdbm_v3_0_vl_rfs.v,legacy/RF_COMM/IPs/ip_ir_array/src/xsdbm_v3_0_0/xsdbm_v3_0_vl_rfs.v,35914de71012f1e5a88417acf362e7839fb00c50bdc7b98a283e1a94fcf8ae06,678041,
C:\Users\user\Documents\RF_COMM\IPs\ip_ir_array\src\xsdbs_v1_0_2\xsdbs_v1_0_2_i2x.vh,legacy/RF_COMM/IPs/ip_ir_array/src/xsdbs_v1_0_2/xsdbs_v1_0_2_i2x.vh,ff8560055d7c5b7d21ff5e003064a150af0567a8ea36699b2760959c3a038611,2143,
C:\Users\user\Documents\RF_COMM\IPs\ip_ir_array\src\xsdbs_v1_0_2\xsdbs_v1_0_2_in.vh,legacy/RF_COMM/IPs/ip_ir_array/src/xsdbs_v1_0_2/xsdbs_v1_0_2_in.vh,f6f5fdaed464bc984e94b27034ebf6bbbae273fa38f747c547d6bc0c4899a75e,3313,
C:\Users\user\Documents\RF_COMM\IPs\ip_ir_array\src\xsdbs_v1_0_2\xsdbs_v1_0_vl_rfs.v,legacy/RF_COMM/IPs/ip_ir_array/src/xsdbs_v1_0_2/xsdbs_v1_0_vl_rfs.v,41a54f55f5208ba104df76131c6ae14712e75fd1b4defe4142545c26cc795b03,40695,
C:\Users\user\Documents\RF_COMM\IPs\ir_array\ir_array.xpr,legacy/RF_COMM/IPs/ir_array/ir_array.xpr,e6f4a2545b5f60c6ed0cf0eca50be7de7f114a63f0844c80f975502fc4d81717,14768,
C:\Users\user\Documents\RF_COMM\IPs\ir_array\ir_array.srcs\sources_1\gpt\cdc_sync.sv,legacy/RF_COMM/IPs/ir_array/ir_array.srcs/sources_1/gpt/cdc_sync.sv,dcefc32052d455625cbf4309ea9e328afaf0f5fee117a21f81d1393ee1c3c7a1,555,
C:\Users\user\Documents\RF_COMM\IPs\ir_array\ir_array.srcs\sources_1\gpt\crc32_gen.sv,legacy/RF_COMM/IPs/ir_array/ir_array.srcs/sources_1/gpt/crc32_gen.sv,c2f685b273615480aedaa4e13de552e1d220385cdb8f10aa96c90dbd76acb7da,491,
C:\Users\user\Documents\RF_COMM\IPs\ir_array\ir_array.srcs\sources_1\gpt\ir_array_rx_mgr.sv,legacy/RF_COMM/IPs/ir_array/ir_array.srcs/sources_1/gpt/ir_array_rx_mgr.sv,e58ebccc72e3b0b764dd8b01ee268cd8fceb12118146318235d84530a00c801c,14600,
C:\Users\user\Documents\RF_COMM\IPs\ir_array\ir_array.srcs\sources_1\gpt\ir_array_top.sv,legacy/RF_COMM/IPs/ir_array/ir_array.srcs/sources_1/gpt/ir_array_top.sv,13d348e108b43ee9d68dba4a9d7b0a7e802cdccbf2d42f4ed9be0ced8311314d,10515,
C:\Users\user\Documents\RF_COMM\IPs\ir_array\ir_array.srcs\sources_1\gpt\ir_array_top_axi.sv,legacy/RF_COMM/IPs/ir_array/ir_array.srcs/sources_1/gpt/ir_array_top_axi.sv,72fa7f33cfbdd7168d2d3bd6d4d9af7b1b165c6588c7a080628fbe57ca355f26,6224,
C:\Users\user\Documents\RF_COMM\IPs\ir_array\ir_array.srcs\sources_1\gpt\ir_array_tx_mgr.sv,legacy/RF_COMM/IPs/ir_array/ir_array.srcs/sources_1/gpt/ir_array_tx_mgr.sv,44eb0e317ec3d0d267955422fdd67da344ebbea92caeb655fd21d60c826fafa2,12231,
C:\Users\user\Documents\RF_COMM\IPs\ir_array\ir_array.srcs\sources_1\gpt\ir_axi_regs.sv,legacy/RF_COMM/IPs/ir_array/ir_array.srcs/sources_1/gpt/ir_axi_regs.sv,afa71b64f52ee2fabb87ef1584a2332574eeb3ebdce10ea2bddd9bd0db40e67c,6338,
C:\Users\user\Documents\RF_COMM\IPs\ir_array\ir_array.srcs\sources_1\gpt\ir_comm_lane.sv,legacy/RF_COMM/IPs/ir_array/ir_array.srcs/sources_1/gpt/ir_comm_lane.sv,815d8cf1537740da4b8f171a0c94419a4d7f5cf085a651dc01b4ff7f885c4953,3511,
C:\Users\user\Documents\RF_COMM\IPs\ir_array\ir_array.srcs\sources_1\gpt\ir_lane_frame_sink.sv,legacy/RF_COMM/IPs/ir_array/ir_array.srcs/sources_1/gpt/ir_lane_frame_sink.sv,2034b057e49b3c0cb7d929c15ff6bf4c05fea2769c72c499134eb9edb307a3b5,1571,
C:\Users\user\Documents\RF_COMM\IPs\ir_array\ir_array.srcs\sources_1\gpt\ir_lane_frame_source.sv,legacy/RF_COMM/IPs/ir_array/ir_array.srcs/sources_1/gpt/ir_lane_frame_source.sv,4c3e67da5756202b7a0387b1bc788bce093d13dc29891375dc997f86cdc03f2a,1618,
C:\Users\user\Documents\RF_COMM\IPs\ir_array\ir_array.srcs\sources_1\gpt\ir_protocol_pkg.sv,legacy/RF_COMM/IPs/ir_array/ir_array.srcs/sources_1/gpt/ir_protocol_pkg.sv,1707836b8564b27784918f58540716d4c56efc0026c1c78055e3efd28dd80bfa,1389,
C:\Users\user\Documents\RF_COMM\IPs\ir_array\ir_array.srcs\sources_1\gpt\ir_rx_4ppm_frame.sv,legacy/RF_COMM/IPs/ir_array/ir_array.srcs/sources_1/gpt/ir_rx_4ppm_frame.sv,950ef0971e906ac860ab6f7fa36b33db2cff284fba8ec8e2e76d4badd15620ae,8462,
C:\Users\user\Documents\RF_COMM\IPs\ir_array\ir_array.srcs\sources_1\gpt\ir_tx_4ppm_frame.sv,legacy/RF_COMM/IPs/ir_array/ir_array.srcs/sources_1/gpt/ir_tx_4ppm_frame.sv,a65f61a6c0a82cee11de96e46cb0d333c3e48c48a51c4abffb08027267b8b455,8138,
C:\Users\user\Documents\RF_COMM\IPs\ir_array\ir_array.srcs\sources_1\gpt\README.md,legacy/RF_COMM/IPs/ir_array/ir_array.srcs/sources_1/gpt/README.md,59d66e68cdb398063b61ed67cd22c647fdc8f344e609168e83a15e6461762df9,5489,
C:\Users\user\Documents\RF_COMM\IPs\ir_array\ir_array.srcs\sources_1\gpt\tb_ir_array_loopback.sv,legacy/RF_COMM/IPs/ir_array/ir_array.srcs/sources_1/gpt/tb_ir_array_loopback.sv,763b68e7b8c661d5ca5abca3e0c6b6766b0f955c4fb083c5683de02eac4b8413,6069,
C:\Users\user\Documents\RF_COMM\TFDU_VFIR_Client_Array\allcode.txt,legacy/RF_COMM/TFDU_VFIR_Client_Array/allcode.txt,780a6545d69e5394a296209560d392f164bf25d3a8a3dd3f317797e29581dabc,31566,
C:\Users\user\Documents\RF_COMM\TFDU_VFIR_Client_Array\allcode2.txt,legacy/RF_COMM/TFDU_VFIR_Client_Array/allcode2.txt,64ae69ee93c550728b5bbbadce8f5bac61c68eb827b877127a795803ccb1be9a,29895,
C:\Users\user\Documents\RF_COMM\TFDU_VFIR_Client_Array\ps7_init.c,legacy/RF_COMM/TFDU_VFIR_Client_Array/ps7_init.c,0d86ae0e828af804a675a7cf3a7d342cfd699cbc92c1b715af65832717dbe4f3,545775,
C:\Users\user\Documents\RF_COMM\TFDU_VFIR_Client_Array\ps7_init.h,legacy/RF_COMM/TFDU_VFIR_Client_Array/ps7_init.h,39b1781bf8ea277e6c73c65bda3938324f80bab8bbdc483fc7d3bfaebf49b191,3796,
C:\Users\user\Documents\RF_COMM\TFDU_VFIR_Client_Array\ps7_init.html,legacy/RF_COMM/TFDU_VFIR_Client_Array/ps7_init.html,b95c2ec2636aeaa59253115eb10252d6b39782cda223c20f042ad2dc258c7566,2972409,
C:\Users\user\Documents\RF_COMM\TFDU_VFIR_Client_Array\ps7_init.tcl,legacy/RF_COMM/TFDU_VFIR_Client_Array/ps7_init.tcl,3f249665431af9e5ee6de29e5d92ddba12c4c1807b0d2e725814a81e6bd76836,36068,
C:\Users\user\Documents\RF_COMM\TFDU_VFIR_Client_Array\ps7_init_gpl.c,legacy/RF_COMM/TFDU_VFIR_Client_Array/ps7_init_gpl.c,e32240f57b173c5841cca605960e9df655b3cd73c858deb03c857dc40cda662e,546392,
C:\Users\user\Documents\RF_COMM\TFDU_VFIR_Client_Array\ps7_init_gpl.h,legacy/RF_COMM/TFDU_VFIR_Client_Array/ps7_init_gpl.h,284eaad3bc226ce2837b1c1c910de1977b3815af446b196ce2db047d448a0c4f,4414,
C:\Users\user\Documents\RF_COMM\TFDU_VFIR_Client_Array\TFDU_VFIR_Client.xpr,legacy/RF_COMM/TFDU_VFIR_Client_Array/TFDU_VFIR_Client.xpr,9d8c6c7a51104c99f50c05d9d8c0317ae2c1753358aa463154c99edea91a58de,94635,
C:\Users\user\Documents\RF_COMM\TFDU_VFIR_Client_Array\Packages\.repos.xml,legacy/RF_COMM/TFDU_VFIR_Client_Array/Packages/.repos.xml,602e40cd5cfd609c97a80092c996ab6829c69adc1caa5075edbf4c1cfe835766,384,
C:\Users\user\Documents\RF_COMM\TFDU_VFIR_Client_Array\TFDU_VFIR_Client.srcs\utils_1\imports\synth_1\design_1_wrapper.dcp,legacy/RF_COMM/TFDU_VFIR_Client_Array/TFDU_VFIR_Client.srcs/utils_1/imports/synth_1/design_1_wrapper.dcp,95f4b87a24144230d246b969b34e009ec3466cf131e8ebd994cae1da31ac21f3,257863,
C:\Users\user\Documents\RF_COMM\TFDU_VFIR_Client_Array\TFDU_VFIR_Client.srcs\sources_1\imports\hdl\design_shiboqi_wrapper.v,legacy/RF_COMM/TFDU_VFIR_Client_Array/TFDU_VFIR_Client.srcs/sources_1/imports/hdl/design_shiboqi_wrapper.v,1220bdf9e93f4b2b6dfca4b89659591e0c18208f010ea6227fdabf6dcad3b8dd,3459,
C:\Users\user\Documents\RF_COMM\TFDU_VFIR_Client_Array\TFDU_VFIR_Client.srcs\sources_1\bd\design_shiboqi\design_shiboqi.bd,legacy/RF_COMM/TFDU_VFIR_Client_Array/TFDU_VFIR_Client.srcs/sources_1/bd/design_shiboqi/design_shiboqi.bd,ee49058ea92431d242109bfcc500dee62d88daa3cdb9ed59cea715edd47200d7,110285,
C:\Users\user\Documents\RF_COMM\TFDU_VFIR_Client_Array\TFDU_VFIR_Client.srcs\sources_1\bd\design_shiboqi\design_shiboqi.bda,legacy/RF_COMM/TFDU_VFIR_Client_Array/TFDU_VFIR_Client.srcs/sources_1/bd/design_shiboqi/design_shiboqi.bda,959d69d7e4dd9f3f6e069d0b195fddb8f5e9ae12e97ac136ee576e2486d24e13,8618,
C:\Users\user\Documents\RF_COMM\TFDU_VFIR_Client_Array\TFDU_VFIR_Client.srcs\sources_1\bd\design_shiboqi\ui\bd_4a96c858.ui,legacy/RF_COMM/TFDU_VFIR_Client_Array/TFDU_VFIR_Client.srcs/sources_1/bd/design_shiboqi/ui/bd_4a96c858.ui,3a26720f12404154639fe3e36f5079596e09f9db99b45a3d4726b96df29a98b8,4159,
C:\Users\user\Documents\RF_COMM\TFDU_VFIR_Client_Array\TFDU_VFIR_Client.srcs\sources_1\bd\design_shiboqi\ip\design_shiboqi_auto_pc_0\design_shiboqi_auto_pc_0.xci,legacy/RF_COMM/TFDU_VFIR_Client_Array/TFDU_VFIR_Client.srcs/sources_1/bd/design_shiboqi/ip/design_shiboqi_auto_pc_0/design_shiboqi_auto_pc_0.xci,684b99c8dab8820b249a59c39995265a0a5d070d37eb2d2b1def24344d4b37cc,33548,
C:\Users\user\Documents\RF_COMM\TFDU_VFIR_Client_Array\TFDU_VFIR_Client.srcs\sources_1\bd\design_shiboqi\ip\design_shiboqi_auto_pc_1\design_shiboqi_auto_pc_1.xci,legacy/RF_COMM/TFDU_VFIR_Client_Array/TFDU_VFIR_Client.srcs/sources_1/bd/design_shiboqi/ip/design_shiboqi_auto_pc_1/design_shiboqi_auto_pc_1.xci,ea85fa2b8ee8e242833ec3e121e9b8f194f91ba5ba1817b7feb53b5b78517f23,31124,
C:\Users\user\Documents\RF_COMM\TFDU_VFIR_Client_Array\TFDU_VFIR_Client.srcs\sources_1\bd\design_shiboqi\ip\design_shiboqi_auto_us_0\design_shiboqi_auto_us_0.xci,legacy/RF_COMM/TFDU_VFIR_Client_Array/TFDU_VFIR_Client.srcs/sources_1/bd/design_shiboqi/ip/design_shiboqi_auto_us_0/design_shiboqi_auto_us_0.xci,49d1ce5a7109207293223aff7b6a05876de0f9e998cafa47442a9b331cd28c2f,27040,
C:\Users\user\Documents\RF_COMM\TFDU_VFIR_Client_Array\TFDU_VFIR_Client.srcs\sources_1\bd\design_shiboqi\ip\design_shiboqi_auto_us_1\design_shiboqi_auto_us_1.xci,legacy/RF_COMM/TFDU_VFIR_Client_Array/TFDU_VFIR_Client.srcs/sources_1/bd/design_shiboqi/ip/design_shiboqi_auto_us_1/design_shiboqi_auto_us_1.xci,0679740f6515b4c386f0db24eceacf5e29a6b99c549fd0fbea6e42bf3d2b4106,27862,
C:\Users\user\Documents\RF_COMM\TFDU_VFIR_Client_Array\TFDU_VFIR_Client.srcs\sources_1\bd\design_shiboqi\ip\design_shiboqi_axis_data_fifo_0_0\design_shiboqi_axis_data_fifo_0_0.xci,legacy/RF_COMM/TFDU_VFIR_Client_Array/TFDU_VFIR_Client.srcs/sources_1/bd/design_shiboqi/ip/design_shiboqi_axis_data_fifo_0_0/design_shiboqi_axis_data_fifo_0_0.xci,19697992ca663f910bb7c78eb1be1eb62b8d484d28f52ff1122437773c9ada23,16500,
C:\Users\user\Documents\RF_COMM\TFDU_VFIR_Client_Array\TFDU_VFIR_Client.srcs\sources_1\bd\design_shiboqi\ip\design_shiboqi_axis_dwidth_converter_0_0\design_shiboqi_axis_dwidth_converter_0_0.xci,legacy/RF_COMM/TFDU_VFIR_Client_Array/TFDU_VFIR_Client.srcs/sources_1/bd/design_shiboqi/ip/design_shiboqi_axis_dwidth_converter_0_0/design_shiboqi_axis_dwidth_converter_0_0.xci,4b7de9000a1b1724c5bce7d857e363b5ba73fa1af1a7c57a2f977ba3d799892e,13666,
C:\Users\user\Documents\RF_COMM\TFDU_VFIR_Client_Array\TFDU_VFIR_Client.srcs\sources_1\bd\design_shiboqi\ip\design_shiboqi_axis_dwidth_converter_1_0\design_shiboqi_axis_dwidth_converter_1_0.xci,legacy/RF_COMM/TFDU_VFIR_Client_Array/TFDU_VFIR_Client.srcs/sources_1/bd/design_shiboqi/ip/design_shiboqi_axis_dwidth_converter_1_0/design_shiboqi_axis_dwidth_converter_1_0.xci,67aea24a4f1f7df449d905760ff6759f3ced2ce12a07b8d2882898d1b7c20768,13579,
C:\Users\user\Documents\RF_COMM\TFDU_VFIR_Client_Array\TFDU_VFIR_Client.srcs\sources_1\bd\design_shiboqi\ip\design_shiboqi_axi_dma_0_0\design_shiboqi_axi_dma_0_0.xci,legacy/RF_COMM/TFDU_VFIR_Client_Array/TFDU_VFIR_Client.srcs/sources_1/bd/design_shiboqi/ip/design_shiboqi_axi_dma_0_0/design_shiboqi_axi_dma_0_0.xci,b2d4453419852f7af2e74da1052b8df5f7644acef6160e8742c19943e5ed10b6,95233,
C:\Users\user\Documents\RF_COMM\TFDU_VFIR_Client_Array\TFDU_VFIR_Client.srcs\sources_1\bd\design_shiboqi\ip\design_shiboqi_axi_mem_intercon_0\design_shiboqi_axi_mem_intercon_0.xci,legacy/RF_COMM/TFDU_VFIR_Client_Array/TFDU_VFIR_Client.srcs/sources_1/bd/design_shiboqi/ip/design_shiboqi_axi_mem_intercon_0/design_shiboqi_axi_mem_intercon_0.xci,aa0f6d28eab4fac631d3afe18a5f9ece6939f3d482d4537c6e7ea2e4d1798e76,35130,
C:\Users\user\Documents\RF_COMM\TFDU_VFIR_Client_Array\TFDU_VFIR_Client.srcs\sources_1\bd\design_shiboqi\ip\design_shiboqi_clk_wiz_0_0\design_shiboqi_clk_wiz_0_0.xci,legacy/RF_COMM/TFDU_VFIR_Client_Array/TFDU_VFIR_Client.srcs/sources_1/bd/design_shiboqi/ip/design_shiboqi_clk_wiz_0_0/design_shiboqi_clk_wiz_0_0.xci,e544b6dbbf49a635501de3ab623c73cd11e57a95ff67fa2f99dcaca9b72241d9,69589,
C:\Users\user\Documents\RF_COMM\TFDU_VFIR_Client_Array\TFDU_VFIR_Client.srcs\sources_1\bd\design_shiboqi\ip\design_shiboqi_ila_2lane_phy_0\design_shiboqi_ila_2lane_phy_0.xci,legacy/RF_COMM/TFDU_VFIR_Client_Array/TFDU_VFIR_Client.srcs/sources_1/bd/design_shiboqi/ip/design_shiboqi_ila_2lane_phy_0/design_shiboqi_ila_2lane_phy_0.xci,73a276a4e45074c9ec0eb894faf533395a0206a7f3fee96185c45407f36db9b5,693093,
C:\Users\user\Documents\RF_COMM\TFDU_VFIR_Client_Array\TFDU_VFIR_Client.srcs\sources_1\bd\design_shiboqi\ip\design_shiboqi_ila_2lane_phy_0_1\design_shiboqi_ila_2lane_phy_0.xci,legacy/RF_COMM/TFDU_VFIR_Client_Array/TFDU_VFIR_Client.srcs/sources_1/bd/design_shiboqi/ip/design_shiboqi_ila_2lane_phy_0_1/design_shiboqi_ila_2lane_phy_0.xci,67fcd1ad302b25933b551de890e509c5ee592c5d815f52d0658973112db5009f,693097,
C:\Users\user\Documents\RF_COMM\TFDU_VFIR_Client_Array\TFDU_VFIR_Client.srcs\sources_1\bd\design_shiboqi\ip\design_shiboqi_ila_2lane_phy_0_2\design_shiboqi_ila_2lane_phy_0.xci,legacy/RF_COMM/TFDU_VFIR_Client_Array/TFDU_VFIR_Client.srcs/sources_1/bd/design_shiboqi/ip/design_shiboqi_ila_2lane_phy_0_2/design_shiboqi_ila_2lane_phy_0.xci,b24a904c1a14c704fa465a4e175636962547410942014d864ec8493b6a0f727c,693097,
C:\Users\user\Documents\RF_COMM\TFDU_VFIR_Client_Array\TFDU_VFIR_Client.srcs\sources_1\bd\design_shiboqi\ip\design_shiboqi_ir_array_top_axi_0_0\design_shiboqi_ir_array_top_axi_0_0.xci,legacy/RF_COMM/TFDU_VFIR_Client_Array/TFDU_VFIR_Client.srcs/sources_1/bd/design_shiboqi/ip/design_shiboqi_ir_array_top_axi_0_0/design_shiboqi_ir_array_top_axi_0_0.xci,cceb312d40ae84c1ae0a31cde35dc0347516f48f751a4c368cdcdbc7c73e356e,28505,
C:\Users\user\Documents\RF_COMM\TFDU_VFIR_Client_Array\TFDU_VFIR_Client.srcs\sources_1\bd\design_shiboqi\ip\design_shiboqi_ir_loopback_b0_1\design_shiboqi_ir_loopback_b0_1.xci,legacy/RF_COMM/TFDU_VFIR_Client_Array/TFDU_VFIR_Client.srcs/sources_1/bd/design_shiboqi/ip/design_shiboqi_ir_loopback_b0_1/design_shiboqi_ir_loopback_b0_1.xci,6426b17a6d8d373e8f902bbd41cf9d80ea7c5e481457ee8657384bacc7cebddc,9092,
C:\Users\user\Documents\RF_COMM\TFDU_VFIR_Client_Array\TFDU_VFIR_Client.srcs\sources_1\bd\design_shiboqi\ip\design_shiboqi_ir_loopback_b0_2\design_shiboqi_ir_loopback_b0_2.xci,legacy/RF_COMM/TFDU_VFIR_Client_Array/TFDU_VFIR_Client.srcs/sources_1/bd/design_shiboqi/ip/design_shiboqi_ir_loopback_b0_2/design_shiboqi_ir_loopback_b0_2.xci,1d960d6ae4cf99d1f3836f22fc2f70c5bced29a43b03b16d21f89fefc73d80e4,9346,
C:\Users\user\Documents\RF_COMM\TFDU_VFIR_Client_Array\TFDU_VFIR_Client.srcs\sources_1\bd\design_shiboqi\ip\design_shiboqi_ir_loopback_b0_21\design_shiboqi_ir_loopback_b0_21.xci,legacy/RF_COMM/TFDU_VFIR_Client_Array/TFDU_VFIR_Client.srcs/sources_1/bd/design_shiboqi/ip/design_shiboqi_ir_loopback_b0_21/design_shiboqi_ir_loopback_b0_21.xci,0982d7245f202e84b8c824fbb6746cbd4b722857a67b4fa682a7b13b27125579,9350,
C:\Users\user\Documents\RF_COMM\TFDU_VFIR_Client_Array\TFDU_VFIR_Client.srcs\sources_1\bd\design_shiboqi\ip\design_shiboqi_ir_loopback_b0_26\design_shiboqi_ir_loopback_b0_26.xci,legacy/RF_COMM/TFDU_VFIR_Client_Array/TFDU_VFIR_Client.srcs/sources_1/bd/design_shiboqi/ip/design_shiboqi_ir_loopback_b0_26/design_shiboqi_ir_loopback_b0_26.xci,43df1fbf32fcc8328d088f63b2f492a914cb13fc90887616925fe1de1fb6d0b0,9096,
C:\Users\user\Documents\RF_COMM\TFDU_VFIR_Client_Array\TFDU_VFIR_Client.srcs\sources_1\bd\design_shiboqi\ip\design_shiboqi_ir_loopback_b0_2_1\design_shiboqi_ir_loopback_b0_2.xci,legacy/RF_COMM/TFDU_VFIR_Client_Array/TFDU_VFIR_Client.srcs/sources_1/bd/design_shiboqi/ip/design_shiboqi_ir_loopback_b0_2_1/design_shiboqi_ir_loopback_b0_2.xci,a2cf75ff48c4147ad1023248bca4fe2b68929131808affffe525d11f781705ba,9350,
C:\Users\user\Documents\RF_COMM\TFDU_VFIR_Client_Array\TFDU_VFIR_Client.srcs\sources_1\bd\design_shiboqi\ip\design_shiboqi_ir_loopback_b0_7\design_shiboqi_ir_loopback_b0_7.xci,legacy/RF_COMM/TFDU_VFIR_Client_Array/TFDU_VFIR_Client.srcs/sources_1/bd/design_shiboqi/ip/design_shiboqi_ir_loopback_b0_7/design_shiboqi_ir_loopback_b0_7.xci,261cd662e473a4925ca3d2dd172ab0b5ce2e3091eccf4f06dc3182cf2aaab76f,9346,
C:\Users\user\Documents\RF_COMM\TFDU_VFIR_Client_Array\TFDU_VFIR_Client.srcs\sources_1\bd\design_shiboqi\ip\design_shiboqi_processing_system7_0_0\design_shiboqi_processing_system7_0_0.xci,legacy/RF_COMM/TFDU_VFIR_Client_Array/TFDU_VFIR_Client.srcs/sources_1/bd/design_shiboqi/ip/design_shiboqi_processing_system7_0_0/design_shiboqi_processing_system7_0_0.xci,b83e025ff4287c4b39db9723665de3c07fb990f1134fb5185cd14b29170fa7c1,169363,
C:\Users\user\Documents\RF_COMM\TFDU_VFIR_Client_Array\TFDU_VFIR_Client.srcs\sources_1\bd\design_shiboqi\ip\design_shiboqi_proc_sys_reset_0_0\design_shiboqi_proc_sys_reset_0_0.xci,legacy/RF_COMM/TFDU_VFIR_Client_Array/TFDU_VFIR_Client.srcs/sources_1/bd/design_shiboqi/ip/design_shiboqi_proc_sys_reset_0_0/design_shiboqi_proc_sys_reset_0_0.xci,9758492951a739a65d27c95a21bc7b6b5bf64ed6c9e7678a18d775ead6c935c4,12301,
C:\Users\user\Documents\RF_COMM\TFDU_VFIR_Client_Array\TFDU_VFIR_Client.srcs\sources_1\bd\design_shiboqi\ip\design_shiboqi_proc_sys_reset_1_0\design_shiboqi_proc_sys_reset_1_0.xci,legacy/RF_COMM/TFDU_VFIR_Client_Array/TFDU_VFIR_Client.srcs/sources_1/bd/design_shiboqi/ip/design_shiboqi_proc_sys_reset_1_0/design_shiboqi_proc_sys_reset_1_0.xci,3e3600d54db19c3f7800294650c5b64a1d2716de16a50c4072c54ed2a3739d22,12291,
C:\Users\user\Documents\RF_COMM\TFDU_VFIR_Client_Array\TFDU_VFIR_Client.srcs\sources_1\bd\design_shiboqi\ip\design_shiboqi_ps7_0_axi_periph_0\design_shiboqi_ps7_0_axi_periph_0.xci,legacy/RF_COMM/TFDU_VFIR_Client_Array/TFDU_VFIR_Client.srcs/sources_1/bd/design_shiboqi/ip/design_shiboqi_ps7_0_axi_periph_0/design_shiboqi_ps7_0_axi_periph_0.xci,0afecf7cd0f2748fc2ee377e23610bd97a1ba95c8114ffc80803284a2d116f37,35109,
C:\Users\user\Documents\RF_COMM\TFDU_VFIR_Client_Array\TFDU_VFIR_Client.srcs\sources_1\bd\design_shiboqi\ip\design_shiboqi_rst_ps7_0_100M_0\design_shiboqi_rst_ps7_0_100M_0.xci,legacy/RF_COMM/TFDU_VFIR_Client_Array/TFDU_VFIR_Client.srcs/sources_1/bd/design_shiboqi/ip/design_shiboqi_rst_ps7_0_100M_0/design_shiboqi_rst_ps7_0_100M_0.xci,1435e302ddea3d6e961eccbae4c5e54f7b5131d2a3aaaabba0b3aebcac76a04c,12281,
C:\Users\user\Documents\RF_COMM\TFDU_VFIR_Client_Array\TFDU_VFIR_Client.srcs\sources_1\bd\design_shiboqi\ip\design_shiboqi_xbar_0\design_shiboqi_xbar_0.xci,legacy/RF_COMM/TFDU_VFIR_Client_Array/TFDU_VFIR_Client.srcs/sources_1/bd/design_shiboqi/ip/design_shiboqi_xbar_0/design_shiboqi_xbar_0.xci,fa0337c273c0f4084ce33d43e3db0efcdfb476b6a69292b04f4dfd0556010428,229420,
C:\Users\user\Documents\RF_COMM\TFDU_VFIR_Client_Array\TFDU_VFIR_Client.srcs\sources_1\bd\design_shiboqi\ip\design_shiboqi_xbar_1\design_shiboqi_xbar_1.xci,legacy/RF_COMM/TFDU_VFIR_Client_Array/TFDU_VFIR_Client.srcs/sources_1/bd/design_shiboqi/ip/design_shiboqi_xbar_1/design_shiboqi_xbar_1.xci,6b0147ac60d77b6d5b4dfe0a7817445205a8d358f192614f3f6b9d9a775711b0,228513,
C:\Users\user\Documents\RF_COMM\TFDU_VFIR_Client_Array\TFDU_VFIR_Client.srcs\sources_1\bd\design_shiboqi\ip\design_shiboqi_xlconcat_0_0\design_shiboqi_xlconcat_0_0.xci,legacy/RF_COMM/TFDU_VFIR_Client_Array/TFDU_VFIR_Client.srcs/sources_1/bd/design_shiboqi/ip/design_shiboqi_xlconcat_0_0/design_shiboqi_xlconcat_0_0.xci,c705d1383978378b1d0df05617885eceebc431ffde17e0c9270ea249b13a2076,33757,
C:\Users\user\Documents\RF_COMM\TFDU_VFIR_Client_Array\TFDU_VFIR_Client.srcs\constrs_1\new\async_clock_groups_impl.xdc,legacy/RF_COMM/TFDU_VFIR_Client_Array/TFDU_VFIR_Client.srcs/constrs_1/new/async_clock_groups_impl.xdc,95d9dbec2935a85bc344800bd3ec0ca047b16e38a414709b7ca63efe2c351853,380,
C:\Users\user\Documents\RF_COMM\TFDU_VFIR_Client_Array\TFDU_VFIR_Client.srcs\constrs_1\new\PORT1.xdc,legacy/RF_COMM/TFDU_VFIR_Client_Array/TFDU_VFIR_Client.srcs/constrs_1/new/PORT1.xdc,13b233937908a2df171ae6dd7d97dfc1fa342c01a76434dcb4ec4edf1bfad98c,2605,
C:\Users\user\Documents\RF_COMM\TFDU_VFIR_Client_Array\TFDU_VFIR_Client.srcs\constrs_1\new\target_ir_array_8lane_a_only_candidate.xdc,legacy/RF_COMM/TFDU_VFIR_Client_Array/TFDU_VFIR_Client.srcs/constrs_1/new/target_ir_array_8lane_a_only_candidate.xdc,21ccc98fb771e9e31cfa69eacb8549d304b8283755945df1d04af3c43267c348,7045,
C:\Users\user\Documents\RF_COMM\TFDU_VFIR_Client_Array\TFDU_VFIR_Client.srcs\constrs_1\new\target_ir_array_8lane_candidate.xdc,legacy/RF_COMM/TFDU_VFIR_Client_Array/TFDU_VFIR_Client.srcs/constrs_1/new/target_ir_array_8lane_candidate.xdc,210f70923853f76d8cb15c657f93627de6415e7b563b88367e21a6931cd2bcad,12228,
C:\Users\user\Documents\RF_COMM\TFDU_VFIR_Client_Array\TFDU_VFIR_Client.srcs\constrs_1\new\target_ir_array_draft.xdc,legacy/RF_COMM/TFDU_VFIR_Client_Array/TFDU_VFIR_Client.srcs/constrs_1/new/target_ir_array_draft.xdc,18cecec67579bcf0ed2c036463dd9ccfb04dc82116136c01107659ce78f0996f,5796,
C:\Users\user\Documents\RF_COMM\tools\active_2lane_route_methodology.tcl,legacy/RF_COMM/tools/active_2lane_route_methodology.tcl,764c5c39ba9a205d1bc1697a144c19112c9c83979cd9424c53cadd5705c5230f,6690,
C:\Users\user\Documents\RF_COMM\tools\add_2lane_phy_ila.tcl,legacy/RF_COMM/tools/add_2lane_phy_ila.tcl,d17b8ffc34cf902fa9517a7208b5a6bdde2070657cb933b1426e4f2c8fd1f1c2,4621,
C:\Users\user\Documents\RF_COMM\tools\add_lane0_phy_ila.tcl,legacy/RF_COMM/tools/add_lane0_phy_ila.tcl,6fe09504da14ff255f7203a82afff7342ede42f7e4082d19f1b92cbeb7756593,3194,
C:\Users\user\Documents\RF_COMM\tools\analyze_2lane_ila_csv.py,legacy/RF_COMM/tools/analyze_2lane_ila_csv.py,28592bf4f2c6cf439695901c82a70fdcfc428108fe9bba2bfcd3e7d21a5a2087,23056,
C:\Users\user\Documents\RF_COMM\tools\analyze_control_sets_release_blocker.py,legacy/RF_COMM/tools/analyze_control_sets_release_blocker.py,3f731850b6cb240ccb30336f8810468ec9623fdd9cea0033b21a7de7dceaf8f0,18918,
C:\Users\user\Documents\RF_COMM\tools\analyze_jtag_blocker.py,legacy/RF_COMM/tools/analyze_jtag_blocker.py,5b346a5b250a3b5d347242531979eab48c165222c584e058301e33044fc1663f,12034,
C:\Users\user\Documents\RF_COMM\tools\analyze_release_control_set_hotspots.py,legacy/RF_COMM/tools/analyze_release_control_set_hotspots.py,ca2bf68b5e0bfeb0e6bc63990c91e617c8ec09ab3adecb9a882baf0252a6b9cd,17457,
C:\Users\user\Documents\RF_COMM\tools\analyze_release_personality_dcp_report.py,legacy/RF_COMM/tools/analyze_release_personality_dcp_report.py,f59ffb4cbb239e6d8794c789bb9b672e1308d62a749cfb237a7be9def8a29a8d,16553,
C:\Users\user\Documents\RF_COMM\tools\apply_n03_static_direct_network_admin.ps1,legacy/RF_COMM/tools/apply_n03_static_direct_network_admin.ps1,ec0b3405199096ad9f6dab41d3804192a4718e242c6e260d517d3c82d5892687,3319,
C:\Users\user\Documents\RF_COMM\tools\audit_boot_artifacts.py,legacy/RF_COMM/tools/audit_boot_artifacts.py,b2b790984d9e9085e912765fd7c05957ca4249b0665403c6736bd6253ce73675,9302,
C:\Users\user\Documents\RF_COMM\tools\audit_drc_triage.py,legacy/RF_COMM/tools/audit_drc_triage.py,e87ce74ca0da30740dcd0c12f8e230b2dbbb87a8f9680b1ccfb1047999a1fb3f,12590,
C:\Users\user\Documents\RF_COMM\tools\audit_full_target.py,legacy/RF_COMM/tools/audit_full_target.py,578b783b7e1efbf057d9c40da5687abd03b06d9670f6583a8c687f55471aad14,187864,
C:\Users\user\Documents\RF_COMM\tools\audit_g0_g1_targets.py,legacy/RF_COMM/tools/audit_g0_g1_targets.py,1602fce86daa45eaf8d6e3817213086eb96bfa25e3a90c9984e7b7d476e5094d,38675,
C:\Users\user\Documents\RF_COMM\tools\audit_n03_network_first_readiness.py,legacy/RF_COMM/tools/audit_n03_network_first_readiness.py,8ed7fccaddcf01a983ec21f850a4c177493c61750e3820cbbd68c761c0c22295,19036,
C:\Users\user\Documents\RF_COMM\tools\audit_plan_completion.py,legacy/RF_COMM/tools/audit_plan_completion.py,2ce19231503fae3fceeb8ac2a9cf022f66a61726008c50a419af555d95095a9a,30740,
C:\Users\user\Documents\RF_COMM\tools\audit_plan_items.py,legacy/RF_COMM/tools/audit_plan_items.py,7c6c76630292fa8d501832984de85cb846a9381732dc429973e9948dfa68fa50,26953,
C:\Users\user\Documents\RF_COMM\tools\build_2lane_physical_failure_snapshot.py,legacy/RF_COMM/tools/build_2lane_physical_failure_snapshot.py,15eea913e2a309d733b74f580a3ce66f4b32c4baa0d5ff084666f4411e8ae7f2,19573,
C:\Users\user\Documents\RF_COMM\tools\build_8lane_a_only_candidate_xdc.py,legacy/RF_COMM/tools/build_8lane_a_only_candidate_xdc.py,3442823b11e0c7ed3e6ff878fd45ff2182e4952d26d77cb73f9ecc5c339d99f6,7912,
C:\Users\user\Documents\RF_COMM\tools\build_8lane_candidate_hw_bitstream.tcl,legacy/RF_COMM/tools/build_8lane_candidate_hw_bitstream.tcl,4a44e1d0d8ed19fcc7e4c7bcd741b7278ee37ca1070c0e2f9cee1fac821cfebd,8926,
C:\Users\user\Documents\RF_COMM\tools\build_8lane_candidate_pinmap.py,legacy/RF_COMM/tools/build_8lane_candidate_pinmap.py,7a9e8dc69a5c53df80925c8d991e3a0ea658444cc2ca733af4d22cb857e71514,14069,
C:\Users\user\Documents\RF_COMM\tools\build_8lane_candidate_project_bitstream.tcl,legacy/RF_COMM/tools/build_8lane_candidate_project_bitstream.tcl,b9cac53232c77197d334b2f9eb155399e820e96aa90851b4f208fb21c2f38c92,5989,
C:\Users\user\Documents\RF_COMM\tools\build_8lane_external_project_bitstream.tcl,legacy/RF_COMM/tools/build_8lane_external_project_bitstream.tcl,b5009d5def7b400f4a98cb00bc5f4876faf61f3d821ba31580a42d1c043ef67b,8293,
C:\Users\user\Documents\RF_COMM\tools\build_8lane_shutdown_candidate.py,legacy/RF_COMM/tools/build_8lane_shutdown_candidate.py,ca0f247ec16ac635d79249f9cd8d22080269b067ed9815c902917dbc62a5103f,11219,
C:\Users\user\Documents\RF_COMM\tools\build_boot_image.ps1,legacy/RF_COMM/tools/build_boot_image.ps1,9f5410017eb33bc7ab89b22c889295a32e200ca5886b03954ffcaabd1712b4c7,4265,
C:\Users\user\Documents\RF_COMM\tools\build_constrained_2lane_static_baseline.py,legacy/RF_COMM/tools/build_constrained_2lane_static_baseline.py,7640898c997bf325a2de6dfa01ab1378392a6100defc81263a7df55b45cd64be,34265,
C:\Users\user\Documents\RF_COMM\tools\build_constrained_target_evidence_files.py,legacy/RF_COMM/tools/build_constrained_target_evidence_files.py,aec140f8bd49955b0209f66f0219c07efc6d02f1ede8c004d7a3373f4808635c,43790,
C:\Users\user\Documents\RF_COMM\tools\build_current_bitstream.tcl,legacy/RF_COMM/tools/build_current_bitstream.tcl,2db3a1484ff6a96d1624ce8bc0860294c322eed25813ada6039e8264d6e1b935,5486,
C:\Users\user\Documents\RF_COMM\tools\build_direct_bitstream.tcl,legacy/RF_COMM/tools/build_direct_bitstream.tcl,8db3603d82ab22913a587169a607ec0805f4dbba3101767a97ebbf6566050e37,4739,
C:\Users\user\Documents\RF_COMM\tools\build_drc_release_action_map.py,legacy/RF_COMM/tools/build_drc_release_action_map.py,1fd5970d4533a648939a3a1e48b4e1c01888297fa5f8b848d762531eed3bf4ca,36224,
C:\Users\user\Documents\RF_COMM\tools\build_external_lane_scan_xdcs.py,legacy/RF_COMM/tools/build_external_lane_scan_xdcs.py,d585459ec8d9bfd404221d905846dc767edf21343bb3ae153698a87865843a6b,5774,
C:\Users\user\Documents\RF_COMM\tools\build_external_reduced_2lane_route.tcl,legacy/RF_COMM/tools/build_external_reduced_2lane_route.tcl,40b7b85718a99c6d1dfbe23b1c86e5422e144d297fd9ce2904756a3fc6f8e307,18184,
C:\Users\user\Documents\RF_COMM\tools\build_external_reduced_4lane_bringup_plan.py,legacy/RF_COMM/tools/build_external_reduced_4lane_bringup_plan.py,6d27d6c5079446d17984b508763b0c0de7c1b5694c025013dec598856a4bb60c,15051,
C:\Users\user\Documents\RF_COMM\tools\build_g0_lane0_artifacts.ps1,legacy/RF_COMM/tools/build_g0_lane0_artifacts.ps1,4ed29a728f3992bbd769035385cce2b5ff2ed4a5fd866cd0ba1178c4cff61baf,17239,
C:\Users\user\Documents\RF_COMM\tools\build_g1_lane0_smoke_artifacts.ps1,legacy/RF_COMM/tools/build_g1_lane0_smoke_artifacts.ps1,da09a28e4a7d2b7d94277d75d261e36d18c91a22ffa3aaad988371b9834f9708,6017,
C:\Users\user\Documents\RF_COMM\tools\build_lane1_periodic_tx_artifacts.ps1,legacy/RF_COMM/tools/build_lane1_periodic_tx_artifacts.ps1,7f11994792d1061784f38ba12991550403cf8f281eaf6bb2a1cf2ffc1e5d809a,21636,
C:\Users\user\Documents\RF_COMM\tools\build_main_project.tcl,legacy/RF_COMM/tools/build_main_project.tcl,956c09e7005c1095187bf2d610996b5931643457d04957ccef40e0ea537c167b,1320,
C:\Users\user\Documents\RF_COMM\tools\build_n03_network_first_package.py,legacy/RF_COMM/tools/build_n03_network_first_package.py,eb2770eaeaeb74114b6b608114f690619822b92a6f11ef83be832b521c7cece6,55122,
C:\Users\user\Documents\RF_COMM\tools\build_no_ethernet_network_boundary_evidence.py,legacy/RF_COMM/tools/build_no_ethernet_network_boundary_evidence.py,30f8248784a337054f1c47b3c18ddbbbd51ed2b3b542a8e6e95e6bccf5a396f7,15553,
C:\Users\user\Documents\RF_COMM\tools\build_p0_ack_only_artifacts.ps1,legacy/RF_COMM/tools/build_p0_ack_only_artifacts.ps1,daf5bb3a7dfc45e847a9e4321ded281a3238769553e39edfae3dba427243ed1e,13308,
C:\Users\user\Documents\RF_COMM\tools\build_p1_2lane_ila_baseline_manifest.py,legacy/RF_COMM/tools/build_p1_2lane_ila_baseline_manifest.py,7a487c89a1bf0bbf5fd4c510dfea8abe56172d5e3107c452b969b9d2084e210e,22286,
C:\Users\user\Documents\RF_COMM\tools\build_p2_constrained_operational_artifacts.py,legacy/RF_COMM/tools/build_p2_constrained_operational_artifacts.py,1aae0dcf41a6e1dbd2a5802fece748cbf8ca34e2206919e163e3a5539471a1f2,51974,
C:\Users\user\Documents\RF_COMM\tools\build_p2_pspl_data_exchange_reports.py,legacy/RF_COMM/tools/build_p2_pspl_data_exchange_reports.py,7f07659027630f14894759e6ebe606a05d69670d5a23e7dff7febc495271ecfc,24053,
C:\Users\user\Documents\RF_COMM\tools\build_p2_uart_operator_elf.ps1,legacy/RF_COMM/tools/build_p2_uart_operator_elf.ps1,80ee5feb945844d5f5ba1d79c4255a6249472364cfd774a4dfcd90281f9bf44b,4838,
C:\Users\user\Documents\RF_COMM\tools\build_p3a_p3b_recovery_reports.py,legacy/RF_COMM/tools/build_p3a_p3b_recovery_reports.py,ca45b99700aaf55391ca55000757f41165af03a820f0ee611a4f544ae6bbf39f,22070,
C:\Users\user\Documents\RF_COMM\tools\build_p3_constrained_pspl_hardening_reports.py,legacy/RF_COMM/tools/build_p3_constrained_pspl_hardening_reports.py,fbb91bbefd61c1ba2613cd0cf7998d944c293abb8aa3635e44dc532c8672271f,35719,
C:\Users\user\Documents\RF_COMM\tools\build_p4_constrained_execution_reports.py,legacy/RF_COMM/tools/build_p4_constrained_execution_reports.py,1b6955f3d213f1d4f5d6596f1c1f61e4d51eef9d70f3363fb14c24d4929b3f6b,40050,
C:\Users\user\Documents\RF_COMM\tools\build_p4_profile.ps1,legacy/RF_COMM/tools/build_p4_profile.ps1,88377e41ea92f162fc9f43cee290ff08fbcb9adc208cafbc15ccfbe858a08008,8741,
C:\Users\user\Documents\RF_COMM\tools\build_p7_2_raw_matrix_deliverables.py,legacy/RF_COMM/tools/build_p7_2_raw_matrix_deliverables.py,ace6ff85307e54bb9e6e7faedbf0e4ec44370aac24906a37acfc296f4d8f8710,23869,
C:\Users\user\Documents\RF_COMM\tools\build_pin_static_diag.tcl,legacy/RF_COMM/tools/build_pin_static_diag.tcl,d0055d11e849192d562b5ded4f07fd790c7b9809d44947162a732c0a3f926de1,744,
C:\Users\user\Documents\RF_COMM\tools\build_psps_rx_only_elf.ps1,legacy/RF_COMM/tools/build_psps_rx_only_elf.ps1,5f1842de26365c060c9e3adb05152d51c4632f1b091947a9d38105652a0b95b3,6006,
C:\Users\user\Documents\RF_COMM\tools\build_psps_trigger_elf.ps1,legacy/RF_COMM/tools/build_psps_trigger_elf.ps1,c23590eb7c1ec0ebddbba4218dbb4fd1f7d63edc88e83a7b350e4f9b1bef8fd0,7720,
C:\Users\user\Documents\RF_COMM\tools\build_real_acceptance_runbook.py,legacy/RF_COMM/tools/build_real_acceptance_runbook.py,65dff0755f910dd021890b8cc034253b9efd018d8dbac138292c4eabf234883b,9247,
C:\Users\user\Documents\RF_COMM\tools\build_remaining_hardware_acceptance_plan.py,legacy/RF_COMM/tools/build_remaining_hardware_acceptance_plan.py,d5cef545f218bf0a50a55befed2aae2b218fb7ed9c3986ad197e980cf900e3af,48879,
C:\Users\user\Documents\RF_COMM\tools\build_rotating_autoroute_offline_evidence.py,legacy/RF_COMM/tools/build_rotating_autoroute_offline_evidence.py,8bcb2b92cd846beed1960cb078298d51105142b66066feb66595e25eee10c127,17080,
C:\Users\user\Documents\RF_COMM\tools\build_target_acceptance_matrix.py,legacy/RF_COMM/tools/build_target_acceptance_matrix.py,9ee79bc6b162d644b96b2ac9bfb6a5e6575b395717b072fdb68456e507a25b20,37242,
C:\Users\user\Documents\RF_COMM\tools\build_tfdu_shutdown.tcl,legacy/RF_COMM/tools/build_tfdu_shutdown.tcl,e6470bdb4b3c699560c417ecf7a204e3215e89d0fe0f20a346dcaae932a6c909,540,
C:\Users\user\Documents\RF_COMM\tools\build_tfdu_shutdown_8lane_candidate.tcl,legacy/RF_COMM/tools/build_tfdu_shutdown_8lane_candidate.tcl,fa826257ad4d4a9f0f6d7f6090957b392d5a930d19b771788f5ee6a245090eaa,1173,
C:\Users\user\Documents\RF_COMM\tools\build_topology_capacity_plan.py,legacy/RF_COMM/tools/build_topology_capacity_plan.py,2bf9726f729272110b50cbda71c957e8676e22ec204d40f98dc4e84b87f6fc52,18743,
C:\Users\user\Documents\RF_COMM\tools\capture_2lane_ila_once.tcl,legacy/RF_COMM/tools/capture_2lane_ila_once.tcl,d1dea08827c5c1887e6fac0c6da4e21425910c83cc9bc02389189bb18bdf5308,6100,
C:\Users\user\Documents\RF_COMM\tools\check_2lane_ila_analyzer_selftest.py,legacy/RF_COMM/tools/check_2lane_ila_analyzer_selftest.py,a2e52283d48450cb1e430e72146e2603b225124fb072cea9d6d8b89d724dd5fa,10756,
C:\Users\user\Documents\RF_COMM\tools\check_8lane_candidate_project_build.py,legacy/RF_COMM/tools/check_8lane_candidate_project_build.py,957d0a33371ab66ef2fa9156d09600ae893a947a461d7112b1cb8f21fffaff89,10524,
C:\Users\user\Documents\RF_COMM\tools\check_8lane_external_project_build.py,legacy/RF_COMM/tools/check_8lane_external_project_build.py,beac093dcfa01f43b0e1f57aaad427729eddd6ddfd34180b50425cb3cd667af3,11697,
C:\Users\user\Documents\RF_COMM\tools\check_8lane_hardware_readiness.py,legacy/RF_COMM/tools/check_8lane_hardware_readiness.py,ff5452342709fdefa6f7a4b85d237fde92ffd31690ebabde017be22e3c685b1d,65877,
C:\Users\user\Documents\RF_COMM\tools\check_8lane_shutdown_build.py,legacy/RF_COMM/tools/check_8lane_shutdown_build.py,bd9e490e3d65595a218ae69d93d17d4d5f5a7ba728050b3e81a90a595afb4bfa,10876,
C:\Users\user\Documents\RF_COMM\tools\check_active_artifact_stage.py,legacy/RF_COMM/tools/check_active_artifact_stage.py,5ecc7e550bdd795f91daa6593de3cc481543cd07a80517c7256e6203fb0264d2,12147,
C:\Users\user\Documents\RF_COMM\tools\check_constrained_target_evidence_files.py,legacy/RF_COMM/tools/check_constrained_target_evidence_files.py,9c41fee4c9a935ac213c6985d287321eee472984c0e588d4c0b314b1f2b54bee,8827,
C:\Users\user\Documents\RF_COMM\tools\check_drc_release_gate.py,legacy/RF_COMM/tools/check_drc_release_gate.py,e24f23abe791389cf214f954185c78fad144749147919c8eca93e978f4da5103,15601,
C:\Users\user\Documents\RF_COMM\tools\check_duration_cap_compliance.py,legacy/RF_COMM/tools/check_duration_cap_compliance.py,5a7f4e01eb683a12e68542c780e5f9e57061853c5cda634c5342f0552fc4d50a,18403,
C:\Users\user\Documents\RF_COMM\tools\check_external_lane_resource_scan.py,legacy/RF_COMM/tools/check_external_lane_resource_scan.py,db365f6fb84f5095be4de97b3288ae5b2be9a102fbed4317305e5120b51459f6,11157,
C:\Users\user\Documents\RF_COMM\tools\check_external_preconditions.py,legacy/RF_COMM/tools/check_external_preconditions.py,5c93e8d21104f7b75e6d7d4ee6c5cab803bba5d8347e6531f86b786248bd7c65,22050,
C:\Users\user\Documents\RF_COMM\tools\check_external_reduced_2lane_route.py,legacy/RF_COMM/tools/check_external_reduced_2lane_route.py,8eced46d783ec0a9789369caf6bff9f66e0785619e1a82b0628995ddb7d8e0fa,16516,
C:\Users\user\Documents\RF_COMM\tools\check_external_reduced_4lane_bitstream.py,legacy/RF_COMM/tools/check_external_reduced_4lane_bitstream.py,0e8b57f4ce985145db01ee8b25a4f7207bc9f8f0e4d1d67bf4ea47b5898340f1,12014,
C:\Users\user\Documents\RF_COMM\tools\check_external_reduced_5lane_frag32_bitstream.py,legacy/RF_COMM/tools/check_external_reduced_5lane_frag32_bitstream.py,edc6b30b3fb72a891cc008370236476e4cffc65b0cbd44ce1fcab1964d3bc2bd,12889,
C:\Users\user\Documents\RF_COMM\tools\check_external_reduced_5lane_frag32_scan.py,legacy/RF_COMM/tools/check_external_reduced_5lane_frag32_scan.py,d8aee5f5b2be0f60ffd0501edf89165ba0be7592a3a5841260c8b6d168631a0a,15222,
C:\Users\user\Documents\RF_COMM\tools\check_external_reduced_5to8_extension_scan.py,legacy/RF_COMM/tools/check_external_reduced_5to8_extension_scan.py,d918ed7ce5c082e13d17193a974a3a67918f2c1ed062e285273b667919625f93,13028,
C:\Users\user\Documents\RF_COMM\tools\check_external_reduced_8lane_frag16_bitstream.py,legacy/RF_COMM/tools/check_external_reduced_8lane_frag16_bitstream.py,8a8709be383cad92b21bec42617773a08c88a4d958fcea5a1a981f619fae0202,13537,
C:\Users\user\Documents\RF_COMM\tools\check_external_reduced_lane_resource_scan.py,legacy/RF_COMM/tools/check_external_reduced_lane_resource_scan.py,746f84d3ce82841d7c7c7ab36b8b7db0d5f43b1fa4d74b175e50a058c2601cd3,11946,
C:\Users\user\Documents\RF_COMM\tools\check_external_resource_option_scan.py,legacy/RF_COMM/tools/check_external_resource_option_scan.py,e5f54090ecacd390390af09cd9ec1706ef5770fe05a3cd1ae814bac20d081663,11233,
C:\Users\user\Documents\RF_COMM\tools\check_full_system_offline_target_envelope.py,legacy/RF_COMM/tools/check_full_system_offline_target_envelope.py,531114855dd6c1e97ab776ca891a9fd06ddf4da815f26417e490cd4cc7c67988,21765,
C:\Users\user\Documents\RF_COMM\tools\check_full_target_status_consistency.py,legacy/RF_COMM/tools/check_full_target_status_consistency.py,fcb691534f3aeec773121dd3c72f60092f4d30cbfd1d64c3decae05b560f66bd,70762,
C:\Users\user\Documents\RF_COMM\tools\check_hw_target.ps1,legacy/RF_COMM/tools/check_hw_target.ps1,60ce82f08f431880643243729be0cc1540f5995773a54f929a249bb284a9e450,3673,
C:\Users\user\Documents\RF_COMM\tools\check_hw_target.tcl,legacy/RF_COMM/tools/check_hw_target.tcl,a979efd9f9e52d5776481df2aec121c090993d02c0e4b8ea99aeacaf255e29af,2123,
C:\Users\user\Documents\RF_COMM\tools\check_n03_pc_hosted_dhcp_preflight.ps1,legacy/RF_COMM/tools/check_n03_pc_hosted_dhcp_preflight.ps1,add1d58c70a9377922418ae4563c7a7a6bc52f16873508f9a6dcdac849409a6d,17866,
C:\Users\user\Documents\RF_COMM\tools\check_physical_2lane_static_gate.py,legacy/RF_COMM/tools/check_physical_2lane_static_gate.py,8e385326a70035748d092f127b8f513c4b68fbb11937c31776737d25a3aec3cd,12862,
C:\Users\user\Documents\RF_COMM\tools\check_physical_matrix_gate.ps1,legacy/RF_COMM/tools/check_physical_matrix_gate.ps1,bf1de7e2d733941b32428bb61f7f65da5327632d1a2f6b4c881e64720d8de09f,2266,
C:\Users\user\Documents\RF_COMM\tools\check_physical_matrix_gate_selftest.py,legacy/RF_COMM/tools/check_physical_matrix_gate_selftest.py,53d4f30746917b000c7a34385dcd3dc2cd1a93695746a073512b37da41680bcb,8890,
C:\Users\user\Documents\RF_COMM\tools\check_plan_readiness.py,legacy/RF_COMM/tools/check_plan_readiness.py,f7b6b7574a6ee3e4e1a1b304fc1636d7581825c198221700b06cb247b4b28196,23284,
C:\Users\user\Documents\RF_COMM\tools\check_real_acceptance_promotion_gate.py,legacy/RF_COMM/tools/check_real_acceptance_promotion_gate.py,43de56bb69fb83ae776e8430b47b5daa5b6db7eedf4317799ada2d8f182a80eb,14174,
C:\Users\user\Documents\RF_COMM\tools\check_real_acceptance_validator_selftest.py,legacy/RF_COMM/tools/check_real_acceptance_validator_selftest.py,738cea2ffa1196428dfc685cb725cb31a1f292e71dddc887e03c0e4661f79a41,15487,
C:\Users\user\Documents\RF_COMM\tools\check_remaining_acceptance_readiness.py,legacy/RF_COMM/tools/check_remaining_acceptance_readiness.py,efe8d70406c8a93f364b1bc955b5a85ca44e69e0858930b3693e43a5f6d1e351,21749,
C:\Users\user\Documents\RF_COMM\tools\check_repeat_physical_failure_guard.py,legacy/RF_COMM/tools/check_repeat_physical_failure_guard.py,3abd67dcd8c24e69183b357b2c45c7766ace76033d9b1c90eb61a8ca7607ed12,9548,
C:\Users\user\Documents\RF_COMM\tools\check_rf_comm_code_issue_regressions.py,legacy/RF_COMM/tools/check_rf_comm_code_issue_regressions.py,aa11f54a98671a8f1551e7f9f85b7db9ea9b487a5be34854b57e83980c7acb4b,5401,
C:\Users\user\Documents\RF_COMM\tools\check_safe_wrapper_guard_contract.py,legacy/RF_COMM/tools/check_safe_wrapper_guard_contract.py,484808342c2f87adb0bececf966c6c777ababb45ee49021c1aea585b58f736ae,53534,
C:\Users\user\Documents\RF_COMM\tools\check_single_board_2lane_loopback_gate.py,legacy/RF_COMM/tools/check_single_board_2lane_loopback_gate.py,a3cf2c4c8d154f50bc4143751c77c6a6edfbcac89a8c6c3dee8e6666455680e0,6967,
C:\Users\user\Documents\RF_COMM\tools\check_target_consistency.py,legacy/RF_COMM/tools/check_target_consistency.py,3be0455f86c79340fb9b13c380b889fce506c28d0e4861136e2ca25a6c3d5003,10690,
C:\Users\user\Documents\RF_COMM\tools\classify_2lane_physical_matrix.py,legacy/RF_COMM/tools/classify_2lane_physical_matrix.py,b359d395a568c7273c15b74d5f41b17bb422d3252386a8f103ca4cd26025f322,8669,
C:\Users\user\Documents\RF_COMM\tools\configure_2lane_tfdu_ports.tcl,legacy/RF_COMM/tools/configure_2lane_tfdu_ports.tcl,f4cde220c714e759bd2270a2d237834b738b8d7ef73285442d438cacb5d8d3f5,2051,
C:\Users\user\Documents\RF_COMM\tools\configure_lane0_ab_hw_loopback.tcl,legacy/RF_COMM/tools/configure_lane0_ab_hw_loopback.tcl,f91206853240bc2358d2b5f70d08b2e2eaaa5f8879a0b78dcd2ccade13c6ced5,30812,
C:\Users\user\Documents\RF_COMM\tools\configure_lane0_ab_internal_diag.tcl,legacy/RF_COMM/tools/configure_lane0_ab_internal_diag.tcl,efc56bb55b5b19006315269f7b487449126da317fd7f3ff99eedc156a81281b4,4900,
C:\Users\user\Documents\RF_COMM\tools\decode_p0_debug.py,legacy/RF_COMM/tools/decode_p0_debug.py,7b2fb972b5b5856919e64b70329471edf08398b82d973553e150928c8e4cf510,11141,
C:\Users\user\Documents\RF_COMM\tools\diagnose_jtag_usb.ps1,legacy/RF_COMM/tools/diagnose_jtag_usb.ps1,4c0c99f9b797cd03c877c7289a8e1984d9f5a15d1521cb6bb99fcfe2ca2742fc,10034,
C:\Users\user\Documents\RF_COMM\tools\estimate_ir_array_top_axi_stream_4lane.tcl,legacy/RF_COMM/tools/estimate_ir_array_top_axi_stream_4lane.tcl,4d32a6b3971d155bed72c5b9e648e5c72ca7d235ca43c6a7ddbf59e8608bf4df,2492,
C:\Users\user\Documents\RF_COMM\tools\estimate_ir_stream_array_top_4lane.tcl,legacy/RF_COMM/tools/estimate_ir_stream_array_top_4lane.tcl,df1007383f18377b5d818b36accadb427a17541406feaaf99b4cf64ad357fe3f,1172,
C:\Users\user\Documents\RF_COMM\tools\generate_evidence_lock.py,legacy/RF_COMM/tools/generate_evidence_lock.py,1473aed41ac698c8fbb8805c074ffb8913068330ceb398b338524237c2a92ced,24230,
C:\Users\user\Documents\RF_COMM\tools\hw_check.tcl,legacy/RF_COMM/tools/hw_check.tcl,d58e41bb8db38b3a209b29c8e8d7b61bd2d73bae0bb168068f2f56bab9bd5a9f,1430,
C:\Users\user\Documents\RF_COMM\tools\hw_connect_utils.tcl,legacy/RF_COMM/tools/hw_connect_utils.tcl,4613a037ade3ad8123e9ac49d7d0109fa291b132abe509b219ad8c40f521a18b,2228,
C:\Users\user\Documents\RF_COMM\tools\list_bd_loopback_pins.tcl,legacy/RF_COMM/tools/list_bd_loopback_pins.tcl,3d4affe3a91922d4c8fe2b5142c81b757e4059c55df82492a633d297fba624c5,937,
C:\Users\user\Documents\RF_COMM\tools\list_hw_debug_cores.tcl,legacy/RF_COMM/tools/list_hw_debug_cores.tcl,1388418a699025c9973b3b9f3ea4c77c791e3c4f8c7cd6b2edd954a4a6e9247d,871,
C:\Users\user\Documents\RF_COMM\tools\model_axi_dma_writefirst_fifo_safety.py,legacy/RF_COMM/tools/model_axi_dma_writefirst_fifo_safety.py,6f28be5abe1700ab4d7b067e01ea38cc767856ea313212cc2ea8e4fb14214442,20888,
C:\Users\user\Documents\RF_COMM\tools\model_effective_payload_rate_options.py,legacy/RF_COMM/tools/model_effective_payload_rate_options.py,697753b6435c9e79f30c1c93a86f735e6773c0beaebf08737249e0f79e12e7b3,8999,
C:\Users\user\Documents\RF_COMM\tools\model_full_system_capped_soak.py,legacy/RF_COMM/tools/model_full_system_capped_soak.py,6a2a3bbfef5383ae469fc507826c3d9bd0ccc9503c6437a2712cf12a9e6bfabd,26141,
C:\Users\user\Documents\RF_COMM\tools\model_payload_gap_closure.py,legacy/RF_COMM/tools/model_payload_gap_closure.py,4bcc9ed3acea14c575eeb53dd766295cc8d46935ced530c2c99b7ac7c59c2488,13659,
C:\Users\user\Documents\RF_COMM\tools\model_rotating_dynamic_permutation_autoroute.py,legacy/RF_COMM/tools/model_rotating_dynamic_permutation_autoroute.py,b6f5c01960da8e8ec3b8c587f7c5e0b8d05b42275c242c37418c6b9091e05b1a,19462,
C:\Users\user\Documents\RF_COMM\tools\pin_static_diag.xdc,legacy/RF_COMM/tools/pin_static_diag.xdc,3409efc9dc6f2ec6c29e25c0707443f63e7b2ce97117a552857d1d0650a95dda,783,
C:\Users\user\Documents\RF_COMM\tools\pin_static_diag_top.v,legacy/RF_COMM/tools/pin_static_diag_top.v,e842f2b6762445ae7cbd63407c57bd12ff9b977bb1c18ff25910978d09e6ee9b,387,
C:\Users\user\Documents\RF_COMM\tools\probe_existing_ir_cell_upgrade.tcl,legacy/RF_COMM/tools/probe_existing_ir_cell_upgrade.tcl,e5d8c903e84c53bbb72ece87234f853082cc7023b4e1f835e2ba2b0c8e98c031,1492,
C:\Users\user\Documents\RF_COMM\tools\probe_ir_ip_params.tcl,legacy/RF_COMM/tools/probe_ir_ip_params.tcl,a837cba421e7d0c80251f4fce2acd58e27c3726724f43a83976c624f66c14e4a,1275,
C:\Users\user\Documents\RF_COMM\tools\probe_ps_uart_boot_safe.ps1,legacy/RF_COMM/tools/probe_ps_uart_boot_safe.ps1,e9fd3b76a927e6434b17a12bbb9db71f38906162e55b7eb66b35accb1d27ec42,6739,
C:\Users\user\Documents\RF_COMM\tools\program_pin_static_diag.tcl,legacy/RF_COMM/tools/program_pin_static_diag.tcl,e0c61362ec5ed58279d5e67c37f9e94e834efd70bc5e67170c8690c82f073a55,353,
C:\Users\user\Documents\RF_COMM\tools\program_tfdu_shutdown.tcl,legacy/RF_COMM/tools/program_tfdu_shutdown.tcl,3c82016d7d37b7a7605e9cda7cc14fb8332897bcdf475bc5882f98f74c81d444,595,
C:\Users\user\Documents\RF_COMM\tools\program_tfdu_shutdown_8lane_candidate.tcl,legacy/RF_COMM/tools/program_tfdu_shutdown_8lane_candidate.tcl,2dcad8cd16b243f01e12e6a4660ea4b99509d4cc9fd2f32d96fb066bd6de89dc,653,
C:\Users\user\Documents\RF_COMM\tools\prove_rate_boundary.py,legacy/RF_COMM/tools/prove_rate_boundary.py,a7612775b62dd835db96debc4e35366a160ec409bed529bca3dca19886fd607d,12583,
C:\Users\user\Documents\RF_COMM\tools\query_2lane_io_assignments.tcl,legacy/RF_COMM/tools/query_2lane_io_assignments.tcl,48cfb8a295cf2b68dbc502076054e65f4db1ee1d901bc12f8b0e0259d25680b7,1174,
C:\Users\user\Documents\RF_COMM\tools\query_ila_config.tcl,legacy/RF_COMM/tools/query_ila_config.tcl,7a897f3cf4acdbf20549edc7db88b1a126de48b6fff8e48068ec62342efbbe52,971,
C:\Users\user\Documents\RF_COMM\tools\query_ir_sources.tcl,legacy/RF_COMM/tools/query_ir_sources.tcl,e2d727e7fb4c9d62770663439b7c14a53ecab4727c0aa4da9f9b346d425b7ec1,556,
C:\Users\user\Documents\RF_COMM\tools\query_loopback_bd_pins.tcl,legacy/RF_COMM/tools/query_loopback_bd_pins.tcl,da32e658f9a6e62b9dd63913aadf692790063a00f147868b7a820a3e896914af,479,
C:\Users\user\Documents\RF_COMM\tools\query_run_status.tcl,legacy/RF_COMM/tools/query_run_status.tcl,1e9a4725560b3779a721aef9b95fa83e42b795ea66f7d38d4323bc1085294073,353,
C:\Users\user\Documents\RF_COMM\tools\query_tfdu_ports.tcl,legacy/RF_COMM/tools/query_tfdu_ports.tcl,eacf3687fb5f6b081b18417b87168f816857679674c51b4326878f6573587368,737,
C:\Users\user\Documents\RF_COMM\tools\query_vivado_impl_control_set_options.tcl,legacy/RF_COMM/tools/query_vivado_impl_control_set_options.tcl,be94355de1e382f23f78d29f3af7e11bbb8cf1aa548e2e082c3796428ebfa58a,1247,
C:\Users\user\Documents\RF_COMM\tools\query_vivado_synth_control_set_options.tcl,legacy/RF_COMM/tools/query_vivado_synth_control_set_options.tcl,0414d5917e44a90a9a41401ad62a41e12212af3a7a7442a98d1cf214366c1d0d,729,
C:\Users\user\Documents\RF_COMM\tools\recover_jtag_usb_soft.ps1,legacy/RF_COMM/tools/recover_jtag_usb_soft.ps1,169a0f1fd6071c51bfef103c4a54b1ef36262bfd4f3eafdaf2ccdb2d1d3b6e16,7710,
C:\Users\user\Documents\RF_COMM\tools\repair_jtag_drivers_admin.ps1,legacy/RF_COMM/tools/repair_jtag_drivers_admin.ps1,5feefa926d992ccef66d4e92465c5f9c5cbb7850a21c705fb82ddd2faa630024,10368,
C:\Users\user\Documents\RF_COMM\tools\report_pin_static_diag_io.tcl,legacy/RF_COMM/tools/report_pin_static_diag_io.tcl,58f916f8aad285050edaa81280b6be94070bfb5fb42459c9de63eb4e29b9f1f4,634,
C:\Users\user\Documents\RF_COMM\tools\report_release_personality_from_dcp.tcl,legacy/RF_COMM/tools/report_release_personality_from_dcp.tcl,ac4e881e22f900fa870b7723cc31296bc9eb7ecd500fb9a92b1fa8981ff87171,2105,
C:\Users\user\Documents\RF_COMM\tools\restore_p1_2lane_ila_baseline.ps1,legacy/RF_COMM/tools/restore_p1_2lane_ila_baseline.ps1,ff5126a175b76a1a1086d252f2297842abb2860ca91e1ed9449db46d84f3e45e,11954,
C:\Users\user\Documents\RF_COMM\tools\run_2lane_hw_prearmed_ila_safe.ps1,legacy/RF_COMM/tools/run_2lane_hw_prearmed_ila_safe.ps1,2764fa075b987bdc4009c6a441b5afba2ee8486c0c900626dbaa86588756de8b,25284,
C:\Users\user\Documents\RF_COMM\tools\run_2lane_matrix_safe.ps1,legacy/RF_COMM/tools/run_2lane_matrix_safe.ps1,7b3234436bb9e69fe54c1feedd93b5bd9692174228103656dbb303d99bd937ea,27698,
C:\Users\user\Documents\RF_COMM\tools\run_8lane_hardware_acceptance_safe.ps1,legacy/RF_COMM/tools/run_8lane_hardware_acceptance_safe.ps1,733b559d467aaaa4d9c608a4d0affd1b27c97de8e7ede0adef6d7f3142b0988e,28394,
C:\Users\user\Documents\RF_COMM\tools\run_active_2lane_route_methodology.ps1,legacy/RF_COMM/tools/run_active_2lane_route_methodology.ps1,94ec1a7915b76a6b4646f09649432c15c7d26ed59b175bf73185afed18b27970,3536,
C:\Users\user\Documents\RF_COMM\tools\run_external_lane_resource_scan.tcl,legacy/RF_COMM/tools/run_external_lane_resource_scan.tcl,6143704c3d72e5e38ee6b2249f510b33e2166ef0d7f11938fd0383ef2be447b9,12379,
C:\Users\user\Documents\RF_COMM\tools\run_external_reduced_2lane_route_build.ps1,legacy/RF_COMM/tools/run_external_reduced_2lane_route_build.ps1,866d53f68169f54225c69fa12073b2a81ce2b82deef2c7a3ad2428161c8c5c8a,4086,
C:\Users\user\Documents\RF_COMM\tools\run_external_reduced_4lane_route_build.ps1,legacy/RF_COMM/tools/run_external_reduced_4lane_route_build.ps1,15fb0a6c64efef71b3402fca4f6cf7809bddd870bbf14d98273e4c5201386af4,4201,
C:\Users\user\Documents\RF_COMM\tools\run_external_reduced_5lane_frag32_bitstream.ps1,legacy/RF_COMM/tools/run_external_reduced_5lane_frag32_bitstream.ps1,9d0425130cd2cc8309fb0009479ed6c7cf58f0927c33f4621498240a509513d2,4613,
C:\Users\user\Documents\RF_COMM\tools\run_external_reduced_5lane_frag32_route_build.ps1,legacy/RF_COMM/tools/run_external_reduced_5lane_frag32_route_build.ps1,92fdab01fa83e7fcaa4f958958c467d086fb865d7dfb654d537dd54832f9e5bf,4593,
C:\Users\user\Documents\RF_COMM\tools\run_external_reduced_8lane_frag16_bitstream.ps1,legacy/RF_COMM/tools/run_external_reduced_8lane_frag16_bitstream.ps1,9bcdaa8c727d96b847546502527aa494f1bbb9589b5585fd06fad09049a21739,4612,
C:\Users\user\Documents\RF_COMM\tools\run_external_reduced_8lane_frag16_route_build.ps1,legacy/RF_COMM/tools/run_external_reduced_8lane_frag16_route_build.ps1,175c69686291c0ceb08b8a66ebdeaeb7643bb98aa065ef31f3bbebe61319b4f8,5519,
C:\Users\user\Documents\RF_COMM\tools\run_external_reduced_lane_resource_scan.ps1,legacy/RF_COMM/tools/run_external_reduced_lane_resource_scan.ps1,c14c4f9121e4adde32d36c05a8ee3cf6a45382ea231bc3601af382963c965910,3993,
C:\Users\user\Documents\RF_COMM\tools\run_failed_2lane_links_safe.ps1,legacy/RF_COMM/tools/run_failed_2lane_links_safe.ps1,5827a52afc2d5ce27b1e4a117df60616182a5fbd308168a3bc6c119aed4c996d,15050,
C:\Users\user\Documents\RF_COMM\tools\run_g1_lane0_hw_smoke_safe.ps1,legacy/RF_COMM/tools/run_g1_lane0_hw_smoke_safe.ps1,e210d72f76f0ca9004ce7f0f0308a4fbaa7a3201dc82de38e8b37a06eb5af360,5998,
C:\Users\user\Documents\RF_COMM\tools\run_g1_segmented_smoke_regression_safe.ps1,legacy/RF_COMM/tools/run_g1_segmented_smoke_regression_safe.ps1,a592c38e46151a64ad3dec83d5ecd3c20432bd77ebfa006a80d658efd94aa599,13815,
C:\Users\user\Documents\RF_COMM\tools\run_jtag_driver_recovery_then_resume.ps1,legacy/RF_COMM/tools/run_jtag_driver_recovery_then_resume.ps1,04bf898c81c6d32fbb9bce69784f6ad5c59c97b2e3dbe1d7b66363d4559a4066,9874,
C:\Users\user\Documents\RF_COMM\tools\run_lane0_hw_once_safe.ps1,legacy/RF_COMM/tools/run_lane0_hw_once_safe.ps1,21658fc713779f795694def7f30a101987809d6ee8469fe59f2cf50379abe858,17566,
C:\Users\user\Documents\RF_COMM\tools\run_lane0_programming_artifact_safe.ps1,legacy/RF_COMM/tools/run_lane0_programming_artifact_safe.ps1,1d636e4a2c981ea4454ca39553c442ab0ee6a423c627ccadca8ce9d3908a194b,15130,
C:\Users\user\Documents\RF_COMM\tools\run_lane_remap_probe_safe.ps1,legacy/RF_COMM/tools/run_lane_remap_probe_safe.ps1,bf153c71118059e4ded6c703d76c5e36dd1aa32cc0476e63b9a5df86e8937c4e,31485,
C:\Users\user\Documents\RF_COMM\tools\run_md_p7_resume_safe.ps1,legacy/RF_COMM/tools/run_md_p7_resume_safe.ps1,9df7ac87ffc0d0c9c6249c9bcdc567a438aff31d68d0cd83e630d65470fe8d0e,21092,
C:\Users\user\Documents\RF_COMM\tools\run_n03_current_state_gate.ps1,legacy/RF_COMM/tools/run_n03_current_state_gate.ps1,6d76ce6d0002791f9b207625b502bca1ef25b30f2a190804db7d7a453e85ce41,13874,
C:\Users\user\Documents\RF_COMM\tools\run_n03_network_first_acceptance_safe.ps1,legacy/RF_COMM/tools/run_n03_network_first_acceptance_safe.ps1,e63b6fc483c7da0e303bb051a0664293a732c80acd77f1e4e4829d82dfe41c2b,29098,
C:\Users\user\Documents\RF_COMM\tools\run_n03_offline_payload_matrix.py,legacy/RF_COMM/tools/run_n03_offline_payload_matrix.py,020b6b5cd118c356c92b7002946a8f0e4d2d18dfa92a6f85182acb8e84a23b91,14139,
C:\Users\user\Documents\RF_COMM\tools\run_n03_offline_reconnect_matrix.py,legacy/RF_COMM/tools/run_n03_offline_reconnect_matrix.py,073c8ce0227743546ecc25096ba31ad36ec413473f9eccd6adc9378dc6f30321,11133,
C:\Users\user\Documents\RF_COMM\tools\run_no_ethernet_network_offline_acceptance.ps1,legacy/RF_COMM/tools/run_no_ethernet_network_offline_acceptance.ps1,2fcb43144e3db43b7f38198ecce44ac733e0d44656738dffea3f3653269bf2c5,20120,
C:\Users\user\Documents\RF_COMM\tools\run_p0_ack_only_safe.ps1,legacy/RF_COMM/tools/run_p0_ack_only_safe.ps1,92c1c44b9a083cbfbf7b28937ac1c81d332bb6143a3266e294ae91937b2927c6,16011,
C:\Users\user\Documents\RF_COMM\tools\run_p0_known_good_replay_safe.ps1,legacy/RF_COMM/tools/run_p0_known_good_replay_safe.ps1,3389058e7322113fb03abc3abf5032a6a0c1a5f2e5d24edae7affd0db3fa8a61,11446,
C:\Users\user\Documents\RF_COMM\tools\run_p0_rx_root_cause_safe.ps1,legacy/RF_COMM/tools/run_p0_rx_root_cause_safe.ps1,c90847458039e710353699031b38a8c2df619f5d06e03352101ece798b5f256f,7966,
C:\Users\user\Documents\RF_COMM\tools\run_p1_lane_mapping_matrix_safe.ps1,legacy/RF_COMM/tools/run_p1_lane_mapping_matrix_safe.ps1,857fc62e18dc8eb140bdf70a3e3cb0d3c05519bcf655b106d1cd46fa83802151,18602,
C:\Users\user\Documents\RF_COMM\tools\run_p2_lane0_health_debug_safe.ps1,legacy/RF_COMM/tools/run_p2_lane0_health_debug_safe.ps1,99b418b0066c6a2f3e4a32fd224169bd5ac87ed8ba838ac81e0f6ad842740081,9249,
C:\Users\user\Documents\RF_COMM\tools\run_p2_pspl_data_exchange_safe.ps1,legacy/RF_COMM/tools/run_p2_pspl_data_exchange_safe.ps1,61c4c22f43da95d8aed54bfce10297dc7ef03285b43772c1fd12b77a8fcf3c04,10729,
C:\Users\user\Documents\RF_COMM\tools\run_p2_register_status_readonly_safe.ps1,legacy/RF_COMM/tools/run_p2_register_status_readonly_safe.ps1,f34e94eedfecdac6712210f697a3c8eaad76c44b652df6397c2e91bc03d6a59a,11555,
C:\Users\user\Documents\RF_COMM\tools\run_p2_remaining_hardware_sequence_safe.ps1,legacy/RF_COMM/tools/run_p2_remaining_hardware_sequence_safe.ps1,c90b2342374fe871881042f270910660d6217de61218aa83857a43db462325f0,13892,
C:\Users\user\Documents\RF_COMM\tools\run_p2_uart_operator_control_safe.ps1,legacy/RF_COMM/tools/run_p2_uart_operator_control_safe.ps1,4931925f879bd74bd1a1cb3a7b11c693b500bfb9727dbe09ad85a41fa1cfed0c,13744,
C:\Users\user\Documents\RF_COMM\tools\run_p4a_failure_counter_smoke_safe.ps1,legacy/RF_COMM/tools/run_p4a_failure_counter_smoke_safe.ps1,33019e40b627b3b66aa72dfa35bea727d563bbc6c837a2d4f8c72567aed208b2,10624,
C:\Users\user\Documents\RF_COMM\tools\run_p4a_txack_requal_sequence_safe.ps1,legacy/RF_COMM/tools/run_p4a_txack_requal_sequence_safe.ps1,9587e156cc34083c92b267fdb54fe7a467fd3932bec4cf278462769a64bd2076,20940,
C:\Users\user\Documents\RF_COMM\tools\run_p5_rx_synth_combined_safe.ps1,legacy/RF_COMM/tools/run_p5_rx_synth_combined_safe.ps1,2dd08d3905867fca75a6cfa8e84c619468565894d4e71605d5ffea85ebc7cfe1,10099,
C:\Users\user\Documents\RF_COMM\tools\run_p6_ir_data_roundtrip_safe.ps1,legacy/RF_COMM/tools/run_p6_ir_data_roundtrip_safe.ps1,ccb302e772c1a7aea1413c0791265a5f1d86dcc658554bdf574d1fa63018c679,8758,
C:\Users\user\Documents\RF_COMM\tools\run_p7a04_tfdu_shutdown_self_echo_safe.ps1,legacy/RF_COMM/tools/run_p7a04_tfdu_shutdown_self_echo_safe.ps1,1ec3ba30031f261f352092b547b25702f36fe9fd66484c4bf052374367a5b521,19771,
C:\Users\user\Documents\RF_COMM\tools\run_p7a_rx_only_ila_safe.ps1,legacy/RF_COMM/tools/run_p7a_rx_only_ila_safe.ps1,827ad1e88756882f8aab6b9cc8c4c482b3ea289d7ce580433dd84784920bc5dc,20918,
C:\Users\user\Documents\RF_COMM\tools\run_p7_02_b2a_lane0_rxonly_focus_safe.ps1,legacy/RF_COMM/tools/run_p7_02_b2a_lane0_rxonly_focus_safe.ps1,817c2abe6525574c3864202f61d7a310dd94177900c0c73ab373fc6772bc2f7f,9463,
C:\Users\user\Documents\RF_COMM\tools\run_p7_2lane_rebuild_matrix_safe.ps1,legacy/RF_COMM/tools/run_p7_2lane_rebuild_matrix_safe.ps1,f4c58eb2d2793b686a00f1d0b7e81e2cb55cf07c651834ed574a26374288dc8d,12809,
C:\Users\user\Documents\RF_COMM\tools\run_plan_hardware_resume_safe.ps1,legacy/RF_COMM/tools/run_plan_hardware_resume_safe.ps1,64f58d7125ebdbd05b49599b02a922245e7f7a523028f387951d350e63ddce0f,8578,
C:\Users\user\Documents\RF_COMM\tools\run_post_g1_target_sim_gate.ps1,legacy/RF_COMM/tools/run_post_g1_target_sim_gate.ps1,baf1abf3e2d44956853f2ebc27bbdec476c7d8f253ec29205d02b434ea5f3af5,15938,
C:\Users\user\Documents\RF_COMM\tools\run_product_loop_acceptance_safe.ps1,legacy/RF_COMM/tools/run_product_loop_acceptance_safe.ps1,885ac56e47f8b4c70e243602edcbe9bbeaf79eb0af1afc7d8017746a27242180,22589,
C:\Users\user\Documents\RF_COMM\tools\run_project_gates.ps1,legacy/RF_COMM/tools/run_project_gates.ps1,cee2a0f27f0cff180f46bfb9521343cd8bce4572d32525cf524ead9555122af6,13121,
C:\Users\user\Documents\RF_COMM\tools\run_ps_pc_board_smoke_safe.ps1,legacy/RF_COMM/tools/run_ps_pc_board_smoke_safe.ps1,119249ae046d12359acc460c76f195f35dd04bc0688e56b4ae54c0eb56098b72,6584,
C:\Users\user\Documents\RF_COMM\tools\run_ps_pc_offline_gates.ps1,legacy/RF_COMM/tools/run_ps_pc_offline_gates.ps1,a9a46afe95ac8e603b6d70931fe5a69c4fb6d62fc510e94f0378935e2cb2136f,9277,
C:\Users\user\Documents\RF_COMM\tools\run_ps_pc_tcp_dhcp_acceptance_safe.ps1,legacy/RF_COMM/tools/run_ps_pc_tcp_dhcp_acceptance_safe.ps1,4da9c2be90f44ca07df205dbbe111ef21f8a37ef71592824215a994272c0f7c1,16133,
C:\Users\user\Documents\RF_COMM\tools\run_real_acceptance_sequence_safe.ps1,legacy/RF_COMM/tools/run_real_acceptance_sequence_safe.ps1,0ac369ddb58284c319893a1919c9d46f5526f6097e431f9024fe41ef1d56b9cb,22215,
C:\Users\user\Documents\RF_COMM\tools\run_release_personality_dcp_report.ps1,legacy/RF_COMM/tools/run_release_personality_dcp_report.ps1,6dbef1fcb8dc6e58fee0b2f22e554b958be279d7952f864e55d03fa02b618305,4516,
C:\Users\user\Documents\RF_COMM\tools\run_rotating_shaft_acceptance_safe.ps1,legacy/RF_COMM/tools/run_rotating_shaft_acceptance_safe.ps1,5ffd6ff73e9159aca226a1b30480aac850e13e1cc52d29e8e2b7400150dbc3f9,24259,
C:\Users\user\Documents\RF_COMM\tools\run_simulation_gates.ps1,legacy/RF_COMM/tools/run_simulation_gates.ps1,28bcd83e713c30e3e4295fed51ba1a07747d9ef806c80d2ead0a5325932ec46e,3999,
C:\Users\user\Documents\RF_COMM\tools\run_single_board_2lane_loopback_acceptance.ps1,legacy/RF_COMM/tools/run_single_board_2lane_loopback_acceptance.ps1,bd5fcc43385e257141fb2c290bac458a58d5421c38dbccc332596a66c42b1f59,27028,
C:\Users\user\Documents\RF_COMM\tools\run_two_ax7010_end_to_end_acceptance_safe.ps1,legacy/RF_COMM/tools/run_two_ax7010_end_to_end_acceptance_safe.ps1,3b9a0d82932839643381d1b478859f0d7ecb505c75b3bf8a6254b11174b22560,26817,
C:\Users\user\Documents\RF_COMM\tools\setup_n03_static_direct_network_safe.ps1,legacy/RF_COMM/tools/setup_n03_static_direct_network_safe.ps1,bc28331470a6ba85a5de10f22745daf4e0f22e3181fb02720b981554a510c670,16555,
C:\Users\user\Documents\RF_COMM\tools\synth_current_project.tcl,legacy/RF_COMM/tools/synth_current_project.tcl,7bedb9f441bcaabbaf6e722e0c1fc76974821396f65332f781a8c8e66e1174ea,1908,
C:\Users\user\Documents\RF_COMM\tools\tfdu_shutdown_8lane_candidate.xdc,legacy/RF_COMM/tools/tfdu_shutdown_8lane_candidate.xdc,c10d3d28a84bf4087d29aa0d73b768e34b7db216838db9d56527cb3239816dea,14717,
C:\Users\user\Documents\RF_COMM\tools\tfdu_shutdown_8lane_candidate_top.v,legacy/RF_COMM/tools/tfdu_shutdown_8lane_candidate_top.v,cc5f9c52d4e0a60578fe4f43360d97e11d2d7c7a6f96c1522bad3dfbf99db1f9,580,
C:\Users\user\Documents\RF_COMM\tools\tfdu_shutdown_j10_j11.xdc,legacy/RF_COMM/tools/tfdu_shutdown_j10_j11.xdc,ec2e729d2a59f3d3ce8eebf57af44f00d55737562d031efb38a20cc5e182dd3f,1988,
C:\Users\user\Documents\RF_COMM\tools\tfdu_shutdown_top.v,legacy/RF_COMM/tools/tfdu_shutdown_top.v,bfbe11ce7f69cdb3dd4af2efe81e26e6241a1976109e9a30670229209fad45c8,836,
C:\Users\user\Documents\RF_COMM\tools\uart_operator_readonly_no_tx.py,legacy/RF_COMM/tools/uart_operator_readonly_no_tx.py,cfb44523ef46734eced62ebbb373847948cebbc61c14040f4a7387d491edcc09,8392,
C:\Users\user\Documents\RF_COMM\tools\uart_operator_single_board_loopback.py,legacy/RF_COMM/tools/uart_operator_single_board_loopback.py,d2aa00413800820c213353cd08a2b81cdacc59fcb32c6c2aadb7a131405ac4a9,33321,
C:\Users\user\Documents\RF_COMM\tools\update_constrained_p1_evidence_from_latest_matrix.py,legacy/RF_COMM/tools/update_constrained_p1_evidence_from_latest_matrix.py,f516eaa55ba0f96069c92f4ced346c935d9c778d97421e532f9ff3d65bee58b6,8394,
C:\Users\user\Documents\RF_COMM\tools\update_full_target_artifact_hashes.py,legacy/RF_COMM/tools/update_full_target_artifact_hashes.py,6ee4ea54308eb913ec126ee6eb35d0b673f125f58487748f1706ab69f8f246c8,45914,
C:\Users\user\Documents\RF_COMM\tools\update_g1_artifact_hashes.ps1,legacy/RF_COMM/tools/update_g1_artifact_hashes.ps1,1539c44f760480ba081118380b9b8784646cdb8696e129b8be5b9cc2bc652a21,8071,
C:\Users\user\Documents\RF_COMM\tools\upgrade_p2_pspl_ir_ip.tcl,legacy/RF_COMM/tools/upgrade_p2_pspl_ir_ip.tcl,bd5f63433bb3e3ce8803b2902e7d211f8d00b8c5b33348d6bcf35bf89b9348b8,1464,
C:\Users\user\Documents\RF_COMM\tools\validate_g1_lane0_smoke_build.ps1,legacy/RF_COMM/tools/validate_g1_lane0_smoke_build.ps1,55fbfbc56d839930d82eef66e4ac8c78b3c87e568b120febda5cc26c831b8eb3,11099,
C:\Users\user\Documents\RF_COMM\tools\validate_real_acceptance_evidence.py,legacy/RF_COMM/tools/validate_real_acceptance_evidence.py,5f1dcbe3a754efccbe17fabe663da88ac8a9b32602e67abaadfb99ce7fdfd014,26561,
C:\Users\user\Documents\RF_COMM\tools\validate_rotating_fixture_log.py,legacy/RF_COMM/tools/validate_rotating_fixture_log.py,554e3e617b67a49d8caa4d3904cfc10fddef35b926a93e169ec04994df26de37,13155,
C:\Users\user\Documents\RF_COMM\tools\vivado_smoke.tcl,legacy/RF_COMM/tools/vivado_smoke.tcl,350c6c143ccd6e6ee890a0480f97d0d377e08aa465974219f5d64fb14112146b,30,
C:\Users\user\Documents\RF_COMM\tools\write_active_routed_artifacts.tcl,legacy/RF_COMM/tools/write_active_routed_artifacts.tcl,d3f525c4d815d817c7d4e7368b10497780ccd66954c32590350915096b449cf3,3341,
C:\Users\user\Documents\RF_COMM\tools\write_external_reduced_4lane_bitstream.ps1,legacy/RF_COMM/tools/write_external_reduced_4lane_bitstream.ps1,012e80a9a048833305717ab9c2741a9a323f4eafb6a6ce0ac7c1377d693305de,4387,
C:\Users\user\Documents\RF_COMM\tools\write_external_reduced_4lane_bitstream.tcl,legacy/RF_COMM/tools/write_external_reduced_4lane_bitstream.tcl,93e412cb1a71a685fe50232b79e448d12fa505731196d1f9fab08b3964cf6393,2066,
C:\Users\user\Documents\RF_COMM\tools\write_external_reduced_5lane_frag32_bitstream.tcl,legacy/RF_COMM/tools/write_external_reduced_5lane_frag32_bitstream.tcl,df9830ae801713a7a6fdb07d7cdbab64fcf2156cbf46f408b4e4fb802b37d301,2197,
C:\Users\user\Documents\RF_COMM\tools\write_external_reduced_8lane_frag16_bitstream.tcl,legacy/RF_COMM/tools/write_external_reduced_8lane_frag16_bitstream.tcl,f6e15135e8d8532995cb2a6f8bcbd8888530d56bd6c4a4169bee6d593c425025,2197,
C:\Users\user\Documents\RF_COMM\tools\write_jtag_recovery_checklist.py,legacy/RF_COMM/tools/write_jtag_recovery_checklist.py,294ddeb3ed5f695b675f388392d59a940f424ba663bfafeb0b4821626df66bae,13172,
C:\Users\user\Documents\RF_COMM\tools\write_plan_execution_snapshot.py,legacy/RF_COMM/tools/write_plan_execution_snapshot.py,a2ca11f43972e309eb9bf789e964b033881af647809638ae9ace99a869c0323b,14077,
C:\Users\user\Documents\RF_COMM\tools\write_simulation_evidence_report.ps1,legacy/RF_COMM/tools/write_simulation_evidence_report.ps1,86fcfe2eb024e1428a972c4ff6407a46d5ae7d591c6d4bef65033c754e49735f,12293,
C:\Users\user\Documents\RF_COMM\software\ps_ps_loopback\build_boot_image.ps1,software/legacy_ps_ps_loopback/build_boot_image.ps1,25ccd73e25b79903745a0a23b2e460251692191c077772ff4f4e30b957f564c4,4648,
C:\Users\user\Documents\RF_COMM\software\ps_ps_loopback\build_vitis.tcl,software/legacy_ps_ps_loopback/build_vitis.tcl,ff647d0d10cd91ceb2f220d48c95cb00b8e533d47c7f6739bfb6dc6dc8df40d2,6782,
C:\Users\user\Documents\RF_COMM\software\ps_ps_loopback\program_fpga_init_ps7.tcl,software/legacy_ps_ps_loopback/program_fpga_init_ps7.tcl,c0f310705869d2bb6aba3f1cf6968e90198a0ed6ef4e52117b0e7b5beee387b3,1821,
C:\Users\user\Documents\RF_COMM\software\ps_ps_loopback\README.md,software/legacy_ps_ps_loopback/README.md,dfc85fdccfd8ecc748255138b1366c11f01d2740eef4a380af4f90c0c8355858,2103,
C:\Users\user\Documents\RF_COMM\software\ps_ps_loopback\run_elf_only.tcl,software/legacy_ps_ps_loopback/run_elf_only.tcl,1bf5f93d0910aea4604d10256d62bffdfd801ec1b8448e901d76c2f1f2d5f7cc,1080,
C:\Users\user\Documents\RF_COMM\software\ps_ps_loopback\run_on_hw.tcl,software/legacy_ps_ps_loopback/run_on_hw.tcl,bb1b74aa106ffb04db9823bfa589e751d8fe27b6e85651275d85509f1be203a7,2207,
C:\Users\user\Documents\RF_COMM\software\ps_ps_loopback\src\main.c,software/legacy_ps_ps_loopback/src/main.c,e1a2b40df48470a98e561069d5ab7db7f4b87103fcc45e16647a9998f764edf6,76353,
C:\Users\user\Documents\RF_COMM\software\ps_lwip_bridge\build_vitis.tcl,software/legacy_ps_lwip_bridge/build_vitis.tcl,530784c3deb6657d1082ad607e8184933f18fab29720c9947cc89f539dc678be,2365,
C:\Users\user\Documents\RF_COMM\software\ps_lwip_bridge\check_ps_bridge_static.py,software/legacy_ps_lwip_bridge/check_ps_bridge_static.py,6b7121d0270e4e80cbc2ce9f573285a157263aaa71eab8d37233a33aa0736312,17724,
C:\Users\user\Documents\RF_COMM\software\ps_lwip_bridge\README.md,software/legacy_ps_lwip_bridge/README.md,319d876c3f87a6326937e5406ecd28afeab2f763fd11b5a2470bf25285985b62,14643,
C:\Users\user\Documents\RF_COMM\software\ps_lwip_bridge\run_on_hw.tcl,software/legacy_ps_lwip_bridge/run_on_hw.tcl,6604bc0736f18f8a00e9f5d4882b61ff8293c7a7cd2dbbeacd83064a70337bad,1928,
C:\Users\user\Documents\RF_COMM\software\ps_lwip_bridge\src\ir_hw.c,software/legacy_ps_lwip_bridge/src/ir_hw.c,c830a3088b6efaa2136f8039c9fc874eaa573e361b0d4894b07ed919a5c8ed96,22873,
C:\Users\user\Documents\RF_COMM\software\ps_lwip_bridge\src\ir_hw.h,software/legacy_ps_lwip_bridge/src/ir_hw.h,a282ac0129d68fbd35fa84705b60ae6338a41ea3fbccb3f1f91e368dc00cc388,8035,
C:\Users\user\Documents\RF_COMM\software\ps_lwip_bridge\src\main.c,software/legacy_ps_lwip_bridge/src/main.c,0d44475d029a46d52f13e949a20b38eaa89fb320050bb397930d26c2c54fb358,2758,
C:\Users\user\Documents\RF_COMM\software\ps_lwip_bridge\src\platform.c,software/legacy_ps_lwip_bridge/src/platform.c,eb4e8e5b41b6bf0c63dc9ab9b2b5195cbdcaecf6313bb6cde7ec17704b647fdf,231,
C:\Users\user\Documents\RF_COMM\software\ps_lwip_bridge\src\rf_protocol.h,software/legacy_ps_lwip_bridge/src/rf_protocol.h,0d3f13af4a99a4d99a46ec5184c112ded4032ee88035b7c0fa4b319660b831c0,1755,
C:\Users\user\Documents\RF_COMM\software\ps_lwip_bridge\src\tcp_bridge.c,software/legacy_ps_lwip_bridge/src/tcp_bridge.c,8e6a28a6c86fbd578fd268ba17eeb0758d074ee4549f46863468e5dd1abf6fe8,15726,
C:\Users\user\Documents\RF_COMM\software\ps_lwip_bridge\src\tcp_bridge.h,software/legacy_ps_lwip_bridge/src/tcp_bridge.h,1097556354105dd6836ea0c36d76d2b9881a655818176c8d857f7a3e6f1cc1f8,156,
C:\Users\user\Documents\RF_COMM\software\host_client\analyze_acceptance_log.py,software/legacy_host_client/analyze_acceptance_log.py,a5f3e4506eac77b49f540b0d25c353c2edd97ca9ddabdae773969532a1f53b05,8003,
C:\Users\user\Documents\RF_COMM\software\host_client\build_host_status_snapshot.py,software/legacy_host_client/build_host_status_snapshot.py,93155a1ba7dbf91a8a0f532a8c787ffedbb286cc914f1b8aa5d7c6319d713a4a,14143,
C:\Users\user\Documents\RF_COMM\software\host_client\check_protocol_contract.py,software/legacy_host_client/check_protocol_contract.py,ae0bcaada64c467429e46f7729bb87e007a260d8dc41e18879719949d6203d25,9776,
C:\Users\user\Documents\RF_COMM\software\host_client\mock_rfcm_server.py,software/legacy_host_client/mock_rfcm_server.py,96100d8b6f46da7a3c363a90bc25a0fab7bff4d4c8fbeddf0c1bb1eea4564cc4,15453,
C:\Users\user\Documents\RF_COMM\software\host_client\network_fault_recovery_model.py,software/legacy_host_client/network_fault_recovery_model.py,f5be4f5cd6ef9f53341eaa89db4e86df0f38072c24ae60a60b71f8e60a1e1f16,17358,
C:\Users\user\Documents\RF_COMM\software\host_client\rf_comm_client.py,software/legacy_host_client/rf_comm_client.py,1a8c73e3192e25c87b94c155aaa7a961c6d30bfac626c3b624e3e4101059c3ee,41497,
C:\Users\user\Documents\RF_COMM\software\host_client\run_acceptance.ps1,software/legacy_host_client/run_acceptance.ps1,ee9974e2d10ffa89b85c35acf164c1b7d4602bdf884c34a629ad63021c961642,16125,
C:\Users\user\Documents\RF_COMM\software\host_client\test_rf_comm_client.py,software/legacy_host_client/test_rf_comm_client.py,568ba680a81c3615b0d85dfd42b1f8b36b5e0c0762120a538b62b3b709edb9bd,47115,
C:\Users\user\Documents\RF_COMM\software\host_client\two_ax7010_end_to_end_model.py,software/legacy_host_client/two_ax7010_end_to_end_model.py,f7ca0eb080582fd106c42ce239782338f017f1c9f2846b2cdab4ad3da04ba346,39017,
C:\Users\user\Documents\RF_COMM\software\host_uart_operator\README.md,software/legacy_host_uart_operator/README.md,c3a81e0dcbb58b3b70ba26deecaa6cf7d800f55b04c62ca973a603b634688e75,4461,
C:\Users\user\Documents\RF_COMM\software\host_uart_operator\rf_comm_uart_operator.py,software/legacy_host_uart_operator/rf_comm_uart_operator.py,78ed13d506a9aec9a832d28f3a25cdc4fdb7c75d156c829a3bb43df00aab4f18,28416,
C:\Users\user\Documents\RF_COMM\TFDU_VFIR_Client_Array\TFDU_VFIR_Client.srcs\constrs_1\new\PORT1.xdc,constraints/legacy_conflicts/PORT1.top_active.original.xdc,13b233937908a2df171ae6dd7d97dfc1fa342c01a76434dcb4ec4edf1bfad98c,2605,
C:\Users\user\Documents\RF_COMM\IPs\ip_ir_array\src\PORT1.xdc,constraints/legacy_conflicts/PORT1.ip_legacy_conflict.original.xdc,be3b2598b95abcde95493c59f4694a09c9016fda56d6741f6f867953900888a5,2406,
C:\Users\user\Documents\RF_COMM\tools\program_tfdu_shutdown.tcl,scripts/legacy_safe_tools/program_tfdu_shutdown.tcl,3c82016d7d37b7a7605e9cda7cc14fb8332897bcdf475bc5882f98f74c81d444,595,
C:\Users\user\Documents\RF_COMM\tools\build_tfdu_shutdown.tcl,scripts/legacy_safe_tools/build_tfdu_shutdown.tcl,e6470bdb4b3c699560c417ecf7a204e3215e89d0fe0f20a346dcaae932a6c909,540,
C:\Users\user\Documents\RF_COMM\tools\tfdu_shutdown_top.v,scripts/legacy_safe_tools/tfdu_shutdown_top.v,bfbe11ce7f69cdb3dd4af2efe81e26e6241a1976109e9a30670229209fad45c8,836,
C:\Users\user\Documents\RF_COMM\tools\tfdu_shutdown_j10_j11.xdc,scripts/legacy_safe_tools/tfdu_shutdown_j10_j11.xdc,ec2e729d2a59f3d3ce8eebf57af44f00d55737562d031efb38a20cc5e182dd3f,1988,
C:\Users\user\Documents\RF_COMM\tools\run_lane0_hw_once_safe.ps1,scripts/legacy_safe_tools/run_lane0_hw_once_safe.ps1,21658fc713779f795694def7f30a101987809d6ee8469fe59f2cf50379abe858,17566,
C:\Users\user\Documents\RF_COMM\tools\run_lane_remap_probe_safe.ps1,scripts/legacy_safe_tools/run_lane_remap_probe_safe.ps1,bf153c71118059e4ded6c703d76c5e36dd1aa32cc0476e63b9a5df86e8937c4e,31485,
C:\Users\user\Documents\RF_COMM\tools\run_p2_register_status_readonly_safe.ps1,scripts/legacy_safe_tools/run_p2_register_status_readonly_safe.ps1,f34e94eedfecdac6712210f697a3c8eaad76c44b652df6397c2e91bc03d6a59a,11555,
C:\Users\user\Documents\RF_COMM\tools\uart_operator_readonly_no_tx.py,scripts/legacy_safe_tools/uart_operator_readonly_no_tx.py,cfb44523ef46734eced62ebbb373847948cebbc61c14040f4a7387d491edcc09,8392,
C:\Users\user\Documents\RF_COMM\IPs\ip_ir_array\src\cdc_sync.sv,rtl/legacy_reference/cdc_sync.sv,dcefc32052d455625cbf4309ea9e328afaf0f5fee117a21f81d1393ee1c3c7a1,555,
C:\Users\user\Documents\RF_COMM\IPs\ip_ir_array\src\crc32_gen.sv,rtl/legacy_reference/crc32_gen.sv,c2f685b273615480aedaa4e13de552e1d220385cdb8f10aa96c90dbd76acb7da,491,
C:\Users\user\Documents\RF_COMM\IPs\ip_ir_array\src\ir_array_rx_mgr.sv,rtl/legacy_reference/ir_array_rx_mgr.sv,52d687aebf4fb1cac1e147f1548fb84a6fd5461ea85d0dac52593aa712f20e00,23570,
C:\Users\user\Documents\RF_COMM\IPs\ip_ir_array\src\ir_array_top.sv,rtl/legacy_reference/ir_array_top.sv,022402a100b88a566f7d69dd6e65b053e0d2ec300c59a2d5fa03ddb5ef3c8ea8,12949,
C:\Users\user\Documents\RF_COMM\IPs\ip_ir_array\src\ir_array_top_axi.sv,rtl/legacy_reference/ir_array_top_axi.sv,2b6d1299ecb0ea77b9beaaebb7695bcc323cf04b9a15e71028c8c493e963b422,37902,
C:\Users\user\Documents\RF_COMM\IPs\ip_ir_array\src\ir_array_tx_mgr.sv,rtl/legacy_reference/ir_array_tx_mgr.sv,c74f60b683258c29567e6b5eb88a716a765e61d17def674303e01964b66bf49b,14478,
C:\Users\user\Documents\RF_COMM\IPs\ip_ir_array\src\ir_axis_async_fifo.sv,rtl/legacy_reference/ir_axis_async_fifo.sv,1196235c44ef9c4977c04d35195c02948667ee9dd202f09182b3f4b1bfee7bf6,2297,
C:\Users\user\Documents\RF_COMM\IPs\ip_ir_array\src\ir_axi_regs.sv,rtl/legacy_reference/ir_axi_regs.sv,c5f38cef9b3cfa99fc71895b891b54999c590693ecf0d4a1dc010f3cc5f5a9fe,12003,
C:\Users\user\Documents\RF_COMM\IPs\ip_ir_array\src\ir_comm_lane.sv,rtl/legacy_reference/ir_comm_lane.sv,35c197c4e3b159860523775dc570ab64c37cd4913c6e9b925a62c897b2c881fe,3682,
C:\Users\user\Documents\RF_COMM\IPs\ip_ir_array\src\ir_lane_frame_sink.sv,rtl/legacy_reference/ir_lane_frame_sink.sv,df5a3c9d2794c8dff16ae90878aa1e3b2b74e5f6758fec52c58570ad5a1d1abd,2171,
C:\Users\user\Documents\RF_COMM\IPs\ip_ir_array\src\ir_lane_frame_source.sv,rtl/legacy_reference/ir_lane_frame_source.sv,d5bbd05b983b341c227b0d52a4d32ef4ab7624dbdb0abeae3654a445e5790ef5,1591,
C:\Users\user\Documents\RF_COMM\IPs\ip_ir_array\src\ir_protocol_pkg.sv,rtl/legacy_reference/ir_protocol_pkg.sv,f1b49f7a3c103b9307fd01d769215cfcfde9fb21047de1455109fdea961f467f,2113,
C:\Users\user\Documents\RF_COMM\IPs\ip_ir_array\src\ir_rx_4ppm_frame.sv,rtl/legacy_reference/ir_rx_4ppm_frame.sv,742ca1090f29095d5a98e9211ca48373caa3160d58c0177fbe759f2c8a1babd3,14001,
C:\Users\user\Documents\RF_COMM\IPs\ip_ir_array\src\ir_stream_array_top.sv,rtl/legacy_reference/ir_stream_array_top.sv,5d9dcc4a42aac847cb77a8ee529507f1c53ef956862028bc5ea14b14cb29b904,47815,
C:\Users\user\Documents\RF_COMM\IPs\ip_ir_array\src\ir_stream_array_top_axi.sv,rtl/legacy_reference/ir_stream_array_top_axi.sv,8e3d2f25f9eed4f2ba019338d3764ac70e58f887a9cf8efc320a798f0c074b1a,37153,
C:\Users\user\Documents\RF_COMM\IPs\ip_ir_array\src\ir_stream_bidir_b0_bd.sv,rtl/legacy_reference/ir_stream_bidir_b0_bd.sv,06ca507c68d71bc47adec7b882ab386507286b859f5405e7aa5bb5c276301ee5,24761,
C:\Users\user\Documents\RF_COMM\IPs\ip_ir_array\src\ir_stream_parallel_2lane_top.sv,rtl/legacy_reference/ir_stream_parallel_2lane_top.sv,83b308b81ae6437362cab14f93f80b2e0f32ff878a1c95ad18dec721b41adea3,26514,
C:\Users\user\Documents\RF_COMM\IPs\ip_ir_array\src\ir_txonly_ack_axi.sv,rtl/legacy_reference/ir_txonly_ack_axi.sv,5edb1dd92c8513a03d2879b88c296ac96067a87b1385f5611c234eb17f1a0413,31934,
C:\Users\user\Documents\RF_COMM\IPs\ip_ir_array\src\ir_tx_4ppm_frame.sv,rtl/legacy_reference/ir_tx_4ppm_frame.sv,02c16a7b645d7e563d6eae96a217ebeef428a19ee194d44590bc443c236839c6,8913,
