captured_ms|sequence|label|role|admission_snapshot_words_csv|ps_runtime_words_csv|pl_perf_snapshot_words_csv
1785758704433|1001|stream64_f2r_1|fixed|2,1378943233,304,6138768,6095458,6103797,6095458,6103797,6095458,5826,5815,5815,5815,0,0,371,0,179496464,179333520,4096,4096,0,0,5815,5815,361729079,361729420,361729087,361729428,0,0,0,0,0,0,0,0,4096,256,131072,4,3|4,0,67108864,262144,256,0,0,0,0,56,0,44,0,14,11,0,1,56,0|4,981404472,0,2899392,0,0,0,0,0,3073794,0,11,0,320687736,0,320687736,0,2080,314637728,0,8354126,0,0,0,0,0
1785758704433|1001|stream64_f2r_1|rotating|2,1378943233,560,6205523,6161185,35445,0,35445,0,752,0,376,0,0,0,5878,5878,2401552,0,4096,0,0,0,376,0,346525540,0,346525548,0,0,0,0,0,0,0,0,0,4096,256,131072,4,3|4,0,67108864,262144,256,0,0,0,0,56,0,44,0,14,11,0,1,56,0|4,394241985,0,0,0,2883584,0,2883584,0,8908,0,0,11,0,0,0,0,0,0,0,6869008,0,0,0,0,0
1785758709439|1001|stream64_f2r_1|fixed|4,1378943233,271,12400191,12311863,12329301,12311863,12329301,12311863,11772,11749,11748,11748,0,0,752,0,362641736,362283456,4096,4096,0,0,11749,11749,681983035,681983016,681983003,681983024,0,0,0,0,0,0,0,0,4096,256,131072,4,3|4,0,67108864,262144,256,0,0,0,0,100,0,88,0,25,22,0,1,100,0|6,1300638919,0,5814592,0,0,0,0,0,6175839,0,22,0,639193383,0,639193383,0,2080,632290725,0,9782308,0,0,0,0,0
1785758709439|1001|stream64_f2r_1|rotating|4,1378943233,560,12464244,12375718,71171,0,71171,0,1510,0,755,0,0,0,11809,11809,4822232,0,4096,0,0,0,755,0,665982859,0,665982867,0,0,0,0,0,0,0,0,0,4096,256,131072,4,3|4,0,67108864,262144,256,0,0,0,0,100,0,88,0,25,22,0,1,100,0|6,714863137,0,0,0,5767168,0,5767168,0,17863,0,0,22,0,0,0,0,0,0,0,6894380,0,0,0,0,0
1785758714454|1001|stream64_f2r_1|fixed|6,1378943233,304,18680193,18548069,18573484,18548069,18573484,18548069,17731,17697,17697,17697,0,0,1132,0,546270264,545730984,4096,4096,0,0,17697,17697,1002918680,1002919005,1002918688,1002919013,0,0,0,0,0,0,0,0,4096,256,131072,4,3|4,0,67108864,262144,256,0,0,0,0,144,0,132,0,36,33,0,1,144,0|8,1622542282,0,8761408,0,0,0,0,0,9305124,0,33,0,960360042,0,960360042,0,2080,952610751,0,11211261,0,0,0,0,0
1785758714454|1001|stream64_f2r_1|rotating|6,1378943233,560,18754794,18622124,107183,0,107183,0,2274,0,1137,0,0,0,17767,17767,7262096,0,4096,0,0,0,1137,0,988019602,0,988019610,0,0,0,0,0,0,0,0,0,4096,256,131072,4,3|4,0,67108864,262144,256,0,0,0,0,144,0,132,0,36,33,0,1,144,0|8,1035783510,0,0,0,8650752,0,8650752,0,26843,0,0,33,0,0,0,0,0,0,0,6917574,0,0,0,0,0
1785758719456|1001|stream64_f2r_1|fixed|8,1378943233,304,24944310,24768296,24801777,24768296,24801777,24768296,23676,23631,23631,23631,0,0,1512,0,729440720,728723176,4096,4096,0,0,23631,23631,1323074082,1323074423,1323074090,1323074431,0,0,0,0,0,0,0,0,4096,256,131072,4,3|4,0,67108864,262144,256,0,0,0,0,188,0,176,0,47,44,0,1,188,0|10,1942800034,0,11692416,0,0,0,0,0,12418227,0,44,0,1279885042,0,1279885042,0,2080,1271286730,0,12639208,0,0,0,0,0
1785758719456|1001|stream64_f2r_1|rotating|8,1378943233,560,25020336,24843862,143005,0,143005,0,3034,0,1517,0,0,0,23703,23703,9689160,0,4096,0,0,0,1517,0,1308336237,0,1308336245,0,0,0,0,0,0,0,0,0,4096,256,131072,4,3|4,0,67108864,262144,256,0,0,0,0,188,0,176,0,47,44,0,1,188,0|10,1356707313,0,0,0,11534336,0,11534336,0,35821,0,0,44,0,0,0,0,0,0,0,6936944,0,0,0,0,0
1785758724456|1001|stream64_f2r_1|fixed|10,1378943233,271,31202650,30980630,31024296,30980630,31024296,30980630,29619,29563,29562,29562,0,0,1892,0,912535955,911638416,4096,4096,0,0,29563,29563,1643111716,1643111753,1643111724,1643111713,0,0,0,0,0,0,0,0,4096,256,131072,4,3|4,0,67108864,262144,256,0,0,0,0,232,0,220,0,58,55,0,1,232,0|12,2262746026,0,14623424,0,0,0,0,0,15526084,0,55,0,1599098282,0,1599098282,0,2080,1589648573,0,14069531,0,0,0,0,0
1785758724456|1001|stream64_f2r_1|rotating|10,1378943233,560,31294637,31072147,178822,0,178822,0,3794,0,1897,0,0,0,29650,29649,12116304,0,4096,0,0,0,1897,0,1628655264,0,1628655272,0,0,0,0,0,0,0,0,0,4096,256,131072,4,3|4,0,67108864,262144,256,0,0,0,0,232,0,220,0,58,55,0,1,232,0|12,1677411126,0,0,0,14417920,0,14417920,0,44775,0,0,55,0,0,0,0,0,0,0,6951865,0,0,0,0,0
1785758729463|1001|stream64_f2r_1|fixed|12,1378943233,271,37467799,37202242,37253629,37202242,37253629,37202242,35570,35503,35502,35502,0,0,2272,0,1095880341,1094805680,4096,4096,0,0,35503,35503,1963580317,1963580330,1963580325,1963580314,0,0,0,0,0,0,0,0,4096,256,131072,4,3|4,0,67108864,262144,256,0,0,0,0,276,0,264,0,69,66,0,1,276,0|14,2583952038,0,17562336,0,0,0,0,0,18646241,0,66,0,1919569566,0,1919569566,0,2080,1909268813,0,15501198,0,0,0,0,0
1785758729463|1001|stream64_f2r_1|rotating|12,1378943233,560,37560546,37293913,214735,0,214735,0,4556,0,2278,0,0,0,35590,35590,14549720,0,4096,0,0,0,2278,0,1949136392,0,1949136400,0,0,0,0,0,0,0,0,0,4096,256,131072,4,3|4,0,67108864,262144,256,0,0,0,0,280,0,268,0,70,67,0,1,280,0|14,1997529405,0,0,0,17563648,0,17563648,0,53755,0,0,67,0,0,0,0,0,0,0,6977321,0,0,0,0,0
1785758734464|1001|stream64_f2r_1|fixed|14,1378943233,271,43731246,43421449,43481161,43421449,43481161,43421449,41516,41437,41436,41436,0,0,2653,0,1279067168,1277797034,4096,4096,0,0,41437,41437,2283882646,2283882627,2283882638,2283882635,0,0,0,0,0,0,0,0,4096,256,131072,4,3|4,0,67108864,262144,256,0,0,0,0,324,0,312,0,81,78,0,1,324,0|16,2903333363,0,20478848,0,0,0,0,0,21748791,0,78,0,2238221763,0,2238221763,0,2080,2226934671,0,17058772,0,0,0,0,0
1785758734464|1001|stream64_f2r_1|rotating|14,1378943233,560,43792319,43482338,250370,0,250370,0,5312,0,2656,0,0,0,41494,41494,16964056,0,4096,0,0,0,2656,0,2267859165,0,2267859173,0,0,0,0,0,0,0,0,0,4096,256,131072,4,3|4,0,67108864,262144,256,0,0,0,0,324,0,312,0,81,78,0,1,324,0|16,2316323487,0,0,0,20447232,0,20447232,0,62662,0,0,78,0,0,0,0,0,0,0,6995551,0,0,0,0,0
1785758739470|1001|stream64_f2r_1|fixed|16,1378943233,271,49993740,49639471,49707928,49639471,49707928,49639471,47462,47371,47370,47370,0,0,3032,0,1462228476,1460779823,4096,4096,0,0,47371,47371,2604030623,2604030628,2604030631,2604030636,0,0,0,0,0,0,0,0,4096,256,131072,4,3|4,0,67108864,262144,256,0,0,0,0,368,0,356,0,92,89,0,1,368,0|18,3225019661,0,23425664,0,0,0,0,0,24875025,0,89,0,2559171357,0,2559171357,0,2080,2547034064,0,18491293,0,0,0,0,0
1785758739470|1001|stream64_f2r_1|rotating|16,1378943233,560,50108506,49753394,286473,0,286473,0,6078,0,3039,0,0,0,47479,47479,19410256,0,4096,0,0,0,3039,0,2590759015,0,2590759023,0,0,0,0,0,0,0,0,0,4096,256,131072,4,3|4,0,67108864,262144,256,0,0,0,0,368,0,356,0,92,89,0,1,368,0|18,2638967468,0,0,0,23330816,0,23330816,0,71689,0,0,89,0,0,0,0,0,0,0,7023014,0,0,0,0,0
1785758744483|1001|stream64_f2r_1|fixed|18,1378943233,304,56271679,55874344,55949951,55874344,55949951,55874344,53420,53318,53318,53318,0,0,3413,0,1645816816,1644187720,4096,4096,0,0,53318,53318,2924901944,2924902301,2924901952,2924902309,0,0,0,0,0,0,0,0,4096,256,131072,4,3|4,0,67108864,262144,256,0,0,0,0,412,0,400,0,103,100,0,1,412,0|20,3544634215,0,26348768,0,0,0,0,0,27981882,0,100,0,2878055135,0,2878055135,0,2080,2865065049,0,19921315,0,0,0,0,0
1785758744483|1001|stream64_f2r_1|rotating|18,1378943233,560,56347759,55949951,322202,0,322202,0,6836,0,3418,0,0,0,53390,53390,21830960,0,4096,0,0,0,3418,0,2910218190,0,2910218198,0,0,0,0,0,0,0,0,0,4096,256,131072,4,3|4,0,67108864,262144,256,0,0,0,0,412,0,400,0,103,100,0,1,412,0|20,2957866827,0,0,0,26214400,0,26214400,0,80597,0,0,100,0,0,0,0,0,0,0,7044586,0,0,0,0,0
1785758749492|1001|stream64_f2r_1|fixed|20,1378943233,304,62548377,62105934,62190732,62105934,62190732,62105934,59376,59263,59263,59263,0,0,3794,0,1829328024,1827517472,4096,4096,0,0,59263,59263,3245650869,3245651210,3245650877,3245651218,0,0,0,0,0,0,0,0,4096,256,131072,4,3|4,0,67108864,262144,256,0,0,0,0,456,0,444,0,114,111,0,1,456,0|22,3865412960,0,29287680,0,0,0,0,0,31100415,0,111,0,3198099152,0,3198099152,0,2080,3184259166,0,21351838,0,0,0,0,0
1785758749492|1001|stream64_f2r_1|rotating|20,1378943233,560,62617310,62174407,358021,0,358021,0,7596,0,3798,0,0,0,59328,59328,24258072,0,4096,0,0,0,3798,0,3230537428,0,3230537436,0,0,0,0,0,0,0,0,0,4096,256,131072,4,3|4,0,67108864,262144,256,0,0,0,0,456,0,444,0,114,111,0,1,456,0|22,3278127720,0,0,0,29097984,0,29097984,0,89552,0,0,111,0,0,0,0,0,0,0,7061882,0,0,0,0,0
1785758754504|1001|stream64_f2r_1|fixed|22,1378943233,271,68824840,68337935,68431377,68337935,68431377,68337935,65333,65209,65208,65208,0,0,4174,0,2012860224,2010870368,4096,4096,0,0,65209,65209,3566446836,3566446833,3566446820,3566446809,0,0,0,0,0,0,0,0,4096,256,131072,4,3|4,0,67108864,262144,256,0,0,0,0,500,0,488,0,125,122,0,1,500,0|24,4185994379,0,32218688,0,0,0,0,0,34216436,0,122,0,3517947819,0,3517947819,0,2080,3503256533,0,22782064,0,0,0,0,0
1785758754504|1001|stream64_f2r_1|rotating|22,1378943233,560,68907636,68420311,393931,0,393931,0,8358,0,4179,0,0,0,65287,65287,26691544,0,4096,0,0,0,4179,0,3551715881,0,3551715889,0,0,0,0,0,0,0,0,0,4096,256,131072,4,3|4,0,67108864,262144,256,0,0,0,0,500,0,488,0,125,122,0,1,504,0|24,3599383123,0,0,0,32243712,0,32243712,0,98553,0,0,123,0,0,0,0,0,0,0,7083231,0,0,0,0,0
1785758759516|1001|stream64_f2r_1|fixed|24,1378943233,271,75097618,74566056,74668243,74566056,74668243,74566056,71287,71151,71151,71151,0,0,4555,0,2196288625,2194119468,4096,4096,0,0,71152,71152,3887058019,3887058016,3887058027,3887058024,0,0,0,0,0,0,0,0,4096,256,131072,4,3|4,0,67108864,262144,256,0,0,0,0,548,0,536,0,137,134,0,1,548,0|26,212275471,1,35158912,0,0,0,0,0,37337708,0,134,0,3838461151,0,3838461151,0,2080,3822786969,0,24341286,0,0,0,0,0
1785758759516|1001|stream64_f2r_1|rotating|24,1378943233,560,75200099,74667251,429944,0,429944,0,9122,0,4561,0,0,0,71248,71248,29131400,0,4096,0,0,0,4561,0,3873179699,0,3873179707,0,0,0,0,0,0,0,0,0,4096,256,131072,4,3|4,0,67108864,262144,256,0,0,0,0,548,0,536,0,137,134,0,1,548,0|26,3922588476,0,0,0,35127296,0,35127296,0,107580,0,0,134,0,0,0,0,0,0,0,7104875,0,0,0,0,0
1785758764520|1001|stream64_f2r_1|fixed|26,1378943233,271,81361581,80783981,80896382,80783981,80896382,80783981,77233,77086,77085,77085,0,0,4935,0,2379467205,2377101008,4096,4096,0,0,77086,77086,4207350521,4207350526,4207350529,4207350534,0,0,0,0,0,0,0,0,4096,256,131072,4,3|4,0,67108864,262144,256,0,0,0,0,592,0,580,0,148,145,0,1,592,0|28,532035658,1,38082016,0,0,0,0,0,40445231,0,145,0,4157490562,0,4157490562,0,2080,4140963814,0,25771081,0,0,0,0,0
1785758764520|1001|stream64_f2r_1|rotating|26,1378943233,560,81436833,80858743,465669,0,465669,0,9880,0,4940,0,0,0,77156,77156,31552056,0,4096,0,0,0,4940,0,4192638655,0,4192638671,0,0,0,0,0,0,0,0,0,4096,256,131072,4,3|4,0,67108864,262144,256,0,0,0,0,592,0,580,0,148,145,0,1,592,0|28,4240984638,0,0,0,38010880,0,38010880,0,116488,0,0,145,0,0,0,0,0,0,0,7123501,0,0,0,0,0
1785758769522|1001|stream64_f2r_1|fixed|28,1378943233,271,87624525,87002653,87123507,87002653,87123507,87002653,83177,83019,83018,83018,0,0,5315,0,2562610027,2560063230,4096,4096,0,0,83019,83019,232489229,232489242,232489237,232489250,0,0,0,0,0,0,0,0,4096,256,131072,4,3|4,0,67108864,262144,256,0,0,0,0,636,0,624,0,159,156,0,1,636,0|30,852904517,1,41020928,0,0,0,0,0,43564226,0,156,0,182657397,1,182657397,1,2080,165281675,1,27200678,0,0,0,0,0
1785758769522|1001|stream64_f2r_1|rotating|28,1378943233,560,87721156,87098629,501588,0,501588,0,10642,0,5321,0,0,0,83109,83109,33985544,0,4096,0,0,0,5321,0,218849207,0,218849215,0,0,0,0,0,0,0,0,0,4096,256,131072,4,3|4,0,67108864,262144,256,0,0,0,0,636,0,624,0,159,156,0,1,636,0|30,266418740,1,0,0,40894464,0,40894464,0,125444,0,0,156,0,0,0,0,0,0,0,7147628,0,0,0,0,0
1785758774524|1001|stream64_f2r_1|fixed|30,1378943233,271,93892121,93225851,93355278,93225851,93355278,93225851,89124,88955,88955,88955,0,0,5695,0,2745862925,2743136472,4096,4096,0,0,88955,88955,552778467,552778800,552778475,552778808,0,0,0,0,0,0,0,0,4096,256,131072,4,3|4,0,67108864,262144,256,0,0,0,0,680,0,668,0,170,167,0,1,680,0|32,1172909519,1,43944032,0,0,0,0,0,46675088,0,167,0,501931623,1,501931623,1,2080,483701462,1,28632346,0,0,0,0,0
1785758774524|1001|stream64_f2r_1|rotating|30,1378943233,560,93983739,93316939,537314,0,537314,0,11400,0,5700,0,0,0,89041,89041,36406240,0,4096,0,0,0,5700,0,538310059,0,538310067,0,0,0,0,0,0,0,0,0,4096,256,131072,4,3|4,0,67108864,262144,256,0,0,0,0,680,0,668,0,170,167,0,1,680,0|32,587185722,1,0,0,43778048,0,43778048,0,134398,0,0,167,0,0,0,0,0,0,0,7169817,0,0,0,0,0
1785758779528|1001|stream64_f2r_1|fixed|32,1378943233,271,100156111,99445184,99583448,99445184,99583448,99445184,95068,94889,94887,94887,0,0,6075,0,2928999920,2926092843,4096,4096,0,0,94888,94888,872883592,872883589,872883568,872883597,0,0,0,0,0,0,0,0,4096,256,131072,4,3|4,0,67108864,262144,256,0,0,0,0,724,0,712,0,181,178,0,1,724,0|34,1492469321,1,46875040,0,0,0,0,0,49781583,0,178,0,820758673,1,820758673,1,2080,801675639,1,30064145,0,0,0,0,0
1785758779528|1001|stream64_f2r_1|rotating|32,1378943233,560,100229944,99518579,573037,0,573037,0,12158,0,6079,0,0,0,94958,94958,38826984,0,4096,0,0,0,6079,0,857771023,0,857771031,0,0,0,0,0,0,0,0,0,4096,256,131072,4,3|4,0,67108864,262144,256,0,0,0,0,724,0,712,0,181,178,0,1,724,0|34,905571504,1,0,0,46661632,0,46661632,0,143305,0,0,178,0,0,0,0,0,0,0,7193805,0,0,0,0,0
1785758784533|1001|stream64_f2r_1|fixed|34,1378943233,271,106428179,105671889,105819701,105671889,105819701,105671889,101021,100830,100828,100828,0,0,6455,0,3112379008,3109293187,4096,4096,0,0,100829,100829,1193408933,1193408938,1193408941,1193408946,0,0,0,0,0,0,0,0,4096,256,131072,4,3|4,0,67108864,262144,256,0,0,0,0,768,0,756,0,192,189,0,1,768,0|36,1812966029,1,49806048,0,0,0,0,0,52897150,0,189,0,1140522629,1,1140522629,1,2054,1120587925,1,31494741,0,0,0,0,0
1785758784533|1001|stream64_f2r_1|rotating|34,1378943233,560,106504408,105747086,608950,0,608950,0,12920,0,6460,0,0,0,100901,100901,41260400,0,4096,0,0,0,6460,0,1178251080,0,1178251088,0,0,0,0,0,0,0,0,0,4096,256,131072,4,3|4,0,67108864,262144,256,0,0,0,0,772,0,760,0,193,190,0,1,772,0|36,1226874315,1,0,0,49807360,0,49807360,0,152308,0,0,190,0,0,0,0,0,0,0,7220060,0,0,0,0,0
1785758789544|1001|stream64_f2r_1|fixed|36,1378943233,271,112695118,111893501,112050723,111893501,112050723,111893501,106975,106772,106770,106770,0,0,6836,0,3295781742,3292500233,4096,4096,0,0,106771,106771,1514102474,1514102463,1514102482,1514102471,0,0,0,0,0,0,0,0,4096,256,131072,4,3|4,0,67108864,262144,256,0,0,0,0,816,0,804,0,204,201,0,1,816,0|38,2133907521,1,52738368,0,0,0,0,0,56012697,0,201,0,1460731041,1,1460731041,1,2080,1439810098,1,33055609,0,0,0,0,0
1785758789544|1001|stream64_f2r_1|rotating|36,1378943233,560,112764204,111961988,644772,0,644772,0,13680,0,6840,0,0,0,106835,106835,43687496,0,4096,0,0,0,6840,0,1498696201,0,1498696217,0,0,0,0,0,0,0,0,0,4096,256,131072,4,3|4,0,67108864,262144,256,0,0,0,0,816,0,804,0,204,201,0,1,816,0|38,1546580417,1,0,0,52690944,0,52690944,0,161240,0,0,201,0,0,0,0,0,0,0,7239161,0,0,0,0,0
1785758794550|1001|stream64_f2r_1|fixed|38,1378943233,271,118952867,118107307,118272651,118107307,118272651,118107307,112921,112707,112705,112705,0,0,7216,0,3479001002,3475539957,4096,4096,0,0,112706,112706,1834334132,1834334153,1834334140,1834334161,0,0,0,0,0,0,0,0,4096,256,131072,4,3|4,0,67108864,262144,256,0,0,0,0,860,0,848,0,215,212,0,1,860,0|40,2453973063,1,55669376,0,0,0,0,0,59119930,0,212,0,1780063831,1,1780063831,1,2080,1758294438,1,34482985,0,0,0,0,0
1785758794550|1001|stream64_f2r_1|rotating|38,1378943233,560,119029925,118184130,680593,0,680593,0,14440,0,7220,0,0,0,112779,112779,46114544,0,4096,0,0,0,7220,0,1819012302,0,1819012310,0,0,0,0,0,0,0,0,0,4096,256,131072,4,3|4,0,67108864,262144,256,0,0,0,0,860,0,848,0,215,212,0,1,860,0|40,1867962129,1,0,0,55574528,0,55574528,0,170243,0,0,212,0,0,0,0,0,0,0,7260891,0,0,0,0,0
1785758799552|1001|stream64_f2r_1|fixed|40,1378943233,271,125214129,124324884,124498091,124324884,124498091,124324884,118868,118643,118641,118641,0,0,7596,0,3662230657,3658588036,4096,4096,0,0,118642,118642,2154593691,2154593696,2154593699,2154593704,0,0,0,0,0,0,0,0,4096,256,131072,4,3|4,0,67108864,262144,256,0,0,0,0,904,0,892,0,226,223,0,1,904,0|42,2774246684,1,58600384,0,0,0,0,0,62230914,0,223,0,2099604700,1,2099604700,1,2080,2076983788,1,35913430,0,0,0,0,0
1785758799552|1001|stream64_f2r_1|rotating|40,1378943233,560,125306043,124416336,716511,0,716511,0,15202,0,7601,0,0,0,118728,118728,48548016,0,4096,0,0,0,7601,0,2140190977,0,2140190985,0,0,0,0,0,0,0,0,0,4096,256,131072,4,3|4,0,67108864,262144,256,0,0,0,0,904,0,892,0,226,223,0,1,904,0|42,2188041084,1,0,0,58458112,0,58458112,0,179175,0,0,223,0,0,0,0,0,0,0,7280110,0,0,0,0,0
1785758804556|1001|stream64_f2r_1|fixed|42,1378943233,271,131476680,130544401,130724820,130544401,130724820,130544401,124817,124581,124579,124579,0,0,7976,0,3845532889,3841711300,4096,4096,0,0,124580,124580,2474977760,2474977765,2474977768,2474977773,0,0,0,0,0,0,0,0,4096,256,131072,4,3|4,0,67108864,262144,256,0,0,0,0,948,0,936,0,237,234,0,1,948,0|44,3094360173,1,61531392,0,0,0,0,0,65339808,0,234,0,2418985437,1,2418985437,1,2080,2395512848,1,37344033,0,0,0,0,0
1785758804556|1001|stream64_f2r_1|rotating|42,1378943233,560,131556887,130624208,752329,0,752329,0,15962,0,7981,0,0,0,124656,124656,50975144,0,4096,0,0,0,7981,0,2460510301,0,2460510309,0,0,0,0,0,0,0,0,0,4096,256,131072,4,3|4,0,67108864,262144,256,0,0,0,0,948,0,936,0,237,234,0,1,948,0|44,2508460042,1,0,0,61341696,0,61341696,0,188129,0,0,234,0,0,0,0,0,0,0,7295136,0,0,0,0,0
1785758809557|1001|stream64_f2r_1|fixed|44,1378943233,271,137733449,136756707,136945771,136756707,136945771,136756707,130760,130513,130512,130512,0,0,8356,0,4028645235,4024646838,4096,4096,0,0,130512,130512,2795027559,2795027908,2795027567,2795027916,0,0,0,0,0,0,0,0,4096,256,131072,4,3|4,0,67108864,262144,256,0,0,0,0,992,0,980,0,248,245,0,1,992,0|46,3414588998,1,64454496,0,0,0,0,0,68449694,0,245,0,2738483486,1,2738483486,1,2080,2714158826,1,38773333,0,0,0,0,0
1785758809557|1001|stream64_f2r_1|rotating|44,1378943233,560,137800843,136823748,788052,0,788052,0,16720,0,8360,0,0,0,130576,130576,53395848,0,4096,0,0,0,8360,0,2779968753,0,2779968761,0,0,0,0,0,0,0,0,0,4096,256,131072,4,3|4,0,67108864,262144,256,0,0,0,0,992,0,980,0,248,245,0,1,992,0|46,2827536918,1,0,0,64225280,0,64225280,0,197060,0,0,245,0,0,0,0,0,0,0,7317465,0,0,0,0,0
1785758819593|1002|stream64_f2r_2|fixed|48,1378943233,304,6535454,6491276,6500199,6491276,6500199,6491276,11702,11690,5845,5845,0,0,374,0,180446840,180267232,4096,4096,0,0,5845,5845,3437314017,3437314350,3437314025,3437314358,0,0,0,0,0,0,0,0,4096,256,131072,4,3|4,0,67108864,262144,256,0,0,0,0,56,0,44,0,14,11,0,1,56,0|54,4056817821,1,2915200,0,0,0,0,0,3272876,0,11,0,320823888,0,320823888,0,2080,316202661,0,6456894,0,0,0,0,0
1785758819593|1002|stream64_f2r_2|rotating|48,1378943233,560,6623227,6578544,35729,0,35729,0,758,0,379,0,0,0,5923,5923,2420720,0,4096,0,0,0,379,0,3422953715,0,3422953723,0,0,0,0,0,0,0,0,0,4096,256,131072,4,3|4,0,67108864,262144,256,0,0,0,0,56,0,44,0,14,11,0,1,56,0|54,3471002403,1,0,0,2883584,0,2883584,0,8979,0,0,11,0,0,0,0,0,0,0,4986291,0,0,0,0,0
1785758824606|1002|stream64_f2r_2|fixed|50,1378943233,271,13183108,13094086,13112031,13094086,13112031,13094086,23609,23586,11792,11792,0,0,754,0,364047976,363688510,4096,4096,0,0,11793,11793,3758183204,3758183185,3758183180,3758183193,0,0,0,0,0,0,0,0,4096,256,131072,4,3|4,0,67108864,262144,256,0,0,0,0,100,0,88,0,25,22,0,1,100,0|56,82815608,2,5846208,0,0,0,0,0,6577631,0,22,0,641056219,0,641056219,0,2080,635595730,0,7875082,0,0,0,0,0
1785758824606|1002|stream64_f2r_2|rotating|50,1378943233,560,13269301,13179789,71548,0,71548,0,1518,0,759,0,0,0,11869,11869,4847752,0,4096,0,0,0,759,0,3743260588,0,3743260596,0,0,0,0,0,0,0,0,0,4096,256,131072,4,3|4,0,67108864,262144,256,0,0,0,0,100,0,88,0,25,22,0,1,100,0|56,3791789380,1,0,0,5767168,0,5767168,0,17958,0,0,22,0,0,0,0,0,0,0,5008255,0,0,0,0,0
1785758829614|1002|stream64_f2r_2|fixed|52,1378943233,271,19826968,19693076,19719975,19693076,19719975,19693076,35502,35468,17733,17733,0,0,1135,0,547469926,546930849,4096,4096,0,0,17734,17734,4078727165,4078727178,4078727173,4078727186,0,0,0,0,0,0,0,0,4096,256,131072,4,3|4,0,67108864,262144,256,0,0,0,0,144,0,132,0,36,33,0,1,144,0|58,403539456,2,8785120,0,0,0,0,0,9881295,0,33,0,961045339,0,961045339,0,2080,954740193,0,9300362,0,0,0,0,0
1785758829614|1002|stream64_f2r_2|rotating|52,1378943233,560,19898992,19764716,107373,0,107373,0,2278,0,1139,0,0,0,17798,17798,7274864,0,4096,0,0,0,1139,0,4063574568,0,4063574576,0,0,0,0,0,0,0,0,0,4096,256,131072,4,3|4,0,67108864,262144,256,0,0,0,0,144,0,132,0,36,33,0,1,144,0|58,4111180327,1,0,0,8650752,0,8650752,0,26890,0,0,33,0,0,0,0,0,0,0,5030689,0,0,0,0,0
1785758834614|1002|stream64_f2r_2|fixed|54,1378943233,271,26459015,26280441,26316293,26280441,26316293,26280441,47375,47330,23664,23664,0,0,1514,0,730580441,729861756,4096,4096,0,0,23665,23665,103773976,103773989,103773984,103773997,0,0,0,0,0,0,0,0,4096,256,131072,4,3|4,0,67108864,262144,256,0,0,0,0,188,0,176,0,47,44,0,1,188,0|60,723251150,2,11708224,0,0,0,0,0,13173959,0,44,0,1280026257,0,1280026257,0,2080,1272862122,0,10736580,0,0,0,0,0
1785758834614|1002|stream64_f2r_2|rotating|54,1378943233,560,26545230,26366187,143193,0,143193,0,3038,0,1519,0,0,0,23742,23742,9701960,0,4096,0,0,0,1519,0,88932204,0,88932212,0,0,0,0,0,0,0,0,0,4096,256,131072,4,3|4,0,67108864,262144,256,0,0,0,0,188,0,176,0,47,44,0,1,188,0|60,136847580,2,0,0,11534336,0,11534336,0,35844,0,0,44,0,0,0,0,0,0,0,5052216,0,0,0,0,0
1785758839618|1002|stream64_f2r_2|fixed|56,1378943233,271,33093710,32870146,32915169,32870146,32915169,32870146,59262,59206,29602,29602,0,0,1894,0,913891376,912993091,4096,4096,0,0,29603,29603,424142816,424142797,424142792,424142805,0,0,0,0,0,0,0,0,4096,256,131072,4,3|4,0,67108864,262144,256,0,0,0,0,232,0,220,0,58,55,0,1,232,0|62,1043705110,2,14639232,0,0,0,0,0,16472025,0,55,0,1599747465,0,1599747465,0,2080,1591726451,0,12172385,0,0,0,0,0
1785758839618|1002|stream64_f2r_2|rotating|56,1378943233,560,33164142,32940198,178915,0,178915,0,3796,0,1898,0,0,0,29665,29665,12122688,0,4096,0,0,0,1898,0,408397166,0,408397174,0,0,0,0,0,0,0,0,0,4096,256,131072,4,3|4,0,67108864,262144,256,0,0,0,0,232,0,220,0,58,55,0,1,232,0|62,456501297,2,0,0,14417920,0,14417920,0,44799,0,0,55,0,0,0,0,0,0,0,5068819,0,0,0,0,0
1785758844618|1002|stream64_f2r_2|fixed|58,1378943233,271,39715669,39447362,39501312,39447362,39501312,39447362,71125,71058,35528,35528,0,0,2274,0,1096834288,1095756394,4096,4096,0,0,35529,35529,743870445,743870426,743870421,743870434,0,0,0,0,0,0,0,0,4096,256,131072,4,3|4,0,67108864,262144,256,0,0,0,0,276,0,264,0,69,66,0,1,276,0|64,1363486391,2,17563648,0,0,0,0,0,19763484,0,67,0,1918797642,0,1918797642,0,2080,1909917895,0,13608396,0,0,0,0,0
1785758844618|1002|stream64_f2r_2|rotating|58,1378943233,560,39793343,39523867,214830,0,214830,0,4558,0,2279,0,0,0,35598,35598,14556112,0,4096,0,0,0,2279,0,729008779,0,729008787,0,0,0,0,0,0,0,0,0,4096,256,131072,4,3|4,0,67108864,262144,256,0,0,0,0,280,0,268,0,70,67,0,1,280,0|64,776733876,2,0,0,17563648,0,17563648,0,53755,0,0,67,0,0,0,0,0,0,0,5090703,0,0,0,0,0
1785758849626|1002|stream64_f2r_2|fixed|60,1378943233,271,46355050,46041158,46104775,46041158,46104775,46041158,83015,82936,41467,41467,0,0,2655,0,1280180543,1278906706,4096,4096,0,0,41468,41468,1064425835,1064425848,1064425843,1064425856,0,0,0,0,0,0,0,0,4096,256,131072,4,3|4,0,67108864,262144,256,0,0,0,0,324,0,312,0,81,78,0,1,324,0|66,1684052074,2,20502560,0,0,0,0,0,23062935,0,78,0,2238628597,0,2238628597,0,2080,2228757569,0,15175954,0,0,0,0,0
1785758849626|1002|stream64_f2r_2|rotating|60,1378943233,560,46434075,46119788,250651,0,250651,0,5318,0,2659,0,0,0,41538,41538,16983192,0,4096,0,0,0,2659,0,1049334483,0,1049334491,0,0,0,0,0,0,0,0,0,4096,256,131072,4,3|4,0,67108864,262144,256,0,0,0,0,324,0,312,0,81,78,0,1,324,0|66,1097267517,2,0,0,20447232,0,20447232,0,62710,0,0,78,0,0,0,0,0,0,0,5111406,0,0,0,0,0
1785758854635|1002|stream64_f2r_2|fixed|62,1378943233,271,53003681,52644933,52717585,52644933,52717585,52644933,94919,94829,47414,47414,0,0,3035,0,1463766621,1462313184,4096,4096,0,0,47415,47415,1385275257,1385275262,1385275265,1385275214,0,0,0,0,0,0,0,0,4096,256,131072,4,3|4,0,67108864,262144,256,0,0,0,0,368,0,356,0,92,89,0,1,368,0|68,2005127748,2,23433568,0,0,0,0,0,26369523,0,89,0,2558971519,0,2558971519,0,2080,2548242901,0,16612470,0,0,0,0,0
1785758854635|1002|stream64_f2r_2|rotating|62,1378943233,560,53104326,52744995,286663,0,286663,0,6082,0,3041,0,0,0,47504,47504,19423056,0,4096,0,0,0,3041,0,1371378793,0,1371378801,0,0,0,0,0,0,0,0,0,4096,256,131072,4,3|4,0,67108864,262144,256,0,0,0,0,368,0,356,0,92,89,0,1,368,0|68,1421433749,2,0,0,23330816,0,23330816,0,71783,0,0,89,0,0,0,0,0,0,0,5131758,0,0,0,0,0
1785758859649|1002|stream64_f2r_2|fixed|64,1378943233,271,59652376,59248932,59330363,59248932,59330363,59248932,106823,106722,53360,53360,0,0,3416,0,1647336398,1645703345,4096,4096,0,0,53361,53361,1706090054,1706090067,1706090062,1706090075,0,0,0,0,0,0,0,0,4096,256,131072,4,3|4,0,67108864,262144,256,0,0,0,0,412,0,400,0,103,100,0,1,412,0|70,2325761369,2,26372480,0,0,0,0,0,29671775,0,100,0,2878870412,0,2878870412,0,2080,2867286201,0,18048686,0,0,0,0,0
1785758859649|1002|stream64_f2r_2|rotating|64,1378943233,560,59725929,59322095,322390,0,322390,0,6840,0,3420,0,0,0,53426,53426,21843728,0,4096,0,0,0,3420,0,1690844158,0,1690844166,0,0,0,0,0,0,0,0,0,4096,256,131072,4,3|4,0,67108864,262144,256,0,0,0,0,412,0,400,0,103,100,0,1,412,0|70,1741850297,2,0,0,26214400,0,26214400,0,80738,0,0,100,0,0,0,0,0,0,0,5149494,0,0,0,0,0
1785758864649|1002|stream64_f2r_2|fixed|66,1378943233,271,66285896,65837622,65928156,65837622,65928156,65837622,118698,118586,59292,59292,0,0,3795,0,1830473701,1828661040,4096,4096,0,0,59293,59293,2026153130,2026153143,2026153138,2026153119,0,0,0,0,0,0,0,0,4096,256,131072,4,3|4,0,67108864,262144,256,0,0,0,0,456,0,444,0,114,111,0,1,456,0|72,2645862949,2,29303488,0,0,0,0,0,32968713,0,111,0,3198239240,0,3198239240,0,2080,3185797045,0,19485596,0,0,0,0,0
1785758864649|1002|stream64_f2r_2|rotating|66,1378943233,560,66357578,65908920,358114,0,358114,0,7598,0,3799,0,0,0,59356,59356,24264464,0,4096,0,0,0,3799,0,2010310221,0,2010310229,0,0,0,0,0,0,0,0,0,4096,256,131072,4,3|4,0,67108864,262144,256,0,0,0,0,456,0,444,0,114,111,0,1,456,0|72,2058597483,2,0,0,29097984,0,29097984,0,89598,0,0,111,0,0,0,0,0,0,0,5173161,0,0,0,0,0
1785758869654|1002|stream64_f2r_2|fixed|68,1378943233,271,72920021,72426855,72526464,72426855,72526464,72426855,130575,130452,65225,65225,0,0,4175,0,2013642472,2011650204,4096,4096,0,0,65226,65226,2346270552,2346270533,2346270528,2346270541,0,0,0,0,0,0,0,0,4096,256,131072,4,3|4,0,67108864,262144,256,0,0,0,0,500,0,488,0,125,122,0,1,500,0|74,2966644112,2,32234496,0,0,0,0,0,36272431,0,122,0,3518287651,0,3518287651,0,2080,3504987648,0,20922330,0,0,0,0,0
1785758869654|1002|stream64_f2r_2|rotating|68,1378943233,560,73018902,72524372,394215,0,394215,0,8364,0,4182,0,0,0,65314,65314,26710680,0,4096,0,0,0,4182,0,2332515490,0,2332515498,0,0,0,0,0,0,0,0,0,4096,256,131072,4,3|4,0,67108864,262144,256,0,0,0,0,504,0,492,0,126,123,0,1,504,0|74,2380281561,2,0,0,32243712,0,32243712,0,98601,0,0,123,0,0,0,0,0,0,0,5193255,0,0,0,0,0
1785758874669|1002|stream64_f2r_2|fixed|70,1378943233,271,79569236,79030352,79139671,79030352,79139671,79030352,142481,142346,71172,71172,0,0,4557,0,2197226832,2195038632,4096,4096,0,0,71173,71173,2667243284,2667243265,2667243260,2667243273,0,0,0,0,0,0,0,0,4096,256,131072,4,3|4,0,67108864,262144,256,0,0,0,0,548,0,536,0,137,134,0,1,548,0|76,3287533776,2,35166816,0,0,0,0,0,39575786,0,134,0,3838444235,0,3838444235,0,2080,3824151921,0,22489270,0,0,0,0,0
1785758874669|1002|stream64_f2r_2|rotating|70,1378943233,560,79651763,79112479,429944,0,429944,0,9122,0,4561,0,0,0,71246,71246,29131400,0,4096,0,0,0,4561,0,2652107156,0,2652107164,0,0,0,0,0,0,0,0,0,4096,256,131072,4,3|4,0,67108864,262144,256,0,0,0,0,548,0,536,0,137,134,0,1,548,0|76,2700848582,2,0,0,35127296,0,35127296,0,107556,0,0,134,0,0,0,0,0,0,0,5213728,0,0,0,0,0
1785758879676|1002|stream64_f2r_2|fixed|72,1378943233,304,86209175,85625663,85743789,85625663,85743789,85625663,154370,154224,77112,77112,0,0,4937,0,2380601664,2378234104,4096,4096,0,0,77112,77112,2987704720,2987705053,2987704728,2987705061,0,0,0,0,0,0,0,0,4096,256,131072,4,3|4,0,67108864,262144,256,0,0,0,0,592,0,580,0,148,145,0,1,592,0|78,3607428100,2,38097824,0,0,0,0,0,42869607,0,145,0,4157605807,0,4157605807,0,2080,4142456284,0,23925405,0,0,0,0,0
1785758879676|1002|stream64_f2r_2|rotating|72,1378943233,560,86289631,85705703,465763,0,465763,0,9882,0,4941,0,0,0,77183,77183,31558432,0,4096,0,0,0,4941,0,2972431980,0,2972431988,0,0,0,0,0,0,0,0,0,4096,256,131072,4,3|4,0,67108864,262144,256,0,0,0,0,592,0,580,0,148,145,0,1,592,0|78,3020687504,2,0,0,38010880,0,38010880,0,116512,0,0,145,0,0,0,0,0,0,0,5231857,0,0,0,0,0
1785758884680|1002|stream64_f2r_2|fixed|74,1378943233,271,92850417,92222005,92349209,92222005,92349209,92222005,166261,166104,83051,83051,0,0,5317,0,2563963875,2561416456,4096,4096,0,0,83052,83052,3308173351,3308173364,3308173359,3308173340,0,0,0,0,0,0,0,0,4096,256,131072,4,3|4,0,67108864,262144,256,0,0,0,0,636,0,624,0,159,156,0,1,636,0|80,3927706838,2,41028832,0,0,0,0,0,46168177,0,156,0,182184497,1,182184497,1,2080,166177219,1,25362086,0,0,0,0,0
1785758884680|1002|stream64_f2r_2|rotating|74,1378943233,560,92921974,92293157,501588,0,501588,0,10642,0,5321,0,0,0,83115,83115,33985544,0,4096,0,0,0,5321,0,3292757364,0,3292757372,0,0,0,0,0,0,0,0,0,4096,256,131072,4,3|4,0,67108864,262144,256,0,0,0,0,636,0,624,0,159,156,0,1,636,0|80,3340652235,2,0,0,40894464,0,40894464,0,125444,0,0,156,0,0,0,0,0,0,0,5257109,0,0,0,0,0
1785758889685|1002|stream64_f2r_2|fixed|76,1378943233,304,99488447,98815133,98951416,98815133,98951416,98815133,178144,177976,88988,88988,0,0,5697,0,2747237536,2744510760,4096,4096,0,0,88988,88988,3628462609,3628462942,3628462617,3628462950,0,0,0,0,0,0,0,0,4096,256,131072,4,3|4,0,67108864,262144,256,0,0,0,0,680,0,668,0,170,167,0,1,680,0|82,4248050981,2,43959840,0,0,0,0,0,49467588,0,167,0,501795888,1,501795888,1,2080,484931024,1,26798598,0,0,0,0,0
1785758889685|1002|stream64_f2r_2|rotating|76,1378943233,560,99574172,98900348,537501,0,537501,0,11404,0,5702,0,0,0,89064,89064,36419032,0,4096,0,0,0,5702,0,3613942125,0,3613942133,0,0,0,0,0,0,0,0,0,4096,256,131072,4,3|4,0,67108864,262144,256,0,0,0,0,680,0,668,0,170,167,0,1,680,0|82,3662218598,2,0,0,43778048,0,43778048,0,134445,0,0,167,0,0,0,0,0,0,0,5278630,0,0,0,0,0
1785758894699|1002|stream64_f2r_2|fixed|78,1378943233,271,106135119,105416960,105562270,105416960,105562270,105416960,190045,189866,94932,94932,0,0,6077,0,2930747760,2927841129,4096,4096,0,0,94933,94933,3949190729,3949190710,3949190705,3949190718,0,0,0,0,0,0,0,0,4096,256,131072,4,3|4,0,67108864,262144,256,0,0,0,0,724,0,712,0,181,178,0,1,724,0|84,273755252,3,46890848,0,0,0,0,0,52770186,0,178,0,821734703,1,821734703,1,2080,804012752,1,28234611,0,0,0,0,0
1785758894699|1002|stream64_f2r_2|rotating|78,1378943233,560,106215529,105496889,573317,0,573317,0,12164,0,6082,0,0,0,95004,95004,38846128,0,4096,0,0,0,6082,0,3934266823,0,3934266831,0,0,0,0,0,0,0,0,0,4096,256,131072,4,3|4,0,67108864,262144,256,0,0,0,0,724,0,712,0,181,178,0,1,724,0|84,3981928922,2,0,0,46661632,0,46661632,0,143376,0,0,178,0,0,0,0,0,0,0,5296473,0,0,0,0,0
1785758899712|1002|stream64_f2r_2|fixed|80,1378943233,271,112788512,112025402,112179752,112025402,112179752,112025402,201956,201766,100882,100882,0,0,6458,0,3114437117,3111350872,4096,4096,0,0,100883,100883,4270214990,4270215003,4270214998,4270215011,0,0,0,0,0,0,0,0,4096,256,131072,4,3|4,0,67108864,262144,256,0,0,0,0,772,0,760,0,193,190,0,1,772,0|86,594967897,3,49831072,0,0,0,0,0,56077144,0,190,0,1142212292,1,1142212292,1,2080,1123499900,1,29801378,0,0,0,0,0
1785758899712|1002|stream64_f2r_2|rotating|80,1378943233,560,112858736,112094472,609235,0,609235,0,12926,0,6463,0,0,0,100945,100945,41279592,0,4096,0,0,0,6463,0,4254878661,0,4254878669,0,0,0,0,0,0,0,0,0,4096,256,131072,4,3|4,0,67108864,262144,256,0,0,0,0,772,0,760,0,193,190,0,1,772,0|86,7678470,3,0,0,49807360,0,49807360,0,152356,0,0,190,0,0,0,0,0,0,0,5323153,0,0,0,0,0
1785758904715|1002|stream64_f2r_2|fixed|82,1378943233,271,119416012,118607247,118771333,118607247,118771333,118607247,213832,213630,106814,106814,0,0,6839,0,3297566779,3294284606,4096,4096,0,0,106815,106815,295426429,295426410,295426437,295426418,0,0,0,0,0,0,0,0,4096,256,131072,4,3|4,0,67108864,262144,256,0,0,0,0,816,0,804,0,204,201,0,1,816,0|88,915208554,3,52762080,0,0,0,0,0,59372713,0,201,0,1461720197,1,1461720197,1,2080,1442149927,1,31238182,0,0,0,0,0
1785758904715|1002|stream64_f2r_2|rotating|82,1378943233,560,119488391,118679240,645056,0,645056,0,13686,0,6843,0,0,0,106879,106879,43706640,0,4096,0,0,0,6843,0,280236855,0,280236863,0,0,0,0,0,0,0,0,0,4096,256,131072,4,3|4,0,67108864,262144,256,0,0,0,0,816,0,804,0,204,201,0,1,816,0|88,327850535,3,0,0,52690944,0,52690944,0,161310,0,0,201,0,0,0,0,0,0,0,5342903,0,0,0,0,0
1785758909720|1002|stream64_f2r_2|fixed|84,1378943233,271,126044266,125190822,125363768,125190822,125363768,125190822,225713,225500,112749,112749,0,0,7219,0,3480795768,3477333980,4096,4096,0,0,112750,112750,615648523,615648504,615648499,615648512,0,0,0,0,0,0,0,0,4096,256,131072,4,3|4,0,67108864,262144,256,0,0,0,0,860,0,848,0,215,212,0,1,860,0|90,1234486596,3,55685184,0,0,0,0,0,62656819,0,212,0,1780267463,1,1780267463,1,2080,1759838412,1,32674192,0,0,0,0,0
1785758909720|1002|stream64_f2r_2|rotating|84,1378943233,560,126113954,125260194,680783,0,680783,0,14444,0,7222,0,0,0,112811,112811,46127336,0,4096,0,0,0,7222,0,599702057,0,599702065,0,0,0,0,0,0,0,0,0,4096,256,131072,4,3|4,0,67108864,262144,256,0,0,0,0,860,0,848,0,215,212,0,1,860,0|90,648286074,3,0,0,55574528,0,55574528,0,170267,0,0,212,0,0,0,0,0,0,0,5362593,0,0,0,0,0
1785758914724|1002|stream64_f2r_2|fixed|86,1378943233,271,132676215,131778020,131959892,131778020,131959892,131778020,237596,237372,118685,118685,0,0,7599,0,3664050303,3660408906,4096,4096,0,0,118686,118686,935917910,935917923,935917918,935917931,0,0,0,0,0,0,0,0,4096,256,131072,4,3|4,0,67108864,262144,256,0,0,0,0,904,0,892,0,226,223,0,1,904,0|92,1555469200,3,58616192,0,0,0,0,0,65960100,0,223,0,2100517315,1,2100517315,1,2080,2079230473,1,34110909,0,0,0,0,0
1785758914724|1002|stream64_f2r_2|rotating|86,1378943233,560,132757158,131858567,716700,0,716700,0,15206,0,7603,0,0,0,118757,118757,48560800,0,4096,0,0,0,7603,0,920887015,0,920887023,0,0,0,0,0,0,0,0,0,4096,256,131072,4,3|4,0,67108864,262144,256,0,0,0,0,904,0,892,0,226,223,0,1,904,0|92,968734138,3,0,0,58458112,0,58458112,0,179222,0,0,223,0,0,0,0,0,0,0,5388460,0,0,0,0,0
1785758919738|1002|stream64_f2r_2|fixed|88,1378943233,304,139324117,138380991,138571974,138380991,138571974,138380991,249507,249272,124636,124636,0,0,7979,0,3847762592,3843941840,4096,4096,0,0,124636,124636,1256967335,1256967668,1256967343,1256967676,0,0,0,0,0,0,0,0,4096,256,131072,4,3|4,0,67108864,262144,256,0,0,0,0,948,0,936,0,237,234,0,1,948,0|94,1876671540,3,61555104,0,0,0,0,0,69265359,0,234,0,2420984927,1,2420984927,1,2080,2398842698,1,35546919,0,0,0,0,0
1785758919738|1002|stream64_f2r_2|rotating|88,1378943233,560,139396645,138453121,752517,0,752517,0,15966,0,7983,0,0,0,124701,124701,50987944,0,4096,0,0,0,7983,0,1241211740,0,1241211748,0,0,0,0,0,0,0,0,0,4096,256,131072,4,3|4,0,67108864,262144,256,0,0,0,0,948,0,936,0,237,234,0,1,948,0|94,1290235916,3,0,0,61341696,0,61341696,0,188222,0,0,234,0,0,0,0,0,0,0,5414644,0,0,0,0,0
1785758924745|1002|stream64_f2r_2|fixed|90,1378943233,304,145959968,144971937,145171916,144971937,145171916,144971937,261398,261152,130576,130576,0,0,8360,0,4031142272,4027141912,4096,4096,0,0,130576,130576,1577454258,1577454591,1577454266,1577454599,0,0,0,0,0,0,0,0,4096,256,131072,4,3|4,0,67108864,262144,256,0,0,0,0,992,0,980,0,248,245,0,1,992,0|96,2196976148,3,64486112,0,0,0,0,0,72561089,0,245,0,2740556783,1,2740556783,1,2080,2717556349,1,36984050,0,0,0,0,0
1785758924745|1002|stream64_f2r_2|rotating|90,1378943233,560,146060664,145071345,788620,0,788620,0,16732,0,8366,0,0,0,130666,130666,53434152,0,4096,0,0,0,8366,0,1563543225,0,1563543233,0,0,0,0,0,0,0,0,0,4096,256,131072,4,3|4,0,67108864,262144,256,0,0,0,0,996,0,984,0,249,246,0,1,996,0|96,1612829444,3,0,0,64487424,0,64487424,0,197249,0,0,246,0,0,0,0,0,0,0,5441366,0,0,0,0,0
1785758934706|1003|stream64_f2r_3|fixed|94,1378943233,271,6557452,6513120,6522102,6513120,6522102,6513120,5882,5870,5869,5869,0,0,375,0,181098186,180918421,4096,4096,0,0,5870,5870,2214809978,2214809959,2214809986,2214809967,0,0,0,0,0,0,0,0,4096,256,131072,4,3|4,0,67108864,262144,256,0,0,0,0,56,0,44,0,14,11,0,1,56,0|104,2834644696,3,2923104,0,0,0,0,0,3287420,0,11,0,322465351,0,322465351,0,2080,317846381,0,6456339,0,0,0,0,0
1785758934706|1003|stream64_f2r_3|rotating|94,1378943233,560,6657803,6612881,35916,0,35916,0,762,0,381,0,0,0,5959,5959,2433472,0,4096,0,0,0,381,0,2200857334,0,2200857342,0,0,0,0,0,0,0,0,0,4096,256,131072,4,3|4,0,67108864,262144,256,0,0,0,0,56,0,44,0,14,11,0,1,56,0|104,2249162799,3,0,0,2883584,0,2883584,0,9049,0,0,11,0,0,0,0,0,0,0,4997111,0,0,0,0,0
1785758939706|1003|stream64_f2r_3|fixed|96,1378943233,271,13184167,13095056,13112996,13095056,13112996,13095056,11825,11802,11801,11801,0,0,755,0,364132857,363773568,4096,4096,0,0,11802,11802,2534841885,2534841890,2534841893,2534841866,0,0,0,0,0,0,0,0,4096,256,131072,4,3|4,0,67108864,262144,256,0,0,0,0,100,0,88,0,25,22,0,1,100,0|106,3154486756,3,5854112,0,0,0,0,0,6578660,0,22,0,641574659,0,641574659,0,2080,636118571,0,7872383,0,0,0,0,0
1785758939706|1003|stream64_f2r_3|rotating|96,1378943233,560,13261994,13172493,71548,0,71548,0,1518,0,759,0,0,0,11870,11870,4847752,0,4096,0,0,0,759,0,2519443021,0,2519443029,0,0,0,0,0,0,0,0,0,4096,256,131072,4,3|4,0,67108864,262144,256,0,0,0,0,100,0,88,0,25,22,0,1,100,0|106,2567819352,3,0,0,5767168,0,5767168,0,17958,0,0,22,0,0,0,0,0,0,0,5017673,0,0,0,0,0
1785758944716|1003|stream64_f2r_3|fixed|98,1378943233,304,19828413,19694502,19721325,19694502,19721325,19694502,17781,17747,17747,17747,0,0,1136,0,547601432,547062872,4096,4096,0,0,17747,17747,2855613679,2855614012,2855613687,2855614020,0,0,0,0,0,0,0,0,4096,256,131072,4,3|4,0,67108864,262144,256,0,0,0,0,144,0,132,0,36,33,0,1,144,0|108,3475111131,3,8785120,0,0,0,0,0,9878956,0,33,0,961466282,0,961466282,0,2080,955169810,0,9291693,0,0,0,0,0
1785758944716|1003|stream64_f2r_3|rotating|98,1378943233,560,19915376,19781061,107467,0,107467,0,2280,0,1140,0,0,0,17824,17824,7281240,0,4096,0,0,0,1140,0,2840610576,0,2840610584,0,0,0,0,0,0,0,0,0,4096,256,131072,4,3|4,0,67108864,262144,256,0,0,0,0,144,0,132,0,36,33,0,1,144,0|108,2889186891,3,0,0,8650752,0,8650752,0,26937,0,0,33,0,0,0,0,0,0,0,5040679,0,0,0,0,0
1785758949722|1003|stream64_f2r_3|fixed|100,1378943233,271,26467976,26289292,26325066,26289292,26325066,26289292,23734,23689,23688,23688,0,0,1516,0,730938323,730219992,4096,4096,0,0,23689,23689,3176186850,3176186863,3176186858,3176186839,0,0,0,0,0,0,0,0,4096,256,131072,4,3|4,0,67108864,262144,256,0,0,0,0,188,0,176,0,47,44,0,1,188,0|110,3795708801,3,11724032,0,0,0,0,0,13178765,0,44,0,1281329224,0,1281329224,0,2080,1274190261,0,10714807,0,0,0,0,0
1785758949722|1003|stream64_f2r_3|rotating|100,1378943233,560,26538394,26359301,143286,0,143286,0,3040,0,1520,0,0,0,23751,23751,9708352,0,4096,0,0,0,1520,0,3160922421,0,3160922429,0,0,0,0,0,0,0,0,0,4096,256,131072,4,3|4,0,67108864,262144,256,0,0,0,0,188,0,176,0,47,44,0,1,188,0|110,3208507266,3,0,0,11534336,0,11534336,0,35868,0,0,44,0,0,0,0,0,0,0,5062056,0,0,0,0,0
1785758954730|1003|stream64_f2r_3|fixed|102,1378943233,271,33094294,32870710,32915566,32870710,32915566,32870710,29680,29624,29623,29623,0,0,1896,0,914062360,913164507,4096,4096,0,0,29624,29624,3496380544,3496380557,3496380552,3496380565,0,0,0,0,0,0,0,0,4096,256,131072,4,3|4,0,67108864,262144,256,0,0,0,0,232,0,220,0,58,55,0,1,232,0|112,4115987918,3,14655040,0,0,0,0,0,16472723,0,55,0,1600875589,0,1600875589,0,2080,1592894596,0,12135763,0,0,0,0,0
1785758954730|1003|stream64_f2r_3|rotating|102,1378943233,560,33174300,32950313,179102,0,179102,0,3800,0,1900,0,0,0,29695,29695,12135448,0,4096,0,0,0,1900,0,3481232070,0,3481232078,0,0,0,0,0,0,0,0,0,4096,256,131072,4,3|4,0,67108864,262144,256,0,0,0,0,232,0,220,0,58,55,0,1,232,0|112,3529303594,3,0,0,14417920,0,14417920,0,44846,0,0,55,0,0,0,0,0,0,0,5085444,0,0,0,0,0
1785758959738|1003|stream64_f2r_3|fixed|104,1378943233,271,39733241,39464870,39518696,39464870,39518696,39464870,35636,35569,35568,35568,0,0,2276,0,1097492394,1096415021,4096,4096,0,0,35569,35569,3817108940,3817108953,3817108948,3817108961,0,0,0,0,0,0,0,0,4096,256,131072,4,3|4,0,67108864,262144,256,0,0,0,0,280,0,268,0,70,67,0,1,280,0|114,142444900,4,17595264,0,0,0,0,0,19777831,0,67,0,1921564811,0,1921564811,0,2080,1912608984,0,13686923,0,0,0,0,0
1785758959738|1003|stream64_f2r_3|rotating|104,1378943233,560,39826896,39557251,215115,0,215115,0,4564,0,2282,0,0,0,35651,35651,14575296,0,4096,0,0,0,2282,0,3802687832,0,3802687840,0,0,0,0,0,0,0,0,0,4096,256,131072,4,3|4,0,67108864,262144,256,0,0,0,0,280,0,268,0,70,67,0,1,280,0|114,3851591668,3,0,0,17563648,0,17563648,0,53849,0,0,67,0,0,0,0,0,0,0,5107036,0,0,0,0,0
1785758964753|1003|stream64_f2r_3|fixed|106,1378943233,271,46376224,46062241,46125667,46062241,46125667,46062241,41594,41515,41514,41514,0,0,2658,0,1280972222,1279699009,4096,4096,0,0,41515,41515,4138041010,4138041023,4138041018,4138041031,0,0,0,0,0,0,0,0,4096,256,131072,4,3|4,0,67108864,262144,256,0,0,0,0,324,0,312,0,81,78,0,1,324,0|116,462902550,4,20526272,0,0,0,0,0,23075496,0,78,0,2241289709,0,2241289709,0,2080,2231490770,0,15108961,0,0,0,0,0
1785758964753|1003|stream64_f2r_3|rotating|106,1378943233,560,46473133,46158654,251028,0,251028,0,5326,0,2663,0,0,0,41601,41601,17008712,0,4096,0,0,0,2663,0,4123858101,0,4123858109,0,0,0,0,0,0,0,0,0,4096,256,131072,4,3|4,0,67108864,262144,256,0,0,0,0,324,0,312,0,81,78,0,1,324,0|116,4171548996,3,0,0,20447232,0,20447232,0,62804,0,0,78,0,0,0,0,0,0,0,5128402,0,0,0,0,0
1785758969766|1003|stream64_f2r_3|fixed|108,1378943233,271,53018230,52659480,52731852,52659480,52731852,52659480,47549,47459,47458,47458,0,0,3038,0,1464388324,1462935592,4096,4096,0,0,47459,47459,163767649,163767662,163767657,163767638,0,0,0,0,0,0,0,0,4096,256,131072,4,3|4,0,67108864,262144,256,0,0,0,0,368,0,356,0,92,89,0,1,368,0|118,783405628,4,23457280,0,0,0,0,0,26374258,0,89,0,2561060035,0,2561060035,0,2080,2550421481,0,16527502,0,0,0,0,0
1785758969766|1003|stream64_f2r_3|rotating|108,1378943233,560,53098727,52739576,286758,0,286758,0,6084,0,3042,0,0,0,47530,47530,19429440,0,4096,0,0,0,3042,0,148338525,0,148338533,0,0,0,0,0,0,0,0,0,4096,256,131072,4,3|4,0,67108864,262144,256,0,0,0,0,368,0,356,0,92,89,0,1,368,0|118,196707477,4,0,0,23330816,0,23330816,0,71760,0,0,89,0,0,0,0,0,0,0,5151933,0,0,0,0,0
1785758974771|1003|stream64_f2r_3|fixed|110,1378943233,304,59656737,59253367,59334535,59253367,59334535,59253367,53501,53400,53400,53400,0,0,3418,0,1647710400,1646078400,4096,4096,0,0,53400,53400,484293261,484293594,484293269,484293602,0,0,0,0,0,0,0,0,4096,256,131072,4,3|4,0,67108864,262144,256,0,0,0,0,412,0,400,0,103,100,0,1,412,0|120,1104011823,4,26388288,0,0,0,0,0,29674221,0,100,0,2880933478,0,2880933478,0,2080,2869455086,0,17946266,0,0,0,0,0
1785758974771|1003|stream64_f2r_3|rotating|110,1378943233,560,59730803,59327020,322579,0,322579,0,6844,0,3422,0,0,0,53466,53466,21856520,0,4096,0,0,0,3422,0,468646012,0,468646020,0,0,0,0,0,0,0,0,0,4096,256,131072,4,3|4,0,67108864,262144,256,0,0,0,0,412,0,400,0,103,100,0,1,412,0|120,516785255,4,0,0,26214400,0,26214400,0,80714,0,0,100,0,0,0,0,0,0,0,5174026,0,0,0,0,0
1785758979781|1003|stream64_f2r_3|fixed|112,1378943233,271,66294602,65846372,65936581,65846372,65936581,65846372,59452,59340,59340,59340,0,0,3798,0,1830992581,1829180728,4096,4096,0,0,59340,59340,804762162,804762495,804762170,804762503,0,0,0,0,0,0,0,0,4096,256,131072,4,3|4,0,67108864,262144,256,0,0,0,0,456,0,444,0,114,111,0,1,456,0|122,1425090370,4,29327200,0,0,0,0,0,32979188,0,111,0,3201277297,0,3201277297,0,2080,3188960418,0,19365376,0,0,0,0,0
1785758979781|1003|stream64_f2r_3|rotating|112,1378943233,560,66390622,65941811,358582,0,358582,0,7608,0,3804,0,0,0,59426,59426,24296408,0,4096,0,0,0,3804,0,790672878,0,790672886,0,0,0,0,0,0,0,0,0,4096,256,131072,4,3|4,0,67108864,262144,256,0,0,0,0,456,0,444,0,114,111,0,1,456,0|122,838410983,4,0,0,29097984,0,29097984,0,89692,0,0,111,0,0,0,0,0,0,0,5197593,0,0,0,0,0
1785758984790|1003|stream64_f2r_3|fixed|114,1378943233,271,72939060,72445777,72545129,72445777,72545129,72445777,65410,65287,65286,65286,0,0,4179,0,2014478112,2012486820,4096,4096,0,0,65287,65287,1125588078,1125588059,1125588054,1125588067,0,0,0,0,0,0,0,0,4096,256,131072,4,3|4,0,67108864,262144,256,0,0,0,0,504,0,492,0,126,123,0,1,504,0|124,1745163431,4,32259520,0,0,0,0,0,36272179,0,123,0,3520617278,0,3520617278,0,2080,3507328438,0,20911966,0,0,0,0,0
1785758984790|1003|stream64_f2r_3|rotating|114,1378943233,560,73009424,72514966,394405,0,394405,0,8368,0,4184,0,0,0,65349,65349,26723472,0,4096,0,0,0,4184,0,1110405001,0,1110405009,0,0,0,0,0,0,0,0,0,4096,256,131072,4,3|4,0,67108864,262144,256,0,0,0,0,504,0,492,0,126,123,0,1,504,0|124,1158049556,4,0,0,32243712,0,32243712,0,98648,0,0,123,0,0,0,0,0,0,0,5224784,0,0,0,0,0
1785758989791|1003|stream64_f2r_3|fixed|116,1378943233,271,79560944,79022212,79131189,79022212,79131189,79022212,71348,71213,71212,71212,0,0,4559,0,2197332799,2195145666,4096,4096,0,0,71213,71213,1445433865,1445433878,1445433873,1445433886,0,0,0,0,0,0,0,0,4096,256,131072,4,3|4,0,67108864,262144,256,0,0,0,0,548,0,536,0,137,134,0,1,548,0|126,2065044243,4,35182624,0,0,0,0,0,39564615,0,134,0,3839767314,0,3839767314,0,2080,3825634038,0,22333631,0,0,0,0,0
1785758989791|1003|stream64_f2r_3|rotating|116,1378943233,560,79640865,79101637,430226,0,430226,0,9128,0,4564,0,0,0,71284,71284,29150536,0,4096,0,0,0,4564,0,1430715358,0,1430715366,0,0,0,0,0,0,0,0,0,4096,256,131072,4,3|4,0,67108864,262144,256,0,0,0,0,548,0,536,0,137,134,0,1,548,0|126,1478176533,4,0,0,35127296,0,35127296,0,107603,0,0,134,0,0,0,0,0,0,0,5250999,0,0,0,0,0
1785758994802|1003|stream64_f2r_3|fixed|118,1378943233,271,86205348,85621917,85739679,85621917,85739679,85621917,77307,77161,77160,77160,0,0,4940,0,2380862568,2378495921,4096,4096,0,0,77161,77161,1766332332,1766332313,1766332308,1766332321,0,0,0,0,0,0,0,0,4096,256,131072,4,3|4,0,67108864,262144,256,0,0,0,0,592,0,580,0,148,145,0,1,592,0|128,2385796032,4,38121536,0,0,0,0,0,42865117,0,145,0,4159784375,0,4159784375,0,2080,4144810540,0,23754813,0,0,0,0,0
1785758994802|1003|stream64_f2r_3|rotating|118,1378943233,560,86271774,85687947,466048,0,466048,0,9888,0,4944,0,0,0,77219,77219,31577616,0,4096,0,0,0,4944,0,1751025270,0,1751025278,0,0,0,0,0,0,0,0,0,4096,256,131072,4,3|4,0,67108864,262144,256,0,0,0,0,592,0,580,0,148,145,0,1,592,0|128,1798835165,4,0,0,38010880,0,38010880,0,116559,0,0,145,0,0,0,0,0,0,0,5272286,0,0,0,0,0
1785758999807|1003|stream64_f2r_3|fixed|120,1378943233,271,92839603,92211301,92338110,92211301,92338110,92211301,83255,83098,83097,83097,0,0,5320,0,2564054996,2561508823,4096,4096,0,0,83098,83098,2086641523,2086641536,2086641531,2086641544,0,0,0,0,0,0,0,0,4096,256,131072,4,3|4,0,67108864,262144,256,0,0,0,0,636,0,624,0,159,156,0,1,636,0|130,2706372153,4,41052544,0,0,0,0,0,46164857,0,156,0,184660448,1,184660448,1,2080,168845425,1,25174927,0,0,0,0,0
1785758999807|1003|stream64_f2r_3|rotating|120,1378943233,560,92912283,92283597,501870,0,501870,0,10648,0,5324,0,0,0,83162,83162,34004688,0,4096,0,0,0,5324,0,2071334093,0,2071334101,0,0,0,0,0,0,0,0,0,4096,256,131072,4,3|4,0,67108864,262144,256,0,0,0,0,636,0,624,0,159,156,0,1,636,0|130,2119176186,4,0,0,40894464,0,40894464,0,125514,0,0,156,0,0,0,0,0,0,0,5295081,0,0,0,0,0
1785759004812|1003|stream64_f2r_3|fixed|122,1378943233,304,99470940,98797808,98933626,98797808,98933626,98797808,89200,89032,89032,89032,0,0,5700,0,2747171392,2744445952,4096,4096,0,0,89032,89032,2406805625,2406805958,2406805633,2406805966,0,0,0,0,0,0,0,0,4096,256,131072,4,3|4,0,67108864,262144,256,0,0,0,0,680,0,668,0,170,167,0,1,680,0|132,3026520546,4,43983552,0,0,0,0,0,49460090,0,167,0,504076089,1,504076089,1,2080,487420453,1,26594466,0,0,0,0,0
1785759004812|1003|stream64_f2r_3|rotating|122,1378943233,560,99550194,98876675,537688,0,537688,0,11408,0,5704,0,0,0,89103,89103,36431824,0,4096,0,0,0,5704,0,2391642343,0,2391642351,0,0,0,0,0,0,0,0,0,4096,256,131072,4,3|4,0,67108864,262144,256,0,0,0,0,680,0,668,0,170,167,0,1,680,0|132,2440340547,4,0,0,43778048,0,43778048,0,134492,0,0,167,0,0,0,0,0,0,0,5317192,0,0,0,0,0
1785759009832|1003|stream64_f2r_3|fixed|124,1378943233,271,106125753,105407716,105552530,105407716,105552530,105407716,95167,94988,94987,94987,0,0,6081,0,2930938168,2928032959,4096,4096,0,0,94988,94988,2728125951,2728125932,2728125927,2728125940,0,0,0,0,0,0,0,0,4096,256,131072,4,3|4,0,67108864,262144,256,0,0,0,0,724,0,712,0,181,178,0,1,724,0|134,3347865078,4,46922464,0,0,0,0,0,52767449,0,178,0,824685893,1,824685893,1,2080,807189920,1,28015426,0,0,0,0,0
1785759009832|1003|stream64_f2r_3|rotating|124,1378943233,560,106201667,105482459,573695,0,573695,0,12172,0,6086,0,0,0,95055,95055,38871640,0,4096,0,0,0,6086,0,2712972330,0,2712972338,0,0,0,0,0,0,0,0,0,4096,256,131072,4,3|4,0,67108864,262144,256,0,0,0,0,728,0,716,0,182,179,0,1,728,0|134,2760948551,4,0,0,46923776,0,46923776,0,143471,0,0,179,0,0,0,0,0,0,0,5341977,0,0,0,0,0
1785759014833|1003|stream64_f2r_3|fixed|126,1378943233,271,112755772,111992186,112146727,111992186,112146727,111992186,101113,100921,100920,100920,0,0,6461,0,3114005974,3110904921,4096,4096,0,0,100921,100921,3048345967,3048345980,3048345975,3048345988,0,0,0,0,0,0,0,0,4096,256,131072,4,3|4,0,67108864,262144,256,0,0,0,0,772,0,760,0,193,190,0,1,772,0|136,3667977893,4,49846880,0,0,0,0,0,56061030,0,190,0,1144067604,1,1144067604,1,2080,1125592325,1,29567664,0,0,0,0,0
1785759014833|1003|stream64_f2r_3|rotating|126,1378943233,560,112839920,112075838,609517,0,609517,0,12932,0,6466,0,0,0,100996,100996,41298736,0,4096,0,0,0,6466,0,3033408830,0,3033408846,0,0,0,0,0,0,0,0,0,4096,256,131072,4,3|4,0,67108864,262144,256,0,0,0,0,772,0,760,0,193,190,0,1,772,0|136,3081958978,4,0,0,49807360,0,49807360,0,152450,0,0,190,0,0,0,0,0,0,0,5368414,0,0,0,0,0
1785759019842|1003|stream64_f2r_3|fixed|128,1378943233,271,119386155,118577686,118741194,118577686,118741194,118577686,107063,106860,106859,106859,0,0,6842,0,3297259449,3293978884,4096,4096,0,0,106860,106860,3368761260,3368761241,3368761268,3368761249,0,0,0,0,0,0,0,0,4096,256,131072,4,3|4,0,67108864,262144,256,0,0,0,0,816,0,804,0,204,201,0,1,816,0|138,3988399507,4,52785792,0,0,0,0,0,59356111,0,201,0,1463754490,1,1463754490,1,2080,1444440228,1,30987270,0,0,0,0,0
1785759019842|1003|stream64_f2r_3|rotating|128,1378943233,560,119465762,118656920,645338,0,645338,0,13692,0,6846,0,0,0,106931,106931,43725784,0,4096,0,0,0,6846,0,3353717166,0,3353717174,0,0,0,0,0,0,0,0,0,4096,256,131072,4,3|4,0,67108864,262144,256,0,0,0,0,816,0,804,0,204,201,0,1,816,0|138,3401672121,4,0,0,52690944,0,52690944,0,161382,0,0,201,0,0,0,0,0,0,0,5388015,0,0,0,0,0
1785759024855|1003|stream64_f2r_3|fixed|130,1378943233,304,126031431,125178171,125350553,125178171,125350553,125178171,113028,112814,112814,112814,0,0,7223,0,3480988784,3477528944,4096,4096,0,0,112814,112814,3689997305,3689997638,3689997313,3689997646,0,0,0,0,0,0,0,0,4096,256,131072,4,3|4,0,67108864,262144,256,0,0,0,0,860,0,848,0,215,212,0,1,860,0|140,15296696,5,55724704,0,0,0,0,0,62664989,0,212,0,1784884247,1,1784884247,1,2080,1764727945,1,32409933,0,0,0,0,0
1785759024855|1003|stream64_f2r_3|rotating|130,1378943233,560,126121196,125267440,681350,0,681350,0,14456,0,7228,0,0,0,112894,112894,46165648,0,4096,0,0,0,7228,0,3675747607,0,3675747615,0,0,0,0,0,0,0,0,0,4096,256,131072,4,3|4,0,67108864,262144,256,0,0,0,0,860,0,848,0,215,212,0,1,860,0|140,3723277356,4,0,0,55574528,0,55574528,0,170384,0,0,212,0,0,0,0,0,0,0,5405424,0,0,0,0,0
1785759029867|1003|stream64_f2r_3|fixed|132,1378943233,304,132662311,131764378,131945611,131764378,131945611,131764378,118978,118753,118753,118753,0,0,7603,0,3664242568,3660603208,4096,4096,0,0,118753,118753,4010417979,4010418312,4010417987,4010418320,0,0,0,0,0,0,0,0,4096,256,131072,4,3|4,0,67108864,262144,256,0,0,0,0,904,0,892,0,226,223,0,1,904,0|142,335158864,5,58655712,0,0,0,0,0,65954705,0,223,0,2104013663,1,2104013663,1,2080,2083011682,1,33834538,0,0,0,0,0
1785759029867|1003|stream64_f2r_3|rotating|132,1378943233,560,132741540,131843216,717074,0,717074,0,15214,0,7607,0,0,0,118824,118824,48586384,0,4096,0,0,0,7607,0,3995201390,0,3995201398,0,0,0,0,0,0,0,0,0,4096,256,131072,4,3|4,0,67108864,262144,256,0,0,0,0,904,0,892,0,226,223,0,1,904,0|142,4043348884,4,0,0,58458112,0,58458112,0,179338,0,0,223,0,0,0,0,0,0,0,5424414,0,0,0,0,0
1785759034870|1003|stream64_f2r_3|fixed|134,1378943233,271,139287489,138344607,138534972,138344607,138534972,138344607,124924,124688,124687,124687,0,0,7983,0,3847353040,3843533907,4096,4096,0,0,124688,124688,35629813,35629826,35629821,35629834,0,0,0,0,0,0,0,0,4096,256,131072,4,3|4,0,67108864,262144,256,0,0,0,0,948,0,936,0,237,234,0,1,948,0|144,655288290,5,61586720,0,0,0,0,0,69246565,0,234,0,2423410337,1,2423410337,1,2080,2401568243,1,35253577,0,0,0,0,0
1785759034870|1003|stream64_f2r_3|rotating|134,1378943233,560,139369151,138425859,752891,0,752891,0,15974,0,7987,0,0,0,124760,124760,51013464,0,4096,0,0,0,7987,0,20541820,0,20541828,0,0,0,0,0,0,0,0,0,4096,256,131072,4,3|5,0,67108864,262144,256,0,0,0,0,952,0,940,0,238,235,0,1,952,0|144,68529959,5,0,0,61603840,0,61603840,0,188293,0,0,235,0,0,0,0,0,0,0,5447659,0,0,0,0,0
1785759039885|1003|stream64_f2r_3|fixed|136,1378943233,271,145930690,144942240,145142260,144942240,145142260,144942240,130886,130638,130638,130637,0,0,8364,0,4030962226,4026947213,4096,4096,0,0,130638,130638,356782106,356782295,356782114,356782303,0,0,0,0,0,0,0,0,4096,256,131072,4,3|4,0,67108864,262144,256,0,0,0,0,996,0,984,0,249,246,0,1,996,0|146,976448480,5,64519040,0,0,0,0,0,72547786,0,246,0,2743837447,1,2743837447,1,2080,2721020973,1,36802586,0,0,0,0,0
1785759039885|1003|stream64_f2r_3|rotating|136,1378943233,560,145999959,145011107,788810,0,788810,0,16736,0,8368,0,0,0,130700,130700,53446936,0,4096,0,0,0,8368,0,341135889,0,341135897,0,0,0,0,0,0,0,0,0,4096,256,131072,4,3|4,0,67108864,262144,256,0,0,0,0,996,0,984,0,249,246,0,1,996,0|146,389222131,5,0,0,64487424,0,64487424,0,197272,0,0,246,0,0,0,0,0,0,0,5473835,0,0,0,0,0
1785759049775|1004|stream64_f2r_4|fixed|140,1378943233,271,6171214,6127446,6135959,6127446,6135959,6127446,5860,5848,5847,5847,0,0,374,0,180495243,180315486,4096,4096,0,0,5848,5848,989779869,989779866,989779877,989779874,0,0,0,0,0,0,0,0,4096,256,131072,4,3|4,0,67108864,262144,256,0,0,0,0,56,0,44,0,14,11,0,1,56,0|154,1609266862,5,2915200,0,0,0,0,0,3089343,0,11,0,321034754,0,321034754,0,2080,316321889,0,6572824,0,0,0,0,0
1785759049775|1004|stream64_f2r_4|rotating|140,1378943233,560,6242617,6198455,35635,0,35635,0,756,0,378,0,0,0,5915,5915,2414336,0,4096,0,0,0,378,0,974427508,0,974427516,0,0,0,0,0,0,0,0,0,4096,256,131072,4,3|4,0,67108864,262144,256,0,0,0,0,56,0,44,0,14,11,0,1,56,0|154,1022199416,5,0,0,2883584,0,2883584,0,8955,0,0,11,0,0,0,0,0,0,0,5101407,0,0,0,0,0
1785759054784|1004|stream64_f2r_4|fixed|142,1378943233,304,12441204,12352998,12370127,12352998,12370127,12352998,11811,11789,11788,11788,0,0,754,0,363876432,363517200,4096,4096,0,0,11788,11788,1310288002,1310288327,1310288010,1310288335,0,0,0,0,0,0,0,0,4096,256,131072,4,3|4,0,67108864,262144,256,0,0,0,0,100,0,88,0,25,22,0,1,100,0|156,1929791379,5,5846208,0,0,0,0,0,6204386,0,22,0,640826519,0,640826519,0,2080,635259355,0,8006049,0,0,0,0,0
1785759054784|1004|stream64_f2r_4|rotating|142,1378943233,560,12513198,12424595,71454,0,71454,0,1516,0,758,0,0,0,11856,11856,4841376,0,4096,0,0,0,758,0,1294749417,0,1294749433,0,0,0,0,0,0,0,0,0,4096,256,131072,4,3|4,0,67108864,262144,256,0,0,0,0,100,0,88,0,25,22,0,1,100,0|156,1343667309,5,0,0,5767168,0,5767168,0,17938,0,0,22,0,0,0,0,0,0,0,5125000,0,0,0,0,0
1785759059787|1004|stream64_f2r_4|fixed|144,1378943233,271,18721722,18589150,18614729,18589150,18614729,18589150,17772,17739,17737,17737,0,0,1135,0,547533157,546994160,4096,4096,0,0,17738,17738,1631300650,1631300671,1631300658,1631300655,0,0,0,0,0,0,0,0,4096,256,131072,4,3|4,0,67108864,262144,256,0,0,0,0,144,0,132,0,36,33,0,1,144,0|158,2250791502,5,8785120,0,0,0,0,0,9324551,0,33,0,961091914,0,961091914,0,2080,954671934,0,9439488,0,0,0,0,0
1785759059787|1004|stream64_f2r_4|rotating|144,1378943233,560,18802249,18669182,107467,0,107467,0,2280,0,1140,0,0,0,17814,17814,7281240,0,4096,0,0,0,1140,0,1616790636,0,1616790644,0,0,0,0,0,0,0,0,0,4096,256,131072,4,3|4,0,67108864,262144,256,0,0,0,0,144,0,132,0,36,33,0,1,144,0|158,1665087732,5,0,0,8650752,0,8650752,0,26937,0,0,33,0,0,0,0,0,0,0,5143557,0,0,0,0,0
1785759064796|1004|stream64_f2r_4|fixed|146,1378943233,271,24976984,24800166,24834262,24800166,24834262,24800166,23709,23665,23663,23663,0,0,1514,0,730441598,729723129,4096,4096,0,0,23664,23664,1951010041,1951010054,1951010049,1951010062,0,0,0,0,0,0,0,0,4096,256,131072,4,3|4,0,67108864,262144,256,0,0,0,0,188,0,176,0,47,44,0,1,188,0|160,2570642943,5,11708224,0,0,0,0,0,12433743,0,44,0,1280212579,0,1280212579,0,2080,1272934813,0,10874503,0,0,0,0,0
1785759064796|1004|stream64_f2r_4|rotating|146,1378943233,560,25052960,24875654,143193,0,143193,0,3038,0,1519,0,0,0,23735,23735,9701960,0,4096,0,0,0,1519,0,1936254851,0,1936254859,0,0,0,0,0,0,0,0,0,4096,256,131072,4,3|4,0,67108864,262144,256,0,0,0,0,188,0,176,0,47,44,0,1,188,0|160,1983974942,5,0,0,11534336,0,11534336,0,35844,0,0,44,0,0,0,0,0,0,0,5163657,0,0,0,0,0
1785759069802|1004|stream64_f2r_4|fixed|148,1378943233,271,31239676,31018411,31061135,31018411,31061135,31018411,29658,29603,29601,29601,0,0,1894,0,913743868,912845975,4096,4096,0,0,29602,29602,2271397090,2271397095,2271397098,2271397103,0,0,0,0,0,0,0,0,4096,256,131072,4,3|4,0,67108864,262144,256,0,0,0,0,232,0,220,0,58,55,0,1,232,0|162,2891076989,5,14639232,0,0,0,0,0,15545348,0,55,0,1599913873,0,1599913873,0,2080,1591778443,0,12311093,0,0,0,0,0
1785759069802|1004|stream64_f2r_4|rotating|148,1378943233,560,31314113,31092360,179008,0,179008,0,3798,0,1899,0,0,0,29672,29672,12129072,0,4096,0,0,0,1899,0,2256580126,0,2256580134,0,0,0,0,0,0,0,0,0,4096,256,131072,4,3|4,0,67108864,262144,256,0,0,0,0,232,0,220,0,58,55,0,1,232,0|162,2304147654,5,0,0,14417920,0,14417920,0,44799,0,0,55,0,0,0,0,0,0,0,5185559,0,0,0,0,0
1785759074815|1004|stream64_f2r_4|fixed|150,1378943233,271,37516896,37251149,37302445,37251149,37302445,37251149,35618,35552,35550,35550,0,0,2275,0,1097392851,1096315616,4096,4096,0,0,35551,35551,2592377789,2592377810,2592377797,2592377778,0,0,0,0,0,0,0,0,4096,256,131072,4,3|4,0,67108864,262144,256,0,0,0,0,280,0,268,0,70,67,0,1,280,0|164,3211889541,5,17579456,0,0,0,0,0,18660793,0,67,0,1919991369,0,1919991369,0,2080,1910871623,0,13871735,0,0,0,0,0
1785759074815|1004|stream64_f2r_4|rotating|150,1378943233,560,37587521,37320648,214925,0,214925,0,4560,0,2280,0,0,0,35617,35617,14562512,0,4096,0,0,0,2280,0,2577185838,0,2577185846,0,0,0,0,0,0,0,0,0,4096,256,131072,4,3|4,0,67108864,262144,256,0,0,0,0,280,0,268,0,70,67,0,1,280,0|164,2624905489,5,0,0,17563648,0,17563648,0,53778,0,0,67,0,0,0,0,0,0,0,5209002,0,0,0,0,0
1785759079846|1004|stream64_f2r_4|fixed|152,1378943233,304,43810144,43499056,43559587,43499056,43559587,43499056,41593,41515,41514,41514,0,0,2658,0,1281469016,1280196136,4096,4096,0,0,41514,41514,2914230292,2914230625,2914230300,2914230633,0,0,0,0,0,0,0,0,4096,256,131072,4,3|4,0,67108864,262144,256,0,0,0,0,324,0,312,0,81,78,0,1,324,0|166,3533948274,5,20526272,0,0,0,0,0,21790359,0,78,0,2241313398,0,2241313398,0,2080,2231340258,0,15307449,0,0,0,0,0
1785759079846|1004|stream64_f2r_4|rotating|152,1378943233,560,43884428,43572930,250934,0,250934,0,5324,0,2662,0,0,0,41584,41584,17002336,0,4096,0,0,0,2662,0,2899229293,0,2899229309,0,0,0,0,0,0,0,0,0,4096,256,131072,4,3|4,0,67108864,262144,256,0,0,0,0,324,0,312,0,81,78,0,1,324,0|166,2946834934,5,0,0,20447232,0,20447232,0,62780,0,0,78,0,0,0,0,0,0,0,5234330,0,0,0,0,0
1785759084853|1004|stream64_f2r_4|fixed|154,1378943233,304,50083466,49728060,49797088,49728060,49797088,49728060,47547,47458,47457,47457,0,0,3038,0,1464919656,1463467464,4096,4096,0,0,47457,47457,3234875784,3234876125,3234875792,3234876133,0,0,0,0,0,0,0,0,4096,256,131072,4,3|4,0,67108864,262144,256,0,0,0,0,368,0,356,0,92,89,0,1,368,0|168,3854389556,5,23457280,0,0,0,0,0,24904941,0,89,0,2561021928,0,2561021928,0,2080,2550193176,0,16741987,0,0,0,0,0
1785759084853|1004|stream64_f2r_4|rotating|154,1378943233,560,50165877,49809970,286853,0,286853,0,6086,0,3043,0,0,0,47535,47535,19435824,0,4096,0,0,0,3043,0,3220412079,0,3220412087,0,0,0,0,0,0,0,0,0,4096,256,131072,4,3|4,0,67108864,262144,256,0,0,0,0,368,0,356,0,92,89,0,1,368,0|168,3268699060,5,0,0,23330816,0,23330816,0,71783,0,0,89,0,0,0,0,0,0,0,5258568,0,0,0,0,0
1785759089860|1004|stream64_f2r_4|fixed|156,1378943233,304,56352614,55952896,56030412,55952896,56030412,55952896,53497,53397,53396,53396,0,0,3418,0,1648246800,1646615016,4096,4096,0,0,53396,53396,3555306841,3555307190,3555306857,3555307198,0,0,0,0,0,0,0,0,4096,256,131072,4,3|4,0,67108864,262144,256,0,0,0,0,412,0,400,0,103,100,0,1,412,0|170,4175075243,5,26388288,0,0,0,0,0,28022078,0,100,0,2880974863,0,2880974863,0,2080,2869290028,0,18176996,0,0,0,0,0
1785759089860|1004|stream64_f2r_4|rotating|156,1378943233,560,56422015,56021894,322579,0,322579,0,6844,0,3422,0,0,0,53461,53461,21856520,0,4096,0,0,0,3422,0,3539876272,0,3539876280,0,0,0,0,0,0,0,0,0,4096,256,131072,4,3|4,0,67108864,262144,256,0,0,0,0,412,0,400,0,103,100,0,1,412,0|170,3588480391,5,0,0,26214400,0,26214400,0,80714,0,0,100,0,0,0,0,0,0,0,5276196,0,0,0,0,0
1785759094874|1004|stream64_f2r_4|fixed|158,1378943233,271,62646197,62201860,62287989,62201860,62287989,62201860,59470,59359,59357,59357,0,0,3800,0,1832270220,1830458536,4096,4096,0,0,59358,59358,3876954991,3876955004,3876954999,3876954996,0,0,0,0,0,0,0,0,4096,256,131072,4,3|4,0,67108864,262144,256,0,0,0,0,456,0,444,0,114,111,0,1,456,0|172,201545564,6,29327200,0,0,0,0,0,31146713,0,111,0,3201677752,0,3201677752,0,2080,3189143961,0,19606575,0,0,0,0,0
1785759094874|1004|stream64_f2r_4|rotating|158,1378943233,560,62740344,62295511,358676,0,358676,0,7610,0,3805,0,0,0,59447,59447,24302784,0,4096,0,0,0,3805,0,3862773152,0,3862773160,0,0,0,0,0,0,0,0,0,4096,256,131072,4,3|5,0,67108864,262144,256,0,0,0,0,460,0,448,0,115,112,0,1,460,0|172,3911183047,5,0,0,29360128,0,29360128,0,89763,0,0,112,0,0,0,0,0,0,0,5300645,0,0,0,0,0
1785759099880|1004|stream64_f2r_4|fixed|160,1378943233,271,68901810,68413131,68507879,68413131,68507879,68413131,65408,65286,65284,65284,0,0,4179,0,2015210911,2013219738,4096,4096,0,0,65285,65285,4196715404,4196715417,4196715412,4196715425,0,0,0,0,0,0,0,0,4096,256,131072,4,3|4,0,67108864,262144,256,0,0,0,0,504,0,492,0,126,123,0,1,504,0|174,521186418,6,32251616,0,0,0,0,0,34252112,0,123,0,3520587502,0,3520587502,0,2080,3507066923,0,21166295,0,0,0,0,0
1785759099880|1004|stream64_f2r_4|rotating|160,1378943233,560,68969695,68479894,394405,0,394405,0,8368,0,4184,0,0,0,65348,65348,26723472,0,4096,0,0,0,4184,0,4181658898,0,4181658906,0,0,0,0,0,0,0,0,0,4096,256,131072,4,3|4,0,67108864,262144,256,0,0,0,0,504,0,492,0,126,123,0,1,504,0|174,4229748172,5,0,0,32243712,0,32243712,0,98672,0,0,123,0,0,0,0,0,0,0,5327549,0,0,0,0,0
1785759104884|1004|stream64_f2r_4|fixed|162,1378943233,271,75160848,74627129,74731093,74627129,74731093,74627129,71349,71215,71213,71213,0,0,4559,0,2198237223,2196049930,4096,4096,0,0,71214,71214,221774860,221774873,221774868,221774881,0,0,0,0,0,0,0,0,4096,256,131072,4,3|4,0,67108864,262144,256,0,0,0,0,548,0,536,0,137,134,0,1,548,0|176,841357607,6,35182624,0,0,0,0,0,37364068,0,134,0,3840025939,0,3840025939,0,2080,3825650770,0,22599811,0,0,0,0,0
1785759104884|1004|stream64_f2r_4|rotating|162,1378943233,560,75234079,74699877,430226,0,430226,0,9128,0,4564,0,0,0,71282,71282,29150536,0,4096,0,0,0,4564,0,207013819,0,207013827,0,0,0,0,0,0,0,0,0,4096,256,131072,4,3|4,0,67108864,262144,256,0,0,0,0,548,0,536,0,137,134,0,1,548,0|176,254385803,6,0,0,35127296,0,35127296,0,107603,0,0,134,0,0,0,0,0,0,0,5350210,0,0,0,0,0
1785759109896|1004|stream64_f2r_4|fixed|164,1378943233,271,81440006,80862107,80974337,80862107,80974337,80862107,77310,77165,77163,77163,0,0,4940,0,2381918034,2379551405,4096,4096,0,0,77164,77164,542815582,542815579,542815590,542815587,0,0,0,0,0,0,0,0,4096,256,131072,4,3|4,0,67108864,262144,256,0,0,0,0,592,0,580,0,148,145,0,1,592,0|178,1163127924,6,38129440,0,0,0,0,0,40490704,0,145,0,4161059552,0,4161059552,0,2080,4145831767,0,24034747,0,0,0,0,0
1785759109896|1004|stream64_f2r_4|rotating|164,1378943233,560,81527174,80948772,466143,0,466143,0,9890,0,4945,0,0,0,77246,77246,31584016,0,4096,0,0,0,4945,0,528197018,0,528197026,0,0,0,0,0,0,0,0,0,4096,256,131072,4,3|4,0,67108864,262144,256,0,0,0,0,592,0,580,0,148,145,0,1,592,0|178,576509277,6,0,0,38010880,0,38010880,0,116606,0,0,145,0,0,0,0,0,0,0,5369767,0,0,0,0,0
1785759114910|1004|stream64_f2r_4|fixed|166,1378943233,271,87713585,87091420,87212092,87091420,87212092,87091420,83264,83108,83106,83106,0,0,5320,0,2565359368,2562813342,4096,4096,0,0,83107,83107,863443238,863443211,863443230,863443219,0,0,0,0,0,0,0,0,4096,256,131072,4,3|4,0,67108864,262144,256,0,0,0,0,636,0,624,0,159,156,0,1,636,0|180,1483132869,6,41052544,0,0,0,0,0,43601350,0,156,0,185366425,1,185366425,1,2080,169286543,1,25464073,0,0,0,0,0
1785759114910|1004|stream64_f2r_4|rotating|166,1378943233,560,87789146,87166523,501965,0,501965,0,10650,0,5325,0,0,0,83178,83178,34011080,0,4096,0,0,0,5325,0,848515043,0,848515051,0,0,0,0,0,0,0,0,0,4096,256,131072,4,3|4,0,67108864,262144,256,0,0,0,0,636,0,624,0,159,156,0,1,636,0|180,896269698,6,0,0,40894464,0,40894464,0,125538,0,0,156,0,0,0,0,0,0,0,5395054,0,0,0,0,0
1785759119914|1004|stream64_f2r_4|fixed|168,1378943233,304,93983388,93316865,93445980,93316865,93445980,93316865,89214,89047,89046,89046,0,0,5701,0,2748704736,2745979424,4096,4096,0,0,89046,89046,1183888216,1183888565,1183888224,1183888573,0,0,0,0,0,0,0,0,4096,256,131072,4,3|4,0,67108864,262144,256,0,0,0,0,680,0,668,0,170,167,0,1,680,0|182,1803539120,6,43991456,0,0,0,0,0,46715821,0,167,0,505037948,1,505037948,1,2080,488108245,1,26894517,0,0,0,0,0
1785759119914|1004|stream64_f2r_4|rotating|168,1378943233,560,94050892,93383962,537782,0,537782,0,11410,0,5705,0,0,0,89110,89110,36438224,0,4096,0,0,0,5705,0,1168834217,0,1168834225,0,0,0,0,0,0,0,0,0,4096,256,131072,4,3|4,0,67108864,262144,256,0,0,0,0,680,0,668,0,170,167,0,1,680,0|182,1217136854,6,0,0,43778048,0,43778048,0,134515,0,0,167,0,0,0,0,0,0,0,5417800,0,0,0,0,0
1785759124926|1004|stream64_f2r_4|fixed|170,1378943233,271,100255802,99545176,99682579,99545176,99682579,99545176,95168,94991,94988,94988,0,0,6081,0,2932133768,2929228824,4096,4096,0,0,94989,94989,1504504180,1504504193,1504504188,1504504185,0,0,0,0,0,0,0,0,4096,256,131072,4,3|4,0,67108864,262144,256,0,0,0,0,724,0,712,0,181,178,0,1,724,0|184,2124054601,6,46922464,0,0,0,0,0,49831093,0,178,0,824820677,1,824820677,1,2080,807041380,1,28323037,0,0,0,0,0
1785759124926|1004|stream64_f2r_4|rotating|170,1378943233,560,100328451,99616719,573695,0,573695,0,12172,0,6086,0,0,0,95057,95057,38871640,0,4096,0,0,0,6086,0,1489312215,0,1489312223,0,0,0,0,0,0,0,0,0,4096,256,131072,4,3|4,0,67108864,262144,256,0,0,0,0,728,0,716,0,182,179,0,1,728,0|184,1537282375,6,0,0,46923776,0,46923776,0,143471,0,0,179,0,0,0,0,0,0,0,5442996,0,0,0,0,0
1785759129938|1004|stream64_f2r_4|fixed|172,1378943233,271,106530222,105774501,105921082,105774501,105921082,105774501,101125,100935,100932,100932,0,0,6462,0,3115616632,3112515776,4096,4096,0,0,100933,100933,1825330491,1825330488,1825330459,1825330448,0,0,0,0,0,0,0,0,4096,256,131072,4,3|4,0,67108864,262144,256,0,0,0,0,772,0,760,0,193,190,0,1,772,0|186,2444918484,6,49854784,0,0,0,0,0,52948357,0,190,0,1144951480,1,1144951480,1,2080,1126181895,1,29887954,0,0,0,0,0
1785759129938|1004|stream64_f2r_4|rotating|172,1378943233,560,106604197,105847985,609611,0,609611,0,12934,0,6467,0,0,0,101002,101002,41305112,0,4096,0,0,0,6467,0,1810620934,0,1810620942,0,0,0,0,0,0,0,0,0,4096,256,131072,4,3|4,0,67108864,262144,256,0,0,0,0,772,0,760,0,193,190,0,1,772,0|186,1858184605,6,0,0,49807360,0,49807360,0,152450,0,0,190,0,0,0,0,0,0,0,5464771,0,0,0,0,0
1785759134940|1004|stream64_f2r_4|fixed|174,1378943233,304,112790784,111990962,112145823,111990962,112145823,111990962,107072,106871,106869,106869,0,0,6842,0,3298872184,3295591776,4096,4096,0,0,106869,106869,2145619198,2145619515,2145619206,2145619531,0,0,0,0,0,0,0,0,4096,256,131072,4,3|4,0,67108864,262144,256,0,0,0,0,816,0,804,0,204,201,0,1,816,0|188,2764231777,6,52777888,0,0,0,0,0,56049064,0,201,0,1463533997,1,1463533997,1,2080,1443909825,1,31319770,0,0,0,0,0
1785759134940|1004|stream64_f2r_4|rotating|174,1378943233,560,112844516,112044404,645243,0,645243,0,13690,0,6845,0,0,0,106920,106920,43719392,0,4096,0,0,0,6845,0,2129222382,0,2129222390,0,0,0,0,0,0,0,0,0,4096,256,131072,4,3|4,0,67108864,262144,256,0,0,0,0,816,0,804,0,204,201,0,1,816,0|188,2177426879,6,0,0,52690944,0,52690944,0,161382,0,0,201,0,0,0,0,0,0,0,5484749,0,0,0,0,0
1785759139945|1004|stream64_f2r_4|fixed|176,1378943233,271,119046654,118202609,118365871,118202609,118365871,118202609,113017,112805,112802,112802,0,0,7222,0,3482037181,3478577104,4096,4096,0,0,112803,112803,2465775017,2465775030,2465775025,2465775038,0,0,0,0,0,0,0,0,4096,256,131072,4,3|4,0,67108864,262144,256,0,0,0,0,860,0,848,0,215,212,0,1,860,0|190,3085436397,6,55716800,0,0,0,0,0,59167384,0,212,0,1784003889,1,1784003889,1,2080,1763526776,1,32753334,0,0,0,0,0
1785759139945|1004|stream64_f2r_4|rotating|176,1378943233,560,119120628,118276206,681162,0,681162,0,14452,0,7226,0,0,0,112873,112872,46152880,0,4096,0,0,0,7226,0,2450404184,0,2450404192,0,0,0,0,0,0,0,0,0,4096,256,131072,4,3|4,0,67108864,262144,256,0,0,0,0,860,0,848,0,215,212,0,1,860,0|190,2498499297,6,0,0,55574528,0,55574528,0,170361,0,0,212,0,0,0,0,0,0,0,5509395,0,0,0,0,0
1785759144946|1004|stream64_f2r_4|fixed|178,1378943233,271,125303483,124415161,124586878,124415161,124586878,124415161,118961,118738,118735,118735,0,0,7602,0,3665160680,3661521033,4096,4096,0,0,118736,118736,2785859356,2785859353,2785859324,2785859361,0,0,0,0,0,0,0,0,4096,256,131072,4,3|4,0,67108864,262144,256,0,0,0,0,904,0,892,0,226,223,0,1,904,0|192,3404769870,6,58639904,0,0,0,0,0,62268462,0,223,0,2102606586,1,2102606586,1,2080,2081271234,1,34188802,0,0,0,0,0
1785759144946|1004|stream64_f2r_4|rotating|178,1378943233,560,125365975,124477332,716888,0,716888,0,15210,0,7605,0,0,0,118794,118794,48573600,0,4096,0,0,0,7605,0,2769868839,0,2769868847,0,0,0,0,0,0,0,0,0,4096,256,131072,4,3|4,0,67108864,262144,256,0,0,0,0,904,0,892,0,226,223,0,1,904,0|192,2819483603,6,0,0,58458112,0,58458112,0,179315,0,0,223,0,0,0,0,0,0,0,5534884,0,0,0,0,0
1785759149955|1004|stream64_f2r_4|fixed|180,1378943233,271,131572736,130639997,130820313,130639997,130820313,130639997,124916,124682,124679,124679,0,0,7982,0,3848662593,3844843548,4096,4096,0,0,124680,124680,3106581834,3106581807,3106581842,3106581815,0,0,0,0,0,0,0,0,4096,256,131072,4,3|4,0,67108864,262144,256,0,0,0,0,948,0,936,0,237,234,0,1,948,0|194,3726783416,6,61586720,0,0,0,0,0,65395491,0,234,0,2423883428,1,2423883428,1,2080,2401699674,1,35619524,0,0,0,0,0
1785759149955|1004|stream64_f2r_4|rotating|180,1378943233,560,131678252,130744923,752985,0,752985,0,15976,0,7988,0,0,0,124780,124780,51019840,0,4096,0,0,0,7988,0,3092766851,0,3092766867,0,0,0,0,0,0,0,0,0,4096,256,131072,4,3|4,0,67108864,262144,256,0,0,0,0,952,0,940,0,238,235,0,1,952,0|194,3141654607,6,0,0,61603840,0,61603840,0,188341,0,0,235,0,0,0,0,0,0,0,5555854,0,0,0,0,0
1785759154970|1004|stream64_f2r_4|fixed|182,1378943233,271,137844541,136866600,137056111,136866600,137056111,136866600,130875,130629,130626,130626,0,0,8364,0,4032238064,4028223222,4096,4096,0,0,130627,130627,3427567854,3427567835,3427567838,3427567843,0,0,0,0,0,0,0,0,4096,256,131072,4,3|4,0,67108864,262144,256,0,0,0,0,996,0,984,0,249,246,0,1,996,0|196,4047034907,6,64511136,0,0,0,0,0,68503878,0,246,0,2743403815,1,2743403815,1,2080,2720229654,1,37182863,0,0,0,0,0
1785759154970|1004|stream64_f2r_4|rotating|182,1378943233,560,137927014,136948689,788810,0,788810,0,16736,0,8368,0,0,0,130705,130705,53446936,0,4096,0,0,0,8368,0,3412515724,0,3412515732,0,0,0,0,0,0,0,0,0,4096,256,131072,4,3|4,0,67108864,262144,256,0,0,0,0,996,0,984,0,249,246,0,1,996,0|196,3461362512,6,0,0,64487424,0,64487424,0,197272,0,0,246,0,0,0,0,0,0,0,5574965,0,0,0,0,0
1785759164914|1005|stream64_f2r_5|fixed|186,1378943233,271,6127023,6083446,6091768,6083446,6091768,6083446,5862,5850,5849,5849,0,0,374,0,180551063,180374698,4096,4096,0,0,5850,5850,4064073129,4064073134,4064073137,4064073142,0,0,0,0,0,0,0,0,4096,256,131072,4,3|4,0,67108864,262144,256,0,0,0,0,56,0,44,0,14,11,0,1,56,0|204,388594969,7,2915200,0,0,0,0,0,3067152,0,11,0,321450176,0,321450176,0,2080,316434497,0,6945517,0,0,0,0,0
1785759164914|1005|stream64_f2r_5|rotating|186,1378943233,560,6192602,6148628,35635,0,35635,0,756,0,378,0,0,0,5912,5912,2414336,0,4096,0,0,0,378,0,4048612120,0,4048612128,0,0,0,0,0,0,0,0,0,4096,256,131072,4,3|4,0,67108864,262144,256,0,0,0,0,56,0,44,0,14,11,0,1,56,0|204,4096449319,6,0,0,2883584,0,2883584,0,8955,0,0,11,0,0,0,0,0,0,0,5465158,0,0,0,0,0
1785759169925|1005|stream64_f2r_5|fixed|188,1378943233,271,12353951,12265954,12282874,12265954,12282874,12265954,11817,11795,11793,11793,0,0,754,0,364027722,363669301,4096,4096,0,0,11794,11794,89800513,89800526,89800521,89800534,0,0,0,0,0,0,0,0,4096,256,131072,4,3|4,0,67108864,262144,256,0,0,0,0,100,0,88,0,25,22,0,1,100,0|206,709372054,7,5846208,0,0,0,0,0,6161477,0,22,0,641494509,0,641494509,0,2080,635628311,0,8374962,0,0,0,0,0
1785759169925|1005|stream64_f2r_5|rotating|188,1378943233,560,12422761,12334294,71548,0,71548,0,1518,0,759,0,0,0,11859,11859,4847752,0,4096,0,0,0,759,0,74822497,0,74822505,0,0,0,0,0,0,0,0,0,4096,256,131072,4,3|4,0,67108864,262144,256,0,0,0,0,100,0,88,0,25,22,0,1,100,0|206,122245515,7,0,0,5767168,0,5767168,0,17934,0,0,22,0,0,0,0,0,0,0,5493886,0,0,0,0,0
1785759174939|1005|stream64_f2r_5|fixed|190,1378943233,271,18581917,18449780,18474924,18449780,18474924,18449780,17772,17739,17738,17738,0,0,1135,0,547521204,546984503,4096,4096,0,0,17738,17738,410521903,410522212,410521911,410522228,0,0,0,0,0,0,0,0,4096,256,131072,4,3|4,0,67108864,262144,256,0,0,0,0,144,0,132,0,36,33,0,1,144,0|208,1030207762,7,8785120,0,0,0,0,0,9256377,0,33,0,961595489,0,961595489,0,2080,954874739,0,9810137,0,0,0,0,0
1785759174939|1005|stream64_f2r_5|rotating|190,1378943233,560,18657349,18524808,107373,0,107373,0,2278,0,1139,0,0,0,17810,17810,7274864,0,4096,0,0,0,1139,0,395146368,0,395146376,0,0,0,0,0,0,0,0,0,4096,256,131072,4,3|4,0,67108864,262144,256,0,0,0,0,144,0,132,0,36,33,0,1,144,0|208,443453775,7,0,0,8650752,0,8650752,0,26913,0,0,33,0,0,0,0,0,0,0,5514746,0,0,0,0,0
1785759179944|1005|stream64_f2r_5|fixed|192,1378943233,271,24802831,24626385,24660015,24626385,24660015,24626385,23721,23677,23675,23675,0,0,1515,0,730797584,730081335,4096,4096,0,0,23676,23676,730880346,730880311,730880322,730880319,0,0,0,0,0,0,0,0,4096,256,131072,4,3|4,0,67108864,262144,256,0,0,0,0,188,0,176,0,47,44,0,1,188,0|210,1350557581,7,11716128,0,0,0,0,0,12346800,0,44,0,1281212556,0,1281212556,0,2080,1273640789,0,11240080,0,0,0,0,0
1785759179944|1005|stream64_f2r_5|rotating|192,1378943233,560,24878698,24701786,143286,0,143286,0,3040,0,1520,0,0,0,23748,23748,9708352,0,4096,0,0,0,1520,0,716324548,0,716324556,0,0,0,0,0,0,0,0,0,4096,256,131072,4,3|4,0,67108864,262144,256,0,0,0,0,188,0,176,0,47,44,0,1,188,0|210,765436226,7,0,0,11534336,0,11534336,0,35915,0,0,44,0,0,0,0,0,0,0,5541985,0,0,0,0,0
1785759184952|1005|stream64_f2r_5|fixed|194,1378943233,271,31020212,30799366,30841578,30799366,30841578,30799366,29672,29617,29615,29615,0,0,1895,0,914152415,913255512,4096,4096,0,0,29616,29616,1051359236,1051359257,1051359244,1051359225,0,0,0,0,0,0,0,0,4096,256,131072,4,3|4,0,67108864,262144,256,0,0,0,0,232,0,220,0,58,55,0,1,232,0|212,1671693728,7,14655040,0,0,0,0,0,15441652,0,55,0,1601613975,0,1601613975,0,2080,1593197430,0,12665481,0,0,0,0,0
1785759184952|1005|stream64_f2r_5|rotating|194,1378943233,560,31110459,30889020,179196,0,179196,0,3802,0,1901,0,0,0,29702,29702,12141824,0,4096,0,0,0,1901,0,1037498174,0,1037498182,0,0,0,0,0,0,0,0,0,4096,256,131072,4,3|4,0,67108864,262144,256,0,0,0,0,232,0,220,0,59,56,0,1,236,0|212,1085018808,7,0,0,14680064,0,14680064,0,44870,0,0,56,0,0,0,0,0,0,0,5560881,0,0,0,0,0
1785759189965|1005|stream64_f2r_5|fixed|196,1378943233,271,37251402,36986335,37036857,36986335,37036857,36986335,35633,35567,35565,35565,0,0,2276,0,1097812364,1096738632,4096,4096,0,0,35566,35566,1372382048,1372382053,1372382056,1372382029,0,0,0,0,0,0,0,0,4096,256,131072,4,3|4,0,67108864,262144,256,0,0,0,0,280,0,268,0,70,67,0,1,280,0|214,1992170703,7,17587360,0,0,0,0,0,18530770,0,67,0,1921357870,0,1921357870,0,2080,1911951889,0,14229546,0,0,0,0,0
1785759189965|1005|stream64_f2r_5|rotating|196,1378943233,560,37338191,37071898,215115,0,215115,0,4564,0,2282,0,0,0,35648,35648,14575296,0,4096,0,0,0,2282,0,1358107289,0,1358107297,0,0,0,0,0,0,0,0,0,4096,256,131072,4,3|4,0,67108864,262144,256,0,0,0,0,280,0,268,0,70,67,0,1,280,0|214,1405791087,7,0,0,17563648,0,17563648,0,53825,0,0,67,0,0,0,0,0,0,0,5579170,0,0,0,0,0
1785759194974|1005|stream64_f2r_5|fixed|198,1378943233,304,43473383,43163219,43222919,43163219,43222919,43163219,41586,41507,41506,41506,0,0,2657,0,1281175768,1279903704,4096,4096,0,0,41506,41506,1692993862,1692994219,1692993878,1692994227,0,0,0,0,0,0,0,0,4096,256,131072,4,3|4,0,67108864,262144,256,0,0,0,0,324,0,312,0,81,78,0,1,324,0|216,2312744037,7,20518368,0,0,0,0,0,21622378,0,78,0,2241198452,0,2241198452,0,2080,2230942941,0,15658002,0,0,0,0,0
1785759194974|1005|stream64_f2r_5|rotating|198,1378943233,560,43541617,43231066,250841,0,250841,0,5322,0,2661,0,0,0,41571,41571,16995960,0,4096,0,0,0,2661,0,1677564901,0,1677564909,0,0,0,0,0,0,0,0,0,4096,256,131072,4,3|4,0,67108864,262144,256,0,0,0,0,324,0,312,0,81,78,0,1,324,0|216,1725491978,7,0,0,20447232,0,20447232,0,62757,0,0,78,0,0,0,0,0,0,0,5601645,0,0,0,0,0
1785759199974|1005|stream64_f2r_5|fixed|200,1378943233,271,49683976,49329773,49397787,49329773,49397787,49329773,47526,47436,47434,47434,0,0,3036,0,1464158069,1462707952,4096,4096,0,0,47435,47435,2012855830,2012855851,2012855838,2012855859,0,0,0,0,0,0,0,0,4096,256,131072,4,3|4,0,67108864,262144,256,0,0,0,0,368,0,356,0,92,89,0,1,368,0|218,2633142386,7,23449376,0,0,0,0,0,24713121,0,89,0,2560864049,0,2560864049,0,2080,2549751404,0,17094062,0,0,0,0,0
1785759199974|1005|stream64_f2r_5|rotating|200,1378943233,560,49778728,49423925,286758,0,286758,0,6084,0,3042,0,0,0,47524,47524,19429440,0,4096,0,0,0,3042,0,1998749191,0,1998749199,0,0,0,0,0,0,0,0,0,4096,256,131072,4,3|4,0,67108864,262144,256,0,0,0,0,368,0,356,0,92,89,0,1,368,0|218,2046934237,7,0,0,23330816,0,23330816,0,71760,0,0,89,0,0,0,0,0,0,0,5625168,0,0,0,0,0
1785759204993|1005|stream64_f2r_5|fixed|202,1378943233,271,55921737,55523181,55599629,55523181,55599629,55523181,53490,53389,53387,53387,0,0,3417,0,1647935159,1646305258,4096,4096,0,0,53388,53388,2334061429,2334061450,2334061445,2334061458,0,0,0,0,0,0,0,0,4096,256,131072,4,3|4,0,67108864,262144,256,0,0,0,0,412,0,400,0,103,100,0,1,412,0|220,2953799079,7,26388288,0,0,0,0,0,27806396,0,100,0,2880786014,0,2880786014,0,2080,2868828841,0,18519213,0,0,0,0,0
1785759204993|1005|stream64_f2r_5|rotating|202,1378943233,560,56001436,55602419,322579,0,322579,0,6844,0,3422,0,0,0,53464,53464,21856520,0,4096,0,0,0,3422,0,2319063061,0,2319063069,0,0,0,0,0,0,0,0,0,4096,256,131072,4,3|4,0,67108864,262144,256,0,0,0,0,412,0,400,0,103,100,0,1,412,0|220,2367740706,7,0,0,26214400,0,26214400,0,80714,0,0,100,0,0,0,0,0,0,0,5651798,0,0,0,0,0
1785759209999|1005|stream64_f2r_5|fixed|204,1378943233,271,62146491,61703546,61788470,61703546,61788470,61703546,59443,59331,59329,59329,0,0,3798,0,1831329519,1829519106,4096,4096,0,0,59330,59330,2654614739,2654614752,2654614747,2654614760,0,0,0,0,0,0,0,0,4096,256,131072,4,3|4,0,67108864,262144,256,0,0,0,0,456,0,444,0,114,111,0,1,456,0|222,3273221766,7,29311392,0,0,0,0,0,30887938,0,111,0,3199477925,0,3199477925,0,2080,3186676120,0,19941074,0,0,0,0,0
1785759209999|1005|stream64_f2r_5|rotating|204,1378943233,560,62197751,61754498,358302,0,358302,0,7602,0,3801,0,0,0,59378,59378,24277264,0,4096,0,0,0,3801,0,2638514083,0,2638514091,0,0,0,0,0,0,0,0,0,4096,256,131072,4,3|4,0,67108864,262144,256,0,0,0,0,456,0,444,0,114,111,0,1,456,0|222,2686248015,7,0,0,29097984,0,29097984,0,89622,0,0,111,0,0,0,0,0,0,0,5674465,0,0,0,0,0
1785759215010|1005|stream64_f2r_5|fixed|206,1378943233,271,68374731,67887491,67980894,67887491,67980894,67887491,65398,65275,65273,65273,0,0,4178,0,2014822102,2012834384,4096,4096,0,0,65274,65274,2975327882,2975327911,2975327890,2975327887,0,0,0,0,0,0,0,0,4096,256,131072,4,3|4,0,67108864,262144,256,0,0,0,0,504,0,492,0,126,123,0,1,504,0|224,3595013376,7,32251616,0,0,0,0,0,33990907,0,123,0,3520534479,0,3520534479,0,2080,3506756417,0,21493657,0,0,0,0,0
1785759215010|1005|stream64_f2r_5|rotating|206,1378943233,560,68441834,67953472,394310,0,394310,0,8366,0,4183,0,0,0,65337,65337,26717072,0,4096,0,0,0,4183,0,2959971233,0,2959971241,0,0,0,0,0,0,0,0,0,4096,256,131072,4,3|4,0,67108864,262144,256,0,0,0,0,504,0,492,0,126,123,0,1,504,0|224,3007849178,7,0,0,32243712,0,32243712,0,98625,0,0,123,0,0,0,0,0,0,0,5701689,0,0,0,0,0
1785759220014|1005|stream64_f2r_5|fixed|208,1378943233,271,74592081,74059697,74162326,74059697,74162326,74059697,71345,71210,71208,71208,0,0,4559,0,2197999012,2195812792,4096,4096,0,0,71209,71209,3295627093,3295627122,3295627101,3295627106,0,0,0,0,0,0,0,0,4096,256,131072,4,3|4,0,67108864,262144,256,0,0,0,0,548,0,536,0,137,134,0,1,548,0|226,3915328065,7,35182624,0,0,0,0,0,37080961,0,134,0,3840116416,0,3840116416,0,2080,3825494745,0,22916192,0,0,0,0,0
1785759220014|1005|stream64_f2r_5|rotating|208,1378943233,560,74660731,74127973,430131,0,430131,0,9126,0,4563,0,0,0,71273,71273,29144152,0,4096,0,0,0,4563,0,3280282443,0,3280282451,0,0,0,0,0,0,0,0,0,4096,256,131072,4,3|4,0,67108864,262144,256,0,0,0,0,548,0,536,0,137,134,0,1,548,0|226,3328080688,7,0,0,35127296,0,35127296,0,107580,0,0,134,0,0,0,0,0,0,0,5724667,0,0,0,0,0
1785759225024|1005|stream64_f2r_5|fixed|210,1378943233,271,80816819,80240426,80351243,80240426,80351243,80240426,77299,77153,77151,77151,0,0,4939,0,2381458643,2379095038,4096,4096,0,0,77152,77152,3616282139,3616282120,3616282147,3616282128,0,0,0,0,0,0,0,0,4096,256,131072,4,3|4,0,67108864,262144,256,0,0,0,0,592,0,580,0,148,145,0,1,592,0|228,4235761055,7,38113632,0,0,0,0,0,40171144,0,145,0,4159816654,0,4159816654,0,2080,4144351992,0,24338109,0,0,0,0,0
1785759225024|1005|stream64_f2r_5|rotating|210,1378943233,560,80882966,80306159,465953,0,465953,0,9886,0,4943,0,0,0,77214,77214,31571216,0,4096,0,0,0,4943,0,3600593065,0,3600593073,0,0,0,0,0,0,0,0,0,4096,256,131072,4,3|4,0,67108864,262144,256,0,0,0,0,592,0,580,0,148,145,0,1,592,0|228,3648628412,7,0,0,38010880,0,38010880,0,116535,0,0,145,0,0,0,0,0,0,0,5751416,0,0,0,0,0
1785759230033|1005|stream64_f2r_5|fixed|212,1378943233,271,87043090,86422293,86541597,86422293,86541597,86422293,83252,83095,83094,83094,0,0,5320,0,2564879881,2562335860,4096,4096,0,0,83094,83094,3936870002,3936870359,3936870010,3936870367,0,0,0,0,0,0,0,0,4096,256,131072,4,3|4,0,67108864,262144,256,0,0,0,0,636,0,624,0,159,156,0,1,636,0|230,261548627,8,41052544,0,0,0,0,0,43265845,0,156,0,184869498,1,184869498,1,2080,168562925,1,25760643,0,0,0,0,0
1785759230033|1005|stream64_f2r_5|rotating|212,1378943233,560,87110117,86488933,501870,0,501870,0,10648,0,5324,0,0,0,83157,83157,34004688,0,4096,0,0,0,5324,0,3921763831,0,3921763839,0,0,0,0,0,0,0,0,0,4096,256,131072,4,3|4,0,67108864,262144,256,0,0,0,0,636,0,624,0,159,156,0,1,636,0|230,3969292124,7,0,0,40894464,0,40894464,0,125514,0,0,156,0,0,0,0,0,0,0,5772628,0,0,0,0,0
1785759235036|1005|stream64_f2r_5|fixed|214,1378943233,271,93260326,92595170,92723106,92595170,92723106,92595170,89198,89030,89028,89028,0,0,5699,0,2748055079,2745331226,4096,4096,0,0,89029,89029,4257047310,4257047315,4257047318,4257047323,0,0,0,0,0,0,0,0,4096,256,131072,4,3|4,0,67108864,262144,256,0,0,0,0,680,0,668,0,170,167,0,1,680,0|232,581634785,8,43975648,0,0,0,0,0,46353636,0,167,0,504224880,1,504224880,1,2080,487071885,1,27184294,0,0,0,0,0
1785759235036|1005|stream64_f2r_5|rotating|214,1378943233,560,93342824,92677153,537688,0,537688,0,11408,0,5704,0,0,0,89107,89107,36431824,0,4096,0,0,0,5704,0,4242076183,0,4242076191,0,0,0,0,0,0,0,0,0,4096,256,131072,4,3|4,0,67108864,262144,256,0,0,0,0,680,0,668,0,170,167,0,1,680,0|232,4291557206,7,0,0,43778048,0,43778048,0,134515,0,0,167,0,0,0,0,0,0,0,5788823,0,0,0,0,0
1785759240046|1005|stream64_f2r_5|fixed|216,1378943233,271,99520525,98810951,98947208,98810951,98947208,98810951,95184,95006,95003,95003,0,0,6082,0,2932497233,2929595980,4096,4096,0,0,95004,95004,284450659,284450640,284450667,284450648,0,0,0,0,0,0,0,0,4096,256,131072,4,3|4,0,67108864,262144,256,0,0,0,0,724,0,712,0,181,178,0,1,724,0|234,903073808,8,46922464,0,0,0,0,0,49454461,0,178,0,824927199,1,824927199,1,2062,806931112,1,28609706,0,0,0,0,0
1785759240046|1005|stream64_f2r_5|rotating|216,1378943233,560,99579120,98868515,573695,0,573695,0,12172,0,6086,0,0,0,95059,95059,38871640,0,4096,0,0,0,6086,0,268443289,0,268443297,0,0,0,0,0,0,0,0,0,4096,256,131072,4,3|4,0,67108864,262144,256,0,0,0,0,728,0,716,0,182,179,0,1,728,0|234,317254428,8,0,0,46923776,0,46923776,0,143495,0,0,179,0,0,0,0,0,0,0,5815025,0,0,0,0,0
1785759245062|1005|stream64_f2r_5|fixed|218,1378943233,271,105715910,104961322,105106865,104961322,105106865,104961322,101111,100920,100917,100917,0,0,6461,0,3115043740,3111943583,4096,4096,0,0,100918,100918,603643422,603643427,603643430,603643435,0,0,0,0,0,0,0,0,4096,256,131072,4,3|4,0,67108864,262144,256,0,0,0,0,772,0,760,0,193,190,0,1,772,0|236,1223289614,8,49846880,0,0,0,0,0,52541906,0,190,0,1144411901,1,1144411901,1,2080,1125438871,1,30159581,0,0,0,0,0
1785759245062|1005|stream64_f2r_5|rotating|218,1378943233,560,105791597,105036546,609517,0,609517,0,12932,0,6466,0,0,0,100989,100989,41298736,0,4096,0,0,0,6466,0,588877406,0,588877422,0,0,0,0,0,0,0,0,0,4096,256,131072,4,3|4,0,67108864,262144,256,0,0,0,0,772,0,760,0,193,190,0,1,772,0|236,636581406,8,0,0,49807360,0,49807360,0,152426,0,0,190,0,0,0,0,0,0,0,5831345,0,0,0,0,0
1785759250066|1005|stream64_f2r_5|fixed|220,1378943233,293,111931975,111133353,111287109,111133353,111287109,111133353,107061,106859,106857,106857,0,0,6841,0,3298380464,3295103496,4096,4096,0,0,106858,106857,924098589,924080873,924098565,924080881,0,0,0,0,0,0,0,0,4096,256,131072,4,3|4,0,67108864,262144,256,0,0,0,0,816,0,804,0,204,201,0,1,816,0|238,1543856095,8,52781180,0,0,0,0,0,55631109,0,201,0,1464244807,1,1464244807,1,2080,1444427888,1,31582940,0,0,0,0,0
1785759250066|1005|stream64_f2r_5|rotating|220,1378943233,560,111999958,111200935,645243,0,645243,0,13690,0,6845,0,0,0,106922,106922,43719392,0,4096,0,0,0,6845,0,908329930,0,908329938,0,0,0,0,0,0,0,0,0,4096,256,131072,4,3|4,0,67108864,262144,256,0,0,0,0,816,0,804,0,204,201,0,1,816,0|238,956581343,8,0,0,52690944,0,52690944,0,161382,0,0,201,0,0,0,0,0,0,0,5853574,0,0,0,0,0
1785759255079|1005|stream64_f2r_5|fixed|222,1378943233,271,118154730,117311724,117473947,117311724,117473947,117311724,113019,112806,112803,112803,0,0,7222,0,3481931925,3478474200,4096,4096,0,0,112804,112804,1244910758,1244910779,1244910766,1244910755,0,0,0,0,0,0,0,0,4096,256,131072,4,3|4,0,67108864,262144,256,0,0,0,0,860,0,848,0,215,212,0,1,860,0|240,1864391472,8,55716800,0,0,0,0,0,58719655,0,212,0,1784046279,1,1784046279,1,2080,1763388402,1,33003977,0,0,0,0,0
1785759255079|1005|stream64_f2r_5|rotating|222,1378943233,560,118236110,117392627,681256,0,681256,0,14454,0,7227,0,0,0,112881,112881,46159256,0,4096,0,0,0,7227,0,1230358721,0,1230358729,0,0,0,0,0,0,0,0,0,4096,256,131072,4,3|4,0,67108864,262144,256,0,0,0,0,860,0,848,0,215,212,0,1,860,0|240,1278735622,8,0,0,55574528,0,55574528,0,170384,0,0,212,0,0,0,0,0,0,0,5874510,0,0,0,0,0
1785759260079|1005|stream64_f2r_5|fixed|224,1378943233,271,124363783,123476539,123647178,123476539,123647178,123476539,118962,118738,118735,118735,0,0,7602,0,3665032650,3661395277,4096,4096,0,0,118736,118736,1564948094,1564948099,1564948102,1564948107,0,0,0,0,0,0,0,0,4096,256,131072,4,3|4,0,67108864,262144,256,0,0,0,0,904,0,892,0,226,223,0,1,904,0|242,2184386727,8,58639904,0,0,0,0,0,61803794,0,223,0,2103310758,1,2103310758,1,2080,2081807577,1,34426510,0,0,0,0,0
1785759260079|1005|stream64_f2r_5|rotating|224,1378943233,560,124435541,123547905,716981,0,716981,0,15212,0,7606,0,0,0,118804,118804,48579992,0,4096,0,0,0,7606,0,1549810420,0,1549810428,0,0,0,0,0,0,0,0,0,4096,256,131072,4,3|4,0,67108864,262144,256,0,0,0,0,904,0,892,0,226,223,0,1,904,0|242,1597570709,8,0,0,58458112,0,58458112,0,179292,0,0,223,0,0,0,0,0,0,0,5895567,0,0,0,0,0
1785759265085|1005|stream64_f2r_5|fixed|226,1378943233,271,130580339,129648782,129827916,129648782,129827916,129648782,124912,124677,124674,124674,0,0,7982,0,3848352908,3844537415,4096,4096,0,0,124675,124675,1885367523,1885367528,1885367531,1885367536,0,0,0,0,0,0,0,0,4096,256,131072,4,3|4,0,67108864,262144,256,0,0,0,0,948,0,936,0,237,234,0,1,948,0|244,2504796470,8,61578816,0,0,0,0,0,64891871,0,234,0,2422985773,1,2422985773,1,2080,2400640304,1,35849421,0,0,0,0,0
1785759265085|1005|stream64_f2r_5|rotating|226,1378943233,560,130651884,129719954,752797,0,752797,0,15972,0,7986,0,0,0,124742,124742,51007088,0,4096,0,0,0,7986,0,1870121998,0,1870122006,0,0,0,0,0,0,0,0,0,4096,256,131072,4,3|4,0,67108864,262144,256,0,0,0,0,948,0,936,0,238,235,0,1,952,0|244,1918645021,8,0,0,61603840,0,61603840,0,188293,0,0,235,0,0,0,0,0,0,0,5916117,0,0,0,0,0
1785759270097|1005|stream64_f2r_5|fixed|228,1378943233,271,136803848,135827905,136015608,135827905,136015608,135827905,130869,130623,130620,130620,0,0,8362,0,4031891726,4027894153,4096,4096,0,0,130621,130621,2206161946,2206161943,2206161954,2206161951,0,0,0,0,0,0,0,0,4096,256,131072,4,3|4,0,67108864,262144,256,0,0,0,0,996,0,984,0,249,246,0,1,996,0|246,2825732317,8,64511136,0,0,0,0,0,67983707,0,246,0,2743188540,1,2743188540,1,2080,2719867613,1,37399508,0,0,0,0,0
1785759270097|1005|stream64_f2r_5|rotating|228,1378943233,560,136882410,135905263,788810,0,788810,0,16736,0,8368,0,0,0,130695,130695,53446936,0,4096,0,0,0,8368,0,2191576666,0,2191576674,0,0,0,0,0,0,0,0,0,4096,256,131072,4,3|4,0,67108864,262144,256,0,0,0,0,996,0,984,0,249,246,0,1,996,0|246,2239933726,8,0,0,64487424,0,64487424,0,197272,0,0,246,0,0,0,0,0,0,0,5938743,0,0,0,0,0
1785759280011|1006|stream64_r2f_1|fixed|232,1378943233,304,6140186,6097187,34937,0,34937,0,742,0,371,0,0,0,5818,5818,2370272,0,4096,0,0,0,371,0,2839993769,0,2839993777,0,0,0,0,0,0,0,0,0,4096,256,131072,4,3|5,0,67108864,262144,256,0,0,0,0,56,0,44,0,14,11,0,1,56,0|254,3460320623,8,0,0,2883584,0,2883584,0,8829,0,0,11,0,0,0,0,0,0,0,6876119,0,0,0,0,0
1785759280011|1006|stream64_r2f_1|rotating|232,1378943233,527,6205438,6161523,6170028,6161523,6170028,6161523,5892,5880,5879,5879,0,0,376,0,181496593,181317972,4096,4096,0,0,5880,5880,2825636190,2825636187,2825636198,2825636195,0,0,0,0,0,0,0,0,4096,256,131072,4,3|4,0,67108864,262144,256,0,0,0,0,56,0,44,0,14,11,0,1,56,0|254,2873081543,8,2923104,0,0,0,0,0,3101958,0,11,0,323649712,0,323649712,0,2080,317613963,0,8343443,0,0,0,0,0
1785759285011|1006|stream64_r2f_1|fixed|234,1378943233,304,12399814,12311682,70820,0,70820,0,1504,0,752,0,0,0,11747,11747,4804456,0,4096,0,0,0,752,0,3160595754,0,3160595762,0,0,0,0,0,0,0,0,0,4096,256,131072,4,3|4,0,67108864,262144,256,0,0,0,0,100,0,88,0,25,22,0,1,100,0|256,3780096375,8,0,0,5767168,0,5767168,0,17752,0,0,22,0,0,0,0,0,0,0,6895692,0,0,0,0,0
1785759285011|1006|stream64_r2f_1|rotating|234,1378943233,527,12471510,12383017,12400314,12383017,12400314,12383017,11839,11816,11815,11815,0,0,756,0,364710118,364352561,4096,4096,0,0,11816,11816,3145872640,3145872653,3145872648,3145872661,0,0,0,0,0,0,0,0,4096,256,131072,4,3|4,0,67108864,262144,256,0,0,0,0,100,0,88,0,25,22,0,1,100,0|256,3193805136,8,5862016,0,0,0,0,0,6219886,0,22,0,643638577,0,643638577,0,2080,636756571,0,9770323,0,0,0,0,0
1785759290011|1006|stream64_r2f_1|fixed|236,1378943233,304,18657772,18526183,106513,0,106513,0,2262,0,1131,0,0,0,17675,17675,7225896,0,4096,0,0,0,1131,0,3480051160,0,3480051168,0,0,0,0,0,0,0,0,0,4096,256,131072,4,3|4,0,67108864,262144,256,0,0,0,0,144,0,132,0,36,33,0,1,144,0|258,4100221871,8,0,0,8650752,0,8650752,0,26699,0,0,33,0,0,0,0,0,0,0,6915639,0,0,0,0,0
1785759290011|1006|stream64_r2f_1|rotating|236,1378943233,560,18732224,18600224,18625331,18600224,18625331,18600224,17780,17747,17746,17746,0,0,1135,0,547783552,547246624,4096,4096,0,0,17746,17746,3465841272,3465841605,3465841280,3465841613,0,0,0,0,0,0,0,0,4096,256,131072,4,3|4,0,67108864,262144,256,0,0,0,0,144,0,132,0,36,33,0,1,144,0|258,3513405793,8,8785120,0,0,0,0,0,9326671,0,33,0,962508458,0,962508458,0,2080,954777309,0,11196695,0,0,0,0,0
1785759295023|1006|stream64_r2f_1|fixed|238,1378943233,304,24932670,24757417,142397,0,142397,0,3024,0,1512,0,0,0,23620,23620,9660072,0,4096,0,0,0,1512,0,3801227450,0,3801227458,0,0,0,0,0,0,0,0,0,4096,256,131072,4,3|4,0,67108864,262144,256,0,0,0,0,188,0,176,0,47,44,0,1,188,0|260,125879251,9,0,0,11534336,0,11534336,0,35646,0,0,44,0,0,0,0,0,0,0,6933425,0,0,0,0,0
1785759295023|1006|stream64_r2f_1|rotating|238,1378943233,560,25025163,24849430,24882295,24849430,24882295,24849430,23753,23709,23708,23708,0,0,1517,0,731818416,731102576,4096,4096,0,0,23708,23708,3787501082,3787501431,3787501090,3787501439,0,0,0,0,0,0,0,0,4096,256,131072,4,3|4,0,67108864,262144,256,0,0,0,0,188,0,176,0,47,44,0,1,188,0|260,3834865036,8,11724032,0,0,0,0,0,12451289,0,44,0,1283232973,0,1283232973,0,2080,1274654268,0,12624874,0,0,0,0,0
1785759300033|1006|stream64_r2f_1|fixed|240,1378943233,304,31252655,31032693,178467,0,178467,0,3790,0,1895,0,0,0,29612,29612,12107016,0,4096,0,0,0,1895,0,4124122942,0,4124122950,0,0,0,0,0,0,0,0,0,4096,256,131072,4,3|4,0,67108864,262144,256,0,0,0,0,232,0,220,0,58,55,0,1,232,0|262,449299073,9,0,0,14417920,0,14417920,0,44686,0,0,55,0,0,0,0,0,0,0,6953919,0,0,0,0,0
1785759300033|1006|stream64_r2f_1|rotating|240,1378943233,527,31337423,31117018,31158490,31117018,31158490,31117018,29750,29695,29693,29693,0,0,1900,0,916570480,915675267,4096,4096,0,0,29694,29694,4110424518,4110424531,4110424526,4110424539,0,0,0,0,0,0,0,0,4096,256,131072,4,3|4,0,67108864,262144,256,0,0,0,0,236,0,224,0,59,56,0,1,236,0|262,4159121685,8,14687968,0,0,0,0,0,15598947,0,56,0,1606748638,0,1606748638,0,2080,1597193580,0,14182644,0,0,0,0,0
1785759305047|1006|stream64_r2f_1|fixed|242,1378943233,304,37482111,37219297,214061,0,214061,0,4546,0,2273,0,0,0,35516,35516,14522016,0,4096,0,0,0,2273,0,147750466,0,147750474,0,0,0,0,0,0,0,0,0,4096,256,131072,4,3|4,0,67108864,262144,256,0,0,0,0,276,0,264,0,69,66,0,1,276,0|264,767780667,9,0,0,17301504,0,17301504,0,53586,0,0,66,0,0,0,0,0,0,0,6976697,0,0,0,0,0
1785759305047|1006|stream64_r2f_1|rotating|242,1378943233,527,37547582,37283704,37333048,37283704,37333048,37283704,35647,35581,35578,35578,0,0,2278,0,1098242570,1097151104,4096,4096,0,0,35579,35579,133120202,133120223,133120210,133120191,0,0,0,0,0,0,0,0,4096,256,131072,4,3|4,0,67108864,262144,256,0,0,0,0,280,0,268,0,70,67,0,1,280,0|264,180604040,9,17587360,0,0,0,0,0,18673719,0,67,0,1922473441,0,1922473441,0,2080,1912065271,0,15607894,0,0,0,0,0
1785759310060|1006|stream64_r2f_1|fixed|244,1378943233,304,43750268,43443738,249944,0,249944,0,5308,0,2654,0,0,0,41456,41456,16956232,0,4096,0,0,0,2654,0,468352720,0,468352736,0,0,0,0,0,0,0,0,0,4096,256,131072,4,3|4,0,67108864,262144,256,0,0,0,0,324,0,312,0,81,78,0,1,324,0|266,1088348975,9,0,0,20447232,0,20447232,0,62556,0,0,78,0,0,0,0,0,0,0,6998537,0,0,0,0,0
1785759310060|1006|stream64_r2f_1|rotating|244,1378943233,527,43822509,43515756,43572188,43515756,43572188,43515756,41605,41528,41525,41525,0,0,2658,0,1281798498,1280528165,4096,4096,0,0,41526,41526,453952548,453952545,453952556,453952553,0,0,0,0,0,0,0,0,4096,256,131072,4,3|4,0,67108864,262144,256,0,0,0,0,324,0,312,0,81,78,0,1,324,0|266,501315217,9,20518368,0,0,0,0,0,21790330,0,78,0,2242451866,0,2242451866,0,2080,2231194676,0,17035840,0,0,0,0,0
1785759315062|1006|stream64_r2f_1|fixed|246,1378943233,304,50017288,49666749,285730,0,285730,0,6068,0,3034,0,0,0,47393,47393,19384048,0,4096,0,0,0,3034,0,788669847,0,788669855,0,0,0,0,0,0,0,0,0,4096,256,131072,4,3|4,0,67108864,262144,256,0,0,0,0,368,0,356,0,92,89,0,1,368,0|268,1408635433,9,0,0,23330816,0,23330816,0,71503,0,0,89,0,0,0,0,0,0,0,7018176,0,0,0,0,0
1785759315062|1006|stream64_r2f_1|rotating|246,1378943233,527,50085182,49734156,49799072,49734156,49799072,49734156,47548,47460,47458,47458,0,0,3038,0,1464932724,1463482311,4096,4096,0,0,47458,47458,774030439,774030756,774030447,774030764,0,0,0,0,0,0,0,0,4096,256,131072,4,3|4,0,67108864,262144,256,0,0,0,0,368,0,356,0,92,89,0,1,368,0|268,821619270,9,23449376,0,0,0,0,0,24903764,0,89,0,2562023167,0,2562023167,0,2080,2549916381,0,18464362,0,0,0,0,0
1785759320072|1006|stream64_r2f_1|fixed|248,1378943233,304,56289276,55894939,321520,0,321520,0,6828,0,3414,0,0,0,53335,53335,21811848,0,4096,0,0,0,3414,0,1108983570,0,1108983586,0,0,0,0,0,0,0,0,0,4096,256,131072,4,3|4,0,67108864,262144,256,0,0,0,0,412,0,400,0,103,100,0,1,412,0|270,1729115492,9,0,0,26214400,0,26214400,0,80451,0,0,100,0,0,0,0,0,0,0,7041232,0,0,0,0,0
1785759320072|1006|stream64_r2f_1|rotating|248,1378943233,527,56363164,55968292,56041173,55968292,56041173,55968292,53507,53409,53405,53405,0,0,3419,0,1648509589,1646878880,4096,4096,0,0,53406,53406,1094904760,1094904789,1094904776,1094904797,0,0,0,0,0,0,0,0,4096,256,131072,4,3|4,0,67108864,262144,256,0,0,0,0,412,0,400,0,103,100,0,1,412,0|270,1142422228,9,26388288,0,0,0,0,0,28022226,0,100,0,2882091397,0,2882091397,0,2080,2869140046,0,19889550,0,0,0,0,0
1785759325077|1006|stream64_r2f_1|fixed|250,1378943233,304,62558868,62120437,357307,0,357307,0,7588,0,3794,0,0,0,59274,59274,24239656,0,4096,0,0,0,3794,0,1429300229,0,1429300237,0,0,0,0,0,0,0,0,0,4096,256,131072,4,3|4,0,67108864,262144,256,0,0,0,0,456,0,444,0,114,111,0,1,456,0|272,2049708647,9,0,0,29097984,0,29097984,0,89398,0,0,111,0,0,0,0,0,0,0,7063394,0,0,0,0,0
1785759325077|1006|stream64_r2f_1|rotating|250,1378943233,527,62627121,62188310,62269435,62188310,62269435,62188310,59451,59342,59338,59338,0,0,3798,0,1831671088,1829861483,4096,4096,0,0,59339,59339,1415036487,1415036484,1415036495,1415036492,0,0,0,0,0,0,0,0,4096,256,131072,4,3|4,0,67108864,262144,256,0,0,0,0,456,0,444,0,114,111,0,1,456,0|272,1462477076,9,29319296,0,0,0,0,0,31133362,0,111,0,3201413493,0,3201413493,0,2080,3187612999,0,21317619,0,0,0,0,0
1785759330082|1006|stream64_r2f_1|fixed|252,1378943233,304,68827435,68344545,393095,0,393095,0,8348,0,4174,0,0,0,65212,65212,26667400,0,4096,0,0,0,4174,0,1749617112,0,1749617120,0,0,0,0,0,0,0,0,0,4096,256,131072,4,3|4,0,67108864,262144,256,0,0,0,0,500,0,488,0,125,122,0,1,500,0|274,2369846262,9,0,0,31981568,0,31981568,0,98343,0,0,122,0,0,0,0,0,0,0,7088875,0,0,0,0,0
1785759330082|1006|stream64_r2f_1|rotating|252,1378943233,560,68909417,68426079,68515856,68426079,68515856,68426079,65413,65293,65290,65290,0,0,4179,0,2015370704,2013382376,4096,4096,0,0,65290,65290,1736106051,1736106384,1736106059,1736106392,0,0,0,0,0,0,0,0,4096,256,131072,4,3|4,0,67108864,262144,256,0,0,0,0,504,0,492,0,126,123,0,1,504,0|274,1784128916,9,32259520,0,0,0,0,0,34258915,0,123,0,3522330277,0,3522330277,0,2080,3507548088,0,22875640,0,0,0,0,0
1785759335086|1006|stream64_r2f_1|fixed|254,1378943233,304,75089098,74561869,428878,0,428878,0,9108,0,4554,0,0,0,71144,71144,29095224,0,4096,0,0,0,4554,0,2069935728,0,2069935736,0,0,0,0,0,0,0,0,0,4096,256,131072,4,3|4,0,67108864,262144,256,0,0,0,0,548,0,536,0,137,134,0,1,548,0|276,2690058119,9,0,0,35127296,0,35127296,0,107314,0,0,134,0,0,0,0,0,0,0,7111157,0,0,0,0,0
1785759335086|1006|stream64_r2f_1|rotating|254,1378943233,527,75163025,74634686,74733675,74634686,74733675,74634686,71349,71217,71214,71214,0,0,4559,0,2198231144,2196046907,4096,4096,0,0,71214,71214,2055851442,2055851775,2055851450,2055851783,0,0,0,0,0,0,0,0,4096,256,131072,4,3|4,0,67108864,262144,256,0,0,0,0,548,0,536,0,137,134,0,1,548,0|276,2103436377,9,35182624,0,0,0,0,0,37362590,0,134,0,3840906962,0,3840906962,0,2080,3825271754,0,24305888,0,0,0,0,0
1785759340092|1006|stream64_r2f_1|fixed|256,1378943233,304,81358113,80785107,464761,0,464761,0,9870,0,4935,0,0,0,77083,77083,31529400,0,4096,0,0,0,4935,0,2390539705,0,2390539713,0,0,0,0,0,0,0,0,0,4096,256,131072,4,3|4,0,67108864,262144,256,0,0,0,0,592,0,580,0,148,145,0,1,592,0|278,3010761220,9,0,0,38010880,0,38010880,0,116260,0,0,145,0,0,0,0,0,0,0,7133949,0,0,0,0,0
1785759340092|1006|stream64_r2f_1|rotating|256,1378943233,527,81427307,80853863,80962170,80853863,80962170,80853863,77296,77153,77149,77149,0,0,4939,0,2381439105,2379074228,4096,4096,0,0,77150,77150,2376086267,2376086256,2376086275,2376086264,0,0,0,0,0,0,0,0,4096,256,131072,4,3|4,0,67108864,262144,256,0,0,0,0,592,0,580,0,148,145,0,1,592,0|278,2423503366,9,38105728,0,0,0,0,0,40472926,0,145,0,4160243175,0,4160243175,0,2080,4143756057,0,25735027,0,0,0,0,0
1785759345100|1006|stream64_r2f_1|fixed|258,1378943233,304,87627272,87009637,500549,0,500549,0,10630,0,5315,0,0,0,83021,83021,33957248,0,4096,0,0,0,5315,0,2710854260,0,2710854268,0,0,0,0,0,0,0,0,0,4096,256,131072,4,3|4,0,67108864,262144,256,0,0,0,0,636,0,624,0,159,156,0,1,636,0|280,3331170930,9,0,0,40894464,0,40894464,0,125208,0,0,156,0,0,0,0,0,0,0,7158572,0,0,0,0,0
1785759345100|1006|stream64_r2f_1|rotating|258,1378943233,527,87702338,87084161,87201317,87084161,87201317,87084161,83251,83096,83092,83092,0,0,5320,0,2564901986,2562359325,4096,4096,0,0,83093,83093,2696743294,2696743299,2696743302,2696743307,0,0,0,0,0,0,0,0,4096,256,131072,4,3|4,0,67108864,262144,256,0,0,0,0,636,0,624,0,159,156,0,1,636,0|280,2744155229,9,41044640,0,0,0,0,0,43590200,0,156,0,185193014,1,185193014,1,2080,167860544,1,27161002,0,0,0,0,0
1785759350101|1006|stream64_r2f_1|fixed|260,1378943233,304,93893705,93232207,536338,0,536338,0,11390,0,5695,0,0,0,88957,88957,36385016,0,4096,0,0,0,5695,0,3031171400,0,3031171408,0,0,0,0,0,0,0,0,0,4096,256,131072,4,3|4,0,67108864,262144,256,0,0,0,0,680,0,668,0,170,167,0,1,680,0|282,3651311100,9,0,0,43778048,0,43778048,0,134154,0,0,167,0,0,0,0,0,0,0,7176098,0,0,0,0,0
1785759350101|1006|stream64_r2f_1|rotating|260,1378943233,527,93959456,93297687,93422742,93297687,93422742,93297687,89189,89023,89019,89019,0,0,5699,0,2747859059,2745135598,4096,4096,0,0,89020,89020,3016525983,3016526004,3016525999,3016526012,0,0,0,0,0,0,0,0,4096,256,131072,4,3|4,0,67108864,262144,256,0,0,0,0,680,0,668,0,170,167,0,1,680,0|282,3064084618,9,43967744,0,0,0,0,0,46700306,0,167,0,504391627,1,504391627,1,2080,486207813,1,28589575,0,0,0,0,0
1785759355111|1006|stream64_r2f_1|fixed|262,1378943233,304,100168684,99461922,572126,0,572126,0,12150,0,6075,0,0,0,94901,94901,38812800,0,4096,0,0,0,6075,0,3351488048,0,3351488056,0,0,0,0,0,0,0,0,0,4096,256,131072,4,3|4,0,67108864,262144,256,0,0,0,0,724,0,712,0,181,178,0,1,724,0|284,3972041728,9,0,0,46661632,0,46661632,0,143125,0,0,178,0,0,0,0,0,0,0,7198364,0,0,0,0,0
1785759355111|1006|stream64_r2f_1|rotating|262,1378943233,527,100275245,99567703,99702466,99567703,99702466,99567703,95182,95005,95001,95001,0,0,6082,0,2932515596,2929611839,4096,4096,0,0,95002,95002,3339265475,3339265480,3339265483,3339265488,0,0,0,0,0,0,0,0,4096,256,131072,4,3|4,0,67108864,262144,256,0,0,0,0,724,0,712,0,181,178,0,1,724,0|284,3387463327,9,46931680,0,0,0,0,0,49842584,0,179,0,827029352,1,827029352,1,2080,807869384,1,30147146,0,0,0,0,0
1785759360118|1006|stream64_r2f_1|fixed|264,1378943233,304,106475306,105722751,608190,0,608190,0,12916,0,6458,0,0,0,100875,100875,41259768,0,4096,0,0,0,6458,0,3674383776,0,3674383784,0,0,0,0,0,0,0,0,0,4096,256,131072,4,3|4,0,67108864,262144,256,0,0,0,0,772,0,760,0,193,190,0,1,772,0|286,996061,10,0,0,49807360,0,49807360,0,152165,0,0,190,0,0,0,0,0,0,0,7221129,0,0,0,0,0
1785759360118|1006|stream64_r2f_1|rotating|264,1378943233,560,106593245,105839184,105984300,105839184,105984300,105839184,101179,100990,100987,100987,0,0,6466,0,3117265800,3114165968,4096,4096,0,0,100987,100987,3662286865,3662287214,3662286873,3662287222,0,0,0,0,0,0,0,0,4096,256,131072,4,3|4,0,67108864,262144,256,0,0,0,0,772,0,760,0,193,190,0,1,772,0|286,3712132266,9,49902208,0,0,0,0,0,52998256,0,190,0,1150955659,1,1150955659,1,2080,1130954696,1,31575552,0,0,0,0,0
1785759365128|1006|stream64_r2f_1|fixed|266,1378943233,293,112700341,111902873,643884,0,643884,0,13674,0,6837,0,0,0,106779,106779,43680994,0,4096,0,0,0,6837,0,3993266002,0,3993266010,0,0,0,0,0,0,0,0,0,4096,256,131072,4,3|4,0,67108864,262144,256,0,0,0,0,816,0,804,0,204,201,0,1,816,0|288,318694614,10,0,0,52690944,0,52690944,0,161041,0,0,201,0,0,0,0,0,0,0,7243397,0,0,0,0,0
1785759365128|1006|stream64_r2f_1|rotating|266,1378943233,560,112803763,112005253,112159314,112005253,112159314,112005253,107080,106880,106877,106877,0,0,6843,0,3299078552,3295798496,4096,4096,0,0,106877,106877,3980077640,3980077973,3980077648,3980077981,0,0,0,0,0,0,0,0,4096,256,131072,4,3|4,0,67108864,262144,256,0,0,0,0,816,0,804,0,204,201,0,1,816,0|288,4028479450,9,52793696,0,0,0,0,0,56069472,0,201,0,1466579971,1,1466579971,1,2080,1445722425,1,33002576,0,0,0,0,0
1785759370139|1006|stream64_r2f_1|fixed|268,1378943233,304,118967879,118126439,679671,0,679671,0,14434,0,7217,0,0,0,112723,112723,46108992,0,4096,0,0,0,7217,0,18614259,0,18614267,0,0,0,0,0,0,0,0,0,4096,256,131072,4,3|4,0,67108864,262144,256,0,0,0,0,860,0,848,0,215,212,0,1,860,0|290,638624034,10,0,0,55574528,0,55574528,0,169989,0,0,212,0,0,0,0,0,0,0,7265939,0,0,0,0,0
1785759370139|1006|stream64_r2f_1|rotating|268,1378943233,560,119059559,118217718,118379415,118217718,118379415,118217718,113025,112813,112810,112810,0,0,7222,0,3482218504,3478758984,4096,4096,0,0,112810,112810,5211043,5211384,5211051,5211392,0,0,0,0,0,0,0,0,4096,256,131072,4,3|4,0,67108864,262144,256,0,0,0,0,860,0,848,0,215,212,0,1,860,0|290,53267567,10,55716800,0,0,0,0,0,59174379,0,212,0,1785604608,1,1785604608,1,2080,1763897344,1,34429523,0,0,0,0,0
1785759375143|1006|stream64_r2f_1|fixed|270,1378943233,304,125228319,124343192,715460,0,715460,0,15194,0,7597,0,0,0,118658,118658,48536776,0,4096,0,0,0,7597,0,338932201,0,338932209,0,0,0,0,0,0,0,0,0,4096,256,131072,4,3|4,0,67108864,262144,256,0,0,0,0,904,0,892,0,226,223,0,1,904,0|292,958882084,10,0,0,58458112,0,58458112,0,178935,0,0,223,0,0,0,0,0,0,0,7286345,0,0,0,0,0
1785759375143|1006|stream64_r2f_1|rotating|270,1378943233,560,125304485,124418947,124588648,124418947,124588648,124418947,118957,118734,118731,118731,0,0,7601,0,3664987776,3661350320,4096,4096,0,0,118731,118731,324669521,324669846,324669529,324669854,0,0,0,0,0,0,0,0,4096,256,131072,4,3|4,0,67108864,262144,256,0,0,0,0,904,0,892,0,226,223,0,1,904,0|292,372257004,10,58639904,0,0,0,0,0,62272369,0,223,0,2103863269,1,2103863269,1,2080,2081303860,1,35858897,0,0,0,0,0
1785759380143|1006|stream64_r2f_1|fixed|272,1378943233,304,131485257,130556789,751248,0,751248,0,15954,0,7977,0,0,0,124591,124591,50964592,0,4096,0,0,0,7977,0,659248035,0,659248043,0,0,0,0,0,0,0,0,0,4096,256,131072,4,3|4,0,67108864,262144,256,0,0,0,0,948,0,936,0,237,234,0,1,948,0|294,1278820571,10,0,0,61341696,0,61341696,0,187859,0,0,234,0,0,0,0,0,0,0,7302601,0,0,0,0,0
1785759380143|1006|stream64_r2f_1|rotating|272,1378943233,527,131563555,130634756,130811930,130634756,130811930,130634756,124903,124669,124665,124665,0,0,7981,0,3848166695,3844349274,4096,4096,0,0,124666,124666,644852085,644852098,644852093,644852106,0,0,0,0,0,0,0,0,4096,256,131072,4,3|4,0,67108864,262144,256,0,0,0,0,948,0,936,0,237,234,0,1,948,0|294,693061220,10,61570912,0,0,0,0,0,65388242,0,234,0,2423934733,1,2423934733,1,2080,2400526999,1,37286148,0,0,0,0,0
1785759385147|1006|stream64_r2f_1|fixed|274,1378943233,304,137745480,136772630,786941,0,786941,0,16712,0,8356,0,0,0,130526,130526,53385952,0,4096,0,0,0,8356,0,978705152,0,978705160,0,0,0,0,0,0,0,0,0,4096,256,131072,4,3|4,0,67108864,262144,256,0,0,0,0,992,0,980,0,248,245,0,1,992,0|296,1599252678,10,0,0,64225280,0,64225280,0,196828,0,0,245,0,0,0,0,0,0,0,7319667,0,0,0,0,0
1785759385147|1006|stream64_r2f_1|rotating|274,1378943233,560,137820056,136846713,137032649,136846713,137032649,136846713,130845,130600,130597,130597,0,0,8361,0,4031267152,4027270312,4096,4096,0,0,130597,130597,964872320,964872685,964872336,964872693,0,0,0,0,0,0,0,0,4096,256,131072,4,3|4,0,67108864,262144,256,0,0,0,0,992,0,980,0,248,246,0,1,996,0|296,1012223430,10,64495328,0,0,0,0,0,68486574,0,246,0,2742365839,1,2742365839,1,2080,2717973414,1,38843771,0,0,0,0,0
1785759395117|1007|stream64_r2f_2|fixed|278,1378943233,304,6543591,6499477,35222,0,35222,0,748,0,374,0,0,0,5853,5853,2389464,0,4096,0,0,0,374,0,1616889370,0,1616889378,0,0,0,0,0,0,0,0,0,4096,256,131072,4,3|4,0,67108864,262144,256,0,0,0,0,56,0,44,0,14,11,0,1,56,0|304,2237238753,10,0,0,2883584,0,2883584,0,8876,0,0,11,0,0,0,0,0,0,0,5004275,0,0,0,0,0
1785759395117|1007|stream64_r2f_2|rotating|278,1378943233,560,6622213,6577620,6586520,6577620,6586520,6577620,11860,11848,5924,5924,0,0,379,0,182885728,182706120,4096,4096,0,0,5924,5924,1603020128,1603020461,1603020136,1603020469,0,0,0,0,0,0,0,0,4096,256,131072,4,3|4,0,67108864,262144,256,0,0,0,0,56,0,44,0,14,11,0,1,56,0|304,1650622056,10,2946816,0,0,0,0,0,3312806,0,11,0,324747115,0,324747115,0,2080,320137758,0,6450231,0,0,0,0,0
1785759400122|1007|stream64_r2f_2|fixed|280,1378943233,304,13181060,13092264,71009,0,71009,0,1508,0,754,0,0,0,11790,11790,4817248,0,4096,0,0,0,754,0,1937318105,0,1937318113,0,0,0,0,0,0,0,0,0,4096,256,131072,4,3|4,0,67108864,262144,256,0,0,0,0,100,0,88,0,25,22,0,1,100,0|306,2557625829,10,0,0,5767168,0,5767168,0,17822,0,0,22,0,0,0,0,0,0,0,5028103,0,0,0,0,0
1785759400122|1007|stream64_r2f_2|rotating|280,1378943233,527,13261171,13171891,13189690,13171891,13189690,13171891,23747,23724,11861,11861,0,0,759,0,366189438,365829969,4096,4096,0,0,11862,11862,1923364502,1923364515,1923364510,1923364523,0,0,0,0,0,0,0,0,4096,256,131072,4,3|4,0,67108864,262144,256,0,0,0,0,100,0,88,0,25,22,0,1,100,0|306,1971024227,10,5877824,0,0,0,0,0,6612865,0,22,0,644416534,0,644416534,0,2080,638970557,0,7865777,0,0,0,0,0
1785759405132|1007|stream64_r2f_2|fixed|282,1378943233,304,19830240,19696515,106893,0,106893,0,2270,0,1135,0,0,0,17736,17736,7251464,0,4096,0,0,0,1135,0,2258483721,0,2258483729,0,0,0,0,0,0,0,0,0,4096,256,131072,4,3|4,0,67108864,262144,256,0,0,0,0,144,0,132,0,36,33,0,1,144,0|308,2878534553,10,0,0,8650752,0,8650752,0,26793,0,0,33,0,0,0,0,0,0,0,5048334,0,0,0,0,0
1785759405132|1007|stream64_r2f_2|rotating|282,1378943233,527,19901832,19767710,19794562,19767710,19794562,19767710,35636,35603,17800,17800,0,0,1139,0,549538366,548999289,4096,4096,0,0,17801,17801,2243778254,2243778267,2243778262,2243778275,0,0,0,0,0,0,0,0,4096,256,131072,4,3|4,0,67108864,262144,256,0,0,0,0,144,0,132,0,36,33,0,1,144,0|308,2291354356,10,8808832,0,0,0,0,0,9912238,0,33,0,964013911,0,964013911,0,2080,957729339,0,9283298,0,0,0,0,0
1785759410142|1007|stream64_r2f_2|fixed|284,1378943233,304,26489539,26310836,142773,0,142773,0,3032,0,1516,0,0,0,23693,23693,9685648,0,4096,0,0,0,1516,0,2579649464,0,2579649472,0,0,0,0,0,0,0,0,0,4096,256,131072,4,3|4,0,67108864,262144,256,0,0,0,0,188,0,176,0,47,44,0,1,188,0|310,3198779443,10,0,0,11534336,0,11534336,0,35740,0,0,44,0,0,0,0,0,0,0,5072092,0,0,0,0,0
1785759410142|1007|stream64_r2f_2|rotating|284,1378943233,527,26559224,26380133,26416072,26380133,26416072,26380133,47557,47513,23755,23755,0,0,1520,0,733375221,732656536,4096,4096,0,0,23756,23756,2565043626,2565043639,2565043634,2565043615,0,0,0,0,0,0,0,0,4096,256,131072,4,3|4,0,67108864,262144,256,0,0,0,0,188,0,176,0,47,44,0,1,188,0|310,2613007701,10,11755648,0,0,0,0,0,13224733,0,44,0,1284930552,0,1284930552,0,2080,1277810661,0,10700937,0,0,0,0,0
1785759415155|1007|stream64_r2f_2|fixed|286,1378943233,304,33116261,32892637,178561,0,178561,0,3792,0,1896,0,0,0,29624,29624,12113392,0,4096,0,0,0,1896,0,2899954728,0,2899954736,0,0,0,0,0,0,0,0,0,4096,256,131072,4,3|4,0,67108864,262144,256,0,0,0,0,232,0,220,0,58,55,0,1,232,0|312,3519854873,10,0,0,14417920,0,14417920,0,44709,0,0,55,0,0,0,0,0,0,0,5093895,0,0,0,0,0
1785759415155|1007|stream64_r2f_2|rotating|286,1378943233,527,33194423,32970417,33015490,32970417,33015490,32970417,59446,59391,29695,29695,0,0,1900,0,916743443,915845070,4096,4096,0,0,29695,29695,2885477621,2885477954,2885477629,2885477962,0,0,0,0,0,0,0,0,4096,256,131072,4,3|4,0,67108864,262144,256,0,0,0,0,232,0,220,0,58,55,0,1,232,0|312,2932764184,10,14678752,0,0,0,0,0,16514997,0,55,0,1603956259,0,1603956259,0,2080,1595996906,0,12117628,0,0,0,0,0
1785759420165|1007|stream64_r2f_2|fixed|288,1378943233,304,39763319,39495113,214344,0,214344,0,4552,0,2276,0,0,0,35571,35571,14541216,0,4096,0,0,0,2276,0,3220259570,0,3220259578,0,0,0,0,0,0,0,0,0,4096,256,131072,4,3|4,0,67108864,262144,256,0,0,0,0,280,0,268,0,70,67,0,1,280,0|314,3840709935,10,0,0,17563648,0,17563648,0,53680,0,0,67,0,0,0,0,0,0,0,5115567,0,0,0,0,0
1785759420165|1007|stream64_r2f_2|rotating|288,1378943233,527,39832716,39563339,39617900,39563339,39617900,39563339,71334,71268,35632,35632,0,0,2281,0,1100056664,1098962443,4096,4096,0,0,35633,35633,3205958407,3205958388,3205958383,3205958396,0,0,0,0,0,0,0,0,4096,256,131072,4,3|4,0,67108864,262144,256,0,0,0,0,280,0,268,0,70,67,0,1,280,0|314,3253406433,10,17611072,0,0,0,0,0,19815551,0,67,0,1923865428,0,1923865428,0,2080,1914935839,0,13662493,0,0,0,0,0
1785759425178|1007|stream64_r2f_2|fixed|290,1378943233,304,46409786,46095955,250321,0,250321,0,5316,0,2658,0,0,0,41517,41517,16981792,0,4096,0,0,0,2658,0,3541709705,0,3541709713,0,0,0,0,0,0,0,0,0,4096,256,131072,4,3|4,0,67108864,262144,256,0,0,0,0,324,0,312,0,81,78,0,1,324,0|316,4161445296,10,0,0,20447232,0,20447232,0,62650,0,0,78,0,0,0,0,0,0,0,5133772,0,0,0,0,0
1785759425178|1007|stream64_r2f_2|rotating|290,1378943233,527,46492904,46178666,46242206,46178666,46242206,46178666,83263,83186,41591,41591,0,0,2662,0,1284008632,1282734797,4096,4096,0,0,41592,41592,3527426899,3527426880,3527426875,3527426888,0,0,0,0,0,0,0,0,4096,256,131072,4,3|4,0,67108864,262144,256,0,0,0,0,324,0,312,0,81,78,0,1,324,0|316,3575438036,10,20557888,0,0,0,0,0,23131429,0,78,0,2245160327,0,2245160327,0,2080,2235396015,0,15079536,0,0,0,0,0
1785759430185|1007|stream64_r2f_2|fixed|292,1378943233,304,53047465,52688932,286110,0,286110,0,6076,0,3038,0,0,0,47453,47453,19409624,0,4096,0,0,0,3038,0,3862013961,0,3862013969,0,0,0,0,0,0,0,0,0,4096,256,131072,4,3|4,0,67108864,262144,256,0,0,0,0,368,0,356,0,92,89,0,1,368,0|318,186762566,11,0,0,23330816,0,23330816,0,71598,0,0,89,0,0,0,0,0,0,0,5155439,0,0,0,0,0
1785759430185|1007|stream64_r2f_2|rotating|292,1378943233,527,53127053,52768110,52840566,52768110,52840566,52768110,95140,95052,47524,47524,0,0,3042,0,1467165417,1465711980,4096,4096,0,0,47525,47525,3847507279,3847507260,3847507287,3847507268,0,0,0,0,0,0,0,0,4096,256,131072,4,3|4,0,67108864,262144,256,0,0,0,0,368,0,356,0,92,89,0,1,368,0|318,3894929686,10,23480992,0,0,0,0,0,26422284,0,89,0,2563921201,0,2563921201,0,2080,2553318422,0,16495232,0,0,0,0,0
1785759435191|1007|stream64_r2f_2|fixed|294,1378943233,304,59687411,59284028,321897,0,321897,0,6836,0,3418,0,0,0,53391,53391,21837408,0,4096,0,0,0,3418,0,4182321091,0,4182321099,0,0,0,0,0,0,0,0,0,4096,256,131072,4,3|4,0,67108864,262144,256,0,0,0,0,412,0,400,0,103,100,0,1,412,0|320,508215580,11,0,0,26214400,0,26214400,0,80568,0,0,100,0,0,0,0,0,0,0,5179588,0,0,0,0,0
1785759435191|1007|stream64_r2f_2|rotating|294,1378943233,527,59787278,59383400,59464908,59383400,59464908,59383400,107063,106964,53480,53480,0,0,3423,0,1651053144,1649420096,4096,4096,0,0,53481,53481,4168853930,4168853943,4168853938,4168853919,0,0,0,0,0,0,0,0,4096,256,131072,4,3|4,0,67108864,262144,256,0,0,0,0,412,0,400,0,103,100,0,1,412,0|320,4216160431,10,26419904,0,0,0,0,0,29730932,0,100,0,2884417218,0,2884417218,0,2080,2872976523,0,17913771,0,0,0,0,0
1785759440201|1007|stream64_r2f_2|fixed|296,1378943233,304,66332509,65884146,357686,0,357686,0,7596,0,3798,0,0,0,59334,59334,24265176,0,4096,0,0,0,3798,0,207656046,0,207656054,0,0,0,0,0,0,0,0,0,4096,256,131072,4,3|4,0,67108864,262144,256,0,0,0,0,456,0,444,0,114,111,0,1,456,0|322,827812669,11,0,0,29097984,0,29097984,0,89491,0,0,111,0,0,0,0,0,0,0,5203501,0,0,0,0,0
1785759440201|1007|stream64_r2f_2|rotating|296,1378943233,560,66412599,65963762,66054448,65963762,66054448,65963762,118924,118814,59406,59406,0,0,3803,0,1833982032,1832169624,4096,4096,0,0,59406,59406,193555242,193555575,193555250,193555583,0,0,0,0,0,0,0,0,4096,256,131072,4,3|4,0,67108864,262144,256,0,0,0,0,456,0,444,0,114,111,0,1,456,0|322,241028519,11,29350912,0,0,0,0,0,33025098,0,111,0,3203519850,0,3203519850,0,2080,3191244378,0,19327474,0,0,0,0,0
1785759445207|1007|stream64_r2f_2|fixed|298,1378943233,304,72999138,72505840,393656,0,393656,0,8360,0,4180,0,0,0,65296,65296,26705760,0,4096,0,0,0,4180,0,529679439,0,529679447,0,0,0,0,0,0,0,0,0,4096,256,131072,4,3|4,0,67108864,262144,256,0,0,0,0,504,0,492,0,126,123,0,1,504,0|324,1149498944,11,0,0,32243712,0,32243712,0,98485,0,0,123,0,0,0,0,0,0,0,5223970,0,0,0,0,0
1785759445207|1007|stream64_r2f_2|rotating|298,1378943233,527,73068973,72574600,72674939,72574600,72674939,72574600,130842,130720,65358,65358,0,0,4184,0,2017750536,2015741943,4096,4096,0,0,65359,65359,514831471,514831452,514831447,514831460,0,0,0,0,0,0,0,0,4096,256,131072,4,3|4,0,67108864,262144,256,0,0,0,0,504,0,492,0,126,123,0,1,504,0|324,562234973,11,32291136,0,0,0,0,0,36332215,0,123,0,3523991248,0,3523991248,0,2080,3510748009,0,20871567,0,0,0,0,0
1785759450211|1007|stream64_r2f_2|fixed|300,1378943233,304,79608797,79070215,429350,0,429350,0,9118,0,4559,0,0,0,71207,71207,29127152,0,4096,0,0,0,4559,0,848550499,0,848550507,0,0,0,0,0,0,0,0,0,4096,256,131072,4,3|4,0,67108864,262144,256,0,0,0,0,548,0,536,0,137,134,0,1,548,0|326,1468568900,11,0,0,35127296,0,35127296,0,107408,0,0,134,0,0,0,0,0,0,0,5245795,0,0,0,0,0
1785759450211|1007|stream64_r2f_2|rotating|300,1378943233,560,79684164,79145192,79254438,79145192,79254438,79145192,142685,142552,71275,71275,0,0,4563,0,2200401800,2198213848,4096,4096,0,0,71275,71275,834020058,834020391,834020066,834020399,0,0,0,0,0,0,0,0,4096,256,131072,4,3|4,0,67108864,262144,256,0,0,0,0,548,0,536,0,137,134,0,1,548,0|326,881488180,11,35206336,0,0,0,0,0,39620429,0,134,0,3842515655,0,3842515655,0,2080,3828431062,0,22288453,0,0,0,0,0
1785759455221|1007|stream64_r2f_2|fixed|302,1378943233,304,86257708,85674326,465232,0,465232,0,9880,0,4940,0,0,0,77155,77155,31561384,0,4096,0,0,0,4940,0,1169713670,0,1169713678,0,0,0,0,0,0,0,0,0,4096,256,131072,4,3|4,0,67108864,262144,256,0,0,0,0,592,0,580,0,148,145,0,1,592,0|328,1789255917,11,0,0,38010880,0,38010880,0,116355,0,0,145,0,0,0,0,0,0,0,5269385,0,0,0,0,0
1785759455221|1007|stream64_r2f_2|rotating|302,1378943233,527,86344210,85760430,85878600,85760430,85878600,85760430,154614,154470,77233,77233,0,0,4944,0,2384341328,2381973522,4096,4096,0,0,77234,77234,1155475436,1155475417,1155475412,1155475425,0,0,0,0,0,0,0,0,4096,256,131072,4,3|4,0,67108864,262144,256,0,0,0,0,592,0,580,0,148,145,0,1,592,0|328,1203494324,11,38153152,0,0,0,0,0,42936088,0,145,0,4163785095,0,4163785095,0,2080,4148867772,0,23703503,0,0,0,0,0
1785759460232|1007|stream64_r2f_2|fixed|304,1378943233,304,92905917,92277785,501021,0,501021,0,10640,0,5320,0,0,0,83101,83101,33989160,0,4096,0,0,0,5320,0,1490019992,0,1490020000,0,0,0,0,0,0,0,0,0,4096,256,131072,4,3|4,0,67108864,262144,256,0,0,0,0,636,0,624,0,159,156,0,1,636,0|330,2110066041,11,0,0,40894464,0,40894464,0,125325,0,0,156,0,0,0,0,0,0,0,5290965,0,0,0,0,0
1785759460232|1007|stream64_r2f_2|rotating|304,1378943233,527,92976059,92347516,92474662,92347516,92474662,92347516,166485,166330,83163,83163,0,0,5324,0,2567426928,2564879515,4096,4096,0,0,83164,83164,1475425304,1475425285,1475425280,1475425293,0,0,0,0,0,0,0,0,4096,256,131072,4,3|4,0,67108864,262144,256,0,0,0,0,636,0,624,0,159,156,0,1,636,0|330,1522952554,11,41076256,0,0,0,0,0,46226742,0,156,0,187545253,1,187545253,1,2080,171787395,1,25121267,0,0,0,0,0
1785759465244|1007|stream64_r2f_2|fixed|306,1378943233,304,99548018,98874926,536809,0,536809,0,11400,0,5700,0,0,0,89041,89041,36416960,0,4096,0,0,0,5700,0,1810324513,0,1810324521,0,0,0,0,0,0,0,0,0,4096,256,131072,4,3|4,0,67108864,262144,256,0,0,0,0,680,0,668,0,170,167,0,1,680,0|332,2430672329,11,0,0,43778048,0,43778048,0,134272,0,0,167,0,0,0,0,0,0,0,5318142,0,0,0,0,0
1785759465244|1007|stream64_r2f_2|rotating|306,1378943233,527,99627402,98953814,99090124,98953814,99090124,98953814,178394,178228,89112,89112,0,0,5705,0,2751071592,2748344571,4096,4096,0,0,89113,89113,1796357408,1796357389,1796357384,1796357397,0,0,0,0,0,0,0,0,4096,256,131072,4,3|4,0,67108864,262144,256,0,0,0,0,680,0,668,0,170,167,0,1,680,0|332,1844649136,11,44023072,0,0,0,0,0,49540115,0,167,0,508505131,1,508505131,1,2080,491913618,1,26537242,0,0,0,0,0
1785759470244|1007|stream64_r2f_2|fixed|308,1378943233,304,106181845,105463937,572592,0,572592,0,12160,0,6080,0,0,0,94974,94974,38844712,0,4096,0,0,0,6080,0,2130629061,0,2130629069,0,0,0,0,0,0,0,0,0,4096,256,131072,4,3|4,0,67108864,262144,256,0,0,0,0,724,0,712,0,181,178,0,1,724,0|334,2750630433,11,0,0,46661632,0,46661632,0,143218,0,0,178,0,0,0,0,0,0,0,5339979,0,0,0,0,0
1785759470244|1007|stream64_r2f_2|rotating|308,1378943233,560,106273387,105554216,105700229,105554216,105700229,105554216,190292,190114,95056,95056,0,0,6086,0,2934568832,2931646120,4096,4096,0,0,95056,95056,2117135777,2117136110,2117135785,2117136118,0,0,0,0,0,0,0,0,4096,256,131072,4,3|4,0,67108864,262144,256,0,0,0,0,728,0,716,0,182,179,0,1,728,0|334,2165514783,11,46955392,0,0,0,0,0,52843577,0,179,0,828637698,1,828637698,1,2080,811076381,1,28081675,0,0,0,0,0
1785759475270|1007|stream64_r2f_2|fixed|310,1378943233,304,112842575,112078990,608568,0,608568,0,12924,0,6462,0,0,0,100933,100933,41285320,0,4096,0,0,0,6462,0,2452081263,0,2452081279,0,0,0,0,0,0,0,0,0,4096,256,131072,4,3|4,0,67108864,262144,256,0,0,0,0,772,0,760,0,193,190,0,1,772,0|336,3072437144,11,0,0,49807360,0,49807360,0,152212,0,0,190,0,0,0,0,0,0,0,5364401,0,0,0,0,0
1785759475270|1007|stream64_r2f_2|rotating|310,1378943233,527,112922083,112158002,112313045,112158002,112313045,112158002,202200,202011,101004,101004,0,0,6467,0,3118198555,3115095982,4096,4096,0,0,101005,101005,2438056741,2438056754,2438056749,2438056762,0,0,0,0,0,0,0,0,4096,256,131072,4,3|4,0,67108864,262144,256,0,0,0,0,772,0,760,0,193,190,0,1,772,0|336,2485520927,11,49886400,0,0,0,0,0,56138252,0,190,0,1147911090,1,1147911090,1,2080,1129509383,1,29500991,0,0,0,0,0
1785759480271|1007|stream64_r2f_2|fixed|312,1378943233,304,119473846,118665541,644354,0,644354,0,13684,0,6842,0,0,0,106870,106870,43713136,0,4096,0,0,0,6842,0,2772385189,0,2772385197,0,0,0,0,0,0,0,0,0,4096,256,131072,4,3|4,0,67108864,262144,256,0,0,0,0,816,0,804,0,204,201,0,1,816,0|338,3392418388,11,0,0,52690944,0,52690944,0,161159,0,0,201,0,0,0,0,0,0,0,5386842,0,0,0,0,0
1785759480271|1007|stream64_r2f_2|rotating|312,1378943233,527,119538790,118730087,118894056,118730087,118894056,118730087,214060,213860,106928,106928,0,0,6846,0,3301084826,3297802648,4096,4096,0,0,106929,106929,2757663077,2757663090,2757663085,2757663066,0,0,0,0,0,0,0,0,4096,256,131072,4,3|4,0,67108864,262144,256,0,0,0,0,816,0,804,0,204,201,0,1,816,0|338,2805381067,11,52809504,0,0,0,0,0,59429291,0,201,0,1467040454,1,1467040454,1,2080,1447800633,1,30916334,0,0,0,0,0
1785759485277|1007|stream64_r2f_2|fixed|314,1378943233,304,126107087,125254081,680144,0,680144,0,14444,0,7222,0,0,0,112808,112808,46140936,0,4096,0,0,0,7222,0,3092688925,0,3092688941,0,0,0,0,0,0,0,0,0,4096,256,131072,4,3|4,0,67108864,262144,256,0,0,0,0,860,0,848,0,215,212,0,1,860,0|340,3712853519,11,0,0,55574528,0,55574528,0,170107,0,0,212,0,0,0,0,0,0,0,5413504,0,0,0,0,0
1785759485277|1007|stream64_r2f_2|rotating|314,1378943233,560,126178612,125325206,125498091,125325206,125498091,125325206,225958,225746,112872,112872,0,0,7226,0,3484584384,3481122848,4096,4096,0,0,112872,112872,3078320123,3078320456,3078320131,3078320464,0,0,0,0,0,0,0,0,4096,256,131072,4,3|4,0,67108864,262144,256,0,0,0,0,860,0,848,0,215,212,0,1,860,0|340,3125823633,11,55748416,0,0,0,0,0,62726630,0,212,0,1786748292,1,1786748292,1,2080,1766673898,1,32331530,0,0,0,0,0
1785759490282|1007|stream64_r2f_2|fixed|316,1378943233,304,132736374,131838477,715931,0,715931,0,15204,0,7602,0,0,0,118742,118742,48568744,0,4096,0,0,0,7602,0,3412991754,0,3412991762,0,0,0,0,0,0,0,0,0,4096,256,131072,4,3|4,0,67108864,262144,256,0,0,0,0,904,0,892,0,226,223,0,1,904,0|342,4033164038,11,0,0,58458112,0,58458112,0,179054,0,0,223,0,0,0,0,0,0,0,5435062,0,0,0,0,0
1785759490282|1007|stream64_r2f_2|rotating|316,1378943233,527,132816836,131918451,132100433,131918451,132100433,131918451,237853,237630,118814,118814,0,0,7607,0,3668023922,3664382445,4096,4096,0,0,118814,118814,3398891607,3398891940,3398891615,3398891948,0,0,0,0,0,0,0,0,4096,256,131072,4,3|4,0,67108864,262144,256,0,0,0,0,904,0,892,0,226,223,0,1,904,0|342,3446283889,11,58679424,0,0,0,0,0,66024313,0,223,0,2106475796,1,2106475796,1,2080,2085566074,1,33745784,0,0,0,0,0
1785759495294|1007|stream64_r2f_2|fixed|318,1378943233,304,139380436,138437662,751812,0,751812,0,15966,0,7983,0,0,0,124688,124688,51002864,0,4096,0,0,0,7983,0,3734156670,0,3734156678,0,0,0,0,0,0,0,0,0,4096,256,131072,4,3|4,0,67108864,262144,256,0,0,0,0,948,0,936,0,237,234,0,1,948,0|344,58948114,12,0,0,61341696,0,61341696,0,188022,0,0,234,0,0,0,0,0,0,0,5462251,0,0,0,0,0
1785759495294|1007|stream64_r2f_2|rotating|318,1378943233,527,139459220,138516068,138707035,138516068,138707035,138516068,249756,249522,124759,124759,0,0,7987,0,3851574541,3847753544,4096,4096,0,0,124760,124760,3719664447,3719664428,3719664455,3719664436,0,0,0,0,0,0,0,0,4096,256,131072,4,3|4,0,67108864,262144,256,0,0,0,0,952,0,940,0,238,235,0,1,952,0|344,3767011505,11,61611744,0,0,0,0,0,69323630,0,235,0,2426470332,1,2426470332,1,2080,2404589147,1,35291876,0,0,0,0,0
1785759500297|1007|stream64_r2f_2|fixed|320,1378943233,304,146010585,145022994,787597,0,787597,0,16726,0,8363,0,0,0,130623,130623,53430712,0,4096,0,0,0,8363,0,4054462720,0,4054462728,0,0,0,0,0,0,0,0,0,4096,256,131072,4,3|4,0,67108864,262144,256,0,0,0,0,996,0,984,0,249,246,0,1,996,0|346,379041934,12,0,0,64487424,0,64487424,0,196970,0,0,246,0,0,0,0,0,0,0,5486832,0,0,0,0,0
1785759500297|1007|stream64_r2f_2|rotating|320,1378943233,527,146088522,145099758,145300454,145099758,145300454,145099758,261636,261390,130693,130693,0,0,8368,0,4034769296,4030752357,4096,4096,0,0,130694,130694,4039933587,4039933568,4039933563,4039933576,0,0,0,0,0,0,0,0,4096,256,131072,4,3|4,0,67108864,262144,256,0,0,0,0,996,0,984,0,249,246,0,1,996,0|346,4087328369,11,64542752,0,0,0,0,0,72619755,0,246,0,2746054444,1,2746054444,1,2080,2723335372,1,36708689,0,0,0,0,0
1785759510200|1008|stream64_r2f_3|fixed|324,1378943233,304,6532764,6488644,35222,0,35222,0,748,0,374,0,0,0,5847,5847,2389464,0,4096,0,0,0,374,0,393036597,0,393036605,0,0,0,0,0,0,0,0,0,4096,256,131072,4,3|4,0,67108864,262144,256,0,0,0,0,56,0,44,0,14,11,0,1,56,0|354,1013382631,12,0,0,2883584,0,2883584,0,8876,0,0,11,0,0,0,0,0,0,0,4996885,0,0,0,0,0
1785759510200|1008|stream64_r2f_3|rotating|324,1378943233,527,6629707,6585096,6594014,6585096,6594014,6585096,5947,5935,5934,5934,0,0,379,0,183119435,182939664,4096,4096,0,0,5935,5935,379750577,379750590,379750585,379750566,0,0,0,0,0,0,0,0,4096,256,131072,4,3|4,0,67108864,262144,256,0,0,0,0,56,0,44,0,14,11,0,1,56,0|354,426989542,12,2946816,0,0,0,0,0,3312845,0,11,0,324964618,0,324964618,0,2080,320356583,0,6448826,0,0,0,0,0
1785759515206|1008|stream64_r2f_3|fixed|326,1378943233,304,13168138,13079400,71009,0,71009,0,1508,0,754,0,0,0,11786,11786,4817248,0,4096,0,0,0,754,0,713466870,0,713466878,0,0,0,0,0,0,0,0,0,4096,256,131072,4,3|4,0,67108864,262144,256,0,0,0,0,100,0,88,0,25,22,0,1,100,0|356,1333364517,12,0,0,5767168,0,5767168,0,17822,0,0,22,0,0,0,0,0,0,0,5018024,0,0,0,0,0
1785759515206|1008|stream64_r2f_3|rotating|326,1378943233,527,13245352,13156228,13173966,13156228,13173966,13156228,11879,11856,11855,11855,0,0,758,0,365810528,365451242,4096,4096,0,0,11856,11856,699187060,699187041,699187036,699187049,0,0,0,0,0,0,0,0,4096,256,131072,4,3|4,0,67108864,262144,256,0,0,0,0,100,0,88,0,25,22,0,1,100,0|356,747287143,12,5877824,0,0,0,0,0,6609568,0,22,0,644529467,0,644529467,0,2080,639083272,0,7865912,0,0,0,0,0
1785759520213|1008|stream64_r2f_3|fixed|328,1378943233,304,19805417,19671801,106798,0,106798,0,2268,0,1134,0,0,0,17726,17726,7245080,0,4096,0,0,0,1134,0,1033771914,0,1033771922,0,0,0,0,0,0,0,0,0,4096,256,131072,4,3|4,0,67108864,262144,256,0,0,0,0,144,0,132,0,36,33,0,1,144,0|358,1653919237,12,0,0,8650752,0,8650752,0,26770,0,0,33,0,0,0,0,0,0,0,5039863,0,0,0,0,0
1785759520213|1008|stream64_r2f_3|rotating|328,1378943233,527,19892862,19758744,19785592,19758744,19785592,19758744,17839,17806,17804,17804,0,0,1139,0,549374947,548836136,4096,4096,0,0,17805,17805,1020139588,1020139601,1020139596,1020139577,0,0,0,0,0,0,0,0,4096,256,131072,4,3|4,0,67108864,262144,256,0,0,0,0,144,0,132,0,36,33,0,1,144,0|358,1068814364,12,8824640,0,0,0,0,0,9919136,0,33,0,965319984,0,965319984,0,2080,959039614,0,9282407,0,0,0,0,0
1785759525227|1008|stream64_r2f_3|fixed|330,1378943233,304,26467370,26288727,142773,0,142773,0,3032,0,1516,0,0,0,23689,23689,9685648,0,4096,0,0,0,1516,0,1355795721,0,1355795729,0,0,0,0,0,0,0,0,0,4096,256,131072,4,3|4,0,67108864,262144,256,0,0,0,0,188,0,176,0,47,44,0,1,188,0|360,1976003143,12,0,0,11534336,0,11534336,0,35764,0,0,44,0,0,0,0,0,0,0,5057397,0,0,0,0,0
1785759525227|1008|stream64_r2f_3|rotating|330,1378943233,527,26567740,26388597,26424495,26388597,26424495,26388597,23825,23781,23779,23779,0,0,1521,0,733749036,733030703,4096,4096,0,0,23780,23780,1342498426,1342498439,1342498434,1342498447,0,0,0,0,0,0,0,0,4096,256,131072,4,3|4,0,67108864,262144,256,0,0,0,0,188,0,176,0,47,44,0,1,188,0|360,1390115961,12,11763552,0,0,0,0,0,13225215,0,44,0,1285886853,0,1285886853,0,2080,1278770935,0,10698578,0,0,0,0,0
1785759530238|1008|stream64_r2f_3|fixed|332,1378943233,304,33108098,32884583,178654,0,178654,0,3794,0,1897,0,0,0,29638,29638,12119768,0,4096,0,0,0,1897,0,1676961989,0,1676961997,0,0,0,0,0,0,0,0,0,4096,256,131072,4,3|4,0,67108864,262144,256,0,0,0,0,232,0,220,0,58,55,0,1,232,0|362,2296831928,12,0,0,14417920,0,14417920,0,44733,0,0,55,0,0,0,0,0,0,0,5078594,0,0,0,0,0
1785759530238|1008|stream64_r2f_3|rotating|332,1378943233,527,33181078,32957163,33002051,32957163,33002051,32957163,29760,29705,29703,29703,0,0,1901,0,916528152,915630300,4096,4096,0,0,29704,29704,1662091125,1662091106,1662091101,1662091114,0,0,0,0,0,0,0,0,4096,256,131072,4,3|4,0,67108864,262144,256,0,0,0,0,232,0,220,0,58,55,0,1,236,0|362,1709525395,12,14687968,0,0,0,0,0,16508529,0,56,0,1604565183,0,1604565183,0,2080,1596475737,0,12245038,0,0,0,0,0
1785759535253|1008|stream64_r2f_3|fixed|334,1378943233,304,39733277,39465234,214344,0,214344,0,4552,0,2276,0,0,0,35567,35567,14541216,0,4096,0,0,0,2276,0,1996409154,0,1996409162,0,0,0,0,0,0,0,0,0,4096,256,131072,4,3|4,0,67108864,262144,256,0,0,0,0,280,0,268,0,70,67,0,1,280,0|364,2616359853,12,0,0,17563648,0,17563648,0,53680,0,0,67,0,0,0,0,0,0,0,5103462,0,0,0,0,0
1785759535253|1008|stream64_r2f_3|rotating|334,1378943233,527,39807195,39537980,39592379,39537980,39592379,39537980,35702,35636,35634,35634,0,0,2281,0,1099522659,1098428886,4096,4096,0,0,35634,35634,1982164659,1982164992,1982164667,1982165000,0,0,0,0,0,0,0,0,4096,256,131072,4,3|4,0,67108864,262144,256,0,0,0,0,280,0,268,0,70,67,0,1,280,0|364,2029627192,12,17611072,0,0,0,0,0,19803044,0,67,0,1923936204,0,1923936204,0,2080,1915005669,0,13663356,0,0,0,0,0
1785759540266|1008|stream64_r2f_3|fixed|336,1378943233,304,46374200,46060651,250227,0,250227,0,5314,0,2657,0,0,0,41513,41513,16975392,0,4096,0,0,0,2657,0,2316999292,0,2316999300,0,0,0,0,0,0,0,0,0,4096,256,131072,4,3|4,0,67108864,262144,256,0,0,0,0,324,0,312,0,81,78,0,1,324,0|366,2937490378,12,0,0,20447232,0,20447232,0,62627,0,0,78,0,0,0,0,0,0,0,5122294,0,0,0,0,0
1785759540266|1008|stream64_r2f_3|rotating|336,1378943233,527,46446937,46132904,46196239,46132904,46196239,46132904,41658,41581,41578,41578,0,0,2662,0,1282933713,1281660500,4096,4096,0,0,41579,41579,2302868019,2302868016,2302868027,2302868024,0,0,0,0,0,0,0,0,4096,256,131072,4,3|4,0,67108864,262144,256,0,0,0,0,324,0,312,0,81,78,0,1,324,0|366,2350222393,12,20549984,0,0,0,0,0,23101684,0,78,0,2243796677,0,2243796677,0,2080,2234030017,0,15080104,0,0,0,0,0
1785759545272|1008|stream64_r2f_3|fixed|338,1378943233,304,53038698,52680262,286205,0,286205,0,6078,0,3039,0,0,0,47477,47477,19416008,0,4096,0,0,0,3039,0,2639022477,0,2639022485,0,0,0,0,0,0,0,0,0,4096,256,131072,4,3|4,0,67108864,262144,256,0,0,0,0,368,0,356,0,92,89,0,1,368,0|368,3259799572,12,0,0,23330816,0,23330816,0,71645,0,0,89,0,0,0,0,0,0,0,5143635,0,0,0,0,0
1785759545272|1008|stream64_r2f_3|rotating|338,1378943233,527,53126191,52767247,52839516,52767247,52839516,52767247,47646,47558,47555,47555,0,0,3044,0,1467363978,1465911248,4096,4096,0,0,47556,47556,2625326331,2625326344,2625326339,2625326320,0,0,0,0,0,0,0,0,4096,256,131072,4,3|4,0,67108864,262144,256,0,0,0,0,368,0,356,0,92,89,0,1,368,0|368,2672855939,12,23496800,0,0,0,0,0,26422911,0,89,0,2565693519,0,2565693519,0,2080,2555093617,0,16495666,0,0,0,0,0
1785759550284|1008|stream64_r2f_3|fixed|340,1378943233,304,59651873,59248761,321897,0,321897,0,6836,0,3418,0,0,0,53395,53395,21837408,0,4096,0,0,0,3418,0,2958465057,0,2958465065,0,0,0,0,0,0,0,0,0,4096,256,131072,4,3|4,0,67108864,262144,256,0,0,0,0,412,0,400,0,103,100,0,1,412,0|370,3578493872,12,0,0,26214400,0,26214400,0,80545,0,0,100,0,0,0,0,0,0,0,5168090,0,0,0,0,0
1785759550284|1008|stream64_r2f_3|rotating|340,1378943233,527,59724254,59320756,59401979,59320756,59401979,59320756,53562,53464,53460,53460,0,0,3422,0,1649565858,1647933605,4096,4096,0,0,53461,53461,2943905691,2943905704,2943905699,2943905712,0,0,0,0,0,0,0,0,4096,256,131072,4,3|4,0,67108864,262144,256,0,0,0,0,412,0,400,0,103,100,0,1,412,0|370,2991846152,12,26419904,0,0,0,0,0,29706163,0,100,0,2883952956,0,2883952956,0,2080,2872516734,0,17909215,0,0,0,0,0
1785759555285|1008|stream64_r2f_3|fixed|342,1378943233,304,66284233,65836171,357686,0,357686,0,7596,0,3798,0,0,0,59330,59330,24265176,0,4096,0,0,0,3798,0,3278771685,0,3278771693,0,0,0,0,0,0,0,0,0,4096,256,131072,4,3|4,0,67108864,262144,256,0,0,0,0,456,0,444,0,114,111,0,1,456,0|372,3899470698,12,0,0,29097984,0,29097984,0,89514,0,0,111,0,0,0,0,0,0,0,5187568,0,0,0,0,0
1785759555285|1008|stream64_r2f_3|rotating|342,1378943233,527,66383457,65934903,66025306,65934903,66025306,65934903,59532,59423,59419,59419,0,0,3803,0,1833455453,1831643680,4096,4096,0,0,59420,59420,3265419197,3265419210,3265419205,3265419186,0,0,0,0,0,0,0,0,4096,256,131072,4,3|4,0,67108864,262144,256,0,0,0,0,456,0,444,0,114,111,0,1,456,0|372,3313521101,12,29358816,0,0,0,0,0,33017058,0,111,0,3204893177,0,3204893177,0,2080,3192619488,0,19327305,0,0,0,0,0
1785759560297|1008|stream64_r2f_3|fixed|344,1378943233,304,72928350,72435530,393467,0,393467,0,8356,0,4178,0,0,0,65276,65276,26692960,0,4096,0,0,0,4178,0,3599076185,0,3599076193,0,0,0,0,0,0,0,0,0,4096,256,131072,4,3|5,0,67108864,262144,256,0,0,0,0,504,0,492,0,126,123,0,1,504,0|374,4219639474,12,0,0,32243712,0,32243712,0,98461,0,0,123,0,0,0,0,0,0,0,5213860,0,0,0,0,0
1785759560297|1008|stream64_r2f_3|rotating|344,1378943233,527,72998195,72504209,72604255,72504209,72604255,72504209,65464,65343,65339,65339,0,0,4183,0,2016104720,2014097114,4096,4096,0,0,65340,65340,3584910531,3584910512,3584910507,3584910520,0,0,0,0,0,0,0,0,4096,256,131072,4,3|4,0,67108864,262144,256,0,0,0,0,504,0,492,0,126,123,0,1,504,0|374,3632393514,12,32275328,0,0,0,0,0,36297889,0,123,0,3523036462,0,3523036462,0,2080,3509788916,0,20872397,0,0,0,0,0
1785759565297|1008|stream64_r2f_3|fixed|346,1378943233,304,79552394,79014190,429350,0,429350,0,9118,0,4559,0,0,0,71205,71205,29127152,0,4096,0,0,0,4559,0,3919670224,0,3919670232,0,0,0,0,0,0,0,0,0,4096,256,131072,4,3|4,0,67108864,262144,256,0,0,0,0,548,0,536,0,137,134,0,1,548,0|376,244408130,13,0,0,35127296,0,35127296,0,107408,0,0,134,0,0,0,0,0,0,0,5234986,0,0,0,0,0
1785759565297|1008|stream64_r2f_3|rotating|346,1378943233,527,79630391,79091804,79200665,79091804,79200665,79091804,71411,71279,71275,71275,0,0,4563,0,2199266339,2197079206,4096,4096,0,0,71276,71276,3905165937,3905165950,3905165945,3905165958,0,0,0,0,0,0,0,0,4096,256,131072,4,3|4,0,67108864,262144,256,0,0,0,0,548,0,536,0,137,134,0,1,548,0|376,3953160508,12,35214240,0,0,0,0,0,39599114,0,134,0,3843068728,0,3843068728,0,2080,3828981821,0,22292381,0,0,0,0,0
1785759570298|1008|stream64_r2f_3|fixed|348,1378943233,304,86185580,85602704,465137,0,465137,0,9878,0,4939,0,0,0,77143,77143,31554984,0,4096,0,0,0,4939,0,4239976815,0,4239976823,0,0,0,0,0,0,0,0,0,4096,256,131072,4,3|4,0,67108864,262144,256,0,0,0,0,592,0,580,0,148,145,0,1,592,0|378,564477540,13,0,0,38010880,0,38010880,0,116331,0,0,145,0,0,0,0,0,0,0,5252254,0,0,0,0,0
1785759570298|1008|stream64_r2f_3|rotating|348,1378943233,527,86254188,85670924,85788671,85670924,85788671,85670924,77351,77208,77204,77204,0,0,4943,0,2382216488,2379849841,4096,4096,0,0,77205,77205,4225049410,4225049391,4225049386,4225049399,0,0,0,0,0,0,0,0,4096,256,131072,4,3|4,0,67108864,262144,256,0,0,0,0,592,0,580,0,148,145,0,1,592,0|378,4272479012,12,38137344,0,0,0,0,0,42885123,0,145,0,4161656456,0,4161656456,0,2080,4146728759,0,23710400,0,0,0,0,0
1785759575299|1008|stream64_r2f_3|fixed|350,1378943233,304,92810954,92183389,500832,0,500832,0,10636,0,5318,0,0,0,83072,83072,33976392,0,4096,0,0,0,5318,0,264454865,0,264454881,0,0,0,0,0,0,0,0,0,4096,256,131072,4,3|4,0,67108864,262144,256,0,0,0,0,636,0,624,0,159,156,0,1,636,0|380,884850687,13,0,0,40894464,0,40894464,0,125279,0,0,156,0,0,0,0,0,0,0,5276242,0,0,0,0,0
1785759575299|1008|stream64_r2f_3|rotating|350,1378943233,527,92884004,92256036,92382795,92256036,92382795,92256036,83295,83141,83137,83137,0,0,5322,0,2565286707,2562740536,4096,4096,0,0,83138,83138,250174277,250174290,250174285,250174266,0,0,0,0,0,0,0,0,4096,256,131072,4,3|4,0,67108864,262144,256,0,0,0,0,636,0,624,0,159,156,0,1,636,0|380,297707957,13,41068352,0,0,0,0,0,46180971,0,156,0,186152649,1,186152649,1,2080,170387542,1,25126736,0,0,0,0,0
1785759580312|1008|stream64_r2f_3|fixed|352,1378943233,304,99456441,98783937,536714,0,536714,0,11398,0,5699,0,0,0,89018,89018,36410584,0,4096,0,0,0,5699,0,585621877,0,585621885,0,0,0,0,0,0,0,0,0,4096,256,131072,4,3|4,0,67108864,262144,256,0,0,0,0,680,0,668,0,170,167,0,1,680,0|382,1205447476,13,0,0,43778048,0,43778048,0,134249,0,0,167,0,0,0,0,0,0,0,5298424,0,0,0,0,0
1785759580312|1008|stream64_r2f_3|rotating|352,1378943233,527,99527995,98855101,98990904,98855101,98990904,98855101,89251,89086,89083,89083,0,0,5703,0,2748742327,2746016554,4096,4096,0,0,89083,89083,570932021,570932354,570932029,570932362,0,0,0,0,0,0,0,0,4096,256,131072,4,3|4,0,67108864,262144,256,0,0,0,0,680,0,668,0,170,167,0,1,680,0|382,618354136,13,43999360,0,0,0,0,0,49481472,0,167,0,506066076,1,506066076,1,2080,489461003,1,26545628,0,0,0,0,0
1785759585316|1008|stream64_r2f_3|fixed|354,1378943233,304,106085266,105367918,572500,0,572500,0,12158,0,6079,0,0,0,94951,94951,38838320,0,4096,0,0,0,6079,0,905926888,0,905926896,0,0,0,0,0,0,0,0,0,4096,256,131072,4,3|4,0,67108864,262144,256,0,0,0,0,724,0,712,0,181,178,0,1,724,0|384,1525626633,13,0,0,46661632,0,46661632,0,143194,0,0,178,0,0,0,0,0,0,0,5322238,0,0,0,0,0
1785759585316|1008|stream64_r2f_3|rotating|354,1378943233,527,106166707,105448971,105593834,105448971,105593834,105448971,95204,95028,95024,95024,0,0,6083,0,2932071008,2929165803,4096,4096,0,0,95025,95025,891483984,891483965,891483960,891483973,0,0,0,0,0,0,0,0,4096,256,131072,4,3|4,0,67108864,262144,256,0,0,0,0,728,0,716,0,182,179,0,1,728,0|384,938964538,13,46931680,0,0,0,0,0,52779889,0,179,0,825943398,1,825943398,1,2080,808368136,1,28090446,0,0,0,0,0
1785759590322|1008|stream64_r2f_3|fixed|356,1378943233,304,112718430,111955553,608380,0,608380,0,12920,0,6460,0,0,0,100890,100890,41272560,0,4096,0,0,0,6460,0,1226393506,0,1226393514,0,0,0,0,0,0,0,0,0,4096,256,131072,4,3|4,0,67108864,262144,256,0,0,0,0,772,0,760,0,193,190,0,1,772,0|386,1845996043,13,0,0,49807360,0,49807360,0,152142,0,0,190,0,0,0,0,0,0,0,5342658,0,0,0,0,0
1785759590322|1008|stream64_r2f_3|rotating|356,1378943233,527,112797583,112034301,112188827,112034301,112188827,112034301,101152,100964,100960,100960,0,0,6464,0,3115246168,3112145122,4096,4096,0,0,100961,100961,1211879142,1211879123,1211879118,1211879131,0,0,0,0,0,0,0,0,4096,256,131072,4,3|4,0,67108864,262144,256,0,0,0,0,772,0,760,0,193,190,0,1,772,0|386,1259765240,13,49870592,0,0,0,0,0,56080549,0,190,0,1146009372,1,1146009372,1,2080,1127596614,1,29508565,0,0,0,0,0
1785759595352|1008|stream64_r2f_3|fixed|358,1378943233,304,119375873,118568225,644260,0,644260,0,13682,0,6841,0,0,0,106854,106854,43706744,0,4096,0,0,0,6841,0,1547681997,0,1547682005,0,0,0,0,0,0,0,0,0,4096,256,131072,4,3|4,0,67108864,262144,256,0,0,0,0,816,0,804,0,204,201,0,1,816,0|388,2168144128,13,0,0,52690944,0,52690944,0,161136,0,0,201,0,0,0,0,0,0,0,5360216,0,0,0,0,0
1785759595352|1008|stream64_r2f_3|rotating|358,1378943233,527,119454845,118646717,118810111,118646717,118810111,118646717,107128,106929,106925,106925,0,0,6846,0,3299292248,3296011679,4096,4096,0,0,106926,106926,1533674291,1533674272,1533674267,1533674280,0,0,0,0,0,0,0,0,4096,256,131072,4,3|4,0,67108864,262144,256,0,0,0,0,816,0,804,0,204,201,0,1,816,0|388,1581178420,13,52809504,0,0,0,0,0,59385020,0,201,0,1466687824,1,1466687824,1,2080,1447440074,1,30924180,0,0,0,0,0
1785759600359|1008|stream64_r2f_3|fixed|360,1378943233,304,126008629,125156190,680144,0,680144,0,14444,0,7222,0,0,0,112796,112796,46140936,0,4096,0,0,0,7222,0,1868845543,0,1868845559,0,0,0,0,0,0,0,0,0,4096,256,131072,4,3|4,0,67108864,262144,256,0,0,0,0,860,0,848,0,215,212,0,1,860,0|390,2488487936,13,0,0,55574528,0,55574528,0,170083,0,0,212,0,0,0,0,0,0,0,5381089,0,0,0,0,0
1785759600359|1008|stream64_r2f_3|rotating|360,1378943233,527,126088902,125236049,125408381,125236049,125408381,125236049,113082,112871,112867,112867,0,0,7226,0,3482648584,3479188494,4096,4096,0,0,112868,112868,1854260312,1854260293,1854260288,1854260301,0,0,0,0,0,0,0,0,4096,256,131072,4,3|4,0,67108864,262144,256,0,0,0,0,860,0,848,0,215,212,0,1,860,0|390,1901533164,13,55740512,0,0,0,0,0,62679489,0,212,0,1786309816,1,1786309816,1,2080,1766225517,1,32339655,0,0,0,0,0
1785759605373|1008|stream64_r2f_3|fixed|362,1378943233,304,132648773,131751505,715931,0,715931,0,15204,0,7602,0,0,0,118743,118743,48568744,0,4096,0,0,0,7602,0,2189150865,0,2189150873,0,0,0,0,0,0,0,0,0,4096,256,131072,4,3|4,0,67108864,262144,256,0,0,0,0,904,0,892,0,226,223,0,1,904,0|392,2809309895,13,0,0,58458112,0,58458112,0,179054,0,0,223,0,0,0,0,0,0,0,5399463,0,0,0,0,0
1785759605373|1008|stream64_r2f_3|rotating|362,1378943233,527,132727676,131829911,132011273,131829911,132011273,131829911,119040,118818,118814,118814,0,0,7607,0,3666135687,3662496080,4096,4096,0,0,118815,118815,2175084841,2175084854,2175084849,2175084830,0,0,0,0,0,0,0,0,4096,256,131072,4,3|4,0,67108864,262144,256,0,0,0,0,904,0,892,0,226,223,0,1,904,0|392,2222606227,13,58679424,0,0,0,0,0,65981322,0,223,0,2106648151,1,2106648151,1,2080,2085727734,1,33756396,0,0,0,0,0
1785759610376|1008|stream64_r2f_3|fixed|364,1378943233,304,139277658,138335608,751719,0,751719,0,15964,0,7982,0,0,0,124681,124681,50996488,0,4096,0,0,0,7982,0,2509453106,0,2509453114,0,0,0,0,0,0,0,0,0,4096,256,131072,4,3|4,0,67108864,262144,256,0,0,0,0,948,0,936,0,237,234,0,1,948,0|394,3131223973,13,0,0,61341696,0,61341696,0,188046,0,0,234,0,0,0,0,0,0,0,5422457,0,0,0,0,0
1785759610376|1008|stream64_r2f_3|rotating|364,1378943233,560,139393674,138450174,138641204,138450174,138641204,138450174,125021,124788,124785,124785,0,0,7990,0,3850365960,3846530760,4096,4096,0,0,124785,124785,2497181117,2497159690,2497181125,2497159698,0,0,0,0,0,0,0,0,4096,256,131072,4,3|4,0,67108864,262144,256,0,0,0,0,952,0,940,0,238,235,0,1,952,0|394,2544692126,13,61627552,0,0,0,0,0,69292370,0,235,0,2427997018,1,2427997018,1,2063,2406111724,1,35299296,0,0,0,0,0
1785759615388|1008|stream64_r2f_3|fixed|366,1378943233,304,145914582,144926916,787692,0,787692,0,16728,0,8364,0,0,0,130626,130626,53437104,0,4096,0,0,0,8364,0,2830779742,0,2830779750,0,0,0,0,0,0,0,0,0,4096,256,131072,4,3|4,0,67108864,262144,256,0,0,0,0,996,0,984,0,249,246,0,1,996,0|396,3450782418,13,0,0,64487424,0,64487424,0,196993,0,0,246,0,0,0,0,0,0,0,5445229,0,0,0,0,0
1785759615388|1008|stream64_r2f_3|rotating|366,1378943233,527,146031572,145043308,145243315,145043308,145243315,145043308,130979,130734,130730,130730,0,0,8370,0,4033826327,4029811354,4096,4096,0,0,130731,130731,2818087556,2818087569,2818087564,2818087577,0,0,0,0,0,0,0,0,4096,256,131072,4,3|4,0,67108864,262144,256,0,0,0,0,996,0,984,0,249,246,0,1,996,0|396,2866255225,13,64566464,0,0,0,0,0,72599392,0,246,0,2748825389,1,2748825389,1,2080,2726103677,1,36716337,0,0,0,0,0
1785759625356|1009|stream64_r2f_4|fixed|370,1378943233,304,6179713,6136101,35222,0,35222,0,748,0,374,0,0,0,5856,5856,2389464,0,4096,0,0,0,374,0,3467735198,0,3467735206,0,0,0,0,0,0,0,0,0,4096,256,131072,4,3|4,0,67108864,262144,256,0,0,0,0,56,0,44,0,14,11,0,1,56,0|404,4088740224,13,0,0,2883584,0,2883584,0,8899,0,0,11,0,0,0,0,0,0,0,5098935,0,0,0,0,0
1785759625356|1009|stream64_r2f_4|rotating|370,1378943233,527,6281081,6236855,6245294,6236855,6245294,6236855,5965,5953,5952,5952,0,0,380,0,183730937,183551004,4096,4096,0,0,5953,5953,3455395299,3455395288,3455395307,3455395296,0,0,0,0,0,0,0,0,4096,256,131072,4,3|4,0,67108864,262144,256,0,0,0,0,56,0,44,0,14,11,0,1,56,0|404,3503374476,13,2962624,0,0,0,0,0,3145030,0,11,0,326733625,0,326733625,0,2080,322039802,0,6562291,0,0,0,0,0
1785759630361|1009|stream64_r2f_4|fixed|372,1378943233,304,12451017,12363028,71102,0,71102,0,1510,0,755,0,0,0,11797,11797,4823648,0,4096,0,0,0,755,0,3789034678,0,3789034686,0,0,0,0,0,0,0,0,0,4096,256,131072,4,3|4,0,67108864,262144,256,0,0,0,0,100,0,88,0,25,22,0,1,100,0|406,113986503,14,0,0,5767168,0,5767168,0,17846,0,0,22,0,0,0,0,0,0,0,5120642,0,0,0,0,0
1785759630361|1009|stream64_r2f_4|rotating|372,1378943233,560,12518561,12430185,12447080,12430185,12447080,12430185,11884,11862,11861,11861,0,0,759,0,366129856,365770608,4096,4096,0,0,11861,11861,3774184337,3774184654,3774184345,3774184662,0,0,0,0,0,0,0,0,4096,256,131072,4,3|4,0,67108864,262144,256,0,0,0,0,100,0,88,0,25,22,0,1,100,0|406,3821716257,13,5877824,0,0,0,0,0,6239273,0,22,0,644346606,0,644346606,0,2080,638802565,0,7988041,0,0,0,0,0
1785759635372|1009|stream64_r2f_4|fixed|374,1378943233,304,18723063,18590528,106893,0,106893,0,2270,0,1135,0,0,0,17738,17738,7251464,0,4096,0,0,0,1135,0,4109350749,0,4109350757,0,0,0,0,0,0,0,0,0,4096,256,131072,4,3|4,0,67108864,262144,256,0,0,0,0,144,0,132,0,36,33,0,1,144,0|408,434360592,14,0,0,8650752,0,8650752,0,26793,0,0,33,0,0,0,0,0,0,0,5141757,0,0,0,0,0
1785759635372|1009|stream64_r2f_4|rotating|374,1378943233,527,18796895,18663954,18689625,18663954,18689625,18663954,17843,17810,17808,17808,0,0,1139,0,549721906,549183064,4096,4096,0,0,17809,17809,4095079823,4095079844,4095079831,4095079820,0,0,0,0,0,0,0,0,4096,256,131072,4,3|4,0,67108864,262144,256,0,0,0,0,144,0,132,0,36,33,0,1,144,0|408,4142626128,13,8816736,0,0,0,0,0,9358514,0,33,0,964521749,0,964521749,0,2080,958130807,0,9415565,0,0,0,0,0
1785759640377|1009|stream64_r2f_4|fixed|376,1378943233,304,24990982,24813960,142679,0,142679,0,3030,0,1515,0,0,0,23678,23678,9679264,0,4096,0,0,0,1515,0,134696562,0,134696570,0,0,0,0,0,0,0,0,0,4096,256,131072,4,3|4,0,67108864,262144,256,0,0,0,0,188,0,176,0,47,44,0,1,188,0|410,754791371,14,0,0,11534336,0,11534336,0,35740,0,0,44,0,0,0,0,0,0,0,5158036,0,0,0,0,0
1785759640377|1009|stream64_r2f_4|rotating|376,1378943233,527,25073022,24895528,24929870,24895528,24929870,24895528,23802,23758,23756,23756,0,0,1520,0,733323859,732605518,4096,4096,0,0,23757,23757,121012575,121012564,121012583,121012572,0,0,0,0,0,0,0,0,4096,256,131072,4,3|4,0,67108864,262144,256,0,0,0,0,188,0,176,0,47,44,0,1,188,0|410,169065475,14,11755648,0,0,0,0,0,12481353,0,44,0,1285193664,0,1285193664,0,2080,1277958818,0,10840092,0,0,0,0,0
1785759645384|1009|stream64_r2f_4|fixed|378,1378943233,304,31252763,31031367,178467,0,178467,0,3790,0,1895,0,0,0,29615,29615,12107016,0,4096,0,0,0,1895,0,455015065,0,455015073,0,0,0,0,0,0,0,0,0,4096,256,131072,4,3|4,0,67108864,262144,256,0,0,0,0,232,0,220,0,58,55,0,1,232,0|412,1075301166,14,0,0,14417920,0,14417920,0,44686,0,0,55,0,0,0,0,0,0,0,5179371,0,0,0,0,0
1785759645384|1009|stream64_r2f_4|rotating|378,1378943233,560,31328682,31106797,31149749,31106797,31149749,31106797,29744,29689,29688,29688,0,0,1900,0,916419888,915522248,4096,4096,0,0,29688,29688,441024448,441024805,441024456,441024813,0,0,0,0,0,0,0,0,4096,256,131072,4,3|4,0,67108864,262144,256,0,0,0,0,232,0,220,0,58,55,0,1,232,0|412,488521630,14,14678752,0,0,0,0,0,15583653,0,55,0,1603919043,0,1603919043,0,2054,1595831473,0,12270045,0,0,0,0,0
1785759650408|1009|stream64_r2f_4|fixed|380,1378943233,304,37543753,37278015,214439,0,214439,0,4554,0,2277,0,0,0,35576,35576,14547616,0,4096,0,0,0,2277,0,777052814,0,777052822,0,0,0,0,0,0,0,0,0,4096,256,131072,4,3|4,0,67108864,262144,256,0,0,0,0,280,0,268,0,70,67,0,1,280,0|414,1396844838,14,0,0,17563648,0,17563648,0,53680,0,0,67,0,0,0,0,0,0,0,5203202,0,0,0,0,0
1785759650408|1009|stream64_r2f_4|rotating|380,1378943233,527,37615700,37348824,37400790,37348824,37400790,37348824,35713,35647,35644,35644,0,0,2282,0,1100273402,1099180000,4096,4096,0,0,35645,35645,762509314,762509351,762509322,762509311,0,0,0,0,0,0,0,0,4096,256,131072,4,3|4,0,67108864,262144,256,0,0,0,0,280,0,268,0,70,67,0,1,280,0|414,809695293,14,17618976,0,0,0,0,0,18704169,0,67,0,1924357650,0,1924357650,0,2080,1915286267,0,13830184,0,0,0,0,0
1785759655418|1009|stream64_r2f_4|fixed|382,1378943233,304,43815397,43504604,250321,0,250321,0,5316,0,2658,0,0,0,41519,41519,16981792,0,4096,0,0,0,2658,0,1097661174,0,1097661182,0,0,0,0,0,0,0,0,0,4096,256,131072,4,3|4,0,67108864,262144,256,0,0,0,0,324,0,312,0,81,78,0,1,324,0|416,1717752557,14,0,0,20447232,0,20447232,0,62650,0,0,78,0,0,0,0,0,0,0,5229166,0,0,0,0,0
1785759655418|1009|stream64_r2f_4|rotating|382,1378943233,560,43884675,43573520,43633977,43573520,43633977,43573520,41664,41588,41585,41585,0,0,2662,0,1283660688,1282387728,4096,4096,0,0,41585,41585,1083026010,1083026359,1083026018,1083026367,0,0,0,0,0,0,0,0,4096,256,131072,4,3|4,0,67108864,262144,256,0,0,0,0,324,0,312,0,81,78,0,1,324,0|416,1131153366,14,20557888,0,0,0,0,0,21827603,0,78,0,2245080995,0,2245080995,0,2080,2235156835,0,15263584,0,0,0,0,0
1785759660435|1009|stream64_r2f_4|fixed|384,1378943233,304,50095121,49740079,286205,0,286205,0,6078,0,3039,0,0,0,47468,47468,19416008,0,4096,0,0,0,3039,0,1418838973,0,1418838981,0,0,0,0,0,0,0,0,0,4096,256,131072,4,3|4,0,67108864,262144,256,0,0,0,0,368,0,356,0,92,89,0,1,368,0|418,2038505587,14,0,0,23330816,0,23330816,0,71621,0,0,89,0,0,0,0,0,0,0,5251834,0,0,0,0,0
1785759660435|1009|stream64_r2f_4|rotating|384,1378943233,527,50168806,49813344,49882224,49813344,49882224,49813344,47628,47541,47537,47537,0,0,3043,0,1467410426,1465957813,4096,4096,0,0,47538,47538,1404196556,1404196561,1404196572,1404196569,0,0,0,0,0,0,0,0,4096,256,131072,4,3|4,0,67108864,262144,256,0,0,0,0,368,0,356,0,92,89,0,1,368,0|418,1451601062,14,23488896,0,0,0,0,0,24942619,0,89,0,2564795939,0,2564795939,0,2080,2554020985,0,16693304,0,0,0,0,0
1785759665436|1009|stream64_r2f_4|fixed|386,1378943233,304,56356417,55957056,321897,0,321897,0,6836,0,3418,0,0,0,53399,53399,21837408,0,4096,0,0,0,3418,0,1738295906,0,1738295914,0,0,0,0,0,0,0,0,0,4096,256,131072,4,3|4,0,67108864,262144,256,0,0,0,0,412,0,400,0,103,100,0,1,412,0|420,2358589418,14,0,0,26214400,0,26214400,0,80545,0,0,100,0,0,0,0,0,0,0,5273483,0,0,0,0,0
1785759665436|1009|stream64_r2f_4|rotating|386,1378943233,527,56430174,56030329,56107804,56030329,56107804,56030329,53571,53474,53469,53469,0,0,3423,0,1650509357,1648877112,4096,4096,0,0,53470,53470,1724228105,1724228094,1724228113,1724228102,0,0,0,0,0,0,0,0,4096,256,131072,4,3|4,0,67108864,262144,256,0,0,0,0,412,0,400,0,103,100,0,1,412,0|420,1771590573,14,26419904,0,0,0,0,0,28052893,0,100,0,2884052698,0,2884052698,0,2080,2872428793,0,18121181,0,0,0,0,0
1785759670437|1009|stream64_r2f_4|fixed|388,1378943233,304,62618985,62175052,357686,0,357686,0,7596,0,3798,0,0,0,59332,59332,24265176,0,4096,0,0,0,3798,0,2058611004,0,2058611012,0,0,0,0,0,0,0,0,0,4096,256,131072,4,3|4,0,67108864,262144,256,0,0,0,0,456,0,444,0,114,111,0,1,456,0|422,2678662557,14,0,0,29097984,0,29097984,0,89491,0,0,111,0,0,0,0,0,0,0,5293361,0,0,0,0,0
1785759670437|1009|stream64_r2f_4|rotating|388,1378943233,527,62693847,62249533,62335789,62249533,62335789,62249533,59516,59408,59403,59403,0,0,3802,0,1833679896,1831868200,4096,4096,0,0,59404,59404,2044379028,2044379041,2044379036,2044379009,0,0,0,0,0,0,0,0,4096,256,131072,4,3|4,0,67108864,262144,256,0,0,0,0,456,0,444,0,114,111,0,1,456,0|422,2091844559,14,29350912,0,0,0,0,0,31165656,0,111,0,3203573932,0,3203573932,0,2080,3191102407,0,19547727,0,0,0,0,0
1785759675444|1009|stream64_r2f_4|fixed|390,1378943233,304,68892505,68404314,393467,0,393467,0,8356,0,4178,0,0,0,65275,65275,26692960,0,4096,0,0,0,4178,0,2378926434,0,2378926442,0,0,0,0,0,0,0,0,0,4096,256,131072,4,3|4,0,67108864,262144,256,0,0,0,0,500,0,488,0,125,122,0,1,500,0|424,2998247746,14,0,0,31981568,0,31981568,0,98414,0,0,122,0,0,0,0,0,0,0,5314585,0,0,0,0,0
1785759675444|1009|stream64_r2f_4|rotating|390,1378943233,560,68943170,68453962,68549324,68453962,68549324,68453962,65447,65327,65323,65323,0,0,4182,0,2016413912,2014406816,4096,4096,0,0,65323,65323,2363879935,2363880268,2363879943,2363880276,0,0,0,0,0,0,0,0,4096,256,131072,4,3|4,0,67108864,262144,256,0,0,0,0,504,0,492,0,126,123,0,1,504,0|424,2411397224,14,32267424,0,0,0,0,0,34270652,0,123,0,3522397469,0,3522397469,0,2080,3508939901,0,21105005,0,0,0,0,0
1785759680456|1009|stream64_r2f_4|fixed|392,1378943233,304,75166781,74633606,429444,0,429444,0,9120,0,4560,0,0,0,71219,71219,29133544,0,4096,0,0,0,4560,0,2700391440,0,2700391448,0,0,0,0,0,0,0,0,0,4096,256,131072,4,3|4,0,67108864,262144,256,0,0,0,0,548,0,536,0,137,134,0,1,548,0|426,3319868612,14,0,0,35127296,0,35127296,0,107408,0,0,134,0,0,0,0,0,0,0,5342324,0,0,0,0,0
1785759680456|1009|stream64_r2f_4|rotating|392,1378943233,560,75243808,74710262,74813988,74710262,74813988,74710262,71428,71297,71293,71293,0,0,4564,0,2200698208,2198511376,4096,4096,0,0,71293,71293,2685971504,2685971837,2685971512,2685971845,0,0,0,0,0,0,0,0,4096,256,131072,4,3|4,0,67108864,262144,256,0,0,0,0,548,0,536,0,137,134,0,1,548,0|426,2734146179,14,35222144,0,0,0,0,0,37407278,0,134,0,3844407744,0,3844407744,0,2080,3830104055,0,22535143,0,0,0,0,0
1785759685469|1009|stream64_r2f_4|fixed|394,1378943233,304,81441378,80864142,465232,0,465232,0,9880,0,4940,0,0,0,77165,77165,31561384,0,4096,0,0,0,4940,0,3020707472,0,3020707480,0,0,0,0,0,0,0,0,0,4096,256,131072,4,3|4,0,67108864,262144,256,0,0,0,0,592,0,580,0,148,145,0,1,592,0|428,3641006798,14,0,0,38010880,0,38010880,0,116379,0,0,145,0,0,0,0,0,0,0,5369918,0,0,0,0,0
1785759685469|1009|stream64_r2f_4|rotating|394,1378943233,527,81511768,80934137,81046158,80934137,81046158,80934137,77378,77236,77231,77231,0,0,4944,0,2384016890,2381650400,4096,4096,0,0,77232,77232,3006388958,3006388979,3006388966,3006388963,0,0,0,0,0,0,0,0,4096,256,131072,4,3|4,0,67108864,262144,256,0,0,0,0,592,0,580,0,148,145,0,1,592,0|428,3053797891,14,38153152,0,0,0,0,0,40513868,0,145,0,4163326704,0,4163326704,0,2080,4148174486,0,23962598,0,0,0,0,0
1785759690472|1009|stream64_r2f_4|fixed|396,1378943233,304,87708859,87087376,501021,0,501021,0,10640,0,5320,0,0,0,83102,83102,33989160,0,4096,0,0,0,5320,0,3341021631,0,3341021639,0,0,0,0,0,0,0,0,0,4096,256,131072,4,3|4,0,67108864,262144,256,0,0,0,0,636,0,624,0,159,156,0,1,636,0|430,3961140051,14,0,0,40894464,0,40894464,0,125325,0,0,156,0,0,0,0,0,0,0,5390764,0,0,0,0,0
1785759690472|1009|stream64_r2f_4|rotating|396,1378943233,527,87775798,87153914,87274401,87153914,87274401,87153914,83323,83170,83165,83165,0,0,5324,0,2567193368,2564647160,4096,4096,0,0,83166,83166,3326546489,3326546494,3326546449,3326546470,0,0,0,0,0,0,0,0,4096,256,131072,4,3|4,0,67108864,262144,256,0,0,0,0,636,0,624,0,159,156,0,1,636,0|430,3374007311,14,41076256,0,0,0,0,0,43626375,0,156,0,187838052,1,187838052,1,2080,171837465,1,25388196,0,0,0,0,0
1785759695481|1009|stream64_r2f_4|fixed|398,1378943233,304,93976983,93311285,536809,0,536809,0,11400,0,5700,0,0,0,89040,89040,36416960,0,4096,0,0,0,5700,0,3661340502,0,3661340510,0,0,0,0,0,0,0,0,0,4096,256,131072,4,3|4,0,67108864,262144,256,0,0,0,0,680,0,668,0,170,167,0,1,680,0|432,4281561956,14,0,0,43778048,0,43778048,0,134272,0,0,167,0,0,0,0,0,0,0,5413621,0,0,0,0,0
1785759695481|1009|stream64_r2f_4|rotating|398,1378943233,527,94053138,93386939,93515860,93386939,93515860,93386939,89281,89117,89112,89112,0,0,5705,0,2750747511,2748021720,4096,4096,0,0,89113,89113,3647375729,3647375766,3647375737,3647375758,0,0,0,0,0,0,0,0,4096,256,131072,4,3|4,0,67108864,262144,256,0,0,0,0,680,0,668,0,170,167,0,1,680,0|432,3694740749,14,44015168,0,0,0,0,0,46744083,0,167,0,507836762,1,507836762,1,2080,490986475,1,26818519,0,0,0,0,0
1785759700487|1009|stream64_r2f_4|fixed|400,1378943233,304,100248036,99538105,572592,0,572592,0,12160,0,6080,0,0,0,94981,94981,38844712,0,4096,0,0,0,6080,0,3981657411,0,3981657419,0,0,0,0,0,0,0,0,0,4096,256,131072,4,3|4,0,67108864,262144,256,0,0,0,0,724,0,712,0,181,178,0,1,724,0|434,307170396,15,0,0,46661632,0,46661632,0,143218,0,0,178,0,0,0,0,0,0,0,5431973,0,0,0,0,0
1785759700487|1009|stream64_r2f_4|rotating|400,1378943233,527,100318317,99607888,99745254,99607888,99745254,99607888,95227,95052,95047,95047,0,0,6085,0,2933961168,2931056139,4096,4096,0,0,95048,95048,3967598355,3967598360,3967598363,3967598368,0,0,0,0,0,0,0,0,4096,256,131072,4,3|4,0,67108864,262144,256,0,0,0,0,728,0,716,0,182,179,0,1,728,0|434,4015052595,14,46947488,0,0,0,0,0,49856196,0,179,0,827415528,1,827415528,1,2080,809581222,1,28377167,0,0,0,0,0
1785759705496|1009|stream64_r2f_4|fixed|402,1378943233,304,106515697,105760780,608474,0,608474,0,12922,0,6461,0,0,0,100921,100921,41278944,0,4096,0,0,0,6461,0,7291602,0,7291610,0,0,0,0,0,0,0,0,0,4096,256,131072,4,3|4,0,67108864,262144,256,0,0,0,0,772,0,760,0,193,190,0,1,772,0|436,627920431,15,0,0,49807360,0,49807360,0,152212,0,0,190,0,0,0,0,0,0,0,5450035,0,0,0,0,0
1785759705496|1009|stream64_r2f_4|rotating|402,1378943233,527,106585043,105829655,105976098,105829655,105976098,105829655,101179,100992,100987,100987,0,0,6466,0,3117311226,3114210365,4096,4096,0,0,100988,100988,4288189035,4288189008,4288189043,4288189016,0,0,0,0,0,0,0,0,4096,256,131072,4,3|4,0,67108864,262144,256,0,0,0,0,772,0,760,0,193,190,0,1,772,0|436,40738227,15,49878496,0,0,0,0,0,52971231,0,190,0,1147335704,1,1147335704,1,2080,1128654070,1,29803421,0,0,0,0,0
1785759710496|1009|stream64_r2f_4|fixed|404,1378943233,304,112768162,111969301,644260,0,644260,0,13682,0,6841,0,0,0,106852,106852,43706744,0,4096,0,0,0,6841,0,327608781,0,327608789,0,0,0,0,0,0,0,0,0,4096,256,131072,4,3|4,0,67108864,262144,256,0,0,0,0,816,0,804,0,204,201,0,1,816,0|438,947647942,15,0,0,52690944,0,52690944,0,161136,0,0,201,0,0,0,0,0,0,0,5469793,0,0,0,0,0
1785759710496|1009|stream64_r2f_4|rotating|404,1378943233,527,112865566,112066105,112220737,112066105,112220737,112066105,107147,106949,106944,106944,0,0,6847,0,3301197152,3297916626,4096,4096,0,0,106945,106945,314617163,314617152,314617123,314617168,0,0,0,0,0,0,0,0,4096,256,131072,4,3|4,0,67108864,262144,256,0,0,0,0,816,0,804,0,204,201,0,1,816,0|438,362665537,15,52825312,0,0,0,0,0,56096709,0,201,0,1468526310,1,1468526310,1,2080,1448998406,1,31232011,0,0,0,0,0
1785759715504|1009|stream64_r2f_4|fixed|406,1378943233,304,119031280,118188216,680051,0,680051,0,14442,0,7221,0,0,0,112791,112791,46134560,0,4096,0,0,0,7221,0,647923837,0,647923845,0,0,0,0,0,0,0,0,0,4096,256,131072,4,3|4,0,67108864,262144,256,0,0,0,0,860,0,848,0,215,212,0,1,860,0|440,1268272261,15,0,0,55574528,0,55574528,0,170083,0,0,212,0,0,0,0,0,0,0,5487771,0,0,0,0,0
1785759715504|1009|stream64_r2f_4|rotating|406,1378943233,527,119107208,118263648,118426687,118263648,118426687,118263648,113077,112867,112862,112862,0,0,7226,0,3483890823,3480430938,4096,4096,0,0,112863,112863,633931112,633931117,633931120,633931125,0,0,0,0,0,0,0,0,4096,256,131072,4,3|4,0,67108864,262144,256,0,0,0,0,860,0,848,0,215,212,0,1,860,0|440,681511504,15,55740512,0,0,0,0,0,59193082,0,212,0,1786643477,1,1786643477,1,2080,1766264598,1,32658518,0,0,0,0,0
1785759720518|1009|stream64_r2f_4|fixed|408,1378943233,304,125303832,124416264,715931,0,715931,0,15204,0,7602,0,0,0,118738,118738,48568744,0,4096,0,0,0,7602,0,969103458,0,969103466,0,0,0,0,0,0,0,0,0,4096,256,131072,4,3|4,0,67108864,262144,256,0,0,0,0,904,0,892,0,226,223,0,1,904,0|442,1589200651,15,0,0,58458112,0,58458112,0,179054,0,0,223,0,0,0,0,0,0,0,5506557,0,0,0,0,0
1785759720518|1009|stream64_r2f_4|rotating|408,1378943233,527,125379848,124491869,124663538,124491869,124663538,124491869,119036,118815,118810,118810,0,0,7606,0,3667491784,3663852085,4096,4096,0,0,118811,118811,954836342,954836331,954836318,954836339,0,0,0,0,0,0,0,0,4096,256,131072,4,3|4,0,67108864,262144,256,0,0,0,0,904,0,892,0,226,223,0,1,904,0|442,1002338945,15,58679424,0,0,0,0,0,62308426,0,223,0,2106736190,1,2106736190,1,2080,2085506413,1,34090039,0,0,0,0,0
1785759725527|1009|stream64_r2f_4|fixed|410,1378943233,304,131570152,130638237,751719,0,751719,0,15964,0,7982,0,0,0,124680,124680,50996488,0,4096,0,0,0,7982,0,1289419114,0,1289419122,0,0,0,0,0,0,0,0,0,4096,256,131072,4,3|4,0,67108864,262144,256,0,0,0,0,948,0,936,0,237,234,0,1,948,0|444,1909528591,15,0,0,61341696,0,61341696,0,187999,0,0,234,0,0,0,0,0,0,0,5527247,0,0,0,0,0
1785759725527|1009|stream64_r2f_4|rotating|410,1378943233,527,131643887,130711503,130891702,130711503,130891702,130711503,124987,124755,124750,124750,0,0,7987,0,3850831960,3847012688,4096,4096,0,0,124751,124751,1275289142,1275289123,1275289094,1275289139,0,0,0,0,0,0,0,0,4096,256,131072,4,3|4,0,67108864,262144,256,0,0,0,0,948,0,936,0,237,234,0,1,952,0|444,1322871663,15,61611744,0,0,0,0,0,65419989,0,235,0,2426535828,1,2426535828,1,2080,2404324036,1,35646683,0,0,0,0,0
1785759730535|1009|stream64_r2f_4|fixed|412,1378943233,304,137839900,136863471,787597,0,787597,0,16726,0,8363,0,0,0,130625,130625,53430712,0,4096,0,0,0,8363,0,1610598255,0,1610598263,0,0,0,0,0,0,0,0,0,4096,256,131072,4,3|4,0,67108864,262144,256,0,0,0,0,996,0,984,0,249,246,0,1,996,0|446,2230081247,15,0,0,64487424,0,64487424,0,196970,0,0,246,0,0,0,0,0,0,0,5549484,0,0,0,0,0
1785759730535|1009|stream64_r2f_4|rotating|412,1378943233,560,137897683,136920227,137109709,136920227,137109709,136920227,130928,130684,130680,130680,0,0,8367,0,4033879376,4029864576,4096,4096,0,0,130680,130680,1595336677,1595337010,1595336685,1595337018,0,0,0,0,0,0,0,0,4096,256,131072,4,3|4,0,67108864,262144,256,0,0,0,0,996,0,984,0,249,246,0,1,996,0|446,1643018516,15,64534848,0,0,0,0,0,68528948,0,246,0,2745951905,1,2745951905,1,2080,2722886325,1,37077700,0,0,0,0,0
1785759740427|1010|stream64_r2f_5|fixed|416,1378943233,304,6118656,6075191,35222,0,35222,0,748,0,374,0,0,0,5842,5842,2389464,0,4096,0,0,0,374,0,2243389557,0,2243389565,0,0,0,0,0,0,0,0,0,4096,256,131072,4,3|4,0,67108864,262144,256,0,0,0,0,56,0,44,0,14,11,0,1,56,0|454,2862603366,15,0,0,2883584,0,2883584,0,8852,0,0,11,0,0,0,0,0,0,0,5373458,0,0,0,0,0
1785759740427|1010|stream64_r2f_5|rotating|416,1378943233,560,6192616,6148751,6157018,6148751,6157018,6148751,5925,5913,5913,5913,0,0,378,0,182516560,182340032,4096,4096,0,0,5913,5913,2228933042,2228933367,2228933050,2228933375,0,0,0,0,0,0,0,0,4096,256,131072,4,3|4,0,67108864,262144,256,0,0,0,0,56,0,44,0,14,11,0,1,56,0|454,2276295560,15,2938912,0,0,0,0,0,3094668,0,11,0,324252546,0,324252546,0,2080,319307692,0,6877385,0,0,0,0,0
1785759745455|1010|stream64_r2f_5|fixed|418,1378943233,304,12369075,12281231,71102,0,71102,0,1510,0,755,0,0,0,11808,11808,4823648,0,4096,0,0,0,755,0,2564686195,0,2564686203,0,0,0,0,0,0,0,0,0,4096,256,131072,4,3|4,0,67108864,262144,256,0,0,0,0,100,0,88,0,25,22,0,1,100,0|456,3185046254,15,0,0,5767168,0,5767168,0,17846,0,0,22,0,0,0,0,0,0,0,5391596,0,0,0,0,0
1785759745455|1010|stream64_r2f_5|rotating|418,1378943233,560,12444577,12356261,12373001,12356261,12373001,12356261,11903,11881,11880,11880,0,0,760,0,366702272,366344648,4096,4096,0,0,11880,11880,2550857979,2550858336,2550857987,2550858344,0,0,0,0,0,0,0,0,4096,256,131072,4,3|4,0,67108864,262144,256,0,0,0,0,100,0,88,0,25,22,0,1,100,0|456,2598392323,15,5885728,0,0,0,0,0,6202117,0,22,0,645612605,0,645612605,0,2080,639825388,0,8302068,0,0,0,0,0
1785759750468|1010|stream64_r2f_5|fixed|420,1378943233,304,18598559,18466318,106986,0,106986,0,2272,0,1136,0,0,0,17754,17754,7257840,0,4096,0,0,0,1136,0,2885863978,0,2885863994,0,0,0,0,0,0,0,0,0,4096,256,131072,4,3|4,0,67108864,262144,256,0,0,0,0,144,0,132,0,36,33,0,1,144,0|458,3505997619,15,0,0,8650752,0,8650752,0,26817,0,0,33,0,0,0,0,0,0,0,5416439,0,0,0,0,0
1785759750468|1010|stream64_r2f_5|rotating|420,1378943233,527,18669947,18537284,18562584,18537284,18562584,18537284,17857,17824,17822,17822,0,0,1140,0,550118584,549581448,4096,4096,0,0,17823,17823,2871467259,2871467280,2871467267,2871467248,0,0,0,0,0,0,0,0,4096,256,131072,4,3|4,0,67108864,262144,256,0,0,0,0,144,0,132,0,36,33,0,1,144,0|458,2919997328,15,8832544,0,0,0,0,0,9304614,0,33,0,966480906,0,966480906,0,2080,959846290,0,9731787,0,0,0,0,0
1785759755480|1010|stream64_r2f_5|fixed|422,1378943233,304,24842687,24665842,142963,0,142963,0,3036,0,1518,0,0,0,23716,23716,9698408,0,4096,0,0,0,1518,0,3207893657,0,3207893665,0,0,0,0,0,0,0,0,0,4096,256,131072,4,3|4,0,67108864,262144,256,0,0,0,0,188,0,176,0,47,44,0,1,188,0|460,3827580087,15,0,0,11534336,0,11534336,0,35811,0,0,44,0,0,0,0,0,0,0,5439684,0,0,0,0,0
1785759755480|1010|stream64_r2f_5|rotating|422,1378943233,527,24929639,24752331,24786207,24752331,24786207,24752331,23845,23801,23799,23799,0,0,1523,0,734632450,733917053,4096,4096,0,0,23800,23800,3193954665,3193954670,3193954673,3193954678,0,0,0,0,0,0,0,0,4096,256,131072,4,3|4,0,67108864,262144,256,0,0,0,0,188,0,176,0,47,44,0,1,188,0|460,3242036998,15,11779360,0,0,0,0,0,12409630,0,44,0,1287783872,0,1287783872,0,2080,1280309541,0,11153822,0,0,0,0,0
1785759760495|1010|stream64_r2f_5|fixed|424,1378943233,304,31053688,30832714,178654,0,178654,0,3794,0,1897,0,0,0,29650,29650,12119768,0,4096,0,0,0,1897,0,3527350133,0,3527350141,0,0,0,0,0,0,0,0,0,4096,256,131072,4,3|4,0,67108864,262144,256,0,0,0,0,232,0,220,0,58,55,0,1,232,0|462,4147568362,15,0,0,14417920,0,14417920,0,44733,0,0,55,0,0,0,0,0,0,0,5461596,0,0,0,0,0
1785759760495|1010|stream64_r2f_5|rotating|424,1378943233,527,31126367,30904885,30947245,30904885,30947245,30904885,29776,29721,29719,29719,0,0,1902,0,917354293,916456752,4096,4096,0,0,29720,29720,3513339297,3513339286,3513339305,3513339294,0,0,0,0,0,0,0,0,4096,256,131072,4,3|4,0,67108864,262144,256,0,0,0,0,236,0,224,0,59,56,0,1,236,0|462,3560673738,15,14687968,0,0,0,0,0,15479680,0,56,0,1605693460,0,1605693460,0,2080,1597232789,0,12709700,0,0,0,0,0
1785759765496|1010|stream64_r2f_5|fixed|426,1378943233,304,37270414,37004703,214534,0,214534,0,4556,0,2278,0,0,0,35584,35584,14554008,0,4096,0,0,0,2278,0,3847830209,0,3847830217,0,0,0,0,0,0,0,0,0,4096,256,131072,4,3|4,0,67108864,262144,256,0,0,0,0,280,0,268,0,70,67,0,1,280,0|464,171884775,16,0,0,17563648,0,17563648,0,53680,0,0,67,0,0,0,0,0,0,0,5478971,0,0,0,0,0
1785759765496|1010|stream64_r2f_5|rotating|426,1378943233,527,37320670,37054655,37105854,37054655,37105854,37054655,35700,35634,35632,35632,0,0,2281,0,1099859844,1098769567,4096,4096,0,0,35632,35632,3832461913,3832462222,3832461921,3832462230,0,0,0,0,0,0,0,0,4096,256,131072,4,3|4,0,67108864,262144,256,0,0,0,0,280,0,268,0,70,67,0,1,280,0|464,3879942771,15,17611072,0,0,0,0,0,18559393,0,67,0,1924231717,0,1924231717,0,2080,1914916580,0,14141395,0,0,0,0,0
1785759770511|1010|stream64_r2f_5|fixed|428,1378943233,304,43496661,43186675,250321,0,250321,0,5316,0,2658,0,0,0,41529,41529,16981792,0,4096,0,0,0,2658,0,4168272990,0,4168272998,0,0,0,0,0,0,0,0,0,4096,256,131072,4,3|4,0,67108864,262144,256,0,0,0,0,324,0,312,0,81,78,0,1,324,0|466,493661230,16,0,0,20447232,0,20447232,0,62650,0,0,78,0,0,0,0,0,0,0,5501298,0,0,0,0,0
1785759770511|1010|stream64_r2f_5|rotating|428,1378943233,560,43570036,43259584,43319243,43259584,43319243,43259584,41678,41602,41599,41599,0,0,2663,0,1284046136,1282774664,4096,4096,0,0,41599,41599,4154391388,4154391721,4154391396,4154391729,0,0,0,0,0,0,0,0,4096,256,131072,4,3|4,0,67108864,262144,256,0,0,0,0,324,0,312,0,81,78,0,1,324,0|466,4201654396,15,20557888,0,0,0,0,0,21661904,0,78,0,2245206638,0,2245206638,0,2080,2235044580,0,15570636,0,0,0,0,0
1785759775517|1010|stream64_r2f_5|fixed|430,1378943233,304,49722976,49368807,286205,0,286205,0,6078,0,3039,0,0,0,47471,47471,19416008,0,4096,0,0,0,3039,0,194481747,0,194481755,0,0,0,0,0,0,0,0,0,4096,256,131072,4,3|4,0,67108864,262144,256,0,0,0,0,368,0,356,0,92,89,0,1,368,0|468,814201567,16,0,0,23330816,0,23330816,0,71621,0,0,89,0,0,0,0,0,0,0,5522686,0,0,0,0,0
1785759775517|1010|stream64_r2f_5|rotating|430,1378943233,527,49788885,49434304,49502303,49434304,49502303,49434304,47625,47538,47534,47534,0,0,3043,0,1467254104,1465803312,4096,4096,0,0,47535,47535,179666028,179666009,179665988,179666017,0,0,0,0,0,0,0,0,4096,256,131072,4,3|4,0,67108864,262144,256,0,0,0,0,368,0,356,0,92,89,0,1,368,0|468,227127000,16,23488896,0,0,0,0,0,24753295,0,89,0,2564913786,0,2564913786,0,2080,2553902680,0,16998610,0,0,0,0,0
1785759780525|1010|stream64_r2f_5|fixed|432,1378943233,304,55943249,55544869,321991,0,321991,0,6838,0,3419,0,0,0,53408,53408,21843808,0,4096,0,0,0,3419,0,514793020,0,514793028,0,0,0,0,0,0,0,0,0,4096,256,131072,4,3|4,0,67108864,262144,256,0,0,0,0,412,0,400,0,103,100,0,1,412,0|470,1134645895,16,0,0,26214400,0,26214400,0,80568,0,0,100,0,0,0,0,0,0,0,5539136,0,0,0,0,0
1785759780525|1010|stream64_r2f_5|rotating|432,1378943233,527,56019075,55620326,55696705,55620326,55696705,55620326,53583,53486,53481,53481,0,0,3423,0,1650815104,1649185858,4096,4096,0,0,53482,53482,500506508,500506489,500506492,500506497,0,0,0,0,0,0,0,0,4096,256,131072,4,3|4,0,67108864,262144,256,0,0,0,0,412,0,400,0,103,100,0,1,412,0|470,547691518,16,26419904,0,0,0,0,0,27845812,0,100,0,2884745552,0,2884745552,0,2080,2872890682,0,18421300,0,0,0,0,0
1785759785533|1010|stream64_r2f_5|fixed|434,1378943233,304,62170836,61728018,357779,0,357779,0,7598,0,3799,0,0,0,59353,59353,24271560,0,4096,0,0,0,3799,0,835102377,0,835102385,0,0,0,0,0,0,0,0,0,4096,256,131072,4,3|4,0,67108864,262144,256,0,0,0,0,456,0,444,0,114,111,0,1,456,0|472,1455219352,16,0,0,29097984,0,29097984,0,89514,0,0,111,0,0,0,0,0,0,0,5560450,0,0,0,0,0
1785759785533|1010|stream64_r2f_5|rotating|434,1378943233,527,62251009,61807666,61892764,61807666,61892764,61807666,59542,59434,59429,59429,0,0,3804,0,1834425538,1832614477,4096,4096,0,0,59430,59430,821421383,821421372,821421391,821421380,0,0,0,0,0,0,0,0,4096,256,131072,4,3|4,0,67108864,262144,256,0,0,0,0,460,0,448,0,115,112,0,1,460,0|472,870216538,16,29375936,0,0,0,0,0,30955875,0,112,0,3206531564,0,3206531564,0,2080,3193705558,0,19972156,0,0,0,0,0
1785759790543|1010|stream64_r2f_5|fixed|436,1378943233,304,68394385,67907462,393561,0,393561,0,8358,0,4179,0,0,0,65293,65293,26699360,0,4096,0,0,0,4179,0,1155418897,0,1155418905,0,0,0,0,0,0,0,0,0,4096,256,131072,4,3|4,0,67108864,262144,256,0,0,0,0,504,0,492,0,126,123,0,1,504,0|474,1776655767,16,0,0,32243712,0,32243712,0,98508,0,0,123,0,0,0,0,0,0,0,5585802,0,0,0,0,0
1785759790543|1010|stream64_r2f_5|rotating|436,1378943233,527,68485075,67996838,68090853,67996838,68090853,67996838,65504,65384,65380,65380,0,0,4186,0,2018099713,2016095512,4096,4096,0,0,65381,65381,1142593769,1142593782,1142593777,1142593758,0,0,0,0,0,0,0,0,4096,256,131072,4,3|4,0,67108864,262144,256,0,0,0,0,504,0,492,0,126,123,0,1,504,0|474,1190850974,16,32306944,0,0,0,0,0,34048993,0,123,0,3526433248,0,3526433248,0,2080,3512759026,0,21399298,0,0,0,0,0
1785759795563|1010|stream64_r2f_5|fixed|438,1378943233,304,74633347,74101363,429539,0,429539,0,9122,0,4561,0,0,0,71249,71249,29139936,0,4096,0,0,0,4561,0,1476875767,0,1476875775,0,0,0,0,0,0,0,0,0,4096,256,131072,4,3|4,0,67108864,262144,256,0,0,0,0,548,0,536,0,137,134,0,1,548,0|476,2097527700,16,0,0,35127296,0,35127296,0,107478,0,0,134,0,0,0,0,0,0,0,5604453,0,0,0,0,0
1785759795563|1010|stream64_r2f_5|rotating|438,1378943233,527,74701526,74169065,74271516,74169065,74271516,74169065,71450,71319,71314,71314,0,0,4566,0,2201286384,2199100824,4096,4096,0,0,71315,71315,1462770384,1462770357,1462770352,1462770365,0,0,0,0,0,0,0,0,4096,256,131072,4,3|4,0,67108864,262144,256,0,0,0,0,548,0,536,0,137,134,0,1,548,0|476,1510202227,16,35230048,0,0,0,0,0,37129025,0,134,0,3845053725,0,3845053725,0,2080,3830533543,0,22822487,0,0,0,0,0
1785759800570|1010|stream64_r2f_5|fixed|440,1378943233,304,80852184,80276190,465327,0,465327,0,9882,0,4941,0,0,0,77186,77186,31567784,0,4096,0,0,0,4941,0,1797189914,0,1797189922,0,0,0,0,0,0,0,0,0,4096,256,131072,4,3|4,0,67108864,262144,256,0,0,0,0,592,0,580,0,148,145,0,1,592,0|478,2417823446,16,0,0,38010880,0,38010880,0,116426,0,0,145,0,0,0,0,0,0,0,5624643,0,0,0,0,0
1785759800570|1010|stream64_r2f_5|rotating|440,1378943233,560,80926682,80350171,80460883,80350171,80460883,80350171,77403,77261,77257,77257,0,0,4946,0,2384710192,2382346192,4096,4096,0,0,77257,77257,1783362476,1783362785,1783362484,1783362793,0,0,0,0,0,0,0,0,4096,256,131072,4,3|4,0,67108864,262144,256,0,0,0,0,592,0,580,0,148,145,0,1,592,0|478,1830803222,16,38161056,0,0,0,0,0,40221609,0,145,0,4164921968,0,4164921968,0,2080,4149555117,0,24248082,0,0,0,0,0
1785759805576|1010|stream64_r2f_5|fixed|442,1378943233,304,87076693,86456225,501209,0,501209,0,10644,0,5322,0,0,0,83127,83127,34001952,0,4096,0,0,0,5322,0,2118366988,0,2118366996,0,0,0,0,0,0,0,0,0,4096,256,131072,4,3|4,0,67108864,262144,256,0,0,0,0,636,0,624,0,159,156,0,1,636,0|480,2738373688,16,0,0,40894464,0,40894464,0,125373,0,0,156,0,0,0,0,0,0,0,5647330,0,0,0,0,0
1785759805576|1010|stream64_r2f_5|rotating|442,1378943233,560,87145772,86524928,86644185,86524928,86644185,86524928,83350,83197,83193,83193,0,0,5326,0,2567938008,2565394984,4096,4096,0,0,83193,83193,2103626343,2103626692,2103626351,2103626700,0,0,0,0,0,0,0,0,4096,256,131072,4,3|4,0,67108864,262144,256,0,0,0,0,636,0,624,0,159,156,0,1,636,0|480,2151100595,16,41092064,0,0,0,0,0,43311557,0,156,0,189519293,1,189519293,1,2080,173302394,1,25677056,0,0,0,0,0
1785759810586|1010|stream64_r2f_5|fixed|444,1378943233,304,93304654,92639903,536998,0,536998,0,11404,0,5702,0,0,0,89071,89071,36429720,0,4096,0,0,0,5702,0,2438680387,0,2438680395,0,0,0,0,0,0,0,0,0,4096,256,131072,4,3|4,0,67108864,262144,256,0,0,0,0,680,0,668,0,170,167,0,1,680,0|482,3059057353,16,0,0,43778048,0,43778048,0,134319,0,0,167,0,0,0,0,0,0,0,5667445,0,0,0,0,0
1785759810586|1010|stream64_r2f_5|rotating|444,1378943233,527,93383434,92718168,92845971,92718168,92845971,92718168,89315,89151,89146,89146,0,0,5707,0,2751700784,2748976199,4096,4096,0,0,89147,89147,2424829573,2424829562,2424829549,2424829570,0,0,0,0,0,0,0,0,4096,256,131072,4,3|4,0,67108864,262144,256,0,0,0,0,680,0,668,0,170,167,0,1,680,0|482,2472610838,16,44038880,0,0,0,0,0,46413237,0,167,0,510292832,1,510292832,1,2080,493233397,1,27101912,0,0,0,0,0
1785759815594|1010|stream64_r2f_5|fixed|446,1378943233,304,99524736,98815810,572779,0,572779,0,12164,0,6082,0,0,0,95008,95008,38857504,0,4096,0,0,0,6082,0,2758988945,0,2758988953,0,0,0,0,0,0,0,0,0,4096,256,131072,4,3|4,0,67108864,262144,256,0,0,0,0,728,0,716,0,182,179,0,1,728,0|484,3379101677,16,0,0,46923776,0,46923776,0,143289,0,0,179,0,0,0,0,0,0,0,5693174,0,0,0,0,0
1785759815594|1010|stream64_r2f_5|rotating|446,1378943233,527,99598347,98888291,99025095,98888291,99025095,98888291,95259,95083,95078,95078,0,0,6087,0,2934807784,2931890304,4096,4096,0,0,95079,95079,2744998358,2744998355,2744998342,2744998339,0,0,0,0,0,0,0,0,4096,256,131072,4,3|4,0,67108864,262144,256,0,0,0,0,728,0,716,0,182,179,0,1,728,0|484,2792288157,16,46955392,0,0,0,0,0,49495809,0,179,0,829241023,1,829241023,1,2080,811204511,1,28650224,0,0,0,0,0
1785759820600|1010|stream64_r2f_5|fixed|448,1378943233,304,105740652,104986617,608662,0,608662,0,12926,0,6463,0,0,0,100944,100944,41291696,0,4096,0,0,0,6463,0,3079590622,0,3079590630,0,0,0,0,0,0,0,0,0,4096,256,131072,4,3|4,0,67108864,262144,256,0,0,0,0,772,0,760,0,193,190,0,1,772,0|486,3699592098,16,0,0,49807360,0,49807360,0,152236,0,0,190,0,0,0,0,0,0,0,5714502,0,0,0,0,0
1785759820600|1010|stream64_r2f_5|rotating|448,1378943233,527,105815730,105061311,105206692,105061311,105206692,105061311,101208,101021,101016,101016,0,0,6467,0,3118100822,3115001305,4096,4096,0,0,101017,101017,3065371812,3065371809,3065371820,3065371817,0,0,0,0,0,0,0,0,4096,256,131072,4,3|4,0,67108864,262144,256,0,0,0,0,772,0,760,0,193,190,0,1,772,0|486,3112845703,16,49894304,0,0,0,0,0,52586313,0,190,0,1149063841,1,1149063841,1,2080,1130179480,1,30078696,0,0,0,0,0
1785759825600|1010|stream64_r2f_5|fixed|450,1378943233,304,111947983,111149921,644449,0,644449,0,13686,0,6843,0,0,0,106876,106876,43719528,0,4096,0,0,0,6843,0,3399901703,0,3399901711,0,0,0,0,0,0,0,0,0,4096,256,131072,4,3|4,0,67108864,262144,256,0,0,0,0,816,0,804,0,204,201,0,1,816,0|488,4019608339,16,0,0,52690944,0,52690944,0,161183,0,0,201,0,0,0,0,0,0,0,5735320,0,0,0,0,0
1785759825600|1010|stream64_r2f_5|rotating|450,1378943233,527,112022611,111224127,111377782,111224127,111377782,111224127,107152,106953,106948,106948,0,0,6847,0,3301192914,3297915109,4096,4096,0,0,106949,106949,3385398598,3385398603,3385398606,3385398611,0,0,0,0,0,0,0,0,4096,256,131072,4,3|4,0,67108864,262144,256,0,0,0,0,816,0,804,0,204,201,0,1,816,0|488,3432837668,16,52817408,0,0,0,0,0,55669554,0,201,0,1468325030,1,1468325030,1,2080,1448595385,1,31501209,0,0,0,0,0
1785759830610|1010|stream64_r2f_5|fixed|452,1378943233,304,118167553,117325201,680238,0,680238,0,14446,0,7223,0,0,0,112819,112818,46147312,0,4096,0,0,0,7223,0,3720219493,0,3720219501,0,0,0,0,0,0,0,0,0,4096,256,131072,4,3|4,0,67108864,262144,256,0,0,0,0,860,0,848,0,215,212,0,1,860,0|490,45331058,17,0,0,55574528,0,55574528,0,170130,0,0,212,0,0,0,0,0,0,0,5755566,0,0,0,0,0
1785759830610|1010|stream64_r2f_5|rotating|452,1378943233,527,118259178,117416351,117578469,117416351,117578469,117416351,113121,112911,112906,112906,0,0,7228,0,3485111310,3481654272,4096,4096,0,0,112907,112907,3706859846,3706859883,3706859854,3706859859,0,0,0,0,0,0,0,0,4096,256,131072,4,3|4,0,67108864,262144,256,0,0,0,0,860,0,848,0,215,212,0,1,860,0|490,3754830374,16,55764224,0,0,0,0,0,58772891,0,212,0,1789581032,1,1789581032,1,2080,1769004458,1,32930458,0,0,0,0,0
1785759835623|1010|stream64_r2f_5|fixed|454,1378943233,304,124396323,123509639,716121,0,716121,0,15208,0,7604,0,0,0,118769,118769,48581504,0,4096,0,0,0,7604,0,4041393226,0,4041393234,0,0,0,0,0,0,0,0,0,4096,256,131072,4,3|4,0,67108864,262144,256,0,0,0,0,904,0,892,0,226,223,0,1,904,0|492,366446091,17,0,0,58458112,0,58458112,0,179100,0,0,223,0,0,0,0,0,0,0,5779260,0,0,0,0,0
1785759835623|1010|stream64_r2f_5|rotating|454,1378943233,527,124463759,123576665,123747262,123576665,123747262,123576665,119060,118839,118834,118834,0,0,7608,0,3668086454,3664448449,4096,4096,0,0,118835,118835,4026681761,4026681758,4026681769,4026681766,0,0,0,0,0,0,0,0,4096,256,131072,4,3|4,0,67108864,262144,256,0,0,0,0,904,0,892,0,226,223,0,1,904,0|492,4074117185,16,58687328,0,0,0,0,0,61849962,0,223,0,2108137067,1,2108137067,1,2080,2086712076,1,34356104,0,0,0,0,0
1785759840635|1010|stream64_r2f_5|fixed|456,1378943233,304,130615759,129684883,751904,0,751904,0,15968,0,7984,0,0,0,124712,124712,51009256,0,4096,0,0,0,7984,0,66747333,0,66747341,0,0,0,0,0,0,0,0,0,4096,256,131072,4,3|4,0,67108864,262144,256,0,0,0,0,948,0,936,0,237,234,0,1,948,0|494,686889215,17,0,0,61341696,0,61341696,0,188046,0,0,234,0,0,0,0,0,0,0,5798081,0,0,0,0,0
1785759840635|1010|stream64_r2f_5|rotating|456,1378943233,560,130691000,129759667,129938625,129759667,129938625,129759667,125020,124788,124784,124784,0,0,7989,0,3851737232,3847922696,4096,4096,0,0,124784,124784,52705587,52705920,52705595,52705928,0,0,0,0,0,0,0,0,4096,256,131072,4,3|4,0,67108864,262144,256,0,0,0,0,952,0,940,0,238,235,0,1,952,0|494,100865226,17,61627552,0,0,0,0,0,64949011,0,235,0,2429117348,1,2429117348,1,2080,2406705963,1,35918824,0,0,0,0,0
1785759845643|1010|stream64_r2f_5|fixed|458,1378943233,304,136832452,135856366,787786,0,787786,0,16730,0,8365,0,0,0,130650,130650,53443488,0,4096,0,0,0,8365,0,387347186,0,387347194,0,0,0,0,0,0,0,0,0,4096,256,131072,4,3|4,0,67108864,262144,256,0,0,0,0,996,0,984,0,249,246,0,1,996,0|496,1006803141,17,0,0,64487424,0,64487424,0,196993,0,0,246,0,0,0,0,0,0,0,5823295,0,0,0,0,0
1785759845643|1010|stream64_r2f_5|rotating|458,1378943233,527,136906872,135930417,136118709,135930417,136118709,135930417,130970,130726,130722,130722,0,0,8369,0,4035026341,4031012952,4096,4096,0,0,130722,130722,373198058,373198375,373198066,373198391,0,0,0,0,0,0,0,0,4096,256,131072,4,3|4,0,67108864,262144,256,0,0,0,0,996,0,984,0,249,246,0,1,996,0|496,420470045,17,64558560,0,0,0,0,0,68029433,0,246,0,2747989415,1,2747989415,1,2080,2724731905,1,37343875,0,0,0,0,0
1785759855525|1011|stream_abort50_f2r|fixed|462,1378943233,304,6130931,6088187,6095960,6088187,6095960,6088187,5821,5810,5810,5810,0,0,371,0,179342232,179179512,4096,4096,0,0,5810,5810,1020297372,1020297713,1020297380,1020297721,0,0,0,0,0,0,0,0,4096,256,131072,4,3|4,0,67108864,262144,256,0,0,0,0,56,0,44,0,14,11,0,1,56,0|504,1639877177,17,2891488,0,0,0,0,0,3068950,0,11,0,320323978,0,320323978,0,2080,314274604,0,8351806,0,0,0,0,0
1785759855525|1011|stream_abort50_f2r|rotating|462,1378943233,560,6203511,6159778,35445,0,35445,0,752,0,376,0,0,0,5878,5878,2401552,0,4096,0,0,0,376,0,1005377459,0,1005377467,0,0,0,0,0,0,0,0,0,4096,256,131072,4,3|4,0,67108864,262144,256,0,0,0,0,56,0,44,0,14,11,0,1,56,0|504,1053229574,17,0,0,2883584,0,2883584,0,8908,0,0,11,0,0,0,0,0,0,0,6868639,0,0,0,0,0
1785759860528|1011|stream_abort50_f2r|fixed|464,1378943233,271,12397256,12309916,12326461,12309916,12326461,12309916,11769,11746,11745,11745,0,0,751,0,362558724,362199871,4096,4096,0,0,11746,11746,1340673470,1340673491,1340673478,1340673499,0,0,0,0,0,0,0,0,4096,256,131072,4,3|4,0,67108864,262144,256,0,0,0,0,100,0,88,0,25,22,0,1,100,0|506,1960322725,17,5822496,0,0,0,0,0,6184227,0,22,0,640036774,0,640036774,0,2080,633134653,0,9783479,0,0,0,0,0
1785759860528|1011|stream_abort50_f2r|rotating|464,1378943233,560,12465373,12377613,71266,0,71266,0,1512,0,756,0,0,0,11810,11810,4828616,0,4096,0,0,0,756,0,1325697809,0,1325697817,0,0,0,0,0,0,0,0,0,4096,256,131072,4,3|4,0,67108864,262144,256,0,0,0,0,100,0,88,0,25,22,0,1,100,0|506,1372917764,17,0,0,5767168,0,5767168,0,17863,0,0,22,0,0,0,0,0,0,0,6893366,0,0,0,0,0
1785759865533|1011|stream_abort50_f2r|fixed|466,1378943233,271,18662244,18530468,18555628,18530468,18555628,18530468,17715,17681,17680,17680,0,0,1131,0,545746240,545209516,4096,4096,0,0,17681,17681,1660865625,1660865614,1660865593,1660865622,0,0,0,0,0,0,0,0,4096,256,131072,4,3|4,0,67108864,262144,256,0,0,0,0,144,0,132,0,36,33,0,1,144,0|508,2280417867,17,8753504,0,0,0,0,0,9295738,0,33,0,959399164,0,959399164,0,2080,951647448,0,11212000,0,0,0,0,0
1785759865533|1011|stream_abort50_f2r|rotating|466,1378943233,560,18751398,18619061,107183,0,107183,0,2274,0,1137,0,0,0,17764,17764,7262096,0,4096,0,0,0,1137,0,1646874578,0,1646874586,0,0,0,0,0,0,0,0,0,4096,256,131072,4,3|4,0,67108864,262144,256,0,0,0,0,144,0,132,0,36,33,0,1,144,0|508,1695312286,17,0,0,8650752,0,8650752,0,26866,0,0,33,0,0,0,0,0,0,0,6919804,0,0,0,0,0
1785759870548|1011|stream_abort50_f2r|fixed|468,1378943233,271,24940192,24764827,24797659,24764827,24797659,24764827,23676,23631,23630,23630,0,0,1512,0,729425981,728709464,4096,4096,0,0,23631,23631,1981903152,1981903133,1981903160,1981903141,0,0,0,0,0,0,0,0,4096,256,131072,4,3|4,0,67108864,262144,256,0,0,0,0,188,0,176,0,47,44,0,1,188,0|510,2601973014,17,11700320,0,0,0,0,0,12419758,0,44,0,1280217607,0,1280217607,0,2080,1271618060,0,12642151,0,0,0,0,0
1785759870548|1011|stream_abort50_f2r|rotating|468,1378943233,560,25044902,24868990,143099,0,143099,0,3036,0,1518,0,0,0,23730,23730,9695560,0,4096,0,0,0,1518,0,1968052939,0,1968052947,0,0,0,0,0,0,0,0,0,4096,256,131072,4,3|4,0,67108864,262144,256,0,0,0,0,188,0,176,0,47,44,0,1,188,0|510,2017021447,17,0,0,11534336,0,11534336,0,35868,0,0,44,0,0,0,0,0,0,0,6945544,0,0,0,0,0
1785759875549|1011|stream_abort50_f2r|fixed|470,1378943233,271,31196696,30976760,31018342,30976760,31018342,30976760,29618,29562,29561,29561,0,0,1892,0,912503028,911607688,4096,4096,0,0,29562,29562,2301898782,2301898803,2301898790,2301898779,0,0,0,0,0,0,0,0,4096,256,131072,4,3|4,0,67108864,262144,256,0,0,0,0,232,0,220,0,58,55,0,1,232,0|512,2921561657,17,14623424,0,0,0,0,0,15524074,0,55,0,1599075474,0,1599075474,0,2080,1589622765,0,14072542,0,0,0,0,0
1785759875549|1011|stream_abort50_f2r|rotating|470,1378943233,560,31272882,31052655,178728,0,178728,0,3792,0,1896,0,0,0,29633,29633,12109904,0,4096,0,0,0,1896,0,2286652946,0,2286652954,0,0,0,0,0,0,0,0,0,4096,256,131072,4,3|4,0,67108864,262144,256,0,0,0,0,232,0,220,0,58,55,0,1,232,0|512,2334840185,17,0,0,14417920,0,14417920,0,44752,0,0,55,0,0,0,0,0,0,0,6967574,0,0,0,0,0
1785759880558|1011|stream_abort50_f2r|fixed|472,1378943233,271,37466944,37203970,37252774,37203970,37252774,37203970,35571,35504,35503,35503,0,0,2272,0,1095910457,1094834048,4096,4096,0,0,35504,35504,2622472078,2622472091,2622472086,2622472051,0,0,0,0,0,0,0,0,4096,256,131072,4,3|4,0,67108864,262144,256,0,0,0,0,276,0,264,0,69,66,0,1,276,0|514,3242157011,17,17554432,0,0,0,0,0,18639756,0,66,0,1918938076,0,1918938076,0,2080,1908633646,0,15503189,0,0,0,0,0
1785759880558|1011|stream_abort50_f2r|rotating|472,1378943233,560,37541427,37278225,214545,0,214545,0,4552,0,2276,0,0,0,35573,35573,14536960,0,4096,0,0,0,2276,0,2606972238,0,2606972254,0,0,0,0,0,0,0,0,0,4096,256,131072,4,3|5,0,67108864,262144,256,0,0,0,0,280,0,268,0,70,67,0,1,280,0|514,2655033607,17,0,0,17563648,0,17563648,0,53707,0,0,67,0,0,0,0,0,0,0,6991381,0,0,0,0,0
1785759885569|1011|stream_abort50_f2r|fixed|474,1378943233,271,43741137,43434351,43491052,43434351,43491052,43434351,41528,41449,41448,41448,0,0,2653,0,1279436507,1278164488,4096,4096,0,0,41449,41449,2943367380,2943367393,2943367388,2943367377,0,0,0,0,0,0,0,0,4096,256,131072,4,3|4,0,67108864,262144,256,0,0,0,0,324,0,312,0,81,78,0,1,324,0|516,3563139451,17,20494656,0,0,0,0,0,21757716,0,78,0,2239185460,0,2239185460,0,2080,2227897283,0,17063262,0,0,0,0,0
1785759885569|1011|stream_abort50_f2r|rotating|474,1378943233,560,43831589,43524230,250651,0,250651,0,5318,0,2659,0,0,0,41534,41534,16983192,0,4096,0,0,0,2659,0,2929296419,0,2929296427,0,0,0,0,0,0,0,0,0,4096,256,131072,4,3|4,0,67108864,262144,256,0,0,0,0,324,0,312,0,81,78,0,1,324,0|516,2976942383,17,0,0,20447232,0,20447232,0,62710,0,0,78,0,0,0,0,0,0,0,7009956,0,0,0,0,0
1785759890582|1011|stream_abort50_f2r|fixed|476,1378943233,304,50015204,49663782,49729203,49663782,49729203,49663782,47482,47392,47392,47392,0,0,3034,0,1462894264,1461442440,4096,4096,0,0,47392,47392,3264015020,3264015385,3264015036,3264015393,0,0,0,0,0,0,0,0,4096,256,131072,4,3|4,0,67108864,262144,256,0,0,0,0,368,0,356,0,92,89,0,1,368,0|518,3883564214,17,23425664,0,0,0,0,0,24872358,0,89,0,2558877471,0,2558877471,0,2080,2546737830,0,18493652,0,0,0,0,0
1785759890582|1011|stream_abort50_f2r|rotating|476,1378943233,560,50090036,49738190,286378,0,286378,0,6076,0,3038,0,0,0,47463,47462,19403864,0,4096,0,0,0,3038,0,3248755982,0,3248755990,0,0,0,0,0,0,0,0,0,4096,256,131072,4,3|4,0,67108864,262144,256,0,0,0,0,368,0,356,0,92,89,0,1,368,0|518,3296619222,17,0,0,23330816,0,23330816,0,71642,0,0,89,0,0,0,0,0,0,0,7034050,0,0,0,0,0
1785759895586|1011|stream_abort50_f2r|fixed|478,1378943233,271,56284610,55889708,55962787,55889708,55962787,55889708,53433,53332,53331,53331,0,0,3414,0,1646221593,1644590412,4096,4096,0,0,53332,53332,3584463256,3584463253,3584463264,3584463261,0,0,0,0,0,0,0,0,4096,256,131072,4,3|4,0,67108864,262144,256,0,0,0,0,412,0,400,0,103,100,0,1,412,0|520,4204319305,17,26356672,0,0,0,0,0,27990361,0,100,0,2878899810,0,2878899810,0,2080,2865909218,0,19923529,0,0,0,0,0
1785759895586|1011|stream_abort50_f2r|rotating|478,1378943233,560,56376920,55981533,322296,0,322296,0,6838,0,3419,0,0,0,53418,53418,21837336,0,4096,0,0,0,3419,0,3569934081,0,3569934089,0,0,0,0,0,0,0,0,0,4096,256,131072,4,3|4,0,67108864,262144,256,0,0,0,0,412,0,400,0,103,100,0,1,412,0|520,3618859843,17,0,0,26214400,0,26214400,0,80668,0,0,100,0,0,0,0,0,0,0,7057976,0,0,0,0,0
1785759900599|1011|stream_abort50_f2r|fixed|480,1378943233,271,62559794,62120989,62202149,62120989,62202149,62120989,59388,59276,59275,59275,0,0,3794,0,1829716231,1827907298,4096,4096,0,0,59276,59276,3905179886,3905179891,3905179894,3905179899,0,0,0,0,0,0,0,0,4096,256,131072,4,3|4,0,67108864,262144,256,0,0,0,0,456,0,444,0,114,111,0,1,456,0|522,230864649,18,29303488,0,0,0,0,0,31115621,0,111,0,3199675746,0,3199675746,0,2080,3185836949,0,21354054,0,0,0,0,0
1785759900599|1011|stream_abort50_f2r|rotating|480,1378943233,560,62668769,62229346,358302,0,358302,0,7602,0,3801,0,0,0,59379,59379,24277264,0,4096,0,0,0,3801,0,3891972391,0,3891972399,0,0,0,0,0,0,0,0,0,4096,256,131072,4,3|4,0,67108864,262144,256,0,0,0,0,456,0,444,0,114,111,0,1,456,0|522,3940564806,17,0,0,29097984,0,29097984,0,89645,0,0,111,0,0,0,0,0,0,0,7082115,0,0,0,0,0
1785759905601|1011|stream_abort50_f2r|fixed|482,1378943233,304,68822232,68338360,68428769,68338360,68428769,68338360,65331,65208,65208,65208,0,0,4174,0,2012837096,2010849640,4096,4096,0,0,65208,65208,4225240727,4225241052,4225240735,4225241060,0,0,0,0,0,0,0,0,4096,256,131072,4,3|4,0,67108864,262144,256,0,0,0,0,500,0,488,0,125,122,0,1,500,0|524,550767556,18,32226592,0,0,0,0,0,34225035,0,122,0,3518847877,0,3518847877,0,2080,3504155516,0,22784847,0,0,0,0,0
1785759905601|1011|stream_abort50_f2r|rotating|482,1378943233,560,68918234,68433794,394025,0,394025,0,8360,0,4180,0,0,0,65299,65299,26697920,0,4096,0,0,0,4180,0,4211432308,0,4211432324,0,0,0,0,0,0,0,0,0,4096,256,131072,4,3|5,0,67108864,262144,256,0,0,0,0,504,0,492,0,126,123,0,1,504,0|524,4259248126,17,0,0,32243712,0,32243712,0,98577,0,0,123,0,0,0,0,0,0,0,7104572,0,0,0,0,0
1785759913374|1012|stream_clean_after_abort50_f2r|fixed|486,1378943233,271,6132488,6090123,6097517,6090123,6097517,6090123,5823,5812,5811,5811,0,0,371,0,179389785,179227060,4096,4096,0,0,5812,5812,346701970,346701975,346701978,346701983,0,0,0,0,0,0,0,0,4096,256,131072,4,3|4,0,67108864,262144,256,0,0,0,0,56,0,44,0,14,11,0,1,56,0|532,1047371353,18,2891488,0,0,0,0,0,3069729,0,11,0,320397927,0,320397927,0,2080,314346016,0,8354354,0,0,0,0,0
1785759913374|1012|stream_clean_after_abort50_f2r|rotating|486,1378943233,560,6205758,6162365,35445,0,35445,0,752,0,376,0,0,0,5881,5881,2401552,0,4096,0,0,0,376,0,349024072,0,349024080,0,0,0,0,0,0,0,0,0,4096,256,131072,4,3|4,0,67108864,262144,256,0,0,0,0,56,0,44,0,14,11,0,1,56,0|532,461334595,18,0,0,2883584,0,2883584,0,8932,0,0,11,0,0,0,0,0,0,0,6866433,0,0,0,0,0
1785759918389|1012|stream_clean_after_abort50_f2r|fixed|488,1378943233,271,12414949,12327143,12343965,12327143,12343965,12327143,11786,11763,11762,11762,0,0,753,0,363068976,362711027,4096,4096,0,0,11763,11763,667877295,667877324,667877303,667877332,0,0,0,0,0,0,0,0,4096,256,131072,4,3|4,0,67108864,262144,256,0,0,0,0,100,0,88,0,25,22,0,1,100,0|534,1369519872,18,5846208,0,0,0,0,0,6201643,0,22,0,641807766,0,641807766,0,2080,634910723,0,9783503,0,0,0,0,0
1785759918389|1012|stream_clean_after_abort50_f2r|rotating|488,1378943233,560,12506718,12418465,71454,0,71454,0,1516,0,758,0,0,0,11849,11849,4841376,0,4096,0,0,0,758,0,671060959,0,671060975,0,0,0,0,0,0,0,0,0,4096,256,131072,4,3|4,0,67108864,262144,256,0,0,0,0,100,0,88,0,25,22,0,1,100,0|534,783526252,18,0,0,5767168,0,5767168,0,17934,0,0,22,0,0,0,0,0,0,0,6888818,0,0,0,0,0
1785759923389|1012|stream_clean_after_abort50_f2r|fixed|490,1378943233,271,18673171,18541168,18566462,18541168,18566462,18541168,17725,17690,17690,17690,0,0,1132,0,546052984,545515626,4096,4096,0,0,17691,17691,987713681,987713662,987713665,987713670,0,0,0,0,0,0,0,0,4096,256,131072,4,3|4,0,67108864,262144,256,0,0,0,0,144,0,132,0,36,33,0,1,144,0|536,1688625797,18,8761408,0,0,0,0,0,9303661,0,33,0,960184891,0,960184891,0,2080,952431366,0,11215517,0,0,0,0,0
1785759923389|1012|stream_clean_after_abort50_f2r|rotating|490,1378943233,560,18747987,18615588,107088,0,107088,0,2272,0,1136,0,0,0,17760,17760,7255696,0,4096,0,0,0,1136,0,989662627,0,989662635,0,0,0,0,0,0,0,0,0,4096,256,131072,4,3|4,0,67108864,262144,256,0,0,0,0,144,0,132,0,36,33,0,1,144,0|536,1102264575,18,0,0,8650752,0,8650752,0,26843,0,0,33,0,0,0,0,0,0,0,6911795,0,0,0,0,0
1785759928391|1012|stream_clean_after_abort50_f2r|fixed|492,1378943233,304,24936043,24760466,24793510,24760466,24793510,24760466,23672,23627,23627,23627,0,0,1512,0,729315120,728599640,4096,4096,0,0,23627,23627,1308015158,1308015491,1308015166,1308015499,0,0,0,0,0,0,0,0,4096,256,131072,4,3|4,0,67108864,262144,256,0,0,0,0,188,0,176,0,47,44,0,1,188,0|538,2008691702,18,11692416,0,0,0,0,0,12412583,0,44,0,1279518044,0,1279518044,0,2080,1270911768,0,12647194,0,0,0,0,0
1785759928391|1012|stream_clean_after_abort50_f2r|rotating|492,1378943233,560,24999518,24823568,142910,0,142910,0,3032,0,1516,0,0,0,23687,23687,9682768,0,4096,0,0,0,1516,0,1309982993,0,1309983001,0,0,0,0,0,0,0,0,0,4096,256,131072,4,3|4,0,67108864,262144,256,0,0,0,0,188,0,176,0,47,44,0,1,188,0|538,1421581511,18,0,0,11534336,0,11534336,0,35774,0,0,44,0,0,0,0,0,0,0,6935755,0,0,0,0,0
1785759933401|1012|stream_clean_after_abort50_f2r|fixed|494,1378943233,304,31205992,30986000,31027638,30986000,31027638,30986000,29626,29570,29570,29570,0,0,1892,0,912764304,911869136,4096,4096,0,0,29570,29570,1628658126,1628658459,1628658134,1628658467,0,0,0,0,0,0,0,0,4096,256,131072,4,3|4,0,67108864,262144,256,0,0,0,0,232,0,220,0,58,55,0,1,232,0|540,2329239050,18,14623424,0,0,0,0,0,15526669,0,55,0,1599332640,0,1599332640,0,2080,1589873275,0,14079209,0,0,0,0,0
1785759933401|1012|stream_clean_after_abort50_f2r|rotating|494,1378943233,560,31290368,31069888,178822,0,178822,0,3794,0,1897,0,0,0,29650,29650,12116304,0,4096,0,0,0,1897,0,1631163255,0,1631163263,0,0,0,0,0,0,0,0,0,4096,256,131072,4,3|4,0,67108864,262144,256,0,0,0,0,232,0,220,0,58,55,0,1,232,0|540,1743454940,18,0,0,14417920,0,14417920,0,44775,0,0,55,0,0,0,0,0,0,0,6957903,0,0,0,0,0
1785759938416|1012|stream_clean_after_abort50_f2r|fixed|496,1378943233,271,37483442,37220221,37269179,37220221,37269179,37220221,35587,35519,35519,35519,0,0,2273,0,1096395316,1095322007,4096,4096,0,0,35519,35519,1949623046,1949623371,1949623054,1949623379,0,0,0,0,0,0,0,0,4096,256,131072,4,3|4,0,67108864,262144,256,0,0,0,0,276,0,264,0,69,66,0,1,276,0|542,2650526578,18,17562336,0,0,0,0,0,18648728,0,66,0,1919885440,0,1919885440,0,2048,1909575048,0,15510859,0,0,0,0,0
1785759938416|1012|stream_clean_after_abort50_f2r|rotating|496,1378943233,560,37549894,37285666,214735,0,214735,0,4556,0,2278,0,0,0,35582,35582,14549720,0,4096,0,0,0,2278,0,1951644358,0,1951644366,0,0,0,0,0,0,0,0,0,4096,256,131072,4,3|4,0,67108864,262144,256,0,0,0,0,280,0,268,0,70,67,0,1,280,0|542,2063243513,18,0,0,17563648,0,17563648,0,53731,0,0,67,0,0,0,0,0,0,0,6983584,0,0,0,0,0
1785759943429|1012|stream_clean_after_abort50_f2r|fixed|498,1378943233,271,43754556,43446973,43504376,43446973,43504376,43446973,41541,41461,41460,41460,0,0,2654,0,1279806953,1278538336,4096,4096,0,0,41461,41461,2270331932,2270331961,2270331940,2270331921,0,0,0,0,0,0,0,0,4096,256,131072,4,3|4,0,67108864,262144,256,0,0,0,0,324,0,312,0,81,78,0,1,324,0|544,2971094948,18,20494656,0,0,0,0,0,21763018,0,78,0,2239720730,0,2239720730,0,2080,2228423758,0,17072068,0,0,0,0,0
1785759943429|1012|stream_clean_after_abort50_f2r|rotating|498,1378943233,560,43831190,43523176,250651,0,250651,0,5318,0,2659,0,0,0,41533,41533,16983192,0,4096,0,0,0,2659,0,2272949363,0,2272949371,0,0,0,0,0,0,0,0,0,4096,256,131072,4,3|4,0,67108864,262144,256,0,0,0,0,324,0,312,0,81,78,0,1,324,0|544,2385080496,18,0,0,20447232,0,20447232,0,62733,0,0,78,0,0,0,0,0,0,0,7004457,0,0,0,0,0
1785759948437|1012|stream_clean_after_abort50_f2r|fixed|500,1378943233,271,50025144,49673667,49739143,49673667,49739143,49673667,47493,47402,47401,47401,0,0,3034,0,1463178418,1461729941,4096,4096,0,0,47402,47402,2590845035,2590845024,2590845043,2590845032,0,0,0,0,0,0,0,0,4096,256,131072,4,3|4,0,67108864,262144,256,0,0,0,0,368,0,356,0,92,89,0,1,368,0|546,3291558925,18,23425664,0,0,0,0,0,24877899,0,89,0,2559451955,0,2559451955,0,2080,2547303535,0,18502442,0,0,0,0,0
1785759948437|1012|stream_clean_after_abort50_f2r|rotating|500,1378943233,560,50101561,49749556,286473,0,286473,0,6078,0,3039,0,0,0,47473,47473,19410256,0,4096,0,0,0,3039,0,2593268451,0,2593268459,0,0,0,0,0,0,0,0,0,4096,256,131072,4,3|4,0,67108864,262144,256,0,0,0,0,368,0,356,0,92,89,0,1,368,0|546,2704877547,18,0,0,23330816,0,23330816,0,71665,0,0,89,0,0,0,0,0,0,0,7025701,0,0,0,0,0
1785759953451|1012|stream_clean_after_abort50_f2r|fixed|502,1378943233,304,56308658,55913116,55986740,55913116,55986740,55913116,53455,53353,53353,53353,0,0,3415,0,1646897184,1645269184,4096,4096,0,0,53353,53353,2911940818,2911941159,2911940826,2911941167,0,0,0,0,0,0,0,0,4096,256,131072,4,3|4,0,67108864,262144,256,0,0,0,0,412,0,400,0,103,100,0,1,412,0|548,3612634516,18,26364576,0,0,0,0,0,27999354,0,100,0,2879792818,0,2879792818,0,2080,2866795498,0,19931965,0,0,0,0,0
1785759953451|1012|stream_clean_after_abort50_f2r|rotating|502,1378943233,560,56377263,55981306,322296,0,322296,0,6838,0,3419,0,0,0,53418,53418,21837336,0,4096,0,0,0,3419,0,2913586659,0,2913586667,0,0,0,0,0,0,0,0,0,4096,256,131072,4,3|4,0,67108864,262144,256,0,0,0,0,412,0,400,0,103,100,0,1,412,0|548,3025561936,18,0,0,26214400,0,26214400,0,80644,0,0,100,0,0,0,0,0,0,0,7045223,0,0,0,0,0
1785759958465|1012|stream_clean_after_abort50_f2r|fixed|504,1378943233,304,62583660,62143500,62225826,62143500,62225826,62143500,59410,59297,59297,59297,0,0,3796,0,1830375792,1828568552,4096,4096,0,0,59297,59297,3232637089,3232637430,3232637097,3232637438,0,0,0,0,0,0,0,0,4096,256,131072,4,3|4,0,67108864,262144,256,0,0,0,0,456,0,444,0,114,111,0,1,456,0|550,3934142616,18,29311392,0,0,0,0,0,31124671,0,111,0,3200564214,0,3200564214,0,2080,3186717618,0,21363561,0,0,0,0,0
1785759958465|1012|stream_clean_after_abort50_f2r|rotating|504,1378943233,560,62679918,62239280,358302,0,358302,0,7602,0,3801,0,0,0,59388,59388,24277264,0,4096,0,0,0,3801,0,3235626045,0,3235626053,0,0,0,0,0,0,0,0,0,4096,256,131072,4,3|4,0,67108864,262144,256,0,0,0,0,456,0,444,0,114,111,0,1,456,0|550,3347476988,18,0,0,29097984,0,29097984,0,89645,0,0,111,0,0,0,0,0,0,0,7068667,0,0,0,0,0
1785759963470|1012|stream_clean_after_abort50_f2r|fixed|506,1378943233,304,68867826,68382940,68474083,68382940,68474083,68382940,65374,65250,65250,65250,0,0,4177,0,2014132672,2012147016,4096,4096,0,0,65250,65250,3553815053,3553815386,3553815061,3553815394,0,0,0,0,0,0,0,0,4096,256,131072,4,3|4,0,67108864,262144,256,0,0,0,0,500,0,488,0,125,122,0,1,500,0|552,4254253166,18,32234496,0,0,0,0,0,34236189,0,122,0,3519943988,0,3519943988,0,2080,3505244805,0,22793377,0,0,0,0,0
1785759963470|1012|stream_clean_after_abort50_f2r|rotating|506,1378943233,560,68946976,68460935,394215,0,394215,0,8364,0,4182,0,0,0,65325,65325,26710680,0,4096,0,0,0,4182,0,3556105311,0,3556105319,0,0,0,0,0,0,0,0,0,4096,256,131072,4,3|4,0,67108864,262144,256,0,0,0,0,504,0,492,0,126,123,0,1,504,0|552,3669300497,18,0,0,32243712,0,32243712,0,98648,0,0,123,0,0,0,0,0,0,0,7092298,0,0,0,0,0
1785759968471|1012|stream_clean_after_abort50_f2r|fixed|508,1378943233,304,75113083,74583731,74683613,74583731,74683613,74583731,71304,71168,71168,71168,0,0,4556,0,2196809456,2194627912,4096,4096,0,0,71168,71168,3873237800,3873238141,3873237808,3873238149,0,0,0,0,0,0,0,0,4096,256,131072,4,3|4,0,67108864,262144,256,0,0,0,0,548,0,536,0,137,134,0,1,548,0|554,279856068,19,35166816,0,0,0,0,0,37349900,0,134,0,3839781106,0,3839781106,0,2080,3824096926,0,24353003,0,0,0,0,0
1785759968471|1012|stream_clean_after_abort50_f2r|rotating|508,1378943233,560,75210276,74680309,430037,0,430037,0,9124,0,4562,0,0,0,71260,71260,29137776,0,4096,0,0,0,4562,0,3876549173,0,3876549189,0,0,0,0,0,0,0,0,0,4096,256,131072,4,3|4,0,67108864,262144,256,0,0,0,0,548,0,536,0,137,134,0,1,548,0|554,3988883620,18,0,0,35127296,0,35127296,0,107580,0,0,134,0,0,0,0,0,0,0,7115937,0,0,0,0,0
1785759973475|1012|stream_clean_after_abort50_f2r|fixed|510,1378943233,271,81380179,80805305,80914887,80805305,80914887,80805305,77251,77104,77103,77103,0,0,4936,0,2380028820,2377666847,4096,4096,0,0,77104,77104,4193490974,4193490971,4193490982,4193490979,0,0,0,0,0,0,0,0,4096,256,131072,4,3|4,0,67108864,262144,256,0,0,0,0,592,0,580,0,148,145,0,1,592,0|556,599377359,19,38089920,0,0,0,0,0,40455983,0,145,0,4158571621,0,4158571621,0,2080,4142034428,0,25783245,0,0,0,0,0
1785759973475|1012|stream_clean_after_abort50_f2r|rotating|510,1378943233,560,81449214,80873750,465669,0,465669,0,9880,0,4940,0,0,0,77169,77169,31552056,0,4096,0,0,0,4940,0,4195149039,0,4195149055,0,0,0,0,0,0,0,0,0,4096,256,131072,4,3|4,0,67108864,262144,256,0,0,0,0,592,0,580,0,148,145,0,1,592,0|556,12708424,19,0,0,38010880,0,38010880,0,116488,0,0,145,0,0,0,0,0,0,0,7141342,0,0,0,0,0
1785759978477|1012|stream_clean_after_abort50_f2r|fixed|512,1378943233,304,87640484,87021241,87139371,87021241,87139371,87021241,83192,83034,83034,83034,0,0,5316,0,2563089088,2560549312,4096,4096,0,0,83034,83034,218478403,218478752,218478411,218478760,0,0,0,0,0,0,0,0,4096,256,131072,4,3|4,0,67108864,262144,256,0,0,0,0,636,0,624,0,159,156,0,1,636,0|558,918412289,19,41013024,0,0,0,0,0,43557111,0,156,0,181908479,1,181908479,1,2080,164518339,1,27213421,0,0,0,0,0
1785759978477|1012|stream_clean_after_abort50_f2r|rotating|512,1378943233,560,87689407,87069813,501398,0,501398,0,10638,0,5319,0,0,0,83080,83080,33972776,0,4096,0,0,0,5319,0,219641118,0,219641126,0,0,0,0,0,0,0,0,0,4096,256,131072,4,3|4,0,67108864,262144,256,0,0,0,0,636,0,624,0,159,156,0,1,636,0|558,331273162,19,0,0,40894464,0,40894464,0,125397,0,0,156,0,0,0,0,0,0,0,7164272,0,0,0,0,0
1785759983491|1012|stream_clean_after_abort50_f2r|fixed|514,1378943233,271,93928271,93264562,93391240,93264562,93391240,93264562,89159,88991,88989,88989,0,0,5697,0,2746918633,2744197816,4096,4096,0,0,88990,88990,539796608,539796613,539796616,539796573,0,0,0,0,0,0,0,0,4096,256,131072,4,3|4,0,67108864,262144,256,0,0,0,0,680,0,668,0,170,167,0,1,680,0|560,1240201746,19,43959840,0,0,0,0,0,46685673,0,167,0,502961232,1,502961232,1,2075,484722318,1,28644515,0,0,0,0,0
1785759983491|1012|stream_clean_after_abort50_f2r|rotating|514,1378943233,560,93992238,93328179,537408,0,537408,0,11402,0,5701,0,0,0,89050,89050,36412640,0,4096,0,0,0,5701,0,541679984,0,541679992,0,0,0,0,0,0,0,0,0,4096,256,131072,4,3|4,0,67108864,262144,256,0,0,0,0,680,0,668,0,170,167,0,1,680,0|560,653184716,19,0,0,43778048,0,43778048,0,134398,0,0,167,0,0,0,0,0,0,0,7183303,0,0,0,0,0
1785759988495|1012|stream_clean_after_abort50_f2r|fixed|516,1378943233,271,100188789,99480010,99615940,99480010,99615940,99480010,95101,94922,94919,94919,0,0,6077,0,2929961061,2927061152,4096,4096,0,0,94920,94920,859734199,859734204,859734207,859734212,0,0,0,0,0,0,0,0,4096,256,131072,4,3|4,0,67108864,262144,256,0,0,0,0,724,0,712,0,181,178,0,1,724,0|562,1561188959,19,46890848,0,0,0,0,0,49805838,0,178,0,823215693,1,823215693,1,2080,804125334,1,30074886,0,0,0,0,0
1785759988495|1012|stream_clean_after_abort50_f2r|rotating|516,1378943233,560,100279278,99569819,573317,0,573317,0,12164,0,6082,0,0,0,95005,95005,38846128,0,4096,0,0,0,6082,0,862858554,0,862858562,0,0,0,0,0,0,0,0,0,4096,256,131072,4,3|4,0,67108864,262144,256,0,0,0,0,724,0,712,0,181,178,0,1,724,0|562,974455377,19,0,0,46661632,0,46661632,0,143376,0,0,178,0,0,0,0,0,0,0,7203912,0,0,0,0,0
1785759993498|1012|stream_clean_after_abort50_f2r|fixed|518,1378943233,304,106452145,105697676,105843479,105697676,105843479,105697676,101048,100858,100856,100856,0,0,6457,0,3113218960,3110139528,4096,4096,0,0,100856,100856,1180026575,1180026916,1180026583,1180026924,0,0,0,0,0,0,0,0,4096,256,131072,4,3|4,0,67108864,262144,256,0,0,0,0,772,0,760,0,193,190,0,1,772,0|564,1880846288,19,49815264,0,0,0,0,0,52909513,0,190,0,1142141918,1,1142141918,1,2080,1122065422,1,31633955,0,0,0,0,0
1785759993498|1012|stream_clean_after_abort50_f2r|rotating|518,1378943233,560,106517163,105761734,609045,0,609045,0,12922,0,6461,0,0,0,100917,100917,41266792,0,4096,0,0,0,6461,0,1181743605,0,1181743613,0,0,0,0,0,0,0,0,0,4096,256,131072,4,3|4,0,67108864,262144,256,0,0,0,0,772,0,760,0,193,190,0,1,772,0|564,1293297333,19,0,0,49807360,0,49807360,0,152308,0,0,190,0,0,0,0,0,0,0,7225531,0,0,0,0,0
1785759998509|1012|stream_clean_after_abort50_f2r|fixed|520,1378943233,271,112714363,111914314,112069778,111914314,112069778,111914314,107000,106798,106795,106795,0,0,6838,0,3296566789,3293289672,4096,4096,0,0,106796,106796,1500623183,1500623204,1500623191,1500623180,0,0,0,0,0,0,0,0,4096,256,131072,4,3|4,0,67108864,262144,256,0,0,0,0,816,0,804,0,204,201,0,1,816,0|566,2201395216,19,52754176,0,0,0,0,0,56021263,0,201,0,1461956118,1,1461956118,1,2080,1441031072,1,33063128,0,0,0,0,0
1785759998509|1012|stream_clean_after_abort50_f2r|rotating|520,1378943233,560,112788820,111988108,644961,0,644961,0,13684,0,6842,0,0,0,106866,106866,43700256,0,4096,0,0,0,6842,0,1502920999,0,1502921007,0,0,0,0,0,0,0,0,0,4096,256,131072,4,3|4,0,67108864,262144,256,0,0,0,0,816,0,804,0,204,201,0,1,816,0|566,1614291660,19,0,0,52690944,0,52690944,0,161287,0,0,201,0,0,0,0,0,0,0,7242298,0,0,0,0,0
1785760003520|1012|stream_clean_after_abort50_f2r|fixed|522,1378943233,271,118983399,118139870,118302995,118139870,118302995,118139870,112955,112742,112739,112739,0,0,7218,0,3480047200,3476589560,4096,4096,0,0,112740,112740,1821318414,1821318411,1821318406,1821318387,0,0,0,0,0,0,0,0,4096,256,131072,4,3|4,0,67108864,262144,256,0,0,0,0,860,0,848,0,215,212,0,1,860,0|568,2521970890,19,55685184,0,0,0,0,0,59134760,0,212,0,1781799040,1,1781799040,1,2080,1760022972,1,34493076,0,0,0,0,0
1785760003520|1012|stream_clean_after_abort50_f2r|rotating|522,1378943233,560,119058580,118214538,680783,0,680783,0,14444,0,7222,0,0,0,112811,112811,46127336,0,4096,0,0,0,7222,0,1823239657,0,1823239665,0,0,0,0,0,0,0,0,0,4096,256,131072,4,3|4,0,67108864,262144,256,0,0,0,0,860,0,848,0,215,212,0,1,860,0|568,1935083080,19,0,0,55574528,0,55574528,0,170267,0,0,212,0,0,0,0,0,0,0,7263460,0,0,0,0,0
1785760008527|1012|stream_clean_after_abort50_f2r|fixed|524,1378943233,271,125251718,124364430,124535490,124364430,124535490,124364430,118909,118685,118683,118683,0,0,7598,0,3663503411,3659865502,4096,4096,0,0,118683,118683,2141967140,2141967457,2141967148,2141967465,0,0,0,0,0,0,0,0,4096,256,131072,4,3|4,0,67108864,262144,256,0,0,0,0,904,0,892,0,226,223,0,1,904,0|570,2842595479,19,58616192,0,0,0,0,0,62248664,0,223,0,2101690877,1,2101690877,1,2080,2079062089,1,35924722,0,0,0,0,0
1785760008527|1012|stream_clean_after_abort50_f2r|rotating|524,1378943233,560,125324275,124436381,716700,0,716700,0,15206,0,7603,0,0,0,118751,118751,48560800,0,4096,0,0,0,7603,0,2144419519,0,2144419527,0,0,0,0,0,0,0,0,0,4096,256,131072,4,3|4,0,67108864,262144,256,0,0,0,0,904,0,892,0,226,223,0,1,904,0|570,2256331142,19,0,0,58458112,0,58458112,0,179245,0,0,223,0,0,0,0,0,0,0,7287592,0,0,0,0,0
1785760013538|1012|stream_clean_after_abort50_f2r|fixed|526,1378943233,271,131518024,130586483,130765881,130586483,130765881,130586483,124862,124627,124624,124624,0,0,7979,0,3846898719,3843080330,4096,4096,0,0,124625,124625,2462525985,2462525998,2462525993,2462526006,0,0,0,0,0,0,0,0,4096,256,131072,4,3|4,0,67108864,262144,256,0,0,0,0,948,0,936,0,237,234,0,1,948,0|572,3163321682,19,61555104,0,0,0,0,0,65363667,0,234,0,2421682352,1,2421682352,1,2080,2398204860,1,37354049,0,0,0,0,0
1785760013538|1012|stream_clean_after_abort50_f2r|rotating|526,1378943233,560,131594117,130662292,752517,0,752517,0,15966,0,7983,0,0,0,124696,124696,50987944,0,4096,0,0,0,7983,0,2464737540,0,2464737548,0,0,0,0,0,0,0,0,0,4096,256,131072,4,3|4,0,67108864,262144,256,0,0,0,0,948,0,936,0,237,234,0,1,948,0|572,2576340975,19,0,0,61341696,0,61341696,0,188175,0,0,234,0,0,0,0,0,0,0,7305482,0,0,0,0,0
1785760018541|1012|stream_clean_after_abort50_f2r|fixed|528,1378943233,271,137779015,136802762,136991057,136802762,136991057,136802762,130808,130562,130559,130559,0,0,8359,0,4030101418,4026102877,4096,4096,0,0,130560,130560,2782738297,2782738318,2782738305,2782738326,0,0,0,0,0,0,0,0,4096,256,131072,4,3|4,0,67108864,262144,256,0,0,0,0,992,0,980,0,248,245,0,1,992,0|574,3484195641,19,64486112,0,0,0,0,0,68480372,0,245,0,2741823559,1,2741823559,1,2080,2717495003,1,38784039,0,0,0,0,0
1785760018541|1012|stream_clean_after_abort50_f2r|rotating|528,1378943233,560,137871708,136894191,788525,0,788525,0,16730,0,8365,0,0,0,130646,130646,53427752,0,4096,0,0,0,8365,0,2786202440,0,2786202448,0,0,0,0,0,0,0,0,0,4096,256,131072,4,3|4,0,67108864,262144,256,0,0,0,0,996,0,984,0,249,246,0,1,996,0|574,2897817393,19,0,0,64487424,0,64487424,0,197178,0,0,246,0,0,0,0,0,0,0,7331637,0,0,0,0,0
1785760030151|1014|stream_clean_after_service_reset_f2r|fixed|534,1378943233,304,6131239,6089087,6096268,6089087,6096268,6089087,5821,5810,5810,5810,0,0,371,0,179343576,179180472,4096,4096,0,0,5810,5810,338515247,338515588,338515255,338515596,0,0,0,0,0,0,0,0,4096,256,131072,4,3|4,0,67108864,262144,256,0,0,0,0,56,0,44,0,14,11,0,1,56,0|584,4226575439,19,2891488,0,0,0,0,0,3069914,0,11,0,320393290,0,320393290,0,2080,314340466,0,8355255,0,0,0,0,0
1785760030151|1014|stream_clean_after_service_reset_f2r|rotating|534,1378943233,560,6204098,6160915,35445,0,35445,0,752,0,376,0,0,0,5879,5879,2401552,0,4096,0,0,0,376,0,370947677,0,370947685,0,0,0,0,0,0,0,0,0,4096,256,131072,4,3|4,0,67108864,262144,256,0,0,0,0,56,0,44,0,14,11,0,1,56,0|584,3640632653,19,0,0,2883584,0,2883584,0,8932,0,0,11,0,0,0,0,0,0,0,6872793,0,0,0,0,0
1785760035156|1014|stream_clean_after_service_reset_f2r|fixed|536,1378943233,304,12399296,12312196,12328406,12312196,12328406,12312196,11770,11747,11747,11747,0,0,752,0,362607024,362247416,4096,4096,0,0,11747,11747,658959778,658960127,658959786,658960135,0,0,0,0,0,0,0,0,4096,256,131072,4,3|4,0,67108864,262144,256,0,0,0,0,100,0,88,0,25,22,0,1,100,0|586,252949724,20,5838304,0,0,0,0,0,6193870,0,22,0,640998167,0,640998167,0,2073,634096641,0,9786277,0,0,0,0,0
1785760035156|1014|stream_clean_after_service_reset_f2r|rotating|536,1378943233,560,12492067,12404452,71361,0,71361,0,1514,0,757,0,0,0,11834,11834,4835000,0,4096,0,0,0,757,0,692126915,0,692126923,0,0,0,0,0,0,0,0,0,4096,256,131072,4,3|4,0,67108864,262144,256,0,0,0,0,100,0,88,0,25,22,0,1,100,0|586,3961764277,19,0,0,5767168,0,5767168,0,17910,0,0,22,0,0,0,0,0,0,0,6897437,0,0,0,0,0
1785760040170|1014|stream_clean_after_service_reset_f2r|fixed|538,1378943233,271,18693465,18562158,18586662,18562158,18586662,18562158,17744,17710,17709,17709,0,0,1133,0,546643620,546105319,4096,4096,0,0,17710,17710,980639930,980639943,980639938,980639951,0,0,0,0,0,0,0,0,4096,256,131072,4,3|4,0,67108864,262144,256,0,0,0,0,144,0,132,0,36,33,0,1,144,0|588,574345728,20,8777216,0,0,0,0,0,9318337,0,33,0,961659443,0,961659443,0,2080,953910888,0,11213929,0,0,0,0,0
1785760040170|1014|stream_clean_after_service_reset_f2r|rotating|538,1378943233,560,18791833,18659846,107373,0,107373,0,2278,0,1139,0,0,0,17802,17802,7274864,0,4096,0,0,0,1139,0,1014162325,0,1014162333,0,0,0,0,0,0,0,0,0,4096,256,131072,4,3|4,0,67108864,262144,256,0,0,0,0,144,0,132,0,36,33,0,1,144,0|588,4282902820,19,0,0,8650752,0,8650752,0,26890,0,0,33,0,0,0,0,0,0,0,6919792,0,0,0,0,0
1785760045177|1014|stream_clean_after_service_reset_f2r|fixed|540,1378943233,271,24945215,24770414,24802587,24770414,24802587,24770414,23682,23637,23636,23636,0,0,1513,0,729610707,728893070,4096,4096,0,0,23637,23637,1300438991,1300439020,1300439007,1300439028,0,0,0,0,0,0,0,0,4096,256,131072,4,3|4,0,67108864,262144,256,0,0,0,0,188,0,176,0,47,44,0,1,188,0|590,893556639,20,11700320,0,0,0,0,0,12418631,0,44,0,1280139578,0,1280139578,0,2080,1271537656,0,12644525,0,0,0,0,0
1785760045177|1014|stream_clean_after_service_reset_f2r|rotating|540,1378943233,560,25012987,24837708,143005,0,143005,0,3034,0,1517,0,0,0,23700,23700,9689160,0,4096,0,0,0,1517,0,1332762545,0,1332762553,0,0,0,0,0,0,0,0,0,4096,256,131072,4,3|4,0,67108864,262144,256,0,0,0,0,188,0,176,0,47,44,0,1,188,0|590,306331560,20,0,0,11534336,0,11534336,0,35798,0,0,44,0,0,0,0,0,0,0,6945135,0,0,0,0,0
1785760050192|1014|stream_clean_after_service_reset_f2r|fixed|542,1378943233,271,31217537,30998524,31039089,30998524,31039089,30998524,29638,29582,29581,29581,0,0,1893,0,913123297,912226560,4096,4096,0,0,29582,29582,1621192600,1621192613,1621192608,1621192581,0,0,0,0,0,0,0,0,4096,256,131072,4,3|4,0,67108864,262144,256,0,0,0,0,232,0,220,0,58,55,0,1,232,0|592,1214442930,20,14631328,0,0,0,0,0,15535957,0,55,0,1600293117,0,1600293117,0,2080,1590838677,0,14075969,0,0,0,0,0
1785760050192|1014|stream_clean_after_service_reset_f2r|rotating|542,1378943233,560,31317909,31098413,179008,0,179008,0,3798,0,1899,0,0,0,29676,29676,12129072,0,4096,0,0,0,1899,0,1654801746,0,1654801754,0,0,0,0,0,0,0,0,0,4096,256,131072,4,3|4,0,67108864,262144,256,0,0,0,0,232,0,220,0,58,55,0,1,232,0|592,629866422,20,0,0,14417920,0,14417920,0,44846,0,0,55,0,0,0,0,0,0,0,6968996,0,0,0,0,0
1785760055195|1014|stream_clean_after_service_reset_f2r|fixed|544,1378943233,271,37479210,37217358,37264947,37217358,37264947,37217358,35584,35517,35516,35516,0,0,2273,0,1096313121,1095234904,4096,4096,0,0,35517,35517,1941385997,1941386002,1941386005,1941385978,0,0,0,0,0,0,0,0,4096,256,131072,4,3|4,0,67108864,262144,256,0,0,0,0,276,0,264,0,69,66,0,1,276,0|594,1534690318,20,17562336,0,0,0,0,0,18647738,0,66,0,1919807753,0,1919807753,0,2080,1909502643,0,15505565,0,0,0,0,0
1785760055195|1014|stream_clean_after_service_reset_f2r|rotating|544,1378943233,560,37551928,37288991,214735,0,214735,0,4556,0,2278,0,0,0,35585,35585,14549720,0,4096,0,0,0,2278,0,1973561735,0,1973561743,0,0,0,0,0,0,0,0,0,4096,256,131072,4,3|4,0,67108864,262144,256,0,0,0,0,280,0,268,0,70,67,0,1,280,0|594,952081602,20,0,0,17563648,0,17563648,0,53849,0,0,67,0,0,0,0,0,0,0,6988609,0,0,0,0,0
1785760060198|1014|stream_clean_after_service_reset_f2r|fixed|546,1378943233,304,43745168,43438902,43494988,43438902,43494988,43438902,41531,41452,41452,41452,0,0,2654,0,1279540896,1278266576,4096,4096,0,0,41452,41452,2261752228,2261752553,2261752236,2261752561,0,0,0,0,0,0,0,0,4096,256,131072,4,3|4,0,67108864,262144,256,0,0,0,0,324,0,312,0,81,78,0,1,324,0|596,1854779728,20,20494656,0,0,0,0,0,21757857,0,78,0,2239164083,0,2239164083,0,2080,2227873186,0,17065981,0,0,0,0,0
1785760060198|1014|stream_clean_after_service_reset_f2r|rotating|546,1378943233,560,43827311,43520706,250557,0,250557,0,5316,0,2658,0,0,0,41529,41529,16976816,0,4096,0,0,0,2658,0,2294006393,0,2294006409,0,0,0,0,0,0,0,0,0,4096,256,131072,4,3|4,0,67108864,262144,256,0,0,0,0,324,0,312,0,81,78,0,1,324,0|596,1269072977,20,0,0,20447232,0,20447232,0,62733,0,0,78,0,0,0,0,0,0,0,7007528,0,0,0,0,0
1785760065203|1014|stream_clean_after_service_reset_f2r|fixed|548,1378943233,271,50008827,49659505,49722921,49659505,49722921,49659505,47477,47387,47386,47386,0,0,3033,0,1462719856,1461265864,4096,4096,0,0,47387,47387,2581939903,2581939932,2581939911,2581939892,0,0,0,0,0,0,0,0,4096,256,131072,4,3|4,0,67108864,262144,256,0,0,0,0,368,0,356,0,92,89,0,1,368,0|598,2176091522,20,23433568,0,0,0,0,0,24881124,0,89,0,2559741149,0,2559741149,0,2080,2547599779,0,18497077,0,0,0,0,0
1785760065203|1014|stream_clean_after_service_reset_f2r|rotating|548,1378943233,560,50104631,49754508,286473,0,286473,0,6078,0,3039,0,0,0,47476,47476,19410256,0,4096,0,0,0,3039,0,2615185738,0,2615185746,0,0,0,0,0,0,0,0,0,4096,256,131072,4,3|4,0,67108864,262144,256,0,0,0,0,368,0,356,0,92,89,0,1,368,0|598,1589366410,20,0,0,23330816,0,23330816,0,71689,0,0,89,0,0,0,0,0,0,0,7030699,0,0,0,0,0
1785760070214|1014|stream_clean_after_service_reset_f2r|fixed|550,1378943233,271,56284581,55890889,55962758,55890889,55962758,55890889,53432,53331,53330,53330,0,0,3414,0,1646208851,1644575302,4096,4096,0,0,53331,53331,2902647172,2902647209,2902647188,2902647217,0,0,0,0,0,0,0,0,4096,256,131072,4,3|4,0,67108864,262144,256,0,0,0,0,412,0,400,0,103,100,0,1,412,0|600,2496391673,20,26364576,0,0,0,0,0,27994882,0,100,0,2879308548,0,2879308548,0,2080,2866316011,0,19927170,0,0,0,0,0
1785760070214|1014|stream_clean_after_service_reset_f2r|rotating|550,1378943233,560,56397701,56003312,322485,0,322485,0,6842,0,3421,0,0,0,53437,53437,21850120,0,4096,0,0,0,3421,0,2937223609,0,2937223617,0,0,0,0,0,0,0,0,0,4096,256,131072,4,3|4,0,67108864,262144,256,0,0,0,0,412,0,400,0,103,100,0,1,412,0|600,1912473315,20,0,0,26214400,0,26214400,0,80714,0,0,100,0,0,0,0,0,0,0,7050114,0,0,0,0,0
1785760075229|1014|stream_clean_after_service_reset_f2r|fixed|552,1378943233,304,62564190,62125766,62206450,62125766,62206450,62125766,59391,59279,59279,59279,0,0,3795,0,1829824544,1828012112,4096,4096,0,0,59279,59279,3223570523,3223570824,3223570531,3223570840,0,0,0,0,0,0,0,0,4096,256,131072,4,3|4,0,67108864,262144,256,0,0,0,0,456,0,444,0,114,111,0,1,456,0|602,2815751101,20,29287680,0,0,0,0,0,31099207,0,111,0,3197937200,0,3197937200,0,2080,3184090230,0,21358832,0,0,0,0,0
1785760075229|1014|stream_clean_after_service_reset_f2r|rotating|552,1378943233,560,62614905,62176170,358021,0,358021,0,7596,0,3798,0,0,0,59327,59327,24258072,0,4096,0,0,0,3798,0,3254965354,0,3254965362,0,0,0,0,0,0,0,0,0,4096,256,131072,4,3|4,0,67108864,262144,256,0,0,0,0,456,0,444,0,114,111,0,1,456,0|602,2228534038,20,0,0,29097984,0,29097984,0,89552,0,0,111,0,0,0,0,0,0,0,7072256,0,0,0,0,0
1785760080236|1014|stream_clean_after_service_reset_f2r|fixed|554,1378943233,271,68835113,68352225,68441556,68352225,68441556,68352225,65343,65220,65219,65219,0,0,4175,0,2013195065,2011203600,4096,4096,0,0,65220,65220,3544089505,3544089526,3544089513,3544089502,0,0,0,0,0,0,0,0,4096,256,131072,4,3|4,0,67108864,262144,256,0,0,0,0,500,0,488,0,125,122,0,1,500,0|604,3138757424,20,32242400,0,0,0,0,0,34238937,0,122,0,3520204843,0,3520204843,0,2080,3505510374,0,22790348,0,0,0,0,0
1785760080236|1014|stream_clean_after_service_reset_f2r|rotating|554,1378943233,560,68955804,68471523,394310,0,394310,0,8366,0,4183,0,0,0,65333,65333,26717072,0,4096,0,0,0,4183,0,3579010376,0,3579010384,0,0,0,0,0,0,0,0,0,4096,256,131072,4,3|4,0,67108864,262144,256,0,0,0,0,504,0,492,0,126,123,0,1,504,0|604,2553592692,20,0,0,32243712,0,32243712,0,98648,0,0,123,0,0,0,0,0,0,0,7094990,0,0,0,0,0
1785760085241|1014|stream_clean_after_service_reset_f2r|fixed|556,1378943233,271,75100553,74573257,74671083,74573257,74671083,74573257,71292,71157,71156,71156,0,0,4556,0,2196462534,2194274369,4096,4096,0,0,71157,71157,3864540036,3864540033,3864540044,3864540041,0,0,0,0,0,0,0,0,4096,256,131072,4,3|4,0,67108864,262144,256,0,0,0,0,548,0,536,0,137,134,0,1,548,0|606,3457580768,20,35158912,0,0,0,0,0,37335629,0,134,0,3838299059,0,3838299059,0,2080,3822614405,0,24351768,0,0,0,0,0
1785760085241|1014|stream_clean_after_service_reset_f2r|rotating|556,1378943233,560,75166345,74638597,429850,0,429850,0,9120,0,4560,0,0,0,71219,71219,29125016,0,4096,0,0,0,4560,0,3896751538,0,3896751546,0,0,0,0,0,0,0,0,0,4096,256,131072,4,3|4,0,67108864,262144,256,0,0,0,0,548,0,536,0,137,134,0,1,548,0|606,2870335216,20,0,0,35127296,0,35127296,0,107509,0,0,134,0,0,0,0,0,0,0,7116956,0,0,0,0,0
1785760090252|1014|stream_clean_after_service_reset_f2r|fixed|558,1378943233,271,81373944,80802283,80908652,80802283,80908652,80802283,77245,77099,77098,77098,0,0,4936,0,2379886457,2377519764,4096,4096,0,0,77099,77099,4185135464,4185135453,4185135472,4185135461,0,0,0,0,0,0,0,0,4096,256,131072,4,3|4,0,67108864,262144,256,0,0,0,0,592,0,580,0,148,145,0,1,592,0|608,3778263809,20,38089920,0,0,0,0,0,40453028,0,145,0,4158249348,0,4158249348,0,2080,4141714296,0,25781092,0,0,0,0,0
1785760090252|1014|stream_clean_after_service_reset_f2r|rotating|558,1378943233,560,81445520,80873397,465669,0,465669,0,9880,0,4940,0,0,0,77166,77166,31552056,0,4096,0,0,0,4940,0,4217069516,0,4217069532,0,0,0,0,0,0,0,0,0,4096,256,131072,4,3|4,0,67108864,262144,256,0,0,0,0,592,0,580,0,148,145,0,1,592,0|608,3191159603,20,0,0,38010880,0,38010880,0,116464,0,0,145,0,0,0,0,0,0,0,7141488,0,0,0,0,0
1785760095267|1014|stream_clean_after_service_reset_f2r|fixed|560,1378943233,271,87656666,87040578,87155458,87040578,87155458,87040578,83208,83052,83050,83050,0,0,5317,0,2563603737,2561056536,4096,4096,0,0,83051,83051,211279173,211279194,211279181,211279162,0,0,0,0,0,0,0,0,4096,256,131072,4,3|4,0,67108864,262144,256,0,0,0,0,636,0,624,0,159,156,0,1,636,0|610,4099109248,20,41028832,0,0,0,0,0,43571816,0,156,0,183392763,1,183392763,1,2080,166009612,1,27209814,0,0,0,0,0
1785760095267|1014|stream_clean_after_service_reset_f2r|rotating|560,1378943233,560,87734142,87117692,501588,0,501588,0,10642,0,5321,0,0,0,83124,83124,33985544,0,4096,0,0,0,5321,0,243279169,0,243279177,0,0,0,0,0,0,0,0,0,4096,256,131072,4,3|4,0,67108864,262144,256,0,0,0,0,636,0,624,0,159,156,0,1,636,0|610,3513336478,20,0,0,40894464,0,40894464,0,125491,0,0,156,0,0,0,0,0,0,0,7164733,0,0,0,0,0
1785760100269|1014|stream_clean_after_service_reset_f2r|fixed|562,1378943233,271,93920673,93260739,93383642,93260739,93383642,93260739,89153,88986,88984,88984,0,0,5697,0,2746760779,2744032774,4096,4096,0,0,88985,88985,531418965,531418930,531418973,531418946,0,0,0,0,0,0,0,0,4096,256,131072,4,3|4,0,67108864,262144,256,0,0,0,0,680,0,668,0,170,167,0,1,680,0|612,124211085,21,43951936,0,0,0,0,0,46683305,0,167,0,502731120,1,502731120,1,2080,484495022,1,28639990,0,0,0,0,0
1785760100269|1014|stream_clean_after_service_reset_f2r|rotating|562,1378943233,560,93992327,93332010,537408,0,537408,0,11402,0,5701,0,0,0,89052,89052,36412640,0,4096,0,0,0,5701,0,563598041,0,563598049,0,0,0,0,0,0,0,0,0,4096,256,131072,4,3|4,0,67108864,262144,256,0,0,0,0,680,0,668,0,170,167,0,1,680,0|612,3833117676,20,0,0,43778048,0,43778048,0,134422,0,0,167,0,0,0,0,0,0,0,7186387,0,0,0,0,0
1785760105282|1014|stream_clean_after_service_reset_f2r|fixed|564,1378943233,271,100197664,99492266,99624815,99492266,99624815,99492266,95109,94930,94929,94929,0,0,6077,0,2930264675,2927356542,4096,4096,0,0,94929,94929,852144692,852145033,852144700,852145041,0,0,0,0,0,0,0,0,4096,256,131072,4,3|4,0,67108864,262144,256,0,0,0,0,724,0,712,0,181,178,0,1,724,0|614,445371904,21,46890848,0,0,0,0,0,49805483,0,178,0,823157211,1,823157211,1,2080,804072565,1,30069161,0,0,0,0,0
1785760105282|1014|stream_clean_after_service_reset_f2r|rotating|564,1378943233,560,100287622,99581534,573411,0,573411,0,12166,0,6083,0,0,0,95014,95014,38852504,0,4096,0,0,0,6083,0,885634941,0,885634949,0,0,0,0,0,0,0,0,0,4096,256,131072,4,3|4,0,67108864,262144,256,0,0,0,0,728,0,716,0,182,179,0,1,728,0|614,4154595179,20,0,0,46923776,0,46923776,0,143423,0,0,179,0,0,0,0,0,0,0,7212810,0,0,0,0,0
1785760110307|1014|stream_clean_after_service_reset_f2r|fixed|566,1378943233,271,106484082,105733464,105875227,105733464,105875227,105733464,101080,100890,100888,100888,0,0,6459,0,3114235264,3111148643,4096,4096,0,0,100889,100889,1173697489,1173697494,1173697505,1173697502,0,0,0,0,0,0,0,0,4096,256,131072,4,3|4,0,67108864,262144,256,0,0,0,0,772,0,760,0,193,190,0,1,772,0|616,766856761,21,49831072,0,0,0,0,0,52926435,0,190,0,1143907012,1,1143907012,1,2080,1123837924,1,31629929,0,0,0,0,0
1785760110307|1014|stream_clean_after_service_reset_f2r|rotating|566,1378943233,560,106555204,105803402,609330,0,609330,0,12928,0,6464,0,0,0,100956,100956,41285976,0,4096,0,0,0,6464,0,1206240743,0,1206240751,0,0,0,0,0,0,0,0,0,4096,256,131072,4,3|4,0,67108864,262144,256,0,0,0,0,772,0,760,0,193,190,0,1,772,0|616,179647050,21,0,0,49807360,0,49807360,0,152379,0,0,190,0,0,0,0,0,0,0,7238373,0,0,0,0,0
1785760115321|1014|stream_clean_after_service_reset_f2r|fixed|568,1378943233,271,112756529,111960331,112111757,111960331,112111757,111960331,107042,106840,106838,106838,0,0,6840,0,3297891076,3294607920,4096,4096,0,0,106839,106839,1494827642,1494827663,1494827650,1494827631,0,0,0,0,0,0,0,0,4096,256,131072,4,3|4,0,67108864,262144,256,0,0,0,0,816,0,804,0,204,201,0,1,816,0|618,1087655987,21,52769984,0,0,0,0,0,56040491,0,201,0,1463971510,1,1463971510,1,2080,1443052878,1,33060096,0,0,0,0,0
1785760115321|1014|stream_clean_after_service_reset_f2r|rotating|568,1378943233,560,112822414,112025724,645149,0,645149,0,13688,0,6844,0,0,0,106901,106901,43713016,0,4096,0,0,0,6844,0,1526559575,0,1526559591,0,0,0,0,0,0,0,0,0,4096,256,131072,4,3|4,0,67108864,262144,256,0,0,0,0,816,0,804,0,204,201,0,1,816,0|618,501294287,21,0,0,52690944,0,52690944,0,161358,0,0,201,0,0,0,0,0,0,0,7262779,0,0,0,0,0
1785760120324|1014|stream_clean_after_service_reset_f2r|fixed|570,1378943233,271,119016052,118176717,118335459,118176717,118335459,118176717,112988,112775,112773,112773,0,0,7220,0,3481094864,3477632192,4096,4096,0,0,112774,112774,1815041225,1815041230,1815041201,1815041190,0,0,0,0,0,0,0,0,4096,256,131072,4,3|4,0,67108864,262144,256,0,0,0,0,860,0,848,0,215,212,0,1,860,0|620,1408224677,21,55700992,0,0,0,0,0,59153952,0,212,0,1783807448,1,1783807448,1,2080,1762037865,1,34489973,0,0,0,0,0
1785760120324|1014|stream_clean_after_service_reset_f2r|rotating|570,1378943233,560,119085071,118245220,680973,0,680973,0,14448,0,7224,0,0,0,112839,112839,46140120,0,4096,0,0,0,7224,0,1846878153,0,1846878161,0,0,0,0,0,0,0,0,0,4096,256,131072,4,3|4,0,67108864,262144,256,0,0,0,0,860,0,848,0,215,212,0,1,860,0|620,820979216,21,0,0,55574528,0,55574528,0,170290,0,0,212,0,0,0,0,0,0,0,7289226,0,0,0,0,0
1785760125327|1014|stream_clean_after_service_reset_f2r|fixed|572,1378943233,271,125272328,124388268,124555911,124388268,124555911,124388268,118930,118706,118705,118705,0,0,7600,0,3664182812,3660539527,4096,4096,0,0,118705,118705,2135049071,2135049388,2135049079,2135049396,0,0,0,0,0,0,0,0,4096,256,131072,4,3|4,0,67108864,262144,256,0,0,0,0,904,0,892,0,226,223,0,1,904,0|622,1728064866,21,58632000,0,0,0,0,0,62260222,0,223,0,2102914885,1,2102914885,1,2080,2080294555,1,35919646,0,0,0,0,0
1785760125327|1014|stream_clean_after_service_reset_f2r|rotating|572,1378943233,560,125345368,124460881,716794,0,716794,0,15208,0,7604,0,0,0,118774,118774,48567200,0,4096,0,0,0,7604,0,2167196535,0,2167196543,0,0,0,0,0,0,0,0,0,4096,256,131072,4,3|4,0,67108864,262144,256,0,0,0,0,904,0,892,0,226,223,0,1,904,0|622,1142073930,21,0,0,58458112,0,58458112,0,179268,0,0,223,0,0,0,0,0,0,0,7308535,0,0,0,0,0
1785760130337|1014|stream_clean_after_service_reset_f2r|fixed|574,1378943233,271,131544047,130616866,130791811,130616866,130791811,130616866,124888,124653,124651,124651,0,0,7980,0,3847753842,3843930600,4096,4096,0,0,124652,124652,2455903902,2455903907,2455903910,2455903867,0,0,0,0,0,0,0,0,4096,256,131072,4,3|4,0,67108864,262144,256,0,0,0,0,948,0,936,0,237,234,0,1,948,0|624,2048830576,21,61563008,0,0,0,0,0,65375547,0,234,0,2422947843,1,2422947843,1,2080,2399476269,1,37349816,0,0,0,0,0
1785760130337|1014|stream_clean_after_service_reset_f2r|rotating|574,1378943233,560,131641092,130713311,752797,0,752797,0,15972,0,7986,0,0,0,124744,124744,51007088,0,4096,0,0,0,7986,0,2489234443,0,2489234451,0,0,0,0,0,0,0,0,0,4096,256,131072,4,3|5,0,67108864,262144,256,0,0,0,0,952,0,940,0,238,235,0,1,952,0|624,1464584307,21,0,0,61603840,0,61603840,0,188317,0,0,235,0,0,0,0,0,0,0,7327820,0,0,0,0,0
1785760135337|1014|stream_clean_after_service_reset_f2r|fixed|576,1378943233,271,137798363,136826261,137010311,136826261,137010311,136826261,130827,130581,130579,130579,0,0,8360,0,4030730576,4026725921,4096,4096,0,0,130580,130580,2775727293,2775727290,2775727253,2775727298,0,0,0,0,0,0,0,0,4096,256,131072,4,3|4,0,67108864,262144,256,0,0,0,0,992,0,980,0,248,245,0,1,992,0|626,2368919012,21,64495328,0,0,0,0,0,68483873,0,246,0,2742303199,1,2742303199,1,2080,2717845560,1,38910510,0,0,0,0,0
1785760135337|1014|stream_clean_after_service_reset_f2r|rotating|576,1378943233,560,137886409,136912990,788620,0,788620,0,16732,0,8366,0,0,0,130662,130662,53434152,0,4096,0,0,0,8366,0,2808980671,0,2808980679,0,0,0,0,0,0,0,0,0,4096,256,131072,4,3|4,0,67108864,262144,256,0,0,0,0,996,0,984,0,249,246,0,1,996,0|626,1783397974,21,0,0,64487424,0,64487424,0,197226,0,0,246,0,0,0,0,0,0,0,7353193,0,0,0,0,0
1785760145325|1015|stream_dma_reset_sender_r2f|fixed|580,1378943233,304,6157215,6115208,35032,0,35032,0,744,0,372,0,0,0,5834,5834,2376672,0,4096,0,0,0,372,0,3414345109,0,3414345117,0,0,0,0,0,0,0,0,0,4096,256,131072,4,3|4,0,67108864,262144,256,0,0,0,0,56,0,44,0,14,11,0,1,56,0|634,3008023135,21,0,0,2883584,0,2883584,0,8852,0,0,11,0,0,0,0,0,0,0,6875725,0,0,0,0,0
1785760145325|1015|stream_dma_reset_sender_r2f|rotating|580,1378943233,527,6230950,6187992,6195446,6187992,6195446,6187992,5917,5905,5904,5904,0,0,377,0,182246718,182066289,4096,4096,0,0,5905,5905,3447801925,3447801930,3447801933,3447801946,0,0,0,0,0,0,0,0,4096,256,131072,4,3|4,0,67108864,262144,256,0,0,0,0,56,0,44,0,14,11,0,1,56,0|634,2421379793,21,2938912,0,0,0,0,0,3115428,0,11,0,324995624,0,324995624,0,2080,318962672,0,8343987,0,0,0,0,0
1785760150325|1015|stream_dma_reset_sender_r2f|fixed|582,1378943233,304,12418941,12332686,70915,0,70915,0,1506,0,753,0,0,0,11766,11766,4810848,0,4096,0,0,0,753,0,3734944885,0,3734944893,0,0,0,0,0,0,0,0,0,4096,256,131072,4,3|4,0,67108864,262144,256,0,0,0,0,100,0,88,0,25,22,0,1,100,0|636,3328298387,21,0,0,5767168,0,5767168,0,17799,0,0,22,0,0,0,0,0,0,0,6895111,0,0,0,0,0
1785760150325|1015|stream_dma_reset_sender_r2f|rotating|582,1378943233,560,12500232,12413573,12428846,12413573,12428846,12413573,11866,11844,11843,11843,0,0,758,0,365570440,365209632,4096,4096,0,0,11843,11843,3768203115,3768203448,3768203123,3768203456,0,0,0,0,0,0,0,0,4096,256,131072,4,3|4,0,67108864,262144,256,0,0,0,0,100,0,88,0,25,22,0,1,100,0|636,2742148081,21,5869920,0,0,0,0,0,6233683,0,22,0,645031160,0,645031160,0,2080,638151731,0,9769390,0,0,0,0,0
1785760155334|1015|stream_dma_reset_sender_r2f|fixed|584,1378943233,304,18692793,18562327,106703,0,106703,0,2266,0,1133,0,0,0,17708,17708,7238696,0,4096,0,0,0,1133,0,4055261599,0,4055261607,0,0,0,0,0,0,0,0,0,4096,256,131072,4,3|4,0,67108864,262144,256,0,0,0,0,144,0,132,0,36,33,0,1,144,0|638,3649017592,21,0,0,8650752,0,8650752,0,26746,0,0,33,0,0,0,0,0,0,0,6915647,0,0,0,0,0
1785760155334|1015|stream_dma_reset_sender_r2f|rotating|584,1378943233,527,18761879,18631015,18654799,18631015,18654799,18631015,17809,17776,17774,17774,0,0,1137,0,548651210,548110309,4096,4096,0,0,17775,17775,4088218424,4088218421,4088218432,4088218429,0,0,0,0,0,0,0,0,4096,256,131072,4,3|4,0,67108864,262144,256,0,0,0,0,144,0,132,0,36,33,0,1,144,0|638,3061712568,21,8793024,0,0,0,0,0,9340337,0,33,0,963864871,0,963864871,0,2080,956134537,0,11197524,0,0,0,0,0
1785760160338|1015|stream_dma_reset_sender_r2f|fixed|586,1378943233,304,24952390,24778783,142492,0,142492,0,3026,0,1513,0,0,0,23644,23644,9666464,0,4096,0,0,0,1513,0,80609415,0,80609423,0,0,0,0,0,0,0,0,0,4096,256,131072,4,3|4,0,67108864,262144,256,0,0,0,0,188,0,176,0,47,44,0,1,188,0|640,3969053060,21,0,0,11534336,0,11534336,0,35693,0,0,44,0,0,0,0,0,0,0,6939737,0,0,0,0,0
1785760160338|1015|stream_dma_reset_sender_r2f|rotating|586,1378943233,527,25020728,24846598,24877860,24846598,24877860,24846598,23754,23710,23708,23708,0,0,1517,0,731841136,731121829,4096,4096,0,0,23709,23709,113429659,113429648,113429635,113429656,0,0,0,0,0,0,0,0,4096,256,131072,4,3|4,0,67108864,262144,256,0,0,0,0,188,0,176,0,47,44,0,1,188,0|640,3381645462,21,11724032,0,0,0,0,0,12447419,0,44,0,1283065013,0,1283065013,0,2080,1274487062,0,12624067,0,0,0,0,0
1785760165353|1015|stream_dma_reset_sender_r2f|fixed|588,1378943233,304,31227071,31008822,178374,0,178374,0,3788,0,1894,0,0,0,29590,29590,12100632,0,4096,0,0,0,1894,0,401785900,0,401785908,0,0,0,0,0,0,0,0,0,4096,256,131072,4,3|4,0,67108864,262144,256,0,0,0,0,232,0,220,0,58,55,0,1,232,0|642,4289973564,21,0,0,14417920,0,14417920,0,44663,0,0,55,0,0,0,0,0,0,0,6963510,0,0,0,0,0
1785760165353|1015|stream_dma_reset_sender_r2f|rotating|588,1378943233,527,31303183,31084550,31124437,31084550,31124437,31084550,29719,29665,29663,29662,0,0,1898,0,915634675,914737478,4096,4096,0,0,29663,29663,434668284,434668353,434668292,434668361,0,0,0,0,0,0,0,0,4096,256,131072,4,3|4,0,67108864,262144,256,0,0,0,0,232,0,220,0,58,55,0,1,232,0|642,3703317297,21,14670848,0,0,0,0,0,15572694,0,55,0,1604000144,0,1604000144,0,2080,1594576115,0,14052465,0,0,0,0,0
1785760170361|1015|stream_dma_reset_sender_r2f|fixed|590,1378943233,304,37498720,37237710,214155,0,214155,0,4548,0,2274,0,0,0,35534,35534,14528416,0,4096,0,0,0,2274,0,722103417,0,722103425,0,0,0,0,0,0,0,0,0,4096,256,131072,4,3|4,0,67108864,262144,256,0,0,0,0,276,0,264,0,70,67,0,1,280,0|644,315563017,22,0,0,17563648,0,17563648,0,53633,0,0,67,0,0,0,0,0,0,0,6989472,0,0,0,0,0
1785760170361|1015|stream_dma_reset_sender_r2f|rotating|590,1378943233,527,37580498,37318353,37365776,37318353,37365776,37318353,35681,35615,35612,35612,0,0,2280,0,1099280096,1098186971,4096,4096,0,0,35613,35613,755783528,755783541,755783544,755783549,0,0,0,0,0,0,0,0,4096,256,131072,4,3|4,0,67108864,262144,256,0,0,0,0,280,0,268,0,70,67,0,1,280,0|644,4025408813,21,17611072,0,0,0,0,0,18701178,0,67,0,1925356604,0,1925356604,0,2080,1914950574,0,15610792,0,0,0,0,0
1785760175365|1015|stream_dma_reset_sender_r2f|fixed|592,1378943233,304,43761787,43456249,250038,0,250038,0,5310,0,2655,0,0,0,41467,41467,16962608,0,4096,0,0,0,2655,0,1042704402,0,1042704410,0,0,0,0,0,0,0,0,0,4096,256,131072,4,3|4,0,67108864,262144,256,0,0,0,0,324,0,312,0,81,78,0,1,324,0|646,636004274,22,0,0,20447232,0,20447232,0,62580,0,0,78,0,0,0,0,0,0,0,7006450,0,0,0,0,0
1785760175365|1015|stream_dma_reset_sender_r2f|rotating|592,1378943233,527,43832347,43526507,43581933,43526507,43581933,43526507,41614,41537,41534,41534,0,0,2659,0,1282090133,1280817912,4096,4096,0,0,41535,41535,1075306875,1075306864,1075306883,1075306872,0,0,0,0,0,0,0,0,4096,256,131072,4,3|4,0,67108864,262144,256,0,0,0,0,324,0,312,0,81,78,0,1,324,0|646,49483078,22,20534176,0,0,0,0,0,21802471,0,78,0,2243667389,0,2243667389,0,2080,2232411884,0,17037496,0,0,0,0,0
1785760180376|1015|stream_dma_reset_sender_r2f|fixed|594,1378943233,304,50036869,49687348,285825,0,285825,0,6070,0,3035,0,0,0,47412,47412,19390440,0,4096,0,0,0,3035,0,1363017630,0,1363017638,0,0,0,0,0,0,0,0,0,4096,256,131072,4,3|4,0,67108864,262144,256,0,0,0,0,368,0,356,0,92,89,0,1,368,0|648,957427323,22,0,0,23330816,0,23330816,0,71551,0,0,89,0,0,0,0,0,0,0,7028356,0,0,0,0,0
1785760180376|1015|stream_dma_reset_sender_r2f|rotating|594,1378943233,527,50139190,49789061,49852798,49789061,49852798,49789061,47600,47513,47509,47509,0,0,3041,0,1466525989,1465073928,4096,4096,0,0,47510,47510,1397662087,1397662100,1397662095,1397662068,0,0,0,0,0,0,0,0,4096,256,131072,4,3|4,0,67108864,262144,256,0,0,0,0,368,0,356,0,92,89,0,1,368,0|648,371451336,22,23480992,0,0,0,0,0,24932105,0,89,0,2564898943,0,2564898943,0,2080,2552801110,0,18462144,0,0,0,0,0
1785760185387|1015|stream_dma_reset_sender_r2f|fixed|596,1378943233,304,56310067,55916838,321614,0,321614,0,6830,0,3415,0,0,0,53355,53355,21818224,0,4096,0,0,0,3415,0,1683332855,0,1683332863,0,0,0,0,0,0,0,0,0,4096,256,131072,4,3|4,0,67108864,262144,256,0,0,0,0,412,0,400,0,103,100,0,1,412,0|650,1277299197,22,0,0,26214400,0,26214400,0,80497,0,0,100,0,0,0,0,0,0,0,7051554,0,0,0,0,0
1785760185387|1015|stream_dma_reset_sender_r2f|rotating|596,1378943233,527,56385483,55991768,56063398,55991768,56063398,55991768,53528,53430,53426,53426,0,0,3420,0,1649164245,1647533920,4096,4096,0,0,53427,53427,1716893354,1716893383,1716893362,1716893391,0,0,0,0,0,0,0,0,4096,256,131072,4,3|4,0,67108864,262144,256,0,0,0,0,412,0,400,0,103,100,0,1,412,0|650,690424692,22,26396192,0,0,0,0,0,28032946,0,100,0,2883143499,0,2883143499,0,2080,2870194513,0,19888829,0,0,0,0,0
1785760190393|1015|stream_dma_reset_sender_r2f|fixed|598,1378943233,304,62577976,62140552,357402,0,357402,0,7590,0,3795,0,0,0,59292,59292,24246040,0,4096,0,0,0,3795,0,2003648672,0,2003648680,0,0,0,0,0,0,0,0,0,4096,256,131072,4,3|4,0,67108864,262144,256,0,0,0,0,456,0,444,0,114,111,0,1,456,0|652,1597558968,22,0,0,29097984,0,29097984,0,89421,0,0,111,0,0,0,0,0,0,0,7073157,0,0,0,0,0
1785760190393|1015|stream_dma_reset_sender_r2f|rotating|598,1378943233,527,62652820,62214933,62294947,62214933,62294947,62214933,59476,59367,59363,59363,0,0,3800,0,1832429360,1830620392,4096,4096,0,0,59364,59364,2037212985,2037212982,2037212977,2037212950,0,0,0,0,0,0,0,0,4096,256,131072,4,3|4,0,67108864,262144,256,0,0,0,0,456,0,444,0,114,111,0,1,456,0|652,1010812435,22,29327200,0,0,0,0,0,31147104,0,111,0,3202798490,0,3202798490,0,2080,3189001180,0,21316079,0,0,0,0,0
1785760195421|1015|stream_dma_reset_sender_r2f|fixed|600,1378943233,304,68875155,68392985,393373,0,393373,0,8354,0,4177,0,0,0,65258,65258,26686560,0,4096,0,0,0,4177,0,2325683661,0,2325683669,0,0,0,0,0,0,0,0,0,4096,256,131072,4,3|4,0,67108864,262144,256,0,0,0,0,500,0,488,0,125,122,0,1,500,0|654,1919363640,22,0,0,31981568,0,31981568,0,98414,0,0,122,0,0,0,0,0,0,0,7096093,0,0,0,0,0
1785760195421|1015|stream_dma_reset_sender_r2f|rotating|600,1378943233,527,68948405,68465060,68554559,68465060,68554559,68465060,65452,65331,65327,65327,0,0,4182,0,2016520520,2014516542,4096,4096,0,0,65328,65328,2359097557,2359097538,2359097549,2359097546,0,0,0,0,0,0,0,0,4096,256,131072,4,3|4,0,67108864,262144,256,0,0,0,0,504,0,492,0,126,123,0,1,504,0|654,1333389094,22,32283232,0,0,0,0,0,34281484,0,123,0,3524636141,0,3524636141,0,2080,3509861860,0,22872770,0,0,0,0,0
1785760204092|1016|stream_clean_after_dma_reset_r2f|fixed|604,1378943233,304,6129456,6087206,34937,0,34937,0,742,0,371,0,0,0,5807,5807,2370272,0,4096,0,0,0,371,0,367489929,0,367489937,0,0,0,0,0,0,0,0,0,4096,256,131072,4,3|5,0,67108864,262144,256,0,0,0,0,56,0,44,0,14,11,0,1,56,0|662,2474466748,22,0,0,2883584,0,2883584,0,8805,0,0,11,0,0,0,0,0,0,0,6874306,0,0,0,0,0
1785760204092|1016|stream_clean_after_dma_reset_r2f|rotating|604,1378943233,560,6203012,6159791,6167602,6159791,6167602,6159791,5889,5877,5877,5877,0,0,376,0,181410768,181232224,4096,4096,0,0,5877,5877,342904253,342904602,342904261,342904610,0,0,0,0,0,0,0,0,4096,256,131072,4,3|4,0,67108864,262144,256,0,0,0,0,56,0,44,0,14,11,0,1,56,0|662,1887375603,22,2923104,0,0,0,0,0,3098912,0,11,0,323285577,0,323285577,0,2080,317249261,0,8343870,0,0,0,0,0
1785760209097|1016|stream_clean_after_dma_reset_r2f|fixed|606,1378943233,304,12394482,12307590,70726,0,70726,0,1502,0,751,0,0,0,11742,11742,4798064,0,4096,0,0,0,751,0,687233149,0,687233157,0,0,0,0,0,0,0,0,0,4096,256,131072,4,3|4,0,67108864,262144,256,0,0,0,0,100,0,88,0,25,22,0,1,100,0|664,2794687785,22,0,0,5767168,0,5767168,0,17752,0,0,22,0,0,0,0,0,0,0,6892288,0,0,0,0,0
1785760209097|1016|stream_clean_after_dma_reset_r2f|rotating|606,1378943233,527,12470836,12383531,12399640,12383531,12399640,12383531,11838,11816,11814,11814,0,0,756,0,364679697,364323004,4096,4096,0,0,11815,11815,663247367,663247340,663247375,663247348,0,0,0,0,0,0,0,0,4096,256,131072,4,3|4,0,67108864,262144,256,0,0,0,0,100,0,88,0,25,22,0,1,100,0|664,2207685185,22,5854112,0,0,0,0,0,6212640,0,22,0,642862407,0,642862407,0,2080,635977186,0,9771701,0,0,0,0,0
1785760214101|1016|stream_clean_after_dma_reset_r2f|fixed|608,1378943233,304,18666784,18535644,106513,0,106513,0,2262,0,1131,0,0,0,17682,17682,7225896,0,4096,0,0,0,1131,0,1007548852,0,1007548860,0,0,0,0,0,0,0,0,0,4096,256,131072,4,3|4,0,67108864,262144,256,0,0,0,0,144,0,132,0,36,33,0,1,144,0|666,3115153762,22,0,0,8650752,0,8650752,0,26699,0,0,33,0,0,0,0,0,0,0,6917110,0,0,0,0,0
1785760214101|1016|stream_clean_after_dma_reset_r2f|rotating|608,1378943233,527,18733642,18602118,18626749,18602118,18626749,18602118,17781,17748,17746,17746,0,0,1135,0,547790848,547254036,4096,4096,0,0,17747,17747,983297485,983297458,983297445,983297466,0,0,0,0,0,0,0,0,4096,256,131072,4,3|4,0,67108864,262144,256,0,0,0,0,144,0,132,0,36,33,0,1,144,0|666,2528007905,22,8785120,0,0,0,0,0,9326722,0,33,0,962452375,0,962452375,0,2080,954718937,0,11198844,0,0,0,0,0
1785760219110|1016|stream_clean_after_dma_reset_r2f|fixed|610,1378943233,304,24931926,24757503,142397,0,142397,0,3024,0,1512,0,0,0,23624,23624,9660072,0,4096,0,0,0,1512,0,1328725402,0,1328725410,0,0,0,0,0,0,0,0,0,4096,256,131072,4,3|4,0,67108864,262144,256,0,0,0,0,188,0,176,0,47,44,0,1,188,0|668,3435764247,22,0,0,11534336,0,11534336,0,35669,0,0,44,0,0,0,0,0,0,0,6940504,0,0,0,0,0
1785760219110|1016|stream_clean_after_dma_reset_r2f|rotating|610,1378943233,549,25001499,24826698,24858726,24826698,24858726,24826698,23735,23691,23690,23690,0,0,1516,0,731262064,730545688,4096,4096,0,0,23691,23690,1303979208,1303961340,1303979184,1303961348,0,0,0,0,0,0,0,0,4096,256,131072,4,3|4,0,67108864,262144,256,0,0,0,0,188,0,176,0,47,44,0,1,188,0|668,2848708403,22,11716128,0,0,0,0,0,12441106,0,44,0,1282420121,0,1282420121,0,2080,1273837155,0,12627298,0,0,0,0,0
1785760224115|1016|stream_clean_after_dma_reset_r2f|fixed|612,1378943233,304,31193299,30974470,178185,0,178185,0,3784,0,1892,0,0,0,29557,29557,12087872,0,4096,0,0,0,1892,0,1649042336,0,1649042344,0,0,0,0,0,0,0,0,0,4096,256,131072,4,3|4,0,67108864,262144,256,0,0,0,0,232,0,220,0,58,55,0,1,232,0|670,3755781063,22,0,0,14417920,0,14417920,0,44593,0,0,55,0,0,0,0,0,0,0,6959585,0,0,0,0,0
1785760224115|1016|stream_clean_after_dma_reset_r2f|rotating|612,1378943233,560,31268586,31049454,31090025,31049454,31090025,31049454,29685,29631,29629,29629,0,0,1896,0,914586328,913690264,4096,4096,0,0,29629,29629,1624385489,1624385822,1624385497,1624385830,0,0,0,0,0,0,0,0,4096,256,131072,4,3|4,0,67108864,262144,256,0,0,0,0,232,0,220,0,58,55,0,1,232,0|670,3169848761,22,14655040,0,0,0,0,0,15561620,0,55,0,1602825751,0,1602825751,0,2080,1593395013,0,14055693,0,0,0,0,0
1785760229125|1016|stream_clean_after_dma_reset_r2f|fixed|614,1378943233,304,37464671,37202901,213968,0,213968,0,4544,0,2272,0,0,0,35501,35501,14515624,0,4096,0,0,0,2272,0,1969360180,0,1969360188,0,0,0,0,0,0,0,0,0,4096,256,131072,4,3|4,0,67108864,262144,256,0,0,0,0,276,0,264,0,69,66,0,1,276,0|672,4076580349,22,0,0,17301504,0,17301504,0,53562,0,0,66,0,0,0,0,0,0,0,6980263,0,0,0,0,0
1785760229125|1016|stream_clean_after_dma_reset_r2f|rotating|614,1378943233,560,37533873,37271786,37319529,37271786,37319529,37271786,35634,35569,35567,35567,0,0,2276,0,1097880856,1096804904,4096,4096,0,0,35567,35567,1944757101,1944757458,1944757109,1944757466,0,0,0,0,0,0,0,0,4096,256,131072,4,3|4,0,67108864,262144,256,0,0,0,0,280,0,268,0,70,67,0,1,280,0|672,3489240888,22,17579456,0,0,0,0,0,18663577,0,67,0,1921486774,0,1921486774,0,2080,1911069395,0,15615266,0,0,0,0,0
1785760234128|1016|stream_clean_after_dma_reset_r2f|fixed|616,1378943233,304,43729773,43423766,249850,0,249850,0,5306,0,2653,0,0,0,41436,41436,16949856,0,4096,0,0,0,2653,0,2289963154,0,2289963162,0,0,0,0,0,0,0,0,0,4096,256,131072,4,3|4,0,67108864,262144,256,0,0,0,0,324,0,312,0,81,78,0,1,324,0|674,100875712,23,0,0,20447232,0,20447232,0,62486,0,0,78,0,0,0,0,0,0,0,7003703,0,0,0,0,0
1785760234128|1016|stream_clean_after_dma_reset_r2f|rotating|616,1378943233,560,43781905,43475748,43531773,43475748,43531773,43475748,41565,41489,41486,41486,0,0,2656,0,1280587440,1279316528,4096,4096,0,0,41486,41486,2264232053,2264232362,2264232061,2264232370,0,0,0,0,0,0,0,0,4096,256,131072,4,3|4,0,67108864,262144,256,0,0,0,0,324,0,312,0,81,78,0,1,324,0|674,3808910453,22,20502560,0,0,0,0,0,21770932,0,78,0,2240425563,0,2240425563,0,2080,2229157614,0,17043065,0,0,0,0,0
1785760239142|1016|stream_clean_after_dma_reset_r2f|fixed|618,1378943233,304,50005389,49656047,285636,0,285636,0,6066,0,3033,0,0,0,47382,47382,19377656,0,4096,0,0,0,3033,0,2610278478,0,2610278486,0,0,0,0,0,0,0,0,0,4096,256,131072,4,3|4,0,67108864,262144,256,0,0,0,0,368,0,356,0,92,89,0,1,368,0|676,422684861,23,0,0,23330816,0,23330816,0,71480,0,0,89,0,0,0,0,0,0,0,7023239,0,0,0,0,0
1785760239142|1016|stream_clean_after_dma_reset_r2f|rotating|618,1378943233,527,50079874,49729989,49793764,49729989,49793764,49729989,47543,47457,47452,47452,0,0,3038,0,1464759248,1463308994,4096,4096,0,0,47453,47453,2586141313,2586141294,2586141289,2586141302,0,0,0,0,0,0,0,0,4096,256,131072,4,3|4,0,67108864,262144,256,0,0,0,0,368,0,356,0,92,89,0,1,368,0|676,4130882637,22,23449376,0,0,0,0,0,24900631,0,89,0,2561661043,0,2561661043,0,2080,2549548661,0,18469818,0,0,0,0,0
1785760244153|1016|stream_clean_after_dma_reset_r2f|fixed|620,1378943233,304,56280512,55887292,321520,0,321520,0,6828,0,3414,0,0,0,53326,53326,21811848,0,4096,0,0,0,3414,0,2931453188,0,2931453204,0,0,0,0,0,0,0,0,0,4096,256,131072,4,3|4,0,67108864,262144,256,0,0,0,0,412,0,400,0,103,100,0,1,412,0|678,743500160,23,0,0,26214400,0,26214400,0,80451,0,0,100,0,0,0,0,0,0,0,7047276,0,0,0,0,0
1785760244153|1016|stream_clean_after_dma_reset_r2f|rotating|620,1378943233,527,56354476,55960969,56032579,55960969,56032579,55960969,53498,53401,53396,53396,0,0,3418,0,1648235544,1646605856,4096,4096,0,0,53397,53397,2906828497,2906828494,2906828457,2906828478,0,0,0,0,0,0,0,0,4096,256,131072,4,3|4,0,67108864,262144,256,0,0,0,0,412,0,400,0,103,100,0,1,412,0|678,156584771,23,26380384,0,0,0,0,0,28018057,0,100,0,2881597721,0,2881597721,0,2080,2868637613,0,19896470,0,0,0,0,0
1785760249155|1016|stream_clean_after_dma_reset_r2f|fixed|622,1378943233,304,62544368,62107419,357213,0,357213,0,7586,0,3793,0,0,0,59260,59260,24233272,0,4096,0,0,0,3793,0,3250910712,0,3250910720,0,0,0,0,0,0,0,0,0,4096,256,131072,4,3|4,0,67108864,262144,256,0,0,0,0,456,0,444,0,114,111,0,1,456,0|680,1064479103,23,0,0,29097984,0,29097984,0,89421,0,0,111,0,0,0,0,0,0,0,7070772,0,0,0,0,0
1785760249155|1016|stream_clean_after_dma_reset_r2f|rotating|622,1378943233,527,62639726,62202188,62281947,62202188,62281947,62202188,59463,59355,59350,59350,0,0,3799,0,1832019871,1830212290,4096,4096,0,0,59351,59351,3228054585,3228054630,3228054593,3228054638,0,0,0,0,0,0,0,0,4096,256,131072,4,3|4,0,67108864,262144,256,0,0,0,0,456,0,444,0,114,111,0,1,456,0|680,478280815,23,29327200,0,0,0,0,0,31145221,0,111,0,3202557061,0,3202557061,0,2080,3188750796,0,21324947,0,0,0,0,0
1785760254169|1016|stream_clean_after_dma_reset_r2f|fixed|624,1378943233,304,68827472,68345864,393095,0,393095,0,8348,0,4174,0,0,0,65212,65212,26667400,0,4096,0,0,0,4174,0,3572084227,0,3572084235,0,0,0,0,0,0,0,0,0,4096,256,131072,4,3|4,0,67108864,262144,256,0,0,0,0,500,0,488,0,125,122,0,1,500,0|682,1383609284,23,0,0,31981568,0,31981568,0,98320,0,0,122,0,0,0,0,0,0,0,7092238,0,0,0,0,0
1785760254169|1016|stream_clean_after_dma_reset_r2f|rotating|624,1378943233,527,68878870,68397018,68485497,68397018,68485497,68397018,65384,65265,65260,65260,0,0,4177,0,2014462737,2012476340,4096,4096,0,0,65261,65261,3546936206,3546936187,3546936214,3546936195,0,0,0,0,0,0,0,0,4096,256,131072,4,3|4,0,67108864,262144,256,0,0,0,0,500,0,488,0,125,122,0,1,500,0|682,796742824,23,32242400,0,0,0,0,0,34240664,0,122,0,3520290270,0,3520290270,0,2054,3505634085,0,22750399,0,0,0,0,0
1785760259183|1016|stream_clean_after_dma_reset_r2f|fixed|626,1378943233,304,75118596,74592558,429162,0,429162,0,9114,0,4557,0,0,0,71174,71174,29114400,0,4096,0,0,0,4557,0,3894404700,0,3894404708,0,0,0,0,0,0,0,0,0,4096,256,131072,4,3|4,0,67108864,262144,256,0,0,0,0,548,0,536,0,137,134,0,1,548,0|684,1705345414,23,0,0,35127296,0,35127296,0,107314,0,0,134,0,0,0,0,0,0,0,7120164,0,0,0,0,0
1785760259183|1016|stream_clean_after_dma_reset_r2f|rotating|626,1378943233,527,75174546,74648267,74745102,74648267,74745102,74648267,71363,71232,71227,71227,0,0,4560,0,2198632228,2196450807,4096,4096,0,0,71228,71228,3868961911,3868961892,3868961919,3868961900,0,0,0,0,0,0,0,0,4096,256,131072,4,3|4,0,67108864,262144,256,0,0,0,0,548,0,536,0,137,134,0,1,548,0|684,1119431932,23,35190528,0,0,0,0,0,37375105,0,134,0,3842242346,0,3842242346,0,2080,3826607694,0,24306889,0,0,0,0,0
1785760264186|1016|stream_clean_after_dma_reset_r2f|fixed|628,1378943233,304,81363751,80793431,464761,0,464761,0,9870,0,4935,0,0,0,77089,77089,31529400,0,4096,0,0,0,4935,0,4213002987,0,4213002995,0,0,0,0,0,0,0,0,0,4096,256,131072,4,3|4,0,67108864,262144,256,0,0,0,0,592,0,580,0,148,145,0,1,592,0|686,2025532764,23,0,0,38010880,0,38010880,0,116260,0,0,145,0,0,0,0,0,0,0,7137950,0,0,0,0,0
1785760264186|1016|stream_clean_after_dma_reset_r2f|rotating|628,1378943233,560,81438775,80867866,80973543,80867866,80973543,80867866,77306,77164,77160,77160,0,0,4940,0,2381770560,2379409680,4096,4096,0,0,77160,77160,4189045112,4189045461,4189045120,4189045469,0,0,0,0,0,0,0,0,4096,256,131072,4,3|4,0,67108864,262144,256,0,0,0,0,592,0,580,0,148,145,0,1,592,0|686,1438815766,23,38113632,0,0,0,0,0,40480033,0,145,0,4160895404,0,4160895404,0,2080,4144409178,0,25735692,0,0,0,0,0
1785760269198|1016|stream_clean_after_dma_reset_r2f|fixed|630,1378943233,304,87639837,87025216,500644,0,500644,0,10632,0,5316,0,0,0,83034,83034,33963632,0,4096,0,0,0,5316,0,239212949,0,239212957,0,0,0,0,0,0,0,0,0,4096,256,131072,4,3|4,0,67108864,262144,256,0,0,0,0,636,0,624,0,159,156,0,1,636,0|688,2346318213,23,0,0,40894464,0,40894464,0,125231,0,0,156,0,0,0,0,0,0,0,7159151,0,0,0,0,0
1785760269198|1016|stream_clean_after_dma_reset_r2f|rotating|630,1378943233,560,87714569,87099527,87213548,87099527,87213548,87099527,83262,83109,83105,83105,0,0,5320,0,2565281680,2562739656,4096,4096,0,0,83105,83105,214825407,214825724,214825415,214825732,0,0,0,0,0,0,0,0,4096,256,131072,4,3|4,0,67108864,262144,256,0,0,0,0,636,0,624,0,159,156,0,1,636,0|688,1759573259,23,41052544,0,0,0,0,0,43598084,0,156,0,185950873,1,185950873,1,2080,168616090,1,27164872,0,0,0,0,0
1785760274210|1016|stream_clean_after_dma_reset_r2f|fixed|632,1378943233,304,93916938,93258033,536431,0,536431,0,11392,0,5696,0,0,0,88980,88980,36391416,0,4096,0,0,0,5696,0,559529110,0,559529118,0,0,0,0,0,0,0,0,0,4096,256,131072,4,3|4,0,67108864,262144,256,0,0,0,0,680,0,668,0,170,167,0,1,680,0|690,2668159721,23,0,0,43778048,0,43778048,0,134226,0,0,167,0,0,0,0,0,0,0,7185453,0,0,0,0,0
1785760274210|1016|stream_clean_after_dma_reset_r2f|rotating|632,1378943233,527,94013104,93353639,93476106,93353639,93476106,93353639,89240,89076,89071,89071,0,0,5702,0,2749442056,2746721219,4096,4096,0,0,89072,89072,536721464,536721437,536721432,536721445,0,0,0,0,0,0,0,0,4096,256,131072,4,3|4,0,67108864,262144,256,0,0,0,0,680,0,668,0,170,167,0,1,680,0|690,2081510632,23,43999360,0,0,0,0,0,46727825,0,167,0,507151542,1,507151542,1,2080,488971488,1,28592463,0,0,0,0,0
1785760279212|1016|stream_clean_after_dma_reset_r2f|fixed|634,1378943233,304,100181165,99476703,572220,0,572220,0,12152,0,6076,0,0,0,94913,94913,38819184,0,4096,0,0,0,6076,0,879843541,0,879843549,0,0,0,0,0,0,0,0,0,4096,256,131072,4,3|4,0,67108864,262144,256,0,0,0,0,724,0,712,0,181,178,0,1,724,0|692,2987909095,23,0,0,46661632,0,46661632,0,143148,0,0,178,0,0,0,0,0,0,0,7205218,0,0,0,0,0
1785760279212|1016|stream_clean_after_dma_reset_r2f|rotating|634,1378943233,527,100274020,99568862,99701241,99568862,99701241,99568862,95181,95006,95001,95001,0,0,6082,0,2932509728,2929606920,4096,4096,0,0,95002,95002,856684912,856684933,856684920,856684917,0,0,0,0,0,0,0,0,4096,256,131072,4,3|4,0,67108864,262144,256,0,0,0,0,724,0,712,0,181,178,0,1,724,0|692,2401379519,23,46922464,0,0,0,0,0,49836775,0,178,0,826289653,1,826289653,1,2080,807260946,1,30018345,0,0,0,0,0
1785760284219|1016|stream_clean_after_dma_reset_r2f|fixed|636,1378943233,304,106446270,105696713,608001,0,608001,0,12912,0,6456,0,0,0,100854,100854,41246968,0,4096,0,0,0,6456,0,1200157326,0,1200157334,0,0,0,0,0,0,0,0,0,4096,256,131072,4,3|5,0,67108864,262144,256,0,0,0,0,772,0,760,0,193,190,0,1,772,0|694,3307815398,23,0,0,49807360,0,49807360,0,152095,0,0,190,0,0,0,0,0,0,0,7226348,0,0,0,0,0
1785760284219|1016|stream_clean_after_dma_reset_r2f|rotating|636,1378943233,527,106519935,105769268,105911367,105769268,105911367,105769268,101115,100928,100923,100923,0,0,6462,0,3115313713,3112214172,4096,4096,0,0,100924,100924,1176323001,1176322998,1176323009,1176323006,0,0,0,0,0,0,0,0,4096,256,131072,4,3|4,0,67108864,262144,256,0,0,0,0,772,0,760,0,193,190,0,1,772,0|694,2720822532,23,49846880,0,0,0,0,0,52937491,0,190,0,1145001562,1,1145001562,1,2080,1124990512,1,31573620,0,0,0,0,0
1785760289231|1016|stream_clean_after_dma_reset_r2f|fixed|638,1378943233,304,112712645,111917711,643978,0,643978,0,13676,0,6838,0,0,0,106797,106797,43687552,0,4096,0,0,0,6838,0,1521619062,0,1521619070,0,0,0,0,0,0,0,0,0,4096,256,131072,4,3|4,0,67108864,262144,256,0,0,0,0,816,0,804,0,204,201,0,1,816,0|696,3628599579,23,0,0,52690944,0,52690944,0,161065,0,0,201,0,0,0,0,0,0,0,7247961,0,0,0,0,0
1785760289231|1016|stream_clean_after_dma_reset_r2f|rotating|638,1378943233,527,112789056,111993446,112144702,111993446,112144702,111993446,107073,106874,106869,106869,0,0,6842,0,3298855577,3295577372,4096,4096,0,0,106870,106870,1497124240,1497124261,1497124248,1497124269,0,0,0,0,0,0,0,0,4096,256,131072,4,3|4,0,67108864,262144,256,0,0,0,0,816,0,804,0,204,201,0,1,816,0|696,3041867697,23,52785792,0,0,0,0,0,56054278,0,201,0,1465311999,1,1465311999,1,2080,1444454321,1,33000871,0,0,0,0,0
1785760294243|1016|stream_clean_after_dma_reset_r2f|fixed|640,1378943233,304,118982581,118144381,679766,0,679766,0,14436,0,7218,0,0,0,112742,112742,46115392,0,4096,0,0,0,7218,0,1841935209,0,1841935217,0,0,0,0,0,0,0,0,0,4096,256,131072,4,3|4,0,67108864,262144,256,0,0,0,0,860,0,848,0,215,212,0,1,860,0|698,3949312636,23,0,0,55574528,0,55574528,0,170012,0,0,212,0,0,0,0,0,0,0,7266654,0,0,0,0,0
1785760294243|1016|stream_clean_after_dma_reset_r2f|rotating|640,1378943233,560,119051532,118212765,118371388,118212765,118371388,118212765,113022,112812,112808,112808,0,0,7222,0,3482153648,3478696704,4096,4096,0,0,112808,112808,1817494279,1817494604,1817494287,1817494612,0,0,0,0,0,0,0,0,4096,256,131072,4,3|4,0,67108864,262144,256,0,0,0,0,860,0,848,0,215,212,0,1,860,0|698,3362361657,23,55716800,0,0,0,0,0,59166985,0,212,0,1785073207,1,1785073207,1,2080,1763366870,1,34428456,0,0,0,0,0
1785760299243|1016|stream_clean_after_dma_reset_r2f|fixed|642,1378943233,304,125239106,124356625,715555,0,715555,0,15196,0,7598,0,0,0,118674,118674,48543168,0,4096,0,0,0,7598,0,2162251716,0,2162251724,0,0,0,0,0,0,0,0,0,4096,256,131072,4,3|4,0,67108864,262144,256,0,0,0,0,904,0,892,0,226,223,0,1,904,0|700,4269287823,23,0,0,58458112,0,58458112,0,178959,0,0,223,0,0,0,0,0,0,0,7293181,0,0,0,0,0
1785760299243|1016|stream_clean_after_dma_reset_r2f|rotating|642,1378943233,527,125314502,124431508,124598571,124431508,124598571,124431508,118971,118750,118745,118745,0,0,7602,0,3665434816,3661797856,4096,4096,0,0,118746,118746,2137852343,2137852316,2137852327,2137852324,0,0,0,0,0,0,0,0,4096,256,131072,4,3|4,0,67108864,262144,256,0,0,0,0,904,0,892,0,226,223,0,1,904,0|700,3682347114,23,58639904,0,0,0,0,0,62274916,0,223,0,2104327888,1,2104327888,1,2080,2081770815,1,35856421,0,0,0,0,0
1785760304258|1016|stream_clean_after_dma_reset_r2f|fixed|644,1378943233,304,131513181,130587249,751438,0,751438,0,15958,0,7979,0,0,0,124623,124623,50977344,0,4096,0,0,0,7979,0,2483425331,0,2483425339,0,0,0,0,0,0,0,0,0,4096,256,131072,4,3|4,0,67108864,262144,256,0,0,0,0,948,0,936,0,237,234,0,1,948,0|702,296048201,24,0,0,61341696,0,61341696,0,187929,0,0,234,0,0,0,0,0,0,0,7312567,0,0,0,0,0
1785760304258|1016|stream_clean_after_dma_reset_r2f|rotating|644,1378943233,527,131609524,130683202,130857620,130683202,130857620,130683202,124951,124719,124714,124714,0,0,7984,0,3849686309,3845870784,4096,4096,0,0,124715,124715,2459887272,2459887253,2459887280,2459887261,0,0,0,0,0,0,0,0,4096,256,131072,4,3|4,0,67108864,262144,256,0,0,0,0,948,0,936,0,237,234,0,1,948,0|702,4004451477,23,61586720,0,0,0,0,0,65403173,0,234,0,2425695547,1,2425695547,1,2080,2402295264,1,37281951,0,0,0,0,0
1785760309261|1016|stream_clean_after_dma_reset_r2f|fixed|646,1378943233,304,137775314,136804809,787126,0,787126,0,16716,0,8358,0,0,0,130558,130558,53398720,0,4096,0,0,0,8358,0,2802883452,0,2802883460,0,0,0,0,0,0,0,0,0,4096,256,131072,4,3|4,0,67108864,262144,256,0,0,0,0,992,0,980,0,248,245,0,1,996,0|704,616682959,24,0,0,64487424,0,64487424,0,196923,0,0,246,0,0,0,0,0,0,0,7343047,0,0,0,0,0
1785760309261|1016|stream_clean_after_dma_reset_r2f|rotating|646,1378943233,527,137865587,136893678,137077801,136893678,137077801,136893678,130892,130648,130643,130643,0,0,8365,0,4032690884,4028680864,4096,4096,0,0,130644,130644,2779886209,2779886214,2779886217,2779886198,0,0,0,0,0,0,0,0,4096,256,131072,4,3|4,0,67108864,262144,256,0,0,0,0,996,0,984,0,249,246,0,1,996,0|704,29454292,24,64519040,0,0,0,0,0,68510613,0,246,0,2744932578,1,2744932578,1,2080,2720547698,1,38841177,0,0,0,0,0
