Copyright 1986-2022 Xilinx, Inc. All Rights Reserved. Copyright 2022-2023 Advanced Micro Devices, Inc. All Rights Reserved.
------------------------------------------------------------------------------------------------------------------------------------------------------------------------------------------------------------------------------
| Tool Version : Vivado v.2023.1 (win64) Build 3865809 Sun May  7 15:05:29 MDT 2023
| Date         : Mon Jul 27 14:51:56 2026
| Host         : DESKTOP-PU0AECA running 64-bit major release  (build 9200)
| Command      : report_timing_summary -report_unconstrained -check_timing_verbose -file C:/Users/user/Documents/RF_COMM_MULTILANE_P9/evidence/generated/vivado/p9_z7010_candidate/post_route_timing_summary_p9_candidate.rpt
| Design       : p9_ps_system_wrapper
| Device       : 7z010-clg400
| Speed File   : -1  PRODUCTION 1.12 2019-11-22
| Design State : Routed
------------------------------------------------------------------------------------------------------------------------------------------------------------------------------------------------------------------------------

Timing Summary Report

------------------------------------------------------------------------------------------------
| Timer Settings
| --------------
------------------------------------------------------------------------------------------------

  Enable Multi Corner Analysis               :  Yes
  Enable Pessimism Removal                   :  Yes
  Pessimism Removal Resolution               :  Nearest Common Node
  Enable Input Delay Default Clock           :  No
  Enable Preset / Clear Arcs                 :  No
  Disable Flight Delays                      :  No
  Ignore I/O Paths                           :  No
  Timing Early Launch at Borrowing Latches   :  No
  Borrow Time for Max Delay Exceptions       :  Yes
  Merge Timing Exceptions                    :  Yes

  Corner  Analyze    Analyze    
  Name    Max Paths  Min Paths  
  ------  ---------  ---------  
  Slow    Yes        Yes        
  Fast    Yes        Yes        


------------------------------------------------------------------------------------------------
| Report Methodology
| ------------------
------------------------------------------------------------------------------------------------

Rule       Severity  Description                                      Violations  
---------  --------  -----------------------------------------------  ----------  
LUTAR-1    Warning   LUT drives async reset alert                     4           
PDRC-190   Warning   Suboptimally placed synchronized register chain  32          
TIMING-9   Warning   Unknown CDC Logic                                1           
TIMING-18  Warning   Missing input or output delay                    12          
ULMTCS-1   Warning   Control Sets use limits recommend reduction      1           

Note: This report is based on the most recent report_methodology run and may not be up-to-date. Run report_methodology on the current design for the latest report.



check_timing report

Table of Contents
-----------------
1. checking no_clock (0)
2. checking constant_clock (0)
3. checking pulse_width_clock (0)
4. checking unconstrained_internal_endpoints (0)
5. checking no_input_delay (4)
6. checking no_output_delay (8)
7. checking multiple_clock (0)
8. checking generated_clocks (0)
9. checking loops (0)
10. checking partial_input_delay (0)
11. checking partial_output_delay (0)
12. checking latch_loops (0)

1. checking no_clock (0)
------------------------
 There are 0 register/latch pins with no clock.


2. checking constant_clock (0)
------------------------------
 There are 0 register/latch pins with constant_clock.


3. checking pulse_width_clock (0)
---------------------------------
 There are 0 register/latch pins which need pulse_width check


4. checking unconstrained_internal_endpoints (0)
------------------------------------------------
 There are 0 pins that are not constrained for maximum delay.

 There are 0 pins that are not constrained for maximum delay due to constant clock.


5. checking no_input_delay (4)
------------------------------
 There are 4 input ports with no input delay specified. (HIGH)

ir_rx_in_0[0]
ir_rx_in_0[1]
loop_rx_b0[0]
loop_rx_b0[1]

 There are 0 input ports with no input delay but user has a false path constraint.


6. checking no_output_delay (8)
-------------------------------
 There are 8 ports with no output delay specified. (HIGH)

ir_sd_0[0]
ir_sd_0[1]
ir_tx_out_0[0]
ir_tx_out_0[1]
loop_sd_b0[0]
loop_sd_b0[1]
loop_tx_b0[0]
loop_tx_b0[1]

 There are 0 ports with no output delay but user has a false path constraint

 There are 0 ports with no output delay but with a timing clock defined on it or propagating through it


7. checking multiple_clock (0)
------------------------------
 There are 0 register/latch pins with multiple clocks.


8. checking generated_clocks (0)
--------------------------------
 There are 0 generated clocks that are not connected to a clock source.


9. checking loops (0)
---------------------
 There are 0 combinational loops in the design.


10. checking partial_input_delay (0)
------------------------------------
 There are 0 input ports with partial input delay specified.


11. checking partial_output_delay (0)
-------------------------------------
 There are 0 ports with partial output delay specified.


12. checking latch_loops (0)
----------------------------
 There are 0 combinational latch loops in the design through latch input



------------------------------------------------------------------------------------------------
| Design Timing Summary
| ---------------------
------------------------------------------------------------------------------------------------

    WNS(ns)      TNS(ns)  TNS Failing Endpoints  TNS Total Endpoints      WHS(ns)      THS(ns)  THS Failing Endpoints  THS Total Endpoints     WPWS(ns)     TPWS(ns)  TPWS Failing Endpoints  TPWS Total Endpoints  
    -------      -------  ---------------------  -------------------      -------      -------  ---------------------  -------------------     --------     --------  ----------------------  --------------------  
      0.073        0.000                      0                45231        0.018        0.000                      0                45115        3.750        0.000                       0                 16365  


All user specified timing constraints are met.


------------------------------------------------------------------------------------------------
| Clock Summary
| -------------
------------------------------------------------------------------------------------------------

Clock       Waveform(ns)       Period(ns)      Frequency(MHz)
-----       ------------       ----------      --------------
clk_fpga_0  {0.000 7.812}      15.625          64.000          
clk_fpga_1  {0.000 5.000}      10.000          100.000         
clk_fpga_2  {0.000 10.000}     20.000          50.000          


------------------------------------------------------------------------------------------------
| Intra Clock Table
| -----------------
------------------------------------------------------------------------------------------------

Clock             WNS(ns)      TNS(ns)  TNS Failing Endpoints  TNS Total Endpoints      WHS(ns)      THS(ns)  THS Failing Endpoints  THS Total Endpoints     WPWS(ns)     TPWS(ns)  TPWS Failing Endpoints  TPWS Total Endpoints  
-----             -------      -------  ---------------------  -------------------      -------      -------  ---------------------  -------------------     --------     --------  ----------------------  --------------------  
clk_fpga_0          0.073        0.000                      0                25915        0.034        0.000                      0                25915        6.562        0.000                       0                  9424  
clk_fpga_1          0.576        0.000                      0                15036        0.018        0.000                      0                15036        3.750        0.000                       0                  5818  
clk_fpga_2          7.593        0.000                      0                 1985        0.050        0.000                      0                 1985        9.020        0.000                       0                  1123  


------------------------------------------------------------------------------------------------
| Inter Clock Table
| -----------------
------------------------------------------------------------------------------------------------

From Clock    To Clock          WNS(ns)      TNS(ns)  TNS Failing Endpoints  TNS Total Endpoints      WHS(ns)      THS(ns)  THS Failing Endpoints  THS Total Endpoints  
----------    --------          -------      -------  ---------------------  -------------------      -------      -------  ---------------------  -------------------  
clk_fpga_1    clk_fpga_0          8.140        0.000                      0                   10                                                                        
clk_fpga_2    clk_fpga_0         44.272        0.000                      0                   60                                                                        
clk_fpga_0    clk_fpga_1         13.489        0.000                      0                   10                                                                        
clk_fpga_0    clk_fpga_2         57.156        0.000                      0                   36                                                                        


------------------------------------------------------------------------------------------------
| Other Path Groups Table
| -----------------------
------------------------------------------------------------------------------------------------

Path Group         From Clock         To Clock               WNS(ns)      TNS(ns)  TNS Failing Endpoints  TNS Total Endpoints      WHS(ns)      THS(ns)  THS Failing Endpoints  THS Total Endpoints  
----------         ----------         --------               -------      -------  ---------------------  -------------------      -------      -------  ---------------------  -------------------  
**async_default**  clk_fpga_0         clk_fpga_0               4.738        0.000                      0                 2083        0.859        0.000                      0                 2083  
**async_default**  clk_fpga_1         clk_fpga_1               2.548        0.000                      0                   96        0.570        0.000                      0                   96  


------------------------------------------------------------------------------------------------
| User Ignored Path Table
| -----------------------
------------------------------------------------------------------------------------------------

Path Group    From Clock    To Clock    
----------    ----------    --------    
(none)                      clk_fpga_0    
(none)        clk_fpga_1    clk_fpga_0    
(none)        clk_fpga_2    clk_fpga_0    
(none)                      clk_fpga_1    
(none)        clk_fpga_0    clk_fpga_1    
(none)        clk_fpga_1    clk_fpga_1    
(none)        clk_fpga_2    clk_fpga_1    
(none)                      clk_fpga_2    
(none)        clk_fpga_0    clk_fpga_2    
(none)        clk_fpga_1    clk_fpga_2    
(none)        clk_fpga_2    clk_fpga_2    


------------------------------------------------------------------------------------------------
| Unconstrained Path Table
| ------------------------
------------------------------------------------------------------------------------------------

Path Group    From Clock    To Clock    
----------    ----------    --------    
(none)        clk_fpga_0                  
(none)                      clk_fpga_0    


------------------------------------------------------------------------------------------------
| Timing Details
| --------------
------------------------------------------------------------------------------------------------


---------------------------------------------------------------------------------------------------
From Clock:  clk_fpga_0
  To Clock:  clk_fpga_0

Setup :            0  Failing Endpoints,  Worst Slack        0.073ns,  Total Violation        0.000ns
Hold  :            0  Failing Endpoints,  Worst Slack        0.034ns,  Total Violation        0.000ns
PW    :            0  Failing Endpoints,  Worst Slack        6.562ns,  Total Violation        0.000ns
---------------------------------------------------------------------------------------------------


Max Delay Paths
--------------------------------------------------------------------------------------
Slack (MET) :             0.073ns  (required time - arrival time)
  Source:                 p9_ps_system_i/p9_peripheral_0/inst/impl/u_transport/u_data_plane/u_tx_window/ack_scan_count_reg[1]/C
                            (rising edge-triggered cell FDRE clocked by clk_fpga_0  {rise@0.000ns fall@7.813ns period=15.625ns})
  Destination:            p9_ps_system_i/p9_peripheral_0/inst/impl/u_transport/u_data_plane/u_tx_window/outstanding_high_watermark_o_reg[0]/CE
                            (rising edge-triggered cell FDRE clocked by clk_fpga_0  {rise@0.000ns fall@7.813ns period=15.625ns})
  Path Group:             clk_fpga_0
  Path Type:              Setup (Max at Slow Process Corner)
  Requirement:            15.625ns  (clk_fpga_0 rise@15.625ns - clk_fpga_0 rise@0.000ns)
  Data Path Delay:        14.966ns  (logic 6.148ns (41.079%)  route 8.818ns (58.921%))
  Logic Levels:           23  (CARRY4=13 LUT1=1 LUT2=2 LUT3=1 LUT4=2 LUT5=1 LUT6=2 RAMD32=1)
  Clock Path Skew:        -0.143ns (DCD - SCD + CPR)
    Destination Clock Delay (DCD):    2.685ns = ( 18.310 - 15.625 ) 
    Source Clock Delay      (SCD):    2.958ns
    Clock Pessimism Removal (CPR):    0.130ns
  Clock Uncertainty:      0.237ns  ((TSJ^2 + TIJ^2)^1/2 + DJ) / 2 + PE
    Total System Jitter     (TSJ):    0.071ns
    Total Input Jitter      (TIJ):    0.469ns
    Discrete Jitter          (DJ):    0.000ns
    Phase Error              (PE):    0.000ns

    Location             Delay type                Incr(ns)  Path(ns)    Netlist Resource(s)
  -------------------------------------------------------------------    -------------------
                         (clock clk_fpga_0 rise edge)
                                                      0.000     0.000 r  
    PS7_X0Y0             PS7                          0.000     0.000 r  p9_ps_system_i/processing_system7_0/inst/PS7_i/FCLKCLK[0]
                         net (fo=1, routed)           1.207     1.207    p9_ps_system_i/processing_system7_0/inst/FCLK_CLK_unbuffered[0]
    BUFGCTRL_X0Y2        BUFG (Prop_bufg_I_O)         0.101     1.308 r  p9_ps_system_i/processing_system7_0/inst/buffer_fclk_clk_0.FCLK_CLK_0_BUFG/O
                         net (fo=9423, routed)        1.650     2.958    p9_ps_system_i/p9_peripheral_0/inst/impl/u_transport/u_data_plane/u_tx_window/s_axi_aclk
    SLICE_X30Y79         FDRE                                         r  p9_ps_system_i/p9_peripheral_0/inst/impl/u_transport/u_data_plane/u_tx_window/ack_scan_count_reg[1]/C
  -------------------------------------------------------------------    -------------------
    SLICE_X30Y79         FDRE (Prop_fdre_C_Q)         0.478     3.436 r  p9_ps_system_i/p9_peripheral_0/inst/impl/u_transport/u_data_plane/u_tx_window/ack_scan_count_reg[1]/Q
                         net (fo=131, routed)         1.193     4.629    p9_ps_system_i/p9_peripheral_0/inst/impl/u_transport/u_data_plane/u_tx_window/entry_sequence_reg_r2_0_31_0_5/ADDRC1
    SLICE_X30Y80         RAMD32 (Prop_ramd32_RADR1_O)
                                                      0.330     4.959 r  p9_ps_system_i/p9_peripheral_0/inst/impl/u_transport/u_data_plane/u_tx_window/entry_sequence_reg_r2_0_31_0_5/RAMC/O
                         net (fo=6, routed)           0.862     5.821    p9_ps_system_i/p9_peripheral_0/inst/impl/u_transport/u_data_plane/u_tx_window/seq_value[4]
    SLICE_X26Y78         LUT2 (Prop_lut2_I0_O)        0.331     6.152 r  p9_ps_system_i/p9_peripheral_0/inst/impl/u_transport/u_data_plane/u_tx_window/i___213/O
                         net (fo=1, routed)           0.000     6.152    p9_ps_system_i/p9_peripheral_0/inst/impl/u_transport/u_data_plane/u_tx_window/i___213_n_0
    SLICE_X26Y78         CARRY4 (Prop_carry4_S[0]_CO[3])
                                                      0.532     6.684 r  p9_ps_system_i/p9_peripheral_0/inst/impl/u_transport/u_data_plane/u_tx_window/i___60_i_198/CO[3]
                         net (fo=1, routed)           0.000     6.684    p9_ps_system_i/p9_peripheral_0/inst/impl/u_transport/u_data_plane/u_tx_window/i___60_i_198_n_0
    SLICE_X26Y79         CARRY4 (Prop_carry4_CI_CO[3])
                                                      0.114     6.798 r  p9_ps_system_i/p9_peripheral_0/inst/impl/u_transport/u_data_plane/u_tx_window/i___60_i_132/CO[3]
                         net (fo=1, routed)           0.000     6.798    p9_ps_system_i/p9_peripheral_0/inst/impl/u_transport/u_data_plane/u_tx_window/i___60_i_132_n_0
    SLICE_X26Y80         CARRY4 (Prop_carry4_CI_O[3])
                                                      0.313     7.111 r  p9_ps_system_i/p9_peripheral_0/inst/impl/u_transport/u_data_plane/u_tx_window/i___60_i_131/O[3]
                         net (fo=2, routed)           0.889     8.000    p9_ps_system_i/p9_peripheral_0/inst/impl/u_transport/u_data_plane/u_tx_window/seq_distance_return4_out[15]
    SLICE_X26Y82         LUT4 (Prop_lut4_I0_O)        0.306     8.306 r  p9_ps_system_i/p9_peripheral_0/inst/impl/u_transport/u_data_plane/u_tx_window/i___60_i_71/O
                         net (fo=1, routed)           0.000     8.306    p9_ps_system_i/p9_peripheral_0/inst/impl/u_transport/u_data_plane/u_tx_window/i___60_i_71_n_0
    SLICE_X26Y82         CARRY4 (Prop_carry4_S[3]_CO[3])
                                                      0.401     8.707 r  p9_ps_system_i/p9_peripheral_0/inst/impl/u_transport/u_data_plane/u_tx_window/i___60_i_32/CO[3]
                         net (fo=1, routed)           0.796     9.503    p9_ps_system_i/p9_peripheral_0/inst/impl/u_transport/u_data_plane/u_tx_window/ack_scan_in_snapshot
    SLICE_X32Y82         LUT6 (Prop_lut6_I2_O)        0.124     9.627 f  p9_ps_system_i/p9_peripheral_0/inst/impl/u_transport/u_data_plane/u_tx_window/i___60_i_11/O
                         net (fo=1, routed)           0.641    10.268    p9_ps_system_i/p9_peripheral_0/inst/impl/u_transport/u_data_plane/u_tx_window/i___60_i_11_n_0
    SLICE_X33Y81         LUT6 (Prop_lut6_I5_O)        0.124    10.392 r  p9_ps_system_i/p9_peripheral_0/inst/impl/u_transport/u_data_plane/u_tx_window/i___60_i_2/O
                         net (fo=86, routed)          1.221    11.613    p9_ps_system_i/p9_peripheral_0/inst/impl/u_transport/u_data_plane/u_tx_window/p_39_in
    SLICE_X14Y86         LUT3 (Prop_lut3_I2_O)        0.118    11.731 r  p9_ps_system_i/p9_peripheral_0/inst/impl/u_transport/u_data_plane/u_tx_window/i___40_i_3/O
                         net (fo=185, routed)         0.759    12.490    p9_ps_system_i/p9_peripheral_0/inst/impl/u_transport/u_data_plane/u_tx_window/i___40_i_3_n_0
    SLICE_X14Y85         LUT4 (Prop_lut4_I2_O)        0.326    12.816 r  p9_ps_system_i/p9_peripheral_0/inst/impl/u_transport/u_data_plane/u_tx_window/i___1_i_1/O
                         net (fo=5, routed)           0.741    13.557    p9_ps_system_i/p9_peripheral_0/inst/impl/u_transport/u_data_plane/u_tx_window/i___1_i_1_n_0
    SLICE_X15Y83         LUT2 (Prop_lut2_I1_O)        0.124    13.681 r  p9_ps_system_i/p9_peripheral_0/inst/impl/u_transport/u_data_plane/u_tx_window/i___235_i_2/O
                         net (fo=1, routed)           0.000    13.681    p9_ps_system_i/p9_peripheral_0/inst/impl/u_transport/u_data_plane/u_tx_window/i___235_i_2_n_0
    SLICE_X15Y83         CARRY4 (Prop_carry4_S[0]_CO[3])
                                                      0.532    14.213 r  p9_ps_system_i/p9_peripheral_0/inst/impl/u_transport/u_data_plane/u_tx_window/i___235_i_1/CO[3]
                         net (fo=1, routed)           0.000    14.213    p9_ps_system_i/p9_peripheral_0/inst/impl/u_transport/u_data_plane/u_tx_window/i___235_i_1_n_0
    SLICE_X15Y84         CARRY4 (Prop_carry4_CI_CO[3])
                                                      0.114    14.327 r  p9_ps_system_i/p9_peripheral_0/inst/impl/u_transport/u_data_plane/u_tx_window/i___233_i_1/CO[3]
                         net (fo=1, routed)           0.000    14.327    p9_ps_system_i/p9_peripheral_0/inst/impl/u_transport/u_data_plane/u_tx_window/i___233_i_1_n_0
    SLICE_X15Y85         CARRY4 (Prop_carry4_CI_CO[3])
                                                      0.114    14.441 r  p9_ps_system_i/p9_peripheral_0/inst/impl/u_transport/u_data_plane/u_tx_window/i___21_i_56/CO[3]
                         net (fo=1, routed)           0.000    14.441    p9_ps_system_i/p9_peripheral_0/inst/impl/u_transport/u_data_plane/u_tx_window/i___21_i_56_n_0
    SLICE_X15Y86         CARRY4 (Prop_carry4_CI_CO[3])
                                                      0.114    14.555 r  p9_ps_system_i/p9_peripheral_0/inst/impl/u_transport/u_data_plane/u_tx_window/i___21_i_48/CO[3]
                         net (fo=1, routed)           0.000    14.555    p9_ps_system_i/p9_peripheral_0/inst/impl/u_transport/u_data_plane/u_tx_window/i___21_i_48_n_0
    SLICE_X15Y87         CARRY4 (Prop_carry4_CI_CO[3])
                                                      0.114    14.669 r  p9_ps_system_i/p9_peripheral_0/inst/impl/u_transport/u_data_plane/u_tx_window/i___21_i_38/CO[3]
                         net (fo=1, routed)           0.000    14.669    p9_ps_system_i/p9_peripheral_0/inst/impl/u_transport/u_data_plane/u_tx_window/i___21_i_38_n_0
    SLICE_X15Y88         CARRY4 (Prop_carry4_CI_CO[3])
                                                      0.114    14.783 r  p9_ps_system_i/p9_peripheral_0/inst/impl/u_transport/u_data_plane/u_tx_window/i___21_i_28/CO[3]
                         net (fo=1, routed)           0.000    14.783    p9_ps_system_i/p9_peripheral_0/inst/impl/u_transport/u_data_plane/u_tx_window/i___21_i_28_n_0
    SLICE_X15Y89         CARRY4 (Prop_carry4_CI_CO[3])
                                                      0.114    14.897 r  p9_ps_system_i/p9_peripheral_0/inst/impl/u_transport/u_data_plane/u_tx_window/i___21_i_18/CO[3]
                         net (fo=1, routed)           0.000    14.897    p9_ps_system_i/p9_peripheral_0/inst/impl/u_transport/u_data_plane/u_tx_window/i___21_i_18_n_0
    SLICE_X15Y90         CARRY4 (Prop_carry4_CI_O[1])
                                                      0.334    15.231 f  p9_ps_system_i/p9_peripheral_0/inst/impl/u_transport/u_data_plane/u_tx_window/i___21_i_12/O[1]
                         net (fo=1, routed)           0.440    15.671    p9_ps_system_i/p9_peripheral_0/inst/impl/u_transport/u_data_plane/u_tx_window/i___21_i_12_n_6
    SLICE_X13Y90         LUT1 (Prop_lut1_I0_O)        0.303    15.974 r  p9_ps_system_i/p9_peripheral_0/inst/impl/u_transport/u_data_plane/u_tx_window/i___21_i_5/O
                         net (fo=1, routed)           0.000    15.974    p9_ps_system_i/p9_peripheral_0/inst/impl/u_transport/u_data_plane/u_tx_window/i___21_i_5_n_0
    SLICE_X13Y90         CARRY4 (Prop_carry4_S[1]_CO[3])
                                                      0.550    16.524 f  p9_ps_system_i/p9_peripheral_0/inst/impl/u_transport/u_data_plane/u_tx_window/i___21_i_1/CO[3]
                         net (fo=7, routed)           0.792    17.316    p9_ps_system_i/p9_peripheral_0/inst/impl/u_transport/u_data_plane/u_tx_window/i___21_i_1_n_0
    SLICE_X11Y88         LUT5 (Prop_lut5_I2_O)        0.124    17.440 r  p9_ps_system_i/p9_peripheral_0/inst/impl/u_transport/u_data_plane/u_tx_window/i___21/O
                         net (fo=6, routed)           0.484    17.924    p9_ps_system_i/p9_peripheral_0/inst/impl/u_transport/u_data_plane/u_tx_window/i___21_n_0
    SLICE_X11Y87         FDRE                                         r  p9_ps_system_i/p9_peripheral_0/inst/impl/u_transport/u_data_plane/u_tx_window/outstanding_high_watermark_o_reg[0]/CE
  -------------------------------------------------------------------    -------------------

                         (clock clk_fpga_0 rise edge)
                                                     15.625    15.625 r  
    PS7_X0Y0             PS7                          0.000    15.625 r  p9_ps_system_i/processing_system7_0/inst/PS7_i/FCLKCLK[0]
                         net (fo=1, routed)           1.101    16.726    p9_ps_system_i/processing_system7_0/inst/FCLK_CLK_unbuffered[0]
    BUFGCTRL_X0Y2        BUFG (Prop_bufg_I_O)         0.091    16.817 r  p9_ps_system_i/processing_system7_0/inst/buffer_fclk_clk_0.FCLK_CLK_0_BUFG/O
                         net (fo=9423, routed)        1.493    18.310    p9_ps_system_i/p9_peripheral_0/inst/impl/u_transport/u_data_plane/u_tx_window/s_axi_aclk
    SLICE_X11Y87         FDRE                                         r  p9_ps_system_i/p9_peripheral_0/inst/impl/u_transport/u_data_plane/u_tx_window/outstanding_high_watermark_o_reg[0]/C
                         clock pessimism              0.130    18.440    
                         clock uncertainty           -0.237    18.203    
    SLICE_X11Y87         FDRE (Setup_fdre_C_CE)      -0.205    17.998    p9_ps_system_i/p9_peripheral_0/inst/impl/u_transport/u_data_plane/u_tx_window/outstanding_high_watermark_o_reg[0]
  -------------------------------------------------------------------
                         required time                         17.998    
                         arrival time                         -17.924    
  -------------------------------------------------------------------
                         slack                                  0.073    





Min Delay Paths
--------------------------------------------------------------------------------------
Slack (MET) :             0.034ns  (arrival time - required time)
  Source:                 p9_ps_system_i/p9_peripheral_0/inst/impl/u_axi_lite/reg_wr_data_reg[23]/C
                            (rising edge-triggered cell FDCE clocked by clk_fpga_0  {rise@0.000ns fall@7.813ns period=15.625ns})
  Destination:            p9_ps_system_i/p9_peripheral_0/inst/impl/cfg_fault_flags_q_reg[23]/D
                            (rising edge-triggered cell FDRE clocked by clk_fpga_0  {rise@0.000ns fall@7.813ns period=15.625ns})
  Path Group:             clk_fpga_0
  Path Type:              Hold (Min at Fast Process Corner)
  Requirement:            0.000ns  (clk_fpga_0 rise@0.000ns - clk_fpga_0 rise@0.000ns)
  Data Path Delay:        0.368ns  (logic 0.141ns (38.354%)  route 0.227ns (61.646%))
  Logic Levels:           0  
  Clock Path Skew:        0.267ns (DCD - SCD - CPR)
    Destination Clock Delay (DCD):    1.200ns
    Source Clock Delay      (SCD):    0.899ns
    Clock Pessimism Removal (CPR):    0.034ns

    Location             Delay type                Incr(ns)  Path(ns)    Netlist Resource(s)
  -------------------------------------------------------------------    -------------------
                         (clock clk_fpga_0 rise edge)
                                                      0.000     0.000 r  
    PS7_X0Y0             PS7                          0.000     0.000 r  p9_ps_system_i/processing_system7_0/inst/PS7_i/FCLKCLK[0]
                         net (fo=1, routed)           0.315     0.315    p9_ps_system_i/processing_system7_0/inst/FCLK_CLK_unbuffered[0]
    BUFGCTRL_X0Y2        BUFG (Prop_bufg_I_O)         0.026     0.341 r  p9_ps_system_i/processing_system7_0/inst/buffer_fclk_clk_0.FCLK_CLK_0_BUFG/O
                         net (fo=9423, routed)        0.558     0.899    p9_ps_system_i/p9_peripheral_0/inst/impl/u_axi_lite/s_axi_aclk
    SLICE_X23Y56         FDCE                                         r  p9_ps_system_i/p9_peripheral_0/inst/impl/u_axi_lite/reg_wr_data_reg[23]/C
  -------------------------------------------------------------------    -------------------
    SLICE_X23Y56         FDCE (Prop_fdce_C_Q)         0.141     1.040 r  p9_ps_system_i/p9_peripheral_0/inst/impl/u_axi_lite/reg_wr_data_reg[23]/Q
                         net (fo=5, routed)           0.227     1.266    p9_ps_system_i/p9_peripheral_0/inst/impl/u_axi_lite_n_15
    SLICE_X18Y54         FDRE                                         r  p9_ps_system_i/p9_peripheral_0/inst/impl/cfg_fault_flags_q_reg[23]/D
  -------------------------------------------------------------------    -------------------

                         (clock clk_fpga_0 rise edge)
                                                      0.000     0.000 r  
    PS7_X0Y0             PS7                          0.000     0.000 r  p9_ps_system_i/processing_system7_0/inst/PS7_i/FCLKCLK[0]
                         net (fo=1, routed)           0.341     0.341    p9_ps_system_i/processing_system7_0/inst/FCLK_CLK_unbuffered[0]
    BUFGCTRL_X0Y2        BUFG (Prop_bufg_I_O)         0.029     0.370 r  p9_ps_system_i/processing_system7_0/inst/buffer_fclk_clk_0.FCLK_CLK_0_BUFG/O
                         net (fo=9423, routed)        0.830     1.200    p9_ps_system_i/p9_peripheral_0/inst/impl/s_axi_aclk
    SLICE_X18Y54         FDRE                                         r  p9_ps_system_i/p9_peripheral_0/inst/impl/cfg_fault_flags_q_reg[23]/C
                         clock pessimism             -0.034     1.166    
    SLICE_X18Y54         FDRE (Hold_fdre_C_D)         0.066     1.232    p9_ps_system_i/p9_peripheral_0/inst/impl/cfg_fault_flags_q_reg[23]
  -------------------------------------------------------------------
                         required time                         -1.232    
                         arrival time                           1.266    
  -------------------------------------------------------------------
                         slack                                  0.034    





Pulse Width Checks
--------------------------------------------------------------------------------------
Clock Name:         clk_fpga_0
Waveform(ns):       { 0.000 7.812 }
Period(ns):         15.625
Sources:            { p9_ps_system_i/processing_system7_0/inst/PS7_i/FCLKCLK[0] }

Check Type        Corner  Lib Pin             Reference Pin  Required(ns)  Actual(ns)  Slack(ns)  Location      Pin
Min Period        n/a     RAMB36E1/CLKARDCLK  n/a            3.363         15.625      12.262     RAMB36_X0Y7   p9_ps_system_i/p9_peripheral_0/inst/impl/u_transport/g_physical[0].u_a_phy/u_p8c_physical_safety/u_exact_duty_accountant/history_mem_reg_0/CLKARDCLK
Low Pulse Width   Slow    RAMD64E/CLK         n/a            1.250         7.812       6.562      SLICE_X34Y23  p9_ps_system_i/p9_peripheral_0/inst/impl/u_transport/output_stage_reg_r1_0_63_0_2/RAMA/CLK
High Pulse Width  Slow    RAMD64E/CLK         n/a            1.250         7.812       6.562      SLICE_X34Y23  p9_ps_system_i/p9_peripheral_0/inst/impl/u_transport/output_stage_reg_r1_0_63_0_2/RAMA/CLK



---------------------------------------------------------------------------------------------------
From Clock:  clk_fpga_1
  To Clock:  clk_fpga_1

Setup :            0  Failing Endpoints,  Worst Slack        0.576ns,  Total Violation        0.000ns
Hold  :            0  Failing Endpoints,  Worst Slack        0.018ns,  Total Violation        0.000ns
PW    :            0  Failing Endpoints,  Worst Slack        3.750ns,  Total Violation        0.000ns
---------------------------------------------------------------------------------------------------


Max Delay Paths
--------------------------------------------------------------------------------------
Slack (MET) :             0.576ns  (required time - arrival time)
  Source:                 p9_ps_system_i/processing_system7_0/inst/PS7_i/SAXIHP0ACLK
                            (rising edge-triggered cell PS7 clocked by clk_fpga_1  {rise@0.000ns fall@5.000ns period=10.000ns})
  Destination:            p9_ps_system_i/axi_dma_0/U0/GEN_SG_ENGINE.I_SG_ENGINE/I_SG_AXI_DATAMOVER/GEN_S2MM_BASIC.I_S2MM_BASIC_WRAPPER/I_WR_DATA_CNTL/sig_next_calc_error_reg_reg/R
                            (rising edge-triggered cell FDRE clocked by clk_fpga_1  {rise@0.000ns fall@5.000ns period=10.000ns})
  Path Group:             clk_fpga_1
  Path Type:              Setup (Max at Slow Process Corner)
  Requirement:            10.000ns  (clk_fpga_1 rise@10.000ns - clk_fpga_1 rise@0.000ns)
  Data Path Delay:        8.507ns  (logic 2.145ns (25.213%)  route 6.362ns (74.787%))
  Logic Levels:           7  (LUT2=2 LUT3=2 LUT5=1 LUT6=2)
  Clock Path Skew:        -0.334ns (DCD - SCD + CPR)
    Destination Clock Delay (DCD):    2.693ns = ( 12.693 - 10.000 ) 
    Source Clock Delay      (SCD):    3.156ns
    Clock Pessimism Removal (CPR):    0.130ns
  Clock Uncertainty:      0.154ns  ((TSJ^2 + TIJ^2)^1/2 + DJ) / 2 + PE
    Total System Jitter     (TSJ):    0.071ns
    Total Input Jitter      (TIJ):    0.300ns
    Discrete Jitter          (DJ):    0.000ns
    Phase Error              (PE):    0.000ns

    Location             Delay type                Incr(ns)  Path(ns)    Netlist Resource(s)
  -------------------------------------------------------------------    -------------------
                         (clock clk_fpga_1 rise edge)
                                                      0.000     0.000 r  
    PS7_X0Y0             PS7                          0.000     0.000 r  p9_ps_system_i/processing_system7_0/inst/PS7_i/FCLKCLK[1]
                         net (fo=1, routed)           1.207     1.207    p9_ps_system_i/processing_system7_0/inst/FCLK_CLK_unbuffered[1]
    BUFGCTRL_X0Y0        BUFG (Prop_bufg_I_O)         0.101     1.308 r  p9_ps_system_i/processing_system7_0/inst/buffer_fclk_clk_1.FCLK_CLK_1_BUFG/O
                         net (fo=5818, routed)        1.848     3.156    p9_ps_system_i/processing_system7_0/inst/S_AXI_HP0_ACLK
    PS7_X0Y0             PS7                                          r  p9_ps_system_i/processing_system7_0/inst/PS7_i/SAXIHP0ACLK
  -------------------------------------------------------------------    -------------------
    PS7_X0Y0             PS7 (Prop_ps7_SAXIHP0ACLK_SAXIHP0WREADY)
                                                      1.277     4.433 r  p9_ps_system_i/processing_system7_0/inst/PS7_i/SAXIHP0WREADY
                         net (fo=5, routed)           1.574     6.007    p9_ps_system_i/hp0_interconnect/m00_couplers/auto_pc/inst/gen_axi4_axi3.axi3_conv_inst/USE_WRITE.write_addr_inst/USE_BURSTS.cmd_queue/inst/m_axi_wready
    SLICE_X11Y17         LUT3 (Prop_lut3_I1_O)        0.124     6.131 r  p9_ps_system_i/hp0_interconnect/m00_couplers/auto_pc/inst/gen_axi4_axi3.axi3_conv_inst/USE_WRITE.write_addr_inst/USE_BURSTS.cmd_queue/inst/s_axi_wready_INST_0/O
                         net (fo=12, routed)          0.495     6.627    p9_ps_system_i/hp0_interconnect/xbar/inst/gen_samd.crossbar_samd/gen_master_slots[0].gen_mi_write.wdata_mux_w/gen_wmux.wmux_aw_fifo/m_axi_wready[0]
    SLICE_X10Y20         LUT6 (Prop_lut6_I0_O)        0.124     6.751 f  p9_ps_system_i/hp0_interconnect/xbar/inst/gen_samd.crossbar_samd/gen_master_slots[0].gen_mi_write.wdata_mux_w/gen_wmux.wmux_aw_fifo/s_axi_wready[2]_INST_0_i_1/O
                         net (fo=6, routed)           0.740     7.491    p9_ps_system_i/hp0_interconnect/xbar/inst/gen_samd.crossbar_samd/gen_slave_slots[2].gen_si_write.wdata_router_w/wrouter_aw_fifo/s_axi_wready[2]
    SLICE_X12Y18         LUT2 (Prop_lut2_I1_O)        0.124     7.615 r  p9_ps_system_i/hp0_interconnect/xbar/inst/gen_samd.crossbar_samd/gen_slave_slots[2].gen_si_write.wdata_router_w/wrouter_aw_fifo/s_axi_wready[2]_INST_0/O
                         net (fo=22, routed)          0.960     8.574    p9_ps_system_i/hp0_interconnect/s02_couplers/auto_us/inst/gen_upsizer.gen_full_upsizer.axi_upsizer_inst/USE_WRITE.write_addr_inst/GEN_CMD_QUEUE.cmd_queue/m_axi_wready
    SLICE_X20Y21         LUT3 (Prop_lut3_I1_O)        0.124     8.698 r  p9_ps_system_i/hp0_interconnect/s02_couplers/auto_us/inst/gen_upsizer.gen_full_upsizer.axi_upsizer_inst/USE_WRITE.write_addr_inst/GEN_CMD_QUEUE.cmd_queue/s_axi_wready_INST_0/O
                         net (fo=2, routed)           0.589     9.287    p9_ps_system_i/axi_dma_0/U0/GEN_SG_ENGINE.I_SG_ENGINE/I_SG_AXI_DATAMOVER/GEN_S2MM_BASIC.I_S2MM_BASIC_WRAPPER/I_WR_DATA_CNTL/m_axi_sg_wready
    SLICE_X25Y22         LUT2 (Prop_lut2_I1_O)        0.124     9.411 f  p9_ps_system_i/axi_dma_0/U0/GEN_SG_ENGINE.I_SG_ENGINE/I_SG_AXI_DATAMOVER/GEN_S2MM_BASIC.I_S2MM_BASIC_WRAPPER/I_WR_DATA_CNTL/sig_dbeat_cntr[7]_i_4/O
                         net (fo=2, routed)           0.390     9.801    p9_ps_system_i/axi_dma_0/U0/GEN_SG_ENGINE.I_SG_ENGINE/I_SG_AXI_DATAMOVER/GEN_S2MM_BASIC.I_S2MM_BASIC_WRAPPER/I_WR_DATA_CNTL/sig_dbeat_cntr[7]_i_4_n_0
    SLICE_X27Y22         LUT6 (Prop_lut6_I1_O)        0.124     9.925 f  p9_ps_system_i/axi_dma_0/U0/GEN_SG_ENGINE.I_SG_ENGINE/I_SG_AXI_DATAMOVER/GEN_S2MM_BASIC.I_S2MM_BASIC_WRAPPER/I_WR_DATA_CNTL/sig_dqual_reg_full_i_3/O
                         net (fo=4, routed)           0.508    10.433    p9_ps_system_i/axi_dma_0/U0/GEN_SG_ENGINE.I_SG_ENGINE/I_SG_AXI_DATAMOVER/GEN_S2MM_BASIC.I_S2MM_BASIC_WRAPPER/I_WR_DATA_CNTL/sig_dqual_reg_full_i_3_n_0
    SLICE_X28Y24         LUT5 (Prop_lut5_I0_O)        0.124    10.557 r  p9_ps_system_i/axi_dma_0/U0/GEN_SG_ENGINE.I_SG_ENGINE/I_SG_AXI_DATAMOVER/GEN_S2MM_BASIC.I_S2MM_BASIC_WRAPPER/I_WR_DATA_CNTL/sig_dqual_reg_full_i_1/O
                         net (fo=3, routed)           1.106    11.664    p9_ps_system_i/axi_dma_0/U0/GEN_SG_ENGINE.I_SG_ENGINE/I_SG_AXI_DATAMOVER/GEN_S2MM_BASIC.I_S2MM_BASIC_WRAPPER/I_WR_DATA_CNTL/sig_clr_dqual_reg
    SLICE_X29Y47         FDRE                                         r  p9_ps_system_i/axi_dma_0/U0/GEN_SG_ENGINE.I_SG_ENGINE/I_SG_AXI_DATAMOVER/GEN_S2MM_BASIC.I_S2MM_BASIC_WRAPPER/I_WR_DATA_CNTL/sig_next_calc_error_reg_reg/R
  -------------------------------------------------------------------    -------------------

                         (clock clk_fpga_1 rise edge)
                                                     10.000    10.000 r  
    PS7_X0Y0             PS7                          0.000    10.000 r  p9_ps_system_i/processing_system7_0/inst/PS7_i/FCLKCLK[1]
                         net (fo=1, routed)           1.101    11.101    p9_ps_system_i/processing_system7_0/inst/FCLK_CLK_unbuffered[1]
    BUFGCTRL_X0Y0        BUFG (Prop_bufg_I_O)         0.091    11.192 r  p9_ps_system_i/processing_system7_0/inst/buffer_fclk_clk_1.FCLK_CLK_1_BUFG/O
                         net (fo=5818, routed)        1.500    12.692    p9_ps_system_i/axi_dma_0/U0/GEN_SG_ENGINE.I_SG_ENGINE/I_SG_AXI_DATAMOVER/GEN_S2MM_BASIC.I_S2MM_BASIC_WRAPPER/I_WR_DATA_CNTL/m_axi_sg_aclk
    SLICE_X29Y47         FDRE                                         r  p9_ps_system_i/axi_dma_0/U0/GEN_SG_ENGINE.I_SG_ENGINE/I_SG_AXI_DATAMOVER/GEN_S2MM_BASIC.I_S2MM_BASIC_WRAPPER/I_WR_DATA_CNTL/sig_next_calc_error_reg_reg/C
                         clock pessimism              0.130    12.822    
                         clock uncertainty           -0.154    12.668    
    SLICE_X29Y47         FDRE (Setup_fdre_C_R)       -0.429    12.239    p9_ps_system_i/axi_dma_0/U0/GEN_SG_ENGINE.I_SG_ENGINE/I_SG_AXI_DATAMOVER/GEN_S2MM_BASIC.I_S2MM_BASIC_WRAPPER/I_WR_DATA_CNTL/sig_next_calc_error_reg_reg
  -------------------------------------------------------------------
                         required time                         12.239    
                         arrival time                         -11.664    
  -------------------------------------------------------------------
                         slack                                  0.576    





Min Delay Paths
--------------------------------------------------------------------------------------
Slack (MET) :             0.018ns  (arrival time - required time)
  Source:                 p9_ps_system_i/axi_dma_0/U0/GEN_SG_ENGINE.I_SG_ENGINE/I_SG_FETCH_QUEUE/GEN_QUEUE.FTCH_QUEUE_I/GEN_MM2S.reg1_reg[33]/C
                            (rising edge-triggered cell FDRE clocked by clk_fpga_1  {rise@0.000ns fall@5.000ns period=10.000ns})
  Destination:            p9_ps_system_i/axi_dma_0/U0/GEN_SG_ENGINE.I_SG_ENGINE/I_SG_FETCH_QUEUE/GEN_QUEUE.FTCH_QUEUE_I/GEN_MM2S.queue_dout_new_reg[33]/D
                            (rising edge-triggered cell FDRE clocked by clk_fpga_1  {rise@0.000ns fall@5.000ns period=10.000ns})
  Path Group:             clk_fpga_1
  Path Type:              Hold (Min at Fast Process Corner)
  Requirement:            0.000ns  (clk_fpga_1 rise@0.000ns - clk_fpga_1 rise@0.000ns)
  Data Path Delay:        0.354ns  (logic 0.141ns (39.795%)  route 0.213ns (60.205%))
  Logic Levels:           0  
  Clock Path Skew:        0.266ns (DCD - SCD - CPR)
    Destination Clock Delay (DCD):    1.201ns
    Source Clock Delay      (SCD):    0.901ns
    Clock Pessimism Removal (CPR):    0.034ns

    Location             Delay type                Incr(ns)  Path(ns)    Netlist Resource(s)
  -------------------------------------------------------------------    -------------------
                         (clock clk_fpga_1 rise edge)
                                                      0.000     0.000 r  
    PS7_X0Y0             PS7                          0.000     0.000 r  p9_ps_system_i/processing_system7_0/inst/PS7_i/FCLKCLK[1]
                         net (fo=1, routed)           0.315     0.315    p9_ps_system_i/processing_system7_0/inst/FCLK_CLK_unbuffered[1]
    BUFGCTRL_X0Y0        BUFG (Prop_bufg_I_O)         0.026     0.341 r  p9_ps_system_i/processing_system7_0/inst/buffer_fclk_clk_1.FCLK_CLK_1_BUFG/O
                         net (fo=5818, routed)        0.560     0.901    p9_ps_system_i/axi_dma_0/U0/GEN_SG_ENGINE.I_SG_ENGINE/I_SG_FETCH_QUEUE/GEN_QUEUE.FTCH_QUEUE_I/m_axi_sg_aclk
    SLICE_X23Y3          FDRE                                         r  p9_ps_system_i/axi_dma_0/U0/GEN_SG_ENGINE.I_SG_ENGINE/I_SG_FETCH_QUEUE/GEN_QUEUE.FTCH_QUEUE_I/GEN_MM2S.reg1_reg[33]/C
  -------------------------------------------------------------------    -------------------
    SLICE_X23Y3          FDRE (Prop_fdre_C_Q)         0.141     1.042 r  p9_ps_system_i/axi_dma_0/U0/GEN_SG_ENGINE.I_SG_ENGINE/I_SG_FETCH_QUEUE/GEN_QUEUE.FTCH_QUEUE_I/GEN_MM2S.reg1_reg[33]/Q
                         net (fo=1, routed)           0.213     1.255    p9_ps_system_i/axi_dma_0/U0/GEN_SG_ENGINE.I_SG_ENGINE/I_SG_FETCH_QUEUE/GEN_QUEUE.FTCH_QUEUE_I/reg1[33]
    SLICE_X19Y6          FDRE                                         r  p9_ps_system_i/axi_dma_0/U0/GEN_SG_ENGINE.I_SG_ENGINE/I_SG_FETCH_QUEUE/GEN_QUEUE.FTCH_QUEUE_I/GEN_MM2S.queue_dout_new_reg[33]/D
  -------------------------------------------------------------------    -------------------

                         (clock clk_fpga_1 rise edge)
                                                      0.000     0.000 r  
    PS7_X0Y0             PS7                          0.000     0.000 r  p9_ps_system_i/processing_system7_0/inst/PS7_i/FCLKCLK[1]
                         net (fo=1, routed)           0.341     0.341    p9_ps_system_i/processing_system7_0/inst/FCLK_CLK_unbuffered[1]
    BUFGCTRL_X0Y0        BUFG (Prop_bufg_I_O)         0.029     0.370 r  p9_ps_system_i/processing_system7_0/inst/buffer_fclk_clk_1.FCLK_CLK_1_BUFG/O
                         net (fo=5818, routed)        0.831     1.201    p9_ps_system_i/axi_dma_0/U0/GEN_SG_ENGINE.I_SG_ENGINE/I_SG_FETCH_QUEUE/GEN_QUEUE.FTCH_QUEUE_I/m_axi_sg_aclk
    SLICE_X19Y6          FDRE                                         r  p9_ps_system_i/axi_dma_0/U0/GEN_SG_ENGINE.I_SG_ENGINE/I_SG_FETCH_QUEUE/GEN_QUEUE.FTCH_QUEUE_I/GEN_MM2S.queue_dout_new_reg[33]/C
                         clock pessimism             -0.034     1.167    
    SLICE_X19Y6          FDRE (Hold_fdre_C_D)         0.070     1.237    p9_ps_system_i/axi_dma_0/U0/GEN_SG_ENGINE.I_SG_ENGINE/I_SG_FETCH_QUEUE/GEN_QUEUE.FTCH_QUEUE_I/GEN_MM2S.queue_dout_new_reg[33]
  -------------------------------------------------------------------
                         required time                         -1.237    
                         arrival time                           1.255    
  -------------------------------------------------------------------
                         slack                                  0.018    





Pulse Width Checks
--------------------------------------------------------------------------------------
Clock Name:         clk_fpga_1
Waveform(ns):       { 0.000 5.000 }
Period(ns):         10.000
Sources:            { p9_ps_system_i/processing_system7_0/inst/PS7_i/FCLKCLK[1] }

Check Type        Corner  Lib Pin             Reference Pin  Required(ns)  Actual(ns)  Slack(ns)  Location     Pin
Min Period        n/a     RAMB36E1/CLKARDCLK  n/a            2.576         10.000      7.424      RAMB36_X1Y0  p9_ps_system_i/axi_dma_0/U0/I_PRMRY_DATAMOVER/GEN_MM2S_FULL.I_MM2S_FULL_WRAPPER/GEN_INCLUDE_MM2S_SF.I_RD_SF/I_DATA_FIFO/BLK_MEM.I_SYNC_FIFOGEN_FIFO/xpm_fifo_instance.xpm_fifo_sync_inst/xpm_fifo_base_inst/gen_sdpram.xpm_memory_base_inst/gen_wr_a.gen_word_narrow.mem_reg/CLKARDCLK
Low Pulse Width   Slow    RAMD32/CLK          n/a            1.250         5.000       3.750      SLICE_X38Y4  p9_ps_system_i/axi_dma_0/U0/I_PRMRY_DATAMOVER/GEN_S2MM_FULL.I_S2MM_FULL_WRAPPER/GEN_ENABLE_INDET_BTT_SF.I_INDET_BTT/I_XD_FIFO/NON_BLK_MEM.I_SYNC_FIFOGEN_FIFO/xpm_fifo_instance.xpm_fifo_sync_inst/xpm_fifo_base_inst/gen_sdpram.xpm_memory_base_inst/gen_wr_a.gen_word_narrow.mem_reg_0_15_0_5/RAMA/CLK
High Pulse Width  Slow    RAMD32/CLK          n/a            1.250         5.000       3.750      SLICE_X38Y4  p9_ps_system_i/axi_dma_0/U0/I_PRMRY_DATAMOVER/GEN_S2MM_FULL.I_S2MM_FULL_WRAPPER/GEN_ENABLE_INDET_BTT_SF.I_INDET_BTT/I_XD_FIFO/NON_BLK_MEM.I_SYNC_FIFOGEN_FIFO/xpm_fifo_instance.xpm_fifo_sync_inst/xpm_fifo_base_inst/gen_sdpram.xpm_memory_base_inst/gen_wr_a.gen_word_narrow.mem_reg_0_15_0_5/RAMA/CLK



---------------------------------------------------------------------------------------------------
From Clock:  clk_fpga_2
  To Clock:  clk_fpga_2

Setup :            0  Failing Endpoints,  Worst Slack        7.593ns,  Total Violation        0.000ns
Hold  :            0  Failing Endpoints,  Worst Slack        0.050ns,  Total Violation        0.000ns
PW    :            0  Failing Endpoints,  Worst Slack        9.020ns,  Total Violation        0.000ns
---------------------------------------------------------------------------------------------------


Max Delay Paths
--------------------------------------------------------------------------------------
Slack (MET) :             7.593ns  (required time - arrival time)
  Source:                 p9_ps_system_i/gp0_interconnect/s00_couplers/auto_pc/inst/gen_axilite.gen_b2s_conv.axilite_b2s/RD.ar_channel_0/ar_cmd_fsm_0/FSM_sequential_state_reg[0]/C
                            (rising edge-triggered cell FDSE clocked by clk_fpga_2  {rise@0.000ns fall@10.000ns period=20.000ns})
  Destination:            p9_ps_system_i/gp0_interconnect/s00_couplers/auto_pc/inst/gen_axilite.gen_b2s_conv.axilite_b2s/RD.ar_channel_0/cmd_translator_0/s_axburst_eq0_reg/D
                            (rising edge-triggered cell FDRE clocked by clk_fpga_2  {rise@0.000ns fall@10.000ns period=20.000ns})
  Path Group:             clk_fpga_2
  Path Type:              Setup (Max at Slow Process Corner)
  Requirement:            20.000ns  (clk_fpga_2 rise@20.000ns - clk_fpga_2 rise@0.000ns)
  Data Path Delay:        11.975ns  (logic 1.185ns (9.896%)  route 10.790ns (90.104%))
  Logic Levels:           4  (LUT3=1 LUT4=2 LUT5=1)
  Clock Path Skew:        -0.161ns (DCD - SCD + CPR)
    Destination Clock Delay (DCD):    2.689ns = ( 22.689 - 20.000 ) 
    Source Clock Delay      (SCD):    2.966ns
    Clock Pessimism Removal (CPR):    0.116ns
  Clock Uncertainty:      0.302ns  ((TSJ^2 + TIJ^2)^1/2 + DJ) / 2 + PE
    Total System Jitter     (TSJ):    0.071ns
    Total Input Jitter      (TIJ):    0.600ns
    Discrete Jitter          (DJ):    0.000ns
    Phase Error              (PE):    0.000ns

    Location             Delay type                Incr(ns)  Path(ns)    Netlist Resource(s)
  -------------------------------------------------------------------    -------------------
                         (clock clk_fpga_2 rise edge)
                                                      0.000     0.000 r  
    PS7_X0Y0             PS7                          0.000     0.000 r  p9_ps_system_i/processing_system7_0/inst/PS7_i/FCLKCLK[2]
                         net (fo=1, routed)           1.207     1.207    p9_ps_system_i/processing_system7_0/inst/FCLK_CLK_unbuffered[2]
    BUFGCTRL_X0Y1        BUFG (Prop_bufg_I_O)         0.101     1.308 r  p9_ps_system_i/processing_system7_0/inst/buffer_fclk_clk_2.FCLK_CLK_2_BUFG/O
                         net (fo=1123, routed)        1.658     2.966    p9_ps_system_i/gp0_interconnect/s00_couplers/auto_pc/inst/gen_axilite.gen_b2s_conv.axilite_b2s/RD.ar_channel_0/ar_cmd_fsm_0/aclk
    SLICE_X25Y54         FDSE                                         r  p9_ps_system_i/gp0_interconnect/s00_couplers/auto_pc/inst/gen_axilite.gen_b2s_conv.axilite_b2s/RD.ar_channel_0/ar_cmd_fsm_0/FSM_sequential_state_reg[0]/C
  -------------------------------------------------------------------    -------------------
    SLICE_X25Y54         FDSE (Prop_fdse_C_Q)         0.456     3.422 f  p9_ps_system_i/gp0_interconnect/s00_couplers/auto_pc/inst/gen_axilite.gen_b2s_conv.axilite_b2s/RD.ar_channel_0/ar_cmd_fsm_0/FSM_sequential_state_reg[0]/Q
                         net (fo=29, routed)          4.581     8.003    p9_ps_system_i/gp0_interconnect/s00_couplers/auto_pc/inst/gen_axilite.gen_b2s_conv.axilite_b2s/RD.ar_channel_0/ar_cmd_fsm_0/Q[0]
    SLICE_X25Y27         LUT3 (Prop_lut3_I1_O)        0.154     8.157 r  p9_ps_system_i/gp0_interconnect/s00_couplers/auto_pc/inst/gen_axilite.gen_b2s_conv.axilite_b2s/RD.ar_channel_0/ar_cmd_fsm_0/axlen_cnt[2]_i_2__0/O
                         net (fo=15, routed)          3.055    11.212    p9_ps_system_i/gp0_interconnect/s00_couplers/auto_pc/inst/gen_axilite.gen_b2s_conv.axilite_b2s/RD.ar_channel_0/cmd_translator_0/wrap_cmd_0/axlen_cnt_reg[1]_0
    SLICE_X4Y18          LUT5 (Prop_lut5_I0_O)        0.327    11.539 r  p9_ps_system_i/gp0_interconnect/s00_couplers/auto_pc/inst/gen_axilite.gen_b2s_conv.axilite_b2s/RD.ar_channel_0/cmd_translator_0/wrap_cmd_0/axlen_cnt[3]_i_2__1/O
                         net (fo=5, routed)           1.990    13.529    p9_ps_system_i/gp0_interconnect/s00_couplers/auto_pc/inst/gen_axilite.gen_b2s_conv.axilite_b2s/RD.ar_channel_0/cmd_translator_0/wrap_cmd_0/axlen_cnt[3]_i_2__1_n_0
    SLICE_X17Y33         LUT4 (Prop_lut4_I0_O)        0.124    13.653 r  p9_ps_system_i/gp0_interconnect/s00_couplers/auto_pc/inst/gen_axilite.gen_b2s_conv.axilite_b2s/RD.ar_channel_0/cmd_translator_0/wrap_cmd_0/next_pending_r_i_1__2/O
                         net (fo=3, routed)           1.164    14.817    p9_ps_system_i/gp0_interconnect/s00_couplers/auto_pc/inst/gen_axilite.gen_b2s_conv.axilite_b2s/RD.ar_channel_0/cmd_translator_0/wrap_cmd_0/wrap_next_pending
    SLICE_X11Y31         LUT4 (Prop_lut4_I0_O)        0.124    14.941 r  p9_ps_system_i/gp0_interconnect/s00_couplers/auto_pc/inst/gen_axilite.gen_b2s_conv.axilite_b2s/RD.ar_channel_0/cmd_translator_0/wrap_cmd_0/s_axburst_eq0_i_1__0/O
                         net (fo=1, routed)           0.000    14.941    p9_ps_system_i/gp0_interconnect/s00_couplers/auto_pc/inst/gen_axilite.gen_b2s_conv.axilite_b2s/RD.ar_channel_0/cmd_translator_0/wrap_cmd_0_n_25
    SLICE_X11Y31         FDRE                                         r  p9_ps_system_i/gp0_interconnect/s00_couplers/auto_pc/inst/gen_axilite.gen_b2s_conv.axilite_b2s/RD.ar_channel_0/cmd_translator_0/s_axburst_eq0_reg/D
  -------------------------------------------------------------------    -------------------

                         (clock clk_fpga_2 rise edge)
                                                     20.000    20.000 r  
    PS7_X0Y0             PS7                          0.000    20.000 r  p9_ps_system_i/processing_system7_0/inst/PS7_i/FCLKCLK[2]
                         net (fo=1, routed)           1.101    21.101    p9_ps_system_i/processing_system7_0/inst/FCLK_CLK_unbuffered[2]
    BUFGCTRL_X0Y1        BUFG (Prop_bufg_I_O)         0.091    21.192 r  p9_ps_system_i/processing_system7_0/inst/buffer_fclk_clk_2.FCLK_CLK_2_BUFG/O
                         net (fo=1123, routed)        1.497    22.690    p9_ps_system_i/gp0_interconnect/s00_couplers/auto_pc/inst/gen_axilite.gen_b2s_conv.axilite_b2s/RD.ar_channel_0/cmd_translator_0/aclk
    SLICE_X11Y31         FDRE                                         r  p9_ps_system_i/gp0_interconnect/s00_couplers/auto_pc/inst/gen_axilite.gen_b2s_conv.axilite_b2s/RD.ar_channel_0/cmd_translator_0/s_axburst_eq0_reg/C
                         clock pessimism              0.116    22.805    
                         clock uncertainty           -0.302    22.503    
    SLICE_X11Y31         FDRE (Setup_fdre_C_D)        0.031    22.534    p9_ps_system_i/gp0_interconnect/s00_couplers/auto_pc/inst/gen_axilite.gen_b2s_conv.axilite_b2s/RD.ar_channel_0/cmd_translator_0/s_axburst_eq0_reg
  -------------------------------------------------------------------
                         required time                         22.534    
                         arrival time                         -14.941    
  -------------------------------------------------------------------
                         slack                                  7.593    





Min Delay Paths
--------------------------------------------------------------------------------------
Slack (MET) :             0.050ns  (arrival time - required time)
  Source:                 p9_ps_system_i/gp0_interconnect/s00_couplers/auto_pc/inst/gen_axilite.gen_b2s_conv.axilite_b2s/SI_REG/aw.aw_pipe/skid_buffer_reg[8]/C
                            (rising edge-triggered cell FDRE clocked by clk_fpga_2  {rise@0.000ns fall@10.000ns period=20.000ns})
  Destination:            p9_ps_system_i/gp0_interconnect/s00_couplers/auto_pc/inst/gen_axilite.gen_b2s_conv.axilite_b2s/SI_REG/aw.aw_pipe/m_payload_i_reg[8]/D
                            (rising edge-triggered cell FDRE clocked by clk_fpga_2  {rise@0.000ns fall@10.000ns period=20.000ns})
  Path Group:             clk_fpga_2
  Path Type:              Hold (Min at Fast Process Corner)
  Requirement:            0.000ns  (clk_fpga_2 rise@0.000ns - clk_fpga_2 rise@0.000ns)
  Data Path Delay:        0.451ns  (logic 0.190ns (42.165%)  route 0.261ns (57.835%))
  Logic Levels:           1  (LUT3=1)
  Clock Path Skew:        0.269ns (DCD - SCD - CPR)
    Destination Clock Delay (DCD):    1.204ns
    Source Clock Delay      (SCD):    0.906ns
    Clock Pessimism Removal (CPR):    0.029ns

    Location             Delay type                Incr(ns)  Path(ns)    Netlist Resource(s)
  -------------------------------------------------------------------    -------------------
                         (clock clk_fpga_2 rise edge)
                                                      0.000     0.000 r  
    PS7_X0Y0             PS7                          0.000     0.000 r  p9_ps_system_i/processing_system7_0/inst/PS7_i/FCLKCLK[2]
                         net (fo=1, routed)           0.315     0.315    p9_ps_system_i/processing_system7_0/inst/FCLK_CLK_unbuffered[2]
    BUFGCTRL_X0Y1        BUFG (Prop_bufg_I_O)         0.026     0.341 r  p9_ps_system_i/processing_system7_0/inst/buffer_fclk_clk_2.FCLK_CLK_2_BUFG/O
                         net (fo=1123, routed)        0.565     0.906    p9_ps_system_i/gp0_interconnect/s00_couplers/auto_pc/inst/gen_axilite.gen_b2s_conv.axilite_b2s/SI_REG/aw.aw_pipe/aclk
    SLICE_X9Y50          FDRE                                         r  p9_ps_system_i/gp0_interconnect/s00_couplers/auto_pc/inst/gen_axilite.gen_b2s_conv.axilite_b2s/SI_REG/aw.aw_pipe/skid_buffer_reg[8]/C
  -------------------------------------------------------------------    -------------------
    SLICE_X9Y50          FDRE (Prop_fdre_C_Q)         0.141     1.047 r  p9_ps_system_i/gp0_interconnect/s00_couplers/auto_pc/inst/gen_axilite.gen_b2s_conv.axilite_b2s/SI_REG/aw.aw_pipe/skid_buffer_reg[8]/Q
                         net (fo=1, routed)           0.261     1.307    p9_ps_system_i/gp0_interconnect/s00_couplers/auto_pc/inst/gen_axilite.gen_b2s_conv.axilite_b2s/SI_REG/aw.aw_pipe/skid_buffer_reg_n_0_[8]
    SLICE_X6Y44          LUT3 (Prop_lut3_I2_O)        0.049     1.356 r  p9_ps_system_i/gp0_interconnect/s00_couplers/auto_pc/inst/gen_axilite.gen_b2s_conv.axilite_b2s/SI_REG/aw.aw_pipe/m_payload_i[8]_i_1/O
                         net (fo=1, routed)           0.000     1.356    p9_ps_system_i/gp0_interconnect/s00_couplers/auto_pc/inst/gen_axilite.gen_b2s_conv.axilite_b2s/SI_REG/aw.aw_pipe/skid_buffer[8]
    SLICE_X6Y44          FDRE                                         r  p9_ps_system_i/gp0_interconnect/s00_couplers/auto_pc/inst/gen_axilite.gen_b2s_conv.axilite_b2s/SI_REG/aw.aw_pipe/m_payload_i_reg[8]/D
  -------------------------------------------------------------------    -------------------

                         (clock clk_fpga_2 rise edge)
                                                      0.000     0.000 r  
    PS7_X0Y0             PS7                          0.000     0.000 r  p9_ps_system_i/processing_system7_0/inst/PS7_i/FCLKCLK[2]
                         net (fo=1, routed)           0.341     0.341    p9_ps_system_i/processing_system7_0/inst/FCLK_CLK_unbuffered[2]
    BUFGCTRL_X0Y1        BUFG (Prop_bufg_I_O)         0.029     0.370 r  p9_ps_system_i/processing_system7_0/inst/buffer_fclk_clk_2.FCLK_CLK_2_BUFG/O
                         net (fo=1123, routed)        0.834     1.204    p9_ps_system_i/gp0_interconnect/s00_couplers/auto_pc/inst/gen_axilite.gen_b2s_conv.axilite_b2s/SI_REG/aw.aw_pipe/aclk
    SLICE_X6Y44          FDRE                                         r  p9_ps_system_i/gp0_interconnect/s00_couplers/auto_pc/inst/gen_axilite.gen_b2s_conv.axilite_b2s/SI_REG/aw.aw_pipe/m_payload_i_reg[8]/C
                         clock pessimism             -0.029     1.175    
    SLICE_X6Y44          FDRE (Hold_fdre_C_D)         0.131     1.306    p9_ps_system_i/gp0_interconnect/s00_couplers/auto_pc/inst/gen_axilite.gen_b2s_conv.axilite_b2s/SI_REG/aw.aw_pipe/m_payload_i_reg[8]
  -------------------------------------------------------------------
                         required time                         -1.306    
                         arrival time                           1.356    
  -------------------------------------------------------------------
                         slack                                  0.050    





Pulse Width Checks
--------------------------------------------------------------------------------------
Clock Name:         clk_fpga_2
Waveform(ns):       { 0.000 10.000 }
Period(ns):         20.000
Sources:            { p9_ps_system_i/processing_system7_0/inst/PS7_i/FCLKCLK[2] }

Check Type        Corner  Lib Pin      Reference Pin  Required(ns)  Actual(ns)  Slack(ns)  Location       Pin
Min Period        n/a     BUFG/I       n/a            2.155         20.000      17.845     BUFGCTRL_X0Y1  p9_ps_system_i/processing_system7_0/inst/buffer_fclk_clk_2.FCLK_CLK_2_BUFG/I
Low Pulse Width   Slow    SRLC32E/CLK  n/a            0.980         10.000      9.020      SLICE_X10Y34   p9_ps_system_i/gp0_interconnect/s00_couplers/auto_pc/inst/gen_axilite.gen_b2s_conv.axilite_b2s/RD.r_channel_0/rd_data_fifo_0/memory_reg[31][0]_srl32/CLK
High Pulse Width  Slow    SRLC32E/CLK  n/a            0.980         10.000      9.020      SLICE_X10Y34   p9_ps_system_i/gp0_interconnect/s00_couplers/auto_pc/inst/gen_axilite.gen_b2s_conv.axilite_b2s/RD.r_channel_0/rd_data_fifo_0/memory_reg[31][0]_srl32/CLK



---------------------------------------------------------------------------------------------------
From Clock:  clk_fpga_1
  To Clock:  clk_fpga_0

Setup :            0  Failing Endpoints,  Worst Slack        8.140ns,  Total Violation        0.000ns
Hold  :           NA  Failing Endpoints,  Worst Slack           NA  ,  Total Violation           NA
---------------------------------------------------------------------------------------------------


Max Delay Paths
--------------------------------------------------------------------------------------
Slack (MET) :             8.140ns  (required time - arrival time)
  Source:                 p9_ps_system_i/mm2s_axis_clock_converter/inst/gen_async_conv.axisc_async_clock_converter_0/xpm_fifo_async_inst/gnuram_async_fifo.xpm_fifo_base_inst/gen_cdc_pntr.wr_pntr_cdc_inst/src_gray_ff_reg[2]/C
                            (rising edge-triggered cell FDRE clocked by clk_fpga_1  {rise@0.000ns fall@5.000ns period=10.000ns})
  Destination:            p9_ps_system_i/mm2s_axis_clock_converter/inst/gen_async_conv.axisc_async_clock_converter_0/xpm_fifo_async_inst/gnuram_async_fifo.xpm_fifo_base_inst/gen_cdc_pntr.wr_pntr_cdc_inst/dest_graysync_ff_reg[0][2]/D
                            (rising edge-triggered cell FDRE clocked by clk_fpga_0  {rise@0.000ns fall@7.813ns period=15.625ns})
  Path Group:             clk_fpga_0
  Path Type:              Setup (Max at Slow Process Corner)
  Requirement:            10.000ns  (MaxDelay Path 10.000ns)
  Data Path Delay:        1.765ns  (logic 0.518ns (29.348%)  route 1.247ns (70.652%))
  Logic Levels:           0  
  Timing Exception:       MaxDelay Path 10.000ns -datapath_only

    Location             Delay type                Incr(ns)  Path(ns)    Netlist Resource(s)
  -------------------------------------------------------------------    -------------------
    SLICE_X38Y2                                       0.000     0.000 r  p9_ps_system_i/mm2s_axis_clock_converter/inst/gen_async_conv.axisc_async_clock_converter_0/xpm_fifo_async_inst/gnuram_async_fifo.xpm_fifo_base_inst/gen_cdc_pntr.wr_pntr_cdc_inst/src_gray_ff_reg[2]/C
    SLICE_X38Y2          FDRE (Prop_fdre_C_Q)         0.518     0.518 r  p9_ps_system_i/mm2s_axis_clock_converter/inst/gen_async_conv.axisc_async_clock_converter_0/xpm_fifo_async_inst/gnuram_async_fifo.xpm_fifo_base_inst/gen_cdc_pntr.wr_pntr_cdc_inst/src_gray_ff_reg[2]/Q
                         net (fo=1, routed)           1.247     1.765    p9_ps_system_i/mm2s_axis_clock_converter/inst/gen_async_conv.axisc_async_clock_converter_0/xpm_fifo_async_inst/gnuram_async_fifo.xpm_fifo_base_inst/gen_cdc_pntr.wr_pntr_cdc_inst/async_path[2]
    SLICE_X43Y21         FDRE                                         r  p9_ps_system_i/mm2s_axis_clock_converter/inst/gen_async_conv.axisc_async_clock_converter_0/xpm_fifo_async_inst/gnuram_async_fifo.xpm_fifo_base_inst/gen_cdc_pntr.wr_pntr_cdc_inst/dest_graysync_ff_reg[0][2]/D
  -------------------------------------------------------------------    -------------------

                         max delay                   10.000    10.000    
    SLICE_X43Y21         FDRE (Setup_fdre_C_D)       -0.095     9.905    p9_ps_system_i/mm2s_axis_clock_converter/inst/gen_async_conv.axisc_async_clock_converter_0/xpm_fifo_async_inst/gnuram_async_fifo.xpm_fifo_base_inst/gen_cdc_pntr.wr_pntr_cdc_inst/dest_graysync_ff_reg[0][2]
  -------------------------------------------------------------------
                         required time                          9.905    
                         arrival time                          -1.765    
  -------------------------------------------------------------------
                         slack                                  8.140    





---------------------------------------------------------------------------------------------------
From Clock:  clk_fpga_2
  To Clock:  clk_fpga_0

Setup :            0  Failing Endpoints,  Worst Slack       44.272ns,  Total Violation        0.000ns
Hold  :           NA  Failing Endpoints,  Worst Slack           NA  ,  Total Violation           NA
---------------------------------------------------------------------------------------------------


Max Delay Paths
--------------------------------------------------------------------------------------
Slack (MET) :             44.272ns  (required time - arrival time)
  Source:                 p9_ps_system_i/p9_axil_clock_converter/inst/gen_clock_conv.gen_async_lite_conv.clock_conv_lite_fwd_w/handshake/src_hsdata_ff_reg[8]/C
                            (rising edge-triggered cell FDRE clocked by clk_fpga_2  {rise@0.000ns fall@10.000ns period=20.000ns})
  Destination:            p9_ps_system_i/p9_axil_clock_converter/inst/gen_clock_conv.gen_async_lite_conv.clock_conv_lite_fwd_w/handshake/dest_hsdata_ff_reg[8]/D
                            (rising edge-triggered cell FDRE clocked by clk_fpga_0  {rise@0.000ns fall@7.813ns period=15.625ns})
  Path Group:             clk_fpga_0
  Path Type:              Setup (Max at Slow Process Corner)
  Requirement:            46.875ns  (MaxDelay Path 46.875ns)
  Data Path Delay:        2.502ns  (logic 0.518ns (20.706%)  route 1.984ns (79.294%))
  Logic Levels:           0  
  Timing Exception:       MaxDelay Path 46.875ns -datapath_only

    Location             Delay type                Incr(ns)  Path(ns)    Netlist Resource(s)
  -------------------------------------------------------------------    -------------------
    SLICE_X6Y45                                       0.000     0.000 r  p9_ps_system_i/p9_axil_clock_converter/inst/gen_clock_conv.gen_async_lite_conv.clock_conv_lite_fwd_w/handshake/src_hsdata_ff_reg[8]/C
    SLICE_X6Y45          FDRE (Prop_fdre_C_Q)         0.518     0.518 r  p9_ps_system_i/p9_axil_clock_converter/inst/gen_clock_conv.gen_async_lite_conv.clock_conv_lite_fwd_w/handshake/src_hsdata_ff_reg[8]/Q
                         net (fo=1, routed)           1.984     2.502    p9_ps_system_i/p9_axil_clock_converter/inst/gen_clock_conv.gen_async_lite_conv.clock_conv_lite_fwd_w/handshake/src_hsdata_ff[8]
    SLICE_X33Y24         FDRE                                         r  p9_ps_system_i/p9_axil_clock_converter/inst/gen_clock_conv.gen_async_lite_conv.clock_conv_lite_fwd_w/handshake/dest_hsdata_ff_reg[8]/D
  -------------------------------------------------------------------    -------------------

                         max delay                   46.875    46.875    
    SLICE_X33Y24         FDRE (Setup_fdre_C_D)       -0.101    46.774    p9_ps_system_i/p9_axil_clock_converter/inst/gen_clock_conv.gen_async_lite_conv.clock_conv_lite_fwd_w/handshake/dest_hsdata_ff_reg[8]
  -------------------------------------------------------------------
                         required time                         46.774    
                         arrival time                          -2.502    
  -------------------------------------------------------------------
                         slack                                 44.272    





---------------------------------------------------------------------------------------------------
From Clock:  clk_fpga_0
  To Clock:  clk_fpga_1

Setup :            0  Failing Endpoints,  Worst Slack       13.489ns,  Total Violation        0.000ns
Hold  :           NA  Failing Endpoints,  Worst Slack           NA  ,  Total Violation           NA
---------------------------------------------------------------------------------------------------


Max Delay Paths
--------------------------------------------------------------------------------------
Slack (MET) :             13.489ns  (required time - arrival time)
  Source:                 p9_ps_system_i/mm2s_axis_clock_converter/inst/gen_async_conv.axisc_async_clock_converter_0/xpm_fifo_async_inst/gnuram_async_fifo.xpm_fifo_base_inst/gen_cdc_pntr.rd_pntr_cdc_inst/src_gray_ff_reg[0]/C
                            (rising edge-triggered cell FDRE clocked by clk_fpga_0  {rise@0.000ns fall@7.813ns period=15.625ns})
  Destination:            p9_ps_system_i/mm2s_axis_clock_converter/inst/gen_async_conv.axisc_async_clock_converter_0/xpm_fifo_async_inst/gnuram_async_fifo.xpm_fifo_base_inst/gen_cdc_pntr.rd_pntr_cdc_inst/dest_graysync_ff_reg[0][0]/D
                            (rising edge-triggered cell FDRE clocked by clk_fpga_1  {rise@0.000ns fall@5.000ns period=10.000ns})
  Path Group:             clk_fpga_1
  Path Type:              Setup (Max at Slow Process Corner)
  Requirement:            15.625ns  (MaxDelay Path 15.625ns)
  Data Path Delay:        2.078ns  (logic 0.456ns (21.945%)  route 1.622ns (78.055%))
  Logic Levels:           0  
  Timing Exception:       MaxDelay Path 15.625ns -datapath_only

    Location             Delay type                Incr(ns)  Path(ns)    Netlist Resource(s)
  -------------------------------------------------------------------    -------------------
    SLICE_X36Y8                                       0.000     0.000 r  p9_ps_system_i/mm2s_axis_clock_converter/inst/gen_async_conv.axisc_async_clock_converter_0/xpm_fifo_async_inst/gnuram_async_fifo.xpm_fifo_base_inst/gen_cdc_pntr.rd_pntr_cdc_inst/src_gray_ff_reg[0]/C
    SLICE_X36Y8          FDRE (Prop_fdre_C_Q)         0.456     0.456 r  p9_ps_system_i/mm2s_axis_clock_converter/inst/gen_async_conv.axisc_async_clock_converter_0/xpm_fifo_async_inst/gnuram_async_fifo.xpm_fifo_base_inst/gen_cdc_pntr.rd_pntr_cdc_inst/src_gray_ff_reg[0]/Q
                         net (fo=1, routed)           1.622     2.078    p9_ps_system_i/mm2s_axis_clock_converter/inst/gen_async_conv.axisc_async_clock_converter_0/xpm_fifo_async_inst/gnuram_async_fifo.xpm_fifo_base_inst/gen_cdc_pntr.rd_pntr_cdc_inst/async_path[0]
    SLICE_X5Y0           FDRE                                         r  p9_ps_system_i/mm2s_axis_clock_converter/inst/gen_async_conv.axisc_async_clock_converter_0/xpm_fifo_async_inst/gnuram_async_fifo.xpm_fifo_base_inst/gen_cdc_pntr.rd_pntr_cdc_inst/dest_graysync_ff_reg[0][0]/D
  -------------------------------------------------------------------    -------------------

                         max delay                   15.625    15.625    
    SLICE_X5Y0           FDRE (Setup_fdre_C_D)       -0.058    15.567    p9_ps_system_i/mm2s_axis_clock_converter/inst/gen_async_conv.axisc_async_clock_converter_0/xpm_fifo_async_inst/gnuram_async_fifo.xpm_fifo_base_inst/gen_cdc_pntr.rd_pntr_cdc_inst/dest_graysync_ff_reg[0][0]
  -------------------------------------------------------------------
                         required time                         15.567    
                         arrival time                          -2.078    
  -------------------------------------------------------------------
                         slack                                 13.489    





---------------------------------------------------------------------------------------------------
From Clock:  clk_fpga_0
  To Clock:  clk_fpga_2

Setup :            0  Failing Endpoints,  Worst Slack       57.156ns,  Total Violation        0.000ns
Hold  :           NA  Failing Endpoints,  Worst Slack           NA  ,  Total Violation           NA
---------------------------------------------------------------------------------------------------


Max Delay Paths
--------------------------------------------------------------------------------------
Slack (MET) :             57.156ns  (required time - arrival time)
  Source:                 p9_ps_system_i/p9_axil_clock_converter/inst/gen_clock_conv.gen_async_lite_conv.clock_conv_lite_resp_b/handshake/src_hsdata_ff_reg[1]/C
                            (rising edge-triggered cell FDRE clocked by clk_fpga_0  {rise@0.000ns fall@7.813ns period=15.625ns})
  Destination:            p9_ps_system_i/p9_axil_clock_converter/inst/gen_clock_conv.gen_async_lite_conv.clock_conv_lite_resp_b/handshake/dest_hsdata_ff_reg[1]/D
                            (rising edge-triggered cell FDRE clocked by clk_fpga_2  {rise@0.000ns fall@10.000ns period=20.000ns})
  Path Group:             clk_fpga_2
  Path Type:              Setup (Max at Slow Process Corner)
  Requirement:            60.000ns  (MaxDelay Path 60.000ns)
  Data Path Delay:        2.567ns  (logic 0.478ns (18.623%)  route 2.089ns (81.377%))
  Logic Levels:           0  
  Timing Exception:       MaxDelay Path 60.000ns -datapath_only

    Location             Delay type                Incr(ns)  Path(ns)    Netlist Resource(s)
  -------------------------------------------------------------------    -------------------
    SLICE_X6Y43                                       0.000     0.000 r  p9_ps_system_i/p9_axil_clock_converter/inst/gen_clock_conv.gen_async_lite_conv.clock_conv_lite_resp_b/handshake/src_hsdata_ff_reg[1]/C
    SLICE_X6Y43          FDRE (Prop_fdre_C_Q)         0.478     0.478 r  p9_ps_system_i/p9_axil_clock_converter/inst/gen_clock_conv.gen_async_lite_conv.clock_conv_lite_resp_b/handshake/src_hsdata_ff_reg[1]/Q
                         net (fo=2, routed)           2.089     2.567    p9_ps_system_i/p9_axil_clock_converter/inst/gen_clock_conv.gen_async_lite_conv.clock_conv_lite_resp_b/handshake/src_hsdata_ff[1]
    SLICE_X41Y44         FDRE                                         r  p9_ps_system_i/p9_axil_clock_converter/inst/gen_clock_conv.gen_async_lite_conv.clock_conv_lite_resp_b/handshake/dest_hsdata_ff_reg[1]/D
  -------------------------------------------------------------------    -------------------

                         max delay                   60.000    60.000    
    SLICE_X41Y44         FDRE (Setup_fdre_C_D)       -0.277    59.723    p9_ps_system_i/p9_axil_clock_converter/inst/gen_clock_conv.gen_async_lite_conv.clock_conv_lite_resp_b/handshake/dest_hsdata_ff_reg[1]
  -------------------------------------------------------------------
                         required time                         59.723    
                         arrival time                          -2.567    
  -------------------------------------------------------------------
                         slack                                 57.156    





---------------------------------------------------------------------------------------------------
Path Group:  **async_default**
From Clock:  clk_fpga_0
  To Clock:  clk_fpga_0

Setup :            0  Failing Endpoints,  Worst Slack        4.738ns,  Total Violation        0.000ns
Hold  :            0  Failing Endpoints,  Worst Slack        0.859ns,  Total Violation        0.000ns
---------------------------------------------------------------------------------------------------


Max Delay Paths
--------------------------------------------------------------------------------------
Slack (MET) :             4.738ns  (required time - arrival time)
  Source:                 p9_ps_system_i/rst_protocol_64/U0/ACTIVE_LOW_PR_OUT_DFF[0].FDRE_PER_N/C
                            (rising edge-triggered cell FDRE clocked by clk_fpga_0  {rise@0.000ns fall@7.813ns period=15.625ns})
  Destination:            p9_ps_system_i/p9_peripheral_0/inst/impl/u_axi_lite/reg_wr_data_reg[17]/CLR
                            (recovery check against rising-edge clock clk_fpga_0  {rise@0.000ns fall@7.813ns period=15.625ns})
  Path Group:             **async_default**
  Path Type:              Recovery (Max at Slow Process Corner)
  Requirement:            15.625ns  (clk_fpga_0 rise@15.625ns - clk_fpga_0 rise@0.000ns)
  Data Path Delay:        9.911ns  (logic 0.605ns (6.104%)  route 9.306ns (93.896%))
  Logic Levels:           1  (LUT1=1)
  Clock Path Skew:        -0.211ns (DCD - SCD + CPR)
    Destination Clock Delay (DCD):    2.689ns = ( 18.314 - 15.625 ) 
    Source Clock Delay      (SCD):    3.016ns
    Clock Pessimism Removal (CPR):    0.116ns
  Clock Uncertainty:      0.237ns  ((TSJ^2 + TIJ^2)^1/2 + DJ) / 2 + PE
    Total System Jitter     (TSJ):    0.071ns
    Total Input Jitter      (TIJ):    0.469ns
    Discrete Jitter          (DJ):    0.000ns
    Phase Error              (PE):    0.000ns

    Location             Delay type                Incr(ns)  Path(ns)    Netlist Resource(s)
  -------------------------------------------------------------------    -------------------
                         (clock clk_fpga_0 rise edge)
                                                      0.000     0.000 r  
    PS7_X0Y0             PS7                          0.000     0.000 r  p9_ps_system_i/processing_system7_0/inst/PS7_i/FCLKCLK[0]
                         net (fo=1, routed)           1.207     1.207    p9_ps_system_i/processing_system7_0/inst/FCLK_CLK_unbuffered[0]
    BUFGCTRL_X0Y2        BUFG (Prop_bufg_I_O)         0.101     1.308 r  p9_ps_system_i/processing_system7_0/inst/buffer_fclk_clk_0.FCLK_CLK_0_BUFG/O
                         net (fo=9423, routed)        1.708     3.016    p9_ps_system_i/rst_protocol_64/U0/slowest_sync_clk
    SLICE_X3Y24          FDRE                                         r  p9_ps_system_i/rst_protocol_64/U0/ACTIVE_LOW_PR_OUT_DFF[0].FDRE_PER_N/C
  -------------------------------------------------------------------    -------------------
    SLICE_X3Y24          FDRE (Prop_fdre_C_Q)         0.456     3.472 r  p9_ps_system_i/rst_protocol_64/U0/ACTIVE_LOW_PR_OUT_DFF[0].FDRE_PER_N/Q
                         net (fo=9, routed)           2.853     6.325    p9_ps_system_i/p9_peripheral_0/inst/impl/u_axi_lite/s_axi_aresetn
    SLICE_X36Y22         LUT1 (Prop_lut1_I0_O)        0.149     6.474 f  p9_ps_system_i/p9_peripheral_0/inst/impl/u_axi_lite/s_axi_bresp[1]_i_3/O
                         net (fo=393, routed)         6.453    12.927    p9_ps_system_i/p9_peripheral_0/inst/impl/u_axi_lite/s_axi_aresetn_0
    SLICE_X8Y54          FDCE                                         f  p9_ps_system_i/p9_peripheral_0/inst/impl/u_axi_lite/reg_wr_data_reg[17]/CLR
  -------------------------------------------------------------------    -------------------

                         (clock clk_fpga_0 rise edge)
                                                     15.625    15.625 r  
    PS7_X0Y0             PS7                          0.000    15.625 r  p9_ps_system_i/processing_system7_0/inst/PS7_i/FCLKCLK[0]
                         net (fo=1, routed)           1.101    16.726    p9_ps_system_i/processing_system7_0/inst/FCLK_CLK_unbuffered[0]
    BUFGCTRL_X0Y2        BUFG (Prop_bufg_I_O)         0.091    16.817 r  p9_ps_system_i/processing_system7_0/inst/buffer_fclk_clk_0.FCLK_CLK_0_BUFG/O
                         net (fo=9423, routed)        1.497    18.314    p9_ps_system_i/p9_peripheral_0/inst/impl/u_axi_lite/s_axi_aclk
    SLICE_X8Y54          FDCE                                         r  p9_ps_system_i/p9_peripheral_0/inst/impl/u_axi_lite/reg_wr_data_reg[17]/C
                         clock pessimism              0.116    18.430    
                         clock uncertainty           -0.237    18.193    
    SLICE_X8Y54          FDCE (Recov_fdce_C_CLR)     -0.527    17.666    p9_ps_system_i/p9_peripheral_0/inst/impl/u_axi_lite/reg_wr_data_reg[17]
  -------------------------------------------------------------------
                         required time                         17.666    
                         arrival time                         -12.927    
  -------------------------------------------------------------------
                         slack                                  4.738    





Min Delay Paths
--------------------------------------------------------------------------------------
Slack (MET) :             0.859ns  (arrival time - required time)
  Source:                 p9_ps_system_i/p9_peripheral_0/inst/impl/soft_reset_pulse_q_reg/C
                            (rising edge-triggered cell FDRE clocked by clk_fpga_0  {rise@0.000ns fall@7.813ns period=15.625ns})
  Destination:            p9_ps_system_i/p9_peripheral_0/inst/impl/u_transport/object_lane_weights_q_reg[7]/CLR
                            (removal check against rising-edge clock clk_fpga_0  {rise@0.000ns fall@7.813ns period=15.625ns})
  Path Group:             **async_default**
  Path Type:              Removal (Min at Fast Process Corner)
  Requirement:            0.000ns  (clk_fpga_0 rise@0.000ns - clk_fpga_0 rise@0.000ns)
  Data Path Delay:        0.989ns  (logic 0.226ns (22.845%)  route 0.763ns (77.155%))
  Logic Levels:           1  (LUT2=1)
  Clock Path Skew:        0.264ns (DCD - SCD - CPR)
    Destination Clock Delay (DCD):    1.199ns
    Source Clock Delay      (SCD):    0.901ns
    Clock Pessimism Removal (CPR):    0.034ns

    Location             Delay type                Incr(ns)  Path(ns)    Netlist Resource(s)
  -------------------------------------------------------------------    -------------------
                         (clock clk_fpga_0 rise edge)
                                                      0.000     0.000 r  
    PS7_X0Y0             PS7                          0.000     0.000 r  p9_ps_system_i/processing_system7_0/inst/PS7_i/FCLKCLK[0]
                         net (fo=1, routed)           0.315     0.315    p9_ps_system_i/processing_system7_0/inst/FCLK_CLK_unbuffered[0]
    BUFGCTRL_X0Y2        BUFG (Prop_bufg_I_O)         0.026     0.341 r  p9_ps_system_i/processing_system7_0/inst/buffer_fclk_clk_0.FCLK_CLK_0_BUFG/O
                         net (fo=9423, routed)        0.560     0.901    p9_ps_system_i/p9_peripheral_0/inst/impl/s_axi_aclk
    SLICE_X22Y45         FDRE                                         r  p9_ps_system_i/p9_peripheral_0/inst/impl/soft_reset_pulse_q_reg/C
  -------------------------------------------------------------------    -------------------
    SLICE_X22Y45         FDRE (Prop_fdre_C_Q)         0.128     1.029 f  p9_ps_system_i/p9_peripheral_0/inst/impl/soft_reset_pulse_q_reg/Q
                         net (fo=1, routed)           0.485     1.513    p9_ps_system_i/p9_peripheral_0/inst/impl/u_transport/u_data_plane/u_tx_window/ingress_error_pulse_q_reg_0
    SLICE_X19Y41         LUT2 (Prop_lut2_I1_O)        0.098     1.611 f  p9_ps_system_i/p9_peripheral_0/inst/impl/u_transport/u_data_plane/u_tx_window/i__i_3/O
                         net (fo=5475, routed)        0.279     1.890    p9_ps_system_i/p9_peripheral_0/inst/impl/u_transport/clear
    SLICE_X20Y42         FDCE                                         f  p9_ps_system_i/p9_peripheral_0/inst/impl/u_transport/object_lane_weights_q_reg[7]/CLR
  -------------------------------------------------------------------    -------------------

                         (clock clk_fpga_0 rise edge)
                                                      0.000     0.000 r  
    PS7_X0Y0             PS7                          0.000     0.000 r  p9_ps_system_i/processing_system7_0/inst/PS7_i/FCLKCLK[0]
                         net (fo=1, routed)           0.341     0.341    p9_ps_system_i/processing_system7_0/inst/FCLK_CLK_unbuffered[0]
    BUFGCTRL_X0Y2        BUFG (Prop_bufg_I_O)         0.029     0.370 r  p9_ps_system_i/processing_system7_0/inst/buffer_fclk_clk_0.FCLK_CLK_0_BUFG/O
                         net (fo=9423, routed)        0.829     1.199    p9_ps_system_i/p9_peripheral_0/inst/impl/u_transport/s_axi_aclk
    SLICE_X20Y42         FDCE                                         r  p9_ps_system_i/p9_peripheral_0/inst/impl/u_transport/object_lane_weights_q_reg[7]/C
                         clock pessimism             -0.034     1.165    
    SLICE_X20Y42         FDCE (Remov_fdce_C_CLR)     -0.134     1.031    p9_ps_system_i/p9_peripheral_0/inst/impl/u_transport/object_lane_weights_q_reg[7]
  -------------------------------------------------------------------
                         required time                         -1.031    
                         arrival time                           1.890    
  -------------------------------------------------------------------
                         slack                                  0.859    





---------------------------------------------------------------------------------------------------
Path Group:  **async_default**
From Clock:  clk_fpga_1
  To Clock:  clk_fpga_1

Setup :            0  Failing Endpoints,  Worst Slack        2.548ns,  Total Violation        0.000ns
Hold  :            0  Failing Endpoints,  Worst Slack        0.570ns,  Total Violation        0.000ns
---------------------------------------------------------------------------------------------------


Max Delay Paths
--------------------------------------------------------------------------------------
Slack (MET) :             2.548ns  (required time - arrival time)
  Source:                 p9_ps_system_i/hp0_interconnect/m00_couplers/auto_pc/inst/gen_axi4_axi3.axi3_conv_inst/USE_READ.USE_SPLIT_R.read_addr_inst/USE_R_CHANNEL.cmd_queue/inst/fifo_gen_inst/inst_fifo_gen/gconvfifo.rf/grf.rf/rstblk/ngwrdrst.grst.g7serrst.gnsckt_wrst.rst_wr_reg2_inst/arststages_ff_reg[1]/C
                            (rising edge-triggered cell FDPE clocked by clk_fpga_1  {rise@0.000ns fall@5.000ns period=10.000ns})
  Destination:            p9_ps_system_i/hp0_interconnect/m00_couplers/auto_pc/inst/gen_axi4_axi3.axi3_conv_inst/USE_READ.USE_SPLIT_R.read_addr_inst/USE_R_CHANNEL.cmd_queue/inst/fifo_gen_inst/inst_fifo_gen/gconvfifo.rf/grf.rf/gntv_or_sync_fifo.gl0.rd/gr1.gr1_int.rfwft/gpregsm1.user_valid_reg/CLR
                            (recovery check against rising-edge clock clk_fpga_1  {rise@0.000ns fall@5.000ns period=10.000ns})
  Path Group:             **async_default**
  Path Type:              Recovery (Max at Slow Process Corner)
  Requirement:            10.000ns  (clk_fpga_1 rise@10.000ns - clk_fpga_1 rise@0.000ns)
  Data Path Delay:        6.786ns  (logic 0.773ns (11.391%)  route 6.013ns (88.609%))
  Logic Levels:           1  (LUT3=1)
  Clock Path Skew:        -0.107ns (DCD - SCD + CPR)
    Destination Clock Delay (DCD):    2.697ns = ( 12.698 - 10.000 ) 
    Source Clock Delay      (SCD):    3.035ns
    Clock Pessimism Removal (CPR):    0.230ns
  Clock Uncertainty:      0.154ns  ((TSJ^2 + TIJ^2)^1/2 + DJ) / 2 + PE
    Total System Jitter     (TSJ):    0.071ns
    Total Input Jitter      (TIJ):    0.300ns
    Discrete Jitter          (DJ):    0.000ns
    Phase Error              (PE):    0.000ns

    Location             Delay type                Incr(ns)  Path(ns)    Netlist Resource(s)
  -------------------------------------------------------------------    -------------------
                         (clock clk_fpga_1 rise edge)
                                                      0.000     0.000 r  
    PS7_X0Y0             PS7                          0.000     0.000 r  p9_ps_system_i/processing_system7_0/inst/PS7_i/FCLKCLK[1]
                         net (fo=1, routed)           1.207     1.207    p9_ps_system_i/processing_system7_0/inst/FCLK_CLK_unbuffered[1]
    BUFGCTRL_X0Y0        BUFG (Prop_bufg_I_O)         0.101     1.308 r  p9_ps_system_i/processing_system7_0/inst/buffer_fclk_clk_1.FCLK_CLK_1_BUFG/O
                         net (fo=5818, routed)        1.727     3.035    p9_ps_system_i/hp0_interconnect/m00_couplers/auto_pc/inst/gen_axi4_axi3.axi3_conv_inst/USE_READ.USE_SPLIT_R.read_addr_inst/USE_R_CHANNEL.cmd_queue/inst/fifo_gen_inst/inst_fifo_gen/gconvfifo.rf/grf.rf/rstblk/ngwrdrst.grst.g7serrst.gnsckt_wrst.rst_wr_reg2_inst/dest_clk
    SLICE_X4Y7           FDPE                                         r  p9_ps_system_i/hp0_interconnect/m00_couplers/auto_pc/inst/gen_axi4_axi3.axi3_conv_inst/USE_READ.USE_SPLIT_R.read_addr_inst/USE_R_CHANNEL.cmd_queue/inst/fifo_gen_inst/inst_fifo_gen/gconvfifo.rf/grf.rf/rstblk/ngwrdrst.grst.g7serrst.gnsckt_wrst.rst_wr_reg2_inst/arststages_ff_reg[1]/C
  -------------------------------------------------------------------    -------------------
    SLICE_X4Y7           FDPE (Prop_fdpe_C_Q)         0.478     3.513 f  p9_ps_system_i/hp0_interconnect/m00_couplers/auto_pc/inst/gen_axi4_axi3.axi3_conv_inst/USE_READ.USE_SPLIT_R.read_addr_inst/USE_R_CHANNEL.cmd_queue/inst/fifo_gen_inst/inst_fifo_gen/gconvfifo.rf/grf.rf/rstblk/ngwrdrst.grst.g7serrst.gnsckt_wrst.rst_wr_reg2_inst/arststages_ff_reg[1]/Q
                         net (fo=2, routed)           2.939     6.452    p9_ps_system_i/hp0_interconnect/m00_couplers/auto_pc/inst/gen_axi4_axi3.axi3_conv_inst/USE_READ.USE_SPLIT_R.read_addr_inst/USE_R_CHANNEL.cmd_queue/inst/fifo_gen_inst/inst_fifo_gen/gconvfifo.rf/grf.rf/rstblk/ngwrdrst.rst_wr_reg2
    SLICE_X26Y24         LUT3 (Prop_lut3_I2_O)        0.295     6.747 f  p9_ps_system_i/hp0_interconnect/m00_couplers/auto_pc/inst/gen_axi4_axi3.axi3_conv_inst/USE_READ.USE_SPLIT_R.read_addr_inst/USE_R_CHANNEL.cmd_queue/inst/fifo_gen_inst/inst_fifo_gen/gconvfifo.rf/grf.rf/rstblk/gpregsm1.curr_fwft_state[1]_i_2/O
                         net (fo=33, routed)          3.074     9.821    p9_ps_system_i/hp0_interconnect/m00_couplers/auto_pc/inst/gen_axi4_axi3.axi3_conv_inst/USE_READ.USE_SPLIT_R.read_addr_inst/USE_R_CHANNEL.cmd_queue/inst/fifo_gen_inst/inst_fifo_gen/gconvfifo.rf/grf.rf/gntv_or_sync_fifo.gl0.rd/gr1.gr1_int.rfwft/gpregsm1.user_valid_reg_0
    SLICE_X9Y9           FDCE                                         f  p9_ps_system_i/hp0_interconnect/m00_couplers/auto_pc/inst/gen_axi4_axi3.axi3_conv_inst/USE_READ.USE_SPLIT_R.read_addr_inst/USE_R_CHANNEL.cmd_queue/inst/fifo_gen_inst/inst_fifo_gen/gconvfifo.rf/grf.rf/gntv_or_sync_fifo.gl0.rd/gr1.gr1_int.rfwft/gpregsm1.user_valid_reg/CLR
  -------------------------------------------------------------------    -------------------

                         (clock clk_fpga_1 rise edge)
                                                     10.000    10.000 r  
    PS7_X0Y0             PS7                          0.000    10.000 r  p9_ps_system_i/processing_system7_0/inst/PS7_i/FCLKCLK[1]
                         net (fo=1, routed)           1.101    11.101    p9_ps_system_i/processing_system7_0/inst/FCLK_CLK_unbuffered[1]
    BUFGCTRL_X0Y0        BUFG (Prop_bufg_I_O)         0.091    11.192 r  p9_ps_system_i/processing_system7_0/inst/buffer_fclk_clk_1.FCLK_CLK_1_BUFG/O
                         net (fo=5818, routed)        1.505    12.697    p9_ps_system_i/hp0_interconnect/m00_couplers/auto_pc/inst/gen_axi4_axi3.axi3_conv_inst/USE_READ.USE_SPLIT_R.read_addr_inst/USE_R_CHANNEL.cmd_queue/inst/fifo_gen_inst/inst_fifo_gen/gconvfifo.rf/grf.rf/gntv_or_sync_fifo.gl0.rd/gr1.gr1_int.rfwft/clk
    SLICE_X9Y9           FDCE                                         r  p9_ps_system_i/hp0_interconnect/m00_couplers/auto_pc/inst/gen_axi4_axi3.axi3_conv_inst/USE_READ.USE_SPLIT_R.read_addr_inst/USE_R_CHANNEL.cmd_queue/inst/fifo_gen_inst/inst_fifo_gen/gconvfifo.rf/grf.rf/gntv_or_sync_fifo.gl0.rd/gr1.gr1_int.rfwft/gpregsm1.user_valid_reg/C
                         clock pessimism              0.230    12.928    
                         clock uncertainty           -0.154    12.774    
    SLICE_X9Y9           FDCE (Recov_fdce_C_CLR)     -0.405    12.369    p9_ps_system_i/hp0_interconnect/m00_couplers/auto_pc/inst/gen_axi4_axi3.axi3_conv_inst/USE_READ.USE_SPLIT_R.read_addr_inst/USE_R_CHANNEL.cmd_queue/inst/fifo_gen_inst/inst_fifo_gen/gconvfifo.rf/grf.rf/gntv_or_sync_fifo.gl0.rd/gr1.gr1_int.rfwft/gpregsm1.user_valid_reg
  -------------------------------------------------------------------
                         required time                         12.369    
                         arrival time                          -9.821    
  -------------------------------------------------------------------
                         slack                                  2.548    





Min Delay Paths
--------------------------------------------------------------------------------------
Slack (MET) :             0.570ns  (arrival time - required time)
  Source:                 p9_ps_system_i/hp0_interconnect/m00_couplers/auto_pc/inst/gen_axi4_axi3.axi3_conv_inst/USE_WRITE.write_addr_inst/USE_B_CHANNEL.cmd_b_queue/inst/fifo_gen_inst/inst_fifo_gen/gconvfifo.rf/grf.rf/rstblk/ngwrdrst.grst.g7serrst.gnsckt_wrst.gcc_rst.sckt_wr_rst_cc_reg[0]/C
                            (rising edge-triggered cell FDRE clocked by clk_fpga_1  {rise@0.000ns fall@5.000ns period=10.000ns})
  Destination:            p9_ps_system_i/hp0_interconnect/m00_couplers/auto_pc/inst/gen_axi4_axi3.axi3_conv_inst/USE_WRITE.write_addr_inst/USE_B_CHANNEL.cmd_b_queue/inst/fifo_gen_inst/inst_fifo_gen/gconvfifo.rf/grf.rf/gntv_or_sync_fifo.gl0.rd/rpntr/gc0.count_d1_reg[0]/CLR
                            (removal check against rising-edge clock clk_fpga_1  {rise@0.000ns fall@5.000ns period=10.000ns})
  Path Group:             **async_default**
  Path Type:              Removal (Min at Fast Process Corner)
  Requirement:            0.000ns  (clk_fpga_1 rise@0.000ns - clk_fpga_1 rise@0.000ns)
  Data Path Delay:        0.739ns  (logic 0.186ns (25.159%)  route 0.553ns (74.841%))
  Logic Levels:           1  (LUT3=1)
  Clock Path Skew:        0.261ns (DCD - SCD - CPR)
    Destination Clock Delay (DCD):    1.192ns
    Source Clock Delay      (SCD):    0.897ns
    Clock Pessimism Removal (CPR):    0.034ns

    Location             Delay type                Incr(ns)  Path(ns)    Netlist Resource(s)
  -------------------------------------------------------------------    -------------------
                         (clock clk_fpga_1 rise edge)
                                                      0.000     0.000 r  
    PS7_X0Y0             PS7                          0.000     0.000 r  p9_ps_system_i/processing_system7_0/inst/PS7_i/FCLKCLK[1]
                         net (fo=1, routed)           0.315     0.315    p9_ps_system_i/processing_system7_0/inst/FCLK_CLK_unbuffered[1]
    BUFGCTRL_X0Y0        BUFG (Prop_bufg_I_O)         0.026     0.341 r  p9_ps_system_i/processing_system7_0/inst/buffer_fclk_clk_1.FCLK_CLK_1_BUFG/O
                         net (fo=5818, routed)        0.556     0.897    p9_ps_system_i/hp0_interconnect/m00_couplers/auto_pc/inst/gen_axi4_axi3.axi3_conv_inst/USE_WRITE.write_addr_inst/USE_B_CHANNEL.cmd_b_queue/inst/fifo_gen_inst/inst_fifo_gen/gconvfifo.rf/grf.rf/rstblk/clk
    SLICE_X25Y35         FDRE                                         r  p9_ps_system_i/hp0_interconnect/m00_couplers/auto_pc/inst/gen_axi4_axi3.axi3_conv_inst/USE_WRITE.write_addr_inst/USE_B_CHANNEL.cmd_b_queue/inst/fifo_gen_inst/inst_fifo_gen/gconvfifo.rf/grf.rf/rstblk/ngwrdrst.grst.g7serrst.gnsckt_wrst.gcc_rst.sckt_wr_rst_cc_reg[0]/C
  -------------------------------------------------------------------    -------------------
    SLICE_X25Y35         FDRE (Prop_fdre_C_Q)         0.141     1.038 f  p9_ps_system_i/hp0_interconnect/m00_couplers/auto_pc/inst/gen_axi4_axi3.axi3_conv_inst/USE_WRITE.write_addr_inst/USE_B_CHANNEL.cmd_b_queue/inst/fifo_gen_inst/inst_fifo_gen/gconvfifo.rf/grf.rf/rstblk/ngwrdrst.grst.g7serrst.gnsckt_wrst.gcc_rst.sckt_wr_rst_cc_reg[0]/Q
                         net (fo=3, routed)           0.247     1.284    p9_ps_system_i/hp0_interconnect/m00_couplers/auto_pc/inst/gen_axi4_axi3.axi3_conv_inst/USE_WRITE.write_addr_inst/USE_B_CHANNEL.cmd_b_queue/inst/fifo_gen_inst/inst_fifo_gen/gconvfifo.rf/grf.rf/rstblk/ngwrdrst.grst.g7serrst.gnsckt_wrst.gcc_rst.sckt_wr_rst_cc[0]
    SLICE_X21Y35         LUT3 (Prop_lut3_I1_O)        0.045     1.329 f  p9_ps_system_i/hp0_interconnect/m00_couplers/auto_pc/inst/gen_axi4_axi3.axi3_conv_inst/USE_WRITE.write_addr_inst/USE_B_CHANNEL.cmd_b_queue/inst/fifo_gen_inst/inst_fifo_gen/gconvfifo.rf/grf.rf/rstblk/gpregsm1.curr_fwft_state[1]_i_2/O
                         net (fo=32, routed)          0.306     1.636    p9_ps_system_i/hp0_interconnect/m00_couplers/auto_pc/inst/gen_axi4_axi3.axi3_conv_inst/USE_WRITE.write_addr_inst/USE_B_CHANNEL.cmd_b_queue/inst/fifo_gen_inst/inst_fifo_gen/gconvfifo.rf/grf.rf/gntv_or_sync_fifo.gl0.rd/rpntr/gc0.count_d1_reg[4]_1
    SLICE_X14Y31         FDCE                                         f  p9_ps_system_i/hp0_interconnect/m00_couplers/auto_pc/inst/gen_axi4_axi3.axi3_conv_inst/USE_WRITE.write_addr_inst/USE_B_CHANNEL.cmd_b_queue/inst/fifo_gen_inst/inst_fifo_gen/gconvfifo.rf/grf.rf/gntv_or_sync_fifo.gl0.rd/rpntr/gc0.count_d1_reg[0]/CLR
  -------------------------------------------------------------------    -------------------

                         (clock clk_fpga_1 rise edge)
                                                      0.000     0.000 r  
    PS7_X0Y0             PS7                          0.000     0.000 r  p9_ps_system_i/processing_system7_0/inst/PS7_i/FCLKCLK[1]
                         net (fo=1, routed)           0.341     0.341    p9_ps_system_i/processing_system7_0/inst/FCLK_CLK_unbuffered[1]
    BUFGCTRL_X0Y0        BUFG (Prop_bufg_I_O)         0.029     0.370 r  p9_ps_system_i/processing_system7_0/inst/buffer_fclk_clk_1.FCLK_CLK_1_BUFG/O
                         net (fo=5818, routed)        0.822     1.192    p9_ps_system_i/hp0_interconnect/m00_couplers/auto_pc/inst/gen_axi4_axi3.axi3_conv_inst/USE_WRITE.write_addr_inst/USE_B_CHANNEL.cmd_b_queue/inst/fifo_gen_inst/inst_fifo_gen/gconvfifo.rf/grf.rf/gntv_or_sync_fifo.gl0.rd/rpntr/clk
    SLICE_X14Y31         FDCE                                         r  p9_ps_system_i/hp0_interconnect/m00_couplers/auto_pc/inst/gen_axi4_axi3.axi3_conv_inst/USE_WRITE.write_addr_inst/USE_B_CHANNEL.cmd_b_queue/inst/fifo_gen_inst/inst_fifo_gen/gconvfifo.rf/grf.rf/gntv_or_sync_fifo.gl0.rd/rpntr/gc0.count_d1_reg[0]/C
                         clock pessimism             -0.034     1.158    
    SLICE_X14Y31         FDCE (Remov_fdce_C_CLR)     -0.092     1.066    p9_ps_system_i/hp0_interconnect/m00_couplers/auto_pc/inst/gen_axi4_axi3.axi3_conv_inst/USE_WRITE.write_addr_inst/USE_B_CHANNEL.cmd_b_queue/inst/fifo_gen_inst/inst_fifo_gen/gconvfifo.rf/grf.rf/gntv_or_sync_fifo.gl0.rd/rpntr/gc0.count_d1_reg[0]
  -------------------------------------------------------------------
                         required time                         -1.066    
                         arrival time                           1.636    
  -------------------------------------------------------------------
                         slack                                  0.570    





--------------------------------------------------------------------------------------
Path Group:  (none)
From Clock:  
  To Clock:  clk_fpga_0

Max Delay             1 Endpoint
Min Delay             1 Endpoint
--------------------------------------------------------------------------------------


Max Delay Paths
--------------------------------------------------------------------------------------
Slack:                    inf
  Source:                 p9_ps_system_i/processing_system7_0/inst/PS7_i/FCLKRESETN[0]
                            (internal pin)
  Destination:            p9_ps_system_i/rst_protocol_64/U0/EXT_LPF/ACTIVE_LOW_EXT.ACT_LO_EXT/GENERATE_LEVEL_P_S_CDC.SINGLE_BIT.CROSS_PLEVEL_IN2SCNDRY_IN_cdc_to/D
                            (rising edge-triggered cell FDRE clocked by clk_fpga_0  {rise@0.000ns fall@7.813ns period=15.625ns})
  Path Group:             (none)
  Path Type:              Setup (Max at Slow Process Corner)
  Data Path Delay:        2.196ns  (logic 0.153ns (6.966%)  route 2.043ns (93.034%))
  Logic Levels:           1  (LUT1=1)
  Clock Uncertainty:      0.236ns  ((TSJ^2 + TIJ^2)^1/2 + DJ) / 2 + PE
    Total System Jitter     (TSJ):    0.050ns
    Total Input Jitter      (TIJ):    0.469ns
    Discrete Jitter          (DJ):    0.000ns
    Phase Error              (PE):    0.000ns
  Timing Exception:       False Path

    Location             Delay type                Incr(ns)  Path(ns)    Netlist Resource(s)
  -------------------------------------------------------------------    -------------------
    PS7_X0Y0             PS7                          0.000     0.000 f  p9_ps_system_i/processing_system7_0/inst/PS7_i/FCLKRESETN[0]
                         net (fo=3, routed)           1.400     1.400    p9_ps_system_i/rst_protocol_64/U0/EXT_LPF/ACTIVE_LOW_EXT.ACT_LO_EXT/ext_reset_in
    SLICE_X4Y26          LUT1 (Prop_lut1_I0_O)        0.153     1.553 r  p9_ps_system_i/rst_protocol_64/U0/EXT_LPF/ACTIVE_LOW_EXT.ACT_LO_EXT/GENERATE_LEVEL_P_S_CDC.SINGLE_BIT.CROSS_PLEVEL_IN2SCNDRY_IN_cdc_to_i_1/O
                         net (fo=1, routed)           0.643     2.196    p9_ps_system_i/rst_protocol_64/U0/EXT_LPF/ACTIVE_LOW_EXT.ACT_LO_EXT/exr_d1
    SLICE_X2Y27          FDRE                                         r  p9_ps_system_i/rst_protocol_64/U0/EXT_LPF/ACTIVE_LOW_EXT.ACT_LO_EXT/GENERATE_LEVEL_P_S_CDC.SINGLE_BIT.CROSS_PLEVEL_IN2SCNDRY_IN_cdc_to/D
  -------------------------------------------------------------------    -------------------

                         (clock clk_fpga_0 rise edge)
                                                      0.000     0.000 r  
    PS7_X0Y0             PS7                          0.000     0.000 r  p9_ps_system_i/processing_system7_0/inst/PS7_i/FCLKCLK[0]
                         net (fo=1, routed)           1.101     1.101    p9_ps_system_i/processing_system7_0/inst/FCLK_CLK_unbuffered[0]
    BUFGCTRL_X0Y2        BUFG (Prop_bufg_I_O)         0.091     1.192 r  p9_ps_system_i/processing_system7_0/inst/buffer_fclk_clk_0.FCLK_CLK_0_BUFG/O
                         net (fo=9423, routed)        1.537     2.729    p9_ps_system_i/rst_protocol_64/U0/EXT_LPF/ACTIVE_LOW_EXT.ACT_LO_EXT/slowest_sync_clk
    SLICE_X2Y27          FDRE                                         r  p9_ps_system_i/rst_protocol_64/U0/EXT_LPF/ACTIVE_LOW_EXT.ACT_LO_EXT/GENERATE_LEVEL_P_S_CDC.SINGLE_BIT.CROSS_PLEVEL_IN2SCNDRY_IN_cdc_to/C





Min Delay Paths
--------------------------------------------------------------------------------------
Slack:                    inf
  Source:                 p9_ps_system_i/processing_system7_0/inst/PS7_i/FCLKRESETN[0]
                            (internal pin)
  Destination:            p9_ps_system_i/rst_protocol_64/U0/EXT_LPF/ACTIVE_LOW_EXT.ACT_LO_EXT/GENERATE_LEVEL_P_S_CDC.SINGLE_BIT.CROSS_PLEVEL_IN2SCNDRY_IN_cdc_to/D
                            (rising edge-triggered cell FDRE clocked by clk_fpga_0  {rise@0.000ns fall@7.813ns period=15.625ns})
  Path Group:             (none)
  Path Type:              Hold (Min at Fast Process Corner)
  Data Path Delay:        0.782ns  (logic 0.043ns (5.495%)  route 0.739ns (94.505%))
  Logic Levels:           1  (LUT1=1)
  Clock Uncertainty:      0.236ns  ((TSJ^2 + TIJ^2)^1/2 + DJ) / 2 + PE
    Total System Jitter     (TSJ):    0.050ns
    Total Input Jitter      (TIJ):    0.469ns
    Discrete Jitter          (DJ):    0.000ns
    Phase Error              (PE):    0.000ns
  Timing Exception:       False Path

    Location             Delay type                Incr(ns)  Path(ns)    Netlist Resource(s)
  -------------------------------------------------------------------    -------------------
    PS7_X0Y0             PS7                          0.000     0.000 f  p9_ps_system_i/processing_system7_0/inst/PS7_i/FCLKRESETN[0]
                         net (fo=3, routed)           0.497     0.497    p9_ps_system_i/rst_protocol_64/U0/EXT_LPF/ACTIVE_LOW_EXT.ACT_LO_EXT/ext_reset_in
    SLICE_X4Y26          LUT1 (Prop_lut1_I0_O)        0.043     0.540 r  p9_ps_system_i/rst_protocol_64/U0/EXT_LPF/ACTIVE_LOW_EXT.ACT_LO_EXT/GENERATE_LEVEL_P_S_CDC.SINGLE_BIT.CROSS_PLEVEL_IN2SCNDRY_IN_cdc_to_i_1/O
                         net (fo=1, routed)           0.242     0.782    p9_ps_system_i/rst_protocol_64/U0/EXT_LPF/ACTIVE_LOW_EXT.ACT_LO_EXT/exr_d1
    SLICE_X2Y27          FDRE                                         r  p9_ps_system_i/rst_protocol_64/U0/EXT_LPF/ACTIVE_LOW_EXT.ACT_LO_EXT/GENERATE_LEVEL_P_S_CDC.SINGLE_BIT.CROSS_PLEVEL_IN2SCNDRY_IN_cdc_to/D
  -------------------------------------------------------------------    -------------------

                         (clock clk_fpga_0 rise edge)
                                                      0.000     0.000 r  
    PS7_X0Y0             PS7                          0.000     0.000 r  p9_ps_system_i/processing_system7_0/inst/PS7_i/FCLKCLK[0]
                         net (fo=1, routed)           0.341     0.341    p9_ps_system_i/processing_system7_0/inst/FCLK_CLK_unbuffered[0]
    BUFGCTRL_X0Y2        BUFG (Prop_bufg_I_O)         0.029     0.370 r  p9_ps_system_i/processing_system7_0/inst/buffer_fclk_clk_0.FCLK_CLK_0_BUFG/O
                         net (fo=9423, routed)        0.840     1.210    p9_ps_system_i/rst_protocol_64/U0/EXT_LPF/ACTIVE_LOW_EXT.ACT_LO_EXT/slowest_sync_clk
    SLICE_X2Y27          FDRE                                         r  p9_ps_system_i/rst_protocol_64/U0/EXT_LPF/ACTIVE_LOW_EXT.ACT_LO_EXT/GENERATE_LEVEL_P_S_CDC.SINGLE_BIT.CROSS_PLEVEL_IN2SCNDRY_IN_cdc_to/C





--------------------------------------------------------------------------------------
Path Group:  (none)
From Clock:  clk_fpga_1
  To Clock:  clk_fpga_0

Max Delay            40 Endpoints
Min Delay            50 Endpoints
--------------------------------------------------------------------------------------


Max Delay Paths
--------------------------------------------------------------------------------------
Slack:                    inf
  Source:                 p9_ps_system_i/mm2s_axis_clock_converter/inst/gen_async_conv.axisc_async_clock_converter_0/xpm_fifo_async_inst/gnuram_async_fifo.xpm_fifo_base_inst/gen_sdpram.xpm_memory_base_inst/gen_wr_a.gen_word_narrow.mem_reg_0_31_6_11/RAMB_D1/CLK
                            (rising edge-triggered cell RAMD32 clocked by clk_fpga_1  {rise@0.000ns fall@5.000ns period=10.000ns})
  Destination:            p9_ps_system_i/mm2s_axis_clock_converter/inst/gen_async_conv.axisc_async_clock_converter_0/xpm_fifo_async_inst/gnuram_async_fifo.xpm_fifo_base_inst/gen_sdpram.xpm_memory_base_inst/gen_rd_b.gen_rd_b_synth_template.gen_rf_narrow_pipe.doutb_reg_reg[9]/D
                            (rising edge-triggered cell FDRE clocked by clk_fpga_0  {rise@0.000ns fall@7.813ns period=15.625ns})
  Path Group:             (none)
  Path Type:              Setup (Max at Slow Process Corner)
  Data Path Delay:        3.175ns  (logic 1.317ns (41.475%)  route 1.858ns (58.525%))
  Logic Levels:           0  
  Clock Path Skew:        -0.227ns (DCD - SCD + CPR)
    Destination Clock Delay (DCD):    2.757ns
    Source Clock Delay      (SCD):    2.983ns
    Clock Pessimism Removal (CPR):    0.000ns
  Clock Uncertainty:      0.281ns  ((TSJ^2 + TIJ^2)^1/2 + DJ) / 2 + PE
    Total System Jitter     (TSJ):    0.071ns
    Total Input Jitter      (TIJ):    0.557ns
    Discrete Jitter          (DJ):    0.000ns
    Phase Error              (PE):    0.000ns
  Timing Exception:       False Path

    Location             Delay type                Incr(ns)  Path(ns)    Netlist Resource(s)
  -------------------------------------------------------------------    -------------------
                         (clock clk_fpga_1 rise edge)
                                                      0.000     0.000 r  
    PS7_X0Y0             PS7                          0.000     0.000 r  p9_ps_system_i/processing_system7_0/inst/PS7_i/FCLKCLK[1]
                         net (fo=1, routed)           1.207     1.207    p9_ps_system_i/processing_system7_0/inst/FCLK_CLK_unbuffered[1]
    BUFGCTRL_X0Y0        BUFG (Prop_bufg_I_O)         0.101     1.308 r  p9_ps_system_i/processing_system7_0/inst/buffer_fclk_clk_1.FCLK_CLK_1_BUFG/O
                         net (fo=5818, routed)        1.675     2.983    p9_ps_system_i/mm2s_axis_clock_converter/inst/gen_async_conv.axisc_async_clock_converter_0/xpm_fifo_async_inst/gnuram_async_fifo.xpm_fifo_base_inst/gen_sdpram.xpm_memory_base_inst/gen_wr_a.gen_word_narrow.mem_reg_0_31_6_11/WCLK
    SLICE_X34Y0          RAMD32                                       r  p9_ps_system_i/mm2s_axis_clock_converter/inst/gen_async_conv.axisc_async_clock_converter_0/xpm_fifo_async_inst/gnuram_async_fifo.xpm_fifo_base_inst/gen_sdpram.xpm_memory_base_inst/gen_wr_a.gen_word_narrow.mem_reg_0_31_6_11/RAMB_D1/CLK
  -------------------------------------------------------------------    -------------------
    SLICE_X34Y0          RAMD32 (Prop_ramd32_CLK_O)
                                                      1.317     4.300 r  p9_ps_system_i/mm2s_axis_clock_converter/inst/gen_async_conv.axisc_async_clock_converter_0/xpm_fifo_async_inst/gnuram_async_fifo.xpm_fifo_base_inst/gen_sdpram.xpm_memory_base_inst/gen_wr_a.gen_word_narrow.mem_reg_0_31_6_11/RAMB_D1/O
                         net (fo=1, routed)           1.858     6.158    p9_ps_system_i/mm2s_axis_clock_converter/inst/gen_async_conv.axisc_async_clock_converter_0/xpm_fifo_async_inst/gnuram_async_fifo.xpm_fifo_base_inst/gen_sdpram.xpm_memory_base_inst/gen_rd_b.gen_rd_b_synth_template.gen_rf_narrow_pipe.doutb_reg_reg0[9]
    SLICE_X39Y29         FDRE                                         r  p9_ps_system_i/mm2s_axis_clock_converter/inst/gen_async_conv.axisc_async_clock_converter_0/xpm_fifo_async_inst/gnuram_async_fifo.xpm_fifo_base_inst/gen_sdpram.xpm_memory_base_inst/gen_rd_b.gen_rd_b_synth_template.gen_rf_narrow_pipe.doutb_reg_reg[9]/D
  -------------------------------------------------------------------    -------------------

                         (clock clk_fpga_0 rise edge)
                                                      0.000     0.000 r  
    PS7_X0Y0             PS7                          0.000     0.000 r  p9_ps_system_i/processing_system7_0/inst/PS7_i/FCLKCLK[0]
                         net (fo=1, routed)           1.101     1.101    p9_ps_system_i/processing_system7_0/inst/FCLK_CLK_unbuffered[0]
    BUFGCTRL_X0Y2        BUFG (Prop_bufg_I_O)         0.091     1.192 r  p9_ps_system_i/processing_system7_0/inst/buffer_fclk_clk_0.FCLK_CLK_0_BUFG/O
                         net (fo=9423, routed)        1.564     2.756    p9_ps_system_i/mm2s_axis_clock_converter/inst/gen_async_conv.axisc_async_clock_converter_0/xpm_fifo_async_inst/gnuram_async_fifo.xpm_fifo_base_inst/gen_sdpram.xpm_memory_base_inst/clkb
    SLICE_X39Y29         FDRE                                         r  p9_ps_system_i/mm2s_axis_clock_converter/inst/gen_async_conv.axisc_async_clock_converter_0/xpm_fifo_async_inst/gnuram_async_fifo.xpm_fifo_base_inst/gen_sdpram.xpm_memory_base_inst/gen_rd_b.gen_rd_b_synth_template.gen_rf_narrow_pipe.doutb_reg_reg[9]/C





Min Delay Paths
--------------------------------------------------------------------------------------
Slack:                    inf
  Source:                 p9_ps_system_i/mm2s_axis_clock_converter/inst/gen_async_conv.axisc_async_clock_converter_0/xpm_fifo_async_inst/gnuram_async_fifo.xpm_fifo_base_inst/gen_cdc_pntr.wr_pntr_cdc_inst/src_gray_ff_reg[3]/C
                            (rising edge-triggered cell FDRE clocked by clk_fpga_1  {rise@0.000ns fall@5.000ns period=10.000ns})
  Destination:            p9_ps_system_i/mm2s_axis_clock_converter/inst/gen_async_conv.axisc_async_clock_converter_0/xpm_fifo_async_inst/gnuram_async_fifo.xpm_fifo_base_inst/gen_cdc_pntr.wr_pntr_cdc_inst/dest_graysync_ff_reg[0][3]/D
                            (rising edge-triggered cell FDRE clocked by clk_fpga_0  {rise@0.000ns fall@7.813ns period=15.625ns})
  Path Group:             (none)
  Path Type:              Hold (Min at Fast Process Corner)
  Data Path Delay:        0.338ns  (logic 0.148ns (43.730%)  route 0.190ns (56.270%))
  Logic Levels:           0  
  Clock Path Skew:        0.296ns (DCD - SCD - CPR)
    Destination Clock Delay (DCD):    1.228ns
    Source Clock Delay      (SCD):    0.932ns
    Clock Pessimism Removal (CPR):    -0.000ns
  Clock Uncertainty:      0.281ns  ((TSJ^2 + TIJ^2)^1/2 + DJ) / 2 + PE
    Total System Jitter     (TSJ):    0.071ns
    Total Input Jitter      (TIJ):    0.557ns
    Discrete Jitter          (DJ):    0.000ns
    Phase Error              (PE):    0.000ns
  Timing Exception:       False Path

    Location             Delay type                Incr(ns)  Path(ns)    Netlist Resource(s)
  -------------------------------------------------------------------    -------------------
                         (clock clk_fpga_1 rise edge)
                                                      0.000     0.000 r  
    PS7_X0Y0             PS7                          0.000     0.000 r  p9_ps_system_i/processing_system7_0/inst/PS7_i/FCLKCLK[1]
                         net (fo=1, routed)           0.315     0.315    p9_ps_system_i/processing_system7_0/inst/FCLK_CLK_unbuffered[1]
    BUFGCTRL_X0Y0        BUFG (Prop_bufg_I_O)         0.026     0.341 r  p9_ps_system_i/processing_system7_0/inst/buffer_fclk_clk_1.FCLK_CLK_1_BUFG/O
                         net (fo=5818, routed)        0.591     0.932    p9_ps_system_i/mm2s_axis_clock_converter/inst/gen_async_conv.axisc_async_clock_converter_0/xpm_fifo_async_inst/gnuram_async_fifo.xpm_fifo_base_inst/gen_cdc_pntr.wr_pntr_cdc_inst/src_clk
    SLICE_X38Y2          FDRE                                         r  p9_ps_system_i/mm2s_axis_clock_converter/inst/gen_async_conv.axisc_async_clock_converter_0/xpm_fifo_async_inst/gnuram_async_fifo.xpm_fifo_base_inst/gen_cdc_pntr.wr_pntr_cdc_inst/src_gray_ff_reg[3]/C
  -------------------------------------------------------------------    -------------------
    SLICE_X38Y2          FDRE (Prop_fdre_C_Q)         0.148     1.080 r  p9_ps_system_i/mm2s_axis_clock_converter/inst/gen_async_conv.axisc_async_clock_converter_0/xpm_fifo_async_inst/gnuram_async_fifo.xpm_fifo_base_inst/gen_cdc_pntr.wr_pntr_cdc_inst/src_gray_ff_reg[3]/Q
                         net (fo=1, routed)           0.190     1.270    p9_ps_system_i/mm2s_axis_clock_converter/inst/gen_async_conv.axisc_async_clock_converter_0/xpm_fifo_async_inst/gnuram_async_fifo.xpm_fifo_base_inst/gen_cdc_pntr.wr_pntr_cdc_inst/async_path[3]
    SLICE_X36Y8          FDRE                                         r  p9_ps_system_i/mm2s_axis_clock_converter/inst/gen_async_conv.axisc_async_clock_converter_0/xpm_fifo_async_inst/gnuram_async_fifo.xpm_fifo_base_inst/gen_cdc_pntr.wr_pntr_cdc_inst/dest_graysync_ff_reg[0][3]/D
  -------------------------------------------------------------------    -------------------

                         (clock clk_fpga_0 rise edge)
                                                      0.000     0.000 r  
    PS7_X0Y0             PS7                          0.000     0.000 r  p9_ps_system_i/processing_system7_0/inst/PS7_i/FCLKCLK[0]
                         net (fo=1, routed)           0.341     0.341    p9_ps_system_i/processing_system7_0/inst/FCLK_CLK_unbuffered[0]
    BUFGCTRL_X0Y2        BUFG (Prop_bufg_I_O)         0.029     0.370 r  p9_ps_system_i/processing_system7_0/inst/buffer_fclk_clk_0.FCLK_CLK_0_BUFG/O
                         net (fo=9423, routed)        0.858     1.228    p9_ps_system_i/mm2s_axis_clock_converter/inst/gen_async_conv.axisc_async_clock_converter_0/xpm_fifo_async_inst/gnuram_async_fifo.xpm_fifo_base_inst/gen_cdc_pntr.wr_pntr_cdc_inst/dest_clk
    SLICE_X36Y8          FDRE                                         r  p9_ps_system_i/mm2s_axis_clock_converter/inst/gen_async_conv.axisc_async_clock_converter_0/xpm_fifo_async_inst/gnuram_async_fifo.xpm_fifo_base_inst/gen_cdc_pntr.wr_pntr_cdc_inst/dest_graysync_ff_reg[0][3]/C





--------------------------------------------------------------------------------------
Path Group:  (none)
From Clock:  clk_fpga_2
  To Clock:  clk_fpga_0

Max Delay             5 Endpoints
Min Delay            65 Endpoints
--------------------------------------------------------------------------------------


Max Delay Paths
--------------------------------------------------------------------------------------
Slack:                    inf
  Source:                 p9_ps_system_i/p9_axil_clock_converter/inst/gen_clock_conv.gen_async_lite_conv.clock_conv_lite_resp_b/dest_ack_reg/C
                            (rising edge-triggered cell FDRE clocked by clk_fpga_2  {rise@0.000ns fall@10.000ns period=20.000ns})
  Destination:            p9_ps_system_i/p9_axil_clock_converter/inst/gen_clock_conv.gen_async_lite_conv.clock_conv_lite_resp_b/handshake/xpm_cdc_single_dest2src_inst/syncstages_ff_reg[0]/D
                            (rising edge-triggered cell FDRE clocked by clk_fpga_0  {rise@0.000ns fall@7.813ns period=15.625ns})
  Path Group:             (none)
  Path Type:              Setup (Max at Slow Process Corner)
  Data Path Delay:        2.488ns  (logic 0.456ns (18.327%)  route 2.032ns (81.673%))
  Logic Levels:           0  
  Clock Path Skew:        -0.226ns (DCD - SCD + CPR)
    Destination Clock Delay (DCD):    2.744ns
    Source Clock Delay      (SCD):    2.970ns
    Clock Pessimism Removal (CPR):    0.000ns
  Clock Uncertainty:      0.382ns  ((TSJ^2 + TIJ^2)^1/2 + DJ) / 2 + PE
    Total System Jitter     (TSJ):    0.071ns
    Total Input Jitter      (TIJ):    0.762ns
    Discrete Jitter          (DJ):    0.000ns
    Phase Error              (PE):    0.000ns
  Timing Exception:       False Path

    Location             Delay type                Incr(ns)  Path(ns)    Netlist Resource(s)
  -------------------------------------------------------------------    -------------------
                         (clock clk_fpga_2 rise edge)
                                                      0.000     0.000 r  
    PS7_X0Y0             PS7                          0.000     0.000 r  p9_ps_system_i/processing_system7_0/inst/PS7_i/FCLKCLK[2]
                         net (fo=1, routed)           1.207     1.207    p9_ps_system_i/processing_system7_0/inst/FCLK_CLK_unbuffered[2]
    BUFGCTRL_X0Y1        BUFG (Prop_bufg_I_O)         0.101     1.308 r  p9_ps_system_i/processing_system7_0/inst/buffer_fclk_clk_2.FCLK_CLK_2_BUFG/O
                         net (fo=1123, routed)        1.662     2.970    p9_ps_system_i/p9_axil_clock_converter/inst/gen_clock_conv.gen_async_lite_conv.clock_conv_lite_resp_b/m_valid_i_reg_1
    SLICE_X17Y19         FDRE                                         r  p9_ps_system_i/p9_axil_clock_converter/inst/gen_clock_conv.gen_async_lite_conv.clock_conv_lite_resp_b/dest_ack_reg/C
  -------------------------------------------------------------------    -------------------
    SLICE_X17Y19         FDRE (Prop_fdre_C_Q)         0.456     3.426 r  p9_ps_system_i/p9_axil_clock_converter/inst/gen_clock_conv.gen_async_lite_conv.clock_conv_lite_resp_b/dest_ack_reg/Q
                         net (fo=2, routed)           2.032     5.458    p9_ps_system_i/p9_axil_clock_converter/inst/gen_clock_conv.gen_async_lite_conv.clock_conv_lite_resp_b/handshake/xpm_cdc_single_dest2src_inst/src_in
    SLICE_X5Y48          FDRE                                         r  p9_ps_system_i/p9_axil_clock_converter/inst/gen_clock_conv.gen_async_lite_conv.clock_conv_lite_resp_b/handshake/xpm_cdc_single_dest2src_inst/syncstages_ff_reg[0]/D
  -------------------------------------------------------------------    -------------------

                         (clock clk_fpga_0 rise edge)
                                                      0.000     0.000 r  
    PS7_X0Y0             PS7                          0.000     0.000 r  p9_ps_system_i/processing_system7_0/inst/PS7_i/FCLKCLK[0]
                         net (fo=1, routed)           1.101     1.101    p9_ps_system_i/processing_system7_0/inst/FCLK_CLK_unbuffered[0]
    BUFGCTRL_X0Y2        BUFG (Prop_bufg_I_O)         0.091     1.192 r  p9_ps_system_i/processing_system7_0/inst/buffer_fclk_clk_0.FCLK_CLK_0_BUFG/O
                         net (fo=9423, routed)        1.552     2.744    p9_ps_system_i/p9_axil_clock_converter/inst/gen_clock_conv.gen_async_lite_conv.clock_conv_lite_resp_b/handshake/xpm_cdc_single_dest2src_inst/dest_clk
    SLICE_X5Y48          FDRE                                         r  p9_ps_system_i/p9_axil_clock_converter/inst/gen_clock_conv.gen_async_lite_conv.clock_conv_lite_resp_b/handshake/xpm_cdc_single_dest2src_inst/syncstages_ff_reg[0]/C





Min Delay Paths
--------------------------------------------------------------------------------------
Slack:                    inf
  Source:                 p9_ps_system_i/p9_axil_clock_converter/inst/gen_clock_conv.gen_async_lite_conv.clock_conv_lite_fwd_w/handshake/src_hsdata_ff_reg[10]/C
                            (rising edge-triggered cell FDRE clocked by clk_fpga_2  {rise@0.000ns fall@10.000ns period=20.000ns})
  Destination:            p9_ps_system_i/p9_axil_clock_converter/inst/gen_clock_conv.gen_async_lite_conv.clock_conv_lite_fwd_w/handshake/dest_hsdata_ff_reg[10]/D
                            (rising edge-triggered cell FDRE clocked by clk_fpga_0  {rise@0.000ns fall@7.813ns period=15.625ns})
  Path Group:             (none)
  Path Type:              Hold (Min at Fast Process Corner)
  Data Path Delay:        0.407ns  (logic 0.141ns (34.640%)  route 0.266ns (65.360%))
  Logic Levels:           0  
  Clock Path Skew:        0.296ns (DCD - SCD - CPR)
    Destination Clock Delay (DCD):    1.198ns
    Source Clock Delay      (SCD):    0.902ns
    Clock Pessimism Removal (CPR):    -0.000ns
  Clock Uncertainty:      0.382ns  ((TSJ^2 + TIJ^2)^1/2 + DJ) / 2 + PE
    Total System Jitter     (TSJ):    0.071ns
    Total Input Jitter      (TIJ):    0.762ns
    Discrete Jitter          (DJ):    0.000ns
    Phase Error              (PE):    0.000ns
  Timing Exception:       False Path

    Location             Delay type                Incr(ns)  Path(ns)    Netlist Resource(s)
  -------------------------------------------------------------------    -------------------
                         (clock clk_fpga_2 rise edge)
                                                      0.000     0.000 r  
    PS7_X0Y0             PS7                          0.000     0.000 r  p9_ps_system_i/processing_system7_0/inst/PS7_i/FCLKCLK[2]
                         net (fo=1, routed)           0.315     0.315    p9_ps_system_i/processing_system7_0/inst/FCLK_CLK_unbuffered[2]
    BUFGCTRL_X0Y1        BUFG (Prop_bufg_I_O)         0.026     0.341 r  p9_ps_system_i/processing_system7_0/inst/buffer_fclk_clk_2.FCLK_CLK_2_BUFG/O
                         net (fo=1123, routed)        0.561     0.902    p9_ps_system_i/p9_axil_clock_converter/inst/gen_clock_conv.gen_async_lite_conv.clock_conv_lite_fwd_w/handshake/src_clk
    SLICE_X23Y47         FDRE                                         r  p9_ps_system_i/p9_axil_clock_converter/inst/gen_clock_conv.gen_async_lite_conv.clock_conv_lite_fwd_w/handshake/src_hsdata_ff_reg[10]/C
  -------------------------------------------------------------------    -------------------
    SLICE_X23Y47         FDRE (Prop_fdre_C_Q)         0.141     1.043 r  p9_ps_system_i/p9_axil_clock_converter/inst/gen_clock_conv.gen_async_lite_conv.clock_conv_lite_fwd_w/handshake/src_hsdata_ff_reg[10]/Q
                         net (fo=1, routed)           0.266     1.309    p9_ps_system_i/p9_axil_clock_converter/inst/gen_clock_conv.gen_async_lite_conv.clock_conv_lite_fwd_w/handshake/src_hsdata_ff[10]
    SLICE_X23Y45         FDRE                                         r  p9_ps_system_i/p9_axil_clock_converter/inst/gen_clock_conv.gen_async_lite_conv.clock_conv_lite_fwd_w/handshake/dest_hsdata_ff_reg[10]/D
  -------------------------------------------------------------------    -------------------

                         (clock clk_fpga_0 rise edge)
                                                      0.000     0.000 r  
    PS7_X0Y0             PS7                          0.000     0.000 r  p9_ps_system_i/processing_system7_0/inst/PS7_i/FCLKCLK[0]
                         net (fo=1, routed)           0.341     0.341    p9_ps_system_i/processing_system7_0/inst/FCLK_CLK_unbuffered[0]
    BUFGCTRL_X0Y2        BUFG (Prop_bufg_I_O)         0.029     0.370 r  p9_ps_system_i/processing_system7_0/inst/buffer_fclk_clk_0.FCLK_CLK_0_BUFG/O
                         net (fo=9423, routed)        0.828     1.198    p9_ps_system_i/p9_axil_clock_converter/inst/gen_clock_conv.gen_async_lite_conv.clock_conv_lite_fwd_w/handshake/dest_clk
    SLICE_X23Y45         FDRE                                         r  p9_ps_system_i/p9_axil_clock_converter/inst/gen_clock_conv.gen_async_lite_conv.clock_conv_lite_fwd_w/handshake/dest_hsdata_ff_reg[10]/C





--------------------------------------------------------------------------------------
Path Group:  (none)
From Clock:  
  To Clock:  clk_fpga_1

Max Delay             1 Endpoint
Min Delay             1 Endpoint
--------------------------------------------------------------------------------------


Max Delay Paths
--------------------------------------------------------------------------------------
Slack:                    inf
  Source:                 p9_ps_system_i/processing_system7_0/inst/PS7_i/FCLKRESETN[0]
                            (internal pin)
  Destination:            p9_ps_system_i/rst_dma_100/U0/EXT_LPF/ACTIVE_LOW_EXT.ACT_LO_EXT/GENERATE_LEVEL_P_S_CDC.SINGLE_BIT.CROSS_PLEVEL_IN2SCNDRY_IN_cdc_to/D
                            (rising edge-triggered cell FDRE clocked by clk_fpga_1  {rise@0.000ns fall@5.000ns period=10.000ns})
  Path Group:             (none)
  Path Type:              Setup (Max at Slow Process Corner)
  Data Path Delay:        2.100ns  (logic 0.149ns (7.096%)  route 1.951ns (92.904%))
  Logic Levels:           1  (LUT1=1)
  Clock Uncertainty:      0.152ns  ((TSJ^2 + TIJ^2)^1/2 + DJ) / 2 + PE
    Total System Jitter     (TSJ):    0.050ns
    Total Input Jitter      (TIJ):    0.300ns
    Discrete Jitter          (DJ):    0.000ns
    Phase Error              (PE):    0.000ns
  Timing Exception:       False Path

    Location             Delay type                Incr(ns)  Path(ns)    Netlist Resource(s)
  -------------------------------------------------------------------    -------------------
    PS7_X0Y0             PS7                          0.000     0.000 f  p9_ps_system_i/processing_system7_0/inst/PS7_i/FCLKRESETN[0]
                         net (fo=3, routed)           1.378     1.378    p9_ps_system_i/rst_dma_100/U0/EXT_LPF/ACTIVE_LOW_EXT.ACT_LO_EXT/ext_reset_in
    SLICE_X5Y26          LUT1 (Prop_lut1_I0_O)        0.149     1.527 r  p9_ps_system_i/rst_dma_100/U0/EXT_LPF/ACTIVE_LOW_EXT.ACT_LO_EXT/GENERATE_LEVEL_P_S_CDC.SINGLE_BIT.CROSS_PLEVEL_IN2SCNDRY_IN_cdc_to_i_1/O
                         net (fo=1, routed)           0.573     2.100    p9_ps_system_i/rst_dma_100/U0/EXT_LPF/ACTIVE_LOW_EXT.ACT_LO_EXT/exr_d1
    SLICE_X1Y26          FDRE                                         r  p9_ps_system_i/rst_dma_100/U0/EXT_LPF/ACTIVE_LOW_EXT.ACT_LO_EXT/GENERATE_LEVEL_P_S_CDC.SINGLE_BIT.CROSS_PLEVEL_IN2SCNDRY_IN_cdc_to/D
  -------------------------------------------------------------------    -------------------

                         (clock clk_fpga_1 rise edge)
                                                      0.000     0.000 r  
    PS7_X0Y0             PS7                          0.000     0.000 r  p9_ps_system_i/processing_system7_0/inst/PS7_i/FCLKCLK[1]
                         net (fo=1, routed)           1.101     1.101    p9_ps_system_i/processing_system7_0/inst/FCLK_CLK_unbuffered[1]
    BUFGCTRL_X0Y0        BUFG (Prop_bufg_I_O)         0.091     1.192 r  p9_ps_system_i/processing_system7_0/inst/buffer_fclk_clk_1.FCLK_CLK_1_BUFG/O
                         net (fo=5818, routed)        1.532     2.724    p9_ps_system_i/rst_dma_100/U0/EXT_LPF/ACTIVE_LOW_EXT.ACT_LO_EXT/slowest_sync_clk
    SLICE_X1Y26          FDRE                                         r  p9_ps_system_i/rst_dma_100/U0/EXT_LPF/ACTIVE_LOW_EXT.ACT_LO_EXT/GENERATE_LEVEL_P_S_CDC.SINGLE_BIT.CROSS_PLEVEL_IN2SCNDRY_IN_cdc_to/C





Min Delay Paths
--------------------------------------------------------------------------------------
Slack:                    inf
  Source:                 p9_ps_system_i/processing_system7_0/inst/PS7_i/FCLKRESETN[0]
                            (internal pin)
  Destination:            p9_ps_system_i/rst_dma_100/U0/EXT_LPF/ACTIVE_LOW_EXT.ACT_LO_EXT/GENERATE_LEVEL_P_S_CDC.SINGLE_BIT.CROSS_PLEVEL_IN2SCNDRY_IN_cdc_to/D
                            (rising edge-triggered cell FDRE clocked by clk_fpga_1  {rise@0.000ns fall@5.000ns period=10.000ns})
  Path Group:             (none)
  Path Type:              Hold (Min at Fast Process Corner)
  Data Path Delay:        0.740ns  (logic 0.042ns (5.678%)  route 0.698ns (94.322%))
  Logic Levels:           1  (LUT1=1)
  Clock Uncertainty:      0.152ns  ((TSJ^2 + TIJ^2)^1/2 + DJ) / 2 + PE
    Total System Jitter     (TSJ):    0.050ns
    Total Input Jitter      (TIJ):    0.300ns
    Discrete Jitter          (DJ):    0.000ns
    Phase Error              (PE):    0.000ns
  Timing Exception:       False Path

    Location             Delay type                Incr(ns)  Path(ns)    Netlist Resource(s)
  -------------------------------------------------------------------    -------------------
    PS7_X0Y0             PS7                          0.000     0.000 f  p9_ps_system_i/processing_system7_0/inst/PS7_i/FCLKRESETN[0]
                         net (fo=3, routed)           0.493     0.493    p9_ps_system_i/rst_dma_100/U0/EXT_LPF/ACTIVE_LOW_EXT.ACT_LO_EXT/ext_reset_in
    SLICE_X5Y26          LUT1 (Prop_lut1_I0_O)        0.042     0.535 r  p9_ps_system_i/rst_dma_100/U0/EXT_LPF/ACTIVE_LOW_EXT.ACT_LO_EXT/GENERATE_LEVEL_P_S_CDC.SINGLE_BIT.CROSS_PLEVEL_IN2SCNDRY_IN_cdc_to_i_1/O
                         net (fo=1, routed)           0.205     0.740    p9_ps_system_i/rst_dma_100/U0/EXT_LPF/ACTIVE_LOW_EXT.ACT_LO_EXT/exr_d1
    SLICE_X1Y26          FDRE                                         r  p9_ps_system_i/rst_dma_100/U0/EXT_LPF/ACTIVE_LOW_EXT.ACT_LO_EXT/GENERATE_LEVEL_P_S_CDC.SINGLE_BIT.CROSS_PLEVEL_IN2SCNDRY_IN_cdc_to/D
  -------------------------------------------------------------------    -------------------

                         (clock clk_fpga_1 rise edge)
                                                      0.000     0.000 r  
    PS7_X0Y0             PS7                          0.000     0.000 r  p9_ps_system_i/processing_system7_0/inst/PS7_i/FCLKCLK[1]
                         net (fo=1, routed)           0.341     0.341    p9_ps_system_i/processing_system7_0/inst/FCLK_CLK_unbuffered[1]
    BUFGCTRL_X0Y0        BUFG (Prop_bufg_I_O)         0.029     0.370 r  p9_ps_system_i/processing_system7_0/inst/buffer_fclk_clk_1.FCLK_CLK_1_BUFG/O
                         net (fo=5818, routed)        0.836     1.206    p9_ps_system_i/rst_dma_100/U0/EXT_LPF/ACTIVE_LOW_EXT.ACT_LO_EXT/slowest_sync_clk
    SLICE_X1Y26          FDRE                                         r  p9_ps_system_i/rst_dma_100/U0/EXT_LPF/ACTIVE_LOW_EXT.ACT_LO_EXT/GENERATE_LEVEL_P_S_CDC.SINGLE_BIT.CROSS_PLEVEL_IN2SCNDRY_IN_cdc_to/C





--------------------------------------------------------------------------------------
Path Group:  (none)
From Clock:  clk_fpga_0
  To Clock:  clk_fpga_1

Max Delay            40 Endpoints
Min Delay            50 Endpoints
--------------------------------------------------------------------------------------


Max Delay Paths
--------------------------------------------------------------------------------------
Slack:                    inf
  Source:                 p9_ps_system_i/rst_protocol_64/U0/ACTIVE_LOW_PR_OUT_DFF[0].FDRE_PER_N/C
                            (rising edge-triggered cell FDRE clocked by clk_fpga_0  {rise@0.000ns fall@7.813ns period=15.625ns})
  Destination:            p9_ps_system_i/mm2s_axis_clock_converter/inst/gen_async_conv.axisc_async_clock_converter_0/inst_xpm_cdc_sync_rst/syncstages_ff_reg[0]/D
                            (rising edge-triggered cell FDRE clocked by clk_fpga_1  {rise@0.000ns fall@5.000ns period=10.000ns})
  Path Group:             (none)
  Path Type:              Setup (Max at Slow Process Corner)
  Data Path Delay:        3.867ns  (logic 0.605ns (15.645%)  route 3.262ns (84.355%))
  Logic Levels:           1  (LUT1=1)
  Clock Path Skew:        -0.329ns (DCD - SCD + CPR)
    Destination Clock Delay (DCD):    2.687ns
    Source Clock Delay      (SCD):    3.016ns
    Clock Pessimism Removal (CPR):    0.000ns
  Clock Uncertainty:      0.281ns  ((TSJ^2 + TIJ^2)^1/2 + DJ) / 2 + PE
    Total System Jitter     (TSJ):    0.071ns
    Total Input Jitter      (TIJ):    0.557ns
    Discrete Jitter          (DJ):    0.000ns
    Phase Error              (PE):    0.000ns
  Timing Exception:       False Path

    Location             Delay type                Incr(ns)  Path(ns)    Netlist Resource(s)
  -------------------------------------------------------------------    -------------------
                         (clock clk_fpga_0 rise edge)
                                                      0.000     0.000 r  
    PS7_X0Y0             PS7                          0.000     0.000 r  p9_ps_system_i/processing_system7_0/inst/PS7_i/FCLKCLK[0]
                         net (fo=1, routed)           1.207     1.207    p9_ps_system_i/processing_system7_0/inst/FCLK_CLK_unbuffered[0]
    BUFGCTRL_X0Y2        BUFG (Prop_bufg_I_O)         0.101     1.308 r  p9_ps_system_i/processing_system7_0/inst/buffer_fclk_clk_0.FCLK_CLK_0_BUFG/O
                         net (fo=9423, routed)        1.708     3.016    p9_ps_system_i/rst_protocol_64/U0/slowest_sync_clk
    SLICE_X3Y24          FDRE                                         r  p9_ps_system_i/rst_protocol_64/U0/ACTIVE_LOW_PR_OUT_DFF[0].FDRE_PER_N/C
  -------------------------------------------------------------------    -------------------
    SLICE_X3Y24          FDRE (Prop_fdre_C_Q)         0.456     3.472 f  p9_ps_system_i/rst_protocol_64/U0/ACTIVE_LOW_PR_OUT_DFF[0].FDRE_PER_N/Q
                         net (fo=9, routed)           2.711     6.183    p9_ps_system_i/mm2s_axis_clock_converter/inst/gen_async_conv.axisc_async_clock_converter_0/m_axis_aresetn
    SLICE_X36Y14         LUT1 (Prop_lut1_I0_O)        0.149     6.332 r  p9_ps_system_i/mm2s_axis_clock_converter/inst/gen_async_conv.axisc_async_clock_converter_0/inst_xpm_cdc_sync_rst_i_1/O
                         net (fo=1, routed)           0.551     6.883    p9_ps_system_i/mm2s_axis_clock_converter/inst/gen_async_conv.axisc_async_clock_converter_0/inst_xpm_cdc_sync_rst/src_rst
    SLICE_X32Y14         FDRE                                         r  p9_ps_system_i/mm2s_axis_clock_converter/inst/gen_async_conv.axisc_async_clock_converter_0/inst_xpm_cdc_sync_rst/syncstages_ff_reg[0]/D
  -------------------------------------------------------------------    -------------------

                         (clock clk_fpga_1 rise edge)
                                                      0.000     0.000 r  
    PS7_X0Y0             PS7                          0.000     0.000 r  p9_ps_system_i/processing_system7_0/inst/PS7_i/FCLKCLK[1]
                         net (fo=1, routed)           1.101     1.101    p9_ps_system_i/processing_system7_0/inst/FCLK_CLK_unbuffered[1]
    BUFGCTRL_X0Y0        BUFG (Prop_bufg_I_O)         0.091     1.192 r  p9_ps_system_i/processing_system7_0/inst/buffer_fclk_clk_1.FCLK_CLK_1_BUFG/O
                         net (fo=5818, routed)        1.495     2.687    p9_ps_system_i/mm2s_axis_clock_converter/inst/gen_async_conv.axisc_async_clock_converter_0/inst_xpm_cdc_sync_rst/dest_clk
    SLICE_X32Y14         FDRE                                         r  p9_ps_system_i/mm2s_axis_clock_converter/inst/gen_async_conv.axisc_async_clock_converter_0/inst_xpm_cdc_sync_rst/syncstages_ff_reg[0]/C





Min Delay Paths
--------------------------------------------------------------------------------------
Slack:                    inf
  Source:                 p9_ps_system_i/s2mm_axis_clock_converter/inst/gen_async_conv.axisc_async_clock_converter_0/xpm_fifo_async_inst/gnuram_async_fifo.xpm_fifo_base_inst/gen_cdc_pntr.wr_pntr_cdc_inst/src_gray_ff_reg[2]/C
                            (rising edge-triggered cell FDRE clocked by clk_fpga_0  {rise@0.000ns fall@7.813ns period=15.625ns})
  Destination:            p9_ps_system_i/s2mm_axis_clock_converter/inst/gen_async_conv.axisc_async_clock_converter_0/xpm_fifo_async_inst/gnuram_async_fifo.xpm_fifo_base_inst/gen_cdc_pntr.wr_pntr_cdc_inst/dest_graysync_ff_reg[0][2]/D
                            (rising edge-triggered cell FDRE clocked by clk_fpga_1  {rise@0.000ns fall@5.000ns period=10.000ns})
  Path Group:             (none)
  Path Type:              Hold (Min at Fast Process Corner)
  Data Path Delay:        0.305ns  (logic 0.141ns (46.183%)  route 0.164ns (53.817%))
  Logic Levels:           0  
  Clock Path Skew:        0.297ns (DCD - SCD - CPR)
    Destination Clock Delay (DCD):    1.192ns
    Source Clock Delay      (SCD):    0.895ns
    Clock Pessimism Removal (CPR):    -0.000ns
  Clock Uncertainty:      0.281ns  ((TSJ^2 + TIJ^2)^1/2 + DJ) / 2 + PE
    Total System Jitter     (TSJ):    0.071ns
    Total Input Jitter      (TIJ):    0.557ns
    Discrete Jitter          (DJ):    0.000ns
    Phase Error              (PE):    0.000ns
  Timing Exception:       False Path

    Location             Delay type                Incr(ns)  Path(ns)    Netlist Resource(s)
  -------------------------------------------------------------------    -------------------
                         (clock clk_fpga_0 rise edge)
                                                      0.000     0.000 r  
    PS7_X0Y0             PS7                          0.000     0.000 r  p9_ps_system_i/processing_system7_0/inst/PS7_i/FCLKCLK[0]
                         net (fo=1, routed)           0.315     0.315    p9_ps_system_i/processing_system7_0/inst/FCLK_CLK_unbuffered[0]
    BUFGCTRL_X0Y2        BUFG (Prop_bufg_I_O)         0.026     0.341 r  p9_ps_system_i/processing_system7_0/inst/buffer_fclk_clk_0.FCLK_CLK_0_BUFG/O
                         net (fo=9423, routed)        0.554     0.895    p9_ps_system_i/s2mm_axis_clock_converter/inst/gen_async_conv.axisc_async_clock_converter_0/xpm_fifo_async_inst/gnuram_async_fifo.xpm_fifo_base_inst/gen_cdc_pntr.wr_pntr_cdc_inst/src_clk
    SLICE_X33Y20         FDRE                                         r  p9_ps_system_i/s2mm_axis_clock_converter/inst/gen_async_conv.axisc_async_clock_converter_0/xpm_fifo_async_inst/gnuram_async_fifo.xpm_fifo_base_inst/gen_cdc_pntr.wr_pntr_cdc_inst/src_gray_ff_reg[2]/C
  -------------------------------------------------------------------    -------------------
    SLICE_X33Y20         FDRE (Prop_fdre_C_Q)         0.141     1.036 r  p9_ps_system_i/s2mm_axis_clock_converter/inst/gen_async_conv.axisc_async_clock_converter_0/xpm_fifo_async_inst/gnuram_async_fifo.xpm_fifo_base_inst/gen_cdc_pntr.wr_pntr_cdc_inst/src_gray_ff_reg[2]/Q
                         net (fo=1, routed)           0.164     1.200    p9_ps_system_i/s2mm_axis_clock_converter/inst/gen_async_conv.axisc_async_clock_converter_0/xpm_fifo_async_inst/gnuram_async_fifo.xpm_fifo_base_inst/gen_cdc_pntr.wr_pntr_cdc_inst/async_path[2]
    SLICE_X33Y18         FDRE                                         r  p9_ps_system_i/s2mm_axis_clock_converter/inst/gen_async_conv.axisc_async_clock_converter_0/xpm_fifo_async_inst/gnuram_async_fifo.xpm_fifo_base_inst/gen_cdc_pntr.wr_pntr_cdc_inst/dest_graysync_ff_reg[0][2]/D
  -------------------------------------------------------------------    -------------------

                         (clock clk_fpga_1 rise edge)
                                                      0.000     0.000 r  
    PS7_X0Y0             PS7                          0.000     0.000 r  p9_ps_system_i/processing_system7_0/inst/PS7_i/FCLKCLK[1]
                         net (fo=1, routed)           0.341     0.341    p9_ps_system_i/processing_system7_0/inst/FCLK_CLK_unbuffered[1]
    BUFGCTRL_X0Y0        BUFG (Prop_bufg_I_O)         0.029     0.370 r  p9_ps_system_i/processing_system7_0/inst/buffer_fclk_clk_1.FCLK_CLK_1_BUFG/O
                         net (fo=5818, routed)        0.822     1.192    p9_ps_system_i/s2mm_axis_clock_converter/inst/gen_async_conv.axisc_async_clock_converter_0/xpm_fifo_async_inst/gnuram_async_fifo.xpm_fifo_base_inst/gen_cdc_pntr.wr_pntr_cdc_inst/dest_clk
    SLICE_X33Y18         FDRE                                         r  p9_ps_system_i/s2mm_axis_clock_converter/inst/gen_async_conv.axisc_async_clock_converter_0/xpm_fifo_async_inst/gnuram_async_fifo.xpm_fifo_base_inst/gen_cdc_pntr.wr_pntr_cdc_inst/dest_graysync_ff_reg[0][2]/C





--------------------------------------------------------------------------------------
Path Group:  (none)
From Clock:  clk_fpga_1
  To Clock:  clk_fpga_1

Max Delay            12 Endpoints
Min Delay            12 Endpoints
--------------------------------------------------------------------------------------


Max Delay Paths
--------------------------------------------------------------------------------------
Slack:                    inf
  Source:                 p9_ps_system_i/rst_dma_100/U0/ACTIVE_LOW_BSR_OUT_DFF[0].FDRE_BSR_N/C
                            (rising edge-triggered cell FDRE clocked by clk_fpga_1  {rise@0.000ns fall@5.000ns period=10.000ns})
  Destination:            p9_ps_system_i/hp0_interconnect/m00_couplers/auto_pc/inst/gen_axi4_axi3.axi3_conv_inst/USE_READ.USE_SPLIT_R.read_addr_inst/USE_R_CHANNEL.cmd_queue/inst/fifo_gen_inst/inst_fifo_gen/gconvfifo.rf/grf.rf/rstblk/ngwrdrst.grst.g7serrst.gnsckt_wrst.rst_wr_reg2_inst/arststages_ff_reg[0]/PRE
                            (recovery check against rising-edge clock clk_fpga_1  {rise@0.000ns fall@5.000ns period=10.000ns})
  Path Group:             (none)
  Path Type:              Recovery (Max at Slow Process Corner)
  Data Path Delay:        4.036ns  (logic 0.580ns (14.372%)  route 3.456ns (85.628%))
  Logic Levels:           1  (LUT1=1)
  Clock Path Skew:        -0.223ns (DCD - SCD + CPR)
    Destination Clock Delay (DCD):    2.743ns
    Source Clock Delay      (SCD):    2.966ns
    Clock Pessimism Removal (CPR):    0.000ns
  Clock Uncertainty:      0.154ns  ((TSJ^2 + TIJ^2)^1/2 + DJ) / 2 + PE
    Total System Jitter     (TSJ):    0.071ns
    Total Input Jitter      (TIJ):    0.300ns
    Discrete Jitter          (DJ):    0.000ns
    Phase Error              (PE):    0.000ns
  Timing Exception:       False Path

    Location             Delay type                Incr(ns)  Path(ns)    Netlist Resource(s)
  -------------------------------------------------------------------    -------------------
                         (clock clk_fpga_1 rise edge)
                                                      0.000     0.000 r  
    PS7_X0Y0             PS7                          0.000     0.000 r  p9_ps_system_i/processing_system7_0/inst/PS7_i/FCLKCLK[1]
                         net (fo=1, routed)           1.207     1.207    p9_ps_system_i/processing_system7_0/inst/FCLK_CLK_unbuffered[1]
    BUFGCTRL_X0Y0        BUFG (Prop_bufg_I_O)         0.101     1.308 r  p9_ps_system_i/processing_system7_0/inst/buffer_fclk_clk_1.FCLK_CLK_1_BUFG/O
                         net (fo=5818, routed)        1.658     2.966    p9_ps_system_i/rst_dma_100/U0/slowest_sync_clk
    SLICE_X23Y18         FDRE                                         r  p9_ps_system_i/rst_dma_100/U0/ACTIVE_LOW_BSR_OUT_DFF[0].FDRE_BSR_N/C
  -------------------------------------------------------------------    -------------------
    SLICE_X23Y18         FDRE (Prop_fdre_C_Q)         0.456     3.422 r  p9_ps_system_i/rst_dma_100/U0/ACTIVE_LOW_BSR_OUT_DFF[0].FDRE_BSR_N/Q
                         net (fo=20, routed)          2.397     5.819    p9_ps_system_i/hp0_interconnect/m00_couplers/auto_pc/inst/gen_axi4_axi3.axi3_conv_inst/USE_WRITE.write_addr_inst/USE_BURSTS.cmd_queue/inst/aresetn
    SLICE_X12Y13         LUT1 (Prop_lut1_I0_O)        0.124     5.943 f  p9_ps_system_i/hp0_interconnect/m00_couplers/auto_pc/inst/gen_axi4_axi3.axi3_conv_inst/USE_WRITE.write_addr_inst/USE_BURSTS.cmd_queue/inst/S_AXI_AREADY_I_i_1/O
                         net (fo=248, routed)         1.059     7.002    p9_ps_system_i/hp0_interconnect/m00_couplers/auto_pc/inst/gen_axi4_axi3.axi3_conv_inst/USE_READ.USE_SPLIT_R.read_addr_inst/USE_R_CHANNEL.cmd_queue/inst/fifo_gen_inst/inst_fifo_gen/gconvfifo.rf/grf.rf/rstblk/ngwrdrst.grst.g7serrst.gnsckt_wrst.rst_wr_reg2_inst/src_arst
    SLICE_X4Y7           FDPE                                         f  p9_ps_system_i/hp0_interconnect/m00_couplers/auto_pc/inst/gen_axi4_axi3.axi3_conv_inst/USE_READ.USE_SPLIT_R.read_addr_inst/USE_R_CHANNEL.cmd_queue/inst/fifo_gen_inst/inst_fifo_gen/gconvfifo.rf/grf.rf/rstblk/ngwrdrst.grst.g7serrst.gnsckt_wrst.rst_wr_reg2_inst/arststages_ff_reg[0]/PRE
  -------------------------------------------------------------------    -------------------

                         (clock clk_fpga_1 rise edge)
                                                      0.000     0.000 r  
    PS7_X0Y0             PS7                          0.000     0.000 r  p9_ps_system_i/processing_system7_0/inst/PS7_i/FCLKCLK[1]
                         net (fo=1, routed)           1.101     1.101    p9_ps_system_i/processing_system7_0/inst/FCLK_CLK_unbuffered[1]
    BUFGCTRL_X0Y0        BUFG (Prop_bufg_I_O)         0.091     1.192 r  p9_ps_system_i/processing_system7_0/inst/buffer_fclk_clk_1.FCLK_CLK_1_BUFG/O
                         net (fo=5818, routed)        1.550     2.742    p9_ps_system_i/hp0_interconnect/m00_couplers/auto_pc/inst/gen_axi4_axi3.axi3_conv_inst/USE_READ.USE_SPLIT_R.read_addr_inst/USE_R_CHANNEL.cmd_queue/inst/fifo_gen_inst/inst_fifo_gen/gconvfifo.rf/grf.rf/rstblk/ngwrdrst.grst.g7serrst.gnsckt_wrst.rst_wr_reg2_inst/dest_clk
    SLICE_X4Y7           FDPE                                         r  p9_ps_system_i/hp0_interconnect/m00_couplers/auto_pc/inst/gen_axi4_axi3.axi3_conv_inst/USE_READ.USE_SPLIT_R.read_addr_inst/USE_R_CHANNEL.cmd_queue/inst/fifo_gen_inst/inst_fifo_gen/gconvfifo.rf/grf.rf/rstblk/ngwrdrst.grst.g7serrst.gnsckt_wrst.rst_wr_reg2_inst/arststages_ff_reg[0]/C





Min Delay Paths
--------------------------------------------------------------------------------------
Slack:                    inf
  Source:                 p9_ps_system_i/axi_dma_0/U0/I_RST_MODULE/GEN_RESET_FOR_S2MM.RESET_I/GEN_ASYNC_RESET.halt_cmplt_reg_reg/C
                            (rising edge-triggered cell FDRE clocked by clk_fpga_1  {rise@0.000ns fall@5.000ns period=10.000ns})
  Destination:            p9_ps_system_i/axi_dma_0/U0/I_RST_MODULE/GEN_RESET_FOR_S2MM.RESET_I/GEN_ASYNC_RESET.REG_HALT_CMPLT_IN/GENERATE_LEVEL_P_S_CDC.SINGLE_BIT.CROSS_PLEVEL_IN2SCNDRY_IN_cdc_to/D
                            (rising edge-triggered cell FDRE clocked by clk_fpga_1  {rise@0.000ns fall@5.000ns period=10.000ns})
  Path Group:             (none)
  Path Type:              Hold (Min at Fast Process Corner)
  Data Path Delay:        0.345ns  (logic 0.148ns (42.948%)  route 0.197ns (57.052%))
  Logic Levels:           0  
  Clock Path Skew:        0.300ns (DCD - SCD - CPR)
    Destination Clock Delay (DCD):    1.200ns
    Source Clock Delay      (SCD):    0.900ns
    Clock Pessimism Removal (CPR):    -0.000ns
  Clock Uncertainty:      0.154ns  ((TSJ^2 + TIJ^2)^1/2 + DJ) / 2 + PE
    Total System Jitter     (TSJ):    0.071ns
    Total Input Jitter      (TIJ):    0.300ns
    Discrete Jitter          (DJ):    0.000ns
    Phase Error              (PE):    0.000ns
  Timing Exception:       False Path

    Location             Delay type                Incr(ns)  Path(ns)    Netlist Resource(s)
  -------------------------------------------------------------------    -------------------
                         (clock clk_fpga_1 rise edge)
                                                      0.000     0.000 r  
    PS7_X0Y0             PS7                          0.000     0.000 r  p9_ps_system_i/processing_system7_0/inst/PS7_i/FCLKCLK[1]
                         net (fo=1, routed)           0.315     0.315    p9_ps_system_i/processing_system7_0/inst/FCLK_CLK_unbuffered[1]
    BUFGCTRL_X0Y0        BUFG (Prop_bufg_I_O)         0.026     0.341 r  p9_ps_system_i/processing_system7_0/inst/buffer_fclk_clk_1.FCLK_CLK_1_BUFG/O
                         net (fo=5818, routed)        0.559     0.900    p9_ps_system_i/axi_dma_0/U0/I_RST_MODULE/GEN_RESET_FOR_S2MM.RESET_I/m_axi_s2mm_aclk
    SLICE_X28Y13         FDRE                                         r  p9_ps_system_i/axi_dma_0/U0/I_RST_MODULE/GEN_RESET_FOR_S2MM.RESET_I/GEN_ASYNC_RESET.halt_cmplt_reg_reg/C
  -------------------------------------------------------------------    -------------------
    SLICE_X28Y13         FDRE (Prop_fdre_C_Q)         0.148     1.048 r  p9_ps_system_i/axi_dma_0/U0/I_RST_MODULE/GEN_RESET_FOR_S2MM.RESET_I/GEN_ASYNC_RESET.halt_cmplt_reg_reg/Q
                         net (fo=1, routed)           0.197     1.244    p9_ps_system_i/axi_dma_0/U0/I_RST_MODULE/GEN_RESET_FOR_S2MM.RESET_I/GEN_ASYNC_RESET.REG_HALT_CMPLT_IN/prmry_in
    SLICE_X29Y7          FDRE                                         r  p9_ps_system_i/axi_dma_0/U0/I_RST_MODULE/GEN_RESET_FOR_S2MM.RESET_I/GEN_ASYNC_RESET.REG_HALT_CMPLT_IN/GENERATE_LEVEL_P_S_CDC.SINGLE_BIT.CROSS_PLEVEL_IN2SCNDRY_IN_cdc_to/D
  -------------------------------------------------------------------    -------------------

                         (clock clk_fpga_1 rise edge)
                                                      0.000     0.000 r  
    PS7_X0Y0             PS7                          0.000     0.000 r  p9_ps_system_i/processing_system7_0/inst/PS7_i/FCLKCLK[1]
                         net (fo=1, routed)           0.341     0.341    p9_ps_system_i/processing_system7_0/inst/FCLK_CLK_unbuffered[1]
    BUFGCTRL_X0Y0        BUFG (Prop_bufg_I_O)         0.029     0.370 r  p9_ps_system_i/processing_system7_0/inst/buffer_fclk_clk_1.FCLK_CLK_1_BUFG/O
                         net (fo=5818, routed)        0.830     1.200    p9_ps_system_i/axi_dma_0/U0/I_RST_MODULE/GEN_RESET_FOR_S2MM.RESET_I/GEN_ASYNC_RESET.REG_HALT_CMPLT_IN/m_axi_sg_aclk
    SLICE_X29Y7          FDRE                                         r  p9_ps_system_i/axi_dma_0/U0/I_RST_MODULE/GEN_RESET_FOR_S2MM.RESET_I/GEN_ASYNC_RESET.REG_HALT_CMPLT_IN/GENERATE_LEVEL_P_S_CDC.SINGLE_BIT.CROSS_PLEVEL_IN2SCNDRY_IN_cdc_to/C





--------------------------------------------------------------------------------------
Path Group:  (none)
From Clock:  clk_fpga_2
  To Clock:  clk_fpga_1

Max Delay            50 Endpoints
Min Delay            50 Endpoints
--------------------------------------------------------------------------------------


Max Delay Paths
--------------------------------------------------------------------------------------
Slack:                    inf
  Source:                 p9_ps_system_i/processing_system7_0/inst/PS7_i/MAXIGP0ACLK
                            (rising edge-triggered cell PS7 clocked by clk_fpga_2  {rise@0.000ns fall@10.000ns period=20.000ns})
  Destination:            p9_ps_system_i/axi_dma_0/U0/I_AXI_DMA_REG_MODULE/GEN_AXI_LITE_IF.AXI_LITE_IF_I/GEN_ASYNC_WRITE.REG_WADDR_TO_IPCLK1/GENERATE_LEVEL_P_S_CDC.MULTI_BIT.FOR_IN_cdc_to[13].CROSS2_PLEVEL_IN2SCNDRY_IN_cdc_to/D
                            (rising edge-triggered cell FDRE clocked by clk_fpga_1  {rise@0.000ns fall@5.000ns period=10.000ns})
  Path Group:             (none)
  Path Type:              Setup (Max at Slow Process Corner)
  Data Path Delay:        4.279ns  (logic 1.450ns (33.888%)  route 2.829ns (66.112%))
  Logic Levels:           0  
  Clock Path Skew:        -0.390ns (DCD - SCD + CPR)
    Destination Clock Delay (DCD):    2.682ns
    Source Clock Delay      (SCD):    3.073ns
    Clock Pessimism Removal (CPR):    0.000ns
  Clock Uncertainty:      0.337ns  ((TSJ^2 + TIJ^2)^1/2 + DJ) / 2 + PE
    Total System Jitter     (TSJ):    0.071ns
    Total Input Jitter      (TIJ):    0.671ns
    Discrete Jitter          (DJ):    0.000ns
    Phase Error              (PE):    0.000ns
  Timing Exception:       False Path

    Location             Delay type                Incr(ns)  Path(ns)    Netlist Resource(s)
  -------------------------------------------------------------------    -------------------
                         (clock clk_fpga_2 rise edge)
                                                      0.000     0.000 r  
    PS7_X0Y0             PS7                          0.000     0.000 r  p9_ps_system_i/processing_system7_0/inst/PS7_i/FCLKCLK[2]
                         net (fo=1, routed)           1.207     1.207    p9_ps_system_i/processing_system7_0/inst/FCLK_CLK_unbuffered[2]
    BUFGCTRL_X0Y1        BUFG (Prop_bufg_I_O)         0.101     1.308 r  p9_ps_system_i/processing_system7_0/inst/buffer_fclk_clk_2.FCLK_CLK_2_BUFG/O
                         net (fo=1123, routed)        1.765     3.073    p9_ps_system_i/processing_system7_0/inst/M_AXI_GP0_ACLK
    PS7_X0Y0             PS7                                          r  p9_ps_system_i/processing_system7_0/inst/PS7_i/MAXIGP0ACLK
  -------------------------------------------------------------------    -------------------
    PS7_X0Y0             PS7 (Prop_ps7_MAXIGP0ACLK_MAXIGP0WDATA[13])
                                                      1.450     4.523 r  p9_ps_system_i/processing_system7_0/inst/PS7_i/MAXIGP0WDATA[13]
                         net (fo=2, routed)           2.829     7.352    p9_ps_system_i/axi_dma_0/U0/I_AXI_DMA_REG_MODULE/GEN_AXI_LITE_IF.AXI_LITE_IF_I/GEN_ASYNC_WRITE.REG_WADDR_TO_IPCLK1/s_axi_lite_wdata[11]
    SLICE_X25Y35         FDRE                                         r  p9_ps_system_i/axi_dma_0/U0/I_AXI_DMA_REG_MODULE/GEN_AXI_LITE_IF.AXI_LITE_IF_I/GEN_ASYNC_WRITE.REG_WADDR_TO_IPCLK1/GENERATE_LEVEL_P_S_CDC.MULTI_BIT.FOR_IN_cdc_to[13].CROSS2_PLEVEL_IN2SCNDRY_IN_cdc_to/D
  -------------------------------------------------------------------    -------------------

                         (clock clk_fpga_1 rise edge)
                                                      0.000     0.000 r  
    PS7_X0Y0             PS7                          0.000     0.000 r  p9_ps_system_i/processing_system7_0/inst/PS7_i/FCLKCLK[1]
                         net (fo=1, routed)           1.101     1.101    p9_ps_system_i/processing_system7_0/inst/FCLK_CLK_unbuffered[1]
    BUFGCTRL_X0Y0        BUFG (Prop_bufg_I_O)         0.091     1.192 r  p9_ps_system_i/processing_system7_0/inst/buffer_fclk_clk_1.FCLK_CLK_1_BUFG/O
                         net (fo=5818, routed)        1.490     2.682    p9_ps_system_i/axi_dma_0/U0/I_AXI_DMA_REG_MODULE/GEN_AXI_LITE_IF.AXI_LITE_IF_I/GEN_ASYNC_WRITE.REG_WADDR_TO_IPCLK1/m_axi_sg_aclk
    SLICE_X25Y35         FDRE                                         r  p9_ps_system_i/axi_dma_0/U0/I_AXI_DMA_REG_MODULE/GEN_AXI_LITE_IF.AXI_LITE_IF_I/GEN_ASYNC_WRITE.REG_WADDR_TO_IPCLK1/GENERATE_LEVEL_P_S_CDC.MULTI_BIT.FOR_IN_cdc_to[13].CROSS2_PLEVEL_IN2SCNDRY_IN_cdc_to/C





Min Delay Paths
--------------------------------------------------------------------------------------
Slack:                    inf
  Source:                 p9_ps_system_i/gp0_interconnect/xbar/inst/gen_sasd.crossbar_sasd_0/addr_arbiter_inst/gen_no_arbiter.m_amesg_i_reg[3]/C
                            (rising edge-triggered cell FDRE clocked by clk_fpga_2  {rise@0.000ns fall@10.000ns period=20.000ns})
  Destination:            p9_ps_system_i/axi_dma_0/U0/I_AXI_DMA_REG_MODULE/GEN_AXI_LITE_IF.AXI_LITE_IF_I/GEN_ASYNC_READ.REG_RADDR_TO_IPCLK/GENERATE_LEVEL_P_S_CDC.MULTI_BIT.FOR_IN_cdc_to[2].CROSS2_PLEVEL_IN2SCNDRY_IN_cdc_to/D
                            (rising edge-triggered cell FDRE clocked by clk_fpga_1  {rise@0.000ns fall@5.000ns period=10.000ns})
  Path Group:             (none)
  Path Type:              Hold (Min at Fast Process Corner)
  Data Path Delay:        0.267ns  (logic 0.141ns (52.742%)  route 0.126ns (47.258%))
  Logic Levels:           0  
  Clock Path Skew:        0.292ns (DCD - SCD - CPR)
    Destination Clock Delay (DCD):    1.206ns
    Source Clock Delay      (SCD):    0.914ns
    Clock Pessimism Removal (CPR):    -0.000ns
  Clock Uncertainty:      0.337ns  ((TSJ^2 + TIJ^2)^1/2 + DJ) / 2 + PE
    Total System Jitter     (TSJ):    0.071ns
    Total Input Jitter      (TIJ):    0.671ns
    Discrete Jitter          (DJ):    0.000ns
    Phase Error              (PE):    0.000ns
  Timing Exception:       False Path

    Location             Delay type                Incr(ns)  Path(ns)    Netlist Resource(s)
  -------------------------------------------------------------------    -------------------
                         (clock clk_fpga_2 rise edge)
                                                      0.000     0.000 r  
    PS7_X0Y0             PS7                          0.000     0.000 r  p9_ps_system_i/processing_system7_0/inst/PS7_i/FCLKCLK[2]
                         net (fo=1, routed)           0.315     0.315    p9_ps_system_i/processing_system7_0/inst/FCLK_CLK_unbuffered[2]
    BUFGCTRL_X0Y1        BUFG (Prop_bufg_I_O)         0.026     0.341 r  p9_ps_system_i/processing_system7_0/inst/buffer_fclk_clk_2.FCLK_CLK_2_BUFG/O
                         net (fo=1123, routed)        0.573     0.914    p9_ps_system_i/gp0_interconnect/xbar/inst/gen_sasd.crossbar_sasd_0/addr_arbiter_inst/aclk
    SLICE_X1Y28          FDRE                                         r  p9_ps_system_i/gp0_interconnect/xbar/inst/gen_sasd.crossbar_sasd_0/addr_arbiter_inst/gen_no_arbiter.m_amesg_i_reg[3]/C
  -------------------------------------------------------------------    -------------------
    SLICE_X1Y28          FDRE (Prop_fdre_C_Q)         0.141     1.054 r  p9_ps_system_i/gp0_interconnect/xbar/inst/gen_sasd.crossbar_sasd_0/addr_arbiter_inst/gen_no_arbiter.m_amesg_i_reg[3]/Q
                         net (fo=4, routed)           0.126     1.181    p9_ps_system_i/axi_dma_0/U0/I_AXI_DMA_REG_MODULE/GEN_AXI_LITE_IF.AXI_LITE_IF_I/GEN_ASYNC_READ.REG_RADDR_TO_IPCLK/s_axi_lite_araddr[2]
    SLICE_X0Y26          FDRE                                         r  p9_ps_system_i/axi_dma_0/U0/I_AXI_DMA_REG_MODULE/GEN_AXI_LITE_IF.AXI_LITE_IF_I/GEN_ASYNC_READ.REG_RADDR_TO_IPCLK/GENERATE_LEVEL_P_S_CDC.MULTI_BIT.FOR_IN_cdc_to[2].CROSS2_PLEVEL_IN2SCNDRY_IN_cdc_to/D
  -------------------------------------------------------------------    -------------------

                         (clock clk_fpga_1 rise edge)
                                                      0.000     0.000 r  
    PS7_X0Y0             PS7                          0.000     0.000 r  p9_ps_system_i/processing_system7_0/inst/PS7_i/FCLKCLK[1]
                         net (fo=1, routed)           0.341     0.341    p9_ps_system_i/processing_system7_0/inst/FCLK_CLK_unbuffered[1]
    BUFGCTRL_X0Y0        BUFG (Prop_bufg_I_O)         0.029     0.370 r  p9_ps_system_i/processing_system7_0/inst/buffer_fclk_clk_1.FCLK_CLK_1_BUFG/O
                         net (fo=5818, routed)        0.836     1.206    p9_ps_system_i/axi_dma_0/U0/I_AXI_DMA_REG_MODULE/GEN_AXI_LITE_IF.AXI_LITE_IF_I/GEN_ASYNC_READ.REG_RADDR_TO_IPCLK/m_axi_sg_aclk
    SLICE_X0Y26          FDRE                                         r  p9_ps_system_i/axi_dma_0/U0/I_AXI_DMA_REG_MODULE/GEN_AXI_LITE_IF.AXI_LITE_IF_I/GEN_ASYNC_READ.REG_RADDR_TO_IPCLK/GENERATE_LEVEL_P_S_CDC.MULTI_BIT.FOR_IN_cdc_to[2].CROSS2_PLEVEL_IN2SCNDRY_IN_cdc_to/C





--------------------------------------------------------------------------------------
Path Group:  (none)
From Clock:  
  To Clock:  clk_fpga_2

Max Delay             1 Endpoint
Min Delay             1 Endpoint
--------------------------------------------------------------------------------------


Max Delay Paths
--------------------------------------------------------------------------------------
Slack:                    inf
  Source:                 p9_ps_system_i/processing_system7_0/inst/PS7_i/FCLKRESETN[0]
                            (internal pin)
  Destination:            p9_ps_system_i/rst_axil_50/U0/EXT_LPF/ACTIVE_LOW_EXT.ACT_LO_EXT/GENERATE_LEVEL_P_S_CDC.SINGLE_BIT.CROSS_PLEVEL_IN2SCNDRY_IN_cdc_to/D
                            (rising edge-triggered cell FDRE clocked by clk_fpga_2  {rise@0.000ns fall@10.000ns period=20.000ns})
  Path Group:             (none)
  Path Type:              Setup (Max at Slow Process Corner)
  Data Path Delay:        2.408ns  (logic 0.124ns (5.150%)  route 2.284ns (94.850%))
  Logic Levels:           1  (LUT1=1)
  Clock Uncertainty:      0.301ns  ((TSJ^2 + TIJ^2)^1/2 + DJ) / 2 + PE
    Total System Jitter     (TSJ):    0.050ns
    Total Input Jitter      (TIJ):    0.600ns
    Discrete Jitter          (DJ):    0.000ns
    Phase Error              (PE):    0.000ns
  Timing Exception:       False Path

    Location             Delay type                Incr(ns)  Path(ns)    Netlist Resource(s)
  -------------------------------------------------------------------    -------------------
    PS7_X0Y0             PS7                          0.000     0.000 f  p9_ps_system_i/processing_system7_0/inst/PS7_i/FCLKRESETN[0]
                         net (fo=3, routed)           1.400     1.400    p9_ps_system_i/rst_axil_50/U0/EXT_LPF/ACTIVE_LOW_EXT.ACT_LO_EXT/ext_reset_in
    SLICE_X4Y26          LUT1 (Prop_lut1_I0_O)        0.124     1.524 r  p9_ps_system_i/rst_axil_50/U0/EXT_LPF/ACTIVE_LOW_EXT.ACT_LO_EXT/GENERATE_LEVEL_P_S_CDC.SINGLE_BIT.CROSS_PLEVEL_IN2SCNDRY_IN_cdc_to_i_1/O
                         net (fo=1, routed)           0.883     2.408    p9_ps_system_i/rst_axil_50/U0/EXT_LPF/ACTIVE_LOW_EXT.ACT_LO_EXT/exr_d1
    SLICE_X13Y31         FDRE                                         r  p9_ps_system_i/rst_axil_50/U0/EXT_LPF/ACTIVE_LOW_EXT.ACT_LO_EXT/GENERATE_LEVEL_P_S_CDC.SINGLE_BIT.CROSS_PLEVEL_IN2SCNDRY_IN_cdc_to/D
  -------------------------------------------------------------------    -------------------

                         (clock clk_fpga_2 rise edge)
                                                      0.000     0.000 r  
    PS7_X0Y0             PS7                          0.000     0.000 r  p9_ps_system_i/processing_system7_0/inst/PS7_i/FCLKCLK[2]
                         net (fo=1, routed)           1.101     1.101    p9_ps_system_i/processing_system7_0/inst/FCLK_CLK_unbuffered[2]
    BUFGCTRL_X0Y1        BUFG (Prop_bufg_I_O)         0.091     1.192 r  p9_ps_system_i/processing_system7_0/inst/buffer_fclk_clk_2.FCLK_CLK_2_BUFG/O
                         net (fo=1123, routed)        1.497     2.689    p9_ps_system_i/rst_axil_50/U0/EXT_LPF/ACTIVE_LOW_EXT.ACT_LO_EXT/slowest_sync_clk
    SLICE_X13Y31         FDRE                                         r  p9_ps_system_i/rst_axil_50/U0/EXT_LPF/ACTIVE_LOW_EXT.ACT_LO_EXT/GENERATE_LEVEL_P_S_CDC.SINGLE_BIT.CROSS_PLEVEL_IN2SCNDRY_IN_cdc_to/C





Min Delay Paths
--------------------------------------------------------------------------------------
Slack:                    inf
  Source:                 p9_ps_system_i/processing_system7_0/inst/PS7_i/FCLKRESETN[0]
                            (internal pin)
  Destination:            p9_ps_system_i/rst_axil_50/U0/EXT_LPF/ACTIVE_LOW_EXT.ACT_LO_EXT/GENERATE_LEVEL_P_S_CDC.SINGLE_BIT.CROSS_PLEVEL_IN2SCNDRY_IN_cdc_to/D
                            (rising edge-triggered cell FDRE clocked by clk_fpga_2  {rise@0.000ns fall@10.000ns period=20.000ns})
  Path Group:             (none)
  Path Type:              Hold (Min at Fast Process Corner)
  Data Path Delay:        0.933ns  (logic 0.045ns (4.825%)  route 0.888ns (95.175%))
  Logic Levels:           1  (LUT1=1)
  Clock Uncertainty:      0.301ns  ((TSJ^2 + TIJ^2)^1/2 + DJ) / 2 + PE
    Total System Jitter     (TSJ):    0.050ns
    Total Input Jitter      (TIJ):    0.600ns
    Discrete Jitter          (DJ):    0.000ns
    Phase Error              (PE):    0.000ns
  Timing Exception:       False Path

    Location             Delay type                Incr(ns)  Path(ns)    Netlist Resource(s)
  -------------------------------------------------------------------    -------------------
    PS7_X0Y0             PS7                          0.000     0.000 f  p9_ps_system_i/processing_system7_0/inst/PS7_i/FCLKRESETN[0]
                         net (fo=3, routed)           0.497     0.497    p9_ps_system_i/rst_axil_50/U0/EXT_LPF/ACTIVE_LOW_EXT.ACT_LO_EXT/ext_reset_in
    SLICE_X4Y26          LUT1 (Prop_lut1_I0_O)        0.045     0.542 r  p9_ps_system_i/rst_axil_50/U0/EXT_LPF/ACTIVE_LOW_EXT.ACT_LO_EXT/GENERATE_LEVEL_P_S_CDC.SINGLE_BIT.CROSS_PLEVEL_IN2SCNDRY_IN_cdc_to_i_1/O
                         net (fo=1, routed)           0.390     0.933    p9_ps_system_i/rst_axil_50/U0/EXT_LPF/ACTIVE_LOW_EXT.ACT_LO_EXT/exr_d1
    SLICE_X13Y31         FDRE                                         r  p9_ps_system_i/rst_axil_50/U0/EXT_LPF/ACTIVE_LOW_EXT.ACT_LO_EXT/GENERATE_LEVEL_P_S_CDC.SINGLE_BIT.CROSS_PLEVEL_IN2SCNDRY_IN_cdc_to/D
  -------------------------------------------------------------------    -------------------

                         (clock clk_fpga_2 rise edge)
                                                      0.000     0.000 r  
    PS7_X0Y0             PS7                          0.000     0.000 r  p9_ps_system_i/processing_system7_0/inst/PS7_i/FCLKCLK[2]
                         net (fo=1, routed)           0.341     0.341    p9_ps_system_i/processing_system7_0/inst/FCLK_CLK_unbuffered[2]
    BUFGCTRL_X0Y1        BUFG (Prop_bufg_I_O)         0.029     0.370 r  p9_ps_system_i/processing_system7_0/inst/buffer_fclk_clk_2.FCLK_CLK_2_BUFG/O
                         net (fo=1123, routed)        0.825     1.195    p9_ps_system_i/rst_axil_50/U0/EXT_LPF/ACTIVE_LOW_EXT.ACT_LO_EXT/slowest_sync_clk
    SLICE_X13Y31         FDRE                                         r  p9_ps_system_i/rst_axil_50/U0/EXT_LPF/ACTIVE_LOW_EXT.ACT_LO_EXT/GENERATE_LEVEL_P_S_CDC.SINGLE_BIT.CROSS_PLEVEL_IN2SCNDRY_IN_cdc_to/C





--------------------------------------------------------------------------------------
Path Group:  (none)
From Clock:  clk_fpga_0
  To Clock:  clk_fpga_2

Max Delay             5 Endpoints
Min Delay            41 Endpoints
--------------------------------------------------------------------------------------


Max Delay Paths
--------------------------------------------------------------------------------------
Slack:                    inf
  Source:                 p9_ps_system_i/p9_axil_clock_converter/inst/gen_clock_conv.gen_async_lite_conv.clock_conv_lite_fwd_aw/dest_ack_reg/C
                            (rising edge-triggered cell FDRE clocked by clk_fpga_0  {rise@0.000ns fall@7.813ns period=15.625ns})
  Destination:            p9_ps_system_i/p9_axil_clock_converter/inst/gen_clock_conv.gen_async_lite_conv.clock_conv_lite_fwd_aw/handshake/xpm_cdc_single_dest2src_inst/syncstages_ff_reg[0]/D
                            (rising edge-triggered cell FDRE clocked by clk_fpga_2  {rise@0.000ns fall@10.000ns period=20.000ns})
  Path Group:             (none)
  Path Type:              Setup (Max at Slow Process Corner)
  Data Path Delay:        2.306ns  (logic 0.518ns (22.459%)  route 1.788ns (77.541%))
  Logic Levels:           0  
  Clock Path Skew:        -0.251ns (DCD - SCD + CPR)
    Destination Clock Delay (DCD):    2.738ns
    Source Clock Delay      (SCD):    2.990ns
    Clock Pessimism Removal (CPR):    0.000ns
  Clock Uncertainty:      0.382ns  ((TSJ^2 + TIJ^2)^1/2 + DJ) / 2 + PE
    Total System Jitter     (TSJ):    0.071ns
    Total Input Jitter      (TIJ):    0.762ns
    Discrete Jitter          (DJ):    0.000ns
    Phase Error              (PE):    0.000ns
  Timing Exception:       False Path

    Location             Delay type                Incr(ns)  Path(ns)    Netlist Resource(s)
  -------------------------------------------------------------------    -------------------
                         (clock clk_fpga_0 rise edge)
                                                      0.000     0.000 r  
    PS7_X0Y0             PS7                          0.000     0.000 r  p9_ps_system_i/processing_system7_0/inst/PS7_i/FCLKCLK[0]
                         net (fo=1, routed)           1.207     1.207    p9_ps_system_i/processing_system7_0/inst/FCLK_CLK_unbuffered[0]
    BUFGCTRL_X0Y2        BUFG (Prop_bufg_I_O)         0.101     1.308 r  p9_ps_system_i/processing_system7_0/inst/buffer_fclk_clk_0.FCLK_CLK_0_BUFG/O
                         net (fo=9423, routed)        1.682     2.990    p9_ps_system_i/p9_axil_clock_converter/inst/gen_clock_conv.gen_async_lite_conv.clock_conv_lite_fwd_aw/dest_ack_reg_0
    SLICE_X10Y47         FDRE                                         r  p9_ps_system_i/p9_axil_clock_converter/inst/gen_clock_conv.gen_async_lite_conv.clock_conv_lite_fwd_aw/dest_ack_reg/C
  -------------------------------------------------------------------    -------------------
    SLICE_X10Y47         FDRE (Prop_fdre_C_Q)         0.518     3.508 r  p9_ps_system_i/p9_axil_clock_converter/inst/gen_clock_conv.gen_async_lite_conv.clock_conv_lite_fwd_aw/dest_ack_reg/Q
                         net (fo=2, routed)           1.788     5.296    p9_ps_system_i/p9_axil_clock_converter/inst/gen_clock_conv.gen_async_lite_conv.clock_conv_lite_fwd_aw/handshake/xpm_cdc_single_dest2src_inst/src_in
    SLICE_X0Y7           FDRE                                         r  p9_ps_system_i/p9_axil_clock_converter/inst/gen_clock_conv.gen_async_lite_conv.clock_conv_lite_fwd_aw/handshake/xpm_cdc_single_dest2src_inst/syncstages_ff_reg[0]/D
  -------------------------------------------------------------------    -------------------

                         (clock clk_fpga_2 rise edge)
                                                      0.000     0.000 r  
    PS7_X0Y0             PS7                          0.000     0.000 r  p9_ps_system_i/processing_system7_0/inst/PS7_i/FCLKCLK[2]
                         net (fo=1, routed)           1.101     1.101    p9_ps_system_i/processing_system7_0/inst/FCLK_CLK_unbuffered[2]
    BUFGCTRL_X0Y1        BUFG (Prop_bufg_I_O)         0.091     1.192 r  p9_ps_system_i/processing_system7_0/inst/buffer_fclk_clk_2.FCLK_CLK_2_BUFG/O
                         net (fo=1123, routed)        1.546     2.738    p9_ps_system_i/p9_axil_clock_converter/inst/gen_clock_conv.gen_async_lite_conv.clock_conv_lite_fwd_aw/handshake/xpm_cdc_single_dest2src_inst/dest_clk
    SLICE_X0Y7           FDRE                                         r  p9_ps_system_i/p9_axil_clock_converter/inst/gen_clock_conv.gen_async_lite_conv.clock_conv_lite_fwd_aw/handshake/xpm_cdc_single_dest2src_inst/syncstages_ff_reg[0]/C





Min Delay Paths
--------------------------------------------------------------------------------------
Slack:                    inf
  Source:                 p9_ps_system_i/p9_axil_clock_converter/inst/gen_clock_conv.gen_async_lite_conv.clock_conv_lite_resp_r/handshake/src_hsdata_ff_reg[8]/C
                            (rising edge-triggered cell FDRE clocked by clk_fpga_0  {rise@0.000ns fall@7.813ns period=15.625ns})
  Destination:            p9_ps_system_i/p9_axil_clock_converter/inst/gen_clock_conv.gen_async_lite_conv.clock_conv_lite_resp_r/handshake/dest_hsdata_ff_reg[8]/D
                            (rising edge-triggered cell FDRE clocked by clk_fpga_2  {rise@0.000ns fall@10.000ns period=20.000ns})
  Path Group:             (none)
  Path Type:              Hold (Min at Fast Process Corner)
  Data Path Delay:        0.321ns  (logic 0.141ns (43.977%)  route 0.180ns (56.023%))
  Logic Levels:           0  
  Clock Path Skew:        0.299ns (DCD - SCD - CPR)
    Destination Clock Delay (DCD):    1.202ns
    Source Clock Delay      (SCD):    0.903ns
    Clock Pessimism Removal (CPR):    -0.000ns
  Clock Uncertainty:      0.382ns  ((TSJ^2 + TIJ^2)^1/2 + DJ) / 2 + PE
    Total System Jitter     (TSJ):    0.071ns
    Total Input Jitter      (TIJ):    0.762ns
    Discrete Jitter          (DJ):    0.000ns
    Phase Error              (PE):    0.000ns
  Timing Exception:       False Path

    Location             Delay type                Incr(ns)  Path(ns)    Netlist Resource(s)
  -------------------------------------------------------------------    -------------------
                         (clock clk_fpga_0 rise edge)
                                                      0.000     0.000 r  
    PS7_X0Y0             PS7                          0.000     0.000 r  p9_ps_system_i/processing_system7_0/inst/PS7_i/FCLKCLK[0]
                         net (fo=1, routed)           0.315     0.315    p9_ps_system_i/processing_system7_0/inst/FCLK_CLK_unbuffered[0]
    BUFGCTRL_X0Y2        BUFG (Prop_bufg_I_O)         0.026     0.341 r  p9_ps_system_i/processing_system7_0/inst/buffer_fclk_clk_0.FCLK_CLK_0_BUFG/O
                         net (fo=9423, routed)        0.562     0.903    p9_ps_system_i/p9_axil_clock_converter/inst/gen_clock_conv.gen_async_lite_conv.clock_conv_lite_resp_r/handshake/src_clk
    SLICE_X14Y51         FDRE                                         r  p9_ps_system_i/p9_axil_clock_converter/inst/gen_clock_conv.gen_async_lite_conv.clock_conv_lite_resp_r/handshake/src_hsdata_ff_reg[8]/C
  -------------------------------------------------------------------    -------------------
    SLICE_X14Y51         FDRE (Prop_fdre_C_Q)         0.141     1.044 r  p9_ps_system_i/p9_axil_clock_converter/inst/gen_clock_conv.gen_async_lite_conv.clock_conv_lite_resp_r/handshake/src_hsdata_ff_reg[8]/Q
                         net (fo=1, routed)           0.180     1.223    p9_ps_system_i/p9_axil_clock_converter/inst/gen_clock_conv.gen_async_lite_conv.clock_conv_lite_resp_r/handshake/src_hsdata_ff[8]
    SLICE_X15Y47         FDRE                                         r  p9_ps_system_i/p9_axil_clock_converter/inst/gen_clock_conv.gen_async_lite_conv.clock_conv_lite_resp_r/handshake/dest_hsdata_ff_reg[8]/D
  -------------------------------------------------------------------    -------------------

                         (clock clk_fpga_2 rise edge)
                                                      0.000     0.000 r  
    PS7_X0Y0             PS7                          0.000     0.000 r  p9_ps_system_i/processing_system7_0/inst/PS7_i/FCLKCLK[2]
                         net (fo=1, routed)           0.341     0.341    p9_ps_system_i/processing_system7_0/inst/FCLK_CLK_unbuffered[2]
    BUFGCTRL_X0Y1        BUFG (Prop_bufg_I_O)         0.029     0.370 r  p9_ps_system_i/processing_system7_0/inst/buffer_fclk_clk_2.FCLK_CLK_2_BUFG/O
                         net (fo=1123, routed)        0.832     1.202    p9_ps_system_i/p9_axil_clock_converter/inst/gen_clock_conv.gen_async_lite_conv.clock_conv_lite_resp_r/handshake/dest_clk
    SLICE_X15Y47         FDRE                                         r  p9_ps_system_i/p9_axil_clock_converter/inst/gen_clock_conv.gen_async_lite_conv.clock_conv_lite_resp_r/handshake/dest_hsdata_ff_reg[8]/C





--------------------------------------------------------------------------------------
Path Group:  (none)
From Clock:  clk_fpga_1
  To Clock:  clk_fpga_2

Max Delay            35 Endpoints
Min Delay            35 Endpoints
--------------------------------------------------------------------------------------


Max Delay Paths
--------------------------------------------------------------------------------------
Slack:                    inf
  Source:                 p9_ps_system_i/axi_dma_0/U0/I_AXI_DMA_REG_MODULE/GEN_AXI_LITE_IF.AXI_LITE_IF_I/GEN_ASYNC_WRITE.rdy_cdc_from_reg/C
                            (rising edge-triggered cell FDRE clocked by clk_fpga_1  {rise@0.000ns fall@5.000ns period=10.000ns})
  Destination:            p9_ps_system_i/axi_dma_0/U0/I_AXI_DMA_REG_MODULE/GEN_AXI_LITE_IF.AXI_LITE_IF_I/GEN_ASYNC_WRITE.REG2_WREADY/GENERATE_LEVEL_P_S_CDC.SINGLE_BIT.CROSS_PLEVEL_IN2SCNDRY_IN_cdc_to/D
                            (rising edge-triggered cell FDRE clocked by clk_fpga_2  {rise@0.000ns fall@10.000ns period=20.000ns})
  Path Group:             (none)
  Path Type:              Setup (Max at Slow Process Corner)
  Data Path Delay:        2.060ns  (logic 0.518ns (25.151%)  route 1.542ns (74.849%))
  Logic Levels:           0  
  Clock Path Skew:        -0.236ns (DCD - SCD + CPR)
    Destination Clock Delay (DCD):    2.740ns
    Source Clock Delay      (SCD):    2.975ns
    Clock Pessimism Removal (CPR):    0.000ns
  Clock Uncertainty:      0.337ns  ((TSJ^2 + TIJ^2)^1/2 + DJ) / 2 + PE
    Total System Jitter     (TSJ):    0.071ns
    Total Input Jitter      (TIJ):    0.671ns
    Discrete Jitter          (DJ):    0.000ns
    Phase Error              (PE):    0.000ns
  Timing Exception:       False Path

    Location             Delay type                Incr(ns)  Path(ns)    Netlist Resource(s)
  -------------------------------------------------------------------    -------------------
                         (clock clk_fpga_1 rise edge)
                                                      0.000     0.000 r  
    PS7_X0Y0             PS7                          0.000     0.000 r  p9_ps_system_i/processing_system7_0/inst/PS7_i/FCLKCLK[1]
                         net (fo=1, routed)           1.207     1.207    p9_ps_system_i/processing_system7_0/inst/FCLK_CLK_unbuffered[1]
    BUFGCTRL_X0Y0        BUFG (Prop_bufg_I_O)         0.101     1.308 r  p9_ps_system_i/processing_system7_0/inst/buffer_fclk_clk_1.FCLK_CLK_1_BUFG/O
                         net (fo=5818, routed)        1.667     2.975    p9_ps_system_i/axi_dma_0/U0/I_AXI_DMA_REG_MODULE/GEN_AXI_LITE_IF.AXI_LITE_IF_I/m_axi_sg_aclk
    SLICE_X16Y15         FDRE                                         r  p9_ps_system_i/axi_dma_0/U0/I_AXI_DMA_REG_MODULE/GEN_AXI_LITE_IF.AXI_LITE_IF_I/GEN_ASYNC_WRITE.rdy_cdc_from_reg/C
  -------------------------------------------------------------------    -------------------
    SLICE_X16Y15         FDRE (Prop_fdre_C_Q)         0.518     3.493 r  p9_ps_system_i/axi_dma_0/U0/I_AXI_DMA_REG_MODULE/GEN_AXI_LITE_IF.AXI_LITE_IF_I/GEN_ASYNC_WRITE.rdy_cdc_from_reg/Q
                         net (fo=2, routed)           1.542     5.035    p9_ps_system_i/axi_dma_0/U0/I_AXI_DMA_REG_MODULE/GEN_AXI_LITE_IF.AXI_LITE_IF_I/GEN_ASYNC_WRITE.REG2_WREADY/prmry_in
    SLICE_X1Y5           FDRE                                         r  p9_ps_system_i/axi_dma_0/U0/I_AXI_DMA_REG_MODULE/GEN_AXI_LITE_IF.AXI_LITE_IF_I/GEN_ASYNC_WRITE.REG2_WREADY/GENERATE_LEVEL_P_S_CDC.SINGLE_BIT.CROSS_PLEVEL_IN2SCNDRY_IN_cdc_to/D
  -------------------------------------------------------------------    -------------------

                         (clock clk_fpga_2 rise edge)
                                                      0.000     0.000 r  
    PS7_X0Y0             PS7                          0.000     0.000 r  p9_ps_system_i/processing_system7_0/inst/PS7_i/FCLKCLK[2]
                         net (fo=1, routed)           1.101     1.101    p9_ps_system_i/processing_system7_0/inst/FCLK_CLK_unbuffered[2]
    BUFGCTRL_X0Y1        BUFG (Prop_bufg_I_O)         0.091     1.192 r  p9_ps_system_i/processing_system7_0/inst/buffer_fclk_clk_2.FCLK_CLK_2_BUFG/O
                         net (fo=1123, routed)        1.547     2.740    p9_ps_system_i/axi_dma_0/U0/I_AXI_DMA_REG_MODULE/GEN_AXI_LITE_IF.AXI_LITE_IF_I/GEN_ASYNC_WRITE.REG2_WREADY/s_axi_lite_aclk
    SLICE_X1Y5           FDRE                                         r  p9_ps_system_i/axi_dma_0/U0/I_AXI_DMA_REG_MODULE/GEN_AXI_LITE_IF.AXI_LITE_IF_I/GEN_ASYNC_WRITE.REG2_WREADY/GENERATE_LEVEL_P_S_CDC.SINGLE_BIT.CROSS_PLEVEL_IN2SCNDRY_IN_cdc_to/C





Min Delay Paths
--------------------------------------------------------------------------------------
Slack:                    inf
  Source:                 p9_ps_system_i/axi_dma_0/U0/I_AXI_DMA_REG_MODULE/GEN_AXI_LITE_IF.AXI_LITE_IF_I/GEN_ASYNC_READ.lite_rdata_cdc_from_reg[17]/C
                            (rising edge-triggered cell FDRE clocked by clk_fpga_1  {rise@0.000ns fall@5.000ns period=10.000ns})
  Destination:            p9_ps_system_i/axi_dma_0/U0/I_AXI_DMA_REG_MODULE/GEN_AXI_LITE_IF.AXI_LITE_IF_I/GEN_ASYNC_READ.REG_DATA2LITE_CLOCK/GENERATE_LEVEL_P_S_CDC.MULTI_BIT.FOR_IN_cdc_to[17].CROSS2_PLEVEL_IN2SCNDRY_IN_cdc_to/D
                            (rising edge-triggered cell FDRE clocked by clk_fpga_2  {rise@0.000ns fall@10.000ns period=20.000ns})
  Path Group:             (none)
  Path Type:              Hold (Min at Fast Process Corner)
  Data Path Delay:        0.238ns  (logic 0.128ns (53.830%)  route 0.110ns (46.170%))
  Logic Levels:           0  
  Clock Path Skew:        0.297ns (DCD - SCD - CPR)
    Destination Clock Delay (DCD):    1.185ns
    Source Clock Delay      (SCD):    0.888ns
    Clock Pessimism Removal (CPR):    -0.000ns
  Clock Uncertainty:      0.337ns  ((TSJ^2 + TIJ^2)^1/2 + DJ) / 2 + PE
    Total System Jitter     (TSJ):    0.071ns
    Total Input Jitter      (TIJ):    0.671ns
    Discrete Jitter          (DJ):    0.000ns
    Phase Error              (PE):    0.000ns
  Timing Exception:       False Path

    Location             Delay type                Incr(ns)  Path(ns)    Netlist Resource(s)
  -------------------------------------------------------------------    -------------------
                         (clock clk_fpga_1 rise edge)
                                                      0.000     0.000 r  
    PS7_X0Y0             PS7                          0.000     0.000 r  p9_ps_system_i/processing_system7_0/inst/PS7_i/FCLKCLK[1]
                         net (fo=1, routed)           0.315     0.315    p9_ps_system_i/processing_system7_0/inst/FCLK_CLK_unbuffered[1]
    BUFGCTRL_X0Y0        BUFG (Prop_bufg_I_O)         0.026     0.341 r  p9_ps_system_i/processing_system7_0/inst/buffer_fclk_clk_1.FCLK_CLK_1_BUFG/O
                         net (fo=5818, routed)        0.547     0.888    p9_ps_system_i/axi_dma_0/U0/I_AXI_DMA_REG_MODULE/GEN_AXI_LITE_IF.AXI_LITE_IF_I/m_axi_sg_aclk
    SLICE_X21Y25         FDRE                                         r  p9_ps_system_i/axi_dma_0/U0/I_AXI_DMA_REG_MODULE/GEN_AXI_LITE_IF.AXI_LITE_IF_I/GEN_ASYNC_READ.lite_rdata_cdc_from_reg[17]/C
  -------------------------------------------------------------------    -------------------
    SLICE_X21Y25         FDRE (Prop_fdre_C_Q)         0.128     1.016 r  p9_ps_system_i/axi_dma_0/U0/I_AXI_DMA_REG_MODULE/GEN_AXI_LITE_IF.AXI_LITE_IF_I/GEN_ASYNC_READ.lite_rdata_cdc_from_reg[17]/Q
                         net (fo=1, routed)           0.110     1.125    p9_ps_system_i/axi_dma_0/U0/I_AXI_DMA_REG_MODULE/GEN_AXI_LITE_IF.AXI_LITE_IF_I/GEN_ASYNC_READ.REG_DATA2LITE_CLOCK/prmry_vect_in[17]
    SLICE_X21Y26         FDRE                                         r  p9_ps_system_i/axi_dma_0/U0/I_AXI_DMA_REG_MODULE/GEN_AXI_LITE_IF.AXI_LITE_IF_I/GEN_ASYNC_READ.REG_DATA2LITE_CLOCK/GENERATE_LEVEL_P_S_CDC.MULTI_BIT.FOR_IN_cdc_to[17].CROSS2_PLEVEL_IN2SCNDRY_IN_cdc_to/D
  -------------------------------------------------------------------    -------------------

                         (clock clk_fpga_2 rise edge)
                                                      0.000     0.000 r  
    PS7_X0Y0             PS7                          0.000     0.000 r  p9_ps_system_i/processing_system7_0/inst/PS7_i/FCLKCLK[2]
                         net (fo=1, routed)           0.341     0.341    p9_ps_system_i/processing_system7_0/inst/FCLK_CLK_unbuffered[2]
    BUFGCTRL_X0Y1        BUFG (Prop_bufg_I_O)         0.029     0.370 r  p9_ps_system_i/processing_system7_0/inst/buffer_fclk_clk_2.FCLK_CLK_2_BUFG/O
                         net (fo=1123, routed)        0.815     1.185    p9_ps_system_i/axi_dma_0/U0/I_AXI_DMA_REG_MODULE/GEN_AXI_LITE_IF.AXI_LITE_IF_I/GEN_ASYNC_READ.REG_DATA2LITE_CLOCK/s_axi_lite_aclk
    SLICE_X21Y26         FDRE                                         r  p9_ps_system_i/axi_dma_0/U0/I_AXI_DMA_REG_MODULE/GEN_AXI_LITE_IF.AXI_LITE_IF_I/GEN_ASYNC_READ.REG_DATA2LITE_CLOCK/GENERATE_LEVEL_P_S_CDC.MULTI_BIT.FOR_IN_cdc_to[17].CROSS2_PLEVEL_IN2SCNDRY_IN_cdc_to/C





--------------------------------------------------------------------------------------
Path Group:  (none)
From Clock:  clk_fpga_2
  To Clock:  clk_fpga_2

Max Delay             1 Endpoint
Min Delay             1 Endpoint
--------------------------------------------------------------------------------------


Max Delay Paths
--------------------------------------------------------------------------------------
Slack:                    inf
  Source:                 p9_ps_system_i/rst_axil_50/U0/ACTIVE_LOW_PR_OUT_DFF[0].FDRE_PER_N/C
                            (rising edge-triggered cell FDRE clocked by clk_fpga_2  {rise@0.000ns fall@10.000ns period=20.000ns})
  Destination:            p9_ps_system_i/axi_dma_0/U0/I_RST_MODULE/REG_HRD_RST_OUT/GENERATE_LEVEL_P_S_CDC.SINGLE_BIT.CROSS_PLEVEL_IN2SCNDRY_IN_cdc_to/D
                            (rising edge-triggered cell FDRE clocked by clk_fpga_2  {rise@0.000ns fall@10.000ns period=20.000ns})
  Path Group:             (none)
  Path Type:              Setup (Max at Slow Process Corner)
  Data Path Delay:        1.629ns  (logic 0.518ns (31.793%)  route 1.111ns (68.207%))
  Logic Levels:           0  
  Clock Path Skew:        -0.304ns (DCD - SCD + CPR)
    Destination Clock Delay (DCD):    2.733ns
    Source Clock Delay      (SCD):    3.037ns
    Clock Pessimism Removal (CPR):    0.000ns
  Clock Uncertainty:      0.302ns  ((TSJ^2 + TIJ^2)^1/2 + DJ) / 2 + PE
    Total System Jitter     (TSJ):    0.071ns
    Total Input Jitter      (TIJ):    0.600ns
    Discrete Jitter          (DJ):    0.000ns
    Phase Error              (PE):    0.000ns
  Timing Exception:       False Path

    Location             Delay type                Incr(ns)  Path(ns)    Netlist Resource(s)
  -------------------------------------------------------------------    -------------------
                         (clock clk_fpga_2 rise edge)
                                                      0.000     0.000 r  
    PS7_X0Y0             PS7                          0.000     0.000 r  p9_ps_system_i/processing_system7_0/inst/PS7_i/FCLKCLK[2]
                         net (fo=1, routed)           1.207     1.207    p9_ps_system_i/processing_system7_0/inst/FCLK_CLK_unbuffered[2]
    BUFGCTRL_X0Y1        BUFG (Prop_bufg_I_O)         0.101     1.308 r  p9_ps_system_i/processing_system7_0/inst/buffer_fclk_clk_2.FCLK_CLK_2_BUFG/O
                         net (fo=1123, routed)        1.729     3.037    p9_ps_system_i/rst_axil_50/U0/slowest_sync_clk
    SLICE_X4Y48          FDRE                                         r  p9_ps_system_i/rst_axil_50/U0/ACTIVE_LOW_PR_OUT_DFF[0].FDRE_PER_N/C
  -------------------------------------------------------------------    -------------------
    SLICE_X4Y48          FDRE (Prop_fdre_C_Q)         0.518     3.555 r  p9_ps_system_i/rst_axil_50/U0/ACTIVE_LOW_PR_OUT_DFF[0].FDRE_PER_N/Q
                         net (fo=6, routed)           1.111     4.666    p9_ps_system_i/axi_dma_0/U0/I_RST_MODULE/REG_HRD_RST_OUT/axi_resetn
    SLICE_X3Y30          FDRE                                         r  p9_ps_system_i/axi_dma_0/U0/I_RST_MODULE/REG_HRD_RST_OUT/GENERATE_LEVEL_P_S_CDC.SINGLE_BIT.CROSS_PLEVEL_IN2SCNDRY_IN_cdc_to/D
  -------------------------------------------------------------------    -------------------

                         (clock clk_fpga_2 rise edge)
                                                      0.000     0.000 r  
    PS7_X0Y0             PS7                          0.000     0.000 r  p9_ps_system_i/processing_system7_0/inst/PS7_i/FCLKCLK[2]
                         net (fo=1, routed)           1.101     1.101    p9_ps_system_i/processing_system7_0/inst/FCLK_CLK_unbuffered[2]
    BUFGCTRL_X0Y1        BUFG (Prop_bufg_I_O)         0.091     1.192 r  p9_ps_system_i/processing_system7_0/inst/buffer_fclk_clk_2.FCLK_CLK_2_BUFG/O
                         net (fo=1123, routed)        1.540     2.733    p9_ps_system_i/axi_dma_0/U0/I_RST_MODULE/REG_HRD_RST_OUT/s_axi_lite_aclk
    SLICE_X3Y30          FDRE                                         r  p9_ps_system_i/axi_dma_0/U0/I_RST_MODULE/REG_HRD_RST_OUT/GENERATE_LEVEL_P_S_CDC.SINGLE_BIT.CROSS_PLEVEL_IN2SCNDRY_IN_cdc_to/C





Min Delay Paths
--------------------------------------------------------------------------------------
Slack:                    inf
  Source:                 p9_ps_system_i/rst_axil_50/U0/ACTIVE_LOW_PR_OUT_DFF[0].FDRE_PER_N/C
                            (rising edge-triggered cell FDRE clocked by clk_fpga_2  {rise@0.000ns fall@10.000ns period=20.000ns})
  Destination:            p9_ps_system_i/axi_dma_0/U0/I_RST_MODULE/REG_HRD_RST_OUT/GENERATE_LEVEL_P_S_CDC.SINGLE_BIT.CROSS_PLEVEL_IN2SCNDRY_IN_cdc_to/D
                            (rising edge-triggered cell FDRE clocked by clk_fpga_2  {rise@0.000ns fall@10.000ns period=20.000ns})
  Path Group:             (none)
  Path Type:              Hold (Min at Fast Process Corner)
  Data Path Delay:        0.602ns  (logic 0.164ns (27.229%)  route 0.438ns (72.771%))
  Logic Levels:           0  
  Clock Path Skew:        0.286ns (DCD - SCD - CPR)
    Destination Clock Delay (DCD):    1.213ns
    Source Clock Delay      (SCD):    0.927ns
    Clock Pessimism Removal (CPR):    -0.000ns
  Clock Uncertainty:      0.302ns  ((TSJ^2 + TIJ^2)^1/2 + DJ) / 2 + PE
    Total System Jitter     (TSJ):    0.071ns
    Total Input Jitter      (TIJ):    0.600ns
    Discrete Jitter          (DJ):    0.000ns
    Phase Error              (PE):    0.000ns
  Timing Exception:       False Path

    Location             Delay type                Incr(ns)  Path(ns)    Netlist Resource(s)
  -------------------------------------------------------------------    -------------------
                         (clock clk_fpga_2 rise edge)
                                                      0.000     0.000 r  
    PS7_X0Y0             PS7                          0.000     0.000 r  p9_ps_system_i/processing_system7_0/inst/PS7_i/FCLKCLK[2]
                         net (fo=1, routed)           0.315     0.315    p9_ps_system_i/processing_system7_0/inst/FCLK_CLK_unbuffered[2]
    BUFGCTRL_X0Y1        BUFG (Prop_bufg_I_O)         0.026     0.341 r  p9_ps_system_i/processing_system7_0/inst/buffer_fclk_clk_2.FCLK_CLK_2_BUFG/O
                         net (fo=1123, routed)        0.586     0.927    p9_ps_system_i/rst_axil_50/U0/slowest_sync_clk
    SLICE_X4Y48          FDRE                                         r  p9_ps_system_i/rst_axil_50/U0/ACTIVE_LOW_PR_OUT_DFF[0].FDRE_PER_N/C
  -------------------------------------------------------------------    -------------------
    SLICE_X4Y48          FDRE (Prop_fdre_C_Q)         0.164     1.091 r  p9_ps_system_i/rst_axil_50/U0/ACTIVE_LOW_PR_OUT_DFF[0].FDRE_PER_N/Q
                         net (fo=6, routed)           0.438     1.529    p9_ps_system_i/axi_dma_0/U0/I_RST_MODULE/REG_HRD_RST_OUT/axi_resetn
    SLICE_X3Y30          FDRE                                         r  p9_ps_system_i/axi_dma_0/U0/I_RST_MODULE/REG_HRD_RST_OUT/GENERATE_LEVEL_P_S_CDC.SINGLE_BIT.CROSS_PLEVEL_IN2SCNDRY_IN_cdc_to/D
  -------------------------------------------------------------------    -------------------

                         (clock clk_fpga_2 rise edge)
                                                      0.000     0.000 r  
    PS7_X0Y0             PS7                          0.000     0.000 r  p9_ps_system_i/processing_system7_0/inst/PS7_i/FCLKCLK[2]
                         net (fo=1, routed)           0.341     0.341    p9_ps_system_i/processing_system7_0/inst/FCLK_CLK_unbuffered[2]
    BUFGCTRL_X0Y1        BUFG (Prop_bufg_I_O)         0.029     0.370 r  p9_ps_system_i/processing_system7_0/inst/buffer_fclk_clk_2.FCLK_CLK_2_BUFG/O
                         net (fo=1123, routed)        0.843     1.213    p9_ps_system_i/axi_dma_0/U0/I_RST_MODULE/REG_HRD_RST_OUT/s_axi_lite_aclk
    SLICE_X3Y30          FDRE                                         r  p9_ps_system_i/axi_dma_0/U0/I_RST_MODULE/REG_HRD_RST_OUT/GENERATE_LEVEL_P_S_CDC.SINGLE_BIT.CROSS_PLEVEL_IN2SCNDRY_IN_cdc_to/C





--------------------------------------------------------------------------------------
Path Group:  (none)
From Clock:  clk_fpga_0
  To Clock:  

Max Delay             8 Endpoints
Min Delay             8 Endpoints
--------------------------------------------------------------------------------------


Max Delay Paths
--------------------------------------------------------------------------------------
Slack:                    inf
  Source:                 p9_ps_system_i/p9_peripheral_0/inst/impl/u_transport/receiver_enable_q_reg/C
                            (rising edge-triggered cell FDCE clocked by clk_fpga_0  {rise@0.000ns fall@7.813ns period=15.625ns})
  Destination:            ir_tx_out_0[0]
                            (output port)
  Path Group:             (none)
  Path Type:              Max at Slow Process Corner
  Data Path Delay:        13.288ns  (logic 4.358ns (32.797%)  route 8.930ns (67.203%))
  Logic Levels:           4  (LUT2=2 LUT4=1 OBUF=1)
  Clock Uncertainty:      0.236ns  ((TSJ^2 + TIJ^2)^1/2 + DJ) / 2 + PE
    Total System Jitter     (TSJ):    0.050ns
    Total Input Jitter      (TIJ):    0.469ns
    Discrete Jitter          (DJ):    0.000ns
    Phase Error              (PE):    0.000ns

    Location             Delay type                Incr(ns)  Path(ns)    Netlist Resource(s)
  -------------------------------------------------------------------    -------------------
                         (clock clk_fpga_0 rise edge)
                                                      0.000     0.000 r  
    PS7_X0Y0             PS7                          0.000     0.000 r  p9_ps_system_i/processing_system7_0/inst/PS7_i/FCLKCLK[0]
                         net (fo=1, routed)           1.207     1.207    p9_ps_system_i/processing_system7_0/inst/FCLK_CLK_unbuffered[0]
    BUFGCTRL_X0Y2        BUFG (Prop_bufg_I_O)         0.101     1.308 r  p9_ps_system_i/processing_system7_0/inst/buffer_fclk_clk_0.FCLK_CLK_0_BUFG/O
                         net (fo=9423, routed)        1.681     2.989    p9_ps_system_i/p9_peripheral_0/inst/impl/u_transport/s_axi_aclk
    SLICE_X9Y45          FDCE                                         r  p9_ps_system_i/p9_peripheral_0/inst/impl/u_transport/receiver_enable_q_reg/C
  -------------------------------------------------------------------    -------------------
    SLICE_X9Y45          FDCE (Prop_fdce_C_Q)         0.456     3.445 r  p9_ps_system_i/p9_peripheral_0/inst/impl/u_transport/receiver_enable_q_reg/Q
                         net (fo=3, routed)           1.398     4.843    p9_ps_system_i/p9_peripheral_0/inst/impl/u_transport/g_physical[0].u_b_phy/u_p8c_physical_safety/u_exact_duty_accountant/loop_sd_b0[0]
    SLICE_X19Y41         LUT2 (Prop_lut2_I0_O)        0.124     4.967 r  p9_ps_system_i/p9_peripheral_0/inst/impl/u_transport/g_physical[0].u_b_phy/u_p8c_physical_safety/u_exact_duty_accountant/ir_sd_0[1]_INST_0_i_1/O
                         net (fo=161, routed)         3.164     8.131    p9_ps_system_i/p9_peripheral_0/inst/impl/u_transport/g_physical[0].u_a_phy/u_p8c_physical_safety/physical_enable
    SLICE_X34Y50         LUT4 (Prop_lut4_I1_O)        0.124     8.255 r  p9_ps_system_i/p9_peripheral_0/inst/impl/u_transport/g_physical[0].u_a_phy/u_p8c_physical_safety/ir_tx_out_0[0]_INST_0_i_1/O
                         net (fo=3, routed)           1.085     9.339    p9_ps_system_i/p9_peripheral_0/inst/impl/u_transport/g_physical[0].u_a_phy/u_p8c_physical_safety/txd_pre_final_o_reg_0
    SLICE_X40Y51         LUT2 (Prop_lut2_I1_O)        0.124     9.463 r  p9_ps_system_i/p9_peripheral_0/inst/impl/u_transport/g_physical[0].u_a_phy/u_p8c_physical_safety/ir_tx_out_0[0]_INST_0/O
                         net (fo=1, routed)           3.283    12.747    ir_tx_out_0_OBUF[0]
    C20                  OBUF (Prop_obuf_I_O)         3.530    16.277 r  ir_tx_out_0_OBUF[0]_inst/O
                         net (fo=0)                   0.000    16.277    ir_tx_out_0[0]
    C20                                                               r  ir_tx_out_0[0] (OUT)
  -------------------------------------------------------------------    -------------------





Min Delay Paths
--------------------------------------------------------------------------------------
Slack:                    inf
  Source:                 p9_ps_system_i/p9_peripheral_0/inst/impl/u_transport/g_physical[0].u_b_phy/fault_stuck_high_reg/C
                            (rising edge-triggered cell FDRE clocked by clk_fpga_0  {rise@0.000ns fall@7.813ns period=15.625ns})
  Destination:            loop_tx_b0[0]
                            (output port)
  Path Group:             (none)
  Path Type:              Min at Fast Process Corner
  Data Path Delay:        2.906ns  (logic 1.474ns (50.709%)  route 1.433ns (49.291%))
  Logic Levels:           2  (LUT5=1 OBUF=1)
  Clock Uncertainty:      0.236ns  ((TSJ^2 + TIJ^2)^1/2 + DJ) / 2 + PE
    Total System Jitter     (TSJ):    0.050ns
    Total Input Jitter      (TIJ):    0.469ns
    Discrete Jitter          (DJ):    0.000ns
    Phase Error              (PE):    0.000ns

    Location             Delay type                Incr(ns)  Path(ns)    Netlist Resource(s)
  -------------------------------------------------------------------    -------------------
                         (clock clk_fpga_0 rise edge)
                                                      0.000     0.000 r  
    PS7_X0Y0             PS7                          0.000     0.000 r  p9_ps_system_i/processing_system7_0/inst/PS7_i/FCLKCLK[0]
                         net (fo=1, routed)           0.315     0.315    p9_ps_system_i/processing_system7_0/inst/FCLK_CLK_unbuffered[0]
    BUFGCTRL_X0Y2        BUFG (Prop_bufg_I_O)         0.026     0.341 r  p9_ps_system_i/processing_system7_0/inst/buffer_fclk_clk_0.FCLK_CLK_0_BUFG/O
                         net (fo=9423, routed)        0.560     0.901    p9_ps_system_i/p9_peripheral_0/inst/impl/u_transport/g_physical[0].u_b_phy/s_axi_aclk
    SLICE_X22Y44         FDRE                                         r  p9_ps_system_i/p9_peripheral_0/inst/impl/u_transport/g_physical[0].u_b_phy/fault_stuck_high_reg/C
  -------------------------------------------------------------------    -------------------
    SLICE_X22Y44         FDRE (Prop_fdre_C_Q)         0.141     1.042 f  p9_ps_system_i/p9_peripheral_0/inst/impl/u_transport/g_physical[0].u_b_phy/fault_stuck_high_reg/Q
                         net (fo=46, routed)          0.889     1.930    p9_ps_system_i/p9_peripheral_0/inst/impl/u_transport/g_physical[0].u_b_phy/u_p8c_physical_safety/loop_sd_b0[0]_0
    SLICE_X35Y39         LUT5 (Prop_lut5_I3_O)        0.045     1.975 r  p9_ps_system_i/p9_peripheral_0/inst/impl/u_transport/g_physical[0].u_b_phy/u_p8c_physical_safety/loop_tx_b0[0]_INST_0/O
                         net (fo=1, routed)           0.544     2.519    loop_tx_b0_OBUF[0]
    V12                  OBUF (Prop_obuf_I_O)         1.288     3.807 r  loop_tx_b0_OBUF[0]_inst/O
                         net (fo=0)                   0.000     3.807    loop_tx_b0[0]
    V12                                                               r  loop_tx_b0[0] (OUT)
  -------------------------------------------------------------------    -------------------





--------------------------------------------------------------------------------------
Path Group:  (none)
From Clock:  
  To Clock:  clk_fpga_0

Max Delay             4 Endpoints
Min Delay             4 Endpoints
--------------------------------------------------------------------------------------


Max Delay Paths
--------------------------------------------------------------------------------------
Slack:                    inf
  Source:                 loop_rx_b0[0]
                            (input port)
  Destination:            p9_ps_system_i/p9_peripheral_0/inst/impl/u_transport/g_physical[0].u_b_phy/rxd_ff1_reg/D
                            (rising edge-triggered cell FDSE clocked by clk_fpga_0  {rise@0.000ns fall@7.813ns period=15.625ns})
  Path Group:             (none)
  Path Type:              Setup (Max at Slow Process Corner)
  Data Path Delay:        3.482ns  (logic 1.520ns (43.644%)  route 1.962ns (56.356%))
  Logic Levels:           1  (IBUF=1)
  Clock Path Skew:        2.682ns (DCD - SCD + CPR)
    Destination Clock Delay (DCD):    2.682ns
    Source Clock Delay      (SCD):    0.000ns
    Clock Pessimism Removal (CPR):    0.000ns
  Clock Uncertainty:      0.236ns  ((TSJ^2 + TIJ^2)^1/2 + DJ) / 2 + PE
    Total System Jitter     (TSJ):    0.050ns
    Total Input Jitter      (TIJ):    0.469ns
    Discrete Jitter          (DJ):    0.000ns
    Phase Error              (PE):    0.000ns

    Location             Delay type                Incr(ns)  Path(ns)    Netlist Resource(s)
  -------------------------------------------------------------------    -------------------
    U13                                               0.000     0.000 r  loop_rx_b0[0] (IN)
                         net (fo=0)                   0.000     0.000    loop_rx_b0[0]
    U13                  IBUF (Prop_ibuf_I_O)         1.520     1.520 r  loop_rx_b0_IBUF[0]_inst/O
                         net (fo=1, routed)           1.962     3.482    p9_ps_system_i/p9_peripheral_0/inst/impl/u_transport/g_physical[0].u_b_phy/loop_rx_b0[0]
    SLICE_X23Y36         FDSE                                         r  p9_ps_system_i/p9_peripheral_0/inst/impl/u_transport/g_physical[0].u_b_phy/rxd_ff1_reg/D
  -------------------------------------------------------------------    -------------------

                         (clock clk_fpga_0 rise edge)
                                                      0.000     0.000 r  
    PS7_X0Y0             PS7                          0.000     0.000 r  p9_ps_system_i/processing_system7_0/inst/PS7_i/FCLKCLK[0]
                         net (fo=1, routed)           1.101     1.101    p9_ps_system_i/processing_system7_0/inst/FCLK_CLK_unbuffered[0]
    BUFGCTRL_X0Y2        BUFG (Prop_bufg_I_O)         0.091     1.192 r  p9_ps_system_i/processing_system7_0/inst/buffer_fclk_clk_0.FCLK_CLK_0_BUFG/O
                         net (fo=9423, routed)        1.490     2.682    p9_ps_system_i/p9_peripheral_0/inst/impl/u_transport/g_physical[0].u_b_phy/s_axi_aclk
    SLICE_X23Y36         FDSE                                         r  p9_ps_system_i/p9_peripheral_0/inst/impl/u_transport/g_physical[0].u_b_phy/rxd_ff1_reg/C





Min Delay Paths
--------------------------------------------------------------------------------------
Slack:                    inf
  Source:                 ir_rx_in_0[1]
                            (input port)
  Destination:            p9_ps_system_i/p9_peripheral_0/inst/impl/u_transport/g_physical[1].u_a_phy/rxd_ff1_reg/D
                            (rising edge-triggered cell FDSE clocked by clk_fpga_0  {rise@0.000ns fall@7.813ns period=15.625ns})
  Path Group:             (none)
  Path Type:              Hold (Min at Fast Process Corner)
  Data Path Delay:        0.894ns  (logic 0.229ns (25.577%)  route 0.666ns (74.423%))
  Logic Levels:           1  (IBUF=1)
  Clock Path Skew:        1.198ns (DCD - SCD - CPR)
    Destination Clock Delay (DCD):    1.198ns
    Source Clock Delay      (SCD):    0.000ns
    Clock Pessimism Removal (CPR):    -0.000ns

    Location             Delay type                Incr(ns)  Path(ns)    Netlist Resource(s)
  -------------------------------------------------------------------    -------------------
    H15                                               0.000     0.000 r  ir_rx_in_0[1] (IN)
                         net (fo=0)                   0.000     0.000    ir_rx_in_0[1]
    H15                  IBUF (Prop_ibuf_I_O)         0.229     0.229 r  ir_rx_in_0_IBUF[1]_inst/O
                         net (fo=1, routed)           0.666     0.894    p9_ps_system_i/p9_peripheral_0/inst/impl/u_transport/g_physical[1].u_a_phy/ir_rx_in_0[0]
    SLICE_X31Y60         FDSE                                         r  p9_ps_system_i/p9_peripheral_0/inst/impl/u_transport/g_physical[1].u_a_phy/rxd_ff1_reg/D
  -------------------------------------------------------------------    -------------------

                         (clock clk_fpga_0 rise edge)
                                                      0.000     0.000 r  
    PS7_X0Y0             PS7                          0.000     0.000 r  p9_ps_system_i/processing_system7_0/inst/PS7_i/FCLKCLK[0]
                         net (fo=1, routed)           0.341     0.341    p9_ps_system_i/processing_system7_0/inst/FCLK_CLK_unbuffered[0]
    BUFGCTRL_X0Y2        BUFG (Prop_bufg_I_O)         0.029     0.370 r  p9_ps_system_i/processing_system7_0/inst/buffer_fclk_clk_0.FCLK_CLK_0_BUFG/O
                         net (fo=9423, routed)        0.828     1.198    p9_ps_system_i/p9_peripheral_0/inst/impl/u_transport/g_physical[1].u_a_phy/s_axi_aclk
    SLICE_X31Y60         FDSE                                         r  p9_ps_system_i/p9_peripheral_0/inst/impl/u_transport/g_physical[1].u_a_phy/rxd_ff1_reg/C





