captured_ms|sequence|label|role|admission_snapshot_words_csv|ps_runtime_words_csv|pl_perf_snapshot_words_csv
1785960715623|1002|mixed_30min_warmup_f2r_00001_16777216|fixed|4,1378943233,16781056,6535815,6449973,6465783,6449973,6465783,6449973,11650,11628,5814,5814,0,0,742,0,179489808,179146920,4096,4096,0,0,5814,5814,640055321,640055654,640055329,640055662,0,0,0,0,0,0,0,0,4096,256,131072,4,15|4,0,16777216,262144,64,0,0,0,0,100,0,88,0,25,22,0,1,100,0|10,1352599690,0,5775072,0,0,0,0,0,6499148,0,22,0,319831666,0,319831666,0,2080,314330762,0,7898897,0,0,0,0,0
1785960715623|1002|mixed_30min_warmup_f2r_00001_16777216|rotating|4,1378943233,33558272,6612634,6525228,70882,0,70882,0,1502,0,751,0,0,0,5882,5882,4798072,0,4096,0,0,0,751,0,625696703,0,625696711,0,0,0,0,0,0,0,0,0,4096,256,131072,4,15|4,0,16777216,262144,64,0,0,0,0,100,0,88,0,25,22,0,1,100,0|10,671576495,0,0,0,5767168,0,5767168,0,17886,0,0,22,0,0,0,0,0,0,0,5021599,0,0,0,0,0
1785960720627|1002|mixed_30min_warmup_f2r_00001_16777216|fixed|6,1378943233,16777471,13194161,13019637,13052586,13019637,13052586,13019637,23525,23480,11739,11739,0,0,1500,0,362418167,361699482,4096,4096,0,0,11740,11740,961275011,961275024,961275019,961275032,0,0,0,0,0,0,0,0,4096,256,131072,4,15|4,0,16777216,262144,64,0,0,0,0,188,0,176,0,47,44,0,1,188,0|12,1674428198,0,11629184,0,0,0,0,0,13084459,0,44,0,640196646,0,640196646,0,2080,632982447,0,10768347,0,0,0,0,0
1785960720627|1002|mixed_30min_warmup_f2r_00001_16777216|rotating|6,1378943233,33558272,13296716,13121123,142616,0,142616,0,3022,0,1511,0,0,0,11830,11830,9653688,0,4096,0,0,0,1511,0,947992838,0,947992846,0,0,0,0,0,0,0,0,0,4096,256,131072,4,15|4,0,16777216,262144,64,0,0,0,0,188,0,176,0,47,44,0,1,188,0|12,993076157,0,0,0,11534336,0,11534336,0,35772,0,0,44,0,0,0,0,0,0,0,5067862,0,0,0,0,0
1785960775948|1016|mixed_30min_warmup_r2f_00001_16777216|fixed|36,1378943233,16781056,6551539,6465520,70112,0,70112,0,1488,0,744,0,0,0,5834,5834,4753352,0,4096,0,0,0,744,0,205841523,0,205841531,0,0,0,0,0,0,0,0,0,4096,256,131072,4,15|5,0,16777216,262144,64,0,0,0,0,100,0,88,0,25,22,0,1,100,0|98,918750758,1,0,0,5767168,0,5767168,0,17692,0,0,22,0,0,0,0,0,0,0,5033474,0,0,0,0,0
1785960775948|1016|mixed_30min_warmup_r2f_00001_16777216|rotating|36,1378943233,33554687,6632028,6544365,6560974,6544365,6560974,6544365,11835,11812,5905,5905,0,0,754,0,182314856,181955390,4096,4096,0,0,5906,5906,192414426,192414407,192414402,192414415,0,0,0,0,0,0,0,0,4096,256,131072,4,15|4,0,16777216,262144,64,0,0,0,0,100,0,88,0,25,22,0,1,100,0|98,237732513,1,5869920,0,0,0,0,0,6598008,0,22,0,324888867,0,324888867,0,2080,319439734,0,7868916,0,0,0,0,0
1785960780952|1016|mixed_30min_warmup_r2f_00001_16777216|fixed|38,1378943233,16781056,13184922,13010603,141354,0,141354,0,3000,0,1500,0,0,0,11740,11740,9583400,0,4096,0,0,0,1500,0,526181697,0,526181705,0,0,0,0,0,0,0,0,0,4096,256,131072,4,15|4,0,16777216,262144,64,0,0,0,0,188,0,176,0,47,44,0,1,188,0|100,1239088872,1,0,0,11534336,0,11534336,0,35480,0,0,44,0,0,0,0,0,0,0,5070358,0,0,0,0,0
1785960780952|1016|mixed_30min_warmup_r2f_00001_16777216|rotating|38,1378943233,33554687,13265582,13090383,13123380,13090383,13123380,13090383,23669,23624,11811,11811,0,0,1509,0,364650822,363932144,4096,4096,0,0,11812,11812,512423720,512423733,512423728,512423709,0,0,0,0,0,0,0,0,4096,256,131072,4,15|4,0,16777216,262144,64,0,0,0,0,188,0,176,0,47,44,0,1,188,0|100,556897016,1,11676608,0,0,0,0,0,13126343,0,44,0,642601698,0,642601698,0,2080,635467474,0,10699980,0,0,0,0,0
1785960835701|1030|mixed_30min_half_f2r_00001_16777216|fixed|68,1378943233,16781056,6553010,6466980,6482790,6466980,6482790,6466980,11682,11660,5830,5830,0,0,744,0,179983760,179640872,4096,4096,0,0,5830,5830,4030421426,4030421759,4030421434,4030421767,0,0,0,0,0,0,0,0,4096,256,131072,4,15|4,0,16777216,262144,64,0,0,0,0,100,0,88,0,25,22,0,1,100,0|186,448063539,2,5798312,0,0,0,0,0,6517201,0,22,0,320743254,0,320743254,0,2080,315254927,0,7891332,0,0,0,0,0
1785960835701|1030|mixed_30min_half_f2r_00001_16777216|rotating|68,1378943233,33558272,6629991,6542394,71072,0,71072,0,1506,0,753,0,0,0,5898,5898,4810872,0,4096,0,0,0,753,0,4016063896,0,4016063904,0,0,0,0,0,0,0,0,0,4096,256,131072,4,15|4,0,16777216,262144,64,0,0,0,0,100,0,88,0,25,22,0,1,100,0|186,4061688515,1,0,0,5767168,0,5767168,0,17910,0,0,22,0,0,0,0,0,0,0,5030113,0,0,0,0,0
1785960840711|1030|mixed_30min_half_f2r_00001_16777216|fixed|70,1378943233,16777471,13206710,13031930,13065040,13031930,13065040,13031930,23543,23498,11748,11748,0,0,1501,0,362702081,361983396,4096,4096,0,0,11749,11749,56296228,56296241,56296236,56296249,0,0,0,0,0,0,0,0,4096,256,131072,4,15|4,0,16777216,262144,64,0,0,0,0,188,0,176,0,47,44,0,1,188,0|188,768708154,2,11629184,0,0,0,0,0,13081515,0,44,0,639930151,0,639930151,0,2080,632732774,0,10751564,0,0,0,0,0
1785960840711|1030|mixed_30min_half_f2r_00001_16777216|rotating|70,1378943233,33558272,13277673,13102127,142427,0,142427,0,3018,0,1509,0,0,0,11811,11811,9640920,0,4096,0,0,0,1509,0,41664394,0,41664410,0,0,0,0,0,0,0,0,0,4096,256,131072,4,15|4,0,16777216,262144,64,0,0,0,0,188,0,176,0,47,44,0,1,188,0|188,86628423,2,0,0,11534336,0,11534336,0,35725,0,0,44,0,0,0,0,0,0,0,5078321,0,0,0,0,0
1785960850969|1031|mixed_30min_half_f2r_00002_67108864|fixed|74,1378943233,16777471,6532053,6446325,6462021,6446325,6462021,6446325,5839,5816,5815,5815,0,0,742,0,179434039,179091066,4096,4096,0,0,5816,5816,712659565,712659578,712659573,712659586,0,0,0,0,0,0,0,0,4096,256,131072,4,15|4,0,67108864,262144,256,0,0,0,0,100,0,88,0,25,22,0,1,100,0|196,1425370523,2,5782976,0,0,0,0,0,6499032,0,22,0,320070055,0,320070055,0,2080,314577756,0,7891961,0,0,0,0,0
1785960850969|1031|mixed_30min_half_f2r_00002_67108864|rotating|74,1378943233,33558272,6609316,6522049,70882,0,70882,0,1502,0,751,0,0,0,5884,5884,4798072,0,4096,0,0,0,751,0,698221933,0,698221941,0,0,0,0,0,0,0,0,0,4096,256,131072,4,15|4,0,67108864,262144,256,0,0,0,0,100,0,88,0,25,22,0,1,100,0|196,743257459,2,0,0,5767168,0,5767168,0,17838,0,0,22,0,0,0,0,0,0,0,5009313,0,0,0,0,0
1785960855983|1031|mixed_30min_half_f2r_00002_67108864|fixed|76,1378943233,16780339,13188195,13013696,13046620,13013696,13046620,13013696,11787,11741,11740,11740,0,0,1500,0,362249776,361531449,4096,4096,0,0,11741,11741,1033828233,1033828214,1033828209,1033828222,0,0,0,0,0,0,0,0,4096,256,131072,4,15|4,0,67108864,262144,256,0,0,0,0,188,0,176,0,47,44,0,1,188,0|198,1746645672,2,11629184,0,0,0,0,0,13071825,0,44,0,639883652,0,639883652,0,2080,632685222,0,10752550,0,0,0,0,0
1785960855983|1031|mixed_30min_half_f2r_00002_67108864|rotating|76,1378943233,33558272,13287060,13111499,142616,0,142616,0,3022,0,1511,0,0,0,11828,11828,9653688,0,4096,0,0,0,1511,0,1020509193,0,1020509201,0,0,0,0,0,0,0,0,0,4096,256,131072,4,15|4,0,67108864,262144,256,0,0,0,0,188,0,176,0,47,44,0,1,188,0|198,1067246794,2,0,0,11534336,0,11534336,0,35866,0,0,44,0,0,0,0,0,0,0,5058733,0,0,0,0,0
1785960860992|1031|mixed_30min_half_f2r_00002_67108864|fixed|78,1378943233,16781056,19833532,19571192,19620601,19571192,19620601,19571192,17724,17656,17655,17655,0,0,2256,0,544762680,543685560,4096,4096,0,0,17655,17655,1354325572,1354325905,1354325580,1354325913,0,0,0,0,0,0,0,0,4096,256,131072,4,15|4,0,67108864,262144,256,0,0,0,0,276,0,264,0,69,66,0,1,276,0|200,2066614819,2,17443776,0,0,0,0,0,19617670,0,66,0,958399151,0,958399151,0,2080,949486378,0,13614563,0,0,0,0,0
1785960860992|1031|mixed_30min_half_f2r_00002_67108864|rotating|78,1378943233,33558272,19923442,19660130,213876,0,213876,0,4532,0,2266,0,0,0,17735,17735,14477336,0,4096,0,0,0,2266,0,1340649037,0,1340649045,0,0,0,0,0,0,0,0,0,4096,256,131072,4,15|4,0,67108864,262144,256,0,0,0,0,276,0,264,0,69,66,0,1,276,0|200,1385584182,2,0,0,17301504,0,17301504,0,53586,0,0,66,0,0,0,0,0,0,0,5097926,0,0,0,0,0
1785960866003|1031|mixed_30min_half_f2r_00002_67108864|fixed|80,1378943233,16777471,26479163,26129092,26194879,26129092,26194879,26129092,23663,23574,23571,23571,0,0,3012,0,727314802,725878392,4096,4096,0,0,23572,23572,1674931221,1674931234,1674931229,1674931210,0,0,0,0,0,0,0,0,4096,256,131072,4,15|4,0,67108864,262144,256,0,0,0,0,364,0,352,0,91,88,0,1,364,0|202,2387536933,2,23282080,0,0,0,0,0,26182040,0,88,0,1277861689,0,1277861689,0,2080,1267232287,0,16483953,0,0,0,0,0
1785960866003|1031|mixed_30min_half_f2r_00002_67108864|rotating|80,1378943233,33558272,26558554,26207619,285129,0,285129,0,6042,0,3021,0,0,0,23642,23642,19300968,0,4096,0,0,0,3021,0,1660796277,0,1660796285,0,0,0,0,0,0,0,0,0,4096,256,131072,4,15|4,0,67108864,262144,256,0,0,0,0,368,0,356,0,92,89,0,1,368,0|202,1705599728,2,0,0,23330816,0,23330816,0,71400,0,0,89,0,0,0,0,0,0,0,5144649,0,0,0,0,0
1785960871009|1031|mixed_30min_half_f2r_00002_67108864|fixed|82,1378943233,16777471,33119326,32681363,32763786,32681363,32763786,32681363,29597,29486,29483,29483,0,0,3767,0,909743517,907948064,4096,4096,0,0,29484,29484,1995302246,1995302259,1995302254,1995302235,0,0,0,0,0,0,0,0,4096,256,131072,4,15|4,0,67108864,262144,256,0,0,0,0,452,0,440,0,113,110,0,1,452,0|204,2707106615,2,29096672,0,0,0,0,0,32717231,0,110,0,1595977723,0,1595977723,0,2048,1583628338,0,19351606,0,0,0,0,0
1785960871009|1031|mixed_30min_half_f2r_00002_67108864|rotating|82,1378943233,33558272,33170814,32731496,356199,0,356199,0,7548,0,3774,0,0,0,29529,29529,24111864,0,4096,0,0,0,3774,0,1979758395,0,1979758403,0,0,0,0,0,0,0,0,0,4096,256,131072,4,15|4,0,67108864,262144,256,0,0,0,0,456,0,444,0,114,111,0,1,456,0|204,2025364597,2,0,0,29097984,0,29097984,0,89191,0,0,111,0,0,0,0,0,0,0,5184191,0,0,0,0,0
1785960876009|1031|mixed_30min_half_f2r_00002_67108864|fixed|84,1378943233,16777471,39751796,39225420,39324905,39225420,39324905,39225420,35526,35393,35389,35389,0,0,4523,0,1091977907,1089807094,4096,4096,0,0,35390,35390,2315466019,2315466032,2315466027,2315466040,0,0,0,0,0,0,0,0,4096,256,131072,4,15|4,0,67108864,262144,256,0,0,0,0,544,0,532,0,136,133,0,1,544,0|206,3027941765,2,34928384,0,0,0,0,0,39275122,0,133,0,1915354945,0,1915354945,0,2080,1901152529,0,22351404,0,0,0,0,0
1785960876009|1031|mixed_30min_half_f2r_00002_67108864|rotating|84,1378943233,33558272,39819671,39292533,427649,0,427649,0,9062,0,4531,0,0,0,35450,35450,28948320,0,4096,0,0,0,4531,0,2300892244,0,2300892252,0,0,0,0,0,0,0,0,0,4096,256,131072,4,15|4,0,67108864,262144,256,0,0,0,0,544,0,532,0,136,133,0,1,544,0|206,2345734973,2,0,0,34865152,0,34865152,0,107007,0,0,133,0,0,0,0,0,0,0,5222366,0,0,0,0,0
1785960881024|1031|mixed_30min_half_f2r_00002_67108864|fixed|86,1378943233,16777471,46406322,45792128,45907980,45792128,45907980,45792128,41473,41317,41313,41313,0,0,5280,0,1274769225,1272239376,4096,4096,0,0,41314,41314,2636472638,2636472651,2636472646,2636472627,0,0,0,0,0,0,0,0,4096,256,131072,4,15|4,0,67108864,262144,256,0,0,0,0,632,0,620,0,158,155,0,1,632,0|208,3349085076,2,40766688,0,0,0,0,0,45844090,0,155,0,2235038680,0,2235038680,0,2080,2219120222,0,25220207,0,0,0,0,0
1785960881024|1031|mixed_30min_half_f2r_00002_67108864|rotating|86,1378943233,33558272,46478671,45863710,499099,0,499099,0,10576,0,5288,0,0,0,41378,41378,33784744,0,4096,0,0,0,5288,0,2621898403,0,2621898411,0,0,0,0,0,0,0,0,0,4096,256,131072,4,15|4,0,67108864,262144,256,0,0,0,0,632,0,620,0,158,155,0,1,632,0|208,2666781558,2,0,0,40632320,0,40632320,0,124892,0,0,155,0,0,0,0,0,0,0,5276179,0,0,0,0,0
1785960886039|1031|mixed_30min_half_f2r_00002_67108864|fixed|88,1378943233,16781056,53057721,52355436,52487930,52355436,52487930,52355436,47415,47237,47234,47234,0,0,6037,0,1457452304,1454563664,4096,4096,0,0,47234,47234,2957279805,2957280138,2957279813,2957280146,0,0,0,0,0,0,0,0,4096,256,131072,4,15|4,0,67108864,262144,256,0,0,0,0,720,0,708,0,180,177,0,1,720,0|210,3669739654,2,46597088,0,0,0,0,0,52404174,0,177,0,2554235658,0,2554235658,0,2080,2536598823,0,28089648,0,0,0,0,0
1785960886039|1031|mixed_30min_half_f2r_00002_67108864|rotating|88,1378943233,33558272,53135411,52432340,570543,0,570543,0,12090,0,6045,0,0,0,47303,47303,38621104,0,4096,0,0,0,6045,0,2942905200,0,2942905208,0,0,0,0,0,0,0,0,0,4096,256,131072,4,15|5,0,67108864,262144,256,0,0,0,0,724,0,712,0,181,178,0,1,724,0|210,2989530163,2,0,0,46661632,0,46661632,0,142847,0,0,178,0,0,0,0,0,0,0,5316040,0,0,0,0,0
1785960891040|1031|mixed_30min_half_f2r_00002_67108864|fixed|90,1378943233,16777471,59695995,58906100,59054947,58906100,59054947,58906100,53347,53147,53143,53143,0,0,6792,0,1639799872,1636551947,4096,4096,0,0,53144,53144,3277523731,3277523712,3277523707,3277523720,0,0,0,0,0,0,0,0,4096,256,131072,4,15|4,0,67108864,262144,256,0,0,0,0,808,0,796,0,202,199,0,1,808,0|212,3990286429,2,52427488,0,0,0,0,0,58960501,0,199,0,2873324833,0,2873324833,0,2080,2853970610,0,30958100,0,0,0,0,0
1785960891040|1031|mixed_30min_half_f2r_00002_67108864|rotating|90,1378943233,33558272,59784036,58992503,641989,0,641989,0,13604,0,6802,0,0,0,53222,53222,43457560,0,4096,0,0,0,6802,0,3263714378,0,3263714386,0,0,0,0,0,0,0,0,0,4096,256,131072,4,15|4,0,67108864,262144,256,0,0,0,0,812,0,800,0,203,200,0,1,812,0|212,3308757356,2,0,0,52428800,0,52428800,0,160615,0,0,200,0,0,0,0,0,0,0,5364659,0,0,0,0,0
1785960896040|1031|mixed_30min_half_f2r_00002_67108864|fixed|92,1378943233,16777471,66326004,65448529,65613796,65448529,65613796,65448529,59271,59049,59045,59045,0,0,7546,0,1821905329,1818298356,4096,4096,0,0,59046,59046,3597340072,3597340085,3597340080,3597340093,0,0,0,0,0,0,0,0,4096,256,131072,4,15|4,0,67108864,262144,256,0,0,0,0,900,0,888,0,225,222,0,1,900,0|214,15024028,3,58243392,0,0,0,0,0,65497514,0,222,0,3191575752,0,3191575752,0,2080,3170364724,0,33958278,0,0,0,0,0
1785960896040|1031|mixed_30min_half_f2r_00002_67108864|rotating|92,1378943233,33558272,66403104,65524070,713060,0,713060,0,15110,0,7555,0,0,0,59114,59114,48268456,0,4096,0,0,0,7555,0,3583002362,0,3583002370,0,0,0,0,0,0,0,0,0,4096,256,131072,4,15|4,0,67108864,262144,256,0,0,0,0,900,0,888,0,225,222,0,1,900,0|214,3628195609,2,0,0,58195968,0,58195968,0,178383,0,0,222,0,0,0,0,0,0,0,5395405,0,0,0,0,0
1785960901050|1031|mixed_30min_half_f2r_00002_67108864|fixed|94,1378943233,16777471,72976400,72010298,72192742,72010298,72192742,72010298,65213,64968,64964,64964,0,0,8303,0,2004553515,2000571182,4096,4096,0,0,64965,64965,3918217970,3918217983,3918217978,3918217991,0,0,0,0,0,0,0,0,4096,256,131072,4,15|4,0,67108864,262144,256,0,0,0,0,988,0,976,0,247,244,0,1,988,0|216,335684910,3,64073792,0,0,0,0,0,72057482,0,244,0,3510779034,0,3510779034,0,2080,3487850798,0,36826550,0,0,0,0,0
1785960901050|1031|mixed_30min_half_f2r_00002_67108864|rotating|94,1378943233,33558272,73060642,72093662,784510,0,784510,0,16624,0,8312,0,0,0,65039,65039,53104888,0,4096,0,0,0,8312,0,3904008014,0,3904008022,0,0,0,0,0,0,0,0,0,4096,256,131072,4,15|4,0,67108864,262144,256,0,0,0,0,988,0,976,0,247,244,0,1,988,0|216,3950412846,2,0,0,63963136,0,63963136,0,196316,0,0,244,0,0,0,0,0,0,0,5437211,0,0,0,0,0
1785960913823|1033|mixed_30min_half_f2r_00004_16777216|fixed|100,1378943233,16781056,6135729,6051062,6065603,6051062,6065603,6051062,5845,5823,5823,5823,0,0,743,0,179738768,179398104,4096,4096,0,0,5823,5823,440719126,440719435,440719134,440719443,0,0,0,0,0,0,0,0,4096,256,131072,4,15|4,0,16777216,262144,64,0,0,0,0,100,0,88,0,25,22,0,1,100,0|230,1153228044,3,5782976,0,0,0,0,0,6096173,0,22,0,320604002,0,320604002,0,2080,314779058,0,8369496,0,0,0,0,0
1785960913823|1033|mixed_30min_half_f2r_00004_16777216|rotating|100,1378943233,33558272,6218510,6132119,71166,0,71166,0,1508,0,754,0,0,0,5901,5901,4817264,0,4096,0,0,0,754,0,427168252,0,427168260,0,0,0,0,0,0,0,0,0,4096,256,131072,4,15|4,0,16777216,262144,64,0,0,0,0,100,0,88,0,25,22,0,1,100,0|230,472677704,3,0,0,5767168,0,5767168,0,17933,0,0,22,0,0,0,0,0,0,0,5474918,0,0,0,0,0
1785960918824|1033|mixed_30min_half_f2r_00004_16777216|fixed|102,1378943233,16777710,12353908,12181622,12212523,12181622,12212523,12181622,11770,11725,11725,11725,0,0,1498,0,361918384,361200706,4096,4096,0,0,11725,11725,760653429,760653786,760653437,760653794,0,0,0,0,0,0,0,0,4096,256,131072,4,15|4,0,16777216,262144,64,0,0,0,0,188,0,176,0,47,44,0,1,188,0|232,1473228488,3,11605472,0,0,0,0,0,12231131,0,44,0,639148822,0,639148822,0,2080,631619377,0,11223364,0,0,0,0,0
1785960918824|1033|mixed_30min_half_f2r_00004_16777216|rotating|102,1378943233,33558272,12427796,12254693,142238,0,142238,0,3014,0,1507,0,0,0,11795,11795,9628168,0,4096,0,0,0,1507,0,746440416,0,746440424,0,0,0,0,0,0,0,0,0,4096,256,131072,4,15|4,0,16777216,262144,64,0,0,0,0,188,0,176,0,47,44,0,1,188,0|232,791764743,3,0,0,11534336,0,11534336,0,35701,0,0,44,0,0,0,0,0,0,0,5521919,0,0,0,0,0
1785960929076|1034|mixed_30min_half_f2r_00005_67108864|fixed|106,1378943233,16781056,6147204,6061444,6077358,6061444,6077358,6061444,5817,5795,5795,5795,0,0,740,0,178881120,178537048,4096,4096,0,0,5795,5795,1416764197,1416764530,1416764205,1416764538,0,0,0,0,0,0,0,0,4096,256,131072,4,15|4,0,67108864,262144,256,0,0,0,0,96,0,84,0,24,21,0,1,96,0|240,2129294441,3,5759188,0,0,0,0,0,6110821,0,21,0,320212899,0,320212899,0,2080,313431198,0,9652676,0,0,0,0,0
1785960929076|1034|mixed_30min_half_f2r_00005_67108864|rotating|106,1378943233,33558272,6219630,6132434,70692,0,70692,0,1498,0,749,0,0,0,5863,5863,4785304,0,4096,0,0,0,749,0,1402567368,0,1402567384,0,0,0,0,0,0,0,0,0,4096,256,131072,4,15|4,0,67108864,262144,256,0,0,0,0,100,0,88,0,25,22,0,1,100,0|240,1447432369,3,0,0,5767168,0,5767168,0,17791,0,0,22,0,0,0,0,0,0,0,6904056,0,0,0,0,0
1785960934080|1034|mixed_30min_half_f2r_00005_67108864|fixed|108,1378943233,16781056,12410618,12236692,12269422,12236692,12269422,12236692,11748,11705,11704,11704,0,0,1496,0,361280136,360559832,4096,4096,0,0,11704,11704,1736962563,1736941144,1736962571,1736941152,0,0,0,0,0,0,0,0,4096,256,131072,4,15|4,0,67108864,262144,256,0,0,0,0,188,0,176,0,47,44,0,1,188,0|242,2449713263,3,11589664,0,0,0,0,0,12288341,0,44,0,639174102,0,639174102,0,2080,630543882,0,12647932,0,0,0,0,0
1785960934080|1034|mixed_30min_half_f2r_00005_67108864|rotating|108,1378943233,33558272,12487673,12312816,142048,0,142048,0,3010,0,1505,0,0,0,11776,11776,9615384,0,4096,0,0,0,1505,0,1723141906,0,1723141914,0,0,0,0,0,0,0,0,0,4096,256,131072,4,15|4,0,67108864,262144,256,0,0,0,0,188,0,176,0,47,44,0,1,188,0|242,1768664235,3,0,0,11534336,0,11534336,0,35654,0,0,44,0,0,0,0,0,0,0,6948333,0,0,0,0,0
1785960939092|1034|mixed_30min_half_f2r_00005_67108864|fixed|110,1378943233,16777471,18687913,18427965,18475362,18427965,18475362,18427965,17691,17626,17623,17623,0,0,2252,0,543997735,542919282,4096,4096,0,0,17624,17624,2057846518,2057846523,2057846526,2057846531,0,0,0,0,0,0,0,0,4096,256,131072,4,15|4,0,67108864,262144,256,0,0,0,0,276,0,264,0,69,66,0,1,276,0|244,2771957102,3,17444920,0,0,0,0,0,18507959,0,66,0,959954127,0,959954127,0,2080,949619564,0,15508437,0,0,0,0,0
1785960939092|1034|mixed_30min_half_f2r_00005_67108864|rotating|110,1378943233,33558272,18798909,18537789,213781,0,213781,0,4530,0,2265,0,0,0,17728,17728,14470952,0,4096,0,0,0,2265,0,2045429065,0,2045429073,0,0,0,0,0,0,0,0,0,4096,256,131072,4,15|4,0,67108864,262144,256,0,0,0,0,276,0,264,0,69,66,0,1,276,0|244,2090578540,3,0,0,17301504,0,17301504,0,53562,0,0,66,0,0,0,0,0,0,0,6986524,0,0,0,0,0
1785960944102|1034|mixed_30min_half_f2r_00005_67108864|fixed|112,1378943233,16777471,24980152,24634889,24696056,24634889,24696056,24634889,23646,23560,23556,23556,0,0,3010,0,727131054,725695401,4096,4096,0,0,23557,23557,2379323906,2379323911,2379323914,2379323919,0,0,0,0,0,0,0,0,4096,256,131072,4,15|4,0,67108864,262144,256,0,0,0,0,364,0,352,0,91,88,0,1,364,0|246,3093363366,3,23289984,0,0,0,0,0,24711890,0,88,0,1279899125,0,1279899125,0,2080,1267855060,0,18372390,0,0,0,0,0
1785960944102|1034|mixed_30min_half_f2r_00005_67108864|rotating|112,1378943233,33558272,25095427,24748847,285411,0,285411,0,6048,0,3024,0,0,0,23665,23665,19320144,0,4096,0,0,0,3024,0,2367289937,0,2367289945,0,0,0,0,0,0,0,0,0,4096,256,131072,4,15|4,0,67108864,262144,256,0,0,0,0,368,0,356,0,92,89,0,1,368,0|246,2412858966,3,0,0,23330816,0,23330816,0,71518,0,0,89,0,0,0,0,0,0,0,7029221,0,0,0,0,0
1785960949124|1034|mixed_30min_half_f2r_00005_67108864|fixed|114,1378943233,16777471,31256149,30823191,30900702,30823191,30900702,30823191,29584,29476,29472,29472,0,0,3766,0,909753981,907960608,4096,4096,0,0,29473,29473,2699909681,2699909678,2699909689,2699909686,0,0,0,0,0,0,0,0,4096,256,131072,4,15|4,0,67108864,262144,256,0,0,0,0,452,0,440,0,113,110,0,1,452,0|248,3412565354,3,29096672,0,0,0,0,0,30872877,0,110,0,1597649441,0,1597649441,0,2080,1583884270,0,21239469,0,0,0,0,0
1785960949124|1034|mixed_30min_half_f2r_00005_67108864|rotating|114,1378943233,33558272,31327798,30893356,356293,0,356293,0,7550,0,3775,0,0,0,29540,29540,24118240,0,4096,0,0,0,3775,0,2685519975,0,2685519991,0,0,0,0,0,0,0,0,0,4096,256,131072,4,15|4,0,67108864,262144,256,0,0,0,0,456,0,444,0,114,111,0,1,456,0|248,2730368139,3,0,0,29097984,0,29097984,0,89168,0,0,111,0,0,0,0,0,0,0,7069145,0,0,0,0,0
1785960954137|1034|mixed_30min_half_f2r_00005_67108864|fixed|116,1378943233,16781056,37532851,37012224,37105960,37012224,37105960,37012224,35525,35394,35391,35391,0,0,4523,0,1092448176,1090281448,4096,4096,0,0,35391,35391,3020739683,3020740024,3020739691,3020740032,0,0,0,0,0,0,0,0,4096,256,131072,4,15|4,0,67108864,262144,256,0,0,0,0,544,0,532,0,136,133,0,1,544,0|250,3733384901,3,34928384,0,0,0,0,0,37061423,0,133,0,1917011060,0,1917011060,0,2080,1901391562,0,24240563,0,0,0,0,0
1785960954137|1034|mixed_30min_half_f2r_00005_67108864|rotating|116,1378943233,33558272,37608520,37087030,427744,0,427744,0,9064,0,4532,0,0,0,35462,35462,28954712,0,4096,0,0,0,4532,0,3006527087,0,3006527095,0,0,0,0,0,0,0,0,0,4096,256,131072,4,15|4,0,67108864,262144,256,0,0,0,0,544,0,532,0,136,133,0,1,544,0|250,3051386312,3,0,0,34865152,0,34865152,0,107054,0,0,133,0,0,0,0,0,0,0,7110433,0,0,0,0,0
1785960959148|1034|mixed_30min_half_f2r_00005_67108864|fixed|118,1378943233,16777471,43810320,43204364,43312073,43204364,43312073,43204364,41467,41313,41310,41310,0,0,5279,0,1275151034,1272625381,4096,4096,0,0,41310,41310,3341487045,3341487370,3341487053,3341487378,0,0,0,0,0,0,0,0,4096,256,131072,4,15|4,0,67108864,262144,256,0,0,0,0,632,0,620,0,158,155,0,1,632,0|252,4054011553,3,40758784,0,0,0,0,0,43250294,0,155,0,2236180112,0,2236180112,0,2080,2218833017,0,27119224,0,0,0,0,0
1785960959148|1034|mixed_30min_half_f2r_00005_67108864|rotating|118,1378943233,33558272,43885005,43278246,499099,0,499099,0,10576,0,5288,0,0,0,41380,41380,33784744,0,4096,0,0,0,5288,0,3327113340,0,3327113348,0,0,0,0,0,0,0,0,0,4096,256,131072,4,15|4,0,67108864,262144,256,0,0,0,0,632,0,620,0,158,155,0,1,632,0|252,3372805889,3,0,0,40632320,0,40632320,0,124916,0,0,155,0,0,0,0,0,0,0,7151695,0,0,0,0,0
1785960964152|1034|mixed_30min_half_f2r_00005_67108864|fixed|120,1378943233,16777471,50082490,49389137,49512888,49389137,49512888,49389137,47403,47227,47223,47223,0,0,6035,0,1457688208,1454801664,4096,4096,0,0,47224,47224,3661935157,3661935154,3661935117,3661935138,0,0,0,0,0,0,0,0,4096,256,131072,4,15|4,0,67108864,262144,256,0,0,0,0,720,0,708,0,180,177,0,1,720,0|254,79410449,4,46589184,0,0,0,0,0,49433873,0,177,0,2555088704,0,2555088704,0,2080,2536022681,0,29989216,0,0,0,0,0
1785960964152|1034|mixed_30min_half_f2r_00005_67108864|rotating|120,1378943233,33558272,50157516,49463331,570450,0,570450,0,12088,0,6044,0,0,0,47294,47294,38614720,0,4096,0,0,0,6044,0,3647690928,0,3647690936,0,0,0,0,0,0,0,0,0,4096,256,131072,4,15|4,0,67108864,262144,256,0,0,0,0,720,0,708,0,180,177,0,1,720,0|254,3693249305,3,0,0,46399488,0,46399488,0,142753,0,0,177,0,0,0,0,0,0,0,7194688,0,0,0,0,0
1785960969161|1034|mixed_30min_half_f2r_00005_67108864|fixed|122,1378943233,16781056,56356770,55576785,55715816,55576785,55715816,55576785,53341,53143,53140,53140,0,0,6791,0,1640323560,1637077480,4096,4096,0,0,53140,53140,3982522152,3982522485,3982522160,3982522493,0,0,0,0,0,0,0,0,4096,256,131072,4,15|4,0,67108864,262144,256,0,0,0,0,808,0,796,0,202,199,0,1,808,0|256,400782255,4,52428800,0,0,0,0,0,55635931,0,200,0,2875000606,0,2875000606,0,2080,2854228086,0,32846705,0,0,0,0,0
1785960969161|1034|mixed_30min_half_f2r_00005_67108864|rotating|122,1378943233,33558272,56474686,55692442,642368,0,642368,0,13612,0,6806,0,0,0,53251,53251,43483136,0,4096,0,0,0,6806,0,3970635927,0,3970635935,0,0,0,0,0,0,0,0,0,4096,256,131072,4,15|4,0,67108864,262144,256,0,0,0,0,812,0,800,0,203,200,0,1,812,0|256,4015942704,3,0,0,52428800,0,52428800,0,160734,0,0,200,0,0,0,0,0,0,0,7247568,0,0,0,0,0
1785960974176|1034|mixed_30min_half_f2r_00005_67108864|fixed|124,1378943233,16781056,62632933,61764874,61920535,61764874,61920535,61764874,59281,59061,59057,59057,0,0,7548,0,1822969736,1819348760,4096,4096,0,0,59057,59057,8297652,8298009,8297668,8298017,0,0,0,0,0,0,0,0,4096,256,131072,4,15|4,0,67108864,262144,256,0,0,0,0,900,0,888,0,225,222,0,1,900,0|258,721620279,4,58267104,0,0,0,0,0,61827046,0,222,0,3194379054,0,3194379054,0,2080,3171770398,0,35833074,0,0,0,0,0
1785960974176|1034|mixed_30min_half_f2r_00005_67108864|rotating|124,1378943233,33558272,62728482,61859311,713440,0,713440,0,15118,0,7559,0,0,0,59147,59147,48294040,0,4096,0,0,0,7559,0,4289912163,0,4289912171,0,0,0,0,0,0,0,0,0,4096,256,131072,4,15|4,0,67108864,262144,256,0,0,0,0,900,0,888,0,225,222,0,1,900,0|258,40724344,4,0,0,58195968,0,58195968,0,178525,0,0,222,0,0,0,0,0,0,0,7300700,0,0,0,0,0
1785960979199|1034|mixed_30min_half_f2r_00005_67108864|fixed|126,1378943233,16777471,68929048,67975479,68145105,67975479,68145105,67975479,65237,64995,64990,64990,0,0,8306,0,2006122784,2002142620,4096,4096,0,0,64991,64991,329828300,329828265,329828292,329828281,0,0,0,0,0,0,0,0,4096,256,131072,4,15|4,0,67108864,262144,256,0,0,0,0,988,0,976,0,247,244,0,1,988,0|260,1042299954,4,64097504,0,0,0,0,0,68020483,0,244,0,3513601129,0,3513601129,0,2065,3489270753,0,38705858,0,0,0,0,0
1785960979199|1034|mixed_30min_half_f2r_00005_67108864|rotating|126,1378943233,33558272,69004325,68049815,784794,0,784794,0,16630,0,8315,0,0,0,65061,65061,53124072,0,4096,0,0,0,8315,0,315525254,0,315525262,0,0,0,0,0,0,0,0,0,4096,256,131072,4,15|4,0,67108864,262144,256,0,0,0,0,988,0,976,0,247,244,0,1,988,0|260,360228280,4,0,0,63963136,0,63963136,0,196293,0,0,244,0,0,0,0,0,0,0,7343403,0,0,0,0,0
1785960991897|1036|mixed_30min_half_f2r_00007_16777216|fixed|132,1378943233,16781056,6518100,6432281,6448161,6432281,6448161,6432281,5827,5805,5805,5805,0,0,741,0,179119080,178776360,4096,4096,0,0,5805,5805,1146410607,1146410940,1146410615,1146410948,0,0,0,0,0,0,0,0,4096,256,131072,4,15|4,0,16777216,262144,64,0,0,0,0,96,0,84,0,24,21,0,1,96,0|274,1858799329,4,5765856,0,0,0,0,0,6481360,0,21,0,319195211,0,319195211,0,2080,313826871,0,7768963,0,0,0,0,0
1785960991897|1036|mixed_30min_half_f2r_00007_16777216|rotating|132,1378943233,33558272,6601167,6513689,70882,0,70882,0,1502,0,751,0,0,0,5878,5878,4798072,0,4096,0,0,0,751,0,1132539081,0,1132539089,0,0,0,0,0,0,0,0,0,4096,256,131072,4,15|4,0,16777216,262144,64,0,0,0,0,100,0,88,0,25,22,0,1,100,0|274,1177941388,4,0,0,5767168,0,5767168,0,17862,0,0,22,0,0,0,0,0,0,0,5017857,0,0,0,0,0
1785960996900|1036|mixed_30min_half_f2r_00007_16777216|fixed|134,1378943233,16777471,13136379,12963122,12995373,12963122,12995373,12963122,11742,11698,11697,11697,0,0,1494,0,360941333,360239328,4096,4096,0,0,11698,11698,1465739272,1465739253,1465739280,1465739261,0,0,0,0,0,0,0,0,4096,256,131072,4,15|4,0,16777216,262144,64,0,0,0,0,188,0,176,0,47,44,0,1,188,0|276,2178437722,4,11581760,0,0,0,0,0,13015363,0,44,0,637379628,0,637379628,0,2080,630156921,0,10766703,0,0,0,0,0
1785960996900|1036|mixed_30min_half_f2r_00007_16777216|rotating|134,1378943233,33558272,13229546,13054557,142048,0,142048,0,3010,0,1505,0,0,0,11780,11780,9615384,0,4096,0,0,0,1505,0,1452254375,0,1452254383,0,0,0,0,0,0,0,0,0,4096,256,131072,4,15|4,0,16777216,262144,64,0,0,0,0,188,0,176,0,47,44,0,1,188,0|276,1496904509,4,0,0,11534336,0,11534336,0,35606,0,0,44,0,0,0,0,0,0,0,5068026,0,0,0,0,0
1785961007144|1037|mixed_30min_half_f2r_00008_67108864|fixed|138,1378943233,16777471,6188198,6102868,6117978,6102868,6117978,6102868,5851,5829,5828,5828,0,0,744,0,179920678,179577329,4096,4096,0,0,5829,5829,2120386829,2120386850,2120386837,2120386858,0,0,0,0,0,0,0,0,4096,256,131072,4,15|4,0,67108864,262144,256,0,0,0,0,100,0,88,0,25,22,0,1,100,0|284,2832940808,4,5790880,0,0,0,0,0,6149638,0,22,0,320705573,0,320705573,0,2080,315135121,0,8002604,0,0,0,0,0
1785961007144|1037|mixed_30min_half_f2r_00008_67108864|rotating|138,1378943233,33558272,6251164,6164430,70977,0,70977,0,1504,0,752,0,0,0,5888,5888,4804472,0,4096,0,0,0,752,0,2105666283,0,2105666291,0,0,0,0,0,0,0,0,0,4096,256,131072,4,15|4,0,67108864,262144,256,0,0,0,0,100,0,88,0,25,22,0,1,100,0|284,2150737660,4,0,0,5767168,0,5767168,0,17862,0,0,22,0,0,0,0,0,0,0,5105496,0,0,0,0,0
1785961012153|1037|mixed_30min_half_f2r_00008_67108864|fixed|140,1378943233,16777471,12432212,12259933,12291016,12259933,12291016,12259933,11758,11712,11711,11711,0,0,1496,0,361512928,360794630,4096,4096,0,0,11712,11712,2439318991,2439318972,2439318975,2439318980,0,0,0,0,0,0,0,0,4096,256,131072,4,15|4,0,67108864,262144,256,0,0,0,0,188,0,176,0,47,44,0,1,188,0|286,3152112042,4,11597568,0,0,0,0,0,12314234,0,44,0,638425135,0,638425135,0,2080,631121650,0,10881610,0,0,0,0,0
1785961012153|1037|mixed_30min_half_f2r_00008_67108864|rotating|140,1378943233,33558272,12517676,12344409,142143,0,142143,0,3012,0,1506,0,0,0,11792,11792,9621776,0,4096,0,0,0,1506,0,2425393350,0,2425393358,0,0,0,0,0,0,0,0,0,4096,256,131072,4,15|4,0,67108864,262144,256,0,0,0,0,188,0,176,0,47,44,0,1,188,0|286,2470478172,4,0,0,11534336,0,11534336,0,35654,0,0,44,0,0,0,0,0,0,0,5152438,0,0,0,0,0
1785961017167|1037|mixed_30min_half_f2r_00008_67108864|fixed|142,1378943233,16777471,18716977,18457451,18504331,18457451,18504331,18457451,17699,17631,17631,17630,0,0,2253,0,544236356,543158695,4096,4096,0,0,17631,17631,2760062512,2760062845,2760062520,2760062853,0,0,0,0,0,0,0,0,4096,256,131072,4,15|4,0,67108864,262144,256,0,0,0,0,276,0,264,0,69,66,0,1,276,0|288,3474089740,4,17451680,0,0,0,0,0,18535509,0,66,0,958939305,0,958939305,0,2062,949934784,0,13738801,0,0,0,0,0
1785961017167|1037|mixed_30min_half_f2r_00008_67108864|rotating|142,1378943233,33558272,18812514,18551975,213686,0,213686,0,4528,0,2264,0,0,0,17721,17721,14464576,0,4096,0,0,0,2264,0,2746817653,0,2746817661,0,0,0,0,0,0,0,0,0,4096,256,131072,4,15|4,0,67108864,262144,256,0,0,0,0,276,0,264,0,69,66,0,1,276,0|288,2791969235,4,0,0,17301504,0,17301504,0,53539,0,0,66,0,0,0,0,0,0,0,5196016,0,0,0,0,0
1785961022171|1037|mixed_30min_half_f2r_00008_67108864|fixed|144,1378943233,16777471,24987970,24641609,24704064,24641609,24704064,24641609,23628,23538,23538,23538,0,0,3008,0,726576979,725140670,4096,4096,0,0,23538,23538,3080129490,3080129815,3080129498,3080129823,0,0,0,0,0,0,0,0,4096,256,131072,4,15|4,0,67108864,262144,256,0,0,0,0,364,0,352,0,91,88,0,1,364,0|290,3796562889,4,23321600,0,0,0,0,0,24766396,0,88,0,1279944974,0,1279944974,0,2080,1269257085,0,16581718,0,0,0,0,0
1785961022171|1037|mixed_30min_half_f2r_00008_67108864|rotating|144,1378943233,33558272,25158650,24809564,285885,0,285885,0,6058,0,3029,0,0,0,23698,23698,19352080,0,4096,0,0,0,3029,0,3071037442,0,3071037450,0,0,0,0,0,0,0,0,0,4096,256,131072,4,15|4,0,67108864,262144,256,0,0,0,0,368,0,356,0,92,89,0,1,368,0|290,3119057726,4,0,0,23330816,0,23330816,0,71755,0,0,89,0,0,0,0,0,0,0,5239232,0,0,0,0,0
1785961027174|1037|mixed_30min_half_f2r_00008_67108864|fixed|146,1378943233,16777471,31255223,30822023,30900057,30822023,30900057,30822023,29561,29448,29447,29447,0,0,3763,0,909005663,907210010,4096,4096,0,0,29448,29448,3400352938,3400352935,3400352946,3400352943,0,0,0,0,0,0,0,0,4096,256,131072,4,15|4,0,67108864,262144,256,0,0,0,0,452,0,440,0,113,110,0,1,452,0|292,4112888934,4,29072960,0,0,0,0,0,30870189,0,110,0,1594833179,0,1594833179,0,2080,1582438693,0,19422409,0,0,0,0,0
1785961027174|1037|mixed_30min_half_f2r_00008_67108864|rotating|146,1378943233,33558272,31331142,30897120,356009,0,356009,0,7544,0,3772,0,0,0,29519,29519,24099072,0,4096,0,0,0,3772,0,3386197392,0,3386197400,0,0,0,0,0,0,0,0,0,4096,256,131072,4,15|5,0,67108864,262144,256,0,0,0,0,456,0,444,0,114,111,0,1,456,0|292,3430968922,4,0,0,29097984,0,29097984,0,89120,0,0,111,0,0,0,0,0,0,0,5283989,0,0,0,0,0
1785961032188|1037|mixed_30min_half_f2r_00008_67108864|fixed|148,1378943233,16777471,37539030,37018573,37112423,37018573,37112423,37018573,35508,35373,35372,35372,0,0,4520,0,1091887318,1089732849,4096,4096,0,0,35373,35373,3721362701,3721362682,3721362709,3721362690,0,0,0,0,0,0,0,0,4096,256,131072,4,15|4,0,67108864,262144,256,0,0,0,0,544,0,532,0,136,133,0,1,544,0|294,138795795,5,34904672,0,0,0,0,0,37061407,0,133,0,1914249408,0,1914249408,0,2080,1900035614,0,22388484,0,0,0,0,0
1785961032188|1037|mixed_30min_half_f2r_00008_67108864|rotating|148,1378943233,33558272,37610528,37088549,427459,0,427459,0,9058,0,4529,0,0,0,35439,35439,28935520,0,4096,0,0,0,4529,0,3706973698,0,3706973706,0,0,0,0,0,0,0,0,0,4096,256,131072,4,15|4,0,67108864,262144,256,0,0,0,0,544,0,532,0,136,133,0,1,544,0|294,3752447210,4,0,0,34865152,0,34865152,0,107007,0,0,133,0,0,0,0,0,0,0,5329375,0,0,0,0,0
1785961037192|1037|mixed_30min_half_f2r_00008_67108864|fixed|150,1378943233,16781056,43805903,43198071,43307940,43198071,43307940,43198071,41438,41280,41280,41280,0,0,5276,0,1274246336,1271716576,4096,4096,0,0,41280,41280,4041564552,4041564909,4041564568,4041564917,0,0,0,0,0,0,0,0,4096,256,131072,4,15|4,0,67108864,262144,256,0,0,0,0,632,0,620,0,158,155,0,1,632,0|296,459124479,5,40735072,0,0,0,0,0,43245700,0,155,0,2233120492,0,2233120492,0,2080,2217224912,0,25221334,0,0,0,0,0
1785961037192|1037|mixed_30min_half_f2r_00008_67108864|rotating|150,1378943233,33558272,43882254,43273548,498815,0,498815,0,10570,0,5285,0,0,0,41352,41352,33765552,0,4096,0,0,0,5285,0,4027514143,0,4027514151,0,0,0,0,0,0,0,0,0,4096,256,131072,4,15|4,0,67108864,262144,256,0,0,0,0,632,0,620,0,158,155,0,1,632,0|296,4072093034,4,0,0,40632320,0,40632320,0,124798,0,0,155,0,0,0,0,0,0,0,5375869,0,0,0,0,0
1785961042203|1037|mixed_30min_half_f2r_00008_67108864|fixed|152,1378943233,16777471,50087810,49393273,49518491,49393273,49518491,49393273,47379,47199,47198,47198,0,0,6032,0,1456935625,1454046736,4096,4096,0,0,47199,47199,67279017,67279022,67279025,67278998,0,0,0,0,0,0,0,0,4096,256,131072,4,15|4,0,67108864,262144,256,0,0,0,0,720,0,708,0,180,177,0,1,720,0|298,779837821,5,46565472,0,0,0,0,0,49441331,0,177,0,2552376234,0,2552376234,0,2080,2534796794,0,28056258,0,0,0,0,0
1785961042203|1037|mixed_30min_half_f2r_00008_67108864|rotating|152,1378943233,33558272,50163921,49468505,570169,0,570169,0,12082,0,6041,0,0,0,47270,47270,38595584,0,4096,0,0,0,6041,0,53089366,0,53089374,0,0,0,0,0,0,0,0,0,4096,256,131072,4,15|4,0,67108864,262144,256,0,0,0,0,720,0,708,0,180,177,0,1,720,0|298,98612574,5,0,0,46399488,0,46399488,0,142682,0,0,177,0,0,0,0,0,0,0,5414277,0,0,0,0,0
1785961047213|1037|mixed_30min_half_f2r_00008_67108864|fixed|154,1378943233,16777471,56394359,55613083,55753405,55613083,55753405,55613083,53342,53139,53138,53138,0,0,6791,0,1640304589,1637056784,4096,4096,0,0,53139,53139,389135404,389135377,389135412,389135385,0,0,0,0,0,0,0,0,4096,256,131072,4,15|4,0,67108864,262144,256,0,0,0,0,808,0,796,0,202,199,0,1,808,0|300,1101536692,5,52419584,0,0,0,0,0,55657489,0,199,0,2872611577,0,2872611577,0,2080,2853342886,0,30901664,0,0,0,0,0
1785961047213|1037|mixed_30min_half_f2r_00008_67108864|rotating|154,1378943233,33558272,56464611,55681843,641800,0,641800,0,13600,0,6800,0,0,0,53205,53205,43444800,0,4096,0,0,0,6800,0,374607866,0,374607874,0,0,0,0,0,0,0,0,0,4096,256,131072,4,15|4,0,67108864,262144,256,0,0,0,0,812,0,800,0,203,200,0,1,812,0|300,420141642,5,0,0,52428800,0,52428800,0,160592,0,0,200,0,0,0,0,0,0,0,5452131,0,0,0,0,0
1785961052215|1037|mixed_30min_half_f2r_00008_67108864|fixed|156,1378943233,16777471,62639629,61771869,61927703,61771869,61927703,61771869,59251,59026,59025,59025,0,0,7543,0,1822021279,1818413986,4096,4096,0,0,59026,59026,708111614,708111611,708111622,708111619,0,0,0,0,0,0,0,0,4096,256,131072,4,15|4,0,67108864,262144,256,0,0,0,0,900,0,888,0,225,222,0,1,900,0|302,1420927265,5,58219680,0,0,0,0,0,61821119,0,222,0,3190552126,0,3190552126,0,2080,3169458640,0,33866438,0,0,0,0,0
1785961052215|1037|mixed_30min_half_f2r_00008_67108864|rotating|156,1378943233,33558272,62713436,61844117,712872,0,712872,0,15106,0,7553,0,0,0,59095,59095,48255672,0,4096,0,0,0,7553,0,693987629,0,693987637,0,0,0,0,0,0,0,0,0,4096,256,131072,4,15|4,0,67108864,262144,256,0,0,0,0,900,0,888,0,225,222,0,1,900,0|302,739413910,5,0,0,58195968,0,58195968,0,178360,0,0,222,0,0,0,0,0,0,0,5498322,0,0,0,0,0
1785961057222|1037|mixed_30min_half_f2r_00008_67108864|fixed|158,1378943233,16777471,68914572,67959321,68131197,67959321,68131197,67959321,65185,64938,64937,64937,0,0,8300,0,2004497675,2000515446,4096,4096,0,0,64937,64937,1028534483,1028534816,1028534491,1028534824,0,0,0,0,0,0,0,0,4096,256,131072,4,15|4,0,67108864,262144,256,0,0,0,0,988,0,976,0,247,244,0,1,988,0|304,1741870086,5,64057984,0,0,0,0,0,68021296,0,244,0,3510035371,0,3510035371,0,2080,3487251857,0,36709227,0,0,0,0,0
1785961057222|1037|mixed_30min_half_f2r_00008_67108864|rotating|158,1378943233,33558272,69009932,68053570,784416,0,784416,0,16622,0,8311,0,0,0,65026,65026,53098488,0,4096,0,0,0,8311,0,1015397542,0,1015397550,0,0,0,0,0,0,0,0,0,4096,256,131072,4,15|4,0,67108864,262144,256,0,0,0,0,988,0,976,0,247,244,0,1,988,0|304,1060948721,5,0,0,63963136,0,63963136,0,196245,0,0,244,0,0,0,0,0,0,0,5545066,0,0,0,0,0
1785961070092|1039|mixed_30min_half_f2r_00010_16777216|fixed|164,1378943233,16777471,6150087,6066438,6080335,6066438,6080335,6066438,5816,5794,5793,5793,0,0,739,0,178827520,178485443,4096,4096,0,0,5794,5794,1852469101,1852469106,1852469109,1852469114,0,0,0,0,0,0,0,0,4096,256,131072,4,15|4,0,16777216,262144,64,0,0,0,0,96,0,84,0,24,21,0,1,96,0|318,2564012590,5,5742144,0,0,0,0,0,6095359,0,21,0,319162368,0,319162368,0,2080,312369670,0,9660132,0,0,0,0,0
1785961070092|1039|mixed_30min_half_f2r_00010_16777216|rotating|164,1378943233,33558272,6201422,6117194,70314,0,70314,0,1490,0,745,0,0,0,5841,5841,4759744,0,4096,0,0,0,745,0,1836829358,0,1836829366,0,0,0,0,0,0,0,0,0,4096,256,131072,4,15|5,0,16777216,262144,64,0,0,0,0,100,0,88,0,25,22,0,1,100,0|318,1881710681,5,0,0,5767168,0,5767168,0,17696,0,0,22,0,0,0,0,0,0,0,6897220,0,0,0,0,0
1785961075092|1039|mixed_30min_half_f2r_00010_16777216|fixed|166,1378943233,16777471,12414483,12245300,12273477,12245300,12273477,12245300,11740,11696,11695,11695,0,0,1494,0,361003696,360304046,4096,4096,0,0,11696,11696,2172286767,2172286756,2172286719,2172286764,0,0,0,0,0,0,0,0,4096,256,131072,4,15|4,0,16777216,262144,64,0,0,0,0,188,0,176,0,47,44,0,1,188,0|320,2884600508,5,11572136,0,0,0,0,0,12285428,0,44,0,638292788,0,638292788,0,2080,629647949,0,12658610,0,0,0,0,0
1785961075092|1039|mixed_30min_half_f2r_00010_16777216|rotating|166,1378943233,33558272,12482394,12311911,141764,0,141764,0,3004,0,1502,0,0,0,11759,11759,9596192,0,4096,0,0,0,1502,0,2157638064,0,2157638072,0,0,0,0,0,0,0,0,0,4096,256,131072,4,15|4,0,16777216,262144,64,0,0,0,0,188,0,176,0,47,44,0,1,188,0|320,2203329884,5,0,0,11534336,0,11534336,0,35583,0,0,44,0,0,0,0,0,0,0,6926909,0,0,0,0,0
1785961085299|1040|mixed_30min_half_f2r_00011_67108864|fixed|170,1378943233,16777471,6549677,6463603,6479457,6463603,6479457,6463603,11676,11654,5826,5826,0,0,744,0,179873419,179530278,4096,4096,0,0,5827,5827,2825563895,2825563908,2825563903,2825563916,0,0,0,0,0,0,0,0,4096,256,131072,4,15|4,0,67108864,262144,256,0,0,0,0,100,0,88,0,25,22,0,1,100,0|328,3538217924,5,5790880,0,0,0,0,0,6515199,0,22,0,320618684,0,320618684,0,2080,315120173,0,7899969,0,0,0,0,0
1785961085299|1040|mixed_30min_half_f2r_00011_67108864|rotating|170,1378943233,33558272,6625548,6537922,71072,0,71072,0,1506,0,753,0,0,0,5894,5894,4810872,0,4096,0,0,0,753,0,2811389098,0,2811389106,0,0,0,0,0,0,0,0,0,4096,256,131072,4,15|4,0,67108864,262144,256,0,0,0,0,100,0,88,0,25,22,0,1,100,0|328,2856017494,5,0,0,5767168,0,5767168,0,17862,0,0,22,0,0,0,0,0,0,0,5011733,0,0,0,0,0
1785961090305|1040|mixed_30min_half_f2r_00011_67108864|fixed|172,1378943233,16777471,13193395,13018682,13051820,13018682,13051820,13018682,23519,23474,11736,11736,0,0,1500,0,362335555,361616870,4096,4096,0,0,11737,11737,3145954731,3145954744,3145954739,3145954752,0,0,0,0,0,0,0,0,4096,256,131072,4,15|4,0,67108864,262144,256,0,0,0,0,188,0,176,0,47,44,0,1,188,0|330,3858653627,5,11621280,0,0,0,0,0,13074092,0,44,0,639596787,0,639596787,0,2080,632380618,0,10768691,0,0,0,0,0
1785961090305|1040|mixed_30min_half_f2r_00011_67108864|rotating|172,1378943233,33558033,13273429,13097855,142427,0,142427,0,3018,0,1509,0,0,0,11808,11808,9637899,0,4096,0,0,0,1509,0,3131965395,0,3131965411,0,0,0,0,0,0,0,0,0,4096,256,131072,4,15|4,0,67108864,262144,256,0,0,0,0,188,0,176,0,47,44,0,1,188,0|330,3176704838,5,0,0,11534336,0,11534336,0,35701,0,0,44,0,0,0,0,0,0,0,5042596,0,0,0,0,0
1785961095307|1040|mixed_30min_half_f2r_00011_67108864|fixed|174,1378943233,16777471,19839361,19576934,19626525,19576934,19626525,19576934,35365,35298,17648,17648,0,0,2255,0,544843531,543765638,4096,4096,0,0,17649,17649,3466305911,3466305892,3466305919,3466305900,0,0,0,0,0,0,0,0,4096,256,131072,4,15|4,0,67108864,262144,256,0,0,0,0,276,0,264,0,69,66,0,1,276,0|332,4179491384,5,17451680,0,0,0,0,0,19642416,0,66,0,958976944,0,958976944,0,2080,950043620,0,13636910,0,0,0,0,0
1785961095307|1040|mixed_30min_half_f2r_00011_67108864|rotating|174,1378943233,33558272,19937442,19673942,213876,0,213876,0,4532,0,2266,0,0,0,17735,17735,14477336,0,4096,0,0,0,2266,0,3452971013,0,3452971021,0,0,0,0,0,0,0,0,0,4096,256,131072,4,15|4,0,67108864,262144,256,0,0,0,0,276,0,264,0,69,66,0,1,276,0|332,3498817835,5,0,0,17301504,0,17301504,0,53632,0,0,66,0,0,0,0,0,0,0,5084242,0,0,0,0,0
1785961100318|1040|mixed_30min_half_f2r_00011_67108864|fixed|176,1378943233,16781056,26488622,26138282,26204432,26138282,26204432,26138282,47217,47128,23564,23564,0,0,3011,0,727467808,726030944,4096,4096,0,0,23564,23564,3786845003,3786845336,3786845011,3786845344,0,0,0,0,0,0,0,0,4096,256,131072,4,15|4,0,67108864,262144,256,0,0,0,0,364,0,352,0,91,88,0,1,364,0|334,204727643,6,23282080,0,0,0,0,0,26196319,0,88,0,1277722899,0,1277722899,0,2080,1267071763,0,16505786,0,0,0,0,0
1785961100318|1040|mixed_30min_half_f2r_00011_67108864|rotating|176,1378943233,33558272,26571746,26220535,285035,0,285035,0,6040,0,3020,0,0,0,23638,23638,19294568,0,4096,0,0,0,3020,0,3772687977,0,3772687985,0,0,0,0,0,0,0,0,0,4096,256,131072,4,15|5,0,67108864,262144,256,0,0,0,0,368,0,356,0,92,89,0,1,368,0|334,3818457009,5,0,0,23330816,0,23330816,0,71423,0,0,89,0,0,0,0,0,0,0,5133129,0,0,0,0,0
1785961105320|1040|mixed_30min_half_f2r_00011_67108864|fixed|178,1378943233,16781056,33131370,32693194,32775923,32693194,32775923,32693194,59057,58946,29473,29473,0,0,3766,0,909890456,908094376,4096,4096,0,0,29473,29473,4107045291,4107045624,4107045299,4107045632,0,0,0,0,0,0,0,0,4096,256,131072,4,15|4,0,67108864,262144,256,0,0,0,0,456,0,444,0,114,111,0,1,456,0|336,525306030,6,29105888,0,0,0,0,0,32755554,0,111,0,1596845334,0,1596845334,0,2080,1584340176,0,19504878,0,0,0,0,0
1785961105320|1040|mixed_30min_half_f2r_00011_67108864|rotating|178,1378943233,33558272,33227477,32787458,356578,0,356578,0,7556,0,3778,0,0,0,29558,29558,24137408,0,4096,0,0,0,3778,0,4093927069,0,4093927077,0,0,0,0,0,0,0,0,0,4096,256,131072,4,15|4,0,67108864,262144,256,0,0,0,0,456,0,444,0,114,111,0,1,456,0|336,4139458585,5,0,0,29097984,0,29097984,0,89286,0,0,111,0,0,0,0,0,0,0,5186251,0,0,0,0,0
1785961110332|1040|mixed_30min_half_f2r_00011_67108864|fixed|180,1378943233,16781056,39782080,39255327,39355189,39255327,39355189,39255327,70918,70784,35392,35392,0,0,4523,0,1092621824,1090450200,4096,4096,0,0,35392,35392,132942528,132942861,132942536,132942869,0,0,0,0,0,0,0,0,4096,256,131072,4,15|4,0,67108864,262144,256,0,0,0,0,544,0,532,0,136,133,0,1,544,0|338,845361516,6,34928384,0,0,0,0,0,39303874,0,133,0,1915445196,0,1915445196,0,2080,1901219050,0,22375233,0,0,0,0,0
1785961110332|1040|mixed_30min_half_f2r_00011_67108864|rotating|180,1378943233,33558272,39866112,39338394,427839,0,427839,0,9066,0,4533,0,0,0,35466,35466,28961104,0,4096,0,0,0,4533,0,119107962,0,119107970,0,0,0,0,0,0,0,0,0,4096,256,131072,4,15|4,0,67108864,262144,256,0,0,0,0,544,0,532,0,136,133,0,1,544,0|338,164441657,6,0,0,34865152,0,34865152,0,107101,0,0,133,0,0,0,0,0,0,0,5230804,0,0,0,0,0
1785961115334|1040|mixed_30min_half_f2r_00011_67108864|fixed|182,1378943233,16781056,46417588,45802968,45919436,45802968,45919436,45802968,82748,82592,41296,41296,0,0,5278,0,1274890112,1272359272,4096,4096,0,0,41296,41296,452874113,452874446,452874121,452874454,0,0,0,0,0,0,0,0,4096,256,131072,4,15|4,0,67108864,262144,256,0,0,0,0,632,0,620,0,158,155,0,1,632,0|340,1165498958,6,40750880,0,0,0,0,0,45855769,0,155,0,2234127014,0,2234127014,0,2080,2218181537,0,25243931,0,0,0,0,0
1785961115334|1040|mixed_30min_half_f2r_00011_67108864|rotating|182,1378943233,33558272,46493957,45878565,498909,0,498909,0,10572,0,5286,0,0,0,41364,41364,33771952,0,4096,0,0,0,5286,0,438394977,0,438394985,0,0,0,0,0,0,0,0,0,4096,256,131072,4,15|4,0,67108864,262144,256,0,0,0,0,632,0,620,0,158,155,0,1,632,0|340,485037050,6,0,0,40632320,0,40632320,0,124939,0,0,155,0,0,0,0,0,0,0,5273884,0,0,0,0,0
1785961120345|1040|mixed_30min_half_f2r_00011_67108864|fixed|184,1378943233,16777471,53071576,52369091,52502069,52369091,52502069,52369091,94608,94430,47215,47215,0,0,6034,0,1457620240,1454729851,4096,4096,0,0,47215,47215,773610361,773610694,773610369,773610702,0,0,0,0,0,0,0,0,4096,256,131072,4,15|4,0,67108864,262144,256,0,0,0,0,720,0,708,0,180,177,0,1,720,0|342,1486247396,6,46581280,0,0,0,0,0,52421757,0,177,0,2553417852,0,2553417852,0,2080,2535755893,0,28111477,0,0,0,0,0
1785961120345|1040|mixed_30min_half_f2r_00011_67108864|rotating|184,1378943233,33558272,53152351,52448984,570356,0,570356,0,12086,0,6043,0,0,0,47286,47286,38608336,0,4096,0,0,0,6043,0,759399878,0,759399886,0,0,0,0,0,0,0,0,0,4096,256,131072,4,15|4,0,67108864,262144,256,0,0,0,0,720,0,708,0,180,177,0,1,720,0|342,804198873,6,0,0,46399488,0,46399488,0,142682,0,0,177,0,0,0,0,0,0,0,5319548,0,0,0,0,0
1785961125345|1040|mixed_30min_half_f2r_00011_67108864|fixed|186,1378943233,16777471,59716229,58926017,59075462,58926017,59075462,58926017,106452,106252,53125,53125,0,0,6789,0,1640087652,1636838135,4096,4096,0,0,53126,53126,1093900127,1093900108,1093900135,1093900116,0,0,0,0,0,0,0,0,4096,256,131072,4,15|4,0,67108864,262144,256,0,0,0,0,808,0,796,0,202,199,0,1,808,0|344,1806180512,6,52403776,0,0,0,0,0,58971118,0,199,0,2871895344,0,2871895344,0,2080,2852513083,0,30981146,0,0,0,0,0
1785961125345|1040|mixed_30min_half_f2r_00011_67108864|rotating|186,1378943233,33558272,59785671,58994697,641516,0,641516,0,13594,0,6797,0,0,0,53187,53187,43425616,0,4096,0,0,0,6797,0,1079117626,0,1079117634,0,0,0,0,0,0,0,0,0,4096,256,131072,4,15|5,0,67108864,262144,256,0,0,0,0,812,0,800,0,203,200,0,1,812,0|344,1124063288,6,0,0,52428800,0,52428800,0,160497,0,0,200,0,0,0,0,0,0,0,5367076,0,0,0,0,0
1785961130348|1040|mixed_30min_half_f2r_00011_67108864|fixed|188,1378943233,16781056,66352838,65474798,65640818,65474798,65640818,65474798,118282,118060,59030,59030,0,0,7544,0,1822374160,1818765672,4096,4096,0,0,59030,59030,1413850198,1413850531,1413850206,1413850539,0,0,0,0,0,0,0,0,4096,256,131072,4,15|4,0,67108864,262144,256,0,0,0,0,900,0,888,0,225,222,0,1,900,0|346,2126348493,6,58219680,0,0,0,0,0,65520731,0,222,0,3190609349,0,3190609349,0,2080,3169371762,0,33979845,0,0,0,0,0
1785961130348|1040|mixed_30min_half_f2r_00011_67108864|rotating|188,1378943233,33558272,66433296,65553603,712966,0,712966,0,15108,0,7554,0,0,0,59101,59101,48262064,0,4096,0,0,0,7554,0,1399926563,0,1399926571,0,0,0,0,0,0,0,0,0,4096,256,131072,4,15|4,0,67108864,262144,256,0,0,0,0,900,0,888,0,225,222,0,1,900,0|346,1445265855,6,0,0,58195968,0,58195968,0,178383,0,0,222,0,0,0,0,0,0,0,5410531,0,0,0,0,0
1785961135355|1040|mixed_30min_half_f2r_00011_67108864|fixed|190,1378943233,16777471,72999267,72032687,72215892,72032687,72215892,72032687,130129,129884,64941,64941,0,0,8300,0,2004883966,2000899681,4096,4096,0,0,64942,64942,1734333723,1734333736,1734333731,1734333744,0,0,0,0,0,0,0,0,4096,256,131072,4,15|4,0,67108864,262144,256,0,0,0,0,988,0,976,0,247,244,0,1,988,0|348,2446113030,6,64034272,0,0,0,0,0,72066897,0,244,0,3508920238,0,3508920238,0,2080,3485963145,0,36847021,0,0,0,0,0
1785961135355|1040|mixed_30min_half_f2r_00011_67108864|rotating|190,1378943233,33558272,73054386,72087229,783943,0,783943,0,16612,0,8306,0,0,0,64991,64991,53066576,0,4096,0,0,0,8306,0,1718782274,0,1718782282,0,0,0,0,0,0,0,0,0,4096,256,131072,4,15|4,0,67108864,262144,256,0,0,0,0,988,0,976,0,247,244,0,1,988,0|348,1763839773,6,0,0,63963136,0,63963136,0,196104,0,0,244,0,0,0,0,0,0,0,5457268,0,0,0,0,0
1785961148131|1042|mixed_30min_half_f2r_00013_16777216|fixed|196,1378943233,16777471,6188366,6103010,6118146,6103010,6118146,6103010,5852,5830,5829,5829,0,0,744,0,179958190,179614841,4096,4096,0,0,5830,5830,2552187905,2552187902,2552187913,2552187918,0,0,0,0,0,0,0,0,4096,256,131072,4,15|4,0,16777216,262144,64,0,0,0,0,100,0,88,0,25,22,0,1,100,0|362,3264516445,6,5790880,0,0,0,0,0,6145376,0,22,0,320521410,0,320521410,0,2080,314975215,0,7971898,0,0,0,0,0
1785961148131|1042|mixed_30min_half_f2r_00013_16777216|rotating|196,1378943233,33558272,6257933,6171080,71072,0,71072,0,1506,0,753,0,0,0,5895,5895,4810872,0,4096,0,0,0,753,0,2537833468,0,2537833476,0,0,0,0,0,0,0,0,0,4096,256,131072,4,15|4,0,16777216,262144,64,0,0,0,0,100,0,88,0,25,22,0,1,100,0|362,2582248487,6,0,0,5767168,0,5767168,0,17838,0,0,22,0,0,0,0,0,0,0,5126657,0,0,0,0,0
1785961153142|1042|mixed_30min_half_f2r_00013_16777216|fixed|198,1378943233,16777471,12467146,12294264,12325476,12294264,12325476,12294264,11790,11745,11744,11744,0,0,1501,0,362523464,361805028,4096,4096,0,0,11745,11745,2872787475,2872787440,2872787451,2872787448,0,0,0,0,0,0,0,0,4096,256,131072,4,15|4,0,16777216,262144,64,0,0,0,0,188,0,176,0,47,44,0,1,188,0|364,3585294547,6,11621280,0,0,0,0,0,12343062,0,44,0,639841912,0,639841912,0,2080,632596729,0,10821950,0,0,0,0,0
1785961153142|1042|mixed_30min_half_f2r_00013_16777216|rotating|198,1378943233,33558272,12541466,12367805,142427,0,142427,0,3018,0,1509,0,0,0,11814,11814,9640920,0,4096,0,0,0,1509,0,2858391098,0,2858391114,0,0,0,0,0,0,0,0,0,4096,256,131072,4,15|4,0,16777216,262144,64,0,0,0,0,188,0,176,0,47,44,0,1,188,0|364,2904764016,6,0,0,11534336,0,11534336,0,35795,0,0,44,0,0,0,0,0,0,0,5163616,0,0,0,0,0
1785961163305|1043|mixed_30min_half_f2r_00014_16777216|fixed|202,1378943233,16777471,6123179,6038771,6053147,6038771,6053147,6038771,5835,5813,5812,5812,0,0,742,0,179403394,179062533,4096,4096,0,0,5813,5813,3523246608,3523246613,3523246616,3523246621,0,0,0,0,0,0,0,0,4096,256,131072,4,15|4,0,16777216,262144,64,0,0,0,0,100,0,88,0,25,22,0,1,100,0|372,4236603355,6,5790880,0,0,0,0,0,6100559,0,22,0,320980976,0,320980976,0,2080,315059040,0,8467980,0,0,0,0,0
1785961163305|1043|mixed_30min_half_f2r_00014_16777216|rotating|202,1378943233,33558272,6222663,6136444,71166,0,71166,0,1508,0,754,0,0,0,5906,5906,4817264,0,4096,0,0,0,754,0,3510266521,0,3510266529,0,0,0,0,0,0,0,0,0,4096,256,131072,4,15|4,0,16777216,262144,64,0,0,0,0,100,0,88,0,25,22,0,1,100,0|372,3556075329,6,0,0,5767168,0,5767168,0,17957,0,0,22,0,0,0,0,0,0,0,5480388,0,0,0,0,0
1785961168319|1043|mixed_30min_half_f2r_00014_16777216|fixed|204,1378943233,16777471,12361907,12189705,12220427,12189705,12220427,12189705,11779,11734,11733,11733,0,0,1499,0,362186432,361468610,4096,4096,0,0,11734,11734,3844229618,3844229599,3844229594,3844229615,0,0,0,0,0,0,0,0,4096,256,131072,4,15|4,0,16777216,262144,64,0,0,0,0,188,0,176,0,47,44,0,1,188,0|374,262271419,7,11621280,0,0,0,0,0,12247530,0,44,0,640158736,0,640158736,0,2080,632528851,0,11326993,0,0,0,0,0
1785961168319|1043|mixed_30min_half_f2r_00014_16777216|rotating|204,1378943233,33558272,12448720,12275540,142522,0,142522,0,3020,0,1510,0,0,0,11816,11816,9647304,0,4096,0,0,0,1510,0,3830833132,0,3830833140,0,0,0,0,0,0,0,0,0,4096,256,131072,4,15|4,0,16777216,262144,64,0,0,0,0,188,0,176,0,47,44,0,1,188,0|374,3875553496,6,0,0,11534336,0,11534336,0,35725,0,0,44,0,0,0,0,0,0,0,5529238,0,0,0,0,0
1785961183209|1045|mixed_30min_half_f2r_00016_16777216|fixed|210,1378943233,16777471,6576004,6489675,6505596,6489675,6505596,6489675,11723,11700,5849,5849,0,0,746,0,180586000,180242865,4096,4096,0,0,5850,5850,503362401,503362382,503362377,503362390,0,0,0,0,0,0,0,0,4096,256,131072,4,15|4,0,16777216,262144,64,0,0,0,0,100,0,88,0,25,22,0,1,100,0|388,1216255336,7,5822496,0,0,0,0,0,6546053,0,22,0,322088882,0,322088882,0,2080,316596623,0,7900484,0,0,0,0,0
1785961183209|1045|mixed_30min_half_f2r_00016_16777216|rotating|210,1378943233,33558272,6674390,6586228,71545,0,71545,0,1516,0,758,0,0,0,5937,5937,4842848,0,4096,0,0,0,758,0,490099157,0,490099165,0,0,0,0,0,0,0,0,0,4096,256,131072,4,15|4,0,16777216,262144,64,0,0,0,0,100,0,88,0,25,22,0,1,100,0|388,536368840,7,0,0,5767168,0,5767168,0,18075,0,0,22,0,0,0,0,0,0,0,5006754,0,0,0,0,0
1785961188217|1045|mixed_30min_half_f2r_00016_16777216|fixed|212,1378943233,16777471,13200851,13026126,13059276,13026126,13059276,13026126,23532,23486,11742,11742,0,0,1500,0,362514144,361795466,4096,4096,0,0,11743,11743,822827825,822827806,822827801,822827814,0,0,0,0,0,0,0,0,4096,256,131072,4,15|4,0,16777216,262144,64,0,0,0,0,188,0,176,0,47,44,0,1,188,0|390,1536078424,7,11637088,0,0,0,0,0,13092969,0,44,0,640458322,0,640458322,0,2080,633245262,0,10768955,0,0,0,0,0
1785961188217|1045|mixed_30min_half_f2r_00016_16777216|rotating|212,1378943233,33558272,13305400,13129509,142710,0,142710,0,3024,0,1512,0,0,0,11835,11835,9660088,0,4096,0,0,0,1512,0,809815711,0,809815719,0,0,0,0,0,0,0,0,0,4096,256,131072,4,15|4,0,16777216,262144,64,0,0,0,0,188,0,176,0,47,44,0,1,188,0|390,855906757,7,0,0,11534336,0,11534336,0,35843,0,0,44,0,0,0,0,0,0,0,5052902,0,0,0,0,0
1785961198471|1046|mixed_30min_half_f2r_00017_16777216|fixed|216,1378943233,16777471,6554196,6468272,6483976,6468272,6483976,6468272,5856,5834,5834,5834,0,0,744,0,180011231,179668178,4096,4096,0,0,5834,5834,1479147310,1479147643,1479147318,1479147651,0,0,0,0,0,0,0,0,4096,256,131072,4,15|4,0,16777216,262144,64,0,0,0,0,100,0,88,0,25,22,0,1,100,0|398,2191660296,7,5798784,0,0,0,0,0,6516561,0,22,0,320867068,0,320867068,0,2080,315373077,0,7897172,0,0,0,0,0
1785961198471|1046|mixed_30min_half_f2r_00017_16777216|rotating|216,1378943233,33558272,6622854,6535384,71072,0,71072,0,1506,0,753,0,0,0,5895,5895,4810872,0,4096,0,0,0,753,0,1464579906,0,1464579914,0,0,0,0,0,0,0,0,0,4096,256,131072,4,15|4,0,16777216,262144,64,0,0,0,0,100,0,88,0,25,22,0,1,100,0|398,1509455412,7,0,0,5767168,0,5767168,0,17886,0,0,22,0,0,0,0,0,0,0,5019487,0,0,0,0,0
1785961203483|1046|mixed_30min_half_f2r_00017_16777216|fixed|218,1378943233,16777471,13201168,13026650,13059498,13026650,13059498,13026650,11796,11751,11750,11750,0,0,1501,0,362575578,361857248,4096,4096,0,0,11751,11751,1799892585,1799892598,1799892593,1799892574,0,0,0,0,0,0,0,0,4096,256,131072,4,15|4,0,16777216,262144,64,0,0,0,0,188,0,176,0,47,44,0,1,188,0|400,2512470213,7,11629184,0,0,0,0,0,13079666,0,44,0,640219385,0,640219385,0,2080,633005592,0,10768038,0,0,0,0,0
1785961203483|1046|mixed_30min_half_f2r_00017_16777216|rotating|218,1378943233,33558272,13272986,13097686,142427,0,142427,0,3018,0,1509,0,0,0,11814,11814,9640920,0,4096,0,0,0,1509,0,1785158350,0,1785158366,0,0,0,0,0,0,0,0,0,4096,256,131072,4,15|4,0,16777216,262144,64,0,0,0,0,188,0,176,0,47,44,0,1,188,0|400,1830307842,7,0,0,11534336,0,11534336,0,35725,0,0,44,0,0,0,0,0,0,0,5065726,0,0,0,0,0
1785961255673|1059|mixed_30min_half_r2f_00001_16777216|fixed|246,1378943233,16781056,6550047,6464052,70112,0,70112,0,1488,0,744,0,0,0,5826,5826,4753352,0,4096,0,0,0,744,0,845218166,0,845218174,0,0,0,0,0,0,0,0,0,4096,256,131072,4,15|5,0,16777216,262144,64,0,0,0,0,100,0,88,0,25,22,0,1,100,0|480,1557662075,8,0,0,5767168,0,5767168,0,17669,0,0,22,0,0,0,0,0,0,0,5030002,0,0,0,0,0
1785961255673|1059|mixed_30min_half_r2f_00001_16777216|rotating|246,1378943233,33558272,6623560,6536047,6552613,6536047,6552613,6536047,11807,11784,5892,5892,0,0,752,0,181897824,181538608,4096,4096,0,0,5892,5892,831060278,831060611,831060286,831060619,0,0,0,0,0,0,0,0,4096,256,131072,4,15|4,0,16777216,262144,64,0,0,0,0,100,0,88,0,25,22,0,1,100,0|480,875547905,8,5846208,0,0,0,0,0,6572574,0,22,0,323330054,0,323330054,0,2080,317872788,0,7871956,0,0,0,0,0
1785961260685|1059|mixed_30min_half_r2f_00001_16777216|fixed|248,1378943233,16781056,13203515,13029108,141449,0,141449,0,3002,0,1501,0,0,0,11745,11745,9589800,0,4096,0,0,0,1501,0,1165989980,0,1165989988,0,0,0,0,0,0,0,0,0,4096,256,131072,4,15|4,0,16777216,262144,64,0,0,0,0,188,0,176,0,47,44,0,1,188,0|482,1878658536,8,0,0,11534336,0,11534336,0,35503,0,0,44,0,0,0,0,0,0,0,5073588,0,0,0,0,0
1785961260685|1059|mixed_30min_half_r2f_00001_16777216|rotating|248,1378943233,33558272,13274287,13099119,13132085,13099119,13132085,13099119,23661,23616,11808,11808,0,0,1509,0,364536576,363818144,4096,4096,0,0,11808,11808,1151600396,1151600729,1151600404,1151600737,0,0,0,0,0,0,0,0,4096,256,131072,4,15|4,0,16777216,262144,64,0,0,0,0,188,0,176,0,47,44,0,1,188,0|482,1196138982,8,11676608,0,0,0,0,0,13136547,0,44,0,642463531,0,642463531,0,2080,635324745,0,10704540,0,0,0,0,0
1785961271077|1060|mixed_30min_half_r2f_00002_67108864|fixed|252,1378943233,16781056,6556934,6470896,70205,0,70205,0,1490,0,745,0,0,0,5836,5836,4759744,0,4096,0,0,0,745,0,1831128842,0,1831128850,0,0,0,0,0,0,0,0,0,4096,256,131072,4,15|4,0,67108864,262144,256,0,0,0,0,100,0,88,0,25,22,0,1,100,0|490,2544528289,8,0,0,5767168,0,5767168,0,17740,0,0,22,0,0,0,0,0,0,0,5024960,0,0,0,0,0
1785961271077|1060|mixed_30min_half_r2f_00002_67108864|rotating|252,1378943233,33554687,6644325,6556630,6573177,6556630,6573177,6556630,5938,5915,5914,5914,0,0,755,0,182495872,182136582,4096,4096,0,0,5915,5915,1817758847,1817758828,1817758823,1817758836,0,0,0,0,0,0,0,0,4096,256,131072,4,15|4,0,67108864,262144,256,0,0,0,0,100,0,88,0,25,22,0,1,100,0|490,1862390223,8,5869920,0,0,0,0,0,6596067,0,22,0,324682761,0,324682761,0,2080,319233562,0,7868976,0,0,0,0,0
1785961276082|1060|mixed_30min_half_r2f_00002_67108864|fixed|254,1378943233,16781056,13194624,13020336,141449,0,141449,0,3002,0,1501,0,0,0,11745,11745,9589800,0,4096,0,0,0,1501,0,2151469957,0,2151469965,0,0,0,0,0,0,0,0,0,4096,256,131072,4,15|4,0,67108864,262144,256,0,0,0,0,188,0,176,0,47,44,0,1,188,0|492,2864056567,8,0,0,11534336,0,11534336,0,35503,0,0,44,0,0,0,0,0,0,0,5068743,0,0,0,0,0
1785961276082|1060|mixed_30min_half_r2f_00002_67108864|rotating|254,1378943233,33558272,13266516,13091465,13124314,13091465,13124314,13091465,11854,11811,11809,11809,0,0,1509,0,364378504,363660424,4096,4096,0,0,11809,11809,2137134307,2137134640,2137134315,2137134648,0,0,0,0,0,0,0,0,4096,256,131072,4,15|4,0,67108864,262144,256,0,0,0,0,188,0,176,0,47,44,0,1,188,0|492,2182577364,8,11692416,0,0,0,0,0,13147383,0,44,0,643414278,0,643414278,0,2080,636282365,0,10701057,0,0,0,0,0
1785961281086|1060|mixed_30min_half_r2f_00002_67108864|fixed|256,1378943233,16781056,19824822,19562934,212503,0,212503,0,4510,0,2255,0,0,0,17652,17652,14407096,0,4096,0,0,0,2255,0,2471148463,0,2471148471,0,0,0,0,0,0,0,0,0,4096,256,131072,4,15|4,0,67108864,262144,256,0,0,0,0,276,0,264,0,69,66,0,1,276,0|494,3184790170,8,0,0,17301504,0,17301504,0,53314,0,0,66,0,0,0,0,0,0,0,5111638,0,0,0,0,0
1785961281086|1060|mixed_30min_half_r2f_00002_67108864|rotating|256,1378943233,33554687,19925290,19662245,19711654,19662245,19711654,19662245,17809,17744,17741,17741,0,0,2267,0,547427379,546350006,4096,4096,0,0,17742,17742,2458564749,2458564762,2458564757,2458564770,0,0,0,0,0,0,0,0,4096,256,131072,4,15|4,0,67108864,262144,256,0,0,0,0,276,0,264,0,69,66,0,1,276,0|494,2503386774,8,17530720,0,0,0,0,0,19705261,0,66,0,962764112,0,962764112,0,2080,953954373,0,13531644,0,0,0,0,0
1785961286089|1060|mixed_30min_half_r2f_00002_67108864|fixed|258,1378943233,16781056,26466219,26116463,283840,0,283840,0,6024,0,3012,0,0,0,23569,23569,19243504,0,4096,0,0,0,3012,0,2792117447,0,2792117463,0,0,0,0,0,0,0,0,0,4096,256,131072,4,15|4,0,67108864,262144,256,0,0,0,0,364,0,352,0,91,88,0,1,364,0|496,3504409217,8,0,0,23068672,0,23068672,0,71077,0,0,88,0,0,0,0,0,0,0,5152052,0,0,0,0,0
1785961286089|1060|mixed_30min_half_r2f_00002_67108864|rotating|258,1378943233,33554687,26534950,26184505,26250452,26184505,26250452,26184505,23720,23633,23630,23630,0,0,3019,0,729135848,727699436,4096,4096,0,0,23631,23631,2777650269,2777650250,2777650245,2777650258,0,0,0,0,0,0,0,0,4096,256,131072,4,15|4,0,67108864,262144,256,0,0,0,0,364,0,352,0,91,88,0,1,364,0|496,2822277599,8,23329504,0,0,0,0,0,26223047,0,88,0,1280205241,0,1280205241,0,2080,1269707998,0,16363424,0,0,0,0,0
1785961291099|1060|mixed_30min_half_r2f_00002_67108864|fixed|260,1378943233,16781056,33104221,32666982,354986,0,354986,0,7534,0,3767,0,0,0,29483,29483,24067096,0,4096,0,0,0,3767,0,3112225589,0,3112225597,0,0,0,0,0,0,0,0,0,4096,256,131072,4,15|4,0,67108864,262144,256,0,0,0,0,452,0,440,0,113,111,0,1,456,0|498,3825026514,8,0,0,29097984,0,29097984,0,88911,0,0,111,0,0,0,0,0,0,0,5196871,0,0,0,0,0
1785961291099|1060|mixed_30min_half_r2f_00002_67108864|rotating|260,1378943233,33554687,33178265,32739472,32822432,32739472,32822432,32739472,29661,29552,29548,29548,0,0,3776,0,911758497,909946724,4096,4096,0,0,29549,29549,3098442485,3098442498,3098442493,3098442506,0,0,0,0,0,0,0,0,4096,256,131072,4,15|4,0,67108864,262144,256,0,0,0,0,456,0,444,0,114,111,0,1,456,0|498,3143560529,8,29169120,0,0,0,0,0,32787741,0,111,0,1600028267,0,1600028267,0,2080,1587719871,0,19323041,0,0,0,0,0
1785961296112|1060|mixed_30min_half_r2f_00002_67108864|fixed|262,1378943233,16781056,39753439,39227778,426415,0,426415,0,9050,0,4525,0,0,0,35403,35403,28909936,0,4096,0,0,0,4525,0,3433431063,0,3433431071,0,0,0,0,0,0,0,0,0,4096,256,131072,4,15|4,0,67108864,262144,256,0,0,0,0,544,0,532,0,136,133,0,1,544,0|500,4146138467,8,0,0,34865152,0,34865152,0,106745,0,0,133,0,0,0,0,0,0,0,5237255,0,0,0,0,0
1785961296112|1060|mixed_30min_half_r2f_00002_67108864|rotating|262,1378943233,33554687,39848312,39321675,39420954,39321675,39420954,39321675,35622,35491,35487,35487,0,0,4535,0,1095000257,1092829444,4096,4096,0,0,35488,35488,3420205995,3420206008,3420206003,3420206016,0,0,0,0,0,0,0,0,4096,256,131072,4,15|4,0,67108864,262144,256,0,0,0,0,544,0,532,0,136,133,0,1,544,0|500,3464655577,8,35007424,0,0,0,0,0,39356083,0,133,0,1919663739,0,1919663739,0,2080,1905671683,0,22159462,0,0,0,0,0
1785961301126|1060|mixed_30min_half_r2f_00002_67108864|fixed|264,1378943233,16781056,46407572,45794234,497659,0,497659,0,10562,0,5281,0,0,0,41326,41326,33740032,0,4096,0,0,0,5281,0,3753969294,0,3753969302,0,0,0,0,0,0,0,0,0,4096,256,131072,4,15|4,0,67108864,262144,256,0,0,0,0,632,0,620,0,158,155,0,1,632,0|502,171852741,9,0,0,40632320,0,40632320,0,124556,0,0,155,0,0,0,0,0,0,0,5283602,0,0,0,0,0
1785961301126|1060|mixed_30min_half_r2f_00002_67108864|rotating|264,1378943233,33554687,46492792,45878490,45994190,45878490,45994190,45878490,41558,41405,41401,41401,0,0,5291,0,1277490450,1274960605,4096,4096,0,0,41402,41402,3740647279,3740647260,3740647287,3740647268,0,0,0,0,0,0,0,0,4096,256,131072,4,15|4,0,67108864,262144,256,0,0,0,0,632,0,620,0,158,155,0,1,632,0|502,3785834105,8,40853632,0,0,0,0,0,45927815,0,155,0,2239380715,0,2239380715,0,2080,2223712361,0,24990218,0,0,0,0,0
1785961306139|1060|mixed_30min_half_r2f_00002_67108864|fixed|266,1378943233,16781056,53055345,52354126,568996,0,568996,0,12076,0,6038,0,0,0,47247,47247,38576440,0,4096,0,0,0,6038,0,4074937667,0,4074937683,0,0,0,0,0,0,0,0,0,4096,256,131072,4,15|4,0,67108864,262144,256,0,0,0,0,720,0,708,0,180,177,0,1,720,0|504,492899470,9,0,0,46399488,0,46399488,0,142390,0,0,177,0,0,0,0,0,0,0,5329743,0,0,0,0,0
1785961306139|1060|mixed_30min_half_r2f_00002_67108864|rotating|266,1378943233,33554687,53129062,52427047,52559314,52427047,52559314,52427047,47491,47316,47312,47312,0,0,6046,0,1459877030,1456988144,4096,4096,0,0,47313,47313,4060913055,4060913068,4060913063,4060913044,0,0,0,0,0,0,0,0,4096,256,131072,4,15|4,0,67108864,262144,256,0,0,0,0,720,0,708,0,180,177,0,1,720,0|504,4105482288,8,46661632,0,0,0,0,0,52463104,0,178,0,2557576898,0,2557576898,0,2080,2540223405,0,27821379,0,0,0,0,0
1785961311141|1060|mixed_30min_half_r2f_00002_67108864|fixed|268,1378943233,16781056,59688756,58900099,640142,0,640142,0,13586,0,6793,0,0,0,53152,53152,43400032,0,4096,0,0,0,6793,0,100078859,0,100078867,0,0,0,0,0,0,0,0,0,4096,256,131072,4,15|4,0,67108864,262144,256,0,0,0,0,808,0,796,0,202,199,0,1,808,0|506,812787845,9,0,0,52428800,0,52428800,0,160200,0,0,200,0,0,0,0,0,0,0,5374070,0,0,0,0,0
1785961311141|1060|mixed_30min_half_r2f_00002_67108864|rotating|268,1378943233,33554687,59776598,58986303,59135515,58986303,59135515,58986303,53433,53234,53230,53230,0,0,6803,0,1642489209,1639224956,4096,4096,0,0,53231,53231,86723607,86723620,86723615,86723628,0,0,0,0,0,0,0,0,4096,256,131072,4,15|4,0,67108864,262144,256,0,0,0,0,812,0,800,0,203,200,0,1,812,0|506,132071009,9,52507840,0,0,0,0,0,59038327,0,200,0,2877671363,0,2877671363,0,2080,2858508776,0,30780585,0,0,0,0,0
1785961316168|1060|mixed_30min_half_r2f_00002_67108864|fixed|270,1378943233,16781056,66357670,65480307,711666,0,711666,0,15104,0,7552,0,0,0,59088,59088,48249272,0,4096,0,0,0,7552,0,421709296,0,421709304,0,0,0,0,0,0,0,0,0,4096,256,131072,4,15|4,0,67108864,262144,256,0,0,0,0,900,0,888,0,225,222,0,1,900,0|508,1134486188,9,0,0,58195968,0,58195968,0,178058,0,0,222,0,0,0,0,0,0,0,5413834,0,0,0,0,0
1785961316168|1060|mixed_30min_half_r2f_00002_67108864|rotating|270,1378943233,33558272,66436535,65558323,65724021,65558323,65724021,65558323,59383,59162,59159,59159,0,0,7561,0,1825410104,1821787064,4096,4096,0,0,59159,59159,407911432,407911765,407911440,407911773,0,0,0,0,0,0,0,0,4096,256,131072,4,15|4,0,67108864,262144,256,0,0,0,0,900,0,888,0,225,222,0,1,900,0|508,452667253,9,58346144,0,0,0,0,0,65597866,0,222,0,3196808031,0,3196808031,0,2080,3175965843,0,33612947,0,0,0,0,0
1785961321171|1060|mixed_30min_half_r2f_00002_67108864|fixed|272,1378943233,16781056,72997194,72032208,782815,0,782815,0,16614,0,8307,0,0,0,64999,64999,53072968,0,4096,0,0,0,8307,0,741818999,0,741819007,0,0,0,0,0,0,0,0,0,4096,256,131072,4,15|4,0,67108864,262144,256,0,0,0,0,988,0,976,0,247,244,0,1,988,0|510,1454784937,9,0,0,63963136,0,63963136,0,195845,0,0,244,0,0,0,0,0,0,0,5461311,0,0,0,0,0
1785961321171|1060|mixed_30min_half_r2f_00002_67108864|rotating|272,1378943233,33558272,73077001,72111144,72293337,72111144,72293337,72111144,65316,65073,65070,65070,0,0,8316,0,2007799920,2003817840,4096,4096,0,0,65070,65070,728182377,728182710,728182385,728182718,0,0,0,0,0,0,0,0,4096,256,131072,4,15|4,0,67108864,262144,256,0,0,0,0,988,0,976,0,247,244,0,1,988,0|510,772974350,9,64168640,0,0,0,0,0,72151194,0,244,0,3515659504,0,3515659504,0,2080,3493134668,0,36444962,0,0,0,0,0
1785961333914|1062|mixed_30min_half_r2f_00004_16777216|fixed|278,1378943233,16781056,6126681,6042075,69924,0,69924,0,1484,0,742,0,0,0,5814,5814,4740560,0,4096,0,0,0,742,0,1557719481,0,1557719489,0,0,0,0,0,0,0,0,0,4096,256,131072,4,15|5,0,16777216,262144,64,0,0,0,0,100,0,88,0,25,22,0,1,100,0|524,2270719511,9,0,0,5767168,0,5767168,0,17645,0,0,22,0,0,0,0,0,0,0,5427612,0,0,0,0,0
1785961333914|1062|mixed_30min_half_r2f_00004_16777216|rotating|278,1378943233,33558272,6222908,6136485,6151854,6136485,6151854,6136485,5929,5906,5906,5906,0,0,754,0,182300608,181943648,4096,4096,0,0,5906,5906,1545175882,1545176215,1545175898,1545176231,0,0,0,0,0,0,0,0,4096,256,131072,4,15|4,0,16777216,262144,64,0,0,0,0,100,0,88,0,25,22,0,1,100,0|524,1590478129,9,5869920,0,0,0,0,0,6186248,0,22,0,325336474,0,325336474,0,2080,319438644,0,8412038,0,0,0,0,0
1785961338924|1062|mixed_30min_half_r2f_00004_16777216|fixed|280,1378943233,16781056,12356483,12184454,141165,0,141165,0,2996,0,1498,0,0,0,11726,11726,9570616,0,4096,0,0,0,1498,0,1878103599,0,1878103607,0,0,0,0,0,0,0,0,0,4096,256,131072,4,15|4,0,16777216,262144,64,0,0,0,0,188,0,176,0,47,44,0,1,188,0|526,2590481801,9,0,0,11534336,0,11534336,0,35409,0,0,44,0,0,0,0,0,0,0,5477782,0,0,0,0,0
1785961338924|1062|mixed_30min_half_r2f_00004_16777216|rotating|280,1378943233,33554687,12440917,12268009,12298808,12268009,12298808,12268009,11852,11808,11807,11807,0,0,1508,0,364446902,363729785,4096,4096,0,0,11807,11807,1864950717,1864951066,1864950725,1864951074,0,0,0,0,0,0,0,0,4096,256,131072,4,15|4,0,16777216,262144,64,0,0,0,0,188,0,176,0,47,44,0,1,188,0|526,1910169487,9,11684512,0,0,0,0,0,12315916,0,44,0,643574184,0,643574184,0,2080,635950930,0,11285132,0,0,0,0,0
1785961349288|1063|mixed_30min_half_r2f_00005_67108864|fixed|284,1378943233,16781056,6219598,6134252,70488,0,70488,0,1496,0,748,0,0,0,5859,5859,4778928,0,4096,0,0,0,748,0,2544326141,0,2544326149,0,0,0,0,0,0,0,0,0,4096,256,131072,4,15|4,0,67108864,262144,256,0,0,0,0,100,0,88,0,25,22,0,1,100,0|534,3257961731,9,0,0,5767168,0,5767168,0,17810,0,0,22,0,0,0,0,0,0,0,6891485,0,0,0,0,0
1785961349288|1063|mixed_30min_half_r2f_00005_67108864|rotating|284,1378943233,33554687,6369098,6281972,6296911,6281972,6296911,6281972,6023,6000,5999,5999,0,0,766,0,185193825,184835060,4096,4096,0,0,6000,6000,2534564157,2534564170,2534564165,2534564178,0,0,0,0,0,0,0,0,4096,256,131072,4,15|4,0,67108864,262144,256,0,0,0,0,100,0,88,0,25,22,0,1,100,0|534,2581080547,9,5988480,0,0,0,0,0,6355618,0,22,0,332547124,0,332547124,0,2080,325685838,0,9778377,0,0,0,0,0
1785961354295|1063|mixed_30min_half_r2f_00005_67108864|fixed|286,1378943233,16781056,12454515,12283317,141259,0,141259,0,2998,0,1499,0,0,0,11732,11732,9577000,0,4096,0,0,0,1499,0,2862864861,0,2862864869,0,0,0,0,0,0,0,0,0,4096,256,131072,4,15|4,0,67108864,262144,256,0,0,0,0,188,0,176,0,47,44,0,1,188,0|536,3576251238,9,0,0,11534336,0,11534336,0,35480,0,0,44,0,0,0,0,0,0,0,6934989,0,0,0,0,0
1785961354295|1063|mixed_30min_half_r2f_00005_67108864|rotating|286,1378943233,33554687,12535767,12363645,12393565,12363645,12393565,12363645,11854,11810,11808,11808,0,0,1509,0,364509975,363793144,4096,4096,0,0,11809,11809,2849382557,2849382570,2849382565,2849382530,0,0,0,0,0,0,0,0,4096,256,131072,4,15|4,0,67108864,262144,256,0,0,0,0,188,0,176,0,47,44,0,1,188,0|536,2895390037,9,11700320,0,0,0,0,0,12427072,0,44,0,645428654,0,645428654,0,2080,636839199,0,12632155,0,0,0,0,0
1785961359309|1063|mixed_30min_half_r2f_00005_67108864|fixed|288,1378943233,16781056,18723583,18466004,212408,0,212408,0,4508,0,2254,0,0,0,17638,17638,14400704,0,4096,0,0,0,2254,0,3182996077,0,3182996085,0,0,0,0,0,0,0,0,0,4096,256,131072,4,15|4,0,67108864,262144,256,0,0,0,0,276,0,264,0,69,66,0,1,276,0|538,3895625834,9,0,0,17301504,0,17301504,0,53243,0,0,66,0,0,0,0,0,0,0,6983253,0,0,0,0,0
1785961359309|1063|mixed_30min_half_r2f_00005_67108864|rotating|288,1378943233,33554687,18797513,18539284,18584350,18539284,18584350,18539284,17775,17710,17707,17707,0,0,2262,0,546599778,545523520,4096,4096,0,0,17708,17708,3169028543,3169028548,3169028551,3169028524,0,0,0,0,0,0,0,0,4096,256,131072,4,15|4,0,67108864,262144,256,0,0,0,0,276,0,264,0,69,66,0,1,276,0|538,3213552963,9,17491200,0,0,0,0,0,18573393,0,66,0,962143860,0,962143860,0,2080,951843471,0,15485668,0,0,0,0,0
1785961364320|1063|mixed_30min_half_r2f_00005_67108864|fixed|290,1378943233,16781056,25004188,24661211,283651,0,283651,0,6020,0,3010,0,0,0,23557,23557,19230736,0,4096,0,0,0,3010,0,3503556644,0,3503556652,0,0,0,0,0,0,0,0,0,4096,256,131072,4,15|4,0,67108864,262144,256,0,0,0,0,364,0,352,0,91,88,0,1,364,0|540,4216400163,9,0,0,23068672,0,23068672,0,71054,0,0,88,0,0,0,0,0,0,0,7021209,0,0,0,0,0
1785961364320|1063|mixed_30min_half_r2f_00005_67108864|rotating|290,1378943233,33558272,25079509,24735531,24795011,24735531,24795011,24735531,23717,23630,23628,23628,0,0,3019,0,729348984,727914640,4096,4096,0,0,23628,23628,3489813195,3489813520,3489813203,3489813528,0,0,0,0,0,0,0,0,4096,256,131072,4,15|4,0,67108864,262144,256,0,0,0,0,364,0,352,0,91,88,0,1,364,0|540,3534388310,9,23321600,0,0,0,0,0,24769511,0,88,0,1281521607,0,1281521607,0,2048,1269519179,0,18338771,0,0,0,0,0
1785961369334|1063|mixed_30min_half_r2f_00005_67108864|fixed|292,1378943233,16781056,31289550,30859819,354986,0,354986,0,7534,0,3767,0,0,0,29479,29479,24067096,0,4096,0,0,0,3767,0,3824547071,0,3824547079,0,0,0,0,0,0,0,0,0,4096,256,131072,4,15|4,0,67108864,262144,256,0,0,0,0,452,0,440,0,113,110,0,1,452,0|542,242295731,10,0,0,29097984,0,29097984,0,88911,0,0,111,0,0,0,0,0,0,0,7069099,0,0,0,0,0
1785961369334|1063|mixed_30min_half_r2f_00005_67108864|rotating|292,1378943233,33558272,31361940,30930641,31006107,30930641,31006107,30930641,29660,29550,29548,29548,0,0,3776,0,912086720,910278552,4096,4096,0,0,29548,29548,3810713636,3810713945,3810713644,3810713961,0,0,0,0,0,0,0,0,4096,256,131072,4,15|4,0,67108864,262144,256,0,0,0,0,456,0,444,0,114,111,0,1,456,0|542,3855414549,9,29161216,0,0,0,0,0,30966947,0,111,0,1601087942,0,1601087942,0,2080,1587251147,0,21321602,0,0,0,0,0
1785961374337|1063|mixed_30min_half_r2f_00005_67108864|fixed|294,1378943233,16781056,37559802,37043481,426227,0,426227,0,9046,0,4523,0,0,0,35386,35386,28897168,0,4096,0,0,0,4523,0,4144910417,0,4144910425,0,0,0,0,0,0,0,0,0,4096,256,131072,4,15|4,0,67108864,262144,256,0,0,0,0,544,0,532,0,136,133,0,1,544,0|544,562439021,10,0,0,34865152,0,34865152,0,106674,0,0,133,0,0,0,0,0,0,0,7109940,0,0,0,0,0
1785961374337|1063|mixed_30min_half_r2f_00005_67108864|rotating|294,1378943233,33554687,37633838,37116688,37206856,37116688,37206856,37116688,35591,35460,35456,35456,0,0,4531,0,1094463577,1092295456,4096,4096,0,0,35457,35457,4130874179,4130874184,4130874187,4130874160,0,0,0,0,0,0,0,0,4096,256,131072,4,15|4,0,67108864,262144,256,0,0,0,0,544,0,532,0,136,133,0,1,544,0|544,4175632577,9,34983712,0,0,0,0,0,37153620,0,133,0,1919850346,0,1919850346,0,2080,1904309524,0,24174996,0,0,0,0,0
1785961379339|1063|mixed_30min_half_r2f_00005_67108864|fixed|296,1378943233,16781056,43837442,43234531,497375,0,497375,0,10556,0,5278,0,0,0,41299,41299,33720848,0,4096,0,0,0,5278,0,170073391,0,170073399,0,0,0,0,0,0,0,0,0,4096,256,131072,4,15|4,0,67108864,262144,256,0,0,0,0,632,0,620,0,158,155,0,1,632,0|546,882638751,10,0,0,40632320,0,40632320,0,124461,0,0,155,0,0,0,0,0,0,0,7152943,0,0,0,0,0
1785961379339|1063|mixed_30min_half_r2f_00005_67108864|rotating|296,1378943233,33554687,43902495,43298633,43404366,43298633,43404366,43298633,41517,41364,41360,41360,0,0,5286,0,1276719048,1274190979,4096,4096,0,0,41361,41361,155836538,155836535,155836546,155836551,0,0,0,0,0,0,0,0,4096,256,131072,4,15|4,0,67108864,262144,256,0,0,0,0,632,0,620,0,158,155,0,1,632,0|546,200457345,10,40798304,0,0,0,0,0,43332211,0,155,0,2238188762,0,2238188762,0,2080,2220943067,0,27027539,0,0,0,0,0
1785961384340|1063|mixed_30min_half_r2f_00005_67108864|fixed|298,1378943233,16781056,50102265,49412938,568429,0,568429,0,12064,0,6032,0,0,0,47201,47201,38538096,0,4096,0,0,0,6032,0,489775282,0,489775290,0,0,0,0,0,0,0,0,0,4096,256,131072,4,15|4,0,67108864,262144,256,0,0,0,0,720,0,708,0,180,177,0,1,720,0|548,1202706889,10,0,0,46399488,0,46399488,0,142249,0,0,177,0,0,0,0,0,0,0,7193253,0,0,0,0,0
1785961384340|1063|mixed_30min_half_r2f_00005_67108864|rotating|298,1378943233,33558272,50173522,49483365,49604242,49483365,49604242,49483365,47447,47272,47269,47269,0,0,6041,0,1459099440,1456212664,4096,4096,0,0,47269,47269,475978407,475978740,475978415,475978748,0,0,0,0,0,0,0,0,4096,256,131072,4,15|4,0,67108864,262144,256,0,0,0,0,720,0,708,0,180,177,0,1,720,0|548,520403156,10,46620800,0,0,0,0,0,49513080,0,177,0,2556678949,0,2556678949,0,2080,2537728651,0,29881509,0,0,0,0,0
1785961389350|1063|mixed_30min_half_r2f_00005_67108864|fixed|300,1378943233,16781056,56388307,55613917,639768,0,639768,0,13578,0,6789,0,0,0,53123,53123,43374512,0,4096,0,0,0,6789,0,810763472,0,810763480,0,0,0,0,0,0,0,0,0,4096,256,131072,4,15|4,0,67108864,262144,256,0,0,0,0,808,0,796,0,202,199,0,1,808,0|550,1523440841,10,0,0,52166656,0,52166656,0,160082,0,0,199,0,0,0,0,0,0,0,7230743,0,0,0,0,0
1785961389350|1063|mixed_30min_half_r2f_00005_67108864|rotating|300,1378943233,33554687,56465639,55690378,55825027,55690378,55825027,55690378,53398,53200,53196,53196,0,0,6798,0,1642065278,1638820912,4096,4096,0,0,53197,53197,797162539,797162560,797162547,797162512,0,0,0,0,0,0,0,0,4096,256,131072,4,15|4,0,67108864,262144,256,0,0,0,0,812,0,800,0,203,200,0,1,812,0|550,842267252,10,52468320,0,0,0,0,0,55729305,0,200,0,2877081165,0,2877081165,0,2080,2856299921,0,32862616,0,0,0,0,0
1785961394364|1063|mixed_30min_half_r2f_00005_67108864|fixed|302,1378943233,16781056,62675473,61813564,711100,0,711100,0,15092,0,7546,0,0,0,59045,59045,48210936,0,4096,0,0,0,7546,0,1131756402,0,1131756410,0,0,0,0,0,0,0,0,0,4096,256,131072,4,15|4,0,67108864,262144,256,0,0,0,0,900,0,888,0,225,222,0,1,900,0|552,1844204447,10,0,0,58195968,0,58195968,0,177916,0,0,222,0,0,0,0,0,0,0,7280295,0,0,0,0,0
1785961394364|1063|mixed_30min_half_r2f_00005_67108864|rotating|302,1378943233,33554687,62750890,61887376,62038942,61887376,62038942,61887376,59340,59119,59116,59116,0,0,7555,0,1824791147,1821171174,4096,4096,0,0,59116,59116,1118030557,1118030890,1118030565,1118030898,0,0,0,0,0,0,0,0,4096,256,131072,4,15|4,0,67108864,262144,256,0,0,0,0,900,0,888,0,225,222,0,1,900,0|552,1164148026,10,58322432,0,0,0,0,0,61949066,0,222,0,3197498411,0,3197498411,0,2080,3175018360,0,35717578,0,0,0,0,0
1785961399371|1063|mixed_30min_half_r2f_00005_67108864|fixed|304,1378943233,16781056,68952485,68002999,782342,0,782342,0,16604,0,8302,0,0,0,64958,64958,53040992,0,4096,0,0,0,8302,0,1452116282,0,1452116290,0,0,0,0,0,0,0,0,0,4096,256,131072,4,15|4,0,67108864,262144,256,0,0,0,0,988,0,976,0,247,244,0,1,988,0|554,2164894043,10,0,0,63963136,0,63963136,0,195727,0,0,244,0,0,0,0,0,0,0,7322409,0,0,0,0,0
1785961399371|1063|mixed_30min_half_r2f_00005_67108864|rotating|304,1378943233,33554687,69018482,68068129,68235385,68068129,68235385,68068129,65267,65024,65020,65020,0,0,8310,0,2007040904,2003060587,4096,4096,0,0,65021,65021,1437965903,1437965924,1437965911,1437965932,0,0,0,0,0,0,0,0,4096,256,131072,4,15|4,0,67108864,262144,256,0,0,0,0,988,0,976,0,247,244,0,1,988,0|554,1483209300,10,64129120,0,0,0,0,0,68112960,0,244,0,3515108013,0,3515108013,0,2080,3490923817,0,38567696,0,0,0,0,0
1785961412074|1065|mixed_30min_half_r2f_00007_16777216|fixed|310,1378943233,16781056,6539493,6453598,70018,0,70018,0,1486,0,743,0,0,0,5821,5821,4746960,0,4096,0,0,0,743,0,2265069509,0,2265069517,0,0,0,0,0,0,0,0,0,4096,256,131072,4,15|5,0,16777216,262144,64,0,0,0,0,100,0,88,0,25,22,0,1,100,0|568,2977718445,10,0,0,5767168,0,5767168,0,17645,0,0,22,0,0,0,0,0,0,0,5020189,0,0,0,0,0
1785961412074|1065|mixed_30min_half_r2f_00007_16777216|rotating|310,1378943233,33554687,6616180,6528747,6545314,6528747,6545314,6528747,5913,5890,5889,5889,0,0,752,0,181723080,181363792,4096,4096,0,0,5890,5890,2251216180,2251216161,2251216156,2251216169,0,0,0,0,0,0,0,0,4096,256,131072,4,15|4,0,16777216,262144,64,0,0,0,0,100,0,88,0,25,22,0,1,100,0|568,2295947870,10,5846208,0,0,0,0,0,6570340,0,22,0,323444917,0,323444917,0,2080,317989836,0,7869766,0,0,0,0,0
1785961417081|1065|mixed_30min_half_r2f_00007_16777216|fixed|312,1378943233,16781056,13180476,13006131,141259,0,141259,0,2998,0,1499,0,0,0,11733,11733,9577000,0,4096,0,0,0,1499,0,2585409983,0,2585409991,0,0,0,0,0,0,0,0,0,4096,256,131072,4,15|4,0,16777216,262144,64,0,0,0,0,188,0,176,0,47,44,0,1,188,0|570,3298208180,10,0,0,11534336,0,11534336,0,35456,0,0,44,0,0,0,0,0,0,0,5064022,0,0,0,0,0
1785961417081|1065|mixed_30min_half_r2f_00007_16777216|rotating|312,1378943233,33554687,13258622,13083414,13116513,13083414,13116513,13083414,11848,11803,11802,11802,0,0,1508,0,364186319,363467986,4096,4096,0,0,11803,11803,2571609571,2571609584,2571609579,2571609592,0,0,0,0,0,0,0,0,4096,256,131072,4,15|4,0,16777216,262144,64,0,0,0,0,188,0,176,0,47,44,0,1,188,0|570,2616359980,10,11676608,0,0,0,0,0,13125316,0,44,0,642399427,0,642399427,0,2080,635263979,0,10701197,0,0,0,0,0
1785961427328|1066|mixed_30min_half_r2f_00008_67108864|fixed|316,1378943233,16781056,6184813,6099613,70112,0,70112,0,1488,0,744,0,0,0,5830,5830,4753352,0,4096,0,0,0,744,0,3241370224,0,3241370232,0,0,0,0,0,0,0,0,0,4096,256,131072,4,15|5,0,67108864,262144,256,0,0,0,0,100,0,88,0,25,22,0,1,100,0|578,3954582862,10,0,0,5767168,0,5767168,0,17692,0,0,22,0,0,0,0,0,0,0,5118700,0,0,0,0,0
1785961427328|1066|mixed_30min_half_r2f_00008_67108864|rotating|316,1378943233,33554687,6282385,6195396,6211142,6195396,6211142,6195396,5945,5922,5921,5921,0,0,756,0,182795473,182435820,4096,4096,0,0,5922,5922,3228823311,3228823332,3228823327,3228823340,0,0,0,0,0,0,0,0,4096,256,131072,4,15|4,0,67108864,262144,256,0,0,0,0,100,0,88,0,25,22,0,1,100,0|578,3274380884,10,5893632,0,0,0,0,0,6250959,0,22,0,326099478,0,326099478,0,2080,320548572,0,8002268,0,0,0,0,0
1785961432333|1066|mixed_30min_half_r2f_00008_67108864|fixed|318,1378943233,16781056,12455984,12283358,141354,0,141354,0,3000,0,1500,0,0,0,11738,11738,9583400,0,4096,0,0,0,1500,0,3561745862,0,3561745870,0,0,0,0,0,0,0,0,0,4096,256,131072,4,15|4,0,67108864,262144,256,0,0,0,0,188,0,176,0,47,44,0,1,188,0|580,4274410296,10,0,0,11534336,0,11534336,0,35480,0,0,44,0,0,0,0,0,0,0,5158333,0,0,0,0,0
1785961432333|1066|mixed_30min_half_r2f_00008_67108864|rotating|318,1378943233,33554687,12531081,12357560,12388879,12357560,12388879,12357560,11854,11809,11808,11808,0,0,1509,0,364512688,363794211,4096,4096,0,0,11809,11809,3547831871,3547831852,3547831831,3547831860,0,0,0,0,0,0,0,0,4096,256,131072,4,15|4,0,67108864,262144,256,0,0,0,0,188,0,176,0,47,44,0,1,188,0|580,3592997455,10,11684512,0,0,0,0,0,12405081,0,44,0,643268329,0,643268329,0,2080,635994855,0,10867415,0,0,0,0,0
1785961437344|1066|mixed_30min_half_r2f_00008_67108864|fixed|320,1378943233,16781056,18744871,18485260,212690,0,212690,0,4514,0,2257,0,0,0,17661,17661,14419848,0,4096,0,0,0,2257,0,3882749942,0,3882749950,0,0,0,0,0,0,0,0,0,4096,256,131072,4,15|4,0,67108864,262144,256,0,0,0,0,276,0,264,0,69,66,0,1,276,0|582,300874719,11,0,0,17301504,0,17301504,0,53338,0,0,66,0,0,0,0,0,0,0,5208085,0,0,0,0,0
1785961437344|1066|mixed_30min_half_r2f_00008_67108864|rotating|320,1378943233,33554687,18849004,18588256,18635181,18588256,18635181,18588256,17827,17761,17759,17759,0,0,2269,0,548210213,547132664,4096,4096,0,0,17760,17760,3870286349,3870286346,3870286357,3870286362,0,0,0,0,0,0,0,0,4096,256,131072,4,15|4,0,67108864,262144,256,0,0,0,0,276,0,264,0,69,66,0,1,276,0|582,3915346293,10,17546528,0,0,0,0,0,18633303,0,66,0,964151663,0,964151663,0,2080,955169168,0,13734288,0,0,0,0,0
1785961442352|1066|mixed_30min_half_r2f_00008_67108864|fixed|322,1378943233,16781056,25024201,24677839,283934,0,283934,0,6026,0,3013,0,0,0,23576,23576,19249880,0,4096,0,0,0,3013,0,4203317798,0,4203317806,0,0,0,0,0,0,0,0,0,4096,256,131072,4,15|4,0,67108864,262144,256,0,0,0,0,364,0,352,0,91,88,0,1,364,0|584,619866296,11,0,0,23068672,0,23068672,0,71054,0,0,88,0,0,0,0,0,0,0,5250073,0,0,0,0,0
1785961442352|1066|mixed_30min_half_r2f_00008_67108864|rotating|322,1378943233,33554687,25075764,24728801,24791266,24728801,24791266,24728801,23715,23627,23625,23625,0,0,3019,0,729273856,727837496,4096,4096,0,0,23626,23626,4188154974,4188154947,4188154950,4188154955,0,0,0,0,0,0,0,0,4096,256,131072,4,15|4,0,67108864,262144,256,0,0,0,0,364,0,352,0,91,88,0,1,364,0|584,4232996395,10,23329504,0,0,0,0,0,24769576,0,88,0,1280356021,0,1280356021,0,2080,1269654028,0,16594668,0,0,0,0,0
1785961447360|1066|mixed_30min_half_r2f_00008_67108864|fixed|324,1378943233,16781056,31302050,30868804,355080,0,355080,0,7536,0,3768,0,0,0,29491,29491,24073496,0,4096,0,0,0,3768,0,228491693,0,228491701,0,0,0,0,0,0,0,0,0,4096,256,131072,4,15|4,0,67108864,262144,256,0,0,0,0,452,0,440,0,113,110,0,1,452,0|586,940350241,11,0,0,28835840,0,28835840,0,88864,0,0,110,0,0,0,0,0,0,0,5295171,0,0,0,0,0
1785961447360|1066|mixed_30min_half_r2f_00008_67108864|rotating|324,1378943233,33554687,31351831,30917299,30996092,30917299,30996092,30917299,29650,29539,29537,29537,0,0,3775,0,911781189,909969120,4096,4096,0,0,29538,29538,213686965,213686978,213686973,213686986,0,0,0,0,0,0,0,0,4096,256,131072,4,15|4,0,67108864,262144,256,0,0,0,0,456,0,444,0,114,111,0,1,456,0|586,258436495,11,29153312,0,0,0,0,0,30956093,0,111,0,1599307465,0,1599307465,0,2080,1586756732,0,19588478,0,0,0,0,0
1785961452369|1066|mixed_30min_half_r2f_00008_67108864|fixed|326,1378943233,16781056,37577497,37056793,426415,0,426415,0,9050,0,4525,0,0,0,35402,35402,28909936,0,4096,0,0,0,4525,0,549293307,0,549293315,0,0,0,0,0,0,0,0,0,4096,256,131072,4,15|4,0,67108864,262144,256,0,0,0,0,544,0,532,0,136,133,0,1,544,0|588,1261968394,11,0,0,34865152,0,34865152,0,106745,0,0,133,0,0,0,0,0,0,0,5338929,0,0,0,0,0
1785961452369|1066|mixed_30min_half_r2f_00008_67108864|rotating|326,1378943233,33554687,37651548,37130052,37224377,37130052,37224377,37130052,35607,35474,35472,35472,0,0,4533,0,1094964077,1092793224,4096,4096,0,0,35473,35473,535248922,535248903,535248930,535248911,0,0,0,0,0,0,0,0,4096,256,131072,4,15|4,0,67108864,262144,256,0,0,0,0,544,0,532,0,136,133,0,1,544,0|588,579801208,11,34999520,0,0,0,0,0,37165021,0,133,0,1919210626,0,1919210626,0,2080,1904953160,0,22449669,0,0,0,0,0
1785961457377|1066|mixed_30min_half_r2f_00008_67108864|fixed|328,1378943233,16781056,43856831,43249734,497564,0,497564,0,10560,0,5280,0,0,0,41317,41317,33733640,0,4096,0,0,0,5280,0,869434216,0,869434224,0,0,0,0,0,0,0,0,0,4096,256,131072,4,15|4,0,67108864,262144,256,0,0,0,0,632,0,620,0,158,155,0,1,632,0|590,1582652233,11,0,0,40632320,0,40632320,0,124556,0,0,155,0,0,0,0,0,0,0,5385929,0,0,0,0,0
1785961457377|1066|mixed_30min_half_r2f_00008_67108864|rotating|328,1378943233,33558272,43950153,43342011,43451551,43342011,43451551,43342011,41561,41406,41405,41405,0,0,5291,0,1278104792,1275575160,4096,4096,0,0,41405,41405,856712792,856713117,856712800,856713125,0,0,0,0,0,0,0,0,4096,256,131072,4,15|4,0,67108864,262144,256,0,0,0,0,632,0,620,0,158,155,0,1,632,0|590,902789021,11,40869440,0,0,0,0,0,43405902,0,155,0,2240730959,0,2240730959,0,2080,2224769845,0,25312866,0,0,0,0,0
1785961462378|1066|mixed_30min_half_r2f_00008_67108864|fixed|330,1378943233,16781056,50126932,49433097,568712,0,568712,0,12070,0,6035,0,0,0,47223,47223,38557280,0,4096,0,0,0,6035,0,1189574252,0,1189574260,0,0,0,0,0,0,0,0,0,4096,256,131072,4,15|4,0,67108864,262144,256,0,0,0,0,720,0,708,0,180,177,0,1,720,0|592,1902547844,11,0,0,46399488,0,46399488,0,142320,0,0,177,0,0,0,0,0,0,0,5424804,0,0,0,0,0
1785961462378|1066|mixed_30min_half_r2f_00008_67108864|rotating|330,1378943233,33558272,50218253,49523356,49648505,49523356,49648505,49523356,47488,47312,47310,47310,0,0,6046,0,1460382568,1457493848,4096,4096,0,0,47310,47310,1176691727,1176692036,1176691735,1176692044,0,0,0,0,0,0,0,0,4096,256,131072,4,15|4,0,67108864,262144,256,0,0,0,0,724,0,712,0,181,178,0,1,724,0|592,1221970175,11,46669536,0,0,0,0,0,49568168,0,178,0,2558462089,0,2558462089,0,2080,2540648122,0,28305698,0,0,0,0,0
1785961467398|1066|mixed_30min_half_r2f_00008_67108864|fixed|332,1378943233,16781056,56421063,55640779,640142,0,640142,0,13586,0,6793,0,0,0,53153,53153,43400032,0,4096,0,0,0,6793,0,1511004702,0,1511004710,0,0,0,0,0,0,0,0,0,4096,256,131072,4,15|4,0,67108864,262144,256,0,0,0,0,808,0,796,0,202,200,0,1,812,0|594,2223823320,11,0,0,52428800,0,52428800,0,160200,0,0,200,0,0,0,0,0,0,0,5472060,0,0,0,0,0
1785961467398|1066|mixed_30min_half_r2f_00008_67108864|rotating|332,1378943233,33558272,56493126,55711338,55852137,55711338,55852137,55711338,53422,53223,53221,53221,0,0,6802,0,1642845600,1639581808,4096,4096,0,0,53221,53221,1497119956,1497120289,1497119964,1497120297,0,0,0,0,0,0,0,0,4096,256,131072,4,15|4,0,67108864,262144,256,0,0,0,0,812,0,800,0,203,200,0,1,812,0|594,1541804262,11,52492032,0,0,0,0,0,55747297,0,200,0,2876840552,0,2876840552,0,2080,2857312350,0,31169300,0,0,0,0,0
1785961472406|1066|mixed_30min_half_r2f_00008_67108864|fixed|334,1378943233,16781056,62700173,61832487,711477,0,711477,0,15100,0,7550,0,0,0,59071,59071,48236488,0,4096,0,0,0,7550,0,1831804450,0,1831804458,0,0,0,0,0,0,0,0,0,4096,256,131072,4,15|4,0,67108864,262144,256,0,0,0,0,900,0,888,0,225,222,0,1,900,0|596,2544392434,11,0,0,58195968,0,58195968,0,178010,0,0,222,0,0,0,0,0,0,0,5509875,0,0,0,0,0
1785961472406|1066|mixed_30min_half_r2f_00008_67108864|rotating|334,1378943233,33554687,62766985,61898563,62054753,61898563,62054753,61898563,59358,59137,59134,59134,0,0,7558,0,1825386472,1821762783,4096,4096,0,0,59135,59135,1817564403,1817564368,1817564371,1817564376,0,0,0,0,0,0,0,0,4096,256,131072,4,15|4,0,67108864,262144,256,0,0,0,0,900,0,888,0,225,222,0,1,900,0|596,1862209786,11,58314528,0,0,0,0,0,61933407,0,222,0,3195790452,0,3195790452,0,2080,3174552608,0,34028309,0,0,0,0,0
1785961477419|1066|mixed_30min_half_r2f_00008_67108864|fixed|336,1378943233,16781056,68976905,68022525,782720,0,782720,0,16612,0,8306,0,0,0,64990,64990,53066576,0,4096,0,0,0,8306,0,2152372505,0,2152372513,0,0,0,0,0,0,0,0,0,4096,256,131072,4,15|4,0,67108864,262144,256,0,0,0,0,988,0,976,0,247,244,0,1,988,0|598,2865334278,11,0,0,63963136,0,63963136,0,195821,0,0,244,0,0,0,0,0,0,0,5551988,0,0,0,0,0
1785961477419|1066|mixed_30min_half_r2f_00008_67108864|rotating|336,1378943233,33554687,69046284,68091130,68262809,68091130,68262809,68091130,65301,65058,65055,65055,0,0,8314,0,2008157614,2004175384,4096,4096,0,0,65056,65056,2138400840,2138400861,2138400848,2138400813,0,0,0,0,0,0,0,0,4096,256,131072,4,15|4,0,67108864,262144,256,0,0,0,0,988,0,976,0,247,244,0,1,988,0|598,2182953886,11,64152832,0,0,0,0,0,68124088,0,244,0,3515074976,0,3515074976,0,2080,3492129297,0,36888905,0,0,0,0,0
1785961490182|1068|mixed_30min_half_r2f_00010_16777216|fixed|342,1378943233,16781056,6149262,6064824,69737,0,69737,0,1480,0,740,0,0,0,5799,5799,4727776,0,4096,0,0,0,740,0,2969363000,0,2969363008,0,0,0,0,0,0,0,0,0,4096,256,131072,4,15|4,0,16777216,262144,64,0,0,0,0,96,0,84,0,24,21,0,1,96,0|612,3682210145,11,0,0,5505024,0,5505024,0,17575,0,0,21,0,0,0,0,0,0,0,6886090,0,0,0,0,0
1785961490182|1068|mixed_30min_half_r2f_00010_16777216|rotating|342,1378943233,33554687,6213800,6127819,6143312,6127819,6143312,6127819,5883,5860,5859,5859,0,0,748,0,180875424,180515080,4096,4096,0,0,5860,5860,2955199203,2955199200,2955199187,2955199176,0,0,0,0,0,0,0,0,4096,256,131072,4,15|4,0,16777216,262144,64,0,0,0,0,100,0,88,0,25,22,0,1,100,0|612,2999889217,11,5814592,0,0,0,0,0,6166160,0,22,0,323245212,0,323245212,0,2080,316347645,0,9777319,0,0,0,0,0
1785961495192|1068|mixed_30min_half_r2f_00010_16777216|fixed|344,1378943233,16781056,12424251,12252484,141071,0,141071,0,2994,0,1497,0,0,0,11714,11714,9564232,0,4096,0,0,0,1497,0,3290158533,0,3290158541,0,0,0,0,0,0,0,0,0,4096,256,131072,4,15|4,0,16777216,262144,64,0,0,0,0,188,0,176,0,47,44,0,1,188,0|614,4003533220,11,0,0,11534336,0,11534336,0,35432,0,0,44,0,0,0,0,0,0,0,6921589,0,0,0,0,0
1785961495192|1068|mixed_30min_half_r2f_00010_16777216|rotating|344,1378943233,33554687,12518574,12345766,12376465,12345766,12376465,12345766,11849,11804,11803,11803,0,0,1508,0,364359760,363639978,4096,4096,0,0,11804,11804,3277273483,3277273472,3277273443,3277273480,0,0,0,0,0,0,0,0,4096,256,131072,4,15|4,0,16777216,262144,64,0,0,0,0,188,0,176,0,47,44,0,1,188,0|614,3323160652,11,11692416,0,0,0,0,0,12407146,0,44,0,645047191,0,645047191,0,2080,636454862,0,12633327,0,0,0,0,0
1785961505496|1069|mixed_30min_half_r2f_00011_67108864|fixed|348,1378943233,16781056,6551071,6465230,70112,0,70112,0,1488,0,744,0,0,0,5833,5833,4753352,0,4096,0,0,0,744,0,3949157189,0,3949157197,0,0,0,0,0,0,0,0,0,4096,256,131072,4,15|4,0,67108864,262144,256,0,0,0,0,100,0,88,0,25,22,0,1,100,0|622,368457979,12,0,0,5767168,0,5767168,0,17763,0,0,22,0,0,0,0,0,0,0,5038967,0,0,0,0,0
1785961505496|1069|mixed_30min_half_r2f_00011_67108864|rotating|348,1378943233,33554687,6645645,6557989,6574402,6557989,6574402,6557989,11859,11836,5918,5918,0,0,756,0,182699496,182339947,4096,4096,0,0,5918,5918,3936398891,3936399224,3936398899,3936399232,0,0,0,0,0,0,0,0,4096,256,131072,4,15|4,0,67108864,262144,256,0,0,0,0,100,0,88,0,25,22,0,1,100,0|622,3981112253,11,5869920,0,0,0,0,0,6598834,0,22,0,324947394,0,324947394,0,2080,319494435,0,7872691,0,0,0,0,0
1785961510508|1069|mixed_30min_half_r2f_00011_67108864|fixed|350,1378943233,16781056,13201225,13026706,141542,0,141542,0,3004,0,1502,0,0,0,11754,11754,9596192,0,4096,0,0,0,1502,0,4270356141,0,4270356149,0,0,0,0,0,0,0,0,0,4096,256,131072,4,15|4,0,67108864,262144,256,0,0,0,0,188,0,176,0,47,44,0,1,188,0|624,688121207,12,0,0,11534336,0,11534336,0,35527,0,0,44,0,0,0,0,0,0,0,5083031,0,0,0,0,0
1785961510508|1069|mixed_30min_half_r2f_00011_67108864|rotating|350,1378943233,33554687,13272992,13097712,13130695,13097712,13130695,13097712,23683,23638,11818,11818,0,0,1510,0,364855407,364136728,4096,4096,0,0,11819,11819,4256109071,4256109084,4256109079,4256109060,0,0,0,0,0,0,0,0,4096,256,131072,4,15|4,0,67108864,262144,256,0,0,0,0,188,0,176,0,47,44,0,1,188,0|624,5754750,12,11684512,0,0,0,0,0,13136812,0,44,0,643103539,0,643103539,0,2080,635967567,0,10703374,0,0,0,0,0
1785961515510|1069|mixed_30min_half_r2f_00011_67108864|fixed|352,1378943233,16781056,19835926,19573657,212690,0,212690,0,4514,0,2257,0,0,0,17662,17662,14419848,0,4096,0,0,0,2257,0,295496541,0,295496549,0,0,0,0,0,0,0,0,0,4096,256,131072,4,15|4,0,67108864,262144,256,0,0,0,0,276,0,264,0,69,66,0,1,276,0|626,1011487965,12,0,0,17301504,0,17301504,0,53479,0,0,66,0,0,0,0,0,0,0,5132794,0,0,0,0,0
1785961515510|1069|mixed_30min_half_r2f_00011_67108864|rotating|352,1378943233,33554687,20069851,19804279,19854617,19804279,19854617,19804279,35810,35742,17870,17870,0,0,2284,0,551694699,550600472,4096,4096,0,0,17871,17871,289111586,289111599,289111594,289111575,0,0,0,0,0,0,0,0,4096,256,131072,4,15|4,0,67108864,262144,256,0,0,0,0,280,0,268,0,70,67,0,1,280,0|626,338672129,12,17737560,0,0,0,0,0,19945120,0,67,0,974507656,0,974507656,0,2080,965607536,0,13661811,0,0,0,0,0
1785961520521|1069|mixed_30min_half_r2f_00011_67108864|fixed|354,1378943233,16781056,26479082,26129142,283934,0,283934,0,6026,0,3013,0,0,0,23583,23583,19249880,0,4096,0,0,0,3013,0,616036241,0,616036249,0,0,0,0,0,0,0,0,0,4096,256,131072,4,15|4,0,67108864,262144,256,0,0,0,0,364,0,352,0,91,88,0,1,364,0|628,1328976509,12,0,0,23068672,0,23068672,0,71124,0,0,88,0,0,0,0,0,0,0,5172990,0,0,0,0,0
1785961520521|1069|mixed_30min_half_r2f_00011_67108864|rotating|354,1378943233,33558272,26572211,26221201,26287243,26221201,26287243,26221201,47421,47332,23666,23666,0,0,3024,0,730616752,729179888,4096,4096,0,0,23666,23666,603047133,603047466,603047141,603047474,0,0,0,0,0,0,0,0,4096,256,131072,4,15|4,0,67108864,262144,256,0,0,0,0,368,0,356,0,92,89,0,1,368,0|628,647627391,12,23362432,0,0,0,0,0,26255374,0,89,0,1282056700,0,1282056700,0,2080,1271431139,0,16494188,0,0,0,0,0
1785961525531|1069|mixed_30min_half_r2f_00011_67108864|fixed|356,1378943233,16781056,33116363,32678609,355174,0,355174,0,7538,0,3769,0,0,0,29497,29497,24079896,0,4096,0,0,0,3769,0,936583641,0,936583649,0,0,0,0,0,0,0,0,0,4096,256,131072,4,15|5,0,67108864,262144,256,0,0,0,0,456,0,444,0,114,111,0,1,456,0|630,1649020860,12,0,0,29097984,0,29097984,0,88934,0,0,111,0,0,0,0,0,0,0,5220285,0,0,0,0,0
1785961525531|1069|mixed_30min_half_r2f_00011_67108864|rotating|356,1378943233,33554687,33195836,32756443,32839719,32756443,32839719,32756443,59250,59138,29568,29568,0,0,3779,0,912831226,911018568,4096,4096,0,0,29569,29569,922994622,922994635,922994630,922994611,0,0,0,0,0,0,0,0,4096,256,131072,4,15|4,0,67108864,262144,256,0,0,0,0,456,0,444,0,114,111,0,1,456,0|630,967781872,12,29184928,0,0,0,0,0,32798204,0,111,0,1600755557,0,1600755557,0,2080,1588439667,0,19333884,0,0,0,0,0
1785961530532|1069|mixed_30min_half_r2f_00011_67108864|fixed|358,1378943233,16781056,39745523,39219220,426415,0,426415,0,9050,0,4525,0,0,0,35403,35403,28909936,0,4096,0,0,0,4525,0,1256926962,0,1256926970,0,0,0,0,0,0,0,0,0,4096,256,131072,4,15|4,0,67108864,262144,256,0,0,0,0,544,0,532,0,136,133,0,1,544,0|632,1970495018,12,0,0,34865152,0,34865152,0,106792,0,0,133,0,0,0,0,0,0,0,5268443,0,0,0,0,0
1785961530532|1069|mixed_30min_half_r2f_00011_67108864|rotating|358,1378943233,33554687,39844626,39317274,39417173,39317274,39417173,39317274,71118,70984,35492,35492,0,0,4536,0,1095707749,1093535792,4096,4096,0,0,35492,35492,1243937991,1243938324,1243937999,1243938332,0,0,0,0,0,0,0,0,4096,256,131072,4,15|4,0,67108864,262144,256,0,0,0,0,544,0,532,0,136,133,0,1,544,0|632,1288536509,12,35015328,0,0,0,0,0,39354845,0,133,0,1920052594,0,1920052594,0,2080,1906053121,0,22168531,0,0,0,0,0
1785961535536|1069|mixed_30min_half_r2f_00011_67108864|fixed|360,1378943233,16781056,46382807,45768782,497564,0,497564,0,10560,0,5280,0,0,0,41314,41314,33733640,0,4096,0,0,0,5280,0,1577036096,0,1577036104,0,0,0,0,0,0,0,0,0,4096,256,131072,4,15|4,0,67108864,262144,256,0,0,0,0,632,0,620,0,158,155,0,1,632,0|634,2289819290,12,0,0,40632320,0,40632320,0,124532,0,0,155,0,0,0,0,0,0,0,5313495,0,0,0,0,0
1785961535536|1069|mixed_30min_half_r2f_00011_67108864|rotating|360,1378943233,33556599,46462614,45847711,45964200,45847711,45964200,45847711,82927,82770,41385,41385,0,0,5289,0,1277638208,1275107118,4096,4096,0,0,41386,41386,1563260054,1563260027,1563260038,1563260035,0,0,0,0,0,0,0,0,4096,256,131072,4,15|4,0,67108864,262144,256,0,0,0,0,632,0,620,0,158,155,0,1,632,0|634,1607900175,12,40822016,0,0,0,0,0,45886282,0,155,0,2237964588,0,2237964588,0,2080,2222279657,0,24999962,0,0,0,0,0
1785961540545|1069|mixed_30min_half_r2f_00011_67108864|fixed|362,1378943233,16781056,53028266,52326543,568807,0,568807,0,12072,0,6036,0,0,0,47230,47230,38563672,0,4096,0,0,0,6036,0,1897576043,0,1897576051,0,0,0,0,0,0,0,0,0,4096,256,131072,4,15|4,0,67108864,262144,256,0,0,0,0,720,0,708,0,180,177,0,1,720,0|636,2610490609,12,0,0,46399488,0,46399488,0,142343,0,0,177,0,0,0,0,0,0,0,5358696,0,0,0,0,0
1785961540545|1069|mixed_30min_half_r2f_00011_67108864|rotating|362,1378943233,33554687,53106607,52404022,52536953,52404022,52536953,52404022,94780,94602,47300,47300,0,0,6045,0,1460265808,1457375502,4096,4096,0,0,47301,47301,1883772645,1883772626,1883772621,1883772634,0,0,0,0,0,0,0,0,4096,256,131072,4,15|4,0,67108864,262144,256,0,0,0,0,720,0,708,0,180,177,0,1,720,0|636,1929138750,12,46661632,0,0,0,0,0,52454061,0,178,0,2557743259,0,2557743259,0,2080,2540263012,0,27943773,0,0,0,0,0
1785961545548|1069|mixed_30min_half_r2f_00011_67108864|fixed|364,1378943233,16781056,59662385,58873000,639955,0,639955,0,13582,0,6791,0,0,0,53141,53141,43387264,0,4096,0,0,0,6791,0,2217685378,0,2217685386,0,0,0,0,0,0,0,0,0,4096,256,131072,4,15|4,0,67108864,262144,256,0,0,0,0,808,0,796,0,202,199,0,1,808,0|638,2931165597,12,0,0,52166656,0,52166656,0,160176,0,0,199,0,0,0,0,0,0,0,5396764,0,0,0,0,0
1785961545548|1069|mixed_30min_half_r2f_00011_67108864|rotating|364,1378943233,33558272,59756790,58965575,59115707,58965575,59115707,58965575,106651,106451,53225,53225,0,0,6803,0,1643162200,1639896600,4096,4096,0,0,53225,53225,2204874696,2204875029,2204874704,2204875037,0,0,0,0,0,0,0,0,4096,256,131072,4,15|4,0,67108864,262144,256,0,0,0,0,812,0,800,0,203,200,0,1,812,0|638,2250271933,12,52507840,0,0,0,0,0,59019251,0,200,0,2877414890,0,2877414890,0,2080,2858239598,0,30793245,0,0,0,0,0
1785961550559|1069|mixed_30min_half_r2f_00011_67108864|fixed|366,1378943233,16781056,66307506,65429518,711288,0,711288,0,15096,0,7548,0,0,0,59058,59058,48223728,0,4096,0,0,0,7548,0,2538330071,0,2538330079,0,0,0,0,0,0,0,0,0,4096,256,131072,4,15|4,0,67108864,262144,256,0,0,0,0,900,0,888,0,225,222,0,1,900,0|640,3251435876,12,0,0,58195968,0,58195968,0,177963,0,0,222,0,0,0,0,0,0,0,5434995,0,0,0,0,0
1785961550559|1069|mixed_30min_half_r2f_00011_67108864|rotating|366,1378943233,33554687,66386281,65507425,65674143,65507425,65674143,65507425,118481,118259,59128,59128,0,0,7557,0,1825407776,1821782707,4096,4096,0,0,59129,59129,2524743220,2524743233,2524743228,2524743241,0,0,0,0,0,0,0,0,4096,256,131072,4,15|4,0,67108864,262144,256,0,0,0,0,900,0,888,0,225,222,0,1,900,0|640,2569197884,12,58306624,0,0,0,0,0,65541781,0,222,0,3194891145,0,3194891145,0,2080,3174029642,0,33623732,0,0,0,0,0
1785961555565|1069|mixed_30min_half_r2f_00011_67108864|fixed|368,1378943233,16781056,72950415,71984826,782531,0,782531,0,16608,0,8304,0,0,0,64972,64972,53053784,0,4096,0,0,0,8304,0,2858993511,0,2858993519,0,0,0,0,0,0,0,0,0,4096,256,131072,4,15|4,0,67108864,262144,256,0,0,0,0,988,0,976,0,247,244,0,1,988,0|642,3571712645,12,0,0,63963136,0,63963136,0,195774,0,0,244,0,0,0,0,0,0,0,5482038,0,0,0,0,0
1785961555565|1069|mixed_30min_half_r2f_00011_67108864|rotating|368,1378943233,33554687,73027034,72060571,72243654,72060571,72243654,72060571,130327,130083,65040,65040,0,0,8313,0,2007938040,2003953760,4096,4096,0,0,65041,65041,2845086837,2845086818,2845086813,2845086826,0,0,0,0,0,0,0,0,4096,256,131072,4,15|4,0,67108864,262144,256,0,0,0,0,988,0,976,0,247,244,0,1,988,0|642,2889731496,12,64137024,0,0,0,0,0,72098387,0,244,0,3513967157,0,3513967157,0,2080,3491425788,0,36454662,0,0,0,0,0
1785961568269|1071|mixed_30min_half_r2f_00013_16777216|fixed|374,1378943233,16781056,6185088,6099812,70112,0,70112,0,1488,0,744,0,0,0,5831,5831,4753352,0,4096,0,0,0,744,0,3672132727,0,3672132735,0,0,0,0,0,0,0,0,0,4096,256,131072,4,15|5,0,16777216,262144,64,0,0,0,0,100,0,88,0,25,22,0,1,100,0|656,90073317,13,0,0,5767168,0,5767168,0,17692,0,0,22,0,0,0,0,0,0,0,5124150,0,0,0,0,0
1785961568269|1071|mixed_30min_half_r2f_00013_16777216|rotating|374,1378943233,33554687,6251057,6164261,6180096,6164261,6180096,6164261,5917,5894,5893,5893,0,0,753,0,181927593,181567832,4096,4096,0,0,5894,5894,3658079048,3658079053,3658079056,3658079029,0,0,0,0,0,0,0,0,4096,256,131072,4,15|4,0,16777216,262144,64,0,0,0,0,100,0,88,0,25,22,0,1,100,0|656,3702623855,12,5846208,0,0,0,0,0,6200051,0,22,0,323595225,0,323595225,0,2080,318028434,0,8011604,0,0,0,0,0
1785961573281|1071|mixed_30min_half_r2f_00013_16777216|fixed|376,1378943233,16781056,12458152,12285393,141449,0,141449,0,3002,0,1501,0,0,0,11746,11746,9589800,0,4096,0,0,0,1501,0,3992932439,0,3992932447,0,0,0,0,0,0,0,0,0,4096,256,131072,4,15|4,0,16777216,262144,64,0,0,0,0,188,0,176,0,47,44,0,1,188,0|658,410549349,13,0,0,11534336,0,11534336,0,35503,0,0,44,0,0,0,0,0,0,0,5168792,0,0,0,0,0
1785961573281|1071|mixed_30min_half_r2f_00013_16777216|rotating|376,1378943233,33558272,12532366,12358789,12390113,12358789,12390113,12358789,11861,11816,11816,11816,0,0,1509,0,364740560,364022368,4096,4096,0,0,11816,11816,3978977136,3978977485,3978977144,3978977493,0,0,0,0,0,0,0,0,4096,256,131072,4,15|4,0,16777216,262144,64,0,0,0,0,188,0,176,0,47,44,0,1,188,0|658,4023789932,12,11684512,0,0,0,0,0,12399333,0,44,0,643301726,0,643301726,0,2080,636028436,0,10870864,0,0,0,0,0
1785961583481|1072|mixed_30min_half_r2f_00014_16777216|fixed|380,1378943233,16781056,6117727,6033266,69924,0,69924,0,1484,0,742,0,0,0,5811,5811,4740560,0,4096,0,0,0,742,0,350798039,0,350798047,0,0,0,0,0,0,0,0,0,4096,256,131072,4,15|4,0,16777216,262144,64,0,0,0,0,100,0,88,0,25,22,0,1,100,0|666,1063390077,13,0,0,5767168,0,5767168,0,17622,0,0,22,0,0,0,0,0,0,0,5436959,0,0,0,0,0
1785961583481|1072|mixed_30min_half_r2f_00014_16777216|rotating|380,1378943233,33558272,6185401,6099475,6114672,6099475,6114672,6099475,5899,5876,5876,5876,0,0,750,0,181374664,181017640,4096,4096,0,0,5876,5876,336647217,336647534,336647225,336647542,0,0,0,0,0,0,0,0,4096,256,131072,4,15|4,0,16777216,262144,64,0,0,0,0,100,0,88,0,25,22,0,1,100,0|666,381205126,13,5830400,0,0,0,0,0,6134634,0,22,0,322954689,0,322954689,0,2080,317084102,0,8376258,0,0,0,0,0
1785961588489|1072|mixed_30min_half_r2f_00014_16777216|fixed|382,1378943233,16781056,12341961,12170021,141165,0,141165,0,2996,0,1498,0,0,0,11724,11724,9570616,0,4096,0,0,0,1498,0,671187474,0,671187482,0,0,0,0,0,0,0,0,0,4096,256,131072,4,15|4,0,16777216,262144,64,0,0,0,0,188,0,176,0,47,44,0,1,188,0|668,1383831844,13,0,0,11534336,0,11534336,0,35432,0,0,44,0,0,0,0,0,0,0,5483547,0,0,0,0,0
1785961588489|1072|mixed_30min_half_r2f_00014_16777216|rotating|382,1378943233,33554687,12417220,12244504,12275205,12244504,12275205,12244504,11841,11796,11795,11795,0,0,1507,0,364094144,363376984,4096,4096,0,0,11796,11796,657432106,657432095,657432082,657432071,0,0,0,0,0,0,0,0,4096,256,131072,4,15|4,0,16777216,262144,64,0,0,0,0,188,0,176,0,47,44,0,1,188,0|668,701869752,13,11660800,0,0,0,0,0,12277439,0,44,0,642161715,0,642161715,0,2080,634564482,0,11253968,0,0,0,0,0
1785961603158|1074|mixed_30min_half_r2f_00016_16777216|fixed|388,1378943233,16781056,6547420,6461551,70112,0,70112,0,1488,0,744,0,0,0,5831,5831,4753352,0,4096,0,0,0,744,0,1610191732,0,1610191740,0,0,0,0,0,0,0,0,0,4096,256,131072,4,15|5,0,16777216,262144,64,0,0,0,0,100,0,88,0,25,22,0,1,100,0|682,2322879572,13,0,0,5767168,0,5767168,0,17669,0,0,22,0,0,0,0,0,0,0,5019055,0,0,0,0,0
1785961603158|1074|mixed_30min_half_r2f_00016_16777216|rotating|388,1378943233,33558272,6619328,6531909,6548367,6531909,6548367,6531909,11813,11790,5895,5895,0,0,753,0,181990440,181631224,4096,4096,0,0,5895,5895,1596199383,1596199716,1596199391,1596199724,0,0,0,0,0,0,0,0,4096,256,131072,4,15|4,0,16777216,262144,64,0,0,0,0,100,0,88,0,25,22,0,1,100,0|682,1640465486,13,5838304,0,0,0,0,0,6563793,0,22,0,323272664,0,323272664,0,2080,317812704,0,7872954,0,0,0,0,0
1785961608172|1074|mixed_30min_half_r2f_00016_16777216|fixed|390,1378943233,16781056,13190245,13015842,141449,0,141449,0,3002,0,1501,0,0,0,11747,11747,9589800,0,4096,0,0,0,1501,0,1930966938,0,1930966946,0,0,0,0,0,0,0,0,0,4096,256,131072,4,15|4,0,16777216,262144,64,0,0,0,0,188,0,176,0,47,44,0,1,188,0|684,2644845395,13,0,0,11534336,0,11534336,0,35574,0,0,44,0,0,0,0,0,0,0,5066190,0,0,0,0,0
1785961608172|1074|mixed_30min_half_r2f_00016_16777216|rotating|390,1378943233,33558272,13322051,13146222,13179187,13146222,13179187,13146222,23775,23730,11865,11865,0,0,1516,0,366296280,365577848,4096,4096,0,0,11865,11865,1919644530,1919644863,1919644538,1919644871,0,0,0,0,0,0,0,0,4096,256,131072,4,15|4,0,16777216,262144,64,0,0,0,0,188,0,176,0,47,44,0,1,188,0|684,1965166416,13,11747744,0,0,0,0,0,13203488,0,44,0,646496234,0,646496234,0,2080,639367632,0,10709630,0,0,0,0,0
1785961618504|1075|mixed_30min_half_r2f_00017_16777216|fixed|394,1378943233,16781056,6532303,6446633,70018,0,70018,0,1486,0,743,0,0,0,5820,5820,4746960,0,4096,0,0,0,743,0,2592317699,0,2592317707,0,0,0,0,0,0,0,0,0,4096,256,131072,4,15|4,0,16777216,262144,64,0,0,0,0,100,0,88,0,25,22,0,1,100,0|692,3304389556,13,0,0,5767168,0,5767168,0,17622,0,0,22,0,0,0,0,0,0,0,5018927,0,0,0,0,0
1785961618504|1075|mixed_30min_half_r2f_00017_16777216|rotating|394,1378943233,33558272,6609758,6522539,6538892,6522539,6538892,6522539,5912,5889,5889,5889,0,0,752,0,181710984,181351944,4096,4096,0,0,5889,5889,2578433307,2578433640,2578433315,2578433648,0,0,0,0,0,0,0,0,4096,256,131072,4,15|4,0,16777216,262144,64,0,0,0,0,100,0,88,0,25,22,0,1,100,0|692,2623859586,13,5854112,0,0,0,0,0,6578122,0,22,0,324102347,0,324102347,0,2080,318649982,0,7868694,0,0,0,0,0
1785961623512|1075|mixed_30min_half_r2f_00017_16777216|fixed|396,1378943233,16781056,13169638,12995576,141259,0,141259,0,2998,0,1499,0,0,0,11733,11733,9577000,0,4096,0,0,0,1499,0,2912662156,0,2912662164,0,0,0,0,0,0,0,0,0,4096,256,131072,4,15|4,0,16777216,262144,64,0,0,0,0,188,0,176,0,47,44,0,1,188,0|694,3625570469,13,0,0,11534336,0,11534336,0,35456,0,0,44,0,0,0,0,0,0,0,5062318,0,0,0,0,0
1785961623512|1075|mixed_30min_half_r2f_00017_16777216|rotating|396,1378943233,33558272,13248925,13074011,13106816,13074011,13106816,13074011,11849,11804,11804,11804,0,0,1508,0,364224224,363506144,4096,4096,0,0,11804,11804,2898922550,2898922883,2898922558,2898922891,0,0,0,0,0,0,0,0,4096,256,131072,4,15|4,0,16777216,262144,64,0,0,0,0,188,0,176,0,47,44,0,1,188,0|694,2943570161,13,11668704,0,0,0,0,0,13113402,0,44,0,642359274,0,642359274,0,2080,635219153,0,10704120,0,0,0,0,0
1785961971254|1184|mixed_30min_degrade_00_maskE_00000_4194304|fixed|616,1378943233,16778188,0,5986562,0,5935407,0,5935407,0,5671,0,5655,0,0,0,542,0,174558824,0,4096,0,0,0,5655,0,3694642322,0,3694642330,0,0,0,0,0,0,0,0,4096,256,131072,4,15|6,0,4194304,262144,16,4194304,0,4194304,0,64,0,64,0,16,16,1,1,64,1|1354,112291679,19,4194304,0,0,0,0,0,4455697,0,16,0,318279368,0,318279368,0,2048,312065395,0,10959907,0,0,0,0,0
1785961971254|1184|mixed_30min_degrade_00_maskE_00000_4194304|rotating|616,1378943233,33554432,0,5996191,0,51360,0,51360,0,1088,0,544,0,0,0,5664,0,3494920,0,4096,0,0,1,546,0,3678641131,0,3678641139,0,0,0,0,0,0,0,0,4096,256,131072,4,15|6,0,4194304,262144,16,4194304,0,4194304,0,64,0,64,0,16,16,1,1,64,1|1354,3725305689,18,0,0,4194304,0,4194304,0,12840,0,0,16,0,0,0,0,0,0,0,12104960,0,0,0,0,0
1785962009251|1195|mixed_30min_degrade_02_maskD_00000_4194304|fixed|640,1378943233,16781056,5970798,0,5919738,0,5919738,0,5660,0,5644,0,0,0,541,0,174219144,0,4096,0,0,0,5644,0,1831556356,0,1831556364,0,0,0,0,0,0,0,0,0,4096,256,131072,4,15|4,0,4194304,262144,16,0,0,0,0,64,0,60,0,16,16,1,1,64,1|1422,2544075231,19,4194304,0,0,0,0,0,4453476,0,16,0,318262978,0,318262978,0,2048,312065310,0,10254829,0,0,0,0,0
1785962009251|1195|mixed_30min_degrade_02_maskD_00000_4194304|rotating|640,1378943233,33554432,5992074,0,51360,0,51360,0,1088,0,544,0,0,0,5664,0,3494920,0,4096,0,0,0,546,1,1816146784,0,1816146792,0,0,0,0,0,0,0,0,0,4096,256,131072,4,15|6,0,4194304,262144,16,4194304,0,4194304,0,64,0,64,0,16,16,1,1,64,1|1422,1863815252,19,0,0,4194304,0,4194304,0,12840,0,0,16,0,0,0,0,0,0,0,13107044,0,0,0,0,0
1785962047253|1206|mixed_30min_degrade_04_maskB_00000_4194304|fixed|664,1378943233,16781056,5992857,5940013,5941703,5940013,5941703,5940013,5677,5660,5661,5660,0,0,542,0,174742624,174712984,4096,4096,0,0,5661,5660,4263809902,4263804554,4263809910,4263804562,0,0,0,0,0,0,0,0,4096,256,131072,4,15|6,0,4194304,262144,16,4194304,0,4194304,0,64,0,64,0,16,16,1,1,64,1|1490,681518835,20,4194304,0,0,0,0,0,4455661,0,16,0,318262559,0,318262559,0,2048,312065333,0,11325132,0,0,0,0,0
1785962047253|1206|mixed_30min_degrade_04_maskB_00000_4194304|rotating|664,1378943233,33554432,5996197,5944177,51360,0,51360,0,1088,0,544,0,0,0,5664,5664,3494920,0,4096,0,0,0,546,1,4247489930,0,4247489938,0,0,0,0,0,0,0,0,0,4096,256,131072,4,15|6,0,4194304,262144,16,4194304,0,4194304,0,64,0,64,0,16,16,1,1,64,1|1490,4294392799,19,0,0,4194304,0,4194304,0,12840,0,0,16,0,0,0,0,0,0,0,12349551,0,0,0,0,0
1785962085259|1217|mixed_30min_degrade_06_mask7_00000_4194304|fixed|688,1378943233,16781056,5985283,5933087,5934129,5933087,5934129,5933087,5672,5655,5656,5655,0,0,542,0,174589312,174557984,4096,4096,0,0,5656,5655,2401449246,2401443923,2401449254,2401443931,0,0,0,0,0,0,0,0,4096,256,131072,4,15|6,0,4194304,262144,16,4194304,0,4194304,0,64,0,64,0,16,16,1,1,64,1|1558,3114038161,20,4194304,0,0,0,0,0,4454589,0,16,0,318278637,0,318278637,0,2048,312065297,0,10985278,0,0,0,0,0
1785962085259|1217|mixed_30min_degrade_06_mask7_00000_4194304|rotating|688,1378943233,33554432,5993820,5942523,51360,0,51360,0,1088,0,544,0,0,0,5664,5664,3494920,0,4096,0,0,0,546,1,2385396583,0,2385396591,0,0,0,0,0,0,0,0,0,4096,256,131072,4,15|6,0,4194304,262144,16,4194304,0,4194304,0,64,0,64,0,16,16,1,1,64,1|1558,2432734182,20,0,0,4194304,0,4194304,0,12840,0,0,16,0,0,0,0,0,0,0,12773555,0,0,0,0,0
1785962123266|1228|mixed_30min_degrade_08_mask3_00000_4194304|fixed|712,1378943233,16780339,6142482,6100274,6107373,6100274,6107373,6100274,5837,5826,5825,5825,0,0,372,0,179827766,179664801,4096,4096,0,0,5826,5826,539100709,539100682,539100717,539100690,0,0,0,0,0,0,0,0,4096,256,131072,4,15|4,0,4194304,262144,16,0,0,0,0,56,0,44,0,14,11,0,1,56,0|1622,1251677935,21,2899392,0,0,0,0,0,3075664,0,11,0,321258350,0,321258350,0,2080,315206401,0,8354871,0,0,0,0,0
1785962123266|1228|mixed_30min_degrade_08_mask3_00000_4194304|rotating|712,1378943233,33558272,6208039,6164645,35488,0,35488,0,752,0,376,0,0,0,5887,5887,2402224,0,4096,0,0,0,376,0,523961616,0,523961624,0,0,0,0,0,0,0,0,0,4096,256,131072,4,15|4,0,4194304,262144,16,0,0,0,0,56,0,44,0,14,11,0,1,56,0|1622,569424035,21,0,0,2883584,0,2883584,0,8943,0,0,11,0,0,0,0,0,0,0,6875109,0,0,0,0,0
1785962161270|1237|mixed_30min_degrade_10_mask5_00000_4194304|fixed|732,1378943233,16779861,6128491,0,6093476,0,6093476,0,5823,0,5811,0,0,0,371,0,179374696,0,4096,0,0,0,5812,0,2971266928,0,2971266888,0,0,0,0,0,0,0,0,0,4096,256,131072,4,15|4,0,4194304,262144,16,0,0,0,0,56,0,44,0,14,11,0,1,56,0|1678,3683867615,21,2899392,0,0,0,0,0,3068726,0,11,0,320502915,0,320502915,0,2080,314451033,0,8354872,0,0,0,0,0
1785962161270|1237|mixed_30min_degrade_10_mask5_00000_4194304|rotating|732,1378943233,33558272,6203130,0,35488,0,35488,0,752,0,376,0,0,0,5881,0,2402224,0,4096,0,0,0,376,0,2956907198,0,2956907206,0,0,0,0,0,0,0,0,0,4096,256,131072,4,15|4,0,4194304,262144,16,0,0,0,0,56,0,44,0,14,11,0,1,56,0|1678,3002625249,21,0,0,2883584,0,2883584,0,8943,0,0,11,0,0,0,0,0,0,0,6870438,0,0,0,0,0
1785962271260|1269|mixed_30min_2plus2_fallback_00_00000_4194304|fixed|798,1378943233,16780339,6139550,6096382,6104535,6096382,6104535,6096382,5832,5821,5821,5821,0,0,371,0,179678711,179516026,4096,4096,0,0,5821,5821,1421213224,1421213549,1421213232,1421213557,0,0,0,0,0,0,0,0,4096,256,131072,4,15|4,0,4194304,262144,16,0,0,0,0,56,0,44,0,14,11,0,1,56,0|1872,2133697839,23,2899392,0,0,0,0,0,3073142,0,11,0,320903162,0,320903162,0,2080,314853760,0,8352344,0,0,0,0,0
1785962271260|1269|mixed_30min_2plus2_fallback_00_00000_4194304|rotating|798,1378943233,33558272,6203276,6159150,35488,0,35488,0,752,0,376,0,0,0,5881,5881,2402224,0,4096,0,0,0,376,0,1406336278,0,1406336286,0,0,0,0,0,0,0,0,0,4096,256,131072,4,15|4,0,4194304,262144,16,0,0,0,0,56,0,44,0,14,11,0,1,56,0|1872,1451428478,23,0,0,2883584,0,2883584,0,8919,0,0,11,0,0,0,0,0,0,0,6876142,0,0,0,0,0
1785962279211|1270|mixed_30min_2plus2_fallback_00_00001_4194304|fixed|802,1378943233,16780339,6407512,6355049,6372281,6355049,6372281,6355049,11481,11454,5734,5726,0,0,374,0,177030895,176620386,4096,4096,0,0,5735,5727,1929942469,1929942482,1929942477,1929942490,0,0,0,0,0,0,0,0,4096,256,131072,4,15|4,0,4194304,262144,16,0,0,0,0,52,0,40,0,13,10,0,1,52,0|1880,2642483462,23,2850656,0,0,0,0,0,3208242,0,10,0,321167766,0,321167766,0,2080,316665029,0,6328305,0,0,0,0,0
1785962279211|1270|mixed_30min_2plus2_fallback_00_00001_4194304|rotating|802,1378943233,33558272,6485998,6433141,35605,0,35605,0,748,0,378,0,0,0,5804,5788,2414944,0,4096,0,0,0,378,0,1915554181,0,1915554189,0,0,0,0,0,0,0,0,0,4096,256,131072,4,15|4,0,4194304,262144,16,0,0,0,0,52,0,40,0,13,10,0,1,52,0|1880,1960636903,23,0,0,2621440,0,2621440,0,8948,0,0,10,0,0,0,0,0,0,0,4986399,0,0,0,0,0
1785962301331|1275|mixed_30min_2plus2_fallback_01_00000_4194304|fixed|814,1378943233,16781056,0,0,0,0,0,0,0,0,0,0,0,0,0,0,0,0,0,0,0,0,0,0,0,0,0,0,0,0,0,0,0,0,0,0,4096,256,131072,4,15|4,0,4194304,262144,16,0,0,0,0,32,0,20,0,8,5,0,1,32,0|1912,4059171868,23,0,0,1310720,0,1310720,0,21344,0,0,5,0,0,0,0,0,0,0,6857183,0,0,0,0,0
1785962301331|1275|mixed_30min_2plus2_fallback_01_00000_4194304|rotating|814,1378943233,33558272,0,0,0,0,0,0,0,0,0,0,0,0,0,0,0,0,0,0,0,0,0,0,0,0,0,0,0,0,0,0,0,0,0,0,4096,256,131072,4,15|4,0,4194304,262144,16,0,0,0,0,32,0,20,0,8,5,0,1,32,0|1912,3378273571,23,1389760,0,0,0,0,0,1676498,0,5,0,325676557,0,325676557,0,2080,320125346,0,7572076,0,0,0,0,0
1785962306340|1275|mixed_30min_2plus2_fallback_01_00000_4194304|fixed|816,1378943233,16781056,0,0,0,0,0,0,0,0,0,0,0,0,0,0,0,0,0,0,0,0,0,0,0,0,0,0,0,0,0,0,0,0,0,0,4096,256,131072,4,15|4,0,4194304,262144,16,0,0,0,0,48,0,36,0,12,9,0,1,48,0|1914,84115060,24,0,0,2359296,0,2359296,0,34216,0,0,9,0,0,0,0,0,0,0,6865354,0,0,0,0,0
1785962306340|1275|mixed_30min_2plus2_fallback_01_00000_4194304|rotating|816,1378943233,33558272,0,0,0,0,0,0,0,0,0,0,0,0,0,0,0,0,0,0,0,0,0,0,0,0,0,0,0,0,0,0,0,0,0,0,4096,256,131072,4,15|4,0,4194304,262144,16,0,0,0,0,48,0,36,0,12,9,0,1,48,0|1914,3698263381,23,2597900,0,0,0,0,0,3081961,0,9,0,645364332,0,645364332,0,2054,639547088,0,8091155,0,0,0,0,0
1785962311353|1275|mixed_30min_2plus2_fallback_01_00000_4194304|fixed|818,1378943233,16781056,0,0,0,0,0,0,0,0,0,0,0,0,0,0,0,0,0,0,0,0,0,0,0,0,0,0,0,0,0,0,0,0,0,0,4096,256,131072,4,15|4,0,4194304,262144,16,0,0,0,0,64,0,52,0,16,13,0,1,64,0|1916,404901880,24,0,0,3407872,0,3407872,0,44661,0,0,13,0,0,0,0,0,0,0,6875631,0,0,0,0,0
1785962311353|1275|mixed_30min_2plus2_fallback_01_00000_4194304|rotating|818,1378943233,33555404,0,0,0,0,0,0,0,0,0,0,0,0,0,0,0,0,0,0,0,0,0,0,0,0,0,0,0,0,0,0,0,0,0,0,4096,256,131072,4,15|4,0,4194304,262144,16,0,0,0,0,64,0,52,0,16,13,0,1,64,0|1916,4017698132,23,3644992,0,0,0,0,0,4277582,0,13,0,964537310,0,964537310,0,2080,958419178,0,8611960,0,0,0,0,0
1785962331254|1278|mixed_30min_2plus2_fallback_02_00000_4194304|fixed|826,1378943233,16780339,6131336,6088581,6096321,6088581,6096321,6088581,5820,5809,5808,5808,0,0,371,0,179294997,179132152,4096,4096,0,0,5809,5809,965834371,965834376,965834379,965834328,0,0,0,0,0,0,0,0,4096,256,131072,4,15|4,0,4194304,262144,16,0,0,0,0,56,0,44,0,14,11,0,1,56,0|1936,1678411677,24,2891488,0,0,0,0,0,3070009,0,11,0,320335319,0,320335319,0,2080,314282195,0,8354355,0,0,0,0,0
1785962331254|1278|mixed_30min_2plus2_fallback_02_00000_4194304|rotating|826,1378943233,33558272,6203680,6159788,35488,0,35488,0,752,0,376,0,0,0,5876,5876,2402224,0,4096,0,0,0,376,0,951622819,0,951622827,0,0,0,0,0,0,0,0,0,4096,256,131072,4,15|4,0,4194304,262144,16,0,0,0,0,56,0,44,0,14,11,0,1,56,0|1936,996385957,24,0,0,2883584,0,2883584,0,8919,0,0,11,0,0,0,0,0,0,0,6877940,0,0,0,0,0
1785962339283|1279|mixed_30min_2plus2_fallback_02_00001_4194304|fixed|830,1378943233,16780339,6536239,6491974,6500940,6491974,6500940,6491974,11714,11702,5850,5850,0,0,374,0,180623465,180443604,4096,4096,0,0,5851,5851,1479738412,1479738425,1479738420,1479738433,0,0,0,0,0,0,0,0,4096,256,131072,4,15|4,0,4194304,262144,16,0,0,0,0,56,0,44,0,14,11,0,1,56,0|1944,2192227697,24,2915200,0,0,0,0,0,3273894,0,11,0,321218925,0,321218925,0,2080,316587134,0,6466126,0,0,0,0,0
1785962339283|1279|mixed_30min_2plus2_fallback_02_00001_4194304|rotating|830,1378943233,33558272,6613518,6568874,35678,0,35678,0,756,0,378,0,0,0,5920,5920,2415008,0,4096,0,0,0,378,0,1464852259,0,1464852267,0,0,0,0,0,0,0,0,0,4096,256,131072,4,15|4,0,4194304,262144,16,0,0,0,0,56,0,44,0,14,11,0,1,56,0|1944,1512615523,24,0,0,2883584,0,2883584,0,9037,0,0,11,0,0,0,0,0,0,0,5002782,0,0,0,0,0
1785962361256|1284|mixed_30min_2plus2_fallback_03_00000_4194304|fixed|842,1378943233,16781056,0,0,0,0,0,0,0,0,0,0,0,0,0,0,0,0,0,0,0,0,0,0,0,0,0,0,0,0,0,0,0,0,0,0,4096,256,131072,4,15|4,0,4194304,262144,16,0,0,0,0,32,0,20,0,8,5,0,1,32,0|1976,3598762100,24,0,0,1310720,0,1310720,0,13000,0,0,5,0,0,0,0,0,0,0,6859204,0,0,0,0,0
1785962361256|1284|mixed_30min_2plus2_fallback_03_00000_4194304|rotating|842,1378943233,33555404,0,0,0,0,0,0,0,0,0,0,0,0,0,0,0,0,0,0,0,0,0,0,0,0,0,0,0,0,0,0,0,0,0,0,4096,256,131072,4,15|4,0,4194304,262144,16,0,0,0,0,32,0,20,0,8,5,0,1,32,0|1976,2922377607,24,1524128,0,0,0,0,0,1719178,0,5,0,329528814,0,329528814,0,2080,323999356,0,7574390,0,0,0,0,0
1785962366257|1284|mixed_30min_2plus2_fallback_03_00000_4194304|fixed|844,1378943233,16781056,0,0,0,0,0,0,0,0,0,0,0,0,0,0,0,0,0,0,0,0,0,0,0,0,0,0,0,0,0,0,0,0,0,0,4096,256,131072,4,15|4,0,4194304,262144,16,0,0,0,0,52,0,40,0,13,10,0,1,52,0|1978,3919463350,24,0,0,2621440,0,2621440,0,25727,0,0,10,0,0,0,0,0,0,0,6871107,0,0,0,0,0
1785962366257|1284|mixed_30min_2plus2_fallback_03_00000_4194304|rotating|844,1378943233,33555404,0,0,0,0,0,0,0,0,0,0,0,0,0,0,0,0,0,0,0,0,0,0,0,0,0,0,0,0,0,0,0,0,0,0,4096,256,131072,4,15|4,0,4194304,262144,16,0,0,0,0,52,0,40,0,13,10,0,1,52,0|1978,3238800518,24,2803480,0,0,0,0,0,3192826,0,10,0,645631887,0,645631887,0,2079,639718577,0,8222098,0,0,0,0,0
1785962371267|1284|mixed_30min_2plus2_fallback_03_00000_4194304|fixed|846,1378943233,16781056,0,0,0,0,0,0,0,0,0,0,0,0,0,0,0,0,0,0,0,0,0,0,0,0,0,0,0,0,0,0,0,0,0,0,4096,256,131072,4,15|4,0,4194304,262144,16,0,0,0,0,64,0,60,0,16,15,0,1,64,0|1980,4238437695,24,0,0,3932160,0,3932160,0,35606,0,0,15,0,0,0,0,0,0,0,6881791,0,0,0,0,0
1785962371267|1284|mixed_30min_2plus2_fallback_03_00000_4194304|rotating|846,1378943233,33558272,0,0,0,0,0,0,0,0,0,0,0,0,0,0,0,0,0,0,0,0,0,0,0,0,0,0,0,0,0,0,0,0,0,0,4096,256,131072,4,15|6,0,4194304,262144,16,4194304,0,4194304,0,64,0,64,0,16,16,1,1,64,1|1984,3556452609,24,4194304,0,0,0,0,0,4741280,0,16,0,959692079,0,959692079,0,2048,953577294,0,11950010,0,0,0,0,0
1785962391276|1287|mixed_30min_2plus2_fallback_04_00000_4194304|fixed|854,1378943233,16780339,6143810,6101483,6108795,6101483,6108795,6101483,5832,5821,5820,5820,0,0,371,0,179653442,179489389,4096,4096,0,0,5821,5821,512453423,512453436,512453431,512453444,0,0,0,0,0,0,0,0,4096,256,131072,4,15|4,0,4194304,262144,16,0,0,0,0,56,0,44,0,14,11,0,1,56,0|2000,1224967895,25,2899392,0,0,0,0,0,3075951,0,11,0,320891441,0,320891441,0,2080,314847530,0,8346815,0,0,0,0,0
1785962391276|1287|mixed_30min_2plus2_fallback_04_00000_4194304|rotating|854,1378943233,33558272,6215613,6172193,35488,0,35488,0,752,0,376,0,0,0,5888,5887,2402224,0,4096,0,0,0,376,0,497614259,0,497614267,0,0,0,0,0,0,0,0,0,4096,256,131072,4,15|4,0,4194304,262144,16,0,0,0,0,56,0,44,0,14,11,0,1,56,0|2000,543097907,25,0,0,2883584,0,2883584,0,8943,0,0,11,0,0,0,0,0,0,0,6876270,0,0,0,0,0
1785962399243|1288|mixed_30min_2plus2_fallback_04_00001_4194304|fixed|858,1378943233,16780339,6532187,6487942,6496888,6487942,6496888,6487942,11696,11684,5841,5841,0,0,374,0,180336075,180156222,4096,4096,0,0,5842,5842,1022553790,1022553771,1022553798,1022553779,0,0,0,0,0,0,0,0,4096,256,131072,4,15|4,0,4194304,262144,16,0,0,0,0,56,0,44,0,14,11,0,1,56,0|2008,1734849844,25,2907296,0,0,0,0,0,3269977,0,11,0,320531335,0,320531335,0,2080,315897986,0,6465954,0,0,0,0,0
1785962399243|1288|mixed_30min_2plus2_fallback_04_00001_4194304|rotating|858,1378943233,33558272,6635047,6590289,35773,0,35773,0,758,0,379,0,0,0,5933,5933,2421408,0,4096,0,0,0,379,0,1009024205,0,1009024213,0,0,0,0,0,0,0,0,0,4096,256,131072,4,15|4,0,4194304,262144,16,0,0,0,0,56,0,44,0,14,11,0,1,56,0|2008,1055515121,25,0,0,2883584,0,2883584,0,9037,0,0,11,0,0,0,0,0,0,0,4990278,0,0,0,0,0
1785962421288|1292|mixed_30min_2plus2_fallback_05_00000_4194304|fixed|868,1378943233,16781056,0,0,0,0,0,0,0,0,0,0,0,0,0,0,0,0,0,0,0,0,0,0,0,0,0,0,0,0,0,0,0,0,0,0,4096,256,131072,4,15|4,0,4194304,262144,16,0,0,0,0,32,0,20,0,8,5,0,1,32,0|2034,3145912159,25,0,0,1310720,0,1310720,0,12709,0,0,5,0,0,0,0,0,0,0,6857775,0,0,0,0,0
1785962421288|1292|mixed_30min_2plus2_fallback_05_00000_4194304|rotating|868,1378943233,33555404,0,0,0,0,0,0,0,0,0,0,0,0,0,0,0,0,0,0,0,0,0,0,0,0,0,0,0,0,0,0,0,0,0,0,4096,256,131072,4,15|4,0,4194304,262144,16,0,0,0,0,32,0,20,0,8,5,0,1,32,0|2034,2463963286,25,1405568,0,0,0,0,0,1597482,0,5,0,323960579,0,323960579,0,2080,318412120,0,7570825,0,0,0,0,0
1785962426318|1292|mixed_30min_2plus2_fallback_05_00000_4194304|fixed|870,1378943233,16781056,0,0,0,0,0,0,0,0,0,0,0,0,0,0,0,0,0,0,0,0,0,0,0,0,0,0,0,0,0,0,0,0,0,0,4096,256,131072,4,15|4,0,4194304,262144,16,0,0,0,0,44,0,32,0,11,8,0,1,44,0|2036,3467769005,25,0,0,2097152,0,2097152,0,22647,0,0,8,0,0,0,0,0,0,0,6861341,0,0,0,0,0
1785962426318|1292|mixed_30min_2plus2_fallback_05_00000_4194304|rotating|870,1378943233,33558272,0,0,0,0,0,0,0,0,0,0,0,0,0,0,0,0,0,0,0,0,0,0,0,0,0,0,0,0,0,0,0,0,0,0,4096,256,131072,4,15|4,0,4194304,262144,16,0,0,0,0,44,0,32,0,11,8,0,1,44,0|2036,2785724482,25,2265608,0,0,0,0,0,2605019,0,8,0,645506765,0,645506765,0,2079,639753320,0,7960166,0,0,0,0,0
1785962431326|1292|mixed_30min_2plus2_fallback_05_00000_4194304|fixed|872,1378943233,16781056,0,0,0,0,0,0,0,0,0,0,0,0,0,0,0,0,0,0,0,0,0,0,0,0,0,0,0,0,0,0,0,0,0,0,4096,256,131072,4,15|4,0,4194304,262144,16,0,0,0,0,64,0,56,0,16,14,0,1,64,0|2038,3788423502,25,0,0,3670016,0,3670016,0,30396,0,0,14,0,0,0,0,0,0,0,6878003,0,0,0,0,0
1785962431326|1292|mixed_30min_2plus2_fallback_05_00000_4194304|rotating|872,1378943233,33555404,0,0,0,0,0,0,0,0,0,0,0,0,0,0,0,0,0,0,0,0,0,0,0,0,0,0,0,0,0,0,0,0,0,0,4096,256,131072,4,15|4,0,4194304,262144,16,0,0,0,0,64,0,56,0,16,14,0,1,64,0|2038,3106466782,25,3788576,0,0,0,0,0,4264774,0,14,0,965868323,0,965868323,0,2080,959646925,0,8736920,0,0,0,0,0
1785962451274|1295|mixed_30min_2plus2_fallback_06_00000_4194304|fixed|880,1378943233,16780339,6148506,6105189,6113397,6105189,6113397,6105189,5836,5826,5824,5824,0,0,372,0,179789199,179625042,4096,4096,0,0,5825,5825,57541590,57541571,57541598,57541579,0,0,0,0,0,0,0,0,4096,256,131072,4,15|4,0,4194304,262144,16,0,0,0,0,56,0,44,0,14,11,0,1,56,0|2058,770735588,26,2907296,0,0,0,0,0,3084590,0,11,0,321803380,0,321803380,0,2080,315758033,0,8349932,0,0,0,0,0
1785962451274|1295|mixed_30min_2plus2_fallback_06_00000_4194304|rotating|880,1378943233,33558272,6225507,6181048,35583,0,35583,0,754,0,377,0,0,0,5897,5897,2408608,0,4096,0,0,0,377,0,43331561,0,43331569,0,0,0,0,0,0,0,0,0,4096,256,131072,4,15|4,0,4194304,262144,16,0,0,0,0,56,0,44,0,14,11,0,1,56,0|2058,88981633,26,0,0,2883584,0,2883584,0,8966,0,0,11,0,0,0,0,0,0,0,6873589,0,0,0,0,0
1785962459392|1296|mixed_30min_2plus2_fallback_06_00001_4194304|fixed|884,1378943233,16780339,6612155,6567412,6576477,6567412,6576477,6567412,11846,11834,5916,5916,0,0,378,0,182663232,182483374,4096,4096,0,0,5917,5917,579128084,579128065,579128060,579128073,0,0,0,0,0,0,0,0,4096,256,131072,4,15|4,0,4194304,262144,16,0,0,0,0,56,0,44,0,14,11,0,1,56,0|2066,1292596428,26,2954720,0,0,0,0,0,3321802,0,11,0,325736063,0,325736063,0,2080,321113357,0,6465584,0,0,0,0,0
1785962459392|1296|mixed_30min_2plus2_fallback_06_00001_4194304|rotating|884,1378943233,33558272,6715032,6669715,36246,0,36246,0,768,0,384,0,0,0,6009,6009,2453384,0,4096,0,0,0,384,0,565852286,0,565852294,0,0,0,0,0,0,0,0,0,4096,256,131072,4,15|4,0,4194304,262144,16,0,0,0,0,56,0,44,0,14,11,0,1,56,0|2066,613304355,26,0,0,2883584,0,2883584,0,9179,0,0,11,0,0,0,0,0,0,0,4987485,0,0,0,0,0
1785962481266|1300|mixed_30min_2plus2_fallback_07_00000_4194304|fixed|894,1378943233,16781056,0,0,0,0,0,0,0,0,0,0,0,0,0,0,0,0,0,0,0,0,0,0,0,0,0,0,0,0,0,0,0,0,0,0,4096,256,131072,4,15|4,0,4194304,262144,16,0,0,0,0,36,0,24,0,9,6,0,1,36,0|2092,2689629199,26,0,0,1572864,0,1572864,0,7783,0,0,6,0,0,0,0,0,0,0,6864174,0,0,0,0,0
1785962481266|1300|mixed_30min_2plus2_fallback_07_00000_4194304|rotating|894,1378943233,33558272,0,0,0,0,0,0,0,0,0,0,0,0,0,0,0,0,0,0,0,0,0,0,0,0,0,0,0,0,0,0,0,0,0,0,4096,256,131072,4,15|4,0,4194304,262144,16,0,0,0,0,36,0,24,0,9,6,0,1,36,0|2092,2007932657,26,1747988,0,0,0,0,0,1889696,0,6,0,324676797,0,324676797,0,2079,319060691,0,7703907,0,0,0,0,0
1785962486269|1300|mixed_30min_2plus2_fallback_07_00000_4194304|fixed|896,1378943233,16781056,0,0,0,0,0,0,0,0,0,0,0,0,0,0,0,0,0,0,0,0,0,0,0,0,0,0,0,0,0,0,0,0,0,0,4096,256,131072,4,15|4,0,4194304,262144,16,0,0,0,0,52,0,40,0,13,10,0,1,52,0|2094,3009784128,26,0,0,2621440,0,2621440,0,19713,0,0,10,0,0,0,0,0,0,0,6874420,0,0,0,0,0
1785962486269|1300|mixed_30min_2plus2_fallback_07_00000_4194304|rotating|896,1378943233,33558272,0,0,0,0,0,0,0,0,0,0,0,0,0,0,0,0,0,0,0,0,0,0,0,0,0,0,0,0,0,0,0,0,0,0,4096,256,131072,4,15|4,0,4194304,262144,16,0,0,0,0,52,0,40,0,13,10,0,1,52,0|2094,2327773395,26,2676768,0,0,0,0,0,2986596,0,10,0,644285340,0,644285340,0,2080,638341278,0,8224502,0,0,0,0,0
1785962491270|1300|mixed_30min_2plus2_fallback_07_00000_4194304|fixed|898,1378943233,16780100,0,0,0,0,0,0,0,0,0,0,0,0,0,0,0,0,0,0,0,0,0,0,0,0,0,0,0,0,0,0,0,0,0,0,4096,256,131072,4,15|4,0,4194304,262144,16,0,0,0,0,64,0,56,0,16,14,0,1,64,0|2096,3329926883,26,0,0,3670016,0,3670016,0,29243,0,0,14,0,0,0,0,0,0,0,6882256,0,0,0,0,0
1785962491270|1300|mixed_30min_2plus2_fallback_07_00000_4194304|rotating|898,1378943233,33558272,0,0,0,0,0,0,0,0,0,0,0,0,0,0,0,0,0,0,0,0,0,0,0,0,0,0,0,0,0,0,0,0,0,0,4096,256,131072,4,15|4,0,4194304,262144,16,0,0,0,0,64,0,56,0,16,14,0,1,64,0|2096,2648871854,26,3932160,0,0,0,0,0,4397476,0,15,0,965069951,0,965069951,0,2052,958866769,0,8743454,0,0,0,0,0
1785962503554|1302|mixed_30min_2plus2_fallback_07_00002_1048576|fixed|904,1378943233,16781056,0,0,0,0,0,0,0,0,0,0,0,0,0,0,0,0,0,0,0,0,0,0,0,0,0,0,0,0,0,0,0,0,0,0,4096,256,131072,4,15|4,0,1048576,262144,4,0,0,0,0,16,0,12,0,4,3,0,1,16,0|2110,4116294056,26,0,0,786432,0,786432,0,16716,0,0,3,0,0,0,0,0,0,0,4986033,0,0,0,0,0
1785962503554|1302|mixed_30min_2plus2_fallback_07_00002_1048576|rotating|904,1378943233,33558272,0,0,0,0,0,0,0,0,0,0,0,0,0,0,0,0,0,0,0,0,0,0,0,0,0,0,0,0,0,0,0,0,0,0,4096,256,131072,4,15|4,0,1048576,262144,4,0,0,0,0,16,0,12,0,4,3,0,1,16,0|2110,3435092709,26,1014416,0,0,0,0,0,1317927,0,3,0,325146654,0,325146654,0,2075,321196632,0,5427684,0,0,0,0,0
