captured_ms|sequence|label|role|data_ro|dirm0|oen0
1785960706089|0|SAFE_BOOT|fixed|1350565379|8193|8193
1785960706089|0|SAFE_BOOT|rotating|1346371075|8193|8193
1785960706239|1001|mixed_30min_warmup_f2r_00000_4194304_active|fixed|1350565379|8193|8193
1785960706239|1001|mixed_30min_warmup_f2r_00000_4194304_active|rotating|1346362883|8193|8193
1785960710315|1001|mixed_30min_warmup_f2r_00000_4194304_terminal|fixed|1346371075|8193|8193
1785960710315|1001|mixed_30min_warmup_f2r_00000_4194304_terminal|rotating|1346371075|8193|8193
1785960710625|1002|mixed_30min_warmup_f2r_00001_16777216_active|fixed|1350565379|8193|8193
1785960710625|1002|mixed_30min_warmup_f2r_00001_16777216_active|rotating|1346362883|8193|8193
1785960715752|1002|mixed_30min_warmup_f2r_00001_16777216|fixed|1350565378|8193|8193
1785960715752|1002|mixed_30min_warmup_f2r_00001_16777216|rotating|1350557187|8193|8193
1785960720761|1002|mixed_30min_warmup_f2r_00001_16777216|fixed|1350565378|8193|8193
1785960720761|1002|mixed_30min_warmup_f2r_00001_16777216|rotating|1350557187|8193|8193
1785960725582|1002|mixed_30min_warmup_f2r_00001_16777216_terminal|fixed|1350565379|8193|8193
1785960725582|1002|mixed_30min_warmup_f2r_00001_16777216_terminal|rotating|1350565379|8193|8193
1785960725877|1003|mixed_30min_warmup_f2r_00002_4194304_active|fixed|1350565379|8193|8193
1785960725877|1003|mixed_30min_warmup_f2r_00002_4194304_active|rotating|1346362883|8193|8193
1785960729948|1003|mixed_30min_warmup_f2r_00002_4194304_terminal|fixed|1350565379|8193|8193
1785960729948|1003|mixed_30min_warmup_f2r_00002_4194304_terminal|rotating|1350565379|8193|8193
1785960730281|1004|mixed_30min_warmup_f2r_00003_4194304_active|fixed|1350565379|8193|8193
1785960730281|1004|mixed_30min_warmup_f2r_00003_4194304_active|rotating|1346362883|8193|8193
1785960734529|1004|mixed_30min_warmup_f2r_00003_4194304_terminal|fixed|1346371075|8193|8193
1785960734529|1004|mixed_30min_warmup_f2r_00003_4194304_terminal|rotating|1350565379|8193|8193
1785960735005|1005|mixed_30min_warmup_f2r_00004_4194304_active|fixed|1350565379|8193|8193
1785960735005|1005|mixed_30min_warmup_f2r_00004_4194304_active|rotating|1350557187|8193|8193
1785960739078|1005|mixed_30min_warmup_f2r_00004_4194304_terminal|fixed|1346371075|8193|8193
1785960739078|1005|mixed_30min_warmup_f2r_00004_4194304_terminal|rotating|1350565379|8193|8193
1785960739451|1006|mixed_30min_warmup_f2r_00005_4194304_active|fixed|1346371075|8193|8193
1785960739451|1006|mixed_30min_warmup_f2r_00005_4194304_active|rotating|1350557187|8193|8193
1785960743584|1006|mixed_30min_warmup_f2r_00005_4194304_terminal|fixed|1346371075|8193|8193
1785960743584|1006|mixed_30min_warmup_f2r_00005_4194304_terminal|rotating|1346371075|8193|8193
1785960743954|1007|mixed_30min_warmup_f2r_00006_4194304_active|fixed|1346371075|8193|8193
1785960743954|1007|mixed_30min_warmup_f2r_00006_4194304_active|rotating|1346362883|8193|8193
1785960748070|1007|mixed_30min_warmup_f2r_00006_4194304_terminal|fixed|1350565379|8193|8193
1785960748070|1007|mixed_30min_warmup_f2r_00006_4194304_terminal|rotating|1346371075|8193|8193
1785960748425|1008|mixed_30min_warmup_f2r_00007_1048576_active|fixed|1346371075|8193|8193
1785960748425|1008|mixed_30min_warmup_f2r_00007_1048576_active|rotating|1346362883|8193|8193
1785960749916|1008|mixed_30min_warmup_f2r_00007_1048576_terminal|fixed|1346371075|8193|8193
1785960749916|1008|mixed_30min_warmup_f2r_00007_1048576_terminal|rotating|1350565379|8193|8193
1785960750257|1009|mixed_30min_warmup_f2r_00008_1048576_active|fixed|1346371075|8193|8193
1785960750257|1009|mixed_30min_warmup_f2r_00008_1048576_active|rotating|1346362883|8193|8193
1785960751703|1009|mixed_30min_warmup_f2r_00008_1048576_terminal|fixed|1350565379|8193|8193
1785960751703|1009|mixed_30min_warmup_f2r_00008_1048576_terminal|rotating|1346371075|8193|8193
1785960752027|1010|mixed_30min_warmup_f2r_00009_1048576_active|fixed|1346371075|8193|8193
1785960752027|1010|mixed_30min_warmup_f2r_00009_1048576_active|rotating|1346362883|8193|8193
1785960753496|1010|mixed_30min_warmup_f2r_00009_1048576_terminal|fixed|1346371075|8193|8193
1785960753496|1010|mixed_30min_warmup_f2r_00009_1048576_terminal|rotating|1346371075|8193|8193
1785960753859|1011|mixed_30min_warmup_f2r_00010_1048576_active|fixed|1346371075|8193|8193
1785960753859|1011|mixed_30min_warmup_f2r_00010_1048576_active|rotating|1346362883|8193|8193
1785960755306|1011|mixed_30min_warmup_f2r_00010_1048576_terminal|fixed|1350565379|8193|8193
1785960755306|1011|mixed_30min_warmup_f2r_00010_1048576_terminal|rotating|1346371075|8193|8193
1785960755606|1012|mixed_30min_warmup_f2r_00011_1048576_active|fixed|1346371075|8193|8193
1785960755606|1012|mixed_30min_warmup_f2r_00011_1048576_active|rotating|1350557187|8193|8193
1785960756993|1012|mixed_30min_warmup_f2r_00011_1048576_terminal|fixed|1346371075|8193|8193
1785960756993|1012|mixed_30min_warmup_f2r_00011_1048576_terminal|rotating|1350565379|8193|8193
1785960757342|1013|mixed_30min_warmup_f2r_00012_1048576_active|fixed|1350565379|8193|8193
1785960757342|1013|mixed_30min_warmup_f2r_00012_1048576_active|rotating|1346362883|8193|8193
1785960758894|1013|mixed_30min_warmup_f2r_00012_1048576_terminal|fixed|1350565379|8193|8193
1785960758894|1013|mixed_30min_warmup_f2r_00012_1048576_terminal|rotating|1346371075|8193|8193
1785960759254|1014|mixed_30min_warmup_f2r_00013_1048576_active|fixed|1346371075|8193|8193
1785960759254|1014|mixed_30min_warmup_f2r_00013_1048576_active|rotating|1346362883|8193|8193
1785960760648|1014|mixed_30min_warmup_f2r_00013_1048576_terminal|fixed|1350565379|8193|8193
1785960760648|1014|mixed_30min_warmup_f2r_00013_1048576_terminal|rotating|1350565379|8193|8193
1785960766292|1015|mixed_30min_warmup_r2f_00000_4194304_active|fixed|1350557187|8193|8193
1785960766292|1015|mixed_30min_warmup_r2f_00000_4194304_active|rotating|1350565379|8193|8193
1785960770474|1015|mixed_30min_warmup_r2f_00000_4194304_terminal|fixed|1350565379|8193|8193
1785960770474|1015|mixed_30min_warmup_r2f_00000_4194304_terminal|rotating|1346371075|8193|8193
1785960770937|1016|mixed_30min_warmup_r2f_00001_16777216_active|fixed|1350557187|8193|8193
1785960770937|1016|mixed_30min_warmup_r2f_00001_16777216_active|rotating|1350565379|8193|8193
1785960776068|1016|mixed_30min_warmup_r2f_00001_16777216|fixed|1346362883|8193|8193
1785960776068|1016|mixed_30min_warmup_r2f_00001_16777216|rotating|1346371074|8193|8193
1785960781061|1016|mixed_30min_warmup_r2f_00001_16777216|fixed|1346362883|8193|8193
1785960781061|1016|mixed_30min_warmup_r2f_00001_16777216|rotating|1350565378|8193|8193
1785960785818|1016|mixed_30min_warmup_r2f_00001_16777216_terminal|fixed|1346371075|8193|8193
1785960785818|1016|mixed_30min_warmup_r2f_00001_16777216_terminal|rotating|1346371075|8193|8193
1785960786098|1017|mixed_30min_warmup_r2f_00002_4194304_active|fixed|1346362883|8193|8193
1785960786098|1017|mixed_30min_warmup_r2f_00002_4194304_active|rotating|1350565379|8193|8193
1785960790172|1017|mixed_30min_warmup_r2f_00002_4194304_terminal|fixed|1346371075|8193|8193
1785960790172|1017|mixed_30min_warmup_r2f_00002_4194304_terminal|rotating|1350565379|8193|8193
1785960790462|1018|mixed_30min_warmup_r2f_00003_4194304_active|fixed|1350557187|8193|8193
1785960790462|1018|mixed_30min_warmup_r2f_00003_4194304_active|rotating|1350565379|8193|8193
1785960794547|1018|mixed_30min_warmup_r2f_00003_4194304_terminal|fixed|1350565379|8193|8193
1785960794547|1018|mixed_30min_warmup_r2f_00003_4194304_terminal|rotating|1346371075|8193|8193
1785960794866|1019|mixed_30min_warmup_r2f_00004_4194304_active|fixed|1346362883|8193|8193
1785960794866|1019|mixed_30min_warmup_r2f_00004_4194304_active|rotating|1350565379|8193|8193
1785960798950|1019|mixed_30min_warmup_r2f_00004_4194304_terminal|fixed|1346371075|8193|8193
1785960798950|1019|mixed_30min_warmup_r2f_00004_4194304_terminal|rotating|1350565379|8193|8193
1785960799293|1020|mixed_30min_warmup_r2f_00005_4194304_active|fixed|1346362883|8193|8193
1785960799293|1020|mixed_30min_warmup_r2f_00005_4194304_active|rotating|1346371075|8193|8193
1785960803543|1020|mixed_30min_warmup_r2f_00005_4194304_terminal|fixed|1346371075|8193|8193
1785960803543|1020|mixed_30min_warmup_r2f_00005_4194304_terminal|rotating|1350565379|8193|8193
1785960803968|1021|mixed_30min_warmup_r2f_00006_4194304_active|fixed|1350557187|8193|8193
1785960803968|1021|mixed_30min_warmup_r2f_00006_4194304_active|rotating|1346371075|8193|8193
1785960808198|1021|mixed_30min_warmup_r2f_00006_4194304_terminal|fixed|1350565379|8193|8193
1785960808198|1021|mixed_30min_warmup_r2f_00006_4194304_terminal|rotating|1350565379|8193|8193
1785960808503|1022|mixed_30min_warmup_r2f_00007_1048576_active|fixed|1346362883|8193|8193
1785960808503|1022|mixed_30min_warmup_r2f_00007_1048576_active|rotating|1346371075|8193|8193
1785960809927|1022|mixed_30min_warmup_r2f_00007_1048576_terminal|fixed|1346371075|8193|8193
1785960809927|1022|mixed_30min_warmup_r2f_00007_1048576_terminal|rotating|1346371075|8193|8193
1785960810272|1023|mixed_30min_warmup_r2f_00008_1048576_active|fixed|1350557187|8193|8193
1785960810272|1023|mixed_30min_warmup_r2f_00008_1048576_active|rotating|1350565379|8193|8193
1785960811890|1023|mixed_30min_warmup_r2f_00008_1048576_terminal|fixed|1346371075|8193|8193
1785960811890|1023|mixed_30min_warmup_r2f_00008_1048576_terminal|rotating|1346371075|8193|8193
1785960812236|1024|mixed_30min_warmup_r2f_00009_1048576_active|fixed|1346362883|8193|8193
1785960812236|1024|mixed_30min_warmup_r2f_00009_1048576_active|rotating|1346371075|8193|8193
1785960813608|1024|mixed_30min_warmup_r2f_00009_1048576_terminal|fixed|1350565379|8193|8193
1785960813608|1024|mixed_30min_warmup_r2f_00009_1048576_terminal|rotating|1350565379|8193|8193
1785960813979|1025|mixed_30min_warmup_r2f_00010_1048576_active|fixed|1346362883|8193|8193
1785960813979|1025|mixed_30min_warmup_r2f_00010_1048576_active|rotating|1346371075|8193|8193
1785960815379|1025|mixed_30min_warmup_r2f_00010_1048576_terminal|fixed|1346371075|8193|8193
1785960815379|1025|mixed_30min_warmup_r2f_00010_1048576_terminal|rotating|1350565379|8193|8193
1785960815683|1026|mixed_30min_warmup_r2f_00011_1048576_active|fixed|1350557187|8193|8193
1785960815683|1026|mixed_30min_warmup_r2f_00011_1048576_active|rotating|1346371075|8193|8193
1785960817039|1026|mixed_30min_warmup_r2f_00011_1048576_terminal|fixed|1346371075|8193|8193
1785960817039|1026|mixed_30min_warmup_r2f_00011_1048576_terminal|rotating|1346371075|8193|8193
1785960817343|1027|mixed_30min_warmup_r2f_00012_1048576_active|fixed|1350557187|8193|8193
1785960817343|1027|mixed_30min_warmup_r2f_00012_1048576_active|rotating|1346371075|8193|8193
1785960818751|1027|mixed_30min_warmup_r2f_00012_1048576_terminal|fixed|1350565379|8193|8193
1785960818751|1027|mixed_30min_warmup_r2f_00012_1048576_terminal|rotating|1350565379|8193|8193
1785960819042|1028|mixed_30min_warmup_r2f_00013_1048576_active|fixed|1346362883|8193|8193
1785960819042|1028|mixed_30min_warmup_r2f_00013_1048576_active|rotating|1346371075|8193|8193
1785960820439|1028|mixed_30min_warmup_r2f_00013_1048576_terminal|fixed|1350565379|8193|8193
1785960820439|1028|mixed_30min_warmup_r2f_00013_1048576_terminal|rotating|1350565379|8193|8193
1785960826259|1029|mixed_30min_half_f2r_00000_4194304_active|fixed|1346371075|8193|8193
1785960826259|1029|mixed_30min_half_f2r_00000_4194304_active|rotating|1350557187|8193|8193
1785960830367|1029|mixed_30min_half_f2r_00000_4194304_terminal|fixed|1346371075|8193|8193
1785960830367|1029|mixed_30min_half_f2r_00000_4194304_terminal|rotating|1346371075|8193|8193
1785960830690|1030|mixed_30min_half_f2r_00001_16777216_active|fixed|1350565379|8193|8193
1785960830690|1030|mixed_30min_half_f2r_00001_16777216_active|rotating|1346362883|8193|8193
1785960835834|1030|mixed_30min_half_f2r_00001_16777216|fixed|1350565378|8193|8193
1785960835834|1030|mixed_30min_half_f2r_00001_16777216|rotating|1350557187|8193|8193
1785960840818|1030|mixed_30min_half_f2r_00001_16777216|fixed|1346371074|8193|8193
1785960840818|1030|mixed_30min_half_f2r_00001_16777216|rotating|1346362883|8193|8193
1785960845614|1030|mixed_30min_half_f2r_00001_16777216_terminal|fixed|1350565379|8193|8193
1785960845614|1030|mixed_30min_half_f2r_00001_16777216_terminal|rotating|1346371075|8193|8193
1785960845970|1031|mixed_30min_half_f2r_00002_67108864_active|fixed|1346371075|8193|8193
1785960845970|1031|mixed_30min_half_f2r_00002_67108864_active|rotating|1350557187|8193|8193
1785960851073|1031|mixed_30min_half_f2r_00002_67108864|fixed|1346371074|8193|8193
1785960851073|1031|mixed_30min_half_f2r_00002_67108864|rotating|1350557187|8193|8193
1785960856135|1031|mixed_30min_half_f2r_00002_67108864|fixed|1350565378|8193|8193
1785960856135|1031|mixed_30min_half_f2r_00002_67108864|rotating|1346362883|8193|8193
1785960861111|1031|mixed_30min_half_f2r_00002_67108864|fixed|1350565378|8193|8193
1785960861111|1031|mixed_30min_half_f2r_00002_67108864|rotating|1346362883|8193|8193
1785960866118|1031|mixed_30min_half_f2r_00002_67108864|fixed|1350565378|8193|8193
1785960866118|1031|mixed_30min_half_f2r_00002_67108864|rotating|1350557187|8193|8193
1785960871113|1031|mixed_30min_half_f2r_00002_67108864|fixed|1350565378|8193|8193
1785960871113|1031|mixed_30min_half_f2r_00002_67108864|rotating|1350557187|8193|8193
1785960876115|1031|mixed_30min_half_f2r_00002_67108864|fixed|1350565378|8193|8193
1785960876115|1031|mixed_30min_half_f2r_00002_67108864|rotating|1350557187|8193|8193
1785960881133|1031|mixed_30min_half_f2r_00002_67108864|fixed|1346371074|8193|8193
1785960881133|1031|mixed_30min_half_f2r_00002_67108864|rotating|1346362883|8193|8193
1785960886172|1031|mixed_30min_half_f2r_00002_67108864|fixed|1350565378|8193|8193
1785960886172|1031|mixed_30min_half_f2r_00002_67108864|rotating|1346362883|8193|8193
1785960891154|1031|mixed_30min_half_f2r_00002_67108864|fixed|1346371074|8193|8193
1785960891154|1031|mixed_30min_half_f2r_00002_67108864|rotating|1346362883|8193|8193
1785960896145|1031|mixed_30min_half_f2r_00002_67108864|fixed|1346371074|8193|8193
1785960896145|1031|mixed_30min_half_f2r_00002_67108864|rotating|1346362883|8193|8193
1785960901191|1031|mixed_30min_half_f2r_00002_67108864|fixed|1350565378|8193|8193
1785960901191|1031|mixed_30min_half_f2r_00002_67108864|rotating|1346362883|8193|8193
1785960904134|1031|mixed_30min_half_f2r_00002_67108864_terminal|fixed|1346371075|8193|8193
1785960904134|1031|mixed_30min_half_f2r_00002_67108864_terminal|rotating|1346371075|8193|8193
1785960904425|1032|mixed_30min_half_f2r_00003_4194304_active|fixed|1346371075|8193|8193
1785960904425|1032|mixed_30min_half_f2r_00003_4194304_active|rotating|1346362883|8193|8193
1785960908517|1032|mixed_30min_half_f2r_00003_4194304_terminal|fixed|1346371075|8193|8193
1785960908517|1032|mixed_30min_half_f2r_00003_4194304_terminal|rotating|1350565379|8193|8193
1785960908813|1033|mixed_30min_half_f2r_00004_16777216_active|fixed|1346371075|8193|8193
1785960908813|1033|mixed_30min_half_f2r_00004_16777216_active|rotating|1350557187|8193|8193
1785960913966|1033|mixed_30min_half_f2r_00004_16777216|fixed|1350565378|8193|8193
1785960913966|1033|mixed_30min_half_f2r_00004_16777216|rotating|1346362883|8193|8193
1785960918956|1033|mixed_30min_half_f2r_00004_16777216|fixed|1346371074|8193|8193
1785960918956|1033|mixed_30min_half_f2r_00004_16777216|rotating|1346362883|8193|8193
1785960923712|1033|mixed_30min_half_f2r_00004_16777216_terminal|fixed|1346371075|8193|8193
1785960923712|1033|mixed_30min_half_f2r_00004_16777216_terminal|rotating|1346371075|8193|8193
1785960924065|1034|mixed_30min_half_f2r_00005_67108864_active|fixed|1346371075|8193|8193
1785960924065|1034|mixed_30min_half_f2r_00005_67108864_active|rotating|1350557187|8193|8193
1785960929179|1034|mixed_30min_half_f2r_00005_67108864|fixed|1350565378|8193|8193
1785960929179|1034|mixed_30min_half_f2r_00005_67108864|rotating|1346362883|8193|8193
1785960934204|1034|mixed_30min_half_f2r_00005_67108864|fixed|1350565378|8193|8193
1785960934204|1034|mixed_30min_half_f2r_00005_67108864|rotating|1350557187|8193|8193
1785960939247|1034|mixed_30min_half_f2r_00005_67108864|fixed|1346371074|8193|8193
1785960939247|1034|mixed_30min_half_f2r_00005_67108864|rotating|1350557187|8193|8193
1785960944279|1034|mixed_30min_half_f2r_00005_67108864|fixed|1346371074|8193|8193
1785960944279|1034|mixed_30min_half_f2r_00005_67108864|rotating|1350557187|8193|8193
1785960949238|1034|mixed_30min_half_f2r_00005_67108864|fixed|1346371074|8193|8193
1785960949238|1034|mixed_30min_half_f2r_00005_67108864|rotating|1350557187|8193|8193
1785960954240|1034|mixed_30min_half_f2r_00005_67108864|fixed|1350565378|8193|8193
1785960954240|1034|mixed_30min_half_f2r_00005_67108864|rotating|1350557187|8193|8193
1785960959267|1034|mixed_30min_half_f2r_00005_67108864|fixed|1350565378|8193|8193
1785960959267|1034|mixed_30min_half_f2r_00005_67108864|rotating|1346362883|8193|8193
1785960964285|1034|mixed_30min_half_f2r_00005_67108864|fixed|1350565378|8193|8193
1785960964285|1034|mixed_30min_half_f2r_00005_67108864|rotating|1350557187|8193|8193
1785960969318|1034|mixed_30min_half_f2r_00005_67108864|fixed|1350565378|8193|8193
1785960969318|1034|mixed_30min_half_f2r_00005_67108864|rotating|1346362883|8193|8193
1785960974313|1034|mixed_30min_half_f2r_00005_67108864|fixed|1350565378|8193|8193
1785960974313|1034|mixed_30min_half_f2r_00005_67108864|rotating|1350557187|8193|8193
1785960979311|1034|mixed_30min_half_f2r_00005_67108864|fixed|1346371074|8193|8193
1785960979311|1034|mixed_30min_half_f2r_00005_67108864|rotating|1346362883|8193|8193
1785960982251|1034|mixed_30min_half_f2r_00005_67108864_terminal|fixed|1350565379|8193|8193
1785960982251|1034|mixed_30min_half_f2r_00005_67108864_terminal|rotating|1346371075|8193|8193
1785960982553|1035|mixed_30min_half_f2r_00006_4194304_active|fixed|1346371074|8193|8193
1785960982553|1035|mixed_30min_half_f2r_00006_4194304_active|rotating|1346362883|8193|8193
1785960986588|1035|mixed_30min_half_f2r_00006_4194304_terminal|fixed|1346371075|8193|8193
1785960986588|1035|mixed_30min_half_f2r_00006_4194304_terminal|rotating|1346371075|8193|8193
1785960986894|1036|mixed_30min_half_f2r_00007_16777216_active|fixed|1350565379|8193|8193
1785960986894|1036|mixed_30min_half_f2r_00007_16777216_active|rotating|1346362883|8193|8193
1785960992015|1036|mixed_30min_half_f2r_00007_16777216|fixed|1350565378|8193|8193
1785960992015|1036|mixed_30min_half_f2r_00007_16777216|rotating|1346362883|8193|8193
1785960997019|1036|mixed_30min_half_f2r_00007_16777216|fixed|1346371074|8193|8193
1785960997019|1036|mixed_30min_half_f2r_00007_16777216|rotating|1350557187|8193|8193
1785961001821|1036|mixed_30min_half_f2r_00007_16777216_terminal|fixed|1346371075|8193|8193
1785961001821|1036|mixed_30min_half_f2r_00007_16777216_terminal|rotating|1350565379|8193|8193
1785961002136|1037|mixed_30min_half_f2r_00008_67108864_active|fixed|1350565379|8193|8193
1785961002136|1037|mixed_30min_half_f2r_00008_67108864_active|rotating|1350557187|8193|8193
1785961007266|1037|mixed_30min_half_f2r_00008_67108864|fixed|1350565378|8193|8193
1785961007266|1037|mixed_30min_half_f2r_00008_67108864|rotating|1346362883|8193|8193
1785961012278|1037|mixed_30min_half_f2r_00008_67108864|fixed|1346371074|8193|8193
1785961012278|1037|mixed_30min_half_f2r_00008_67108864|rotating|1346362883|8193|8193
1785961017307|1037|mixed_30min_half_f2r_00008_67108864|fixed|1350565378|8193|8193
1785961017307|1037|mixed_30min_half_f2r_00008_67108864|rotating|1350557187|8193|8193
1785961022418|1037|mixed_30min_half_f2r_00008_67108864|fixed|1350565378|8193|8193
1785961022418|1037|mixed_30min_half_f2r_00008_67108864|rotating|1346362883|8193|8193
1785961027278|1037|mixed_30min_half_f2r_00008_67108864|fixed|1346371074|8193|8193
1785961027278|1037|mixed_30min_half_f2r_00008_67108864|rotating|1346362883|8193|8193
1785961032314|1037|mixed_30min_half_f2r_00008_67108864|fixed|1346371074|8193|8193
1785961032314|1037|mixed_30min_half_f2r_00008_67108864|rotating|1350557187|8193|8193
1785961037300|1037|mixed_30min_half_f2r_00008_67108864|fixed|1350565378|8193|8193
1785961037300|1037|mixed_30min_half_f2r_00008_67108864|rotating|1350557187|8193|8193
1785961042323|1037|mixed_30min_half_f2r_00008_67108864|fixed|1346371074|8193|8193
1785961042323|1037|mixed_30min_half_f2r_00008_67108864|rotating|1350557187|8193|8193
1785961047343|1037|mixed_30min_half_f2r_00008_67108864|fixed|1350565378|8193|8193
1785961047343|1037|mixed_30min_half_f2r_00008_67108864|rotating|1346362883|8193|8193
1785961052344|1037|mixed_30min_half_f2r_00008_67108864|fixed|1346371074|8193|8193
1785961052344|1037|mixed_30min_half_f2r_00008_67108864|rotating|1346362883|8193|8193
1785961057357|1037|mixed_30min_half_f2r_00008_67108864|fixed|1350565378|8193|8193
1785961057357|1037|mixed_30min_half_f2r_00008_67108864|rotating|1346362883|8193|8193
1785961060315|1037|mixed_30min_half_f2r_00008_67108864_terminal|fixed|1350565379|8193|8193
1785961060315|1037|mixed_30min_half_f2r_00008_67108864_terminal|rotating|1346371075|8193|8193
1785961060646|1038|mixed_30min_half_f2r_00009_4194304_active|fixed|1346371075|8193|8193
1785961060646|1038|mixed_30min_half_f2r_00009_4194304_active|rotating|1350557187|8193|8193
1785961064745|1038|mixed_30min_half_f2r_00009_4194304_terminal|fixed|1346371075|8193|8193
1785961064745|1038|mixed_30min_half_f2r_00009_4194304_terminal|rotating|1346371075|8193|8193
1785961065085|1039|mixed_30min_half_f2r_00010_16777216_active|fixed|1350565379|8193|8193
1785961065085|1039|mixed_30min_half_f2r_00010_16777216_active|rotating|1350557187|8193|8193
1785961070175|1039|mixed_30min_half_f2r_00010_16777216|fixed|1346371074|8193|8193
1785961070175|1039|mixed_30min_half_f2r_00010_16777216|rotating|1346362883|8193|8193
1785961075203|1039|mixed_30min_half_f2r_00010_16777216|fixed|1350565378|8193|8193
1785961075203|1039|mixed_30min_half_f2r_00010_16777216|rotating|1346362883|8193|8193
1785961079992|1039|mixed_30min_half_f2r_00010_16777216_terminal|fixed|1346371075|8193|8193
1785961079992|1039|mixed_30min_half_f2r_00010_16777216_terminal|rotating|1350565379|8193|8193
1785961080291|1040|mixed_30min_half_f2r_00011_67108864_active|fixed|1346371075|8193|8193
1785961080291|1040|mixed_30min_half_f2r_00011_67108864_active|rotating|1346362883|8193|8193
1785961085400|1040|mixed_30min_half_f2r_00011_67108864|fixed|1350565378|8193|8193
1785961085400|1040|mixed_30min_half_f2r_00011_67108864|rotating|1346362883|8193|8193
1785961090409|1040|mixed_30min_half_f2r_00011_67108864|fixed|1346371074|8193|8193
1785961090409|1040|mixed_30min_half_f2r_00011_67108864|rotating|1346362883|8193|8193
1785961095447|1040|mixed_30min_half_f2r_00011_67108864|fixed|1350565378|8193|8193
1785961095447|1040|mixed_30min_half_f2r_00011_67108864|rotating|1350557187|8193|8193
1785961100442|1040|mixed_30min_half_f2r_00011_67108864|fixed|1350565378|8193|8193
1785961100442|1040|mixed_30min_half_f2r_00011_67108864|rotating|1350557187|8193|8193
1785961105470|1040|mixed_30min_half_f2r_00011_67108864|fixed|1350565378|8193|8193
1785961105470|1040|mixed_30min_half_f2r_00011_67108864|rotating|1346362883|8193|8193
1785961110467|1040|mixed_30min_half_f2r_00011_67108864|fixed|1346371074|8193|8193
1785961110467|1040|mixed_30min_half_f2r_00011_67108864|rotating|1346362883|8193|8193
1785961115468|1040|mixed_30min_half_f2r_00011_67108864|fixed|1346371074|8193|8193
1785961115468|1040|mixed_30min_half_f2r_00011_67108864|rotating|1346362883|8193|8193
1785961120457|1040|mixed_30min_half_f2r_00011_67108864|fixed|1346371074|8193|8193
1785961120457|1040|mixed_30min_half_f2r_00011_67108864|rotating|1346362883|8193|8193
1785961125448|1040|mixed_30min_half_f2r_00011_67108864|fixed|1350565378|8193|8193
1785961125448|1040|mixed_30min_half_f2r_00011_67108864|rotating|1350557187|8193|8193
1785961130470|1040|mixed_30min_half_f2r_00011_67108864|fixed|1350565378|8193|8193
1785961130470|1040|mixed_30min_half_f2r_00011_67108864|rotating|1346362883|8193|8193
1785961135444|1040|mixed_30min_half_f2r_00011_67108864|fixed|1350565378|8193|8193
1785961135444|1040|mixed_30min_half_f2r_00011_67108864|rotating|1346362883|8193|8193
1785961138422|1040|mixed_30min_half_f2r_00011_67108864_terminal|fixed|1346371075|8193|8193
1785961138422|1040|mixed_30min_half_f2r_00011_67108864_terminal|rotating|1350565379|8193|8193
1785961138745|1041|mixed_30min_half_f2r_00012_4194304_active|fixed|1350565379|8193|8193
1785961138745|1041|mixed_30min_half_f2r_00012_4194304_active|rotating|1346362883|8193|8193
1785961142799|1041|mixed_30min_half_f2r_00012_4194304_terminal|fixed|1350565379|8193|8193
1785961142799|1041|mixed_30min_half_f2r_00012_4194304_terminal|rotating|1350565379|8193|8193
1785961143121|1042|mixed_30min_half_f2r_00013_16777216_active|fixed|1346371075|8193|8193
1785961143121|1042|mixed_30min_half_f2r_00013_16777216_active|rotating|1350557187|8193|8193
1785961148235|1042|mixed_30min_half_f2r_00013_16777216|fixed|1350565378|8193|8193
1785961148235|1042|mixed_30min_half_f2r_00013_16777216|rotating|1350557187|8193|8193
1785961153281|1042|mixed_30min_half_f2r_00013_16777216|fixed|1350565378|8193|8193
1785961153281|1042|mixed_30min_half_f2r_00013_16777216|rotating|1350557187|8193|8193
1785961157992|1042|mixed_30min_half_f2r_00013_16777216_terminal|fixed|1350565379|8193|8193
1785961157992|1042|mixed_30min_half_f2r_00013_16777216_terminal|rotating|1346371075|8193|8193
1785961158306|1043|mixed_30min_half_f2r_00014_16777216_active|fixed|1350565379|8193|8193
1785961158306|1043|mixed_30min_half_f2r_00014_16777216_active|rotating|1350557187|8193|8193
1785961163461|1043|mixed_30min_half_f2r_00014_16777216|fixed|1350565378|8193|8193
1785961163461|1043|mixed_30min_half_f2r_00014_16777216|rotating|1350557187|8193|8193
1785961168451|1043|mixed_30min_half_f2r_00014_16777216|fixed|1346371074|8193|8193
1785961168451|1043|mixed_30min_half_f2r_00014_16777216|rotating|1350557187|8193|8193
1785961173192|1043|mixed_30min_half_f2r_00014_16777216_terminal|fixed|1346371075|8193|8193
1785961173192|1043|mixed_30min_half_f2r_00014_16777216_terminal|rotating|1350565379|8193|8193
1785961173524|1044|mixed_30min_half_f2r_00015_4194304_active|fixed|1350565379|8193|8193
1785961173524|1044|mixed_30min_half_f2r_00015_4194304_active|rotating|1346362883|8193|8193
1785961177841|1044|mixed_30min_half_f2r_00015_4194304_terminal|fixed|1346371075|8193|8193
1785961177841|1044|mixed_30min_half_f2r_00015_4194304_terminal|rotating|1346371075|8193|8193
1785961178202|1045|mixed_30min_half_f2r_00016_16777216_active|fixed|1346371075|8193|8193
1785961178202|1045|mixed_30min_half_f2r_00016_16777216_active|rotating|1350557187|8193|8193
1785961183377|1045|mixed_30min_half_f2r_00016_16777216|fixed|1346371074|8193|8193
1785961183377|1045|mixed_30min_half_f2r_00016_16777216|rotating|1346362883|8193|8193
1785961188367|1045|mixed_30min_half_f2r_00016_16777216|fixed|1346371074|8193|8193
1785961188367|1045|mixed_30min_half_f2r_00016_16777216|rotating|1346362883|8193|8193
1785961193123|1045|mixed_30min_half_f2r_00016_16777216_terminal|fixed|1350565379|8193|8193
1785961193123|1045|mixed_30min_half_f2r_00016_16777216_terminal|rotating|1346371075|8193|8193
1785961193460|1046|mixed_30min_half_f2r_00017_16777216_active|fixed|1346371075|8193|8193
1785961193460|1046|mixed_30min_half_f2r_00017_16777216_active|rotating|1346362883|8193|8193
1785961198577|1046|mixed_30min_half_f2r_00017_16777216|fixed|1350565378|8193|8193
1785961198577|1046|mixed_30min_half_f2r_00017_16777216|rotating|1350557187|8193|8193
1785961203604|1046|mixed_30min_half_f2r_00017_16777216|fixed|1346371074|8193|8193
1785961203604|1046|mixed_30min_half_f2r_00017_16777216|rotating|1350557187|8193|8193
1785961208373|1046|mixed_30min_half_f2r_00017_16777216_terminal|fixed|1350565379|8193|8193
1785961208373|1046|mixed_30min_half_f2r_00017_16777216_terminal|rotating|1346371075|8193|8193
1785961208681|1047|mixed_30min_half_f2r_00018_4194304_active|fixed|1346371075|8193|8193
1785961208681|1047|mixed_30min_half_f2r_00018_4194304_active|rotating|1346362883|8193|8193
1785961212790|1047|mixed_30min_half_f2r_00018_4194304_terminal|fixed|1346371075|8193|8193
1785961212790|1047|mixed_30min_half_f2r_00018_4194304_terminal|rotating|1346371075|8193|8193
1785961213123|1048|mixed_30min_half_f2r_00019_4194304_active|fixed|1346371075|8193|8193
1785961213123|1048|mixed_30min_half_f2r_00019_4194304_active|rotating|1346362883|8193|8193
1785961217183|1048|mixed_30min_half_f2r_00019_4194304_terminal|fixed|1346371075|8193|8193
1785961217183|1048|mixed_30min_half_f2r_00019_4194304_terminal|rotating|1346371075|8193|8193
1785961217523|1049|mixed_30min_half_f2r_00020_4194304_active|fixed|1350565379|8193|8193
1785961217523|1049|mixed_30min_half_f2r_00020_4194304_active|rotating|1350557187|8193|8193
1785961221622|1049|mixed_30min_half_f2r_00020_4194304_terminal|fixed|1350565379|8193|8193
1785961221622|1049|mixed_30min_half_f2r_00020_4194304_terminal|rotating|1346371075|8193|8193
1785961221925|1050|mixed_30min_half_f2r_00021_4194304_active|fixed|1346371075|8193|8193
1785961221925|1050|mixed_30min_half_f2r_00021_4194304_active|rotating|1350557187|8193|8193
1785961226002|1050|mixed_30min_half_f2r_00021_4194304_terminal|fixed|1346371075|8193|8193
1785961226002|1050|mixed_30min_half_f2r_00021_4194304_terminal|rotating|1346371075|8193|8193
1785961226295|1051|mixed_30min_half_f2r_00022_4194304_active|fixed|1346371075|8193|8193
1785961226295|1051|mixed_30min_half_f2r_00022_4194304_active|rotating|1350557187|8193|8193
1785961230384|1051|mixed_30min_half_f2r_00022_4194304_terminal|fixed|1350565379|8193|8193
1785961230384|1051|mixed_30min_half_f2r_00022_4194304_terminal|rotating|1346371075|8193|8193
1785961230693|1052|mixed_30min_half_f2r_00023_1048576_active|fixed|1350565379|8193|8193
1785961230693|1052|mixed_30min_half_f2r_00023_1048576_active|rotating|1350557187|8193|8193
1785961232061|1052|mixed_30min_half_f2r_00023_1048576_terminal|fixed|1346371075|8193|8193
1785961232061|1052|mixed_30min_half_f2r_00023_1048576_terminal|rotating|1350565379|8193|8193
1785961232378|1053|mixed_30min_half_f2r_00024_1048576_active|fixed|1350565379|8193|8193
1785961232378|1053|mixed_30min_half_f2r_00024_1048576_active|rotating|1346362883|8193|8193
1785961233741|1053|mixed_30min_half_f2r_00024_1048576_terminal|fixed|1346371075|8193|8193
1785961233741|1053|mixed_30min_half_f2r_00024_1048576_terminal|rotating|1350565379|8193|8193
1785961234070|1054|mixed_30min_half_f2r_00025_1048576_active|fixed|1346371075|8193|8193
1785961234070|1054|mixed_30min_half_f2r_00025_1048576_active|rotating|1346362883|8193|8193
1785961235520|1054|mixed_30min_half_f2r_00025_1048576_terminal|fixed|1346371075|8193|8193
1785961235520|1054|mixed_30min_half_f2r_00025_1048576_terminal|rotating|1350565379|8193|8193
1785961235804|1055|mixed_30min_half_f2r_00026_1048576_active|fixed|1350565379|8193|8193
1785961235804|1055|mixed_30min_half_f2r_00026_1048576_active|rotating|1350557187|8193|8193
1785961237154|1055|mixed_30min_half_f2r_00026_1048576_terminal|fixed|1350565379|8193|8193
1785961237154|1055|mixed_30min_half_f2r_00026_1048576_terminal|rotating|1350565379|8193|8193
1785961237447|1056|mixed_30min_half_f2r_00027_1048576_active|fixed|1350565379|8193|8193
1785961237447|1056|mixed_30min_half_f2r_00027_1048576_active|rotating|1346362883|8193|8193
1785961238811|1056|mixed_30min_half_f2r_00027_1048576_terminal|fixed|1350565379|8193|8193
1785961238811|1056|mixed_30min_half_f2r_00027_1048576_terminal|rotating|1346371075|8193|8193
1785961239116|1057|mixed_30min_half_f2r_00028_1048576_active|fixed|1346371075|8193|8193
1785961239116|1057|mixed_30min_half_f2r_00028_1048576_active|rotating|1346362883|8193|8193
1785961240508|1057|mixed_30min_half_f2r_00028_1048576_terminal|fixed|1346371075|8193|8193
1785961240508|1057|mixed_30min_half_f2r_00028_1048576_terminal|rotating|1346371075|8193|8193
1785961246266|1058|mixed_30min_half_r2f_00000_4194304_active|fixed|1346362883|8193|8193
1785961246266|1058|mixed_30min_half_r2f_00000_4194304_active|rotating|1350565379|8193|8193
1785961250355|1058|mixed_30min_half_r2f_00000_4194304_terminal|fixed|1350565379|8193|8193
1785961250355|1058|mixed_30min_half_r2f_00000_4194304_terminal|rotating|1350565379|8193|8193
1785961250668|1059|mixed_30min_half_r2f_00001_16777216_active|fixed|1346362883|8193|8193
1785961250668|1059|mixed_30min_half_r2f_00001_16777216_active|rotating|1350565379|8193|8193
1785961255777|1059|mixed_30min_half_r2f_00001_16777216|fixed|1350557187|8193|8193
1785961255777|1059|mixed_30min_half_r2f_00001_16777216|rotating|1350565378|8193|8193
1785961260800|1059|mixed_30min_half_r2f_00001_16777216|fixed|1346362883|8193|8193
1785961260800|1059|mixed_30min_half_r2f_00001_16777216|rotating|1346371074|8193|8193
1785961265662|1059|mixed_30min_half_r2f_00001_16777216_terminal|fixed|1346371075|8193|8193
1785961265662|1059|mixed_30min_half_r2f_00001_16777216_terminal|rotating|1350565379|8193|8193
1785961266065|1060|mixed_30min_half_r2f_00002_67108864_active|fixed|1346362883|8193|8193
1785961266065|1060|mixed_30min_half_r2f_00002_67108864_active|rotating|1350565379|8193|8193
1785961271209|1060|mixed_30min_half_r2f_00002_67108864|fixed|1350557187|8193|8193
1785961271209|1060|mixed_30min_half_r2f_00002_67108864|rotating|1346371074|8193|8193
1785961276203|1060|mixed_30min_half_r2f_00002_67108864|fixed|1346362883|8193|8193
1785961276203|1060|mixed_30min_half_r2f_00002_67108864|rotating|1350565378|8193|8193
1785961281223|1060|mixed_30min_half_r2f_00002_67108864|fixed|1350557187|8193|8193
1785961281223|1060|mixed_30min_half_r2f_00002_67108864|rotating|1350565378|8193|8193
1785961286206|1060|mixed_30min_half_r2f_00002_67108864|fixed|1346362883|8193|8193
1785961286206|1060|mixed_30min_half_r2f_00002_67108864|rotating|1350565378|8193|8193
1785961291217|1060|mixed_30min_half_r2f_00002_67108864|fixed|1346362883|8193|8193
1785961291217|1060|mixed_30min_half_r2f_00002_67108864|rotating|1346371074|8193|8193
1785961296243|1060|mixed_30min_half_r2f_00002_67108864|fixed|1346362883|8193|8193
1785961296243|1060|mixed_30min_half_r2f_00002_67108864|rotating|1350565378|8193|8193
1785961301246|1060|mixed_30min_half_r2f_00002_67108864|fixed|1350557187|8193|8193
1785961301246|1060|mixed_30min_half_r2f_00002_67108864|rotating|1350565378|8193|8193
1785961306269|1060|mixed_30min_half_r2f_00002_67108864|fixed|1346362883|8193|8193
1785961306269|1060|mixed_30min_half_r2f_00002_67108864|rotating|1346371074|8193|8193
1785961311279|1060|mixed_30min_half_r2f_00002_67108864|fixed|1346362883|8193|8193
1785961311279|1060|mixed_30min_half_r2f_00002_67108864|rotating|1350565378|8193|8193
1785961316271|1060|mixed_30min_half_r2f_00002_67108864|fixed|1346362883|8193|8193
1785961316271|1060|mixed_30min_half_r2f_00002_67108864|rotating|1346371074|8193|8193
1785961321277|1060|mixed_30min_half_r2f_00002_67108864|fixed|1346362883|8193|8193
1785961321277|1060|mixed_30min_half_r2f_00002_67108864|rotating|1350565378|8193|8193
1785961324185|1060|mixed_30min_half_r2f_00002_67108864_terminal|fixed|1346371075|8193|8193
1785961324185|1060|mixed_30min_half_r2f_00002_67108864_terminal|rotating|1350565379|8193|8193
1785961324480|1061|mixed_30min_half_r2f_00003_4194304_active|fixed|1346362883|8193|8193
1785961324480|1061|mixed_30min_half_r2f_00003_4194304_active|rotating|1346371075|8193|8193
1785961328550|1061|mixed_30min_half_r2f_00003_4194304_terminal|fixed|1346371075|8193|8193
1785961328550|1061|mixed_30min_half_r2f_00003_4194304_terminal|rotating|1346371075|8193|8193
1785961328911|1062|mixed_30min_half_r2f_00004_16777216_active|fixed|1350557187|8193|8193
1785961328911|1062|mixed_30min_half_r2f_00004_16777216_active|rotating|1350565379|8193|8193
1785961334050|1062|mixed_30min_half_r2f_00004_16777216|fixed|1346362883|8193|8193
1785961334050|1062|mixed_30min_half_r2f_00004_16777216|rotating|1350565378|8193|8193
1785961339064|1062|mixed_30min_half_r2f_00004_16777216|fixed|1346362883|8193|8193
1785961339064|1062|mixed_30min_half_r2f_00004_16777216|rotating|1350565378|8193|8193
1785961343859|1062|mixed_30min_half_r2f_00004_16777216_terminal|fixed|1350565379|8193|8193
1785961343859|1062|mixed_30min_half_r2f_00004_16777216_terminal|rotating|1350565379|8193|8193
1785961344276|1063|mixed_30min_half_r2f_00005_67108864_active|fixed|1346362883|8193|8193
1785961344276|1063|mixed_30min_half_r2f_00005_67108864_active|rotating|1350565379|8193|8193
1785961349541|1063|mixed_30min_half_r2f_00005_67108864|fixed|1346362883|8193|8193
1785961349541|1063|mixed_30min_half_r2f_00005_67108864|rotating|1350565378|8193|8193
1785961354449|1063|mixed_30min_half_r2f_00005_67108864|fixed|1346362883|8193|8193
1785961354449|1063|mixed_30min_half_r2f_00005_67108864|rotating|1346371074|8193|8193
1785961359412|1063|mixed_30min_half_r2f_00005_67108864|fixed|1346362883|8193|8193
1785961359412|1063|mixed_30min_half_r2f_00005_67108864|rotating|1350565378|8193|8193
1785961364423|1063|mixed_30min_half_r2f_00005_67108864|fixed|1350557187|8193|8193
1785961364423|1063|mixed_30min_half_r2f_00005_67108864|rotating|1350565378|8193|8193
1785961369437|1063|mixed_30min_half_r2f_00005_67108864|fixed|1350557187|8193|8193
1785961369437|1063|mixed_30min_half_r2f_00005_67108864|rotating|1350565378|8193|8193
1785961374440|1063|mixed_30min_half_r2f_00005_67108864|fixed|1346362883|8193|8193
1785961374440|1063|mixed_30min_half_r2f_00005_67108864|rotating|1346371074|8193|8193
1785961379441|1063|mixed_30min_half_r2f_00005_67108864|fixed|1346362883|8193|8193
1785961379441|1063|mixed_30min_half_r2f_00005_67108864|rotating|1346371074|8193|8193
1785961384440|1063|mixed_30min_half_r2f_00005_67108864|fixed|1346362883|8193|8193
1785961384440|1063|mixed_30min_half_r2f_00005_67108864|rotating|1350565378|8193|8193
1785961389466|1063|mixed_30min_half_r2f_00005_67108864|fixed|1346362883|8193|8193
1785961389466|1063|mixed_30min_half_r2f_00005_67108864|rotating|1350565378|8193|8193
1785961394508|1063|mixed_30min_half_r2f_00005_67108864|fixed|1346362883|8193|8193
1785961394508|1063|mixed_30min_half_r2f_00005_67108864|rotating|1350565378|8193|8193
1785961399488|1063|mixed_30min_half_r2f_00005_67108864|fixed|1346362883|8193|8193
1785961399488|1063|mixed_30min_half_r2f_00005_67108864|rotating|1350565378|8193|8193
1785961402440|1063|mixed_30min_half_r2f_00005_67108864_terminal|fixed|1350565379|8193|8193
1785961402440|1063|mixed_30min_half_r2f_00005_67108864_terminal|rotating|1350565379|8193|8193
1785961402724|1064|mixed_30min_half_r2f_00006_4194304_active|fixed|1346362883|8193|8193
1785961402724|1064|mixed_30min_half_r2f_00006_4194304_active|rotating|1346371075|8193|8193
1785961406777|1064|mixed_30min_half_r2f_00006_4194304_terminal|fixed|1350565379|8193|8193
1785961406777|1064|mixed_30min_half_r2f_00006_4194304_terminal|rotating|1350565379|8193|8193
1785961407070|1065|mixed_30min_half_r2f_00007_16777216_active|fixed|1346362883|8193|8193
1785961407070|1065|mixed_30min_half_r2f_00007_16777216_active|rotating|1346371075|8193|8193
1785961412203|1065|mixed_30min_half_r2f_00007_16777216|fixed|1346362883|8193|8193
1785961412203|1065|mixed_30min_half_r2f_00007_16777216|rotating|1350565378|8193|8193
1785961417184|1065|mixed_30min_half_r2f_00007_16777216|fixed|1346362883|8193|8193
1785961417184|1065|mixed_30min_half_r2f_00007_16777216|rotating|1350565378|8193|8193
1785961421985|1065|mixed_30min_half_r2f_00007_16777216_terminal|fixed|1350565379|8193|8193
1785961421985|1065|mixed_30min_half_r2f_00007_16777216_terminal|rotating|1350565379|8193|8193
1785961422316|1066|mixed_30min_half_r2f_00008_67108864_active|fixed|1346362883|8193|8193
1785961422316|1066|mixed_30min_half_r2f_00008_67108864_active|rotating|1350565379|8193|8193
1785961427481|1066|mixed_30min_half_r2f_00008_67108864|fixed|1346362883|8193|8193
1785961427481|1066|mixed_30min_half_r2f_00008_67108864|rotating|1346371074|8193|8193
1785961432442|1066|mixed_30min_half_r2f_00008_67108864|fixed|1346362883|8193|8193
1785961432442|1066|mixed_30min_half_r2f_00008_67108864|rotating|1346371074|8193|8193
1785961437479|1066|mixed_30min_half_r2f_00008_67108864|fixed|1346362883|8193|8193
1785961437479|1066|mixed_30min_half_r2f_00008_67108864|rotating|1350565378|8193|8193
1785961442459|1066|mixed_30min_half_r2f_00008_67108864|fixed|1346362883|8193|8193
1785961442459|1066|mixed_30min_half_r2f_00008_67108864|rotating|1346371074|8193|8193
1785961447449|1066|mixed_30min_half_r2f_00008_67108864|fixed|1346362883|8193|8193
1785961447449|1066|mixed_30min_half_r2f_00008_67108864|rotating|1350565378|8193|8193
1785961452473|1066|mixed_30min_half_r2f_00008_67108864|fixed|1346362883|8193|8193
1785961452473|1066|mixed_30min_half_r2f_00008_67108864|rotating|1350565378|8193|8193
1785961457527|1066|mixed_30min_half_r2f_00008_67108864|fixed|1350557187|8193|8193
1785961457527|1066|mixed_30min_half_r2f_00008_67108864|rotating|1346371074|8193|8193
1785961462516|1066|mixed_30min_half_r2f_00008_67108864|fixed|1350557187|8193|8193
1785961462516|1066|mixed_30min_half_r2f_00008_67108864|rotating|1346371074|8193|8193
1785961467502|1066|mixed_30min_half_r2f_00008_67108864|fixed|1346362883|8193|8193
1785961467502|1066|mixed_30min_half_r2f_00008_67108864|rotating|1346371074|8193|8193
1785961472525|1066|mixed_30min_half_r2f_00008_67108864|fixed|1346362883|8193|8193
1785961472525|1066|mixed_30min_half_r2f_00008_67108864|rotating|1350565378|8193|8193
1785961477525|1066|mixed_30min_half_r2f_00008_67108864|fixed|1350557187|8193|8193
1785961477525|1066|mixed_30min_half_r2f_00008_67108864|rotating|1346371074|8193|8193
1785961480442|1066|mixed_30min_half_r2f_00008_67108864_terminal|fixed|1346371075|8193|8193
1785961480442|1066|mixed_30min_half_r2f_00008_67108864_terminal|rotating|1346371075|8193|8193
1785961480742|1067|mixed_30min_half_r2f_00009_4194304_active|fixed|1350557187|8193|8193
1785961480742|1067|mixed_30min_half_r2f_00009_4194304_active|rotating|1350565379|8193|8193
1785961484822|1067|mixed_30min_half_r2f_00009_4194304_terminal|fixed|1346371075|8193|8193
1785961484822|1067|mixed_30min_half_r2f_00009_4194304_terminal|rotating|1350565379|8193|8193
1785961485171|1068|mixed_30min_half_r2f_00010_16777216_active|fixed|1350557187|8193|8193
1785961485171|1068|mixed_30min_half_r2f_00010_16777216_active|rotating|1350565379|8193|8193
1785961490288|1068|mixed_30min_half_r2f_00010_16777216|fixed|1350557187|8193|8193
1785961490288|1068|mixed_30min_half_r2f_00010_16777216|rotating|1346371074|8193|8193
1785961495344|1068|mixed_30min_half_r2f_00010_16777216|fixed|1346362883|8193|8193
1785961495344|1068|mixed_30min_half_r2f_00010_16777216|rotating|1346371074|8193|8193
1785961500158|1068|mixed_30min_half_r2f_00010_16777216_terminal|fixed|1346371075|8193|8193
1785961500158|1068|mixed_30min_half_r2f_00010_16777216_terminal|rotating|1346371075|8193|8193
1785961500483|1069|mixed_30min_half_r2f_00011_67108864_active|fixed|1346362883|8193|8193
1785961500483|1069|mixed_30min_half_r2f_00011_67108864_active|rotating|1350565379|8193|8193
1785961505622|1069|mixed_30min_half_r2f_00011_67108864|fixed|1346362883|8193|8193
1785961505622|1069|mixed_30min_half_r2f_00011_67108864|rotating|1350565378|8193|8193
1785961510625|1069|mixed_30min_half_r2f_00011_67108864|fixed|1350557187|8193|8193
1785961510625|1069|mixed_30min_half_r2f_00011_67108864|rotating|1346371074|8193|8193
1785961515823|1069|mixed_30min_half_r2f_00011_67108864|fixed|1350557187|8193|8193
1785961515823|1069|mixed_30min_half_r2f_00011_67108864|rotating|1346371074|8193|8193
1785961520636|1069|mixed_30min_half_r2f_00011_67108864|fixed|1346362883|8193|8193
1785961520636|1069|mixed_30min_half_r2f_00011_67108864|rotating|1346371074|8193|8193
1785961525663|1069|mixed_30min_half_r2f_00011_67108864|fixed|1346362883|8193|8193
1785961525663|1069|mixed_30min_half_r2f_00011_67108864|rotating|1350565378|8193|8193
1785961530650|1069|mixed_30min_half_r2f_00011_67108864|fixed|1346362883|8193|8193
1785961530650|1069|mixed_30min_half_r2f_00011_67108864|rotating|1350565378|8193|8193
1785961535641|1069|mixed_30min_half_r2f_00011_67108864|fixed|1350557187|8193|8193
1785961535641|1069|mixed_30min_half_r2f_00011_67108864|rotating|1350565378|8193|8193
1785961540675|1069|mixed_30min_half_r2f_00011_67108864|fixed|1350557187|8193|8193
1785961540675|1069|mixed_30min_half_r2f_00011_67108864|rotating|1350565378|8193|8193
1785961545683|1069|mixed_30min_half_r2f_00011_67108864|fixed|1346362883|8193|8193
1785961545683|1069|mixed_30min_half_r2f_00011_67108864|rotating|1346371074|8193|8193
1785961550667|1069|mixed_30min_half_r2f_00011_67108864|fixed|1350557187|8193|8193
1785961550667|1069|mixed_30min_half_r2f_00011_67108864|rotating|1346371074|8193|8193
1785961555665|1069|mixed_30min_half_r2f_00011_67108864|fixed|1346362883|8193|8193
1785961555665|1069|mixed_30min_half_r2f_00011_67108864|rotating|1350565378|8193|8193
1785961558591|1069|mixed_30min_half_r2f_00011_67108864_terminal|fixed|1346371075|8193|8193
1785961558591|1069|mixed_30min_half_r2f_00011_67108864_terminal|rotating|1350565379|8193|8193
1785961558887|1070|mixed_30min_half_r2f_00012_4194304_active|fixed|1346362883|8193|8193
1785961558887|1070|mixed_30min_half_r2f_00012_4194304_active|rotating|1350565379|8193|8193
1785961562960|1070|mixed_30min_half_r2f_00012_4194304_terminal|fixed|1346371075|8193|8193
1785961562960|1070|mixed_30min_half_r2f_00012_4194304_terminal|rotating|1350565379|8193|8193
1785961563258|1071|mixed_30min_half_r2f_00013_16777216_active|fixed|1346362883|8193|8193
1785961563258|1071|mixed_30min_half_r2f_00013_16777216_active|rotating|1350565379|8193|8193
1785961568374|1071|mixed_30min_half_r2f_00013_16777216|fixed|1350557187|8193|8193
1785961568374|1071|mixed_30min_half_r2f_00013_16777216|rotating|1350565378|8193|8193
1785961573386|1071|mixed_30min_half_r2f_00013_16777216|fixed|1346362883|8193|8193
1785961573386|1071|mixed_30min_half_r2f_00013_16777216|rotating|1346371074|8193|8193
1785961578155|1071|mixed_30min_half_r2f_00013_16777216_terminal|fixed|1350565379|8193|8193
1785961578155|1071|mixed_30min_half_r2f_00013_16777216_terminal|rotating|1346371075|8193|8193
1785961578478|1072|mixed_30min_half_r2f_00014_16777216_active|fixed|1346362883|8193|8193
1785961578478|1072|mixed_30min_half_r2f_00014_16777216_active|rotating|1346371075|8193|8193
1785961583582|1072|mixed_30min_half_r2f_00014_16777216|fixed|1346362883|8193|8193
1785961583582|1072|mixed_30min_half_r2f_00014_16777216|rotating|1346371074|8193|8193
1785961588601|1072|mixed_30min_half_r2f_00014_16777216|fixed|1346362883|8193|8193
1785961588601|1072|mixed_30min_half_r2f_00014_16777216|rotating|1350565378|8193|8193
1785961593393|1072|mixed_30min_half_r2f_00014_16777216_terminal|fixed|1350565379|8193|8193
1785961593393|1072|mixed_30min_half_r2f_00014_16777216_terminal|rotating|1346371075|8193|8193
1785961593763|1073|mixed_30min_half_r2f_00015_4194304_active|fixed|1346362883|8193|8193
1785961593763|1073|mixed_30min_half_r2f_00015_4194304_active|rotating|1350565379|8193|8193
1785961597845|1073|mixed_30min_half_r2f_00015_4194304_terminal|fixed|1346371075|8193|8193
1785961597845|1073|mixed_30min_half_r2f_00015_4194304_terminal|rotating|1350565379|8193|8193
1785961598149|1074|mixed_30min_half_r2f_00016_16777216_active|fixed|1350557187|8193|8193
1785961598149|1074|mixed_30min_half_r2f_00016_16777216_active|rotating|1350565379|8193|8193
1785961603262|1074|mixed_30min_half_r2f_00016_16777216|fixed|1350557187|8193|8193
1785961603262|1074|mixed_30min_half_r2f_00016_16777216|rotating|1350565378|8193|8193
1785961608354|1074|mixed_30min_half_r2f_00016_16777216|fixed|1346362883|8193|8193
1785961608354|1074|mixed_30min_half_r2f_00016_16777216|rotating|1350565378|8193|8193
1785961613147|1074|mixed_30min_half_r2f_00016_16777216_terminal|fixed|1346371075|8193|8193
1785961613147|1074|mixed_30min_half_r2f_00016_16777216_terminal|rotating|1346371075|8193|8193
1785961613501|1075|mixed_30min_half_r2f_00017_16777216_active|fixed|1346362883|8193|8193
1785961613501|1075|mixed_30min_half_r2f_00017_16777216_active|rotating|1346371075|8193|8193
1785961618625|1075|mixed_30min_half_r2f_00017_16777216|fixed|1346362883|8193|8193
1785961618625|1075|mixed_30min_half_r2f_00017_16777216|rotating|1346371074|8193|8193
1785961623614|1075|mixed_30min_half_r2f_00017_16777216|fixed|1350557187|8193|8193
1785961623614|1075|mixed_30min_half_r2f_00017_16777216|rotating|1346371074|8193|8193
1785961628413|1075|mixed_30min_half_r2f_00017_16777216_terminal|fixed|1350565379|8193|8193
1785961628413|1075|mixed_30min_half_r2f_00017_16777216_terminal|rotating|1346371075|8193|8193
1785961628716|1076|mixed_30min_half_r2f_00018_4194304_active|fixed|1346362883|8193|8193
1785961628716|1076|mixed_30min_half_r2f_00018_4194304_active|rotating|1346371075|8193|8193
1785961632783|1076|mixed_30min_half_r2f_00018_4194304_terminal|fixed|1346371075|8193|8193
1785961632783|1076|mixed_30min_half_r2f_00018_4194304_terminal|rotating|1346371075|8193|8193
1785961633102|1077|mixed_30min_half_r2f_00019_4194304_active|fixed|1346362883|8193|8193
1785961633102|1077|mixed_30min_half_r2f_00019_4194304_active|rotating|1350565379|8193|8193
1785961637155|1077|mixed_30min_half_r2f_00019_4194304_terminal|fixed|1350565379|8193|8193
1785961637155|1077|mixed_30min_half_r2f_00019_4194304_terminal|rotating|1350565379|8193|8193
1785961637495|1078|mixed_30min_half_r2f_00020_4194304_active|fixed|1346362883|8193|8193
1785961637495|1078|mixed_30min_half_r2f_00020_4194304_active|rotating|1350565379|8193|8193
1785961641578|1078|mixed_30min_half_r2f_00020_4194304_terminal|fixed|1350565379|8193|8193
1785961641578|1078|mixed_30min_half_r2f_00020_4194304_terminal|rotating|1346371075|8193|8193
1785961641873|1079|mixed_30min_half_r2f_00021_4194304_active|fixed|1350557187|8193|8193
1785961641873|1079|mixed_30min_half_r2f_00021_4194304_active|rotating|1346371075|8193|8193
1785961645957|1079|mixed_30min_half_r2f_00021_4194304_terminal|fixed|1350565379|8193|8193
1785961645957|1079|mixed_30min_half_r2f_00021_4194304_terminal|rotating|1346371075|8193|8193
1785961646292|1080|mixed_30min_half_r2f_00022_4194304_active|fixed|1346362883|8193|8193
1785961646292|1080|mixed_30min_half_r2f_00022_4194304_active|rotating|1350565379|8193|8193
1785961650361|1080|mixed_30min_half_r2f_00022_4194304_terminal|fixed|1346371075|8193|8193
1785961650361|1080|mixed_30min_half_r2f_00022_4194304_terminal|rotating|1346371075|8193|8193
1785961650696|1081|mixed_30min_half_r2f_00023_1048576_active|fixed|1346362883|8193|8193
1785961650696|1081|mixed_30min_half_r2f_00023_1048576_active|rotating|1350565379|8193|8193
1785961652076|1081|mixed_30min_half_r2f_00023_1048576_terminal|fixed|1346371075|8193|8193
1785961652076|1081|mixed_30min_half_r2f_00023_1048576_terminal|rotating|1350565379|8193|8193
1785961652390|1082|mixed_30min_half_r2f_00024_1048576_active|fixed|1346362883|8193|8193
1785961652390|1082|mixed_30min_half_r2f_00024_1048576_active|rotating|1350565379|8193|8193
1785961653770|1082|mixed_30min_half_r2f_00024_1048576_terminal|fixed|1350565379|8193|8193
1785961653770|1082|mixed_30min_half_r2f_00024_1048576_terminal|rotating|1350565379|8193|8193
1785961654094|1083|mixed_30min_half_r2f_00025_1048576_active|fixed|1346362883|8193|8193
1785961654094|1083|mixed_30min_half_r2f_00025_1048576_active|rotating|1346371075|8193|8193
1785961655533|1083|mixed_30min_half_r2f_00025_1048576_terminal|fixed|1350565379|8193|8193
1785961655533|1083|mixed_30min_half_r2f_00025_1048576_terminal|rotating|1346371075|8193|8193
1785961655816|1084|mixed_30min_half_r2f_00026_1048576_active|fixed|1346362883|8193|8193
1785961655816|1084|mixed_30min_half_r2f_00026_1048576_active|rotating|1346371075|8193|8193
1785961657182|1084|mixed_30min_half_r2f_00026_1048576_terminal|fixed|1346371075|8193|8193
1785961657182|1084|mixed_30min_half_r2f_00026_1048576_terminal|rotating|1346371075|8193|8193
1785961657521|1085|mixed_30min_half_r2f_00027_1048576_active|fixed|1346362883|8193|8193
1785961657521|1085|mixed_30min_half_r2f_00027_1048576_active|rotating|1346371075|8193|8193
1785961658921|1085|mixed_30min_half_r2f_00027_1048576_terminal|fixed|1346371075|8193|8193
1785961658921|1085|mixed_30min_half_r2f_00027_1048576_terminal|rotating|1346371075|8193|8193
1785961659205|1086|mixed_30min_half_r2f_00028_1048576_active|fixed|1350557187|8193|8193
1785961659205|1086|mixed_30min_half_r2f_00028_1048576_active|rotating|1350565379|8193|8193
1785961660566|1086|mixed_30min_half_r2f_00028_1048576_terminal|fixed|1350565379|8193|8193
1785961660566|1086|mixed_30min_half_r2f_00028_1048576_terminal|rotating|1350565379|8193|8193
1785961666251|1087|mixed_30min_switch_00_d0_00000_4194304_active|fixed|1350565379|8193|8193
1785961666251|1087|mixed_30min_switch_00_d0_00000_4194304_active|rotating|1346362883|8193|8193
1785961670376|1087|mixed_30min_switch_00_d0_00000_4194304_terminal|fixed|1350565379|8193|8193
1785961670376|1087|mixed_30min_switch_00_d0_00000_4194304_terminal|rotating|1346371075|8193|8193
1785961670707|1088|mixed_30min_switch_00_d0_00001_4194304_active|fixed|1346371075|8193|8193
1785961670707|1088|mixed_30min_switch_00_d0_00001_4194304_active|rotating|1350557187|8193|8193
1785961674750|1088|mixed_30min_switch_00_d0_00001_4194304_terminal|fixed|1350565379|8193|8193
1785961674750|1088|mixed_30min_switch_00_d0_00001_4194304_terminal|rotating|1346371075|8193|8193
1785961675095|1089|mixed_30min_switch_00_d0_00002_4194304_active|fixed|1346371075|8193|8193
1785961675095|1089|mixed_30min_switch_00_d0_00002_4194304_active|rotating|1350557187|8193|8193
1785961679190|1089|mixed_30min_switch_00_d0_00002_4194304_terminal|fixed|1350565379|8193|8193
1785961679190|1089|mixed_30min_switch_00_d0_00002_4194304_terminal|rotating|1350565379|8193|8193
1785961679521|1090|mixed_30min_switch_00_d0_00003_1048576_active|fixed|1350565379|8193|8193
1785961679521|1090|mixed_30min_switch_00_d0_00003_1048576_active|rotating|1350557187|8193|8193
1785961680932|1090|mixed_30min_switch_00_d0_00003_1048576_terminal|fixed|1350565379|8193|8193
1785961680932|1090|mixed_30min_switch_00_d0_00003_1048576_terminal|rotating|1350565379|8193|8193
1785961681267|1091|mixed_30min_switch_00_d0_00004_1048576_active|fixed|1346371075|8193|8193
1785961681267|1091|mixed_30min_switch_00_d0_00004_1048576_active|rotating|1346362883|8193|8193
1785961682691|1091|mixed_30min_switch_00_d0_00004_1048576_terminal|fixed|1346371075|8193|8193
1785961682691|1091|mixed_30min_switch_00_d0_00004_1048576_terminal|rotating|1350565379|8193|8193
1785961682995|1092|mixed_30min_switch_00_d0_00005_1048576_active|fixed|1346371075|8193|8193
1785961682995|1092|mixed_30min_switch_00_d0_00005_1048576_active|rotating|1346362883|8193|8193
1785961684404|1092|mixed_30min_switch_00_d0_00005_1048576_terminal|fixed|1350565379|8193|8193
1785961684404|1092|mixed_30min_switch_00_d0_00005_1048576_terminal|rotating|1346371075|8193|8193
1785961684767|1093|mixed_30min_switch_00_d0_00006_1048576_active|fixed|1346371075|8193|8193
1785961684767|1093|mixed_30min_switch_00_d0_00006_1048576_active|rotating|1346362883|8193|8193
1785961686307|1093|mixed_30min_switch_00_d0_00006_1048576_terminal|fixed|1350565379|8193|8193
1785961686307|1093|mixed_30min_switch_00_d0_00006_1048576_terminal|rotating|1346371075|8193|8193
1785961686742|1094|mixed_30min_switch_00_d0_00007_1048576_active|fixed|1350565379|8193|8193
1785961686742|1094|mixed_30min_switch_00_d0_00007_1048576_active|rotating|1346362883|8193|8193
1785961688246|1094|mixed_30min_switch_00_d0_00007_1048576_terminal|fixed|1350565379|8193|8193
1785961688246|1094|mixed_30min_switch_00_d0_00007_1048576_terminal|rotating|1346371075|8193|8193
1785961688677|1095|mixed_30min_switch_00_d0_00008_1048576_active|fixed|1346371075|8193|8193
1785961688677|1095|mixed_30min_switch_00_d0_00008_1048576_active|rotating|1346362883|8193|8193
1785961690126|1095|mixed_30min_switch_00_d0_00008_1048576_terminal|fixed|1350565379|8193|8193
1785961690126|1095|mixed_30min_switch_00_d0_00008_1048576_terminal|rotating|1350565379|8193|8193
1785961696320|1096|mixed_30min_switch_00_d1_00000_4194304_active|fixed|1350557187|8193|8193
1785961696320|1096|mixed_30min_switch_00_d1_00000_4194304_active|rotating|1346371075|8193|8193
1785961700421|1096|mixed_30min_switch_00_d1_00000_4194304_terminal|fixed|1350565379|8193|8193
1785961700421|1096|mixed_30min_switch_00_d1_00000_4194304_terminal|rotating|1350565379|8193|8193
1785961700739|1097|mixed_30min_switch_00_d1_00001_4194304_active|fixed|1346362883|8193|8193
1785961700739|1097|mixed_30min_switch_00_d1_00001_4194304_active|rotating|1350565379|8193|8193
1785961704821|1097|mixed_30min_switch_00_d1_00001_4194304_terminal|fixed|1346371075|8193|8193
1785961704821|1097|mixed_30min_switch_00_d1_00001_4194304_terminal|rotating|1350565379|8193|8193
1785961705144|1098|mixed_30min_switch_00_d1_00002_4194304_active|fixed|1346362883|8193|8193
1785961705144|1098|mixed_30min_switch_00_d1_00002_4194304_active|rotating|1350565379|8193|8193
1785961709207|1098|mixed_30min_switch_00_d1_00002_4194304_terminal|fixed|1346371075|8193|8193
1785961709207|1098|mixed_30min_switch_00_d1_00002_4194304_terminal|rotating|1346371075|8193|8193
1785961709546|1099|mixed_30min_switch_00_d1_00003_1048576_active|fixed|1346362883|8193|8193
1785961709546|1099|mixed_30min_switch_00_d1_00003_1048576_active|rotating|1350565379|8193|8193
1785961710923|1099|mixed_30min_switch_00_d1_00003_1048576_terminal|fixed|1350565379|8193|8193
1785961710923|1099|mixed_30min_switch_00_d1_00003_1048576_terminal|rotating|1350565379|8193|8193
1785961711232|1100|mixed_30min_switch_00_d1_00004_1048576_active|fixed|1350557187|8193|8193
1785961711232|1100|mixed_30min_switch_00_d1_00004_1048576_active|rotating|1346371075|8193|8193
1785961712604|1100|mixed_30min_switch_00_d1_00004_1048576_terminal|fixed|1350565379|8193|8193
1785961712604|1100|mixed_30min_switch_00_d1_00004_1048576_terminal|rotating|1346371075|8193|8193
1785961712941|1101|mixed_30min_switch_00_d1_00005_1048576_active|fixed|1346362883|8193|8193
1785961712941|1101|mixed_30min_switch_00_d1_00005_1048576_active|rotating|1346371075|8193|8193
1785961714381|1101|mixed_30min_switch_00_d1_00005_1048576_terminal|fixed|1350565379|8193|8193
1785961714381|1101|mixed_30min_switch_00_d1_00005_1048576_terminal|rotating|1346371075|8193|8193
1785961714686|1102|mixed_30min_switch_00_d1_00006_1048576_active|fixed|1350557187|8193|8193
1785961714686|1102|mixed_30min_switch_00_d1_00006_1048576_active|rotating|1350565379|8193|8193
1785961716041|1102|mixed_30min_switch_00_d1_00006_1048576_terminal|fixed|1350565379|8193|8193
1785961716041|1102|mixed_30min_switch_00_d1_00006_1048576_terminal|rotating|1346371075|8193|8193
1785961716350|1103|mixed_30min_switch_00_d1_00007_1048576_active|fixed|1346362883|8193|8193
1785961716350|1103|mixed_30min_switch_00_d1_00007_1048576_active|rotating|1346371075|8193|8193
1785961717701|1103|mixed_30min_switch_00_d1_00007_1048576_terminal|fixed|1350565379|8193|8193
1785961717701|1103|mixed_30min_switch_00_d1_00007_1048576_terminal|rotating|1350565379|8193|8193
1785961718019|1104|mixed_30min_switch_00_d1_00008_1048576_active|fixed|1346362883|8193|8193
1785961718019|1104|mixed_30min_switch_00_d1_00008_1048576_active|rotating|1346371075|8193|8193
1785961719380|1104|mixed_30min_switch_00_d1_00008_1048576_terminal|fixed|1346371075|8193|8193
1785961719380|1104|mixed_30min_switch_00_d1_00008_1048576_terminal|rotating|1346371075|8193|8193
1785961719692|1105|mixed_30min_switch_00_d1_00009_1048576_active|fixed|1346362883|8193|8193
1785961719692|1105|mixed_30min_switch_00_d1_00009_1048576_active|rotating|1350565379|8193|8193
1785961721036|1105|mixed_30min_switch_00_d1_00009_1048576_terminal|fixed|1350565379|8193|8193
1785961721036|1105|mixed_30min_switch_00_d1_00009_1048576_terminal|rotating|1350565379|8193|8193
1785961726257|1106|mixed_30min_switch_01_d0_00000_4194304_active|fixed|1350565379|8193|8193
1785961726257|1106|mixed_30min_switch_01_d0_00000_4194304_active|rotating|1346362883|8193|8193
1785961730400|1106|mixed_30min_switch_01_d0_00000_4194304_terminal|fixed|1350565379|8193|8193
1785961730400|1106|mixed_30min_switch_01_d0_00000_4194304_terminal|rotating|1350565379|8193|8193
1785961730742|1107|mixed_30min_switch_01_d0_00001_4194304_active|fixed|1346371075|8193|8193
1785961730742|1107|mixed_30min_switch_01_d0_00001_4194304_active|rotating|1350557187|8193|8193
1785961734878|1107|mixed_30min_switch_01_d0_00001_4194304_terminal|fixed|1346371075|8193|8193
1785961734878|1107|mixed_30min_switch_01_d0_00001_4194304_terminal|rotating|1350565379|8193|8193
1785961735228|1108|mixed_30min_switch_01_d0_00002_4194304_active|fixed|1346371075|8193|8193
1785961735228|1108|mixed_30min_switch_01_d0_00002_4194304_active|rotating|1350557187|8193|8193
1785961739375|1108|mixed_30min_switch_01_d0_00002_4194304_terminal|fixed|1346371075|8193|8193
1785961739375|1108|mixed_30min_switch_01_d0_00002_4194304_terminal|rotating|1350565379|8193|8193
1785961739691|1109|mixed_30min_switch_01_d0_00003_1048576_active|fixed|1350565379|8193|8193
1785961739691|1109|mixed_30min_switch_01_d0_00003_1048576_active|rotating|1350557187|8193|8193
1785961741125|1109|mixed_30min_switch_01_d0_00003_1048576_terminal|fixed|1350565379|8193|8193
1785961741125|1109|mixed_30min_switch_01_d0_00003_1048576_terminal|rotating|1346371075|8193|8193
1785961741682|1110|mixed_30min_switch_01_d0_00004_1048576_active|fixed|1350565379|8193|8193
1785961741682|1110|mixed_30min_switch_01_d0_00004_1048576_active|rotating|1346362883|8193|8193
1785961743217|1110|mixed_30min_switch_01_d0_00004_1048576_terminal|fixed|1350565379|8193|8193
1785961743217|1110|mixed_30min_switch_01_d0_00004_1048576_terminal|rotating|1350565379|8193|8193
1785961743598|1111|mixed_30min_switch_01_d0_00005_1048576_active|fixed|1346371075|8193|8193
1785961743598|1111|mixed_30min_switch_01_d0_00005_1048576_active|rotating|1350557187|8193|8193
1785961745045|1111|mixed_30min_switch_01_d0_00005_1048576_terminal|fixed|1350565379|8193|8193
1785961745045|1111|mixed_30min_switch_01_d0_00005_1048576_terminal|rotating|1350565379|8193|8193
1785961745349|1112|mixed_30min_switch_01_d0_00006_1048576_active|fixed|1350565379|8193|8193
1785961745349|1112|mixed_30min_switch_01_d0_00006_1048576_active|rotating|1346362883|8193|8193
1785961746823|1112|mixed_30min_switch_01_d0_00006_1048576_terminal|fixed|1346371075|8193|8193
1785961746823|1112|mixed_30min_switch_01_d0_00006_1048576_terminal|rotating|1350565379|8193|8193
1785961747151|1113|mixed_30min_switch_01_d0_00007_1048576_active|fixed|1346371075|8193|8193
1785961747151|1113|mixed_30min_switch_01_d0_00007_1048576_active|rotating|1346362883|8193|8193
1785961748534|1113|mixed_30min_switch_01_d0_00007_1048576_terminal|fixed|1350565379|8193|8193
1785961748534|1113|mixed_30min_switch_01_d0_00007_1048576_terminal|rotating|1346371075|8193|8193
1785961748833|1114|mixed_30min_switch_01_d0_00008_1048576_active|fixed|1346371075|8193|8193
1785961748833|1114|mixed_30min_switch_01_d0_00008_1048576_active|rotating|1350557187|8193|8193
1785961750221|1114|mixed_30min_switch_01_d0_00008_1048576_terminal|fixed|1346371075|8193|8193
1785961750221|1114|mixed_30min_switch_01_d0_00008_1048576_terminal|rotating|1346371075|8193|8193
1785961756252|1115|mixed_30min_switch_01_d1_00000_4194304_active|fixed|1346362883|8193|8193
1785961756252|1115|mixed_30min_switch_01_d1_00000_4194304_active|rotating|1346371075|8193|8193
1785961760346|1115|mixed_30min_switch_01_d1_00000_4194304_terminal|fixed|1346371075|8193|8193
1785961760346|1115|mixed_30min_switch_01_d1_00000_4194304_terminal|rotating|1346371075|8193|8193
1785961760680|1116|mixed_30min_switch_01_d1_00001_4194304_active|fixed|1350557187|8193|8193
1785961760680|1116|mixed_30min_switch_01_d1_00001_4194304_active|rotating|1350565379|8193|8193
1785961764767|1116|mixed_30min_switch_01_d1_00001_4194304_terminal|fixed|1346371075|8193|8193
1785961764767|1116|mixed_30min_switch_01_d1_00001_4194304_terminal|rotating|1350565379|8193|8193
1785961765072|1117|mixed_30min_switch_01_d1_00002_4194304_active|fixed|1350557187|8193|8193
1785961765072|1117|mixed_30min_switch_01_d1_00002_4194304_active|rotating|1350565379|8193|8193
1785961769114|1117|mixed_30min_switch_01_d1_00002_4194304_terminal|fixed|1350565379|8193|8193
1785961769114|1117|mixed_30min_switch_01_d1_00002_4194304_terminal|rotating|1350565379|8193|8193
1785961769458|1118|mixed_30min_switch_01_d1_00003_1048576_active|fixed|1350557187|8193|8193
1785961769458|1118|mixed_30min_switch_01_d1_00003_1048576_active|rotating|1350565379|8193|8193
1785961770845|1118|mixed_30min_switch_01_d1_00003_1048576_terminal|fixed|1350565379|8193|8193
1785961770845|1118|mixed_30min_switch_01_d1_00003_1048576_terminal|rotating|1350565379|8193|8193
1785961771152|1119|mixed_30min_switch_01_d1_00004_1048576_active|fixed|1350557187|8193|8193
1785961771152|1119|mixed_30min_switch_01_d1_00004_1048576_active|rotating|1350565379|8193|8193
1785961772559|1119|mixed_30min_switch_01_d1_00004_1048576_terminal|fixed|1346371075|8193|8193
1785961772559|1119|mixed_30min_switch_01_d1_00004_1048576_terminal|rotating|1346371075|8193|8193
1785961772906|1120|mixed_30min_switch_01_d1_00005_1048576_active|fixed|1346362883|8193|8193
1785961772906|1120|mixed_30min_switch_01_d1_00005_1048576_active|rotating|1346371075|8193|8193
1785961774337|1120|mixed_30min_switch_01_d1_00005_1048576_terminal|fixed|1346371075|8193|8193
1785961774337|1120|mixed_30min_switch_01_d1_00005_1048576_terminal|rotating|1350565379|8193|8193
1785961774663|1121|mixed_30min_switch_01_d1_00006_1048576_active|fixed|1350557187|8193|8193
1785961774663|1121|mixed_30min_switch_01_d1_00006_1048576_active|rotating|1350565379|8193|8193
1785961776061|1121|mixed_30min_switch_01_d1_00006_1048576_terminal|fixed|1346371075|8193|8193
1785961776061|1121|mixed_30min_switch_01_d1_00006_1048576_terminal|rotating|1350565379|8193|8193
1785961776379|1122|mixed_30min_switch_01_d1_00007_1048576_active|fixed|1346362883|8193|8193
1785961776379|1122|mixed_30min_switch_01_d1_00007_1048576_active|rotating|1350565379|8193|8193
1785961777773|1122|mixed_30min_switch_01_d1_00007_1048576_terminal|fixed|1346371075|8193|8193
1785961777773|1122|mixed_30min_switch_01_d1_00007_1048576_terminal|rotating|1350565379|8193|8193
1785961778079|1123|mixed_30min_switch_01_d1_00008_1048576_active|fixed|1350557187|8193|8193
1785961778079|1123|mixed_30min_switch_01_d1_00008_1048576_active|rotating|1350565379|8193|8193
1785961779485|1123|mixed_30min_switch_01_d1_00008_1048576_terminal|fixed|1350565379|8193|8193
1785961779485|1123|mixed_30min_switch_01_d1_00008_1048576_terminal|rotating|1346371075|8193|8193
1785961779793|1124|mixed_30min_switch_01_d1_00009_1048576_active|fixed|1346362883|8193|8193
1785961779793|1124|mixed_30min_switch_01_d1_00009_1048576_active|rotating|1350565379|8193|8193
1785961781172|1124|mixed_30min_switch_01_d1_00009_1048576_terminal|fixed|1350565379|8193|8193
1785961781172|1124|mixed_30min_switch_01_d1_00009_1048576_terminal|rotating|1346371075|8193|8193
1785961786245|1125|mixed_30min_switch_02_d0_00000_4194304_active|fixed|1346371075|8193|8193
1785961786245|1125|mixed_30min_switch_02_d0_00000_4194304_active|rotating|1346362883|8193|8193
1785961790535|1125|mixed_30min_switch_02_d0_00000_4194304_terminal|fixed|1346371075|8193|8193
1785961790535|1125|mixed_30min_switch_02_d0_00000_4194304_terminal|rotating|1346371075|8193|8193
1785961790921|1126|mixed_30min_switch_02_d0_00001_4194304_active|fixed|1350565379|8193|8193
1785961790921|1126|mixed_30min_switch_02_d0_00001_4194304_active|rotating|1346362883|8193|8193
1785961795144|1126|mixed_30min_switch_02_d0_00001_4194304_terminal|fixed|1346371075|8193|8193
1785961795144|1126|mixed_30min_switch_02_d0_00001_4194304_terminal|rotating|1350565379|8193|8193
1785961795510|1127|mixed_30min_switch_02_d0_00002_4194304_active|fixed|1350565379|8193|8193
1785961795510|1127|mixed_30min_switch_02_d0_00002_4194304_active|rotating|1346362883|8193|8193
1785961799635|1127|mixed_30min_switch_02_d0_00002_4194304_terminal|fixed|1350565379|8193|8193
1785961799635|1127|mixed_30min_switch_02_d0_00002_4194304_terminal|rotating|1350565379|8193|8193
1785961799966|1128|mixed_30min_switch_02_d0_00003_1048576_active|fixed|1346371075|8193|8193
1785961799966|1128|mixed_30min_switch_02_d0_00003_1048576_active|rotating|1346362883|8193|8193
1785961801416|1128|mixed_30min_switch_02_d0_00003_1048576_terminal|fixed|1346371075|8193|8193
1785961801416|1128|mixed_30min_switch_02_d0_00003_1048576_terminal|rotating|1350565379|8193|8193
1785961801711|1129|mixed_30min_switch_02_d0_00004_1048576_active|fixed|1346371075|8193|8193
1785961801711|1129|mixed_30min_switch_02_d0_00004_1048576_active|rotating|1346362883|8193|8193
1785961803111|1129|mixed_30min_switch_02_d0_00004_1048576_terminal|fixed|1350565379|8193|8193
1785961803111|1129|mixed_30min_switch_02_d0_00004_1048576_terminal|rotating|1350565379|8193|8193
1785961803450|1130|mixed_30min_switch_02_d0_00005_1048576_active|fixed|1346371075|8193|8193
1785961803450|1130|mixed_30min_switch_02_d0_00005_1048576_active|rotating|1350557187|8193|8193
1785961804906|1130|mixed_30min_switch_02_d0_00005_1048576_terminal|fixed|1350565379|8193|8193
1785961804906|1130|mixed_30min_switch_02_d0_00005_1048576_terminal|rotating|1346371075|8193|8193
1785961805196|1131|mixed_30min_switch_02_d0_00006_1048576_active|fixed|1346371075|8193|8193
1785961805196|1131|mixed_30min_switch_02_d0_00006_1048576_active|rotating|1350557187|8193|8193
1785961806581|1131|mixed_30min_switch_02_d0_00006_1048576_terminal|fixed|1346371075|8193|8193
1785961806581|1131|mixed_30min_switch_02_d0_00006_1048576_terminal|rotating|1346371075|8193|8193
1785961806917|1132|mixed_30min_switch_02_d0_00007_1048576_active|fixed|1346371075|8193|8193
1785961806917|1132|mixed_30min_switch_02_d0_00007_1048576_active|rotating|1350557187|8193|8193
1785961808317|1132|mixed_30min_switch_02_d0_00007_1048576_terminal|fixed|1350565379|8193|8193
1785961808317|1132|mixed_30min_switch_02_d0_00007_1048576_terminal|rotating|1350565379|8193|8193
1785961808637|1133|mixed_30min_switch_02_d0_00008_1048576_active|fixed|1346371075|8193|8193
1785961808637|1133|mixed_30min_switch_02_d0_00008_1048576_active|rotating|1350557187|8193|8193
1785961809984|1133|mixed_30min_switch_02_d0_00008_1048576_terminal|fixed|1350565379|8193|8193
1785961809984|1133|mixed_30min_switch_02_d0_00008_1048576_terminal|rotating|1350565379|8193|8193
1785961816260|1134|mixed_30min_switch_02_d1_00000_4194304_active|fixed|1346362883|8193|8193
1785961816260|1134|mixed_30min_switch_02_d1_00000_4194304_active|rotating|1346371075|8193|8193
1785961820383|1134|mixed_30min_switch_02_d1_00000_4194304_terminal|fixed|1350565379|8193|8193
1785961820383|1134|mixed_30min_switch_02_d1_00000_4194304_terminal|rotating|1350565379|8193|8193
1785961820698|1135|mixed_30min_switch_02_d1_00001_4194304_active|fixed|1350557187|8193|8193
1785961820698|1135|mixed_30min_switch_02_d1_00001_4194304_active|rotating|1346371075|8193|8193
1785961824777|1135|mixed_30min_switch_02_d1_00001_4194304_terminal|fixed|1346371075|8193|8193
1785961824777|1135|mixed_30min_switch_02_d1_00001_4194304_terminal|rotating|1350565379|8193|8193
1785961825112|1136|mixed_30min_switch_02_d1_00002_4194304_active|fixed|1346362883|8193|8193
1785961825112|1136|mixed_30min_switch_02_d1_00002_4194304_active|rotating|1350565379|8193|8193
1785961829187|1136|mixed_30min_switch_02_d1_00002_4194304_terminal|fixed|1350565379|8193|8193
1785961829187|1136|mixed_30min_switch_02_d1_00002_4194304_terminal|rotating|1350565379|8193|8193
1785961829517|1137|mixed_30min_switch_02_d1_00003_1048576_active|fixed|1350557187|8193|8193
1785961829517|1137|mixed_30min_switch_02_d1_00003_1048576_active|rotating|1346371075|8193|8193
1785961830940|1137|mixed_30min_switch_02_d1_00003_1048576_terminal|fixed|1346371075|8193|8193
1785961830940|1137|mixed_30min_switch_02_d1_00003_1048576_terminal|rotating|1350565379|8193|8193
1785961831246|1138|mixed_30min_switch_02_d1_00004_1048576_active|fixed|1346362883|8193|8193
1785961831246|1138|mixed_30min_switch_02_d1_00004_1048576_active|rotating|1346371075|8193|8193
1785961832606|1138|mixed_30min_switch_02_d1_00004_1048576_terminal|fixed|1350565379|8193|8193
1785961832606|1138|mixed_30min_switch_02_d1_00004_1048576_terminal|rotating|1346371075|8193|8193
1785961832975|1139|mixed_30min_switch_02_d1_00005_1048576_active|fixed|1350557187|8193|8193
1785961832975|1139|mixed_30min_switch_02_d1_00005_1048576_active|rotating|1346371075|8193|8193
1785961834390|1139|mixed_30min_switch_02_d1_00005_1048576_terminal|fixed|1346371075|8193|8193
1785961834390|1139|mixed_30min_switch_02_d1_00005_1048576_terminal|rotating|1350565379|8193|8193
1785961834702|1140|mixed_30min_switch_02_d1_00006_1048576_active|fixed|1346362883|8193|8193
1785961834702|1140|mixed_30min_switch_02_d1_00006_1048576_active|rotating|1346371075|8193|8193
1785961836119|1140|mixed_30min_switch_02_d1_00006_1048576_terminal|fixed|1350565379|8193|8193
1785961836119|1140|mixed_30min_switch_02_d1_00006_1048576_terminal|rotating|1346371075|8193|8193
1785961836451|1141|mixed_30min_switch_02_d1_00007_1048576_active|fixed|1346362883|8193|8193
1785961836451|1141|mixed_30min_switch_02_d1_00007_1048576_active|rotating|1346371075|8193|8193
1785961837821|1141|mixed_30min_switch_02_d1_00007_1048576_terminal|fixed|1346371075|8193|8193
1785961837821|1141|mixed_30min_switch_02_d1_00007_1048576_terminal|rotating|1350565379|8193|8193
1785961838126|1142|mixed_30min_switch_02_d1_00008_1048576_active|fixed|1350557187|8193|8193
1785961838126|1142|mixed_30min_switch_02_d1_00008_1048576_active|rotating|1350565379|8193|8193
1785961839593|1142|mixed_30min_switch_02_d1_00008_1048576_terminal|fixed|1346371075|8193|8193
1785961839593|1142|mixed_30min_switch_02_d1_00008_1048576_terminal|rotating|1346371075|8193|8193
1785961840055|1143|mixed_30min_switch_02_d1_00009_1048576_active|fixed|1350557187|8193|8193
1785961840055|1143|mixed_30min_switch_02_d1_00009_1048576_active|rotating|1346371075|8193|8193
1785961841557|1143|mixed_30min_switch_02_d1_00009_1048576_terminal|fixed|1350565379|8193|8193
1785961841557|1143|mixed_30min_switch_02_d1_00009_1048576_terminal|rotating|1350565379|8193|8193
1785961846271|1144|mixed_30min_switch_03_d0_00000_4194304_active|fixed|1346371075|8193|8193
1785961846271|1144|mixed_30min_switch_03_d0_00000_4194304_active|rotating|1346362883|8193|8193
1785961850450|1144|mixed_30min_switch_03_d0_00000_4194304_terminal|fixed|1346371075|8193|8193
1785961850450|1144|mixed_30min_switch_03_d0_00000_4194304_terminal|rotating|1346371075|8193|8193
1785961850800|1145|mixed_30min_switch_03_d0_00001_4194304_active|fixed|1346371075|8193|8193
1785961850800|1145|mixed_30min_switch_03_d0_00001_4194304_active|rotating|1350557187|8193|8193
1785961854849|1145|mixed_30min_switch_03_d0_00001_4194304_terminal|fixed|1346371075|8193|8193
1785961854849|1145|mixed_30min_switch_03_d0_00001_4194304_terminal|rotating|1346371075|8193|8193
1785961855164|1146|mixed_30min_switch_03_d0_00002_4194304_active|fixed|1350565379|8193|8193
1785961855164|1146|mixed_30min_switch_03_d0_00002_4194304_active|rotating|1346362883|8193|8193
1785961859249|1146|mixed_30min_switch_03_d0_00002_4194304_terminal|fixed|1350565379|8193|8193
1785961859249|1146|mixed_30min_switch_03_d0_00002_4194304_terminal|rotating|1346371075|8193|8193
1785961859548|1147|mixed_30min_switch_03_d0_00003_1048576_active|fixed|1350565379|8193|8193
1785961859548|1147|mixed_30min_switch_03_d0_00003_1048576_active|rotating|1346362883|8193|8193
1785961860951|1147|mixed_30min_switch_03_d0_00003_1048576_terminal|fixed|1350565379|8193|8193
1785961860951|1147|mixed_30min_switch_03_d0_00003_1048576_terminal|rotating|1346371075|8193|8193
1785961861284|1148|mixed_30min_switch_03_d0_00004_1048576_active|fixed|1350565379|8193|8193
1785961861284|1148|mixed_30min_switch_03_d0_00004_1048576_active|rotating|1350557187|8193|8193
1785961862663|1148|mixed_30min_switch_03_d0_00004_1048576_terminal|fixed|1350565379|8193|8193
1785961862663|1148|mixed_30min_switch_03_d0_00004_1048576_terminal|rotating|1346371075|8193|8193
1785961862989|1149|mixed_30min_switch_03_d0_00005_1048576_active|fixed|1346371075|8193|8193
1785961862989|1149|mixed_30min_switch_03_d0_00005_1048576_active|rotating|1346362883|8193|8193
1785961864426|1149|mixed_30min_switch_03_d0_00005_1048576_terminal|fixed|1350565379|8193|8193
1785961864426|1149|mixed_30min_switch_03_d0_00005_1048576_terminal|rotating|1346371075|8193|8193
1785961864737|1150|mixed_30min_switch_03_d0_00006_1048576_active|fixed|1346371075|8193|8193
1785961864737|1150|mixed_30min_switch_03_d0_00006_1048576_active|rotating|1346362883|8193|8193
1785961866100|1150|mixed_30min_switch_03_d0_00006_1048576_terminal|fixed|1346371075|8193|8193
1785961866100|1150|mixed_30min_switch_03_d0_00006_1048576_terminal|rotating|1346371075|8193|8193
1785961866453|1151|mixed_30min_switch_03_d0_00007_1048576_active|fixed|1346371075|8193|8193
1785961866453|1151|mixed_30min_switch_03_d0_00007_1048576_active|rotating|1350557187|8193|8193
1785961867878|1151|mixed_30min_switch_03_d0_00007_1048576_terminal|fixed|1346371075|8193|8193
1785961867878|1151|mixed_30min_switch_03_d0_00007_1048576_terminal|rotating|1346371075|8193|8193
1785961868178|1152|mixed_30min_switch_03_d0_00008_1048576_active|fixed|1346371075|8193|8193
1785961868178|1152|mixed_30min_switch_03_d0_00008_1048576_active|rotating|1350557187|8193|8193
1785961869669|1152|mixed_30min_switch_03_d0_00008_1048576_terminal|fixed|1350565379|8193|8193
1785961869669|1152|mixed_30min_switch_03_d0_00008_1048576_terminal|rotating|1350565379|8193|8193
1785961870067|1153|mixed_30min_switch_03_d0_00009_1048576_active|fixed|1346371075|8193|8193
1785961870067|1153|mixed_30min_switch_03_d0_00009_1048576_active|rotating|1350557187|8193|8193
1785961871478|1153|mixed_30min_switch_03_d0_00009_1048576_terminal|fixed|1350565379|8193|8193
1785961871478|1153|mixed_30min_switch_03_d0_00009_1048576_terminal|rotating|1346371075|8193|8193
1785961876254|1154|mixed_30min_switch_03_d1_00000_4194304_active|fixed|1346362883|8193|8193
1785961876254|1154|mixed_30min_switch_03_d1_00000_4194304_active|rotating|1350565379|8193|8193
1785961880511|1154|mixed_30min_switch_03_d1_00000_4194304_terminal|fixed|1350565379|8193|8193
1785961880511|1154|mixed_30min_switch_03_d1_00000_4194304_terminal|rotating|1350565379|8193|8193
1785961880846|1155|mixed_30min_switch_03_d1_00001_4194304_active|fixed|1350557187|8193|8193
1785961880846|1155|mixed_30min_switch_03_d1_00001_4194304_active|rotating|1346371075|8193|8193
1785961884924|1155|mixed_30min_switch_03_d1_00001_4194304_terminal|fixed|1346371075|8193|8193
1785961884924|1155|mixed_30min_switch_03_d1_00001_4194304_terminal|rotating|1350565379|8193|8193
1785961885214|1156|mixed_30min_switch_03_d1_00002_4194304_active|fixed|1350557187|8193|8193
1785961885214|1156|mixed_30min_switch_03_d1_00002_4194304_active|rotating|1346371075|8193|8193
1785961889253|1156|mixed_30min_switch_03_d1_00002_4194304_terminal|fixed|1350565379|8193|8193
1785961889253|1156|mixed_30min_switch_03_d1_00002_4194304_terminal|rotating|1350565379|8193|8193
1785961889560|1157|mixed_30min_switch_03_d1_00003_1048576_active|fixed|1350557187|8193|8193
1785961889560|1157|mixed_30min_switch_03_d1_00003_1048576_active|rotating|1346371075|8193|8193
1785961890929|1157|mixed_30min_switch_03_d1_00003_1048576_terminal|fixed|1350565379|8193|8193
1785961890929|1157|mixed_30min_switch_03_d1_00003_1048576_terminal|rotating|1350565379|8193|8193
1785961891232|1158|mixed_30min_switch_03_d1_00004_1048576_active|fixed|1346362883|8193|8193
1785961891232|1158|mixed_30min_switch_03_d1_00004_1048576_active|rotating|1350565379|8193|8193
1785961892651|1158|mixed_30min_switch_03_d1_00004_1048576_terminal|fixed|1346371075|8193|8193
1785961892651|1158|mixed_30min_switch_03_d1_00004_1048576_terminal|rotating|1350565379|8193|8193
1785961892995|1159|mixed_30min_switch_03_d1_00005_1048576_active|fixed|1346362883|8193|8193
1785961892995|1159|mixed_30min_switch_03_d1_00005_1048576_active|rotating|1346371075|8193|8193
1785961894398|1159|mixed_30min_switch_03_d1_00005_1048576_terminal|fixed|1346371075|8193|8193
1785961894398|1159|mixed_30min_switch_03_d1_00005_1048576_terminal|rotating|1346371075|8193|8193
1785961894693|1160|mixed_30min_switch_03_d1_00006_1048576_active|fixed|1346362883|8193|8193
1785961894693|1160|mixed_30min_switch_03_d1_00006_1048576_active|rotating|1350565379|8193|8193
1785961896067|1160|mixed_30min_switch_03_d1_00006_1048576_terminal|fixed|1350565379|8193|8193
1785961896067|1160|mixed_30min_switch_03_d1_00006_1048576_terminal|rotating|1350565379|8193|8193
1785961896367|1161|mixed_30min_switch_03_d1_00007_1048576_active|fixed|1346362883|8193|8193
1785961896367|1161|mixed_30min_switch_03_d1_00007_1048576_active|rotating|1350565379|8193|8193
1785961897754|1161|mixed_30min_switch_03_d1_00007_1048576_terminal|fixed|1350565379|8193|8193
1785961897754|1161|mixed_30min_switch_03_d1_00007_1048576_terminal|rotating|1350565379|8193|8193
1785961898081|1162|mixed_30min_switch_03_d1_00008_1048576_active|fixed|1350557187|8193|8193
1785961898081|1162|mixed_30min_switch_03_d1_00008_1048576_active|rotating|1346371075|8193|8193
1785961899463|1162|mixed_30min_switch_03_d1_00008_1048576_terminal|fixed|1350565379|8193|8193
1785961899463|1162|mixed_30min_switch_03_d1_00008_1048576_terminal|rotating|1350565379|8193|8193
1785961899807|1163|mixed_30min_switch_03_d1_00009_1048576_active|fixed|1350557187|8193|8193
1785961899807|1163|mixed_30min_switch_03_d1_00009_1048576_active|rotating|1346371075|8193|8193
1785961901194|1163|mixed_30min_switch_03_d1_00009_1048576_terminal|fixed|1350565379|8193|8193
1785961901194|1163|mixed_30min_switch_03_d1_00009_1048576_terminal|rotating|1346371075|8193|8193
1785961906265|1164|mixed_30min_switch_04_d0_00000_4194304_active|fixed|1346371075|8193|8193
1785961906265|1164|mixed_30min_switch_04_d0_00000_4194304_active|rotating|1346362883|8193|8193
1785961910374|1164|mixed_30min_switch_04_d0_00000_4194304_terminal|fixed|1346371075|8193|8193
1785961910374|1164|mixed_30min_switch_04_d0_00000_4194304_terminal|rotating|1346371075|8193|8193
1785961910685|1165|mixed_30min_switch_04_d0_00001_4194304_active|fixed|1346371075|8193|8193
1785961910685|1165|mixed_30min_switch_04_d0_00001_4194304_active|rotating|1350557187|8193|8193
1785961914758|1165|mixed_30min_switch_04_d0_00001_4194304_terminal|fixed|1346371075|8193|8193
1785961914758|1165|mixed_30min_switch_04_d0_00001_4194304_terminal|rotating|1346371075|8193|8193
1785961915086|1166|mixed_30min_switch_04_d0_00002_4194304_active|fixed|1346371075|8193|8193
1785961915086|1166|mixed_30min_switch_04_d0_00002_4194304_active|rotating|1350557187|8193|8193
1785961919190|1166|mixed_30min_switch_04_d0_00002_4194304_terminal|fixed|1350565379|8193|8193
1785961919190|1166|mixed_30min_switch_04_d0_00002_4194304_terminal|rotating|1346371075|8193|8193
1785961919497|1167|mixed_30min_switch_04_d0_00003_1048576_active|fixed|1350565379|8193|8193
1785961919497|1167|mixed_30min_switch_04_d0_00003_1048576_active|rotating|1346362883|8193|8193
1785961920842|1167|mixed_30min_switch_04_d0_00003_1048576_terminal|fixed|1350565379|8193|8193
1785961920842|1167|mixed_30min_switch_04_d0_00003_1048576_terminal|rotating|1350565379|8193|8193
1785961921166|1168|mixed_30min_switch_04_d0_00004_1048576_active|fixed|1346371075|8193|8193
1785961921166|1168|mixed_30min_switch_04_d0_00004_1048576_active|rotating|1346362883|8193|8193
1785961922613|1168|mixed_30min_switch_04_d0_00004_1048576_terminal|fixed|1346371075|8193|8193
1785961922613|1168|mixed_30min_switch_04_d0_00004_1048576_terminal|rotating|1346371075|8193|8193
1785961923019|1169|mixed_30min_switch_04_d0_00005_1048576_active|fixed|1346371075|8193|8193
1785961923019|1169|mixed_30min_switch_04_d0_00005_1048576_active|rotating|1346362883|8193|8193
1785961924465|1169|mixed_30min_switch_04_d0_00005_1048576_terminal|fixed|1346371075|8193|8193
1785961924465|1169|mixed_30min_switch_04_d0_00005_1048576_terminal|rotating|1350565379|8193|8193
1785961924799|1170|mixed_30min_switch_04_d0_00006_1048576_active|fixed|1346371075|8193|8193
1785961924799|1170|mixed_30min_switch_04_d0_00006_1048576_active|rotating|1346362883|8193|8193
1785961926151|1170|mixed_30min_switch_04_d0_00006_1048576_terminal|fixed|1350565379|8193|8193
1785961926151|1170|mixed_30min_switch_04_d0_00006_1048576_terminal|rotating|1346371075|8193|8193
1785961926482|1171|mixed_30min_switch_04_d0_00007_1048576_active|fixed|1350565379|8193|8193
1785961926482|1171|mixed_30min_switch_04_d0_00007_1048576_active|rotating|1350557187|8193|8193
1785961927903|1171|mixed_30min_switch_04_d0_00007_1048576_terminal|fixed|1346371075|8193|8193
1785961927903|1171|mixed_30min_switch_04_d0_00007_1048576_terminal|rotating|1350565379|8193|8193
1785961928225|1172|mixed_30min_switch_04_d0_00008_1048576_active|fixed|1350565379|8193|8193
1785961928225|1172|mixed_30min_switch_04_d0_00008_1048576_active|rotating|1346362883|8193|8193
1785961929609|1172|mixed_30min_switch_04_d0_00008_1048576_terminal|fixed|1350565379|8193|8193
1785961929609|1172|mixed_30min_switch_04_d0_00008_1048576_terminal|rotating|1346371075|8193|8193
1785961929960|1173|mixed_30min_switch_04_d0_00009_1048576_active|fixed|1346371075|8193|8193
1785961929960|1173|mixed_30min_switch_04_d0_00009_1048576_active|rotating|1350557187|8193|8193
1785961931432|1173|mixed_30min_switch_04_d0_00009_1048576_terminal|fixed|1350565379|8193|8193
1785961931432|1173|mixed_30min_switch_04_d0_00009_1048576_terminal|rotating|1350565379|8193|8193
1785961936264|1174|mixed_30min_switch_04_d1_00000_4194304_active|fixed|1346362883|8193|8193
1785961936264|1174|mixed_30min_switch_04_d1_00000_4194304_active|rotating|1346371075|8193|8193
1785961940358|1174|mixed_30min_switch_04_d1_00000_4194304_terminal|fixed|1350565379|8193|8193
1785961940358|1174|mixed_30min_switch_04_d1_00000_4194304_terminal|rotating|1346371075|8193|8193
1785961940674|1175|mixed_30min_switch_04_d1_00001_4194304_active|fixed|1350557187|8193|8193
1785961940674|1175|mixed_30min_switch_04_d1_00001_4194304_active|rotating|1346371075|8193|8193
1785961944797|1175|mixed_30min_switch_04_d1_00001_4194304_terminal|fixed|1350565379|8193|8193
1785961944797|1175|mixed_30min_switch_04_d1_00001_4194304_terminal|rotating|1346371075|8193|8193
1785961945089|1176|mixed_30min_switch_04_d1_00002_4194304_active|fixed|1346362883|8193|8193
1785961945089|1176|mixed_30min_switch_04_d1_00002_4194304_active|rotating|1350565379|8193|8193
1785961949170|1176|mixed_30min_switch_04_d1_00002_4194304_terminal|fixed|1346371075|8193|8193
1785961949170|1176|mixed_30min_switch_04_d1_00002_4194304_terminal|rotating|1350565379|8193|8193
1785961949460|1177|mixed_30min_switch_04_d1_00003_1048576_active|fixed|1346362883|8193|8193
1785961949460|1177|mixed_30min_switch_04_d1_00003_1048576_active|rotating|1346371075|8193|8193
1785961950804|1177|mixed_30min_switch_04_d1_00003_1048576_terminal|fixed|1350565379|8193|8193
1785961950804|1177|mixed_30min_switch_04_d1_00003_1048576_terminal|rotating|1350565379|8193|8193
1785961951139|1178|mixed_30min_switch_04_d1_00004_1048576_active|fixed|1346362883|8193|8193
1785961951139|1178|mixed_30min_switch_04_d1_00004_1048576_active|rotating|1350565379|8193|8193
1785961952494|1178|mixed_30min_switch_04_d1_00004_1048576_terminal|fixed|1350565379|8193|8193
1785961952494|1178|mixed_30min_switch_04_d1_00004_1048576_terminal|rotating|1346371075|8193|8193
1785961952821|1179|mixed_30min_switch_04_d1_00005_1048576_active|fixed|1346362883|8193|8193
1785961952821|1179|mixed_30min_switch_04_d1_00005_1048576_active|rotating|1350565379|8193|8193
1785961954222|1179|mixed_30min_switch_04_d1_00005_1048576_terminal|fixed|1350565379|8193|8193
1785961954222|1179|mixed_30min_switch_04_d1_00005_1048576_terminal|rotating|1346371075|8193|8193
1785961954522|1180|mixed_30min_switch_04_d1_00006_1048576_active|fixed|1346362883|8193|8193
1785961954522|1180|mixed_30min_switch_04_d1_00006_1048576_active|rotating|1346371075|8193|8193
1785961955923|1180|mixed_30min_switch_04_d1_00006_1048576_terminal|fixed|1350565379|8193|8193
1785961955923|1180|mixed_30min_switch_04_d1_00006_1048576_terminal|rotating|1350565379|8193|8193
1785961956217|1181|mixed_30min_switch_04_d1_00007_1048576_active|fixed|1346362883|8193|8193
1785961956217|1181|mixed_30min_switch_04_d1_00007_1048576_active|rotating|1346371075|8193|8193
1785961957600|1181|mixed_30min_switch_04_d1_00007_1048576_terminal|fixed|1350565379|8193|8193
1785961957600|1181|mixed_30min_switch_04_d1_00007_1048576_terminal|rotating|1346371075|8193|8193
1785961957933|1182|mixed_30min_switch_04_d1_00008_1048576_active|fixed|1346362883|8193|8193
1785961957933|1182|mixed_30min_switch_04_d1_00008_1048576_active|rotating|1346371075|8193|8193
1785961959292|1182|mixed_30min_switch_04_d1_00008_1048576_terminal|fixed|1350565379|8193|8193
1785961959292|1182|mixed_30min_switch_04_d1_00008_1048576_terminal|rotating|1350565379|8193|8193
1785961959586|1183|mixed_30min_switch_04_d1_00009_1048576_active|fixed|1350557187|8193|8193
1785961959586|1183|mixed_30min_switch_04_d1_00009_1048576_active|rotating|1350565379|8193|8193
1785961960934|1183|mixed_30min_switch_04_d1_00009_1048576_terminal|fixed|1350565379|8193|8193
1785961960934|1183|mixed_30min_switch_04_d1_00009_1048576_terminal|rotating|1346371075|8193|8193
1785961966250|1184|mixed_30min_degrade_00_maskE_00000_4194304_active|fixed|1346371075|8193|8193
1785961966250|1184|mixed_30min_degrade_00_maskE_00000_4194304_active|rotating|1346362883|8193|8193
1785961971357|1184|mixed_30min_degrade_00_maskE_00000_4194304|fixed|1350565379|8193|8193
1785961971357|1184|mixed_30min_degrade_00_maskE_00000_4194304|rotating|1346371075|8193|8193
1785961971763|1184|mixed_30min_degrade_00_maskE_00000_4194304_terminal|fixed|1350565379|8193|8193
1785961971763|1184|mixed_30min_degrade_00_maskE_00000_4194304_terminal|rotating|1350565379|8193|8193
1785961972081|1185|mixed_30min_degrade_00_maskE_00001_1048576_active|fixed|1346371075|8193|8193
1785961972081|1185|mixed_30min_degrade_00_maskE_00001_1048576_active|rotating|1346362883|8193|8193
1785961973816|1185|mixed_30min_degrade_00_maskE_00001_1048576_terminal|fixed|1346371075|8193|8193
1785961973816|1185|mixed_30min_degrade_00_maskE_00001_1048576_terminal|rotating|1346371075|8193|8193
1785961974169|1186|mixed_30min_degrade_00_maskE_00002_1048576_active|fixed|1350565379|8193|8193
1785961974169|1186|mixed_30min_degrade_00_maskE_00002_1048576_active|rotating|1346362883|8193|8193
1785961975953|1186|mixed_30min_degrade_00_maskE_00002_1048576_terminal|fixed|1346371075|8193|8193
1785961975953|1186|mixed_30min_degrade_00_maskE_00002_1048576_terminal|rotating|1350565379|8193|8193
1785961976309|1187|mixed_30min_degrade_00_maskE_00003_1048576_active|fixed|1346371075|8193|8193
1785961976309|1187|mixed_30min_degrade_00_maskE_00003_1048576_active|rotating|1350557187|8193|8193
1785961978075|1187|mixed_30min_degrade_00_maskE_00003_1048576_terminal|fixed|1346371075|8193|8193
1785961978075|1187|mixed_30min_degrade_00_maskE_00003_1048576_terminal|rotating|1350565379|8193|8193
1785961978418|1188|mixed_30min_degrade_00_maskE_00004_1048576_active|fixed|1350565379|8193|8193
1785961978418|1188|mixed_30min_degrade_00_maskE_00004_1048576_active|rotating|1346362883|8193|8193
1785961980245|1188|mixed_30min_degrade_00_maskE_00004_1048576_terminal|fixed|1350565379|8193|8193
1785961980245|1188|mixed_30min_degrade_00_maskE_00004_1048576_terminal|rotating|1350565379|8193|8193
1785961985274|1189|mixed_30min_degrade_01_maskF_00000_4194304_active|fixed|1350557187|8193|8193
1785961985274|1189|mixed_30min_degrade_01_maskF_00000_4194304_active|rotating|1346371075|8193|8193
1785961989379|1189|mixed_30min_degrade_01_maskF_00000_4194304_terminal|fixed|1350565379|8193|8193
1785961989379|1189|mixed_30min_degrade_01_maskF_00000_4194304_terminal|rotating|1346371075|8193|8193
1785961989682|1190|mixed_30min_degrade_01_maskF_00001_1048576_active|fixed|1350557187|8193|8193
1785961989682|1190|mixed_30min_degrade_01_maskF_00001_1048576_active|rotating|1350565379|8193|8193
1785961991068|1190|mixed_30min_degrade_01_maskF_00001_1048576_terminal|fixed|1346371075|8193|8193
1785961991068|1190|mixed_30min_degrade_01_maskF_00001_1048576_terminal|rotating|1346371075|8193|8193
1785961991374|1191|mixed_30min_degrade_01_maskF_00002_1048576_active|fixed|1346362883|8193|8193
1785961991374|1191|mixed_30min_degrade_01_maskF_00002_1048576_active|rotating|1350565379|8193|8193
1785961992767|1191|mixed_30min_degrade_01_maskF_00002_1048576_terminal|fixed|1346371075|8193|8193
1785961992767|1191|mixed_30min_degrade_01_maskF_00002_1048576_terminal|rotating|1346371075|8193|8193
1785961993085|1192|mixed_30min_degrade_01_maskF_00003_1048576_active|fixed|1350557187|8193|8193
1785961993085|1192|mixed_30min_degrade_01_maskF_00003_1048576_active|rotating|1350565379|8193|8193
1785961994471|1192|mixed_30min_degrade_01_maskF_00003_1048576_terminal|fixed|1346371075|8193|8193
1785961994471|1192|mixed_30min_degrade_01_maskF_00003_1048576_terminal|rotating|1346371075|8193|8193
1785961994775|1193|mixed_30min_degrade_01_maskF_00004_1048576_active|fixed|1346362883|8193|8193
1785961994775|1193|mixed_30min_degrade_01_maskF_00004_1048576_active|rotating|1350565379|8193|8193
1785961996140|1193|mixed_30min_degrade_01_maskF_00004_1048576_terminal|fixed|1350565379|8193|8193
1785961996140|1193|mixed_30min_degrade_01_maskF_00004_1048576_terminal|rotating|1350565379|8193|8193
1785961996494|1194|mixed_30min_degrade_01_maskF_00005_1048576_active|fixed|1346362883|8193|8193
1785961996494|1194|mixed_30min_degrade_01_maskF_00005_1048576_active|rotating|1346371075|8193|8193
1785961997931|1194|mixed_30min_degrade_01_maskF_00005_1048576_terminal|fixed|1346371075|8193|8193
1785961997931|1194|mixed_30min_degrade_01_maskF_00005_1048576_terminal|rotating|1350565379|8193|8193
1785962004259|1195|mixed_30min_degrade_02_maskD_00000_4194304_active|fixed|1350565379|8193|8193
1785962004259|1195|mixed_30min_degrade_02_maskD_00000_4194304_active|rotating|1346362883|8193|8193
1785962009383|1195|mixed_30min_degrade_02_maskD_00000_4194304|fixed|1346371075|8193|8193
1785962009383|1195|mixed_30min_degrade_02_maskD_00000_4194304|rotating|1350565379|8193|8193
1785962009764|1195|mixed_30min_degrade_02_maskD_00000_4194304_terminal|fixed|1350565379|8193|8193
1785962009764|1195|mixed_30min_degrade_02_maskD_00000_4194304_terminal|rotating|1346371075|8193|8193
1785962010085|1196|mixed_30min_degrade_02_maskD_00001_1048576_active|fixed|1346371075|8193|8193
1785962010085|1196|mixed_30min_degrade_02_maskD_00001_1048576_active|rotating|1350557187|8193|8193
1785962011787|1196|mixed_30min_degrade_02_maskD_00001_1048576_terminal|fixed|1346371075|8193|8193
1785962011787|1196|mixed_30min_degrade_02_maskD_00001_1048576_terminal|rotating|1346371075|8193|8193
1785962012092|1197|mixed_30min_degrade_02_maskD_00002_1048576_active|fixed|1346371075|8193|8193
1785962012092|1197|mixed_30min_degrade_02_maskD_00002_1048576_active|rotating|1350557187|8193|8193
1785962013850|1197|mixed_30min_degrade_02_maskD_00002_1048576_terminal|fixed|1350565379|8193|8193
1785962013850|1197|mixed_30min_degrade_02_maskD_00002_1048576_terminal|rotating|1350565379|8193|8193
1785962014139|1198|mixed_30min_degrade_02_maskD_00003_1048576_active|fixed|1346371075|8193|8193
1785962014139|1198|mixed_30min_degrade_02_maskD_00003_1048576_active|rotating|1350557187|8193|8193
1785962015828|1198|mixed_30min_degrade_02_maskD_00003_1048576_terminal|fixed|1350565379|8193|8193
1785962015828|1198|mixed_30min_degrade_02_maskD_00003_1048576_terminal|rotating|1350565379|8193|8193
1785962016127|1199|mixed_30min_degrade_02_maskD_00004_1048576_active|fixed|1350565379|8193|8193
1785962016127|1199|mixed_30min_degrade_02_maskD_00004_1048576_active|rotating|1350557187|8193|8193
1785962017796|1199|mixed_30min_degrade_02_maskD_00004_1048576_terminal|fixed|1346371075|8193|8193
1785962017796|1199|mixed_30min_degrade_02_maskD_00004_1048576_terminal|rotating|1346371075|8193|8193
1785962023253|1200|mixed_30min_degrade_03_maskF_00000_4194304_active|fixed|1346362883|8193|8193
1785962023253|1200|mixed_30min_degrade_03_maskF_00000_4194304_active|rotating|1346371075|8193|8193
1785962027421|1200|mixed_30min_degrade_03_maskF_00000_4194304_terminal|fixed|1346371075|8193|8193
1785962027421|1200|mixed_30min_degrade_03_maskF_00000_4194304_terminal|rotating|1346371075|8193|8193
1785962027906|1201|mixed_30min_degrade_03_maskF_00001_1048576_active|fixed|1350557187|8193|8193
1785962027906|1201|mixed_30min_degrade_03_maskF_00001_1048576_active|rotating|1350565379|8193|8193
1785962029296|1201|mixed_30min_degrade_03_maskF_00001_1048576_terminal|fixed|1350565379|8193|8193
1785962029296|1201|mixed_30min_degrade_03_maskF_00001_1048576_terminal|rotating|1346371075|8193|8193
1785962029762|1202|mixed_30min_degrade_03_maskF_00002_1048576_active|fixed|1350557187|8193|8193
1785962029762|1202|mixed_30min_degrade_03_maskF_00002_1048576_active|rotating|1350565379|8193|8193
1785962031261|1202|mixed_30min_degrade_03_maskF_00002_1048576_terminal|fixed|1346371075|8193|8193
1785962031261|1202|mixed_30min_degrade_03_maskF_00002_1048576_terminal|rotating|1346371075|8193|8193
1785962031612|1203|mixed_30min_degrade_03_maskF_00003_1048576_active|fixed|1346362883|8193|8193
1785962031612|1203|mixed_30min_degrade_03_maskF_00003_1048576_active|rotating|1350565379|8193|8193
1785962033107|1203|mixed_30min_degrade_03_maskF_00003_1048576_terminal|fixed|1350565379|8193|8193
1785962033107|1203|mixed_30min_degrade_03_maskF_00003_1048576_terminal|rotating|1350565379|8193|8193
1785962033556|1204|mixed_30min_degrade_03_maskF_00004_1048576_active|fixed|1346362883|8193|8193
1785962033556|1204|mixed_30min_degrade_03_maskF_00004_1048576_active|rotating|1350565379|8193|8193
1785962035035|1204|mixed_30min_degrade_03_maskF_00004_1048576_terminal|fixed|1350565379|8193|8193
1785962035035|1204|mixed_30min_degrade_03_maskF_00004_1048576_terminal|rotating|1350565379|8193|8193
1785962035376|1205|mixed_30min_degrade_03_maskF_00005_1048576_active|fixed|1350557187|8193|8193
1785962035376|1205|mixed_30min_degrade_03_maskF_00005_1048576_active|rotating|1350565379|8193|8193
1785962036778|1205|mixed_30min_degrade_03_maskF_00005_1048576_terminal|fixed|1346371075|8193|8193
1785962036778|1205|mixed_30min_degrade_03_maskF_00005_1048576_terminal|rotating|1346371075|8193|8193
1785962042241|1206|mixed_30min_degrade_04_maskB_00000_4194304_active|fixed|1350565379|8193|8193
1785962042241|1206|mixed_30min_degrade_04_maskB_00000_4194304_active|rotating|1350557187|8193|8193
1785962047355|1206|mixed_30min_degrade_04_maskB_00000_4194304|fixed|1346371075|8193|8193
1785962047355|1206|mixed_30min_degrade_04_maskB_00000_4194304|rotating|1350565379|8193|8193
1785962047727|1206|mixed_30min_degrade_04_maskB_00000_4194304_terminal|fixed|1346371075|8193|8193
1785962047727|1206|mixed_30min_degrade_04_maskB_00000_4194304_terminal|rotating|1346371075|8193|8193
1785962048036|1207|mixed_30min_degrade_04_maskB_00001_1048576_active|fixed|1346371075|8193|8193
1785962048036|1207|mixed_30min_degrade_04_maskB_00001_1048576_active|rotating|1346362883|8193|8193
1785962049701|1207|mixed_30min_degrade_04_maskB_00001_1048576_terminal|fixed|1350565379|8193|8193
1785962049701|1207|mixed_30min_degrade_04_maskB_00001_1048576_terminal|rotating|1346371075|8193|8193
1785962050021|1208|mixed_30min_degrade_04_maskB_00002_1048576_active|fixed|1346371075|8193|8193
1785962050021|1208|mixed_30min_degrade_04_maskB_00002_1048576_active|rotating|1350557187|8193|8193
1785962051733|1208|mixed_30min_degrade_04_maskB_00002_1048576_terminal|fixed|1350565379|8193|8193
1785962051733|1208|mixed_30min_degrade_04_maskB_00002_1048576_terminal|rotating|1350565379|8193|8193
1785962052091|1209|mixed_30min_degrade_04_maskB_00003_1048576_active|fixed|1350565379|8193|8193
1785962052091|1209|mixed_30min_degrade_04_maskB_00003_1048576_active|rotating|1350557187|8193|8193
1785962053816|1209|mixed_30min_degrade_04_maskB_00003_1048576_terminal|fixed|1346371075|8193|8193
1785962053816|1209|mixed_30min_degrade_04_maskB_00003_1048576_terminal|rotating|1346371075|8193|8193
1785962054125|1210|mixed_30min_degrade_04_maskB_00004_1048576_active|fixed|1350565379|8193|8193
1785962054125|1210|mixed_30min_degrade_04_maskB_00004_1048576_active|rotating|1346362883|8193|8193
1785962055868|1210|mixed_30min_degrade_04_maskB_00004_1048576_terminal|fixed|1346371075|8193|8193
1785962055868|1210|mixed_30min_degrade_04_maskB_00004_1048576_terminal|rotating|1346371075|8193|8193
1785962061263|1211|mixed_30min_degrade_05_maskF_00000_4194304_active|fixed|1350557187|8193|8193
1785962061263|1211|mixed_30min_degrade_05_maskF_00000_4194304_active|rotating|1350565379|8193|8193
1785962065354|1211|mixed_30min_degrade_05_maskF_00000_4194304_terminal|fixed|1350565379|8193|8193
1785962065354|1211|mixed_30min_degrade_05_maskF_00000_4194304_terminal|rotating|1350565379|8193|8193
1785962065696|1212|mixed_30min_degrade_05_maskF_00001_1048576_active|fixed|1346362883|8193|8193
1785962065696|1212|mixed_30min_degrade_05_maskF_00001_1048576_active|rotating|1350565379|8193|8193
1785962067083|1212|mixed_30min_degrade_05_maskF_00001_1048576_terminal|fixed|1350565379|8193|8193
1785962067083|1212|mixed_30min_degrade_05_maskF_00001_1048576_terminal|rotating|1346371075|8193|8193
1785962067400|1213|mixed_30min_degrade_05_maskF_00002_1048576_active|fixed|1346362883|8193|8193
1785962067400|1213|mixed_30min_degrade_05_maskF_00002_1048576_active|rotating|1350565379|8193|8193
1785962068775|1213|mixed_30min_degrade_05_maskF_00002_1048576_terminal|fixed|1350565379|8193|8193
1785962068775|1213|mixed_30min_degrade_05_maskF_00002_1048576_terminal|rotating|1346371075|8193|8193
1785962069094|1214|mixed_30min_degrade_05_maskF_00003_1048576_active|fixed|1346362883|8193|8193
1785962069094|1214|mixed_30min_degrade_05_maskF_00003_1048576_active|rotating|1350565379|8193|8193
1785962070500|1214|mixed_30min_degrade_05_maskF_00003_1048576_terminal|fixed|1350565379|8193|8193
1785962070500|1214|mixed_30min_degrade_05_maskF_00003_1048576_terminal|rotating|1346371075|8193|8193
1785962070815|1215|mixed_30min_degrade_05_maskF_00004_1048576_active|fixed|1346362883|8193|8193
1785962070815|1215|mixed_30min_degrade_05_maskF_00004_1048576_active|rotating|1346371075|8193|8193
1785962072210|1215|mixed_30min_degrade_05_maskF_00004_1048576_terminal|fixed|1346371075|8193|8193
1785962072210|1215|mixed_30min_degrade_05_maskF_00004_1048576_terminal|rotating|1350565379|8193|8193
1785962072544|1216|mixed_30min_degrade_05_maskF_00005_1048576_active|fixed|1346362883|8193|8193
1785962072544|1216|mixed_30min_degrade_05_maskF_00005_1048576_active|rotating|1346371075|8193|8193
1785962073943|1216|mixed_30min_degrade_05_maskF_00005_1048576_terminal|fixed|1350565379|8193|8193
1785962073943|1216|mixed_30min_degrade_05_maskF_00005_1048576_terminal|rotating|1350565379|8193|8193
1785962080253|1217|mixed_30min_degrade_06_mask7_00000_4194304_active|fixed|1350565379|8193|8193
1785962080253|1217|mixed_30min_degrade_06_mask7_00000_4194304_active|rotating|1350557187|8193|8193
1785962085372|1217|mixed_30min_degrade_06_mask7_00000_4194304|fixed|1350565379|8193|8193
1785962085372|1217|mixed_30min_degrade_06_mask7_00000_4194304|rotating|1350565379|8193|8193
1785962085953|1217|mixed_30min_degrade_06_mask7_00000_4194304_terminal|fixed|1350565379|8193|8193
1785962085953|1217|mixed_30min_degrade_06_mask7_00000_4194304_terminal|rotating|1350565379|8193|8193
1785962086318|1218|mixed_30min_degrade_06_mask7_00001_1048576_active|fixed|1350565379|8193|8193
1785962086318|1218|mixed_30min_degrade_06_mask7_00001_1048576_active|rotating|1350557187|8193|8193
1785962088228|1218|mixed_30min_degrade_06_mask7_00001_1048576_terminal|fixed|1350565379|8193|8193
1785962088228|1218|mixed_30min_degrade_06_mask7_00001_1048576_terminal|rotating|1350565379|8193|8193
1785962088540|1219|mixed_30min_degrade_06_mask7_00002_1048576_active|fixed|1350565379|8193|8193
1785962088540|1219|mixed_30min_degrade_06_mask7_00002_1048576_active|rotating|1346362883|8193|8193
1785962090259|1219|mixed_30min_degrade_06_mask7_00002_1048576_terminal|fixed|1350565379|8193|8193
1785962090259|1219|mixed_30min_degrade_06_mask7_00002_1048576_terminal|rotating|1346371075|8193|8193
1785962090560|1220|mixed_30min_degrade_06_mask7_00003_1048576_active|fixed|1350565379|8193|8193
1785962090560|1220|mixed_30min_degrade_06_mask7_00003_1048576_active|rotating|1350557187|8193|8193
1785962092297|1220|mixed_30min_degrade_06_mask7_00003_1048576_terminal|fixed|1346371075|8193|8193
1785962092297|1220|mixed_30min_degrade_06_mask7_00003_1048576_terminal|rotating|1350565379|8193|8193
1785962092621|1221|mixed_30min_degrade_06_mask7_00004_1048576_active|fixed|1350565379|8193|8193
1785962092621|1221|mixed_30min_degrade_06_mask7_00004_1048576_active|rotating|1350557187|8193|8193
1785962094339|1221|mixed_30min_degrade_06_mask7_00004_1048576_terminal|fixed|1346371075|8193|8193
1785962094339|1221|mixed_30min_degrade_06_mask7_00004_1048576_terminal|rotating|1346371075|8193|8193
1785962099261|1222|mixed_30min_degrade_07_maskF_00000_4194304_active|fixed|1346362883|8193|8193
1785962099261|1222|mixed_30min_degrade_07_maskF_00000_4194304_active|rotating|1346371075|8193|8193
1785962103378|1222|mixed_30min_degrade_07_maskF_00000_4194304_terminal|fixed|1346371075|8193|8193
1785962103378|1222|mixed_30min_degrade_07_maskF_00000_4194304_terminal|rotating|1346371075|8193|8193
1785962103725|1223|mixed_30min_degrade_07_maskF_00001_1048576_active|fixed|1346362883|8193|8193
1785962103725|1223|mixed_30min_degrade_07_maskF_00001_1048576_active|rotating|1350565379|8193|8193
1785962105159|1223|mixed_30min_degrade_07_maskF_00001_1048576_terminal|fixed|1346371075|8193|8193
1785962105159|1223|mixed_30min_degrade_07_maskF_00001_1048576_terminal|rotating|1346371075|8193|8193
1785962105453|1224|mixed_30min_degrade_07_maskF_00002_1048576_active|fixed|1350557187|8193|8193
1785962105453|1224|mixed_30min_degrade_07_maskF_00002_1048576_active|rotating|1350565379|8193|8193
1785962106840|1224|mixed_30min_degrade_07_maskF_00002_1048576_terminal|fixed|1350565379|8193|8193
1785962106840|1224|mixed_30min_degrade_07_maskF_00002_1048576_terminal|rotating|1346371075|8193|8193
1785962107152|1225|mixed_30min_degrade_07_maskF_00003_1048576_active|fixed|1346362883|8193|8193
1785962107152|1225|mixed_30min_degrade_07_maskF_00003_1048576_active|rotating|1350565379|8193|8193
1785962108537|1225|mixed_30min_degrade_07_maskF_00003_1048576_terminal|fixed|1350565379|8193|8193
1785962108537|1225|mixed_30min_degrade_07_maskF_00003_1048576_terminal|rotating|1346371075|8193|8193
1785962108879|1226|mixed_30min_degrade_07_maskF_00004_1048576_active|fixed|1346362883|8193|8193
1785962108879|1226|mixed_30min_degrade_07_maskF_00004_1048576_active|rotating|1350565379|8193|8193
1785962110433|1226|mixed_30min_degrade_07_maskF_00004_1048576_terminal|fixed|1350565379|8193|8193
1785962110433|1226|mixed_30min_degrade_07_maskF_00004_1048576_terminal|rotating|1350565379|8193|8193
1785962110841|1227|mixed_30min_degrade_07_maskF_00005_1048576_active|fixed|1346362883|8193|8193
1785962110841|1227|mixed_30min_degrade_07_maskF_00005_1048576_active|rotating|1346371075|8193|8193
1785962112354|1227|mixed_30min_degrade_07_maskF_00005_1048576_terminal|fixed|1346371075|8193|8193
1785962112354|1227|mixed_30min_degrade_07_maskF_00005_1048576_terminal|rotating|1350565379|8193|8193
1785962118253|1228|mixed_30min_degrade_08_mask3_00000_4194304_active|fixed|1350565379|8193|8193
1785962118253|1228|mixed_30min_degrade_08_mask3_00000_4194304_active|rotating|1346362883|8193|8193
1785962123373|1228|mixed_30min_degrade_08_mask3_00000_4194304|fixed|1350565378|8193|8193
1785962123373|1228|mixed_30min_degrade_08_mask3_00000_4194304|rotating|1350557187|8193|8193
1785962125892|1228|mixed_30min_degrade_08_mask3_00000_4194304_terminal|fixed|1350565379|8193|8193
1785962125892|1228|mixed_30min_degrade_08_mask3_00000_4194304_terminal|rotating|1346371075|8193|8193
1785962126195|1229|mixed_30min_degrade_08_mask3_00001_1048576_active|fixed|1350565379|8193|8193
1785962126195|1229|mixed_30min_degrade_08_mask3_00001_1048576_active|rotating|1350557187|8193|8193
1785962128490|1229|mixed_30min_degrade_08_mask3_00001_1048576_terminal|fixed|1346371075|8193|8193
1785962128490|1229|mixed_30min_degrade_08_mask3_00001_1048576_terminal|rotating|1350565379|8193|8193
1785962128815|1230|mixed_30min_degrade_08_mask3_00002_1048576_active|fixed|1350565379|8193|8193
1785962128815|1230|mixed_30min_degrade_08_mask3_00002_1048576_active|rotating|1350557187|8193|8193
1785962131049|1230|mixed_30min_degrade_08_mask3_00002_1048576_terminal|fixed|1346371075|8193|8193
1785962131049|1230|mixed_30min_degrade_08_mask3_00002_1048576_terminal|rotating|1346371075|8193|8193
1785962137265|1231|mixed_30min_degrade_09_maskF_00000_4194304_active|fixed|1346362883|8193|8193
1785962137265|1231|mixed_30min_degrade_09_maskF_00000_4194304_active|rotating|1346371075|8193|8193
1785962141344|1231|mixed_30min_degrade_09_maskF_00000_4194304_terminal|fixed|1346371075|8193|8193
1785962141344|1231|mixed_30min_degrade_09_maskF_00000_4194304_terminal|rotating|1350565379|8193|8193
1785962141685|1232|mixed_30min_degrade_09_maskF_00001_1048576_active|fixed|1350557187|8193|8193
1785962141685|1232|mixed_30min_degrade_09_maskF_00001_1048576_active|rotating|1346371075|8193|8193
1785962143096|1232|mixed_30min_degrade_09_maskF_00001_1048576_terminal|fixed|1350565379|8193|8193
1785962143096|1232|mixed_30min_degrade_09_maskF_00001_1048576_terminal|rotating|1346371075|8193|8193
1785962143378|1233|mixed_30min_degrade_09_maskF_00002_1048576_active|fixed|1350557187|8193|8193
1785962143378|1233|mixed_30min_degrade_09_maskF_00002_1048576_active|rotating|1350565379|8193|8193
1785962144790|1233|mixed_30min_degrade_09_maskF_00002_1048576_terminal|fixed|1350565379|8193|8193
1785962144790|1233|mixed_30min_degrade_09_maskF_00002_1048576_terminal|rotating|1350565379|8193|8193
1785962145108|1234|mixed_30min_degrade_09_maskF_00003_1048576_active|fixed|1350557187|8193|8193
1785962145108|1234|mixed_30min_degrade_09_maskF_00003_1048576_active|rotating|1346371075|8193|8193
1785962146513|1234|mixed_30min_degrade_09_maskF_00003_1048576_terminal|fixed|1346371075|8193|8193
1785962146513|1234|mixed_30min_degrade_09_maskF_00003_1048576_terminal|rotating|1350565379|8193|8193
1785962146838|1235|mixed_30min_degrade_09_maskF_00004_1048576_active|fixed|1346362883|8193|8193
1785962146838|1235|mixed_30min_degrade_09_maskF_00004_1048576_active|rotating|1346371074|8193|8193
1785962148255|1235|mixed_30min_degrade_09_maskF_00004_1048576_terminal|fixed|1350565379|8193|8193
1785962148255|1235|mixed_30min_degrade_09_maskF_00004_1048576_terminal|rotating|1346371075|8193|8193
1785962148613|1236|mixed_30min_degrade_09_maskF_00005_1048576_active|fixed|1350557187|8193|8193
1785962148613|1236|mixed_30min_degrade_09_maskF_00005_1048576_active|rotating|1350565379|8193|8193
1785962150027|1236|mixed_30min_degrade_09_maskF_00005_1048576_terminal|fixed|1346371075|8193|8193
1785962150027|1236|mixed_30min_degrade_09_maskF_00005_1048576_terminal|rotating|1346371075|8193|8193
1785962156266|1237|mixed_30min_degrade_10_mask5_00000_4194304_active|fixed|1350565379|8193|8193
1785962156266|1237|mixed_30min_degrade_10_mask5_00000_4194304_active|rotating|1346362883|8193|8193
1785962161392|1237|mixed_30min_degrade_10_mask5_00000_4194304|fixed|1350565378|8193|8193
1785962161392|1237|mixed_30min_degrade_10_mask5_00000_4194304|rotating|1346362883|8193|8193
1785962164006|1237|mixed_30min_degrade_10_mask5_00000_4194304_terminal|fixed|1350565379|8193|8193
1785962164006|1237|mixed_30min_degrade_10_mask5_00000_4194304_terminal|rotating|1346371075|8193|8193
1785962164322|1238|mixed_30min_degrade_10_mask5_00001_1048576_active|fixed|1350565379|8193|8193
1785962164322|1238|mixed_30min_degrade_10_mask5_00001_1048576_active|rotating|1350557187|8193|8193
1785962166720|1238|mixed_30min_degrade_10_mask5_00001_1048576_terminal|fixed|1346371075|8193|8193
1785962166720|1238|mixed_30min_degrade_10_mask5_00001_1048576_terminal|rotating|1346371075|8193|8193
1785962167138|1239|mixed_30min_degrade_10_mask5_00002_1048576_active|fixed|1346371075|8193|8193
1785962167138|1239|mixed_30min_degrade_10_mask5_00002_1048576_active|rotating|1350557187|8193|8193
1785962169468|1239|mixed_30min_degrade_10_mask5_00002_1048576_terminal|fixed|1346371075|8193|8193
1785962169468|1239|mixed_30min_degrade_10_mask5_00002_1048576_terminal|rotating|1346371075|8193|8193
1785962175324|1240|mixed_30min_degrade_11_maskF_00000_4194304_active|fixed|1350557187|8193|8193
1785962175324|1240|mixed_30min_degrade_11_maskF_00000_4194304_active|rotating|1346371075|8193|8193
1785962179469|1240|mixed_30min_degrade_11_maskF_00000_4194304_terminal|fixed|1346371075|8193|8193
1785962179469|1240|mixed_30min_degrade_11_maskF_00000_4194304_terminal|rotating|1346371075|8193|8193
1785962179747|1241|mixed_30min_degrade_11_maskF_00001_1048576_active|fixed|1346362883|8193|8193
1785962179747|1241|mixed_30min_degrade_11_maskF_00001_1048576_active|rotating|1350565379|8193|8193
1785962181113|1241|mixed_30min_degrade_11_maskF_00001_1048576_terminal|fixed|1350565379|8193|8193
1785962181113|1241|mixed_30min_degrade_11_maskF_00001_1048576_terminal|rotating|1346371075|8193|8193
1785962181430|1242|mixed_30min_degrade_11_maskF_00002_1048576_active|fixed|1346362883|8193|8193
1785962181430|1242|mixed_30min_degrade_11_maskF_00002_1048576_active|rotating|1350565379|8193|8193
1785962182833|1242|mixed_30min_degrade_11_maskF_00002_1048576_terminal|fixed|1346371075|8193|8193
1785962182833|1242|mixed_30min_degrade_11_maskF_00002_1048576_terminal|rotating|1350565379|8193|8193
1785962183162|1243|mixed_30min_degrade_11_maskF_00003_1048576_active|fixed|1350557187|8193|8193
1785962183162|1243|mixed_30min_degrade_11_maskF_00003_1048576_active|rotating|1346371075|8193|8193
1785962184554|1243|mixed_30min_degrade_11_maskF_00003_1048576_terminal|fixed|1346371075|8193|8193
1785962184554|1243|mixed_30min_degrade_11_maskF_00003_1048576_terminal|rotating|1350565379|8193|8193
1785962184879|1244|mixed_30min_degrade_11_maskF_00004_1048576_active|fixed|1346362883|8193|8193
1785962184879|1244|mixed_30min_degrade_11_maskF_00004_1048576_active|rotating|1350565379|8193|8193
1785962186286|1244|mixed_30min_degrade_11_maskF_00004_1048576_terminal|fixed|1346371075|8193|8193
1785962186286|1244|mixed_30min_degrade_11_maskF_00004_1048576_terminal|rotating|1350565379|8193|8193
1785962186657|1245|mixed_30min_degrade_11_maskF_00005_1048576_active|fixed|1350557187|8193|8193
1785962186657|1245|mixed_30min_degrade_11_maskF_00005_1048576_active|rotating|1350565379|8193|8193
1785962188138|1245|mixed_30min_degrade_11_maskF_00005_1048576_terminal|fixed|1350565379|8193|8193
1785962188138|1245|mixed_30min_degrade_11_maskF_00005_1048576_terminal|rotating|1346371075|8193|8193
1785962194278|1246|mixed_30min_degrade_12_maskA_00000_1048576_active|fixed|1346371075|8193|8193
1785962194278|1246|mixed_30min_degrade_12_maskA_00000_1048576_active|rotating|1350557187|8193|8193
1785962196621|1246|mixed_30min_degrade_12_maskA_00000_1048576_terminal|fixed|1350565379|8193|8193
1785962196621|1246|mixed_30min_degrade_12_maskA_00000_1048576_terminal|rotating|1346371075|8193|8193
1785962196941|1247|mixed_30min_degrade_12_maskA_00001_1048576_active|fixed|1350565379|8193|8193
1785962196941|1247|mixed_30min_degrade_12_maskA_00001_1048576_active|rotating|1346362883|8193|8193
1785962199149|1247|mixed_30min_degrade_12_maskA_00001_1048576_terminal|fixed|1346371075|8193|8193
1785962199149|1247|mixed_30min_degrade_12_maskA_00001_1048576_terminal|rotating|1350565379|8193|8193
1785962199457|1248|mixed_30min_degrade_12_maskA_00002_1048576_active|fixed|1346371075|8193|8193
1785962199457|1248|mixed_30min_degrade_12_maskA_00002_1048576_active|rotating|1350557187|8193|8193
1785962201684|1248|mixed_30min_degrade_12_maskA_00002_1048576_terminal|fixed|1346371075|8193|8193
1785962201684|1248|mixed_30min_degrade_12_maskA_00002_1048576_terminal|rotating|1350565379|8193|8193
1785962202005|1249|mixed_30min_degrade_12_maskA_00003_1048576_active|fixed|1350565379|8193|8193
1785962202005|1249|mixed_30min_degrade_12_maskA_00003_1048576_active|rotating|1346362883|8193|8193
1785962204266|1249|mixed_30min_degrade_12_maskA_00003_1048576_terminal|fixed|1346371075|8193|8193
1785962204266|1249|mixed_30min_degrade_12_maskA_00003_1048576_terminal|rotating|1346371075|8193|8193
1785962204587|1250|mixed_30min_degrade_12_maskA_00004_1048576_active|fixed|1350565379|8193|8193
1785962204587|1250|mixed_30min_degrade_12_maskA_00004_1048576_active|rotating|1350557187|8193|8193
1785962206859|1250|mixed_30min_degrade_12_maskA_00004_1048576_terminal|fixed|1346371075|8193|8193
1785962206859|1250|mixed_30min_degrade_12_maskA_00004_1048576_terminal|rotating|1350565379|8193|8193
1785962212267|1251|mixed_30min_degrade_13_maskF_00000_1048576_active|fixed|1346362883|8193|8193
1785962212267|1251|mixed_30min_degrade_13_maskF_00000_1048576_active|rotating|1350565379|8193|8193
1785962213679|1251|mixed_30min_degrade_13_maskF_00000_1048576_terminal|fixed|1350565379|8193|8193
1785962213679|1251|mixed_30min_degrade_13_maskF_00000_1048576_terminal|rotating|1346371075|8193|8193
1785962213979|1252|mixed_30min_degrade_13_maskF_00001_1048576_active|fixed|1350557187|8193|8193
1785962213979|1252|mixed_30min_degrade_13_maskF_00001_1048576_active|rotating|1350565379|8193|8193
1785962215382|1252|mixed_30min_degrade_13_maskF_00001_1048576_terminal|fixed|1350565379|8193|8193
1785962215382|1252|mixed_30min_degrade_13_maskF_00001_1048576_terminal|rotating|1350565379|8193|8193
1785962215722|1253|mixed_30min_degrade_13_maskF_00002_1048576_active|fixed|1350557187|8193|8193
1785962215722|1253|mixed_30min_degrade_13_maskF_00002_1048576_active|rotating|1346371075|8193|8193
1785962217099|1253|mixed_30min_degrade_13_maskF_00002_1048576_terminal|fixed|1346371075|8193|8193
1785962217099|1253|mixed_30min_degrade_13_maskF_00002_1048576_terminal|rotating|1350565379|8193|8193
1785962217411|1254|mixed_30min_degrade_13_maskF_00003_1048576_active|fixed|1350557187|8193|8193
1785962217411|1254|mixed_30min_degrade_13_maskF_00003_1048576_active|rotating|1346371075|8193|8193
1785962218837|1254|mixed_30min_degrade_13_maskF_00003_1048576_terminal|fixed|1346371075|8193|8193
1785962218837|1254|mixed_30min_degrade_13_maskF_00003_1048576_terminal|rotating|1346371075|8193|8193
1785962219140|1255|mixed_30min_degrade_13_maskF_00004_1048576_active|fixed|1350557187|8193|8193
1785962219140|1255|mixed_30min_degrade_13_maskF_00004_1048576_active|rotating|1346371075|8193|8193
1785962220551|1255|mixed_30min_degrade_13_maskF_00004_1048576_terminal|fixed|1350565379|8193|8193
1785962220551|1255|mixed_30min_degrade_13_maskF_00004_1048576_terminal|rotating|1350565379|8193|8193
1785962220912|1256|mixed_30min_degrade_13_maskF_00005_1048576_active|fixed|1346362883|8193|8193
1785962220912|1256|mixed_30min_degrade_13_maskF_00005_1048576_active|rotating|1346371075|8193|8193
1785962222322|1256|mixed_30min_degrade_13_maskF_00005_1048576_terminal|fixed|1346371075|8193|8193
1785962222322|1256|mixed_30min_degrade_13_maskF_00005_1048576_terminal|rotating|1350565379|8193|8193
1785962222626|1257|mixed_30min_degrade_13_maskF_00006_1048576_active|fixed|1346362883|8193|8193
1785962222626|1257|mixed_30min_degrade_13_maskF_00006_1048576_active|rotating|1350565379|8193|8193
1785962223987|1257|mixed_30min_degrade_13_maskF_00006_1048576_terminal|fixed|1350565379|8193|8193
1785962223987|1257|mixed_30min_degrade_13_maskF_00006_1048576_terminal|rotating|1346371075|8193|8193
1785962230259|1258|mixed_30min_degrade_14_mask1_00000_1048576_active|fixed|1346371075|8193|8193
1785962230259|1258|mixed_30min_degrade_14_mask1_00000_1048576_active|rotating|1350557187|8193|8193
1785962234464|1258|mixed_30min_degrade_14_mask1_00000_1048576_terminal|fixed|1346371075|8193|8193
1785962234464|1258|mixed_30min_degrade_14_mask1_00000_1048576_terminal|rotating|1346371075|8193|8193
1785962234852|1259|mixed_30min_degrade_14_mask1_00001_1048576_active|fixed|1350565379|8193|8193
1785962234852|1259|mixed_30min_degrade_14_mask1_00001_1048576_active|rotating|1346362883|8193|8193
1785962239018|1259|mixed_30min_degrade_14_mask1_00001_1048576_terminal|fixed|1346371075|8193|8193
1785962239018|1259|mixed_30min_degrade_14_mask1_00001_1048576_terminal|rotating|1346371075|8193|8193
1785962239330|1260|mixed_30min_degrade_14_mask1_00002_1048576_active|fixed|1350565379|8193|8193
1785962239330|1260|mixed_30min_degrade_14_mask1_00002_1048576_active|rotating|1346362883|8193|8193
1785962243455|1260|mixed_30min_degrade_14_mask1_00002_1048576_terminal|fixed|1350565379|8193|8193
1785962243455|1260|mixed_30min_degrade_14_mask1_00002_1048576_terminal|rotating|1346371075|8193|8193
1785962248267|1261|mixed_30min_degrade_15_maskF_00000_1048576_active|fixed|1346362883|8193|8193
1785962248267|1261|mixed_30min_degrade_15_maskF_00000_1048576_active|rotating|1346371075|8193|8193
1785962249703|1261|mixed_30min_degrade_15_maskF_00000_1048576_terminal|fixed|1350565379|8193|8193
1785962249703|1261|mixed_30min_degrade_15_maskF_00000_1048576_terminal|rotating|1350565379|8193|8193
1785962250012|1262|mixed_30min_degrade_15_maskF_00001_1048576_active|fixed|1350557187|8193|8193
1785962250012|1262|mixed_30min_degrade_15_maskF_00001_1048576_active|rotating|1350565379|8193|8193
1785962251359|1262|mixed_30min_degrade_15_maskF_00001_1048576_terminal|fixed|1350565379|8193|8193
1785962251359|1262|mixed_30min_degrade_15_maskF_00001_1048576_terminal|rotating|1346371075|8193|8193
1785962251678|1263|mixed_30min_degrade_15_maskF_00002_1048576_active|fixed|1350557187|8193|8193
1785962251678|1263|mixed_30min_degrade_15_maskF_00002_1048576_active|rotating|1346371075|8193|8193
1785962253054|1263|mixed_30min_degrade_15_maskF_00002_1048576_terminal|fixed|1350565379|8193|8193
1785962253054|1263|mixed_30min_degrade_15_maskF_00002_1048576_terminal|rotating|1350565379|8193|8193
1785962253329|1264|mixed_30min_degrade_15_maskF_00003_1048576_active|fixed|1350557187|8193|8193
1785962253329|1264|mixed_30min_degrade_15_maskF_00003_1048576_active|rotating|1346371075|8193|8193
1785962254711|1264|mixed_30min_degrade_15_maskF_00003_1048576_terminal|fixed|1346371075|8193|8193
1785962254711|1264|mixed_30min_degrade_15_maskF_00003_1048576_terminal|rotating|1350565379|8193|8193
1785962255046|1265|mixed_30min_degrade_15_maskF_00004_1048576_active|fixed|1350557187|8193|8193
1785962255046|1265|mixed_30min_degrade_15_maskF_00004_1048576_active|rotating|1346371075|8193|8193
1785962256418|1265|mixed_30min_degrade_15_maskF_00004_1048576_terminal|fixed|1350565379|8193|8193
1785962256418|1265|mixed_30min_degrade_15_maskF_00004_1048576_terminal|rotating|1346371075|8193|8193
1785962256769|1266|mixed_30min_degrade_15_maskF_00005_1048576_active|fixed|1346362883|8193|8193
1785962256769|1266|mixed_30min_degrade_15_maskF_00005_1048576_active|rotating|1346371075|8193|8193
1785962258143|1266|mixed_30min_degrade_15_maskF_00005_1048576_terminal|fixed|1350565379|8193|8193
1785962258143|1266|mixed_30min_degrade_15_maskF_00005_1048576_terminal|rotating|1350565379|8193|8193
1785962258466|1267|mixed_30min_degrade_15_maskF_00006_1048576_active|fixed|1350557187|8193|8193
1785962258466|1267|mixed_30min_degrade_15_maskF_00006_1048576_active|rotating|1350565379|8193|8193
1785962259823|1267|mixed_30min_degrade_15_maskF_00006_1048576_terminal|fixed|1350565379|8193|8193
1785962259823|1267|mixed_30min_degrade_15_maskF_00006_1048576_terminal|rotating|1350565379|8193|8193
1785962260130|1268|mixed_30min_degrade_15_maskF_00007_1048576_active|fixed|1346362883|8193|8193
1785962260130|1268|mixed_30min_degrade_15_maskF_00007_1048576_active|rotating|1346371075|8193|8193
1785962261497|1268|mixed_30min_degrade_15_maskF_00007_1048576_terminal|fixed|1350565379|8193|8193
1785962261497|1268|mixed_30min_degrade_15_maskF_00007_1048576_terminal|rotating|1346371075|8193|8193
1785962266251|1269|mixed_30min_2plus2_fallback_00_00000_4194304_active|fixed|1350565379|8193|8193
1785962266251|1269|mixed_30min_2plus2_fallback_00_00000_4194304_active|rotating|1350557187|8193|8193
1785962271367|1269|mixed_30min_2plus2_fallback_00_00000_4194304|fixed|1350565378|8193|8193
1785962271367|1269|mixed_30min_2plus2_fallback_00_00000_4194304|rotating|1346362883|8193|8193
1785962273880|1269|mixed_30min_2plus2_fallback_00_00000_4194304_terminal|fixed|1350565379|8193|8193
1785962273880|1269|mixed_30min_2plus2_fallback_00_00000_4194304_terminal|rotating|1350565379|8193|8193
1785962274204|1270|mixed_30min_2plus2_fallback_00_00001_4194304_active|fixed|1346371075|8193|8193
1785962274204|1270|mixed_30min_2plus2_fallback_00_00001_4194304_active|rotating|1350557187|8193|8193
1785962279316|1270|mixed_30min_2plus2_fallback_00_00001_4194304|fixed|1350565378|8193|8193
1785962279316|1270|mixed_30min_2plus2_fallback_00_00001_4194304|rotating|1346362883|8193|8193
1785962281947|1270|mixed_30min_2plus2_fallback_00_00001_4194304_terminal|fixed|1350565379|8193|8193
1785962281947|1270|mixed_30min_2plus2_fallback_00_00001_4194304_terminal|rotating|1350565379|8193|8193
1785962282267|1271|mixed_30min_2plus2_fallback_00_00002_1048576_active|fixed|1350565379|8193|8193
1785962282267|1271|mixed_30min_2plus2_fallback_00_00002_1048576_active|rotating|1350557187|8193|8193
1785962284528|1271|mixed_30min_2plus2_fallback_00_00002_1048576_terminal|fixed|1350565379|8193|8193
1785962284528|1271|mixed_30min_2plus2_fallback_00_00002_1048576_terminal|rotating|1350565379|8193|8193
1785962284832|1272|mixed_30min_2plus2_fallback_00_00003_1048576_active|fixed|1346371075|8193|8193
1785962284832|1272|mixed_30min_2plus2_fallback_00_00003_1048576_active|rotating|1350557187|8193|8193
1785962287087|1272|mixed_30min_2plus2_fallback_00_00003_1048576_terminal|fixed|1346371075|8193|8193
1785962287087|1272|mixed_30min_2plus2_fallback_00_00003_1048576_terminal|rotating|1346371075|8193|8193
1785962287397|1273|mixed_30min_2plus2_fallback_00_00004_1048576_active|fixed|1346371075|8193|8193
1785962287397|1273|mixed_30min_2plus2_fallback_00_00004_1048576_active|rotating|1346362883|8193|8193
1785962289723|1273|mixed_30min_2plus2_fallback_00_00004_1048576_terminal|fixed|1350565379|8193|8193
1785962289723|1273|mixed_30min_2plus2_fallback_00_00004_1048576_terminal|rotating|1346371075|8193|8193
1785962290057|1274|mixed_30min_2plus2_fallback_00_00005_1048576_active|fixed|1350565379|8193|8193
1785962290057|1274|mixed_30min_2plus2_fallback_00_00005_1048576_active|rotating|1350557187|8193|8193
1785962292331|1274|mixed_30min_2plus2_fallback_00_00005_1048576_terminal|fixed|1350565379|8193|8193
1785962292331|1274|mixed_30min_2plus2_fallback_00_00005_1048576_terminal|rotating|1350565379|8193|8193
1785962296333|1275|mixed_30min_2plus2_fallback_01_00000_4194304_active|fixed|1346362883|8193|8193
1785962296333|1275|mixed_30min_2plus2_fallback_01_00000_4194304_active|rotating|1350565379|8193|8193
1785962301472|1275|mixed_30min_2plus2_fallback_01_00000_4194304|fixed|1350557187|8193|8193
1785962301472|1275|mixed_30min_2plus2_fallback_01_00000_4194304|rotating|1346371074|8193|8193
1785962306480|1275|mixed_30min_2plus2_fallback_01_00000_4194304|fixed|1346362883|8193|8193
1785962306480|1275|mixed_30min_2plus2_fallback_01_00000_4194304|rotating|1350565378|8193|8193
1785962311459|1275|mixed_30min_2plus2_fallback_01_00000_4194304|fixed|1346362883|8193|8193
1785962311459|1275|mixed_30min_2plus2_fallback_01_00000_4194304|rotating|1350565378|8193|8193
1785962313284|1275|mixed_30min_2plus2_fallback_01_00000_4194304_terminal|fixed|1350565379|8193|8193
1785962313284|1275|mixed_30min_2plus2_fallback_01_00000_4194304_terminal|rotating|1346371075|8193|8193
1785962313577|1276|mixed_30min_2plus2_fallback_01_00001_1048576_active|fixed|1350557187|8193|8193
1785962313577|1276|mixed_30min_2plus2_fallback_01_00001_1048576_active|rotating|1350565379|8193|8193
1785962317658|1276|mixed_30min_2plus2_fallback_01_00001_1048576_terminal|fixed|1346371075|8193|8193
1785962317658|1276|mixed_30min_2plus2_fallback_01_00001_1048576_terminal|rotating|1346371075|8193|8193
1785962317975|1277|mixed_30min_2plus2_fallback_01_00002_1048576_active|fixed|1350557187|8193|8193
1785962317975|1277|mixed_30min_2plus2_fallback_01_00002_1048576_active|rotating|1346371075|8193|8193
1785962322598|1277|mixed_30min_2plus2_fallback_01_00002_1048576_terminal|fixed|1350565379|8193|8193
1785962322598|1277|mixed_30min_2plus2_fallback_01_00002_1048576_terminal|rotating|1346371075|8193|8193
1785962326253|1278|mixed_30min_2plus2_fallback_02_00000_4194304_active|fixed|1350565379|8193|8193
1785962326253|1278|mixed_30min_2plus2_fallback_02_00000_4194304_active|rotating|1350557187|8193|8193
1785962331372|1278|mixed_30min_2plus2_fallback_02_00000_4194304|fixed|1350565378|8193|8193
1785962331372|1278|mixed_30min_2plus2_fallback_02_00000_4194304|rotating|1346362883|8193|8193
1785962333970|1278|mixed_30min_2plus2_fallback_02_00000_4194304_terminal|fixed|1346371075|8193|8193
1785962333970|1278|mixed_30min_2plus2_fallback_02_00000_4194304_terminal|rotating|1350565379|8193|8193
1785962334274|1279|mixed_30min_2plus2_fallback_02_00001_4194304_active|fixed|1346371075|8193|8193
1785962334274|1279|mixed_30min_2plus2_fallback_02_00001_4194304_active|rotating|1350557187|8193|8193
1785962339431|1279|mixed_30min_2plus2_fallback_02_00001_4194304|fixed|1350565378|8193|8193
1785962339431|1279|mixed_30min_2plus2_fallback_02_00001_4194304|rotating|1346362883|8193|8193
1785962341912|1279|mixed_30min_2plus2_fallback_02_00001_4194304_terminal|fixed|1350565379|8193|8193
1785962341912|1279|mixed_30min_2plus2_fallback_02_00001_4194304_terminal|rotating|1346371075|8193|8193
1785962342215|1280|mixed_30min_2plus2_fallback_02_00002_1048576_active|fixed|1346371075|8193|8193
1785962342215|1280|mixed_30min_2plus2_fallback_02_00002_1048576_active|rotating|1350557187|8193|8193
1785962344466|1280|mixed_30min_2plus2_fallback_02_00002_1048576_terminal|fixed|1346371075|8193|8193
1785962344466|1280|mixed_30min_2plus2_fallback_02_00002_1048576_terminal|rotating|1346371075|8193|8193
1785962344773|1281|mixed_30min_2plus2_fallback_02_00003_1048576_active|fixed|1350565379|8193|8193
1785962344773|1281|mixed_30min_2plus2_fallback_02_00003_1048576_active|rotating|1350557187|8193|8193
1785962347046|1281|mixed_30min_2plus2_fallback_02_00003_1048576_terminal|fixed|1350565379|8193|8193
1785962347046|1281|mixed_30min_2plus2_fallback_02_00003_1048576_terminal|rotating|1346371075|8193|8193
1785962347411|1282|mixed_30min_2plus2_fallback_02_00004_1048576_active|fixed|1350565379|8193|8193
1785962347411|1282|mixed_30min_2plus2_fallback_02_00004_1048576_active|rotating|1350557187|8193|8193
1785962349746|1282|mixed_30min_2plus2_fallback_02_00004_1048576_terminal|fixed|1350565379|8193|8193
1785962349746|1282|mixed_30min_2plus2_fallback_02_00004_1048576_terminal|rotating|1346371075|8193|8193
1785962350072|1283|mixed_30min_2plus2_fallback_02_00005_1048576_active|fixed|1346371075|8193|8193
1785962350072|1283|mixed_30min_2plus2_fallback_02_00005_1048576_active|rotating|1350557187|8193|8193
1785962352417|1283|mixed_30min_2plus2_fallback_02_00005_1048576_terminal|fixed|1346371075|8193|8193
1785962352417|1283|mixed_30min_2plus2_fallback_02_00005_1048576_terminal|rotating|1350565379|8193|8193
1785962356258|1284|mixed_30min_2plus2_fallback_03_00000_4194304_active|fixed|1346362883|8193|8193
1785962356258|1284|mixed_30min_2plus2_fallback_03_00000_4194304_active|rotating|1346371075|8193|8193
1785962361455|1284|mixed_30min_2plus2_fallback_03_00000_4194304|fixed|1350557187|8193|8193
1785962361455|1284|mixed_30min_2plus2_fallback_03_00000_4194304|rotating|1350565378|8193|8193
1785962366391|1284|mixed_30min_2plus2_fallback_03_00000_4194304|fixed|1346362883|8193|8193
1785962366391|1284|mixed_30min_2plus2_fallback_03_00000_4194304|rotating|1350565378|8193|8193
1785962371355|1284|mixed_30min_2plus2_fallback_03_00000_4194304|fixed|1350565379|8193|8193
1785962371355|1284|mixed_30min_2plus2_fallback_03_00000_4194304|rotating|1346371075|8193|8193
1785962371754|1284|mixed_30min_2plus2_fallback_03_00000_4194304_terminal|fixed|1346371075|8193|8193
1785962371754|1284|mixed_30min_2plus2_fallback_03_00000_4194304_terminal|rotating|1346371075|8193|8193
1785962372050|1285|mixed_30min_2plus2_fallback_03_00001_1048576_active|fixed|1346362883|8193|8193
1785962372050|1285|mixed_30min_2plus2_fallback_03_00001_1048576_active|rotating|1350565379|8193|8193
1785962376476|1285|mixed_30min_2plus2_fallback_03_00001_1048576_terminal|fixed|1350565379|8193|8193
1785962376476|1285|mixed_30min_2plus2_fallback_03_00001_1048576_terminal|rotating|1350565379|8193|8193
1785962376800|1286|mixed_30min_2plus2_fallback_03_00002_1048576_active|fixed|1350557187|8193|8193
1785962376800|1286|mixed_30min_2plus2_fallback_03_00002_1048576_active|rotating|1346371075|8193|8193
1785962381399|1286|mixed_30min_2plus2_fallback_03_00002_1048576_terminal|fixed|1350565379|8193|8193
1785962381399|1286|mixed_30min_2plus2_fallback_03_00002_1048576_terminal|rotating|1350565379|8193|8193
1785962386265|1287|mixed_30min_2plus2_fallback_04_00000_4194304_active|fixed|1346371075|8193|8193
1785962386265|1287|mixed_30min_2plus2_fallback_04_00000_4194304_active|rotating|1346362883|8193|8193
1785962391378|1287|mixed_30min_2plus2_fallback_04_00000_4194304|fixed|1346371074|8193|8193
1785962391378|1287|mixed_30min_2plus2_fallback_04_00000_4194304|rotating|1346362883|8193|8193
1785962393933|1287|mixed_30min_2plus2_fallback_04_00000_4194304_terminal|fixed|1350565379|8193|8193
1785962393933|1287|mixed_30min_2plus2_fallback_04_00000_4194304_terminal|rotating|1350565379|8193|8193
1785962394244|1288|mixed_30min_2plus2_fallback_04_00001_4194304_active|fixed|1346371075|8193|8193
1785962394244|1288|mixed_30min_2plus2_fallback_04_00001_4194304_active|rotating|1350557187|8193|8193
1785962399398|1288|mixed_30min_2plus2_fallback_04_00001_4194304|fixed|1346371074|8193|8193
1785962399398|1288|mixed_30min_2plus2_fallback_04_00001_4194304|rotating|1346362883|8193|8193
1785962401890|1288|mixed_30min_2plus2_fallback_04_00001_4194304_terminal|fixed|1346371075|8193|8193
1785962401890|1288|mixed_30min_2plus2_fallback_04_00001_4194304_terminal|rotating|1346371075|8193|8193
1785962402169|1289|mixed_30min_2plus2_fallback_04_00002_1048576_active|fixed|1346371075|8193|8193
1785962402169|1289|mixed_30min_2plus2_fallback_04_00002_1048576_active|rotating|1350557187|8193|8193
1785962404470|1289|mixed_30min_2plus2_fallback_04_00002_1048576_terminal|fixed|1350565379|8193|8193
1785962404470|1289|mixed_30min_2plus2_fallback_04_00002_1048576_terminal|rotating|1346371075|8193|8193
1785962404837|1290|mixed_30min_2plus2_fallback_04_00003_1048576_active|fixed|1350565379|8193|8193
1785962404837|1290|mixed_30min_2plus2_fallback_04_00003_1048576_active|rotating|1350557187|8193|8193
1785962407206|1290|mixed_30min_2plus2_fallback_04_00003_1048576_terminal|fixed|1350565379|8193|8193
1785962407206|1290|mixed_30min_2plus2_fallback_04_00003_1048576_terminal|rotating|1346371075|8193|8193
1785962407568|1291|mixed_30min_2plus2_fallback_04_00004_1048576_active|fixed|1346371075|8193|8193
1785962407568|1291|mixed_30min_2plus2_fallback_04_00004_1048576_active|rotating|1346362883|8193|8193
1785962410008|1291|mixed_30min_2plus2_fallback_04_00004_1048576_terminal|fixed|1350565379|8193|8193
1785962410008|1291|mixed_30min_2plus2_fallback_04_00004_1048576_terminal|rotating|1346371075|8193|8193
1785962416286|1292|mixed_30min_2plus2_fallback_05_00000_4194304_active|fixed|1350557187|8193|8193
1785962416286|1292|mixed_30min_2plus2_fallback_05_00000_4194304_active|rotating|1350565379|8193|8193
1785962421390|1292|mixed_30min_2plus2_fallback_05_00000_4194304|fixed|1346362883|8193|8193
1785962421390|1292|mixed_30min_2plus2_fallback_05_00000_4194304|rotating|1350565378|8193|8193
1785962426421|1292|mixed_30min_2plus2_fallback_05_00000_4194304|fixed|1346362883|8193|8193
1785962426421|1292|mixed_30min_2plus2_fallback_05_00000_4194304|rotating|1350565378|8193|8193
1785962431430|1292|mixed_30min_2plus2_fallback_05_00000_4194304|fixed|1346362883|8193|8193
1785962431430|1292|mixed_30min_2plus2_fallback_05_00000_4194304|rotating|1350565378|8193|8193
1785962433993|1292|mixed_30min_2plus2_fallback_05_00000_4194304_terminal|fixed|1346371075|8193|8193
1785962433993|1292|mixed_30min_2plus2_fallback_05_00000_4194304_terminal|rotating|1346371075|8193|8193
1785962434302|1293|mixed_30min_2plus2_fallback_05_00001_1048576_active|fixed|1350557187|8193|8193
1785962434302|1293|mixed_30min_2plus2_fallback_05_00001_1048576_active|rotating|1350565379|8193|8193
1785962438259|1293|mixed_30min_2plus2_fallback_05_00001_1048576_terminal|fixed|1346371075|8193|8193
1785962438259|1293|mixed_30min_2plus2_fallback_05_00001_1048576_terminal|rotating|1350565379|8193|8193
1785962438558|1294|mixed_30min_2plus2_fallback_05_00002_1048576_active|fixed|1350557187|8193|8193
1785962438558|1294|mixed_30min_2plus2_fallback_05_00002_1048576_active|rotating|1346371075|8193|8193
1785962443720|1294|mixed_30min_2plus2_fallback_05_00002_1048576_terminal|fixed|1346371075|8193|8193
1785962443720|1294|mixed_30min_2plus2_fallback_05_00002_1048576_terminal|rotating|1350565379|8193|8193
1785962446260|1295|mixed_30min_2plus2_fallback_06_00000_4194304_active|fixed|1346371075|8193|8193
1785962446260|1295|mixed_30min_2plus2_fallback_06_00000_4194304_active|rotating|1350557187|8193|8193
1785962451395|1295|mixed_30min_2plus2_fallback_06_00000_4194304|fixed|1346371074|8193|8193
1785962451395|1295|mixed_30min_2plus2_fallback_06_00000_4194304|rotating|1350557187|8193|8193
1785962454014|1295|mixed_30min_2plus2_fallback_06_00000_4194304_terminal|fixed|1350565379|8193|8193
1785962454014|1295|mixed_30min_2plus2_fallback_06_00000_4194304_terminal|rotating|1350565379|8193|8193
1785962454359|1296|mixed_30min_2plus2_fallback_06_00001_4194304_active|fixed|1350565379|8193|8193
1785962454359|1296|mixed_30min_2plus2_fallback_06_00001_4194304_active|rotating|1350557187|8193|8193
1785962459591|1296|mixed_30min_2plus2_fallback_06_00001_4194304|fixed|1346371074|8193|8193
1785962459591|1296|mixed_30min_2plus2_fallback_06_00001_4194304|rotating|1350557187|8193|8193
1785962462140|1296|mixed_30min_2plus2_fallback_06_00001_4194304_terminal|fixed|1350565379|8193|8193
1785962462140|1296|mixed_30min_2plus2_fallback_06_00001_4194304_terminal|rotating|1346371075|8193|8193
1785962462571|1297|mixed_30min_2plus2_fallback_06_00002_1048576_active|fixed|1346371075|8193|8193
1785962462571|1297|mixed_30min_2plus2_fallback_06_00002_1048576_active|rotating|1346362883|8193|8193
1785962464862|1297|mixed_30min_2plus2_fallback_06_00002_1048576_terminal|fixed|1346371075|8193|8193
1785962464862|1297|mixed_30min_2plus2_fallback_06_00002_1048576_terminal|rotating|1346371075|8193|8193
1785962465185|1298|mixed_30min_2plus2_fallback_06_00003_1048576_active|fixed|1346371075|8193|8193
1785962465185|1298|mixed_30min_2plus2_fallback_06_00003_1048576_active|rotating|1350557187|8193|8193
1785962467478|1298|mixed_30min_2plus2_fallback_06_00003_1048576_terminal|fixed|1346371075|8193|8193
1785962467478|1298|mixed_30min_2plus2_fallback_06_00003_1048576_terminal|rotating|1346371075|8193|8193
1785962467813|1299|mixed_30min_2plus2_fallback_06_00004_1048576_active|fixed|1346371075|8193|8193
1785962467813|1299|mixed_30min_2plus2_fallback_06_00004_1048576_active|rotating|1350557187|8193|8193
1785962470126|1299|mixed_30min_2plus2_fallback_06_00004_1048576_terminal|fixed|1346371075|8193|8193
1785962470126|1299|mixed_30min_2plus2_fallback_06_00004_1048576_terminal|rotating|1350565379|8193|8193
1785962476254|1300|mixed_30min_2plus2_fallback_07_00000_4194304_active|fixed|1346362883|8193|8193
1785962476254|1300|mixed_30min_2plus2_fallback_07_00000_4194304_active|rotating|1350565379|8193|8193
1785962481384|1300|mixed_30min_2plus2_fallback_07_00000_4194304|fixed|1350557187|8193|8193
1785962481384|1300|mixed_30min_2plus2_fallback_07_00000_4194304|rotating|1346371074|8193|8193
1785962486372|1300|mixed_30min_2plus2_fallback_07_00000_4194304|fixed|1346362883|8193|8193
1785962486372|1300|mixed_30min_2plus2_fallback_07_00000_4194304|rotating|1346371074|8193|8193
1785962491396|1300|mixed_30min_2plus2_fallback_07_00000_4194304|fixed|1350557187|8193|8193
1785962491396|1300|mixed_30min_2plus2_fallback_07_00000_4194304|rotating|1350565378|8193|8193
1785962493177|1300|mixed_30min_2plus2_fallback_07_00000_4194304_terminal|fixed|1350565379|8193|8193
1785962493177|1300|mixed_30min_2plus2_fallback_07_00000_4194304_terminal|rotating|1350565379|8193|8193
1785962493505|1301|mixed_30min_2plus2_fallback_07_00001_1048576_active|fixed|1350557187|8193|8193
1785962493505|1301|mixed_30min_2plus2_fallback_07_00001_1048576_active|rotating|1350565379|8193|8193
1785962498238|1301|mixed_30min_2plus2_fallback_07_00001_1048576_terminal|fixed|1350565379|8193|8193
1785962498238|1301|mixed_30min_2plus2_fallback_07_00001_1048576_terminal|rotating|1350565379|8193|8193
1785962498555|1302|mixed_30min_2plus2_fallback_07_00002_1048576_active|fixed|1346362883|8193|8193
1785962498555|1302|mixed_30min_2plus2_fallback_07_00002_1048576_active|rotating|1346371075|8193|8193
1785962503679|1302|mixed_30min_2plus2_fallback_07_00002_1048576|fixed|1346362883|8193|8193
1785962503679|1302|mixed_30min_2plus2_fallback_07_00002_1048576|rotating|1350565378|8193|8193
1785962504442|1302|mixed_30min_2plus2_fallback_07_00002_1048576_terminal|fixed|1346371075|8193|8193
1785962504442|1302|mixed_30min_2plus2_fallback_07_00002_1048576_terminal|rotating|1346371075|8193|8193
1785962506546|1303|P10_4-MIXED_FORMAL_endpoint_shutdown_terminal|fixed|1346371075|8193|8193
1785962506546|1303|P10_4-MIXED_FORMAL_endpoint_shutdown_terminal|rotating|1350565379|8193|8193
