{
  "P7_JTAG_AXI_SAFE_STAGE": "PASS",
  "generated_at_utc": "2026-07-16T22:11:12.150642+00:00",
  "stage_name": "p7_fragment_boundary_248_l0",
  "semantic_mode": "rfap",
  "requested_execute_hardware": true,
  "hardware_actions_executed": true,
  "programmed_fpga": true,
  "programmed_candidate": true,
  "programmed_shutdown_before": true,
  "programmed_shutdown_after": true,
  "started_ps_elf": false,
  "drove_tfdu_txd": true,
  "enabled_tfdu_receiver": true,
  "uart_access": false,
  "ethernet_used": false,
  "motion_used": false,
  "hardware_acceptance": "PENDING_HW",
  "diagnostic_only": false,
  "coverage_claimed": null,
  "HARDWARE_ACCEPTANCE": "PENDING_HW",
  "stage66_diagnostic_campaign": null,
  "safety_validation": {
    "P7_HARDWARE_SAFETY": "PASS",
    "ready_for_hardware_preflight": true,
    "hardware_actions_executed": false,
    "programmed_fpga": false,
    "drove_tfdu_txd": false,
    "started_ps_elf": false,
    "authorization_environment_present": true,
    "authorization": {
      "exists": true,
      "path": "D:\\CodexWorktrees\\p7formal_911e1a3\\RF_COMM_MULTILANE\\.hardware_authorization\\p7_20260717_stationary_app_r74_formal_full_033_p7_fragment_boundary_248_l0.txt",
      "actual_sha256": "428f3a2c217b4d1ae528508226493d25131118a776f159e659674f8c56a76132",
      "expected_sha256": "428f3a2c217b4d1ae528508226493d25131118a776f159e659674f8c56a76132",
      "markers": [
        "P7_STATIONARY_APP_LAYER_APPROVED"
      ],
      "duplicate_keys": []
    },
    "authorization_fields": {
      "AUTHORIZED_STAGE": "P7_STATIONARY_LOCAL_APPLICATION_LAYER_NO_ETHERNET",
      "USER_HARDWARE_AUTHORIZATION_FOR_P7": "GRANTED",
      "BOARD_ID": "210512180081",
      "EXPECTED_PART": "xc7z010clg400-1",
      "EXPECTED_TARGET": "localhost:3121/xilinx_tcf/Digilent/210512180081",
      "SOURCE_COMMIT": "911e1a303ff58593cac5ff4c4b70150d17f9a26b",
      "MAX_RUNTIME_SEC": "960",
      "SHUTDOWN_ON_EXIT": "required",
      "NO_ETHERNET": "true",
      "NO_MOTION": "true",
      "LANE_COUNT": "2",
      "MAX_LANE_MASK": "0x3",
      "P7_PLAN_PATH": "D:\\CodexWorktrees\\p7formal_911e1a3\\RF_COMM_MULTILANE\\evidence\\hardware\\p7\\artifacts\\p7_plan_c6db9d8348c3bc518fa5985595adfcdada1a08f11c9246c6103ec378b43b58dd.md",
      "P7_PLAN_SHA256": "c6db9d8348c3bc518fa5985595adfcdada1a08f11c9246c6103ec378b43b58dd",
      "BITSTREAM_PATH": "D:\\CodexWorktrees\\p7formal_911e1a3\\RF_COMM_MULTILANE\\evidence\\hardware\\p6\\bitstreams\\p6_jtag_dynamic_transport_798b0194029638fa27a254dd58db5d6fd28b65d91c5cf2c9e32c0f9076ee3c0f.bit",
      "BITSTREAM_SHA256": "798b0194029638fa27a254dd58db5d6fd28b65d91c5cf2c9e32c0f9076ee3c0f",
      "XSA_PATH": "D:\\CodexWorktrees\\p7formal_911e1a3\\RF_COMM_MULTILANE\\evidence\\hardware\\p6\\bitstreams\\p6_ps_dynamic_transport_45e39fa92e0199eef24892968e49e8abdaa9a7d9e4f571866b188316c6dc4cf0.xsa",
      "XSA_SHA256": "45e39fa92e0199eef24892968e49e8abdaa9a7d9e4f571866b188316c6dc4cf0",
      "ELF_PATH": "D:\\CodexWorktrees\\p7formal_911e1a3\\RF_COMM_MULTILANE\\evidence\\hardware\\p7\\artifacts\\p7_runtime_2efe94a236b8c287b8287ada06505253f455447cb88492b3f61e87accebf9949.elf",
      "ELF_SHA256": "2efe94a236b8c287b8287ada06505253f455447cb88492b3f61e87accebf9949",
      "PROFILE_PATH": "D:\\CodexWorktrees\\p7formal_911e1a3\\RF_COMM_MULTILANE\\profiles\\p7\\p7_stationary_app_30min.json",
      "PROFILE_SHA256": "65a36a8318e7fd1e3b647997aceca773c69e76eee85cb8fae922148ccd8f3c94",
      "ACTIVE_XDC_PATH": "D:\\CodexWorktrees\\p7formal_911e1a3\\RF_COMM_MULTILANE\\constraints\\active\\PORT1.generated.xdc",
      "ACTIVE_XDC_SHA256": "f53239e233c25509b6f15b5d0154be07f686c83c1568524a9ecf2e4bcbaa1344",
      "PINMAP_PATH": "D:\\CodexWorktrees\\p7formal_911e1a3\\RF_COMM_MULTILANE\\board_profiles\\ax7010_tfdu_j10_j11_pinmap.csv",
      "PINMAP_SHA256": "583a0151cb1e968f7d0782e38d20e1e4b9df387310966561c14fb2383a8541cd",
      "REGISTER_MAP_PATH": "D:\\CodexWorktrees\\p7formal_911e1a3\\RF_COMM_MULTILANE\\config\\register_map\\ir_axi_regs.yaml",
      "REGISTER_MAP_SHA256": "d5b0bf1476d815a3ed69988c72097827356d4eade48813c8913fc1b2d448983d",
      "SHUTDOWN_BITSTREAM_PATH": "D:\\CodexWorktrees\\p7formal_911e1a3\\RF_COMM_MULTILANE\\shutdown_bitstream\\tfdu_shutdown_j10_j11.bit",
      "SHUTDOWN_BITSTREAM_SHA256": "bac60b58912f0acd771dc830a6761535ec8f6a92befb1ae4cb7d928745af5810",
      "LTX_PATH": "D:\\CodexWorktrees\\p7formal_911e1a3\\RF_COMM_MULTILANE\\evidence\\hardware\\p6\\bitstreams\\p6_jtag_dynamic_transport_76fe1ec47871946a7d357b0caa1f669500de827b796d6154dcc54678e0ac7083.ltx",
      "LTX_SHA256": "76fe1ec47871946a7d357b0caa1f669500de827b796d6154dcc54678e0ac7083",
      "P7_JTAG_STAGE_NAME": "p7_fragment_boundary_248_l0",
      "P7_JTAG_SEMANTIC_MODE": "rfap",
      "P7_JTAG_TRANSACTION_PATH": "D:\\CodexWorktrees\\p7formal_911e1a3\\RF_COMM_MULTILANE\\build\\p7_authorized_sequence\\p7_20260717_stationary_app_r74_formal_full\\transactions\\033_p7_fragment_boundary_248_l0.transactions.txt",
      "P7_JTAG_TRANSACTION_SHA256": "95be7008b82c96e159cd4231eb1b7824fd27cd6b99f06290fac8f46b3d0e8606",
      "P7_JTAG_FREQUENCY_HZ": "1000000",
      "P7_JTAG_AXI_BASE": "0x43c00000",
      "P7_JTAG_BACKEND_MANIFEST_PATH": "D:\\CodexWorktrees\\p7formal_911e1a3\\RF_COMM_MULTILANE\\build\\p7_authorized_sequence\\p7_20260717_stationary_app_r74_formal_full\\manifests\\033_p7_fragment_boundary_248_l0.manifest.json",
      "P7_JTAG_BACKEND_MANIFEST_SHA256": "e95a807c2a73e79c114b8e3b5fc4003430219918da7be3c769a5b62ccaae6519"
    },
    "source_commit_requested": "911e1a303ff58593cac5ff4c4b70150d17f9a26b",
    "source_commit_current": "911e1a303ff58593cac5ff4c4b70150d17f9a26b",
    "dirty_files": [
      " M evidence/generated/p7_2lane_scope_summary.md",
      " M evidence/generated/p7_application_protocol_summary.md",
      " M evidence/generated/p7_artifact_provenance_summary.json",
      " M evidence/generated/p7_artifact_provenance_summary.md",
      " M evidence/generated/p7_backend_conformance_summary.md",
      " M evidence/generated/p7_fault_recovery_summary.md",
      " M evidence/generated/p7_file_integrity_summary.md",
      " M evidence/generated/p7_fragmentation_reassembly_summary.md",
      " M evidence/generated/p7_lane1_promotion_summary.json",
      " M evidence/generated/p7_lane_scheduler_summary.md",
      " M evidence/generated/p7_no_ethernet_summary.md",
      " M evidence/generated/p7_no_motion_summary.md",
      " M evidence/generated/p7_offline_gate_summary.json",
      " M evidence/generated/p7_offline_gate_summary.md",
      " M evidence/generated/p7_offline_test_run.json",
      " M evidence/generated/p7_protocol_vector_summary.json",
      " M evidence/generated/p7_protocol_vector_summary.md",
      " M evidence/generated/p7_ps_core_hardware_readiness.json",
      " M evidence/generated/p7_ps_runtime_build_summary.json",
      " M evidence/generated/p7_ps_runtime_build_summary.md",
      " M evidence/generated/p7_ps_runtime_summary.md",
      " M evidence/generated/p7_queue_backpressure_summary.md",
      " M evidence/generated/p7_repo_intake.md",
      " M evidence/generated/p7_repo_intake_summary.json",
      " M evidence/generated/p7_repo_intake_summary.md",
      " M evidence/generated/p7_segmentation_reassembly_summary.md",
      " M evidence/generated/vitis/p7_ps_runtime/p7_ps7_board_contract.json",
      " M evidence/generated/vitis/p7_ps_runtime/p7_ps_runtime_build.log",
      " M evidence/generated/vitis/p7_ps_runtime/p7_ps_runtime_build_summary.json",
      " M evidence/generated/vitis/p7_ps_runtime/p7_ps_runtime_build_summary.md",
      " M evidence/generated/vitis/p7_ps_runtime/p7_runtime.map",
      " M evidence/generated/vitis/p7_ps_runtime/p7_runtime_disassembly.txt",
      " M evidence/generated/vitis/p7_ps_runtime/p7_runtime_sections.txt",
      " M evidence/generated/vitis/p7_ps_runtime/p7_runtime_size.txt",
      " M evidence/generated/vitis/p7_ps_runtime/p7_runtime_stack_usage.txt",
      "?? evidence/hardware/p7/artifacts/p7_runtime_95c48876c5b281ec2b3cb0c1eca0d56832d5593afa7426eee5909bc4ccac0c8e.map",
      "?? evidence/hardware/p7/authorized_sequence/p7_20260717_stationary_app_r74_formal_full/"
    ],
    "max_runtime_sec": 960,
    "lane_count": 2,
    "max_lane_mask": "0x3",
    "no_ethernet": true,
    "no_motion": true,
    "shutdown_on_exit": true,
    "abort_file": "D:\\CodexWorktrees\\p7formal_911e1a3\\RF_COMM_MULTILANE\\.hardware_authorization\\ABORT_NOW.txt",
    "abort_file_present": false,
    "hw_server_url": "localhost:3121",
    "preflight_tcl": "D:\\CodexWorktrees\\p7formal_911e1a3\\RF_COMM_MULTILANE\\scripts\\hw\\p7_hw_preflight.tcl",
    "preflight_tcl_sha256": "95bfbdf7e6c429e6637c1b4224a9dcecaa1fd756a1f665b21a797d54afbfc464",
    "artifacts": {
      "plan": {
        "path": "D:\\CodexWorktrees\\p7formal_911e1a3\\RF_COMM_MULTILANE\\evidence\\hardware\\p7\\artifacts\\p7_plan_c6db9d8348c3bc518fa5985595adfcdada1a08f11c9246c6103ec378b43b58dd.md",
        "expected_sha256": "c6db9d8348c3bc518fa5985595adfcdada1a08f11c9246c6103ec378b43b58dd",
        "exists": true,
        "actual_sha256": "c6db9d8348c3bc518fa5985595adfcdada1a08f11c9246c6103ec378b43b58dd"
      },
      "bitstream": {
        "path": "D:\\CodexWorktrees\\p7formal_911e1a3\\RF_COMM_MULTILANE\\evidence\\hardware\\p6\\bitstreams\\p6_jtag_dynamic_transport_798b0194029638fa27a254dd58db5d6fd28b65d91c5cf2c9e32c0f9076ee3c0f.bit",
        "expected_sha256": "798b0194029638fa27a254dd58db5d6fd28b65d91c5cf2c9e32c0f9076ee3c0f",
        "exists": true,
        "actual_sha256": "798b0194029638fa27a254dd58db5d6fd28b65d91c5cf2c9e32c0f9076ee3c0f"
      },
      "xsa": {
        "path": "D:\\CodexWorktrees\\p7formal_911e1a3\\RF_COMM_MULTILANE\\evidence\\hardware\\p6\\bitstreams\\p6_ps_dynamic_transport_45e39fa92e0199eef24892968e49e8abdaa9a7d9e4f571866b188316c6dc4cf0.xsa",
        "expected_sha256": "45e39fa92e0199eef24892968e49e8abdaa9a7d9e4f571866b188316c6dc4cf0",
        "exists": true,
        "actual_sha256": "45e39fa92e0199eef24892968e49e8abdaa9a7d9e4f571866b188316c6dc4cf0"
      },
      "elf": {
        "path": "D:\\CodexWorktrees\\p7formal_911e1a3\\RF_COMM_MULTILANE\\evidence\\hardware\\p7\\artifacts\\p7_runtime_2efe94a236b8c287b8287ada06505253f455447cb88492b3f61e87accebf9949.elf",
        "expected_sha256": "2efe94a236b8c287b8287ada06505253f455447cb88492b3f61e87accebf9949",
        "exists": true,
        "actual_sha256": "2efe94a236b8c287b8287ada06505253f455447cb88492b3f61e87accebf9949"
      },
      "profile": {
        "path": "D:\\CodexWorktrees\\p7formal_911e1a3\\RF_COMM_MULTILANE\\profiles\\p7\\p7_stationary_app_30min.json",
        "expected_sha256": "65a36a8318e7fd1e3b647997aceca773c69e76eee85cb8fae922148ccd8f3c94",
        "exists": true,
        "actual_sha256": "65a36a8318e7fd1e3b647997aceca773c69e76eee85cb8fae922148ccd8f3c94"
      },
      "active_xdc": {
        "path": "D:\\CodexWorktrees\\p7formal_911e1a3\\RF_COMM_MULTILANE\\constraints\\active\\PORT1.generated.xdc",
        "expected_sha256": "f53239e233c25509b6f15b5d0154be07f686c83c1568524a9ecf2e4bcbaa1344",
        "exists": true,
        "actual_sha256": "f53239e233c25509b6f15b5d0154be07f686c83c1568524a9ecf2e4bcbaa1344"
      },
      "pinmap": {
        "path": "D:\\CodexWorktrees\\p7formal_911e1a3\\RF_COMM_MULTILANE\\board_profiles\\ax7010_tfdu_j10_j11_pinmap.csv",
        "expected_sha256": "583a0151cb1e968f7d0782e38d20e1e4b9df387310966561c14fb2383a8541cd",
        "exists": true,
        "actual_sha256": "583a0151cb1e968f7d0782e38d20e1e4b9df387310966561c14fb2383a8541cd"
      },
      "register_map": {
        "path": "D:\\CodexWorktrees\\p7formal_911e1a3\\RF_COMM_MULTILANE\\config\\register_map\\ir_axi_regs.yaml",
        "expected_sha256": "d5b0bf1476d815a3ed69988c72097827356d4eade48813c8913fc1b2d448983d",
        "exists": true,
        "actual_sha256": "d5b0bf1476d815a3ed69988c72097827356d4eade48813c8913fc1b2d448983d"
      },
      "shutdown_bitstream": {
        "path": "D:\\CodexWorktrees\\p7formal_911e1a3\\RF_COMM_MULTILANE\\shutdown_bitstream\\tfdu_shutdown_j10_j11.bit",
        "expected_sha256": "bac60b58912f0acd771dc830a6761535ec8f6a92befb1ae4cb7d928745af5810",
        "exists": true,
        "actual_sha256": "bac60b58912f0acd771dc830a6761535ec8f6a92befb1ae4cb7d928745af5810"
      },
      "ltx": {
        "path": "D:\\CodexWorktrees\\p7formal_911e1a3\\RF_COMM_MULTILANE\\evidence\\hardware\\p6\\bitstreams\\p6_jtag_dynamic_transport_76fe1ec47871946a7d357b0caa1f669500de827b796d6154dcc54678e0ac7083.ltx",
        "expected_sha256": "76fe1ec47871946a7d357b0caa1f669500de827b796d6154dcc54678e0ac7083",
        "exists": true,
        "actual_sha256": "76fe1ec47871946a7d357b0caa1f669500de827b796d6154dcc54678e0ac7083"
      }
    },
    "errors": [],
    "warnings": [
      "workspace has uncommitted changes; frozen artifact hashes remain authoritative"
    ]
  },
  "stage_validation_errors": [],
  "transaction_validation": {
    "format": "P7_JTAG_AXI_TRANSACTIONS_V1",
    "path": "D:\\CodexWorktrees\\p7formal_911e1a3\\RF_COMM_MULTILANE\\build\\p7_authorized_sequence\\p7_20260717_stationary_app_r74_formal_full\\transactions\\033_p7_fragment_boundary_248_l0.transactions.txt",
    "expected_sha256": "95be7008b82c96e159cd4231eb1b7824fd27cd6b99f06290fac8f46b3d0e8606",
    "actual_sha256": "95be7008b82c96e159cd4231eb1b7824fd27cd6b99f06290fac8f46b3d0e8606",
    "operation_count": 327,
    "poll_operation_count": 4,
    "poll_iteration_ceiling": 24000,
    "metadata": {
      "BACKEND": "p7_jtag_backend",
      "LANE_POLICY": "LANE0_ONLY"
    },
    "errors": [],
    "size_bytes": 10476,
    "start_operation_count": 2,
    "commit_operation_count": 2,
    "payload_write_count": 79,
    "logical_axi_operation_count": 327,
    "minimum_run_hw_axi_call_count": 30,
    "multi_transaction_batch_count": 14,
    "batched_single_word_transaction_count": 311,
    "max_batch_transactions": 62,
    "axi4_incr_burst_count": 6,
    "axi4_incr_burst_word_count": 237,
    "max_axi4_incr_burst_words": 62,
    "queued_single_run_hw_axi_call_count": 11,
    "queued_single_multi_transaction_batch_count": 8,
    "queued_single_transaction_count": 77,
    "max_queued_single_transactions": 16,
    "ordered_control_write_run_hw_axi_call_count": 9,
    "queued_control_write_transaction_count": 0,
    "standalone_run_hw_axi_call_count": 16,
    "result_keys": [
      "P7F00000_ACK_SEEN",
      "P7F00000_ACK_SENT",
      "P7F00000_COMMIT",
      "P7F00000_COMMIT_POLLS",
      "P7F00000_CRC_BAD",
      "P7F00000_DONE",
      "P7F00000_DONE_POLLS",
      "P7F00000_DUTY_VIOLATION",
      "P7F00000_ERROR_CODE",
      "P7F00000_FRAME_BAD",
      "P7F00000_FRAME_GOOD",
      "P7F00000_MAILBOX",
      "P7F00000_PAYLOAD_MISMATCH",
      "P7F00000_RAW_RX_PULSES",
      "P7F00000_RAW_TX_PULSES",
      "P7F00000_RETRY_COUNT",
      "P7F00000_RETRY_EXHAUSTED",
      "P7F00000_RXW000",
      "P7F00000_RXW001",
      "P7F00000_RXW002",
      "P7F00000_RXW003",
      "P7F00000_RXW004",
      "P7F00000_RXW005",
      "P7F00000_RXW006",
      "P7F00000_RXW007",
      "P7F00000_RXW008",
      "P7F00000_RXW009",
      "P7F00000_RXW010",
      "P7F00000_RXW011",
      "P7F00000_RXW012",
      "P7F00000_RXW013",
      "P7F00000_RXW014",
      "P7F00000_RXW015",
      "P7F00000_RXW016",
      "P7F00000_RXW017",
      "P7F00000_RXW018",
      "P7F00000_RXW019",
      "P7F00000_RXW020",
      "P7F00000_RXW021",
      "P7F00000_RXW022",
      "P7F00000_RXW023",
      "P7F00000_RXW024",
      "P7F00000_RXW025",
      "P7F00000_RXW026",
      "P7F00000_RXW027",
      "P7F00000_RXW028",
      "P7F00000_RXW029",
      "P7F00000_RXW030",
      "P7F00000_RXW031",
      "P7F00000_RXW032",
      "P7F00000_RXW033",
      "P7F00000_RXW034",
      "P7F00000_RXW035",
      "P7F00000_RXW036",
      "P7F00000_RXW037",
      "P7F00000_RXW038",
      "P7F00000_RXW039",
      "P7F00000_RXW040",
      "P7F00000_RXW041",
      "P7F00000_RXW042",
      "P7F00000_RXW043",
      "P7F00000_RXW044",
      "P7F00000_RXW045",
      "P7F00000_RXW046",
      "P7F00000_RXW047",
      "P7F00000_RXW048",
      "P7F00000_RXW049",
      "P7F00000_RXW050",
      "P7F00000_RXW051",
      "P7F00000_RXW052",
      "P7F00000_RXW053",
      "P7F00000_RXW054",
      "P7F00000_RXW055",
      "P7F00000_RXW056",
      "P7F00000_RXW057",
      "P7F00000_RXW058",
      "P7F00000_RXW059",
      "P7F00000_RXW060",
      "P7F00000_RXW061",
      "P7F00000_RX_CRC32",
      "P7F00000_RX_DIGEST",
      "P7F00000_RX_GOOD_COUNT_L0",
      "P7F00000_RX_GOOD_COUNT_L1",
      "P7F00000_RX_LEN",
      "P7F00000_STATUS",
      "P7F00000_STICKY_ERROR",
      "P7F00000_TXD_HIGH_MAX",
      "P7F00000_TXW000",
      "P7F00000_TXW001",
      "P7F00000_TXW002",
      "P7F00000_TXW003",
      "P7F00000_TXW004",
      "P7F00000_TXW005",
      "P7F00000_TXW006",
      "P7F00000_TXW007",
      "P7F00000_TXW008",
      "P7F00000_TXW009",
      "P7F00000_TXW010",
      "P7F00000_TXW011",
      "P7F00000_TXW012",
      "P7F00000_TXW013",
      "P7F00000_TXW014",
      "P7F00000_TXW015",
      "P7F00000_TXW016",
      "P7F00000_TXW017",
      "P7F00000_TXW018",
      "P7F00000_TXW019",
      "P7F00000_TXW020",
      "P7F00000_TXW021",
      "P7F00000_TXW022",
      "P7F00000_TXW023",
      "P7F00000_TXW024",
      "P7F00000_TXW025",
      "P7F00000_TXW026",
      "P7F00000_TXW027",
      "P7F00000_TXW028",
      "P7F00000_TXW029",
      "P7F00000_TXW030",
      "P7F00000_TXW031",
      "P7F00000_TXW032",
      "P7F00000_TXW033",
      "P7F00000_TXW034",
      "P7F00000_TXW035",
      "P7F00000_TXW036",
      "P7F00000_TXW037",
      "P7F00000_TXW038",
      "P7F00000_TXW039",
      "P7F00000_TXW040",
      "P7F00000_TXW041",
      "P7F00000_TXW042",
      "P7F00000_TXW043",
      "P7F00000_TXW044",
      "P7F00000_TXW045",
      "P7F00000_TXW046",
      "P7F00000_TXW047",
      "P7F00000_TXW048",
      "P7F00000_TXW049",
      "P7F00000_TXW050",
      "P7F00000_TXW051",
      "P7F00000_TXW052",
      "P7F00000_TXW053",
      "P7F00000_TXW054",
      "P7F00000_TXW055",
      "P7F00000_TXW056",
      "P7F00000_TXW057",
      "P7F00000_TXW058",
      "P7F00000_TXW059",
      "P7F00000_TXW060",
      "P7F00000_TXW061",
      "P7F00000_TX_COUNT",
      "P7F00000_TX_CRC32",
      "P7F00000_TX_FAIL",
      "P7F00001_ACK_SEEN",
      "P7F00001_ACK_SENT",
      "P7F00001_COMMIT",
      "P7F00001_COMMIT_POLLS",
      "P7F00001_CRC_BAD",
      "P7F00001_DONE",
      "P7F00001_DONE_POLLS",
      "P7F00001_DUTY_VIOLATION",
      "P7F00001_ERROR_CODE",
      "P7F00001_FRAME_BAD",
      "P7F00001_FRAME_GOOD",
      "P7F00001_MAILBOX",
      "P7F00001_PAYLOAD_MISMATCH",
      "P7F00001_RAW_RX_PULSES",
      "P7F00001_RAW_TX_PULSES",
      "P7F00001_RETRY_COUNT",
      "P7F00001_RETRY_EXHAUSTED",
      "P7F00001_RXW000",
      "P7F00001_RXW001",
      "P7F00001_RXW002",
      "P7F00001_RXW003",
      "P7F00001_RXW004",
      "P7F00001_RXW005",
      "P7F00001_RXW006",
      "P7F00001_RXW007",
      "P7F00001_RXW008",
      "P7F00001_RXW009",
      "P7F00001_RXW010",
      "P7F00001_RXW011",
      "P7F00001_RXW012",
      "P7F00001_RXW013",
      "P7F00001_RXW014",
      "P7F00001_RXW015",
      "P7F00001_RXW016",
      "P7F00001_RX_CRC32",
      "P7F00001_RX_DIGEST",
      "P7F00001_RX_GOOD_COUNT_L0",
      "P7F00001_RX_GOOD_COUNT_L1",
      "P7F00001_RX_LEN",
      "P7F00001_STATUS",
      "P7F00001_STICKY_ERROR",
      "P7F00001_TXD_HIGH_MAX",
      "P7F00001_TXW000",
      "P7F00001_TXW001",
      "P7F00001_TXW002",
      "P7F00001_TXW003",
      "P7F00001_TXW004",
      "P7F00001_TXW005",
      "P7F00001_TXW006",
      "P7F00001_TXW007",
      "P7F00001_TXW008",
      "P7F00001_TXW009",
      "P7F00001_TXW010",
      "P7F00001_TXW011",
      "P7F00001_TXW012",
      "P7F00001_TXW013",
      "P7F00001_TXW014",
      "P7F00001_TXW015",
      "P7F00001_TXW016",
      "P7F00001_TX_COUNT",
      "P7F00001_TX_CRC32",
      "P7F00001_TX_FAIL",
      "P7_BASE_ACK_SEEN",
      "P7_BASE_ACK_SENT",
      "P7_BASE_CRC_BAD",
      "P7_BASE_DUTY_VIOLATION",
      "P7_BASE_ERROR_CODE",
      "P7_BASE_FRAME_BAD",
      "P7_BASE_FRAME_GOOD",
      "P7_BASE_PAYLOAD_MISMATCH",
      "P7_BASE_RAW_RX_PULSES",
      "P7_BASE_RAW_TX_PULSES",
      "P7_BASE_RETRY_COUNT",
      "P7_BASE_RETRY_EXHAUSTED",
      "P7_BASE_RX_GOOD_COUNT_L0",
      "P7_BASE_RX_GOOD_COUNT_L1",
      "P7_BASE_STICKY_ERROR",
      "P7_BASE_TXD_HIGH_MAX",
      "P7_BASE_TX_COUNT",
      "P7_BASE_TX_FAIL",
      "P7_FINAL_SHUTDOWN_REASON"
    ],
    "write_operations": [
      {
        "offset": "0x100",
        "value": "0x00000002"
      },
      {
        "offset": "0x100",
        "value": "0x00000002"
      },
      {
        "offset": "0x200",
        "value": "0x50414652"
      },
      {
        "offset": "0x204",
        "value": "0x00200101"
      },
      {
        "offset": "0x208",
        "value": "0x50370021"
      },
      {
        "offset": "0x20c",
        "value": "0x00000021"
      },
      {
        "offset": "0x210",
        "value": "0x000000f8"
      },
      {
        "offset": "0x214",
        "value": "0x00020000"
      },
      {
        "offset": "0x218",
        "value": "0x000000d7"
      },
      {
        "offset": "0x21c",
        "value": "0x55991ead"
      },
      {
        "offset": "0x220",
        "value": "0x03020100"
      },
      {
        "offset": "0x224",
        "value": "0x07060504"
      },
      {
        "offset": "0x228",
        "value": "0x0b0a0908"
      },
      {
        "offset": "0x22c",
        "value": "0x0f0e0d0c"
      },
      {
        "offset": "0x230",
        "value": "0x13121110"
      },
      {
        "offset": "0x234",
        "value": "0x17161514"
      },
      {
        "offset": "0x238",
        "value": "0x1b1a1918"
      },
      {
        "offset": "0x23c",
        "value": "0x1f1e1d1c"
      },
      {
        "offset": "0x240",
        "value": "0x23222120"
      },
      {
        "offset": "0x244",
        "value": "0x27262524"
      },
      {
        "offset": "0x248",
        "value": "0x2b2a2928"
      },
      {
        "offset": "0x24c",
        "value": "0x2f2e2d2c"
      },
      {
        "offset": "0x250",
        "value": "0x33323130"
      },
      {
        "offset": "0x254",
        "value": "0x37363534"
      },
      {
        "offset": "0x258",
        "value": "0x3b3a3938"
      },
      {
        "offset": "0x25c",
        "value": "0x3f3e3d3c"
      },
      {
        "offset": "0x260",
        "value": "0x43424140"
      },
      {
        "offset": "0x264",
        "value": "0x47464544"
      },
      {
        "offset": "0x268",
        "value": "0x4b4a4948"
      },
      {
        "offset": "0x26c",
        "value": "0x4f4e4d4c"
      },
      {
        "offset": "0x270",
        "value": "0x53525150"
      },
      {
        "offset": "0x274",
        "value": "0x57565554"
      },
      {
        "offset": "0x278",
        "value": "0x5b5a5958"
      },
      {
        "offset": "0x27c",
        "value": "0x5f5e5d5c"
      },
      {
        "offset": "0x280",
        "value": "0x63626160"
      },
      {
        "offset": "0x284",
        "value": "0x67666564"
      },
      {
        "offset": "0x288",
        "value": "0x6b6a6968"
      },
      {
        "offset": "0x28c",
        "value": "0x6f6e6d6c"
      },
      {
        "offset": "0x290",
        "value": "0x73727170"
      },
      {
        "offset": "0x294",
        "value": "0x77767574"
      },
      {
        "offset": "0x298",
        "value": "0x7b7a7978"
      },
      {
        "offset": "0x29c",
        "value": "0x7f7e7d7c"
      },
      {
        "offset": "0x2a0",
        "value": "0x83828180"
      },
      {
        "offset": "0x2a4",
        "value": "0x87868584"
      },
      {
        "offset": "0x2a8",
        "value": "0x8b8a8988"
      },
      {
        "offset": "0x2ac",
        "value": "0x8f8e8d8c"
      },
      {
        "offset": "0x2b0",
        "value": "0x93929190"
      },
      {
        "offset": "0x2b4",
        "value": "0x97969594"
      },
      {
        "offset": "0x2b8",
        "value": "0x9b9a9998"
      },
      {
        "offset": "0x2bc",
        "value": "0x9f9e9d9c"
      },
      {
        "offset": "0x2c0",
        "value": "0xa3a2a1a0"
      },
      {
        "offset": "0x2c4",
        "value": "0xa7a6a5a4"
      },
      {
        "offset": "0x2c8",
        "value": "0xabaaa9a8"
      },
      {
        "offset": "0x2cc",
        "value": "0xafaeadac"
      },
      {
        "offset": "0x2d0",
        "value": "0xb3b2b1b0"
      },
      {
        "offset": "0x2d4",
        "value": "0xb7b6b5b4"
      },
      {
        "offset": "0x2d8",
        "value": "0xbbbab9b8"
      },
      {
        "offset": "0x2dc",
        "value": "0xbfbebdbc"
      },
      {
        "offset": "0x2e0",
        "value": "0xc3c2c1c0"
      },
      {
        "offset": "0x2e4",
        "value": "0xc7c6c5c4"
      },
      {
        "offset": "0x2e8",
        "value": "0xcbcac9c8"
      },
      {
        "offset": "0x2ec",
        "value": "0xcfcecdcc"
      },
      {
        "offset": "0x2f0",
        "value": "0xd3d2d1d0"
      },
      {
        "offset": "0x2f4",
        "value": "0x00d6d5d4"
      },
      {
        "offset": "0x108",
        "value": "0x00002201"
      },
      {
        "offset": "0x10c",
        "value": "0x00000001"
      },
      {
        "offset": "0x110",
        "value": "0x00000001"
      },
      {
        "offset": "0x114",
        "value": "0x000000f7"
      },
      {
        "offset": "0x15c",
        "value": "0x0061a800"
      },
      {
        "offset": "0x100",
        "value": "0x00000004"
      },
      {
        "offset": "0x100",
        "value": "0x00000008"
      },
      {
        "offset": "0x100",
        "value": "0x00000002"
      },
      {
        "offset": "0x200",
        "value": "0x50414652"
      },
      {
        "offset": "0x204",
        "value": "0x00200201"
      },
      {
        "offset": "0x208",
        "value": "0x50370021"
      },
      {
        "offset": "0x20c",
        "value": "0x00000021"
      },
      {
        "offset": "0x210",
        "value": "0x000000f8"
      },
      {
        "offset": "0x214",
        "value": "0x00020001"
      },
      {
        "offset": "0x218",
        "value": "0x00000021"
      },
      {
        "offset": "0x21c",
        "value": "0x55991ead"
      },
      {
        "offset": "0x220",
        "value": "0xdad9d8d7"
      },
      {
        "offset": "0x224",
        "value": "0xdedddcdb"
      },
      {
        "offset": "0x228",
        "value": "0xe2e1e0df"
      },
      {
        "offset": "0x22c",
        "value": "0xe6e5e4e3"
      },
      {
        "offset": "0x230",
        "value": "0xeae9e8e7"
      },
      {
        "offset": "0x234",
        "value": "0xeeedeceb"
      },
      {
        "offset": "0x238",
        "value": "0xf2f1f0ef"
      },
      {
        "offset": "0x23c",
        "value": "0xf6f5f4f3"
      },
      {
        "offset": "0x240",
        "value": "0x000000f7"
      },
      {
        "offset": "0x108",
        "value": "0x00002201"
      },
      {
        "offset": "0x10c",
        "value": "0x00000001"
      },
      {
        "offset": "0x110",
        "value": "0x00000001"
      },
      {
        "offset": "0x114",
        "value": "0x00000041"
      },
      {
        "offset": "0x15c",
        "value": "0x0061a800"
      },
      {
        "offset": "0x100",
        "value": "0x00000004"
      },
      {
        "offset": "0x100",
        "value": "0x00000008"
      },
      {
        "offset": "0x100",
        "value": "0x00000030"
      },
      {
        "offset": "0x100",
        "value": "0x00000030"
      }
    ],
    "runtime_feasibility": {
      "jtag_frequency_hz": 1000000,
      "reference_jtag_frequency_hz": 1000000,
      "estimated_axi_operation_us_at_1mhz": 1250,
      "estimated_stage_fixed_overhead_seconds": 30.0,
      "estimate_model": "one_axi_read_per_poll_operation_global_deadline_authoritative",
      "estimated_stage_runtime_seconds": 30.40875,
      "minimum_stage_runtime_sec": 31,
      "authorized_runtime_sec": 960,
      "feasible_within_authorized_runtime": true,
      "containment_initial_empty_wait_seconds": 0,
      "expected_tool_daemon_grace_seconds": 30,
      "containment_total_exit_window_seconds": 30,
      "containment_topology_revalidation_interval_seconds": 0.1,
      "containment_forced_cleanup_wait_seconds": 10,
      "containment_failure_bound_seconds": 40,
      "jtag_wrapper_vivado_process_count": 4,
      "jtag_wrapper_containment_allowance_seconds": 120,
      "jtag_wrapper_max_forced_cleanup_events": 2,
      "jtag_wrapper_forced_cleanup_reserve_seconds": 20,
      "jtag_wrapper_other_guard_seconds": 65,
      "jtag_wrapper_bookkeeping_guard_seconds": 45,
      "jtag_wrapper_other_guard_after_forced_cleanup_seconds": 45,
      "global_runtime_budget": {
        "minimum_estimated_global_runtime_sec": 396,
        "configured_global_timeout_ceiling_sec": 915,
        "authorized_global_runtime_sec": 960,
        "containment_initial_empty_wait_seconds": 0,
        "expected_tool_daemon_grace_seconds": 30,
        "containment_total_exit_window_seconds": 30,
        "containment_topology_revalidation_interval_seconds": 0.1,
        "containment_success_bound_seconds_each": 30,
        "containment_failure_bound_seconds_each": 40,
        "contained_vivado_process_count": 4,
        "containment_allowance_seconds": 120,
        "max_forced_cleanup_events": 2,
        "forced_cleanup_wait_seconds": 10,
        "forced_cleanup_reserve_seconds": 20,
        "other_guard_seconds": 65,
        "bookkeeping_guard_seconds": 45,
        "other_guard_after_forced_cleanup_seconds": 45,
        "configured_unallocated_margin_seconds": 45,
        "estimated_unallocated_margin_seconds": 564,
        "minimum_stage_fits_configured_timeout": true,
        "feasible": true
      }
    },
    "valid": true,
    "backend_manifest": {
      "path": "D:\\CodexWorktrees\\p7formal_911e1a3\\RF_COMM_MULTILANE\\build\\p7_authorized_sequence\\p7_20260717_stationary_app_r74_formal_full\\manifests\\033_p7_fragment_boundary_248_l0.manifest.json",
      "expected_sha256": "e95a807c2a73e79c114b8e3b5fc4003430219918da7be3c769a5b62ccaae6519",
      "actual_sha256": "e95a807c2a73e79c114b8e3b5fc4003430219918da7be3c769a5b62ccaae6519",
      "schema": "rfap-p7-jtag-axi-dry-run-v1",
      "input_length": 248,
      "input_sha256": "c6fefe1bfbe6f5364bf0e40447ffca27fde55f1cd815e1fa3bafb46a41c91749",
      "lane_policy": "LANE0_ONLY",
      "transaction_operation_count": 327
    },
    "global_runtime_budget": {
      "minimum_estimated_global_runtime_sec": 396,
      "configured_global_timeout_ceiling_sec": 915,
      "authorized_global_runtime_sec": 960,
      "containment_initial_empty_wait_seconds": 0,
      "expected_tool_daemon_grace_seconds": 30,
      "containment_total_exit_window_seconds": 30,
      "containment_topology_revalidation_interval_seconds": 0.1,
      "containment_success_bound_seconds_each": 30,
      "containment_failure_bound_seconds_each": 40,
      "contained_vivado_process_count": 4,
      "containment_allowance_seconds": 120,
      "max_forced_cleanup_events": 2,
      "forced_cleanup_wait_seconds": 10,
      "forced_cleanup_reserve_seconds": 20,
      "other_guard_seconds": 65,
      "bookkeeping_guard_seconds": 45,
      "other_guard_after_forced_cleanup_seconds": 45,
      "configured_unallocated_margin_seconds": 45,
      "estimated_unallocated_margin_seconds": 564,
      "minimum_stage_fits_configured_timeout": true,
      "feasible": true
    }
  },
  "exit_code_policy": "returncode_must_be_exactly_zero_and_required_markers_must_match",
  "transaction_format_boundary": "strict_P7_JTAG_AXI_TRANSACTIONS_V1_no_source_no_eval_no_external_commands",
  "hardware_execution_lock": {
    "path": "D:\\CodexWorktrees\\p7formal_911e1a3\\RF_COMM_MULTILANE\\.hardware_authorization\\P7_HARDWARE_EXECUTION.lock",
    "token_sha256": "6984595f43a736ed0b67c2b02d06c1c55ac9d762543089989b7ec732d6b28f3f",
    "owner": {
      "schema": "rf-comm-p7-hardware-execution-lock-v1",
      "pid": 5228,
      "wrapper": "run_p7_jtag_axi_stage_safe.py",
      "stage_name": "p7_fragment_boundary_248_l0",
      "acquired_at_utc": "2026-07-16T22:11:12.150842+00:00",
      "evidence_dir": "D:\\CodexWorktrees\\p7formal_911e1a3\\RF_COMM_MULTILANE\\evidence\\hardware\\p7\\authorized_sequence\\p7_20260717_stationary_app_r74_formal_full\\033_p7_fragment_boundary_248_l0"
    },
    "acquired": true,
    "stale_lock_auto_recovery": false
  },
  "global_runtime_deadline_source": "host_monotonic",
  "global_runtime_guard_seconds": 65,
  "global_runtime_budget_components": {
    "contained_vivado_process_count": 4,
    "initial_empty_wait_seconds_per_process": 0,
    "expected_tool_daemon_grace_seconds_per_process": 30,
    "total_containment_window_seconds_per_process": 30,
    "topology_revalidation_interval_seconds": 0.1,
    "containment_allowance_seconds": 120,
    "forced_cleanup_wait_seconds": 10,
    "failure_containment_bound_seconds_per_failed_process": 40,
    "max_forced_cleanup_events": 2,
    "forced_cleanup_reserve_seconds": 20,
    "bookkeeping_guard_seconds": 45,
    "other_guard_seconds": 65
  },
  "evidence_dir": "D:\\CodexWorktrees\\p7formal_911e1a3\\RF_COMM_MULTILANE\\evidence\\hardware\\p7\\authorized_sequence\\p7_20260717_stationary_app_r74_formal_full\\033_p7_fragment_boundary_248_l0",
  "event_log": "D:\\CodexWorktrees\\p7formal_911e1a3\\RF_COMM_MULTILANE\\evidence\\hardware\\p7\\authorized_sequence\\p7_20260717_stationary_app_r74_formal_full\\033_p7_fragment_boundary_248_l0\\p7_jtag_axi_stage_events.jsonl",
  "vivado_helper_identity_validation": {
    "schema": "rf-comm-p7-vivado-helper-identity-validation-v1",
    "phase": "VIVADO_HELPER_IDENTITY",
    "status": "PASS",
    "error_code": "NONE",
    "hardware_actions_executed": false,
    "hardware_connection_attempted": false,
    "tfdu_touched": false,
    "ethernet_transport_used": false,
    "motion_used": false,
    "campaign_lock_created": false,
    "campaign_attempt_created": false,
    "manifest": {
      "path": "D:\\CodexWorktrees\\p7formal_911e1a3\\RF_COMM_MULTILANE\\config\\p7_vivado_helper_identity_profiles.json",
      "sha256": "67645bc53ae6c484204604ae3741bbce2d24fb7dbff6a5e63e8ea1a68972ed94",
      "manifest_id": "p7_vivado_2023_1_helper_identity_20260716"
    },
    "runtime_profile_id": "vivado_2023_1_windows_26200_8875_system_helpers",
    "errors": [],
    "vivado_launcher": "D:\\Xilinx\\Vivado\\2023.1\\bin\\vivado.bat",
    "derived_helper_paths": {
      "cs_server": "D:\\Xilinx\\Vivado\\2023.1\\bin\\unwrapped\\win64.o\\cs_server.exe",
      "rdi_xsdb": "D:\\Xilinx\\Vivado\\2023.1\\bin\\unwrapped\\win64.o\\rdi_xsdb.exe",
      "cmd": "C:\\Windows\\System32\\cmd.exe",
      "conhost": "C:\\Windows\\System32\\conhost.exe"
    },
    "observed_file_records": {
      "cs_server": {
        "path": "D:\\Xilinx\\Vivado\\2023.1\\bin\\unwrapped\\win64.o\\cs_server.exe",
        "sha256": "9bf0e15ffe162a96679c14b8117cf8ebe8a47b8032bee4ab8cb0317c112df536",
        "bytes": 12408496
      },
      "rdi_xsdb": {
        "path": "D:\\Xilinx\\Vivado\\2023.1\\bin\\unwrapped\\win64.o\\rdi_xsdb.exe",
        "sha256": "3193d8c4e7115e82e5b4ea6c2eb1aa8a7566bd5a9f9c78e9d901b9eab9d4ebfc",
        "bytes": 29288
      },
      "cmd": {
        "path": "C:\\Windows\\System32\\cmd.exe",
        "sha256": "65ec268add3973b6dca64222985da47caeaee44a340b0ec1466782914fd743d9",
        "bytes": 344064
      },
      "conhost": {
        "path": "C:\\Windows\\System32\\conhost.exe",
        "sha256": "32e45de7f02912f3907083690043df4abdc4705eea28300719788eaa4a339d0b",
        "bytes": 1007616
      }
    },
    "observed_sha256_by_role": {
      "cs_server": "9bf0e15ffe162a96679c14b8117cf8ebe8a47b8032bee4ab8cb0317c112df536",
      "rdi_xsdb": "3193d8c4e7115e82e5b4ea6c2eb1aa8a7566bd5a9f9c78e9d901b9eab9d4ebfc",
      "cmd": "65ec268add3973b6dca64222985da47caeaee44a340b0ec1466782914fd743d9",
      "conhost": "32e45de7f02912f3907083690043df4abdc4705eea28300719788eaa4a339d0b"
    },
    "observed_complete_hash_profile_id": "vivado_2023_1_windows_26200_8875_system_helpers",
    "identity_probe": {
      "path": "D:\\CodexWorktrees\\p7formal_911e1a3\\RF_COMM_MULTILANE\\scripts\\hw\\p7_helper_identity_probe.ps1",
      "sha256": "46ae65f7eea40c1cdda5595a69b36acc6d1add7e231b6319674304100385ea25"
    },
    "probe_host_file_record": {
      "path": "C:\\Windows\\System32\\WindowsPowerShell\\v1.0\\powershell.exe",
      "sha256": "7600ffe12da441fe89d035b13801e8e91d064bc544a27b19a5cf49f6ab8b18f5",
      "bytes": 454656
    },
    "probe_exact_argv": [
      "C:\\Windows\\System32\\WindowsPowerShell\\v1.0\\powershell.exe",
      "-NoLogo",
      "-NoProfile",
      "-NonInteractive",
      "-ExecutionPolicy",
      "Bypass",
      "-File",
      "D:\\CodexWorktrees\\p7formal_911e1a3\\RF_COMM_MULTILANE\\scripts\\hw\\p7_helper_identity_probe.ps1",
      "-CsServer",
      "D:\\Xilinx\\Vivado\\2023.1\\bin\\unwrapped\\win64.o\\cs_server.exe",
      "-RdiXsdb",
      "D:\\Xilinx\\Vivado\\2023.1\\bin\\unwrapped\\win64.o\\rdi_xsdb.exe",
      "-Cmd",
      "C:\\Windows\\System32\\cmd.exe",
      "-Conhost",
      "C:\\Windows\\System32\\conhost.exe"
    ],
    "probe_environment": {
      "SystemRoot": "C:\\Windows",
      "WINDIR": "C:\\Windows",
      "COMSPEC": "C:\\Windows\\System32\\cmd.exe",
      "PATH": "C:\\Windows\\System32;C:\\Windows\\System32\\WindowsPowerShell\\v1.0",
      "TEMP": "C:\\Users\\user\\AppData\\Local\\Temp",
      "TMP": "C:\\Users\\user\\AppData\\Local\\Temp",
      "ALLUSERSPROFILE": "C:\\ProgramData",
      "APPDATA": "C:\\Users\\user\\AppData\\Roaming",
      "CommonProgramFiles": "C:\\Program Files\\Common Files",
      "CommonProgramFiles(x86)": "C:\\Program Files (x86)\\Common Files",
      "CommonProgramW6432": "C:\\Program Files\\Common Files",
      "HOMEDRIVE": "C:",
      "HOMEPATH": "\\Users\\user",
      "LOCALAPPDATA": "C:\\Users\\user\\AppData\\Local",
      "NUMBER_OF_PROCESSORS": "28",
      "OS": "Windows_NT",
      "PROCESSOR_ARCHITECTURE": "AMD64",
      "PROCESSOR_IDENTIFIER": "Intel64 Family 6 Model 183 Stepping 1, GenuineIntel",
      "PROCESSOR_LEVEL": "6",
      "PROCESSOR_REVISION": "b701",
      "ProgramData": "C:\\ProgramData",
      "ProgramFiles": "C:\\Program Files",
      "ProgramFiles(x86)": "C:\\Program Files (x86)",
      "ProgramW6432": "C:\\Program Files",
      "PSModulePath": "C:\\Users\\user\\Documents\\WindowsPowerShell\\Modules;C:\\Program Files\\WindowsPowerShell\\Modules;C:\\WINDOWS\\system32\\WindowsPowerShell\\v1.0\\Modules",
      "PUBLIC": "C:\\Users\\Public",
      "SystemDrive": "C:",
      "USERDOMAIN": "DESKTOP-PU0AECA",
      "USERNAME": "user",
      "USERPROFILE": "C:\\Users\\user"
    },
    "probe_returncode": 0,
    "probe_stderr": "",
    "probe_payload": {
      "schema": "rf-comm-p7-vivado-helper-identity-probe-v1",
      "probe_host": {
        "role": "probe_host",
        "path": "C:\\Windows\\System32\\WindowsPowerShell\\v1.0\\powershell.exe",
        "bytes": 454656,
        "file_version": "10.0.26100.8875",
        "product_version": "10.0.26100.8875",
        "company_name": "Microsoft Corporation",
        "signature_status": "Valid",
        "signature_type": "Catalog",
        "signer_subject": "CN=Microsoft Windows, O=Microsoft Corporation, L=Redmond, S=Washington, C=US",
        "signer_thumbprint": "DC91E564D5BC1E3A8E02D6A8508682ABEA8A2443"
      },
      "records": [
        {
          "role": "cs_server",
          "path": "D:\\Xilinx\\Vivado\\2023.1\\bin\\unwrapped\\win64.o\\cs_server.exe",
          "bytes": 12408496,
          "file_version": "0.0.0.0",
          "product_version": "0.0.0.0",
          "company_name": "",
          "signature_status": "Valid",
          "signature_type": "Authenticode",
          "signer_subject": "CN=Xilinx Inc., O=Xilinx Inc., S=Colorado, C=US, OID.2.5.4.15=Private Organization, OID.1.3.6.1.4.1.311.60.2.1.2=Delaware, OID.1.3.6.1.4.1.311.60.2.1.3=US, SERIALNUMBER=2221167",
          "signer_thumbprint": "F5BF7E059AA73C3F69350328C95EF3C0C7B654CB"
        },
        {
          "role": "rdi_xsdb",
          "path": "D:\\Xilinx\\Vivado\\2023.1\\bin\\unwrapped\\win64.o\\rdi_xsdb.exe",
          "bytes": 29288,
          "file_version": "0.0.0.0",
          "product_version": "0.0.0.0",
          "company_name": "",
          "signature_status": "Valid",
          "signature_type": "Authenticode",
          "signer_subject": "CN=Xilinx Inc., O=Xilinx Inc., S=Colorado, C=US, OID.2.5.4.15=Private Organization, OID.1.3.6.1.4.1.311.60.2.1.2=Delaware, OID.1.3.6.1.4.1.311.60.2.1.3=US, SERIALNUMBER=2221167",
          "signer_thumbprint": "F5BF7E059AA73C3F69350328C95EF3C0C7B654CB"
        },
        {
          "role": "cmd",
          "path": "C:\\Windows\\System32\\cmd.exe",
          "bytes": 344064,
          "file_version": "10.0.26100.8737",
          "product_version": "10.0.26100.8737",
          "company_name": "Microsoft Corporation",
          "signature_status": "Valid",
          "signature_type": "Catalog",
          "signer_subject": "CN=Microsoft Windows, O=Microsoft Corporation, L=Redmond, S=Washington, C=US",
          "signer_thumbprint": "DC91E564D5BC1E3A8E02D6A8508682ABEA8A2443"
        },
        {
          "role": "conhost",
          "path": "C:\\Windows\\System32\\conhost.exe",
          "bytes": 1007616,
          "file_version": "10.0.26100.8737",
          "product_version": "10.0.26100.8737",
          "company_name": "Microsoft Corporation",
          "signature_status": "Valid",
          "signature_type": "Catalog",
          "signer_subject": "CN=Microsoft Windows, O=Microsoft Corporation, L=Redmond, S=Washington, C=US",
          "signer_thumbprint": "85DF8AC9B594E3C055692AE52D3E8E93889D9EC9"
        }
      ]
    }
  },
  "preflight_process": {
    "name": "preflight",
    "returncode": 0,
    "stdout_path": "D:\\CodexWorktrees\\p7formal_911e1a3\\RF_COMM_MULTILANE\\evidence\\hardware\\p7\\authorized_sequence\\p7_20260717_stationary_app_r74_formal_full\\033_p7_fragment_boundary_248_l0\\p7_preflight.stdout.log",
    "stderr_path": "D:\\CodexWorktrees\\p7formal_911e1a3\\RF_COMM_MULTILANE\\evidence\\hardware\\p7\\authorized_sequence\\p7_20260717_stationary_app_r74_formal_full\\033_p7_fragment_boundary_248_l0\\p7_preflight.stderr.log",
    "elapsed_seconds": 30.98435,
    "argv": [
      "D:\\Xilinx\\Vivado\\2023.1\\bin\\vivado.bat",
      "-mode",
      "batch",
      "-source",
      "D:\\CodexWorktrees\\p7formal_911e1a3\\RF_COMM_MULTILANE\\scripts\\hw\\p7_hw_preflight.tcl",
      "-tclargs",
      "D:\\CodexWorktrees\\p7formal_911e1a3\\RF_COMM_MULTILANE",
      "D:\\CodexWorktrees\\p7formal_911e1a3\\RF_COMM_MULTILANE\\.hardware_authorization\\p7_20260717_stationary_app_r74_formal_full_033_p7_fragment_boundary_248_l0.txt",
      "210512180081",
      "xc7z010clg400-1",
      "localhost:3121/xilinx_tcf/Digilent/210512180081",
      "localhost:3121",
      "D:\\CodexWorktrees\\p7formal_911e1a3\\RF_COMM_MULTILANE\\evidence\\hardware\\p7\\authorized_sequence\\p7_20260717_stationary_app_r74_formal_full\\033_p7_fragment_boundary_248_l0\\p7_preflight_result.txt"
    ],
    "started_at_utc": "2026-07-16T22:11:12.458217+00:00",
    "ended_at_utc": "2026-07-16T22:11:43.442573+00:00",
    "timed_out": false,
    "abort_seen": false,
    "interrupted": false,
    "process_tree_terminated": false,
    "process_tree_reaped": true,
    "containment_kind": "WINDOWS_JOB_OBJECT_KILL_ON_CLOSE",
    "containment_assigned": true,
    "containment_closed": true,
    "descendant_count_after": 0,
    "expected_tool_daemon_grace_used": true,
    "expected_tool_daemon_grace_seconds": 30.0,
    "expected_tool_daemon_paths": [
      "D:\\Xilinx\\Vivado\\2023.1\\bin\\unwrapped\\win64.o\\cs_server.exe",
      "D:\\Xilinx\\Vivado\\2023.1\\bin\\unwrapped\\win64.o\\rdi_xsdb.exe",
      "C:\\Windows\\System32\\cmd.exe",
      "C:\\Windows\\System32\\conhost.exe"
    ],
    "descendant_paths_seen": [
      "C:\\Windows\\System32\\conhost.exe",
      "D:\\Xilinx\\Vivado\\2023.1\\bin\\unwrapped\\win64.o\\cs_server.exe",
      "D:\\Xilinx\\Vivado\\2023.1\\bin\\unwrapped\\win64.o\\cs_server.exe",
      "C:\\Windows\\System32\\conhost.exe",
      "D:\\Xilinx\\Vivado\\2023.1\\bin\\unwrapped\\win64.o\\rdi_xsdb.exe",
      "C:\\Windows\\System32\\cmd.exe"
    ],
    "descendant_processes_seen": [
      {
        "pid": 616,
        "parent_pid": 19988,
        "parent_active_globally": true,
        "image_path": "C:\\Windows\\System32\\conhost.exe",
        "creation_time_100ns": 134287134813288893
      },
      {
        "pid": 9224,
        "parent_pid": 11712,
        "parent_active_globally": true,
        "image_path": "D:\\Xilinx\\Vivado\\2023.1\\bin\\unwrapped\\win64.o\\cs_server.exe",
        "creation_time_100ns": 134287134809210259
      },
      {
        "pid": 11712,
        "parent_pid": 2656,
        "parent_active_globally": false,
        "image_path": "D:\\Xilinx\\Vivado\\2023.1\\bin\\unwrapped\\win64.o\\cs_server.exe",
        "creation_time_100ns": 134287134808320548
      },
      {
        "pid": 14440,
        "parent_pid": 11620,
        "parent_active_globally": false,
        "image_path": "C:\\Windows\\System32\\conhost.exe",
        "creation_time_100ns": 134287134801397631
      },
      {
        "pid": 16764,
        "parent_pid": 19988,
        "parent_active_globally": true,
        "image_path": "D:\\Xilinx\\Vivado\\2023.1\\bin\\unwrapped\\win64.o\\rdi_xsdb.exe",
        "creation_time_100ns": 134287134816672845
      },
      {
        "pid": 19988,
        "parent_pid": 25236,
        "parent_active_globally": false,
        "image_path": "C:\\Windows\\System32\\cmd.exe",
        "creation_time_100ns": 134287134813234356
      }
    ],
    "expected_tool_daemon_classification": "EXACT_R2_VIVADO_EXIT_HELPER_FOREST",
    "expected_tool_daemon_topology_snapshots": [
      {
        "classification": "EXACT_R2_VIVADO_EXIT_HELPER_FOREST",
        "elapsed_seconds": 0.004349,
        "processes": [
          {
            "pid": 616,
            "parent_pid": 19988,
            "parent_active_globally": true,
            "image_path": "C:\\Windows\\System32\\conhost.exe",
            "creation_time_100ns": 134287134813288893
          },
          {
            "pid": 9224,
            "parent_pid": 11712,
            "parent_active_globally": true,
            "image_path": "D:\\Xilinx\\Vivado\\2023.1\\bin\\unwrapped\\win64.o\\cs_server.exe",
            "creation_time_100ns": 134287134809210259
          },
          {
            "pid": 11712,
            "parent_pid": 2656,
            "parent_active_globally": false,
            "image_path": "D:\\Xilinx\\Vivado\\2023.1\\bin\\unwrapped\\win64.o\\cs_server.exe",
            "creation_time_100ns": 134287134808320548
          },
          {
            "pid": 14440,
            "parent_pid": 11620,
            "parent_active_globally": false,
            "image_path": "C:\\Windows\\System32\\conhost.exe",
            "creation_time_100ns": 134287134801397631
          },
          {
            "pid": 16764,
            "parent_pid": 19988,
            "parent_active_globally": true,
            "image_path": "D:\\Xilinx\\Vivado\\2023.1\\bin\\unwrapped\\win64.o\\rdi_xsdb.exe",
            "creation_time_100ns": 134287134816672845
          },
          {
            "pid": 19988,
            "parent_pid": 25236,
            "parent_active_globally": false,
            "image_path": "C:\\Windows\\System32\\cmd.exe",
            "creation_time_100ns": 134287134813234356
          }
        ]
      },
      {
        "classification": "STRICT_SHRINK_SUBSET_OF_EXACT_R2_VIVADO_EXIT_HELPER_FOREST",
        "elapsed_seconds": 19.669047,
        "processes": [
          {
            "pid": 9224,
            "parent_pid": 11712,
            "parent_active_globally": true,
            "image_path": "D:\\Xilinx\\Vivado\\2023.1\\bin\\unwrapped\\win64.o\\cs_server.exe",
            "creation_time_100ns": 134287134809210259
          },
          {
            "pid": 11712,
            "parent_pid": 2656,
            "parent_active_globally": false,
            "image_path": "D:\\Xilinx\\Vivado\\2023.1\\bin\\unwrapped\\win64.o\\cs_server.exe",
            "creation_time_100ns": 134287134808320548
          },
          {
            "pid": 14440,
            "parent_pid": 11620,
            "parent_active_globally": false,
            "image_path": "C:\\Windows\\System32\\conhost.exe",
            "creation_time_100ns": 134287134801397631
          }
        ]
      },
      {
        "classification": "EMPTY",
        "elapsed_seconds": 20.7163,
        "processes": []
      }
    ],
    "expected_tool_daemon_topology_revalidation_count": 196,
    "expected_tool_daemon_topology_monotonic": true,
    "expected_tool_daemon_topology_sample_elapsed_seconds": [
      4e-05,
      0.004349,
      0.110463,
      0.215346,
      0.320239,
      0.425484,
      0.530746,
      0.636072,
      0.740799,
      0.846083,
      0.951634,
      1.057157,
      1.163226,
      1.268346,
      1.37371,
      1.478852,
      1.5837,
      1.689202,
      1.793985,
      1.899317,
      2.004462,
      2.110194,
      2.215999,
      2.321021,
      2.426709,
      2.531406,
      2.636875,
      2.742139,
      2.847924,
      2.953003,
      3.058654,
      3.164336,
      3.269701,
      3.375353,
      3.480641,
      3.585798,
      3.691391,
      3.797058,
      3.903321,
      4.00855,
      4.114058,
      4.219686,
      4.324529,
      4.429732,
      4.534686,
      4.639423,
      4.744781,
      4.850023,
      4.955445,
      5.060364,
      5.166329,
      5.27185,
      5.376796,
      5.482037,
      5.58761,
      5.692742,
      5.798613,
      5.903973,
      6.009449,
      6.115458,
      6.221633,
      6.326774,
      6.431933,
      6.537111,
      6.642434,
      6.747692,
      6.853188,
      6.958629,
      7.063962,
      7.168935,
      7.274298,
      7.379756,
      7.484733,
      7.589494,
      7.694691,
      7.799653,
      7.905054,
      8.010439,
      8.115551,
      8.220893,
      8.326022,
      8.430919,
      8.535861,
      8.640996,
      8.746558,
      8.851939,
      8.957319,
      9.062863,
      9.168191,
      9.273584,
      9.378658,
      9.484016,
      9.58998,
      9.694983,
      9.800584,
      9.906356,
      10.012259,
      10.118277,
      10.223926,
      10.329322,
      10.434908,
      10.54102,
      10.646949,
      10.752423,
      10.858281,
      10.963929,
      11.069377,
      11.174737,
      11.280446,
      11.385876,
      11.490877,
      11.597071,
      11.702159,
      11.807997,
      11.913797,
      12.02002,
      12.125454,
      12.230884,
      12.336793,
      12.442725,
      12.548855,
      12.653962,
      12.759934,
      12.865188,
      12.970947,
      13.076231,
      13.183363,
      13.288669,
      13.39438,
      13.499657,
      13.605404,
      13.711084,
      13.815961,
      13.922245,
      14.028087,
      14.133387,
      14.239397,
      14.345075,
      14.450149,
      14.555061,
      14.660163,
      14.764986,
      14.870379,
      14.975766,
      15.081023,
      15.186126,
      15.291369,
      15.396664,
      15.502061,
      15.607856,
      15.712939,
      15.817949,
      15.923192,
      16.028132,
      16.133731,
      16.238773,
      16.344344,
      16.449719,
      16.555256,
      16.660104,
      16.7659,
      16.871376,
      16.976929,
      17.082097,
      17.187539,
      17.292727,
      17.397855,
      17.503014,
      17.608017,
      17.712761,
      17.818432,
      17.923705,
      18.029449,
      18.135136,
      18.240709,
      18.345674,
      18.45085,
      18.556372,
      18.661499,
      18.766327,
      18.8716,
      18.977302,
      19.083816,
      19.189141,
      19.294991,
      19.400906,
      19.506566,
      19.669047,
      19.77401,
      19.87935,
      19.984291,
      20.090075,
      20.195258,
      20.30037,
      20.404987,
      20.510029,
      20.615452,
      20.7163
    ],
    "expected_tool_daemon_topology_max_sample_gap_seconds": 0.162481,
    "expected_tool_daemon_grace_elapsed_seconds": 20.716319,
    "expected_tool_daemon_hashes_verified": true,
    "expected_tool_daemon_sha256_by_role": {
      "cs_server": "9bf0e15ffe162a96679c14b8117cf8ebe8a47b8032bee4ab8cb0317c112df536",
      "rdi_xsdb": "3193d8c4e7115e82e5b4ea6c2eb1aa8a7566bd5a9f9c78e9d901b9eab9d4ebfc",
      "cmd": "65ec268add3973b6dca64222985da47caeaee44a340b0ec1466782914fd743d9",
      "conhost": "32e45de7f02912f3907083690043df4abdc4705eea28300719788eaa4a339d0b"
    },
    "expected_tool_daemon_hash_error": "",
    "expected_tool_daemon_prelaunch_hashes_verified": true,
    "expected_tool_daemon_prelaunch_sha256_by_role": {
      "cs_server": "9bf0e15ffe162a96679c14b8117cf8ebe8a47b8032bee4ab8cb0317c112df536",
      "rdi_xsdb": "3193d8c4e7115e82e5b4ea6c2eb1aa8a7566bd5a9f9c78e9d901b9eab9d4ebfc",
      "cmd": "65ec268add3973b6dca64222985da47caeaee44a340b0ec1466782914fd743d9",
      "conhost": "32e45de7f02912f3907083690043df4abdc4705eea28300719788eaa4a339d0b"
    },
    "expected_tool_daemon_prelaunch_hash_error": "",
    "expected_tool_daemon_postexit_hashes_verified": true,
    "expected_tool_daemon_postexit_sha256_by_role": {
      "cs_server": "9bf0e15ffe162a96679c14b8117cf8ebe8a47b8032bee4ab8cb0317c112df536",
      "rdi_xsdb": "3193d8c4e7115e82e5b4ea6c2eb1aa8a7566bd5a9f9c78e9d901b9eab9d4ebfc",
      "cmd": "65ec268add3973b6dca64222985da47caeaee44a340b0ec1466782914fd743d9",
      "conhost": "32e45de7f02912f3907083690043df4abdc4705eea28300719788eaa4a339d0b"
    },
    "expected_tool_daemon_postexit_hash_error": "",
    "expected_tool_daemon_topology_error": "",
    "expected_tool_daemon_topology_terminal_empty": true,
    "process_identity_query_retry_count": 1,
    "process_exit_race_recheck_count": 1,
    "process_identity_query_transient_errors": [],
    "containment_cleanup_attempted": false,
    "containment_cleanup_terminated": false,
    "process_exit_race_rechecked": true,
    "process_identity_query_retried": true,
    "containment_query_error": "",
    "launch_error": ""
  },
  "preflight_result_file": "D:\\CodexWorktrees\\p7formal_911e1a3\\RF_COMM_MULTILANE\\evidence\\hardware\\p7\\authorized_sequence\\p7_20260717_stationary_app_r74_formal_full\\033_p7_fragment_boundary_248_l0\\p7_preflight_result.txt",
  "preflight_failures": [],
  "target_identity": {
    "P7_HW_PREFLIGHT_AUTHORIZED": "1",
    "P7_HW_PREFLIGHT_READ_ONLY": "1",
    "P7_HW_PREFLIGHT_BOARD_ID": "210512180081",
    "P7_HW_PREFLIGHT_TARGET": "localhost:3121/xilinx_tcf/Digilent/210512180081",
    "P7_HW_PREFLIGHT_DEVICE": "xc7z010_1",
    "P7_HW_PREFLIGHT_PART": "xc7z010clg400-1",
    "P7_HW_PREFLIGHT_IDCODE": "00010011011100100010000010010011",
    "P7_HW_PREFLIGHT_CANONICAL_PART": "xc7z010clg400-1",
    "P7_HW_PREFLIGHT_LIVE_PART": "xc7z010",
    "P7_HW_PREFLIGHT_LIVE_DEVICE": "xc7z010_1",
    "P7_HW_PREFLIGHT_LIVE_IDCODE": "00010011011100100010000010010011",
    "P7_HW_PREFLIGHT_RESULT": "PASS"
  },
  "shutdown_before": {
    "name": "shutdown_before",
    "returncode": 0,
    "stdout_path": "D:\\CodexWorktrees\\p7formal_911e1a3\\RF_COMM_MULTILANE\\evidence\\hardware\\p7\\authorized_sequence\\p7_20260717_stationary_app_r74_formal_full\\033_p7_fragment_boundary_248_l0\\p7_shutdown_before.stdout.log",
    "stderr_path": "D:\\CodexWorktrees\\p7formal_911e1a3\\RF_COMM_MULTILANE\\evidence\\hardware\\p7\\authorized_sequence\\p7_20260717_stationary_app_r74_formal_full\\033_p7_fragment_boundary_248_l0\\p7_shutdown_before.stderr.log",
    "elapsed_seconds": 48.302545,
    "argv": [
      "D:\\Xilinx\\Vivado\\2023.1\\bin\\vivado.bat",
      "-mode",
      "batch",
      "-source",
      "D:\\CodexWorktrees\\p7formal_911e1a3\\RF_COMM_MULTILANE\\scripts\\hw\\p7_jtag_axi_transactions.tcl",
      "-tclargs",
      "D:\\CodexWorktrees\\p7formal_911e1a3\\RF_COMM_MULTILANE",
      "SHUTDOWN",
      "D:\\CodexWorktrees\\p7formal_911e1a3\\RF_COMM_MULTILANE\\.hardware_authorization\\p7_20260717_stationary_app_r74_formal_full_033_p7_fragment_boundary_248_l0.txt",
      "210512180081",
      "xc7z010clg400-1",
      "localhost:3121/xilinx_tcf/Digilent/210512180081",
      "localhost:3121",
      "1000000",
      "D:\\CodexWorktrees\\p7formal_911e1a3\\RF_COMM_MULTILANE\\shutdown_bitstream\\tfdu_shutdown_j10_j11.bit",
      "-",
      "-",
      "D:\\CodexWorktrees\\p7formal_911e1a3\\RF_COMM_MULTILANE\\evidence\\hardware\\p7\\authorized_sequence\\p7_20260717_stationary_app_r74_formal_full\\033_p7_fragment_boundary_248_l0\\p7_shutdown_before_result.txt",
      "0x43c00000",
      "1100000",
      "134217728",
      "550",
      "D:\\CodexWorktrees\\p7formal_911e1a3\\RF_COMM_MULTILANE\\shutdown_bitstream\\tfdu_shutdown_j10_j11.bit"
    ],
    "started_at_utc": "2026-07-16T22:11:43.457010+00:00",
    "ended_at_utc": "2026-07-16T22:12:31.759561+00:00",
    "timed_out": false,
    "abort_seen": false,
    "interrupted": false,
    "process_tree_terminated": false,
    "process_tree_reaped": true,
    "containment_kind": "WINDOWS_JOB_OBJECT_KILL_ON_CLOSE",
    "containment_assigned": true,
    "containment_closed": true,
    "descendant_count_after": 0,
    "expected_tool_daemon_grace_used": true,
    "expected_tool_daemon_grace_seconds": 30.0,
    "expected_tool_daemon_paths": [
      "D:\\Xilinx\\Vivado\\2023.1\\bin\\unwrapped\\win64.o\\cs_server.exe",
      "D:\\Xilinx\\Vivado\\2023.1\\bin\\unwrapped\\win64.o\\rdi_xsdb.exe",
      "C:\\Windows\\System32\\cmd.exe",
      "C:\\Windows\\System32\\conhost.exe"
    ],
    "descendant_paths_seen": [
      "D:\\Xilinx\\Vivado\\2023.1\\bin\\unwrapped\\win64.o\\rdi_xsdb.exe",
      "D:\\Xilinx\\Vivado\\2023.1\\bin\\unwrapped\\win64.o\\cs_server.exe",
      "C:\\Windows\\System32\\conhost.exe",
      "C:\\Windows\\System32\\conhost.exe",
      "C:\\Windows\\System32\\cmd.exe",
      "D:\\Xilinx\\Vivado\\2023.1\\bin\\unwrapped\\win64.o\\cs_server.exe"
    ],
    "descendant_processes_seen": [
      {
        "pid": 1912,
        "parent_pid": 16100,
        "parent_active_globally": true,
        "image_path": "D:\\Xilinx\\Vivado\\2023.1\\bin\\unwrapped\\win64.o\\rdi_xsdb.exe",
        "creation_time_100ns": 134287135128210933
      },
      {
        "pid": 7648,
        "parent_pid": 17168,
        "parent_active_globally": true,
        "image_path": "D:\\Xilinx\\Vivado\\2023.1\\bin\\unwrapped\\win64.o\\cs_server.exe",
        "creation_time_100ns": 134287135120657192
      },
      {
        "pid": 11624,
        "parent_pid": 16100,
        "parent_active_globally": true,
        "image_path": "C:\\Windows\\System32\\conhost.exe",
        "creation_time_100ns": 134287135124933373
      },
      {
        "pid": 11672,
        "parent_pid": 14068,
        "parent_active_globally": false,
        "image_path": "C:\\Windows\\System32\\conhost.exe",
        "creation_time_100ns": 134287135112616259
      },
      {
        "pid": 16100,
        "parent_pid": 25496,
        "parent_active_globally": false,
        "image_path": "C:\\Windows\\System32\\cmd.exe",
        "creation_time_100ns": 134287135124876818
      },
      {
        "pid": 17168,
        "parent_pid": 2408,
        "parent_active_globally": false,
        "image_path": "D:\\Xilinx\\Vivado\\2023.1\\bin\\unwrapped\\win64.o\\cs_server.exe",
        "creation_time_100ns": 134287135119754249
      }
    ],
    "expected_tool_daemon_classification": "EXACT_R2_VIVADO_EXIT_HELPER_FOREST",
    "expected_tool_daemon_topology_snapshots": [
      {
        "classification": "EXACT_R2_VIVADO_EXIT_HELPER_FOREST",
        "elapsed_seconds": 0.004474,
        "processes": [
          {
            "pid": 1912,
            "parent_pid": 16100,
            "parent_active_globally": true,
            "image_path": "D:\\Xilinx\\Vivado\\2023.1\\bin\\unwrapped\\win64.o\\rdi_xsdb.exe",
            "creation_time_100ns": 134287135128210933
          },
          {
            "pid": 7648,
            "parent_pid": 17168,
            "parent_active_globally": true,
            "image_path": "D:\\Xilinx\\Vivado\\2023.1\\bin\\unwrapped\\win64.o\\cs_server.exe",
            "creation_time_100ns": 134287135120657192
          },
          {
            "pid": 11624,
            "parent_pid": 16100,
            "parent_active_globally": true,
            "image_path": "C:\\Windows\\System32\\conhost.exe",
            "creation_time_100ns": 134287135124933373
          },
          {
            "pid": 11672,
            "parent_pid": 14068,
            "parent_active_globally": false,
            "image_path": "C:\\Windows\\System32\\conhost.exe",
            "creation_time_100ns": 134287135112616259
          },
          {
            "pid": 16100,
            "parent_pid": 25496,
            "parent_active_globally": false,
            "image_path": "C:\\Windows\\System32\\cmd.exe",
            "creation_time_100ns": 134287135124876818
          },
          {
            "pid": 17168,
            "parent_pid": 2408,
            "parent_active_globally": false,
            "image_path": "D:\\Xilinx\\Vivado\\2023.1\\bin\\unwrapped\\win64.o\\cs_server.exe",
            "creation_time_100ns": 134287135119754249
          }
        ]
      },
      {
        "classification": "STRICT_SHRINK_SUBSET_OF_EXACT_R2_VIVADO_EXIT_HELPER_FOREST",
        "elapsed_seconds": 19.63715,
        "processes": [
          {
            "pid": 7648,
            "parent_pid": 17168,
            "parent_active_globally": true,
            "image_path": "D:\\Xilinx\\Vivado\\2023.1\\bin\\unwrapped\\win64.o\\cs_server.exe",
            "creation_time_100ns": 134287135120657192
          },
          {
            "pid": 11672,
            "parent_pid": 14068,
            "parent_active_globally": false,
            "image_path": "C:\\Windows\\System32\\conhost.exe",
            "creation_time_100ns": 134287135112616259
          },
          {
            "pid": 17168,
            "parent_pid": 2408,
            "parent_active_globally": false,
            "image_path": "D:\\Xilinx\\Vivado\\2023.1\\bin\\unwrapped\\win64.o\\cs_server.exe",
            "creation_time_100ns": 134287135119754249
          }
        ]
      },
      {
        "classification": "EMPTY",
        "elapsed_seconds": 20.685781,
        "processes": []
      }
    ],
    "expected_tool_daemon_topology_revalidation_count": 196,
    "expected_tool_daemon_topology_monotonic": true,
    "expected_tool_daemon_topology_sample_elapsed_seconds": [
      3.8e-05,
      0.004474,
      0.110797,
      0.216525,
      0.321879,
      0.427252,
      0.533278,
      0.639188,
      0.745265,
      0.851103,
      0.956347,
      1.061643,
      1.166591,
      1.271898,
      1.377051,
      1.483328,
      1.588954,
      1.694725,
      1.80035,
      1.905772,
      2.01089,
      2.115786,
      2.221217,
      2.326799,
      2.431844,
      2.537521,
      2.643997,
      2.750073,
      2.855866,
      2.961126,
      3.066154,
      3.171263,
      3.276492,
      3.381626,
      3.486988,
      3.592222,
      3.698062,
      3.804192,
      3.909941,
      4.015514,
      4.120536,
      4.225806,
      4.331305,
      4.436326,
      4.541609,
      4.646846,
      4.752635,
      4.857919,
      4.963305,
      5.068254,
      5.173374,
      5.278431,
      5.383406,
      5.489578,
      5.595153,
      5.700625,
      5.805852,
      5.911544,
      6.016907,
      6.122413,
      6.227785,
      6.333141,
      6.438174,
      6.543432,
      6.648475,
      6.753834,
      6.859642,
      6.964741,
      7.069844,
      7.175707,
      7.281221,
      7.386792,
      7.492217,
      7.597378,
      7.702623,
      7.808116,
      7.91304,
      8.018697,
      8.123762,
      8.229229,
      8.334295,
      8.439413,
      8.544744,
      8.65106,
      8.757093,
      8.862616,
      8.967819,
      9.07264,
      9.179766,
      9.28595,
      9.39179,
      9.497332,
      9.603065,
      9.708133,
      9.814511,
      9.920122,
      10.025776,
      10.131142,
      10.236917,
      10.342796,
      10.448432,
      10.554105,
      10.66052,
      10.766957,
      10.872809,
      10.978257,
      11.083758,
      11.18944,
      11.296229,
      11.401513,
      11.507372,
      11.612866,
      11.718298,
      11.823876,
      11.929035,
      12.034301,
      12.139799,
      12.245162,
      12.35057,
      12.456249,
      12.561589,
      12.666755,
      12.772226,
      12.877741,
      12.983617,
      13.089062,
      13.195525,
      13.301419,
      13.406999,
      13.512952,
      13.618358,
      13.72387,
      13.829876,
      13.934943,
      14.040683,
      14.145862,
      14.250925,
      14.356748,
      14.461807,
      14.567628,
      14.673705,
      14.779464,
      14.884939,
      14.99032,
      15.095431,
      15.20037,
      15.305864,
      15.41099,
      15.5166,
      15.621964,
      15.727095,
      15.83242,
      15.937485,
      16.043426,
      16.148857,
      16.254738,
      16.360303,
      16.46542,
      16.571214,
      16.677433,
      16.783245,
      16.889018,
      16.994261,
      17.100232,
      17.205513,
      17.311205,
      17.416614,
      17.52284,
      17.628578,
      17.735051,
      17.840991,
      17.94676,
      18.051658,
      18.157132,
      18.262796,
      18.368289,
      18.474434,
      18.58072,
      18.686513,
      18.791652,
      18.896761,
      19.001927,
      19.108135,
      19.213591,
      19.319566,
      19.424974,
      19.530707,
      19.63715,
      19.742491,
      19.847361,
      19.952682,
      20.058236,
      20.163415,
      20.268263,
      20.373723,
      20.479126,
      20.584382,
      20.685781
    ],
    "expected_tool_daemon_topology_max_sample_gap_seconds": 0.107126,
    "expected_tool_daemon_grace_elapsed_seconds": 20.685803,
    "expected_tool_daemon_hashes_verified": true,
    "expected_tool_daemon_sha256_by_role": {
      "cs_server": "9bf0e15ffe162a96679c14b8117cf8ebe8a47b8032bee4ab8cb0317c112df536",
      "rdi_xsdb": "3193d8c4e7115e82e5b4ea6c2eb1aa8a7566bd5a9f9c78e9d901b9eab9d4ebfc",
      "cmd": "65ec268add3973b6dca64222985da47caeaee44a340b0ec1466782914fd743d9",
      "conhost": "32e45de7f02912f3907083690043df4abdc4705eea28300719788eaa4a339d0b"
    },
    "expected_tool_daemon_hash_error": "",
    "expected_tool_daemon_prelaunch_hashes_verified": true,
    "expected_tool_daemon_prelaunch_sha256_by_role": {
      "cs_server": "9bf0e15ffe162a96679c14b8117cf8ebe8a47b8032bee4ab8cb0317c112df536",
      "rdi_xsdb": "3193d8c4e7115e82e5b4ea6c2eb1aa8a7566bd5a9f9c78e9d901b9eab9d4ebfc",
      "cmd": "65ec268add3973b6dca64222985da47caeaee44a340b0ec1466782914fd743d9",
      "conhost": "32e45de7f02912f3907083690043df4abdc4705eea28300719788eaa4a339d0b"
    },
    "expected_tool_daemon_prelaunch_hash_error": "",
    "expected_tool_daemon_postexit_hashes_verified": true,
    "expected_tool_daemon_postexit_sha256_by_role": {
      "cs_server": "9bf0e15ffe162a96679c14b8117cf8ebe8a47b8032bee4ab8cb0317c112df536",
      "rdi_xsdb": "3193d8c4e7115e82e5b4ea6c2eb1aa8a7566bd5a9f9c78e9d901b9eab9d4ebfc",
      "cmd": "65ec268add3973b6dca64222985da47caeaee44a340b0ec1466782914fd743d9",
      "conhost": "32e45de7f02912f3907083690043df4abdc4705eea28300719788eaa4a339d0b"
    },
    "expected_tool_daemon_postexit_hash_error": "",
    "expected_tool_daemon_topology_error": "",
    "expected_tool_daemon_topology_terminal_empty": true,
    "process_identity_query_retry_count": 0,
    "process_exit_race_recheck_count": 0,
    "process_identity_query_transient_errors": [],
    "containment_cleanup_attempted": false,
    "containment_cleanup_terminated": false,
    "process_exit_race_rechecked": false,
    "process_identity_query_retried": false,
    "containment_query_error": "",
    "launch_error": "",
    "attempted": true,
    "programming_attempted": true,
    "result_file": "D:\\CodexWorktrees\\p7formal_911e1a3\\RF_COMM_MULTILANE\\evidence\\hardware\\p7\\authorized_sequence\\p7_20260717_stationary_app_r74_formal_full\\033_p7_fragment_boundary_248_l0\\p7_shutdown_before_result.txt",
    "passed": true,
    "failures": []
  },
  "shutdown_after": {
    "name": "shutdown_after",
    "returncode": 0,
    "stdout_path": "D:\\CodexWorktrees\\p7formal_911e1a3\\RF_COMM_MULTILANE\\evidence\\hardware\\p7\\authorized_sequence\\p7_20260717_stationary_app_r74_formal_full\\033_p7_fragment_boundary_248_l0\\p7_shutdown_after.stdout.log",
    "stderr_path": "D:\\CodexWorktrees\\p7formal_911e1a3\\RF_COMM_MULTILANE\\evidence\\hardware\\p7\\authorized_sequence\\p7_20260717_stationary_app_r74_formal_full\\033_p7_fragment_boundary_248_l0\\p7_shutdown_after.stderr.log",
    "elapsed_seconds": 48.353224,
    "argv": [
      "D:\\Xilinx\\Vivado\\2023.1\\bin\\vivado.bat",
      "-mode",
      "batch",
      "-source",
      "D:\\CodexWorktrees\\p7formal_911e1a3\\RF_COMM_MULTILANE\\scripts\\hw\\p7_jtag_axi_transactions.tcl",
      "-tclargs",
      "D:\\CodexWorktrees\\p7formal_911e1a3\\RF_COMM_MULTILANE",
      "SHUTDOWN",
      "D:\\CodexWorktrees\\p7formal_911e1a3\\RF_COMM_MULTILANE\\.hardware_authorization\\p7_20260717_stationary_app_r74_formal_full_033_p7_fragment_boundary_248_l0.txt",
      "210512180081",
      "xc7z010clg400-1",
      "localhost:3121/xilinx_tcf/Digilent/210512180081",
      "localhost:3121",
      "1000000",
      "D:\\CodexWorktrees\\p7formal_911e1a3\\RF_COMM_MULTILANE\\shutdown_bitstream\\tfdu_shutdown_j10_j11.bit",
      "-",
      "-",
      "D:\\CodexWorktrees\\p7formal_911e1a3\\RF_COMM_MULTILANE\\evidence\\hardware\\p7\\authorized_sequence\\p7_20260717_stationary_app_r74_formal_full\\033_p7_fragment_boundary_248_l0\\p7_shutdown_after_result.txt",
      "0x43c00000",
      "1100000",
      "134217728",
      "550",
      "D:\\CodexWorktrees\\p7formal_911e1a3\\RF_COMM_MULTILANE\\shutdown_bitstream\\tfdu_shutdown_j10_j11.bit"
    ],
    "started_at_utc": "2026-07-16T22:13:21.124659+00:00",
    "ended_at_utc": "2026-07-16T22:14:09.477888+00:00",
    "timed_out": false,
    "abort_seen": false,
    "interrupted": false,
    "process_tree_terminated": false,
    "process_tree_reaped": true,
    "containment_kind": "WINDOWS_JOB_OBJECT_KILL_ON_CLOSE",
    "containment_assigned": true,
    "containment_closed": true,
    "descendant_count_after": 0,
    "expected_tool_daemon_grace_used": true,
    "expected_tool_daemon_grace_seconds": 30.0,
    "expected_tool_daemon_paths": [
      "D:\\Xilinx\\Vivado\\2023.1\\bin\\unwrapped\\win64.o\\cs_server.exe",
      "D:\\Xilinx\\Vivado\\2023.1\\bin\\unwrapped\\win64.o\\rdi_xsdb.exe",
      "C:\\Windows\\System32\\cmd.exe",
      "C:\\Windows\\System32\\conhost.exe"
    ],
    "descendant_paths_seen": [
      "D:\\Xilinx\\Vivado\\2023.1\\bin\\unwrapped\\win64.o\\rdi_xsdb.exe",
      "C:\\Windows\\System32\\cmd.exe",
      "D:\\Xilinx\\Vivado\\2023.1\\bin\\unwrapped\\win64.o\\cs_server.exe",
      "D:\\Xilinx\\Vivado\\2023.1\\bin\\unwrapped\\win64.o\\cs_server.exe",
      "C:\\Windows\\System32\\conhost.exe",
      "C:\\Windows\\System32\\conhost.exe"
    ],
    "descendant_processes_seen": [
      {
        "pid": 1984,
        "parent_pid": 12796,
        "parent_active_globally": true,
        "image_path": "D:\\Xilinx\\Vivado\\2023.1\\bin\\unwrapped\\win64.o\\rdi_xsdb.exe",
        "creation_time_100ns": 134287136105607008
      },
      {
        "pid": 12796,
        "parent_pid": 18304,
        "parent_active_globally": false,
        "image_path": "C:\\Windows\\System32\\cmd.exe",
        "creation_time_100ns": 134287136102322471
      },
      {
        "pid": 12952,
        "parent_pid": 13376,
        "parent_active_globally": true,
        "image_path": "D:\\Xilinx\\Vivado\\2023.1\\bin\\unwrapped\\win64.o\\cs_server.exe",
        "creation_time_100ns": 134287136097630639
      },
      {
        "pid": 13376,
        "parent_pid": 12060,
        "parent_active_globally": false,
        "image_path": "D:\\Xilinx\\Vivado\\2023.1\\bin\\unwrapped\\win64.o\\cs_server.exe",
        "creation_time_100ns": 134287136096717691
      },
      {
        "pid": 24972,
        "parent_pid": 26344,
        "parent_active_globally": false,
        "image_path": "C:\\Windows\\System32\\conhost.exe",
        "creation_time_100ns": 134287136089679060
      },
      {
        "pid": 26276,
        "parent_pid": 12796,
        "parent_active_globally": true,
        "image_path": "C:\\Windows\\System32\\conhost.exe",
        "creation_time_100ns": 134287136102382859
      }
    ],
    "expected_tool_daemon_classification": "EXACT_R2_VIVADO_EXIT_HELPER_FOREST",
    "expected_tool_daemon_topology_snapshots": [
      {
        "classification": "EXACT_R2_VIVADO_EXIT_HELPER_FOREST",
        "elapsed_seconds": 0.004666,
        "processes": [
          {
            "pid": 1984,
            "parent_pid": 12796,
            "parent_active_globally": true,
            "image_path": "D:\\Xilinx\\Vivado\\2023.1\\bin\\unwrapped\\win64.o\\rdi_xsdb.exe",
            "creation_time_100ns": 134287136105607008
          },
          {
            "pid": 12796,
            "parent_pid": 18304,
            "parent_active_globally": false,
            "image_path": "C:\\Windows\\System32\\cmd.exe",
            "creation_time_100ns": 134287136102322471
          },
          {
            "pid": 12952,
            "parent_pid": 13376,
            "parent_active_globally": true,
            "image_path": "D:\\Xilinx\\Vivado\\2023.1\\bin\\unwrapped\\win64.o\\cs_server.exe",
            "creation_time_100ns": 134287136097630639
          },
          {
            "pid": 13376,
            "parent_pid": 12060,
            "parent_active_globally": false,
            "image_path": "D:\\Xilinx\\Vivado\\2023.1\\bin\\unwrapped\\win64.o\\cs_server.exe",
            "creation_time_100ns": 134287136096717691
          },
          {
            "pid": 24972,
            "parent_pid": 26344,
            "parent_active_globally": false,
            "image_path": "C:\\Windows\\System32\\conhost.exe",
            "creation_time_100ns": 134287136089679060
          },
          {
            "pid": 26276,
            "parent_pid": 12796,
            "parent_active_globally": true,
            "image_path": "C:\\Windows\\System32\\conhost.exe",
            "creation_time_100ns": 134287136102382859
          }
        ]
      },
      {
        "classification": "STRICT_SHRINK_SUBSET_OF_EXACT_R2_VIVADO_EXIT_HELPER_FOREST",
        "elapsed_seconds": 19.578962,
        "processes": [
          {
            "pid": 12952,
            "parent_pid": 13376,
            "parent_active_globally": true,
            "image_path": "D:\\Xilinx\\Vivado\\2023.1\\bin\\unwrapped\\win64.o\\cs_server.exe",
            "creation_time_100ns": 134287136097630639
          },
          {
            "pid": 13376,
            "parent_pid": 12060,
            "parent_active_globally": false,
            "image_path": "D:\\Xilinx\\Vivado\\2023.1\\bin\\unwrapped\\win64.o\\cs_server.exe",
            "creation_time_100ns": 134287136096717691
          },
          {
            "pid": 24972,
            "parent_pid": 26344,
            "parent_active_globally": false,
            "image_path": "C:\\Windows\\System32\\conhost.exe",
            "creation_time_100ns": 134287136089679060
          }
        ]
      },
      {
        "classification": "EMPTY",
        "elapsed_seconds": 20.627788,
        "processes": []
      }
    ],
    "expected_tool_daemon_topology_revalidation_count": 195,
    "expected_tool_daemon_topology_monotonic": true,
    "expected_tool_daemon_topology_sample_elapsed_seconds": [
      4.6e-05,
      0.004666,
      0.110782,
      0.216469,
      0.322415,
      0.427832,
      0.533602,
      0.639073,
      0.745426,
      0.851073,
      0.9567,
      1.062343,
      1.167667,
      1.273299,
      1.378089,
      1.48343,
      1.588915,
      1.693988,
      1.799987,
      1.90539,
      2.010861,
      2.116225,
      2.221971,
      2.327124,
      2.432277,
      2.537464,
      2.642453,
      2.748164,
      2.853448,
      2.960125,
      3.0662,
      3.17289,
      3.279337,
      3.385187,
      3.491046,
      3.595974,
      3.701245,
      3.807514,
      3.913069,
      4.019061,
      4.124231,
      4.229833,
      4.335524,
      4.440439,
      4.545578,
      4.650896,
      4.756667,
      4.861809,
      4.968126,
      5.073326,
      5.178845,
      5.284749,
      5.39043,
      5.49523,
      5.600217,
      5.705933,
      5.811347,
      5.916565,
      6.022497,
      6.128245,
      6.233229,
      6.338938,
      6.444535,
      6.550055,
      6.655052,
      6.760903,
      6.866042,
      6.971354,
      7.07672,
      7.181764,
      7.286931,
      7.392095,
      7.497379,
      7.603271,
      7.709048,
      7.816279,
      7.921738,
      8.028157,
      8.133835,
      8.238858,
      8.344108,
      8.449213,
      8.554321,
      8.659812,
      8.765637,
      8.870953,
      8.976207,
      9.081177,
      9.186304,
      9.291415,
      9.396791,
      9.501759,
      9.607534,
      9.713205,
      9.818494,
      9.923785,
      10.029209,
      10.134131,
      10.239513,
      10.344933,
      10.450708,
      10.556208,
      10.661356,
      10.76708,
      10.872196,
      10.978914,
      11.084893,
      11.189602,
      11.294863,
      11.399865,
      11.505043,
      11.609914,
      11.715225,
      11.82099,
      11.926344,
      12.032116,
      12.137321,
      12.242527,
      12.347826,
      12.453114,
      12.558577,
      12.664061,
      12.770155,
      12.875704,
      12.982012,
      13.087586,
      13.193467,
      13.300224,
      13.405864,
      13.511019,
      13.616884,
      13.722181,
      13.827392,
      13.932979,
      14.038355,
      14.14353,
      14.248987,
      14.354115,
      14.459619,
      14.565045,
      14.670613,
      14.775938,
      14.882159,
      14.988752,
      15.094529,
      15.200181,
      15.305367,
      15.411675,
      15.516842,
      15.622167,
      15.727828,
      15.834345,
      15.939863,
      16.046246,
      16.151263,
      16.256492,
      16.36172,
      16.467621,
      16.572934,
      16.678292,
      16.783832,
      16.888931,
      16.994228,
      17.099103,
      17.204305,
      17.309528,
      17.414638,
      17.520644,
      17.626235,
      17.731897,
      17.837984,
      17.94331,
      18.048381,
      18.1533,
      18.258759,
      18.364485,
      18.470072,
      18.575392,
      18.680844,
      18.786518,
      18.891453,
      18.997044,
      19.102546,
      19.207858,
      19.31327,
      19.418541,
      19.578962,
      19.684097,
      19.78922,
      19.89462,
      20.00001,
      20.10504,
      20.210105,
      20.315455,
      20.421104,
      20.526624,
      20.627788
    ],
    "expected_tool_daemon_topology_max_sample_gap_seconds": 0.160421,
    "expected_tool_daemon_grace_elapsed_seconds": 20.627808,
    "expected_tool_daemon_hashes_verified": true,
    "expected_tool_daemon_sha256_by_role": {
      "cs_server": "9bf0e15ffe162a96679c14b8117cf8ebe8a47b8032bee4ab8cb0317c112df536",
      "rdi_xsdb": "3193d8c4e7115e82e5b4ea6c2eb1aa8a7566bd5a9f9c78e9d901b9eab9d4ebfc",
      "cmd": "65ec268add3973b6dca64222985da47caeaee44a340b0ec1466782914fd743d9",
      "conhost": "32e45de7f02912f3907083690043df4abdc4705eea28300719788eaa4a339d0b"
    },
    "expected_tool_daemon_hash_error": "",
    "expected_tool_daemon_prelaunch_hashes_verified": true,
    "expected_tool_daemon_prelaunch_sha256_by_role": {
      "cs_server": "9bf0e15ffe162a96679c14b8117cf8ebe8a47b8032bee4ab8cb0317c112df536",
      "rdi_xsdb": "3193d8c4e7115e82e5b4ea6c2eb1aa8a7566bd5a9f9c78e9d901b9eab9d4ebfc",
      "cmd": "65ec268add3973b6dca64222985da47caeaee44a340b0ec1466782914fd743d9",
      "conhost": "32e45de7f02912f3907083690043df4abdc4705eea28300719788eaa4a339d0b"
    },
    "expected_tool_daemon_prelaunch_hash_error": "",
    "expected_tool_daemon_postexit_hashes_verified": true,
    "expected_tool_daemon_postexit_sha256_by_role": {
      "cs_server": "9bf0e15ffe162a96679c14b8117cf8ebe8a47b8032bee4ab8cb0317c112df536",
      "rdi_xsdb": "3193d8c4e7115e82e5b4ea6c2eb1aa8a7566bd5a9f9c78e9d901b9eab9d4ebfc",
      "cmd": "65ec268add3973b6dca64222985da47caeaee44a340b0ec1466782914fd743d9",
      "conhost": "32e45de7f02912f3907083690043df4abdc4705eea28300719788eaa4a339d0b"
    },
    "expected_tool_daemon_postexit_hash_error": "",
    "expected_tool_daemon_topology_error": "",
    "expected_tool_daemon_topology_terminal_empty": true,
    "process_identity_query_retry_count": 1,
    "process_exit_race_recheck_count": 1,
    "process_identity_query_transient_errors": [],
    "containment_cleanup_attempted": false,
    "containment_cleanup_terminated": false,
    "process_exit_race_rechecked": true,
    "process_identity_query_retried": true,
    "containment_query_error": "",
    "launch_error": "",
    "passed": true,
    "failures": [],
    "attempted": true,
    "programming_attempted": true,
    "result_file": "D:\\CodexWorktrees\\p7formal_911e1a3\\RF_COMM_MULTILANE\\evidence\\hardware\\p7\\authorized_sequence\\p7_20260717_stationary_app_r74_formal_full\\033_p7_fragment_boundary_248_l0\\p7_shutdown_after_result.txt"
  },
  "tfdu_activity_semantics": "conservative_true_once_transmitting_candidate_command_is_launched",
  "stage_process": {
    "name": "jtag_axi_stage",
    "returncode": 0,
    "stdout_path": "D:\\CodexWorktrees\\p7formal_911e1a3\\RF_COMM_MULTILANE\\evidence\\hardware\\p7\\authorized_sequence\\p7_20260717_stationary_app_r74_formal_full\\033_p7_fragment_boundary_248_l0\\p7_jtag_axi_stage.stdout.log",
    "stderr_path": "D:\\CodexWorktrees\\p7formal_911e1a3\\RF_COMM_MULTILANE\\evidence\\hardware\\p7\\authorized_sequence\\p7_20260717_stationary_app_r74_formal_full\\033_p7_fragment_boundary_248_l0\\p7_jtag_axi_stage.stderr.log",
    "elapsed_seconds": 49.332286,
    "argv": [
      "D:\\Xilinx\\Vivado\\2023.1\\bin\\vivado.bat",
      "-mode",
      "batch",
      "-source",
      "D:\\CodexWorktrees\\p7formal_911e1a3\\RF_COMM_MULTILANE\\scripts\\hw\\p7_jtag_axi_transactions.tcl",
      "-tclargs",
      "D:\\CodexWorktrees\\p7formal_911e1a3\\RF_COMM_MULTILANE",
      "STAGE",
      "D:\\CodexWorktrees\\p7formal_911e1a3\\RF_COMM_MULTILANE\\.hardware_authorization\\p7_20260717_stationary_app_r74_formal_full_033_p7_fragment_boundary_248_l0.txt",
      "210512180081",
      "xc7z010clg400-1",
      "localhost:3121/xilinx_tcf/Digilent/210512180081",
      "localhost:3121",
      "1000000",
      "D:\\CodexWorktrees\\p7formal_911e1a3\\RF_COMM_MULTILANE\\evidence\\hardware\\p6\\bitstreams\\p6_jtag_dynamic_transport_798b0194029638fa27a254dd58db5d6fd28b65d91c5cf2c9e32c0f9076ee3c0f.bit",
      "D:\\CodexWorktrees\\p7formal_911e1a3\\RF_COMM_MULTILANE\\evidence\\hardware\\p6\\bitstreams\\p6_jtag_dynamic_transport_76fe1ec47871946a7d357b0caa1f669500de827b796d6154dcc54678e0ac7083.ltx",
      "D:\\CodexWorktrees\\p7formal_911e1a3\\RF_COMM_MULTILANE\\build\\p7_authorized_sequence\\p7_20260717_stationary_app_r74_formal_full\\transactions\\033_p7_fragment_boundary_248_l0.transactions.txt",
      "D:\\CodexWorktrees\\p7formal_911e1a3\\RF_COMM_MULTILANE\\evidence\\hardware\\p7\\authorized_sequence\\p7_20260717_stationary_app_r74_formal_full\\033_p7_fragment_boundary_248_l0\\p7_jtag_axi_raw_result.txt",
      "0x43c00000",
      "1100000",
      "134217728",
      "550",
      "D:\\CodexWorktrees\\p7formal_911e1a3\\RF_COMM_MULTILANE\\shutdown_bitstream\\tfdu_shutdown_j10_j11.bit"
    ],
    "started_at_utc": "2026-07-16T22:12:31.773839+00:00",
    "ended_at_utc": "2026-07-16T22:13:21.106130+00:00",
    "timed_out": false,
    "abort_seen": false,
    "interrupted": false,
    "process_tree_terminated": false,
    "process_tree_reaped": true,
    "containment_kind": "WINDOWS_JOB_OBJECT_KILL_ON_CLOSE",
    "containment_assigned": true,
    "containment_closed": true,
    "descendant_count_after": 0,
    "expected_tool_daemon_grace_used": true,
    "expected_tool_daemon_grace_seconds": 30.0,
    "expected_tool_daemon_paths": [
      "D:\\Xilinx\\Vivado\\2023.1\\bin\\unwrapped\\win64.o\\cs_server.exe",
      "D:\\Xilinx\\Vivado\\2023.1\\bin\\unwrapped\\win64.o\\rdi_xsdb.exe",
      "C:\\Windows\\System32\\cmd.exe",
      "C:\\Windows\\System32\\conhost.exe"
    ],
    "descendant_paths_seen": [
      "D:\\Xilinx\\Vivado\\2023.1\\bin\\unwrapped\\win64.o\\cs_server.exe",
      "C:\\Windows\\System32\\conhost.exe",
      "D:\\Xilinx\\Vivado\\2023.1\\bin\\unwrapped\\win64.o\\rdi_xsdb.exe",
      "C:\\Windows\\System32\\conhost.exe",
      "C:\\Windows\\System32\\cmd.exe",
      "D:\\Xilinx\\Vivado\\2023.1\\bin\\unwrapped\\win64.o\\cs_server.exe"
    ],
    "descendant_processes_seen": [
      {
        "pid": 10088,
        "parent_pid": 25592,
        "parent_active_globally": false,
        "image_path": "D:\\Xilinx\\Vivado\\2023.1\\bin\\unwrapped\\win64.o\\cs_server.exe",
        "creation_time_100ns": 134287135603089806
      },
      {
        "pid": 10140,
        "parent_pid": 13820,
        "parent_active_globally": false,
        "image_path": "C:\\Windows\\System32\\conhost.exe",
        "creation_time_100ns": 134287135596023526
      },
      {
        "pid": 11484,
        "parent_pid": 20248,
        "parent_active_globally": true,
        "image_path": "D:\\Xilinx\\Vivado\\2023.1\\bin\\unwrapped\\win64.o\\rdi_xsdb.exe",
        "creation_time_100ns": 134287135611542752
      },
      {
        "pid": 13644,
        "parent_pid": 20248,
        "parent_active_globally": true,
        "image_path": "C:\\Windows\\System32\\conhost.exe",
        "creation_time_100ns": 134287135608239429
      },
      {
        "pid": 20248,
        "parent_pid": 25576,
        "parent_active_globally": false,
        "image_path": "C:\\Windows\\System32\\cmd.exe",
        "creation_time_100ns": 134287135608180000
      },
      {
        "pid": 26348,
        "parent_pid": 10088,
        "parent_active_globally": true,
        "image_path": "D:\\Xilinx\\Vivado\\2023.1\\bin\\unwrapped\\win64.o\\cs_server.exe",
        "creation_time_100ns": 134287135604017348
      }
    ],
    "expected_tool_daemon_classification": "EXACT_R2_VIVADO_EXIT_HELPER_FOREST",
    "expected_tool_daemon_topology_snapshots": [
      {
        "classification": "EXACT_R2_VIVADO_EXIT_HELPER_FOREST",
        "elapsed_seconds": 0.004519,
        "processes": [
          {
            "pid": 10088,
            "parent_pid": 25592,
            "parent_active_globally": false,
            "image_path": "D:\\Xilinx\\Vivado\\2023.1\\bin\\unwrapped\\win64.o\\cs_server.exe",
            "creation_time_100ns": 134287135603089806
          },
          {
            "pid": 10140,
            "parent_pid": 13820,
            "parent_active_globally": false,
            "image_path": "C:\\Windows\\System32\\conhost.exe",
            "creation_time_100ns": 134287135596023526
          },
          {
            "pid": 11484,
            "parent_pid": 20248,
            "parent_active_globally": true,
            "image_path": "D:\\Xilinx\\Vivado\\2023.1\\bin\\unwrapped\\win64.o\\rdi_xsdb.exe",
            "creation_time_100ns": 134287135611542752
          },
          {
            "pid": 13644,
            "parent_pid": 20248,
            "parent_active_globally": true,
            "image_path": "C:\\Windows\\System32\\conhost.exe",
            "creation_time_100ns": 134287135608239429
          },
          {
            "pid": 20248,
            "parent_pid": 25576,
            "parent_active_globally": false,
            "image_path": "C:\\Windows\\System32\\cmd.exe",
            "creation_time_100ns": 134287135608180000
          },
          {
            "pid": 26348,
            "parent_pid": 10088,
            "parent_active_globally": true,
            "image_path": "D:\\Xilinx\\Vivado\\2023.1\\bin\\unwrapped\\win64.o\\cs_server.exe",
            "creation_time_100ns": 134287135604017348
          }
        ]
      },
      {
        "classification": "STRICT_SHRINK_SUBSET_OF_EXACT_R2_VIVADO_EXIT_HELPER_FOREST",
        "elapsed_seconds": 19.856128,
        "processes": [
          {
            "pid": 10088,
            "parent_pid": 25592,
            "parent_active_globally": false,
            "image_path": "D:\\Xilinx\\Vivado\\2023.1\\bin\\unwrapped\\win64.o\\cs_server.exe",
            "creation_time_100ns": 134287135603089806
          },
          {
            "pid": 10140,
            "parent_pid": 13820,
            "parent_active_globally": false,
            "image_path": "C:\\Windows\\System32\\conhost.exe",
            "creation_time_100ns": 134287135596023526
          },
          {
            "pid": 26348,
            "parent_pid": 10088,
            "parent_active_globally": true,
            "image_path": "D:\\Xilinx\\Vivado\\2023.1\\bin\\unwrapped\\win64.o\\cs_server.exe",
            "creation_time_100ns": 134287135604017348
          }
        ]
      },
      {
        "classification": "EMPTY",
        "elapsed_seconds": 20.906182,
        "processes": []
      }
    ],
    "expected_tool_daemon_topology_revalidation_count": 198,
    "expected_tool_daemon_topology_monotonic": true,
    "expected_tool_daemon_topology_sample_elapsed_seconds": [
      4e-05,
      0.004519,
      0.112098,
      0.218092,
      0.323423,
      0.429474,
      0.535315,
      0.640941,
      0.74645,
      0.852047,
      0.957586,
      1.063201,
      1.168424,
      1.273602,
      1.379089,
      1.485295,
      1.590859,
      1.696392,
      1.802636,
      1.908452,
      2.013405,
      2.118844,
      2.224469,
      2.330107,
      2.436484,
      2.542491,
      2.648298,
      2.753693,
      2.858763,
      2.963729,
      3.068528,
      3.173879,
      3.280181,
      3.386133,
      3.49165,
      3.596766,
      3.70206,
      3.808072,
      3.913822,
      4.019094,
      4.124591,
      4.230036,
      4.3356,
      4.441492,
      4.547342,
      4.652616,
      4.757942,
      4.863067,
      4.968556,
      5.073685,
      5.179458,
      5.284688,
      5.390311,
      5.495827,
      5.60103,
      5.70648,
      5.811809,
      5.917092,
      6.022603,
      6.128019,
      6.233575,
      6.338561,
      6.443962,
      6.549684,
      6.654808,
      6.760095,
      6.865314,
      6.970485,
      7.075566,
      7.180636,
      7.286078,
      7.392076,
      7.498809,
      7.60455,
      7.7097,
      7.814603,
      7.920061,
      8.025068,
      8.130789,
      8.23633,
      8.341807,
      8.44741,
      8.552854,
      8.658226,
      8.763612,
      8.869152,
      8.974284,
      9.079544,
      9.184561,
      9.290261,
      9.395869,
      9.501676,
      9.607791,
      9.713292,
      9.818788,
      9.923932,
      10.029785,
      10.135503,
      10.240865,
      10.345847,
      10.451335,
      10.556894,
      10.662479,
      10.767751,
      10.873499,
      10.97889,
      11.084755,
      11.190448,
      11.295728,
      11.401929,
      11.508242,
      11.614605,
      11.7204,
      11.825453,
      11.930552,
      12.035676,
      12.140729,
      12.245704,
      12.350778,
      12.456269,
      12.569798,
      12.675173,
      12.781094,
      12.886387,
      12.991553,
      13.097639,
      13.203537,
      13.309162,
      13.414942,
      13.520538,
      13.62632,
      13.731718,
      13.837259,
      13.942517,
      14.047723,
      14.153474,
      14.258639,
      14.363781,
      14.469364,
      14.574801,
      14.680764,
      14.785768,
      14.890916,
      14.996729,
      15.102047,
      15.208084,
      15.313213,
      15.419376,
      15.524889,
      15.630866,
      15.736509,
      15.841787,
      15.946847,
      16.052244,
      16.158386,
      16.264171,
      16.369591,
      16.47509,
      16.581384,
      16.687177,
      16.792389,
      16.897559,
      17.00272,
      17.108207,
      17.213597,
      17.318777,
      17.42528,
      17.530655,
      17.636069,
      17.741443,
      17.846823,
      17.952164,
      18.057443,
      18.163475,
      18.268911,
      18.375554,
      18.480694,
      18.586523,
      18.693438,
      18.798762,
      18.904075,
      19.009974,
      19.116115,
      19.221597,
      19.326792,
      19.432273,
      19.537959,
      19.643728,
      19.750168,
      19.856128,
      19.961725,
      20.067376,
      20.173196,
      20.278414,
      20.384093,
      20.489383,
      20.594641,
      20.699817,
      20.804846,
      20.906182
    ],
    "expected_tool_daemon_topology_max_sample_gap_seconds": 0.113529,
    "expected_tool_daemon_grace_elapsed_seconds": 20.906197,
    "expected_tool_daemon_hashes_verified": true,
    "expected_tool_daemon_sha256_by_role": {
      "cs_server": "9bf0e15ffe162a96679c14b8117cf8ebe8a47b8032bee4ab8cb0317c112df536",
      "rdi_xsdb": "3193d8c4e7115e82e5b4ea6c2eb1aa8a7566bd5a9f9c78e9d901b9eab9d4ebfc",
      "cmd": "65ec268add3973b6dca64222985da47caeaee44a340b0ec1466782914fd743d9",
      "conhost": "32e45de7f02912f3907083690043df4abdc4705eea28300719788eaa4a339d0b"
    },
    "expected_tool_daemon_hash_error": "",
    "expected_tool_daemon_prelaunch_hashes_verified": true,
    "expected_tool_daemon_prelaunch_sha256_by_role": {
      "cs_server": "9bf0e15ffe162a96679c14b8117cf8ebe8a47b8032bee4ab8cb0317c112df536",
      "rdi_xsdb": "3193d8c4e7115e82e5b4ea6c2eb1aa8a7566bd5a9f9c78e9d901b9eab9d4ebfc",
      "cmd": "65ec268add3973b6dca64222985da47caeaee44a340b0ec1466782914fd743d9",
      "conhost": "32e45de7f02912f3907083690043df4abdc4705eea28300719788eaa4a339d0b"
    },
    "expected_tool_daemon_prelaunch_hash_error": "",
    "expected_tool_daemon_postexit_hashes_verified": true,
    "expected_tool_daemon_postexit_sha256_by_role": {
      "cs_server": "9bf0e15ffe162a96679c14b8117cf8ebe8a47b8032bee4ab8cb0317c112df536",
      "rdi_xsdb": "3193d8c4e7115e82e5b4ea6c2eb1aa8a7566bd5a9f9c78e9d901b9eab9d4ebfc",
      "cmd": "65ec268add3973b6dca64222985da47caeaee44a340b0ec1466782914fd743d9",
      "conhost": "32e45de7f02912f3907083690043df4abdc4705eea28300719788eaa4a339d0b"
    },
    "expected_tool_daemon_postexit_hash_error": "",
    "expected_tool_daemon_topology_error": "",
    "expected_tool_daemon_topology_terminal_empty": true,
    "process_identity_query_retry_count": 0,
    "process_exit_race_recheck_count": 0,
    "process_identity_query_transient_errors": [],
    "containment_cleanup_attempted": false,
    "containment_cleanup_terminated": false,
    "process_exit_race_rechecked": false,
    "process_identity_query_retried": false,
    "containment_query_error": "",
    "launch_error": "",
    "passed": true,
    "failures": [],
    "result_file": "D:\\CodexWorktrees\\p7formal_911e1a3\\RF_COMM_MULTILANE\\evidence\\hardware\\p7\\authorized_sequence\\p7_20260717_stationary_app_r74_formal_full\\033_p7_fragment_boundary_248_l0\\p7_jtag_axi_raw_result.txt"
  },
  "stage_result_markers": {
    "P7_HW_TARGET": "localhost:3121/xilinx_tcf/Digilent/210512180081",
    "P7_HW_DEVICE": "xc7z010_1",
    "P7_HW_PART": "xc7z010clg400-1",
    "P7_HW_IDCODE": "00010011011100100010000010010011",
    "P7_HW_CANONICAL_PART": "xc7z010clg400-1",
    "P7_HW_LIVE_PART": "xc7z010",
    "P7_HW_LIVE_DEVICE": "xc7z010_1",
    "P7_HW_LIVE_IDCODE": "00010011011100100010000010010011",
    "P7_CANDIDATE_PROGRAMMED": "1",
    "P7_HW_AXI": "hw_axi_1",
    "P7_TXN_META_BACKEND": "p7_jtag_backend",
    "P7_TXN_META_LANE_POLICY": "LANE0_ONLY",
    "P7_BASE_TX_COUNT": "00000000",
    "P7_BASE_RX_GOOD_COUNT_L0": "00000000",
    "P7_BASE_RX_GOOD_COUNT_L1": "00000000",
    "P7_BASE_CRC_BAD": "00000000",
    "P7_BASE_PAYLOAD_MISMATCH": "00000000",
    "P7_BASE_RETRY_COUNT": "00000000",
    "P7_BASE_RETRY_EXHAUSTED": "00000000",
    "P7_BASE_TX_FAIL": "00000000",
    "P7_BASE_DUTY_VIOLATION": "00000000",
    "P7_BASE_RAW_TX_PULSES": "00000000",
    "P7_BASE_RAW_RX_PULSES": "00000000",
    "P7_BASE_FRAME_GOOD": "00000000",
    "P7_BASE_FRAME_BAD": "00000000",
    "P7_BASE_ACK_SENT": "00000000",
    "P7_BASE_ACK_SEEN": "00000000",
    "P7_BASE_TXD_HIGH_MAX": "00000000",
    "P7_BASE_ERROR_CODE": "00000000",
    "P7_BASE_STICKY_ERROR": "00000000",
    "P7F00000_TXW000": "50414652",
    "P7F00000_TXW001": "00200101",
    "P7F00000_TXW002": "50370021",
    "P7F00000_TXW003": "00000021",
    "P7F00000_TXW004": "000000F8",
    "P7F00000_TXW005": "00020000",
    "P7F00000_TXW006": "000000D7",
    "P7F00000_TXW007": "55991EAD",
    "P7F00000_TXW008": "03020100",
    "P7F00000_TXW009": "07060504",
    "P7F00000_TXW010": "0B0A0908",
    "P7F00000_TXW011": "0F0E0D0C",
    "P7F00000_TXW012": "13121110",
    "P7F00000_TXW013": "17161514",
    "P7F00000_TXW014": "1B1A1918",
    "P7F00000_TXW015": "1F1E1D1C",
    "P7F00000_TXW016": "23222120",
    "P7F00000_TXW017": "27262524",
    "P7F00000_TXW018": "2B2A2928",
    "P7F00000_TXW019": "2F2E2D2C",
    "P7F00000_TXW020": "33323130",
    "P7F00000_TXW021": "37363534",
    "P7F00000_TXW022": "3B3A3938",
    "P7F00000_TXW023": "3F3E3D3C",
    "P7F00000_TXW024": "43424140",
    "P7F00000_TXW025": "47464544",
    "P7F00000_TXW026": "4B4A4948",
    "P7F00000_TXW027": "4F4E4D4C",
    "P7F00000_TXW028": "53525150",
    "P7F00000_TXW029": "57565554",
    "P7F00000_TXW030": "5B5A5958",
    "P7F00000_TXW031": "5F5E5D5C",
    "P7F00000_TXW032": "63626160",
    "P7F00000_TXW033": "67666564",
    "P7F00000_TXW034": "6B6A6968",
    "P7F00000_TXW035": "6F6E6D6C",
    "P7F00000_TXW036": "73727170",
    "P7F00000_TXW037": "77767574",
    "P7F00000_TXW038": "7B7A7978",
    "P7F00000_TXW039": "7F7E7D7C",
    "P7F00000_TXW040": "83828180",
    "P7F00000_TXW041": "87868584",
    "P7F00000_TXW042": "8B8A8988",
    "P7F00000_TXW043": "8F8E8D8C",
    "P7F00000_TXW044": "93929190",
    "P7F00000_TXW045": "97969594",
    "P7F00000_TXW046": "9B9A9998",
    "P7F00000_TXW047": "9F9E9D9C",
    "P7F00000_TXW048": "A3A2A1A0",
    "P7F00000_TXW049": "A7A6A5A4",
    "P7F00000_TXW050": "ABAAA9A8",
    "P7F00000_TXW051": "AFAEADAC",
    "P7F00000_TXW052": "B3B2B1B0",
    "P7F00000_TXW053": "B7B6B5B4",
    "P7F00000_TXW054": "BBBAB9B8",
    "P7F00000_TXW055": "BFBEBDBC",
    "P7F00000_TXW056": "C3C2C1C0",
    "P7F00000_TXW057": "C7C6C5C4",
    "P7F00000_TXW058": "CBCAC9C8",
    "P7F00000_TXW059": "CFCECDCC",
    "P7F00000_TXW060": "D3D2D1D0",
    "P7F00000_TXW061": "00D6D5D4",
    "P7F00000_COMMIT": "00000007",
    "P7F00000_COMMIT_POLLS": "1",
    "P7F00000_TX_CRC32": "4D082C7D",
    "P7F00000_DONE": "00000017",
    "P7F00000_DONE_POLLS": "1",
    "P7F00000_STATUS": "00000017",
    "P7F00000_MAILBOX": "50364F4B",
    "P7F00000_RX_LEN": "000000F7",
    "P7F00000_RX_CRC32": "4D082C7D",
    "P7F00000_RX_DIGEST": "4D082C7D",
    "P7F00000_TX_COUNT": "00000001",
    "P7F00000_RX_GOOD_COUNT_L0": "00000001",
    "P7F00000_RX_GOOD_COUNT_L1": "00000000",
    "P7F00000_CRC_BAD": "00000000",
    "P7F00000_PAYLOAD_MISMATCH": "00000000",
    "P7F00000_RETRY_COUNT": "00000000",
    "P7F00000_RETRY_EXHAUSTED": "00000000",
    "P7F00000_TX_FAIL": "00000000",
    "P7F00000_DUTY_VIOLATION": "00000000",
    "P7F00000_RAW_TX_PULSES": "00000460",
    "P7F00000_RAW_RX_PULSES": "000008C0",
    "P7F00000_FRAME_GOOD": "00000001",
    "P7F00000_FRAME_BAD": "00000000",
    "P7F00000_ACK_SENT": "00000001",
    "P7F00000_ACK_SEEN": "00000001",
    "P7F00000_TXD_HIGH_MAX": "00000008",
    "P7F00000_ERROR_CODE": "00000000",
    "P7F00000_STICKY_ERROR": "00000000",
    "P7F00000_RXW000": "50414652",
    "P7F00000_RXW001": "00200101",
    "P7F00000_RXW002": "50370021",
    "P7F00000_RXW003": "00000021",
    "P7F00000_RXW004": "000000F8",
    "P7F00000_RXW005": "00020000",
    "P7F00000_RXW006": "000000D7",
    "P7F00000_RXW007": "55991EAD",
    "P7F00000_RXW008": "03020100",
    "P7F00000_RXW009": "07060504",
    "P7F00000_RXW010": "0B0A0908",
    "P7F00000_RXW011": "0F0E0D0C",
    "P7F00000_RXW012": "13121110",
    "P7F00000_RXW013": "17161514",
    "P7F00000_RXW014": "1B1A1918",
    "P7F00000_RXW015": "1F1E1D1C",
    "P7F00000_RXW016": "23222120",
    "P7F00000_RXW017": "27262524",
    "P7F00000_RXW018": "2B2A2928",
    "P7F00000_RXW019": "2F2E2D2C",
    "P7F00000_RXW020": "33323130",
    "P7F00000_RXW021": "37363534",
    "P7F00000_RXW022": "3B3A3938",
    "P7F00000_RXW023": "3F3E3D3C",
    "P7F00000_RXW024": "43424140",
    "P7F00000_RXW025": "47464544",
    "P7F00000_RXW026": "4B4A4948",
    "P7F00000_RXW027": "4F4E4D4C",
    "P7F00000_RXW028": "53525150",
    "P7F00000_RXW029": "57565554",
    "P7F00000_RXW030": "5B5A5958",
    "P7F00000_RXW031": "5F5E5D5C",
    "P7F00000_RXW032": "63626160",
    "P7F00000_RXW033": "67666564",
    "P7F00000_RXW034": "6B6A6968",
    "P7F00000_RXW035": "6F6E6D6C",
    "P7F00000_RXW036": "73727170",
    "P7F00000_RXW037": "77767574",
    "P7F00000_RXW038": "7B7A7978",
    "P7F00000_RXW039": "7F7E7D7C",
    "P7F00000_RXW040": "83828180",
    "P7F00000_RXW041": "87868584",
    "P7F00000_RXW042": "8B8A8988",
    "P7F00000_RXW043": "8F8E8D8C",
    "P7F00000_RXW044": "93929190",
    "P7F00000_RXW045": "97969594",
    "P7F00000_RXW046": "9B9A9998",
    "P7F00000_RXW047": "9F9E9D9C",
    "P7F00000_RXW048": "A3A2A1A0",
    "P7F00000_RXW049": "A7A6A5A4",
    "P7F00000_RXW050": "ABAAA9A8",
    "P7F00000_RXW051": "AFAEADAC",
    "P7F00000_RXW052": "B3B2B1B0",
    "P7F00000_RXW053": "B7B6B5B4",
    "P7F00000_RXW054": "BBBAB9B8",
    "P7F00000_RXW055": "BFBEBDBC",
    "P7F00000_RXW056": "C3C2C1C0",
    "P7F00000_RXW057": "C7C6C5C4",
    "P7F00000_RXW058": "CBCAC9C8",
    "P7F00000_RXW059": "CFCECDCC",
    "P7F00000_RXW060": "D3D2D1D0",
    "P7F00000_RXW061": "00D6D5D4",
    "P7F00001_TXW000": "50414652",
    "P7F00001_TXW001": "00200201",
    "P7F00001_TXW002": "50370021",
    "P7F00001_TXW003": "00000021",
    "P7F00001_TXW004": "000000F8",
    "P7F00001_TXW005": "00020001",
    "P7F00001_TXW006": "00000021",
    "P7F00001_TXW007": "55991EAD",
    "P7F00001_TXW008": "DAD9D8D7",
    "P7F00001_TXW009": "DEDDDCDB",
    "P7F00001_TXW010": "E2E1E0DF",
    "P7F00001_TXW011": "E6E5E4E3",
    "P7F00001_TXW012": "EAE9E8E7",
    "P7F00001_TXW013": "EEEDECEB",
    "P7F00001_TXW014": "F2F1F0EF",
    "P7F00001_TXW015": "F6F5F4F3",
    "P7F00001_TXW016": "000000F7",
    "P7F00001_COMMIT": "00000007",
    "P7F00001_COMMIT_POLLS": "1",
    "P7F00001_TX_CRC32": "58D866C6",
    "P7F00001_DONE": "00000017",
    "P7F00001_DONE_POLLS": "1",
    "P7F00001_STATUS": "00000017",
    "P7F00001_MAILBOX": "50364F4B",
    "P7F00001_RX_LEN": "00000041",
    "P7F00001_RX_CRC32": "58D866C6",
    "P7F00001_RX_DIGEST": "58D866C6",
    "P7F00001_TX_COUNT": "00000002",
    "P7F00001_RX_GOOD_COUNT_L0": "00000002",
    "P7F00001_RX_GOOD_COUNT_L1": "00000000",
    "P7F00001_CRC_BAD": "00000000",
    "P7F00001_PAYLOAD_MISMATCH": "00000000",
    "P7F00001_RETRY_COUNT": "00000000",
    "P7F00001_RETRY_EXHAUSTED": "00000000",
    "P7F00001_TX_FAIL": "00000000",
    "P7F00001_DUTY_VIOLATION": "00000000",
    "P7F00001_RAW_TX_PULSES": "00000188",
    "P7F00001_RAW_RX_PULSES": "00000311",
    "P7F00001_FRAME_GOOD": "00000002",
    "P7F00001_FRAME_BAD": "00000000",
    "P7F00001_ACK_SENT": "00000002",
    "P7F00001_ACK_SEEN": "00000002",
    "P7F00001_TXD_HIGH_MAX": "00000008",
    "P7F00001_ERROR_CODE": "00000000",
    "P7F00001_STICKY_ERROR": "00000000",
    "P7F00001_RXW000": "50414652",
    "P7F00001_RXW001": "00200201",
    "P7F00001_RXW002": "50370021",
    "P7F00001_RXW003": "00000021",
    "P7F00001_RXW004": "000000F8",
    "P7F00001_RXW005": "00020001",
    "P7F00001_RXW006": "00000021",
    "P7F00001_RXW007": "55991EAD",
    "P7F00001_RXW008": "DAD9D8D7",
    "P7F00001_RXW009": "DEDDDCDB",
    "P7F00001_RXW010": "E2E1E0DF",
    "P7F00001_RXW011": "E6E5E4E3",
    "P7F00001_RXW012": "EAE9E8E7",
    "P7F00001_RXW013": "EEEDECEB",
    "P7F00001_RXW014": "F2F1F0EF",
    "P7F00001_RXW015": "F6F5F4F3",
    "P7F00001_RXW016": "232221F7",
    "P7_FINAL_SHUTDOWN_REASON": "54464455",
    "P7_TCL_PROGRAMMING_ATTEMPTED": "1",
    "P7_TRANSACTION_COUNT": "327",
    "P7_JTAG_AXI_TRANSACTIONS": "PASS",
    "P7_JTAG_STAGE_RESULT": "PASS"
  },
  "child_reaped_before_shutdown_after": true,
  "backend_parse": {
    "passed": true,
    "semantic_mode": "rfap",
    "summary_file": "D:\\CodexWorktrees\\p7formal_911e1a3\\RF_COMM_MULTILANE\\evidence\\hardware\\p7\\authorized_sequence\\p7_20260717_stationary_app_r74_formal_full\\033_p7_fragment_boundary_248_l0\\p7_jtag_backend_parse_summary.json",
    "summary_sha256": "dadc9e47c57cc956aa037c6c8eac4cefcd88e7f62e58c22b854b873e23ab87a8",
    "output_file": "D:\\CodexWorktrees\\p7formal_911e1a3\\RF_COMM_MULTILANE\\evidence\\hardware\\p7\\authorized_sequence\\p7_20260717_stationary_app_r74_formal_full\\033_p7_fragment_boundary_248_l0\\p7_jtag_reassembled_output.bin",
    "output_sha256": "c6fefe1bfbe6f5364bf0e40447ffca27fde55f1cd815e1fa3bafb46a41c91749",
    "object_length": 248,
    "object_crc32": 1436098221,
    "object_sha256": "c6fefe1bfbe6f5364bf0e40447ffca27fde55f1cd815e1fa3bafb46a41c91749",
    "lane_policy": "LANE0_ONLY",
    "fragment_count": 2,
    "missing_fragments": 0,
    "duplicate_fragments": 0,
    "error_counter_increments": 0,
    "fragment_latency_upper_bound_us": {
      "sample_count": 2,
      "min": 2000,
      "mean": 2000.0,
      "p50": 2000,
      "p95": 2000,
      "p99": 2000,
      "max": 2000,
      "percentile_method": "nearest_rank",
      "semantics": "upper_bound",
      "source": "bounded_commit_plus_transfer_poll_counts_x_manifest_poll_period"
    },
    "object_transport_latency_upper_bound_us": 4000,
    "object_transport_latency_semantics": "sum_of_sequential_fragment_poll_upper_bounds",
    "poll_bound_application_goodput_lower_bound_bps": 496000,
    "poll_bound_goodput_semantics": "lower_bound_from_object_bytes_over_transport_latency_upper_bound",
    "host_end_to_end_elapsed_seconds": 49.332286,
    "host_end_to_end_goodput_bps": 40.21707,
    "host_end_to_end_time_source": "host_monotonic_child_process_elapsed",
    "host_end_to_end_semantics": "includes Vivado startup, FPGA programming, JTAG/AXI operations, polling, and host overhead; not optical-only fragment latency",
    "raw_log_bound_to_this_hardware_process": true
  },
  "internal_error": "",
  "stage_failures": [],
  "backend_parse_failure": "",
  "global_runtime": {
    "elapsed_seconds": 177.346464,
    "authorized_max_seconds": 960,
    "within_authorized_limit": true
  },
  "reason": "authorized direct JTAG/AXI stage, strict byte/counter parser, and both shutdown barriers passed"
}
