captured_ms|sequence|label|role|admission_snapshot_words_csv|ps_runtime_words_csv|pl_perf_snapshot_words_csv
1786003716284|1001|stream64_f2r_01|fixed|2,1378943233,16780817,6210038,6123932,6139630,6123932,6139630,6123932,5871,5849,5849,5849,0,0,746,0,180547062,180203408,4096,4096,0,0,5850,5849,368444042,368426238,368444050,368426246,0,0,0,0,0,0,0,0,4096,256,131072,4,15|4,0,67108864,262144,256,0,0,0,0,92,0,88,0,23,22,0,1,92,0|4,1202015449,0,5830400,0,0,0,0,0,6193908,0,22,0,320842295,0,320842295,0,2080,317379438,0,6344739,0,0,0,0,0
1786003716284|1001|stream64_f2r_01|rotating|2,1378943233,33558272,6319984,6231818,71735,0,71735,0,1520,0,760,0,0,0,5952,5952,4855616,4855616,4096,4096,0,0,760,760,345638686,345638686,345638694,345638694,0,0,0,0,0,0,0,0,4096,256,131072,4,15|4,0,67108864,262144,256,0,0,0,0,92,0,88,0,23,22,0,1,92,0|4,416308119,0,0,0,5767168,0,5767168,0,18051,0,0,22,0,0,0,0,0,0,0,3477153,0,0,0,0,0
1786003721285|1001|stream64_f2r_01|fixed|4,1378943233,16779144,12494391,12319089,12352438,12319089,12352438,12319089,11816,11771,11771,11771,0,0,1504,0,363347232,362628264,4096,4096,0,0,11771,11771,689468243,689468576,689468251,689468584,0,0,0,0,0,0,0,0,4096,256,131072,4,15|4,0,67108864,262144,256,0,0,0,0,180,0,176,0,45,44,0,1,180,0|6,1521593262,0,11644992,0,0,0,0,0,12364511,0,44,0,638966460,0,638966460,0,2080,633765207,0,9230805,0,0,0,0,0
1786003721285|1001|stream64_f2r_01|rotating|4,1378943233,33558272,12556889,12380902,142616,0,142616,0,3022,0,1511,0,0,0,11830,11830,9653688,9653688,4096,4096,0,0,1511,1511,664083540,664083540,664083548,664083548,0,0,0,0,0,0,0,0,4096,256,131072,4,15|4,0,67108864,262144,256,0,0,0,0,180,0,176,0,45,44,0,1,180,0|6,734468275,0,0,0,11534336,0,11534336,0,35772,0,0,44,0,0,0,0,0,0,0,3520910,0,0,0,0,0
1786003726299|1001|stream64_f2r_01|fixed|6,1378943233,16777471,18757370,18494852,18544250,18494852,18544250,18494852,17739,17673,17671,17671,0,0,2258,0,545481161,544402232,4096,4096,0,0,17672,17672,1009237006,1009237019,1009237014,1009237003,0,0,0,0,0,0,0,0,4096,256,131072,4,15|4,0,67108864,262144,256,0,0,0,0,268,0,264,0,67,66,0,1,268,0|8,1841657186,0,17467488,0,0,0,0,0,18546208,0,66,0,957574760,0,957574760,0,2080,950636529,0,12117150,0,0,0,0,0
1786003726299|1001|stream64_f2r_01|rotating|6,1378943233,33558272,18844176,18580756,214063,0,214063,0,4536,0,2268,0,0,0,17753,17753,14490096,14490096,4096,4096,0,0,2268,2268,985107259,985107259,985107267,985107267,0,0,0,0,0,0,0,0,4096,256,131072,4,15|4,0,67108864,262144,256,0,0,0,0,272,0,268,0,68,67,0,1,272,0|8,1060425806,0,0,0,17563648,0,17563648,0,53916,0,0,67,0,0,0,0,0,0,0,3567987,0,0,0,0,0
1786003731306|1001|stream64_f2r_01|fixed|8,1378943233,16777471,25033749,24685136,24749275,24685136,24749275,24685136,23674,23586,23584,23584,0,0,3014,0,727999484,726560832,4096,4096,0,0,23585,23585,1329661946,1329661943,1329661954,1329661911,0,0,0,0,0,0,0,0,4096,256,131072,4,15|4,0,67108864,262144,256,0,0,0,0,356,0,352,0,89,88,0,1,356,0|10,2164363616,0,23330816,0,0,0,0,0,24779513,0,89,0,1278815358,0,1278815358,0,2078,1270131501,0,15016362,0,0,0,0,0
1786003731306|1001|stream64_f2r_01|rotating|8,1378943233,33558272,25159727,24809107,285885,0,285885,0,6058,0,3029,0,0,0,23703,23703,19352080,19352080,4096,4096,0,0,3029,3029,1307653340,1307653340,1307653348,1307653348,0,0,0,0,0,0,0,0,4096,256,131072,4,15|4,0,67108864,262144,256,0,0,0,0,360,0,356,0,90,89,0,1,360,0|10,1379169306,0,0,0,23330816,0,23330816,0,71637,0,0,89,0,0,0,0,0,0,0,3610251,0,0,0,0,0
1786003736367|1001|stream64_f2r_01|fixed|10,1378943233,16781056,31378944,30942186,31022366,30942186,31022366,30942186,29673,29562,29561,29561,0,0,3778,0,912489064,910676288,4096,4096,0,0,29561,29561,1653631993,1653632350,1653632001,1653632358,0,0,0,0,0,0,0,0,4096,256,131072,4,15|4,0,67108864,262144,256,0,0,0,0,448,0,444,0,112,111,0,1,448,0|12,2486971424,0,29200736,0,0,0,0,0,31010929,0,111,0,1599955686,0,1599955686,0,2080,1589427217,0,18020492,0,0,0,0,0
1786003736367|1001|stream64_f2r_01|rotating|10,1378943233,33558272,31468027,31030447,357525,0,357525,0,7576,0,3788,0,0,0,29645,29645,24201312,24201312,4096,4096,0,0,3788,3788,1629536819,1629536819,1629536827,1629536827,0,0,0,0,0,0,0,0,4096,256,131072,4,15|4,0,67108864,262144,256,0,0,0,0,448,0,444,0,112,111,0,1,448,0|12,1700558771,0,0,0,29097984,0,29097984,0,89522,0,0,111,0,0,0,0,0,0,0,3651010,0,0,0,0,0
1786003741368|1001|stream64_f2r_01|fixed|12,1378943233,16779383,37657001,37132572,37229067,37132572,37229067,37132572,35610,35476,35475,35475,0,0,4534,0,1095043127,1092871858,4096,4096,0,0,35476,35476,1974115152,1974115157,1974115160,1974115165,0,0,0,0,0,0,0,0,4096,256,131072,4,15|4,0,67108864,262144,256,0,0,0,0,536,0,532,0,134,133,0,1,536,0|14,2806936670,0,35021552,0,0,0,0,0,37191758,0,133,0,1918465728,0,1918465728,0,2080,1906221830,0,20884868,0,0,0,0,0
1786003741368|1001|stream64_f2r_01|rotating|12,1378943233,33558272,37745741,37220425,428879,0,428879,0,9088,0,4544,0,0,0,35558,35558,29031344,29031344,4096,4096,0,0,4544,4544,1950108803,1950108803,1950108811,1950108811,0,0,0,0,0,0,0,0,4096,256,131072,4,15|4,0,67108864,262144,256,0,0,0,0,536,0,532,0,134,133,0,1,536,0|14,2021547986,0,0,0,34865152,0,34865152,0,107383,0,0,133,0,0,0,0,0,0,0,3697113,0,0,0,0,0
1786003746395|1001|stream64_f2r_01|fixed|14,1378943233,16777471,43954310,43342604,43454928,43342604,43454928,43342604,41562,41407,41405,41405,0,0,5291,0,1278116352,1275585036,4096,4096,0,0,41406,41406,2295481241,2295481222,2295481217,2295481230,0,0,0,0,0,0,0,0,4096,256,131072,4,15|4,0,67108864,262144,256,0,0,0,0,624,0,620,0,156,155,0,1,624,0|16,3129838853,0,40893152,0,0,0,0,0,43430885,0,155,0,2239900011,0,2239900011,0,2056,2225943440,0,23757510,0,0,0,0,0
1786003746395|1001|stream64_f2r_01|rotating|14,1378943233,33558272,44073560,43459854,500793,0,500793,0,10612,0,5306,0,0,0,41518,41518,33899704,33899704,4096,4096,0,0,5306,5306,2273071306,2273071306,2273071314,2273071314,0,0,0,0,0,0,0,0,4096,256,131072,4,15|4,0,67108864,262144,256,0,0,0,0,628,0,624,0,157,156,0,1,628,0|16,2344717678,0,0,0,40894464,0,40894464,0,125387,0,0,156,0,0,0,0,0,0,0,3741509,0,0,0,0,0
1786003751416|1001|stream64_f2r_01|fixed|16,1378943233,16781056,50249667,49551382,49678749,49551382,49678749,49551382,47514,47338,47336,47336,0,0,6049,0,1461168704,1458277896,4096,4096,0,0,47336,47336,2616802496,2616802821,2616802504,2616802829,0,0,0,0,0,0,0,0,4096,256,131072,4,15|4,0,67108864,262144,256,0,0,0,0,716,0,712,0,179,178,0,1,716,0|18,3448397408,0,46685344,0,0,0,0,0,49582126,0,178,0,2557010518,0,2557010518,0,2080,2541203339,0,26746400,0,0,0,0,0
1786003751416|1001|stream64_f2r_01|rotating|16,1378943233,33558272,50303799,49604184,571581,0,571581,0,12112,0,6056,0,0,0,47387,47387,38691416,38691416,4096,4096,0,0,6056,6056,2591058444,2591058444,2591058452,2591058452,0,0,0,0,0,0,0,0,4096,256,131072,4,15|4,0,67108864,262144,256,0,0,0,0,716,0,712,0,179,178,0,1,716,0|18,2662452722,0,0,0,46661632,0,46661632,0,143061,0,0,178,0,0,0,0,0,0,0,3777177,0,0,0,0,0
1786003756427|1001|stream64_f2r_01|fixed|18,1378943233,16777471,56524259,55737400,55881891,55737400,55881891,55737400,53454,53255,53252,53252,0,0,6806,0,1643792807,1640526992,4096,4096,0,0,53253,53253,2937524032,2937524045,2937524040,2937524037,0,0,0,0,0,0,0,0,4096,256,131072,4,15|4,0,67108864,262144,256,0,0,0,0,804,0,800,0,201,200,0,1,804,0|20,3770911985,0,52547360,0,0,0,0,0,55807078,0,200,0,2878059591,0,2878059591,0,2080,2860550657,0,29606007,0,0,0,0,0
1786003756427|1001|stream64_f2r_01|rotating|18,1378943233,33558272,56705825,55917220,644350,0,644350,0,13654,0,6827,0,0,0,53423,53423,43617256,43617256,4096,4096,0,0,6827,6827,2918072178,2918072178,2918072186,2918072186,0,0,0,0,0,0,0,0,4096,256,131072,4,15|4,0,67108864,262144,256,0,0,0,0,804,0,804,0,202,201,0,1,808,0|20,2989856918,0,0,0,52690944,0,52690944,0,161275,0,0,201,0,0,0,0,0,0,0,3818356,0,0,0,0,0
1786003761433|1001|stream64_f2r_01|fixed|20,1378943233,16777471,62796890,61923370,62083166,61923370,62083166,61923370,59389,59169,59166,59166,0,0,7562,0,1826335524,1822712407,4096,4096,0,0,59166,59166,3257958873,3257959222,3257958881,3257959230,0,0,0,0,0,0,0,0,4096,256,131072,4,15|4,0,67108864,262144,256,0,0,0,0,892,0,888,0,223,222,0,1,892,0|22,4090964908,0,58369856,0,0,0,0,0,61984764,0,222,0,3196656890,0,3196656890,0,2080,3177431864,0,32471466,0,0,0,0,0
1786003761433|1001|stream64_f2r_01|rotating|20,1378943233,33558272,62886568,62012062,714667,0,714667,0,15144,0,7572,0,0,0,59250,59250,48377040,48377040,4096,4096,0,0,7572,7572,3233917797,3233917797,3233917805,3233917805,0,0,0,0,0,0,0,0,4096,256,131072,4,15|4,0,67108864,262144,256,0,0,0,0,892,0,888,0,223,222,0,1,892,0|22,3304380352,0,0,0,58195968,0,58195968,0,178783,0,0,222,0,0,0,0,0,0,0,3865154,0,0,0,0,0
1786003766448|1001|stream64_f2r_01|fixed|22,1378943233,16781056,69080046,68120436,68294874,68120436,68294874,68120436,65334,65092,65089,65089,0,0,8319,0,2009167464,2005186192,4096,4096,0,0,65089,65089,3578899589,3578899914,3578899597,3578899922,0,0,0,0,0,0,0,0,4096,256,131072,4,15|4,0,67108864,262144,256,0,0,0,0,980,0,976,0,245,244,0,1,980,0|24,117887266,1,64223968,0,0,0,0,0,68199932,0,244,0,3517083016,0,3517083016,0,2080,3496157030,0,35328581,0,0,0,0,0
1786003766448|1001|stream64_f2r_01|rotating|22,1378943233,33558272,69194288,68232797,786489,0,786489,0,16666,0,8333,0,0,0,65196,65196,53239024,53239024,4096,4096,0,0,8333,8333,3556435061,3556435061,3556435069,3556435069,0,0,0,0,0,0,0,0,4096,256,131072,4,15|4,0,67108864,262144,256,0,0,0,0,984,0,980,0,246,245,0,1,984,0|24,3631842537,0,0,0,64225280,0,64225280,0,197000,0,0,245,0,0,0,0,0,0,0,3915471,0,0,0,0,0
1786003774963|1002|stream64_f2r_02|fixed|26,1378943233,16781056,6205853,6120068,6135445,6120068,6135445,6120068,5867,5845,5845,5845,0,0,746,0,180423128,180080376,4096,4096,0,0,5845,5845,4123899998,4123900339,4123900006,4123900347,0,0,0,0,0,0,0,0,4096,256,131072,4,15|4,0,67108864,262144,256,0,0,0,0,92,0,88,0,23,22,0,1,92,0|32,666649427,1,5909440,0,0,0,0,0,6270254,0,22,0,324734529,0,324734529,0,2080,321288928,0,6344318,0,0,0,0,0
1786003774963|1002|stream64_f2r_02|rotating|26,1378943233,33558272,6435265,6346105,73055,0,73055,0,1548,0,774,0,0,0,6061,6061,4945000,4945000,4096,4096,0,0,774,774,4107345354,4107345354,4107345362,4107345362,0,0,0,0,0,0,0,0,4096,256,131072,4,15|4,0,67108864,262144,256,0,0,0,0,92,0,88,0,23,22,0,1,92,0|32,4178040898,0,0,0,5767168,0,5767168,0,18380,0,0,22,0,0,0,0,0,0,0,3468729,0,0,0,0,0
1786003779965|1002|stream64_f2r_02|fixed|28,1378943233,16777471,12471275,12296503,12329605,12296503,12329605,12296503,11795,11750,11749,11749,0,0,1501,0,362671606,361953929,4096,4096,0,0,11750,11750,149032032,149032061,149032040,149032069,0,0,0,0,0,0,0,0,4096,256,131072,4,15|4,0,67108864,262144,256,0,0,0,0,180,0,176,0,45,44,0,1,180,0|34,981384674,1,11629184,0,0,0,0,0,12346229,0,44,0,638039840,0,638039840,0,2080,632836205,0,9229658,0,0,0,0,0
1786003779965|1002|stream64_f2r_02|rotating|28,1378943233,33558272,12544283,12368619,142522,0,142522,0,3020,0,1510,0,0,0,11818,11818,9647304,9647304,4096,4096,0,0,1510,1510,124375661,124375661,124375669,124375669,0,0,0,0,0,0,0,0,4096,256,131072,4,15|4,0,67108864,262144,256,0,0,0,0,180,0,176,0,45,44,0,1,180,0|34,194497397,1,0,0,11534336,0,11534336,0,35725,0,0,44,0,0,0,0,0,0,0,3516454,0,0,0,0,0
1786003784974|1002|stream64_f2r_02|fixed|30,1378943233,16777471,18751739,18489414,18538714,18489414,18538714,18489414,17733,17666,17665,17665,0,0,2257,0,545298327,544221856,4096,4096,0,0,17666,17666,469641278,469641291,469641286,469641275,0,0,0,0,0,0,0,0,4096,256,131072,4,15|4,0,67108864,262144,256,0,0,0,0,268,0,264,0,67,66,0,1,268,0|36,1302621744,1,17467488,0,0,0,0,0,18551073,0,66,0,957817334,0,957817334,0,2080,950881114,0,12115004,0,0,0,0,0
1786003784974|1002|stream64_f2r_02|rotating|30,1378943233,33558272,18843633,18580336,214063,0,214063,0,4536,0,2268,0,0,0,17752,17752,14490096,14490096,4096,4096,0,0,2268,2268,445828158,445828158,445828166,445828166,0,0,0,0,0,0,0,0,4096,256,131072,4,15|4,0,67108864,262144,256,0,0,0,0,268,0,264,0,67,66,0,1,268,0|36,516123024,1,0,0,17301504,0,17301504,0,53632,0,0,66,0,0,0,0,0,0,0,3564032,0,0,0,0,0
1786003789984|1002|stream64_f2r_02|fixed|32,1378943233,16777471,25033035,24684460,24748656,24684460,24748656,24684460,23672,23583,23583,23583,0,0,3013,0,727957754,726523405,4096,4096,0,0,23583,23583,790301252,790301593,790301260,790301601,0,0,0,0,0,0,0,0,4096,256,131072,4,15|4,0,67108864,262144,256,0,0,0,0,356,0,352,0,89,88,0,1,356,0|38,1622751208,1,23289984,0,0,0,0,0,24735217,0,88,0,1276491174,0,1276491174,0,2080,1267818282,0,15001043,0,0,0,0,0
1786003789984|1002|stream64_f2r_02|rotating|32,1378943233,33558272,25108584,24759080,285223,0,285223,0,6044,0,3022,0,0,0,23654,23654,19307360,19307360,4096,4096,0,0,3022,3022,765562302,765562302,765562310,765562310,0,0,0,0,0,0,0,0,4096,256,131072,4,15|4,0,67108864,262144,256,0,0,0,0,360,0,356,0,90,89,0,1,360,0|38,838123600,1,0,0,23330816,0,23330816,0,71542,0,0,89,0,0,0,0,0,0,0,3616569,0,0,0,0,0
1786003794990|1002|stream64_f2r_02|fixed|34,1378943233,16777471,31312893,30877569,30957166,30877569,30957166,30877569,29609,29498,29497,29497,0,0,3769,0,910537782,908744041,4096,4096,0,0,29498,29498,1110839447,1110839444,1110839455,1110839452,0,0,0,0,0,0,0,0,4096,256,131072,4,15|4,0,67108864,262144,256,0,0,0,0,448,0,444,0,112,111,0,1,448,0|40,1943763680,1,29129600,0,0,0,0,0,30934267,0,111,0,1596043742,0,1596043742,0,2080,1585502366,0,18017991,0,0,0,0,0
1786003794990|1002|stream64_f2r_02|rotating|34,1378943233,33558272,31407513,30970395,356861,0,356861,0,7562,0,3781,0,0,0,29587,29587,24156592,24156592,4096,4096,0,0,3781,3781,1087249032,1087249032,1087249040,1087249040,0,0,0,0,0,0,0,0,4096,256,131072,4,15|4,0,67108864,262144,256,0,0,0,0,448,0,444,0,112,111,0,1,448,0|40,1159592753,1,0,0,29097984,0,29097984,0,89428,0,0,111,0,0,0,0,0,0,0,3660074,0,0,0,0,0
1786003799991|1002|stream64_f2r_02|fixed|36,1378943233,16781056,37601253,37077929,37173982,37077929,37173982,37077929,35556,35423,35422,35422,0,0,4527,0,1093405848,1091235976,4096,4096,0,0,35422,35422,1431990989,1431991314,1431990997,1431991322,0,0,0,0,0,0,0,0,4096,256,131072,4,15|4,0,67108864,262144,256,0,0,0,0,536,0,532,0,134,133,0,1,536,0|42,2264833948,1,34967904,0,0,0,0,0,37136411,0,133,0,1915654434,0,1915654434,0,2080,1903379354,0,20904456,0,0,0,0,0
1786003799991|1002|stream64_f2r_02|rotating|36,1378943233,33558272,37674794,37150658,428123,0,428123,0,9072,0,4536,0,0,0,35491,35491,28980240,28980240,4096,4096,0,0,4536,4536,1407413335,1407413335,1407413343,1407413343,0,0,0,0,0,0,0,0,4096,256,131072,4,15|4,0,67108864,262144,256,0,0,0,0,536,0,532,0,134,133,0,1,536,0|42,1478120923,1,0,0,34865152,0,34865152,0,107148,0,0,133,0,0,0,0,0,0,0,3706032,0,0,0,0,0
1786003804999|1002|stream64_f2r_02|fixed|38,1378943233,16777471,43857597,43247654,43359255,43247654,43359255,43247654,41471,41317,41314,41314,0,0,5280,0,1275290112,1272759400,4096,4096,0,0,41315,41315,1751302223,1751302244,1751302231,1751302228,0,0,0,0,0,0,0,0,4096,256,131072,4,15|4,0,67108864,262144,256,0,0,0,0,624,0,620,0,156,155,0,1,624,0|44,2585324464,1,40798304,0,0,0,0,0,43328907,0,155,0,2234687350,0,2234687350,0,2080,2220700799,0,23766991,0,0,0,0,0
1786003804999|1002|stream64_f2r_02|rotating|38,1378943233,33558272,43991941,43380423,499852,0,499852,0,10592,0,5296,0,0,0,41440,41440,33835792,33835792,4096,4096,0,0,5296,5296,1729702563,1729702563,1729702571,1729702571,0,0,0,0,0,0,0,0,4096,256,131072,4,15|4,0,67108864,262144,256,0,0,0,0,628,0,624,0,157,156,0,1,628,0|44,1802342782,1,0,0,40894464,0,40894464,0,125198,0,0,156,0,0,0,0,0,0,0,3754609,0,0,0,0,0
1786003810002|1002|stream64_f2r_02|fixed|40,1378943233,16777471,50135539,49438025,49565842,49438025,49565842,49438025,47405,47230,47226,47226,0,0,6036,0,1457789022,1454902153,4096,4096,0,0,47227,47227,2071661208,2071661181,2071661216,2071661197,0,0,0,0,0,0,0,0,4096,256,131072,4,15|4,0,67108864,262144,256,0,0,0,0,712,0,708,0,178,177,0,1,712,0|46,2905120401,1,46612896,0,0,0,0,0,49507785,0,177,0,2553029639,0,2553029639,0,2080,2537336589,0,26621160,0,0,0,0,0
1786003810002|1002|stream64_f2r_02|rotating|40,1378943233,33558272,50228547,49530085,570730,0,570730,0,12094,0,6047,0,0,0,47314,47314,38633904,38633904,4096,4096,0,0,6047,6047,2048115531,2048115531,2048115539,2048115539,0,0,0,0,0,0,0,0,4096,256,131072,4,15|4,0,67108864,262144,256,0,0,0,0,716,0,712,0,179,178,0,1,716,0|46,2121527872,1,0,0,46661632,0,46661632,0,142966,0,0,178,0,0,0,0,0,0,0,3801576,0,0,0,0,0
1786003815009|1002|stream64_f2r_02|fixed|42,1378943233,16777471,56433011,55648668,55791777,55648668,55791777,55648668,53360,53163,53159,53159,0,0,6794,0,1640929088,1637682532,4096,4096,0,0,53160,53160,2393143248,2393143221,2393143240,2393143229,0,0,0,0,0,0,0,0,4096,256,131072,4,15|4,0,67108864,262144,256,0,0,0,0,804,0,800,0,201,200,0,1,804,0|48,3226797756,1,52460416,0,0,0,0,0,55719246,0,200,0,2873245114,0,2873245114,0,2080,2855712118,0,29611267,0,0,0,0,0
1786003815009|1002|stream64_f2r_02|rotating|42,1378943233,33558272,56537189,55750849,642462,0,642462,0,13614,0,6807,0,0,0,53257,53257,43489528,43489528,4096,4096,0,0,6807,6807,2370205179,2370205179,2370205187,2370205187,0,0,0,0,0,0,0,0,4096,256,131072,4,15|4,0,67108864,262144,256,0,0,0,0,804,0,800,0,201,200,0,1,804,0|48,2442899360,1,0,0,52428800,0,52428800,0,160852,0,0,200,0,0,0,0,0,0,0,3840484,0,0,0,0,0
1786003820017|1002|stream64_f2r_02|fixed|44,1378943233,16777471,62710069,61838424,61997482,61838424,61997482,61838424,59295,59075,59071,59071,0,0,7550,0,1823425302,1819803929,4096,4096,0,0,59072,59072,2713623918,2713623907,2713623926,2713623915,0,0,0,0,0,0,0,0,4096,256,131072,4,15|4,0,67108864,262144,256,0,0,0,0,892,0,888,0,223,222,0,1,892,0|50,3546292904,1,58267104,0,0,0,0,0,61892240,0,222,0,3191288590,0,3191288590,0,2080,3172044253,0,32468581,0,0,0,0,0
1786003820017|1002|stream64_f2r_02|rotating|44,1378943233,33558272,62801348,61928577,713629,0,713629,0,15122,0,7561,0,0,0,59157,59157,48306792,48306792,4096,4096,0,0,7561,7561,2689910557,2689910557,2689910573,2689910573,0,0,0,0,0,0,0,0,4096,256,131072,4,15|4,0,67108864,262144,256,0,0,0,0,892,0,888,0,223,222,0,1,892,0|50,2761573952,1,0,0,58195968,0,58195968,0,178596,0,0,222,0,0,0,0,0,0,0,3884491,0,0,0,0,0
1786003825023|1002|stream64_f2r_02|fixed|46,1378943233,16777471,68964419,68006267,68180761,68006267,68180761,68006267,65209,64968,64963,64963,0,0,8303,0,2005278793,2001297580,4096,4096,0,0,64964,64964,3032863879,3032863892,3032863887,3032863900,0,0,0,0,0,0,0,0,4096,256,131072,4,15|4,0,67108864,262144,256,0,0,0,0,980,0,976,0,245,244,0,1,980,0|52,3866932332,1,64105408,0,0,0,0,0,68087524,0,244,0,3510468442,0,3510468442,0,2080,3489527472,0,35317975,0,0,0,0,0
1786003825023|1002|stream64_f2r_02|rotating|46,1378943233,33558272,69086727,68127286,784983,0,784983,0,16634,0,8317,0,0,0,65078,65078,53136824,53136824,4096,4096,0,0,8317,8317,3010467585,3010467585,3010467593,3010467593,0,0,0,0,0,0,0,0,4096,256,131072,4,15|4,0,67108864,262144,256,0,0,0,0,984,0,980,0,246,245,0,1,984,0|52,3087326349,1,0,0,64225280,0,64225280,0,196716,0,0,245,0,0,0,0,0,0,0,3932859,0,0,0,0,0
1786003833738|1003|stream64_f2r_03|fixed|50,1378943233,16777471,6218510,6131669,6147912,6131669,6147912,6131669,5880,5857,5856,5856,0,0,748,0,180787242,180428224,4096,4096,0,0,5857,5857,3590718128,3590718141,3590718136,3590718133,0,0,0,0,0,0,0,0,4096,256,131072,4,15|4,0,67108864,262144,256,0,0,0,0,92,0,88,0,23,22,0,1,92,0|60,130008758,2,5854112,0,0,0,0,0,6217597,0,22,0,322039174,0,322039174,0,2080,318601357,0,6324730,0,0,0,0,0
1786003833738|1003|stream64_f2r_03|rotating|50,1378943233,33558272,6341674,6253354,72018,0,72018,0,1526,0,763,0,0,0,5972,5972,4874760,4874760,4096,4096,0,0,763,763,3568667718,3568667718,3568667726,3568667726,0,0,0,0,0,0,0,0,4096,256,131072,4,15|4,0,67108864,262144,256,0,0,0,0,92,0,88,0,23,22,0,1,92,0|60,3640209106,1,0,0,5767168,0,5767168,0,18170,0,0,22,0,0,0,0,0,0,0,3466848,0,0,0,0,0
1786003838751|1003|stream64_f2r_03|fixed|52,1378943233,16777471,12500841,12326628,12358793,12326628,12358793,12326628,11823,11778,11777,11777,0,0,1505,0,363543992,362825755,4096,4096,0,0,11778,11778,3911536298,3911536287,3911536314,3911536295,0,0,0,0,0,0,0,0,4096,256,131072,4,15|4,0,67108864,262144,256,0,0,0,0,180,0,176,0,45,44,0,1,180,0|62,450089783,2,11676608,0,0,0,0,0,12398488,0,44,0,640664575,0,640664575,0,2080,635516739,0,9184116,0,0,0,0,0
1786003838751|1003|stream64_f2r_03|rotating|52,1378943233,33558272,12608306,12432930,143183,0,143183,0,3034,0,1517,0,0,0,11878,11878,9692024,9692024,4096,4096,0,0,1517,1517,3888375181,3888375181,3888375189,3888375189,0,0,0,0,0,0,0,0,4096,256,131072,4,15|4,0,67108864,262144,256,0,0,0,0,180,0,176,0,45,44,0,1,180,0|62,3958986078,1,0,0,11534336,0,11534336,0,35913,0,0,44,0,0,0,0,0,0,0,3514331,0,0,0,0,0
1786003843769|1003|stream64_f2r_03|fixed|54,1378943233,16777471,18792910,18531796,18579412,18531796,18579412,18531796,17773,17706,17705,17705,0,0,2262,0,546525613,545448808,4096,4096,0,0,17706,17706,4232746084,4232746097,4232746092,4232746049,0,0,0,0,0,0,0,0,4096,256,131072,4,15|4,0,67108864,262144,256,0,0,0,0,268,0,264,0,67,66,0,1,268,0|64,771514367,2,17522816,0,0,0,0,0,18607371,0,66,0,960627607,0,960627607,0,2080,953772122,0,12046223,0,0,0,0,0
1786003843769|1003|stream64_f2r_03|rotating|54,1378943233,33558272,18898796,18636480,214719,0,214719,0,4550,0,2275,0,0,0,17805,17805,14534824,14534824,4096,4096,0,0,2275,2275,4209804466,4209804466,4209804474,4209804474,0,0,0,0,0,0,0,0,4096,256,131072,4,15|5,0,67108864,262144,256,0,0,0,0,272,0,268,0,68,67,0,1,272,0|64,4280461681,1,0,0,17563648,0,17563648,0,53821,0,0,67,0,0,0,0,0,0,0,3562687,0,0,0,0,0
1786003848780|1003|stream64_f2r_03|fixed|56,1378943233,16777471,25096408,24748102,24811279,24748102,24811279,24748102,23733,23645,23643,23643,0,0,3021,0,729813304,728377984,4096,4096,0,0,23644,23644,259523609,259523614,259523601,259523606,0,0,0,0,0,0,0,0,4096,256,131072,4,15|4,0,67108864,262144,256,0,0,0,0,360,0,356,0,90,89,0,1,360,0|66,1094599058,2,23394048,0,0,0,0,0,24846631,0,89,0,1282244490,0,1282244490,0,2080,1273551000,0,15039480,0,0,0,0,0
1786003848780|1003|stream64_f2r_03|rotating|56,1378943233,33558272,25245688,24895016,286832,0,286832,0,6078,0,3039,0,0,0,23783,23783,19416000,19416000,4096,4096,0,0,3039,3039,238649032,238649032,238649048,238649048,0,0,0,0,0,0,0,0,4096,256,131072,4,15|4,0,67108864,262144,256,0,0,0,0,360,0,356,0,90,89,0,1,360,0|66,311952427,2,0,0,23330816,0,23330816,0,71991,0,0,89,0,0,0,0,0,0,0,3607413,0,0,0,0,0
1786003853808|1003|stream64_f2r_03|fixed|58,1378943233,16781056,31377979,30940897,31021401,30940897,31021401,30940897,29671,29560,29559,29559,0,0,3778,0,912427392,910616664,4096,4096,0,0,29559,29559,580188995,580189296,580189003,580189312,0,0,0,0,0,0,0,0,4096,256,131072,4,15|4,0,67108864,262144,256,0,0,0,0,448,0,444,0,112,111,0,1,448,0|68,1413462844,2,29200736,0,0,0,0,0,31007356,0,111,0,1599656604,0,1599656604,0,2080,1589254227,0,17894340,0,0,0,0,0
1786003853808|1003|stream64_f2r_03|rotating|58,1378943233,33558272,31482085,31043780,357713,0,357713,0,7580,0,3790,0,0,0,29657,29657,24214096,24214096,4096,4096,0,0,3790,3790,557062701,557062701,557062709,557062709,0,0,0,0,0,0,0,0,4096,256,131072,4,15|4,0,67108864,262144,256,0,0,0,0,448,0,444,0,112,111,0,1,448,0|68,628607223,2,0,0,29097984,0,29097984,0,89593,0,0,111,0,0,0,0,0,0,0,3650758,0,0,0,0,0
1786003858817|1003|stream64_f2r_03|fixed|60,1378943233,16777471,37659804,37134548,37231870,37134548,37231870,37134548,35611,35478,35476,35476,0,0,4534,0,1095081591,1092912232,4096,4096,0,0,35477,35477,900834720,900834757,900834728,900834741,0,0,0,0,0,0,0,0,4096,256,131072,4,15|4,0,67108864,262144,256,0,0,0,0,536,0,532,0,134,133,0,1,536,0|70,1733378796,2,35015328,0,0,0,0,0,37187704,0,133,0,1918118908,0,1918118908,0,2080,1906009577,0,20748964,0,0,0,0,0
1786003858817|1003|stream64_f2r_03|rotating|60,1378943233,33558272,37752259,37226151,428973,0,428973,0,9090,0,4545,0,0,0,35563,35563,29037728,29037728,4096,4096,0,0,4545,4545,877195158,877195158,877195166,877195166,0,0,0,0,0,0,0,0,4096,256,131072,4,15|4,0,67108864,262144,256,0,0,0,0,540,0,536,0,135,134,0,1,540,0|70,952571007,2,0,0,35127296,0,35127296,0,107643,0,0,134,0,0,0,0,0,0,0,3696890,0,0,0,0,0
1786003863826|1003|stream64_f2r_03|fixed|62,1378943233,16777471,43947742,43335239,43448360,43335239,43448360,43335239,41555,41400,41398,41398,0,0,5291,0,1277879743,1275352554,4096,4096,0,0,41399,41399,1221719346,1221719351,1221719354,1221719359,0,0,0,0,0,0,0,0,4096,256,131072,4,15|4,0,67108864,262144,256,0,0,0,0,624,0,620,0,156,155,0,1,624,0|72,2054093765,2,40845728,0,0,0,0,0,43384681,0,155,0,2237376277,0,2237376277,0,2080,2223560425,0,23606549,0,0,0,0,0
1786003863826|1003|stream64_f2r_03|rotating|62,1378943233,33557555,44015354,43402169,500132,0,500132,0,10598,0,5299,0,0,0,41462,41462,33852017,33852017,4096,4096,0,0,5299,5299,1196900843,1196900843,1196900851,1196900851,0,0,0,0,0,0,0,0,4096,256,131072,4,15|5,0,67108864,262144,256,0,0,0,0,628,0,624,0,157,156,0,1,628,0|72,1268162334,2,0,0,40894464,0,40894464,0,125198,0,0,156,0,0,0,0,0,0,0,3737939,0,0,0,0,0
1786003868856|1003|stream64_f2r_03|fixed|64,1378943233,16781056,50249816,49550930,49678898,49550930,49678898,49550930,47512,47335,47334,47334,0,0,6049,0,1461106392,1458218832,4096,4096,0,0,47334,47334,1543339302,1543339643,1543339310,1543339651,0,0,0,0,0,0,0,0,4096,256,131072,4,15|4,0,67108864,262144,256,0,0,0,0,716,0,712,0,179,178,0,1,716,0|74,2375826384,2,46701152,0,0,0,0,0,49598111,0,178,0,2557645040,0,2557645040,0,2080,2541985087,0,26602508,0,0,0,0,0
1786003868856|1003|stream64_f2r_03|rotating|64,1378943233,33558272,50321834,49621484,571770,0,571770,0,12116,0,6058,0,0,0,47401,47401,38704208,38704208,4096,4096,0,0,6058,6058,1518566580,1518566580,1518566588,1518566588,0,0,0,0,0,0,0,0,4096,256,131072,4,15|4,0,67108864,262144,256,0,0,0,0,716,0,712,0,179,178,0,1,716,0|74,1592051756,2,0,0,46661632,0,46661632,0,143226,0,0,178,0,0,0,0,0,0,0,3781220,0,0,0,0,0
1786003873871|1003|stream64_f2r_03|fixed|66,1378943233,16777471,56534449,55748688,55892081,55748688,55892081,55748688,53457,53256,53255,53254,0,0,6806,0,1643872125,1640609384,4096,4096,0,0,53255,53255,1864314339,1864314688,1864314347,1864314696,0,0,0,0,0,0,0,0,4096,256,131072,4,15|4,0,67108864,262144,256,0,0,0,0,804,0,800,0,201,200,0,1,804,0|76,2697315550,2,52547360,0,0,0,0,0,55808868,0,200,0,2877672654,0,2877672654,0,2080,2860294375,0,29475292,0,0,0,0,0
1786003873871|1003|stream64_f2r_03|rotating|66,1378943233,33558272,56617244,55830643,643314,0,643314,0,13632,0,6816,0,0,0,53333,53333,43547032,43547032,4096,4096,0,0,6816,6816,1840006542,1840006542,1840006550,1840006550,0,0,0,0,0,0,0,0,4096,256,131072,4,15|4,0,67108864,262144,256,0,0,0,0,804,0,800,0,201,200,0,1,804,0|76,1910978297,2,0,0,52428800,0,52428800,0,160970,0,0,200,0,0,0,0,0,0,0,3825537,0,0,0,0,0
1786003878871|1003|stream64_f2r_03|fixed|68,1378943233,16777471,62804120,61933190,62090491,61933190,62090491,61933190,59385,59162,59160,59160,0,0,7561,0,1826168151,1822545400,4096,4096,0,0,59161,59161,2184322677,2184322690,2184322685,2184322682,0,0,0,0,0,0,0,0,4096,256,131072,4,15|4,0,67108864,262144,256,0,0,0,0,892,0,888,0,223,222,0,1,892,0|78,3016247052,2,58346144,0,0,0,0,0,61971437,0,222,0,3195154460,0,3195154460,0,2080,3176068565,0,32327184,0,0,0,0,0
1786003878871|1003|stream64_f2r_03|rotating|68,1378943233,33558272,62877884,62006091,714480,0,714480,0,15140,0,7570,0,0,0,59230,59230,48364280,48364280,4096,4096,0,0,7570,7570,2159706509,2159706509,2159706517,2159706517,0,0,0,0,0,0,0,0,4096,256,131072,4,15|4,0,67108864,262144,256,0,0,0,0,892,0,888,0,223,222,0,1,892,0|78,2232186724,2,0,0,58195968,0,58195968,0,178854,0,0,222,0,0,0,0,0,0,0,3873913,0,0,0,0,0
1786003883878|1003|stream64_f2r_03|fixed|70,1378943233,16777471,69091295,68132731,68306217,68132731,68306217,68132731,65330,65085,65083,65083,0,0,8318,0,2008988089,2005005324,4096,4096,0,0,65084,65084,2505247766,2505247731,2505247774,2505247739,0,0,0,0,0,0,0,0,4096,256,131072,4,15|4,0,67108864,262144,256,0,0,0,0,980,0,976,0,245,244,0,1,980,0|80,3337313671,2,64184448,0,0,0,0,0,68173524,0,244,0,3514761503,0,3514761503,0,2080,3493970979,0,35184574,0,0,0,0,0
1786003883878|1003|stream64_f2r_03|rotating|70,1378943233,33558272,69153947,68194718,785733,0,785733,0,16650,0,8325,0,0,0,65142,65142,53187912,53187912,4096,4096,0,0,8325,8325,2479841766,2479841766,2479841774,2479841774,0,0,0,0,0,0,0,0,4096,256,131072,4,15|4,0,67108864,262144,256,0,0,0,0,984,0,980,0,246,245,0,1,984,0|80,2553387144,2,0,0,64225280,0,64225280,0,196740,0,0,245,0,0,0,0,0,0,0,3916886,0,0,0,0,0
1786003892376|1004|stream64_f2r_04|fixed|74,1378943233,16777471,6203321,6117976,6132913,6117976,6132913,6117976,5871,5849,5848,5848,0,0,746,0,180521624,180177680,4096,4096,0,0,5849,5849,3048692973,3048692946,3048692949,3048692954,0,0,0,0,0,0,0,0,4096,256,131072,4,15|4,0,67108864,262144,256,0,0,0,0,92,0,88,0,23,22,0,1,92,0|88,3881186469,2,5814592,0,0,0,0,0,6165974,0,22,0,319719603,0,319719603,0,2080,316254010,0,6343967,0,0,0,0,0
1786003892376|1004|stream64_f2r_04|rotating|74,1378943233,33558272,6293485,6206268,71545,0,71545,0,1516,0,758,0,0,0,5933,5933,4842848,4842848,4096,4096,0,0,758,758,3025079021,3025079021,3025079029,3025079029,0,0,0,0,0,0,0,0,4096,256,131072,4,15|4,0,67108864,262144,256,0,0,0,0,92,0,88,0,23,22,0,1,92,0|88,3095689246,2,0,0,5767168,0,5767168,0,18004,0,0,22,0,0,0,0,0,0,0,3472027,0,0,0,0,0
1786003897376|1004|stream64_f2r_04|fixed|76,1378943233,16781056,12481043,12307857,12339090,12307857,12339090,12307857,11815,11772,11770,11770,0,0,1504,0,363316240,362598080,4096,4096,0,0,11770,11770,3369710160,3369710509,3369710168,3369710517,0,0,0,0,0,0,0,0,4096,256,131072,4,15|4,0,67108864,262144,256,0,0,0,0,180,0,176,0,45,44,0,1,180,0|90,4202738167,2,11660800,0,0,0,0,0,12369172,0,44,0,639809749,0,639809749,0,2080,634613911,0,9228670,0,0,0,0,0
1786003897376|1004|stream64_f2r_04|rotating|76,1378943233,33558272,12574376,12400049,142994,0,142994,0,3030,0,1515,0,0,0,11858,11858,9679272,9679272,4096,4096,0,0,1515,1515,3346101115,3346101115,3346101123,3346101123,0,0,0,0,0,0,0,0,4096,256,131072,4,15|4,0,67108864,262144,256,0,0,0,0,180,0,176,0,45,44,0,1,180,0|90,3419721028,2,0,0,11534336,0,11534336,0,36030,0,0,44,0,0,0,0,0,0,0,3517930,0,0,0,0,0
1786003902391|1004|stream64_f2r_04|fixed|78,1378943233,16777471,18742838,18482903,18529718,18482903,18529718,18482903,17742,17677,17674,17674,0,0,2258,0,545583647,544505688,4096,4096,0,0,17675,17675,3689706346,3689706367,3689706354,3689706343,0,0,0,0,0,0,0,0,4096,256,131072,4,15|4,0,67108864,262144,256,0,0,0,0,272,0,268,0,68,67,0,1,272,0|92,243146331,3,17761248,0,0,0,0,0,18840670,0,67,0,973660097,0,973660097,0,2080,966651964,0,12245430,0,0,0,0,0
1786003902391|1004|stream64_f2r_04|rotating|78,1378943233,33558272,19146486,18881337,217740,0,217740,0,4614,0,2307,0,0,0,18055,18055,14739264,14739264,4096,4096,0,0,2307,2307,3681970031,3681970031,3681970039,3681970039,0,0,0,0,0,0,0,0,4096,256,131072,4,15|5,0,67108864,262144,256,0,0,0,0,276,0,272,0,69,68,0,1,276,0|92,3753684055,2,0,0,17825792,0,17825792,0,54624,0,0,68,0,0,0,0,0,0,0,3565844,0,0,0,0,0
1786003907453|1004|stream64_f2r_04|fixed|80,1378943233,16777471,25083787,24737084,24798564,24737084,24798564,24737084,23743,23656,23654,23654,0,0,3022,0,730150182,728714505,4096,4096,0,0,23654,23654,4013690402,4013690743,4013690410,4013690751,0,0,0,0,0,0,0,0,4096,256,131072,4,15|4,0,67108864,262144,256,0,0,0,0,360,0,356,0,90,89,0,1,360,0|94,557083223,3,23465184,0,0,0,0,0,24897936,0,89,0,1286171005,0,1286171005,0,2080,1277400568,0,15131646,0,0,0,0,0
1786003907453|1004|stream64_f2r_04|rotating|80,1378943233,33558272,25472440,25119791,289757,0,289757,0,6140,0,3070,0,0,0,24020,24020,19614080,19614080,4096,4096,0,0,3070,3070,4005376343,4005376343,4005376351,4005376351,0,0,0,0,0,0,0,0,4096,256,131072,4,15|4,0,67108864,262144,256,0,0,0,0,364,0,360,0,91,90,0,1,364,0|94,4079246011,2,0,0,23592960,0,23592960,0,72746,0,0,90,0,0,0,0,0,0,0,3607660,0,0,0,0,0
1786003912469|1004|stream64_f2r_04|fixed|82,1378943233,16781056,31364676,30929206,31007909,30929206,31007909,30929206,29687,29578,29575,29575,0,0,3780,0,912921912,911109688,4096,4096,0,0,29575,29575,39711369,39711718,39711377,39711726,0,0,0,0,0,0,0,0,4096,256,131072,4,15|4,0,67108864,262144,256,0,0,0,0,448,0,444,0,112,111,0,1,448,0|96,874172315,3,29232352,0,0,0,0,0,31017755,0,111,0,1601818305,0,1601818305,0,2080,1591299735,0,18017267,0,0,0,0,0
1786003912469|1004|stream64_f2r_04|rotating|82,1378943233,33557555,31490891,31054002,358169,0,358169,0,7589,0,3794,0,0,0,29694,29694,24241541,24241541,4096,4096,0,0,3795,3795,17874802,17874802,17874810,17874810,0,0,0,0,0,0,0,0,4096,256,131072,4,15|4,0,67108864,262144,256,0,0,0,0,448,0,444,0,112,111,0,1,448,0|96,88694640,3,0,0,29097984,0,29097984,0,89687,0,0,111,0,0,0,0,0,0,0,3655281,0,0,0,0,0
1786003917482|1004|stream64_f2r_04|fixed|84,1378943233,16777471,37645690,37122859,37217567,37122859,37217567,37122859,35632,35501,35497,35497,0,0,4536,0,1095741208,1093568656,4096,4096,0,0,35498,35498,360669103,360669100,360669087,360669060,0,0,0,0,0,0,0,0,4096,256,131072,4,15|4,0,67108864,262144,256,0,0,0,0,536,0,532,0,134,133,0,1,536,0|98,1196308770,3,35094368,0,0,0,0,0,37234816,0,133,0,1922489256,0,1922489256,0,2080,1910243354,0,20902451,0,0,0,0,0
1786003917482|1004|stream64_f2r_04|rotating|84,1378943233,33558272,37787914,37263602,429722,0,429722,0,9106,0,4553,0,0,0,35631,35631,29088832,29088832,4096,4096,0,0,4553,4553,339327707,339327707,339327715,339327715,0,0,0,0,0,0,0,0,4096,256,131072,4,15|5,0,67108864,262144,256,0,0,0,0,540,0,536,0,135,134,0,1,540,0|98,409675417,3,0,0,35127296,0,35127296,0,107548,0,0,134,0,0,0,0,0,0,0,3697262,0,0,0,0,0
1786003922485|1004|stream64_f2r_04|fixed|86,1378943233,16777471,43912693,43303374,43413311,43303374,43413311,43303374,41562,41409,41405,41405,0,0,5291,0,1278109848,1275579088,4096,4096,0,0,41406,41406,680834279,680834276,680834239,680834244,0,0,0,0,0,0,0,0,4096,256,131072,4,15|4,0,67108864,262144,256,0,0,0,0,624,0,620,0,156,155,0,1,624,0|100,1513803756,3,40869440,0,0,0,0,0,43362315,0,155,0,2238540474,0,2238540474,0,2080,2224548418,0,23787790,0,0,0,0,0
1786003922485|1004|stream64_f2r_04|rotating|86,1378943233,33558272,44004112,43393756,500414,0,500414,0,10604,0,5302,0,0,0,41492,41492,33874152,33874152,4096,4096,0,0,5302,5302,656912293,656912293,656912301,656912301,0,0,0,0,0,0,0,0,4096,256,131072,4,15|4,0,67108864,262144,256,0,0,0,0,628,0,624,0,157,156,0,1,628,0|100,728755831,3,0,0,40894464,0,40894464,0,125316,0,0,156,0,0,0,0,0,0,0,3741036,0,0,0,0,0
1786003927500|1004|stream64_f2r_04|fixed|88,1378943233,16781056,50194628,49499388,49623804,49499388,49623804,49499388,47506,47331,47328,47328,0,0,6048,0,1460921096,1458030648,4096,4096,0,0,47328,47328,1001759180,1001759497,1001759188,1001759505,0,0,0,0,0,0,0,0,4096,256,131072,4,15|4,0,67108864,262144,256,0,0,0,0,716,0,712,0,179,178,0,1,716,0|102,1834191737,3,46693248,0,0,0,0,0,49543257,0,178,0,2557472503,0,2557472503,0,2080,2541608244,0,26805063,0,0,0,0,0
1786003927500|1004|stream64_f2r_04|rotating|88,1378943233,33558272,50328844,49631356,572433,0,572433,0,12130,0,6065,0,0,0,47454,47454,38748936,38748936,4096,4096,0,0,6065,6065,980318400,980318400,980318416,980318416,0,0,0,0,0,0,0,0,4096,256,131072,4,15|4,0,67108864,262144,256,0,0,0,0,716,0,712,0,179,178,0,1,716,0|102,1054017173,3,0,0,46661632,0,46661632,0,143391,0,0,178,0,0,0,0,0,0,0,3790576,0,0,0,0,0
1786003932501|1004|stream64_f2r_04|fixed|90,1378943233,16781056,56455608,55672746,55813433,55672746,55813433,55672746,53433,53235,53232,53232,0,0,6803,0,1643165336,1639898328,4096,4096,0,0,53232,53232,1321833809,1321834134,1321833817,1321834142,0,0,0,0,0,0,0,0,4096,256,131072,4,15|4,0,67108864,262144,256,0,0,0,0,804,0,800,0,201,200,0,1,804,0|104,2155008182,3,52523648,0,0,0,0,0,55734734,0,200,0,2876831348,0,2876831348,0,2080,2859232813,0,29690403,0,0,0,0,0
1786003932501|1004|stream64_f2r_04|rotating|90,1378943233,33558272,56559421,55775399,643314,0,643314,0,13632,0,6816,0,0,0,53329,53329,43547032,43547032,4096,4096,0,0,6816,6816,1298762553,1298762553,1298762561,1298762561,0,0,0,0,0,0,0,0,4096,256,131072,4,15|4,0,67108864,262144,256,0,0,0,0,804,0,800,0,201,200,0,1,804,0|104,1370079848,3,0,0,52428800,0,52428800,0,160994,0,0,200,0,0,0,0,0,0,0,3834228,0,0,0,0,0
1786003937514|1004|stream64_f2r_04|fixed|92,1378943233,16777471,62738867,61869792,62025332,61869792,62025332,61869792,59379,59159,59155,59155,0,0,7560,0,1826013879,1822386514,4096,4096,0,0,59156,59156,1642844100,1642844129,1642844108,1642844137,0,0,0,0,0,0,0,0,4096,256,131072,4,15|4,0,67108864,262144,256,0,0,0,0,892,0,888,0,223,222,0,1,892,0|106,2474937897,3,58346144,0,0,0,0,0,61909966,0,222,0,3195305439,0,3195305439,0,2080,3175970929,0,32575745,0,0,0,0,0
1786003937514|1004|stream64_f2r_04|rotating|92,1378943233,33558272,62807003,61937072,714290,0,714290,0,15136,0,7568,0,0,0,59219,59219,48351520,48351520,4096,4096,0,0,7568,7568,1617636417,1617636417,1617636425,1617636425,0,0,0,0,0,0,0,0,4096,256,131072,4,15|4,0,67108864,262144,256,0,0,0,0,892,0,888,0,223,222,0,1,892,0|106,1687958699,3,0,0,58195968,0,58195968,0,178690,0,0,222,0,0,0,0,0,0,0,3880693,0,0,0,0,0
1786003942558|1004|stream64_f2r_04|fixed|94,1378943233,16781056,69057325,68100594,68271966,68100594,68271966,68100594,65356,65114,65111,65111,0,0,8321,0,2009845760,2005859064,4096,4096,0,0,65111,65111,1965543963,1965544296,1965543971,1965544304,0,0,0,0,0,0,0,0,4096,256,131072,4,15|4,0,67108864,262144,256,0,0,0,0,980,0,976,0,245,244,0,1,980,0|108,2798095452,3,64223968,0,0,0,0,0,68149393,0,244,0,3516993538,0,3516993538,0,2080,3495935434,0,35460585,0,0,0,0,0
1786003942558|1004|stream64_f2r_04|rotating|94,1378943233,33558272,69140510,68182085,786394,0,786394,0,16664,0,8332,0,0,0,65189,65189,53232640,53232640,4096,4096,0,0,8332,8332,1941470969,1941470969,1941470977,1941470977,0,0,0,0,0,0,0,0,4096,256,131072,4,15|4,0,67108864,262144,256,0,0,0,0,984,0,980,0,246,245,0,1,984,0|108,2013358603,3,0,0,64225280,0,64225280,0,196788,0,0,245,0,0,0,0,0,0,0,3930339,0,0,0,0,0
1786003951075|1005|stream64_f2r_05|fixed|98,1378943233,16777471,6232771,6149273,6161984,6149273,6161984,6149273,5895,5872,5872,5872,0,0,750,0,181254557,180895512,4096,4096,0,0,5872,5872,2511909029,2511909354,2511909037,2511909362,0,0,0,0,0,0,0,0,4096,256,131072,4,15|4,0,67108864,262144,256,0,0,0,0,92,0,88,0,23,22,0,1,92,0|116,3345019907,3,5854088,0,0,0,0,0,6210841,0,22,0,321706449,0,321706449,0,2080,318261917,0,6331497,0,0,0,0,0
1786003951075|1005|stream64_f2r_05|rotating|98,1378943233,33558272,6329617,6245006,71829,0,71829,0,1522,0,761,0,0,0,5963,5963,4861992,4861992,4096,4096,0,0,761,761,2488193387,2488193387,2488193403,2488193403,0,0,0,0,0,0,0,0,4096,256,131072,4,15|4,0,67108864,262144,256,0,0,0,0,92,0,88,0,23,22,0,1,92,0|116,2559620679,3,0,0,5767168,0,5767168,0,18122,0,0,22,0,0,0,0,0,0,0,3466291,0,0,0,0,0
1786003956107|1005|stream64_f2r_05|fixed|100,1378943233,16777471,12514778,12343561,12372540,12343561,12372540,12343561,11838,11793,11792,11792,0,0,1507,0,363999904,363281930,4096,4096,0,0,11793,11793,2832721411,2832721392,2832721387,2832721400,0,0,0,0,0,0,0,0,4096,256,131072,4,15|4,0,67108864,262144,256,0,0,0,0,180,0,176,0,45,44,0,1,180,0|118,3665010819,3,11668704,0,0,0,0,0,12389998,0,44,0,640243707,0,640243707,0,2080,635081691,0,9196657,0,0,0,0,0
1786003956107|1005|stream64_f2r_05|rotating|100,1378943233,33558272,12585580,12413643,142994,0,142994,0,3030,0,1515,0,0,0,11859,11859,9679272,9679272,4096,4096,0,0,1515,1515,2807906654,2807906654,2807906662,2807906662,0,0,0,0,0,0,0,0,4096,256,131072,4,15|4,0,67108864,262144,256,0,0,0,0,180,0,176,0,45,44,0,1,180,0|118,2878753538,3,0,0,11534336,0,11534336,0,35889,0,0,44,0,0,0,0,0,0,0,3512812,0,0,0,0,0
1786003961119|1005|stream64_f2r_05|fixed|102,1378943233,16777471,18798037,18540374,18584445,18540374,18584445,18540374,17779,17712,17711,17711,0,0,2263,0,546721718,545644225,4096,4096,0,0,17712,17712,3153480851,3153480840,3153480859,3153480848,0,0,0,0,0,0,0,0,4096,256,131072,4,15|4,0,67108864,262144,256,0,0,0,0,268,0,264,0,67,66,0,1,268,0|120,3988273421,3,17546528,0,0,0,0,0,18634753,0,66,0,962036853,0,962036853,0,2080,955164076,0,12068664,0,0,0,0,0
1786003961119|1005|stream64_f2r_05|rotating|102,1378943233,33558272,18934338,18674347,215192,0,215192,0,4560,0,2280,0,0,0,17840,17840,14566768,14566768,4096,4096,0,0,2280,2280,3132158107,3132158107,3132158115,3132158115,0,0,0,0,0,0,0,0,4096,256,131072,4,15|4,0,67108864,262144,256,0,0,0,0,272,0,268,0,68,67,0,1,272,0|120,3203117774,3,0,0,17563648,0,17563648,0,53940,0,0,67,0,0,0,0,0,0,0,3558817,0,0,0,0,0
1786003966125|1005|stream64_f2r_05|fixed|104,1378943233,16781056,25172464,24824980,24886389,24824980,24886389,24824980,23806,23716,23716,23716,0,0,3031,0,732064752,730611576,4096,4096,0,0,23716,23716,3478917212,3478917561,3478917220,3478917569,0,0,0,0,0,0,0,0,4096,256,131072,4,15|4,0,67108864,262144,256,0,0,0,0,360,0,356,0,90,89,0,1,360,0|122,17095330,4,23433568,0,0,0,0,0,24887788,0,89,0,1284354298,0,1284354298,0,2080,1275644163,0,15064668,0,0,0,0,0
1786003966125|1005|stream64_f2r_05|rotating|104,1378943233,33558272,25254234,24905796,286927,0,286927,0,6080,0,3040,0,0,0,23793,23793,19422384,19422384,4096,4096,0,0,3040,3040,3454449759,3454449759,3454449767,3454449767,0,0,0,0,0,0,0,0,4096,256,131072,4,15|4,0,67108864,262144,256,0,0,0,0,360,0,356,0,90,89,0,1,360,0|122,3525561657,3,0,0,23330816,0,23330816,0,71873,0,0,89,0,0,0,0,0,0,0,3605817,0,0,0,0,0
1786003971170|1005|stream64_f2r_05|fixed|106,1378943233,16777471,31400335,30966783,31043568,30966783,31043568,30966783,29694,29582,29581,29581,0,0,3780,0,913128904,911315187,4096,4096,0,0,29582,29582,3796788714,3796788711,3796788682,3796788719,0,0,0,0,0,0,0,0,4096,256,131072,4,15|4,0,67108864,262144,256,0,0,0,0,448,0,444,0,112,111,0,1,448,0|124,334548402,4,29208640,0,0,0,0,0,31021192,0,111,0,1600363602,0,1600363602,0,2080,1589937538,0,17919782,0,0,0,0,0
1786003971170|1005|stream64_f2r_05|rotating|106,1378943233,33557555,31477033,31042443,357713,0,357713,0,7580,0,3790,0,0,0,29654,29654,24213847,24213847,4096,4096,0,0,3790,3790,3772433905,3772433905,3772433913,3772433913,0,0,0,0,0,0,0,0,4096,256,131072,4,15|5,0,67108864,262144,256,0,0,0,0,452,0,448,0,113,112,0,1,452,0|124,3850584958,3,0,0,29360128,0,29360128,0,89970,0,0,112,0,0,0,0,0,0,0,3650345,0,0,0,0,0
1786003976172|1005|stream64_f2r_05|fixed|108,1378943233,16777471,37671569,37150645,37243541,37150645,37243541,37150645,35624,35490,35489,35489,0,0,4535,0,1095489028,1093315615,4096,4096,0,0,35490,35490,4116919135,4116919132,4116919143,4116919140,0,0,0,0,0,0,0,0,4096,256,131072,4,15|4,0,67108864,262144,256,0,0,0,0,536,0,532,0,134,133,0,1,536,0|126,654467948,4,35031136,0,0,0,0,0,37201465,0,133,0,1918827524,0,1918827524,0,2080,1906686448,0,20784161,0,0,0,0,0
1786003976172|1005|stream64_f2r_05|rotating|108,1378943233,33558272,37760902,37238796,429066,0,429066,0,9092,0,4546,0,0,0,35573,35573,29044104,29044104,4096,4096,0,0,4546,4546,4093005882,4093005882,4093005890,4093005890,0,0,0,0,0,0,0,0,4096,256,131072,4,15|4,0,67108864,262144,256,0,0,0,0,536,0,532,0,134,133,0,1,536,0|126,4163066482,3,0,0,34865152,0,34865152,0,107360,0,0,133,0,0,0,0,0,0,0,3695547,0,0,0,0,0
1786003981184|1005|stream64_f2r_05|fixed|110,1378943233,16777471,43961533,43352590,43462056,43352590,43462056,43352590,41570,41414,41413,41413,0,0,5292,0,1278351608,1275821707,4096,4096,0,0,41414,41414,142940490,142940503,142940498,142940511,0,0,0,0,0,0,0,0,4096,256,131072,4,15|4,0,67108864,262144,256,0,0,0,0,624,0,620,0,156,155,0,1,624,0|128,975695691,4,40869440,0,0,0,0,0,43408028,0,155,0,2238595691,0,2238595691,0,2080,2224759602,0,23631935,0,0,0,0,0
1786003981184|1005|stream64_f2r_05|rotating|110,1378943233,33558272,44040648,43430821,500414,0,500414,0,10604,0,5302,0,0,0,41488,41488,33874152,33874152,4096,4096,0,0,5302,5302,118594000,118594000,118594008,118594008,0,0,0,0,0,0,0,0,4096,256,131072,4,15|4,0,67108864,262144,256,0,0,0,0,628,0,624,0,157,156,0,1,628,0|128,189528291,4,0,0,40894464,0,40894464,0,125245,0,0,156,0,0,0,0,0,0,0,3739874,0,0,0,0,0
1786003986196|1005|stream64_f2r_05|fixed|112,1378943233,16777471,50243005,49547470,49672087,49547470,49672087,49547470,47509,47331,47330,47330,0,0,6049,0,1460988406,1458099625,4096,4096,0,0,47331,47331,463543056,463543045,463543064,463543053,0,0,0,0,0,0,0,0,4096,256,131072,4,15|4,0,67108864,262144,256,0,0,0,0,716,0,712,0,179,178,0,1,716,0|130,1300641611,4,46780192,0,0,0,0,0,49684117,0,178,0,2562063923,0,2562063923,0,2080,2546407853,0,26615653,0,0,0,0,0
1786003986196|1005|stream64_f2r_05|rotating|112,1378943233,33558272,50417782,49719370,572906,0,572906,0,12140,0,6070,0,0,0,47495,47495,38780896,38780896,4096,4096,0,0,6070,6070,444115421,444115421,444115429,444115429,0,0,0,0,0,0,0,0,4096,256,131072,4,15|4,0,67108864,262144,256,0,0,0,0,716,0,712,0,179,178,0,1,716,0|130,514791080,4,0,0,46661632,0,46661632,0,143344,0,0,178,0,0,0,0,0,0,0,3785194,0,0,0,0,0
1786003991206|1005|stream64_f2r_05|fixed|114,1378943233,16781056,56515092,55732191,55872818,55732191,55872818,55732191,53446,53245,53245,53245,0,0,6805,0,1643564288,1640300944,4096,4096,0,0,53245,53245,784158924,784159249,784158932,784159257,0,0,0,0,0,0,0,0,4096,256,131072,4,15|4,0,67108864,262144,256,0,0,0,0,804,0,800,0,201,200,0,1,804,0|132,1618354720,4,52555264,0,0,0,0,0,55815174,0,200,0,2878333264,0,2878333264,0,2080,2860951498,0,29480534,0,0,0,0,0
1786003991206|1005|stream64_f2r_05|rotating|114,1378943233,33558272,56619615,55835580,643409,0,643409,0,13634,0,6817,0,0,0,53343,53343,43553432,43553432,4096,4096,0,0,6817,6817,760820023,760820023,760820031,760820031,0,0,0,0,0,0,0,0,4096,256,131072,4,15|4,0,67108864,262144,256,0,0,0,0,804,0,800,0,201,200,0,1,804,0|132,831274197,4,0,0,52428800,0,52428800,0,160970,0,0,200,0,0,0,0,0,0,0,3829443,0,0,0,0,0
1786003996222|1005|stream64_f2r_05|fixed|116,1378943233,16777471,62799280,61929463,62085556,61929463,62085556,61929463,59393,59170,59169,59169,0,0,7562,0,1826431798,1822809625,4096,4096,0,0,59170,59170,1105194340,1105194313,1105194348,1105194321,0,0,0,0,0,0,0,0,4096,256,131072,4,15|4,0,67108864,262144,256,0,0,0,0,892,0,888,0,223,222,0,1,892,0|134,1938340290,4,58377760,0,0,0,0,0,61991666,0,222,0,3196863210,0,3196863210,0,2080,3177759276,0,32352069,0,0,0,0,0
1786003996222|1005|stream64_f2r_05|rotating|116,1378943233,33558272,62904647,62033550,714948,0,714948,0,15150,0,7575,0,0,0,59268,59268,48396184,48396184,4096,4096,0,0,7575,7575,1082258708,1082258708,1082258716,1082258716,0,0,0,0,0,0,0,0,4096,256,131072,4,15|4,0,67108864,262144,256,0,0,0,0,892,0,888,0,223,222,0,1,892,0|134,1152991326,4,0,0,58195968,0,58195968,0,178878,0,0,222,0,0,0,0,0,0,0,3875573,0,0,0,0,0
1786004001229|1005|stream64_f2r_05|fixed|118,1378943233,16777471,69078338,68119480,68293260,68119480,68293260,68119480,65333,65088,65087,65087,0,0,8318,0,2009105857,2005124676,4096,4096,0,0,65088,65088,1425869204,1425869225,1425869212,1425869233,0,0,0,0,0,0,0,0,4096,256,131072,4,15|4,0,67108864,262144,256,0,0,0,0,980,0,976,0,245,244,0,1,980,0|136,2258553613,4,64200256,0,0,0,0,0,68173931,0,244,0,3515620909,0,3515620909,0,2080,3494802292,0,35216119,0,0,0,0,0
1786004001229|1005|stream64_f2r_05|rotating|118,1378943233,33558272,69154730,68195006,785921,0,785921,0,16654,0,8327,0,0,0,65159,65159,53200696,53200696,4096,4096,0,0,8327,8327,1401111312,1401111312,1401111320,1401111320,0,0,0,0,0,0,0,0,4096,256,131072,4,15|4,0,67108864,262144,256,0,0,0,0,984,0,980,0,246,245,0,1,984,0|136,1472053269,4,0,0,64225280,0,64225280,0,196622,0,0,245,0,0,0,0,0,0,0,3924286,0,0,0,0,0
1786004009794|1006|stream64_f2r_06|fixed|122,1378943233,16781056,6274935,6188674,6203675,6188674,6203675,6188674,5934,5911,5911,5911,0,0,755,0,182461528,182100576,4096,4096,0,0,5911,5911,1977135740,1977136081,1977135748,1977136089,0,0,0,0,0,0,0,0,4096,256,131072,4,15|4,0,67108864,262144,256,0,0,0,0,92,0,88,0,23,22,0,1,92,0|144,2810077986,4,5885728,0,0,0,0,0,6248656,0,22,0,323607966,0,323607966,0,2080,320187293,0,6314483,0,0,0,0,0
1786004009794|1006|stream64_f2r_06|rotating|122,1378943233,33558272,6502526,6412986,73807,0,73807,0,1564,0,782,0,0,0,6125,6125,4996152,4996152,4096,4096,0,0,782,782,1960027292,1960027292,1960027300,1960027300,0,0,0,0,0,0,0,0,4096,256,131072,4,15|4,0,67108864,262144,256,0,0,0,0,96,0,92,0,24,23,0,1,96,0|144,2031786545,4,0,0,6029312,0,6029312,0,18641,0,0,23,0,0,0,0,0,0,0,3473584,0,0,0,0,0
1786004014900|1006|stream64_f2r_06|fixed|124,1378943233,16777471,12610772,12436835,12467494,12436835,12467494,12436835,11928,11883,11882,11882,0,0,1518,0,366775867,366056326,4096,4096,0,0,11883,11883,2300670468,2300670473,2300670476,2300670489,0,0,0,0,0,0,0,0,4096,256,131072,4,15|4,0,67108864,262144,256,0,0,0,0,180,0,176,0,45,44,0,1,180,0|146,3133952251,4,11779360,0,0,0,0,0,12503888,0,44,0,646008823,0,646008823,0,2080,640900524,0,9166749,0,0,0,0,0
1786004014900|1006|stream64_f2r_06|rotating|124,1378943233,33558272,12699105,12524063,144215,0,144215,0,3056,0,1528,0,0,0,11965,11965,9762288,9762288,4096,4096,0,0,1528,1528,2276613313,2276613313,2276613321,2276613321,0,0,0,0,0,0,0,0,4096,256,131072,4,15|4,0,67108864,262144,256,0,0,0,0,184,0,180,0,46,45,0,1,184,0|146,2347123623,4,0,0,11796480,0,11796480,0,36172,0,0,45,0,0,0,0,0,0,0,3522706,0,0,0,0,0
1786004019944|1006|stream64_f2r_06|fixed|126,1378943233,16777471,18931665,18670713,18716568,18670713,18716568,18670713,17906,17838,17837,17837,0,0,2279,0,550597243,549502414,4096,4096,0,0,17838,17838,2623459429,2623459458,2623459437,2623459466,0,0,0,0,0,0,0,0,4096,256,131072,4,15|4,0,67108864,262144,256,0,0,0,0,272,0,268,0,68,67,0,1,272,0|148,3456701038,4,17642688,0,0,0,0,0,18735595,0,67,0,967291778,0,967291778,0,2080,960349415,0,12154368,0,0,0,0,0
1786004019944|1006|stream64_f2r_06|rotating|126,1378943233,33558272,19020813,18758575,216140,0,216140,0,4580,0,2290,0,0,0,17921,17921,14630696,14630696,4096,4096,0,0,2290,2290,2599560007,2599560007,2599560015,2599560015,0,0,0,0,0,0,0,0,4096,256,131072,4,15|4,0,67108864,262144,256,0,0,0,0,272,0,268,0,68,67,0,1,272,0|148,2670409152,4,0,0,17563648,0,17563648,0,54176,0,0,67,0,0,0,0,0,0,0,3560040,0,0,0,0,0
1786004024955|1006|stream64_f2r_06|fixed|128,1378943233,16781056,25239814,24890792,24952982,24890792,24952982,24890792,23869,23779,23779,23779,0,0,3039,0,734011872,732556440,4096,4096,0,0,23779,23779,2945399749,2945400106,2945399757,2945400114,0,0,0,0,0,0,0,0,4096,256,131072,4,15|4,0,67108864,262144,256,0,0,0,0,360,0,356,0,90,89,0,1,360,0|150,3781496857,4,23552128,0,0,0,0,0,25011567,0,89,0,1290610237,0,1290610237,0,2080,1281976099,0,15014177,0,0,0,0,0
1786004024955|1006|stream64_f2r_06|rotating|128,1378943233,33558272,25389744,25039198,288432,0,288432,0,6112,0,3056,0,0,0,23920,23920,19524584,19524584,4096,4096,0,0,3056,3056,2924425135,2924425135,2924425143,2924425143,0,0,0,0,0,0,0,0,4096,256,131072,4,15|4,0,67108864,262144,256,0,0,0,0,364,0,360,0,91,90,0,1,364,0|150,2995894572,4,0,0,23592960,0,23592960,0,72297,0,0,90,0,0,0,0,0,0,0,3613044,0,0,0,0,0
1786004030031|1006|stream64_f2r_06|fixed|130,1378943233,16777471,31583856,31147611,31225014,31147611,31225014,31147611,29867,29755,29754,29754,0,0,3802,0,918453504,916639413,4096,4096,0,0,29755,29755,3269172856,3269172829,3269172824,3269172837,0,0,0,0,0,0,0,0,4096,256,131072,4,15|4,0,67108864,262144,256,0,0,0,0,452,0,448,0,113,112,0,1,452,0|152,4103227294,4,29399648,0,0,0,0,0,31225316,0,112,0,1610878794,0,1610878794,0,2080,1600394023,0,18014971,0,0,0,0,0
1786004030031|1006|stream64_f2r_06|rotating|130,1378943233,33558272,31714151,31275845,360355,0,360355,0,7636,0,3818,0,0,0,29877,29877,24393008,24393008,4096,4096,0,0,3818,3818,3247385029,3247385029,3247385037,3247385037,0,0,0,0,0,0,0,0,4096,256,131072,4,15|4,0,67108864,262144,256,0,0,0,0,452,0,448,0,113,112,0,1,452,0|152,3319004282,4,0,0,29360128,0,29360128,0,90278,0,0,112,0,0,0,0,0,0,0,3660413,0,0,0,0,0
1786004035038|1006|stream64_f2r_06|fixed|132,1378943233,16777471,37859089,37333745,37428894,37333745,37428894,37333745,35801,35666,35665,35665,0,0,4558,0,1100918535,1098727586,4096,4096,0,0,35666,35666,3589599311,3589599316,3589599319,3589599324,0,0,0,0,0,0,0,0,4096,256,131072,4,15|4,0,67108864,262144,256,0,0,0,0,540,0,536,0,135,134,0,1,540,0|154,127140982,5,35198432,0,0,0,0,0,37385077,0,134,0,1928310082,0,1928310082,0,2080,1916112284,0,20872274,0,0,0,0,0
1786004035038|1006|stream64_f2r_06|rotating|132,1378943233,33558272,37950740,37424215,431237,0,431237,0,9138,0,4569,0,0,0,35751,35751,29191080,29191080,4096,4096,0,0,4569,4569,3565801101,3565801101,3565801117,3565801117,0,0,0,0,0,0,0,0,4096,256,131072,4,15|4,0,67108864,262144,256,0,0,0,0,540,0,536,0,135,134,0,1,540,0|154,3640959821,4,0,0,35127296,0,35127296,0,108185,0,0,134,0,0,0,0,0,0,0,3706268,0,0,0,0,0
1786004040070|1006|stream64_f2r_06|fixed|134,1378943233,16777471,44169240,43555676,43667310,43555676,43667310,43555676,41766,41610,41608,41608,0,0,5318,0,1284367736,1281817619,4096,4096,0,0,41609,41609,3911613611,3911613608,3911613619,3911613616,0,0,0,0,0,0,0,0,4096,256,131072,4,15|4,0,67108864,262144,256,0,0,0,0,628,0,624,0,157,156,0,1,628,0|156,455276229,5,41164512,0,0,0,0,0,43723514,0,157,0,2254953809,0,2254953809,0,2080,2240946175,0,23857726,0,0,0,0,0
1786004040070|1006|stream64_f2r_06|rotating|134,1378943233,33558272,44369668,43753163,504192,0,504192,0,10684,0,5342,0,0,0,41797,41797,34129712,34129712,4096,4096,0,0,5342,5342,3893473133,3893473133,3893473141,3893473141,0,0,0,0,0,0,0,0,4096,256,131072,4,15|4,0,67108864,262144,256,0,0,0,0,632,0,628,0,158,157,0,1,632,0|156,3963656711,4,0,0,41156608,0,41156608,0,126142,0,0,157,0,0,0,0,0,0,0,3754524,0,0,0,0,0
1786004045116|1006|stream64_f2r_06|fixed|136,1378943233,16777471,50499466,49798503,49925714,49798503,49925714,49798503,47750,47572,47570,47570,0,0,6079,0,1468400867,1465489726,4096,4096,0,0,47571,47571,4234648081,4234648070,4234648089,4234648078,0,0,0,0,0,0,0,0,4096,256,131072,4,15|4,0,67108864,262144,256,0,0,0,0,720,0,716,0,180,179,0,1,720,0|158,772940108,5,46947488,0,0,0,0,0,49860888,0,179,0,2571171944,0,2571171944,0,2080,2555448582,0,26714336,0,0,0,0,0
1786004045116|1006|stream64_f2r_06|rotating|136,1378943233,33558272,50591123,49888446,574885,0,574885,0,12182,0,6091,0,0,0,47656,47656,38915040,38915040,4096,4096,0,0,6091,6091,4211028997,4211028997,4211029005,4211029005,0,0,0,0,0,0,0,0,4096,256,131072,4,15|4,0,67108864,262144,256,0,0,0,0,720,0,716,0,180,179,0,1,720,0|158,4282453820,4,0,0,46923776,0,46923776,0,143887,0,0,179,0,0,0,0,0,0,0,3800939,0,0,0,0,0
1786004050120|1006|stream64_f2r_06|fixed|138,1378943233,16781056,56782132,55993410,56136934,55993410,56136934,55993410,53691,53490,53489,53489,0,0,6836,0,1651101120,1647813504,4096,4096,0,0,53489,53489,260504669,260505010,260504685,260505018,0,0,0,0,0,0,0,0,4096,256,131072,4,15|4,0,67108864,262144,256,0,0,0,0,808,0,804,0,202,201,0,1,808,0|160,1093767276,5,52777888,0,0,0,0,0,56058968,0,201,0,2890541512,0,2890541512,0,2080,2873108952,0,29574598,0,0,0,0,0
1786004050120|1006|stream64_f2r_06|rotating|138,1378943233,33558272,56890350,56100148,646429,0,646429,0,13698,0,6849,0,0,0,53590,53590,43757856,43757856,4096,4096,0,0,6849,6849,237489114,237489114,237489122,237489122,0,0,0,0,0,0,0,0,4096,256,131072,4,15|4,0,67108864,262144,256,0,0,0,0,808,0,804,0,202,201,0,1,808,0|160,310546755,5,0,0,52690944,0,52690944,0,161866,0,0,201,0,0,0,0,0,0,0,3841354,0,0,0,0,0
1786004055172|1006|stream64_f2r_06|fixed|140,1378943233,16777471,63105362,62229260,62388335,62229260,62388335,62229260,59669,59446,59444,59444,0,0,7597,0,1834935984,1831290000,4096,4096,0,0,59445,59445,583200126,583200131,583200102,583200107,0,0,0,0,0,0,0,0,4096,256,131072,4,15|4,0,67108864,262144,256,0,0,0,0,896,0,892,0,224,223,0,1,896,0|162,1417186175,5,58663616,0,0,0,0,0,62308674,0,223,0,3212488979,0,3212488979,0,2080,3193367693,0,32426267,0,0,0,0,0
1786004055172|1006|stream64_f2r_06|rotating|140,1378943233,33558272,63238212,62360617,718532,0,718532,0,15226,0,7613,0,0,0,59569,59569,48638992,48638992,4096,4096,0,0,7613,7613,561486571,561486571,561486579,561486579,0,0,0,0,0,0,0,0,4096,256,131072,4,15|4,0,67108864,262144,256,0,0,0,0,900,0,896,0,225,224,0,1,900,0|162,632542183,5,0,0,58720256,0,58720256,0,179798,0,0,224,0,0,0,0,0,0,0,3885880,0,0,0,0,0
1786004060179|1006|stream64_f2r_06|fixed|142,1378943233,16777471,69388888,68424816,68600414,68424816,68600414,68424816,65609,65364,65362,65362,0,0,8354,0,2017615451,2013610086,4096,4096,0,0,65363,65363,903881414,903881387,903881422,903881395,0,0,0,0,0,0,0,0,4096,256,131072,4,15|4,0,67108864,262144,256,0,0,0,0,984,0,980,0,246,245,0,1,984,0|164,1737001640,5,64478208,0,0,0,0,0,68487644,0,245,0,3530850796,0,3530850796,0,2080,3510015359,0,35288088,0,0,0,0,0
1786004060179|1006|stream64_f2r_06|rotating|142,1378943233,33558272,69484310,68518574,789603,0,789603,0,16732,0,8366,0,0,0,65452,65452,53449864,53449864,4096,4096,0,0,8366,8366,880570624,880570624,880570632,880570632,0,0,0,0,0,0,0,0,4096,256,131072,4,15|4,0,67108864,262144,256,0,0,0,0,988,0,984,0,247,246,0,1,988,0|164,951927979,5,0,0,64487424,0,64487424,0,197566,0,0,246,0,0,0,0,0,0,0,3925386,0,0,0,0,0
1786004068442|1007|stream64_f2r_07|fixed|146,1378943233,16781056,6243505,6157415,6172623,6157415,6172623,6157415,5904,5881,5881,5881,0,0,751,0,181534136,181175704,4096,4096,0,0,5881,5881,1433659516,1433659865,1433659524,1433659873,0,0,0,0,0,0,0,0,4096,256,131072,4,15|4,0,67108864,262144,256,0,0,0,0,92,0,88,0,23,22,0,1,92,0|172,2266069892,5,5846208,0,0,0,0,0,6206562,0,22,0,321504582,0,321504582,0,2080,318045184,0,6344596,0,0,0,0,0
1786004068442|1007|stream64_f2r_07|rotating|146,1378943233,33558272,6309003,6222143,71640,0,71640,0,1518,0,759,0,0,0,5942,5942,4849240,4849240,4096,4096,0,0,759,759,1408602883,1408602883,1408602891,1408602891,0,0,0,0,0,0,0,0,4096,256,131072,4,15|4,0,67108864,262144,256,0,0,0,0,92,0,88,0,23,22,0,1,92,0|172,1478916663,5,0,0,5767168,0,5767168,0,18028,0,0,22,0,0,0,0,0,0,0,3471810,0,0,0,0,0
1786004073455|1007|stream64_f2r_07|fixed|148,1378943233,16777471,12503434,12329796,12361386,12329796,12361386,12329796,11826,11781,11780,11780,0,0,1505,0,363633648,362915510,4096,4096,0,0,11781,11781,1753369955,1753369928,1753369923,1753369936,0,0,0,0,0,0,0,0,4096,256,131072,4,15|4,0,67108864,262144,256,0,0,0,0,180,0,176,0,45,44,0,1,180,0|174,2584956875,5,11644992,0,0,0,0,0,12363664,0,44,0,638941869,0,638941869,0,2080,633740379,0,9230964,0,0,0,0,0
1786004073455|1007|stream64_f2r_07|rotating|148,1378943233,33558272,12553159,12378938,142616,0,142616,0,3022,0,1511,0,0,0,11827,11827,9653688,9653688,4096,4096,0,0,1511,1511,1727477807,1727477807,1727477815,1727477815,0,0,0,0,0,0,0,0,4096,256,131072,4,15|4,0,67108864,262144,256,0,0,0,0,180,0,176,0,45,44,0,1,180,0|174,1797759332,5,0,0,11534336,0,11534336,0,35748,0,0,44,0,0,0,0,0,0,0,3513115,0,0,0,0,0
1786004078461|1007|stream64_f2r_07|fixed|150,1378943233,16777471,18834339,18572980,18620369,18572980,18620369,18572980,17812,17745,17744,17744,0,0,2267,0,547740232,546661944,4096,4096,0,0,17745,17745,2076554434,2076554431,2076554410,2076554383,0,0,0,0,0,0,0,0,4096,256,131072,4,15|4,0,67108864,262144,256,0,0,0,0,268,0,264,0,67,66,0,1,268,0|176,2909687307,5,17554432,0,0,0,0,0,18636653,0,66,0,962194941,0,962194941,0,2080,955276145,0,12116304,0,0,0,0,0
1786004078461|1007|stream64_f2r_07|rotating|150,1378943233,33558272,18931447,18668487,215097,0,215097,0,4558,0,2279,0,0,0,17836,17836,14560384,14560384,4096,4096,0,0,2279,2279,2053032084,2053032084,2053032100,2053032100,0,0,0,0,0,0,0,0,4096,256,131072,4,15|4,0,67108864,262144,256,0,0,0,0,272,0,268,0,68,67,0,1,272,0|176,2126705707,5,0,0,17563648,0,17563648,0,54058,0,0,67,0,0,0,0,0,0,0,3552441,0,0,0,0,0
1786004083464|1007|stream64_f2r_07|fixed|152,1378943233,16777471,25061915,24713714,24777160,24713714,24777160,24713714,23701,23612,23611,23611,0,0,3017,0,728828886,727390633,4096,4096,0,0,23612,23612,2394496121,2394496094,2394496129,2394496102,0,0,0,0,0,0,0,0,4096,256,131072,4,15|4,0,67108864,262144,256,0,0,0,0,360,0,356,0,90,89,0,1,360,0|178,3230987104,5,23394048,0,0,0,0,0,24840174,0,89,0,1282034834,0,1282034834,0,2080,1273246963,0,15133843,0,0,0,0,0
1786004083464|1007|stream64_f2r_07|rotating|152,1378943233,33558272,25244349,24893522,286832,0,286832,0,6078,0,3039,0,0,0,23783,23783,19416000,19416000,4096,4096,0,0,3039,3039,2375345075,2375345075,2375345091,2375345091,0,0,0,0,0,0,0,0,4096,256,131072,4,15|4,0,67108864,262144,256,0,0,0,0,360,0,356,0,90,89,0,1,360,0|178,2447754445,5,0,0,23330816,0,23330816,0,71920,0,0,89,0,0,0,0,0,0,0,3599682,0,0,0,0,0
1786004088466|1007|stream64_f2r_07|fixed|154,1378943233,16777471,31324370,30889936,30968455,30889936,30968455,30889936,29621,29510,29509,29509,0,0,3771,0,910907630,909109017,4096,4096,0,0,29510,29510,2714125424,2714125429,2714125432,2714125445,0,0,0,0,0,0,0,0,4096,256,131072,4,15|4,0,67108864,262144,256,0,0,0,0,448,0,444,0,112,111,0,1,448,0|180,3546591531,5,29129600,0,0,0,0,0,30937588,0,111,0,1596205373,0,1596205373,0,2080,1585684171,0,17997874,0,0,0,0,0
1786004088466|1007|stream64_f2r_07|rotating|154,1378943233,33558272,31420965,30984715,357051,0,357051,0,7566,0,3783,0,0,0,29600,29600,24169392,24169392,4096,4096,0,0,3783,3783,2690759554,2690759554,2690759562,2690759562,0,0,0,0,0,0,0,0,4096,256,131072,4,15|4,0,67108864,262144,256,0,0,0,0,448,0,444,0,112,111,0,1,448,0|180,2767618002,5,0,0,29097984,0,29097984,0,89734,0,0,111,0,0,0,0,0,0,0,3645119,0,0,0,0,0
1786004093469|1007|stream64_f2r_07|fixed|156,1378943233,16777471,37593969,37071157,37166793,37071157,37166793,37071157,35550,35416,35415,35415,0,0,4526,0,1093216423,1091043802,4096,4096,0,0,35416,35416,3034294554,3034294575,3034294562,3034294583,0,0,0,0,0,0,0,0,4096,256,131072,4,15|4,0,67108864,262144,256,0,0,0,0,536,0,532,0,134,133,0,1,536,0|182,3865942322,5,34936288,0,0,0,0,0,37106608,0,133,0,1914104492,0,1914104492,0,2080,1901861765,0,20865372,0,0,0,0,0
1786004093469|1007|stream64_f2r_07|rotating|156,1378943233,33558272,37666310,37142533,428028,0,428028,0,9070,0,4535,0,0,0,35484,35484,28973856,28973856,4096,4096,0,0,4535,4535,3009615577,3009615577,3009615593,3009615593,0,0,0,0,0,0,0,0,4096,256,131072,4,15|4,0,67108864,262144,256,0,0,0,0,536,0,532,0,134,133,0,1,536,0|182,3079989119,5,0,0,34865152,0,34865152,0,107125,0,0,133,0,0,0,0,0,0,0,3690562,0,0,0,0,0
1786004098470|1007|stream64_f2r_07|fixed|158,1378943233,16777471,43869601,43259126,43371069,43259126,43371069,43259126,41483,41327,41326,41326,0,0,5282,0,1275665723,1273132478,4096,4096,0,0,41327,41327,3354567108,3354567121,3354567116,3354567129,0,0,0,0,0,0,0,0,4096,256,131072,4,15|4,0,67108864,262144,256,0,0,0,0,624,0,620,0,156,155,0,1,624,0|184,4187051226,5,40782496,0,0,0,0,0,43311001,0,155,0,2233751844,0,2233751844,0,2080,2219813183,0,23715764,0,0,0,0,0
1786004098470|1007|stream64_f2r_07|rotating|158,1378943233,33558272,43981460,43369739,499758,0,499758,0,10590,0,5295,0,0,0,41431,41431,33829408,33829408,4096,4096,0,0,5295,5295,3331892679,3331892679,3331892687,3331892687,0,0,0,0,0,0,0,0,4096,256,131072,4,15|5,0,67108864,262144,256,0,0,0,0,628,0,624,0,157,156,0,1,628,0|184,3408069214,5,0,0,40894464,0,40894464,0,125387,0,0,156,0,0,0,0,0,0,0,3735868,0,0,0,0,0
1786004103476|1007|stream64_f2r_07|fixed|160,1378943233,16777471,50165182,49467862,49595202,49467862,49595202,49467862,47434,47256,47255,47255,0,0,6039,0,1458684621,1455791376,4096,4096,0,0,47256,47256,3675846128,3675846133,3675846136,3675846141,0,0,0,0,0,0,0,0,4096,256,131072,4,15|4,0,67108864,262144,256,0,0,0,0,712,0,708,0,178,177,0,1,712,0|186,214283972,6,46636608,0,0,0,0,0,49536896,0,177,0,2554488358,0,2554488358,0,2080,2538835611,0,26586005,0,0,0,0,0
1786004103476|1007|stream64_f2r_07|rotating|160,1378943233,33558272,50268671,49569420,571202,0,571202,0,12104,0,6052,0,0,0,47353,47353,38665872,38665872,4096,4096,0,0,6052,6052,3652576521,3652576521,3652576529,3652576529,0,0,0,0,0,0,0,0,4096,256,131072,4,15|4,0,67108864,262144,256,0,0,0,0,716,0,712,0,179,178,0,1,716,0|186,3724935716,5,0,0,46661632,0,46661632,0,143013,0,0,178,0,0,0,0,0,0,0,3782470,0,0,0,0,0
1786004108486|1007|stream64_f2r_07|fixed|162,1378943233,16777471,56425427,55641404,55784286,55641404,55784286,55641404,53354,53154,53153,53153,0,0,6793,0,1640741308,1637487895,4096,4096,0,0,53154,53154,3995449744,3995449765,3995449760,3995449773,0,0,0,0,0,0,0,0,4096,256,131072,4,15|4,0,67108864,262144,256,0,0,0,0,804,0,800,0,201,200,0,1,804,0|188,538640578,6,52539456,0,0,0,0,0,55800628,0,200,0,2877369252,0,2877369252,0,2080,2859880546,0,29584004,0,0,0,0,0
1786004108486|1007|stream64_f2r_07|rotating|162,1378943233,33558272,56642547,55855561,643598,0,643598,0,13638,0,6819,0,0,0,53358,53358,43566216,43566216,4096,4096,0,0,6819,6819,3978006282,3978006282,3978006290,3978006290,0,0,0,0,0,0,0,0,4096,256,131072,4,15|5,0,67108864,262144,256,0,0,0,0,808,0,804,0,202,201,0,1,808,0|188,4053622862,5,0,0,52690944,0,52690944,0,161299,0,0,201,0,0,0,0,0,0,0,3829217,0,0,0,0,0
1786004113486|1007|stream64_f2r_07|fixed|164,1378943233,16777471,62692763,61822079,61980365,61822079,61980365,61822079,59280,59058,59056,59056,0,0,7548,0,1822960328,1819333281,4096,4096,0,0,59057,59057,20483782,20483779,20483758,20483787,0,0,0,0,0,0,0,0,4096,256,131072,4,15|4,0,67108864,262144,256,0,0,0,0,892,0,888,0,223,222,0,1,892,0|190,852874212,6,58251296,0,0,0,0,0,61871014,0,222,0,3190174926,0,3190174926,0,2080,3170954515,0,32441318,0,0,0,0,0
1786004113486|1007|stream64_f2r_07|rotating|164,1378943233,33558272,62783142,61911359,713440,0,713440,0,15118,0,7559,0,0,0,59141,59141,48294040,48294040,4096,4096,0,0,7559,7559,4291694937,4291694937,4291694945,4291694945,0,0,0,0,0,0,0,0,4096,256,131072,4,15|4,0,67108864,262144,256,0,0,0,0,892,0,888,0,223,222,0,1,892,0|190,66698106,6,0,0,58195968,0,58195968,0,178454,0,0,222,0,0,0,0,0,0,0,3871314,0,0,0,0,0
1786004118500|1007|stream64_f2r_07|fixed|166,1378943233,16777471,68981860,68023478,68198012,68023478,68198012,68023478,65226,64983,64980,64980,0,0,8305,0,2005805830,2001819369,4096,4096,0,0,64981,64981,341459625,341459630,341459633,341459646,0,0,0,0,0,0,0,0,4096,256,131072,4,15|4,0,67108864,262144,256,0,0,0,0,980,0,976,0,245,244,0,1,980,0|192,1175923970,6,64129120,0,0,0,0,0,68113552,0,244,0,3511755228,0,3511755228,0,2080,3490834455,0,35302926,0,0,0,0,0
1786004118500|1007|stream64_f2r_07|rotating|166,1378943233,33558272,69128028,68168034,785453,0,785453,0,16644,0,8322,0,0,0,65117,65117,53168728,53168728,4096,4096,0,0,8322,8322,320305246,320305246,320305254,320305254,0,0,0,0,0,0,0,0,4096,256,131072,4,15|5,0,67108864,262144,256,0,0,0,0,984,0,980,0,246,245,0,1,984,0|192,392927566,6,0,0,64225280,0,64225280,0,196598,0,0,245,0,0,0,0,0,0,0,3916128,0,0,0,0,0
1786004127118|1008|stream64_f2r_08|fixed|170,1378943233,16777471,6210371,6124757,6139963,6124757,6139963,6124757,5873,5850,5849,5849,0,0,746,0,180566432,180223811,4096,4096,0,0,5850,5850,893012762,893012751,893012770,893012767,0,0,0,0,0,0,0,0,4096,256,131072,4,15|4,0,67108864,262144,256,0,0,0,0,92,0,88,0,23,22,0,1,92,0|200,1732906005,6,5948960,0,0,0,0,0,6317808,0,22,0,327133777,0,327133777,0,2080,323724659,0,6316392,0,0,0,0,0
1786004127118|1008|stream64_f2r_08|rotating|170,1378943233,33557555,6442152,6353225,73085,0,73085,1,1549,0,774,0,0,0,6068,6068,4945743,4945743,4096,4096,0,10,775,775,876631160,876631160,876631168,876631168,0,646421798,0,646421798,0,0,0,0,4096,256,131072,4,15|4,0,67108864,262144,256,0,0,0,0,92,0,88,0,23,22,0,1,92,0|200,947216146,6,0,0,5767168,0,5767168,0,18404,0,0,22,0,0,0,0,0,0,0,3478096,0,0,0,0,0
1786004132127|1008|stream64_f2r_08|fixed|172,1378943233,16781056,12489396,12315302,12347538,12315302,12347538,12315302,11813,11767,11767,11767,0,0,1503,0,363224048,362506168,4096,4096,0,0,11767,11767,1213763249,1213763598,1213763257,1213763606,0,0,0,0,0,0,0,0,4096,256,131072,4,15|4,0,67108864,262144,256,0,0,0,0,180,0,176,0,45,44,0,1,180,0|202,2046560855,6,11652896,0,0,0,0,0,12373022,0,44,0,639362643,0,639362643,0,2080,634222624,0,9171205,0,0,0,0,0
1786004132127|1008|stream64_f2r_08|rotating|172,1378943233,33558272,12588193,12412704,142994,0,142994,1,3030,0,1515,0,0,0,11860,11860,9679272,9679272,4096,4096,0,10,1515,1515,1190319411,1190319411,1190319419,1190319419,0,646421798,0,646421798,0,0,0,0,4096,256,131072,4,15|4,0,67108864,262144,256,0,0,0,0,180,0,176,0,45,44,0,1,180,0|202,1264853438,6,0,0,11796480,0,11796480,0,36101,0,0,45,0,0,0,0,0,0,0,3525747,0,0,0,0,0
1786004137127|1008|stream64_f2r_08|fixed|174,1378943233,16781056,18757955,18497546,18544835,18497546,18544835,18497546,17741,17673,17673,17673,0,0,2258,0,545530016,544454176,4096,4096,0,0,17673,17673,1533793556,1533793873,1533793564,1533793881,0,0,0,0,0,0,0,0,4096,256,131072,4,15|4,0,67108864,262144,256,0,0,0,0,268,0,264,0,67,66,0,1,268,0|204,2366997477,6,17483296,0,0,0,0,0,18562774,0,66,0,958341665,0,958341665,0,2080,951492752,0,12031163,0,0,0,0,0
1786004137127|1008|stream64_f2r_08|rotating|174,1378943233,33558272,18864736,18603235,214344,0,214344,1,4542,0,2271,0,0,0,17773,17773,14509240,14509240,4096,4096,0,10,2271,2271,1510886999,1510886999,1510887007,1510887007,0,646421798,0,646421798,0,0,0,0,4096,256,131072,4,15|4,0,67108864,262144,256,0,0,0,0,272,0,268,0,68,67,0,1,272,0|204,1582560661,6,0,0,17563648,0,17563648,0,53774,0,0,67,0,0,0,0,0,0,0,3575944,0,0,0,0,0
1786004142131|1008|stream64_f2r_08|fixed|176,1378943233,16781056,25032618,24685793,24748220,24685793,24748220,24685793,23674,23584,23584,23584,0,0,3013,0,727990456,726556472,4096,4096,0,0,23584,23584,1854093515,1854093848,1854093523,1854093856,0,0,0,0,0,0,0,0,4096,256,131072,4,15|4,0,67108864,262144,256,0,0,0,0,356,0,352,0,89,88,0,1,356,0|206,2686566391,6,23297888,0,0,0,0,0,24736134,0,88,0,1276456931,0,1276456931,0,2080,1267894658,0,14892193,0,0,0,0,0
1786004142131|1008|stream64_f2r_08|rotating|176,1378943233,33558272,25108816,24761189,285223,0,285223,1,6044,0,3022,0,0,0,23655,23655,19307360,19307360,4096,4096,0,10,3022,3022,1829306835,1829306835,1829306843,1829306843,0,646421798,0,646421798,0,0,0,0,4096,256,131072,4,15|4,0,67108864,262144,256,0,0,0,0,360,0,356,0,90,89,0,1,360,0|206,1901027820,6,0,0,23330816,0,23330816,0,71495,0,0,89,0,0,0,0,0,0,0,3620334,0,0,0,0,0
1786004147142|1008|stream64_f2r_08|fixed|178,1378943233,16777471,31314847,30881490,30959026,30881490,30959026,30881490,29614,29502,29501,29501,0,0,3770,0,910650283,908857910,4096,4096,0,0,29502,29502,2174756984,2174756965,2174756992,2174756973,0,0,0,0,0,0,0,0,4096,256,131072,4,15|4,0,67108864,262144,256,0,0,0,0,448,0,444,0,112,111,0,1,448,0|208,3011154418,6,29192832,0,0,0,0,0,31005800,0,111,0,1599571222,0,1599571222,0,2080,1589172789,0,17888696,0,0,0,0,0
1786004147142|1008|stream64_f2r_08|rotating|178,1378943233,33558272,31477833,31041889,357713,0,357713,1,7580,0,3790,0,0,0,29655,29655,24214096,24214096,4096,4096,0,10,3790,3790,2154841060,2154841060,2154841068,2154841068,0,646421798,0,646421798,0,0,0,0,4096,256,131072,4,15|4,0,67108864,262144,256,0,0,0,0,452,0,448,0,113,112,0,1,452,0|208,2234284947,6,0,0,29360128,0,29360128,0,90041,0,0,112,0,0,0,0,0,0,0,3661686,0,0,0,0,0
1786004152162|1008|stream64_f2r_08|fixed|180,1378943233,16781056,37604406,37081948,37177135,37081948,37177135,37081948,35561,35426,35426,35426,0,0,4527,0,1093529784,1091363208,4096,4096,0,0,35426,35426,2495897882,2495898215,2495897890,2495898223,0,0,0,0,0,0,0,0,4096,256,131072,4,15|4,0,67108864,262144,256,0,0,0,0,536,0,532,0,134,133,0,1,536,0|210,3328964511,6,34975808,0,0,0,0,0,37144773,0,133,0,1915935571,0,1915935571,0,2080,1903817641,0,20749075,0,0,0,0,0
1786004152162|1008|stream64_f2r_08|rotating|180,1378943233,33558272,37697505,37173791,428311,0,428311,1,9076,0,4538,0,0,0,35513,35513,28993024,28993024,4096,4096,0,10,4538,4538,2471970928,2471970928,2471970936,2471970936,0,646421798,0,646421798,0,0,0,0,4096,256,131072,4,15|4,0,67108864,262144,256,0,0,0,0,536,0,532,0,134,133,0,1,536,0|210,2543335460,6,0,0,34865152,0,34865152,0,107243,0,0,133,0,0,0,0,0,0,0,3708583,0,0,0,0,0
1786004157250|1008|stream64_f2r_08|fixed|182,1378943233,16777471,44092086,43478766,43591008,43478766,43591008,43478766,41695,41537,41536,41536,0,0,5309,0,1282141167,1279598120,4096,4096,0,0,41537,41537,2827046649,2827046654,2827046657,2827046606,0,0,0,0,0,0,0,0,4096,256,131072,4,15|4,0,67108864,262144,256,0,0,0,0,628,0,624,0,157,156,0,1,628,0|212,3659477096,6,40983428,0,0,0,0,0,43529624,0,156,0,2244946251,0,2244946251,0,2080,2231016899,0,23744824,0,0,0,0,0
1786004157250|1008|stream64_f2r_08|rotating|182,1378943233,33558272,44197425,43582827,502213,0,502213,1,10642,0,5321,0,0,0,41635,41635,33995576,33995576,4096,4096,0,10,5321,5321,2803950906,2803950906,2803950914,2803950914,0,646421798,0,646421798,0,0,0,0,4096,256,131072,4,15|4,0,67108864,262144,256,0,0,0,0,628,0,624,0,157,156,0,1,628,0|212,2878978677,6,0,0,40894464,0,40894464,0,125929,0,0,156,0,0,0,0,0,0,0,3756829,0,0,0,0,0
1786004162254|1008|stream64_f2r_08|fixed|184,1378943233,16777471,50262500,49563248,49691393,49563248,49691393,49563248,47526,47347,47346,47346,0,0,6051,0,1461500202,1458613360,4096,4096,0,0,47347,47347,3141818043,3141818056,3141818051,3141818040,0,0,0,0,0,0,0,0,4096,256,131072,4,15|4,0,67108864,262144,256,0,0,0,0,716,0,712,0,179,178,0,1,716,0|214,3975824528,6,46740672,0,0,0,0,0,49641360,0,178,0,2559854372,0,2559854372,0,2080,2544197923,0,26607486,0,0,0,0,0
1786004162254|1008|stream64_f2r_08|rotating|184,1378943233,33558272,50374752,49673589,572433,0,572433,1,12130,0,6065,0,0,0,47452,47452,38748936,38748936,4096,4096,0,10,6065,6065,3119363951,3119363951,3119363967,3119363967,0,646421798,0,646421798,0,0,0,0,4096,256,131072,4,15|4,0,67108864,262144,256,0,0,0,0,716,0,712,0,179,178,0,1,716,0|214,3190331817,6,0,0,46661632,0,46661632,0,143250,0,0,178,0,0,0,0,0,0,0,3805653,0,0,0,0,0
1786004167262|1008|stream64_f2r_08|fixed|186,1378943233,16781056,56541947,55755025,55899485,55755025,55899485,55755025,53465,53263,53263,53263,0,0,6807,0,1644122128,1640859784,4096,4096,0,0,53263,53263,3462506923,3462507248,3462506931,3462507256,0,0,0,0,0,0,0,0,4096,256,131072,4,15|4,0,67108864,262144,256,0,0,0,0,804,0,800,0,201,200,0,1,804,0|216,4216768,7,52618496,0,0,0,0,0,55889074,0,200,0,2881744452,0,2881744452,0,2080,2864397578,0,29459157,0,0,0,0,0
1786004167262|1008|stream64_f2r_08|rotating|186,1378943233,33558272,56734249,55945096,644631,0,644631,1,13660,0,6830,0,0,0,53444,53444,43636448,43636448,4096,4096,0,10,6830,6830,3443791192,3443791192,3443791200,3443791200,0,646421798,0,646421798,0,0,0,0,4096,256,131072,4,15|5,0,67108864,262144,256,0,0,0,0,812,0,808,0,203,202,0,1,812,0|216,3529308598,6,0,0,52953088,0,52953088,0,162125,0,0,202,0,0,0,0,0,0,0,3856766,0,0,0,0,0
1786004172324|1008|stream64_f2r_08|fixed|188,1378943233,16777471,63052422,62176252,62335963,62176252,62335963,62176252,59621,59396,59395,59395,0,0,7591,0,1833412237,1829773064,4096,4096,0,0,59396,59396,3794837842,3794837831,3794837850,3794837839,0,0,0,0,0,0,0,0,4096,256,131072,4,15|4,0,67108864,262144,256,0,0,0,0,896,0,892,0,224,223,0,1,896,0|218,333898380,7,58616192,0,0,0,0,0,62257956,0,223,0,3209926640,0,3209926640,0,2080,3190764925,0,32456402,0,0,0,0,0
1786004172324|1008|stream64_f2r_08|rotating|188,1378943233,33558272,63167961,62290511,717783,0,717783,1,15210,0,7605,0,0,0,59504,59504,48587888,48587888,4096,4096,0,10,7605,7605,3772334509,3772334509,3772334517,3772334517,0,646421798,0,646421798,0,0,0,0,4096,256,131072,4,15|4,0,67108864,262144,256,0,0,0,0,896,0,892,0,224,223,0,1,896,0|218,3844079428,6,0,0,58458112,0,58458112,0,179633,0,0,223,0,0,0,0,0,0,0,3899740,0,0,0,0,0
1786004177427|1008|stream64_f2r_08|fixed|190,1378943233,16777471,69436085,68471131,68647143,68471131,68647143,68471131,65655,65408,65407,65407,0,0,8359,0,2019005646,2015006033,4096,4096,0,0,65408,65408,4120582996,4120583017,4120583004,4120583025,0,0,0,0,0,0,0,0,4096,256,131072,4,15|4,0,67108864,262144,256,0,0,0,0,988,0,984,0,247,246,0,1,988,0|220,663098745,7,64598080,0,0,0,0,0,68617126,0,246,0,3537631533,0,3537631533,0,2080,3516659468,0,35445762,0,0,0,0,0
1786004177427|1008|stream64_f2r_08|rotating|190,1378943233,33558272,69605223,68637596,790928,0,790928,1,16760,0,8380,0,0,0,65567,65567,53539336,53539336,4096,4096,0,10,8380,8380,4100869979,4100869979,4100869987,4100869987,0,646421798,0,646421798,0,0,0,0,4096,256,131072,4,15|4,0,67108864,262144,256,0,0,0,0,988,0,984,0,247,246,0,1,988,0|220,4171068771,6,0,0,64487424,0,64487424,0,197826,0,0,246,0,0,0,0,0,0,0,3950750,0,0,0,0,0
1786004185405|1009|stream64_f2r_09|fixed|194,1378943233,16777471,6214255,6129769,6143657,6129769,6143657,6129769,5877,5854,5854,5854,0,0,748,0,180701053,180340536,4096,4096,0,0,5854,5854,335715558,335715875,335715566,335715883,0,0,0,0,0,0,0,0,4096,256,131072,4,15|4,0,67108864,262144,256,0,0,0,0,92,0,88,0,23,22,0,1,92,0|228,1168017063,7,5814592,0,0,0,0,0,6176271,0,22,0,319926643,0,319926643,0,2080,316486978,0,6318008,0,0,0,0,0
1786004185405|1009|stream64_f2r_09|rotating|194,1378943233,33558272,6280766,6195489,71355,0,71355,0,1512,0,756,0,0,0,5916,5916,4830056,4830056,4096,4096,0,0,756,756,310822244,310822244,310822252,310822252,0,0,0,0,0,0,0,0,4096,256,131072,4,15|4,0,67108864,262144,256,0,0,0,0,92,0,88,0,23,22,0,1,92,0|228,382517046,7,0,0,5767168,0,5767168,0,18028,0,0,22,0,0,0,0,0,0,0,3471030,0,0,0,0,0
1786004190435|1009|stream64_f2r_09|fixed|196,1378943233,16777471,12476217,12306607,12334453,12306607,12334453,12306607,11801,11756,11755,11755,0,0,1502,0,362873218,362154045,4096,4096,0,0,11756,11756,655513827,655513824,655513835,655513832,0,0,0,0,0,0,0,0,4096,256,131072,4,15|4,0,67108864,262144,256,0,0,0,0,180,0,176,0,45,44,0,1,180,0|230,1493288624,7,11731936,0,0,0,0,0,12459029,0,44,0,643718868,0,643718868,0,2080,638596843,0,9170099,0,0,0,0,0
1786004190435|1009|stream64_f2r_09|rotating|196,1378943233,33558272,12801534,12627472,145447,0,145447,0,3082,0,1541,0,0,0,12062,12062,9845392,9845392,4096,4096,0,0,1541,1541,643646539,643646539,643646547,643646547,0,0,0,0,0,0,0,0,4096,256,131072,4,15|4,0,67108864,262144,256,0,0,0,0,188,0,184,0,47,46,0,1,188,0|230,723750050,7,0,0,12058624,0,12058624,0,37022,0,0,46,0,0,0,0,0,0,0,3520807,0,0,0,0,0
1786004195470|1009|stream64_f2r_09|fixed|198,1378943233,16777471,18772164,18514571,18558856,18514571,18558856,18514571,17754,17688,17686,17686,0,0,2260,0,545956283,544878830,4096,4096,0,0,17687,17687,976891287,976891284,976891295,976891292,0,0,0,0,0,0,0,0,4096,256,131072,4,15|4,0,67108864,262144,256,0,0,0,0,268,0,264,0,67,66,0,1,268,0|232,1810877988,7,17507008,0,0,0,0,0,18593051,0,66,0,959864464,0,959864464,0,2080,953026208,0,12025515,0,0,0,0,0
1786004195470|1009|stream64_f2r_09|rotating|198,1378943233,33558272,18874541,18615783,214437,0,214437,0,4544,0,2272,0,0,0,17783,17783,14515640,14515640,4096,4096,0,0,2272,2272,953664111,953664111,953664119,953664119,0,0,0,0,0,0,0,0,4096,256,131072,4,15|5,0,67108864,262144,256,0,0,0,0,272,0,268,0,68,67,0,1,272,0|232,1024688026,7,0,0,17563648,0,17563648,0,53774,0,0,67,0,0,0,0,0,0,0,3565928,0,0,0,0,0
1786004200474|1009|stream64_f2r_09|fixed|200,1378943233,16777710,25030329,24686954,24745950,24686954,24745950,24686954,23671,23583,23582,23582,0,0,3013,0,727928712,726489862,4096,4096,0,0,23582,23582,1296329126,1296329451,1296329134,1296329459,0,0,0,0,0,0,0,0,4096,256,131072,4,15|4,0,67108864,262144,256,0,0,0,0,356,0,352,0,89,88,0,1,356,0|234,2128778914,7,23289984,0,0,0,0,0,24734221,0,88,0,1276319646,0,1276319646,0,2080,1267764410,0,14883377,0,0,0,0,0
1786004200474|1009|stream64_f2r_09|rotating|200,1378943233,33558272,25109920,24765541,285317,0,285317,0,6046,0,3023,0,0,0,23657,23656,19313752,19313752,4096,4096,0,0,3023,3023,1272080767,1272080767,1272080775,1272080775,0,0,0,0,0,0,0,0,4096,256,131072,4,15|5,0,67108864,262144,256,0,0,0,0,360,0,356,0,90,89,0,1,360,0|234,1343467728,7,0,0,23330816,0,23330816,0,71518,0,0,89,0,0,0,0,0,0,0,3605955,0,0,0,0,0
1786004205487|1009|stream64_f2r_09|fixed|202,1378943233,16777471,31297092,30867868,30941459,30867868,30941459,30867868,29596,29486,29484,29484,0,0,3768,0,910127536,908327391,4096,4096,0,0,29485,29485,1616173362,1616173343,1616173338,1616173351,0,0,0,0,0,0,0,0,4096,256,131072,4,15|4,0,67108864,262144,256,0,0,0,0,448,0,444,0,112,111,0,1,448,0|236,2449008512,7,29113792,0,0,0,0,0,30918825,0,111,0,1595093292,0,1595093292,0,2080,1584702275,0,17864228,0,0,0,0,0
1786004205487|1009|stream64_f2r_09|rotating|202,1378943233,33558272,31407990,30976730,356861,0,356861,0,7562,0,3781,0,0,0,29589,29589,24156592,24156592,4096,4096,0,0,3781,3781,1593301653,1593301653,1593301661,1593301661,0,0,0,0,0,0,0,0,4096,256,131072,4,15|4,0,67108864,262144,256,0,0,0,0,448,0,444,0,112,111,0,1,448,0|236,1665778155,7,0,0,29097984,0,29097984,0,89452,0,0,111,0,0,0,0,0,0,0,3653921,0,0,0,0,0
1786004210489|1009|stream64_f2r_09|fixed|204,1378943233,16777471,37549797,37034031,37123190,37034031,37123190,37034031,35508,35376,35374,35374,0,0,4520,0,1091935840,1089777069,4096,4096,0,0,35375,35375,1935339361,1935339350,1935339345,1935339358,0,0,0,0,0,0,0,0,4096,256,131072,4,15|4,0,67108864,262144,256,0,0,0,0,536,0,532,0,134,133,0,1,536,0|238,2767900232,7,34912576,0,0,0,0,0,37078874,0,133,0,1912535316,0,1912535316,0,2080,1900430644,0,20722159,0,0,0,0,0
1786004210489|1009|stream64_f2r_09|rotating|204,1378943233,33558272,37643659,37126013,427744,0,427744,0,9064,0,4532,0,0,0,35462,35462,28954712,28954712,4096,4096,0,0,4532,4532,1911718379,1911718379,1911718387,1911718387,0,0,0,0,0,0,0,0,4096,256,131072,4,15|4,0,67108864,262144,256,0,0,0,0,536,0,532,0,134,133,0,1,536,0|238,1983314850,7,0,0,34865152,0,34865152,0,107125,0,0,133,0,0,0,0,0,0,0,3701066,0,0,0,0,0
1786004215516|1009|stream64_f2r_09|fixed|206,1378943233,16777471,43828918,43225052,43330861,43225052,43330861,43225052,41445,41290,41288,41288,0,0,5277,0,1274498896,1271964899,4096,4096,0,0,41289,41289,2255938327,2255938324,2255938335,2255938332,0,0,0,0,0,0,0,0,4096,256,131072,4,15|4,0,67108864,262144,256,0,0,0,0,624,0,620,0,156,155,0,1,624,0|240,3089915547,7,40766688,0,0,0,0,0,43300913,0,155,0,2233087103,0,2233087103,0,2080,2219276256,0,23584489,0,0,0,0,0
1786004215516|1009|stream64_f2r_09|rotating|206,1378943233,33558272,43937535,43332543,499287,0,499287,0,10580,0,5290,0,0,0,41391,41391,33797512,33797512,4096,4096,0,0,5290,5290,2233147872,2233147872,2233147880,2233147880,0,0,0,0,0,0,0,0,4096,256,131072,4,15|4,0,67108864,262144,256,0,0,0,0,624,0,620,0,156,155,0,1,624,0|240,2303285662,7,0,0,40632320,0,40632320,0,124916,0,0,155,0,0,0,0,0,0,0,3745438,0,0,0,0,0
1786004220529|1009|stream64_f2r_09|fixed|208,1378943233,16777471,50114214,49423778,49544801,49423778,49544801,49423778,47388,47211,47209,47209,0,0,6033,0,1457254685,1454362464,4096,4096,0,0,47210,47210,2576745786,2576745815,2576745794,2576745823,0,0,0,0,0,0,0,0,4096,256,131072,4,15|4,0,67108864,262144,256,0,0,0,0,712,0,708,0,178,177,0,1,712,0|242,3409128667,7,46573376,0,0,0,0,0,49468285,0,177,0,2550848551,0,2550848551,0,2080,2535334074,0,26434092,0,0,0,0,0
1786004220529|1009|stream64_f2r_09|rotating|208,1378943233,33558272,50209408,49517680,570543,0,570543,0,12090,0,6045,0,0,0,47298,47298,38621104,38621104,4096,4096,0,0,6045,6045,2553275349,2553275349,2553275357,2553275357,0,0,0,0,0,0,0,0,4096,256,131072,4,15|4,0,67108864,262144,256,0,0,0,0,716,0,712,0,179,178,0,1,716,0|242,2625038215,7,0,0,46661632,0,46661632,0,142824,0,0,178,0,0,0,0,0,0,0,3792907,0,0,0,0,0
1786004225543|1009|stream64_f2r_09|fixed|210,1378943233,16777471,56398446,55620518,55757492,55620518,55757492,55620518,53335,53136,53134,53134,0,0,6791,0,1640157548,1636908175,4096,4096,0,0,53135,53135,2897808704,2897808693,2897808712,2897808701,0,0,0,0,0,0,0,0,4096,256,131072,4,15|4,0,67108864,262144,256,0,0,0,0,800,0,796,0,200,199,0,1,800,0|244,3731223227,7,52428800,0,0,0,0,0,55683781,0,200,0,2871479255,0,2871479255,0,2080,2854228118,0,29322641,0,0,0,0,0
1786004225543|1009|stream64_f2r_09|rotating|210,1378943233,33558272,56519265,55739173,642368,0,642368,0,13612,0,6806,0,0,0,53248,53248,43483136,43483136,4096,4096,0,0,6806,6806,2875792426,2875792426,2875792434,2875792434,0,0,0,0,0,0,0,0,4096,256,131072,4,15|4,0,67108864,262144,256,0,0,0,0,804,0,800,0,201,200,0,1,804,0|244,2946399614,7,0,0,52428800,0,52428800,0,160710,0,0,200,0,0,0,0,0,0,0,3835871,0,0,0,0,0
1786004230546|1009|stream64_f2r_09|fixed|212,1378943233,16777471,62677470,61811997,61965072,61811997,61965072,61811997,59278,59056,59054,59054,0,0,7548,0,1822892814,1819268113,4096,4096,0,0,59055,59055,3218711661,3218711674,3218711669,3218711682,0,0,0,0,0,0,0,0,4096,256,131072,4,15|4,0,67108864,262144,256,0,0,0,0,892,0,888,0,223,222,0,1,892,0|246,4053421927,7,58290816,0,0,0,0,0,61901996,0,222,0,3192212451,0,3192212451,0,2080,3173161705,0,32280071,0,0,0,0,0
1786004230546|1009|stream64_f2r_09|rotating|212,1378943233,33557555,62793477,61926719,713724,0,713724,0,15124,0,7562,0,0,0,59164,59164,48309410,48309410,4096,4096,0,0,7562,7562,3196358299,3196358299,3196358307,3196358307,0,0,0,0,0,0,0,0,4096,256,131072,4,15|4,0,67108864,262144,256,0,0,0,0,892,0,888,0,223,222,0,1,892,0|246,3267708389,7,0,0,58195968,0,58195968,0,178596,0,0,222,0,0,0,0,0,0,0,3884368,0,0,0,0,0
1786004235558|1009|stream64_f2r_09|fixed|214,1378943233,16777471,68941476,67989021,68157912,67989021,68157912,67989021,65204,64960,64958,64958,0,0,8302,0,2005141777,2001158512,4096,4096,0,0,64959,64959,3538635350,3538635363,3538635358,3538635323,0,0,0,0,0,0,0,0,4096,256,131072,4,15|4,0,67108864,262144,256,0,0,0,0,980,0,976,0,245,244,0,1,980,0|248,75973969,8,64065888,0,0,0,0,0,68031519,0,244,0,3508288021,0,3508288021,0,2080,3487522049,0,35134482,0,0,0,0,0
1786004235558|1009|stream64_f2r_09|rotating|214,1378943233,33558272,69007204,68054030,784322,0,784322,0,16620,0,8310,0,0,0,65020,65020,53092104,53092104,4096,4096,0,0,8310,8310,3513482188,3513482188,3513482196,3513482196,0,0,0,0,0,0,0,0,4096,256,131072,4,15|4,0,67108864,262144,256,0,0,0,0,980,0,976,0,245,244,0,1,980,0|248,3583923921,7,0,0,63963136,0,63963136,0,196198,0,0,244,0,0,0,0,0,0,0,3930756,0,0,0,0,0
1786004244174|1010|stream64_f2r_10|fixed|218,1378943233,16777471,6242453,6158008,6171571,6158008,6171571,6158008,5904,5881,5880,5880,0,0,751,0,181515099,181156150,4096,4096,0,0,5881,5881,4089954848,4089954845,4089954856,4089954853,0,0,0,0,0,0,0,0,4096,256,131072,4,15|4,0,67108864,262144,256,0,0,0,0,92,0,88,0,23,22,0,1,92,0|256,627728313,8,5854112,0,0,0,0,0,6212949,0,22,0,321812884,0,321812884,0,2080,318355697,0,6344052,0,0,0,0,0
1786004244174|1010|stream64_f2r_10|rotating|218,1378943233,33558272,6328895,6243546,71829,0,71829,0,1522,0,761,0,0,0,5961,5961,4861992,4861992,4096,4096,0,0,761,761,4065780617,4065780617,4065780633,4065780633,0,0,0,0,0,0,0,0,4096,256,131072,4,15|4,0,67108864,262144,256,0,0,0,0,92,0,88,0,23,22,0,1,92,0|256,4136246336,7,0,0,5767168,0,5767168,0,18075,0,0,22,0,0,0,0,0,0,0,3470140,0,0,0,0,0
1786004249188|1010|stream64_f2r_10|fixed|220,1378943233,16779383,12525499,12355496,12383166,12355496,12383166,12355496,11848,11802,11802,11802,0,0,1508,0,364304516,363586136,4096,4096,0,0,11803,11803,115888045,115888058,115888053,115888034,0,0,0,0,0,0,0,0,4096,256,131072,4,15|4,0,67108864,262144,256,0,0,0,0,184,0,180,0,46,45,0,1,184,0|258,959926508,8,11891328,0,0,0,0,0,12626761,0,45,0,652501775,0,652501775,0,2080,647218409,0,9361120,0,0,0,0,0
1786004249188|1010|stream64_f2r_10|rotating|220,1378943233,33558272,12842846,12668368,145919,0,145919,0,3092,0,1546,0,0,0,12101,12101,9877312,9877312,4096,4096,0,0,1546,1546,103674194,103674194,103674202,103674202,0,0,0,0,0,0,0,0,4096,256,131072,4,15|4,0,67108864,262144,256,0,0,0,0,184,0,180,0,46,45,0,1,184,0|258,174068882,8,0,0,11796480,0,11796480,0,36598,0,0,45,0,0,0,0,0,0,0,3517656,0,0,0,0,0
1786004254191|1010|stream64_f2r_10|fixed|222,1378943233,16781056,18823336,18565196,18609460,18565196,18609460,18565196,17802,17735,17735,17735,0,0,2266,0,547443016,546367296,4096,4096,0,0,17735,17735,437358395,437358752,437358403,437358760,0,0,0,0,0,0,0,0,4096,256,131072,4,15|4,0,67108864,262144,256,0,0,0,0,268,0,264,0,67,66,0,1,268,0|260,1269543418,8,17522816,0,0,0,0,0,18608224,0,66,0,960710813,0,960710813,0,2080,953803135,0,12098368,0,0,0,0,0
1786004254191|1010|stream64_f2r_10|rotating|222,1378943233,33558272,18962697,18702368,215477,0,215477,0,4566,0,2283,0,0,0,17866,17866,14585952,14585952,4096,4096,0,0,2283,2283,416084396,416084396,416084404,416084404,0,0,0,0,0,0,0,0,4096,256,131072,4,15|4,0,67108864,262144,256,0,0,0,0,272,0,268,0,68,67,0,1,272,0|260,487064171,8,0,0,17563648,0,17563648,0,54011,0,0,67,0,0,0,0,0,0,0,3559256,0,0,0,0,0
1786004259200|1010|stream64_f2r_10|fixed|224,1378943233,16777471,25097458,24752307,24812329,24752307,24812329,24752307,23734,23645,23644,23644,0,0,3021,0,729861058,728426797,4096,4096,0,0,23645,23645,757594903,757594892,757594911,757594900,0,0,0,0,0,0,0,0,4096,256,131072,4,15|4,0,67108864,262144,256,0,0,0,0,360,0,356,0,90,89,0,1,360,0|262,1591696698,8,23378240,0,0,0,0,0,24828981,0,89,0,1281400237,0,1281400237,0,2080,1272653055,0,15089730,0,0,0,0,0
1786004259200|1010|stream64_f2r_10|rotating|224,1378943233,33558272,25287913,24939808,287305,0,287305,0,6088,0,3044,0,0,0,23824,23824,19447960,19447960,4096,4096,0,0,3044,3044,738801301,738801301,738801309,738801309,0,0,0,0,0,0,0,0,4096,256,131072,4,15|4,0,67108864,262144,256,0,0,0,0,360,0,356,0,90,89,0,1,360,0|262,810940933,8,0,0,23330816,0,23330816,0,72037,0,0,89,0,0,0,0,0,0,0,3599857,0,0,0,0,0
1786004264212|1010|stream64_f2r_10|fixed|226,1378943233,16777471,31406722,30973896,31049861,30973896,31049861,30973896,29699,29587,29586,29586,0,0,3781,0,913283072,911474491,4096,4096,0,0,29587,29587,1079688199,1079688196,1079688207,1079688204,0,0,0,0,0,0,0,0,4096,256,131072,4,15|4,0,67108864,262144,256,0,0,0,0,448,0,444,0,112,111,0,1,448,0|264,1912014701,8,29208640,0,0,0,0,0,31018521,0,111,0,1600260640,0,1600260640,0,2080,1589804127,0,17950125,0,0,0,0,0
1786004264212|1010|stream64_f2r_10|rotating|226,1378943233,33558272,31472874,31039185,357619,0,357619,0,7578,0,3789,0,0,0,29649,29649,24207696,24207696,4096,4096,0,0,3789,3789,1054641868,1054641868,1054641876,1054641876,0,0,0,0,0,0,0,0,4096,256,131072,4,15|4,0,67108864,262144,256,0,0,0,0,448,0,444,0,112,111,0,1,448,0|264,1124855071,8,0,0,29097984,0,29097984,0,89499,0,0,111,0,0,0,0,0,0,0,3644752,0,0,0,0,0
1786004269227|1010|stream64_f2r_10|fixed|228,1378943233,16777471,37693344,37173889,37265033,37173889,37265033,37173889,35644,35509,35508,35508,0,0,4538,0,1096082141,1093915032,4096,4096,0,0,35509,35509,1400581360,1400581349,1400581368,1400581357,0,0,0,0,0,0,0,0,4096,256,131072,4,15|4,0,67108864,262144,256,0,0,0,0,536,0,532,0,134,133,0,1,536,0|266,2233461754,8,35054848,0,0,0,0,0,37228630,0,133,0,1920246141,0,1920246141,0,2080,1908079654,0,20814557,0,0,0,0,0
1786004269227|1010|stream64_f2r_10|rotating|228,1378943233,33558272,37805547,37284763,429534,0,429534,0,9102,0,4551,0,0,0,35614,35614,29076048,29076048,4096,4096,0,0,4551,4551,1377792552,1377792552,1377792560,1377792560,0,0,0,0,0,0,0,0,4096,256,131072,4,15|4,0,67108864,262144,256,0,0,0,0,540,0,536,0,135,134,0,1,540,0|266,1448050774,8,0,0,35127296,0,35127296,0,107501,0,0,134,0,0,0,0,0,0,0,3686651,0,0,0,0,0
1786004274268|1010|stream64_f2r_10|fixed|230,1378943233,16781056,43981300,43374821,43481542,43374821,43481542,43374821,41589,41432,41432,41432,0,0,5295,0,1278922896,1276396952,4096,4096,0,0,41432,41432,1721533342,1721533683,1721533350,1721533691,0,0,0,0,0,0,0,0,4096,256,131072,4,15|4,0,67108864,262144,256,0,0,0,0,628,0,624,0,157,156,0,1,628,0|268,2564743871,8,41076256,0,0,0,0,0,43628458,0,156,0,2250022906,0,2250022906,0,2080,2236052152,0,23806319,0,0,0,0,0
1786004274268|1010|stream64_f2r_10|rotating|230,1378943233,33558272,44306038,43695202,503435,0,503435,0,10668,0,5334,0,0,0,41738,41738,34078592,34078592,4096,4096,0,0,5334,5334,1709768532,1709768532,1709768540,1709768540,0,0,0,0,0,0,0,0,4096,256,131072,4,15|5,0,67108864,262144,256,0,0,0,0,632,0,628,0,158,157,0,1,632,0|268,1780049626,8,0,0,41156608,0,41156608,0,125976,0,0,157,0,0,0,0,0,0,0,3733535,0,0,0,0,0
1786004279271|1010|stream64_f2r_10|fixed|232,1378943233,16777471,50249251,49556472,49678333,49556472,49678333,49556472,47515,47336,47335,47335,0,0,6049,0,1461159246,1458274201,4096,4096,0,0,47336,47336,2041463703,2041463708,2041463711,2041463716,0,0,0,0,0,0,0,0,4096,256,131072,4,15|4,0,67108864,262144,256,0,0,0,0,716,0,712,0,179,178,0,1,716,0|270,2874344356,8,46709056,0,0,0,0,0,49607717,0,178,0,2558215191,0,2558215191,0,2080,2542479938,0,26679457,0,0,0,0,0
1786004279271|1010|stream64_f2r_10|rotating|232,1378943233,33558272,50344044,49649364,572054,0,572054,0,12122,0,6061,0,0,0,47425,47425,38723400,38723400,4096,4096,0,0,6061,6061,2017886032,2017886032,2017886040,2017886040,0,0,0,0,0,0,0,0,4096,256,131072,4,15|4,0,67108864,262144,256,0,0,0,0,716,0,712,0,179,178,0,1,716,0|270,2090873548,8,0,0,46661632,0,46661632,0,143273,0,0,178,0,0,0,0,0,0,0,3779936,0,0,0,0,0
1786004284279|1010|stream64_f2r_10|fixed|234,1378943233,16777471,56523164,55742598,55880890,55742598,55880890,55742598,53448,53246,53245,53245,0,0,6805,0,1643593021,1640331784,4096,4096,0,0,53246,53246,2361838559,2361838580,2361838575,2361838588,0,0,0,0,0,0,0,0,4096,256,131072,4,15|4,0,67108864,262144,256,0,0,0,0,804,0,800,0,201,200,0,1,804,0|272,3194932264,8,52539456,0,0,0,0,0,55801257,0,200,0,2877345499,0,2877345499,0,2080,2859901701,0,29539066,0,0,0,0,0
1786004284279|1010|stream64_f2r_10|rotating|234,1378943233,33558272,56616002,55834177,643314,0,643314,0,13632,0,6816,0,0,0,53333,53333,43547032,43547032,4096,4096,0,0,6816,6816,2338023507,2338023507,2338023515,2338023515,0,0,0,0,0,0,0,0,4096,256,131072,4,15|4,0,67108864,262144,256,0,0,0,0,804,0,800,0,201,200,0,1,804,0|272,2409627469,8,0,0,52428800,0,52428800,0,161017,0,0,200,0,0,0,0,0,0,0,3823021,0,0,0,0,0
1786004289282|1010|stream64_f2r_10|fixed|236,1378943233,16781056,62820186,61952489,62106368,61952489,62106368,61952489,59401,59177,59177,59177,0,0,7563,0,1826677776,1823055640,4096,4096,0,0,59177,59177,2683216401,2683216750,2683216409,2683216758,0,0,0,0,0,0,0,0,4096,256,131072,4,15|4,0,67108864,262144,256,0,0,0,0,892,0,888,0,223,222,0,1,892,0|274,3515529641,8,58369856,0,0,0,0,0,61995507,0,222,0,3196485276,0,3196485276,0,2080,3177330019,0,32401589,0,0,0,0,0
1786004289282|1010|stream64_f2r_10|rotating|236,1378943233,33558272,62883911,62015497,714574,0,714574,0,15142,0,7571,0,0,0,59237,59237,48370664,48370664,4096,4096,0,0,7571,7571,2658163884,2658163884,2658163892,2658163892,0,0,0,0,0,0,0,0,4096,256,131072,4,15|4,0,67108864,262144,256,0,0,0,0,892,0,888,0,223,222,0,1,892,0|274,2728333246,8,0,0,58195968,0,58195968,0,178737,0,0,222,0,0,0,0,0,0,0,3863979,0,0,0,0,0
1786004294298|1010|stream64_f2r_10|fixed|238,1378943233,16777471,69088243,68133378,68303165,68133378,68303165,68133378,65327,65081,65080,65080,0,0,8318,0,2008903112,2004920806,4096,4096,0,0,65081,65081,3003125229,3003125202,3003125221,3003125210,0,0,0,0,0,0,0,0,4096,256,131072,4,15|4,0,67108864,262144,256,0,0,0,0,980,0,976,0,245,244,0,1,980,0|276,3835671934,8,64192352,0,0,0,0,0,68180691,0,244,0,3515171945,0,3515171945,0,2080,3494298552,0,35269092,0,0,0,0,0
1786004294298|1010|stream64_f2r_10|rotating|238,1378943233,33558272,69167922,68212122,785921,0,785921,0,16654,0,8327,0,0,0,65155,65155,53200696,53200696,4096,4096,0,0,8327,8327,2978739029,2978739029,2978739037,2978739037,0,0,0,0,0,0,0,0,4096,256,131072,4,15|5,0,67108864,262144,256,0,0,0,0,984,0,980,0,246,245,0,1,984,0|276,3049209173,8,0,0,64225280,0,64225280,0,196598,0,0,245,0,0,0,0,0,0,0,3910195,0,0,0,0,0
1786004302985|1011|stream64_r2f_01|fixed|242,1378943233,16781056,6248808,6162770,70866,0,70866,0,1504,0,752,0,0,0,5885,5885,4804472,4804472,4096,4096,0,0,752,752,3558997162,3558997162,3558997170,3558997170,0,0,0,0,0,0,0,0,4096,256,131072,4,15|4,0,67108864,262144,256,0,0,0,0,92,0,88,0,23,22,0,1,92,0|284,96933709,9,0,0,5767168,0,5767168,0,17881,0,0,22,0,0,0,0,0,0,0,3472764,0,0,0,0,0
1786004302985|1011|stream64_r2f_01|rotating|242,1378943233,33554687,6349548,6262371,6277551,6262371,6277551,6262371,6005,5982,5980,5980,0,0,764,0,184605724,184246919,4096,4096,0,0,5981,5981,3535950802,3535950799,3535950810,3535950807,0,0,0,0,0,0,0,0,4096,256,131072,4,15|4,0,67108864,262144,256,0,0,0,0,92,0,88,0,23,22,0,1,92,0|284,3607242469,8,5956864,0,0,0,0,0,6323064,0,22,0,327402308,0,327402308,0,2080,324002321,0,6310325,0,0,0,0,0
1786004307994|1011|stream64_r2f_01|fixed|244,1378943233,16781056,12527170,12355135,142109,0,142109,0,3016,0,1508,0,0,0,11802,11802,9634544,9634544,4096,4096,0,0,1508,1508,3879551992,3879551992,3879552000,3879552000,0,0,0,0,0,0,0,0,4096,256,131072,4,15|4,0,67108864,262144,256,0,0,0,0,180,0,176,0,45,44,0,1,180,0|286,418536055,9,0,0,11534336,0,11534336,0,35739,0,0,44,0,0,0,0,0,0,0,3518464,0,0,0,0,0
1786004307994|1011|stream64_r2f_01|rotating|244,1378943233,33554687,12643728,12470161,12500299,12470161,12500299,12470161,11959,11914,11912,11912,0,0,1522,0,367711744,366993287,4096,4096,0,0,11913,11913,3857360049,3857360038,3857360025,3857360046,0,0,0,0,0,0,0,0,4096,256,131072,4,15|4,0,67108864,262144,256,0,0,0,0,180,0,176,0,45,44,0,1,180,0|286,3927444534,8,11779360,0,0,0,0,0,12506563,0,44,0,646148749,0,646148749,0,2080,641050731,0,9157723,0,0,0,0,0
1786004313000|1011|stream64_r2f_01|fixed|246,1378943233,16781056,18809162,18550245,213352,0,213352,0,4528,0,2264,0,0,0,17721,17721,14464576,14464576,4096,4096,0,0,2264,2264,4200106843,4200106843,4200106859,4200106859,0,0,0,0,0,0,0,0,4096,256,131072,4,15|4,0,67108864,262144,256,0,0,0,0,268,0,264,0,67,66,0,1,268,0|288,738678871,9,0,0,17301504,0,17301504,0,53526,0,0,66,0,0,0,0,0,0,0,3562356,0,0,0,0,0
1786004313000|1011|stream64_r2f_01|rotating|246,1378943233,33558272,18916458,18655552,18701790,18655552,18701790,18655552,17891,17824,17822,17822,0,0,2278,0,550129888,549036304,4096,4096,0,0,17822,17822,4177559731,4177538304,4177559739,4177538312,0,0,0,0,0,0,0,0,4096,256,131072,4,15|4,0,67108864,262144,256,0,0,0,0,272,0,268,0,68,67,0,1,272,0|288,4248468905,8,17618976,0,0,0,0,0,18704915,0,67,0,965713216,0,965713216,0,2080,958786831,0,12134554,0,0,0,0,0
1786004318006|1011|stream64_r2f_01|fixed|248,1378943233,16781056,25079796,24734485,284498,0,284498,0,6038,0,3019,0,0,0,23627,23627,19288168,19288168,4096,4096,0,0,3019,3019,225264847,225264847,225264855,225264855,0,0,0,0,0,0,0,0,4096,256,131072,4,15|5,0,67108864,262144,256,0,0,0,0,360,0,356,0,90,89,0,1,360,0|290,1058755982,9,0,0,23330816,0,23330816,0,71312,0,0,89,0,0,0,0,0,0,0,3604353,0,0,0,0,0
1786004318006|1011|stream64_r2f_01|rotating|248,1378943233,33554687,25182253,24834998,24896531,24834998,24896531,24834998,23818,23727,23724,23724,0,0,3032,0,732321290,730869360,4096,4096,0,0,23725,23725,202549718,202549739,202549726,202549707,0,0,0,0,0,0,0,0,4096,256,131072,4,15|4,0,67108864,262144,256,0,0,0,0,360,0,356,0,90,89,0,1,360,0|290,274013631,9,23448084,0,0,0,0,0,24896831,0,89,0,1284767961,0,1284767961,0,2080,1276144709,0,14982162,0,0,0,0,0
1786004323018|1011|stream64_r2f_01|fixed|250,1378943233,16781056,31367248,30935024,355833,0,355833,0,7552,0,3776,0,0,0,29549,29549,24124624,24124624,4096,4096,0,0,3776,3776,546051894,546051894,546051902,546051902,0,0,0,0,0,0,0,0,4096,256,131072,4,15|4,0,67108864,262144,256,0,0,0,0,448,0,444,0,112,111,0,1,448,0|292,1379164406,9,0,0,29097984,0,29097984,0,89123,0,0,111,0,0,0,0,0,0,0,3657461,0,0,0,0,0
1786004323018|1011|stream64_r2f_01|rotating|250,1378943233,33558272,31473091,31039502,31116031,31039502,31116031,31039502,29765,29651,29649,29649,0,0,3789,0,915205760,913395264,4096,4096,0,0,29649,29649,523558695,523559012,523558703,523559020,0,0,0,0,0,0,0,0,4096,256,131072,4,15|4,0,67108864,262144,256,0,0,0,0,448,0,444,0,112,111,0,1,448,0|292,593884927,9,29263968,0,0,0,0,0,31077838,0,111,0,1603185286,0,1603185286,0,2080,1592862478,0,17829711,0,0,0,0,0
1786004328032|1011|stream64_r2f_01|fixed|252,1378943233,16781056,37651583,37133540,427171,0,427171,0,9066,0,4533,0,0,0,35469,35469,28961104,28961104,4096,4096,0,0,4533,4533,867036668,867036668,867036676,867036676,0,0,0,0,0,0,0,0,4096,256,131072,4,15|4,0,67108864,262144,256,0,0,0,0,536,0,532,0,134,133,0,1,536,0|294,1701527863,9,0,0,34865152,0,34865152,0,107028,0,0,133,0,0,0,0,0,0,0,3701233,0,0,0,0,0
1786004328032|1011|stream64_r2f_01|rotating|252,1378943233,33558272,37791185,37271531,37362507,37271531,37362507,37271531,35739,35603,35601,35601,0,0,4549,0,1098932280,1096762456,4096,4096,0,0,35601,35601,846047737,846048062,846047745,846048070,0,0,0,0,0,0,0,0,4096,256,131072,4,15|4,0,67108864,262144,256,0,0,0,0,540,0,536,0,135,134,0,1,540,0|294,925825593,9,35301184,0,0,0,0,0,37489978,0,134,0,1933616648,0,1933616648,0,2080,1921507746,0,20806694,0,0,0,0,0
1786004333037|1011|stream64_r2f_01|fixed|254,1378943233,16781056,43932339,43328109,498414,0,498414,0,10578,0,5289,0,0,0,41385,41385,33791136,33791136,4096,4096,0,0,5289,5289,1187589155,1187589155,1187589163,1187589163,0,0,0,0,0,0,0,0,4096,256,131072,4,15|4,0,67108864,262144,256,0,0,0,0,624,0,620,0,156,155,0,1,624,0|296,2020784423,9,0,0,40632320,0,40632320,0,124768,0,0,155,0,0,0,0,0,0,0,3737440,0,0,0,0,0
1786004333037|1011|stream64_r2f_01|rotating|254,1378943233,33554687,44009682,43404739,43510422,43404739,43510422,43404739,41619,41461,41458,41458,0,0,5298,0,1279741558,1277212145,4096,4096,0,0,41459,41459,1163468650,1163468655,1163468658,1163468663,0,0,0,0,0,0,0,0,4096,256,131072,4,15|4,0,67108864,262144,256,0,0,0,0,624,0,620,0,156,155,0,1,624,0|296,1233356352,9,40893152,0,0,0,0,0,43432612,0,155,0,2239749415,0,2239749415,0,2080,2226029353,0,23522305,0,0,0,0,0
1786004338051|1011|stream64_r2f_01|fixed|256,1378943233,16781056,50213972,49524157,569654,0,569654,0,12090,0,6045,0,0,0,47302,47302,38621104,38621104,4096,4096,0,0,6045,6045,1508141001,1508141001,1508141009,1508141009,0,0,0,0,0,0,0,0,4096,256,131072,4,15|5,0,67108864,262144,256,0,0,0,0,716,0,712,0,179,178,0,1,716,0|298,2341997858,9,0,0,46661632,0,46661632,0,142625,0,0,178,0,0,0,0,0,0,0,3774490,0,0,0,0,0
1786004338051|1011|stream64_r2f_01|rotating|256,1378943233,33554687,50325613,49633826,49754641,49633826,49754641,49633826,47591,47410,47407,47407,0,0,6059,0,1463382364,1460476543,4096,4096,0,0,47408,47408,1485926209,1485926182,1485926217,1485926190,0,0,0,0,0,0,0,0,4096,256,131072,4,15|4,0,67108864,262144,256,0,0,0,0,716,0,712,0,179,178,0,1,716,0|298,1558058039,9,46796000,0,0,0,0,0,49704765,0,178,0,2562975390,0,2562975390,0,2080,2547443762,0,26495911,0,0,0,0,0
1786004343061|1011|stream64_r2f_01|fixed|258,1378943233,16781056,56493976,55716990,640989,0,640989,0,13604,0,6802,0,0,0,53219,53219,43457560,43457560,4096,4096,0,0,6802,6802,1828927632,1828927632,1828927640,1828927640,0,0,0,0,0,0,0,0,4096,256,131072,4,15|4,0,67108864,262144,256,0,0,0,0,804,0,800,0,201,200,0,1,804,0|300,2662513626,9,0,0,52428800,0,52428800,0,160436,0,0,200,0,0,0,0,0,0,0,3826311,0,0,0,0,0
1786004343061|1011|stream64_r2f_01|rotating|258,1378943233,33554687,56580083,55801877,55938150,55801877,55938150,55801877,53505,53302,53299,53299,0,0,6812,0,1645262496,1641998139,4096,4096,0,0,53300,53300,1805198875,1805198872,1805198891,1805198880,0,0,0,0,0,0,0,0,4096,256,131072,4,15|4,0,67108864,262144,256,0,0,0,0,804,0,800,0,201,200,0,1,804,0|300,1875203115,9,52563168,0,0,0,0,0,55830961,0,200,0,2878678674,0,2878678674,0,2080,2861437178,0,29343267,0,0,0,0,0
1786004348070|1011|stream64_r2f_01|fixed|260,1378943233,16781056,62775262,61910749,712232,0,712232,0,15116,0,7558,0,0,0,59135,59135,48287648,48287648,4096,4096,0,0,7558,7558,2149481185,2149481185,2149481193,2149481193,0,0,0,0,0,0,0,0,4096,256,131072,4,15|4,0,67108864,262144,256,0,0,0,0,892,0,888,0,223,222,0,1,892,0|302,2982953462,9,0,0,58195968,0,58195968,0,178246,0,0,222,0,0,0,0,0,0,0,3864677,0,0,0,0,0
1786004348070|1011|stream64_r2f_01|rotating|260,1378943233,33554687,62871097,62005615,62157827,62005615,62157827,62005615,59453,59228,59225,59225,0,0,7569,0,1828169480,1824546603,4096,4096,0,0,59226,59226,2126266619,2126266632,2126266627,2126266640,0,0,0,0,0,0,0,0,4096,256,131072,4,15|4,0,67108864,262144,256,0,0,0,0,892,0,888,0,223,222,0,1,892,0|302,2197207404,9,58425184,0,0,0,0,0,62053339,0,222,0,3199217459,0,3199217459,0,2080,3180287708,0,32189374,0,0,0,0,0
1786004353070|1011|stream64_r2f_01|fixed|262,1378943233,16781056,69045883,68094545,783380,0,783380,0,16626,0,8313,0,0,0,65041,65041,53111288,53111288,4096,4096,0,0,8313,8313,2469603205,2469603205,2469603213,2469603213,0,0,0,0,0,0,0,0,4096,256,131072,4,15|4,0,67108864,262144,256,0,0,0,0,980,0,976,0,245,244,0,1,980,0|304,3302280012,9,0,0,63963136,0,63963136,0,195987,0,0,244,0,0,0,0,0,0,0,3909831,0,0,0,0,0
1786004353070|1011|stream64_r2f_01|rotating|262,1378943233,33554687,69131222,68178852,68346900,68178852,68346900,68178852,65371,65124,65121,65121,0,0,8323,0,2010168529,2006186876,4096,4096,0,0,65122,65122,2445745250,2445745215,2445745258,2445745231,0,0,0,0,0,0,0,0,4096,256,131072,4,15|4,0,67108864,262144,256,0,0,0,0,980,0,976,0,245,244,0,1,980,0|304,2516653890,9,64233184,0,0,0,0,0,68222463,0,245,0,3517211945,0,3517211945,0,2080,3496449739,0,35163505,0,0,0,0,0
1786004361859|1012|stream64_r2f_02|fixed|266,1378943233,16781056,6217722,6132967,70488,0,70488,0,1496,0,748,0,0,0,5857,5857,4778928,4778928,4096,4096,0,0,748,748,3031932773,3031932773,3031932781,3031932781,0,0,0,0,0,0,0,0,4096,256,131072,4,15|4,0,67108864,262144,256,0,0,0,0,92,0,88,0,23,22,0,1,92,0|312,3864782519,9,0,0,5767168,0,5767168,0,17763,0,0,22,0,0,0,0,0,0,0,3471129,0,0,0,0,0
1786004361859|1012|stream64_r2f_02|rotating|266,1378943233,33558272,6326136,6240076,6254422,6240076,6254422,6240076,5982,5959,5959,5959,0,0,761,0,183942592,183582576,4096,4096,0,0,5959,5959,3009566193,3009566542,3009566201,3009566550,0,0,0,0,0,0,0,0,4096,256,131072,4,15|4,0,67108864,262144,256,0,0,0,0,92,0,88,0,23,22,0,1,92,0|312,3080593520,9,5933152,0,0,0,0,0,6295190,0,22,0,325976696,0,325976696,0,2080,322572499,0,6309448,0,0,0,0,0
1786004366869|1012|stream64_r2f_02|fixed|268,1378943233,16781056,12499742,12328128,141826,0,141826,0,3010,0,1505,0,0,0,11777,11777,9615384,9615384,4096,4096,0,0,1505,1505,3353039649,3353039649,3353039657,3353039657,0,0,0,0,0,0,0,0,4096,256,131072,4,15|4,0,67108864,262144,256,0,0,0,0,180,0,176,0,45,44,0,1,180,0|314,4187686370,9,0,0,11534336,0,11534336,0,35716,0,0,44,0,0,0,0,0,0,0,3519183,0,0,0,0,0
1786004366869|1012|stream64_r2f_02|rotating|268,1378943233,33554687,12642080,12468935,12498745,12468935,12498745,12468935,11957,11913,11911,11911,0,0,1521,0,367675481,366955480,4096,4096,0,0,11912,11912,3332078164,3332078177,3332078172,3332078161,0,0,0,0,0,0,0,0,4096,256,131072,4,15|4,0,67108864,262144,256,0,0,0,0,184,0,180,0,46,45,0,1,184,0|314,3410605040,9,11930848,0,0,0,0,0,12666943,0,45,0,654488792,0,654488792,0,2080,649294088,0,9282359,0,0,0,0,0
1786004371956|1012|stream64_r2f_02|fixed|270,1378943233,16781056,18876696,18617190,214104,0,214104,0,4544,0,2272,0,0,0,17785,17785,14515640,14515640,4096,4096,0,0,2272,2272,3678320482,3678320482,3678320490,3678320490,0,0,0,0,0,0,0,0,4096,256,131072,4,15|5,0,67108864,262144,256,0,0,0,0,272,0,268,0,68,67,0,1,272,0|316,216028755,10,0,0,17563648,0,17563648,0,53667,0,0,67,0,0,0,0,0,0,0,3568105,0,0,0,0,0
1786004371956|1012|stream64_r2f_02|rotating|270,1378943233,33554687,18969452,18708316,18754218,18708316,18754218,18708316,17941,17874,17872,17872,0,0,2284,0,551685383,550588882,4096,4096,0,0,17873,17873,3655180254,3655180259,3655180270,3655180267,0,0,0,0,0,0,0,0,4096,256,131072,4,15|4,0,67108864,262144,256,0,0,0,0,272,0,268,0,68,67,0,1,272,0|316,3725268412,9,17650592,0,0,0,0,0,18744449,0,67,0,967722228,0,967722228,0,2080,960808298,0,12128891,0,0,0,0,0
1786004376967|1012|stream64_r2f_02|fixed|272,1378943233,16781056,25155560,24807940,285439,0,285439,0,6058,0,3029,0,0,0,23699,23699,19352080,19352080,4096,4096,0,0,3029,3029,3999108005,3999108005,3999108013,3999108013,0,0,0,0,0,0,0,0,4096,256,131072,4,15|4,0,67108864,262144,256,0,0,0,0,360,0,356,0,90,89,0,1,360,0|318,546475579,10,0,0,23330816,0,23330816,0,72043,0,0,89,0,0,0,0,0,0,0,3612795,0,0,0,0,0
1786004376967|1012|stream64_r2f_02|rotating|272,1378943233,33558272,25429227,25078080,25140678,25078080,25140678,25078080,24048,23958,23957,23957,0,0,3062,0,739505840,738033864,4096,4096,0,0,23957,23957,3984905740,3984906065,3984905748,3984906073,0,0,0,0,0,0,0,0,4096,256,131072,4,15|4,0,67108864,262144,256,0,0,0,0,364,0,360,0,91,90,0,1,364,0|318,4058399542,9,23711520,0,0,0,0,0,25179852,0,90,0,1299338126,0,1299338126,0,2048,1290643346,0,15105721,0,0,0,0,0
1786004381968|1012|stream64_r2f_02|fixed|274,1378943233,16781056,31426901,30993750,356494,0,356494,0,7566,0,3783,0,0,0,29605,29605,24169392,24169392,4096,4096,0,0,3783,3783,23835404,23835404,23835412,23835412,0,0,0,0,0,0,0,0,4096,256,131072,4,15|4,0,67108864,262144,256,0,0,0,0,448,0,444,0,112,111,0,1,448,0|320,859129024,10,0,0,29097984,0,29097984,0,89406,0,0,111,0,0,0,0,0,0,0,3667427,0,0,0,0,0
1786004381968|1012|stream64_r2f_02|rotating|274,1378943233,33558272,31551453,31116788,31193544,31116788,31193544,31116788,29835,29725,29723,29723,0,0,3798,0,917491920,915677728,4096,4096,0,0,29723,29723,2310249,2310590,2310257,2310598,0,0,0,0,0,0,0,0,4096,256,131072,4,15|4,0,67108864,262144,256,0,0,0,0,448,0,444,0,112,111,0,1,448,0|320,72782903,10,29341568,0,0,0,0,0,31158125,0,111,0,1607281271,0,1607281271,0,2080,1596981444,0,17823344,0,0,0,0,0
1786004386998|1012|stream64_r2f_02|fixed|276,1378943233,16781056,37735000,37215237,428114,0,428114,0,9086,0,4543,0,0,0,35548,35548,29024960,29024960,4096,4096,0,0,4543,4543,346108682,346108682,346108690,346108690,0,0,0,0,0,0,0,0,4096,256,131072,4,15|4,0,67108864,262144,256,0,0,0,0,536,0,532,0,134,133,0,1,536,0|322,1178771986,10,0,0,34865152,0,34865152,0,107169,0,0,133,0,0,0,0,0,0,0,3703490,0,0,0,0,0
1786004386998|1012|stream64_r2f_02|rotating|276,1378943233,33558272,37811325,37290647,37382365,37290647,37382365,37290647,35754,35622,35620,35620,0,0,4552,0,1099519992,1097346152,4096,4096,0,0,35620,35620,321843870,321844203,321843878,321844211,0,0,0,0,0,0,0,0,4096,256,131072,4,15|4,0,67108864,262144,256,0,0,0,0,540,0,536,0,135,134,0,1,540,0|322,394173699,10,35182624,0,0,0,0,0,37364287,0,134,0,1927211803,0,1927211803,0,2080,1915084321,0,20799823,0,0,0,0,0
1786004391999|1012|stream64_r2f_02|fixed|278,1378943233,16781056,44005301,43399825,499260,0,499260,0,10596,0,5298,0,0,0,41454,41454,33848576,33848576,4096,4096,0,0,5298,5298,666232415,666232415,666232423,666232423,0,0,0,0,0,0,0,0,4096,256,131072,4,15|4,0,67108864,262144,256,0,0,0,0,628,0,624,0,157,156,0,1,628,0|324,1500360707,10,0,0,40894464,0,40894464,0,125050,0,0,156,0,0,0,0,0,0,0,3755757,0,0,0,0,0
1786004391999|1012|stream64_r2f_02|rotating|278,1378943233,33554687,44129694,43522201,43629020,43522201,43629020,43522201,41729,41574,41571,41571,0,0,5313,0,1283240031,1280690826,4096,4096,0,0,41572,41572,644453093,644453090,644453101,644453098,0,0,0,0,0,0,0,0,4096,256,131072,4,15|4,0,67108864,262144,256,0,0,0,0,628,0,624,0,157,156,0,1,628,0|324,715865453,10,41036736,0,0,0,0,0,43580510,0,156,0,2247440029,0,2247440029,0,2080,2233623144,0,23645381,0,0,0,0,0
1786004397014|1012|stream64_r2f_02|fixed|280,1378943233,16781056,50294891,49602832,570595,0,570595,0,12110,0,6055,0,0,0,47379,47379,38685016,38685016,4096,4096,0,0,6055,6055,987019108,987019108,987019116,987019116,0,0,0,0,0,0,0,0,4096,256,131072,4,15|4,0,67108864,262144,256,0,0,0,0,716,0,712,0,179,178,0,1,716,0|326,1820035307,10,0,0,46661632,0,46661632,0,142814,0,0,178,0,0,0,0,0,0,0,3798807,0,0,0,0,0
1786004397014|1012|stream64_r2f_02|rotating|280,1378943233,33554687,50385453,49692406,49813820,49692406,49813820,49692406,47644,47467,47464,47464,0,0,6066,0,1465133072,1462225293,4096,4096,0,0,47465,47465,963756974,963756955,963756958,963756963,0,0,0,0,0,0,0,0,4096,256,131072,4,15|4,0,67108864,262144,256,0,0,0,0,716,0,712,0,179,178,0,1,716,0|326,1033706259,10,46811808,0,0,0,0,0,49721489,0,178,0,2563837067,0,2563837067,0,2080,2548311962,0,26492786,0,0,0,0,0
1786004402019|1012|stream64_r2f_02|fixed|282,1378943233,16781056,56568327,55789313,641839,0,641839,0,13622,0,6811,0,0,0,53289,53289,43515112,43515112,4096,4096,0,0,6811,6811,1307571605,1307571605,1307571613,1307571613,0,0,0,0,0,0,0,0,4096,256,131072,4,15|4,0,67108864,262144,256,0,0,0,0,804,0,800,0,201,200,0,1,804,0|328,2141768772,10,0,0,52428800,0,52428800,0,160695,0,0,200,0,0,0,0,0,0,0,3851162,0,0,0,0,0
1786004402019|1012|stream64_r2f_02|rotating|282,1378943233,33558272,56691480,55911037,56048321,55911037,56048321,55911037,53606,53407,53405,53405,0,0,6825,0,1648506568,1645239912,4096,4096,0,0,53405,53405,1285617078,1285617411,1285617086,1285617419,0,0,0,0,0,0,0,0,4096,256,131072,4,15|4,0,67108864,262144,256,0,0,0,0,804,0,800,0,201,200,0,1,804,0|328,1356584446,10,52689632,0,0,0,0,0,55959809,0,200,0,2885245798,0,2885245798,0,2080,2868036903,0,29337822,0,0,0,0,0
1786004407032|1012|stream64_r2f_02|fixed|284,1378943233,16781056,62857859,61991568,713176,0,713176,0,15136,0,7568,0,0,0,59213,59213,48351520,48351520,4096,4096,0,0,7568,7568,1628556049,1628556049,1628556065,1628556065,0,0,0,0,0,0,0,0,4096,256,131072,4,15|4,0,67108864,262144,256,0,0,0,0,892,0,888,0,223,222,0,1,892,0|330,2461615353,10,0,0,58195968,0,58195968,0,178458,0,0,222,0,0,0,0,0,0,0,3901876,0,0,0,0,0
1786004407032|1012|stream64_r2f_02|rotating|284,1378943233,33558272,62938340,62071214,62224318,62071214,62224318,62071214,59512,59291,59289,59289,0,0,7577,0,1830134816,1826509184,4096,4096,0,0,59289,59289,1604452787,1604453104,1604452795,1604453112,0,0,0,0,0,0,0,0,4096,256,131072,4,15|4,0,67108864,262144,256,0,0,0,0,896,0,892,0,224,223,0,1,896,0|330,1675718691,10,58489728,0,0,0,0,0,62123071,0,223,0,3202930019,0,3202930019,0,2080,3183884622,0,32314303,0,0,0,0,0
1786004412045|1012|stream64_r2f_02|fixed|286,1378943233,16781056,69139322,68186674,784416,0,784416,0,16648,0,8324,0,0,0,65130,65130,53181512,53181512,4096,4096,0,0,8324,8324,1949111313,1949111313,1949111321,1949111321,0,0,0,0,0,0,0,0,4096,256,131072,4,15|5,0,67108864,262144,256,0,0,0,0,984,0,980,0,246,245,0,1,984,0|332,2782964069,10,0,0,64225280,0,64225280,0,196315,0,0,245,0,0,0,0,0,0,0,3951542,0,0,0,0,0
1786004412045|1012|stream64_r2f_02|rotating|286,1378943233,33557555,69257281,68302595,68471451,68302595,68471451,68302595,65489,65245,65242,65242,0,0,8339,0,2013892763,2009890456,4096,4096,0,0,65243,65243,1927138589,1927138602,1927138597,1927138578,0,0,0,0,0,0,0,0,4096,256,131072,4,15|4,0,67108864,262144,256,0,0,0,0,984,0,980,0,246,245,0,1,984,0|332,1997749538,10,64343840,0,0,0,0,0,68344300,0,245,0,3523497338,0,3523497338,0,2080,3502760343,0,35162056,0,0,0,0,0
1786004420743|1013|stream64_r2f_03|fixed|290,1378943233,16781056,6240877,6152934,70771,0,70771,0,1502,0,751,0,0,0,5882,5882,4798072,4798072,4096,4096,0,0,751,751,2505618115,2505618115,2505618123,2505618123,0,0,0,0,0,0,0,0,4096,256,131072,4,15|4,0,67108864,262144,256,0,0,0,0,92,0,88,0,23,22,0,1,92,0|340,3338632617,10,0,0,5767168,0,5767168,0,17858,0,0,22,0,0,0,0,0,0,0,3472632,0,0,0,0,0
1786004420743|1013|stream64_r2f_03|rotating|290,1378943233,33558272,6315503,6226801,6243882,6226801,6243882,6226801,5976,5953,5953,5953,0,0,760,0,183757312,183397032,4096,4096,0,0,5953,5953,2481515075,2481515408,2481515083,2481515416,0,0,0,0,0,0,0,0,4096,256,131072,4,15|4,0,67108864,262144,256,0,0,0,0,92,0,88,0,23,22,0,1,92,0|340,2551692151,10,5909440,0,0,0,0,0,6266514,0,22,0,324809716,0,324809716,0,2080,321400773,0,6309003,0,0,0,0,0
1786004425757|1013|stream64_r2f_03|fixed|292,1378943233,16781056,12525666,12351161,142202,0,142202,0,3018,0,1509,0,0,0,11810,11810,9640920,9640920,4096,4096,0,0,1509,1509,2827030378,2827030378,2827030386,2827030386,0,0,0,0,0,0,0,0,4096,256,131072,4,15|4,0,67108864,262144,256,0,0,0,0,180,0,176,0,45,44,0,1,180,0|342,3660049416,10,0,0,11534336,0,11534336,0,35716,0,0,44,0,0,0,0,0,0,0,3519772,0,0,0,0,0
1786004425757|1013|stream64_r2f_03|rotating|292,1378943233,33558272,12696537,12519385,12552357,12519385,12552357,12519385,12018,11972,11972,11972,0,0,1530,0,369552448,368816728,4096,4096,0,0,11972,11972,2807726007,2807726348,2807726015,2807726356,0,0,0,0,0,0,0,0,4096,256,131072,4,15|4,0,67108864,262144,256,0,0,0,0,184,0,180,0,46,45,0,1,184,0|342,2883953927,10,11954560,0,0,0,0,0,12676091,0,45,0,655560212,0,655560212,0,2080,650368902,0,9283956,0,0,0,0,0
1786004430761|1013|stream64_r2f_03|fixed|294,1378943233,16781056,18791551,18529417,213352,0,213352,0,4528,0,2264,0,0,0,17718,17718,14464576,14464576,4096,4096,0,0,2264,2264,3147155287,3147155287,3147155303,3147155303,0,0,0,0,0,0,0,0,4096,256,131072,4,15|4,0,67108864,262144,256,0,0,0,0,268,0,264,0,67,66,0,1,268,0|344,3980393018,10,0,0,17301504,0,17301504,0,53502,0,0,66,0,0,0,0,0,0,0,3573225,0,0,0,0,0
1786004430761|1013|stream64_r2f_03|rotating|294,1378943233,33558272,18876589,18613465,18662297,18613465,18662297,18613465,17866,17799,17799,17799,0,0,2274,0,549419880,548340648,4096,4096,0,0,17799,17799,3123374768,3123375077,3123374776,3123375093,0,0,0,0,0,0,0,0,4096,256,131072,4,15|4,0,67108864,262144,256,0,0,0,0,272,0,268,0,68,67,0,1,272,0|344,3194393371,10,17595264,0,0,0,0,0,18665284,0,67,0,964589480,0,964589480,0,2080,957661176,0,12131286,0,0,0,0,0
1786004435771|1013|stream64_r2f_03|fixed|296,1378943233,16781056,25088887,24740509,284873,0,284873,0,6046,0,3023,0,0,0,23657,23657,19313752,19313752,4096,4096,0,0,3023,3023,3468999241,3468999241,3468999249,3468999249,0,0,0,0,0,0,0,0,4096,256,131072,4,15|5,0,67108864,262144,256,0,0,0,0,360,0,356,0,90,89,0,1,360,0|346,6075618,11,0,0,23330816,0,23330816,0,71336,0,0,89,0,0,0,0,0,0,0,3621750,0,0,0,0,0
1786004435771|1013|stream64_r2f_03|rotating|296,1378943233,33554687,25147968,24798227,24862434,24798227,24862434,24798227,23803,23713,23712,23712,0,0,3030,0,731961768,730506859,4096,4096,0,0,23713,23713,3443936493,3443936490,3443936461,3443936498,0,0,0,0,0,0,0,0,4096,256,131072,4,15|4,0,67108864,262144,256,0,0,0,0,360,0,356,0,90,89,0,1,360,0|346,3517266000,10,23465184,0,0,0,0,0,24897557,0,89,0,1285994629,0,1285994629,0,2080,1277378649,0,14978511,0,0,0,0,0
1786004440771|1013|stream64_r2f_03|fixed|298,1378943233,16781056,31327574,30891710,355739,0,355739,0,7550,0,3775,0,0,0,29538,29538,24118240,24118240,4096,4096,0,0,3775,3775,3787637518,3787637518,3787637526,3787637526,0,0,0,0,0,0,0,0,4096,256,131072,4,15|4,0,67108864,262144,256,0,0,0,0,448,0,444,0,112,111,0,1,448,0|348,325476996,11,0,0,29097984,0,29097984,0,89076,0,0,111,0,0,0,0,0,0,0,3663352,0,0,0,0,0
1786004440771|1013|stream64_r2f_03|rotating|298,1378943233,33554687,31402023,30965409,31045435,30965409,31045435,30965409,29721,29609,29608,29608,0,0,3784,0,913944967,912131410,4096,4096,0,0,29609,29609,3763398757,3763398746,3763398765,3763398754,0,0,0,0,0,0,0,0,4096,256,131072,4,15|4,0,67108864,262144,256,0,0,0,0,448,0,444,0,112,111,0,1,448,0|348,3834579079,10,29240256,0,0,0,0,0,31023090,0,111,0,1601863940,0,1601863940,0,2080,1591539918,0,17825738,0,0,0,0,0
1786004445777|1013|stream64_r2f_03|fixed|300,1378943233,16781056,37597210,37074996,426982,0,426982,0,9062,0,4531,0,0,0,35450,35450,28948320,28948320,4096,4096,0,0,4531,4531,4108188075,4108188075,4108188083,4108188083,0,0,0,0,0,0,0,0,4096,256,131072,4,15|4,0,67108864,262144,256,0,0,0,0,536,0,532,0,134,133,0,1,536,0|350,645700009,11,0,0,34865152,0,34865152,0,106887,0,0,133,0,0,0,0,0,0,0,3711256,0,0,0,0,0
1786004445777|1013|stream64_r2f_03|rotating|300,1378943233,33554687,37673558,37150596,37245727,37150596,37245727,37150596,35657,35523,35522,35522,0,0,4540,0,1096495915,1094322894,4096,4096,0,0,35523,35523,4083837982,4083837955,4083837990,4083837963,0,0,0,0,0,0,0,0,4096,256,131072,4,15|4,0,67108864,262144,256,0,0,0,0,536,0,532,0,134,133,0,1,536,0|350,4154722559,10,35062752,0,0,0,0,0,37201796,0,133,0,1920551796,0,1920551796,0,2080,1908534057,0,20668822,0,0,0,0,0
1786004450782|1013|stream64_r2f_03|fixed|302,1378943233,16781056,43867851,43260698,498129,0,498129,0,10572,0,5286,0,0,0,41363,41363,33771952,33771952,4096,4096,0,0,5286,5286,133343258,133343258,133343266,133343266,0,0,0,0,0,0,0,0,4096,256,131072,4,15|4,0,67108864,262144,256,0,0,0,0,624,0,620,0,156,155,0,1,624,0|352,965745164,11,0,0,40632320,0,40632320,0,124650,0,0,155,0,0,0,0,0,0,0,3754429,0,0,0,0,0
1786004450782|1013|stream64_r2f_03|rotating|302,1378943233,33554687,43951122,43343112,43452049,43343112,43452049,43343112,41598,41442,41441,41441,0,0,5296,0,1279215988,1276687160,4096,4096,0,0,41442,41442,109602959,109602964,109602967,109602924,0,0,0,0,0,0,0,0,4096,256,131072,4,15|4,0,67108864,262144,256,0,0,0,0,628,0,624,0,157,156,0,1,628,0|352,181769257,11,40918176,0,0,0,0,0,43415028,0,156,0,2241101934,0,2241101934,0,2080,2227262123,0,23642752,0,0,0,0,0
1786004455790|1013|stream64_r2f_03|fixed|304,1378943233,16781056,50140803,49448151,569373,0,569373,0,12084,0,6042,0,0,0,47278,47278,38601960,38601960,4096,4096,0,0,6042,6042,453897426,453897426,453897442,453897442,0,0,0,0,0,0,0,0,4096,256,131072,4,15|4,0,67108864,262144,256,0,0,0,0,712,0,708,0,178,177,0,1,712,0|354,1286959208,11,0,0,46399488,0,46399488,0,142507,0,0,177,0,0,0,0,0,0,0,3793879,0,0,0,0,0
1786004455790|1013|stream64_r2f_03|rotating|304,1378943233,33558033,50214959,49520751,49644741,49520751,49644741,49520751,47526,47348,47348,47348,0,0,6051,0,1461532326,1458633936,4096,4096,0,0,47348,47348,429633884,429612449,429633892,429612457,0,0,0,0,0,0,0,0,4096,256,131072,4,15|4,0,67108864,262144,256,0,0,0,0,716,0,712,0,179,178,0,1,716,0|354,500219739,11,46709056,0,0,0,0,0,49561697,0,178,0,2558104696,0,2558104696,0,2080,2542560706,0,26489510,0,0,0,0,0
1786004460794|1013|stream64_r2f_03|fixed|306,1378943233,16781056,56402427,55623254,640517,0,640517,0,13594,0,6797,0,0,0,53188,53188,43425616,43425616,4096,4096,0,0,6797,6797,774020895,774020895,774020903,774020903,0,0,0,0,0,0,0,0,4096,256,131072,4,15|4,0,67108864,262144,256,0,0,0,0,804,0,800,0,201,200,0,1,804,0|356,1611603372,11,0,0,52428800,0,52428800,0,160554,0,0,200,0,0,0,0,0,0,0,3846881,0,0,0,0,0
1786004460794|1013|stream64_r2f_03|rotating|306,1378943233,33554687,56587036,55804898,55944348,55804898,55944348,55804898,53564,53362,53361,53361,0,0,6820,0,1647172235,1643910262,4096,4096,0,0,53362,53362,755576131,755576112,755576139,755576128,0,0,0,0,0,0,0,0,4096,256,131072,4,15|4,0,67108864,262144,256,0,0,0,0,804,0,800,0,201,200,0,1,804,0|356,827902862,11,52665920,0,0,0,0,0,55881809,0,200,0,2884298603,0,2884298603,0,2080,2867086979,0,29335360,0,0,0,0,0
1786004465797|1013|stream64_r2f_03|fixed|308,1378943233,16781056,62663618,61796376,711761,0,711761,0,15106,0,7553,0,0,0,59096,59096,48255672,48255672,4096,4096,0,0,7553,7553,1094376967,1094376967,1094376975,1094376975,0,0,0,0,0,0,0,0,4096,256,131072,4,15|5,0,67108864,262144,256,0,0,0,0,896,0,892,0,224,223,0,1,896,0|358,1938755405,11,0,0,58458112,0,58458112,0,178741,0,0,223,0,0,0,0,0,0,0,3892465,0,0,0,0,0
1786004465797|1013|stream64_r2f_03|rotating|308,1378943233,33554687,62982906,62111127,62267564,62111127,62267564,62111127,59623,59398,59397,59397,0,0,7591,0,1833484622,1829848209,4096,4096,0,0,59398,59398,1082692063,1082692068,1082692071,1082692076,0,0,0,0,0,0,0,0,4096,256,131072,4,15|4,0,67108864,262144,256,0,0,0,0,896,0,892,0,224,223,0,1,896,0|358,1153810144,11,58592480,0,0,0,0,0,62165096,0,223,0,3208724245,0,3208724245,0,2080,3189704068,0,32311044,0,0,0,0,0
1786004470798|1013|stream64_r2f_03|fixed|310,1378943233,16781056,68926912,67973921,782909,0,782909,0,16616,0,8308,0,0,0,65006,65006,53079344,53079344,4096,4096,0,0,8308,8308,1414501525,1414501525,1414501533,1414501533,0,0,0,0,0,0,0,0,4096,256,131072,4,15|4,0,67108864,262144,256,0,0,0,0,980,0,976,0,245,244,0,1,980,0|360,2247991100,11,0,0,63963136,0,63963136,0,195916,0,0,244,0,0,0,0,0,0,0,3939245,0,0,0,0,0
1786004470798|1013|stream64_r2f_03|rotating|310,1378943233,33554687,69177839,68221251,68392009,68221251,68392009,68221251,65490,65243,65242,65242,0,0,8339,0,2013898836,2009903183,4096,4096,0,0,65243,65243,1399421061,1399421050,1399421069,1399421058,0,0,0,0,0,0,0,0,4096,256,131072,4,15|4,0,67108864,262144,256,0,0,0,0,984,0,980,0,246,245,0,1,984,0|360,1470259627,11,64351744,0,0,0,0,0,68268577,0,245,0,3523733912,0,3523733912,0,2080,3503002539,0,35158031,0,0,0,0,0
1786004479480|1014|stream64_r2f_04|fixed|314,1378943233,16781056,6228571,6140895,70677,0,70677,0,1500,0,750,0,0,0,5871,5871,4791688,4791688,4096,4096,0,0,750,750,1970171909,1970171909,1970171917,1970171917,0,0,0,0,0,0,0,0,4096,256,131072,4,15|4,0,67108864,262144,256,0,0,0,0,92,0,88,0,23,22,0,1,92,0|368,2807909138,11,0,0,5767168,0,5767168,0,18094,0,0,22,0,0,0,0,0,0,0,3460369,0,0,0,0,0
1786004479480|1014|stream64_r2f_04|rotating|314,1378943233,33554687,6402663,6313092,6330098,6313092,6330098,6313092,6059,6036,6035,6035,0,0,770,0,186294015,185932728,4096,4096,0,0,6036,6036,1950928901,1950928914,1950928909,1950928874,0,0,0,0,0,0,0,0,4096,256,131072,4,15|4,0,67108864,262144,256,0,0,0,0,92,0,88,0,23,22,0,1,92,0|368,2021182229,11,5988480,0,0,0,0,0,6354314,0,22,0,329297815,0,329297815,0,2080,325903425,0,6311486,0,0,0,0,0
1786004484482|1014|stream64_r2f_04|fixed|316,1378943233,16781056,12514044,12340761,142109,0,142109,0,3016,0,1508,0,0,0,11800,11800,9634544,9634544,4096,4096,0,0,1508,1508,2291586493,2291586493,2291586501,2291586501,0,0,0,0,0,0,0,0,4096,256,131072,4,15|4,0,67108864,262144,256,0,0,0,0,180,0,176,0,45,44,0,1,180,0|370,3124133755,11,0,0,11534336,0,11534336,0,35668,0,0,44,0,0,0,0,0,0,0,3507976,0,0,0,0,0
1786004484482|1014|stream64_r2f_04|rotating|316,1378943233,33558272,12582515,12408454,12439651,12408454,12439651,12408454,11910,11865,11865,11865,0,0,1516,0,366251768,365530336,4096,4096,0,0,11865,11865,2266839968,2266840309,2266839976,2266840317,0,0,0,0,0,0,0,0,4096,256,131072,4,15|4,0,67108864,262144,256,0,0,0,0,180,0,176,0,45,44,0,1,180,0|370,2336889075,11,11731936,0,0,0,0,0,12444037,0,44,0,643568797,0,643568797,0,2080,638459199,0,9159091,0,0,0,0,0
1786004489493|1014|stream64_r2f_04|fixed|318,1378943233,16781056,18768846,18508513,213068,0,213068,0,4522,0,2261,0,0,0,17698,17698,14445416,14445416,4096,4096,0,0,2261,2261,2610852209,2610852209,2610852217,2610852217,0,0,0,0,0,0,0,0,4096,256,131072,4,15|4,0,67108864,262144,256,0,0,0,0,268,0,264,0,67,66,0,1,268,0|372,3444031085,11,0,0,17301504,0,17301504,0,53432,0,0,66,0,0,0,0,0,0,0,3562252,0,0,0,0,0
1786004489493|1014|stream64_r2f_04|rotating|318,1378943233,33558272,18855564,18594119,18641554,18594119,18641554,18594119,17847,17780,17780,17780,0,0,2271,0,548834920,547755936,4096,4096,0,0,17780,17780,2587341347,2587341664,2587341355,2587341672,0,0,0,0,0,0,0,0,4096,256,131072,4,15|4,0,67108864,262144,256,0,0,0,0,268,0,264,0,67,66,0,1,268,0|372,2657550079,11,17562336,0,0,0,0,0,18632407,0,66,0,962772201,0,962772201,0,2080,955966116,0,12006642,0,0,0,0,0
1786004494493|1014|stream64_r2f_04|fixed|320,1378943233,16781056,25031908,24685667,284217,0,284217,0,6032,0,3016,0,0,0,23604,23604,19269024,19269024,4096,4096,0,0,3016,3016,2930977260,2930977260,2930977276,2930977276,0,0,0,0,0,0,0,0,4096,256,131072,4,15|4,0,67108864,262144,256,0,0,0,0,356,0,352,0,89,88,0,1,356,0|374,3763594458,11,0,0,23068672,0,23068672,0,71195,0,0,88,0,0,0,0,0,0,0,3603312,0,0,0,0,0
1786004494493|1014|stream64_r2f_04|rotating|320,1378943233,33558272,25106163,24758268,24821007,24758268,24821007,24758268,23763,23674,23674,23674,0,0,3026,0,730770968,729316536,4096,4096,0,0,23674,23674,2906714413,2906692994,2906714421,2906693002,0,0,0,0,0,0,0,0,4096,256,131072,4,15|4,0,67108864,262144,256,0,0,0,0,360,0,356,0,90,89,0,1,360,0|374,2976789879,11,23370336,0,0,0,0,0,24790981,0,89,0,1280560001,0,1280560001,0,2080,1271918761,0,14983473,0,0,0,0,0
1786004499494|1014|stream64_r2f_04|fixed|322,1378943233,16781056,31314744,30881019,355644,0,355644,0,7548,0,3774,0,0,0,29527,29527,24111864,24111864,4096,4096,0,0,3774,3774,3252067854,3252067854,3252067862,3252067862,0,0,0,0,0,0,0,0,4096,256,131072,4,15|4,0,67108864,262144,256,0,0,0,0,448,0,444,0,112,111,0,1,448,0|376,4085609891,11,0,0,29097984,0,29097984,0,89099,0,0,111,0,0,0,0,0,0,0,3659799,0,0,0,0,0
1786004499494|1014|stream64_r2f_04|rotating|322,1378943233,33554687,31422508,30987644,31065731,30987644,31065731,30987644,29741,29629,29628,29628,0,0,3786,0,914577693,912763000,4096,4096,0,0,29629,29629,3229477042,3229477063,3229477050,3229477071,0,0,0,0,0,0,0,0,4096,256,131072,4,15|4,0,67108864,262144,256,0,0,0,0,448,0,444,0,112,111,0,1,448,0|376,3300618878,11,29256064,0,0,0,0,0,31043264,0,111,0,1602917568,0,1602917568,0,2080,1592591870,0,17830874,0,0,0,0,0
1786004504508|1014|stream64_r2f_04|fixed|324,1378943233,16781056,37626686,37105995,427265,0,427265,0,9068,0,4534,0,0,0,35479,35479,28967480,28967480,4096,4096,0,0,4534,4534,3574467864,3574467864,3574467872,3574467872,0,0,0,0,0,0,0,0,4096,256,131072,4,15|4,0,67108864,262144,256,0,0,0,0,536,0,532,0,134,133,0,1,536,0|378,112504179,12,0,0,34865152,0,34865152,0,106981,0,0,133,0,0,0,0,0,0,0,3714809,0,0,0,0,0
1786004504508|1014|stream64_r2f_04|rotating|324,1378943233,33554687,37720101,37198226,37291797,37198226,37291797,37198226,35703,35568,35567,35567,0,0,4545,0,1097887848,1095712987,4096,4096,0,0,35568,35568,3551247321,3551247286,3551247289,3551247294,0,0,0,0,0,0,0,0,4096,256,131072,4,15|4,0,67108864,262144,256,0,0,0,0,536,0,532,0,134,133,0,1,536,0|378,3622614233,11,35118080,0,0,0,0,0,37258022,0,133,0,1923447419,0,1923447419,0,2080,1911432166,0,20678281,0,0,0,0,0
1786004509512|1014|stream64_r2f_04|fixed|326,1378943233,16781056,43848142,43241473,497941,0,497941,0,10568,0,5284,0,0,0,41345,41345,33759168,33759168,4096,4096,0,0,5284,5284,3892444265,3892444265,3892444273,3892444273,0,0,0,0,0,0,0,0,4096,256,131072,4,15|4,0,67108864,262144,256,0,0,0,0,624,0,620,0,156,155,0,1,624,0|380,431345669,12,0,0,40632320,0,40632320,0,124698,0,0,155,0,0,0,0,0,0,0,3758853,0,0,0,0,0
1786004509512|1014|stream64_r2f_04|rotating|326,1378943233,33554687,43941041,43333441,43442062,43333441,43442062,43333441,41590,41433,41432,41432,0,0,5295,0,1278946277,1276410864,4096,4096,0,0,41433,41433,3869085660,3869085689,3869085668,3869085673,0,0,0,0,0,0,0,0,4096,256,131072,4,15|4,0,67108864,262144,256,0,0,0,0,624,0,620,0,156,155,0,1,624,0|380,3940466655,11,40893152,0,0,0,0,0,43393439,0,155,0,2239856073,0,2239856073,0,2080,2226132452,0,23525834,0,0,0,0,0
1786004514525|1014|stream64_r2f_04|fixed|328,1378943233,16781056,50125542,49434012,569185,0,569185,0,12080,0,6040,0,0,0,47264,47264,38589200,38589200,4096,4096,0,0,6040,6040,4212999108,4212999108,4212999116,4212999116,0,0,0,0,0,0,0,0,4096,256,131072,4,15|4,0,67108864,262144,256,0,0,0,0,712,0,708,0,178,177,0,1,712,0|382,750972921,12,0,0,46399488,0,46399488,0,142460,0,0,177,0,0,0,0,0,0,0,3797106,0,0,0,0,0
1786004514525|1014|stream64_r2f_04|rotating|328,1378943233,33554687,50226990,49533536,49656583,49533536,49656583,49533536,47540,47360,47359,47359,0,0,6053,0,1461902472,1458991987,4096,4096,0,0,47360,47360,4190357445,4190357450,4190357453,4190357458,0,0,0,0,0,0,0,0,4096,256,131072,4,15|4,0,67108864,262144,256,0,0,0,0,716,0,712,0,179,178,0,1,716,0|382,4260996250,11,46724864,0,0,0,0,0,49577747,0,178,0,2558927740,0,2558927740,0,2080,2543374059,0,26502661,0,0,0,0,0
1786004519525|1014|stream64_r2f_04|fixed|330,1378943233,16781056,56391955,55613011,640330,0,640330,0,13590,0,6795,0,0,0,53172,53172,43412832,43412832,4096,4096,0,0,6795,6795,238156908,238156908,238156916,238156916,0,0,0,0,0,0,0,0,4096,256,131072,4,15|4,0,67108864,262144,256,0,0,0,0,804,0,800,0,201,200,0,1,804,0|384,1078188572,12,0,0,52428800,0,52428800,0,160648,0,0,200,0,0,0,0,0,0,0,3855566,0,0,0,0,0
1786004519525|1014|stream64_r2f_04|rotating|330,1378943233,33554687,56628956,55846558,55985891,55846558,55985891,55846558,53598,53396,53396,53396,0,0,6824,0,1648228393,1644958580,4096,4096,0,0,53396,53396,222399590,222399915,222399598,222399923,0,0,0,0,0,0,0,0,4096,256,131072,4,15|4,0,67108864,262144,256,0,0,0,0,804,0,800,0,201,200,0,1,804,0|384,293437589,12,52681728,0,0,0,0,0,55898614,0,200,0,2884847159,0,2884847159,0,2080,2867624312,0,29350043,0,0,0,0,0
1786004524532|1014|stream64_r2f_04|fixed|332,1378943233,16781056,62660697,61793824,711571,0,711571,0,15102,0,7551,0,0,0,59082,59082,48242872,48242872,4096,4096,0,0,7551,7551,558514801,558514801,558514809,558514809,0,0,0,0,0,0,0,0,4096,256,131072,4,15|4,0,67108864,262144,256,0,0,0,0,892,0,888,0,223,222,0,1,892,0|386,1392306724,12,0,0,58195968,0,58195968,0,178105,0,0,222,0,0,0,0,0,0,0,3906142,0,0,0,0,0
1786004524532|1014|stream64_r2f_04|rotating|332,1378943233,33554687,62765177,61896984,62052380,61896984,62052380,61896984,59405,59181,59180,59180,0,0,7564,0,1826797536,1823168776,4096,4096,0,0,59181,59181,535917014,535917011,535916974,535916995,0,0,0,0,0,0,0,0,4096,256,131072,4,15|4,0,67108864,262144,256,0,0,0,0,892,0,888,0,223,222,0,1,892,0|386,606619138,12,58377760,0,0,0,0,0,61942740,0,222,0,3196604700,0,3196604700,0,2080,3177655873,0,32198238,0,0,0,0,0
1786004529537|1014|stream64_r2f_04|fixed|334,1378943233,16781056,68930978,67977950,782815,0,782815,0,16614,0,8307,0,0,0,64994,64994,53072968,53072968,4096,4096,0,0,8307,8307,879068212,879068212,879068220,879068220,0,0,0,0,0,0,0,0,4096,256,131072,4,15|4,0,67108864,262144,256,0,0,0,0,980,0,976,0,245,244,0,1,980,0|388,1713280043,12,0,0,63963136,0,63963136,0,195939,0,0,244,0,0,0,0,0,0,0,3956739,0,0,0,0,0
1786004529537|1014|stream64_r2f_04|rotating|334,1378943233,33554687,69054581,68100040,68270446,68100040,68270446,68100040,65357,65111,65110,65110,0,0,8321,0,2009832441,2005844048,4096,4096,0,0,65111,65111,857205164,857205161,857205172,857205121,0,0,0,0,0,0,0,0,4096,256,131072,4,15|4,0,67108864,262144,256,0,0,0,0,980,0,976,0,245,244,0,1,980,0|388,928538896,12,64225280,0,0,0,0,0,68156673,0,245,0,3517062578,0,3517062578,0,2080,3496422294,0,35044202,0,0,0,0,0
1786004537930|1015|stream64_r2f_05|fixed|338,1378943233,16781056,6220838,6134359,70583,0,70583,0,1498,0,749,0,0,0,5864,5864,4785304,4785304,4096,4096,0,0,749,749,1416095902,1416095902,1416095910,1416095910,0,0,0,0,0,0,0,0,4096,256,131072,4,15|4,0,67108864,262144,256,0,0,0,0,92,0,88,0,23,22,0,1,92,0|396,2257411255,12,0,0,5767168,0,5767168,0,18258,0,0,22,0,0,0,0,0,0,0,3473583,0,0,0,0,0
1786004537930|1015|stream64_r2f_05|rotating|338,1378943233,33554687,6488834,6399376,6415236,6399376,6415236,6399376,6140,6117,6117,6117,0,0,781,0,188816680,188456867,4096,4096,0,0,6117,6117,1401664823,1401665148,1401664831,1401665156,0,0,0,0,0,0,0,0,4096,256,131072,4,15|4,0,67108864,262144,256,0,0,0,0,96,0,92,0,24,23,0,1,96,0|396,1474120971,12,6108352,0,0,0,0,0,6479733,0,23,0,335848656,0,335848656,0,2080,332349283,0,6437635,0,0,0,0,0
1786004542979|1015|stream64_r2f_05|fixed|340,1378943233,16781056,12543954,12370927,142392,0,142392,0,3022,0,1511,0,0,0,11829,11829,9653688,9653688,4096,4096,0,0,1511,1511,1739229324,1739229324,1739229332,1739229332,0,0,0,0,0,0,0,0,4096,256,131072,4,15|4,0,67108864,262144,256,0,0,0,0,180,0,176,0,45,44,0,1,180,0|398,2573408217,12,0,0,11534336,0,11534336,0,35833,0,0,44,0,0,0,0,0,0,0,3516439,0,0,0,0,0
1786004542979|1015|stream64_r2f_05|rotating|340,1378943233,33558272,12678497,12503901,12534600,12503901,12534600,12503901,12001,11956,11956,11956,0,0,1527,0,369059136,368340432,4096,4096,0,0,11956,11956,1718083211,1718083528,1718083219,1718083536,0,0,0,0,0,0,0,0,4096,256,131072,4,15|4,0,67108864,262144,256,0,0,0,0,184,0,180,0,46,45,0,1,184,0|398,1789537671,12,11843904,0,0,0,0,0,12563506,0,45,0,649831468,0,649831468,0,2080,644614920,0,9285510,0,0,0,0,0
1786004547988|1015|stream64_r2f_05|fixed|342,1378943233,16781056,18818314,18557987,213636,0,213636,0,4534,0,2267,0,0,0,17745,17745,14483720,14483720,4096,4096,0,0,2267,2267,2059784325,2059784325,2059784333,2059784333,0,0,0,0,0,0,0,0,4096,256,131072,4,15|4,0,67108864,262144,256,0,0,0,0,268,0,264,0,67,66,0,1,268,0|400,2893817022,12,0,0,17301504,0,17301504,0,53620,0,0,66,0,0,0,0,0,0,0,3566193,0,0,0,0,0
1786004547988|1015|stream64_r2f_05|rotating|342,1378943233,33554687,18964663,18702063,18749335,18702063,18749335,18702063,17952,17886,17883,17883,0,0,2285,0,552025978,550933517,4096,4096,0,0,17884,17884,2039387856,2039387845,2039387864,2039387853,0,0,0,0,0,0,0,0,4096,256,131072,4,15|4,0,67108864,262144,256,0,0,0,0,272,0,268,0,68,67,0,1,272,0|400,2110733579,12,17690112,0,0,0,0,0,18762476,0,67,0,969565824,0,969565824,0,2048,962656754,0,12132490,0,0,0,0,0
1786004553000|1015|stream64_r2f_05|fixed|344,1378943233,16781056,25117992,24771049,285251,0,285251,0,6054,0,3027,0,0,0,23686,23686,19339312,19339312,4096,4096,0,0,3027,3027,2381858325,2381858325,2381858333,2381858333,0,0,0,0,0,0,0,0,4096,256,131072,4,15|4,0,67108864,262144,256,0,0,0,0,360,0,356,0,90,89,0,1,360,0|402,3220334057,12,0,0,23330816,0,23330816,0,71784,0,0,89,0,0,0,0,0,0,0,3610087,0,0,0,0,0
1786004553000|1015|stream64_r2f_05|rotating|344,1378943233,33554687,25330802,24981590,25043193,24981590,25043193,24981590,23977,23889,23886,23886,0,0,3052,0,737339037,735887424,4096,4096,0,0,23887,23887,2364630806,2364630771,2364630814,2364630779,0,0,0,0,0,0,0,0,4096,256,131072,4,15|4,0,67108864,262144,256,0,0,0,0,360,0,356,0,90,89,0,1,364,0|402,2437069607,12,23624576,0,0,0,0,0,25059273,0,90,0,1294418236,0,1294418236,0,2080,1285702813,0,15107671,0,0,0,0,0
1786004558006|1015|stream64_r2f_05|fixed|346,1378943233,16781056,31392741,30958317,356494,0,356494,0,7566,0,3783,0,0,0,29601,29601,24169392,24169392,4096,4096,0,0,3783,3783,2702413776,2702413776,2702413784,2702413784,0,0,0,0,0,0,0,0,4096,256,131072,4,15|4,0,67108864,262144,256,0,0,0,0,448,0,444,0,112,111,0,1,448,0|404,3534579788,12,0,0,29097984,0,29097984,0,89241,0,0,111,0,0,0,0,0,0,0,3662240,0,0,0,0,0
1786004558006|1015|stream64_r2f_05|rotating|346,1378943233,33554687,31468551,31033253,31111208,31033253,31111208,31033253,29785,29675,29672,29672,0,0,3792,0,915927867,914115598,4096,4096,0,0,29673,29673,2678183196,2678183185,2678183204,2678183193,0,0,0,0,0,0,0,0,4096,256,131072,4,15|4,0,67108864,262144,256,0,0,0,0,448,0,444,0,112,111,0,1,448,0|404,2748097003,12,29279776,0,0,0,0,0,31064818,0,111,0,1604031832,0,1604031832,0,2080,1593716166,0,17825941,0,0,0,0,0
1786004563016|1015|stream64_r2f_05|fixed|348,1378943233,16781056,37642960,37121767,427453,0,427453,0,9072,0,4536,0,0,0,35494,35494,28980240,28980240,4096,4096,0,0,4536,4536,3021678612,3021678612,3021678620,3021678620,0,0,0,0,0,0,0,0,4096,256,131072,4,15|4,0,67108864,262144,256,0,0,0,0,536,0,532,0,134,133,0,1,536,0|406,3856514440,12,0,0,34865152,0,34865152,0,107122,0,0,133,0,0,0,0,0,0,0,3707782,0,0,0,0,0
1786004563016|1015|stream64_r2f_05|rotating|348,1378943233,33558272,37781239,37258549,37352279,37258549,37352279,37258549,35759,35627,35625,35625,0,0,4552,0,1099675728,1097504584,4096,4096,0,0,35625,35625,3000694043,3000694344,3000694051,3000694360,0,0,0,0,0,0,0,0,4096,256,131072,4,15|4,0,67108864,262144,256,0,0,0,0,540,0,536,0,135,134,0,1,540,0|406,3072396018,12,35174720,0,0,0,0,0,37321954,0,134,0,1926857111,0,1926857111,0,2080,1914725879,0,20801850,0,0,0,0,0
1786004568025|1015|stream64_r2f_05|fixed|350,1378943233,16781056,43921914,43315201,498792,0,498792,0,10586,0,5293,0,0,0,41415,41415,33816656,33816656,4096,4096,0,0,5293,5293,3342661906,3342661906,3342661914,3342661914,0,0,0,0,0,0,0,0,4096,256,131072,4,15|4,0,67108864,262144,256,0,0,0,0,624,0,620,0,156,155,0,1,624,0|408,4174946731,12,0,0,40632320,0,40632320,0,124815,0,0,155,0,0,0,0,0,0,0,3748901,0,0,0,0,0
1786004568025|1015|stream64_r2f_05|rotating|350,1378943233,33558272,43989645,43382262,43490104,43382262,43490104,43382262,41635,41481,41479,41479,0,0,5301,0,1280376792,1277846928,4096,4096,0,0,41479,41479,3317916952,3317917293,3317916960,3317917301,0,0,0,0,0,0,0,0,4096,256,131072,4,15|4,0,67108864,262144,256,0,0,0,0,628,0,624,0,157,156,0,1,628,0|408,3387858303,12,40910272,0,0,0,0,0,43410500,0,156,0,2240885508,0,2240885508,0,2080,2227038873,0,23647953,0,0,0,0,0
1786004573033|1015|stream64_r2f_05|fixed|352,1378943233,16781056,50214541,49521665,570312,0,570312,0,12104,0,6052,0,0,0,47348,47348,38665872,38665872,4096,4096,0,0,6052,6052,3664181040,3664181040,3664181048,3664181048,0,0,0,0,0,0,0,0,4096,256,131072,4,15|4,0,67108864,262144,256,0,0,0,0,716,0,712,0,179,178,0,1,716,0|410,201783131,13,0,0,46661632,0,46661632,0,142698,0,0,178,0,0,0,0,0,0,0,3799416,0,0,0,0,0
1786004573033|1015|stream64_r2f_05|rotating|352,1378943233,33554687,50294170,49600351,49723008,49600351,49723008,49600351,47604,47426,47423,47423,0,0,6061,0,1463857038,1460953329,4096,4096,0,0,47424,47424,3640119594,3640119607,3640119602,3640119615,0,0,0,0,0,0,0,0,4096,256,131072,4,15|4,0,67108864,262144,256,0,0,0,0,716,0,712,0,179,178,0,1,716,0|410,3710588499,12,46780192,0,0,0,0,0,49641170,0,178,0,2562148224,0,2562148224,0,2080,2546615033,0,26494058,0,0,0,0,0
1786004578037|1015|stream64_r2f_05|fixed|354,1378943233,16781056,56461255,55681581,641178,0,641178,0,13608,0,6804,0,0,0,53238,53238,43470344,43470344,4096,4096,0,0,6804,6804,3983143459,3983143459,3983143467,3983143467,0,0,0,0,0,0,0,0,4096,256,131072,4,15|4,0,67108864,262144,256,0,0,0,0,804,0,800,0,201,200,0,1,804,0|412,522241791,13,0,0,52428800,0,52428800,0,160506,0,0,200,0,0,0,0,0,0,0,3848661,0,0,0,0,0
1786004578037|1015|stream64_r2f_05|rotating|354,1378943233,33556360,56580759,55799735,55938260,55799735,55938260,55799735,53553,53354,53351,53351,0,0,6818,0,1646840040,1643578024,4096,4096,0,0,53351,53351,3961299626,3961299951,3961299634,3961299959,0,0,0,0,0,0,0,0,4096,256,131072,4,15|4,0,67108864,262144,256,0,0,0,0,804,0,800,0,201,200,0,1,804,0|412,4032841224,12,52642208,0,0,0,0,0,55861288,0,200,0,2882935445,0,2882935445,0,2080,2865711885,0,29342279,0,0,0,0,0
1786004583038|1015|stream64_r2f_05|fixed|356,1378943233,16781056,62724464,61857212,712327,0,712327,0,15118,0,7559,0,0,0,59143,59143,48294040,48294040,4096,4096,0,0,7559,7559,8300014,8300014,8300022,8300022,0,0,0,0,0,0,0,0,4096,256,131072,4,15|4,0,67108864,262144,256,0,0,0,0,892,0,888,0,223,222,0,1,892,0|414,844828080,13,0,0,58195968,0,58195968,0,178435,0,0,222,0,0,0,0,0,0,0,3886919,0,0,0,0,0
1786004583038|1015|stream64_r2f_05|rotating|356,1378943233,33554687,62914299,62044072,62199807,62044072,62199807,62044072,59548,59326,59322,59322,0,0,7582,0,1831154946,1827516885,4096,4096,0,0,59323,59323,4284952929,4284952918,4284952937,4284952926,0,0,0,0,0,0,0,0,4096,256,131072,4,15|4,0,67108864,262144,256,0,0,0,0,896,0,892,0,224,223,0,1,896,0|414,64102317,13,58576672,0,0,0,0,0,62156949,0,223,0,3207680218,0,3207680218,0,2080,3188649537,0,32318228,0,0,0,0,0
1786004588050|1015|stream64_r2f_05|fixed|358,1378943233,16781056,69004145,68050405,783570,0,783570,0,16630,0,8315,0,0,0,65063,65063,53124072,53124072,4096,4096,0,0,8315,8315,328854940,328854940,328854948,328854948,0,0,0,0,0,0,0,0,4096,256,131072,4,15|4,0,67108864,262144,256,0,0,0,0,980,0,976,0,245,244,0,1,980,0|416,1163025375,13,0,0,63963136,0,63963136,0,196127,0,0,244,0,0,0,0,0,0,0,3931887,0,0,0,0,0
1786004588050|1015|stream64_r2f_05|rotating|358,1378943233,33558272,69126775,68171021,68341700,68171021,68341700,68171021,65426,65182,65179,65179,0,0,8331,0,2011949272,2007951496,4096,4096,0,0,65179,65179,307351062,307351395,307351070,307351403,0,0,0,0,0,0,0,0,4096,256,131072,4,15|4,0,67108864,262144,256,0,0,0,0,984,0,980,0,246,245,0,1,984,0|416,378475716,13,64296416,0,0,0,0,0,68224209,0,245,0,3520623681,0,3520623681,0,2080,3499872908,0,35165626,0,0,0,0,0
1786004596630|1016|stream64_r2f_06|fixed|362,1378943233,16781056,6216246,6129693,70488,0,70488,0,1496,0,748,0,0,0,5860,5860,4778928,4778928,4096,4096,0,0,748,748,877789595,877789595,877789603,877789603,0,0,0,0,0,0,0,0,4096,256,131072,4,15|4,0,67108864,262144,256,0,0,0,0,92,0,88,0,23,22,0,1,92,0|424,1711273759,13,0,0,5767168,0,5767168,0,17810,0,0,22,0,0,0,0,0,0,0,3468524,0,0,0,0,0
1786004596630|1016|stream64_r2f_06|rotating|362,1378943233,33554687,6318188,6230497,6246474,6230497,6246474,6230497,5980,5957,5956,5956,0,0,761,0,183851279,183492072,4096,4096,0,0,5957,5957,855286073,855286094,855286081,855286078,0,0,0,0,0,0,0,0,4096,256,131072,4,15|4,0,67108864,262144,256,0,0,0,0,92,0,88,0,23,22,0,1,92,0|424,926064267,13,5925248,0,0,0,0,0,6281459,0,22,0,325587270,0,325587270,0,2080,322182406,0,6308416,0,0,0,0,0
1786004601642|1016|stream64_r2f_06|fixed|364,1378943233,16781056,12515112,12342331,142109,0,142109,0,3016,0,1508,0,0,0,11801,11801,9634544,9634544,4096,4096,0,0,1508,1508,1200187771,1200187771,1200187779,1200187779,0,0,0,0,0,0,0,0,4096,256,131072,4,15|4,0,67108864,262144,256,0,0,0,0,180,0,176,0,45,44,0,1,180,0|426,2034059922,13,0,0,11534336,0,11534336,0,35739,0,0,44,0,0,0,0,0,0,0,3514574,0,0,0,0,0
1786004601642|1016|stream64_r2f_06|rotating|364,1378943233,33558272,12614881,12441167,12471733,12441167,12471733,12441167,11941,11896,11896,11896,0,0,1519,0,367205728,366487144,4096,4096,0,0,11896,11896,1177108770,1177109095,1177108778,1177109103,0,0,0,0,0,0,0,0,4096,256,131072,4,15|4,0,67108864,262144,256,0,0,0,0,180,0,176,0,45,44,0,1,180,0|426,1248232113,13,11779360,0,0,0,0,0,12497297,0,44,0,646291588,0,646291588,0,2048,641197123,0,9154172,0,0,0,0,0
1786004606647|1016|stream64_r2f_06|fixed|366,1378943233,16781056,18762567,18503129,213068,0,213068,0,4522,0,2261,0,0,0,17693,17693,14445416,14445416,4096,4096,0,0,2261,2261,1519455991,1519455991,1519455999,1519455999,0,0,0,0,0,0,0,0,4096,256,131072,4,15|4,0,67108864,262144,256,0,0,0,0,268,0,264,0,67,66,0,1,268,0|428,2353190352,13,0,0,17301504,0,17301504,0,53469,0,0,66,0,0,0,0,0,0,0,3545641,0,0,0,0,0
1786004606647|1016|stream64_r2f_06|rotating|366,1378943233,33557555,18879213,18618434,18664921,18618434,18664921,18618434,17870,17803,17803,17803,0,0,2274,0,549543000,548466087,4096,4096,0,0,17804,17804,1497201372,1497201353,1497201348,1497201361,0,0,0,0,0,0,0,0,4096,256,131072,4,15|4,0,67108864,262144,256,0,0,0,0,272,0,268,0,68,67,0,1,272,0|428,1568117881,13,17595264,0,0,0,0,0,18667534,0,67,0,964723380,0,964723380,0,2073,957792470,0,12133990,0,0,0,0,0
1786004611662|1016|stream64_r2f_06|fixed|368,1378943233,16781056,25048114,24702402,284405,0,284405,0,6036,0,3018,0,0,0,23620,23620,19281784,19281784,4096,4096,0,0,3018,3018,1840440710,1840440710,1840440718,1840440718,0,0,0,0,0,0,0,0,4096,256,131072,4,15|5,0,67108864,262144,256,0,0,0,0,360,0,356,0,90,89,0,1,360,0|430,2674624397,13,0,0,23330816,0,23330816,0,71336,0,0,89,0,0,0,0,0,0,0,3601871,0,0,0,0,0
1786004611662|1016|stream64_r2f_06|rotating|368,1378943233,33554687,25155250,24807512,24869621,24807512,24869621,24807512,23812,23721,23720,23720,0,0,3031,0,732215082,730764328,4096,4096,0,0,23721,23721,1817970168,1817970173,1817970176,1817970165,0,0,0,0,0,0,0,0,4096,256,131072,4,15|4,0,67108864,262144,256,0,0,0,0,360,0,356,0,90,89,0,1,360,0|430,1889289651,13,23441472,0,0,0,0,0,24866775,0,89,0,1284433598,0,1284433598,0,2080,1275809594,0,14981542,0,0,0,0,0
1786004616679|1016|stream64_r2f_06|fixed|370,1378943233,16781056,31326959,30892835,355739,0,355739,0,7550,0,3775,0,0,0,29539,29539,24118240,24118240,4096,4096,0,0,3775,3775,2161225293,2161225293,2161225301,2161225301,0,0,0,0,0,0,0,0,4096,256,131072,4,15|4,0,67108864,262144,256,0,0,0,0,448,0,444,0,112,111,0,1,448,0|432,2995351294,13,0,0,29097984,0,29097984,0,89147,0,0,111,0,0,0,0,0,0,0,3649563,0,0,0,0,0
1786004616679|1016|stream64_r2f_06|rotating|370,1378943233,33554687,31439562,31004231,31082597,31004231,31082597,31004231,29759,29646,29645,29645,0,0,3788,0,915086527,913276720,4096,4096,0,0,29646,29646,2138977352,2138977389,2138977360,2138977357,0,0,0,0,0,0,0,0,4096,256,131072,4,15|4,0,67108864,262144,256,0,0,0,0,448,0,444,0,112,111,0,1,448,0|432,2211830556,13,29303488,0,0,0,0,0,31093885,0,111,0,1605508999,0,1605508999,0,2080,1595198154,0,17826235,0,0,0,0,0
1786004621691|1016|stream64_r2f_06|fixed|372,1378943233,16781056,37609297,37089167,427076,0,427076,0,9064,0,4532,0,0,0,35463,35463,28954712,28954712,4096,4096,0,0,4532,4532,2482210231,2482210231,2482210239,2482210239,0,0,0,0,0,0,0,0,4096,256,131072,4,15|4,0,67108864,262144,256,0,0,0,0,536,0,532,0,134,133,0,1,536,0|434,3317322892,13,0,0,34865152,0,34865152,0,107052,0,0,133,0,0,0,0,0,0,0,3687172,0,0,0,0,0
1786004621691|1016|stream64_r2f_06|rotating|372,1378943233,33558272,37744723,37223127,37316138,37223127,37316138,37223127,35726,35591,35591,35591,0,0,4548,0,1098623032,1096453368,4096,4096,0,0,35591,35591,2461119221,2461119546,2461119229,2461119562,0,0,0,0,0,0,0,0,4096,256,131072,4,15|4,0,67108864,262144,256,0,0,0,0,536,0,532,0,134,133,0,1,536,0|434,2531725975,13,35125984,0,0,0,0,0,37267890,0,133,0,1923948794,0,1923948794,0,2080,1911939615,0,20673936,0,0,0,0,0
1786004626697|1016|stream64_r2f_06|fixed|374,1378943233,16781056,43882056,43276569,498319,0,498319,0,10576,0,5288,0,0,0,41378,41378,33784744,33784744,4096,4096,0,0,5288,5288,2802764020,2802764020,2802764028,2802764028,0,0,0,0,0,0,0,0,4096,256,131072,4,15|4,0,67108864,262144,256,0,0,0,0,624,0,620,0,156,155,0,1,624,0|436,3636104130,13,0,0,40632320,0,40632320,0,124768,0,0,155,0,0,0,0,0,0,0,3731448,0,0,0,0,0
1786004626697|1016|stream64_r2f_06|rotating|374,1378943233,33554687,43987314,43380714,43487866,43380714,43487866,43380714,41635,41478,41477,41477,0,0,5300,0,1280327087,1277795770,4096,4096,0,0,41478,41478,2780099087,2780099092,2780099095,2780099108,0,0,0,0,0,0,0,0,4096,256,131072,4,15|4,0,67108864,262144,256,0,0,0,0,628,0,624,0,157,156,0,1,628,0|436,2852165424,13,40949792,0,0,0,0,0,43450316,0,156,0,2242932291,0,2242932291,0,2080,2229092145,0,23649973,0,0,0,0,0
1786004631707|1016|stream64_r2f_06|fixed|376,1378943233,16781056,50153790,49462972,569561,0,569561,0,12088,0,6044,0,0,0,47291,47291,38614720,38614720,4096,4096,0,0,6044,6044,3123317651,3123317651,3123317659,3123317659,0,0,0,0,0,0,0,0,4096,256,131072,4,15|4,0,67108864,262144,256,0,0,0,0,712,0,712,0,179,178,0,1,716,0|438,3957292715,13,0,0,46661632,0,46661632,0,142625,0,0,178,0,0,0,0,0,0,0,3787545,0,0,0,0,0
1786004631707|1016|stream64_r2f_06|rotating|376,1378943233,33554687,50257874,49565239,49687089,49565239,49687089,49565239,47570,47390,47389,47389,0,0,6057,0,1462819963,1459911926,4096,4096,0,0,47390,47390,3100563459,3100563448,3100563467,3100563456,0,0,0,0,0,0,0,0,4096,256,131072,4,15|4,0,67108864,262144,256,0,0,0,0,716,0,712,0,179,178,0,1,716,0|438,3172069639,13,46768780,0,0,0,0,0,49625913,0,178,0,2561381759,0,2561381759,0,2080,2545843955,0,26496121,0,0,0,0,0
1786004636713|1016|stream64_r2f_06|fixed|378,1378943233,16781056,56422066,55643242,640800,0,640800,0,13600,0,6800,0,0,0,53201,53201,43444800,43444800,4096,4096,0,0,6800,6800,3443549288,3443549288,3443549296,3443549296,0,0,0,0,0,0,0,0,4096,256,131072,4,15|4,0,67108864,262144,256,0,0,0,0,804,0,800,0,201,200,0,1,804,0|440,4276316103,13,0,0,52428800,0,52428800,0,160341,0,0,200,0,0,0,0,0,0,0,3834480,0,0,0,0,0
1786004636713|1016|stream64_r2f_06|rotating|378,1378943233,33554687,56516905,55737093,55875066,55737093,55875066,55737093,53494,53292,53291,53291,0,0,6811,0,1644996979,1641730038,4096,4096,0,0,53292,53292,3420358156,3420358137,3420358164,3420358145,0,0,0,0,0,0,0,0,4096,256,131072,4,15|4,0,67108864,262144,256,0,0,0,0,804,0,800,0,201,200,0,1,804,0|440,3492175392,13,52586880,0,0,0,0,0,55804547,0,200,0,2880032987,0,2880032987,0,2080,2862796232,0,29343619,0,0,0,0,0
1786004641719|1016|stream64_r2f_06|fixed|380,1378943233,16781056,62693743,61828072,711948,0,711948,0,15110,0,7555,0,0,0,59114,59114,48268456,48268456,4096,4096,0,0,7555,7555,3763800181,3763800181,3763800189,3763800189,0,0,0,0,0,0,0,0,4096,256,131072,4,15|4,0,67108864,262144,256,0,0,0,0,892,0,888,0,223,222,0,1,892,0|442,301827843,14,0,0,58195968,0,58195968,0,178152,0,0,222,0,0,0,0,0,0,0,3877814,0,0,0,0,0
1786004641719|1016|stream64_r2f_06|rotating|380,1378943233,33554687,62817409,61950301,62104044,61950301,62104044,61950301,59457,59232,59231,59231,0,0,7570,0,1828357745,1824730628,4096,4096,0,0,59232,59232,3742206917,3742206906,3742206925,3742206914,0,0,0,0,0,0,0,0,4096,256,131072,4,15|4,0,67108864,262144,256,0,0,0,0,896,0,892,0,224,223,0,1,896,0|442,3815494743,13,58466016,0,0,0,0,0,62043395,0,223,0,3201882554,0,3201882554,0,2080,3182825666,0,32320701,0,0,0,0,0
1786004646721|1016|stream64_r2f_06|fixed|382,1378943233,16781056,68965646,68013094,783192,0,783192,0,16622,0,8311,0,0,0,65026,65026,53098488,53098488,4096,4096,0,0,8311,8311,4084354603,4084354603,4084354611,4084354611,0,0,0,0,0,0,0,0,4096,256,131072,4,15|4,0,67108864,262144,256,0,0,0,0,980,0,976,0,245,244,0,1,980,0|444,622014318,14,0,0,63963136,0,63963136,0,195939,0,0,244,0,0,0,0,0,0,0,3922803,0,0,0,0,0
1786004646721|1016|stream64_r2f_06|rotating|382,1378943233,33554687,69054914,68101548,68270779,68101548,68270779,68101548,65358,65111,65110,65110,0,0,8321,0,2009840801,2005854528,4096,4096,0,0,65111,65111,4060787218,4060787223,4060787226,4060787215,0,0,0,0,0,0,0,0,4096,256,131072,4,15|4,0,67108864,262144,256,0,0,0,0,980,0,976,0,245,244,0,1,980,0|444,4132266005,13,64233184,0,0,0,0,0,68158649,0,245,0,3517212024,0,3517212024,0,2080,3496446215,0,35167110,0,0,0,0,0
1786004655226|1017|stream64_r2f_07|fixed|386,1378943233,16781056,6210507,6124073,70300,0,70300,0,1492,0,746,0,0,0,5848,5848,4766136,4766136,4096,4096,0,0,746,746,333387860,333387860,333387868,333387868,0,0,0,0,0,0,0,0,4096,256,131072,4,15|4,0,67108864,262144,256,0,0,0,0,92,0,88,0,23,22,0,1,92,0|452,1166566458,14,0,0,5767168,0,5767168,0,17763,0,0,22,0,0,0,0,0,0,0,3467319,0,0,0,0,0
1786004655226|1017|stream64_r2f_07|rotating|386,1378943233,33558272,6301153,6212977,6229721,6212977,6229721,6212977,5957,5934,5934,5934,0,0,758,0,183170952,182811824,4096,4096,0,0,5934,5934,310219838,310220171,310219846,310220179,0,0,0,0,0,0,0,0,4096,256,131072,4,15|4,0,67108864,262144,256,0,0,0,0,92,0,88,0,23,22,0,1,92,0|452,381457993,14,5909440,0,0,0,0,0,6273196,0,22,0,324851659,0,324851659,0,2080,321441144,0,6310640,0,0,0,0,0
1786004660230|1017|stream64_r2f_07|fixed|388,1378943233,16781056,12496055,12321557,141731,0,141731,0,3008,0,1504,0,0,0,11771,11771,9608984,9608984,4096,4096,0,0,1504,1504,654605659,654605659,654605667,654605667,0,0,0,0,0,0,0,0,4096,256,131072,4,15|4,0,67108864,262144,256,0,0,0,0,180,0,176,0,45,44,0,1,180,0|454,1487406451,14,0,0,11534336,0,11534336,0,35574,0,0,44,0,0,0,0,0,0,0,3509830,0,0,0,0,0
1786004660230|1017|stream64_r2f_07|rotating|388,1378943233,33554687,12587786,12412344,12445016,12412344,12445016,12412344,11904,11859,11858,11858,0,0,1515,0,366041272,365322299,4096,4096,0,0,11859,11859,631234929,631234894,631234937,631234902,0,0,0,0,0,0,0,0,4096,256,131072,4,15|4,0,67108864,262144,256,0,0,0,0,180,0,176,0,45,44,0,1,180,0|454,702006551,14,11739840,0,0,0,0,0,12463307,0,44,0,643942617,0,643942617,0,2080,638834998,0,9158808,0,0,0,0,0
1786004665230|1017|stream64_r2f_07|fixed|390,1378943233,16781056,18747727,18486573,212690,0,212690,0,4514,0,2257,0,0,0,17661,17661,14419848,14419848,4096,4096,0,0,2257,2257,973871814,973871814,973871822,973871822,0,0,0,0,0,0,0,0,4096,256,131072,4,15|4,0,67108864,262144,256,0,0,0,0,268,0,264,0,67,66,0,1,268,0|456,1807356389,14,0,0,17301504,0,17301504,0,53361,0,0,66,0,0,0,0,0,0,0,3555029,0,0,0,0,0
1786004665230|1017|stream64_r2f_07|rotating|390,1378943233,33558272,18846571,18584415,18632842,18584415,18632842,18584415,17822,17755,17755,17755,0,0,2268,0,548061776,546983960,4096,4096,0,0,17755,17755,950740186,950740551,950740202,950740559,0,0,0,0,0,0,0,0,4096,256,131072,4,15|4,0,67108864,262144,256,0,0,0,0,268,0,264,0,67,66,0,1,268,0|456,1021559433,14,17554432,0,0,0,0,0,18636198,0,66,0,962041851,0,962041851,0,2080,955233870,0,12006840,0,0,0,0,0
1786004670243|1017|stream64_r2f_07|fixed|392,1378943233,16781056,25033573,24687024,283934,0,283934,0,6026,0,3013,0,0,0,23583,23583,19249880,19249880,4096,4096,0,0,3013,3013,1294427891,1294427891,1294427899,1294427899,0,0,0,0,0,0,0,0,4096,256,131072,4,15|4,0,67108864,262144,256,0,0,0,0,356,0,352,0,89,88,0,1,356,0|458,2127798390,14,0,0,23068672,0,23068672,0,71171,0,0,88,0,0,0,0,0,0,0,3609906,0,0,0,0,0
1786004670243|1017|stream64_r2f_07|rotating|392,1378943233,33554687,25123963,24776439,24838995,24776439,24838995,24776439,23758,23669,23669,23669,0,0,3024,0,730616140,729176799,4096,4096,0,0,23669,23669,1271188928,1271189253,1271188936,1271189261,0,0,0,0,0,0,0,0,4096,256,131072,4,15|4,0,67108864,262144,256,0,0,0,0,360,0,356,0,90,89,0,1,360,0|458,1341651580,14,23370336,0,0,0,0,0,24817185,0,89,0,1280680022,0,1280680022,0,2080,1272037639,0,14984615,0,0,0,0,0
1786004675257|1017|stream64_r2f_07|fixed|394,1378943233,16781056,31322445,30888442,355268,0,355268,0,7540,0,3770,0,0,0,29506,29506,24086288,24086288,4096,4096,0,0,3770,3770,1615411171,1615411171,1615411179,1615411179,0,0,0,0,0,0,0,0,4096,256,131072,4,15|4,0,67108864,262144,256,0,0,0,0,448,0,444,0,112,111,0,1,448,0|460,2448782736,14,0,0,29097984,0,29097984,0,89005,0,0,111,0,0,0,0,0,0,0,3653656,0,0,0,0,0
1786004675257|1017|stream64_r2f_07|rotating|394,1378943233,33554687,31402988,30967333,31046684,30967333,31046684,30967333,29695,29583,29582,29582,0,0,3781,0,913140536,911325816,4096,4096,0,0,29583,29583,1591725697,1591725662,1591725673,1591725670,0,0,0,0,0,0,0,0,4096,256,131072,4,15|4,0,67108864,262144,256,0,0,0,0,448,0,444,0,112,111,0,1,448,0|460,1662609686,14,29208640,0,0,0,0,0,31019100,0,111,0,1600178552,0,1600178552,0,2080,1589842897,0,17830648,0,0,0,0,0
1786004680289|1017|stream64_r2f_07|fixed|396,1378943233,16781056,37677677,37156186,427453,0,427453,0,9072,0,4536,0,0,0,35493,35493,28980240,28980240,4096,4096,0,0,4536,4536,1940067974,1940067974,1940067982,1940067982,0,0,0,0,0,0,0,0,4096,256,131072,4,15|4,0,67108864,262144,256,0,0,0,0,536,0,532,0,134,133,0,1,536,0|462,2775233372,14,0,0,34865152,0,34865152,0,107146,0,0,133,0,0,0,0,0,0,0,3706557,0,0,0,0,0
1786004680289|1017|stream64_r2f_07|rotating|396,1378943233,33554687,37926766,37401790,37496486,37401790,37496486,37401790,35863,35729,35727,35727,0,0,4566,0,1102845640,1100656688,4096,4096,0,0,35728,35728,1924739159,1924739164,1924739119,1924739124,0,0,0,0,0,0,0,0,4096,256,131072,4,15|4,0,67108864,262144,256,0,0,0,0,540,0,536,0,135,134,0,1,540,0|462,1996077197,14,35269568,0,0,0,0,0,37461001,0,134,0,1932130831,0,1932130831,0,2080,1920011839,0,20809965,0,0,0,0,0
1786004685290|1017|stream64_r2f_07|fixed|398,1378943233,16781056,43905406,43298443,498129,0,498129,0,10572,0,5286,0,0,0,41360,41360,33771952,33771952,4096,4096,0,0,5286,5286,2258041732,2258041732,2258041740,2258041740,0,0,0,0,0,0,0,0,4096,256,131072,4,15|4,0,67108864,262144,256,0,0,0,0,624,0,620,0,156,155,0,1,624,0|464,3093058144,14,0,0,40632320,0,40632320,0,124791,0,0,155,0,0,0,0,0,0,0,3758124,0,0,0,0,0
1786004685290|1017|stream64_r2f_07|rotating|398,1378943233,33554687,44085776,43475982,43585574,43475982,43585574,43475982,41687,41531,41529,41529,0,0,5308,0,1281941566,1279394312,4096,4096,0,0,41530,41530,2239167079,2239167116,2239167087,2239167084,0,0,0,0,0,0,0,0,4096,256,131072,4,15|4,0,67108864,262144,256,0,0,0,0,628,0,624,0,157,156,0,1,628,0|464,2313364580,14,41044640,0,0,0,0,0,43591146,0,156,0,2247974446,0,2247974446,0,2080,2234150157,0,23654447,0,0,0,0,0
1786004690293|1017|stream64_r2f_07|fixed|400,1378943233,16781056,50178499,49483925,569280,0,569280,0,12082,0,6041,0,0,0,47268,47268,38595584,38595584,4096,4096,0,0,6041,6041,2578165155,2578165155,2578165163,2578165163,0,0,0,0,0,0,0,0,4096,256,131072,4,15|4,0,67108864,262144,256,0,0,0,0,712,0,708,0,178,177,0,1,712,0|466,3410854362,14,0,0,46399488,0,46399488,0,142460,0,0,177,0,0,0,0,0,0,0,3796564,0,0,0,0,0
1786004690293|1017|stream64_r2f_07|rotating|400,1378943233,33554687,50267958,49571813,49697646,49571813,49697646,49571813,47533,47355,47353,47353,0,0,6052,0,1461698720,1458793050,4096,4096,0,0,47354,47354,2554753274,2554753279,2554753234,2554753287,0,0,0,0,0,0,0,0,4096,256,131072,4,15|4,0,67108864,262144,256,0,0,0,0,716,0,712,0,179,178,0,1,716,0|466,2625995897,14,46724864,0,0,0,0,0,49629870,0,178,0,2559185707,0,2559185707,0,2080,2543634557,0,26500129,0,0,0,0,0
1786004695293|1017|stream64_r2f_07|fixed|402,1378943233,16781056,56437144,55656176,640330,0,640330,0,13590,0,6795,0,0,0,53170,53170,43412832,43412832,4096,4096,0,0,6795,6795,2897859011,2897859011,2897859019,2897859019,0,0,0,0,0,0,0,0,4096,256,131072,4,15|4,0,67108864,262144,256,0,0,0,0,804,0,800,0,201,200,0,1,804,0|468,3731932548,14,0,0,52428800,0,52428800,0,160318,0,0,200,0,0,0,0,0,0,0,3844315,0,0,0,0,0
1786004695293|1017|stream64_r2f_07|rotating|402,1378943233,33554687,56576871,55793630,55934938,55793630,55934938,55793630,53503,53304,53301,53301,0,0,6812,0,1645319584,1642055731,4096,4096,0,0,53302,53302,2877050899,2877050936,2877050915,2877050944,0,0,0,0,0,0,0,0,4096,256,131072,4,15|4,0,67108864,262144,256,0,0,0,0,804,0,800,0,201,200,0,1,804,0|468,2948541356,14,52594784,0,0,0,0,0,55855641,0,200,0,2880263686,0,2880263686,0,2080,2863026133,0,29346081,0,0,0,0,0
1786004700300|1017|stream64_r2f_07|fixed|404,1378943233,16781056,62712064,61842601,711666,0,711666,0,15104,0,7552,0,0,0,59085,59085,48249272,48249272,4096,4096,0,0,7552,7552,3218645534,3218645534,3218645542,3218645542,0,0,0,0,0,0,0,0,4096,256,131072,4,15|4,0,67108864,262144,256,0,0,0,0,892,0,888,0,223,222,0,1,892,0|470,4050958312,14,0,0,58195968,0,58195968,0,178034,0,0,222,0,0,0,0,0,0,0,3879504,0,0,0,0,0
1786004700300|1017|stream64_r2f_07|rotating|404,1378943233,33554687,62774958,61904825,62062631,61904825,62062631,61904825,59368,59147,59144,59144,0,0,7559,0,1825684552,1822059593,4096,4096,0,0,59145,59145,3193686934,3193686907,3193686918,3193686915,0,0,0,0,0,0,0,0,4096,256,131072,4,15|4,0,67108864,262144,256,0,0,0,0,892,0,888,0,223,222,0,1,892,0|470,3265039661,14,58354048,0,0,0,0,0,61964525,0,222,0,3195322175,0,3195322175,0,2080,3176373119,0,32193375,0,0,0,0,0
1786004705308|1017|stream64_r2f_07|fixed|406,1378943233,16781056,68988453,68032625,782909,0,782909,0,16616,0,8308,0,0,0,65002,65002,53079344,53079344,4096,4096,0,0,8308,8308,3539199486,3539199486,3539199494,3539199494,0,0,0,0,0,0,0,0,4096,256,131072,4,15|4,0,67108864,262144,256,0,0,0,0,980,0,976,0,245,244,0,1,980,0|472,77023056,15,0,0,63963136,0,63963136,0,195868,0,0,244,0,0,0,0,0,0,0,3927271,0,0,0,0,0
1786004705308|1017|stream64_r2f_07|rotating|406,1378943233,33554687,69082753,68125900,68298805,68125900,68298805,68125900,65336,65093,65090,65090,0,0,8319,0,2009226373,2005242888,4096,4096,0,0,65091,65091,3515853317,3515853322,3515853325,3515853330,0,0,0,0,0,0,0,0,4096,256,131072,4,15|4,0,67108864,262144,256,0,0,0,0,980,0,976,0,245,244,0,1,980,0|472,3587487377,14,64216064,0,0,0,0,0,68190686,0,244,0,3516304387,0,3516304387,0,2080,3495666655,0,35039903,0,0,0,0,0
1786004713876|1018|stream64_r2f_08|fixed|410,1378943233,16781056,6234866,6147027,70677,0,70677,0,1500,0,750,0,0,0,5871,5871,4791688,4791688,4096,4096,0,0,750,750,4087324306,4087324306,4087324314,4087324314,0,0,0,0,0,0,0,0,4096,256,131072,4,15|4,0,67108864,262144,256,0,0,0,0,92,0,88,0,23,22,0,1,92,0|480,627348228,15,0,0,5767168,0,5767168,0,17928,0,0,22,0,0,0,0,0,0,0,3473466,0,0,0,0,0
1786004713876|1018|stream64_r2f_08|rotating|410,1378943233,33558272,6368303,6278979,6296116,6278979,6296116,6278979,6020,5997,5997,5997,0,0,766,0,185114696,184756936,4096,4096,0,0,5997,5997,4066020124,4066020457,4066020132,4066020465,0,0,0,0,0,0,0,0,4096,256,131072,4,15|4,0,67108864,262144,256,0,0,0,0,92,0,88,0,23,22,0,1,92,0|480,4137095648,14,5964768,0,0,0,0,0,6336108,0,22,0,328057936,0,328057936,0,2080,324660979,0,6308978,0,0,0,0,0
1786004718887|1018|stream64_r2f_08|fixed|412,1378943233,16781056,12518399,12344245,142015,0,142015,0,3014,0,1507,0,0,0,11793,11793,9628168,9628168,4096,4096,0,0,1507,1507,113338918,113338918,113338926,113338926,0,0,0,0,0,0,0,0,4096,256,131072,4,15|4,0,67108864,262144,256,0,0,0,0,180,0,176,0,45,44,0,1,180,0|482,947027077,15,0,0,11534336,0,11534336,0,35692,0,0,44,0,0,0,0,0,0,0,3516066,0,0,0,0,0
1786004718887|1018|stream64_r2f_08|rotating|412,1378943233,33554687,12617632,12442607,12474579,12442607,12474579,12442607,11932,11887,11886,11886,0,0,1518,0,366915514,366198813,4096,4096,0,0,11887,11887,90197745,90197750,90197753,90197758,0,0,0,0,0,0,0,0,4096,256,131072,4,15|4,0,67108864,262144,256,0,0,0,0,180,0,176,0,45,44,0,1,180,0|482,161817141,15,11779360,0,0,0,0,0,12509502,0,44,0,646293077,0,646293077,0,2048,641199105,0,9153663,0,0,0,0,0
1786004723900|1018|stream64_r2f_08|fixed|414,1378943233,16781056,18798971,18537943,213258,0,213258,0,4526,0,2263,0,0,0,17710,17710,14458200,14458200,4096,4096,0,0,2263,2263,433894272,433894272,433894280,433894280,0,0,0,0,0,0,0,0,4096,256,131072,4,15|4,0,67108864,262144,256,0,0,0,0,268,0,264,0,67,66,0,1,268,0|484,1267946041,15,0,0,17301504,0,17301504,0,53526,0,0,66,0,0,0,0,0,0,0,3558426,0,0,0,0,0
1786004723900|1018|stream64_r2f_08|rotating|414,1378943233,33554687,18910123,18647748,18695643,18647748,18695643,18647748,17883,17816,17815,17815,0,0,2276,0,549916426,548841560,4096,4096,0,0,17816,17816,411431808,411431821,411431824,411431797,0,0,0,0,0,0,0,0,4096,256,131072,4,15|4,0,67108864,262144,256,0,0,0,0,272,0,268,0,68,67,0,1,272,0|484,483259639,15,17626880,0,0,0,0,0,18716209,0,67,0,966273695,0,966273695,0,2080,959352828,0,12130719,0,0,0,0,0
1786004728904|1018|stream64_r2f_08|fixed|416,1378943233,16781056,25073206,24726634,284405,0,284405,0,6036,0,3018,0,0,0,23621,23621,19281784,19281784,4096,4096,0,0,3018,3018,754018150,754018150,754018158,754018158,0,0,0,0,0,0,0,0,4096,256,131072,4,15|4,0,67108864,262144,256,0,0,0,0,360,0,356,0,90,89,0,1,360,0|486,1588978778,15,0,0,23330816,0,23330816,0,71383,0,0,89,0,0,0,0,0,0,0,3602887,0,0,0,0,0
1786004728904|1018|stream64_r2f_08|rotating|416,1378943233,33556599,25217544,24868534,24931444,24868534,24931444,24868534,23848,23758,23757,23757,0,0,3036,0,733330610,731881192,4096,4096,0,0,23758,23758,733502692,733502713,733502700,733502689,0,0,0,0,0,0,0,0,4096,256,131072,4,15|4,0,67108864,262144,256,0,0,0,0,360,0,356,0,90,89,0,1,360,0|486,804458257,15,23465184,0,0,0,0,0,24921956,0,89,0,1286012737,0,1286012737,0,2080,1277397873,0,14977477,0,0,0,0,0
1786004733914|1018|stream64_r2f_08|fixed|418,1378943233,16781056,31362380,30927960,355833,0,355833,0,7552,0,3776,0,0,0,29543,29543,24124624,24124624,4096,4096,0,0,3776,3776,1075234010,1075234010,1075234018,1075234018,0,0,0,0,0,0,0,0,4096,256,131072,4,15|4,0,67108864,262144,256,0,0,0,0,448,0,444,0,112,111,0,1,448,0|488,1909231353,15,0,0,29097984,0,29097984,0,89170,0,0,111,0,0,0,0,0,0,0,3644955,0,0,0,0,0
1786004733914|1018|stream64_r2f_08|rotating|418,1378943233,33554687,31464768,31029176,31107803,31029176,31107803,31029176,29754,29641,29640,29640,0,0,3788,0,914937651,913128534,4096,4096,0,0,29641,29641,1052297750,1052297731,1052297758,1052297739,0,0,0,0,0,0,0,0,4096,256,131072,4,15|4,0,67108864,262144,256,0,0,0,0,448,0,444,0,112,111,0,1,448,0|488,1125030018,15,29295584,0,0,0,0,0,31116752,0,111,0,1605126898,0,1605126898,0,2080,1594816774,0,17823801,0,0,0,0,0
1786004738936|1018|stream64_r2f_08|fixed|420,1378943233,16781056,37653845,37132510,427171,0,427171,0,9066,0,4533,0,0,0,35470,35470,28961104,28961104,4096,4096,0,0,4533,4533,1396218363,1396218363,1396218371,1396218371,0,0,0,0,0,0,0,0,4096,256,131072,4,15|4,0,67108864,262144,256,0,0,0,0,536,0,532,0,134,133,0,1,536,0|490,2229297438,15,0,0,34865152,0,34865152,0,106957,0,0,133,0,0,0,0,0,0,0,3691945,0,0,0,0,0
1786004738936|1018|stream64_r2f_08|rotating|420,1378943233,33558272,37742453,37220143,37314244,37220143,37314244,37220143,35689,35554,35554,35554,0,0,4544,0,1097480344,1095311128,4096,4096,0,0,35554,35554,1372712104,1372712429,1372712112,1372712437,0,0,0,0,0,0,0,0,4096,256,131072,4,15|4,0,67108864,262144,256,0,0,0,0,536,0,532,0,134,133,0,1,536,0|490,1444297346,15,35102272,0,0,0,0,0,37284317,0,133,0,1922942554,0,1922942554,0,2080,1910931273,0,20670931,0,0,0,0,0
1786004743947|1018|stream64_r2f_08|fixed|422,1378943233,16781056,43936460,43328826,498414,0,498414,0,10578,0,5289,0,0,0,41389,41389,33791136,33791136,4096,4096,0,0,5289,5289,1716771987,1716771987,1716771995,1716771995,0,0,0,0,0,0,0,0,4096,256,131072,4,15|4,0,67108864,262144,256,0,0,0,0,624,0,620,0,156,155,0,1,624,0|492,2552701215,15,0,0,40632320,0,40632320,0,124932,0,0,155,0,0,0,0,0,0,0,3734976,0,0,0,0,0
1786004743947|1018|stream64_r2f_08|rotating|422,1378943233,33554687,44090697,43480591,43590495,43480591,43590495,43480591,41693,41536,41534,41534,0,0,5308,0,1282079470,1279534241,4096,4096,0,0,41535,41535,1696857296,1696857277,1696857304,1696857293,0,0,0,0,0,0,0,0,4096,256,131072,4,15|4,0,67108864,262144,256,0,0,0,0,628,0,624,0,157,156,0,1,628,0|492,1767799895,15,40989312,0,0,0,0,0,43532450,0,156,0,2244973343,0,2244973343,0,2080,2231145348,0,23646291,0,0,0,0,0
1786004748956|1018|stream64_r2f_08|fixed|424,1378943233,16781056,50222148,49526822,569748,0,569748,0,12092,0,6046,0,0,0,47309,47309,38627504,38627504,4096,4096,0,0,6046,6046,2037756135,2037756135,2037756143,2037756143,0,0,0,0,0,0,0,0,4096,256,131072,4,15|5,0,67108864,262144,256,0,0,0,0,716,0,712,0,179,178,0,1,716,0|494,2872321881,15,0,0,46661632,0,46661632,0,142696,0,0,178,0,0,0,0,0,0,0,3785242,0,0,0,0,0
1786004748956|1018|stream64_r2f_08|rotating|424,1378943233,33558272,50351333,49653806,49780077,49653806,49780077,49653806,47611,47432,47431,47431,0,0,6062,0,1464099960,1461195400,4096,4096,0,0,47431,47431,2016362060,2016362393,2016362068,2016362401,0,0,0,0,0,0,0,0,4096,256,131072,4,15|4,0,67108864,262144,256,0,0,0,0,716,0,712,0,179,178,0,1,716,0|494,2087209507,15,46796000,0,0,0,0,0,49704030,0,178,0,2562931283,0,2562931283,0,2080,2547402385,0,26493167,0,0,0,0,0
1786004753960|1018|stream64_r2f_08|fixed|426,1378943233,16781056,56490385,55707271,640895,0,640895,0,13602,0,6801,0,0,0,53213,53213,43451176,43451176,4096,4096,0,0,6801,6801,2357683232,2357683232,2357683240,2357683240,0,0,0,0,0,0,0,0,4096,256,131072,4,15|4,0,67108864,262144,256,0,0,0,0,804,0,800,0,201,200,0,1,804,0|496,3191911327,15,0,0,52428800,0,52428800,0,160459,0,0,200,0,0,0,0,0,0,0,3826146,0,0,0,0,0
1786004753960|1018|stream64_r2f_08|rotating|426,1378943233,33554687,56612184,55827672,55969875,55827672,55969875,55827672,53531,53330,53328,53328,0,0,6816,0,1646141504,1642875968,4096,4096,0,0,53329,53329,2335930842,2335930831,2335930794,2335930839,0,0,0,0,0,0,0,0,4096,256,131072,4,15|4,0,67108864,262144,256,0,0,0,0,804,0,800,0,201,200,0,1,804,0|496,2406979085,15,52610592,0,0,0,0,0,55881728,0,200,0,2881247213,0,2881247213,0,2080,2864018533,0,29340619,0,0,0,0,0
1786004758964|1018|stream64_r2f_08|fixed|428,1378943233,16781056,62768946,61897755,712138,0,712138,0,15114,0,7557,0,0,0,59127,59127,48281256,48281256,4096,4096,0,0,7557,7557,2678239989,2678239989,2678239997,2678239997,0,0,0,0,0,0,0,0,4096,256,131072,4,15|4,0,67108864,262144,256,0,0,0,0,892,0,888,0,223,222,0,1,892,0|498,3511711770,15,0,0,58195968,0,58195968,0,178223,0,0,222,0,0,0,0,0,0,0,3876736,0,0,0,0,0
1786004758964|1018|stream64_r2f_08|rotating|428,1378943233,33554687,62861667,61989400,62148491,61989400,62148491,61989400,59439,59216,59214,59214,0,0,7568,0,1827824466,1824201293,4096,4096,0,0,59215,59215,2654868742,2654868739,2654868750,2654868747,0,0,0,0,0,0,0,0,4096,256,131072,4,15|4,0,67108864,262144,256,0,0,0,0,892,0,888,0,223,222,0,1,892,0|498,2727048885,15,58433088,0,0,0,0,0,62065988,0,222,0,3199861389,0,3199861389,0,2080,3180932797,0,32189898,0,0,0,0,0
1786004763964|1018|stream64_r2f_08|fixed|430,1378943233,16781056,69039289,68081305,783285,0,783285,0,16624,0,8312,0,0,0,65033,65033,53104888,53104888,4096,4096,0,0,8312,8312,2998365306,2998365306,2998365314,2998365314,0,0,0,0,0,0,0,0,4096,256,131072,4,15|4,0,67108864,262144,256,0,0,0,0,980,0,976,0,245,244,0,1,980,0|500,3831220866,15,0,0,63963136,0,63963136,0,195963,0,0,244,0,0,0,0,0,0,0,3919254,0,0,0,0,0
1786004763964|1018|stream64_r2f_08|rotating|430,1378943233,33558272,69150575,68191437,68366065,68191437,68366065,68191437,65384,65140,65138,65138,0,0,8325,0,2010680336,2006697232,4096,4096,0,0,65138,65138,2975826470,2975826795,2975826478,2975826803,0,0,0,0,0,0,0,0,4096,256,131072,4,15|4,0,67108864,262144,256,0,0,0,0,984,0,980,0,246,245,0,1,984,0|500,3047778119,15,64264800,0,0,0,0,0,68260076,0,245,0,3519132695,0,3519132695,0,2080,3498373964,0,35166804,0,0,0,0,0
1786004772329|1019|stream64_r2f_09|fixed|434,1378943233,16781056,6214846,6128345,70488,0,70488,0,1496,0,748,0,0,0,5853,5853,4778928,4778928,4096,4096,0,0,748,748,3533450522,3533450522,3533450530,3533450530,0,0,0,0,0,0,0,0,4096,256,131072,4,15|4,0,67108864,262144,256,0,0,0,0,92,0,88,0,23,22,0,1,92,0|508,71196030,16,0,0,5767168,0,5767168,0,17763,0,0,22,0,0,0,0,0,0,0,3472828,0,0,0,0,0
1786004772329|1019|stream64_r2f_09|rotating|434,1378943233,33554687,6290154,6202828,6218816,6202828,6218816,6202828,5948,5925,5924,5924,0,0,757,0,182864707,182504230,4096,4096,0,0,5925,5925,3509231146,3509231135,3509231162,3509231143,0,0,0,0,0,0,0,0,4096,256,131072,4,15|4,0,67108864,262144,256,0,0,0,0,92,0,88,0,23,22,0,1,92,0|508,3580347029,15,5893632,0,0,0,0,0,6260655,0,22,0,324213751,0,324213751,0,2080,320802168,0,6308321,0,0,0,0,0
1786004777339|1019|stream64_r2f_09|fixed|436,1378943233,16781056,12494463,12321658,141731,0,141731,0,3008,0,1504,0,0,0,11771,11771,9608984,9608984,4096,4096,0,0,1504,1504,3854130962,3854130962,3854130970,3854130970,0,0,0,0,0,0,0,0,4096,256,131072,4,15|4,0,67108864,262144,256,0,0,0,0,180,0,176,0,45,44,0,1,180,0|510,392888795,16,0,0,11534336,0,11534336,0,35621,0,0,44,0,0,0,0,0,0,0,3521596,0,0,0,0,0
1786004777339|1019|stream64_r2f_09|rotating|436,1378943233,33558272,12627012,12452891,12483771,12452891,12483771,12452891,11941,11896,11896,11896,0,0,1520,0,367206800,366488168,4096,4096,0,0,11896,11896,3832774219,3832774576,3832774227,3832774584,0,0,0,0,0,0,0,0,4096,256,131072,4,15|4,0,67108864,262144,256,0,0,0,0,184,0,180,0,46,45,0,1,184,0|510,3905479859,15,11812288,0,0,0,0,0,12536967,0,45,0,647866917,0,647866917,0,2080,642643939,0,9285150,0,0,0,0,0
1786004782342|1019|stream64_r2f_09|fixed|438,1378943233,16781056,18771996,18512412,212973,0,212973,0,4520,0,2260,0,0,0,17685,17685,14439016,14439016,4096,4096,0,0,2260,2260,4174686602,4174686602,4174686610,4174686610,0,0,0,0,0,0,0,0,4096,256,131072,4,15|4,0,67108864,262144,256,0,0,0,0,268,0,264,0,67,66,0,1,268,0|512,712095460,16,0,0,17301504,0,17301504,0,53361,0,0,66,0,0,0,0,0,0,0,3557074,0,0,0,0,0
1786004782342|1019|stream64_r2f_09|rotating|438,1378943233,33554687,18847541,18587099,18633718,18587099,18633718,18587099,17824,17758,17756,17756,0,0,2269,0,548112067,547033342,4096,4096,0,0,17757,17757,4150363301,4150363290,4150363309,4150363298,0,0,0,0,0,0,0,0,4096,256,131072,4,15|4,0,67108864,262144,256,0,0,0,0,268,0,264,0,67,66,0,1,268,0|512,4221608997,15,17562336,0,0,0,0,0,18645878,0,66,0,962558543,0,962558543,0,2080,955755486,0,12003620,0,0,0,0,0
1786004787362|1019|stream64_r2f_09|fixed|440,1378943233,16781056,25060947,24715729,284311,0,284311,0,6034,0,3017,0,0,0,23610,23610,19275400,19275400,4096,4096,0,0,3017,3017,200702259,200702259,200702267,200702267,0,0,0,0,0,0,0,0,4096,256,131072,4,15|4,0,67108864,262144,256,0,0,0,0,356,0,352,0,89,88,0,1,356,0|514,1033470901,16,0,0,23068672,0,23068672,0,71218,0,0,88,0,0,0,0,0,0,0,3603837,0,0,0,0,0
1786004787362|1019|stream64_r2f_09|rotating|440,1378943233,33558272,25152971,24805861,24867626,24805861,24867626,24805861,23787,23699,23697,23697,0,0,3028,0,731480744,730028584,4096,4096,0,0,23697,23697,177374967,177375308,177374975,177375316,0,0,0,0,0,0,0,0,4096,256,131072,4,15|4,0,67108864,262144,256,0,0,0,0,360,0,356,0,90,89,0,1,360,0|514,248725175,16,23417760,0,0,0,0,0,24865795,0,89,0,1283178161,0,1283178161,0,2071,1274552046,0,14978536,0,0,0,0,0
1786004792364|1019|stream64_r2f_09|fixed|442,1378943233,16781056,31335347,30902613,355456,0,355456,0,7544,0,3772,0,0,0,29519,29519,24099072,24099072,4096,4096,0,0,3772,3772,520824159,520824159,520824167,520824167,0,0,0,0,0,0,0,0,4096,256,131072,4,15|4,0,67108864,262144,256,0,0,0,0,448,0,444,0,112,111,0,1,448,0|516,1357002929,16,0,0,29097984,0,29097984,0,89217,0,0,111,0,0,0,0,0,0,0,3652871,0,0,0,0,0
1786004792364|1019|stream64_r2f_09|rotating|442,1378943233,33554687,31491354,31056262,31134106,31056262,31134106,31056262,29778,29668,29666,29666,0,0,3791,0,915730891,913919990,4096,4096,0,0,29666,29666,500773894,500774219,500773902,500774227,0,0,0,0,0,0,0,0,4096,256,131072,4,15|4,0,67108864,262144,256,0,0,0,0,448,0,444,0,112,111,0,1,448,0|516,571419570,16,29287680,0,0,0,0,0,31101839,0,111,0,1604405076,0,1604405076,0,2080,1594094328,0,17822718,0,0,0,0,0
1786004797365|1019|stream64_r2f_09|fixed|444,1378943233,16781056,37603375,37083273,426605,0,426605,0,9054,0,4527,0,0,0,35423,35423,28922736,28922736,4096,4096,0,0,4527,4527,840750081,840750081,840750089,840750089,0,0,0,0,0,0,0,0,4096,256,131072,4,15|4,0,67108864,262144,256,0,0,0,0,536,0,532,0,134,133,0,1,536,0|518,1675161531,16,0,0,34865152,0,34865152,0,106887,0,0,133,0,0,0,0,0,0,0,3686952,0,0,0,0,0
1786004797365|1019|stream64_r2f_09|rotating|444,1378943233,33554687,37724176,37202746,37296250,37202746,37296250,37202746,35673,35540,35537,35537,0,0,4541,0,1096963209,1094794020,4096,4096,0,0,35538,35538,818935601,818935622,818935617,818935630,0,0,0,0,0,0,0,0,4096,256,131072,4,15|4,0,67108864,262144,256,0,0,0,0,536,0,532,0,134,133,0,1,536,0|518,889486613,16,35070656,0,0,0,0,0,37246030,0,133,0,1921026375,0,1921026375,0,2080,1909010255,0,20668972,0,0,0,0,0
1786004802384|1019|stream64_r2f_09|fixed|446,1378943233,16781056,43897098,43290154,498036,0,498036,0,10570,0,5285,0,0,0,41352,41352,33765552,33765552,4096,4096,0,0,5285,5285,1162165813,1162165813,1162165821,1162165821,0,0,0,0,0,0,0,0,4096,256,131072,4,15|4,0,67108864,262144,256,0,0,0,0,624,0,620,0,156,155,0,1,624,0|520,1995496869,16,0,0,40632320,0,40632320,0,124698,0,0,155,0,0,0,0,0,0,0,3738246,0,0,0,0,0
1786004802384|1019|stream64_r2f_09|rotating|446,1378943233,33554687,44007474,43399242,43508214,43399242,43508214,43399242,41613,41459,41456,41456,0,0,5298,0,1279665591,1277135954,4096,4096,0,0,41456,41456,1139627741,1139628074,1139627749,1139628082,0,0,0,0,0,0,0,0,4096,256,131072,4,15|4,0,67108864,262144,256,0,0,0,0,628,0,624,0,157,156,0,1,628,0|520,1212115187,16,40933984,0,0,0,0,0,43477150,0,156,0,2242189117,0,2242189117,0,2080,2228348580,0,23646944,0,0,0,0,0
1786004807395|1019|stream64_r2f_09|fixed|448,1378943233,16781056,50180852,49486316,569280,0,569280,0,12082,0,6041,0,0,0,47270,47270,38595584,38595584,4096,4096,0,0,6041,6041,1482720436,1482720436,1482720444,1482720444,0,0,0,0,0,0,0,0,4096,256,131072,4,15|4,0,67108864,262144,256,0,0,0,0,712,0,708,0,178,177,0,1,712,0|522,2316908328,16,0,0,46399488,0,46399488,0,142554,0,0,177,0,0,0,0,0,0,0,3784007,0,0,0,0,0
1786004807395|1019|stream64_r2f_09|rotating|448,1378943233,33558272,50305344,49608912,49734654,49608912,49734654,49608912,47569,47391,47388,47388,0,0,6056,0,1462775592,1459870248,4096,4096,0,0,47388,47388,1461166293,1461166642,1461166301,1461166650,0,0,0,0,0,0,0,0,4096,256,131072,4,15|4,0,67108864,262144,256,0,0,0,0,716,0,712,0,179,178,0,1,716,0|522,1532280214,16,46756480,0,0,0,0,0,49663624,0,178,0,2560898520,0,2560898520,0,2080,2545360240,0,26494054,0,0,0,0,0
1786004812400|1019|stream64_r2f_09|fixed|450,1378943233,16781056,56459090,55676673,640517,0,640517,0,13594,0,6797,0,0,0,53183,53183,43425616,43425616,4096,4096,0,0,6797,6797,1803277088,1803277088,1803277096,1803277096,0,0,0,0,0,0,0,0,4096,256,131072,4,15|4,0,67108864,262144,256,0,0,0,0,804,0,800,0,201,200,0,1,804,0|524,2637470971,16,0,0,52428800,0,52428800,0,160365,0,0,200,0,0,0,0,0,0,0,3824473,0,0,0,0,0
1786004812400|1019|stream64_r2f_09|rotating|450,1378943233,33554687,56562318,55778093,55920574,55778093,55920574,55778093,53485,53285,53281,53281,0,0,6810,0,1644684125,1641420352,4096,4096,0,0,53282,53282,1780511556,1780511585,1780511564,1780511593,0,0,0,0,0,0,0,0,4096,256,131072,4,15|4,0,67108864,262144,256,0,0,0,0,804,0,800,0,201,200,0,1,804,0|524,1850767957,16,52555264,0,0,0,0,0,55816353,0,200,0,2877936567,0,2877936567,0,2080,2860693222,0,29343395,0,0,0,0,0
1786004817406|1019|stream64_r2f_09|fixed|452,1378943233,16781056,62734700,61864143,711761,0,711761,0,15106,0,7553,0,0,0,59094,59094,48255672,48255672,4096,4096,0,0,7553,7553,2123635273,2123635273,2123635281,2123635281,0,0,0,0,0,0,0,0,4096,256,131072,4,15|4,0,67108864,262144,256,0,0,0,0,892,0,888,0,223,222,0,1,892,0|526,2956593328,16,0,0,58195968,0,58195968,0,178105,0,0,222,0,0,0,0,0,0,0,3862080,0,0,0,0,0
1786004817406|1019|stream64_r2f_09|rotating|452,1378943233,33558272,62829682,61958207,62116885,61958207,62116885,61958207,59409,59187,59184,59184,0,0,7564,0,1826894568,1823269760,4096,4096,0,0,59184,59184,2100345381,2100345722,2100345389,2100345730,0,0,0,0,0,0,0,0,4096,256,131072,4,15|4,0,67108864,262144,256,0,0,0,0,892,0,888,0,223,222,0,1,892,0|526,2171429612,16,58385664,0,0,0,0,0,62012430,0,222,0,3197140622,0,3197140622,0,2080,3178199741,0,32191995,0,0,0,0,0
1786004822429|1019|stream64_r2f_09|fixed|454,1378943233,16781056,69032782,68075309,783192,0,783192,0,16622,0,8311,0,0,0,65027,65027,53098488,53098488,4096,4096,0,0,8311,8311,2445050516,2445050516,2445050524,2445050524,0,0,0,0,0,0,0,0,4096,256,131072,4,15|4,0,67108864,262144,256,0,0,0,0,980,0,976,0,245,244,0,1,980,0|528,3279088011,16,0,0,63963136,0,63963136,0,196010,0,0,244,0,0,0,0,0,0,0,3899732,0,0,0,0,0
1786004822429|1019|stream64_r2f_09|rotating|454,1378943233,33558272,69137035,68178421,68352713,68178421,68352713,68178421,65373,65129,65126,65126,0,0,8323,0,2010311976,2006327992,4096,4096,0,0,65126,65126,2422297929,2422298278,2422297937,2422298286,0,0,0,0,0,0,0,0,4096,256,131072,4,15|4,0,67108864,262144,256,0,0,0,0,984,0,980,0,246,245,0,1,984,0|528,2493215045,16,64233184,0,0,0,0,0,68225575,0,245,0,3517464175,0,3517464175,0,2080,3496695448,0,35170002,0,0,0,0,0
1786004830849|1020|stream64_r2f_10|fixed|458,1378943233,16781056,6208160,6121687,70488,0,70488,0,1496,0,748,0,0,0,5852,5852,4778928,4778928,4096,4096,0,0,748,748,2983994010,2983994010,2983994018,2983994018,0,0,0,0,0,0,0,0,4096,256,131072,4,15|4,0,67108864,262144,256,0,0,0,0,92,0,88,0,23,22,0,1,92,0|536,3817796391,16,0,0,5767168,0,5767168,0,17810,0,0,22,0,0,0,0,0,0,0,3464941,0,0,0,0,0
1786004830849|1020|stream64_r2f_10|rotating|458,1378943233,33554687,6330155,6242287,6258346,6242287,6258346,6242287,5992,5969,5967,5967,0,0,762,0,184205490,183843253,4096,4096,0,0,5968,5968,2962103883,2962103888,2962103899,2962103896,0,0,0,0,0,0,0,0,4096,256,131072,4,15|4,0,67108864,262144,256,0,0,0,0,92,0,88,0,23,22,0,1,92,0|536,3033512927,16,5948960,0,0,0,0,0,6305660,0,22,0,326823637,0,326823637,0,2080,323420981,0,6311254,0,0,0,0,0
1786004835855|1020|stream64_r2f_10|fixed|460,1378943233,16781056,12476039,12302377,141636,0,141636,0,3006,0,1503,0,0,0,11764,11764,9602584,9602584,4096,4096,0,0,1503,1503,3304242233,3304242233,3304242241,3304242241,0,0,0,0,0,0,0,0,4096,256,131072,4,15|4,0,67108864,262144,256,0,0,0,0,180,0,176,0,45,44,0,1,180,0|538,4137088907,16,0,0,11534336,0,11534336,0,35550,0,0,44,0,0,0,0,0,0,0,3507853,0,0,0,0,0
1786004835855|1020|stream64_r2f_10|rotating|460,1378943233,33554687,12569195,12394662,12426520,12394662,12426520,12394662,11900,11854,11852,11852,0,0,1514,0,365860434,365139325,4096,4096,0,0,11853,11853,3280985662,3280985651,3280985678,3280985659,0,0,0,0,0,0,0,0,4096,256,131072,4,15|4,0,67108864,262144,256,0,0,0,0,180,0,176,0,45,44,0,1,180,0|538,3351863596,16,11731936,0,0,0,0,0,12447133,0,44,0,643728562,0,643728562,0,2080,638622652,0,9155390,0,0,0,0,0
1786004840865|1020|stream64_r2f_10|fixed|462,1378943233,16781056,18754942,18494584,212973,0,212973,0,4520,0,2260,0,0,0,17685,17685,14439016,14439016,4096,4096,0,0,2260,2260,3625223400,3625223400,3625223408,3625223408,0,0,0,0,0,0,0,0,4096,256,131072,4,15|4,0,67108864,262144,256,0,0,0,0,268,0,264,0,67,66,0,1,268,0|540,161773452,17,0,0,17301504,0,17301504,0,53314,0,0,66,0,0,0,0,0,0,0,3551782,0,0,0,0,0
1786004840865|1020|stream64_r2f_10|rotating|462,1378943233,33558272,18806954,18546117,18593413,18546117,18593413,18546117,17804,17737,17735,17735,0,0,2266,0,547446472,546365944,4096,4096,0,0,17735,17735,3599731337,3599731686,3599731345,3599731694,0,0,0,0,0,0,0,0,4096,256,131072,4,15|4,0,67108864,262144,256,0,0,0,0,268,0,264,0,67,66,0,1,268,0|540,3671332657,16,17546528,0,0,0,0,0,18612278,0,66,0,961743975,0,961743975,0,2080,954941801,0,11999324,0,0,0,0,0
1786004845888|1020|stream64_r2f_10|fixed|464,1378943233,16781056,25045105,24698919,284405,0,284405,0,6036,0,3018,0,0,0,23617,23617,19281784,19281784,4096,4096,0,0,3018,3018,3946638097,3946638097,3946638105,3946638105,0,0,0,0,0,0,0,0,4096,256,131072,4,15|4,0,67108864,262144,256,0,0,0,0,356,0,352,0,89,88,0,1,356,0|542,484271939,17,0,0,23068672,0,23068672,0,71242,0,0,88,0,0,0,0,0,0,0,3597931,0,0,0,0,0
1786004845888|1020|stream64_r2f_10|rotating|464,1378943233,33558272,25115767,24767954,24830516,24767954,24830516,24767954,23776,23686,23684,23684,0,0,3027,0,731080144,729624472,4096,4096,0,0,23684,23684,3922183696,3922184029,3922183704,3922184037,0,0,0,0,0,0,0,0,4096,256,131072,4,15|4,0,67108864,262144,256,0,0,0,0,360,0,356,0,90,89,0,1,360,0|542,3992540912,16,23386144,0,0,0,0,0,24809188,0,89,0,1281492326,0,1281492326,0,2080,1272861785,0,14976155,0,0,0,0,0
1786004850893|1020|stream64_r2f_10|fixed|466,1378943233,16781056,31317693,30883708,355644,0,355644,0,7548,0,3774,0,0,0,29530,29530,24111864,24111864,4096,4096,0,0,3774,3774,4266867714,4266867714,4266867722,4266867722,0,0,0,0,0,0,0,0,4096,256,131072,4,15|4,0,67108864,262144,256,0,0,0,0,448,0,444,0,112,111,0,1,448,0|544,804570643,17,0,0,29097984,0,29097984,0,89052,0,0,111,0,0,0,0,0,0,0,3644813,0,0,0,0,0
1786004850893|1020|stream64_r2f_10|rotating|466,1378943233,33554687,31383265,30948597,31026866,30948597,31026866,30948597,29706,29594,29591,29591,0,0,3782,0,913442239,911627218,4096,4096,0,0,29592,29592,4242304374,4242304411,4242304390,4242304419,0,0,0,0,0,0,0,0,4096,256,131072,4,15|4,0,67108864,262144,256,0,0,0,0,448,0,444,0,112,111,0,1,448,0|544,18716137,17,29224448,0,0,0,0,0,31009023,0,111,0,1601175271,0,1601175271,0,2080,1590851338,0,17822308,0,0,0,0,0
1786004855903|1020|stream64_r2f_10|fixed|468,1378943233,16781056,37589556,37069126,426887,0,426887,0,9060,0,4530,0,0,0,35443,35443,28941920,28941920,4096,4096,0,0,4530,4530,292580179,292580179,292580187,292580187,0,0,0,0,0,0,0,0,4096,256,131072,4,15|4,0,67108864,262144,256,0,0,0,0,536,0,532,0,134,133,0,1,536,0|546,1126695209,17,0,0,34865152,0,34865152,0,106934,0,0,133,0,0,0,0,0,0,0,3680795,0,0,0,0,0
1786004855903|1020|stream64_r2f_10|rotating|468,1378943233,33554687,37694266,37172794,37266246,37172794,37266246,37172794,35679,35545,35542,35542,0,0,4542,0,1097129430,1094955032,4096,4096,0,0,35543,35543,269760540,269760585,269760548,269760569,0,0,0,0,0,0,0,0,4096,256,131072,4,15|4,0,67108864,262144,256,0,0,0,0,536,0,532,0,134,133,0,1,536,0|546,340392990,17,35078560,0,0,0,0,0,37218027,0,133,0,1921388596,0,1921388596,0,2080,1909374483,0,20668643,0,0,0,0,0
1786004860910|1020|stream64_r2f_10|fixed|470,1378943233,16781056,43862323,43254493,498036,0,498036,0,10570,0,5285,0,0,0,41358,41358,33765552,33765552,4096,4096,0,0,5285,5285,612705178,612705178,612705186,612705186,0,0,0,0,0,0,0,0,4096,256,131072,4,15|4,0,67108864,262144,256,0,0,0,0,624,0,620,0,156,155,0,1,624,0|548,1447652748,17,0,0,40632320,0,40632320,0,124768,0,0,155,0,0,0,0,0,0,0,3716192,0,0,0,0,0
1786004860910|1020|stream64_r2f_10|rotating|470,1378943233,33554687,43997545,43388211,43498004,43388211,43498004,43388211,41644,41488,41485,41485,0,0,5301,0,1280577213,1278041656,4096,4096,0,0,41486,41486,591763745,591763750,591763753,591763742,0,0,0,0,0,0,0,0,4096,256,131072,4,15|4,0,67108864,262144,256,0,0,0,0,628,0,624,0,157,156,0,1,628,0|548,663097070,17,40941888,0,0,0,0,0,43444681,0,156,0,2242626844,0,2242626844,0,2080,2228789882,0,23645047,0,0,0,0,0
1786004865937|1020|stream64_r2f_10|fixed|472,1378943233,16781056,50164458,49467781,569654,0,569654,0,12090,0,6045,0,0,0,47299,47299,38621104,38621104,4096,4096,0,0,6045,6045,934978253,934978253,934978261,934978261,0,0,0,0,0,0,0,0,4096,256,131072,4,15|4,0,67108864,262144,256,0,0,0,0,712,0,712,0,179,178,0,1,716,0|550,1768953582,17,0,0,46661632,0,46661632,0,142648,0,0,178,0,0,0,0,0,0,0,3775025,0,0,0,0,0
1786004865937|1020|stream64_r2f_10|rotating|472,1378943233,33554926,50276889,49578269,49705917,49578269,49705917,49578269,47586,47407,47405,47405,0,0,6059,0,1463300936,1460389952,4096,4096,0,0,47405,47405,912619374,912619699,912619382,912619707,0,0,0,0,0,0,0,0,4096,256,131072,4,15|4,0,67108864,262144,256,0,0,0,0,716,0,712,0,179,178,0,1,716,0|550,983931577,17,46780192,0,0,0,0,0,49638600,0,178,0,2562001775,0,2562001775,0,2080,2546470948,0,26491673,0,0,0,0,0
1786004870939|1020|stream64_r2f_10|fixed|474,1378943233,16781056,56427172,55642495,640800,0,640800,0,13600,0,6800,0,0,0,53203,53203,43444800,43444800,4096,4096,0,0,6800,6800,1254778172,1254778172,1254778180,1254778180,0,0,0,0,0,0,0,0,4096,256,131072,4,15|4,0,67108864,262144,256,0,0,0,0,804,0,800,0,201,200,0,1,804,0|552,2088995015,17,0,0,52428800,0,52428800,0,160412,0,0,200,0,0,0,0,0,0,0,3824100,0,0,0,0,0
1786004870939|1020|stream64_r2f_10|rotating|474,1378943233,33554687,56551630,55765653,55909414,55765653,55909414,55765653,53524,53323,53320,53320,0,0,6815,0,1645906919,1642637146,4096,4096,0,0,53321,53321,1233166396,1233166409,1233166404,1233166417,0,0,0,0,0,0,0,0,4096,256,131072,4,15|4,0,67108864,262144,256,0,0,0,0,804,0,800,0,201,200,0,1,804,0|552,1303942183,17,52602688,0,0,0,0,0,55815061,0,200,0,2880556757,0,2880556757,0,2080,2863329085,0,29337885,0,0,0,0,0
1786004876033|1020|stream64_r2f_10|fixed|476,1378943233,16781056,62811488,61937863,713270,0,713270,0,15138,0,7569,0,0,0,59221,59221,48357896,48357896,4096,4096,0,0,7569,7569,1581045329,1581045329,1581045337,1581045337,0,0,0,0,0,0,0,0,4096,256,131072,4,15|4,0,67108864,262144,256,0,0,0,0,900,0,896,0,225,224,0,1,900,0|554,2433176670,17,0,0,58720256,0,58720256,0,179542,0,0,224,0,0,0,0,0,0,0,3865582,0,0,0,0,0
1786004876033|1020|stream64_r2f_10|rotating|476,1378943233,33554687,63283586,62403126,62564946,62403126,62564946,62403126,59894,59669,59666,59666,0,0,7626,0,1841790780,1838129327,4096,4096,0,0,59667,59667,1577063943,1577063924,1577063951,1577063932,0,0,0,0,0,0,0,0,4096,256,131072,4,15|4,0,67108864,262144,256,0,0,0,0,900,0,896,0,225,225,0,1,904,0|554,1656978476,17,59021920,0,0,0,0,0,62627795,0,225,0,3231988242,0,3231988242,0,2080,3212789291,0,32572915,0,0,0,0,0
1786004881034|1020|stream64_r2f_10|fixed|478,1378943233,16781056,69081558,68120196,784416,0,784416,0,16648,0,8324,0,0,0,65131,65131,53181512,53181512,4096,4096,0,0,8324,8324,1901167996,1901167996,1901168004,1901168004,0,0,0,0,0,0,0,0,4096,256,131072,4,15|5,0,67108864,262144,256,0,0,0,0,984,0,980,0,246,245,0,1,984,0|556,2734144584,17,0,0,64225280,0,64225280,0,196268,0,0,245,0,0,0,0,0,0,0,3907631,0,0,0,0,0
1786004881034|1020|stream64_r2f_10|rotating|478,1378943233,33558272,69161065,68198091,68375707,68198091,68375707,68198091,65454,65209,65206,65206,0,0,8334,0,2012782568,2008777488,4096,4096,0,0,65206,65206,1877251540,1877251881,1877251548,1877251889,0,0,0,0,0,0,0,0,4096,256,131072,4,15|4,0,67108864,262144,256,0,0,0,0,984,0,980,0,246,245,0,1,984,0|556,1947956360,17,64312224,0,0,0,0,0,68246051,0,245,0,3521643550,0,3521643550,0,2080,3500902962,0,35158814,0,0,0,0,0
